#NTuple/Z0
#Units are ns, meters, GeV/c, Tesla, and V/m
#IEVT IPNUM IPTYP IPFLG JSRG T X Y Z Px Py Pz Bx By Bz Weight Ex Ey Ez SARC POLx POLy POLz
0 1 2 0 1 1.90079e-07 -0.00641636 -0.0113534 0 0 0 0.204 0 0 0 1.0000 0 0 0 0   0 0 0
1 1 2 0 1 1.90319e-07 0.0172275 0.000665759 0 0.00518714 0.0284185 0.235345 -0.137825 0.156638 -5.09764e-05 1.0000 0 0 0 0   0 0 0
2 1 2 0 1 1.90201e-07 0.00885881 -0.0248212 0 -0.0050811 -0.00476244 0.218952 -0.0709592 0.361068 0.00187391 1.0000 0 0 0 0   0 0 0
3 1 2 0 1 1.903e-07 0.0303263 0.014956 0 -0.0126978 0.00491994 0.216946 -0.243041 0.0422076 -0.00113936 1.0000 0 0 0 0   0 0 0
4 1 2 0 1 1.90225e-07 -0.0161106 0.0174485 0 0.00119667 0.00393712 0.216517 0.129013 0.0223778 -0.0013268 1.0000 0 0 0 0   0 0 0
5 1 2 0 1 1.90228e-07 0.0111609 0.000398809 0 0.00334495 0.0158676 0.218797 -0.0892838 0.158773 -3.05364e-05 1.0000 0 0 0 0   0 0 0
6 1 2 0 1 1.90231e-07 0.00830391 0.00653292 0 -0.00554265 0.00378405 0.210611 -0.0664285 0.109723 -0.00049974 1.0000 0 0 0 0   0 0 0
7 1 2 0 1 1.9023e-07 0.0273015 0.00224188 0 0.00466491 0.00511086 0.215894 -0.218705 0.144007 -0.000171645 1.0000 0 0 0 0   0 0 0
8 1 2 0 1 1.90161e-07 0.0189501 -0.00465269 0 -0.00257542 0.0018567 0.208595 -0.151668 0.199212 0.000356081 1.0000 0 0 0 0   0 0 0
9 1 2 0 1 1.90335e-07 -0.0127236 0.00401213 0 0.0190618 0.0242366 0.232791 0.101784 0.129875 -0.000307109 1.0000 0 0 0 0   0 0 0
10 1 2 0 1 1.90467e-07 -0.0524522 0.0208467 0 0.0102179 -0.0230314 0.230629 0.422344 -0.00569183 -0.00158045 1.0000 0 0 0 0   0 0 0
11 1 2 0 1 1.90601e-07 -0.034944 0.0116232 0 0.00898722 -0.0144559 0.211951 0.280253 0.0688073 -0.000887291 1.0000 0 0 0 0   0 0 0
12 1 2 0 1 1.90464e-07 -0.000305055 -0.0364282 0 0.0184529 -0.0148319 0.207639 0.00244634 0.454707 0.002705 1.0000 0 0 0 0   0 0 0
13 1 2 0 1 1.9069e-07 -0.0460726 -0.00268402 0 0.0328784 -0.0224482 0.219541 0.37012 0.183529 0.000205482 1.0000 0 0 0 0   0 0 0
14 1 2 0 1 1.90504e-07 -0.0115334 -0.0242929 0 0.0160784 -0.0207872 0.205596 0.0923865 0.356833 0.00183505 1.0000 0 0 0 0   0 0 0
15 1 2 0 1 1.90505e-07 -0.0314242 -0.00265634 0 0.0172308 -0.0222269 0.213877 0.251803 0.183252 0.000203364 1.0000 0 0 0 0   0 0 0
16 1 2 0 1 1.90515e-07 -0.0160283 -0.0278189 0 0.0189666 -0.0280861 0.21181 0.128439 0.385244 0.00209245 1.0000 0 0 0 0   0 0 0
17 1 2 0 1 1.90497e-07 -0.0204585 -0.0114604 0 0.0215349 -0.0215238 0.214729 0.163826 0.253797 0.000874944 1.0000 0 0 0 0   0 0 0
18 1 2 0 1 1.90574e-07 -0.0038689 -0.027055 0 0.00898075 -0.0156698 0.215834 0.0309924 0.379032 0.00203706 1.0000 0 0 0 0   0 0 0
19 1 2 0 1 1.90212e-07 0.00135812 -0.0220524 0 0.00298641 0.00331008 0.195744 -0.0108737 0.338751 0.00166979 1.0000 0 0 0 0   0 0 0
20 1 2 0 1 1.90183e-07 0.0191185 -0.0459622 0 0.00123108 -0.00463161 0.201139 -0.153661 0.532343 0.00335003 1.0000 0 0 0 0   0 0 0
21 1 2 0 1 1.90113e-07 0.0117523 -0.0255156 0 -0.00755045 -0.0194593 0.21369 -0.0941498 0.366675 0.0019247 1.0000 0 0 0 0   0 0 0
22 1 2 0 1 1.90175e-07 -0.00116124 -0.02501 0 -0.0116133 0.0063993 0.209156 0.00930039 0.36256 0.00188776 1.0000 0 0 0 0   0 0 0
23 1 2 0 1 1.90112e-07 -0.0560995 -0.0136272 0 0.00620693 0.000561594 0.229073 0.451864 0.271813 0.00103905 1.0000 0 0 0 0   0 0 0
24 1 2 0 1 1.90108e-07 0.00853541 -0.0278606 0 -0.0112794 -0.0168271 0.213651 -0.0683838 0.385537 0.00209547 1.0000 0 0 0 0   0 0 0
25 1 2 0 1 1.90158e-07 0.016791 -0.00876673 0 0.0183338 0.0119 0.198595 -0.134375 0.232158 0.000670093 1.0000 0 0 0 0   0 0 0
26 1 2 0 1 1.90139e-07 0.00338175 -0.0492666 0 0.00501108 0.00320268 0.218301 -0.0271787 0.559024 0.00356375 1.0000 0 0 0 0   0 0 0
27 1 2 0 1 1.90287e-07 0.0124758 -0.0284724 0 -0.0109342 0.00632469 0.18796 -0.0999666 0.390484 0.00213984 1.0000 0 0 0 0   0 0 0
28 1 2 0 1 1.9066e-07 0.00152548 -0.021066 0 -0.000201965 0.00973271 0.224246 -0.0122122 0.330812 0.00159676 1.0000 0 0 0 0   0 0 0
29 1 2 0 1 1.906e-07 0.00847138 -0.0415836 0 0.0054168 0.014498 0.229424 -0.0680151 0.496627 0.00305851 1.0000 0 0 0 0   0 0 0
30 1 2 0 1 1.90451e-07 -0.000730817 -0.00458225 0 -0.015451 4.07149e-05 0.227436 0.00584628 0.19863 0.000350696 1.0000 0 0 0 0   0 0 0
31 1 2 0 1 1.90624e-07 0.021542 -0.0230498 0 0.00586422 0.00609572 0.231587 -0.172617 0.346909 0.00174361 1.0000 0 0 0 0   0 0 0
32 1 2 0 1 1.90629e-07 -0.0110387 -0.0190179 0 0.00694052 0.0046547 0.229766 0.0883794 0.314396 0.00144423 1.0000 0 0 0 0   0 0 0
33 1 2 0 1 1.90482e-07 0.000553548 -0.0160532 0 -0.0103667 0.00697541 0.221215 -0.0044282 0.290504 0.00122196 1.0000 0 0 0 0   0 0 0
34 1 2 0 1 1.90747e-07 0.0401382 -0.010014 0 -0.00845817 0.00992085 0.228785 -0.322203 0.242396 0.000765032 1.0000 0 0 0 0   0 0 0
35 1 2 0 1 1.90799e-07 0.0278896 -0.00720433 0 0.000961676 -0.00178807 0.230435 -0.22344 0.219706 0.000550993 1.0000 0 0 0 0   0 0 0
36 1 2 0 1 1.90417e-07 -0.00840759 -0.0187258 0 -0.0162319 0.00758839 0.225709 0.0673009 0.312023 0.00142237 1.0000 0 0 0 0   0 0 0
37 1 2 0 1 1.90742e-07 0.0255264 -0.0108383 0 0.00454023 0.019035 0.227001 -0.20449 0.248844 0.00082767 1.0000 0 0 0 0   0 0 0
38 1 2 0 1 1.9007e-07 -0.00953626 -0.0436032 0 -0.00965213 -0.0222227 0.205598 0.0765916 0.513042 0.003194 1.0000 0 0 0 0   0 0 0
39 1 2 0 1 1.91376e-07 -0.0275908 -0.0598845 0 -0.00060032 -0.000299505 0.210527 0.222642 0.646822 0.00421147 1.0000 0 0 0 0   0 0 0
40 1 2 0 1 1.89919e-07 0.0117104 -0.0139904 0 -0.00166248 -0.0104349 0.202132 -0.0937049 0.274003 0.00106646 1.0000 0 0 0 0   0 0 0
41 1 2 0 1 1.90305e-07 -0.00332296 -0.00173441 0 0.0205449 -0.00430152 0.186466 0.0265825 0.17584 0.000132801 1.0000 0 0 0 0   0 0 0
42 1 2 0 1 1.90112e-07 -0.0179768 -0.0305314 0 0.0147353 -0.00728125 0.197264 0.144128 0.40718 0.00228814 1.0000 0 0 0 0   0 0 0
43 1 2 0 1 1.9082e-07 -0.0284106 -0.00673044 0 -0.0126314 0.0209725 0.213616 0.22762 0.215908 0.000514818 1.0000 0 0 0 0   0 0 0
44 1 2 0 1 1.90195e-07 0.0229581 -0.0189549 0 0.000832981 -0.00833353 0.180711 -0.183943 0.314 0.00143952 1.0000 0 0 0 0   0 0 0
45 1 2 0 1 1.90538e-07 0.0263562 -0.0350561 0 0.020826 -0.0108091 0.205804 -0.211658 0.444056 0.002609 1.0000 0 0 0 0   0 0 0
46 1 2 0 1 1.90603e-07 0.0327125 -0.0387316 0 -0.0174131 0.0069049 0.200019 -0.262952 0.473991 0.00286425 1.0000 0 0 0 0   0 0 0
47 1 2 0 1 1.90663e-07 0.0523511 -0.0338172 0 -0.0220005 0.000558381 0.204755 -0.422129 0.435175 0.0025218 1.0000 0 0 0 0   0 0 0
48 1 2 0 1 1.90598e-07 0.0409573 -0.0374498 0 -0.00145706 -0.00182121 0.203297 -0.329704 0.46408 0.00277577 1.0000 0 0 0 0   0 0 0
49 1 2 0 1 1.90312e-07 -0.00518285 -0.0773098 0 0.00458648 0.0109517 0.195523 0.0419806 0.790815 0.00511849 1.0000 0 0 0 0   0 0 0
50 1 2 0 1 1.90577e-07 0.00627587 -0.012737 0 0.0260147 0.0305086 0.178966 -0.0502049 0.263931 0.000971661 1.0000 0 0 0 0   0 0 0
51 1 2 0 1 1.90362e-07 -0.00366883 -0.030646 0 -0.0215098 -0.00318494 0.253389 0.0293972 0.407956 0.00229638 1.0000 0 0 0 0   0 0 0
52 1 2 0 1 1.9043e-07 -0.0626665 -0.0316586 0 0.0156784 0.0052362 0.254754 0.50636 0.418237 0.00236863 1.0000 0 0 0 0   0 0 0
53 1 2 0 1 1.89988e-07 -0.0419118 -0.014858 0 -0.0273273 -0.0056111 0.20896 0.336611 0.281397 0.00113196 1.0000 0 0 0 0   0 0 0
54 1 2 0 1 1.90114e-07 -0.0374905 -0.0016497 0 -0.00558002 0.0128788 0.19691 0.300722 0.175198 0.000126315 1.0000 0 0 0 0   0 0 0
55 1 2 0 1 1.90342e-07 -0.023877 -0.000128451 0 -0.000949736 0.00195463 0.194237 0.191209 0.162992 9.83518e-06 1.0000 0 0 0 0   0 0 0
56 1 2 0 1 1.90261e-07 -0.0157233 -0.00763888 0 -0.0142182 0.0103935 0.200772 0.125796 0.223107 0.000584165 1.0000 0 0 0 0   0 0 0
57 1 2 0 1 1.90314e-07 0.00247199 -0.0117172 0 -0.0136498 0.00767863 0.186168 -0.0197751 0.255761 0.000894405 1.0000 0 0 0 0   0 0 0
58 1 2 0 1 1.90264e-07 -0.0304858 -0.0220558 0 -0.00485005 -0.00125457 0.189588 0.244541 0.33911 0.00167005 1.0000 0 0 0 0   0 0 0
59 1 2 0 1 1.90129e-07 0.0113153 -0.0223885 0 -0.00733573 0.00935276 0.210853 -0.0906255 0.341508 0.00169467 1.0000 0 0 0 0   0 0 0
60 1 2 0 1 1.90126e-07 -0.0168477 -0.0126885 0 -0.0141879 0.00275809 0.196347 0.134872 0.263615 0.000967987 1.0000 0 0 0 0   0 0 0
61 1 2 0 1 1.90188e-07 -0.0136541 -0.0297442 0 -0.0115867 0.0131856 0.197048 0.109418 0.400732 0.00223151 1.0000 0 0 0 0   0 0 0
62 1 2 0 1 1.9044e-07 -0.0198628 -0.00970592 0 0.00875306 -0.00161192 0.197959 0.159031 0.239718 0.000741621 1.0000 0 0 0 0   0 0 0
63 1 2 0 1 1.9027e-07 -0.0197972 -0.0141955 0 -0.00396384 0.00495914 0.18987 0.158546 0.275742 0.00108195 1.0000 0 0 0 0   0 0 0
64 1 2 0 1 1.90663e-07 -0.0184478 -0.0381875 0 -0.00284486 -0.0102169 0.20028 0.148113 0.469235 0.00282685 1.0000 0 0 0 0   0 0 0
65 1 2 0 1 1.90676e-07 0.0326073 -0.0424766 0 -0.000173633 -0.0538468 0.238964 -0.262341 0.504537 0.00311872 1.0000 0 0 0 0   0 0 0
66 1 2 0 1 1.90546e-07 0.0201847 -0.017128 0 0.00544574 -0.015907 0.183184 -0.161682 0.299297 0.00130276 1.0000 0 0 0 0   0 0 0
67 1 2 0 1 1.90609e-07 0.0218524 -0.0321247 0 -0.0128723 -0.00507546 0.195477 -0.175333 0.420195 0.00240188 1.0000 0 0 0 0   0 0 0
68 1 2 0 1 1.90353e-07 0.000839517 0.0526458 0 0.0121177 -0.0289253 0.215899 -0.00675247 -0.260216 -0.00377667 1.0000 0 0 0 0   0 0 0
69 1 2 0 1 1.9042e-07 -0.0398872 0.060156 0 -0.00294908 0.00142317 0.197251 0.322526 -0.322816 -0.0042271 1.0000 0 0 0 0   0 0 0
70 1 2 0 1 1.90681e-07 0.0114519 -0.0434411 0 0.00422148 -0.0134373 0.193028 -0.0919818 0.511749 0.00318317 1.0000 0 0 0 0   0 0 0
71 1 2 0 1 1.90655e-07 0.0105662 -0.0394987 0 -0.0210406 -0.0143334 0.188084 -0.0848113 0.479725 0.00291678 1.0000 0 0 0 0   0 0 0
72 1 2 0 1 1.90133e-07 -0.00433415 0.0320473 0 0.0161739 0.00211392 0.191257 0.0347313 -0.0943691 -0.00239636 1.0000 0 0 0 0   0 0 0
73 1 2 0 1 1.9054e-07 0.0137603 0.00175914 0 0.0106942 -0.0351364 0.188467 -0.110078 0.147892 -0.000134695 1.0000 0 0 0 0   0 0 0
74 1 2 0 1 1.90249e-07 -0.0117178 -0.00227675 0 0.00111622 0.00886094 0.212899 0.0937381 0.180179 0.000174314 1.0000 0 0 0 0   0 0 0
75 1 2 0 1 1.90339e-07 -0.00312904 -0.0306811 0 -0.00970737 -0.00490731 0.197735 0.025072 0.408238 0.0022989 1.0000 0 0 0 0   0 0 0
76 1 2 0 1 1.90372e-07 0.0175873 -0.0199955 0 -0.0151904 0.00247492 0.197387 -0.140878 0.322318 0.00151707 1.0000 0 0 0 0   0 0 0
77 1 2 0 1 1.90266e-07 0.00494902 -0.0142467 0 -0.00248934 -0.00440718 0.205547 -0.0395905 0.276027 0.00108581 1.0000 0 0 0 0   0 0 0
78 1 2 0 1 1.90284e-07 0.00848091 0.00396243 0 0.00265122 0.0126135 0.214051 -0.0678444 0.130273 -0.000303309 1.0000 0 0 0 0   0 0 0
79 1 2 0 1 1.90287e-07 -0.004339 0.00365776 0 -0.0113852 -0.00725113 0.199469 0.0347105 0.132709 -0.000280003 1.0000 0 0 0 0   0 0 0
80 1 2 0 1 1.90391e-07 -0.015194 0.00143854 0 0.00393997 -0.00685584 0.204972 0.121546 0.150457 -0.000110147 1.0000 0 0 0 0   0 0 0
81 1 2 0 1 1.90251e-07 0.022475 -0.0123083 0 -0.00191426 0.0169885 0.213429 -0.180013 0.260617 0.000939184 1.0000 0 0 0 0   0 0 0
82 1 2 0 1 1.90188e-07 -0.0189988 -0.0155336 0 0.000634162 -0.00573024 0.203781 0.152154 0.286479 0.0011829 1.0000 0 0 0 0   0 0 0
83 1 2 0 1 1.90272e-07 0.00562018 -0.00174979 0 -0.000497675 0.00480458 0.201374 -0.0449596 0.175963 0.000133979 1.0000 0 0 0 0   0 0 0
84 1 2 0 1 1.90396e-07 0.0300158 -0.0149255 0 0.002381 0.0114007 0.189446 -0.240545 0.281679 0.00113705 1.0000 0 0 0 0   0 0 0
85 1 2 0 1 1.902e-07 -0.0172375 -0.0195218 0 0.0193125 0.00906623 0.195262 0.138068 0.318506 0.00148181 1.0000 0 0 0 0   0 0 0
86 1 2 0 1 1.90179e-07 0.00284171 -0.0280765 0 0.000197409 0.00215933 0.188735 -0.0227656 0.387257 0.00211113 1.0000 0 0 0 0   0 0 0
87 1 2 0 1 1.90109e-07 -0.0186216 -0.0302259 0 -0.00553558 0.00188164 0.197805 0.1493 0.404726 0.00226616 1.0000 0 0 0 0   0 0 0
88 1 2 0 1 1.90131e-07 -0.0267153 -0.0409627 0 0.000876174 -0.0102051 0.203481 0.214694 0.491929 0.00301649 1.0000 0 0 0 0   0 0 0
89 1 2 0 1 1.90148e-07 -0.00607763 0.00552137 0 0.00294039 0.0207797 0.206914 0.0486189 0.117809 -0.000422495 1.0000 0 0 0 0   0 0 0
90 1 2 0 1 1.904e-07 0.0104772 -0.0218991 0 0.00117876 -0.0164186 0.185584 -0.0839063 0.337564 0.00165845 1.0000 0 0 0 0   0 0 0
91 1 2 0 1 1.90238e-07 0.00154096 -0.0128506 0 0.0115888 -0.00408466 0.196718 -0.0123272 0.264841 0.000980267 1.0000 0 0 0 0   0 0 0
92 1 2 0 1 1.90363e-07 0.00281328 -0.01548 0 -0.000335634 -0.00480345 0.191185 -0.0225053 0.28591 0.00117887 1.0000 0 0 0 0   0 0 0
93 1 2 0 1 1.9021e-07 -0.00442906 0.0130017 0 0.0118915 -0.0119634 0.214864 0.0354309 0.058033 -0.000991722 1.0000 0 0 0 0   0 0 0
94 1 2 0 1 1.902e-07 0.0164587 -0.0196571 0 -0.0129277 0.00368702 0.208199 -0.131826 0.319587 0.00149188 1.0000 0 0 0 0   0 0 0
95 1 2 0 1 1.90255e-07 0.027535 -0.0331039 0 -0.00784957 -0.0198032 0.228019 -0.221096 0.428283 0.0024714 1.0000 0 0 0 0   0 0 0
96 1 2 0 1 1.90309e-07 0.0192643 0.00108543 0 -0.00873115 -0.0241765 0.232085 -0.154178 0.153277 -8.311e-05 1.0000 0 0 0 0   0 0 0
97 1 2 0 1 1.90276e-07 0.00975677 -0.0193006 0 -0.00515523 -0.00565292 0.208523 -0.0781125 0.316657 0.00146534 1.0000 0 0 0 0   0 0 0
98 1 2 0 1 1.90256e-07 0.0184515 -0.0069254 0 -0.0102369 -0.0117836 0.21165 -0.147682 0.217416 0.000529701 1.0000 0 0 0 0   0 0 0
99 1 2 0 1 1.90389e-07 -0.00165081 -0.0238693 0 -0.0140948 -0.0092652 0.199548 0.0132199 0.353377 0.00180389 1.0000 0 0 0 0   0 0 0
100 1 2 0 1 1.90198e-07 0.0475201 -0.0163184 0 -0.00583875 -0.00633882 0.220766 -0.381953 0.29325 0.0012419 1.0000 0 0 0 0   0 0 0
101 1 2 0 1 1.90258e-07 0.00440102 -0.00813818 0 -0.0168931 -0.00364767 0.205887 -0.0352067 0.227097 0.000622209 1.0000 0 0 0 0   0 0 0
102 1 2 0 1 1.90187e-07 0.0357004 0.0100111 0 -0.010764 -0.00316783 0.225749 -0.286336 0.0817159 -0.000764815 1.0000 0 0 0 0   0 0 0
103 1 2 0 1 1.90971e-07 -0.0174782 0.0224151 0 0.000914719 -0.0025422 0.208461 0.140024 -0.0173779 -0.00169665 1.0000 0 0 0 0   0 0 0
104 1 2 0 1 1.90721e-07 -0.0258028 0.000895989 0 -0.0141591 -0.00420753 0.215354 0.20667 0.154788 -6.86048e-05 1.0000 0 0 0 0   0 0 0
105 1 2 0 1 1.90792e-07 -0.0240067 0.0178013 0 -0.0161459 -0.0117495 0.214148 0.192346 0.0194838 -0.0013532 1.0000 0 0 0 0   0 0 0
106 1 2 0 1 1.90857e-07 -0.00843673 0.00474992 0 -0.0141858 -0.0120612 0.203044 0.0674909 0.123977 -0.000363515 1.0000 0 0 0 0   0 0 0
107 1 2 0 1 1.90995e-07 -0.0227507 0.00676418 0 -0.011841 -0.0167491 0.193925 0.182187 0.107818 -0.000517394 1.0000 0 0 0 0   0 0 0
108 1 2 0 1 1.90888e-07 -0.0335977 -0.0115524 0 -0.00122716 -0.00835804 0.204908 0.269374 0.254648 0.00088192 1.0000 0 0 0 0   0 0 0
109 1 2 0 1 1.90695e-07 0.0266585 0.0123531 0 -0.0177856 0.00364759 0.21443 -0.213586 0.0630628 -0.000942586 1.0000 0 0 0 0   0 0 0
110 1 2 0 1 1.9083e-07 -0.00723077 0.00433987 0 -0.0297704 0.00774762 0.205365 0.0578437 0.127255 -0.000332166 1.0000 0 0 0 0   0 0 0
111 1 2 0 1 1.90811e-07 -0.0101907 0.00912075 0 -0.0161326 0.00651853 0.19798 0.0815218 0.0890397 -0.000697063 1.0000 0 0 0 0   0 0 0
112 1 2 0 1 1.90775e-07 0.00797751 0.00444506 0 -0.0213827 -0.00417478 0.214253 -0.0638174 0.126414 -0.000340208 1.0000 0 0 0 0   0 0 0
113 1 2 0 1 1.9073e-07 0.0184343 -0.0146186 0 -0.0130109 -8.49227e-05 0.18585 -0.147618 0.279126 0.00111388 1.0000 0 0 0 0   0 0 0
114 1 2 0 1 1.9075e-07 0.0254907 -0.035959 0 0.00804666 0.00159163 0.187026 -0.204715 0.451346 0.00267217 1.0000 0 0 0 0   0 0 0
115 1 2 0 1 1.90562e-07 0.00324192 -0.0260999 0 0.00792493 -0.00441812 0.191389 -0.0259677 0.37134 0.00196738 1.0000 0 0 0 0   0 0 0
116 1 2 0 1 1.9039e-07 0.00107211 0.0128205 0 0.0259136 -0.0112724 0.180608 -0.00857654 0.0594805 -0.000977994 1.0000 0 0 0 0   0 0 0
117 1 2 0 1 1.90037e-07 -0.0318615 0.0219131 0 -0.0272062 0.0120807 0.211841 0.255631 -0.0136266 -0.00165949 1.0000 0 0 0 0   0 0 0
118 1 2 0 1 1.90699e-07 0.00909483 -0.0477679 0 -0.0113864 -0.00254106 0.185622 -0.073087 0.546877 0.00346753 1.0000 0 0 0 0   0 0 0
119 1 2 0 1 1.90522e-07 0.0179179 -0.0127637 0 0.0158846 -0.0104891 0.184083 -0.143458 0.26423 0.000973684 1.0000 0 0 0 0   0 0 0
120 1 2 0 1 1.90798e-07 0.0290198 -0.0264791 0 0.019972 0.00478204 0.19217 -0.232861 0.374763 0.00199509 1.0000 0 0 0 0   0 0 0
121 1 2 0 1 1.90616e-07 0.0316431 -0.0512995 0 0.00385305 -0.00524764 0.192977 -0.255034 0.576624 0.0036926 1.0000 0 0 0 0   0 0 0
122 1 2 0 1 1.90553e-07 0.0320087 -0.0261651 0 0.00827033 0.00675045 0.187552 -0.256943 0.372316 0.00197215 1.0000 0 0 0 0   0 0 0
123 1 2 0 1 1.9067e-07 -0.0107609 -0.0349123 0 -0.00618283 -0.00162652 0.195976 0.0862971 0.442508 0.00259893 1.0000 0 0 0 0   0 0 0
124 1 2 0 1 1.90717e-07 -0.0242456 -0.0114503 0 -0.00859909 -0.00285835 0.197622 0.194215 0.253745 0.000874172 1.0000 0 0 0 0   0 0 0
125 1 2 0 1 1.9084e-07 -0.00642883 -0.0141629 0 0.0123713 -0.00904633 0.192119 0.0514284 0.275355 0.00107949 1.0000 0 0 0 0   0 0 0
126 1 2 0 1 1.90333e-07 0.0377655 -0.0264751 0 -0.0185442 0.00624416 0.178128 -0.303385 0.374974 0.00199479 1.0000 0 0 0 0   0 0 0
127 1 2 0 1 1.90378e-07 1.43135e-05 -0.004028 0 -0.0080189 -0.00975039 0.171239 -0.000114503 0.194194 0.000308322 1.0000 0 0 0 0   0 0 0
128 1 2 0 1 1.90672e-07 -0.0265904 -0.0169856 0 -0.00383641 -0.00639623 0.182313 0.21307 0.298204 0.00129206 1.0000 0 0 0 0   0 0 0
129 1 2 0 1 1.90764e-07 -0.0298311 -0.0420889 0 -0.00078281 -0.00622582 0.198397 0.239859 0.501199 0.0030927 1.0000 0 0 0 0   0 0 0
130 1 2 0 1 1.90581e-07 -0.00908204 -0.0270055 0 -0.00959889 -0.00286961 0.176745 0.0727597 0.378654 0.00203347 1.0000 0 0 0 0   0 0 0
131 1 2 0 1 1.90744e-07 -0.00252266 -0.0247724 0 -0.018937 -0.00137076 0.196864 0.0202038 0.360649 0.00187032 1.0000 0 0 0 0   0 0 0
132 1 2 0 1 1.90662e-07 -0.00645508 -0.00497924 0 -0.0185457 -0.00770912 0.182717 0.0516384 0.201808 0.000381047 1.0000 0 0 0 0   0 0 0
133 1 2 0 1 1.90413e-07 0.0245461 -0.029699 0 0.00266623 0.0128468 0.220589 -0.196933 0.400647 0.00222826 1.0000 0 0 0 0   0 0 0
134 1 2 0 1 1.90535e-07 0.037144 -0.00292068 0 -0.00952082 0.0137405 0.214883 -0.297926 0.185394 0.000223594 1.0000 0 0 0 0   0 0 0
135 1 2 0 1 1.90432e-07 0.00735156 -0.0130163 0 0.00368905 0.00781823 0.21951 -0.05881 0.266168 0.00099282 1.0000 0 0 0 0   0 0 0
136 1 2 0 1 1.9055e-07 0.00666803 -0.0377358 0 0.00983418 0.0188392 0.217759 -0.0534953 0.465362 0.00279557 1.0000 0 0 0 0   0 0 0
137 1 2 0 1 1.90479e-07 0.0205268 -0.0102836 0 -0.0168862 0.00456115 0.205158 -0.164364 0.244357 0.00078552 1.0000 0 0 0 0   0 0 0
138 1 2 0 1 1.90599e-07 0.0322013 0.00673838 0 0.00338074 0.00454819 0.222995 -0.258051 0.107986 -0.000515424 1.0000 0 0 0 0   0 0 0
139 1 2 0 1 1.90517e-07 0.0245854 0.00610333 0 -0.00883291 0.0104624 0.214175 -0.196911 0.113098 -0.000466947 1.0000 0 0 0 0   0 0 0
140 1 2 0 1 1.90441e-07 -0.00629241 -0.00394589 0 0.00148805 0.021535 0.217479 0.0503371 0.193537 0.000302045 1.0000 0 0 0 0   0 0 0
141 1 2 0 1 1.90521e-07 0.00148967 -0.0180028 0 0.00307039 0.0112269 0.201877 -0.0119197 0.306165 0.00136827 1.0000 0 0 0 0   0 0 0
142 1 2 0 1 1.90603e-07 0.0380621 -0.0378606 0 0.0019573 0.0152935 0.216105 -0.306239 0.467243 0.00280421 1.0000 0 0 0 0   0 0 0
143 1 2 0 1 1.9035e-07 -0.0145572 -0.00575346 0 -0.0184242 -0.0121746 0.204821 0.116452 0.208005 0.000440238 1.0000 0 0 0 0   0 0 0
144 1 2 0 1 1.90207e-07 -0.0134946 -0.00776102 0 -0.012252 0.00485777 0.212681 0.107952 0.224077 0.000593476 1.0000 0 0 0 0   0 0 0
145 1 2 0 1 1.90236e-07 0.0129206 -0.0277182 0 -0.00672182 -0.00736499 0.206702 -0.103527 0.384414 0.00208515 1.0000 0 0 0 0   0 0 0
146 1 2 0 1 1.90276e-07 -0.0136419 0.0143366 0 -0.00776257 4.29914e-06 0.220842 0.109188 0.0473107 -0.00109261 1.0000 0 0 0 0   0 0 0
147 1 2 0 1 1.90178e-07 0.0121408 -0.0183108 0 -0.0143006 -0.00924355 0.218836 -0.0972036 0.308722 0.00139132 1.0000 0 0 0 0   0 0 0
148 1 2 0 1 1.90209e-07 -0.0265813 0.000808589 0 -0.00646314 -0.00574685 0.217802 0.212921 0.155487 -6.19127e-05 1.0000 0 0 0 0   0 0 0
149 1 2 0 1 1.90311e-07 -0.0187814 0.0108566 0 -0.0140618 -0.00418176 0.219178 0.150364 0.0750999 -0.000829063 1.0000 0 0 0 0   0 0 0
150 1 2 0 1 1.90231e-07 0.000801571 -0.0254208 0 -0.00382364 -0.00281427 0.209028 -0.00642006 0.365868 0.00191777 1.0000 0 0 0 0   0 0 0
151 1 2 0 1 1.90197e-07 -0.0218745 -0.0114863 0 -0.0150703 0.000714294 0.212255 0.175188 0.254017 0.000876913 1.0000 0 0 0 0   0 0 0
152 1 2 0 1 1.90244e-07 0.0080346 -0.0258978 0 -0.0107038 0.00149864 0.212262 -0.0643614 0.36973 0.00195262 1.0000 0 0 0 0   0 0 0
153 1 2 0 1 1.90667e-07 -0.00615818 -0.0397237 0 -0.00308001 -0.000854773 0.194204 0.0494231 0.481498 0.00293219 1.0000 0 0 0 0   0 0 0
154 1 2 0 1 1.90617e-07 0.0248718 -0.0321857 0 -0.020602 0.00535013 0.184927 -0.199629 0.420776 0.00240623 1.0000 0 0 0 0   0 0 0
155 1 2 0 1 1.90683e-07 0.0331467 -0.019094 0 -0.00738692 -0.0112992 0.192831 -0.265921 0.315315 0.00144992 1.0000 0 0 0 0   0 0 0
156 1 2 0 1 1.90641e-07 0.00266682 -0.029094 0 0.00326855 0.00764098 0.195182 -0.0213661 0.395452 0.00218474 1.0000 0 0 0 0   0 0 0
157 1 2 0 1 1.9073e-07 0.00870514 -0.00619011 0 0.0136875 -0.00191497 0.189966 -0.0696382 0.2115 0.000473571 1.0000 0 0 0 0   0 0 0
158 1 2 0 1 1.90661e-07 -0.00759882 -0.0341554 0 0.0115624 -0.000446457 0.190726 0.0609167 0.436314 0.0025457 1.0000 0 0 0 0   0 0 0
159 1 2 0 1 1.90698e-07 0.00812462 -0.0357135 0 0.00798497 -0.0121265 0.195052 -0.0651571 0.448965 0.002655 1.0000 0 0 0 0   0 0 0
160 1 2 0 1 1.90511e-07 0.00165052 -0.0225081 0 0.00397338 -0.0271955 0.178541 -0.0132156 0.34242 0.00170352 1.0000 0 0 0 0   0 0 0
161 1 2 0 1 1.90546e-07 0.00544875 -0.0344591 0 -0.00198333 -0.0163718 0.185397 -0.0436794 0.43875 0.00256716 1.0000 0 0 0 0   0 0 0
162 1 2 0 1 1.90201e-07 -0.0172114 -0.0101903 0 0.00149931 -0.014699 0.179186 0.137762 0.243577 0.00077843 1.0000 0 0 0 0   0 0 0
163 1 2 0 1 1.90442e-07 0.0166175 -0.016512 0 0.00931756 0.000276161 0.221703 -0.133068 0.294314 0.00125645 1.0000 0 0 0 0   0 0 0
164 1 2 0 1 1.90457e-07 -0.0109558 -0.0269576 0 0.0116519 -0.011011 0.223635 0.0877747 0.378278 0.00202999 1.0000 0 0 0 0   0 0 0
165 1 2 0 1 1.90736e-07 0.0255504 -0.0141778 0 -0.00196234 0.00695997 0.223725 -0.204705 0.275647 0.00108061 1.0000 0 0 0 0   0 0 0
166 1 2 0 1 1.90458e-07 0.010371 -0.0273235 0 0.00316542 -0.00880341 0.225386 -0.0830907 0.381221 0.00205653 1.0000 0 0 0 0   0 0 0
167 1 2 0 1 1.90535e-07 -0.0304397 -0.0502588 0 0.00889209 0.00322793 0.228088 0.245245 0.568042 0.00362696 1.0000 0 0 0 0   0 0 0
168 1 2 0 1 1.90364e-07 -0.00807104 -0.00975839 0 -0.000371295 0.00221287 0.215665 0.0645655 0.240072 0.000745608 1.0000 0 0 0 0   0 0 0
169 1 2 0 1 1.90451e-07 -0.00310156 -0.0304296 0 0.00385151 -0.00874074 0.218367 0.0248514 0.406212 0.00228081 1.0000 0 0 0 0   0 0 0
170 1 2 0 1 1.90529e-07 -0.00219089 -0.0328038 0 0.0158161 -0.00476454 0.227031 0.017557 0.42534 0.00245019 1.0000 0 0 0 0   0 0 0
171 1 2 0 1 1.9044e-07 -0.0272196 -0.00364342 0 0.0140913 -0.0134565 0.218488 0.218049 0.191156 0.000278905 1.0000 0 0 0 0   0 0 0
172 1 2 0 1 1.90509e-07 -0.0239253 -0.037375 0 0.0108034 -0.00622277 0.224181 0.192151 0.462779 0.00277059 1.0000 0 0 0 0   0 0 0
173 1 2 0 1 1.90745e-07 0.0413381 -0.0182201 0 0.00339872 0.00952053 0.185785 -0.332039 0.308467 0.00138453 1.0000 0 0 0 0   0 0 0
174 1 2 0 1 1.90775e-07 0.0220079 -0.00356174 0 -0.020288 0.0152044 0.206569 -0.17621 0.190487 0.000272654 1.0000 0 0 0 0   0 0 0
175 1 2 0 1 1.90736e-07 0.064441 -0.0547475 0 -0.00797075 0.0264901 0.203583 -0.523011 0.607666 0.00390598 1.0000 0 0 0 0   0 0 0
176 1 2 0 1 1.90791e-07 0.0127326 0.0119037 0 -0.0215832 0.00795319 0.194761 -0.101868 0.066793 -0.000908541 1.0000 0 0 0 0   0 0 0
177 1 2 0 1 1.90788e-07 0.00900743 0.0219179 0 -0.00525848 0.0155959 0.201153 -0.072131 -0.0133302 -0.00165985 1.0000 0 0 0 0   0 0 0
178 1 2 0 1 1.90767e-07 0.0492682 -0.040604 0 -0.00584508 0.0225847 0.212965 -0.397399 0.490236 0.00299222 1.0000 0 0 0 0   0 0 0
179 1 2 0 1 1.90728e-07 0.00946913 -0.00408261 0 -0.00309404 0.00876926 0.193879 -0.0757498 0.194631 0.000312497 1.0000 0 0 0 0   0 0 0
180 1 2 0 1 1.90743e-07 0.0470255 -0.028272 0 0.00431982 0.0133029 0.20024 -0.378486 0.389882 0.00212531 1.0000 0 0 0 0   0 0 0
181 1 2 0 1 1.90541e-07 -0.00578249 -0.019305 0 0.00272293 -0.00898763 0.221854 0.046285 0.316661 0.00146567 1.0000 0 0 0 0   0 0 0
182 1 2 0 1 1.90592e-07 -0.0171753 0.0189984 0 0.0091558 3.01831e-05 0.229531 0.137565 0.00996419 -0.00144278 1.0000 0 0 0 0   0 0 0
183 1 2 0 1 1.90399e-07 -0.0233783 0.00908085 0 -0.00703181 0.00755849 0.217884 0.187238 0.0892731 -0.000694023 1.0000 0 0 0 0   0 0 0
184 1 2 0 1 1.90596e-07 0.00797286 0.0119078 0 9.8654e-05 0.00236024 0.224499 -0.0637802 0.0667712 -0.000908852 1.0000 0 0 0 0   0 0 0
185 1 2 0 1 1.90482e-07 0.00777268 0.000927619 0 -0.00468757 0.00924594 0.222022 -0.0621788 0.154544 -7.10267e-05 1.0000 0 0 0 0   0 0 0
186 1 2 0 1 1.90538e-07 -0.00472053 -0.0220365 0 -0.00783659 -0.00757645 0.231462 0.0377967 0.338633 0.00166862 1.0000 0 0 0 0   0 0 0
187 1 2 0 1 1.90484e-07 -0.0113087 0.00126515 0 0.00709077 -0.0187153 0.221003 0.0904654 0.151844 -9.68709e-05 1.0000 0 0 0 0   0 0 0
188 1 2 0 1 1.90552e-07 0.0173557 0.0116291 0 0.0097932 -0.00493565 0.221689 -0.138936 0.0689331 -0.000887738 1.0000 0 0 0 0   0 0 0
189 1 2 0 1 1.90524e-07 -0.00885523 -0.00687584 0 0.00129117 -0.0037577 0.226247 0.0708388 0.21699 0.000525917 1.0000 0 0 0 0   0 0 0
190 1 2 0 1 1.90654e-07 0.0191125 -0.00309754 0 -0.000559801 0.0103681 0.209514 -0.152964 0.186759 0.000237129 1.0000 0 0 0 0   0 0 0
191 1 2 0 1 1.90676e-07 0.00622478 -0.00328754 0 -0.00534841 0.0135649 0.219094 -0.0497961 0.188268 0.00025167 1.0000 0 0 0 0   0 0 0
192 1 2 0 1 1.90606e-07 0.00968429 -0.00507903 0 -0.00376721 0.00359366 0.212909 -0.0774711 0.202606 0.000388676 1.0000 0 0 0 0   0 0 0
193 1 2 0 1 1.9054e-07 0.00281751 0.0206453 0 0.00216806 0.00451001 0.215909 -0.0225546 -0.00310645 -0.00156545 1.0000 0 0 0 0   0 0 0
194 1 2 0 1 1.90444e-07 0.00717246 0.00554942 0 -0.00228946 0.00574744 0.220242 -0.0573773 0.117584 -0.000424639 1.0000 0 0 0 0   0 0 0
195 1 2 0 1 1.90646e-07 -0.0160339 -0.0106485 0 0.00365547 0.0204274 0.215382 0.128322 0.247239 0.000813244 1.0000 0 0 0 0   0 0 0
196 1 2 0 1 1.90629e-07 -0.0145677 0.017595 0 -0.00246985 0.0120465 0.2041 0.116646 0.0212213 -0.00133776 1.0000 0 0 0 0   0 0 0
197 1 2 0 1 1.90541e-07 -0.00260499 0.00650442 0 0.00490945 0.0193265 0.213309 0.020839 0.10995 -0.000497565 1.0000 0 0 0 0   0 0 0
198 1 2 0 1 1.90601e-07 -0.0203044 -0.0763437 0 -0.00122151 0.0142998 0.22749 0.164537 0.783205 0.00507399 1.0000 0 0 0 0   0 0 0
199 1 2 0 1 1.90616e-07 -0.0245731 0.00342227 0 0.00422206 0.00476655 0.215701 0.196802 0.134561 -0.000261981 1.0000 0 0 0 0   0 0 0
200 1 2 0 1 1.90409e-07 -0.0222307 0.0127676 0 0.0101316 0.00469555 0.222853 0.178056 0.0597775 -0.000973987 1.0000 0 0 0 0   0 0 0
0 1 2 0 2 1.96841e-07 -0.00641636 -0.0113534 1.8 0 0 0.204 0 0 0 1.0000 0 0 0 0   0 0 0
1 1 2 0 2 1.96921e-07 -0.0484318 -0.0252224 1.8 -0.00161317 -0.0287555 0.246255 0.389775 0.365247 0.00190328 1.0000 0 0 0 0   0 0 0
2 1 2 0 2 1.9688e-07 -0.0239658 0.00500706 1.8 0.0116436 -0.00705185 0.227876 0.191933 0.121876 -0.000383174 1.0000 0 0 0 0   0 0 0
3 1 2 0 2 1.97038e-07 -0.0368662 -0.034678 1.8 0.0254281 0.00282363 0.227933 0.296333 0.441264 0.00258254 1.0000 0 0 0 0   0 0 0
4 1 2 0 2 1.96908e-07 -0.00881364 -0.0403126 1.8 -0.000329691 0.00255963 0.226799 0.0707486 0.486309 0.00297251 1.0000 0 0 0 0   0 0 0
5 1 2 0 2 1.96895e-07 -0.0348485 -0.029326 1.8 4.72849e-05 -0.0130169 0.22899 0.279928 0.39793 0.00220143 1.0000 0 0 0 0   0 0 0
6 1 2 0 2 1.96957e-07 -0.0198412 -0.0281763 1.8 0.0100546 0.0013649 0.220624 0.159038 0.388181 0.00211837 1.0000 0 0 0 0   0 0 0
7 1 2 0 2 1.96931e-07 -0.0478044 -0.0246914 1.8 0.00769118 -0.00121032 0.22605 0.384637 0.360916 0.00186437 1.0000 0 0 0 0   0 0 0
8 1 2 0 2 1.96909e-07 -0.0276433 -0.0186494 1.8 0.0140496 -0.00664143 0.215734 0.22153 0.31158 0.00141666 1.0000 0 0 0 0   0 0 0
9 1 2 0 2 1.96917e-07 -0.0210116 -0.031692 1.8 -0.0185539 -0.0199942 0.247353 0.168558 0.416667 0.00237102 1.0000 0 0 0 0   0 0 0
10 1 2 0 2 1.97093e-07 0.0193954 -0.0387123 1.8 -0.0143377 0.0242644 0.247645 -0.155744 0.473513 0.00286294 1.0000 0 0 0 0   0 0 0
11 1 2 0 2 1.97294e-07 0.00773987 -0.0282742 1.8 -0.0188185 0.020183 0.230245 -0.0620108 0.388864 0.00212547 1.0000 0 0 0 0   0 0 0
12 1 2 0 2 1.97173e-07 -0.0287135 0.0263859 1.8 -0.00900187 0.00342161 0.22808 0.23039 -0.0494268 -0.00198829 1.0000 0 0 0 0   0 0 0
13 1 2 0 2 1.97355e-07 0.00674404 -0.015806 1.8 -0.0387096 0.0241003 0.236533 -0.0539535 0.288531 0.00120338 1.0000 0 0 0 0   0 0 0
14 1 2 0 2 1.97231e-07 -0.0176576 0.0178147 1.8 -0.0122201 0.0138468 0.22437 0.141421 0.0194326 -0.0013542 1.0000 0 0 0 0   0 0 0
15 1 2 0 2 1.97174e-07 -0.00193695 -0.0089256 1.8 -0.0203827 0.0179034 0.232911 0.0154949 0.233403 0.000682196 1.0000 0 0 0 0   0 0 0
16 1 2 0 2 1.97209e-07 -0.0136227 0.0247869 1.8 -0.0137751 0.0159702 0.230199 0.109135 -0.0363251 -0.00187139 1.0000 0 0 0 0   0 0 0
17 1 2 0 2 1.97164e-07 -0.0140405 0.000304846 1.8 -0.0174628 0.0199011 0.232814 0.112319 0.159525 -2.33418e-05 1.0000 0 0 0 0   0 0 0
18 1 2 0 2 1.9723e-07 -0.023111 0.01236 1.8 -0.00469665 0.00287789 0.235031 0.185117 0.0630324 -0.000943108 1.0000 0 0 0 0   0 0 0
19 1 2 0 2 1.97013e-07 -0.0159155 -0.0036824 1.8 -0.0011173 -0.00826993 0.208416 0.127318 0.191428 0.000281888 1.0000 0 0 0 0   0 0 0
20 1 2 0 2 1.97026e-07 -0.0215277 0.0206335 1.8 0.00948644 -0.0207823 0.209547 0.172483 -0.00315676 -0.00156457 1.0000 0 0 0 0   0 0 0
21 1 2 0 2 1.96855e-07 -0.0168308 0.0212154 1.8 0.0140228 0.0082838 0.22094 0.134824 -0.0077729 -0.00160785 1.0000 0 0 0 0   0 0 0
22 1 2 0 2 1.96922e-07 -0.00276463 -0.00506103 1.8 0.00702494 -0.0152563 0.218543 0.0221161 0.202462 0.0003873 1.0000 0 0 0 0   0 0 0
23 1 2 0 2 1.96767e-07 0.0269487 -0.0109773 1.8 -0.0175123 -0.00266886 0.231989 -0.215906 0.249967 0.000838229 1.0000 0 0 0 0   0 0 0
24 1 2 0 2 1.96853e-07 -0.0117367 0.0190069 1.8 0.0140474 0.000632085 0.220131 0.093972 0.00994964 -0.00144341 1.0000 0 0 0 0   0 0 0
25 1 2 0 2 1.96963e-07 -0.044989 -0.0228693 1.8 -0.000166626 -0.00570482 0.207023 0.361618 0.346029 0.00173027 1.0000 0 0 0 0   0 0 0
26 1 2 0 2 1.96855e-07 -0.0200816 0.0229501 1.8 -0.00200317 -0.0182622 0.218755 0.160904 -0.0216789 -0.00173624 1.0000 0 0 0 0   0 0 0
27 1 2 0 2 1.97177e-07 -0.00238539 -0.00988284 1.8 0.0127434 -0.016244 0.203864 0.0190823 0.241069 0.000755065 1.0000 0 0 0 0   0 0 0
28 1 2 0 2 1.97276e-07 -0.0310894 -0.0036953 1.8 -0.000188811 -0.0151342 0.241627 0.249117 0.19158 0.000282876 1.0000 0 0 0 0   0 0 0
29 1 2 0 2 1.9721e-07 -0.0366838 0.0224756 1.8 -0.00594728 -0.0222972 0.247376 0.294555 -0.0182711 -0.00170113 1.0000 0 0 0 0   0 0 0
30 1 2 0 2 1.97086e-07 -0.0222219 -0.0143059 1.8 0.015064 -0.00022882 0.241929 0.177999 0.27665 0.00109028 1.0000 0 0 0 0   0 0 0
31 1 2 0 2 1.97207e-07 -0.0554018 0.00370747 1.8 -0.000540152 -0.00951374 0.249053 0.445984 0.132125 -0.000283807 1.0000 0 0 0 0   0 0 0
32 1 2 0 2 1.972e-07 -0.0223689 -0.0050466 1.8 -0.00620015 -0.00427113 0.249488 0.179114 0.202385 0.000386197 1.0000 0 0 0 0   0 0 0
33 1 2 0 2 1.97131e-07 -0.0229187 -0.0041346 1.8 0.00956428 -0.00827647 0.238653 0.183524 0.19508 0.000316472 1.0000 0 0 0 0   0 0 0
34 1 2 0 2 1.97398e-07 -0.0692688 -0.0103894 1.8 0.0127457 -0.00954639 0.243229 0.559674 0.245958 0.000793554 1.0000 0 0 0 0   0 0 0
35 1 2 0 2 1.97408e-07 -0.0616788 -0.0086861 1.8 0.00663458 -0.000281113 0.24524 0.497338 0.232038 0.00066395 1.0000 0 0 0 0   0 0 0
36 1 2 0 2 1.9708e-07 -0.00876222 -0.00592559 1.8 0.0115064 -0.00965258 0.237436 0.0700947 0.209383 0.000453379 1.0000 0 0 0 0   0 0 0
37 1 2 0 2 1.97363e-07 -0.0569753 -0.00970448 1.8 -0.00266657 -0.0203902 0.243672 0.458926 0.240175 0.000741512 1.0000 0 0 0 0   0 0 0
38 1 2 0 2 1.96921e-07 0.0148667 0.0346743 1.8 -0.00130302 -0.00976003 0.214393 -0.119255 -0.115625 -0.00258228 1.0000 0 0 0 0   0 0 0
39 1 2 0 2 1.98259e-07 0.00406568 0.0201163 1.8 -0.010236 -0.0241334 0.187118 -0.0325449 0.00112567 -0.00152607 1.0000 0 0 0 0   0 0 0
40 1 2 0 2 1.96749e-07 -0.0150146 0.00242381 1.8 0.00693924 -4.49616e-05 0.197203 0.120112 0.142577 -0.000185568 1.0000 0 0 0 0   0 0 0
41 1 2 0 2 1.97139e-07 -0.0326 -0.00761706 1.8 -0.0104662 0.0047336 0.204343 0.261254 0.223033 0.0005825 1.0000 0 0 0 0   0 0 0
42 1 2 0 2 1.96919e-07 -0.0118076 0.0121633 1.8 -0.0148419 -0.00770327 0.205147 0.0944585 0.0647289 -0.000928204 1.0000 0 0 0 0   0 0 0
43 1 2 0 2 1.97545e-07 0.00937581 -0.0309164 1.8 0.000829314 -0.0156448 0.227576 -0.0751321 0.410153 0.00231571 1.0000 0 0 0 0   0 0 0
44 1 2 0 2 1.97152e-07 -0.0121662 0.00195217 1.8 0.0149131 -0.0116205 0.195582 0.0973255 0.146348 -0.000149474 1.0000 0 0 0 0   0 0 0
45 1 2 0 2 1.97284e-07 -0.0546595 0.0260975 1.8 -0.00201391 -0.0051116 0.225935 0.440569 -0.0480715 -0.00196721 1.0000 0 0 0 0   0 0 0
46 1 2 0 2 1.97451e-07 -0.0261173 0.0109526 1.8 0.0248041 -0.0172628 0.213302 0.209233 0.0742756 -0.000836352 1.0000 0 0 0 0   0 0 0
47 1 2 0 2 1.97572e-07 -0.0311168 0.00881935 1.8 0.0468305 -0.0149946 0.213332 0.249352 0.091327 -0.000674102 1.0000 0 0 0 0   0 0 0
48 1 2 0 2 1.9743e-07 -0.0440103 0.0124206 1.8 0.020853 -0.0165474 0.21541 0.353532 0.0622624 -0.000947692 1.0000 0 0 0 0   0 0 0
49 1 2 0 2 1.97223e-07 -0.00607601 0.0230228 1.8 -0.00995809 -0.0444415 0.208502 0.0486569 -0.0221571 -0.00174162 1.0000 0 0 0 0   0 0 0
50 1 2 0 2 1.97512e-07 -0.0475217 -0.0419732 1.8 -0.00835486 -0.0123503 0.199996 0.383276 0.501301 0.00308487 1.0000 0 0 0 0   0 0 0
51 1 2 0 2 1.96908e-07 -0.0332253 0.0135464 1.8 0.019326 -0.0014843 0.264227 0.266411 0.0534294 -0.00103296 1.0000 0 0 0 0   0 0 0
52 1 2 0 2 1.9694e-07 0.0325094 0.0074757 1.8 -0.0154692 -0.00782583 0.270662 -0.260527 0.10208 -0.000571709 1.0000 0 0 0 0   0 0 0
53 1 2 0 2 1.96854e-07 0.0495029 -0.0110118 1.8 -0.00933531 -0.00402574 0.21405 -0.397919 0.250536 0.000840849 1.0000 0 0 0 0   0 0 0
54 1 2 0 2 1.96971e-07 0.0192482 -0.0326955 1.8 -0.0180701 0.00174591 0.206362 -0.15441 0.424742 0.00244254 1.0000 0 0 0 0   0 0 0
55 1 2 0 2 1.97169e-07 0.00511347 -0.0243135 1.8 -0.0105761 0.00551877 0.207939 -0.0409533 0.356963 0.00183656 1.0000 0 0 0 0   0 0 0
56 1 2 0 2 1.97056e-07 0.0119825 -0.0291833 1.8 0.00512845 -0.00966586 0.216203 -0.0960165 0.396206 0.00219116 1.0000 0 0 0 0   0 0 0
57 1 2 0 2 1.97193e-07 0.00247255 -0.0218038 1.8 0.00652128 -0.00928521 0.203299 -0.019796 0.336753 0.00165139 1.0000 0 0 0 0   0 0 0
58 1 2 0 2 1.9715e-07 0.0196418 -0.00870172 1.8 -0.0182561 -0.00770115 0.204611 -0.157249 0.231664 0.00066514 1.0000 0 0 0 0   0 0 0
59 1 2 0 2 1.96871e-07 -0.018478 -0.00741489 1.8 0.00883746 -0.0128399 0.217052 0.147899 0.221338 0.000567067 1.0000 0 0 0 0   0 0 0
60 1 2 0 2 1.96975e-07 0.0202041 -0.0155126 1.8 -0.00241709 -0.00154186 0.207312 -0.161822 0.286322 0.00118133 1.0000 0 0 0 0   0 0 0
61 1 2 0 2 1.97015e-07 0.0103052 -0.0124635 1.8 -0.00316588 -0.01673 0.208554 -0.0824384 0.26174 0.000950942 1.0000 0 0 0 0   0 0 0
62 1 2 0 2 1.97189e-07 -0.00782253 -0.0133441 1.8 -0.0165122 -0.000590315 0.216659 0.0625776 0.268795 0.00101766 1.0000 0 0 0 0   0 0 0
63 1 2 0 2 1.97113e-07 0.00520371 -0.0166995 1.8 -0.0135002 -0.00588349 0.205931 -0.0416332 0.295701 0.00127055 1.0000 0 0 0 0   0 0 0
64 1 2 0 2 1.97451e-07 0.00599463 0.0184035 1.8 -0.0066227 -0.00745302 0.217252 -0.0479771 0.0148317 -0.00139826 1.0000 0 0 0 0   0 0 0
65 1 2 0 2 1.97383e-07 -0.0639909 0.0384807 1.8 0.0102552 0.0344893 0.253163 0.517863 -0.148768 -0.00284708 1.0000 0 0 0 0   0 0 0
66 1 2 0 2 1.97458e-07 -0.023945 0.0132373 1.8 0.0110768 -0.0039766 0.20247 0.191816 0.0560056 -0.00100956 1.0000 0 0 0 0   0 0 0
67 1 2 0 2 1.9746e-07 -0.0184196 0.0135214 1.8 0.0171877 -0.0117362 0.212048 0.147489 0.0537804 -0.00103107 1.0000 0 0 0 0   0 0 0
68 1 2 0 2 1.97144e-07 -0.0313787 -0.0341986 1.8 -0.00482729 0.0533034 0.220868 0.252088 0.437246 0.00254876 1.0000 0 0 0 0   0 0 0
69 1 2 0 2 1.97394e-07 0.0128183 -0.0530006 1.8 -0.0208543 0.0447937 0.209247 -0.103159 0.58978 0.00379868 1.0000 0 0 0 0   0 0 0
70 1 2 0 2 1.97547e-07 -0.022746 0.0302939 1.8 0.00221989 -0.0149644 0.207994 0.182467 -0.0806257 -0.00227106 1.0000 0 0 0 0   0 0 0
71 1 2 0 2 1.97614e-07 0.0103972 0.0225354 1.8 0.00766006 -0.0166035 0.202296 -0.0832695 -0.018283 -0.00170555 1.0000 0 0 0 0   0 0 0
72 1 2 0 2 1.97018e-07 -0.0273232 -0.0337052 1.8 -0.00355567 0.0260169 0.198955 0.219407 0.433144 0.00251389 1.0000 0 0 0 0   0 0 0
73 1 2 0 2 1.97434e-07 -0.0303293 0.023059 1.8 0.00772012 0.0150527 0.207642 0.24331 -0.0227746 -0.00174429 1.0000 0 0 0 0   0 0 0
74 1 2 0 2 1.9694e-07 -0.00981447 -0.0255588 1.8 -0.00183015 -0.00670655 0.223901 0.0786208 0.367011 0.00192786 1.0000 0 0 0 0   0 0 0
75 1 2 0 2 1.97145e-07 0.00235782 0.00880124 1.8 0.00277813 -0.0116923 0.215408 -0.0188618 0.0915931 -0.000672722 1.0000 0 0 0 0   0 0 0
76 1 2 0 2 1.97191e-07 -0.0115103 -0.00659722 1.8 0.016467 -0.0145811 0.213314 0.0920781 0.21476 0.000504649 1.0000 0 0 0 0   0 0 0
77 1 2 0 2 1.97008e-07 -0.0151729 -0.00519533 1.8 0.00633555 -0.00291809 0.218411 0.121378 0.203537 0.000397568 1.0000 0 0 0 0   0 0 0
78 1 2 0 2 1.96972e-07 -0.0312631 -0.0309317 1.8 0.0050007 -0.00667452 0.225803 0.251068 0.410814 0.0023168 1.0000 0 0 0 0   0 0 0
79 1 2 0 2 1.97078e-07 0.00134469 -0.017643 1.8 0.00988941 0.00619503 0.214212 -0.0107588 0.30327 0.00134135 1.0000 0 0 0 0   0 0 0
80 1 2 0 2 1.97106e-07 -0.007207 -0.018079 1.8 -0.00384232 0.00526964 0.222325 0.0576811 0.306811 0.00137398 1.0000 0 0 0 0   0 0 0
81 1 2 0 2 1.96967e-07 -0.0378065 -0.0201727 1.8 0.0119479 -0.0170558 0.224658 0.303562 0.324127 0.00153026 1.0000 0 0 0 0   0 0 0
82 1 2 0 2 1.96933e-07 0.000863779 -0.00324661 1.8 -0.00831436 -0.00353274 0.214875 -0.00690994 0.18794 0.000248537 1.0000 0 0 0 0   0 0 0
83 1 2 0 2 1.97029e-07 -0.0192395 -0.0205851 1.8 0.00685714 -0.00185138 0.214908 0.154132 0.327072 0.00156097 1.0000 0 0 0 0   0 0 0
84 1 2 0 2 1.97267e-07 -0.0325394 -0.0173447 1.8 0.0161894 -0.0118069 0.205411 0.260971 0.301211 0.00131903 1.0000 0 0 0 0   0 0 0
85 1 2 0 2 1.96978e-07 -0.0189716 -0.0131233 1.8 -0.0159539 -0.00923581 0.209214 0.151913 0.267127 0.00100093 1.0000 0 0 0 0   0 0 0
86 1 2 0 2 1.97046e-07 -0.00973143 -0.00641183 1.8 -7.06393e-05 -0.017653 0.201276 0.0778481 0.213275 0.000490497 1.0000 0 0 0 0   0 0 0
87 1 2 0 2 1.9694e-07 0.0161381 0.00617128 1.8 -0.0061447 -0.0110316 0.207658 -0.12911 0.112609 -0.000472134 1.0000 0 0 0 0   0 0 0
88 1 2 0 2 1.96946e-07 0.00929433 0.0206196 1.8 -0.0175281 -0.0117061 0.210365 -0.0744194 -0.00293875 -0.00156354 1.0000 0 0 0 0   0 0 0
89 1 2 0 2 1.96894e-07 -0.0154763 -0.0424488 1.8 -0.00504538 -0.0074761 0.216186 0.12431 0.503754 0.00311686 1.0000 0 0 0 0   0 0 0
90 1 2 0 2 1.97295e-07 -0.0120859 0.0184386 1.8 0.00477515 -0.00558735 0.205236 0.0967644 0.0144955 -0.00140088 1.0000 0 0 0 0   0 0 0
91 1 2 0 2 1.97013e-07 -0.0253833 -0.00183591 1.8 -0.0059606 0.00152612 0.209317 0.203304 0.176669 0.000140573 1.0000 0 0 0 0   0 0 0
92 1 2 0 2 1.9718e-07 -0.0159342 -0.00122155 1.8 -0.00124831 -0.00598557 0.208452 0.127468 0.171736 9.35327e-05 1.0000 0 0 0 0   0 0 0
93 1 2 0 2 1.96894e-07 -0.0242159 -0.0220704 1.8 -0.00469355 0.0156267 0.224703 0.194057 0.339054 0.00167113 1.0000 0 0 0 0   0 0 0
94 1 2 0 2 1.96962e-07 -0.0174833 -0.00637526 1.8 0.0152091 -0.0103984 0.217489 0.139907 0.213 0.000487705 1.0000 0 0 0 0   0 0 0
95 1 2 0 2 1.96926e-07 -0.0443443 0.0268971 1.8 0.0158547 0.0042282 0.239515 0.356586 -0.0539879 -0.00202561 1.0000 0 0 0 0   0 0 0
96 1 2 0 2 1.96947e-07 -0.0449552 -0.0145756 1.8 0.0126204 0.0240687 0.242628 0.3612 0.279173 0.00111064 1.0000 0 0 0 0   0 0 0
97 1 2 0 2 1.9701e-07 -0.0197639 0.00291957 1.8 0.00831087 -0.00360487 0.222171 0.158193 0.138599 -0.000223509 1.0000 0 0 0 0   0 0 0
98 1 2 0 2 1.96991e-07 -0.0240777 -0.00235494 1.8 0.0183306 0.00678681 0.222157 0.192823 0.180826 0.000180298 1.0000 0 0 0 0   0 0 0
99 1 2 0 2 1.97182e-07 0.00271866 0.00689549 1.8 0.00483073 -0.00618417 0.217768 -0.0217483 0.106824 -0.000527418 1.0000 0 0 0 0   0 0 0
100 1 2 0 2 1.96929e-07 -0.0572081 0.00277708 1.8 0.022943 0.00214746 0.228245 0.46074 0.139602 -0.000212604 1.0000 0 0 0 0   0 0 0
101 1 2 0 2 1.97035e-07 -0.000178653 -0.0123744 1.8 0.0159495 -0.00196366 0.218005 0.00142917 0.261026 0.000944194 1.0000 0 0 0 0   0 0 0
102 1 2 0 2 1.96887e-07 -0.0445568 -0.0252522 1.8 0.0257219 0.0113611 0.23132 0.35822 0.365279 0.00190546 1.0000 0 0 0 0   0 0 0
103 1 2 0 2 1.97722e-07 -0.00755121 -0.039242 1.8 0.00139429 0.013395 0.215798 0.0606003 0.477601 0.0028992 1.0000 0 0 0 0   0 0 0
104 1 2 0 2 1.97419e-07 0.00636814 -0.0239605 1.8 0.00650061 0.00463899 0.231432 -0.0510015 0.354127 0.0018106 1.0000 0 0 0 0   0 0 0
105 1 2 0 2 1.97515e-07 0.000124832 -0.0331533 1.8 0.00717266 0.0189734 0.226816 -0.00100037 0.428156 0.00247489 1.0000 0 0 0 0   0 0 0
106 1 2 0 2 1.97646e-07 -0.000153799 -0.0177101 1.8 0.0119052 0.014505 0.214007 0.00123055 0.303809 0.00134637 1.0000 0 0 0 0   0 0 0
107 1 2 0 2 1.979e-07 0.0183861 -0.00657976 1.8 -0.00210517 0.0147447 0.195096 -0.147154 0.214646 0.000503316 1.0000 0 0 0 0   0 0 0
108 1 2 0 2 1.97658e-07 0.0129229 -0.00683769 1.8 -0.0103065 0.00408935 0.213559 -0.103379 0.216685 0.000523005 1.0000 0 0 0 0   0 0 0
109 1 2 0 2 1.97449e-07 -0.0351435 -0.034382 1.8 0.0305733 0.00218894 0.227134 0.282436 0.438827 0.00256172 1.0000 0 0 0 0   0 0 0
110 1 2 0 2 1.97652e-07 0.00857976 -0.033641 1.8 0.0207109 -0.00347903 0.216314 -0.0687758 0.432156 0.00250936 1.0000 0 0 0 0   0 0 0
111 1 2 0 2 1.97634e-07 0.00569983 -0.0322406 1.8 0.00923212 0.00629886 0.21106 -0.0456762 0.420808 0.00241014 1.0000 0 0 0 0   0 0 0
112 1 2 0 2 1.97511e-07 -0.0188471 -0.0224671 1.8 0.0265928 0.00588523 0.226963 0.151 0.342203 0.0017005 1.0000 0 0 0 0   0 0 0
113 1 2 0 2 1.97641e-07 -0.00901188 -0.00821111 1.8 0.0181503 -0.00706866 0.198332 0.072092 0.227681 0.000627764 1.0000 0 0 0 0   0 0 0
114 1 2 0 2 1.97657e-07 -0.0333866 0.00838427 1.8 0.0135717 -0.0154827 0.198276 0.267609 0.0947929 -0.000640956 1.0000 0 0 0 0   0 0 0
115 1 2 0 2 1.97367e-07 -0.0217343 0.00530618 1.8 -0.000675077 -0.0135187 0.211102 0.174021 0.119492 -0.000406043 1.0000 0 0 0 0   0 0 0
116 1 2 0 2 1.97308e-07 -0.0400322 -0.00608482 1.8 -0.00293309 0.0184761 0.198629 0.321301 0.210818 0.000465533 1.0000 0 0 0 0   0 0 0
117 1 2 0 2 1.96893e-07 0.0392952 -0.0444525 1.8 0.00426265 0.0136075 0.21542 -0.316636 0.521065 0.00325048 1.0000 0 0 0 0   0 0 0
118 1 2 0 2 1.97666e-07 0.0044407 0.0135395 1.8 0.0077118 -0.0275785 0.196898 -0.0355241 0.0537372 -0.00103244 1.0000 0 0 0 0   0 0 0
119 1 2 0 2 1.97411e-07 -0.0380257 0.00704954 1.8 0.00736674 -0.000662469 0.202482 0.305088 0.105427 -0.000539177 1.0000 0 0 0 0   0 0 0
120 1 2 0 2 1.97676e-07 -0.0509802 0.00143899 1.8 0.00820934 -0.0125747 0.202217 0.409833 0.150396 -0.000110182 1.0000 0 0 0 0   0 0 0
121 1 2 0 2 1.97528e-07 -0.0334299 0.0260433 1.8 0.0144374 -0.0256433 0.207652 0.268399 -0.0468154 -0.00196326 1.0000 0 0 0 0   0 0 0
122 1 2 0 2 1.97434e-07 -0.0399384 -0.00212052 1.8 0.0157035 -0.0149211 0.205467 0.320518 0.178983 0.000162357 1.0000 0 0 0 0   0 0 0
123 1 2 0 2 1.97482e-07 0.00261035 0.0103403 1.8 -0.00394172 -0.0118073 0.212015 -0.0208819 0.0792949 -0.000789826 1.0000 0 0 0 0   0 0 0
124 1 2 0 2 1.97513e-07 0.0106464 -0.0125604 1.8 -0.00553299 0.000711278 0.21306 -0.0851675 0.262517 0.00095829 1.0000 0 0 0 0   0 0 0
125 1 2 0 2 1.97646e-07 -0.019 -0.000270145 1.8 -0.00619935 -0.000673964 0.204997 0.152055 0.164126 2.06845e-05 1.0000 0 0 0 0   0 0 0
126 1 2 0 2 1.97351e-07 0.00308449 -0.0127219 1.8 0.0269408 -0.0186111 0.193663 -0.0246749 0.26381 0.000970521 1.0000 0 0 0 0   0 0 0
127 1 2 0 2 1.9738e-07 0.00778356 -0.00332811 1.8 -0.000198094 0.00295998 0.190202 -0.0622658 0.188593 0.000254774 1.0000 0 0 0 0   0 0 0
128 1 2 0 2 1.97586e-07 0.0122269 -0.00699552 1.8 -0.0167918 -0.00499966 0.197453 -0.0978109 0.217948 0.000535053 1.0000 0 0 0 0   0 0 0
129 1 2 0 2 1.97581e-07 0.013694 0.0176485 1.8 -0.0159075 -0.0110559 0.211679 -0.109644 0.0208027 -0.00134176 1.0000 0 0 0 0   0 0 0
130 1 2 0 2 1.97572e-07 0.01575 -0.00449097 1.8 -0.00685595 -0.0128175 0.192752 -0.125994 0.197899 0.000343718 1.0000 0 0 0 0   0 0 0
131 1 2 0 2 1.97597e-07 0.00915585 -0.00435941 1.8 0.011904 -0.00920349 0.208644 -0.0732437 0.196846 0.000333659 1.0000 0 0 0 0   0 0 0
132 1 2 0 2 1.97604e-07 0.0176505 -0.0115964 1.8 0.00420698 0.00476383 0.198101 -0.1413 0.25486 0.000885256 1.0000 0 0 0 0   0 0 0
133 1 2 0 2 1.9707e-07 -0.0470321 0.00680895 1.8 0.0053131 -0.017852 0.237116 0.3779 0.107276 -0.000520811 1.0000 0 0 0 0   0 0 0
134 1 2 0 2 1.97259e-07 -0.051477 -0.0228367 1.8 0.0228322 -0.0131821 0.23064 0.414478 0.346081 0.00172785 1.0000 0 0 0 0   0 0 0
135 1 2 0 2 1.97069e-07 -0.0334845 -0.0102298 1.8 0.00223718 -0.0075333 0.236887 0.268433 0.244021 0.000781431 1.0000 0 0 0 0   0 0 0
136 1 2 0 2 1.97204e-07 -0.0340488 0.0106298 1.8 -0.00930789 -0.0261593 0.236697 0.273001 0.0767878 -0.000811824 1.0000 0 0 0 0   0 0 0
137 1 2 0 2 1.97254e-07 -0.0218028 -0.0126272 1.8 0.0201949 -0.00454713 0.220294 0.174623 0.263172 0.000963348 1.0000 0 0 0 0   0 0 0
138 1 2 0 2 1.97242e-07 -0.0606683 -0.0239795 1.8 0.00669877 -0.00103052 0.241544 0.489491 0.355705 0.001812 1.0000 0 0 0 0   0 0 0
139 1 2 0 2 1.97225e-07 -0.0416617 -0.0339299 1.8 0.0153093 -0.0128547 0.230572 0.335205 0.435493 0.00252977 1.0000 0 0 0 0   0 0 0
140 1 2 0 2 1.971e-07 -0.020161 -0.0274872 1.8 -0.00353912 -0.0143519 0.234358 0.161585 0.382618 0.0020684 1.0000 0 0 0 0   0 0 0
141 1 2 0 2 1.97263e-07 -0.0208172 -0.0147651 1.8 -0.00133129 -0.0122642 0.219286 0.166733 0.280325 0.00112495 1.0000 0 0 0 0   0 0 0
142 1 2 0 2 1.97307e-07 -0.0575823 0.0103795 1.8 0.0093132 -0.0227835 0.234345 0.463899 0.0783938 -0.000792808 1.0000 0 0 0 0   0 0 0
143 1 2 0 2 1.9712e-07 0.0130128 -0.00798639 1.8 0.00617762 0.00734822 0.221529 -0.104098 0.225882 0.000610645 1.0000 0 0 0 0   0 0 0
144 1 2 0 2 1.96917e-07 0.00405883 -0.0164961 1.8 0.00498169 -0.00240178 0.223089 -0.03247 0.294057 0.00125526 1.0000 0 0 0 0   0 0 0
145 1 2 0 2 1.96989e-07 -0.0194497 0.0114971 1.8 0.0128602 -0.00538736 0.219961 0.155732 0.0699686 -0.000877729 1.0000 0 0 0 0   0 0 0
146 1 2 0 2 1.96942e-07 -0.0101183 -0.032686 1.8 0.00566166 0.00471022 0.231555 0.0810988 0.424438 0.00244187 1.0000 0 0 0 0   0 0 0
147 1 2 0 2 1.96876e-07 -0.0190216 0.00527562 1.8 0.015879 0.00138207 0.227505 0.152245 0.119751 -0.000403707 1.0000 0 0 0 0   0 0 0
148 1 2 0 2 1.96901e-07 0.0112297 -0.020916 1.8 -0.00262406 0.00858162 0.226376 -0.0899271 0.329662 0.0015856 1.0000 0 0 0 0   0 0 0
149 1 2 0 2 1.97015e-07 0.00180191 -0.0291537 1.8 0.0120218 0.0098586 0.230855 -0.0144366 0.395932 0.00218903 1.0000 0 0 0 0   0 0 0
150 1 2 0 2 1.9697e-07 -0.0122937 0.00660344 1.8 0.00488921 -0.00496448 0.217429 0.0983456 0.109159 -0.000505123 1.0000 0 0 0 0   0 0 0
151 1 2 0 2 1.96932e-07 0.0146553 -0.0146929 1.8 0.00487512 -0.00372961 0.220246 -0.117316 0.279681 0.00111949 1.0000 0 0 0 0   0 0 0
152 1 2 0 2 1.96975e-07 -0.0139185 0.00075689 1.8 0.0115526 -0.0127456 0.220105 0.111343 0.155909 -5.79542e-05 1.0000 0 0 0 0   0 0 0
153 1 2 0 2 1.975e-07 0.0044636 0.010488 1.8 -0.00222327 -0.0185725 0.209948 -0.0357073 0.0781145 -0.000801053 1.0000 0 0 0 0   0 0 0
154 1 2 0 2 1.97587e-07 0.00264619 -0.00499931 1.8 0.0205589 -0.0221555 0.198523 -0.0211686 0.201968 0.000382581 1.0000 0 0 0 0   0 0 0
155 1 2 0 2 1.97565e-07 -0.0276183 0.0103224 1.8 0.0249761 -0.0021973 0.20638 0.221277 0.0793109 -0.000788466 1.0000 0 0 0 0   0 0 0
156 1 2 0 2 1.97425e-07 -0.0186525 -0.000374097 1.8 0.000962554 -0.0134832 0.213711 0.149265 0.164957 2.8644e-05 1.0000 0 0 0 0   0 0 0
157 1 2 0 2 1.97548e-07 -0.0360904 -0.0120435 1.8 -0.00375117 0.000966171 0.205365 0.289524 0.258647 0.000919127 1.0000 0 0 0 0   0 0 0
158 1 2 0 2 1.97478e-07 -0.0190099 0.00856687 1.8 -0.0148991 -0.0126796 0.206159 0.152177 0.0934191 -0.000654867 1.0000 0 0 0 0   0 0 0
159 1 2 0 2 1.97514e-07 -0.0255356 0.0226888 1.8 0.000588975 -0.00952533 0.212051 0.204665 -0.0196451 -0.0017169 1.0000 0 0 0 0   0 0 0
160 1 2 0 2 1.97507e-07 -0.00179287 0.0285827 1.8 -0.001168 -0.00867909 0.195608 0.0143636 -0.0666467 -0.00214784 1.0000 0 0 0 0   0 0 0
161 1 2 0 2 1.97457e-07 -0.00384119 0.0220795 1.8 0.00351553 -0.0130911 0.203069 0.0307555 -0.014595 -0.00167181 1.0000 0 0 0 0   0 0 0
162 1 2 0 2 1.97161e-07 0.00352321 -0.000152832 1.8 -0.0162413 -0.000750915 0.192595 -0.0281845 0.163186 1.1702e-05 1.0000 0 0 0 0   0 0 0
163 1 2 0 2 1.9707e-07 -0.0464191 -0.000961327 1.8 -0.0018612 -0.00275774 0.238579 0.372919 0.169687 7.36074e-05 1.0000 0 0 0 0   0 0 0
164 1 2 0 2 1.97067e-07 -0.0198091 0.00818914 1.8 -0.00647343 0.0021366 0.241168 0.158587 0.0964346 -0.000626091 1.0000 0 0 0 0   0 0 0
165 1 2 0 2 1.97374e-07 -0.0539205 -0.00640294 1.8 0.00901318 -0.0062998 0.240617 0.43391 0.213509 0.000489818 1.0000 0 0 0 0   0 0 0
166 1 2 0 2 1.97073e-07 -0.0370483 0.0113382 1.8 -0.00316257 -0.000475443 0.2425 0.297251 0.0710534 -0.000865655 1.0000 0 0 0 0   0 0 0
167 1 2 0 2 1.97153e-07 0.00827323 0.0282034 1.8 -0.0147568 -0.0130956 0.24652 -0.0662844 -0.06363 -0.00212034 1.0000 0 0 0 0   0 0 0
168 1 2 0 2 1.97023e-07 -0.0154256 -0.0123456 1.8 0.00202391 -0.00382017 0.231007 0.123464 0.260847 0.000942015 1.0000 0 0 0 0   0 0 0
169 1 2 0 2 1.97101e-07 -0.0205076 0.0131494 1.8 -0.00384595 0.000514055 0.234051 0.164235 0.0567371 -0.00100291 1.0000 0 0 0 0   0 0 0
170 1 2 0 2 1.97116e-07 -0.0267884 0.0142693 1.8 -0.0129975 0.00123034 0.246693 0.21464 0.0477274 -0.00108752 1.0000 0 0 0 0   0 0 0
171 1 2 0 2 1.9708e-07 -0.00501682 -0.0146571 1.8 -0.0122012 0.0134204 0.235594 0.0401328 0.279315 0.00111679 1.0000 0 0 0 0   0 0 0
172 1 2 0 2 1.97127e-07 -0.0024922 0.0177419 1.8 -0.0124311 0.00404143 0.242109 0.0199409 0.0201512 -0.00134876 1.0000 0 0 0 0   0 0 0
173 1 2 0 2 1.97707e-07 -0.0349249 -0.0181295 1.8 0.0264846 -0.0143984 0.195117 0.280248 0.307594 0.00137776 1.0000 0 0 0 0   0 0 0
174 1 2 0 2 1.97579e-07 -0.0233387 -0.0279695 1.8 0.0296226 -0.0110677 0.217932 0.187161 0.386625 0.00210338 1.0000 0 0 0 0   0 0 0
175 1 2 0 2 1.97714e-07 -0.0428489 -0.00635334 1.8 0.0468815 -0.0384375 0.209307 0.344076 0.213 0.000486032 1.0000 0 0 0 0   0 0 0
176 1 2 0 2 1.97663e-07 -0.00234683 -0.0367344 1.8 0.0217968 -0.000197864 0.20629 0.0188216 0.457199 0.00272624 1.0000 0 0 0 0   0 0 0
177 1 2 0 2 1.97591e-07 -0.0247133 -0.0509089 1.8 0.00937398 0.000811701 0.214621 0.198999 0.573083 0.00366797 1.0000 0 0 0 0   0 0 0
178 1 2 0 2 1.97567e-07 -0.0582795 0.00309342 1.8 0.0262777 -0.029939 0.226138 0.469498 0.137048 -0.000236814 1.0000 0 0 0 0   0 0 0
179 1 2 0 2 1.97541e-07 -0.021129 -0.02565 1.8 0.0101407 -0.00596318 0.208102 0.169324 0.367824 0.00193452 1.0000 0 0 0 0   0 0 0
180 1 2 0 2 1.97586e-07 -0.0548509 -0.00647712 1.8 0.0198154 -0.017828 0.213836 0.441514 0.21412 0.00049548 1.0000 0 0 0 0   0 0 0
181 1 2 0 2 1.9716e-07 -0.0233849 0.00120029 1.8 -0.00167615 0.00944635 0.240305 0.187259 0.152353 -9.19051e-05 1.0000 0 0 0 0   0 0 0
182 1 2 0 2 1.97172e-07 -0.0196629 -0.042077 1.8 -0.0131103 0.00393988 0.246651 0.157967 0.500815 0.0030919 1.0000 0 0 0 0   0 0 0
183 1 2 0 2 1.9707e-07 0.00101561 -0.0381201 1.8 -0.00156812 -0.00888241 0.233773 -0.00814759 0.468447 0.00282219 1.0000 0 0 0 0   0 0 0
184 1 2 0 2 1.9722e-07 -0.0389615 -0.033846 1.8 0.00492379 0.00152153 0.241816 0.313276 0.434638 0.00252384 1.0000 0 0 0 0   0 0 0
185 1 2 0 2 1.97116e-07 -0.0341852 -0.0232741 1.8 0.00584413 -0.00496415 0.235993 0.274415 0.349044 0.00176011 1.0000 0 0 0 0   0 0 0
186 1 2 0 2 1.97138e-07 -0.0247029 0.0034809 1.8 0.010341 0.000655952 0.247164 0.197845 0.134091 -0.000266468 1.0000 0 0 0 0   0 0 0
187 1 2 0 2 1.9711e-07 -0.0198185 -0.0161315 1.8 -0.0065173 0.0151045 0.238447 0.158735 0.291289 0.00122785 1.0000 0 0 0 0   0 0 0
188 1 2 0 2 1.97187e-07 -0.0525882 -0.0292632 1.8 -0.00132675 0.0113109 0.239369 0.423835 0.398208 0.00219691 1.0000 0 0 0 0   0 0 0
189 1 2 0 2 1.97121e-07 -0.018266 -0.0140013 1.8 -0.00396562 0.00597913 0.2441 0.146262 0.274168 0.00106729 1.0000 0 0 0 0   0 0 0
190 1 2 0 2 1.97361e-07 -0.0417401 -0.0224993 1.8 0.00936031 -0.0117346 0.226609 0.335375 0.342978 0.00170288 1.0000 0 0 0 0   0 0 0
191 1 2 0 2 1.9734e-07 -0.033534 -0.0216333 1.8 0.00975787 -0.0115178 0.231907 0.269116 0.335793 0.00163878 1.0000 0 0 0 0   0 0 0
192 1 2 0 2 1.9729e-07 -0.031119 -0.0181381 1.8 0.010369 -0.00532527 0.231177 0.24953 0.307559 0.0013784 1.0000 0 0 0 0   0 0 0
193 1 2 0 2 1.9721e-07 -0.0305086 -0.0458294 1.8 0.00516505 0.00118776 0.233741 0.245562 0.531806 0.00334128 1.0000 0 0 0 0   0 0 0
194 1 2 0 2 1.97092e-07 -0.0324491 -0.0291717 1.8 0.00714658 -0.00425872 0.236229 0.260579 0.396618 0.00219032 1.0000 0 0 0 0   0 0 0
195 1 2 0 2 1.97307e-07 -0.0141693 -0.0203313 1.8 -0.00725027 -0.0191741 0.233524 0.113479 0.324986 0.00154207 1.0000 0 0 0 0   0 0 0
196 1 2 0 2 1.97372e-07 -0.0109531 -0.0467446 1.8 -0.00584312 0.00697312 0.221898 0.0880134 0.538581 0.003401 1.0000 0 0 0 0   0 0 0
197 1 2 0 2 1.9721e-07 -0.029501 -0.0349152 1.8 -0.00878566 -0.0123262 0.233355 0.236979 0.442998 0.00259914 1.0000 0 0 0 0   0 0 0
198 1 2 0 2 1.97295e-07 -0.0021143 0.0503712 1.8 -0.00995388 -0.0285109 0.240966 0.0169945 -0.241753 -0.00363405 1.0000 0 0 0 0   0 0 0
199 1 2 0 2 1.97271e-07 -0.00572456 -0.0298447 1.8 -0.00324457 0.000748465 0.234049 0.0458678 0.401507 0.00223874 1.0000 0 0 0 0   0 0 0
200 1 2 0 2 1.97026e-07 -0.00918935 -0.03766 1.8 -0.0102959 -0.00294203 0.240148 0.0737296 0.464779 0.00279033 1.0000 0 0 0 0   0 0 0
0 1 2 0 3 2.03602e-07 -0.00641636 -0.0113534 3.6 0 0 0.204 0 0 0 1.0000 0 0 0 0   0 0 0
1 1 2 0 3 2.03521e-07 0.0227752 0.0108021 3.6 -0.00523838 0.0199534 0.246756 -0.18241 0.0755026 -0.000824917 1.0000 0 0 0 0   0 0 0
2 1 2 0 3 2.03502e-07 -0.00662003 -0.0214777 3.6 -0.0137064 0.0100359 0.22917 0.0530054 0.334146 0.00162726 1.0000 0 0 0 0   0 0 0
3 1 2 0 3 2.03652e-07 0.00162653 0.00812131 3.6 -0.0277401 -0.00542017 0.237114 -0.0130117 0.0970268 -0.000620924 1.0000 0 0 0 0   0 0 0
4 1 2 0 3 2.03551e-07 -0.0134312 0.0153266 3.6 -0.00116734 -0.0134834 0.229735 0.107511 0.0393892 -0.00116734 1.0000 0 0 0 0   0 0 0
5 1 2 0 3 2.03536e-07 0.0131149 0.013701 3.6 -0.00901608 0.000130206 0.232212 -0.104956 0.0524048 -0.00104462 1.0000 0 0 0 0   0 0 0
6 1 2 0 3 2.0361e-07 -0.00640619 0.00296166 3.6 -0.0118492 -0.0131254 0.227783 0.0512473 0.138276 -0.00022673 1.0000 0 0 0 0   0 0 0
7 1 2 0 3 2.03582e-07 0.0196549 0.00195497 3.6 -0.0220079 -0.00433618 0.230734 -0.157315 0.146318 -0.000149688 1.0000 0 0 0 0   0 0 0
8 1 2 0 3 2.03589e-07 -0.0036893 -0.000643854 3.6 -0.017181 0.00443244 0.220817 0.0295131 0.167115 4.92989e-05 1.0000 0 0 0 0   0 0 0
9 1 2 0 3 2.03515e-07 -0.000605618 0.0175252 3.6 0.0124763 0.00760865 0.247305 0.00484539 0.0218922 -0.00133254 1.0000 0 0 0 0   0 0 0
10 1 2 0 3 2.03681e-07 -0.0480301 0.0186647 3.6 0.0191469 -0.0290042 0.255422 0.386183 0.0120534 -0.00141781 1.0000 0 0 0 0   0 0 0
11 1 2 0 3 2.03943e-07 -0.0270869 0.00377555 3.6 0.0186718 -0.0257809 0.243808 0.216984 0.131725 -0.000289017 1.0000 0 0 0 0   0 0 0
12 1 2 0 3 2.03813e-07 0.00329602 -0.0533634 3.6 0.00397659 0.00403461 0.241039 -0.0265173 0.592584 0.00382119 1.0000 0 0 0 0   0 0 0
13 1 2 0 3 2.04035e-07 -0.0295451 -0.00500638 3.6 0.0364517 -0.0238252 0.247773 0.236722 0.202088 0.000383122 1.0000 0 0 0 0   0 0 0
14 1 2 0 3 2.03898e-07 -0.00782515 -0.0448338 3.6 0.0158296 -0.00465023 0.240266 0.0628569 0.523022 0.00327562 1.0000 0 0 0 0   0 0 0
15 1 2 0 3 2.03781e-07 -0.0198719 -0.0149282 3.6 0.0138787 -0.0162653 0.246941 0.159152 0.281626 0.00113726 1.0000 0 0 0 0   0 0 0
16 1 2 0 3 2.0385e-07 -0.0109943 -0.0498735 3.6 0.0110591 -0.00941801 0.242541 0.0883857 0.564048 0.00360264 1.0000 0 0 0 0   0 0 0
17 1 2 0 3 2.03789e-07 -0.0115041 -0.0295947 3.6 0.0148078 -0.0179528 0.246203 0.0921843 0.399517 0.00222076 1.0000 0 0 0 0   0 0 0
18 1 2 0 3 2.03807e-07 -0.00934743 -0.0372674 3.6 0.00264818 0.00109738 0.249586 0.0749927 0.461595 0.00276315 1.0000 0 0 0 0   0 0 0
19 1 2 0 3 2.03729e-07 -0.00191596 -0.0115604 3.6 -0.00835722 0.00667451 0.218722 0.015327 0.254505 0.00088253 1.0000 0 0 0 0   0 0 0
20 1 2 0 3 2.03761e-07 -0.00704603 -0.0215567 3.6 -0.0108438 0.029769 0.219851 0.0564177 0.334785 0.00163311 1.0000 0 0 0 0   0 0 0
21 1 2 0 3 2.03541e-07 -0.0194343 -0.043218 3.6 -0.0178781 0.00524673 0.220935 0.15615 0.510071 0.00316826 1.0000 0 0 0 0   0 0 0
22 1 2 0 3 2.03587e-07 -0.0214708 -0.0025108 3.6 -0.00367514 0.0137978 0.224244 0.171894 0.182068 0.000192225 1.0000 0 0 0 0   0 0 0
23 1 2 0 3 2.03445e-07 -0.0375554 -0.00210624 3.6 0.0203429 0.0102554 0.225514 0.301249 0.178861 0.000161265 1.0000 0 0 0 0   0 0 0
24 1 2 0 3 2.03529e-07 -0.0197552 -0.0378281 3.6 -0.0136623 0.00638279 0.220723 0.158617 0.466351 0.00280197 1.0000 0 0 0 0   0 0 0
25 1 2 0 3 2.0374e-07 0.0282662 -0.000724387 3.6 -0.0152778 -0.00634675 0.216348 -0.226448 0.167767 5.54652e-05 1.0000 0 0 0 0   0 0 0
26 1 2 0 3 2.03571e-07 0.000405193 -0.0215653 3.6 -0.00678365 0.0284026 0.218805 -0.00324394 0.334831 0.00163375 1.0000 0 0 0 0   0 0 0
27 1 2 0 3 2.03902e-07 -0.0241178 0.00383987 3.6 -0.00835566 0.00984547 0.222118 0.193149 0.131218 -0.00029394 1.0000 0 0 0 0   0 0 0
28 1 2 0 3 2.03819e-07 -0.00293934 -0.020061 3.6 -0.00258092 0.00915448 0.256455 0.0235279 0.322729 0.00152195 1.0000 0 0 0 0   0 0 0
29 1 2 0 3 2.03766e-07 0.00618476 -0.0455172 3.6 0.00450466 0.0203267 0.260498 -0.0496832 0.528563 0.00332069 1.0000 0 0 0 0   0 0 0
30 1 2 0 3 2.03615e-07 -0.0101207 -0.00866832 3.6 -0.013825 0.00278745 0.249912 0.0809623 0.231343 0.000662596 1.0000 0 0 0 0   0 0 0
31 1 2 0 3 2.03751e-07 0.0237645 -0.0292099 3.6 -0.0012744 0.0126116 0.263023 -0.190628 0.396667 0.00219308 1.0000 0 0 0 0   0 0 0
32 1 2 0 3 2.03726e-07 -0.0159346 -0.0166614 3.6 0.00898172 0.00626226 0.261411 0.127594 0.295508 0.00126769 1.0000 0 0 0 0   0 0 0
33 1 2 0 3 2.03679e-07 -0.0109304 -0.0177012 3.6 -0.0134558 0.0037982 0.249911 0.0874986 0.303809 0.0013457 1.0000 0 0 0 0   0 0 0
34 1 2 0 3 2.0396e-07 0.03999 -0.0219666 3.6 -0.0182283 0.0115366 0.262438 -0.321232 0.338642 0.00166345 1.0000 0 0 0 0   0 0 0
35 1 2 0 3 2.03952e-07 0.0333883 -0.0185407 3.6 -0.0141307 0.0010653 0.263601 -0.267855 0.310866 0.00140853 1.0000 0 0 0 0   0 0 0
36 1 2 0 3 2.03636e-07 -0.0243493 -0.0124832 3.6 -0.00809885 0.0153872 0.248025 0.195055 0.262036 0.00095244 1.0000 0 0 0 0   0 0 0
37 1 2 0 3 2.03938e-07 0.0241197 -0.0184907 3.6 0.00307944 0.0172439 0.259551 -0.193258 0.310279 0.00140479 1.0000 0 0 0 0   0 0 0
38 1 2 0 3 2.03682e-07 -0.0268636 -0.034611 3.6 0.0117575 0.0258183 0.215903 0.215731 0.440465 0.00257785 1.0000 0 0 0 0   0 0 0
39 1 2 0 3 2.0542e-07 0.00734211 0.0329085 3.6 -0.000244777 0.0344719 0.15404 -0.0588399 -0.101265 -0.0024576 1.0000 0 0 0 0   0 0 0
40 1 2 0 3 2.03592e-07 -0.00672576 -0.0161686 3.6 -0.010136 0.00974734 0.194248 0.0538108 0.291446 0.00123064 1.0000 0 0 0 0   0 0 0
41 1 2 0 3 2.03902e-07 0.0202843 -0.0209852 3.6 -0.00537517 0.00271293 0.221171 -0.162514 0.330298 0.00159075 1.0000 0 0 0 0   0 0 0
42 1 2 0 3 2.03723e-07 0.0115235 -0.0174627 3.6 0.00492992 0.0175273 0.211759 -0.0922486 0.301898 0.00132786 1.0000 0 0 0 0   0 0 0
43 1 2 0 3 2.0416e-07 -0.0371167 0.01598 3.6 0.00219562 0.0011943 0.244854 0.297896 0.0338283 -0.00121646 1.0000 0 0 0 0   0 0 0
44 1 2 0 3 2.03928e-07 -0.0155027 -0.00708893 3.6 -0.00407236 0.0149622 0.212643 0.124021 0.218698 0.000542184 1.0000 0 0 0 0   0 0 0
45 1 2 0 3 2.03939e-07 0.0260423 -0.048401 3.6 -0.00676273 0.0126151 0.243966 -0.209608 0.552603 0.0035083 1.0000 0 0 0 0   0 0 0
46 1 2 0 3 2.04111e-07 -0.0144551 -0.0273832 3.6 -0.0216046 0.0183468 0.23326 0.115825 0.381727 0.00206086 1.0000 0 0 0 0   0 0 0
47 1 2 0 3 2.04275e-07 -0.0158496 -0.0262346 3.6 -0.0462643 0.0200692 0.230124 0.126996 0.372491 0.00197723 1.0000 0 0 0 0   0 0 0
48 1 2 0 3 2.04104e-07 0.0058628 -0.0287412 3.6 -0.0204473 0.0207649 0.233773 -0.0469721 0.392618 0.00215933 1.0000 0 0 0 0   0 0 0
49 1 2 0 3 2.04033e-07 -0.00376012 -0.00664821 3.6 0.0131053 0.0447056 0.223943 0.0300797 0.215168 0.000508541 1.0000 0 0 0 0   0 0 0
50 1 2 0 3 2.04384e-07 0.0391274 0.0178895 3.6 -0.0192607 -0.00821544 0.213359 -0.314177 0.0184675 -0.0013598 1.0000 0 0 0 0   0 0 0
51 1 2 0 3 2.03389e-07 -0.00042431 -0.0350316 3.6 -0.0204438 0.00229643 0.262222 0.00340156 0.443369 0.00260728 1.0000 0 0 0 0   0 0 0
52 1 2 0 3 2.03446e-07 -0.0700038 -0.0342763 3.6 0.0104134 0.00979747 0.270723 0.567103 0.440181 0.00255425 1.0000 0 0 0 0   0 0 0
53 1 2 0 3 2.03661e-07 -0.0335279 -0.00677026 3.6 0.0340182 0.00223699 0.215746 0.268726 0.216249 0.000517858 1.0000 0 0 0 0   0 0 0
54 1 2 0 3 2.03776e-07 -0.00625084 0.0048533 3.6 0.020752 -0.0171429 0.217019 0.0500046 0.12315 -0.000371419 1.0000 0 0 0 0   0 0 0
55 1 2 0 3 2.03893e-07 -0.0142106 -0.00191003 3.6 0.0089029 -0.00985597 0.222053 0.11368 0.177245 0.000146248 1.0000 0 0 0 0   0 0 0
56 1 2 0 3 2.03733e-07 -0.0336265 0.0126702 3.6 0.00134659 -0.00362991 0.22946 0.269632 0.0604435 -0.000966606 1.0000 0 0 0 0   0 0 0
57 1 2 0 3 2.03926e-07 -0.0218552 0.00830687 3.6 -0.00173973 -0.00157505 0.220984 0.175009 0.0954774 -0.00063506 1.0000 0 0 0 0   0 0 0
58 1 2 0 3 2.03929e-07 -0.0169762 -0.0051786 3.6 0.0218872 0.00232943 0.218717 0.135828 0.203411 0.000396289 1.0000 0 0 0 0   0 0 0
59 1 2 0 3 2.03557e-07 -0.00856348 -0.00274158 3.6 -0.00984404 0.00975776 0.219882 0.0685049 0.183899 0.000209887 1.0000 0 0 0 0   0 0 0
60 1 2 0 3 2.03728e-07 -0.0270908 -0.00348597 3.6 0.0121428 -0.00417094 0.21611 0.217015 0.189894 0.000266855 1.0000 0 0 0 0   0 0 0
61 1 2 0 3 2.03749e-07 -0.0223165 0.00491624 3.6 0.00818207 0.00418465 0.22115 0.178693 0.12261 -0.000376231 1.0000 0 0 0 0   0 0 0
62 1 2 0 3 2.03867e-07 -0.00540306 -0.0093817 3.6 0.00733537 -0.00338275 0.233385 0.0432226 0.237055 0.000716942 1.0000 0 0 0 0   0 0 0
63 1 2 0 3 2.03858e-07 -0.00923013 -0.000476729 3.6 0.0120793 -0.0034239 0.22053 0.0738379 0.165777 3.65023e-05 1.0000 0 0 0 0   0 0 0
64 1 2 0 3 2.04139e-07 -0.0307553 -0.0341987 3.6 0.00924731 0.012748 0.232181 0.247065 0.437231 0.00254877 1.0000 0 0 0 0   0 0 0
65 1 2 0 3 2.03959e-07 0.0246315 -0.0604818 3.6 -0.0153265 -0.031646 0.272427 -0.198737 0.651613 0.00424585 1.0000 0 0 0 0   0 0 0
66 1 2 0 3 2.04193e-07 -0.00906682 -0.0325285 3.6 -0.0130574 0.0133419 0.220439 0.0726622 0.42314 0.00243068 1.0000 0 0 0 0   0 0 0
67 1 2 0 3 2.04131e-07 -0.0182257 -0.0298946 3.6 -0.0169635 0.0178057 0.230151 0.146109 0.402033 0.00224233 1.0000 0 0 0 0   0 0 0
68 1 2 0 3 2.03895e-07 0.00990407 -0.0189313 3.6 -0.00948093 -0.0510731 0.237187 -0.0792891 0.313689 0.00143776 1.0000 0 0 0 0   0 0 0
69 1 2 0 3 2.04237e-07 -0.0137719 -0.00511449 3.6 0.0176828 -0.0523886 0.223658 0.11017 0.20289 0.000391387 1.0000 0 0 0 0   0 0 0
70 1 2 0 3 2.04291e-07 -0.00174584 -0.0383581 3.6 -0.00292826 0.0253513 0.223039 0.0140065 0.470381 0.00283866 1.0000 0 0 0 0   0 0 0
71 1 2 0 3 2.04403e-07 -0.0352282 -0.023672 3.6 0.00277405 0.0277019 0.213447 0.28284 0.352282 0.00178938 1.0000 0 0 0 0   0 0 0
72 1 2 0 3 2.03833e-07 0.0104268 -0.0221798 3.6 -0.0145934 -0.0220739 0.21374 -0.0835043 0.339822 0.00167923 1.0000 0 0 0 0   0 0 0
73 1 2 0 3 2.04159e-07 -0.00667461 -0.0533697 3.6 -0.0146471 0.00311224 0.225865 0.053704 0.592676 0.00382158 1.0000 0 0 0 0   0 0 0
74 1 2 0 3 2.03587e-07 -0.00896121 0.00930529 3.6 0.00548526 0.00322865 0.226884 0.0716867 0.0875649 -0.000711122 1.0000 0 0 0 0   0 0 0
75 1 2 0 3 2.03813e-07 -0.0273118 -0.0196357 3.6 0.000489082 0.012732 0.230818 0.218877 0.319504 0.0014903 1.0000 0 0 0 0   0 0 0
76 1 2 0 3 2.03851e-07 -0.0214041 -0.00697307 3.6 -0.0136073 0.0120486 0.230936 0.17138 0.217819 0.000533339 1.0000 0 0 0 0   0 0 0
77 1 2 0 3 2.03654e-07 -0.0113109 -0.0129644 3.6 -0.00786038 0.00429891 0.226462 0.0904893 0.26576 0.000988892 1.0000 0 0 0 0   0 0 0
78 1 2 0 3 2.03611e-07 0.00615427 0.0107243 3.6 -0.0111428 0.00103444 0.232513 -0.0492321 0.0762269 -0.000819005 1.0000 0 0 0 0   0 0 0
79 1 2 0 3 2.03737e-07 -0.0278215 -0.00354911 3.6 -0.00407917 -0.00564291 0.228088 0.222882 0.190402 0.000271688 1.0000 0 0 0 0   0 0 0
80 1 2 0 3 2.0374e-07 -0.0144927 -0.00423557 3.6 0.00406383 -0.00878483 0.235125 0.115937 0.195855 0.000324192 1.0000 0 0 0 0   0 0 0
81 1 2 0 3 2.03614e-07 0.00560411 0.00710907 3.6 -0.0213505 0.0118162 0.231108 -0.044831 0.105117 -0.000543722 1.0000 0 0 0 0   0 0 0
82 1 2 0 3 2.03634e-07 -0.0117802 -0.0127016 3.6 0.0102409 0.00599093 0.221144 0.0942464 0.263657 0.000968984 1.0000 0 0 0 0   0 0 0
83 1 2 0 3 2.03696e-07 -0.00599395 -0.000692387 3.6 -0.006168 -0.00122191 0.226277 0.0479496 0.167503 5.3015e-05 1.0000 0 0 0 0   0 0 0
84 1 2 0 3 2.0398e-07 0.00118364 0.00298913 3.6 -0.0210812 0.0065541 0.224308 -0.0094687 0.138056 -0.000228832 1.0000 0 0 0 0   0 0 0
85 1 2 0 3 2.03732e-07 0.016308 -0.0044535 3.6 0.00368674 0.00246144 0.217132 -0.130459 0.1976 0.000340853 1.0000 0 0 0 0   0 0 0
86 1 2 0 3 2.03806e-07 -0.00492472 0.00247365 3.6 -0.00295831 0.0139085 0.214685 0.0393961 0.142178 -0.000189383 1.0000 0 0 0 0   0 0 0
87 1 2 0 3 2.03705e-07 -0.0196248 -0.0141369 3.6 0.0161398 0.0143028 0.213169 0.157163 0.27527 0.00107752 1.0000 0 0 0 0   0 0 0
88 1 2 0 3 2.03729e-07 -0.00647355 -0.0226775 3.6 0.0223556 0.0214973 0.216172 0.0518392 0.343801 0.00171606 1.0000 0 0 0 0   0 0 0
89 1 2 0 3 2.03618e-07 0.00929838 0.0242535 3.6 -0.000518166 -0.00759048 0.222044 -0.0744776 -0.0320265 -0.00183215 1.0000 0 0 0 0   0 0 0
90 1 2 0 3 2.04012e-07 -0.0138088 -0.0332151 3.6 -0.00442574 0.01744 0.223839 0.110726 0.42881 0.00247926 1.0000 0 0 0 0   0 0 0
91 1 2 0 3 2.03738e-07 0.00993102 -0.0243112 3.6 -0.00190238 -0.000833428 0.220835 -0.0795469 0.35697 0.0018364 1.0000 0 0 0 0   0 0 0
92 1 2 0 3 2.03881e-07 -0.00424169 -0.0169318 3.6 -5.36021e-05 0.00356124 0.22538 0.0339361 0.297562 0.00128802 1.0000 0 0 0 0   0 0 0
93 1 2 0 3 2.03551e-07 0.00405633 -0.0109979 3.6 -0.00325969 -0.0173603 0.228791 -0.0324492 0.249999 0.000839794 1.0000 0 0 0 0   0 0 0
94 1 2 0 3 2.03619e-07 -0.0151651 -0.0063634 3.6 -0.011932 0.00879879 0.225863 0.121315 0.212888 0.0004868 1.0000 0 0 0 0   0 0 0
95 1 2 0 3 2.0352e-07 0.0104904 -0.0495907 3.6 -0.0214462 0.0019918 0.242414 -0.0843244 0.561712 0.00358452 1.0000 0 0 0 0   0 0 0
96 1 2 0 3 2.03517e-07 0.0127089 -0.0154803 3.6 -0.0196225 -0.0234377 0.247736 -0.101724 0.285983 0.0011789 1.0000 0 0 0 0   0 0 0
97 1 2 0 3 2.03647e-07 -0.0104217 -0.0216331 3.6 -0.008673 0.00955876 0.230836 0.0834591 0.335424 0.00163876 1.0000 0 0 0 0   0 0 0
98 1 2 0 3 2.03618e-07 -0.010552 -0.0213701 3.6 -0.0178097 -0.00365923 0.23131 0.0845014 0.33331 0.0016193 1.0000 0 0 0 0   0 0 0
99 1 2 0 3 2.03831e-07 -0.0303328 -0.0235518 3.6 -0.00151487 0.00857876 0.233468 0.243354 0.351173 0.00178054 1.0000 0 0 0 0   0 0 0
100 1 2 0 3 2.03576e-07 0.0195379 -0.0283575 3.6 -0.0322715 0.00237026 0.232073 -0.156606 0.389636 0.00213151 1.0000 0 0 0 0   0 0 0
101 1 2 0 3 2.03678e-07 -0.0308568 -0.0061778 3.6 -0.0116331 0.00135296 0.228666 0.247255 0.211484 0.000472632 1.0000 0 0 0 0   0 0 0
102 1 2 0 3 2.03509e-07 0.00683113 -0.00257232 3.6 -0.0323812 -0.00934432 0.233146 -0.0546467 0.182545 0.000196934 1.0000 0 0 0 0   0 0 0
103 1 2 0 3 2.04407e-07 -0.0168656 0.0126393 3.6 -0.00186681 -0.0176699 0.22632 0.135015 0.0608555 -0.000964266 1.0000 0 0 0 0   0 0 0
104 1 2 0 3 2.03991e-07 -0.0372066 0.00358064 3.6 -0.00532842 -0.00841913 0.24933 0.298436 0.133249 -0.0002741 1.0000 0 0 0 0   0 0 0
105 1 2 0 3 2.0412e-07 -0.0316932 0.0120932 3.6 -0.00465642 -0.0205359 0.245126 0.254003 0.0651124 -0.000922891 1.0000 0 0 0 0   0 0 0
106 1 2 0 3 2.04313e-07 -0.0331742 -0.00911494 3.6 -0.00537042 -0.0124955 0.229054 0.265905 0.235063 0.00069662 1.0000 0 0 0 0   0 0 0
107 1 2 0 3 2.04787e-07 -0.0191372 -0.0294665 3.6 0.0166167 -0.00860181 0.19139 0.153421 0.398596 0.00221153 1.0000 0 0 0 0   0 0 0
108 1 2 0 3 2.04371e-07 -0.0330494 -0.0153122 3.6 0.0118962 -0.00246683 0.225176 0.265035 0.284866 0.00116624 1.0000 0 0 0 0   0 0 0
109 1 2 0 3 2.04038e-07 0.00310493 0.00934495 3.6 -0.02892 -1.61879e-06 0.248029 -0.0248384 0.087248 -0.000714143 1.0000 0 0 0 0   0 0 0
110 1 2 0 3 2.04308e-07 -0.041285 0.0153278 3.6 -0.0158917 0.0012022 0.231641 0.331556 0.0389768 -0.00116743 1.0000 0 0 0 0   0 0 0
111 1 2 0 3 2.04321e-07 -0.0306665 0.00930865 3.6 -0.00655086 -0.015389 0.227005 0.245739 0.0874112 -0.000711378 1.0000 0 0 0 0   0 0 0
112 1 2 0 3 2.0409e-07 -0.0150518 -0.00115044 3.6 -0.0257388 -0.00585082 0.246293 0.120409 0.171168 8.80875e-05 1.0000 0 0 0 0   0 0 0
113 1 2 0 3 2.04398e-07 -0.0247567 -0.00858573 3.6 -0.00973609 0.00504337 0.21231 0.198298 0.230769 0.000656304 1.0000 0 0 0 0   0 0 0
114 1 2 0 3 2.04456e-07 3.44243e-05 -0.0147864 3.6 -0.0166897 0.0230882 0.2092 -0.000275383 0.280352 0.00112655 1.0000 0 0 0 0   0 0 0
115 1 2 0 3 2.04054e-07 -0.0014202 -0.0198536 3.6 -0.00101862 0.0144161 0.230909 0.0113674 0.321056 0.00150651 1.0000 0 0 0 0   0 0 0
116 1 2 0 3 2.04107e-07 0.0186726 -0.0387242 3.6 -0.0143154 -0.00927497 0.219089 -0.149933 0.473593 0.00286375 1.0000 0 0 0 0   0 0 0
117 1 2 0 3 2.03659e-07 -0.0483313 0.00685004 3.6 0.0181456 -0.0209428 0.219297 0.388405 0.106937 -0.000523948 1.0000 0 0 0 0   0 0 0
118 1 2 0 3 2.04498e-07 -0.0249054 -0.00482128 3.6 0.00191295 0.0307412 0.206676 0.199475 0.20059 0.00036897 1.0000 0 0 0 0   0 0 0
119 1 2 0 3 2.0415e-07 0.00710858 -0.0320222 3.6 -0.0172071 0.0072296 0.221983 -0.0569656 0.419053 0.00239457 1.0000 0 0 0 0   0 0 0
120 1 2 0 3 2.04471e-07 0.0183853 -0.0161331 3.6 -0.0248769 0.0125713 0.210466 -0.14724 0.291289 0.00122797 1.0000 0 0 0 0   0 0 0
121 1 2 0 3 2.04286e-07 -0.000232808 -0.0286145 3.6 -0.0167164 0.0341889 0.222892 0.00186513 0.391588 0.00215015 1.0000 0 0 0 0   0 0 0
122 1 2 0 3 2.04148e-07 0.00618831 -0.0131363 3.6 -0.0204851 0.0149598 0.225497 -0.0495044 0.26713 0.00100192 1.0000 0 0 0 0   0 0 0
123 1 2 0 3 2.04169e-07 -0.0260458 -0.0264441 3.6 0.00660572 0.0126949 0.229942 0.208903 0.374385 0.00199253 1.0000 0 0 0 0   0 0 0
124 1 2 0 3 2.042e-07 -0.0322378 -0.00977837 3.6 0.0102652 -0.00310917 0.228724 0.258354 0.240372 0.000747126 1.0000 0 0 0 0   0 0 0
125 1 2 0 3 2.04386e-07 -0.00058895 -0.0241928 3.6 -0.000438753 0.00136688 0.218708 0.00471653 0.355981 0.00182769 1.0000 0 0 0 0   0 0 0
126 1 2 0 3 2.04148e-07 -0.0406945 0.01437 3.6 -0.0101747 0.0100226 0.214497 0.326767 0.0466729 -0.00109512 1.0000 0 0 0 0   0 0 0
127 1 2 0 3 2.04198e-07 -0.0205839 -0.0179231 3.6 0.00447976 0.0012692 0.208973 0.16489 0.305689 0.00136231 1.0000 0 0 0 0   0 0 0
128 1 2 0 3 2.04411e-07 -0.0117354 -0.0108372 3.6 0.0191139 0.00451552 0.210148 0.0938789 0.248713 0.000827585 1.0000 0 0 0 0   0 0 0
129 1 2 0 3 2.04341e-07 -0.0238329 -0.0335723 3.6 0.0243112 0.0130044 0.223533 0.191307 0.431972 0.0025045 1.0000 0 0 0 0   0 0 0
130 1 2 0 3 2.04423e-07 -0.0185675 -0.000504745 3.6 0.0176337 0.00804863 0.205198 0.148583 0.166003 3.86475e-05 1.0000 0 0 0 0   0 0 0
131 1 2 0 3 2.04293e-07 -0.0388058 -0.0112875 3.6 -0.00319831 0.00959544 0.224709 0.311453 0.252616 0.000861805 1.0000 0 0 0 0   0 0 0
132 1 2 0 3 2.04384e-07 -0.0346416 -0.0132352 3.6 0.0114604 -0.00768628 0.212713 0.277844 0.268198 0.00100941 1.0000 0 0 0 0   0 0 0
133 1 2 0 3 2.03665e-07 0.0175344 -0.022529 3.6 -0.012942 0.0187571 0.247251 -0.140475 0.342689 0.00170508 1.0000 0 0 0 0   0 0 0
134 1 2 0 3 2.03852e-07 0.01974 -0.00347249 3.6 -0.0257852 0.0143267 0.249207 -0.158003 0.189764 0.000265824 1.0000 0 0 0 0   0 0 0
135 1 2 0 3 2.03641e-07 0.00503013 -0.0109478 3.6 -0.00827793 0.00735049 0.24603 -0.0402393 0.249598 0.000835988 1.0000 0 0 0 0   0 0 0
136 1 2 0 3 2.03809e-07 0.00494856 -0.0263788 3.6 0.00581417 0.0253759 0.251076 -0.0396397 0.37359 0.00198776 1.0000 0 0 0 0   0 0 0
137 1 2 0 3 2.03872e-07 -0.0119355 -0.00938232 3.6 -0.0173457 0.0057499 0.236845 0.0954803 0.23706 0.00071699 1.0000 0 0 0 0   0 0 0
138 1 2 0 3 2.03811e-07 0.0330467 -0.00289189 3.6 -0.0133083 0.000121133 0.256914 -0.264829 0.185143 0.000221391 1.0000 0 0 0 0   0 0 0
139 1 2 0 3 2.03819e-07 0.0104709 0.0131395 3.6 -0.0152375 0.00667867 0.246472 -0.0837637 0.0569329 -0.00100215 1.0000 0 0 0 0   0 0 0
140 1 2 0 3 2.03689e-07 -0.0085796 0.0103028 3.6 -0.000890968 0.00537362 0.24622 0.0686339 0.0795942 -0.00078698 1.0000 0 0 0 0   0 0 0
141 1 2 0 3 2.0391e-07 -0.00213641 -0.00303621 3.6 -0.003157 0.00931523 0.236897 0.0170906 0.186257 0.000232435 1.0000 0 0 0 0   0 0 0
142 1 2 0 3 2.03925e-07 0.0273285 -0.0302066 3.6 -0.0192699 0.0235464 0.249423 -0.21935 0.404838 0.00226478 1.0000 0 0 0 0   0 0 0
143 1 2 0 3 2.03751e-07 -0.0404762 -0.0138101 3.6 -0.00124049 -0.00229986 0.235998 0.324994 0.272937 0.00105286 1.0000 0 0 0 0   0 0 0
144 1 2 0 3 2.03566e-07 -0.026301 -0.00125364 3.6 -0.0019646 0.00375861 0.226675 0.210671 0.172006 9.59894e-05 1.0000 0 0 0 0   0 0 0
145 1 2 0 3 2.03637e-07 -0.0143991 -0.0276197 3.6 -0.0112301 0.00895694 0.22773 0.115378 0.383631 0.00207801 1.0000 0 0 0 0   0 0 0
146 1 2 0 3 2.03543e-07 -0.0162985 0.0119452 3.6 -0.00514292 -0.00568744 0.236974 0.13046 0.0664163 -0.00091168 1.0000 0 0 0 0   0 0 0
147 1 2 0 3 2.03494e-07 -0.0158061 -0.026166 3.6 -0.0168831 0.00218639 0.229201 0.126647 0.371939 0.00197222 1.0000 0 0 0 0   0 0 0
148 1 2 0 3 2.03543e-07 -0.0301766 -0.00600291 3.6 0.0035078 -0.0105006 0.229179 0.241795 0.21008 0.000459281 1.0000 0 0 0 0   0 0 0
149 1 2 0 3 2.03609e-07 -0.0316349 0.00501582 3.6 -0.0100196 -0.0120712 0.238862 0.253499 0.121782 -0.000383844 1.0000 0 0 0 0   0 0 0
150 1 2 0 3 2.03636e-07 -0.0150681 -0.0227984 3.6 -0.00794668 0.00887475 0.224554 0.120706 0.344836 0.00172502 1.0000 0 0 0 0   0 0 0
151 1 2 0 3 2.03604e-07 -0.0367501 -0.00360231 3.6 0.0012036 -0.000734967 0.224049 0.294745 0.190861 0.000275759 1.0000 0 0 0 0   0 0 0
152 1 2 0 3 2.03623e-07 -0.0152811 -0.0130256 3.6 -0.00852393 0.0154587 0.228151 0.122313 0.266303 0.000993525 1.0000 0 0 0 0   0 0 0
153 1 2 0 3 2.0424e-07 -0.0273256 -0.0187869 3.6 0.00734871 0.0198373 0.222508 0.218982 0.312682 0.00142695 1.0000 0 0 0 0   0 0 0
154 1 2 0 3 2.04355e-07 -0.0346914 0.00215902 3.6 -0.00923647 0.0140882 0.21514 0.278091 0.144659 -0.000165304 1.0000 0 0 0 0   0 0 0
155 1 2 0 3 2.04275e-07 -0.0134926 -0.0318086 3.6 -0.0266494 0.00964266 0.22233 0.108153 0.417401 0.00237933 1.0000 0 0 0 0   0 0 0
156 1 2 0 3 2.04096e-07 -0.00895307 -0.0167111 3.6 -0.00118607 0.0149305 0.232937 0.0716498 0.29583 0.00127142 1.0000 0 0 0 0   0 0 0
157 1 2 0 3 2.04294e-07 0.0165014 -0.0165552 3.6 -0.00803412 -0.00376948 0.221383 -0.132138 0.29466 0.0012597 1.0000 0 0 0 0   0 0 0
158 1 2 0 3 2.04225e-07 0.00755102 -0.0224781 3.6 0.00539855 0.0137255 0.224246 -0.0604683 0.342203 0.00170131 1.0000 0 0 0 0   0 0 0
159 1 2 0 3 2.04224e-07 -0.00456764 -0.0403138 3.6 -0.000421895 0.0142552 0.227972 0.0366607 0.486278 0.00297259 1.0000 0 0 0 0   0 0 0
160 1 2 0 3 2.04327e-07 -0.0143087 -0.0351274 3.6 0.00259265 0.0219455 0.21094 0.114784 0.444326 0.00261399 1.0000 0 0 0 0   0 0 0
161 1 2 0 3 2.04216e-07 -0.0188528 -0.0287191 3.6 0.00336275 0.0218973 0.219711 0.151111 0.392539 0.00215773 1.0000 0 0 0 0   0 0 0
162 1 2 0 3 2.04018e-07 0.00542766 -0.0205027 3.6 0.01302 0.00330852 0.209199 -0.0434514 0.326295 0.00155483 1.0000 0 0 0 0   0 0 0
163 1 2 0 3 2.03658e-07 0.015256 -0.0237749 3.6 -0.00294597 -0.000614979 0.247047 -0.12222 0.352693 0.00179695 1.0000 0 0 0 0   0 0 0
164 1 2 0 3 2.03625e-07 -0.0105574 -0.0301965 3.6 0.00349237 -0.00565548 0.24949 0.0845995 0.404359 0.00226405 1.0000 0 0 0 0   0 0 0
165 1 2 0 3 2.03928e-07 0.0210483 -0.0216826 3.6 -0.00932308 0.00531217 0.257592 -0.168647 0.335911 0.00164242 1.0000 0 0 0 0   0 0 0
166 1 2 0 3 2.03637e-07 0.00430112 -0.0359403 3.6 0.000165438 0.00375143 0.251705 -0.0344903 0.450763 0.00267087 1.0000 0 0 0 0   0 0 0
167 1 2 0 3 2.03742e-07 -0.0393537 -0.0471031 3.6 0.020909 0.0149368 0.256835 0.317259 0.542714 0.00342431 1.0000 0 0 0 0   0 0 0
168 1 2 0 3 2.03615e-07 -0.0127851 -0.00847924 3.6 -0.00467005 0.00290762 0.239811 0.102277 0.229828 0.000648192 1.0000 0 0 0 0   0 0 0
169 1 2 0 3 2.03688e-07 -0.00664238 -0.0361973 3.6 0.00106608 -0.000361701 0.244984 0.053272 0.452873 0.00268885 1.0000 0 0 0 0   0 0 0
170 1 2 0 3 2.03669e-07 -0.00624023 -0.0375058 3.6 0.00954286 0.00203513 0.255769 0.05006 0.463491 0.00277965 1.0000 0 0 0 0   0 0 0
171 1 2 0 3 2.03678e-07 -0.0205003 -0.0109278 3.6 0.0121531 -0.014988 0.245736 0.164157 0.249524 0.000834466 1.0000 0 0 0 0   0 0 0
172 1 2 0 3 2.03698e-07 -0.0291315 -0.0373248 3.6 0.0109086 -0.00422354 0.252973 0.234064 0.462502 0.00276711 1.0000 0 0 0 0   0 0 0
173 1 2 0 3 2.04529e-07 -0.00966044 0.00746159 3.6 -0.0325777 0.0074082 0.203168 0.0772802 0.102299 -0.000570631 1.0000 0 0 0 0   0 0 0
174 1 2 0 3 2.04218e-07 -0.0102989 0.00852441 3.6 -0.0281608 0.000781649 0.235432 0.0823877 0.0938054 -0.000651633 1.0000 0 0 0 0   0 0 0
175 1 2 0 3 2.04518e-07 -0.00744392 0.00538628 3.6 -0.0478464 0.0372056 0.2189 0.0595488 0.118889 -0.000412166 1.0000 0 0 0 0   0 0 0
176 1 2 0 3 2.04381e-07 -0.0306151 0.0140736 3.6 -0.0170847 -0.01083 0.219943 0.24535 0.0492699 -0.00107275 1.0000 0 0 0 0   0 0 0
177 1 2 0 3 2.04277e-07 0.0021149 0.0274048 3.6 -0.0145577 -0.0123553 0.23128 -0.016942 -0.0572208 -0.00206243 1.0000 0 0 0 0   0 0 0
178 1 2 0 3 2.04219e-07 0.0230169 -0.023005 3.6 -0.0290618 0.0295914 0.24366 -0.184446 0.34656 0.00174031 1.0000 0 0 0 0   0 0 0
179 1 2 0 3 2.04233e-07 -0.0054159 0.00867018 3.6 -0.011307 -0.00250264 0.225939 0.0433254 0.0926405 -0.000662738 1.0000 0 0 0 0   0 0 0
180 1 2 0 3 2.04289e-07 0.0209389 -0.0138318 3.6 -0.0300468 0.0196568 0.22994 -0.167702 0.272833 0.00105449 1.0000 0 0 0 0   0 0 0
181 1 2 0 3 2.03709e-07 -0.00829432 -0.0218448 3.6 -0.000473182 -0.0030936 0.25465 0.066418 0.337112 0.00165443 1.0000 0 0 0 0   0 0 0
182 1 2 0 3 2.03739e-07 -0.0104398 0.0245903 3.6 0.0143595 -0.0109575 0.259797 0.0836258 -0.0347294 -0.00185692 1.0000 0 0 0 0   0 0 0
183 1 2 0 3 2.03668e-07 -0.024325 0.0208243 3.6 0.00392365 -0.00183219 0.244918 0.194923 -0.00470485 -0.00157877 1.0000 0 0 0 0   0 0 0
184 1 2 0 3 2.03769e-07 0.00991776 0.0113891 3.6 -0.00840202 -0.00654298 0.256487 -0.0793387 0.0709154 -0.000869521 1.0000 0 0 0 0   0 0 0
185 1 2 0 3 2.03689e-07 0.00384675 -0.000441991 3.6 -0.00658991 0.00492655 0.248237 -0.0307727 0.1655 3.38425e-05 1.0000 0 0 0 0   0 0 0
186 1 2 0 3 2.03652e-07 -0.00889766 -0.0273751 3.6 -0.0144615 -0.000340884 0.258168 0.0712842 0.381629 0.00206027 1.0000 0 0 0 0   0 0 0
187 1 2 0 3 2.03685e-07 -0.00893957 -0.00981901 3.6 0.00598986 -0.0129379 0.246948 0.0715136 0.240557 0.000750215 1.0000 0 0 0 0   0 0 0
188 1 2 0 3 2.03773e-07 0.0284221 0.00219682 3.6 -0.00926334 -0.0115882 0.253807 -0.227701 0.144366 -0.000168197 1.0000 0 0 0 0   0 0 0
189 1 2 0 3 2.0366e-07 -0.013784 -0.00963587 3.6 -0.00382136 -0.0126824 0.251452 0.110268 0.23909 0.000736298 1.0000 0 0 0 0   0 0 0
190 1 2 0 3 2.03973e-07 0.0134895 -0.00219645 3.6 -0.0139901 0.00936841 0.243714 -0.107911 0.179537 0.000168169 1.0000 0 0 0 0   0 0 0
191 1 2 0 3 2.0391e-07 0.00392694 0.00124056 3.6 -0.00872091 0.00976983 0.251253 -0.0314142 0.15204 -9.49885e-05 1.0000 0 0 0 0   0 0 0
192 1 2 0 3 2.03858e-07 -0.000355235 -0.00604898 3.6 -0.0171792 0.00466943 0.24976 0.00284176 0.21037 0.000462797 1.0000 0 0 0 0   0 0 0
193 1 2 0 3 2.03799e-07 0.00571084 0.0200605 3.6 -0.00972945 -0.00767155 0.249515 -0.0457162 0.00156411 -0.00152191 1.0000 0 0 0 0   0 0 0
194 1 2 0 3 2.03659e-07 0.00299979 0.00824681 3.6 -0.00994422 0.00170502 0.248785 -0.0239973 0.0960238 -0.000630485 1.0000 0 0 0 0   0 0 0
195 1 2 0 3 2.03905e-07 -0.0124791 0.0013443 3.6 0.0105072 0.0155086 0.250585 0.0998282 0.151211 -0.000102931 1.0000 0 0 0 0   0 0 0
196 1 2 0 3 2.04034e-07 -0.00576239 0.0222186 3.6 -0.000668238 -0.0210833 0.238821 0.0461411 -0.0157165 -0.0016821 1.0000 0 0 0 0   0 0 0
197 1 2 0 3 2.03835e-07 0.00977881 0.013003 3.6 0.00169717 0.00464412 0.245935 -0.0782272 0.0580234 -0.000991813 1.0000 0 0 0 0   0 0 0
198 1 2 0 3 2.03946e-07 -0.0278335 -0.0655695 3.6 0.0130918 0.0380105 0.257114 0.224985 0.693914 0.00453046 1.0000 0 0 0 0   0 0 0
199 1 2 0 3 2.0385e-07 -0.0247915 0.0102366 3.6 -0.00242364 -0.00163745 0.248774 0.198588 0.0800141 -0.000781948 1.0000 0 0 0 0   0 0 0
200 1 2 0 3 2.03611e-07 -0.014193 0.0187267 3.6 0.00737535 -0.00372595 0.247977 0.113654 0.0121685 -0.00142244 1.0000 0 0 0 0   0 0 0
0 1 2 0 4 2.10364e-07 -0.00641636 -0.0113534 5.4 0 0 0.204 0 0 0 1.0000 0 0 0 0   0 0 0
1 1 2 0 4 2.10127e-07 -0.04498 -0.0365488 5.4 0.0112731 -0.0144185 0.238586 0.362321 0.456988 0.00271339 1.0000 0 0 0 0   0 0 0
2 1 2 0 4 2.10179e-07 -0.00469124 -0.00569935 5.4 0.0115759 -0.0106876 0.22211 0.0375283 0.207571 0.000436101 1.0000 0 0 0 0   0 0 0
3 1 2 0 4 2.10313e-07 -0.0122657 -0.0235477 5.4 0.0289798 0.0133939 0.236564 0.0982498 0.350842 0.00178023 1.0000 0 0 0 0   0 0 0
4 1 2 0 4 2.10216e-07 -0.00734976 -0.0238611 5.4 0.00202525 0.0208381 0.22495 0.0588641 0.353332 0.00180329 1.0000 0 0 0 0   0 0 0
5 1 2 0 4 2.10203e-07 -0.0257636 -0.0304461 5.4 0.0172314 0.0105683 0.225184 0.206757 0.406727 0.002282 1.0000 0 0 0 0   0 0 0
6 1 2 0 4 2.10264e-07 -0.00916358 -0.0138 5.4 0.00799385 0.0117764 0.228081 0.0733055 0.272448 0.00105209 1.0000 0 0 0 0   0 0 0
7 1 2 0 4 2.10279e-07 -0.0220921 -0.0183152 5.4 0.0294356 0.0074869 0.226967 0.176991 0.308853 0.00139165 1.0000 0 0 0 0   0 0 0
8 1 2 0 4 2.10294e-07 -0.0019914 -0.022347 5.4 0.0103132 -0.00303092 0.220354 0.0159448 0.341124 0.0016916 1.0000 0 0 0 0   0 0 0
9 1 2 0 4 2.10073e-07 -0.0271741 -0.0386711 5.4 -0.00794453 -0.0068456 0.239629 0.218335 0.473363 0.00286011 1.0000 0 0 0 0   0 0 0
10 1 2 0 4 2.10236e-07 0.017704 -0.040323 5.4 -0.0245815 0.0300813 0.256464 -0.142179 0.486543 0.00297321 1.0000 0 0 0 0   0 0 0
11 1 2 0 4 2.10494e-07 -0.00803497 -0.0301794 5.4 -0.0193896 0.0268805 0.256388 0.0643833 0.404211 0.00226282 1.0000 0 0 0 0   0 0 0
12 1 2 0 4 2.10389e-07 -0.0311813 0.0333695 5.4 -0.000227745 -0.00998139 0.251205 0.250475 -0.105573 -0.00249017 1.0000 0 0 0 0   0 0 0
14 1 2 0 4 2.10446e-07 -0.0203724 0.0257947 5.4 -0.016163 -0.00201402 0.254418 0.163258 -0.0444368 -0.00194509 1.0000 0 0 0 0   0 0 0
15 1 2 0 4 2.10311e-07 -0.0130048 -0.00418366 5.4 -0.016928 0.011065 0.252833 0.104034 0.19544 0.000320223 1.0000 0 0 0 0   0 0 0
16 1 2 0 4 2.10405e-07 -0.0175867 0.0278837 5.4 -0.0127411 0.0125078 0.253566 0.140934 -0.0611266 -0.00209715 1.0000 0 0 0 0   0 0 0
17 1 2 0 4 2.10322e-07 -0.0192057 0.00871531 5.4 -0.0112016 0.0144977 0.254705 0.153749 0.0922297 -0.000666176 1.0000 0 0 0 0   0 0 0
18 1 2 0 4 2.10336e-07 -0.0210493 0.0171503 5.4 -0.00323217 -0.00155967 0.257328 0.168616 0.0247173 -0.00130444 1.0000 0 0 0 0   0 0 0
19 1 2 0 4 2.10411e-07 -0.0128503 -0.0135189 5.4 0.0108444 -0.00693394 0.226254 0.102833 0.270232 0.00103087 1.0000 0 0 0 0   0 0 0
20 1 2 0 4 2.10473e-07 -0.004927 -0.01904 5.4 0.00500266 -0.0286262 0.224286 0.0394344 0.314524 0.00144589 1.0000 0 0 0 0   0 0 0
21 1 2 0 4 2.10306e-07 0.0184034 0.0103884 5.4 0.00671519 -0.0223558 0.216953 -0.147327 0.0788503 -0.000793482 1.0000 0 0 0 0   0 0 0
22 1 2 0 4 2.10263e-07 0.00162185 -0.0320113 5.4 -0.000123365 -0.010601 0.221835 -0.0129963 0.418954 0.00239379 1.0000 0 0 0 0   0 0 0
23 1 2 0 4 2.10117e-07 -0.000335966 -0.0241292 5.4 -0.0272964 -0.00727217 0.216737 0.00269052 0.355469 0.00182301 1.0000 0 0 0 0   0 0 0
24 1 2 0 4 2.10253e-07 0.0119561 0.00471817 5.4 0.00145403 -0.0175783 0.218942 -0.0956447 0.12423 -0.000361088 1.0000 0 0 0 0   0 0 0
25 1 2 0 4 2.1047e-07 -0.0298562 -0.00804184 5.4 0.0228447 0.0127277 0.220791 0.239229 0.226431 0.000614869 1.0000 0 0 0 0   0 0 0
26 1 2 0 4 2.10281e-07 -0.0148211 -0.0242592 5.4 0.00313079 -0.0298655 0.218998 0.118737 0.356586 0.00183257 1.0000 0 0 0 0   0 0 0
27 1 2 0 4 2.10547e-07 0.00141805 -0.0322286 5.4 0.00117022 -0.00867072 0.235521 -0.0113634 0.420705 0.00240929 1.0000 0 0 0 0   0 0 0
28 1 2 0 4 2.10321e-07 -0.0317287 0.00137816 5.4 0.00301017 -0.0129694 0.263179 0.254246 0.150921 -0.000105524 1.0000 0 0 0 0   0 0 0
29 1 2 0 4 2.10273e-07 -0.0405394 0.0289293 5.4 -0.006568 -0.0206476 0.266168 0.325827 -0.070161 -0.00217289 1.0000 0 0 0 0   0 0 0
30 1 2 0 4 2.10174e-07 -0.0179905 -0.0123862 5.4 0.014108 -0.00253905 0.247461 0.144036 0.261202 0.000945088 1.0000 0 0 0 0   0 0 0
31 1 2 0 4 2.10252e-07 -0.0602577 0.0130433 5.4 -0.000241422 -0.00835873 0.266231 0.485812 0.0568847 -0.000994873 1.0000 0 0 0 0   0 0 0
32 1 2 0 4 2.10207e-07 -0.0180792 -0.00513947 5.4 -0.00397358 -0.00222239 0.263091 0.14468 0.203105 0.000393297 1.0000 0 0 0 0   0 0 0
33 1 2 0 4 2.10238e-07 -0.0187629 -0.0064616 5.4 0.0127753 -0.00322856 0.249625 0.150178 0.213702 0.000494296 1.0000 0 0 0 0   0 0 0
34 1 2 0 4 2.105e-07 -0.0825287 0.00664775 5.4 0.0207981 -0.0120192 0.279992 0.669481 0.108057 -0.000508506 1.0000 0 0 0 0   0 0 0
35 1 2 0 4 2.10455e-07 -0.0758106 -0.00131384 5.4 0.00984208 -0.00286104 0.277129 0.613743 0.172601 0.000100599 1.0000 0 0 0 0   0 0 0
36 1 2 0 4 2.10203e-07 -0.00275651 -0.0112977 5.4 0.00812105 -0.011874 0.246475 0.0220512 0.252401 0.000862577 1.0000 0 0 0 0   0 0 0
37 1 2 0 4 2.10439e-07 -0.0619077 0.0078012 5.4 -0.00373924 -0.0183991 0.269545 0.499196 0.0990866 -0.000596537 1.0000 0 0 0 0   0 0 0
38 1 2 0 4 2.10386e-07 -0.00414147 -0.00902973 5.4 -0.0190057 -0.0268257 0.222007 0.0331304 0.234237 0.000690129 1.0000 0 0 0 0   0 0 0
39 1 2 0 4 2.1503e-07 -0.123011 -0.0822704 5.4 0.0273418 0.00563267 0.135228 1.03005 0.853849 0.00533568 1.0000 0 0 0 0   0 0 0
40 1 2 0 4 2.10441e-07 0.00730885 -0.0187756 5.4 -0.00123987 -0.00814123 0.200569 -0.0585025 0.312414 0.0014261 1.0000 0 0 0 0   0 0 0
41 1 2 0 4 2.10563e-07 -0.0380544 -0.000369729 5.4 0.0137236 -0.00691724 0.233045 0.30528 0.16493 2.83095e-05 1.0000 0 0 0 0   0 0 0
42 1 2 0 4 2.10435e-07 -0.0333668 -0.0231477 5.4 0.000788618 -0.0180301 0.219805 0.267809 0.348002 0.00175082 1.0000 0 0 0 0   0 0 0
43 1 2 0 4 2.10688e-07 -0.0017903 -0.0424 5.4 -0.0018279 -0.00259615 0.262564 0.0143739 0.503213 0.0031136 1.0000 0 0 0 0   0 0 0
44 1 2 0 4 2.10607e-07 -0.00498646 -0.0258859 5.4 -0.00533829 -0.0130848 0.230283 0.0399416 0.369622 0.00195175 1.0000 0 0 0 0   0 0 0
45 1 2 0 4 2.10521e-07 -0.0557236 0.0307328 5.4 0.00915137 -0.015144 0.257504 0.449449 -0.0854798 -0.00230261 1.0000 0 0 0 0   0 0 0
46 1 2 0 4 2.10737e-07 -0.0101405 0.00321775 5.4 0.0141313 -0.0191271 0.248332 0.0811208 0.136228 -0.000246329 1.0000 0 0 0 0   0 0 0
47 1 2 0 4 2.11002e-07 -0.000486849 -0.0015359 5.4 0.0315202 -0.0209102 0.242897 0.00389463 0.174251 0.000117602 1.0000 0 0 0 0   0 0 0
48 1 2 0 4 2.10748e-07 -0.0315903 0.00356694 5.4 0.0211387 -0.0277766 0.247841 0.253138 0.133387 -0.000273052 1.0000 0 0 0 0   0 0 0
49 1 2 0 4 2.10696e-07 -0.0299119 -0.0287575 5.4 -0.0143571 -0.0387479 0.241682 0.240118 0.393198 0.00216052 1.0000 0 0 0 0   0 0 0
50 1 2 0 4 2.11197e-07 -0.0390829 -0.0302228 5.4 0.0347446 0.0116652 0.222338 0.314105 0.405285 0.00226594 1.0000 0 0 0 0   0 0 0
51 1 2 0 4 2.09961e-07 -0.0286483 0.0144324 5.4 0.0222853 -0.00397074 0.243162 0.229568 0.0464101 -0.00109983 1.0000 0 0 0 0   0 0 0
52 1 2 0 4 2.09967e-07 0.0369349 0.0151875 5.4 -0.0146287 -0.00922779 0.257861 -0.29641 0.040188 -0.00115683 1.0000 0 0 0 0   0 0 0
53 1 2 0 4 2.10345e-07 -0.0159263 -0.0168881 5.4 -0.0353725 -0.00239398 0.221487 0.12753 0.297329 0.00128473 1.0000 0 0 0 0   0 0 0
54 1 2 0 4 2.10433e-07 -0.0302974 -0.0146753 5.4 -0.0144335 0.0168505 0.229156 0.242804 0.279673 0.00111817 1.0000 0 0 0 0   0 0 0
55 1 2 0 4 2.10513e-07 -0.0147295 -0.0145957 5.4 -0.00998962 0.0140825 0.236673 0.11791 0.278902 0.00111216 1.0000 0 0 0 0   0 0 0
56 1 2 0 4 2.10361e-07 0.00694683 -0.0326048 5.4 -0.00736741 0.00770323 0.235826 -0.0556709 0.423747 0.00243612 1.0000 0 0 0 0   0 0 0
57 1 2 0 4 2.10571e-07 -0.00416051 -0.0303252 5.4 0.00221811 0.00903446 0.236307 0.0333364 0.405373 0.00227331 1.0000 0 0 0 0   0 0 0
58 1 2 0 4 2.10549e-07 -0.0165843 -0.0165689 5.4 -0.020845 0.00331938 0.236762 0.132802 0.294771 0.00126073 1.0000 0 0 0 0   0 0 0
59 1 2 0 4 2.10261e-07 -0.00265931 -0.0249743 5.4 0.00690893 -0.00638608 0.217989 0.0212987 0.362275 0.00188516 1.0000 0 0 0 0   0 0 0
60 1 2 0 4 2.10405e-07 -0.00118704 -0.016109 5.4 -0.0115747 0.00502728 0.223215 0.00949591 0.290951 0.00122616 1.0000 0 0 0 0   0 0 0
61 1 2 0 4 2.10407e-07 -0.00712718 -0.0276757 5.4 -0.0091311 0.0022894 0.226942 0.057099 0.384042 0.00208207 1.0000 0 0 0 0   0 0 0
62 1 2 0 4 2.10445e-07 -0.0256625 -0.00940018 5.4 -0.00404049 0.00652144 0.241882 0.205573 0.237307 0.00071835 1.0000 0 0 0 0   0 0 0
63 1 2 0 4 2.10489e-07 -0.0225773 -0.0198266 5.4 -0.0153681 0.00558864 0.231826 0.180896 0.321003 0.0015045 1.0000 0 0 0 0   0 0 0
64 1 2 0 4 2.10715e-07 0.000961819 0.0101981 5.4 -0.0126543 -0.0151587 0.25128 -0.00769423 0.0804308 -0.000779023 1.0000 0 0 0 0   0 0 0
65 1 2 0 4 2.10504e-07 -0.069878 0.0340739 5.4 0.0157358 0.0280764 0.28397 0.56605 -0.113516 -0.00253994 1.0000 0 0 0 0   0 0 0
66 1 2 0 4 2.10862e-07 -0.00810966 0.0059526 5.4 0.00844074 -0.02018 0.234208 0.0648745 0.114361 -0.000455441 1.0000 0 0 0 0   0 0 0
67 1 2 0 4 2.1076e-07 -0.00582257 0.00346774 5.4 0.00985379 -0.0218017 0.245721 0.0465786 0.134229 -0.000265461 1.0000 0 0 0 0   0 0 0
68 1 2 0 4 2.10581e-07 -0.0343223 0.0141083 5.4 0.0166249 0.039126 0.250073 0.275285 0.0488998 -0.00107537 1.0000 0 0 0 0   0 0 0
69 1 2 0 4 2.10937e-07 -0.0167401 -0.0033719 5.4 -0.00653763 0.0454089 0.241497 0.133921 0.188944 0.000258126 1.0000 0 0 0 0   0 0 0
70 1 2 0 4 2.10954e-07 -0.0241949 0.0119875 5.4 0.00545285 -0.0315508 0.238889 0.193812 0.0660055 -0.000914886 1.0000 0 0 0 0   0 0 0
71 1 2 0 4 2.1111e-07 0.00840977 -0.0162278 5.4 -0.0117633 -0.0237648 0.227014 -0.0672938 0.291939 0.00123509 1.0000 0 0 0 0   0 0 0
72 1 2 0 4 2.10571e-07 -0.0147477 0.0199805 5.4 0.0160819 0.0103141 0.227912 0.118113 0.00212838 -0.00151596 1.0000 0 0 0 0   0 0 0
73 1 2 0 4 2.10851e-07 -0.00862113 0.0301665 5.4 0.010575 -0.0143601 0.2396 0.0690807 -0.0793371 -0.00226189 1.0000 0 0 0 0   0 0 0
74 1 2 0 4 2.10238e-07 -0.0154696 -0.0291281 5.4 -0.00145666 0.00357107 0.223554 0.123969 0.395782 0.00218719 1.0000 0 0 0 0   0 0 0
75 1 2 0 4 2.10415e-07 0.000869075 -0.00825006 5.4 -0.00553867 -0.0135622 0.241523 -0.00695231 0.227993 0.000630732 1.0000 0 0 0 0   0 0 0
76 1 2 0 4 2.10492e-07 -0.00133216 -0.0223624 5.4 0.0102089 -0.0110411 0.239463 0.0106663 0.341247 0.00169274 1.0000 0 0 0 0   0 0 0
77 1 2 0 4 2.10298e-07 -0.00719678 -0.0119007 5.4 0.00517717 -0.00691108 0.228988 0.0575718 0.257231 0.00090831 1.0000 0 0 0 0   0 0 0
78 1 2 0 4 2.10254e-07 -0.0243639 -0.0299328 5.4 0.0125255 0.00371546 0.230537 0.195474 0.402533 0.00224508 1.0000 0 0 0 0   0 0 0
79 1 2 0 4 2.10365e-07 0.00421411 -0.0160259 5.4 -5.05643e-05 0.0056158 0.235491 -0.0337115 0.290285 0.00121991 1.0000 0 0 0 0   0 0 0
80 1 2 0 4 2.10317e-07 -0.0148323 -0.0140819 5.4 -0.00627036 0.00758661 0.241698 0.118728 0.274777 0.00107337 1.0000 0 0 0 0   0 0 0
81 1 2 0 4 2.10286e-07 -0.0148934 -0.0323537 5.4 0.0202211 -0.00604078 0.230897 0.119413 0.421855 0.00241821 1.0000 0 0 0 0   0 0 0
82 1 2 0 4 2.10285e-07 -0.0140513 -0.0113911 5.4 -0.00622578 -0.00308492 0.22342 0.112433 0.253171 0.000869673 1.0000 0 0 0 0   0 0 0
83 1 2 0 4 2.10339e-07 -0.0131287 -0.0177777 5.4 0.00715775 0.00397308 0.231388 0.105115 0.304447 0.00135143 1.0000 0 0 0 0   0 0 0
84 1 2 0 4 2.10658e-07 -0.0175554 -0.0257692 5.4 0.0231827 -0.000397112 0.236871 0.140669 0.368758 0.00194323 1.0000 0 0 0 0   0 0 0
85 1 2 0 4 2.10412e-07 -0.0367741 -0.0178248 5.4 0.00716233 -0.0047682 0.225101 0.295171 0.305184 0.00135495 1.0000 0 0 0 0   0 0 0
86 1 2 0 4 2.10488e-07 -0.0163584 -0.0319251 5.4 0.000593262 -0.00740036 0.227368 0.131167 0.418421 0.00238764 1.0000 0 0 0 0   0 0 0
87 1 2 0 4 2.1039e-07 -0.0147005 -0.0171934 5.4 -0.0212836 -0.0100835 0.221488 0.117707 0.299768 0.00130768 1.0000 0 0 0 0   0 0 0
88 1 2 0 4 2.10399e-07 -0.0309946 -0.0126607 5.4 -0.0196642 -0.021807 0.225125 0.248389 0.263501 0.000965885 1.0000 0 0 0 0   0 0 0
89 1 2 0 4 2.10309e-07 -0.0277245 -0.0357882 5.4 0.00609443 0.0149132 0.219524 0.222694 0.450021 0.00266023 1.0000 0 0 0 0   0 0 0
90 1 2 0 4 2.10653e-07 -0.0095883 0.00560831 5.4 -0.000165608 -0.0224364 0.241491 0.0767031 0.117114 -0.000429142 1.0000 0 0 0 0   0 0 0
91 1 2 0 4 2.10398e-07 -0.028612 0.00403995 5.4 0.00577585 -0.00449613 0.228524 0.229229 0.129605 -0.000309236 1.0000 0 0 0 0   0 0 0
92 1 2 0 4 2.10494e-07 -0.0209308 -0.00734211 5.4 0.000101275 -0.00511703 0.238238 0.167583 0.220774 0.000561511 1.0000 0 0 0 0   0 0 0
93 1 2 0 4 2.10206e-07 -0.0241062 0.00171939 5.4 0.00675877 0.0172188 0.225018 0.193051 0.148195 -0.000131652 1.0000 0 0 0 0   0 0 0
94 1 2 0 4 2.10284e-07 0.00250206 -0.0231747 5.4 0.00341308 -0.00514912 0.226296 -0.0200355 0.347787 0.0017528 1.0000 0 0 0 0   0 0 0
95 1 2 0 4 2.10178e-07 -0.0232351 0.0290278 5.4 0.0249937 -0.00924571 0.236423 0.186362 -0.0704688 -0.00217998 1.0000 0 0 0 0   0 0 0
96 1 2 0 4 2.10144e-07 -0.0317119 0.00250787 5.4 0.022722 0.0229985 0.239684 0.254113 0.141871 -0.000192001 1.0000 0 0 0 0   0 0 0
97 1 2 0 4 2.10273e-07 -0.00880096 -0.0048075 5.4 0.00299776 -0.0133225 0.233278 0.0704047 0.200433 0.000367917 1.0000 0 0 0 0   0 0 0
98 1 2 0 4 2.10269e-07 -0.00272038 0.00138813 5.4 0.0155037 -0.000274056 0.230574 0.0217621 0.15086 -0.000106288 1.0000 0 0 0 0   0 0 0
99 1 2 0 4 2.10429e-07 0.00814569 0.0010469 5.4 0.00578354 -0.0124495 0.243595 -0.0651627 0.153589 -8.01602e-05 1.0000 0 0 0 0   0 0 0
100 1 2 0 4 2.10295e-07 -0.0188685 0.00640188 5.4 0.0342261 -0.00921442 0.229237 0.151024 0.110742 -0.000489737 1.0000 0 0 0 0   0 0 0
101 1 2 0 4 2.10334e-07 0.0155635 -0.0176606 5.4 0.00575251 -0.000137016 0.232456 -0.124629 0.303532 0.00134267 1.0000 0 0 0 0   0 0 0
102 1 2 0 4 2.1022e-07 -0.00510135 -0.0116348 5.4 0.0317385 0.0104661 0.226433 0.040809 0.255101 0.000888166 1.0000 0 0 0 0   0 0 0
103 1 2 0 4 2.11045e-07 -0.0144259 -0.0343292 5.4 0.00546513 0.0186413 0.238772 0.115707 0.437857 0.00255799 1.0000 0 0 0 0   0 0 0
104 1 2 0 4 2.10516e-07 -0.000438798 -0.0285207 5.4 0.00300816 0.0036472 0.263418 0.00351539 0.390833 0.00214335 1.0000 0 0 0 0   0 0 0
105 1 2 0 4 2.10678e-07 -0.00571777 -0.038235 5.4 0.00202656 0.0195357 0.260604 0.0458749 0.469406 0.00283014 1.0000 0 0 0 0   0 0 0
106 1 2 0 4 2.10921e-07 0.00381173 -0.014686 5.4 -0.00173839 0.00607351 0.24435 -0.0304926 0.279547 0.00111897 1.0000 0 0 0 0   0 0 0
107 1 2 0 4 2.11716e-07 -0.0177457 0.00484697 5.4 -0.0169895 -0.00739602 0.175192 0.142002 0.123189 -0.000370935 1.0000 0 0 0 0   0 0 0
108 1 2 0 4 2.1097e-07 0.00435137 -0.00892014 5.4 -0.0154209 -0.00161594 0.24276 -0.0348095 0.233359 0.00068178 1.0000 0 0 0 0   0 0 0
109 1 2 0 4 2.10633e-07 -0.0379236 -0.0402615 5.4 0.0298384 -0.00273608 0.261035 0.305267 0.486796 0.00296901 1.0000 0 0 0 0   0 0 0
110 1 2 0 4 2.10951e-07 0.0121428 -0.0450554 5.4 0.0129235 0.00624303 0.244858 -0.0975549 0.524872 0.00329024 1.0000 0 0 0 0   0 0 0
111 1 2 0 4 2.1095e-07 0.00253826 -0.0314007 5.4 0.00606915 0.0136048 0.240778 -0.0203391 0.414036 0.00235025 1.0000 0 0 0 0   0 0 0
112 1 2 0 4 2.10671e-07 -0.0203251 -0.019708 5.4 0.0251253 0.005655 0.257896 0.16283 0.320031 0.00149567 1.0000 0 0 0 0   0 0 0
113 1 2 0 4 2.11109e-07 0.00370614 -0.0217241 5.4 0.000362203 -0.00680252 0.224065 -0.0296728 0.336115 0.0016455 1.0000 0 0 0 0   0 0 0
114 1 2 0 4 2.11233e-07 -0.00885605 -0.0215004 5.4 0.016695 -0.0192612 0.217051 0.0709153 0.334344 0.00162894 1.0000 0 0 0 0   0 0 0
115 1 2 0 4 2.10641e-07 -0.0288731 -0.00172257 5.4 0.00417415 -0.0157166 0.248159 0.231321 0.175766 0.000131895 1.0000 0 0 0 0   0 0 0
116 1 2 0 4 2.10817e-07 -0.034117 0.0254074 5.4 0.016466 -0.0059943 0.233991 0.273924 -0.0417306 -0.0019168 1.0000 0 0 0 0   0 0 0
117 1 2 0 4 2.10357e-07 0.0117809 -0.0127912 5.4 -0.0226805 0.0201926 0.224046 -0.094253 0.264377 0.000975773 1.0000 0 0 0 0   0 0 0
118 1 2 0 4 2.11267e-07 -0.00147888 -0.0412628 5.4 -0.00824742 -0.0229801 0.214172 0.0118713 0.493974 0.00303681 1.0000 0 0 0 0   0 0 0
119 1 2 0 4 2.1082e-07 -0.0246277 0.00639252 5.4 0.0166409 -0.0145697 0.239879 0.197252 0.110783 -0.000489022 1.0000 0 0 0 0   0 0 0
120 1 2 0 4 2.11275e-07 -0.0204207 -0.012216 5.4 0.0317339 -0.0109374 0.21562 0.163529 0.25986 0.000932199 1.0000 0 0 0 0   0 0 0
121 1 2 0 4 2.11003e-07 -0.0189359 -0.00277896 5.4 0.0121382 -0.0387068 0.23694 0.151546 0.184208 0.000212748 1.0000 0 0 0 0   0 0 0
122 1 2 0 4 2.10809e-07 -0.0289748 -0.011839 5.4 0.0210092 -0.0169852 0.24205 0.232173 0.256894 0.000903638 1.0000 0 0 0 0   0 0 0
123 1 2 0 4 2.10754e-07 -0.00573323 0.000280511 5.4 -0.00777986 -0.0149421 0.248818 0.0458639 0.15972 -2.14785e-05 1.0000 0 0 0 0   0 0 0
124 1 2 0 4 2.1078e-07 0.00203508 -0.013229 5.4 -0.0127882 0.00157307 0.24791 -0.0162799 0.267872 0.00100893 1.0000 0 0 0 0   0 0 0
125 1 2 0 4 2.11041e-07 -0.0260121 0.00240487 5.4 0.00284736 -0.0127545 0.232852 0.208353 0.142704 -0.000184119 1.0000 0 0 0 0   0 0 0
126 1 2 0 4 2.10861e-07 0.0182455 -0.0501419 5.4 -0.00551045 -0.002284 0.233023 -0.146785 0.566505 0.00361959 1.0000 0 0 0 0   0 0 0
127 1 2 0 4 2.10882e-07 -0.0052729 -0.00658763 5.4 -0.00495233 -0.00209987 0.228208 0.0421814 0.214683 0.000503917 1.0000 0 0 0 0   0 0 0
128 1 2 0 4 2.11094e-07 -0.0242382 -0.0109628 5.4 -0.014951 -0.00444091 0.22225 0.194153 0.249834 0.000837129 1.0000 0 0 0 0   0 0 0
129 1 2 0 4 2.10958e-07 -0.00813845 0.00788527 5.4 -0.0239892 -0.0119707 0.238475 0.0651048 0.0989131 -0.000602942 1.0000 0 0 0 0   0 0 0
130 1 2 0 4 2.11135e-07 -0.0179863 -0.026086 5.4 -0.0183486 -0.00243913 0.218321 0.144126 0.37131 0.00196638 1.0000 0 0 0 0   0 0 0
131 1 2 0 4 2.10928e-07 0.0128712 -0.0176701 5.4 -0.00634156 -0.0131849 0.241536 -0.103049 0.30358 0.00134338 1.0000 0 0 0 0   0 0 0
132 1 2 0 4 2.11061e-07 0.00539172 -0.00924136 5.4 -0.0170993 0.00403642 0.227855 -0.0431319 0.235931 0.000706251 1.0000 0 0 0 0   0 0 0
133 1 2 0 4 2.10254e-07 -0.0444017 -0.00148799 5.4 0.0169965 -0.0166808 0.247077 0.356607 0.173915 0.000113933 1.0000 0 0 0 0   0 0 0
134 1 2 0 4 2.1045e-07 -0.0504025 -0.0160146 5.4 0.0295902 -0.013502 0.25718 0.40543 0.290902 0.00121906 1.0000 0 0 0 0   0 0 0
135 1 2 0 4 2.10213e-07 -0.0311265 -0.0112308 5.4 0.00998753 -0.00885693 0.244148 0.249441 0.252024 0.000857497 1.0000 0 0 0 0   0 0 0
136 1 2 0 4 2.10341e-07 -0.0376995 0.00682404 5.4 -0.00282066 -0.0242261 0.253135 0.302449 0.107239 -0.000521964 1.0000 0 0 0 0   0 0 0
137 1 2 0 4 2.10467e-07 -0.0147634 -0.0134369 5.4 0.0125855 -0.0058345 0.247742 0.118168 0.269598 0.00102469 1.0000 0 0 0 0   0 0 0
138 1 2 0 4 2.10347e-07 -0.0684293 -0.0157478 5.4 0.0127876 -0.00454041 0.264722 0.552927 0.289326 0.00119901 1.0000 0 0 0 0   0 0 0
139 1 2 0 4 2.10387e-07 -0.0423847 -0.0320138 5.4 0.0165093 -0.00814502 0.254179 0.34096 0.419971 0.00239397 1.0000 0 0 0 0   0 0 0
140 1 2 0 4 2.1024e-07 -0.0226121 -0.0334992 5.4 0.00641738 -0.00131083 0.247776 0.181483 0.431346 0.00249933 1.0000 0 0 0 0   0 0 0
141 1 2 0 4 2.1048e-07 -0.0314203 -0.0228143 5.4 0.0017453 -0.00818536 0.247865 0.2521 0.345256 0.0017262 1.0000 0 0 0 0   0 0 0
142 1 2 0 4 2.1051e-07 -0.0596197 0.0122794 5.4 0.0196506 -0.0239418 0.262198 0.480582 0.0630522 -0.000937001 1.0000 0 0 0 0   0 0 0
143 1 2 0 4 2.10343e-07 0.0158746 -0.00977259 5.4 -0.00642634 0.000211032 0.24335 -0.127034 0.240212 0.000746687 1.0000 0 0 0 0   0 0 0
144 1 2 0 4 2.10222e-07 0.00464931 -0.0225096 5.4 -0.0031445 -0.00183468 0.224781 -0.0372285 0.342441 0.00170364 1.0000 0 0 0 0   0 0 0
145 1 2 0 4 2.1029e-07 -0.000947243 0.000823151 5.4 0.00578836 -0.0133767 0.2306 0.00757762 0.155379 -6.30277e-05 1.0000 0 0 0 0   0 0 0
146 1 2 0 4 2.10162e-07 -0.00675809 -0.0280885 5.4 -0.0030758 0.00860169 0.229581 0.0541433 0.387365 0.002112 1.0000 0 0 0 0   0 0 0
147 1 2 0 4 2.10173e-07 0.00544984 0.00156256 5.4 0.00898069 -0.00469756 0.222637 -0.0435968 0.149465 -0.000119644 1.0000 0 0 0 0   0 0 0
148 1 2 0 4 2.10184e-07 0.00603754 -0.00789374 5.4 -0.00791073 0.0103693 0.225088 -0.0482983 0.22514 0.000603587 1.0000 0 0 0 0   0 0 0
149 1 2 0 4 2.10228e-07 0.0107534 -0.0213082 5.4 0.00444365 0.0135357 0.236267 -0.0861144 0.332813 0.00161472 1.0000 0 0 0 0   0 0 0
150 1 2 0 4 2.10299e-07 -0.00122068 -0.00596175 5.4 0.00331211 -0.013082 0.227675 0.00976504 0.209672 0.000456139 1.0000 0 0 0 0   0 0 0
151 1 2 0 4 2.10276e-07 0.0134225 -0.0178224 5.4 -0.00826937 0.00296959 0.223833 -0.107469 0.30481 0.00135477 1.0000 0 0 0 0   0 0 0
152 1 2 0 4 2.10276e-07 -0.00145854 -0.0174709 5.4 0.00532653 -0.0140556 0.229076 0.0116694 0.301886 0.00132847 1.0000 0 0 0 0   0 0 0
153 1 2 0 4 2.10868e-07 -0.00258039 -0.00885925 5.4 -0.012785 -0.0219885 0.240899 0.0206422 0.232871 0.000677141 1.0000 0 0 0 0   0 0 0
154 1 2 0 4 2.1106e-07 0.0108673 -0.037003 5.4 0.000255477 -0.00701469 0.230287 -0.0871887 0.459473 0.00274483 1.0000 0 0 0 0   0 0 0
155 1 2 0 4 2.10981e-07 0.00212939 0.00645952 5.4 0.0157133 -0.0166971 0.23573 -0.0170344 0.110309 -0.000494137 1.0000 0 0 0 0   0 0 0
156 1 2 0 4 2.10675e-07 -0.0240307 -0.00607592 5.4 0.000648966 -0.0158425 0.250189 0.192458 0.210642 0.000464854 1.0000 0 0 0 0   0 0 0
157 1 2 0 4 2.10948e-07 -0.0437479 -0.00193648 5.4 0.0104942 0.00142094 0.235561 0.351321 0.177516 0.000148273 1.0000 0 0 0 0   0 0 0
158 1 2 0 4 2.10834e-07 -0.0387256 -0.000887325 5.4 -0.00312945 -0.0180286 0.242032 0.310708 0.169083 6.79411e-05 1.0000 0 0 0 0   0 0 0
159 1 2 0 4 2.10836e-07 -0.02459 0.0161092 5.4 0.00316974 -0.0203229 0.246285 0.197013 0.0330195 -0.00122617 1.0000 0 0 0 0   0 0 0
160 1 2 0 4 2.11024e-07 -0.0102545 0.000465044 5.4 -0.00852806 -0.0220032 0.224962 0.0820322 0.158244 -3.56079e-05 1.0000 0 0 0 0   0 0 0
161 1 2 0 4 2.10863e-07 -0.00897696 -0.00241509 5.4 -0.00778403 -0.0260088 0.238368 0.0718127 0.181286 0.000184901 1.0000 0 0 0 0   0 0 0
162 1 2 0 4 2.10693e-07 -0.0326325 -0.00240952 5.4 -0.0128069 -0.00682529 0.227474 0.261503 0.181275 0.000184475 1.0000 0 0 0 0   0 0 0
163 1 2 0 4 2.10218e-07 -0.0434869 0.0034343 5.4 0.00733074 -0.00320296 0.246214 0.349215 0.134391 -0.000262901 1.0000 0 0 0 0   0 0 0
164 1 2 0 4 2.10161e-07 -0.0190741 0.010272 5.4 -0.00567856 0.00247983 0.248377 0.152707 0.0797753 -0.000784636 1.0000 0 0 0 0   0 0 0
165 1 2 0 4 2.1044e-07 -0.0605378 0.00253895 5.4 0.0027169 -0.00499881 0.268589 0.487952 0.141502 -0.00019438 1.0000 0 0 0 0   0 0 0
166 1 2 0 4 2.10171e-07 -0.0332212 0.0164134 5.4 0.000396034 -0.00369889 0.250949 0.26645 0.0304461 -0.00124904 1.0000 0 0 0 0   0 0 0
167 1 2 0 4 2.10267e-07 0.00941176 0.0262987 5.4 -0.0247628 -0.0184004 0.260469 -0.0753981 -0.0483949 -0.00198191 1.0000 0 0 0 0   0 0 0
168 1 2 0 4 2.10199e-07 -0.0125264 -0.0134158 5.4 0.00445719 -0.00338584 0.238802 0.100236 0.2694 0.00102309 1.0000 0 0 0 0   0 0 0
169 1 2 0 4 2.10247e-07 -0.0205285 0.0161162 5.4 -0.000872493 -0.00584898 0.245942 0.164429 0.0329968 -0.0012267 1.0000 0 0 0 0   0 0 0
170 1 2 0 4 2.10178e-07 -0.0265777 0.0173083 5.4 -0.0122222 -0.00769902 0.255891 0.21297 0.0234098 -0.0013163 1.0000 0 0 0 0   0 0 0
171 1 2 0 4 2.10216e-07 -0.0109402 -0.00985471 5.4 -0.0128855 0.0115725 0.247207 0.0875175 0.240843 0.000752927 1.0000 0 0 0 0   0 0 0
172 1 2 0 4 2.10216e-07 -0.00113989 0.0166522 5.4 -0.00867252 0.000978536 0.254502 0.00911871 0.0288815 -0.00126699 1.0000 0 0 0 0   0 0 0
173 1 2 0 4 2.1141e-07 0.0207432 -0.0352695 5.4 0.0184568 0.00261239 0.205712 -0.166499 0.445636 0.00262393 1.0000 0 0 0 0   0 0 0
174 1 2 0 4 2.10867e-07 -0.0162323 -0.0299639 5.4 0.0214208 -0.0020225 0.245663 0.130098 0.402533 0.00224732 1.0000 0 0 0 0   0 0 0
175 1 2 0 4 2.11403e-07 0.0130502 -0.0514157 5.4 0.0355144 -0.0266351 0.220748 -0.104979 0.576772 0.00369993 1.0000 0 0 0 0   0 0 0
176 1 2 0 4 2.11079e-07 0.00970073 -0.0334258 5.4 0.00772518 0.0134164 0.228795 -0.0777633 0.43043 0.00249415 1.0000 0 0 0 0   0 0 0
177 1 2 0 4 2.10922e-07 -0.032625 -0.0458568 5.4 0.0189664 0.0151069 0.245309 0.262685 0.532151 0.00334308 1.0000 0 0 0 0   0 0 0
178 1 2 0 4 2.10868e-07 -0.056765 0.00419002 5.4 0.0298809 -0.0299683 0.258017 0.457129 0.12823 -0.000320709 1.0000 0 0 0 0   0 0 0
179 1 2 0 4 2.10861e-07 -0.0233095 -0.030715 5.4 0.0115748 0.00406365 0.243139 0.187013 0.408829 0.00230134 1.0000 0 0 0 0   0 0 0
180 1 2 0 4 2.10985e-07 -0.0434407 -0.0116556 5.4 0.0339206 -0.0225426 0.24274 0.348917 0.255645 0.00088974 1.0000 0 0 0 0   0 0 0
181 1 2 0 4 2.10214e-07 -0.0253844 0.00191024 5.4 -0.0022958 -0.000471962 0.257457 0.203313 0.146665 -0.000146265 1.0000 0 0 0 0   0 0 0
182 1 2 0 4 2.10233e-07 -0.0246447 -0.0483782 5.4 -0.0140648 0.00655959 0.26301 0.19832 0.552345 0.00350684 1.0000 0 0 0 0   0 0 0
183 1 2 0 4 2.10231e-07 -0.00456943 -0.0413079 5.4 -0.00340089 0.0141853 0.244595 0.0366815 0.494353 0.00303986 1.0000 0 0 0 0   0 0 0
184 1 2 0 4 2.10291e-07 -0.0466073 -0.0329114 5.4 0.00675194 0.00117732 0.258834 0.375342 0.427511 0.0024578 1.0000 0 0 0 0   0 0 0
185 1 2 0 4 2.1024e-07 -0.0316206 -0.0192188 5.4 0.010148 -0.0067351 0.248134 0.25361 0.316278 0.00145926 1.0000 0 0 0 0   0 0 0
186 1 2 0 4 2.10182e-07 -0.0231601 0.00553135 5.4 0.0119013 -0.00240103 0.256253 0.185467 0.117683 -0.000423258 1.0000 0 0 0 0   0 0 0
187 1 2 0 4 2.10225e-07 -0.0261493 -0.0102651 5.4 -0.0019455 0.013306 0.248241 0.209486 0.244248 0.000784109 1.0000 0 0 0 0   0 0 0
188 1 2 0 4 2.10324e-07 -0.0610463 -0.0229801 5.4 0.0156864 0.0132112 0.257859 0.49254 0.34762 0.00173847 1.0000 0 0 0 0   0 0 0
189 1 2 0 4 2.10203e-07 -0.0163625 -0.0119257 5.4 0.00277418 0.012643 0.249718 0.130973 0.257488 0.0009102 1.0000 0 0 0 0   0 0 0
190 1 2 0 4 2.10531e-07 -0.0428042 -0.0158455 5.4 0.0128343 -0.0116792 0.256819 0.343839 0.289365 0.00120635 1.0000 0 0 0 0   0 0 0
191 1 2 0 4 2.10436e-07 -0.0427372 -0.0211258 5.4 0.00642378 -0.0109474 0.262983 0.343398 0.33192 0.00160122 1.0000 0 0 0 0   0 0 0
192 1 2 0 4 2.10401e-07 -0.0349381 -0.0126164 5.4 0.0148982 -0.00637878 0.259004 0.280226 0.26323 0.00096253 1.0000 0 0 0 0   0 0 0
193 1 2 0 4 2.1036e-07 -0.0387308 -0.040366 5.4 0.0165821 0.00381199 0.255089 0.311818 0.487698 0.00297612 1.0000 0 0 0 0   0 0 0
194 1 2 0 4 2.10222e-07 -0.03133 -0.0299271 5.4 0.0104216 0.00451232 0.247855 0.25158 0.402693 0.00224467 1.0000 0 0 0 0   0 0 0
195 1 2 0 4 2.10408e-07 -0.0225864 -0.0177439 5.4 -0.00863693 -0.0136156 0.260335 0.180951 0.304266 0.0013489 1.0000 0 0 0 0   0 0 0
196 1 2 0 4 2.10618e-07 -0.0301682 -0.0424486 5.4 0.00658302 0.0204487 0.252104 0.242608 0.504158 0.00311685 1.0000 0 0 0 0   0 0 0
197 1 2 0 4 2.10374e-07 -0.0446487 -0.0341952 5.4 -0.00128511 -0.00359716 0.255096 0.359491 0.43783 0.00254852 1.0000 0 0 0 0   0 0 0
198 1 2 0 4 2.10501e-07 -0.000728822 0.051405 5.4 -0.0169771 -0.0386664 0.270902 0.00585983 -0.250132 -0.00369926 1.0000 0 0 0 0   0 0 0
199 1 2 0 4 2.10382e-07 -0.00918213 -0.0321358 5.4 4.64834e-05 0.00188497 0.25699 0.0735847 0.419975 0.00240267 1.0000 0 0 0 0   0 0 0
200 1 2 0 4 2.10165e-07 -0.0175139 -0.0386322 5.4 -0.00567862 0.00507284 0.244515 0.140615 0.472822 0.00285745 1.0000 0 0 0 0   0 0 0
0 1 2 0 5 2.17126e-07 -0.00641636 -0.0113534 7.2 0 0 0.204 0 0 0 1.0000 0 0 0 0   0 0 0
1 1 2 0 5 2.1677e-07 0.0129897 0.0232705 7.2 -0.0160084 0.0064357 0.225991 -0.104051 -0.0241859 -0.00175985 1.0000 0 0 0 0   0 0 0
2 1 2 0 5 2.16853e-07 -0.0219995 -0.00506215 7.2 -0.00799839 0.0092924 0.21564 0.176148 0.202508 0.000387385 1.0000 0 0 0 0   0 0 0
3 1 2 0 5 2.16902e-07 -0.0258551 -0.00412809 7.2 -0.030607 -0.0157384 0.235523 0.207096 0.195037 0.000315975 1.0000 0 0 0 0   0 0 0
4 1 2 0 5 2.16902e-07 -0.0120447 -0.0151066 7.2 0.00231737 -0.0239355 0.218425 0.0963975 0.282973 0.00115073 1.0000 0 0 0 0   0 0 0
5 1 2 0 5 2.16886e-07 -0.00741874 -0.00195381 7.2 -0.0210019 -0.0180907 0.215792 0.0593474 0.177595 0.000149599 1.0000 0 0 0 0   0 0 0
6 1 2 0 5 2.16894e-07 -0.0175971 -0.0133375 7.2 -0.00782184 -0.0108182 0.225532 0.14089 0.268833 0.00101716 1.0000 0 0 0 0   0 0 0
7 1 2 0 5 2.16912e-07 -0.0174946 -0.00670163 7.2 -0.026231 -0.00777778 0.226129 0.140001 0.215615 0.000512619 1.0000 0 0 0 0   0 0 0
8 1 2 0 5 2.16959e-07 -0.0229827 0.00129812 7.2 -0.00471096 -0.00382244 0.221022 0.18403 0.15157 -9.93957e-05 1.0000 0 0 0 0   0 0 0
9 1 2 0 5 2.16727e-07 0.0079582 0.0218692 7.2 0.00183714 -0.00150348 0.221829 -0.0637258 -0.0129327 -0.00165624 1.0000 0 0 0 0   0 0 0
10 1 2 0 5 2.16882e-07 -0.0414164 0.0162059 7.2 0.0326701 -0.0289716 0.246798 0.332633 0.0319294 -0.00123345 1.0000 0 0 0 0   0 0 0
11 1 2 0 5 2.17062e-07 -0.025473 0.0149497 7.2 0.0201526 -0.0323819 0.262186 0.20409 0.0422912 -0.00113888 1.0000 0 0 0 0   0 0 0
12 1 2 0 5 2.16955e-07 -0.000402657 -0.0544875 7.2 -0.00257225 0.0173349 0.251883 0.00324044 0.601813 0.00389013 1.0000 0 0 0 0   0 0 0
14 1 2 0 5 2.17006e-07 -0.0132891 -0.0475066 7.2 0.0184798 0.0061823 0.255603 0.106802 0.544801 0.00345055 1.0000 0 0 0 0   0 0 0
15 1 2 0 5 2.16887e-07 -0.0143469 -0.0183369 7.2 0.0247516 -0.0121907 0.246155 0.114884 0.308955 0.00139328 1.0000 0 0 0 0   0 0 0
16 1 2 0 5 2.1697e-07 -0.014949 -0.046344 7.2 0.0155679 -0.0114537 0.253605 0.120133 0.535378 0.00337495 1.0000 0 0 0 0   0 0 0
17 1 2 0 5 2.16873e-07 -0.0141951 -0.0293807 7.2 0.01072 -0.00963133 0.250623 0.113753 0.397808 0.00220536 1.0000 0 0 0 0   0 0 0
18 1 2 0 5 2.16857e-07 -0.0146571 -0.0395766 7.2 0.00190362 0.00322124 0.252692 0.117674 0.480427 0.00292212 1.0000 0 0 0 0   0 0 0
19 1 2 0 5 2.17042e-07 -0.0158268 -0.00382669 7.2 -0.00788123 3.83134e-05 0.230262 0.126609 0.192583 0.000292931 1.0000 0 0 0 0   0 0 0
20 1 2 0 5 2.17129e-07 -0.0167112 0.0161605 7.2 -0.000302688 0.0239863 0.234996 0.133816 0.03268 -0.00123003 1.0000 0 0 0 0   0 0 0
21 1 2 0 5 2.17038e-07 -0.0366015 -0.00380498 7.2 0.00734096 0.0260593 0.215484 0.293545 0.192486 0.000291269 1.0000 0 0 0 0   0 0 0
22 1 2 0 5 2.1696e-07 -0.0175112 0.0186824 7.2 0.00452286 -0.00300767 0.219758 0.140256 0.0124901 -0.00141913 1.0000 0 0 0 0   0 0 0
23 1 2 0 5 2.16949e-07 0.0210529 0.00550953 7.2 0.0275207 -0.00645085 0.210492 -0.168552 0.117868 -0.00042159 1.0000 0 0 0 0   0 0 0
24 1 2 0 5 2.1697e-07 -0.0296618 -0.00750939 7.2 0.00454222 0.017916 0.216777 0.237667 0.222159 0.000574281 1.0000 0 0 0 0   0 0 0
25 1 2 0 5 2.17115e-07 -0.00916998 -0.0216899 7.2 -0.0267358 -0.0104208 0.230349 0.0734315 0.335872 0.00164297 1.0000 0 0 0 0   0 0 0
26 1 2 0 5 2.17008e-07 -0.000496501 0.0459074 7.2 0.00245702 0.0417713 0.218986 0.00398847 -0.205849 -0.00334642 1.0000 0 0 0 0   0 0 0
27 1 2 0 5 2.17137e-07 -0.0270631 0.0144919 7.2 0.00355978 0.00312453 0.245479 0.216846 0.0459439 -0.00110432 1.0000 0 0 0 0   0 0 0
28 1 2 0 5 2.16819e-07 -0.00272272 -0.0243141 7.2 -0.00623103 0.0175744 0.257956 0.0218051 0.35696 0.00183661 1.0000 0 0 0 0   0 0 0
29 1 2 0 5 2.1681e-07 0.00642966 -0.0496983 7.2 0.00451594 0.0178641 0.257743 -0.0516789 0.562548 0.00359141 1.0000 0 0 0 0   0 0 0
30 1 2 0 5 2.16728e-07 -0.0135322 -0.00846501 7.2 -0.0177958 0.00647028 0.235901 0.108253 0.229714 0.000647107 1.0000 0 0 0 0   0 0 0
31 1 2 0 5 2.16782e-07 0.0281034 -0.0328993 7.2 -0.00256399 0.00936529 0.255731 -0.225668 0.426644 0.00245695 1.0000 0 0 0 0   0 0 0
32 1 2 0 5 2.16719e-07 -0.0138165 -0.0184836 7.2 -0.00165749 0.00727965 0.248848 0.110634 0.310129 0.00140426 1.0000 0 0 0 0   0 0 0
33 1 2 0 5 2.16777e-07 -0.0135269 -0.0150671 7.2 -0.0123068 0.000494368 0.24169 0.108276 0.282674 0.00114775 1.0000 0 0 0 0   0 0 0
34 1 2 0 5 2.16976e-07 0.0545414 -0.0372967 7.2 -0.0179277 0.0121236 0.282605 -0.44013 0.463577 0.00276517 1.0000 0 0 0 0   0 0 0
35 1 2 0 5 2.16924e-07 0.0441396 -0.0232547 7.2 -0.0104173 0.00344083 0.280626 -0.354766 0.349122 0.00175869 1.0000 0 0 0 0   0 0 0
36 1 2 0 5 2.16767e-07 -0.0286507 -0.00543399 7.2 -0.0062296 0.0097774 0.235303 0.229543 0.205513 0.000415814 1.0000 0 0 0 0   0 0 0
37 1 2 0 5 2.16942e-07 0.0242371 -0.0355066 7.2 0.00350945 0.0169113 0.270709 -0.194613 0.447649 0.00264052 1.0000 0 0 0 0   0 0 0
38 1 2 0 5 2.17107e-07 -0.00179538 0.00767253 7.2 0.0154148 0.0187627 0.228835 0.0143624 0.100613 -0.000586734 1.0000 0 0 0 0   0 0 0
40 1 2 0 5 2.17224e-07 -0.0119039 0.00730248 7.2 0.00621949 -0.00294156 0.212405 0.0952269 0.103571 -0.000558486 1.0000 0 0 0 0   0 0 0
41 1 2 0 5 2.17143e-07 0.00497365 -0.0215933 7.2 -0.015124 0.00785493 0.244956 -0.0398216 0.335068 0.00163581 1.0000 0 0 0 0   0 0 0
42 1 2 0 5 2.17116e-07 0.0130487 0.0113837 7.2 -0.0106751 0.00606313 0.228773 -0.104395 0.0709501 -0.000869112 1.0000 0 0 0 0   0 0 0
43 1 2 0 5 2.17163e-07 -0.0340042 0.0206625 7.2 0.000165478 0.00109493 0.276711 0.272883 -0.00365397 -0.00156673 1.0000 0 0 0 0   0 0 0
44 1 2 0 5 2.17215e-07 -0.0193407 0.00983286 7.2 0.00300393 0.00644413 0.244658 0.154843 0.0832863 -0.000751267 1.0000 0 0 0 0   0 0 0
45 1 2 0 5 2.17055e-07 0.0176797 -0.0554489 7.2 -0.00731005 0.0166447 0.264877 -0.142422 0.61004 0.00394876 1.0000 0 0 0 0   0 0 0
46 1 2 0 5 2.17252e-07 -0.0255205 -0.0295893 7.2 -0.0137509 0.0220908 0.263639 0.204773 0.399791 0.00222037 1.0000 0 0 0 0   0 0 0
47 1 2 0 5 2.17536e-07 -0.0311304 -0.0272317 7.2 -0.0272143 0.0207994 0.262416 0.249893 0.380905 0.00204987 1.0000 0 0 0 0   0 0 0
48 1 2 0 5 2.17277e-07 0.000842505 -0.032017 7.2 -0.0166968 0.0261482 0.265376 -0.00675122 0.419 0.0023942 1.0000 0 0 0 0   0 0 0
49 1 2 0 5 2.17321e-07 0.00739528 0.0140547 7.2 0.0114698 0.0218366 0.25562 -0.0591597 0.0496231 -0.00107132 1.0000 0 0 0 0   0 0 0
50 1 2 0 5 2.17834e-07 0.00568181 0.00385756 7.2 -0.0340908 -0.0144651 0.236068 -0.0454526 0.131111 -0.000295292 1.0000 0 0 0 0   0 0 0
51 1 2 0 5 2.16577e-07 -0.00634569 -0.0303701 7.2 -0.0255615 0.00542469 0.219784 0.0508466 0.405741 0.00227654 1.0000 0 0 0 0   0 0 0
52 1 2 0 5 2.16605e-07 -0.0492332 -0.0348733 7.2 0.0247582 0.0189633 0.231245 0.39681 0.443598 0.00259621 1.0000 0 0 0 0   0 0 0
53 1 2 0 5 2.17099e-07 0.0275396 -0.00650087 7.2 0.0197766 -0.00912033 0.227603 -0.220627 0.214064 0.000497294 1.0000 0 0 0 0   0 0 0
54 1 2 0 5 2.17085e-07 0.015765 -0.0182527 7.2 0.00321897 -0.0157646 0.236416 -0.126251 0.308292 0.00138697 1.0000 0 0 0 0   0 0 0
55 1 2 0 5 2.17114e-07 -0.011094 -0.010641 7.2 0.00960194 -0.0166189 0.245361 0.0887484 0.247141 0.000812678 1.0000 0 0 0 0   0 0 0
56 1 2 0 5 2.16979e-07 -0.0298027 0.00821219 7.2 0.0109085 -0.013138 0.235004 0.238801 0.0961933 -0.000627847 1.0000 0 0 0 0   0 0 0
57 1 2 0 5 2.17141e-07 -0.0257547 0.010855 7.2 -0.003265 -0.0109335 0.248868 0.206323 0.0750591 -0.000828935 1.0000 0 0 0 0   0 0 0
58 1 2 0 5 2.17156e-07 -0.00671499 -0.0065167 7.2 0.0134748 -0.00685789 0.245453 0.0537176 0.214115 0.000498502 1.0000 0 0 0 0   0 0 0
59 1 2 0 5 2.16955e-07 -0.020058 0.00913358 7.2 -0.00319007 0.00170723 0.217041 0.160592 0.0888756 -0.00069804 1.0000 0 0 0 0   0 0 0
60 1 2 0 5 2.17077e-07 -0.0114704 -0.00968579 7.2 0.011901 -0.00768152 0.227914 0.0917591 0.23949 0.000740091 1.0000 0 0 0 0   0 0 0
61 1 2 0 5 2.17057e-07 -0.00832104 0.00312322 7.2 0.00713222 -0.0145001 0.231724 0.0665655 0.136984 -0.000239095 1.0000 0 0 0 0   0 0 0
62 1 2 0 5 2.17008e-07 -0.00474848 -0.015713 7.2 0.000505992 -0.0085384 0.247197 0.0379863 0.287777 0.00119639 1.0000 0 0 0 0   0 0 0
63 1 2 0 5 2.17113e-07 0.00436416 -0.00447722 7.2 0.00661848 -0.0122329 0.240574 -0.0349118 0.197789 0.000342666 1.0000 0 0 0 0   0 0 0
64 1 2 0 5 2.17251e-07 -0.0415181 -0.0345472 7.2 0.0114414 0.0144558 0.264058 0.334077 0.440501 0.00257339 1.0000 0 0 0 0   0 0 0
65 1 2 0 5 2.1698e-07 0.0319524 -0.0414037 7.2 -0.0094027 -0.0305409 0.289531 -0.256974 0.495738 0.00304634 1.0000 0 0 0 0   0 0 0
66 1 2 0 5 2.17432e-07 -0.0274331 -0.0287696 7.2 -0.00424793 0.0207154 0.25157 0.220149 0.393222 0.00216139 1.0000 0 0 0 0   0 0 0
67 1 2 0 5 2.17286e-07 -0.0294717 -0.0312266 7.2 -0.00731436 0.0168358 0.263604 0.236642 0.413149 0.00233783 1.0000 0 0 0 0   0 0 0
68 1 2 0 5 2.17127e-07 -0.00348684 -0.0375785 7.2 -0.016237 -0.0313355 0.26222 0.0279703 0.464058 0.00278468 1.0000 0 0 0 0   0 0 0
69 1 2 0 5 2.17552e-07 -0.0207497 -0.00993382 7.2 9.15914e-05 -0.0413001 0.255468 0.16615 0.241553 0.000758939 1.0000 0 0 0 0   0 0 0
70 1 2 0 5 2.17532e-07 -0.0153768 -0.0400153 7.2 -0.00367597 0.0283179 0.257047 0.123466 0.484 0.00295216 1.0000 0 0 0 0   0 0 0
71 1 2 0 5 2.17766e-07 -0.0353804 0.00176545 7.2 0.0191322 0.0127229 0.239145 0.28366 0.147811 -0.000135178 1.0000 0 0 0 0   0 0 0
72 1 2 0 5 2.17175e-07 -0.020979 -0.0454562 7.2 -0.0159709 -0.00373459 0.241826 0.168619 0.528269 0.00331667 1.0000 0 0 0 0   0 0 0
73 1 2 0 5 2.17405e-07 -0.0278947 -0.052046 7.2 -0.0133358 0.0163587 0.258344 0.224757 0.582553 0.00373946 1.0000 0 0 0 0   0 0 0
74 1 2 0 5 2.16925e-07 -0.00145078 0.00190302 7.2 0.000346978 -0.0115627 0.219207 0.0116058 0.146742 -0.000145712 1.0000 0 0 0 0   0 0 0
75 1 2 0 5 2.16999e-07 -0.0267859 -0.0115425 7.2 0.00846398 0.00958501 0.24302 0.214603 0.254501 0.000881171 1.0000 0 0 0 0   0 0 0
76 1 2 0 5 2.17045e-07 -0.0291648 0.00299288 7.2 -0.0101204 0.00946279 0.24816 0.233664 0.137989 -0.000229119 1.0000 0 0 0 0   0 0 0
77 1 2 0 5 2.16945e-07 -0.0169344 -0.00388436 7.2 0.0030089 0.00667083 0.225181 0.135483 0.193047 0.000297341 1.0000 0 0 0 0   0 0 0
78 1 2 0 5 2.16881e-07 -0.00617355 0.00681964 7.2 -0.0150486 -0.00656518 0.225333 0.0493863 0.107431 -0.000521627 1.0000 0 0 0 0   0 0 0
79 1 2 0 5 2.1696e-07 -0.0303675 -0.00697793 7.2 0.00277402 -0.00973534 0.237167 0.24333 0.2179 0.000533711 1.0000 0 0 0 0   0 0 0
80 1 2 0 5 2.16897e-07 -0.0104959 -0.010977 7.2 0.00132276 -0.009394 0.239607 0.0839639 0.249833 0.000838211 1.0000 0 0 0 0   0 0 0
81 1 2 0 5 2.16909e-07 -0.0191224 0.013658 7.2 -0.0216243 0.00369874 0.228856 0.153128 0.0526803 -0.00104138 1.0000 0 0 0 0   0 0 0
82 1 2 0 5 2.16958e-07 -8.50012e-06 -0.00815429 7.2 0.00377737 0.0032962 0.222236 6.7998e-05 0.227226 0.000623436 1.0000 0 0 0 0   0 0 0
83 1 2 0 5 2.16943e-07 -0.0159183 -0.00569726 7.2 -0.0102186 -0.0049475 0.230188 0.127342 0.207555 0.000435942 1.0000 0 0 0 0   0 0 0
84 1 2 0 5 2.17206e-07 -0.0135596 0.00518912 7.2 -0.0237954 0.000703131 0.252132 0.108472 0.120465 -0.000397094 1.0000 0 0 0 0   0 0 0
85 1 2 0 5 2.17053e-07 0.00999986 -0.00317589 7.2 -0.0109115 0.00591498 0.2302 -0.0799954 0.187374 0.000243125 1.0000 0 0 0 0   0 0 0
86 1 2 0 5 2.1711e-07 -0.00698352 0.013088 7.2 -0.00216594 -0.000508128 0.237367 0.0558658 0.0573442 -0.000998255 1.0000 0 0 0 0   0 0 0
87 1 2 0 5 2.17109e-07 0.0114314 0.000159499 7.2 0.0137554 0.00123681 0.226889 -0.0914472 0.160688 -1.22128e-05 1.0000 0 0 0 0   0 0 0
88 1 2 0 5 2.17101e-07 0.0238967 0.00111407 7.2 0.0109582 0.00980698 0.231254 -0.191368 0.153043 -8.53033e-05 1.0000 0 0 0 0   0 0 0
89 1 2 0 5 2.17026e-07 0.0031001 -0.00127346 7.2 -0.0139721 -0.0208146 0.217306 -0.0247997 0.172152 9.75073e-05 1.0000 0 0 0 0   0 0 0
90 1 2 0 5 2.1722e-07 -0.0267143 -0.0274958 7.2 0.00684069 0.0187785 0.254694 0.21432 0.382905 0.00206902 1.0000 0 0 0 0   0 0 0
91 1 2 0 5 2.17017e-07 0.00182899 -0.0235633 7.2 -0.00936271 0.00695872 0.232948 -0.0146463 0.350915 0.00178139 1.0000 0 0 0 0   0 0 0
92 1 2 0 5 2.17059e-07 -0.00810824 -0.0166287 7.2 -0.00448459 0.00517227 0.244999 0.0648836 0.295159 0.00126523 1.0000 0 0 0 0   0 0 0
93 1 2 0 5 2.16878e-07 -0.00343228 -0.0329879 7.2 -0.0102402 -0.00975373 0.219942 0.0275056 0.426826 0.00246321 1.0000 0 0 0 0   0 0 0
94 1 2 0 5 2.16937e-07 -0.0240992 0.00753504 7.2 0.00300024 0.00205299 0.224411 0.193015 0.10164 -0.000576238 1.0000 0 0 0 0   0 0 0
95 1 2 0 5 2.16822e-07 -0.0153256 -0.0415043 7.2 -0.0238028 0.0170567 0.225185 0.123082 0.496084 0.00305314 1.0000 0 0 0 0   0 0 0
96 1 2 0 5 2.16751e-07 -0.00220698 -0.0321806 7.2 -0.0210566 -0.0126897 0.229615 0.0176854 0.420319 0.00240586 1.0000 0 0 0 0   0 0 0
97 1 2 0 5 2.16894e-07 -0.0167288 -0.008467 7.2 -0.000938165 0.00896422 0.229046 0.133873 0.229755 0.000647259 1.0000 0 0 0 0   0 0 0
98 1 2 0 5 2.16894e-07 -0.0305249 -0.0242528 7.2 -0.0109087 0.0113671 0.223405 0.244924 0.356835 0.0018321 1.0000 0 0 0 0   0 0 0
99 1 2 0 5 2.17004e-07 -0.0388407 -0.0184841 7.2 -0.00443912 0.00931039 0.241824 0.311874 0.310543 0.00140429 1.0000 0 0 0 0   0 0 0
100 1 2 0 5 2.16919e-07 -0.0257705 -0.0233619 7.2 -0.0327947 0.00733482 0.229932 0.206581 0.349491 0.00176657 1.0000 0 0 0 0   0 0 0
101 1 2 0 5 2.16949e-07 -0.0402494 -0.00236691 7.2 0.00183153 -0.00293932 0.232925 0.323033 0.180963 0.000181214 1.0000 0 0 0 0   0 0 0
102 1 2 0 5 2.16865e-07 -0.0353495 -0.0135919 7.2 -0.0275933 -0.00714146 0.222236 0.28357 0.271082 0.00103639 1.0000 0 0 0 0   0 0 0
103 1 2 0 5 2.17598e-07 -0.0165943 0.0171272 7.2 -0.00769522 -0.0212834 0.256274 0.132889 0.0249445 -0.0013027 1.0000 0 0 0 0   0 0 0
104 1 2 0 5 2.16991e-07 -0.0342941 0.00743036 7.2 -0.00639185 -0.00113685 0.268027 0.274929 0.102422 -0.000568248 1.0000 0 0 0 0   0 0 0
105 1 2 0 5 2.17164e-07 -0.0313977 0.0232873 7.2 -0.00267003 -0.01882 0.273309 0.251932 -0.0246388 -0.00176108 1.0000 0 0 0 0   0 0 0
106 1 2 0 5 2.17444e-07 -0.0417812 -0.00212238 7.2 -0.00361724 -0.00701658 0.263114 0.335419 0.179004 0.0001625 1.0000 0 0 0 0   0 0 0
107 1 2 0 5 2.19098e-07 -0.00867808 0.0155122 7.2 -0.0311354 0.00787125 0.136558 0.0694343 0.0379608 -0.00118129 1.0000 0 0 0 0   0 0 0
108 1 2 0 5 2.17529e-07 -0.0438546 -0.0122057 7.2 0.0135029 -0.00211378 0.25735 0.35227 0.260078 0.000931419 1.0000 0 0 0 0   0 0 0
109 1 2 0 5 2.1711e-07 0.0149686 0.0178247 7.2 -0.0284645 0.00139386 0.275177 -0.119862 0.0193794 -0.00135495 1.0000 0 0 0 0   0 0 0
110 1 2 0 5 2.17477e-07 -0.0486774 0.0262389 7.2 -0.0122257 -0.00851127 0.264758 0.391828 -0.0489261 -0.00197755 1.0000 0 0 0 0   0 0 0
111 1 2 0 5 2.17495e-07 -0.037503 0.0146877 7.2 -0.00276771 -0.0162519 0.25888 0.300989 0.044185 -0.0011191 1.0000 0 0 0 0   0 0 0
112 1 2 0 5 2.17139e-07 -0.00926906 0.000462925 7.2 -0.0295024 -0.0105417 0.271958 0.0741493 0.158261 -3.54457e-05 1.0000 0 0 0 0   0 0 0
113 1 2 0 5 2.17737e-07 -0.0371726 0.00610101 7.2 0.00633085 0.000508626 0.237506 0.298182 0.113042 -0.00046677 1.0000 0 0 0 0   0 0 0
114 1 2 0 5 2.17899e-07 -0.0256314 0.00394426 7.2 -0.013098 0.0142004 0.226217 0.2053 0.130378 -0.000301921 1.0000 0 0 0 0   0 0 0
115 1 2 0 5 2.17159e-07 -0.00294407 -0.026099 7.2 -6.26939e-05 0.00706645 0.262017 0.0235818 0.371332 0.00196732 1.0000 0 0 0 0   0 0 0
116 1 2 0 5 2.17389e-07 -0.00398087 -0.0505071 7.2 -0.0150529 0.0105029 0.253216 0.0319989 0.569116 0.00364263 1.0000 0 0 0 0   0 0 0
117 1 2 0 5 2.17075e-07 -0.0148538 -0.0208882 7.2 0.024835 -0.0183589 0.226899 0.118972 0.329471 0.00158353 1.0000 0 0 0 0   0 0 0
118 1 2 0 5 2.18019e-07 -0.0120573 0.031028 7.2 0.00514811 0.00175066 0.218615 0.0966255 -0.0862439 -0.00232367 1.0000 0 0 0 0   0 0 0
119 1 2 0 5 2.17359e-07 -0.011181 -0.03389 7.2 -0.0168524 0.0151394 0.258818 0.089649 0.434224 0.00252695 1.0000 0 0 0 0   0 0 0
120 1 2 0 5 2.17941e-07 -0.0164013 -0.00789341 7.2 -0.0255554 0.0117366 0.224565 0.131239 0.225154 0.000603561 1.0000 0 0 0 0   0 0 0
121 1 2 0 5 2.17598e-07 -0.0145886 -0.0231902 7.2 -0.00814816 0.039019 0.253313 0.116865 0.347984 0.00175394 1.0000 0 0 0 0   0 0 0
122 1 2 0 5 2.17336e-07 -0.00149834 -0.0164242 7.2 -0.0206582 0.0151689 0.260617 0.0119862 0.293478 0.00124986 1.0000 0 0 0 0   0 0 0
123 1 2 0 5 2.17275e-07 -0.0288783 -0.028633 7.2 0.003241 0.014267 0.263348 0.231786 0.392161 0.00215149 1.0000 0 0 0 0   0 0 0
124 1 2 0 5 2.17322e-07 -0.0418362 -0.00587378 7.2 0.0150896 -0.00641239 0.262518 0.335884 0.209137 0.000449423 1.0000 0 0 0 0   0 0 0
125 1 2 0 5 2.17617e-07 -0.0077025 -0.0281894 7.2 -0.00613293 0.0113073 0.250459 0.061711 0.388181 0.00211932 1.0000 0 0 0 0   0 0 0
126 1 2 0 5 2.17481e-07 -0.0453898 0.033674 7.2 0.00516577 -0.00781578 0.250889 0.365485 -0.108659 -0.00251169 1.0000 0 0 0 0   0 0 0
127 1 2 0 5 2.17477e-07 -0.0267539 -0.0137517 7.2 0.0057629 -0.00279687 0.246556 0.21436 0.272235 0.00104845 1.0000 0 0 0 0   0 0 0
128 1 2 0 5 2.1776e-07 0.00249392 -0.0119663 7.2 0.0093486 0.00218916 0.235149 -0.0199505 0.257757 0.000913278 1.0000 0 0 0 0   0 0 0
129 1 2 0 5 2.1757e-07 -0.0281625 -0.0343456 7.2 0.0163779 0.0133442 0.252567 0.226183 0.438351 0.00255915 1.0000 0 0 0 0   0 0 0
130 1 2 0 5 2.17836e-07 0.000642071 0.00218894 7.2 0.00612861 -0.00831804 0.228318 -0.00513635 0.144455 -0.000167594 1.0000 0 0 0 0   0 0 0
131 1 2 0 5 2.17484e-07 -0.0504975 -0.00438897 7.2 0.00828824 0.00569771 0.259794 0.405911 0.197252 0.000335919 1.0000 0 0 0 0   0 0 0
132 1 2 0 5 2.17699e-07 -0.0339781 -0.0136929 7.2 0.0176042 -0.00444154 0.242154 0.272495 0.271864 0.00104401 1.0000 0 0 0 0   0 0 0
133 1 2 0 5 2.1683e-07 0.00977274 -0.0156389 7.2 -0.0225979 0.0199115 0.240165 -0.0782025 0.287222 0.00119082 1.0000 0 0 0 0   0 0 0
134 1 2 0 5 2.16965e-07 0.0222963 -0.00981626 7.2 -0.033803 0.014447 0.261683 -0.17856 0.240622 0.000750005 1.0000 0 0 0 0   0 0 0
135 1 2 0 5 2.16786e-07 -0.000320571 -0.00697205 7.2 -0.0097088 0.0101132 0.235314 0.00256446 0.217761 0.000533262 1.0000 0 0 0 0   0 0 0
136 1 2 0 5 2.16905e-07 0.00671839 -0.0250816 7.2 -0.0013254 0.0253442 0.249794 -0.0538125 0.363153 0.001893 1.0000 0 0 0 0   0 0 0
137 1 2 0 5 2.16985e-07 -0.0166291 -0.012726 7.2 -0.0103025 0.00248143 0.254332 0.13312 0.263914 0.000970832 1.0000 0 0 0 0   0 0 0
138 1 2 0 5 2.16861e-07 0.0362828 -0.0092615 7.2 -0.0124059 0.00682437 0.262189 -0.29103 0.236292 0.000707786 1.0000 0 0 0 0   0 0 0
139 1 2 0 5 2.16911e-07 0.0108549 0.0104065 7.2 -0.0163721 0.00961382 0.254551 -0.0868358 0.0787656 -0.00079486 1.0000 0 0 0 0   0 0 0
140 1 2 0 5 2.16799e-07 -0.00696591 0.0131051 7.2 -0.0118981 -0.000119675 0.240427 0.0557249 0.0572077 -0.000999549 1.0000 0 0 0 0   0 0 0
141 1 2 0 5 2.17016e-07 0.000120045 -0.000474836 7.2 -0.00214292 0.00761046 0.254835 -0.000960323 0.165762 3.63574e-05 1.0000 0 0 0 0   0 0 0
142 1 2 0 5 2.17022e-07 0.0265627 -0.0408266 7.2 -0.0184793 0.0239222 0.269277 -0.213463 0.490822 0.00300729 1.0000 0 0 0 0   0 0 0
143 1 2 0 5 2.16934e-07 -0.0401295 -0.0119779 7.2 0.0127474 -0.00324356 0.238528 0.322161 0.25819 0.00091416 1.0000 0 0 0 0   0 0 0
144 1 2 0 5 2.16896e-07 -0.0207197 -0.00568151 7.2 0.0017423 -0.0143555 0.218115 0.165879 0.207464 0.000434737 1.0000 0 0 0 0   0 0 0
145 1 2 0 5 2.16922e-07 -0.0263418 -0.0129929 7.2 -0.00515013 0.0125953 0.227083 0.211048 0.26614 0.00099105 1.0000 0 0 0 0   0 0 0
146 1 2 0 5 2.16824e-07 -0.0107347 -0.000520416 7.2 0.00339522 -0.0127747 0.22047 0.0858742 0.166127 3.98474e-05 1.0000 0 0 0 0   0 0 0
147 1 2 0 5 2.16856e-07 -0.0287204 -0.0171842 7.2 -0.00381427 0.00777243 0.214735 0.230163 0.299814 0.00130699 1.0000 0 0 0 0   0 0 0
148 1 2 0 5 2.16878e-07 -0.0163345 -0.0186815 7.2 0.0128208 -0.00700036 0.214292 0.130821 0.311744 0.00141906 1.0000 0 0 0 0   0 0 0
149 1 2 0 5 2.16846e-07 -0.0363947 -0.00472639 7.2 0.00333351 -0.0131829 0.229183 0.29188 0.199879 0.000361716 1.0000 0 0 0 0   0 0 0
150 1 2 0 5 2.16943e-07 -0.021099 -0.00611968 7.2 0.00124355 0.0117522 0.226921 0.168926 0.210977 0.000468195 1.0000 0 0 0 0   0 0 0
151 1 2 0 5 2.16958e-07 -0.026735 -0.00692748 7.2 0.0102849 -0.00885546 0.221903 0.21417 0.217481 0.000529859 1.0000 0 0 0 0   0 0 0
152 1 2 0 5 2.16915e-07 -0.0216207 0.00415329 7.2 -0.0012689 0.00598086 0.226664 0.173104 0.128719 -0.000317901 1.0000 0 0 0 0   0 0 0
153 1 2 0 5 2.17448e-07 -0.0346878 -0.0126564 7.2 0.0144155 0.0191028 0.256255 0.278205 0.263546 0.000965561 1.0000 0 0 0 0   0 0 0
154 1 2 0 5 2.17667e-07 -0.0433658 0.0188945 7.2 0.00541182 0.00103844 0.246306 0.348431 0.0103183 -0.001435 1.0000 0 0 0 0   0 0 0
155 1 2 0 5 2.17537e-07 -0.0396888 -0.0273537 7.2 -0.0102759 0.0173439 0.25325 0.318926 0.382116 0.00205872 1.0000 0 0 0 0   0 0 0
156 1 2 0 5 2.17189e-07 -0.00967907 -0.0213056 7.2 -0.00643607 0.0174211 0.263193 0.077507 0.332784 0.00161452 1.0000 0 0 0 0   0 0 0
157 1 2 0 5 2.17506e-07 0.0100664 -0.0253725 7.2 -0.0128326 -0.00208217 0.25521 -0.080638 0.365513 0.00191425 1.0000 0 0 0 0   0 0 0
158 1 2 0 5 2.17384e-07 0.00712313 -0.0250968 7.2 -0.00139947 0.0150818 0.260525 -0.057055 0.363277 0.00189411 1.0000 0 0 0 0   0 0 0
159 1 2 0 5 2.17369e-07 -0.0165513 -0.0414644 7.2 -0.00500839 0.0182716 0.2628 0.132934 0.495783 0.00305044 1.0000 0 0 0 0   0 0 0
160 1 2 0 5 2.17667e-07 -0.0184807 -0.0194484 7.2 0.00759997 0.0161384 0.240341 0.148037 0.317928 0.00147635 1.0000 0 0 0 0   0 0 0
161 1 2 0 5 2.17441e-07 -0.0267216 -0.0200748 7.2 0.00760725 0.017578 0.255442 0.214144 0.323029 0.00152298 1.0000 0 0 0 0   0 0 0
162 1 2 0 5 2.17322e-07 0.0118758 -0.0185477 7.2 0.00630905 0.00957127 0.244525 -0.0950825 0.310624 0.00140905 1.0000 0 0 0 0   0 0 0
163 1 2 0 5 2.16804e-07 0.0130177 -0.0225319 7.2 -0.0121159 0.00779601 0.235785 -0.104269 0.342676 0.00170529 1.0000 0 0 0 0   0 0 0
164 1 2 0 5 2.16739e-07 -0.00606688 -0.0316074 7.2 0.00392033 -0.000662536 0.236055 0.048616 0.415708 0.00236499 1.0000 0 0 0 0   0 0 0
165 1 2 0 5 2.16923e-07 0.0247071 -0.0273502 7.2 -0.00375278 0.000683821 0.271384 -0.198154 0.381663 0.00205847 1.0000 0 0 0 0   0 0 0
166 1 2 0 5 2.16749e-07 0.00375337 -0.0339103 7.2 -0.00201214 0.00890853 0.237351 -0.0300826 0.434281 0.00252839 1.0000 0 0 0 0   0 0 0
167 1 2 0 5 2.16876e-07 -0.0331409 -0.0431522 7.2 0.0246035 0.029315 0.249328 0.2667 0.510086 0.00316386 1.0000 0 0 0 0   0 0 0
168 1 2 0 5 2.16797e-07 -0.0130008 -0.00578342 7.2 -0.005463 0.00541515 0.225851 0.104002 0.208244 0.000442526 1.0000 0 0 0 0   0 0 0
169 1 2 0 5 2.16824e-07 -0.0055804 -0.0336213 7.2 0.000231499 0.00727036 0.238505 0.0447255 0.431954 0.00250797 1.0000 0 0 0 0   0 0 0
170 1 2 0 5 2.16755e-07 -0.00280504 -0.0362302 7.2 0.0117075 0.0134317 0.241498 0.0224941 0.453107 0.00269116 1.0000 0 0 0 0   0 0 0
171 1 2 0 5 2.1681e-07 -0.0147045 -0.0150256 7.2 0.012652 -0.00990595 0.232827 0.117714 0.282354 0.00114461 1.0000 0 0 0 0   0 0 0
172 1 2 0 5 2.16779e-07 -0.0245401 -0.0379382 7.2 0.0109769 0.00272631 0.242949 0.197113 0.467359 0.00280959 1.0000 0 0 0 0   0 0 0
173 1 2 0 5 2.182e-07 -0.0524298 0.00572392 7.2 -0.00985256 -0.0145021 0.202198 0.421719 0.115938 -0.00043798 1.0000 0 0 0 0   0 0 0
174 1 2 0 5 2.17377e-07 -0.0130623 0.00716817 7.2 -0.0225948 -0.00135669 0.262774 0.104494 0.104645 -0.000548233 1.0000 0 0 0 0   0 0 0
175 1 2 0 5 2.18132e-07 -0.0503674 0.0409172 7.2 -0.0224703 0.0123269 0.222342 0.406352 -0.167375 -0.00301342 1.0000 0 0 0 0   0 0 0
176 1 2 0 5 2.17675e-07 -0.0406077 0.015573 7.2 -0.00695619 -0.0161103 0.245478 0.326087 0.0370226 -0.00118586 1.0000 0 0 0 0   0 0 0
177 1 2 0 5 2.17448e-07 0.00602181 0.0263164 7.2 -0.02543 -0.0117322 0.264686 -0.0482374 -0.0485208 -0.00198321 1.0000 0 0 0 0   0 0 0
178 1 2 0 5 2.1738e-07 0.0271358 -0.043213 7.2 -0.0266673 0.0285461 0.277761 -0.218148 0.510218 0.00316793 1.0000 0 0 0 0   0 0 0
179 1 2 0 5 2.17376e-07 -0.0088458 0.0101358 7.2 -0.0108405 -0.00108435 0.263475 0.0707634 0.080929 -0.000774284 1.0000 0 0 0 0   0 0 0
180 1 2 0 5 2.17528e-07 0.0152875 -0.019706 7.2 -0.0301958 0.0232533 0.263073 -0.122437 0.319969 0.00149553 1.0000 0 0 0 0   0 0 0
181 1 2 0 5 2.16743e-07 -0.00690192 -0.0239595 7.2 -0.000728716 0.0032579 0.246854 0.0552772 0.354121 0.00181053 1.0000 0 0 0 0   0 0 0
182 1 2 0 5 2.16776e-07 -0.003786 0.0280994 7.2 0.0113844 -0.00619573 0.254102 0.0303308 -0.0627826 -0.0021128 1.0000 0 0 0 0   0 0 0
183 1 2 0 5 2.1683e-07 -0.0191181 0.0152363 7.2 0.00155571 -0.0190645 0.235812 0.153109 0.0400509 -0.00116052 1.0000 0 0 0 0   0 0 0
184 1 2 0 5 2.16818e-07 0.0120011 0.0112958 7.2 -0.00273215 -0.000139694 0.252686 -0.0960051 0.0716604 -0.000862435 1.0000 0 0 0 0   0 0 0
185 1 2 0 5 2.16796e-07 0.00174375 -0.000200181 7.2 -0.0159802 0.00124 0.237303 -0.0139494 0.163565 1.53274e-05 1.0000 0 0 0 0   0 0 0
186 1 2 0 5 2.16702e-07 -0.0081159 -0.024163 7.2 -0.0138607 0.00563421 0.244938 0.0650034 0.355766 0.0018255 1.0000 0 0 0 0   0 0 0
187 1 2 0 5 2.16794e-07 -0.00391927 -0.0216465 7.2 0.00157529 -0.0132466 0.240007 0.0313791 0.335491 0.00163975 1.0000 0 0 0 0   0 0 0
188 1 2 0 5 2.1686e-07 0.0324137 0.0017225 7.2 -0.0199649 -0.011556 0.255581 -0.259746 0.148162 -0.00013189 1.0000 0 0 0 0   0 0 0
189 1 2 0 5 2.16756e-07 -0.0107524 -0.0134052 7.2 -0.00706197 -0.0147112 0.238303 0.0860208 0.269291 0.00102229 1.0000 0 0 0 0   0 0 0
190 1 2 0 5 2.17028e-07 0.00958181 -0.0108011 7.2 -0.0113999 0.00892431 0.264722 -0.0766512 0.248423 0.000824842 1.0000 0 0 0 0   0 0 0
191 1 2 0 5 2.16926e-07 0.011215 -0.00719164 7.2 -0.00659143 0.00940864 0.265899 -0.089716 0.219519 0.000550024 1.0000 0 0 0 0   0 0 0
192 1 2 0 5 2.16895e-07 0.00317044 -0.0102021 7.2 -0.0143171 0.00930037 0.258807 -0.0253625 0.243626 0.000779327 1.0000 0 0 0 0   0 0 0
193 1 2 0 5 2.16883e-07 0.0084136 0.0174844 7.2 -0.0196115 -0.00525092 0.254481 -0.0673375 0.0221714 -0.00132948 1.0000 0 0 0 0   0 0 0
194 1 2 0 5 2.16779e-07 0.00119123 0.00741071 7.2 -0.0108724 -0.00624969 0.239692 -0.00952942 0.102706 -0.000566748 1.0000 0 0 0 0   0 0 0
195 1 2 0 5 2.16914e-07 -0.0123943 -0.0026809 7.2 0.00647638 0.00838918 0.261351 0.09915 0.183413 0.000205243 1.0000 0 0 0 0   0 0 0
196 1 2 0 5 2.17136e-07 -8.66479e-05 0.0240066 7.2 -0.00957371 -0.0204904 0.265559 0.000693895 -0.0300179 -0.00181399 1.0000 0 0 0 0   0 0 0
197 1 2 0 5 2.16909e-07 0.0170492 0.00910575 7.2 -0.000538377 0.00275892 0.25587 -0.13645 0.0891263 -0.000695921 1.0000 0 0 0 0   0 0 0
198 1 2 0 5 2.17091e-07 -0.0352179 -0.0791058 7.2 0.0200581 0.0447998 0.279997 0.286098 0.807357 0.0051994 1.0000 0 0 0 0   0 0 0
199 1 2 0 5 2.1689e-07 -0.0230288 0.0104823 7.2 -0.00216719 -0.00478944 0.257243 0.184444 0.0780595 -0.00080062 1.0000 0 0 0 0   0 0 0
200 1 2 0 5 2.16766e-07 -0.00556829 0.0140225 7.2 0.00507906 -0.0117439 0.232177 0.0445444 0.0498803 -0.00106889 1.0000 0 0 0 0   0 0 0
0 1 2 0 6 2.23887e-07 -0.00641636 -0.0113534 9 0 0 0.204 0 0 0 1.0000 0 0 0 0   0 0 0
1 1 2 0 6 2.23562e-07 -0.00758491 -0.0365471 9 0.0167931 0.0158726 0.205817 0.0608382 0.455723 0.00271327 1.0000 0 0 0 0   0 0 0
2 1 2 0 6 2.23615e-07 0.0107914 -0.0211865 9 -0.00466805 -0.00452507 0.203421 -0.0864179 0.331834 0.00160571 1.0000 0 0 0 0   0 0 0
3 1 2 0 6 2.23637e-07 0.0280482 -0.00238936 9 0.0188404 0.0143819 0.222215 -0.224699 0.181108 0.000182932 1.0000 0 0 0 0   0 0 0
4 1 2 0 6 2.23643e-07 -0.00470652 0.0162192 9 -0.00375348 0.0167163 0.208979 0.0376507 0.032338 -0.00123444 1.0000 0 0 0 0   0 0 0
5 1 2 0 6 2.23681e-07 0.0133515 0.00238987 9 0.0127752 0.0166164 0.20673 -0.106807 0.142848 -0.000182971 1.0000 0 0 0 0   0 0 0
6 1 2 0 6 2.23593e-07 0.00419843 0.00065381 9 0.00255683 0.00721028 0.214754 -0.033586 0.156734 -5.00615e-05 1.0000 0 0 0 0   0 0 0
7 1 2 0 6 2.23651e-07 0.0211228 -0.00671708 9 0.0154636 0.00208298 0.217509 -0.169121 0.215765 0.000513798 1.0000 0 0 0 0   0 0 0
8 1 2 0 6 2.23674e-07 0.00604823 -0.0153555 9 -0.00201505 0.0115933 0.213579 -0.0483838 0.284913 0.00116952 1.0000 0 0 0 0   0 0 0
9 1 2 0 6 2.23505e-07 -0.0165806 -0.028411 9 0.0047333 0.0166569 0.196778 0.132871 0.390015 0.00213539 1.0000 0 0 0 0   0 0 0
10 1 2 0 6 2.23514e-07 0.00255016 -0.0225942 9 -0.0392254 0.032946 0.23102 -0.0204194 0.343115 0.0017099 1.0000 0 0 0 0   0 0 0
11 1 2 0 6 2.23592e-07 -0.00695163 -0.0389314 9 -0.016609 0.0324513 0.254715 0.0557841 0.475073 0.00287794 1.0000 0 0 0 0   0 0 0
12 1 2 0 6 2.23543e-07 -0.0265265 0.0291567 9 0.0033331 -0.0225538 0.240598 0.212859 -0.0716073 -0.00218925 1.0000 0 0 0 0   0 0 0
14 1 2 0 6 2.2355e-07 -0.0100214 0.0297667 9 -0.0215929 -0.012937 0.245702 0.080301 -0.076145 -0.00223313 1.0000 0 0 0 0   0 0 0
15 1 2 0 6 2.23462e-07 -0.0204644 9.54564e-05 9 -0.0257249 0.0110594 0.22901 0.163812 0.161199 -7.30911e-06 1.0000 0 0 0 0   0 0 0
16 1 2 0 6 2.23516e-07 -0.0179973 0.0260672 9 -0.013886 0.00535558 0.242321 0.144214 -0.0465996 -0.001965 1.0000 0 0 0 0   0 0 0
17 1 2 0 6 2.2344e-07 -0.017794 0.0100056 9 -0.00884917 0.00439633 0.231885 0.142435 0.0819188 -0.000764396 1.0000 0 0 0 0   0 0 0
18 1 2 0 6 2.2345e-07 -0.0105831 0.0145694 9 0.00503526 -0.00938876 0.229105 0.0846803 0.0454863 -0.00111017 1.0000 0 0 0 0   0 0 0
19 1 2 0 6 2.23696e-07 -0.00137504 -0.0166357 9 0.00537981 0.00580693 0.225404 0.0109999 0.295173 0.00126575 1.0000 0 0 0 0   0 0 0
20 1 2 0 6 2.23758e-07 -0.00872376 -0.0463706 9 -0.000315467 -0.0193085 0.236658 0.0700916 0.535518 0.00337668 1.0000 0 0 0 0   0 0 0
21 1 2 0 6 2.23772e-07 0.00486409 -0.0393011 9 -0.0216712 -0.0144824 0.216765 -0.0390329 0.478056 0.00290325 1.0000 0 0 0 0   0 0 0
22 1 2 0 6 2.23676e-07 -0.00573322 -0.0307388 9 -0.010303 0.0140316 0.210777 0.0459397 0.408709 0.00230304 1.0000 0 0 0 0   0 0 0
23 1 2 0 6 2.23721e-07 -0.0542285 -0.0147226 9 -0.000526522 0.00725903 0.207356 0.436618 0.280603 0.00112174 1.0000 0 0 0 0   0 0 0
24 1 2 0 6 2.23696e-07 0.00331686 -0.0310105 9 -0.0125447 -0.0120967 0.212566 -0.0265775 0.410892 0.00232242 1.0000 0 0 0 0   0 0 0
25 1 2 0 6 2.23801e-07 0.00559971 0.00710609 9 0.0229523 0.00120945 0.232968 -0.0447957 0.105141 -0.000543494 1.0000 0 0 0 0   0 0 0
26 1 2 0 6 2.23835e-07 -0.0188211 -0.0912737 9 0.000127748 -0.00662363 0.226363 0.153314 0.909073 0.00567701 1.0000 0 0 0 0   0 0 0
27 1 2 0 6 2.23693e-07 -0.00567604 -0.0370459 9 -0.0074018 0.0010113 0.244433 0.0455287 0.459751 0.00274781 1.0000 0 0 0 0   0 0 0
28 1 2 0 6 2.23388e-07 -0.0256019 -0.00358816 9 0.00785846 -0.0212557 0.235047 0.205062 0.19071 0.000274676 1.0000 0 0 0 0   0 0 0
29 1 2 0 6 2.2339e-07 -0.0354772 0.0219789 9 0.00328005 -0.0223296 0.23617 0.284806 -0.0142542 -0.00166436 1.0000 0 0 0 0   0 0 0
30 1 2 0 6 2.23426e-07 0.00759513 -0.0134313 9 0.0166608 -0.00425814 0.212103 -0.0607584 0.269493 0.00102426 1.0000 0 0 0 0   0 0 0
31 1 2 0 6 2.23372e-07 -0.0537676 0.00446678 9 0.0096525 -0.00690201 0.232317 0.432636 0.126032 -0.000341869 1.0000 0 0 0 0   0 0 0
32 1 2 0 6 2.23318e-07 -0.0110187 -0.00584681 9 0.00229676 -0.00820745 0.221291 0.0881462 0.208752 0.000447365 1.0000 0 0 0 0   0 0 0
33 1 2 0 6 2.23418e-07 -0.00221014 -0.0054553 9 0.0106741 -0.00133995 0.220134 0.0176804 0.205618 0.000417443 1.0000 0 0 0 0   0 0 0
34 1 2 0 6 2.23505e-07 -0.0948318 0.0153498 9 0.0178239 -0.00981131 0.278499 0.773309 0.0369026 -0.00116909 1.0000 0 0 0 0   0 0 0
35 1 2 0 6 2.23424e-07 -0.0818266 0.000549769 9 0.0083734 0.000440399 0.267369 0.663614 0.157505 -4.20953e-05 1.0000 0 0 0 0   0 0 0
36 1 2 0 6 2.23445e-07 0.0108349 -0.0198634 9 0.00195642 -0.00261473 0.212717 -0.0867548 0.321194 0.00150725 1.0000 0 0 0 0   0 0 0
37 1 2 0 6 2.23469e-07 -0.0570015 0.0136785 9 -0.000931457 -0.0171988 0.250466 0.459232 0.0518504 -0.00104292 1.0000 0 0 0 0   0 0 0
38 1 2 0 6 2.23738e-07 -0.0308603 -0.0370319 9 -0.0104734 -0.00684082 0.229305 0.247983 0.460173 0.00274683 1.0000 0 0 0 0   0 0 0
40 1 2 0 6 2.23914e-07 -0.0171796 -0.0260734 9 -0.0107976 0.00612834 0.221626 0.137658 0.371203 0.00196545 1.0000 0 0 0 0   0 0 0
41 1 2 0 6 2.23729e-07 -0.0277741 0.000723048 9 0.0139052 -0.0136559 0.243877 0.222497 0.156172 -5.5363e-05 1.0000 0 0 0 0   0 0 0
42 1 2 0 6 2.2378e-07 -0.0260722 -0.030121 9 0.0167416 0.00325232 0.228361 0.209231 0.404107 0.00225862 1.0000 0 0 0 0   0 0 0
43 1 2 0 6 2.23618e-07 -0.00816066 -0.042187 9 0.00281164 -0.00502933 0.27467 0.0655261 0.501524 0.00309934 1.0000 0 0 0 0   0 0 0
44 1 2 0 6 2.23764e-07 -0.0137162 -0.0319268 9 -0.00530907 -0.00236009 0.248606 0.109951 0.418365 0.00238776 1.0000 0 0 0 0   0 0 0
45 1 2 0 6 2.23598e-07 -0.0528979 0.0347181 9 0.00886213 -0.0195132 0.258575 0.426625 -0.117483 -0.00258535 1.0000 0 0 0 0   0 0 0
46 1 2 0 6 2.23771e-07 -0.0148338 0.00923456 9 0.0141428 -0.021562 0.26691 0.11868 0.0881211 -0.000705733 1.0000 0 0 0 0   0 0 0
47 1 2 0 6 2.24075e-07 -0.0121628 0.0147202 9 0.0213576 -0.022748 0.275684 0.0973393 0.0442589 -0.00112156 1.0000 0 0 0 0   0 0 0
48 1 2 0 6 2.23803e-07 -0.0418412 0.0171333 9 0.0147408 -0.0262657 0.269865 0.336082 0.0244804 -0.00130316 1.0000 0 0 0 0   0 0 0
49 1 2 0 6 2.23826e-07 -0.0440697 -0.0301823 9 -0.0104935 -0.0168028 0.263012 0.354546 0.405206 0.00226302 1.0000 0 0 0 0   0 0 0
50 1 2 0 6 2.24502e-07 -0.0346689 -0.0219813 9 0.0382832 0.012511 0.248342 0.278282 0.33863 0.00166454 1.0000 0 0 0 0   0 0 0
51 1 2 0 6 2.23418e-07 0.0208293 -0.00143848 9 0.0171488 -0.0139187 0.192364 -0.166742 0.17348 0.000110142 1.0000 0 0 0 0   0 0 0
52 1 2 0 6 2.23348e-07 0.000286837 -0.00736609 9 -0.0346293 -0.0291301 0.199614 -0.0022946 0.220915 0.000563341 1.0000 0 0 0 0   0 0 0
53 1 2 0 6 2.23747e-07 -0.0572245 -0.00915183 9 -0.00586423 0.00547603 0.229529 0.460952 0.235722 0.000699431 1.0000 0 0 0 0   0 0 0
54 1 2 0 6 2.23695e-07 -0.0422627 0.00641497 9 0.00235577 0.0139696 0.234592 0.339337 0.110476 -0.000490736 1.0000 0 0 0 0   0 0 0
55 1 2 0 6 2.23669e-07 -0.020236 -0.00909568 9 -0.0090391 0.0109544 0.242572 0.162021 0.234827 0.000695153 1.0000 0 0 0 0   0 0 0
56 1 2 0 6 2.23613e-07 0.000659789 -0.0173781 9 -0.0128056 0.0145754 0.224628 -0.00527865 0.301138 0.00132153 1.0000 0 0 0 0   0 0 0
57 1 2 0 6 2.23709e-07 -0.00120422 -0.0306424 9 0.00214646 0.0169751 0.245819 0.00964894 0.407925 0.00229613 1.0000 0 0 0 0   0 0 0
58 1 2 0 6 2.23693e-07 -0.0248819 -0.0139463 9 -0.0109353 0.0083101 0.246856 0.199339 0.273784 0.00106314 1.0000 0 0 0 0   0 0 0
59 1 2 0 6 2.23689e-07 0.00554715 -0.0258417 9 -0.00565495 0.00404224 0.210328 -0.044433 0.369268 0.00194853 1.0000 0 0 0 0   0 0 0
60 1 2 0 6 2.23707e-07 -0.0176 -0.00261252 9 -0.00867217 0.00318682 0.225469 0.14082 0.18287 0.00020001 1.0000 0 0 0 0   0 0 0
61 1 2 0 6 2.23681e-07 -0.017433 -0.0162956 9 -0.00198614 0.0137021 0.227618 0.139605 0.292584 0.00124018 1.0000 0 0 0 0   0 0 0
62 1 2 0 6 2.23572e-07 -0.0222552 -0.00342654 9 0.000125474 0.0101712 0.238404 0.178195 0.189405 0.000262307 1.0000 0 0 0 0   0 0 0
63 1 2 0 6 2.23688e-07 -0.0336467 -0.0123938 9 -0.00480031 0.0144459 0.239642 0.269788 0.261412 0.000945664 1.0000 0 0 0 0   0 0 0
64 1 2 0 6 2.23746e-07 0.0104756 0.0160931 9 -0.0109656 -0.0168902 0.265542 -0.083838 0.033289 -0.00122497 1.0000 0 0 0 0   0 0 0
65 1 2 0 6 2.23463e-07 -0.0781999 0.0038703 9 0.00173528 0.0296149 0.277198 0.633567 0.130614 -0.000296266 1.0000 0 0 0 0   0 0 0
66 1 2 0 6 2.23955e-07 -0.00122749 0.0105389 9 -0.00768015 -0.025142 0.265414 0.0098195 0.0777082 -0.000804917 1.0000 0 0 0 0   0 0 0
67 1 2 0 6 2.23786e-07 -0.0104707 0.0142983 9 0.00726379 -0.0181049 0.268769 0.0837762 0.0476577 -0.00108971 1.0000 0 0 0 0   0 0 0
68 1 2 0 6 2.23678e-07 -0.0276391 0.0157979 9 0.0110933 0.0275847 0.260224 0.221477 0.0354884 -0.00120277 1.0000 0 0 0 0   0 0 0
69 1 2 0 6 2.241e-07 -0.0144116 -0.0246402 9 -0.00132067 0.0405706 0.270103 0.115457 0.359649 0.0018606 1.0000 0 0 0 0   0 0 0
70 1 2 0 6 2.24051e-07 -0.0225982 0.0287858 9 0.00178403 -0.0309369 0.273331 0.18123 -0.0685042 -0.00216257 1.0000 0 0 0 0   0 0 0
71 1 2 0 6 2.24304e-07 0.00267477 -0.0251582 9 -0.0185819 -0.0101526 0.259475 -0.0214229 0.363756 0.00189859 1.0000 0 0 0 0   0 0 0
72 1 2 0 6 2.23792e-07 0.00418733 0.0236362 9 0.00952778 -0.00571924 0.24467 -0.033533 -0.0270596 -0.00178675 1.0000 0 0 0 0   0 0 0
73 1 2 0 6 2.23945e-07 -0.00257808 0.0380063 9 0.00765694 -0.0224847 0.269091 0.0206821 -0.142266 -0.0028143 1.0000 0 0 0 0   0 0 0
74 1 2 0 6 2.23658e-07 -0.0122891 -0.00593272 9 0.00356407 0.0143651 0.209092 0.0983089 0.20944 0.000453923 1.0000 0 0 0 0   0 0 0
75 1 2 0 6 2.23573e-07 -0.0015263 -0.0127296 9 -0.0102928 -0.00946321 0.234291 0.0122099 0.263872 0.000971103 1.0000 0 0 0 0   0 0 0
76 1 2 0 6 2.23624e-07 0.00393761 -0.0265283 9 0.00474108 -0.0122427 0.240931 -0.0315415 0.374791 0.00199868 1.0000 0 0 0 0   0 0 0
77 1 2 0 6 2.23623e-07 -0.00465127 -0.021248 9 -0.00570227 -0.00215285 0.214799 0.0372386 0.332288 0.00161026 1.0000 0 0 0 0   0 0 0
78 1 2 0 6 2.23606e-07 0.00410967 -0.0161264 9 0.0129146 0.0134314 0.212101 -0.0328759 0.291091 0.00122747 1.0000 0 0 0 0   0 0 0
79 1 2 0 6 2.23581e-07 0.00428729 -0.00845184 9 -0.00791958 0.0129642 0.221205 -0.0342968 0.229609 0.000646104 1.0000 0 0 0 0   0 0 0
80 1 2 0 6 2.23513e-07 -0.0149266 -0.00676025 9 0.000476024 0.00661307 0.224251 0.119408 0.216065 0.000517093 1.0000 0 0 0 0   0 0 0
81 1 2 0 6 2.23632e-07 0.017618 -0.0313687 9 0.0159179 0.00749072 0.217949 -0.14127 0.41395 0.00234796 1.0000 0 0 0 0   0 0 0
82 1 2 0 6 2.23639e-07 -0.0213617 -0.0150339 9 -0.00317821 -0.00310295 0.214664 0.171104 0.282489 0.00114524 1.0000 0 0 0 0   0 0 0
83 1 2 0 6 2.23611e-07 0.00208451 -0.011185 9 0.00707636 0.00653238 0.219774 -0.0166753 0.251498 0.000854014 1.0000 0 0 0 0   0 0 0
84 1 2 0 6 2.23781e-07 -0.0159454 -0.0260982 9 0.0236128 0.000910674 0.252233 0.127764 0.371393 0.00196726 1.0000 0 0 0 0   0 0 0
85 1 2 0 6 2.23734e-07 -0.0172493 -0.0207105 9 0.0218052 -0.00344661 0.223143 0.138174 0.328063 0.0015703 1.0000 0 0 0 0   0 0 0
86 1 2 0 6 2.23712e-07 -0.0190031 -0.0324505 9 0.00564945 0.00578098 0.235995 0.152432 0.422751 0.00242511 1.0000 0 0 0 0   0 0 0
87 1 2 0 6 2.23741e-07 -0.0392377 -0.0208094 9 -0.00503268 0.00187514 0.227869 0.315132 0.329293 0.00157766 1.0000 0 0 0 0   0 0 0
88 1 2 0 6 2.23735e-07 -0.0525837 -0.027038 9 -0.000231497 -0.00852 0.230788 0.423693 0.380162 0.00203583 1.0000 0 0 0 0   0 0 0
89 1 2 0 6 2.23792e-07 0.00068508 0.00261374 9 0.0205346 0.0163214 0.213422 -0.00548041 0.141058 -0.000200104 1.0000 0 0 0 0   0 0 0
90 1 2 0 6 2.2375e-07 -0.00755328 0.00752698 9 -0.00820185 -0.0196906 0.254895 0.0604237 0.101777 -0.000575623 1.0000 0 0 0 0   0 0 0
91 1 2 0 6 2.23664e-07 -0.0181569 -0.00179558 9 0.011385 -0.00776228 0.227094 0.145288 0.176333 0.000137485 1.0000 0 0 0 0   0 0 0
92 1 2 0 6 2.23635e-07 -0.0170611 -0.00446623 9 0.000704109 -0.00491242 0.236814 0.136504 0.197707 0.000341826 1.0000 0 0 0 0   0 0 0
93 1 2 0 6 2.2363e-07 -0.000699002 0.0148514 9 0.00858975 -0.00757238 0.208726 0.00559178 0.0432609 -0.00113146 1.0000 0 0 0 0   0 0 0
94 1 2 0 6 2.23622e-07 0.00172022 -0.0257079 9 -0.00557557 0.00516213 0.215498 -0.0137783 0.368181 0.00193875 1.0000 0 0 0 0   0 0 0
95 1 2 0 6 2.23592e-07 0.0182146 -0.00111429 9 0.0160049 -0.0249962 0.211533 -0.14575 0.170881 8.53195e-05 1.0000 0 0 0 0   0 0 0
96 1 2 0 6 2.23503e-07 0.0032802 0.0201688 9 0.0181395 0.00172545 0.209495 -0.0262569 0.000708465 -0.00152998 1.0000 0 0 0 0   0 0 0
97 1 2 0 6 2.2356e-07 -0.0051434 -0.0184053 9 -0.00251836 -0.00539272 0.216214 0.0411627 0.30942 0.00139839 1.0000 0 0 0 0   0 0 0
98 1 2 0 6 2.2362e-07 0.0193028 -0.00739672 9 -0.00155745 -0.0111819 0.21367 -0.154518 0.221199 0.00056568 1.0000 0 0 0 0   0 0 0
99 1 2 0 6 2.23616e-07 0.0131304 -0.00631375 9 0.004091 -0.00971976 0.235129 -0.105039 0.21249 0.00048301 1.0000 0 0 0 0   0 0 0
100 1 2 0 6 2.23657e-07 0.0311389 -0.00547403 9 0.0138397 -0.0104285 0.222699 -0.249518 0.205841 0.000418875 1.0000 0 0 0 0   0 0 0
101 1 2 0 6 2.23598e-07 0.0147605 -0.015993 9 -0.00790356 0.00366356 0.223306 -0.118174 0.290125 0.00121743 1.0000 0 0 0 0   0 0 0
102 1 2 0 6 2.23662e-07 0.041779 -0.00149512 9 0.00591686 0.0032078 0.21401 -0.3354 0.173967 0.00011448 1.0000 0 0 0 0   0 0 0
103 1 2 0 6 2.24115e-07 -0.0283837 -0.0476094 9 0.00677384 0.0163798 0.271982 0.228482 0.546248 0.00345723 1.0000 0 0 0 0   0 0 0
104 1 2 0 6 2.2349e-07 0.00130759 -0.0262133 9 0.00321391 0.00196925 0.255984 -0.0104737 0.37225 0.00197568 1.0000 0 0 0 0   0 0 0
105 1 2 0 6 2.23647e-07 -0.00540299 -0.051177 9 0.000221291 0.0189387 0.270149 0.0434415 0.574638 0.00368488 1.0000 0 0 0 0   0 0 0
106 1 2 0 6 2.23919e-07 0.00461968 -0.0260725 9 -0.000963072 0.00315807 0.275122 -0.037004 0.371123 0.00196538 1.0000 0 0 0 0   0 0 0
108 1 2 0 6 2.2401e-07 0.0110369 -0.0142795 9 -0.0124092 0.00138397 0.272596 -0.0883123 0.276317 0.00108829 1.0000 0 0 0 0   0 0 0
109 1 2 0 6 2.23642e-07 -0.0553592 -0.0386031 9 0.0285299 -0.00111805 0.269163 0.446849 0.474249 0.00285546 1.0000 0 0 0 0   0 0 0
110 1 2 0 6 2.23996e-07 0.00274573 -0.0539458 9 0.0160265 0.00621145 0.275243 -0.0220936 0.597368 0.0038571 1.0000 0 0 0 0   0 0 0
111 1 2 0 6 2.23998e-07 -0.0030623 -0.0447761 9 0.0045229 0.014938 0.272538 0.0245962 0.522524 0.00327182 1.0000 0 0 0 0   0 0 0
112 1 2 0 6 2.23665e-07 -0.0331477 -0.0234076 9 0.0282333 0.0110072 0.266041 0.266049 0.350092 0.00176993 1.0000 0 0 0 0   0 0 0
113 1 2 0 6 2.24298e-07 0.00502047 -0.0322302 9 -0.0114141 0.000542608 0.25425 -0.0402318 0.420723 0.0024094 1.0000 0 0 0 0   0 0 0
114 1 2 0 6 2.24552e-07 -0.000884902 -0.0335947 9 0.00575797 -0.0147001 0.238006 0.00709159 0.431714 0.00250608 1.0000 0 0 0 0   0 0 0
115 1 2 0 6 2.23649e-07 -0.0312793 0.00748316 9 -0.00476782 -0.0101321 0.260887 0.250651 0.102025 -0.000572279 1.0000 0 0 0 0   0 0 0
116 1 2 0 6 2.23941e-07 -0.0285846 0.0340593 9 0.012638 -0.0136432 0.264375 0.229575 -0.111044 -0.00253892 1.0000 0 0 0 0   0 0 0
117 1 2 0 6 2.23715e-07 -0.0213397 0.0114523 9 -0.0223712 0.0145453 0.226821 0.170896 0.0703104 -0.000874325 1.0000 0 0 0 0   0 0 0
118 1 2 0 6 2.24705e-07 -0.0203445 -0.0547266 9 -0.00457616 0.0089728 0.226799 0.163896 0.604207 0.00390471 1.0000 0 0 0 0   0 0 0
119 1 2 0 6 2.23891e-07 -0.0264728 0.0176168 9 0.0171745 -0.017094 0.267246 0.212131 0.0209417 -0.00133939 1.0000 0 0 0 0   0 0 0
120 1 2 0 6 2.24666e-07 -0.000403739 -0.0205442 9 0.0172553 -0.0110786 0.229101 0.00323185 0.326612 0.00155792 1.0000 0 0 0 0   0 0 0
121 1 2 0 6 2.24143e-07 -0.0200868 0.0156119 9 0.00267093 -0.039469 0.271346 0.160882 0.0370363 -0.00118879 1.0000 0 0 0 0   0 0 0
122 1 2 0 6 2.23865e-07 -0.0418682 -0.000306649 9 0.0189717 -0.0158208 0.267613 0.336119 0.164425 2.34796e-05 1.0000 0 0 0 0   0 0 0
123 1 2 0 6 2.23755e-07 -0.00803275 0.0103092 9 -0.00263436 -0.0109516 0.26895 0.0642593 0.0795431 -0.000787466 1.0000 0 0 0 0   0 0 0
124 1 2 0 6 2.23792e-07 0.00699555 -0.0166593 9 -0.0136806 0.00552702 0.269865 -0.0559753 0.295394 0.00126753 1.0000 0 0 0 0   0 0 0
125 1 2 0 6 2.24134e-07 -0.0301905 0.0115127 9 0.0014106 -0.0147619 0.267289 0.241929 0.0697693 -0.000878916 1.0000 0 0 0 0   0 0 0
126 1 2 0 6 2.24014e-07 0.00831079 -0.0579396 9 -0.00931654 0.00271528 0.265183 -0.0669543 0.630267 0.00409769 1.0000 0 0 0 0   0 0 0
127 1 2 0 6 2.23991e-07 -0.00722737 -0.0102816 9 -0.00496045 0.00147202 0.262334 0.0578165 0.244262 0.000785364 1.0000 0 0 0 0   0 0 0
128 1 2 0 6 2.24304e-07 -0.0354429 -0.00940918 9 -0.00939583 -0.00295071 0.25382 0.284244 0.237465 0.000719036 1.0000 0 0 0 0   0 0 0
129 1 2 0 6 2.24067e-07 -0.00157079 0.0167469 9 -0.015049 -0.0131776 0.27034 0.0125658 0.0281253 -0.00127411 1.0000 0 0 0 0   0 0 0
130 1 2 0 6 2.24421e-07 -0.0353822 -0.0236686 9 -0.00271988 0.00569364 0.245921 0.284083 0.352259 0.00178913 1.0000 0 0 0 0   0 0 0
131 1 2 0 6 2.23962e-07 0.0120906 -0.024902 9 -0.00339243 -0.000415396 0.275222 -0.0968565 0.361739 0.00187986 1.0000 0 0 0 0   0 0 0
132 1 2 0 6 2.24216e-07 0.00172818 -0.0130697 9 -0.0153518 0.00630978 0.263183 -0.0138249 0.266597 0.00099687 1.0000 0 0 0 0   0 0 0
133 1 2 0 6 2.23517e-07 -0.0158081 -0.0164308 9 0.0272782 -0.0151694 0.220736 0.126577 0.293653 0.00125035 1.0000 0 0 0 0   0 0 0
134 1 2 0 6 2.23585e-07 -0.0445702 -0.0154836 9 0.0381927 -0.00734656 0.248677 0.358102 0.286479 0.00117914 1.0000 0 0 0 0   0 0 0
135 1 2 0 6 2.23466e-07 -0.0121692 -0.0196536 9 0.00927362 -0.00390181 0.212775 0.0974443 0.319518 0.00149162 1.0000 0 0 0 0   0 0 0
136 1 2 0 6 2.235e-07 -0.0312927 -0.00400319 9 0.00695367 -0.0279262 0.232763 0.250749 0.194049 0.000306425 1.0000 0 0 0 0   0 0 0
137 1 2 0 6 2.23537e-07 -0.0123532 -0.00756619 9 0.0106858 -0.00211378 0.24347 0.0988216 0.222517 0.000578616 1.0000 0 0 0 0   0 0 0
138 1 2 0 6 2.23444e-07 -0.0606406 -0.0148964 9 0.0229844 -0.00154821 0.242988 0.488984 0.282186 0.00113486 1.0000 0 0 0 0   0 0 0
139 1 2 0 6 2.23527e-07 -0.0317937 -0.0340598 9 0.027201 -0.00887258 0.23675 0.255428 0.436134 0.00253895 1.0000 0 0 0 0   0 0 0
140 1 2 0 6 2.2345e-07 -0.00397076 -0.0264562 9 0.0103235 0.0074427 0.219095 0.0318069 0.374211 0.00199342 1.0000 0 0 0 0   0 0 0
141 1 2 0 6 2.23556e-07 -0.0306115 -0.0211152 9 0.00471784 -0.0107773 0.2448 0.245526 0.33153 0.00160043 1.0000 0 0 0 0   0 0 0
142 1 2 0 6 2.23579e-07 -0.0613005 0.0218708 9 0.0189931 -0.0226862 0.257969 0.494577 -0.0142687 -0.00165636 1.0000 0 0 0 0   0 0 0
143 1 2 0 6 2.23542e-07 0.00175882 -0.0099128 9 -0.0110558 0.00341848 0.226674 -0.01407 0.241309 0.000757341 1.0000 0 0 0 0   0 0 0
144 1 2 0 6 2.23642e-07 0.00245921 0.00182408 9 -0.00390196 0.0121687 0.205948 -0.0196728 0.147373 -0.000139668 1.0000 0 0 0 0   0 0 0
145 1 2 0 6 2.23609e-07 0.00960422 -0.0184053 9 -0.00265434 -0.0105608 0.215864 -0.0768822 0.309457 0.0013984 1.0000 0 0 0 0   0 0 0
146 1 2 0 6 2.23561e-07 -0.00766268 -0.00460606 9 -0.00316455 0.0207253 0.203061 0.0612988 0.198821 0.000352517 1.0000 0 0 0 0   0 0 0
147 1 2 0 6 2.23622e-07 0.0125466 -0.0120153 9 -0.0081764 -0.00523303 0.202986 -0.100379 0.258159 0.000916991 1.0000 0 0 0 0   0 0 0
148 1 2 0 6 2.23617e-07 -0.0142326 -5.93124e-05 9 -0.0143637 0.00176248 0.203019 0.113856 0.162438 4.54132e-06 1.0000 0 0 0 0   0 0 0
149 1 2 0 6 2.23539e-07 0.0100539 -0.00233294 9 -0.0124114 0.0158892 0.212061 -0.0804279 0.180629 0.000178614 1.0000 0 0 0 0   0 0 0
150 1 2 0 6 2.23609e-07 -0.000666611 -0.0221106 9 -0.00843884 -0.00994999 0.217694 0.00533721 0.339219 0.00167411 1.0000 0 0 0 0   0 0 0
151 1 2 0 6 2.23638e-07 -0.00555042 -0.00455126 9 -0.014952 0.00649756 0.213453 0.0444015 0.198382 0.000348327 1.0000 0 0 0 0   0 0 0
152 1 2 0 6 2.23599e-07 0.00164588 -0.0295801 9 -0.0076562 -0.0020713 0.212937 -0.0131869 0.399367 0.00221971 1.0000 0 0 0 0   0 0 0
153 1 2 0 6 2.23943e-07 0.00255067 -0.00284298 9 -0.0161199 -0.0176172 0.265522 -0.0204045 0.18471 0.000217647 1.0000 0 0 0 0   0 0 0
154 1 2 0 6 2.24195e-07 0.00439768 -0.0441403 9 -0.00616218 -0.00314059 0.265994 -0.035319 0.517363 0.0032299 1.0000 0 0 0 0   0 0 0
155 1 2 0 6 2.24067e-07 0.000911092 0.00670908 9 0.00822677 -0.0138972 0.269225 -0.00728843 0.108314 -0.000513188 1.0000 0 0 0 0   0 0 0
156 1 2 0 6 2.23692e-07 -0.0275434 0.00518387 9 0.00661741 -0.0170016 0.263662 0.220653 0.120448 -0.000396692 1.0000 0 0 0 0   0 0 0
157 1 2 0 6 2.24028e-07 -0.050678 0.00262366 9 0.0149844 -0.00202383 0.269658 0.40737 0.140877 -0.000200863 1.0000 0 0 0 0   0 0 0
158 1 2 0 6 2.23876e-07 -0.0459864 0.00929058 9 -0.000265701 -0.0162154 0.270539 0.369467 0.0873608 -0.000710001 1.0000 0 0 0 0   0 0 0
159 1 2 0 6 2.23868e-07 -0.0225585 0.0268393 9 0.0039349 -0.0204574 0.273163 0.180845 -0.0528655 -0.0020214 1.0000 0 0 0 0   0 0 0
160 1 2 0 6 2.24203e-07 -0.0120994 -0.000471912 9 -0.00925109 -0.0195839 0.259919 0.0967912 0.165739 3.61335e-05 1.0000 0 0 0 0   0 0 0
161 1 2 0 6 2.23929e-07 -0.00768009 0.00160276 9 -0.00729085 -0.0132019 0.270241 0.0614381 0.149143 -0.000122722 1.0000 0 0 0 0   0 0 0
162 1 2 0 6 2.23872e-07 -0.0419786 -0.00248482 9 0.00181883 -0.00759318 0.250269 0.337016 0.181915 0.000190237 1.0000 0 0 0 0   0 0 0
163 1 2 0 6 2.2349e-07 -0.0216323 -0.00400026 9 0.0208264 -0.00739787 0.216144 0.173196 0.193998 0.000306201 1.0000 0 0 0 0   0 0 0
164 1 2 0 6 2.23397e-07 -0.0166846 0.00961622 9 -0.0013908 -0.00257842 0.21004 0.133531 0.0850458 -0.000734805 1.0000 0 0 0 0   0 0 0
165 1 2 0 6 2.23434e-07 -0.0616861 0.00504665 9 0.00550787 0.00453979 0.252914 0.497353 0.121286 -0.000386201 1.0000 0 0 0 0   0 0 0
166 1 2 0 6 2.23414e-07 -0.0203253 0.00274162 9 0.00733637 -0.0166023 0.21396 0.162699 0.140021 -0.000209891 1.0000 0 0 0 0   0 0 0
167 1 2 0 6 2.23479e-07 -0.00534635 0.00864425 9 -0.0254544 -0.0303885 0.232746 0.0427689 0.0928476 -0.000660763 1.0000 0 0 0 0   0 0 0
168 1 2 0 6 2.235e-07 -0.00155967 -0.0181487 9 -0.000554986 -0.00236805 0.207083 0.0124802 0.30734 0.0013792 1.0000 0 0 0 0   0 0 0
169 1 2 0 6 2.23458e-07 -0.0165753 0.00501004 9 -0.00114287 -0.0107177 0.219379 0.132609 0.121893 -0.000383402 1.0000 0 0 0 0   0 0 0
170 1 2 0 6 2.23386e-07 -0.028196 0.00378068 9 -0.0102334 -0.016424 0.217948 0.225888 0.131682 -0.00028941 1.0000 0 0 0 0   0 0 0
171 1 2 0 6 2.23458e-07 -0.0154036 0.000459092 9 -0.013502 0.00680131 0.213859 0.123224 0.158291 -3.51522e-05 1.0000 0 0 0 0   0 0 0
172 1 2 0 6 2.23396e-07 -0.00712698 0.0131813 9 -0.0135642 -0.00845725 0.22041 0.0570134 0.056599 -0.00100532 1.0000 0 0 0 0   0 0 0
173 1 2 0 6 2.2512e-07 0.0317119 -0.00634403 9 -0.0195828 0.0213685 0.193833 -0.254121 0.21282 0.000485321 1.0000 0 0 0 0   0 0 0
174 1 2 0 6 2.23907e-07 -0.0290511 -0.0296523 9 0.0237919 -0.00327393 0.266674 0.233208 0.400406 0.0022249 1.0000 0 0 0 0   0 0 0
175 1 2 0 6 2.24938e-07 0.0344152 -0.066894 9 0.00157357 0.00708168 0.223294 -0.278564 0.705429 0.00460174 1.0000 0 0 0 0   0 0 0
176 1 2 0 6 2.2423e-07 0.00132497 -0.0434205 9 0.00903232 0.0135095 0.262361 -0.0106397 0.511503 0.00318179 1.0000 0 0 0 0   0 0 0
177 1 2 0 6 2.23981e-07 -0.053075 -0.0482652 9 0.0237751 0.00851845 0.275342 0.429096 0.553241 0.0034996 1.0000 0 0 0 0   0 0 0
178 1 2 0 6 2.23898e-07 -0.0767447 0.0367833 9 0.0236842 -0.0219628 0.287408 0.623027 -0.136024 -0.00272962 1.0000 0 0 0 0   0 0 0
179 1 2 0 6 2.23863e-07 -0.0329959 -0.0281669 9 0.0113318 -0.00121789 0.271737 0.264959 0.388514 0.00211769 1.0000 0 0 0 0   0 0 0
180 1 2 0 6 2.24089e-07 -0.0613064 0.00788499 9 0.033301 -0.0223025 0.274465 0.494283 0.0984198 -0.00060292 1.0000 0 0 0 0   0 0 0
181 1 2 0 6 2.23349e-07 -0.0164664 -0.00196277 9 0.00641546 -0.00222681 0.221749 0.131726 0.177667 0.000150285 1.0000 0 0 0 0   0 0 0
182 1 2 0 6 2.23353e-07 -0.0234552 -0.0466557 9 -0.00982482 0.0131421 0.229498 0.188632 0.538177 0.00339522 1.0000 0 0 0 0   0 0 0
183 1 2 0 6 2.2351e-07 -0.002803 -0.0152468 9 -0.00589727 0.0288762 0.210486 0.0224231 0.284041 0.00116131 1.0000 0 0 0 0   0 0 0
184 1 2 0 6 2.23396e-07 -0.0357781 -0.0327304 9 0.00370006 0.00781727 0.231475 0.287512 0.42548 0.00244501 1.0000 0 0 0 0   0 0 0
185 1 2 0 6 2.2347e-07 -0.0109612 -0.0188075 9 0.0191851 0.00437594 0.216859 0.0877568 0.312704 0.00142849 1.0000 0 0 0 0   0 0 0
186 1 2 0 6 2.23346e-07 -0.00762824 -0.000774686 9 0.0154535 -0.00865363 0.219188 0.0610233 0.168161 5.93166e-05 1.0000 0 0 0 0   0 0 0
187 1 2 0 6 2.23425e-07 -0.0197173 0.0076483 9 0.000650588 0.0135987 0.218471 0.157847 0.100762 -0.000584885 1.0000 0 0 0 0   0 0 0
188 1 2 0 6 2.23476e-07 -0.0483742 -0.019419 9 0.0240264 0.0168738 0.236936 0.389024 0.318306 0.00147416 1.0000 0 0 0 0   0 0 0
189 1 2 0 6 2.23415e-07 -0.0059007 0.000588474 9 0.00867616 0.00827194 0.216138 0.0472036 0.157256 -4.50588e-05 1.0000 0 0 0 0   0 0 0
190 1 2 0 6 2.23545e-07 -0.043383 -0.00879022 9 0.0129454 -0.00948138 0.254646 0.348416 0.232596 0.000671882 1.0000 0 0 0 0   0 0 0
191 1 2 0 6 2.23445e-07 -0.0457693 -0.0147211 9 0.0059781 -0.00596541 0.249755 0.367781 0.280357 0.00112162 1.0000 0 0 0 0   0 0 0
192 1 2 0 6 2.2346e-07 -0.0312299 -0.0131392 9 0.0148522 -0.00546559 0.240802 0.250287 0.267346 0.00100213 1.0000 0 0 0 0   0 0 0
193 1 2 0 6 2.23501e-07 -0.0269907 -0.0340156 9 0.0233802 0.0130608 0.231836 0.216738 0.435649 0.00253583 1.0000 0 0 0 0   0 0 0
194 1 2 0 6 2.23443e-07 -0.0141318 -0.0208844 9 0.0123753 0.0141399 0.216906 0.113184 0.329433 0.00158325 1.0000 0 0 0 0   0 0 0
195 1 2 0 6 2.23429e-07 -0.0190043 -0.0182184 9 -0.00519257 -0.00957842 0.244797 0.152224 0.308048 0.00138441 1.0000 0 0 0 0   0 0 0
196 1 2 0 6 2.23658e-07 -0.0327616 -0.04761 9 0.0107028 0.0211078 0.260773 0.263889 0.546493 0.00345727 1.0000 0 0 0 0   0 0 0
197 1 2 0 6 2.2347e-07 -0.045069 -0.0289542 9 0.00343782 -0.000692114 0.235509 0.362603 0.395303 0.00217468 1.0000 0 0 0 0   0 0 0
198 1 2 0 6 2.23641e-07 -0.000369727 0.0709506 9 -0.0158603 -0.0442757 0.277944 0.00298829 -0.409239 -0.00481256 1.0000 0 0 0 0   0 0 0
199 1 2 0 6 2.23448e-07 -0.00449011 -0.0272312 9 -0.00304823 0.00390517 0.234944 0.0359696 0.380453 0.00204984 1.0000 0 0 0 0   0 0 0
200 1 2 0 6 2.23446e-07 -0.016506 -0.0209718 9 -0.00514638 0.0205583 0.209739 0.132217 0.330158 0.00158976 1.0000 0 0 0 0   0 0 0
0 1 2 0 7 2.30649e-07 -0.00641636 -0.0113534 10.8 0 0 0.204 0 0 0 1.0000 0 0 0 0   0 0 0
1 1 2 0 7 2.30395e-07 -0.020417 -0.0139092 10.8 -0.0104812 -0.0234783 0.188084 0.163515 0.27345 0.00106034 1.0000 0 0 0 0   0 0 0
2 1 2 0 7 2.30469e-07 -0.00458529 0.000329856 10.8 0.0128539 -0.00415716 0.192061 0.0366808 0.159325 -2.52568e-05 1.0000 0 0 0 0   0 0 0
3 1 2 0 7 2.30375e-07 -0.0508482 -0.0317422 10.8 0.00168177 -0.00646833 0.206967 0.409789 0.418243 0.0023746 1.0000 0 0 0 0   0 0 0
4 1 2 0 7 2.30472e-07 0.00153897 -0.0437646 10.8 0.00242629 0.00350196 0.198124 -0.0123588 0.514299 0.00320479 1.0000 0 0 0 0   0 0 0
5 1 2 0 7 2.30502e-07 -0.026832 -0.0388835 10.8 0.00713313 -0.00278324 0.195924 0.215585 0.475076 0.00287466 1.0000 0 0 0 0   0 0 0
6 1 2 0 7 2.30367e-07 -0.0126687 -0.0202904 10.8 0.00544322 0.00324309 0.197279 0.101453 0.324644 0.00153903 1.0000 0 0 0 0   0 0 0
7 1 2 0 7 2.30391e-07 -0.0448703 -0.0137868 10.8 -0.00153787 0.00310074 0.203724 0.360501 0.27282 0.0010511 1.0000 0 0 0 0   0 0 0
8 1 2 0 7 2.30448e-07 -0.0133742 -0.0184228 10.8 0.00581734 -0.00844056 0.201265 0.107088 0.309635 0.0013997 1.0000 0 0 0 0   0 0 0
9 1 2 0 7 2.30427e-07 -0.00325422 -0.0261031 10.8 -0.0119551 -0.0176693 0.177508 0.0260662 0.371366 0.00196762 1.0000 0 0 0 0   0 0 0
10 1 2 0 7 2.30338e-07 0.0179658 -0.0268633 10.8 0.0357019 -0.0315657 0.211486 -0.143968 0.377565 0.00202316 1.0000 0 0 0 0   0 0 0
11 1 2 0 7 2.30231e-07 -0.0143315 0.00562225 10.8 0.0195979 -0.0380934 0.232897 0.114647 0.117002 -0.000430207 1.0000 0 0 0 0   0 0 0
12 1 2 0 7 2.30211e-07 0.00127561 -0.0313666 10.8 -0.00805376 0.0270492 0.217411 -0.0102214 0.413759 0.00234781 1.0000 0 0 0 0   0 0 0
14 1 2 0 7 2.30266e-07 0.00517459 -0.0317332 10.8 0.0194276 0.0318957 0.220244 -0.0414657 0.416719 0.00237396 1.0000 0 0 0 0   0 0 0
15 1 2 0 7 2.30247e-07 0.0281438 -0.0257294 10.8 0.0161813 -0.00345361 0.204557 -0.225779 0.368681 0.00194032 1.0000 0 0 0 0   0 0 0
16 1 2 0 7 2.30202e-07 0.00908433 -0.0416315 10.8 0.0120006 0.00822238 0.217359 -0.0729385 0.497023 0.00306175 1.0000 0 0 0 0   0 0 0
17 1 2 0 7 2.30163e-07 0.011944 -0.0270296 10.8 0.0132226 0.00365693 0.203068 -0.0956956 0.378864 0.00203522 1.0000 0 0 0 0   0 0 0
18 1 2 0 7 2.30203e-07 -0.00712402 -0.01352 10.8 -0.00647737 0.0240338 0.196742 0.0569897 0.270204 0.00103096 1.0000 0 0 0 0   0 0 0
19 1 2 0 7 2.30372e-07 -0.01886 -0.00837713 10.8 0.00218519 -0.00392763 0.212537 0.150972 0.229055 0.000640412 1.0000 0 0 0 0   0 0 0
20 1 2 0 7 2.30413e-07 -0.012816 0.0356318 10.8 0.000189515 0.00786475 0.228768 0.102809 -0.123283 -0.00264928 1.0000 0 0 0 0   0 0 0
21 1 2 0 7 2.30568e-07 0.00514935 0.0242695 10.8 0.0178165 -0.0118633 0.213627 -0.0412404 -0.0321334 -0.00183333 1.0000 0 0 0 0   0 0 0
22 1 2 0 7 2.30479e-07 0.00534366 -0.0124038 10.8 0.00673676 -0.0167426 0.201255 -0.0427475 0.261261 0.000946419 1.0000 0 0 0 0   0 0 0
23 1 2 0 7 2.30567e-07 0.0249356 -0.0164307 10.8 -0.0277297 -0.00518866 0.200404 -0.199789 0.293735 0.00125034 1.0000 0 0 0 0   0 0 0
24 1 2 0 7 2.30494e-07 -0.00166142 0.0173976 10.8 0.0100807 -0.00685337 0.203239 0.0132925 0.0229121 -0.00132299 1.0000 0 0 0 0   0 0 0
25 1 2 0 7 2.30426e-07 -0.0389564 -0.0260842 10.8 -0.0164741 0.00437955 0.224513 0.312985 0.371847 0.00196624 1.0000 0 0 0 0   0 0 0
26 1 2 0 7 2.30607e-07 0.00462494 0.0663006 10.8 -0.00337679 -0.0288769 0.230818 -0.0373244 -0.371121 -0.0045698 1.0000 0 0 0 0   0 0 0
27 1 2 0 7 2.30312e-07 -0.0150853 0.0126876 10.8 0.009592 -0.0114865 0.22457 0.12074 0.0604899 -0.000967923 1.0000 0 0 0 0   0 0 0
28 1 2 0 7 2.30087e-07 -0.00546129 0.00181651 10.8 -0.0130781 0.0248217 0.202717 0.0436884 0.147433 -0.000139088 1.0000 0 0 0 0   0 0 0
29 1 2 0 7 2.30139e-07 0.00889885 -0.0103303 10.8 -0.0146876 0.0398398 0.203447 -0.0711878 0.244653 0.00078907 1.0000 0 0 0 0   0 0 0
30 1 2 0 7 2.30243e-07 -0.0282672 -0.00621293 10.8 -0.00341057 0.00219153 0.184971 0.226467 0.211758 0.000475313 1.0000 0 0 0 0   0 0 0
31 1 2 0 7 2.30124e-07 0.0165074 -0.00889136 10.8 -0.0294793 0.012817 0.198959 -0.132101 0.233154 0.000679588 1.0000 0 0 0 0   0 0 0
32 1 2 0 7 2.30092e-07 -0.00852864 -0.00345274 10.8 -0.00799694 0.0122353 0.188747 0.0682262 0.18959 0.000264312 1.0000 0 0 0 0   0 0 0
33 1 2 0 7 2.30174e-07 -0.0191903 -0.0115534 10.8 -0.00668877 0.00707779 0.192139 0.153652 0.254531 0.000881999 1.0000 0 0 0 0   0 0 0
34 1 2 0 7 2.30056e-07 0.0635276 -0.0302242 10.8 -0.0198783 0.0102592 0.255163 -0.513345 0.406619 0.00226604 1.0000 0 0 0 0   0 0 0
35 1 2 0 7 2.30004e-07 0.0494507 -0.0158501 10.8 -0.0141385 -0.000990626 0.238294 -0.397656 0.289539 0.0012067 1.0000 0 0 0 0   0 0 0
36 1 2 0 7 2.30264e-07 -0.0170545 -0.000782997 10.8 0.00521948 0.00202894 0.188073 0.136435 0.168228 5.99529e-05 1.0000 0 0 0 0   0 0 0
37 1 2 0 7 2.30146e-07 0.0297926 -0.0186823 10.8 -0.0134631 0.0238058 0.218643 -0.238845 0.311901 0.00141912 1.0000 0 0 0 0   0 0 0
38 1 2 0 7 2.3043e-07 0.0168783 0.0167932 10.8 -0.00121137 -0.00472361 0.221545 -0.135162 0.0276147 -0.00127759 1.0000 0 0 0 0   0 0 0
40 1 2 0 7 2.30601e-07 0.00537583 -0.00197633 10.8 0.00549754 -0.00687633 0.224024 -0.0430048 0.177775 0.000151323 1.0000 0 0 0 0   0 0 0
41 1 2 0 7 2.30314e-07 -0.00427255 -0.0163011 10.8 -0.0171589 0.0152219 0.230416 0.034179 0.292491 0.0012406 1.0000 0 0 0 0   0 0 0
42 1 2 0 7 2.30427e-07 -0.00775345 0.00396352 10.8 -0.0198578 -0.0106257 0.219689 0.062025 0.130264 -0.000303393 1.0000 0 0 0 0   0 0 0
43 1 2 0 7 2.30109e-07 -0.0318107 0.0167014 10.8 -0.00345609 0.00377962 0.251632 0.255072 0.0281752 -0.00127069 1.0000 0 0 0 0   0 0 0
44 1 2 0 7 2.30339e-07 -0.0109926 0.0116788 10.8 0.00457577 -0.00358025 0.235905 0.0879367 0.0686005 -0.000891503 1.0000 0 0 0 0   0 0 0
45 1 2 0 7 2.30247e-07 0.0217813 -0.0393174 10.8 -0.0170351 0.0319473 0.228565 -0.174947 0.478474 0.00290437 1.0000 0 0 0 0   0 0 0
46 1 2 0 7 2.30274e-07 -0.0166546 -0.035603 10.8 -0.0118695 0.0235976 0.254376 0.13364 0.448237 0.00264727 1.0000 0 0 0 0   0 0 0
47 1 2 0 7 2.3052e-07 -0.018982 -0.0490965 10.8 -0.0193166 0.0168495 0.281311 0.152677 0.557962 0.00355286 1.0000 0 0 0 0   0 0 0
48 1 2 0 7 2.30311e-07 0.0113805 -0.041288 10.8 -0.0191476 0.0255755 0.25706 -0.0913779 0.494264 0.00303851 1.0000 0 0 0 0   0 0 0
49 1 2 0 7 2.30364e-07 0.0141995 0.00785002 10.8 0.00630273 0.0109618 0.250483 -0.113591 0.0991949 -0.000600256 1.0000 0 0 0 0   0 0 0
50 1 2 0 7 2.31017e-07 0.0158384 -0.000240724 10.8 -0.0368386 -0.0101964 0.268735 -0.126702 0.163889 1.84318e-05 1.0000 0 0 0 0   0 0 0
51 1 2 0 7 2.30425e-07 -0.0220092 0.00875012 10.8 0.0138181 0.0122784 0.172017 0.176248 0.0919292 -0.000668827 1.0000 0 0 0 0   0 0 0
52 1 2 0 7 2.30397e-07 0.0396654 0.0230074 10.8 0.00458298 0.00356422 0.182833 -0.318635 -0.0226102 -0.00174048 1.0000 0 0 0 0   0 0 0
53 1 2 0 7 2.30453e-07 0.0367162 -0.0156496 10.8 -0.0114279 -0.00207056 0.222118 -0.294654 0.287668 0.00119162 1.0000 0 0 0 0   0 0 0
54 1 2 0 7 2.30348e-07 0.0162784 -0.0328008 10.8 -0.0130972 -0.00512222 0.222779 -0.130548 0.425515 0.00244999 1.0000 0 0 0 0   0 0 0
55 1 2 0 7 2.30299e-07 -0.000750556 -0.0175364 10.8 0.0118389 -0.00987196 0.223141 0.00600502 0.302412 0.00133337 1.0000 0 0 0 0   0 0 0
56 1 2 0 7 2.30342e-07 -0.00498575 -0.0176286 10.8 0.0114455 -0.0132506 0.208778 0.0398956 0.303171 0.00134027 1.0000 0 0 0 0   0 0 0
57 1 2 0 7 2.30304e-07 -0.0261592 0.00290341 10.8 -0.00065722 -0.019909 0.229703 0.209535 0.138711 -0.000222272 1.0000 0 0 0 0   0 0 0
58 1 2 0 7 2.30296e-07 0.00155454 -0.00776812 10.8 0.00670152 -0.00576631 0.229461 -0.0124358 0.224134 0.000594017 1.0000 0 0 0 0   0 0 0
59 1 2 0 7 2.30477e-07 -0.00993948 0.00257234 10.8 0.01006 -0.00857514 0.199032 0.0795125 0.141389 -0.000196935 1.0000 0 0 0 0   0 0 0
60 1 2 0 7 2.30405e-07 0.00451253 -0.0170337 10.8 0.00413827 -0.000844035 0.21438 -0.0361042 0.298383 0.00129567 1.0000 0 0 0 0   0 0 0
61 1 2 0 7 2.30364e-07 -0.00234024 -0.015609 10.8 -0.00398446 -0.0125081 0.213384 0.0187211 0.286944 0.00118857 1.0000 0 0 0 0   0 0 0
62 1 2 0 7 2.30214e-07 0.000507638 -0.0225869 10.8 -0.00220951 -0.00570017 0.216648 -0.00406463 0.343053 0.00170936 1.0000 0 0 0 0   0 0 0
63 1 2 0 7 2.30327e-07 0.0109914 -0.0166877 10.8 -0.000414991 -0.0122644 0.224519 -0.0879767 0.295664 0.00126966 1.0000 0 0 0 0   0 0 0
64 1 2 0 7 2.30299e-07 -0.0415888 -0.0374383 10.8 0.0121379 0.0234498 0.250281 0.334829 0.464025 0.00277497 1.0000 0 0 0 0   0 0 0
65 1 2 0 7 2.30016e-07 0.0474645 -0.0183126 10.8 -0.00482686 -0.0275306 0.251123 -0.381554 0.30933 0.00139146 1.0000 0 0 0 0   0 0 0
66 1 2 0 7 2.30472e-07 -0.0401096 -0.0339358 10.8 0.0118984 0.019338 0.262295 0.322601 0.435442 0.00253019 1.0000 0 0 0 0   0 0 0
67 1 2 0 7 2.30284e-07 -0.0231049 -0.0402742 10.8 -0.00358194 0.0219375 0.256526 0.185618 0.486263 0.00296988 1.0000 0 0 0 0   0 0 0
68 1 2 0 7 2.30225e-07 -0.00188672 -0.0393066 10.8 -0.0139194 -0.0235523 0.243508 0.0151396 0.478085 0.00290363 1.0000 0 0 0 0   0 0 0
69 1 2 0 7 2.30602e-07 -0.0238914 0.0222508 10.8 -0.000496734 -0.0378926 0.276174 0.191455 -0.0161139 -0.00168448 1.0000 0 0 0 0   0 0 0
70 1 2 0 7 2.30548e-07 -0.0155187 -0.0623729 10.8 0.00122138 0.0302073 0.270788 0.125185 0.666868 0.00435354 1.0000 0 0 0 0   0 0 0
71 1 2 0 7 2.30822e-07 -0.0447557 0.00233427 10.8 0.0176952 0.0054688 0.269658 0.359471 0.143218 -0.000178716 1.0000 0 0 0 0   0 0 0
72 1 2 0 7 2.30376e-07 -0.0327772 -0.0420316 10.8 -0.00728544 0.0101436 0.23446 0.263688 0.500915 0.00308882 1.0000 0 0 0 0   0 0 0
73 1 2 0 7 2.3045e-07 -0.0319529 -0.0660988 10.8 -0.00701855 0.022531 0.265792 0.25848 0.698629 0.00455895 1.0000 0 0 0 0   0 0 0
74 1 2 0 7 2.30444e-07 -0.00567023 -0.0278551 10.8 -0.00545885 -0.00316398 0.197886 0.0454262 0.385481 0.00209508 1.0000 0 0 0 0   0 0 0
75 1 2 0 7 2.30253e-07 -0.010691 -0.00142729 10.8 0.0120686 0.00870843 0.210238 0.0855244 0.173382 0.000109286 1.0000 0 0 0 0   0 0 0
76 1 2 0 7 2.30241e-07 -0.0288832 0.00967552 10.8 -0.000575011 0.00530202 0.22204 0.231426 0.0844821 -0.000739311 1.0000 0 0 0 0   0 0 0
77 1 2 0 7 2.30396e-07 -0.00213491 0.00135985 10.8 0.00402752 -0.00386055 0.199523 0.0170785 0.151086 -0.000104122 1.0000 0 0 0 0   0 0 0
78 1 2 0 7 2.3038e-07 -0.0262782 -0.021501 10.8 -0.00444884 -0.0134405 0.195879 0.210606 0.334498 0.00162899 1.0000 0 0 0 0   0 0 0
79 1 2 0 7 2.3034e-07 -0.00681177 -0.0232578 10.8 0.0105916 -0.00455476 0.201272 0.0545514 0.348473 0.00175891 1.0000 0 0 0 0   0 0 0
80 1 2 0 7 2.30242e-07 -0.00086686 -0.0195595 10.8 -0.00403618 -0.00528202 0.199488 0.00693803 0.318689 0.00148462 1.0000 0 0 0 0   0 0 0
81 1 2 0 7 2.30382e-07 -0.0413065 -0.00241238 10.8 0.00123207 -0.0121508 0.203111 0.331581 0.181331 0.000184694 1.0000 0 0 0 0   0 0 0
82 1 2 0 7 2.30399e-07 0.00694824 -0.00259739 10.8 -0.00591606 -0.0021322 0.202319 -0.0555836 0.182745 0.000198852 1.0000 0 0 0 0   0 0 0
83 1 2 0 7 2.30336e-07 -0.0214655 -0.017009 10.8 -6.27609e-05 -0.0044016 0.203 0.171954 0.298352 0.00129381 1.0000 0 0 0 0   0 0 0
84 1 2 0 7 2.3031e-07 -0.0181075 0.00440417 10.8 -0.0179606 -0.00262761 0.242241 0.144903 0.126729 -0.000337082 1.0000 0 0 0 0   0 0 0
85 1 2 0 7 2.30409e-07 -0.0213965 0.00272303 10.8 -0.0245363 0.000452269 0.212417 0.171299 0.140167 -0.000208468 1.0000 0 0 0 0   0 0 0
86 1 2 0 7 2.3034e-07 -0.00797705 0.00776737 10.8 -0.0053637 -0.0118231 0.223124 0.0638137 0.0998553 -0.00059396 1.0000 0 0 0 0   0 0 0
87 1 2 0 7 2.30422e-07 0.016662 -0.00127539 10.8 -0.0112557 -0.00228003 0.218087 -0.13329 0.172167 9.76551e-05 1.0000 0 0 0 0   0 0 0
88 1 2 0 7 2.30437e-07 0.0298354 0.0112043 10.8 -0.0123198 0.00422971 0.221351 -0.239077 0.0722398 -0.000855483 1.0000 0 0 0 0   0 0 0
89 1 2 0 7 2.3052e-07 -0.0339055 -0.0348474 10.8 -0.0103984 -0.00985825 0.207395 0.272468 0.442562 0.00259439 1.0000 0 0 0 0   0 0 0
90 1 2 0 7 2.30337e-07 -0.0209277 -0.0256539 10.8 0.0125251 0.0240162 0.239586 0.167709 0.367854 0.0019348 1.0000 0 0 0 0   0 0 0
91 1 2 0 7 2.30334e-07 -0.0125553 -0.011025 10.8 -0.0148313 0.00988688 0.211291 0.100438 0.250216 0.000841853 1.0000 0 0 0 0   0 0 0
92 1 2 0 7 2.30271e-07 -0.00490736 -0.0116001 10.8 -0.00620104 0.00921139 0.217682 0.0392572 0.254823 0.000885536 1.0000 0 0 0 0   0 0 0
93 1 2 0 7 2.3046e-07 -0.0180716 -0.0127458 10.8 -0.00597689 0.0210554 0.19165 0.14469 0.264088 0.00097233 1.0000 0 0 0 0   0 0 0
94 1 2 0 7 2.3039e-07 -0.00640757 -0.00564061 10.8 0.0089084 -0.0119892 0.201247 0.0512584 0.207101 0.00043161 1.0000 0 0 0 0   0 0 0
95 1 2 0 7 2.30399e-07 -0.0381496 0.00907593 10.8 0.00420248 0.0178972 0.19818 0.306116 0.0891761 -0.000693649 1.0000 0 0 0 0   0 0 0
96 1 2 0 7 2.30335e-07 -0.0251483 -0.0291852 10.8 -0.00514854 0.0168978 0.188711 0.201764 0.396512 0.0021913 1.0000 0 0 0 0   0 0 0
97 1 2 0 7 2.30322e-07 -0.00505077 0.00212154 10.8 0.00362409 0.00185122 0.198333 0.0404044 0.144994 -0.000162436 1.0000 0 0 0 0   0 0 0
98 1 2 0 7 2.30414e-07 -0.0209095 0.00149275 10.8 0.0138309 0.0100358 0.198061 0.167386 0.150015 -0.000114298 1.0000 0 0 0 0   0 0 0
99 1 2 0 7 2.30266e-07 -0.0336165 -0.00789118 10.8 0.00501481 0.012321 0.216586 0.269459 0.225246 0.000603392 1.0000 0 0 0 0   0 0 0
100 1 2 0 7 2.30386e-07 -0.051481 -0.00513764 10.8 0.00444335 0.010988 0.209054 0.413957 0.203288 0.000393157 1.0000 0 0 0 0   0 0 0
101 1 2 0 7 2.30345e-07 -0.016827 -0.0112568 10.8 0.016689 -0.00679024 0.204686 0.134691 0.252127 0.000859471 1.0000 0 0 0 0   0 0 0
102 1 2 0 7 2.30476e-07 -0.0415782 -0.0213275 10.8 0.0170551 0.00387146 0.201954 0.334042 0.333522 0.00161614 1.0000 0 0 0 0   0 0 0
103 1 2 0 7 2.30581e-07 -0.00424922 0.0349937 10.8 -0.00734476 -0.0174664 0.275842 0.0340665 -0.118018 -0.00260463 1.0000 0 0 0 0   0 0 0
104 1 2 0 7 2.30062e-07 -0.0310561 0.00169135 10.8 0.000470969 -0.00094476 0.224221 0.248847 0.148412 -0.000129505 1.0000 0 0 0 0   0 0 0
105 1 2 0 7 2.30165e-07 -0.0262435 0.0303899 10.8 -0.000898405 -0.0185016 0.250093 0.210618 -0.081503 -0.00227796 1.0000 0 0 0 0   0 0 0
106 1 2 0 7 2.30371e-07 -0.040205 0.00827916 10.8 0.00156295 -0.00196697 0.269061 0.32272 0.09554 -0.00063295 1.0000 0 0 0 0   0 0 0
108 1 2 0 7 2.30485e-07 -0.0537629 -0.00560982 10.8 0.00890744 0.00118221 0.271163 0.432611 0.207118 0.000429257 1.0000 0 0 0 0   0 0 0
109 1 2 0 7 2.30165e-07 0.0228958 0.0176508 10.8 -0.0303497 0.000915305 0.248863 -0.183432 0.0206968 -0.00134194 1.0000 0 0 0 0   0 0 0
110 1 2 0 7 2.30448e-07 -0.031522 0.0333884 10.8 -0.0166811 -0.00234671 0.275186 0.253221 -0.105734 -0.00249151 1.0000 0 0 0 0   0 0 0
111 1 2 0 7 2.30459e-07 -0.0304322 0.028203 10.8 -0.0071372 -0.0117461 0.272218 0.244295 -0.0640663 -0.00212031 1.0000 0 0 0 0   0 0 0
112 1 2 0 7 2.30172e-07 0.00188361 0.00431981 10.8 -0.0294657 -0.0100715 0.247432 -0.0150683 0.127415 -0.000330632 1.0000 0 0 0 0   0 0 0
113 1 2 0 7 2.3082e-07 -0.0435256 0.0153383 10.8 0.0116513 -0.00444005 0.267575 0.349659 0.0388542 -0.00116822 1.0000 0 0 0 0   0 0 0
114 1 2 0 7 2.31118e-07 -0.028757 0.0140888 10.8 0.00453685 0.0158734 0.254527 0.230438 0.0491591 -0.0010739 1.0000 0 0 0 0   0 0 0
115 1 2 0 7 2.30196e-07 0.000550793 -0.0261541 10.8 -0.000288581 0.0137005 0.240039 -0.00441178 0.371773 0.00197135 1.0000 0 0 0 0   0 0 0
116 1 2 0 7 2.30443e-07 -0.000822941 -0.0566499 10.8 -0.0128702 0.0152806 0.262457 0.00662669 0.619593 0.00402089 1.0000 0 0 0 0   0 0 0
117 1 2 0 7 2.3045e-07 0.0201522 -0.0385907 10.8 0.0129252 -0.00245341 0.218179 -0.161827 0.472544 0.00285461 1.0000 0 0 0 0   0 0 0
118 1 2 0 7 2.31369e-07 -0.00289796 0.0317107 10.8 0.00169704 -0.0192113 0.238335 0.0232219 -0.0916737 -0.00237235 1.0000 0 0 0 0   0 0 0
119 1 2 0 7 2.30372e-07 -0.007648 -0.0418589 10.8 -0.0131342 0.0112319 0.262221 0.0614055 0.498854 0.00307714 1.0000 0 0 0 0   0 0 0
120 1 2 0 7 2.31246e-07 -0.0326812 -0.000886104 10.8 -0.0146937 0.00880566 0.246079 0.261893 0.169065 6.78477e-05 1.0000 0 0 0 0   0 0 0
121 1 2 0 7 2.30648e-07 -0.0176236 -0.0566317 10.8 -0.00137174 0.0398566 0.276508 0.142008 0.619752 0.0040198 1.0000 0 0 0 0   0 0 0
122 1 2 0 7 2.30357e-07 0.00713553 -0.0275175 10.8 -0.0166501 0.0204412 0.260122 -0.0571652 0.382768 0.0020706 1.0000 0 0 0 0   0 0 0
123 1 2 0 7 2.30255e-07 -0.0261741 -0.0342397 10.8 0.00177778 0.00757213 0.253867 0.21017 0.437441 0.00255167 1.0000 0 0 0 0   0 0 0
124 1 2 0 7 2.30301e-07 -0.0436078 -0.00247427 10.8 0.0141605 -0.00607142 0.255659 0.350189 0.181836 0.00018943 1.0000 0 0 0 0   0 0 0
125 1 2 0 7 2.30609e-07 -0.0125714 -0.039472 10.8 0.000570252 0.0121961 0.272785 0.100916 0.47954 0.00291496 1.0000 0 0 0 0   0 0 0
126 1 2 0 7 2.30532e-07 -0.0449818 0.0392965 10.8 0.0108262 -0.00299081 0.266768 0.362493 -0.154001 -0.00290294 1.0000 0 0 0 0   0 0 0
127 1 2 0 7 2.30481e-07 -0.0294825 -0.00790967 10.8 0.00155981 -0.00111996 0.261219 0.236229 0.225369 0.0006048 1.0000 0 0 0 0   0 0 0
128 1 2 0 7 2.3082e-07 5.68632e-05 -0.0127435 10.8 0.00744814 0.00236059 0.266048 -0.000454886 0.263984 0.00097216 1.0000 0 0 0 0   0 0 0
129 1 2 0 7 2.30561e-07 -0.043574 -0.039126 10.8 0.00975245 0.0137133 0.271253 0.351048 0.477884 0.00289127 1.0000 0 0 0 0   0 0 0
130 1 2 0 7 2.30952e-07 0.00244699 0.000523991 10.8 -0.000329541 -0.00604402 0.262743 -0.0195751 0.157772 -4.01215e-05 1.0000 0 0 0 0   0 0 0
131 1 2 0 7 2.30422e-07 -0.0515177 0.00859551 10.8 0.00200731 -0.00156319 0.270982 0.414317 0.0928713 -0.000657049 1.0000 0 0 0 0   0 0 0
132 1 2 0 7 2.30715e-07 -0.0436139 -0.00382394 10.8 0.0203349 -0.0100641 0.271476 0.350244 0.192679 0.00029272 1.0000 0 0 0 0   0 0 0
133 1 2 0 7 2.3025e-07 -0.0285809 0.00730389 10.8 -0.024785 0.00993174 0.199764 0.22899 0.10347 -0.000558594 1.0000 0 0 0 0   0 0 0
134 1 2 0 7 2.30182e-07 0.00361915 -0.00188973 10.8 -0.0397776 0.00358659 0.226866 -0.028952 0.177082 0.000144694 1.0000 0 0 0 0   0 0 0
135 1 2 0 7 2.30269e-07 -0.0132086 -0.00154736 10.8 -0.00731657 -0.00423001 0.185541 0.105665 0.174343 0.000118479 1.0000 0 0 0 0   0 0 0
136 1 2 0 7 2.30205e-07 0.00240883 0.00726802 10.8 -0.0183612 0.0244069 0.208111 -0.0192698 0.103847 -0.000555855 1.0000 0 0 0 0   0 0 0
137 1 2 0 7 2.30145e-07 -0.0161507 -0.0123093 10.8 -0.0094861 0.00277756 0.218393 0.129279 0.260564 0.000939261 1.0000 0 0 0 0   0 0 0
138 1 2 0 7 2.3011e-07 0.0200267 -0.00285946 10.8 -0.0272109 -0.00562475 0.212854 -0.160303 0.184856 0.000218909 1.0000 0 0 0 0   0 0 0
139 1 2 0 7 2.30184e-07 -0.0110865 0.0146933 10.8 -0.030932 -0.0024803 0.213411 0.0887146 0.0444883 -0.00111952 1.0000 0 0 0 0   0 0 0
140 1 2 0 7 2.30212e-07 -0.0201943 -0.00969425 10.8 -0.00580776 -0.0165878 0.19296 0.161691 0.239627 0.000740734 1.0000 0 0 0 0   0 0 0
141 1 2 0 7 2.30178e-07 0.00436685 0.00490302 10.8 -0.0112054 0.00637888 0.219298 -0.0349333 0.122753 -0.00037522 1.0000 0 0 0 0   0 0 0
142 1 2 0 7 2.30199e-07 0.0274316 -0.0299742 10.8 -0.0298485 0.0251654 0.232732 -0.220173 0.402961 0.00224806 1.0000 0 0 0 0   0 0 0
143 1 2 0 7 2.30267e-07 -0.00646523 -0.0151181 10.8 0.00855892 -0.000801354 0.202339 0.0517196 0.28301 0.00115159 1.0000 0 0 0 0   0 0 0
144 1 2 0 7 2.30464e-07 -0.00569959 -0.0264838 10.8 0.00552472 0.00211069 0.192836 0.0456567 0.374439 0.00199544 1.0000 0 0 0 0   0 0 0
145 1 2 0 7 2.30387e-07 -0.0144261 0.00644401 10.8 0.00947241 0.000234611 0.199577 0.115404 0.110433 -0.000492953 1.0000 0 0 0 0   0 0 0
146 1 2 0 7 2.30433e-07 0.00257469 -0.0335979 10.8 -0.000874971 -0.00424944 0.188238 -0.0206336 0.431741 0.00250631 1.0000 0 0 0 0   0 0 0
147 1 2 0 7 2.30484e-07 -0.00140916 -0.00126492 10.8 0.0102058 0.00293189 0.191511 0.0112728 0.172083 9.68529e-05 1.0000 0 0 0 0   0 0 0
148 1 2 0 7 2.3049e-07 0.0177908 -0.0124648 10.8 -0.00119549 0.00803785 0.192202 -0.142435 0.261831 0.000951047 1.0000 0 0 0 0   0 0 0
149 1 2 0 7 2.30381e-07 0.00389542 -0.0291189 10.8 0.0169889 -0.00130472 0.194153 -0.0312098 0.395655 0.00218653 1.0000 0 0 0 0   0 0 0
150 1 2 0 7 2.30372e-07 -0.00181127 0.00765063 10.8 0.0109952 -0.000611624 0.203372 0.0144895 0.100788 -0.000585063 1.0000 0 0 0 0   0 0 0
151 1 2 0 7 2.30427e-07 0.00731082 -0.0190466 10.8 0.00801191 0.00167841 0.200985 -0.0585205 0.314594 0.00144638 1.0000 0 0 0 0   0 0 0
152 1 2 0 7 2.30404e-07 0.000326798 0.00387911 10.8 0.00997104 -0.0117873 0.197709 -0.00261427 0.130939 -0.00029694 1.0000 0 0 0 0   0 0 0
153 1 2 0 7 2.30469e-07 -0.0405298 -0.0217699 10.8 0.0149119 0.0201777 0.261914 0.325586 0.337068 0.00164889 1.0000 0 0 0 0   0 0 0
154 1 2 0 7 2.30676e-07 -0.0471438 0.0246452 10.8 0.00333637 0.00168537 0.275385 0.379254 -0.0360144 -0.00186096 1.0000 0 0 0 0   0 0 0
155 1 2 0 7 2.30524e-07 -0.0363991 -0.0357097 10.8 -0.00995208 0.0122145 0.273218 0.292614 0.449625 0.00265473 1.0000 0 0 0 0   0 0 0
156 1 2 0 7 2.30221e-07 -0.0060021 -0.0250601 10.8 -0.0110365 0.0154452 0.240672 0.0480744 0.362977 0.00189143 1.0000 0 0 0 0   0 0 0
157 1 2 0 7 2.30503e-07 0.0179012 -0.0238535 10.8 -0.0161718 0.000477318 0.269022 -0.143427 0.353347 0.00180273 1.0000 0 0 0 0   0 0 0
158 1 2 0 7 2.30369e-07 0.0104015 -0.0326328 10.8 0.00407482 0.0142232 0.262973 -0.0833689 0.424012 0.00243811 1.0000 0 0 0 0   0 0 0
159 1 2 0 7 2.30356e-07 -0.0117213 -0.0512981 10.8 -0.0016922 0.0188489 0.262112 0.0942768 0.575767 0.00369251 1.0000 0 0 0 0   0 0 0
160 1 2 0 7 2.30719e-07 -0.0280244 -0.0260351 10.8 0.00888517 0.020148 0.267377 0.224827 0.371146 0.00196266 1.0000 0 0 0 0   0 0 0
161 1 2 0 7 2.30415e-07 -0.0291257 -0.0252692 10.8 0.00687617 0.0179035 0.264141 0.233676 0.364996 0.0019067 1.0000 0 0 0 0   0 0 0
162 1 2 0 7 2.30422e-07 0.0123713 -0.0174703 10.8 -0.00972151 0.00324388 0.244073 -0.0990414 0.301969 0.00132843 1.0000 0 0 0 0   0 0 0
163 1 2 0 7 2.30265e-07 -0.0184179 -0.00516739 10.8 -0.0190045 0.00647558 0.191789 0.147399 0.203331 0.000395431 1.0000 0 0 0 0   0 0 0
164 1 2 0 7 2.30261e-07 0.00558085 -0.0132093 10.8 -0.00732257 0.0156699 0.182506 -0.0446449 0.267715 0.00100744 1.0000 0 0 0 0   0 0 0
165 1 2 0 7 2.30072e-07 0.0313918 -0.028526 10.8 -0.0147068 0.011372 0.223381 -0.252037 0.391371 0.00214373 1.0000 0 0 0 0   0 0 0
166 1 2 0 7 2.30243e-07 -0.00915836 0.00588151 10.8 -0.0155609 0.0180953 0.185467 0.0732638 0.11493 -0.000450013 1.0000 0 0 0 0   0 0 0
167 1 2 0 7 2.30259e-07 0.0104989 0.00364873 10.8 0.019001 0.0319496 0.209291 -0.0839877 0.132781 -0.000279312 1.0000 0 0 0 0   0 0 0
168 1 2 0 7 2.30346e-07 -0.0038695 -0.00445131 10.8 0.00207597 -0.00708636 0.186387 0.0309547 0.197582 0.000340685 1.0000 0 0 0 0   0 0 0
169 1 2 0 7 2.30243e-07 -0.000664288 -0.00603642 10.8 -0.00611983 0.0162783 0.192523 0.00531408 0.21027 0.000461839 1.0000 0 0 0 0   0 0 0
170 1 2 0 7 2.30224e-07 0.0165807 0.00617831 10.8 -0.0111291 0.0208009 0.188738 -0.132662 0.112549 -0.00047267 1.0000 0 0 0 0   0 0 0
171 1 2 0 7 2.30295e-07 0.0149144 -0.0184558 10.8 -3.89764e-05 0.00550736 0.190241 -0.119434 0.309916 0.00140218 1.0000 0 0 0 0   0 0 0
172 1 2 0 7 2.3022e-07 0.00996654 -0.0107427 10.8 0.00503509 0.0202921 0.191198 -0.0797289 0.247956 0.000820405 1.0000 0 0 0 0   0 0 0
173 1 2 0 7 2.32189e-07 0.0192993 -0.0361106 10.8 0.038846 -0.00518468 0.172264 -0.15491 0.452416 0.00268279 1.0000 0 0 0 0   0 0 0
174 1 2 0 7 2.30378e-07 -5.76127e-05 0.00592861 10.8 -0.0214974 0.00344012 0.262522 0.000460882 0.114553 -0.00045361 1.0000 0 0 0 0   0 0 0
175 1 2 0 7 2.31711e-07 -0.0534862 0.0377607 10.8 0.0144663 -0.0235705 0.219829 0.431564 -0.142057 -0.0027973 1.0000 0 0 0 0   0 0 0
176 1 2 0 7 2.30704e-07 -0.0375528 0.0261891 10.8 -0.0077124 -0.00925063 0.274795 0.301661 -0.0480945 -0.00197391 1.0000 0 0 0 0   0 0 0
177 1 2 0 7 2.30446e-07 0.0228565 0.029078 10.8 -0.0202838 -0.00782939 0.275974 -0.183317 -0.0708594 -0.00218359 1.0000 0 0 0 0   0 0 0
178 1 2 0 7 2.30378e-07 0.044724 -0.0657864 10.8 -0.0170828 0.0178535 0.283408 -0.362481 0.6971 0.00454213 1.0000 0 0 0 0   0 0 0
179 1 2 0 7 2.30325e-07 -0.000755229 0.00578486 10.8 -0.0117751 0.00221049 0.264581 0.00604158 0.115702 -0.000442636 1.0000 0 0 0 0   0 0 0
180 1 2 0 7 2.30565e-07 0.033009 -0.0423789 10.8 -0.0289834 0.0234601 0.281157 -0.265585 0.503765 0.0031122 1.0000 0 0 0 0   0 0 0
181 1 2 0 7 2.30121e-07 -0.0057606 -0.0105026 10.8 -0.00850985 0.00709015 0.188516 0.0460828 0.246033 0.000802161 1.0000 0 0 0 0   0 0 0
182 1 2 0 7 2.30117e-07 0.00972776 0.0067788 10.8 -0.00165444 -0.0243281 0.196498 -0.0778188 0.107757 -0.00051851 1.0000 0 0 0 0   0 0 0
183 1 2 0 7 2.30348e-07 0.00452394 -0.0370498 10.8 0.00907842 -0.0187814 0.192037 -0.0362863 0.459773 0.00274808 1.0000 0 0 0 0   0 0 0
184 1 2 0 7 2.30118e-07 0.00789425 0.00221712 10.8 -0.0154644 -0.0190597 0.201587 -0.0631513 0.14423 -0.00016975 1.0000 0 0 0 0   0 0 0
185 1 2 0 7 2.30234e-07 -0.0202841 -0.0102 10.8 -0.0112901 -0.00767372 0.191088 0.162416 0.243685 0.000779168 1.0000 0 0 0 0   0 0 0
186 1 2 0 7 2.30128e-07 -0.0207674 -0.00782048 10.8 -0.0115298 0.00978849 0.185874 0.166276 0.224607 0.000598006 1.0000 0 0 0 0   0 0 0
187 1 2 0 7 2.30221e-07 0.00348284 -0.0328637 10.8 -0.00813668 0.00292041 0.191117 -0.0279106 0.425825 0.00245443 1.0000 0 0 0 0   0 0 0
188 1 2 0 7 2.30156e-07 0.00546802 -0.012649 10.8 -0.0337413 -0.0174588 0.210471 -0.0437423 0.263227 0.000965002 1.0000 0 0 0 0   0 0 0
189 1 2 0 7 2.30203e-07 -0.0111393 -0.0252309 10.8 -0.00554594 0.00261976 0.189381 0.0892348 0.36438 0.0019039 1.0000 0 0 0 0   0 0 0
190 1 2 0 7 2.30121e-07 0.00993247 -0.00856093 10.8 -0.0170485 0.010723 0.228742 -0.0794564 0.230483 0.000654415 1.0000 0 0 0 0   0 0 0
191 1 2 0 7 2.30074e-07 0.0148272 -0.00167755 10.8 -0.0126054 0.00920126 0.217884 -0.118613 0.175385 0.000128448 1.0000 0 0 0 0   0 0 0
192 1 2 0 7 2.30105e-07 -0.0043666 -0.00433705 10.8 -0.0198974 0.00332371 0.210599 0.0349313 0.196667 0.00033195 1.0000 0 0 0 0   0 0 0
193 1 2 0 7 2.30193e-07 -0.0138484 -0.00416097 10.8 -0.0205296 -0.0278983 0.201329 0.110782 0.195258 0.000318488 1.0000 0 0 0 0   0 0 0
194 1 2 0 7 2.30216e-07 -0.0148208 -0.0188283 10.8 -0.0112919 -0.0143386 0.190909 0.118687 0.312909 0.00143005 1.0000 0 0 0 0   0 0 0
195 1 2 0 7 2.30068e-07 -0.00312735 0.0026226 10.8 0.00637871 0.00576285 0.215532 0.0250177 0.140987 -0.000200782 1.0000 0 0 0 0   0 0 0
196 1 2 0 7 2.30207e-07 -0.00197117 0.0224214 10.8 -0.00913462 -0.0195161 0.242014 0.0157829 -0.0173276 -0.00169711 1.0000 0 0 0 0   0 0 0
197 1 2 0 7 2.30172e-07 0.0164846 0.00591634 10.8 -0.0112636 -0.00981533 0.207344 -0.131888 0.114645 -0.000452673 1.0000 0 0 0 0   0 0 0
198 1 2 0 7 2.30295e-07 -0.0178332 -0.0826102 10.8 0.0118164 0.0566629 0.262618 0.144733 0.835423 0.00534993 1.0000 0 0 0 0   0 0 0
199 1 2 0 7 2.30137e-07 -0.0124719 0.000803165 10.8 0.00521084 -0.00878133 0.206751 0.0997707 0.155539 -6.14974e-05 1.0000 0 0 0 0   0 0 0
200 1 2 0 7 2.30302e-07 0.01099 -0.0279332 10.8 -0.00112501 -0.0190885 0.18683 -0.0880545 0.386134 0.00210074 1.0000 0 0 0 0   0 0 0
0 1 2 0 8 2.37411e-07 -0.00641636 -0.0113534 12.6 0 0 0.204 0 0 0 1.0000 0 0 0 0   0 0 0
1 1 2 0 8 2.37408e-07 0.0160204 0.0187577 12.6 -0.0181488 8.71695e-05 0.184821 -0.128304 0.0119021 -0.00142476 1.0000 0 0 0 0   0 0 0
2 1 2 0 8 2.3735e-07 -0.0137698 -0.0083072 12.6 -0.00346523 0.00937562 0.189089 0.110154 0.228451 0.000635085 1.0000 0 0 0 0   0 0 0
3 1 2 0 8 2.37267e-07 0.0177102 0.00578629 12.6 -0.0319141 -0.013289 0.193087 -0.141723 0.115675 -0.000442745 1.0000 0 0 0 0   0 0 0
4 1 2 0 8 2.37352e-07 -0.00672157 0.00132252 12.6 0.00142675 -0.0244634 0.192051 0.0537703 0.151385 -0.000101263 1.0000 0 0 0 0   0 0 0
5 1 2 0 8 2.37388e-07 -0.001333 0.00663781 12.6 -0.0208067 -0.0158858 0.192992 0.0106635 0.108884 -0.000507747 1.0000 0 0 0 0   0 0 0
6 1 2 0 8 2.37247e-07 -0.00641741 -0.0119631 12.6 -0.00999218 -0.00963585 0.18487 0.0513371 0.257731 0.000913036 1.0000 0 0 0 0   0 0 0
7 1 2 0 8 2.3727e-07 0.0189779 -0.00860919 12.6 -0.0260968 0.000575572 0.19199 -0.15192 0.230916 0.000658091 1.0000 0 0 0 0   0 0 0
8 1 2 0 8 2.37275e-07 -0.0054757 0.00435582 12.6 -0.00986751 0.000661019 0.194487 0.0438038 0.127127 -0.000333386 1.0000 0 0 0 0   0 0 0
9 1 2 0 8 2.37527e-07 0.0134734 0.00303942 12.6 -0.0130362 -0.0226222 0.179257 -0.107782 0.137654 -0.000232681 1.0000 0 0 0 0   0 0 0
10 1 2 0 8 2.37177e-07 -0.0577346 0.0375477 12.6 -0.00669822 0.012311 0.204755 0.466275 -0.140626 -0.00278255 1.0000 0 0 0 0   0 0 0
11 1 2 0 8 2.36953e-07 -0.0229443 0.00346569 12.6 -0.0235597 0.0374881 0.207635 0.183727 0.134218 -0.000265304 1.0000 0 0 0 0   0 0 0
12 1 2 0 8 2.37045e-07 0.00218166 -0.0253792 12.6 0.0137472 -0.0275098 0.193427 -0.0174737 0.365535 0.00191474 1.0000 0 0 0 0   0 0 0
14 1 2 0 8 2.37035e-07 -0.0323899 -0.0264659 12.6 -0.0085463 -0.0293665 0.199457 0.260025 0.374757 0.00199413 1.0000 0 0 0 0   0 0 0
15 1 2 0 8 2.37147e-07 -0.0307916 -0.00106146 12.6 0.0134143 -0.00290142 0.183737 0.246723 0.170469 8.12743e-05 1.0000 0 0 0 0   0 0 0
16 1 2 0 8 2.37006e-07 -0.0281703 -0.00535412 12.6 1.15568e-05 -0.0214251 0.190726 0.225686 0.204872 0.000409708 1.0000 0 0 0 0   0 0 0
17 1 2 0 8 2.37061e-07 -0.0260912 -0.00934831 12.6 0.00236149 -0.00910025 0.178105 0.209015 0.236893 0.000714399 1.0000 0 0 0 0   0 0 0
18 1 2 0 8 2.37151e-07 0.0110369 -0.0366429 12.6 -0.00249763 -0.00977254 0.178074 -0.088544 0.456554 0.0027199 1.0000 0 0 0 0   0 0 0
19 1 2 0 8 2.37165e-07 0.000587879 -0.00534141 12.6 -0.0121041 0.00675809 0.194409 -0.00470283 0.204706 0.000408736 1.0000 0 0 0 0   0 0 0
20 1 2 0 8 2.37136e-07 -0.00267572 -0.0501851 12.6 0.00338295 0.0143618 0.213533 0.0215067 0.566489 0.00362231 1.0000 0 0 0 0   0 0 0
21 1 2 0 8 2.37314e-07 -0.0340644 -0.0244433 12.6 -0.00497537 0.0224713 0.20924 0.273472 0.358475 0.00184612 1.0000 0 0 0 0   0 0 0
22 1 2 0 8 2.37309e-07 -0.0152983 0.00990085 12.6 0.00371201 0.00724399 0.196646 0.122414 0.0827849 -0.000756434 1.0000 0 0 0 0   0 0 0
23 1 2 0 8 2.3745e-07 0.00783322 -0.0033412 12.6 0.0261828 -0.00670945 0.203315 -0.0626631 0.188697 0.000255776 1.0000 0 0 0 0   0 0 0
24 1 2 0 8 2.37323e-07 -0.0191312 -0.0156653 12.6 -0.00553717 0.0225072 0.197262 0.153218 0.287538 0.0011928 1.0000 0 0 0 0   0 0 0
25 1 2 0 8 2.37172e-07 0.0315448 -0.00206443 12.6 -0.00490478 -0.00978329 0.214216 -0.252771 0.178508 0.000158065 1.0000 0 0 0 0   0 0 0
26 1 2 0 8 2.37405e-07 -0.0127311 -0.0452023 12.6 0.00798757 0.0563102 0.222984 0.102286 0.526072 0.00329992 1.0000 0 0 0 0   0 0 0
27 1 2 0 8 2.37031e-07 -0.0128392 -0.0177561 12.6 -0.0131074 0.0155045 0.201467 0.102794 0.304271 0.00134982 1.0000 0 0 0 0   0 0 0
28 1 2 0 8 2.37049e-07 0.0210351 -0.034597 12.6 0.00425562 0.00277673 0.178225 -0.168829 0.440194 0.00257687 1.0000 0 0 0 0   0 0 0
29 1 2 0 8 2.37102e-07 0.0154738 -0.0550437 12.6 0.015192 -0.0150055 0.183342 -0.124619 0.60664 0.00392405 1.0000 0 0 0 0   0 0 0
30 1 2 0 8 2.3734e-07 -0.00346151 -0.00585263 12.6 -0.0338838 0.00719416 0.165684 0.0276909 0.208799 0.000447809 1.0000 0 0 0 0   0 0 0
31 1 2 0 8 2.37156e-07 0.0355887 -0.0177617 12.6 0.0218964 0.00377799 0.176961 -0.285598 0.304648 0.00135023 1.0000 0 0 0 0   0 0 0
32 1 2 0 8 2.37159e-07 0.0132179 -0.018074 12.6 -0.00787913 0.00704872 0.164184 -0.105832 0.30683 0.00137361 1.0000 0 0 0 0   0 0 0
33 1 2 0 8 2.37171e-07 0.00828919 -0.0134748 12.6 -0.0157785 -0.000740478 0.170565 -0.0663107 0.269842 0.00102755 1.0000 0 0 0 0   0 0 0
34 1 2 0 8 2.36809e-07 -0.0592024 -0.00647212 12.6 0.0469288 -0.00482098 0.225212 0.477072 0.214138 0.000495099 1.0000 0 0 0 0   0 0 0
35 1 2 0 8 2.36796e-07 -0.0408942 -0.00635309 12.6 0.0326086 0.0126114 0.201978 0.328272 0.212981 0.000486012 1.0000 0 0 0 0   0 0 0
36 1 2 0 8 2.37251e-07 -0.00309022 -0.0129493 12.6 -0.0140558 0.00370474 0.170944 0.0247207 0.265632 0.00098775 1.0000 0 0 0 0   0 0 0
37 1 2 0 8 2.37032e-07 -0.000411022 -0.0332477 12.6 0.0315417 -0.0193849 0.187943 0.00329386 0.428917 0.00248156 1.0000 0 0 0 0   0 0 0
38 1 2 0 8 2.37179e-07 -0.0230496 -0.0250646 12.6 0.0135151 0.0172695 0.207012 0.184735 0.36314 0.00189175 1.0000 0 0 0 0   0 0 0
40 1 2 0 8 2.37268e-07 -0.0278394 -0.0142508 12.6 0.00145548 0.00912486 0.219557 0.223075 0.276249 0.00108612 1.0000 0 0 0 0   0 0 0
41 1 2 0 8 2.3703e-07 0.00042047 -0.016081 12.6 0.0177746 -0.0140482 0.209963 -0.00336362 0.290727 0.00122405 1.0000 0 0 0 0   0 0 0
42 1 2 0 8 2.37198e-07 0.0127202 -0.010681 12.6 0.0136048 0.0152901 0.208379 -0.101758 0.247462 0.000815719 1.0000 0 0 0 0   0 0 0
43 1 2 0 8 2.36733e-07 0.00862672 -0.0337118 12.6 0.000643297 0.00630078 0.219052 -0.0691537 0.432731 0.00251436 1.0000 0 0 0 0   0 0 0
44 1 2 0 8 2.36993e-07 -0.0113595 -0.0262038 12.6 -0.00509349 0.0145339 0.214115 0.0910059 0.372213 0.00197498 1.0000 0 0 0 0   0 0 0
45 1 2 0 8 2.37068e-07 -0.00844225 -0.0175526 12.6 0.0351836 -0.0302392 0.202794 0.0675675 0.30259 0.00133459 1.0000 0 0 0 0   0 0 0
46 1 2 0 8 2.36892e-07 -0.00763121 0.00513411 12.6 0.00914466 -0.0236226 0.227552 0.0610471 0.120905 -0.000392887 1.0000 0 0 0 0   0 0 0
47 1 2 0 8 2.37026e-07 -0.0264981 0.034605 12.6 0.0166685 -0.0124819 0.266862 0.212788 -0.115372 -0.00257744 1.0000 0 0 0 0   0 0 0
48 1 2 0 8 2.36971e-07 -0.0310007 0.00803744 12.6 0.0327402 -0.0284754 0.231696 0.248417 0.0975876 -0.000614535 1.0000 0 0 0 0   0 0 0
49 1 2 0 8 2.36947e-07 -0.039892 -0.0325552 12.6 0.0013374 -0.00535978 0.22971 0.320745 0.424209 0.00243258 1.0000 0 0 0 0   0 0 0
50 1 2 0 8 2.37569e-07 -0.0680996 -0.022241 12.6 0.035962 0.00999152 0.282068 0.550546 0.342 0.00168376 1.0000 0 0 0 0   0 0 0
51 1 2 0 8 2.37547e-07 -0.0153877 -0.0140092 12.6 -0.0169955 0.0229206 0.169556 0.12318 0.274201 0.00106789 1.0000 0 0 0 0   0 0 0
52 1 2 0 8 2.37565e-07 0.0062884 -0.00171829 12.6 0.03208 0.0315819 0.170266 -0.0503051 0.175711 0.000131567 1.0000 0 0 0 0   0 0 0
53 1 2 0 8 2.37249e-07 -0.029849 -0.0074952 12.6 0.0313499 0.00256127 0.206957 0.23917 0.222046 0.000573197 1.0000 0 0 0 0   0 0 0
54 1 2 0 8 2.37119e-07 -0.0149469 0.011777 12.6 0.0190099 -0.00667423 0.205558 0.119619 0.0677784 -0.000898936 1.0000 0 0 0 0   0 0 0
55 1 2 0 8 2.3701e-07 -0.0245972 0.00270456 12.6 -0.00153373 0.004437 0.201391 0.196994 0.140307 -0.000207054 1.0000 0 0 0 0   0 0 0
56 1 2 0 8 2.37144e-07 -0.0175856 0.00956043 12.6 -0.00347762 0.00607108 0.193253 0.140758 0.0854828 -0.000730558 1.0000 0 0 0 0   0 0 0
57 1 2 0 8 2.37024e-07 0.00584772 -0.00289573 12.6 -0.00842947 0.0237142 0.206722 -0.0467797 0.185133 0.000221684 1.0000 0 0 0 0   0 0 0
58 1 2 0 8 2.36979e-07 -0.0233972 -0.0102841 12.6 -0.000626987 0.00627267 0.207001 0.187399 0.244383 0.000785559 1.0000 0 0 0 0   0 0 0
59 1 2 0 8 2.37306e-07 -0.0123286 -0.00812822 12.6 -0.00511752 0.00733737 0.194588 0.0986243 0.227018 0.00062145 1.0000 0 0 0 0   0 0 0
60 1 2 0 8 2.37165e-07 -0.0191252 -0.00613976 12.6 0.00487714 -0.00285381 0.198896 0.153083 0.211126 0.000469728 1.0000 0 0 0 0   0 0 0
61 1 2 0 8 2.37146e-07 -0.00566618 0.007758 12.6 0.00256771 0.00529596 0.196049 0.0453275 0.0999302 -0.000593246 1.0000 0 0 0 0   0 0 0
62 1 2 0 8 2.37007e-07 -0.00686444 0.00197981 12.6 0.00540063 -0.00417983 0.19199 0.0549132 0.146127 -0.000151589 1.0000 0 0 0 0   0 0 0
63 1 2 0 8 2.37052e-07 -0.0216212 0.00411002 12.6 0.0112845 0.00601622 0.205455 0.173108 0.129065 -0.000314593 1.0000 0 0 0 0   0 0 0
64 1 2 0 8 2.3693e-07 0.0113469 0.000291132 12.6 -0.0168309 -0.0240926 0.221816 -0.0907715 0.159635 -2.22918e-05 1.0000 0 0 0 0   0 0 0
65 1 2 0 8 2.36724e-07 -0.0679866 0.00769214 12.6 0.0214987 0.0242056 0.221484 0.548975 0.0998789 -0.000588229 1.0000 0 0 0 0   0 0 0
66 1 2 0 8 2.37004e-07 0.00829778 0.0129696 12.6 -0.0140031 -0.0215617 0.246746 -0.0663794 0.05829 -0.000989284 1.0000 0 0 0 0   0 0 0
67 1 2 0 8 2.36871e-07 -0.00530325 0.012562 12.6 0.00281998 -0.0220273 0.231549 0.0424242 0.0615459 -0.000958407 1.0000 0 0 0 0   0 0 0
68 1 2 0 8 2.36902e-07 -0.0128109 0.0307633 12.6 0.0148489 0.0132747 0.21901 0.102665 -0.0841301 -0.00230478 1.0000 0 0 0 0   0 0 0
69 1 2 0 8 2.37133e-07 -0.0112526 -0.0542308 12.6 -0.00255378 0.041182 0.26602 0.0905799 0.599845 0.00387448 1.0000 0 0 0 0   0 0 0
70 1 2 0 8 2.37088e-07 -0.0199354 0.0480637 12.6 0.00204448 -0.028382 0.260414 0.160315 -0.223494 -0.00348669 1.0000 0 0 0 0   0 0 0
71 1 2 0 8 2.37274e-07 0.0109419 -0.0244951 12.6 -0.0147641 -0.00477075 0.275107 -0.0876485 0.358457 0.00184993 1.0000 0 0 0 0   0 0 0
72 1 2 0 8 2.37069e-07 0.0149275 0.0108011 12.6 0.00109196 -0.0199981 0.218046 -0.119451 0.0755872 -0.00082484 1.0000 0 0 0 0   0 0 0
73 1 2 0 8 2.37027e-07 0.00351846 0.0450029 12.6 -0.00237278 -0.0272675 0.248536 -0.0282611 -0.198579 -0.00328678 1.0000 0 0 0 0   0 0 0
74 1 2 0 8 2.37324e-07 0.00607756 -0.000317651 12.6 -0.00123793 -0.0115535 0.192749 -0.0486184 0.164505 2.4322e-05 1.0000 0 0 0 0   0 0 0
75 1 2 0 8 2.37054e-07 -0.015031 -0.0239038 12.6 -0.0137842 0.0022216 0.188754 0.120417 0.353728 0.00180643 1.0000 0 0 0 0   0 0 0
76 1 2 0 8 2.37002e-07 0.00919469 -0.0257821 12.6 -0.0123813 0.00826311 0.197991 -0.0736558 0.368806 0.00194417 1.0000 0 0 0 0   0 0 0
77 1 2 0 8 2.37253e-07 -0.00949409 -0.010408 12.6 -0.0031895 0.00696212 0.187787 0.0759495 0.245275 0.000794968 1.0000 0 0 0 0   0 0 0
78 1 2 0 8 2.37322e-07 0.0112438 0.0114467 12.6 -0.0206939 -0.00137047 0.185671 -0.0899468 0.0704549 -0.000873901 1.0000 0 0 0 0   0 0 0
79 1 2 0 8 2.37191e-07 -0.0131196 1.38364e-05 12.6 -0.00429595 -0.00542438 0.187877 0.104952 0.161853 -1.05957e-06 1.0000 0 0 0 0   0 0 0
80 1 2 0 8 2.37144e-07 0.00118252 -0.00223265 12.6 0.00443035 -0.00762532 0.181118 -0.00945972 0.179826 0.000170939 1.0000 0 0 0 0   0 0 0
81 1 2 0 8 2.37265e-07 0.0120078 0.00158713 12.6 -0.0241947 0.00974351 0.189874 -0.0960583 0.149268 -0.000121525 1.0000 0 0 0 0   0 0 0
82 1 2 0 8 2.37253e-07 -0.00178378 -0.0120506 12.6 0.00877088 0.00678234 0.192245 0.0142697 0.258432 0.000919666 1.0000 0 0 0 0   0 0 0
83 1 2 0 8 2.37198e-07 0.00375618 0.000508849 12.6 -0.0132203 -0.00214995 0.187013 -0.0300481 0.157893 -3.8962e-05 1.0000 0 0 0 0   0 0 0
84 1 2 0 8 2.36978e-07 0.00695182 -0.0217758 12.6 0.0165861 0.00321935 0.220241 -0.0556645 0.336547 0.00164932 1.0000 0 0 0 0   0 0 0
85 1 2 0 8 2.37234e-07 0.0301593 -0.0189579 12.6 0.00413597 0.00675711 0.203797 -0.241812 0.314133 0.00143975 1.0000 0 0 0 0   0 0 0
86 1 2 0 8 2.37084e-07 -0.00139567 -0.0105437 12.6 0.00311766 0.0190822 0.203838 0.0111649 0.246362 0.000805281 1.0000 0 0 0 0   0 0 0
87 1 2 0 8 2.37194e-07 -0.0113199 -0.012804 12.6 0.0204775 0.00857108 0.20521 0.0905594 0.264473 0.000976741 1.0000 0 0 0 0   0 0 0
88 1 2 0 8 2.37231e-07 -0.0181571 -0.0279443 12.6 0.0270547 0.0116899 0.205883 0.145508 0.386268 0.00210155 1.0000 0 0 0 0   0 0 0
89 1 2 0 8 2.37361e-07 0.0244035 0.0154619 12.6 -0.0158651 -0.0057972 0.205301 -0.195512 0.0382 -0.00117751 1.0000 0 0 0 0   0 0 0
90 1 2 0 8 2.36976e-07 -0.0109799 -0.00957814 12.6 -0.0124025 -0.0269985 0.218303 0.0878352 0.238628 0.000731908 1.0000 0 0 0 0   0 0 0
91 1 2 0 8 2.37156e-07 0.016284 -0.0197375 12.6 0.00256638 -0.00786747 0.195299 -0.130426 0.320232 0.00149787 1.0000 0 0 0 0   0 0 0
92 1 2 0 8 2.37055e-07 -0.000111914 -0.01524 12.6 0.0063184 -0.00412609 0.195426 0.00089527 0.283987 0.0011608 1.0000 0 0 0 0   0 0 0
93 1 2 0 8 2.37387e-07 0.00770661 -0.0341903 12.6 -0.0140071 -0.00593601 0.188655 -0.0617817 0.436599 0.00254817 1.0000 0 0 0 0   0 0 0
94 1 2 0 8 2.37235e-07 -0.0129841 0.00252062 12.6 -0.00467749 0.00585694 0.18781 0.103868 0.141803 -0.000192977 1.0000 0 0 0 0   0 0 0
95 1 2 0 8 2.37347e-07 0.0038719 -0.03602 12.6 -0.027253 0.0112281 0.186558 -0.0310487 0.451407 0.00267645 1.0000 0 0 0 0   0 0 0
96 1 2 0 8 2.37348e-07 0.0086372 -0.0285958 12.6 -0.0236458 -0.0187598 0.178012 -0.0692028 0.391458 0.00214879 1.0000 0 0 0 0   0 0 0
97 1 2 0 8 2.37208e-07 -0.00638567 -0.0145721 12.6 -0.00416228 0.00927557 0.18312 0.0510832 0.278635 0.00111038 1.0000 0 0 0 0   0 0 0
98 1 2 0 8 2.37273e-07 -0.0141829 -0.0268246 12.6 -0.0174704 0.00413662 0.187365 0.11364 0.377228 0.00202033 1.0000 0 0 0 0   0 0 0
99 1 2 0 8 2.37045e-07 0.00699025 -0.0234704 12.6 -0.0158889 -0.00812373 0.194395 -0.0559822 0.350185 0.00177455 1.0000 0 0 0 0   0 0 0
100 1 2 0 8 2.37238e-07 0.0162101 -0.0279894 12.6 -0.0283697 -0.00454016 0.194205 -0.129898 0.386619 0.00210482 1.0000 0 0 0 0   0 0 0
101 1 2 0 8 2.3717e-07 -0.0189402 -0.00121978 12.6 -0.0175148 0.00576071 0.187175 0.151576 0.171726 9.33965e-05 1.0000 0 0 0 0   0 0 0
102 1 2 0 8 2.37304e-07 -0.00419972 -0.00670329 12.6 -0.0306256 -0.00480937 0.193617 0.0335963 0.215609 0.000512746 1.0000 0 0 0 0   0 0 0
103 1 2 0 8 2.37075e-07 -0.0311373 -0.0578478 12.6 0.00269806 0.0134841 0.263132 0.251249 0.63026 0.00409231 1.0000 0 0 0 0   0 0 0
104 1 2 0 8 2.36831e-07 0.0101486 -0.0147933 12.6 -0.0115359 0.00862808 0.191457 -0.0812027 0.280433 0.00112708 1.0000 0 0 0 0   0 0 0
105 1 2 0 8 2.36835e-07 0.0042739 -0.0337943 12.6 -0.00376667 0.0339813 0.217834 -0.0342541 0.433344 0.00252019 1.0000 0 0 0 0   0 0 0
106 1 2 0 8 2.3688e-07 0.00752055 -0.0276412 12.6 -0.00282426 0.00311979 0.246586 -0.0602507 0.383766 0.00207957 1.0000 0 0 0 0   0 0 0
108 1 2 0 8 2.36979e-07 0.0192323 -0.0171741 12.6 -0.0073622 -0.00252424 0.255798 -0.154043 0.299659 0.00130623 1.0000 0 0 0 0   0 0 0
109 1 2 0 8 2.36917e-07 -0.0132588 -0.0302649 12.6 0.0423032 0.0208801 0.216265 0.106253 0.404923 0.00226896 1.0000 0 0 0 0   0 0 0
110 1 2 0 8 2.36976e-07 -0.00362877 -0.0533885 12.6 0.0162807 0.00801036 0.255725 0.0291947 0.592793 0.00382275 1.0000 0 0 0 0   0 0 0
111 1 2 0 8 2.36994e-07 -0.00418477 -0.0516159 12.6 0.007058 0.0182946 0.253362 0.0336502 0.578229 0.00371256 1.0000 0 0 0 0   0 0 0
112 1 2 0 8 2.36871e-07 -0.00671308 -0.0149131 12.6 0.0257036 0.0195301 0.215419 0.0537024 0.281368 0.00113612 1.0000 0 0 0 0   0 0 0
113 1 2 0 8 2.37294e-07 0.00718337 -0.0420871 12.6 -0.00850286 0.00206413 0.270293 -0.0576764 0.500703 0.00309258 1.0000 0 0 0 0   0 0 0
114 1 2 0 8 2.3761e-07 -0.00617157 -0.0315924 12.6 -0.0079283 -0.0146842 0.271597 0.0494549 0.415588 0.00236392 1.0000 0 0 0 0   0 0 0
115 1 2 0 8 2.36861e-07 -0.0204726 -0.00503499 12.6 0.0079829 -0.018218 0.210565 0.163891 0.202283 0.000385309 1.0000 0 0 0 0   0 0 0
116 1 2 0 8 2.37013e-07 -0.0285061 0.0316896 12.6 0.0114974 -0.0207013 0.246479 0.228877 -0.0920084 -0.00237085 1.0000 0 0 0 0   0 0 0
117 1 2 0 8 2.372e-07 -0.0393964 0.0138177 12.6 0.0039646 -0.0103694 0.206103 0.316269 0.0511265 -0.00105343 1.0000 0 0 0 0   0 0 0
118 1 2 0 8 2.37953e-07 -0.0334451 -0.0565536 12.6 -0.00475635 0.0214039 0.252513 0.26987 0.619753 0.00401513 1.0000 0 0 0 0   0 0 0
119 1 2 0 8 2.36927e-07 -0.022047 0.0181171 12.6 0.00779098 -0.0114798 0.241296 0.176628 0.0169734 -0.00137683 1.0000 0 0 0 0   0 0 0
120 1 2 0 8 2.37799e-07 -0.0101115 -0.0197563 12.6 0.0071214 -0.00952132 0.260701 0.0809584 0.320326 0.00149927 1.0000 0 0 0 0   0 0 0
121 1 2 0 8 2.37172e-07 -0.0202909 0.0477573 12.6 0.0040587 -0.0374593 0.271539 0.163166 -0.221025 -0.00346685 1.0000 0 0 0 0   0 0 0
122 1 2 0 8 2.36944e-07 -0.033007 0.00289745 12.6 0.0217133 -0.01915 0.238123 0.264511 0.138748 -0.000221816 1.0000 0 0 0 0   0 0 0
123 1 2 0 8 2.36835e-07 -0.0057528 0.0103716 12.6 -0.00353615 -0.00962126 0.226008 0.0460205 0.0790447 -0.000792206 1.0000 0 0 0 0   0 0 0
124 1 2 0 8 2.36868e-07 0.0109448 -0.0146475 12.6 -0.018485 0.00528956 0.229969 -0.0875791 0.279271 0.00111607 1.0000 0 0 0 0   0 0 0
125 1 2 0 8 2.37083e-07 -0.0250788 0.0213324 12.6 0.000279364 -0.00985687 0.264506 0.200974 -0.00877559 -0.00161651 1.0000 0 0 0 0   0 0 0
126 1 2 0 8 2.37061e-07 0.0175335 -0.0591252 12.6 -0.0113009 0.00739967 0.254711 -0.14136 0.640232 0.00416733 1.0000 0 0 0 0   0 0 0
127 1 2 0 8 2.3701e-07 -0.00202451 -0.01288 12.6 -0.00379637 0.00403691 0.242779 0.0161954 0.265077 0.000982498 1.0000 0 0 0 0   0 0 0
128 1 2 0 8 2.3728e-07 -0.0364137 -0.00676144 12.6 -0.00776524 -0.00110606 0.269645 0.292054 0.216215 0.000517185 1.0000 0 0 0 0   0 0 0
129 1 2 0 8 2.37057e-07 0.0150429 0.0211009 12.6 -0.0171063 -0.0147512 0.258342 -0.120489 -0.00684101 -0.00159937 1.0000 0 0 0 0   0 0 0
130 1 2 0 8 2.37427e-07 -0.0430722 -0.0275072 12.6 -0.00141181 0.00902502 0.271813 0.346272 0.383455 0.00206985 1.0000 0 0 0 0   0 0 0
131 1 2 0 8 2.36935e-07 0.0190753 -0.03185 12.6 -0.00435938 0.00688707 0.25143 -0.152995 0.41789 0.00238229 1.0000 0 0 0 0   0 0 0
132 1 2 0 8 2.37178e-07 0.013505 -0.0212263 12.6 -0.0178139 0.00968173 0.268883 -0.108164 0.332178 0.00160865 1.0000 0 0 0 0   0 0 0
133 1 2 0 8 2.37256e-07 0.0349281 -0.0249421 12.6 -0.0152402 0.0078305 0.183268 -0.280453 0.362524 0.0018828 1.0000 0 0 0 0   0 0 0
134 1 2 0 8 2.37019e-07 0.0248237 -0.0163846 12.6 0.0347375 0.00325845 0.202544 -0.19889 0.293364 0.00124688 1.0000 0 0 0 0   0 0 0
135 1 2 0 8 2.37306e-07 0.00827779 -0.00138645 12.6 -0.0170212 0.00492893 0.171158 -0.0662195 0.173056 0.000106158 1.0000 0 0 0 0   0 0 0
136 1 2 0 8 2.37109e-07 0.0173014 -0.0407723 12.6 0.0122884 0.00070547 0.187425 -0.138951 0.49018 0.00300361 1.0000 0 0 0 0   0 0 0
137 1 2 0 8 2.36946e-07 0.0117835 -0.0107094 12.6 0.0033131 -0.00220552 0.191223 -0.0942638 0.247689 0.000817875 1.0000 0 0 0 0   0 0 0
138 1 2 0 8 2.37026e-07 0.0180151 0.00157906 12.6 0.0274743 0.0163876 0.185862 -0.14415 0.14933 -0.000120906 1.0000 0 0 0 0   0 0 0
139 1 2 0 8 2.37093e-07 0.0346799 -0.0109552 12.6 0.0105238 0.0188376 0.189945 -0.278106 0.249873 0.000836555 1.0000 0 0 0 0   0 0 0
140 1 2 0 8 2.37212e-07 0.00976169 0.0120284 12.6 -0.0155628 -1.41273e-05 0.174173 -0.0780902 0.0658078 -0.000917987 1.0000 0 0 0 0   0 0 0
141 1 2 0 8 2.36994e-07 0.00392957 -0.0258229 12.6 0.0151408 0.00610877 0.192183 -0.0314753 0.369111 0.00194715 1.0000 0 0 0 0   0 0 0
142 1 2 0 8 2.37041e-07 -0.000876422 -0.0135327 12.6 0.0455514 -0.0154899 0.204664 0.00701108 0.270306 0.00103192 1.0000 0 0 0 0   0 0 0
143 1 2 0 8 2.37127e-07 -0.0116821 -0.00537675 12.6 -0.00368199 -0.00300691 0.179078 0.0934532 0.204989 0.000411438 1.0000 0 0 0 0   0 0 0
144 1 2 0 8 2.3735e-07 -0.0090038 -0.00428655 12.6 -0.00567696 -0.0119431 0.18727 0.0720274 0.196263 0.000328089 1.0000 0 0 0 0   0 0 0
145 1 2 0 8 2.37254e-07 -0.00872053 -0.0177188 12.6 -0.0112623 0.00882557 0.187026 0.0697978 0.303929 0.00134703 1.0000 0 0 0 0   0 0 0
146 1 2 0 8 2.37409e-07 0.000309335 0.000894894 12.6 9.8989e-05 -0.0173726 0.183792 -0.00247457 0.154805 -6.8521e-05 1.0000 0 0 0 0   0 0 0
147 1 2 0 8 2.37392e-07 -0.0136679 -0.0191907 12.6 -0.00175926 0.00236153 0.186537 0.10945 0.315811 0.00145717 1.0000 0 0 0 0   0 0 0
148 1 2 0 8 2.37403e-07 -0.00941125 -0.0194239 12.6 0.0114102 -0.00426424 0.188544 0.0753459 0.317646 0.00147453 1.0000 0 0 0 0   0 0 0
149 1 2 0 8 2.37288e-07 -0.0261645 0.00420429 12.6 -0.00229856 -0.00980761 0.185611 0.209581 0.128295 -0.0003218 1.0000 0 0 0 0   0 0 0
150 1 2 0 8 2.37216e-07 -0.0187374 -0.0147543 12.6 -0.00734194 0.015255 0.188878 0.150051 0.280219 0.00112413 1.0000 0 0 0 0   0 0 0
151 1 2 0 8 2.37262e-07 -0.0205559 -0.00510219 12.6 0.00179273 -0.00430421 0.191811 0.16456 0.202822 0.000390447 1.0000 0 0 0 0   0 0 0
152 1 2 0 8 2.37268e-07 -0.0185746 0.000274572 12.6 -0.00206706 0.0133704 0.189063 0.148639 0.159766 -2.10238e-05 1.0000 0 0 0 0   0 0 0
153 1 2 0 8 2.37001e-07 0.0076273 0.000150368 12.6 -0.01557 -0.0230346 0.245764 -0.0610158 0.160761 -1.15137e-05 1.0000 0 0 0 0   0 0 0
154 1 2 0 8 2.37146e-07 0.00883154 -0.0457288 12.6 -0.00494912 -0.00232176 0.270793 -0.0709517 0.530304 0.00333464 1.0000 0 0 0 0   0 0 0
155 1 2 0 8 2.37035e-07 -0.00142563 0.0195961 12.6 0.011506 -0.0144472 0.259073 0.0114104 0.00530074 -0.00148735 1.0000 0 0 0 0   0 0 0
156 1 2 0 8 2.36889e-07 -0.00921076 -0.00561805 12.6 0.013423 -0.010791 0.213758 0.0736829 0.206921 0.000429886 1.0000 0 0 0 0   0 0 0
157 1 2 0 8 2.37043e-07 -0.0518487 0.00247114 12.6 0.0159942 0.00218575 0.250047 0.416937 0.142095 -0.000189191 1.0000 0 0 0 0   0 0 0
158 1 2 0 8 2.36907e-07 -0.0418183 0.00993883 12.6 0.000760033 -0.0137876 0.241249 0.335781 0.0822057 -0.000759319 1.0000 0 0 0 0   0 0 0
159 1 2 0 8 2.3692e-07 -0.022126 0.0288982 12.6 0.000393073 -0.019472 0.241135 0.177435 -0.0693916 -0.00217065 1.0000 0 0 0 0   0 0 0
160 1 2 0 8 2.372e-07 -0.00630904 0.0124947 12.6 -0.00937147 -0.0217044 0.264901 0.0504702 0.0620837 -0.000953306 1.0000 0 0 0 0   0 0 0
161 1 2 0 8 2.36936e-07 -0.0044268 0.00635982 12.6 -0.00523963 -0.0210652 0.245829 0.0354129 0.111106 -0.000486526 1.0000 0 0 0 0   0 0 0
162 1 2 0 8 2.3705e-07 -0.0299883 -0.0064181 12.6 0.0181913 -0.00730715 0.226232 0.240284 0.213409 0.000490975 1.0000 0 0 0 0   0 0 0
163 1 2 0 8 2.37294e-07 0.0193965 -0.0161481 12.6 -0.0177377 0.00364753 0.176779 -0.15535 0.291419 0.0012291 1.0000 0 0 0 0   0 0 0
164 1 2 0 8 2.37309e-07 0.00839156 -0.0259193 12.6 0.00285242 -0.00350434 0.170416 -0.0672215 0.369906 0.0019542 1.0000 0 0 0 0   0 0 0
165 1 2 0 8 2.36936e-07 -0.00689084 -0.00872104 12.6 0.038145 -0.00686886 0.189105 0.0551244 0.231765 0.000666612 1.0000 0 0 0 0   0 0 0
166 1 2 0 8 2.37338e-07 0.0194235 -0.0238257 12.6 -0.0105099 0.0157115 0.173373 -0.155634 0.353135 0.00180069 1.0000 0 0 0 0   0 0 0
167 1 2 0 8 2.37122e-07 -0.0303425 -0.0550196 12.6 0.00256563 -0.00933428 0.189554 0.244691 0.607037 0.00392258 1.0000 0 0 0 0   0 0 0
168 1 2 0 8 2.37357e-07 0.000184844 -0.00215923 12.6 -0.00366308 0.00224532 0.174142 -0.00147869 0.179239 0.00016532 1.0000 0 0 0 0   0 0 0
169 1 2 0 8 2.37227e-07 0.00929019 -0.0273975 12.6 0.00397658 0.00396568 0.173644 -0.0744298 0.381812 0.0020619 1.0000 0 0 0 0   0 0 0
170 1 2 0 8 2.37304e-07 0.0201456 -0.025953 12.6 0.0124477 0.0137188 0.171479 -0.16144 0.370255 0.00195666 1.0000 0 0 0 0   0 0 0
171 1 2 0 8 2.37277e-07 0.000896704 -0.0150999 12.6 0.0130352 -0.00392493 0.176049 -0.00717332 0.282864 0.00115022 1.0000 0 0 0 0   0 0 0
172 1 2 0 8 2.37208e-07 -0.00310444 -0.0300644 12.6 0.00662104 -0.00239439 0.172987 0.024874 0.40327 0.00225455 1.0000 0 0 0 0   0 0 0
173 1 2 0 8 2.39784e-07 0.0490496 -0.0226979 12.6 0.0450578 -0.0093058 0.132194 -0.394683 0.344845 0.00171758 1.0000 0 0 0 0   0 0 0
174 1 2 0 8 2.36943e-07 -0.0273519 -0.0240631 12.6 0.0214153 -0.00616044 0.240027 0.219344 0.355204 0.00181815 1.0000 0 0 0 0   0 0 0
175 1 2 0 8 2.3851e-07 0.0187115 -0.0379019 12.6 -0.0226806 0.0415913 0.216739 -0.150226 0.466925 0.00280708 1.0000 0 0 0 0   0 0 0
176 1 2 0 8 2.37196e-07 -0.00708059 -0.0483076 12.6 0.0111952 0.00522524 0.269147 0.0569018 0.551247 0.00350231 1.0000 0 0 0 0   0 0 0
177 1 2 0 8 2.36993e-07 -0.0556433 -0.0493398 12.6 0.022935 0.00959977 0.257771 0.450264 0.562334 0.00356844 1.0000 0 0 0 0   0 0 0
178 1 2 0 8 2.36938e-07 -0.0847267 0.0430682 12.6 0.0204333 -0.0144064 0.270612 0.69065 -0.188253 -0.00315825 1.0000 0 0 0 0   0 0 0
179 1 2 0 8 2.36876e-07 -0.0287836 -0.0262074 12.6 0.0118047 -0.00143878 0.238158 0.230949 0.372562 0.00197524 1.0000 0 0 0 0   0 0 0
180 1 2 0 8 2.37131e-07 -0.0754344 0.0244877 12.6 0.0356709 -0.0208616 0.273118 0.611342 -0.0362126 -0.00184938 1.0000 0 0 0 0   0 0 0
181 1 2 0 8 2.37163e-07 0.0132736 -0.0123082 12.6 -0.00411379 0.0045999 0.166472 -0.10621 0.26052 0.000939179 1.0000 0 0 0 0   0 0 0
182 1 2 0 8 2.37094e-07 -0.00190277 0.0178188 12.6 0.00859152 0.0195691 0.172472 0.0152247 0.0195379 -0.0013545 1.0000 0 0 0 0   0 0 0
183 1 2 0 8 2.37349e-07 -0.00995049 0.016357 12.6 0.00453946 -0.0223914 0.182656 0.0796345 0.031182 -0.00124481 1.0000 0 0 0 0   0 0 0
184 1 2 0 8 2.37089e-07 0.0121193 0.0190865 12.6 0.00766211 0.0215962 0.175869 -0.0970386 0.00930839 -0.00144937 1.0000 0 0 0 0   0 0 0
185 1 2 0 8 2.37241e-07 0.0117923 -0.000219974 12.6 -0.0171517 -0.000400772 0.174267 -0.0943342 0.163723 1.6843e-05 1.0000 0 0 0 0   0 0 0
186 1 2 0 8 2.37232e-07 0.0113142 -0.0148464 12.6 -0.0226877 0.00170518 0.165195 -0.0905407 0.280874 0.00113108 1.0000 0 0 0 0   0 0 0
187 1 2 0 8 2.37224e-07 0.0118553 -0.0102164 12.6 0.00582177 -0.016344 0.173619 -0.094838 0.24374 0.000780409 1.0000 0 0 0 0   0 0 0
188 1 2 0 8 2.37085e-07 0.0290287 0.0165751 12.6 0.0196851 0.00883416 0.191412 -0.232633 0.0292603 -0.0012612 1.0000 0 0 0 0   0 0 0
189 1 2 0 8 2.37216e-07 0.00781085 -0.0120931 12.6 -0.0103243 -0.0140433 0.17043 -0.0624841 0.258773 0.000922888 1.0000 0 0 0 0   0 0 0
190 1 2 0 8 2.36889e-07 -0.00258612 -0.0213181 12.6 0.0209151 -0.00591182 0.198556 0.020704 0.332844 0.00161544 1.0000 0 0 0 0   0 0 0
191 1 2 0 8 2.36927e-07 0.00367697 -0.0204599 12.6 0.0234007 0.00433823 0.186218 -0.0294344 0.325941 0.00155164 1.0000 0 0 0 0   0 0 0
192 1 2 0 8 2.37011e-07 0.0236113 -0.0117851 12.6 0.0084344 0.0052245 0.182103 -0.189128 0.256427 0.000899549 1.0000 0 0 0 0   0 0 0
193 1 2 0 8 2.37173e-07 0.0264603 0.0255104 12.6 -0.00286348 0.014957 0.185097 -0.21221 -0.0423256 -0.00192432 1.0000 0 0 0 0   0 0 0
194 1 2 0 8 2.37237e-07 0.0121144 0.00400905 12.6 -0.0106868 -0.00947918 0.174223 -0.096911 0.1299 -0.000306874 1.0000 0 0 0 0   0 0 0
195 1 2 0 8 2.36886e-07 -0.00926167 -0.0224926 12.6 0.002727 0.00451966 0.18318 0.0741718 0.342331 0.00170238 1.0000 0 0 0 0   0 0 0
196 1 2 0 8 2.3691e-07 -0.00707408 -0.0223704 12.6 0.0126805 0.0356372 0.212797 0.0566474 0.341333 0.00169334 1.0000 0 0 0 0   0 0 0
197 1 2 0 8 2.37079e-07 0.00536106 -0.00365432 12.6 0.0179869 0.0152777 0.182884 -0.0428866 0.191203 0.000279739 1.0000 0 0 0 0   0 0 0
198 1 2 0 8 2.37024e-07 -0.0177838 0.0369272 12.6 -0.000727893 -0.0741512 0.238326 0.142747 -0.133812 -0.00273958 1.0000 0 0 0 0   0 0 0
199 1 2 0 8 2.37001e-07 -0.00515072 -0.00341016 12.6 -0.00437452 0.0108206 0.176692 0.041204 0.189249 0.000261053 1.0000 0 0 0 0   0 0 0
200 1 2 0 8 2.37336e-07 0.00335407 0.0118288 12.6 0.00839061 -0.0193065 0.178747 -0.0268314 0.0674029 -0.00090286 1.0000 0 0 0 0   0 0 0
0 1 2 0 9 2.44172e-07 -0.00641636 -0.0113534 14.4 0 0 0.204 0 0 0 1.0000 0 0 0 0   0 0 0
1 1 2 0 9 2.44403e-07 0.0149926 -0.0165849 14.4 0.0187328 0.0216989 0.192586 -0.120041 0.294882 0.00126193 1.0000 0 0 0 0   0 0 0
2 1 2 0 9 2.44263e-07 0.00651817 -0.0252493 14.4 -0.00691818 -0.00274119 0.194348 -0.0522093 0.364502 0.00190525 1.0000 0 0 0 0   0 0 0
3 1 2 0 9 2.44242e-07 0.0282825 -0.00416876 14.4 0.0206669 0.0121362 0.197122 -0.226584 0.19537 0.000319084 1.0000 0 0 0 0   0 0 0
4 1 2 0 9 2.44243e-07 -0.00155813 0.0148118 14.4 -0.00294873 0.0169551 0.195816 0.0124645 0.0435767 -0.00112847 1.0000 0 0 0 0   0 0 0
5 1 2 0 9 2.44284e-07 0.0181047 -0.00798204 14.4 0.00828228 0.00959578 0.201759 -0.144908 0.225881 0.000610314 1.0000 0 0 0 0   0 0 0
6 1 2 0 9 2.44234e-07 0.0130957 0.00172605 14.4 -0.00981903 -0.000791285 0.186458 -0.104761 0.148157 -0.000132162 1.0000 0 0 0 0   0 0 0
7 1 2 0 9 2.44218e-07 0.0189101 -0.0141912 14.4 0.022678 -0.00242233 0.194415 -0.15143 0.2757 0.00108163 1.0000 0 0 0 0   0 0 0
8 1 2 0 9 2.44166e-07 0.00821135 -0.0188712 14.4 -0.00210101 0.00620033 0.193957 -0.0657305 0.313191 0.00143326 1.0000 0 0 0 0   0 0 0
9 1 2 0 9 2.44509e-07 0.00952918 0.00675445 14.4 0.0126925 0.00553961 0.19607 -0.0762302 0.107952 -0.000516651 1.0000 0 0 0 0   0 0 0
10 1 2 0 9 2.44204e-07 0.0212862 -0.0360121 14.4 -0.0395777 0.0295148 0.195137 -0.170885 0.451668 0.0026759 1.0000 0 0 0 0   0 0 0
11 1 2 0 9 2.43959e-07 0.0330094 -0.0706897 14.4 -0.00722634 -0.010627 0.19475 -0.267416 0.736871 0.00479922 1.0000 0 0 0 0   0 0 0
12 1 2 0 9 2.44028e-07 -0.0156014 0.0297238 14.4 0.000639285 -0.00799297 0.184922 0.125029 -0.0758319 -0.00223005 1.0000 0 0 0 0   0 0 0
14 1 2 0 9 2.4403e-07 0.0175314 0.0276086 14.4 -0.0240291 -0.00821551 0.188442 -0.140489 -0.0589262 -0.00207721 1.0000 0 0 0 0   0 0 0
15 1 2 0 9 2.44139e-07 -0.0184132 -0.0066976 14.4 -0.0267524 0.006423 0.174525 0.147373 0.21559 0.000512311 1.0000 0 0 0 0   0 0 0
16 1 2 0 9 2.44022e-07 -0.00402646 0.0165323 14.4 -0.0265491 0.00839407 0.175341 0.0322113 0.0298343 -0.00125798 1.0000 0 0 0 0   0 0 0
17 1 2 0 9 2.44164e-07 -0.0059862 -0.000656745 14.4 -0.0275816 -0.00117959 0.16845 0.0478875 0.167218 5.02859e-05 1.0000 0 0 0 0   0 0 0
18 1 2 0 9 2.44254e-07 0.00469162 -0.00579004 14.4 0.000741349 -0.0288598 0.176906 -0.0375314 0.208297 0.000443031 1.0000 0 0 0 0   0 0 0
19 1 2 0 9 2.44086e-07 0.0121544 -0.0210196 14.4 0.00387586 -0.000261691 0.189594 -0.0973376 0.330503 0.00159331 1.0000 0 0 0 0   0 0 0
20 1 2 0 9 2.43948e-07 -0.0112684 -0.000515632 14.4 -0.000318127 -0.0291241 0.200192 0.0901434 0.166089 3.94811e-05 1.0000 0 0 0 0   0 0 0
21 1 2 0 9 2.44124e-07 0.017467 -0.027746 14.4 -0.016143 -0.0210056 0.208054 -0.139974 0.384667 0.00208717 1.0000 0 0 0 0   0 0 0
22 1 2 0 9 2.44164e-07 -0.00100446 -0.0301398 14.4 -0.0050308 0.00913944 0.197929 0.00804809 0.403875 0.00225997 1.0000 0 0 0 0   0 0 0
23 1 2 0 9 2.44212e-07 -0.0452069 -0.00747315 14.4 -0.0087297 0.00533624 0.210914 0.363149 0.222022 0.000571514 1.0000 0 0 0 0   0 0 0
24 1 2 0 9 2.4419e-07 0.00850198 -0.0366747 14.4 -0.0103268 -0.0134632 0.200165 -0.0681987 0.456771 0.0027221 1.0000 0 0 0 0   0 0 0
25 1 2 0 9 2.43982e-07 -0.0276751 -0.00467737 14.4 0.0211521 0.0122372 0.201553 0.221709 0.199445 0.000357968 1.0000 0 0 0 0   0 0 0
26 1 2 0 9 2.4418e-07 -0.0129774 -0.0178309 14.4 -0.00937127 -0.0602783 0.224085 0.103902 0.304874 0.00135541 1.0000 0 0 0 0   0 0 0
27 1 2 0 9 2.43933e-07 0.0160084 -0.0215754 14.4 -0.00300252 -0.0103854 0.18757 -0.128233 0.335007 0.00163449 1.0000 0 0 0 0   0 0 0
28 1 2 0 9 2.44184e-07 0.00486619 -0.0185266 14.4 0.0179109 -0.0248042 0.16844 -0.0389445 0.310393 0.00140747 1.0000 0 0 0 0   0 0 0
29 1 2 0 9 2.44296e-07 -0.00885054 -0.00368916 14.4 0.0117585 -0.0495278 0.174633 0.0708013 0.191482 0.000282405 1.0000 0 0 0 0   0 0 0
30 1 2 0 9 2.44667e-07 0.0217523 -0.0264999 14.4 -0.0346267 0.0146569 0.176116 -0.174349 0.374692 0.00199661 1.0000 0 0 0 0   0 0 0
31 1 2 0 9 2.44346e-07 -0.00786562 -0.017237 14.4 0.0379412 -0.00810505 0.171535 0.062947 0.300047 0.00131096 1.0000 0 0 0 0   0 0 0
32 1 2 0 9 2.44355e-07 0.0101279 -0.0220634 14.4 -0.00192444 -0.00695919 0.16705 -0.0811089 0.338884 0.00167061 1.0000 0 0 0 0   0 0 0
33 1 2 0 9 2.44312e-07 0.0174222 -0.0138134 14.4 -0.00573273 -0.00498242 0.174632 -0.139492 0.272651 0.00105311 1.0000 0 0 0 0   0 0 0
34 1 2 0 9 2.43643e-07 -0.0230477 -0.00738666 14.4 -0.0644299 -3.01342e-05 0.189948 0.184574 0.221144 0.000564912 1.0000 0 0 0 0   0 0 0
35 1 2 0 9 2.43765e-07 -0.0325738 -0.0295908 14.4 -0.0386037 -0.00247917 0.167019 0.261595 0.400009 0.00222048 1.0000 0 0 0 0   0 0 0
36 1 2 0 9 2.44364e-07 0.0115609 -0.0189977 14.4 -0.0140755 -0.00149368 0.176666 -0.0925636 0.314239 0.00144272 1.0000 0 0 0 0   0 0 0
37 1 2 0 9 2.44076e-07 -0.0361399 0.0157726 14.4 -0.00095151 -0.0189668 0.179431 0.290002 0.0355133 -0.00120087 1.0000 0 0 0 0   0 0 0
38 1 2 0 9 2.43981e-07 -0.00830423 -0.0199333 14.4 -0.0157142 -0.015645 0.197369 0.0664832 0.321734 0.00151245 1.0000 0 0 0 0   0 0 0
40 1 2 0 9 2.43974e-07 0.00508081 -0.0143951 14.4 -0.0102012 -0.00902741 0.214194 -0.0406447 0.277217 0.00109702 1.0000 0 0 0 0   0 0 0
41 1 2 0 9 2.43843e-07 -0.0299642 0.00557843 14.4 -0.00848558 0.00122317 0.191614 0.240088 0.117281 -0.000426857 1.0000 0 0 0 0   0 0 0
42 1 2 0 9 2.43997e-07 -0.0334862 -0.0282859 14.4 -7.24045e-05 -0.0113824 0.197499 0.268915 0.389489 0.00212632 1.0000 0 0 0 0   0 0 0
43 1 2 0 9 2.4357e-07 -0.0086298 -0.004698 14.4 0.01344 -0.0112421 0.184072 0.0690355 0.199556 0.000359545 1.0000 0 0 0 0   0 0 0
44 1 2 0 9 2.43801e-07 0.00343745 -0.0142019 14.4 -0.00236951 -0.0161893 0.193456 -0.0274984 0.275668 0.00108243 1.0000 0 0 0 0   0 0 0
45 1 2 0 9 2.43943e-07 -0.0414642 0.0337364 14.4 -0.0210268 0.00933721 0.191661 0.333589 -0.108926 -0.0025161 1.0000 0 0 0 0   0 0 0
46 1 2 0 9 2.4365e-07 -0.0179927 0.00155423 14.4 -0.0101335 0.0274454 0.196395 0.143969 0.149529 -0.000119006 1.0000 0 0 0 0   0 0 0
47 1 2 0 9 2.43569e-07 -0.00211796 -0.0533935 14.4 -0.019374 0.0149091 0.24098 0.0170394 0.592824 0.00382306 1.0000 0 0 0 0   0 0 0
48 1 2 0 9 2.43691e-07 -0.0183092 -0.00319369 14.4 -0.0364337 0.0303992 0.207564 0.146516 0.187525 0.000244487 1.0000 0 0 0 0   0 0 0
49 1 2 0 9 2.43677e-07 0.011712 0.0139932 14.4 -0.0142088 -0.00489072 0.203157 -0.0937174 0.0500837 -0.00106668 1.0000 0 0 0 0   0 0 0
50 1 2 0 9 2.44019e-07 0.0489864 0.000783988 14.4 -0.0272702 -0.00516971 0.288085 -0.393678 0.155664 -6.00291e-05 1.0000 0 0 0 0   0 0 0
51 1 2 0 9 2.44672e-07 0.0151389 -0.0436282 14.4 -0.0234355 0.00433341 0.186494 -0.121618 0.513324 0.00319567 1.0000 0 0 0 0   0 0 0
52 1 2 0 9 2.4466e-07 -0.0474225 -0.041722 14.4 0.009042 0.0064119 0.189573 0.382456 0.499248 0.00306787 1.0000 0 0 0 0   0 0 0
53 1 2 0 9 2.44022e-07 -0.0233498 -0.0157536 14.4 -0.0309919 0.000217909 0.201784 0.187059 0.288285 0.00119944 1.0000 0 0 0 0   0 0 0
54 1 2 0 9 2.43936e-07 -0.0217377 -0.0169065 14.4 -0.0193616 0.0124665 0.192843 0.174136 0.297531 0.00128611 1.0000 0 0 0 0   0 0 0
55 1 2 0 9 2.43913e-07 0.00797612 -0.0195907 14.4 -0.0136834 0.00628501 0.184073 -0.0638527 0.318975 0.00148694 1.0000 0 0 0 0   0 0 0
56 1 2 0 9 2.44081e-07 0.0049613 -0.0247912 14.4 -0.0125807 0.0117784 0.186166 -0.0397362 0.360808 0.0018717 1.0000 0 0 0 0   0 0 0
57 1 2 0 9 2.43905e-07 0.0049108 -0.0399485 14.4 0.00915964 -0.00721121 0.190987 -0.0394125 0.483314 0.00294759 1.0000 0 0 0 0   0 0 0
58 1 2 0 9 2.43837e-07 0.00700852 -0.0145693 14.4 -0.0113764 -0.00430209 0.186515 -0.0560658 0.278612 0.00111016 1.0000 0 0 0 0   0 0 0
59 1 2 0 9 2.4418e-07 0.00725318 -0.0222266 14.4 -0.00436118 -0.00280028 0.19629 -0.058081 0.340177 0.00168269 1.0000 0 0 0 0   0 0 0
60 1 2 0 9 2.44022e-07 -0.0030796 -0.00700668 14.4 -0.0138295 0.00495722 0.190859 0.0246357 0.218038 0.000535905 1.0000 0 0 0 0   0 0 0
61 1 2 0 9 2.44067e-07 -0.00172214 -0.0212397 14.4 -0.00115502 0.0103847 0.186125 0.0137869 0.332211 0.00160964 1.0000 0 0 0 0   0 0 0
62 1 2 0 9 2.43965e-07 -0.00505665 -0.00319945 14.4 -0.00572631 0.0129461 0.176107 0.0404515 0.187563 0.000244928 1.0000 0 0 0 0   0 0 0
63 1 2 0 9 2.43901e-07 -0.00845897 -0.0212745 14.4 -0.0172241 0.00956065 0.187891 0.0677328 0.332524 0.00161222 1.0000 0 0 0 0   0 0 0
64 1 2 0 9 2.43742e-07 -0.00147605 0.00863064 14.4 0.0218146 0.0211144 0.197959 0.0118079 0.0929565 -0.000659725 1.0000 0 0 0 0   0 0 0
65 1 2 0 9 2.43625e-07 0.00321673 -0.0411151 14.4 -0.0496276 -0.00711432 0.180077 -0.0258211 0.49278 0.00302681 1.0000 0 0 0 0   0 0 0
66 1 2 0 9 2.43687e-07 -0.0194425 -0.016045 14.4 0.0189022 0.0307323 0.218428 0.155718 0.290591 0.00122135 1.0000 0 0 0 0   0 0 0
67 1 2 0 9 2.43605e-07 -0.014497 -0.0086002 14.4 -0.00507642 0.0287737 0.201083 0.115971 0.230797 0.000657406 1.0000 0 0 0 0   0 0 0
68 1 2 0 9 2.43713e-07 -0.0130725 -0.0489517 14.4 -0.0140078 0.0112404 0.192612 0.105079 0.556545 0.00354358 1.0000 0 0 0 0   0 0 0
69 1 2 0 9 2.43725e-07 -0.0219486 0.0276499 14.4 0.00408982 -0.0459221 0.245707 0.175967 -0.0593562 -0.0020802 1.0000 0 0 0 0   0 0 0
70 1 2 0 9 2.43709e-07 -0.00391818 -0.0581164 14.4 -0.00542863 0.0368917 0.238979 0.0315639 0.631668 0.00410808 1.0000 0 0 0 0   0 0 0
71 1 2 0 9 2.43773e-07 -0.0514766 0.000852443 14.4 0.0107758 0.00751684 0.261833 0.413888 0.15511 -6.52706e-05 1.0000 0 0 0 0   0 0 0
72 1 2 0 9 2.4387e-07 -0.0218332 -0.000109735 14.4 0.0111784 0.0299386 0.199215 0.174801 0.162842 8.40214e-06 1.0000 0 0 0 0   0 0 0
73 1 2 0 9 2.43751e-07 -0.013666 -0.0405593 14.4 0.00878687 0.0484226 0.222418 0.109728 0.488384 0.0029892 1.0000 0 0 0 0   0 0 0
74 1 2 0 9 2.44209e-07 -0.00321156 -0.00351058 14.4 0.00748992 0.0067087 0.196406 0.0256914 0.190053 0.000268739 1.0000 0 0 0 0   0 0 0
75 1 2 0 9 2.44081e-07 0.0182783 -0.0171203 14.4 -0.0157404 -0.0137788 0.17905 -0.146392 0.299218 0.00130219 1.0000 0 0 0 0   0 0 0
76 1 2 0 9 2.43952e-07 0.0130572 -0.018877 14.4 0.0123248 -0.0162487 0.181079 -0.104553 0.313283 0.00143369 1.0000 0 0 0 0   0 0 0
77 1 2 0 9 2.44188e-07 0.00579776 -0.0208621 14.4 -0.00390687 -0.00318277 0.188248 -0.0464169 0.329188 0.00158159 1.0000 0 0 0 0   0 0 0
78 1 2 0 9 2.44309e-07 0.0173931 -0.0184625 14.4 0.00936128 0.00940371 0.190564 -0.139306 0.309994 0.00140267 1.0000 0 0 0 0   0 0 0
79 1 2 0 9 2.44133e-07 0.00498117 -0.0099868 14.4 -0.0133161 0.00497275 0.185017 -0.0398476 0.241901 0.000762964 1.0000 0 0 0 0   0 0 0
80 1 2 0 9 2.44156e-07 -0.00491957 -0.00294543 14.4 -0.000663182 0.00152282 0.176173 0.0393549 0.18553 0.000225488 1.0000 0 0 0 0   0 0 0
81 1 2 0 9 2.44239e-07 0.0229205 -0.0298684 14.4 0.0179003 0.00297608 0.19289 -0.183857 0.401968 0.00224045 1.0000 0 0 0 0   0 0 0
82 1 2 0 9 2.44129e-07 -0.0148777 -0.0166666 14.4 -0.00118073 -0.00333786 0.190412 0.119121 0.295538 0.00126808 1.0000 0 0 0 0   0 0 0
83 1 2 0 9 2.44172e-07 0.0129191 -0.00985262 14.4 0.00274847 0.0069628 0.185841 -0.103349 0.240827 0.000752769 1.0000 0 0 0 0   0 0 0
84 1 2 0 9 2.43729e-07 -0.0324485 -0.0044439 14.4 -0.00264303 -0.00300058 0.196292 0.26003 0.197585 0.000340119 1.0000 0 0 0 0   0 0 0
85 1 2 0 9 2.44093e-07 -0.0288262 -0.0149018 14.4 0.017449 -0.00906049 0.197142 0.230998 0.281483 0.00113527 1.0000 0 0 0 0   0 0 0
86 1 2 0 9 2.43939e-07 -0.00808846 -0.0340306 14.4 0.000387971 -0.0115081 0.188644 0.0648418 0.435309 0.00253689 1.0000 0 0 0 0   0 0 0
87 1 2 0 9 2.43983e-07 -0.0235892 -0.0191712 14.4 -0.0138933 -0.00760114 0.197946 0.189007 0.315743 0.0014557 1.0000 0 0 0 0   0 0 0
88 1 2 0 9 2.44033e-07 -0.0282551 -0.0125183 14.4 -0.0252076 -0.0171365 0.197623 0.2264 0.262343 0.000955097 1.0000 0 0 0 0   0 0 0
89 1 2 0 9 2.44208e-07 -0.00788883 -0.0173061 14.4 0.025948 0.0181575 0.204614 0.0631335 0.300602 0.00131614 1.0000 0 0 0 0   0 0 0
90 1 2 0 9 2.43781e-07 0.00720694 0.0183583 14.4 0.000325792 0.0188685 0.198266 -0.057683 0.0151842 -0.00139488 1.0000 0 0 0 0   0 0 0
91 1 2 0 9 2.44072e-07 -0.0127205 0.00553981 14.4 0.00879058 -0.00383694 0.187739 0.101759 0.117661 -0.000423904 1.0000 0 0 0 0   0 0 0
92 1 2 0 9 2.43963e-07 -0.00840548 -0.00357256 14.4 0.00316768 -0.00301807 0.180796 0.067241 0.190549 0.000273482 1.0000 0 0 0 0   0 0 0
93 1 2 0 9 2.4433e-07 0.0112712 0.00351646 14.4 0.00691547 -0.02079 0.197846 -0.0901658 0.133839 -0.000269189 1.0000 0 0 0 0   0 0 0
94 1 2 0 9 2.44189e-07 0.00851644 -0.0247497 14.4 -0.00898951 0.00403243 0.187425 -0.0682157 0.360491 0.00186865 1.0000 0 0 0 0   0 0 0
95 1 2 0 9 2.44362e-07 0.0293226 -0.0254623 14.4 -0.00214117 -0.023298 0.195811 -0.23527 0.366562 0.00192081 1.0000 0 0 0 0   0 0 0
96 1 2 0 9 2.44443e-07 0.0262169 0.00686272 14.4 -0.0101066 -0.0240701 0.190536 -0.210011 0.107012 -0.000524916 1.0000 0 0 0 0   0 0 0
97 1 2 0 9 2.44188e-07 0.00700753 -0.0200844 14.4 -0.00652628 -0.0043226 0.183732 -0.0560995 0.322939 0.00152369 1.0000 0 0 0 0   0 0 0
98 1 2 0 9 2.44278e-07 0.0259639 -0.0146008 14.4 -0.0140264 -0.0103401 0.190611 -0.208026 0.279047 0.00111254 1.0000 0 0 0 0   0 0 0
99 1 2 0 9 2.44023e-07 0.0186647 7.74559e-05 14.4 0.00960556 -0.0101889 0.184449 -0.149363 0.161344 -5.93084e-06 1.0000 0 0 0 0   0 0 0
100 1 2 0 9 2.44205e-07 0.0223361 -0.00323777 14.4 0.0141252 -0.0173339 0.195853 -0.178843 0.187893 0.000247861 1.0000 0 0 0 0   0 0 0
101 1 2 0 9 2.44204e-07 0.019699 -0.0196513 14.4 -0.0164245 0.00561692 0.183486 -0.157808 0.31957 0.00149146 1.0000 0 0 0 0   0 0 0
102 1 2 0 9 2.44249e-07 0.0347587 -0.00647301 14.4 0.00732415 0.00412479 0.200757 -0.278672 0.21388 0.000495167 1.0000 0 0 0 0   0 0 0
103 1 2 0 9 2.43648e-07 -0.00118134 0.0343134 14.4 -0.00759589 -0.014975 0.238878 0.00946875 -0.112522 -0.00255687 1.0000 0 0 0 0   0 0 0
104 1 2 0 9 2.43891e-07 0.0151402 -0.0189862 14.4 0.00767203 -0.00424058 0.165292 -0.121249 0.314182 0.00144186 1.0000 0 0 0 0   0 0 0
105 1 2 0 9 2.43695e-07 -0.00771183 -0.0363188 14.4 0.00848653 -0.035757 0.188635 0.0618535 0.453872 0.00269735 1.0000 0 0 0 0   0 0 0
106 1 2 0 9 2.43516e-07 -0.0291133 0.000373264 14.4 0.00602545 -0.00510701 0.215222 0.233248 0.158973 -2.85805e-05 1.0000 0 0 0 0   0 0 0
108 1 2 0 9 2.43571e-07 -0.0442584 -0.00693764 14.4 0.00918544 0.00380089 0.227855 0.355476 0.217708 0.000530635 1.0000 0 0 0 0   0 0 0
109 1 2 0 9 2.43745e-07 -0.0415682 -0.0268502 14.4 -0.0262954 -0.0280963 0.188371 0.334082 0.378093 0.0020222 1.0000 0 0 0 0   0 0 0
110 1 2 0 9 2.43566e-07 -0.0306141 0.0259111 14.4 -0.0117936 -0.0168534 0.227846 0.245693 -0.0456726 -0.00195359 1.0000 0 0 0 0   0 0 0
111 1 2 0 9 2.43602e-07 -0.0271574 0.0207044 14.4 -0.0006347 -0.0253654 0.226636 0.217664 -0.00378017 -0.00156985 1.0000 0 0 0 0   0 0 0
112 1 2 0 9 2.43669e-07 -0.0324324 -0.02802 14.4 -0.0171996 -0.0138853 0.186873 0.260412 0.387311 0.00210703 1.0000 0 0 0 0   0 0 0
113 1 2 0 9 2.43803e-07 -0.0443823 0.0218821 14.4 0.0113382 -0.00207737 0.258874 0.356699 -0.0136786 -0.00165719 1.0000 0 0 0 0   0 0 0
114 1 2 0 9 2.44086e-07 -0.0385259 0.00564942 14.4 0.00348922 0.00911134 0.274453 0.309119 0.116649 -0.000432284 1.0000 0 0 0 0   0 0 0
115 1 2 0 9 2.43714e-07 -0.00694198 0.0104363 14.4 -0.013855 0.0155008 0.181942 0.0555335 0.0785275 -0.000797125 1.0000 0 0 0 0   0 0 0
116 1 2 0 9 2.43669e-07 7.83319e-05 -0.0357549 14.4 -0.0177744 0.0323149 0.219335 -0.000628072 0.449241 0.0026579 1.0000 0 0 0 0   0 0 0
117 1 2 0 9 2.4406e-07 0.00934145 -0.00678689 14.4 -0.0259467 0.0234708 0.19643 -0.0747284 0.216278 0.000519127 1.0000 0 0 0 0   0 0 0
118 1 2 0 9 2.44505e-07 -0.00360846 0.035507 14.4 0.00754723 -0.0164821 0.267314 0.0289325 -0.122147 -0.00264055 1.0000 0 0 0 0   0 0 0
119 1 2 0 9 2.43591e-07 -0.00388104 -0.02573 14.4 -0.0109876 0.0194732 0.212125 0.0310863 0.368363 0.00194037 1.0000 0 0 0 0   0 0 0
120 1 2 0 9 2.44263e-07 -0.0279616 -0.00594432 14.4 -0.00560635 0.00901651 0.275573 0.224013 0.209603 0.000454809 1.0000 0 0 0 0   0 0 0
121 1 2 0 9 2.43765e-07 -0.00742579 -0.0658532 14.4 -0.0073162 0.0459183 0.255286 0.0599257 0.695348 0.00454573 1.0000 0 0 0 0   0 0 0
122 1 2 0 9 2.43617e-07 -0.00720912 -0.00925402 14.4 -0.0276613 0.0220257 0.210426 0.0576705 0.236033 0.000707216 1.0000 0 0 0 0   0 0 0
123 1 2 0 9 2.43608e-07 -0.00673199 -0.00849028 14.4 -0.00210094 0.0207419 0.193081 0.0538537 0.229917 0.000649032 1.0000 0 0 0 0   0 0 0
124 1 2 0 9 2.43667e-07 0.00294014 -0.0072341 14.4 0.0298994 0.00489673 0.197782 -0.0235201 0.219858 0.000553266 1.0000 0 0 0 0   0 0 0
125 1 2 0 9 2.43644e-07 -0.00647975 -0.0417613 14.4 -0.00580606 0.0163906 0.237603 0.0520231 0.49805 0.00307054 1.0000 0 0 0 0   0 0 0
126 1 2 0 9 2.43711e-07 -0.0375447 0.0339508 14.4 0.0190862 -0.0157478 0.229552 0.301787 -0.110401 -0.00253125 1.0000 0 0 0 0   0 0 0
127 1 2 0 9 2.43637e-07 -0.0196596 -0.0108066 14.4 0.00373661 -0.00620297 0.217641 0.157411 0.248544 0.000825258 1.0000 0 0 0 0   0 0 0
128 1 2 0 9 2.43781e-07 -0.00212261 -0.0143699 14.4 0.00813185 -0.000811231 0.256031 0.0169801 0.277015 0.00109512 1.0000 0 0 0 0   0 0 0
129 1 2 0 9 2.43682e-07 -0.0340169 -0.0359253 14.4 0.0185346 0.0198287 0.234131 0.273392 0.451291 0.00266982 1.0000 0 0 0 0   0 0 0
130 1 2 0 9 2.43906e-07 0.00606288 0.0105653 14.4 -0.00143094 -0.00679859 0.268541 -0.048501 0.0774968 -0.000806928 1.0000 0 0 0 0   0 0 0
131 1 2 0 9 2.43555e-07 -0.0410036 0.00520652 14.4 0.0120687 -0.00669643 0.222566 0.329147 0.120182 -0.000398424 1.0000 0 0 0 0   0 0 0
132 1 2 0 9 2.43717e-07 -0.0476267 0.000341818 14.4 0.0191267 -0.00583043 0.250081 0.382683 0.159217 -2.61727e-05 1.0000 0 0 0 0   0 0 0
133 1 2 0 9 2.44291e-07 0.00858147 -0.0196229 14.4 0.0277103 -0.0175208 0.184615 -0.0687012 0.319239 0.00148934 1.0000 0 0 0 0   0 0 0
134 1 2 0 9 2.43922e-07 -0.0549037 -0.0125144 14.4 0.00356169 -0.0047446 0.188425 0.442069 0.2628 0.000954804 1.0000 0 0 0 0   0 0 0
135 1 2 0 9 2.44406e-07 0.0174367 -0.0207604 14.4 -0.00108074 0.00546792 0.178913 -0.139677 0.328466 0.00157402 1.0000 0 0 0 0   0 0 0
136 1 2 0 9 2.44161e-07 -0.0118332 -0.00763861 14.4 0.0142593 -0.0253911 0.174877 0.0946619 0.223097 0.000584145 1.0000 0 0 0 0   0 0 0
137 1 2 0 9 2.43936e-07 -0.00540715 -0.00732953 14.4 0.00516109 -0.000757429 0.17206 0.0432554 0.220623 0.000560551 1.0000 0 0 0 0   0 0 0
138 1 2 0 9 2.44089e-07 -0.0300878 -0.02605 14.4 0.00916588 0.0099205 0.174454 0.241455 0.37133 0.00196374 1.0000 0 0 0 0   0 0 0
139 1 2 0 9 2.44127e-07 -0.0143401 -0.0309296 14.4 0.024292 -0.00107162 0.179426 0.114933 0.410301 0.00231665 1.0000 0 0 0 0   0 0 0
140 1 2 0 9 2.44338e-07 0.0229338 -0.0056945 14.4 0.00423538 0.0183969 0.177828 -0.183651 0.20758 0.000435731 1.0000 0 0 0 0   0 0 0
141 1 2 0 9 2.43954e-07 -0.0164021 -0.012768 14.4 0.000924618 -0.0119411 0.175749 0.1313 0.264249 0.000974017 1.0000 0 0 0 0   0 0 0
142 1 2 0 9 2.43892e-07 -0.0578169 0.00844261 14.4 -0.021942 0.0045094 0.192897 0.465779 0.0939825 -0.000645401 1.0000 0 0 0 0   0 0 0
143 1 2 0 9 2.44188e-07 0.00624729 -0.00743608 14.4 -0.0135106 0.00272036 0.172709 -0.0499762 0.221476 0.000568684 1.0000 0 0 0 0   0 0 0
144 1 2 0 9 2.44268e-07 0.00930565 0.000574171 14.4 -0.00345453 0.00663308 0.194088 -0.074442 0.157371 -4.39637e-05 1.0000 0 0 0 0   0 0 0
145 1 2 0 9 2.44205e-07 0.0100867 -0.019507 14.4 -0.0049539 -0.00740595 0.188863 -0.0807576 0.31832 0.00148071 1.0000 0 0 0 0   0 0 0
146 1 2 0 9 2.44338e-07 -0.0027316 0.00508979 14.4 0.00109161 0.00792106 0.192229 0.0218519 0.121259 -0.000389499 1.0000 0 0 0 0   0 0 0
147 1 2 0 9 2.44298e-07 0.00335089 -0.0124178 14.4 -0.00877719 -0.0084759 0.194153 -0.026806 0.261374 0.000947486 1.0000 0 0 0 0   0 0 0
148 1 2 0 9 2.44279e-07 -0.0143972 0.00379891 14.4 -0.00890828 0.000822951 0.196079 0.115173 0.13158 -0.000290805 1.0000 0 0 0 0   0 0 0
149 1 2 0 9 2.44254e-07 0.00907389 -0.00497831 14.4 -0.019109 0.0104592 0.187431 -0.072588 0.2018 0.000380976 1.0000 0 0 0 0   0 0 0
150 1 2 0 9 2.44178e-07 0.0143461 -0.0275062 14.4 -0.0131963 -0.00481325 0.188088 -0.114952 0.382717 0.00206978 1.0000 0 0 0 0   0 0 0
151 1 2 0 9 2.44164e-07 0.00193416 -0.00984756 14.4 -0.01372 0.00369619 0.190394 -0.0154726 0.240786 0.000752384 1.0000 0 0 0 0   0 0 0
152 1 2 0 9 2.44207e-07 0.00518855 -0.0325028 14.4 -0.011537 0.00278089 0.18859 -0.0415794 0.42292 0.00242884 1.0000 0 0 0 0   0 0 0
153 1 2 0 9 2.43685e-07 -0.0167681 -0.00506142 14.4 0.0211538 0.0293774 0.219835 0.134157 0.202471 0.00038733 1.0000 0 0 0 0   0 0 0
154 1 2 0 9 2.43666e-07 -0.0447525 0.024118 14.4 0.0058999 -0.000331388 0.251568 0.359749 -0.0316414 -0.00182219 1.0000 0 0 0 0   0 0 0
155 1 2 0 9 2.43599e-07 -0.0292535 -0.0388349 14.4 -0.00914091 0.0169017 0.233544 0.235084 0.474741 0.00287133 1.0000 0 0 0 0   0 0 0
156 1 2 0 9 2.43694e-07 -0.0216269 0.00203406 14.4 -0.0123019 0.0123456 0.186661 0.173147 0.145681 -0.000155741 1.0000 0 0 0 0   0 0 0
157 1 2 0 9 2.43647e-07 0.0174183 -0.0226247 14.4 -0.0217993 -0.00184005 0.226297 -0.139546 0.343458 0.00171216 1.0000 0 0 0 0   0 0 0
158 1 2 0 9 2.436e-07 0.0163337 -0.0148781 14.4 -0.0126901 0.0195563 0.209918 -0.130775 0.281188 0.00113347 1.0000 0 0 0 0   0 0 0
159 1 2 0 9 2.43614e-07 0.000133221 -0.0261352 14.4 -0.00603117 0.0295554 0.211422 -0.00106708 0.371621 0.00196997 1.0000 0 0 0 0   0 0 0
160 1 2 0 9 2.43758e-07 -0.0237375 -0.0322817 14.4 0.0133807 0.0251366 0.245275 0.190503 0.42152 0.00241307 1.0000 0 0 0 0   0 0 0
161 1 2 0 9 2.43597e-07 -0.0147026 -0.0105929 14.4 0.000877273 0.0259764 0.21554 0.117645 0.246777 0.00080902 1.0000 0 0 0 0   0 0 0
162 1 2 0 9 2.4375e-07 -0.0082048 -0.00668565 14.4 -0.0224739 0.00672497 0.205722 0.0656356 0.215468 0.000511399 1.0000 0 0 0 0   0 0 0
163 1 2 0 9 2.44335e-07 0.0147373 -0.0166165 14.4 0.0104963 -0.0124543 0.184166 -0.117995 0.295134 0.00126431 1.0000 0 0 0 0   0 0 0
164 1 2 0 9 2.444e-07 -0.00138325 -0.00674074 14.4 0.00148138 -0.0173353 0.178888 0.0110656 0.215909 0.000515604 1.0000 0 0 0 0   0 0 0
165 1 2 0 9 2.43925e-07 -0.0459027 -0.00128453 14.4 -0.015632 0.00180258 0.171151 0.368743 0.172283 9.83547e-05 1.0000 0 0 0 0   0 0 0
166 1 2 0 9 2.44397e-07 0.00743893 -0.0278201 14.4 0.0116729 -0.012901 0.181237 -0.0595975 0.385206 0.00209254 1.0000 0 0 0 0   0 0 0
167 1 2 0 9 2.44238e-07 -0.00111853 -0.0006813 14.4 -0.0302708 -0.040398 0.177499 0.00894783 0.167414 5.21661e-05 1.0000 0 0 0 0   0 0 0
168 1 2 0 9 2.4439e-07 0.00223357 -0.0174161 14.4 -0.00276656 0.00532417 0.181826 -0.0178703 0.301447 0.00132437 1.0000 0 0 0 0   0 0 0
169 1 2 0 9 2.44307e-07 -0.000522283 -0.0131187 14.4 0.00541378 -0.0160335 0.175669 0.00417808 0.266989 0.00100058 1.0000 0 0 0 0   0 0 0
170 1 2 0 9 2.44399e-07 -0.0101082 -0.0221301 14.4 0.0167473 -0.0116658 0.177018 0.0809515 0.33942 0.00167555 1.0000 0 0 0 0   0 0 0
171 1 2 0 9 2.443e-07 -0.0148392 -0.00482381 14.4 -0.00312418 -0.00508494 0.180472 0.118708 0.200564 0.000369164 1.0000 0 0 0 0   0 0 0
172 1 2 0 9 2.44294e-07 -0.00688378 -0.00716377 14.4 -0.00715743 -0.02009 0.174881 0.0550679 0.219295 0.000547897 1.0000 0 0 0 0   0 0 0
174 1 2 0 9 2.43584e-07 -0.0106975 0.00549048 14.4 -0.0205137 0.00097921 0.21211 0.0855767 0.118056 -0.000420133 1.0000 0 0 0 0   0 0 0
175 1 2 0 9 2.45416e-07 -0.00934382 -0.021038 14.4 0.0400714 -0.0384303 0.203344 0.0748191 0.330628 0.00159468 1.0000 0 0 0 0   0 0 0
176 1 2 0 9 2.43696e-07 -0.0263691 0.0246745 14.4 -0.0119465 -0.00917554 0.251827 0.211447 -0.0356125 -0.00186312 1.0000 0 0 0 0   0 0 0
177 1 2 0 9 2.43594e-07 0.018417 0.0258684 14.4 -0.025744 -0.0186235 0.231805 -0.147578 -0.0450119 -0.00195047 1.0000 0 0 0 0   0 0 0
178 1 2 0 9 2.43555e-07 0.050368 -0.0505992 14.4 -0.0280781 0.0171819 0.242119 -0.407161 0.572164 0.00364843 1.0000 0 0 0 0   0 0 0
179 1 2 0 9 2.43541e-07 -0.00289723 0.00716768 14.4 -0.0139762 0.00127982 0.206391 0.0231769 0.104649 -0.000548196 1.0000 0 0 0 0   0 0 0
180 1 2 0 9 2.43692e-07 0.0454151 -0.0393268 14.4 -0.039335 0.0195356 0.255279 -0.366015 0.479624 0.00290501 1.0000 0 0 0 0   0 0 0
181 1 2 0 9 2.44329e-07 0.0091703 -0.0163412 14.4 0.00501049 -0.00453603 0.168659 -0.0733855 0.292859 0.00124362 1.0000 0 0 0 0   0 0 0
182 1 2 0 9 2.44313e-07 -0.00508353 -0.0142921 14.4 -0.00017602 0.0328156 0.167436 0.0406665 0.276391 0.00108924 1.0000 0 0 0 0   0 0 0
183 1 2 0 9 2.44305e-07 -0.00307513 0.00582342 14.4 -0.00638976 0.0184525 0.189855 0.0246 0.115394 -0.00044558 1.0000 0 0 0 0   0 0 0
184 1 2 0 9 2.44309e-07 0.00190974 -0.011467 14.4 0.00719979 0.0338864 0.168079 -0.0152772 0.253757 0.000875447 1.0000 0 0 0 0   0 0 0
185 1 2 0 9 2.44325e-07 0.018443 -0.0145869 14.4 0.00414605 0.00261026 0.179594 -0.147688 0.278872 0.0011115 1.0000 0 0 0 0   0 0 0
186 1 2 0 9 2.4443e-07 0.021749 -0.0198974 14.4 -0.0086094 -0.00524497 0.175024 -0.174252 0.321565 0.00150977 1.0000 0 0 0 0   0 0 0
187 1 2 0 9 2.44299e-07 -0.00189749 0.00219534 14.4 0.00777519 -0.00836223 0.178423 0.0151792 0.144404 -0.000168084 1.0000 0 0 0 0   0 0 0
188 1 2 0 9 2.44121e-07 -0.0258703 -0.0225958 14.4 0.0169503 0.0195045 0.180089 0.207358 0.343314 0.00171002 1.0000 0 0 0 0   0 0 0
189 1 2 0 9 2.44352e-07 0.0134118 0.000450768 14.4 -0.00599385 -0.0115538 0.17494 -0.10729 0.158358 -3.45148e-05 1.0000 0 0 0 0   0 0 0
190 1 2 0 9 2.43807e-07 -0.0260604 -0.00167128 14.4 -0.00869737 -0.00546951 0.17518 0.208739 0.175352 0.000127967 1.0000 0 0 0 0   0 0 0
191 1 2 0 9 2.43967e-07 -0.0230452 -0.015467 14.4 5.39556e-05 -0.00527606 0.165313 0.184613 0.28598 0.00117789 1.0000 0 0 0 0   0 0 0
192 1 2 0 9 2.44104e-07 -0.00011179 -0.0144539 14.4 0.0186685 -0.0035331 0.167876 0.000894283 0.277688 0.00110146 1.0000 0 0 0 0   0 0 0
193 1 2 0 9 2.44295e-07 0.00892823 -0.0194941 14.4 0.0198404 0.0304426 0.17802 -0.0714775 0.318206 0.00147975 1.0000 0 0 0 0   0 0 0
194 1 2 0 9 2.44319e-07 0.0140222 0.00168675 14.4 0.00542752 0.00574584 0.179963 -0.112173 0.148471 -0.000129152 1.0000 0 0 0 0   0 0 0
195 1 2 0 9 2.43965e-07 0.00208417 -0.0147687 14.4 -0.00862467 -0.0100834 0.162705 -0.0166727 0.28021 0.00112522 1.0000 0 0 0 0   0 0 0
196 1 2 0 9 2.43743e-07 -0.0149287 -0.0396113 14.4 -0.00483716 -0.0247959 0.189587 0.119857 0.480713 0.00292449 1.0000 0 0 0 0   0 0 0
197 1 2 0 9 2.44111e-07 -0.0178088 -0.028091 14.4 0.00122311 0.00183768 0.174096 0.142717 0.387447 0.00211218 1.0000 0 0 0 0   0 0 0
198 1 2 0 9 2.43931e-07 -0.00383014 0.0153617 14.4 -0.01163 0.08454 0.214854 0.0306398 0.0391847 -0.00116998 1.0000 0 0 0 0   0 0 0
199 1 2 0 9 2.44134e-07 0.00281626 -0.0155238 14.4 -0.0101723 0.00726878 0.164941 -0.0225291 0.286261 0.00118217 1.0000 0 0 0 0   0 0 0
200 1 2 0 9 2.44323e-07 -0.0109877 0.00892556 14.4 0.00164476 0.0178807 0.186481 0.0878975 0.0905995 -0.000682193 1.0000 0 0 0 0   0 0 0
0 1 2 0 10 2.50934e-07 -0.00641636 -0.0113534 16.2 0 0 0.204 0 0 0 1.0000 0 0 0 0   0 0 0
1 1 2 0 10 2.51226e-07 -0.0450567 -0.0263368 16.2 -0.000865328 -0.0151701 0.20803 0.362351 0.37409 0.00198469 1.0000 0 0 0 0   0 0 0
2 1 2 0 10 2.51109e-07 -0.00278495 -0.000719347 16.2 0.00915836 -0.0139005 0.201944 0.0222787 0.167719 5.50793e-05 1.0000 0 0 0 0   0 0 0
3 1 2 0 10 2.51082e-07 -0.050759 -0.0243095 16.2 0.009841 -0.00641277 0.205971 0.408693 0.35797 0.00183627 1.0000 0 0 0 0   0 0 0
4 1 2 0 10 2.51089e-07 -0.00919284 -0.0459238 16.2 0.00151107 0.00467288 0.204696 0.073857 0.531892 0.0033475 1.0000 0 0 0 0   0 0 0
5 1 2 0 10 2.51061e-07 -0.0376704 -0.021434 16.2 0.00206486 -0.00646092 0.208995 0.302493 0.334292 0.00162402 1.0000 0 0 0 0   0 0 0
6 1 2 0 10 2.51148e-07 -0.00117711 -0.0181489 16.2 0.0111578 0.00375333 0.195701 0.00941889 0.30734 0.00137921 1.0000 0 0 0 0   0 0 0
7 1 2 0 10 2.51054e-07 -0.0447598 0.00135756 16.2 0.00334735 -0.0015328 0.200262 0.359502 0.151061 -0.000103947 1.0000 0 0 0 0   0 0 0
8 1 2 0 10 2.51019e-07 -0.00666405 -0.0159942 16.2 0.00974056 -0.0111329 0.199477 0.0533151 0.290044 0.00121753 1.0000 0 0 0 0   0 0 0
9 1 2 0 10 2.5129e-07 -0.0367009 -0.027147 16.2 -0.000139781 0.00336737 0.212708 0.294813 0.380373 0.00204373 1.0000 0 0 0 0   0 0 0
10 1 2 0 10 2.51172e-07 0.0206884 -0.0327331 16.2 0.0253181 -0.0343256 0.205577 -0.16599 0.425087 0.0024452 1.0000 0 0 0 0   0 0 0
11 1 2 0 10 2.51085e-07 0.00353181 0.01272 16.2 0.0220411 -0.0499599 0.189864 -0.0282532 0.0602834 -0.00097038 1.0000 0 0 0 0   0 0 0
12 1 2 0 10 2.5106e-07 0.000157375 0.000700637 16.2 -0.0123326 0.0338906 0.18073 -0.00125895 0.156359 -5.3647e-05 1.0000 0 0 0 0   0 0 0
14 1 2 0 10 2.51049e-07 0.0222145 -0.0073708 16.2 0.018464 0.0280892 0.187813 -0.177887 0.221012 0.000563701 1.0000 0 0 0 0   0 0 0
15 1 2 0 10 2.51306e-07 0.0252112 -0.026237 16.2 -0.0319257 0.00654961 0.184111 -0.202175 0.372685 0.00197741 1.0000 0 0 0 0   0 0 0
16 1 2 0 10 2.51194e-07 0.0237121 -0.0189334 16.2 -0.0165433 0.0268969 0.179486 -0.189991 0.313833 0.00143791 1.0000 0 0 0 0   0 0 0
17 1 2 0 10 2.51363e-07 0.0266238 -0.0194561 16.2 -0.0234827 0.00863734 0.180339 -0.213356 0.318055 0.00147692 1.0000 0 0 0 0   0 0 0
18 1 2 0 10 2.51259e-07 0.00259445 0.0227271 16.2 0.00421707 0.000984481 0.194426 -0.0207743 -0.0197763 -0.00171974 1.0000 0 0 0 0   0 0 0
19 1 2 0 10 2.50983e-07 -0.0136828 -0.0038079 16.2 0.00876242 -0.0056999 0.191237 0.109457 0.192432 0.000291492 1.0000 0 0 0 0   0 0 0
20 1 2 0 10 2.50828e-07 0.000225474 0.0212959 16.2 -0.0076055 0.0174362 0.193202 -0.00180506 -0.00831209 -0.0016138 1.0000 0 0 0 0   0 0 0
21 1 2 0 10 2.5094e-07 -0.00976875 0.0233483 16.2 0.0198818 -0.00271831 0.211732 0.0782403 -0.0247853 -0.00176557 1.0000 0 0 0 0   0 0 0
22 1 2 0 10 2.50989e-07 -0.00342569 -0.00882932 16.2 0.00170729 -0.0151995 0.202847 0.0274044 0.232632 0.000674861 1.0000 0 0 0 0   0 0 0
23 1 2 0 10 2.50995e-07 0.0307985 -0.0200523 16.2 -0.0118438 0.00195411 0.214888 -0.247002 0.322969 0.0015213 1.0000 0 0 0 0   0 0 0
24 1 2 0 10 2.51033e-07 -0.00121877 0.0228274 16.2 0.00885688 -0.0103356 0.207578 0.00975891 -0.020577 -0.00172716 1.0000 0 0 0 0   0 0 0
25 1 2 0 10 2.50801e-07 -0.0159676 -0.0264932 16.2 -0.0218799 -0.00633169 0.194317 0.127944 0.374573 0.00199612 1.0000 0 0 0 0   0 0 0
26 1 2 0 10 2.50984e-07 0.00642885 0.0413225 16.2 0.00649468 0.0359017 0.231084 -0.0516106 -0.168984 -0.00304084 1.0000 0 0 0 0   0 0 0
27 1 2 0 10 2.5092e-07 6.15116e-05 0.00410509 16.2 0.0106944 -0.00981223 0.181726 -0.000492072 0.129132 -0.000314216 1.0000 0 0 0 0   0 0 0
28 1 2 0 10 2.51341e-07 -0.0135383 0.0154216 16.2 0.00135302 -0.025463 0.181374 0.108371 0.0386277 -0.00117449 1.0000 0 0 0 0   0 0 0
29 1 2 0 10 2.51359e-07 0.000851311 0.0439582 16.2 -0.00765422 -0.00393411 0.197794 -0.00683671 -0.190167 -0.00321772 1.0000 0 0 0 0   0 0 0
30 1 2 0 10 2.51762e-07 0.0275353 -0.0312364 16.2 0.0153355 -0.0171648 0.190811 -0.221045 0.413173 0.00233853 1.0000 0 0 0 0   0 0 0
31 1 2 0 10 2.51342e-07 -0.0429094 0.00489759 16.2 -0.00728754 -0.0102121 0.191284 0.344554 0.122648 -0.000374805 1.0000 0 0 0 0   0 0 0
32 1 2 0 10 2.5142e-07 0.00139033 -0.00521434 16.2 -9.21285e-06 -0.0170158 0.184172 -0.0111221 0.203689 0.000399021 1.0000 0 0 0 0   0 0 0
33 1 2 0 10 2.51316e-07 -0.00105043 -0.00383572 16.2 0.00964029 -0.00929379 0.188222 0.0084031 0.192655 0.000293622 1.0000 0 0 0 0   0 0 0
34 1 2 0 10 2.51041e-07 0.0548753 -0.0188699 16.2 -0.0503739 0.00569408 0.1872 -0.442037 0.314133 0.00143316 1.0000 0 0 0 0   0 0 0
35 1 2 0 10 2.51746e-07 -0.0979246 -0.0499079 16.2 -0.103065 -0.0308303 0.130961 0.803387 0.572555 0.00360483 1.0000 0 0 0 0   0 0 0
36 1 2 0 10 2.51346e-07 0.0102239 -0.00899534 16.2 0.00752956 -0.011968 0.19372 -0.0817875 0.233961 0.000687509 1.0000 0 0 0 0   0 0 0
37 1 2 0 10 2.51152e-07 0.00761902 0.0113379 16.2 -0.0283542 0.0255515 0.179541 -0.0609496 0.0713246 -0.000865629 1.0000 0 0 0 0   0 0 0
38 1 2 0 10 2.5088e-07 0.0163544 0.00954371 16.2 -0.00458471 -0.00232988 0.194615 -0.130881 0.0856297 -0.000729285 1.0000 0 0 0 0   0 0 0
40 1 2 0 10 2.50742e-07 -0.00530441 0.000237566 16.2 0.0144438 0.000880232 0.204396 0.0424334 0.160063 -1.81902e-05 1.0000 0 0 0 0   0 0 0
41 1 2 0 10 2.50851e-07 0.0164026 -0.0109369 16.2 -0.0200231 0.0130046 0.178779 -0.131283 0.249556 0.000835159 1.0000 0 0 0 0   0 0 0
42 1 2 0 10 2.50892e-07 0.0117234 0.010753 16.2 -0.021699 -0.00781767 0.193129 -0.0937829 0.0759977 -0.000821185 1.0000 0 0 0 0   0 0 0
43 1 2 0 10 2.50654e-07 -0.0147652 0.00158811 16.2 -0.00801082 0.00519991 0.157258 0.118117 0.14926 -0.000121599 1.0000 0 0 0 0   0 0 0
44 1 2 0 10 2.50749e-07 0.00103016 0.00992404 16.2 0.00379296 -0.000180341 0.179727 -0.00824096 0.0826207 -0.000758196 1.0000 0 0 0 0   0 0 0
45 1 2 0 10 2.51157e-07 0.0208039 -0.00702518 16.2 -0.0402154 0.0405862 0.180048 -0.166562 0.218233 0.000537317 1.0000 0 0 0 0   0 0 0
46 1 2 0 10 2.50666e-07 0.0181786 -0.0438781 16.2 -0.0122952 0.00217599 0.17693 -0.146063 0.515406 0.00321238 1.0000 0 0 0 0   0 0 0
47 1 2 0 10 2.50313e-07 -0.00258822 0.0170309 16.2 0.0261115 -0.021469 0.20804 0.0207064 0.0258471 -0.00129547 1.0000 0 0 0 0   0 0 0
48 1 2 0 10 2.50672e-07 0.0464303 -0.0476726 16.2 0.00358722 -0.00726921 0.194286 -0.37471 0.547742 0.00346134 1.0000 0 0 0 0   0 0 0
49 1 2 0 10 2.50633e-07 0.0129225 -0.00335358 16.2 0.0115586 0.0233667 0.177875 -0.103376 0.188796 0.000256724 1.0000 0 0 0 0   0 0 0
50 1 2 0 10 2.50548e-07 -0.0947566 -0.0263887 16.2 0.0278495 0.00558342 0.282583 0.773321 0.377649 0.00198848 1.0000 0 0 0 0   0 0 0
51 1 2 0 10 2.51664e-07 0.0131595 -0.000226178 16.2 0.014417 -0.0333355 0.198322 -0.105272 0.163773 1.7318e-05 1.0000 0 0 0 0   0 0 0
52 1 2 0 10 2.51571e-07 0.016251 -0.000944936 16.2 -0.0346697 -0.0172616 0.201545 -0.130002 0.169523 7.23524e-05 1.0000 0 0 0 0   0 0 0
53 1 2 0 10 2.50941e-07 0.0429087 -0.0144089 16.2 -0.00787796 -0.00540122 0.203579 -0.344659 0.277798 0.00109806 1.0000 0 0 0 0   0 0 0
54 1 2 0 10 2.50904e-07 0.0261137 -0.0245034 16.2 -0.0148948 -0.00537632 0.188544 -0.209385 0.358716 0.00185054 1.0000 0 0 0 0   0 0 0
55 1 2 0 10 2.50929e-07 0.0110898 -0.0150628 16.2 0.00184571 -0.00918387 0.177971 -0.088746 0.282609 0.00114742 1.0000 0 0 0 0   0 0 0
56 1 2 0 10 2.51013e-07 0.00775538 -0.0216284 16.2 -0.00221106 -0.0118122 0.191048 -0.0620996 0.335366 0.00163841 1.0000 0 0 0 0   0 0 0
57 1 2 0 10 2.50866e-07 -0.0119713 0.00575058 16.2 0.00307884 -0.021905 0.182992 0.095766 0.115976 -0.000440018 1.0000 0 0 0 0   0 0 0
58 1 2 0 10 2.50842e-07 0.0117462 -0.00463723 16.2 0.0040629 -0.00472851 0.177322 -0.0939654 0.19907 0.000354899 1.0000 0 0 0 0   0 0 0
59 1 2 0 10 2.51019e-07 -0.00601136 0.000264836 16.2 0.00506745 -0.00558637 0.201951 0.0480888 0.159845 -2.02783e-05 1.0000 0 0 0 0   0 0 0
60 1 2 0 10 2.50938e-07 0.0109941 -0.0180361 16.2 -0.00208248 -0.0014598 0.190379 -0.088013 0.306503 0.00137077 1.0000 0 0 0 0   0 0 0
61 1 2 0 10 2.50995e-07 -0.00210803 -0.0218345 16.2 -0.00215572 -0.0123746 0.188283 0.0168775 0.336999 0.00165367 1.0000 0 0 0 0   0 0 0
62 1 2 0 10 2.51029e-07 0.00818194 -0.0241351 16.2 -0.00743375 0.00854871 0.176434 -0.0655323 0.355542 0.00182344 1.0000 0 0 0 0   0 0 0
63 1 2 0 10 2.50913e-07 0.0171967 -0.0224898 16.2 -0.00927936 -0.0102174 0.179944 -0.137768 0.342372 0.00170218 1.0000 0 0 0 0   0 0 0
64 1 2 0 10 2.50675e-07 -0.0225385 -0.0417409 16.2 -0.0025359 0.00789136 0.179691 0.181093 0.498148 0.00306915 1.0000 0 0 0 0   0 0 0
65 1 2 0 10 2.51134e-07 0.0288342 -0.0306393 16.2 -0.0581758 -0.0299681 0.17133 -0.23149 0.408381 0.0022959 1.0000 0 0 0 0   0 0 0
66 1 2 0 10 2.50482e-07 -0.0130429 -0.0415675 16.2 -0.0145194 -0.0274477 0.192226 0.104738 0.496559 0.00305742 1.0000 0 0 0 0   0 0 0
67 1 2 0 10 2.50552e-07 0.00945872 -0.0420851 16.2 -0.00740212 -0.0063318 0.176818 -0.075951 0.500711 0.00309244 1.0000 0 0 0 0   0 0 0
68 1 2 0 10 2.50769e-07 0.0162915 -0.0228791 16.2 -0.0118025 -0.0331815 0.174381 -0.130514 0.345495 0.00173099 1.0000 0 0 0 0   0 0 0
69 1 2 0 10 2.50456e-07 -0.00293147 -0.013934 16.2 -0.00998949 0.0544635 0.217838 0.0234508 0.273521 0.00106221 1.0000 0 0 0 0   0 0 0
70 1 2 0 10 2.50464e-07 -0.0106228 0.00149056 16.2 0.0121744 -0.0433245 0.207914 0.0849784 0.150041 -0.00011413 1.0000 0 0 0 0   0 0 0
71 1 2 0 10 2.50329e-07 0.0195568 -0.0214822 16.2 -0.0131533 -0.0066637 0.23483 -0.156684 0.334288 0.00162759 1.0000 0 0 0 0   0 0 0
72 1 2 0 10 2.50765e-07 -0.0121862 -0.0493566 16.2 -0.0242788 -0.00204425 0.186832 0.0979604 0.559839 0.00356952 1.0000 0 0 0 0   0 0 0
73 1 2 0 10 2.50581e-07 -0.0116154 -0.0377557 16.2 -0.00960607 -0.0495211 0.198069 0.0932081 0.465594 0.00279695 1.0000 0 0 0 0   0 0 0
74 1 2 0 10 2.51011e-07 -0.017236 -0.0195771 16.2 -0.00239109 0.00158223 0.202952 0.138057 0.318951 0.00148593 1.0000 0 0 0 0   0 0 0
75 1 2 0 10 2.51112e-07 0.0148185 0.00622371 16.2 0.00855565 -0.00881767 0.187747 -0.118543 0.112194 -0.000476136 1.0000 0 0 0 0   0 0 0
76 1 2 0 10 2.50979e-07 -0.0146148 0.00936658 16.2 0.00886596 -0.0111578 0.180393 0.116925 0.0870676 -0.000715791 1.0000 0 0 0 0   0 0 0
77 1 2 0 10 2.51075e-07 -0.00593547 -0.00222225 16.2 0.00262607 -0.0077505 0.196385 0.0474817 0.179743 0.000170143 1.0000 0 0 0 0   0 0 0
78 1 2 0 10 2.51178e-07 -0.0303451 -0.0162153 16.2 0.00316876 -0.0106942 0.200369 0.243229 0.292059 0.00123415 1.0000 0 0 0 0   0 0 0
79 1 2 0 10 2.5107e-07 0.0105692 -0.0185217 16.2 0.00479006 -0.00173555 0.19278 -0.0846138 0.310402 0.00140711 1.0000 0 0 0 0   0 0 0
80 1 2 0 10 2.51142e-07 0.000354357 -0.0134116 16.2 -0.00256885 0.00524953 0.183923 -0.00283473 0.269336 0.00102277 1.0000 0 0 0 0   0 0 0
81 1 2 0 10 2.51103e-07 -0.0414246 -0.00215566 16.2 0.00541982 -0.0169107 0.202019 0.332535 0.17927 0.000165047 1.0000 0 0 0 0   0 0 0
82 1 2 0 10 2.51013e-07 0.0064946 -0.00315116 16.2 -0.00506037 -0.00344499 0.194643 -0.0519546 0.187177 0.000241232 1.0000 0 0 0 0   0 0 0
83 1 2 0 10 2.51084e-07 -0.0115816 -0.0182932 16.2 0.0100375 -0.000717123 0.190388 0.0927221 0.308575 0.00139 1.0000 0 0 0 0   0 0 0
84 1 2 0 10 2.50716e-07 0.00563664 -0.00583238 16.2 -0.0257296 0.0034245 0.173236 -0.0450912 0.208636 0.000446263 1.0000 0 0 0 0   0 0 0
85 1 2 0 10 2.50929e-07 -0.00757628 0.0035431 16.2 -0.0215365 0.00105166 0.195944 0.0606077 0.133626 -0.000271228 1.0000 0 0 0 0   0 0 0
86 1 2 0 10 2.50923e-07 0.00516733 0.00770478 16.2 -0.00772802 -0.0192134 0.184452 -0.0413369 0.100356 -0.000589192 1.0000 0 0 0 0   0 0 0
87 1 2 0 10 2.50895e-07 0.0246596 0.00180042 16.2 -0.0112996 -0.00306299 0.194607 -0.197493 0.147546 -0.000137856 1.0000 0 0 0 0   0 0 0
88 1 2 0 10 2.50982e-07 0.0413814 0.0057628 16.2 -0.0109256 0.00276403 0.200074 -0.332206 0.115716 -0.000440952 1.0000 0 0 0 0   0 0 0
89 1 2 0 10 2.50962e-07 -0.0326272 -0.0224713 16.2 -0.016692 -0.0142334 0.207689 0.261824 0.342525 0.0017008 1.0000 0 0 0 0   0 0 0
90 1 2 0 10 2.50747e-07 -0.00109382 -0.0355982 16.2 0.00683575 0.0170445 0.181021 0.00877004 0.44797 0.00264693 1.0000 0 0 0 0   0 0 0
91 1 2 0 10 2.5097e-07 -0.0117998 -0.012747 16.2 -0.0102922 0.00887148 0.187727 0.094404 0.264022 0.000972422 1.0000 0 0 0 0   0 0 0
92 1 2 0 10 2.50956e-07 -0.00322354 -0.00876338 16.2 -0.00632426 0.00404266 0.177941 0.0257872 0.232104 0.000669838 1.0000 0 0 0 0   0 0 0
93 1 2 0 10 2.51153e-07 -0.023193 0.00386918 16.2 0.00784295 0.0159229 0.208126 0.185724 0.130987 -0.00029618 1.0000 0 0 0 0   0 0 0
94 1 2 0 10 2.51093e-07 0.00172734 -0.0100402 16.2 0.00582571 -0.0138205 0.196383 -0.0138181 0.242329 0.00076702 1.0000 0 0 0 0   0 0 0
95 1 2 0 10 2.51249e-07 -0.0206421 0.031234 16.2 0.0197087 -0.00386321 0.210696 0.165574 -0.0881168 -0.00233836 1.0000 0 0 0 0   0 0 0
96 1 2 0 10 2.51344e-07 -0.0144741 0.00726921 16.2 0.0222175 0.0155836 0.205903 0.115788 0.103837 -0.000555946 1.0000 0 0 0 0   0 0 0
97 1 2 0 10 2.51126e-07 0.0038682 -0.00528112 16.2 0.00627813 -0.00954482 0.192708 -0.0309443 0.204224 0.000404127 1.0000 0 0 0 0   0 0 0
98 1 2 0 10 2.51188e-07 -0.00402499 0.00178437 16.2 0.023985 -0.00531311 0.201048 0.0321985 0.147691 -0.000136627 1.0000 0 0 0 0   0 0 0
99 1 2 0 10 2.51011e-07 -0.015066 0.00153266 16.2 0.0134859 0.00546374 0.182651 0.120523 0.149704 -0.000117354 1.0000 0 0 0 0   0 0 0
100 1 2 0 10 2.51056e-07 -0.0406666 0.00656274 16.2 0.00796295 0.00768777 0.203133 0.326433 0.109304 -0.000502016 1.0000 0 0 0 0   0 0 0
101 1 2 0 10 2.51175e-07 0.00872806 -0.0164788 16.2 0.0149081 -0.013095 0.192573 -0.0698454 0.293961 0.00125396 1.0000 0 0 0 0   0 0 0
102 1 2 0 10 2.51081e-07 -0.0399788 -0.0169267 16.2 0.0184306 -0.00738778 0.206709 0.321034 0.29802 0.00128763 1.0000 0 0 0 0   0 0 0
103 1 2 0 10 2.50364e-07 -0.0116019 -0.0294852 16.2 0.00575984 0.0259412 0.20403 0.0929671 0.398636 0.00221288 1.0000 0 0 0 0   0 0 0
104 1 2 0 10 2.51091e-07 0.00411686 -0.0120779 16.2 0.0126757 -0.0144093 0.163553 -0.0329335 0.258651 0.000921737 1.0000 0 0 0 0   0 0 0
105 1 2 0 10 2.50808e-07 -0.00579501 0.0246559 16.2 -0.00894119 -0.0313591 0.17509 0.0464138 -0.0352293 -0.00186175 1.0000 0 0 0 0   0 0 0
106 1 2 0 10 2.50355e-07 -0.00142998 -0.0067804 16.2 -0.0198971 0.0106801 0.179094 0.0114393 0.216226 0.000518631 1.0000 0 0 0 0   0 0 0
108 1 2 0 10 2.50336e-07 0.00877764 -0.0130916 16.2 -0.0269184 0.00550422 0.192022 -0.0702181 0.266772 0.000998525 1.0000 0 0 0 0   0 0 0
109 1 2 0 10 2.51021e-07 0.0185929 0.0122604 16.2 -0.0509992 -0.0251347 0.175789 -0.148867 0.0638698 -0.000935557 1.0000 0 0 0 0   0 0 0
110 1 2 0 10 2.50399e-07 0.0210676 -0.00473079 16.2 -0.00351568 0.0330901 0.194104 -0.168666 0.199849 0.000362052 1.0000 0 0 0 0   0 0 0
111 1 2 0 10 2.50415e-07 0.00836718 0.000756103 16.2 -0.0091711 0.0373216 0.194058 -0.0669346 0.155915 -5.7894e-05 1.0000 0 0 0 0   0 0 0
112 1 2 0 10 2.50892e-07 0.00712989 -0.00661104 16.2 -0.0415859 -0.0236561 0.163442 -0.0570367 0.21487 0.000505703 1.0000 0 0 0 0   0 0 0
113 1 2 0 10 2.50372e-07 0.0134633 -0.0393869 16.2 -0.00837558 0.00892657 0.234211 -0.108079 0.478865 0.00290913 1.0000 0 0 0 0   0 0 0
114 1 2 0 10 2.50552e-07 0.01055 -0.0198591 16.2 -0.010696 -0.012089 0.263837 -0.0844719 0.321156 0.00150692 1.0000 0 0 0 0   0 0 0
115 1 2 0 10 2.50874e-07 0.0126446 -0.0152736 16.2 -0.0151522 0.0203591 0.166404 -0.101206 0.284321 0.00116333 1.0000 0 0 0 0   0 0 0
116 1 2 0 10 2.50533e-07 0.0128153 -0.0278761 16.2 0.0190788 -0.0338962 0.193929 -0.102684 0.385685 0.0020966 1.0000 0 0 0 0   0 0 0
117 1 2 0 10 2.50984e-07 0.0210113 -0.0361982 16.2 0.017947 -0.0059808 0.198767 -0.168679 0.453169 0.00268891 1.0000 0 0 0 0   0 0 0
118 1 2 0 10 2.50982e-07 -0.0310749 -0.0664649 16.2 -0.00888156 0.014254 0.276928 0.251373 0.701603 0.00457865 1.0000 0 0 0 0   0 0 0
119 1 2 0 10 2.50463e-07 0.0126898 -0.0235905 16.2 0.0109405 -0.0188516 0.183043 -0.101649 0.35119 0.00178338 1.0000 0 0 0 0   0 0 0
120 1 2 0 10 2.50716e-07 -0.0155421 -0.0111871 16.2 0.00322468 -0.00757023 0.272477 0.124385 0.251553 0.000854174 1.0000 0 0 0 0   0 0 0
121 1 2 0 10 2.50478e-07 -0.0156259 0.0201317 16.2 0.0159132 -0.054426 0.227769 0.125153 0.00091017 -0.00152722 1.0000 0 0 0 0   0 0 0
122 1 2 0 10 2.50539e-07 0.0341985 -0.03226 16.2 0.0121867 -0.00827651 0.187383 -0.274764 0.421635 0.00241153 1.0000 0 0 0 0   0 0 0
123 1 2 0 10 2.50612e-07 0.005156 -0.0324925 16.2 -0.0039332 -0.00316909 0.167698 -0.0413185 0.422837 0.00242811 1.0000 0 0 0 0   0 0 0
124 1 2 0 10 2.50594e-07 -0.0390301 -0.0220596 16.2 -0.0079584 -0.00150626 0.174767 0.313485 0.33937 0.00167033 1.0000 0 0 0 0   0 0 0
125 1 2 0 10 2.50346e-07 -0.0102568 0.00415773 16.2 0.00925192 -0.0229592 0.206066 0.082051 0.128711 -0.00031824 1.0000 0 0 0 0   0 0 0
126 1 2 0 10 2.50468e-07 0.000554971 -0.026628 16.2 -0.0268557 0.0298687 0.200675 -0.00444543 0.375589 0.00200597 1.0000 0 0 0 0   0 0 0
127 1 2 0 10 2.50432e-07 -0.00313697 0.000344324 16.2 -0.0118017 0.00675693 0.187208 0.0250947 0.159209 -2.63646e-05 1.0000 0 0 0 0   0 0 0
128 1 2 0 10 2.50333e-07 -0.0296269 -0.00859628 16.2 -0.0136418 0.00339193 0.227936 0.237391 0.230878 0.000657108 1.0000 0 0 0 0   0 0 0
129 1 2 0 10 2.50385e-07 -0.00592268 -0.00477513 16.2 -0.0225463 -0.0265134 0.204445 0.0473794 0.200174 0.000365442 1.0000 0 0 0 0   0 0 0
130 1 2 0 10 2.5042e-07 -0.0414967 -0.0334894 16.2 0.00463034 0.0103684 0.247241 0.333837 0.431902 0.00249864 1.0000 0 0 0 0   0 0 0
131 1 2 0 10 2.50352e-07 -0.000795128 -0.00969673 16.2 -0.0306997 0.0124046 0.185187 0.00636075 0.239578 0.000740923 1.0000 0 0 0 0   0 0 0
132 1 2 0 10 2.50327e-07 0.014388 -0.0184508 16.2 -0.0245362 0.00861298 0.221189 -0.115214 0.30987 0.0014018 1.0000 0 0 0 0   0 0 0
133 1 2 0 10 2.51197e-07 -0.0375874 0.0188545 16.2 0.00184432 -0.00344518 0.198479 0.301762 0.0107604 -0.00143201 1.0000 0 0 0 0   0 0 0
134 1 2 0 10 2.50974e-07 0.000901715 -0.00540655 16.2 -0.0465525 -0.00102754 0.176668 -0.00721341 0.205228 0.000413716 1.0000 0 0 0 0   0 0 0
135 1 2 0 10 2.51344e-07 -0.00942862 -0.0124203 16.2 0.0108079 -0.0126677 0.195365 0.0754257 0.261394 0.000947675 1.0000 0 0 0 0   0 0 0
136 1 2 0 10 2.51169e-07 -0.00717379 0.0205659 16.2 -0.00738108 0.000204708 0.188252 0.0574344 -0.00249296 -0.00155954 1.0000 0 0 0 0   0 0 0
137 1 2 0 10 2.51035e-07 -0.00407111 -0.00969852 16.2 -0.00909158 0.00170931 0.16885 0.0325675 0.239592 0.000741059 1.0000 0 0 0 0   0 0 0
138 1 2 0 10 2.51124e-07 -0.00700644 -0.0193236 16.2 -0.0261398 -0.0125302 0.178941 0.0560852 0.316819 0.00146706 1.0000 0 0 0 0   0 0 0
139 1 2 0 10 2.51095e-07 -0.0273107 -0.00169551 16.2 -0.0151432 -0.0162928 0.182746 0.218778 0.175547 0.000129823 1.0000 0 0 0 0   0 0 0
140 1 2 0 10 2.51317e-07 -0.0176969 -0.0325892 16.2 0.0163299 -0.00226223 0.192491 0.141939 0.423838 0.00243501 1.0000 0 0 0 0   0 0 0
141 1 2 0 10 2.51019e-07 -0.00205538 -0.0069207 16.2 -0.0192449 -0.010123 0.17317 0.0164423 0.217349 0.000529342 1.0000 0 0 0 0   0 0 0
142 1 2 0 10 2.51099e-07 0.0177917 -0.00960853 16.2 -0.0564678 0.0187389 0.178462 -0.142412 0.238917 0.00073422 1.0000 0 0 0 0   0 0 0
143 1 2 0 10 2.51232e-07 0.0125924 -0.0184709 16.2 -0.00158937 0.000360733 0.184647 -0.100824 0.310014 0.0014033 1.0000 0 0 0 0   0 0 0
144 1 2 0 10 2.51098e-07 -0.0149457 -0.0265601 16.2 0.00497608 -0.00232909 0.203571 0.119753 0.375104 0.00200101 1.0000 0 0 0 0   0 0 0
145 1 2 0 10 2.51091e-07 -0.00476644 0.0014472 16.2 0.00878736 -0.00691912 0.198367 0.0381299 0.150388 -0.00011081 1.0000 0 0 0 0   0 0 0
146 1 2 0 10 2.51168e-07 -0.0147651 -0.0284557 16.2 -0.00500642 0.00383591 0.203097 0.118317 0.390363 0.00213863 1.0000 0 0 0 0   0 0 0
147 1 2 0 10 2.51132e-07 -0.00441481 -0.00168868 16.2 0.00703278 -0.00249554 0.204739 0.035317 0.175474 0.0001293 1.0000 0 0 0 0   0 0 0
148 1 2 0 10 2.51109e-07 0.00668121 -0.0219838 16.2 -0.00252284 0.00676144 0.203453 -0.0534984 0.33822 0.00166472 1.0000 0 0 0 0   0 0 0
149 1 2 0 10 2.51174e-07 0.0103079 -0.0286508 16.2 0.0119208 -0.00312462 0.198266 -0.0825919 0.391909 0.00215278 1.0000 0 0 0 0   0 0 0
150 1 2 0 10 2.51108e-07 0.00815018 0.0049921 16.2 0.0119143 -0.0149999 0.196955 -0.0651986 0.12204 -0.00038203 1.0000 0 0 0 0   0 0 0
151 1 2 0 10 2.51053e-07 0.0088208 -0.0183596 16.2 0.00775573 -0.00455987 0.19693 -0.0706069 0.309082 0.00139498 1.0000 0 0 0 0   0 0 0
152 1 2 0 10 2.51125e-07 0.00628349 -0.00493565 16.2 0.00297756 -0.0206558 0.196988 -0.0502658 0.201459 0.000377715 1.0000 0 0 0 0   0 0 0
153 1 2 0 10 2.5046e-07 -0.0194008 -0.045066 16.2 -0.017469 -0.020281 0.193022 0.155916 0.525072 0.00329094 1.0000 0 0 0 0   0 0 0
154 1 2 0 10 2.50294e-07 0.0164853 -0.0388275 16.2 -0.0105372 0.0113009 0.220168 -0.132351 0.474385 0.00287083 1.0000 0 0 0 0   0 0 0
155 1 2 0 10 2.5034e-07 0.0144784 0.00124491 16.2 0.00104281 -0.0245189 0.203169 -0.115823 0.152006 -9.53211e-05 1.0000 0 0 0 0   0 0 0
156 1 2 0 10 2.50824e-07 0.0102476 -0.0194323 16.2 -0.0259187 0.00799716 0.166521 -0.0820458 0.317721 0.00147515 1.0000 0 0 0 0   0 0 0
157 1 2 0 10 2.50473e-07 0.000488741 0.00395241 16.2 0.0312602 -0.000340188 0.194909 -0.00390976 0.130353 -0.000302543 1.0000 0 0 0 0   0 0 0
158 1 2 0 10 2.50552e-07 0.0136483 -0.0292874 16.2 0.0220775 -0.00718031 0.177789 -0.109369 0.397054 0.00219865 1.0000 0 0 0 0   0 0 0
159 1 2 0 10 2.50494e-07 0.00708648 -0.0346145 16.2 0.0113141 -0.0239062 0.184711 -0.0568142 0.440032 0.0025781 1.0000 0 0 0 0   0 0 0
160 1 2 0 10 2.50388e-07 -0.010106 -0.0034014 16.2 -0.0140569 -0.0270613 0.218329 0.0808446 0.189179 0.000260383 1.0000 0 0 0 0   0 0 0
161 1 2 0 10 2.50421e-07 0.00376673 -0.0336619 16.2 -0.000790629 -0.0119138 0.18746 -0.0301878 0.432265 0.00251083 1.0000 0 0 0 0   0 0 0
162 1 2 0 10 2.50639e-07 0.0219301 -0.0164417 16.2 0.00480827 -0.00093994 0.187599 -0.175676 0.2938 0.00125117 1.0000 0 0 0 0   0 0 0
163 1 2 0 10 2.51239e-07 -0.024424 0.00907109 16.2 0.00597468 -0.00667072 0.199757 0.195631 0.0893446 -0.00069328 1.0000 0 0 0 0   0 0 0
164 1 2 0 10 2.51329e-07 -0.00301205 0.00934504 16.2 0.00117446 0.00611288 0.197272 0.0240953 0.0872472 -0.00071415 1.0000 0 0 0 0   0 0 0
165 1 2 0 10 2.51371e-07 -0.0292336 -1.3164e-05 16.2 -0.0701913 0.00834442 0.155127 0.234215 0.162069 1.0078e-06 1.0000 0 0 0 0   0 0 0
167 1 2 0 10 2.51432e-07 0.0503173 0.0123459 16.2 -0.01516 -0.00537319 0.196229 -0.40461 0.0627594 -0.000942039 1.0000 0 0 0 0   0 0 0
168 1 2 0 10 2.51303e-07 -0.0048303 -0.018385 16.2 0.00337578 -0.00876532 0.197656 0.0386563 0.309255 0.00139688 1.0000 0 0 0 0   0 0 0
169 1 2 0 10 2.5127e-07 -0.00600111 0.00690999 16.2 -0.00105753 -0.00594694 0.191449 0.0480068 0.106708 -0.000528525 1.0000 0 0 0 0   0 0 0
170 1 2 0 10 2.5133e-07 -0.0188758 0.00954674 16.2 -0.0161228 -0.0103406 0.193436 0.15111 0.0855798 -0.000729516 1.0000 0 0 0 0   0 0 0
171 1 2 0 10 2.51227e-07 0.00475632 -0.0107886 16.2 -0.0145951 0.00443638 0.19386 -0.0380489 0.248323 0.00082389 1.0000 0 0 0 0   0 0 0
172 1 2 0 10 2.51322e-07 0.00975126 0.00735377 16.2 -0.00946198 -0.00133346 0.189316 -0.0780068 0.103161 -0.000562401 1.0000 0 0 0 0   0 0 0
174 1 2 0 10 2.50479e-07 0.024982 -0.0134693 16.2 0.00718988 0.00937998 0.183182 -0.200139 0.269955 0.00102713 1.0000 0 0 0 0   0 0 0
175 1 2 0 10 2.52293e-07 -0.0448295 0.0296946 16.2 -0.0274947 0.0172114 0.192696 0.360697 -0.076549 -0.00222794 1.0000 0 0 0 0   0 0 0
176 1 2 0 10 2.5034e-07 0.00789447 -0.0348749 16.2 0.00662233 0.0170403 0.222449 -0.0632986 0.442157 0.00259632 1.0000 0 0 0 0   0 0 0
177 1 2 0 10 2.50471e-07 0.00745427 -0.00731314 16.2 0.034591 0.0432438 0.195814 -0.0596316 0.220491 0.0005593 1.0000 0 0 0 0   0 0 0
178 1 2 0 10 2.50378e-07 -0.0377369 0.00312083 16.2 0.0465009 -0.0179246 0.207929 0.302721 0.136933 -0.000238911 1.0000 0 0 0 0   0 0 0
179 1 2 0 10 2.50482e-07 0.0150796 -0.00712322 16.2 0.00493063 0.0194346 0.173213 -0.120632 0.218971 0.000544802 1.0000 0 0 0 0   0 0 0
180 1 2 0 10 2.50475e-07 -0.0373078 0.00127985 16.2 0.0596808 -0.0153345 0.226428 0.299244 0.151699 -9.79967e-05 1.0000 0 0 0 0   0 0 0
181 1 2 0 10 2.51366e-07 -0.00504137 -0.00507567 16.2 0.00416314 -0.0109944 0.184033 0.0403293 0.202579 0.000388419 1.0000 0 0 0 0   0 0 0
182 1 2 0 10 2.51394e-07 -0.0097856 -0.0488845 16.2 -0.0108835 0.00230329 0.185839 0.0786501 0.55596 0.00353928 1.0000 0 0 0 0   0 0 0
183 1 2 0 10 2.51188e-07 -0.00344676 -0.0385398 16.2 0.00155903 0.00538905 0.200802 0.0276542 0.471864 0.00285113 1.0000 0 0 0 0   0 0 0
184 1 2 0 10 2.51376e-07 -0.0201423 -0.0465977 16.2 -0.00315616 0.0006378 0.186767 0.161913 0.537533 0.00339145 1.0000 0 0 0 0   0 0 0
185 1 2 0 10 2.51267e-07 -0.01941 -0.0110015 16.2 0.0112228 -0.00869649 0.192953 0.155409 0.250106 0.000840073 1.0000 0 0 0 0   0 0 0
186 1 2 0 10 2.51446e-07 0.00352666 -0.0038938 16.2 0.0175352 -0.0171557 0.189388 -0.0282121 0.19312 0.000298063 1.0000 0 0 0 0   0 0 0
187 1 2 0 10 2.51225e-07 -0.0121772 -0.00958764 16.2 -0.00226519 0.00643049 0.192419 0.0974132 0.238704 0.000732631 1.0000 0 0 0 0   0 0 0
188 1 2 0 10 2.51079e-07 -0.0197234 -0.0314653 16.2 -0.0250419 -0.0110665 0.185596 0.158194 0.414794 0.00235485 1.0000 0 0 0 0   0 0 0
189 1 2 0 10 2.51343e-07 0.00286511 -0.000710359 16.2 0.00904528 0.00552323 0.191988 -0.0229199 0.167647 5.43911e-05 1.0000 0 0 0 0   0 0 0
190 1 2 0 10 2.51e-07 -0.00133182 -0.00259172 16.2 -0.0354323 0.00567362 0.162639 0.0106541 0.1827 0.000198418 1.0000 0 0 0 0   0 0 0
191 1 2 0 10 2.51184e-07 -0.00586955 -0.00865191 16.2 -0.0318932 -0.010514 0.165692 0.0469544 0.231211 0.000661346 1.0000 0 0 0 0   0 0 0
192 1 2 0 10 2.51172e-07 -0.0194169 -0.0106001 16.2 -0.000769006 -0.0131186 0.176182 0.155461 0.246886 0.000809569 1.0000 0 0 0 0   0 0 0
193 1 2 0 10 2.51254e-07 -0.0361319 -0.0418917 16.2 0.00109618 -0.0138133 0.194208 0.290845 0.499981 0.00307936 1.0000 0 0 0 0   0 0 0
194 1 2 0 10 2.51259e-07 -0.0211507 -0.025778 16.2 0.00661358 0.00391555 0.190887 0.169499 0.368854 0.00194387 1.0000 0 0 0 0   0 0 0
195 1 2 0 10 2.51202e-07 0.00303293 -0.00935566 16.2 -0.0178772 -0.0160298 0.165935 -0.0242624 0.236847 0.000714959 1.0000 0 0 0 0   0 0 0
196 1 2 0 10 2.50899e-07 0.0018972 0.0111563 16.2 -0.0215485 -0.0326571 0.17147 -0.0151769 0.0727748 -0.000851837 1.0000 0 0 0 0   0 0 0
197 1 2 0 10 2.51157e-07 -9.90395e-06 -0.0179987 16.2 -0.0231219 -0.0183969 0.179594 7.9246e-05 0.30613 0.00136796 1.0000 0 0 0 0   0 0 0
198 1 2 0 10 2.50927e-07 -0.00973837 -0.11642 16.2 0.0015464 -0.0400982 0.228055 0.0801319 1.12548 0.00622969 1.0000 0 0 0 0   0 0 0
199 1 2 0 10 2.51257e-07 0.00963252 -0.0225824 16.2 -0.00924042 -0.00521458 0.176941 -0.0771435 0.343056 0.00170903 1.0000 0 0 0 0   0 0 0
200 1 2 0 10 2.5122e-07 -0.00661745 -0.0460455 16.2 -0.00593711 0.00403537 0.200824 0.0531635 0.532859 0.00335553 1.0000 0 0 0 0   0 0 0
0 1 2 0 11 2.57696e-07 -0.00641636 -0.0113534 18 0 0 0.204 0 0 0 1.0000 0 0 0 0   0 0 0
1 1 2 0 11 2.57987e-07 0.0283117 0.0105114 18 -0.0152295 0.00607879 0.224879 -0.226843 0.0777945 -0.000802827 1.0000 0 0 0 0   0 0 0
2 1 2 0 11 2.57853e-07 -0.0209148 -0.00412695 18 -0.00335812 0.0141087 0.215989 0.167436 0.195011 0.000315887 1.0000 0 0 0 0   0 0 0
3 1 2 0 11 2.57861e-07 0.0202398 0.00581864 18 -0.0271352 0.00257975 0.216445 -0.162027 0.115399 -0.000445215 1.0000 0 0 0 0   0 0 0
4 1 2 0 11 2.57853e-07 -0.00780663 0.0149008 18 -0.00517114 -0.0197174 0.218204 0.0624504 0.0428657 -0.00113519 1.0000 0 0 0 0   0 0 0
5 1 2 0 11 2.57799e-07 0.0185767 0.000853905 18 -0.0139558 -0.00140246 0.220086 -0.148657 0.155131 -6.53825e-05 1.0000 0 0 0 0   0 0 0
6 1 2 0 11 2.57914e-07 -0.0222408 -0.00531213 18 -0.00349171 -0.00218953 0.213353 0.178086 0.204512 0.000406497 1.0000 0 0 0 0   0 0 0
7 1 2 0 11 2.57861e-07 0.0186639 -0.0224583 18 -0.024455 0.00872357 0.211942 -0.149532 0.34213 0.00169984 1.0000 0 0 0 0   0 0 0
8 1 2 0 11 2.57794e-07 -0.0151196 0.00558778 18 -0.00467052 0.00123942 0.209161 0.120952 0.117278 -0.000427572 1.0000 0 0 0 0   0 0 0
9 1 2 0 11 2.57979e-07 0.0146828 -0.00230075 18 -0.0145899 -0.00650097 0.231848 -0.117458 0.180371 0.00017615 1.0000 0 0 0 0   0 0 0
10 1 2 0 11 2.57975e-07 -0.0488398 0.0502655 18 -0.00218512 0.0100737 0.226347 0.394619 -0.243019 -0.00362739 1.0000 0 0 0 0   0 0 0
11 1 2 0 11 2.58007e-07 -0.0322157 0.0344164 18 -0.00154291 0.0277565 0.210981 0.258838 -0.114007 -0.00256415 1.0000 0 0 0 0   0 0 0
12 1 2 0 11 2.58064e-07 0.00612671 -0.0620682 18 0.00506761 0.000837666 0.194956 -0.0494028 0.664192 0.00433636 1.0000 0 0 0 0   0 0 0
14 1 2 0 11 2.57949e-07 -0.0451521 -0.0422984 18 0.00513336 -0.0127343 0.203973 0.364044 0.503823 0.00310681 1.0000 0 0 0 0   0 0 0
15 1 2 0 11 2.58273e-07 0.0117677 -0.0131239 18 0.022906 -0.0186308 0.204317 -0.0941519 0.267047 0.00100097 1.0000 0 0 0 0   0 0 0
16 1 2 0 11 2.58163e-07 -0.00165695 -0.0380896 18 0.0159525 -0.0163619 0.197041 0.0132926 0.468201 0.00282007 1.0000 0 0 0 0   0 0 0
17 1 2 0 11 2.58345e-07 0.00870347 -0.0193736 18 0.0236851 -0.0159809 0.196747 -0.0696762 0.317235 0.00147078 1.0000 0 0 0 0   0 0 0
18 1 2 0 11 2.58077e-07 -0.0218804 -0.0362323 18 0.00163271 0.0138778 0.211303 0.17567 0.453467 0.0026913 1.0000 0 0 0 0   0 0 0
19 1 2 0 11 2.5781e-07 -0.0131863 -0.0072605 18 -0.0132497 0.00456175 0.20247 0.105486 0.22007 0.000555281 1.0000 0 0 0 0   0 0 0
20 1 2 0 11 2.57761e-07 0.00742504 -0.0404565 18 0.00743143 0.0173645 0.19687 -0.0596007 0.487462 0.00298224 1.0000 0 0 0 0   0 0 0
21 1 2 0 11 2.57664e-07 -0.0280292 -0.0373657 18 -0.0146205 0.010909 0.213438 0.225188 0.462807 0.00276995 1.0000 0 0 0 0   0 0 0
22 1 2 0 11 2.57762e-07 -0.0103736 0.0049529 18 0.00069228 0.00897749 0.211998 0.0829856 0.122354 -0.000379033 1.0000 0 0 0 0   0 0 0
23 1 2 0 11 2.57759e-07 -0.0289968 -0.0021086 18 0.0232764 -0.00881392 0.21904 0.232315 0.178859 0.000161446 1.0000 0 0 0 0   0 0 0
24 1 2 0 11 2.57788e-07 -0.0213665 -0.0288565 18 0.000321704 0.0176196 0.215309 0.171324 0.393732 0.00216766 1.0000 0 0 0 0   0 0 0
25 1 2 0 11 2.57739e-07 0.030575 -0.00192282 18 -0.00561109 -0.0120887 0.199051 -0.244985 0.177372 0.000147227 1.0000 0 0 0 0   0 0 0
26 1 2 0 11 2.57666e-07 -0.0361084 -0.0734264 18 -0.00248953 -0.0162261 0.237526 0.292839 0.759853 0.00493514 1.0000 0 0 0 0   0 0 0
27 1 2 0 11 2.57843e-07 -0.0182343 -0.00211702 18 -0.00612714 0.00969294 0.191222 0.14591 0.178906 0.000162089 1.0000 0 0 0 0   0 0 0
28 1 2 0 11 2.58254e-07 0.00256429 -0.00104624 18 -0.0024841 0.0200463 0.201642 -0.0205134 0.170334 8.01093e-05 1.0000 0 0 0 0   0 0 0
29 1 2 0 11 2.58226e-07 -0.00702697 -0.0470594 18 0.0114634 0.0264573 0.21329 0.0564617 0.541102 0.00342147 1.0000 0 0 0 0   0 0 0
30 1 2 0 11 2.58709e-07 -0.0396112 0.0253804 18 0.0134869 -0.00666683 0.192853 0.318253 -0.0416537 -0.00191483 1.0000 0 0 0 0   0 0 0
31 1 2 0 11 2.58223e-07 0.0276656 -0.0184654 18 -0.0123576 0.0155343 0.209529 -0.221707 0.310102 0.00140289 1.0000 0 0 0 0   0 0 0
32 1 2 0 11 2.58304e-07 -0.00448071 0.00326775 18 0.00902024 0.00472017 0.20389 0.0358441 0.135828 -0.000250155 1.0000 0 0 0 0   0 0 0
33 1 2 0 11 2.58138e-07 -0.019993 -0.00668278 18 -0.00431652 0.00421881 0.207715 0.160052 0.215483 0.00051118 1.0000 0 0 0 0   0 0 0
34 1 2 0 11 2.58113e-07 0.0251979 -0.01788 18 0.0496721 -0.0181688 0.201312 -0.201903 0.30538 0.00135909 1.0000 0 0 0 0   0 0 0
36 1 2 0 11 2.58149e-07 -0.0258868 -0.000931553 18 0.00447859 0.0010209 0.213056 0.207345 0.169426 7.13276e-05 1.0000 0 0 0 0   0 0 0
37 1 2 0 11 2.58191e-07 0.0231488 -0.0548193 18 0.0117282 0.00618963 0.201261 -0.186538 0.605079 0.00391036 1.0000 0 0 0 0   0 0 0
38 1 2 0 11 2.5775e-07 -0.0112644 -0.0149664 18 0.0134461 0.0136368 0.197542 0.0901436 0.281837 0.00114014 1.0000 0 0 0 0   0 0 0
40 1 2 0 11 2.57536e-07 -0.0192161 -0.0159681 18 -0.00690412 0.00851684 0.198054 0.153902 0.289971 0.00121557 1.0000 0 0 0 0   0 0 0
41 1 2 0 11 2.57862e-07 0.0156896 -0.029289 18 0.0103033 -0.00270053 0.189743 -0.125734 0.397078 0.00219877 1.0000 0 0 0 0   0 0 0
42 1 2 0 11 2.5781e-07 0.0161039 -0.0133426 18 0.0200893 0.0120517 0.198835 -0.128915 0.268857 0.00101754 1.0000 0 0 0 0   0 0 0
43 1 2 0 11 2.57993e-07 -0.0113985 -0.00221792 18 -0.0319228 0.0180894 0.158323 0.0911845 0.179709 0.000169812 1.0000 0 0 0 0   0 0 0
44 1 2 0 11 2.57764e-07 -0.00257152 -0.00687661 18 0.00373903 0.0192237 0.179706 0.0205713 0.216996 0.000525976 1.0000 0 0 0 0   0 0 0
45 1 2 0 11 2.58241e-07 0.0263981 -0.066673 18 0.0243077 -0.00490484 0.205812 -0.213419 0.702988 0.00458984 1.0000 0 0 0 0   0 0 0
46 1 2 0 11 2.57788e-07 0.0129547 -0.0176875 18 0.00491977 -0.035257 0.176442 -0.103719 0.303721 0.00134468 1.0000 0 0 0 0   0 0 0
47 1 2 0 11 2.57205e-07 -0.0374849 0.00569286 18 -0.0195191 0.0300943 0.17697 0.300702 0.116311 -0.000435606 1.0000 0 0 0 0   0 0 0
48 1 2 0 11 2.5774e-07 -0.0126472 0.00454196 18 0.0331934 -0.0299039 0.186644 0.101173 0.125639 -0.000347616 1.0000 0 0 0 0   0 0 0
49 1 2 0 11 2.57728e-07 -0.00811023 -0.0317296 18 0.00804074 0.0104349 0.17284 0.0649922 0.416699 0.0023737 1.0000 0 0 0 0   0 0 0
50 1 2 0 11 2.57081e-07 0.0626391 0.00987116 18 -0.0292753 -0.00362177 0.25867 -0.505204 0.0823952 -0.000754178 1.0000 0 0 0 0   0 0 0
51 1 2 0 11 2.58494e-07 -0.0400684 0.0103107 18 0.00148937 0.0237442 0.210055 0.321642 0.0792463 -0.000787575 1.0000 0 0 0 0   0 0 0
52 1 2 0 11 2.58444e-07 0.00029462 -0.00648908 18 0.0338001 0.00731906 0.21406 -0.00235686 0.213894 0.000496394 1.0000 0 0 0 0   0 0 0
53 1 2 0 11 2.57796e-07 -0.0307546 -0.000633112 18 0.027434 -0.00319758 0.205931 0.246426 0.167037 4.84764e-05 1.0000 0 0 0 0   0 0 0
54 1 2 0 11 2.57839e-07 0.00142439 -0.000228008 18 0.0204662 -0.0146402 0.19764 -0.0113946 0.163788 1.74581e-05 1.0000 0 0 0 0   0 0 0
55 1 2 0 11 2.5791e-07 -0.00602936 0.000304291 18 0.00737142 -0.0079908 0.189428 0.0482328 0.159529 -2.32993e-05 1.0000 0 0 0 0   0 0 0
56 1 2 0 11 2.5787e-07 -0.00968611 0.00775994 18 0.00351801 -0.00578518 0.203799 0.0774856 0.0999147 -0.000593394 1.0000 0 0 0 0   0 0 0
57 1 2 0 11 2.57813e-07 0.000637748 0.0108516 18 -0.0104032 0.0148713 0.191222 -0.00510176 0.0752093 -0.000828683 1.0000 0 0 0 0   0 0 0
58 1 2 0 11 2.57826e-07 -0.00818521 -0.00465739 18 0.00910092 0.00408715 0.184677 0.0654789 0.199231 0.000356441 1.0000 0 0 0 0   0 0 0
59 1 2 0 11 2.57783e-07 -0.0143758 -0.0162778 18 -0.00130524 0.000344693 0.208602 0.115093 0.292409 0.00123885 1.0000 0 0 0 0   0 0 0
60 1 2 0 11 2.57812e-07 -0.00815343 -0.00574051 18 0.00875359 -0.00547901 0.199201 0.0652247 0.207901 0.000439248 1.0000 0 0 0 0   0 0 0
61 1 2 0 11 2.57875e-07 -0.000591647 0.0075989 18 -0.00334539 -0.00837038 0.200551 0.00473297 0.101202 -0.000581114 1.0000 0 0 0 0   0 0 0
62 1 2 0 11 2.58001e-07 0.00249709 -0.0166107 18 0.000631012 -0.0123246 0.193065 -0.0199759 0.294973 0.00126388 1.0000 0 0 0 0   0 0 0
63 1 2 0 11 2.57899e-07 0.00341047 0.00344252 18 0.0115027 -0.0120007 0.191754 -0.0272826 0.13443 -0.000263531 1.0000 0 0 0 0   0 0 0
64 1 2 0 11 2.57762e-07 -0.00194903 -0.0187678 18 -0.0281401 -0.0251864 0.174116 0.0155975 0.312321 0.00142552 1.0000 0 0 0 0   0 0 0
65 1 2 0 11 2.58841e-07 0.0431467 -0.021175 18 -0.0591264 -0.0426298 0.17322 -0.346706 0.332324 0.00160485 1.0000 0 0 0 0   0 0 0
66 1 2 0 11 2.57658e-07 0.0156365 0.00389828 18 -0.0211732 -0.0394877 0.17702 -0.125087 0.130786 -0.000298405 1.0000 0 0 0 0   0 0 0
67 1 2 0 11 2.57721e-07 0.00988937 -0.0137409 18 -0.00203767 -0.0324916 0.17023 -0.0791125 0.271976 0.00104764 1.0000 0 0 0 0   0 0 0
68 1 2 0 11 2.5796e-07 0.0211495 0.0220487 18 -0.00138724 -0.0282206 0.18698 -0.169461 -0.014476 -0.00166953 1.0000 0 0 0 0   0 0 0
69 1 2 0 11 2.57337e-07 0.00719028 -0.0618088 18 0.0114034 -0.0360324 0.195445 -0.057977 0.662071 0.00432175 1.0000 0 0 0 0   0 0 0
70 1 2 0 11 2.57349e-07 -0.0167106 0.0331282 18 -0.00852699 0.0239576 0.18809 0.134029 -0.103235 -0.00247312 1.0000 0 0 0 0   0 0 0
71 1 2 0 11 2.57074e-07 -0.0198542 0.00184691 18 0.0237527 0.00538465 0.201314 0.158915 0.147182 -0.000141416 1.0000 0 0 0 0   0 0 0
72 1 2 0 11 2.57873e-07 0.0323294 -0.00795658 18 -0.0221644 -0.0312322 0.191002 -0.259083 0.225756 0.000608374 1.0000 0 0 0 0   0 0 0
73 1 2 0 11 2.5769e-07 0.0235156 0.0554867 18 -0.0152982 -0.0174626 0.198706 -0.189528 -0.283839 -0.00395106 1.0000 0 0 0 0   0 0 0
74 1 2 0 11 2.57769e-07 0.00161497 -0.00773733 18 -0.00645285 -0.00514568 0.213415 -0.0129192 0.223887 0.000591671 1.0000 0 0 0 0   0 0 0
75 1 2 0 11 2.57972e-07 -0.0278745 -0.0108952 18 0.00860531 0.00754365 0.204638 0.223336 0.249314 0.000831995 1.0000 0 0 0 0   0 0 0
76 1 2 0 11 2.57915e-07 -0.00649391 -0.00626969 18 -0.00890243 0.0148626 0.192826 0.0519491 0.212137 0.000479646 1.0000 0 0 0 0   0 0 0
77 1 2 0 11 2.57877e-07 -0.00842298 -0.00991801 18 -0.00200285 0.00500408 0.20837 0.067381 0.24135 0.000757737 1.0000 0 0 0 0   0 0 0
78 1 2 0 11 2.57953e-07 0.00945058 0.000625627 18 -0.0113822 0.00514038 0.216022 -0.0756014 0.156959 -4.79036e-05 1.0000 0 0 0 0   0 0 0
79 1 2 0 11 2.57885e-07 -0.0258962 -0.00325321 18 0.00316924 -0.00954363 0.206574 0.207425 0.188026 0.000249042 1.0000 0 0 0 0   0 0 0
80 1 2 0 11 2.58018e-07 -0.0072656 -0.0178517 18 0.00104835 -0.00883011 0.200847 0.0581483 0.304984 0.00135697 1.0000 0 0 0 0   0 0 0
81 1 2 0 11 2.57887e-07 0.0139567 -0.00283293 18 -0.0240529 0.0159614 0.215162 -0.111649 0.18463 0.000216878 1.0000 0 0 0 0   0 0 0
82 1 2 0 11 2.57838e-07 -0.00747803 -0.0121616 18 0.00923226 0.00240327 0.206506 0.0598217 0.259322 0.000928075 1.0000 0 0 0 0   0 0 0
83 1 2 0 11 2.579e-07 -0.0130176 -0.00124291 18 -0.0100149 0.000212092 0.205619 0.104136 0.171907 9.51676e-05 1.0000 0 0 0 0   0 0 0
84 1 2 0 11 2.57841e-07 0.0262282 -0.0202844 18 -0.00891865 0.00265885 0.179785 -0.210187 0.324711 0.00153859 1.0000 0 0 0 0   0 0 0
85 1 2 0 11 2.57799e-07 0.0226211 -0.0225499 18 0.00761399 0.00412887 0.205475 -0.181268 0.342898 0.00170662 1.0000 0 0 0 0   0 0 0
86 1 2 0 11 2.57867e-07 0.00758632 0.00643992 18 0.00797837 0.0152586 0.19557 -0.0606879 0.110466 -0.000492641 1.0000 0 0 0 0   0 0 0
87 1 2 0 11 2.57775e-07 -0.00725206 -0.0113207 18 0.0221745 0.010234 0.199092 0.058014 0.252585 0.000864324 1.0000 0 0 0 0   0 0 0
88 1 2 0 11 2.57852e-07 -0.0238216 -0.0199697 18 0.0297048 0.00508965 0.207112 0.190878 0.322163 0.00151516 1.0000 0 0 0 0   0 0 0
89 1 2 0 11 2.5776e-07 0.0300859 0.0100815 18 -0.0084619 0.00256751 0.217054 -0.241082 0.0812267 -0.000770162 1.0000 0 0 0 0   0 0 0
90 1 2 0 11 2.57763e-07 -0.00870238 -0.0276885 18 -0.00440105 -0.0223422 0.178458 0.0697209 0.384152 0.002083 1.0000 0 0 0 0   0 0 0
91 1 2 0 11 2.57865e-07 0.0106597 -0.0254375 18 -0.00543709 -0.0066458 0.200089 -0.0853934 0.36604 0.001919 1.0000 0 0 0 0   0 0 0
92 1 2 0 11 2.57916e-07 0.00394645 -0.0188588 18 -0.00293289 -0.00123524 0.190607 -0.0315843 0.313061 0.00143233 1.0000 0 0 0 0   0 0 0
93 1 2 0 11 2.57864e-07 -0.00465975 -0.0384824 18 -0.0136438 -0.00975419 0.22454 0.0373869 0.471406 0.0028472 1.0000 0 0 0 0   0 0 0
94 1 2 0 11 2.57899e-07 -0.0131493 0.00486619 18 0.00175582 0.00363792 0.209816 0.10519 0.123047 -0.000372404 1.0000 0 0 0 0   0 0 0
95 1 2 0 11 2.57951e-07 -0.0180166 -0.0483138 18 -0.0205428 0.0171255 0.228255 0.144863 0.551502 0.00350271 1.0000 0 0 0 0   0 0 0
96 1 2 0 11 2.58049e-07 -0.0272085 -0.0363062 18 -0.0209145 -0.00282207 0.226239 0.218552 0.454203 0.00269647 1.0000 0 0 0 0   0 0 0
97 1 2 0 11 2.57935e-07 -0.0174193 -0.000978119 18 0.00233129 0.00801217 0.209232 0.139365 0.16979 7.48931e-05 1.0000 0 0 0 0   0 0 0
98 1 2 0 11 2.57924e-07 -0.0419986 -0.0153656 18 -0.0255973 0.00885231 0.217501 0.337321 0.285486 0.00117027 1.0000 0 0 0 0   0 0 0
99 1 2 0 11 2.57929e-07 -0.0175632 -0.0253479 18 -0.0142987 0.00556215 0.192614 0.140729 0.365368 0.00191246 1.0000 0 0 0 0   0 0 0
100 1 2 0 11 2.57827e-07 0.00878562 -0.0362912 18 -0.0208979 0.00378116 0.214859 -0.0704692 0.453663 0.00269542 1.0000 0 0 0 0   0 0 0
101 1 2 0 11 2.57981e-07 -0.0324748 0.0115786 18 -0.00392648 0.00177537 0.210023 0.260304 0.0692171 -0.000883907 1.0000 0 0 0 0   0 0 0
102 1 2 0 11 2.57815e-07 0.00350014 -0.000286319 18 -0.024262 0.00476269 0.217914 -0.0279999 0.164254 2.19229e-05 1.0000 0 0 0 0   0 0 0
103 1 2 0 11 2.57302e-07 -0.00258793 -0.0379589 18 -0.00491775 -0.023731 0.173341 0.0207608 0.467143 0.00281102 1.0000 0 0 0 0   0 0 0
104 1 2 0 11 2.58162e-07 -0.0134713 0.000974153 18 -0.00473443 -0.011075 0.184316 0.107766 0.154171 -7.45898e-05 1.0000 0 0 0 0   0 0 0
105 1 2 0 11 2.57898e-07 0.0127181 0.020624 18 -0.00761302 0.0234889 0.182111 -0.101852 -0.00300308 -0.00156386 1.0000 0 0 0 0   0 0 0
106 1 2 0 11 2.57559e-07 0.0225568 -0.0154724 18 -0.0128039 0.00318208 0.161659 -0.180695 0.28602 0.0011783 1.0000 0 0 0 0   0 0 0
108 1 2 0 11 2.57395e-07 0.0295974 -0.0116752 18 0.00753001 -0.0018162 0.168831 -0.237169 0.255582 0.000891225 1.0000 0 0 0 0   0 0 0
109 1 2 0 11 2.58184e-07 0.0564454 -0.00635731 18 0.00489015 0.00722568 0.200752 -0.454541 0.213177 0.000486335 1.0000 0 0 0 0   0 0 0
110 1 2 0 11 2.57463e-07 0.014442 -0.048539 18 0.0190271 -0.00291219 0.174191 -0.116086 0.553205 0.00351714 1.0000 0 0 0 0   0 0 0
111 1 2 0 11 2.5747e-07 0.0175897 -0.0515886 18 0.0122127 0.000616921 0.176486 -0.141556 0.578348 0.00371084 1.0000 0 0 0 0   0 0 0
112 1 2 0 11 2.58369e-07 0.0302071 -0.00433298 18 -0.0512045 -0.00874579 0.1766 -0.242035 0.196691 0.000331639 1.0000 0 0 0 0   0 0 0
113 1 2 0 11 2.57116e-07 -0.0195245 0.000601411 18 0.0165165 -0.0184916 0.19639 0.156266 0.15715 -4.60494e-05 1.0000 0 0 0 0   0 0 0
114 1 2 0 11 2.57109e-07 -0.0413591 -0.00177395 18 0.0129842 0.0137681 0.23686 0.332005 0.176205 0.000135829 1.0000 0 0 0 0   0 0 0
115 1 2 0 11 2.57984e-07 0.00966534 -0.0393096 18 0.00157824 -0.00447069 0.181551 -0.0775743 0.478177 0.00290384 1.0000 0 0 0 0   0 0 0
116 1 2 0 11 2.57536e-07 -0.0275422 0.0362777 18 0.00204972 -0.00920843 0.184432 0.221239 -0.128836 -0.00269448 1.0000 0 0 0 0   0 0 0
117 1 2 0 11 2.57801e-07 -0.0407929 0.0178574 18 -0.000838021 -0.0133684 0.209987 0.327628 0.0186912 -0.00135739 1.0000 0 0 0 0   0 0 0
118 1 2 0 11 2.57473e-07 -0.00679146 0.0507697 18 0.0068341 -0.0135264 0.276633 0.054601 -0.245028 -0.00365919 1.0000 0 0 0 0   0 0 0
119 1 2 0 11 2.57568e-07 -0.00612021 0.0112515 18 0.0109982 -0.0135425 0.166942 0.0489596 0.0720148 -0.000859065 1.0000 0 0 0 0   0 0 0
120 1 2 0 11 2.57193e-07 -0.0198121 -0.010508 18 -0.00134311 0.00649825 0.252276 0.158631 0.24615 0.000802566 1.0000 0 0 0 0   0 0 0
121 1 2 0 11 2.57298e-07 -0.0183562 0.0162713 18 -0.0174975 0.0572879 0.204593 0.147008 0.0317763 -0.00123836 1.0000 0 0 0 0   0 0 0
122 1 2 0 11 2.57632e-07 -0.00996175 -0.00076971 18 0.0259725 -0.0161736 0.174689 0.0796906 0.168121 5.89355e-05 1.0000 0 0 0 0   0 0 0
123 1 2 0 11 2.57809e-07 0.00323026 -0.0196788 18 -0.00802354 -0.0291282 0.164227 -0.0258553 0.319655 0.0014935 1.0000 0 0 0 0   0 0 0
124 1 2 0 11 2.5785e-07 -0.0124705 -0.0173778 18 -0.0520827 -0.0144984 0.162227 0.0998352 0.301226 0.0013215 1.0000 0 0 0 0   0 0 0
125 1 2 0 11 2.57258e-07 -0.0125839 0.0170684 18 -0.007432 0.0223043 0.174593 0.100741 0.0254577 -0.00129828 1.0000 0 0 0 0   0 0 0
126 1 2 0 11 2.57437e-07 0.0273855 -0.0405912 18 0.00849052 -0.0232548 0.185902 -0.220082 0.488932 0.00299136 1.0000 0 0 0 0   0 0 0
127 1 2 0 11 2.57491e-07 0.0139843 -0.015313 18 -0.00477338 0.00864554 0.168116 -0.111944 0.284654 0.00116631 1.0000 0 0 0 0   0 0 0
128 1 2 0 11 2.57106e-07 0.0218885 -0.0106621 18 0.000617197 0.00137135 0.195475 -0.175294 0.247404 0.000814281 1.0000 0 0 0 0   0 0 0
129 1 2 0 11 2.57345e-07 0.0242266 0.0234407 18 0.00455976 0.0130652 0.182915 -0.194153 -0.0256351 -0.00177237 1.0000 0 0 0 0   0 0 0
130 1 2 0 11 2.5706e-07 0.0102777 0.0081475 18 -0.00865945 -0.0177322 0.216153 -0.0822184 0.0968175 -0.000622919 1.0000 0 0 0 0   0 0 0
131 1 2 0 11 2.57507e-07 0.0354176 -0.0141007 18 -0.00968316 0.00454253 0.169071 -0.284131 0.275177 0.00107479 1.0000 0 0 0 0   0 0 0
132 1 2 0 11 2.57183e-07 0.0117521 -0.0118773 18 0.0297434 -0.00602004 0.187268 -0.0940132 0.257044 0.000906537 1.0000 0 0 0 0   0 0 0
133 1 2 0 11 2.58006e-07 0.0140229 -0.0380049 18 -0.0132021 0.010738 0.2156 -0.112549 0.467661 0.00281421 1.0000 0 0 0 0   0 0 0
134 1 2 0 11 2.58149e-07 0.0548221 -0.0228804 18 -0.0113887 0.00597145 0.198161 -0.441758 0.346578 0.00173108 1.0000 0 0 0 0   0 0 0
135 1 2 0 11 2.58109e-07 -0.0159282 0.00543376 18 -0.0065352 0.00818303 0.215064 0.12742 0.118509 -0.000415797 1.0000 0 0 0 0   0 0 0
136 1 2 0 11 2.58053e-07 0.00284883 -0.032268 18 0.000475397 0.0154008 0.204808 -0.022829 0.421024 0.0024121 1.0000 0 0 0 0   0 0 0
137 1 2 0 11 2.58079e-07 0.00954676 -0.0193774 18 -0.0108058 -0.00422701 0.186657 -0.0764309 0.317274 0.00147107 1.0000 0 0 0 0   0 0 0
138 1 2 0 11 2.58203e-07 0.0375243 -0.00291629 18 -0.0201883 -0.00682703 0.195494 -0.301 0.185361 0.000223258 1.0000 0 0 0 0   0 0 0
139 1 2 0 11 2.58075e-07 0.0312032 -0.00284624 18 -0.015602 0.00532922 0.198648 -0.250029 0.184774 0.000217897 1.0000 0 0 0 0   0 0 0
140 1 2 0 11 2.58103e-07 -0.0127698 0.00922659 18 -0.0172703 -0.00924926 0.213853 0.102154 0.0881938 -0.000705126 1.0000 0 0 0 0   0 0 0
141 1 2 0 11 2.58041e-07 0.0176127 -0.0104656 18 -0.0107015 -0.001837 0.191565 -0.140985 0.24579 0.000799351 1.0000 0 0 0 0   0 0 0
142 1 2 0 11 2.58266e-07 0.0513269 -0.053825 18 0.00518134 -0.00501285 0.204487 -0.415336 0.598835 0.00384973 1.0000 0 0 0 0   0 0 0
143 1 2 0 11 2.58119e-07 -0.0105296 -0.00229935 18 0.0118659 -0.00638777 0.203095 0.084233 0.18036 0.000176043 1.0000 0 0 0 0   0 0 0
144 1 2 0 11 2.57834e-07 -0.00723625 0.00468639 18 -0.0124897 -0.00613227 0.217368 0.0578875 0.124485 -0.000358658 1.0000 0 0 0 0   0 0 0
145 1 2 0 11 2.57859e-07 -0.0196242 -0.0144247 18 -0.00255247 0.00741272 0.208436 0.15716 0.277581 0.00109925 1.0000 0 0 0 0   0 0 0
146 1 2 0 11 2.57932e-07 0.0058556 -0.00163817 18 -0.00135885 -0.0125472 0.219721 -0.0468428 0.17507 0.000125433 1.0000 0 0 0 0   0 0 0
147 1 2 0 11 2.57851e-07 -0.0203802 -0.016869 18 -0.00213092 0.00396431 0.219871 0.163247 0.297219 0.0012833 1.0000 0 0 0 0   0 0 0
148 1 2 0 11 2.57857e-07 -0.0190298 -0.00582692 18 0.00321212 -0.0100353 0.216781 0.152315 0.208618 0.000445846 1.0000 0 0 0 0   0 0 0
149 1 2 0 11 2.5795e-07 -0.0313626 0.012602 18 -0.00104627 -0.00702834 0.215546 0.251345 0.0610439 -0.000961435 1.0000 0 0 0 0   0 0 0
150 1 2 0 11 2.57896e-07 -0.0306303 -0.00551903 18 0.00225477 0.0140322 0.210838 0.245436 0.206201 0.000422315 1.0000 0 0 0 0   0 0 0
151 1 2 0 11 2.57847e-07 -0.0249992 0.00487186 18 0.00351462 -0.00180659 0.209513 0.200228 0.122954 -0.000372838 1.0000 0 0 0 0   0 0 0
152 1 2 0 11 2.57918e-07 -0.0184151 0.00512287 18 0.00520276 0.00527478 0.214194 0.147377 0.120978 -0.000392028 1.0000 0 0 0 0   0 0 0
153 1 2 0 11 2.57618e-07 0.0169492 0.00508594 18 -0.0243944 -0.0361101 0.176727 -0.13561 0.121283 -0.000389205 1.0000 0 0 0 0   0 0 0
154 1 2 0 11 2.57162e-07 -0.00101595 -0.00564644 18 0.0272164 -0.0155368 0.183448 0.00812724 0.207148 0.000432056 1.0000 0 0 0 0   0 0 0
155 1 2 0 11 2.57295e-07 -0.0069593 0.0178046 18 0.00988907 0.0193213 0.174931 0.0556955 0.0196205 -0.00135345 1.0000 0 0 0 0   0 0 0
156 1 2 0 11 2.57982e-07 0.0245828 -0.0282708 18 -0.00854253 -0.00788192 0.181056 -0.197183 0.389101 0.00212522 1.0000 0 0 0 0   0 0 0
157 1 2 0 11 2.57418e-07 -0.0363885 -0.0136401 18 -0.00877686 0.00917088 0.174378 0.291964 0.271492 0.00104002 1.0000 0 0 0 0   0 0 0
158 1 2 0 11 2.57696e-07 -0.01553 -0.0019308 18 0.0129693 -0.0199428 0.170239 0.124235 0.177411 0.000147838 1.0000 0 0 0 0   0 0 0
159 1 2 0 11 2.57605e-07 -0.00814802 0.0111128 18 0.00643626 -0.0288792 0.172088 0.0651814 0.0731229 -0.000848527 1.0000 0 0 0 0   0 0 0
160 1 2 0 11 2.57224e-07 0.0111608 0.0178135 18 0.0071758 0.0196649 0.192083 -0.0893463 0.0195084 -0.00135411 1.0000 0 0 0 0   0 0 0
161 1 2 0 11 2.575e-07 0.00480134 0.000837533 18 0.00173279 -0.0214479 0.16765 -0.0384091 0.155264 -6.41289e-05 1.0000 0 0 0 0   0 0 0
162 1 2 0 11 2.57622e-07 -0.00810511 -0.00708713 18 0.0148004 -0.00387261 0.180097 0.0648382 0.218682 0.000542046 1.0000 0 0 0 0   0 0 0
163 1 2 0 11 2.58016e-07 -0.00237043 -0.0211923 18 -0.0132955 0.016246 0.214154 0.0189769 0.331831 0.00160614 1.0000 0 0 0 0   0 0 0
164 1 2 0 11 2.58093e-07 -0.0150813 -0.0307928 18 0.00140522 0.00403022 0.217219 0.120879 0.409213 0.00230689 1.0000 0 0 0 0   0 0 0
167 1 2 0 11 2.58356e-07 -0.0300903 -0.019408 18 0.0400981 0.0129351 0.209774 0.24127 0.317756 0.00147334 1.0000 0 0 0 0   0 0 0
168 1 2 0 11 2.5807e-07 -0.0130425 0.00307548 18 -0.00492334 -0.00165593 0.216907 0.104336 0.137365 -0.000235441 1.0000 0 0 0 0   0 0 0
169 1 2 0 11 2.58096e-07 -0.00346033 -0.0202422 18 0.0047651 0.0074461 0.210492 0.0276992 0.324189 0.00153544 1.0000 0 0 0 0   0 0 0
170 1 2 0 11 2.58168e-07 0.0169913 -0.0200448 18 -0.00178835 0.0163574 0.213585 -0.1361 0.322709 0.00152074 1.0000 0 0 0 0   0 0 0
171 1 2 0 11 2.58045e-07 -0.00185631 -0.0162869 18 0.0121192 -0.00680945 0.212583 0.0148499 0.292377 0.00123953 1.0000 0 0 0 0   0 0 0
172 1 2 0 11 2.58188e-07 -0.00712305 -0.0227039 18 0.0185172 0.00500372 0.20517 0.0570416 0.344017 0.00171802 1.0000 0 0 0 0   0 0 0
174 1 2 0 11 2.57588e-07 0.00556644 -0.0197985 18 0.0229044 -0.000206083 0.166026 -0.0445584 0.32063 0.00150241 1.0000 0 0 0 0   0 0 0
175 1 2 0 11 2.59706e-07 -0.000544216 0.00796179 18 -0.0549073 0.0285942 0.14939 0.00435354 0.0983016 -0.000608771 1.0000 0 0 0 0   0 0 0
176 1 2 0 11 2.57134e-07 -0.0198062 -0.014339 18 0.00306415 -0.0211676 0.187913 0.158619 0.276895 0.00109278 1.0000 0 0 0 0   0 0 0
177 1 2 0 11 2.57471e-07 -0.0441134 -0.068259 18 -0.00655674 -0.0146717 0.183577 0.357705 0.71755 0.00467377 1.0000 0 0 0 0   0 0 0
178 1 2 0 11 2.57266e-07 -0.0464307 0.00205968 18 -0.0477146 0.0150256 0.178952 0.373014 0.145418 -0.000157701 1.0000 0 0 0 0   0 0 0
179 1 2 0 11 2.57675e-07 0.00972395 -0.0201751 18 0.0096857 0.010634 0.162146 -0.0778573 0.32369 0.00153045 1.0000 0 0 0 0   0 0 0
180 1 2 0 11 2.57247e-07 -0.0379276 -0.0068343 18 -0.0588006 0.0149464 0.200461 0.304294 0.216817 0.000522746 1.0000 0 0 0 0   0 0 0
181 1 2 0 11 2.58237e-07 -0.00907899 -0.00412776 18 -0.00185542 0.00487012 0.203443 0.0726288 0.194992 0.000315949 1.0000 0 0 0 0   0 0 0
182 1 2 0 11 2.58343e-07 0.015798 0.00608715 18 -0.00847486 -0.0297318 0.201516 -0.12638 0.113285 -0.000465712 1.0000 0 0 0 0   0 0 0
183 1 2 0 11 2.57945e-07 -0.0198491 0.00787259 18 -0.00900985 -0.0184869 0.217606 0.158906 0.0989669 -0.000601976 1.0000 0 0 0 0   0 0 0
184 1 2 0 11 2.5828e-07 0.0108074 0.00855712 18 -0.0181313 -0.0196802 0.204021 -0.0864554 0.093544 -0.000654124 1.0000 0 0 0 0   0 0 0
185 1 2 0 11 2.58048e-07 -0.0131006 -0.00198339 18 -0.024048 0.00308685 0.212018 0.104801 0.177832 0.000151863 1.0000 0 0 0 0   0 0 0
186 1 2 0 11 2.58275e-07 -0.0314481 0.00336789 18 -0.00262226 0.0106624 0.208786 0.251997 0.134982 -0.000257819 1.0000 0 0 0 0   0 0 0
187 1 2 0 11 2.5803e-07 -0.00309136 -0.0200837 18 -0.00707303 -0.00526508 0.209541 0.0247449 0.322913 0.00152364 1.0000 0 0 0 0   0 0 0
188 1 2 0 11 2.5809e-07 0.0412564 0.00153176 18 -0.0163546 -0.0132149 0.202612 -0.331174 0.149669 -0.000117285 1.0000 0 0 0 0   0 0 0
189 1 2 0 11 2.58132e-07 -0.0290262 -0.0208325 18 -0.000417704 0.00381166 0.212307 0.232733 0.329201 0.00157938 1.0000 0 0 0 0   0 0 0
190 1 2 0 11 2.58308e-07 0.0270857 -0.023976 18 -0.032073 0.0145762 0.179808 -0.217197 0.354492 0.00181174 1.0000 0 0 0 0   0 0 0
191 1 2 0 11 2.58414e-07 0.0310771 -0.0146206 18 -0.0280274 -0.000285531 0.183032 -0.249092 0.279252 0.00111404 1.0000 0 0 0 0   0 0 0
192 1 2 0 11 2.58146e-07 0.0109461 0.00674818 18 -0.0159317 0.000734435 0.195852 -0.087565 0.108002 -0.000516173 1.0000 0 0 0 0   0 0 0
193 1 2 0 11 2.58159e-07 0.0247388 0.0222749 18 -0.0246121 -0.0125642 0.210077 -0.198253 -0.016313 -0.00168627 1.0000 0 0 0 0   0 0 0
194 1 2 0 11 2.58067e-07 -0.000903465 -0.00537483 18 -0.0158727 -0.00926088 0.210845 0.00722741 0.204974 0.000411291 1.0000 0 0 0 0   0 0 0
195 1 2 0 11 2.5832e-07 0.024286 -0.00119109 18 -0.00939112 -0.00636224 0.187214 -0.194493 0.171503 9.11999e-05 1.0000 0 0 0 0   0 0 0
196 1 2 0 11 2.58007e-07 0.0310654 0.013378 18 -0.00688027 0.00684119 0.191072 -0.248964 0.054833 -0.00102022 1.0000 0 0 0 0   0 0 0
197 1 2 0 11 2.58156e-07 0.0279304 0.00397641 18 -0.000520324 -0.0103921 0.201426 -0.223756 0.130115 -0.000304378 1.0000 0 0 0 0   0 0 0
198 1 2 0 11 2.57917e-07 0.0140522 0.118594 18 -0.00931233 -0.0323733 0.248335 -0.115778 -0.809412 -0.00624747 1.0000 0 0 0 0   0 0 0
199 1 2 0 11 2.58213e-07 0.00262467 -0.00304337 18 0.00595797 -0.0169323 0.197758 -0.0209965 0.186314 0.000232983 1.0000 0 0 0 0   0 0 0
200 1 2 0 11 2.58027e-07 0.00366628 0.0128732 18 0.00121454 -0.0221732 0.217874 -0.029329 0.05906 -0.000981982 1.0000 0 0 0 0   0 0 0
0 1 2 0 12 2.64458e-07 -0.00641636 -0.0113534 19.8 0 0 0.204 0 0 0 1.0000 0 0 0 0   0 0 0
1 1 2 0 12 2.64672e-07 -0.0414797 -0.0295706 19.8 0.0281381 -0.000145906 0.234368 0.333452 0.400085 0.00221903 1.0000 0 0 0 0   0 0 0
2 1 2 0 12 2.64537e-07 0.000771761 -0.0283894 19.8 -0.00308642 -0.0103165 0.223079 -0.00618283 0.389775 0.00213382 1.0000 0 0 0 0   0 0 0
3 1 2 0 12 2.64611e-07 -0.0161761 -0.0242876 19.8 0.0288901 0.00472598 0.221573 0.1296 0.356825 0.00183466 1.0000 0 0 0 0   0 0 0
4 1 2 0 12 2.64542e-07 -0.010206 -0.0210819 19.8 0.00397892 0.0193693 0.226429 0.0817265 0.330988 0.00159795 1.0000 0 0 0 0   0 0 0
5 1 2 0 12 2.64503e-07 -0.0267202 -0.0184461 19.8 0.019049 0.00550311 0.224655 0.214122 0.30994 0.00140144 1.0000 0 0 0 0   0 0 0
6 1 2 0 12 2.64601e-07 0.00327083 -0.0172882 19.8 -0.00345583 0.00295615 0.226043 -0.0261694 0.300423 0.0013148 1.0000 0 0 0 0   0 0 0
7 1 2 0 12 2.6463e-07 -0.0107407 -0.00885293 19.8 0.0290263 -0.0148724 0.220878 0.0859219 0.232821 0.000676659 1.0000 0 0 0 0   0 0 0
8 1 2 0 12 2.64535e-07 0.00211321 -0.0239709 19.8 0.00444706 0.00536899 0.214976 -0.0169231 0.354196 0.00181137 1.0000 0 0 0 0   0 0 0
9 1 2 0 12 2.64614e-07 -0.0364796 -0.0142066 19.8 0.0208213 0.0061094 0.240607 0.292712 0.276052 0.00108279 1.0000 0 0 0 0   0 0 0
10 1 2 0 12 2.64688e-07 0.0194241 -0.079012 19.8 -0.00734366 0.00411608 0.240874 -0.157509 0.805429 0.00519528 1.0000 0 0 0 0   0 0 0
11 1 2 0 12 2.64788e-07 0.00283239 -0.0774952 19.8 -0.00979586 -0.00177103 0.228791 -0.0229425 0.792341 0.00512691 1.0000 0 0 0 0   0 0 0
12 1 2 0 12 2.64936e-07 -0.0160506 0.025178 19.8 -0.00284316 -0.034414 0.209613 0.1286 -0.039472 -0.00190004 1.0000 0 0 0 0   0 0 0
14 1 2 0 12 2.64765e-07 0.02155 0.0204227 19.8 -0.0238403 -0.00989239 0.214981 -0.17266 -0.00146985 -0.00154888 1.0000 0 0 0 0   0 0 0
15 1 2 0 12 2.65012e-07 -0.0443795 0.012326 19.8 -0.00418016 0.015403 0.222883 0.356515 0.0630161 -0.00094053 1.0000 0 0 0 0   0 0 0
16 1 2 0 12 2.64953e-07 -0.0199311 0.0286437 19.8 -0.00936925 -0.0045378 0.217608 0.159776 -0.0672753 -0.00215226 1.0000 0 0 0 0   0 0 0
17 1 2 0 12 2.65123e-07 -0.0421673 0.0144269 19.8 -0.00808767 0.00521651 0.215257 0.338668 0.0461908 -0.00109942 1.0000 0 0 0 0   0 0 0
18 1 2 0 12 2.64777e-07 6.50081e-06 0.00240805 19.8 -0.0127904 -0.0193971 0.227411 -5.20043e-05 0.142703 -0.000184362 1.0000 0 0 0 0   0 0 0
19 1 2 0 12 2.64598e-07 0.00904902 -0.0196591 19.8 -0.000240901 -0.00193856 0.212585 -0.0724464 0.319534 0.00149203 1.0000 0 0 0 0   0 0 0
20 1 2 0 12 2.64586e-07 -0.0226384 -0.0113403 19.8 -0.00259888 -0.0294983 0.201326 0.181316 0.252851 0.000865814 1.0000 0 0 0 0   0 0 0
21 1 2 0 12 2.64439e-07 0.0226191 -0.00344859 19.8 -0.00482166 -0.0225301 0.213202 -0.181116 0.189583 0.000263994 1.0000 0 0 0 0   0 0 0
22 1 2 0 12 2.64474e-07 -0.00956698 -0.0301215 19.8 -0.000761415 -0.00019673 0.217413 0.0766608 0.40375 0.00225865 1.0000 0 0 0 0   0 0 0
23 1 2 0 12 2.64419e-07 -0.00794636 -0.0123547 19.8 -0.0264217 0.00899248 0.223257 0.0635682 0.260868 0.000942703 1.0000 0 0 0 0   0 0 0
24 1 2 0 12 2.64492e-07 -0.000874981 -0.0118737 19.8 -0.00624315 -0.0229356 0.221807 0.00699955 0.257015 0.000906264 1.0000 0 0 0 0   0 0 0
25 1 2 0 12 2.64581e-07 -0.0243818 -0.000945684 19.8 0.0184839 0.00905032 0.205059 0.195262 0.169538 7.24096e-05 1.0000 0 0 0 0   0 0 0
26 1 2 0 12 2.6436e-07 0.0190685 0.0559314 19.8 -0.00902538 -0.00686497 0.236702 -0.153643 -0.287276 -0.00397788 1.0000 0 0 0 0   0 0 0
27 1 2 0 12 2.64692e-07 0.00790369 -0.0287513 19.8 -0.00773579 -0.000319058 0.205401 -0.0633255 0.392707 0.00216006 1.0000 0 0 0 0   0 0 0
28 1 2 0 12 2.65019e-07 -0.0205842 -0.0369326 19.8 0.00290816 -0.0149561 0.219181 0.165262 0.459111 0.00273996 1.0000 0 0 0 0   0 0 0
29 1 2 0 12 2.64931e-07 -0.021424 0.00851159 19.8 -0.0109827 -0.0348355 0.229806 0.17155 0.0938422 -0.000650656 1.0000 0 0 0 0   0 0 0
30 1 2 0 12 2.65636e-07 -0.00057539 -0.0255116 19.8 -0.0279651 0.0236256 0.187694 0.00460853 0.366599 0.00192441 1.0000 0 0 0 0   0 0 0
31 1 2 0 12 2.6497e-07 -0.0361218 -0.0124644 19.8 0.0223882 -0.0191637 0.224432 0.289786 0.262032 0.000951015 1.0000 0 0 0 0   0 0 0
32 1 2 0 12 2.65014e-07 -0.0234963 -0.0281041 19.8 -0.00955925 -0.00252241 0.222236 0.188433 0.387718 0.00211314 1.0000 0 0 0 0   0 0 0
33 1 2 0 12 2.64841e-07 0.00143826 -0.0209667 19.8 -0.00475406 -0.00407474 0.226524 -0.0115137 0.330014 0.00158938 1.0000 0 0 0 0   0 0 0
34 1 2 0 12 2.6493e-07 -0.0792702 0.0256242 19.8 -0.0150465 0.0101441 0.225186 0.643134 -0.0456248 -0.00193264 1.0000 0 0 0 0   0 0 0
36 1 2 0 12 2.64827e-07 -0.00119138 -0.0225761 19.8 -0.0068025 0.000489486 0.229281 0.00953933 0.342967 0.00170856 1.0000 0 0 0 0   0 0 0
37 1 2 0 12 2.64994e-07 -0.043022 0.0235194 19.8 -0.00154083 -0.0233628 0.218837 0.345747 -0.0267931 -0.00177816 1.0000 0 0 0 0   0 0 0
38 1 2 0 12 2.64537e-07 -0.016821 -0.021046 19.8 -0.00979057 -0.0100492 0.205423 0.134743 0.330757 0.00159528 1.0000 0 0 0 0   0 0 0
40 1 2 0 12 2.64392e-07 0.0119671 -0.0180298 19.8 -0.00723478 -0.00752245 0.195494 -0.0958089 0.306462 0.0013703 1.0000 0 0 0 0   0 0 0
41 1 2 0 12 2.64725e-07 -0.0283709 0.00712297 19.8 0.00652486 -0.0117833 0.202766 0.227303 0.104919 -0.000544783 1.0000 0 0 0 0   0 0 0
42 1 2 0 12 2.64596e-07 -0.046553 -0.0170072 19.8 -0.00535036 -0.0110572 0.210212 0.374149 0.298786 0.00129368 1.0000 0 0 0 0   0 0 0
43 1 2 0 12 2.65466e-07 0.00411928 -0.0195129 19.8 -0.0466297 0.0286785 0.166584 -0.0329711 0.318324 0.00148115 1.0000 0 0 0 0   0 0 0
44 1 2 0 12 2.64711e-07 -0.0107298 -0.0367047 19.8 -0.00329133 -0.00384874 0.190083 0.0860802 0.45705 0.00272418 1.0000 0 0 0 0   0 0 0
45 1 2 0 12 2.65066e-07 -0.0510116 0.0501299 19.8 -0.00391917 -0.0197657 0.223512 0.412382 -0.242141 -0.00361884 1.0000 0 0 0 0   0 0 0
46 1 2 0 12 2.64839e-07 -0.00219767 0.0356653 19.8 0.00200538 -0.0151496 0.196878 0.017621 -0.123414 -0.00265163 1.0000 0 0 0 0   0 0 0
47 1 2 0 12 2.64742e-07 -0.0306954 -0.000598267 19.8 -0.0636756 0.0353448 0.151661 0.245951 0.166758 4.58083e-05 1.0000 0 0 0 0   0 0 0
48 1 2 0 12 2.64626e-07 -0.0350208 0.0165391 19.8 -0.0152221 0.0173293 0.199424 0.280983 0.0293927 -0.0012585 1.0000 0 0 0 0   0 0 0
49 1 2 0 12 2.6472e-07 -0.0118246 -0.0164486 19.8 -0.0120889 -0.0179897 0.185176 0.0946495 0.293752 0.00125169 1.0000 0 0 0 0   0 0 0
50 1 2 0 12 2.63841e-07 -0.0540092 -0.0318567 19.8 0.0469871 0.022631 0.228043 0.435535 0.419329 0.00238276 1.0000 0 0 0 0   0 0 0
51 1 2 0 12 2.65236e-07 0.0116768 -0.0483465 19.8 -0.0157633 -0.00796886 0.223001 -0.0938491 0.551606 0.00350481 1.0000 0 0 0 0   0 0 0
52 1 2 0 12 2.65099e-07 -0.0392162 -0.0161289 19.8 -0.0256432 -0.00236873 0.232575 0.314857 0.29158 0.00122765 1.0000 0 0 0 0   0 0 0
53 1 2 0 12 2.64533e-07 -0.0154008 -0.0133225 19.8 -0.0262277 0.0113782 0.213104 0.123277 0.268687 0.00101602 1.0000 0 0 0 0   0 0 0
54 1 2 0 12 2.64628e-07 -0.0331689 0.00139441 19.8 -0.00426212 0.0127614 0.209716 0.265809 0.15079 -0.000106768 1.0000 0 0 0 0   0 0 0
55 1 2 0 12 2.64735e-07 -0.01428 -0.00823488 19.8 -0.00521798 0.00623635 0.205376 0.114235 0.227872 0.000629576 1.0000 0 0 0 0   0 0 0
56 1 2 0 12 2.64618e-07 -0.00997572 -0.0205182 19.8 -0.0023061 0.013055 0.214677 0.0798771 0.326452 0.00155598 1.0000 0 0 0 0   0 0 0
57 1 2 0 12 2.64687e-07 -0.000564408 -0.0391266 19.8 0.00404005 0.00849674 0.203296 0.00452879 0.47662 0.0028913 1.0000 0 0 0 0   0 0 0
58 1 2 0 12 2.64706e-07 -0.0131922 -0.0186618 19.8 -0.00941663 0.00145328 0.195857 0.105633 0.311554 0.00141759 1.0000 0 0 0 0   0 0 0
59 1 2 0 12 2.64507e-07 -0.00320272 -0.00839596 19.8 -0.00630038 -0.00302764 0.215814 0.0256207 0.229162 0.000641847 1.0000 0 0 0 0   0 0 0
60 1 2 0 12 2.64582e-07 -0.0135854 -0.00845079 19.8 -0.00496041 0.00127446 0.209616 0.108679 0.229601 0.000646024 1.0000 0 0 0 0   0 0 0
61 1 2 0 12 2.6466e-07 -0.00947512 -0.0137747 19.8 0.00503299 0.0144022 0.211812 0.0757977 0.272245 0.00105019 1.0000 0 0 0 0   0 0 0
62 1 2 0 12 2.64827e-07 -0.0111527 0.00789073 19.8 -0.00239006 -0.00165256 0.209137 0.0892178 0.0988695 -0.000603358 1.0000 0 0 0 0   0 0 0
63 1 2 0 12 2.64722e-07 -0.0236834 -0.0076718 19.8 0.00185372 0.0116439 0.206079 0.189679 0.223434 0.000586678 1.0000 0 0 0 0   0 0 0
64 1 2 0 12 2.6492e-07 0.0335331 0.00837149 19.8 -0.0232723 -0.0141853 0.190497 -0.268793 0.0948929 -0.000639983 1.0000 0 0 0 0   0 0 0
65 1 2 0 12 2.67026e-07 -0.01503 -0.106076 19.8 -0.0462913 -0.0833221 0.118821 0.123149 1.03583 0.0060782 1.0000 0 0 0 0   0 0 0
66 1 2 0 12 2.64731e-07 0.0271952 0.0224937 19.8 0.00771005 -0.0016056 0.194674 -0.21803 -0.0181374 -0.00170247 1.0000 0 0 0 0   0 0 0
67 1 2 0 12 2.64833e-07 0.00647905 0.0218891 19.8 4.77475e-06 -0.0175377 0.188071 -0.0518788 -0.0130826 -0.00165771 1.0000 0 0 0 0   0 0 0
68 1 2 0 12 2.64888e-07 -0.0160928 0.0028068 19.8 0.0198748 0.0237211 0.202736 0.128737 0.139514 -0.000214879 1.0000 0 0 0 0   0 0 0
69 1 2 0 12 2.64483e-07 -0.0125981 0.0410887 19.8 0.000539004 -0.0424921 0.189064 0.101157 -0.167181 -0.00302502 1.0000 0 0 0 0   0 0 0
70 1 2 0 12 2.64505e-07 0.0120224 -0.0220413 19.8 -0.0191774 0.0387009 0.175922 -0.0962887 0.338721 0.00166897 1.0000 0 0 0 0   0 0 0
71 1 2 0 12 2.6399e-07 -0.0252693 -0.0216855 19.8 -0.0200832 0.00211344 0.169706 0.202504 0.335967 0.00164264 1.0000 0 0 0 0   0 0 0
72 1 2 0 12 2.64813e-07 -0.00247631 0.0222762 19.8 0.0282429 0.00376979 0.209172 0.0198272 -0.0161658 -0.00168637 1.0000 0 0 0 0   0 0 0
73 1 2 0 12 2.6471e-07 0.00861601 -0.0104386 19.8 0.0248666 0.0534094 0.195864 -0.0689252 0.24552 0.000797298 1.0000 0 0 0 0   0 0 0
74 1 2 0 12 2.64479e-07 -0.0128012 -0.00836178 19.8 0.0087558 0.00252799 0.219107 0.102405 0.228888 0.000639243 1.0000 0 0 0 0   0 0 0
75 1 2 0 12 2.64693e-07 -0.00238346 -0.0192736 19.8 -0.0169522 -0.0050998 0.219613 0.0190759 0.316392 0.00146334 1.0000 0 0 0 0   0 0 0
76 1 2 0 12 2.64746e-07 -0.00141487 -0.0335148 19.8 -0.000396431 -0.00857 0.208684 0.0113387 0.43107 0.00250044 1.0000 0 0 0 0   0 0 0
77 1 2 0 12 2.64591e-07 -0.00876856 -0.0159307 19.8 0.000306119 -0.00532788 0.220322 0.0701637 0.289555 0.00121275 1.0000 0 0 0 0   0 0 0
78 1 2 0 12 2.64639e-07 -0.0232769 -0.0239003 19.8 0.0109327 -0.00287316 0.22747 0.186538 0.353764 0.00180617 1.0000 0 0 0 0   0 0 0
79 1 2 0 12 2.64622e-07 0.00481528 -0.00995497 19.8 -0.0059554 0.00961387 0.218519 -0.0385206 0.241646 0.000760545 1.0000 0 0 0 0   0 0 0
80 1 2 0 12 2.64772e-07 -0.00841534 0.00214707 19.8 0.00125671 -0.00203694 0.217917 0.0673198 0.14479 -0.00016439 1.0000 0 0 0 0   0 0 0
81 1 2 0 12 2.64623e-07 -0.015325 -0.0279792 19.8 0.0212148 -0.0117872 0.224273 0.122803 0.38653 0.00210408 1.0000 0 0 0 0   0 0 0
82 1 2 0 12 2.64557e-07 -0.0184745 -0.0112351 19.8 -0.00663175 -0.00407141 0.216152 0.147906 0.25197 0.000857817 1.0000 0 0 0 0   0 0 0
83 1 2 0 12 2.64647e-07 0.00507712 -0.022106 19.8 0.00132535 0.000317028 0.21808 -0.0406526 0.339194 0.00167376 1.0000 0 0 0 0   0 0 0
84 1 2 0 12 2.64824e-07 -0.00342848 -0.0104661 19.8 0.0193429 -0.0104434 0.192611 0.0274267 0.24574 0.000799385 1.0000 0 0 0 0   0 0 0
85 1 2 0 12 2.6456e-07 -0.0356356 -0.00351614 19.8 0.00754238 -0.0106289 0.214389 0.285733 0.190162 0.000269164 1.0000 0 0 0 0   0 0 0
86 1 2 0 12 2.64672e-07 -0.027667 -0.0321271 19.8 0.00172206 -0.00259538 0.209244 0.222132 0.420383 0.00240205 1.0000 0 0 0 0   0 0 0
87 1 2 0 12 2.64541e-07 -0.0296321 -0.0172779 19.8 -0.0155706 -0.00376622 0.208195 0.237507 0.300589 0.00131403 1.0000 0 0 0 0   0 0 0
88 1 2 0 12 2.64559e-07 -0.021873 -0.00724602 19.8 -0.0279172 -0.008712 0.217585 0.175145 0.22001 0.000554176 1.0000 0 0 0 0   0 0 0
89 1 2 0 12 2.64503e-07 -0.0318131 -0.0266716 19.8 0.0241296 0.0081898 0.218874 0.255381 0.376401 0.00200915 1.0000 0 0 0 0   0 0 0
90 1 2 0 12 2.64783e-07 0.00960017 0.0138171 19.8 -0.0127406 -0.0200162 0.191913 -0.0767981 0.0515208 -0.00105338 1.0000 0 0 0 0   0 0 0
91 1 2 0 12 2.64658e-07 -0.0106947 0.00674288 19.8 0.00879918 -0.0115292 0.213039 0.0855539 0.108044 -0.000515768 1.0000 0 0 0 0   0 0 0
92 1 2 0 12 2.64748e-07 -0.00949025 -0.000720158 19.8 0.00293748 -0.00486754 0.2061 0.0759187 0.167725 5.51414e-05 1.0000 0 0 0 0   0 0 0
93 1 2 0 12 2.64551e-07 -0.00574357 0.0222846 19.8 0.0108945 -0.00462774 0.232276 0.0459907 -0.0162451 -0.00168698 1.0000 0 0 0 0   0 0 0
94 1 2 0 12 2.64602e-07 -0.0107787 -0.0282339 19.8 -0.00652165 0.00288958 0.221833 0.0863627 0.388554 0.00212255 1.0000 0 0 0 0   0 0 0
95 1 2 0 12 2.64643e-07 0.00810854 0.0173539 19.8 0.0110715 -0.0276512 0.23927 -0.0648933 0.0232193 -0.00131972 1.0000 0 0 0 0   0 0 0
96 1 2 0 12 2.64743e-07 0.0189034 0.0120003 19.8 0.0128688 -0.00591838 0.238369 -0.151355 0.0659477 -0.000915854 1.0000 0 0 0 0   0 0 0
97 1 2 0 12 2.64648e-07 -0.00605081 -0.0273535 19.8 -0.00565246 -0.00303574 0.219502 0.0484736 0.381443 0.00205871 1.0000 0 0 0 0   0 0 0
98 1 2 0 12 2.64682e-07 0.0395281 -0.0206383 19.8 0.00418411 -0.0134748 0.231499 -0.317473 0.32792 0.00156493 1.0000 0 0 0 0   0 0 0
99 1 2 0 12 2.64776e-07 0.0162881 -0.0106774 19.8 -0.00691144 -0.0132077 0.20865 -0.130362 0.247474 0.000815442 1.0000 0 0 0 0   0 0 0
100 1 2 0 12 2.64575e-07 -0.00539992 0.0104551 19.8 0.018539 -0.015466 0.223855 0.0431975 0.0783779 -0.000798548 1.0000 0 0 0 0   0 0 0
101 1 2 0 12 2.64734e-07 0.0116586 -0.0328213 19.8 -0.00858371 0.00795376 0.219777 -0.0934588 0.425567 0.00245143 1.0000 0 0 0 0   0 0 0
102 1 2 0 12 2.64544e-07 -0.00254777 -0.0253491 19.8 0.023208 -0.00457824 0.223461 0.020406 0.365293 0.00191254 1.0000 0 0 0 0   0 0 0
103 1 2 0 12 2.64619e-07 0.00104857 -0.0148708 19.8 -0.0188849 -0.0475136 0.161383 -0.00838822 0.281028 0.00113292 1.0000 0 0 0 0   0 0 0
104 1 2 0 12 2.65056e-07 0.00943275 -0.00961949 19.8 -0.00142095 0.00864665 0.20314 -0.0754588 0.238959 0.000735053 1.0000 0 0 0 0   0 0 0
105 1 2 0 12 2.649e-07 -0.00291788 -0.0493143 19.8 0.0148592 0.0148607 0.196109 0.0234506 0.559411 0.00356681 1.0000 0 0 0 0   0 0 0
106 1 2 0 12 2.64738e-07 0.0163624 -0.0209128 19.8 0.00643142 -0.00928985 0.171073 -0.131065 0.329682 0.00158537 1.0000 0 0 0 0   0 0 0
108 1 2 0 12 2.64599e-07 0.00920095 -0.00813234 19.8 0.0241381 -0.00201324 0.165092 -0.0736045 0.227051 0.000621764 1.0000 0 0 0 0   0 0 0
109 1 2 0 12 2.65028e-07 -0.0606948 -0.0171429 19.8 0.0249358 -0.00676218 0.219193 0.489486 0.300353 0.00130388 1.0000 0 0 0 0   0 0 0
110 1 2 0 12 2.64653e-07 -0.0101943 -0.0177384 19.8 0.0176371 -0.0377412 0.170358 0.0816025 0.304101 0.00134849 1.0000 0 0 0 0   0 0 0
111 1 2 0 12 2.64627e-07 -0.00538898 -0.0213321 19.8 0.015321 -0.0384684 0.172099 0.0431461 0.332968 0.00161648 1.0000 0 0 0 0   0 0 0
112 1 2 0 12 2.65554e-07 0.0488997 -0.0149576 19.8 0.0204166 -0.00316995 0.185615 -0.393126 0.282319 0.00113948 1.0000 0 0 0 0   0 0 0
113 1 2 0 12 2.64079e-07 -0.0200099 0.0124019 19.8 -0.020827 0.0126879 0.167483 0.160235 0.0627238 -0.000946277 1.0000 0 0 0 0   0 0 0
114 1 2 0 12 2.63799e-07 0.00773867 -0.0237585 19.8 -0.0197066 -0.00732449 0.202202 -0.061979 0.352509 0.00179575 1.0000 0 0 0 0   0 0 0
115 1 2 0 12 2.64926e-07 -0.00753967 0.0130802 19.8 0.00235537 -0.0217499 0.1993 0.0603148 0.0574061 -0.000997667 1.0000 0 0 0 0   0 0 0
116 1 2 0 12 2.64595e-07 -0.00238968 -0.000165242 19.8 -0.0254606 0.0386065 0.178172 0.0191166 0.163285 1.26522e-05 1.0000 0 0 0 0   0 0 0
117 1 2 0 12 2.6457e-07 0.0190372 -0.0206918 19.8 -0.0102315 0.0241043 0.217053 -0.15251 0.327928 0.00156891 1.0000 0 0 0 0   0 0 0
118 1 2 0 12 2.63985e-07 -0.0256849 -0.0748653 19.8 -0.00892013 0.0114706 0.25641 0.208148 0.771157 0.00500467 1.0000 0 0 0 0   0 0 0
119 1 2 0 12 2.64662e-07 -0.0110476 0.00505782 19.8 -0.00517907 0.0108865 0.172883 0.0883766 0.121515 -0.000387055 1.0000 0 0 0 0   0 0 0
120 1 2 0 12 2.63786e-07 -0.0077632 -0.0122423 19.8 0.000416698 -0.000908007 0.220782 0.062103 0.259968 0.000934187 1.0000 0 0 0 0   0 0 0
121 1 2 0 12 2.64319e-07 0.0214316 -0.0892641 19.8 -0.00507316 -0.0036135 0.20532 -0.174483 0.892165 0.00560687 1.0000 0 0 0 0   0 0 0
122 1 2 0 12 2.64624e-07 -0.0288973 0.00832704 19.8 -0.00827591 0.00458486 0.184128 0.231534 0.0952775 -0.000636597 1.0000 0 0 0 0   0 0 0
123 1 2 0 12 2.65051e-07 0.0172283 0.00750828 19.8 -0.0197218 -0.0297976 0.18125 -0.137871 0.101904 -0.000574196 1.0000 0 0 0 0   0 0 0
124 1 2 0 12 2.65676e-07 -0.0256507 -0.0233105 19.8 -0.0920137 -0.0155355 0.153851 0.205614 0.349072 0.00176279 1.0000 0 0 0 0   0 0 0
125 1 2 0 12 2.64552e-07 -0.000493959 -0.00123414 19.8 -0.0259309 0.0359384 0.159278 0.00395151 0.171837 9.44965e-05 1.0000 0 0 0 0   0 0 0
126 1 2 0 12 2.64573e-07 -0.00650682 0.0190691 19.8 0.0275341 -0.0296433 0.180511 0.0520827 0.0094973 -0.00144807 1.0000 0 0 0 0   0 0 0
127 1 2 0 12 2.64613e-07 0.0048828 -0.0190995 19.8 0.00532943 -0.00300111 0.170554 -0.039081 0.315002 0.00145034 1.0000 0 0 0 0   0 0 0
128 1 2 0 12 2.64122e-07 0.00104961 -0.00946191 19.8 0.0157927 0.00305262 0.164146 -0.00839652 0.237697 0.000723053 1.0000 0 0 0 0   0 0 0
129 1 2 0 12 2.64507e-07 0.00608443 -0.00958924 19.8 0.0141786 0.0340327 0.169911 -0.0486733 0.238717 0.000732753 1.0000 0 0 0 0   0 0 0
130 1 2 0 12 2.63933e-07 -0.00146 0.00560403 19.8 0.0130252 0.0280602 0.181751 0.0116795 0.117148 -0.000428814 1.0000 0 0 0 0   0 0 0
131 1 2 0 12 2.64682e-07 0.0237402 -0.0178498 19.8 0.0242817 -0.00604663 0.172895 -0.190209 0.305126 0.00135682 1.0000 0 0 0 0   0 0 0
132 1 2 0 12 2.6423e-07 -0.0341997 -0.00370244 19.8 0.00322 0.000647901 0.166338 0.274124 0.191647 0.000283422 1.0000 0 0 0 0   0 0 0
133 1 2 0 12 2.6472e-07 -0.0219501 0.00784664 19.8 0.0169731 -0.0215273 0.229085 0.175768 0.0991596 -0.000599999 1.0000 0 0 0 0   0 0 0
134 1 2 0 12 2.65045e-07 -0.0378273 -0.00594322 19.8 0.03852 -0.0141394 0.212364 0.303473 0.20966 0.000454725 1.0000 0 0 0 0   0 0 0
135 1 2 0 12 2.64788e-07 -0.00757355 -0.0308564 19.8 0.00228453 -0.0028497 0.230878 0.060688 0.409662 0.00231143 1.0000 0 0 0 0   0 0 0
136 1 2 0 12 2.64792e-07 -0.0169887 -0.00183464 19.8 0.0039833 -0.0192895 0.221018 0.13591 0.176642 0.000140476 1.0000 0 0 0 0   0 0 0
137 1 2 0 12 2.64959e-07 -0.00147219 -0.000482911 19.8 0.0107481 -0.00658092 0.205188 0.0117771 0.165827 3.69757e-05 1.0000 0 0 0 0   0 0 0
138 1 2 0 12 2.65088e-07 -0.0171749 -0.00698174 19.8 0.0363914 0.00300916 0.208978 0.137438 0.217856 0.000534001 1.0000 0 0 0 0   0 0 0
139 1 2 0 12 2.64903e-07 -0.0265787 -0.0224567 19.8 0.0207815 -0.00478802 0.21428 0.213061 0.342216 0.00169973 1.0000 0 0 0 0   0 0 0
140 1 2 0 12 2.64831e-07 0.00268737 -0.0248767 19.8 0.0140691 0.0122108 0.226668 -0.0215232 0.36149 0.001878 1.0000 0 0 0 0   0 0 0
141 1 2 0 12 2.64888e-07 -0.0102678 -0.0080985 19.8 0.0164954 -0.000801862 0.206278 0.0821389 0.22678 0.000619186 1.0000 0 0 0 0   0 0 0
142 1 2 0 12 2.65143e-07 -0.052672 0.0375098 19.8 0.0238492 -0.0177749 0.2173 0.424926 -0.139992 -0.00277993 1.0000 0 0 0 0   0 0 0
143 1 2 0 12 2.64842e-07 -0.0166453 -0.0115883 19.8 -0.00888229 0.00682268 0.22089 0.133237 0.254785 0.000884645 1.0000 0 0 0 0   0 0 0
144 1 2 0 12 2.64532e-07 -0.00308674 -0.0184583 19.8 0.0120717 0.0117108 0.225613 0.0247016 0.309835 0.00140236 1.0000 0 0 0 0   0 0 0
145 1 2 0 12 2.64584e-07 0.00331666 -0.0150365 19.8 -0.00100118 -0.00856446 0.219702 -0.0265321 0.282356 0.00114543 1.0000 0 0 0 0   0 0 0
146 1 2 0 12 2.64592e-07 -0.0256145 -0.0124387 19.8 0.0105615 0.0101947 0.231738 0.205208 0.261687 0.000949067 1.0000 0 0 0 0   0 0 0
147 1 2 0 12 2.6451e-07 0.00133621 -0.00939771 19.8 -0.00130224 -0.00590395 0.22678 -0.0106892 0.237183 0.000718162 1.0000 0 0 0 0   0 0 0
148 1 2 0 12 2.6453e-07 -0.00462577 -0.00968512 19.8 -0.00669813 0.00763583 0.225704 0.0370046 0.239485 0.00074004 1.0000 0 0 0 0   0 0 0
149 1 2 0 12 2.64642e-07 0.00806825 -0.0286244 19.8 -0.00107952 0.0112727 0.228195 -0.0646437 0.391686 0.00215086 1.0000 0 0 0 0   0 0 0
150 1 2 0 12 2.64601e-07 0.00507383 -0.0288123 19.8 -0.0116209 -0.00928116 0.222955 -0.0406507 0.393188 0.00216447 1.0000 0 0 0 0   0 0 0
151 1 2 0 12 2.64562e-07 0.0018729 -0.0227973 19.8 -0.00691156 0.00683941 0.218898 -0.0149967 0.344748 0.00172493 1.0000 0 0 0 0   0 0 0
152 1 2 0 12 2.6459e-07 -0.00991511 -0.0274474 19.8 -0.00855859 0.00363913 0.224444 0.0794379 0.382216 0.00206551 1.0000 0 0 0 0   0 0 0
153 1 2 0 12 2.64697e-07 0.0295305 0.0173021 19.8 0.00762656 -1.61895e-06 0.191988 -0.236689 0.0234259 -0.00131584 1.0000 0 0 0 0   0 0 0
154 1 2 0 12 2.6423e-07 -0.0290995 0.00832765 19.8 -0.00209436 0.00271771 0.164203 0.233157 0.0952718 -0.000636643 1.0000 0 0 0 0   0 0 0
155 1 2 0 12 2.645e-07 -0.00713956 -0.00885418 19.8 -0.00665203 0.0322612 0.16284 0.057114 0.232831 0.000676755 1.0000 0 0 0 0   0 0 0
156 1 2 0 12 2.64937e-07 -0.00770494 0.00432224 19.8 0.0151864 -0.0184745 0.198324 0.0616369 0.127396 -0.000330818 1.0000 0 0 0 0   0 0 0
157 1 2 0 12 2.64632e-07 -0.00676772 -0.0133195 19.8 -0.0433815 0.00461522 0.165871 0.0541395 0.268598 0.00101579 1.0000 0 0 0 0   0 0 0
158 1 2 0 12 2.64737e-07 -0.00550595 0.0100885 19.8 -0.00958645 -0.00256756 0.180267 0.0440457 0.0813066 -0.000770694 1.0000 0 0 0 0   0 0 0
159 1 2 0 12 2.64663e-07 0.000679234 0.0185437 19.8 -0.00487137 0.00960246 0.180727 -0.00543541 0.0137328 -0.00140875 1.0000 0 0 0 0   0 0 0
160 1 2 0 12 2.64282e-07 -0.00460184 -0.0268757 19.8 0.00646249 0.0220986 0.170937 0.0368636 0.37759 0.00202406 1.0000 0 0 0 0   0 0 0
161 1 2 0 12 2.64617e-07 0.00410576 0.00688642 19.8 0.00175739 1.87355e-05 0.173362 -0.0328447 0.106897 -0.000526726 1.0000 0 0 0 0   0 0 0
162 1 2 0 12 2.64569e-07 -0.0214262 -0.00518627 19.8 -0.0138478 0.000366557 0.183768 0.171547 0.2035 0.000396875 1.0000 0 0 0 0   0 0 0
163 1 2 0 12 2.6472e-07 -0.0121478 -0.0123341 19.8 0.00792797 -0.0150859 0.228731 0.0971874 0.260712 0.000941141 1.0000 0 0 0 0   0 0 0
164 1 2 0 12 2.64744e-07 -0.00690565 0.00459186 19.8 -0.00377431 -0.00997963 0.233178 0.0552429 0.12524 -0.000351431 1.0000 0 0 0 0   0 0 0
167 1 2 0 12 2.65044e-07 -0.0137119 -0.00983825 19.8 -0.0412298 -0.0118526 0.228156 0.10969 0.240711 0.000751677 1.0000 0 0 0 0   0 0 0
168 1 2 0 12 2.6473e-07 -0.00751745 -0.0233724 19.8 0.0025679 0.000777308 0.231041 0.0602047 0.349399 0.00176734 1.0000 0 0 0 0   0 0 0
169 1 2 0 12 2.64779e-07 -0.0191874 -0.0064484 19.8 0.00167831 -0.00894101 0.228107 0.153585 0.213599 0.000493288 1.0000 0 0 0 0   0 0 0
170 1 2 0 12 2.64855e-07 -0.0379481 -0.00789284 19.8 0.00631543 -0.0201564 0.230115 0.304471 0.22532 0.000603518 1.0000 0 0 0 0   0 0 0
171 1 2 0 12 2.6471e-07 -0.0266846 0.0015314 19.8 -0.00568039 0.00146862 0.229505 0.213751 0.149698 -0.000117258 1.0000 0 0 0 0   0 0 0
172 1 2 0 12 2.64885e-07 -0.0266194 -0.00606334 19.8 -0.0133364 -0.0123867 0.224773 0.213238 0.210552 0.000463894 1.0000 0 0 0 0   0 0 0
174 1 2 0 12 2.64705e-07 -0.0204056 -0.0114292 19.8 0.00941123 -0.0125517 0.173456 0.163402 0.253546 0.000872574 1.0000 0 0 0 0   0 0 0
176 1 2 0 12 2.6423e-07 -0.00715429 0.014658 19.8 -0.0198598 -0.00788812 0.161537 0.0572319 0.0448054 -0.00111686 1.0000 0 0 0 0   0 0 0
177 1 2 0 12 2.64954e-07 -0.024313 -0.0373224 19.8 -0.0586641 -0.0686282 0.161628 0.19527 0.462362 0.00276695 1.0000 0 0 0 0   0 0 0
178 1 2 0 12 2.65163e-07 -0.058349 5.03428e-05 19.8 -0.108339 0.0175723 0.150765 0.470056 0.161558 -3.85483e-06 1.0000 0 0 0 0   0 0 0
179 1 2 0 12 2.648e-07 -0.00714248 -0.0224708 19.8 0.00777328 -0.0119239 0.174335 0.0571958 0.342142 0.00170077 1.0000 0 0 0 0   0 0 0
180 1 2 0 12 2.64478e-07 0.07771 -0.0431645 19.8 -0.0301932 0.00268179 0.204873 -0.631919 0.513824 0.00316469 1.0000 0 0 0 0   0 0 0
181 1 2 0 12 2.64971e-07 -0.0107584 -0.0227734 19.8 0.00142348 -0.00392123 0.220449 0.0861658 0.3446 0.00172316 1.0000 0 0 0 0   0 0 0
182 1 2 0 12 2.65166e-07 -0.0242362 -0.00119337 19.8 0.0165159 0.0197415 0.211917 0.194094 0.171521 9.13747e-05 1.0000 0 0 0 0   0 0 0
183 1 2 0 12 2.6464e-07 0.00281488 -0.0165199 19.8 0.00421959 0.0142032 0.229547 -0.0225181 0.294245 0.00125705 1.0000 0 0 0 0   0 0 0
184 1 2 0 12 2.65084e-07 -0.0111954 -0.0135681 19.8 0.0243725 0.0126793 0.216359 0.0895726 0.270606 0.00103459 1.0000 0 0 0 0   0 0 0
185 1 2 0 12 2.64787e-07 0.00865589 -0.0239328 19.8 0.0117463 -0.00314014 0.227087 -0.0693281 0.353917 0.00180856 1.0000 0 0 0 0   0 0 0
186 1 2 0 12 2.65e-07 0.00739298 -0.0343503 19.8 -0.00909308 -0.0029809 0.224105 -0.0592687 0.437892 0.00255948 1.0000 0 0 0 0   0 0 0
187 1 2 0 12 2.64749e-07 -0.00717578 0.000295941 19.8 0.00723251 -0.00464135 0.225233 0.0574038 0.159596 -2.26599e-05 1.0000 0 0 0 0   0 0 0
188 1 2 0 12 2.6493e-07 -0.0322429 -0.00526433 19.8 0.0342735 0.00860459 0.217757 0.258381 0.204163 0.000402843 1.0000 0 0 0 0   0 0 0
189 1 2 0 12 2.6483e-07 0.00731042 -0.0079326 19.8 -0.00921637 -0.00590964 0.228351 -0.0584808 0.225451 0.000606547 1.0000 0 0 0 0   0 0 0
190 1 2 0 12 2.65344e-07 0.0175301 -0.0262968 19.8 0.0253003 -0.0181227 0.193594 -0.14047 0.373004 0.00198178 1.0000 0 0 0 0   0 0 0
191 1 2 0 12 2.65428e-07 0.00772841 -0.0084872 19.8 0.0287129 -0.00379787 0.191517 -0.0618247 0.229892 0.000648798 1.0000 0 0 0 0   0 0 0
192 1 2 0 12 2.64964e-07 -0.00885824 -0.0271722 19.8 0.016516 0.000924263 0.212933 0.0709673 0.379995 0.00204556 1.0000 0 0 0 0   0 0 0
193 1 2 0 12 2.64963e-07 -0.021738 -0.0254215 19.8 0.0312764 0.0213611 0.223266 0.174207 0.36599 0.00191783 1.0000 0 0 0 0   0 0 0
194 1 2 0 12 2.64783e-07 -0.00546741 -0.0091153 19.8 0.0139181 0.00467369 0.227499 0.0437374 0.234922 0.000696647 1.0000 0 0 0 0   0 0 0
195 1 2 0 12 2.65219e-07 -0.0149208 -0.0104488 19.8 0.0235978 0.00296023 0.199314 0.119393 0.245624 0.00079807 1.0000 0 0 0 0   0 0 0
196 1 2 0 12 2.64892e-07 -0.0239994 -0.0306988 19.8 0.0241301 0.0106609 0.206189 0.192564 0.408718 0.00230018 1.0000 0 0 0 0   0 0 0
197 1 2 0 12 2.64949e-07 -0.0410282 -0.0123527 19.8 0.0141251 0.00838128 0.215613 0.32943 0.261219 0.000942554 1.0000 0 0 0 0   0 0 0
199 1 2 0 12 2.64987e-07 -0.0228236 -0.00256302 19.8 -0.000561101 0.0110801 0.215237 0.182755 0.18249 0.000196222 1.0000 0 0 0 0   0 0 0
200 1 2 0 12 2.64726e-07 -0.0257591 -0.0174093 19.8 0.00575143 0.0237906 0.228099 0.206403 0.301602 0.00132386 1.0000 0 0 0 0   0 0 0
0 1 2 0 13 2.71219e-07 -0.00641636 -0.0113534 21.6 0 0 0.204 0 0 0 1.0000 0 0 0 0   0 0 0
1 1 2 0 13 2.71253e-07 0.00765419 0.00456825 21.6 -0.0326679 0.00206871 0.245153 -0.0612309 0.125429 -0.000349626 1.0000 0 0 0 0   0 0 0
2 1 2 0 13 2.71198e-07 -0.0178457 0.0147733 21.6 0.00802169 0.00259702 0.229248 0.142899 0.0437687 -0.00112557 1.0000 0 0 0 0   0 0 0
3 1 2 0 13 2.7124e-07 -0.0223514 0.00043165 21.6 -0.0269809 -0.00339589 0.23144 0.178961 0.158508 -3.3051e-05 1.0000 0 0 0 0   0 0 0
4 1 2 0 13 2.71173e-07 -0.0140749 -0.00773898 21.6 -0.00448502 -0.0153698 0.230855 0.112594 0.223901 0.000591797 1.0000 0 0 0 0   0 0 0
5 1 2 0 13 2.71134e-07 -0.00616635 -0.00815923 21.6 -0.0213475 -0.00601521 0.227804 0.0493287 0.227266 0.000623812 1.0000 0 0 0 0   0 0 0
6 1 2 0 13 2.71227e-07 -0.0258412 -0.00382832 21.6 0.00466249 -0.00491849 0.233229 0.206984 0.192635 0.000293056 1.0000 0 0 0 0   0 0 0
7 1 2 0 13 2.71266e-07 -0.0277703 -0.00325527 21.6 -0.0336332 0.0110696 0.231859 0.22247 0.188047 0.0002492 1.0000 0 0 0 0   0 0 0
8 1 2 0 13 2.71221e-07 -0.0218699 -0.00222589 21.6 0.000809752 -0.00984023 0.220401 0.175098 0.179787 0.000170421 1.0000 0 0 0 0   0 0 0
9 1 2 0 13 2.71167e-07 0.00339888 -0.00958984 21.6 -0.0226334 -0.00438509 0.246862 -0.0271899 0.238722 0.000732799 1.0000 0 0 0 0   0 0 0
10 1 2 0 13 2.71343e-07 -0.0397646 0.0590947 21.6 0.0113712 -0.0185265 0.252144 0.321426 -0.314129 -0.00416554 1.0000 0 0 0 0   0 0 0
11 1 2 0 13 2.71501e-07 -0.0120706 0.059934 21.6 0.00923417 -0.0228576 0.243289 0.0973044 -0.319554 -0.00421432 1.0000 0 0 0 0   0 0 0
12 1 2 0 13 2.717e-07 -0.00392204 -0.0193727 21.6 0.000225048 0.0385332 0.226032 0.0313915 0.317195 0.00147072 1.0000 0 0 0 0   0 0 0
14 1 2 0 13 2.71535e-07 -0.0186382 -0.0303088 21.6 0.0325296 0.0116916 0.226517 0.149436 0.405398 0.00227212 1.0000 0 0 0 0   0 0 0
15 1 2 0 13 2.71671e-07 0.0149738 -0.046802 21.6 -0.00774652 -0.00759218 0.24121 -0.120339 0.539099 0.00340473 1.0000 0 0 0 0   0 0 0
16 1 2 0 13 2.71641e-07 -0.0044237 -0.0480404 21.6 0.00320134 0.0138045 0.235348 0.0355476 0.549059 0.00348519 1.0000 0 0 0 0   0 0 0
17 1 2 0 13 2.71836e-07 0.0192569 -0.0433028 21.6 -0.00242916 -0.00197601 0.231426 -0.154725 0.510756 0.00317393 1.0000 0 0 0 0   0 0 0
18 1 2 0 13 2.71419e-07 -0.0206554 -0.0157636 21.6 0.0137928 0.0185449 0.236507 0.165445 0.288342 0.00120019 1.0000 0 0 0 0   0 0 0
19 1 2 0 13 2.713e-07 -0.0251689 0.000386279 21.6 0.0074995 -0.00383525 0.222252 0.201581 0.15887 -2.9577e-05 1.0000 0 0 0 0   0 0 0
20 1 2 0 13 2.71393e-07 0.010473 0.0190284 21.6 -0.00712124 0.0120363 0.214488 -0.0838476 0.00978904 -0.00144502 1.0000 0 0 0 0   0 0 0
21 1 2 0 13 2.7119e-07 -0.0305979 0.00714546 21.6 0.0143671 0.0179071 0.214632 0.24518 0.104731 -0.0005465 1.0000 0 0 0 0   0 0 0
22 1 2 0 13 2.71164e-07 -0.00840069 0.00665477 21.6 -0.0032473 -0.00655964 0.221014 0.0672027 0.108749 -0.000509042 1.0000 0 0 0 0   0 0 0
23 1 2 0 13 2.71141e-07 0.00773818 -0.0146151 21.6 0.0181612 -0.00847221 0.223553 -0.0619028 0.278979 0.00111362 1.0000 0 0 0 0   0 0 0
24 1 2 0 13 2.71172e-07 -0.0142003 0.0055149 21.6 0.00620178 0.00958925 0.226582 0.113598 0.11786 -0.000422 1.0000 0 0 0 0   0 0 0
25 1 2 0 13 2.71308e-07 -0.0112633 -0.0257229 21.6 -0.0193351 -0.000824811 0.213641 0.090232 0.368341 0.00193985 1.0000 0 0 0 0   0 0 0
26 1 2 0 13 2.71081e-07 -0.0235691 -0.063456 21.6 0.0161493 0.0259626 0.226863 0.19026 0.676026 0.00441441 1.0000 0 0 0 0   0 0 0
27 1 2 0 13 2.71446e-07 -0.0139605 0.00521364 21.6 0.00862689 -0.0130386 0.21988 0.111679 0.120269 -0.000398968 1.0000 0 0 0 0   0 0 0
28 1 2 0 13 2.71672e-07 -0.00355813 0.0183832 21.6 -0.00706994 0.00355891 0.236558 0.0284739 0.0150095 -0.00139674 1.0000 0 0 0 0   0 0 0
29 1 2 0 13 2.7159e-07 -0.00583941 -0.0157413 21.6 0.0123328 0.0315658 0.242733 0.0467133 0.288004 0.00119851 1.0000 0 0 0 0   0 0 0
30 1 2 0 13 2.72725e-07 0.0297351 -0.0337971 21.6 0.00435851 -0.0175866 0.170226 -0.238835 0.433954 0.00252038 1.0000 0 0 0 0   0 0 0
31 1 2 0 13 2.71588e-07 0.00464966 -0.00840499 21.6 -0.0242793 0.0192826 0.2413 -0.0371957 0.229234 0.000642535 1.0000 0 0 0 0   0 0 0
32 1 2 0 13 2.71671e-07 0.00327953 0.0052632 21.6 0.00681194 -0.00525444 0.238617 -0.0262352 0.119873 -0.000402757 1.0000 0 0 0 0   0 0 0
33 1 2 0 13 2.71458e-07 -0.0237223 0.00122163 21.6 0.00746914 0.00213306 0.241343 0.189968 0.152182 -9.35385e-05 1.0000 0 0 0 0   0 0 0
34 1 2 0 13 2.71703e-07 0.0557408 -0.0618138 21.6 -0.00678395 0.00303858 0.241404 -0.452227 0.665189 0.00432203 1.0000 0 0 0 0   0 0 0
36 1 2 0 13 2.71428e-07 -0.0250592 0.0034519 21.6 0.00562792 -0.00669939 0.24449 0.200705 0.134322 -0.000264248 1.0000 0 0 0 0   0 0 0
37 1 2 0 13 2.71709e-07 0.0158386 -0.0327932 21.6 -0.00784566 0.033625 0.234224 -0.127015 0.425441 0.00244945 1.0000 0 0 0 0   0 0 0
38 1 2 0 13 2.71315e-07 0.0141776 0.0049315 21.6 0.00235983 -0.000796136 0.215872 -0.113416 0.122525 -0.000377397 1.0000 0 0 0 0   0 0 0
40 1 2 0 13 2.71257e-07 -0.00265947 0.00217161 21.6 0.00980161 -0.00779104 0.199547 0.0212748 0.144594 -0.000166268 1.0000 0 0 0 0   0 0 0
41 1 2 0 13 2.71469e-07 -0.00014889 -0.0173043 21.6 -0.0104131 0.0152771 0.217745 0.00119118 0.300544 0.00131601 1.0000 0 0 0 0   0 0 0
42 1 2 0 13 2.71362e-07 0.0288307 -0.00366624 21.6 -0.011972 0.00734618 0.220425 -0.230983 0.191343 0.000280652 1.0000 0 0 0 0   0 0 0
43 1 2 0 13 2.73154e-07 -0.00966244 -0.0119599 21.6 -0.0530209 0.0142138 0.136036 0.0772962 0.257705 0.000912792 1.0000 0 0 0 0   0 0 0
44 1 2 0 13 2.71565e-07 0.00267073 0.00910602 21.6 -0.00769258 -0.0158677 0.207201 -0.021365 0.0891574 -0.000695941 1.0000 0 0 0 0   0 0 0
45 1 2 0 13 2.71814e-07 0.0230916 -0.0582525 21.6 -0.00611969 0.036737 0.236962 -0.186211 0.633253 0.00411608 1.0000 0 0 0 0   0 0 0
46 1 2 0 13 2.71666e-07 -0.0182747 -0.0309254 21.6 0.000892804 0.0303308 0.210514 0.146534 0.41038 0.00231635 1.0000 0 0 0 0   0 0 0
48 1 2 0 13 2.71504e-07 0.0279649 -0.050288 21.6 -0.00649941 0.00742635 0.213889 -0.225238 0.568155 0.00362881 1.0000 0 0 0 0   0 0 0
49 1 2 0 13 2.71648e-07 0.0215344 0.00861426 21.6 -0.00480012 -0.000115051 0.203049 -0.172437 0.0930198 -0.000658478 1.0000 0 0 0 0   0 0 0
50 1 2 0 13 2.70654e-07 -0.0174513 -0.0167784 21.6 -0.0508967 -0.0366325 0.192432 0.139757 0.296463 0.00127649 1.0000 0 0 0 0   0 0 0
51 1 2 0 13 2.71946e-07 -0.0295926 0.0329286 21.6 0.0178543 -0.0042165 0.231864 0.237663 -0.101989 -0.00245901 1.0000 0 0 0 0   0 0 0
52 1 2 0 13 2.71747e-07 0.0159085 -0.00944206 21.6 0.0133351 -8.91848e-05 0.248074 -0.127303 0.237562 0.000721541 1.0000 0 0 0 0   0 0 0
53 1 2 0 13 2.71308e-07 0.0229735 -0.021473 21.6 0.0135175 -0.0101035 0.220619 -0.184087 0.334241 0.00162691 1.0000 0 0 0 0   0 0 0
54 1 2 0 13 2.71369e-07 0.0143206 -0.0364359 21.6 -0.00705705 -0.00250165 0.221138 -0.114908 0.454938 0.00270555 1.0000 0 0 0 0   0 0 0
55 1 2 0 13 2.7147e-07 -0.00205919 -0.0194765 21.6 0.00191459 -0.00663041 0.220456 0.016481 0.318023 0.00147844 1.0000 0 0 0 0   0 0 0
56 1 2 0 13 2.71313e-07 -0.00679863 -0.0123252 21.6 0.00233891 -0.0180388 0.223939 0.0543867 0.260632 0.000940467 1.0000 0 0 0 0   0 0 0
57 1 2 0 13 2.71436e-07 -0.018479 0.00457579 21.6 -0.00575735 -0.0199766 0.217364 0.147886 0.125354 -0.000350202 1.0000 0 0 0 0   0 0 0
58 1 2 0 13 2.71508e-07 0.00742073 -0.00974744 21.6 -0.00358432 -0.00891003 0.213019 -0.0593633 0.239984 0.000744776 1.0000 0 0 0 0   0 0 0
59 1 2 0 13 2.71207e-07 -0.0078036 -0.00980844 21.6 0.00867879 0.00136136 0.22061 0.0624261 0.240473 0.000749411 1.0000 0 0 0 0   0 0 0
60 1 2 0 13 2.71309e-07 0.000508638 -0.0143159 21.6 0.00535875 -0.00260777 0.217499 -0.00406893 0.276582 0.00109104 1.0000 0 0 0 0   0 0 0
61 1 2 0 13 2.7135e-07 -0.014545 -0.017779 21.6 -0.00591841 -0.0141882 0.224254 0.116466 0.304472 0.00135153 1.0000 0 0 0 0   0 0 0
62 1 2 0 13 2.71551e-07 -0.00706163 -0.0261237 21.6 0.00405888 0.00590291 0.223338 0.0565672 0.371545 0.00196913 1.0000 0 0 0 0   0 0 0
63 1 2 0 13 2.7144e-07 -0.00217022 -0.0247529 21.6 -0.013804 -0.00595242 0.221689 0.017381 0.360492 0.00186888 1.0000 0 0 0 0   0 0 0
64 1 2 0 13 2.71857e-07 -0.00318172 -0.00803478 21.6 0.0343752 0.0106443 0.205143 0.0254527 0.226269 0.000614332 1.0000 0 0 0 0   0 0 0
66 1 2 0 13 2.71587e-07 -0.0361473 -0.0281411 21.6 0.0157368 0.019391 0.207804 0.290372 0.388389 0.00211581 1.0000 0 0 0 0   0 0 0
67 1 2 0 13 2.7171e-07 -0.0120695 -0.0140824 21.6 0.0106463 0.021248 0.204507 0.096583 0.274747 0.00107341 1.0000 0 0 0 0   0 0 0
68 1 2 0 13 2.71622e-07 -0.0245999 -0.0406256 21.6 -0.0190721 -0.0135814 0.222372 0.197658 0.489147 0.00299368 1.0000 0 0 0 0   0 0 0
69 1 2 0 13 2.7145e-07 0.0020805 0.0154388 21.6 -0.00406352 0.0445304 0.197878 -0.0166433 0.0385695 -0.00117578 1.0000 0 0 0 0   0 0 0
70 1 2 0 13 2.7154e-07 0.00584698 -0.0530515 21.6 0.00717495 -0.0139328 0.193812 -0.0470391 0.590049 0.00380184 1.0000 0 0 0 0   0 0 0
71 1 2 0 13 2.71474e-07 -0.0301368 -0.0219182 21.6 -0.0605855 -0.0120166 0.148102 0.241723 0.33799 0.00165987 1.0000 0 0 0 0   0 0 0
72 1 2 0 13 2.71511e-07 -0.0419555 -0.0413859 21.6 -0.017745 0.00774126 0.227677 0.33804 0.496204 0.00304513 1.0000 0 0 0 0   0 0 0
73 1 2 0 13 2.71577e-07 -0.0519518 -0.060205 21.6 -0.0133408 -0.0342676 0.216761 0.421058 0.651553 0.00422991 1.0000 0 0 0 0   0 0 0
74 1 2 0 13 2.71146e-07 -0.0147012 -0.0151938 21.6 -0.00816864 -0.00279481 0.22058 0.11769 0.283705 0.00115731 1.0000 0 0 0 0   0 0 0
75 1 2 0 13 2.7138e-07 -0.00725379 -0.00102727 21.6 0.0163415 -0.0036875 0.231657 0.0580279 0.170182 7.86567e-05 1.0000 0 0 0 0   0 0 0
76 1 2 0 13 2.71461e-07 -0.0135028 0.0161888 21.6 -0.00251691 -0.00664473 0.225553 0.108096 0.0324884 -0.00123216 1.0000 0 0 0 0   0 0 0
77 1 2 0 13 2.7124e-07 -0.0113814 -0.00401013 21.6 -0.00028845 -0.000157419 0.227679 0.091047 0.194051 0.000306956 1.0000 0 0 0 0   0 0 0
78 1 2 0 13 2.71242e-07 -0.00571972 0.00206031 21.6 -0.0109738 -0.00327394 0.235837 0.0457558 0.145484 -0.00015775 1.0000 0 0 0 0   0 0 0
79 1 2 0 13 2.71292e-07 -0.021834 -0.0172719 21.6 0.00694691 -0.00696951 0.227409 0.174912 0.300468 0.00131358 1.0000 0 0 0 0   0 0 0
80 1 2 0 13 2.71416e-07 -0.0167698 -0.0216004 21.6 -0.00234309 0.00244521 0.229733 0.134337 0.335215 0.00163634 1.0000 0 0 0 0   0 0 0
81 1 2 0 13 2.71245e-07 -0.0181363 0.0115608 21.6 -0.0168278 0.00617156 0.233866 0.145197 0.0694717 -0.000882561 1.0000 0 0 0 0   0 0 0
82 1 2 0 13 2.71245e-07 0.00228681 -0.00862877 21.6 0.000978638 0.00589093 0.224188 -0.0182937 0.231026 0.000659583 1.0000 0 0 0 0   0 0 0
83 1 2 0 13 2.71311e-07 -0.0254548 -1.36512e-05 21.6 0.00673358 -0.00417956 0.229268 0.203876 0.162073 1.04511e-06 1.0000 0 0 0 0   0 0 0
84 1 2 0 13 2.71616e-07 -0.028668 0.00169214 21.6 -0.0111581 0.00441426 0.209752 0.229675 0.148408 -0.000129565 1.0000 0 0 0 0   0 0 0
85 1 2 0 13 2.71249e-07 0.0059426 -0.0118558 21.6 -0.0119288 0.00562072 0.221478 -0.0475388 0.256871 0.000904906 1.0000 0 0 0 0   0 0 0
86 1 2 0 13 2.71385e-07 0.00410298 0.00868141 21.6 -0.0134321 -0.00623912 0.222051 -0.0328225 0.0925507 -0.000663593 1.0000 0 0 0 0   0 0 0
87 1 2 0 13 2.71328e-07 0.0336632 -0.00592529 21.6 -0.00281434 -0.0164491 0.218001 -0.269809 0.209471 0.000453356 1.0000 0 0 0 0   0 0 0
88 1 2 0 13 2.71317e-07 0.0266016 -0.00975521 21.6 0.0150192 0.00225113 0.224455 -0.213113 0.24016 0.000745366 1.0000 0 0 0 0   0 0 0
89 1 2 0 13 2.7117e-07 -0.00644393 -0.00197188 21.6 -0.0297926 -0.0129563 0.223021 0.0515493 0.17774 0.000150982 1.0000 0 0 0 0   0 0 0
90 1 2 0 13 2.71656e-07 -0.0045733 -0.00453052 21.6 0.0148664 0.0219971 0.208178 0.0365849 0.198216 0.000346741 1.0000 0 0 0 0   0 0 0
91 1 2 0 13 2.71346e-07 -0.0154393 -0.0188733 21.6 -0.00503991 0.0123457 0.223799 0.123646 0.313277 0.00143342 1.0000 0 0 0 0   0 0 0
92 1 2 0 13 2.71464e-07 -0.0129814 -0.016606 21.6 0.000279615 0.00684251 0.222222 0.103921 0.29503 0.00126352 1.0000 0 0 0 0   0 0 0
93 1 2 0 13 2.71156e-07 -0.0254573 -0.0415588 21.6 -0.00667681 0.0116187 0.236998 0.20458 0.496735 0.00305683 1.0000 0 0 0 0   0 0 0
94 1 2 0 13 2.71257e-07 -0.00648292 0.0045266 21.6 0.000120009 -0.00847447 0.22967 0.0518612 0.125762 -0.000346442 1.0000 0 0 0 0   0 0 0
95 1 2 0 13 2.71242e-07 -0.0409485 -0.0327108 21.6 -0.000430582 0.0309428 0.247431 0.329335 0.425541 0.00244362 1.0000 0 0 0 0   0 0 0
96 1 2 0 13 2.71303e-07 -0.0483524 -0.0310649 21.6 -0.00742738 0.00632613 0.251164 0.389438 0.412613 0.0023263 1.0000 0 0 0 0   0 0 0
97 1 2 0 13 2.71309e-07 -0.0112054 0.00779634 21.6 0.000508167 -0.00687663 0.229243 0.0896394 0.0996238 -0.000596167 1.0000 0 0 0 0   0 0 0
98 1 2 0 13 2.71316e-07 -0.0644524 0.00809431 21.6 0.00613448 0.0119547 0.240813 0.519994 0.0966905 -0.000618867 1.0000 0 0 0 0   0 0 0
99 1 2 0 13 2.71505e-07 -0.0273315 0.00310456 21.6 0.013477 0.00597381 0.224045 0.218946 0.137098 -0.000237666 1.0000 0 0 0 0   0 0 0
100 1 2 0 13 2.71209e-07 -0.0286678 -0.021477 21.6 -0.0140262 0.0174368 0.23025 0.229864 0.334386 0.00162721 1.0000 0 0 0 0   0 0 0
101 1 2 0 13 2.71414e-07 -0.0262264 0.00771534 21.6 0.0109448 -0.015416 0.23156 0.210091 0.100186 -0.000589996 1.0000 0 0 0 0   0 0 0
102 1 2 0 13 2.71176e-07 -0.0303551 0.00856044 21.6 -0.0179439 0.00198758 0.229526 0.243236 0.0934029 -0.000654378 1.0000 0 0 0 0   0 0 0
103 1 2 0 13 2.72182e-07 0.0105464 0.00018897 21.6 -0.042675 -0.0516983 0.168656 -0.0843678 0.160452 -1.44694e-05 1.0000 0 0 0 0   0 0 0
104 1 2 0 13 2.71793e-07 -0.0277531 -0.0190568 21.6 0.00716856 -0.0116068 0.219881 0.222413 0.314854 0.00144714 1.0000 0 0 0 0   0 0 0
105 1 2 0 13 2.71692e-07 -0.0230188 0.00818547 21.6 -0.0126055 -0.0285466 0.213869 0.184348 0.0964412 -0.000625811 1.0000 0 0 0 0   0 0 0
106 1 2 0 13 2.71753e-07 -0.0154602 0.00680307 21.6 0.00443715 -0.0124343 0.188795 0.123677 0.107563 -0.000520362 1.0000 0 0 0 0   0 0 0
108 1 2 0 13 2.71676e-07 -0.029176 -0.0058012 21.6 0.00852194 -0.00281184 0.183172 0.233761 0.208459 0.000443883 1.0000 0 0 0 0   0 0 0
109 1 2 0 13 2.71701e-07 0.0244847 -0.00895302 21.6 -0.032397 0.00625091 0.235717 -0.196118 0.233713 0.000684285 1.0000 0 0 0 0   0 0 0
110 1 2 0 13 2.71749e-07 -0.00588629 0.0365657 21.6 -0.00951681 -0.0178748 0.191658 0.0472107 -0.130692 -0.00271456 1.0000 0 0 0 0   0 0 0
111 1 2 0 13 2.71718e-07 -0.00453754 0.0377417 21.6 -0.00764607 -0.0208312 0.19441 0.0364008 -0.140147 -0.00279598 1.0000 0 0 0 0   0 0 0
112 1 2 0 13 2.72743e-07 -0.0184289 -0.0101396 21.6 0.0360222 -0.000415623 0.166984 0.14753 0.243183 0.000774579 1.0000 0 0 0 0   0 0 0
113 1 2 0 13 2.71542e-07 -0.0157948 0.0130156 21.6 -0.0494615 0.0321652 0.152697 0.126433 0.0578569 -0.000992769 1.0000 0 0 0 0   0 0 0
114 1 2 0 13 2.70789e-07 0.0253414 0.00129778 21.6 0.013874 -0.00920645 0.173063 -0.202967 0.15157 -9.93696e-05 1.0000 0 0 0 0   0 0 0
115 1 2 0 13 2.71696e-07 -0.0131969 -0.0137024 21.6 0.000562969 0.0199615 0.218222 0.105614 0.27171 0.00104473 1.0000 0 0 0 0   0 0 0
116 1 2 0 13 2.71675e-07 0.0156251 -0.0675921 21.6 -0.00306769 0.00495413 0.198819 -0.126215 0.710005 0.00463875 1.0000 0 0 0 0   0 0 0
117 1 2 0 13 2.7131e-07 -0.0238544 -0.0196872 21.6 0.0211517 -0.0213597 0.218507 0.191139 0.319892 0.00149412 1.0000 0 0 0 0   0 0 0
118 1 2 0 13 2.70647e-07 0.000345193 0.0462296 21.6 0.00690542 -0.0269838 0.225256 -0.00277311 -0.208441 -0.00336751 1.0000 0 0 0 0   0 0 0
119 1 2 0 13 2.7166e-07 0.00263268 -0.0286887 21.6 -0.00715334 0.0128883 0.190467 -0.021092 0.392187 0.00215552 1.0000 0 0 0 0   0 0 0
120 1 2 0 13 2.70586e-07 -0.00201833 -0.00816247 21.6 0.00259328 0.00132042 0.18419 0.0161459 0.227292 0.000624059 1.0000 0 0 0 0   0 0 0
121 1 2 0 13 2.71316e-07 -0.00923349 0.0352066 21.6 0.0150436 -0.0507478 0.205023 0.0740461 -0.119795 -0.00261953 1.0000 0 0 0 0   0 0 0
122 1 2 0 13 2.71564e-07 0.0164685 -0.0289882 21.6 -0.0145405 0.0104064 0.198953 -0.131977 0.394661 0.00217713 1.0000 0 0 0 0   0 0 0
123 1 2 0 13 2.72069e-07 0.0149789 0.00941874 21.6 0.0201909 0.0101796 0.194207 -0.119846 0.0866457 -0.000719764 1.0000 0 0 0 0   0 0 0
125 1 2 0 13 2.71962e-07 0.0204724 -0.0252552 21.6 -0.0188836 0.0389172 0.176479 -0.164056 0.364643 0.00190568 1.0000 0 0 0 0   0 0 0
126 1 2 0 13 2.71507e-07 -0.0333706 0.0136086 21.6 -0.00567761 0.0233272 0.19743 0.267586 0.0529275 -0.00103765 1.0000 0 0 0 0   0 0 0
127 1 2 0 13 2.71626e-07 -0.00884741 -0.00716671 21.6 0.000561075 -0.0127705 0.185372 0.0707763 0.219319 0.000548121 1.0000 0 0 0 0   0 0 0
128 1 2 0 13 2.71312e-07 -0.00543121 -0.0131758 21.6 0.00439953 -0.00301282 0.160521 0.0434478 0.267447 0.00100491 1.0000 0 0 0 0   0 0 0
129 1 2 0 13 2.71569e-07 -0.0218968 -0.047739 21.6 0.00592889 0.00207599 0.18682 0.176115 0.546971 0.00346565 1.0000 0 0 0 0   0 0 0
130 1 2 0 13 2.71073e-07 -0.00554276 -0.0323001 21.6 -0.00253651 0.0144088 0.164805 0.0444175 0.421288 0.00241439 1.0000 0 0 0 0   0 0 0
131 1 2 0 13 2.71713e-07 -0.0370406 0.00541138 21.6 0.0156437 -0.00859739 0.190479 0.297107 0.118572 -0.000414085 1.0000 0 0 0 0   0 0 0
132 1 2 0 13 2.7146e-07 -0.018261 -0.00225615 21.6 -0.043321 0.00806932 0.160177 0.146125 0.18002 0.000172737 1.0000 0 0 0 0   0 0 0
133 1 2 0 13 2.71322e-07 -0.0105391 -0.0231783 21.6 -0.0213359 0.021147 0.241346 0.0844115 0.347857 0.00175307 1.0000 0 0 0 0   0 0 0
134 1 2 0 13 2.71731e-07 -0.00500909 -0.0120186 21.6 -0.0397242 0.0160143 0.231681 0.040071 0.258176 0.000917244 1.0000 0 0 0 0   0 0 0
135 1 2 0 13 2.71372e-07 -0.0174876 0.0122041 21.6 -0.0069993 -0.00305417 0.245968 0.14 0.0643317 -0.000931291 1.0000 0 0 0 0   0 0 0
136 1 2 0 13 2.71434e-07 -0.0108838 -0.0108047 21.6 -0.00323469 0.0167669 0.236508 0.0870668 0.248453 0.000825119 1.0000 0 0 0 0   0 0 0
137 1 2 0 13 2.71664e-07 -0.0284492 -0.0134193 21.6 -0.00393895 0.00976981 0.224281 0.227963 0.269576 0.00102335 1.0000 0 0 0 0   0 0 0
138 1 2 0 13 2.71769e-07 -0.0289588 -0.0155755 21.6 -0.0316447 0.000853412 0.227682 0.232066 0.286894 0.00118605 1.0000 0 0 0 0   0 0 0
139 1 2 0 13 2.71552e-07 -0.00792885 0.00270941 21.6 -0.0212664 0.00217409 0.233198 0.0634281 0.140293 -0.000207425 1.0000 0 0 0 0   0 0 0
140 1 2 0 13 2.71426e-07 -0.0324293 0.00188514 21.6 -0.00890661 -0.017212 0.243091 0.259871 0.146859 -0.000144343 1.0000 0 0 0 0   0 0 0
141 1 2 0 13 2.7158e-07 -0.0202803 -0.0127005 21.6 -0.0132594 0.00260066 0.224294 0.162408 0.263746 0.000968899 1.0000 0 0 0 0   0 0 0
142 1 2 0 13 2.71882e-07 0.0118749 -0.0479005 21.6 -0.034027 0.0321137 0.230103 -0.0954369 0.547983 0.00347616 1.0000 0 0 0 0   0 0 0
143 1 2 0 13 2.71517e-07 -0.00399849 -0.0165704 21.6 0.00569318 -0.00396774 0.231308 0.0319877 0.294654 0.00126085 1.0000 0 0 0 0   0 0 0
144 1 2 0 13 2.71157e-07 -0.0249456 -0.0115305 21.6 -0.00615423 -0.0170529 0.230268 0.199833 0.254393 0.000880262 1.0000 0 0 0 0   0 0 0
145 1 2 0 13 2.71245e-07 -0.0224834 0.00247902 21.6 0.00146268 0.00805497 0.228417 0.180023 0.142117 -0.000189794 1.0000 0 0 0 0   0 0 0
146 1 2 0 13 2.71181e-07 -0.00730493 -0.0135592 21.6 -0.0106009 -0.00862155 0.237775 0.0584369 0.270518 0.00103392 1.0000 0 0 0 0   0 0 0
147 1 2 0 13 2.71144e-07 -0.0260617 -0.00575216 21.6 0.000877009 0.00519913 0.22826 0.20876 0.208055 0.000440139 1.0000 0 0 0 0   0 0 0
148 1 2 0 13 2.71184e-07 -0.0120224 -0.0167765 21.6 0.0100716 -0.00727288 0.230019 0.0962379 0.296389 0.00127634 1.0000 0 0 0 0   0 0 0
149 1 2 0 13 2.71262e-07 -0.0287744 0.00857704 21.6 0.00503636 -0.0127391 0.238279 0.230548 0.0932767 -0.000655642 1.0000 0 0 0 0   0 0 0
150 1 2 0 13 2.7127e-07 -0.0171806 0.0123002 21.6 0.0108849 -0.000401889 0.230873 0.137538 0.0635657 -0.000938576 1.0000 0 0 0 0   0 0 0
151 1 2 0 13 2.71239e-07 -0.0181115 -0.00412146 21.6 0.00225448 -0.0131419 0.225323 0.144934 0.194953 0.000315467 1.0000 0 0 0 0   0 0 0
152 1 2 0 13 2.7124e-07 -0.00668327 0.00353716 21.6 0.00343867 -0.00882878 0.228844 0.0534639 0.133673 -0.000270774 1.0000 0 0 0 0   0 0 0
153 1 2 0 13 2.71577e-07 -0.0370636 -0.0259864 21.6 0.0167607 0.00999288 0.204471 0.297709 0.37101 0.0019591 1.0000 0 0 0 0   0 0 0
154 1 2 0 13 2.71508e-07 -0.011017 0.00013885 21.6 -0.0370754 0.0202147 0.16201 0.088132 0.160853 -1.06317e-05 1.0000 0 0 0 0   0 0 0
155 1 2 0 13 2.71725e-07 0.00296706 -0.0410886 21.6 -0.00817012 0.014933 0.177995 -0.0238168 0.492563 0.00302501 1.0000 0 0 0 0   0 0 0
156 1 2 0 13 2.71695e-07 -0.0228318 -0.00843629 21.6 -0.00899912 0.015012 0.217624 0.182848 0.229559 0.000644919 1.0000 0 0 0 0   0 0 0
157 1 2 0 13 2.71938e-07 0.0299919 -0.0254255 21.6 -0.0395764 0.00672936 0.182528 -0.240663 0.366285 0.00191812 1.0000 0 0 0 0   0 0 0
158 1 2 0 13 2.71681e-07 0.00986136 -0.0213493 21.6 0.00374624 0.0127218 0.19834 -0.0789677 0.333136 0.00161775 1.0000 0 0 0 0   0 0 0
159 1 2 0 13 2.7162e-07 -0.00129861 -0.0343497 21.6 0.00329751 0.0177607 0.196976 0.0104088 0.437835 0.00255944 1.0000 0 0 0 0   0 0 0
160 1 2 0 13 2.71363e-07 -0.00855002 -0.0348017 21.6 -0.00732723 -0.0139603 0.173852 0.0685562 0.441573 0.0025912 1.0000 0 0 0 0   0 0 0
161 1 2 0 13 2.71594e-07 -0.00758804 -0.0191433 21.6 0.00172189 0.00906477 0.188977 0.0607412 0.315374 0.00145362 1.0000 0 0 0 0   0 0 0
162 1 2 0 13 2.71516e-07 0.0207899 -0.0193408 21.6 -0.0150188 0.000443359 0.195246 -0.166555 0.317084 0.00146834 1.0000 0 0 0 0   0 0 0
163 1 2 0 13 2.71317e-07 -0.0164535 -0.00394065 21.6 -0.00694958 0.0138695 0.241544 0.131623 0.193495 0.000301644 1.0000 0 0 0 0   0 0 0
164 1 2 0 13 2.71335e-07 -0.0216055 -0.0236409 21.6 0.00389623 0.00972801 0.245245 0.173131 0.351665 0.0017871 1.0000 0 0 0 0   0 0 0
167 1 2 0 13 2.7176e-07 0.0021762 -0.00685273 21.6 0.0329521 0.00134429 0.241705 -0.0174089 0.216805 0.000524153 1.0000 0 0 0 0   0 0 0
168 1 2 0 13 2.71315e-07 -0.0225155 0.00200011 21.6 -0.00373996 -0.00177374 0.24358 0.18028 0.145951 -0.000153143 1.0000 0 0 0 0   0 0 0
169 1 2 0 13 2.71376e-07 -0.0109508 -0.0118863 21.6 -0.00302172 0.00920575 0.241795 0.0876024 0.257116 0.000907217 1.0000 0 0 0 0   0 0 0
170 1 2 0 13 2.71461e-07 0.00851286 -0.0127956 21.6 -0.00690959 0.0190966 0.246038 -0.0681 0.264401 0.000976105 1.0000 0 0 0 0   0 0 0
171 1 2 0 13 2.71319e-07 0.00174165 -0.0249384 21.6 0.00549832 -0.00176353 0.241358 -0.0139489 0.361984 0.00188253 1.0000 0 0 0 0   0 0 0
172 1 2 0 13 2.7153e-07 0.00408615 -0.0129455 21.6 0.00740486 0.00925932 0.240929 -0.0326878 0.265602 0.000987463 1.0000 0 0 0 0   0 0 0
174 1 2 0 13 2.71665e-07 -0.00256035 0.00448005 21.6 -0.0204279 0.000376797 0.192624 0.0204819 0.126134 -0.000342883 1.0000 0 0 0 0   0 0 0
176 1 2 0 13 2.71547e-07 0.0063272 0.00833715 21.6 -0.0321799 0.0189053 0.164612 -0.0506154 0.0953019 -0.000637367 1.0000 0 0 0 0   0 0 0
179 1 2 0 13 2.71763e-07 -0.00528333 0.0101053 21.6 -0.00886534 -0.00972589 0.194134 0.0422648 0.0811721 -0.000771973 1.0000 0 0 0 0   0 0 0
180 1 2 0 13 2.71534e-07 -0.00973026 0.00513606 21.6 0.0647452 -0.0216917 0.204335 0.0778388 0.120889 -0.000393037 1.0000 0 0 0 0   0 0 0
181 1 2 0 13 2.71598e-07 -0.0152788 0.0009845 21.6 0.000868515 -7.74498e-05 0.238342 0.122225 0.154089 -7.5382e-05 1.0000 0 0 0 0   0 0 0
182 1 2 0 13 2.71849e-07 -0.0105233 -0.0317357 21.6 -0.0164555 -0.0128611 0.228214 0.0843327 0.416758 0.00237414 1.0000 0 0 0 0   0 0 0
183 1 2 0 13 2.71237e-07 -0.0303429 -0.00964412 21.6 -0.00829598 -0.0143626 0.237334 0.243144 0.239287 0.000736925 1.0000 0 0 0 0   0 0 0
184 1 2 0 13 2.71727e-07 -0.0262522 -0.00883418 21.6 -0.0238236 -0.00859461 0.23453 0.210304 0.23277 0.000675231 1.0000 0 0 0 0   0 0 0
185 1 2 0 13 2.71382e-07 -0.0383333 0.00379858 21.6 -0.00725113 -0.000158015 0.242748 0.307547 0.131494 -0.00029078 1.0000 0 0 0 0   0 0 0
186 1 2 0 13 2.71643e-07 -0.0307595 0.0155107 21.6 0.0117021 -0.00509815 0.241982 0.246553 0.0377496 -0.00118118 1.0000 0 0 0 0   0 0 0
187 1 2 0 13 2.71352e-07 -0.0226967 -0.0198876 21.6 -0.00612309 0.00470715 0.23962 0.181853 0.321494 0.00150904 1.0000 0 0 0 0   0 0 0
188 1 2 0 13 2.71569e-07 -0.00854373 -0.0208202 21.6 -0.0379458 -0.0056849 0.237582 0.0684085 0.32887 0.00157847 1.0000 0 0 0 0   0 0 0
189 1 2 0 13 2.71449e-07 -0.0314124 -0.0112628 21.6 0.0136464 0.00254077 0.242765 0.251735 0.252282 0.000859927 1.0000 0 0 0 0   0 0 0
190 1 2 0 13 2.72225e-07 -0.0477194 0.0242464 21.6 -0.000637063 0.00211994 0.197716 0.383921 -0.0328341 -0.00183163 1.0000 0 0 0 0   0 0 0
191 1 2 0 13 2.72294e-07 -0.045567 -0.00796271 21.6 -0.00685864 0.00125473 0.192439 0.366064 0.225962 0.000608841 1.0000 0 0 0 0   0 0 0
192 1 2 0 13 2.71614e-07 -0.0222431 0.0059655 21.6 -0.0188906 -0.00316087 0.231202 0.178108 0.114212 -0.000456425 1.0000 0 0 0 0   0 0 0
193 1 2 0 13 2.71581e-07 -0.0147987 -0.000160717 21.6 -0.0328934 -0.0177516 0.242892 0.118385 0.163249 1.23057e-05 1.0000 0 0 0 0   0 0 0
194 1 2 0 13 2.71367e-07 -0.0296747 -0.0137311 21.6 -0.0125964 -0.00300402 0.242319 0.237801 0.272087 0.0010469 1.0000 0 0 0 0   0 0 0
195 1 2 0 13 2.71959e-07 -0.024446 -0.0130988 21.6 -0.0201171 0.00104451 0.214237 0.195835 0.266977 0.000999071 1.0000 0 0 0 0   0 0 0
196 1 2 0 13 2.71595e-07 -0.0144066 -0.000787237 21.6 -0.0229089 -0.0154347 0.22514 0.115248 0.168262 6.02775e-05 1.0000 0 0 0 0   0 0 0
197 1 2 0 13 2.71609e-07 0.00839929 -0.0183922 21.6 -0.0221499 -0.00490875 0.233783 -0.0672314 0.309341 0.00139742 1.0000 0 0 0 0   0 0 0
199 1 2 0 13 2.7165e-07 -0.00273079 -0.025403 21.6 -0.00337472 -0.0139346 0.234723 0.0218721 0.365727 0.00191648 1.0000 0 0 0 0   0 0 0
200 1 2 0 13 2.71338e-07 -0.0028988 -0.0148746 21.6 -0.0110938 -0.0197027 0.241158 0.0231894 0.281059 0.00113321 1.0000 0 0 0 0   0 0 0
0 1 2 0 14 2.77981e-07 -0.00641636 -0.0113534 23.4 0 0 0.204 0 0 0 1.0000 0 0 0 0   0 0 0
1 1 2 0 14 2.77913e-07 -0.0201552 -0.0240652 23.4 0.0369094 0.00265316 0.240391 0.161503 0.355067 0.0018183 1.0000 0 0 0 0   0 0 0
2 1 2 0 14 2.77829e-07 -0.0122728 -0.0361171 23.4 -0.0108746 0.00331521 0.226912 0.0984568 0.452311 0.00268324 1.0000 0 0 0 0   0 0 0
3 1 2 0 14 2.77922e-07 0.0160574 -0.0210671 23.4 0.0162192 0.00342446 0.23129 -0.128622 0.330919 0.00159685 1.0000 0 0 0 0   0 0 0
4 1 2 0 14 2.77818e-07 -0.00134645 -0.00365324 23.4 0.0110096 0.0158613 0.226894 0.0107711 0.191194 0.000279656 1.0000 0 0 0 0   0 0 0
5 1 2 0 14 2.77821e-07 0.000670265 -0.00798371 23.4 0.0145979 0.00170628 0.221788 -0.00536189 0.22586 0.000610441 1.0000 0 0 0 0   0 0 0
6 1 2 0 14 2.77835e-07 -0.00161892 -0.0159391 23.4 -0.00426941 0.00738942 0.231506 0.0129508 0.289589 0.00121338 1.0000 0 0 0 0   0 0 0
7 1 2 0 14 2.77977e-07 0.0248712 -0.0269683 23.4 0.0222449 -0.0132574 0.233524 -0.199462 0.378582 0.00203077 1.0000 0 0 0 0   0 0 0
8 1 2 0 14 2.77901e-07 0.000540972 -0.0102422 23.4 -0.00278112 0.0104432 0.219566 -0.00432759 0.243947 0.00078237 1.0000 0 0 0 0   0 0 0
9 1 2 0 14 2.77761e-07 -0.0283255 -0.00893832 23.4 0.0189085 0.00241536 0.240422 0.226946 0.233616 0.000683165 1.0000 0 0 0 0   0 0 0
10 1 2 0 14 2.77933e-07 0.0107781 -0.0748458 23.4 -0.0134728 0.0209361 0.253991 -0.0872513 0.770349 0.00500376 1.0000 0 0 0 0   0 0 0
11 1 2 0 14 2.78117e-07 -0.0227434 -0.0763561 23.4 -0.00833201 0.0298142 0.257621 0.184338 0.783427 0.00507457 1.0000 0 0 0 0   0 0 0
12 1 2 0 14 2.78351e-07 -0.0245838 -0.0131267 23.4 -0.00454506 -0.0391027 0.243001 0.196941 0.267202 0.00100118 1.0000 0 0 0 0   0 0 0
14 1 2 0 14 2.78138e-07 -0.0172656 0.00629517 23.4 -0.0290262 -0.0179665 0.242189 0.138159 0.111608 -0.000481592 1.0000 0 0 0 0   0 0 0
15 1 2 0 14 2.78252e-07 -0.0461225 0.0327401 23.4 0.0105484 0.000293311 0.257348 0.37139 -0.101172 -0.0024457 1.0000 0 0 0 0   0 0 0
16 1 2 0 14 2.78219e-07 -0.0222227 0.0259509 23.4 -0.00337957 -0.0125418 0.251456 0.178113 -0.0457175 -0.0019565 1.0000 0 0 0 0   0 0 0
17 1 2 0 14 2.78445e-07 -0.0471589 0.0267191 23.4 0.00857051 -0.00443662 0.248711 0.379487 -0.0527128 -0.00201262 1.0000 0 0 0 0   0 0 0
18 1 2 0 14 2.77985e-07 -0.0101722 -0.0100189 23.4 -0.015745 -0.0151852 0.245909 0.0813742 0.242159 0.000765407 1.0000 0 0 0 0   0 0 0
19 1 2 0 14 2.77965e-07 -0.00224955 -0.0165355 23.4 -0.0135426 0.00593013 0.223574 0.0179957 0.294369 0.00125822 1.0000 0 0 0 0   0 0 0
20 1 2 0 14 2.78124e-07 -0.0231 -0.0436377 23.4 0.012704 0.000788317 0.217669 0.185652 0.51355 0.00319631 1.0000 0 0 0 0   0 0 0
21 1 2 0 14 2.77919e-07 -0.00458323 -0.0439105 23.4 -0.0204113 -0.00683477 0.21307 0.036808 0.515497 0.00321454 1.0000 0 0 0 0   0 0 0
22 1 2 0 14 2.77857e-07 -0.0103583 -0.0186384 23.4 0.00207469 0.0130218 0.216252 0.0829247 0.311338 0.00141583 1.0000 0 0 0 0   0 0 0
23 1 2 0 14 2.77805e-07 -0.0375353 0.00049642 23.4 -0.00894264 0.00465819 0.218627 0.301083 0.157982 -3.80103e-05 1.0000 0 0 0 0   0 0 0
24 1 2 0 14 2.77823e-07 -0.0127963 -0.0306543 23.4 -0.00739668 -0.00454059 0.222127 0.102548 0.408058 0.00229698 1.0000 0 0 0 0   0 0 0
25 1 2 0 14 2.78045e-07 0.0085097 0.0018884 23.4 0.00915397 -0.0100646 0.220705 -0.0680747 0.146859 -0.000144592 1.0000 0 0 0 0   0 0 0
26 1 2 0 14 2.77805e-07 -0.0104696 0.0124975 23.4 -0.0218173 -0.0380451 0.216204 0.0837536 0.0620611 -0.00095352 1.0000 0 0 0 0   0 0 0
27 1 2 0 14 2.78095e-07 -0.014923 -0.0185898 23.4 -0.00728209 0.0157579 0.231301 0.119504 0.310993 0.0014122 1.0000 0 0 0 0   0 0 0
28 1 2 0 14 2.78247e-07 -0.0286295 -0.0419085 23.4 0.00774003 -0.00384109 0.252449 0.230136 0.499651 0.0030805 1.0000 0 0 0 0   0 0 0
29 1 2 0 14 2.78144e-07 -0.0246625 -0.00415472 23.4 -0.0128465 -0.0322432 0.257405 0.197522 0.195247 0.000318011 1.0000 0 0 0 0   0 0 0
30 1 2 0 14 2.80333e-07 0.065938 -0.0296411 23.4 0.0394865 -0.0279942 0.130557 -0.533194 0.402058 0.0022241 1.0000 0 0 0 0   0 0 0
31 1 2 0 14 2.78194e-07 -0.0346807 -0.0112417 23.4 0.0168185 -0.0212487 0.251774 0.278119 0.252174 0.000858319 1.0000 0 0 0 0   0 0 0
32 1 2 0 14 2.78212e-07 -0.0369633 -0.0264811 23.4 -0.00339232 0.00448476 0.255695 0.296912 0.375003 0.00199524 1.0000 0 0 0 0   0 0 0
33 1 2 0 14 2.77998e-07 -0.00934077 -0.0208461 23.4 -0.00913458 -0.00119654 0.250663 0.0747932 0.329085 0.0015804 1.0000 0 0 0 0   0 0 0
34 1 2 0 14 2.78357e-07 -0.0839029 0.0463067 23.4 0.0153362 -0.0114773 0.262789 0.684132 -0.21463 -0.00337252 1.0000 0 0 0 0   0 0 0
36 1 2 0 14 2.77966e-07 -0.00809796 -0.0256185 23.4 -0.00462399 0.00704753 0.251405 0.0648676 0.367482 0.00193222 1.0000 0 0 0 0   0 0 0
37 1 2 0 14 2.78333e-07 -0.0449253 0.00899134 23.4 0.00752263 -0.0327642 0.251083 0.360887 0.0897738 -0.000687205 1.0000 0 0 0 0   0 0 0
38 1 2 0 14 2.78036e-07 -0.029947 -0.0184842 23.4 0.00706968 0.00855419 0.218058 0.240085 0.310311 0.0014043 1.0000 0 0 0 0   0 0 0
40 1 2 0 14 2.78043e-07 -0.0164886 -0.0113719 23.4 -0.00145251 0.00554092 0.206489 0.131978 0.253047 0.000868216 1.0000 0 0 0 0   0 0 0
41 1 2 0 14 2.7815e-07 -0.0125581 -0.0125033 23.4 0.0116635 -0.0172758 0.230559 0.100478 0.262076 0.000953961 1.0000 0 0 0 0   0 0 0
42 1 2 0 14 2.78077e-07 -0.0352632 -0.0219781 23.4 0.0263899 -0.00784732 0.224814 0.283078 0.33862 0.0016643 1.0000 0 0 0 0   0 0 0
44 1 2 0 14 2.78305e-07 -0.0144442 -0.0147899 23.4 0.0116492 0.0162019 0.221696 0.115625 0.280458 0.00112682 1.0000 0 0 0 0   0 0 0
45 1 2 0 14 2.78471e-07 -0.0496262 0.0335522 23.4 0.00921299 -0.0405896 0.252064 0.399937 -0.107912 -0.00250308 1.0000 0 0 0 0   0 0 0
46 1 2 0 14 2.78382e-07 -0.00511733 -0.0154691 23.4 -0.00902955 -0.0311509 0.228306 0.0409369 0.285822 0.00117805 1.0000 0 0 0 0   0 0 0
48 1 2 0 14 2.78255e-07 -0.0353861 0.0216284 23.4 0.0169059 -0.0221477 0.22706 0.284061 -0.0114395 -0.00163841 1.0000 0 0 0 0   0 0 0
49 1 2 0 14 2.7842e-07 -0.0324885 -0.0239162 23.4 0.0137909 0.00490893 0.218777 0.260747 0.354177 0.00180734 1.0000 0 0 0 0   0 0 0
50 1 2 0 14 2.77933e-07 0.053997 0.025921 23.4 -0.0325729 -0.0111233 0.188587 -0.43516 -0.0466206 -0.00195432 1.0000 0 0 0 0   0 0 0
51 1 2 0 14 2.78547e-07 -0.00776002 -0.0601003 23.4 -0.0169114 0.0120555 0.247063 0.0625481 0.648027 0.00422389 1.0000 0 0 0 0   0 0 0
52 1 2 0 14 2.78252e-07 -0.0516775 -0.00983251 23.4 -0.0119178 -0.00126817 0.266071 0.41565 0.241093 0.00075124 1.0000 0 0 0 0   0 0 0
53 1 2 0 14 2.7798e-07 -0.047415 0.0092759 23.4 -0.000799049 0.00281269 0.227058 0.381017 0.0874648 -0.000708883 1.0000 0 0 0 0   0 0 0
54 1 2 0 14 2.7805e-07 -0.0282255 0.0182544 23.4 0.0105724 -0.00945574 0.228183 0.226199 0.015829 -0.0013871 1.0000 0 0 0 0   0 0 0
55 1 2 0 14 2.78111e-07 -0.021453 0.00265141 23.4 -0.000455474 0.00296235 0.231324 0.171752 0.14074 -0.000202987 1.0000 0 0 0 0   0 0 0
56 1 2 0 14 2.77969e-07 -0.0163094 0.00204612 23.4 0.000616221 0.0162971 0.228019 0.130469 0.145597 -0.000156664 1.0000 0 0 0 0   0 0 0
57 1 2 0 14 2.78129e-07 0.0017713 -0.0101201 23.4 0.00288545 0.0199821 0.228358 -0.0141698 0.242969 0.000773096 1.0000 0 0 0 0   0 0 0
58 1 2 0 14 2.78196e-07 -0.0232527 -0.0044723 23.4 0.00914327 0.00191645 0.228009 0.186206 0.197787 0.00034229 1.0000 0 0 0 0   0 0 0
59 1 2 0 14 2.77869e-07 -0.0191411 -0.012173 23.4 -0.00541031 -0.00120341 0.219569 0.153263 0.259502 0.000928936 1.0000 0 0 0 0   0 0 0
60 1 2 0 14 2.77996e-07 -0.021803 -0.00394343 23.4 0.000970162 0.000485544 0.220187 0.174567 0.193544 0.000301857 1.0000 0 0 0 0   0 0 0
61 1 2 0 14 2.78003e-07 -0.00550123 0.00290537 23.4 0.00600218 0.00387302 0.229955 0.0440079 0.138726 -0.000222423 1.0000 0 0 0 0   0 0 0
62 1 2 0 14 2.78186e-07 -0.0180391 0.00275428 23.4 -0.00307604 -0.00906906 0.235373 0.144346 0.139928 -0.000210859 1.0000 0 0 0 0   0 0 0
63 1 2 0 14 2.78103e-07 -0.0104086 0.0075003 23.4 0.0111693 0.001918 0.233132 0.0832654 0.10199 -0.000573587 1.0000 0 0 0 0   0 0 0
64 1 2 0 14 2.7856e-07 -0.0412085 -0.0166014 23.4 -0.0259891 -0.00651208 0.225564 0.330961 0.295424 0.00126318 1.0000 0 0 0 0   0 0 0
66 1 2 0 14 2.78303e-07 0.00278527 -0.0115296 23.4 -0.0229603 -0.0194915 0.224314 -0.0222812 0.254258 0.000880197 1.0000 0 0 0 0   0 0 0
67 1 2 0 14 2.78424e-07 -0.0163794 -0.0236603 23.4 -0.0113614 -0.0175004 0.223887 0.131225 0.35178 0.00178852 1.0000 0 0 0 0   0 0 0
68 1 2 0 14 2.78327e-07 0.0193107 0.0213943 23.4 0.0118944 -0.00235529 0.239149 -0.154709 -0.00922557 -0.00162109 1.0000 0 0 0 0   0 0 0
69 1 2 0 14 2.78324e-07 -0.0172997 -0.0768744 23.4 0.00488883 -0.0159564 0.216256 0.140181 0.787503 0.00509872 1.0000 0 0 0 0   0 0 0
70 1 2 0 14 2.78411e-07 -0.0136382 0.0382828 23.4 0.00218313 -0.0210278 0.212059 0.109464 -0.144628 -0.00283345 1.0000 0 0 0 0   0 0 0
72 1 2 0 14 2.78206e-07 0.0337434 0.0113844 23.4 0.000125368 -0.0186226 0.239527 -0.270548 0.0707461 -0.000869166 1.0000 0 0 0 0   0 0 0
73 1 2 0 14 2.78439e-07 0.0582338 0.0532566 23.4 -0.0134982 -0.00187559 0.236813 -0.471889 -0.268299 -0.00381456 1.0000 0 0 0 0   0 0 0
74 1 2 0 14 2.77852e-07 0.00290338 -0.00337269 23.4 0.00750167 -0.000826524 0.217014 -0.023226 0.188949 0.000258186 1.0000 0 0 0 0   0 0 0
75 1 2 0 14 2.77964e-07 -0.0251164 -0.0173966 23.4 -0.0148593 0.00550773 0.238807 0.201246 0.301496 0.00132292 1.0000 0 0 0 0   0 0 0
76 1 2 0 14 2.78103e-07 -0.00886738 -0.0323817 23.4 0.000724427 0.0124425 0.234022 0.0710629 0.421956 0.00242021 1.0000 0 0 0 0   0 0 0
77 1 2 0 14 2.77874e-07 -0.0134083 -0.0138352 23.4 -0.000127319 0.00333448 0.227125 0.10731 0.272779 0.00105475 1.0000 0 0 0 0   0 0 0
78 1 2 0 14 2.77864e-07 -0.0149609 -0.0184498 23.4 0.0133603 0.00945977 0.23107 0.119807 0.309869 0.00140173 1.0000 0 0 0 0   0 0 0
79 1 2 0 14 2.77922e-07 -0.00516865 0.00021633 23.4 -0.0079645 0.00393902 0.23012 0.0413474 0.160233 -1.65643e-05 1.0000 0 0 0 0   0 0 0
80 1 2 0 14 2.78022e-07 -0.00559595 -0.00223723 23.4 -0.00269795 -0.00521973 0.238177 0.0447657 0.179863 0.000171289 1.0000 0 0 0 0   0 0 0
81 1 2 0 14 2.77912e-07 0.0068444 -0.0346664 23.4 0.0138638 0.00526195 0.230166 -0.0548735 0.44045 0.00258173 1.0000 0 0 0 0   0 0 0
82 1 2 0 14 2.77893e-07 -0.0241713 -0.0156479 23.4 0.000637689 -0.00579026 0.223155 0.19365 0.287442 0.0011915 1.0000 0 0 0 0   0 0 0
83 1 2 0 14 2.7793e-07 -0.00239068 -0.0187707 23.4 -0.00570364 0.00518341 0.232066 0.019132 0.312346 0.00142574 1.0000 0 0 0 0   0 0 0
84 1 2 0 14 2.78344e-07 0.0144927 -0.03041 23.4 0.000983668 -0.0014699 0.227353 -0.116144 0.406099 0.00227941 1.0000 0 0 0 0   0 0 0
85 1 2 0 14 2.77948e-07 -0.0139496 -0.0132849 23.4 0.0129417 -0.00912229 0.220688 0.111642 0.268368 0.00101317 1.0000 0 0 0 0   0 0 0
86 1 2 0 14 2.78077e-07 -0.0168006 -0.0193759 23.4 0.020415 0.0138461 0.228233 0.134564 0.31733 0.00147095 1.0000 0 0 0 0   0 0 0
87 1 2 0 14 2.78052e-07 -0.044917 0.00210174 23.4 0.0229131 0.0119194 0.223337 0.360775 0.145084 -0.00016092 1.0000 0 0 0 0   0 0 0
88 1 2 0 14 2.77967e-07 -0.0561492 -0.00953348 23.4 -0.0012241 -0.00114408 0.228252 0.452174 0.23878 0.000728505 1.0000 0 0 0 0   0 0 0
89 1 2 0 14 2.77922e-07 0.0124031 -0.00657595 23.4 0.0234638 0.0121888 0.221653 -0.0992206 0.214589 0.000503025 1.0000 0 0 0 0   0 0 0
90 1 2 0 14 2.7835e-07 -0.0280402 -0.029045 23.4 -0.0107714 -0.0189798 0.227389 0.225047 0.395466 0.00218121 1.0000 0 0 0 0   0 0 0
91 1 2 0 14 2.78003e-07 -0.0057066 -0.0117194 23.4 0.000180277 -0.0137404 0.22912 0.0456508 0.255779 0.000894579 1.0000 0 0 0 0   0 0 0
92 1 2 0 14 2.78099e-07 -0.0113387 -0.00773034 23.4 -0.00363196 -0.00994217 0.233565 0.0907057 0.223831 0.000591139 1.0000 0 0 0 0   0 0 0
93 1 2 0 14 2.77792e-07 0.0067052 0.0121087 23.4 -0.00177259 -0.0208221 0.231647 -0.0536393 0.0651671 -0.000924064 1.0000 0 0 0 0   0 0 0
94 1 2 0 14 2.77891e-07 -0.0169393 -0.0191026 23.4 -0.000417146 0.00993387 0.229002 0.135674 0.315134 0.00145057 1.0000 0 0 0 0   0 0 0
95 1 2 0 14 2.77826e-07 0.0134076 0.00241743 23.4 -0.00522151 -0.0249178 0.247262 -0.107256 0.142628 -0.00018508 1.0000 0 0 0 0   0 0 0
96 1 2 0 14 2.77864e-07 0.02008 0.00725347 23.4 0.00361515 -0.0116736 0.253113 -0.160754 0.103919 -0.000554745 1.0000 0 0 0 0   0 0 0
97 1 2 0 14 2.77933e-07 -0.0115488 -0.0309278 23.4 0.00412619 0.00373055 0.232348 0.0925493 0.410254 0.00231652 1.0000 0 0 0 0   0 0 0
98 1 2 0 14 2.77924e-07 0.0346458 -0.0346633 23.4 -0.0162427 -0.00923468 0.245743 -0.278431 0.441091 0.00258152 1.0000 0 0 0 0   0 0 0
99 1 2 0 14 2.7812e-07 -0.00593924 -0.0286607 23.4 -0.0165087 -0.00348344 0.237231 0.0475842 0.39197 0.00215349 1.0000 0 0 0 0   0 0 0
100 1 2 0 14 2.77889e-07 0.0140376 -0.012792 23.4 0.00872345 -0.0182854 0.229123 -0.112341 0.264413 0.000975834 1.0000 0 0 0 0   0 0 0
101 1 2 0 14 2.78013e-07 -0.00475035 -0.023882 23.4 -0.0111691 0.0182168 0.23993 0.0380431 0.353488 0.00180483 1.0000 0 0 0 0   0 0 0
102 1 2 0 14 2.77865e-07 0.017462 -0.0295296 23.4 0.00894996 0.00733916 0.225794 -0.139962 0.399054 0.00221607 1.0000 0 0 0 0   0 0 0
103 1 2 0 14 2.80026e-07 -0.011044 -0.0260511 23.4 -0.0478632 -0.0480686 0.135419 0.0884765 0.370982 0.00196382 1.0000 0 0 0 0   0 0 0
104 1 2 0 14 2.78443e-07 0.00130792 -0.000439279 23.4 -0.0119376 0.00602572 0.23529 -0.0104629 0.165478 3.36349e-05 1.0000 0 0 0 0   0 0 0
105 1 2 0 14 2.78427e-07 0.00984159 -0.0133648 23.4 0.00897078 0.0251122 0.229926 -0.0787294 0.268961 0.00101923 1.0000 0 0 0 0   0 0 0
106 1 2 0 14 2.78588e-07 -0.00616016 -0.0139099 23.4 -0.00787844 0.014386 0.20601 0.0492792 0.273329 0.00106039 1.0000 0 0 0 0   0 0 0
108 1 2 0 14 2.7855e-07 0.00304804 -0.0215371 23.4 -0.0188401 0.000352323 0.200998 -0.024403 0.334608 0.00163166 1.0000 0 0 0 0   0 0 0
109 1 2 0 14 2.78376e-07 -0.0414616 -0.0106116 23.4 0.039378 -0.00364198 0.244666 0.332907 0.24722 0.000810443 1.0000 0 0 0 0   0 0 0
110 1 2 0 14 2.78662e-07 0.00401943 -0.0219999 23.4 0.00720505 0.0369829 0.203327 -0.0321825 0.338336 0.00166591 1.0000 0 0 0 0   0 0 0
111 1 2 0 14 2.78603e-07 0.00107565 -0.0232635 23.4 0.0106679 0.0332665 0.207326 -0.00861335 0.348499 0.00175933 1.0000 0 0 0 0   0 0 0
112 1 2 0 14 2.80123e-07 -0.0261068 -0.0106406 23.4 -0.005972 -0.000101653 0.128037 0.209147 0.247261 0.000812646 1.0000 0 0 0 0   0 0 0
114 1 2 0 14 2.78012e-07 0.00807228 0.00519776 23.4 0.0264105 0.00785008 0.158053 -0.0645755 0.120396 -0.000397754 1.0000 0 0 0 0   0 0 0
115 1 2 0 14 2.78348e-07 -0.0162534 -0.0164456 23.4 -0.00593051 -0.021826 0.237081 0.130148 0.293777 0.00125146 1.0000 0 0 0 0   0 0 0
116 1 2 0 14 2.78547e-07 -0.0161303 0.031529 23.4 0.00620204 -0.0365761 0.213562 0.129324 -0.0903569 -0.00235939 1.0000 0 0 0 0   0 0 0
117 1 2 0 14 2.77981e-07 -0.0114627 0.0115378 23.4 -0.022384 0.0145092 0.22481 0.0916976 0.0697273 -0.000880816 1.0000 0 0 0 0   0 0 0
118 1 2 0 14 2.7752e-07 -0.0111668 -0.0121702 23.4 -0.00585834 0.0480215 0.189907 0.0893306 0.25939 0.000928723 1.0000 0 0 0 0   0 0 0
119 1 2 0 14 2.78498e-07 -0.00793226 -0.0138747 23.4 0.00338951 -0.0225214 0.208935 0.0634554 0.273047 0.00105774 1.0000 0 0 0 0   0 0 0
120 1 2 0 14 2.7772e-07 -0.00415287 -0.00393424 23.4 -0.00733999 0.00336442 0.152627 0.0332215 0.193443 0.000301154 1.0000 0 0 0 0   0 0 0
121 1 2 0 14 2.78174e-07 -0.0208158 0.00506126 23.4 -0.00694063 0.0512271 0.214172 0.166647 0.121456 -0.000387318 1.0000 0 0 0 0   0 0 0
122 1 2 0 14 2.78405e-07 -0.00739961 -0.0069806 23.4 0.0158139 -0.0168599 0.210893 0.0591944 0.217829 0.000533914 1.0000 0 0 0 0   0 0 0
123 1 2 0 14 2.78897e-07 -0.0511289 -0.0317744 23.4 -0.00692531 0.00420448 0.203885 0.412076 0.418519 0.0023769 1.0000 0 0 0 0   0 0 0
125 1 2 0 14 2.7905e-07 0.012956 -0.052517 23.4 0.0188339 -0.0210931 0.182835 -0.104253 0.585813 0.00376867 1.0000 0 0 0 0   0 0 0
126 1 2 0 14 2.78346e-07 0.0125394 -0.057877 23.4 -0.0109088 3.61748e-05 0.215066 -0.101039 0.629839 0.00409402 1.0000 0 0 0 0   0 0 0
127 1 2 0 14 2.78483e-07 -0.00119793 -5.00409e-05 23.4 -0.00043406 0.00441531 0.204629 0.00958304 0.162364 3.83142e-06 1.0000 0 0 0 0   0 0 0
128 1 2 0 14 2.78429e-07 -0.00296172 -0.00848953 23.4 -0.0086325 -0.00387832 0.177287 0.0236927 0.229911 0.000648975 1.0000 0 0 0 0   0 0 0
129 1 2 0 14 2.78455e-07 0.0010726 0.00773561 23.4 -0.0203866 -0.0232607 0.204242 -0.00858046 0.100109 -0.00059154 1.0000 0 0 0 0   0 0 0
130 1 2 0 14 2.78237e-07 -0.00355722 -0.0346979 23.4 -0.0182657 -0.0136825 0.169196 0.028516 0.440672 0.00258393 1.0000 0 0 0 0   0 0 0
131 1 2 0 14 2.78531e-07 -6.7417e-05 -0.0175591 23.4 -0.0230777 0.0113646 0.208868 0.000539389 0.302594 0.00133507 1.0000 0 0 0 0   0 0 0
132 1 2 0 14 2.79355e-07 -0.0617394 0.0085309 23.4 -0.091594 0.0177392 0.142261 0.497831 0.0932096 -0.000652127 1.0000 0 0 0 0   0 0 0
133 1 2 0 14 2.77942e-07 -0.00963146 -0.00507347 23.4 0.0173947 -0.0174073 0.241977 0.0770484 0.202562 0.000388251 1.0000 0 0 0 0   0 0 0
134 1 2 0 14 2.78436e-07 -0.00783641 -0.0146048 23.4 0.0335615 -0.0165259 0.244263 0.0626886 0.278896 0.00111284 1.0000 0 0 0 0   0 0 0
135 1 2 0 14 2.7793e-07 -0.0143744 -0.0331816 23.4 0.00929614 0.00317789 0.250048 0.115266 0.428552 0.00247689 1.0000 0 0 0 0   0 0 0
136 1 2 0 14 2.7802e-07 -0.0177273 -0.0139965 23.4 0.00212056 -0.0203399 0.245405 0.141941 0.274125 0.00106693 1.0000 0 0 0 0   0 0 0
137 1 2 0 14 2.78291e-07 0.00379381 -0.0131307 23.4 -0.00226271 -0.0100659 0.242039 -0.0303492 0.267085 0.00100149 1.0000 0 0 0 0   0 0 0
138 1 2 0 14 2.78453e-07 0.0130945 -0.0102077 23.4 0.0191061 -0.0122344 0.243857 -0.104751 0.24367 0.000779747 1.0000 0 0 0 0   0 0 0
139 1 2 0 14 2.78209e-07 -0.0143439 -0.0216373 23.4 0.0280637 -0.0087006 0.241438 0.114891 0.335491 0.00163907 1.0000 0 0 0 0   0 0 0
140 1 2 0 14 2.78001e-07 0.0038317 -0.0206013 23.4 0.00622032 0.0164512 0.248506 -0.0306738 0.32708 0.00156218 1.0000 0 0 0 0   0 0 0
141 1 2 0 14 2.78222e-07 -9.30296e-05 -0.0110565 23.4 0.010207 -0.00439497 0.23928 0.000744205 0.250469 0.000844252 1.0000 0 0 0 0   0 0 0
142 1 2 0 14 2.78657e-07 -0.0238267 0.0151209 23.4 0.0343593 -0.0430823 0.239405 0.190881 0.0409333 -0.00115181 1.0000 0 0 0 0   0 0 0
143 1 2 0 14 2.78091e-07 -0.0236869 -0.00229525 23.4 -0.00831012 0.00307064 0.24496 0.189685 0.180347 0.00017573 1.0000 0 0 0 0   0 0 0
144 1 2 0 14 2.77821e-07 0.00712715 -0.000478811 23.4 0.00155649 0.016415 0.225069 -0.0570147 0.165794 3.66618e-05 1.0000 0 0 0 0   0 0 0
145 1 2 0 14 2.77878e-07 -0.00128704 -0.0301542 23.4 -0.00511593 -0.0014804 0.229434 0.0103122 0.403992 0.00226101 1.0000 0 0 0 0   0 0 0
146 1 2 0 14 2.77799e-07 -0.0138224 -0.00412733 23.4 0.00668006 0.00326302 0.230974 0.110574 0.194989 0.000315917 1.0000 0 0 0 0   0 0 0
147 1 2 0 14 2.77792e-07 0.00109641 -0.0189603 23.4 -0.00956525 -0.0027808 0.222256 -0.00877442 0.313868 0.00143993 1.0000 0 0 0 0   0 0 0
148 1 2 0 14 2.77802e-07 -0.0186128 0.000494307 23.4 -0.0127066 0.00520467 0.226668 0.148946 0.158008 -3.78485e-05 1.0000 0 0 0 0   0 0 0
149 1 2 0 14 2.77857e-07 -0.00141338 -0.0252784 23.4 -0.00784153 0.0159638 0.236864 0.0113202 0.364722 0.00190737 1.0000 0 0 0 0   0 0 0
150 1 2 0 14 2.77879e-07 -0.0128939 -0.0325777 23.4 -0.00810571 0.00469746 0.232317 0.103366 0.423621 0.00243419 1.0000 0 0 0 0   0 0 0
151 1 2 0 14 2.77887e-07 -0.00757622 -0.00780809 23.4 -0.00735638 0.0135449 0.224949 0.0606072 0.224454 0.000597062 1.0000 0 0 0 0   0 0 0
152 1 2 0 14 2.77871e-07 -0.0166071 -0.0183276 23.4 -0.00502453 0.0103161 0.227721 0.133003 0.308902 0.00139258 1.0000 0 0 0 0   0 0 0
153 1 2 0 14 2.78299e-07 0.00124876 -0.00680895 23.4 -0.0244355 -0.00739334 0.221689 -0.00998969 0.216455 0.000520811 1.0000 0 0 0 0   0 0 0
154 1 2 0 14 2.79004e-07 0.015015 -0.0176357 23.4 -0.0445203 0.0327071 0.169846 -0.120233 0.303326 0.00134081 1.0000 0 0 0 0   0 0 0
155 1 2 0 14 2.78713e-07 0.000266483 -0.0232213 23.4 -0.00128425 -0.0294895 0.192365 -0.00213387 0.34816 0.00175623 1.0000 0 0 0 0   0 0 0
156 1 2 0 14 2.7836e-07 0.00132947 -0.0225091 23.4 0.0043122 -0.00995209 0.236373 -0.0106449 0.342428 0.0017036 1.0000 0 0 0 0   0 0 0
157 1 2 0 14 2.79007e-07 0.0267517 -0.0171112 23.4 0.0282122 -0.0199293 0.191285 -0.214365 0.299214 0.0013015 1.0000 0 0 0 0   0 0 0
158 1 2 0 14 2.78447e-07 -0.0270416 -0.0108879 23.4 0.00427246 -0.0144378 0.214205 0.216651 0.24925 0.000831437 1.0000 0 0 0 0   0 0 0
159 1 2 0 14 2.78404e-07 -0.0166932 -0.00719603 23.4 -0.00187946 -0.0209093 0.215418 0.133575 0.219569 0.000550359 1.0000 0 0 0 0   0 0 0
160 1 2 0 14 2.78461e-07 0.0141703 0.00965942 23.4 -0.0190632 -0.0262494 0.188334 -0.113365 0.0847305 -0.000738088 1.0000 0 0 0 0   0 0 0
161 1 2 0 14 2.78425e-07 -0.007571 -0.0151087 23.4 -0.00330869 -0.0104351 0.207161 0.0605658 0.282935 0.00115089 1.0000 0 0 0 0   0 0 0
162 1 2 0 14 2.78351e-07 -0.011266 -0.00402222 23.4 0.0161674 -0.00979959 0.210211 0.0901245 0.194147 0.00030788 1.0000 0 0 0 0   0 0 0
163 1 2 0 14 2.77894e-07 -0.010249 -0.0194846 23.4 0.00371802 -0.0144903 0.241133 0.0820572 0.318142 0.00147905 1.0000 0 0 0 0   0 0 0
164 1 2 0 14 2.77882e-07 -0.00946047 0.000846326 23.4 -0.00723934 -0.0120264 0.247705 0.0756805 0.155194 -6.48022e-05 1.0000 0 0 0 0   0 0 0
167 1 2 0 14 2.78281e-07 -0.0298464 -0.0131513 23.4 -0.0294283 0.000725703 0.261852 0.239176 0.267433 0.00100305 1.0000 0 0 0 0   0 0 0
168 1 2 0 14 2.77878e-07 -0.00612377 -0.0232983 23.4 0.000802074 0.00377137 0.24533 0.0490409 0.348795 0.00176189 1.0000 0 0 0 0   0 0 0
169 1 2 0 14 2.77932e-07 -0.015912 -0.0109547 23.4 -0.000104238 -0.0102592 0.24771 0.127348 0.249694 0.000836514 1.0000 0 0 0 0   0 0 0
170 1 2 0 14 2.78012e-07 -0.0401941 -0.00740897 23.4 0.00402709 -0.0181469 0.25342 0.322622 0.221458 0.000566615 1.0000 0 0 0 0   0 0 0
171 1 2 0 14 2.77879e-07 -0.0313976 0.00435616 23.4 -0.00279992 -0.000412513 0.240582 0.251592 0.127066 -0.000333411 1.0000 0 0 0 0   0 0 0
172 1 2 0 14 2.78076e-07 -0.035572 -0.00869702 23.4 -0.00656793 -0.0114848 0.251907 0.285277 0.231747 0.000664782 1.0000 0 0 0 0   0 0 0
174 1 2 0 14 2.78518e-07 0.00734085 -0.0283149 23.4 0.0118217 0.00351854 0.210316 -0.0588137 0.38919 0.00212842 1.0000 0 0 0 0   0 0 0
176 1 2 0 14 2.78775e-07 0.0296042 -0.0326283 23.4 -0.00461646 0.0233215 0.183782 -0.237749 0.424492 0.0024378 1.0000 0 0 0 0   0 0 0
179 1 2 0 14 2.78593e-07 -0.00108936 -0.0192523 23.4 0.0051767 0.0138838 0.210904 0.00871845 0.316217 0.00146175 1.0000 0 0 0 0   0 0 0
180 1 2 0 14 2.78316e-07 -0.0609986 -0.00324613 23.4 -0.0399156 0.0222489 0.226233 0.491722 0.188136 0.000248501 1.0000 0 0 0 0   0 0 0
181 1 2 0 14 2.78149e-07 -0.0187292 -0.0226324 23.4 0.0032509 0.000875364 0.253191 0.150057 0.343531 0.00171273 1.0000 0 0 0 0   0 0 0
182 1 2 0 14 2.78497e-07 -0.012531 0.0140176 23.4 0.0125895 0.000560944 0.244293 0.100281 0.0498782 -0.00106852 1.0000 0 0 0 0   0 0 0
183 1 2 0 14 2.77861e-07 0.00980405 -0.00479515 23.4 -0.000428217 0.012794 0.233162 -0.0784291 0.200334 0.000366973 1.0000 0 0 0 0   0 0 0
184 1 2 0 14 2.78352e-07 0.000773262 -0.0137758 23.4 0.0193756 0.00218862 0.250321 -0.00618584 0.272254 0.00105027 1.0000 0 0 0 0   0 0 0
185 1 2 0 14 2.77965e-07 0.0138711 -0.0243647 23.4 0.00239792 0.0165117 0.245309 -0.111123 0.357428 0.00184033 1.0000 0 0 0 0   0 0 0
186 1 2 0 14 2.78176e-07 -0.00240847 -0.0393622 23.4 -0.0156272 0.00356864 0.258079 0.0193267 0.478539 0.00290744 1.0000 0 0 0 0   0 0 0
187 1 2 0 14 2.77935e-07 -0.00301229 -0.00228611 23.4 0.0057396 -0.00659256 0.243975 0.0240973 0.180254 0.00017503 1.0000 0 0 0 0   0 0 0
188 1 2 0 14 2.78222e-07 -0.00948584 0.00315458 23.4 0.0298129 -0.00165245 0.249593 0.0758835 0.136733 -0.000241494 1.0000 0 0 0 0   0 0 0
189 1 2 0 14 2.77984e-07 -0.0018161 -0.0109093 23.4 -0.0122922 -0.00487738 0.251534 0.0145282 0.24929 0.000833064 1.0000 0 0 0 0   0 0 0
190 1 2 0 14 2.79157e-07 0.0211513 -0.0368983 23.4 -0.0222457 0.0190788 0.193268 -0.169822 0.458847 0.00273759 1.0000 0 0 0 0   0 0 0
191 1 2 0 14 2.79281e-07 0.0220056 -0.0143936 23.4 -0.0239167 0.00195709 0.181298 -0.176264 0.277353 0.0010969 1.0000 0 0 0 0   0 0 0
192 1 2 0 14 2.78231e-07 -0.00223763 -0.0265457 23.4 0.00966725 0.00275203 0.245098 0.0179238 0.374928 0.00199995 1.0000 0 0 0 0   0 0 0
193 1 2 0 14 2.78209e-07 -0.0122347 -0.0183839 23.4 0.0331481 0.0155432 0.250956 0.0979563 0.309311 0.00139679 1.0000 0 0 0 0   0 0 0
194 1 2 0 14 2.77944e-07 0.00631181 -0.00776985 23.4 0.00828615 -0.000519245 0.247476 -0.0504923 0.224148 0.000594148 1.0000 0 0 0 0   0 0 0
195 1 2 0 14 2.78687e-07 0.0110896 -0.0142154 23.4 0.0102997 -0.00910592 0.227144 -0.0887338 0.275802 0.00108345 1.0000 0 0 0 0   0 0 0
196 1 2 0 14 2.78264e-07 -0.00136529 -0.0146846 23.4 0.0211348 0.013994 0.239601 0.0109218 0.279536 0.00111887 1.0000 0 0 0 0   0 0 0
197 1 2 0 14 2.78249e-07 -0.0310425 0.001796 23.4 0.0274539 0.00193188 0.246521 0.248738 0.147574 -0.000137518 1.0000 0 0 0 0   0 0 0
199 1 2 0 14 2.78234e-07 -0.0251506 0.00789773 23.4 0.00468172 0.0073183 0.249863 0.201457 0.0987318 -0.000603891 1.0000 0 0 0 0   0 0 0
200 1 2 0 14 2.77937e-07 -0.0231235 -0.000351849 23.4 0.0121714 0.0162843 0.242424 0.18516 0.164781 2.69405e-05 1.0000 0 0 0 0   0 0 0
0 1 2 0 15 2.84743e-07 -0.00641636 -0.0113534 25.2 0 0 0.204 0 0 0 1.0000 0 0 0 0   0 0 0
1 1 2 0 15 2.84496e-07 -0.017974 0.00130782 25.2 -0.0336863 -0.00768245 0.23424 0.143819 0.1515 -0.000100138 1.0000 0 0 0 0   0 0 0
2 1 2 0 15 2.84526e-07 -0.000256433 0.00856276 25.2 0.00361971 -0.0109089 0.216659 0.00205137 0.0934989 -0.000654554 1.0000 0 0 0 0   0 0 0
3 1 2 0 15 2.84554e-07 -0.044965 -0.00223076 25.2 -0.00575444 -0.00678962 0.225513 0.361163 0.179884 0.000170794 1.0000 0 0 0 0   0 0 0
4 1 2 0 15 2.84489e-07 -0.0263467 -0.0264682 25.2 -0.00902118 -0.00747173 0.213061 0.211327 0.37459 0.00199429 1.0000 0 0 0 0   0 0 0
5 1 2 0 15 2.84503e-07 -0.0292094 -0.011479 25.2 -0.0100802 0.00252737 0.211571 0.234054 0.254006 0.000876357 1.0000 0 0 0 0   0 0 0
6 1 2 0 15 2.84492e-07 -0.0127428 -0.00619621 25.2 0.0104882 0.0046224 0.21931 0.101938 0.211549 0.000474036 1.0000 0 0 0 0   0 0 0
7 1 2 0 15 2.84603e-07 -0.0574758 0.0152618 25.2 -0.00807929 0.00815981 0.233452 0.463149 0.0390901 -0.00116244 1.0000 0 0 0 0   0 0 0
8 1 2 0 15 2.84627e-07 -0.0126304 -0.0193907 25.2 0.00708905 -0.00754254 0.211221 0.101137 0.317409 0.00147205 1.0000 0 0 0 0   0 0 0
9 1 2 0 15 2.84362e-07 -0.00542051 -0.0114559 25.2 -0.0192119 -0.00230837 0.224031 0.0433622 0.253668 0.000874598 1.0000 0 0 0 0   0 0 0
10 1 2 0 15 2.84571e-07 -0.0359691 0.0466665 25.2 0.0165416 -0.0260553 0.246102 0.289806 -0.213032 -0.00339592 1.0000 0 0 0 0   0 0 0
11 1 2 0 15 2.8471e-07 -0.00449472 0.0557914 25.2 0.00462108 -0.0368908 0.261465 0.0361869 -0.285795 -0.00396949 1.0000 0 0 0 0   0 0 0
12 1 2 0 15 2.84949e-07 -0.00518882 -0.00655941 25.2 0.00511028 0.0351791 0.256495 0.0415088 0.214457 0.000501762 1.0000 0 0 0 0   0 0 0
14 1 2 0 15 2.84767e-07 -0.00140319 -0.021897 25.2 0.0231054 0.0180962 0.246492 0.0112343 0.337501 0.0016583 1.0000 0 0 0 0   0 0 0
15 1 2 0 15 2.84762e-07 0.00865452 -0.0570055 25.2 -0.00854302 -0.00115452 0.267715 -0.0697082 0.622594 0.00404218 1.0000 0 0 0 0   0 0 0
16 1 2 0 15 2.84757e-07 -0.0137474 -0.0518311 25.2 -0.00262598 0.00263756 0.25853 0.110606 0.580204 0.00372612 1.0000 0 0 0 0   0 0 0
17 1 2 0 15 2.84984e-07 0.0114591 -0.055562 25.2 -0.0143131 0.00375947 0.262993 -0.0922756 0.610788 0.00395565 1.0000 0 0 0 0   0 0 0
18 1 2 0 15 2.84585e-07 -0.0121185 -0.00525947 25.2 0.0170774 0.0101805 0.239724 0.0969435 0.204051 0.000402471 1.0000 0 0 0 0   0 0 0
19 1 2 0 15 2.84663e-07 -0.00514226 -0.00921156 25.2 0.013695 -0.00709048 0.221298 0.0411363 0.235693 0.000703981 1.0000 0 0 0 0   0 0 0
20 1 2 0 15 2.84805e-07 -0.00599163 0.0188491 25.2 -0.0199132 -0.0102055 0.224925 0.0479563 0.0112629 -0.00143161 1.0000 0 0 0 0   0 0 0
21 1 2 0 15 2.84736e-07 0.0152988 0.0202328 25.2 0.0129011 -0.0171264 0.214203 -0.122533 0.000103926 -0.00153474 1.0000 0 0 0 0   0 0 0
22 1 2 0 15 2.84582e-07 -0.00735077 -0.0141476 25.2 0.000615028 -0.0105578 0.209075 0.0588037 0.275234 0.00107834 1.0000 0 0 0 0   0 0 0
23 1 2 0 15 2.84565e-07 0.0208059 -0.0229705 25.2 -0.0131171 0.00344517 0.207349 -0.166713 0.346266 0.00173775 1.0000 0 0 0 0   0 0 0
24 1 2 0 15 2.84554e-07 0.00508917 0.0114271 25.2 0.00621223 -0.000525569 0.212048 -0.0407116 0.0706115 -0.000872411 1.0000 0 0 0 0   0 0 0
25 1 2 0 15 2.84718e-07 -0.0322669 -0.0134071 25.2 0.000689976 0.0107501 0.22282 0.258668 0.269525 0.00102243 1.0000 0 0 0 0   0 0 0
26 1 2 0 15 2.84658e-07 0.0183206 0.0153209 25.2 0.00843627 0.0370732 0.207347 -0.146713 0.0393816 -0.0011669 1.0000 0 0 0 0   0 0 0
27 1 2 0 15 2.84717e-07 -0.00732005 -0.0094411 25.2 0.00293132 -0.0146739 0.235516 0.0585579 0.237531 0.000721468 1.0000 0 0 0 0   0 0 0
28 1 2 0 15 2.84767e-07 -0.000244733 0.0191941 25.2 -0.00558243 -0.00236906 0.261365 0.00195863 0.00852233 -0.00145742 1.0000 0 0 0 0   0 0 0
29 1 2 0 15 2.84707e-07 -0.00647732 -0.0188315 25.2 0.0122032 0.0301244 0.257255 0.0518448 0.312857 0.00143029 1.0000 0 0 0 0   0 0 0
31 1 2 0 15 2.84712e-07 0.00328998 -0.0118731 25.2 -0.0180991 0.0180742 0.258543 -0.0263187 0.257011 0.000906222 1.0000 0 0 0 0   0 0 0
32 1 2 0 15 2.8473e-07 0.00297443 0.00546879 25.2 0.0038267 -0.0104343 0.263184 -0.0237944 0.118229 -0.000418475 1.0000 0 0 0 0   0 0 0
33 1 2 0 15 2.8456e-07 -0.0177274 0.00178918 25.2 0.0108677 -0.00452312 0.244776 0.14184 0.147649 -0.000136995 1.0000 0 0 0 0   0 0 0
34 1 2 0 15 2.84916e-07 0.0483245 -0.0752287 25.2 -0.0162971 0.0119948 0.275513 -0.393049 0.776354 0.00502171 1.0000 0 0 0 0   0 0 0
36 1 2 0 15 2.8453e-07 -0.0219619 0.00497567 25.2 0.00983265 -0.0149956 0.243952 0.175846 0.122136 -0.000380774 1.0000 0 0 0 0   0 0 0
37 1 2 0 15 2.84891e-07 0.0121974 -0.0346599 25.2 -0.00614034 0.0327827 0.262911 -0.0978224 0.440489 0.00258128 1.0000 0 0 0 0   0 0 0
38 1 2 0 15 2.84719e-07 0.00224426 -0.0126592 25.2 -0.0105333 -0.00998178 0.221724 -0.0179534 0.263308 0.000965775 1.0000 0 0 0 0   0 0 0
40 1 2 0 15 2.84801e-07 0.00179813 -0.0172567 25.2 -0.00206623 -0.00607218 0.210563 -0.0143859 0.300163 0.00131244 1.0000 0 0 0 0   0 0 0
41 1 2 0 15 2.8475e-07 -0.0167057 -0.00198865 25.2 -0.0107335 0.0143722 0.238408 0.13364 0.177874 0.000152265 1.0000 0 0 0 0   0 0 0
42 1 2 0 15 2.84715e-07 -0.00470327 0.0060504 25.2 -0.0313736 0.00613718 0.228937 0.0376246 0.11358 -0.000462906 1.0000 0 0 0 0   0 0 0
44 1 2 0 15 2.84923e-07 -0.0149672 -0.0146196 25.2 -0.0134206 -0.0128238 0.237934 0.119815 0.279097 0.00111396 1.0000 0 0 0 0   0 0 0
45 1 2 0 15 2.85067e-07 0.0131155 -0.0608848 25.2 -0.00617933 0.0452607 0.26472 -0.105755 0.654576 0.00426904 1.0000 0 0 0 0   0 0 0
46 1 2 0 15 2.85037e-07 -0.0155826 0.00725565 25.2 0.00989807 0.0220017 0.241378 0.124664 0.103942 -0.000554911 1.0000 0 0 0 0   0 0 0
48 1 2 0 15 2.84893e-07 0.000458903 -0.0318083 25.2 -0.0155975 0.0278566 0.237787 -0.00367727 0.417318 0.00237931 1.0000 0 0 0 0   0 0 0
49 1 2 0 15 2.85051e-07 0.00163797 -0.00221346 25.2 -0.0189837 -0.0078414 0.237274 -0.0131032 0.179673 0.00016947 1.0000 0 0 0 0   0 0 0
50 1 2 0 15 2.85051e-07 0.031214 0.000705421 25.2 0.0490022 0.0283728 0.188065 -0.250114 0.156312 -5.40133e-05 1.0000 0 0 0 0   0 0 0
51 1 2 0 15 2.85137e-07 -0.0250131 0.0437401 25.2 0.0108553 -0.0195211 0.262272 0.201052 -0.188733 -0.00320315 1.0000 0 0 0 0   0 0 0
52 1 2 0 15 2.84743e-07 0.0140091 -0.0148303 25.2 0.00870151 0.000514805 0.273334 -0.112138 0.280777 0.00112987 1.0000 0 0 0 0   0 0 0
53 1 2 0 15 2.8466e-07 0.0228116 -0.0312621 25.2 -0.013731 0.0052457 0.22555 -0.183024 0.413241 0.00234036 1.0000 0 0 0 0   0 0 0
54 1 2 0 15 2.84689e-07 -0.00261672 -0.0314609 25.2 -0.0144159 0.0166282 0.229598 0.0209679 0.41452 0.00235454 1.0000 0 0 0 0   0 0 0
55 1 2 0 15 2.84719e-07 -0.0036413 -0.0246279 25.2 -0.00442272 -0.000794469 0.235837 0.0291629 0.359489 0.00185969 1.0000 0 0 0 0   0 0 0
56 1 2 0 15 2.84625e-07 -0.00711312 -0.0337643 25.2 -0.00371516 -0.0132307 0.223316 0.0570161 0.433133 0.00251807 1.0000 0 0 0 0   0 0 0
57 1 2 0 15 2.84754e-07 -0.0289008 -0.0206146 25.2 -0.00761354 -0.0190512 0.231078 0.231715 0.327441 0.00156316 1.0000 0 0 0 0   0 0 0
58 1 2 0 15 2.84796e-07 -0.00770114 -0.0183138 25.2 -0.0136724 -0.00344396 0.237574 0.0616399 0.308704 0.00139155 1.0000 0 0 0 0   0 0 0
59 1 2 0 15 2.84589e-07 0.00861019 -0.00596815 25.2 0.00321918 0.000650253 0.212798 -0.0688786 0.209723 0.000456628 1.0000 0 0 0 0   0 0 0
60 1 2 0 15 2.8469e-07 0.00155411 -0.0159165 25.2 -0.0064772 0.00348782 0.217708 -0.0124324 0.289409 0.00121169 1.0000 0 0 0 0   0 0 0
61 1 2 0 15 2.8462e-07 -0.0219624 -0.0231657 25.2 -0.00591413 0.00148169 0.22865 0.17599 0.347845 0.00175214 1.0000 0 0 0 0   0 0 0
62 1 2 0 15 2.84773e-07 -0.0100897 -0.0204793 25.2 0.00242084 0.00640676 0.243677 0.0807901 0.326141 0.00155309 1.0000 0 0 0 0   0 0 0
63 1 2 0 15 2.84696e-07 -0.0208399 -0.030171 25.2 -0.00883851 -0.00113561 0.236449 0.167132 0.404351 0.00226221 1.0000 0 0 0 0   0 0 0
64 1 2 0 15 2.85252e-07 0.0299322 -0.00872404 25.2 0.00833403 0.000454315 0.24169 -0.239843 0.231904 0.000666841 1.0000 0 0 0 0   0 0 0
66 1 2 0 15 2.84992e-07 -0.0129038 0.000764024 25.2 0.0208507 0.0118003 0.23642 0.103226 0.155852 -5.85005e-05 1.0000 0 0 0 0   0 0 0
67 1 2 0 15 2.85079e-07 -0.00392817 0.0105903 25.2 0.0105912 0.00490055 0.240604 0.031424 0.0772977 -0.000808821 1.0000 0 0 0 0   0 0 0
68 1 2 0 15 2.84891e-07 -0.0566466 -0.0434069 25.2 -0.0108414 0.00142419 0.251304 0.45791 0.513716 0.00318089 1.0000 0 0 0 0   0 0 0
69 1 2 0 15 2.85079e-07 0.0054928 0.0594987 25.2 -0.0108766 -0.0148583 0.235322 -0.0442648 -0.315914 -0.00418926 1.0000 0 0 0 0   0 0 0
70 1 2 0 15 2.85138e-07 -0.0143512 -0.043184 25.2 -0.00611617 0.0257168 0.228862 0.115278 0.509704 0.00316599 1.0000 0 0 0 0   0 0 0
72 1 2 0 15 2.84816e-07 -0.0638683 -0.0257439 25.2 0.00947282 0.0190156 0.248334 0.515809 0.370183 0.00194138 1.0000 0 0 0 0   0 0 0
73 1 2 0 15 2.85158e-07 -0.0741616 -0.0668915 25.2 0.0305763 0.0170393 0.256047 0.605551 0.710164 0.00460161 1.0000 0 0 0 0   0 0 0
74 1 2 0 15 2.84568e-07 -0.0244737 -0.0164272 25.2 -0.00351756 0.00248368 0.206496 0.196082 0.293704 0.00125008 1.0000 0 0 0 0   0 0 0
75 1 2 0 15 2.84587e-07 0.00705466 -0.00660476 25.2 0.0083956 -0.00940688 0.235047 -0.0564349 0.21482 0.000505224 1.0000 0 0 0 0   0 0 0
76 1 2 0 15 2.84703e-07 -0.0168601 0.00575513 25.2 -0.00327261 -0.016529 0.238674 0.1349 0.115931 -0.000440366 1.0000 0 0 0 0   0 0 0
77 1 2 0 15 2.84536e-07 -0.00691048 -0.00818688 25.2 -0.0054331 -0.000666852 0.218045 0.0552815 0.227487 0.000625919 1.0000 0 0 0 0   0 0 0
78 1 2 0 15 2.84495e-07 -0.0172764 -0.00925538 25.2 -0.0146919 -0.0107303 0.22137 0.138275 0.236081 0.000707319 1.0000 0 0 0 0   0 0 0
79 1 2 0 15 2.84578e-07 -0.00991983 -0.0235151 25.2 0.00593889 -0.00313743 0.223199 0.0794519 0.350563 0.00177784 1.0000 0 0 0 0   0 0 0
80 1 2 0 15 2.84613e-07 -0.0191489 -0.0150446 25.2 0.00185983 0.00683516 0.236397 0.153354 0.282554 0.00114605 1.0000 0 0 0 0   0 0 0
81 1 2 0 15 2.84552e-07 -0.0341831 0.00838564 25.2 -0.0043795 -0.0118363 0.224568 0.274046 0.0947689 -0.000641061 1.0000 0 0 0 0   0 0 0
82 1 2 0 15 2.84575e-07 0.00327074 -0.000788956 25.2 -0.00709789 0.00758586 0.216177 -0.0261648 0.168275 6.04092e-05 1.0000 0 0 0 0   0 0 0
83 1 2 0 15 2.84563e-07 -0.0156579 -0.00680149 25.2 0.00216928 -0.00773068 0.226853 0.125263 0.216397 0.000520242 1.0000 0 0 0 0   0 0 0
84 1 2 0 15 2.84961e-07 -0.0422192 0.0122367 25.2 0.00237085 -0.00334464 0.241276 0.339053 0.0637632 -0.000933766 1.0000 0 0 0 0   0 0 0
85 1 2 0 15 2.84617e-07 -0.0165657 -0.000875166 25.2 -0.0117529 0.00936152 0.218486 0.13252 0.168965 6.70102e-05 1.0000 0 0 0 0   0 0 0
86 1 2 0 15 2.84685e-07 -0.0185456 -0.00832579 25.2 -0.0203465 -0.00913927 0.233012 0.148449 0.22864 0.000636501 1.0000 0 0 0 0   0 0 0
87 1 2 0 15 2.84718e-07 0.00506356 -0.031191 25.2 -0.0296061 -0.00476527 0.224998 -0.0405747 0.412351 0.00233529 1.0000 0 0 0 0   0 0 0
88 1 2 0 15 2.84659e-07 0.031678 -0.00976631 25.2 -0.0118382 0.00323245 0.224878 -0.25386 0.240273 0.00074621 1.0000 0 0 0 0   0 0 0
89 1 2 0 15 2.84598e-07 -0.0472517 -0.0212688 25.2 -0.0159968 -0.00654975 0.217763 0.37996 0.333201 0.0016118 1.0000 0 0 0 0   0 0 0
90 1 2 0 15 2.84997e-07 0.0120677 0.0139217 25.2 0.00201812 0.00651923 0.241283 -0.0965668 0.0506515 -0.00106128 1.0000 0 0 0 0   0 0 0
91 1 2 0 15 2.84643e-07 -0.0157381 -0.00219376 25.2 0.00060272 0.00988405 0.227235 0.1259 0.179515 0.000167962 1.0000 0 0 0 0   0 0 0
92 1 2 0 15 2.84715e-07 -0.0149888 -0.018488 25.2 0.00566868 0.0172045 0.236332 0.120031 0.310176 0.00140458 1.0000 0 0 0 0   0 0 0
93 1 2 0 15 2.84474e-07 -0.0228597 -0.0147494 25.2 0.00120296 0.0261032 0.216977 0.18312 0.280217 0.00112376 1.0000 0 0 0 0   0 0 0
94 1 2 0 15 2.84545e-07 -0.00605205 -0.00914163 25.2 -0.00235575 -0.00865978 0.218215 0.0484143 0.235133 0.000698654 1.0000 0 0 0 0   0 0 0
95 1 2 0 15 2.84448e-07 -0.0377322 -0.0152601 25.2 0.00571899 0.0291972 0.231379 0.302852 0.284555 0.00116231 1.0000 0 0 0 0   0 0 0
96 1 2 0 15 2.84427e-07 -0.0489059 -0.0267332 25.2 0.000157681 0.015038 0.23942 0.393715 0.37751 0.00201365 1.0000 0 0 0 0   0 0 0
97 1 2 0 15 2.84555e-07 -0.0136148 0.00652759 25.2 -0.00725596 -0.00905697 0.227253 0.108914 0.109765 -0.000499333 1.0000 0 0 0 0   0 0 0
98 1 2 0 15 2.84564e-07 -0.0524119 0.017586 25.2 0.023061 0.00417081 0.238689 0.421887 0.0205503 -0.00133709 1.0000 0 0 0 0   0 0 0
99 1 2 0 15 2.84745e-07 -0.0105582 0.00917124 25.2 0.0167725 -0.00382956 0.240434 0.0844619 0.0886362 -0.000700909 1.0000 0 0 0 0   0 0 0
100 1 2 0 15 2.84547e-07 -0.0370131 0.00137089 25.2 -0.0010376 0.0121423 0.222756 0.296862 0.150969 -0.000104967 1.0000 0 0 0 0   0 0 0
101 1 2 0 15 2.84625e-07 -0.0169055 -0.00405086 25.2 0.0123207 -0.017639 0.238567 0.135253 0.19438 0.00031007 1.0000 0 0 0 0   0 0 0
102 1 2 0 15 2.84547e-07 -0.0364336 -0.00175643 25.2 0.00477817 -0.0141115 0.216893 0.292176 0.176051 0.000134488 1.0000 0 0 0 0   0 0 0
104 1 2 0 15 2.85035e-07 -0.0301919 -0.0227014 25.2 0.0145724 -0.010473 0.248426 0.242191 0.344308 0.00171783 1.0000 0 0 0 0   0 0 0
105 1 2 0 15 2.85022e-07 -0.0399862 -0.0117033 25.2 -0.010438 -0.0262115 0.247881 0.320999 0.255979 0.000893356 1.0000 0 0 0 0   0 0 0
106 1 2 0 15 2.85315e-07 -0.0112523 -0.0197822 25.2 0.00420024 -0.0144651 0.224223 0.0900986 0.320544 0.0015012 1.0000 0 0 0 0   0 0 0
108 1 2 0 15 2.8537e-07 0.00220397 -0.00442792 25.2 0.0152376 -0.0108255 0.213333 -0.017631 0.197395 0.000338897 1.0000 0 0 0 0   0 0 0
109 1 2 0 15 2.84918e-07 0.0131597 -0.016275 25.2 -0.0422217 0.00846102 0.26026 -0.105346 0.292373 0.00123864 1.0000 0 0 0 0   0 0 0
110 1 2 0 15 2.85432e-07 -0.0314009 -0.0267267 25.2 -0.00495686 -0.0348593 0.220293 0.252059 0.376834 0.00201318 1.0000 0 0 0 0   0 0 0
111 1 2 0 15 2.85332e-07 -0.02836 -0.0208799 25.2 -0.00605671 -0.0311892 0.224715 0.227364 0.329562 0.00158291 1.0000 0 0 0 0   0 0 0
112 1 2 0 15 2.88724e-07 -0.156176 -0.0610395 25.2 -0.0516532 -0.0174125 0.109729 1.32462 0.681361 0.00427795 1.0000 0 0 0 0   0 0 0
114 1 2 0 15 2.85394e-07 -0.0273891 -0.00942802 25.2 0.0323977 0.0158836 0.170833 0.219432 0.237539 0.000720471 1.0000 0 0 0 0   0 0 0
115 1 2 0 15 2.84929e-07 -0.0119258 -0.00266294 25.2 0.00412782 0.0142925 0.252181 0.0954023 0.18327 0.000203869 1.0000 0 0 0 0   0 0 0
116 1 2 0 15 2.85295e-07 -0.0121645 -0.028328 25.2 -0.00554298 0.0430445 0.229004 0.0974705 0.38932 0.00212937 1.0000 0 0 0 0   0 0 0
117 1 2 0 15 2.84719e-07 0.00948642 -0.0415844 25.2 0.014781 -0.0120812 0.222134 -0.0761673 0.496645 0.00305856 1.0000 0 0 0 0   0 0 0
118 1 2 0 15 2.84588e-07 0.0110204 -0.0618296 25.2 -0.00795542 -0.00540995 0.178454 -0.088871 0.662302 0.00432292 1.0000 0 0 0 0   0 0 0
119 1 2 0 15 2.85205e-07 -0.0141746 0.00747533 25.2 -0.00164162 0.0126203 0.228536 0.113392 0.10219 -0.000571681 1.0000 0 0 0 0   0 0 0
120 1 2 0 15 2.85148e-07 -0.0113357 -0.0030371 25.2 -0.0294912 0.0103078 0.152593 0.0906816 0.186264 0.000232503 1.0000 0 0 0 0   0 0 0
121 1 2 0 15 2.84957e-07 -0.00115674 -0.0676036 25.2 -0.00590373 -0.0361539 0.229683 0.0093374 0.709726 0.00463936 1.0000 0 0 0 0   0 0 0
122 1 2 0 15 2.85079e-07 -0.0215757 -0.00223991 25.2 -0.00683991 0.0152311 0.229457 0.172736 0.179899 0.000171495 1.0000 0 0 0 0   0 0 0
123 1 2 0 15 2.85743e-07 0.0355064 -0.00435547 25.2 -0.0189058 -0.0131994 0.207626 -0.284695 0.196895 0.000333358 1.0000 0 0 0 0   0 0 0
125 1 2 0 15 2.86217e-07 -0.0221539 0.016602 25.2 0.00926305 -0.0313625 0.169198 0.177472 0.0290952 -0.00126322 1.0000 0 0 0 0   0 0 0
126 1 2 0 15 2.85104e-07 -0.0130464 0.0368332 25.2 0.0150785 -0.0228171 0.22834 0.104683 -0.132954 -0.00273308 1.0000 0 0 0 0   0 0 0
127 1 2 0 15 2.85203e-07 -0.0194145 -0.0244454 25.2 0.00253746 -0.00426072 0.223577 0.155566 0.35812 0.00184627 1.0000 0 0 0 0   0 0 0
128 1 2 0 15 2.85382e-07 0.00612949 -0.0121993 25.2 -0.000910973 -0.00094277 0.195667 -0.0490338 0.259623 0.000930929 1.0000 0 0 0 0   0 0 0
129 1 2 0 15 2.85261e-07 0.00141633 -0.00854539 25.2 0.018599 0.0195089 0.219665 -0.0113302 0.230358 0.000653231 1.0000 0 0 0 0   0 0 0
130 1 2 0 15 2.85417e-07 0.0258835 0.000776172 25.2 -0.0240118 -0.0248679 0.186183 -0.207319 0.155747 -5.94306e-05 1.0000 0 0 0 0   0 0 0
131 1 2 0 15 2.85296e-07 -0.0011582 -0.015271 25.2 0.0198913 -0.0151441 0.225423 0.00926521 0.284235 0.00116314 1.0000 0 0 0 0   0 0 0
133 1 2 0 15 2.84523e-07 -0.0243518 -0.0106031 25.2 -0.0159531 0.0173047 0.235116 0.195062 0.246949 0.000809794 1.0000 0 0 0 0   0 0 0
134 1 2 0 15 2.84955e-07 -0.0216463 -0.00869142 25.2 -0.0285989 0.017448 0.263225 0.173335 0.231597 0.000664356 1.0000 0 0 0 0   0 0 0
135 1 2 0 15 2.84474e-07 -0.0160969 0.0129237 25.2 -0.0087638 -0.00725688 0.242251 0.128854 0.0585883 -0.000985812 1.0000 0 0 0 0   0 0 0
136 1 2 0 15 2.84589e-07 -0.0110385 -0.00235326 25.2 0.000517672 0.0177164 0.243433 0.0883044 0.180792 0.000180169 1.0000 0 0 0 0   0 0 0
137 1 2 0 15 2.84854e-07 -0.0337993 -0.00625169 25.2 0.0046006 0.0097193 0.25146 0.270913 0.212091 0.000478272 1.0000 0 0 0 0   0 0 0
138 1 2 0 15 2.84984e-07 -0.0469103 -0.0109866 25.2 -0.0187188 0.01729 0.25941 0.376954 0.250305 0.000838939 1.0000 0 0 0 0   0 0 0
139 1 2 0 15 2.8475e-07 -0.0194291 0.00156301 25.2 -0.0243896 0.00924861 0.250541 0.155501 0.149455 -0.000119678 1.0000 0 0 0 0   0 0 0
140 1 2 0 15 2.84549e-07 -0.0352038 -0.0024041 25.2 -0.00718317 -0.0173312 0.244347 0.282235 0.181241 0.00018406 1.0000 0 0 0 0   0 0 0
141 1 2 0 15 2.84768e-07 -0.032241 -0.00867653 25.2 -0.00937095 0.000364959 0.249387 0.258376 0.231532 0.000663221 1.0000 0 0 0 0   0 0 0
142 1 2 0 15 2.85272e-07 -0.00665191 -0.0436007 25.2 -0.0325133 0.0398521 0.256803 0.0534213 0.512994 0.00319384 1.0000 0 0 0 0   0 0 0
143 1 2 0 15 2.84665e-07 -0.00234083 -0.018551 25.2 0.00502782 -0.00549264 0.24472 0.0187324 0.310578 0.00140929 1.0000 0 0 0 0   0 0 0
144 1 2 0 15 2.84517e-07 -0.0236623 -0.0305216 25.2 0.00553225 -0.00910362 0.212166 0.189846 0.407275 0.00228744 1.0000 0 0 0 0   0 0 0
145 1 2 0 15 2.84542e-07 -0.0152278 0.0100834 25.2 0.00470343 -0.00352983 0.220834 0.12185 0.0813258 -0.000770302 1.0000 0 0 0 0   0 0 0
146 1 2 0 15 2.84447e-07 -0.00955566 -0.0179914 25.2 -0.00341128 0.0010687 0.216502 0.0764892 0.306128 0.00136742 1.0000 0 0 0 0   0 0 0
147 1 2 0 15 2.84517e-07 -0.00662279 -0.00101006 25.2 0.0111872 -0.00457006 0.210515 0.0529801 0.170044 7.73388e-05 1.0000 0 0 0 0   0 0 0
148 1 2 0 15 2.84503e-07 0.00894384 -0.0217681 25.2 0.0067851 0.000937414 0.214599 -0.0716205 0.336499 0.00164875 1.0000 0 0 0 0   0 0 0
149 1 2 0 15 2.845e-07 -0.0159862 -0.00676104 25.2 0.00898827 -0.0211448 0.224297 0.127897 0.216077 0.000517154 1.0000 0 0 0 0   0 0 0
150 1 2 0 15 2.84545e-07 -0.00342632 0.00611765 25.2 0.00104971 -0.0117166 0.221493 0.0274094 0.113042 -0.00046804 1.0000 0 0 0 0   0 0 0
151 1 2 0 15 2.84575e-07 -0.00594155 -0.0222055 25.2 0.00874675 -0.0121537 0.217603 0.0475758 0.339999 0.00168113 1.0000 0 0 0 0   0 0 0
152 1 2 0 15 2.8455e-07 0.00356074 -0.00817221 25.2 0.00585469 -0.0105063 0.218943 -0.0284847 0.22737 0.000624801 1.0000 0 0 0 0   0 0 0
153 1 2 0 15 2.8499e-07 -0.0078779 -0.0111961 25.2 0.0225343 0.000641098 0.235495 0.0630205 0.251587 0.000854857 1.0000 0 0 0 0   0 0 0
154 1 2 0 15 2.8638e-07 0.0414623 -0.0389711 25.2 -0.00989452 0.00548716 0.160068 -0.333894 0.476498 0.00288066 1.0000 0 0 0 0   0 0 0
155 1 2 0 15 2.85602e-07 -0.00179907 0.0280199 25.2 0.00468891 0.00192803 0.199155 0.0144126 -0.0621432 -0.00210703 1.0000 0 0 0 0   0 0 0
156 1 2 0 15 2.8492e-07 -0.0304476 0.00388232 25.2 0.00344023 0.00664044 0.251203 0.243965 0.130863 -0.000297185 1.0000 0 0 0 0   0 0 0
157 1 2 0 15 2.85953e-07 -0.0567145 0.0169467 25.2 -0.00735138 0.000911957 0.190125 0.456984 0.0255479 -0.00128913 1.0000 0 0 0 0   0 0 0
158 1 2 0 15 2.85121e-07 0.00275933 -0.00552764 25.2 -0.00775551 0.0118819 0.232414 -0.0220737 0.206197 0.000422974 1.0000 0 0 0 0   0 0 0
159 1 2 0 15 2.85088e-07 -0.00526441 -0.00628536 25.2 0.0015084 0.0151195 0.23254 0.0421135 0.212263 0.000480842 1.0000 0 0 0 0   0 0 0
160 1 2 0 15 2.85372e-07 0.00296497 -0.000199391 25.2 0.0189755 0.0163552 0.206603 -0.0237188 0.163559 1.5267e-05 1.0000 0 0 0 0   0 0 0
161 1 2 0 15 2.85149e-07 -0.00678751 0.000958107 25.2 0.00397971 0.00297104 0.224778 0.0542978 0.1543 -7.33611e-05 1.0000 0 0 0 0   0 0 0
162 1 2 0 15 2.8503e-07 -0.0199006 -0.00891632 25.2 -0.0104878 0.0113539 0.227023 0.159327 0.233386 0.000681489 1.0000 0 0 0 0   0 0 0
163 1 2 0 15 2.8449e-07 -0.0178238 0.00268249 25.2 -0.000200135 0.0137014 0.233218 0.142617 0.140503 -0.000205365 1.0000 0 0 0 0   0 0 0
164 1 2 0 15 2.84463e-07 -0.0172934 -0.0179912 25.2 0.00542202 0.0132775 0.235993 0.138503 0.306206 0.00136741 1.0000 0 0 0 0   0 0 0
167 1 2 0 15 2.84816e-07 -0.0120517 -0.00259149 25.2 0.0267579 -0.00775677 0.269151 0.0964092 0.182698 0.000198401 1.0000 0 0 0 0   0 0 0
168 1 2 0 15 2.84451e-07 -0.0189594 0.000738994 25.2 -0.000661179 -0.00493124 0.234453 0.151729 0.15605 -5.65839e-05 1.0000 0 0 0 0   0 0 0
169 1 2 0 15 2.84492e-07 -0.0106203 -0.00810544 25.2 -0.00207826 0.00358922 0.23968 0.0849585 0.226835 0.000619715 1.0000 0 0 0 0   0 0 0
170 1 2 0 15 2.84561e-07 0.00768281 -0.0125122 25.2 -0.00317567 0.0169643 0.248758 -0.0614599 0.262131 0.000954638 1.0000 0 0 0 0   0 0 0
171 1 2 0 15 2.84486e-07 0.00671993 -0.0236417 25.2 -0.00309875 0.00496734 0.229849 -0.0538178 0.351562 0.00178715 1.0000 0 0 0 0   0 0 0
172 1 2 0 15 2.84617e-07 0.00660237 -0.0122689 25.2 0.00424726 0.00921935 0.25146 -0.0528167 0.260181 0.000936204 1.0000 0 0 0 0   0 0 0
174 1 2 0 15 2.85193e-07 -0.0356451 0.00756983 25.2 -0.0089821 -0.00720775 0.22989 0.285851 0.101285 -0.000578894 1.0000 0 0 0 0   0 0 0
176 1 2 0 15 2.85753e-07 -0.0181657 -0.0259824 25.2 0.0228796 -0.0256564 0.189316 0.145564 0.370478 0.00195881 1.0000 0 0 0 0   0 0 0
179 1 2 0 15 2.85274e-07 -0.0258972 -0.0121861 25.2 -0.00474888 -0.0155802 0.229137 0.207475 0.259662 0.000929929 1.0000 0 0 0 0   0 0 0
180 1 2 0 15 2.85087e-07 0.0573931 -0.0445348 25.2 0.0118508 -0.0210037 0.247425 -0.464153 0.52304 0.00325591 1.0000 0 0 0 0   0 0 0
181 1 2 0 15 2.84659e-07 -0.0143266 0.00239685 25.2 0.000573077 -0.0017867 0.258131 0.114608 0.142792 -0.000183505 1.0000 0 0 0 0   0 0 0
182 1 2 0 15 2.85012e-07 -0.0235817 -0.0381927 25.2 -0.0113845 0.0002851 0.262966 0.189406 0.469398 0.00282721 1.0000 0 0 0 0   0 0 0
183 1 2 0 15 2.84508e-07 -0.0248538 -0.0221205 25.2 0.00906731 -0.0109377 0.220997 0.199174 0.339462 0.00167484 1.0000 0 0 0 0   0 0 0
184 1 2 0 15 2.84841e-07 -0.0323056 -0.00766284 25.2 -0.0198425 -0.00196717 0.264678 0.258891 0.223399 0.000585994 1.0000 0 0 0 0   0 0 0
185 1 2 0 15 2.8455e-07 -0.0401083 -0.00175972 25.2 0.00632887 -0.0175325 0.239353 0.321891 0.176088 0.00013474 1.0000 0 0 0 0   0 0 0
186 1 2 0 15 2.84709e-07 -0.0332411 0.0219235 25.2 0.0155987 -0.00779582 0.263086 0.266761 -0.0137495 -0.00166026 1.0000 0 0 0 0   0 0 0
187 1 2 0 15 2.84511e-07 -0.0258915 -0.0175225 25.2 -0.00067226 0.00875502 0.235614 0.207466 0.302513 0.00133233 1.0000 0 0 0 0   0 0 0
188 1 2 0 15 2.84725e-07 -0.0247804 -0.0256369 25.2 -0.0262318 -0.00083965 0.259226 0.198687 0.367824 0.00193357 1.0000 0 0 0 0   0 0 0
189 1 2 0 15 2.8455e-07 -0.0265039 -0.0139143 25.2 0.0131081 -0.000558785 0.245009 0.212355 0.273538 0.00106072 1.0000 0 0 0 0   0 0 0
190 1 2 0 15 2.86221e-07 0.0180911 -0.0244193 25.2 0.025008 -0.0278458 0.173446 -0.144954 0.3579 0.00184435 1.0000 0 0 0 0   0 0 0
191 1 2 0 15 2.86472e-07 0.0353125 -0.00374451 25.2 0.0203486 0.00358532 0.155469 -0.283122 0.191992 0.000286641 1.0000 0 0 0 0   0 0 0
192 1 2 0 15 2.84755e-07 -0.0286595 0.00564512 25.2 -0.0105482 -0.00218914 0.254095 0.229614 0.116751 -0.000431956 1.0000 0 0 0 0   0 0 0
193 1 2 0 15 2.84722e-07 -0.0149292 0.000557435 25.2 -0.0334286 -0.0147182 0.260091 0.119429 0.157505 -4.26822e-05 1.0000 0 0 0 0   0 0 0
194 1 2 0 15 2.84493e-07 -0.0384089 -0.013623 25.2 -0.00878066 -0.000155074 0.24014 0.308287 0.271395 0.00103874 1.0000 0 0 0 0   0 0 0
195 1 2 0 15 2.85283e-07 -0.0437256 -0.00543739 25.2 -0.00344196 0.00854858 0.245551 0.351156 0.205645 0.000416074 1.0000 0 0 0 0   0 0 0
196 1 2 0 15 2.84806e-07 -0.0333724 -0.00499753 25.2 -0.0189383 -0.0123752 0.250412 0.267448 0.202026 0.000382445 1.0000 0 0 0 0   0 0 0
197 1 2 0 15 2.84767e-07 -0.00103447 -0.0246356 25.2 -0.0272853 -0.00463761 0.258068 0.00828484 0.359546 0.00186026 1.0000 0 0 0 0   0 0 0
199 1 2 0 15 2.84748e-07 -0.00807385 -0.0278781 25.2 -0.0069197 -0.00918712 0.259423 0.0646853 0.385676 0.00209675 1.0000 0 0 0 0   0 0 0
200 1 2 0 15 2.84511e-07 -0.00922326 -0.0260949 25.2 -0.0137302 -0.0140606 0.236884 0.0738865 0.371324 0.00196702 1.0000 0 0 0 0   0 0 0
0 1 2 0 16 2.91504e-07 -0.00641636 -0.0113534 27 0 0 0.204 0 0 0 1.0000 0 0 0 0   0 0 0
1 1 2 0 16 2.91234e-07 0.0229156 -0.0135932 27 0.0228085 0.0080337 0.219783 -0.183559 0.270935 0.00103649 1.0000 0 0 0 0   0 0 0
2 1 2 0 16 2.91255e-07 -0.0180309 -0.0140999 27 -0.000781496 0.013601 0.204833 0.144377 0.274958 0.00107473 1.0000 0 0 0 0   0 0 0
3 1 2 0 16 2.91262e-07 0.023932 -0.0104838 27 -0.0114063 0.0133916 0.217155 -0.191692 0.245989 0.000800733 1.0000 0 0 0 0   0 0 0
4 1 2 0 16 2.91279e-07 0.0140963 0.0118459 27 -0.0107793 -0.00183999 0.202888 -0.112799 0.0672372 -0.000904162 1.0000 0 0 0 0   0 0 0
5 1 2 0 16 2.91291e-07 0.0209656 -0.0136318 27 -0.00425758 -0.00338789 0.203218 -0.167914 0.271228 0.0010394 1.0000 0 0 0 0   0 0 0
6 1 2 0 16 2.91193e-07 -0.0130535 -0.0182512 27 -0.0106495 -0.00476067 0.206127 0.104516 0.308252 0.00138686 1.0000 0 0 0 0   0 0 0
7 1 2 0 16 2.91296e-07 0.036235 -0.0384894 27 -0.00470213 0.00431085 0.228128 -0.291466 0.472248 0.00284767 1.0000 0 0 0 0   0 0 0
8 1 2 0 16 2.91365e-07 -0.00748784 0.00389675 27 -0.000363853 -0.00310432 0.206899 0.0599002 0.130798 -0.000298288 1.0000 0 0 0 0   0 0 0
9 1 2 0 16 2.91121e-07 0.0088411 -0.00625325 27 0.014145 0.00297398 0.202708 -0.0707258 0.212006 0.000478391 1.0000 0 0 0 0   0 0 0
10 1 2 0 16 2.91208e-07 0.00228563 -0.0528332 27 -0.0229946 0.0358777 0.235567 -0.0183853 0.588219 0.00378829 1.0000 0 0 0 0   0 0 0
11 1 2 0 16 2.91314e-07 -0.0234732 -0.0730782 27 -0.004922 0.0432859 0.259856 0.190089 0.75614 0.00491831 1.0000 0 0 0 0   0 0 0
12 1 2 0 16 2.91471e-07 -0.0313755 -0.00554456 27 -0.00560347 -0.0347165 0.265901 0.251418 0.206408 0.000424268 1.0000 0 0 0 0   0 0 0
14 1 2 0 16 2.91304e-07 -0.0322902 4.46803e-05 27 -0.0203715 -0.0180373 0.24695 0.258754 0.161605 -3.42125e-06 1.0000 0 0 0 0   0 0 0
15 1 2 0 16 2.91277e-07 -0.0456298 0.0403093 27 0.0133969 0.00161098 0.265657 0.367814 -0.162213 -0.00297228 1.0000 0 0 0 0   0 0 0
16 1 2 0 16 2.91286e-07 -0.0191863 0.0311486 27 0.00308849 -0.0107043 0.257259 0.153867 -0.0873869 -0.00233227 1.0000 0 0 0 0   0 0 0
17 1 2 0 16 2.91498e-07 -0.0502903 0.0396431 27 0.0110811 -0.000563163 0.27213 0.405659 -0.157087 -0.00292667 1.0000 0 0 0 0   0 0 0
18 1 2 0 16 2.91166e-07 -0.0194105 -0.0224113 27 -0.0187286 -0.00477284 0.230321 0.155518 0.341758 0.00169636 1.0000 0 0 0 0   0 0 0
19 1 2 0 16 2.91317e-07 -0.0239794 -0.0051059 27 -0.00951867 -0.000957665 0.219172 0.192042 0.202867 0.000390731 1.0000 0 0 0 0   0 0 0
20 1 2 0 16 2.91508e-07 -0.00106334 -0.0300796 27 0.0185666 0.0119483 0.229109 0.00851977 0.403391 0.00225564 1.0000 0 0 0 0   0 0 0
21 1 2 0 16 2.91466e-07 -0.0417989 -0.0191673 27 0.000120017 0.0245336 0.217945 0.33578 0.31611 0.00145541 1.0000 0 0 0 0   0 0 0
22 1 2 0 16 2.91349e-07 -0.00283933 0.0044532 27 0.00202258 0.00354396 0.20568 0.0227137 0.126349 -0.00034083 1.0000 0 0 0 0   0 0 0
23 1 2 0 16 2.91389e-07 -0.00826822 -0.00575927 27 0.0225072 -0.0113358 0.201445 0.0661429 0.208051 0.000440682 1.0000 0 0 0 0   0 0 0
24 1 2 0 16 2.91323e-07 -0.019727 -0.0250283 27 0.00441897 0.0102789 0.20293 0.158076 0.362812 0.00188911 1.0000 0 0 0 0   0 0 0
25 1 2 0 16 2.91396e-07 0.00775232 -0.0182595 27 -0.0098928 -0.0122927 0.221458 -0.0620493 0.308268 0.00138749 1.0000 0 0 0 0   0 0 0
26 1 2 0 16 2.91488e-07 -0.0324475 -0.0641771 27 0.00559474 -0.0111318 0.211565 0.262345 0.682706 0.00445414 1.0000 0 0 0 0   0 0 0
27 1 2 0 16 2.91313e-07 -0.0190076 -0.00629844 27 0.000914041 0.0113422 0.234107 0.152141 0.212396 0.000481841 1.0000 0 0 0 0   0 0 0
28 1 2 0 16 2.91276e-07 -0.0359222 -0.0413391 27 0.00444451 0.00519552 0.258811 0.289112 0.49546 0.00304196 1.0000 0 0 0 0   0 0 0
29 1 2 0 16 2.91229e-07 -0.0251604 -0.00116913 27 -0.00957559 -0.0280793 0.253169 0.201514 0.171328 8.95184e-05 1.0000 0 0 0 0   0 0 0
31 1 2 0 16 2.91262e-07 -0.0347214 -0.00522652 27 0.0177357 -0.0203232 0.253645 0.278356 0.203877 0.000399952 1.0000 0 0 0 0   0 0 0
32 1 2 0 16 2.91223e-07 -0.036974 -0.0308795 27 -0.00408217 0.0106636 0.258136 0.297109 0.410542 0.00231307 1.0000 0 0 0 0   0 0 0
33 1 2 0 16 2.91128e-07 -0.0129805 -0.0229394 27 -0.0136291 0.0054057 0.232269 0.103974 0.345954 0.00173546 1.0000 0 0 0 0   0 0 0
34 1 2 0 16 2.91463e-07 -0.0905906 0.0598052 27 0.0147209 -0.0108876 0.291168 0.742752 -0.326758 -0.00420691 1.0000 0 0 0 0   0 0 0
36 1 2 0 16 2.91115e-07 -0.00850805 -0.0190248 27 -0.012603 0.017472 0.230012 0.0681081 0.314429 0.00144475 1.0000 0 0 0 0   0 0 0
37 1 2 0 16 2.91418e-07 -0.0479257 0.0218688 27 0.00375502 -0.034204 0.268356 0.385483 -0.0137115 -0.00165621 1.0000 0 0 0 0   0 0 0
38 1 2 0 16 2.91416e-07 -0.00767616 -0.00215974 27 0.0195829 0.0050889 0.222886 0.0614066 0.179243 0.000165359 1.0000 0 0 0 0   0 0 0
40 1 2 0 16 2.91529e-07 -0.0135037 0.00351882 27 0.00753513 0.00327608 0.217135 0.108025 0.13382 -0.000269369 1.0000 0 0 0 0   0 0 0
41 1 2 0 16 2.91351e-07 -0.00607512 -0.0259167 27 0.00946484 -0.0139613 0.238852 0.0486629 0.369874 0.00195401 1.0000 0 0 0 0   0 0 0
42 1 2 0 16 2.91424e-07 0.00469637 -0.0297115 27 0.0306979 -0.000137533 0.226852 -0.0376287 0.400431 0.00222916 1.0000 0 0 0 0   0 0 0
44 1 2 0 16 2.91518e-07 -0.00811196 -0.00227754 27 0.0149811 0.00917805 0.245409 0.0648929 0.180186 0.000174374 1.0000 0 0 0 0   0 0 0
45 1 2 0 16 2.91643e-07 -0.0558547 0.0545448 27 0.00683229 -0.0444853 0.280064 0.452498 -0.278567 -0.00389363 1.0000 0 0 0 0   0 0 0
46 1 2 0 16 2.91579e-07 -0.0195959 -0.0293433 27 -0.00980484 -0.0180958 0.256799 0.157104 0.397614 0.00220267 1.0000 0 0 0 0   0 0 0
48 1 2 0 16 2.91532e-07 -0.0225056 0.00508574 27 0.0199407 -0.0327616 0.245409 0.180211 0.121252 -0.00038919 1.0000 0 0 0 0   0 0 0
49 1 2 0 16 2.91658e-07 -0.0295236 -0.0168574 27 0.0188818 0.00674662 0.248271 0.236619 0.297201 0.00128242 1.0000 0 0 0 0   0 0 0
50 1 2 0 16 2.92013e-07 -0.0905814 -0.0362756 27 -0.0014274 -0.0101738 0.222079 0.739045 0.458541 0.00269433 1.0000 0 0 0 0   0 0 0
51 1 2 0 16 2.91637e-07 -0.0115771 -0.0734717 27 -0.0126931 0.0180965 0.275772 0.0936817 0.758901 0.00493733 1.0000 0 0 0 0   0 0 0
52 1 2 0 16 2.91192e-07 -0.0487034 -0.00443603 27 -0.0112769 -0.000558071 0.269285 0.3914 0.197623 0.000339517 1.0000 0 0 0 0   0 0 0
53 1 2 0 16 2.91361e-07 -0.0278788 0.00466748 27 0.0212326 -0.0135554 0.22266 0.223344 0.124582 -0.000357212 1.0000 0 0 0 0   0 0 0
54 1 2 0 16 2.91361e-07 -0.0108706 0.000580782 27 0.0114716 -0.0197072 0.228101 0.0869612 0.157318 -4.44698e-05 1.0000 0 0 0 0   0 0 0
55 1 2 0 16 2.91328e-07 -0.0187307 0.00219896 27 0.00376169 -0.00601961 0.233203 0.149896 0.144368 -0.000168361 1.0000 0 0 0 0   0 0 0
56 1 2 0 16 2.9132e-07 -0.00700729 0.0220944 27 0.0100085 0.000157857 0.22122 0.0561107 -0.0147292 -0.00167291 1.0000 0 0 0 0   0 0 0
57 1 2 0 16 2.91459e-07 0.0186254 0.0110069 27 0.018626 0.00910827 0.232809 -0.149115 0.0738991 -0.000840481 1.0000 0 0 0 0   0 0 0
58 1 2 0 16 2.91398e-07 -0.0137985 -0.000463104 27 0.0127603 0.00158938 0.240449 0.110384 0.165668 3.54591e-05 1.0000 0 0 0 0   0 0 0
59 1 2 0 16 2.91324e-07 -0.0223814 -0.0132652 27 0.00462658 0.00218801 0.207628 0.17927 0.268297 0.00101168 1.0000 0 0 0 0   0 0 0
60 1 2 0 16 2.914e-07 -0.0126686 -0.0108122 27 0.00780303 -0.0103116 0.214415 0.101345 0.248512 0.000825686 1.0000 0 0 0 0   0 0 0
61 1 2 0 16 2.91272e-07 0.00404518 -0.000819748 27 0.00177465 -0.00595617 0.222762 -0.0323601 0.168522 6.27668e-05 1.0000 0 0 0 0   0 0 0
62 1 2 0 16 2.9133e-07 -0.0186957 -0.00161085 27 -0.00169984 -0.0078092 0.24292 0.149613 0.174856 0.00012334 1.0000 0 0 0 0   0 0 0
63 1 2 0 16 2.91314e-07 0.0026447 0.00785135 27 0.00708687 -0.00332542 0.234314 -0.0211567 0.0991842 -0.000600358 1.0000 0 0 0 0   0 0 0
64 1 2 0 16 2.91791e-07 -0.0627717 -0.00874703 27 -0.00453543 -0.00193364 0.259642 0.506269 0.232546 0.000668592 1.0000 0 0 0 0   0 0 0
66 1 2 0 16 2.91541e-07 -0.0208681 -0.0218427 27 -0.0218554 -0.0125609 0.250395 0.167203 0.337198 0.00165428 1.0000 0 0 0 0   0 0 0
67 1 2 0 16 2.9161e-07 -0.0318474 -0.0303692 27 -0.0095233 -0.00246089 0.255675 0.255762 0.406282 0.00227647 1.0000 0 0 0 0   0 0 0
68 1 2 0 16 2.91465e-07 0.0300823 0.0196899 27 0.00203652 -0.00960607 0.257473 -0.241214 0.00426173 -0.00149433 1.0000 0 0 0 0   0 0 0
69 1 2 0 16 2.91747e-07 -0.0311971 -0.0702555 27 0.0127642 0.0266971 0.24677 0.252646 0.73313 0.00477701 1.0000 0 0 0 0   0 0 0
70 1 2 0 16 2.9178e-07 -0.0100623 0.0152281 27 -0.000163598 -0.0348886 0.244721 0.0805167 0.0402191 -0.0011599 1.0000 0 0 0 0   0 0 0
72 1 2 0 16 2.91387e-07 0.0335992 0.000607025 27 -0.0157551 -0.0191728 0.253388 -0.269263 0.157099 -4.64792e-05 1.0000 0 0 0 0   0 0 0
73 1 2 0 16 2.91735e-07 0.0543126 0.042597 27 -0.0375978 -0.0150505 0.273073 -0.438664 -0.181242 -0.00312677 1.0000 0 0 0 0   0 0 0
74 1 2 0 16 2.91367e-07 0.0125272 -0.00970952 27 -0.0053785 -0.000328793 0.201745 -0.100214 0.23968 0.000741895 1.0000 0 0 0 0   0 0 0
75 1 2 0 16 2.91202e-07 -0.0365197 -0.0103602 27 -0.00452853 0.00700464 0.224819 0.292962 0.245124 0.000791337 1.0000 0 0 0 0   0 0 0
76 1 2 0 16 2.91303e-07 -0.00720799 -0.0204749 27 0.0021603 0.0155891 0.234219 0.0577076 0.326082 0.00155276 1.0000 0 0 0 0   0 0 0
77 1 2 0 16 2.91258e-07 -0.00254705 -0.0100044 27 0.00524689 0.00581542 0.207008 0.0203756 0.242042 0.000764301 1.0000 0 0 0 0   0 0 0
78 1 2 0 16 2.91229e-07 0.0118636 -0.00160699 27 0.00211065 0.00606777 0.209856 -0.0949048 0.17482 0.000123045 1.0000 0 0 0 0   0 0 0
79 1 2 0 16 2.91248e-07 -0.0124951 0.00215608 27 -0.00623067 -0.00559376 0.215625 0.0999568 0.144718 -0.000165079 1.0000 0 0 0 0   0 0 0
80 1 2 0 16 2.91217e-07 -0.00790727 -0.0106354 27 -0.00279911 -0.00744822 0.228773 0.0632554 0.247096 0.00081225 1.0000 0 0 0 0   0 0 0
81 1 2 0 16 2.91263e-07 0.0132737 -0.0165402 27 -0.00774703 0.0144797 0.213719 -0.106263 0.294504 0.00125857 1.0000 0 0 0 0   0 0 0
82 1 2 0 16 2.91327e-07 -0.00836605 -0.0236743 27 0.00737118 -0.000431195 0.20605 0.0670045 0.351834 0.00178955 1.0000 0 0 0 0   0 0 0
83 1 2 0 16 2.91237e-07 -0.00484919 -0.00565244 27 -0.00212901 0.00934018 0.216721 0.0387918 0.207196 0.000432515 1.0000 0 0 0 0   0 0 0
84 1 2 0 16 2.9152e-07 0.00916199 -0.0353835 27 0.00104466 0.00378205 0.251702 -0.0734752 0.446303 0.00263191 1.0000 0 0 0 0   0 0 0
85 1 2 0 16 2.91336e-07 0.00741765 -0.0262215 27 0.00549351 -0.0071799 0.215153 -0.05942 0.372333 0.00197627 1.0000 0 0 0 0   0 0 0
86 1 2 0 16 2.91335e-07 0.0045655 -0.00868699 27 0.011108 0.00483755 0.230189 -0.0365225 0.231492 0.000664018 1.0000 0 0 0 0   0 0 0
87 1 2 0 16 2.91429e-07 -0.00346332 0.0142707 27 0.0267695 -0.00728792 0.226902 0.0277054 0.0478985 -0.00108762 1.0000 0 0 0 0   0 0 0
88 1 2 0 16 2.91368e-07 -0.0342966 -0.0101004 27 0.0266723 0.00145367 0.220513 0.274993 0.242997 0.000771598 1.0000 0 0 0 0   0 0 0
89 1 2 0 16 2.91383e-07 0.0395176 0.0016203 27 -0.0113693 0.000836073 0.215431 -0.317114 0.148963 -0.000124064 1.0000 0 0 0 0   0 0 0
90 1 2 0 16 2.91551e-07 -0.0433826 -0.0324607 27 0.00287463 -0.00591396 0.252929 0.349097 0.423661 0.00242584 1.0000 0 0 0 0   0 0 0
91 1 2 0 16 2.91292e-07 -0.00792446 -0.0246472 27 -0.00153676 -0.0077104 0.220861 0.0634724 0.359662 0.00186111 1.0000 0 0 0 0   0 0 0
92 1 2 0 16 2.91502e-07 -0.00304382 -0.00914006 27 0.0522161 0.00496971 0.227824 0.0243495 0.23512 0.000698534 1.0000 0 0 0 0   0 0 0
93 1 2 0 16 2.91227e-07 0.00428589 -0.0316991 27 -0.00601881 -0.0198395 0.205253 -0.0343439 0.416442 0.00237152 1.0000 0 0 0 0   0 0 0
94 1 2 0 16 2.91262e-07 -0.00678805 -0.00305503 27 0.00310118 0.00896236 0.209517 0.0543021 0.186407 0.000233875 1.0000 0 0 0 0   0 0 0
95 1 2 0 16 2.91139e-07 0.010424 -0.0270038 27 -0.0104413 -0.0278498 0.216926 -0.0835133 0.378647 0.00203335 1.0000 0 0 0 0   0 0 0
96 1 2 0 16 2.91077e-07 0.0220167 -0.00388638 27 -0.0110423 -0.0149176 0.221212 -0.176281 0.193088 0.000297495 1.0000 0 0 0 0   0 0 0
97 1 2 0 16 2.9124e-07 0.000156481 -0.0160809 27 0.00415605 0.0131553 0.216047 -0.0012518 0.290726 0.00122405 1.0000 0 0 0 0   0 0 0
98 1 2 0 16 2.91189e-07 0.0141122 -0.0383751 27 -0.0302347 0.000725694 0.229482 -0.113273 0.470666 0.00283984 1.0000 0 0 0 0   0 0 0
99 1 2 0 16 2.91305e-07 -0.0226959 -0.0275076 27 -0.0168468 0.00653713 0.239822 0.181974 0.382869 0.00206988 1.0000 0 0 0 0   0 0 0
100 1 2 0 16 2.91255e-07 0.0147607 -0.031205 27 -0.0125083 -0.00279655 0.213743 -0.118316 0.412544 0.00233629 1.0000 0 0 0 0   0 0 0
101 1 2 0 16 2.91214e-07 -0.0136925 -0.00838629 27 -0.0118233 0.0161774 0.232282 0.109535 0.229084 0.00064111 1.0000 0 0 0 0   0 0 0
102 1 2 0 16 2.91281e-07 0.00956982 -0.00532847 27 -0.0182044 0.0103241 0.208357 -0.0765553 0.204603 0.000407747 1.0000 0 0 0 0   0 0 0
104 1 2 0 16 2.91543e-07 -0.0024289 -0.00178177 27 -0.0156219 0.0118926 0.260541 0.0194304 0.176219 0.000136428 1.0000 0 0 0 0   0 0 0
105 1 2 0 16 2.916e-07 0.0070323 -0.0120385 27 0.0113104 0.0258894 0.256027 -0.056256 0.258335 0.000918747 1.0000 0 0 0 0   0 0 0
106 1 2 0 16 2.91927e-07 -0.0184906 0.000182927 27 -0.00244973 0.0113046 0.243054 0.147965 0.1605 -1.40066e-05 1.0000 0 0 0 0   0 0 0
108 1 2 0 16 2.92028e-07 -0.0358573 -0.0114344 27 -0.00967686 0.00942605 0.231188 0.287629 0.253745 0.000872966 1.0000 0 0 0 0   0 0 0
109 1 2 0 16 2.91535e-07 -0.0517827 -0.00300084 27 0.049306 -0.00803821 0.265781 0.416401 0.186099 0.000229729 1.0000 0 0 0 0   0 0 0
110 1 2 0 16 2.92146e-07 0.012813 0.0167777 27 0.00213862 0.0200096 0.234647 -0.102574 0.0277818 -0.00127643 1.0000 0 0 0 0   0 0 0
111 1 2 0 16 2.91995e-07 0.00628211 0.00597376 27 0.00441767 0.0233344 0.241893 -0.0502547 0.114192 -0.000457056 1.0000 0 0 0 0   0 0 0
114 1 2 0 16 2.92388e-07 -0.032824 -0.0239038 27 -0.0227145 0.00358666 0.18418 0.263453 0.354086 0.00180643 1.0000 0 0 0 0   0 0 0
115 1 2 0 16 2.91433e-07 -0.022378 -0.0171374 27 -0.00734602 -0.0155586 0.257249 0.179275 0.299392 0.00130347 1.0000 0 0 0 0   0 0 0
116 1 2 0 16 2.91972e-07 -0.0165615 0.000336176 27 0.00313691 -0.0447767 0.245813 0.132487 0.159274 -2.57407e-05 1.0000 0 0 0 0   0 0 0
117 1 2 0 16 2.91392e-07 -0.0364632 0.0267178 27 -0.00656476 -0.000329918 0.226177 0.292884 -0.0523104 -0.00201253 1.0000 0 0 0 0   0 0 0
118 1 2 0 16 2.91752e-07 0.0107386 -0.00843238 27 -0.00375906 -0.0495522 0.180742 -0.0859053 0.229453 0.000644621 1.0000 0 0 0 0   0 0 0
119 1 2 0 16 2.91798e-07 -0.0159986 -0.0329271 27 -0.00088884 -0.00888408 0.247554 0.128303 0.426531 0.00245891 1.0000 0 0 0 0   0 0 0
120 1 2 0 16 2.92909e-07 -0.043439 0.0109142 27 -0.0685551 0.0214567 0.13901 0.348894 0.0743584 -0.000833438 1.0000 0 0 0 0   0 0 0
121 1 2 0 16 2.9167e-07 -0.0085034 0.0680241 27 0.00718031 0.0110772 0.248523 0.0686665 -0.385266 -0.00466143 1.0000 0 0 0 0   0 0 0
122 1 2 0 16 2.91688e-07 -0.00554967 -0.0237414 27 0.00326487 -0.0153736 0.244893 0.0444446 0.35236 0.00179449 1.0000 0 0 0 0   0 0 0
123 1 2 0 16 2.92632e-07 -0.0227734 -0.00642678 27 0.0353152 0.0120395 0.200354 0.182367 0.213448 0.000491637 1.0000 0 0 0 0   0 0 0
125 1 2 0 16 2.93664e-07 -0.0378239 0.0226719 27 -0.0259906 0.000148431 0.126625 0.303762 -0.0198739 -0.00171565 1.0000 0 0 0 0   0 0 0
126 1 2 0 16 2.9174e-07 -0.0218695 -0.050391 27 -0.00988375 0.0310376 0.244067 0.17602 0.568705 0.0036353 1.0000 0 0 0 0   0 0 0
127 1 2 0 16 2.91812e-07 -0.00661977 0.00342106 27 -0.00498777 -0.000169463 0.24277 0.0529559 0.134602 -0.000261888 1.0000 0 0 0 0   0 0 0
128 1 2 0 16 2.92172e-07 -0.0208301 -0.00866836 27 0.00603059 -0.00274398 0.211737 0.166785 0.231406 0.000662599 1.0000 0 0 0 0   0 0 0
129 1 2 0 16 2.91884e-07 -0.0357203 -0.0165587 27 -0.0146221 -0.016668 0.240337 0.286631 0.294964 0.00125997 1.0000 0 0 0 0   0 0 0
130 1 2 0 16 2.92409e-07 0.00618287 0.00757044 27 0.0264344 0.00584546 0.194684 -0.0494608 0.101429 -0.000578941 1.0000 0 0 0 0   0 0 0
131 1 2 0 16 2.91888e-07 -0.0321833 -0.00523488 27 -0.0165289 0.0117603 0.245899 0.257903 0.203926 0.000400591 1.0000 0 0 0 0   0 0 0
133 1 2 0 16 2.91198e-07 0.011998 -0.020373 27 0.0141824 -0.0160492 0.224805 -0.0960786 0.325302 0.00154518 1.0000 0 0 0 0   0 0 0
134 1 2 0 16 2.91493e-07 -0.0221218 -0.0102697 27 0.0261563 -0.0149802 0.267038 0.177163 0.244258 0.000784459 1.0000 0 0 0 0   0 0 0
135 1 2 0 16 2.91108e-07 -0.00199496 -0.0285591 27 0.00339925 0.0153508 0.224485 0.0159826 0.391143 0.00214613 1.0000 0 0 0 0   0 0 0
136 1 2 0 16 2.91175e-07 -0.0141404 -0.0225954 27 0.00242619 -0.0148729 0.232742 0.113268 0.343196 0.00170999 1.0000 0 0 0 0   0 0 0
137 1 2 0 16 2.91371e-07 0.00152337 -0.0128912 27 -0.00326869 -0.00810924 0.255425 -0.0121865 0.265167 0.00098335 1.0000 0 0 0 0   0 0 0
138 1 2 0 16 2.91526e-07 0.00969558 -0.00812826 27 0.0134887 -0.0198081 0.267859 -0.0775614 0.227018 0.000621453 1.0000 0 0 0 0   0 0 0
139 1 2 0 16 2.91333e-07 -0.00670363 -0.0242995 27 0.0230916 -0.00595201 0.248459 0.0536905 0.356858 0.00183554 1.0000 0 0 0 0   0 0 0
140 1 2 0 16 2.91161e-07 0.01306 -0.0112929 27 0.00342822 0.0120154 0.232788 -0.104484 0.25237 0.000862211 1.0000 0 0 0 0   0 0 0
141 1 2 0 16 2.91322e-07 0.00318407 -0.015107 27 0.00557776 0.00164821 0.248793 -0.0254714 0.282921 0.00115075 1.0000 0 0 0 0   0 0 0
142 1 2 0 16 2.91905e-07 -0.0341709 0.0323587 27 0.0309418 -0.0409099 0.268363 0.274544 -0.0975349 -0.00241857 1.0000 0 0 0 0   0 0 0
143 1 2 0 16 2.91222e-07 -0.026274 -0.00087169 27 -0.00189048 0.00251285 0.239583 0.210454 0.168946 6.6744e-05 1.0000 0 0 0 0   0 0 0
144 1 2 0 16 2.91279e-07 -0.00289983 0.0137443 27 -0.0130239 -0.00620002 0.203592 0.0231976 0.0521019 -0.00104789 1.0000 0 0 0 0   0 0 0
145 1 2 0 16 2.91244e-07 -0.00793259 -0.0227862 27 -0.0111027 0.0118792 0.209553 0.0635266 0.344684 0.00172411 1.0000 0 0 0 0   0 0 0
146 1 2 0 16 2.91199e-07 -0.00149218 -0.00577022 27 -0.00105131 -0.0055828 0.201792 0.0119369 0.208139 0.000441518 1.0000 0 0 0 0   0 0 0
147 1 2 0 16 2.91263e-07 -0.0212734 -0.0132652 27 -0.0107719 0.00426376 0.201423 0.17038 0.268288 0.00101168 1.0000 0 0 0 0   0 0 0
148 1 2 0 16 2.9124e-07 -0.0280294 -0.00301998 27 0.00132051 -0.00562398 0.204168 0.22455 0.186162 0.000231193 1.0000 0 0 0 0   0 0 0
149 1 2 0 16 2.91186e-07 -0.0122538 0.00332237 27 -0.013124 0.0179118 0.212187 0.0980264 0.135391 -0.000254335 1.0000 0 0 0 0   0 0 0
150 1 2 0 16 2.91243e-07 -0.0131075 -0.011487 27 0.00316185 0.0152118 0.212597 0.104867 0.253927 0.000876959 1.0000 0 0 0 0   0 0 0
151 1 2 0 16 2.91282e-07 -0.0156674 0.0115548 27 -0.00338331 0.00623016 0.211572 0.125394 0.0695468 -0.000882108 1.0000 0 0 0 0   0 0 0
152 1 2 0 16 2.91256e-07 -0.0227786 -0.00204912 27 -0.000887373 0.0110488 0.208899 0.182393 0.178373 0.000156893 1.0000 0 0 0 0   0 0 0
153 1 2 0 16 2.91538e-07 -0.025369 -0.010531 27 -0.0185198 0.00177149 0.24834 0.203225 0.246377 0.000804316 1.0000 0 0 0 0   0 0 0
154 1 2 0 16 2.9412e-07 0.0839991 -0.0236508 27 0.0249442 -0.0107508 0.126077 -0.682582 0.354412 0.00178782 1.0000 0 0 0 0   0 0 0
155 1 2 0 16 2.92432e-07 -0.0190699 -0.0444553 27 0.00279076 0.0134876 0.204251 0.153242 0.520107 0.00325067 1.0000 0 0 0 0   0 0 0
156 1 2 0 16 2.91431e-07 -0.00400122 -0.0290311 27 -0.00627202 -0.00421828 0.259057 0.0320572 0.394948 0.00218022 1.0000 0 0 0 0   0 0 0
157 1 2 0 16 2.93173e-07 -0.0025345 -0.00262744 27 -0.0512936 0.0166709 0.156966 0.0202751 0.182986 0.000201152 1.0000 0 0 0 0   0 0 0
158 1 2 0 16 2.91721e-07 -0.0324474 -0.01644 27 0.0103578 -0.0109498 0.247917 0.260203 0.293926 0.00125104 1.0000 0 0 0 0   0 0 0
159 1 2 0 16 2.91666e-07 -0.02454 -0.0154887 27 0.000368642 -0.0124944 0.248411 0.196607 0.286166 0.00117952 1.0000 0 0 0 0   0 0 0
160 1 2 0 16 2.92076e-07 -0.0385783 -0.0266922 27 -0.00995656 -0.00834349 0.223644 0.309948 0.376747 0.00201066 1.0000 0 0 0 0   0 0 0
161 1 2 0 16 2.9175e-07 -0.0228563 -0.0247073 27 0.000307434 -0.00240674 0.242494 0.183171 0.360252 0.00186553 1.0000 0 0 0 0   0 0 0
162 1 2 0 16 2.91657e-07 -0.00540429 -0.0176839 27 0.00602406 -0.0173727 0.240715 0.0432461 0.303619 0.00134441 1.0000 0 0 0 0   0 0 0
163 1 2 0 16 2.91135e-07 -0.00425751 -0.0300016 27 -0.00265755 -0.00641405 0.219522 0.0341129 0.402767 0.00225003 1.0000 0 0 0 0   0 0 0
164 1 2 0 16 2.91089e-07 -0.00876534 -0.0116395 27 -0.00655197 -0.010195 0.220321 0.0701197 0.255139 0.000888522 1.0000 0 0 0 0   0 0 0
167 1 2 0 16 2.91263e-07 -0.0168996 -0.0208523 27 -0.029051 0.00353551 0.270775 0.135372 0.3292 0.00158086 1.0000 0 0 0 0   0 0 0
168 1 2 0 16 2.91094e-07 -0.00293004 -0.0163499 27 -0.00424561 0.00561481 0.216842 0.0234393 0.292882 0.00124427 1.0000 0 0 0 0   0 0 0
169 1 2 0 16 2.91104e-07 -0.0129163 -0.0121515 27 0.00672421 0.00158641 0.223605 0.103344 0.259257 0.000927308 1.0000 0 0 0 0   0 0 0
170 1 2 0 16 2.91136e-07 -0.0333893 -0.0145962 27 0.0066612 -0.0145948 0.234252 0.267761 0.279116 0.0011122 1.0000 0 0 0 0   0 0 0
171 1 2 0 16 2.91164e-07 -0.0210151 -0.000187266 27 0.0112401 -0.00379822 0.215408 0.168233 0.163463 1.43385e-05 1.0000 0 0 0 0   0 0 0
172 1 2 0 16 2.9116e-07 -0.0371327 -0.0113954 27 0.000545046 -0.0107474 0.24191 0.297934 0.253455 0.000870001 1.0000 0 0 0 0   0 0 0
174 1 2 0 16 2.91811e-07 0.00771845 -0.0305043 27 0.00433078 0.0066964 0.246194 -0.0618479 0.406826 0.00228619 1.0000 0 0 0 0   0 0 0
176 1 2 0 16 2.927e-07 -0.0207283 0.0261704 27 -0.0175309 -0.0021947 0.184601 0.166114 -0.0474447 -0.00197254 1.0000 0 0 0 0   0 0 0
179 1 2 0 16 2.91886e-07 -0.00433465 -0.00902003 27 0.00591909 0.0140874 0.245665 0.0346757 0.234159 0.00068939 1.0000 0 0 0 0   0 0 0
180 1 2 0 16 2.91684e-07 -0.090131 0.0348303 27 -0.00517975 0.0165942 0.268853 0.735125 -0.121557 -0.0025932 1.0000 0 0 0 0   0 0 0
181 1 2 0 16 2.91176e-07 -0.0203877 -0.0218359 27 0.00133943 0.00387455 0.247841 0.16335 0.337139 0.00165377 1.0000 0 0 0 0   0 0 0
182 1 2 0 16 2.9151e-07 -0.0142872 0.0183524 27 0.0100406 -0.00178855 0.271194 0.114406 0.0151629 -0.00139444 1.0000 0 0 0 0   0 0 0
183 1 2 0 16 2.91219e-07 -0.00413927 0.00897348 27 -0.0133093 0.00275106 0.20807 0.0331128 0.0902166 -0.000685844 1.0000 0 0 0 0   0 0 0
184 1 2 0 16 2.91356e-07 -0.00935763 -0.0173767 27 0.0177468 0.00507375 0.263418 0.0748969 0.301185 0.00132143 1.0000 0 0 0 0   0 0 0
185 1 2 0 16 2.91166e-07 0.0109271 -0.00969965 27 -0.0151944 0.0155365 0.228078 -0.0874134 0.239601 0.000741144 1.0000 0 0 0 0   0 0 0
186 1 2 0 16 2.91202e-07 -0.00128958 -0.0449342 27 -0.0176995 0.00806661 0.2592 0.0103579 0.523804 0.00328225 1.0000 0 0 0 0   0 0 0
187 1 2 0 16 2.91145e-07 0.00366619 -0.00789941 27 -0.00323796 -0.00808412 0.220726 -0.0293283 0.225185 0.000604019 1.0000 0 0 0 0   0 0 0
188 1 2 0 16 2.91284e-07 -0.00570957 0.00462594 27 0.0235743 -0.00386788 0.256054 0.0456746 0.124968 -0.000354036 1.0000 0 0 0 0   0 0 0
189 1 2 0 16 2.91118e-07 -0.00576072 -0.00676188 27 -0.0125106 0.00164348 0.232432 0.0460838 0.216078 0.000517218 1.0000 0 0 0 0   0 0 0
190 1 2 0 16 2.93826e-07 0.0434923 -0.018655 27 0.0401683 -0.0249894 0.13102 -0.349448 0.312014 0.00141708 1.0000 0 0 0 0   0 0 0
191 1 2 0 16 2.94544e-07 0.0781832 0.102979 27 0.019251 0.0391504 0.122532 -0.647664 -0.686621 -0.00601166 1.0000 0 0 0 0   0 0 0
192 1 2 0 16 2.91291e-07 0.00158226 -0.0232852 27 0.00940782 0.00512487 0.252514 -0.0126701 0.348675 0.00176093 1.0000 0 0 0 0   0 0 0
193 1 2 0 16 2.91324e-07 -0.015977 -0.0216658 27 0.03303 0.0184762 0.253395 0.127982 0.335734 0.00164118 1.0000 0 0 0 0   0 0 0
194 1 2 0 16 2.91129e-07 0.0183517 -0.00760061 27 0.00101516 0.000742403 0.224791 -0.146887 0.222826 0.000581244 1.0000 0 0 0 0   0 0 0
195 1 2 0 16 2.91817e-07 0.00848692 -0.0156018 27 -0.00344525 -0.00597556 0.263143 -0.0679046 0.286908 0.00118803 1.0000 0 0 0 0   0 0 0
196 1 2 0 16 2.91382e-07 0.00454563 -0.0149788 27 0.0169446 0.00953958 0.251631 -0.0363635 0.281894 0.00114108 1.0000 0 0 0 0   0 0 0
197 1 2 0 16 2.9133e-07 -0.0331356 0.00651936 27 0.0268248 0.000226899 0.256447 0.265552 0.109737 -0.000498706 1.0000 0 0 0 0   0 0 0
199 1 2 0 16 2.91259e-07 -0.0264779 0.0063149 27 0.00714815 0.0083727 0.257641 0.212104 0.111396 -0.000483097 1.0000 0 0 0 0   0 0 0
200 1 2 0 16 2.91166e-07 -0.00449752 0.0118227 27 0.0100984 0.00549694 0.217873 0.0359787 0.0674514 -0.0009024 1.0000 0 0 0 0   0 0 0
0 1 2 0 17 2.98266e-07 -0.00641636 -0.0113534 28.8 0 0 0.204 0 0 0 1.0000 0 0 0 0   0 0 0
1 1 2 0 17 2.97975e-07 -0.0494304 -0.0153424 28.8 0.00182784 -0.00659756 0.202419 0.397471 0.285442 0.00116852 1.0000 0 0 0 0   0 0 0
2 1 2 0 17 2.98075e-07 -0.000862813 -0.02388 28.8 -0.0119854 -0.0111219 0.19333 0.00690951 0.353463 0.00180468 1.0000 0 0 0 0   0 0 0
3 1 2 0 17 2.98063e-07 -0.0129265 -0.0200817 28.8 0.0251717 -0.00320079 0.201741 0.103517 0.322968 0.00152349 1.0000 0 0 0 0   0 0 0
4 1 2 0 17 2.98155e-07 -0.000124709 -0.0153304 28.8 0.0138366 0.0177957 0.192259 0.000997633 0.284711 0.00116762 1.0000 0 0 0 0   0 0 0
5 1 2 0 17 2.98147e-07 -0.0111827 -0.00256646 28.8 0.0175318 -0.00189304 0.192203 0.0894576 0.182498 0.000196486 1.0000 0 0 0 0   0 0 0
6 1 2 0 17 2.98041e-07 0.0119293 -0.000441208 28.8 -0.00146661 -9.25119e-05 0.190954 -0.0954307 0.165493 3.37826e-05 1.0000 0 0 0 0   0 0 0
7 1 2 0 17 2.98033e-07 -0.0421531 0.00864255 28.8 0.0215989 -0.012992 0.213939 0.338472 0.0926025 -0.000660633 1.0000 0 0 0 0   0 0 0
8 1 2 0 17 2.98149e-07 -0.00448416 -0.0179314 28.8 -0.00323522 0.00710267 0.200299 0.035883 0.305604 0.00136294 1.0000 0 0 0 0   0 0 0
9 1 2 0 17 2.97991e-07 -0.0232923 -0.0135509 28.8 0.0024669 0.00294422 0.182628 0.186581 0.270598 0.0010333 1.0000 0 0 0 0   0 0 0
10 1 2 0 17 2.97977e-07 -0.00192547 0.00107121 28.8 0.0240186 -0.0411658 0.216752 0.0154031 0.153395 -8.2021e-05 1.0000 0 0 0 0   0 0 0
11 1 2 0 17 2.97969e-07 -0.0040709 0.0419024 28.8 0.0106669 -0.0507145 0.243668 0.0326826 -0.173634 -0.00308008 1.0000 0 0 0 0   0 0 0
12 1 2 0 17 2.98013e-07 0.00268314 -0.0207339 28.8 0.00355761 0.0316255 0.257504 -0.0214791 0.328144 0.00157205 1.0000 0 0 0 0   0 0 0
14 1 2 0 17 2.97947e-07 0.0151465 -0.0116356 28.8 0.0135679 0.0195426 0.230773 -0.121218 0.255146 0.000888225 1.0000 0 0 0 0   0 0 0
15 1 2 0 17 2.97819e-07 0.0154996 -0.0601697 28.8 -0.0184716 0.00160628 0.247477 -0.124975 0.648757 0.00422788 1.0000 0 0 0 0   0 0 0
16 1 2 0 17 2.97855e-07 -0.00857112 -0.0495596 28.8 -0.00380404 0.0160736 0.23843 0.0688926 0.561436 0.00358253 1.0000 0 0 0 0   0 0 0
17 1 2 0 17 2.97992e-07 0.0161496 -0.0606662 28.8 -0.00853271 -0.00262358 0.266531 -0.130234 0.652855 0.00425646 1.0000 0 0 0 0   0 0 0
18 1 2 0 17 2.97887e-07 0.0139585 0.00382124 28.8 0.0117402 0.00185423 0.210171 -0.111663 0.131402 -0.000292514 1.0000 0 0 0 0   0 0 0
19 1 2 0 17 2.98073e-07 0.0128387 -0.0124773 28.8 -0.00355704 0.00495099 0.205618 -0.102727 0.261871 0.000951988 1.0000 0 0 0 0   0 0 0
20 1 2 0 17 2.98134e-07 -0.0301376 0.00176717 28.8 -0.0119532 -0.0142045 0.224972 0.241473 0.147806 -0.00013531 1.0000 0 0 0 0   0 0 0
21 1 2 0 17 2.98201e-07 0.019862 -0.0265015 28.8 -0.0164822 -0.0257842 0.217875 -0.159169 0.374667 0.00199673 1.0000 0 0 0 0   0 0 0
22 1 2 0 17 2.98147e-07 -0.0100378 -0.0218505 28.8 0.000454737 0.0074708 0.197522 0.0803854 0.33717 0.00165485 1.0000 0 0 0 0   0 0 0
23 1 2 0 17 2.98186e-07 -0.0270482 0.00121086 28.8 -0.0126667 0.0103605 0.199 0.216669 0.152265 -9.2714e-05 1.0000 0 0 0 0   0 0 0
24 1 2 0 17 2.98147e-07 -0.000655829 -0.0184383 28.8 -0.0124103 -0.0168622 0.194755 0.00524802 0.309668 0.00140086 1.0000 0 0 0 0   0 0 0
25 1 2 0 17 2.98117e-07 -0.0118323 0.00659084 28.8 0.0119847 0.00638232 0.214944 0.094654 0.10926 -0.000504161 1.0000 0 0 0 0   0 0 0
26 1 2 0 17 2.9831e-07 0.00972543 0.038149 28.8 -0.0211949 -0.0201801 0.213615 -0.0780401 -0.143485 -0.00282418 1.0000 0 0 0 0   0 0 0
27 1 2 0 17 2.97966e-07 -0.00468678 -0.0205222 28.8 -0.00238436 -0.00835901 0.217809 0.0375194 0.326448 0.00155629 1.0000 0 0 0 0   0 0 0
28 1 2 0 17 2.97826e-07 0.00597963 0.020236 28.8 -0.00853567 -0.00841453 0.237772 -0.0478694 0.000156481 -0.00153498 1.0000 0 0 0 0   0 0 0
29 1 2 0 17 2.97841e-07 -0.000171132 -0.0110071 28.8 0.00592861 0.0286128 0.231623 0.001369 0.250074 0.000840497 1.0000 0 0 0 0   0 0 0
31 1 2 0 17 2.97828e-07 0.0021311 -0.0115779 28.8 -0.0200858 0.0206858 0.234623 -0.0170481 0.254645 0.000883853 1.0000 0 0 0 0   0 0 0
32 1 2 0 17 2.9779e-07 0.0061373 0.00883412 28.8 -0.0004416 -0.0122846 0.236781 -0.0490963 0.0913303 -0.000675227 1.0000 0 0 0 0   0 0 0
33 1 2 0 17 2.97835e-07 0.00308937 -0.00233116 28.8 0.00913716 -0.00925502 0.208301 -0.0247139 0.180615 0.000178477 1.0000 0 0 0 0   0 0 0
34 1 2 0 17 2.97979e-07 0.0597662 -0.0873826 28.8 -0.0118197 0.00973446 0.286671 -0.489392 0.880821 0.00553797 1.0000 0 0 0 0   0 0 0
36 1 2 0 17 2.9784e-07 0.00190977 -0.0169754 28.8 0.0111451 -0.0148886 0.205621 -0.0152782 0.297901 0.00129129 1.0000 0 0 0 0   0 0 0
37 1 2 0 17 2.97975e-07 0.0162651 -0.0445572 28.8 -0.010082 0.0405562 0.255601 -0.130687 0.520887 0.00325739 1.0000 0 0 0 0   0 0 0
38 1 2 0 17 2.98085e-07 -0.0260653 -0.0230473 28.8 -0.0168266 -0.00206412 0.214887 0.208945 0.346962 0.00174343 1.0000 0 0 0 0   0 0 0
40 1 2 0 17 2.98214e-07 -0.0115672 -0.025479 28.8 -0.0112585 -0.000226812 0.217101 0.0926654 0.36638 0.00192203 1.0000 0 0 0 0   0 0 0
41 1 2 0 17 2.97973e-07 -0.0222894 0.0124789 28.8 -0.00952695 0.00908575 0.223526 0.178525 0.0620878 -0.000952111 1.0000 0 0 0 0   0 0 0
42 1 2 0 17 2.98079e-07 -0.0466401 0.00688603 28.8 -0.0273816 -0.00747097 0.221057 0.374731 0.10666 -0.000526695 1.0000 0 0 0 0   0 0 0
44 1 2 0 17 2.98066e-07 -0.0248696 -0.0208589 28.8 -0.0173066 -0.00672388 0.241392 0.199292 0.329318 0.00158135 1.0000 0 0 0 0   0 0 0
45 1 2 0 17 2.98194e-07 0.0223613 -0.0876344 28.8 -0.00856314 0.0442432 0.284351 -0.181954 0.878391 0.00554741 1.0000 0 0 0 0   0 0 0
46 1 2 0 17 2.98107e-07 -0.0113155 0.00789501 28.8 0.00583758 0.0121131 0.256639 0.09052 0.0988353 -0.000603684 1.0000 0 0 0 0   0 0 0
48 1 2 0 17 2.98119e-07 -0.0116761 -0.0169727 28.8 -0.0218817 0.0343032 0.241554 0.0934655 0.297962 0.00129109 1.0000 0 0 0 0   0 0 0
49 1 2 0 17 2.98179e-07 -0.00238533 -0.00408144 28.8 -0.0179371 -0.00651776 0.252805 0.0190818 0.194621 0.000312408 1.0000 0 0 0 0   0 0 0
50 1 2 0 17 2.98735e-07 0.0707835 0.00737668 28.8 -0.0214995 0.00198491 0.248069 -0.572147 0.102363 -0.00056415 1.0000 0 0 0 0   0 0 0
51 1 2 0 17 2.98147e-07 -0.0275113 0.0616703 28.8 0.0120047 -0.0124138 0.276933 0.222069 -0.334114 -0.00431395 1.0000 0 0 0 0   0 0 0
52 1 2 0 17 2.97732e-07 0.0163468 -0.0137295 28.8 0.0118429 0.000338308 0.243916 -0.130867 0.271966 0.00104677 1.0000 0 0 0 0   0 0 0
53 1 2 0 17 2.9805e-07 -0.0112393 -0.0121757 28.8 -0.0224612 0.0172972 0.212246 0.0899109 0.259435 0.000929143 1.0000 0 0 0 0   0 0 0
54 1 2 0 17 2.98031e-07 -0.0176041 -0.00498373 28.8 -0.00964869 0.0195352 0.216979 0.140866 0.201855 0.00038139 1.0000 0 0 0 0   0 0 0
55 1 2 0 17 2.97973e-07 -0.00519733 -0.0165587 28.8 -0.00251355 0.0105696 0.219327 0.041581 0.294568 0.00125996 1.0000 0 0 0 0   0 0 0
56 1 2 0 17 2.98036e-07 -0.0141039 -0.0349803 28.8 -0.00401203 0.0147693 0.209275 0.113136 0.443129 0.00260369 1.0000 0 0 0 0   0 0 0
57 1 2 0 17 2.98084e-07 -0.0522326 -0.0335326 28.8 -0.0103149 7.95833e-05 0.227908 0.42115 0.432857 0.0025017 1.0000 0 0 0 0   0 0 0
58 1 2 0 17 2.97982e-07 -0.0180281 -0.0221706 28.8 -0.00759551 0.00262734 0.230593 0.144431 0.339811 0.00167855 1.0000 0 0 0 0   0 0 0
59 1 2 0 17 2.98107e-07 -0.000166197 -0.0102563 28.8 -0.0120039 -0.000311922 0.195641 0.00132952 0.24406 0.000783442 1.0000 0 0 0 0   0 0 0
60 1 2 0 17 2.98117e-07 -0.0129139 -6.68009e-06 28.8 -0.00858429 0.00853526 0.209396 0.103307 0.162017 5.1134e-07 1.0000 0 0 0 0   0 0 0
61 1 2 0 17 2.97992e-07 -0.0199181 -0.00874944 28.8 -0.000378196 0.0132437 0.205956 0.159467 0.232049 0.000668776 1.0000 0 0 0 0   0 0 0
62 1 2 0 17 2.9794e-07 -0.00582032 -0.0161595 28.8 -0.00113165 0.00690639 0.223137 0.0465635 0.291364 0.00122996 1.0000 0 0 0 0   0 0 0
63 1 2 0 17 2.97948e-07 -0.0282931 -0.0237962 28.8 -0.00285908 0.0100681 0.218854 0.22692 0.35308 0.00179852 1.0000 0 0 0 0   0 0 0
64 1 2 0 17 2.9832e-07 0.0261007 -0.0169538 28.8 0.00524285 -0.000805281 0.266593 -0.20914 0.297946 0.00128967 1.0000 0 0 0 0   0 0 0
66 1 2 0 17 2.98125e-07 -0.00308744 0.00232537 28.8 0.0174797 0.00619922 0.24726 0.0246985 0.143364 -0.000178035 1.0000 0 0 0 0   0 0 0
67 1 2 0 17 2.98146e-07 0.00120844 0.00985778 28.8 0.0118042 -0.00320259 0.256267 -0.00966709 0.08315 -0.000753161 1.0000 0 0 0 0   0 0 0
68 1 2 0 17 2.9802e-07 -0.0611897 -0.0412653 28.8 -0.00101633 0.0127294 0.247868 0.495052 0.496603 0.00303697 1.0000 0 0 0 0   0 0 0
69 1 2 0 17 2.98338e-07 0.00244321 0.0466438 28.8 -0.0143056 -0.0314067 0.255638 -0.0196288 -0.211777 -0.00339445 1.0000 0 0 0 0   0 0 0
70 1 2 0 17 2.98366e-07 -0.0239014 -0.0354678 28.8 -0.000329785 0.032212 0.253479 0.19191 0.447325 0.00263781 1.0000 0 0 0 0   0 0 0
72 1 2 0 17 2.98001e-07 -0.0559836 -0.0183418 28.8 0.0233631 0.0209778 0.243188 0.451064 0.309902 0.00139365 1.0000 0 0 0 0   0 0 0
73 1 2 0 17 2.98372e-07 -0.0866682 -0.0654461 28.8 0.0456339 0.0229683 0.285234 0.71061 0.700497 0.00452382 1.0000 0 0 0 0   0 0 0
74 1 2 0 17 2.98196e-07 -0.011268 -0.0102728 28.8 0.00777102 0.00141948 0.196969 0.0901406 0.244192 0.000784694 1.0000 0 0 0 0   0 0 0
75 1 2 0 17 2.97931e-07 0.0164077 -0.0139624 28.8 -0.0108263 -2.36308e-05 0.205508 -0.131358 0.273836 0.00106435 1.0000 0 0 0 0   0 0 0
76 1 2 0 17 2.97946e-07 -0.0155478 -0.0109602 28.8 0.0019445 -0.0144466 0.219782 0.124428 0.249734 0.000836934 1.0000 0 0 0 0   0 0 0
77 1 2 0 17 2.98054e-07 -0.0140174 -0.018233 28.8 -0.00341266 -0.00337162 0.193948 0.112242 0.308116 0.0013855 1.0000 0 0 0 0   0 0 0
78 1 2 0 17 2.98037e-07 -0.0177254 -0.0202627 28.8 0.00844581 0.00635545 0.194637 0.141987 0.324467 0.00153697 1.0000 0 0 0 0   0 0 0
79 1 2 0 17 2.98018e-07 0.00458271 -0.0125143 28.8 0.00238192 0.0101744 0.200542 -0.0366601 0.262147 0.00095479 1.0000 0 0 0 0   0 0 0
80 1 2 0 17 2.97902e-07 -0.00788115 -0.00618648 28.8 0.00128362 0.00393416 0.209009 0.0630465 0.211471 0.000473294 1.0000 0 0 0 0   0 0 0
81 1 2 0 17 2.98053e-07 -0.00970461 -0.0191901 28.8 0.0159132 -0.00763072 0.200153 0.0776937 0.315768 0.00145712 1.0000 0 0 0 0   0 0 0
82 1 2 0 17 2.98113e-07 -0.0119534 -0.000363992 28.8 -0.00642904 -0.00688671 0.198579 0.095623 0.164876 2.78703e-05 1.0000 0 0 0 0   0 0 0
83 1 2 0 17 2.97995e-07 -0.00630026 -0.0215695 28.8 0.00295778 -0.00336071 0.200629 0.0504451 0.334884 0.00163405 1.0000 0 0 0 0   0 0 0
84 1 2 0 17 2.98063e-07 -0.0398341 0.014122 28.8 -0.000241448 -0.0105139 0.246363 0.31981 0.0486776 -0.0010764 1.0000 0 0 0 0   0 0 0
85 1 2 0 17 2.98087e-07 -0.021074 0.00752862 28.8 0.00645882 -0.00359677 0.205989 0.168734 0.10171 -0.000575748 1.0000 0 0 0 0   0 0 0
86 1 2 0 17 2.9798e-07 -0.0286308 -0.0145664 28.8 -0.00207877 -0.00552135 0.217401 0.229428 0.278788 0.00110994 1.0000 0 0 0 0   0 0 0
87 1 2 0 17 2.98093e-07 -0.0346603 -0.026545 28.8 -0.0197117 0.0146467 0.218818 0.278336 0.375458 0.00199991 1.0000 0 0 0 0   0 0 0
88 1 2 0 17 2.98066e-07 -0.00827076 -0.0103331 28.8 -0.0284305 0.00258095 0.210122 0.0661633 0.244675 0.000789278 1.0000 0 0 0 0   0 0 0
89 1 2 0 17 2.98196e-07 -0.0236622 -0.0198711 28.8 0.0333638 0.00401738 0.207353 0.189599 0.321369 0.00150781 1.0000 0 0 0 0   0 0 0
90 1 2 0 17 2.98105e-07 0.0154925 0.0133839 28.8 -0.00787213 -0.00107297 0.248493 -0.124013 0.0549127 -0.00102067 1.0000 0 0 0 0   0 0 0
91 1 2 0 17 2.98023e-07 -0.00823315 0.0102007 28.8 -0.00124489 -0.000444802 0.206326 0.0658624 0.0804106 -0.000779215 1.0000 0 0 0 0   0 0 0
92 1 2 0 17 2.98156e-07 -0.0473658 -0.0107886 28.8 -0.0431032 0.000162653 0.227423 0.380634 0.248716 0.00082389 1.0000 0 0 0 0   0 0 0
93 1 2 0 17 2.98107e-07 -6.07979e-05 0.0261328 28.8 0.00801842 -0.00594678 0.194128 0.000486982 -0.0470383 -0.00196979 1.0000 0 0 0 0   0 0 0
94 1 2 0 17 2.98046e-07 -0.00928146 -0.0253331 28.8 -0.00480135 -0.00309651 0.195752 0.0743485 0.365191 0.00191137 1.0000 0 0 0 0   0 0 0
95 1 2 0 17 2.97968e-07 -0.00675337 0.032029 28.8 0.0124109 0.00610023 0.199349 0.0541188 -0.0942282 -0.00239505 1.0000 0 0 0 0   0 0 0
96 1 2 0 17 2.97881e-07 -0.0122202 0.00134215 28.8 0.0242168 0.0185054 0.1951 0.0977571 0.151228 -0.000102767 1.0000 0 0 0 0   0 0 0
97 1 2 0 17 2.98001e-07 -0.0106391 -0.0204635 28.8 0.00508904 -0.012429 0.199816 0.0851917 0.326018 0.00155191 1.0000 0 0 0 0   0 0 0
98 1 2 0 17 2.97973e-07 -0.000350149 0.0145487 28.8 0.0309284 -0.0113757 0.21189 0.00280108 0.0456777 -0.00110861 1.0000 0 0 0 0   0 0 0
99 1 2 0 17 2.97954e-07 0.00902509 0.00122302 28.8 0.00963406 -0.0134767 0.225515 -0.0721977 0.152181 -9.3645e-05 1.0000 0 0 0 0   0 0 0
100 1 2 0 17 2.98063e-07 -0.00788832 0.0069237 28.8 0.0170921 -0.0095189 0.201968 0.0631039 0.106599 -0.000529571 1.0000 0 0 0 0   0 0 0
101 1 2 0 17 2.97907e-07 0.00179089 -0.0233427 28.8 0.0117255 -0.0136877 0.213583 -0.0143409 0.349139 0.00176516 1.0000 0 0 0 0   0 0 0
102 1 2 0 17 2.9813e-07 0.0072016 -0.0236269 28.8 0.0181187 -0.00264144 0.196722 -0.057676 0.351446 0.00178606 1.0000 0 0 0 0   0 0 0
104 1 2 0 17 2.98067e-07 -0.0308276 -0.0197495 28.8 0.0117465 -0.00907961 0.253337 0.247228 0.32053 0.00149877 1.0000 0 0 0 0   0 0 0
105 1 2 0 17 2.98119e-07 -0.0375629 -0.00454684 28.8 -0.00872971 -0.0284327 0.257203 0.301324 0.198447 0.000347989 1.0000 0 0 0 0   0 0 0
106 1 2 0 17 2.98486e-07 -0.0135303 -0.0245104 28.8 -0.00231935 -0.0144522 0.245456 0.108392 0.358598 0.00185105 1.0000 0 0 0 0   0 0 0
108 1 2 0 17 2.98642e-07 0.0109197 -0.014901 28.8 0.00358485 -0.0134468 0.247705 -0.0873809 0.281307 0.0011352 1.0000 0 0 0 0   0 0 0
109 1 2 0 17 2.98051e-07 0.028762 -0.0205638 28.8 -0.0485541 0.00794029 0.264491 -0.230594 0.327027 0.00155938 1.0000 0 0 0 0   0 0 0
110 1 2 0 17 2.98728e-07 -0.0468592 -0.0320905 28.8 0.00192403 -0.0154778 0.252922 0.377345 0.420858 0.00239944 1.0000 0 0 0 0   0 0 0
111 1 2 0 17 2.98541e-07 -0.0429391 -0.0231712 28.8 -0.006196 -0.0220362 0.258902 0.34507 0.348423 0.00175254 1.0000 0 0 0 0   0 0 0
114 1 2 0 17 2.99493e-07 0.0302348 -0.0176015 28.8 -0.0291427 -0.0111721 0.178705 -0.24238 0.303212 0.00133824 1.0000 0 0 0 0   0 0 0
115 1 2 0 17 2.97975e-07 -0.00750267 -0.00431391 28.8 0.00409366 0.0149623 0.246491 0.0600188 0.196482 0.000330181 1.0000 0 0 0 0   0 0 0
116 1 2 0 17 2.9857e-07 -0.0187628 -0.0277023 28.8 0.00414109 0.0442503 0.258765 0.150363 0.384324 0.002084 1.0000 0 0 0 0   0 0 0
117 1 2 0 17 2.98121e-07 0.018132 -0.0363669 28.8 -0.00833004 0.0192686 0.216245 -0.145532 0.454465 0.00270072 1.0000 0 0 0 0   0 0 0
118 1 2 0 17 2.9879e-07 0.00861846 0.0449411 28.8 0.00607283 -0.00378131 0.205577 -0.0692318 -0.198118 -0.0032827 1.0000 0 0 0 0   0 0 0
119 1 2 0 17 2.98332e-07 -0.0136575 0.0140269 28.8 -0.00278608 0.00463722 0.257213 0.109309 0.0497898 -0.00106922 1.0000 0 0 0 0   0 0 0
121 1 2 0 17 2.98272e-07 -0.0256422 -0.090977 28.8 -0.00758747 -0.00144963 0.260601 0.208982 0.907007 0.00566689 1.0000 0 0 0 0   0 0 0
122 1 2 0 17 2.98233e-07 -0.0247816 0.00382399 28.8 0.00133621 0.0113681 0.251786 0.198477 0.131344 -0.000292724 1.0000 0 0 0 0   0 0 0
123 1 2 0 17 2.99446e-07 -0.0275135 -0.0236005 28.8 -0.0320807 -0.00572567 0.195606 0.220631 0.351475 0.00178412 1.0000 0 0 0 0   0 0 0
126 1 2 0 17 2.98347e-07 -0.00166648 0.0227152 28.8 0.00220353 -0.0335333 0.251342 0.0133437 -0.0196796 -0.00171886 1.0000 0 0 0 0   0 0 0
127 1 2 0 17 2.98368e-07 -0.026606 -0.0237705 28.8 0.00672111 0.00109236 0.252044 0.213325 0.352817 0.00179663 1.0000 0 0 0 0   0 0 0
128 1 2 0 17 2.98844e-07 -0.00744037 -0.0143109 28.8 -0.00740216 0.00241792 0.229436 0.0595205 0.276542 0.00109066 1.0000 0 0 0 0   0 0 0
129 1 2 0 17 2.98476e-07 0.00673066 -0.00346388 28.8 0.011746 0.0092483 0.254106 -0.053843 0.189679 0.000265165 1.0000 0 0 0 0   0 0 0
130 1 2 0 17 2.99227e-07 -0.0485082 -0.0270236 28.8 -0.0159681 0.00654939 0.202464 0.390491 0.379843 0.00203479 1.0000 0 0 0 0   0 0 0
131 1 2 0 17 2.9844e-07 -0.00166722 -0.0172474 28.8 0.00958337 -0.0111985 0.259083 0.0133385 0.300089 0.00131174 1.0000 0 0 0 0   0 0 0
133 1 2 0 17 2.97912e-07 -0.0365274 0.0105884 28.8 -0.00162975 0.00787631 0.205759 0.293029 0.0770743 -0.000808679 1.0000 0 0 0 0   0 0 0
134 1 2 0 17 2.97968e-07 -0.00976963 -0.0155508 28.8 -0.0222503 0.0149857 0.26081 0.0781765 0.286513 0.00118419 1.0000 0 0 0 0   0 0 0
135 1 2 0 17 2.97843e-07 -0.0150757 -0.0103401 28.8 0.00222603 -0.0164668 0.199803 0.120634 0.244754 0.00078981 1.0000 0 0 0 0   0 0 0
136 1 2 0 17 2.97858e-07 -0.00776379 0.0109258 28.8 0.00154829 0.00928739 0.210964 0.0621077 0.0746169 -0.000834318 1.0000 0 0 0 0   0 0 0
137 1 2 0 17 2.97921e-07 -0.0313619 -0.00810471 28.8 0.00605804 0.0073384 0.238782 0.251317 0.226941 0.000619659 1.0000 0 0 0 0   0 0 0
138 1 2 0 17 2.98005e-07 -0.0425329 -0.0176336 28.8 -0.011984 0.021332 0.263061 0.341679 0.303765 0.00134065 1.0000 0 0 0 0   0 0 0
139 1 2 0 17 2.97888e-07 -0.0282019 0.00305764 28.8 -0.0206317 0.00451914 0.233732 0.225934 0.137472 -0.000234076 1.0000 0 0 0 0   0 0 0
140 1 2 0 17 2.97837e-07 -0.0291146 -0.017036 28.8 0.0067383 -0.00599538 0.209471 0.233325 0.298626 0.00129585 1.0000 0 0 0 0   0 0 0
141 1 2 0 17 2.97886e-07 -0.0303901 -0.00585225 28.8 -0.00546202 -0.000730918 0.232033 0.243508 0.208872 0.00044778 1.0000 0 0 0 0   0 0 0
142 1 2 0 17 2.98423e-07 0.00506827 -0.0734359 28.8 -0.0280548 0.0385368 0.282852 -0.0410019 0.758458 0.0049356 1.0000 0 0 0 0   0 0 0
143 1 2 0 17 2.97856e-07 0.00136584 -0.0180737 28.8 -0.00174292 0.00424149 0.217405 -0.010929 0.306735 0.00137358 1.0000 0 0 0 0   0 0 0
144 1 2 0 17 2.98146e-07 0.0112387 -0.0147437 28.8 0.00762957 0.0160782 0.193582 -0.0899346 0.280048 0.00112333 1.0000 0 0 0 0   0 0 0
145 1 2 0 17 2.9806e-07 0.00749059 -0.0167446 28.8 0.00520967 -0.0169844 0.197167 -0.0599394 0.296084 0.00127394 1.0000 0 0 0 0   0 0 0
146 1 2 0 17 2.98061e-07 -0.00346964 -0.00383455 28.8 0.00246785 0.00677679 0.185211 0.027756 0.192645 0.000293533 1.0000 0 0 0 0   0 0 0
147 1 2 0 17 2.98162e-07 0.0193478 -0.0174671 28.8 -0.0096101 -0.00548131 0.189693 -0.154972 0.302014 0.00132819 1.0000 0 0 0 0   0 0 0
148 1 2 0 17 2.98085e-07 0.00277722 -0.00251395 28.8 -0.0184093 0.0113025 0.189927 -0.0222168 0.182077 0.000192467 1.0000 0 0 0 0   0 0 0
149 1 2 0 17 2.98015e-07 0.0150205 -0.0342481 28.8 0.0064998 -0.000585355 0.195809 -0.12048 0.437213 0.00255226 1.0000 0 0 0 0   0 0 0
150 1 2 0 17 2.98011e-07 -0.0038031 -0.0236415 28.8 -0.00388507 -0.00879929 0.197315 0.0304558 0.351549 0.00178714 1.0000 0 0 0 0   0 0 0
151 1 2 0 17 2.98073e-07 0.00532396 -0.0290276 28.8 -0.00130993 0.00722044 0.200342 -0.0426554 0.394923 0.00217996 1.0000 0 0 0 0   0 0 0
152 1 2 0 17 2.9806e-07 0.00659408 -0.0266333 28.8 -0.010178 -0.00055695 0.196438 -0.0528234 0.375646 0.00200636 1.0000 0 0 0 0   0 0 0
153 1 2 0 17 2.98117e-07 -9.72798e-05 -0.00976605 28.8 0.012141 -0.00495675 0.245102 0.000778206 0.240133 0.00074619 1.0000 0 0 0 0   0 0 0
155 1 2 0 17 2.99218e-07 -0.00336692 0.00863538 28.8 -0.00564207 -0.020425 0.210005 0.0269342 0.0929185 -0.000660087 1.0000 0 0 0 0   0 0 0
156 1 2 0 17 2.97963e-07 -0.0277615 0.00598424 28.8 0.0101984 0.00578051 0.24881 0.222407 0.114039 -0.000457856 1.0000 0 0 0 0   0 0 0
158 1 2 0 17 2.98245e-07 0.00120463 -0.00604407 28.8 -0.0109952 0.0076147 0.255485 -0.0096366 0.210331 0.000462423 1.0000 0 0 0 0   0 0 0
159 1 2 0 17 2.98196e-07 -0.0074914 -0.00607285 28.8 -0.00553745 0.00855993 0.253002 0.0599287 0.210562 0.00046462 1.0000 0 0 0 0   0 0 0
160 1 2 0 17 2.98742e-07 0.0199627 0.00324162 28.8 0.000369754 0.00329211 0.239177 -0.15979 0.136021 -0.000248156 1.0000 0 0 0 0   0 0 0
161 1 2 0 17 2.98298e-07 -0.00597193 0.00166915 28.8 4.92268e-05 0.00375477 0.252043 0.0477734 0.148612 -0.000127805 1.0000 0 0 0 0   0 0 0
162 1 2 0 17 2.98216e-07 -0.0254703 -0.000504562 28.8 -0.00405527 0.011848 0.246282 0.204001 0.166005 3.86335e-05 1.0000 0 0 0 0   0 0 0
163 1 2 0 17 2.97899e-07 -0.0063436 0.0102498 28.8 0.0012959 -0.00522045 0.196492 0.0507467 0.0800181 -0.000782948 1.0000 0 0 0 0   0 0 0
164 1 2 0 17 2.9786e-07 -0.00018093 0.00300576 28.8 0.0021215 0.00831257 0.195624 0.00144737 0.137923 -0.000230105 1.0000 0 0 0 0   0 0 0
167 1 2 0 17 2.9782e-07 -0.0215161 0.0039841 28.8 0.0270688 -0.00705168 0.249702 0.172263 0.130073 -0.000304966 1.0000 0 0 0 0   0 0 0
168 1 2 0 17 2.97878e-07 -0.00170282 -0.013649 28.8 0.00813163 -0.00839572 0.191956 0.013622 0.271238 0.0010407 1.0000 0 0 0 0   0 0 0
169 1 2 0 17 2.97827e-07 -0.00961734 -0.0129218 28.8 -0.00103992 -0.00355525 0.198628 0.0769355 0.265412 0.000985663 1.0000 0 0 0 0   0 0 0
170 1 2 0 17 2.97824e-07 0.00371524 0.00485378 28.8 -0.0166343 0.0101687 0.207061 -0.0297206 0.123146 -0.000371456 1.0000 0 0 0 0   0 0 0
171 1 2 0 17 2.97929e-07 -0.00842812 -0.0123666 28.8 -0.0154518 0.00457832 0.193711 0.0674221 0.260964 0.000943605 1.0000 0 0 0 0   0 0 0
172 1 2 0 17 2.97796e-07 0.0111535 -0.00299751 28.8 -0.00922426 0.00782066 0.217526 -0.0892238 0.185947 0.000229474 1.0000 0 0 0 0   0 0 0
174 1 2 0 17 2.98341e-07 -0.0407721 0.0115518 28.8 -0.00245813 -0.00372142 0.257718 0.327348 0.0692792 -0.000881882 1.0000 0 0 0 0   0 0 0
176 1 2 0 17 2.99868e-07 0.0141447 0.000797231 28.8 -0.0229262 0.032499 0.162928 -0.113153 0.155587 -6.10431e-05 1.0000 0 0 0 0   0 0 0
179 1 2 0 17 2.98408e-07 -0.0306362 -0.00964241 28.8 -0.00676336 -0.0150282 0.259652 0.245497 0.239275 0.000736795 1.0000 0 0 0 0   0 0 0
180 1 2 0 17 2.98224e-07 0.0517692 -0.056174 28.8 0.00471087 -0.0202569 0.279962 -0.419185 0.618251 0.0039924 1.0000 0 0 0 0   0 0 0
181 1 2 0 17 2.97775e-07 -0.00850265 -0.0010597 28.8 0.00150527 -0.00617823 0.22348 0.0680183 0.170442 8.11398e-05 1.0000 0 0 0 0   0 0 0
182 1 2 0 17 2.97975e-07 -0.0219413 -0.0403823 28.8 -0.00801083 0.00691811 0.264352 0.176259 0.487114 0.00297722 1.0000 0 0 0 0   0 0 0
183 1 2 0 17 2.98065e-07 0.0138167 -0.0204617 28.8 0.00892504 0.0102351 0.194376 -0.110655 0.326032 0.00155178 1.0000 0 0 0 0   0 0 0
184 1 2 0 17 2.9785e-07 -0.0209269 -0.0050665 28.8 -0.0199065 -0.00809482 0.248783 0.167539 0.202538 0.000387718 1.0000 0 0 0 0   0 0 0
185 1 2 0 17 2.97906e-07 -0.00975831 -0.0215576 28.8 0.0172861 -0.00531777 0.20555 0.0781437 0.334812 0.00163317 1.0000 0 0 0 0   0 0 0
186 1 2 0 17 2.97802e-07 -0.0247814 0.022159 28.8 0.0193193 -0.00704246 0.235457 0.198594 -0.0153863 -0.00167769 1.0000 0 0 0 0   0 0 0
187 1 2 0 17 2.97896e-07 -0.0111241 -0.00437342 28.8 0.00768804 0.00738095 0.199429 0.0889887 0.196958 0.00033473 1.0000 0 0 0 0   0 0 0
188 1 2 0 17 2.97818e-07 -0.0256123 -0.0265537 28.8 -0.0221244 0.00477402 0.237887 0.205415 0.375257 0.00200054 1.0000 0 0 0 0   0 0 0
189 1 2 0 17 2.97821e-07 -0.00380732 -0.0134412 28.8 0.0118077 0.00376222 0.206219 0.0304572 0.269573 0.00102501 1.0000 0 0 0 0   0 0 0
192 1 2 0 17 2.97845e-07 -0.0347882 0.002882 28.8 -0.0059404 -0.00647425 0.234205 0.278877 0.138864 -0.000220633 1.0000 0 0 0 0   0 0 0
193 1 2 0 17 2.97878e-07 -0.0192865 -0.00322403 28.8 -0.031633 -0.0190325 0.236047 0.154361 0.187772 0.000246809 1.0000 0 0 0 0   0 0 0
194 1 2 0 17 2.97864e-07 -0.0290956 -0.0136068 28.8 0.00922001 0.00262411 0.201373 0.233152 0.271085 0.00103751 1.0000 0 0 0 0   0 0 0
195 1 2 0 17 2.98293e-07 -0.0480099 -0.00546086 28.8 0.00514375 0.00378294 0.272011 0.385797 0.20586 0.000417868 1.0000 0 0 0 0   0 0 0
196 1 2 0 17 2.97926e-07 -0.0375628 -0.00575122 28.8 -0.0098072 -0.0149625 0.239564 0.301333 0.208116 0.000440067 1.0000 0 0 0 0   0 0 0
197 1 2 0 17 2.97864e-07 0.00085956 -0.0267903 28.8 -0.0281324 0.000747511 0.241432 -0.00688535 0.376896 0.00201783 1.0000 0 0 0 0   0 0 0
199 1 2 0 17 2.97799e-07 -0.00403053 -0.0283403 28.8 -0.0115919 -0.0115164 0.236147 0.0322905 0.389384 0.00213026 1.0000 0 0 0 0   0 0 0
200 1 2 0 17 2.97922e-07 -0.0166853 -0.0293424 28.8 -0.0055604 0.00914181 0.197528 0.133717 0.397515 0.00220261 1.0000 0 0 0 0   0 0 0
0 1 2 0 18 3.05028e-07 -0.00641636 -0.0113534 30.6 0 0 0.204 0 0 0 1.0000 0 0 0 0   0 0 0
1 1 2 0 18 3.04907e-07 0.00987453 -0.000486258 30.6 -0.030823 -0.00462833 0.183746 -0.0789929 0.165854 3.72319e-05 1.0000 0 0 0 0   0 0 0
2 1 2 0 18 3.0502e-07 0.0130697 0.00864099 30.6 0.0040046 -0.00914337 0.187772 -0.104553 0.0928737 -0.000660514 1.0000 0 0 0 0   0 0 0
3 1 2 0 18 3.04898e-07 -0.0271404 -0.00139259 30.6 -0.0173578 -0.00476136 0.189546 0.21741 0.17312 0.000106629 1.0000 0 0 0 0   0 0 0
4 1 2 0 18 3.05037e-07 -0.0221925 -0.0268196 30.6 -0.00583948 -0.00732412 0.189416 0.1779 0.37729 0.00201997 1.0000 0 0 0 0   0 0 0
5 1 2 0 18 3.05032e-07 -0.0228855 -0.0117628 30.6 -0.0135993 0.00461445 0.186068 0.183303 0.256243 0.00089786 1.0000 0 0 0 0   0 0 0
6 1 2 0 18 3.05007e-07 0.00111688 -0.0121272 30.6 0.013195 0.0069419 0.178696 -0.00893466 0.259046 0.000925472 1.0000 0 0 0 0   0 0 0
7 1 2 0 18 3.04828e-07 -0.00581593 -0.00624496 30.6 -0.0302313 0.017325 0.196391 0.0465255 0.211939 0.000477758 1.0000 0 0 0 0   0 0 0
8 1 2 0 18 3.05002e-07 0.00259972 -0.0149217 30.6 0.00335256 -0.00986678 0.193351 -0.0207969 0.281436 0.00113677 1.0000 0 0 0 0   0 0 0
9 1 2 0 18 3.05033e-07 -0.00505121 -0.0154107 30.6 -0.0222384 -0.00607581 0.169153 0.040408 0.285354 0.00117366 1.0000 0 0 0 0   0 0 0
10 1 2 0 18 3.0478e-07 -0.0367486 0.022724 30.6 -0.0160387 0.0343874 0.199005 0.295085 -0.0202654 -0.00171951 1.0000 0 0 0 0   0 0 0
11 1 2 0 18 3.04727e-07 -0.0214096 -0.0221353 30.6 -0.0102549 0.064073 0.217425 0.171548 0.339555 0.00167594 1.0000 0 0 0 0   0 0 0
12 1 2 0 18 3.046e-07 -0.0308215 -0.00781167 30.6 0.00236811 -0.0321643 0.234059 0.246977 0.224588 0.000597335 1.0000 0 0 0 0   0 0 0
14 1 2 0 18 3.04648e-07 -0.0359664 -0.026991 30.6 0.00225251 -0.0166689 0.206821 0.288883 0.379094 0.00203242 1.0000 0 0 0 0   0 0 0
15 1 2 0 18 3.04535e-07 -0.0236177 0.0327287 30.6 0.0294828 -0.0122471 0.211413 0.189552 -0.100216 -0.00244489 1.0000 0 0 0 0   0 0 0
16 1 2 0 18 3.04559e-07 -0.0102163 0.00979305 30.6 0.00418104 -0.0285296 0.208184 0.0817273 0.0836672 -0.000748242 1.0000 0 0 0 0   0 0 0
17 1 2 0 18 3.04562e-07 -0.0460751 0.0381552 30.6 0.0121829 -0.00109242 0.242635 0.371312 -0.14485 -0.00282461 1.0000 0 0 0 0   0 0 0
18 1 2 0 18 3.04729e-07 -0.0243692 -0.01762 30.6 0.00384266 0.00842201 0.185016 0.195253 0.303285 0.00133963 1.0000 0 0 0 0   0 0 0
19 1 2 0 18 3.04897e-07 -0.00859435 -0.0134138 30.6 0.00864438 -0.00551392 0.19264 0.0687519 0.269353 0.00102294 1.0000 0 0 0 0   0 0 0
20 1 2 0 18 3.04903e-07 0.0205113 0.0041769 30.6 0.00211453 0.0296109 0.212304 -0.164198 0.128535 -0.000319706 1.0000 0 0 0 0   0 0 0
21 1 2 0 18 3.0501e-07 -0.00854917 0.0266869 30.6 0.0282998 0.000746765 0.214786 0.0684883 -0.0514969 -0.00201027 1.0000 0 0 0 0   0 0 0
22 1 2 0 18 3.05011e-07 0.00253988 -0.0111606 30.6 -0.00177353 -0.00478248 0.192881 -0.0203182 0.251303 0.000852162 1.0000 0 0 0 0   0 0 0
23 1 2 0 18 3.05094e-07 0.0217818 -0.0294808 30.6 -0.0135806 0.00544781 0.196166 -0.174684 0.398796 0.00221257 1.0000 0 0 0 0   0 0 0
24 1 2 0 18 3.05067e-07 0.0152653 0.0105121 30.6 0.006564 -0.0024827 0.192604 -0.122156 0.077895 -0.000802883 1.0000 0 0 0 0   0 0 0
25 1 2 0 18 3.04856e-07 -0.0160826 -0.0278433 30.6 -0.0135246 0.00471475 0.203801 0.128875 0.385442 0.00209423 1.0000 0 0 0 0   0 0 0
26 1 2 0 18 3.05172e-07 0.00507249 -0.0181505 30.6 0.0238423 0.0408391 0.210279 -0.0405935 0.30737 0.00137933 1.0000 0 0 0 0   0 0 0
27 1 2 0 18 3.04735e-07 -0.00796431 0.0115925 30.6 0.00446367 -0.00162588 0.197571 0.0637118 0.0692901 -0.000884962 1.0000 0 0 0 0   0 0 0
28 1 2 0 18 3.04545e-07 -0.0104573 -0.0266118 30.6 0.0114061 0.0228724 0.204788 0.0837779 0.375492 0.00200479 1.0000 0 0 0 0   0 0 0
29 1 2 0 18 3.04568e-07 -0.015717 -0.0322474 30.6 0.00454745 -0.0237334 0.201772 0.126024 0.421015 0.00241063 1.0000 0 0 0 0   0 0 0
31 1 2 0 18 3.04573e-07 -0.000731787 -0.0251216 30.6 0.0236527 -0.0150861 0.20522 0.00586097 0.363458 0.00189592 1.0000 0 0 0 0   0 0 0
32 1 2 0 18 3.04505e-07 -0.0194296 -0.0150984 30.6 0.00489978 0.0246446 0.202322 0.155606 0.282989 0.00115011 1.0000 0 0 0 0   0 0 0
33 1 2 0 18 3.04688e-07 -0.019925 -0.00578158 30.6 -0.00270008 0.00732228 0.17888 0.159501 0.208261 0.000442385 1.0000 0 0 0 0   0 0 0
34 1 2 0 18 3.04566e-07 -0.0993037 0.0612577 30.6 0.0146708 -0.00907991 0.273283 0.817069 -0.340366 -0.00429051 1.0000 0 0 0 0   0 0 0
36 1 2 0 18 3.04712e-07 -0.0209797 0.00793856 30.6 -0.00374021 0.00310252 0.178924 0.16798 0.0984306 -0.000607002 1.0000 0 0 0 0   0 0 0
37 1 2 0 18 3.04664e-07 -0.0348124 0.00249772 30.6 0.022063 -0.0475203 0.229092 0.279071 0.141944 -0.000191225 1.0000 0 0 0 0   0 0 0
38 1 2 0 18 3.04888e-07 0.0243289 -0.000254415 30.6 -0.00421464 -0.00811109 0.204044 -0.194838 0.164001 1.94801e-05 1.0000 0 0 0 0   0 0 0
40 1 2 0 18 3.04959e-07 0.00589964 0.000171148 30.6 0.00568841 -0.011204 0.212545 -0.0471951 0.160594 -1.31047e-05 1.0000 0 0 0 0   0 0 0
41 1 2 0 18 3.04734e-07 0.0132306 -0.0295174 30.6 -0.00381563 0.0093813 0.201774 -0.106022 0.398903 0.00221519 1.0000 0 0 0 0   0 0 0
42 1 2 0 18 3.04929e-07 0.0468783 -0.0119552 30.6 -0.00845158 0.0125975 0.207912 -0.376707 0.2581 0.000912437 1.0000 0 0 0 0   0 0 0
44 1 2 0 18 3.04718e-07 0.0095691 0.00217857 30.6 0.00910277 0.00518654 0.223519 -0.0765495 0.144538 -0.0001668 1.0000 0 0 0 0   0 0 0
45 1 2 0 18 3.04793e-07 -0.0628652 0.0723388 30.6 0.0166768 -0.0457591 0.278082 0.512594 -0.425542 -0.00488173 1.0000 0 0 0 0   0 0 0
46 1 2 0 18 3.04652e-07 -0.0195352 -0.0308186 30.6 -0.00356551 -0.00668291 0.238373 0.156662 0.409552 0.00230873 1.0000 0 0 0 0   0 0 0
48 1 2 0 18 3.04812e-07 -0.00164308 -0.020185 30.6 0.0191387 -0.0321112 0.229273 0.013152 0.323724 0.00153118 1.0000 0 0 0 0   0 0 0
49 1 2 0 18 3.04766e-07 -0.0208142 -0.0146606 30.6 0.0215909 0.00467008 0.239114 0.166708 0.279486 0.00111706 1.0000 0 0 0 0   0 0 0
50 1 2 0 18 3.0539e-07 -0.0962701 -0.0254968 30.6 0.0343637 -0.000197944 0.269946 0.786 0.370435 0.00192333 1.0000 0 0 0 0   0 0 0
51 1 2 0 18 3.04671e-07 -0.0019057 -0.0822901 30.6 -0.0127599 0.0160078 0.265074 0.0154572 0.832401 0.00533652 1.0000 0 0 0 0   0 0 0
52 1 2 0 18 3.04383e-07 -0.0422146 -0.00909245 30.6 -0.00260022 0.00152349 0.207665 0.338975 0.235013 0.000694907 1.0000 0 0 0 0   0 0 0
53 1 2 0 18 3.0488e-07 0.0217308 -0.0270167 30.6 0.00649179 -0.00956087 0.201832 -0.174193 0.378867 0.00203428 1.0000 0 0 0 0   0 0 0
54 1 2 0 18 3.04819e-07 0.0143856 -0.0328504 30.6 0.00129323 -0.00863831 0.202157 -0.115348 0.425868 0.00245349 1.0000 0 0 0 0   0 0 0
55 1 2 0 18 3.04733e-07 -0.00184074 -0.013538 30.6 0.0072011 -0.00445768 0.199389 0.0147253 0.270348 0.00103232 1.0000 0 0 0 0   0 0 0
56 1 2 0 18 3.04864e-07 0.00641532 -0.0111473 30.6 -0.00200812 -0.0213059 0.194576 -0.0513204 0.251196 0.000851148 1.0000 0 0 0 0   0 0 0
57 1 2 0 18 3.04855e-07 0.0369132 0.00717982 30.6 -0.0193429 -0.0119049 0.211903 -0.296097 0.104395 -0.000549122 1.0000 0 0 0 0   0 0 0
58 1 2 0 18 3.04686e-07 0.00292167 0.000355705 30.6 0.00403666 -0.00727048 0.206497 -0.0233724 0.159118 -2.7236e-05 1.0000 0 0 0 0   0 0 0
59 1 2 0 18 3.05006e-07 0.0117437 -0.0134231 30.6 0.00560603 -0.0030798 0.189993 -0.0939641 0.269449 0.00102364 1.0000 0 0 0 0   0 0 0
60 1 2 0 18 3.04924e-07 0.00892083 -0.0262586 30.6 -0.00110222 0.000545877 0.200005 -0.0714641 0.37264 0.00197898 1.0000 0 0 0 0   0 0 0
61 1 2 0 18 3.04837e-07 0.00463931 -0.025389 30.6 -0.00905732 -0.00765161 0.188186 -0.0371591 0.365619 0.00191545 1.0000 0 0 0 0   0 0 0
62 1 2 0 18 3.04675e-07 -0.00815704 -0.0119247 30.6 0.00290013 -0.00657812 0.199248 0.0652536 0.257423 0.000910125 1.0000 0 0 0 0   0 0 0
63 1 2 0 18 3.04721e-07 0.00991923 -0.00953999 30.6 -0.00964581 -0.0112922 0.197705 -0.0793504 0.238323 0.000729001 1.0000 0 0 0 0   0 0 0
64 1 2 0 18 3.04808e-07 -0.0608184 -0.00451192 30.6 -0.007637 -0.00254949 0.260992 0.490258 0.198344 0.000345319 1.0000 0 0 0 0   0 0 0
66 1 2 0 18 3.04696e-07 -0.0255812 -0.0275351 30.6 -0.0124099 -0.00440062 0.231342 0.205197 0.383186 0.00207188 1.0000 0 0 0 0   0 0 0
67 1 2 0 18 3.04684e-07 -0.0327408 -0.0313066 30.6 -0.01156 0.000253329 0.236549 0.262988 0.413886 0.00234353 1.0000 0 0 0 0   0 0 0
68 1 2 0 18 3.04672e-07 0.0345697 0.0127257 30.6 -0.00631533 -0.015642 0.226596 -0.277252 0.0599779 -0.000970811 1.0000 0 0 0 0   0 0 0
69 1 2 0 18 3.04981e-07 -0.0241222 -0.0582135 30.6 0.0147177 0.0432601 0.250801 0.194536 0.632972 0.00411378 1.0000 0 0 0 0   0 0 0
70 1 2 0 18 3.04933e-07 -0.00470169 0.0140293 30.6 -0.00366489 -0.0296357 0.246973 0.037612 0.0498257 -0.00106941 1.0000 0 0 0 0   0 0 0
72 1 2 0 18 3.04653e-07 0.0169842 -0.0131438 30.6 -0.0328323 -0.0242081 0.220993 -0.135973 0.267271 0.00100248 1.0000 0 0 0 0   0 0 0
73 1 2 0 18 3.04901e-07 0.0644904 0.0520954 30.6 -0.0411694 -0.0183098 0.286238 -0.523167 -0.259412 -0.00374252 1.0000 0 0 0 0   0 0 0
74 1 2 0 18 3.05034e-07 -0.0101107 -0.0111879 30.6 -0.00691414 0.000217766 0.194095 0.0808824 0.251522 0.000854235 1.0000 0 0 0 0   0 0 0
75 1 2 0 18 3.0482e-07 0.00242749 -0.00526092 30.6 0.0180793 -0.00161324 0.185814 -0.0194191 0.204062 0.000402582 1.0000 0 0 0 0   0 0 0
76 1 2 0 18 3.04704e-07 -0.00237284 0.00655177 30.6 -0.00539444 0.00957547 0.197847 0.0189819 0.109572 -0.000501179 1.0000 0 0 0 0   0 0 0
77 1 2 0 18 3.04989e-07 0.00575233 0.00261539 30.6 -0.00848081 -0.00147857 0.183058 -0.0460166 0.141045 -0.00020023 1.0000 0 0 0 0   0 0 0
78 1 2 0 18 3.04938e-07 -0.00573616 -0.0174851 30.6 -0.0138095 -0.0125174 0.182571 0.045901 0.302022 0.00132953 1.0000 0 0 0 0   0 0 0
79 1 2 0 18 3.0489e-07 -0.00884387 -0.0218599 30.6 0.00303101 -0.00844698 0.18603 0.0708203 0.337237 0.00165555 1.0000 0 0 0 0   0 0 0
80 1 2 0 18 3.0474e-07 -0.000927344 -0.0155965 30.6 -0.00175274 0.00297633 0.185672 0.00741843 0.286843 0.00118763 1.0000 0 0 0 0   0 0 0
81 1 2 0 18 3.04903e-07 -0.0200333 -0.000290238 30.6 -0.0122119 -0.00761548 0.186221 0.160351 0.164287 2.2223e-05 1.0000 0 0 0 0   0 0 0
82 1 2 0 18 3.04986e-07 0.00690695 -0.00627443 30.6 -0.00260172 0.00926056 0.191291 -0.0552532 0.212175 0.000480008 1.0000 0 0 0 0   0 0 0
83 1 2 0 18 3.04871e-07 -0.00515265 1.63163e-05 30.6 -0.00212714 -0.00587572 0.184847 0.0412195 0.161833 -1.24947e-06 1.0000 0 0 0 0   0 0 0
84 1 2 0 18 3.04686e-07 0.013906 -0.0261602 30.6 -0.00827051 0.01658 0.226609 -0.111415 0.371878 0.00197179 1.0000 0 0 0 0   0 0 0
85 1 2 0 18 3.04907e-07 -0.00332744 -0.0124311 30.6 -0.0109947 0.0140588 0.192988 0.0266184 0.26148 0.000948489 1.0000 0 0 0 0   0 0 0
86 1 2 0 18 3.04756e-07 0.0107925 -0.0014005 30.6 -0.00744284 0.000221305 0.198064 -0.0863367 0.173168 0.000107234 1.0000 0 0 0 0   0 0 0
87 1 2 0 18 3.04895e-07 0.0341515 -0.0133916 30.6 -0.00122011 -0.0152456 0.20937 -0.273889 0.269445 0.00102126 1.0000 0 0 0 0   0 0 0
88 1 2 0 18 3.04921e-07 0.029707 -0.0121094 30.6 0.013128 -0.00132189 0.200659 -0.238051 0.259069 0.000924122 1.0000 0 0 0 0   0 0 0
89 1 2 0 18 3.0497e-07 -0.027705 -0.00927486 30.6 -0.0256754 -0.0106571 0.200036 0.221967 0.236312 0.000708803 1.0000 0 0 0 0   0 0 0
90 1 2 0 18 3.04712e-07 -0.0344433 -0.0343589 30.6 0.0107685 0.00403022 0.230146 0.27679 0.438622 0.00256008 1.0000 0 0 0 0   0 0 0
91 1 2 0 18 3.04866e-07 5.92219e-05 -0.0178085 30.6 -0.00233339 0.0123803 0.190332 -0.000473844 0.304601 0.00135374 1.0000 0 0 0 0   0 0 0
92 1 2 0 18 3.04961e-07 0.0605857 -0.0125557 30.6 0.0120427 0.000770206 0.22837 -0.488479 0.263269 0.000957928 1.0000 0 0 0 0   0 0 0
93 1 2 0 18 3.05031e-07 -0.0169683 -0.0173525 30.6 -0.00518595 0.0225714 0.186161 0.135889 0.30107 0.00131962 1.0000 0 0 0 0   0 0 0
94 1 2 0 18 3.04955e-07 0.0053031 -0.00158731 30.6 -0.0051385 -0.0103892 0.186313 -0.042423 0.174663 0.000121538 1.0000 0 0 0 0   0 0 0
95 1 2 0 18 3.0492e-07 -0.0117945 -0.026165 30.6 -0.00816113 0.0283894 0.181649 0.0944922 0.371903 0.00197214 1.0000 0 0 0 0   0 0 0
96 1 2 0 18 3.04821e-07 -0.0242291 -0.0348198 30.6 -0.0127527 0.00335063 0.175683 0.19453 0.442085 0.00259246 1.0000 0 0 0 0   0 0 0
97 1 2 0 18 3.04903e-07 -0.00691175 0.0073596 30.6 -0.00905269 -0.00607382 0.182204 0.0552916 0.103115 -0.000562846 1.0000 0 0 0 0   0 0 0
98 1 2 0 18 3.04778e-07 -0.0413085 -0.0128654 30.6 -0.0140229 0.0193943 0.193844 0.331704 0.265349 0.000981393 1.0000 0 0 0 0   0 0 0
99 1 2 0 18 3.04679e-07 -0.0291371 -0.00817087 30.6 0.00074193 0.0152195 0.201144 0.233458 0.227463 0.000624699 1.0000 0 0 0 0   0 0 0
100 1 2 0 18 3.04903e-07 -0.0218722 -0.00690253 30.6 -0.0127136 0.0153849 0.188998 0.175136 0.217256 0.000527955 1.0000 0 0 0 0   0 0 0
101 1 2 0 18 3.04705e-07 -0.025436 0.00988253 30.6 -0.00485498 -0.00289501 0.190246 0.203759 0.0828438 -0.000755042 1.0000 0 0 0 0   0 0 0
102 1 2 0 18 3.04998e-07 -0.0268982 0.00082668 30.6 -0.00180098 -0.0092751 0.190771 0.215465 0.155342 -6.32979e-05 1.0000 0 0 0 0   0 0 0
104 1 2 0 18 3.04624e-07 -0.00142556 -0.00019937 30.6 -0.0143562 0.00740305 0.233978 0.011404 0.163558 1.52653e-05 1.0000 0 0 0 0   0 0 0
105 1 2 0 18 3.04708e-07 0.0125158 -0.0089424 30.6 0.00150652 0.0281691 0.238979 -0.100122 0.233537 0.000683475 1.0000 0 0 0 0   0 0 0
106 1 2 0 18 3.05035e-07 -0.0156054 0.0020676 30.6 -0.00043222 0.00887176 0.251679 0.124838 0.145425 -0.000158308 1.0000 0 0 0 0   0 0 0
108 1 2 0 18 3.05163e-07 -0.0455814 -0.00565449 30.6 -0.00435439 0.00968131 0.259942 0.366163 0.207402 0.000432672 1.0000 0 0 0 0   0 0 0
109 1 2 0 18 3.04754e-07 -0.0409153 -0.00315094 30.6 0.0605692 -0.0047042 0.245121 0.328421 0.187261 0.000241215 1.0000 0 0 0 0   0 0 0
110 1 2 0 18 3.05252e-07 0.0162579 0.00412586 30.6 -0.00254289 0.0134185 0.266996 -0.130057 0.128966 -0.000315804 1.0000 0 0 0 0   0 0 0
111 1 2 0 18 3.05066e-07 0.010202 -0.00330707 30.6 0.00743044 0.0176624 0.265979 -0.0816123 0.188424 0.000253164 1.0000 0 0 0 0   0 0 0
114 1 2 0 18 3.06711e-07 0.0380805 0.00356289 30.6 0.0236273 -0.00362681 0.159349 -0.305501 0.133386 -0.000272742 1.0000 0 0 0 0   0 0 0
115 1 2 0 18 3.0458e-07 -0.0174972 -0.0248252 30.6 -0.00455562 -0.00407134 0.220856 0.140195 0.36116 0.0018742 1.0000 0 0 0 0   0 0 0
116 1 2 0 18 3.05116e-07 -0.0137641 0.0198787 30.6 -0.0102548 -0.0432527 0.267329 0.110227 0.00295216 -0.00150838 1.0000 0 0 0 0   0 0 0
117 1 2 0 18 3.04936e-07 -0.0106898 -0.011464 30.6 0.0267709 -0.0281269 0.202728 0.0855145 0.253733 0.000875218 1.0000 0 0 0 0   0 0 0
118 1 2 0 18 3.05573e-07 -0.0311693 -0.0536416 30.6 0.00447715 0.0243426 0.221486 0.251315 0.595783 0.00383845 1.0000 0 0 0 0   0 0 0
119 1 2 0 18 3.04852e-07 -0.0139633 -0.0342309 30.6 0.00250431 -0.00421753 0.252295 0.11199 0.437049 0.00255104 1.0000 0 0 0 0   0 0 0
121 1 2 0 18 3.04858e-07 0.00220258 0.0739214 30.6 0.0028582 -0.00609736 0.260778 -0.0178208 -0.433689 -0.00495907 1.0000 0 0 0 0   0 0 0
122 1 2 0 18 3.04783e-07 -0.00645067 -0.0257318 30.6 -0.00338478 -0.00378794 0.242023 0.0516707 0.368387 0.0019405 1.0000 0 0 0 0   0 0 0
123 1 2 0 18 3.06509e-07 0.0436766 -0.000193296 30.6 -0.00820538 -0.00741497 0.180128 -0.350742 0.163516 1.48002e-05 1.0000 0 0 0 0   0 0 0
126 1 2 0 18 3.04938e-07 -0.0278382 -0.0364203 30.6 0.000914626 0.0380842 0.248013 0.223626 0.455143 0.00270446 1.0000 0 0 0 0   0 0 0
127 1 2 0 18 3.04892e-07 -0.00511504 0.00029623 30.6 -0.00765879 -0.000737787 0.249918 0.0409186 0.159594 -2.26821e-05 1.0000 0 0 0 0   0 0 0
128 1 2 0 18 3.05442e-07 -0.0218234 -0.0091257 30.6 0.00575831 -0.00308108 0.246446 0.17476 0.23508 0.00069744 1.0000 0 0 0 0   0 0 0
129 1 2 0 18 3.04999e-07 -0.0379121 -0.0178008 30.6 -0.00901549 -0.010025 0.252617 0.30436 0.305017 0.00135316 1.0000 0 0 0 0   0 0 0
130 1 2 0 18 3.06107e-07 0.0407479 -0.0123603 30.6 -0.0158453 -0.00755639 0.204686 -0.327164 0.261276 0.000943129 1.0000 0 0 0 0   0 0 0
131 1 2 0 18 3.04932e-07 -0.0321382 -0.0061429 30.6 -0.010089 0.0105153 0.260342 0.257542 0.211208 0.000469967 1.0000 0 0 0 0   0 0 0
133 1 2 0 18 3.0482e-07 0.00779275 -0.0229989 30.6 -0.0219577 0.00900592 0.183763 -0.0624078 0.346395 0.00173986 1.0000 0 0 0 0   0 0 0
134 1 2 0 18 3.04587e-07 -0.0114178 -0.00932658 30.6 0.0262398 -0.015787 0.231136 0.0913387 0.236614 0.000712743 1.0000 0 0 0 0   0 0 0
135 1 2 0 18 3.04778e-07 -0.000681633 0.0146088 30.6 -0.00933947 0.00611206 0.175751 0.00545283 0.0451981 -0.00111315 1.0000 0 0 0 0   0 0 0
136 1 2 0 18 3.04709e-07 0.000290235 -0.024512 30.6 -0.000423993 0.0106298 0.185227 -0.00232438 0.358551 0.00185117 1.0000 0 0 0 0   0 0 0
137 1 2 0 18 3.04572e-07 0.00444469 -0.0149924 30.6 -0.0104605 -0.00797949 0.212101 -0.035556 0.282003 0.0011421 1.0000 0 0 0 0   0 0 0
138 1 2 0 18 3.04567e-07 0.0107913 -0.00580436 30.6 0.0104283 -0.0134095 0.240228 -0.0863269 0.208412 0.000444124 1.0000 0 0 0 0   0 0 0
139 1 2 0 18 3.0463e-07 0.0244816 -0.0207821 30.6 0.00276094 0.00785532 0.207258 -0.196179 0.328698 0.00157563 1.0000 0 0 0 0   0 0 0
140 1 2 0 18 3.04692e-07 -0.000604066 0.00452207 30.6 -0.0163107 0.000461313 0.181979 0.00483233 0.125798 -0.000346095 1.0000 0 0 0 0   0 0 0
141 1 2 0 18 3.04591e-07 0.0119377 -0.0110721 30.6 -0.00687317 0.000114928 0.204469 -0.0954977 0.250594 0.000845432 1.0000 0 0 0 0   0 0 0
142 1 2 0 18 3.04989e-07 -0.0510348 0.0661428 30.6 0.0251016 -0.0363213 0.285304 0.41408 -0.37273 -0.00456131 1.0000 0 0 0 0   0 0 0
143 1 2 0 18 3.04654e-07 -0.00511337 -0.0116893 30.6 0.00925222 -0.00909928 0.189568 0.0409052 0.255538 0.000892294 1.0000 0 0 0 0   0 0 0
144 1 2 0 18 3.0504e-07 -0.0190571 -0.0284654 30.6 0.0049227 -0.00935739 0.189166 0.152745 0.390493 0.00213933 1.0000 0 0 0 0   0 0 0
145 1 2 0 18 3.04948e-07 -0.0166738 0.0112572 30.6 0.00261901 -0.00112197 0.188678 0.133462 0.071917 -0.000859499 1.0000 0 0 0 0   0 0 0
146 1 2 0 18 3.05038e-07 -0.00495007 -0.0155519 30.6 -0.0045138 0.00351431 0.177671 0.0395989 0.286486 0.00118428 1.0000 0 0 0 0   0 0 0
147 1 2 0 18 3.05103e-07 -0.0023388 0.00383692 30.6 0.0120799 -0.00257143 0.189108 0.0187096 0.131276 -0.000293714 1.0000 0 0 0 0   0 0 0
148 1 2 0 18 3.05064e-07 0.0211327 -0.023181 30.6 0.00783073 0.00180696 0.185836 -0.169335 0.347962 0.00175326 1.0000 0 0 0 0   0 0 0
149 1 2 0 18 3.0495e-07 -0.0142841 -0.000867492 30.6 0.00918868 -0.0189448 0.182233 0.114268 0.168904 6.64226e-05 1.0000 0 0 0 0   0 0 0
150 1 2 0 18 3.04927e-07 0.00338142 0.00576855 30.6 0.000585786 -0.00694059 0.182066 -0.0270502 0.115833 -0.000441391 1.0000 0 0 0 0   0 0 0
151 1 2 0 18 3.0494e-07 -0.00570108 -0.0128461 30.6 0.00952401 -0.0189369 0.189468 0.0456067 0.264805 0.000979927 1.0000 0 0 0 0   0 0 0
152 1 2 0 18 3.04975e-07 0.00785423 -0.00349096 30.6 0.0083678 -0.0143517 0.187636 -0.0628311 0.189896 0.000267237 1.0000 0 0 0 0   0 0 0
153 1 2 0 18 3.04696e-07 -0.0302698 -0.00915557 30.6 -0.00497341 0.00811198 0.228875 0.242554 0.235367 0.000699715 1.0000 0 0 0 0   0 0 0
155 1 2 0 18 3.05951e-07 -0.0165262 -0.0186426 30.6 0.00584721 0.0195515 0.219281 0.132358 0.311433 0.00141615 1.0000 0 0 0 0   0 0 0
156 1 2 0 18 3.04556e-07 -0.00229168 -0.0273677 30.6 -0.0105829 -0.00154482 0.222814 0.0183581 0.381547 0.00205973 1.0000 0 0 0 0   0 0 0
158 1 2 0 18 3.04793e-07 -0.0291643 -0.0140448 30.6 0.0104876 -0.00573349 0.244581 0.233706 0.274603 0.00107057 1.0000 0 0 0 0   0 0 0
159 1 2 0 18 3.0476e-07 -0.0219581 -0.0171326 30.6 0.0111233 -0.00605661 0.239662 0.175906 0.29935 0.00130311 1.0000 0 0 0 0   0 0 0
160 1 2 0 18 3.05298e-07 -0.0549989 -0.02288 30.6 -0.00175575 -0.00226337 0.254199 0.4432 0.346582 0.00173105 1.0000 0 0 0 0   0 0 0
161 1 2 0 18 3.04835e-07 -0.0246759 -0.0223391 30.6 0.00157851 -0.00217049 0.245118 0.197748 0.341219 0.00169102 1.0000 0 0 0 0   0 0 0
162 1 2 0 18 3.04804e-07 0.00112675 -0.0237548 30.6 0.00392019 -0.00626845 0.23532 -0.00902307 0.352455 0.00179547 1.0000 0 0 0 0   0 0 0
163 1 2 0 18 3.04849e-07 -0.00100978 -0.00345064 30.6 -0.00405413 0.0187885 0.175067 0.00807793 0.189573 0.000264151 1.0000 0 0 0 0   0 0 0
164 1 2 0 18 3.04823e-07 -0.00461038 -0.0227788 30.6 -0.00211022 0.00661609 0.173166 0.0369178 0.344608 0.00172357 1.0000 0 0 0 0   0 0 0
167 1 2 0 18 3.04422e-07 -0.014892 -0.0204187 30.6 -0.0250387 0.0102212 0.217416 0.119274 0.325696 0.00154858 1.0000 0 0 0 0   0 0 0
168 1 2 0 18 3.04846e-07 -0.0106205 0.00288062 30.6 -0.00190951 0.000428588 0.172338 0.0849603 0.138924 -0.000220528 1.0000 0 0 0 0   0 0 0
169 1 2 0 18 3.04772e-07 0.0059023 -0.00053823 30.6 -0.00170544 0.00323173 0.173881 -0.0472164 0.16627 4.12114e-05 1.0000 0 0 0 0   0 0 0
170 1 2 0 18 3.04743e-07 0.0177481 -0.0215881 30.6 0.0146653 0.00673672 0.182282 -0.142181 0.335124 0.00163543 1.0000 0 0 0 0   0 0 0
171 1 2 0 18 3.04912e-07 0.0196333 -0.0129958 30.6 -0.00251755 -0.00105469 0.17839 -0.15722 0.266111 0.000991273 1.0000 0 0 0 0   0 0 0
172 1 2 0 18 3.04643e-07 0.00209345 -0.0210597 30.6 0.0174551 0.00214149 0.185842 -0.0167591 0.330763 0.0015963 1.0000 0 0 0 0   0 0 0
174 1 2 0 18 3.04873e-07 0.0102099 -0.0300498 30.6 0.0026505 0.00612512 0.252904 -0.0818134 0.403176 0.00225349 1.0000 0 0 0 0   0 0 0
176 1 2 0 18 3.07771e-07 -0.0463305 0.0651203 30.6 -0.043104 0.0335804 0.116048 0.375541 -0.363972 -0.00450611 1.0000 0 0 0 0   0 0 0
179 1 2 0 18 3.04935e-07 -0.00474568 -0.0166195 30.6 0.00833947 0.0176033 0.258188 0.0379671 0.295054 0.00126454 1.0000 0 0 0 0   0 0 0
180 1 2 0 18 3.04741e-07 -0.0900222 0.03153 30.6 -0.0060479 0.0198692 0.274914 0.733907 -0.0946246 -0.00235947 1.0000 0 0 0 0   0 0 0
181 1 2 0 18 3.04538e-07 -0.01029 -0.0100084 30.6 -0.00779867 0.00986228 0.19074 0.0823166 0.242074 0.000764602 1.0000 0 0 0 0   0 0 0
182 1 2 0 18 3.0454e-07 -0.0107494 0.0183534 30.6 0.010183 -0.010957 0.23666 0.0860557 0.015191 -0.00139451 1.0000 0 0 0 0   0 0 0
183 1 2 0 18 3.04987e-07 -0.0153167 -0.0200149 30.6 0.00739466 -0.0121557 0.183108 0.122674 0.322453 0.00151852 1.0000 0 0 0 0   0 0 0
184 1 2 0 18 3.04504e-07 0.00550777 -0.0063411 30.6 0.0145357 0.0135054 0.217471 -0.0440603 0.212709 0.000485097 1.0000 0 0 0 0   0 0 0
185 1 2 0 18 3.04752e-07 -0.0213108 0.00497851 30.6 -0.0086 0.000350684 0.182874 0.17062 0.122116 -0.000380991 1.0000 0 0 0 0   0 0 0
186 1 2 0 18 3.04504e-07 -0.0073054 -0.0327226 30.6 -0.0213098 0.01742 0.203246 0.0585451 0.424697 0.00244446 1.0000 0 0 0 0   0 0 0
187 1 2 0 18 3.04807e-07 -0.00840992 -0.0199857 30.6 -0.00819239 -0.000838264 0.176705 0.0673301 0.322156 0.00151635 1.0000 0 0 0 0   0 0 0
188 1 2 0 18 3.04543e-07 0.0216902 -3.8725e-05 30.6 0.0148173 -0.0109564 0.20728 -0.173653 0.162273 2.96497e-06 1.0000 0 0 0 0   0 0 0
189 1 2 0 18 3.04683e-07 -0.0137882 -0.0117835 30.6 -0.000816914 0.00101325 0.179277 0.110329 0.256316 0.000899433 1.0000 0 0 0 0   0 0 0
192 1 2 0 18 3.04557e-07 0.0153561 -0.0122218 30.6 -0.00701186 0.0143465 0.204444 -0.122906 0.259853 0.000932635 1.0000 0 0 0 0   0 0 0
193 1 2 0 18 3.04632e-07 0.0221427 0.004049 30.6 0.0156647 0.0213448 0.210375 -0.177293 0.129551 -0.000309928 1.0000 0 0 0 0   0 0 0
194 1 2 0 18 3.04772e-07 -0.00257067 -0.00878871 30.6 -0.0203174 -0.000344759 0.176016 0.0205645 0.232307 0.000671767 1.0000 0 0 0 0   0 0 0
195 1 2 0 18 3.04771e-07 0.011574 -0.0154888 30.6 -0.0062052 -0.00385634 0.262549 -0.0926302 0.286037 0.00117953 1.0000 0 0 0 0   0 0 0
196 1 2 0 18 3.04609e-07 0.0181323 -0.000656951 30.6 -0.000431398 0.0158756 0.214373 -0.145089 0.167221 5.03017e-05 1.0000 0 0 0 0   0 0 0
197 1 2 0 18 3.0458e-07 -0.000388552 0.00270572 30.6 0.0265008 -0.00493338 0.213182 0.00310828 0.140322 -0.000207143 1.0000 0 0 0 0   0 0 0
199 1 2 0 18 3.04518e-07 -0.00542545 0.0158511 30.6 0.0141331 0.0101685 0.204302 0.0434018 0.0352773 -0.00120677 1.0000 0 0 0 0   0 0 0
200 1 2 0 18 3.04873e-07 0.00962468 -0.0172934 30.6 -0.0121848 -0.0183937 0.178398 -0.077035 0.300518 0.00131519 1.0000 0 0 0 0   0 0 0
0 1 2 0 19 3.11789e-07 -0.00641636 -0.0113534 32.4 0 0 0.204 0 0 0 1.0000 0 0 0 0   0 0 0
1 1 2 0 19 3.11957e-07 0.0355211 -0.0140171 32.4 0.0017902 0.00369679 0.188872 -0.284966 0.274506 0.00106848 1.0000 0 0 0 0   0 0 0
2 1 2 0 19 3.11928e-07 -0.0152714 -0.00852167 32.4 0.00941124 0.0100731 0.193257 0.122182 0.230177 0.000651424 1.0000 0 0 0 0   0 0 0
3 1 2 0 19 3.11876e-07 0.0261668 -0.010492 32.4 -0.0181588 0.00637537 0.190206 -0.209628 0.246069 0.000801354 1.0000 0 0 0 0   0 0 0
4 1 2 0 19 3.11951e-07 0.0128087 0.00143793 32.4 -0.0151617 -0.0113468 0.196431 -0.102465 0.150462 -0.000110101 1.0000 0 0 0 0   0 0 0
5 1 2 0 19 3.11993e-07 0.0220137 -0.0208138 32.4 -0.0170745 -0.00137825 0.193639 -0.176383 0.328934 0.00157799 1.0000 0 0 0 0   0 0 0
6 1 2 0 19 3.1197e-07 -0.0178355 -0.0191175 32.4 -0.00149332 -0.00189097 0.186008 0.14286 0.315262 0.00145169 1.0000 0 0 0 0   0 0 0
7 1 2 0 19 3.11783e-07 0.0348807 -0.0327526 32.4 0.00809197 -0.00368515 0.196384 -0.280277 0.425637 0.00244657 1.0000 0 0 0 0   0 0 0
8 1 2 0 19 3.11857e-07 -0.0131695 0.00271896 32.4 -0.00181045 -0.00173191 0.196631 0.105352 0.140217 -0.000208156 1.0000 0 0 0 0   0 0 0
9 1 2 0 19 3.12175e-07 0.0211229 -0.0125207 32.4 -0.020427 -0.00809441 0.180795 -0.169166 0.262311 0.000955275 1.0000 0 0 0 0   0 0 0
10 1 2 0 19 3.11826e-07 0.0279757 -0.0589931 32.4 -0.0225671 0.0166187 0.196233 -0.225719 0.639522 0.00415957 1.0000 0 0 0 0   0 0 0
11 1 2 0 19 3.11587e-07 0.0107075 -0.0607707 32.4 -0.00819592 -0.0449025 0.209158 -0.0863275 0.653589 0.00426248 1.0000 0 0 0 0   0 0 0
12 1 2 0 19 3.11315e-07 0.00477671 0.0151893 32.4 -0.00813485 0.0298518 0.20841 -0.038212 0.0405623 -0.00115696 1.0000 0 0 0 0   0 0 0
14 1 2 0 19 3.11532e-07 0.00573141 0.0206263 32.4 -0.0195346 -0.00136546 0.187587 -0.0458842 -0.0029669 -0.00156403 1.0000 0 0 0 0   0 0 0
15 1 2 0 19 3.11411e-07 -0.0300865 -0.0161183 32.4 -0.0325319 0.0295377 0.18301 0.241139 0.291271 0.00122686 1.0000 0 0 0 0   0 0 0
16 1 2 0 19 3.11447e-07 -0.0084172 0.0199459 32.4 -0.00960114 0.0285702 0.183158 0.0673882 0.00246252 -0.00151338 1.0000 0 0 0 0   0 0 0
17 1 2 0 19 3.11263e-07 0.0158695 -0.045154 32.4 -0.0291512 0.0169896 0.212101 -0.127516 0.525727 0.00329674 1.0000 0 0 0 0   0 0 0
18 1 2 0 19 3.11732e-07 -0.00227224 -0.0155428 32.4 -0.0198821 -0.0027093 0.173385 0.0181771 0.286413 0.00118359 1.0000 0 0 0 0   0 0 0
19 1 2 0 19 3.11764e-07 -0.00952756 -0.00440631 32.4 -0.00835006 -0.00449026 0.189897 0.0762172 0.197222 0.000337245 1.0000 0 0 0 0   0 0 0
20 1 2 0 19 3.11705e-07 -0.0259327 -0.0480808 32.4 0.0134299 -0.00951476 0.205801 0.208705 0.549976 0.00348779 1.0000 0 0 0 0   0 0 0
21 1 2 0 19 3.11738e-07 -0.0353279 -0.0405551 32.4 -0.021166 0.0156465 0.214187 0.284248 0.489028 0.00298891 1.0000 0 0 0 0   0 0 0
22 1 2 0 19 3.11863e-07 -0.00603141 -0.00359641 32.4 0.00237676 0.000846501 0.197521 0.0482492 0.19074 0.000275307 1.0000 0 0 0 0   0 0 0
23 1 2 0 19 3.11965e-07 -0.00444242 -0.00448625 32.4 0.0183652 -0.0167774 0.202877 0.0355378 0.197862 0.000343356 1.0000 0 0 0 0   0 0 0
24 1 2 0 19 3.11939e-07 -0.017526 -0.015165 32.4 0.0143967 0.0148735 0.195731 0.140339 0.283504 0.00115513 1.0000 0 0 0 0   0 0 0
25 1 2 0 19 3.11699e-07 0.0160425 -0.00673244 32.4 -0.00242145 -0.0126478 0.198597 -0.128348 0.215848 0.000514971 1.0000 0 0 0 0   0 0 0
26 1 2 0 19 3.11913e-07 -0.0444823 -0.0326902 32.4 -0.0178906 -0.0307307 0.222052 0.35805 0.425591 0.00244217 1.0000 0 0 0 0   0 0 0
27 1 2 0 19 3.11636e-07 -0.00635789 -0.0109708 32.4 -0.00753885 0.0174133 0.182898 0.0508609 0.249782 0.000837734 1.0000 0 0 0 0   0 0 0
28 1 2 0 19 3.11433e-07 -0.0113734 -0.0323934 32.4 -0.00609099 -0.0244516 0.1789 0.0911607 0.422092 0.00242104 1.0000 0 0 0 0   0 0 0
29 1 2 0 19 3.11508e-07 -0.00609725 0.0227208 32.4 -0.0104293 -0.0115306 0.18024 0.0488255 -0.0197393 -0.00171927 1.0000 0 0 0 0   0 0 0
31 1 2 0 19 3.11438e-07 -0.0345227 0.0159039 32.4 -0.0105913 -1.77949e-06 0.182061 0.276945 0.0344989 -0.00121074 1.0000 0 0 0 0   0 0 0
32 1 2 0 19 3.11425e-07 0.000852233 -0.037973 32.4 -0.0146961 -0.0116648 0.175633 -0.00683668 0.467252 0.002812 1.0000 0 0 0 0   0 0 0
33 1 2 0 19 3.11788e-07 0.00264378 -0.0111564 32.4 -0.0199721 0.00842866 0.167127 -0.0211494 0.251269 0.000851843 1.0000 0 0 0 0   0 0 0
34 1 2 0 19 3.11218e-07 0.0689421 -0.0689716 32.4 -0.0256291 0.0153988 0.248541 -0.562481 0.726817 0.00471118 1.0000 0 0 0 0   0 0 0
36 1 2 0 19 3.11801e-07 -0.00158883 -0.00910595 32.4 -0.0272168 0.0108332 0.167295 0.0127101 0.234847 0.000695936 1.0000 0 0 0 0   0 0 0
37 1 2 0 19 3.11434e-07 -0.00629273 0.0179758 32.4 -0.0263317 0.0381232 0.207307 0.0503603 0.0182551 -0.00136626 1.0000 0 0 0 0   0 0 0
38 1 2 0 19 3.11736e-07 -0.0153975 -0.00550242 32.4 0.0197436 0.0101824 0.198024 0.123174 0.205995 0.000421046 1.0000 0 0 0 0   0 0 0
40 1 2 0 19 3.11705e-07 -0.0230465 -0.00494137 32.4 0.00463266 0.0145371 0.208513 0.184553 0.201545 0.000378152 1.0000 0 0 0 0   0 0 0
41 1 2 0 19 3.11622e-07 -0.00307086 -0.0146132 32.4 0.0152525 -0.0172434 0.187833 0.0245659 0.278964 0.00111348 1.0000 0 0 0 0   0 0 0
42 1 2 0 19 3.11801e-07 -0.0219144 -0.022821 32.4 0.0337579 -0.00433416 0.197007 0.175602 0.345073 0.00172669 1.0000 0 0 0 0   0 0 0
44 1 2 0 19 3.11438e-07 -0.0290568 -0.0240099 32.4 0.000312963 0.0023417 0.202868 0.233082 0.35483 0.00181424 1.0000 0 0 0 0   0 0 0
45 1 2 0 19 3.11445e-07 0.035157 -0.0789207 32.4 -0.0246897 0.054557 0.261058 -0.285579 0.805786 0.00519127 1.0000 0 0 0 0   0 0 0
46 1 2 0 19 3.11313e-07 -0.00114016 0.0132662 32.4 0.00114522 -0.000152694 0.213313 0.00912091 0.0559206 -0.00101176 1.0000 0 0 0 0   0 0 0
48 1 2 0 19 3.11495e-07 -0.0311891 0.020073 32.4 -0.0147204 0.022287 0.217763 0.250153 0.00115542 -0.00152285 1.0000 0 0 0 0   0 0 0
49 1 2 0 19 3.11376e-07 -0.0156514 -0.00814845 32.4 -0.0201417 -0.00531202 0.220163 0.125226 0.22719 0.000622991 1.0000 0 0 0 0   0 0 0
50 1 2 0 19 3.11901e-07 0.0757856 -0.00415685 32.4 -0.0304336 0.00397969 0.286564 -0.613556 0.195625 0.000318173 1.0000 0 0 0 0   0 0 0
51 1 2 0 19 3.11301e-07 -0.0292708 0.0578629 32.4 0.0185961 -0.0228322 0.239619 0.236147 -0.303336 -0.00409319 1.0000 0 0 0 0   0 0 0
52 1 2 0 19 3.11337e-07 0.00679788 -0.00621234 32.4 -0.0257309 -0.00273023 0.170327 -0.0543807 0.211678 0.000475268 1.0000 0 0 0 0   0 0 0
53 1 2 0 19 3.11731e-07 -0.0262735 0.0130999 32.4 0.0135841 -0.00475448 0.196414 0.2105 0.0570885 -0.000999159 1.0000 0 0 0 0   0 0 0
54 1 2 0 19 3.11676e-07 -0.0163887 0.0115216 32.4 0.00712762 -0.0124414 0.194617 0.131178 0.0698039 -0.000879594 1.0000 0 0 0 0   0 0 0
55 1 2 0 19 3.11594e-07 -0.0130378 -0.00267325 32.4 -0.00350763 -0.00081332 0.18617 0.104298 0.183352 0.000204658 1.0000 0 0 0 0   0 0 0
56 1 2 0 19 3.11756e-07 -0.00688635 0.0145935 32.4 0.00601156 0.00328364 0.192728 0.0550885 0.04532 -0.00111199 1.0000 0 0 0 0   0 0 0
57 1 2 0 19 3.11737e-07 -0.00554341 -0.00273747 32.4 0.0375528 0.020942 0.200474 0.0443454 0.183866 0.000209573 1.0000 0 0 0 0   0 0 0
58 1 2 0 19 3.11531e-07 -0.0101306 -0.00148861 32.4 0.00723678 0.0160256 0.186826 0.0810417 0.173873 0.000113981 1.0000 0 0 0 0   0 0 0
59 1 2 0 19 3.11905e-07 -0.013014 -0.00657458 32.4 0.0065227 -0.00383472 0.191732 0.104107 0.214578 0.00050292 1.0000 0 0 0 0   0 0 0
60 1 2 0 19 3.11757e-07 -0.0127642 0.000119627 32.4 0.00636086 -0.00900441 0.197638 0.102109 0.161007 -9.15984e-06 1.0000 0 0 0 0   0 0 0
61 1 2 0 19 3.11794e-07 0.00827951 -0.00285958 32.4 0.00320512 -0.0173989 0.184636 -0.0662333 0.184843 0.000218918 1.0000 0 0 0 0   0 0 0
62 1 2 0 19 3.11557e-07 -0.00581478 -5.48576e-05 32.4 -0.0067484 0.00231951 0.1824 0.0465162 0.162402 4.20023e-06 1.0000 0 0 0 0   0 0 0
63 1 2 0 19 3.11635e-07 0.00230197 0.00400031 32.4 0.0107221 0.00588354 0.184826 -0.018415 0.12997 -0.000306206 1.0000 0 0 0 0   0 0 0
64 1 2 0 19 3.11373e-07 0.0309367 -0.0141041 32.4 0.000290477 0.00492666 0.243343 -0.247944 0.275095 0.00107505 1.0000 0 0 0 0   0 0 0
66 1 2 0 19 3.11399e-07 0.0134331 0.00840749 32.4 0.00211606 0.000864165 0.211928 -0.10746 0.0947398 -0.000642725 1.0000 0 0 0 0   0 0 0
67 1 2 0 19 3.1137e-07 0.0158066 0.00800067 32.4 -0.000878404 -0.00428396 0.214575 -0.126469 0.0979799 -0.000611733 1.0000 0 0 0 0   0 0 0
68 1 2 0 19 3.11457e-07 -0.0308395 -0.0108265 32.4 0.0214473 0.0280891 0.20334 0.247135 0.248778 0.000826776 1.0000 0 0 0 0   0 0 0
69 1 2 0 19 3.11604e-07 -0.0059949 0.0249145 32.4 -0.0127701 -0.0478582 0.235554 0.0480161 -0.0373002 -0.00188077 1.0000 0 0 0 0   0 0 0
70 1 2 0 19 3.11547e-07 -0.0223051 -0.0251472 32.4 0.00282425 0.0347993 0.236819 0.178752 0.363787 0.00189779 1.0000 0 0 0 0   0 0 0
72 1 2 0 19 3.11519e-07 0.0141041 0.0161228 32.4 0.0302025 0.0104998 0.200186 -0.112914 0.0330098 -0.0012272 1.0000 0 0 0 0   0 0 0
73 1 2 0 19 3.11576e-07 -0.0847229 -0.0753894 32.4 0.0483152 0.0335286 0.280079 0.696153 0.78395 0.00502925 1.0000 0 0 0 0   0 0 0
74 1 2 0 19 3.11902e-07 0.00930988 -0.0106256 32.4 -1.71398e-05 -0.000583652 0.197771 -0.0744758 0.247017 0.000811504 1.0000 0 0 0 0   0 0 0
75 1 2 0 19 3.11764e-07 -0.0231053 -0.00630638 32.4 -0.000848676 0.00311386 0.181721 0.185031 0.212485 0.000482447 1.0000 0 0 0 0   0 0 0
76 1 2 0 19 3.1162e-07 0.00348323 -0.0213739 32.4 -0.00225331 0.0127929 0.182852 -0.0278868 0.333296 0.00161958 1.0000 0 0 0 0   0 0 0
77 1 2 0 19 3.11956e-07 0.00825047 -0.0124404 32.4 0.00795409 0.00811131 0.188523 -0.0660009 0.261555 0.000949199 1.0000 0 0 0 0   0 0 0
78 1 2 0 19 3.11933e-07 0.0165405 0.00463462 32.4 -0.00703954 -0.00577781 0.188538 -0.132326 0.124896 -0.0003547 1.0000 0 0 0 0   0 0 0
79 1 2 0 19 3.1183e-07 -0.00322741 0.000708252 32.4 -0.0104675 -0.0102955 0.184371 0.0258182 0.156298 -5.42301e-05 1.0000 0 0 0 0   0 0 0
80 1 2 0 19 3.11724e-07 0.00248145 -0.0137976 32.4 -0.00236604 -0.00895801 0.17532 -0.0198508 0.272429 0.00105192 1.0000 0 0 0 0   0 0 0
81 1 2 0 19 3.11895e-07 0.018804 -0.00208067 32.4 -0.0170834 0.00781479 0.186311 -0.150484 0.178617 0.000159308 1.0000 0 0 0 0   0 0 0
82 1 2 0 19 3.11876e-07 -0.00438382 -0.023908 32.4 0.0076542 -0.00293346 0.192882 0.0351076 0.353696 0.00180674 1.0000 0 0 0 0   0 0 0
83 1 2 0 19 3.11832e-07 0.00495452 -0.00890618 32.4 -0.00235648 0.00428685 0.182918 -0.0396345 0.233247 0.000680717 1.0000 0 0 0 0   0 0 0
84 1 2 0 19 3.11443e-07 -0.0172552 -0.0122082 32.4 0.01762 -0.0151316 0.202475 0.138135 0.259766 0.000931604 1.0000 0 0 0 0   0 0 0
85 1 2 0 19 3.11812e-07 0.00796452 -0.0279586 32.4 0.000964319 -0.00515835 0.192933 -0.0638096 0.386323 0.00210258 1.0000 0 0 0 0   0 0 0
86 1 2 0 19 3.11651e-07 0.00246918 -0.00955758 32.4 0.0100149 0.0084031 0.186386 -0.0197526 0.238463 0.000730341 1.0000 0 0 0 0   0 0 0
87 1 2 0 19 3.11726e-07 -0.0303955 0.00628984 32.4 0.0218923 0.00468225 0.201366 0.243553 0.111583 -0.000481184 1.0000 0 0 0 0   0 0 0
88 1 2 0 19 3.11781e-07 -0.036222 -0.00736002 32.4 0.0165302 -0.00237776 0.19631 0.290512 0.221019 0.000562878 1.0000 0 0 0 0   0 0 0
89 1 2 0 19 3.11864e-07 0.038005 -0.00537998 32.4 -0.00741074 0.00199524 0.205341 -0.304904 0.205139 0.000411685 1.0000 0 0 0 0   0 0 0
90 1 2 0 19 3.11407e-07 0.00153428 0.00699627 32.4 -0.0178262 -0.0149724 0.20845 -0.0122737 0.106019 -0.000535111 1.0000 0 0 0 0   0 0 0
91 1 2 0 19 3.11773e-07 -0.00197723 -0.0217 32.4 0.000172551 -0.00955995 0.186733 0.01583 0.335916 0.00164371 1.0000 0 0 0 0   0 0 0
92 1 2 0 19 3.11689e-07 -0.078312 -0.00826709 32.4 0.0154313 5.55253e-05 0.22903 0.634559 0.228984 0.000632029 1.0000 0 0 0 0   0 0 0
93 1 2 0 19 3.11957e-07 0.00596005 -0.0386436 32.4 -0.0128731 -0.0108039 0.193966 -0.0478229 0.472726 0.00285824 1.0000 0 0 0 0   0 0 0
94 1 2 0 19 3.1188e-07 -0.00182354 -0.00053628 32.4 0.0059172 0.00731847 0.19014 0.0145877 0.166254 4.10621e-05 1.0000 0 0 0 0   0 0 0
95 1 2 0 19 3.11917e-07 0.0039207 -0.044394 32.4 -0.0137842 -0.014908 0.186913 -0.0314892 0.519422 0.00324662 1.0000 0 0 0 0   0 0 0
96 1 2 0 19 3.11998e-07 0.00826619 -0.0204419 32.4 -0.0376497 -0.020755 0.172917 -0.0661825 0.325824 0.0015503 1.0000 0 0 0 0   0 0 0
97 1 2 0 19 3.11891e-07 0.0105484 -0.00619656 32.4 -0.00316485 0.0108451 0.183307 -0.0843836 0.211552 0.000474063 1.0000 0 0 0 0   0 0 0
98 1 2 0 19 3.11787e-07 0.0241484 -0.0377737 32.4 -0.0299119 -0.00552342 0.187669 -0.193957 0.466016 0.0027982 1.0000 0 0 0 0   0 0 0
99 1 2 0 19 3.11577e-07 0.00827086 -0.031115 32.4 -0.0169993 -0.00675743 0.184746 -0.0662773 0.411748 0.00232987 1.0000 0 0 0 0   0 0 0
100 1 2 0 19 3.11853e-07 0.0177471 -0.0328908 32.4 -0.0158082 -0.00129959 0.191418 -0.14235 0.426283 0.00245634 1.0000 0 0 0 0   0 0 0
101 1 2 0 19 3.11724e-07 0.0100803 0.00025299 32.4 -0.0221898 0.0160336 0.175914 -0.0806388 0.15994 -1.93713e-05 1.0000 0 0 0 0   0 0 0
102 1 2 0 19 3.11905e-07 0.0102726 -0.00717155 32.4 -0.014464 0.0105258 0.193113 -0.0821777 0.219358 0.000548491 1.0000 0 0 0 0   0 0 0
104 1 2 0 19 3.11329e-07 -0.00311502 -0.0224394 32.4 0.0175261 0.00232525 0.208473 0.0249419 0.34187 0.00169844 1.0000 0 0 0 0   0 0 0
105 1 2 0 19 3.1138e-07 -0.0291952 -0.0275384 32.4 0.00873165 -0.0223084 0.215148 0.234307 0.383326 0.00207211 1.0000 0 0 0 0   0 0 0
106 1 2 0 19 3.11572e-07 -0.0169203 -0.0247706 32.4 0.0031017 -0.00597398 0.247281 0.13557 0.360717 0.00187019 1.0000 0 0 0 0   0 0 0
108 1 2 0 19 3.11675e-07 0.00990222 -0.0143451 32.4 0.00303499 -0.00849323 0.259394 -0.0792235 0.276829 0.00109324 1.0000 0 0 0 0   0 0 0
109 1 2 0 19 3.11405e-07 -0.00789557 -0.014594 32.4 -0.0644846 -0.000925713 0.227689 0.0631619 0.27881 0.00111203 1.0000 0 0 0 0   0 0 0
110 1 2 0 19 3.11726e-07 -0.0545216 -0.019241 32.4 0.000922155 -0.0146381 0.271655 0.439164 0.317119 0.00146091 1.0000 0 0 0 0   0 0 0
111 1 2 0 19 3.11552e-07 -0.0465957 -0.0126419 32.4 -0.00546244 -0.0152799 0.261389 0.374431 0.263626 0.000964464 1.0000 0 0 0 0   0 0 0
114 1 2 0 19 3.14767e-07 0.0957824 0.107255 32.4 0.0326271 0.0428569 0.125385 -0.800113 -0.729163 -0.00610118 1.0000 0 0 0 0   0 0 0
115 1 2 0 19 3.11352e-07 0.00153764 0.00327141 32.4 -0.00581906 -0.00681446 0.189976 -0.0123006 0.135799 -0.000250435 1.0000 0 0 0 0   0 0 0
116 1 2 0 19 3.11681e-07 -0.024066 -0.046106 32.4 0.0138505 0.0433678 0.263094 0.193531 0.533709 0.00335948 1.0000 0 0 0 0   0 0 0
117 1 2 0 19 3.11736e-07 -0.030914 0.0205831 32.4 -0.020294 0.0145334 0.203378 0.24795 -0.00292844 -0.00156082 1.0000 0 0 0 0   0 0 0
118 1 2 0 19 3.12265e-07 0.0092131 0.0196422 32.4 -0.0127425 -0.0363212 0.237074 -0.0737606 0.00488716 -0.00149077 1.0000 0 0 0 0   0 0 0
119 1 2 0 19 3.11414e-07 -0.0168169 0.0130544 32.4 -0.00546884 -0.00546925 0.234949 0.13463 0.0575345 -0.000995711 1.0000 0 0 0 0   0 0 0
121 1 2 0 19 3.11471e-07 -0.0252782 -0.088785 32.4 -0.00297032 0.0190121 0.25249 0.205842 0.888375 0.00558971 1.0000 0 0 0 0   0 0 0
122 1 2 0 19 3.11409e-07 -0.0157876 0.00587175 32.4 0.0106373 0.00394353 0.223245 0.126295 0.115008 -0.000449269 1.0000 0 0 0 0   0 0 0
123 1 2 0 19 3.13872e-07 0.0474077 0.029684 32.4 0.0380915 0.0266998 0.143969 -0.381675 -0.0766097 -0.00222718 1.0000 0 0 0 0   0 0 0
126 1 2 0 19 3.11548e-07 0.0004613 0.00424713 32.4 -0.00471689 -0.0381111 0.239134 -0.00369025 0.127996 -0.000325076 1.0000 0 0 0 0   0 0 0
127 1 2 0 19 3.11471e-07 -0.0219643 -0.0178384 32.4 0.0111282 0.00507149 0.235503 0.175962 0.30502 0.00135597 1.0000 0 0 0 0   0 0 0
128 1 2 0 19 3.11953e-07 -0.0110981 -0.0167754 32.4 -0.00777061 0.00395523 0.261299 0.0888328 0.29637 0.00127626 1.0000 0 0 0 0   0 0 0
129 1 2 0 19 3.11558e-07 0.00721059 -0.00329657 32.4 0.00556841 0.0101112 0.246248 -0.0576823 0.18834 0.00025236 1.0000 0 0 0 0   0 0 0
130 1 2 0 19 3.13018e-07 -0.0252736 -0.00330065 32.4 0.0329021 0.00772829 0.19508 0.202426 0.188405 0.000252673 1.0000 0 0 0 0   0 0 0
131 1 2 0 19 3.11469e-07 0.00174437 -0.0153271 32.4 0.00789159 -0.00726238 0.248938 -0.0139543 0.284685 0.00116737 1.0000 0 0 0 0   0 0 0
133 1 2 0 19 3.11849e-07 0.0208821 -0.0222738 32.4 0.00194258 -0.013401 0.181446 -0.167319 0.340664 0.00168619 1.0000 0 0 0 0   0 0 0
134 1 2 0 19 3.11268e-07 -0.0280648 -0.00428874 32.4 -0.023131 0.00707254 0.205046 0.224836 0.196331 0.000328257 1.0000 0 0 0 0   0 0 0
135 1 2 0 19 3.11903e-07 0.0115619 -0.00770061 32.4 -0.00705318 0.0217118 0.171945 -0.0924916 0.223593 0.000588874 1.0000 0 0 0 0   0 0 0
136 1 2 0 19 3.11711e-07 -0.000431643 -0.0209341 32.4 -0.00113147 -0.0138248 0.173208 0.00345541 0.32975 0.00158695 1.0000 0 0 0 0   0 0 0
137 1 2 0 19 3.1141e-07 0.00255655 0.00329454 32.4 0.0130954 0.00402458 0.188209 -0.0204516 0.135614 -0.000252205 1.0000 0 0 0 0   0 0 0
138 1 2 0 19 3.11215e-07 -0.0373241 -0.00855041 32.4 -0.00774599 0.0157926 0.210891 0.299436 0.230594 0.000653613 1.0000 0 0 0 0   0 0 0
139 1 2 0 19 3.11507e-07 -0.0183201 -0.0163459 32.4 0.0138273 -0.00949125 0.183148 0.146719 0.292997 0.00124396 1.0000 0 0 0 0   0 0 0
140 1 2 0 19 3.11795e-07 0.0228949 -0.00679078 32.4 -0.00544953 0.0125287 0.172375 -0.183345 0.216367 0.000519424 1.0000 0 0 0 0   0 0 0
141 1 2 0 19 3.11483e-07 0.00225864 -0.0091625 32.4 0.011076 0.00304557 0.182379 -0.0180684 0.2353 0.000700243 1.0000 0 0 0 0   0 0 0
142 1 2 0 19 3.11534e-07 0.0260781 -0.0957422 32.4 -0.0256237 0.0362375 0.280996 -0.21289 0.947496 0.00582014 1.0000 0 0 0 0   0 0 0
143 1 2 0 19 3.11643e-07 -0.0102598 0.000545358 32.4 -0.00469056 -0.000887558 0.172169 0.0820752 0.157601 -4.17575e-05 1.0000 0 0 0 0   0 0 0
144 1 2 0 19 3.11931e-07 0.000931084 0.00883096 32.4 -0.0133197 -0.00796486 0.196499 -0.00744836 0.0913555 -0.000674987 1.0000 0 0 0 0   0 0 0
145 1 2 0 19 3.11875e-07 -0.00201232 -0.0187103 32.4 -0.0146908 0.0151612 0.187289 0.0161038 0.311859 0.00142122 1.0000 0 0 0 0   0 0 0
146 1 2 0 19 3.12019e-07 0.00551175 -0.0138244 32.4 -0.00700267 -0.00371176 0.18512 -0.0440921 0.272644 0.00105394 1.0000 0 0 0 0   0 0 0
147 1 2 0 19 3.1196e-07 -0.0225956 -0.0159998 32.4 -0.00878932 0.00745926 0.19379 0.181011 0.290256 0.00121795 1.0000 0 0 0 0   0 0 0
148 1 2 0 19 3.11984e-07 -0.0224008 -0.0034063 32.4 0.013691 -0.0128884 0.193258 0.179363 0.189243 0.000260758 1.0000 0 0 0 0   0 0 0
149 1 2 0 19 3.11907e-07 -0.00510496 0.0103779 32.4 -0.0101922 0.00905961 0.18666 0.040838 0.0789946 -0.000792683 1.0000 0 0 0 0   0 0 0
150 1 2 0 19 3.11894e-07 -0.00440811 -0.00436612 32.4 0.00402451 0.0115408 0.18335 0.0352633 0.1969 0.000334172 1.0000 0 0 0 0   0 0 0
151 1 2 0 19 3.11837e-07 -0.00870115 0.0121826 32.4 -0.00464872 0.00310406 0.191962 0.0696063 0.0645761 -0.000929669 1.0000 0 0 0 0   0 0 0
152 1 2 0 19 3.11878e-07 -0.0166774 0.00390754 32.4 0.00383355 0.00559278 0.191908 0.13342 0.13071 -0.000299113 1.0000 0 0 0 0   0 0 0
153 1 2 0 19 3.114e-07 0.0135948 -0.0170775 32.4 -0.00650753 -0.0104007 0.208167 -0.108842 0.298825 0.00129897 1.0000 0 0 0 0   0 0 0
155 1 2 0 19 3.12633e-07 -0.0130131 -0.0107396 32.4 -0.00440188 -0.02208 0.223856 0.104101 0.247931 0.000820167 1.0000 0 0 0 0   0 0 0
156 1 2 0 19 3.11365e-07 0.00293075 0.0034023 32.4 0.00975923 -0.00879484 0.190546 -0.023445 0.134752 -0.000260452 1.0000 0 0 0 0   0 0 0
158 1 2 0 19 3.11383e-07 -0.000810255 -0.00591332 32.4 -0.0118001 0.00738909 0.226056 0.00648176 0.209284 0.000452442 1.0000 0 0 0 0   0 0 0
159 1 2 0 19 3.11375e-07 -0.00766863 -0.000342514 32.4 -0.0114259 0.00402638 0.219673 0.0613464 0.164704 2.62257e-05 1.0000 0 0 0 0   0 0 0
160 1 2 0 19 3.11827e-07 0.0249245 -0.00135641 32.4 -0.0029448 0.00126426 0.262654 -0.19962 0.172828 0.000103858 1.0000 0 0 0 0   0 0 0
161 1 2 0 19 3.1142e-07 -0.00385816 -0.000168511 32.4 -0.00530521 0.00111044 0.22944 0.030864 0.163312 1.29025e-05 1.0000 0 0 0 0   0 0 0
162 1 2 0 19 3.11448e-07 -0.0250916 0.00468801 32.4 0.000807666 -0.000537092 0.216749 0.200969 0.124426 -0.000358782 1.0000 0 0 0 0   0 0 0
163 1 2 0 19 3.11923e-07 0.00600723 -0.027664 32.4 -0.00441782 0.00975665 0.176616 -0.0481256 0.383943 0.00208122 1.0000 0 0 0 0   0 0 0
164 1 2 0 19 3.11906e-07 0.00463771 -0.0237559 32.4 -0.00959478 -0.0125641 0.173031 -0.0371405 0.352473 0.00179555 1.0000 0 0 0 0   0 0 0
167 1 2 0 19 3.11288e-07 0.0264275 -0.0144086 32.4 0.00658527 -0.0109666 0.187868 -0.211745 0.277507 0.00109803 1.0000 0 0 0 0   0 0 0
168 1 2 0 19 3.11939e-07 0.00202316 -0.00814647 32.4 -0.0140301 0.013181 0.170299 -0.0161846 0.227164 0.00062284 1.0000 0 0 0 0   0 0 0
169 1 2 0 19 3.11863e-07 0.00556862 -0.0070263 32.4 0.00293305 0.0090975 0.169536 -0.044547 0.218195 0.000537403 1.0000 0 0 0 0   0 0 0
170 1 2 0 19 3.11785e-07 -0.0129512 -0.0165014 32.4 0.014479 -0.00954189 0.173006 0.103678 0.294189 0.00125566 1.0000 0 0 0 0   0 0 0
171 1 2 0 19 3.11946e-07 0.00201478 -0.00843268 32.4 0.0133344 -0.00813485 0.179985 -0.0161175 0.229456 0.000644644 1.0000 0 0 0 0   0 0 0
172 1 2 0 19 3.11652e-07 -0.0204946 -0.0128053 32.4 -0.000237134 -0.0101362 0.169624 0.164128 0.26459 0.000976843 1.0000 0 0 0 0   0 0 0
174 1 2 0 19 3.1143e-07 -0.0406056 0.00569727 32.4 -0.00336413 -0.00740032 0.235904 0.325933 0.116248 -0.000435943 1.0000 0 0 0 0   0 0 0
179 1 2 0 19 3.11461e-07 -0.0268335 -0.0052724 32.4 -0.00563747 -0.0200733 0.245573 0.214954 0.204212 0.00040346 1.0000 0 0 0 0   0 0 0
180 1 2 0 19 3.11305e-07 0.0555549 -0.0499647 32.4 0.00284656 -0.019052 0.26063 -0.449599 0.567464 0.00360841 1.0000 0 0 0 0   0 0 0
181 1 2 0 19 3.11559e-07 0.0138881 -0.0151508 32.4 -0.00838196 0.00101646 0.169365 -0.111171 0.28335 0.00115406 1.0000 0 0 0 0   0 0 0
182 1 2 0 19 3.11232e-07 -0.0135353 -0.023421 32.4 -0.0120548 0.0213355 0.204411 0.108424 0.349832 0.00177092 1.0000 0 0 0 0   0 0 0
183 1 2 0 19 3.11925e-07 -0.0084392 0.00415894 32.4 -0.0167867 -0.00888919 0.187894 0.0675108 0.128702 -0.000318333 1.0000 0 0 0 0   0 0 0
184 1 2 0 19 3.11299e-07 -0.0243048 -0.0259055 32.4 -0.00248702 -0.00338721 0.187237 0.194867 0.369977 0.00195319 1.0000 0 0 0 0   0 0 0
185 1 2 0 19 3.11798e-07 0.00713925 -0.00799016 32.4 -0.0215918 0.0116562 0.174 -0.0571116 0.225912 0.000610932 1.0000 0 0 0 0   0 0 0
186 1 2 0 19 3.11457e-07 0.0224311 -0.0203778 32.4 0.000639896 -0.0203919 0.179126 -0.179727 0.325432 0.00154553 1.0000 0 0 0 0   0 0 0
187 1 2 0 19 3.11873e-07 0.00713044 -0.0135332 32.4 -0.0145063 -0.00777543 0.173639 -0.0570411 0.27031 0.00103196 1.0000 0 0 0 0   0 0 0
188 1 2 0 19 3.11425e-07 -0.0320677 -0.00296744 32.4 0.00650341 0.0152215 0.181064 0.25697 0.185747 0.000227172 1.0000 0 0 0 0   0 0 0
189 1 2 0 19 3.11757e-07 0.000552324 -0.00866345 32.4 -0.0148289 -0.00225381 0.167568 -0.0044184 0.231303 0.000662224 1.0000 0 0 0 0   0 0 0
192 1 2 0 19 3.11465e-07 0.00279234 -0.0233667 32.4 0.0155422 -0.00549645 0.180472 -0.0223605 0.349333 0.00176692 1.0000 0 0 0 0   0 0 0
193 1 2 0 19 3.11494e-07 -0.0284501 -0.0436517 32.4 0.00827638 -0.00264363 0.188212 0.228793 0.513883 0.00319725 1.0000 0 0 0 0   0 0 0
194 1 2 0 19 3.1189e-07 0.0209793 -0.0131606 32.4 -0.01362 -0.00035009 0.175233 -0.168019 0.267446 0.00100376 1.0000 0 0 0 0   0 0 0
195 1 2 0 19 3.11311e-07 -0.0433918 -0.00590567 32.4 0.00866111 -0.000158611 0.241586 0.348461 0.209406 0.000451858 1.0000 0 0 0 0   0 0 0
196 1 2 0 19 3.11439e-07 -0.0134309 -0.0315361 32.4 0.0150891 0.000183917 0.190677 0.107651 0.415191 0.0023599 1.0000 0 0 0 0   0 0 0
197 1 2 0 19 3.11376e-07 -0.0390769 -0.0137025 32.4 -0.0184173 0.0108304 0.185967 0.313685 0.272046 0.00104474 1.0000 0 0 0 0   0 0 0
199 1 2 0 19 3.11421e-07 -0.0162726 -0.0292525 32.4 -0.0112111 0.0153974 0.177802 0.130407 0.396788 0.00219614 1.0000 0 0 0 0   0 0 0
200 1 2 0 19 3.11941e-07 0.0140284 0.00424557 32.4 8.0373e-06 -0.0139401 0.182395 -0.112222 0.128009 -0.000324956 1.0000 0 0 0 0   0 0 0
0 1 2 0 20 3.18551e-07 -0.00641636 -0.0113534 34.2 0 0 0.204 0 0 0 1.0000 0 0 0 0   0 0 0
1 1 2 0 20 3.18857e-07 -0.0294626 -0.0135328 34.2 0.0212305 -0.00975181 0.197234 0.236098 0.270493 0.00103192 1.0000 0 0 0 0   0 0 0
2 1 2 0 20 3.18757e-07 -0.0131546 -0.0278179 34.2 -0.0144672 -0.00739375 0.20138 0.105403 0.385218 0.00209238 1.0000 0 0 0 0   0 0 0
3 1 2 0 20 3.18786e-07 0.00237895 -0.0174362 34.2 0.0249444 -0.00538158 0.198486 -0.0190336 0.301609 0.00132588 1.0000 0 0 0 0   0 0 0
4 1 2 0 20 3.18785e-07 -0.00165791 -0.00772431 34.2 0.0197593 0.00560722 0.208468 0.0132627 0.223783 0.000590679 1.0000 0 0 0 0   0 0 0
5 1 2 0 20 3.18848e-07 -0.00615738 -0.00588206 34.2 0.0217605 -0.0141538 0.206289 0.049257 0.209034 0.000450056 1.0000 0 0 0 0   0 0 0
6 1 2 0 20 3.18849e-07 0.0082336 -0.00727603 34.2 -0.0113092 -0.00724526 0.2002 -0.065866 0.220194 0.000556466 1.0000 0 0 0 0   0 0 0
7 1 2 0 20 3.18674e-07 -0.0295515 0.00578407 34.2 0.0236141 -0.0165846 0.197594 0.236776 0.115635 -0.000442576 1.0000 0 0 0 0   0 0 0
8 1 2 0 20 3.18686e-07 0.0035418 -0.0184268 34.2 0.00173497 0.0069408 0.201934 -0.0283435 0.309584 0.00140001 1.0000 0 0 0 0   0 0 0
9 1 2 0 20 3.19141e-07 0.0102968 -0.00439191 34.2 0.0193222 -0.0125401 0.197877 -0.0823711 0.197107 0.000336144 1.0000 0 0 0 0   0 0 0
10 1 2 0 20 3.18781e-07 0.00558331 -0.00385233 34.2 0.0260451 -0.0418623 0.202034 -0.0446646 0.192788 0.000294892 1.0000 0 0 0 0   0 0 0
11 1 2 0 20 3.18555e-07 0.00568159 0.0736996 34.2 0.00980583 -0.0198822 0.21651 -0.0459683 -0.431902 -0.00494835 1.0000 0 0 0 0   0 0 0
12 1 2 0 20 3.18215e-07 0.00498437 -0.0513875 34.2 0.00423779 0.00396493 0.185215 -0.0400779 0.576362 0.00369815 1.0000 0 0 0 0   0 0 0
14 1 2 0 20 3.18572e-07 0.023757 -0.0042921 34.2 0.00736478 0.0270263 0.178805 -0.190254 0.196345 0.000328513 1.0000 0 0 0 0   0 0 0
15 1 2 0 20 3.18656e-07 0.0257953 -0.0415088 34.2 -0.0419554 0.00533234 0.178004 -0.2073 0.496337 0.00305345 1.0000 0 0 0 0   0 0 0
16 1 2 0 20 3.1861e-07 0.0139068 -0.02806 34.2 -0.0124955 0.0283912 0.173979 -0.111434 0.387172 0.00210994 1.0000 0 0 0 0   0 0 0
17 1 2 0 20 3.18202e-07 0.0202059 -0.012224 34.2 0.0246774 -0.0281183 0.184373 -0.161806 0.259922 0.000932803 1.0000 0 0 0 0   0 0 0
18 1 2 0 20 3.18818e-07 0.0214939 -0.0149886 34.2 -0.0144592 -0.00716669 0.182168 -0.172164 0.282126 0.00114182 1.0000 0 0 0 0   0 0 0
19 1 2 0 20 3.18658e-07 0.0113899 -0.00503869 34.2 -0.0022963 0.00602787 0.19299 -0.0911151 0.202283 0.000385592 1.0000 0 0 0 0   0 0 0
20 1 2 0 20 3.18516e-07 -0.00658151 0.0231443 34.2 -0.0217252 -0.0163925 0.202375 0.0527064 -0.0231325 -0.00175057 1.0000 0 0 0 0   0 0 0
21 1 2 0 20 3.18556e-07 0.0372205 -0.00693849 34.2 -0.00343394 -0.0263438 0.215699 -0.298578 0.217646 0.0005307 1.0000 0 0 0 0   0 0 0
22 1 2 0 20 3.18657e-07 -0.0072258 -0.0125567 34.2 0.000187904 0.00597152 0.20399 0.057804 0.262486 0.000958004 1.0000 0 0 0 0   0 0 0
23 1 2 0 20 3.18709e-07 -0.0283196 0.00138415 34.2 -0.0147973 0.0112743 0.213596 0.226877 0.150876 -0.000105983 1.0000 0 0 0 0   0 0 0
24 1 2 0 20 3.18727e-07 -0.0136432 -0.0240911 34.2 -0.0111002 -0.0122972 0.206708 0.109294 0.355225 0.00182021 1.0000 0 0 0 0   0 0 0
25 1 2 0 20 3.18551e-07 -0.010641 0.00561133 34.2 0.0167859 0.00657389 0.19748 0.0851244 0.117089 -0.000429373 1.0000 0 0 0 0   0 0 0
26 1 2 0 20 3.18679e-07 0.0429591 0.0278795 34.2 -0.00494396 0.0153936 0.231689 -0.345375 -0.0618159 -0.00209685 1.0000 0 0 0 0   0 0 0
27 1 2 0 20 3.18604e-07 0.00482451 -0.0318991 34.2 -0.00866287 -0.00491863 0.183003 -0.0386606 0.418055 0.00238579 1.0000 0 0 0 0   0 0 0
28 1 2 0 20 3.18607e-07 0.00437362 0.0010829 34.2 -0.0207777 -0.0302037 0.168606 -0.0349875 0.153302 -8.29162e-05 1.0000 0 0 0 0   0 0 0
29 1 2 0 20 3.18602e-07 0.0125773 0.0105149 34.2 -0.00974288 0.0257614 0.171779 -0.100615 0.0778999 -0.000803094 1.0000 0 0 0 0   0 0 0
31 1 2 0 20 3.18613e-07 0.00309446 0.00325688 34.2 -0.03872 0.0228287 0.164844 -0.0247546 0.135915 -0.000249324 1.0000 0 0 0 0   0 0 0
32 1 2 0 20 3.18658e-07 0.013051 -0.0159349 34.2 -0.0158586 -0.0385473 0.16424 -0.104472 0.289639 0.00121307 1.0000 0 0 0 0   0 0 0
33 1 2 0 20 3.18901e-07 0.0176594 -0.028403 34.2 -0.00882469 -0.0004609 0.179888 -0.141521 0.389958 0.00213481 1.0000 0 0 0 0   0 0 0
34 1 2 0 20 3.18118e-07 -0.0473048 0.0149435 34.2 0.0625541 -0.0222014 0.217938 0.380193 0.0419655 -0.00113841 1.0000 0 0 0 0   0 0 0
36 1 2 0 20 3.18992e-07 0.0257421 -0.0312406 34.2 -0.0187389 0.0064068 0.182779 -0.206607 0.413155 0.00233883 1.0000 0 0 0 0   0 0 0
37 1 2 0 20 3.184e-07 0.0325362 -0.0647823 34.2 0.014432 0.000422724 0.197556 -0.263116 0.687739 0.00448749 1.0000 0 0 0 0   0 0 0
38 1 2 0 20 3.18553e-07 -0.0236381 -0.0239392 34.2 -0.0181691 -0.00405345 0.195972 0.189435 0.354079 0.00180903 1.0000 0 0 0 0   0 0 0
40 1 2 0 20 3.1846e-07 -0.000232533 -0.0288148 34.2 -0.00985578 -0.00599115 0.205041 0.00186295 0.393201 0.00216465 1.0000 0 0 0 0   0 0 0
41 1 2 0 20 3.18543e-07 -0.0212138 0.0131095 34.2 -0.0097794 -0.000203634 0.184898 0.169901 0.0570504 -0.000999884 1.0000 0 0 0 0   0 0 0
42 1 2 0 20 3.18614e-07 -0.0284964 0.00314458 34.2 -0.0218224 -0.00421398 0.19905 0.228299 0.136776 -0.000240729 1.0000 0 0 0 0   0 0 0
44 1 2 0 20 3.1831e-07 0.00524204 -0.00652735 34.2 -0.0203309 -0.00942488 0.183809 -0.0419345 0.2142 0.000499315 1.0000 0 0 0 0   0 0 0
45 1 2 0 20 3.18278e-07 -0.0424062 0.0183368 34.2 0.0531579 -0.0636175 0.236319 0.340669 0.0148126 -0.00139327 1.0000 0 0 0 0   0 0 0
46 1 2 0 20 3.18138e-07 -0.00567335 -0.0212197 34.2 0.00402315 0.0137754 0.184961 0.0454227 0.332065 0.00160816 1.0000 0 0 0 0   0 0 0
48 1 2 0 20 3.18315e-07 0.0256613 -0.0487501 34.2 -0.00285532 0.00245424 0.203792 -0.206548 0.555443 0.00353066 1.0000 0 0 0 0   0 0 0
49 1 2 0 20 3.18165e-07 0.0185872 -0.00295572 34.2 0.00429379 0.00476632 0.197034 -0.148746 0.185621 0.000226275 1.0000 0 0 0 0   0 0 0
50 1 2 0 20 3.18444e-07 -0.119901 -0.0189864 34.2 0.026742 -0.00268992 0.295687 0.989025 0.318744 0.00144188 1.0000 0 0 0 0   0 0 0
51 1 2 0 20 3.18075e-07 -0.00123048 -0.0401089 34.2 -0.0254343 0.0467926 0.206684 0.00987524 0.484599 0.00295856 1.0000 0 0 0 0   0 0 0
52 1 2 0 20 3.186e-07 0.0200511 -0.00543285 34.2 -0.0152461 0.00377873 0.159862 -0.16051 0.205468 0.000415727 1.0000 0 0 0 0   0 0 0
53 1 2 0 20 3.18567e-07 -0.00984541 -0.0183615 34.2 -0.0204779 0.0164964 0.1959 0.0788137 0.309107 0.00139512 1.0000 0 0 0 0   0 0 0
54 1 2 0 20 3.18551e-07 -0.00467721 -0.00306764 34.2 -0.0109139 0.0229413 0.190566 0.0374161 0.186508 0.00023484 1.0000 0 0 0 0   0 0 0
55 1 2 0 20 3.1855e-07 0.0114656 -0.0140625 34.2 -0.0056301 0.00296275 0.182301 -0.0917442 0.274579 0.00107191 1.0000 0 0 0 0   0 0 0
56 1 2 0 20 3.18622e-07 -0.0105503 -0.0267032 34.2 -0.004123 0.0144761 0.194572 0.084524 0.376228 0.00201146 1.0000 0 0 0 0   0 0 0
57 1 2 0 20 3.18538e-07 -0.0509163 -0.0357334 34.2 -0.0226872 -0.00633086 0.203783 0.410549 0.45068 0.00265639 1.0000 0 0 0 0   0 0 0
58 1 2 0 20 3.18494e-07 -0.00634915 -0.0279769 34.2 -0.00657565 0.00555543 0.177527 0.0508662 0.386464 0.00210391 1.0000 0 0 0 0   0 0 0
59 1 2 0 20 3.18725e-07 -0.00940453 -0.0081081 34.2 -0.00900612 0.00181021 0.201813 0.075233 0.226856 0.000619917 1.0000 0 0 0 0   0 0 0
60 1 2 0 20 3.1857e-07 -0.00859586 -0.00706372 34.2 -0.0081957 0.0095172 0.195624 0.068764 0.218494 0.00054026 1.0000 0 0 0 0   0 0 0
61 1 2 0 20 3.1871e-07 -0.00830487 0.00795883 34.2 0.00762313 0.00509618 0.192406 0.0664362 0.0983253 -0.000608546 1.0000 0 0 0 0   0 0 0
62 1 2 0 20 3.18554e-07 0.00408565 -0.0133196 34.2 -0.00718806 0.00555024 0.175799 -0.0326838 0.268599 0.0010158 1.0000 0 0 0 0   0 0 0
63 1 2 0 20 3.18588e-07 -0.0146696 -0.0197087 34.2 0.00168247 0.0101829 0.180212 0.117484 0.319985 0.00149572 1.0000 0 0 0 0   0 0 0
64 1 2 0 20 3.18029e-07 -0.0448761 -0.0135545 34.2 0.0136753 -0.00465112 0.215326 0.360545 0.270949 0.00103356 1.0000 0 0 0 0   0 0 0
66 1 2 0 20 3.18215e-07 -0.0141265 -0.0219061 34.2 0.00711836 0.00846195 0.188779 0.11315 0.33765 0.00165897 1.0000 0 0 0 0   0 0 0
67 1 2 0 20 3.18195e-07 -0.0147489 -0.0139904 34.2 0.0081297 0.0188963 0.188873 0.118058 0.274042 0.00106647 1.0000 0 0 0 0   0 0 0
68 1 2 0 20 3.18307e-07 -0.0188665 -0.042715 34.2 -0.0286496 -0.0140118 0.18664 0.151574 0.505977 0.00313465 1.0000 0 0 0 0   0 0 0
69 1 2 0 20 3.18364e-07 -0.00486041 -0.00703648 34.2 0.0096377 0.0567584 0.217808 0.0388816 0.218276 0.00053818 1.0000 0 0 0 0   0 0 0
70 1 2 0 20 3.18216e-07 -0.00310676 -0.0161253 34.2 -0.00464135 -0.033449 0.218863 0.024853 0.291082 0.00122739 1.0000 0 0 0 0   0 0 0
72 1 2 0 20 3.18402e-07 -0.0461512 -0.0325657 34.2 -0.00271022 0.0139485 0.187598 0.371613 0.424677 0.00243333 1.0000 0 0 0 0   0 0 0
73 1 2 0 20 3.1819e-07 0.0507858 0.0621303 34.2 -0.0465675 -0.0360844 0.265394 -0.411692 -0.339948 -0.00433987 1.0000 0 0 0 0   0 0 0
74 1 2 0 20 3.18691e-07 -0.0147515 -0.00216457 34.2 0.00362248 -0.00476343 0.206697 0.118007 0.179282 0.000165728 1.0000 0 0 0 0   0 0 0
75 1 2 0 20 3.18723e-07 0.0053529 -0.0155041 34.2 -0.0153847 0.00765839 0.186655 -0.0428214 0.286104 0.00118069 1.0000 0 0 0 0   0 0 0
76 1 2 0 20 3.18591e-07 0.00221002 -0.0220312 34.2 0.00222619 -0.0108357 0.180949 -0.0176946 0.338583 0.00166823 1.0000 0 0 0 0   0 0 0
77 1 2 0 20 3.18802e-07 -0.0242052 -0.0194315 34.2 0.00485277 -0.00830942 0.200453 0.193951 0.31784 0.00147509 1.0000 0 0 0 0   0 0 0
78 1 2 0 20 3.18817e-07 -0.0081707 -0.0102831 34.2 0.0129549 0.00859078 0.198973 0.0653628 0.244274 0.00078548 1.0000 0 0 0 0   0 0 0
79 1 2 0 20 3.18757e-07 0.0113338 -0.00364752 34.2 -0.000305964 0.010899 0.194138 -0.0906664 0.191149 0.000279219 1.0000 0 0 0 0   0 0 0
80 1 2 0 20 3.18735e-07 0.00269637 -0.0035144 34.2 -0.00144826 -0.00554693 0.182707 -0.02157 0.190083 0.000269031 1.0000 0 0 0 0   0 0 0
81 1 2 0 20 3.18817e-07 0.00495245 -0.0241692 34.2 0.020095 0.000167432 0.197379 -0.0396629 0.355801 0.00182595 1.0000 0 0 0 0   0 0 0
82 1 2 0 20 3.18694e-07 -0.0154694 0.00127508 34.2 -0.0102708 -0.00976203 0.201176 0.12375 0.151764 -9.76311e-05 1.0000 0 0 0 0   0 0 0
83 1 2 0 20 3.18746e-07 -0.00375863 -0.0154822 34.2 0.00459933 -0.00352714 0.192535 0.0300678 0.285928 0.00117904 1.0000 0 0 0 0   0 0 0
84 1 2 0 20 3.18316e-07 -0.0177372 0.0106155 34.2 -0.0165413 0.00806979 0.180674 0.141986 0.0770403 -0.000810736 1.0000 0 0 0 0   0 0 0
85 1 2 0 20 3.18662e-07 -0.0124624 0.00495137 34.2 0.00243773 -0.0108783 0.199584 0.0996952 0.122366 -0.000378916 1.0000 0 0 0 0   0 0 0
86 1 2 0 20 3.18572e-07 -0.0135523 -0.0184115 34.2 0.00294504 -0.00241476 0.183961 0.108515 0.309546 0.00139886 1.0000 0 0 0 0   0 0 0
87 1 2 0 20 3.1852e-07 -0.0135598 -0.023868 34.2 -0.0270302 0.00650612 0.199188 0.108624 0.35343 0.0018038 1.0000 0 0 0 0   0 0 0
88 1 2 0 20 3.18609e-07 -0.00740874 -0.00781351 34.2 -0.0291893 0.0039637 0.197506 0.0592674 0.224497 0.000597474 1.0000 0 0 0 0   0 0 0
89 1 2 0 20 3.18676e-07 -0.0316892 -0.0128806 34.2 0.023157 0.00141783 0.209523 0.253989 0.265279 0.000982542 1.0000 0 0 0 0   0 0 0
90 1 2 0 20 3.18287e-07 0.0136017 0.0005147 34.2 0.0105547 0.0215152 0.187553 -0.108809 0.157846 -3.94101e-05 1.0000 0 0 0 0   0 0 0
91 1 2 0 20 3.18692e-07 0.00402597 0.00297958 34.2 0.00208505 -0.0092245 0.191744 -0.0322064 0.138132 -0.000228101 1.0000 0 0 0 0   0 0 0
92 1 2 0 20 3.18411e-07 0.0384726 -0.0115725 34.2 -0.0362382 0.00419791 0.220765 -0.308765 0.254902 0.000883449 1.0000 0 0 0 0   0 0 0
93 1 2 0 20 3.18836e-07 0.00550926 0.0160552 34.2 0.0055128 -0.0203235 0.20759 -0.0440731 0.0336451 -0.00122212 1.0000 0 0 0 0   0 0 0
94 1 2 0 20 3.18721e-07 -0.0137736 -0.0221651 34.2 -0.001116 0.00514085 0.199619 0.110324 0.339731 0.00167814 1.0000 0 0 0 0   0 0 0
95 1 2 0 20 3.18902e-07 0.0187149 0.019992 34.2 0.00201921 -0.0275287 0.200773 -0.149919 0.00199978 -0.00151682 1.0000 0 0 0 0   0 0 0
96 1 2 0 20 3.19219e-07 0.0474224 -0.00484656 34.2 -0.0176789 -0.0188612 0.192265 -0.381043 0.200917 0.000370903 1.0000 0 0 0 0   0 0 0
97 1 2 0 20 3.18805e-07 -0.00962914 -0.0278772 34.2 0.00753012 -0.00614316 0.192883 0.0771483 0.385676 0.00209668 1.0000 0 0 0 0   0 0 0
98 1 2 0 20 3.18793e-07 0.0228526 0.00325728 34.2 0.0179019 -0.0266254 0.19755 -0.182989 0.135886 -0.000249354 1.0000 0 0 0 0   0 0 0
99 1 2 0 20 3.18604e-07 0.0211223 -0.00390355 34.2 0.0046047 -0.0179175 0.184039 -0.169101 0.193222 0.000298807 1.0000 0 0 0 0   0 0 0
100 1 2 0 20 3.18758e-07 0.00359316 0.00185171 34.2 0.0159726 -0.0180157 0.200699 -0.028744 0.147152 -0.000141783 1.0000 0 0 0 0   0 0 0
101 1 2 0 20 3.18787e-07 0.0230587 -0.032639 34.2 0.00550525 0.00662594 0.185196 -0.185052 0.424394 0.00243855 1.0000 0 0 0 0   0 0 0
102 1 2 0 20 3.18765e-07 0.00103942 -0.0253366 34.2 0.0126116 -0.00375232 0.203994 -0.00832503 0.365191 0.00191163 1.0000 0 0 0 0   0 0 0
104 1 2 0 20 3.18154e-07 -0.0263182 -0.00864743 34.2 -0.0106347 -0.00892687 0.182577 0.210832 0.231272 0.000661004 1.0000 0 0 0 0   0 0 0
105 1 2 0 20 3.18196e-07 -0.00339258 0.0229952 34.2 -0.0172118 0.00437869 0.189792 0.0271662 -0.0219256 -0.00173958 1.0000 0 0 0 0   0 0 0
106 1 2 0 20 3.18147e-07 -0.0149851 0.010191 34.2 -0.00211231 0.000506224 0.229659 0.119905 0.0804677 -0.00077848 1.0000 0 0 0 0   0 0 0
108 1 2 0 20 3.18194e-07 -0.0431419 -0.0106718 34.2 0.00010017 0.00513899 0.245685 0.346489 0.247727 0.00081502 1.0000 0 0 0 0   0 0 0
109 1 2 0 20 3.18305e-07 0.053782 -0.00561004 34.2 0.04239 -4.45666e-05 0.215975 -0.432767 0.20712 0.000429273 1.0000 0 0 0 0   0 0 0
110 1 2 0 20 3.18222e-07 0.018091 -0.00602989 34.2 0.000774091 0.0140892 0.260355 -0.144782 0.210238 0.00046134 1.0000 0 0 0 0   0 0 0
111 1 2 0 20 3.18106e-07 0.0183938 -0.00830247 34.2 -0.000958401 0.0170418 0.240425 -0.147231 0.228452 0.000634725 1.0000 0 0 0 0   0 0 0
115 1 2 0 20 3.18357e-07 0.00825204 0.00188475 34.2 0.000673164 0.0147182 0.169336 -0.0660135 0.146888 -0.000144313 1.0000 0 0 0 0   0 0 0
116 1 2 0 20 3.18243e-07 -0.00885246 0.0253169 34.2 -0.0110741 -0.0457958 0.252285 0.0709111 -0.0405347 -0.00191018 1.0000 0 0 0 0   0 0 0
117 1 2 0 20 3.1863e-07 0.0319393 -0.0489702 34.2 -0.00561376 0.00921077 0.206772 -0.257309 0.557575 0.00354476 1.0000 0 0 0 0   0 0 0
118 1 2 0 20 3.18923e-07 -0.0379758 -0.0341076 34.2 0.0186321 0.0371765 0.249547 0.305295 0.4367 0.00254233 1.0000 0 0 0 0   0 0 0
119 1 2 0 20 3.18093e-07 0.00194017 -0.026746 34.2 0.00359257 0.00566234 0.20925 -0.0155414 0.37654 0.00201459 1.0000 0 0 0 0   0 0 0
121 1 2 0 20 3.1816e-07 -0.00292604 0.0566088 34.2 0.00305987 -0.0394357 0.232337 0.0235619 -0.292422 -0.00401843 1.0000 0 0 0 0   0 0 0
122 1 2 0 20 3.18127e-07 -0.0109681 -0.0254495 34.2 -0.0112364 0.00399379 0.199198 0.0878641 0.366138 0.00191987 1.0000 0 0 0 0   0 0 0
126 1 2 0 20 3.18237e-07 -0.0193097 -0.00148938 34.2 0.00591087 0.0396867 0.220669 0.154543 0.173885 0.00011404 1.0000 0 0 0 0   0 0 0
127 1 2 0 20 3.18106e-07 -0.00968069 -0.00652567 34.2 -0.0117699 -0.00740451 0.213023 0.0774422 0.214187 0.000499187 1.0000 0 0 0 0   0 0 0
128 1 2 0 20 3.18452e-07 -0.0292931 -0.00335255 34.2 0.00808817 -0.000636223 0.261569 0.234696 0.188829 0.000256645 1.0000 0 0 0 0   0 0 0
129 1 2 0 20 3.18144e-07 -0.0346138 -0.0219517 34.2 -0.00105568 -0.0079196 0.225407 0.277837 0.338389 0.00166234 1.0000 0 0 0 0   0 0 0
130 1 2 0 20 3.19904e-07 -0.0257758 -0.0243031 34.2 -0.0254928 0.00244013 0.182481 0.206656 0.357088 0.0018358 1.0000 0 0 0 0   0 0 0
131 1 2 0 20 3.18045e-07 -0.0303751 -0.00548564 34.2 -0.00744187 0.00756761 0.225692 0.243386 0.205932 0.000419763 1.0000 0 0 0 0   0 0 0
133 1 2 0 20 3.18811e-07 -0.00937078 0.0103106 34.2 0.0112392 -0.0138069 0.193381 0.0749631 0.0795323 -0.000787568 1.0000 0 0 0 0   0 0 0
134 1 2 0 20 3.18236e-07 0.033611 -0.0125141 34.2 -0.00879249 0.00533462 0.180033 -0.269503 0.262379 0.00095478 1.0000 0 0 0 0   0 0 0
135 1 2 0 20 3.18943e-07 0.00445748 -0.0375425 34.2 0.00999442 0.00275233 0.186565 -0.035757 0.463772 0.00278219 1.0000 0 0 0 0   0 0 0
136 1 2 0 20 3.18763e-07 0.00687306 0.00272548 34.2 -0.00626459 -0.0160541 0.180619 -0.0549822 0.140164 -0.000208655 1.0000 0 0 0 0   0 0 0
137 1 2 0 20 3.184e-07 -0.0128986 -0.0114722 34.2 -0.00130031 0.0156135 0.170741 0.103192 0.253806 0.000875839 1.0000 0 0 0 0   0 0 0
138 1 2 0 20 3.18103e-07 0.0162162 -0.0241287 34.2 -0.0189716 -0.00717223 0.179613 -0.12992 0.355547 0.00182297 1.0000 0 0 0 0   0 0 0
139 1 2 0 20 3.18497e-07 -0.0129305 0.00377579 34.2 -0.0181381 -0.00352736 0.173717 0.10344 0.131765 -0.000289036 1.0000 0 0 0 0   0 0 0
140 1 2 0 20 3.1885e-07 0.00361683 -0.0262132 34.2 0.016275 0.000222376 0.180413 -0.0289711 0.372253 0.00197567 1.0000 0 0 0 0   0 0 0
141 1 2 0 20 3.1848e-07 -0.0118381 -0.0130961 34.2 0.000329836 0.00044926 0.17153 0.0947162 0.266824 0.000998867 1.0000 0 0 0 0   0 0 0
142 1 2 0 20 3.1818e-07 -0.0669358 0.073676 34.2 0.0341298 -0.0388989 0.271995 0.546491 -0.437138 -0.00494721 1.0000 0 0 0 0   0 0 0
143 1 2 0 20 3.18722e-07 0.00765674 -0.00914358 34.2 -0.0118601 0.00988185 0.174259 -0.0612513 0.235148 0.000698802 1.0000 0 0 0 0   0 0 0
144 1 2 0 20 3.18776e-07 0.00606709 -0.0140104 34.2 0.0122173 0.0124249 0.205835 -0.0485347 0.274134 0.00106798 1.0000 0 0 0 0   0 0 0
145 1 2 0 20 3.18773e-07 0.0112968 -0.0263285 34.2 0.00364949 -0.0108229 0.19863 -0.0905042 0.373217 0.00198409 1.0000 0 0 0 0   0 0 0
146 1 2 0 20 3.18895e-07 -0.00346701 -0.00573056 34.2 0.00549559 -0.00457246 0.201399 0.0277349 0.207821 0.000438488 1.0000 0 0 0 0   0 0 0
147 1 2 0 20 3.18796e-07 0.0134039 -0.0189529 34.2 -0.0103007 -0.00563111 0.206537 -0.107332 0.313897 0.00143937 1.0000 0 0 0 0   0 0 0
148 1 2 0 20 3.1879e-07 -0.00833502 0.000365957 34.2 -0.0142059 0.0144292 0.204928 0.0666773 0.159036 -2.8021e-05 1.0000 0 0 0 0   0 0 0
149 1 2 0 20 3.18824e-07 0.00831577 -0.0316957 34.2 0.000678729 0.00800633 0.197852 -0.0666394 0.416427 0.00237128 1.0000 0 0 0 0   0 0 0
150 1 2 0 20 3.18788e-07 -0.00908708 -0.0287648 34.2 -0.00246958 -0.0018577 0.194978 0.0728088 0.392821 0.00216105 1.0000 0 0 0 0   0 0 0
151 1 2 0 20 3.18708e-07 0.0031043 -0.0233889 34.2 0.000541255 0.0146071 0.198032 -0.0248588 0.349513 0.00176856 1.0000 0 0 0 0   0 0 0
152 1 2 0 20 3.18716e-07 -0.00391957 -0.0278649 34.2 -0.0106808 0.00263313 0.199955 0.0314003 0.385555 0.00209579 1.0000 0 0 0 0   0 0 0
153 1 2 0 20 3.18255e-07 -0.00542336 0.0082396 34.2 0.0150312 0.00794727 0.18597 0.0433851 0.0960815 -0.000629935 1.0000 0 0 0 0   0 0 0
155 1 2 0 20 3.19289e-07 -0.0144099 -0.0068596 34.2 0.00638314 0.0149648 0.236022 0.115274 0.21686 0.000524678 1.0000 0 0 0 0   0 0 0
156 1 2 0 20 3.18338e-07 -0.013409 0.000355821 34.2 -0.00194437 0.0151179 0.170179 0.107268 0.159117 -2.72449e-05 1.0000 0 0 0 0   0 0 0
158 1 2 0 20 3.18123e-07 -0.00374303 -0.0189465 34.2 0.0106962 0.000787424 0.200301 0.0299565 0.313765 0.00143889 1.0000 0 0 0 0   0 0 0
159 1 2 0 20 3.18153e-07 0.00511269 -0.0182144 34.2 0.00674103 0.00286793 0.194022 -0.0409157 0.307884 0.00138411 1.0000 0 0 0 0   0 0 0
160 1 2 0 20 3.18337e-07 -0.0582269 -0.0179552 34.2 0.00470876 0.00409204 0.256605 0.469362 0.30685 0.00136471 1.0000 0 0 0 0   0 0 0
161 1 2 0 20 3.18109e-07 -0.0105577 -0.0200162 34.2 0.00384656 0.000853474 0.205804 0.0845356 0.32242 0.00151862 1.0000 0 0 0 0   0 0 0
162 1 2 0 20 3.18223e-07 0.00780678 -0.0162057 34.2 -0.00797755 0.00572947 0.194839 -0.0624655 0.291755 0.00123343 1.0000 0 0 0 0   0 0 0
163 1 2 0 20 3.18888e-07 -0.00027203 -0.0160039 34.2 0.00512998 -0.0135092 0.189016 0.00217615 0.290109 0.00121826 1.0000 0 0 0 0   0 0 0
164 1 2 0 20 3.18952e-07 0.00904609 0.00405364 34.2 -0.00619315 -0.0153447 0.188129 -0.0723657 0.129543 -0.000310283 1.0000 0 0 0 0   0 0 0
167 1 2 0 20 3.18357e-07 -0.00300595 0.00174666 34.2 0.0221926 -0.000220087 0.164091 0.0240466 0.147992 -0.00013374 1.0000 0 0 0 0   0 0 0
168 1 2 0 20 3.18997e-07 0.012288 -0.0331749 34.2 -0.00269797 0.00089981 0.18679 -0.0985175 0.428449 0.00247642 1.0000 0 0 0 0   0 0 0
169 1 2 0 20 3.18888e-07 -0.00890375 -0.0224 34.2 -0.00181128 -0.00157799 0.180735 0.0713038 0.341583 0.00169553 1.0000 0 0 0 0   0 0 0
170 1 2 0 20 3.18798e-07 -0.0140379 0.00235313 34.2 -0.0142996 -0.00666205 0.181457 0.112298 0.143142 -0.000180159 1.0000 0 0 0 0   0 0 0
171 1 2 0 20 3.18851e-07 -0.0214995 0.000699994 34.2 -0.000470101 -0.000156552 0.195225 0.172122 0.15636 -5.35978e-05 1.0000 0 0 0 0   0 0 0
172 1 2 0 20 3.18767e-07 0.00172086 -0.00182434 34.2 -0.0246397 -0.00630065 0.171329 -0.0137663 0.176559 0.000139687 1.0000 0 0 0 0   0 0 0
174 1 2 0 20 3.18117e-07 0.0172644 -0.0153914 34.2 -0.00841771 0.0173316 0.21171 -0.138243 0.28532 0.00117221 1.0000 0 0 0 0   0 0 0
179 1 2 0 20 3.18092e-07 0.00266808 -0.00633149 34.2 0.00213347 0.0246043 0.221985 -0.0213437 0.212632 0.000484364 1.0000 0 0 0 0   0 0 0
180 1 2 0 20 3.17941e-07 -0.085167 0.0292636 34.2 0.00789959 0.0125378 0.238162 0.692892 -0.0757187 -0.00219694 1.0000 0 0 0 0   0 0 0
181 1 2 0 20 3.18682e-07 0.00938975 -0.0114743 34.2 0.00155783 -0.003891 0.168684 -0.0751148 0.253816 0.000875999 1.0000 0 0 0 0   0 0 0
182 1 2 0 20 3.18147e-07 0.0151299 -0.0274402 34.2 -0.0017276 -0.0139844 0.17679 -0.121235 0.38219 0.00206499 1.0000 0 0 0 0   0 0 0
183 1 2 0 20 3.18817e-07 0.0164494 -0.0110893 34.2 -0.00199772 0.00813874 0.200785 -0.13166 0.25078 0.000846744 1.0000 0 0 0 0   0 0 0
184 1 2 0 20 3.18379e-07 -0.00172086 -0.00980478 34.2 -0.0246348 -0.0166973 0.162008 0.0137663 0.240443 0.000749134 1.0000 0 0 0 0   0 0 0
185 1 2 0 20 3.18854e-07 0.0219625 -0.0310626 34.2 0.00260556 0.000907055 0.186994 -0.176188 0.411601 0.00232613 1.0000 0 0 0 0   0 0 0
186 1 2 0 20 3.18572e-07 0.0064273 0.0131097 34.2 0.0176721 -0.0152494 0.173488 -0.0514162 0.0571708 -0.000999898 1.0000 0 0 0 0   0 0 0
187 1 2 0 20 3.18892e-07 0.0151803 -0.00576175 34.2 0.00205164 -0.00883839 0.189151 -0.121437 0.208071 0.000440872 1.0000 0 0 0 0   0 0 0
188 1 2 0 20 3.18514e-07 -0.0107781 -0.0231829 34.2 -0.0311558 0.00860384 0.164945 0.0863269 0.347895 0.0017534 1.0000 0 0 0 0   0 0 0
189 1 2 0 20 3.18858e-07 0.0140035 -0.0131159 34.2 -0.0115742 0.000473406 0.179087 -0.112072 0.267012 0.00100037 1.0000 0 0 0 0   0 0 0
192 1 2 0 20 3.18496e-07 -0.0150896 -0.00481787 34.2 0.00430491 -0.0124767 0.170068 0.120712 0.200516 0.00036871 1.0000 0 0 0 0   0 0 0
193 1 2 0 20 3.18507e-07 -0.00970961 -0.00245118 34.2 -0.0252111 -0.0277233 0.173253 0.0776735 0.181575 0.000187663 1.0000 0 0 0 0   0 0 0
194 1 2 0 20 3.18908e-07 0.0118617 -0.0145537 34.2 0.0157616 -0.00697714 0.187838 -0.0949243 0.27853 0.00110899 1.0000 0 0 0 0   0 0 0
195 1 2 0 20 3.17965e-07 0.00988258 -0.0106235 34.2 -0.017684 0.00529132 0.209215 -0.0790573 0.247001 0.000811347 1.0000 0 0 0 0   0 0 0
196 1 2 0 20 3.18392e-07 -0.0146564 -0.00422158 34.2 -0.0114723 -0.0173334 0.171232 0.117246 0.195743 0.000323122 1.0000 0 0 0 0   0 0 0
197 1 2 0 20 3.18554e-07 0.0078596 -0.0205953 34.2 -0.0455029 -0.00190713 0.166811 -0.0629272 0.327056 0.00156173 1.0000 0 0 0 0   0 0 0
199 1 2 0 20 3.18531e-07 0.00734874 -0.0263216 34.2 -0.0232026 -0.0117799 0.166903 -0.0588683 0.37314 0.00198359 1.0000 0 0 0 0   0 0 0
200 1 2 0 20 3.18858e-07 -0.00860967 -0.00127428 34.2 0.0124836 0.00843792 0.196424 0.0688744 0.172158 9.75701e-05 1.0000 0 0 0 0   0 0 0
0 1 2 0 21 3.25313e-07 -0.00641636 -0.0113534 36 0 0 0.204 0 0 0 1.0000 0 0 0 0   0 0 0
1 1 2 0 21 3.25628e-07 -0.00626505 0.00233108 36 -0.0178376 0.0111571 0.214009 0.0501182 0.143318 -0.000178472 1.0000 0 0 0 0   0 0 0
2 1 2 0 21 3.25559e-07 0.0128052 0.00808394 36 -0.00211984 -0.00820496 0.215659 -0.102437 0.0973254 -0.000618077 1.0000 0 0 0 0   0 0 0
3 1 2 0 21 3.25548e-07 -0.0388025 0.00561807 36 -0.0137457 0.00089495 0.215403 0.311354 0.116898 -0.000429888 1.0000 0 0 0 0   0 0 0
4 1 2 0 21 3.25477e-07 -0.0345188 -0.0146442 36 -0.0135663 -0.00262787 0.223399 0.276884 0.279529 0.00111582 1.0000 0 0 0 0   0 0 0
5 1 2 0 21 3.2556e-07 -0.0287093 -0.00299376 36 -0.00849944 0.00751492 0.221918 0.230008 0.185953 0.000229186 1.0000 0 0 0 0   0 0 0
6 1 2 0 21 3.25633e-07 -0.00785794 -0.00763066 36 0.01371 0.000255611 0.215071 0.0628608 0.223033 0.000583538 1.0000 0 0 0 0   0 0 0
7 1 2 0 21 3.25472e-07 -0.0155261 -0.00382413 36 -0.0239176 0.0201907 0.208226 0.124203 0.192562 0.000292734 1.0000 0 0 0 0   0 0 0
8 1 2 0 21 3.25449e-07 -0.0194656 -0.0108085 36 0.00161332 -0.00993257 0.212574 0.155854 0.248558 0.000825403 1.0000 0 0 0 0   0 0 0
9 1 2 0 21 3.25904e-07 -0.0423534 -0.00216346 36 -0.00294765 0.00689927 0.216692 0.340046 0.179336 0.000165644 1.0000 0 0 0 0   0 0 0
10 1 2 0 21 3.25587e-07 -0.0372458 0.0288481 36 -0.00898137 0.0259057 0.221701 0.299251 -0.0694304 -0.00216705 1.0000 0 0 0 0   0 0 0
11 1 2 0 21 3.25438e-07 -0.0268275 -0.0446231 36 -0.00465254 0.0583259 0.21396 0.215742 0.52173 0.00326173 1.0000 0 0 0 0   0 0 0
12 1 2 0 21 3.25303e-07 -0.00293543 -0.0153817 36 0.00365362 -0.034402 0.172034 0.0234825 0.285122 0.00117148 1.0000 0 0 0 0   0 0 0
14 1 2 0 21 3.25592e-07 -0.0178539 -0.0410972 36 0.0167062 -0.00132247 0.189595 0.1434 0.492828 0.0030256 1.0000 0 0 0 0   0 0 0
15 1 2 0 21 3.25778e-07 0.0372672 -0.0199115 36 0.00167284 -0.035506 0.195433 -0.299201 0.322009 0.00151083 1.0000 0 0 0 0   0 0 0
16 1 2 0 21 3.25654e-07 0.00308698 -0.0451279 36 0.00449656 -0.017608 0.189408 -0.0247957 0.525382 0.00329502 1.0000 0 0 0 0   0 0 0
17 1 2 0 21 3.25288e-07 -0.0261316 0.0223905 36 0.0166166 -0.0067806 0.178655 0.209456 -0.0172724 -0.00169482 1.0000 0 0 0 0   0 0 0
18 1 2 0 21 3.25764e-07 0.00144865 -0.00222098 36 0.0177291 -0.00968731 0.199628 -0.0115887 0.179733 0.000170045 1.0000 0 0 0 0   0 0 0
19 1 2 0 21 3.25509e-07 -0.0125268 -0.0183072 36 0.00880796 -0.00260954 0.202684 0.100297 0.308698 0.00139106 1.0000 0 0 0 0   0 0 0
20 1 2 0 21 3.25412e-07 0.0218128 -0.00982057 36 0.0126967 0.0298057 0.203642 -0.17468 0.240653 0.000750333 1.0000 0 0 0 0   0 0 0
21 1 2 0 21 3.25336e-07 -0.0424289 0.0118582 36 0.0192286 0.0168343 0.217134 0.340743 0.0667973 -0.000905089 1.0000 0 0 0 0   0 0 0
22 1 2 0 21 3.25421e-07 -0.00650755 -0.0118468 36 0.00130866 -0.00280176 0.211554 0.0520582 0.2568 0.000904229 1.0000 0 0 0 0   0 0 0
23 1 2 0 21 3.25447e-07 0.0202357 -0.0366693 36 -0.000835581 -0.00730964 0.225628 -0.162453 0.456967 0.00272173 1.0000 0 0 0 0   0 0 0
24 1 2 0 21 3.25494e-07 0.0109971 0.00885174 36 0.000450718 -0.00355951 0.216923 -0.087973 0.0911895 -0.000676569 1.0000 0 0 0 0   0 0 0
25 1 2 0 21 3.25362e-07 -0.0236168 -0.0291836 36 -0.0130766 0.00419958 0.202604 0.189438 0.39645 0.00219118 1.0000 0 0 0 0   0 0 0
26 1 2 0 21 3.25371e-07 -0.0569072 -0.0511775 36 0.0199796 -0.0014167 0.238009 0.46081 0.577574 0.00368491 1.0000 0 0 0 0   0 0 0
27 1 2 0 21 3.25567e-07 0.00810883 0.00520836 36 -0.000361728 -0.0170299 0.195228 -0.0648679 0.120311 -0.000398564 1.0000 0 0 0 0   0 0 0
28 1 2 0 21 3.25766e-07 0.0314452 0.00963933 36 -0.0109877 -0.00562433 0.187081 -0.251992 0.0847604 -0.000736561 1.0000 0 0 0 0   0 0 0
29 1 2 0 21 3.25717e-07 0.00388635 -0.0395141 36 0.00494784 0.0182299 0.185454 -0.0311874 0.479779 0.00291784 1.0000 0 0 0 0   0 0 0
31 1 2 0 21 3.25975e-07 0.0315534 -0.0311311 36 -0.0244201 0.0293889 0.181519 -0.253413 0.412435 0.00233102 1.0000 0 0 0 0   0 0 0
32 1 2 0 21 3.26016e-07 0.0253377 0.0122005 36 -0.0226288 -0.0392517 0.177632 -0.202984 0.0642933 -0.000931019 1.0000 0 0 0 0   0 0 0
33 1 2 0 21 3.25857e-07 -0.00155569 -0.000476924 36 0.0101328 -0.0180647 0.197581 0.012445 0.165779 3.65173e-05 1.0000 0 0 0 0   0 0 0
34 1 2 0 21 3.24993e-07 -0.0453671 -0.00489857 36 -0.0652663 0.0251828 0.192438 0.364426 0.201324 0.000374879 1.0000 0 0 0 0   0 0 0
36 1 2 0 21 3.25956e-07 0.000487774 -0.00780874 36 0.0199216 -0.0243787 0.19748 -0.00390203 0.224459 0.000597111 1.0000 0 0 0 0   0 0 0
37 1 2 0 21 3.25426e-07 -0.0292589 0.00337235 36 0.0197715 -0.0406699 0.191847 0.23442 0.13495 -0.00025816 1.0000 0 0 0 0   0 0 0
38 1 2 0 21 3.25463e-07 0.0309684 -0.00274964 36 -0.0132655 -0.00894187 0.203192 -0.248144 0.184 0.000210504 1.0000 0 0 0 0   0 0 0
40 1 2 0 21 3.25283e-07 0.00535196 0.0107558 36 0.00750771 -0.00569997 0.205434 -0.0428139 0.0759751 -0.0008214 1.0000 0 0 0 0   0 0 0
41 1 2 0 21 3.25527e-07 0.0187594 -0.0182643 36 -0.0110797 0.0167973 0.192245 -0.150261 0.308415 0.00138784 1.0000 0 0 0 0   0 0 0
42 1 2 0 21 3.25491e-07 0.0323283 -0.0116314 36 -0.0118376 0.014466 0.20824 -0.259122 0.255256 0.000887909 1.0000 0 0 0 0   0 0 0
44 1 2 0 21 3.25346e-07 0.0238259 -0.00383054 36 -0.00022606 -0.00311289 0.182264 -0.190806 0.192646 0.000293225 1.0000 0 0 0 0   0 0 0
45 1 2 0 21 3.25104e-07 -0.0186193 0.00720623 36 -0.0595768 0.0628163 0.220797 0.149031 0.104309 -0.000551138 1.0000 0 0 0 0   0 0 0
46 1 2 0 21 3.25164e-07 -0.000502238 -0.0230598 36 -0.00501802 -0.00693187 0.169784 0.00402161 0.34686 0.00174435 1.0000 0 0 0 0   0 0 0
48 1 2 0 21 3.25227e-07 -0.0131027 0.00563417 36 0.0182016 -0.0246501 0.19309 0.104817 0.116907 -0.000431119 1.0000 0 0 0 0   0 0 0
49 1 2 0 21 3.25114e-07 -0.00650076 -0.0149328 36 0.0159392 0.00875255 0.177748 0.0520039 0.281525 0.00113761 1.0000 0 0 0 0   0 0 0
50 1 2 0 21 3.24929e-07 0.0914724 -0.00220088 36 -0.0148567 0.00316766 0.293196 -0.744626 0.179882 0.000168507 1.0000 0 0 0 0   0 0 0
51 1 2 0 21 3.25079e-07 0.0262459 -0.0576062 36 0.010534 -0.0412794 0.189365 -0.211676 0.628072 0.00407811 1.0000 0 0 0 0   0 0 0
52 1 2 0 21 3.25773e-07 0.0152374 -0.0201406 36 0.00346632 0.000818766 0.177429 -0.12204 0.323463 0.00152788 1.0000 0 0 0 0   0 0 0
53 1 2 0 21 3.25441e-07 0.0188271 -0.0282288 36 -0.000550994 -0.0132578 0.205451 -0.150889 0.388571 0.00212217 1.0000 0 0 0 0   0 0 0
54 1 2 0 21 3.25451e-07 0.00217636 -0.0403094 36 -0.00122298 -0.000900718 0.196191 -0.0174672 0.48623 0.00297229 1.0000 0 0 0 0   0 0 0
55 1 2 0 21 3.25499e-07 0.000153772 -0.0171828 36 0.00684404 -0.011038 0.191314 -0.00123021 0.299567 0.00130689 1.0000 0 0 0 0   0 0 0
56 1 2 0 21 3.25464e-07 0.00238127 -0.0204044 36 -0.00586545 -0.019308 0.204069 -0.0190616 0.325491 0.00154751 1.0000 0 0 0 0   0 0 0
57 1 2 0 21 3.25495e-07 0.0523229 0.00326695 36 -0.0287482 -0.0105907 0.21011 -0.420818 0.135694 -0.000250094 1.0000 0 0 0 0   0 0 0
58 1 2 0 21 3.25501e-07 0.00417211 -0.0146649 36 -0.0126103 -0.0142658 0.184538 -0.0333754 0.279379 0.00111738 1.0000 0 0 0 0   0 0 0
59 1 2 0 21 3.25498e-07 6.86032e-05 -0.0145937 36 0.00168235 -0.00137453 0.21425 -0.000548803 0.278808 0.00111201 1.0000 0 0 0 0   0 0 0
60 1 2 0 21 3.25407e-07 0.00181887 -0.0282208 36 -0.00318058 -0.00624245 0.203012 -0.0145714 0.388418 0.0021216 1.0000 0 0 0 0   0 0 0
61 1 2 0 21 3.25551e-07 -0.0133144 -0.0255253 36 -0.0057518 0.00978979 0.202821 0.106669 0.366765 0.00192541 1.0000 0 0 0 0   0 0 0
62 1 2 0 21 3.25558e-07 0.00331562 -0.0159984 36 -0.00136993 -0.00610755 0.185572 -0.0265238 0.290065 0.00121784 1.0000 0 0 0 0   0 0 0
63 1 2 0 21 3.25539e-07 -0.00445741 -0.025141 36 -0.015757 -0.0104428 0.189675 0.0357013 0.363622 0.00189734 1.0000 0 0 0 0   0 0 0
64 1 2 0 21 3.2487e-07 -0.00182503 0.000928051 36 -0.0301619 0.000119559 0.182814 0.0145996 0.15454 -7.10598e-05 1.0000 0 0 0 0   0 0 0
66 1 2 0 21 3.25188e-07 -0.00586736 -0.0205677 36 -0.0113846 -0.0118815 0.175752 0.0469725 0.32682 0.00155967 1.0000 0 0 0 0   0 0 0
67 1 2 0 21 3.25169e-07 -0.00744943 -0.0265886 36 -0.01216 9.98314e-06 0.175 0.0596763 0.375289 0.00200309 1.0000 0 0 0 0   0 0 0
68 1 2 0 21 3.25548e-07 0.0297945 -0.00453819 36 -0.0413285 -0.0323644 0.182032 -0.238723 0.198335 0.000347328 1.0000 0 0 0 0   0 0 0
69 1 2 0 21 3.25167e-07 -0.0198789 -0.0641386 36 -0.00750445 -0.0396557 0.212665 0.160448 0.681501 0.00445202 1.0000 0 0 0 0   0 0 0
70 1 2 0 21 3.25016e-07 -0.00319483 0.0293233 36 0.00539199 0.0201316 0.203727 0.0255969 -0.0725746 -0.00220123 1.0000 0 0 0 0   0 0 0
72 1 2 0 21 3.25446e-07 0.00806458 -0.0227207 36 -0.0407876 -0.0128716 0.18307 -0.0645835 0.344158 0.00171926 1.0000 0 0 0 0   0 0 0
74 1 2 0 21 3.25418e-07 -0.00766616 -0.0138117 36 -0.00979653 0.00520173 0.216752 0.0613267 0.272542 0.00105298 1.0000 0 0 0 0   0 0 0
75 1 2 0 21 3.25624e-07 0.00858062 -0.0209829 36 0.00546958 -0.0102948 0.202436 -0.0687051 0.330179 0.00159058 1.0000 0 0 0 0   0 0 0
76 1 2 0 21 3.25547e-07 -0.00268904 0.00854987 36 0.000721099 -0.0109347 0.192894 0.0215114 0.0936019 -0.000653572 1.0000 0 0 0 0   0 0 0
77 1 2 0 21 3.2557e-07 0.00383453 0.00539199 36 -0.0137146 0.000794043 0.215917 -0.030675 0.118843 -0.000412603 1.0000 0 0 0 0   0 0 0
78 1 2 0 21 3.25572e-07 -0.0211921 -0.0155501 36 -0.00482638 -0.00346357 0.21366 0.169748 0.286632 0.00118414 1.0000 0 0 0 0   0 0 0
79 1 2 0 21 3.25582e-07 -0.023175 -0.0265466 36 0.00267928 -0.00474758 0.206276 0.185796 0.375117 0.00200002 1.0000 0 0 0 0   0 0 0
80 1 2 0 21 3.25637e-07 -0.00445882 -0.00646815 36 0.000914587 0.00262956 0.198596 0.0356691 0.213726 0.000494796 1.0000 0 0 0 0   0 0 0
81 1 2 0 21 3.25586e-07 -0.0373801 0.00288884 36 -0.00839826 -0.0106859 0.213837 0.299835 0.138796 -0.000221157 1.0000 0 0 0 0   0 0 0
82 1 2 0 21 3.25495e-07 0.011653 -0.0115423 36 0.00260297 0.00903677 0.209624 -0.09322 0.25436 0.000881162 1.0000 0 0 0 0   0 0 0
83 1 2 0 21 3.25563e-07 -0.0106542 -0.00481364 36 -0.00346991 -0.00293906 0.206309 0.0852297 0.200482 0.000368387 1.0000 0 0 0 0   0 0 0
84 1 2 0 21 3.25434e-07 0.0176241 -0.0108859 36 -0.0200758 0.0214818 0.177301 -0.14108 0.249161 0.000831286 1.0000 0 0 0 0   0 0 0
85 1 2 0 21 3.25461e-07 -0.00187575 -0.00804396 36 -0.00112739 0.0162067 0.208875 0.0150053 0.226343 0.000615031 1.0000 0 0 0 0   0 0 0
86 1 2 0 21 3.25487e-07 0.000111004 -0.00807129 36 -0.0123287 -0.00690744 0.193607 -0.000887993 0.226562 0.000617113 1.0000 0 0 0 0   0 0 0
87 1 2 0 21 3.25435e-07 0.0321428 -0.0152058 36 -0.00400389 -0.0113202 0.203995 -0.257712 0.283987 0.00115822 1.0000 0 0 0 0   0 0 0
88 1 2 0 21 3.25496e-07 0.0297939 -0.021898 36 0.00866766 0.00125573 0.209296 -0.238957 0.337816 0.00165837 1.0000 0 0 0 0   0 0 0
89 1 2 0 21 3.25389e-07 -0.0102331 -0.0104803 36 -0.0318517 -0.00133155 0.216042 0.0818617 0.245854 0.000800465 1.0000 0 0 0 0   0 0 0
90 1 2 0 21 3.25298e-07 -0.0116688 -0.0333881 36 0.0112668 0.00762042 0.179583 0.0935528 0.430164 0.00249149 1.0000 0 0 0 0   0 0 0
91 1 2 0 21 3.25535e-07 -0.013273 -0.00864671 36 0.00193011 0.00838115 0.204311 0.106179 0.231169 0.00066095 1.0000 0 0 0 0   0 0 0
92 1 2 0 21 3.25253e-07 -0.00537351 -0.0124037 36 0.0460052 -0.00329699 0.212044 0.0429862 0.261261 0.000946413 1.0000 0 0 0 0   0 0 0
93 1 2 0 21 3.25578e-07 -0.0271628 -0.0167582 36 0.00200375 0.0233143 0.22159 0.217662 0.296382 0.00127496 1.0000 0 0 0 0   0 0 0
94 1 2 0 21 3.25497e-07 -0.00221224 -0.00829853 36 -0.00929239 -0.00889493 0.212968 0.0176972 0.228381 0.000634424 1.0000 0 0 0 0   0 0 0
95 1 2 0 21 3.25724e-07 -0.0347735 -0.00868302 36 0.0138311 0.0270189 0.215167 0.278822 0.231622 0.000663716 1.0000 0 0 0 0   0 0 0
96 1 2 0 21 3.26184e-07 -0.0200585 0.00660232 36 0.0430091 0.00572632 0.200157 0.160577 0.10913 -0.000505038 1.0000 0 0 0 0   0 0 0
97 1 2 0 21 3.25616e-07 -0.00871327 0.00744704 36 -0.00733712 -0.0112674 0.209501 0.0697032 0.102416 -0.000569521 1.0000 0 0 0 0   0 0 0
98 1 2 0 21 3.25614e-07 -0.0473104 0.0110621 36 0.0067274 0.0119887 0.21425 0.380189 0.0731255 -0.000844672 1.0000 0 0 0 0   0 0 0
99 1 2 0 21 3.25546e-07 -0.01569 0.0102348 36 0.0144952 0.000824193 0.196575 0.125559 0.0801082 -0.000781814 1.0000 0 0 0 0   0 0 0
100 1 2 0 21 3.25526e-07 -0.0302627 -0.000277172 36 -0.0010677 0.0138771 0.215455 0.242476 0.164184 2.12226e-05 1.0000 0 0 0 0   0 0 0
101 1 2 0 21 3.25697e-07 -0.023689 -0.00350365 36 0.012533 -0.0198826 0.200891 0.189706 0.190027 0.000268209 1.0000 0 0 0 0   0 0 0
102 1 2 0 21 3.25499e-07 -0.026728 0.00705191 36 -0.00432755 -0.00504407 0.21781 0.214114 0.105495 -0.000539358 1.0000 0 0 0 0   0 0 0
104 1 2 0 21 3.25316e-07 0.00662297 -0.00298584 36 -0.0317709 -0.00294634 0.167156 -0.0529815 0.185854 0.000228581 1.0000 0 0 0 0   0 0 0
105 1 2 0 21 3.25271e-07 0.0236907 -0.00945034 36 -0.00429786 0.0251614 0.17725 -0.189748 0.237697 0.000722171 1.0000 0 0 0 0   0 0 0
106 1 2 0 21 3.24864e-07 0.000394475 -0.0250918 36 -0.00335369 0.00952262 0.203855 -0.00315939 0.363218 0.00189374 1.0000 0 0 0 0   0 0 0
108 1 2 0 21 3.24818e-07 0.0139999 -0.0106639 36 -0.0093851 -0.00736785 0.221401 -0.112011 0.247337 0.000814413 1.0000 0 0 0 0   0 0 0
109 1 2 0 21 3.25165e-07 -0.0903511 -0.0110552 36 0.00395937 0.00213487 0.218976 0.735359 0.251998 0.000844152 1.0000 0 0 0 0   0 0 0
110 1 2 0 21 3.24786e-07 -0.0450663 -0.0175419 36 0.00770311 -0.0104294 0.232041 0.362145 0.303071 0.00133379 1.0000 0 0 0 0   0 0 0
111 1 2 0 21 3.24784e-07 -0.0319915 -0.02185 36 0.0106214 -0.00568451 0.210501 0.256678 0.337496 0.00165482 1.0000 0 0 0 0   0 0 0
115 1 2 0 21 3.25512e-07 0.00380688 -0.0217683 36 0.00132626 0.0153447 0.168763 -0.0304796 0.336471 0.00164877 1.0000 0 0 0 0   0 0 0
116 1 2 0 21 3.24964e-07 -0.00714655 -0.018264 36 0.00588087 0.0601946 0.227554 0.0571986 0.308298 0.00138782 1.0000 0 0 0 0   0 0 0
117 1 2 0 21 3.25459e-07 -0.0275431 0.0092126 36 0.0205476 -0.0296676 0.212438 0.220668 0.0881946 -0.00070406 1.0000 0 0 0 0   0 0 0
118 1 2 0 21 3.25476e-07 0.00968397 0.0153949 36 -0.0229486 -0.0342509 0.265082 -0.0774886 0.0388877 -0.00117248 1.0000 0 0 0 0   0 0 0
119 1 2 0 21 3.24946e-07 -0.0082772 -0.0102265 36 0.00346199 -0.0132597 0.1841 0.0662148 0.243821 0.000781177 1.0000 0 0 0 0   0 0 0
121 1 2 0 21 3.25018e-07 -0.00900275 -0.0163202 36 -0.00559655 0.0631852 0.204858 0.0720435 0.292688 0.00124204 1.0000 0 0 0 0   0 0 0
122 1 2 0 21 3.25077e-07 0.0162112 -0.00931763 36 -0.00193932 -0.0112889 0.180417 -0.12973 0.236568 0.000712062 1.0000 0 0 0 0   0 0 0
126 1 2 0 21 3.25008e-07 -0.00256585 -0.0532883 36 -0.00719699 -0.0236688 0.206835 0.0206422 0.591962 0.00381653 1.0000 0 0 0 0   0 0 0
127 1 2 0 21 3.24945e-07 0.00898964 -0.00154984 36 0.00317149 0.00749213 0.189116 -0.071914 0.174363 0.000118669 1.0000 0 0 0 0   0 0 0
128 1 2 0 21 3.24957e-07 -0.0026034 -0.0170136 36 -0.010164 -0.00173157 0.250462 0.0208278 0.298211 0.00129416 1.0000 0 0 0 0   0 0 0
129 1 2 0 21 3.2489e-07 0.0102531 0.00749254 36 -0.0111712 0.00201602 0.200663 -0.0820215 0.102052 -0.000572995 1.0000 0 0 0 0   0 0 0
130 1 2 0 21 3.27192e-07 0.012781 -0.0188823 36 -0.0274538 -0.0180067 0.146761 -0.102339 0.313323 0.00143409 1.0000 0 0 0 0   0 0 0
131 1 2 0 21 3.24814e-07 0.0156 -0.016979 36 -0.00416864 -0.000527382 0.196055 -0.124915 0.298056 0.00129157 1.0000 0 0 0 0   0 0 0
133 1 2 0 21 3.25618e-07 -0.0164304 -0.0120556 36 -0.00461239 0.0129118 0.209417 0.131519 0.258532 0.000920042 1.0000 0 0 0 0   0 0 0
134 1 2 0 21 3.2536e-07 0.0201261 -0.0133986 36 0.0248545 0.00205414 0.1712 -0.161177 0.269348 0.00102178 1.0000 0 0 0 0   0 0 0
135 1 2 0 21 3.25801e-07 -0.0202598 0.00854977 36 -0.00482187 -0.0189647 0.206005 0.162207 0.0935455 -0.000653565 1.0000 0 0 0 0   0 0 0
136 1 2 0 21 3.25699e-07 -0.0012446 0.00196668 36 0.00526866 0.0091772 0.19716 0.00995636 0.146232 -0.000150584 1.0000 0 0 0 0   0 0 0
137 1 2 0 21 3.25502e-07 0.00207163 -0.0234747 36 -0.0168401 0.00541836 0.173002 -0.0165893 0.350202 0.00177487 1.0000 0 0 0 0   0 0 0
138 1 2 0 21 3.25249e-07 0.0213087 -0.00554562 36 0.00256855 -0.0153743 0.168564 -0.170606 0.206378 0.000424348 1.0000 0 0 0 0   0 0 0
139 1 2 0 21 3.25605e-07 0.0209352 -0.00894345 36 -0.0204046 0.013995 0.182544 -0.167631 0.233612 0.000683556 1.0000 0 0 0 0   0 0 0
140 1 2 0 21 3.25748e-07 -0.0279706 0.0019086 36 -0.0068971 -0.0138362 0.199414 0.224076 0.146675 -0.000146139 1.0000 0 0 0 0   0 0 0
141 1 2 0 21 3.25533e-07 -0.00339881 -0.00750326 36 -0.0166338 -0.0014444 0.178687 0.0271893 0.222013 0.000573813 1.0000 0 0 0 0   0 0 0
142 1 2 0 21 3.24875e-07 0.0357089 -0.0699129 36 -0.046028 0.0491605 0.246907 -0.289327 0.730613 0.00475949 1.0000 0 0 0 0   0 0 0
143 1 2 0 21 3.25713e-07 0.00527264 -0.0252947 36 0.00315322 0.00140488 0.19182 -0.042232 0.364862 0.00190856 1.0000 0 0 0 0   0 0 0
144 1 2 0 21 3.25501e-07 -0.0351387 -0.0181682 36 -0.00561438 -0.011134 0.21797 0.281975 0.30791 0.00138065 1.0000 0 0 0 0   0 0 0
145 1 2 0 21 3.25572e-07 -0.0203063 0.014761 36 0.00609399 -0.00506876 0.212585 0.162635 0.0438436 -0.00112463 1.0000 0 0 0 0   0 0 0
146 1 2 0 21 3.25624e-07 -0.0182549 -0.0109293 36 -0.00353774 0.00318128 0.219464 0.146142 0.249515 0.00083458 1.0000 0 0 0 0   0 0 0
147 1 2 0 21 3.2555e-07 -0.0171628 0.00204578 36 0.0141582 -0.00285733 0.220892 0.137309 0.145598 -0.000156638 1.0000 0 0 0 0   0 0 0
148 1 2 0 21 3.25556e-07 0.00157485 -0.0357042 36 0.00394029 -0.00697993 0.218384 -0.0126272 0.448832 0.00265435 1.0000 0 0 0 0   0 0 0
149 1 2 0 21 3.25612e-07 -0.0206456 -0.00102142 36 -0.00112449 -0.0177694 0.213821 0.165267 0.170141 7.82085e-05 1.0000 0 0 0 0   0 0 0
150 1 2 0 21 3.25607e-07 0.000812394 0.00327903 36 -0.00628465 -0.00845402 0.209925 -0.00649888 0.135738 -0.000251018 1.0000 0 0 0 0   0 0 0
151 1 2 0 21 3.25502e-07 -0.0147853 -0.0189582 36 0.0026863 -0.0190805 0.208325 0.118404 0.313953 0.00143977 1.0000 0 0 0 0   0 0 0
152 1 2 0 21 3.25516e-07 0.000918845 -0.00294651 36 -0.000535003 -0.0154501 0.211553 -0.00735044 0.185539 0.000225571 1.0000 0 0 0 0   0 0 0
153 1 2 0 21 3.25253e-07 -0.0176514 -0.015527 36 -0.00701405 0.0169876 0.175301 0.141349 0.286412 0.0011824 1.0000 0 0 0 0   0 0 0
155 1 2 0 21 3.25841e-07 -0.0204332 -0.0155847 36 -0.00318823 -0.0134373 0.254111 0.16366 0.286904 0.00118675 1.0000 0 0 0 0   0 0 0
156 1 2 0 21 3.255e-07 0.000661685 -0.019621 36 -0.0179581 0.01674 0.169267 -0.00529593 0.319184 0.0014892 1.0000 0 0 0 0   0 0 0
158 1 2 0 21 3.25033e-07 -0.011667 -0.00642162 36 -0.000563431 -0.00424914 0.176777 0.0933318 0.213354 0.000491244 1.0000 0 0 0 0   0 0 0
159 1 2 0 21 3.25106e-07 -0.00724042 -0.00917438 36 0.0048286 -0.00444741 0.174729 0.0579209 0.235395 0.000701148 1.0000 0 0 0 0   0 0 0
160 1 2 0 21 3.24912e-07 0.0260423 -0.00348285 36 -0.0111974 -0.00358854 0.238138 -0.208598 0.189867 0.000266617 1.0000 0 0 0 0   0 0 0
161 1 2 0 21 3.24971e-07 -0.00265014 -0.00557261 36 -0.00104398 -0.00495654 0.182853 0.0212002 0.206557 0.000426412 1.0000 0 0 0 0   0 0 0
162 1 2 0 21 3.25169e-07 0.0105581 -0.0136676 36 0.0116059 -0.00462663 0.18247 -0.0844681 0.271396 0.0010421 1.0000 0 0 0 0   0 0 0
163 1 2 0 21 3.25719e-07 -0.0154265 0.00693368 36 -0.00389006 -0.0017525 0.208043 0.123408 0.106519 -0.000530333 1.0000 0 0 0 0   0 0 0
164 1 2 0 21 3.25813e-07 -0.0101756 -0.00602217 36 0.00855104 0.00988955 0.20733 0.0814011 0.210156 0.000460751 1.0000 0 0 0 0   0 0 0
167 1 2 0 21 3.25544e-07 -0.0145132 -0.00689925 36 0.00435507 0.00716845 0.167222 0.116101 0.217178 0.000527705 1.0000 0 0 0 0   0 0 0
168 1 2 0 21 3.25868e-07 -0.0142577 0.0049572 36 0.00573927 -0.0167003 0.206064 0.114057 0.122319 -0.000379362 1.0000 0 0 0 0   0 0 0
169 1 2 0 21 3.25793e-07 0.00258474 -0.00356883 36 -0.0082746 -0.00935509 0.19995 -0.0206771 0.190519 0.000273196 1.0000 0 0 0 0   0 0 0
170 1 2 0 21 3.25743e-07 0.0182236 -0.0177342 36 -0.00802829 0.0086413 0.199726 -0.145959 0.30415 0.00134818 1.0000 0 0 0 0   0 0 0
171 1 2 0 21 3.25646e-07 0.00315774 -0.0217377 36 -0.00825623 0.00638637 0.212851 -0.0252819 0.336223 0.0016465 1.0000 0 0 0 0   0 0 0
172 1 2 0 21 3.25836e-07 0.0272877 -0.0170027 36 -0.00518297 0.00101394 0.190375 -0.218665 0.298347 0.00129335 1.0000 0 0 0 0   0 0 0
174 1 2 0 21 3.24978e-07 -0.00288822 -0.0257602 36 0.0184994 -0.00982517 0.187804 0.0231338 0.368604 0.00194257 1.0000 0 0 0 0   0 0 0
179 1 2 0 21 3.24868e-07 -0.0125521 -0.0379139 36 0.00313599 -0.017 0.195316 0.100734 0.466895 0.00280791 1.0000 0 0 0 0   0 0 0
180 1 2 0 21 3.24777e-07 0.041337 -0.0420331 36 -0.0447039 0.00431296 0.202532 -0.333058 0.501444 0.00308893 1.0000 0 0 0 0   0 0 0
181 1 2 0 21 3.25717e-07 -0.00329588 -0.0112101 36 0.00611741 -0.00990306 0.184745 0.0263659 0.251699 0.000855923 1.0000 0 0 0 0   0 0 0
182 1 2 0 21 3.25316e-07 0.00852088 -0.00295684 36 0.00764285 -0.0232252 0.167375 -0.0681642 0.185622 0.000226361 1.0000 0 0 0 0   0 0 0
183 1 2 0 21 3.25583e-07 -0.0277029 -0.0153262 36 0.00709909 -0.00895033 0.216241 0.221986 0.284884 0.0011673 1.0000 0 0 0 0   0 0 0
184 1 2 0 21 3.25754e-07 0.00850705 -0.00808495 36 -0.0410606 -0.0136171 0.167058 -0.0680535 0.226671 0.000618154 1.0000 0 0 0 0   0 0 0
185 1 2 0 21 3.25742e-07 -0.0219653 0.00238277 36 0.0116642 -0.0197197 0.20408 0.175865 0.142889 -0.000182427 1.0000 0 0 0 0   0 0 0
186 1 2 0 21 3.25593e-07 -0.0206227 0.0033794 36 0.00819426 0.0161506 0.185039 0.165089 0.134916 -0.0002587 1.0000 0 0 0 0   0 0 0
187 1 2 0 21 3.25738e-07 -0.0196189 3.7082e-05 36 0.0113179 0.00925356 0.20624 0.157024 0.161667 -2.83947e-06 1.0000 0 0 0 0   0 0 0
188 1 2 0 21 3.25853e-07 0.0155709 -0.0344121 36 -0.044082 -0.00219094 0.173854 -0.124905 0.438556 0.00256385 1.0000 0 0 0 0   0 0 0
189 1 2 0 21 3.25804e-07 0.000775893 -0.0123941 36 0.00804114 -0.00659657 0.197256 -0.00620688 0.261184 0.000945685 1.0000 0 0 0 0   0 0 0
192 1 2 0 21 3.25567e-07 -0.00368025 -0.00275909 36 -0.0157114 -0.000769737 0.176962 0.0294407 0.184039 0.000211227 1.0000 0 0 0 0   0 0 0
193 1 2 0 21 3.25703e-07 0.02959 0.00794702 36 -0.0278836 -0.00126262 0.184623 -0.237092 0.0983169 -0.000607646 1.0000 0 0 0 0   0 0 0
194 1 2 0 21 3.25744e-07 -0.03441 0.00162547 36 0.000200805 -0.00369792 0.207148 0.275814 0.148936 -0.00012446 1.0000 0 0 0 0   0 0 0
195 1 2 0 21 3.24891e-07 0.0188116 -0.00761428 36 0.0200306 0.00450224 0.178451 -0.150578 0.222939 0.000582287 1.0000 0 0 0 0   0 0 0
196 1 2 0 21 3.25596e-07 0.0115869 0.00394024 36 -0.0282539 -0.00241982 0.172988 -0.092691 0.13045 -0.000301613 1.0000 0 0 0 0   0 0 0
197 1 2 0 21 3.2591e-07 0.0368044 -0.0317897 36 -0.0410779 -0.00726143 0.181964 -0.295764 0.417897 0.00237799 1.0000 0 0 0 0   0 0 0
199 1 2 0 21 3.25753e-07 0.0262949 -0.0117217 36 -0.0204858 -0.0213605 0.181206 -0.210663 0.255937 0.000894748 1.0000 0 0 0 0   0 0 0
200 1 2 0 21 3.25634e-07 -0.0225173 -0.0273015 36 -0.01244 -0.00292464 0.21008 0.18053 0.381197 0.00205494 1.0000 0 0 0 0   0 0 0
0 1 2 0 22 3.32074e-07 -0.00641636 -0.0113534 37.8 0 0 0.204 0 0 0 1.0000 0 0 0 0   0 0 0
1 1 2 0 22 3.32343e-07 -0.00459857 -0.0313166 37.8 0.0151081 -0.00635095 0.229395 0.0368487 0.413361 0.00234425 1.0000 0 0 0 0   0 0 0
2 1 2 0 22 3.32245e-07 -0.031892 -0.0178253 37.8 0.0110851 0.0155268 0.228648 0.255759 0.305063 0.00135499 1.0000 0 0 0 0   0 0 0
3 1 2 0 22 3.32275e-07 0.0253389 -0.0304577 37.8 -0.00233684 0.00673877 0.228091 -0.203337 0.406808 0.00228284 1.0000 0 0 0 0   0 0 0
4 1 2 0 22 3.32142e-07 0.0167032 -0.00837003 37.8 0.00247629 -0.00242417 0.234544 -0.133666 0.228977 0.000639872 1.0000 0 0 0 0   0 0 0
5 1 2 0 22 3.32219e-07 0.00861329 -0.0254126 37.8 -0.000990998 -0.00663226 0.235949 -0.0689953 0.365827 0.00191718 1.0000 0 0 0 0   0 0 0
6 1 2 0 22 3.32276e-07 -0.0236473 -0.0144499 37.8 -0.0116762 -2.72094e-05 0.232521 0.189436 0.277818 0.00110115 1.0000 0 0 0 0   0 0 0
7 1 2 0 22 3.32272e-07 0.0154705 -0.0380945 37.8 0.00889631 -0.0115838 0.218526 -0.124181 0.468417 0.00282041 1.0000 0 0 0 0   0 0 0
8 1 2 0 22 3.32161e-07 0.0227759 0.00634761 37.8 -0.00208999 0.00961733 0.224367 -0.182387 0.111152 -0.000485594 1.0000 0 0 0 0   0 0 0
9 1 2 0 22 3.32577e-07 0.0165325 -0.0287981 37.8 -0.00624761 -0.00770759 0.234826 -0.132488 0.393131 0.00216345 1.0000 0 0 0 0   0 0 0
10 1 2 0 22 3.32309e-07 0.0103907 -0.069131 37.8 -0.00492903 -0.0116305 0.235656 -0.0839499 0.722638 0.00471949 1.0000 0 0 0 0   0 0 0
11 1 2 0 22 3.32271e-07 0.00789798 -0.0290215 37.8 -0.0136352 -0.0572609 0.224116 -0.0632809 0.394883 0.00217952 1.0000 0 0 0 0   0 0 0
12 1 2 0 22 3.32397e-07 0.00571593 0.0236664 37.8 -0.012572 -0.0184207 0.188152 -0.0457759 -0.0273078 -0.00178897 1.0000 0 0 0 0   0 0 0
14 1 2 0 22 3.32432e-07 -0.0126369 0.0134199 37.8 -0.0198515 -0.0157794 0.207278 0.101122 0.0546601 -0.0010234 1.0000 0 0 0 0   0 0 0
15 1 2 0 22 3.32695e-07 -0.0355583 0.0412883 37.8 0.0262752 0.00473915 0.213442 0.286161 -0.169524 -0.00303853 1.0000 0 0 0 0   0 0 0
16 1 2 0 22 3.32555e-07 -0.0093928 0.0337714 37.8 -0.00494133 -0.0197612 0.207665 0.0752995 -0.108244 -0.00251857 1.0000 0 0 0 0   0 0 0
17 1 2 0 22 3.32273e-07 -0.016408 -0.00466493 37.8 -0.0228078 0.0340137 0.184844 0.131264 0.199293 0.000357017 1.0000 0 0 0 0   0 0 0
18 1 2 0 22 3.32504e-07 -0.0354535 -0.00866556 37.8 -0.00899937 0.00802262 0.219048 0.284318 0.231492 0.000662385 1.0000 0 0 0 0   0 0 0
19 1 2 0 22 3.32242e-07 -0.0116484 -0.00148367 37.8 -0.00940543 -0.00257285 0.216626 0.0931829 0.173834 0.000113603 1.0000 0 0 0 0   0 0 0
20 1 2 0 22 3.32196e-07 -0.044761 -0.0374744 37.8 0.00211686 -0.0168166 0.210468 0.360595 0.464506 0.00277747 1.0000 0 0 0 0   0 0 0
21 1 2 0 22 3.32044e-07 0.00174702 -0.0425644 37.8 -0.0275817 0.00163551 0.220901 -0.0140268 0.504548 0.00312459 1.0000 0 0 0 0   0 0 0
22 1 2 0 22 3.32118e-07 -0.0129016 -0.00670511 37.8 -0.00325889 0.00161762 0.220959 0.103209 0.215623 0.000512884 1.0000 0 0 0 0   0 0 0
23 1 2 0 22 3.32111e-07 -0.0380372 0.0202096 37.8 0.0131063 -0.00310295 0.23436 0.305426 -0.000122009 -0.00153302 1.0000 0 0 0 0   0 0 0
24 1 2 0 22 3.32173e-07 -0.0314077 -0.0243879 37.8 0.00831928 0.00762333 0.226408 0.252045 0.357952 0.00184204 1.0000 0 0 0 0   0 0 0
25 1 2 0 22 3.32176e-07 0.0202727 -0.00640514 37.8 -0.00731823 -0.0131053 0.212039 -0.162295 0.21326 0.000489986 1.0000 0 0 0 0   0 0 0
26 1 2 0 22 3.32005e-07 0.0256373 0.0277606 37.8 -0.0308645 -0.00958275 0.240154 -0.205656 -0.0603668 -0.00208823 1.0000 0 0 0 0   0 0 0
27 1 2 0 22 3.3238e-07 -0.0187511 -0.0036119 37.8 0.00515088 0.0139493 0.211895 0.150065 0.190876 0.000276493 1.0000 0 0 0 0   0 0 0
28 1 2 0 22 3.32686e-07 -0.0179986 -0.0155549 37.8 0.0267705 0.00949714 0.202319 0.144133 0.286641 0.00118451 1.0000 0 0 0 0   0 0 0
29 1 2 0 22 3.32588e-07 -0.0202438 -0.0139987 37.8 -0.00409603 -0.0297727 0.202895 0.162127 0.274166 0.00106709 1.0000 0 0 0 0   0 0 0
31 1 2 0 22 3.33037e-07 0.00928305 -0.0386515 37.8 0.0320562 -0.0261623 0.190372 -0.0744958 0.472829 0.00285877 1.0000 0 0 0 0   0 0 0
32 1 2 0 22 3.33143e-07 0.0187561 0.0246411 37.8 0.0208851 0.0120953 0.184724 -0.150288 -0.0351972 -0.00186067 1.0000 0 0 0 0   0 0 0
33 1 2 0 22 3.3263e-07 -0.0210926 -0.00409327 37.8 -0.00132338 0.0127084 0.21462 0.168864 0.194741 0.000313312 1.0000 0 0 0 0   0 0 0
34 1 2 0 22 3.32503e-07 0.066156 -0.0543561 37.8 -0.064753 0.0211372 0.204803 -0.537193 0.604687 0.00388212 1.0000 0 0 0 0   0 0 0
36 1 2 0 22 3.32735e-07 -0.0320968 0.00748898 37.8 -0.0107916 0.01442 0.214316 0.257214 0.101975 -0.000572723 1.0000 0 0 0 0   0 0 0
37 1 2 0 22 3.3231e-07 -0.00591739 0.0280824 37.8 -0.0191247 0.0248225 0.207216 0.0474073 -0.0626523 -0.00211156 1.0000 0 0 0 0   0 0 0
38 1 2 0 22 3.32284e-07 -0.0208238 -0.006888 37.8 0.0311544 0.0026714 0.214113 0.166722 0.217133 0.000526846 1.0000 0 0 0 0   0 0 0
40 1 2 0 22 3.32047e-07 -0.0234297 -0.0186578 37.8 0.00038859 0.0107191 0.208557 0.187724 0.311617 0.00141729 1.0000 0 0 0 0   0 0 0
41 1 2 0 22 3.32383e-07 -0.0140393 -0.0267142 37.8 0.01563 -0.0186648 0.206044 0.112488 0.376338 0.00201226 1.0000 0 0 0 0   0 0 0
42 1 2 0 22 3.32273e-07 -0.0319832 -0.0200519 37.8 0.0241499 -0.0131722 0.218668 0.256559 0.323001 0.00152127 1.0000 0 0 0 0   0 0 0
44 1 2 0 22 3.32299e-07 -0.0113009 -0.0085858 37.8 0.0173055 -0.000554116 0.192578 0.0904033 0.230682 0.000656309 1.0000 0 0 0 0   0 0 0
45 1 2 0 22 3.3211e-07 0.0445758 -0.0968191 37.8 0.0223527 -0.0364015 0.237376 -0.365135 0.959059 0.00585157 1.0000 0 0 0 0   0 0 0
46 1 2 0 22 3.32284e-07 0.00580005 -0.00932957 37.8 -0.0115248 -0.0186575 0.176093 -0.0463984 0.236638 0.000712971 1.0000 0 0 0 0   0 0 0
48 1 2 0 22 3.32084e-07 -0.0200282 0.0085149 37.8 -0.0124659 0.0185889 0.198028 0.160348 0.0938263 -0.000650909 1.0000 0 0 0 0   0 0 0
49 1 2 0 22 3.3211e-07 -0.0207612 -0.0229527 37.8 -0.00896715 -0.00837506 0.178912 0.166354 0.346123 0.00173644 1.0000 0 0 0 0   0 0 0
50 1 2 0 22 3.31493e-07 -0.12329 -0.0287294 37.8 0.014118 -0.000695752 0.278678 1.0199 0.400007 0.00215848 1.0000 0 0 0 0   0 0 0
51 1 2 0 22 3.32367e-07 -0.00679861 0.0396289 37.8 0.0130581 -0.0562376 0.194129 0.0545631 -0.155358 -0.0029257 1.0000 0 0 0 0   0 0 0
52 1 2 0 22 3.32714e-07 -0.0164661 -0.0047849 37.8 0.0137121 -0.00919732 0.194536 0.13173 0.200254 0.000366189 1.0000 0 0 0 0   0 0 0
53 1 2 0 22 3.32214e-07 -0.0270616 0.0200286 37.8 0.0123158 -0.00108129 0.217719 0.216872 0.00164122 -0.00151954 1.0000 0 0 0 0   0 0 0
54 1 2 0 22 3.32279e-07 -0.0109178 0.0116898 37.8 0.00151317 -0.0185981 0.209371 0.0873388 0.0685131 -0.000892331 1.0000 0 0 0 0   0 0 0
55 1 2 0 22 3.32324e-07 -0.0178887 0.00643068 37.8 -0.00662819 -0.00100968 0.207871 0.143162 0.110519 -0.000491936 1.0000 0 0 0 0   0 0 0
56 1 2 0 22 3.32231e-07 -0.00670653 0.0155654 37.8 0.0095085 0.00474711 0.218366 0.0536508 0.0375567 -0.00118529 1.0000 0 0 0 0   0 0 0
57 1 2 0 22 3.32362e-07 -0.0275713 -0.0110456 37.8 0.0461445 0.00794547 0.219749 0.220903 0.250519 0.000843421 1.0000 0 0 0 0   0 0 0
58 1 2 0 22 3.32413e-07 0.00440998 0.00130855 37.8 0.00468218 -0.00724724 0.199694 -0.0352783 0.151497 -0.000100194 1.0000 0 0 0 0   0 0 0
59 1 2 0 22 3.32172e-07 -0.021775 -0.0049244 37.8 0.000212707 -0.0021531 0.226896 0.174346 0.201403 0.000376854 1.0000 0 0 0 0   0 0 0
60 1 2 0 22 3.32179e-07 -0.00953439 0.00782184 37.8 0.00191877 -0.00607341 0.213853 0.0762719 0.09942 -0.00059811 1.0000 0 0 0 0   0 0 0
61 1 2 0 22 3.32308e-07 0.00248163 -0.0118882 37.8 -0.00798471 -0.0171304 0.218195 -0.0198522 0.257131 0.000907364 1.0000 0 0 0 0   0 0 0
62 1 2 0 22 3.32421e-07 -0.00666629 -0.00184229 37.8 0.00310038 -0.0053312 0.20413 0.053328 0.176703 0.000141061 1.0000 0 0 0 0   0 0 0
63 1 2 0 22 3.32424e-07 0.0141011 0.00725402 37.8 -0.00225301 -0.00821209 0.206908 -0.112804 0.103959 -0.000554787 1.0000 0 0 0 0   0 0 0
64 1 2 0 22 3.32e-07 0.0288977 -0.00702038 37.8 -0.010872 0.00843815 0.172246 -0.231531 0.218235 0.000536951 1.0000 0 0 0 0   0 0 0
66 1 2 0 22 3.32251e-07 0.0128855 -0.00205396 37.8 -0.0145638 -0.011708 0.182005 -0.10308 0.178396 0.000157264 1.0000 0 0 0 0   0 0 0
67 1 2 0 22 3.32246e-07 0.0140307 -0.0175997 37.8 -0.0155386 -0.0164862 0.182049 -0.112342 0.303026 0.00133811 1.0000 0 0 0 0   0 0 0
68 1 2 0 22 3.32632e-07 0.03677 0.0133934 37.8 0.0242274 -0.00581118 0.205269 -0.295041 0.0545794 -0.00102139 1.0000 0 0 0 0   0 0 0
69 1 2 0 22 3.32066e-07 0.0233858 0.0686988 37.8 -0.00868382 -0.0139118 0.221952 -0.189122 -0.391491 -0.00469686 1.0000 0 0 0 0   0 0 0
70 1 2 0 22 3.31912e-07 -0.00876692 -0.0518937 37.8 -0.00372958 0.0144096 0.193271 0.0705143 0.580586 0.00373001 1.0000 0 0 0 0   0 0 0
72 1 2 0 22 3.32508e-07 0.0437843 -0.00166394 37.8 0.00189428 -0.015569 0.202944 -0.351615 0.175327 0.000127405 1.0000 0 0 0 0   0 0 0
74 1 2 0 22 3.32117e-07 -0.00220634 -0.0126365 37.8 0.0106589 -0.00614306 0.225648 0.01765 0.263126 0.00096405 1.0000 0 0 0 0   0 0 0
75 1 2 0 22 3.32367e-07 -0.0281493 0.00766769 37.8 0.00183024 -0.00470497 0.220417 0.225527 0.100559 -0.000586365 1.0000 0 0 0 0   0 0 0
76 1 2 0 22 3.32372e-07 -0.0078023 -0.0140037 37.8 0.00265195 0.00967943 0.208928 0.0624157 0.27408 0.00106747 1.0000 0 0 0 0   0 0 0
77 1 2 0 22 3.32262e-07 -0.0166025 -0.0230055 37.8 0.0162231 0.00168139 0.228937 0.133008 0.346514 0.00174034 1.0000 0 0 0 0   0 0 0
78 1 2 0 22 3.32252e-07 0.0023743 -0.00503679 37.8 -0.00271039 -0.000356892 0.229331 -0.0189936 0.202268 0.000385447 1.0000 0 0 0 0   0 0 0
79 1 2 0 22 3.32301e-07 0.00470718 0.00557415 37.8 -0.0111376 -0.000874429 0.223666 -0.0376558 0.117387 -0.00042653 1.0000 0 0 0 0   0 0 0
80 1 2 0 22 3.32394e-07 -0.0127291 -0.0158734 37.8 0.00223547 0.000610689 0.217197 0.101891 0.289141 0.00120844 1.0000 0 0 0 0   0 0 0
81 1 2 0 22 3.32312e-07 0.0211353 -0.0199658 37.8 -0.00164037 0.0113882 0.227864 -0.16933 0.32211 0.00151486 1.0000 0 0 0 0   0 0 0
82 1 2 0 22 3.32204e-07 -0.0309446 -0.0124525 37.8 0.00597278 -0.00543947 0.221747 0.247986 0.261829 0.000950113 1.0000 0 0 0 0   0 0 0
83 1 2 0 22 3.32284e-07 -0.00600649 -0.0139942 37.8 0.00151672 0.00189764 0.222553 0.0480498 0.274004 0.00106676 1.0000 0 0 0 0   0 0 0
84 1 2 0 22 3.32452e-07 0.0139121 -0.0434501 37.8 0.0138691 -0.00836769 0.196109 -0.111753 0.511858 0.00318377 1.0000 0 0 0 0   0 0 0
85 1 2 0 22 3.32178e-07 -0.0157371 -0.0259504 37.8 0.00249734 -0.0145466 0.221339 0.126093 0.370202 0.00195646 1.0000 0 0 0 0   0 0 0
86 1 2 0 22 3.32327e-07 0.00400175 -0.00639854 37.8 0.00849376 0.00276021 0.20966 -0.0320126 0.213169 0.000489482 1.0000 0 0 0 0   0 0 0
87 1 2 0 22 3.32232e-07 -0.0338513 0.00699874 37.8 0.0200762 -0.00192926 0.215995 0.271343 0.105887 -0.000535299 1.0000 0 0 0 0   0 0 0
88 1 2 0 22 3.32229e-07 -0.0487061 0.00236159 37.8 0.00869755 -0.00519587 0.222352 0.391414 0.142988 -0.000180807 1.0000 0 0 0 0   0 0 0
89 1 2 0 22 3.32158e-07 0.0196708 -0.0125905 37.8 0.0237622 -0.00869979 0.224703 -0.157517 0.262858 0.000960568 1.0000 0 0 0 0   0 0 0
90 1 2 0 22 3.32266e-07 -0.00999121 -0.0137226 37.8 -0.0130959 -0.0195346 0.187486 0.079928 0.27183 0.00104626 1.0000 0 0 0 0   0 0 0
91 1 2 0 22 3.32266e-07 -0.0104008 -0.02017 37.8 -0.00449425 -0.00538402 0.218773 0.0832795 0.323655 0.00153007 1.0000 0 0 0 0   0 0 0
92 1 2 0 22 3.31976e-07 -0.0515506 -0.00291276 37.8 -0.0326388 0.00184445 0.216118 0.414504 0.185388 0.000222987 1.0000 0 0 0 0   0 0 0
93 1 2 0 22 3.32257e-07 0.00341509 -0.0223194 37.8 -0.00442601 -0.0242863 0.234047 -0.0273444 0.340906 0.00168956 1.0000 0 0 0 0   0 0 0
94 1 2 0 22 3.32201e-07 -0.00863805 -0.00798191 37.8 0.0102051 0.00426683 0.223532 0.0691015 0.225846 0.000610304 1.0000 0 0 0 0   0 0 0
95 1 2 0 22 3.32417e-07 -0.000637635 -0.0331783 37.8 -0.0200622 -0.0199499 0.231878 0.00510988 0.428358 0.00247666 1.0000 0 0 0 0   0 0 0
96 1 2 0 22 3.32963e-07 -0.0345464 -0.0324135 37.8 -0.0322544 0.00283978 0.209135 0.277573 0.422886 0.00242248 1.0000 0 0 0 0   0 0 0
97 1 2 0 22 3.32337e-07 -0.00512851 -0.0171504 37.8 0.00710017 0.016586 0.225227 0.0410348 0.299326 0.00130445 1.0000 0 0 0 0   0 0 0
98 1 2 0 22 3.3231e-07 0.0149456 -0.0454139 37.8 -0.0193634 -0.00525053 0.231776 -0.120092 0.527823 0.00331388 1.0000 0 0 0 0   0 0 0
99 1 2 0 22 3.32318e-07 -0.0179192 -0.0317885 37.8 -0.0140082 0.00217234 0.213256 0.143702 0.417359 0.0023779 1.0000 0 0 0 0   0 0 0
100 1 2 0 22 3.32214e-07 0.00641552 -0.0348548 37.8 -0.00915887 -0.0115358 0.229897 -0.0514363 0.441974 0.00259492 1.0000 0 0 0 0   0 0 0
101 1 2 0 22 3.32451e-07 -0.00727475 -0.00175067 37.8 -0.0144155 0.014627 0.217872 0.0581955 0.17597 0.000134046 1.0000 0 0 0 0   0 0 0
102 1 2 0 22 3.32181e-07 0.00547218 -0.0255995 37.8 -0.000461854 0.00790058 0.228682 -0.0438315 0.367317 0.00193083 1.0000 0 0 0 0   0 0 0
104 1 2 0 22 3.32487e-07 0.0295553 -0.0178357 37.8 -0.0148952 0.00323215 0.184453 -0.236905 0.305077 0.00135577 1.0000 0 0 0 0   0 0 0
105 1 2 0 22 3.32294e-07 -0.00472453 -0.0404795 37.8 0.0129483 -0.00149544 0.186942 0.0379211 0.487625 0.0029838 1.0000 0 0 0 0   0 0 0
106 1 2 0 22 3.31744e-07 0.000355938 -0.0135295 37.8 0.00419831 -0.0112609 0.182989 -0.00284738 0.27028 0.00103167 1.0000 0 0 0 0   0 0 0
108 1 2 0 22 3.31603e-07 -0.0111259 -0.00199249 37.8 0.0172478 0.00416772 0.194171 0.0890036 0.177905 0.000152559 1.0000 0 0 0 0   0 0 0
109 1 2 0 22 3.31965e-07 0.0527273 -0.0137195 37.8 -0.0406854 -0.00128282 0.221264 -0.42433 0.272461 0.00104602 1.0000 0 0 0 0   0 0 0
110 1 2 0 22 3.31508e-07 0.00987132 0.00672559 37.8 -0.0224986 0.00569813 0.201588 -0.0789672 0.108183 -0.000514448 1.0000 0 0 0 0   0 0 0
111 1 2 0 22 3.31628e-07 -0.00627138 0.00329042 37.8 -0.0250031 -0.00246702 0.182795 0.0501689 0.135647 -0.00025189 1.0000 0 0 0 0   0 0 0
115 1 2 0 22 3.32525e-07 -0.00808522 -0.0309433 37.8 -0.0015447 -0.0145653 0.185863 0.0647889 0.410364 0.00231763 1.0000 0 0 0 0   0 0 0
116 1 2 0 22 3.31758e-07 -0.0103743 -0.0518208 37.8 0.00574183 -0.048528 0.21291 0.0834481 0.580024 0.00372548 1.0000 0 0 0 0   0 0 0
117 1 2 0 22 3.32186e-07 -0.00826127 -0.00354733 37.8 -0.018582 0.0314663 0.222432 0.0660873 0.190347 0.000271551 1.0000 0 0 0 0   0 0 0
118 1 2 0 22 3.32041e-07 -0.0510814 -0.0400605 37.8 0.0280959 0.0330519 0.268879 0.412114 0.485904 0.00295525 1.0000 0 0 0 0   0 0 0
119 1 2 0 22 3.3196e-07 -0.00322534 0.00315852 37.8 -0.00877569 0.000213945 0.173227 0.0258016 0.136701 -0.000241796 1.0000 0 0 0 0   0 0 0
121 1 2 0 22 3.31951e-07 0.00267796 -0.0762176 37.8 -7.48615e-06 -0.0357417 0.204316 -0.0216832 0.781667 0.00506808 1.0000 0 0 0 0   0 0 0
122 1 2 0 22 3.32093e-07 0.00391071 0.00253371 37.8 0.0121074 -0.00175953 0.181457 -0.0312844 0.141698 -0.000193979 1.0000 0 0 0 0   0 0 0
126 1 2 0 22 3.31933e-07 0.00874496 0.0383648 37.8 0.000490902 -0.0214175 0.200246 -0.0701722 -0.145207 -0.00283912 1.0000 0 0 0 0   0 0 0
127 1 2 0 22 3.31923e-07 -0.00333796 -0.0162009 37.8 0.00545659 0.00638393 0.175875 0.0267025 0.291688 0.00123307 1.0000 0 0 0 0   0 0 0
128 1 2 0 22 3.31558e-07 -0.0167782 -0.0035568 37.8 0.0164019 0.00606189 0.226523 0.134227 0.190424 0.000272276 1.0000 0 0 0 0   0 0 0
129 1 2 0 22 3.3183e-07 0.0120336 -0.0109662 37.8 0.0145529 0.0173978 0.182353 -0.0962648 0.249746 0.000837391 1.0000 0 0 0 0   0 0 0
131 1 2 0 22 3.31779e-07 0.00192902 -0.00743322 37.8 0.0149493 -0.00403821 0.174558 -0.0154315 0.221453 0.000568466 1.0000 0 0 0 0   0 0 0
133 1 2 0 22 3.32318e-07 -0.00370534 -0.0203395 37.8 -0.00342395 -0.0109469 0.226546 0.0296611 0.324973 0.00154268 1.0000 0 0 0 0   0 0 0
134 1 2 0 22 3.32419e-07 -0.0351393 -0.00652107 37.8 0.0150841 -0.00749241 0.185971 0.281749 0.21427 0.000498836 1.0000 0 0 0 0   0 0 0
135 1 2 0 22 3.32533e-07 0.00372022 -0.0189562 37.8 0.00100201 0.0153412 0.225008 -0.029774 0.313844 0.00143962 1.0000 0 0 0 0   0 0 0
136 1 2 0 22 3.32465e-07 -0.0207251 -0.0317391 37.8 -0.0031273 -0.00242475 0.216675 0.166256 0.41704 0.00237438 1.0000 0 0 0 0   0 0 0
137 1 2 0 22 3.32533e-07 0.0160669 -0.0222166 37.8 -0.0038446 -0.0125457 0.191989 -0.128708 0.340165 0.00168195 1.0000 0 0 0 0   0 0 0
138 1 2 0 22 3.32344e-07 -0.00306532 0.0031841 37.8 0.012358 -0.00641862 0.181252 0.0245215 0.136497 -0.000243753 1.0000 0 0 0 0   0 0 0
139 1 2 0 22 3.32537e-07 0.000602798 -0.0302638 37.8 0.0179828 -0.0105271 0.202056 -0.00482985 0.404874 0.00226889 1.0000 0 0 0 0   0 0 0
140 1 2 0 22 3.32542e-07 0.0153852 -0.0137369 37.8 -0.00713123 0.0128854 0.217432 -0.123157 0.272014 0.00104733 1.0000 0 0 0 0   0 0 0
141 1 2 0 22 3.32499e-07 0.0194516 -0.0153857 37.8 0.00164649 0.00292036 0.198274 -0.155785 0.285296 0.00117179 1.0000 0 0 0 0   0 0 0
142 1 2 0 22 3.31846e-07 -0.00291201 -0.00285121 37.8 0.0725474 -0.0581431 0.2187 0.0232951 0.184776 0.000218277 1.0000 0 0 0 0   0 0 0
143 1 2 0 22 3.32515e-07 -0.0153337 0.00430474 37.8 0.0029044 -0.0117331 0.211909 0.122665 0.127536 -0.00032948 1.0000 0 0 0 0   0 0 0
144 1 2 0 22 3.32184e-07 0.0179484 -0.00294948 37.8 -0.00767277 0.000762415 0.227261 -0.143618 0.185569 0.000225798 1.0000 0 0 0 0   0 0 0
145 1 2 0 22 3.32263e-07 -0.00726651 -0.0314793 37.8 -0.00861678 0.0129205 0.226506 0.0582294 0.41468 0.00235585 1.0000 0 0 0 0   0 0 0
146 1 2 0 22 3.32273e-07 -0.00410183 -0.0163053 37.8 0.00279761 -0.00635406 0.233647 0.0328132 0.292525 0.00124092 1.0000 0 0 0 0   0 0 0
147 1 2 0 22 3.32173e-07 -0.0159287 -0.0222241 37.8 -0.0164595 0.0062028 0.235402 0.127599 0.340224 0.00168251 1.0000 0 0 0 0   0 0 0
148 1 2 0 22 3.32224e-07 -0.0221317 0.0187756 37.8 -0.00254129 -0.00463858 0.232122 0.177313 0.0117032 -0.00142611 1.0000 0 0 0 0   0 0 0
149 1 2 0 22 3.32304e-07 -0.00146656 -0.00921452 37.8 0.000904881 0.0162986 0.229064 0.011732 0.235716 0.000704206 1.0000 0 0 0 0   0 0 0
150 1 2 0 22 3.32329e-07 -0.0163662 -0.0144656 37.8 0.00716232 0.0106732 0.222714 0.131031 0.277876 0.00110234 1.0000 0 0 0 0   0 0 0
151 1 2 0 22 3.32229e-07 -0.00228101 0.0115603 37.8 -0.00369203 0.00665145 0.222876 0.0182473 0.0695475 -0.000882521 1.0000 0 0 0 0   0 0 0
152 1 2 0 22 3.32221e-07 -0.0184714 -0.00672299 37.8 0.0016656 0.00918764 0.224884 0.14784 0.215794 0.000514249 1.0000 0 0 0 0   0 0 0
153 1 2 0 22 3.32294e-07 0.0125797 -0.0336518 37.8 -0.0155112 -0.00391464 0.184884 -0.100869 0.432322 0.00251012 1.0000 0 0 0 0   0 0 0
155 1 2 0 22 3.32344e-07 -0.0226091 -0.0115833 37.8 0.00554993 0.0102776 0.268693 0.181083 0.254801 0.000884268 1.0000 0 0 0 0   0 0 0
156 1 2 0 22 3.32564e-07 0.0135927 -0.0344955 37.8 -0.00896353 -0.00752252 0.18884 -0.10902 0.439186 0.00256974 1.0000 0 0 0 0   0 0 0
158 1 2 0 22 3.32088e-07 0.00278336 -0.00569949 37.8 -0.0100241 0.00280392 0.17049 -0.022266 0.207573 0.000436112 1.0000 0 0 0 0   0 0 0
159 1 2 0 22 3.32146e-07 -0.00167432 -0.00546803 37.8 -0.0069886 -0.000839878 0.176367 0.013394 0.20572 0.000418416 1.0000 0 0 0 0   0 0 0
160 1 2 0 22 3.31617e-07 -0.0342966 -0.0136324 37.8 0.0225764 0.0105077 0.213366 0.275066 0.271385 0.00103944 1.0000 0 0 0 0   0 0 0
161 1 2 0 22 3.31992e-07 0.000457601 -0.00400785 37.8 -0.00443126 0.0031782 0.173158 -0.00366065 0.194032 0.000306782 1.0000 0 0 0 0   0 0 0
162 1 2 0 22 3.32131e-07 -0.017549 -0.00485124 37.8 0.00650589 -0.00446798 0.18598 0.140423 0.200793 0.000371261 1.0000 0 0 0 0   0 0 0
163 1 2 0 22 3.32428e-07 -0.00366903 -0.0273339 37.8 0.000125302 0.00551076 0.226269 0.029392 0.381278 0.00205728 1.0000 0 0 0 0   0 0 0
164 1 2 0 22 3.32503e-07 -0.0189579 -0.0223681 37.8 -0.00882283 -0.00733174 0.226568 0.151888 0.341407 0.00169317 1.0000 0 0 0 0   0 0 0
167 1 2 0 22 3.32564e-07 -0.0066265 -0.0213741 37.8 -0.0122689 0.00125757 0.186261 0.0530566 0.333313 0.00161959 1.0000 0 0 0 0   0 0 0
168 1 2 0 22 3.32588e-07 -0.0115654 -0.0154997 37.8 -0.00514648 0.0176202 0.223273 0.0925618 0.286125 0.00118035 1.0000 0 0 0 0   0 0 0
169 1 2 0 22 3.32569e-07 -0.00976149 -0.00900588 37.8 0.0115646 0.00565231 0.216964 0.0780886 0.234046 0.000688312 1.0000 0 0 0 0   0 0 0
170 1 2 0 22 3.32519e-07 -0.025295 -0.0132319 37.8 0.0105617 -0.0142234 0.21809 0.202649 0.268052 0.00100916 1.0000 0 0 0 0   0 0 0
171 1 2 0 22 3.32344e-07 -0.0177071 -0.00209473 37.8 0.0101375 -0.011105 0.228895 0.141678 0.178726 0.000160383 1.0000 0 0 0 0   0 0 0
172 1 2 0 22 3.32699e-07 -0.025102 -0.00509915 37.8 0.0194962 -0.00529997 0.205868 0.201054 0.202817 0.000390215 1.0000 0 0 0 0   0 0 0
174 1 2 0 22 3.31948e-07 -0.0236987 0.000592637 37.8 -0.00726188 -0.0140154 0.178565 0.189778 0.157218 -4.53775e-05 1.0000 0 0 0 0   0 0 0
179 1 2 0 22 3.31848e-07 -0.00483887 0.0135306 37.8 -0.0111905 -0.019608 0.175657 0.0387093 0.053809 -0.00103176 1.0000 0 0 0 0   0 0 0
180 1 2 0 22 3.31852e-07 0.0402369 -0.00489491 37.8 0.0445637 -0.0261867 0.186532 -0.322946 0.201262 0.0003746 1.0000 0 0 0 0   0 0 0
181 1 2 0 22 3.32574e-07 -0.0106858 0.00117811 37.8 0.00082105 0.0011228 0.204976 0.0854827 0.15254 -9.02061e-05 1.0000 0 0 0 0   0 0 0
182 1 2 0 22 3.32402e-07 -0.00278146 0.0116228 37.8 0.00336416 -0.00808619 0.184303 0.0222507 0.069048 -0.000887258 1.0000 0 0 0 0   0 0 0
183 1 2 0 22 3.32254e-07 0.00300107 -0.0031369 37.8 -0.00703086 0.00409106 0.228789 -0.0240075 0.187063 0.000240141 1.0000 0 0 0 0   0 0 0
184 1 2 0 22 3.33036e-07 0.0433947 -0.0113439 37.8 -0.0211762 -0.00672287 0.179963 -0.348542 0.253137 0.000866089 1.0000 0 0 0 0   0 0 0
185 1 2 0 22 3.32471e-07 -0.00912761 -0.00975919 37.8 -0.0134134 0.0164885 0.221659 0.0730178 0.240078 0.000745669 1.0000 0 0 0 0   0 0 0
186 1 2 0 22 3.32461e-07 -0.0106752 -0.0375209 37.8 -0.016005 0.00435659 0.203088 0.0856552 0.463673 0.00278069 1.0000 0 0 0 0   0 0 0
187 1 2 0 22 3.32441e-07 -0.0123013 -0.0297925 37.8 -0.0119044 -0.00428205 0.22385 0.0985752 0.401114 0.00223498 1.0000 0 0 0 0   0 0 0
188 1 2 0 22 3.33133e-07 0.0465496 -0.0188304 37.8 -0.0129349 -0.026766 0.179111 -0.374151 0.313482 0.00143021 1.0000 0 0 0 0   0 0 0
189 1 2 0 22 3.32571e-07 -0.0228711 -0.00242745 37.8 0.000273458 -0.00050894 0.215398 0.183136 0.181404 0.000185847 1.0000 0 0 0 0   0 0 0
192 1 2 0 22 3.32537e-07 0.0141614 -0.0225282 37.8 -0.00108006 0.0007858 0.196541 -0.113436 0.342655 0.00170501 1.0000 0 0 0 0   0 0 0
193 1 2 0 22 3.32705e-07 0.0125848 -0.0214211 37.8 0.0346188 0.0058012 0.199246 -0.10079 0.333736 0.00162307 1.0000 0 0 0 0   0 0 0
194 1 2 0 22 3.32477e-07 0.0104621 -0.022931 37.8 -0.0039149 0.0121741 0.224691 -0.0837928 0.345867 0.00173483 1.0000 0 0 0 0   0 0 0
195 1 2 0 22 3.32004e-07 -0.0130658 -0.0116201 37.8 0.0163593 0.00280288 0.16671 0.104535 0.254995 0.000887049 1.0000 0 0 0 0   0 0 0
196 1 2 0 22 3.32669e-07 0.0284374 -0.0215668 37.8 0.00635981 0.00554561 0.193204 -0.22801 0.335102 0.00163386 1.0000 0 0 0 0   0 0 0
197 1 2 0 22 3.33015e-07 0.0280821 0.00254988 37.8 0.026136 -0.0241467 0.192516 -0.224971 0.141539 -0.000195217 1.0000 0 0 0 0   0 0 0
199 1 2 0 22 3.32758e-07 0.00994427 0.0120837 37.8 0.0201116 -0.00663078 0.1976 -0.0795508 0.0653663 -0.000922175 1.0000 0 0 0 0   0 0 0
200 1 2 0 22 3.32356e-07 0.0112409 0.00164496 37.8 -0.00358118 -0.00869111 0.227402 -0.0899237 0.148806 -0.000125953 1.0000 0 0 0 0   0 0 0
0 1 2 0 23 3.38836e-07 -0.00641636 -0.0113534 39.6 0 0 0.204 0 0 0 1.0000 0 0 0 0   0 0 0
1 1 2 0 23 3.38933e-07 -0.0261082 0.0144747 39.6 -0.0130591 0.00132969 0.241713 0.209183 0.0460878 -0.00110303 1.0000 0 0 0 0   0 0 0
2 1 2 0 23 3.38856e-07 0.000674764 -0.0122199 39.6 -0.0171613 -0.0127144 0.238062 -0.00539788 0.259788 0.000932488 1.0000 0 0 0 0   0 0 0
3 1 2 0 23 3.38913e-07 -0.0466715 0.0122373 39.6 0.0105516 -0.00777984 0.236662 0.375038 0.0636981 -0.000933812 1.0000 0 0 0 0   0 0 0
4 1 2 0 23 3.38743e-07 -0.0420944 -0.0109167 39.6 0.00296122 0.0008575 0.236342 0.338026 0.249682 0.000833625 1.0000 0 0 0 0   0 0 0
5 1 2 0 23 3.38807e-07 -0.0344985 0.00770876 39.6 0.000534042 0.00452676 0.242952 0.276585 0.100188 -0.000589495 1.0000 0 0 0 0   0 0 0
6 1 2 0 23 3.38886e-07 0.00210327 -0.0104731 39.6 0.00685957 -0.00390002 0.241876 -0.0168254 0.245796 0.000799918 1.0000 0 0 0 0   0 0 0
7 1 2 0 23 3.38952e-07 -0.0369368 0.0267864 39.6 0.00267237 -0.000926949 0.230314 0.296706 -0.0528734 -0.00201754 1.0000 0 0 0 0   0 0 0
8 1 2 0 23 3.38844e-07 -0.0393434 -0.0310231 39.6 0.014964 -0.00206837 0.227223 0.316226 0.41176 0.00232331 1.0000 0 0 0 0   0 0 0
9 1 2 0 23 3.39175e-07 -0.0476845 0.0124041 39.6 0.0086177 0.000907803 0.250357 0.383228 0.0623469 -0.000946447 1.0000 0 0 0 0   0 0 0
10 1 2 0 23 3.38971e-07 -0.028487 0.0565942 39.6 0.00804007 -0.00446093 0.247289 0.229754 -0.293024 -0.00401756 1.0000 0 0 0 0   0 0 0
11 1 2 0 23 3.3904e-07 -0.01275 0.0459447 39.6 0.0172273 0.0266867 0.24182 0.102448 -0.206238 -0.00334888 1.0000 0 0 0 0   0 0 0
12 1 2 0 23 3.39307e-07 0.00302436 -0.0104021 39.6 0.0132335 0.0272337 0.20426 -0.0241939 0.245227 0.000794521 1.0000 0 0 0 0   0 0 0
14 1 2 0 23 3.39196e-07 0.00970925 -0.0227142 39.6 0.0136573 0.0117813 0.224571 -0.0777592 0.344117 0.00171879 1.0000 0 0 0 0   0 0 0
15 1 2 0 23 3.39421e-07 -0.0106356 -0.0653493 39.6 -0.0278864 0.0134121 0.229278 0.0858279 0.691246 0.00451861 1.0000 0 0 0 0   0 0 0
16 1 2 0 23 3.39318e-07 -0.00899867 -0.0347653 39.6 0.00122996 0.0318836 0.22404 0.0721548 0.441285 0.00258865 1.0000 0 0 0 0   0 0 0
17 1 2 0 23 3.39286e-07 0.025081 -0.0638114 39.6 -0.00778244 -0.00077275 0.204605 -0.202534 0.679091 0.004434 1.0000 0 0 0 0   0 0 0
18 1 2 0 23 3.39172e-07 0.0140077 -0.0228703 39.6 -0.00107842 -0.00979659 0.236465 -0.112207 0.345406 0.00173034 1.0000 0 0 0 0   0 0 0
19 1 2 0 23 3.38925e-07 -0.00290817 -0.0183047 39.6 0.00212463 0.0025405 0.226359 0.0232719 0.308599 0.00139087 1.0000 0 0 0 0   0 0 0
20 1 2 0 23 3.38977e-07 0.0248029 0.0243131 39.6 -0.0226586 0.00400662 0.219511 -0.198822 -0.032657 -0.00183654 1.0000 0 0 0 0   0 0 0
21 1 2 0 23 3.38819e-07 0.0107818 0.0146632 39.6 0.0173194 -0.0158979 0.220704 -0.086273 0.0447332 -0.00111725 1.0000 0 0 0 0   0 0 0
22 1 2 0 23 3.38786e-07 -0.00641214 -0.0152634 39.6 -0.000341722 -0.00201284 0.224271 0.0512949 0.284174 0.00116256 1.0000 0 0 0 0   0 0 0
23 1 2 0 23 3.38731e-07 0.00710263 -0.0392971 39.6 -0.0212421 0.0109324 0.234787 -0.0570001 0.478044 0.00290298 1.0000 0 0 0 0   0 0 0
24 1 2 0 23 3.38803e-07 0.00504189 -0.00227866 39.6 -0.0185188 -0.0122507 0.231421 -0.0403334 0.180195 0.00017446 1.0000 0 0 0 0   0 0 0
25 1 2 0 23 3.38926e-07 -0.0225898 -0.00167222 39.6 0.0185435 0.00914617 0.218306 0.180877 0.175354 0.000128039 1.0000 0 0 0 0   0 0 0
26 1 2 0 23 3.38756e-07 -0.0187849 -0.0309912 39.6 0.0397378 0.0298425 0.226356 0.150636 0.410927 0.00232104 1.0000 0 0 0 0   0 0 0
27 1 2 0 23 3.39056e-07 -0.00736498 -0.0280712 39.6 -0.00833157 -0.00980674 0.22841 0.059006 0.387228 0.00211075 1.0000 0 0 0 0   0 0 0
28 1 2 0 23 3.39422e-07 -0.0234973 -0.013193 39.6 -0.0288492 -0.0109564 0.218652 0.188223 0.267726 0.00100621 1.0000 0 0 0 0   0 0 0
29 1 2 0 23 3.3936e-07 0.0074094 0.0124087 39.6 0.00116729 0.0179213 0.222223 -0.0592727 0.0627703 -0.000946795 1.0000 0 0 0 0   0 0 0
31 1 2 0 23 3.40039e-07 -0.0464298 0.0438032 39.6 -0.00745693 -0.0094563 0.189742 0.374503 -0.190471 -0.00320737 1.0000 0 0 0 0   0 0 0
32 1 2 0 23 3.40213e-07 -0.0304854 -0.0342977 39.6 0.00764843 0.0228806 0.17285 0.244893 0.438026 0.00255576 1.0000 0 0 0 0   0 0 0
33 1 2 0 23 3.39296e-07 -0.00438668 -0.0266802 39.6 -8.5813e-05 -0.0123817 0.23359 0.0351394 0.376016 0.00200978 1.0000 0 0 0 0   0 0 0
34 1 2 0 23 3.39668e-07 0.0174723 -0.0054545 39.6 0.0739664 -0.0462333 0.207427 -0.139812 0.205624 0.000417382 1.0000 0 0 0 0   0 0 0
36 1 2 0 23 3.39441e-07 0.0108498 -0.0385551 39.6 0.00329107 -0.00739343 0.231588 -0.087074 0.47207 0.00285217 1.0000 0 0 0 0   0 0 0
37 1 2 0 23 3.39122e-07 0.00468068 -0.0626335 39.6 0.0103094 -0.00169523 0.22238 -0.0377462 0.668829 0.00436822 1.0000 0 0 0 0   0 0 0
38 1 2 0 23 3.38953e-07 -0.0235951 -0.0164885 39.6 -0.0298066 -0.0040421 0.225503 0.189034 0.294189 0.00125469 1.0000 0 0 0 0   0 0 0
40 1 2 0 23 3.38802e-07 0.00359721 -0.0143474 39.6 -0.00724762 -0.00518005 0.209242 -0.0287765 0.276834 0.00109341 1.0000 0 0 0 0   0 0 0
41 1 2 0 23 3.39114e-07 -0.0118453 0.0198643 39.6 -0.0129179 0.00935552 0.222198 0.0948505 0.00308565 -0.00150731 1.0000 0 0 0 0   0 0 0
42 1 2 0 23 3.38929e-07 -0.00334346 0.00625101 39.6 -0.0255811 0.0106254 0.230461 0.0267465 0.111976 -0.00047822 1.0000 0 0 0 0   0 0 0
44 1 2 0 23 3.39087e-07 -0.0241401 -0.0106166 39.6 -0.0141739 0.00245347 0.208867 0.193363 0.247055 0.000810819 1.0000 0 0 0 0   0 0 0
45 1 2 0 23 3.38941e-07 -0.0642439 0.108695 39.6 -0.0014612 -0.00421797 0.25748 0.531355 -0.732108 -0.00612689 1.0000 0 0 0 0   0 0 0
46 1 2 0 23 3.3926e-07 0.00841992 0.00667139 39.6 0.000462637 -0.00411136 0.194243 -0.0673565 0.108616 -0.000510311 1.0000 0 0 0 0   0 0 0
48 1 2 0 23 3.38952e-07 0.0149692 -0.0464547 39.6 -0.00735178 0.000587815 0.206362 -0.120296 0.536277 0.00338215 1.0000 0 0 0 0   0 0 0
49 1 2 0 23 3.39139e-07 0.0199227 -0.00295832 39.6 -0.0231244 -0.0109648 0.189932 -0.159468 0.185647 0.000226474 1.0000 0 0 0 0   0 0 0
50 1 2 0 23 3.38095e-07 0.0884237 0.0152041 39.6 -0.0190511 -0.000716123 0.254941 -0.719289 0.0383924 -0.00115809 1.0000 0 0 0 0   0 0 0
51 1 2 0 23 3.393e-07 -0.0163123 0.0124253 39.6 0.000493059 0.0513408 0.209668 0.130576 0.0625747 -0.000948049 1.0000 0 0 0 0   0 0 0
52 1 2 0 23 3.39495e-07 -0.0122806 -0.00745886 39.6 -0.0122027 0.00775856 0.211524 0.0982404 0.221658 0.000570423 1.0000 0 0 0 0   0 0 0
53 1 2 0 23 3.38887e-07 -0.00492002 -0.0393338 39.6 -0.0155921 0.011865 0.226833 0.039482 0.478322 0.00290549 1.0000 0 0 0 0   0 0 0
54 1 2 0 23 3.39018e-07 -0.00771445 -0.0146373 39.6 -0.00341269 0.0181692 0.218117 0.061713 0.279157 0.0011153 1.0000 0 0 0 0   0 0 0
55 1 2 0 23 3.39059e-07 0.00275393 -0.0252547 39.6 0.00113767 0.00740781 0.22039 -0.0220571 0.364533 0.00190564 1.0000 0 0 0 0   0 0 0
56 1 2 0 23 3.38895e-07 -0.0225755 -0.0384936 39.6 -0.00395684 0.00416393 0.227326 0.181317 0.471813 0.00284796 1.0000 0 0 0 0   0 0 0
57 1 2 0 23 3.39002e-07 -0.0203139 -0.0149572 39.6 -0.041418 -0.00220856 0.234929 0.162698 0.281863 0.00113945 1.0000 0 0 0 0   0 0 0
58 1 2 0 23 3.39169e-07 -0.0240225 -0.0115085 39.6 -0.000637778 0.00779659 0.217123 0.192425 0.25421 0.000878594 1.0000 0 0 0 0   0 0 0
59 1 2 0 23 3.38801e-07 -0.00185732 -0.0153083 39.6 -0.00282501 0.00268135 0.231512 0.0148579 0.284534 0.00116595 1.0000 0 0 0 0   0 0 0
60 1 2 0 23 3.38878e-07 -0.0108897 -0.0241859 39.6 -0.000386166 0.0101635 0.221 0.087228 0.355968 0.00182718 1.0000 0 0 0 0   0 0 0
61 1 2 0 23 3.3899e-07 -0.0162228 0.00102639 39.6 0.0103059 0.00592687 0.231246 0.129777 0.153753 -7.85897e-05 1.0000 0 0 0 0   0 0 0
62 1 2 0 23 3.39139e-07 -0.0137131 -0.0178043 39.6 0.000562758 0.00288306 0.222096 0.109798 0.304668 0.00135342 1.0000 0 0 0 0   0 0 0
63 1 2 0 23 3.39155e-07 -0.0320104 -0.0188074 39.6 0.0106115 0.0128958 0.221745 0.256743 0.312976 0.00142849 1.0000 0 0 0 0   0 0 0
64 1 2 0 23 3.39085e-07 0.0113906 -0.0214849 39.6 0.0216519 -0.00130846 0.179267 -0.0912208 0.334239 0.00162779 1.0000 0 0 0 0   0 0 0
66 1 2 0 23 3.39182e-07 0.00663276 -0.00526364 39.6 0.014858 0.000283492 0.197184 -0.0530598 0.204084 0.00040279 1.0000 0 0 0 0   0 0 0
67 1 2 0 23 3.39207e-07 0.0093796 0.00670042 39.6 0.00892299 -0.0111958 0.199496 -0.0750336 0.108384 -0.000512527 1.0000 0 0 0 0   0 0 0
68 1 2 0 23 3.394e-07 -0.0735424 -0.0222233 39.6 0.00121751 0.0106895 0.225243 0.595568 0.342165 0.00168245 1.0000 0 0 0 0   0 0 0
69 1 2 0 23 3.38929e-07 -0.0142811 -0.0493028 39.6 0.0178006 0.0483437 0.218611 0.114819 0.559467 0.00356607 1.0000 0 0 0 0   0 0 0
70 1 2 0 23 3.38847e-07 0.000112801 -0.0111101 39.6 -0.00880571 -0.0341481 0.189239 -0.000902368 0.250899 0.000848324 1.0000 0 0 0 0   0 0 0
72 1 2 0 23 3.39319e-07 -0.0543053 -0.0006397 39.6 0.0220474 0.00925286 0.219482 0.437007 0.167112 4.89809e-05 1.0000 0 0 0 0   0 0 0
74 1 2 0 23 3.38753e-07 -0.0254889 -0.00661466 39.6 -0.00402681 0.00430566 0.226881 0.204166 0.214968 0.00050598 1.0000 0 0 0 0   0 0 0
75 1 2 0 23 3.39014e-07 0.000585051 -0.0285733 39.6 -0.00727854 0.00895793 0.234293 -0.0046871 0.391256 0.00214716 1.0000 0 0 0 0   0 0 0
76 1 2 0 23 3.39069e-07 -0.0121348 -0.0141692 39.6 -0.00447279 -0.0108488 0.224407 0.0971077 0.275445 0.00107996 1.0000 0 0 0 0   0 0 0
77 1 2 0 23 3.38856e-07 -0.0149292 0.000822878 39.6 -0.0169359 -0.00635303 0.23687 0.119429 0.155381 -6.30068e-05 1.0000 0 0 0 0   0 0 0
78 1 2 0 23 3.38862e-07 -0.0277429 -0.0136118 39.6 0.00590543 0.00162038 0.23741 0.222296 0.271118 0.00103789 1.0000 0 0 0 0   0 0 0
79 1 2 0 23 3.38953e-07 -0.0220356 -0.0234234 39.6 0.0159303 0.00716162 0.231862 0.176578 0.349919 0.0017711 1.0000 0 0 0 0   0 0 0
80 1 2 0 23 3.39046e-07 -0.0110757 -0.00705286 39.6 -0.000476349 -0.00244879 0.2317 0.0886019 0.218407 0.00053943 1.0000 0 0 0 0   0 0 0
81 1 2 0 23 3.38937e-07 -0.0463911 -0.00505957 39.6 0.00625688 -0.0135213 0.238609 0.372706 0.202624 0.000387188 1.0000 0 0 0 0   0 0 0
82 1 2 0 23 3.38853e-07 0.00286466 -0.00759345 39.6 -0.0123438 0.00622709 0.228782 -0.0229163 0.222735 0.000580697 1.0000 0 0 0 0   0 0 0
83 1 2 0 23 3.38913e-07 -0.0185435 -0.00901403 39.6 -0.00254916 -0.00116495 0.23405 0.148439 0.234158 0.000688933 1.0000 0 0 0 0   0 0 0
85 1 2 0 23 3.38841e-07 -0.00797799 0.0115432 39.6 -0.00230178 0.00515728 0.227645 0.0638212 0.0696838 -0.000881228 1.0000 0 0 0 0   0 0 0
86 1 2 0 23 3.39014e-07 -0.0289859 -0.0169136 39.6 -0.00154492 -0.00450411 0.223566 0.232292 0.297642 0.00128665 1.0000 0 0 0 0   0 0 0
87 1 2 0 23 3.38901e-07 -0.00483628 -0.0267891 39.6 -0.0247603 0.00755517 0.225745 0.0387415 0.376893 0.00201773 1.0000 0 0 0 0   0 0 0
88 1 2 0 23 3.38892e-07 0.0179624 -0.0219677 39.6 -0.0195623 0.0106347 0.230862 -0.143902 0.338179 0.00166353 1.0000 0 0 0 0   0 0 0
89 1 2 0 23 3.38798e-07 -0.0554935 -0.00191924 39.6 -0.0123525 0.0030872 0.231111 0.446722 0.177415 0.000146954 1.0000 0 0 0 0   0 0 0
90 1 2 0 23 3.39173e-07 0.0198549 0.00740121 39.6 -0.000910702 -0.000908759 0.205363 -0.158949 0.102739 -0.000566022 1.0000 0 0 0 0   0 0 0
91 1 2 0 23 3.38929e-07 -0.00604755 0.00142836 39.6 0.00287395 -0.0018598 0.229534 0.0483784 0.150538 -0.000109368 1.0000 0 0 0 0   0 0 0
92 1 2 0 23 3.38834e-07 0.0593347 -0.0272254 39.6 -0.00601938 -0.000536797 0.220051 -0.478736 0.381973 0.00204941 1.0000 0 0 0 0   0 0 0
93 1 2 0 23 3.38867e-07 -0.0267265 0.0110612 39.6 0.00778137 0.0144351 0.243318 0.214123 0.0734023 -0.000844608 1.0000 0 0 0 0   0 0 0
94 1 2 0 23 3.38828e-07 -0.0214789 -0.0156931 39.6 -0.00920543 -0.00600097 0.228914 0.17205 0.287783 0.00119489 1.0000 0 0 0 0   0 0 0
95 1 2 0 23 3.39063e-07 -0.0163443 0.0212622 39.6 0.0199659 0.00662661 0.246184 0.130923 -0.00814338 -0.00161131 1.0000 0 0 0 0   0 0 0
96 1 2 0 23 3.39818e-07 0.0432932 -0.00193113 39.6 0.000400303 -0.0123121 0.213312 -0.347644 0.177472 0.000147864 1.0000 0 0 0 0   0 0 0
97 1 2 0 23 3.38945e-07 -0.021635 -0.0118375 39.6 -0.00559481 -0.0152289 0.238308 0.173269 0.256832 0.000903518 1.0000 0 0 0 0   0 0 0
98 1 2 0 23 3.38968e-07 -0.0296315 0.0293509 39.6 0.0188369 -0.00399943 0.242915 0.237875 -0.0732598 -0.00220322 1.0000 0 0 0 0   0 0 0
99 1 2 0 23 3.39042e-07 0.0100048 0.00397324 39.6 0.0024932 -0.0147007 0.226774 -0.0800353 0.130186 -0.000304136 1.0000 0 0 0 0   0 0 0
100 1 2 0 23 3.38857e-07 -0.0224273 0.0206656 39.6 0.00827438 0.00201423 0.235349 0.179699 -0.00342081 -0.00156696 1.0000 0 0 0 0   0 0 0
101 1 2 0 23 3.39155e-07 -0.0081728 -0.0299862 39.6 0.00970341 -0.0132404 0.231131 0.0654871 0.402655 0.00224892 1.0000 0 0 0 0   0 0 0
102 1 2 0 23 3.38804e-07 -0.0284048 0.00125672 39.6 0.00378176 -0.00950109 0.233309 0.227561 0.151896 -9.62257e-05 1.0000 0 0 0 0   0 0 0
104 1 2 0 23 3.39415e-07 -0.00936063 -0.0111294 39.6 0.0217312 -0.0124341 0.201757 0.0748818 0.251053 0.000849792 1.0000 0 0 0 0   0 0 0
105 1 2 0 23 3.39155e-07 -0.0182769 0.00999333 39.6 -0.00917951 -0.0174916 0.203572 0.146309 0.0820125 -0.000763461 1.0000 0 0 0 0   0 0 0
106 1 2 0 23 3.3876e-07 -0.00342716 0.000474241 39.6 -0.00142274 -0.00766277 0.172318 0.0274161 0.15817 -3.63122e-05 1.0000 0 0 0 0   0 0 0
108 1 2 0 23 3.38546e-07 -0.0202908 -0.0157526 39.6 -0.0133595 0.00538328 0.171376 0.16252 0.28825 0.00119937 1.0000 0 0 0 0   0 0 0
109 1 2 0 23 3.38855e-07 -0.00947078 -0.00455485 39.6 0.0602372 0.000323411 0.21495 0.075763 0.198411 0.000348601 1.0000 0 0 0 0   0 0 0
110 1 2 0 23 3.38504e-07 0.0286646 -0.0106793 39.6 0.0129009 0.0129846 0.175538 -0.229677 0.247585 0.000815585 1.0000 0 0 0 0   0 0 0
111 1 2 0 23 3.38781e-07 0.022049 0.000245792 39.6 -0.017883 0.00957371 0.166516 -0.176534 0.159996 -1.88201e-05 1.0000 0 0 0 0   0 0 0
115 1 2 0 23 3.39404e-07 0.00239917 0.0162239 39.6 -0.002157 -0.00456333 0.206071 -0.0191925 0.032301 -0.0012348 1.0000 0 0 0 0   0 0 0
116 1 2 0 23 3.38668e-07 -0.000655195 0.0698628 39.6 -0.00841079 -0.00522729 0.210864 0.00529346 -0.400287 -0.00475692 1.0000 0 0 0 0   0 0 0
117 1 2 0 23 3.389e-07 -0.00490586 -0.0391947 39.6 0.00803583 -0.0250277 0.22799 0.0393673 0.477192 0.00289597 1.0000 0 0 0 0   0 0 0
118 1 2 0 23 3.38561e-07 0.0221065 0.0248864 39.6 -0.0263695 -0.0305332 0.264106 -0.177158 -0.0371839 -0.0018787 1.0000 0 0 0 0   0 0 0
119 1 2 0 23 3.39024e-07 0.00955302 -0.0136031 39.6 -0.0063688 0.0106296 0.178235 -0.0764209 0.27087 0.00103723 1.0000 0 0 0 0   0 0 0
121 1 2 0 23 3.38968e-07 0.0014842 0.069911 39.6 -0.0038614 -0.0330034 0.215366 -0.0119914 -0.400687 -0.00475939 1.0000 0 0 0 0   0 0 0
122 1 2 0 23 3.39018e-07 -0.0198593 -0.013232 39.6 0.000769795 0.00640956 0.190554 0.159035 0.268008 0.00100917 1.0000 0 0 0 0   0 0 0
126 1 2 0 23 3.38846e-07 -0.00952594 -0.00458818 39.6 0.00727391 0.0400464 0.193083 0.0762043 0.198677 0.000351149 1.0000 0 0 0 0   0 0 0
127 1 2 0 23 3.38948e-07 -0.00701976 -0.0193411 39.6 -0.00691934 -0.00943682 0.176849 0.056192 0.31696 0.00146836 1.0000 0 0 0 0   0 0 0
128 1 2 0 23 3.38279e-07 -0.0145538 -0.0197873 39.6 -0.0167182 -0.000756155 0.192193 0.116557 0.320616 0.00150158 1.0000 0 0 0 0   0 0 0
129 1 2 0 23 3.3884e-07 -0.0177558 -0.0290352 39.6 0.00766401 0.000442206 0.177504 0.142307 0.395062 0.00218051 1.0000 0 0 0 0   0 0 0
131 1 2 0 23 3.38858e-07 -0.0127708 -0.00180385 39.6 0.00142481 0.00245901 0.169183 0.102162 0.176395 0.000138118 1.0000 0 0 0 0   0 0 0
133 1 2 0 23 3.38939e-07 -0.0173721 0.00336107 39.6 0.00662669 0.00287688 0.238617 0.138994 0.135077 -0.000257297 1.0000 0 0 0 0   0 0 0
134 1 2 0 23 3.39271e-07 -0.00355749 -0.00554622 39.6 -0.0245621 0.00724327 0.203681 0.0284587 0.206346 0.000424394 1.0000 0 0 0 0   0 0 0
135 1 2 0 23 3.39145e-07 -0.0303066 -0.00528998 39.6 -0.000274899 -0.0188412 0.243108 0.242836 0.204364 0.000404804 1.0000 0 0 0 0   0 0 0
136 1 2 0 23 3.39131e-07 0.00108709 0.0102193 39.6 1.54369e-05 -0.0068588 0.235079 -0.00869634 0.0802619 -0.000780629 1.0000 0 0 0 0   0 0 0
137 1 2 0 23 3.39372e-07 -0.019737 0.00956418 39.6 0.00760911 -0.00966843 0.209795 0.15802 0.0854325 -0.000730844 1.0000 0 0 0 0   0 0 0
138 1 2 0 23 3.39224e-07 -0.0225858 -0.0130873 39.6 -0.00655215 0.00623929 0.199661 0.180908 0.266871 0.000998201 1.0000 0 0 0 0   0 0 0
139 1 2 0 23 3.3927e-07 -0.0285772 0.0178285 39.6 -0.00766139 -0.000218116 0.222473 0.229018 0.0192338 -0.00135524 1.0000 0 0 0 0   0 0 0
140 1 2 0 23 3.39212e-07 -0.0376077 -0.0114728 39.6 0.00826705 -0.0143603 0.231851 0.301774 0.254085 0.000875881 1.0000 0 0 0 0   0 0 0
141 1 2 0 23 3.39274e-07 -0.0308618 -0.00856634 39.6 0.0108782 -0.0096785 0.21542 0.247304 0.230642 0.000654827 1.0000 0 0 0 0   0 0 0
142 1 2 0 23 3.38716e-07 -0.0711426 0.0371032 39.6 -0.0458887 0.0435101 0.224747 0.576712 -0.138175 -0.00275177 1.0000 0 0 0 0   0 0 0
143 1 2 0 23 3.39193e-07 -0.00999377 -0.0193495 39.6 -0.00699134 0.0151849 0.230193 0.0800115 0.317053 0.00146899 1.0000 0 0 0 0   0 0 0
144 1 2 0 23 3.38825e-07 -0.0362549 -0.0177477 39.6 0.0105047 -3.22658e-05 0.231708 0.290977 0.304552 0.00134919 1.0000 0 0 0 0   0 0 0
145 1 2 0 23 3.38923e-07 -0.00867913 0.00149354 39.6 0.00702121 -0.0189407 0.232981 0.0694301 0.150017 -0.000114359 1.0000 0 0 0 0   0 0 0
146 1 2 0 23 3.38857e-07 -0.023784 -0.00355553 39.6 -0.00169156 0.0031031 0.242934 0.190468 0.190443 0.000272179 1.0000 0 0 0 0   0 0 0
147 1 2 0 23 3.38795e-07 -0.00204911 -0.00179476 39.6 0.0103879 -0.0108457 0.238859 0.0163922 0.176322 0.000137422 1.0000 0 0 0 0   0 0 0
148 1 2 0 23 3.38846e-07 -0.00309527 -0.0369751 39.6 -0.000230693 0.00944658 0.235824 0.0248258 0.459157 0.0027429 1.0000 0 0 0 0   0 0 0
149 1 2 0 23 3.38922e-07 -0.0235191 -0.0179699 39.6 -0.00444291 -0.0136325 0.236931 0.188436 0.306089 0.00136581 1.0000 0 0 0 0   0 0 0
150 1 2 0 23 3.38948e-07 -0.0136156 -0.0136085 39.6 -0.00741169 -0.0111024 0.236207 0.108969 0.270962 0.00103764 1.0000 0 0 0 0   0 0 0
151 1 2 0 23 3.38889e-07 -0.0192444 -0.0350123 39.6 0.00971151 -0.00318545 0.228945 0.154441 0.443513 0.00260593 1.0000 0 0 0 0   0 0 0
152 1 2 0 23 3.38851e-07 -0.00709065 -0.0176021 39.6 -0.0022005 -0.00834037 0.231928 0.0567454 0.302975 0.00133829 1.0000 0 0 0 0   0 0 0
153 1 2 0 23 3.39229e-07 0.0086497 0.0036888 39.6 0.00748851 -0.0226576 0.201304 -0.0691947 0.132461 -0.000282378 1.0000 0 0 0 0   0 0 0
155 1 2 0 23 3.38791e-07 -0.0157064 -0.00661208 39.6 -0.00692384 -0.00974973 0.275973 0.12565 0.21488 0.000505783 1.0000 0 0 0 0   0 0 0
156 1 2 0 23 3.39444e-07 -0.00851354 0.0154506 39.6 0.00932068 -0.0141542 0.207573 0.068116 0.0384561 -0.00117666 1.0000 0 0 0 0   0 0 0
158 1 2 0 23 3.39132e-07 0.00757611 -0.017274 39.6 -0.00141455 0.00422257 0.183406 -0.0606293 0.300341 0.00131374 1.0000 0 0 0 0   0 0 0
159 1 2 0 23 3.39121e-07 0.00690743 -0.0122643 39.6 -0.00356647 0.00236525 0.189857 -0.0552571 0.260144 0.000935854 1.0000 0 0 0 0   0 0 0
160 1 2 0 23 3.38421e-07 -0.0135842 -0.0204504 39.6 -0.0283664 -0.011494 0.186876 0.108791 0.325939 0.00155094 1.0000 0 0 0 0   0 0 0
161 1 2 0 23 3.39026e-07 0.00544228 -0.0149537 39.6 -0.000878622 0.00353982 0.180607 -0.0435364 0.281693 0.00113919 1.0000 0 0 0 0   0 0 0
162 1 2 0 23 3.39008e-07 -0.0052265 -0.00775085 39.6 -0.0136324 0.00207156 0.196608 0.0418102 0.223996 0.000592701 1.0000 0 0 0 0   0 0 0
163 1 2 0 23 3.39035e-07 -0.0224258 0.00667664 39.6 0.000649461 -0.0106222 0.242257 0.179579 0.10852 -0.000510711 1.0000 0 0 0 0   0 0 0
164 1 2 0 23 3.39128e-07 -0.00397049 0.0019881 39.6 0.00369115 -0.000659048 0.242561 0.0317626 0.146061 -0.000152224 1.0000 0 0 0 0   0 0 0
167 1 2 0 23 3.3944e-07 0.00842093 -0.0105181 39.6 -0.00426267 -0.0103769 0.205206 -0.0673646 0.246156 0.000803334 1.0000 0 0 0 0   0 0 0
168 1 2 0 23 3.39218e-07 -0.0136632 -0.0113184 39.6 0.0024431 -0.0218783 0.240683 0.10932 0.252582 0.000864149 1.0000 0 0 0 0   0 0 0
169 1 2 0 23 3.39201e-07 -0.0219722 -0.0151446 39.6 -0.00867061 -0.00200006 0.236257 0.176002 0.283383 0.0011536 1.0000 0 0 0 0   0 0 0
170 1 2 0 23 3.39163e-07 -0.00290827 -0.00473143 39.6 -0.00847061 0.011056 0.236365 0.0232652 0.199824 0.000362102 1.0000 0 0 0 0   0 0 0
171 1 2 0 23 3.38935e-07 -0.0125307 -0.0162188 39.6 -0.00445987 0.00961129 0.241882 0.100305 0.291914 0.00123441 1.0000 0 0 0 0   0 0 0
172 1 2 0 23 3.39396e-07 -0.0113378 -0.0135366 39.6 -0.0212895 0.00679981 0.2245 0.0907129 0.270354 0.00103221 1.0000 0 0 0 0   0 0 0
174 1 2 0 23 3.39012e-07 0.0117997 0.00445977 39.6 -0.024505 0.00934275 0.180819 -0.0943936 0.126296 -0.000341332 1.0000 0 0 0 0   0 0 0
179 1 2 0 23 3.38948e-07 0.010031 0.0155424 39.6 -0.0115078 0.0163649 0.174906 -0.0802698 0.0377035 -0.00118356 1.0000 0 0 0 0   0 0 0
180 1 2 0 23 3.39031e-07 -0.0563191 0.0275449 39.6 0.0344352 -0.00418949 0.194186 0.454161 -0.059808 -0.00207259 1.0000 0 0 0 0   0 0 0
181 1 2 0 23 3.39293e-07 -0.0126744 -0.0245348 39.6 -0.000929314 -0.000479638 0.221693 0.101532 0.358788 0.00185285 1.0000 0 0 0 0   0 0 0
182 1 2 0 23 3.3928e-07 -0.0114023 -0.0163948 39.6 -0.00116729 0.0147414 0.202016 0.0912651 0.293315 0.00124765 1.0000 0 0 0 0   0 0 0
183 1 2 0 23 3.38874e-07 -0.0254955 -0.0180936 39.6 0.0101682 -0.00417242 0.237326 0.204293 0.307099 0.00137507 1.0000 0 0 0 0   0 0 0
184 1 2 0 23 3.40182e-07 0.0167441 -0.00246301 39.6 0.0349858 0.000435408 0.170159 -0.133948 0.18167 0.000188568 1.0000 0 0 0 0   0 0 0
185 1 2 0 23 3.39129e-07 -0.011986 -0.019643 39.6 0.0130977 -0.0154332 0.237495 0.0959755 0.319431 0.00149083 1.0000 0 0 0 0   0 0 0
186 1 2 0 23 3.39264e-07 0.0103092 0.00241146 39.6 0.00118983 -0.0218024 0.219025 -0.0824702 0.142676 -0.000184624 1.0000 0 0 0 0   0 0 0
187 1 2 0 23 3.39085e-07 -0.00598196 0.00964319 39.6 0.00730894 -0.00234685 0.239242 0.0478536 0.0848646 -0.000736854 1.0000 0 0 0 0   0 0 0
188 1 2 0 23 3.4041e-07 0.0231776 0.0188884 39.6 0.0400599 -0.0108007 0.160459 -0.185703 0.0107927 -0.00143454 1.0000 0 0 0 0   0 0 0
189 1 2 0 23 3.39232e-07 -0.00329067 -0.0207675 39.6 -0.0052348 0.00213754 0.233611 0.0263429 0.328416 0.00157455 1.0000 0 0 0 0   0 0 0
192 1 2 0 23 3.39319e-07 -0.0260757 0.00176666 39.6 0.00777757 -0.0102412 0.216225 0.208863 0.147814 -0.000135271 1.0000 0 0 0 0   0 0 0
193 1 2 0 23 3.39453e-07 -0.0564348 -0.00046302 39.6 -0.0178226 -0.00700371 0.220176 0.454411 0.165692 3.54527e-05 1.0000 0 0 0 0   0 0 0
194 1 2 0 23 3.39107e-07 -0.0342328 -0.00263486 39.6 0.00804243 -0.0206856 0.240507 0.274385 0.183086 0.00020172 1.0000 0 0 0 0   0 0 0
195 1 2 0 23 3.39068e-07 -0.0178601 -0.012259 39.6 -0.0129865 -0.00010152 0.175399 0.142988 0.26018 0.000935456 1.0000 0 0 0 0   0 0 0
196 1 2 0 23 3.39493e-07 -0.0448957 -0.00450332 39.6 0.00608396 -0.0106372 0.209954 0.360612 0.198145 0.000344662 1.0000 0 0 0 0   0 0 0
197 1 2 0 23 3.39958e-07 -0.0592903 0.00928616 39.6 0.00810768 0.0169466 0.192951 0.477832 0.0871649 -0.000709665 1.0000 0 0 0 0   0 0 0
199 1 2 0 23 3.39533e-07 -0.0432903 -0.0240608 39.6 -0.00278297 0.0104832 0.214677 0.347925 0.35561 0.00181798 1.0000 0 0 0 0   0 0 0
200 1 2 0 23 3.38972e-07 -0.036822 -0.0179108 39.6 0.0045723 0.00999691 0.239556 0.295559 0.305878 0.00136139 1.0000 0 0 0 0   0 0 0
0 1 2 0 24 3.45598e-07 -0.00641636 -0.0113534 41.4 0 0 0.204 0 0 0 1.0000 0 0 0 0   0 0 0
1 1 2 0 24 3.45531e-07 0.00103368 -0.0366422 41.4 0.00896727 0.00380079 0.24423 -0.00828988 0.456446 0.00271985 1.0000 0 0 0 0   0 0 0
2 1 2 0 24 3.45489e-07 -0.0162142 -0.00387743 41.4 0.0175576 0.0127561 0.237199 0.129708 0.192989 0.000296811 1.0000 0 0 0 0   0 0 0
3 1 2 0 24 3.45527e-07 0.0134866 -0.0303833 41.4 -0.0172942 0.0156346 0.237606 -0.108079 0.405878 0.00227749 1.0000 0 0 0 0   0 0 0
4 1 2 0 24 3.45371e-07 0.0147047 -0.0116114 41.4 -0.0156773 0.000578734 0.227065 -0.117675 0.254947 0.000886392 1.0000 0 0 0 0   0 0 0
5 1 2 0 24 3.45405e-07 0.00645306 -0.0310102 41.4 -0.00417382 0.00132308 0.235962 -0.051709 0.410898 0.0023224 1.0000 0 0 0 0   0 0 0
6 1 2 0 24 3.45445e-07 -0.0330663 -0.00888549 41.4 -0.00751972 0.00368016 0.242542 0.265029 0.233219 0.00067914 1.0000 0 0 0 0   0 0 0
7 1 2 0 24 3.45593e-07 0.00942027 -0.0481359 41.4 -0.0075123 0.0105121 0.236061 -0.0757063 0.549871 0.00349131 1.0000 0 0 0 0   0 0 0
8 1 2 0 24 3.45496e-07 0.00741773 0.00862893 41.4 -0.0234394 0.000922413 0.22697 -0.0593394 0.0929701 -0.000659595 1.0000 0 0 0 0   0 0 0
9 1 2 0 24 3.45694e-07 0.01321 -0.0391593 41.4 -0.00906649 0.000884907 0.265409 -0.106041 0.477013 0.00289354 1.0000 0 0 0 0   0 0 0
10 1 2 0 24 3.45563e-07 -0.00239455 -0.0760405 41.4 -0.00605057 0.0130757 0.254544 0.0193872 0.780186 0.00505978 1.0000 0 0 0 0   0 0 0
11 1 2 0 24 3.4564e-07 -0.0267853 -0.07189 41.4 -0.0222315 -0.0162475 0.253607 0.216907 0.746438 0.00485939 1.0000 0 0 0 0   0 0 0
12 1 2 0 24 3.46036e-07 -0.0343123 -0.0285947 41.4 -0.00705889 -0.0224713 0.222859 0.275585 0.392006 0.00214871 1.0000 0 0 0 0   0 0 0
14 1 2 0 24 3.45802e-07 -0.0409432 -0.00129811 41.4 -0.0153516 -0.0141499 0.24197 0.32864 0.172384 9.93947e-05 1.0000 0 0 0 0   0 0 0
15 1 2 0 24 3.46151e-07 0.00115003 0.0404553 41.4 0.0141984 -0.0307139 0.243546 -0.00923014 -0.161977 -0.00298216 1.0000 0 0 0 0   0 0 0
16 1 2 0 24 3.45966e-07 -0.0158946 0.00633765 41.4 -0.00210553 -0.0299972 0.241612 0.127158 0.111281 -0.000484834 1.0000 0 0 0 0   0 0 0
17 1 2 0 24 3.46137e-07 -0.0223186 0.0402477 41.4 0.0159718 -0.0298064 0.221241 0.179292 -0.16061 -0.00296807 1.0000 0 0 0 0   0 0 0
18 1 2 0 24 3.4575e-07 -0.0433677 0.00565542 41.4 0.00260881 0.0036681 0.250188 0.348265 0.116563 -0.000432743 1.0000 0 0 0 0   0 0 0
19 1 2 0 24 3.45553e-07 -0.0204208 -0.00491621 41.4 -0.00132897 -0.00888592 0.230957 0.163475 0.201331 0.000376228 1.0000 0 0 0 0   0 0 0
20 1 2 0 24 3.45742e-07 -0.0184993 -0.0410532 41.4 0.03289 0.00836679 0.224104 0.148588 0.492484 0.00302262 1.0000 0 0 0 0   0 0 0
21 1 2 0 24 3.45506e-07 -0.0426929 -0.0181584 41.4 -0.00732277 0.0192868 0.221334 0.342982 0.307996 0.00137992 1.0000 0 0 0 0   0 0 0
22 1 2 0 24 3.4545e-07 -0.01353 -0.00381647 41.4 -1.90773e-05 0.00355031 0.22223 0.108235 0.192501 0.000292149 1.0000 0 0 0 0   0 0 0
23 1 2 0 24 3.4542e-07 -0.0151448 0.00854776 41.4 0.0209852 -0.0191199 0.22693 0.121166 0.0936115 -0.000653412 1.0000 0 0 0 0   0 0 0
24 1 2 0 24 3.45479e-07 -0.0125206 -0.00945161 41.4 0.0220267 0.0127871 0.227745 0.10016 0.237615 0.000722268 1.0000 0 0 0 0   0 0 0
25 1 2 0 24 3.45591e-07 -0.0117035 -0.0239556 41.4 -0.0178743 -0.000899879 0.224494 0.0937474 0.35412 0.00181024 1.0000 0 0 0 0   0 0 0
26 1 2 0 24 3.45438e-07 -0.0282369 -0.0107617 41.4 -0.0389459 -0.0313773 0.223136 0.226244 0.248245 0.00082185 1.0000 0 0 0 0   0 0 0
27 1 2 0 24 3.45698e-07 -0.0114237 0.0102304 41.4 0.00596219 0.00266019 0.237626 0.0913854 0.0801728 -0.000781477 1.0000 0 0 0 0   0 0 0
28 1 2 0 24 3.46152e-07 0.0146346 -0.00576151 41.4 0.019319 0.00130206 0.236052 -0.117072 0.208069 0.000440853 1.0000 0 0 0 0   0 0 0
29 1 2 0 24 3.46004e-07 -0.0411118 -0.0455722 41.4 0.00539055 -0.0113073 0.240544 0.331432 0.530308 0.00332432 1.0000 0 0 0 0   0 0 0
31 1 2 0 24 3.47312e-07 -0.010466 0.0211498 41.4 -0.0503152 0.0416279 0.156278 0.0838101 -0.00719251 -0.00160299 1.0000 0 0 0 0   0 0 0
32 1 2 0 24 3.47528e-07 -0.0180858 -0.0471831 41.4 -0.0275201 -0.0197944 0.130726 0.145373 0.542242 0.00342951 1.0000 0 0 0 0   0 0 0
33 1 2 0 24 3.45879e-07 -0.0227632 0.00661033 41.4 -0.00254567 0.00372814 0.250421 0.182287 0.109049 -0.00050565 1.0000 0 0 0 0   0 0 0
34 1 2 0 24 3.46601e-07 -0.0907705 0.0352118 41.4 -0.0324777 0.0362472 0.220926 0.740532 -0.124731 -0.0026199 1.0000 0 0 0 0   0 0 0
36 1 2 0 24 3.46031e-07 -0.040028 0.0205261 41.4 -0.00323237 0.000672474 0.251296 0.321507 -0.00270662 -0.00155658 1.0000 0 0 0 0   0 0 0
37 1 2 0 24 3.45801e-07 -0.0258801 0.0423729 41.4 -0.00523202 -0.0162784 0.236866 0.208002 -0.177766 -0.00311179 1.0000 0 0 0 0   0 0 0
38 1 2 0 24 3.4566e-07 0.0202125 -0.00555382 41.4 0.0135277 -0.00148954 0.234314 -0.161807 0.206438 0.000424975 1.0000 0 0 0 0   0 0 0
40 1 2 0 24 3.45576e-07 -0.0053426 -0.0013835 41.4 0.0105434 -0.00275245 0.210134 0.042739 0.173032 0.000105933 1.0000 0 0 0 0   0 0 0
41 1 2 0 24 3.45786e-07 -0.005937 -0.0470556 41.4 0.00740541 -0.00273434 0.236288 0.0477029 0.541064 0.00342122 1.0000 0 0 0 0   0 0 0
42 1 2 0 24 3.45641e-07 -0.00151225 -0.0315781 41.4 0.0210305 -0.00234319 0.229082 0.0121178 0.415463 0.00236289 1.0000 0 0 0 0   0 0 0
44 1 2 0 24 3.45828e-07 0.0176505 -0.0164048 41.4 0.00253398 -0.00322047 0.224674 -0.14135 0.293464 0.0012484 1.0000 0 0 0 0   0 0 0
45 1 2 0 24 3.45652e-07 0.0340563 -0.12181 41.4 -0.00647518 0.0233631 0.27014 -0.281709 1.17556 0.00626415 1.0000 0 0 0 0   0 0 0
46 1 2 0 24 3.46064e-07 -0.0230045 -0.0219646 41.4 0.00883022 0.00362945 0.211166 0.184339 0.338195 0.0016633 1.0000 0 0 0 0   0 0 0
48 1 2 0 24 3.45788e-07 -0.0108063 0.0140364 41.4 0.00681733 -0.0227171 0.210277 0.0864616 0.0497501 -0.00106994 1.0000 0 0 0 0   0 0 0
49 1 2 0 24 3.46033e-07 0.00356067 -0.00650115 41.4 0.0230019 0.00276523 0.208261 -0.0284841 0.213991 0.000497315 1.0000 0 0 0 0   0 0 0
50 1 2 0 24 3.44965e-07 -0.0549909 -0.0366283 41.4 0.0504825 0.0288527 0.219542 0.443757 0.458161 0.00271889 1.0000 0 0 0 0   0 0 0
51 1 2 0 24 3.46085e-07 -0.0168152 -0.0709781 41.4 -0.00666278 -0.0295953 0.231526 0.136003 0.738293 0.00481397 1.0000 0 0 0 0   0 0 0
52 1 2 0 24 3.46206e-07 -0.00571075 -0.0203029 41.4 0.00790369 -0.00516435 0.228725 0.0457169 0.324689 0.00153996 1.0000 0 0 0 0   0 0 0
53 1 2 0 24 3.45576e-07 -0.00272453 0.00747 41.4 0.0124728 -0.0199977 0.230169 0.0217953 0.102232 -0.000571274 1.0000 0 0 0 0   0 0 0
54 1 2 0 24 3.45697e-07 -0.00572643 -0.0264899 41.4 0.0121155 -0.0282109 0.228441 0.0458717 0.374488 0.00199588 1.0000 0 0 0 0   0 0 0
55 1 2 0 24 3.45707e-07 -0.0243484 0.000558753 41.4 0.00102988 -0.0126757 0.231377 0.194994 0.157489 -4.27831e-05 1.0000 0 0 0 0   0 0 0
56 1 2 0 24 3.45552e-07 0.00307491 0.0118746 41.4 0.000401544 -0.0141869 0.231015 -0.0245982 0.0670368 -0.000906332 1.0000 0 0 0 0   0 0 0
57 1 2 0 24 3.45703e-07 0.0165745 -0.00958873 41.4 0.0305914 0.000148036 0.242969 -0.132647 0.238746 0.000732715 1.0000 0 0 0 0   0 0 0
58 1 2 0 24 3.45832e-07 -0.000116603 -0.0175957 41.4 -0.00510217 -0.0118163 0.231927 0.000932923 0.302888 0.00133781 1.0000 0 0 0 0   0 0 0
59 1 2 0 24 3.45449e-07 -0.0186306 -0.00707931 41.4 0.00178854 -0.00114498 0.224837 0.149121 0.21865 0.000541449 1.0000 0 0 0 0   0 0 0
60 1 2 0 24 3.4554e-07 -0.00951123 -0.00489842 41.4 -0.00228048 -0.0101086 0.225366 0.0760866 0.201161 0.000374868 1.0000 0 0 0 0   0 0 0
61 1 2 0 24 3.4558e-07 -0.0159553 -0.0242514 41.4 -0.0105301 0.000134861 0.236652 0.127829 0.356532 0.001832 1.0000 0 0 0 0   0 0 0
62 1 2 0 24 3.45772e-07 -0.011081 -0.0050964 41.4 0.00116943 -0.00662136 0.23647 0.0886445 0.202745 0.000390005 1.0000 0 0 0 0   0 0 0
63 1 2 0 24 3.4578e-07 0.00502577 -0.010578 41.4 -0.0191743 -0.00938487 0.238744 -0.0402045 0.246637 0.000807892 1.0000 0 0 0 0   0 0 0
64 1 2 0 24 3.46007e-07 -0.0374082 0.00327011 41.4 0.000159143 -0.0114653 0.199475 0.300064 0.135738 -0.000250336 1.0000 0 0 0 0   0 0 0
66 1 2 0 24 3.45944e-07 -0.0328462 -0.0124564 41.4 -0.00033114 0.00237162 0.216561 0.263324 0.261898 0.000950408 1.0000 0 0 0 0   0 0 0
67 1 2 0 24 3.45982e-07 -0.0328547 -0.0135216 41.4 0.00408187 0.0116038 0.215943 0.263418 0.27046 0.00103108 1.0000 0 0 0 0   0 0 0
68 1 2 0 24 3.4609e-07 0.0526847 -0.0160056 41.4 -0.0220404 -0.00915903 0.242692 -0.424057 0.290912 0.00121838 1.0000 0 0 0 0   0 0 0
69 1 2 0 24 3.45682e-07 -0.018988 -0.011492 41.4 -0.0161456 -0.0575138 0.22426 0.152029 0.254036 0.000877341 1.0000 0 0 0 0   0 0 0
70 1 2 0 24 3.45785e-07 0.0138326 0.0280995 41.4 0.00535417 0.00262125 0.204067 -0.11084 -0.0628287 -0.0021128 1.0000 0 0 0 0   0 0 0
72 1 2 0 24 3.45983e-07 0.017615 -0.0299154 41.4 -0.0277419 -0.00415207 0.236209 -0.141203 0.402182 0.00224383 1.0000 0 0 0 0   0 0 0
74 1 2 0 24 3.45418e-07 0.00537633 -0.0168071 41.4 -0.00333646 -0.00104429 0.221836 -0.0430156 0.296568 0.00127864 1.0000 0 0 0 0   0 0 0
75 1 2 0 24 3.45627e-07 -0.0236662 0.00645213 41.4 0.0123981 -0.013106 0.242679 0.189534 0.11031 -0.000493573 1.0000 0 0 0 0   0 0 0
76 1 2 0 24 3.45704e-07 -0.0093862 -0.00212058 41.4 0.00317232 0.00336677 0.236445 0.0750864 0.17893 0.000162362 1.0000 0 0 0 0   0 0 0
77 1 2 0 24 3.45476e-07 -0.00391176 -0.018875 41.4 0.0102878 0.00833349 0.237347 0.0313068 0.313191 0.00143354 1.0000 0 0 0 0   0 0 0
78 1 2 0 24 3.45447e-07 -0.00110801 -0.0102949 41.4 -0.00853171 -0.00374272 0.237648 0.00886373 0.244369 0.000786379 1.0000 0 0 0 0   0 0 0
79 1 2 0 24 3.45557e-07 -0.0085306 -0.0018413 41.4 -0.019873 -0.0113817 0.235849 0.0682419 0.176695 0.000140985 1.0000 0 0 0 0   0 0 0
80 1 2 0 24 3.45635e-07 -0.0169406 -0.0144426 41.4 -0.000359348 -0.00194683 0.241159 0.135637 0.277698 0.0011006 1.0000 0 0 0 0   0 0 0
81 1 2 0 24 3.4553e-07 0.0181335 -0.0138587 41.4 -0.00927737 0.0149823 0.243524 -0.145197 0.273022 0.00105653 1.0000 0 0 0 0   0 0 0
82 1 2 0 24 3.45509e-07 -0.0170982 -0.0157068 41.4 0.013886 -0.00402258 0.22803 0.136915 0.287851 0.00119592 1.0000 0 0 0 0   0 0 0
83 1 2 0 24 3.45514e-07 -0.00694133 -0.013586 41.4 0.00146586 0.00207141 0.237409 0.0555283 0.270733 0.00103594 1.0000 0 0 0 0   0 0 0
85 1 2 0 24 3.45492e-07 -0.0120393 -0.0328324 41.4 0.00247111 0.000296632 0.227669 0.0965134 0.425666 0.00245221 1.0000 0 0 0 0   0 0 0
86 1 2 0 24 3.45653e-07 0.010003 -0.00450094 41.4 -0.0144245 0.00123208 0.233818 -0.0800206 0.197979 0.00034448 1.0000 0 0 0 0   0 0 0
87 1 2 0 24 3.45598e-07 0.000339841 -0.000439239 41.4 0.0183531 -0.0135067 0.230619 -0.00271862 0.165478 3.36318e-05 1.0000 0 0 0 0   0 0 0
88 1 2 0 24 3.4557e-07 -0.0246846 -0.00341417 41.4 0.027593 -0.012015 0.231775 0.197697 0.189313 0.000261361 1.0000 0 0 0 0   0 0 0
89 1 2 0 24 3.45486e-07 0.0387595 -0.0233782 41.4 -0.00861965 -0.000273871 0.230759 -0.311331 0.350001 0.00176777 1.0000 0 0 0 0   0 0 0
90 1 2 0 24 3.45921e-07 -0.0359434 -0.0222606 41.4 0.0111437 0.00734953 0.221509 0.288575 0.340915 0.00168521 1.0000 0 0 0 0   0 0 0
91 1 2 0 24 3.45542e-07 -0.0194813 -0.0222783 41.4 -0.00238975 0.00285605 0.234494 0.156084 0.340689 0.00168652 1.0000 0 0 0 0   0 0 0
92 1 2 0 24 3.45635e-07 -0.0537282 0.00373055 41.4 0.0324716 -0.00989527 0.222122 0.432307 0.131953 -0.000285573 1.0000 0 0 0 0   0 0 0
93 1 2 0 24 3.45447e-07 -0.00653294 -0.0353745 41.4 -0.00960209 -0.00994448 0.240459 0.0523844 0.446193 0.00263128 1.0000 0 0 0 0   0 0 0
94 1 2 0 24 3.45485e-07 0.00309161 -0.00303632 41.4 0.00214672 0.00244736 0.226487 -0.0247318 0.186258 0.000232444 1.0000 0 0 0 0   0 0 0
95 1 2 0 24 3.4559e-07 -0.018552 -0.0438865 41.4 -0.0186721 -0.00222902 0.255811 0.149067 0.51548 0.00321293 1.0000 0 0 0 0   0 0 0
96 1 2 0 24 3.46599e-07 -0.0627999 -0.011664 41.4 0.0186406 0.00890653 0.21599 0.506549 0.25611 0.000890378 1.0000 0 0 0 0   0 0 0
97 1 2 0 24 3.45533e-07 -0.00147168 -0.00278834 41.4 0.000151452 0.0105751 0.242856 0.0117729 0.184273 0.000213465 1.0000 0 0 0 0   0 0 0
98 1 2 0 24 3.45529e-07 -0.00570795 -0.0480446 41.4 -0.0171247 0.00221055 0.247916 0.0458682 0.5491 0.00348546 1.0000 0 0 0 0   0 0 0
99 1 2 0 24 3.45674e-07 -0.0347685 -0.0185795 41.4 0.00746216 0.012737 0.235881 0.278997 0.311214 0.00141143 1.0000 0 0 0 0   0 0 0
100 1 2 0 24 3.45469e-07 -0.00731394 -0.0397045 41.4 -0.0136804 0.00604639 0.23248 0.0587007 0.481354 0.00293087 1.0000 0 0 0 0   0 0 0
101 1 2 0 24 3.45739e-07 -0.0202594 0.0127379 41.4 -0.0081562 0.0081496 0.246764 0.16224 0.0600325 -0.000971734 1.0000 0 0 0 0   0 0 0
102 1 2 0 24 3.45424e-07 0.000750835 -0.0158477 41.4 -0.00765209 0.00771074 0.230255 -0.00600643 0.288857 0.00120652 1.0000 0 0 0 0   0 0 0
104 1 2 0 24 3.46131e-07 -0.0246854 0.000299998 41.4 -0.0115964 0.0101739 0.223235 0.197699 0.159561 -2.29706e-05 1.0000 0 0 0 0   0 0 0
105 1 2 0 24 3.45924e-07 0.00563377 -0.0176909 41.4 0.0034679 0.0197966 0.219128 -0.045083 0.303677 0.00134493 1.0000 0 0 0 0   0 0 0
106 1 2 0 24 3.45798e-07 0.0027307 -0.00396084 41.4 -0.00415856 0.00753833 0.180511 -0.0218446 0.193656 0.000303188 1.0000 0 0 0 0   0 0 0
108 1 2 0 24 3.45749e-07 0.00306808 -0.0186765 41.4 -0.035131 -0.00223078 0.167583 -0.0245531 0.31159 0.00141868 1.0000 0 0 0 0   0 0 0
109 1 2 0 24 3.4559e-07 -0.0573714 -0.00991992 41.4 -0.0490322 0.00620915 0.222925 0.462166 0.241921 0.000757883 1.0000 0 0 0 0   0 0 0
110 1 2 0 24 3.45671e-07 0.00257752 -0.0170741 41.4 0.024086 0.005364 0.165908 -0.020621 0.298698 0.00129872 1.0000 0 0 0 0   0 0 0
111 1 2 0 24 3.45934e-07 0.0208072 -0.024807 41.4 0.00955706 0.0098714 0.179354 -0.166737 0.361039 0.00187287 1.0000 0 0 0 0   0 0 0
115 1 2 0 24 3.46133e-07 -0.0223828 -0.0318197 41.4 0.00832312 0.0132134 0.223849 0.179591 0.417741 0.00238013 1.0000 0 0 0 0   0 0 0
116 1 2 0 24 3.45666e-07 0.0105702 -0.0268992 41.4 -0.000237375 0.0568558 0.198771 -0.0846848 0.377806 0.00202576 1.0000 0 0 0 0   0 0 0
117 1 2 0 24 3.45551e-07 -0.0208987 0.0342515 41.4 -0.00446666 0.00955667 0.234236 0.167723 -0.112379 -0.0025525 1.0000 0 0 0 0   0 0 0
118 1 2 0 24 3.45217e-07 -0.0414704 -0.0399346 41.4 0.0253956 0.0403175 0.24356 0.334018 0.484347 0.00294663 1.0000 0 0 0 0   0 0 0
119 1 2 0 24 3.45952e-07 -0.0175985 -0.0234081 41.4 0.00304753 -0.00695249 0.195894 0.140997 0.349761 0.00176997 1.0000 0 0 0 0   0 0 0
121 1 2 0 24 3.45861e-07 -0.00526717 -0.0326289 41.4 0.0105634 0.058296 0.2166 0.0422098 0.423937 0.00243784 1.0000 0 0 0 0   0 0 0
122 1 2 0 24 3.4585e-07 0.00169303 -0.0200047 41.4 -0.0113148 -0.00502644 0.206775 -0.0135514 0.322273 0.00151776 1.0000 0 0 0 0   0 0 0
126 1 2 0 24 3.45746e-07 -0.0154037 -0.0625374 41.4 -0.00801505 -0.0117195 0.204306 0.124261 0.668218 0.0043628 1.0000 0 0 0 0   0 0 0
127 1 2 0 24 3.45927e-07 0.00727919 3.06368e-05 41.4 -0.0111452 -0.00942044 0.192576 -0.0582311 0.161718 -2.34597e-06 1.0000 0 0 0 0   0 0 0
128 1 2 0 24 3.45336e-07 0.0186808 -0.00651221 41.4 -0.0146763 -0.00875272 0.167458 -0.149519 0.214107 0.000498159 1.0000 0 0 0 0   0 0 0
129 1 2 0 24 3.45818e-07 -0.00529228 -0.00896013 41.4 -0.0209743 -0.0135305 0.187557 0.0423364 0.233679 0.000684827 1.0000 0 0 0 0   0 0 0
131 1 2 0 24 3.45922e-07 -0.0017329 -0.0180435 41.4 -0.0119868 0.00522412 0.179426 0.013866 0.306493 0.00137132 1.0000 0 0 0 0   0 0 0
133 1 2 0 24 3.45509e-07 -0.0139291 -0.026163 41.4 -0.00780607 -0.00251592 0.242437 0.111601 0.371901 0.001972 1.0000 0 0 0 0   0 0 0
134 1 2 0 24 3.46067e-07 0.00739805 -0.0247627 41.4 0.0171645 -0.00660144 0.221991 -0.0592557 0.360589 0.00186961 1.0000 0 0 0 0   0 0 0
135 1 2 0 24 3.45702e-07 -0.00157527 -0.0163938 41.4 0.00195115 0.0170066 0.255023 0.0126017 0.293234 0.00124757 1.0000 0 0 0 0   0 0 0
136 1 2 0 24 3.45707e-07 -0.0310774 -0.0285773 41.4 -0.00024296 0.0101649 0.24576 0.249505 0.391776 0.00214745 1.0000 0 0 0 0   0 0 0
137 1 2 0 24 3.4607e-07 -0.00938522 -0.025044 41.4 -0.00848756 0.0156736 0.226916 0.0751782 0.362865 0.00189025 1.0000 0 0 0 0   0 0 0
138 1 2 0 24 3.46006e-07 0.00974495 -0.018974 41.4 -0.00674585 -0.00783632 0.216534 -0.0780149 0.314031 0.00144095 1.0000 0 0 0 0   0 0 0
139 1 2 0 24 3.45911e-07 0.0030163 -0.040738 41.4 -0.000300736 0.00218056 0.241066 -0.0242106 0.489715 0.00300129 1.0000 0 0 0 0   0 0 0
140 1 2 0 24 3.45797e-07 0.00656341 -0.0108206 41.4 -0.00980619 0.0106045 0.249461 -0.0525051 0.24858 0.000826327 1.0000 0 0 0 0   0 0 0
141 1 2 0 24 3.45926e-07 0.00605868 -0.0121364 41.4 -0.0175065 0.0112664 0.235393 -0.0484674 0.25912 0.000926168 1.0000 0 0 0 0   0 0 0
142 1 2 0 24 3.45734e-07 0.0756827 -0.111038 41.4 -0.0101525 -0.00416268 0.244748 -0.6285 1.08919 0.00616479 1.0000 0 0 0 0   0 0 0
143 1 2 0 24 3.45804e-07 -0.0158584 -0.00519491 41.4 0.00267353 -0.0151931 0.24472 0.126862 0.203534 0.000397536 1.0000 0 0 0 0   0 0 0
144 1 2 0 24 3.45445e-07 0.00647891 -0.00498514 41.4 -0.0144305 -0.00368567 0.230579 -0.0518291 0.201855 0.000381498 1.0000 0 0 0 0   0 0 0
145 1 2 0 24 3.45539e-07 -0.0193387 -0.0128417 41.4 -0.00328749 0.0196393 0.235912 0.154855 0.264871 0.000979593 1.0000 0 0 0 0   0 0 0
146 1 2 0 24 3.45424e-07 -0.00338687 -0.0200292 41.4 -0.00261332 0.0014291 0.241523 0.0271103 0.322475 0.00151959 1.0000 0 0 0 0   0 0 0
147 1 2 0 24 3.45379e-07 -0.0272761 -0.0137471 41.4 -0.0105413 0.0121266 0.23383 0.218551 0.272201 0.0010481 1.0000 0 0 0 0   0 0 0
148 1 2 0 24 3.45466e-07 -0.0201691 0.0101204 41.4 0.00741039 -0.0162164 0.235196 0.161492 0.0809787 -0.000773114 1.0000 0 0 0 0   0 0 0
149 1 2 0 24 3.45523e-07 0.00152752 0.00216425 41.4 0.00102337 0.00810665 0.239296 -0.0122197 0.144653 -0.000165704 1.0000 0 0 0 0   0 0 0
150 1 2 0 24 3.45544e-07 -0.0102707 -0.00191477 41.4 0.00575107 0.00745489 0.241491 0.082162 0.177283 0.000146611 1.0000 0 0 0 0   0 0 0
151 1 2 0 24 3.45524e-07 -0.0100726 0.0162271 41.4 -0.0119173 -0.00656871 0.229671 0.080611 0.0322214 -0.00123503 1.0000 0 0 0 0   0 0 0
152 1 2 0 24 3.45473e-07 -0.0150851 0.00110201 41.4 0.00282158 0.0080662 0.232368 0.120676 0.153149 -8.43792e-05 1.0000 0 0 0 0   0 0 0
153 1 2 0 24 3.45994e-07 -0.0317581 -0.00128441 41.4 0.00289799 0.0184053 0.219603 0.254483 0.172257 9.83454e-05 1.0000 0 0 0 0   0 0 0
155 1 2 0 24 3.45264e-07 -0.0252214 -0.0190634 41.4 0.00647705 0.00790858 0.264112 0.202101 0.314889 0.00144764 1.0000 0 0 0 0   0 0 0
156 1 2 0 24 3.46148e-07 -0.0231505 -0.0297281 41.4 -0.00291213 0.01858 0.226187 0.185703 0.400839 0.00223035 1.0000 0 0 0 0   0 0 0
158 1 2 0 24 3.46011e-07 -0.0092973 -0.0109351 41.4 0.00520254 -0.00869955 0.20344 0.0743752 0.249497 0.000835026 1.0000 0 0 0 0   0 0 0
159 1 2 0 24 3.45956e-07 -0.0104996 -0.01141 41.4 0.00538914 -0.00640284 0.207828 0.0839934 0.253301 0.000871113 1.0000 0 0 0 0   0 0 0
160 1 2 0 24 3.4557e-07 0.0310128 -0.00354548 41.4 -0.0240007 -0.0124519 0.177888 -0.248502 0.190379 0.000271409 1.0000 0 0 0 0   0 0 0
161 1 2 0 24 3.45935e-07 -0.00628494 -0.0147541 41.4 0.00443449 -0.00953651 0.197941 0.0502774 0.280093 0.00112412 1.0000 0 0 0 0   0 0 0
162 1 2 0 24 3.45821e-07 0.0076994 -0.0179988 41.4 0.005303 -0.00246871 0.211685 -0.0616232 0.30617 0.00136797 1.0000 0 0 0 0   0 0 0
163 1 2 0 24 3.45589e-07 -0.00693717 -0.0266249 41.4 -0.00255054 0.0110942 0.250247 0.0555722 0.37558 0.00200574 1.0000 0 0 0 0   0 0 0
164 1 2 0 24 3.4566e-07 -0.0316293 -0.0198768 41.4 -0.00404639 -0.000617703 0.252083 0.253699 0.32158 0.00150824 1.0000 0 0 0 0   0 0 0
167 1 2 0 24 3.4617e-07 -0.0266115 -0.00413417 41.4 0.00492796 0.00788468 0.222542 0.213169 0.195088 0.000316439 1.0000 0 0 0 0   0 0 0
168 1 2 0 24 3.45769e-07 -0.018981 -0.00970568 41.4 -0.00156721 0.019684 0.256385 0.151956 0.239708 0.000741603 1.0000 0 0 0 0   0 0 0
169 1 2 0 24 3.45784e-07 -0.0042052 -0.00603644 41.4 0.00357907 0.000978431 0.250451 0.0336402 0.21027 0.00046184 1.0000 0 0 0 0   0 0 0
170 1 2 0 24 3.45739e-07 -0.0275588 -0.0189951 41.4 0.00433513 -0.00942877 0.250519 0.220854 0.314357 0.00144253 1.0000 0 0 0 0   0 0 0
171 1 2 0 24 3.45508e-07 -0.0147982 -0.00850549 41.4 0.00539091 -0.00857376 0.240945 0.118385 0.230041 0.000650191 1.0000 0 0 0 0   0 0 0
172 1 2 0 24 3.4606e-07 -0.00866472 -0.0106917 41.4 0.0190438 -0.0113538 0.241238 0.0693148 0.247547 0.000816526 1.0000 0 0 0 0   0 0 0
174 1 2 0 24 3.45992e-07 0.0174301 -0.0337084 41.4 0.0144532 0.00285502 0.199052 -0.139825 0.432899 0.00251412 1.0000 0 0 0 0   0 0 0
179 1 2 0 24 3.46038e-07 0.00756898 -0.035448 41.4 0.00685855 0.018698 0.187348 -0.0606958 0.446803 0.00263642 1.0000 0 0 0 0   0 0 0
180 1 2 0 24 3.45904e-07 -0.0106163 -0.033371 41.4 -0.0407 0.0239444 0.206646 0.0851074 0.430004 0.00249028 1.0000 0 0 0 0   0 0 0
181 1 2 0 24 3.45921e-07 -0.0118452 0.0027078 41.4 -0.00301765 -0.00894052 0.240029 0.0947574 0.140306 -0.000207303 1.0000 0 0 0 0   0 0 0
182 1 2 0 24 3.46016e-07 -0.00960123 -0.0197814 41.4 -0.00418647 -0.0159113 0.22165 0.0768708 0.320523 0.00150114 1.0000 0 0 0 0   0 0 0
183 1 2 0 24 3.45458e-07 -0.00293394 -0.00472528 41.4 -0.0134631 0.00455146 0.237348 0.0234705 0.199775 0.000361631 1.0000 0 0 0 0   0 0 0
184 1 2 0 24 3.47661e-07 0.020509 0.0180477 41.4 0.0290588 0.0233876 0.131646 -0.16429 0.0175415 -0.00137164 1.0000 0 0 0 0   0 0 0
185 1 2 0 24 3.4568e-07 -0.0213177 0.00271365 41.4 -0.0119855 0.00978126 0.251686 0.170666 0.140242 -0.00020775 1.0000 0 0 0 0   0 0 0
186 1 2 0 24 3.45919e-07 -0.0376174 -0.0112123 41.4 0.00544893 0.0169654 0.237648 0.301848 0.251991 0.000856085 1.0000 0 0 0 0   0 0 0
187 1 2 0 24 3.45637e-07 -0.0266909 -0.0287534 41.4 -0.00497972 0.00919712 0.250086 0.214171 0.393068 0.00216022 1.0000 0 0 0 0   0 0 0
188 1 2 0 24 3.4853e-07 0.0939376 0.115985 41.4 0.0408379 0.0503185 0.125381 -0.787161 -0.804423 -0.00622553 1.0000 0 0 0 0   0 0 0
189 1 2 0 24 3.45813e-07 -0.0264852 0.000595893 41.4 0.00586447 -0.00488313 0.250229 0.21215 0.157191 -4.56268e-05 1.0000 0 0 0 0   0 0 0
192 1 2 0 24 3.45966e-07 -0.00619689 -0.0206169 41.4 -0.0109181 0.0121682 0.235065 0.0496116 0.327218 0.00156334 1.0000 0 0 0 0   0 0 0
193 1 2 0 24 3.46175e-07 0.0413078 -0.0256537 41.4 0.000177282 0.00387386 0.236955 -0.331953 0.368426 0.00193479 1.0000 0 0 0 0   0 0 0
194 1 2 0 24 3.45667e-07 0.00234484 -0.0175131 41.4 -0.00819812 0.017422 0.252909 -0.0187609 0.302228 0.00133163 1.0000 0 0 0 0   0 0 0
195 1 2 0 24 3.46067e-07 0.0182509 -0.0178549 41.4 -0.019783 -0.00509963 0.194464 -0.146179 0.305119 0.0013572 1.0000 0 0 0 0   0 0 0
196 1 2 0 24 3.46201e-07 0.0155893 -0.0154503 41.4 -0.014232 0.0123107 0.22757 -0.124813 0.285775 0.00117664 1.0000 0 0 0 0   0 0 0
197 1 2 0 24 3.4699e-07 0.0106815 -0.0360667 41.4 -0.0414305 0.00886354 0.1747 -0.0856812 0.451873 0.00267972 1.0000 0 0 0 0   0 0 0
199 1 2 0 24 3.46229e-07 0.0193143 -0.00559841 41.4 -0.00956128 -0.0135215 0.231072 -0.154597 0.206789 0.000428384 1.0000 0 0 0 0   0 0 0
200 1 2 0 24 3.45544e-07 0.00797741 -0.00569948 41.4 -0.00707776 -0.0112552 0.246188 -0.0638166 0.207573 0.000436111 1.0000 0 0 0 0   0 0 0
0 1 2 0 25 3.52359e-07 -0.00641636 -0.0113534 43.2 0 0 0.204 0 0 0 1.0000 0 0 0 0   0 0 0
1 1 2 0 25 3.52106e-07 -0.0330775 0.0137415 43.2 -0.00372107 -0.00855731 0.236524 0.265222 0.0518692 -0.00104768 1.0000 0 0 0 0   0 0 0
2 1 2 0 25 3.52089e-07 -0.0164801 -0.0246001 43.2 -0.0114945 -0.0128835 0.226841 0.132039 0.359342 0.00185765 1.0000 0 0 0 0   0 0 0
3 1 2 0 25 3.52184e-07 -0.0262677 -5.77757e-05 43.2 0.0179208 -0.0230879 0.230955 0.210403 0.162426 4.42366e-06 1.0000 0 0 0 0   0 0 0
4 1 2 0 25 3.52092e-07 -0.0155405 -0.00954621 43.2 0.0204052 -0.00165858 0.212818 0.124352 0.238393 0.000729475 1.0000 0 0 0 0   0 0 0
5 1 2 0 25 3.52048e-07 -0.026805 0.00821964 43.2 0.0076885 -0.0065987 0.221843 0.214738 0.0961468 -0.000628415 1.0000 0 0 0 0   0 0 0
6 1 2 0 25 3.52051e-07 0.00909909 -0.0129305 43.2 0.00402742 -0.000817798 0.230701 -0.0727896 0.265482 0.000986327 1.0000 0 0 0 0   0 0 0
7 1 2 0 25 3.52235e-07 -0.0278333 0.0219054 43.2 0.0131874 -0.0162026 0.23401 0.223152 -0.013438 -0.00165892 1.0000 0 0 0 0   0 0 0
8 1 2 0 25 3.52216e-07 -0.00548119 -0.0263607 43.2 0.0241497 0.00483013 0.219651 0.0439065 0.373446 0.00198644 1.0000 0 0 0 0   0 0 0
9 1 2 0 25 3.52207e-07 -0.0487087 0.018201 43.2 0.00962798 -0.0012825 0.261761 0.391698 0.0157522 -0.00138311 1.0000 0 0 0 0   0 0 0
10 1 2 0 25 3.52162e-07 -0.023153 0.0552068 43.2 0.00357231 -0.0215057 0.249424 0.186588 -0.281555 -0.00393399 1.0000 0 0 0 0   0 0 0
11 1 2 0 25 3.52272e-07 0.0146419 0.0559773 43.2 0.0150463 0.00620929 0.253872 -0.11794 -0.287506 -0.00398062 1.0000 0 0 0 0   0 0 0
12 1 2 0 25 3.52712e-07 0.0174205 0.0137311 43.2 0.00233884 0.00706466 0.238169 -0.139478 0.0521129 -0.0010469 1.0000 0 0 0 0   0 0 0
14 1 2 0 25 3.52397e-07 0.0176934 -0.0200981 43.2 0.00458533 0.0163181 0.248858 -0.141729 0.323144 0.00152471 1.0000 0 0 0 0   0 0 0
15 1 2 0 25 3.52742e-07 -0.0373916 -0.0658779 43.2 -0.0112282 0.0346561 0.261439 0.302706 0.697235 0.00454705 1.0000 0 0 0 0   0 0 0
16 1 2 0 25 3.52532e-07 -0.0135538 -0.0275445 43.2 -0.00342646 0.022795 0.254433 0.108602 0.38302 0.00207256 1.0000 0 0 0 0   0 0 0
17 1 2 0 25 3.52827e-07 -0.0114688 -0.050383 43.2 -0.0126443 0.0368615 0.235499 0.0922182 0.568245 0.0036348 1.0000 0 0 0 0   0 0 0
18 1 2 0 25 3.52283e-07 0.0138748 -0.0296372 43.2 -0.00687656 0.000360941 0.254092 -0.111187 0.399872 0.00222381 1.0000 0 0 0 0   0 0 0
19 1 2 0 25 3.52188e-07 -0.00288248 -0.0106478 43.2 0.000259986 0.0103277 0.226544 0.0230589 0.247196 0.000813193 1.0000 0 0 0 0   0 0 0
20 1 2 0 25 3.52381e-07 -0.0225829 0.0156069 43.2 -0.0340846 -0.0132107 0.231883 0.180906 0.0370545 -0.00118841 1.0000 0 0 0 0   0 0 0
21 1 2 0 25 3.52234e-07 0.0254514 -0.0212514 43.2 -0.00957146 -0.016795 0.217908 -0.203962 0.332478 0.00161051 1.0000 0 0 0 0   0 0 0
22 1 2 0 25 3.52137e-07 -0.00626882 -0.0185426 43.2 -0.00466522 0.000867629 0.212635 0.0501733 0.310532 0.00140867 1.0000 0 0 0 0   0 0 0
23 1 2 0 25 3.52097e-07 -0.0194004 -0.0122548 43.2 -0.0221178 0.0249096 0.215461 0.155345 0.260162 0.000935138 1.0000 0 0 0 0   0 0 0
24 1 2 0 25 3.52124e-07 -0.024192 -0.019028 43.2 -0.0211957 -0.00864779 0.21802 0.193843 0.314597 0.00144499 1.0000 0 0 0 0   0 0 0
25 1 2 0 25 3.52286e-07 0.00511782 0.00213013 43.2 0.0132287 -0.00508124 0.223816 -0.0409408 0.144925 -0.000163093 1.0000 0 0 0 0   0 0 0
26 1 2 0 25 3.52255e-07 0.0438 0.0145062 43.2 0.0170409 0.0156206 0.222669 -0.351863 0.045528 -0.0011054 1.0000 0 0 0 0   0 0 0
27 1 2 0 25 3.52268e-07 -0.0172493 -0.0318511 43.2 -0.0105528 0.00333722 0.240683 0.138322 0.417847 0.00238237 1.0000 0 0 0 0   0 0 0
28 1 2 0 25 3.52701e-07 -0.0478583 -0.014161 43.2 -0.0178446 -0.00121908 0.253061 0.384656 0.275875 0.00107935 1.0000 0 0 0 0   0 0 0
29 1 2 0 25 3.52585e-07 0.0162221 0.0204423 43.2 -0.00974447 0.00711728 0.252861 -0.129937 -0.00158106 -0.00155034 1.0000 0 0 0 0   0 0 0
33 1 2 0 25 3.52406e-07 -0.0127989 -0.0279167 43.2 0.00987574 -0.00814062 0.257898 0.102553 0.386012 0.00209955 1.0000 0 0 0 0   0 0 0
34 1 2 0 25 3.53645e-07 0.0876655 -0.0937847 43.2 -0.0215226 -0.00131468 0.226509 -0.725876 0.942298 0.00575977 1.0000 0 0 0 0   0 0 0
36 1 2 0 25 3.52552e-07 0.00172987 -0.042522 43.2 -0.000290382 -0.00476497 0.265715 -0.0138891 0.504204 0.00312176 1.0000 0 0 0 0   0 0 0
37 1 2 0 25 3.52439e-07 -0.000228975 -0.0538815 43.2 0.00154445 0.027583 0.24344 0.00184239 0.59683 0.00385318 1.0000 0 0 0 0   0 0 0
38 1 2 0 25 3.52261e-07 -0.0502432 -0.0148945 43.2 -0.00806026 0.00440051 0.234222 0.404089 0.281858 0.00113471 1.0000 0 0 0 0   0 0 0
40 1 2 0 25 3.52305e-07 -0.0205055 -0.0168286 43.2 -0.00567961 0.00277986 0.210183 0.164252 0.296895 0.00128026 1.0000 0 0 0 0   0 0 0
41 1 2 0 25 3.5237e-07 -0.0224008 0.0272626 43.2 -0.0110211 -0.00559362 0.244569 0.179591 -0.0562599 -0.00205211 1.0000 0 0 0 0   0 0 0
42 1 2 0 25 3.52256e-07 -0.0293515 0.010689 43.2 -0.0195699 -0.00320476 0.230928 0.23519 0.0763672 -0.000816326 1.0000 0 0 0 0   0 0 0
44 1 2 0 25 3.52459e-07 -0.0413425 -0.000708428 43.2 0.00368375 -0.00108436 0.235094 0.331868 0.167651 5.42432e-05 1.0000 0 0 0 0   0 0 0
45 1 2 0 25 3.52314e-07 -0.0661935 0.100581 43.2 0.011238 -0.033014 0.279443 0.545697 -0.66292 -0.00595366 1.0000 0 0 0 0   0 0 0
46 1 2 0 25 3.5274e-07 -0.00354794 -0.00340482 43.2 -0.0108546 -0.00280654 0.229348 0.0283823 0.189206 0.000260645 1.0000 0 0 0 0   0 0 0
48 1 2 0 25 3.5251e-07 -0.0131653 -0.0120113 43.2 -0.00403952 0.028615 0.220531 0.105338 0.258136 0.000916687 1.0000 0 0 0 0   0 0 0
49 1 2 0 25 3.52717e-07 -0.0405075 -0.0148561 43.2 -0.0134228 -0.00351502 0.226585 0.325265 0.281357 0.00113182 1.0000 0 0 0 0   0 0 0
50 1 2 0 25 3.51846e-07 -0.0261452 -0.0267609 43.2 -0.0484014 -0.0403647 0.184615 0.209713 0.376948 0.00201568 1.0000 0 0 0 0   0 0 0
51 1 2 0 25 3.52766e-07 0.00283063 0.0606032 43.2 0.00510205 0.0106141 0.252732 -0.0228161 -0.324861 -0.00425283 1.0000 0 0 0 0   0 0 0
52 1 2 0 25 3.52785e-07 -0.0255249 0.0014257 43.2 -0.00607277 0.000202185 0.247362 0.20444 0.150546 -0.000109164 1.0000 0 0 0 0   0 0 0
53 1 2 0 25 3.52212e-07 -0.0275589 -0.0161738 43.2 -0.0111342 0.022285 0.227917 0.220836 0.29169 0.00123103 1.0000 0 0 0 0   0 0 0
54 1 2 0 25 3.52341e-07 -0.021558 0.0193041 43.2 -0.0101758 0.022874 0.233654 0.172715 0.00747946 -0.00146561 1.0000 0 0 0 0   0 0 0
55 1 2 0 25 3.52319e-07 -0.00125992 -0.0158485 43.2 -0.00590104 0.0137433 0.235183 0.0100789 0.288864 0.00120658 1.0000 0 0 0 0   0 0 0
56 1 2 0 25 3.52211e-07 -0.0235177 -0.0184619 43.2 0.00158021 0.0250812 0.226157 0.188428 0.310043 0.00140263 1.0000 0 0 0 0   0 0 0
57 1 2 0 25 3.52257e-07 -0.0528426 -0.00966458 43.2 -0.0251747 -0.00338569 0.245724 0.425164 0.239767 0.000738479 1.0000 0 0 0 0   0 0 0
58 1 2 0 25 3.52448e-07 -0.0233331 0.00193109 43.2 0.00878886 0.00805524 0.239775 0.186844 0.146502 -0.000147861 1.0000 0 0 0 0   0 0 0
59 1 2 0 25 3.52127e-07 -0.0036997 -0.0129477 43.2 -0.0014034 0.00117191 0.214079 0.0295963 0.265619 0.000987628 1.0000 0 0 0 0   0 0 0
60 1 2 0 25 3.5221e-07 -0.00911872 -0.00740644 43.2 -0.00310578 0.0106179 0.21812 0.0729466 0.221238 0.000566422 1.0000 0 0 0 0   0 0 0
61 1 2 0 25 3.52194e-07 -0.00311038 0.00457552 43.2 0.00637741 -0.00694333 0.233023 0.024882 0.125371 -0.000350182 1.0000 0 0 0 0   0 0 0
62 1 2 0 25 3.52348e-07 -0.0190519 -0.0120454 43.2 0.000147412 0.0083909 0.242841 0.152547 0.258478 0.000919271 1.0000 0 0 0 0   0 0 0
63 1 2 0 25 3.52385e-07 -0.0283637 -0.00810382 43.2 0.0179713 0.00441245 0.244385 0.227249 0.226922 0.000619591 1.0000 0 0 0 0   0 0 0
64 1 2 0 25 3.52805e-07 0.0176436 -0.0132225 43.2 -0.0117271 0.0156789 0.215071 -0.141262 0.26791 0.00100845 1.0000 0 0 0 0   0 0 0
66 1 2 0 25 3.52606e-07 0.00931886 -0.0142513 43.2 -0.0118079 0.00144025 0.232222 -0.0745501 0.276068 0.00108616 1.0000 0 0 0 0   0 0 0
67 1 2 0 25 3.52643e-07 0.00682215 -0.0172538 43.2 -0.0146578 -0.0112494 0.232675 -0.0545926 0.300171 0.00131222 1.0000 0 0 0 0   0 0 0
68 1 2 0 25 3.52729e-07 -0.0817665 -0.00246969 43.2 0.0302812 0.00411326 0.263927 0.663121 0.181996 0.000189079 1.0000 0 0 0 0   0 0 0
69 1 2 0 25 3.5245e-07 0.0133433 0.0264294 43.2 0.00946669 0.0374385 0.233896 -0.106907 -0.0494646 -0.00199146 1.0000 0 0 0 0   0 0 0
70 1 2 0 25 3.52572e-07 -0.0286022 -0.040089 43.2 0.00560446 0.0163715 0.213614 0.229868 0.484889 0.0029572 1.0000 0 0 0 0   0 0 0
72 1 2 0 25 3.52627e-07 -0.038022 0.0153824 43.2 0.0297434 -0.00134794 0.249185 0.305195 0.0386023 -0.00117153 1.0000 0 0 0 0   0 0 0
74 1 2 0 25 3.5212e-07 -0.0163738 -0.0043003 43.2 0.00577749 -0.00166272 0.21119 0.130986 0.196374 0.00032914 1.0000 0 0 0 0   0 0 0
75 1 2 0 25 3.52205e-07 -0.0073346 -0.028147 43.2 -0.0121081 0.0161123 0.239202 0.0587629 0.387839 0.00211625 1.0000 0 0 0 0   0 0 0
76 1 2 0 25 3.52284e-07 -0.0209523 -0.0193917 43.2 -0.00201584 -0.00229273 0.239202 0.167858 0.317494 0.00147213 1.0000 0 0 0 0   0 0 0
77 1 2 0 25 3.52088e-07 -0.0273705 -0.00547755 43.2 -0.00407686 -0.0106124 0.225913 0.219266 0.205858 0.000419144 1.0000 0 0 0 0   0 0 0
78 1 2 0 25 3.52071e-07 -0.0184846 -0.00884682 43.2 0.0102868 0.00198786 0.225121 0.147965 0.232817 0.000676195 1.0000 0 0 0 0   0 0 0
79 1 2 0 25 3.52209e-07 -0.00179211 -0.0129686 43.2 0.0210679 0.012506 0.230507 0.0143362 0.265787 0.00098921 1.0000 0 0 0 0   0 0 0
80 1 2 0 25 3.52203e-07 -0.0105465 -0.0074616 43.2 0.00174811 0.000696683 0.239971 0.0843681 0.22168 0.000570632 1.0000 0 0 0 0   0 0 0
81 1 2 0 25 3.52143e-07 -0.0410793 -0.0112391 43.2 0.0134539 -0.0123568 0.233842 0.329826 0.252262 0.000858127 1.0000 0 0 0 0   0 0 0
82 1 2 0 25 3.52147e-07 -0.0145543 -0.00293927 43.2 -0.0163571 0.00390841 0.220407 0.11643 0.185481 0.000225016 1.0000 0 0 0 0   0 0 0
83 1 2 0 25 3.52124e-07 -0.0152687 -0.0079869 43.2 -0.000977301 0.000337827 0.227251 0.122153 0.225891 0.000610684 1.0000 0 0 0 0   0 0 0
85 1 2 0 25 3.52147e-07 -0.00885718 0.00925287 43.2 -0.00345684 -0.00854526 0.2201 0.0708544 0.0879839 -0.000707128 1.0000 0 0 0 0   0 0 0
86 1 2 0 25 3.52293e-07 -0.0256152 -0.0162007 43.2 0.0203064 7.60716e-05 0.232551 0.20524 0.291893 0.00123305 1.0000 0 0 0 0   0 0 0
87 1 2 0 25 3.52223e-07 -0.0337569 -0.0111587 43.2 -0.0154229 0.0147025 0.224564 0.270652 0.251489 0.000852014 1.0000 0 0 0 0   0 0 0
88 1 2 0 25 3.52182e-07 -0.0140475 -0.0106019 43.2 -0.0298551 0.0137995 0.22788 0.112392 0.246841 0.000809709 1.0000 0 0 0 0   0 0 0
89 1 2 0 25 3.52188e-07 -0.0496726 9.32705e-05 43.2 0.0194549 -0.00259582 0.222147 0.399226 0.161214 -7.14174e-06 1.0000 0 0 0 0   0 0 0
90 1 2 0 25 3.52565e-07 0.00619113 -0.00569044 43.2 -0.0204024 -0.00794357 0.233291 -0.0495269 0.2075 0.00043542 1.0000 0 0 0 0   0 0 0
91 1 2 0 25 3.5216e-07 -0.00259316 -0.00181785 43.2 0.00228693 -0.00871509 0.228809 0.0207444 0.176507 0.00013919 1.0000 0 0 0 0   0 0 0
92 1 2 0 25 3.52326e-07 0.00397828 -0.016409 43.2 -0.0386278 0.0150674 0.222683 -0.0318249 0.293356 0.00124871 1.0000 0 0 0 0   0 0 0
93 1 2 0 25 3.52067e-07 -0.0132533 0.0191946 43.2 0.0062187 0.00256089 0.228527 0.106127 0.00843214 -0.00145746 1.0000 0 0 0 0   0 0 0
94 1 2 0 25 3.52143e-07 -0.0209992 -0.0177423 43.2 0.00210937 4.36645e-05 0.21866 0.16822 0.30424 0.00134878 1.0000 0 0 0 0   0 0 0
95 1 2 0 25 3.52161e-07 -0.011212 0.0240007 43.2 0.0160989 -0.00305976 0.250502 0.0898091 -0.0300166 -0.00181356 1.0000 0 0 0 0   0 0 0
96 1 2 0 25 3.53335e-07 0.0262332 -0.021272 43.2 -0.0359207 -0.0051444 0.217706 -0.210235 0.33265 0.00161203 1.0000 0 0 0 0   0 0 0
97 1 2 0 25 3.52116e-07 -0.0254079 -0.0202932 43.2 0.00516829 -0.00783316 0.234325 0.203606 0.324775 0.00153924 1.0000 0 0 0 0   0 0 0
98 1 2 0 25 3.5214e-07 -0.0162511 0.0256311 43.2 0.0171294 -0.00838282 0.239904 0.130211 -0.0430982 -0.00193314 1.0000 0 0 0 0   0 0 0
99 1 2 0 25 3.52268e-07 0.00543956 -0.0102081 43.2 -0.00859669 -0.0134498 0.237621 -0.0435146 0.243674 0.000779781 1.0000 0 0 0 0   0 0 0
100 1 2 0 25 3.5215e-07 -0.000608686 0.0110058 43.2 0.0153884 -0.0146641 0.222026 0.00486928 0.0739777 -0.000840397 1.0000 0 0 0 0   0 0 0
101 1 2 0 25 3.52302e-07 -0.00578475 -0.0353905 43.2 0.0327649 -0.000851568 0.242355 0.0463838 0.446314 0.0026324 1.0000 0 0 0 0   0 0 0
102 1 2 0 25 3.52184e-07 -0.034493 0.0220078 43.2 -0.0283204 0.0426906 0.21808 0.276864 -0.0144597 -0.00166649 1.0000 0 0 0 0   0 0 0
104 1 2 0 25 3.52778e-07 -0.000965584 -0.0280033 43.2 0.00465315 -0.0143831 0.239938 0.0077354 0.386665 0.00210582 1.0000 0 0 0 0   0 0 0
105 1 2 0 25 3.52583e-07 -0.030233 -0.013922 43.2 0.00185967 -0.0220567 0.231839 0.242282 0.273623 0.0010613 1.0000 0 0 0 0   0 0 0
106 1 2 0 25 3.52716e-07 -0.00584583 -0.0273327 43.2 0.000794237 -0.00172632 0.196938 0.0468313 0.381275 0.0020572 1.0000 0 0 0 0   0 0 0
108 1 2 0 25 3.52949e-07 0.0306211 -0.0318127 43.2 -0.0236562 -0.0109468 0.185818 -0.245919 0.417922 0.00237963 1.0000 0 0 0 0   0 0 0
109 1 2 0 25 3.52431e-07 0.073979 -0.0304806 43.2 0.0089078 -0.0119328 0.238382 -0.599668 0.409467 0.00228448 1.0000 0 0 0 0   0 0 0
110 1 2 0 25 3.52729e-07 -0.0250847 -0.0142415 43.2 0.00257588 -0.00898434 0.180574 0.200969 0.276155 0.00108542 1.0000 0 0 0 0   0 0 0
111 1 2 0 25 3.52867e-07 -0.0288092 -0.015395 43.2 0.0104258 -0.0197228 0.196741 0.230864 0.285443 0.00117249 1.0000 0 0 0 0   0 0 0
115 1 2 0 25 3.5275e-07 -0.00596402 0.00562989 43.2 -0.0143413 -0.015665 0.24233 0.0477102 0.116941 -0.000430791 1.0000 0 0 0 0   0 0 0
116 1 2 0 25 3.52558e-07 -0.0189499 -0.0542517 43.2 0.00763085 -0.0387654 0.210818 0.152625 0.600257 0.00387576 1.0000 0 0 0 0   0 0 0
117 1 2 0 25 3.52209e-07 0.00027907 -0.0552008 43.2 0.00297587 0.00267491 0.22843 -0.00224631 0.607677 0.00393363 1.0000 0 0 0 0   0 0 0
118 1 2 0 25 3.5191e-07 0.00073319 -0.00447093 43.2 -0.0286312 -0.0459388 0.218319 -0.00586527 0.197739 0.000342186 1.0000 0 0 0 0   0 0 0
119 1 2 0 25 3.52741e-07 -0.00054627 0.00447473 43.2 -0.0099316 -0.00278179 0.213282 0.00436997 0.126177 -0.000342476 1.0000 0 0 0 0   0 0 0
121 1 2 0 25 3.52629e-07 -0.0238914 -0.0271727 43.2 -0.00958919 -0.0564334 0.23075 0.191583 0.380201 0.00204559 1.0000 0 0 0 0   0 0 0
122 1 2 0 25 3.52595e-07 -0.00629088 0.000471643 43.2 0.0103318 -0.00380253 0.22055 0.0503249 0.158191 -3.61132e-05 1.0000 0 0 0 0   0 0 0
126 1 2 0 25 3.52644e-07 0.0193529 0.0367375 43.2 -0.00984396 -0.0244191 0.211079 -0.155356 -0.132324 -0.00272645 1.0000 0 0 0 0   0 0 0
127 1 2 0 25 3.52774e-07 -0.00227059 -0.0101596 43.2 0.0156489 0.00684355 0.206652 0.0181639 0.243286 0.000776098 1.0000 0 0 0 0   0 0 0
128 1 2 0 25 3.52507e-07 0.0215466 -0.00779006 43.2 0.00230022 -0.00635202 0.169568 -0.172529 0.224369 0.000595689 1.0000 0 0 0 0   0 0 0
129 1 2 0 25 3.52732e-07 0.0228884 -0.00298 43.2 0.00235367 -0.000873947 0.204819 -0.183277 0.18583 0.000228134 1.0000 0 0 0 0   0 0 0
131 1 2 0 25 3.52851e-07 0.00712246 -0.0168005 43.2 -0.00147744 -0.0113408 0.198361 -0.0569927 0.29653 0.00127815 1.0000 0 0 0 0   0 0 0
133 1 2 0 25 3.52111e-07 -0.002806 0.00286299 43.2 0.0315031 -0.0106201 0.230487 0.022447 0.139065 -0.000219179 1.0000 0 0 0 0   0 0 0
134 1 2 0 25 3.52681e-07 -0.0402325 0.00708094 43.2 -0.0143621 0.00130596 0.237601 0.322929 0.105151 -0.000541574 1.0000 0 0 0 0   0 0 0
135 1 2 0 25 3.52222e-07 -0.0339974 -0.00525476 43.2 0.000142125 -0.0178641 0.254018 0.272503 0.204096 0.000402112 1.0000 0 0 0 0   0 0 0
136 1 2 0 25 3.52269e-07 0.00221267 0.00411396 43.2 -0.00763093 -0.0135753 0.246653 -0.0177006 0.129061 -0.000314894 1.0000 0 0 0 0   0 0 0
137 1 2 0 25 3.52695e-07 -0.0160955 -0.00114852 43.2 0.0104729 -0.0189761 0.242988 0.128759 0.171152 8.79404e-05 1.0000 0 0 0 0   0 0 0
138 1 2 0 25 3.52679e-07 -0.0289366 0.00322902 43.2 0.00912322 0.00288956 0.232716 0.231833 0.136098 -0.000247191 1.0000 0 0 0 0   0 0 0
139 1 2 0 25 3.52474e-07 -0.0315314 0.0217523 43.2 -0.00038313 -0.00683767 0.253154 0.252965 -0.012326 -0.00164758 1.0000 0 0 0 0   0 0 0
140 1 2 0 25 3.52336e-07 -0.0372473 -0.0108864 43.2 0.0101767 -0.0105673 0.255113 0.298851 0.249366 0.000831327 1.0000 0 0 0 0   0 0 0
141 1 2 0 25 3.52545e-07 -0.0309411 -0.00989675 43.2 0.0210942 -0.0176375 0.246443 0.247946 0.241317 0.000756121 1.0000 0 0 0 0   0 0 0
142 1 2 0 25 3.52628e-07 -0.0760525 0.0884943 43.2 0.03745 -0.0356949 0.257809 0.62576 -0.562758 -0.0055793 1.0000 0 0 0 0   0 0 0
143 1 2 0 25 3.52349e-07 -0.017288 -0.0141029 43.2 0.00152699 0.0104717 0.250762 0.13842 0.274974 0.00107496 1.0000 0 0 0 0   0 0 0
144 1 2 0 25 3.52121e-07 -0.015668 -0.0129135 43.2 0.0149863 0.00379531 0.219575 0.125415 0.265408 0.00098504 1.0000 0 0 0 0   0 0 0
145 1 2 0 25 3.52166e-07 -0.00597152 -0.0158767 43.2 -0.000331596 -0.0159881 0.229566 0.047771 0.289092 0.00120869 1.0000 0 0 0 0   0 0 0
146 1 2 0 25 3.52031e-07 -0.0199908 -0.00303061 43.2 0.00380104 -0.00504679 0.227219 0.160015 0.186226 0.000232007 1.0000 0 0 0 0   0 0 0
147 1 2 0 25 3.5205e-07 0.0126257 -0.0133285 43.2 0.00368709 -0.0107254 0.219365 -0.10103 0.268701 0.00101647 1.0000 0 0 0 0   0 0 0
148 1 2 0 25 3.52103e-07 -0.00765991 -0.0189301 43.2 -0.00888401 0.0237112 0.223111 0.0613149 0.31366 0.00143767 1.0000 0 0 0 0   0 0 0
149 1 2 0 25 3.52122e-07 -0.0275529 -0.0248418 43.2 -0.00206046 -0.00631164 0.230267 0.22099 0.361496 0.00187543 1.0000 0 0 0 0   0 0 0
150 1 2 0 25 3.52116e-07 -0.0198113 -0.0226968 43.2 -0.00475396 -0.00580741 0.235096 0.158734 0.344057 0.00171749 1.0000 0 0 0 0   0 0 0
151 1 2 0 25 3.522e-07 -0.00257013 -0.0277918 43.2 0.009673 0.0167591 0.223117 0.0205894 0.384964 0.00209049 1.0000 0 0 0 0   0 0 0
152 1 2 0 25 3.521e-07 -0.0085258 -0.0266226 43.2 -0.00412196 -0.00529965 0.223599 0.0683007 0.375569 0.00200558 1.0000 0 0 0 0   0 0 0
153 1 2 0 25 3.52645e-07 0.00551991 -0.0317511 43.2 -0.0120386 -0.00996959 0.236306 -0.0442331 0.416864 0.00237523 1.0000 0 0 0 0   0 0 0
155 1 2 0 25 3.51784e-07 -0.00868105 -0.00255298 43.2 -0.00773107 -0.00288685 0.238855 0.0694455 0.18239 0.000195454 1.0000 0 0 0 0   0 0 0
156 1 2 0 25 3.52765e-07 -0.000913156 0.00161988 43.2 -0.00486355 -0.0184684 0.244086 0.00730494 0.149006 -0.000124032 1.0000 0 0 0 0   0 0 0
158 1 2 0 25 3.5273e-07 -0.0134823 -0.0047214 43.2 -0.00475466 0.00175475 0.221791 0.107854 0.199744 0.000361334 1.0000 0 0 0 0   0 0 0
159 1 2 0 25 3.5265e-07 -0.0125621 -0.0071992 43.2 -0.00346701 0.00259195 0.225342 0.100493 0.219579 0.000550602 1.0000 0 0 0 0   0 0 0
160 1 2 0 25 3.52605e-07 0.0171998 -0.0025415 43.2 0.0224492 -0.000212621 0.189265 -0.137607 0.1823 0.000194575 1.0000 0 0 0 0   0 0 0
161 1 2 0 25 3.52708e-07 -0.0125046 0.00325043 43.2 -0.00472572 0.00332718 0.213101 0.100033 0.135966 -0.00024883 1.0000 0 0 0 0   0 0 0
162 1 2 0 25 3.52511e-07 -0.029214 -0.00139622 43.2 0.000622551 -0.00206105 0.224082 0.234058 0.173151 0.000106906 1.0000 0 0 0 0   0 0 0
163 1 2 0 25 3.52142e-07 -0.0239666 0.00534553 43.2 0.00488946 -0.0106084 0.24339 0.19194 0.119166 -0.000409051 1.0000 0 0 0 0   0 0 0
164 1 2 0 25 3.52197e-07 0.00159356 -0.000943055 43.2 0.00215778 -0.00138618 0.249727 -0.0127479 0.169508 7.22083e-05 1.0000 0 0 0 0   0 0 0
167 1 2 0 25 3.528e-07 -0.00342159 -0.0220161 43.2 -0.00474529 -0.00353139 0.238473 0.0273954 0.338465 0.00166711 1.0000 0 0 0 0   0 0 0
168 1 2 0 25 3.52279e-07 -0.0169194 -0.0069459 43.2 0.000897529 -0.0178062 0.261197 0.135387 0.217567 0.000531265 1.0000 0 0 0 0   0 0 0
169 1 2 0 25 3.52302e-07 -0.0301315 -0.0148698 43.2 -0.00461015 0.00032274 0.254074 0.241474 0.281233 0.00113285 1.0000 0 0 0 0   0 0 0
170 1 2 0 25 3.5226e-07 -0.00514197 -0.00284344 43.2 -0.00503654 0.0076811 0.25417 0.041134 0.184714 0.000217683 1.0000 0 0 0 0   0 0 0
171 1 2 0 25 3.52094e-07 -0.0118899 -0.00994347 43.2 -0.00377745 0.00805088 0.231918 0.0951153 0.241554 0.000759672 1.0000 0 0 0 0   0 0 0
172 1 2 0 25 3.5258e-07 -0.0250326 -0.0112981 43.2 -0.0178439 0.00869305 0.259328 0.20053 0.25253 0.000862612 1.0000 0 0 0 0   0 0 0
174 1 2 0 25 3.52763e-07 -0.0430548 0.00811089 43.2 -0.00324624 -0.0160017 0.216171 0.345756 0.0968591 -0.00062013 1.0000 0 0 0 0   0 0 0
179 1 2 0 25 3.52897e-07 -0.0258481 -0.0122231 43.2 0.000655907 -0.0257589 0.200201 0.20708 0.259958 0.000932732 1.0000 0 0 0 0   0 0 0
180 1 2 0 25 3.52755e-07 0.0316276 -0.0194143 43.2 0.00227419 -0.0368684 0.223592 -0.253671 0.317853 0.00147381 1.0000 0 0 0 0   0 0 0
181 1 2 0 25 3.52477e-07 -0.0195736 -0.0246446 43.2 0.00158435 0.0100058 0.251564 0.156843 0.359724 0.00186092 1.0000 0 0 0 0   0 0 0
182 1 2 0 25 3.52654e-07 -0.0116325 0.00441269 43.2 0.00331508 0.0079039 0.237904 0.0930563 0.126673 -0.000337733 1.0000 0 0 0 0   0 0 0
183 1 2 0 25 3.52094e-07 -0.0121733 -0.0163055 43.2 0.0169203 -0.00105029 0.224142 0.0974423 0.292606 0.00124093 1.0000 0 0 0 0   0 0 0
185 1 2 0 25 3.52247e-07 -0.00778208 -0.0256349 43.2 0.0104128 -0.00433965 0.246041 0.0623368 0.367613 0.00193342 1.0000 0 0 0 0   0 0 0
186 1 2 0 25 3.52495e-07 0.00570654 -0.0161507 43.2 -0.00831183 -0.0128796 0.249013 -0.0456528 0.291293 0.0012293 1.0000 0 0 0 0   0 0 0
187 1 2 0 25 3.52193e-07 -0.00459671 0.00295273 43.2 0.00223981 -0.0105874 0.2437 0.0367721 0.138347 -0.000226047 1.0000 0 0 0 0   0 0 0
189 1 2 0 25 3.52326e-07 -0.00627464 -0.0235758 43.2 -0.0100579 0.00797443 0.256879 0.0502506 0.35103 0.0017823 1.0000 0 0 0 0   0 0 0
192 1 2 0 25 3.52547e-07 -0.0187172 -0.00310963 43.2 0.00600477 -0.0118065 0.2494 0.14979 0.186854 0.000238054 1.0000 0 0 0 0   0 0 0
193 1 2 0 25 3.52771e-07 -0.0720379 0.00727651 43.2 0.0086858 -0.00763431 0.253112 0.582542 0.103146 -0.000556503 1.0000 0 0 0 0   0 0 0
194 1 2 0 25 3.52211e-07 -0.0314561 -0.0032657 43.2 0.007229 -0.0154977 0.251564 0.25206 0.188137 0.000249998 1.0000 0 0 0 0   0 0 0
195 1 2 0 25 3.52932e-07 -0.00225511 -0.000745906 43.2 0.024849 -0.0107719 0.211649 0.0180401 0.167931 5.71129e-05 1.0000 0 0 0 0   0 0 0
196 1 2 0 25 3.52836e-07 -0.0393005 -0.00631286 43.2 0.0167401 -0.0133278 0.243034 0.315387 0.212643 0.000482942 1.0000 0 0 0 0   0 0 0
197 1 2 0 25 3.54518e-07 0.0118204 -0.0378279 43.2 -0.0295777 -0.0251234 0.133678 -0.0948557 0.466184 0.00280195 1.0000 0 0 0 0   0 0 0
199 1 2 0 25 3.52847e-07 -0.0499084 -0.0126013 43.2 0.0129939 0.00711288 0.24738 0.401279 0.263356 0.000961387 1.0000 0 0 0 0   0 0 0
200 1 2 0 25 3.52123e-07 -0.0321449 -0.0119017 43.2 0.0107609 0.0136286 0.238989 0.257647 0.257424 0.000908389 1.0000 0 0 0 0   0 0 0
0 1 2 0 26 3.59121e-07 -0.00641636 -0.0113534 45 0 0 0.204 0 0 0 1.0000 0 0 0 0   0 0 0
1 1 2 0 26 3.58766e-07 0.012565 -0.0240653 45 0.000992281 0.0122319 0.222131 -0.100652 0.355009 0.00181831 1.0000 0 0 0 0   0 0 0
2 1 2 0 26 3.58811e-07 0.00970005 0.0121891 45 0.00404311 0.00149465 0.212804 -0.0775971 0.0645242 -0.00093016 1.0000 0 0 0 0   0 0 0
3 1 2 0 26 3.58839e-07 -0.00909846 -0.0058321 45 -0.0246113 0.0226448 0.221653 0.0727846 0.208634 0.000446242 1.0000 0 0 0 0   0 0 0
4 1 2 0 26 3.58836e-07 -0.0213673 -0.00452987 45 -0.0169849 0.00782486 0.201156 0.171071 0.19824 0.000346692 1.0000 0 0 0 0   0 0 0
5 1 2 0 26 3.58772e-07 -2.2891e-05 -0.0181517 45 -0.0129713 0.0141224 0.205101 0.000183167 0.307362 0.00137942 1.0000 0 0 0 0   0 0 0
6 1 2 0 26 3.58719e-07 -0.0287623 -0.00811155 45 0.00379505 0.00127348 0.213285 0.230449 0.226986 0.00062018 1.0000 0 0 0 0   0 0 0
7 1 2 0 26 3.58876e-07 -0.00342452 -0.0296556 45 -0.0144228 0.0228578 0.226925 0.0274378 0.399978 0.00222514 1.0000 0 0 0 0   0 0 0
8 1 2 0 26 3.58902e-07 -0.0325647 -0.00186674 45 -0.0193168 -0.012008 0.213456 0.260959 0.176924 0.000142934 1.0000 0 0 0 0   0 0 0
9 1 2 0 26 3.58737e-07 0.017712 -0.0381043 45 -0.00947902 0.00349707 0.250131 -0.142196 0.468544 0.00282109 1.0000 0 0 0 0   0 0 0
10 1 2 0 26 3.5882e-07 -0.00140015 -0.0596376 45 -0.00528339 0.0371488 0.235675 0.0112832 0.644166 0.00419726 1.0000 0 0 0 0   0 0 0
11 1 2 0 26 3.58855e-07 -0.0459657 -0.0745492 45 -0.0138623 0.00774751 0.247826 0.373572 0.770311 0.00498942 1.0000 0 0 0 0   0 0 0
12 1 2 0 26 3.5929e-07 -0.0517802 -0.0342358 45 0.00399467 -0.00811123 0.251686 0.417503 0.438549 0.00255139 1.0000 0 0 0 0   0 0 0
14 1 2 0 26 3.58952e-07 -0.0474946 -0.0021821 45 -0.000314471 -0.0216253 0.248756 0.381617 0.179499 0.000167071 1.0000 0 0 0 0   0 0 0
15 1 2 0 26 3.59311e-07 0.00268128 0.0560807 45 0.005661 -0.0346494 0.272235 -0.021588 -0.288131 -0.00398681 1.0000 0 0 0 0   0 0 0
16 1 2 0 26 3.59082e-07 -0.0186006 0.0088543 45 0.00322588 -0.027421 0.256729 0.148895 0.0911229 -0.000676765 1.0000 0 0 0 0   0 0 0
17 1 2 0 26 3.59488e-07 -0.0118104 0.0224571 45 0.00793923 -0.0405218 0.247728 0.0945931 -0.0176671 -0.00169975 1.0000 0 0 0 0   0 0 0
18 1 2 0 26 3.58835e-07 -0.0428689 0.00905095 45 0.00909926 -0.0055471 0.245963 0.344263 0.0893174 -0.000691746 1.0000 0 0 0 0   0 0 0
19 1 2 0 26 3.58858e-07 -0.0166041 -0.0189655 45 0.00173518 -0.00974083 0.218351 0.132985 0.314029 0.00144032 1.0000 0 0 0 0   0 0 0
20 1 2 0 26 3.59111e-07 0.0208076 -0.025481 45 0.0285894 0.0158044 0.233275 -0.166745 0.366462 0.00192217 1.0000 0 0 0 0   0 0 0
21 1 2 0 26 3.58994e-07 -0.0259565 0.0143249 45 0.0229646 0.00536466 0.215725 0.207965 0.0472876 -0.00109172 1.0000 0 0 0 0   0 0 0
22 1 2 0 26 3.589e-07 -0.00162153 -0.00598229 45 0.00193942 -0.00487375 0.204395 0.0129717 0.209837 0.000457707 1.0000 0 0 0 0   0 0 0
23 1 2 0 26 3.58913e-07 0.0249356 -0.0336616 45 0.00844301 -0.0117346 0.206085 -0.200184 0.432725 0.00251081 1.0000 0 0 0 0   0 0 0
24 1 2 0 26 3.58925e-07 0.0279985 0.00314234 45 0.00327576 0.00104021 0.208666 -0.224302 0.136794 -0.000240557 1.0000 0 0 0 0   0 0 0
25 1 2 0 26 3.58948e-07 -0.0330503 -0.0173378 45 -0.0072566 0.0072851 0.221231 0.265094 0.301169 0.00131852 1.0000 0 0 0 0   0 0 0
26 1 2 0 26 3.59e-07 -0.0657231 -0.0396977 45 0.00692497 0.00152542 0.220559 0.532238 0.484169 0.00293041 1.0000 0 0 0 0   0 0 0
27 1 2 0 26 3.58878e-07 -0.000714206 0.00876857 45 0.0112276 -0.00772669 0.234904 0.0057134 0.0918542 -0.000670233 1.0000 0 0 0 0   0 0 0
28 1 2 0 26 3.59246e-07 0.0137312 -0.0105113 45 0.0134603 0.000364439 0.264878 -0.109854 0.246109 0.000802818 1.0000 0 0 0 0   0 0 0
29 1 2 0 26 3.59124e-07 -0.0527566 -0.0375593 45 0.0109882 -0.00119094 0.261526 0.425616 0.465627 0.00278336 1.0000 0 0 0 0   0 0 0
33 1 2 0 26 3.58904e-07 -0.0211389 0.00419685 45 -0.0125825 0.00620076 0.25777 0.169236 0.128372 -0.000321231 1.0000 0 0 0 0   0 0 0
36 1 2 0 26 3.59032e-07 -0.0369771 0.0237249 45 -0.000946577 0.00568485 0.269055 0.296954 -0.0283034 -0.00179327 1.0000 0 0 0 0   0 0 0
37 1 2 0 26 3.59035e-07 -0.0264684 0.0272869 45 -0.00143067 -0.0282851 0.248042 0.212333 -0.0565894 -0.00205388 1.0000 0 0 0 0   0 0 0
38 1 2 0 26 3.58922e-07 0.0306446 -0.0116233 45 -0.00337254 -0.003186 0.230361 -0.245574 0.255172 0.000887298 1.0000 0 0 0 0   0 0 0
40 1 2 0 26 3.5907e-07 0.00772588 -0.00797395 45 -0.00948003 -0.00445925 0.209558 -0.0618044 0.225782 0.000609698 1.0000 0 0 0 0   0 0 0
41 1 2 0 26 3.58967e-07 -0.00364534 -0.0455113 45 0.00818544 0.00893031 0.239833 0.0292824 0.528501 0.0033203 1.0000 0 0 0 0   0 0 0
42 1 2 0 26 3.58948e-07 0.0181302 -0.02907 45 0.0122453 0.00832027 0.226853 -0.145316 0.395356 0.00218301 1.0000 0 0 0 0   0 0 0
44 1 2 0 26 3.59069e-07 0.0126624 -0.0229869 45 -0.00792578 -0.00155104 0.23709 -0.101425 0.346333 0.00173897 1.0000 0 0 0 0   0 0 0
45 1 2 0 26 3.58934e-07 0.0359782 -0.117503 45 -0.0135361 0.037733 0.283211 -0.297025 1.13768 0.00623921 1.0000 0 0 0 0   0 0 0
46 1 2 0 26 3.59347e-07 -0.0231089 -0.0191572 45 0.00778472 0.00280415 0.244086 0.185154 0.315627 0.00145465 1.0000 0 0 0 0   0 0 0
48 1 2 0 26 3.59187e-07 -0.00947695 -0.025696 45 0.00280197 -0.0225325 0.231979 0.0759171 0.368114 0.00193788 1.0000 0 0 0 0   0 0 0
49 1 2 0 26 3.59366e-07 0.0189083 -0.011548 45 0.00655892 -0.00276813 0.242813 -0.15139 0.254485 0.000881591 1.0000 0 0 0 0   0 0 0
50 1 2 0 26 3.59464e-07 0.0217757 -0.000111576 45 -0.0732969 -0.0399218 0.177577 -0.174339 0.162857 8.54307e-06 1.0000 0 0 0 0   0 0 0
51 1 2 0 26 3.59321e-07 -0.0391696 -0.0801377 45 0.000902663 -0.00719509 0.266576 0.318558 0.816541 0.00524467 1.0000 0 0 0 0   0 0 0
52 1 2 0 26 3.59314e-07 -0.0125831 -0.0229824 45 0.00625894 -0.0024925 0.262082 0.100789 0.346296 0.00173863 1.0000 0 0 0 0   0 0 0
53 1 2 0 26 3.58904e-07 0.0121061 -0.0214664 45 -0.000865011 -0.0196117 0.22113 -0.0969546 0.334097 0.00162642 1.0000 0 0 0 0   0 0 0
54 1 2 0 26 3.58997e-07 0.000621645 -0.051288 45 0.00608306 -0.011652 0.233748 -0.00499792 0.575513 0.00369188 1.0000 0 0 0 0   0 0 0
55 1 2 0 26 3.58937e-07 -0.0216496 -0.0117704 45 0.00826346 -0.0121599 0.23267 0.173386 0.256294 0.000898441 1.0000 0 0 0 0   0 0 0
56 1 2 0 26 3.58887e-07 -0.000361832 -0.0218739 45 -0.00553131 -0.0211277 0.22133 0.00289691 0.337315 0.00165659 1.0000 0 0 0 0   0 0 0
57 1 2 0 26 3.58908e-07 0.0361534 -0.0145094 45 0.0125403 0.00305102 0.240532 -0.290084 0.278481 0.00110565 1.0000 0 0 0 0   0 0 0
58 1 2 0 26 3.5901e-07 -0.00986732 -0.0249962 45 -0.00691362 -0.00729158 0.244788 0.0790408 0.362482 0.00188676 1.0000 0 0 0 0   0 0 0
59 1 2 0 26 3.58877e-07 -0.0107324 -0.00843601 45 0.000545799 -0.00214088 0.203149 0.0858558 0.229482 0.000644898 1.0000 0 0 0 0   0 0 0
60 1 2 0 26 3.58922e-07 -0.00526842 -0.0221178 45 -2.89845e-05 -0.00481193 0.212914 0.0421847 0.339291 0.00167464 1.0000 0 0 0 0   0 0 0
61 1 2 0 26 3.58836e-07 -0.0219497 -0.0188118 45 0.000270989 0.0122107 0.221814 0.175853 0.312842 0.00142881 1.0000 0 0 0 0   0 0 0
62 1 2 0 26 3.58928e-07 -0.00724336 -0.0139075 45 0.0103442 -0.0077635 0.24049 0.0579444 0.273309 0.00106021 1.0000 0 0 0 0   0 0 0
63 1 2 0 26 3.58929e-07 -0.00409278 -0.014813 45 -0.021555 -0.00079136 0.245309 0.0327408 0.280565 0.00112856 1.0000 0 0 0 0   0 0 0
64 1 2 0 26 3.59504e-07 -0.0333025 -0.0164757 45 0.0155088 -0.0176979 0.231091 0.267108 0.294236 0.00125372 1.0000 0 0 0 0   0 0 0
66 1 2 0 26 3.59225e-07 -0.0300049 -0.00476018 45 0.0156543 -0.00453337 0.243048 0.240413 0.200115 0.000364299 1.0000 0 0 0 0   0 0 0
67 1 2 0 26 3.59267e-07 -0.0298066 0.000602632 45 0.0181677 0.00487594 0.244917 0.238815 0.157136 -4.61428e-05 1.0000 0 0 0 0   0 0 0
68 1 2 0 26 3.59234e-07 0.0558442 -0.0236287 45 -0.0285926 -0.00278254 0.280282 -0.450125 0.35268 0.0017862 1.0000 0 0 0 0   0 0 0
69 1 2 0 26 3.591e-07 -0.0446778 -0.058302 45 -0.00707123 -0.0274093 0.238902 0.36142 0.63514 0.00411898 1.0000 0 0 0 0   0 0 0
70 1 2 0 26 3.5928e-07 0.00620176 0.00283604 45 -0.0159543 -0.0243952 0.22585 -0.049612 0.13928 -0.000217116 1.0000 0 0 0 0   0 0 0
72 1 2 0 26 3.59151e-07 0.0044859 -0.04192 45 -0.0250927 0.00328644 0.260942 -0.0360147 0.499324 0.00308127 1.0000 0 0 0 0   0 0 0
74 1 2 0 26 3.58889e-07 -0.00248545 -0.00908703 45 -0.00457806 0.00616018 0.198591 0.0198827 0.234695 0.000694494 1.0000 0 0 0 0   0 0 0
75 1 2 0 26 3.58838e-07 -0.0124661 -0.000625836 45 0.0117403 -0.0170529 0.22969 0.0997242 0.16697 4.79193e-05 1.0000 0 0 0 0   0 0 0
76 1 2 0 26 3.58892e-07 -0.00271455 -0.0010368 45 0.00666511 -0.00257093 0.233593 0.0217155 0.170258 7.93861e-05 1.0000 0 0 0 0   0 0 0
77 1 2 0 26 3.58791e-07 0.00963808 -0.00545743 45 -0.00666428 0.012708 0.211998 -0.0771014 0.205635 0.000417606 1.0000 0 0 0 0   0 0 0
78 1 2 0 26 3.58754e-07 -0.00912405 -0.0142317 45 -0.0146377 -0.00217994 0.209011 0.0729897 0.275908 0.00108468 1.0000 0 0 0 0   0 0 0
79 1 2 0 26 3.58841e-07 -0.0320879 -0.0147461 45 -0.0120951 -0.0086824 0.222729 0.257257 0.280288 0.00112352 1.0000 0 0 0 0   0 0 0
80 1 2 0 26 3.58804e-07 -0.0149394 -0.0132443 45 0.000219362 -0.000631579 0.230188 0.119576 0.268054 0.00101009 1.0000 0 0 0 0   0 0 0
81 1 2 0 26 3.58787e-07 0.00773462 -0.00164435 45 -0.0212649 0.0101857 0.221635 -0.0618743 0.175119 0.000125905 1.0000 0 0 0 0   0 0 0
82 1 2 0 26 3.58882e-07 0.0106145 -0.0168061 45 0.0062343 0.00544845 0.211522 -0.0849585 0.296611 0.00127856 1.0000 0 0 0 0   0 0 0
83 1 2 0 26 3.58807e-07 -0.00315751 -0.0147361 45 0.00046988 0.000227365 0.214342 0.025259 0.279949 0.00112276 1.0000 0 0 0 0   0 0 0
85 1 2 0 26 3.58879e-07 -0.00450829 -0.0168337 45 0.00291367 0.0150527 0.209417 0.0360689 0.296775 0.00128064 1.0000 0 0 0 0   0 0 0
86 1 2 0 26 3.58904e-07 -0.00837531 -0.00818923 45 -0.0259073 -0.000991227 0.228035 0.0669996 0.227506 0.000626098 1.0000 0 0 0 0   0 0 0
87 1 2 0 26 3.58942e-07 0.0208218 -0.024891 45 -0.00151461 -0.0137494 0.219069 -0.166855 0.361715 0.00187905 1.0000 0 0 0 0   0 0 0
88 1 2 0 26 3.58924e-07 0.0173187 -0.0201846 45 0.0244887 -0.00992111 0.222059 -0.138726 0.323835 0.00153115 1.0000 0 0 0 0   0 0 0
89 1 2 0 26 3.5891e-07 0.0060493 -0.0155603 45 -0.0353173 0.00422437 0.211159 -0.0483924 0.286553 0.00118491 1.0000 0 0 0 0   0 0 0
90 1 2 0 26 3.59204e-07 -0.0269997 -0.0109747 45 0.0220801 0.003499 0.241697 0.216315 0.249947 0.000838034 1.0000 0 0 0 0   0 0 0
91 1 2 0 26 3.58824e-07 -0.0180529 -0.0129845 45 0.000622451 0.00767981 0.21686 0.144543 0.266004 0.000990412 1.0000 0 0 0 0   0 0 0
92 1 2 0 26 3.59113e-07 0.0102274 -0.0174556 45 0.0332322 -0.0171726 0.224767 -0.0818643 0.301828 0.00132733 1.0000 0 0 0 0   0 0 0
93 1 2 0 26 3.58755e-07 -0.00939457 -0.0346273 45 -0.00784362 0.00871465 0.212375 0.0753287 0.440171 0.00257899 1.0000 0 0 0 0   0 0 0
94 1 2 0 26 3.58863e-07 -0.00522175 -0.00348812 45 -0.0110797 0.00245608 0.207546 0.0417723 0.189873 0.00026702 1.0000 0 0 0 0   0 0 0
95 1 2 0 26 3.58722e-07 -0.0198705 -0.0438319 45 -0.0143337 0.00819979 0.238092 0.159671 0.515062 0.00320929 1.0000 0 0 0 0   0 0 0
96 1 2 0 26 3.6019e-07 -0.0169446 0.00279135 45 0.0445483 0.0013614 0.209673 0.13556 0.139636 -0.000213697 1.0000 0 0 0 0   0 0 0
97 1 2 0 26 3.58762e-07 -0.000254617 0.00171372 45 -0.00661522 0.00415499 0.219982 0.00203685 0.148256 -0.000131217 1.0000 0 0 0 0   0 0 0
98 1 2 0 26 3.58761e-07 -0.0150023 -0.0407925 45 -0.0132894 0.0189128 0.22698 0.120471 0.490301 0.00300498 1.0000 0 0 0 0   0 0 0
99 1 2 0 26 3.58893e-07 -0.0235508 -0.00362086 45 0.00965301 0.00738783 0.23071 0.188596 0.190966 0.000277179 1.0000 0 0 0 0   0 0 0
100 1 2 0 26 3.58849e-07 -0.0291426 -0.0152773 45 -0.00922451 0.0217651 0.211911 0.233539 0.2845 0.00116361 1.0000 0 0 0 0   0 0 0
101 1 2 0 26 3.58873e-07 -0.0287712 0.0150917 45 -0.0299464 -0.0023896 0.239762 0.230557 0.0411331 -0.0011496 1.0000 0 0 0 0   0 0 0
102 1 2 0 26 3.59069e-07 0.0354667 -0.0800719 45 0.00187743 -0.00733169 0.223535 -0.288244 0.815551 0.00524179 1.0000 0 0 0 0   0 0 0
104 1 2 0 26 3.59336e-07 -0.0302276 0.00888408 45 0.000140936 0.0141863 0.254875 0.242214 0.0908123 -0.000679033 1.0000 0 0 0 0   0 0 0
105 1 2 0 26 3.59193e-07 0.00437851 -0.00411963 45 -0.00504479 0.0169929 0.242035 -0.0350266 0.194927 0.000315328 1.0000 0 0 0 0   0 0 0
106 1 2 0 26 3.59501e-07 -0.00777959 0.00627356 45 -0.0014675 -0.00704234 0.214549 0.062234 0.111796 -0.000479941 1.0000 0 0 0 0   0 0 0
108 1 2 0 26 3.59948e-07 0.00512669 0.0106568 45 0.0253586 -0.0201961 0.194329 -0.0410118 0.0767664 -0.000813874 1.0000 0 0 0 0   0 0 0
109 1 2 0 26 3.59122e-07 -0.0978451 0.00277202 45 0.0129256 0.0098843 0.253888 0.798395 0.139348 -0.000212217 1.0000 0 0 0 0   0 0 0
110 1 2 0 26 3.59648e-07 0.00559035 0.00103426 45 -0.019929 -0.00120199 0.198002 -0.0447209 0.153691 -7.91919e-05 1.0000 0 0 0 0   0 0 0
111 1 2 0 26 3.59656e-07 0.000823209 0.00929415 45 -0.0188806 0.0124074 0.214642 -0.0065854 0.0876539 -0.000710273 1.0000 0 0 0 0   0 0 0
115 1 2 0 26 3.59331e-07 -0.0284854 -0.0271875 45 0.0158939 0.0150292 0.255355 0.228577 0.380469 0.00204667 1.0000 0 0 0 0   0 0 0
116 1 2 0 26 3.59378e-07 0.0082354 0.0641384 45 -0.00860122 0.00249473 0.229315 -0.0664382 -0.353611 -0.00445201 1.0000 0 0 0 0   0 0 0
117 1 2 0 26 3.58909e-07 -0.0181033 0.0277371 45 0.000869338 -0.0164324 0.21853 0.145076 -0.0599574 -0.00208652 1.0000 0 0 0 0   0 0 0
118 1 2 0 26 3.58798e-07 0.0194429 0.0343673 45 0.0211846 0.0259354 0.205348 -0.15602 -0.113271 -0.00256068 1.0000 0 0 0 0   0 0 0
119 1 2 0 26 3.59442e-07 -0.0169323 -0.0225259 45 0.0113754 0.00555184 0.22788 0.135648 0.34266 0.00170485 1.0000 0 0 0 0   0 0 0
121 1 2 0 26 3.59354e-07 0.0105925 0.027751 45 0.0107472 0.0353086 0.245435 -0.084868 -0.0600222 -0.00208753 1.0000 0 0 0 0   0 0 0
122 1 2 0 26 3.59227e-07 -0.0235043 -0.020111 45 -0.0090565 0.00654407 0.233415 0.188334 0.323296 0.00152567 1.0000 0 0 0 0   0 0 0
126 1 2 0 26 3.59456e-07 -0.026404 -0.0261579 45 0.0212442 0.0390943 0.221687 0.211778 0.372086 0.00197163 1.0000 0 0 0 0   0 0 0
127 1 2 0 26 3.59476e-07 -0.0289341 -0.0127967 45 -0.00646744 -0.00400146 0.224047 0.231851 0.264581 0.000976184 1.0000 0 0 0 0   0 0 0
128 1 2 0 26 3.59559e-07 -0.00760133 -0.00418421 45 0.0170767 -0.00555041 0.185741 0.0608081 0.195444 0.000320265 1.0000 0 0 0 0   0 0 0
129 1 2 0 26 3.59479e-07 -0.0403541 -0.0141653 45 0.0122181 0.000771758 0.219546 0.324013 0.275794 0.00107967 1.0000 0 0 0 0   0 0 0
131 1 2 0 26 3.59629e-07 -0.0211409 0.00385991 45 0.00456777 0.000656077 0.214961 0.169251 0.131069 -0.000295471 1.0000 0 0 0 0   0 0 0
133 1 2 0 26 3.58759e-07 -0.0382987 -0.0178701 45 -0.0244321 0.0103691 0.218453 0.307483 0.305584 0.00135834 1.0000 0 0 0 0   0 0 0
134 1 2 0 26 3.59285e-07 0.00983432 -0.0348344 45 0.00931732 0.00505646 0.2505 -0.0788606 0.441859 0.00259349 1.0000 0 0 0 0   0 0 0
135 1 2 0 26 3.58779e-07 0.00364045 -0.0135201 45 0.000236936 0.0176052 0.243664 -0.0291223 0.270205 0.00103096 1.0000 0 0 0 0   0 0 0
136 1 2 0 26 3.58856e-07 -0.0252031 -0.0209296 45 0.0105616 0.0216713 0.238997 0.201968 0.329889 0.00158661 1.0000 0 0 0 0   0 0 0
137 1 2 0 26 3.5924e-07 -0.0172321 -0.0247481 45 -0.00206776 0.0183832 0.256601 0.138069 0.360538 0.00186853 1.0000 0 0 0 0   0 0 0
138 1 2 0 26 3.59254e-07 -0.0030852 -0.0280227 45 -0.0124622 -0.00138752 0.24787 0.0247162 0.386824 0.00210723 1.0000 0 0 0 0   0 0 0
139 1 2 0 26 3.59002e-07 -0.00205393 -0.0430232 45 -0.0015791 0.00871269 0.257541 0.0164923 0.508277 0.00315525 1.0000 0 0 0 0   0 0 0
140 1 2 0 26 3.5886e-07 0.00270447 -0.0109867 45 -0.00723872 0.013075 0.250582 -0.0216348 0.24991 0.000838949 1.0000 0 0 0 0   0 0 0
141 1 2 0 26 3.59081e-07 -0.00135282 -0.0156927 45 -0.0237438 0.0168855 0.254825 0.0108221 0.287615 0.00119486 1.0000 0 0 0 0   0 0 0
142 1 2 0 26 3.59344e-07 0.0415848 -0.102091 45 -0.045177 0.0491102 0.26953 -0.341218 1.00407 0.00599095 1.0000 0 0 0 0   0 0 0
143 1 2 0 26 3.58882e-07 -0.0136474 -0.00601798 45 -0.00425442 -0.0103011 0.248467 0.109174 0.210122 0.000460431 1.0000 0 0 0 0   0 0 0
144 1 2 0 26 3.58822e-07 -0.0167049 -0.0105218 45 -0.0156522 -0.00341534 0.207009 0.133704 0.24623 0.000803617 1.0000 0 0 0 0   0 0 0
145 1 2 0 26 3.58826e-07 -0.0141574 0.00446298 45 -0.00058369 0.0126229 0.220468 0.113255 0.126271 -0.000341578 1.0000 0 0 0 0   0 0 0
146 1 2 0 26 3.5872e-07 -0.00309057 -0.0108417 45 -0.00714619 0.00841888 0.207838 0.0247235 0.248748 0.000827925 1.0000 0 0 0 0   0 0 0
147 1 2 0 26 3.58794e-07 -0.0247356 0.000170275 45 0.00580244 0.0014337 0.203308 0.198102 0.1606 -1.30379e-05 1.0000 0 0 0 0   0 0 0
148 1 2 0 26 3.58829e-07 -0.00294437 -0.0217442 45 0.00785146 -0.0156676 0.209898 0.0235735 0.336275 0.00164699 1.0000 0 0 0 0   0 0 0
149 1 2 0 26 3.58795e-07 0.0095749 0.00740146 45 -0.00188806 0.00304286 0.217719 -0.0765959 0.10278 -0.000566042 1.0000 0 0 0 0   0 0 0
150 1 2 0 26 3.58766e-07 -8.74522e-05 0.00616471 45 0.00578097 0.00392687 0.221658 0.000699588 0.112666 -0.000471632 1.0000 0 0 0 0   0 0 0
151 1 2 0 26 3.58881e-07 -0.0226974 -0.00696176 45 -0.00427968 -0.016295 0.216883 0.18176 0.217736 0.000532476 1.0000 0 0 0 0   0 0 0
152 1 2 0 26 3.58808e-07 -0.00590421 0.00570432 45 0.0019462 -0.00584226 0.209243 0.0472317 0.116346 -0.000436481 1.0000 0 0 0 0   0 0 0
153 1 2 0 26 3.59257e-07 -0.0324262 0.0135299 45 0.0141366 0.00197794 0.245638 0.259957 0.0535813 -0.00103171 1.0000 0 0 0 0   0 0 0
155 1 2 0 26 3.5847e-07 -0.00673692 -0.0135498 45 0.00676089 0.00722864 0.204603 0.053893 0.270443 0.00103321 1.0000 0 0 0 0   0 0 0
156 1 2 0 26 3.5931e-07 -0.0345723 -0.0260389 45 0.00138581 0.0131182 0.257516 0.277613 0.371369 0.00196293 1.0000 0 0 0 0   0 0 0
158 1 2 0 26 3.59365e-07 -0.0126072 -0.0188568 45 0.0015519 -0.00695364 0.23499 0.100946 0.313116 0.00143218 1.0000 0 0 0 0   0 0 0
159 1 2 0 26 3.59269e-07 -0.0113425 -0.0169073 45 0.00591799 -0.00287149 0.237746 0.090792 0.297433 0.00128617 1.0000 0 0 0 0   0 0 0
160 1 2 0 26 3.59452e-07 -0.0441019 -0.0116419 45 0.0044342 0.000482103 0.206699 0.354262 0.255544 0.000888704 1.0000 0 0 0 0   0 0 0
161 1 2 0 26 3.59394e-07 -0.00766451 -0.0258359 45 0.00570365 0.00252787 0.229324 0.0613959 0.36923 0.0019481 1.0000 0 0 0 0   0 0 0
162 1 2 0 26 3.59155e-07 0.00427939 -0.0213878 45 -0.00498777 0.00306071 0.232753 -0.0342615 0.333411 0.0016206 1.0000 0 0 0 0   0 0 0
163 1 2 0 26 3.58745e-07 -0.00263122 -0.0217971 45 -0.00869202 0.0101452 0.228134 0.0210664 0.336699 0.0016509 1.0000 0 0 0 0   0 0 0
164 1 2 0 26 3.58768e-07 -0.0313766 -0.0189376 45 0.00695751 0.00396321 0.237808 0.251633 0.314006 0.00143823 1.0000 0 0 0 0   0 0 0
167 1 2 0 26 3.59362e-07 -0.0291975 0.00133298 45 0.00368252 0.000372295 0.252992 0.233925 0.151285 -0.000102065 1.0000 0 0 0 0   0 0 0
168 1 2 0 26 3.58798e-07 -0.0182195 -0.0150061 45 -0.000169277 0.0183661 0.252085 0.1459 0.282236 0.00114314 1.0000 0 0 0 0   0 0 0
169 1 2 0 26 3.58845e-07 0.00321327 -0.00935581 45 0.0051563 -0.00323091 0.247259 -0.0257051 0.236848 0.00071497 1.0000 0 0 0 0   0 0 0
170 1 2 0 26 3.58806e-07 -0.0246114 -0.019467 45 0.00889996 -0.00436135 0.244932 0.19721 0.318129 0.00147774 1.0000 0 0 0 0   0 0 0
171 1 2 0 26 3.58756e-07 -0.00637087 -0.0159052 45 0.00805158 -0.00219266 0.217381 0.0509676 0.289325 0.00121084 1.0000 0 0 0 0   0 0 0
172 1 2 0 26 3.59102e-07 -0.0141119 -0.00639272 45 0.017689 -0.0088164 0.263833 0.11289 0.213122 0.000489038 1.0000 0 0 0 0   0 0 0
174 1 2 0 26 3.59457e-07 0.0179983 -0.0219802 45 -0.0109088 0.0187953 0.232839 -0.14419 0.33828 0.00166445 1.0000 0 0 0 0   0 0 0
179 1 2 0 26 3.59682e-07 0.00917779 0.00890275 45 -0.00858165 0.0130817 0.21844 -0.0734192 0.0907818 -0.000680456 1.0000 0 0 0 0   0 0 0
180 1 2 0 26 3.59466e-07 -0.0558904 0.0208069 45 0.0114437 0.0195127 0.239953 0.450391 -0.00550695 -0.00157748 1.0000 0 0 0 0   0 0 0
181 1 2 0 26 3.59002e-07 -0.0126498 0.00499289 45 0.00127596 -0.0104073 0.256107 0.101194 0.122034 -0.000382091 1.0000 0 0 0 0   0 0 0
182 1 2 0 26 3.59205e-07 -0.0183792 -0.0276187 45 -0.0056216 -0.00872502 0.250893 0.147287 0.383649 0.00207794 1.0000 0 0 0 0   0 0 0
183 1 2 0 26 3.58777e-07 -0.0201155 -0.00419767 45 -0.0115134 -0.0030865 0.210119 0.161021 0.195573 0.000321294 1.0000 0 0 0 0   0 0 0
185 1 2 0 26 3.58811e-07 -0.0213869 0.00400105 45 -0.00473659 -0.00117665 0.237588 0.171226 0.129938 -0.000306262 1.0000 0 0 0 0   0 0 0
186 1 2 0 26 3.59043e-07 -0.0362971 -0.00419497 45 0.00930662 0.00910704 0.253708 0.291087 0.195614 0.000321088 1.0000 0 0 0 0   0 0 0
187 1 2 0 26 3.5878e-07 -0.0228985 -0.0181763 45 0.00108069 0.0140426 0.232571 0.183459 0.307743 0.00138126 1.0000 0 0 0 0   0 0 0
189 1 2 0 26 3.58857e-07 -0.0264081 0.00327317 45 0.00586184 -0.01093 0.251888 0.211534 0.13575 -0.00025057 1.0000 0 0 0 0   0 0 0
192 1 2 0 26 3.59073e-07 -0.0162123 -0.0225756 45 -0.0061729 0.00898633 0.255413 0.129877 0.343053 0.00170852 1.0000 0 0 0 0   0 0 0
193 1 2 0 26 3.59303e-07 0.0375241 -0.0347659 45 -0.0113665 0.00846007 0.268935 -0.301674 0.442022 0.00258869 1.0000 0 0 0 0   0 0 0
194 1 2 0 26 3.58768e-07 0.000527421 -0.0162019 45 -0.00730276 0.0199606 0.241079 -0.00421919 0.291696 0.00123314 1.0000 0 0 0 0   0 0 0
195 1 2 0 26 3.59602e-07 -0.0353779 -0.0146184 45 -0.0141698 0.0147823 0.230537 0.283822 0.27934 0.00111387 1.0000 0 0 0 0   0 0 0
196 1 2 0 26 3.59364e-07 0.00848588 -0.0212532 45 -0.0184202 0.0131099 0.260518 -0.0679483 0.332353 0.00161064 1.0000 0 0 0 0   0 0 0
199 1 2 0 26 3.5937e-07 0.0188166 -0.0114768 45 -0.0143267 -0.00773666 0.263903 -0.150653 0.253913 0.000876187 1.0000 0 0 0 0   0 0 0
200 1 2 0 26 3.5874e-07 0.0030755 -0.0156481 45 -0.0156123 -0.0144267 0.224292 -0.024603 0.287257 0.00119151 1.0000 0 0 0 0   0 0 0
0 1 2 0 27 3.65883e-07 -0.00641636 -0.0113534 46.8 0 0 0.204 0 0 0 1.0000 0 0 0 0   0 0 0
1 1 2 0 27 3.65525e-07 -0.0205988 -0.0127717 46.8 0.0122319 -0.0137801 0.199439 0.164963 0.264321 0.000974295 1.0000 0 0 0 0   0 0 0
2 1 2 0 27 3.65607e-07 -0.018983 -0.025644 46.8 0.00144909 0.0115979 0.196053 0.152115 0.36776 0.00193408 1.0000 0 0 0 0   0 0 0
3 1 2 0 27 3.65629e-07 0.0175478 -0.032695 46.8 0.0205541 -0.0135362 0.207778 -0.140744 0.424691 0.00244251 1.0000 0 0 0 0   0 0 0
4 1 2 0 27 3.65755e-07 0.0235642 -0.0186641 46.8 -0.0116281 0.00387303 0.189872 -0.188803 0.311668 0.00141776 1.0000 0 0 0 0   0 0 0
5 1 2 0 27 3.65648e-07 0.00965141 -0.0239057 46.8 0.00976342 -0.015943 0.188016 -0.0773039 0.353705 0.00180657 1.0000 0 0 0 0   0 0 0
6 1 2 0 27 3.65529e-07 0.00239844 -0.00802413 46.8 -0.0172809 0.00552312 0.188586 -0.0191867 0.226184 0.00061352 1.0000 0 0 0 0   0 0 0
7 1 2 0 27 3.65605e-07 -0.000837105 -0.0102218 46.8 0.0149733 -0.0197944 0.213373 0.00669655 0.243783 0.000780819 1.0000 0 0 0 0   0 0 0
8 1 2 0 27 3.65729e-07 0.0314972 -0.00241863 46.8 -0.00302752 0.0117006 0.204414 -0.252389 0.181347 0.000185172 1.0000 0 0 0 0   0 0 0
9 1 2 0 27 3.6537e-07 -0.0379635 0.0134025 46.8 0.0131163 -0.00683442 0.224009 0.304684 0.0544829 -0.00102208 1.0000 0 0 0 0   0 0 0
10 1 2 0 27 3.65587e-07 -0.0140474 -0.000382874 46.8 0.00949444 -0.0500519 0.212856 0.112375 0.165027 2.9316e-05 1.0000 0 0 0 0   0 0 0
11 1 2 0 27 3.65564e-07 0.032525 0.046659 46.8 0.000498474 -0.025614 0.230791 -0.261921 -0.212778 -0.00339543 1.0000 0 0 0 0   0 0 0
12 1 2 0 27 3.65842e-07 0.0238006 0.0107353 46.8 -0.00851421 0.00247155 0.255735 -0.190639 0.07603 -0.000819839 1.0000 0 0 0 0   0 0 0
14 1 2 0 27 3.6556e-07 0.0193813 -0.00967888 46.8 -0.00225757 0.0201791 0.234477 -0.155167 0.239496 0.000739566 1.0000 0 0 0 0   0 0 0
15 1 2 0 27 3.65844e-07 -0.0368249 -0.088451 46.8 -0.00595704 0.0345611 0.283201 0.300262 0.88658 0.00557774 1.0000 0 0 0 0   0 0 0
16 1 2 0 27 3.65648e-07 -0.0118718 -0.0272533 46.8 -0.00573865 0.0341333 0.247756 0.0951181 0.380665 0.00205144 1.0000 0 0 0 0   0 0 0
17 1 2 0 27 3.66065e-07 -0.0247387 -0.0473295 46.8 -0.00594335 0.0399211 0.260469 0.199025 0.543762 0.00343903 1.0000 0 0 0 0   0 0 0
18 1 2 0 27 3.65445e-07 0.0120787 -0.0253144 46.8 -0.0171495 0.0122401 0.225553 -0.0967643 0.365059 0.00191001 1.0000 0 0 0 0   0 0 0
19 1 2 0 27 3.65608e-07 -0.00351125 0.00642015 46.8 -0.0085692 0.00306922 0.202863 0.0280888 0.110624 -0.000491132 1.0000 0 0 0 0   0 0 0
20 1 2 0 27 3.6574e-07 -0.0567738 -0.00210296 46.8 -0.0204601 -0.0206786 0.232113 0.457187 0.1789 0.000161014 1.0000 0 0 0 0   0 0 0
21 1 2 0 27 3.65721e-07 -0.0163117 -0.0352963 46.8 -0.0233702 0.0063246 0.208678 0.130878 0.445742 0.0026258 1.0000 0 0 0 0   0 0 0
22 1 2 0 27 3.65726e-07 -0.00528016 -0.00628084 46.8 0.00350918 0.00598219 0.191017 0.0422395 0.212227 0.000480497 1.0000 0 0 0 0   0 0 0
23 1 2 0 27 3.65764e-07 -0.033293 0.0174826 46.8 0.00868584 -0.00895974 0.199269 0.267057 0.0218702 -0.00132935 1.0000 0 0 0 0   0 0 0
24 1 2 0 27 3.65752e-07 -0.0262951 -0.0179036 46.8 0.020004 0.00830861 0.197889 0.210707 0.305578 0.00136085 1.0000 0 0 0 0   0 0 0
25 1 2 0 27 3.65677e-07 0.0180605 -0.010679 46.8 -0.00640397 -0.00842934 0.212028 -0.14458 0.247505 0.000815562 1.0000 0 0 0 0   0 0 0
26 1 2 0 27 3.65788e-07 0.0308664 0.00912757 46.8 -0.0344406 -0.0154932 0.213333 -0.247343 0.0888602 -0.000697582 1.0000 0 0 0 0   0 0 0
27 1 2 0 27 3.6552e-07 -0.0265435 -0.023403 46.8 -0.00493523 0.0137588 0.218165 0.212809 0.34985 0.0017696 1.0000 0 0 0 0   0 0 0
28 1 2 0 27 3.65712e-07 -0.0456901 -0.0096111 46.8 -0.0168765 -0.00177875 0.266656 0.367075 0.239222 0.000734415 1.0000 0 0 0 0   0 0 0
29 1 2 0 27 3.65642e-07 0.0198207 0.0149266 46.8 -0.0126376 -0.00130171 0.257472 -0.158742 0.0425224 -0.00113714 1.0000 0 0 0 0   0 0 0
33 1 2 0 27 3.65472e-07 -0.0072551 -0.0252083 46.8 0.0115618 -0.00591917 0.23838 0.0581128 0.364175 0.00190225 1.0000 0 0 0 0   0 0 0
36 1 2 0 27 3.65536e-07 0.00191871 -0.0433985 46.8 0.00154085 -0.00300704 0.257694 -0.0154075 0.511326 0.00318033 1.0000 0 0 0 0   0 0 0
37 1 2 0 27 3.65649e-07 -0.00122987 -0.0373927 46.8 -0.0031947 0.0331897 0.238753 0.00986494 0.46254 0.00277182 1.0000 0 0 0 0   0 0 0
38 1 2 0 27 3.65622e-07 -0.0424595 -0.00957539 46.8 0.0146564 0.00226694 0.21501 0.34096 0.238899 0.000731698 1.0000 0 0 0 0   0 0 0
40 1 2 0 27 3.65841e-07 -0.00997146 -0.00754205 46.8 0.00866977 0.00298561 0.209178 0.0797683 0.222324 0.000576773 1.0000 0 0 0 0   0 0 0
41 1 2 0 27 3.65581e-07 -0.0238386 0.017407 46.8 -0.00565013 -0.0121754 0.227784 0.190994 0.0226405 -0.00132369 1.0000 0 0 0 0   0 0 0
42 1 2 0 27 3.65633e-07 -0.0399017 -0.00259803 46.8 0.000203203 -0.0110516 0.215318 0.320223 0.182817 0.000198901 1.0000 0 0 0 0   0 0 0
44 1 2 0 27 3.65697e-07 -0.0315567 0.00353174 46.8 0.0157822 0.0014521 0.231985 0.252868 0.133669 -0.000270359 1.0000 0 0 0 0   0 0 0
45 1 2 0 27 3.65609e-07 -0.0738765 0.0907884 46.8 0.0231265 -0.0443102 0.278483 0.607945 -0.581579 -0.00566045 1.0000 0 0 0 0   0 0 0
46 1 2 0 27 3.65877e-07 -0.00549562 -0.00435061 46.8 -0.0066334 -0.00497585 0.254273 0.0439631 0.196776 0.000332986 1.0000 0 0 0 0   0 0 0
48 1 2 0 27 3.6581e-07 -0.0147554 0.0157407 46.8 -0.00731895 0.0154585 0.235181 0.118131 0.0360607 -0.00119847 1.0000 0 0 0 0   0 0 0
49 1 2 0 27 3.65911e-07 -0.0493259 -0.00663876 46.8 -0.00294291 0.0032399 0.252236 0.396445 0.215342 0.000507819 1.0000 0 0 0 0   0 0 0
50 1 2 0 27 3.66894e-07 0.0908104 -0.00141593 46.8 -0.0197404 -0.00876469 0.202441 -0.739037 0.173488 0.000108416 1.0000 0 0 0 0   0 0 0
51 1 2 0 27 3.65852e-07 0.015313 0.060558 46.8 -0.00595938 0.00252869 0.273689 -0.123479 -0.324695 -0.00425024 1.0000 0 0 0 0   0 0 0
52 1 2 0 27 3.65785e-07 -0.0214364 0.00100294 46.8 -0.00529038 0.00195037 0.268344 0.171616 0.153935 -7.67938e-05 1.0000 0 0 0 0   0 0 0
53 1 2 0 27 3.65644e-07 -0.0241399 0.0163826 46.8 0.00531875 0.00956187 0.210163 0.193404 0.0308351 -0.00124673 1.0000 0 0 0 0   0 0 0
54 1 2 0 27 3.65652e-07 -0.0254985 0.0349675 46.8 -0.00244132 -0.00248851 0.226909 0.204751 -0.118257 -0.0026028 1.0000 0 0 0 0   0 0 0
55 1 2 0 27 3.65584e-07 -0.00639512 -0.00115992 46.8 -0.00545459 0.0117103 0.21944 0.0511588 0.171243 8.88137e-05 1.0000 0 0 0 0   0 0 0
56 1 2 0 27 3.65629e-07 -0.00877405 0.0174626 46.8 0.00885089 0.0104785 0.209195 0.0702239 0.0223422 -0.00132785 1.0000 0 0 0 0   0 0 0
57 1 2 0 27 3.65544e-07 -0.0598124 -0.010507 46.8 0.0025154 -0.00211677 0.225729 0.48212 0.246707 0.000802491 1.0000 0 0 0 0   0 0 0
58 1 2 0 27 3.65605e-07 -0.0135954 0.00656551 46.8 0.00739502 0.00231197 0.232924 0.108758 0.109462 -0.000502228 1.0000 0 0 0 0   0 0 0
59 1 2 0 27 3.6572e-07 -0.00112683 -0.00596161 46.8 -0.00299103 0.00352515 0.190852 0.00901428 0.209671 0.000456128 1.0000 0 0 0 0   0 0 0
60 1 2 0 27 3.6568e-07 -0.0101217 0.00303369 46.8 -0.00144631 -0.00171102 0.203339 0.0809703 0.1377 -0.000232243 1.0000 0 0 0 0   0 0 0
61 1 2 0 27 3.65568e-07 0.00523597 -0.0157594 46.8 -0.00314889 -0.0123707 0.20299 -0.041886 0.288149 0.00119987 1.0000 0 0 0 0   0 0 0
62 1 2 0 27 3.65531e-07 -0.0206253 -0.00467153 46.8 -0.0038709 0.00690814 0.224687 0.165116 0.199372 0.000357522 1.0000 0 0 0 0   0 0 0
63 1 2 0 27 3.65567e-07 -0.00904252 -0.00480039 46.8 0.0246064 -0.00160129 0.229532 0.0723371 0.200376 0.000367373 1.0000 0 0 0 0   0 0 0
64 1 2 0 27 3.66086e-07 0.00352734 -0.00434979 46.8 -0.0127024 0.0139056 0.248249 -0.0282176 0.196769 0.000332924 1.0000 0 0 0 0   0 0 0
66 1 2 0 27 3.65782e-07 -0.00197542 -0.0178505 46.8 -0.017886 0.00496817 0.244113 0.0158062 0.304941 0.00135688 1.0000 0 0 0 0   0 0 0
67 1 2 0 27 3.65815e-07 -0.003167 -0.0236081 46.8 -0.0156926 -0.0044114 0.244688 0.0253615 0.351278 0.00178468 1.0000 0 0 0 0   0 0 0
68 1 2 0 27 3.65771e-07 -0.103569 -6.95465e-05 46.8 0.0270143 0.00467361 0.289841 0.84709 0.162532 5.32494e-06 1.0000 0 0 0 0   0 0 0
69 1 2 0 27 3.65794e-07 0.0314614 0.0479488 46.8 -0.00778444 0.0120788 0.239274 -0.253387 -0.223158 -0.0034793 1.0000 0 0 0 0   0 0 0
70 1 2 0 27 3.65967e-07 -0.0185056 -0.00894339 46.8 0.0216188 0.02361 0.232575 0.148134 0.233591 0.000683551 1.0000 0 0 0 0   0 0 0
72 1 2 0 27 3.65716e-07 -0.0371742 0.0219336 46.8 0.0219738 -0.00975315 0.257903 0.2985 -0.0139339 -0.00166101 1.0000 0 0 0 0   0 0 0
74 1 2 0 27 3.65768e-07 0.00245443 -0.0147468 46.8 0.00286448 0.00184174 0.189028 -0.0196346 0.280035 0.00112357 1.0000 0 0 0 0   0 0 0
75 1 2 0 27 3.65518e-07 -0.0151343 -0.00565467 46.8 -0.0119645 0.0193279 0.209591 0.121069 0.207214 0.000432685 1.0000 0 0 0 0   0 0 0
76 1 2 0 27 3.65538e-07 -0.0218437 -0.0157044 46.8 -0.000412067 0.00691056 0.217087 0.174976 0.287877 0.00119575 1.0000 0 0 0 0   0 0 0
77 1 2 0 27 3.65624e-07 -0.0013021 -0.024596 46.8 0.0162875 -0.000324693 0.193791 0.0104281 0.359227 0.00185734 1.0000 0 0 0 0   0 0 0
78 1 2 0 27 3.65606e-07 0.0144453 -0.00564759 46.8 0.00234461 -0.00479574 0.191577 -0.115558 0.207157 0.000432144 1.0000 0 0 0 0   0 0 0
79 1 2 0 27 3.65607e-07 0.0210037 0.00213043 46.8 -0.00658623 0.00651964 0.205172 -0.168144 0.144911 -0.000163116 1.0000 0 0 0 0   0 0 0
80 1 2 0 27 3.6549e-07 -0.00437324 -0.0079898 46.8 -0.000530526 -0.000897606 0.208509 0.0349844 0.225909 0.000610905 1.0000 0 0 0 0   0 0 0
81 1 2 0 27 3.65586e-07 0.00742682 -0.0255543 46.8 0.0270009 -0.00215939 0.201693 -0.0594903 0.366962 0.00192753 1.0000 0 0 0 0   0 0 0
82 1 2 0 27 3.6566e-07 -0.0229505 -0.0116923 46.8 0.0033674 -0.00651719 0.198713 0.183824 0.255678 0.000892521 1.0000 0 0 0 0   0 0 0
83 1 2 0 27 3.65584e-07 -0.00741737 -0.00847476 46.8 0.00275526 -0.00291128 0.196168 0.0593365 0.229793 0.00064785 1.0000 0 0 0 0   0 0 0
85 1 2 0 27 3.6567e-07 -0.00896296 -0.0211844 46.8 0.00185734 -0.0122642 0.197574 0.0717693 0.331803 0.00160555 1.0000 0 0 0 0   0 0 0
86 1 2 0 27 3.65632e-07 0.0106614 -0.0115471 46.8 0.0187575 -0.00074807 0.21606 -0.0852879 0.254398 0.000881521 1.0000 0 0 0 0   0 0 0
87 1 2 0 27 3.65696e-07 -0.0278268 0.0129364 46.8 0.0150075 -0.000562772 0.210395 0.222966 0.0583873 -0.000986774 1.0000 0 0 0 0   0 0 0
88 1 2 0 27 3.65631e-07 -0.0520148 0.00637994 46.8 -0.00914223 0.00152159 0.213601 0.418337 0.110671 -0.000488062 1.0000 0 0 0 0   0 0 0
89 1 2 0 27 3.65778e-07 0.026126 -0.0104042 46.8 0.0258315 -0.00527027 0.204772 -0.2093 0.245364 0.00079468 1.0000 0 0 0 0   0 0 0
90 1 2 0 27 3.6576e-07 -0.00723243 -0.0103935 46.8 -0.0257617 -0.0032397 0.243401 0.0578569 0.245159 0.000793872 1.0000 0 0 0 0   0 0 0
91 1 2 0 27 3.65583e-07 0.000287275 -0.0158962 46.8 -0.00306146 -0.0037479 0.198917 -0.0022981 0.289246 0.00121016 1.0000 0 0 0 0   0 0 0
92 1 2 0 27 3.65771e-07 -0.0516425 0.00865952 46.8 -0.0208027 0.0116498 0.225128 0.415337 0.0923542 -0.000661926 1.0000 0 0 0 0   0 0 0
93 1 2 0 27 3.65582e-07 0.00519117 -0.00613103 46.8 -0.000417901 -0.0195735 0.19291 -0.0415276 0.211027 0.000469061 1.0000 0 0 0 0   0 0 0
94 1 2 0 27 3.65697e-07 0.00900753 -0.0185349 46.8 0.0074342 -0.000862955 0.196509 -0.0721041 0.310494 0.00140809 1.0000 0 0 0 0   0 0 0
95 1 2 0 27 3.65429e-07 0.00873655 0.0141297 46.8 0.0119791 -0.0160694 0.21343 -0.0698895 0.049024 -0.00107699 1.0000 0 0 0 0   0 0 0
96 1 2 0 27 3.66942e-07 -0.0314313 -0.0223928 46.8 -0.0378335 0.0043155 0.208684 0.252176 0.341857 0.001695 1.0000 0 0 0 0   0 0 0
97 1 2 0 27 3.65532e-07 0.000894455 -0.0186577 46.8 0.0109679 0.00154636 0.198753 -0.00715782 0.311433 0.00141728 1.0000 0 0 0 0   0 0 0
98 1 2 0 27 3.65515e-07 0.00782106 -0.00107282 46.8 0.00960233 -0.023299 0.205852 -0.0625658 0.170547 8.21443e-05 1.0000 0 0 0 0   0 0 0
99 1 2 0 27 3.65551e-07 -0.0047359 -0.0208865 46.8 -0.0113057 -0.00125367 0.215396 0.0379145 0.329379 0.0015834 1.0000 0 0 0 0   0 0 0
100 1 2 0 27 3.65663e-07 0.0177327 -0.029309 46.8 -0.0108305 -0.0157989 0.20033 -0.142129 0.397278 0.00220021 1.0000 0 0 0 0   0 0 0
101 1 2 0 27 3.65588e-07 0.0235912 -0.0273353 46.8 0.0210339 0.0148275 0.223771 -0.189172 0.381506 0.00205739 1.0000 0 0 0 0   0 0 0
102 1 2 0 27 3.65899e-07 -0.0415864 0.0564095 46.8 0.0151287 -0.0294967 0.226883 0.336012 -0.29237 -0.0040065 1.0000 0 0 0 0   0 0 0
104 1 2 0 27 3.65852e-07 -0.00399239 -0.0290492 46.8 0.0036832 -0.0132 0.261719 0.0319866 0.395094 0.00218152 1.0000 0 0 0 0   0 0 0
105 1 2 0 27 3.65775e-07 -0.0305471 -0.020627 46.8 0.00590481 -0.0131551 0.243061 0.244991 0.327593 0.00156409 1.0000 0 0 0 0   0 0 0
106 1 2 0 27 3.6617e-07 -0.0171404 -0.0221111 46.8 -6.61938e-05 0.0119755 0.23057 0.137313 0.339325 0.00167415 1.0000 0 0 0 0   0 0 0
108 1 2 0 27 3.6677e-07 -0.0435442 -0.012123 46.8 -0.0106738 0.0169815 0.204221 0.349761 0.259408 0.000925153 1.0000 0 0 0 0   0 0 0
109 1 2 0 27 3.65716e-07 0.0652521 -0.0298229 46.8 -0.0206914 -0.0060251 0.258735 -0.527546 0.403487 0.00223717 1.0000 0 0 0 0   0 0 0
110 1 2 0 27 3.66454e-07 -0.00262786 -0.0214664 46.8 0.0159948 0.00389112 0.216158 0.0210386 0.334038 0.00162642 1.0000 0 0 0 0   0 0 0
111 1 2 0 27 3.66382e-07 -0.0141336 -0.0369952 46.8 0.0209323 -0.0110067 0.229943 0.113418 0.459472 0.0027443 1.0000 0 0 0 0   0 0 0
115 1 2 0 27 3.65832e-07 -0.00333306 0.00741869 46.8 -0.0129052 -0.013926 0.262547 0.0266633 0.102642 -0.000567357 1.0000 0 0 0 0   0 0 0
116 1 2 0 27 3.66102e-07 -0.026507 -0.0780867 46.8 0.0159155 0.0166619 0.242384 0.215008 0.798054 0.00515376 1.0000 0 0 0 0   0 0 0
117 1 2 0 27 3.65681e-07 -0.000690758 -0.0188677 46.8 -0.00965724 0.0285967 0.204562 0.00552794 0.313122 0.001433 1.0000 0 0 0 0   0 0 0
118 1 2 0 27 3.6575e-07 -0.0338217 -0.0572284 46.8 0.00376396 0.0206691 0.192692 0.27295 0.6253 0.00405553 1.0000 0 0 0 0   0 0 0
119 1 2 0 27 3.66032e-07 -0.0126457 -0.000923514 46.8 -0.0141736 -0.00586565 0.242583 0.101161 0.169352 7.07121e-05 1.0000 0 0 0 0   0 0 0
121 1 2 0 27 3.65936e-07 -0.0419588 -0.0483685 46.8 -0.00745448 -0.0266042 0.255181 0.338454 0.553192 0.00350621 1.0000 0 0 0 0   0 0 0
122 1 2 0 27 3.65845e-07 0.00230635 -0.00549695 46.8 0.00176588 -0.00471842 0.236237 -0.01845 0.205951 0.000420627 1.0000 0 0 0 0   0 0 0
126 1 2 0 27 3.66127e-07 -0.00741311 -0.0152347 46.8 -0.0245486 -0.0366746 0.238656 0.0593032 0.283946 0.00116039 1.0000 0 0 0 0   0 0 0
127 1 2 0 27 3.66111e-07 0.00617639 -0.0094923 46.8 0.00268442 0.00195108 0.239148 -0.049409 0.237941 0.000725368 1.0000 0 0 0 0   0 0 0
128 1 2 0 27 3.66392e-07 -0.0249822 -0.00870371 46.8 -0.00890963 0.00614494 0.206058 0.20011 0.231717 0.000665292 1.0000 0 0 0 0   0 0 0
129 1 2 0 27 3.66118e-07 0.0090094 -0.0115332 46.8 -0.0180506 0.00136334 0.236219 -0.0720722 0.254287 0.000880466 1.0000 0 0 0 0   0 0 0
131 1 2 0 27 3.66286e-07 -0.0096183 -0.0287449 46.8 -0.0081464 -0.00245576 0.232429 0.0770658 0.392663 0.0021596 1.0000 0 0 0 0   0 0 0
133 1 2 0 27 3.65598e-07 0.0386336 -0.0124101 46.8 -0.00483504 -0.00192948 0.200324 -0.31008 0.261642 0.000946903 1.0000 0 0 0 0   0 0 0
134 1 2 0 27 3.65809e-07 -0.0417084 0.0130913 46.8 -0.00612597 -0.00822359 0.255038 0.334938 0.0569142 -0.000998506 1.0000 0 0 0 0   0 0 0
135 1 2 0 27 3.65424e-07 -0.0248768 -0.0172599 46.8 0.00523661 -0.0169604 0.216506 0.199323 0.300395 0.00131268 1.0000 0 0 0 0   0 0 0
136 1 2 0 27 3.65488e-07 -0.00530654 -0.012675 46.8 -0.0117692 -0.0216613 0.221121 0.0424505 0.263434 0.000966967 1.0000 0 0 0 0   0 0 0
137 1 2 0 27 3.65757e-07 -0.0166725 0.00580474 46.8 0.00116714 -0.0164793 0.259468 0.133395 0.115536 -0.000444154 1.0000 0 0 0 0   0 0 0
138 1 2 0 27 3.65828e-07 -0.0218028 0.00603908 46.8 0.0122609 -0.00643197 0.247814 0.174574 0.113626 -0.000462042 1.0000 0 0 0 0   0 0 0
139 1 2 0 27 3.65548e-07 -0.0287643 0.0201243 46.8 0.00527159 -0.0131481 0.246224 0.230598 0.000819705 -0.00152666 1.0000 0 0 0 0   0 0 0
140 1 2 0 27 3.65451e-07 -0.027331 -0.0158909 46.8 0.00823416 -0.00771286 0.230598 0.219005 0.289417 0.00120977 1.0000 0 0 0 0   0 0 0
141 1 2 0 27 3.65666e-07 -0.0239916 -0.00600578 46.8 0.023732 -0.0174597 0.247198 0.192144 0.210079 0.0004595 1.0000 0 0 0 0   0 0 0
143 1 2 0 27 3.65469e-07 -0.0105926 -0.0102353 46.8 0.00320085 0.00816109 0.229914 0.0847375 0.243891 0.000781846 1.0000 0 0 0 0   0 0 0
144 1 2 0 27 3.65678e-07 0.0216143 -0.00544457 46.8 -0.00106172 -0.000342987 0.194499 -0.173058 0.20557 0.000416623 1.0000 0 0 0 0   0 0 0
145 1 2 0 27 3.65573e-07 0.00108324 -0.0295569 46.8 -0.000398261 -0.00103193 0.202361 -0.00867894 0.39918 0.00221804 1.0000 0 0 0 0   0 0 0
146 1 2 0 27 3.65568e-07 0.00501055 -0.0164844 46.8 0.00648909 -0.00176247 0.187728 -0.0400857 0.29397 0.00125438 1.0000 0 0 0 0   0 0 0
147 1 2 0 27 3.65657e-07 -0.00659775 -0.0140477 46.8 -0.0251137 0.00666114 0.184332 0.0527798 0.274433 0.0010708 1.0000 0 0 0 0   0 0 0
148 1 2 0 27 3.65627e-07 -0.0159082 0.0155106 46.8 -0.00571234 0.00743418 0.196478 0.127371 0.037889 -0.00118117 1.0000 0 0 0 0   0 0 0
149 1 2 0 27 3.65571e-07 -0.0127294 -0.0220752 46.8 0.00671034 0.0095331 0.198622 0.101955 0.338999 0.00167148 1.0000 0 0 0 0   0 0 0
150 1 2 0 27 3.6551e-07 -0.0153992 -0.0244902 46.8 0.00146002 0.00848811 0.198747 0.123373 0.35845 0.00184957 1.0000 0 0 0 0   0 0 0
151 1 2 0 27 3.65644e-07 0.00777889 0.00318819 46.8 -0.00666093 0.00734783 0.203897 -0.0622285 0.136464 -0.000244066 1.0000 0 0 0 0   0 0 0
152 1 2 0 27 3.65621e-07 -0.0072036 -0.0114566 46.8 -0.00247804 0.0127575 0.192705 0.0576263 0.253674 0.000874653 1.0000 0 0 0 0   0 0 0
153 1 2 0 27 3.65799e-07 -0.000530611 -0.0366977 46.8 -0.0134142 -4.00579e-05 0.24908 0.00425541 0.456896 0.0027237 1.0000 0 0 0 0   0 0 0
155 1 2 0 27 3.65384e-07 -0.0106358 -0.0199398 46.8 -0.00652489 -0.00706915 0.169476 0.0851604 0.321806 0.00151293 1.0000 0 0 0 0   0 0 0
156 1 2 0 27 3.65815e-07 0.00249407 0.00725205 46.8 -0.00444954 -0.0112922 0.264086 -0.0199517 0.103974 -0.000554636 1.0000 0 0 0 0   0 0 0
158 1 2 0 27 3.65941e-07 -0.0149635 0.000608937 46.8 -0.00139867 0.00455535 0.245385 0.119703 0.157093 -4.66256e-05 1.0000 0 0 0 0   0 0 0
159 1 2 0 27 3.65833e-07 -0.0188468 -0.00228053 46.8 -0.00563226 0.00229445 0.243846 0.150829 0.180217 0.000174603 1.0000 0 0 0 0   0 0 0
160 1 2 0 27 3.66188e-07 0.0198682 -0.0132474 46.8 -0.0210031 -0.00180842 0.22313 -0.159107 0.268132 0.00101033 1.0000 0 0 0 0   0 0 0
161 1 2 0 27 3.65998e-07 -0.0181258 0.0044807 46.8 -0.0099762 -0.00445519 0.239418 0.14505 0.126117 -0.000342933 1.0000 0 0 0 0   0 0 0
162 1 2 0 27 3.65786e-07 -0.0240622 -0.000135255 46.8 0.00890829 -0.00423871 0.230371 0.192696 0.163047 1.03561e-05 1.0000 0 0 0 0   0 0 0
163 1 2 0 27 3.6547e-07 -0.00495064 -0.00923132 46.8 0.0114835 -0.0126893 0.20417 0.0396034 0.235851 0.000705486 1.0000 0 0 0 0   0 0 0
164 1 2 0 27 3.65413e-07 0.00265763 -0.00548535 46.8 -0.0152138 -0.00484686 0.213984 -0.0212601 0.205859 0.000419741 1.0000 0 0 0 0   0 0 0
167 1 2 0 27 3.65865e-07 -0.00207582 -0.0216593 46.8 -0.00424845 -0.00257574 0.261759 0.0166192 0.335589 0.0016407 1.0000 0 0 0 0   0 0 0
168 1 2 0 27 3.6538e-07 -0.0078617 -0.0114043 46.8 -0.00048471 -0.0175001 0.22825 0.0628909 0.253254 0.000870675 1.0000 0 0 0 0   0 0 0
169 1 2 0 27 3.65434e-07 -0.0301538 -0.00965682 46.8 -0.00265089 0.00536039 0.226122 0.241626 0.239388 0.00073789 1.0000 0 0 0 0   0 0 0
170 1 2 0 27 3.65406e-07 -0.00629159 0.000205754 46.8 -0.010769 0.00407085 0.222789 0.0503306 0.160318 -1.57545e-05 1.0000 0 0 0 0   0 0 0
171 1 2 0 27 3.65509e-07 -0.0156794 -0.00281787 46.8 -0.00587443 0.00310438 0.196406 0.12543 0.18451 0.000215726 1.0000 0 0 0 0   0 0 0
172 1 2 0 27 3.65586e-07 -0.0182785 -0.0166829 46.8 -0.016033 0.00806412 0.257207 0.146389 0.295704 0.0012693 1.0000 0 0 0 0   0 0 0
174 1 2 0 27 3.66081e-07 -0.0405124 -0.00393975 46.8 0.0172283 -0.0197457 0.244687 0.325167 0.193593 0.000301575 1.0000 0 0 0 0   0 0 0
179 1 2 0 27 3.6637e-07 -0.0331355 -0.03645 46.8 0.0111353 -0.0118388 0.232408 0.266302 0.455517 0.00270653 1.0000 0 0 0 0   0 0 0
180 1 2 0 27 3.66053e-07 0.0229772 -0.0525646 46.8 -0.0162824 -0.009228 0.25605 -0.185057 0.586577 0.00377163 1.0000 0 0 0 0   0 0 0
181 1 2 0 27 3.65542e-07 -0.0185434 -0.0260707 46.8 -0.00293577 0.0155966 0.242144 0.148593 0.371191 0.00196526 1.0000 0 0 0 0   0 0 0
182 1 2 0 27 3.65746e-07 -0.0115942 0.00635406 46.8 -0.00135895 0.00765488 0.252362 0.0927496 0.111152 -0.000486087 1.0000 0 0 0 0   0 0 0
183 1 2 0 27 3.65612e-07 0.0150307 -0.00855851 46.8 -0.005655 0.00620284 0.191215 -0.120251 0.230469 0.00065423 1.0000 0 0 0 0   0 0 0
185 1 2 0 27 3.65465e-07 0.0029306 -0.0206955 46.8 0.000648716 0.00651092 0.21668 -0.02346 0.327835 0.00156919 1.0000 0 0 0 0   0 0 0
186 1 2 0 27 3.65583e-07 0.00466276 -0.0199883 46.8 -0.00888498 -0.0076015 0.242342 -0.0373243 0.322152 0.00151654 1.0000 0 0 0 0   0 0 0
187 1 2 0 27 3.65463e-07 0.000594537 -0.0163927 46.8 -0.00180665 -0.0159248 0.210465 -0.0047561 0.293225 0.00124749 1.0000 0 0 0 0   0 0 0
189 1 2 0 27 3.65442e-07 -0.00340765 -0.0193934 46.8 -0.00377389 0.0149148 0.230281 0.027274 0.317359 0.00147225 1.0000 0 0 0 0   0 0 0
192 1 2 0 27 3.65609e-07 -0.0140665 0.00133182 46.8 0.00609813 -0.0086538 0.247334 0.112527 0.15131 -0.000101976 1.0000 0 0 0 0   0 0 0
193 1 2 0 27 3.65809e-07 -0.0768075 0.0171812 46.8 0.00687207 -0.00971358 0.273603 0.622361 0.0228843 -0.00130676 1.0000 0 0 0 0   0 0 0
194 1 2 0 27 3.65434e-07 -0.0154925 -0.0165544 46.8 0.0150067 -0.0186549 0.216514 0.124049 0.294643 0.00125964 1.0000 0 0 0 0   0 0 0
195 1 2 0 27 3.66234e-07 0.0133145 -0.0164152 46.8 0.00190886 -0.0119047 0.24581 -0.106589 0.2935 0.00124918 1.0000 0 0 0 0   0 0 0
196 1 2 0 27 3.65896e-07 -0.0491518 0.00392569 46.8 0.0192288 -0.016176 0.266464 0.395023 0.130421 -0.000300501 1.0000 0 0 0 0   0 0 0
199 1 2 0 27 3.6588e-07 -0.061887 -0.00984259 46.8 0.0127943 0.00590217 0.270847 0.499058 0.24138 0.000752006 1.0000 0 0 0 0   0 0 0
200 1 2 0 27 3.65507e-07 -0.000126246 0.00800567 46.8 0.0181008 0.00803042 0.202464 0.00100993 0.0979509 -0.000612114 1.0000 0 0 0 0   0 0 0
0 1 2 0 28 3.72645e-07 -0.00641636 -0.0113534 48.6 0 0 0.204 0 0 0 1.0000 0 0 0 0   0 0 0
1 1 2 0 28 3.72401e-07 -0.0134053 0.00764001 48.6 -0.0168734 0.00350073 0.184678 0.107238 0.100873 -0.000584252 1.0000 0 0 0 0   0 0 0
2 1 2 0 28 3.72495e-07 0.000212211 -0.0161864 48.6 -0.0179995 -0.00749995 0.187268 -0.00169762 0.291572 0.00123198 1.0000 0 0 0 0   0 0 0
3 1 2 0 28 3.72446e-07 -0.0432689 0.0160962 48.6 0.000480305 -0.00645561 0.200465 0.347598 0.0327767 -0.0012252 1.0000 0 0 0 0   0 0 0
4 1 2 0 28 3.727e-07 0.00231348 -0.00937538 48.6 0.0211824 -0.011122 0.191115 -0.018507 0.237004 0.000716461 1.0000 0 0 0 0   0 0 0
5 1 2 0 28 3.72603e-07 -0.0131741 0.014368 48.6 0.00674998 -0.0108748 0.185465 0.105439 0.0470657 -0.00109497 1.0000 0 0 0 0   0 0 0
6 1 2 0 28 3.72523e-07 0.0187794 -0.0139907 48.6 0.000598596 0.00332184 0.179943 -0.15038 0.274089 0.00106649 1.0000 0 0 0 0   0 0 0
7 1 2 0 28 3.72371e-07 -0.024802 0.0134176 48.6 -0.00644757 0.0170368 0.201316 0.198694 0.0545561 -0.00102323 1.0000 0 0 0 0   0 0 0
8 1 2 0 28 3.72577e-07 -0.0219496 -0.0244156 48.6 0.0211171 -0.000784646 0.200196 0.175897 0.357899 0.00184408 1.0000 0 0 0 0   0 0 0
9 1 2 0 28 3.72136e-07 0.0017611 -0.0164995 48.6 -0.0253732 0.0145006 0.194837 -0.0140882 0.294081 0.00125552 1.0000 0 0 0 0   0 0 0
10 1 2 0 28 3.72403e-07 -0.00872529 0.032149 48.6 -0.0102473 0.0320015 0.205586 0.0699232 -0.0951951 -0.00240362 1.0000 0 0 0 0   0 0 0
11 1 2 0 28 3.7237e-07 -0.0350662 -0.0302094 48.6 0.0138628 0.0453166 0.210739 0.281707 0.405076 0.00226498 1.0000 0 0 0 0   0 0 0
12 1 2 0 28 3.72396e-07 -0.0519384 -0.0311684 48.6 0.011268 0.00250619 0.249572 0.418636 0.41364 0.00233368 1.0000 0 0 0 0   0 0 0
14 1 2 0 28 3.72247e-07 -0.0312743 -0.0262304 48.6 0.0117216 -0.0162641 0.214126 0.251024 0.372823 0.00197693 1.0000 0 0 0 0   0 0 0
15 1 2 0 28 3.72377e-07 0.000199491 0.0799694 48.6 0.00396772 -0.02857 0.284318 -0.00161704 -0.483431 -0.00523729 1.0000 0 0 0 0   0 0 0
16 1 2 0 28 3.72266e-07 -0.0120762 -0.00517585 48.6 0.00676532 -0.0319383 0.231901 0.0966053 0.203381 0.000396078 1.0000 0 0 0 0   0 0 0
17 1 2 0 28 3.72623e-07 -0.00888974 0.0355732 48.6 0.00163635 -0.0414155 0.26913 0.0712938 -0.12274 -0.00264518 1.0000 0 0 0 0   0 0 0
18 1 2 0 28 3.72217e-07 -0.00365614 -0.00914376 48.6 0.0242747 -0.0133312 0.200669 0.0292479 0.23515 0.000698815 1.0000 0 0 0 0   0 0 0
19 1 2 0 28 3.72462e-07 0.00520563 -0.0226479 48.6 0.00545449 0.00988624 0.191729 -0.0416842 0.343557 0.00171388 1.0000 0 0 0 0   0 0 0
20 1 2 0 28 3.72477e-07 0.0471363 -0.00428265 48.6 -0.00229907 0.0166878 0.227209 -0.378728 0.196382 0.000327791 1.0000 0 0 0 0   0 0 0
21 1 2 0 28 3.72555e-07 0.0256272 -0.00163877 48.6 0.00263828 -0.0167876 0.208005 -0.205262 0.175091 0.000125479 1.0000 0 0 0 0   0 0 0
22 1 2 0 28 3.72604e-07 -0.00732908 -0.0210327 48.6 -0.00359842 -0.00126406 0.191494 0.0586812 0.330571 0.00159429 1.0000 0 0 0 0   0 0 0
23 1 2 0 28 3.7262e-07 -0.000331807 -0.0135778 48.6 -0.0245754 0.0232083 0.197377 0.00265435 0.270667 0.00103532 1.0000 0 0 0 0   0 0 0
24 1 2 0 28 3.7257e-07 -0.0153289 -0.0141186 48.6 -0.0227394 -0.00873037 0.197228 0.12271 0.275078 0.00107615 1.0000 0 0 0 0   0 0 0
25 1 2 0 28 3.72467e-07 -0.0172444 0.00102364 48.6 0.0135501 0.00990147 0.203403 0.137961 0.153775 -7.83786e-05 1.0000 0 0 0 0   0 0 0
26 1 2 0 28 3.72647e-07 0.00104573 -0.00532321 48.6 0.0415652 0.0193142 0.211013 -0.00836549 0.204561 0.000407344 1.0000 0 0 0 0   0 0 0
27 1 2 0 28 3.7229e-07 0.0129239 -0.013622 48.6 -0.00658228 -0.0168855 0.20057 -0.103424 0.271061 0.00103866 1.0000 0 0 0 0   0 0 0
28 1 2 0 28 3.7225e-07 0.011687 -0.00800472 48.6 0.0171189 -0.00187522 0.252776 -0.0934919 0.226029 0.000612042 1.0000 0 0 0 0   0 0 0
29 1 2 0 28 3.72223e-07 -0.0439855 -0.0365924 48.6 0.0150256 0.00729354 0.239371 0.354243 0.457284 0.00271641 1.0000 0 0 0 0   0 0 0
33 1 2 0 28 3.72132e-07 -0.0219589 0.00454555 48.6 -0.0112924 -0.00177461 0.209507 0.17582 0.125578 -0.00034789 1.0000 0 0 0 0   0 0 0
36 1 2 0 28 3.72104e-07 -0.0353941 0.0205212 48.6 -0.00138106 -0.00534139 0.234458 0.284097 -0.0025572 -0.00155621 1.0000 0 0 0 0   0 0 0
37 1 2 0 28 3.72318e-07 -0.0182474 -0.00349326 48.6 0.0102584 -0.0385905 0.222179 0.146021 0.189923 0.000267413 1.0000 0 0 0 0   0 0 0
38 1 2 0 28 3.72384e-07 0.000120363 -0.0120657 48.6 -0.028706 -5.3935e-05 0.201435 -0.000962867 0.258553 0.00092081 1.0000 0 0 0 0   0 0 0
40 1 2 0 28 3.72572e-07 -0.0141069 -0.015009 48.6 -0.0104844 -0.00121229 0.210384 0.112923 0.282213 0.00114335 1.0000 0 0 0 0   0 0 0
41 1 2 0 28 3.723e-07 0.00881306 -0.0193475 48.6 -0.0007972 0.0226384 0.210977 -0.0705538 0.317026 0.00146884 1.0000 0 0 0 0   0 0 0
42 1 2 0 28 3.72404e-07 0.014794 -0.0049915 48.6 -0.021437 0.0061699 0.203702 -0.118347 0.201906 0.000381984 1.0000 0 0 0 0   0 0 0
44 1 2 0 28 3.7234e-07 -0.00353734 -0.0239155 48.6 -0.0246138 0.00219074 0.219632 0.0283283 0.353753 0.00180729 1.0000 0 0 0 0   0 0 0
45 1 2 0 28 3.72319e-07 0.045367 -0.0874321 48.6 -0.0357301 0.0590947 0.26263 -0.370264 0.878876 0.00553983 1.0000 0 0 0 0   0 0 0
46 1 2 0 28 3.72411e-07 -0.0316433 -0.0139126 48.6 -0.00152945 0.0047248 0.249338 0.253645 0.273574 0.00106059 1.0000 0 0 0 0   0 0 0
48 1 2 0 28 3.72453e-07 -0.00687797 -0.0414597 48.6 0.00755929 -0.0123766 0.231223 0.055218 0.495604 0.00305013 1.0000 0 0 0 0   0 0 0
49 1 2 0 28 3.72457e-07 0.0220685 -0.0160796 48.6 -0.00182003 -0.00369095 0.252754 -0.176783 0.290893 0.00122395 1.0000 0 0 0 0   0 0 0
50 1 2 0 28 3.74194e-07 0.0196008 0.013224 48.6 0.0800869 0.036289 0.17593 -0.156961 0.056149 -0.00100856 1.0000 0 0 0 0   0 0 0
51 1 2 0 28 3.72389e-07 -0.0523344 -0.0764764 48.6 0.0130637 -0.00254601 0.267564 0.426222 0.787397 0.00508022 1.0000 0 0 0 0   0 0 0
52 1 2 0 28 3.72273e-07 -0.015705 -0.0226194 48.6 0.00395437 -0.00525293 0.257705 0.12581 0.343401 0.00171177 1.0000 0 0 0 0   0 0 0
53 1 2 0 28 3.72436e-07 -0.000310975 -0.0381529 48.6 -0.0099834 0.00858618 0.201503 0.00249475 0.468713 0.00282446 1.0000 0 0 0 0   0 0 0
54 1 2 0 28 3.72385e-07 0.00913763 -0.041568 48.6 -0.00379159 0.0229288 0.213147 -0.0733658 0.496508 0.00305745 1.0000 0 0 0 0   0 0 0
55 1 2 0 28 3.72329e-07 -0.00234931 -0.0272249 48.6 0.00280424 -0.00326616 0.203838 0.0188195 0.380398 0.00204938 1.0000 0 0 0 0   0 0 0
56 1 2 0 28 3.72426e-07 -0.0121312 -0.0381411 48.6 -0.00717555 0.00863582 0.199388 0.0973568 0.468731 0.00282364 1.0000 0 0 0 0   0 0 0
57 1 2 0 28 3.72316e-07 0.0282068 -0.00465722 48.6 -0.0252426 0.00160421 0.205705 -0.225978 0.199285 0.000356427 1.0000 0 0 0 0   0 0 0
58 1 2 0 28 3.72254e-07 -0.0144927 -0.0259836 48.6 -0.00833921 0.00572546 0.216132 0.116117 0.370461 0.00195889 1.0000 0 0 0 0   0 0 0
59 1 2 0 28 3.72624e-07 0.00516203 -0.0173308 48.6 0.00749203 0.00210613 0.191332 -0.0413044 0.300777 0.00131799 1.0000 0 0 0 0   0 0 0
60 1 2 0 28 3.72514e-07 0.00118676 -0.0158867 48.6 -0.00014641 0.00768501 0.195256 -0.00949371 0.28917 0.00120945 1.0000 0 0 0 0   0 0 0
61 1 2 0 28 3.72419e-07 -0.00536774 0.00896739 48.6 0.00607995 0.0014564 0.192799 0.0429401 0.0902652 -0.00068538 1.0000 0 0 0 0   0 0 0
62 1 2 0 28 3.72247e-07 0.00452334 -0.019172 48.6 -0.00287785 -0.00102094 0.205849 -0.0362038 0.315583 0.00145577 1.0000 0 0 0 0   0 0 0
63 1 2 0 28 3.72234e-07 -0.0304691 -0.0157323 48.6 -0.0239436 0.00252413 0.210679 0.244215 0.288177 0.00119784 1.0000 0 0 0 0   0 0 0
64 1 2 0 28 3.72644e-07 -0.036323 -0.0161748 48.6 0.0183386 -0.0150201 0.25609 0.29149 0.291888 0.00123111 1.0000 0 0 0 0   0 0 0
66 1 2 0 28 3.72398e-07 -0.0176039 -0.00483066 48.6 0.0185298 -0.00467888 0.235802 0.140864 0.200629 0.000369687 1.0000 0 0 0 0   0 0 0
67 1 2 0 28 3.72412e-07 -0.0200594 0.00249267 48.6 0.0141145 0.000594639 0.239469 0.160564 0.142014 -0.000190838 1.0000 0 0 0 0   0 0 0
68 1 2 0 28 3.72243e-07 0.0739829 -0.0192021 48.6 -0.0177803 -0.00388905 0.287422 -0.599062 0.317621 0.00145801 1.0000 0 0 0 0   0 0 0
69 1 2 0 28 3.72491e-07 -0.0407097 -0.0683458 48.6 0.0173561 0.00599036 0.233547 0.329946 0.717992 0.00467832 1.0000 0 0 0 0   0 0 0
70 1 2 0 28 3.72569e-07 -0.0166624 -0.0230308 48.6 -0.020777 -0.0181643 0.238152 0.133488 0.346718 0.00174222 1.0000 0 0 0 0   0 0 0
72 1 2 0 28 3.72252e-07 0.00395335 -0.0421912 48.6 -0.0230465 0.0146061 0.246025 -0.0317404 0.501524 0.00309962 1.0000 0 0 0 0   0 0 0
74 1 2 0 28 3.72657e-07 -0.00953134 -0.00859972 48.6 -0.000117159 -0.00398699 0.191839 0.0762475 0.230793 0.00065737 1.0000 0 0 0 0   0 0 0
75 1 2 0 28 3.72356e-07 0.0163872 -0.0306706 48.6 0.00234363 -0.00153679 0.195316 -0.131363 0.40826 0.00229815 1.0000 0 0 0 0   0 0 0
76 1 2 0 28 3.723e-07 0.00685971 -0.01386 48.6 -0.00576249 -0.0115352 0.199121 -0.0548754 0.272929 0.00105662 1.0000 0 0 0 0   0 0 0
77 1 2 0 28 3.72519e-07 -0.0233482 -0.00643631 48.6 -0.00410441 -0.0106399 0.186249 0.186982 0.213528 0.000492365 1.0000 0 0 0 0   0 0 0
78 1 2 0 28 3.72531e-07 -0.0106369 -0.00359424 48.6 0.00707154 0.002897 0.184696 0.0850919 0.190722 0.000275142 1.0000 0 0 0 0   0 0 0
79 1 2 0 28 3.72463e-07 -0.00836664 -0.0217911 48.6 0.0174949 0.00714543 0.193673 0.0669969 0.33668 0.00165046 1.0000 0 0 0 0   0 0 0
80 1 2 0 28 3.72319e-07 -0.00195652 -0.00669606 48.6 0.00240442 0.00440284 0.189523 0.0156515 0.215551 0.000512193 1.0000 0 0 0 0   0 0 0
81 1 2 0 28 3.72434e-07 -0.0423213 -0.00336178 48.6 -0.00551898 -0.00847637 0.190327 0.33979 0.18896 0.000257351 1.0000 0 0 0 0   0 0 0
82 1 2 0 28 3.72513e-07 0.00228714 -0.000701786 48.6 -0.0143787 0.0018267 0.193142 -0.0182963 0.167578 5.37347e-05 1.0000 0 0 0 0   0 0 0
83 1 2 0 28 3.72464e-07 -0.00511296 -0.00575475 48.6 -0.00413508 0.000147578 0.186176 0.0409019 0.208015 0.000440337 1.0000 0 0 0 0   0 0 0
85 1 2 0 28 3.72531e-07 -0.00094741 0.00730211 48.6 -0.00188391 -0.00749584 0.192929 0.00757896 0.103574 -0.000558458 1.0000 0 0 0 0   0 0 0
86 1 2 0 28 3.72363e-07 -0.0386364 -0.00964033 48.6 -0.00400549 -0.000526845 0.205493 0.310059 0.239371 0.000736637 1.0000 0 0 0 0   0 0 0
87 1 2 0 28 3.72468e-07 -0.00688937 -0.0239034 48.6 -0.0203624 0.0156228 0.202793 0.0551763 0.35367 0.0018064 1.0000 0 0 0 0   0 0 0
88 1 2 0 28 3.72463e-07 0.0283204 -0.0251506 48.6 -0.0263185 0.00409226 0.20303 -0.227184 0.364014 0.00189804 1.0000 0 0 0 0   0 0 0
89 1 2 0 28 3.72583e-07 -0.0583824 -0.00181631 48.6 -0.00103321 0.00339171 0.205784 0.470333 0.176597 0.000139072 1.0000 0 0 0 0   0 0 0
90 1 2 0 28 3.72393e-07 -0.00804526 -0.00686992 48.6 0.0224777 0.000857275 0.234519 0.0643593 0.216943 0.000525465 1.0000 0 0 0 0   0 0 0
91 1 2 0 28 3.72456e-07 -0.000632083 -0.00231714 48.6 0.00370393 -0.00297825 0.188029 0.00505645 0.180503 0.000177405 1.0000 0 0 0 0   0 0 0
92 1 2 0 28 3.72527e-07 0.042639 -0.0395245 48.6 -0.0032882 -0.00239453 0.22517 -0.34348 0.481075 0.00291855 1.0000 0 0 0 0   0 0 0
93 1 2 0 28 3.72509e-07 -0.00413515 0.0154735 48.6 0.00315011 0.00878352 0.185512 0.0330798 0.0382927 -0.00117838 1.0000 0 0 0 0   0 0 0
94 1 2 0 28 3.72551e-07 -0.0199704 -0.00202539 48.6 0.000632399 -0.00290004 0.192403 0.159848 0.178177 0.000155077 1.0000 0 0 0 0   0 0 0
95 1 2 0 28 3.72254e-07 -0.028562 -0.00397628 48.6 -0.0021823 0.0281068 0.189259 0.228827 0.193827 0.000304368 1.0000 0 0 0 0   0 0 0
96 1 2 0 28 3.73852e-07 0.0453464 -0.0104739 48.6 0.00701044 -0.00801888 0.201241 -0.364306 0.246161 0.000799976 1.0000 0 0 0 0   0 0 0
97 1 2 0 28 3.72413e-07 -0.0170425 -0.00745828 48.6 -0.00271835 -0.00772562 0.183783 0.13638 0.221673 0.000570379 1.0000 0 0 0 0   0 0 0
98 1 2 0 28 3.7236e-07 -0.0222987 0.011105 48.6 0.00484195 0.0149498 0.191911 0.178589 0.0730819 -0.000847936 1.0000 0 0 0 0   0 0 0
99 1 2 0 28 3.72332e-07 0.00366503 -0.000903679 48.6 0.00821631 -0.00487719 0.199247 -0.029319 0.169193 6.91933e-05 1.0000 0 0 0 0   0 0 0
100 1 2 0 28 3.72556e-07 0.000506075 0.0150932 48.6 0.0180377 -0.0114438 0.19807 -0.00404843 0.0413293 -0.00114972 1.0000 0 0 0 0   0 0 0
101 1 2 0 28 3.72317e-07 -0.0480761 -0.015203 48.6 -0.00324573 -0.0215647 0.207122 0.38643 0.284272 0.001158 1.0000 0 0 0 0   0 0 0
102 1 2 0 28 3.72674e-07 0.00626036 -0.0404917 48.6 -0.0258904 0.0532903 0.225302 -0.0502503 0.487736 0.00298462 1.0000 0 0 0 0   0 0 0
104 1 2 0 28 3.72351e-07 -0.0281564 0.00885112 48.6 -0.00494726 0.0100049 0.257414 0.225589 0.0910853 -0.000676522 1.0000 0 0 0 0   0 0 0
105 1 2 0 28 3.72375e-07 0.00344091 0.00570416 48.6 -0.00875253 0.0076785 0.23114 -0.0275261 0.116347 -0.000436469 1.0000 0 0 0 0   0 0 0
106 1 2 0 28 3.72757e-07 -0.0102506 -0.00206446 48.6 -0.000259614 -0.00810406 0.24624 0.0820013 0.17848 0.000158067 1.0000 0 0 0 0   0 0 0
108 1 2 0 28 3.73606e-07 0.0288434 -0.031544 48.6 -0.0125729 -0.0168636 0.207298 -0.23159 0.415699 0.00236047 1.0000 0 0 0 0   0 0 0
109 1 2 0 28 3.7236e-07 -0.0850229 0.00837258 48.6 0.0323 0.00368751 0.256945 0.690336 0.0940161 -0.000640066 1.0000 0 0 0 0   0 0 0
110 1 2 0 28 3.73085e-07 -0.0308669 -0.00195201 48.6 -0.0140832 -0.00953413 0.236139 0.247328 0.177606 0.000149461 1.0000 0 0 0 0   0 0 0
111 1 2 0 28 3.72962e-07 -0.0170876 0.0156331 48.6 -0.0177711 0.0103391 0.249566 0.136828 0.0368961 -0.00119038 1.0000 0 0 0 0   0 0 0
115 1 2 0 28 3.72364e-07 -0.030408 -0.0286758 48.6 0.0111838 0.0177744 0.254535 0.244113 0.392553 0.00215459 1.0000 0 0 0 0   0 0 0
116 1 2 0 28 3.72722e-07 -0.0010697 0.0530927 48.6 -0.0205206 -0.0279647 0.252715 0.00860511 -0.263848 -0.00380439 1.0000 0 0 0 0   0 0 0
117 1 2 0 28 3.72516e-07 0.00184465 -0.0356643 48.6 0.00723958 -0.0209164 0.20007 -0.0147904 0.448509 0.00265156 1.0000 0 0 0 0   0 0 0
118 1 2 0 28 3.72717e-07 0.00438844 -0.020629 48.6 -0.0306308 -0.0368987 0.191929 -0.0351313 0.327305 0.00156423 1.0000 0 0 0 0   0 0 0
119 1 2 0 28 3.72614e-07 -0.0150705 -0.0188222 48.6 0.0145318 0.00389543 0.248369 0.120689 0.312863 0.00142959 1.0000 0 0 0 0   0 0 0
121 1 2 0 28 3.72516e-07 0.0157377 0.0287306 48.6 0.00531256 0.0198854 0.257226 -0.126115 -0.067889 -0.00215856 1.0000 0 0 0 0   0 0 0
122 1 2 0 28 3.72443e-07 -0.0269799 -0.013276 48.6 0.00336657 0.000604311 0.233992 0.216171 0.268417 0.0010125 1.0000 0 0 0 0   0 0 0
126 1 2 0 28 3.72801e-07 -0.0115874 0.00638933 48.6 0.0253688 0.0246092 0.248644 0.092695 0.11087 -0.000488779 1.0000 0 0 0 0   0 0 0
127 1 2 0 28 3.72679e-07 -0.0378362 -0.0130188 48.6 -0.00253628 -0.0015223 0.247047 0.303648 0.266523 0.000993016 1.0000 0 0 0 0   0 0 0
128 1 2 0 28 3.73119e-07 0.00869233 -0.0213723 48.6 -0.00432887 -0.00139229 0.223796 -0.0696028 0.333313 0.00161946 1.0000 0 0 0 0   0 0 0
129 1 2 0 28 3.72742e-07 -0.0326645 -0.00740429 48.6 0.0248234 -0.00334679 0.245853 0.261771 0.221327 0.000566257 1.0000 0 0 0 0   0 0 0
131 1 2 0 28 3.72881e-07 -0.0151599 0.00388146 48.6 0.00803477 -0.00761926 0.247302 0.121274 0.13092 -0.000297119 1.0000 0 0 0 0   0 0 0
133 1 2 0 28 3.72523e-07 -0.0105459 -0.00715508 48.6 0.0291944 -0.00413405 0.189505 0.0843638 0.219226 0.000547234 1.0000 0 0 0 0   0 0 0
134 1 2 0 28 3.72363e-07 0.0117733 -0.0329841 48.6 0.00175712 0.0124106 0.249108 -0.0943823 0.42689 0.00246294 1.0000 0 0 0 0   0 0 0
135 1 2 0 28 3.72224e-07 0.00664918 0.0148659 48.6 -0.0163459 0.00659178 0.193197 -0.0531911 0.043145 -0.00113255 1.0000 0 0 0 0   0 0 0
136 1 2 0 28 3.7227e-07 0.00432665 0.0120333 48.6 0.0108954 0.0103901 0.201925 -0.0346118 0.0657691 -0.000918355 1.0000 0 0 0 0   0 0 0
137 1 2 0 28 3.72287e-07 -0.0147466 -0.0274978 48.6 0.00164217 0.017702 0.24782 0.118162 0.382651 0.00206917 1.0000 0 0 0 0   0 0 0
138 1 2 0 28 3.72374e-07 -0.00965331 -0.0270125 48.6 -0.00958302 0.0106461 0.243685 0.0773375 0.378714 0.00203398 1.0000 0 0 0 0   0 0 0
139 1 2 0 28 3.72162e-07 0.00219339 -0.0303859 48.6 -0.0141681 0.0207935 0.224038 -0.0175745 0.405859 0.00227767 1.0000 0 0 0 0   0 0 0
140 1 2 0 28 3.72139e-07 -0.00268231 0.00243319 48.6 -0.0140476 0.00617246 0.205301 0.0214575 0.142502 -0.000186286 1.0000 0 0 0 0   0 0 0
141 1 2 0 28 3.72243e-07 -0.0107192 -0.00899081 48.6 -0.028729 0.0177679 0.232213 0.0857502 0.233925 0.000687164 1.0000 0 0 0 0   0 0 0
143 1 2 0 28 3.72156e-07 -0.0106013 -0.0170462 48.6 -0.00387071 -0.00524912 0.205501 0.0848553 0.298541 0.00129662 1.0000 0 0 0 0   0 0 0
144 1 2 0 28 3.72578e-07 -0.0117636 -0.0115872 48.6 0.0166917 0.00277597 0.19 0.094105 0.25472 0.00088456 1.0000 0 0 0 0   0 0 0
145 1 2 0 28 3.72439e-07 -0.00169384 0.000614116 48.6 0.00589275 -0.014956 0.190589 0.0135502 0.157051 -4.70222e-05 1.0000 0 0 0 0   0 0 0
146 1 2 0 28 3.72524e-07 -0.0110082 -0.00831665 48.6 0.00281483 -0.008435 0.178781 0.0880619 0.228526 0.000635805 1.0000 0 0 0 0   0 0 0
147 1 2 0 28 3.72691e-07 0.0272815 -0.0212356 48.6 -0.0106272 -0.00325481 0.187174 -0.218682 0.332393 0.00160934 1.0000 0 0 0 0   0 0 0
148 1 2 0 28 3.72547e-07 0.0104179 -0.0260395 48.6 -0.00760234 0.0143536 0.189805 -0.0834587 0.370884 0.00196297 1.0000 0 0 0 0   0 0 0
149 1 2 0 28 3.72437e-07 -0.00524753 -0.0174039 48.6 -0.00744605 -0.0146116 0.18703 0.0419892 0.301366 0.00132346 1.0000 0 0 0 0   0 0 0
150 1 2 0 28 3.72408e-07 0.00284036 -0.0182313 48.6 -0.00796963 -0.0151709 0.182861 -0.0227289 0.308008 0.00138538 1.0000 0 0 0 0   0 0 0
151 1 2 0 28 3.72491e-07 -0.00136385 -0.0219301 48.6 0.0134843 0.00665651 0.194485 0.0109194 0.337767 0.00166075 1.0000 0 0 0 0   0 0 0
152 1 2 0 28 3.72534e-07 0.00066053 -0.0257986 48.6 -0.00467989 -0.00408717 0.185785 -0.00529059 0.36891 0.00194537 1.0000 0 0 0 0   0 0 0
153 1 2 0 28 3.72382e-07 -0.0245621 0.0158319 48.6 0.0122669 -0.0057939 0.240472 0.196787 0.0352383 -0.00120533 1.0000 0 0 0 0   0 0 0
155 1 2 0 28 3.72649e-07 -0.0051007 -0.0130285 48.6 -0.0262789 -0.0171364 0.155422 0.0408038 0.266266 0.000993747 1.0000 0 0 0 0   0 0 0
156 1 2 0 28 3.72327e-07 -0.0354721 -0.0315148 48.6 0.00564914 0.0148696 0.255294 0.285013 0.415641 0.00235838 1.0000 0 0 0 0   0 0 0
158 1 2 0 28 3.72491e-07 -0.0162353 -0.0223025 48.6 0.00211911 -0.00390241 0.247559 0.130058 0.340857 0.00168831 1.0000 0 0 0 0   0 0 0
159 1 2 0 28 3.7241e-07 -0.00627762 -0.0178555 48.6 0.00244199 -0.00456708 0.236395 0.0502384 0.305006 0.00135725 1.0000 0 0 0 0   0 0 0
160 1 2 0 28 3.72879e-07 -0.0327339 -0.00243747 48.6 0.0305654 -0.00362271 0.235611 0.262318 0.181499 0.000186613 1.0000 0 0 0 0   0 0 0
161 1 2 0 28 3.72583e-07 -0.00503094 -0.0252248 48.6 0.00674287 0.00425779 0.244413 0.0402956 0.364299 0.00190346 1.0000 0 0 0 0   0 0 0
162 1 2 0 28 3.72422e-07 -0.00381564 -0.0180274 48.6 -0.0145758 0.00637393 0.223734 0.030533 0.306372 0.00137012 1.0000 0 0 0 0   0 0 0
163 1 2 0 28 3.72331e-07 -0.0204396 0.00737547 48.6 -0.00792282 0.00760122 0.183692 0.163641 0.10294 -0.000564058 1.0000 0 0 0 0   0 0 0
164 1 2 0 28 3.72245e-07 0.00845658 -0.00472312 48.6 0.0123429 0.00999112 0.190858 -0.0676497 0.199758 0.000361466 1.0000 0 0 0 0   0 0 0
167 1 2 0 28 3.72374e-07 -0.0336424 0.000235506 48.6 0.00674853 0.000525709 0.256272 0.26961 0.160076 -1.80325e-05 1.0000 0 0 0 0   0 0 0
168 1 2 0 28 3.72113e-07 -0.00861442 0.00751048 48.6 -0.00117188 0.016207 0.200245 0.0689124 0.101909 -0.000574364 1.0000 0 0 0 0   0 0 0
169 1 2 0 28 3.72167e-07 0.0105949 -0.0171267 48.6 -0.00518552 -0.00844223 0.2011 -0.084805 0.299188 0.00130266 1.0000 0 0 0 0   0 0 0
170 1 2 0 28 3.72183e-07 0.006872 -0.0205296 48.6 0.012158 0.0019965 0.197229 -0.0550172 0.326521 0.00155684 1.0000 0 0 0 0   0 0 0
171 1 2 0 28 3.7246e-07 0.010508 -0.0133917 48.6 -0.0103684 0.00650819 0.179225 -0.0840627 0.269179 0.00102126 1.0000 0 0 0 0   0 0 0
172 1 2 0 28 3.72159e-07 -0.00864001 -0.00585374 48.6 0.0114092 -0.0093448 0.23597 0.0691172 0.208807 0.000447894 1.0000 0 0 0 0   0 0 0
174 1 2 0 28 3.72629e-07 0.00788973 -0.017773 48.6 -0.018659 0.0153932 0.253608 -0.0631452 0.304357 0.00135108 1.0000 0 0 0 0   0 0 0
179 1 2 0 28 3.72952e-07 0.00242083 0.0161228 48.6 -0.012734 0.00647957 0.250748 -0.0193658 0.0331079 -0.0012272 1.0000 0 0 0 0   0 0 0
180 1 2 0 28 3.72629e-07 -0.0542054 0.0398046 48.6 0.0184905 0.005287 0.262545 0.437516 -0.158587 -0.00293773 1.0000 0 0 0 0   0 0 0
181 1 2 0 28 3.72186e-07 -0.00297591 -0.00444898 48.6 -0.000139054 -0.019588 0.21878 0.0238062 0.197563 0.000340507 1.0000 0 0 0 0   0 0 0
182 1 2 0 28 3.72298e-07 -0.0192419 -0.0268932 48.6 0.00219535 -0.0027189 0.241643 0.1542 0.377815 0.00202533 1.0000 0 0 0 0   0 0 0
183 1 2 0 28 3.72542e-07 -0.00368993 -0.0165092 48.6 0.0126769 0.000606293 0.184115 0.0295185 0.29416 0.00125624 1.0000 0 0 0 0   0 0 0
185 1 2 0 28 3.72243e-07 -0.0127626 -0.0112891 48.6 0.00393273 -0.00822619 0.194338 0.1021 0.252335 0.000861923 1.0000 0 0 0 0   0 0 0
186 1 2 0 28 3.72211e-07 -0.0208576 0.00889813 48.6 0.0126945 0.0109312 0.22172 0.167008 0.0907532 -0.000680104 1.0000 0 0 0 0   0 0 0
187 1 2 0 28 3.7229e-07 -0.00819616 0.0129893 48.6 0.00072357 0.00523533 0.190323 0.0655665 0.0581328 -0.000990775 1.0000 0 0 0 0   0 0 0
189 1 2 0 28 3.72148e-07 -0.0122447 -0.0147589 48.6 0.00292375 -0.0102939 0.204116 0.0979961 0.280183 0.00112448 1.0000 0 0 0 0   0 0 0
192 1 2 0 28 3.72188e-07 -0.0147986 -0.0198475 48.6 -0.00614987 0.00863005 0.228546 0.118519 0.321103 0.00150606 1.0000 0 0 0 0   0 0 0
193 1 2 0 28 3.72325e-07 0.0406437 -0.0363408 48.6 -0.00531621 0.00818815 0.262935 -0.327089 0.455035 0.00269889 1.0000 0 0 0 0   0 0 0
194 1 2 0 28 3.72208e-07 -0.0144171 0.012596 48.6 -0.0108815 0.0105024 0.193985 0.115381 0.0612312 -0.000960984 1.0000 0 0 0 0   0 0 0
195 1 2 0 28 3.72768e-07 -0.0493021 -0.00346965 48.6 -0.000206868 0.00204473 0.257212 0.396237 0.189855 0.000265606 1.0000 0 0 0 0   0 0 0
196 1 2 0 28 3.72391e-07 0.0186351 -0.0301641 48.6 -0.0225898 0.0155405 0.26385 -0.149407 0.404227 0.00226172 1.0000 0 0 0 0   0 0 0
199 1 2 0 28 3.72358e-07 0.0289445 -0.010962 48.6 -0.0141229 -0.00453761 0.267313 -0.231925 0.249856 0.000837071 1.0000 0 0 0 0   0 0 0
200 1 2 0 28 3.72364e-07 -0.0249694 -0.0268038 48.6 -0.00742351 0.00849844 0.18641 0.200247 0.377256 0.00201881 1.0000 0 0 0 0   0 0 0
0 1 2 0 29 3.79406e-07 -0.00641636 -0.0113534 50.4 0 0 0.204 0 0 0 1.0000 0 0 0 0   0 0 0
2 1 2 0 29 3.79453e-07 0.0215909 -0.00329496 50.4 0.00301496 -0.00666221 0.194207 -0.172861 0.188349 0.000252237 1.0000 0 0 0 0   0 0 0
3 1 2 0 29 3.79365e-07 0.00939874 -0.0130105 50.4 -0.0291668 0.0196125 0.189817 -0.0751867 0.266122 0.000992386 1.0000 0 0 0 0   0 0 0
4 1 2 0 29 3.79527e-07 -0.0325123 0.00553601 50.4 -0.00525355 0.00380785 0.20462 0.260544 0.117614 -0.000423614 1.0000 0 0 0 0   0 0 0
5 1 2 0 29 3.79515e-07 -0.0070242 -0.00417883 50.4 -0.00878241 0.0249834 0.191347 0.0561912 0.195401 0.000319853 1.0000 0 0 0 0   0 0 0
6 1 2 0 29 3.79513e-07 -0.00401221 -0.0143068 50.4 0.0130455 -0.00757071 0.185132 0.0320963 0.276509 0.00109035 1.0000 0 0 0 0   0 0 0
7 1 2 0 29 3.79281e-07 0.0148734 -0.0395406 50.4 -0.0121473 0.00985848 0.193588 -0.119411 0.480139 0.00291966 1.0000 0 0 0 0   0 0 0
8 1 2 0 29 3.7937e-07 -0.0165021 -0.000227741 50.4 -0.0236806 -0.00761432 0.202888 0.132011 0.163785 1.74376e-05 1.0000 0 0 0 0   0 0 0
9 1 2 0 29 3.79148e-07 0.0316657 -0.0260094 50.4 0.00966015 -0.00847541 0.178911 -0.254173 0.37105 0.00196078 1.0000 0 0 0 0   0 0 0
10 1 2 0 29 3.79319e-07 0.00976034 -0.0675964 50.4 0.00248312 0.0109485 0.202956 -0.0788087 0.709814 0.00463898 1.0000 0 0 0 0   0 0 0
11 1 2 0 29 3.79187e-07 -0.00569366 -0.038339 50.4 -0.0254891 -0.0345513 0.204487 0.0456823 0.47025 0.00283734 1.0000 0 0 0 0   0 0 0
12 1 2 0 29 3.78981e-07 0.0199834 0.00937321 50.4 -0.018937 -0.00830611 0.234503 -0.159996 0.0869586 -0.000716296 1.0000 0 0 0 0   0 0 0
14 1 2 0 29 3.79041e-07 -0.00500875 0.0172624 50.4 -0.0201599 -0.000489618 0.195712 0.0400771 0.023979 -0.00131286 1.0000 0 0 0 0   0 0 0
15 1 2 0 29 3.78933e-07 -0.0249565 -0.102703 50.4 -0.00761139 0.030025 0.272446 0.204338 1.00734 0.00600523 1.0000 0 0 0 0   0 0 0
16 1 2 0 29 3.78958e-07 -0.014154 0.00735258 50.4 -0.00669261 0.027645 0.213415 0.113227 0.103171 -0.00056231 1.0000 0 0 0 0   0 0 0
17 1 2 0 29 3.79172e-07 -0.0254442 -0.0620682 50.4 0.00112231 0.043453 0.266794 0.205365 0.66467 0.00433637 1.0000 0 0 0 0   0 0 0
18 1 2 0 29 3.7909e-07 -0.0333671 0.00781115 50.4 -0.0119319 0.00645171 0.183791 0.267442 0.0993846 -0.000597295 1.0000 0 0 0 0   0 0 0
19 1 2 0 29 3.79349e-07 -0.00966423 -0.0194933 50.4 0.00496759 -0.0157105 0.190555 0.0773729 0.318206 0.00147969 1.0000 0 0 0 0   0 0 0
20 1 2 0 29 3.79224e-07 -0.0491675 -0.0284153 50.4 0.0241766 -0.00686757 0.21684 0.395933 0.391159 0.0021357 1.0000 0 0 0 0   0 0 0
21 1 2 0 29 3.79352e-07 -0.0327651 0.0017405 50.4 0.0149456 0.0131499 0.20669 0.262567 0.148017 -0.000133268 1.0000 0 0 0 0   0 0 0
22 1 2 0 29 3.79467e-07 0.00303072 -0.00217169 50.4 -0.00416149 -0.00793127 0.199878 -0.0242447 0.179339 0.000166273 1.0000 0 0 0 0   0 0 0
23 1 2 0 29 3.79485e-07 0.015045 -0.0362784 50.4 0.0101109 -0.0131985 0.208449 -0.120724 0.453677 0.00269453 1.0000 0 0 0 0   0 0 0
24 1 2 0 29 3.79449e-07 0.029421 -0.00144765 50.4 -0.00144654 -0.00117384 0.205112 -0.235719 0.173563 0.000110844 1.0000 0 0 0 0   0 0 0
25 1 2 0 29 3.79255e-07 -0.0134721 -0.028376 50.4 -0.016904 0.00336943 0.200666 0.107951 0.389714 0.00213285 1.0000 0 0 0 0   0 0 0
26 1 2 0 29 3.7937e-07 -0.0538095 -0.0274183 50.4 -0.0316038 -0.01279 0.218746 0.4337 0.383302 0.00206341 1.0000 0 0 0 0   0 0 0
27 1 2 0 29 3.79187e-07 -0.000799919 0.0114676 50.4 0.0117536 0.00330668 0.189623 0.00639908 0.070288 -0.000875488 1.0000 0 0 0 0   0 0 0
28 1 2 0 29 3.78811e-07 -0.0429669 -0.0151039 50.4 -0.0179769 0.00365927 0.227285 0.345141 0.283395 0.00115052 1.0000 0 0 0 0   0 0 0
29 1 2 0 29 3.78882e-07 0.00667842 0.00900005 50.4 -0.0234621 -0.010411 0.214005 -0.0534251 0.0900043 -0.000687868 1.0000 0 0 0 0   0 0 0
33 1 2 0 29 3.79005e-07 0.0177693 -0.00962121 50.4 -0.0065501 0.00756929 0.185423 -0.142233 0.239019 0.000735184 1.0000 0 0 0 0   0 0 0
36 1 2 0 29 3.78818e-07 0.0149753 -0.0267529 50.4 -0.00680752 0.014054 0.203987 -0.119991 0.376656 0.00201509 1.0000 0 0 0 0   0 0 0
37 1 2 0 29 3.79074e-07 -0.00987729 0.0202773 50.4 -0.0127972 0.0344912 0.208606 0.0790865 -0.000203214 -0.00153806 1.0000 0 0 0 0   0 0 0
38 1 2 0 29 3.79283e-07 0.0284241 -0.0104124 50.4 0.0121761 -0.00323436 0.198508 -0.227745 0.245443 0.000795309 1.0000 0 0 0 0   0 0 0
40 1 2 0 29 3.79326e-07 0.00856248 -0.00604259 50.4 5.41444e-05 -0.00229541 0.213007 -0.0684969 0.210319 0.00046231 1.0000 0 0 0 0   0 0 0
41 1 2 0 29 3.79107e-07 -0.0130015 -0.0301566 50.4 0.00818474 -0.019105 0.195539 0.104189 0.40405 0.00226118 1.0000 0 0 0 0   0 0 0
42 1 2 0 29 3.7928e-07 0.0108194 -0.0230522 50.4 0.0221354 0.00201972 0.197075 -0.0866567 0.346845 0.0017438 1.0000 0 0 0 0   0 0 0
44 1 2 0 29 3.79107e-07 0.0122549 -0.000139386 50.4 0.0180164 -0.00650266 0.207399 -0.0980348 0.163079 1.06725e-05 1.0000 0 0 0 0   0 0 0
46 1 2 0 29 3.78986e-07 0.00507565 -0.00801435 50.4 -0.000440909 -0.00788595 0.234568 -0.0406035 0.226106 0.000612775 1.0000 0 0 0 0   0 0 0
48 1 2 0 29 3.79105e-07 -0.0189471 0.0265268 50.4 -0.00737178 -0.00291377 0.224211 0.151833 -0.050283 -0.00199858 1.0000 0 0 0 0   0 0 0
49 1 2 0 29 3.79018e-07 -0.0478807 -0.00284773 50.4 0.00903627 0.00487171 0.241039 0.384741 0.18485 0.000218011 1.0000 0 0 0 0   0 0 0
51 1 2 0 29 3.79016e-07 0.0176064 0.0596451 50.4 -0.0127964 -0.0410894 0.251225 -0.141963 -0.317354 -0.00419769 1.0000 0 0 0 0   0 0 0
52 1 2 0 29 3.78816e-07 -0.0133659 0.00183215 50.4 -0.00201713 0.00232315 0.234007 0.106923 0.147308 -0.000140285 1.0000 0 0 0 0   0 0 0
53 1 2 0 29 3.79299e-07 0.00334763 -0.00517148 50.4 0.00304592 -0.0247238 0.19721 -0.0267799 0.203346 0.000395744 1.0000 0 0 0 0   0 0 0
54 1 2 0 29 3.79198e-07 -0.0121819 -0.0118908 50.4 0.00871764 -0.0271878 0.200312 0.0974543 0.257155 0.000907559 1.0000 0 0 0 0   0 0 0
55 1 2 0 29 3.79174e-07 -0.00838431 -0.000232828 50.4 -0.00287001 -0.00939785 0.190665 0.0670716 0.163826 1.78272e-05 1.0000 0 0 0 0   0 0 0
56 1 2 0 29 3.79306e-07 0.0050747 -0.00877809 50.4 -0.00998951 -0.0223486 0.193299 -0.0405959 0.232222 0.000670958 1.0000 0 0 0 0   0 0 0
57 1 2 0 29 3.79229e-07 0.011497 -0.012252 50.4 0.0288308 0.00275574 0.193887 -0.091972 0.260046 0.000934926 1.0000 0 0 0 0   0 0 0
58 1 2 0 29 3.79039e-07 0.00714149 -0.00468438 50.4 0.00384189 -0.00962211 0.197079 -0.0571295 0.199448 0.000358504 1.0000 0 0 0 0   0 0 0
59 1 2 0 29 3.79474e-07 -0.0195937 -0.0101113 50.4 -0.00278999 -0.00929605 0.198795 0.156875 0.242967 0.000772426 1.0000 0 0 0 0   0 0 0
60 1 2 0 29 3.79356e-07 -0.00896107 -0.0150749 50.4 0.000702573 -0.00810784 0.196549 0.0716952 0.28268 0.00114833 1.0000 0 0 0 0   0 0 0
61 1 2 0 29 3.79308e-07 -0.0101462 -0.0214962 50.4 -0.00556854 0.0104278 0.189193 0.0812508 0.33432 0.00162863 1.0000 0 0 0 0   0 0 0
62 1 2 0 29 3.79091e-07 -0.00331583 -0.00188423 50.4 0.00961756 -0.00317615 0.185433 0.0265255 0.177038 0.000144273 1.0000 0 0 0 0   0 0 0
63 1 2 0 29 3.79111e-07 0.0375086 -0.010781 50.4 -0.00154468 -0.00700233 0.196217 -0.300962 0.248523 0.000823315 1.0000 0 0 0 0   0 0 0
64 1 2 0 29 3.79159e-07 0.00496603 -0.00720852 50.4 -0.0193424 0.0162064 0.254685 -0.0397265 0.219654 0.000551313 1.0000 0 0 0 0   0 0 0
66 1 2 0 29 3.79014e-07 -0.0144963 -0.0153921 50.4 -0.0169103 0.00368505 0.22018 0.11605 0.285295 0.00117227 1.0000 0 0 0 0   0 0 0
67 1 2 0 29 3.79008e-07 -0.0116429 -0.0231134 50.4 -0.0154637 0.00126005 0.226082 0.0932559 0.347343 0.0017483 1.0000 0 0 0 0   0 0 0
68 1 2 0 29 3.78798e-07 -0.109613 -0.0129361 50.4 0.0180954 0.00783871 0.272816 0.899466 0.268194 0.000986748 1.0000 0 0 0 0   0 0 0
69 1 2 0 29 3.79184e-07 0.00480718 0.0357025 50.4 -0.0305615 -0.0251971 0.225311 -0.0385468 -0.123731 -0.00265423 1.0000 0 0 0 0   0 0 0
70 1 2 0 29 3.79213e-07 0.00478839 0.0114498 50.4 0.0127785 0.00874128 0.235979 -0.0383055 0.0704305 -0.000874133 1.0000 0 0 0 0   0 0 0
72 1 2 0 29 3.78947e-07 -0.0127388 0.0115055 50.4 0.0280316 -0.0213246 0.221885 0.101912 0.0699794 -0.00087837 1.0000 0 0 0 0   0 0 0
74 1 2 0 29 3.79512e-07 -0.000364332 -0.00781663 50.4 -0.00542815 0.00245394 0.19893 0.00291454 0.224522 0.000597712 1.0000 0 0 0 0   0 0 0
75 1 2 0 29 3.79271e-07 -0.0113218 0.00020735 50.4 0.012572 -0.0160515 0.186997 0.0905707 0.160305 -1.58767e-05 1.0000 0 0 0 0   0 0 0
76 1 2 0 29 3.79196e-07 0.00217384 0.00384785 50.4 0.0111382 0.000845199 0.187446 -0.0173899 0.131189 -0.00029455 1.0000 0 0 0 0   0 0 0
77 1 2 0 29 3.79472e-07 0.0113056 -0.000787756 50.4 -0.0164827 0.00255239 0.190238 -0.0904413 0.168266 6.03173e-05 1.0000 0 0 0 0   0 0 0
78 1 2 0 29 3.79442e-07 -0.00727381 -0.01556 50.4 -0.00748981 0.00179529 0.190184 0.0581916 0.286559 0.00118489 1.0000 0 0 0 0   0 0 0
79 1 2 0 29 3.79315e-07 -0.0218183 -0.0125776 50.4 -0.0111345 -0.00872784 0.192739 0.174746 0.262774 0.000959589 1.0000 0 0 0 0   0 0 0
80 1 2 0 29 3.79258e-07 -0.00370183 -0.0170428 50.4 0.00121245 -0.00126314 0.181048 0.0296168 0.298451 0.00129636 1.0000 0 0 0 0   0 0 0
81 1 2 0 29 3.79432e-07 0.0154969 -0.00113971 50.4 -0.03315 0.00750625 0.186603 -0.12397 0.171082 8.72662e-05 1.0000 0 0 0 0   0 0 0
82 1 2 0 29 3.79408e-07 0.00901971 -0.0183948 50.4 0.00811446 0.00685558 0.195481 -0.0722004 0.309367 0.0013976 1.0000 0 0 0 0   0 0 0
83 1 2 0 29 3.79396e-07 0.00222821 -0.0127309 50.4 -0.00143139 -0.00123657 0.186914 -0.0178249 0.263882 0.000971201 1.0000 0 0 0 0   0 0 0
85 1 2 0 29 3.79393e-07 -0.00437325 -0.0103821 50.4 6.08393e-05 0.0104377 0.196388 0.0349845 0.245068 0.000793006 1.0000 0 0 0 0   0 0 0
86 1 2 0 29 3.79209e-07 0.0179628 -0.0109207 50.4 -0.0184755 -0.00201481 0.195332 -0.143798 0.249443 0.000833929 1.0000 0 0 0 0   0 0 0
87 1 2 0 29 3.79313e-07 0.0171823 -0.0184135 50.4 0.00585291 -0.0128003 0.203633 -0.137616 0.309599 0.00139901 1.0000 0 0 0 0   0 0 0
88 1 2 0 29 3.79362e-07 0.00805333 -0.0102167 50.4 0.0302487 -0.0159028 0.200185 -0.0644239 0.243743 0.000780434 1.0000 0 0 0 0   0 0 0
89 1 2 0 29 3.79439e-07 0.0264253 -0.021987 50.4 -0.0363718 0.00732948 0.204546 -0.211809 0.338423 0.00166496 1.0000 0 0 0 0   0 0 0
90 1 2 0 29 3.79008e-07 -0.0259621 -0.0145334 50.4 -0.0173531 0.00220709 0.221351 0.208011 0.278506 0.00110746 1.0000 0 0 0 0   0 0 0
91 1 2 0 29 3.79369e-07 -0.00569613 -0.00636585 50.4 0.0026948 0.00539979 0.188217 0.0455671 0.212907 0.000486987 1.0000 0 0 0 0   0 0 0
92 1 2 0 29 3.79263e-07 -0.0505557 0.0155433 50.4 0.0167126 -0.0105697 0.222039 0.406663 0.0370485 -0.00118363 1.0000 0 0 0 0   0 0 0
93 1 2 0 29 3.79461e-07 -0.00655109 -0.0247682 50.4 -0.00742076 0.0146435 0.18684 0.0524708 0.360629 0.00187001 1.0000 0 0 0 0   0 0 0
94 1 2 0 29 3.79428e-07 0.00557853 -0.0114145 50.4 -0.0115599 0.0055207 0.195825 -0.0446263 0.253336 0.00087145 1.0000 0 0 0 0   0 0 0
95 1 2 0 29 3.79283e-07 0.0110183 -0.0416597 50.4 -0.0223689 0.00141559 0.181007 -0.0884732 0.497277 0.00306366 1.0000 0 0 0 0   0 0 0
96 1 2 0 29 3.80822e-07 -0.0376852 0.000526749 50.4 0.0253842 0.0116129 0.181015 0.302294 0.157738 -4.03326e-05 1.0000 0 0 0 0   0 0 0
97 1 2 0 29 3.79389e-07 0.00489644 -0.00291656 50.4 -0.0148731 0.00218656 0.182994 -0.0391698 0.185299 0.000223278 1.0000 0 0 0 0   0 0 0
98 1 2 0 29 3.79294e-07 -0.00215003 -0.0310242 50.4 -0.0185461 0.0124083 0.185155 0.0172278 0.411001 0.00232339 1.0000 0 0 0 0   0 0 0
99 1 2 0 29 3.79186e-07 -0.0174256 -0.00895381 50.4 0.000975726 0.00824452 0.188979 0.139468 0.233664 0.000684345 1.0000 0 0 0 0   0 0 0
100 1 2 0 29 3.79382e-07 -0.0281557 -0.0137046 50.4 -0.00494824 0.0190943 0.199178 0.22561 0.271865 0.00104489 1.0000 0 0 0 0   0 0 0
101 1 2 0 29 3.79206e-07 0.02024 0.0162634 50.4 -0.0285044 0.00450662 0.194919 -0.162117 0.0318218 -0.00123777 1.0000 0 0 0 0   0 0 0
102 1 2 0 29 3.79467e-07 -0.00579305 -0.0183742 50.4 0.0231255 -0.0548077 0.230703 0.0463631 0.309175 0.00139607 1.0000 0 0 0 0   0 0 0
104 1 2 0 29 3.78908e-07 0.000965962 -0.0298626 50.4 0.00184604 -0.00417773 0.236177 -0.00773946 0.401642 0.00224003 1.0000 0 0 0 0   0 0 0
105 1 2 0 29 3.79061e-07 -0.0137911 -0.0292533 50.4 0.0108615 0.00167897 0.215876 0.110514 0.39678 0.0021962 1.0000 0 0 0 0   0 0 0
106 1 2 0 29 3.79307e-07 -0.0196394 -0.016848 50.4 0.0016626 0.00568143 0.245373 0.157305 0.297043 0.00128172 1.0000 0 0 0 0   0 0 0
108 1 2 0 29 3.80468e-07 -0.0298596 0.0196483 50.4 0.0266975 -0.00102648 0.202523 0.239416 0.00460257 -0.00149123 1.0000 0 0 0 0   0 0 0
109 1 2 0 29 3.7898e-07 0.0474375 -0.0250622 50.4 -0.0425954 -0.00365973 0.240306 -0.381667 0.363898 0.00189158 1.0000 0 0 0 0   0 0 0
110 1 2 0 29 3.79674e-07 0.000188889 -0.0207616 50.4 0.012223 0.00571484 0.253322 -0.00151207 0.328362 0.00157411 1.0000 0 0 0 0   0 0 0
111 1 2 0 29 3.79512e-07 -0.020028 -0.0349096 50.4 0.0161089 -0.0100698 0.261569 0.160739 0.442701 0.00259875 1.0000 0 0 0 0   0 0 0
115 1 2 0 29 3.78922e-07 -0.00260853 0.00500734 50.4 -0.0137488 -0.0203743 0.235635 0.0208674 0.121919 -0.000383195 1.0000 0 0 0 0   0 0 0
116 1 2 0 29 3.79375e-07 -0.021298 -0.0634874 50.4 0.0221596 0.0400897 0.255323 0.171896 0.676191 0.00441614 1.0000 0 0 0 0   0 0 0
117 1 2 0 29 3.7937e-07 -0.0132529 0.0280446 50.4 -0.00231178 -0.0087296 0.203236 0.106193 -0.0623861 -0.00210882 1.0000 0 0 0 0   0 0 0
118 1 2 0 29 3.79703e-07 0.0367514 0.0296979 50.4 0.00748582 -0.0075632 0.212866 -0.295285 -0.076239 -0.00222818 1.0000 0 0 0 0   0 0 0
119 1 2 0 29 3.79145e-07 -0.0182169 -0.00326129 50.4 -0.0134745 -0.00411921 0.245561 0.145776 0.188066 0.000249661 1.0000 0 0 0 0   0 0 0
121 1 2 0 29 3.79067e-07 -0.045741 -0.0498497 50.4 -0.00461945 -0.0163739 0.247991 0.369236 0.565504 0.00360111 1.0000 0 0 0 0   0 0 0
122 1 2 0 29 3.7907e-07 0.00260479 -0.00783257 50.4 -0.00764792 -0.00203648 0.223951 -0.0208374 0.22465 0.000598926 1.0000 0 0 0 0   0 0 0
126 1 2 0 29 3.79326e-07 -0.0215416 -0.0263497 50.4 -0.0271909 -0.0192349 0.258305 0.172648 0.37347 0.00198564 1.0000 0 0 0 0   0 0 0
127 1 2 0 29 3.79233e-07 0.00831448 -0.00854585 50.4 -0.000814352 0.000981979 0.249322 -0.066513 0.230362 0.000653266 1.0000 0 0 0 0   0 0 0
128 1 2 0 29 3.79744e-07 -0.0354071 0.00197471 50.4 0.00392249 -0.00252383 0.242597 0.283877 0.146133 -0.000151199 1.0000 0 0 0 0   0 0 0
129 1 2 0 29 3.7927e-07 0.000592359 -0.0131174 50.4 -0.0236661 0.0030517 0.252744 -0.00473867 0.266978 0.00100048 1.0000 0 0 0 0   0 0 0
131 1 2 0 29 3.79397e-07 -0.0166824 -0.0290456 50.4 -0.0105227 0.00877695 0.259099 0.133692 0.395125 0.00218126 1.0000 0 0 0 0   0 0 0
133 1 2 0 29 3.79392e-07 -0.0345774 -0.00956153 50.4 -0.0169667 -0.000792133 0.193588 0.277252 0.238673 0.000730642 1.0000 0 0 0 0   0 0 0
134 1 2 0 29 3.7895e-07 -0.0365933 0.00406698 50.4 0.00245993 -0.014014 0.231353 0.293481 0.129354 -0.000311303 1.0000 0 0 0 0   0 0 0
135 1 2 0 29 3.79238e-07 0.0228418 -0.0183146 50.4 0.00958364 0.019392 0.179774 -0.183005 0.308854 0.00139161 1.0000 0 0 0 0   0 0 0
136 1 2 0 29 3.79142e-07 -0.0180981 -0.0319052 50.4 4.01474e-05 0.00936533 0.187554 0.145143 0.418309 0.00238623 1.0000 0 0 0 0   0 0 0
137 1 2 0 29 3.78889e-07 -0.0149522 0.000358394 50.4 0.00297821 -0.0162763 0.225956 0.119612 0.159097 -2.74419e-05 1.0000 0 0 0 0   0 0 0
138 1 2 0 29 3.78997e-07 -0.011442 0.000666758 50.4 0.0121255 -0.0107766 0.227607 0.0915324 0.15663 -5.10529e-05 1.0000 0 0 0 0   0 0 0
139 1 2 0 29 3.78952e-07 0.00467657 -0.0124828 50.4 0.0192389 -0.0168581 0.197369 -0.037411 0.261895 0.000952408 1.0000 0 0 0 0   0 0 0
140 1 2 0 29 3.79042e-07 0.0157318 -0.0158555 50.4 0.00592567 0.00797354 0.183295 -0.12596 0.289031 0.0012071 1.0000 0 0 0 0   0 0 0
141 1 2 0 29 3.78996e-07 0.0167094 -0.0223828 50.4 0.0214303 -0.0104553 0.211786 -0.13386 0.341506 0.00169425 1.0000 0 0 0 0   0 0 0
143 1 2 0 29 3.7903e-07 0.00531373 -0.000880365 50.4 -0.00123162 -0.000866529 0.182925 -0.042508 0.169007 6.74082e-05 1.0000 0 0 0 0   0 0 0
144 1 2 0 29 3.79425e-07 -0.0185092 -0.0105656 50.4 -0.0103642 -0.00106288 0.196656 0.148178 0.2466 0.000806944 1.0000 0 0 0 0   0 0 0
145 1 2 0 29 3.79348e-07 -0.0120359 0.00321112 50.4 -0.00296775 0.0113779 0.187998 0.0962831 0.136281 -0.000245821 1.0000 0 0 0 0   0 0 0
146 1 2 0 29 3.79493e-07 0.000155223 -0.0024172 50.4 -0.00899883 0.000548882 0.186463 -0.00124173 0.181303 0.000185062 1.0000 0 0 0 0   0 0 0
147 1 2 0 29 3.79616e-07 -0.00616334 -0.00288635 50.4 0.01571 -0.014178 0.198817 0.0493046 0.185058 0.000220967 1.0000 0 0 0 0   0 0 0
148 1 2 0 29 3.79458e-07 -0.000466616 -0.0265191 50.4 0.00751105 -0.0202591 0.193979 0.00373765 0.374712 0.00199802 1.0000 0 0 0 0   0 0 0
149 1 2 0 29 3.79398e-07 0.00920493 0.00921719 50.4 -0.00612173 -0.00552452 0.188855 -0.0736363 0.0882689 -0.00070441 1.0000 0 0 0 0   0 0 0
150 1 2 0 29 3.7941e-07 0.00618624 0.00950565 50.4 -0.00109679 -0.00939621 0.183615 -0.0494878 0.0859637 -0.000726386 1.0000 0 0 0 0   0 0 0
151 1 2 0 29 3.79336e-07 -0.0197461 -0.0133008 50.4 -0.00369114 -0.0125896 0.194734 0.158127 0.268559 0.00101437 1.0000 0 0 0 0   0 0 0
152 1 2 0 29 3.7946e-07 0.00132375 -0.000980301 50.4 -0.000760393 -0.011344 0.192146 -0.0105896 0.169806 7.50602e-05 1.0000 0 0 0 0   0 0 0
153 1 2 0 29 3.78999e-07 -0.00451512 -0.0314873 50.4 -0.0163491 0.0154541 0.224385 0.0361804 0.414736 0.00235642 1.0000 0 0 0 0   0 0 0
155 1 2 0 29 3.8013e-07 5.71642e-05 -0.0123182 50.4 -0.0541731 -0.0166585 0.163193 -0.000457294 0.260576 0.000939936 1.0000 0 0 0 0   0 0 0
156 1 2 0 29 3.78892e-07 0.00349664 0.00702742 50.4 -0.0117049 -0.0166377 0.234169 -0.0279719 0.10577 -0.000537489 1.0000 0 0 0 0   0 0 0
158 1 2 0 29 3.79057e-07 -0.012447 0.00154746 50.4 0.00139628 0.00308018 0.237545 0.0995715 0.149586 -0.000118487 1.0000 0 0 0 0   0 0 0
159 1 2 0 29 3.79026e-07 -0.0196958 -0.00156918 50.4 -0.00388975 0.00214391 0.223459 0.157642 0.174524 0.00012015 1.0000 0 0 0 0   0 0 0
160 1 2 0 29 3.79435e-07 -0.00574112 -0.0178316 50.4 -0.0288922 -0.0017055 0.249558 0.0459434 0.304809 0.00135546 1.0000 0 0 0 0   0 0 0
161 1 2 0 29 3.7914e-07 -0.0253192 0.00285879 50.4 -0.00469664 -0.00514285 0.239286 0.202791 0.139071 -0.000218857 1.0000 0 0 0 0   0 0 0
162 1 2 0 29 3.7915e-07 0.00130796 -0.0100922 50.4 0.0159948 -0.00922068 0.213242 -0.0104632 0.242746 0.000770975 1.0000 0 0 0 0   0 0 0
163 1 2 0 29 3.79382e-07 0.0107224 -0.0168149 50.4 -0.0190199 0.0132948 0.177541 -0.0858233 0.296683 0.00127922 1.0000 0 0 0 0   0 0 0
164 1 2 0 29 3.79195e-07 -0.018626 -0.0219543 50.4 0.000933456 0.00219831 0.176538 0.149224 0.338076 0.00166253 1.0000 0 0 0 0   0 0 0
167 1 2 0 29 3.78919e-07 0.00480356 -0.0219626 50.4 -0.00742075 0.000904117 0.237738 -0.0384613 0.33804 0.00166315 1.0000 0 0 0 0   0 0 0
168 1 2 0 29 3.79047e-07 0.00541001 -0.0310533 50.4 -0.00657853 0.00780848 0.177436 -0.0433505 0.411241 0.00232547 1.0000 0 0 0 0   0 0 0
169 1 2 0 29 3.79077e-07 -0.00020067 0.00511881 50.4 0.0126344 0.000553079 0.180332 0.00160529 0.121027 -0.000391718 1.0000 0 0 0 0   0 0 0
170 1 2 0 29 3.79102e-07 -0.0216642 -0.011156 50.4 0.000213487 -0.00969867 0.176259 0.173498 0.251364 0.000851808 1.0000 0 0 0 0   0 0 0
171 1 2 0 29 3.79469e-07 0.0107843 -0.0195399 50.4 0.00614854 -0.0055158 0.183933 -0.0863468 0.318591 0.00148316 1.0000 0 0 0 0   0 0 0
172 1 2 0 29 3.78816e-07 -0.0213504 -0.00915882 50.4 -0.00842985 0.014235 0.208177 0.170964 0.235342 0.000699963 1.0000 0 0 0 0   0 0 0
174 1 2 0 29 3.79199e-07 -0.0370947 -0.0044944 50.4 0.0220379 -0.01751 0.250653 0.297537 0.198023 0.00034398 1.0000 0 0 0 0   0 0 0
179 1 2 0 29 3.79491e-07 -0.0379288 -0.0370322 50.4 0.0163419 -0.00718099 0.262566 0.305105 0.46049 0.00274686 1.0000 0 0 0 0   0 0 0
180 1 2 0 29 3.79161e-07 0.0212148 -0.0624772 50.4 -0.0216245 -0.00263532 0.260181 -0.171193 0.667887 0.00435941 1.0000 0 0 0 0   0 0 0
181 1 2 0 29 3.7896e-07 -0.00868256 0.00776041 50.4 0.00318162 0.0180501 0.194747 0.0694575 0.0999109 -0.00059343 1.0000 0 0 0 0   0 0 0
182 1 2 0 29 3.78912e-07 -0.00691025 0.00629447 50.4 -0.00471231 -0.00259779 0.221464 0.0552796 0.111629 -0.000481538 1.0000 0 0 0 0   0 0 0
183 1 2 0 29 3.79466e-07 -0.0140689 -0.00838664 50.4 -0.00373899 -0.00396206 0.189135 0.112547 0.229087 0.000641137 1.0000 0 0 0 0   0 0 0
185 1 2 0 29 3.79168e-07 -0.00131714 -0.00237663 50.4 -0.0100003 0.00017534 0.178785 0.0105366 0.180979 0.000181958 1.0000 0 0 0 0   0 0 0
186 1 2 0 29 3.78952e-07 -0.00877814 -0.0326769 50.4 -0.0146475 -0.00148135 0.198661 0.07035 0.424338 0.00244123 1.0000 0 0 0 0   0 0 0
187 1 2 0 29 3.79259e-07 0.000534521 -0.0157726 50.4 -0.0073346 0.017705 0.17907 -0.00427598 0.288255 0.00120087 1.0000 0 0 0 0   0 0 0
189 1 2 0 29 3.79024e-07 -0.00329643 0.00609306 50.4 -0.00830605 0.00375126 0.180976 0.0263704 0.113239 -0.000466163 1.0000 0 0 0 0   0 0 0
192 1 2 0 29 3.78903e-07 0.000199923 -0.00950661 50.4 0.00226746 -0.00910399 0.203673 -0.00159932 0.238055 0.000726458 1.0000 0 0 0 0   0 0 0
193 1 2 0 29 3.78901e-07 -0.0695427 0.00971689 50.4 0.0118138 -0.00931332 0.243401 0.561923 0.0834925 -0.000742455 1.0000 0 0 0 0   0 0 0
194 1 2 0 29 3.79213e-07 0.0163498 -0.0166441 50.4 -0.0107956 0.0212078 0.177758 -0.130923 0.295373 0.00126639 1.0000 0 0 0 0   0 0 0
195 1 2 0 29 3.79281e-07 0.0135117 -0.0214935 50.4 -0.00240682 -0.000386887 0.262916 -0.108219 0.334327 0.00162843 1.0000 0 0 0 0   0 0 0
196 1 2 0 29 3.78973e-07 -0.0494523 0.00625708 50.4 0.0241918 -0.0122499 0.246466 0.397465 0.111692 -0.000478684 1.0000 0 0 0 0   0 0 0
199 1 2 0 29 3.78916e-07 -0.0592517 -0.0123645 50.4 0.0162534 0.00255412 0.246676 0.477578 0.261695 0.000943446 1.0000 0 0 0 0   0 0 0
200 1 2 0 29 3.79362e-07 0.00986125 -0.0166269 50.4 -0.0218058 -0.0108145 0.181616 -0.0789227 0.295163 0.00126509 1.0000 0 0 0 0   0 0 0
0 1 2 0 30 3.86168e-07 -0.00641636 -0.0113534 52.2 0 0 0.204 0 0 0 1.0000 0 0 0 0   0 0 0
2 1 2 0 30 3.86309e-07 -0.0219483 -0.00937053 52.2 0.0143268 0.00117315 0.200123 0.175764 0.237045 0.000716091 1.0000 0 0 0 0   0 0 0
3 1 2 0 30 3.86317e-07 0.0222798 -0.0368771 52.2 0.0131274 -0.0102041 0.199469 -0.178899 0.458703 0.00273612 1.0000 0 0 0 0   0 0 0
4 1 2 0 30 3.86306e-07 0.0133686 -0.0314276 52.2 -0.0151133 0.00490165 0.213695 -0.107148 0.414311 0.00235216 1.0000 0 0 0 0   0 0 0
5 1 2 0 30 3.86394e-07 0.0018699 -0.0450399 52.2 -0.000221694 -0.00716492 0.203979 -0.0150193 0.524664 0.00328922 1.0000 0 0 0 0   0 0 0
6 1 2 0 30 3.86394e-07 -0.0178426 -0.00118176 52.2 -0.00826197 -0.00347227 0.196413 0.142764 0.17142 9.04856e-05 1.0000 0 0 0 0   0 0 0
7 1 2 0 30 3.86209e-07 0.00320395 -0.0103805 52.2 0.0110407 -0.0274746 0.192033 -0.0256305 0.245055 0.000792884 1.0000 0 0 0 0   0 0 0
8 1 2 0 30 3.86226e-07 0.0293668 -0.0137226 52.2 0.000198776 0.00790742 0.206086 -0.235329 0.272017 0.00104625 1.0000 0 0 0 0   0 0 0
9 1 2 0 30 3.86278e-07 0.000267837 -0.001002 52.2 0.0303512 -0.0178848 0.172551 -0.0021426 0.16998 7.67213e-05 1.0000 0 0 0 0   0 0 0
10 1 2 0 30 3.86221e-07 -0.0135606 0.00677169 52.2 0.00519041 -0.0432786 0.199381 0.10848 0.107814 -0.000517967 1.0000 0 0 0 0   0 0 0
11 1 2 0 30 3.86154e-07 0.0327351 0.0449118 52.2 0.00143375 -0.00863504 0.206659 -0.263521 -0.198654 -0.00328077 1.0000 0 0 0 0   0 0 0
12 1 2 0 30 3.85746e-07 -0.0126026 -0.0155342 52.2 0.0261321 0.0249165 0.205548 0.100873 0.286414 0.00118294 1.0000 0 0 0 0   0 0 0
14 1 2 0 30 3.86058e-07 0.0254233 -0.00622747 52.2 -0.00246361 0.0237148 0.179619 -0.203638 0.211863 0.000476423 1.0000 0 0 0 0   0 0 0
15 1 2 0 30 3.85595e-07 -0.0121452 0.0760635 52.2 0.0102216 -0.0410975 0.249217 0.0983614 -0.45149 -0.00506086 1.0000 0 0 0 0   0 0 0
16 1 2 0 30 3.85816e-07 0.0130238 -0.0465465 52.2 -0.000608473 -0.00447963 0.191824 -0.104657 0.536996 0.00338812 1.0000 0 0 0 0   0 0 0
17 1 2 0 30 3.85772e-07 -0.00589429 0.0388494 52.2 7.41872e-06 -0.0456178 0.249522 0.0472971 -0.149076 -0.00287233 1.0000 0 0 0 0   0 0 0
18 1 2 0 30 3.86234e-07 0.0014457 -0.011117 52.2 -0.0401122 0.0159384 0.16914 -0.0115651 0.250954 0.000848849 1.0000 0 0 0 0   0 0 0
19 1 2 0 30 3.86261e-07 -0.00428944 0.010192 52.2 -0.00589414 -0.00431425 0.19301 0.034314 0.08048 -0.000778555 1.0000 0 0 0 0   0 0 0
20 1 2 0 30 3.85983e-07 -0.000400695 0.010109 52.2 -0.033367 -0.00135988 0.204505 0.00320543 0.0811427 -0.000772252 1.0000 0 0 0 0   0 0 0
21 1 2 0 30 3.86125e-07 -0.00407647 -0.0324576 52.2 -0.02236 0.00107076 0.206331 0.0326672 0.422554 0.00242562 1.0000 0 0 0 0   0 0 0
22 1 2 0 30 3.86274e-07 -0.0066305 -0.00587006 52.2 0.00752414 0.00638379 0.20632 0.0530417 0.208938 0.000449139 1.0000 0 0 0 0   0 0 0
23 1 2 0 30 3.86269e-07 -0.0284518 0.0256898 52.2 0.00247765 -0.00461169 0.214571 0.22826 -0.0438304 -0.00193743 1.0000 0 0 0 0   0 0 0
24 1 2 0 30 3.86248e-07 -0.0311853 -0.0158656 52.2 0.0186218 0.00262845 0.208995 0.25 0.289269 0.00120786 1.0000 0 0 0 0   0 0 0
25 1 2 0 30 3.86133e-07 0.0198416 -0.00546313 52.2 -0.00283358 -0.0163907 0.19801 -0.158829 0.205709 0.000418042 1.0000 0 0 0 0   0 0 0
26 1 2 0 30 3.86206e-07 0.0614098 0.00792766 52.2 -0.00953189 -0.00464419 0.224866 -0.495129 0.0980746 -0.000606171 1.0000 0 0 0 0   0 0 0
27 1 2 0 30 3.86131e-07 -0.0133011 -0.0181493 52.2 -0.00150271 0.0152394 0.183242 0.1065 0.307436 0.00137923 1.0000 0 0 0 0   0 0 0
28 1 2 0 30 3.85611e-07 0.0340941 -0.00313807 52.2 -0.00348847 0.000783753 0.19625 -0.273267 0.18712 0.000240231 1.0000 0 0 0 0   0 0 0
29 1 2 0 30 3.85784e-07 0.0173492 0.000826642 52.2 0.0195633 0.0224675 0.185693 -0.138802 0.155351 -6.3295e-05 1.0000 0 0 0 0   0 0 0
33 1 2 0 30 3.86065e-07 0.0138449 -0.0122779 52.2 0.0147281 0.00416946 0.169322 -0.11079 0.260284 0.000936885 1.0000 0 0 0 0   0 0 0
36 1 2 0 30 3.85776e-07 0.00752152 -0.0210923 52.2 0.0191091 -0.0126263 0.173021 -0.0602229 0.331052 0.00159873 1.0000 0 0 0 0   0 0 0
37 1 2 0 30 3.85981e-07 0.0153485 -0.0621203 52.2 0.00399043 0.00134382 0.196797 -0.123806 0.664788 0.0043393 1.0000 0 0 0 0   0 0 0
38 1 2 0 30 3.86164e-07 -0.0306662 -0.00376184 52.2 0.0146848 -0.00142729 0.194689 0.24572 0.192113 0.000287968 1.0000 0 0 0 0   0 0 0
40 1 2 0 30 3.86069e-07 -0.0188283 -0.0117361 52.2 0.0095085 0.0020061 0.209671 0.150749 0.255994 0.000895844 1.0000 0 0 0 0   0 0 0
41 1 2 0 30 3.86044e-07 -0.00505878 0.0190039 52.2 -0.0106856 -0.0104251 0.185307 0.0404892 0.0100299 -0.00144318 1.0000 0 0 0 0   0 0 0
42 1 2 0 30 3.86148e-07 -0.0363829 -0.00599644 52.2 0.00321814 -0.00875955 0.192843 0.291796 0.210073 0.000458787 1.0000 0 0 0 0   0 0 0
44 1 2 0 30 3.85929e-07 -0.0335347 -0.00979609 52.2 0.00220179 0.0106875 0.1921 0.268831 0.240539 0.000748473 1.0000 0 0 0 0   0 0 0
46 1 2 0 30 3.8567e-07 -0.0220354 -0.00558513 52.2 0.00297584 0.0106373 0.206761 0.176439 0.206699 0.000427369 1.0000 0 0 0 0   0 0 0
48 1 2 0 30 3.85871e-07 0.00917995 -0.0299961 52.2 0.00166772 0.0186439 0.204472 -0.0735585 0.402738 0.00224963 1.0000 0 0 0 0   0 0 0
49 1 2 0 30 3.85688e-07 0.0161525 -0.0178161 52.2 -0.0166577 -0.00295816 0.211338 -0.129353 0.304787 0.0013543 1.0000 0 0 0 0   0 0 0
51 1 2 0 30 3.85824e-07 -0.0181704 -0.037328 52.2 0.0106166 0.0678308 0.223422 0.145864 0.462259 0.00276734 1.0000 0 0 0 0   0 0 0
52 1 2 0 30 3.85524e-07 -0.00302003 -0.0211971 52.2 0.00236694 0.00268709 0.199685 0.0241777 0.331872 0.00160649 1.0000 0 0 0 0   0 0 0
53 1 2 0 30 3.86158e-07 -0.0122802 0.0151053 52.2 0.00181126 0.00941177 0.197898 0.0982843 0.0411749 -0.00115063 1.0000 0 0 0 0   0 0 0
54 1 2 0 30 3.86058e-07 -0.0107284 0.0235882 52.2 -0.0133774 0.0104641 0.193384 0.0859308 -0.0267116 -0.00178322 1.0000 0 0 0 0   0 0 0
55 1 2 0 30 3.86108e-07 0.00211089 -0.00127433 52.2 -0.00449318 0.0115398 0.181899 -0.0168864 0.172159 9.75736e-05 1.0000 0 0 0 0   0 0 0
56 1 2 0 30 3.86209e-07 0.0068607 0.0143179 52.2 0.00697747 0.00538139 0.197156 -0.0548832 0.0475215 -0.00109119 1.0000 0 0 0 0   0 0 0
57 1 2 0 30 3.86129e-07 -0.0410175 -0.00839057 52.2 0.00277004 -0.00296176 0.189412 0.32929 0.229356 0.000641436 1.0000 0 0 0 0   0 0 0
58 1 2 0 30 3.85958e-07 -0.00684888 0.00121996 52.2 0.006338 0.0076888 0.180276 0.0547887 0.152205 -9.3411e-05 1.0000 0 0 0 0   0 0 0
59 1 2 0 30 3.86286e-07 0.0068878 -0.0037311 52.2 -0.00622347 0.00192957 0.206619 -0.0551001 0.191818 0.000285615 1.0000 0 0 0 0   0 0 0
60 1 2 0 30 3.86212e-07 -0.00251602 0.00214324 52.2 -0.00432105 -0.000784405 0.196954 0.0201273 0.14482 -0.000164097 1.0000 0 0 0 0   0 0 0
61 1 2 0 30 3.86233e-07 0.00593776 -0.0212461 52.2 -0.00653834 -0.0116216 0.190613 -0.0475402 0.332279 0.00161012 1.0000 0 0 0 0   0 0 0
62 1 2 0 30 3.86073e-07 -0.0101712 -0.00580217 52.2 -0.00340914 0.00490185 0.174272 0.0813661 0.208395 0.000443957 1.0000 0 0 0 0   0 0 0
63 1 2 0 30 3.86087e-07 -0.0122288 0.000837037 52.2 0.0247444 0.0042103 0.18368 0.0978261 0.155268 -6.40909e-05 1.0000 0 0 0 0   0 0 0
64 1 2 0 30 3.85764e-07 -0.0268903 -0.0176349 52.2 0.0184027 -0.011406 0.233357 0.215481 0.303423 0.00134075 1.0000 0 0 0 0   0 0 0
66 1 2 0 30 3.85797e-07 0.0145032 -0.00705171 52.2 0.00507465 -0.00183866 0.195096 -0.116021 0.218398 0.000539343 1.0000 0 0 0 0   0 0 0
67 1 2 0 30 3.85763e-07 0.00885299 -0.000607495 52.2 0.00700804 -0.00644857 0.200129 -0.0708209 0.166824 4.65149e-05 1.0000 0 0 0 0   0 0 0
68 1 2 0 30 3.85391e-07 0.0745976 0.000376881 52.2 -0.0238543 -0.00873211 0.247363 -0.603686 0.158914 -2.88574e-05 1.0000 0 0 0 0   0 0 0
69 1 2 0 30 3.86039e-07 0.0161226 -0.0108826 52.2 0.0265279 0.0458385 0.209804 -0.129037 0.249118 0.000831038 1.0000 0 0 0 0   0 0 0
70 1 2 0 30 3.85851e-07 -0.0338027 -0.0342309 52.2 -0.00362443 -0.00062269 0.220402 0.271623 0.437571 0.00255104 1.0000 0 0 0 0   0 0 0
72 1 2 0 30 3.85735e-07 -0.030024 -0.00304533 52.2 -0.0224733 0.0276102 0.191206 0.240563 0.186368 0.000233133 1.0000 0 0 0 0   0 0 0
74 1 2 0 30 3.86307e-07 -0.00724694 -0.0149741 52.2 0.0036524 0.000605165 0.208161 0.0579731 0.281856 0.00114072 1.0000 0 0 0 0   0 0 0
75 1 2 0 30 3.86194e-07 -0.0155214 0.00552806 52.2 -0.0115827 0.00851234 0.186465 0.124166 0.117755 -0.000423006 1.0000 0 0 0 0   0 0 0
76 1 2 0 30 3.86151e-07 -0.0108427 -0.0129012 52.2 0.00574003 0.00901001 0.1809 0.0867379 0.265247 0.000984107 1.0000 0 0 0 0   0 0 0
77 1 2 0 30 3.86353e-07 0.00147863 -0.0188133 52.2 0.0104041 0.000258863 0.200377 -0.0118331 0.312686 0.00142892 1.0000 0 0 0 0   0 0 0
78 1 2 0 30 3.86316e-07 0.00509154 -0.0150557 52.2 -0.00269701 -0.00665735 0.198388 -0.0407306 0.28251 0.00114688 1.0000 0 0 0 0   0 0 0
79 1 2 0 30 3.86234e-07 0.0186029 -0.00314577 52.2 -0.0133856 0.000646688 0.194401 -0.148873 0.187143 0.00024082 1.0000 0 0 0 0   0 0 0
80 1 2 0 30 3.86237e-07 -0.00241666 -0.00894672 52.2 -0.00495532 -0.00833277 0.181738 0.0193324 0.233572 0.000683805 1.0000 0 0 0 0   0 0 0
81 1 2 0 30 3.86415e-07 0.0257247 -0.0295043 52.2 0.0141352 -0.000210078 0.196618 -0.206415 0.39911 0.00221426 1.0000 0 0 0 0   0 0 0
82 1 2 0 30 3.86245e-07 -0.0231707 -0.0152924 52.2 0.00231696 -0.0110704 0.199438 0.185619 0.284579 0.00116475 1.0000 0 0 0 0   0 0 0
83 1 2 0 30 3.86304e-07 0.000174252 -0.00865666 52.2 0.00223747 -0.000394197 0.193017 -0.00139396 0.231249 0.000661707 1.0000 0 0 0 0   0 0 0
85 1 2 0 30 3.8623e-07 -0.00437839 -0.0195857 52.2 0.00160039 -0.00245546 0.200018 0.0350457 0.318911 0.00148657 1.0000 0 0 0 0   0 0 0
86 1 2 0 30 3.86143e-07 0.0144941 -0.00850416 52.2 0.0198502 -0.00167408 0.190214 -0.115948 0.230028 0.00065009 1.0000 0 0 0 0   0 0 0
87 1 2 0 30 3.86138e-07 -0.0245373 0.0130477 52.2 0.00881591 0.00232736 0.201173 0.196567 0.0575186 -0.000995202 1.0000 0 0 0 0   0 0 0
88 1 2 0 30 3.86182e-07 -0.0457964 0.0109267 52.2 -0.00715583 0.00409989 0.204099 0.367949 0.0742295 -0.000834386 1.0000 0 0 0 0   0 0 0
89 1 2 0 30 3.86325e-07 0.0101873 -0.0106154 52.2 0.0359359 -0.0144489 0.210553 -0.0814946 0.246936 0.000810733 1.0000 0 0 0 0   0 0 0
90 1 2 0 30 3.85804e-07 0.0267315 -0.0088533 52.2 0.00551293 -0.00120676 0.199706 -0.214151 0.232926 0.000676688 1.0000 0 0 0 0   0 0 0
91 1 2 0 30 3.86257e-07 -0.00579737 -0.0191931 52.2 -0.00318118 0.000662825 0.191875 0.0464034 0.315761 0.00145734 1.0000 0 0 0 0   0 0 0
92 1 2 0 30 3.86014e-07 0.00829782 -0.0167059 52.2 -0.0318744 0.0233167 0.208834 -0.0664025 0.295781 0.00127103 1.0000 0 0 0 0   0 0 0
93 1 2 0 30 3.86368e-07 0.00666032 -0.0256882 52.2 -0.00174824 -0.0169304 0.197778 -0.05335 0.368036 0.00193731 1.0000 0 0 0 0   0 0 0
94 1 2 0 30 3.86288e-07 0.00258854 -0.0187722 52.2 0.0114963 -0.00512727 0.201853 -0.0207156 0.312358 0.00142585 1.0000 0 0 0 0   0 0 0
95 1 2 0 30 3.86358e-07 0.0243698 -0.0116792 52.2 -0.00270452 -0.0301241 0.187438 -0.195214 0.255583 0.000891532 1.0000 0 0 0 0   0 0 0
96 1 2 0 30 3.87997e-07 -0.029691 -0.0246807 52.2 -0.0307441 0.0015763 0.1441 0.238214 0.360263 0.00186358 1.0000 0 0 0 0   0 0 0
97 1 2 0 30 3.86348e-07 0.00989949 -0.0194953 52.2 0.00367871 -0.000806018 0.19132 -0.0792575 0.318224 0.00147984 1.0000 0 0 0 0   0 0 0
98 1 2 0 30 3.86292e-07 0.0203262 -0.026966 52.2 -0.00211672 -0.0216095 0.188471 -0.162896 0.378409 0.00203061 1.0000 0 0 0 0   0 0 0
99 1 2 0 30 3.86128e-07 0.00167785 -0.0166404 52.2 -0.0142064 0.00107644 0.181864 -0.0134222 0.295211 0.00126611 1.0000 0 0 0 0   0 0 0
100 1 2 0 30 3.86238e-07 0.0129807 -0.0304379 52.2 -0.0161715 -0.00813141 0.201793 -0.104024 0.406316 0.00228142 1.0000 0 0 0 0   0 0 0
101 1 2 0 30 3.86222e-07 0.0333062 -0.0140657 52.2 0.0240974 0.0238753 0.189786 -0.267077 0.274847 0.00107215 1.0000 0 0 0 0   0 0 0
102 1 2 0 30 3.86156e-07 -0.0264884 0.025224 52.2 -0.0136229 0.0402739 0.238504 0.212427 -0.0400272 -0.0019034 1.0000 0 0 0 0   0 0 0
104 1 2 0 30 3.85591e-07 -0.0219433 0.00836615 52.2 0.00355187 0.00337447 0.204262 0.175717 0.0950024 -0.000639576 1.0000 0 0 0 0   0 0 0
105 1 2 0 30 3.8584e-07 -0.0147593 -0.00198073 52.2 -0.008386 -0.0134993 0.193584 0.118069 0.17781 0.000151659 1.0000 0 0 0 0   0 0 0
106 1 2 0 30 3.85885e-07 -0.00907059 -0.00609084 52.2 0.00392061 -0.0111166 0.234896 0.0725617 0.210706 0.000465993 1.0000 0 0 0 0   0 0 0
108 1 2 0 30 3.87269e-07 -0.0146144 -0.0359679 52.2 -0.0258423 0.0166932 0.199948 0.117258 0.451149 0.0026728 1.0000 0 0 0 0   0 0 0
109 1 2 0 30 3.85819e-07 -0.0183398 0.00509686 52.2 0.0587622 0.00662544 0.213505 0.146772 0.121186 -0.000390039 1.0000 0 0 0 0   0 0 0
110 1 2 0 30 3.86166e-07 -0.0321764 0.00369253 52.2 -0.0127861 -0.0100186 0.263445 0.257844 0.13238 -0.000282664 1.0000 0 0 0 0   0 0 0
111 1 2 0 30 3.85997e-07 -0.0115794 0.0127981 52.2 -0.016619 0.00552399 0.260586 0.0926387 0.0596515 -0.000976295 1.0000 0 0 0 0   0 0 0
115 1 2 0 30 3.85655e-07 -0.00342507 -0.00622492 52.2 0.0129211 0.0269786 0.204468 0.0273994 0.211779 0.000476228 1.0000 0 0 0 0   0 0 0
116 1 2 0 30 3.85969e-07 -0.0138514 0.0369441 52.2 -0.0213339 -0.0426697 0.249981 0.11115 -0.133862 -0.00274076 1.0000 0 0 0 0   0 0 0
117 1 2 0 30 3.86207e-07 0.000807996 -0.0232237 52.2 -0.00504444 0.0274928 0.202419 -0.00647006 0.348179 0.0017564 1.0000 0 0 0 0   0 0 0
118 1 2 0 30 3.86468e-07 -0.0553246 -0.0363148 52.2 0.0117605 0.017685 0.225303 0.446459 0.455626 0.00269707 1.0000 0 0 0 0   0 0 0
119 1 2 0 30 3.85766e-07 9.19218e-05 -0.0148071 52.2 0.00765764 0.00651387 0.225179 -0.000735343 0.280518 0.00112811 1.0000 0 0 0 0   0 0 0
121 1 2 0 30 3.85733e-07 0.0204979 0.0354757 52.2 -0.00423214 0.00396409 0.224017 -0.164531 -0.122209 -0.00263836 1.0000 0 0 0 0   0 0 0
122 1 2 0 30 3.85815e-07 -0.00600095 -0.0118439 52.2 0.0141404 0.00294689 0.199665 0.0480056 0.256777 0.000904009 1.0000 0 0 0 0   0 0 0
126 1 2 0 30 3.85921e-07 0.000348476 0.00796942 52.2 0.0207318 0.0177593 0.245006 -0.00278769 0.0982407 -0.000609352 1.0000 0 0 0 0   0 0 0
127 1 2 0 30 3.85804e-07 -0.033356 -0.0126324 52.2 0.00292798 0.00216679 0.233175 0.267446 0.263324 0.000963741 1.0000 0 0 0 0   0 0 0
128 1 2 0 30 3.86286e-07 0.00300294 -0.025114 52.2 -0.0070787 0.00174192 0.255775 -0.0240513 0.3634 0.00189536 1.0000 0 0 0 0   0 0 0
129 1 2 0 30 3.85882e-07 -0.0202912 -0.00745948 52.2 0.024579 -0.00335945 0.233664 0.162451 0.22171 0.000570471 1.0000 0 0 0 0   0 0 0
131 1 2 0 30 3.85934e-07 -0.0142794 0.00831076 52.2 0.00393921 -0.0164504 0.250967 0.114231 0.0955128 -0.000635356 1.0000 0 0 0 0   0 0 0
133 1 2 0 30 3.86326e-07 0.0307223 -0.0123959 52.2 -0.0183462 0.00407707 0.199111 -0.246202 0.261373 0.000945823 1.0000 0 0 0 0   0 0 0
134 1 2 0 30 3.85679e-07 0.0106942 -0.00614056 52.2 -0.0134535 0.015082 0.201432 -0.0855497 0.211104 0.000469788 1.0000 0 0 0 0   0 0 0
135 1 2 0 30 3.86305e-07 -0.00965178 -0.0338759 52.2 0.0175793 -0.00822805 0.177217 0.0773789 0.43408 0.00252595 1.0000 0 0 0 0   0 0 0
136 1 2 0 30 3.8612e-07 0.00140526 -0.0167234 52.2 -0.015389 -0.0178821 0.179214 -0.0112416 0.295876 0.00127235 1.0000 0 0 0 0   0 0 0
137 1 2 0 30 3.85635e-07 -0.00628977 -0.00259675 52.2 -0.00729859 0.0164854 0.195533 0.050316 0.18274 0.000198803 1.0000 0 0 0 0   0 0 0
138 1 2 0 30 3.85704e-07 -0.0170524 -0.00860356 52.2 -0.00972497 0.0157161 0.199735 0.136471 0.230853 0.000657662 1.0000 0 0 0 0   0 0 0
139 1 2 0 30 3.85882e-07 -0.0266255 0.0100311 52.2 -0.00156441 0.00237202 0.177022 0.213307 0.0816475 -0.000766334 1.0000 0 0 0 0   0 0 0
140 1 2 0 30 3.86091e-07 -0.00304513 -0.0160368 52.2 0.013327 -0.00228182 0.169091 0.02436 0.290373 0.00122073 1.0000 0 0 0 0   0 0 0
141 1 2 0 30 3.85817e-07 -0.0423874 0.00579252 52.2 -0.000479309 -0.00183141 0.190481 0.34034 0.115469 -0.000443221 1.0000 0 0 0 0   0 0 0
143 1 2 0 30 3.8608e-07 0.00538497 -0.00672778 52.2 0.00385435 0.00755729 0.16875 -0.0430779 0.215805 0.000514615 1.0000 0 0 0 0   0 0 0
144 1 2 0 30 3.86269e-07 0.0160791 -0.0115189 52.2 -0.00619023 -0.00138886 0.203173 -0.128695 0.254222 0.000879389 1.0000 0 0 0 0   0 0 0
145 1 2 0 30 3.86368e-07 0.0314683 -0.0294272 52.2 0.00979047 0.0076489 0.192668 -0.25268 0.398656 0.00220871 1.0000 0 0 0 0   0 0 0
146 1 2 0 30 3.86392e-07 0.00534639 -0.0185383 52.2 0.00148035 0.00312557 0.197809 -0.0427885 0.310491 0.00140834 1.0000 0 0 0 0   0 0 0
147 1 2 0 30 3.86377e-07 -0.0246087 -0.00267285 52.2 -0.00671827 0.00944378 0.213154 0.197086 0.183374 0.000204628 1.0000 0 0 0 0   0 0 0
148 1 2 0 30 3.86325e-07 -0.0109699 0.0259694 52.2 0.00231806 -0.00160978 0.204644 0.0878821 -0.0457693 -0.00195786 1.0000 0 0 0 0   0 0 0
149 1 2 0 30 3.86316e-07 0.000478767 -0.011312 52.2 0.0085442 0.0132677 0.194627 -0.00382997 0.252516 0.000863668 1.0000 0 0 0 0   0 0 0
150 1 2 0 30 3.86354e-07 -0.00449098 -0.00345156 52.2 0.00626057 0.0129409 0.191134 0.0359263 0.189581 0.000264222 1.0000 0 0 0 0   0 0 0
151 1 2 0 30 3.86234e-07 0.0122896 0.0024947 52.2 -0.0133042 -0.00109074 0.194733 -0.0983123 0.14201 -0.000190993 1.0000 0 0 0 0   0 0 0
152 1 2 0 30 3.86312e-07 -0.00541549 -0.00499421 52.2 0.00695236 0.00654221 0.199727 0.0433221 0.201927 0.000382191 1.0000 0 0 0 0   0 0 0
153 1 2 0 30 3.85784e-07 0.00545373 -0.0101687 52.2 0.0128149 -0.0193164 0.199764 -0.043628 0.243358 0.00077679 1.0000 0 0 0 0   0 0 0
155 1 2 0 30 3.87949e-07 -0.0373217 -0.0264168 52.2 -0.0729768 -0.0213221 0.134049 0.299802 0.374492 0.00199054 1.0000 0 0 0 0   0 0 0
156 1 2 0 30 3.8562e-07 -0.00862366 -0.0101858 52.2 0.0115822 0.0216536 0.202638 0.0689863 0.243495 0.000778083 1.0000 0 0 0 0   0 0 0
158 1 2 0 30 3.8571e-07 -0.00942953 -0.021722 52.2 0.000955723 0.00472234 0.21219 0.075511 0.336132 0.00164534 1.0000 0 0 0 0   0 0 0
159 1 2 0 30 3.85781e-07 0.00672692 -0.013523 52.2 -0.00158834 0.0075444 0.199157 -0.053813 0.270228 0.00103119 1.0000 0 0 0 0   0 0 0
160 1 2 0 30 3.86046e-07 -0.0176039 -0.00331548 52.2 0.0281896 -0.00241602 0.24481 0.140855 0.188497 0.000253808 1.0000 0 0 0 0   0 0 0
161 1 2 0 30 3.85781e-07 0.00513554 -0.0160707 52.2 -0.00224243 0.011529 0.219715 -0.0410825 0.290645 0.00122328 1.0000 0 0 0 0   0 0 0
162 1 2 0 30 3.85906e-07 -0.0306496 -0.00437929 52.2 -0.00971997 0.0033176 0.197894 0.245588 0.197063 0.000335179 1.0000 0 0 0 0   0 0 0
163 1 2 0 30 3.86417e-07 0.018572 -0.0324983 52.2 0.00741515 -0.00827773 0.187875 -0.148969 0.423126 0.00242853 1.0000 0 0 0 0   0 0 0
164 1 2 0 30 3.86259e-07 0.000438488 -0.0119873 52.2 -0.0193211 -0.0102123 0.173983 -0.00350776 0.257925 0.000914871 1.0000 0 0 0 0   0 0 0
167 1 2 0 30 3.85608e-07 -0.0164586 -0.0020986 52.2 0.0141214 -0.00710829 0.204939 0.131663 0.178754 0.00016068 1.0000 0 0 0 0   0 0 0
168 1 2 0 30 3.86158e-07 0.00624495 -0.0235422 52.2 -0.00159382 -0.0162263 0.167267 -0.0500127 0.350759 0.00177983 1.0000 0 0 0 0   0 0 0
169 1 2 0 30 3.86145e-07 -0.0113163 -0.00574814 52.2 -0.00252964 0.0142206 0.168034 0.0905268 0.207962 0.000439832 1.0000 0 0 0 0   0 0 0
170 1 2 0 30 3.86212e-07 -0.00749541 -0.000869552 52.2 -0.0263086 -0.00411345 0.16592 0.0599607 0.16892 6.65803e-05 1.0000 0 0 0 0   0 0 0
171 1 2 0 30 3.86387e-07 -0.0137618 0.00212857 52.2 0.00545819 -0.00830902 0.195338 0.110089 0.144938 -0.000162974 1.0000 0 0 0 0   0 0 0
172 1 2 0 30 3.85733e-07 0.0177337 -0.0225165 52.2 -0.00613404 -0.00314221 0.177262 -0.142073 0.342591 0.00170415 1.0000 0 0 0 0   0 0 0
174 1 2 0 30 3.85776e-07 0.00135352 -0.0107684 52.2 -0.0258007 0.0205375 0.233538 -0.0108277 0.248161 0.000822354 1.0000 0 0 0 0   0 0 0
179 1 2 0 30 3.85982e-07 0.00645529 0.0144401 52.2 -0.0182164 0.00623155 0.262161 -0.0516402 0.0465454 -0.00110041 1.0000 0 0 0 0   0 0 0
180 1 2 0 30 3.85789e-07 -0.0436654 0.0417996 52.2 0.0266054 -0.00508515 0.24073 0.351943 -0.174137 -0.00307312 1.0000 0 0 0 0   0 0 0
181 1 2 0 30 3.85953e-07 0.00234506 -0.0299107 52.2 -0.00653072 0.0105869 0.172813 -0.0187892 0.402031 0.00224349 1.0000 0 0 0 0   0 0 0
182 1 2 0 30 3.85697e-07 -0.000971255 -0.0152733 52.2 0.00135714 0.0147806 0.191399 0.00776971 0.284253 0.00116331 1.0000 0 0 0 0   0 0 0
183 1 2 0 30 3.86348e-07 0.00671002 -0.0114208 52.2 -0.00843081 -0.00234835 0.197137 -0.0536779 0.253387 0.00087193 1.0000 0 0 0 0   0 0 0
185 1 2 0 30 3.86216e-07 0.010202 -0.0106163 52.2 -0.00633717 0.00288949 0.175697 -0.0816123 0.246944 0.000810802 1.0000 0 0 0 0   0 0 0
186 1 2 0 30 3.85917e-07 0.0156234 -0.00418725 52.2 -0.00484389 -0.0180414 0.177623 -0.124982 0.195468 0.000320498 1.0000 0 0 0 0   0 0 0
187 1 2 0 30 3.86278e-07 0.00696029 -0.0318338 52.2 -0.00307604 -0.00636278 0.181432 -0.0557765 0.417534 0.00238113 1.0000 0 0 0 0   0 0 0
189 1 2 0 30 3.86114e-07 0.00413307 -0.00898206 52.2 -0.0101559 0.0161816 0.166689 -0.0330631 0.233855 0.000686497 1.0000 0 0 0 0   0 0 0
192 1 2 0 30 3.85804e-07 -0.006584 0.00605382 52.2 0.00375575 0.00802634 0.175649 0.0526698 0.113552 -0.000463167 1.0000 0 0 0 0   0 0 0
193 1 2 0 30 3.85614e-07 0.0310915 -0.0136205 52.2 -0.0314755 0.0153472 0.210929 -0.249181 0.271211 0.00103855 1.0000 0 0 0 0   0 0 0
194 1 2 0 30 3.86284e-07 0.0136989 -0.0371087 52.2 0.0119586 -0.009146 0.177185 -0.109928 0.460384 0.00275216 1.0000 0 0 0 0   0 0 0
195 1 2 0 30 3.85805e-07 -0.0473015 -0.00124132 52.2 0.00508507 -0.000373882 0.247792 0.380054 0.171938 9.50464e-05 1.0000 0 0 0 0   0 0 0
196 1 2 0 30 3.85604e-07 0.0105145 -0.0168765 52.2 -0.0300217 0.00968408 0.217305 -0.0841586 0.297177 0.00128386 1.0000 0 0 0 0   0 0 0
199 1 2 0 30 3.85579e-07 0.020468 -0.00646582 52.2 -0.0255417 -0.000286065 0.21171 -0.163863 0.213747 0.000494618 1.0000 0 0 0 0   0 0 0
200 1 2 0 30 3.86377e-07 0.0221308 0.000199119 52.2 0.00326499 -0.0102424 0.191887 -0.17719 0.160369 -1.52464e-05 1.0000 0 0 0 0   0 0 0
0 1 2 0 31 3.9293e-07 -0.00641636 -0.0113534 54 0 0 0.204 0 0 0 1.0000 0 0 0 0   0 0 0
2 1 2 0 31 3.93077e-07 -0.010632 -0.0121187 54 -0.0154941 -0.000261383 0.2085 0.0850523 0.258978 0.000924828 1.0000 0 0 0 0   0 0 0
3 1 2 0 31 3.9314e-07 -0.034864 0.0268408 54 0.0141599 -0.000736739 0.210883 0.279987 -0.0532556 -0.00202151 1.0000 0 0 0 0   0 0 0
4 1 2 0 31 3.93052e-07 -0.012434 0.00276769 54 0.0176762 -0.0165865 0.220333 0.0994675 0.139827 -0.000211885 1.0000 0 0 0 0   0 0 0
5 1 2 0 31 3.93175e-07 -0.0102067 0.0250111 54 0.0012661 -0.0147582 0.216975 0.0817607 -0.038096 -0.00188785 1.0000 0 0 0 0   0 0 0
6 1 2 0 31 3.93205e-07 0.00901593 -0.0141584 54 -0.00660286 0.00598962 0.209366 -0.0721243 0.275319 0.00107915 1.0000 0 0 0 0   0 0 0
7 1 2 0 31 3.93072e-07 -0.0193464 0.0230368 54 0.000319592 0.00653834 0.202971 0.155009 -0.0223673 -0.00174266 1.0000 0 0 0 0   0 0 0
8 1 2 0 31 3.93026e-07 -0.0318438 -0.0132448 54 0.0152819 -0.00548583 0.20819 0.255247 0.26821 0.00101013 1.0000 0 0 0 0   0 0 0
9 1 2 0 31 3.9329e-07 -0.0366933 0.0166254 54 -0.00110875 0.00075639 0.19011 0.294491 0.0286619 -0.00126498 1.0000 0 0 0 0   0 0 0
10 1 2 0 31 3.9307e-07 -0.00336388 0.0239237 54 -0.00593645 0.0295461 0.208641 0.0269391 -0.0293585 -0.00180789 1.0000 0 0 0 0   0 0 0
11 1 2 0 31 3.93054e-07 -0.0245608 -0.0286563 54 0.0199162 0.0372285 0.202497 0.197019 0.392216 0.00215317 1.0000 0 0 0 0   0 0 0
12 1 2 0 31 3.92597e-07 -0.0270606 -0.0387367 54 -0.0174985 -0.01817 0.183675 0.217422 0.473892 0.00286461 1.0000 0 0 0 0   0 0 0
14 1 2 0 31 3.93099e-07 1.92168e-05 -0.0360207 54 0.0157546 -0.000712058 0.180282 -0.000154092 0.451399 0.0026765 1.0000 0 0 0 0   0 0 0
15 1 2 0 31 3.92452e-07 -0.00796891 -0.0380998 54 -0.0236647 0.0725184 0.210843 0.0639396 0.468332 0.00282078 1.0000 0 0 0 0   0 0 0
16 1 2 0 31 3.92851e-07 0.001231 0.000940746 54 0.0123844 -0.0248929 0.174598 -0.00984759 0.154439 -7.20318e-05 1.0000 0 0 0 0   0 0 0
17 1 2 0 31 3.9251e-07 -0.0125782 -0.0265355 54 -0.00454356 0.0615226 0.219959 0.100775 0.374891 0.00199921 1.0000 0 0 0 0   0 0 0
18 1 2 0 31 3.93465e-07 0.0360271 -0.0395271 54 -0.0219154 0.00739977 0.18837 -0.289848 0.480692 0.00291873 1.0000 0 0 0 0   0 0 0
19 1 2 0 31 3.93111e-07 0.00201919 -0.0167708 54 0.00459476 0.014471 0.202241 -0.0161529 0.296256 0.00127591 1.0000 0 0 0 0   0 0 0
20 1 2 0 31 3.92895e-07 0.0333527 -0.0167021 54 0.0170969 0.0136972 0.198741 -0.267519 0.29606 0.00127075 1.0000 0 0 0 0   0 0 0
21 1 2 0 31 3.92966e-07 0.0200515 -0.000686031 54 0.00852851 -0.0157842 0.207677 -0.160497 0.167455 5.25284e-05 1.0000 0 0 0 0   0 0 0
22 1 2 0 31 3.93008e-07 -0.0166314 -0.0213326 54 -0.00442225 -0.00443496 0.212937 0.133225 0.33306 0.00161652 1.0000 0 0 0 0   0 0 0
23 1 2 0 31 3.93004e-07 0.00312589 -0.0374668 54 -0.0094502 0.0187065 0.218635 -0.0250741 0.463149 0.00277695 1.0000 0 0 0 0   0 0 0
24 1 2 0 31 3.92977e-07 -0.00718252 -0.00674043 54 -0.0258023 -0.000210714 0.212292 0.0574578 0.215906 0.000515581 1.0000 0 0 0 0   0 0 0
25 1 2 0 31 3.92988e-07 -0.0143693 0.00480948 54 0.0156435 0.0043294 0.199708 0.114949 0.1235 -0.000368069 1.0000 0 0 0 0   0 0 0
26 1 2 0 31 3.92985e-07 -0.0556202 -0.0195101 54 0.0378937 0.0132373 0.226287 0.448139 0.319336 0.00148094 1.0000 0 0 0 0   0 0 0
27 1 2 0 31 3.93098e-07 0.00623452 -0.029695 54 -0.00755372 -0.00826891 0.188164 -0.0499536 0.400302 0.00222797 1.0000 0 0 0 0   0 0 0
28 1 2 0 31 3.92679e-07 0.013801 -0.00206281 54 0.0295395 0.0110976 0.166953 -0.110403 0.178467 0.000157941 1.0000 0 0 0 0   0 0 0
29 1 2 0 31 3.92857e-07 -0.0152194 -0.0327847 54 0.0125351 0.0102167 0.171008 0.122042 0.425356 0.00244885 1.0000 0 0 0 0   0 0 0
33 1 2 0 31 3.93162e-07 -0.0126226 -0.0158578 54 0.0105213 -0.00289583 0.173669 0.101037 0.289015 0.00120728 1.0000 0 0 0 0   0 0 0
36 1 2 0 31 3.92957e-07 -0.0106459 -0.00408583 54 0.01118 -0.0156152 0.162448 0.0851639 0.194657 0.000312743 1.0000 0 0 0 0   0 0 0
37 1 2 0 31 3.92944e-07 -0.0129138 0.00820467 54 0.00809445 -0.0357977 0.189952 0.103306 0.0963606 -0.000627274 1.0000 0 0 0 0   0 0 0
38 1 2 0 31 3.93e-07 -0.0083663 -0.0128694 54 -0.022145 0.00531543 0.196676 0.0669276 0.264992 0.000981696 1.0000 0 0 0 0   0 0 0
40 1 2 0 31 3.92825e-07 -0.00470069 -0.0108032 54 -0.0084131 -0.000310724 0.203752 0.0376039 0.24844 0.000825002 1.0000 0 0 0 0   0 0 0
41 1 2 0 31 3.93039e-07 0.0124112 -0.00164316 54 -0.00478 0.0251633 0.184682 -0.0992851 0.17511 0.000125815 1.0000 0 0 0 0   0 0 0
42 1 2 0 31 3.93033e-07 0.0107108 -0.00250263 54 -0.0234285 0.00591391 0.195421 -0.085683 0.181987 0.0001916 1.0000 0 0 0 0   0 0 0
44 1 2 0 31 3.92877e-07 0.00411504 -0.0240636 54 -0.0254584 -0.00114013 0.181408 -0.0329555 0.354948 0.00181819 1.0000 0 0 0 0   0 0 0
46 1 2 0 31 3.92546e-07 0.00328068 -0.0198936 54 -0.0113341 0.000349778 0.178092 -0.0262597 0.321383 0.00150949 1.0000 0 0 0 0   0 0 0
48 1 2 0 31 3.92732e-07 -0.00945899 -0.022116 54 0.00744237 -0.0210751 0.187576 0.0757499 0.339302 0.00167451 1.0000 0 0 0 0   0 0 0
49 1 2 0 31 3.92579e-07 0.00733231 0.000584908 54 0.0239265 -1.87716e-05 0.182946 -0.058656 0.157285 -4.47858e-05 1.0000 0 0 0 0   0 0 0
51 1 2 0 31 3.92681e-07 -0.00788643 -0.0494892 54 -0.0103951 -0.0591253 0.206468 0.0633878 0.560859 0.00357802 1.0000 0 0 0 0   0 0 0
52 1 2 0 31 3.92482e-07 -0.00484982 -0.0100047 54 -0.00104958 -0.00564616 0.164673 0.0387969 0.242044 0.000764323 1.0000 0 0 0 0   0 0 0
53 1 2 0 31 3.92995e-07 -0.00240504 -0.0347022 54 -0.00512735 0.00984358 0.201009 0.0192793 0.4407 0.00258424 1.0000 0 0 0 0   0 0 0
54 1 2 0 31 3.93021e-07 0.0185272 -0.0352012 54 0.000207551 0.0186892 0.192506 -0.14868 0.445026 0.00261915 1.0000 0 0 0 0   0 0 0
55 1 2 0 31 3.9308e-07 0.00428437 -0.0312053 54 0.00490911 -0.000890243 0.186736 -0.0343307 0.412464 0.00233631 1.0000 0 0 0 0   0 0 0
56 1 2 0 31 3.93042e-07 -0.0189447 -0.0278085 54 0.0027943 0.0109295 0.202308 0.151823 0.38518 0.0020917 1.0000 0 0 0 0   0 0 0
57 1 2 0 31 3.93064e-07 0.00606021 -0.006838 54 -0.0314049 0.0040937 0.190174 -0.0484796 0.216687 0.000523029 1.0000 0 0 0 0   0 0 0
58 1 2 0 31 3.92967e-07 -0.00438142 -0.0209248 54 -0.00643763 0.00753568 0.175717 0.0350764 0.329685 0.00158625 1.0000 0 0 0 0   0 0 0
59 1 2 0 31 3.93041e-07 -0.0128322 -0.0161131 54 0.012087 -0.000305418 0.213989 0.10272 0.291068 0.00122647 1.0000 0 0 0 0   0 0 0
60 1 2 0 31 3.93037e-07 -0.00159199 -0.0196554 54 0.00579283 0.0031106 0.202265 0.012742 0.319461 0.00149176 1.0000 0 0 0 0   0 0 0
61 1 2 0 31 3.93119e-07 0.00243091 0.00861163 54 0.00628696 -0.00421152 0.201152 -0.0194465 0.0931083 -0.000658278 1.0000 0 0 0 0   0 0 0
62 1 2 0 31 3.93118e-07 0.00636897 -0.0146581 54 -0.011436 0.00264135 0.179418 -0.0509496 0.279324 0.00111687 1.0000 0 0 0 0   0 0 0
63 1 2 0 31 3.93018e-07 -0.0265852 -0.0129179 54 -0.0114529 0.0100733 0.186195 0.213001 0.26554 0.000985371 1.0000 0 0 0 0   0 0 0
64 1 2 0 31 3.92446e-07 -0.00892292 0.00627454 54 -0.0222124 0.00978467 0.204927 0.0713803 0.111788 -0.000480017 1.0000 0 0 0 0   0 0 0
66 1 2 0 31 3.92741e-07 -0.00930667 -0.00761166 54 0.00983311 0.00656948 0.176683 0.0744502 0.222881 0.000582087 1.0000 0 0 0 0   0 0 0
67 1 2 0 31 3.92691e-07 -0.00935728 -0.00220202 54 0.00707751 0.0122686 0.176448 0.0748551 0.179581 0.000168595 1.0000 0 0 0 0   0 0 0
68 1 2 0 31 3.92273e-07 -0.0434196 -0.0152491 54 0.0544947 0.03395 0.208948 0.348801 0.284572 0.00116148 1.0000 0 0 0 0   0 0 0
69 1 2 0 31 3.92871e-07 -0.0505444 -0.0569832 54 -0.0134372 -0.0299119 0.205666 0.40924 0.624812 0.00404085 1.0000 0 0 0 0   0 0 0
70 1 2 0 31 3.92621e-07 0.015441 0.009115 54 -0.00963637 -0.00847412 0.201245 -0.123549 0.0890702 -0.000696625 1.0000 0 0 0 0   0 0 0
72 1 2 0 31 3.92858e-07 0.0230633 -0.0362134 54 -0.0292899 0.0069012 0.177 -0.185186 0.453344 0.00268998 1.0000 0 0 0 0   0 0 0
74 1 2 0 31 3.9303e-07 -0.0104692 -0.00745576 54 -0.000921914 -0.00463366 0.215633 0.08375 0.221633 0.000570186 1.0000 0 0 0 0   0 0 0
75 1 2 0 31 3.93133e-07 0.0126227 -0.0278109 54 -0.00776091 0.00982742 0.194587 -0.10114 0.385159 0.00209187 1.0000 0 0 0 0   0 0 0
76 1 2 0 31 3.93095e-07 -0.00717359 -0.0216923 54 -0.00902937 -0.00436523 0.186554 0.0574402 0.335877 0.00164315 1.0000 0 0 0 0   0 0 0
77 1 2 0 31 3.93115e-07 -0.0220845 -0.0033517 54 -0.00382551 -0.00856901 0.210534 0.176823 0.188805 0.00025658 1.0000 0 0 0 0   0 0 0
78 1 2 0 31 3.9312e-07 -0.0101703 -0.00150119 54 0.00639631 -0.00226188 0.208015 0.0813591 0.173974 0.000114944 1.0000 0 0 0 0   0 0 0
79 1 2 0 31 3.93114e-07 0.000838551 -0.0148191 54 0.0198837 0.0030303 0.199947 -0.00670812 0.280614 0.00112902 1.0000 0 0 0 0   0 0 0
80 1 2 0 31 3.9317e-07 0.00430655 -0.00386456 54 -0.00180162 -0.000725022 0.19273 -0.0344509 0.192886 0.000295827 1.0000 0 0 0 0   0 0 0
81 1 2 0 31 3.93233e-07 -0.0414215 0.00492627 54 0.00413029 -0.0131871 0.210687 0.332524 0.122428 -0.000376998 1.0000 0 0 0 0   0 0 0
82 1 2 0 31 3.93062e-07 0.00524702 0.00593805 54 -0.012916 -0.000466827 0.204987 -0.0419744 0.114478 -0.00045433 1.0000 0 0 0 0   0 0 0
83 1 2 0 31 3.93121e-07 -0.0144405 -0.00867652 54 -0.000463707 0.00170928 0.20384 0.115519 0.231408 0.000663221 1.0000 0 0 0 0   0 0 0
85 1 2 0 31 3.93015e-07 -0.0101438 -0.000697672 54 -0.00212202 -0.0036992 0.206779 0.0811468 0.167545 5.34197e-05 1.0000 0 0 0 0   0 0 0
86 1 2 0 31 3.93037e-07 -0.0315987 -0.00456074 54 0.00657901 0.000815187 0.193601 0.253207 0.19852 0.000349051 1.0000 0 0 0 0   0 0 0
87 1 2 0 31 3.92954e-07 -0.00450537 -0.0252598 54 -0.0186149 0.012933 0.200701 0.0360858 0.364579 0.00190602 1.0000 0 0 0 0   0 0 0
88 1 2 0 31 3.93026e-07 0.0267108 -0.0283638 54 -0.0204988 0.0129182 0.207271 -0.214319 0.38992 0.00213197 1.0000 0 0 0 0   0 0 0
89 1 2 0 31 3.93047e-07 -0.0558498 0.00849871 54 -0.0174949 0.0126487 0.22186 0.449708 0.0935651 -0.000649675 1.0000 0 0 0 0   0 0 0
90 1 2 0 31 3.92738e-07 -0.0140541 -0.0069983 54 0.0180358 0.0045956 0.180216 0.112428 0.217971 0.000535266 1.0000 0 0 0 0   0 0 0
91 1 2 0 31 3.93112e-07 -0.000663274 -0.00616442 54 -0.00258014 -0.00661648 0.199717 0.00530596 0.211295 0.00047161 1.0000 0 0 0 0   0 0 0
92 1 2 0 31 3.92895e-07 0.0231176 -0.0311397 54 0.0256586 -0.0191542 0.202909 -0.185482 0.412259 0.00233163 1.0000 0 0 0 0   0 0 0
93 1 2 0 31 3.93186e-07 -0.00966328 0.020371 54 0.00612556 -0.0027851 0.212497 0.0773729 -0.000951651 -0.00154503 1.0000 0 0 0 0   0 0 0
94 1 2 0 31 3.93047e-07 -0.0253601 0.000416205 54 -0.00244974 -0.00554506 0.210675 0.203116 0.15863 -3.18684e-05 1.0000 0 0 0 0   0 0 0
95 1 2 0 31 3.93296e-07 -0.0132375 0.0279519 54 0.0130029 -6.80509e-05 0.206115 0.106068 -0.0616441 -0.0021021 1.0000 0 0 0 0   0 0 0
97 1 2 0 31 3.93181e-07 -0.0191166 -0.00290825 54 0.00691733 -0.00795946 0.204072 0.152996 0.185243 0.000222643 1.0000 0 0 0 0   0 0 0
98 1 2 0 31 3.93221e-07 -0.00976836 0.026258 54 0.0123663 -0.0095315 0.203194 0.0782553 -0.0480711 -0.00197894 1.0000 0 0 0 0   0 0 0
99 1 2 0 31 3.93109e-07 0.0159439 -0.0143964 54 0.00125067 -0.00825179 0.188408 -0.127644 0.277315 0.00109711 1.0000 0 0 0 0   0 0 0
100 1 2 0 31 3.93071e-07 0.000335193 0.0114497 54 0.0158786 -0.0132665 0.210577 -0.00268143 0.0704313 -0.000874125 1.0000 0 0 0 0   0 0 0
101 1 2 0 31 3.93156e-07 -0.0504188 -0.0346317 54 0.0128514 -0.0097738 0.19817 0.406443 0.441697 0.0025793 1.0000 0 0 0 0   0 0 0
102 1 2 0 31 3.9283e-07 0.00431655 -0.0635599 54 0.00587317 -0.0249635 0.238511 -0.0348164 0.676448 0.00442014 1.0000 0 0 0 0   0 0 0
104 1 2 0 31 3.92514e-07 -0.0020942 -0.0139378 54 -0.0200745 0.0118686 0.171001 0.0167529 0.273552 0.0010625 1.0000 0 0 0 0   0 0 0
105 1 2 0 31 3.92801e-07 0.00892992 0.00800457 54 -0.010332 0.0132096 0.178801 -0.0714363 0.0979597 -0.00061203 1.0000 0 0 0 0   0 0 0
106 1 2 0 31 3.92531e-07 -0.0150355 -0.00578738 54 -0.00168438 0.00914842 0.21242 0.120279 0.208276 0.000442828 1.0000 0 0 0 0   0 0 0
108 1 2 0 31 3.9422e-07 0.0244178 -0.0148604 54 0.00747594 -0.0251427 0.190179 -0.195622 0.28112 0.00113214 1.0000 0 0 0 0   0 0 0
109 1 2 0 31 3.92625e-07 -0.0592283 -0.0272447 54 -0.0465459 0.00568556 0.196219 0.477869 0.382125 0.00205082 1.0000 0 0 0 0   0 0 0
110 1 2 0 31 3.92697e-07 -0.000735168 -0.0243494 54 0.00896398 0.0113958 0.253782 0.00588759 0.357242 0.00183921 1.0000 0 0 0 0   0 0 0
111 1 2 0 31 3.92564e-07 -0.0153674 -0.0338099 54 0.0182175 -0.00193162 0.241043 0.123256 0.43367 0.00252129 1.0000 0 0 0 0   0 0 0
115 1 2 0 31 3.92552e-07 -0.00887883 -0.0426316 54 -0.000427428 -0.0109833 0.177943 0.0712993 0.505143 0.00312908 1.0000 0 0 0 0   0 0 0
116 1 2 0 31 3.92693e-07 0.00373116 -0.0291679 54 0.0147343 0.0544176 0.231877 -0.0298937 0.396049 0.00219005 1.0000 0 0 0 0   0 0 0
117 1 2 0 31 3.93012e-07 -0.00965263 -0.0318761 54 0.00261873 -0.0266753 0.207871 0.0773548 0.417885 0.00238415 1.0000 0 0 0 0   0 0 0
118 1 2 0 31 3.93126e-07 0.0255965 0.000417426 54 -0.0207565 -0.0187446 0.238821 -0.205014 0.15862 -3.19619e-05 1.0000 0 0 0 0   0 0 0
119 1 2 0 31 3.92486e-07 -0.0198238 -0.0138261 54 -0.00185362 -0.00604264 0.1962 0.158756 0.272777 0.00105406 1.0000 0 0 0 0   0 0 0
121 1 2 0 31 3.92568e-07 -0.0138302 -0.035936 54 0.0113208 0.0274365 0.195214 0.110959 0.450874 0.00267057 1.0000 0 0 0 0   0 0 0
122 1 2 0 31 3.92687e-07 -0.0150525 -0.0125592 54 -0.00568478 -0.00181489 0.180232 0.120475 0.262557 0.000958197 1.0000 0 0 0 0   0 0 0
126 1 2 0 31 3.9252e-07 -0.0334998 -0.0332242 54 -0.0210852 -0.0112647 0.224057 0.269156 0.429417 0.0024799 1.0000 0 0 0 0   0 0 0
127 1 2 0 31 3.92494e-07 0.00710883 -0.00658682 54 -0.0120898 0.00336574 0.206059 -0.0568682 0.214676 0.000503855 1.0000 0 0 0 0   0 0 0
128 1 2 0 31 3.92808e-07 -0.0342133 0.00454609 54 0.00594603 -0.00255199 0.255669 0.274241 0.125534 -0.000347932 1.0000 0 0 0 0   0 0 0
129 1 2 0 31 3.92523e-07 -0.0185143 -0.00997952 54 -0.022159 0.00421444 0.212998 0.148213 0.2419 0.000762411 1.0000 0 0 0 0   0 0 0
131 1 2 0 31 3.92514e-07 -0.0139872 -0.0243435 54 -0.00344253 0.0182435 0.23133 0.112053 0.357259 0.00183878 1.0000 0 0 0 0   0 0 0
133 1 2 0 31 3.93185e-07 -0.00956766 -0.0105258 54 0.0293064 -0.00545812 0.207899 0.0765381 0.246218 0.000803923 1.0000 0 0 0 0   0 0 0
134 1 2 0 31 3.92629e-07 0.013739 -0.023029 54 0.0156749 0.00226121 0.177189 -0.110054 0.34668 0.00174209 1.0000 0 0 0 0   0 0 0
135 1 2 0 31 3.93284e-07 -0.0195147 0.00885671 54 -0.0127915 -0.0197948 0.190681 0.15623 0.0910956 -0.000676948 1.0000 0 0 0 0   0 0 0
136 1 2 0 31 3.93149e-07 0.0214143 0.00673479 54 -0.00502315 -0.0125541 0.189596 -0.17146 0.108061 -0.00051515 1.0000 0 0 0 0   0 0 0
137 1 2 0 31 3.92652e-07 0.0136594 -0.0240734 54 -0.000812208 0.00541427 0.168369 -0.109424 0.355083 0.00181891 1.0000 0 0 0 0   0 0 0
138 1 2 0 31 3.92648e-07 0.0148669 -0.0241886 54 -0.00580752 -0.00101105 0.176572 -0.119104 0.356019 0.00182738 1.0000 0 0 0 0   0 0 0
139 1 2 0 31 3.9301e-07 -0.00795454 -0.00368895 54 -0.0305492 0.0184247 0.165674 0.0636336 0.19148 0.000282389 1.0000 0 0 0 0   0 0 0
140 1 2 0 31 3.93153e-07 -0.0139958 -0.0089898 54 -0.00398454 -0.0112162 0.175845 0.111961 0.233917 0.000687087 1.0000 0 0 0 0   0 0 0
141 1 2 0 31 3.92867e-07 0.00251812 -0.00334217 54 -0.0338912 0.0145987 0.171409 -0.0201441 0.188705 0.00025585 1.0000 0 0 0 0   0 0 0
144 1 2 0 31 3.93053e-07 -0.0181957 -0.00678826 54 0.0144817 -0.00171399 0.21093 0.145628 0.216315 0.000519232 1.0000 0 0 0 0   0 0 0
145 1 2 0 31 3.93238e-07 -0.0374585 -0.00376012 54 0.0115339 -0.0172668 0.205072 0.300474 0.192132 0.000287836 1.0000 0 0 0 0   0 0 0
146 1 2 0 31 3.9318e-07 -0.0164986 -0.00660135 54 0.00383181 -0.00645062 0.2116 0.132007 0.214802 0.000504964 1.0000 0 0 0 0   0 0 0
147 1 2 0 31 3.9308e-07 0.00703844 -0.0287424 54 -0.00503191 -0.00697159 0.224979 -0.0563922 0.392632 0.00215942 1.0000 0 0 0 0   0 0 0
148 1 2 0 31 3.93098e-07 -0.00725682 -0.0354569 54 -0.00326709 0.0204348 0.213568 0.0581918 0.446871 0.00263705 1.0000 0 0 0 0   0 0 0
149 1 2 0 31 3.9312e-07 -0.0211505 -0.0253996 54 -0.00249555 -0.0111233 0.205727 0.169495 0.36581 0.00191623 1.0000 0 0 0 0   0 0 0
150 1 2 0 31 3.9318e-07 -0.0138776 -0.0296484 54 -0.00134707 -0.00174901 0.205081 0.111209 0.399962 0.00222462 1.0000 0 0 0 0   0 0 0
151 1 2 0 31 3.93101e-07 0.00147214 -0.0181087 54 0.0130418 0.00176049 0.201437 -0.0117797 0.307017 0.0013762 1.0000 0 0 0 0   0 0 0
152 1 2 0 31 3.9308e-07 -0.0174091 -0.0205435 54 -0.00504748 -0.00369293 0.20956 0.139454 0.326722 0.00155787 1.0000 0 0 0 0   0 0 0
153 1 2 0 31 3.92685e-07 -0.0230356 0.0115538 54 -0.00404553 0.00585621 0.180623 0.184506 0.0694842 -0.000882033 1.0000 0 0 0 0   0 0 0
156 1 2 0 31 3.92536e-07 -0.0122336 -0.0384663 54 -0.00805337 -0.0115757 0.173181 0.0981848 0.471372 0.00284609 1.0000 0 0 0 0   0 0 0
158 1 2 0 31 3.9253e-07 -0.00143525 -0.00710824 54 -0.00196626 -0.00390321 0.185772 0.0114815 0.218851 0.000543658 1.0000 0 0 0 0   0 0 0
159 1 2 0 31 3.92696e-07 -0.000867605 -0.014946 54 0.00865234 -0.00358301 0.178207 0.00694055 0.28163 0.0011386 1.0000 0 0 0 0   0 0 0
160 1 2 0 31 3.92614e-07 -0.0173452 -0.0186679 54 -0.0291311 0.000846175 0.231677 0.138924 0.311645 0.00141805 1.0000 0 0 0 0   0 0 0
161 1 2 0 31 3.92551e-07 -0.0113836 -0.0164113 54 0.00826636 -0.00808508 0.194447 0.0911157 0.293447 0.00124888 1.0000 0 0 0 0   0 0 0
162 1 2 0 31 3.92852e-07 0.0198518 -0.0180081 54 -0.0202339 0.00175814 0.18463 -0.15902 0.306365 0.00136867 1.0000 0 0 0 0   0 0 0
163 1 2 0 31 3.93304e-07 -0.0239634 0.0121605 54 0.0093263 -0.0155698 0.204049 0.191956 0.0646224 -0.000927995 1.0000 0 0 0 0   0 0 0
164 1 2 0 31 3.93293e-07 0.0215665 -0.00863929 54 -0.00617892 -0.00809107 0.190414 -0.172695 0.231178 0.000660384 1.0000 0 0 0 0   0 0 0
167 1 2 0 31 3.92496e-07 -0.0152328 -0.000811819 54 -0.0174893 0.0102878 0.17355 0.121857 0.168458 6.21598e-05 1.0000 0 0 0 0   0 0 0
168 1 2 0 31 3.93291e-07 0.00397796 0.00312327 54 -0.00383933 -0.0237195 0.179517 -0.0318223 0.136983 -0.000239099 1.0000 0 0 0 0   0 0 0
169 1 2 0 31 3.93254e-07 -0.000554103 -0.0263003 54 -0.014064 0.00609204 0.176303 0.00443835 0.37295 0.00198203 1.0000 0 0 0 0   0 0 0
170 1 2 0 31 3.93447e-07 0.025327 -0.020345 54 -0.0298896 0.00712869 0.179957 -0.202958 0.325191 0.0015431 1.0000 0 0 0 0   0 0 0
171 1 2 0 31 3.93181e-07 -0.00687533 -0.0121793 54 -0.00584538 0.00969965 0.20862 0.0550003 0.259463 0.000929416 1.0000 0 0 0 0   0 0 0
172 1 2 0 31 3.92886e-07 0.0156792 -0.00907601 54 0.0111423 -0.0111116 0.162887 -0.125459 0.234625 0.000693655 1.0000 0 0 0 0   0 0 0
174 1 2 0 31 3.92528e-07 0.00630125 -0.023745 54 0.0265543 -0.011219 0.205997 -0.0504646 0.352392 0.00179475 1.0000 0 0 0 0   0 0 0
179 1 2 0 31 3.92557e-07 -0.0343275 -0.0348807 54 0.0240247 -0.00435554 0.242068 0.27587 0.442843 0.00259673 1.0000 0 0 0 0   0 0 0
180 1 2 0 31 3.92479e-07 0.00483363 -0.0488803 54 -0.0363797 0.0185101 0.215368 -0.038846 0.55589 0.00353901 1.0000 0 0 0 0   0 0 0
181 1 2 0 31 3.93051e-07 0.00743434 -0.021035 54 -0.00434074 -0.0159967 0.170871 -0.0595243 0.330589 0.00159446 1.0000 0 0 0 0   0 0 0
182 1 2 0 31 3.92692e-07 0.00277608 -0.0217013 54 0.000554496 -0.00319006 0.168732 -0.022226 0.335929 0.00164381 1.0000 0 0 0 0   0 0 0
183 1 2 0 31 3.93153e-07 -0.00641027 -0.00833629 54 0.00961258 -0.00388457 0.210073 0.05128 0.228684 0.000637301 1.0000 0 0 0 0   0 0 0
185 1 2 0 31 3.93224e-07 0.00368813 -0.0117623 54 0.00431451 -0.00151115 0.185159 -0.0295038 0.256123 0.000897829 1.0000 0 0 0 0   0 0 0
186 1 2 0 31 3.9299e-07 0.00698774 0.00980654 54 0.00833948 0.00172153 0.175291 -0.0558996 0.0835595 -0.000749267 1.0000 0 0 0 0   0 0 0
187 1 2 0 31 3.9323e-07 -0.00478982 0.00272471 54 -0.00217967 -0.0217723 0.19246 0.0383169 0.14017 -0.000208597 1.0000 0 0 0 0   0 0 0
189 1 2 0 31 3.93237e-07 0.00924894 -0.0284006 54 -0.00538238 0.00524126 0.17713 -0.0741041 0.389888 0.00213463 1.0000 0 0 0 0   0 0 0
192 1 2 0 31 3.92945e-07 -0.0045938 -0.0134752 54 -0.0110857 0.0157782 0.161596 0.0367488 0.269845 0.00102758 1.0000 0 0 0 0   0 0 0
193 1 2 0 31 3.9261e-07 0.0311281 -0.0163824 54 0.0442602 -0.000977142 0.18205 -0.249553 0.293426 0.00124671 1.0000 0 0 0 0   0 0 0
194 1 2 0 31 3.93296e-07 -0.0157736 0.010973 54 0.00616467 -0.0258802 0.191069 0.126239 0.0742015 -0.000837902 1.0000 0 0 0 0   0 0 0
195 1 2 0 31 3.92426e-07 0.0171137 -0.0171867 54 -0.0140705 0.000802632 0.220424 -0.137053 0.299739 0.00130718 1.0000 0 0 0 0   0 0 0
196 1 2 0 31 3.92504e-07 0.026826 -0.0131072 54 0.0329597 -0.00528321 0.187146 -0.214935 0.267061 0.000999709 1.0000 0 0 0 0   0 0 0
199 1 2 0 31 3.92505e-07 0.0163599 -0.00385593 54 0.0250299 0.00838394 0.180249 -0.130874 0.192816 0.000295167 1.0000 0 0 0 0   0 0 0
200 1 2 0 31 3.93226e-07 -0.0283118 -0.0069055 54 0.0114189 0.00141361 0.205479 0.226828 0.217311 0.000528182 1.0000 0 0 0 0   0 0 0
0 1 2 0 32 3.99691e-07 -0.00641636 -0.0113534 55.8 0 0 0.204 0 0 0 1.0000 0 0 0 0   0 0 0
2 1 2 0 32 3.9983e-07 0.0093268 -0.0101891 55.8 0.00725338 -0.00415498 0.217635 -0.0746112 0.243521 0.000778334 1.0000 0 0 0 0   0 0 0
3 1 2 0 32 3.99878e-07 -0.00314131 -0.042994 55.8 -0.022058 0.0173673 0.217448 0.0252238 0.508044 0.0031533 1.0000 0 0 0 0   0 0 0
4 1 2 0 32 3.99705e-07 -0.0212201 -0.0125742 55.8 -0.0147497 0.017542 0.225848 0.169946 0.262741 0.000959332 1.0000 0 0 0 0   0 0 0
5 1 2 0 32 3.99873e-07 -0.0120677 -0.0329298 55.8 0.00331615 0.0230783 0.227739 0.0967437 0.426457 0.0024591 1.0000 0 0 0 0   0 0 0
6 1 2 0 32 3.99918e-07 -0.0204108 -0.0118628 55.8 0.0112558 -0.00721271 0.221979 0.163447 0.257025 0.000905436 1.0000 0 0 0 0   0 0 0
7 1 2 0 32 3.99867e-07 -0.0023241 -0.0433709 55.8 -0.00588774 0.0130072 0.211633 0.0186628 0.511103 0.00317848 1.0000 0 0 0 0   0 0 0
8 1 2 0 32 3.99757e-07 -0.0018957 -0.000425579 55.8 -0.0203468 0.00610344 0.214421 0.015165 0.165368 3.25858e-05 1.0000 0 0 0 0   0 0 0
9 1 2 0 32 4.0016e-07 0.0119552 -0.0327456 55.8 -0.0175258 0.016209 0.207102 -0.095837 0.42496 0.00244608 1.0000 0 0 0 0   0 0 0
10 1 2 0 32 3.99863e-07 -0.00994591 -0.0646099 55.8 0.00242166 -0.00505987 0.219568 0.0802489 0.685152 0.00447799 1.0000 0 0 0 0   0 0 0
11 1 2 0 32 3.99842e-07 -0.0198273 -0.0300458 55.8 -0.0238142 -0.0306126 0.212173 0.158986 0.403306 0.00225321 1.0000 0 0 0 0   0 0 0
12 1 2 0 32 3.99854e-07 0.00511722 -0.00304571 55.8 -0.0387403 -0.0362424 0.169982 -0.040936 0.186333 0.000233162 1.0000 0 0 0 0   0 0 0
14 1 2 0 32 4.00042e-07 -0.0215361 0.00543217 55.8 -0.00474389 -0.0219311 0.192418 0.17243 0.118484 -0.000415675 1.0000 0 0 0 0   0 0 0
15 1 2 0 32 3.99477e-07 0.0214302 -0.079155 55.8 0.005421 -0.0550972 0.200207 -0.173807 0.80671 0.00520155 1.0000 0 0 0 0   0 0 0
16 1 2 0 32 3.99885e-07 -0.009868 0.0182369 55.8 0.000382246 0.00238499 0.183982 0.0789935 0.0161323 -0.00138579 1.0000 0 0 0 0   0 0 0
17 1 2 0 32 3.99385e-07 0.00319646 -0.0600778 55.8 0.00240974 -0.0485535 0.20074 -0.0257618 0.647794 0.00422259 1.0000 0 0 0 0   0 0 0
18 1 2 0 32 4.00432e-07 -0.00593779 8.65241e-05 55.8 0.0286095 -0.0270151 0.202245 0.0475003 0.161271 -6.62518e-06 1.0000 0 0 0 0   0 0 0
19 1 2 0 32 3.99861e-07 -0.0208085 -0.0167263 55.8 -0.00243069 -0.010355 0.213897 0.166682 0.296076 0.00127256 1.0000 0 0 0 0   0 0 0
20 1 2 0 32 3.99754e-07 -0.0471368 -0.0215152 55.8 0.00993415 -0.00808227 0.199598 0.379035 0.335186 0.00163003 1.0000 0 0 0 0   0 0 0
21 1 2 0 32 3.99733e-07 -0.0358626 -0.000870828 55.8 0.00735852 0.0108527 0.211016 0.287557 0.168947 6.6678e-05 1.0000 0 0 0 0   0 0 0
22 1 2 0 32 3.99722e-07 0.00165573 0.00163306 55.8 -0.00191743 -0.00480577 0.218349 -0.0132453 0.148901 -0.000125042 1.0000 0 0 0 0   0 0 0
23 1 2 0 32 3.99719e-07 -0.0125129 0.00141705 55.8 0.00835825 -0.019069 0.220001 0.100099 0.150629 -0.000108502 1.0000 0 0 0 0   0 0 0
24 1 2 0 32 3.99777e-07 0.0201344 -0.0118799 55.8 0.0184835 -0.000330847 0.216154 -0.16123 0.25716 0.000906732 1.0000 0 0 0 0   0 0 0
25 1 2 0 32 3.99773e-07 -0.0241537 -0.0242281 55.8 -0.0181476 0.00676855 0.204874 0.193592 0.356425 0.00183028 1.0000 0 0 0 0   0 0 0
26 1 2 0 32 3.99661e-07 0.00789887 -0.0111878 55.8 -0.0460635 -0.013983 0.227482 -0.0631883 0.25152 0.000854225 1.0000 0 0 0 0   0 0 0
27 1 2 0 32 3.99999e-07 0.00355333 0.00844271 55.8 0.00562407 -0.014761 0.203165 -0.0284255 0.0944583 -0.000645409 1.0000 0 0 0 0   0 0 0
28 1 2 0 32 3.99926e-07 -0.0157379 -0.0134916 55.8 0.0214307 0.0142801 0.161741 0.125982 0.270049 0.00102881 1.0000 0 0 0 0   0 0 0
29 1 2 0 32 3.99906e-07 -0.0167415 -0.019846 55.8 -0.0195172 -0.0174763 0.176078 0.134095 0.321109 0.00150595 1.0000 0 0 0 0   0 0 0
33 1 2 0 32 4.00112e-07 -0.00854205 -0.00486773 55.8 -0.00761514 -0.00531381 0.191711 0.0683335 0.200915 0.000372522 1.0000 0 0 0 0   0 0 0
36 1 2 0 32 4.0007e-07 -0.00800796 0.00545588 55.8 -0.00884802 -0.00375489 0.176496 0.0640609 0.118332 -0.000417488 1.0000 0 0 0 0   0 0 0
37 1 2 0 32 3.99851e-07 -0.00562738 0.0210213 55.8 -0.00732769 0.0245134 0.198464 0.0450535 -0.00613015 -0.00159344 1.0000 0 0 0 0   0 0 0
38 1 2 0 32 3.99854e-07 0.0188462 -0.0192266 55.8 0.00377299 -0.00723076 0.206517 -0.150965 0.316149 0.00145984 1.0000 0 0 0 0   0 0 0
40 1 2 0 32 3.99639e-07 0.0044801 -0.00890865 55.8 0.00651889 -0.000678755 0.200053 -0.0358393 0.233267 0.000680905 1.0000 0 0 0 0   0 0 0
41 1 2 0 32 3.99988e-07 -0.00606406 -0.0471981 55.8 0.0103688 -0.00585009 0.195709 0.0487247 0.542222 0.00343048 1.0000 0 0 0 0   0 0 0
42 1 2 0 32 3.99921e-07 0.0122916 -0.0227003 55.8 0.0177498 -0.00246352 0.204596 -0.0984512 0.344024 0.00171775 1.0000 0 0 0 0   0 0 0
44 1 2 0 32 3.99891e-07 0.0262561 -0.011134 55.8 -0.00264368 -0.0128347 0.190858 -0.210349 0.251221 0.000850139 1.0000 0 0 0 0   0 0 0
46 1 2 0 32 3.99668e-07 0.011585 -0.012392 55.8 -0.00571748 -0.00951667 0.16498 -0.0926781 0.261169 0.000945528 1.0000 0 0 0 0   0 0 0
48 1 2 0 32 3.99694e-07 -0.00795089 0.0199773 55.8 -0.0097841 -0.00609297 0.185231 0.0636536 0.00221468 -0.00151572 1.0000 0 0 0 0   0 0 0
49 1 2 0 32 3.99624e-07 -0.0243301 -0.00835329 55.8 0.0041143 0.00986803 0.169002 0.194874 0.228903 0.000638596 1.0000 0 0 0 0   0 0 0
51 1 2 0 32 3.99704e-07 0.0290041 0.0755304 55.8 -0.00332911 -0.0134667 0.216249 -0.235164 -0.447898 -0.00503586 1.0000 0 0 0 0   0 0 0
52 1 2 0 32 3.99758e-07 -0.00214008 -0.00927113 55.8 -0.0160631 -0.00979781 0.151346 0.0171199 0.23617 0.000708519 1.0000 0 0 0 0   0 0 0
53 1 2 0 32 3.99801e-07 -0.00320994 -0.00314787 55.8 0.00250834 -0.0209412 0.205876 0.0256784 0.18715 0.000240981 1.0000 0 0 0 0   0 0 0
54 1 2 0 32 3.99906e-07 -0.0174126 -0.0208119 55.8 0.00970754 -0.0269694 0.200161 0.139484 0.32888 0.00157785 1.0000 0 0 0 0   0 0 0
55 1 2 0 32 3.99977e-07 -0.0125841 4.61608e-05 55.8 -0.00232061 -0.0171834 0.197624 0.100669 0.161594 -3.53462e-06 1.0000 0 0 0 0   0 0 0
56 1 2 0 32 3.99814e-07 -0.00126581 -0.00956427 55.8 -0.0111399 -0.0131084 0.210505 0.0101261 0.238517 0.000730851 1.0000 0 0 0 0   0 0 0
57 1 2 0 32 4.00002e-07 0.0272473 -0.0220266 55.8 0.0160808 -0.00147899 0.2044 -0.218433 0.338771 0.00166789 1.0000 0 0 0 0   0 0 0
59 1 2 0 32 3.99721e-07 -0.0179205 -0.00561214 55.8 -0.0135407 -0.000875195 0.220277 0.14341 0.20689 0.000429434 1.0000 0 0 0 0   0 0 0
60 1 2 0 32 3.99793e-07 -0.0171436 -0.00516726 55.8 -0.00544249 -0.00672934 0.209058 0.137172 0.203321 0.000395422 1.0000 0 0 0 0   0 0 0
61 1 2 0 32 3.99882e-07 -0.0242742 -0.0197134 55.8 -0.00205376 0.0111917 0.210906 0.194507 0.320107 0.00149608 1.0000 0 0 0 0   0 0 0
62 1 2 0 32 4.0007e-07 0.00960854 -0.0167766 55.8 0.00676836 -0.0102365 0.195319 -0.0769002 0.296363 0.00127635 1.0000 0 0 0 0   0 0 0
63 1 2 0 32 3.99957e-07 0.0198574 -0.0289815 55.8 -0.0162988 -0.00726836 0.198212 -0.159195 0.394695 0.00217665 1.0000 0 0 0 0   0 0 0
64 1 2 0 32 3.99405e-07 0.0242264 -0.0189082 55.8 0.00117547 0.0114762 0.179681 -0.194117 0.313635 0.00143602 1.0000 0 0 0 0   0 0 0
66 1 2 0 32 3.99765e-07 -0.0138301 -0.014992 55.8 -0.00981871 0.00405549 0.174383 0.110705 0.282074 0.00114208 1.0000 0 0 0 0   0 0 0
67 1 2 0 32 3.99757e-07 -0.00777441 -0.0262654 55.8 -0.00881455 0.00724967 0.172136 0.0622785 0.372689 0.00197948 1.0000 0 0 0 0   0 0 0
68 1 2 0 32 3.99197e-07 -0.0425901 -0.0497083 55.8 -0.050739 -0.0263487 0.177766 0.343646 0.564174 0.00359205 1.0000 0 0 0 0   0 0 0
69 1 2 0 32 3.99922e-07 0.043525 0.0432934 55.8 -0.0351197 -0.0235946 0.209528 -0.350887 -0.186194 -0.0031733 1.0000 0 0 0 0   0 0 0
70 1 2 0 32 3.99531e-07 0.00225271 -0.00804067 55.8 0.0147981 0.0150199 0.185947 -0.0180209 0.226316 0.00061478 1.0000 0 0 0 0   0 0 0
72 1 2 0 32 3.99966e-07 0.0244556 -0.0214756 55.8 0.00130978 -0.0264566 0.18384 -0.195976 0.334273 0.0016271 1.0000 0 0 0 0   0 0 0
74 1 2 0 32 3.9972e-07 -0.00867405 -0.0104303 55.8 0.00268394 -0.000199347 0.220601 0.0693895 0.245454 0.000796669 1.0000 0 0 0 0   0 0 0
75 1 2 0 32 3.99962e-07 -0.0130631 -0.00882234 55.8 0.0110873 -0.0162034 0.208687 0.104501 0.232576 0.000674329 1.0000 0 0 0 0   0 0 0
76 1 2 0 32 3.99993e-07 0.00887897 -0.00446577 55.8 -0.00480154 -0.0119163 0.200398 -0.0710287 0.197698 0.000341791 1.0000 0 0 0 0   0 0 0
77 1 2 0 32 3.99832e-07 0.00611962 -0.00891687 55.8 -0.00134364 0.00844686 0.221293 -0.0489548 0.233333 0.000681531 1.0000 0 0 0 0   0 0 0
78 1 2 0 32 3.99826e-07 -0.0162296 -0.0159956 55.8 -0.0075374 0.00406701 0.218851 0.129953 0.290162 0.00121764 1.0000 0 0 0 0   0 0 0
79 1 2 0 32 3.99872e-07 -0.0354443 -0.00881989 55.8 -0.0112664 -0.00895063 0.211921 0.284246 0.232731 0.000674143 1.0000 0 0 0 0   0 0 0
80 1 2 0 32 3.99994e-07 -0.0124156 -0.013636 55.8 0.00173514 7.09032e-05 0.205677 0.0993505 0.271167 0.00103972 1.0000 0 0 0 0   0 0 0
81 1 2 0 32 3.99956e-07 0.0133622 -0.0179026 55.8 -0.0142406 0.0129355 0.223443 -0.106987 0.305454 0.00136078 1.0000 0 0 0 0   0 0 0
82 1 2 0 32 3.99844e-07 -0.00397893 -0.0236089 55.8 0.0149502 0.00363351 0.212326 0.0318639 0.351287 0.00178474 1.0000 0 0 0 0   0 0 0
83 1 2 0 32 3.9987e-07 -0.00238402 -0.0133452 55.8 -0.00251535 -0.000295717 0.214105 0.0190714 0.268804 0.00101774 1.0000 0 0 0 0   0 0 0
85 1 2 0 32 3.99761e-07 -0.0055012 -0.015158 55.8 -0.00214234 0.00604655 0.20895 0.0440077 0.283329 0.0011546 1.0000 0 0 0 0   0 0 0
86 1 2 0 32 3.99871e-07 0.00412809 -0.0192599 55.8 -0.0199457 0.00189229 0.202363 -0.0330403 0.316288 0.00146232 1.0000 0 0 0 0   0 0 0
87 1 2 0 32 3.99787e-07 0.0133156 -0.0157297 55.8 0.00616376 -0.0174245 0.20755 -0.106589 0.287993 0.00119764 1.0000 0 0 0 0   0 0 0
88 1 2 0 32 3.99859e-07 -0.00823541 -0.00825519 55.8 0.0319823 -0.0155456 0.210926 0.0658805 0.228034 0.000631123 1.0000 0 0 0 0   0 0 0
89 1 2 0 32 3.99797e-07 0.0425409 -0.0421084 55.8 -0.00717491 -0.000553508 0.229144 -0.342833 0.502127 0.00309402 1.0000 0 0 0 0   0 0 0
90 1 2 0 32 3.99722e-07 -0.0161804 -0.0140089 55.8 -0.0100229 0.00349215 0.17719 0.129536 0.274207 0.00106786 1.0000 0 0 0 0   0 0 0
91 1 2 0 32 3.99894e-07 -0.00793731 -0.00902036 55.8 0.00549582 0.00428191 0.211261 0.0634958 0.234162 0.000689414 1.0000 0 0 0 0   0 0 0
92 1 2 0 32 3.99747e-07 -0.0509118 0.0280872 55.8 0.00171192 -0.00615727 0.20694 0.410122 -0.0639272 -0.00211191 1.0000 0 0 0 0   0 0 0
93 1 2 0 32 3.99886e-07 -0.0154042 -0.036094 55.8 -0.00353563 0.0130498 0.222096 0.123605 0.452189 0.00268162 1.0000 0 0 0 0   0 0 0
94 1 2 0 32 3.99776e-07 0.00649056 -0.0185748 55.8 -0.00473913 0.00857271 0.217368 -0.0519489 0.310793 0.00141108 1.0000 0 0 0 0   0 0 0
95 1 2 0 32 4.00034e-07 -0.018655 -0.0446064 55.8 -0.00778527 0.0132681 0.221801 0.149908 0.521327 0.00326063 1.0000 0 0 0 0   0 0 0
97 1 2 0 32 3.99918e-07 -0.00543208 -0.0128066 55.8 -0.00939396 0.00930707 0.213616 0.0434548 0.264489 0.000976936 1.0000 0 0 0 0   0 0 0
98 1 2 0 32 3.99985e-07 -0.0204813 -0.0318636 55.8 -0.00253669 0.0217643 0.2137 0.164299 0.418041 0.00238326 1.0000 0 0 0 0   0 0 0
99 1 2 0 32 3.9998e-07 -0.0170226 0.00410686 55.8 0.0114302 -0.00400775 0.202591 0.136193 0.129114 -0.000314352 1.0000 0 0 0 0   0 0 0
100 1 2 0 32 3.99785e-07 -0.0316421 -0.0165317 55.8 -0.00838139 0.0223076 0.217317 0.253706 0.294642 0.00125794 1.0000 0 0 0 0   0 0 0
101 1 2 0 32 3.99999e-07 0.0131219 0.0174874 55.8 -0.0356986 -0.00600941 0.209054 -0.105057 0.0220984 -0.00132971 1.0000 0 0 0 0   0 0 0
102 1 2 0 32 3.99502e-07 -0.025266 0.0581002 55.8 0.00296029 0.00598254 0.233597 0.203776 -0.305094 -0.00410713 1.0000 0 0 0 0   0 0 0
104 1 2 0 32 3.99748e-07 0.0111142 -0.0166597 55.8 -0.0199377 0.00172816 0.16131 -0.0889601 0.295441 0.00126756 1.0000 0 0 0 0   0 0 0
105 1 2 0 32 3.99854e-07 0.0139142 -0.0267444 55.8 0.00650597 0.0121452 0.181768 -0.111485 0.37658 0.00201447 1.0000 0 0 0 0   0 0 0
106 1 2 0 32 3.9934e-07 0.00219563 -0.0217013 55.8 -0.00642785 -0.00377742 0.188921 -0.0175786 0.335928 0.00164381 1.0000 0 0 0 0   0 0 0
108 1 2 0 32 4.01275e-07 -0.0149918 0.0191117 55.8 0.0202461 0.00581691 0.16739 0.120061 0.00907847 -0.00145126 1.0000 0 0 0 0   0 0 0
109 1 2 0 32 3.99941e-07 0.0583204 -0.0243183 55.8 -0.0655603 -0.0100625 0.1954 -0.470349 0.358364 0.00183692 1.0000 0 0 0 0   0 0 0
110 1 2 0 32 3.99252e-07 -0.0309808 -0.000249328 55.8 -0.0045285 -0.0126128 0.233694 0.248242 0.163961 1.90905e-05 1.0000 0 0 0 0   0 0 0
111 1 2 0 32 3.99189e-07 -0.0202277 0.0111005 55.8 -0.0176251 -0.00606281 0.214785 0.161971 0.073135 -0.000847596 1.0000 0 0 0 0   0 0 0
115 1 2 0 32 3.99741e-07 -0.0025331 -0.0140486 55.8 -0.0141356 -0.0363674 0.164261 0.020264 0.27444 0.00107086 1.0000 0 0 0 0   0 0 0
116 1 2 0 32 3.99442e-07 -0.0282967 -0.0315832 55.8 -0.00201479 -0.0530245 0.216671 0.227187 0.416 0.00236326 1.0000 0 0 0 0   0 0 0
117 1 2 0 32 3.99816e-07 -0.000622948 0.0323765 55.8 -0.00332387 0.00236991 0.213077 0.00499196 -0.096998 -0.00241984 1.0000 0 0 0 0   0 0 0
118 1 2 0 32 3.99772e-07 -0.0461793 -0.01566 55.8 0.0251943 0.0174014 0.243838 0.371108 0.287926 0.00119241 1.0000 0 0 0 0   0 0 0
119 1 2 0 32 3.99454e-07 0.00428803 -0.00247576 55.8 -0.0127637 -0.00470609 0.171562 -0.0343028 0.181772 0.000189544 1.0000 0 0 0 0   0 0 0
121 1 2 0 32 3.99482e-07 -0.0134901 -0.0250113 55.8 -0.0143424 -0.0164357 0.177902 0.108074 0.362629 0.00188787 1.0000 0 0 0 0   0 0 0
122 1 2 0 32 3.99741e-07 0.00767633 -0.0114027 55.8 -0.0182484 -0.00422262 0.172733 -0.0614081 0.253242 0.000870556 1.0000 0 0 0 0   0 0 0
126 1 2 0 32 3.99333e-07 0.0343625 0.0171287 55.8 0.00165825 -0.00655377 0.203734 -0.275682 0.024681 -0.00130281 1.0000 0 0 0 0   0 0 0
127 1 2 0 32 3.99386e-07 0.00911329 -0.0125387 55.8 0.0170836 0.0041461 0.180563 -0.0729032 0.262342 0.000956641 1.0000 0 0 0 0   0 0 0
128 1 2 0 32 3.99347e-07 0.00392554 -0.0249168 55.8 -0.00965373 0.00531673 0.242235 -0.0314403 0.361816 0.00188095 1.0000 0 0 0 0   0 0 0
129 1 2 0 32 3.99383e-07 0.0298139 -0.0112652 55.8 0.00545941 0.00120273 0.193149 -0.238905 0.252293 0.000860106 1.0000 0 0 0 0   0 0 0
131 1 2 0 32 3.99214e-07 -0.00590377 -0.0119168 55.8 -0.00343309 -0.016793 0.20429 0.0472282 0.25736 0.000909528 1.0000 0 0 0 0   0 0 0
133 1 2 0 32 3.99879e-07 -0.0329912 -0.00606055 55.8 -0.0216036 0.00323906 0.222135 0.26439 0.21055 0.000463681 1.0000 0 0 0 0   0 0 0
134 1 2 0 32 3.99725e-07 -0.0106834 -0.0150555 55.8 0.0137544 -0.0106034 0.168827 0.0854903 0.282545 0.00114686 1.0000 0 0 0 0   0 0 0
135 1 2 0 32 4.00164e-07 0.0183188 -0.00652721 55.8 -0.00502865 0.0156157 0.207374 -0.146614 0.214224 0.000499304 1.0000 0 0 0 0   0 0 0
136 1 2 0 32 4.00034e-07 -0.0151965 -0.00595353 55.8 0.0159595 0.0121123 0.203592 0.121567 0.209606 0.000455511 1.0000 0 0 0 0   0 0 0
137 1 2 0 32 3.99818e-07 0.00757947 -0.02175 55.8 0.00642372 -0.0145455 0.164715 -0.0606915 0.336344 0.00164742 1.0000 0 0 0 0   0 0 0
138 1 2 0 32 3.99738e-07 0.00913624 -0.0104936 55.8 0.00811697 -0.0118513 0.170833 -0.0730868 0.24596 0.000801474 1.0000 0 0 0 0   0 0 0
139 1 2 0 32 4.00258e-07 0.0232711 -0.0328899 55.8 -0.0272728 0.0165427 0.181978 -0.186768 0.42643 0.00245628 1.0000 0 0 0 0   0 0 0
140 1 2 0 32 4.00127e-07 0.0094867 -0.00108358 55.8 -0.0109477 -0.000202586 0.192768 -0.0758904 0.170633 8.29679e-05 1.0000 0 0 0 0   0 0 0
141 1 2 0 32 4.00047e-07 0.0325398 -0.0333994 55.8 -0.0142989 0.00923899 0.185217 -0.261423 0.43081 0.00249228 1.0000 0 0 0 0   0 0 0
144 1 2 0 32 3.99756e-07 -0.0152226 -0.0120149 55.8 -0.0182027 0.00415931 0.216744 0.121833 0.258191 0.000916965 1.0000 0 0 0 0   0 0 0
145 1 2 0 32 3.99984e-07 0.00783035 -0.00459026 55.8 -0.0190979 0.0144202 0.219502 -0.0626402 0.198694 0.000351308 1.0000 0 0 0 0   0 0 0
146 1 2 0 32 3.99866e-07 -0.00857798 -0.0112049 55.8 -0.00594886 0.00310877 0.223838 0.0686209 0.251657 0.000855524 1.0000 0 0 0 0   0 0 0
147 1 2 0 32 3.99763e-07 -0.0212576 0.0119156 55.8 0.00833032 -0.00416724 0.226408 0.170242 0.066604 -0.000909437 1.0000 0 0 0 0   0 0 0
148 1 2 0 32 3.9982e-07 -0.00744158 -0.00356645 55.8 0.00323733 -0.0294669 0.220898 0.0595301 0.1905 0.000273014 1.0000 0 0 0 0   0 0 0
149 1 2 0 32 3.99878e-07 0.00862803 0.0113777 55.8 -0.0072124 0.0001192 0.217768 -0.0690213 0.0710058 -0.000868661 1.0000 0 0 0 0   0 0 0
150 1 2 0 32 3.99925e-07 -0.000141058 0.0057648 55.8 -0.00297902 -0.0089186 0.218398 0.00112842 0.115862 -0.000441105 1.0000 0 0 0 0   0 0 0
151 1 2 0 32 3.99849e-07 -0.0267341 -0.00524458 55.8 -0.00484966 -0.0069655 0.212183 0.214157 0.203989 0.000401333 1.0000 0 0 0 0   0 0 0
152 1 2 0 32 3.99809e-07 0.00487777 -0.00095898 55.8 -0.00139409 -0.00307472 0.218102 -0.0390205 0.169636 7.34277e-05 1.0000 0 0 0 0   0 0 0
153 1 2 0 32 3.99773e-07 0.00312349 -0.0105885 55.8 -0.0217444 0.0218092 0.172544 -0.0249869 0.24672 0.000808686 1.0000 0 0 0 0   0 0 0
156 1 2 0 32 3.99841e-07 -0.00532142 -0.0204112 55.8 -0.0297452 -0.0387838 0.156917 0.0426001 0.325558 0.00154802 1.0000 0 0 0 0   0 0 0
158 1 2 0 32 3.99553e-07 0.00433303 -0.00560472 55.8 -0.00214181 0.00342708 0.16731 -0.0346628 0.206814 0.000428867 1.0000 0 0 0 0   0 0 0
159 1 2 0 32 3.99731e-07 -0.0113936 -0.00755458 55.8 -0.0029796 -0.00406343 0.172446 0.0911446 0.222424 0.00057773 1.0000 0 0 0 0   0 0 0
160 1 2 0 32 3.99356e-07 0.0210712 -0.00226658 55.8 0.0208534 -0.00285237 0.211974 -0.168686 0.180111 0.000173536 1.0000 0 0 0 0   0 0 0
161 1 2 0 32 3.99485e-07 -0.0102652 0.00152166 55.8 -0.0113339 -0.00366961 0.175682 0.0821178 0.149792 -0.000116511 1.0000 0 0 0 0   0 0 0
162 1 2 0 32 3.99844e-07 0.0160354 -0.0145809 55.8 0.0143143 -0.0106151 0.188622 -0.12838 0.278798 0.00111104 1.0000 0 0 0 0   0 0 0
163 1 2 0 32 4.00045e-07 -0.0054606 -0.017298 55.8 -0.00957414 0.021223 0.220264 0.0436939 0.300516 0.00131554 1.0000 0 0 0 0   0 0 0
164 1 2 0 32 4.00147e-07 -0.0177985 0.000815214 55.8 0.018364 -0.0007463 0.207123 0.142409 0.155441 -6.242e-05 1.0000 0 0 0 0   0 0 0
167 1 2 0 32 3.99771e-07 -0.00132919 -0.00710658 55.8 -0.0357737 0.0122446 0.157993 0.0106331 0.218838 0.000543531 1.0000 0 0 0 0   0 0 0
168 1 2 0 32 4.00219e-07 -0.0022803 0.00461451 55.8 0.00336404 0.00886444 0.199018 0.0182416 0.125059 -0.000353163 1.0000 0 0 0 0   0 0 0
169 1 2 0 32 4.00242e-07 0.0122935 -0.0171034 55.8 -0.00504332 -0.0166209 0.194362 -0.098414 0.299019 0.00130091 1.0000 0 0 0 0   0 0 0
170 1 2 0 32 4.00458e-07 0.0149291 -0.0227617 55.8 0.0225658 -0.0178769 0.197114 -0.119591 0.344539 0.0017223 1.0000 0 0 0 0   0 0 0
171 1 2 0 32 3.99905e-07 -0.00552916 -0.0184041 55.8 0.00184731 -0.0134532 0.221229 0.0442508 0.309412 0.0013983 1.0000 0 0 0 0   0 0 0
172 1 2 0 32 4.00043e-07 -0.00626108 -0.0022805 55.8 0.0120197 -0.0135482 0.173911 0.0500865 0.180209 0.000174601 1.0000 0 0 0 0   0 0 0
174 1 2 0 32 3.9938e-07 -0.0423886 0.00810056 55.8 -0.00722624 -0.00229436 0.18589 0.34037 0.0969488 -0.000619343 1.0000 0 0 0 0   0 0 0
179 1 2 0 32 3.99193e-07 -0.00479199 0.0139157 55.8 -0.027465 -0.000716392 0.216031 0.0383343 0.0507331 -0.00106083 1.0000 0 0 0 0   0 0 0
180 1 2 0 32 3.99426e-07 0.0332182 -0.0083314 55.8 0.0241048 -0.0301153 0.193543 -0.266247 0.228773 0.000636928 1.0000 0 0 0 0   0 0 0
181 1 2 0 32 4.00107e-07 0.00452578 0.00722862 55.8 -0.00255389 -0.0162383 0.187748 -0.0362047 0.104162 -0.000552848 1.0000 0 0 0 0   0 0 0
182 1 2 0 32 3.99838e-07 0.00370273 -0.0136929 55.8 -0.00431339 -0.0140436 0.167687 -0.0296206 0.27159 0.00104401 1.0000 0 0 0 0   0 0 0
183 1 2 0 32 3.99843e-07 -0.020925 -0.00824734 55.8 -0.00566764 0.00082338 0.222734 0.167544 0.228031 0.000630525 1.0000 0 0 0 0   0 0 0
185 1 2 0 32 4.00085e-07 -0.0167349 -0.0060777 55.8 -0.000617117 0.000231218 0.20323 0.133899 0.210609 0.00046499 1.0000 0 0 0 0   0 0 0
186 1 2 0 32 3.99986e-07 -0.0131033 -0.0137652 55.8 0.00289677 0.0119297 0.18637 0.104864 0.272213 0.00104947 1.0000 0 0 0 0   0 0 0
187 1 2 0 32 4.00057e-07 -0.00351269 0.00118185 55.8 0.00179992 0.0141156 0.208611 0.0281003 0.15251 -9.04928e-05 1.0000 0 0 0 0   0 0 0
189 1 2 0 32 4.00193e-07 -0.00278759 -0.0127701 55.8 0.00631521 -0.0195891 0.193499 0.0222998 0.264197 0.000974174 1.0000 0 0 0 0   0 0 0
192 1 2 0 32 4.00156e-07 0.00505514 -0.0264474 55.8 -0.0202205 0.00747164 0.172066 -0.0404937 0.374143 0.00199277 1.0000 0 0 0 0   0 0 0
193 1 2 0 32 3.99795e-07 -0.0403959 -0.01018 55.8 0.029138 -0.00539964 0.176653 0.324287 0.243734 0.000777643 1.0000 0 0 0 0   0 0 0
194 1 2 0 32 4.00129e-07 -0.00604583 -0.000234213 55.8 -0.00853793 0.0242846 0.209579 0.0483646 0.163837 1.79332e-05 1.0000 0 0 0 0   0 0 0
195 1 2 0 32 3.99253e-07 -0.00319227 -0.0065022 55.8 0.0211156 0.00448496 0.189926 0.0255371 0.213999 0.000497395 1.0000 0 0 0 0   0 0 0
196 1 2 0 32 3.99606e-07 -0.0355118 -0.00644391 55.8 0.0218604 -0.00219212 0.172288 0.284759 0.213655 0.000492945 1.0000 0 0 0 0   0 0 0
199 1 2 0 32 3.99634e-07 -0.0133658 -0.0145042 55.8 0.0137554 0.00959036 0.163875 0.106977 0.278151 0.00110525 1.0000 0 0 0 0   0 0 0
200 1 2 0 32 3.99938e-07 -0.00177553 -0.0157069 55.8 -0.0136119 -0.00278749 0.219582 0.0142037 0.287728 0.00119593 1.0000 0 0 0 0   0 0 0
0 1 2 0 33 4.06453e-07 -0.00641636 -0.0113534 57.6 0 0 0.204 0 0 0 1.0000 0 0 0 0   0 0 0
2 1 2 0 33 4.06555e-07 -0.0297333 -0.00824619 57.6 0.00332604 0.0041672 0.206961 0.238244 0.22807 0.000630437 1.0000 0 0 0 0   0 0 0
3 1 2 0 33 4.0669e-07 0.00532942 -0.000460725 57.6 0.0141441 -0.02762 0.204734 -0.0426335 0.165649 3.52769e-05 1.0000 0 0 0 0   0 0 0
4 1 2 0 33 4.06432e-07 0.00745002 -0.0204272 57.6 0.00649791 -0.0131161 0.213398 -0.0596456 0.3257 0.00154921 1.0000 0 0 0 0   0 0 0
5 1 2 0 33 4.06553e-07 -0.0138156 -0.00270254 57.6 0.000635621 -0.0235237 0.217332 0.11052 0.183587 0.0002069 1.0000 0 0 0 0   0 0 0
6 1 2 0 33 4.06606e-07 -0.00901141 -0.00664301 57.6 -0.010971 0.00489845 0.211675 0.0720882 0.215126 0.000508144 1.0000 0 0 0 0   0 0 0
7 1 2 0 33 4.0667e-07 -0.00685805 0.00147909 57.6 0.00620642 -0.0241649 0.20086 0.0548621 0.150133 -0.000113252 1.0000 0 0 0 0   0 0 0
8 1 2 0 33 4.06566e-07 0.00740681 -0.0230469 57.6 0.0200808 0.00178286 0.203777 -0.0593165 0.346779 0.0017434 1.0000 0 0 0 0   0 0 0
9 1 2 0 33 4.0703e-07 0.000819521 -0.0128982 57.6 0.0199349 -0.0200606 0.19581 -0.00655589 0.265223 0.000983879 1.0000 0 0 0 0   0 0 0
10 1 2 0 33 4.0666e-07 -0.00887092 0.0364563 57.6 -0.00442961 -0.0206422 0.20662 0.0711562 -0.129849 -0.00270697 1.0000 0 0 0 0   0 0 0
11 1 2 0 33 4.06754e-07 0.0272856 0.0320654 57.6 -0.00395169 -4.63647e-05 0.198121 -0.219058 -0.0949921 -0.00239765 1.0000 0 0 0 0   0 0 0
12 1 2 0 33 4.07426e-07 0.00986975 -0.00204094 57.6 -0.0473733 -0.0239596 0.155126 -0.0789547 0.178292 0.000156268 1.0000 0 0 0 0   0 0 0
14 1 2 0 33 4.07025e-07 0.00959193 0.0130706 57.6 -0.0133495 0.0170081 0.179403 -0.0767321 0.057483 -0.000996938 1.0000 0 0 0 0   0 0 0
15 1 2 0 33 4.06941e-07 -0.000673353 0.0465018 57.6 0.0167423 -0.0740135 0.18961 0.0054096 -0.210631 -0.00338521 1.0000 0 0 0 0   0 0 0
16 1 2 0 33 4.06929e-07 0.000573509 -0.00798006 57.6 -0.0122536 0.0244389 0.17165 -0.00458788 0.225831 0.000610163 1.0000 0 0 0 0   0 0 0
17 1 2 0 33 4.06485e-07 -0.00139215 0.0687052 57.6 -0.000857797 -0.0290367 0.198636 0.0112426 -0.390762 -0.00469719 1.0000 0 0 0 0   0 0 0
18 1 2 0 33 4.07268e-07 -0.0368141 0.00904903 57.6 -0.0176395 0.0195239 0.193707 0.295321 0.089411 -0.000691599 1.0000 0 0 0 0   0 0 0
19 1 2 0 33 4.06616e-07 0.00203196 0.00262863 57.6 -0.00594516 0.00657809 0.204002 -0.016255 0.140939 -0.000201243 1.0000 0 0 0 0   0 0 0
20 1 2 0 33 4.06669e-07 0.00159845 0.00419247 57.6 -0.0356546 -0.00388858 0.180457 -0.012787 0.128434 -0.000320896 1.0000 0 0 0 0   0 0 0
21 1 2 0 33 4.06509e-07 0.0045901 -0.0286098 57.6 -0.021608 -0.00190967 0.19978 -0.0367744 0.391556 0.0021498 1.0000 0 0 0 0   0 0 0
22 1 2 0 33 4.06447e-07 -0.0175715 -0.0199401 57.6 0.00564327 0.00361777 0.207051 0.14075 0.321873 0.00151295 1.0000 0 0 0 0   0 0 0
23 1 2 0 33 4.06427e-07 -0.0146967 -0.00926353 57.6 -0.0110924 0.0192575 0.210475 0.11758 0.236116 0.00070794 1.0000 0 0 0 0   0 0 0
24 1 2 0 33 4.06506e-07 -0.0493514 -0.0114668 57.6 -0.00433175 -0.0042046 0.207142 0.396696 0.254197 0.000875428 1.0000 0 0 0 0   0 0 0
25 1 2 0 33 4.06632e-07 0.0232548 -0.0072726 57.6 -0.00409386 -0.00709686 0.195485 -0.186236 0.220231 0.000556204 1.0000 0 0 0 0   0 0 0
26 1 2 0 33 4.06498e-07 0.00918662 0.00171441 57.6 0.0428415 0.011617 0.213705 -0.0734898 0.14825 -0.00013127 1.0000 0 0 0 0   0 0 0
27 1 2 0 33 4.06844e-07 -0.0158063 -0.00615187 57.6 0.00272142 0.0204461 0.192285 0.126447 0.211195 0.000470652 1.0000 0 0 0 0   0 0 0
28 1 2 0 33 4.0716e-07 -0.0190723 -0.0191592 57.6 -0.00860785 0.00623467 0.152111 0.152778 0.315609 0.00145481 1.0000 0 0 0 0   0 0 0
29 1 2 0 33 4.07148e-07 0.0142511 -0.000557206 57.6 -0.0307928 -0.0164136 0.163127 -0.114004 0.166421 4.26644e-05 1.0000 0 0 0 0   0 0 0
33 1 2 0 33 4.07046e-07 0.00817585 -0.00549968 57.6 -0.00295187 0.00861487 0.180522 -0.065404 0.205973 0.000420836 1.0000 0 0 0 0   0 0 0
36 1 2 0 33 4.07212e-07 0.0081182 -0.000283066 57.6 -0.0146231 0.0152969 0.162678 -0.0649428 0.164228 2.16738e-05 1.0000 0 0 0 0   0 0 0
37 1 2 0 33 4.06803e-07 0.00557437 -0.0574314 57.6 0.00248718 0.00335666 0.190339 -0.0448995 0.626051 0.00406768 1.0000 0 0 0 0   0 0 0
38 1 2 0 33 4.06675e-07 -0.0289335 0.0059037 57.6 0.00886805 0.00456103 0.19631 0.231815 0.114679 -0.000451708 1.0000 0 0 0 0   0 0 0
40 1 2 0 33 4.06492e-07 -0.0166401 -0.00552697 57.6 0.00100066 0.00704181 0.188116 0.133133 0.206198 0.000422923 1.0000 0 0 0 0   0 0 0
41 1 2 0 33 4.06919e-07 -0.0144683 0.010871 57.6 -0.00456387 -0.0237098 0.184545 0.11577 0.0750337 -0.000830153 1.0000 0 0 0 0   0 0 0
42 1 2 0 33 4.06731e-07 -0.0377726 -0.000935831 57.6 -0.0033386 -0.0075245 0.194631 0.303002 0.169471 7.16552e-05 1.0000 0 0 0 0   0 0 0
44 1 2 0 33 4.0687e-07 -0.00953326 0.00423777 57.6 0.0196509 0.000496616 0.177723 0.0762628 0.128071 -0.00032436 1.0000 0 0 0 0   0 0 0
46 1 2 0 33 4.06918e-07 0.0101315 -0.00772317 57.6 0.000350549 -0.0115695 0.154652 -0.0810482 0.223774 0.000590593 1.0000 0 0 0 0   0 0 0
48 1 2 0 33 4.06761e-07 0.0151161 -0.00286 57.6 -0.00453104 0.0230114 0.172369 -0.120924 0.184847 0.00021895 1.0000 0 0 0 0   0 0 0
49 1 2 0 33 4.06829e-07 -0.0133502 -0.0199316 57.6 -0.0261614 0.00151329 0.154765 0.106911 0.321765 0.00151232 1.0000 0 0 0 0   0 0 0
51 1 2 0 33 4.0674e-07 -0.0120198 -0.0274401 57.6 0.00952616 0.0678116 0.193035 0.0963052 0.38217 0.00206499 1.0000 0 0 0 0   0 0 0
52 1 2 0 33 4.07345e-07 -0.0286548 -0.0270164 57.6 -0.0407154 -0.0142967 0.132963 0.229936 0.379092 0.00203426 1.0000 0 0 0 0   0 0 0
52 1 2 0 33 4.19952e-07 0.0203657 0.00310546 57.6 0.0426231 0.0503178 -0.10469 -0.163024 0.137109 -0.000237735 1.0000 0 0 0 0   0 0 0
53 1 2 0 33 4.06615e-07 -0.0113171 0.0040698 57.6 -0.000555613 0.0163642 0.196061 0.0905333 0.129414 -0.000311518 1.0000 0 0 0 0   0 0 0
54 1 2 0 33 4.06766e-07 -0.0103977 0.0230428 57.6 -0.0138856 0.00818023 0.192063 0.0832773 -0.0223441 -0.0017431 1.0000 0 0 0 0   0 0 0
55 1 2 0 33 4.06871e-07 0.00302609 0.00649228 57.6 -0.00263981 0.0166479 0.187469 -0.0242077 0.110047 -0.000496638 1.0000 0 0 0 0   0 0 0
56 1 2 0 33 4.06629e-07 0.00154189 0.00196664 57.6 0.0113169 0.00948384 0.198946 -0.0123346 0.146233 -0.000150581 1.0000 0 0 0 0   0 0 0
57 1 2 0 33 4.06839e-07 -0.0457089 0.00684102 57.6 0.0057581 0.0104236 0.194716 0.367202 0.107028 -0.000523259 1.0000 0 0 0 0   0 0 0
59 1 2 0 33 4.06453e-07 0.00577569 -0.0151812 57.6 0.00561059 0.00096126 0.209136 -0.0462036 0.283515 0.00115636 1.0000 0 0 0 0   0 0 0
60 1 2 0 33 4.06588e-07 0.00491722 -0.0073274 57.6 0.000840378 0.0103076 0.19922 -0.0393361 0.220605 0.000560388 1.0000 0 0 0 0   0 0 0
61 1 2 0 33 4.06667e-07 0.00647669 -0.0162332 57.6 -0.00543049 -0.0132577 0.199511 -0.0518177 0.291963 0.0012355 1.0000 0 0 0 0   0 0 0
62 1 2 0 33 4.06962e-07 -0.0217293 0.0024821 57.6 0.000911057 -0.0012512 0.183998 0.17397 0.142094 -0.00019003 1.0000 0 0 0 0   0 0 0
63 1 2 0 33 4.06897e-07 0.0037578 0.00663626 57.6 0.0239699 -0.00922579 0.18769 -0.0300611 0.108897 -0.000507629 1.0000 0 0 0 0   0 0 0
64 1 2 0 33 4.0648e-07 0.00107549 -0.0213055 57.6 0.0211239 -0.00902395 0.166976 -0.00861 0.33274 0.00161451 1.0000 0 0 0 0   0 0 0
66 1 2 0 33 4.06909e-07 0.00857482 -0.0152014 57.6 -0.0180705 -0.00285248 0.163021 -0.0686038 0.283692 0.00115788 1.0000 0 0 0 0   0 0 0
67 1 2 0 33 4.06937e-07 0.00390196 -0.0157004 57.6 -0.0168678 -0.0103141 0.15894 -0.0312144 0.287677 0.00119544 1.0000 0 0 0 0   0 0 0
69 1 2 0 33 4.07036e-07 0.0225841 0.0109144 57.6 0.0422741 0.0620008 0.187409 -0.180878 0.0746054 -0.00083345 1.0000 0 0 0 0   0 0 0
70 1 2 0 33 4.06499e-07 -0.0188074 -0.0265144 57.6 -0.00116923 0.00103647 0.176194 0.150713 0.374763 0.00199767 1.0000 0 0 0 0   0 0 0
72 1 2 0 33 4.0707e-07 -0.00178598 0.0232882 57.6 0.0189328 -0.00975535 0.174713 0.0143015 -0.024268 -0.00176115 1.0000 0 0 0 0   0 0 0
74 1 2 0 33 4.0642e-07 -0.0145003 -0.012572 57.6 -0.002648 -0.00297655 0.210073 0.116048 0.262653 0.000959164 1.0000 0 0 0 0   0 0 0
75 1 2 0 33 4.06736e-07 -0.0149076 0.0032949 57.6 -0.00804241 0.013228 0.199048 0.119255 0.135611 -0.000252233 1.0000 0 0 0 0   0 0 0
76 1 2 0 33 4.06863e-07 -0.00765324 -0.000172455 57.6 0.0136964 0.0100525 0.189477 0.0612233 0.163343 1.32045e-05 1.0000 0 0 0 0   0 0 0
77 1 2 0 33 4.06541e-07 -0.0226934 -0.0160076 57.6 0.00896771 -0.000814879 0.210488 0.181796 0.290319 0.00121854 1.0000 0 0 0 0   0 0 0
78 1 2 0 33 4.06555e-07 0.00163245 -0.0100636 57.6 0.00594335 -0.00580564 0.209667 -0.0130591 0.242516 0.0007688 1.0000 0 0 0 0   0 0 0
79 1 2 0 33 4.06675e-07 0.0217033 -0.00478565 57.6 -0.0093844 0.00659444 0.201279 -0.173769 0.200291 0.000366247 1.0000 0 0 0 0   0 0 0
80 1 2 0 33 4.06808e-07 -0.00385047 -0.00934649 57.6 -0.00251396 -0.00457481 0.19415 0.0308024 0.236773 0.00071426 1.0000 0 0 0 0   0 0 0
81 1 2 0 33 4.06703e-07 -0.0213239 -0.0139941 57.6 0.0206217 -0.0159222 0.207592 0.170792 0.27414 0.00106675 1.0000 0 0 0 0   0 0 0
82 1 2 0 33 4.06588e-07 -0.0250139 -0.00276238 57.6 -0.00933382 -0.00656027 0.202668 0.20034 0.184092 0.000211479 1.0000 0 0 0 0   0 0 0
83 1 2 0 33 4.06622e-07 -0.00948027 -0.00761554 57.6 0.0122874 0.00137918 0.202594 0.075839 0.222912 0.000582384 1.0000 0 0 0 0   0 0 0
85 1 2 0 33 4.06546e-07 -0.00730352 -0.0137735 57.6 0.0018323 -0.00716157 0.198013 0.0584257 0.272235 0.00105009 1.0000 0 0 0 0   0 0 0
86 1 2 0 33 4.06775e-07 0.0145552 -0.00299141 57.6 0.018746 0.000390206 0.191321 -0.116437 0.185898 0.000229006 1.0000 0 0 0 0   0 0 0
87 1 2 0 33 4.06596e-07 -0.0271943 0.0086998 57.6 0.0056647 0.00887363 0.19787 0.217865 0.0923013 -0.000664995 1.0000 0 0 0 0   0 0 0
88 1 2 0 33 4.06616e-07 -0.0367951 0.00129083 57.6 -0.0247297 0.0139749 0.202205 0.295098 0.151612 -9.88373e-05 1.0000 0 0 0 0   0 0 0
89 1 2 0 33 4.06552e-07 -0.0545609 0.0163834 57.6 0.0236135 -0.00735435 0.212902 0.439385 0.0301521 -0.00124678 1.0000 0 0 0 0   0 0 0
90 1 2 0 33 4.06832e-07 0.00997571 -0.0138546 57.6 -0.0189808 -0.00471784 0.165542 -0.0798056 0.27289 0.00105622 1.0000 0 0 0 0   0 0 0
91 1 2 0 33 4.0665e-07 -0.0125778 -0.0140509 57.6 0.000850086 0.00305599 0.200203 0.100656 0.274501 0.00107104 1.0000 0 0 0 0   0 0 0
92 1 2 0 33 4.06648e-07 0.0167008 -0.0221928 57.6 -0.028579 0.0245023 0.193097 -0.133789 0.339979 0.00168019 1.0000 0 0 0 0   0 0 0
93 1 2 0 33 4.06625e-07 -0.0020721 -3.04052e-05 57.6 -0.000564324 -0.0234388 0.208581 0.0165761 0.162207 2.32794e-06 1.0000 0 0 0 0   0 0 0
94 1 2 0 33 4.06528e-07 -0.0162488 -0.0112576 57.6 0.0149636 -0.00778371 0.205952 0.130053 0.252127 0.000859534 1.0000 0 0 0 0   0 0 0
95 1 2 0 33 4.06776e-07 0.00287383 0.00867714 57.6 0.000582894 -0.0231864 0.210589 -0.0229897 0.0925848 -0.000663268 1.0000 0 0 0 0   0 0 0
97 1 2 0 33 4.06674e-07 -0.00555398 -0.0171346 57.6 0.00380141 -0.00639005 0.203926 0.04444 0.299202 0.00130326 1.0000 0 0 0 0   0 0 0
98 1 2 0 33 4.0677e-07 0.00387146 -0.0137772 57.6 -0.00173467 -0.0250363 0.203065 -0.0309703 0.272265 0.00105037 1.0000 0 0 0 0   0 0 0
99 1 2 0 33 4.06797e-07 -0.00717511 -0.0185074 57.6 -0.00866938 0.00715643 0.193108 0.0574294 0.310256 0.00140603 1.0000 0 0 0 0   0 0 0
100 1 2 0 33 4.06548e-07 0.015799 -0.0245887 57.6 -0.00568821 -0.0167919 0.206975 -0.126579 0.359245 0.00185681 1.0000 0 0 0 0   0 0 0
101 1 2 0 33 4.06925e-07 0.0208774 -0.0154868 57.6 0.0338899 0.0236962 0.197709 -0.167223 0.286121 0.00117938 1.0000 0 0 0 0   0 0 0
102 1 2 0 33 4.06242e-07 0.00153218 -0.0725912 57.6 -0.00821606 0.0161903 0.221429 -0.012391 0.751371 0.00489428 1.0000 0 0 0 0   0 0 0
104 1 2 0 33 4.07102e-07 0.013362 -0.0161115 57.6 -0.01462 -0.0070409 0.149693 -0.106966 0.291061 0.00122634 1.0000 0 0 0 0   0 0 0
105 1 2 0 33 4.06894e-07 -0.00628193 -0.0245259 57.6 0.0108145 -0.0158653 0.16909 0.0503136 0.358678 0.00185219 1.0000 0 0 0 0   0 0 0
106 1 2 0 33 4.06307e-07 0.00717885 -0.00370169 57.6 0.0090586 -0.0112191 0.178612 -0.0574284 0.191582 0.000283365 1.0000 0 0 0 0   0 0 0
108 1 2 0 33 4.08522e-07 -0.0183959 -0.00147236 57.6 -0.014327 0.0280261 0.154957 0.147207 0.173747 0.000112737 1.0000 0 0 0 0   0 0 0
109 1 2 0 33 4.07135e-07 0.0520327 0.00339281 57.6 0.0585384 -0.0163779 0.1901 -0.418447 0.134684 -0.000259726 1.0000 0 0 0 0   0 0 0
110 1 2 0 33 4.05903e-07 0.00607999 -0.0162592 57.6 0.000823602 0.0131013 0.223625 -0.0486427 0.292168 0.00123745 1.0000 0 0 0 0   0 0 0
111 1 2 0 33 4.05998e-07 0.0176283 -0.0193974 57.6 0.00758003 0.0148623 0.203774 -0.141201 0.31751 0.00147255 1.0000 0 0 0 0   0 0 0
115 1 2 0 33 4.07278e-07 -0.00721342 -0.0200672 57.6 -0.0309761 -0.0419237 0.146901 0.0577482 0.322803 0.00152241 1.0000 0 0 0 0   0 0 0
116 1 2 0 33 4.06312e-07 0.0146335 0.0540098 57.6 -0.0109295 0.0250384 0.210098 -0.117814 -0.271536 -0.003861 1.0000 0 0 0 0   0 0 0
117 1 2 0 33 4.06618e-07 -0.00886303 -0.0457444 57.6 0.00242263 0.0130686 0.199824 0.0712049 0.530432 0.00333567 1.0000 0 0 0 0   0 0 0
118 1 2 0 33 4.0637e-07 0.0130946 -0.00867747 57.6 -0.030653 -0.0162846 0.233664 -0.104753 0.231416 0.000663293 1.0000 0 0 0 0   0 0 0
119 1 2 0 33 4.06614e-07 0.0128561 -0.00585632 57.6 -0.00676983 0.00332526 0.162681 -0.102844 0.208828 0.000448091 1.0000 0 0 0 0   0 0 0
121 1 2 0 33 4.06686e-07 0.0129681 0.00307598 57.6 -0.022734 -0.019747 0.16427 -0.103741 0.137361 -0.000235479 1.0000 0 0 0 0   0 0 0
122 1 2 0 33 4.06921e-07 0.0241046 -0.00921356 57.6 -0.00154266 -0.00428785 0.161627 -0.193069 0.2358 0.000704133 1.0000 0 0 0 0   0 0 0
126 1 2 0 33 4.06246e-07 -0.0236462 -0.0168511 57.6 0.0235722 0.0226061 0.189568 0.189446 0.297102 0.00128195 1.0000 0 0 0 0   0 0 0
127 1 2 0 33 4.0641e-07 -0.0226322 -0.0170198 57.6 0.00103739 -0.00398155 0.169585 0.181313 0.298449 0.00129463 1.0000 0 0 0 0   0 0 0
128 1 2 0 33 4.05965e-07 -0.0309594 0.00133327 57.6 0.0145156 -0.00831973 0.229732 0.24807 0.151281 -0.000102087 1.0000 0 0 0 0   0 0 0
129 1 2 0 33 4.06363e-07 -0.0163094 -0.012175 57.6 0.0219248 0.000263904 0.178645 0.13055 0.259489 0.000929092 1.0000 0 0 0 0   0 0 0
131 1 2 0 33 4.0604e-07 -0.00458645 0.00578361 57.6 0.00103248 0.00886124 0.194538 0.0366901 0.115712 -0.000442541 1.0000 0 0 0 0   0 0 0
133 1 2 0 33 4.06628e-07 0.0254757 -0.0180192 57.6 0.0054192 0.000515112 0.212377 -0.204134 0.306501 0.0013695 1.0000 0 0 0 0   0 0 0
134 1 2 0 33 4.06882e-07 -0.0151164 -0.000971506 57.6 -0.0125264 -0.00767369 0.158421 0.120926 0.169736 7.43868e-05 1.0000 0 0 0 0   0 0 0
135 1 2 0 33 4.06994e-07 -0.0164684 -0.0297309 57.6 0.0203437 -0.0102852 0.196713 0.131987 0.400654 0.00223056 1.0000 0 0 0 0   0 0 0
136 1 2 0 33 4.06835e-07 -0.0188154 -0.021706 57.6 -0.0183882 -0.0004064 0.193457 0.15074 0.336081 0.00164415 1.0000 0 0 0 0   0 0 0
137 1 2 0 33 4.07095e-07 0.00387 -0.00794907 57.6 0.00875044 -0.0209445 0.154532 -0.0309587 0.225583 0.000607802 1.0000 0 0 0 0   0 0 0
138 1 2 0 33 4.06916e-07 0.00054764 0.000424144 57.6 0.00602564 -0.00643243 0.159741 -0.00438093 0.158571 -3.24763e-05 1.0000 0 0 0 0   0 0 0
139 1 2 0 33 4.07361e-07 0.0271829 -0.0289808 57.6 0.0192805 -0.0206978 0.173469 -0.21814 0.394921 0.00217659 1.0000 0 0 0 0   0 0 0
140 1 2 0 33 4.0707e-07 0.00648915 -0.0124718 57.6 0.0148597 0.00770973 0.183084 -0.051911 0.261807 0.000951575 1.0000 0 0 0 0   0 0 0
141 1 2 0 33 4.07122e-07 0.0122368 -0.0164076 57.6 0.0287587 -0.0175834 0.173475 -0.0979523 0.293427 0.00124861 1.0000 0 0 0 0   0 0 0
144 1 2 0 33 4.06523e-07 0.0119327 -0.0122012 57.6 0.0137564 -0.000859575 0.206333 -0.0954612 0.259643 0.000931077 1.0000 0 0 0 0   0 0 0
145 1 2 0 33 4.06763e-07 -0.00771078 -0.0262365 57.6 0.0245709 -0.0106585 0.207831 0.0617686 0.372456 0.00197737 1.0000 0 0 0 0   0 0 0
146 1 2 0 33 4.06565e-07 -0.0090579 -0.0121191 57.6 0.00335984 -0.000442078 0.211878 0.0724601 0.258981 0.000924856 1.0000 0 0 0 0   0 0 0
147 1 2 0 33 4.06434e-07 -0.00757836 -0.0298915 57.6 -0.0139462 0.0113839 0.215895 0.0607231 0.401889 0.0022421 1.0000 0 0 0 0   0 0 0
148 1 2 0 33 4.06553e-07 -0.0154156 0.00265228 57.6 -0.00112829 0.0271821 0.210298 0.123319 0.14075 -0.000203053 1.0000 0 0 0 0   0 0 0
149 1 2 0 33 4.0663e-07 -0.0173749 -0.030194 57.6 0.0127627 0.00721791 0.206773 0.139282 0.40443 0.00226387 1.0000 0 0 0 0   0 0 0
150 1 2 0 33 4.0666e-07 -0.0166498 -0.0177254 57.6 0.0019727 0.0138152 0.205349 0.133339 0.304063 0.00134752 1.0000 0 0 0 0   0 0 0
151 1 2 0 33 4.06649e-07 0.0105653 -0.00749192 57.6 -0.00655292 0.00800631 0.199097 -0.0845192 0.221923 0.000572946 1.0000 0 0 0 0   0 0 0
152 1 2 0 33 4.06542e-07 -0.0199745 -0.0174921 57.6 0.00909695 0.00539623 0.207532 0.159999 0.30222 0.00133006 1.0000 0 0 0 0   0 0 0
153 1 2 0 33 4.06978e-07 0.0211998 -0.0291468 57.6 -0.00396903 0.00584623 0.165032 -0.169994 0.396075 0.00218854 1.0000 0 0 0 0   0 0 0
158 1 2 0 33 4.06742e-07 0.00676309 -0.00882973 57.6 -0.000398963 0.00509543 0.157883 -0.0541024 0.232635 0.000674892 1.0000 0 0 0 0   0 0 0
159 1 2 0 33 4.06864e-07 0.00254765 -0.00898227 57.6 -0.0134491 -0.00205898 0.162046 -0.0203803 0.233857 0.000686513 1.0000 0 0 0 0   0 0 0
160 1 2 0 33 4.06126e-07 -0.0500281 -0.0149712 57.6 -0.001491 0.0068363 0.201434 0.402336 0.28247 0.00114051 1.0000 0 0 0 0   0 0 0
161 1 2 0 33 4.06613e-07 0.0115052 -0.00144968 57.6 -0.0142727 0.0120022 0.164545 -0.092038 0.173562 0.000111 1.0000 0 0 0 0   0 0 0
162 1 2 0 33 4.06806e-07 -0.0264068 0.00483697 57.6 0.00952109 -0.00147382 0.178648 0.211528 0.123229 -0.00037017 1.0000 0 0 0 0   0 0 0
163 1 2 0 33 4.06798e-07 -0.00563007 -0.0210502 57.6 0.00822249 -0.0208948 0.208775 0.0450752 0.330701 0.00159559 1.0000 0 0 0 0   0 0 0
164 1 2 0 33 4.06921e-07 -0.0188038 -0.0169618 57.6 -0.0174528 0.00783696 0.197914 0.150604 0.297949 0.00129027 1.0000 0 0 0 0   0 0 0
167 1 2 0 33 4.07611e-07 -0.0608205 0.00644567 57.6 -0.0677239 0.0100382 0.127201 0.490294 0.110022 -0.00049308 1.0000 0 0 0 0   0 0 0
168 1 2 0 33 4.07076e-07 -0.0105657 -0.0281945 57.6 -9.60071e-05 0.00673998 0.189371 0.0846553 0.388236 0.00211969 1.0000 0 0 0 0   0 0 0
169 1 2 0 33 4.07164e-07 -0.00715151 0.00936508 57.6 0.0105577 -0.00142225 0.183494 0.0572096 0.0870871 -0.000715677 1.0000 0 0 0 0   0 0 0
170 1 2 0 33 4.07355e-07 -0.0403548 0.018703 57.6 0.00140391 0.00155178 0.189515 0.324107 0.0119152 -0.00142067 1.0000 0 0 0 0   0 0 0
171 1 2 0 33 4.06617e-07 -0.0159203 0.00480698 57.6 0.000529526 0.00797154 0.210158 0.127357 0.12352 -0.000367878 1.0000 0 0 0 0   0 0 0
172 1 2 0 33 4.07135e-07 -0.0136175 0.00640854 57.6 -0.00626617 0.00600433 0.16399 0.108935 0.110717 -0.000490245 1.0000 0 0 0 0   0 0 0
174 1 2 0 33 4.06484e-07 0.0090084 -0.00272134 57.6 -0.0341513 0.0178754 0.17065 -0.0720641 0.183737 0.000208338 1.0000 0 0 0 0   0 0 0
179 1 2 0 33 4.06004e-07 0.0120959 -0.0245896 57.6 0.0177364 0.0176084 0.205883 -0.0968967 0.359225 0.00185688 1.0000 0 0 0 0   0 0 0
180 1 2 0 33 4.06433e-07 -0.0457489 0.0232134 57.6 0.0170403 0.0077878 0.185468 0.367814 -0.0244183 -0.00175565 1.0000 0 0 0 0   0 0 0
181 1 2 0 33 4.07081e-07 -0.00227834 0.0035012 57.6 0.00418086 0.0148935 0.177915 0.0182259 0.133961 -0.000268021 1.0000 0 0 0 0   0 0 0
182 1 2 0 33 4.07057e-07 0.00786278 -0.00153516 57.6 -0.00373639 -0.011299 0.158417 -0.0628995 0.174246 0.000117545 1.0000 0 0 0 0   0 0 0
183 1 2 0 33 4.06543e-07 0.0017209 -0.0141625 57.6 0.00104243 -0.00100528 0.212604 -0.0137666 0.275353 0.00107946 1.0000 0 0 0 0   0 0 0
185 1 2 0 33 4.06915e-07 0.000144439 -0.0125497 57.6 -0.00682286 0.00413874 0.192031 -0.00115546 0.262431 0.000957477 1.0000 0 0 0 0   0 0 0
186 1 2 0 33 4.06955e-07 -0.00182632 -0.0265289 57.6 -0.0089914 -0.00908101 0.176096 0.0146291 0.374792 0.00199873 1.0000 0 0 0 0   0 0 0
187 1 2 0 33 4.06845e-07 -0.0107031 -0.0327225 57.6 0.00300765 -0.00610181 0.198384 0.0857904 0.424745 0.00244445 1.0000 0 0 0 0   0 0 0
189 1 2 0 33 4.07114e-07 -0.0106948 0.0138726 57.6 -0.00102504 0.00795142 0.183016 0.085566 0.0510629 -0.00105757 1.0000 0 0 0 0   0 0 0
192 1 2 0 33 4.07349e-07 0.0153079 -0.0198913 57.6 -0.00873851 -0.0172507 0.160319 -0.122602 0.321459 0.00150932 1.0000 0 0 0 0   0 0 0
193 1 2 0 33 4.06874e-07 -0.0307465 -0.00506565 57.6 -0.0332065 -0.00324878 0.162612 0.246367 0.202566 0.000387653 1.0000 0 0 0 0   0 0 0
194 1 2 0 33 4.06937e-07 -0.00220963 -0.0399474 57.6 0.00421677 -0.0104614 0.19992 0.017733 0.483291 0.00294751 1.0000 0 0 0 0   0 0 0
195 1 2 0 33 4.06166e-07 -0.0299775 -0.0163357 57.6 -0.00901313 0.000526092 0.180212 0.240266 0.293017 0.0012432 1.0000 0 0 0 0   0 0 0
196 1 2 0 33 4.06732e-07 -0.0288484 -0.00738877 57.6 -0.0310486 0.00248306 0.158844 0.231137 0.221189 0.000565072 1.0000 0 0 0 0   0 0 0
199 1 2 0 33 4.06848e-07 -0.0115672 -0.0190074 57.6 -0.0112692 -0.000931836 0.153634 0.092614 0.314317 0.00144345 1.0000 0 0 0 0   0 0 0
200 1 2 0 33 4.0667e-07 -0.00875908 -0.00546215 57.6 0.010178 5.8397e-05 0.208799 0.0700697 0.205673 0.000417967 1.0000 0 0 0 0   0 0 0
0 1 2 0 34 4.13215e-07 -0.00641636 -0.0113534 59.4 0 0 0.204 0 0 0 1.0000 0 0 0 0   0 0 0
2 1 2 0 34 4.13349e-07 0.00438558 -0.0163365 59.4 -0.0152531 -0.000752789 0.196572 -0.0350835 0.292776 0.00124326 1.0000 0 0 0 0   0 0 0
3 1 2 0 34 4.13516e-07 -0.0300141 0.00861293 59.4 -0.00136114 0.0194145 0.196355 0.240499 0.0929841 -0.000658376 1.0000 0 0 0 0   0 0 0
4 1 2 0 34 4.13188e-07 -0.0266974 0.00936528 59.4 0.00317004 0.0103212 0.203254 0.21388 0.0869767 -0.000715692 1.0000 0 0 0 0   0 0 0
5 1 2 0 34 4.133e-07 -0.00552169 0.0011181 59.4 -0.000707554 0.0224429 0.206895 0.0441717 0.15302 -8.56119e-05 1.0000 0 0 0 0   0 0 0
6 1 2 0 34 4.13385e-07 0.000952339 -0.0178488 59.4 0.00439171 -0.00216661 0.201814 -0.00761992 0.304925 0.00135675 1.0000 0 0 0 0   0 0 0
7 1 2 0 34 4.13551e-07 -0.0143084 0.0106673 59.4 -0.00670399 0.0193699 0.187287 0.114485 0.0766651 -0.000814678 1.0000 0 0 0 0   0 0 0
8 1 2 0 34 4.1338e-07 -0.0347446 -0.00536565 59.4 -0.00180507 -0.0102029 0.193391 0.278545 0.204993 0.000410589 1.0000 0 0 0 0   0 0 0
9 1 2 0 34 4.13908e-07 -0.030292 0.0128727 59.4 -0.00451762 0.00644831 0.18822 0.242751 0.0588831 -0.000981948 1.0000 0 0 0 0   0 0 0
10 1 2 0 34 4.13552e-07 0.00243776 -0.013151 59.4 0.000271812 0.0404856 0.194352 -0.0195013 0.267248 0.00100302 1.0000 0 0 0 0   0 0 0
11 1 2 0 34 4.13754e-07 -0.00373394 -0.0169739 59.4 0.0197924 0.0365554 0.180654 0.0298734 0.297898 0.00129118 1.0000 0 0 0 0   0 0 0
12 1 2 0 34 4.15742e-07 -0.122882 -0.0878003 59.4 -0.0820483 -0.0491308 0.112975 1.0307 0.901766 0.00555363 1.0000 0 0 0 0   0 0 0
14 1 2 0 34 4.14163e-07 0.0191691 -0.0208812 59.4 0.00514903 0.0243755 0.169981 -0.15357 0.329452 0.00158301 1.0000 0 0 0 0   0 0 0
15 1 2 0 34 4.14082e-07 -0.0193465 0.0560126 59.4 0.00124198 0.0501423 0.184127 0.15589 -0.287944 -0.00398274 1.0000 0 0 0 0   0 0 0
16 1 2 0 34 4.14122e-07 0.0160512 -0.0305341 59.4 -0.00565526 0.0104383 0.164041 -0.12866 0.407145 0.00228833 1.0000 0 0 0 0   0 0 0
17 1 2 0 34 4.13639e-07 -0.00689557 0.0233955 59.4 -0.0121885 0.0747828 0.175844 0.0552234 -0.0251453 -0.00176905 1.0000 0 0 0 0   0 0 0
18 1 2 0 34 4.14312e-07 0.0283126 -0.0377845 59.4 -0.0234039 0.0097929 0.183575 -0.227481 0.466207 0.00279895 1.0000 0 0 0 0   0 0 0
19 1 2 0 34 4.1346e-07 -0.00222901 -0.0227766 59.4 0.0103096 0.00636567 0.193445 0.0178482 0.344583 0.00172341 1.0000 0 0 0 0   0 0 0
20 1 2 0 34 4.1384e-07 0.0388256 -0.00151714 59.4 -0.00472636 0.0130009 0.172936 -0.311518 0.174138 0.000116165 1.0000 0 0 0 0   0 0 0
21 1 2 0 34 4.1342e-07 0.0133775 -0.000778833 59.4 0.0125678 -0.0140531 0.190262 -0.107016 0.168194 5.96341e-05 1.0000 0 0 0 0   0 0 0
22 1 2 0 34 4.13237e-07 -0.00593897 -0.00721323 59.4 -0.00970625 -0.00498008 0.196377 0.0475097 0.219691 0.000551672 1.0000 0 0 0 0   0 0 0
23 1 2 0 34 4.13228e-07 0.0072127 -0.0290674 59.4 0.00409136 -0.0127671 0.201042 -0.0577897 0.39525 0.00218283 1.0000 0 0 0 0   0 0 0
24 1 2 0 34 4.13358e-07 0.0243234 -0.00628011 59.4 -0.0246306 0.00102705 0.194983 -0.194808 0.21228 0.000480442 1.0000 0 0 0 0   0 0 0
25 1 2 0 34 4.1356e-07 -0.0107628 -0.0027367 59.4 0.0189264 0.00623691 0.184539 0.0860985 0.18386 0.000209514 1.0000 0 0 0 0   0 0 0
26 1 2 0 34 4.13253e-07 -0.0593961 -0.0302681 59.4 -0.0257908 -0.0052461 0.206581 0.479359 0.40667 0.0022692 1.0000 0 0 0 0   0 0 0
27 1 2 0 34 4.13766e-07 0.00321266 -0.0325929 59.4 -0.00363436 -0.000345782 0.183617 -0.025745 0.423643 0.00243527 1.0000 0 0 0 0   0 0 0
28 1 2 0 34 4.148e-07 -0.0517117 -0.0233802 59.4 -0.0512718 -0.00801961 0.127192 0.416416 0.350491 0.00176792 1.0000 0 0 0 0   0 0 0
29 1 2 0 34 4.1461e-07 0.0157368 -0.00292024 59.4 -0.0271358 -0.00443319 0.150203 -0.125889 0.185329 0.00022356 1.0000 0 0 0 0   0 0 0
33 1 2 0 34 4.14125e-07 0.00792007 -0.0161327 59.4 0.00793862 0.00571881 0.167145 -0.0633717 0.29117 0.00122794 1.0000 0 0 0 0   0 0 0
36 1 2 0 34 4.14548e-07 0.0111905 -0.00562607 59.4 -0.0129873 0.0182981 0.15141 -0.0895201 0.206985 0.000430499 1.0000 0 0 0 0   0 0 0
37 1 2 0 34 4.13831e-07 -0.00833592 -0.0054526 59.4 0.00308937 -0.0365348 0.174698 0.0666845 0.205596 0.000417237 1.0000 0 0 0 0   0 0 0
38 1 2 0 34 4.13569e-07 1.22654e-05 -0.0226529 59.4 -0.0165468 0.00965081 0.185396 -9.82088e-05 0.343584 0.00171425 1.0000 0 0 0 0   0 0 0
40 1 2 0 34 4.13447e-07 0.00289747 -0.0200283 59.4 -0.00684282 -8.45438e-06 0.177667 -0.0231926 0.322466 0.00151952 1.0000 0 0 0 0   0 0 0
41 1 2 0 34 4.13948e-07 0.00746553 0.0149523 59.4 -0.0112263 0.0182481 0.174199 -0.0597217 0.0424549 -0.00113908 1.0000 0 0 0 0   0 0 0
42 1 2 0 34 4.13672e-07 0.00823526 -0.00498546 59.4 -0.0284986 0.00890405 0.181376 -0.0658793 0.201857 0.000381522 1.0000 0 0 0 0   0 0 0
44 1 2 0 34 4.13918e-07 -0.0227787 -0.0106283 59.4 -0.00873354 0.0132407 0.166308 0.182438 0.24714 0.00081171 1.0000 0 0 0 0   0 0 0
46 1 2 0 34 4.14315e-07 0.010973 -0.0106249 59.4 -0.00146291 -0.0122363 0.145471 -0.0877807 0.247012 0.000811452 1.0000 0 0 0 0   0 0 0
48 1 2 0 34 4.13946e-07 0.0146961 -0.02791 59.4 0.010157 0.0112235 0.163235 -0.117761 0.385969 0.00209906 1.0000 0 0 0 0   0 0 0
49 1 2 0 34 4.14713e-07 -0.0847558 -0.0350015 59.4 -0.0699954 -0.0176559 0.121049 0.690004 0.447481 0.00260518 1.0000 0 0 0 0   0 0 0
51 1 2 0 34 4.1376e-07 -0.0151442 -0.0791892 59.4 -0.0120999 -0.0361381 0.190406 0.122779 0.806746 0.00520305 1.0000 0 0 0 0   0 0 0
53 1 2 0 34 4.13518e-07 0.00173238 -0.0327417 59.4 -0.00406787 0.00630295 0.185173 -0.0138826 0.424839 0.0024458 1.0000 0 0 0 0   0 0 0
54 1 2 0 34 4.1379e-07 0.0174491 -0.0191138 59.4 -0.00527797 0.02615 0.179394 -0.139762 0.315229 0.00145141 1.0000 0 0 0 0   0 0 0
55 1 2 0 34 4.13893e-07 0.00612345 -0.0316927 59.4 0.00377767 0.0107087 0.176473 -0.0490696 0.416395 0.00237107 1.0000 0 0 0 0   0 0 0
56 1 2 0 34 4.13478e-07 -0.0198507 -0.0294705 59.4 -0.0021185 0.000976065 0.189421 0.159156 0.398651 0.00221182 1.0000 0 0 0 0   0 0 0
57 1 2 0 34 4.13794e-07 0.00690017 -0.0283934 59.4 -0.0310346 0.00896269 0.182481 -0.0552829 0.389821 0.00213411 1.0000 0 0 0 0   0 0 0
59 1 2 0 34 4.13231e-07 -0.0232793 -0.00910154 59.4 0.00119817 -0.00234254 0.199048 0.186444 0.234897 0.000695599 1.0000 0 0 0 0   0 0 0
60 1 2 0 34 4.13442e-07 -0.0152587 -0.0243032 59.4 -0.000403312 -0.00292122 0.187895 0.122245 0.356944 0.00183581 1.0000 0 0 0 0   0 0 0
61 1 2 0 34 4.13547e-07 -0.00547654 0.00619131 59.4 0.00671266 0.00164775 0.188968 0.0438104 0.112453 -0.000473663 1.0000 0 0 0 0   0 0 0
62 1 2 0 34 4.13971e-07 -0.00149257 -0.00888592 59.4 -0.0175993 0.0113607 0.172588 0.01194 0.233085 0.000679173 1.0000 0 0 0 0   0 0 0
63 1 2 0 34 4.13851e-07 -0.0319335 -0.00236098 59.4 -0.00213614 0.0172517 0.178186 0.255892 0.180885 0.00018076 1.0000 0 0 0 0   0 0 0
64 1 2 0 34 4.13684e-07 -0.0116105 -0.0105338 59.4 0.00587376 -0.015039 0.156754 0.0928801 0.246283 0.000804531 1.0000 0 0 0 0   0 0 0
66 1 2 0 34 4.1422e-07 0.0130347 -0.0122598 59.4 -0.0141839 -0.00881254 0.15079 -0.104295 0.260129 0.000935517 1.0000 0 0 0 0   0 0 0
67 1 2 0 34 4.14361e-07 -0.00025512 -0.0188865 59.4 -0.0249429 -0.0168697 0.144449 0.00204166 0.313274 0.0014344 1.0000 0 0 0 0   0 0 0
69 1 2 0 34 4.14281e-07 -0.0521837 -0.083671 59.4 0.013748 0.00871357 0.197004 0.425914 0.847943 0.00539316 1.0000 0 0 0 0   0 0 0
70 1 2 0 34 4.13617e-07 -0.000788227 -0.0116174 59.4 -0.020718 -0.0146545 0.162559 0.00630555 0.254962 0.00088685 1.0000 0 0 0 0   0 0 0
72 1 2 0 34 4.14199e-07 -0.0171587 0.0051829 59.4 -0.000686008 0.0278155 0.162049 0.137293 0.120506 -0.000396618 1.0000 0 0 0 0   0 0 0
74 1 2 0 34 4.13202e-07 -0.00103313 -0.00697963 59.4 -0.00185667 0.00195206 0.199022 0.00826468 0.217821 0.00053384 1.0000 0 0 0 0   0 0 0
75 1 2 0 34 4.13622e-07 0.009764 -0.0337307 59.4 -0.00142495 -0.000414657 0.188304 -0.0782765 0.432905 0.0025157 1.0000 0 0 0 0   0 0 0
76 1 2 0 34 4.13785e-07 -0.0170486 -0.0261737 59.4 -0.00539062 0.0010274 0.180303 0.136608 0.372009 0.00197278 1.0000 0 0 0 0   0 0 0
77 1 2 0 34 4.13296e-07 -0.00600684 -0.00627842 59.4 -0.012764 -0.00437854 0.20101 0.0480527 0.212207 0.000480312 1.0000 0 0 0 0   0 0 0
78 1 2 0 34 4.13325e-07 -0.0217524 -0.00532986 59.4 -0.00166516 0.00592041 0.19966 0.174166 0.204652 0.000407853 1.0000 0 0 0 0   0 0 0
79 1 2 0 34 4.13572e-07 -0.00498605 -0.0211944 59.4 0.0232706 -0.000310848 0.189985 0.039919 0.331857 0.00160629 1.0000 0 0 0 0   0 0 0
80 1 2 0 34 4.13715e-07 -7.96769e-05 -0.00518162 59.4 0.000761254 0.00352389 0.183711 0.000637388 0.203427 0.00039652 1.0000 0 0 0 0   0 0 0
81 1 2 0 34 4.13501e-07 -0.0189784 0.0087095 59.4 -0.0238503 0.0105595 0.194101 0.151925 0.0922781 -0.000665734 1.0000 0 0 0 0   0 0 0
82 1 2 0 34 4.13439e-07 0.0142749 -0.00741915 59.4 -0.00559218 0.00881065 0.193065 -0.114194 0.22134 0.000567392 1.0000 0 0 0 0   0 0 0
83 1 2 0 34 4.1343e-07 -0.0165532 -0.0144376 59.4 -0.00801216 -3.60373e-05 0.193082 0.13253 0.277654 0.00110023 1.0000 0 0 0 0   0 0 0
85 1 2 0 34 4.13424e-07 -0.00614609 0.000693204 59.4 -0.00666193 0.00187258 0.185688 0.0491666 0.156419 -5.30779e-05 1.0000 0 0 0 0   0 0 0
86 1 2 0 34 4.13703e-07 -0.0330373 -0.0128993 59.4 0.00486691 0.00697709 0.180059 0.264877 0.265462 0.000983957 1.0000 0 0 0 0   0 0 0
87 1 2 0 34 4.13485e-07 -0.000144926 -0.0263861 59.4 -0.0179521 0.0111619 0.185525 0.00116086 0.373641 0.0019883 1.0000 0 0 0 0   0 0 0
88 1 2 0 34 4.13567e-07 0.040791 -0.0342046 59.4 -0.00975692 -0.000435236 0.194441 -0.328151 0.437671 0.00254918 1.0000 0 0 0 0   0 0 0
89 1 2 0 34 4.13345e-07 0.0058856 -0.0255448 59.4 -0.0381438 0.0145692 0.200672 -0.0471431 0.366879 0.00192684 1.0000 0 0 0 0   0 0 0
90 1 2 0 34 4.14109e-07 0.0178452 -0.00928197 59.4 -0.00920042 -0.00651139 0.156331 -0.142838 0.236299 0.000709345 1.0000 0 0 0 0   0 0 0
91 1 2 0 34 4.13489e-07 -0.00237122 -0.0130307 59.4 -0.0051446 -0.0071942 0.18948 0.018969 0.266284 0.000993913 1.0000 0 0 0 0   0 0 0
92 1 2 0 34 4.13672e-07 0.0276681 -0.0357758 59.4 0.025912 -0.0187662 0.184501 -0.222239 0.449919 0.00265936 1.0000 0 0 0 0   0 0 0
93 1 2 0 34 4.1344e-07 -0.00967349 0.00328378 59.4 0.00366219 0.017842 0.198922 0.0773846 0.1357 -0.000251382 1.0000 0 0 0 0   0 0 0
94 1 2 0 34 4.1332e-07 -0.0162462 -0.00272292 59.4 -0.016051 0.00490789 0.195332 0.129964 0.18375 0.000208459 1.0000 0 0 0 0   0 0 0
95 1 2 0 34 4.13594e-07 -0.0132779 -0.00175606 59.4 0.00833893 0.0260174 0.197959 0.106219 0.176013 0.000134459 1.0000 0 0 0 0   0 0 0
97 1 2 0 34 4.13486e-07 -0.0121794 -7.14095e-05 59.4 -0.00477418 -0.0022459 0.194215 0.0974311 0.162535 5.46758e-06 1.0000 0 0 0 0   0 0 0
98 1 2 0 34 4.13622e-07 -0.0126576 0.0185486 59.4 0.00352281 0.0140132 0.191974 0.101347 0.0136088 -0.00140912 1.0000 0 0 0 0   0 0 0
99 1 2 0 34 4.13742e-07 0.0110789 -0.0164989 59.4 -1.48389e-05 -0.0085572 0.181408 -0.0886755 0.294148 0.00125547 1.0000 0 0 0 0   0 0 0
100 1 2 0 34 4.13385e-07 -0.0186042 0.0168638 59.4 0.0126303 0.00454531 0.196916 0.149003 0.0270326 -0.0012829 1.0000 0 0 0 0   0 0 0
101 1 2 0 34 4.13829e-07 -0.0565065 -0.0347111 59.4 -0.00279937 -0.014953 0.189195 0.456008 0.44264 0.00258486 1.0000 0 0 0 0   0 0 0
102 1 2 0 34 4.1307e-07 -0.00904619 0.0235929 59.4 0.0123112 -0.0408013 0.208071 0.0724529 -0.0267377 -0.00178356 1.0000 0 0 0 0   0 0 0
104 1 2 0 34 4.14655e-07 -0.00372693 -0.0285051 59.4 -0.0230612 -0.0204404 0.135431 0.0298584 0.39071 0.00214221 1.0000 0 0 0 0   0 0 0
105 1 2 0 34 4.14111e-07 -0.00912712 -0.00571148 59.4 -0.00433248 -0.0221821 0.157101 0.0730139 0.207669 0.000437029 1.0000 0 0 0 0   0 0 0
106 1 2 0 34 4.13379e-07 -0.00816393 0.00408411 59.4 0.00617398 0.00474946 0.165634 0.0653087 0.1293 -0.000312612 1.0000 0 0 0 0   0 0 0
108 1 2 0 34 4.16382e-07 -0.0790211 0.0361977 59.4 -0.0627344 0.0322945 0.123325 0.642032 -0.13153 -0.00268888 1.0000 0 0 0 0   0 0 0
109 1 2 0 34 4.14492e-07 -0.059088 0.00809964 59.4 0.0519477 0.00861036 0.187566 0.47616 0.0967235 -0.000619273 1.0000 0 0 0 0   0 0 0
110 1 2 0 34 4.12598e-07 -0.0275985 -0.0148318 59.4 0.00447907 -0.0170943 0.213749 0.221145 0.280912 0.00112998 1.0000 0 0 0 0   0 0 0
111 1 2 0 34 4.12839e-07 -0.0255198 -0.0210393 59.4 0.00986761 -0.0142632 0.19224 0.204509 0.330773 0.00159478 1.0000 0 0 0 0   0 0 0
116 1 2 0 34 4.13287e-07 0.00600261 -0.0635609 59.4 0.0191794 0.028584 0.200336 -0.0484172 0.67647 0.00442019 1.0000 0 0 0 0   0 0 0
117 1 2 0 34 4.13522e-07 -0.00708844 -0.00952701 59.4 -0.00614261 -0.0277821 0.185034 0.0567051 0.238219 0.000728013 1.0000 0 0 0 0   0 0 0
118 1 2 0 34 4.13105e-07 -0.0197474 -0.00292025 59.4 0.0325296 0.0193323 0.221 0.158061 0.185342 0.000223561 1.0000 0 0 0 0   0 0 0
119 1 2 0 34 4.13884e-07 0.0142214 -0.00742727 59.4 0.00270142 0.00558651 0.153385 -0.113767 0.221405 0.000568012 1.0000 0 0 0 0   0 0 0
121 1 2 0 34 4.1398e-07 0.0181514 0.00612074 59.4 -0.011204 -0.00235081 0.156876 -0.145267 0.112996 -0.000468276 1.0000 0 0 0 0   0 0 0
122 1 2 0 34 4.14236e-07 0.0214361 -0.00693161 59.4 0.0180788 -0.00398052 0.151316 -0.171636 0.217487 0.000530174 1.0000 0 0 0 0   0 0 0
126 1 2 0 34 4.13179e-07 -0.0217421 -0.0340139 59.4 -0.021606 -0.0128724 0.179455 0.174499 0.43549 0.0025357 1.0000 0 0 0 0   0 0 0
127 1 2 0 34 4.1365e-07 -0.0103624 -0.011099 59.4 -0.0259982 -0.0127093 0.152963 0.0828958 0.25081 0.000847481 1.0000 0 0 0 0   0 0 0
128 1 2 0 34 4.12609e-07 -0.00230586 -0.0194506 59.4 -0.0151481 0.00823588 0.220086 0.0184553 0.317816 0.00147651 1.0000 0 0 0 0   0 0 0
129 1 2 0 34 4.13389e-07 -0.0222136 -0.00859597 59.4 -0.0121658 -0.000634678 0.166684 0.177887 0.230835 0.000657084 1.0000 0 0 0 0   0 0 0
131 1 2 0 34 4.12945e-07 -0.0056744 -0.0265653 59.4 -0.00329057 0.00509044 0.184435 0.0454551 0.375094 0.00200139 1.0000 0 0 0 0   0 0 0
133 1 2 0 34 4.13412e-07 -0.0436625 0.00550375 59.4 0.00264577 0.0109791 0.200185 0.350647 0.117778 -0.000421147 1.0000 0 0 0 0   0 0 0
134 1 2 0 34 4.1434e-07 -0.0235422 -0.00158688 59.4 -0.0415995 -0.000350698 0.140665 0.188522 0.174672 0.000121505 1.0000 0 0 0 0   0 0 0
135 1 2 0 34 4.13862e-07 -0.0214643 0.0112473 59.4 -0.0176629 -0.0061003 0.186909 0.171895 0.0719498 -0.000858749 1.0000 0 0 0 0   0 0 0
136 1 2 0 34 4.13824e-07 0.0277396 -0.00577504 59.4 -0.0045786 -0.00705376 0.182454 -0.22223 0.208245 0.000441886 1.0000 0 0 0 0   0 0 0
137 1 2 0 34 4.14564e-07 0.00547837 -0.0171476 59.4 -0.00169402 -0.0215815 0.141215 -0.0438349 0.299306 0.00130424 1.0000 0 0 0 0   0 0 0
138 1 2 0 34 4.14216e-07 -0.00212871 -0.000398459 59.4 -0.0037742 0.00383635 0.148423 0.0170289 0.165151 3.05093e-05 1.0000 0 0 0 0   0 0 0
139 1 2 0 34 4.14683e-07 0.00370662 -0.00284966 59.4 0.0326024 -0.0269189 0.15965 -0.0296517 0.184764 0.000218159 1.0000 0 0 0 0   0 0 0
140 1 2 0 34 4.14063e-07 -0.0200991 -0.0200187 59.4 0.00550797 -0.00258337 0.173589 0.161021 0.322527 0.0015188 1.0000 0 0 0 0   0 0 0
141 1 2 0 34 4.14295e-07 -0.0228851 0.00702579 59.4 0.0155614 -0.00976461 0.165194 0.183267 0.105723 -0.000537364 1.0000 0 0 0 0   0 0 0
144 1 2 0 34 4.13325e-07 -0.036533 -0.00768523 59.4 -0.00219298 -0.00031374 0.193873 0.29303 0.223634 0.000587702 1.0000 0 0 0 0   0 0 0
145 1 2 0 34 4.13573e-07 -0.0272009 0.0127859 59.4 -0.0107216 0.000592467 0.193878 0.217941 0.0595962 -0.000975367 1.0000 0 0 0 0   0 0 0
146 1 2 0 34 4.13311e-07 -0.011656 -0.0101553 59.4 -0.00255614 -0.00189783 0.202241 0.0932437 0.243251 0.000775768 1.0000 0 0 0 0   0 0 0
147 1 2 0 34 4.13209e-07 0.00112273 -0.00605408 59.4 0.0098315 -0.0187203 0.204445 -0.00898146 0.210411 0.000463187 1.0000 0 0 0 0   0 0 0
148 1 2 0 34 4.13353e-07 3.20346e-05 -0.0462342 59.4 -0.00101473 -0.0111939 0.202233 -0.00025735 0.534367 0.00336781 1.0000 0 0 0 0   0 0 0
149 1 2 0 34 4.13414e-07 -0.0127447 -0.00296992 59.4 -0.0125467 -0.0127492 0.197607 0.101954 0.185726 0.000227362 1.0000 0 0 0 0   0 0 0
150 1 2 0 34 4.13464e-07 -0.0026586 -0.0192989 59.4 -0.00561438 -0.0110815 0.195562 0.0212781 0.316596 0.00146522 1.0000 0 0 0 0   0 0 0
151 1 2 0 34 4.13537e-07 -0.00360425 -0.0234992 59.4 0.0163749 -0.00341039 0.186504 0.0288629 0.350403 0.00177667 1.0000 0 0 0 0   0 0 0
152 1 2 0 34 4.13322e-07 -0.00942023 -0.0119808 59.4 -0.0148336 -0.00766361 0.197151 0.0753586 0.257873 0.000914379 1.0000 0 0 0 0   0 0 0
153 1 2 0 34 4.14244e-07 0.0192379 -0.0266113 59.4 0.0112397 -0.0171927 0.154267 -0.154166 0.375547 0.00200475 1.0000 0 0 0 0   0 0 0
158 1 2 0 34 4.14063e-07 0.00899396 -0.00905287 59.4 -0.00154848 0.00471308 0.148286 -0.0719486 0.234422 0.000691891 1.0000 0 0 0 0   0 0 0
159 1 2 0 34 4.1417e-07 0.00971535 -0.00938377 59.4 -0.0150719 -0.00342049 0.150554 -0.0777195 0.237072 0.0007171 1.0000 0 0 0 0   0 0 0
160 1 2 0 34 4.13039e-07 0.019371 -0.0179803 59.4 -0.031068 -0.00791084 0.188158 -0.155163 0.306138 0.00136659 1.0000 0 0 0 0   0 0 0
161 1 2 0 34 4.13904e-07 0.0202074 -0.0100717 59.4 -0.00238819 0.0150056 0.156299 -0.1618 0.242655 0.000769419 1.0000 0 0 0 0   0 0 0
162 1 2 0 34 4.13872e-07 -0.0139493 -0.00883347 59.4 -0.0256304 0.0119978 0.165547 0.11159 0.232665 0.000675177 1.0000 0 0 0 0   0 0 0
163 1 2 0 34 4.13592e-07 -0.0177207 0.0179755 59.4 -0.00439883 0.0105972 0.197162 0.141928 0.0181454 -0.00136623 1.0000 0 0 0 0   0 0 0
164 1 2 0 34 4.13852e-07 0.0221288 -0.0190452 59.4 -0.00745891 -0.00790444 0.187505 -0.177291 0.314719 0.00144628 1.0000 0 0 0 0   0 0 0
168 1 2 0 34 4.14031e-07 0.00399158 -0.0125962 59.4 -0.00342916 -0.0160197 0.178626 -0.0319313 0.262804 0.000961002 1.0000 0 0 0 0   0 0 0
169 1 2 0 34 4.14162e-07 -0.0116196 -0.011201 59.4 -0.0064727 0.0158905 0.172053 0.0929527 0.251627 0.000855232 1.0000 0 0 0 0   0 0 0
170 1 2 0 34 4.14389e-07 0.0043928 -0.0152337 59.4 -0.0289436 0.0204333 0.175338 -0.0351409 0.283936 0.00116032 1.0000 0 0 0 0   0 0 0
171 1 2 0 34 4.13391e-07 -0.00273299 -0.0297211 59.4 -0.00552044 0.00160041 0.200901 0.0218972 0.400504 0.00222985 1.0000 0 0 0 0   0 0 0
172 1 2 0 34 4.14502e-07 -0.00923031 0.00635954 59.4 -0.027693 0.0232054 0.146768 0.0738393 0.111108 -0.000486505 1.0000 0 0 0 0   0 0 0
174 1 2 0 34 4.13799e-07 0.0300755 -0.0150147 59.4 -0.0140296 0.0181638 0.162406 -0.241024 0.282397 0.00114379 1.0000 0 0 0 0   0 0 0
179 1 2 0 34 4.12829e-07 -0.0356231 -0.0195495 59.4 -0.000210092 -0.0160636 0.194395 0.285921 0.319051 0.00148387 1.0000 0 0 0 0   0 0 0
180 1 2 0 34 4.13521e-07 -0.0141532 -0.0187165 59.4 -0.0393904 0.0270432 0.167176 0.113335 0.312004 0.00142168 1.0000 0 0 0 0   0 0 0
181 1 2 0 34 4.14166e-07 -0.00359285 -0.0281279 59.4 -0.00389876 0.0114628 0.167411 0.0287835 0.387673 0.00211486 1.0000 0 0 0 0   0 0 0
182 1 2 0 34 4.14385e-07 0.00757902 -0.00192751 59.4 -0.00600608 -0.00260038 0.148194 -0.0606296 0.177385 0.000147586 1.0000 0 0 0 0   0 0 0
183 1 2 0 34 4.13306e-07 -0.0184595 -0.00619486 59.4 0.000634971 0.00176936 0.200859 0.14774 0.211562 0.000473933 1.0000 0 0 0 0   0 0 0
185 1 2 0 34 4.1385e-07 0.00540257 -0.0140163 59.4 0.00698482 -0.000516185 0.181109 -0.0432187 0.274181 0.00106842 1.0000 0 0 0 0   0 0 0
186 1 2 0 34 4.14087e-07 0.00627444 -0.00346731 59.4 -0.00905989 -0.0186027 0.164838 -0.0501934 0.189707 0.000265427 1.0000 0 0 0 0   0 0 0
187 1 2 0 34 4.13723e-07 -0.00400706 0.00887272 59.4 -0.00394765 -0.00936597 0.188544 0.0320551 0.0910219 -0.000678167 1.0000 0 0 0 0   0 0 0
189 1 2 0 34 4.14171e-07 0.00346908 -0.0150989 59.4 -0.00856059 0.0211879 0.170779 -0.0277514 0.282856 0.00115014 1.0000 0 0 0 0   0 0 0
192 1 2 0 34 4.14774e-07 0.0121045 -0.0231255 59.4 -0.0081722 -0.0320763 0.14646 -0.096955 0.347444 0.00174918 1.0000 0 0 0 0   0 0 0
193 1 2 0 34 4.14927e-07 -0.125744 -0.0407066 59.4 -0.087727 -0.0249032 0.118674 1.04314 0.500417 0.00299917 1.0000 0 0 0 0   0 0 0
194 1 2 0 34 4.13819e-07 -0.00941787 0.019847 59.4 0.000180876 -0.00954509 0.190659 0.0754026 0.00324586 -0.00150602 1.0000 0 0 0 0   0 0 0
195 1 2 0 34 4.13284e-07 0.00769439 -0.00808377 59.4 -0.0301683 -0.00454829 0.166122 -0.0615525 0.226662 0.000618063 1.0000 0 0 0 0   0 0 0
196 1 2 0 34 4.14986e-07 -0.168299 -0.0613662 59.4 -0.0916182 -0.0282406 0.111887 1.43982 0.688664 0.00429675 1.0000 0 0 0 0   0 0 0
199 1 2 0 34 4.14426e-07 -0.0355658 -0.0258995 59.4 -0.0456278 -0.0137433 0.131909 0.285623 0.37027 0.00195275 1.0000 0 0 0 0   0 0 0
199 1 2 0 34 4.27685e-07 0.0997966 0.00406079 59.4 0.0907031 0.0144414 -0.0814909 -0.814871 0.128814 -0.000310829 1.0000 0 0 0 0   0 0 0
200 1 2 0 34 4.13434e-07 -0.0177523 -0.0129348 59.4 -0.00746619 0.00637225 0.198461 0.142131 0.265602 0.000986648 1.0000 0 0 0 0   0 0 0
0 1 2 0 35 4.19976e-07 -0.00641636 -0.0113534 61.2 0 0 0.204 0 0 0 1.0000 0 0 0 0   0 0 0
2 1 2 0 35 4.20277e-07 0.00858478 -0.00970609 61.2 0.00939005 -0.00474346 0.184193 -0.0686753 0.239653 0.000741634 1.0000 0 0 0 0   0 0 0
3 1 2 0 35 4.20452e-07 0.00982118 -0.0391179 61.2 -0.0163689 0.00964877 0.185932 -0.078823 0.476623 0.00289071 1.0000 0 0 0 0   0 0 0
4 1 2 0 35 4.20027e-07 0.0023635 -0.0333544 61.2 -0.0152902 0.00681525 0.19321 -0.0189409 0.429778 0.0024891 1.0000 0 0 0 0   0 0 0
5 1 2 0 35 4.20116e-07 -0.00797986 -0.0422191 61.2 -0.00211574 -0.0109457 0.19485 0.0640744 0.501783 0.00310151 1.0000 0 0 0 0   0 0 0
6 1 2 0 35 4.20213e-07 -0.0160098 -0.00442496 61.2 -0.000680719 -0.00192387 0.191684 0.128073 0.197371 0.000338671 1.0000 0 0 0 0   0 0 0
7 1 2 0 35 4.20586e-07 0.012868 -0.0383677 61.2 -0.0100125 0.0112476 0.17728 -0.103279 0.470582 0.00283933 1.0000 0 0 0 0   0 0 0
8 1 2 0 35 4.20343e-07 0.00852315 0.00382905 61.2 -0.023455 0.00999099 0.180221 -0.0681823 0.131339 -0.000293111 1.0000 0 0 0 0   0 0 0
9 1 2 0 35 4.20934e-07 0.0121217 -0.0211905 61.2 -0.0203017 0.0179393 0.176346 -0.0970771 0.331878 0.001606 1.0000 0 0 0 0   0 0 0
10 1 2 0 35 4.20501e-07 -0.0055005 -0.0566774 61.2 0.00606188 -0.0190994 0.187574 0.0442958 0.619851 0.00402254 1.0000 0 0 0 0   0 0 0
11 1 2 0 35 4.2082e-07 -0.0189818 -0.0540414 61.2 -0.00132168 -0.00969637 0.172323 0.152875 0.598531 0.00386293 1.0000 0 0 0 0   0 0 0
11 1 2 0 35 4.48736e-07 0.0832731 -0.148541 61.2 0.0548686 -0.0672498 -0.127843 -0.707629 1.43243 0.005964 1.0000 0 0 0 0   0 0 0
14 1 2 0 35 4.21362e-07 0.00654945 -0.0362994 61.2 0.0114257 -0.00612413 0.160474 -0.0525277 0.4537 0.002696 1.0000 0 0 0 0   0 0 0
15 1 2 0 35 4.21796e-07 -0.0185698 0.0225673 61.2 -0.0415586 0.0822317 0.158137 0.148778 -0.0186047 -0.00170791 1.0000 0 0 0 0   0 0 0
16 1 2 0 35 4.21389e-07 0.0168913 -0.0271866 61.2 0.00383996 -0.0141397 0.154102 -0.135354 0.380161 0.00204661 1.0000 0 0 0 0   0 0 0
17 1 2 0 35 4.21723e-07 -0.0273533 0.0596441 61.2 -0.0557747 0.0878905 0.148049 0.220711 -0.317687 -0.00419763 1.0000 0 0 0 0   0 0 0
18 1 2 0 35 4.21441e-07 0.0276396 -0.019475 61.2 0.0236402 -0.0242795 0.17187 -0.221509 0.318216 0.00147833 1.0000 0 0 0 0   0 0 0
19 1 2 0 35 4.2035e-07 -0.0153736 -0.0112832 61.2 -0.00200026 -0.00754162 0.183556 0.123035 0.252322 0.000861473 1.0000 0 0 0 0   0 0 0
20 1 2 0 35 4.21096e-07 0.0280489 -0.0105788 61.2 0.0287381 0.0164061 0.160107 -0.224734 0.246776 0.000807953 1.0000 0 0 0 0   0 0 0
21 1 2 0 35 4.20365e-07 -0.0223387 0.0030602 61.2 0.00912935 0.0111131 0.179983 0.178864 0.137465 -0.000234271 1.0000 0 0 0 0   0 0 0
22 1 2 0 35 4.20144e-07 0.00913797 -0.00526933 61.2 0.00845192 0.00579969 0.185182 -0.0731006 0.20413 0.000403225 1.0000 0 0 0 0   0 0 0
23 1 2 0 35 4.20097e-07 -0.0169931 0.015328 61.2 0.00554693 -0.00345127 0.186669 0.136067 0.0393385 -0.00116744 1.0000 0 0 0 0   0 0 0
24 1 2 0 35 4.20344e-07 0.0177481 -0.011834 61.2 0.03183 0.00182509 0.184423 -0.142086 0.256768 0.000903257 1.0000 0 0 0 0   0 0 0
25 1 2 0 35 4.20524e-07 -0.0242857 -0.0191468 61.2 -0.0137407 0.00466112 0.173938 0.194595 0.315552 0.00145388 1.0000 0 0 0 0   0 0 0
26 1 2 0 35 4.20221e-07 0.0546695 0.00332174 61.2 -0.026663 -0.0102292 0.199873 -0.439997 0.135235 -0.000254287 1.0000 0 0 0 0   0 0 0
27 1 2 0 35 4.20808e-07 0.00379567 -0.0086612 61.2 0.000798105 -0.0195449 0.170362 -0.030364 0.231285 0.000662053 1.0000 0 0 0 0   0 0 0
29 1 2 0 35 4.22232e-07 -0.0152863 -0.00664365 61.2 -0.036531 -0.00403927 0.134718 0.122286 0.215131 0.000508193 1.0000 0 0 0 0   0 0 0
33 1 2 0 35 4.2131e-07 0.00144243 -0.0146593 61.2 0.00643435 -0.00359617 0.157649 -0.0115389 0.279333 0.00111696 1.0000 0 0 0 0   0 0 0
36 1 2 0 35 4.22103e-07 4.41411e-05 0.0112523 61.2 -0.0171052 0.0281787 0.139288 -0.000353114 0.072008 -0.00085913 1.0000 0 0 0 0   0 0 0
37 1 2 0 35 4.21002e-07 -6.17135e-05 0.0228041 61.2 -0.012876 -0.00867311 0.166118 0.000494148 -0.0203898 -0.00172544 1.0000 0 0 0 0   0 0 0
38 1 2 0 35 4.20602e-07 0.0215324 -0.0192136 61.2 0.00539331 -0.0104139 0.176084 -0.172509 0.316067 0.00145887 1.0000 0 0 0 0   0 0 0
40 1 2 0 35 4.20517e-07 0.00649237 -0.0102589 61.2 -0.000605057 -0.00965317 0.168491 -0.0519367 0.244081 0.000783644 1.0000 0 0 0 0   0 0 0
41 1 2 0 35 4.21185e-07 0.0171897 -0.0100834 61.2 4.47699e-05 0.0306256 0.162571 -0.137587 0.242719 0.000770304 1.0000 0 0 0 0   0 0 0
42 1 2 0 35 4.20796e-07 0.0327547 -0.017005 61.2 0.00362742 0.00483818 0.172479 -0.262699 0.298482 0.00129352 1.0000 0 0 0 0   0 0 0
44 1 2 0 35 4.21258e-07 -0.0131388 -0.0111089 61.2 -0.0370843 0.00804641 0.149638 0.105114 0.250895 0.000848228 1.0000 0 0 0 0   0 0 0
46 1 2 0 35 4.21968e-07 0.000340375 -0.0358696 61.2 -0.0141263 -0.0232082 0.130426 -0.00272923 0.450172 0.00266592 1.0000 0 0 0 0   0 0 0
48 1 2 0 35 4.2122e-07 0.00758795 -0.0277036 61.2 0.0146448 -0.0129727 0.152447 -0.060791 0.384268 0.00208409 1.0000 0 0 0 0   0 0 0
51 1 2 0 35 4.21236e-07 0.0115149 0.00431894 61.2 -0.0199612 -0.076268 0.173275 -0.0921151 0.127422 -0.000330566 1.0000 0 0 0 0   0 0 0
53 1 2 0 35 4.20539e-07 0.00540355 -0.014951 61.2 0.003989 -0.0209421 0.1735 -0.0432266 0.281671 0.00113898 1.0000 0 0 0 0   0 0 0
54 1 2 0 35 4.20873e-07 0.00811834 -0.037184 61.2 0.0143956 -0.00686489 0.170891 -0.065127 0.4609 0.00275737 1.0000 0 0 0 0   0 0 0
55 1 2 0 35 4.20987e-07 -0.00157077 -0.023414 61.2 0.00263412 -0.017576 0.16516 0.0125783 0.349712 0.0017704 1.0000 0 0 0 0   0 0 0
56 1 2 0 35 4.20444e-07 0.00407974 -0.00545354 61.2 -0.0140794 -0.0148184 0.177366 -0.0326365 0.205604 0.000417308 1.0000 0 0 0 0   0 0 0
57 1 2 0 35 4.20921e-07 0.0317737 -0.0268006 61.2 0.000484753 -0.0164912 0.173317 -0.255067 0.377442 0.00201858 1.0000 0 0 0 0   0 0 0
59 1 2 0 35 4.20085e-07 0.00200657 -0.0112963 61.2 -0.016406 0.00047061 0.188111 -0.0160519 0.252389 0.00086247 1.0000 0 0 0 0   0 0 0
60 1 2 0 35 4.20411e-07 0.00261571 -0.00403143 61.2 -0.00925744 -0.010159 0.176209 -0.0209248 0.194221 0.000308585 1.0000 0 0 0 0   0 0 0
61 1 2 0 35 4.20491e-07 -0.00939973 -0.016269 61.2 -0.0025045 0.0127978 0.178076 0.0752222 0.292282 0.00123819 1.0000 0 0 0 0   0 0 0
62 1 2 0 35 4.21156e-07 0.0182338 -0.0224973 61.2 -0.0116456 0.00320295 0.162651 -0.146083 0.342441 0.00170273 1.0000 0 0 0 0   0 0 0
63 1 2 0 35 4.21007e-07 -0.000930302 -0.0262269 61.2 -0.0324368 0.00574871 0.163316 0.00745165 0.372359 0.00197666 1.0000 0 0 0 0   0 0 0
64 1 2 0 35 4.21079e-07 -0.00975137 -0.0140109 61.2 -0.0191715 -0.0192701 0.141987 0.0780108 0.274142 0.00106801 1.0000 0 0 0 0   0 0 0
66 1 2 0 35 4.21775e-07 -0.00467601 -0.0257191 61.2 -0.0260185 -0.0178724 0.135843 0.0374542 0.368277 0.00193957 1.0000 0 0 0 0   0 0 0
69 1 2 0 35 4.21436e-07 -0.01016 -0.0131644 61.2 -0.0359948 -0.0596461 0.173821 0.0812769 0.267355 0.00100404 1.0000 0 0 0 0   0 0 0
70 1 2 0 35 4.2105e-07 -0.000562382 -0.0147009 61.2 -0.0312489 -0.0146795 0.146438 0.00449887 0.279667 0.0011201 1.0000 0 0 0 0   0 0 0
72 1 2 0 35 4.21752e-07 -0.0248327 0.0143659 61.2 -0.0328761 0.0394884 0.141131 0.198947 0.0469679 -0.00109481 1.0000 0 0 0 0   0 0 0
72 1 2 0 35 4.33625e-07 0.00574427 -0.089026 61.2 0.0358737 0.0313411 -0.134463 -0.0467173 0.889445 0.00559834 1.0000 0 0 0 0   0 0 0
74 1 2 0 35 4.20053e-07 -0.00744726 -0.0153646 61.2 0.00295833 0.00313629 0.189412 0.0595781 0.28499 0.00117019 1.0000 0 0 0 0   0 0 0
75 1 2 0 35 4.20618e-07 -0.00178546 -0.00506891 61.2 0.00879568 -0.0171357 0.176538 0.014283 0.202525 0.000387902 1.0000 0 0 0 0   0 0 0
76 1 2 0 35 4.20871e-07 0.00303768 -0.0113677 61.2 -0.0188729 -0.013758 0.16646 -0.0243004 0.252961 0.000867896 1.0000 0 0 0 0   0 0 0
77 1 2 0 35 4.20165e-07 0.00902733 -0.00659457 61.2 0.00487961 0.00796983 0.190445 -0.0722155 0.214738 0.000504446 1.0000 0 0 0 0   0 0 0
78 1 2 0 35 4.20187e-07 0.00721393 -0.0173511 61.2 -0.00728047 0.00250876 0.189693 -0.0577302 0.300958 0.00131951 1.0000 0 0 0 0   0 0 0
79 1 2 0 35 4.20486e-07 -0.0270591 -0.00599729 61.2 -0.00859434 -0.00706036 0.181021 0.216768 0.210024 0.000458852 1.0000 0 0 0 0   0 0 0
80 1 2 0 35 4.20712e-07 -0.0012936 -0.0149044 61.2 -0.00159721 0.000438721 0.172721 0.0103484 0.281297 0.00113546 1.0000 0 0 0 0   0 0 0
81 1 2 0 35 4.205e-07 0.0287591 -0.0279223 61.2 -0.00620496 0.0137598 0.184676 -0.230804 0.386415 0.00209996 1.0000 0 0 0 0   0 0 0
82 1 2 0 35 4.20385e-07 0.000481618 -0.0210864 61.2 0.0167735 0.0010175 0.182454 -0.00385555 0.330976 0.00159829 1.0000 0 0 0 0   0 0 0
83 1 2 0 35 4.20358e-07 0.0113748 -0.0109138 61.2 -0.00549772 -0.00489128 0.183163 -0.0909948 0.249326 0.000833405 1.0000 0 0 0 0   0 0 0
85 1 2 0 35 4.20448e-07 0.00736351 -0.0132676 61.2 -0.00582598 0.0104763 0.172497 -0.0589055 0.268182 0.00101186 1.0000 0 0 0 0   0 0 0
86 1 2 0 35 4.20767e-07 -0.00309146 -0.0169849 61.2 -0.0265064 -0.00160235 0.166924 0.0247326 0.297983 0.00129201 1.0000 0 0 0 0   0 0 0
87 1 2 0 35 4.20523e-07 0.0201037 -0.0222691 61.2 0.00234334 -0.0131648 0.176023 -0.161075 0.34062 0.00168584 1.0000 0 0 0 0   0 0 0
88 1 2 0 35 4.20601e-07 -5.61796e-05 -0.00299464 61.2 0.0363712 -0.0176521 0.178259 0.000449418 0.185924 0.000229254 1.0000 0 0 0 0   0 0 0
89 1 2 0 35 4.20328e-07 0.0332433 -0.024388 61.2 0.0175697 -0.0192734 0.191164 -0.266848 0.358006 0.00184204 1.0000 0 0 0 0   0 0 0
90 1 2 0 35 4.21476e-07 0.0167136 -0.0111237 61.2 0.000367731 -0.00571954 0.146155 -0.13378 0.251058 0.000849353 1.0000 0 0 0 0   0 0 0
91 1 2 0 35 4.20452e-07 0.00556444 -0.000455536 61.2 0.0025785 -0.000226594 0.179205 -0.0445136 0.165608 3.48796e-05 1.0000 0 0 0 0   0 0 0
92 1 2 0 35 4.20821e-07 -0.0279525 0.0138059 61.2 0.0225864 -0.021354 0.173762 0.223979 0.0514282 -0.00105254 1.0000 0 0 0 0   0 0 0
93 1 2 0 35 4.20314e-07 -0.00109361 -0.0333006 61.2 0.00219779 0.002103 0.189773 0.00876401 0.429344 0.0024853 1.0000 0 0 0 0   0 0 0
94 1 2 0 35 4.20254e-07 0.019767 -0.0178553 61.2 -0.00285791 0.00341584 0.185564 -0.158338 0.305137 0.00135724 1.0000 0 0 0 0   0 0 0
95 1 2 0 35 4.20497e-07 -0.01122 -0.0459569 61.2 -0.011154 -0.00608711 0.185089 0.0901494 0.532183 0.00334969 1.0000 0 0 0 0   0 0 0
97 1 2 0 35 4.20397e-07 0.0027789 -0.0139825 61.2 -0.008351 0.00312343 0.182199 -0.0222302 0.27391 0.00106587 1.0000 0 0 0 0   0 0 0
98 1 2 0 35 4.20579e-07 -0.00116372 -0.0364817 61.2 -0.00754146 0.0170002 0.181954 0.00933242 0.455143 0.00270874 1.0000 0 0 0 0   0 0 0
99 1 2 0 35 4.20785e-07 0.000218074 0.000657913 61.2 0.00971832 -0.00300157 0.171572 -0.00174452 0.156701 -5.03757e-05 1.0000 0 0 0 0   0 0 0
100 1 2 0 35 4.20276e-07 -0.0103311 -0.0292071 61.2 -0.0142983 0.0149759 0.185331 0.0827809 0.396389 0.00219287 1.0000 0 0 0 0   0 0 0
101 1 2 0 35 4.21114e-07 -0.0245508 -0.00975815 61.2 -0.0580736 -0.0333291 0.158119 0.196653 0.240171 0.00074559 1.0000 0 0 0 0   0 0 0
102 1 2 0 35 4.19943e-07 -0.017293 0.00755286 61.2 -0.00793842 0.0437708 0.196482 0.138391 0.101547 -0.000577599 1.0000 0 0 0 0   0 0 0
105 1 2 0 35 4.21557e-07 -0.0140486 -0.0118985 61.2 -0.0293003 -0.0197424 0.142003 0.112418 0.257242 0.000908141 1.0000 0 0 0 0   0 0 0
106 1 2 0 35 4.206e-07 -0.00518516 -0.00584956 61.2 -0.0100549 0.0167052 0.154371 0.0414796 0.208774 0.000447575 1.0000 0 0 0 0   0 0 0
109 1 2 0 35 4.21506e-07 -0.0433863 -0.0258667 61.2 -0.053384 0.0121556 0.176874 0.348738 0.37019 0.00195035 1.0000 0 0 0 0   0 0 0
110 1 2 0 35 4.19355e-07 0.00333908 0.00504784 61.2 -0.00729639 0.00559636 0.203555 -0.0267115 0.121595 -0.000386292 1.0000 0 0 0 0   0 0 0
111 1 2 0 35 4.19773e-07 -0.0104821 0.00613859 61.2 -0.0229766 -0.00461648 0.179543 0.0838536 0.112875 -0.000469639 1.0000 0 0 0 0   0 0 0
116 1 2 0 35 4.20246e-07 -0.0262981 -0.0235121 61.2 0.00161199 -0.0515061 0.182814 0.210836 0.350721 0.00177762 1.0000 0 0 0 0   0 0 0
117 1 2 0 35 4.20557e-07 0.00715974 0.0211345 61.2 -0.00876089 0.00367293 0.176645 -0.0573257 -0.00704522 -0.00160185 1.0000 0 0 0 0   0 0 0
118 1 2 0 35 4.19796e-07 -0.022407 -0.0292923 61.2 -0.0288411 -0.0112607 0.21244 0.179708 0.397291 0.002199 1.0000 0 0 0 0   0 0 0
119 1 2 0 35 4.21304e-07 0.0152919 -0.00477619 61.2 0.00361506 0.00625497 0.142838 -0.12233 0.200182 0.000365523 1.0000 0 0 0 0   0 0 0
121 1 2 0 35 4.21359e-07 0.0194507 0.0100513 61.2 -5.71787e-06 0.0140335 0.14651 -0.155727 0.0815377 -0.000767865 1.0000 0 0 0 0   0 0 0
121 1 2 0 35 4.72536e-07 -0.0848072 -0.12511 61.2 0.0377727 -0.000603156 -0.118499 0.711383 1.21769 0.00627003 1.0000 0 0 0 0   0 0 0
122 1 2 0 35 4.218e-07 0.0420357 -0.00358952 61.2 0.029981 0.00162137 0.141353 -0.337482 0.190788 0.00027478 1.0000 0 0 0 0   0 0 0
126 1 2 0 35 4.20488e-07 0.00755003 -0.0115035 61.2 -0.038109 -0.0299167 0.160326 -0.0603977 0.25405 0.00087822 1.0000 0 0 0 0   0 0 0
127 1 2 0 35 4.21653e-07 -0.0979105 -0.0596701 61.2 -0.0656239 -0.0335586 0.115049 0.804939 0.654135 0.00419913 1.0000 0 0 0 0   0 0 0
128 1 2 0 35 4.19355e-07 -0.00424335 -0.00863557 61.2 0.0170254 -0.00680196 0.208409 0.0339454 0.23108 0.000660101 1.0000 0 0 0 0   0 0 0
129 1 2 0 35 4.20716e-07 -0.0095922 -0.00735293 61.2 -0.0392602 0.000139787 0.149961 0.0767344 0.22081 0.000562337 1.0000 0 0 0 0   0 0 0
131 1 2 0 35 4.19949e-07 0.000767663 -0.0168969 61.2 -0.00693303 -0.0171416 0.173331 -0.00614109 0.297267 0.00128539 1.0000 0 0 0 0   0 0 0
133 1 2 0 35 4.20321e-07 0.0129533 -0.0290152 61.2 -0.0241163 0.00722212 0.187766 -0.103797 0.394858 0.00217907 1.0000 0 0 0 0   0 0 0
135 1 2 0 35 4.20907e-07 0.0174876 -0.00412863 61.2 -0.0146045 0.0200378 0.175317 -0.139925 0.195006 0.000316016 1.0000 0 0 0 0   0 0 0
136 1 2 0 35 4.20893e-07 0.00971501 -0.0023863 61.2 0.0359965 0.00737004 0.169117 -0.0777168 0.181056 0.000182698 1.0000 0 0 0 0   0 0 0
137 1 2 0 35 4.22598e-07 -0.0140709 -0.11271 61.2 -0.0189693 -0.0595271 0.116465 0.115627 1.09341 0.00618811 1.0000 0 0 0 0   0 0 0
138 1 2 0 35 4.21769e-07 -0.0155521 0.00933403 61.2 -0.0236517 0.0139939 0.130839 0.124442 0.0873166 -0.000713311 1.0000 0 0 0 0   0 0 0
138 1 2 0 35 4.38924e-07 -0.072952 -0.129897 61.2 0.017688 -0.017621 -0.12119 0.611216 1.25696 0.00625698 1.0000 0 0 0 0   0 0 0
139 1 2 0 35 4.22099e-07 -0.00102675 0.000528227 61.2 0.0280884 -0.0182049 0.150291 0.00821361 0.157738 -4.04458e-05 1.0000 0 0 0 0   0 0 0
140 1 2 0 35 4.21178e-07 -0.00602229 -0.0139266 61.2 -0.0192244 -0.0112744 0.161875 0.0481763 0.273463 0.00106165 1.0000 0 0 0 0   0 0 0
141 1 2 0 35 4.21506e-07 -0.0198865 0.00491486 61.2 -0.0199186 0.0105357 0.152976 0.159186 0.122633 -0.000376125 1.0000 0 0 0 0   0 0 0
144 1 2 0 35 4.20308e-07 0.00661257 -0.0123609 61.2 -0.026722 0.00202997 0.176691 -0.0528983 0.260918 0.00094317 1.0000 0 0 0 0   0 0 0
145 1 2 0 35 4.20555e-07 0.0180438 -0.0183548 61.2 -0.0157904 0.0139516 0.181873 -0.144523 0.309135 0.00139462 1.0000 0 0 0 0   0 0 0
146 1 2 0 35 4.20148e-07 0.000461303 -0.00536111 61.2 -0.0017216 0.00448427 0.191732 -0.00369027 0.204864 0.000410242 1.0000 0 0 0 0   0 0 0
147 1 2 0 35 4.2004e-07 -0.0206453 0.00703326 61.2 0.000994322 0.0152813 0.192726 0.165289 0.105677 -0.000537934 1.0000 0 0 0 0   0 0 0
148 1 2 0 35 4.20242e-07 -0.00613387 0.0232368 61.2 0.00186285 -0.0141764 0.192562 0.0491214 -0.0238706 -0.00175737 1.0000 0 0 0 0   0 0 0
149 1 2 0 35 4.20328e-07 0.0160826 -0.000201748 61.2 0.000253196 0.0101588 0.187837 -0.128655 0.163577 1.54474e-05 1.0000 0 0 0 0   0 0 0
150 1 2 0 35 4.2037e-07 0.00112378 0.0055569 61.2 0.00114909 -0.00301116 0.185919 -0.00898987 0.117525 -0.000425211 1.0000 0 0 0 0   0 0 0
151 1 2 0 35 4.2049e-07 -0.0185526 -0.000608209 61.2 -0.00406909 -0.00683458 0.17687 0.148463 0.166831 4.65696e-05 1.0000 0 0 0 0   0 0 0
152 1 2 0 35 4.20243e-07 0.0162369 -0.00168468 61.2 0.00355999 0.00288289 0.186052 -0.12989 0.175442 0.000128994 1.0000 0 0 0 0   0 0 0
153 1 2 0 35 4.21886e-07 0.0354854 -0.0512443 61.2 0.0223595 -0.0444894 0.137283 -0.286134 0.576369 0.00368912 1.0000 0 0 0 0   0 0 0
158 1 2 0 35 4.21574e-07 0.00585921 -0.00571381 61.2 -0.00800876 0.00120057 0.136371 -0.0468717 0.207687 0.000437206 1.0000 0 0 0 0   0 0 0
159 1 2 0 35 4.21683e-07 -0.00535882 -0.0136319 61.2 -0.0246802 -0.00670172 0.138543 0.0428687 0.271101 0.00103941 1.0000 0 0 0 0   0 0 0
160 1 2 0 35 4.20095e-07 0.0299247 -0.000213156 61.2 0.0166755 -0.00581057 0.179878 -0.239763 0.163671 1.6321e-05 1.0000 0 0 0 0   0 0 0
161 1 2 0 35 4.21301e-07 0.023213 -0.00452724 61.2 0.0104037 0.0133488 0.146029 -0.185887 0.198227 0.00034649 1.0000 0 0 0 0   0 0 0
162 1 2 0 35 4.21324e-07 -0.00905842 -0.0131069 61.2 -0.0468887 0.00882024 0.147733 0.0724643 0.266894 0.000999684 1.0000 0 0 0 0   0 0 0
163 1 2 0 35 4.20516e-07 0.0103032 -0.0352466 61.2 -0.00450763 0.0107934 0.187524 -0.0826304 0.445212 0.00262233 1.0000 0 0 0 0   0 0 0
164 1 2 0 35 4.20868e-07 0.00316108 -0.00238536 61.2 0.0178918 -0.00758055 0.176394 -0.0252875 0.181048 0.000182626 1.0000 0 0 0 0   0 0 0
168 1 2 0 35 4.211e-07 0.00221974 0.00666588 61.2 0.000171554 -0.00488639 0.168835 -0.0177572 0.10866 -0.00050989 1.0000 0 0 0 0   0 0 0
168 1 2 0 35 5.02489e-07 0.0206888 -0.0734443 61.2 0.00600775 -0.0122798 -0.0816429 -0.167516 0.759044 0.00493601 1.0000 0 0 0 0   0 0 0
169 1 2 0 35 4.21328e-07 0.00595806 -0.0261565 61.2 -0.0152521 0.00389214 0.161826 -0.047726 0.371804 0.00197152 1.0000 0 0 0 0   0 0 0
170 1 2 0 35 4.21578e-07 0.0280931 -0.0327518 61.2 -0.00854706 0.00034708 0.168462 -0.225581 0.42545 0.00244652 1.0000 0 0 0 0   0 0 0
171 1 2 0 35 4.20253e-07 -0.00211365 -0.000767129 61.2 0.00208187 -0.0119907 0.190454 0.0169085 0.168101 5.87379e-05 1.0000 0 0 0 0   0 0 0
174 1 2 0 35 4.21119e-07 0.0321498 -0.0193168 61.2 0.0178544 0.00530507 0.154978 -0.257882 0.317083 0.00146656 1.0000 0 0 0 0   0 0 0
179 1 2 0 35 4.19782e-07 0.0110007 0.0116918 61.2 -0.0238824 -0.001324 0.182601 -0.088002 0.0684969 -0.000892485 1.0000 0 0 0 0   0 0 0
180 1 2 0 35 4.21314e-07 -0.0489287 -0.00670003 61.2 -0.0760773 0.0149704 0.13775 0.393233 0.215832 0.000512497 1.0000 0 0 0 0   0 0 0
181 1 2 0 35 4.21369e-07 0.00506827 -0.0258609 61.2 -0.0102279 -0.0144287 0.156367 -0.0405969 0.369421 0.00194993 1.0000 0 0 0 0   0 0 0
182 1 2 0 35 4.21901e-07 -0.0010555 -0.00149413 61.2 -0.0142025 0.000251133 0.136697 0.00844368 0.173917 0.000114403 1.0000 0 0 0 0   0 0 0
183 1 2 0 35 4.20149e-07 -0.00113471 -0.0139919 61.2 -0.00965958 0.00401981 0.19011 0.00907726 0.273985 0.00106658 1.0000 0 0 0 0   0 0 0
185 1 2 0 35 4.20884e-07 -0.00497586 -0.00747593 61.2 0.00613608 -0.00178988 0.168067 0.0398052 0.221795 0.000571726 1.0000 0 0 0 0   0 0 0
186 1 2 0 35 4.21346e-07 0.0117409 0.000549133 61.2 -0.00592911 -0.00509795 0.155738 -0.0939234 0.157571 -4.20465e-05 1.0000 0 0 0 0   0 0 0
187 1 2 0 35 4.20688e-07 0.00330557 -0.0057448 61.2 -0.000403613 0.0161265 0.178831 -0.0264435 0.207935 0.000439576 1.0000 0 0 0 0   0 0 0
189 1 2 0 35 4.21337e-07 0.0117414 -0.026374 61.2 -0.00495183 0.000255726 0.162438 -0.0940673 0.373586 0.00198741 1.0000 0 0 0 0   0 0 0
192 1 2 0 35 4.23091e-07 0.00619925 -0.175576 61.2 -0.0102047 -0.081757 0.117393 -0.0529007 1.67045 0.00486364 1.0000 0 0 0 0   0 0 0
194 1 2 0 35 4.20785e-07 -0.00178403 -0.005773 61.2 -0.00497721 0.0261452 0.178951 0.0142716 0.208161 0.00044173 1.0000 0 0 0 0   0 0 0
195 1 2 0 35 4.20626e-07 0.0207869 -0.00742687 61.2 -0.0232222 -0.00159705 0.157078 -0.166429 0.221452 0.000567981 1.0000 0 0 0 0   0 0 0
200 1 2 0 35 4.20329e-07 0.00945186 -0.0172049 61.2 -0.00716532 -0.00329445 0.186646 -0.0756498 0.299804 0.00130854 1.0000 0 0 0 0   0 0 0
0 1 2 0 36 4.26738e-07 -0.00641636 -0.0113534 63 0 0 0.204 0 0 0 1.0000 0 0 0 0   0 0 0
2 1 2 0 36 4.27265e-07 -0.0147778 -0.00487348 63 0.0060461 0.000418201 0.173714 0.118217 0.200961 0.000372961 1.0000 0 0 0 0   0 0 0
3 1 2 0 36 4.27499e-07 0.0143427 -0.0174164 63 0.00707113 -0.0243522 0.174818 -0.114841 0.301557 0.0013244 1.0000 0 0 0 0   0 0 0
4 1 2 0 36 4.26998e-07 0.0143821 -0.0117477 63 0.00729133 -0.0196315 0.182686 -0.11509 0.256036 0.000896717 1.0000 0 0 0 0   0 0 0
5 1 2 0 36 4.27075e-07 0.00175451 0.0170165 63 -0.0042883 -0.0158582 0.184148 -0.0140361 0.025966 -0.00129438 1.0000 0 0 0 0   0 0 0
6 1 2 0 36 4.27149e-07 0.00155448 -0.0095844 63 -0.011193 0.00296645 0.179975 -0.0124353 0.238678 0.000732385 1.0000 0 0 0 0   0 0 0
7 1 2 0 36 4.27704e-07 0.0137817 -0.0235792 63 0.0100822 -0.0229618 0.167281 -0.1104 0.351107 0.00178255 1.0000 0 0 0 0   0 0 0
8 1 2 0 36 4.27483e-07 0.0261947 -0.0156489 63 0.00304857 0.0157205 0.168804 -0.209886 0.287465 0.00119157 1.0000 0 0 0 0   0 0 0
9 1 2 0 36 4.28054e-07 0.0209897 -0.0286595 63 0.00419122 -0.00766141 0.168997 -0.168288 0.392126 0.00215341 1.0000 0 0 0 0   0 0 0
10 1 2 0 36 4.27625e-07 -0.00664515 0.0136041 63 -0.00551588 -0.0376487 0.173617 0.053159 0.0532218 -0.00103731 1.0000 0 0 0 0   0 0 0
11 1 2 0 36 4.28219e-07 -0.0113298 -0.0399307 63 -0.026948 -0.0530313 0.149068 0.0909498 0.483244 0.00294637 1.0000 0 0 0 0   0 0 0
11 1 2 0 36 4.40808e-07 0.0629196 -0.108016 63 -0.0185086 0.0367824 -0.148934 -0.520052 1.05964 0.00611496 1.0000 0 0 0 0   0 0 0
14 1 2 0 36 4.28772e-07 0.00834963 -0.0335096 63 0.0056082 -0.0351766 0.14355 -0.066928 0.431086 0.00250007 1.0000 0 0 0 0   0 0 0
16 1 2 0 36 4.28921e-07 0.0227919 -0.0426397 63 0.0125248 -0.0384193 0.140001 -0.183151 0.505446 0.00312962 1.0000 0 0 0 0   0 0 0
18 1 2 0 36 4.28776e-07 -0.000484463 0.00532145 63 0.0330262 -0.0194634 0.157675 0.00387554 0.119407 -0.00040721 1.0000 0 0 0 0   0 0 0
19 1 2 0 36 4.27364e-07 0.000549472 0.000627572 63 -0.0146274 0.00199109 0.172249 -0.00439559 0.156944 -4.80525e-05 1.0000 0 0 0 0   0 0 0
20 1 2 0 36 4.28632e-07 0.0380708 0.00105848 63 0.0410784 0.0220723 0.146649 -0.305414 0.153473 -8.10469e-05 1.0000 0 0 0 0   0 0 0
21 1 2 0 36 4.27436e-07 -0.00947868 -0.0248642 63 -0.0185052 0.011084 0.166039 0.075926 0.361418 0.00187707 1.0000 0 0 0 0   0 0 0
22 1 2 0 36 4.27127e-07 -0.0133058 -0.0176298 63 0.00434229 0.00417266 0.175168 0.106532 0.303261 0.00134037 1.0000 0 0 0 0   0 0 0
23 1 2 0 36 4.27082e-07 -0.00525002 -0.0106856 63 -0.015146 0.0234962 0.174648 0.0419984 0.247499 0.000816069 1.0000 0 0 0 0   0 0 0
24 1 2 0 36 4.27362e-07 -0.0425765 -0.0105157 63 0.00857652 -0.00226808 0.173538 0.341918 0.246464 0.000803157 1.0000 0 0 0 0   0 0 0
25 1 2 0 36 4.27739e-07 0.00394809 -0.0173051 63 -0.0340485 -0.00523702 0.158548 -0.031589 0.300562 0.00131606 1.0000 0 0 0 0   0 0 0
26 1 2 0 36 4.2729e-07 0.0102638 0.00263221 63 0.0489366 0.0179535 0.182901 -0.0821066 0.14091 -0.000201517 1.0000 0 0 0 0   0 0 0
27 1 2 0 36 4.2801e-07 0.00472058 0.00834678 63 -0.000776648 -0.00931232 0.16039 -0.037763 0.0952249 -0.000638101 1.0000 0 0 0 0   0 0 0
33 1 2 0 36 4.28628e-07 0.00192482 -0.014487 63 -0.00238417 -0.00818278 0.147444 -0.0153979 0.277953 0.00110395 1.0000 0 0 0 0   0 0 0
37 1 2 0 36 4.28299e-07 0.00448165 0.0202594 63 -0.0154938 0.0272158 0.152235 -0.0358758 -2.21925e-05 -0.00153672 1.0000 0 0 0 0   0 0 0
38 1 2 0 36 4.2773e-07 -0.00162019 -0.000128344 63 0.0164471 -0.0103483 0.165869 0.012961 0.16299 9.82695e-06 1.0000 0 0 0 0   0 0 0
40 1 2 0 36 4.27699e-07 0.00835366 -0.00158709 63 0.00284095 -0.00394765 0.158813 -0.0668265 0.174661 0.000121521 1.0000 0 0 0 0   0 0 0
41 1 2 0 36 4.28544e-07 0.0171735 -0.0154403 63 0.00888623 0.0206084 0.152615 -0.137516 0.285712 0.00117589 1.0000 0 0 0 0   0 0 0
42 1 2 0 36 4.28012e-07 0.0122656 -0.014587 63 0.0249899 -0.00211998 0.159901 -0.0981611 0.278803 0.00111151 1.0000 0 0 0 0   0 0 0
48 1 2 0 36 4.28805e-07 0.0216421 -0.0461824 63 0.0165871 -0.0400866 0.136249 -0.173982 0.534206 0.00336444 1.0000 0 0 0 0   0 0 0
51 1 2 0 36 4.28909e-07 0.0213372 0.0213506 63 -0.0289542 -0.0529073 0.169305 -0.170961 -0.00889264 -0.00161785 1.0000 0 0 0 0   0 0 0
53 1 2 0 36 4.27684e-07 0.000266327 0.00876272 63 0.00276043 -0.0111391 0.164648 -0.00213053 0.0919009 -0.000669788 1.0000 0 0 0 0   0 0 0
54 1 2 0 36 4.28096e-07 -0.00550547 -0.0156985 63 0.00976791 -0.0284004 0.157829 0.0440419 0.287661 0.0011953 1.0000 0 0 0 0   0 0 0
55 1 2 0 36 4.28253e-07 -0.00439724 -0.00894285 63 -0.00526458 -0.0226474 0.154452 0.0351764 0.233541 0.00068351 1.0000 0 0 0 0   0 0 0
56 1 2 0 36 4.2754e-07 0.0120339 0.00631518 63 -0.00313432 0.00163987 0.168751 -0.0962673 0.111463 -0.000483118 1.0000 0 0 0 0   0 0 0
57 1 2 0 36 4.28172e-07 0.0128736 -0.00148723 63 0.0274236 -0.0240268 0.161107 -0.102984 0.173862 0.000113875 1.0000 0 0 0 0   0 0 0
59 1 2 0 36 4.27074e-07 0.0164537 -0.0135556 63 0.0060854 -0.00704421 0.178736 -0.131722 0.27057 0.00103364 1.0000 0 0 0 0   0 0 0
60 1 2 0 36 4.27523e-07 0.0098381 7.98096e-05 63 -0.0018434 0.00198411 0.165756 -0.0787014 0.161325 -6.11106e-06 1.0000 0 0 0 0   0 0 0
61 1 2 0 36 4.27561e-07 0.00416755 -0.0273207 63 -0.0116806 -0.00507187 0.166443 -0.0333857 0.381172 0.00205632 1.0000 0 0 0 0   0 0 0
62 1 2 0 36 4.28442e-07 0.0191148 -0.023381 63 0.00102412 -0.0123907 0.153648 -0.153154 0.349555 0.00176797 1.0000 0 0 0 0   0 0 0
63 1 2 0 36 4.2855e-07 -0.00847934 -0.0237225 63 -0.0506644 -0.00997156 0.14473 0.0679124 0.352223 0.0017931 1.0000 0 0 0 0   0 0 0
69 1 2 0 36 4.29354e-07 -0.0232085 -0.0341884 63 -0.0608064 -0.0744399 0.146299 0.186301 0.436944 0.00254804 1.0000 0 0 0 0   0 0 0
74 1 2 0 36 4.26988e-07 -0.00549461 -0.0154368 63 -0.00725638 -0.00668485 0.17916 0.043955 0.285564 0.00117563 1.0000 0 0 0 0   0 0 0
75 1 2 0 36 4.27683e-07 -0.00722102 0.0074503 63 -0.000669395 -0.000559779 0.168195 0.0577657 0.10239 -0.00056977 1.0000 0 0 0 0   0 0 0
76 1 2 0 36 4.28176e-07 0.0117106 -0.00634878 63 -0.0169871 -0.0115653 0.154916 -0.0936809 0.212771 0.000485683 1.0000 0 0 0 0   0 0 0
77 1 2 0 36 4.27109e-07 -0.0159091 -0.0193439 63 0.00214038 0.00627491 0.179019 0.127416 0.317064 0.00146857 1.0000 0 0 0 0   0 0 0
78 1 2 0 36 4.27143e-07 0.000793846 -0.0128905 63 0.00547144 -0.00514052 0.178734 -0.0063505 0.265161 0.000983296 1.0000 0 0 0 0   0 0 0
79 1 2 0 36 4.27575e-07 0.0101944 -0.00431364 63 -0.0231126 0.0015285 0.169239 -0.0815517 0.19648 0.00033016 1.0000 0 0 0 0   0 0 0
80 1 2 0 36 4.27834e-07 0.0053722 -0.0120876 63 -0.00325314 -0.00250434 0.162401 -0.0429758 0.258729 0.00092247 1.0000 0 0 0 0   0 0 0
81 1 2 0 36 4.27558e-07 0.00503631 -0.027507 63 0.0274 -0.0163088 0.173367 -0.0403462 0.382676 0.00206984 1.0000 0 0 0 0   0 0 0
82 1 2 0 36 4.2738e-07 -0.0229769 -0.012088 63 -0.00128317 -0.00951962 0.172855 0.184039 0.258854 0.000922502 1.0000 0 0 0 0   0 0 0
83 1 2 0 36 4.27382e-07 0.00606204 -0.00391687 63 0.011095 -0.000717857 0.173076 -0.0484943 0.193304 0.000299826 1.0000 0 0 0 0   0 0 0
85 1 2 0 36 4.27571e-07 0.00704486 -0.0179085 63 0.00228747 -0.00154375 0.163358 -0.0563814 0.305439 0.00136122 1.0000 0 0 0 0   0 0 0
86 1 2 0 36 4.28179e-07 0.00394898 -0.0125469 63 -0.0361427 -0.00840773 0.149215 -0.0315905 0.262408 0.000957266 1.0000 0 0 0 0   0 0 0
87 1 2 0 36 4.27665e-07 0.00362285 0.00479315 63 0.0171999 -0.0118602 0.166531 -0.0289816 0.123631 -0.00036682 1.0000 0 0 0 0   0 0 0
88 1 2 0 36 4.27667e-07 -0.0402804 0.0121139 63 0.000464512 0.00460975 0.172213 0.323383 0.0647782 -0.000924462 1.0000 0 0 0 0   0 0 0
89 1 2 0 36 4.27362e-07 -0.0317759 0.0165633 63 0.0223655 -0.00629441 0.17759 0.254787 0.029283 -0.00126031 1.0000 0 0 0 0   0 0 0
90 1 2 0 36 4.29021e-07 0.0161643 -0.0206791 63 -0.000579819 -0.0150933 0.136318 -0.129475 0.327801 0.00156796 1.0000 0 0 0 0   0 0 0
91 1 2 0 36 4.27494e-07 -0.00258918 -0.00795368 63 0.00471434 0.00917189 0.169162 0.0207125 0.22562 0.000608153 1.0000 0 0 0 0   0 0 0
92 1 2 0 36 4.27931e-07 -0.024224 0.0142697 63 -0.0233668 0.0144894 0.162688 0.194062 0.0477421 -0.00108755 1.0000 0 0 0 0   0 0 0
93 1 2 0 36 4.27272e-07 -0.00543091 -0.00685804 63 -0.00137029 -0.019909 0.178022 0.0434454 0.216848 0.000524559 1.0000 0 0 0 0   0 0 0
94 1 2 0 36 4.27273e-07 0.00295322 -0.0120055 63 0.0164522 -0.00414714 0.175043 -0.0236247 0.258071 0.00091625 1.0000 0 0 0 0   0 0 0
95 1 2 0 36 4.27621e-07 0.0136321 -0.00653885 63 -0.0125139 -0.0320409 0.169598 -0.109053 0.214292 0.000500192 1.0000 0 0 0 0   0 0 0
97 1 2 0 36 4.27428e-07 0.0110287 -0.0125036 63 0.00402721 -0.00237398 0.172933 -0.0882257 0.262062 0.000953987 1.0000 0 0 0 0   0 0 0
98 1 2 0 36 4.27635e-07 0.0083183 -0.0261309 63 -0.00252088 -0.0172333 0.171122 -0.0666356 0.371609 0.00196965 1.0000 0 0 0 0   0 0 0
99 1 2 0 36 4.2791e-07 -0.00765046 -0.00399238 63 -0.00292523 0.0108673 0.161292 0.0612011 0.193909 0.000305599 1.0000 0 0 0 0   0 0 0
100 1 2 0 36 4.27316e-07 0.0202165 -0.0253566 63 -0.00712125 -0.0150176 0.175857 -0.162004 0.365456 0.00191308 1.0000 0 0 0 0   0 0 0
102 1 2 0 36 4.26928e-07 0.00705049 -0.0714469 63 -0.00840031 -0.00606026 0.189412 -0.0570023 0.741883 0.00483734 1.0000 0 0 0 0   0 0 0
106 1 2 0 36 4.28197e-07 -0.0231648 0.00969671 63 -0.0359704 0.0225239 0.135172 0.185529 0.0843455 -0.000740921 1.0000 0 0 0 0   0 0 0
109 1 2 0 36 4.29758e-07 -0.128181 -0.0507471 63 -0.122455 -0.0275996 0.122418 1.06681 0.585491 0.00365776 1.0000 0 0 0 0   0 0 0
110 1 2 0 36 4.26218e-07 -0.000584988 -0.0198993 63 0.00896003 0.0195723 0.189636 0.00468227 0.321423 0.00150991 1.0000 0 0 0 0   0 0 0
111 1 2 0 36 4.26899e-07 0.0232161 -0.00133566 63 -0.0134549 0.0114358 0.170745 -0.185904 0.17266 0.000102269 1.0000 0 0 0 0   0 0 0
116 1 2 0 36 4.27513e-07 -0.00344509 0.0338821 63 -0.0297772 -0.0297011 0.170727 0.0276113 -0.10906 -0.0025264 1.0000 0 0 0 0   0 0 0
117 1 2 0 36 4.27719e-07 0.00483791 -0.000814277 63 -0.00122675 0.0295992 0.16289 -0.0387016 0.168478 6.23479e-05 1.0000 0 0 0 0   0 0 0
118 1 2 0 36 4.26655e-07 0.0330436 0.0105975 63 0.00822616 -0.00764212 0.203998 -0.264878 0.0770668 -0.000809368 1.0000 0 0 0 0   0 0 0
119 1 2 0 36 4.28922e-07 0.0195945 0.0117428 63 0.00144033 0.0145162 0.132265 -0.156897 0.0680011 -0.000896349 1.0000 0 0 0 0   0 0 0
121 1 2 0 36 4.29151e-07 0.00812108 0.0701836 63 -0.0083706 0.0484797 0.127949 -0.065631 -0.403024 -0.00477333 1.0000 0 0 0 0   0 0 0
121 1 2 0 36 4.45502e-07 -0.0487698 -0.00551234 63 0.0515477 -0.0507998 -0.109424 0.391942 0.206278 0.000421804 1.0000 0 0 0 0   0 0 0
126 1 2 0 36 4.28403e-07 -0.0489222 -0.0581906 63 -0.0621195 -0.0505856 0.128864 0.396087 0.634628 0.00411244 1.0000 0 0 0 0   0 0 0
128 1 2 0 36 4.26117e-07 -0.0261731 -0.00720595 63 -0.00963382 0.00424443 0.199563 0.209661 0.219712 0.000551116 1.0000 0 0 0 0   0 0 0
131 1 2 0 36 4.27107e-07 0.00705594 0.00330121 63 -0.0070238 -0.0129571 0.162022 -0.0564451 0.13556 -0.000252716 1.0000 0 0 0 0   0 0 0
133 1 2 0 36 4.2736e-07 0.0223258 -0.0154789 63 0.0128818 -0.0154213 0.177047 -0.178842 0.28607 0.00117879 1.0000 0 0 0 0   0 0 0
135 1 2 0 36 4.28063e-07 0.0210964 -0.0258239 63 0.00935787 0.0114385 0.165724 -0.169064 0.369223 0.00194722 1.0000 0 0 0 0   0 0 0
136 1 2 0 36 4.28124e-07 -0.025412 -0.0111752 63 0.0152679 0.011744 0.158511 0.203574 0.251546 0.000853273 1.0000 0 0 0 0   0 0 0
139 1 2 0 36 4.29628e-07 0.0131914 -0.0075225 63 0.0179401 -0.0105221 0.141522 -0.105527 0.222167 0.000575281 1.0000 0 0 0 0   0 0 0
140 1 2 0 36 4.28599e-07 -0.00674902 -0.0146932 63 -0.0373641 -0.0165466 0.145927 0.0539898 0.279605 0.00111952 1.0000 0 0 0 0   0 0 0
141 1 2 0 36 4.29526e-07 -0.123456 0.0142206 63 -0.0736569 0.00653409 0.117565 1.02 0.0445667 -0.00108385 1.0000 0 0 0 0   0 0 0
144 1 2 0 36 4.27462e-07 0.0247312 -0.0125383 63 -0.00580386 -0.00318558 0.165925 -0.19812 0.26248 0.00095661 1.0000 0 0 0 0   0 0 0
145 1 2 0 36 4.27614e-07 0.0159396 -0.0239064 63 0.0136277 -0.0083818 0.173753 -0.127701 0.353756 0.00180662 1.0000 0 0 0 0   0 0 0
146 1 2 0 36 4.27065e-07 -0.00343812 -0.0172825 63 -0.000159499 0.000551023 0.182262 0.0275079 0.300378 0.00131437 1.0000 0 0 0 0   0 0 0
147 1 2 0 36 4.26977e-07 0.00159567 -0.036809 63 -0.0125746 0.00450718 0.182881 -0.0127974 0.457801 0.0027314 1.0000 0 0 0 0   0 0 0
148 1 2 0 36 4.27191e-07 -0.00582355 -0.00695056 63 -0.00514761 0.0255941 0.180098 0.0465864 0.217588 0.000531621 1.0000 0 0 0 0   0 0 0
149 1 2 0 36 4.27314e-07 -0.0064348 -0.022761 63 0.0118308 0.00615033 0.17722 0.0515293 0.344473 0.00172225 1.0000 0 0 0 0   0 0 0
150 1 2 0 36 4.27357e-07 -0.0025302 -0.0101299 63 0.000370804 0.0141421 0.175085 0.0202408 0.243047 0.000773837 1.0000 0 0 0 0   0 0 0
151 1 2 0 36 4.27594e-07 0.00330644 0.000826431 63 -0.0197744 0.0109169 0.164484 -0.0264504 0.155353 -6.32788e-05 1.0000 0 0 0 0   0 0 0
152 1 2 0 36 4.27239e-07 -0.00753893 -0.0141635 63 0.0130002 0.00900605 0.17374 0.0603088 0.275361 0.00107953 1.0000 0 0 0 0   0 0 0
158 1 2 0 36 4.2949e-07 -0.0537721 -0.00523839 63 -0.0381866 -0.00101248 0.115322 0.432681 0.204128 0.00040086 1.0000 0 0 0 0   0 0 0
160 1 2 0 36 4.27212e-07 -0.0142481 -0.00205364 63 0.0242594 0.00848951 0.168062 0.11398 0.178394 0.000157239 1.0000 0 0 0 0   0 0 0
161 1 2 0 36 4.29017e-07 0.0468869 0.0353865 63 0.0203374 0.0305938 0.134439 -0.377755 -0.122557 -0.00263212 1.0000 0 0 0 0   0 0 0
163 1 2 0 36 4.27506e-07 -0.000232977 -0.0167458 63 0.0102673 -0.0224952 0.176333 0.00186374 0.296055 0.00127403 1.0000 0 0 0 0   0 0 0
164 1 2 0 36 4.27939e-07 -0.0205452 -0.00101768 63 -0.000578725 0.0078474 0.166025 0.164461 0.170111 7.79219e-05 1.0000 0 0 0 0   0 0 0
168 1 2 0 36 4.2828e-07 0.00112023 -0.00114854 63 -0.00489981 0.0108596 0.157766 -0.00896147 0.171152 8.79419e-05 1.0000 0 0 0 0   0 0 0
168 1 2 0 36 4.92949e-07 0.0681872 0.0390983 63 -0.0166036 -0.00627626 -0.0908779 -0.552494 -0.154129 -0.00288937 1.0000 0 0 0 0   0 0 0
169 1 2 0 36 4.28666e-07 0.00684361 -0.0267398 63 -0.0177754 -0.0131054 0.149155 -0.0548231 0.376504 0.00201414 1.0000 0 0 0 0   0 0 0
170 1 2 0 36 4.28859e-07 0.026705 -0.0246019 63 0.0217972 -0.0252789 0.155348 -0.214151 0.359531 0.00185778 1.0000 0 0 0 0   0 0 0
171 1 2 0 36 4.27183e-07 -0.00540569 -0.00158949 63 0.00185072 0.0109626 0.179805 0.0432437 0.17468 0.000121705 1.0000 0 0 0 0   0 0 0
174 1 2 0 36 4.28706e-07 0.0587761 -0.00839168 63 0.0439204 0.00207193 0.143607 -0.473616 0.229617 0.000641521 1.0000 0 0 0 0   0 0 0
179 1 2 0 36 4.26893e-07 0.0301083 -0.00296293 63 0.00911769 0.0190746 0.17331 -0.241239 0.185708 0.000226827 1.0000 0 0 0 0   0 0 0
181 1 2 0 36 4.28971e-07 -0.0103754 -0.0485414 63 -0.0276086 -0.0415201 0.134666 0.083388 0.553176 0.00351729 1.0000 0 0 0 0   0 0 0
182 1 2 0 36 4.29987e-07 -0.100015 -0.00290621 63 -0.0540715 0.00137588 0.107062 0.816704 0.185699 0.000222486 1.0000 0 0 0 0   0 0 0
183 1 2 0 36 4.27114e-07 0.0119765 -0.0130675 63 0.00382118 -0.00557872 0.180037 -0.0958245 0.266597 0.0009967 1.0000 0 0 0 0   0 0 0
185 1 2 0 36 4.28069e-07 -0.00515297 -0.00902251 63 -0.00735053 0.00101984 0.154981 0.041222 0.234179 0.000689578 1.0000 0 0 0 0   0 0 0
186 1 2 0 36 4.28713e-07 0.0114807 -0.00116894 63 -0.00470126 0.00464221 0.146558 -0.0918415 0.171316 8.95041e-05 1.0000 0 0 0 0   0 0 0
187 1 2 0 36 4.27753e-07 0.00140392 -0.032055 63 0.00236253 -0.000855712 0.168763 -0.01125 0.419306 0.00239691 1.0000 0 0 0 0   0 0 0
189 1 2 0 36 4.28621e-07 0.0122924 -0.0201159 63 0.00287383 -0.0186169 0.152204 -0.0984357 0.323237 0.00152604 1.0000 0 0 0 0   0 0 0
194 1 2 0 36 4.27868e-07 0.00554874 -0.0389864 63 -0.00210639 0.00248685 0.170751 -0.044525 0.475506 0.00288171 1.0000 0 0 0 0   0 0 0
195 1 2 0 36 4.28013e-07 0.0177573 -0.00936973 63 -0.011047 -0.00262071 0.148796 -0.142134 0.237002 0.000716031 1.0000 0 0 0 0   0 0 0
200 1 2 0 36 4.27327e-07 0.00592687 -0.00368512 63 0.00971683 -0.00494621 0.176177 -0.0474129 0.19145 0.000282096 1.0000 0 0 0 0   0 0 0
0 1 2 0 37 4.335e-07 -0.00641636 -0.0113534 64.8 0 0 0.204 0 0 0 1.0000 0 0 0 0   0 0 0
2 1 2 0 37 4.34364e-07 -0.00887039 -0.00682517 64.8 -0.0126127 0.00582073 0.162585 0.0709601 0.216585 0.000522049 1.0000 0 0 0 0   0 0 0
3 1 2 0 37 4.34656e-07 -0.0041128 0.0109592 64.8 0.00982999 -0.0132632 0.166329 0.032901 0.07435 -0.000836856 1.0000 0 0 0 0   0 0 0
4 1 2 0 37 4.34043e-07 -0.00890657 0.0136281 64.8 0.011209 -0.00196823 0.173511 0.0712495 0.0530299 -0.00103912 1.0000 0 0 0 0   0 0 0
5 1 2 0 37 4.3411e-07 0.00374776 0.00793105 64.8 0.00315559 0.0257315 0.173426 -0.0299808 0.0985473 -0.000606429 1.0000 0 0 0 0   0 0 0
6 1 2 0 37 4.34227e-07 0.0113278 -0.0126721 64.8 -0.000802452 0.00254723 0.168118 -0.090621 0.263414 0.000966745 1.0000 0 0 0 0   0 0 0
7 1 2 0 37 4.35043e-07 0.00615281 -0.00607122 64.8 0.0137238 -0.0309412 0.155204 -0.0492204 0.210549 0.000464496 1.0000 0 0 0 0   0 0 0
8 1 2 0 37 4.34724e-07 0.0201984 -0.0238396 64.8 0.0235922 0.00342785 0.15802 -0.161848 0.353253 0.00180171 1.0000 0 0 0 0   0 0 0
9 1 2 0 37 4.35324e-07 0.0136876 -0.0155329 64.8 0.0167457 -0.0247013 0.15508 -0.109569 0.286417 0.00118285 1.0000 0 0 0 0   0 0 0
10 1 2 0 37 4.34792e-07 0.00937533 0.0274919 64.8 -0.0121664 0.00987694 0.166116 -0.0751125 -0.0579421 -0.00206874 1.0000 0 0 0 0   0 0 0
18 1 2 0 37 4.3615e-07 -0.00729112 0.00309715 64.8 0.0149686 -0.00680267 0.150701 0.0583265 0.137192 -0.000237099 1.0000 0 0 0 0   0 0 0
19 1 2 0 37 4.3454e-07 0.0168828 -0.00918976 64.8 -0.00646398 0.00827777 0.16261 -0.135116 0.23555 0.00070232 1.0000 0 0 0 0   0 0 0
21 1 2 0 37 4.34778e-07 -0.0040714 -0.0272453 64.8 -0.0329666 -0.007075 0.15018 0.0326152 0.380565 0.00205086 1.0000 0 0 0 0   0 0 0
22 1 2 0 37 4.34217e-07 -0.00356092 -0.0173721 64.8 -0.00971435 -0.0073689 0.163638 0.0284911 0.301099 0.00132108 1.0000 0 0 0 0   0 0 0
23 1 2 0 37 4.34249e-07 0.0140044 -0.0313888 64.8 -0.0117067 0.00532926 0.164573 -0.11225 0.414013 0.0023494 1.0000 0 0 0 0   0 0 0
24 1 2 0 37 4.34545e-07 -0.0199642 -0.00862172 64.8 -0.0374022 -0.00154053 0.157376 0.159836 0.231025 0.000659046 1.0000 0 0 0 0   0 0 0
25 1 2 0 37 4.35421e-07 -0.0321306 -0.0250737 64.8 -0.0542283 -0.0151637 0.13497 0.257894 0.363508 0.00189242 1.0000 0 0 0 0   0 0 0
26 1 2 0 37 4.34381e-07 -0.0650314 -0.0296676 64.8 0.000741496 0.00852839 0.176147 0.525711 0.402204 0.002226 1.0000 0 0 0 0   0 0 0
27 1 2 0 37 4.35304e-07 0.00776969 0.00726827 64.8 -0.000739712 0.0104875 0.148312 -0.0621549 0.103845 -0.000555874 1.0000 0 0 0 0   0 0 0
33 1 2 0 37 4.36177e-07 -0.00872333 -0.0275856 64.8 -0.019655 -0.0171744 0.134037 0.0698883 0.383323 0.00207553 1.0000 0 0 0 0   0 0 0
37 1 2 0 37 4.36462e-07 -0.104123 0.105765 64.8 -0.0632447 0.0478299 0.120786 0.872108 -0.719186 -0.00607213 1.0000 0 0 0 0   0 0 0
38 1 2 0 37 4.34935e-07 -0.0117197 0.00340156 64.8 -0.00110404 0.00504249 0.154348 0.0937537 0.134758 -0.000260395 1.0000 0 0 0 0   0 0 0
40 1 2 0 37 4.35006e-07 0.00703402 -0.00110128 64.8 0.00180971 0.00622332 0.149287 -0.0562698 0.170774 8.43233e-05 1.0000 0 0 0 0   0 0 0
41 1 2 0 37 4.36016e-07 0.0248372 -0.0032234 64.8 0.0145559 0.0170166 0.144147 -0.198923 0.187785 0.000246761 1.0000 0 0 0 0   0 0 0
42 1 2 0 37 4.35381e-07 0.00713642 -0.0121303 64.8 0.0233905 -0.00656741 0.148502 -0.0570889 0.259071 0.000925703 1.0000 0 0 0 0   0 0 0
51 1 2 0 37 4.36272e-07 0.035723 0.0313398 64.8 -0.00477858 -0.00803851 0.170343 -0.287032 -0.0893939 -0.0023459 1.0000 0 0 0 0   0 0 0
53 1 2 0 37 4.34916e-07 0.000734996 0.0125619 64.8 -0.00477055 0.0184514 0.152784 -0.00587972 0.0615466 -0.0009584 1.0000 0 0 0 0   0 0 0
54 1 2 0 37 4.35548e-07 -0.00440627 -0.0213753 64.8 -0.00820672 -0.0360348 0.144396 0.0352774 0.333311 0.00161968 1.0000 0 0 0 0   0 0 0
55 1 2 0 37 4.35746e-07 -0.0112398 -0.0211248 64.8 -0.0228704 -0.0260536 0.140166 0.0900103 0.331342 0.00160114 1.0000 0 0 0 0   0 0 0
56 1 2 0 37 4.34754e-07 0.0097688 0.000265256 64.8 0.00726776 0.0194532 0.157227 -0.0781471 0.159842 -2.03105e-05 1.0000 0 0 0 0   0 0 0
57 1 2 0 37 4.35571e-07 0.00269746 0.0027262 64.8 0.0294873 -0.0138481 0.151181 -0.0215788 0.140159 -0.00020871 1.0000 0 0 0 0   0 0 0
59 1 2 0 37 4.34144e-07 -0.00587089 -0.00179363 64.8 0.0108114 -0.00236482 0.168858 0.0469651 0.176313 0.000137335 1.0000 0 0 0 0   0 0 0
60 1 2 0 37 4.34752e-07 0.0112374 -0.00122952 64.8 0.00552353 0.01134 0.155302 -0.0898957 0.1718 9.41423e-05 1.0000 0 0 0 0   0 0 0
61 1 2 0 37 4.34818e-07 0.00965411 -0.0194444 64.8 -0.0106636 -0.0218909 0.155703 -0.0772915 0.317813 0.00147605 1.0000 0 0 0 0   0 0 0
62 1 2 0 37 4.35965e-07 0.0217152 -0.0378698 64.8 0.00860471 -0.0352565 0.139669 -0.174382 0.466736 0.00280485 1.0000 0 0 0 0   0 0 0
74 1 2 0 37 4.34065e-07 0.0104332 -0.00348319 64.8 -0.00421807 -0.00793908 0.16808 -0.0834622 0.189834 0.000266642 1.0000 0 0 0 0   0 0 0
75 1 2 0 37 4.34886e-07 -0.00178514 -0.00213969 64.8 -0.0117323 0.0135763 0.156823 0.0142805 0.179082 0.000163824 1.0000 0 0 0 0   0 0 0
76 1 2 0 37 4.35637e-07 0.00521888 -0.0109501 64.8 -0.0181711 -0.00935637 0.143416 -0.0417492 0.249617 0.000836165 1.0000 0 0 0 0   0 0 0
77 1 2 0 37 4.34154e-07 -0.00221453 -0.0162511 64.8 -0.0127715 -0.00631985 0.168341 0.0177155 0.29209 0.00123684 1.0000 0 0 0 0   0 0 0
78 1 2 0 37 4.34187e-07 -0.00710268 -0.00441376 64.8 0.000134769 -0.00283295 0.168586 0.0568191 0.197281 0.000337815 1.0000 0 0 0 0   0 0 0
79 1 2 0 37 4.34794e-07 0.0238503 -0.0080667 64.8 -0.00704262 0.00500585 0.161792 -0.191021 0.226601 0.000616763 1.0000 0 0 0 0   0 0 0
80 1 2 0 37 4.351e-07 0.0077396 -0.00923678 64.8 -0.00234113 -0.00438928 0.152292 -0.0619141 0.235895 0.000705902 1.0000 0 0 0 0   0 0 0
81 1 2 0 37 4.34749e-07 -0.0226072 0.00368491 64.8 0.00766855 -0.0211631 0.164147 0.181021 0.132464 -0.000282081 1.0000 0 0 0 0   0 0 0
82 1 2 0 37 4.34558e-07 -0.00414044 0.00277275 64.8 -0.0249318 -0.00297639 0.158917 0.0331221 0.139786 -0.000212273 1.0000 0 0 0 0   0 0 0
83 1 2 0 37 4.34492e-07 -0.00905504 -0.00660176 64.8 0.00545739 0.00491341 0.162619 0.0724372 0.214796 0.000504995 1.0000 0 0 0 0   0 0 0
85 1 2 0 37 4.34834e-07 0.00587917 -0.0143748 64.8 0.00316048 -0.0088208 0.152221 -0.0470314 0.277054 0.00109549 1.0000 0 0 0 0   0 0 0
86 1 2 0 37 4.3661e-07 -0.152623 -0.10365 64.8 -0.0773661 -0.0416433 0.106115 1.31061 1.05657 0.00602726 1.0000 0 0 0 0   0 0 0
87 1 2 0 37 4.34873e-07 -0.00928532 0.00829547 64.8 0.00287196 0.00688902 0.156776 0.0742794 0.095635 -0.000634192 1.0000 0 0 0 0   0 0 0
88 1 2 0 37 4.34976e-07 -0.0210161 0.00470003 64.8 -0.0475237 0.0234166 0.148994 0.168253 0.124346 -0.000359701 1.0000 0 0 0 0   0 0 0
89 1 2 0 37 4.34451e-07 -0.0256568 -0.00547484 64.8 -0.0298648 0.0214026 0.163352 0.205509 0.205831 0.000418937 1.0000 0 0 0 0   0 0 0
90 1 2 0 37 4.37082e-07 0.00858243 -0.108155 64.8 -0.0066695 -0.0501426 0.118266 -0.0703655 1.0536 0.0061174 1.0000 0 0 0 0   0 0 0
91 1 2 0 37 4.34652e-07 0.00188264 -0.0168113 64.8 -0.00227113 0.00419662 0.158915 -0.0150606 0.296581 0.00127896 1.0000 0 0 0 0   0 0 0
92 1 2 0 37 4.35817e-07 -0.0962165 0.0347612 64.8 -0.0772085 0.0239183 0.124187 0.786434 -0.121601 -0.00258837 1.0000 0 0 0 0   0 0 0
93 1 2 0 37 4.34346e-07 0.00131752 0.00929548 64.8 -0.0050411 -0.000697708 0.168372 -0.0105397 0.0876433 -0.000710374 1.0000 0 0 0 0   0 0 0
94 1 2 0 37 4.34355e-07 -0.0167955 -0.00325795 64.8 0.00114863 -0.00115964 0.165414 0.134365 0.188032 0.000249405 1.0000 0 0 0 0   0 0 0
95 1 2 0 37 4.349e-07 0.0192044 0.0120235 64.8 -0.00151187 -0.0152873 0.1629 -0.15377 0.0657588 -0.000917615 1.0000 0 0 0 0   0 0 0
97 1 2 0 37 4.34546e-07 0.000704862 -0.0108339 64.8 0.00812027 -0.00425069 0.163424 -0.00563866 0.248686 0.000827338 1.0000 0 0 0 0   0 0 0
98 1 2 0 37 4.34865e-07 0.0083789 -0.00785916 64.8 0.000860129 -0.026852 0.158568 -0.0670283 0.224863 0.000600953 1.0000 0 0 0 0   0 0 0
99 1 2 0 37 4.35232e-07 -0.00453106 -0.00644976 64.8 -0.0188019 0.0126399 0.149051 0.036247 0.213579 0.000493392 1.0000 0 0 0 0   0 0 0
100 1 2 0 37 4.34476e-07 0.0151795 -0.00163703 64.8 0.0143901 -0.0196088 0.166212 -0.121431 0.175061 0.000125345 1.0000 0 0 0 0   0 0 0
102 1 2 0 37 4.34134e-07 0.00815958 -0.00810916 64.8 0.00392323 -0.0555883 0.169973 -0.0652739 0.226865 0.000619998 1.0000 0 0 0 0   0 0 0
110 1 2 0 37 4.33151e-07 -0.0169907 -0.0308913 64.8 -0.00525456 -0.0143659 0.179766 0.136217 0.410066 0.00231392 1.0000 0 0 0 0   0 0 0
111 1 2 0 37 4.34103e-07 0.0243764 -0.014479 64.8 0.0152677 0.0114821 0.162821 -0.195287 0.278057 0.00110335 1.0000 0 0 0 0   0 0 0
116 1 2 0 37 4.349e-07 0.0101872 0.0390902 64.8 -0.0296695 0.0269907 0.157418 -0.0817612 -0.151065 -0.00288881 1.0000 0 0 0 0   0 0 0
117 1 2 0 37 4.35072e-07 0.00596257 -0.0122662 64.8 -0.00549375 0.0289225 0.152718 -0.0476985 0.26016 0.000936 1.0000 0 0 0 0   0 0 0
118 1 2 0 37 4.33537e-07 -0.0350885 -0.0128833 64.8 0.0174221 0.020735 0.188644 0.281447 0.265379 0.000982749 1.0000 0 0 0 0   0 0 0
119 1 2 0 37 4.37224e-07 -0.0479345 0.122455 64.8 -0.0296097 0.0396864 0.117276 0.397521 -0.847499 -0.00626638 1.0000 0 0 0 0   0 0 0
128 1 2 0 37 4.33016e-07 0.0184529 -0.0173714 64.8 -0.0082004 -0.0034557 0.188017 -0.147794 0.301237 0.00132103 1.0000 0 0 0 0   0 0 0
131 1 2 0 37 4.34386e-07 0.00874174 0.00298915 64.8 -0.00593252 0.00387744 0.152165 -0.0699309 0.138056 -0.000228834 1.0000 0 0 0 0   0 0 0
133 1 2 0 37 4.345e-07 -0.00802109 0.00735432 64.8 0.0196365 -0.0069845 0.16629 0.064166 0.103157 -0.000562444 1.0000 0 0 0 0   0 0 0
135 1 2 0 37 4.35322e-07 0.0152697 -0.0207079 64.8 0.0233626 -0.00477638 0.153767 -0.122303 0.328024 0.00157011 1.0000 0 0 0 0   0 0 0
136 1 2 0 37 4.3545e-07 -0.0259481 -0.0131937 64.8 -0.0226561 0.00820392 0.145119 0.20789 0.267749 0.00100626 1.0000 0 0 0 0   0 0 0
139 1 2 0 37 4.37381e-07 0.05058 -0.0291249 64.8 0.0269203 -0.0211068 0.13192 -0.407472 0.396987 0.00218696 1.0000 0 0 0 0   0 0 0
144 1 2 0 37 4.34707e-07 0.0199673 -0.00891184 64.8 0.0164561 -0.00350757 0.156082 -0.159863 0.233351 0.000681147 1.0000 0 0 0 0   0 0 0
145 1 2 0 37 4.34788e-07 -0.00481377 -0.00556318 64.8 0.0166455 -0.0168843 0.159812 0.0385085 0.206482 0.000425691 1.0000 0 0 0 0   0 0 0
146 1 2 0 37 4.34095e-07 9.87651e-06 -0.0119169 64.8 -0.00218504 -0.00867917 0.16774 -7.90087e-05 0.257361 0.000909537 1.0000 0 0 0 0   0 0 0
147 1 2 0 37 4.34043e-07 0.0154119 -0.0143222 64.8 0.00267541 -0.0230944 0.171504 -0.123378 0.276714 0.00109152 1.0000 0 0 0 0   0 0 0
148 1 2 0 37 4.34266e-07 0.00743082 -0.0402921 64.8 -0.00603111 -0.00113229 0.168998 -0.0596454 0.486127 0.00297111 1.0000 0 0 0 0   0 0 0
149 1 2 0 37 4.34366e-07 -0.0097145 -0.0185275 64.8 -0.00736729 -0.0127007 0.166005 0.0777667 0.31044 0.00140754 1.0000 0 0 0 0   0 0 0
150 1 2 0 37 4.34457e-07 0.00260846 -0.0260578 64.8 -0.00349375 0.00089902 0.164894 -0.0208935 0.371 0.00196431 1.0000 0 0 0 0   0 0 0
151 1 2 0 37 4.34924e-07 0.0116903 -0.00322906 64.8 -0.0169706 0.0207339 0.15256 -0.0935186 0.1878 0.000247194 1.0000 0 0 0 0   0 0 0
152 1 2 0 37 4.34322e-07 -0.0149191 -0.0214419 64.8 -0.00760051 -0.0042057 0.163408 0.119499 0.333924 0.00162461 1.0000 0 0 0 0   0 0 0
160 1 2 0 37 4.34387e-07 -0.0238592 -0.0181925 64.8 -0.0110326 0.00662008 0.155971 0.191166 0.307881 0.00138247 1.0000 0 0 0 0   0 0 0
163 1 2 0 37 4.34612e-07 -0.00957521 0.0102414 64.8 -0.00479627 -0.0102925 0.165589 0.0765984 0.0800848 -0.000782314 1.0000 0 0 0 0   0 0 0
164 1 2 0 37 4.3519e-07 -0.0117275 -0.00382869 64.8 -0.0289467 0.0153988 0.151649 0.0938161 0.192598 0.000293084 1.0000 0 0 0 0   0 0 0
168 1 2 0 37 4.35652e-07 0.0014023 -0.000765169 64.8 -0.0122839 0.0174024 0.146215 -0.0112179 0.168085 5.85878e-05 1.0000 0 0 0 0   0 0 0
168 1 2 0 37 4.82117e-07 -0.0538035 -0.067016 64.8 0.0186533 -0.00310962 -0.103318 0.436953 0.708237 0.0046083 1.0000 0 0 0 0   0 0 0
169 1 2 0 37 4.36823e-07 -0.0701137 -0.120093 64.8 -0.0481932 -0.0579489 0.110606 0.583982 1.16809 0.00625654 1.0000 0 0 0 0   0 0 0
170 1 2 0 37 4.36709e-07 0.0782454 -0.0569484 64.8 0.0528454 -0.0449792 0.140032 -0.638217 0.627943 0.00403876 1.0000 0 0 0 0   0 0 0
171 1 2 0 37 4.34223e-07 -0.00185031 -0.0198079 64.8 -0.00668086 0.00749839 0.169803 0.0148099 0.320689 0.00150311 1.0000 0 0 0 0   0 0 0
179 1 2 0 37 4.34115e-07 0.00950653 -0.0206462 64.8 0.0239365 0.0142708 0.162099 -0.0761195 0.327478 0.00156552 1.0000 0 0 0 0   0 0 0
183 1 2 0 37 4.34157e-07 -0.00755548 -0.00475125 64.8 0.0081193 -0.00447461 0.169738 0.0604413 0.199983 0.000363617 1.0000 0 0 0 0   0 0 0
185 1 2 0 37 4.35481e-07 -0.00993609 -0.00716498 64.8 -0.0247658 0.0018874 0.141991 0.0794853 0.219305 0.000547989 1.0000 0 0 0 0   0 0 0
186 1 2 0 37 4.36273e-07 0.00416585 0.00983007 64.8 -0.00995305 0.0140574 0.134938 -0.0333253 0.0833715 -0.000751055 1.0000 0 0 0 0   0 0 0
187 1 2 0 37 4.34953e-07 0.00186526 -0.0203987 64.8 -0.00399442 -0.0204446 0.1558 -0.0149309 0.325444 0.00154709 1.0000 0 0 0 0   0 0 0
189 1 2 0 37 4.36193e-07 0.0143049 -0.041388 64.8 0.00246359 -0.0397153 0.137241 -0.114876 0.495123 0.00304528 1.0000 0 0 0 0   0 0 0
189 1 2 0 37 4.51347e-07 0.0623357 -0.0832842 64.8 -0.0164191 0.00120006 -0.135555 -0.509962 0.846349 0.00537739 1.0000 0 0 0 0   0 0 0
194 1 2 0 37 4.35087e-07 0.00613789 -0.0253505 64.8 0.000125737 -0.0265764 0.153622 -0.0491634 0.365315 0.00191264 1.0000 0 0 0 0   0 0 0
195 1 2 0 37 4.35535e-07 0.00644258 -0.0135183 64.8 -0.017755 -0.00623488 0.136963 -0.0515385 0.270191 0.00103083 1.0000 0 0 0 0   0 0 0
200 1 2 0 37 4.34406e-07 -0.00937917 -0.00758744 64.8 0.00168313 0.00215425 0.165819 0.0750301 0.222687 0.000580239 1.0000 0 0 0 0   0 0 0
0 1 2 0 38 4.40261e-07 -0.00641636 -0.0113534 66.6 0 0 0.204 0 0 0 1.0000 0 0 0 0   0 0 0
2 1 2 0 38 4.41698e-07 -0.00375458 -0.00747959 66.6 -0.0263145 0.00702266 0.147481 0.0300354 0.221824 0.000572005 1.0000 0 0 0 0   0 0 0
3 1 2 0 38 4.41877e-07 -0.00664943 0.0109191 66.6 -0.00536136 0.0130932 0.154511 0.0531932 0.0746701 -0.000833811 1.0000 0 0 0 0   0 0 0
4 1 2 0 38 4.41161e-07 -0.0114278 -0.00344987 66.6 -0.00923983 0.0182826 0.162553 0.0914189 0.189567 0.000264092 1.0000 0 0 0 0   0 0 0
5 1 2 0 38 4.41295e-07 0.00121289 -0.0286403 66.6 -0.00228546 0.017897 0.164209 -0.00971709 0.391796 0.00215202 1.0000 0 0 0 0   0 0 0
6 1 2 0 38 4.41412e-07 0.00616793 -0.0108311 66.6 0.00516983 -0.000660808 0.15783 -0.0493413 0.248664 0.000827124 1.0000 0 0 0 0   0 0 0
7 1 2 0 38 4.4256e-07 0.00987035 -0.0177793 66.6 0.0115687 -0.0360252 0.144177 -0.0790078 0.304427 0.00135155 1.0000 0 0 0 0   0 0 0
8 1 2 0 38 4.42188e-07 0.0281774 -0.0210016 66.6 0.0346335 -0.00734506 0.14509 -0.225895 0.330537 0.00159198 1.0000 0 0 0 0   0 0 0
9 1 2 0 38 4.42882e-07 0.0235002 -0.029987 66.6 0.0216293 -0.0362151 0.142679 -0.188525 0.402945 0.00224898 1.0000 0 0 0 0   0 0 0
10 1 2 0 38 4.42216e-07 0.0125237 0.0339222 66.6 -0.0129333 0.0455078 0.150293 -0.100426 -0.10952 -0.00252923 1.0000 0 0 0 0   0 0 0
18 1 2 0 38 4.43582e-07 -0.00515419 0.00180848 66.6 -0.00340258 0.00142419 0.139645 0.0412317 0.147498 -0.000138473 1.0000 0 0 0 0   0 0 0
18 1 2 0 38 4.87578e-07 0.00376506 0.0379657 66.6 -0.0164356 0.0634429 -0.0872995 -0.0302047 -0.141946 -0.0028115 1.0000 0 0 0 0   0 0 0
19 1 2 0 38 4.41821e-07 0.0187985 -0.0123317 66.6 0.00447807 0.00613807 0.153049 -0.150517 0.260773 0.000940964 1.0000 0 0 0 0   0 0 0
22 1 2 0 38 4.41514e-07 0.00179186 -0.011303 66.6 -0.0188752 -0.0146466 0.151589 -0.0143342 0.252443 0.000862982 1.0000 0 0 0 0   0 0 0
23 1 2 0 38 4.41529e-07 0.0169918 -0.0244376 66.6 -0.000737819 -0.018629 0.154077 -0.13614 0.358038 0.00184569 1.0000 0 0 0 0   0 0 0
26 1 2 0 38 4.41826e-07 -0.0532563 -0.0360801 66.6 -0.0714427 -0.0237088 0.142138 0.42961 0.453618 0.00268065 1.0000 0 0 0 0   0 0 0
27 1 2 0 38 4.42905e-07 -0.000435496 0.0329146 66.6 -0.0129304 0.0309517 0.133433 0.00348992 -0.101302 -0.00245803 1.0000 0 0 0 0   0 0 0
27 1 2 0 38 4.57328e-07 -0.114257 -0.115407 66.6 0.00813757 -0.025623 -0.128216 0.965862 1.14303 0.00621997 1.0000 0 0 0 0   0 0 0
27 1 2 0 38 4.66174e-07 0.0164305 0.0940678 66.6 -0.0498462 0.057893 0.104302 -0.133955 -0.601143 -0.00576888 1.0000 0 0 0 0   0 0 0
33 1 2 0 38 4.4687e-07 -0.106578 0.00731167 66.6 -0.090382 0.0163821 0.0712963 0.873122 0.102089 -0.000559187 1.0000 0 0 0 0   0 0 0
38 1 2 0 38 4.42376e-07 -0.0184264 0.00928086 66.6 -0.0254308 0.0162276 0.14011 0.147501 0.0877115 -0.000709261 1.0000 0 0 0 0   0 0 0
40 1 2 0 38 4.42493e-07 0.00615733 0.00875708 66.6 -0.00380158 0.0160167 0.138603 -0.0492566 0.091946 -0.000669358 1.0000 0 0 0 0   0 0 0
41 1 2 0 38 4.43912e-07 0.0566968 0.0714997 66.6 0.0199561 0.0449248 0.131784 -0.461491 -0.417734 -0.00483997 1.0000 0 0 0 0   0 0 0
42 1 2 0 38 4.42969e-07 0.0296488 -0.0205054 66.6 0.0255265 -0.0180007 0.13706 -0.237743 0.326585 0.00155503 1.0000 0 0 0 0   0 0 0
51 1 2 0 38 4.43634e-07 0.0291926 0.0346585 66.6 0.024329 0.0438524 0.154899 -0.234488 -0.115873 -0.00258118 1.0000 0 0 0 0   0 0 0
53 1 2 0 38 4.42588e-07 -0.0195645 0.0505259 66.6 -0.0292774 0.0448678 0.132696 0.157434 -0.243448 -0.00364381 1.0000 0 0 0 0   0 0 0
56 1 2 0 38 4.42172e-07 0.0104939 0.00594806 66.6 0.00284527 0.0266518 0.147199 -0.0839475 0.114398 -0.000455094 1.0000 0 0 0 0   0 0 0
57 1 2 0 38 4.43069e-07 0.0161276 -0.000565965 66.6 0.0210244 -0.0024546 0.14126 -0.129016 0.166491 4.3335e-05 1.0000 0 0 0 0   0 0 0
59 1 2 0 38 4.41308e-07 -0.00750867 -0.00646929 66.6 -0.00873258 0.00318388 0.156769 0.0600668 0.213735 0.000494882 1.0000 0 0 0 0   0 0 0
60 1 2 0 38 4.42154e-07 0.0115673 0.0039352 66.6 0.00440188 0.0185009 0.145284 -0.0925344 0.13049 -0.000301228 1.0000 0 0 0 0   0 0 0
61 1 2 0 38 4.42481e-07 -0.00782806 -0.051757 66.6 -0.0273617 -0.0495771 0.132388 0.0629573 0.579444 0.00372146 1.0000 0 0 0 0   0 0 0
74 1 2 0 38 4.41256e-07 0.0118744 -0.000356768 66.6 0.00756292 0.000309404 0.159148 -0.0949913 0.164818 2.73171e-05 1.0000 0 0 0 0   0 0 0
75 1 2 0 38 4.42356e-07 -0.00666267 0.00396473 66.6 -0.0257312 0.0234284 0.142838 0.0532991 0.130254 -0.000303486 1.0000 0 0 0 0   0 0 0
76 1 2 0 38 4.43505e-07 -0.0596199 -0.0413322 66.6 -0.0513911 -0.0211908 0.117615 0.482145 0.497004 0.0030415 1.0000 0 0 0 0   0 0 0
76 1 2 0 38 4.58811e-07 -0.114581 0.081624 66.6 -0.0418358 0.0414594 -0.10454 0.95533 -0.515651 -0.00530832 1.0000 0 0 0 0   0 0 0
77 1 2 0 38 4.41364e-07 0.00677595 -0.00992202 66.6 -0.0141484 -0.0121387 0.157987 -0.0542053 0.241382 0.000758042 1.0000 0 0 0 0   0 0 0
78 1 2 0 38 4.41358e-07 -0.000168582 -0.00432278 66.6 -0.011565 0.00300239 0.157838 0.0013486 0.196553 0.000330859 1.0000 0 0 0 0   0 0 0
79 1 2 0 38 4.42091e-07 0.0216072 -0.00802788 66.6 0.0150887 0.00674467 0.151293 -0.173017 0.226276 0.000613805 1.0000 0 0 0 0   0 0 0
80 1 2 0 38 4.42531e-07 0.00535734 -0.0106931 66.6 -0.0102573 -0.00686838 0.14142 -0.0428569 0.247558 0.000816636 1.0000 0 0 0 0   0 0 0
81 1 2 0 38 4.4201e-07 -0.014885 0.0101694 66.6 -0.025977 -0.00167639 0.152508 0.119102 0.0806415 -0.000776841 1.0000 0 0 0 0   0 0 0
82 1 2 0 38 4.421e-07 -0.0184046 0.0056345 66.6 -0.047868 0.00941188 0.139491 0.147296 0.116884 -0.000431144 1.0000 0 0 0 0   0 0 0
82 1 2 0 38 4.54164e-07 0.0392875 -0.0234715 66.6 0.0258672 0.0517699 -0.115674 -0.315596 0.350766 0.00177464 1.0000 0 0 0 0   0 0 0
83 1 2 0 38 4.41741e-07 -0.0072996 -0.00855216 66.6 -0.0132532 0.00799711 0.150151 0.0583943 0.230412 0.000653746 1.0000 0 0 0 0   0 0 0
85 1 2 0 38 4.4228e-07 0.00630854 -0.021665 66.6 -0.00196421 -0.0202524 0.140364 -0.0505119 0.335652 0.00164113 1.0000 0 0 0 0   0 0 0
87 1 2 0 38 4.42317e-07 -0.0127305 0.0165646 66.6 -0.0212783 0.0246167 0.139694 0.10191 0.0294886 -0.00126041 1.0000 0 0 0 0   0 0 0
89 1 2 0 38 4.4247e-07 -0.112292 0.0104621 66.6 -0.0893743 0.0130725 0.121241 0.922436 0.0760734 -0.000799079 1.0000 0 0 0 0   0 0 0
91 1 2 0 38 4.41962e-07 -0.00039483 -0.0157444 66.6 -0.0114874 -0.00479128 0.147487 0.00315851 0.288029 0.00119875 1.0000 0 0 0 0   0 0 0
93 1 2 0 38 4.41575e-07 0.00788673 0.00520634 66.6 -0.00895619 0.0202393 0.154615 -0.0630912 0.120327 -0.00039841 1.0000 0 0 0 0   0 0 0
94 1 2 0 38 4.41608e-07 -0.00441347 -0.00286267 66.6 -0.0220453 0.00643454 0.152003 0.0353063 0.184868 0.000219154 1.0000 0 0 0 0   0 0 0
95 1 2 0 38 4.42185e-07 0.0182426 0.0105403 66.6 0.0147687 0.0103988 0.152778 -0.146039 0.0776366 -0.000805024 1.0000 0 0 0 0   0 0 0
97 1 2 0 38 4.41788e-07 -0.00150689 -0.00813055 66.6 -0.00017542 -0.00424833 0.151392 0.0120546 0.227036 0.000621627 1.0000 0 0 0 0   0 0 0
98 1 2 0 38 4.4227e-07 0.00736763 -0.00860473 66.6 -0.00175525 -0.0256515 0.147526 -0.0589386 0.230833 0.000657751 1.0000 0 0 0 0   0 0 0
99 1 2 0 38 4.43039e-07 -0.0645854 0.013842 66.6 -0.0537585 0.0156558 0.122153 0.521179 0.0503533 -0.00105527 1.0000 0 0 0 0   0 0 0
100 1 2 0 38 4.41724e-07 0.00150491 0.00670039 66.6 0.0188177 -0.00260984 0.1569 -0.0120388 0.108384 -0.000512524 1.0000 0 0 0 0   0 0 0
110 1 2 0 38 4.40283e-07 0.0087844 0.00199768 66.6 -0.0154606 -0.0191414 0.166844 -0.0702722 0.145985 -0.000152957 1.0000 0 0 0 0   0 0 0
111 1 2 0 38 4.41443e-07 0.0199491 -0.0145648 66.6 0.0304373 0.00478463 0.151534 -0.159767 0.278709 0.00110982 1.0000 0 0 0 0   0 0 0
117 1 2 0 38 4.42691e-07 -0.00468341 0.0146964 66.6 -0.0202364 0.0325599 0.136846 0.0374657 0.0444983 -0.00111976 1.0000 0 0 0 0   0 0 0
118 1 2 0 38 4.40493e-07 -0.012021 -0.0320918 66.6 -0.0289452 -0.0045612 0.176337 0.0963503 0.419661 0.00239954 1.0000 0 0 0 0   0 0 0
128 1 2 0 38 4.40005e-07 0.00311877 -0.00429297 66.6 0.0179012 -0.00347275 0.178464 -0.0249491 0.196315 0.00032858 1.0000 0 0 0 0   0 0 0
131 1 2 0 38 4.41877e-07 0.00325985 0.0118403 66.6 -0.0123148 0.0188688 0.139164 -0.0260777 0.0673107 -0.000903735 1.0000 0 0 0 0   0 0 0
133 1 2 0 38 4.41706e-07 -0.0138089 0.00545835 66.6 -0.00445651 0.0126229 0.155353 0.110467 0.118313 -0.000417677 1.0000 0 0 0 0   0 0 0
135 1 2 0 38 4.4285e-07 0.0321968 -0.0226763 66.6 0.0324599 -0.0113924 0.141469 -0.258358 0.344165 0.00171598 1.0000 0 0 0 0   0 0 0
144 1 2 0 38 4.4216e-07 0.0276355 -0.00504672 66.6 0.0297027 -0.00153377 0.144478 -0.221392 0.202406 0.000386206 1.0000 0 0 0 0   0 0 0
145 1 2 0 38 4.42091e-07 -0.0083318 -0.00191877 66.6 -0.000899167 -0.012763 0.150463 0.0666515 0.177315 0.000146918 1.0000 0 0 0 0   0 0 0
146 1 2 0 38 4.41295e-07 0.00604237 -0.00585386 66.6 -0.00640954 -0.00658723 0.157406 -0.0483369 0.208808 0.000447903 1.0000 0 0 0 0   0 0 0
147 1 2 0 38 4.41226e-07 0.00556033 0.0088623 66.6 0.0118361 -0.0102203 0.163614 -0.0444808 0.0911051 -0.000677374 1.0000 0 0 0 0   0 0 0
148 1 2 0 38 4.41514e-07 0.00988937 -0.0236418 66.6 -0.000462279 -0.0326681 0.155594 -0.0792088 0.351582 0.00178716 1.0000 0 0 0 0   0 0 0
149 1 2 0 38 4.41721e-07 -0.000806647 -0.0114531 66.6 -0.0269551 -0.0187259 0.150161 0.0064529 0.253646 0.000874386 1.0000 0 0 0 0   0 0 0
150 1 2 0 38 4.41705e-07 0.00623173 -0.0202215 66.6 -0.0057766 -0.0167454 0.153382 -0.049888 0.324037 0.0015339 1.0000 0 0 0 0   0 0 0
151 1 2 0 38 4.42485e-07 6.5746e-05 0.0139016 66.6 -0.0208459 0.0276884 0.140327 -0.000525946 0.0508455 -0.00105977 1.0000 0 0 0 0   0 0 0
152 1 2 0 38 4.41706e-07 -0.0151801 -0.0221483 66.6 -0.0319098 -0.0176449 0.143508 0.121598 0.339607 0.00167689 1.0000 0 0 0 0   0 0 0
160 1 2 0 38 4.42008e-07 -0.0535859 -0.018032 66.6 -0.0550071 -0.00571856 0.130265 0.431484 0.307312 0.00137046 1.0000 0 0 0 0   0 0 0
163 1 2 0 38 4.41862e-07 -0.00154379 0.00931458 66.6 -0.0207373 0.0138364 0.152746 0.0123498 0.0874907 -0.000711829 1.0000 0 0 0 0   0 0 0
164 1 2 0 38 4.43465e-07 -0.165706 -0.00308206 66.6 -0.0879753 -9.91671e-05 0.111911 1.40377 0.188078 0.000235944 1.0000 0 0 0 0   0 0 0
168 1 2 0 38 4.43426e-07 -0.0421525 0.0375376 66.6 -0.041391 0.0296311 0.125348 0.339411 -0.139638 -0.00278185 1.0000 0 0 0 0   0 0 0
168 1 2 0 38 4.72281e-07 -0.0279923 0.0258681 66.6 -0.0543445 0.0276026 -0.105268 0.224563 -0.0452467 -0.00195045 1.0000 0 0 0 0   0 0 0
171 1 2 0 38 4.41391e-07 0.00620486 -0.0164104 66.6 -0.00580629 -0.00499936 0.159966 -0.0496436 0.293385 0.00124882 1.0000 0 0 0 0   0 0 0
179 1 2 0 38 4.41423e-07 -0.00216878 -0.022545 66.6 0.0165608 -0.00311705 0.151815 0.0173654 0.342718 0.00170626 1.0000 0 0 0 0   0 0 0
183 1 2 0 38 4.41303e-07 -0.00591871 -0.00598573 66.6 -0.00879846 0.00135685 0.158468 0.0473477 0.209864 0.00045797 1.0000 0 0 0 0   0 0 0
186 1 2 0 38 4.44674e-07 -0.138407 0.074409 66.6 -0.0551239 0.0217654 0.108377 1.16588 -0.462358 -0.00498264 1.0000 0 0 0 0   0 0 0
187 1 2 0 38 4.42483e-07 -0.00421874 -0.0351376 66.6 -0.0153868 -0.0375959 0.139632 0.0338233 0.444247 0.0026147 1.0000 0 0 0 0   0 0 0
194 1 2 0 38 4.42862e-07 0.00341936 -0.078014 66.6 -0.00906744 -0.0614149 0.129179 -0.0277016 0.796679 0.00515046 1.0000 0 0 0 0   0 0 0
195 1 2 0 38 4.43928e-07 -0.120673 -0.103951 66.6 -0.0557899 -0.036553 0.101582 1.01798 1.04345 0.00603371 1.0000 0 0 0 0   0 0 0
200 1 2 0 38 4.41612e-07 -0.00292346 -0.00858111 66.6 -0.011344 0.00393488 0.154643 0.0233867 0.230644 0.000655952 1.0000 0 0 0 0   0 0 0
0 1 2 0 39 4.47023e-07 -0.00641636 -0.0113534 68.4 0 0 0.204 0 0 0 1.0000 0 0 0 0   0 0 0
2 1 2 0 39 4.49704e-07 -0.104156 -0.00567901 68.4 -0.0689995 -0.00141599 0.114793 0.852209 0.208445 0.000434546 1.0000 0 0 0 0   0 0 0
3 1 2 0 39 4.49451e-07 -0.0238143 0.0316442 68.4 -0.0311166 0.0326406 0.135679 0.191102 -0.0915075 -0.00236761 1.0000 0 0 0 0   0 0 0
3 1 2 0 39 4.61254e-07 -0.0668338 -0.126291 68.4 0.0376953 0.00178568 -0.130329 0.557988 1.22273 0.00626917 1.0000 0 0 0 0   0 0 0
4 1 2 0 39 4.48535e-07 -0.00359592 -0.00776512 68.4 -0.028037 0.0219773 0.149565 0.0287661 0.22411 0.000593789 1.0000 0 0 0 0   0 0 0
5 1 2 0 39 4.48554e-07 0.00708421 -0.0292053 68.4 -0.00579826 -0.010832 0.153552 -0.0567606 0.39636 0.00219274 1.0000 0 0 0 0   0 0 0
6 1 2 0 39 4.48743e-07 0.0049418 -0.0106782 68.4 0.000479321 -0.00457116 0.146327 -0.0395328 0.247439 0.000815499 1.0000 0 0 0 0   0 0 0
7 1 2 0 39 4.50962e-07 0.0890543 -0.165723 68.4 0.0270614 -0.0731255 0.121204 -0.766999 1.59882 0.00535386 1.0000 0 0 0 0   0 0 0
8 1 2 0 39 4.50499e-07 0.175816 0.0242286 68.4 0.0638005 0.0111037 0.131558 -1.50231 -0.0447917 -0.00183032 1.0000 0 0 0 0   0 0 0
18 1 2 0 39 4.51439e-07 -0.0535684 0.019901 68.4 -0.0376287 0.0145903 0.116141 0.431412 0.00187603 -0.00151004 1.0000 0 0 0 0   0 0 0
18 1 2 0 39 4.77148e-07 0.0852792 -0.000518119 68.4 -0.00398488 0.012464 -0.114739 -0.692367 0.16617 3.96716e-05 1.0000 0 0 0 0   0 0 0
19 1 2 0 39 4.49268e-07 0.0247409 -0.00900892 68.4 0.0133152 0.00238914 0.142056 -0.198174 0.234163 0.000688543 1.0000 0 0 0 0   0 0 0
22 1 2 0 39 4.492e-07 -0.033996 -0.03625 68.4 -0.0431417 -0.0265721 0.129271 0.273232 0.453919 0.00269254 1.0000 0 0 0 0   0 0 0
23 1 2 0 39 4.49079e-07 0.0175157 -0.0440108 68.4 0.000401362 -0.0438323 0.13917 -0.140735 0.51647 0.00322124 1.0000 0 0 0 0   0 0 0
38 1 2 0 39 4.52703e-07 -0.00241784 -0.00292169 68.4 -0.0196339 0.0754434 0.10097 0.0193419 0.18534 0.000223671 1.0000 0 0 0 0   0 0 0
40 1 2 0 39 4.50547e-07 -0.0545008 0.0872438 68.4 -0.0364245 0.0397198 0.1141 0.445599 -0.548022 -0.00553277 1.0000 0 0 0 0   0 0 0
56 1 2 0 39 4.50092e-07 -0.0110947 0.0916945 68.4 -0.0175214 0.0562126 0.127012 0.0903469 -0.581085 -0.00569136 1.0000 0 0 0 0   0 0 0
57 1 2 0 39 4.50845e-07 0.0612079 0.0086029 68.4 0.0305831 0.00708743 0.133163 -0.493489 0.0926375 -0.000657612 1.0000 0 0 0 0   0 0 0
59 1 2 0 39 4.48725e-07 -0.0126355 -0.00413992 68.4 -0.0289323 0.00555771 0.141129 0.10108 0.19509 0.000316879 1.0000 0 0 0 0   0 0 0
60 1 2 0 39 4.49928e-07 0.00639335 0.059839 68.4 -0.00867912 0.0418808 0.127024 -0.0515273 -0.318687 -0.00420885 1.0000 0 0 0 0   0 0 0
74 1 2 0 39 4.48593e-07 0.00782569 0.000519101 68.4 0.00646664 0.0122577 0.147856 -0.0626029 0.157811 -3.97471e-05 1.0000 0 0 0 0   0 0 0
77 1 2 0 39 4.4874e-07 0.00429963 -0.00934634 68.4 -0.0167788 -0.00912802 0.146231 -0.0343956 0.236772 0.000714248 1.0000 0 0 0 0   0 0 0
78 1 2 0 39 4.48752e-07 0.00106553 -0.00268205 68.4 -0.0206349 0.0102529 0.145517 -0.0085239 0.183423 0.000205331 1.0000 0 0 0 0   0 0 0
79 1 2 0 39 4.49624e-07 0.0377929 0.0027331 68.4 0.0258177 0.0122775 0.141826 -0.303172 0.140043 -0.000209239 1.0000 0 0 0 0   0 0 0
80 1 2 0 39 4.50306e-07 -0.0376699 -0.031007 68.4 -0.0366652 -0.0173238 0.121447 0.302726 0.41159 0.00232217 1.0000 0 0 0 0   0 0 0
81 1 2 0 39 4.50016e-07 -0.117283 0.00217241 68.4 -0.0731287 2.61149e-05 0.119589 0.965245 0.144087 -0.000166329 1.0000 0 0 0 0   0 0 0
83 1 2 0 39 4.49394e-07 -0.0395445 -0.000660882 68.4 -0.0445274 0.00732837 0.128522 0.31733 0.167267 5.06027e-05 1.0000 0 0 0 0   0 0 0
85 1 2 0 39 4.50362e-07 -0.0128112 -0.123127 68.4 -0.0179931 -0.0601467 0.114996 0.105819 1.18509 0.00626807 1.0000 0 0 0 0   0 0 0
87 1 2 0 39 4.52981e-07 -0.00829155 0.0835924 68.4 -0.0189538 0.0858832 0.0915735 0.067283 -0.513292 -0.00538995 1.0000 0 0 0 0   0 0 0
91 1 2 0 39 4.49596e-07 -0.0280276 -0.0293831 68.4 -0.0369249 -0.0185315 0.128675 0.224956 0.398199 0.00220553 1.0000 0 0 0 0   0 0 0
93 1 2 0 39 4.4912e-07 -0.000358452 0.0256561 68.4 -0.0170925 0.0354239 0.141019 0.00287103 -0.0432231 -0.00193497 1.0000 0 0 0 0   0 0 0
94 1 2 0 39 4.4932e-07 -0.049484 0.00692007 68.4 -0.0545754 0.0131688 0.128466 0.397725 0.106367 -0.000529294 1.0000 0 0 0 0   0 0 0
95 1 2 0 39 4.49797e-07 0.0300113 0.040241 68.4 0.0158612 0.0390815 0.138257 -0.241221 -0.160734 -0.00296761 1.0000 0 0 0 0   0 0 0
97 1 2 0 39 4.49235e-07 -0.00630763 -0.0104035 68.4 -0.0171475 -0.00468156 0.13843 0.0504589 0.245239 0.000794631 1.0000 0 0 0 0   0 0 0
98 1 2 0 39 4.49943e-07 -0.00156789 -0.0479532 68.4 -0.0123544 -0.0426523 0.129712 0.0125987 0.548342 0.00347958 1.0000 0 0 0 0   0 0 0
100 1 2 0 39 4.49083e-07 0.00223955 0.00749206 68.4 0.00943227 0.0139764 0.145123 -0.0179156 0.102056 -0.000572958 1.0000 0 0 0 0   0 0 0
110 1 2 0 39 4.47547e-07 0.0193874 0.00717744 68.4 -0.00854113 -0.000591247 0.156745 -0.155195 0.104533 -0.000548941 1.0000 0 0 0 0   0 0 0
111 1 2 0 39 4.49162e-07 0.0655473 0.00263833 68.4 0.0463205 0.00977708 0.140984 -0.528895 0.140679 -0.000201986 1.0000 0 0 0 0   0 0 0
118 1 2 0 39 4.47821e-07 0.0140824 -0.0194246 68.4 -0.0372634 -0.0252556 0.159231 -0.112775 0.317695 0.00147458 1.0000 0 0 0 0   0 0 0
128 1 2 0 39 4.47044e-07 -0.0200426 -0.00828631 68.4 0.00224884 0.00330811 0.168986 0.160462 0.228336 0.000633493 1.0000 0 0 0 0   0 0 0
131 1 2 0 39 4.50256e-07 -0.146133 0.0849061 68.4 -0.0613672 0.0263825 0.111571 1.2405 -0.555635 -0.00544274 1.0000 0 0 0 0   0 0 0
133 1 2 0 39 4.49265e-07 -0.0314141 0.0193333 68.4 -0.0358821 0.0291852 0.135253 0.251946 0.00708133 -0.00146778 1.0000 0 0 0 0   0 0 0
144 1 2 0 39 4.50239e-07 0.124206 0.0459464 68.4 0.0537824 0.0241945 0.132255 -1.0305 -0.218273 -0.00334899 1.0000 0 0 0 0   0 0 0
145 1 2 0 39 4.49592e-07 -0.018679 -0.011022 68.4 -0.0259219 -0.00852152 0.135645 0.149545 0.250263 0.000841625 1.0000 0 0 0 0   0 0 0
146 1 2 0 39 4.48633e-07 0.00654812 -0.00791085 68.4 -0.00767893 -0.00344822 0.146783 -0.0523828 0.225277 0.00060489 1.0000 0 0 0 0   0 0 0
147 1 2 0 39 4.48472e-07 -0.00131121 0.00895068 68.4 0.00500291 0.0155241 0.15322 0.0104892 0.0903988 -0.000684107 1.0000 0 0 0 0   0 0 0
148 1 2 0 39 4.49312e-07 0.00996014 -0.077563 68.4 -0.00277662 -0.0678235 0.131713 -0.0806936 0.793017 0.00512999 1.0000 0 0 0 0   0 0 0
149 1 2 0 39 4.50068e-07 -0.11461 -0.132875 68.4 -0.0596429 -0.0555156 0.107356 0.977859 1.30258 0.00623626 1.0000 0 0 0 0   0 0 0
150 1 2 0 39 4.49238e-07 -0.000515934 -0.0358709 68.4 -0.0128906 -0.033082 0.137684 0.00413692 0.450183 0.00266601 1.0000 0 0 0 0   0 0 0
163 1 2 0 39 4.4965e-07 -0.0528319 0.0438707 68.4 -0.0514145 0.032306 0.12683 0.426647 -0.191432 -0.00321188 1.0000 0 0 0 0   0 0 0
171 1 2 0 39 4.48715e-07 0.00931563 -0.0154547 68.4 -0.0081399 -0.0129867 0.14934 -0.0745393 0.285736 0.00117697 1.0000 0 0 0 0   0 0 0
179 1 2 0 39 4.48867e-07 0.00104385 -0.0258773 68.4 0.00194897 -0.0183969 0.140437 -0.00836094 0.369544 0.00195112 1.0000 0 0 0 0   0 0 0
183 1 2 0 39 4.48665e-07 -0.00700988 -0.00537972 68.4 -0.0253688 0.00453631 0.144354 0.0560766 0.205013 0.000411665 1.0000 0 0 0 0   0 0 0
200 1 2 0 39 4.49056e-07 -0.00972108 -0.0079492 68.4 -0.02809 0.00241239 0.140611 0.0777653 0.225584 0.000607812 1.0000 0 0 0 0   0 0 0
0 1 2 0 40 4.53785e-07 -0.00641636 -0.0113534 70.2 0 0 0.204 0 0 0 1.0000 0 0 0 0   0 0 0
4 1 2 0 40 4.56754e-07 -0.14108 0.0261475 70.2 -0.0823304 0.0172567 0.112889 1.17829 -0.0560989 -0.00197086 1.0000 0 0 0 0   0 0 0
5 1 2 0 40 4.56106e-07 1.70601e-05 -0.0454553 70.2 -0.0142412 -0.0369738 0.136521 -0.000137037 0.528038 0.00331661 1.0000 0 0 0 0   0 0 0
6 1 2 0 40 4.56276e-07 -0.000726029 -0.0175017 70.2 -0.0115845 -0.0103015 0.133734 0.00580875 0.302132 0.00133078 1.0000 0 0 0 0   0 0 0
19 1 2 0 40 4.57014e-07 0.0616033 0.00450972 70.2 0.0276137 0.00694346 0.133908 -0.496673 0.125614 -0.000345151 1.0000 0 0 0 0   0 0 0
38 1 2 0 40 4.64699e-07 -0.027767 -0.174838 70.2 0.000474541 -0.00136956 0.121379 0.237185 1.6656 0.004904 1.0000 0 0 0 0   0 0 0
74 1 2 0 40 4.56162e-07 0.00926249 0.0225847 70.2 -0.00202388 0.0275889 0.135378 -0.074179 -0.0186693 -0.0017092 1.0000 0 0 0 0   0 0 0
77 1 2 0 40 4.56514e-07 -0.0433251 -0.030646 70.2 -0.0406274 -0.0160499 0.120993 0.34852 0.408924 0.00229638 1.0000 0 0 0 0   0 0 0
78 1 2 0 40 4.56619e-07 -0.0699066 0.0200583 70.2 -0.0541033 0.015244 0.119856 0.56537 -7.04793e-05 -0.00152176 1.0000 0 0 0 0   0 0 0
97 1 2 0 40 4.57623e-07 -0.142352 -0.0912748 70.2 -0.0597522 -0.0318396 0.103757 1.2085 0.940451 0.00567705 1.0000 0 0 0 0   0 0 0
100 1 2 0 40 4.56843e-07 -0.00019073 0.0564622 70.2 -0.00911195 0.0374107 0.127793 0.00153576 -0.291222 -0.00400965 1.0000 0 0 0 0   0 0 0
100 1 2 0 40 4.68771e-07 -0.0914826 -0.024247 70.2 0.045694 -0.0209368 -0.117835 0.745609 0.359857 0.00183167 1.0000 0 0 0 0   0 0 0
110 1 2 0 40 4.54944e-07 0.0217225 0.0105391 70.2 0.00383613 0.0192353 0.146995 -0.173961 0.0776151 -0.000804934 1.0000 0 0 0 0   0 0 0
118 1 2 0 40 4.5587e-07 -0.0623006 -0.0863082 70.2 -0.0621959 -0.057343 0.121424 0.510289 0.872148 0.00549761 1.0000 0 0 0 0   0 0 0
128 1 2 0 40 4.5427e-07 -0.00829793 -0.00951686 70.2 -0.0267177 0.0035228 0.153283 0.0663806 0.238137 0.00072724 1.0000 0 0 0 0   0 0 0
146 1 2 0 40 4.56212e-07 -0.00976176 -0.0130663 70.2 -0.0214662 -0.00266699 0.13285 0.0780907 0.266569 0.00099661 1.0000 0 0 0 0   0 0 0
147 1 2 0 40 4.55994e-07 -0.00483798 0.0287755 70.2 -0.0166427 0.0359102 0.138613 0.0387609 -0.0681954 -0.00216182 1.0000 0 0 0 0   0 0 0
171 1 2 0 40 4.56315e-07 -0.0078455 -0.0371198 70.2 -0.0248007 -0.0264639 0.133111 0.0629367 0.460376 0.00275292 1.0000 0 0 0 0   0 0 0
179 1 2 0 40 4.56902e-07 -0.0124045 -0.118398 70.2 -0.0170733 -0.0560721 0.117229 0.102179 1.14297 0.00624599 1.0000 0 0 0 0   0 0 0
183 1 2 0 40 4.57099e-07 -0.173752 -0.0528813 70.2 -0.071029 -0.0189019 0.10571 1.4891 0.616447 0.00379128 1.0000 0 0 0 0   0 0 0
0 1 2 0 41 4.60546e-07 -0.00641636 -0.0113534 72 0 0 0.204 0 0 0 1.0000 0 0 0 0   0 0 0
6 1 2 0 41 4.64848e-07 -0.103522 -0.155905 72 -0.042025 -0.0466164 0.102055 0.890839 1.51236 0.0057419 1.0000 0 0 0 0   0 0 0
74 1 2 0 41 4.65528e-07 -0.18762 -0.015878 72 -0.00145193 -0.0111708 0.13266 1.61613 0.298852 0.00120879 1.0000 0 0 0 0   0 0 0
110 1 2 0 41 4.62825e-07 0.0135017 0.0914925 72 -0.00747684 0.0543737 0.129157 -0.109953 -0.57949 -0.00568447 1.0000 0 0 0 0   0 0 0
128 1 2 0 41 4.622e-07 -0.0916846 -0.0176123 72 -0.0720956 -0.00710363 0.117595 0.746895 0.305584 0.00133905 1.0000 0 0 0 0   0 0 0
