G4BL_DIR=/home/incik/G4beamline-3.08
G4LEDATA=/home/incik/Geant4Data/G4EMLOW8.0
G4ENSDFSTATEDATA=/home/incik/Geant4Data/G4ENSDFSTATE2.3
G4PARTICLEXSDATA=/home/incik/Geant4Data/G4PARTICLEXS4.0
G4LEVELGAMMADATA=/home/incik/Geant4Data/PhotonEvaporation5.7
G4RADIOACTIVEDATA=/home/incik/Geant4Data/RadioactiveDecay5.6
G4beamline Process ID 25685

*************************************************************
 g4beamline version: 3.08                        (Aug 11 2022)
                      Copyright : Tom Roberts, Muons, Inc.
                        License : Gnu Public License
                            WWW : http://g4beamline.muonsinc.com

          ################################
          !!! G4Backtrace is activated !!!
          ################################


**************************************************************
 Geant4 version Name: geant4-11-00-patch-02 [MT]   (25-May-2022)
                       Copyright : Geant4 Collaboration
                      References : NIM A 506 (2003), 250-303
                                 : IEEE-TNS 53 (2006), 270-278
                                 : NIM A 835 (2016), 186-225
                             WWW : http://geant4.org/
**************************************************************

geometry                   nPoints=100 printGeometry=0 visual=0
                           tolerance=0.002
param        filename      for009
param        last          2000
param        final_output  beam_stage9_noerrout
G4PhysListFactory::GetReferencePhysList <QGSP_BERT_EMX>  EMoption= 2
<<< Geant4 Physics List simulation engine: QGSP_BERT

G4VModularPhysicsList::ReplacePhysics: G4EmStandard with type : 2 is replaced with G4EmStandard_opt2

physics      QGSP_BERT_EMX disable= inactivate= deactivate= doStochastics=1
                           fluct=1 minRangeCut=1 list=0 gammaToMuPair=0
                           spinTracking=0 synchrotronRadiation=0
                           synchrotronRadiationMuon=0 maxTime=1e+06
param        pi            3.1415926
param        ncells        60
param        cell_length   780
param        coilname1     coil1
param        coilname2     coil2
param        coilname3     coil3
param        solpos1       0.10011367615429359
param        coil_length1  120.38740169437966
param        coil_radius1  53
param        coil_width1   80
param        current1      222.9971220206919
param        bendpos       0.1
param        angle         1.5
param        solpos2       0.1706563510028725
param        coil_length2  70.18075474288861
param        coil_radius2  163
param        coil_width2   150
param        current2      107.27771763956034
param        angle         1.5
param        bendpos       0.1
param        solpos3       0.23790669255906333
param        coil_length3  236.865849696550
param        coil_radius3  343
param        coil_width3   200
param        current3      106.56628357742449
param        dipole        0.153
param        dipole_length 100
param        pres          35
param        rf_length     80
param        rf_fre        0.704
param        rf_grad       23.841477448781845
param        rf_ph         15.365305896660475
param        rf_window_length 0.01
param        wallthick     0.01
material H2     Z=1.00 A=1.01
                density=0.003 temperature=273 pressure=35.0
param        cavity_gas    Vacuum
param        pipe_radius   23
param        pipe_diameter 46
param        fringe_length 92
param        pipe_length   229.96
param        wedge_window_length 0.05
param        half_wedge_length 75
param        wedge_apex    140
param        end_z         47590
param        x_last        -1.28
param        y_last        -1.76
param        x_off         -1.0230672
param        y_off         -1.5422333
param        first         1
param        ref_momentum  195
reference                  particle=mu+ beamX=-1.023 beamY=-1.542 beamZ=0
                           beamT=1640 rotation= referenceMomentum=195 beamXp=0
                           beamYp=0 meanMomentum=195 meanXp=0 meanYp=0
                           tuneZ=-3.7e+21 tuneMomentum=-3.7e+21
                           tolerance=0.001 noEfield=1 noBfield=1 noEloss=1
                           P=195
beam    ASCII   nEvents=2000 firstEvent=1 lastEvent=2000 beamZ=-3700000000000000000000.0 maxR=1000000.0 renumber=0 weight=1.000000 
		filename=beam_stage9.beam format=BLTrackFile 
		
trackcuts                  kill= keep= killSecondaries=1 kineticEnergyCut=0
                           kineticEnergyMax=1.798e+308 maxTime=1e+06
                           keepPrimaries=0 steppingVerbose=0
trace                      nTrace=1 format=Trace oneNTuple=0 primaryOnly=0
                           traceTune=1 filename=Ev%dTrk%d file=Ev%dTrk%d
                           require= coordinates=Centerline
virtualdetector beamDet    radius=800 innerRadius=0 height=1600 width=1600
                           length=0.001 maxStep=100 material= color=1,1,1
                           noSingles=0 format=bltrackfile
                           filename=beam_stage9_noerrout
                           file=beam_stage9_noerrout require=
                           referenceParticle=0 coordinates=Centerline kill=0
genericbend  solbend       fieldWidth=1000 fieldHeight=1000 fieldLength=100
                           ironWidth=-1 ironHeight=-1 ironLength=-1 By=0.153
                           maxStep=100 fieldMaterial=Vacuum fieldColor=
                           ironMaterial=Fe ironColor=1,1,1 kill=1 fringe=0
                           fringeFactor=1 openAperture=1
fieldexpr fringe_left: Map 30000 points  Max Relative Error = 0.0012
fieldexpr fringe_left: Map 178503 points  Max Relative Error = 0.0003
fieldexpr    fringe_left   factorB=1 factorE=1 timeOffset=0 Bx=
                           By=0.153*((1+exp(5*-z/46)*cos(5*y/46))/(1+2*exp(5*-z/46)*cos(5*y/46)+exp(2*5*-z/46)))
                           Bz=-0.153*exp(5*-z/46)*sin(5*y/46)/(1+2*exp(5*-z/46)*cos(5*y/46)+exp(2*5*-z/46))
                           Br= Bphi= Ex= Ey= Ez= Er= time= nX=3 nY=199 nZ=299
                           nR=11 nT=11 tolerance=0.001 length=92 width=46
                           height=46 radius=-1 tmin=0 tmax=0
fieldexpr fringe_right: Map 30000 points  Max Relative Error = 0.0012
fieldexpr fringe_right: Map 178503 points  Max Relative Error = 0.0003
fieldexpr    fringe_right  factorB=1 factorE=1 timeOffset=0 Bx=
                           By=0.153*((1+exp(5*z/46)*cos(5*y/46))/(1+2*exp(5*z/46)*cos(5*y/46)+exp(2*5*z/46)))
                           Bz=-0.153*exp(5*z/46)*sin(5*y/46)/(1+2*exp(5*z/46)*cos(5*y/46)+exp(2*5*z/46))
                           Br= Bphi= Ex= Ey= Ez= Er= time= nX=3 nY=199 nZ=299
                           nR=11 nT=11 tolerance=0.001 length=92 width=46
                           height=46 radius=-1 tmin=0 tmax=0
coil    coil1   innerRadius=53.0 outerRadius=133.0 length=120.4 material=Cu 
		tolerance=0.002 nSheets=0 
		maxR=373.0 maxZ=780.0 dR=0.0 dZ=0.0 filename=coil1.dat 
coilmap coil1   tolerance=0.00200 [fraction of Bz(r=0,z=0)]
BLCoil::determineNsheets 'coil1'  nSheets=20 err=0.000404
coilmap coil1   nR=82 nZ=169 dR=4.7 dZ=4.7 error=0.000740
coilmap coil1    DONE 1 seconds
coilmap coil1   wrote file 'coil1.dat'   110944 bytes
solenoid     sol1          coilName=coil1 current=223 color=1,1,1 alternate=0
                           kill=1 coil=coil1
solenoid     sol2          coilName=coil1 current=-223 color=1,1,1 alternate=0
                           kill=1 coil=coil1
coil    coil2   innerRadius=163.0 outerRadius=313.0 length=70.2 material=Cu 
		tolerance=0.002 nSheets=0 
		maxR=763.0 maxZ=780.0 dR=0.0 dZ=0.0 filename=coil2.dat 
coilmap coil2   tolerance=0.00200 [fraction of Bz(r=0,z=0)]
BLCoil::determineNsheets 'coil2'  nSheets=26 err=0.000489
coilmap coil2   nR=162 nZ=165 dR=4.8 dZ=4.8 error=0.001180
coilmap coil2    DONE 2 seconds
coilmap coil2   wrote file 'coil2.dat'   213920 bytes
solenoid     sol3          coilName=coil2 current=107.3 color=1,1,1
                           alternate=0 kill=1 coil=coil2
solenoid     sol4          coilName=coil2 current=-107.3 color=1,1,1
                           alternate=0 kill=1 coil=coil2
coil    coil3   innerRadius=343.0 outerRadius=543.0 length=236.9 material=Cu 
		tolerance=0.002 nSheets=0 
		maxR=1143.0 maxZ=780.0 dR=0.0 dZ=0.0 filename=coil3.dat 
coilmap coil3   tolerance=0.00200 [fraction of Bz(r=0,z=0)]
BLCoil::determineNsheets 'coil3'  nSheets=18 err=0.000415
coilmap coil3   nR=82 nZ=56 dR=14.3 dZ=14.3 error=0.001356
coilmap coil3    DONE 0 seconds
coilmap coil3   wrote file 'coil3.dat'   36816 bytes
solenoid     sol5          coilName=coil3 current=106.6 color=1,1,1
                           alternate=0 kill=1 coil=coil3
solenoid     sol6          coilName=coil3 current=-106.6 color=1,1,1
                           alternate=0 kill=1 coil=coil3
tubs         pipe          innerRadius=23 outerRadius=24 initialPhi=0
                           finalPhi=360 length=230 maxStep=100 material=
                           color=1,1,1 kill=1 radius=24
pillbox      cavity        maxGradient=23.84 color=1.0,0.0,0.0 frequency=0.704
                           innerLength=80 innerRadius=163 pipeThick=3
                           wallThick=0.01 irisRadius=23 collarRadialThick=5
                           collarThick=0 win1Thick=0.01 win1OuterRadius=10
                           win2Thick=0.01 winMat=Be phaseAcc=15.37
                           skinDepth=0.002 timingTolerance=0.001 maxStep=100
                           cavityMaterial=Vacuum timeOffset=-4.7e+21
                           timeIncrement=0 fieldMapFile= kill=1
box          wedge_window  height=27.3 width=79.81 length=0.05 maxStep=100
                           material=Be color=1,1,1 kill=0
trap         all_wedge     height=27.3 upperWidth=0.001 lowerWidth=150 Xul=0
                           Xur=0 Xll=0 Xlr=0 length=27.3 maxStep=100
                           material=LH2 color=1,1,1 kill=0
do i=-2,60,1
(do i=-2)
place   sol1    copies=1 x=0.0 y=0.0 z=-1481.9 
place   sol3    copies=1 x=0.0 y=0.0 z=-1426.9 
place   sol5    copies=1 x=0.0 y=0.0 z=-1374.4 
place   sol6    copies=1 x=0.0 y=0.0 z=-965.6 
place   sol4    copies=1 x=0.0 y=0.0 z=-913.1 
place   sol2    copies=1 x=0.0 y=0.0 z=-858.1 
(do i=-1)
place   sol1    copies=1 x=0.0 y=0.0 z=-701.9 
place   sol3    copies=1 x=0.0 y=0.0 z=-646.9 
place   sol5    copies=1 x=0.0 y=0.0 z=-594.4 
place   sol6    copies=1 x=0.0 y=0.0 z=-185.6 
place   sol4    copies=1 x=0.0 y=0.0 z=-133.1 
place   sol2    copies=1 x=0.0 y=0.0 z=-78.1 
(do i=0)
place   sol1    copies=1 x=0.0 y=0.0 z=78.1 
place   sol3    copies=1 x=0.0 y=0.0 z=133.1 
place   sol5    copies=1 x=0.0 y=0.0 z=185.6 
place   sol6    copies=1 x=0.0 y=0.0 z=594.4 
place   sol4    copies=1 x=0.0 y=0.0 z=646.9 
place   sol2    copies=1 x=0.0 y=0.0 z=701.9 
(do i=1)
place   sol1    copies=1 x=0.0 y=0.0 z=858.1 
place   sol3    copies=1 x=0.0 y=0.0 z=913.1 
place   sol5    copies=1 x=0.0 y=0.0 z=965.6 
place   sol6    copies=1 x=0.0 y=0.0 z=1374.4 
place   sol4    copies=1 x=0.0 y=0.0 z=1426.9 
place   sol2    copies=1 x=0.0 y=0.0 z=1481.9 
(do i=2)
place   sol1    copies=1 x=0.0 y=0.0 z=1638.1 
place   sol3    copies=1 x=0.0 y=0.0 z=1693.1 
place   sol5    copies=1 x=0.0 y=0.0 z=1745.6 
place   sol6    copies=1 x=0.0 y=0.0 z=2154.4 
place   sol4    copies=1 x=0.0 y=0.0 z=2206.9 
place   sol2    copies=1 x=0.0 y=0.0 z=2261.9 
(do i=3)
place   sol1    copies=1 x=0.0 y=0.0 z=2418.1 
place   sol3    copies=1 x=0.0 y=0.0 z=2473.1 
place   sol5    copies=1 x=0.0 y=0.0 z=2525.6 
place   sol6    copies=1 x=0.0 y=0.0 z=2934.4 
place   sol4    copies=1 x=0.0 y=0.0 z=2986.9 
place   sol2    copies=1 x=0.0 y=0.0 z=3041.9 
(do i=4)
place   sol1    copies=1 x=0.0 y=0.0 z=3198.1 
place   sol3    copies=1 x=0.0 y=0.0 z=3253.1 
place   sol5    copies=1 x=0.0 y=0.0 z=3305.6 
place   sol6    copies=1 x=0.0 y=0.0 z=3714.4 
place   sol4    copies=1 x=0.0 y=0.0 z=3766.9 
place   sol2    copies=1 x=0.0 y=0.0 z=3821.9 
(do i=5)
place   sol1    copies=1 x=0.0 y=0.0 z=3978.1 
place   sol3    copies=1 x=0.0 y=0.0 z=4033.1 
place   sol5    copies=1 x=0.0 y=0.0 z=4085.6 
place   sol6    copies=1 x=0.0 y=0.0 z=4494.4 
place   sol4    copies=1 x=0.0 y=0.0 z=4546.9 
place   sol2    copies=1 x=0.0 y=0.0 z=4601.9 
(do i=6)
place   sol1    copies=1 x=0.0 y=0.0 z=4758.1 
place   sol3    copies=1 x=0.0 y=0.0 z=4813.1 
place   sol5    copies=1 x=0.0 y=0.0 z=4865.6 
place   sol6    copies=1 x=0.0 y=0.0 z=5274.4 
place   sol4    copies=1 x=0.0 y=0.0 z=5326.9 
place   sol2    copies=1 x=0.0 y=0.0 z=5381.9 
(do i=7)
place   sol1    copies=1 x=0.0 y=0.0 z=5538.1 
place   sol3    copies=1 x=0.0 y=0.0 z=5593.1 
place   sol5    copies=1 x=0.0 y=0.0 z=5645.6 
place   sol6    copies=1 x=0.0 y=0.0 z=6054.4 
place   sol4    copies=1 x=0.0 y=0.0 z=6106.9 
place   sol2    copies=1 x=0.0 y=0.0 z=6161.9 
(do i=8)
place   sol1    copies=1 x=0.0 y=0.0 z=6318.1 
place   sol3    copies=1 x=0.0 y=0.0 z=6373.1 
place   sol5    copies=1 x=0.0 y=0.0 z=6425.6 
place   sol6    copies=1 x=0.0 y=0.0 z=6834.4 
place   sol4    copies=1 x=0.0 y=0.0 z=6886.9 
place   sol2    copies=1 x=0.0 y=0.0 z=6941.9 
(do i=9)
place   sol1    copies=1 x=0.0 y=0.0 z=7098.1 
place   sol3    copies=1 x=0.0 y=0.0 z=7153.1 
place   sol5    copies=1 x=0.0 y=0.0 z=7205.6 
place   sol6    copies=1 x=0.0 y=0.0 z=7614.4 
place   sol4    copies=1 x=0.0 y=0.0 z=7666.9 
place   sol2    copies=1 x=0.0 y=0.0 z=7721.9 
(do i=10)
place   sol1    copies=1 x=0.0 y=0.0 z=7878.1 
place   sol3    copies=1 x=0.0 y=0.0 z=7933.1 
place   sol5    copies=1 x=0.0 y=0.0 z=7985.6 
place   sol6    copies=1 x=0.0 y=0.0 z=8394.4 
place   sol4    copies=1 x=0.0 y=0.0 z=8446.9 
place   sol2    copies=1 x=0.0 y=0.0 z=8501.9 
(do i=11)
place   sol1    copies=1 x=0.0 y=0.0 z=8658.1 
place   sol3    copies=1 x=0.0 y=0.0 z=8713.1 
place   sol5    copies=1 x=0.0 y=0.0 z=8765.6 
place   sol6    copies=1 x=0.0 y=0.0 z=9174.4 
place   sol4    copies=1 x=0.0 y=0.0 z=9226.9 
place   sol2    copies=1 x=0.0 y=0.0 z=9281.9 
(do i=12)
place   sol1    copies=1 x=0.0 y=0.0 z=9438.1 
place   sol3    copies=1 x=0.0 y=0.0 z=9493.1 
place   sol5    copies=1 x=0.0 y=0.0 z=9545.6 
place   sol6    copies=1 x=0.0 y=0.0 z=9954.4 
place   sol4    copies=1 x=0.0 y=0.0 z=10006.9 
place   sol2    copies=1 x=0.0 y=0.0 z=10061.9 
(do i=13)
place   sol1    copies=1 x=0.0 y=0.0 z=10218.1 
place   sol3    copies=1 x=0.0 y=0.0 z=10273.1 
place   sol5    copies=1 x=0.0 y=0.0 z=10325.6 
place   sol6    copies=1 x=0.0 y=0.0 z=10734.4 
place   sol4    copies=1 x=0.0 y=0.0 z=10786.9 
place   sol2    copies=1 x=0.0 y=0.0 z=10841.9 
(do i=14)
place   sol1    copies=1 x=0.0 y=0.0 z=10998.1 
place   sol3    copies=1 x=0.0 y=0.0 z=11053.1 
place   sol5    copies=1 x=0.0 y=0.0 z=11105.6 
place   sol6    copies=1 x=0.0 y=0.0 z=11514.4 
place   sol4    copies=1 x=0.0 y=0.0 z=11566.9 
place   sol2    copies=1 x=0.0 y=0.0 z=11621.9 
(do i=15)
place   sol1    copies=1 x=0.0 y=0.0 z=11778.1 
place   sol3    copies=1 x=0.0 y=0.0 z=11833.1 
place   sol5    copies=1 x=0.0 y=0.0 z=11885.6 
place   sol6    copies=1 x=0.0 y=0.0 z=12294.4 
place   sol4    copies=1 x=0.0 y=0.0 z=12346.9 
place   sol2    copies=1 x=0.0 y=0.0 z=12401.9 
(do i=16)
place   sol1    copies=1 x=0.0 y=0.0 z=12558.1 
place   sol3    copies=1 x=0.0 y=0.0 z=12613.1 
place   sol5    copies=1 x=0.0 y=0.0 z=12665.6 
place   sol6    copies=1 x=0.0 y=0.0 z=13074.4 
place   sol4    copies=1 x=0.0 y=0.0 z=13126.9 
place   sol2    copies=1 x=0.0 y=0.0 z=13181.9 
(do i=17)
place   sol1    copies=1 x=0.0 y=0.0 z=13338.1 
place   sol3    copies=1 x=0.0 y=0.0 z=13393.1 
place   sol5    copies=1 x=0.0 y=0.0 z=13445.6 
place   sol6    copies=1 x=0.0 y=0.0 z=13854.4 
place   sol4    copies=1 x=0.0 y=0.0 z=13906.9 
place   sol2    copies=1 x=0.0 y=0.0 z=13961.9 
(do i=18)
place   sol1    copies=1 x=0.0 y=0.0 z=14118.1 
place   sol3    copies=1 x=0.0 y=0.0 z=14173.1 
place   sol5    copies=1 x=0.0 y=0.0 z=14225.6 
place   sol6    copies=1 x=0.0 y=0.0 z=14634.4 
place   sol4    copies=1 x=0.0 y=0.0 z=14686.9 
place   sol2    copies=1 x=0.0 y=0.0 z=14741.9 
(do i=19)
place   sol1    copies=1 x=0.0 y=0.0 z=14898.1 
place   sol3    copies=1 x=0.0 y=0.0 z=14953.1 
place   sol5    copies=1 x=0.0 y=0.0 z=15005.6 
place   sol6    copies=1 x=0.0 y=0.0 z=15414.4 
place   sol4    copies=1 x=0.0 y=0.0 z=15466.9 
place   sol2    copies=1 x=0.0 y=0.0 z=15521.9 
(do i=20)
place   sol1    copies=1 x=0.0 y=0.0 z=15678.1 
place   sol3    copies=1 x=0.0 y=0.0 z=15733.1 
place   sol5    copies=1 x=0.0 y=0.0 z=15785.6 
place   sol6    copies=1 x=0.0 y=0.0 z=16194.4 
place   sol4    copies=1 x=0.0 y=0.0 z=16246.9 
place   sol2    copies=1 x=0.0 y=0.0 z=16301.9 
(do i=21)
place   sol1    copies=1 x=0.0 y=0.0 z=16458.1 
place   sol3    copies=1 x=0.0 y=0.0 z=16513.1 
place   sol5    copies=1 x=0.0 y=0.0 z=16565.6 
place   sol6    copies=1 x=0.0 y=0.0 z=16974.4 
place   sol4    copies=1 x=0.0 y=0.0 z=17026.9 
place   sol2    copies=1 x=0.0 y=0.0 z=17081.9 
(do i=22)
place   sol1    copies=1 x=0.0 y=0.0 z=17238.1 
place   sol3    copies=1 x=0.0 y=0.0 z=17293.1 
place   sol5    copies=1 x=0.0 y=0.0 z=17345.6 
place   sol6    copies=1 x=0.0 y=0.0 z=17754.4 
place   sol4    copies=1 x=0.0 y=0.0 z=17806.9 
place   sol2    copies=1 x=0.0 y=0.0 z=17861.9 
(do i=23)
place   sol1    copies=1 x=0.0 y=0.0 z=18018.1 
place   sol3    copies=1 x=0.0 y=0.0 z=18073.1 
place   sol5    copies=1 x=0.0 y=0.0 z=18125.6 
place   sol6    copies=1 x=0.0 y=0.0 z=18534.4 
place   sol4    copies=1 x=0.0 y=0.0 z=18586.9 
place   sol2    copies=1 x=0.0 y=0.0 z=18641.9 
(do i=24)
place   sol1    copies=1 x=0.0 y=0.0 z=18798.1 
place   sol3    copies=1 x=0.0 y=0.0 z=18853.1 
place   sol5    copies=1 x=0.0 y=0.0 z=18905.6 
place   sol6    copies=1 x=0.0 y=0.0 z=19314.4 
place   sol4    copies=1 x=0.0 y=0.0 z=19366.9 
place   sol2    copies=1 x=0.0 y=0.0 z=19421.9 
(do i=25)
place   sol1    copies=1 x=0.0 y=0.0 z=19578.1 
place   sol3    copies=1 x=0.0 y=0.0 z=19633.1 
place   sol5    copies=1 x=0.0 y=0.0 z=19685.6 
place   sol6    copies=1 x=0.0 y=0.0 z=20094.4 
place   sol4    copies=1 x=0.0 y=0.0 z=20146.9 
place   sol2    copies=1 x=0.0 y=0.0 z=20201.9 
(do i=26)
place   sol1    copies=1 x=0.0 y=0.0 z=20358.1 
place   sol3    copies=1 x=0.0 y=0.0 z=20413.1 
place   sol5    copies=1 x=0.0 y=0.0 z=20465.6 
place   sol6    copies=1 x=0.0 y=0.0 z=20874.4 
place   sol4    copies=1 x=0.0 y=0.0 z=20926.9 
place   sol2    copies=1 x=0.0 y=0.0 z=20981.9 
(do i=27)
place   sol1    copies=1 x=0.0 y=0.0 z=21138.1 
place   sol3    copies=1 x=0.0 y=0.0 z=21193.1 
place   sol5    copies=1 x=0.0 y=0.0 z=21245.6 
place   sol6    copies=1 x=0.0 y=0.0 z=21654.4 
place   sol4    copies=1 x=0.0 y=0.0 z=21706.9 
place   sol2    copies=1 x=0.0 y=0.0 z=21761.9 
(do i=28)
place   sol1    copies=1 x=0.0 y=0.0 z=21918.1 
place   sol3    copies=1 x=0.0 y=0.0 z=21973.1 
place   sol5    copies=1 x=0.0 y=0.0 z=22025.6 
place   sol6    copies=1 x=0.0 y=0.0 z=22434.4 
place   sol4    copies=1 x=0.0 y=0.0 z=22486.9 
place   sol2    copies=1 x=0.0 y=0.0 z=22541.9 
(do i=29)
place   sol1    copies=1 x=0.0 y=0.0 z=22698.1 
place   sol3    copies=1 x=0.0 y=0.0 z=22753.1 
place   sol5    copies=1 x=0.0 y=0.0 z=22805.6 
place   sol6    copies=1 x=0.0 y=0.0 z=23214.4 
place   sol4    copies=1 x=0.0 y=0.0 z=23266.9 
place   sol2    copies=1 x=0.0 y=0.0 z=23321.9 
(do i=30)
place   sol1    copies=1 x=0.0 y=0.0 z=23478.1 
place   sol3    copies=1 x=0.0 y=0.0 z=23533.1 
place   sol5    copies=1 x=0.0 y=0.0 z=23585.6 
place   sol6    copies=1 x=0.0 y=0.0 z=23994.4 
place   sol4    copies=1 x=0.0 y=0.0 z=24046.9 
place   sol2    copies=1 x=0.0 y=0.0 z=24101.9 
(do i=31)
place   sol1    copies=1 x=0.0 y=0.0 z=24258.1 
place   sol3    copies=1 x=0.0 y=0.0 z=24313.1 
place   sol5    copies=1 x=0.0 y=0.0 z=24365.6 
place   sol6    copies=1 x=0.0 y=0.0 z=24774.4 
place   sol4    copies=1 x=0.0 y=0.0 z=24826.9 
place   sol2    copies=1 x=0.0 y=0.0 z=24881.9 
(do i=32)
place   sol1    copies=1 x=0.0 y=0.0 z=25038.1 
place   sol3    copies=1 x=0.0 y=0.0 z=25093.1 
place   sol5    copies=1 x=0.0 y=0.0 z=25145.6 
place   sol6    copies=1 x=0.0 y=0.0 z=25554.4 
place   sol4    copies=1 x=0.0 y=0.0 z=25606.9 
place   sol2    copies=1 x=0.0 y=0.0 z=25661.9 
(do i=33)
place   sol1    copies=1 x=0.0 y=0.0 z=25818.1 
place   sol3    copies=1 x=0.0 y=0.0 z=25873.1 
place   sol5    copies=1 x=0.0 y=0.0 z=25925.6 
place   sol6    copies=1 x=0.0 y=0.0 z=26334.4 
place   sol4    copies=1 x=0.0 y=0.0 z=26386.9 
place   sol2    copies=1 x=0.0 y=0.0 z=26441.9 
(do i=34)
place   sol1    copies=1 x=0.0 y=0.0 z=26598.1 
place   sol3    copies=1 x=0.0 y=0.0 z=26653.1 
place   sol5    copies=1 x=0.0 y=0.0 z=26705.6 
place   sol6    copies=1 x=0.0 y=0.0 z=27114.4 
place   sol4    copies=1 x=0.0 y=0.0 z=27166.9 
place   sol2    copies=1 x=0.0 y=0.0 z=27221.9 
(do i=35)
place   sol1    copies=1 x=0.0 y=0.0 z=27378.1 
place   sol3    copies=1 x=0.0 y=0.0 z=27433.1 
place   sol5    copies=1 x=0.0 y=0.0 z=27485.6 
place   sol6    copies=1 x=0.0 y=0.0 z=27894.4 
place   sol4    copies=1 x=0.0 y=0.0 z=27946.9 
place   sol2    copies=1 x=0.0 y=0.0 z=28001.9 
(do i=36)
place   sol1    copies=1 x=0.0 y=0.0 z=28158.1 
place   sol3    copies=1 x=0.0 y=0.0 z=28213.1 
place   sol5    copies=1 x=0.0 y=0.0 z=28265.6 
place   sol6    copies=1 x=0.0 y=0.0 z=28674.4 
place   sol4    copies=1 x=0.0 y=0.0 z=28726.9 
place   sol2    copies=1 x=0.0 y=0.0 z=28781.9 
(do i=37)
place   sol1    copies=1 x=0.0 y=0.0 z=28938.1 
place   sol3    copies=1 x=0.0 y=0.0 z=28993.1 
place   sol5    copies=1 x=0.0 y=0.0 z=29045.6 
place   sol6    copies=1 x=0.0 y=0.0 z=29454.4 
place   sol4    copies=1 x=0.0 y=0.0 z=29506.9 
place   sol2    copies=1 x=0.0 y=0.0 z=29561.9 
(do i=38)
place   sol1    copies=1 x=0.0 y=0.0 z=29718.1 
place   sol3    copies=1 x=0.0 y=0.0 z=29773.1 
place   sol5    copies=1 x=0.0 y=0.0 z=29825.6 
place   sol6    copies=1 x=0.0 y=0.0 z=30234.4 
place   sol4    copies=1 x=0.0 y=0.0 z=30286.9 
place   sol2    copies=1 x=0.0 y=0.0 z=30341.9 
(do i=39)
place   sol1    copies=1 x=0.0 y=0.0 z=30498.1 
place   sol3    copies=1 x=0.0 y=0.0 z=30553.1 
place   sol5    copies=1 x=0.0 y=0.0 z=30605.6 
place   sol6    copies=1 x=0.0 y=0.0 z=31014.4 
place   sol4    copies=1 x=0.0 y=0.0 z=31066.9 
place   sol2    copies=1 x=0.0 y=0.0 z=31121.9 
(do i=40)
place   sol1    copies=1 x=0.0 y=0.0 z=31278.1 
place   sol3    copies=1 x=0.0 y=0.0 z=31333.1 
place   sol5    copies=1 x=0.0 y=0.0 z=31385.6 
place   sol6    copies=1 x=0.0 y=0.0 z=31794.4 
place   sol4    copies=1 x=0.0 y=0.0 z=31846.9 
place   sol2    copies=1 x=0.0 y=0.0 z=31901.9 
(do i=41)
place   sol1    copies=1 x=0.0 y=0.0 z=32058.1 
place   sol3    copies=1 x=0.0 y=0.0 z=32113.1 
place   sol5    copies=1 x=0.0 y=0.0 z=32165.6 
place   sol6    copies=1 x=0.0 y=0.0 z=32574.4 
place   sol4    copies=1 x=0.0 y=0.0 z=32626.9 
place   sol2    copies=1 x=0.0 y=0.0 z=32681.9 
(do i=42)
place   sol1    copies=1 x=0.0 y=0.0 z=32838.1 
place   sol3    copies=1 x=0.0 y=0.0 z=32893.1 
place   sol5    copies=1 x=0.0 y=0.0 z=32945.6 
place   sol6    copies=1 x=0.0 y=0.0 z=33354.4 
place   sol4    copies=1 x=0.0 y=0.0 z=33406.9 
place   sol2    copies=1 x=0.0 y=0.0 z=33461.9 
(do i=43)
place   sol1    copies=1 x=0.0 y=0.0 z=33618.1 
place   sol3    copies=1 x=0.0 y=0.0 z=33673.1 
place   sol5    copies=1 x=0.0 y=0.0 z=33725.6 
place   sol6    copies=1 x=0.0 y=0.0 z=34134.4 
place   sol4    copies=1 x=0.0 y=0.0 z=34186.9 
place   sol2    copies=1 x=0.0 y=0.0 z=34241.9 
(do i=44)
place   sol1    copies=1 x=0.0 y=0.0 z=34398.1 
place   sol3    copies=1 x=0.0 y=0.0 z=34453.1 
place   sol5    copies=1 x=0.0 y=0.0 z=34505.6 
place   sol6    copies=1 x=0.0 y=0.0 z=34914.4 
place   sol4    copies=1 x=0.0 y=0.0 z=34966.9 
place   sol2    copies=1 x=0.0 y=0.0 z=35021.9 
(do i=45)
place   sol1    copies=1 x=0.0 y=0.0 z=35178.1 
place   sol3    copies=1 x=0.0 y=0.0 z=35233.1 
place   sol5    copies=1 x=0.0 y=0.0 z=35285.6 
place   sol6    copies=1 x=0.0 y=0.0 z=35694.4 
place   sol4    copies=1 x=0.0 y=0.0 z=35746.9 
place   sol2    copies=1 x=0.0 y=0.0 z=35801.9 
(do i=46)
place   sol1    copies=1 x=0.0 y=0.0 z=35958.1 
place   sol3    copies=1 x=0.0 y=0.0 z=36013.1 
place   sol5    copies=1 x=0.0 y=0.0 z=36065.6 
place   sol6    copies=1 x=0.0 y=0.0 z=36474.4 
place   sol4    copies=1 x=0.0 y=0.0 z=36526.9 
place   sol2    copies=1 x=0.0 y=0.0 z=36581.9 
(do i=47)
place   sol1    copies=1 x=0.0 y=0.0 z=36738.1 
place   sol3    copies=1 x=0.0 y=0.0 z=36793.1 
place   sol5    copies=1 x=0.0 y=0.0 z=36845.6 
place   sol6    copies=1 x=0.0 y=0.0 z=37254.4 
place   sol4    copies=1 x=0.0 y=0.0 z=37306.9 
place   sol2    copies=1 x=0.0 y=0.0 z=37361.9 
(do i=48)
place   sol1    copies=1 x=0.0 y=0.0 z=37518.1 
place   sol3    copies=1 x=0.0 y=0.0 z=37573.1 
place   sol5    copies=1 x=0.0 y=0.0 z=37625.6 
place   sol6    copies=1 x=0.0 y=0.0 z=38034.4 
place   sol4    copies=1 x=0.0 y=0.0 z=38086.9 
place   sol2    copies=1 x=0.0 y=0.0 z=38141.9 
(do i=49)
place   sol1    copies=1 x=0.0 y=0.0 z=38298.1 
place   sol3    copies=1 x=0.0 y=0.0 z=38353.1 
place   sol5    copies=1 x=0.0 y=0.0 z=38405.6 
place   sol6    copies=1 x=0.0 y=0.0 z=38814.4 
place   sol4    copies=1 x=0.0 y=0.0 z=38866.9 
place   sol2    copies=1 x=0.0 y=0.0 z=38921.9 
(do i=50)
place   sol1    copies=1 x=0.0 y=0.0 z=39078.1 
place   sol3    copies=1 x=0.0 y=0.0 z=39133.1 
place   sol5    copies=1 x=0.0 y=0.0 z=39185.6 
place   sol6    copies=1 x=0.0 y=0.0 z=39594.4 
place   sol4    copies=1 x=0.0 y=0.0 z=39646.9 
place   sol2    copies=1 x=0.0 y=0.0 z=39701.9 
(do i=51)
place   sol1    copies=1 x=0.0 y=0.0 z=39858.1 
place   sol3    copies=1 x=0.0 y=0.0 z=39913.1 
place   sol5    copies=1 x=0.0 y=0.0 z=39965.6 
place   sol6    copies=1 x=0.0 y=0.0 z=40374.4 
place   sol4    copies=1 x=0.0 y=0.0 z=40426.9 
place   sol2    copies=1 x=0.0 y=0.0 z=40481.9 
(do i=52)
place   sol1    copies=1 x=0.0 y=0.0 z=40638.1 
place   sol3    copies=1 x=0.0 y=0.0 z=40693.1 
place   sol5    copies=1 x=0.0 y=0.0 z=40745.6 
place   sol6    copies=1 x=0.0 y=0.0 z=41154.4 
place   sol4    copies=1 x=0.0 y=0.0 z=41206.9 
place   sol2    copies=1 x=0.0 y=0.0 z=41261.9 
(do i=53)
place   sol1    copies=1 x=0.0 y=0.0 z=41418.1 
place   sol3    copies=1 x=0.0 y=0.0 z=41473.1 
place   sol5    copies=1 x=0.0 y=0.0 z=41525.6 
place   sol6    copies=1 x=0.0 y=0.0 z=41934.4 
place   sol4    copies=1 x=0.0 y=0.0 z=41986.9 
place   sol2    copies=1 x=0.0 y=0.0 z=42041.9 
(do i=54)
place   sol1    copies=1 x=0.0 y=0.0 z=42198.1 
place   sol3    copies=1 x=0.0 y=0.0 z=42253.1 
place   sol5    copies=1 x=0.0 y=0.0 z=42305.6 
place   sol6    copies=1 x=0.0 y=0.0 z=42714.4 
place   sol4    copies=1 x=0.0 y=0.0 z=42766.9 
place   sol2    copies=1 x=0.0 y=0.0 z=42821.9 
(do i=55)
place   sol1    copies=1 x=0.0 y=0.0 z=42978.1 
place   sol3    copies=1 x=0.0 y=0.0 z=43033.1 
place   sol5    copies=1 x=0.0 y=0.0 z=43085.6 
place   sol6    copies=1 x=0.0 y=0.0 z=43494.4 
place   sol4    copies=1 x=0.0 y=0.0 z=43546.9 
place   sol2    copies=1 x=0.0 y=0.0 z=43601.9 
(do i=56)
place   sol1    copies=1 x=0.0 y=0.0 z=43758.1 
place   sol3    copies=1 x=0.0 y=0.0 z=43813.1 
place   sol5    copies=1 x=0.0 y=0.0 z=43865.6 
place   sol6    copies=1 x=0.0 y=0.0 z=44274.4 
place   sol4    copies=1 x=0.0 y=0.0 z=44326.9 
place   sol2    copies=1 x=0.0 y=0.0 z=44381.9 
(do i=57)
place   sol1    copies=1 x=0.0 y=0.0 z=44538.1 
place   sol3    copies=1 x=0.0 y=0.0 z=44593.1 
place   sol5    copies=1 x=0.0 y=0.0 z=44645.6 
place   sol6    copies=1 x=0.0 y=0.0 z=45054.4 
place   sol4    copies=1 x=0.0 y=0.0 z=45106.9 
place   sol2    copies=1 x=0.0 y=0.0 z=45161.9 
(do i=58)
place   sol1    copies=1 x=0.0 y=0.0 z=45318.1 
place   sol3    copies=1 x=0.0 y=0.0 z=45373.1 
place   sol5    copies=1 x=0.0 y=0.0 z=45425.6 
place   sol6    copies=1 x=0.0 y=0.0 z=45834.4 
place   sol4    copies=1 x=0.0 y=0.0 z=45886.9 
place   sol2    copies=1 x=0.0 y=0.0 z=45941.9 
(do i=59)
place   sol1    copies=1 x=0.0 y=0.0 z=46098.1 
place   sol3    copies=1 x=0.0 y=0.0 z=46153.1 
place   sol5    copies=1 x=0.0 y=0.0 z=46205.6 
place   sol6    copies=1 x=0.0 y=0.0 z=46614.4 
place   sol4    copies=1 x=0.0 y=0.0 z=46666.9 
place   sol2    copies=1 x=0.0 y=0.0 z=46721.9 
(do i=60)
place   sol1    copies=1 x=0.0 y=0.0 z=46878.1 
place   sol3    copies=1 x=0.0 y=0.0 z=46933.1 
place   sol5    copies=1 x=0.0 y=0.0 z=46985.6 
place   sol6    copies=1 x=0.0 y=0.0 z=47394.4 
place   sol4    copies=1 x=0.0 y=0.0 z=47446.9 
place   sol2    copies=1 x=0.0 y=0.0 z=47501.9 
enddo
do i=-2,60,1
(do i=-2)
place   solbend copies=1 x=0.0 y=0.0 z=-1482.0 rename='solbend_a_-2'
place   solbend copies=1 x=0.0 y=0.0 z=-858.0 rename='solbend_b_-2'
(do i=-1)
place   solbend copies=1 x=0.0 y=0.0 z=-702.0 rename='solbend_a_-1'
place   solbend copies=1 x=0.0 y=0.0 z=-78.0 rename='solbend_b_-1'
(do i=0)
place   solbend copies=1 x=0.0 y=0.0 z=78.0 rename='solbend_a_0'
place   solbend copies=1 x=0.0 y=0.0 z=702.0 rename='solbend_b_0'
(do i=1)
place   solbend copies=1 x=0.0 y=0.0 z=858.0 rename='solbend_a_1'
place   solbend copies=1 x=0.0 y=0.0 z=1482.0 rename='solbend_b_1'
(do i=2)
place   solbend copies=1 x=0.0 y=0.0 z=1638.0 rename='solbend_a_2'
place   solbend copies=1 x=0.0 y=0.0 z=2262.0 rename='solbend_b_2'
(do i=3)
place   solbend copies=1 x=0.0 y=0.0 z=2418.0 rename='solbend_a_3'
place   solbend copies=1 x=0.0 y=0.0 z=3042.0 rename='solbend_b_3'
(do i=4)
place   solbend copies=1 x=0.0 y=0.0 z=3198.0 rename='solbend_a_4'
place   solbend copies=1 x=0.0 y=0.0 z=3822.0 rename='solbend_b_4'
(do i=5)
place   solbend copies=1 x=0.0 y=0.0 z=3978.0 rename='solbend_a_5'
place   solbend copies=1 x=0.0 y=0.0 z=4602.0 rename='solbend_b_5'
(do i=6)
place   solbend copies=1 x=0.0 y=0.0 z=4758.0 rename='solbend_a_6'
place   solbend copies=1 x=0.0 y=0.0 z=5382.0 rename='solbend_b_6'
(do i=7)
place   solbend copies=1 x=0.0 y=0.0 z=5538.0 rename='solbend_a_7'
place   solbend copies=1 x=0.0 y=0.0 z=6162.0 rename='solbend_b_7'
(do i=8)
place   solbend copies=1 x=0.0 y=0.0 z=6318.0 rename='solbend_a_8'
place   solbend copies=1 x=0.0 y=0.0 z=6942.0 rename='solbend_b_8'
(do i=9)
place   solbend copies=1 x=0.0 y=0.0 z=7098.0 rename='solbend_a_9'
place   solbend copies=1 x=0.0 y=0.0 z=7722.0 rename='solbend_b_9'
(do i=10)
place   solbend copies=1 x=0.0 y=0.0 z=7878.0 rename='solbend_a_10'
place   solbend copies=1 x=0.0 y=0.0 z=8502.0 rename='solbend_b_10'
(do i=11)
place   solbend copies=1 x=0.0 y=0.0 z=8658.0 rename='solbend_a_11'
place   solbend copies=1 x=0.0 y=0.0 z=9282.0 rename='solbend_b_11'
(do i=12)
place   solbend copies=1 x=0.0 y=0.0 z=9438.0 rename='solbend_a_12'
place   solbend copies=1 x=0.0 y=0.0 z=10062.0 rename='solbend_b_12'
(do i=13)
place   solbend copies=1 x=0.0 y=0.0 z=10218.0 rename='solbend_a_13'
place   solbend copies=1 x=0.0 y=0.0 z=10842.0 rename='solbend_b_13'
(do i=14)
place   solbend copies=1 x=0.0 y=0.0 z=10998.0 rename='solbend_a_14'
place   solbend copies=1 x=0.0 y=0.0 z=11622.0 rename='solbend_b_14'
(do i=15)
place   solbend copies=1 x=0.0 y=0.0 z=11778.0 rename='solbend_a_15'
place   solbend copies=1 x=0.0 y=0.0 z=12402.0 rename='solbend_b_15'
(do i=16)
place   solbend copies=1 x=0.0 y=0.0 z=12558.0 rename='solbend_a_16'
place   solbend copies=1 x=0.0 y=0.0 z=13182.0 rename='solbend_b_16'
(do i=17)
place   solbend copies=1 x=0.0 y=0.0 z=13338.0 rename='solbend_a_17'
place   solbend copies=1 x=0.0 y=0.0 z=13962.0 rename='solbend_b_17'
(do i=18)
place   solbend copies=1 x=0.0 y=0.0 z=14118.0 rename='solbend_a_18'
place   solbend copies=1 x=0.0 y=0.0 z=14742.0 rename='solbend_b_18'
(do i=19)
place   solbend copies=1 x=0.0 y=0.0 z=14898.0 rename='solbend_a_19'
place   solbend copies=1 x=0.0 y=0.0 z=15522.0 rename='solbend_b_19'
(do i=20)
place   solbend copies=1 x=0.0 y=0.0 z=15678.0 rename='solbend_a_20'
place   solbend copies=1 x=0.0 y=0.0 z=16302.0 rename='solbend_b_20'
(do i=21)
place   solbend copies=1 x=0.0 y=0.0 z=16458.0 rename='solbend_a_21'
place   solbend copies=1 x=0.0 y=0.0 z=17082.0 rename='solbend_b_21'
(do i=22)
place   solbend copies=1 x=0.0 y=0.0 z=17238.0 rename='solbend_a_22'
place   solbend copies=1 x=0.0 y=0.0 z=17862.0 rename='solbend_b_22'
(do i=23)
place   solbend copies=1 x=0.0 y=0.0 z=18018.0 rename='solbend_a_23'
place   solbend copies=1 x=0.0 y=0.0 z=18642.0 rename='solbend_b_23'
(do i=24)
place   solbend copies=1 x=0.0 y=0.0 z=18798.0 rename='solbend_a_24'
place   solbend copies=1 x=0.0 y=0.0 z=19422.0 rename='solbend_b_24'
(do i=25)
place   solbend copies=1 x=0.0 y=0.0 z=19578.0 rename='solbend_a_25'
place   solbend copies=1 x=0.0 y=0.0 z=20202.0 rename='solbend_b_25'
(do i=26)
place   solbend copies=1 x=0.0 y=0.0 z=20358.0 rename='solbend_a_26'
place   solbend copies=1 x=0.0 y=0.0 z=20982.0 rename='solbend_b_26'
(do i=27)
place   solbend copies=1 x=0.0 y=0.0 z=21138.0 rename='solbend_a_27'
place   solbend copies=1 x=0.0 y=0.0 z=21762.0 rename='solbend_b_27'
(do i=28)
place   solbend copies=1 x=0.0 y=0.0 z=21918.0 rename='solbend_a_28'
place   solbend copies=1 x=0.0 y=0.0 z=22542.0 rename='solbend_b_28'
(do i=29)
place   solbend copies=1 x=0.0 y=0.0 z=22698.0 rename='solbend_a_29'
place   solbend copies=1 x=0.0 y=0.0 z=23322.0 rename='solbend_b_29'
(do i=30)
place   solbend copies=1 x=0.0 y=0.0 z=23478.0 rename='solbend_a_30'
place   solbend copies=1 x=0.0 y=0.0 z=24102.0 rename='solbend_b_30'
(do i=31)
place   solbend copies=1 x=0.0 y=0.0 z=24258.0 rename='solbend_a_31'
place   solbend copies=1 x=0.0 y=0.0 z=24882.0 rename='solbend_b_31'
(do i=32)
place   solbend copies=1 x=0.0 y=0.0 z=25038.0 rename='solbend_a_32'
place   solbend copies=1 x=0.0 y=0.0 z=25662.0 rename='solbend_b_32'
(do i=33)
place   solbend copies=1 x=0.0 y=0.0 z=25818.0 rename='solbend_a_33'
place   solbend copies=1 x=0.0 y=0.0 z=26442.0 rename='solbend_b_33'
(do i=34)
place   solbend copies=1 x=0.0 y=0.0 z=26598.0 rename='solbend_a_34'
place   solbend copies=1 x=0.0 y=0.0 z=27222.0 rename='solbend_b_34'
(do i=35)
place   solbend copies=1 x=0.0 y=0.0 z=27378.0 rename='solbend_a_35'
place   solbend copies=1 x=0.0 y=0.0 z=28002.0 rename='solbend_b_35'
(do i=36)
place   solbend copies=1 x=0.0 y=0.0 z=28158.0 rename='solbend_a_36'
place   solbend copies=1 x=0.0 y=0.0 z=28782.0 rename='solbend_b_36'
(do i=37)
place   solbend copies=1 x=0.0 y=0.0 z=28938.0 rename='solbend_a_37'
place   solbend copies=1 x=0.0 y=0.0 z=29562.0 rename='solbend_b_37'
(do i=38)
place   solbend copies=1 x=0.0 y=0.0 z=29718.0 rename='solbend_a_38'
place   solbend copies=1 x=0.0 y=0.0 z=30342.0 rename='solbend_b_38'
(do i=39)
place   solbend copies=1 x=0.0 y=0.0 z=30498.0 rename='solbend_a_39'
place   solbend copies=1 x=0.0 y=0.0 z=31122.0 rename='solbend_b_39'
(do i=40)
place   solbend copies=1 x=0.0 y=0.0 z=31278.0 rename='solbend_a_40'
place   solbend copies=1 x=0.0 y=0.0 z=31902.0 rename='solbend_b_40'
(do i=41)
place   solbend copies=1 x=0.0 y=0.0 z=32058.0 rename='solbend_a_41'
place   solbend copies=1 x=0.0 y=0.0 z=32682.0 rename='solbend_b_41'
(do i=42)
place   solbend copies=1 x=0.0 y=0.0 z=32838.0 rename='solbend_a_42'
place   solbend copies=1 x=0.0 y=0.0 z=33462.0 rename='solbend_b_42'
(do i=43)
place   solbend copies=1 x=0.0 y=0.0 z=33618.0 rename='solbend_a_43'
place   solbend copies=1 x=0.0 y=0.0 z=34242.0 rename='solbend_b_43'
(do i=44)
place   solbend copies=1 x=0.0 y=0.0 z=34398.0 rename='solbend_a_44'
place   solbend copies=1 x=0.0 y=0.0 z=35022.0 rename='solbend_b_44'
(do i=45)
place   solbend copies=1 x=0.0 y=0.0 z=35178.0 rename='solbend_a_45'
place   solbend copies=1 x=0.0 y=0.0 z=35802.0 rename='solbend_b_45'
(do i=46)
place   solbend copies=1 x=0.0 y=0.0 z=35958.0 rename='solbend_a_46'
place   solbend copies=1 x=0.0 y=0.0 z=36582.0 rename='solbend_b_46'
(do i=47)
place   solbend copies=1 x=0.0 y=0.0 z=36738.0 rename='solbend_a_47'
place   solbend copies=1 x=0.0 y=0.0 z=37362.0 rename='solbend_b_47'
(do i=48)
place   solbend copies=1 x=0.0 y=0.0 z=37518.0 rename='solbend_a_48'
place   solbend copies=1 x=0.0 y=0.0 z=38142.0 rename='solbend_b_48'
(do i=49)
place   solbend copies=1 x=0.0 y=0.0 z=38298.0 rename='solbend_a_49'
place   solbend copies=1 x=0.0 y=0.0 z=38922.0 rename='solbend_b_49'
(do i=50)
place   solbend copies=1 x=0.0 y=0.0 z=39078.0 rename='solbend_a_50'
place   solbend copies=1 x=0.0 y=0.0 z=39702.0 rename='solbend_b_50'
(do i=51)
place   solbend copies=1 x=0.0 y=0.0 z=39858.0 rename='solbend_a_51'
place   solbend copies=1 x=0.0 y=0.0 z=40482.0 rename='solbend_b_51'
(do i=52)
place   solbend copies=1 x=0.0 y=0.0 z=40638.0 rename='solbend_a_52'
place   solbend copies=1 x=0.0 y=0.0 z=41262.0 rename='solbend_b_52'
(do i=53)
place   solbend copies=1 x=0.0 y=0.0 z=41418.0 rename='solbend_a_53'
place   solbend copies=1 x=0.0 y=0.0 z=42042.0 rename='solbend_b_53'
(do i=54)
place   solbend copies=1 x=0.0 y=0.0 z=42198.0 rename='solbend_a_54'
place   solbend copies=1 x=0.0 y=0.0 z=42822.0 rename='solbend_b_54'
(do i=55)
place   solbend copies=1 x=0.0 y=0.0 z=42978.0 rename='solbend_a_55'
place   solbend copies=1 x=0.0 y=0.0 z=43602.0 rename='solbend_b_55'
(do i=56)
place   solbend copies=1 x=0.0 y=0.0 z=43758.0 rename='solbend_a_56'
place   solbend copies=1 x=0.0 y=0.0 z=44382.0 rename='solbend_b_56'
(do i=57)
place   solbend copies=1 x=0.0 y=0.0 z=44538.0 rename='solbend_a_57'
place   solbend copies=1 x=0.0 y=0.0 z=45162.0 rename='solbend_b_57'
(do i=58)
place   solbend copies=1 x=0.0 y=0.0 z=45318.0 rename='solbend_a_58'
place   solbend copies=1 x=0.0 y=0.0 z=45942.0 rename='solbend_b_58'
(do i=59)
place   solbend copies=1 x=0.0 y=0.0 z=46098.0 rename='solbend_a_59'
place   solbend copies=1 x=0.0 y=0.0 z=46722.0 rename='solbend_b_59'
(do i=60)
place   solbend copies=1 x=0.0 y=0.0 z=46878.0 rename='solbend_a_60'
place   solbend copies=1 x=0.0 y=0.0 z=47502.0 rename='solbend_b_60'
enddo
do i=-2,60,1
(do i=-2)
place   fringe_left copies=1 x=0.0 y=0.0 z=-1578.0 
place   fringe_right copies=1 x=0.0 y=0.0 z=-1386.0 
place   fringe_left copies=1 x=0.0 y=0.0 z=-954.0 
place   fringe_right copies=1 x=0.0 y=0.0 z=-762.0 
(do i=-1)
place   fringe_left copies=1 x=0.0 y=0.0 z=-798.0 
place   fringe_right copies=1 x=0.0 y=0.0 z=-606.0 
place   fringe_left copies=1 x=0.0 y=0.0 z=-174.0 
place   fringe_right copies=1 x=0.0 y=0.0 z=18.0 
(do i=0)
place   fringe_left copies=1 x=0.0 y=0.0 z=-18.0 
place   fringe_right copies=1 x=0.0 y=0.0 z=174.0 
place   fringe_left copies=1 x=0.0 y=0.0 z=606.0 
place   fringe_right copies=1 x=0.0 y=0.0 z=798.0 
(do i=1)
place   fringe_left copies=1 x=0.0 y=0.0 z=762.0 
place   fringe_right copies=1 x=0.0 y=0.0 z=954.0 
place   fringe_left copies=1 x=0.0 y=0.0 z=1386.0 
place   fringe_right copies=1 x=0.0 y=0.0 z=1578.0 
(do i=2)
place   fringe_left copies=1 x=0.0 y=0.0 z=1542.0 
place   fringe_right copies=1 x=0.0 y=0.0 z=1734.0 
place   fringe_left copies=1 x=0.0 y=0.0 z=2166.0 
place   fringe_right copies=1 x=0.0 y=0.0 z=2358.0 
(do i=3)
place   fringe_left copies=1 x=0.0 y=0.0 z=2322.0 
place   fringe_right copies=1 x=0.0 y=0.0 z=2514.0 
place   fringe_left copies=1 x=0.0 y=0.0 z=2946.0 
place   fringe_right copies=1 x=0.0 y=0.0 z=3138.0 
(do i=4)
place   fringe_left copies=1 x=0.0 y=0.0 z=3102.0 
place   fringe_right copies=1 x=0.0 y=0.0 z=3294.0 
place   fringe_left copies=1 x=0.0 y=0.0 z=3726.0 
place   fringe_right copies=1 x=0.0 y=0.0 z=3918.0 
(do i=5)
place   fringe_left copies=1 x=0.0 y=0.0 z=3882.0 
place   fringe_right copies=1 x=0.0 y=0.0 z=4074.0 
place   fringe_left copies=1 x=0.0 y=0.0 z=4506.0 
place   fringe_right copies=1 x=0.0 y=0.0 z=4698.0 
(do i=6)
place   fringe_left copies=1 x=0.0 y=0.0 z=4662.0 
place   fringe_right copies=1 x=0.0 y=0.0 z=4854.0 
place   fringe_left copies=1 x=0.0 y=0.0 z=5286.0 
place   fringe_right copies=1 x=0.0 y=0.0 z=5478.0 
(do i=7)
place   fringe_left copies=1 x=0.0 y=0.0 z=5442.0 
place   fringe_right copies=1 x=0.0 y=0.0 z=5634.0 
place   fringe_left copies=1 x=0.0 y=0.0 z=6066.0 
place   fringe_right copies=1 x=0.0 y=0.0 z=6258.0 
(do i=8)
place   fringe_left copies=1 x=0.0 y=0.0 z=6222.0 
place   fringe_right copies=1 x=0.0 y=0.0 z=6414.0 
place   fringe_left copies=1 x=0.0 y=0.0 z=6846.0 
place   fringe_right copies=1 x=0.0 y=0.0 z=7038.0 
(do i=9)
place   fringe_left copies=1 x=0.0 y=0.0 z=7002.0 
place   fringe_right copies=1 x=0.0 y=0.0 z=7194.0 
place   fringe_left copies=1 x=0.0 y=0.0 z=7626.0 
place   fringe_right copies=1 x=0.0 y=0.0 z=7818.0 
(do i=10)
place   fringe_left copies=1 x=0.0 y=0.0 z=7782.0 
place   fringe_right copies=1 x=0.0 y=0.0 z=7974.0 
place   fringe_left copies=1 x=0.0 y=0.0 z=8406.0 
place   fringe_right copies=1 x=0.0 y=0.0 z=8598.0 
(do i=11)
place   fringe_left copies=1 x=0.0 y=0.0 z=8562.0 
place   fringe_right copies=1 x=0.0 y=0.0 z=8754.0 
place   fringe_left copies=1 x=0.0 y=0.0 z=9186.0 
place   fringe_right copies=1 x=0.0 y=0.0 z=9378.0 
(do i=12)
place   fringe_left copies=1 x=0.0 y=0.0 z=9342.0 
place   fringe_right copies=1 x=0.0 y=0.0 z=9534.0 
place   fringe_left copies=1 x=0.0 y=0.0 z=9966.0 
place   fringe_right copies=1 x=0.0 y=0.0 z=10158.0 
(do i=13)
place   fringe_left copies=1 x=0.0 y=0.0 z=10122.0 
place   fringe_right copies=1 x=0.0 y=0.0 z=10314.0 
place   fringe_left copies=1 x=0.0 y=0.0 z=10746.0 
place   fringe_right copies=1 x=0.0 y=0.0 z=10938.0 
(do i=14)
place   fringe_left copies=1 x=0.0 y=0.0 z=10902.0 
place   fringe_right copies=1 x=0.0 y=0.0 z=11094.0 
place   fringe_left copies=1 x=0.0 y=0.0 z=11526.0 
place   fringe_right copies=1 x=0.0 y=0.0 z=11718.0 
(do i=15)
place   fringe_left copies=1 x=0.0 y=0.0 z=11682.0 
place   fringe_right copies=1 x=0.0 y=0.0 z=11874.0 
place   fringe_left copies=1 x=0.0 y=0.0 z=12306.0 
place   fringe_right copies=1 x=0.0 y=0.0 z=12498.0 
(do i=16)
place   fringe_left copies=1 x=0.0 y=0.0 z=12462.0 
place   fringe_right copies=1 x=0.0 y=0.0 z=12654.0 
place   fringe_left copies=1 x=0.0 y=0.0 z=13086.0 
place   fringe_right copies=1 x=0.0 y=0.0 z=13278.0 
(do i=17)
place   fringe_left copies=1 x=0.0 y=0.0 z=13242.0 
place   fringe_right copies=1 x=0.0 y=0.0 z=13434.0 
place   fringe_left copies=1 x=0.0 y=0.0 z=13866.0 
place   fringe_right copies=1 x=0.0 y=0.0 z=14058.0 
(do i=18)
place   fringe_left copies=1 x=0.0 y=0.0 z=14022.0 
place   fringe_right copies=1 x=0.0 y=0.0 z=14214.0 
place   fringe_left copies=1 x=0.0 y=0.0 z=14646.0 
place   fringe_right copies=1 x=0.0 y=0.0 z=14838.0 
(do i=19)
place   fringe_left copies=1 x=0.0 y=0.0 z=14802.0 
place   fringe_right copies=1 x=0.0 y=0.0 z=14994.0 
place   fringe_left copies=1 x=0.0 y=0.0 z=15426.0 
place   fringe_right copies=1 x=0.0 y=0.0 z=15618.0 
(do i=20)
place   fringe_left copies=1 x=0.0 y=0.0 z=15582.0 
place   fringe_right copies=1 x=0.0 y=0.0 z=15774.0 
place   fringe_left copies=1 x=0.0 y=0.0 z=16206.0 
place   fringe_right copies=1 x=0.0 y=0.0 z=16398.0 
(do i=21)
place   fringe_left copies=1 x=0.0 y=0.0 z=16362.0 
place   fringe_right copies=1 x=0.0 y=0.0 z=16554.0 
place   fringe_left copies=1 x=0.0 y=0.0 z=16986.0 
place   fringe_right copies=1 x=0.0 y=0.0 z=17178.0 
(do i=22)
place   fringe_left copies=1 x=0.0 y=0.0 z=17142.0 
place   fringe_right copies=1 x=0.0 y=0.0 z=17334.0 
place   fringe_left copies=1 x=0.0 y=0.0 z=17766.0 
place   fringe_right copies=1 x=0.0 y=0.0 z=17958.0 
(do i=23)
place   fringe_left copies=1 x=0.0 y=0.0 z=17922.0 
place   fringe_right copies=1 x=0.0 y=0.0 z=18114.0 
place   fringe_left copies=1 x=0.0 y=0.0 z=18546.0 
place   fringe_right copies=1 x=0.0 y=0.0 z=18738.0 
(do i=24)
place   fringe_left copies=1 x=0.0 y=0.0 z=18702.0 
place   fringe_right copies=1 x=0.0 y=0.0 z=18894.0 
place   fringe_left copies=1 x=0.0 y=0.0 z=19326.0 
place   fringe_right copies=1 x=0.0 y=0.0 z=19518.0 
(do i=25)
place   fringe_left copies=1 x=0.0 y=0.0 z=19482.0 
place   fringe_right copies=1 x=0.0 y=0.0 z=19674.0 
place   fringe_left copies=1 x=0.0 y=0.0 z=20106.0 
place   fringe_right copies=1 x=0.0 y=0.0 z=20298.0 
(do i=26)
place   fringe_left copies=1 x=0.0 y=0.0 z=20262.0 
place   fringe_right copies=1 x=0.0 y=0.0 z=20454.0 
place   fringe_left copies=1 x=0.0 y=0.0 z=20886.0 
place   fringe_right copies=1 x=0.0 y=0.0 z=21078.0 
(do i=27)
place   fringe_left copies=1 x=0.0 y=0.0 z=21042.0 
place   fringe_right copies=1 x=0.0 y=0.0 z=21234.0 
place   fringe_left copies=1 x=0.0 y=0.0 z=21666.0 
place   fringe_right copies=1 x=0.0 y=0.0 z=21858.0 
(do i=28)
place   fringe_left copies=1 x=0.0 y=0.0 z=21822.0 
place   fringe_right copies=1 x=0.0 y=0.0 z=22014.0 
place   fringe_left copies=1 x=0.0 y=0.0 z=22446.0 
place   fringe_right copies=1 x=0.0 y=0.0 z=22638.0 
(do i=29)
place   fringe_left copies=1 x=0.0 y=0.0 z=22602.0 
place   fringe_right copies=1 x=0.0 y=0.0 z=22794.0 
place   fringe_left copies=1 x=0.0 y=0.0 z=23226.0 
place   fringe_right copies=1 x=0.0 y=0.0 z=23418.0 
(do i=30)
place   fringe_left copies=1 x=0.0 y=0.0 z=23382.0 
place   fringe_right copies=1 x=0.0 y=0.0 z=23574.0 
place   fringe_left copies=1 x=0.0 y=0.0 z=24006.0 
place   fringe_right copies=1 x=0.0 y=0.0 z=24198.0 
(do i=31)
place   fringe_left copies=1 x=0.0 y=0.0 z=24162.0 
place   fringe_right copies=1 x=0.0 y=0.0 z=24354.0 
place   fringe_left copies=1 x=0.0 y=0.0 z=24786.0 
place   fringe_right copies=1 x=0.0 y=0.0 z=24978.0 
(do i=32)
place   fringe_left copies=1 x=0.0 y=0.0 z=24942.0 
place   fringe_right copies=1 x=0.0 y=0.0 z=25134.0 
place   fringe_left copies=1 x=0.0 y=0.0 z=25566.0 
place   fringe_right copies=1 x=0.0 y=0.0 z=25758.0 
(do i=33)
place   fringe_left copies=1 x=0.0 y=0.0 z=25722.0 
place   fringe_right copies=1 x=0.0 y=0.0 z=25914.0 
place   fringe_left copies=1 x=0.0 y=0.0 z=26346.0 
place   fringe_right copies=1 x=0.0 y=0.0 z=26538.0 
(do i=34)
place   fringe_left copies=1 x=0.0 y=0.0 z=26502.0 
place   fringe_right copies=1 x=0.0 y=0.0 z=26694.0 
place   fringe_left copies=1 x=0.0 y=0.0 z=27126.0 
place   fringe_right copies=1 x=0.0 y=0.0 z=27318.0 
(do i=35)
place   fringe_left copies=1 x=0.0 y=0.0 z=27282.0 
place   fringe_right copies=1 x=0.0 y=0.0 z=27474.0 
place   fringe_left copies=1 x=0.0 y=0.0 z=27906.0 
place   fringe_right copies=1 x=0.0 y=0.0 z=28098.0 
(do i=36)
place   fringe_left copies=1 x=0.0 y=0.0 z=28062.0 
place   fringe_right copies=1 x=0.0 y=0.0 z=28254.0 
place   fringe_left copies=1 x=0.0 y=0.0 z=28686.0 
place   fringe_right copies=1 x=0.0 y=0.0 z=28878.0 
(do i=37)
place   fringe_left copies=1 x=0.0 y=0.0 z=28842.0 
place   fringe_right copies=1 x=0.0 y=0.0 z=29034.0 
place   fringe_left copies=1 x=0.0 y=0.0 z=29466.0 
place   fringe_right copies=1 x=0.0 y=0.0 z=29658.0 
(do i=38)
place   fringe_left copies=1 x=0.0 y=0.0 z=29622.0 
place   fringe_right copies=1 x=0.0 y=0.0 z=29814.0 
place   fringe_left copies=1 x=0.0 y=0.0 z=30246.0 
place   fringe_right copies=1 x=0.0 y=0.0 z=30438.0 
(do i=39)
place   fringe_left copies=1 x=0.0 y=0.0 z=30402.0 
place   fringe_right copies=1 x=0.0 y=0.0 z=30594.0 
place   fringe_left copies=1 x=0.0 y=0.0 z=31026.0 
place   fringe_right copies=1 x=0.0 y=0.0 z=31218.0 
(do i=40)
place   fringe_left copies=1 x=0.0 y=0.0 z=31182.0 
place   fringe_right copies=1 x=0.0 y=0.0 z=31374.0 
place   fringe_left copies=1 x=0.0 y=0.0 z=31806.0 
place   fringe_right copies=1 x=0.0 y=0.0 z=31998.0 
(do i=41)
place   fringe_left copies=1 x=0.0 y=0.0 z=31962.0 
place   fringe_right copies=1 x=0.0 y=0.0 z=32154.0 
place   fringe_left copies=1 x=0.0 y=0.0 z=32586.0 
place   fringe_right copies=1 x=0.0 y=0.0 z=32778.0 
(do i=42)
place   fringe_left copies=1 x=0.0 y=0.0 z=32742.0 
place   fringe_right copies=1 x=0.0 y=0.0 z=32934.0 
place   fringe_left copies=1 x=0.0 y=0.0 z=33366.0 
place   fringe_right copies=1 x=0.0 y=0.0 z=33558.0 
(do i=43)
place   fringe_left copies=1 x=0.0 y=0.0 z=33522.0 
place   fringe_right copies=1 x=0.0 y=0.0 z=33714.0 
place   fringe_left copies=1 x=0.0 y=0.0 z=34146.0 
place   fringe_right copies=1 x=0.0 y=0.0 z=34338.0 
(do i=44)
place   fringe_left copies=1 x=0.0 y=0.0 z=34302.0 
place   fringe_right copies=1 x=0.0 y=0.0 z=34494.0 
place   fringe_left copies=1 x=0.0 y=0.0 z=34926.0 
place   fringe_right copies=1 x=0.0 y=0.0 z=35118.0 
(do i=45)
place   fringe_left copies=1 x=0.0 y=0.0 z=35082.0 
place   fringe_right copies=1 x=0.0 y=0.0 z=35274.0 
place   fringe_left copies=1 x=0.0 y=0.0 z=35706.0 
place   fringe_right copies=1 x=0.0 y=0.0 z=35898.0 
(do i=46)
place   fringe_left copies=1 x=0.0 y=0.0 z=35862.0 
place   fringe_right copies=1 x=0.0 y=0.0 z=36054.0 
place   fringe_left copies=1 x=0.0 y=0.0 z=36486.0 
place   fringe_right copies=1 x=0.0 y=0.0 z=36678.0 
(do i=47)
place   fringe_left copies=1 x=0.0 y=0.0 z=36642.0 
place   fringe_right copies=1 x=0.0 y=0.0 z=36834.0 
place   fringe_left copies=1 x=0.0 y=0.0 z=37266.0 
place   fringe_right copies=1 x=0.0 y=0.0 z=37458.0 
(do i=48)
place   fringe_left copies=1 x=0.0 y=0.0 z=37422.0 
place   fringe_right copies=1 x=0.0 y=0.0 z=37614.0 
place   fringe_left copies=1 x=0.0 y=0.0 z=38046.0 
place   fringe_right copies=1 x=0.0 y=0.0 z=38238.0 
(do i=49)
place   fringe_left copies=1 x=0.0 y=0.0 z=38202.0 
place   fringe_right copies=1 x=0.0 y=0.0 z=38394.0 
place   fringe_left copies=1 x=0.0 y=0.0 z=38826.0 
place   fringe_right copies=1 x=0.0 y=0.0 z=39018.0 
(do i=50)
place   fringe_left copies=1 x=0.0 y=0.0 z=38982.0 
place   fringe_right copies=1 x=0.0 y=0.0 z=39174.0 
place   fringe_left copies=1 x=0.0 y=0.0 z=39606.0 
place   fringe_right copies=1 x=0.0 y=0.0 z=39798.0 
(do i=51)
place   fringe_left copies=1 x=0.0 y=0.0 z=39762.0 
place   fringe_right copies=1 x=0.0 y=0.0 z=39954.0 
place   fringe_left copies=1 x=0.0 y=0.0 z=40386.0 
place   fringe_right copies=1 x=0.0 y=0.0 z=40578.0 
(do i=52)
place   fringe_left copies=1 x=0.0 y=0.0 z=40542.0 
place   fringe_right copies=1 x=0.0 y=0.0 z=40734.0 
place   fringe_left copies=1 x=0.0 y=0.0 z=41166.0 
place   fringe_right copies=1 x=0.0 y=0.0 z=41358.0 
(do i=53)
place   fringe_left copies=1 x=0.0 y=0.0 z=41322.0 
place   fringe_right copies=1 x=0.0 y=0.0 z=41514.0 
place   fringe_left copies=1 x=0.0 y=0.0 z=41946.0 
place   fringe_right copies=1 x=0.0 y=0.0 z=42138.0 
(do i=54)
place   fringe_left copies=1 x=0.0 y=0.0 z=42102.0 
place   fringe_right copies=1 x=0.0 y=0.0 z=42294.0 
place   fringe_left copies=1 x=0.0 y=0.0 z=42726.0 
place   fringe_right copies=1 x=0.0 y=0.0 z=42918.0 
(do i=55)
place   fringe_left copies=1 x=0.0 y=0.0 z=42882.0 
place   fringe_right copies=1 x=0.0 y=0.0 z=43074.0 
place   fringe_left copies=1 x=0.0 y=0.0 z=43506.0 
place   fringe_right copies=1 x=0.0 y=0.0 z=43698.0 
(do i=56)
place   fringe_left copies=1 x=0.0 y=0.0 z=43662.0 
place   fringe_right copies=1 x=0.0 y=0.0 z=43854.0 
place   fringe_left copies=1 x=0.0 y=0.0 z=44286.0 
place   fringe_right copies=1 x=0.0 y=0.0 z=44478.0 
(do i=57)
place   fringe_left copies=1 x=0.0 y=0.0 z=44442.0 
place   fringe_right copies=1 x=0.0 y=0.0 z=44634.0 
place   fringe_left copies=1 x=0.0 y=0.0 z=45066.0 
place   fringe_right copies=1 x=0.0 y=0.0 z=45258.0 
(do i=58)
place   fringe_left copies=1 x=0.0 y=0.0 z=45222.0 
place   fringe_right copies=1 x=0.0 y=0.0 z=45414.0 
place   fringe_left copies=1 x=0.0 y=0.0 z=45846.0 
place   fringe_right copies=1 x=0.0 y=0.0 z=46038.0 
(do i=59)
place   fringe_left copies=1 x=0.0 y=0.0 z=46002.0 
place   fringe_right copies=1 x=0.0 y=0.0 z=46194.0 
place   fringe_left copies=1 x=0.0 y=0.0 z=46626.0 
place   fringe_right copies=1 x=0.0 y=0.0 z=46818.0 
(do i=60)
place   fringe_left copies=1 x=0.0 y=0.0 z=46782.0 
place   fringe_right copies=1 x=0.0 y=0.0 z=46974.0 
place   fringe_left copies=1 x=0.0 y=0.0 z=47406.0 
place   fringe_right copies=1 x=0.0 y=0.0 z=47598.0 
enddo
do i=0,60,1
(do i=0)
place   pipe    copies=1 x=0.0 y=0.0 z=115.0 
place   pipe    copies=1 x=0.0 y=0.0 z=665.0 
(do i=1)
place   pipe    copies=1 x=0.0 y=0.0 z=895.0 
place   pipe    copies=1 x=0.0 y=0.0 z=1445.0 
(do i=2)
place   pipe    copies=1 x=0.0 y=0.0 z=1675.0 
place   pipe    copies=1 x=0.0 y=0.0 z=2225.0 
(do i=3)
place   pipe    copies=1 x=0.0 y=0.0 z=2455.0 
place   pipe    copies=1 x=0.0 y=0.0 z=3005.0 
(do i=4)
place   pipe    copies=1 x=0.0 y=0.0 z=3235.0 
place   pipe    copies=1 x=0.0 y=0.0 z=3785.0 
(do i=5)
place   pipe    copies=1 x=0.0 y=0.0 z=4015.0 
place   pipe    copies=1 x=0.0 y=0.0 z=4565.0 
(do i=6)
place   pipe    copies=1 x=0.0 y=0.0 z=4795.0 
place   pipe    copies=1 x=0.0 y=0.0 z=5345.0 
(do i=7)
place   pipe    copies=1 x=0.0 y=0.0 z=5575.0 
place   pipe    copies=1 x=0.0 y=0.0 z=6125.0 
(do i=8)
place   pipe    copies=1 x=0.0 y=0.0 z=6355.0 
place   pipe    copies=1 x=0.0 y=0.0 z=6905.0 
(do i=9)
place   pipe    copies=1 x=0.0 y=0.0 z=7135.0 
place   pipe    copies=1 x=0.0 y=0.0 z=7685.0 
(do i=10)
place   pipe    copies=1 x=0.0 y=0.0 z=7915.0 
place   pipe    copies=1 x=0.0 y=0.0 z=8465.0 
(do i=11)
place   pipe    copies=1 x=0.0 y=0.0 z=8695.0 
place   pipe    copies=1 x=0.0 y=0.0 z=9245.0 
(do i=12)
place   pipe    copies=1 x=0.0 y=0.0 z=9475.0 
place   pipe    copies=1 x=0.0 y=0.0 z=10025.0 
(do i=13)
place   pipe    copies=1 x=0.0 y=0.0 z=10255.0 
place   pipe    copies=1 x=0.0 y=0.0 z=10805.0 
(do i=14)
place   pipe    copies=1 x=0.0 y=0.0 z=11035.0 
place   pipe    copies=1 x=0.0 y=0.0 z=11585.0 
(do i=15)
place   pipe    copies=1 x=0.0 y=0.0 z=11815.0 
place   pipe    copies=1 x=0.0 y=0.0 z=12365.0 
(do i=16)
place   pipe    copies=1 x=0.0 y=0.0 z=12595.0 
place   pipe    copies=1 x=0.0 y=0.0 z=13145.0 
(do i=17)
place   pipe    copies=1 x=0.0 y=0.0 z=13375.0 
place   pipe    copies=1 x=0.0 y=0.0 z=13925.0 
(do i=18)
place   pipe    copies=1 x=0.0 y=0.0 z=14155.0 
place   pipe    copies=1 x=0.0 y=0.0 z=14705.0 
(do i=19)
place   pipe    copies=1 x=0.0 y=0.0 z=14935.0 
place   pipe    copies=1 x=0.0 y=0.0 z=15485.0 
(do i=20)
place   pipe    copies=1 x=0.0 y=0.0 z=15715.0 
place   pipe    copies=1 x=0.0 y=0.0 z=16265.0 
(do i=21)
place   pipe    copies=1 x=0.0 y=0.0 z=16495.0 
place   pipe    copies=1 x=0.0 y=0.0 z=17045.0 
(do i=22)
place   pipe    copies=1 x=0.0 y=0.0 z=17275.0 
place   pipe    copies=1 x=0.0 y=0.0 z=17825.0 
(do i=23)
place   pipe    copies=1 x=0.0 y=0.0 z=18055.0 
place   pipe    copies=1 x=0.0 y=0.0 z=18605.0 
(do i=24)
place   pipe    copies=1 x=0.0 y=0.0 z=18835.0 
place   pipe    copies=1 x=0.0 y=0.0 z=19385.0 
(do i=25)
place   pipe    copies=1 x=0.0 y=0.0 z=19615.0 
place   pipe    copies=1 x=0.0 y=0.0 z=20165.0 
(do i=26)
place   pipe    copies=1 x=0.0 y=0.0 z=20395.0 
place   pipe    copies=1 x=0.0 y=0.0 z=20945.0 
(do i=27)
place   pipe    copies=1 x=0.0 y=0.0 z=21175.0 
place   pipe    copies=1 x=0.0 y=0.0 z=21725.0 
(do i=28)
place   pipe    copies=1 x=0.0 y=0.0 z=21955.0 
place   pipe    copies=1 x=0.0 y=0.0 z=22505.0 
(do i=29)
place   pipe    copies=1 x=0.0 y=0.0 z=22735.0 
place   pipe    copies=1 x=0.0 y=0.0 z=23285.0 
(do i=30)
place   pipe    copies=1 x=0.0 y=0.0 z=23515.0 
place   pipe    copies=1 x=0.0 y=0.0 z=24065.0 
(do i=31)
place   pipe    copies=1 x=0.0 y=0.0 z=24295.0 
place   pipe    copies=1 x=0.0 y=0.0 z=24845.0 
(do i=32)
place   pipe    copies=1 x=0.0 y=0.0 z=25075.0 
place   pipe    copies=1 x=0.0 y=0.0 z=25625.0 
(do i=33)
place   pipe    copies=1 x=0.0 y=0.0 z=25855.0 
place   pipe    copies=1 x=0.0 y=0.0 z=26405.0 
(do i=34)
place   pipe    copies=1 x=0.0 y=0.0 z=26635.0 
place   pipe    copies=1 x=0.0 y=0.0 z=27185.0 
(do i=35)
place   pipe    copies=1 x=0.0 y=0.0 z=27415.0 
place   pipe    copies=1 x=0.0 y=0.0 z=27965.0 
(do i=36)
place   pipe    copies=1 x=0.0 y=0.0 z=28195.0 
place   pipe    copies=1 x=0.0 y=0.0 z=28745.0 
(do i=37)
place   pipe    copies=1 x=0.0 y=0.0 z=28975.0 
place   pipe    copies=1 x=0.0 y=0.0 z=29525.0 
(do i=38)
place   pipe    copies=1 x=0.0 y=0.0 z=29755.0 
place   pipe    copies=1 x=0.0 y=0.0 z=30305.0 
(do i=39)
place   pipe    copies=1 x=0.0 y=0.0 z=30535.0 
place   pipe    copies=1 x=0.0 y=0.0 z=31085.0 
(do i=40)
place   pipe    copies=1 x=0.0 y=0.0 z=31315.0 
place   pipe    copies=1 x=0.0 y=0.0 z=31865.0 
(do i=41)
place   pipe    copies=1 x=0.0 y=0.0 z=32095.0 
place   pipe    copies=1 x=0.0 y=0.0 z=32645.0 
(do i=42)
place   pipe    copies=1 x=0.0 y=0.0 z=32875.0 
place   pipe    copies=1 x=0.0 y=0.0 z=33425.0 
(do i=43)
place   pipe    copies=1 x=0.0 y=0.0 z=33655.0 
place   pipe    copies=1 x=0.0 y=0.0 z=34205.0 
(do i=44)
place   pipe    copies=1 x=0.0 y=0.0 z=34435.0 
place   pipe    copies=1 x=0.0 y=0.0 z=34985.0 
(do i=45)
place   pipe    copies=1 x=0.0 y=0.0 z=35215.0 
place   pipe    copies=1 x=0.0 y=0.0 z=35765.0 
(do i=46)
place   pipe    copies=1 x=0.0 y=0.0 z=35995.0 
place   pipe    copies=1 x=0.0 y=0.0 z=36545.0 
(do i=47)
place   pipe    copies=1 x=0.0 y=0.0 z=36775.0 
place   pipe    copies=1 x=0.0 y=0.0 z=37325.0 
(do i=48)
place   pipe    copies=1 x=0.0 y=0.0 z=37555.0 
place   pipe    copies=1 x=0.0 y=0.0 z=38105.0 
(do i=49)
place   pipe    copies=1 x=0.0 y=0.0 z=38335.0 
place   pipe    copies=1 x=0.0 y=0.0 z=38885.0 
(do i=50)
place   pipe    copies=1 x=0.0 y=0.0 z=39115.0 
place   pipe    copies=1 x=0.0 y=0.0 z=39665.0 
(do i=51)
place   pipe    copies=1 x=0.0 y=0.0 z=39895.0 
place   pipe    copies=1 x=0.0 y=0.0 z=40445.0 
(do i=52)
place   pipe    copies=1 x=0.0 y=0.0 z=40675.0 
place   pipe    copies=1 x=0.0 y=0.0 z=41225.0 
(do i=53)
place   pipe    copies=1 x=0.0 y=0.0 z=41455.0 
place   pipe    copies=1 x=0.0 y=0.0 z=42005.0 
(do i=54)
place   pipe    copies=1 x=0.0 y=0.0 z=42235.0 
place   pipe    copies=1 x=0.0 y=0.0 z=42785.0 
(do i=55)
place   pipe    copies=1 x=0.0 y=0.0 z=43015.0 
place   pipe    copies=1 x=0.0 y=0.0 z=43565.0 
(do i=56)
place   pipe    copies=1 x=0.0 y=0.0 z=43795.0 
place   pipe    copies=1 x=0.0 y=0.0 z=44345.0 
(do i=57)
place   pipe    copies=1 x=0.0 y=0.0 z=44575.0 
place   pipe    copies=1 x=0.0 y=0.0 z=45125.0 
(do i=58)
place   pipe    copies=1 x=0.0 y=0.0 z=45355.0 
place   pipe    copies=1 x=0.0 y=0.0 z=45905.0 
(do i=59)
place   pipe    copies=1 x=0.0 y=0.0 z=46135.0 
place   pipe    copies=1 x=0.0 y=0.0 z=46685.0 
(do i=60)
place   pipe    copies=1 x=0.0 y=0.0 z=46915.0 
place   pipe    copies=1 x=0.0 y=0.0 z=47465.0 
enddo
do i=0,60,1
(do i=0)
place   cavity  copies=1 x=0.0 y=0.0 z=270.0 rename='rf_b_0'
place   cavity  copies=1 x=0.0 y=0.0 z=350.0 rename='rf_c_0'
place   cavity  copies=1 x=0.0 y=0.0 z=430.0 rename='rf_d_0'
place   cavity  copies=1 x=0.0 y=0.0 z=510.0 rename='rf_e_0'
(do i=1)
place   cavity  copies=1 x=0.0 y=0.0 z=1050.0 rename='rf_b_1'
place   cavity  copies=1 x=0.0 y=0.0 z=1130.0 rename='rf_c_1'
place   cavity  copies=1 x=0.0 y=0.0 z=1210.0 rename='rf_d_1'
place   cavity  copies=1 x=0.0 y=0.0 z=1290.0 rename='rf_e_1'
(do i=2)
place   cavity  copies=1 x=0.0 y=0.0 z=1830.0 rename='rf_b_2'
place   cavity  copies=1 x=0.0 y=0.0 z=1910.0 rename='rf_c_2'
place   cavity  copies=1 x=0.0 y=0.0 z=1990.0 rename='rf_d_2'
place   cavity  copies=1 x=0.0 y=0.0 z=2070.0 rename='rf_e_2'
(do i=3)
place   cavity  copies=1 x=0.0 y=0.0 z=2610.0 rename='rf_b_3'
place   cavity  copies=1 x=0.0 y=0.0 z=2690.0 rename='rf_c_3'
place   cavity  copies=1 x=0.0 y=0.0 z=2770.0 rename='rf_d_3'
place   cavity  copies=1 x=0.0 y=0.0 z=2850.0 rename='rf_e_3'
(do i=4)
place   cavity  copies=1 x=0.0 y=0.0 z=3390.0 rename='rf_b_4'
place   cavity  copies=1 x=0.0 y=0.0 z=3470.0 rename='rf_c_4'
place   cavity  copies=1 x=0.0 y=0.0 z=3550.0 rename='rf_d_4'
place   cavity  copies=1 x=0.0 y=0.0 z=3630.0 rename='rf_e_4'
(do i=5)
place   cavity  copies=1 x=0.0 y=0.0 z=4170.0 rename='rf_b_5'
place   cavity  copies=1 x=0.0 y=0.0 z=4250.0 rename='rf_c_5'
place   cavity  copies=1 x=0.0 y=0.0 z=4330.0 rename='rf_d_5'
place   cavity  copies=1 x=0.0 y=0.0 z=4410.0 rename='rf_e_5'
(do i=6)
place   cavity  copies=1 x=0.0 y=0.0 z=4950.0 rename='rf_b_6'
place   cavity  copies=1 x=0.0 y=0.0 z=5030.0 rename='rf_c_6'
place   cavity  copies=1 x=0.0 y=0.0 z=5110.0 rename='rf_d_6'
place   cavity  copies=1 x=0.0 y=0.0 z=5190.0 rename='rf_e_6'
(do i=7)
place   cavity  copies=1 x=0.0 y=0.0 z=5730.0 rename='rf_b_7'
place   cavity  copies=1 x=0.0 y=0.0 z=5810.0 rename='rf_c_7'
place   cavity  copies=1 x=0.0 y=0.0 z=5890.0 rename='rf_d_7'
place   cavity  copies=1 x=0.0 y=0.0 z=5970.0 rename='rf_e_7'
(do i=8)
place   cavity  copies=1 x=0.0 y=0.0 z=6510.0 rename='rf_b_8'
place   cavity  copies=1 x=0.0 y=0.0 z=6590.0 rename='rf_c_8'
place   cavity  copies=1 x=0.0 y=0.0 z=6670.0 rename='rf_d_8'
place   cavity  copies=1 x=0.0 y=0.0 z=6750.0 rename='rf_e_8'
(do i=9)
place   cavity  copies=1 x=0.0 y=0.0 z=7290.0 rename='rf_b_9'
place   cavity  copies=1 x=0.0 y=0.0 z=7370.0 rename='rf_c_9'
place   cavity  copies=1 x=0.0 y=0.0 z=7450.0 rename='rf_d_9'
place   cavity  copies=1 x=0.0 y=0.0 z=7530.0 rename='rf_e_9'
(do i=10)
place   cavity  copies=1 x=0.0 y=0.0 z=8070.0 rename='rf_b_10'
place   cavity  copies=1 x=0.0 y=0.0 z=8150.0 rename='rf_c_10'
place   cavity  copies=1 x=0.0 y=0.0 z=8230.0 rename='rf_d_10'
place   cavity  copies=1 x=0.0 y=0.0 z=8310.0 rename='rf_e_10'
(do i=11)
place   cavity  copies=1 x=0.0 y=0.0 z=8850.0 rename='rf_b_11'
place   cavity  copies=1 x=0.0 y=0.0 z=8930.0 rename='rf_c_11'
place   cavity  copies=1 x=0.0 y=0.0 z=9010.0 rename='rf_d_11'
place   cavity  copies=1 x=0.0 y=0.0 z=9090.0 rename='rf_e_11'
(do i=12)
place   cavity  copies=1 x=0.0 y=0.0 z=9630.0 rename='rf_b_12'
place   cavity  copies=1 x=0.0 y=0.0 z=9710.0 rename='rf_c_12'
place   cavity  copies=1 x=0.0 y=0.0 z=9790.0 rename='rf_d_12'
place   cavity  copies=1 x=0.0 y=0.0 z=9870.0 rename='rf_e_12'
(do i=13)
place   cavity  copies=1 x=0.0 y=0.0 z=10410.0 rename='rf_b_13'
place   cavity  copies=1 x=0.0 y=0.0 z=10490.0 rename='rf_c_13'
place   cavity  copies=1 x=0.0 y=0.0 z=10570.0 rename='rf_d_13'
place   cavity  copies=1 x=0.0 y=0.0 z=10650.0 rename='rf_e_13'
(do i=14)
place   cavity  copies=1 x=0.0 y=0.0 z=11190.0 rename='rf_b_14'
place   cavity  copies=1 x=0.0 y=0.0 z=11270.0 rename='rf_c_14'
place   cavity  copies=1 x=0.0 y=0.0 z=11350.0 rename='rf_d_14'
place   cavity  copies=1 x=0.0 y=0.0 z=11430.0 rename='rf_e_14'
(do i=15)
place   cavity  copies=1 x=0.0 y=0.0 z=11970.0 rename='rf_b_15'
place   cavity  copies=1 x=0.0 y=0.0 z=12050.0 rename='rf_c_15'
place   cavity  copies=1 x=0.0 y=0.0 z=12130.0 rename='rf_d_15'
place   cavity  copies=1 x=0.0 y=0.0 z=12210.0 rename='rf_e_15'
(do i=16)
place   cavity  copies=1 x=0.0 y=0.0 z=12750.0 rename='rf_b_16'
place   cavity  copies=1 x=0.0 y=0.0 z=12830.0 rename='rf_c_16'
place   cavity  copies=1 x=0.0 y=0.0 z=12910.0 rename='rf_d_16'
place   cavity  copies=1 x=0.0 y=0.0 z=12990.0 rename='rf_e_16'
(do i=17)
place   cavity  copies=1 x=0.0 y=0.0 z=13530.0 rename='rf_b_17'
place   cavity  copies=1 x=0.0 y=0.0 z=13610.0 rename='rf_c_17'
place   cavity  copies=1 x=0.0 y=0.0 z=13690.0 rename='rf_d_17'
place   cavity  copies=1 x=0.0 y=0.0 z=13770.0 rename='rf_e_17'
(do i=18)
place   cavity  copies=1 x=0.0 y=0.0 z=14310.0 rename='rf_b_18'
place   cavity  copies=1 x=0.0 y=0.0 z=14390.0 rename='rf_c_18'
place   cavity  copies=1 x=0.0 y=0.0 z=14470.0 rename='rf_d_18'
place   cavity  copies=1 x=0.0 y=0.0 z=14550.0 rename='rf_e_18'
(do i=19)
place   cavity  copies=1 x=0.0 y=0.0 z=15090.0 rename='rf_b_19'
place   cavity  copies=1 x=0.0 y=0.0 z=15170.0 rename='rf_c_19'
place   cavity  copies=1 x=0.0 y=0.0 z=15250.0 rename='rf_d_19'
place   cavity  copies=1 x=0.0 y=0.0 z=15330.0 rename='rf_e_19'
(do i=20)
place   cavity  copies=1 x=0.0 y=0.0 z=15870.0 rename='rf_b_20'
place   cavity  copies=1 x=0.0 y=0.0 z=15950.0 rename='rf_c_20'
place   cavity  copies=1 x=0.0 y=0.0 z=16030.0 rename='rf_d_20'
place   cavity  copies=1 x=0.0 y=0.0 z=16110.0 rename='rf_e_20'
(do i=21)
place   cavity  copies=1 x=0.0 y=0.0 z=16650.0 rename='rf_b_21'
place   cavity  copies=1 x=0.0 y=0.0 z=16730.0 rename='rf_c_21'
place   cavity  copies=1 x=0.0 y=0.0 z=16810.0 rename='rf_d_21'
place   cavity  copies=1 x=0.0 y=0.0 z=16890.0 rename='rf_e_21'
(do i=22)
place   cavity  copies=1 x=0.0 y=0.0 z=17430.0 rename='rf_b_22'
place   cavity  copies=1 x=0.0 y=0.0 z=17510.0 rename='rf_c_22'
place   cavity  copies=1 x=0.0 y=0.0 z=17590.0 rename='rf_d_22'
place   cavity  copies=1 x=0.0 y=0.0 z=17670.0 rename='rf_e_22'
(do i=23)
place   cavity  copies=1 x=0.0 y=0.0 z=18210.0 rename='rf_b_23'
place   cavity  copies=1 x=0.0 y=0.0 z=18290.0 rename='rf_c_23'
place   cavity  copies=1 x=0.0 y=0.0 z=18370.0 rename='rf_d_23'
place   cavity  copies=1 x=0.0 y=0.0 z=18450.0 rename='rf_e_23'
(do i=24)
place   cavity  copies=1 x=0.0 y=0.0 z=18990.0 rename='rf_b_24'
place   cavity  copies=1 x=0.0 y=0.0 z=19070.0 rename='rf_c_24'
place   cavity  copies=1 x=0.0 y=0.0 z=19150.0 rename='rf_d_24'
place   cavity  copies=1 x=0.0 y=0.0 z=19230.0 rename='rf_e_24'
(do i=25)
place   cavity  copies=1 x=0.0 y=0.0 z=19770.0 rename='rf_b_25'
place   cavity  copies=1 x=0.0 y=0.0 z=19850.0 rename='rf_c_25'
place   cavity  copies=1 x=0.0 y=0.0 z=19930.0 rename='rf_d_25'
place   cavity  copies=1 x=0.0 y=0.0 z=20010.0 rename='rf_e_25'
(do i=26)
place   cavity  copies=1 x=0.0 y=0.0 z=20550.0 rename='rf_b_26'
place   cavity  copies=1 x=0.0 y=0.0 z=20630.0 rename='rf_c_26'
place   cavity  copies=1 x=0.0 y=0.0 z=20710.0 rename='rf_d_26'
place   cavity  copies=1 x=0.0 y=0.0 z=20790.0 rename='rf_e_26'
(do i=27)
place   cavity  copies=1 x=0.0 y=0.0 z=21330.0 rename='rf_b_27'
place   cavity  copies=1 x=0.0 y=0.0 z=21410.0 rename='rf_c_27'
place   cavity  copies=1 x=0.0 y=0.0 z=21490.0 rename='rf_d_27'
place   cavity  copies=1 x=0.0 y=0.0 z=21570.0 rename='rf_e_27'
(do i=28)
place   cavity  copies=1 x=0.0 y=0.0 z=22110.0 rename='rf_b_28'
place   cavity  copies=1 x=0.0 y=0.0 z=22190.0 rename='rf_c_28'
place   cavity  copies=1 x=0.0 y=0.0 z=22270.0 rename='rf_d_28'
place   cavity  copies=1 x=0.0 y=0.0 z=22350.0 rename='rf_e_28'
(do i=29)
place   cavity  copies=1 x=0.0 y=0.0 z=22890.0 rename='rf_b_29'
place   cavity  copies=1 x=0.0 y=0.0 z=22970.0 rename='rf_c_29'
place   cavity  copies=1 x=0.0 y=0.0 z=23050.0 rename='rf_d_29'
place   cavity  copies=1 x=0.0 y=0.0 z=23130.0 rename='rf_e_29'
(do i=30)
place   cavity  copies=1 x=0.0 y=0.0 z=23670.0 rename='rf_b_30'
place   cavity  copies=1 x=0.0 y=0.0 z=23750.0 rename='rf_c_30'
place   cavity  copies=1 x=0.0 y=0.0 z=23830.0 rename='rf_d_30'
place   cavity  copies=1 x=0.0 y=0.0 z=23910.0 rename='rf_e_30'
(do i=31)
place   cavity  copies=1 x=0.0 y=0.0 z=24450.0 rename='rf_b_31'
place   cavity  copies=1 x=0.0 y=0.0 z=24530.0 rename='rf_c_31'
place   cavity  copies=1 x=0.0 y=0.0 z=24610.0 rename='rf_d_31'
place   cavity  copies=1 x=0.0 y=0.0 z=24690.0 rename='rf_e_31'
(do i=32)
place   cavity  copies=1 x=0.0 y=0.0 z=25230.0 rename='rf_b_32'
place   cavity  copies=1 x=0.0 y=0.0 z=25310.0 rename='rf_c_32'
place   cavity  copies=1 x=0.0 y=0.0 z=25390.0 rename='rf_d_32'
place   cavity  copies=1 x=0.0 y=0.0 z=25470.0 rename='rf_e_32'
(do i=33)
place   cavity  copies=1 x=0.0 y=0.0 z=26010.0 rename='rf_b_33'
place   cavity  copies=1 x=0.0 y=0.0 z=26090.0 rename='rf_c_33'
place   cavity  copies=1 x=0.0 y=0.0 z=26170.0 rename='rf_d_33'
place   cavity  copies=1 x=0.0 y=0.0 z=26250.0 rename='rf_e_33'
(do i=34)
place   cavity  copies=1 x=0.0 y=0.0 z=26790.0 rename='rf_b_34'
place   cavity  copies=1 x=0.0 y=0.0 z=26870.0 rename='rf_c_34'
place   cavity  copies=1 x=0.0 y=0.0 z=26950.0 rename='rf_d_34'
place   cavity  copies=1 x=0.0 y=0.0 z=27030.0 rename='rf_e_34'
(do i=35)
place   cavity  copies=1 x=0.0 y=0.0 z=27570.0 rename='rf_b_35'
place   cavity  copies=1 x=0.0 y=0.0 z=27650.0 rename='rf_c_35'
place   cavity  copies=1 x=0.0 y=0.0 z=27730.0 rename='rf_d_35'
place   cavity  copies=1 x=0.0 y=0.0 z=27810.0 rename='rf_e_35'
(do i=36)
place   cavity  copies=1 x=0.0 y=0.0 z=28350.0 rename='rf_b_36'
place   cavity  copies=1 x=0.0 y=0.0 z=28430.0 rename='rf_c_36'
place   cavity  copies=1 x=0.0 y=0.0 z=28510.0 rename='rf_d_36'
place   cavity  copies=1 x=0.0 y=0.0 z=28590.0 rename='rf_e_36'
(do i=37)
place   cavity  copies=1 x=0.0 y=0.0 z=29130.0 rename='rf_b_37'
place   cavity  copies=1 x=0.0 y=0.0 z=29210.0 rename='rf_c_37'
place   cavity  copies=1 x=0.0 y=0.0 z=29290.0 rename='rf_d_37'
place   cavity  copies=1 x=0.0 y=0.0 z=29370.0 rename='rf_e_37'
(do i=38)
place   cavity  copies=1 x=0.0 y=0.0 z=29910.0 rename='rf_b_38'
place   cavity  copies=1 x=0.0 y=0.0 z=29990.0 rename='rf_c_38'
place   cavity  copies=1 x=0.0 y=0.0 z=30070.0 rename='rf_d_38'
place   cavity  copies=1 x=0.0 y=0.0 z=30150.0 rename='rf_e_38'
(do i=39)
place   cavity  copies=1 x=0.0 y=0.0 z=30690.0 rename='rf_b_39'
place   cavity  copies=1 x=0.0 y=0.0 z=30770.0 rename='rf_c_39'
place   cavity  copies=1 x=0.0 y=0.0 z=30850.0 rename='rf_d_39'
place   cavity  copies=1 x=0.0 y=0.0 z=30930.0 rename='rf_e_39'
(do i=40)
place   cavity  copies=1 x=0.0 y=0.0 z=31470.0 rename='rf_b_40'
place   cavity  copies=1 x=0.0 y=0.0 z=31550.0 rename='rf_c_40'
place   cavity  copies=1 x=0.0 y=0.0 z=31630.0 rename='rf_d_40'
place   cavity  copies=1 x=0.0 y=0.0 z=31710.0 rename='rf_e_40'
(do i=41)
place   cavity  copies=1 x=0.0 y=0.0 z=32250.0 rename='rf_b_41'
place   cavity  copies=1 x=0.0 y=0.0 z=32330.0 rename='rf_c_41'
place   cavity  copies=1 x=0.0 y=0.0 z=32410.0 rename='rf_d_41'
place   cavity  copies=1 x=0.0 y=0.0 z=32490.0 rename='rf_e_41'
(do i=42)
place   cavity  copies=1 x=0.0 y=0.0 z=33030.0 rename='rf_b_42'
place   cavity  copies=1 x=0.0 y=0.0 z=33110.0 rename='rf_c_42'
place   cavity  copies=1 x=0.0 y=0.0 z=33190.0 rename='rf_d_42'
place   cavity  copies=1 x=0.0 y=0.0 z=33270.0 rename='rf_e_42'
(do i=43)
place   cavity  copies=1 x=0.0 y=0.0 z=33810.0 rename='rf_b_43'
place   cavity  copies=1 x=0.0 y=0.0 z=33890.0 rename='rf_c_43'
place   cavity  copies=1 x=0.0 y=0.0 z=33970.0 rename='rf_d_43'
place   cavity  copies=1 x=0.0 y=0.0 z=34050.0 rename='rf_e_43'
(do i=44)
place   cavity  copies=1 x=0.0 y=0.0 z=34590.0 rename='rf_b_44'
place   cavity  copies=1 x=0.0 y=0.0 z=34670.0 rename='rf_c_44'
place   cavity  copies=1 x=0.0 y=0.0 z=34750.0 rename='rf_d_44'
place   cavity  copies=1 x=0.0 y=0.0 z=34830.0 rename='rf_e_44'
(do i=45)
place   cavity  copies=1 x=0.0 y=0.0 z=35370.0 rename='rf_b_45'
place   cavity  copies=1 x=0.0 y=0.0 z=35450.0 rename='rf_c_45'
place   cavity  copies=1 x=0.0 y=0.0 z=35530.0 rename='rf_d_45'
place   cavity  copies=1 x=0.0 y=0.0 z=35610.0 rename='rf_e_45'
(do i=46)
place   cavity  copies=1 x=0.0 y=0.0 z=36150.0 rename='rf_b_46'
place   cavity  copies=1 x=0.0 y=0.0 z=36230.0 rename='rf_c_46'
place   cavity  copies=1 x=0.0 y=0.0 z=36310.0 rename='rf_d_46'
place   cavity  copies=1 x=0.0 y=0.0 z=36390.0 rename='rf_e_46'
(do i=47)
place   cavity  copies=1 x=0.0 y=0.0 z=36930.0 rename='rf_b_47'
place   cavity  copies=1 x=0.0 y=0.0 z=37010.0 rename='rf_c_47'
place   cavity  copies=1 x=0.0 y=0.0 z=37090.0 rename='rf_d_47'
place   cavity  copies=1 x=0.0 y=0.0 z=37170.0 rename='rf_e_47'
(do i=48)
place   cavity  copies=1 x=0.0 y=0.0 z=37710.0 rename='rf_b_48'
place   cavity  copies=1 x=0.0 y=0.0 z=37790.0 rename='rf_c_48'
place   cavity  copies=1 x=0.0 y=0.0 z=37870.0 rename='rf_d_48'
place   cavity  copies=1 x=0.0 y=0.0 z=37950.0 rename='rf_e_48'
(do i=49)
place   cavity  copies=1 x=0.0 y=0.0 z=38490.0 rename='rf_b_49'
place   cavity  copies=1 x=0.0 y=0.0 z=38570.0 rename='rf_c_49'
place   cavity  copies=1 x=0.0 y=0.0 z=38650.0 rename='rf_d_49'
place   cavity  copies=1 x=0.0 y=0.0 z=38730.0 rename='rf_e_49'
(do i=50)
place   cavity  copies=1 x=0.0 y=0.0 z=39270.0 rename='rf_b_50'
place   cavity  copies=1 x=0.0 y=0.0 z=39350.0 rename='rf_c_50'
place   cavity  copies=1 x=0.0 y=0.0 z=39430.0 rename='rf_d_50'
place   cavity  copies=1 x=0.0 y=0.0 z=39510.0 rename='rf_e_50'
(do i=51)
place   cavity  copies=1 x=0.0 y=0.0 z=40050.0 rename='rf_b_51'
place   cavity  copies=1 x=0.0 y=0.0 z=40130.0 rename='rf_c_51'
place   cavity  copies=1 x=0.0 y=0.0 z=40210.0 rename='rf_d_51'
place   cavity  copies=1 x=0.0 y=0.0 z=40290.0 rename='rf_e_51'
(do i=52)
place   cavity  copies=1 x=0.0 y=0.0 z=40830.0 rename='rf_b_52'
place   cavity  copies=1 x=0.0 y=0.0 z=40910.0 rename='rf_c_52'
place   cavity  copies=1 x=0.0 y=0.0 z=40990.0 rename='rf_d_52'
place   cavity  copies=1 x=0.0 y=0.0 z=41070.0 rename='rf_e_52'
(do i=53)
place   cavity  copies=1 x=0.0 y=0.0 z=41610.0 rename='rf_b_53'
place   cavity  copies=1 x=0.0 y=0.0 z=41690.0 rename='rf_c_53'
place   cavity  copies=1 x=0.0 y=0.0 z=41770.0 rename='rf_d_53'
place   cavity  copies=1 x=0.0 y=0.0 z=41850.0 rename='rf_e_53'
(do i=54)
place   cavity  copies=1 x=0.0 y=0.0 z=42390.0 rename='rf_b_54'
place   cavity  copies=1 x=0.0 y=0.0 z=42470.0 rename='rf_c_54'
place   cavity  copies=1 x=0.0 y=0.0 z=42550.0 rename='rf_d_54'
place   cavity  copies=1 x=0.0 y=0.0 z=42630.0 rename='rf_e_54'
(do i=55)
place   cavity  copies=1 x=0.0 y=0.0 z=43170.0 rename='rf_b_55'
place   cavity  copies=1 x=0.0 y=0.0 z=43250.0 rename='rf_c_55'
place   cavity  copies=1 x=0.0 y=0.0 z=43330.0 rename='rf_d_55'
place   cavity  copies=1 x=0.0 y=0.0 z=43410.0 rename='rf_e_55'
(do i=56)
place   cavity  copies=1 x=0.0 y=0.0 z=43950.0 rename='rf_b_56'
place   cavity  copies=1 x=0.0 y=0.0 z=44030.0 rename='rf_c_56'
place   cavity  copies=1 x=0.0 y=0.0 z=44110.0 rename='rf_d_56'
place   cavity  copies=1 x=0.0 y=0.0 z=44190.0 rename='rf_e_56'
(do i=57)
place   cavity  copies=1 x=0.0 y=0.0 z=44730.0 rename='rf_b_57'
place   cavity  copies=1 x=0.0 y=0.0 z=44810.0 rename='rf_c_57'
place   cavity  copies=1 x=0.0 y=0.0 z=44890.0 rename='rf_d_57'
place   cavity  copies=1 x=0.0 y=0.0 z=44970.0 rename='rf_e_57'
(do i=58)
place   cavity  copies=1 x=0.0 y=0.0 z=45510.0 rename='rf_b_58'
place   cavity  copies=1 x=0.0 y=0.0 z=45590.0 rename='rf_c_58'
place   cavity  copies=1 x=0.0 y=0.0 z=45670.0 rename='rf_d_58'
place   cavity  copies=1 x=0.0 y=0.0 z=45750.0 rename='rf_e_58'
(do i=59)
place   cavity  copies=1 x=0.0 y=0.0 z=46290.0 rename='rf_b_59'
place   cavity  copies=1 x=0.0 y=0.0 z=46370.0 rename='rf_c_59'
place   cavity  copies=1 x=0.0 y=0.0 z=46450.0 rename='rf_d_59'
place   cavity  copies=1 x=0.0 y=0.0 z=46530.0 rename='rf_e_59'
(do i=60)
place   cavity  copies=1 x=0.0 y=0.0 z=47070.0 rename='rf_b_60'
place   cavity  copies=1 x=0.0 y=0.0 z=47150.0 rename='rf_c_60'
place   cavity  copies=1 x=0.0 y=0.0 z=47230.0 rename='rf_d_60'
place   cavity  copies=1 x=0.0 y=0.0 z=47310.0 rename='rf_e_60'
enddo
do i=0,60,1
(do i=0)
place   all_wedge copies=1 x=-6.0 y=0.0 z=0.0 rename='wedge_0'rotation='X90,Y90'
(do i=1)
place   all_wedge copies=1 x=-6.0 y=0.0 z=780.0 rename='wedge_1'rotation='X90,Y90'
(do i=2)
place   all_wedge copies=1 x=-6.0 y=0.0 z=1560.0 rename='wedge_2'rotation='X90,Y90'
(do i=3)
place   all_wedge copies=1 x=-6.0 y=0.0 z=2340.0 rename='wedge_3'rotation='X90,Y90'
(do i=4)
place   all_wedge copies=1 x=-6.0 y=0.0 z=3120.0 rename='wedge_4'rotation='X90,Y90'
(do i=5)
place   all_wedge copies=1 x=-6.0 y=0.0 z=3900.0 rename='wedge_5'rotation='X90,Y90'
(do i=6)
place   all_wedge copies=1 x=-6.0 y=0.0 z=4680.0 rename='wedge_6'rotation='X90,Y90'
(do i=7)
place   all_wedge copies=1 x=-6.0 y=0.0 z=5460.0 rename='wedge_7'rotation='X90,Y90'
(do i=8)
place   all_wedge copies=1 x=-6.0 y=0.0 z=6240.0 rename='wedge_8'rotation='X90,Y90'
(do i=9)
place   all_wedge copies=1 x=-6.0 y=0.0 z=7020.0 rename='wedge_9'rotation='X90,Y90'
(do i=10)
place   all_wedge copies=1 x=-6.0 y=0.0 z=7800.0 rename='wedge_10'rotation='X90,Y90'
(do i=11)
place   all_wedge copies=1 x=-6.0 y=0.0 z=8580.0 rename='wedge_11'rotation='X90,Y90'
(do i=12)
place   all_wedge copies=1 x=-6.0 y=0.0 z=9360.0 rename='wedge_12'rotation='X90,Y90'
(do i=13)
place   all_wedge copies=1 x=-6.0 y=0.0 z=10140.0 rename='wedge_13'rotation='X90,Y90'
(do i=14)
place   all_wedge copies=1 x=-6.0 y=0.0 z=10920.0 rename='wedge_14'rotation='X90,Y90'
(do i=15)
place   all_wedge copies=1 x=-6.0 y=0.0 z=11700.0 rename='wedge_15'rotation='X90,Y90'
(do i=16)
place   all_wedge copies=1 x=-6.0 y=0.0 z=12480.0 rename='wedge_16'rotation='X90,Y90'
(do i=17)
place   all_wedge copies=1 x=-6.0 y=0.0 z=13260.0 rename='wedge_17'rotation='X90,Y90'
(do i=18)
place   all_wedge copies=1 x=-6.0 y=0.0 z=14040.0 rename='wedge_18'rotation='X90,Y90'
(do i=19)
place   all_wedge copies=1 x=-6.0 y=0.0 z=14820.0 rename='wedge_19'rotation='X90,Y90'
(do i=20)
place   all_wedge copies=1 x=-6.0 y=0.0 z=15600.0 rename='wedge_20'rotation='X90,Y90'
(do i=21)
place   all_wedge copies=1 x=-6.0 y=0.0 z=16380.0 rename='wedge_21'rotation='X90,Y90'
(do i=22)
place   all_wedge copies=1 x=-6.0 y=0.0 z=17160.0 rename='wedge_22'rotation='X90,Y90'
(do i=23)
place   all_wedge copies=1 x=-6.0 y=0.0 z=17940.0 rename='wedge_23'rotation='X90,Y90'
(do i=24)
place   all_wedge copies=1 x=-6.0 y=0.0 z=18720.0 rename='wedge_24'rotation='X90,Y90'
(do i=25)
place   all_wedge copies=1 x=-6.0 y=0.0 z=19500.0 rename='wedge_25'rotation='X90,Y90'
(do i=26)
place   all_wedge copies=1 x=-6.0 y=0.0 z=20280.0 rename='wedge_26'rotation='X90,Y90'
(do i=27)
place   all_wedge copies=1 x=-6.0 y=0.0 z=21060.0 rename='wedge_27'rotation='X90,Y90'
(do i=28)
place   all_wedge copies=1 x=-6.0 y=0.0 z=21840.0 rename='wedge_28'rotation='X90,Y90'
(do i=29)
place   all_wedge copies=1 x=-6.0 y=0.0 z=22620.0 rename='wedge_29'rotation='X90,Y90'
(do i=30)
place   all_wedge copies=1 x=-6.0 y=0.0 z=23400.0 rename='wedge_30'rotation='X90,Y90'
(do i=31)
place   all_wedge copies=1 x=-6.0 y=0.0 z=24180.0 rename='wedge_31'rotation='X90,Y90'
(do i=32)
place   all_wedge copies=1 x=-6.0 y=0.0 z=24960.0 rename='wedge_32'rotation='X90,Y90'
(do i=33)
place   all_wedge copies=1 x=-6.0 y=0.0 z=25740.0 rename='wedge_33'rotation='X90,Y90'
(do i=34)
place   all_wedge copies=1 x=-6.0 y=0.0 z=26520.0 rename='wedge_34'rotation='X90,Y90'
(do i=35)
place   all_wedge copies=1 x=-6.0 y=0.0 z=27300.0 rename='wedge_35'rotation='X90,Y90'
(do i=36)
place   all_wedge copies=1 x=-6.0 y=0.0 z=28080.0 rename='wedge_36'rotation='X90,Y90'
(do i=37)
place   all_wedge copies=1 x=-6.0 y=0.0 z=28860.0 rename='wedge_37'rotation='X90,Y90'
(do i=38)
place   all_wedge copies=1 x=-6.0 y=0.0 z=29640.0 rename='wedge_38'rotation='X90,Y90'
(do i=39)
place   all_wedge copies=1 x=-6.0 y=0.0 z=30420.0 rename='wedge_39'rotation='X90,Y90'
(do i=40)
place   all_wedge copies=1 x=-6.0 y=0.0 z=31200.0 rename='wedge_40'rotation='X90,Y90'
(do i=41)
place   all_wedge copies=1 x=-6.0 y=0.0 z=31980.0 rename='wedge_41'rotation='X90,Y90'
(do i=42)
place   all_wedge copies=1 x=-6.0 y=0.0 z=32760.0 rename='wedge_42'rotation='X90,Y90'
(do i=43)
place   all_wedge copies=1 x=-6.0 y=0.0 z=33540.0 rename='wedge_43'rotation='X90,Y90'
(do i=44)
place   all_wedge copies=1 x=-6.0 y=0.0 z=34320.0 rename='wedge_44'rotation='X90,Y90'
(do i=45)
place   all_wedge copies=1 x=-6.0 y=0.0 z=35100.0 rename='wedge_45'rotation='X90,Y90'
(do i=46)
place   all_wedge copies=1 x=-6.0 y=0.0 z=35880.0 rename='wedge_46'rotation='X90,Y90'
(do i=47)
place   all_wedge copies=1 x=-6.0 y=0.0 z=36660.0 rename='wedge_47'rotation='X90,Y90'
(do i=48)
place   all_wedge copies=1 x=-6.0 y=0.0 z=37440.0 rename='wedge_48'rotation='X90,Y90'
(do i=49)
place   all_wedge copies=1 x=-6.0 y=0.0 z=38220.0 rename='wedge_49'rotation='X90,Y90'
(do i=50)
place   all_wedge copies=1 x=-6.0 y=0.0 z=39000.0 rename='wedge_50'rotation='X90,Y90'
(do i=51)
place   all_wedge copies=1 x=-6.0 y=0.0 z=39780.0 rename='wedge_51'rotation='X90,Y90'
(do i=52)
place   all_wedge copies=1 x=-6.0 y=0.0 z=40560.0 rename='wedge_52'rotation='X90,Y90'
(do i=53)
place   all_wedge copies=1 x=-6.0 y=0.0 z=41340.0 rename='wedge_53'rotation='X90,Y90'
(do i=54)
place   all_wedge copies=1 x=-6.0 y=0.0 z=42120.0 rename='wedge_54'rotation='X90,Y90'
(do i=55)
place   all_wedge copies=1 x=-6.0 y=0.0 z=42900.0 rename='wedge_55'rotation='X90,Y90'
(do i=56)
place   all_wedge copies=1 x=-6.0 y=0.0 z=43680.0 rename='wedge_56'rotation='X90,Y90'
(do i=57)
place   all_wedge copies=1 x=-6.0 y=0.0 z=44460.0 rename='wedge_57'rotation='X90,Y90'
(do i=58)
place   all_wedge copies=1 x=-6.0 y=0.0 z=45240.0 rename='wedge_58'rotation='X90,Y90'
(do i=59)
place   all_wedge copies=1 x=-6.0 y=0.0 z=46020.0 rename='wedge_59'rotation='X90,Y90'
(do i=60)
place   all_wedge copies=1 x=-6.0 y=0.0 z=46800.0 rename='wedge_60'rotation='X90,Y90'
enddo
do i=0,60,1
(do i=0)
place   wedge_window copies=1 x=-1.0 y=0.0 z=-37.6 rotation='Y-140/2'
                color=1,0,1
place   wedge_window copies=1 x=-1.0 y=0.0 z=37.6 rotation='Y140/2'
                color=1,0,1
(do i=1)
place   wedge_window copies=1 x=-1.0 y=0.0 z=742.4 rotation='Y-140/2'
                color=1,0,1
place   wedge_window copies=1 x=-1.0 y=0.0 z=817.6 rotation='Y140/2'
                color=1,0,1
(do i=2)
place   wedge_window copies=1 x=-1.0 y=0.0 z=1522.4 rotation='Y-140/2'
                color=1,0,1
place   wedge_window copies=1 x=-1.0 y=0.0 z=1597.6 rotation='Y140/2'
                color=1,0,1
(do i=3)
place   wedge_window copies=1 x=-1.0 y=0.0 z=2302.4 rotation='Y-140/2'
                color=1,0,1
place   wedge_window copies=1 x=-1.0 y=0.0 z=2377.6 rotation='Y140/2'
                color=1,0,1
(do i=4)
place   wedge_window copies=1 x=-1.0 y=0.0 z=3082.4 rotation='Y-140/2'
                color=1,0,1
place   wedge_window copies=1 x=-1.0 y=0.0 z=3157.6 rotation='Y140/2'
                color=1,0,1
(do i=5)
place   wedge_window copies=1 x=-1.0 y=0.0 z=3862.4 rotation='Y-140/2'
                color=1,0,1
place   wedge_window copies=1 x=-1.0 y=0.0 z=3937.6 rotation='Y140/2'
                color=1,0,1
(do i=6)
place   wedge_window copies=1 x=-1.0 y=0.0 z=4642.4 rotation='Y-140/2'
                color=1,0,1
place   wedge_window copies=1 x=-1.0 y=0.0 z=4717.6 rotation='Y140/2'
                color=1,0,1
(do i=7)
place   wedge_window copies=1 x=-1.0 y=0.0 z=5422.4 rotation='Y-140/2'
                color=1,0,1
place   wedge_window copies=1 x=-1.0 y=0.0 z=5497.6 rotation='Y140/2'
                color=1,0,1
(do i=8)
place   wedge_window copies=1 x=-1.0 y=0.0 z=6202.4 rotation='Y-140/2'
                color=1,0,1
place   wedge_window copies=1 x=-1.0 y=0.0 z=6277.6 rotation='Y140/2'
                color=1,0,1
(do i=9)
place   wedge_window copies=1 x=-1.0 y=0.0 z=6982.4 rotation='Y-140/2'
                color=1,0,1
place   wedge_window copies=1 x=-1.0 y=0.0 z=7057.6 rotation='Y140/2'
                color=1,0,1
(do i=10)
place   wedge_window copies=1 x=-1.0 y=0.0 z=7762.4 rotation='Y-140/2'
                color=1,0,1
place   wedge_window copies=1 x=-1.0 y=0.0 z=7837.6 rotation='Y140/2'
                color=1,0,1
(do i=11)
place   wedge_window copies=1 x=-1.0 y=0.0 z=8542.4 rotation='Y-140/2'
                color=1,0,1
place   wedge_window copies=1 x=-1.0 y=0.0 z=8617.6 rotation='Y140/2'
                color=1,0,1
(do i=12)
place   wedge_window copies=1 x=-1.0 y=0.0 z=9322.4 rotation='Y-140/2'
                color=1,0,1
place   wedge_window copies=1 x=-1.0 y=0.0 z=9397.6 rotation='Y140/2'
                color=1,0,1
(do i=13)
place   wedge_window copies=1 x=-1.0 y=0.0 z=10102.4 rotation='Y-140/2'
                color=1,0,1
place   wedge_window copies=1 x=-1.0 y=0.0 z=10177.6 rotation='Y140/2'
                color=1,0,1
(do i=14)
place   wedge_window copies=1 x=-1.0 y=0.0 z=10882.4 rotation='Y-140/2'
                color=1,0,1
place   wedge_window copies=1 x=-1.0 y=0.0 z=10957.6 rotation='Y140/2'
                color=1,0,1
(do i=15)
place   wedge_window copies=1 x=-1.0 y=0.0 z=11662.4 rotation='Y-140/2'
                color=1,0,1
place   wedge_window copies=1 x=-1.0 y=0.0 z=11737.6 rotation='Y140/2'
                color=1,0,1
(do i=16)
place   wedge_window copies=1 x=-1.0 y=0.0 z=12442.4 rotation='Y-140/2'
                color=1,0,1
place   wedge_window copies=1 x=-1.0 y=0.0 z=12517.6 rotation='Y140/2'
                color=1,0,1
(do i=17)
place   wedge_window copies=1 x=-1.0 y=0.0 z=13222.4 rotation='Y-140/2'
                color=1,0,1
place   wedge_window copies=1 x=-1.0 y=0.0 z=13297.6 rotation='Y140/2'
                color=1,0,1
(do i=18)
place   wedge_window copies=1 x=-1.0 y=0.0 z=14002.4 rotation='Y-140/2'
                color=1,0,1
place   wedge_window copies=1 x=-1.0 y=0.0 z=14077.6 rotation='Y140/2'
                color=1,0,1
(do i=19)
place   wedge_window copies=1 x=-1.0 y=0.0 z=14782.4 rotation='Y-140/2'
                color=1,0,1
place   wedge_window copies=1 x=-1.0 y=0.0 z=14857.6 rotation='Y140/2'
                color=1,0,1
(do i=20)
place   wedge_window copies=1 x=-1.0 y=0.0 z=15562.4 rotation='Y-140/2'
                color=1,0,1
place   wedge_window copies=1 x=-1.0 y=0.0 z=15637.6 rotation='Y140/2'
                color=1,0,1
(do i=21)
place   wedge_window copies=1 x=-1.0 y=0.0 z=16342.4 rotation='Y-140/2'
                color=1,0,1
place   wedge_window copies=1 x=-1.0 y=0.0 z=16417.6 rotation='Y140/2'
                color=1,0,1
(do i=22)
place   wedge_window copies=1 x=-1.0 y=0.0 z=17122.4 rotation='Y-140/2'
                color=1,0,1
place   wedge_window copies=1 x=-1.0 y=0.0 z=17197.6 rotation='Y140/2'
                color=1,0,1
(do i=23)
place   wedge_window copies=1 x=-1.0 y=0.0 z=17902.4 rotation='Y-140/2'
                color=1,0,1
place   wedge_window copies=1 x=-1.0 y=0.0 z=17977.6 rotation='Y140/2'
                color=1,0,1
(do i=24)
place   wedge_window copies=1 x=-1.0 y=0.0 z=18682.4 rotation='Y-140/2'
                color=1,0,1
place   wedge_window copies=1 x=-1.0 y=0.0 z=18757.6 rotation='Y140/2'
                color=1,0,1
(do i=25)
place   wedge_window copies=1 x=-1.0 y=0.0 z=19462.4 rotation='Y-140/2'
                color=1,0,1
place   wedge_window copies=1 x=-1.0 y=0.0 z=19537.6 rotation='Y140/2'
                color=1,0,1
(do i=26)
place   wedge_window copies=1 x=-1.0 y=0.0 z=20242.4 rotation='Y-140/2'
                color=1,0,1
place   wedge_window copies=1 x=-1.0 y=0.0 z=20317.6 rotation='Y140/2'
                color=1,0,1
(do i=27)
place   wedge_window copies=1 x=-1.0 y=0.0 z=21022.4 rotation='Y-140/2'
                color=1,0,1
place   wedge_window copies=1 x=-1.0 y=0.0 z=21097.6 rotation='Y140/2'
                color=1,0,1
(do i=28)
place   wedge_window copies=1 x=-1.0 y=0.0 z=21802.4 rotation='Y-140/2'
                color=1,0,1
place   wedge_window copies=1 x=-1.0 y=0.0 z=21877.6 rotation='Y140/2'
                color=1,0,1
(do i=29)
place   wedge_window copies=1 x=-1.0 y=0.0 z=22582.4 rotation='Y-140/2'
                color=1,0,1
place   wedge_window copies=1 x=-1.0 y=0.0 z=22657.6 rotation='Y140/2'
                color=1,0,1
(do i=30)
place   wedge_window copies=1 x=-1.0 y=0.0 z=23362.4 rotation='Y-140/2'
                color=1,0,1
place   wedge_window copies=1 x=-1.0 y=0.0 z=23437.6 rotation='Y140/2'
                color=1,0,1
(do i=31)
place   wedge_window copies=1 x=-1.0 y=0.0 z=24142.4 rotation='Y-140/2'
                color=1,0,1
place   wedge_window copies=1 x=-1.0 y=0.0 z=24217.6 rotation='Y140/2'
                color=1,0,1
(do i=32)
place   wedge_window copies=1 x=-1.0 y=0.0 z=24922.4 rotation='Y-140/2'
                color=1,0,1
place   wedge_window copies=1 x=-1.0 y=0.0 z=24997.6 rotation='Y140/2'
                color=1,0,1
(do i=33)
place   wedge_window copies=1 x=-1.0 y=0.0 z=25702.4 rotation='Y-140/2'
                color=1,0,1
place   wedge_window copies=1 x=-1.0 y=0.0 z=25777.6 rotation='Y140/2'
                color=1,0,1
(do i=34)
place   wedge_window copies=1 x=-1.0 y=0.0 z=26482.4 rotation='Y-140/2'
                color=1,0,1
place   wedge_window copies=1 x=-1.0 y=0.0 z=26557.6 rotation='Y140/2'
                color=1,0,1
(do i=35)
place   wedge_window copies=1 x=-1.0 y=0.0 z=27262.4 rotation='Y-140/2'
                color=1,0,1
place   wedge_window copies=1 x=-1.0 y=0.0 z=27337.6 rotation='Y140/2'
                color=1,0,1
(do i=36)
place   wedge_window copies=1 x=-1.0 y=0.0 z=28042.4 rotation='Y-140/2'
                color=1,0,1
place   wedge_window copies=1 x=-1.0 y=0.0 z=28117.6 rotation='Y140/2'
                color=1,0,1
(do i=37)
place   wedge_window copies=1 x=-1.0 y=0.0 z=28822.4 rotation='Y-140/2'
                color=1,0,1
place   wedge_window copies=1 x=-1.0 y=0.0 z=28897.6 rotation='Y140/2'
                color=1,0,1
(do i=38)
place   wedge_window copies=1 x=-1.0 y=0.0 z=29602.4 rotation='Y-140/2'
                color=1,0,1
place   wedge_window copies=1 x=-1.0 y=0.0 z=29677.6 rotation='Y140/2'
                color=1,0,1
(do i=39)
place   wedge_window copies=1 x=-1.0 y=0.0 z=30382.4 rotation='Y-140/2'
                color=1,0,1
place   wedge_window copies=1 x=-1.0 y=0.0 z=30457.6 rotation='Y140/2'
                color=1,0,1
(do i=40)
place   wedge_window copies=1 x=-1.0 y=0.0 z=31162.4 rotation='Y-140/2'
                color=1,0,1
place   wedge_window copies=1 x=-1.0 y=0.0 z=31237.6 rotation='Y140/2'
                color=1,0,1
(do i=41)
place   wedge_window copies=1 x=-1.0 y=0.0 z=31942.4 rotation='Y-140/2'
                color=1,0,1
place   wedge_window copies=1 x=-1.0 y=0.0 z=32017.6 rotation='Y140/2'
                color=1,0,1
(do i=42)
place   wedge_window copies=1 x=-1.0 y=0.0 z=32722.4 rotation='Y-140/2'
                color=1,0,1
place   wedge_window copies=1 x=-1.0 y=0.0 z=32797.6 rotation='Y140/2'
                color=1,0,1
(do i=43)
place   wedge_window copies=1 x=-1.0 y=0.0 z=33502.4 rotation='Y-140/2'
                color=1,0,1
place   wedge_window copies=1 x=-1.0 y=0.0 z=33577.6 rotation='Y140/2'
                color=1,0,1
(do i=44)
place   wedge_window copies=1 x=-1.0 y=0.0 z=34282.4 rotation='Y-140/2'
                color=1,0,1
place   wedge_window copies=1 x=-1.0 y=0.0 z=34357.6 rotation='Y140/2'
                color=1,0,1
(do i=45)
place   wedge_window copies=1 x=-1.0 y=0.0 z=35062.4 rotation='Y-140/2'
                color=1,0,1
place   wedge_window copies=1 x=-1.0 y=0.0 z=35137.6 rotation='Y140/2'
                color=1,0,1
(do i=46)
place   wedge_window copies=1 x=-1.0 y=0.0 z=35842.4 rotation='Y-140/2'
                color=1,0,1
place   wedge_window copies=1 x=-1.0 y=0.0 z=35917.6 rotation='Y140/2'
                color=1,0,1
(do i=47)
place   wedge_window copies=1 x=-1.0 y=0.0 z=36622.4 rotation='Y-140/2'
                color=1,0,1
place   wedge_window copies=1 x=-1.0 y=0.0 z=36697.6 rotation='Y140/2'
                color=1,0,1
(do i=48)
place   wedge_window copies=1 x=-1.0 y=0.0 z=37402.4 rotation='Y-140/2'
                color=1,0,1
place   wedge_window copies=1 x=-1.0 y=0.0 z=37477.6 rotation='Y140/2'
                color=1,0,1
(do i=49)
place   wedge_window copies=1 x=-1.0 y=0.0 z=38182.4 rotation='Y-140/2'
                color=1,0,1
place   wedge_window copies=1 x=-1.0 y=0.0 z=38257.6 rotation='Y140/2'
                color=1,0,1
(do i=50)
place   wedge_window copies=1 x=-1.0 y=0.0 z=38962.4 rotation='Y-140/2'
                color=1,0,1
place   wedge_window copies=1 x=-1.0 y=0.0 z=39037.6 rotation='Y140/2'
                color=1,0,1
(do i=51)
place   wedge_window copies=1 x=-1.0 y=0.0 z=39742.4 rotation='Y-140/2'
                color=1,0,1
place   wedge_window copies=1 x=-1.0 y=0.0 z=39817.6 rotation='Y140/2'
                color=1,0,1
(do i=52)
place   wedge_window copies=1 x=-1.0 y=0.0 z=40522.4 rotation='Y-140/2'
                color=1,0,1
place   wedge_window copies=1 x=-1.0 y=0.0 z=40597.6 rotation='Y140/2'
                color=1,0,1
(do i=53)
place   wedge_window copies=1 x=-1.0 y=0.0 z=41302.4 rotation='Y-140/2'
                color=1,0,1
place   wedge_window copies=1 x=-1.0 y=0.0 z=41377.6 rotation='Y140/2'
                color=1,0,1
(do i=54)
place   wedge_window copies=1 x=-1.0 y=0.0 z=42082.4 rotation='Y-140/2'
                color=1,0,1
place   wedge_window copies=1 x=-1.0 y=0.0 z=42157.6 rotation='Y140/2'
                color=1,0,1
(do i=55)
place   wedge_window copies=1 x=-1.0 y=0.0 z=42862.4 rotation='Y-140/2'
                color=1,0,1
place   wedge_window copies=1 x=-1.0 y=0.0 z=42937.6 rotation='Y140/2'
                color=1,0,1
(do i=56)
place   wedge_window copies=1 x=-1.0 y=0.0 z=43642.4 rotation='Y-140/2'
                color=1,0,1
place   wedge_window copies=1 x=-1.0 y=0.0 z=43717.6 rotation='Y140/2'
                color=1,0,1
(do i=57)
place   wedge_window copies=1 x=-1.0 y=0.0 z=44422.4 rotation='Y-140/2'
                color=1,0,1
place   wedge_window copies=1 x=-1.0 y=0.0 z=44497.6 rotation='Y140/2'
                color=1,0,1
(do i=58)
place   wedge_window copies=1 x=-1.0 y=0.0 z=45202.4 rotation='Y-140/2'
                color=1,0,1
place   wedge_window copies=1 x=-1.0 y=0.0 z=45277.6 rotation='Y140/2'
                color=1,0,1
(do i=59)
place   wedge_window copies=1 x=-1.0 y=0.0 z=45982.4 rotation='Y-140/2'
                color=1,0,1
place   wedge_window copies=1 x=-1.0 y=0.0 z=46057.6 rotation='Y140/2'
                color=1,0,1
(do i=60)
place   wedge_window copies=1 x=-1.0 y=0.0 z=46762.4 rotation='Y-140/2'
                color=1,0,1
place   wedge_window copies=1 x=-1.0 y=0.0 z=46837.6 rotation='Y140/2'
                color=1,0,1
enddo
place   beamDet copies=1 x=0.0 y=0.0 z=47590.0 
zntuple                    z= zloop=0:60*780:780 noSingles=0 format=for009
                           file=for009 filename=for009 require=PDGid==-13
                           referenceParticle=1 coordinates=Centerline

World size (before incrementing by 201.357 mm): 1600.0 H  1600.0 W  95288.0 L

PARAMETERS:
            Zcl=47590
          angle=1.5
        bendpos=0.1
     cavity_gas=Vacuum
    cell_length=780
   coil_length1=120.38740169437966
   coil_length2=70.18075474288861
   coil_length3=236.865849696550
   coil_radius1=53
   coil_radius2=163
   coil_radius3=343
    coil_width1=80
    coil_width2=150
    coil_width3=200
      coilname1=coil1
      coilname2=coil2
      coilname3=coil3
       current1=222.9971220206919
       current2=107.27771763956034
       current3=106.56628357742449
     deltaChord=3.0
deltaIntersection=0.1
   deltaOneStep=0.01
         dipole=0.153
  dipole_length=100
          end_z=47590
         epsMax=0.05
         epsMin=2.5e-7
 eventTimeLimit=30
    fieldVoxels=200,200,200
       filename=for009
   final_output=beam_stage9_noerrout
          first=1
  fringe_length=92
half_wedge_length=75
      histoFile=g4beamline
    histoUpdate=0
              i=60
           last=2000
        maxStep=100.0
        minStep=0.01
         ncells=60
             pi=3.1415926
  pipe_diameter=46
    pipe_length=229.96
    pipe_radius=23
           pres=35
   ref_momentum=195
         rf_fre=0.704
        rf_grad=23.841477448781845
      rf_length=80
          rf_ph=15.365305896660475
rf_window_length=0.01
        solpos1=0.10011367615429359
        solpos2=0.1706563510028725
        solpos3=0.23790669255906333
 steppingFormat=N GLOBAL CL KE STEP VOL PROCESS
steppingVerbose=0
         viewer=none
 wallClockLimit=-1
      wallthick=0.01
     wedge_apex=140
wedge_window_length=0.05
  worldMaterial=Vacuum
         x_last=-1.28
          x_off=-1.0230672
         y_last=-1.76
          y_off=-1.5422333
     zTolerance=2.0
Checking overlaps for volume sol1:0 (G4Tubs) ... OK! 
BLCMDsolenoid::Construct sol1 parent= relZ=-1481.9 globZ=-1481.9
	global pos=0.0,0.0,-1481.9  Checking overlaps for volume sol3:0 (G4Tubs) ... OK! 
BLCMDsolenoid::Construct sol3 parent= relZ=-1426.9 globZ=-1426.9
	global pos=0.0,0.0,-1426.9  Checking overlaps for volume sol5:0 (G4Tubs) ... OK! 
BLCMDsolenoid::Construct sol5 parent= relZ=-1374.4 globZ=-1374.4
	global pos=0.0,0.0,-1374.4  Checking overlaps for volume sol6:0 (G4Tubs) ... OK! 
BLCMDsolenoid::Construct sol6 parent= relZ=-965.6 globZ=-965.6
	global pos=0.0,0.0,-965.6  Checking overlaps for volume sol4:0 (G4Tubs) ... OK! 
BLCMDsolenoid::Construct sol4 parent= relZ=-913.1 globZ=-913.1
	global pos=0.0,0.0,-913.1  Checking overlaps for volume sol2:0 (G4Tubs) ... OK! 
BLCMDsolenoid::Construct sol2 parent= relZ=-858.1 globZ=-858.1
	global pos=0.0,0.0,-858.1  Checking overlaps for volume sol1:0 (G4Tubs) ... OK! 
BLCMDsolenoid::Construct sol1 parent= relZ=-701.9 globZ=-701.9
	global pos=0.0,0.0,-701.9  Checking overlaps for volume sol3:0 (G4Tubs) ... OK! 
BLCMDsolenoid::Construct sol3 parent= relZ=-646.9 globZ=-646.9
	global pos=0.0,0.0,-646.9  Checking overlaps for volume sol5:0 (G4Tubs) ... OK! 
BLCMDsolenoid::Construct sol5 parent= relZ=-594.4 globZ=-594.4
	global pos=0.0,0.0,-594.4  Checking overlaps for volume sol6:0 (G4Tubs) ... OK! 
BLCMDsolenoid::Construct sol6 parent= relZ=-185.6 globZ=-185.6
	global pos=0.0,0.0,-185.6  Checking overlaps for volume sol4:0 (G4Tubs) ... OK! 
BLCMDsolenoid::Construct sol4 parent= relZ=-133.1 globZ=-133.1
	global pos=0.0,0.0,-133.1  Checking overlaps for volume sol2:0 (G4Tubs) ... OK! 
BLCMDsolenoid::Construct sol2 parent= relZ=-78.1 globZ=-78.1
	global pos=0.0,0.0,-78.1  Checking overlaps for volume sol1:0 (G4Tubs) ... OK! 
BLCMDsolenoid::Construct sol1 parent= relZ=78.1 globZ=78.1
	global pos=0.0,0.0,78.1  Checking overlaps for volume sol3:0 (G4Tubs) ... OK! 
BLCMDsolenoid::Construct sol3 parent= relZ=133.1 globZ=133.1
	global pos=0.0,0.0,133.1  Checking overlaps for volume sol5:0 (G4Tubs) ... OK! 
BLCMDsolenoid::Construct sol5 parent= relZ=185.6 globZ=185.6
	global pos=0.0,0.0,185.6  Checking overlaps for volume sol6:0 (G4Tubs) ... OK! 
BLCMDsolenoid::Construct sol6 parent= relZ=594.4 globZ=594.4
	global pos=0.0,0.0,594.4  Checking overlaps for volume sol4:0 (G4Tubs) ... OK! 
BLCMDsolenoid::Construct sol4 parent= relZ=646.9 globZ=646.9
	global pos=0.0,0.0,646.9  Checking overlaps for volume sol2:0 (G4Tubs) ... OK! 
BLCMDsolenoid::Construct sol2 parent= relZ=701.9 globZ=701.9
	global pos=0.0,0.0,701.9  Checking overlaps for volume sol1:0 (G4Tubs) ... OK! 
BLCMDsolenoid::Construct sol1 parent= relZ=858.1 globZ=858.1
	global pos=0.0,0.0,858.1  Checking overlaps for volume sol3:0 (G4Tubs) ... OK! 
BLCMDsolenoid::Construct sol3 parent= relZ=913.1 globZ=913.1
	global pos=0.0,0.0,913.1  Checking overlaps for volume sol5:0 (G4Tubs) ... OK! 
BLCMDsolenoid::Construct sol5 parent= relZ=965.6 globZ=965.6
	global pos=0.0,0.0,965.6  Checking overlaps for volume sol6:0 (G4Tubs) ... OK! 
BLCMDsolenoid::Construct sol6 parent= relZ=1374.4 globZ=1374.4
	global pos=0.0,0.0,1374.4  Checking overlaps for volume sol4:0 (G4Tubs) ... OK! 
BLCMDsolenoid::Construct sol4 parent= relZ=1426.9 globZ=1426.9
	global pos=0.0,0.0,1426.9  Checking overlaps for volume sol2:0 (G4Tubs) ... OK! 
BLCMDsolenoid::Construct sol2 parent= relZ=1481.9 globZ=1481.9
	global pos=0.0,0.0,1481.9  Checking overlaps for volume sol1:0 (G4Tubs) ... OK! 
BLCMDsolenoid::Construct sol1 parent= relZ=1638.1 globZ=1638.1
	global pos=0.0,0.0,1638.1  Checking overlaps for volume sol3:0 (G4Tubs) ... OK! 
BLCMDsolenoid::Construct sol3 parent= relZ=1693.1 globZ=1693.1
	global pos=0.0,0.0,1693.1  Checking overlaps for volume sol5:0 (G4Tubs) ... OK! 
BLCMDsolenoid::Construct sol5 parent= relZ=1745.6 globZ=1745.6
	global pos=0.0,0.0,1745.6  Checking overlaps for volume sol6:0 (G4Tubs) ... OK! 
BLCMDsolenoid::Construct sol6 parent= relZ=2154.4 globZ=2154.4
	global pos=0.0,0.0,2154.4  Checking overlaps for volume sol4:0 (G4Tubs) ... OK! 
BLCMDsolenoid::Construct sol4 parent= relZ=2206.9 globZ=2206.9
	global pos=0.0,0.0,2206.9  Checking overlaps for volume sol2:0 (G4Tubs) ... OK! 
BLCMDsolenoid::Construct sol2 parent= relZ=2261.9 globZ=2261.9
	global pos=0.0,0.0,2261.9  Checking overlaps for volume sol1:0 (G4Tubs) ... OK! 
BLCMDsolenoid::Construct sol1 parent= relZ=2418.1 globZ=2418.1
	global pos=0.0,0.0,2418.1  Checking overlaps for volume sol3:0 (G4Tubs) ... OK! 
BLCMDsolenoid::Construct sol3 parent= relZ=2473.1 globZ=2473.1
	global pos=0.0,0.0,2473.1  Checking overlaps for volume sol5:0 (G4Tubs) ... OK! 
BLCMDsolenoid::Construct sol5 parent= relZ=2525.6 globZ=2525.6
	global pos=0.0,0.0,2525.6  Checking overlaps for volume sol6:0 (G4Tubs) ... OK! 
BLCMDsolenoid::Construct sol6 parent= relZ=2934.4 globZ=2934.4
	global pos=0.0,0.0,2934.4  Checking overlaps for volume sol4:0 (G4Tubs) ... OK! 
BLCMDsolenoid::Construct sol4 parent= relZ=2986.9 globZ=2986.9
	global pos=0.0,0.0,2986.9  Checking overlaps for volume sol2:0 (G4Tubs) ... OK! 
BLCMDsolenoid::Construct sol2 parent= relZ=3041.9 globZ=3041.9
	global pos=0.0,0.0,3041.9  Checking overlaps for volume sol1:0 (G4Tubs) ... OK! 
BLCMDsolenoid::Construct sol1 parent= relZ=3198.1 globZ=3198.1
	global pos=0.0,0.0,3198.1  Checking overlaps for volume sol3:0 (G4Tubs) ... OK! 
BLCMDsolenoid::Construct sol3 parent= relZ=3253.1 globZ=3253.1
	global pos=0.0,0.0,3253.1  Checking overlaps for volume sol5:0 (G4Tubs) ... OK! 
BLCMDsolenoid::Construct sol5 parent= relZ=3305.6 globZ=3305.6
	global pos=0.0,0.0,3305.6  Checking overlaps for volume sol6:0 (G4Tubs) ... OK! 
BLCMDsolenoid::Construct sol6 parent= relZ=3714.4 globZ=3714.4
	global pos=0.0,0.0,3714.4  Checking overlaps for volume sol4:0 (G4Tubs) ... OK! 
BLCMDsolenoid::Construct sol4 parent= relZ=3766.9 globZ=3766.9
	global pos=0.0,0.0,3766.9  Checking overlaps for volume sol2:0 (G4Tubs) ... OK! 
BLCMDsolenoid::Construct sol2 parent= relZ=3821.9 globZ=3821.9
	global pos=0.0,0.0,3821.9  Checking overlaps for volume sol1:0 (G4Tubs) ... OK! 
BLCMDsolenoid::Construct sol1 parent= relZ=3978.1 globZ=3978.1
	global pos=0.0,0.0,3978.1  Checking overlaps for volume sol3:0 (G4Tubs) ... OK! 
BLCMDsolenoid::Construct sol3 parent= relZ=4033.1 globZ=4033.1
	global pos=0.0,0.0,4033.1  Checking overlaps for volume sol5:0 (G4Tubs) ... OK! 
BLCMDsolenoid::Construct sol5 parent= relZ=4085.6 globZ=4085.6
	global pos=0.0,0.0,4085.6  Checking overlaps for volume sol6:0 (G4Tubs) ... OK! 
BLCMDsolenoid::Construct sol6 parent= relZ=4494.4 globZ=4494.4
	global pos=0.0,0.0,4494.4  Checking overlaps for volume sol4:0 (G4Tubs) ... OK! 
BLCMDsolenoid::Construct sol4 parent= relZ=4546.9 globZ=4546.9
	global pos=0.0,0.0,4546.9  Checking overlaps for volume sol2:0 (G4Tubs) ... OK! 
BLCMDsolenoid::Construct sol2 parent= relZ=4601.9 globZ=4601.9
	global pos=0.0,0.0,4601.9  Checking overlaps for volume sol1:0 (G4Tubs) ... OK! 
BLCMDsolenoid::Construct sol1 parent= relZ=4758.1 globZ=4758.1
	global pos=0.0,0.0,4758.1  Checking overlaps for volume sol3:0 (G4Tubs) ... OK! 
BLCMDsolenoid::Construct sol3 parent= relZ=4813.1 globZ=4813.1
	global pos=0.0,0.0,4813.1  Checking overlaps for volume sol5:0 (G4Tubs) ... OK! 
BLCMDsolenoid::Construct sol5 parent= relZ=4865.6 globZ=4865.6
	global pos=0.0,0.0,4865.6  Checking overlaps for volume sol6:0 (G4Tubs) ... OK! 
BLCMDsolenoid::Construct sol6 parent= relZ=5274.4 globZ=5274.4
	global pos=0.0,0.0,5274.4  Checking overlaps for volume sol4:0 (G4Tubs) ... OK! 
BLCMDsolenoid::Construct sol4 parent= relZ=5326.9 globZ=5326.9
	global pos=0.0,0.0,5326.9  Checking overlaps for volume sol2:0 (G4Tubs) ... OK! 
BLCMDsolenoid::Construct sol2 parent= relZ=5381.9 globZ=5381.9
	global pos=0.0,0.0,5381.9  Checking overlaps for volume sol1:0 (G4Tubs) ... OK! 
BLCMDsolenoid::Construct sol1 parent= relZ=5538.1 globZ=5538.1
	global pos=0.0,0.0,5538.1  Checking overlaps for volume sol3:0 (G4Tubs) ... OK! 
BLCMDsolenoid::Construct sol3 parent= relZ=5593.1 globZ=5593.1
	global pos=0.0,0.0,5593.1  Checking overlaps for volume sol5:0 (G4Tubs) ... OK! 
BLCMDsolenoid::Construct sol5 parent= relZ=5645.6 globZ=5645.6
	global pos=0.0,0.0,5645.6  Checking overlaps for volume sol6:0 (G4Tubs) ... OK! 
BLCMDsolenoid::Construct sol6 parent= relZ=6054.4 globZ=6054.4
	global pos=0.0,0.0,6054.4  Checking overlaps for volume sol4:0 (G4Tubs) ... OK! 
BLCMDsolenoid::Construct sol4 parent= relZ=6106.9 globZ=6106.9
	global pos=0.0,0.0,6106.9  Checking overlaps for volume sol2:0 (G4Tubs) ... OK! 
BLCMDsolenoid::Construct sol2 parent= relZ=6161.9 globZ=6161.9
	global pos=0.0,0.0,6161.9  Checking overlaps for volume sol1:0 (G4Tubs) ... OK! 
BLCMDsolenoid::Construct sol1 parent= relZ=6318.1 globZ=6318.1
	global pos=0.0,0.0,6318.1  Checking overlaps for volume sol3:0 (G4Tubs) ... OK! 
BLCMDsolenoid::Construct sol3 parent= relZ=6373.1 globZ=6373.1
	global pos=0.0,0.0,6373.1  Checking overlaps for volume sol5:0 (G4Tubs) ... OK! 
BLCMDsolenoid::Construct sol5 parent= relZ=6425.6 globZ=6425.6
	global pos=0.0,0.0,6425.6  Checking overlaps for volume sol6:0 (G4Tubs) ... OK! 
BLCMDsolenoid::Construct sol6 parent= relZ=6834.4 globZ=6834.4
	global pos=0.0,0.0,6834.4  Checking overlaps for volume sol4:0 (G4Tubs) ... OK! 
BLCMDsolenoid::Construct sol4 parent= relZ=6886.9 globZ=6886.9
	global pos=0.0,0.0,6886.9  Checking overlaps for volume sol2:0 (G4Tubs) ... OK! 
BLCMDsolenoid::Construct sol2 parent= relZ=6941.9 globZ=6941.9
	global pos=0.0,0.0,6941.9  Checking overlaps for volume sol1:0 (G4Tubs) ... OK! 
BLCMDsolenoid::Construct sol1 parent= relZ=7098.1 globZ=7098.1
	global pos=0.0,0.0,7098.1  Checking overlaps for volume sol3:0 (G4Tubs) ... OK! 
BLCMDsolenoid::Construct sol3 parent= relZ=7153.1 globZ=7153.1
	global pos=0.0,0.0,7153.1  Checking overlaps for volume sol5:0 (G4Tubs) ... OK! 
BLCMDsolenoid::Construct sol5 parent= relZ=7205.6 globZ=7205.6
	global pos=0.0,0.0,7205.6  Checking overlaps for volume sol6:0 (G4Tubs) ... OK! 
BLCMDsolenoid::Construct sol6 parent= relZ=7614.4 globZ=7614.4
	global pos=0.0,0.0,7614.4  Checking overlaps for volume sol4:0 (G4Tubs) ... OK! 
BLCMDsolenoid::Construct sol4 parent= relZ=7666.9 globZ=7666.9
	global pos=0.0,0.0,7666.9  Checking overlaps for volume sol2:0 (G4Tubs) ... OK! 
BLCMDsolenoid::Construct sol2 parent= relZ=7721.9 globZ=7721.9
	global pos=0.0,0.0,7721.9  Checking overlaps for volume sol1:0 (G4Tubs) ... OK! 
BLCMDsolenoid::Construct sol1 parent= relZ=7878.1 globZ=7878.1
	global pos=0.0,0.0,7878.1  Checking overlaps for volume sol3:0 (G4Tubs) ... OK! 
BLCMDsolenoid::Construct sol3 parent= relZ=7933.1 globZ=7933.1
	global pos=0.0,0.0,7933.1  Checking overlaps for volume sol5:0 (G4Tubs) ... OK! 
BLCMDsolenoid::Construct sol5 parent= relZ=7985.6 globZ=7985.6
	global pos=0.0,0.0,7985.6  Checking overlaps for volume sol6:0 (G4Tubs) ... OK! 
BLCMDsolenoid::Construct sol6 parent= relZ=8394.4 globZ=8394.4
	global pos=0.0,0.0,8394.4  Checking overlaps for volume sol4:0 (G4Tubs) ... OK! 
BLCMDsolenoid::Construct sol4 parent= relZ=8446.9 globZ=8446.9
	global pos=0.0,0.0,8446.9  Checking overlaps for volume sol2:0 (G4Tubs) ... OK! 
BLCMDsolenoid::Construct sol2 parent= relZ=8501.9 globZ=8501.9
	global pos=0.0,0.0,8501.9  Checking overlaps for volume sol1:0 (G4Tubs) ... OK! 
BLCMDsolenoid::Construct sol1 parent= relZ=8658.1 globZ=8658.1
	global pos=0.0,0.0,8658.1  Checking overlaps for volume sol3:0 (G4Tubs) ... OK! 
BLCMDsolenoid::Construct sol3 parent= relZ=8713.1 globZ=8713.1
	global pos=0.0,0.0,8713.1  Checking overlaps for volume sol5:0 (G4Tubs) ... OK! 
BLCMDsolenoid::Construct sol5 parent= relZ=8765.6 globZ=8765.6
	global pos=0.0,0.0,8765.6  Checking overlaps for volume sol6:0 (G4Tubs) ... OK! 
BLCMDsolenoid::Construct sol6 parent= relZ=9174.4 globZ=9174.4
	global pos=0.0,0.0,9174.4  Checking overlaps for volume sol4:0 (G4Tubs) ... OK! 
BLCMDsolenoid::Construct sol4 parent= relZ=9226.9 globZ=9226.9
	global pos=0.0,0.0,9226.9  Checking overlaps for volume sol2:0 (G4Tubs) ... OK! 
BLCMDsolenoid::Construct sol2 parent= relZ=9281.9 globZ=9281.9
	global pos=0.0,0.0,9281.9  Checking overlaps for volume sol1:0 (G4Tubs) ... OK! 
BLCMDsolenoid::Construct sol1 parent= relZ=9438.1 globZ=9438.1
	global pos=0.0,0.0,9438.1  Checking overlaps for volume sol3:0 (G4Tubs) ... OK! 
BLCMDsolenoid::Construct sol3 parent= relZ=9493.1 globZ=9493.1
	global pos=0.0,0.0,9493.1  Checking overlaps for volume sol5:0 (G4Tubs) ... OK! 
BLCMDsolenoid::Construct sol5 parent= relZ=9545.6 globZ=9545.6
	global pos=0.0,0.0,9545.6  Checking overlaps for volume sol6:0 (G4Tubs) ... OK! 
BLCMDsolenoid::Construct sol6 parent= relZ=9954.4 globZ=9954.4
	global pos=0.0,0.0,9954.4  Checking overlaps for volume sol4:0 (G4Tubs) ... OK! 
BLCMDsolenoid::Construct sol4 parent= relZ=10006.9 globZ=10006.9
	global pos=0.0,0.0,10006.9  Checking overlaps for volume sol2:0 (G4Tubs) ... OK! 
BLCMDsolenoid::Construct sol2 parent= relZ=10061.9 globZ=10061.9
	global pos=0.0,0.0,10061.9  Checking overlaps for volume sol1:0 (G4Tubs) ... OK! 
BLCMDsolenoid::Construct sol1 parent= relZ=10218.1 globZ=10218.1
	global pos=0.0,0.0,10218.1  Checking overlaps for volume sol3:0 (G4Tubs) ... OK! 
BLCMDsolenoid::Construct sol3 parent= relZ=10273.1 globZ=10273.1
	global pos=0.0,0.0,10273.1  Checking overlaps for volume sol5:0 (G4Tubs) ... OK! 
BLCMDsolenoid::Construct sol5 parent= relZ=10325.6 globZ=10325.6
	global pos=0.0,0.0,10325.6  Checking overlaps for volume sol6:0 (G4Tubs) ... OK! 
BLCMDsolenoid::Construct sol6 parent= relZ=10734.4 globZ=10734.4
	global pos=0.0,0.0,10734.4  Checking overlaps for volume sol4:0 (G4Tubs) ... OK! 
BLCMDsolenoid::Construct sol4 parent= relZ=10786.9 globZ=10786.9
	global pos=0.0,0.0,10786.9  Checking overlaps for volume sol2:0 (G4Tubs) ... OK! 
BLCMDsolenoid::Construct sol2 parent= relZ=10841.9 globZ=10841.9
	global pos=0.0,0.0,10841.9  Checking overlaps for volume sol1:0 (G4Tubs) ... OK! 
BLCMDsolenoid::Construct sol1 parent= relZ=10998.1 globZ=10998.1
	global pos=0.0,0.0,10998.1  Checking overlaps for volume sol3:0 (G4Tubs) ... OK! 
BLCMDsolenoid::Construct sol3 parent= relZ=11053.1 globZ=11053.1
	global pos=0.0,0.0,11053.1  Checking overlaps for volume sol5:0 (G4Tubs) ... OK! 
BLCMDsolenoid::Construct sol5 parent= relZ=11105.6 globZ=11105.6
	global pos=0.0,0.0,11105.6  Checking overlaps for volume sol6:0 (G4Tubs) ... OK! 
BLCMDsolenoid::Construct sol6 parent= relZ=11514.4 globZ=11514.4
	global pos=0.0,0.0,11514.4  Checking overlaps for volume sol4:0 (G4Tubs) ... OK! 
BLCMDsolenoid::Construct sol4 parent= relZ=11566.9 globZ=11566.9
	global pos=0.0,0.0,11566.9  Checking overlaps for volume sol2:0 (G4Tubs) ... OK! 
BLCMDsolenoid::Construct sol2 parent= relZ=11621.9 globZ=11621.9
	global pos=0.0,0.0,11621.9  Checking overlaps for volume sol1:0 (G4Tubs) ... OK! 
BLCMDsolenoid::Construct sol1 parent= relZ=11778.1 globZ=11778.1
	global pos=0.0,0.0,11778.1  Checking overlaps for volume sol3:0 (G4Tubs) ... OK! 
BLCMDsolenoid::Construct sol3 parent= relZ=11833.1 globZ=11833.1
	global pos=0.0,0.0,11833.1  Checking overlaps for volume sol5:0 (G4Tubs) ... OK! 
BLCMDsolenoid::Construct sol5 parent= relZ=11885.6 globZ=11885.6
	global pos=0.0,0.0,11885.6  Checking overlaps for volume sol6:0 (G4Tubs) ... OK! 
BLCMDsolenoid::Construct sol6 parent= relZ=12294.4 globZ=12294.4
	global pos=0.0,0.0,12294.4  Checking overlaps for volume sol4:0 (G4Tubs) ... OK! 
BLCMDsolenoid::Construct sol4 parent= relZ=12346.9 globZ=12346.9
	global pos=0.0,0.0,12346.9  Checking overlaps for volume sol2:0 (G4Tubs) ... OK! 
BLCMDsolenoid::Construct sol2 parent= relZ=12401.9 globZ=12401.9
	global pos=0.0,0.0,12401.9  Checking overlaps for volume sol1:0 (G4Tubs) ... OK! 
BLCMDsolenoid::Construct sol1 parent= relZ=12558.1 globZ=12558.1
	global pos=0.0,0.0,12558.1  Checking overlaps for volume sol3:0 (G4Tubs) ... OK! 
BLCMDsolenoid::Construct sol3 parent= relZ=12613.1 globZ=12613.1
	global pos=0.0,0.0,12613.1  Checking overlaps for volume sol5:0 (G4Tubs) ... OK! 
BLCMDsolenoid::Construct sol5 parent= relZ=12665.6 globZ=12665.6
	global pos=0.0,0.0,12665.6  Checking overlaps for volume sol6:0 (G4Tubs) ... OK! 
BLCMDsolenoid::Construct sol6 parent= relZ=13074.4 globZ=13074.4
	global pos=0.0,0.0,13074.4  Checking overlaps for volume sol4:0 (G4Tubs) ... OK! 
BLCMDsolenoid::Construct sol4 parent= relZ=13126.9 globZ=13126.9
	global pos=0.0,0.0,13126.9  Checking overlaps for volume sol2:0 (G4Tubs) ... OK! 
BLCMDsolenoid::Construct sol2 parent= relZ=13181.9 globZ=13181.9
	global pos=0.0,0.0,13181.9  Checking overlaps for volume sol1:0 (G4Tubs) ... OK! 
BLCMDsolenoid::Construct sol1 parent= relZ=13338.1 globZ=13338.1
	global pos=0.0,0.0,13338.1  Checking overlaps for volume sol3:0 (G4Tubs) ... OK! 
BLCMDsolenoid::Construct sol3 parent= relZ=13393.1 globZ=13393.1
	global pos=0.0,0.0,13393.1  Checking overlaps for volume sol5:0 (G4Tubs) ... OK! 
BLCMDsolenoid::Construct sol5 parent= relZ=13445.6 globZ=13445.6
	global pos=0.0,0.0,13445.6  Checking overlaps for volume sol6:0 (G4Tubs) ... OK! 
BLCMDsolenoid::Construct sol6 parent= relZ=13854.4 globZ=13854.4
	global pos=0.0,0.0,13854.4  Checking overlaps for volume sol4:0 (G4Tubs) ... OK! 
BLCMDsolenoid::Construct sol4 parent= relZ=13906.9 globZ=13906.9
	global pos=0.0,0.0,13906.9  Checking overlaps for volume sol2:0 (G4Tubs) ... OK! 
BLCMDsolenoid::Construct sol2 parent= relZ=13961.9 globZ=13961.9
	global pos=0.0,0.0,13961.9  Checking overlaps for volume sol1:0 (G4Tubs) ... OK! 
BLCMDsolenoid::Construct sol1 parent= relZ=14118.1 globZ=14118.1
	global pos=0.0,0.0,14118.1  Checking overlaps for volume sol3:0 (G4Tubs) ... OK! 
BLCMDsolenoid::Construct sol3 parent= relZ=14173.1 globZ=14173.1
	global pos=0.0,0.0,14173.1  Checking overlaps for volume sol5:0 (G4Tubs) ... OK! 
BLCMDsolenoid::Construct sol5 parent= relZ=14225.6 globZ=14225.6
	global pos=0.0,0.0,14225.6  Checking overlaps for volume sol6:0 (G4Tubs) ... OK! 
BLCMDsolenoid::Construct sol6 parent= relZ=14634.4 globZ=14634.4
	global pos=0.0,0.0,14634.4  Checking overlaps for volume sol4:0 (G4Tubs) ... OK! 
BLCMDsolenoid::Construct sol4 parent= relZ=14686.9 globZ=14686.9
	global pos=0.0,0.0,14686.9  Checking overlaps for volume sol2:0 (G4Tubs) ... OK! 
BLCMDsolenoid::Construct sol2 parent= relZ=14741.9 globZ=14741.9
	global pos=0.0,0.0,14741.9  Checking overlaps for volume sol1:0 (G4Tubs) ... OK! 
BLCMDsolenoid::Construct sol1 parent= relZ=14898.1 globZ=14898.1
	global pos=0.0,0.0,14898.1  Checking overlaps for volume sol3:0 (G4Tubs) ... OK! 
BLCMDsolenoid::Construct sol3 parent= relZ=14953.1 globZ=14953.1
	global pos=0.0,0.0,14953.1  Checking overlaps for volume sol5:0 (G4Tubs) ... OK! 
BLCMDsolenoid::Construct sol5 parent= relZ=15005.6 globZ=15005.6
	global pos=0.0,0.0,15005.6  Checking overlaps for volume sol6:0 (G4Tubs) ... OK! 
BLCMDsolenoid::Construct sol6 parent= relZ=15414.4 globZ=15414.4
	global pos=0.0,0.0,15414.4  Checking overlaps for volume sol4:0 (G4Tubs) ... OK! 
BLCMDsolenoid::Construct sol4 parent= relZ=15466.9 globZ=15466.9
	global pos=0.0,0.0,15466.9  Checking overlaps for volume sol2:0 (G4Tubs) ... OK! 
BLCMDsolenoid::Construct sol2 parent= relZ=15521.9 globZ=15521.9
	global pos=0.0,0.0,15521.9  Checking overlaps for volume sol1:0 (G4Tubs) ... OK! 
BLCMDsolenoid::Construct sol1 parent= relZ=15678.1 globZ=15678.1
	global pos=0.0,0.0,15678.1  Checking overlaps for volume sol3:0 (G4Tubs) ... OK! 
BLCMDsolenoid::Construct sol3 parent= relZ=15733.1 globZ=15733.1
	global pos=0.0,0.0,15733.1  Checking overlaps for volume sol5:0 (G4Tubs) ... OK! 
BLCMDsolenoid::Construct sol5 parent= relZ=15785.6 globZ=15785.6
	global pos=0.0,0.0,15785.6  Checking overlaps for volume sol6:0 (G4Tubs) ... OK! 
BLCMDsolenoid::Construct sol6 parent= relZ=16194.4 globZ=16194.4
	global pos=0.0,0.0,16194.4  Checking overlaps for volume sol4:0 (G4Tubs) ... OK! 
BLCMDsolenoid::Construct sol4 parent= relZ=16246.9 globZ=16246.9
	global pos=0.0,0.0,16246.9  Checking overlaps for volume sol2:0 (G4Tubs) ... OK! 
BLCMDsolenoid::Construct sol2 parent= relZ=16301.9 globZ=16301.9
	global pos=0.0,0.0,16301.9  Checking overlaps for volume sol1:0 (G4Tubs) ... OK! 
BLCMDsolenoid::Construct sol1 parent= relZ=16458.1 globZ=16458.1
	global pos=0.0,0.0,16458.1  Checking overlaps for volume sol3:0 (G4Tubs) ... OK! 
BLCMDsolenoid::Construct sol3 parent= relZ=16513.1 globZ=16513.1
	global pos=0.0,0.0,16513.1  Checking overlaps for volume sol5:0 (G4Tubs) ... OK! 
BLCMDsolenoid::Construct sol5 parent= relZ=16565.6 globZ=16565.6
	global pos=0.0,0.0,16565.6  Checking overlaps for volume sol6:0 (G4Tubs) ... OK! 
BLCMDsolenoid::Construct sol6 parent= relZ=16974.4 globZ=16974.4
	global pos=0.0,0.0,16974.4  Checking overlaps for volume sol4:0 (G4Tubs) ... OK! 
BLCMDsolenoid::Construct sol4 parent= relZ=17026.9 globZ=17026.9
	global pos=0.0,0.0,17026.9  Checking overlaps for volume sol2:0 (G4Tubs) ... OK! 
BLCMDsolenoid::Construct sol2 parent= relZ=17081.9 globZ=17081.9
	global pos=0.0,0.0,17081.9  Checking overlaps for volume sol1:0 (G4Tubs) ... OK! 
BLCMDsolenoid::Construct sol1 parent= relZ=17238.1 globZ=17238.1
	global pos=0.0,0.0,17238.1  Checking overlaps for volume sol3:0 (G4Tubs) ... OK! 
BLCMDsolenoid::Construct sol3 parent= relZ=17293.1 globZ=17293.1
	global pos=0.0,0.0,17293.1  Checking overlaps for volume sol5:0 (G4Tubs) ... OK! 
BLCMDsolenoid::Construct sol5 parent= relZ=17345.6 globZ=17345.6
	global pos=0.0,0.0,17345.6  Checking overlaps for volume sol6:0 (G4Tubs) ... OK! 
BLCMDsolenoid::Construct sol6 parent= relZ=17754.4 globZ=17754.4
	global pos=0.0,0.0,17754.4  Checking overlaps for volume sol4:0 (G4Tubs) ... OK! 
BLCMDsolenoid::Construct sol4 parent= relZ=17806.9 globZ=17806.9
	global pos=0.0,0.0,17806.9  Checking overlaps for volume sol2:0 (G4Tubs) ... OK! 
BLCMDsolenoid::Construct sol2 parent= relZ=17861.9 globZ=17861.9
	global pos=0.0,0.0,17861.9  Checking overlaps for volume sol1:0 (G4Tubs) ... OK! 
BLCMDsolenoid::Construct sol1 parent= relZ=18018.1 globZ=18018.1
	global pos=0.0,0.0,18018.1  Checking overlaps for volume sol3:0 (G4Tubs) ... OK! 
BLCMDsolenoid::Construct sol3 parent= relZ=18073.1 globZ=18073.1
	global pos=0.0,0.0,18073.1  Checking overlaps for volume sol5:0 (G4Tubs) ... OK! 
BLCMDsolenoid::Construct sol5 parent= relZ=18125.6 globZ=18125.6
	global pos=0.0,0.0,18125.6  Checking overlaps for volume sol6:0 (G4Tubs) ... OK! 
BLCMDsolenoid::Construct sol6 parent= relZ=18534.4 globZ=18534.4
	global pos=0.0,0.0,18534.4  Checking overlaps for volume sol4:0 (G4Tubs) ... OK! 
BLCMDsolenoid::Construct sol4 parent= relZ=18586.9 globZ=18586.9
	global pos=0.0,0.0,18586.9  Checking overlaps for volume sol2:0 (G4Tubs) ... OK! 
BLCMDsolenoid::Construct sol2 parent= relZ=18641.9 globZ=18641.9
	global pos=0.0,0.0,18641.9  Checking overlaps for volume sol1:0 (G4Tubs) ... OK! 
BLCMDsolenoid::Construct sol1 parent= relZ=18798.1 globZ=18798.1
	global pos=0.0,0.0,18798.1  Checking overlaps for volume sol3:0 (G4Tubs) ... OK! 
BLCMDsolenoid::Construct sol3 parent= relZ=18853.1 globZ=18853.1
	global pos=0.0,0.0,18853.1  Checking overlaps for volume sol5:0 (G4Tubs) ... OK! 
BLCMDsolenoid::Construct sol5 parent= relZ=18905.6 globZ=18905.6
	global pos=0.0,0.0,18905.6  Checking overlaps for volume sol6:0 (G4Tubs) ... OK! 
BLCMDsolenoid::Construct sol6 parent= relZ=19314.4 globZ=19314.4
	global pos=0.0,0.0,19314.4  Checking overlaps for volume sol4:0 (G4Tubs) ... OK! 
BLCMDsolenoid::Construct sol4 parent= relZ=19366.9 globZ=19366.9
	global pos=0.0,0.0,19366.9  Checking overlaps for volume sol2:0 (G4Tubs) ... OK! 
BLCMDsolenoid::Construct sol2 parent= relZ=19421.9 globZ=19421.9
	global pos=0.0,0.0,19421.9  Checking overlaps for volume sol1:0 (G4Tubs) ... OK! 
BLCMDsolenoid::Construct sol1 parent= relZ=19578.1 globZ=19578.1
	global pos=0.0,0.0,19578.1  Checking overlaps for volume sol3:0 (G4Tubs) ... OK! 
BLCMDsolenoid::Construct sol3 parent= relZ=19633.1 globZ=19633.1
	global pos=0.0,0.0,19633.1  Checking overlaps for volume sol5:0 (G4Tubs) ... OK! 
BLCMDsolenoid::Construct sol5 parent= relZ=19685.6 globZ=19685.6
	global pos=0.0,0.0,19685.6  Checking overlaps for volume sol6:0 (G4Tubs) ... OK! 
BLCMDsolenoid::Construct sol6 parent= relZ=20094.4 globZ=20094.4
	global pos=0.0,0.0,20094.4  Checking overlaps for volume sol4:0 (G4Tubs) ... OK! 
BLCMDsolenoid::Construct sol4 parent= relZ=20146.9 globZ=20146.9
	global pos=0.0,0.0,20146.9  Checking overlaps for volume sol2:0 (G4Tubs) ... OK! 
BLCMDsolenoid::Construct sol2 parent= relZ=20201.9 globZ=20201.9
	global pos=0.0,0.0,20201.9  Checking overlaps for volume sol1:0 (G4Tubs) ... OK! 
BLCMDsolenoid::Construct sol1 parent= relZ=20358.1 globZ=20358.1
	global pos=0.0,0.0,20358.1  Checking overlaps for volume sol3:0 (G4Tubs) ... OK! 
BLCMDsolenoid::Construct sol3 parent= relZ=20413.1 globZ=20413.1
	global pos=0.0,0.0,20413.1  Checking overlaps for volume sol5:0 (G4Tubs) ... OK! 
BLCMDsolenoid::Construct sol5 parent= relZ=20465.6 globZ=20465.6
	global pos=0.0,0.0,20465.6  Checking overlaps for volume sol6:0 (G4Tubs) ... OK! 
BLCMDsolenoid::Construct sol6 parent= relZ=20874.4 globZ=20874.4
	global pos=0.0,0.0,20874.4  Checking overlaps for volume sol4:0 (G4Tubs) ... OK! 
BLCMDsolenoid::Construct sol4 parent= relZ=20926.9 globZ=20926.9
	global pos=0.0,0.0,20926.9  Checking overlaps for volume sol2:0 (G4Tubs) ... OK! 
BLCMDsolenoid::Construct sol2 parent= relZ=20981.9 globZ=20981.9
	global pos=0.0,0.0,20981.9  Checking overlaps for volume sol1:0 (G4Tubs) ... OK! 
BLCMDsolenoid::Construct sol1 parent= relZ=21138.1 globZ=21138.1
	global pos=0.0,0.0,21138.1  Checking overlaps for volume sol3:0 (G4Tubs) ... OK! 
BLCMDsolenoid::Construct sol3 parent= relZ=21193.1 globZ=21193.1
	global pos=0.0,0.0,21193.1  Checking overlaps for volume sol5:0 (G4Tubs) ... OK! 
BLCMDsolenoid::Construct sol5 parent= relZ=21245.6 globZ=21245.6
	global pos=0.0,0.0,21245.6  Checking overlaps for volume sol6:0 (G4Tubs) ... OK! 
BLCMDsolenoid::Construct sol6 parent= relZ=21654.4 globZ=21654.4
	global pos=0.0,0.0,21654.4  Checking overlaps for volume sol4:0 (G4Tubs) ... OK! 
BLCMDsolenoid::Construct sol4 parent= relZ=21706.9 globZ=21706.9
	global pos=0.0,0.0,21706.9  Checking overlaps for volume sol2:0 (G4Tubs) ... OK! 
BLCMDsolenoid::Construct sol2 parent= relZ=21761.9 globZ=21761.9
	global pos=0.0,0.0,21761.9  Checking overlaps for volume sol1:0 (G4Tubs) ... OK! 
BLCMDsolenoid::Construct sol1 parent= relZ=21918.1 globZ=21918.1
	global pos=0.0,0.0,21918.1  Checking overlaps for volume sol3:0 (G4Tubs) ... OK! 
BLCMDsolenoid::Construct sol3 parent= relZ=21973.1 globZ=21973.1
	global pos=0.0,0.0,21973.1  Checking overlaps for volume sol5:0 (G4Tubs) ... OK! 
BLCMDsolenoid::Construct sol5 parent= relZ=22025.6 globZ=22025.6
	global pos=0.0,0.0,22025.6  Checking overlaps for volume sol6:0 (G4Tubs) ... OK! 
BLCMDsolenoid::Construct sol6 parent= relZ=22434.4 globZ=22434.4
	global pos=0.0,0.0,22434.4  Checking overlaps for volume sol4:0 (G4Tubs) ... OK! 
BLCMDsolenoid::Construct sol4 parent= relZ=22486.9 globZ=22486.9
	global pos=0.0,0.0,22486.9  Checking overlaps for volume sol2:0 (G4Tubs) ... OK! 
BLCMDsolenoid::Construct sol2 parent= relZ=22541.9 globZ=22541.9
	global pos=0.0,0.0,22541.9  Checking overlaps for volume sol1:0 (G4Tubs) ... OK! 
BLCMDsolenoid::Construct sol1 parent= relZ=22698.1 globZ=22698.1
	global pos=0.0,0.0,22698.1  Checking overlaps for volume sol3:0 (G4Tubs) ... OK! 
BLCMDsolenoid::Construct sol3 parent= relZ=22753.1 globZ=22753.1
	global pos=0.0,0.0,22753.1  Checking overlaps for volume sol5:0 (G4Tubs) ... OK! 
BLCMDsolenoid::Construct sol5 parent= relZ=22805.6 globZ=22805.6
	global pos=0.0,0.0,22805.6  Checking overlaps for volume sol6:0 (G4Tubs) ... OK! 
BLCMDsolenoid::Construct sol6 parent= relZ=23214.4 globZ=23214.4
	global pos=0.0,0.0,23214.4  Checking overlaps for volume sol4:0 (G4Tubs) ... OK! 
BLCMDsolenoid::Construct sol4 parent= relZ=23266.9 globZ=23266.9
	global pos=0.0,0.0,23266.9  Checking overlaps for volume sol2:0 (G4Tubs) ... OK! 
BLCMDsolenoid::Construct sol2 parent= relZ=23321.9 globZ=23321.9
	global pos=0.0,0.0,23321.9  Checking overlaps for volume sol1:0 (G4Tubs) ... OK! 
BLCMDsolenoid::Construct sol1 parent= relZ=23478.1 globZ=23478.1
	global pos=0.0,0.0,23478.1  Checking overlaps for volume sol3:0 (G4Tubs) ... OK! 
BLCMDsolenoid::Construct sol3 parent= relZ=23533.1 globZ=23533.1
	global pos=0.0,0.0,23533.1  Checking overlaps for volume sol5:0 (G4Tubs) ... OK! 
BLCMDsolenoid::Construct sol5 parent= relZ=23585.6 globZ=23585.6
	global pos=0.0,0.0,23585.6  Checking overlaps for volume sol6:0 (G4Tubs) ... OK! 
BLCMDsolenoid::Construct sol6 parent= relZ=23994.4 globZ=23994.4
	global pos=0.0,0.0,23994.4  Checking overlaps for volume sol4:0 (G4Tubs) ... OK! 
BLCMDsolenoid::Construct sol4 parent= relZ=24046.9 globZ=24046.9
	global pos=0.0,0.0,24046.9  Checking overlaps for volume sol2:0 (G4Tubs) ... OK! 
BLCMDsolenoid::Construct sol2 parent= relZ=24101.9 globZ=24101.9
	global pos=0.0,0.0,24101.9  Checking overlaps for volume sol1:0 (G4Tubs) ... OK! 
BLCMDsolenoid::Construct sol1 parent= relZ=24258.1 globZ=24258.1
	global pos=0.0,0.0,24258.1  Checking overlaps for volume sol3:0 (G4Tubs) ... OK! 
BLCMDsolenoid::Construct sol3 parent= relZ=24313.1 globZ=24313.1
	global pos=0.0,0.0,24313.1  Checking overlaps for volume sol5:0 (G4Tubs) ... OK! 
BLCMDsolenoid::Construct sol5 parent= relZ=24365.6 globZ=24365.6
	global pos=0.0,0.0,24365.6  Checking overlaps for volume sol6:0 (G4Tubs) ... OK! 
BLCMDsolenoid::Construct sol6 parent= relZ=24774.4 globZ=24774.4
	global pos=0.0,0.0,24774.4  Checking overlaps for volume sol4:0 (G4Tubs) ... OK! 
BLCMDsolenoid::Construct sol4 parent= relZ=24826.9 globZ=24826.9
	global pos=0.0,0.0,24826.9  Checking overlaps for volume sol2:0 (G4Tubs) ... OK! 
BLCMDsolenoid::Construct sol2 parent= relZ=24881.9 globZ=24881.9
	global pos=0.0,0.0,24881.9  Checking overlaps for volume sol1:0 (G4Tubs) ... OK! 
BLCMDsolenoid::Construct sol1 parent= relZ=25038.1 globZ=25038.1
	global pos=0.0,0.0,25038.1  Checking overlaps for volume sol3:0 (G4Tubs) ... OK! 
BLCMDsolenoid::Construct sol3 parent= relZ=25093.1 globZ=25093.1
	global pos=0.0,0.0,25093.1  Checking overlaps for volume sol5:0 (G4Tubs) ... OK! 
BLCMDsolenoid::Construct sol5 parent= relZ=25145.6 globZ=25145.6
	global pos=0.0,0.0,25145.6  Checking overlaps for volume sol6:0 (G4Tubs) ... OK! 
BLCMDsolenoid::Construct sol6 parent= relZ=25554.4 globZ=25554.4
	global pos=0.0,0.0,25554.4  Checking overlaps for volume sol4:0 (G4Tubs) ... OK! 
BLCMDsolenoid::Construct sol4 parent= relZ=25606.9 globZ=25606.9
	global pos=0.0,0.0,25606.9  Checking overlaps for volume sol2:0 (G4Tubs) ... OK! 
BLCMDsolenoid::Construct sol2 parent= relZ=25661.9 globZ=25661.9
	global pos=0.0,0.0,25661.9  Checking overlaps for volume sol1:0 (G4Tubs) ... OK! 
BLCMDsolenoid::Construct sol1 parent= relZ=25818.1 globZ=25818.1
	global pos=0.0,0.0,25818.1  Checking overlaps for volume sol3:0 (G4Tubs) ... OK! 
BLCMDsolenoid::Construct sol3 parent= relZ=25873.1 globZ=25873.1
	global pos=0.0,0.0,25873.1  Checking overlaps for volume sol5:0 (G4Tubs) ... OK! 
BLCMDsolenoid::Construct sol5 parent= relZ=25925.6 globZ=25925.6
	global pos=0.0,0.0,25925.6  Checking overlaps for volume sol6:0 (G4Tubs) ... OK! 
BLCMDsolenoid::Construct sol6 parent= relZ=26334.4 globZ=26334.4
	global pos=0.0,0.0,26334.4  Checking overlaps for volume sol4:0 (G4Tubs) ... OK! 
BLCMDsolenoid::Construct sol4 parent= relZ=26386.9 globZ=26386.9
	global pos=0.0,0.0,26386.9  Checking overlaps for volume sol2:0 (G4Tubs) ... OK! 
BLCMDsolenoid::Construct sol2 parent= relZ=26441.9 globZ=26441.9
	global pos=0.0,0.0,26441.9  Checking overlaps for volume sol1:0 (G4Tubs) ... OK! 
BLCMDsolenoid::Construct sol1 parent= relZ=26598.1 globZ=26598.1
	global pos=0.0,0.0,26598.1  Checking overlaps for volume sol3:0 (G4Tubs) ... OK! 
BLCMDsolenoid::Construct sol3 parent= relZ=26653.1 globZ=26653.1
	global pos=0.0,0.0,26653.1  Checking overlaps for volume sol5:0 (G4Tubs) ... OK! 
BLCMDsolenoid::Construct sol5 parent= relZ=26705.6 globZ=26705.6
	global pos=0.0,0.0,26705.6  Checking overlaps for volume sol6:0 (G4Tubs) ... OK! 
BLCMDsolenoid::Construct sol6 parent= relZ=27114.4 globZ=27114.4
	global pos=0.0,0.0,27114.4  Checking overlaps for volume sol4:0 (G4Tubs) ... OK! 
BLCMDsolenoid::Construct sol4 parent= relZ=27166.9 globZ=27166.9
	global pos=0.0,0.0,27166.9  Checking overlaps for volume sol2:0 (G4Tubs) ... OK! 
BLCMDsolenoid::Construct sol2 parent= relZ=27221.9 globZ=27221.9
	global pos=0.0,0.0,27221.9  Checking overlaps for volume sol1:0 (G4Tubs) ... OK! 
BLCMDsolenoid::Construct sol1 parent= relZ=27378.1 globZ=27378.1
	global pos=0.0,0.0,27378.1  Checking overlaps for volume sol3:0 (G4Tubs) ... OK! 
BLCMDsolenoid::Construct sol3 parent= relZ=27433.1 globZ=27433.1
	global pos=0.0,0.0,27433.1  Checking overlaps for volume sol5:0 (G4Tubs) ... OK! 
BLCMDsolenoid::Construct sol5 parent= relZ=27485.6 globZ=27485.6
	global pos=0.0,0.0,27485.6  Checking overlaps for volume sol6:0 (G4Tubs) ... OK! 
BLCMDsolenoid::Construct sol6 parent= relZ=27894.4 globZ=27894.4
	global pos=0.0,0.0,27894.4  Checking overlaps for volume sol4:0 (G4Tubs) ... OK! 
BLCMDsolenoid::Construct sol4 parent= relZ=27946.9 globZ=27946.9
	global pos=0.0,0.0,27946.9  Checking overlaps for volume sol2:0 (G4Tubs) ... OK! 
BLCMDsolenoid::Construct sol2 parent= relZ=28001.9 globZ=28001.9
	global pos=0.0,0.0,28001.9  Checking overlaps for volume sol1:0 (G4Tubs) ... OK! 
BLCMDsolenoid::Construct sol1 parent= relZ=28158.1 globZ=28158.1
	global pos=0.0,0.0,28158.1  Checking overlaps for volume sol3:0 (G4Tubs) ... OK! 
BLCMDsolenoid::Construct sol3 parent= relZ=28213.1 globZ=28213.1
	global pos=0.0,0.0,28213.1  Checking overlaps for volume sol5:0 (G4Tubs) ... OK! 
BLCMDsolenoid::Construct sol5 parent= relZ=28265.6 globZ=28265.6
	global pos=0.0,0.0,28265.6  Checking overlaps for volume sol6:0 (G4Tubs) ... OK! 
BLCMDsolenoid::Construct sol6 parent= relZ=28674.4 globZ=28674.4
	global pos=0.0,0.0,28674.4  Checking overlaps for volume sol4:0 (G4Tubs) ... OK! 
BLCMDsolenoid::Construct sol4 parent= relZ=28726.9 globZ=28726.9
	global pos=0.0,0.0,28726.9  Checking overlaps for volume sol2:0 (G4Tubs) ... OK! 
BLCMDsolenoid::Construct sol2 parent= relZ=28781.9 globZ=28781.9
	global pos=0.0,0.0,28781.9  Checking overlaps for volume sol1:0 (G4Tubs) ... OK! 
BLCMDsolenoid::Construct sol1 parent= relZ=28938.1 globZ=28938.1
	global pos=0.0,0.0,28938.1  Checking overlaps for volume sol3:0 (G4Tubs) ... OK! 
BLCMDsolenoid::Construct sol3 parent= relZ=28993.1 globZ=28993.1
	global pos=0.0,0.0,28993.1  Checking overlaps for volume sol5:0 (G4Tubs) ... OK! 
BLCMDsolenoid::Construct sol5 parent= relZ=29045.6 globZ=29045.6
	global pos=0.0,0.0,29045.6  Checking overlaps for volume sol6:0 (G4Tubs) ... OK! 
BLCMDsolenoid::Construct sol6 parent= relZ=29454.4 globZ=29454.4
	global pos=0.0,0.0,29454.4  Checking overlaps for volume sol4:0 (G4Tubs) ... OK! 
BLCMDsolenoid::Construct sol4 parent= relZ=29506.9 globZ=29506.9
	global pos=0.0,0.0,29506.9  Checking overlaps for volume sol2:0 (G4Tubs) ... OK! 
BLCMDsolenoid::Construct sol2 parent= relZ=29561.9 globZ=29561.9
	global pos=0.0,0.0,29561.9  Checking overlaps for volume sol1:0 (G4Tubs) ... OK! 
BLCMDsolenoid::Construct sol1 parent= relZ=29718.1 globZ=29718.1
	global pos=0.0,0.0,29718.1  Checking overlaps for volume sol3:0 (G4Tubs) ... OK! 
BLCMDsolenoid::Construct sol3 parent= relZ=29773.1 globZ=29773.1
	global pos=0.0,0.0,29773.1  Checking overlaps for volume sol5:0 (G4Tubs) ... OK! 
BLCMDsolenoid::Construct sol5 parent= relZ=29825.6 globZ=29825.6
	global pos=0.0,0.0,29825.6  Checking overlaps for volume sol6:0 (G4Tubs) ... OK! 
BLCMDsolenoid::Construct sol6 parent= relZ=30234.4 globZ=30234.4
	global pos=0.0,0.0,30234.4  Checking overlaps for volume sol4:0 (G4Tubs) ... OK! 
BLCMDsolenoid::Construct sol4 parent= relZ=30286.9 globZ=30286.9
	global pos=0.0,0.0,30286.9  Checking overlaps for volume sol2:0 (G4Tubs) ... OK! 
BLCMDsolenoid::Construct sol2 parent= relZ=30341.9 globZ=30341.9
	global pos=0.0,0.0,30341.9  Checking overlaps for volume sol1:0 (G4Tubs) ... OK! 
BLCMDsolenoid::Construct sol1 parent= relZ=30498.1 globZ=30498.1
	global pos=0.0,0.0,30498.1  Checking overlaps for volume sol3:0 (G4Tubs) ... OK! 
BLCMDsolenoid::Construct sol3 parent= relZ=30553.1 globZ=30553.1
	global pos=0.0,0.0,30553.1  Checking overlaps for volume sol5:0 (G4Tubs) ... OK! 
BLCMDsolenoid::Construct sol5 parent= relZ=30605.6 globZ=30605.6
	global pos=0.0,0.0,30605.6  Checking overlaps for volume sol6:0 (G4Tubs) ... OK! 
BLCMDsolenoid::Construct sol6 parent= relZ=31014.4 globZ=31014.4
	global pos=0.0,0.0,31014.4  Checking overlaps for volume sol4:0 (G4Tubs) ... OK! 
BLCMDsolenoid::Construct sol4 parent= relZ=31066.9 globZ=31066.9
	global pos=0.0,0.0,31066.9  Checking overlaps for volume sol2:0 (G4Tubs) ... OK! 
BLCMDsolenoid::Construct sol2 parent= relZ=31121.9 globZ=31121.9
	global pos=0.0,0.0,31121.9  Checking overlaps for volume sol1:0 (G4Tubs) ... OK! 
BLCMDsolenoid::Construct sol1 parent= relZ=31278.1 globZ=31278.1
	global pos=0.0,0.0,31278.1  Checking overlaps for volume sol3:0 (G4Tubs) ... OK! 
BLCMDsolenoid::Construct sol3 parent= relZ=31333.1 globZ=31333.1
	global pos=0.0,0.0,31333.1  Checking overlaps for volume sol5:0 (G4Tubs) ... OK! 
BLCMDsolenoid::Construct sol5 parent= relZ=31385.6 globZ=31385.6
	global pos=0.0,0.0,31385.6  Checking overlaps for volume sol6:0 (G4Tubs) ... OK! 
BLCMDsolenoid::Construct sol6 parent= relZ=31794.4 globZ=31794.4
	global pos=0.0,0.0,31794.4  Checking overlaps for volume sol4:0 (G4Tubs) ... OK! 
BLCMDsolenoid::Construct sol4 parent= relZ=31846.9 globZ=31846.9
	global pos=0.0,0.0,31846.9  Checking overlaps for volume sol2:0 (G4Tubs) ... OK! 
BLCMDsolenoid::Construct sol2 parent= relZ=31901.9 globZ=31901.9
	global pos=0.0,0.0,31901.9  Checking overlaps for volume sol1:0 (G4Tubs) ... OK! 
BLCMDsolenoid::Construct sol1 parent= relZ=32058.1 globZ=32058.1
	global pos=0.0,0.0,32058.1  Checking overlaps for volume sol3:0 (G4Tubs) ... OK! 
BLCMDsolenoid::Construct sol3 parent= relZ=32113.1 globZ=32113.1
	global pos=0.0,0.0,32113.1  Checking overlaps for volume sol5:0 (G4Tubs) ... OK! 
BLCMDsolenoid::Construct sol5 parent= relZ=32165.6 globZ=32165.6
	global pos=0.0,0.0,32165.6  Checking overlaps for volume sol6:0 (G4Tubs) ... OK! 
BLCMDsolenoid::Construct sol6 parent= relZ=32574.4 globZ=32574.4
	global pos=0.0,0.0,32574.4  Checking overlaps for volume sol4:0 (G4Tubs) ... OK! 
BLCMDsolenoid::Construct sol4 parent= relZ=32626.9 globZ=32626.9
	global pos=0.0,0.0,32626.9  Checking overlaps for volume sol2:0 (G4Tubs) ... OK! 
BLCMDsolenoid::Construct sol2 parent= relZ=32681.9 globZ=32681.9
	global pos=0.0,0.0,32681.9  Checking overlaps for volume sol1:0 (G4Tubs) ... OK! 
BLCMDsolenoid::Construct sol1 parent= relZ=32838.1 globZ=32838.1
	global pos=0.0,0.0,32838.1  Checking overlaps for volume sol3:0 (G4Tubs) ... OK! 
BLCMDsolenoid::Construct sol3 parent= relZ=32893.1 globZ=32893.1
	global pos=0.0,0.0,32893.1  Checking overlaps for volume sol5:0 (G4Tubs) ... OK! 
BLCMDsolenoid::Construct sol5 parent= relZ=32945.6 globZ=32945.6
	global pos=0.0,0.0,32945.6  Checking overlaps for volume sol6:0 (G4Tubs) ... OK! 
BLCMDsolenoid::Construct sol6 parent= relZ=33354.4 globZ=33354.4
	global pos=0.0,0.0,33354.4  Checking overlaps for volume sol4:0 (G4Tubs) ... OK! 
BLCMDsolenoid::Construct sol4 parent= relZ=33406.9 globZ=33406.9
	global pos=0.0,0.0,33406.9  Checking overlaps for volume sol2:0 (G4Tubs) ... OK! 
BLCMDsolenoid::Construct sol2 parent= relZ=33461.9 globZ=33461.9
	global pos=0.0,0.0,33461.9  Checking overlaps for volume sol1:0 (G4Tubs) ... OK! 
BLCMDsolenoid::Construct sol1 parent= relZ=33618.1 globZ=33618.1
	global pos=0.0,0.0,33618.1  Checking overlaps for volume sol3:0 (G4Tubs) ... OK! 
BLCMDsolenoid::Construct sol3 parent= relZ=33673.1 globZ=33673.1
	global pos=0.0,0.0,33673.1  Checking overlaps for volume sol5:0 (G4Tubs) ... OK! 
BLCMDsolenoid::Construct sol5 parent= relZ=33725.6 globZ=33725.6
	global pos=0.0,0.0,33725.6  Checking overlaps for volume sol6:0 (G4Tubs) ... OK! 
BLCMDsolenoid::Construct sol6 parent= relZ=34134.4 globZ=34134.4
	global pos=0.0,0.0,34134.4  Checking overlaps for volume sol4:0 (G4Tubs) ... OK! 
BLCMDsolenoid::Construct sol4 parent= relZ=34186.9 globZ=34186.9
	global pos=0.0,0.0,34186.9  Checking overlaps for volume sol2:0 (G4Tubs) ... OK! 
BLCMDsolenoid::Construct sol2 parent= relZ=34241.9 globZ=34241.9
	global pos=0.0,0.0,34241.9  Checking overlaps for volume sol1:0 (G4Tubs) ... OK! 
BLCMDsolenoid::Construct sol1 parent= relZ=34398.1 globZ=34398.1
	global pos=0.0,0.0,34398.1  Checking overlaps for volume sol3:0 (G4Tubs) ... OK! 
BLCMDsolenoid::Construct sol3 parent= relZ=34453.1 globZ=34453.1
	global pos=0.0,0.0,34453.1  Checking overlaps for volume sol5:0 (G4Tubs) ... OK! 
BLCMDsolenoid::Construct sol5 parent= relZ=34505.6 globZ=34505.6
	global pos=0.0,0.0,34505.6  Checking overlaps for volume sol6:0 (G4Tubs) ... OK! 
BLCMDsolenoid::Construct sol6 parent= relZ=34914.4 globZ=34914.4
	global pos=0.0,0.0,34914.4  Checking overlaps for volume sol4:0 (G4Tubs) ... OK! 
BLCMDsolenoid::Construct sol4 parent= relZ=34966.9 globZ=34966.9
	global pos=0.0,0.0,34966.9  Checking overlaps for volume sol2:0 (G4Tubs) ... OK! 
BLCMDsolenoid::Construct sol2 parent= relZ=35021.9 globZ=35021.9
	global pos=0.0,0.0,35021.9  Checking overlaps for volume sol1:0 (G4Tubs) ... OK! 
BLCMDsolenoid::Construct sol1 parent= relZ=35178.1 globZ=35178.1
	global pos=0.0,0.0,35178.1  Checking overlaps for volume sol3:0 (G4Tubs) ... OK! 
BLCMDsolenoid::Construct sol3 parent= relZ=35233.1 globZ=35233.1
	global pos=0.0,0.0,35233.1  Checking overlaps for volume sol5:0 (G4Tubs) ... OK! 
BLCMDsolenoid::Construct sol5 parent= relZ=35285.6 globZ=35285.6
	global pos=0.0,0.0,35285.6  Checking overlaps for volume sol6:0 (G4Tubs) ... OK! 
BLCMDsolenoid::Construct sol6 parent= relZ=35694.4 globZ=35694.4
	global pos=0.0,0.0,35694.4  Checking overlaps for volume sol4:0 (G4Tubs) ... OK! 
BLCMDsolenoid::Construct sol4 parent= relZ=35746.9 globZ=35746.9
	global pos=0.0,0.0,35746.9  Checking overlaps for volume sol2:0 (G4Tubs) ... OK! 
BLCMDsolenoid::Construct sol2 parent= relZ=35801.9 globZ=35801.9
	global pos=0.0,0.0,35801.9  Checking overlaps for volume sol1:0 (G4Tubs) ... OK! 
BLCMDsolenoid::Construct sol1 parent= relZ=35958.1 globZ=35958.1
	global pos=0.0,0.0,35958.1  Checking overlaps for volume sol3:0 (G4Tubs) ... OK! 
BLCMDsolenoid::Construct sol3 parent= relZ=36013.1 globZ=36013.1
	global pos=0.0,0.0,36013.1  Checking overlaps for volume sol5:0 (G4Tubs) ... OK! 
BLCMDsolenoid::Construct sol5 parent= relZ=36065.6 globZ=36065.6
	global pos=0.0,0.0,36065.6  Checking overlaps for volume sol6:0 (G4Tubs) ... OK! 
BLCMDsolenoid::Construct sol6 parent= relZ=36474.4 globZ=36474.4
	global pos=0.0,0.0,36474.4  Checking overlaps for volume sol4:0 (G4Tubs) ... OK! 
BLCMDsolenoid::Construct sol4 parent= relZ=36526.9 globZ=36526.9
	global pos=0.0,0.0,36526.9  Checking overlaps for volume sol2:0 (G4Tubs) ... OK! 
BLCMDsolenoid::Construct sol2 parent= relZ=36581.9 globZ=36581.9
	global pos=0.0,0.0,36581.9  Checking overlaps for volume sol1:0 (G4Tubs) ... OK! 
BLCMDsolenoid::Construct sol1 parent= relZ=36738.1 globZ=36738.1
	global pos=0.0,0.0,36738.1  Checking overlaps for volume sol3:0 (G4Tubs) ... OK! 
BLCMDsolenoid::Construct sol3 parent= relZ=36793.1 globZ=36793.1
	global pos=0.0,0.0,36793.1  Checking overlaps for volume sol5:0 (G4Tubs) ... OK! 
BLCMDsolenoid::Construct sol5 parent= relZ=36845.6 globZ=36845.6
	global pos=0.0,0.0,36845.6  Checking overlaps for volume sol6:0 (G4Tubs) ... OK! 
BLCMDsolenoid::Construct sol6 parent= relZ=37254.4 globZ=37254.4
	global pos=0.0,0.0,37254.4  Checking overlaps for volume sol4:0 (G4Tubs) ... OK! 
BLCMDsolenoid::Construct sol4 parent= relZ=37306.9 globZ=37306.9
	global pos=0.0,0.0,37306.9  Checking overlaps for volume sol2:0 (G4Tubs) ... OK! 
BLCMDsolenoid::Construct sol2 parent= relZ=37361.9 globZ=37361.9
	global pos=0.0,0.0,37361.9  Checking overlaps for volume sol1:0 (G4Tubs) ... OK! 
BLCMDsolenoid::Construct sol1 parent= relZ=37518.1 globZ=37518.1
	global pos=0.0,0.0,37518.1  Checking overlaps for volume sol3:0 (G4Tubs) ... OK! 
BLCMDsolenoid::Construct sol3 parent= relZ=37573.1 globZ=37573.1
	global pos=0.0,0.0,37573.1  Checking overlaps for volume sol5:0 (G4Tubs) ... OK! 
BLCMDsolenoid::Construct sol5 parent= relZ=37625.6 globZ=37625.6
	global pos=0.0,0.0,37625.6  Checking overlaps for volume sol6:0 (G4Tubs) ... OK! 
BLCMDsolenoid::Construct sol6 parent= relZ=38034.4 globZ=38034.4
	global pos=0.0,0.0,38034.4  Checking overlaps for volume sol4:0 (G4Tubs) ... OK! 
BLCMDsolenoid::Construct sol4 parent= relZ=38086.9 globZ=38086.9
	global pos=0.0,0.0,38086.9  Checking overlaps for volume sol2:0 (G4Tubs) ... OK! 
BLCMDsolenoid::Construct sol2 parent= relZ=38141.9 globZ=38141.9
	global pos=0.0,0.0,38141.9  Checking overlaps for volume sol1:0 (G4Tubs) ... OK! 
BLCMDsolenoid::Construct sol1 parent= relZ=38298.1 globZ=38298.1
	global pos=0.0,0.0,38298.1  Checking overlaps for volume sol3:0 (G4Tubs) ... OK! 
BLCMDsolenoid::Construct sol3 parent= relZ=38353.1 globZ=38353.1
	global pos=0.0,0.0,38353.1  Checking overlaps for volume sol5:0 (G4Tubs) ... OK! 
BLCMDsolenoid::Construct sol5 parent= relZ=38405.6 globZ=38405.6
	global pos=0.0,0.0,38405.6  Checking overlaps for volume sol6:0 (G4Tubs) ... OK! 
BLCMDsolenoid::Construct sol6 parent= relZ=38814.4 globZ=38814.4
	global pos=0.0,0.0,38814.4  Checking overlaps for volume sol4:0 (G4Tubs) ... OK! 
BLCMDsolenoid::Construct sol4 parent= relZ=38866.9 globZ=38866.9
	global pos=0.0,0.0,38866.9  Checking overlaps for volume sol2:0 (G4Tubs) ... OK! 
BLCMDsolenoid::Construct sol2 parent= relZ=38921.9 globZ=38921.9
	global pos=0.0,0.0,38921.9  Checking overlaps for volume sol1:0 (G4Tubs) ... OK! 
BLCMDsolenoid::Construct sol1 parent= relZ=39078.1 globZ=39078.1
	global pos=0.0,0.0,39078.1  Checking overlaps for volume sol3:0 (G4Tubs) ... OK! 
BLCMDsolenoid::Construct sol3 parent= relZ=39133.1 globZ=39133.1
	global pos=0.0,0.0,39133.1  Checking overlaps for volume sol5:0 (G4Tubs) ... OK! 
BLCMDsolenoid::Construct sol5 parent= relZ=39185.6 globZ=39185.6
	global pos=0.0,0.0,39185.6  Checking overlaps for volume sol6:0 (G4Tubs) ... OK! 
BLCMDsolenoid::Construct sol6 parent= relZ=39594.4 globZ=39594.4
	global pos=0.0,0.0,39594.4  Checking overlaps for volume sol4:0 (G4Tubs) ... OK! 
BLCMDsolenoid::Construct sol4 parent= relZ=39646.9 globZ=39646.9
	global pos=0.0,0.0,39646.9  Checking overlaps for volume sol2:0 (G4Tubs) ... OK! 
BLCMDsolenoid::Construct sol2 parent= relZ=39701.9 globZ=39701.9
	global pos=0.0,0.0,39701.9  Checking overlaps for volume sol1:0 (G4Tubs) ... OK! 
BLCMDsolenoid::Construct sol1 parent= relZ=39858.1 globZ=39858.1
	global pos=0.0,0.0,39858.1  Checking overlaps for volume sol3:0 (G4Tubs) ... OK! 
BLCMDsolenoid::Construct sol3 parent= relZ=39913.1 globZ=39913.1
	global pos=0.0,0.0,39913.1  Checking overlaps for volume sol5:0 (G4Tubs) ... OK! 
BLCMDsolenoid::Construct sol5 parent= relZ=39965.6 globZ=39965.6
	global pos=0.0,0.0,39965.6  Checking overlaps for volume sol6:0 (G4Tubs) ... OK! 
BLCMDsolenoid::Construct sol6 parent= relZ=40374.4 globZ=40374.4
	global pos=0.0,0.0,40374.4  Checking overlaps for volume sol4:0 (G4Tubs) ... OK! 
BLCMDsolenoid::Construct sol4 parent= relZ=40426.9 globZ=40426.9
	global pos=0.0,0.0,40426.9  Checking overlaps for volume sol2:0 (G4Tubs) ... OK! 
BLCMDsolenoid::Construct sol2 parent= relZ=40481.9 globZ=40481.9
	global pos=0.0,0.0,40481.9  Checking overlaps for volume sol1:0 (G4Tubs) ... OK! 
BLCMDsolenoid::Construct sol1 parent= relZ=40638.1 globZ=40638.1
	global pos=0.0,0.0,40638.1  Checking overlaps for volume sol3:0 (G4Tubs) ... OK! 
BLCMDsolenoid::Construct sol3 parent= relZ=40693.1 globZ=40693.1
	global pos=0.0,0.0,40693.1  Checking overlaps for volume sol5:0 (G4Tubs) ... OK! 
BLCMDsolenoid::Construct sol5 parent= relZ=40745.6 globZ=40745.6
	global pos=0.0,0.0,40745.6  Checking overlaps for volume sol6:0 (G4Tubs) ... OK! 
BLCMDsolenoid::Construct sol6 parent= relZ=41154.4 globZ=41154.4
	global pos=0.0,0.0,41154.4  Checking overlaps for volume sol4:0 (G4Tubs) ... OK! 
BLCMDsolenoid::Construct sol4 parent= relZ=41206.9 globZ=41206.9
	global pos=0.0,0.0,41206.9  Checking overlaps for volume sol2:0 (G4Tubs) ... OK! 
BLCMDsolenoid::Construct sol2 parent= relZ=41261.9 globZ=41261.9
	global pos=0.0,0.0,41261.9  Checking overlaps for volume sol1:0 (G4Tubs) ... OK! 
BLCMDsolenoid::Construct sol1 parent= relZ=41418.1 globZ=41418.1
	global pos=0.0,0.0,41418.1  Checking overlaps for volume sol3:0 (G4Tubs) ... OK! 
BLCMDsolenoid::Construct sol3 parent= relZ=41473.1 globZ=41473.1
	global pos=0.0,0.0,41473.1  Checking overlaps for volume sol5:0 (G4Tubs) ... OK! 
BLCMDsolenoid::Construct sol5 parent= relZ=41525.6 globZ=41525.6
	global pos=0.0,0.0,41525.6  Checking overlaps for volume sol6:0 (G4Tubs) ... OK! 
BLCMDsolenoid::Construct sol6 parent= relZ=41934.4 globZ=41934.4
	global pos=0.0,0.0,41934.4  Checking overlaps for volume sol4:0 (G4Tubs) ... OK! 
BLCMDsolenoid::Construct sol4 parent= relZ=41986.9 globZ=41986.9
	global pos=0.0,0.0,41986.9  Checking overlaps for volume sol2:0 (G4Tubs) ... OK! 
BLCMDsolenoid::Construct sol2 parent= relZ=42041.9 globZ=42041.9
	global pos=0.0,0.0,42041.9  Checking overlaps for volume sol1:0 (G4Tubs) ... OK! 
BLCMDsolenoid::Construct sol1 parent= relZ=42198.1 globZ=42198.1
	global pos=0.0,0.0,42198.1  Checking overlaps for volume sol3:0 (G4Tubs) ... OK! 
BLCMDsolenoid::Construct sol3 parent= relZ=42253.1 globZ=42253.1
	global pos=0.0,0.0,42253.1  Checking overlaps for volume sol5:0 (G4Tubs) ... OK! 
BLCMDsolenoid::Construct sol5 parent= relZ=42305.6 globZ=42305.6
	global pos=0.0,0.0,42305.6  Checking overlaps for volume sol6:0 (G4Tubs) ... OK! 
BLCMDsolenoid::Construct sol6 parent= relZ=42714.4 globZ=42714.4
	global pos=0.0,0.0,42714.4  Checking overlaps for volume sol4:0 (G4Tubs) ... OK! 
BLCMDsolenoid::Construct sol4 parent= relZ=42766.9 globZ=42766.9
	global pos=0.0,0.0,42766.9  Checking overlaps for volume sol2:0 (G4Tubs) ... OK! 
BLCMDsolenoid::Construct sol2 parent= relZ=42821.9 globZ=42821.9
	global pos=0.0,0.0,42821.9  Checking overlaps for volume sol1:0 (G4Tubs) ... OK! 
BLCMDsolenoid::Construct sol1 parent= relZ=42978.1 globZ=42978.1
	global pos=0.0,0.0,42978.1  Checking overlaps for volume sol3:0 (G4Tubs) ... OK! 
BLCMDsolenoid::Construct sol3 parent= relZ=43033.1 globZ=43033.1
	global pos=0.0,0.0,43033.1  Checking overlaps for volume sol5:0 (G4Tubs) ... OK! 
BLCMDsolenoid::Construct sol5 parent= relZ=43085.6 globZ=43085.6
	global pos=0.0,0.0,43085.6  Checking overlaps for volume sol6:0 (G4Tubs) ... OK! 
BLCMDsolenoid::Construct sol6 parent= relZ=43494.4 globZ=43494.4
	global pos=0.0,0.0,43494.4  Checking overlaps for volume sol4:0 (G4Tubs) ... OK! 
BLCMDsolenoid::Construct sol4 parent= relZ=43546.9 globZ=43546.9
	global pos=0.0,0.0,43546.9  Checking overlaps for volume sol2:0 (G4Tubs) ... OK! 
BLCMDsolenoid::Construct sol2 parent= relZ=43601.9 globZ=43601.9
	global pos=0.0,0.0,43601.9  Checking overlaps for volume sol1:0 (G4Tubs) ... OK! 
BLCMDsolenoid::Construct sol1 parent= relZ=43758.1 globZ=43758.1
	global pos=0.0,0.0,43758.1  Checking overlaps for volume sol3:0 (G4Tubs) ... OK! 
BLCMDsolenoid::Construct sol3 parent= relZ=43813.1 globZ=43813.1
	global pos=0.0,0.0,43813.1  Checking overlaps for volume sol5:0 (G4Tubs) ... OK! 
BLCMDsolenoid::Construct sol5 parent= relZ=43865.6 globZ=43865.6
	global pos=0.0,0.0,43865.6  Checking overlaps for volume sol6:0 (G4Tubs) ... OK! 
BLCMDsolenoid::Construct sol6 parent= relZ=44274.4 globZ=44274.4
	global pos=0.0,0.0,44274.4  Checking overlaps for volume sol4:0 (G4Tubs) ... OK! 
BLCMDsolenoid::Construct sol4 parent= relZ=44326.9 globZ=44326.9
	global pos=0.0,0.0,44326.9  Checking overlaps for volume sol2:0 (G4Tubs) ... OK! 
BLCMDsolenoid::Construct sol2 parent= relZ=44381.9 globZ=44381.9
	global pos=0.0,0.0,44381.9  Checking overlaps for volume sol1:0 (G4Tubs) ... OK! 
BLCMDsolenoid::Construct sol1 parent= relZ=44538.1 globZ=44538.1
	global pos=0.0,0.0,44538.1  Checking overlaps for volume sol3:0 (G4Tubs) ... OK! 
BLCMDsolenoid::Construct sol3 parent= relZ=44593.1 globZ=44593.1
	global pos=0.0,0.0,44593.1  Checking overlaps for volume sol5:0 (G4Tubs) ... OK! 
BLCMDsolenoid::Construct sol5 parent= relZ=44645.6 globZ=44645.6
	global pos=0.0,0.0,44645.6  Checking overlaps for volume sol6:0 (G4Tubs) ... OK! 
BLCMDsolenoid::Construct sol6 parent= relZ=45054.4 globZ=45054.4
	global pos=0.0,0.0,45054.4  Checking overlaps for volume sol4:0 (G4Tubs) ... OK! 
BLCMDsolenoid::Construct sol4 parent= relZ=45106.9 globZ=45106.9
	global pos=0.0,0.0,45106.9  Checking overlaps for volume sol2:0 (G4Tubs) ... OK! 
BLCMDsolenoid::Construct sol2 parent= relZ=45161.9 globZ=45161.9
	global pos=0.0,0.0,45161.9  Checking overlaps for volume sol1:0 (G4Tubs) ... OK! 
BLCMDsolenoid::Construct sol1 parent= relZ=45318.1 globZ=45318.1
	global pos=0.0,0.0,45318.1  Checking overlaps for volume sol3:0 (G4Tubs) ... OK! 
BLCMDsolenoid::Construct sol3 parent= relZ=45373.1 globZ=45373.1
	global pos=0.0,0.0,45373.1  Checking overlaps for volume sol5:0 (G4Tubs) ... OK! 
BLCMDsolenoid::Construct sol5 parent= relZ=45425.6 globZ=45425.6
	global pos=0.0,0.0,45425.6  Checking overlaps for volume sol6:0 (G4Tubs) ... OK! 
BLCMDsolenoid::Construct sol6 parent= relZ=45834.4 globZ=45834.4
	global pos=0.0,0.0,45834.4  Checking overlaps for volume sol4:0 (G4Tubs) ... OK! 
BLCMDsolenoid::Construct sol4 parent= relZ=45886.9 globZ=45886.9
	global pos=0.0,0.0,45886.9  Checking overlaps for volume sol2:0 (G4Tubs) ... OK! 
BLCMDsolenoid::Construct sol2 parent= relZ=45941.9 globZ=45941.9
	global pos=0.0,0.0,45941.9  Checking overlaps for volume sol1:0 (G4Tubs) ... OK! 
BLCMDsolenoid::Construct sol1 parent= relZ=46098.1 globZ=46098.1
	global pos=0.0,0.0,46098.1  Checking overlaps for volume sol3:0 (G4Tubs) ... OK! 
BLCMDsolenoid::Construct sol3 parent= relZ=46153.1 globZ=46153.1
	global pos=0.0,0.0,46153.1  Checking overlaps for volume sol5:0 (G4Tubs) ... OK! 
BLCMDsolenoid::Construct sol5 parent= relZ=46205.6 globZ=46205.6
	global pos=0.0,0.0,46205.6  Checking overlaps for volume sol6:0 (G4Tubs) ... OK! 
BLCMDsolenoid::Construct sol6 parent= relZ=46614.4 globZ=46614.4
	global pos=0.0,0.0,46614.4  Checking overlaps for volume sol4:0 (G4Tubs) ... OK! 
BLCMDsolenoid::Construct sol4 parent= relZ=46666.9 globZ=46666.9
	global pos=0.0,0.0,46666.9  Checking overlaps for volume sol2:0 (G4Tubs) ... OK! 
BLCMDsolenoid::Construct sol2 parent= relZ=46721.9 globZ=46721.9
	global pos=0.0,0.0,46721.9  Checking overlaps for volume sol1:0 (G4Tubs) ... OK! 
BLCMDsolenoid::Construct sol1 parent= relZ=46878.1 globZ=46878.1
	global pos=0.0,0.0,46878.1  Checking overlaps for volume sol3:0 (G4Tubs) ... OK! 
BLCMDsolenoid::Construct sol3 parent= relZ=46933.1 globZ=46933.1
	global pos=0.0,0.0,46933.1  Checking overlaps for volume sol5:0 (G4Tubs) ... OK! 
BLCMDsolenoid::Construct sol5 parent= relZ=46985.6 globZ=46985.6
	global pos=0.0,0.0,46985.6  Checking overlaps for volume sol6:0 (G4Tubs) ... OK! 
BLCMDsolenoid::Construct sol6 parent= relZ=47394.4 globZ=47394.4
	global pos=0.0,0.0,47394.4  Checking overlaps for volume sol4:0 (G4Tubs) ... OK! 
BLCMDsolenoid::Construct sol4 parent= relZ=47446.9 globZ=47446.9
	global pos=0.0,0.0,47446.9  Checking overlaps for volume sol2:0 (G4Tubs) ... OK! 
BLCMDsolenoid::Construct sol2 parent= relZ=47501.9 globZ=47501.9
	global pos=0.0,0.0,47501.9  BLCMDgenericbend::Construct solbend_a_-2 parent= relZ=-1482.0 globZ=-1482.0
	zmin=-1532.0 zmax=-1432.0
BLCMDgenericbend::Construct solbend_b_-2 parent= relZ=-858.0 globZ=-858.0
	zmin=-908.0 zmax=-808.0
BLCMDgenericbend::Construct solbend_a_-1 parent= relZ=-702.0 globZ=-702.0
	zmin=-752.0 zmax=-652.0
BLCMDgenericbend::Construct solbend_b_-1 parent= relZ=-78.0 globZ=-78.0
	zmin=-128.0 zmax=-28.0
BLCMDgenericbend::Construct solbend_a_0 parent= relZ=78.0 globZ=78.0
	zmin=28.0 zmax=128.0
BLCMDgenericbend::Construct solbend_b_0 parent= relZ=702.0 globZ=702.0
	zmin=652.0 zmax=752.0
BLCMDgenericbend::Construct solbend_a_1 parent= relZ=858.0 globZ=858.0
	zmin=808.0 zmax=908.0
BLCMDgenericbend::Construct solbend_b_1 parent= relZ=1482.0 globZ=1482.0
	zmin=1432.0 zmax=1532.0
BLCMDgenericbend::Construct solbend_a_2 parent= relZ=1638.0 globZ=1638.0
	zmin=1588.0 zmax=1688.0
BLCMDgenericbend::Construct solbend_b_2 parent= relZ=2262.0 globZ=2262.0
	zmin=2212.0 zmax=2312.0
BLCMDgenericbend::Construct solbend_a_3 parent= relZ=2418.0 globZ=2418.0
	zmin=2368.0 zmax=2468.0
BLCMDgenericbend::Construct solbend_b_3 parent= relZ=3042.0 globZ=3042.0
	zmin=2992.0 zmax=3092.0
BLCMDgenericbend::Construct solbend_a_4 parent= relZ=3198.0 globZ=3198.0
	zmin=3148.0 zmax=3248.0
BLCMDgenericbend::Construct solbend_b_4 parent= relZ=3822.0 globZ=3822.0
	zmin=3772.0 zmax=3872.0
BLCMDgenericbend::Construct solbend_a_5 parent= relZ=3978.0 globZ=3978.0
	zmin=3928.0 zmax=4028.0
BLCMDgenericbend::Construct solbend_b_5 parent= relZ=4602.0 globZ=4602.0
	zmin=4552.0 zmax=4652.0
BLCMDgenericbend::Construct solbend_a_6 parent= relZ=4758.0 globZ=4758.0
	zmin=4708.0 zmax=4808.0
BLCMDgenericbend::Construct solbend_b_6 parent= relZ=5382.0 globZ=5382.0
	zmin=5332.0 zmax=5432.0
BLCMDgenericbend::Construct solbend_a_7 parent= relZ=5538.0 globZ=5538.0
	zmin=5488.0 zmax=5588.0
BLCMDgenericbend::Construct solbend_b_7 parent= relZ=6162.0 globZ=6162.0
	zmin=6112.0 zmax=6212.0
BLCMDgenericbend::Construct solbend_a_8 parent= relZ=6318.0 globZ=6318.0
	zmin=6268.0 zmax=6368.0
BLCMDgenericbend::Construct solbend_b_8 parent= relZ=6942.0 globZ=6942.0
	zmin=6892.0 zmax=6992.0
BLCMDgenericbend::Construct solbend_a_9 parent= relZ=7098.0 globZ=7098.0
	zmin=7048.0 zmax=7148.0
BLCMDgenericbend::Construct solbend_b_9 parent= relZ=7722.0 globZ=7722.0
	zmin=7672.0 zmax=7772.0
BLCMDgenericbend::Construct solbend_a_10 parent= relZ=7878.0 globZ=7878.0
	zmin=7828.0 zmax=7928.0
BLCMDgenericbend::Construct solbend_b_10 parent= relZ=8502.0 globZ=8502.0
	zmin=8452.0 zmax=8552.0
BLCMDgenericbend::Construct solbend_a_11 parent= relZ=8658.0 globZ=8658.0
	zmin=8608.0 zmax=8708.0
BLCMDgenericbend::Construct solbend_b_11 parent= relZ=9282.0 globZ=9282.0
	zmin=9232.0 zmax=9332.0
BLCMDgenericbend::Construct solbend_a_12 parent= relZ=9438.0 globZ=9438.0
	zmin=9388.0 zmax=9488.0
BLCMDgenericbend::Construct solbend_b_12 parent= relZ=10062.0 globZ=10062.0
	zmin=10012.0 zmax=10112.0
BLCMDgenericbend::Construct solbend_a_13 parent= relZ=10218.0 globZ=10218.0
	zmin=10168.0 zmax=10268.0
BLCMDgenericbend::Construct solbend_b_13 parent= relZ=10842.0 globZ=10842.0
	zmin=10792.0 zmax=10892.0
BLCMDgenericbend::Construct solbend_a_14 parent= relZ=10998.0 globZ=10998.0
	zmin=10948.0 zmax=11048.0
BLCMDgenericbend::Construct solbend_b_14 parent= relZ=11622.0 globZ=11622.0
	zmin=11572.0 zmax=11672.0
BLCMDgenericbend::Construct solbend_a_15 parent= relZ=11778.0 globZ=11778.0
	zmin=11728.0 zmax=11828.0
BLCMDgenericbend::Construct solbend_b_15 parent= relZ=12402.0 globZ=12402.0
	zmin=12352.0 zmax=12452.0
BLCMDgenericbend::Construct solbend_a_16 parent= relZ=12558.0 globZ=12558.0
	zmin=12508.0 zmax=12608.0
BLCMDgenericbend::Construct solbend_b_16 parent= relZ=13182.0 globZ=13182.0
	zmin=13132.0 zmax=13232.0
BLCMDgenericbend::Construct solbend_a_17 parent= relZ=13338.0 globZ=13338.0
	zmin=13288.0 zmax=13388.0
BLCMDgenericbend::Construct solbend_b_17 parent= relZ=13962.0 globZ=13962.0
	zmin=13912.0 zmax=14012.0
BLCMDgenericbend::Construct solbend_a_18 parent= relZ=14118.0 globZ=14118.0
	zmin=14068.0 zmax=14168.0
BLCMDgenericbend::Construct solbend_b_18 parent= relZ=14742.0 globZ=14742.0
	zmin=14692.0 zmax=14792.0
BLCMDgenericbend::Construct solbend_a_19 parent= relZ=14898.0 globZ=14898.0
	zmin=14848.0 zmax=14948.0
BLCMDgenericbend::Construct solbend_b_19 parent= relZ=15522.0 globZ=15522.0
	zmin=15472.0 zmax=15572.0
BLCMDgenericbend::Construct solbend_a_20 parent= relZ=15678.0 globZ=15678.0
	zmin=15628.0 zmax=15728.0
BLCMDgenericbend::Construct solbend_b_20 parent= relZ=16302.0 globZ=16302.0
	zmin=16252.0 zmax=16352.0
BLCMDgenericbend::Construct solbend_a_21 parent= relZ=16458.0 globZ=16458.0
	zmin=16408.0 zmax=16508.0
BLCMDgenericbend::Construct solbend_b_21 parent= relZ=17082.0 globZ=17082.0
	zmin=17032.0 zmax=17132.0
BLCMDgenericbend::Construct solbend_a_22 parent= relZ=17238.0 globZ=17238.0
	zmin=17188.0 zmax=17288.0
BLCMDgenericbend::Construct solbend_b_22 parent= relZ=17862.0 globZ=17862.0
	zmin=17812.0 zmax=17912.0
BLCMDgenericbend::Construct solbend_a_23 parent= relZ=18018.0 globZ=18018.0
	zmin=17968.0 zmax=18068.0
BLCMDgenericbend::Construct solbend_b_23 parent= relZ=18642.0 globZ=18642.0
	zmin=18592.0 zmax=18692.0
BLCMDgenericbend::Construct solbend_a_24 parent= relZ=18798.0 globZ=18798.0
	zmin=18748.0 zmax=18848.0
BLCMDgenericbend::Construct solbend_b_24 parent= relZ=19422.0 globZ=19422.0
	zmin=19372.0 zmax=19472.0
BLCMDgenericbend::Construct solbend_a_25 parent= relZ=19578.0 globZ=19578.0
	zmin=19528.0 zmax=19628.0
BLCMDgenericbend::Construct solbend_b_25 parent= relZ=20202.0 globZ=20202.0
	zmin=20152.0 zmax=20252.0
BLCMDgenericbend::Construct solbend_a_26 parent= relZ=20358.0 globZ=20358.0
	zmin=20308.0 zmax=20408.0
BLCMDgenericbend::Construct solbend_b_26 parent= relZ=20982.0 globZ=20982.0
	zmin=20932.0 zmax=21032.0
BLCMDgenericbend::Construct solbend_a_27 parent= relZ=21138.0 globZ=21138.0
	zmin=21088.0 zmax=21188.0
BLCMDgenericbend::Construct solbend_b_27 parent= relZ=21762.0 globZ=21762.0
	zmin=21712.0 zmax=21812.0
BLCMDgenericbend::Construct solbend_a_28 parent= relZ=21918.0 globZ=21918.0
	zmin=21868.0 zmax=21968.0
BLCMDgenericbend::Construct solbend_b_28 parent= relZ=22542.0 globZ=22542.0
	zmin=22492.0 zmax=22592.0
BLCMDgenericbend::Construct solbend_a_29 parent= relZ=22698.0 globZ=22698.0
	zmin=22648.0 zmax=22748.0
BLCMDgenericbend::Construct solbend_b_29 parent= relZ=23322.0 globZ=23322.0
	zmin=23272.0 zmax=23372.0
BLCMDgenericbend::Construct solbend_a_30 parent= relZ=23478.0 globZ=23478.0
	zmin=23428.0 zmax=23528.0
BLCMDgenericbend::Construct solbend_b_30 parent= relZ=24102.0 globZ=24102.0
	zmin=24052.0 zmax=24152.0
BLCMDgenericbend::Construct solbend_a_31 parent= relZ=24258.0 globZ=24258.0
	zmin=24208.0 zmax=24308.0
BLCMDgenericbend::Construct solbend_b_31 parent= relZ=24882.0 globZ=24882.0
	zmin=24832.0 zmax=24932.0
BLCMDgenericbend::Construct solbend_a_32 parent= relZ=25038.0 globZ=25038.0
	zmin=24988.0 zmax=25088.0
BLCMDgenericbend::Construct solbend_b_32 parent= relZ=25662.0 globZ=25662.0
	zmin=25612.0 zmax=25712.0
BLCMDgenericbend::Construct solbend_a_33 parent= relZ=25818.0 globZ=25818.0
	zmin=25768.0 zmax=25868.0
BLCMDgenericbend::Construct solbend_b_33 parent= relZ=26442.0 globZ=26442.0
	zmin=26392.0 zmax=26492.0
BLCMDgenericbend::Construct solbend_a_34 parent= relZ=26598.0 globZ=26598.0
	zmin=26548.0 zmax=26648.0
BLCMDgenericbend::Construct solbend_b_34 parent= relZ=27222.0 globZ=27222.0
	zmin=27172.0 zmax=27272.0
BLCMDgenericbend::Construct solbend_a_35 parent= relZ=27378.0 globZ=27378.0
	zmin=27328.0 zmax=27428.0
BLCMDgenericbend::Construct solbend_b_35 parent= relZ=28002.0 globZ=28002.0
	zmin=27952.0 zmax=28052.0
BLCMDgenericbend::Construct solbend_a_36 parent= relZ=28158.0 globZ=28158.0
	zmin=28108.0 zmax=28208.0
BLCMDgenericbend::Construct solbend_b_36 parent= relZ=28782.0 globZ=28782.0
	zmin=28732.0 zmax=28832.0
BLCMDgenericbend::Construct solbend_a_37 parent= relZ=28938.0 globZ=28938.0
	zmin=28888.0 zmax=28988.0
BLCMDgenericbend::Construct solbend_b_37 parent= relZ=29562.0 globZ=29562.0
	zmin=29512.0 zmax=29612.0
BLCMDgenericbend::Construct solbend_a_38 parent= relZ=29718.0 globZ=29718.0
	zmin=29668.0 zmax=29768.0
BLCMDgenericbend::Construct solbend_b_38 parent= relZ=30342.0 globZ=30342.0
	zmin=30292.0 zmax=30392.0
BLCMDgenericbend::Construct solbend_a_39 parent= relZ=30498.0 globZ=30498.0
	zmin=30448.0 zmax=30548.0
BLCMDgenericbend::Construct solbend_b_39 parent= relZ=31122.0 globZ=31122.0
	zmin=31072.0 zmax=31172.0
BLCMDgenericbend::Construct solbend_a_40 parent= relZ=31278.0 globZ=31278.0
	zmin=31228.0 zmax=31328.0
BLCMDgenericbend::Construct solbend_b_40 parent= relZ=31902.0 globZ=31902.0
	zmin=31852.0 zmax=31952.0
BLCMDgenericbend::Construct solbend_a_41 parent= relZ=32058.0 globZ=32058.0
	zmin=32008.0 zmax=32108.0
BLCMDgenericbend::Construct solbend_b_41 parent= relZ=32682.0 globZ=32682.0
	zmin=32632.0 zmax=32732.0
BLCMDgenericbend::Construct solbend_a_42 parent= relZ=32838.0 globZ=32838.0
	zmin=32788.0 zmax=32888.0
BLCMDgenericbend::Construct solbend_b_42 parent= relZ=33462.0 globZ=33462.0
	zmin=33412.0 zmax=33512.0
BLCMDgenericbend::Construct solbend_a_43 parent= relZ=33618.0 globZ=33618.0
	zmin=33568.0 zmax=33668.0
BLCMDgenericbend::Construct solbend_b_43 parent= relZ=34242.0 globZ=34242.0
	zmin=34192.0 zmax=34292.0
BLCMDgenericbend::Construct solbend_a_44 parent= relZ=34398.0 globZ=34398.0
	zmin=34348.0 zmax=34448.0
BLCMDgenericbend::Construct solbend_b_44 parent= relZ=35022.0 globZ=35022.0
	zmin=34972.0 zmax=35072.0
BLCMDgenericbend::Construct solbend_a_45 parent= relZ=35178.0 globZ=35178.0
	zmin=35128.0 zmax=35228.0
BLCMDgenericbend::Construct solbend_b_45 parent= relZ=35802.0 globZ=35802.0
	zmin=35752.0 zmax=35852.0
BLCMDgenericbend::Construct solbend_a_46 parent= relZ=35958.0 globZ=35958.0
	zmin=35908.0 zmax=36008.0
BLCMDgenericbend::Construct solbend_b_46 parent= relZ=36582.0 globZ=36582.0
	zmin=36532.0 zmax=36632.0
BLCMDgenericbend::Construct solbend_a_47 parent= relZ=36738.0 globZ=36738.0
	zmin=36688.0 zmax=36788.0
BLCMDgenericbend::Construct solbend_b_47 parent= relZ=37362.0 globZ=37362.0
	zmin=37312.0 zmax=37412.0
BLCMDgenericbend::Construct solbend_a_48 parent= relZ=37518.0 globZ=37518.0
	zmin=37468.0 zmax=37568.0
BLCMDgenericbend::Construct solbend_b_48 parent= relZ=38142.0 globZ=38142.0
	zmin=38092.0 zmax=38192.0
BLCMDgenericbend::Construct solbend_a_49 parent= relZ=38298.0 globZ=38298.0
	zmin=38248.0 zmax=38348.0
BLCMDgenericbend::Construct solbend_b_49 parent= relZ=38922.0 globZ=38922.0
	zmin=38872.0 zmax=38972.0
BLCMDgenericbend::Construct solbend_a_50 parent= relZ=39078.0 globZ=39078.0
	zmin=39028.0 zmax=39128.0
BLCMDgenericbend::Construct solbend_b_50 parent= relZ=39702.0 globZ=39702.0
	zmin=39652.0 zmax=39752.0
BLCMDgenericbend::Construct solbend_a_51 parent= relZ=39858.0 globZ=39858.0
	zmin=39808.0 zmax=39908.0
BLCMDgenericbend::Construct solbend_b_51 parent= relZ=40482.0 globZ=40482.0
	zmin=40432.0 zmax=40532.0
BLCMDgenericbend::Construct solbend_a_52 parent= relZ=40638.0 globZ=40638.0
	zmin=40588.0 zmax=40688.0
BLCMDgenericbend::Construct solbend_b_52 parent= relZ=41262.0 globZ=41262.0
	zmin=41212.0 zmax=41312.0
BLCMDgenericbend::Construct solbend_a_53 parent= relZ=41418.0 globZ=41418.0
	zmin=41368.0 zmax=41468.0
BLCMDgenericbend::Construct solbend_b_53 parent= relZ=42042.0 globZ=42042.0
	zmin=41992.0 zmax=42092.0
BLCMDgenericbend::Construct solbend_a_54 parent= relZ=42198.0 globZ=42198.0
	zmin=42148.0 zmax=42248.0
BLCMDgenericbend::Construct solbend_b_54 parent= relZ=42822.0 globZ=42822.0
	zmin=42772.0 zmax=42872.0
BLCMDgenericbend::Construct solbend_a_55 parent= relZ=42978.0 globZ=42978.0
	zmin=42928.0 zmax=43028.0
BLCMDgenericbend::Construct solbend_b_55 parent= relZ=43602.0 globZ=43602.0
	zmin=43552.0 zmax=43652.0
BLCMDgenericbend::Construct solbend_a_56 parent= relZ=43758.0 globZ=43758.0
	zmin=43708.0 zmax=43808.0
BLCMDgenericbend::Construct solbend_b_56 parent= relZ=44382.0 globZ=44382.0
	zmin=44332.0 zmax=44432.0
BLCMDgenericbend::Construct solbend_a_57 parent= relZ=44538.0 globZ=44538.0
	zmin=44488.0 zmax=44588.0
BLCMDgenericbend::Construct solbend_b_57 parent= relZ=45162.0 globZ=45162.0
	zmin=45112.0 zmax=45212.0
BLCMDgenericbend::Construct solbend_a_58 parent= relZ=45318.0 globZ=45318.0
	zmin=45268.0 zmax=45368.0
BLCMDgenericbend::Construct solbend_b_58 parent= relZ=45942.0 globZ=45942.0
	zmin=45892.0 zmax=45992.0
BLCMDgenericbend::Construct solbend_a_59 parent= relZ=46098.0 globZ=46098.0
	zmin=46048.0 zmax=46148.0
BLCMDgenericbend::Construct solbend_b_59 parent= relZ=46722.0 globZ=46722.0
	zmin=46672.0 zmax=46772.0
BLCMDgenericbend::Construct solbend_a_60 parent= relZ=46878.0 globZ=46878.0
	zmin=46828.0 zmax=46928.0
BLCMDgenericbend::Construct solbend_b_60 parent= relZ=47502.0 globZ=47502.0
	zmin=47452.0 zmax=47552.0
BLMappedMagnet::Construct fringe_left parent= relZ=-1578.0
BLMappedMagnet::Construct fringe_right parent= relZ=-1386.0
BLMappedMagnet::Construct fringe_left parent= relZ=-954.0
BLMappedMagnet::Construct fringe_right parent= relZ=-762.0
BLMappedMagnet::Construct fringe_left parent= relZ=-798.0
BLMappedMagnet::Construct fringe_right parent= relZ=-606.0
BLMappedMagnet::Construct fringe_left parent= relZ=-174.0
BLMappedMagnet::Construct fringe_right parent= relZ=18.0
BLMappedMagnet::Construct fringe_left parent= relZ=-18.0
BLMappedMagnet::Construct fringe_right parent= relZ=174.0
BLMappedMagnet::Construct fringe_left parent= relZ=606.0
BLMappedMagnet::Construct fringe_right parent= relZ=798.0
BLMappedMagnet::Construct fringe_left parent= relZ=762.0
BLMappedMagnet::Construct fringe_right parent= relZ=954.0
BLMappedMagnet::Construct fringe_left parent= relZ=1386.0
BLMappedMagnet::Construct fringe_right parent= relZ=1578.0
BLMappedMagnet::Construct fringe_left parent= relZ=1542.0
BLMappedMagnet::Construct fringe_right parent= relZ=1734.0
BLMappedMagnet::Construct fringe_left parent= relZ=2166.0
BLMappedMagnet::Construct fringe_right parent= relZ=2358.0
BLMappedMagnet::Construct fringe_left parent= relZ=2322.0
BLMappedMagnet::Construct fringe_right parent= relZ=2514.0
BLMappedMagnet::Construct fringe_left parent= relZ=2946.0
BLMappedMagnet::Construct fringe_right parent= relZ=3138.0
BLMappedMagnet::Construct fringe_left parent= relZ=3102.0
BLMappedMagnet::Construct fringe_right parent= relZ=3294.0
BLMappedMagnet::Construct fringe_left parent= relZ=3726.0
BLMappedMagnet::Construct fringe_right parent= relZ=3918.0
BLMappedMagnet::Construct fringe_left parent= relZ=3882.0
BLMappedMagnet::Construct fringe_right parent= relZ=4074.0
BLMappedMagnet::Construct fringe_left parent= relZ=4506.0
BLMappedMagnet::Construct fringe_right parent= relZ=4698.0
BLMappedMagnet::Construct fringe_left parent= relZ=4662.0
BLMappedMagnet::Construct fringe_right parent= relZ=4854.0
BLMappedMagnet::Construct fringe_left parent= relZ=5286.0
BLMappedMagnet::Construct fringe_right parent= relZ=5478.0
BLMappedMagnet::Construct fringe_left parent= relZ=5442.0
BLMappedMagnet::Construct fringe_right parent= relZ=5634.0
BLMappedMagnet::Construct fringe_left parent= relZ=6066.0
BLMappedMagnet::Construct fringe_right parent= relZ=6258.0
BLMappedMagnet::Construct fringe_left parent= relZ=6222.0
BLMappedMagnet::Construct fringe_right parent= relZ=6414.0
BLMappedMagnet::Construct fringe_left parent= relZ=6846.0
BLMappedMagnet::Construct fringe_right parent= relZ=7038.0
BLMappedMagnet::Construct fringe_left parent= relZ=7002.0
BLMappedMagnet::Construct fringe_right parent= relZ=7194.0
BLMappedMagnet::Construct fringe_left parent= relZ=7626.0
BLMappedMagnet::Construct fringe_right parent= relZ=7818.0
BLMappedMagnet::Construct fringe_left parent= relZ=7782.0
BLMappedMagnet::Construct fringe_right parent= relZ=7974.0
BLMappedMagnet::Construct fringe_left parent= relZ=8406.0
BLMappedMagnet::Construct fringe_right parent= relZ=8598.0
BLMappedMagnet::Construct fringe_left parent= relZ=8562.0
BLMappedMagnet::Construct fringe_right parent= relZ=8754.0
BLMappedMagnet::Construct fringe_left parent= relZ=9186.0
BLMappedMagnet::Construct fringe_right parent= relZ=9378.0
BLMappedMagnet::Construct fringe_left parent= relZ=9342.0
BLMappedMagnet::Construct fringe_right parent= relZ=9534.0
BLMappedMagnet::Construct fringe_left parent= relZ=9966.0
BLMappedMagnet::Construct fringe_right parent= relZ=10158.0
BLMappedMagnet::Construct fringe_left parent= relZ=10122.0
BLMappedMagnet::Construct fringe_right parent= relZ=10314.0
BLMappedMagnet::Construct fringe_left parent= relZ=10746.0
BLMappedMagnet::Construct fringe_right parent= relZ=10938.0
BLMappedMagnet::Construct fringe_left parent= relZ=10902.0
BLMappedMagnet::Construct fringe_right parent= relZ=11094.0
BLMappedMagnet::Construct fringe_left parent= relZ=11526.0
BLMappedMagnet::Construct fringe_right parent= relZ=11718.0
BLMappedMagnet::Construct fringe_left parent= relZ=11682.0
BLMappedMagnet::Construct fringe_right parent= relZ=11874.0
BLMappedMagnet::Construct fringe_left parent= relZ=12306.0
BLMappedMagnet::Construct fringe_right parent= relZ=12498.0
BLMappedMagnet::Construct fringe_left parent= relZ=12462.0
BLMappedMagnet::Construct fringe_right parent= relZ=12654.0
BLMappedMagnet::Construct fringe_left parent= relZ=13086.0
BLMappedMagnet::Construct fringe_right parent= relZ=13278.0
BLMappedMagnet::Construct fringe_left parent= relZ=13242.0
BLMappedMagnet::Construct fringe_right parent= relZ=13434.0
BLMappedMagnet::Construct fringe_left parent= relZ=13866.0
BLMappedMagnet::Construct fringe_right parent= relZ=14058.0
BLMappedMagnet::Construct fringe_left parent= relZ=14022.0
BLMappedMagnet::Construct fringe_right parent= relZ=14214.0
BLMappedMagnet::Construct fringe_left parent= relZ=14646.0
BLMappedMagnet::Construct fringe_right parent= relZ=14838.0
BLMappedMagnet::Construct fringe_left parent= relZ=14802.0
BLMappedMagnet::Construct fringe_right parent= relZ=14994.0
BLMappedMagnet::Construct fringe_left parent= relZ=15426.0
BLMappedMagnet::Construct fringe_right parent= relZ=15618.0
BLMappedMagnet::Construct fringe_left parent= relZ=15582.0
BLMappedMagnet::Construct fringe_right parent= relZ=15774.0
BLMappedMagnet::Construct fringe_left parent= relZ=16206.0
BLMappedMagnet::Construct fringe_right parent= relZ=16398.0
BLMappedMagnet::Construct fringe_left parent= relZ=16362.0
BLMappedMagnet::Construct fringe_right parent= relZ=16554.0
BLMappedMagnet::Construct fringe_left parent= relZ=16986.0
BLMappedMagnet::Construct fringe_right parent= relZ=17178.0
BLMappedMagnet::Construct fringe_left parent= relZ=17142.0
BLMappedMagnet::Construct fringe_right parent= relZ=17334.0
BLMappedMagnet::Construct fringe_left parent= relZ=17766.0
BLMappedMagnet::Construct fringe_right parent= relZ=17958.0
BLMappedMagnet::Construct fringe_left parent= relZ=17922.0
BLMappedMagnet::Construct fringe_right parent= relZ=18114.0
BLMappedMagnet::Construct fringe_left parent= relZ=18546.0
BLMappedMagnet::Construct fringe_right parent= relZ=18738.0
BLMappedMagnet::Construct fringe_left parent= relZ=18702.0
BLMappedMagnet::Construct fringe_right parent= relZ=18894.0
BLMappedMagnet::Construct fringe_left parent= relZ=19326.0
BLMappedMagnet::Construct fringe_right parent= relZ=19518.0
BLMappedMagnet::Construct fringe_left parent= relZ=19482.0
BLMappedMagnet::Construct fringe_right parent= relZ=19674.0
BLMappedMagnet::Construct fringe_left parent= relZ=20106.0
BLMappedMagnet::Construct fringe_right parent= relZ=20298.0
BLMappedMagnet::Construct fringe_left parent= relZ=20262.0
BLMappedMagnet::Construct fringe_right parent= relZ=20454.0
BLMappedMagnet::Construct fringe_left parent= relZ=20886.0
BLMappedMagnet::Construct fringe_right parent= relZ=21078.0
BLMappedMagnet::Construct fringe_left parent= relZ=21042.0
BLMappedMagnet::Construct fringe_right parent= relZ=21234.0
BLMappedMagnet::Construct fringe_left parent= relZ=21666.0
BLMappedMagnet::Construct fringe_right parent= relZ=21858.0
BLMappedMagnet::Construct fringe_left parent= relZ=21822.0
BLMappedMagnet::Construct fringe_right parent= relZ=22014.0
BLMappedMagnet::Construct fringe_left parent= relZ=22446.0
BLMappedMagnet::Construct fringe_right parent= relZ=22638.0
BLMappedMagnet::Construct fringe_left parent= relZ=22602.0
BLMappedMagnet::Construct fringe_right parent= relZ=22794.0
BLMappedMagnet::Construct fringe_left parent= relZ=23226.0
BLMappedMagnet::Construct fringe_right parent= relZ=23418.0
BLMappedMagnet::Construct fringe_left parent= relZ=23382.0
BLMappedMagnet::Construct fringe_right parent= relZ=23574.0
BLMappedMagnet::Construct fringe_left parent= relZ=24006.0
BLMappedMagnet::Construct fringe_right parent= relZ=24198.0
BLMappedMagnet::Construct fringe_left parent= relZ=24162.0
BLMappedMagnet::Construct fringe_right parent= relZ=24354.0
BLMappedMagnet::Construct fringe_left parent= relZ=24786.0
BLMappedMagnet::Construct fringe_right parent= relZ=24978.0
BLMappedMagnet::Construct fringe_left parent= relZ=24942.0
BLMappedMagnet::Construct fringe_right parent= relZ=25134.0
BLMappedMagnet::Construct fringe_left parent= relZ=25566.0
BLMappedMagnet::Construct fringe_right parent= relZ=25758.0
BLMappedMagnet::Construct fringe_left parent= relZ=25722.0
BLMappedMagnet::Construct fringe_right parent= relZ=25914.0
BLMappedMagnet::Construct fringe_left parent= relZ=26346.0
BLMappedMagnet::Construct fringe_right parent= relZ=26538.0
BLMappedMagnet::Construct fringe_left parent= relZ=26502.0
BLMappedMagnet::Construct fringe_right parent= relZ=26694.0
BLMappedMagnet::Construct fringe_left parent= relZ=27126.0
BLMappedMagnet::Construct fringe_right parent= relZ=27318.0
BLMappedMagnet::Construct fringe_left parent= relZ=27282.0
BLMappedMagnet::Construct fringe_right parent= relZ=27474.0
BLMappedMagnet::Construct fringe_left parent= relZ=27906.0
BLMappedMagnet::Construct fringe_right parent= relZ=28098.0
BLMappedMagnet::Construct fringe_left parent= relZ=28062.0
BLMappedMagnet::Construct fringe_right parent= relZ=28254.0
BLMappedMagnet::Construct fringe_left parent= relZ=28686.0
BLMappedMagnet::Construct fringe_right parent= relZ=28878.0
BLMappedMagnet::Construct fringe_left parent= relZ=28842.0
BLMappedMagnet::Construct fringe_right parent= relZ=29034.0
BLMappedMagnet::Construct fringe_left parent= relZ=29466.0
BLMappedMagnet::Construct fringe_right parent= relZ=29658.0
BLMappedMagnet::Construct fringe_left parent= relZ=29622.0
BLMappedMagnet::Construct fringe_right parent= relZ=29814.0
BLMappedMagnet::Construct fringe_left parent= relZ=30246.0
BLMappedMagnet::Construct fringe_right parent= relZ=30438.0
BLMappedMagnet::Construct fringe_left parent= relZ=30402.0
BLMappedMagnet::Construct fringe_right parent= relZ=30594.0
BLMappedMagnet::Construct fringe_left parent= relZ=31026.0
BLMappedMagnet::Construct fringe_right parent= relZ=31218.0
BLMappedMagnet::Construct fringe_left parent= relZ=31182.0
BLMappedMagnet::Construct fringe_right parent= relZ=31374.0
BLMappedMagnet::Construct fringe_left parent= relZ=31806.0
BLMappedMagnet::Construct fringe_right parent= relZ=31998.0
BLMappedMagnet::Construct fringe_left parent= relZ=31962.0
BLMappedMagnet::Construct fringe_right parent= relZ=32154.0
BLMappedMagnet::Construct fringe_left parent= relZ=32586.0
BLMappedMagnet::Construct fringe_right parent= relZ=32778.0
BLMappedMagnet::Construct fringe_left parent= relZ=32742.0
BLMappedMagnet::Construct fringe_right parent= relZ=32934.0
BLMappedMagnet::Construct fringe_left parent= relZ=33366.0
BLMappedMagnet::Construct fringe_right parent= relZ=33558.0
BLMappedMagnet::Construct fringe_left parent= relZ=33522.0
BLMappedMagnet::Construct fringe_right parent= relZ=33714.0
BLMappedMagnet::Construct fringe_left parent= relZ=34146.0
BLMappedMagnet::Construct fringe_right parent= relZ=34338.0
BLMappedMagnet::Construct fringe_left parent= relZ=34302.0
BLMappedMagnet::Construct fringe_right parent= relZ=34494.0
BLMappedMagnet::Construct fringe_left parent= relZ=34926.0
BLMappedMagnet::Construct fringe_right parent= relZ=35118.0
BLMappedMagnet::Construct fringe_left parent= relZ=35082.0
BLMappedMagnet::Construct fringe_right parent= relZ=35274.0
BLMappedMagnet::Construct fringe_left parent= relZ=35706.0
BLMappedMagnet::Construct fringe_right parent= relZ=35898.0
BLMappedMagnet::Construct fringe_left parent= relZ=35862.0
BLMappedMagnet::Construct fringe_right parent= relZ=36054.0
BLMappedMagnet::Construct fringe_left parent= relZ=36486.0
BLMappedMagnet::Construct fringe_right parent= relZ=36678.0
BLMappedMagnet::Construct fringe_left parent= relZ=36642.0
BLMappedMagnet::Construct fringe_right parent= relZ=36834.0
BLMappedMagnet::Construct fringe_left parent= relZ=37266.0
BLMappedMagnet::Construct fringe_right parent= relZ=37458.0
BLMappedMagnet::Construct fringe_left parent= relZ=37422.0
BLMappedMagnet::Construct fringe_right parent= relZ=37614.0
BLMappedMagnet::Construct fringe_left parent= relZ=38046.0
BLMappedMagnet::Construct fringe_right parent= relZ=38238.0
BLMappedMagnet::Construct fringe_left parent= relZ=38202.0
BLMappedMagnet::Construct fringe_right parent= relZ=38394.0
BLMappedMagnet::Construct fringe_left parent= relZ=38826.0
BLMappedMagnet::Construct fringe_right parent= relZ=39018.0
BLMappedMagnet::Construct fringe_left parent= relZ=38982.0
BLMappedMagnet::Construct fringe_right parent= relZ=39174.0
BLMappedMagnet::Construct fringe_left parent= relZ=39606.0
BLMappedMagnet::Construct fringe_right parent= relZ=39798.0
BLMappedMagnet::Construct fringe_left parent= relZ=39762.0
BLMappedMagnet::Construct fringe_right parent= relZ=39954.0
BLMappedMagnet::Construct fringe_left parent= relZ=40386.0
BLMappedMagnet::Construct fringe_right parent= relZ=40578.0
BLMappedMagnet::Construct fringe_left parent= relZ=40542.0
BLMappedMagnet::Construct fringe_right parent= relZ=40734.0
BLMappedMagnet::Construct fringe_left parent= relZ=41166.0
BLMappedMagnet::Construct fringe_right parent= relZ=41358.0
BLMappedMagnet::Construct fringe_left parent= relZ=41322.0
BLMappedMagnet::Construct fringe_right parent= relZ=41514.0
BLMappedMagnet::Construct fringe_left parent= relZ=41946.0
BLMappedMagnet::Construct fringe_right parent= relZ=42138.0
BLMappedMagnet::Construct fringe_left parent= relZ=42102.0
BLMappedMagnet::Construct fringe_right parent= relZ=42294.0
BLMappedMagnet::Construct fringe_left parent= relZ=42726.0
BLMappedMagnet::Construct fringe_right parent= relZ=42918.0
BLMappedMagnet::Construct fringe_left parent= relZ=42882.0
BLMappedMagnet::Construct fringe_right parent= relZ=43074.0
BLMappedMagnet::Construct fringe_left parent= relZ=43506.0
BLMappedMagnet::Construct fringe_right parent= relZ=43698.0
BLMappedMagnet::Construct fringe_left parent= relZ=43662.0
BLMappedMagnet::Construct fringe_right parent= relZ=43854.0
BLMappedMagnet::Construct fringe_left parent= relZ=44286.0
BLMappedMagnet::Construct fringe_right parent= relZ=44478.0
BLMappedMagnet::Construct fringe_left parent= relZ=44442.0
BLMappedMagnet::Construct fringe_right parent= relZ=44634.0
BLMappedMagnet::Construct fringe_left parent= relZ=45066.0
BLMappedMagnet::Construct fringe_right parent= relZ=45258.0
BLMappedMagnet::Construct fringe_left parent= relZ=45222.0
BLMappedMagnet::Construct fringe_right parent= relZ=45414.0
BLMappedMagnet::Construct fringe_left parent= relZ=45846.0
BLMappedMagnet::Construct fringe_right parent= relZ=46038.0
BLMappedMagnet::Construct fringe_left parent= relZ=46002.0
BLMappedMagnet::Construct fringe_right parent= relZ=46194.0
BLMappedMagnet::Construct fringe_left parent= relZ=46626.0
BLMappedMagnet::Construct fringe_right parent= relZ=46818.0
BLMappedMagnet::Construct fringe_left parent= relZ=46782.0
BLMappedMagnet::Construct fringe_right parent= relZ=46974.0
BLMappedMagnet::Construct fringe_left parent= relZ=47406.0
BLMappedMagnet::Construct fringe_right parent= relZ=47598.0
Checking overlaps for volume pipe:0 (G4Tubs) ... OK! 
BLCMDtubs::Construct pipe parent= relZ=115.0 globZ=115.0
	zmin=0.0 zmax=230.0 kill=1
Checking overlaps for volume pipe:0 (G4Tubs) ... OK! 
BLCMDtubs::Construct pipe parent= relZ=665.0 globZ=665.0
	zmin=550.0 zmax=780.0 kill=1
Checking overlaps for volume pipe:0 (G4Tubs) ... OK! 
BLCMDtubs::Construct pipe parent= relZ=895.0 globZ=895.0
	zmin=780.0 zmax=1010.0 kill=1
Checking overlaps for volume pipe:0 (G4Tubs) ... OK! 
BLCMDtubs::Construct pipe parent= relZ=1445.0 globZ=1445.0
	zmin=1330.0 zmax=1560.0 kill=1
Checking overlaps for volume pipe:0 (G4Tubs) ... OK! 
BLCMDtubs::Construct pipe parent= relZ=1675.0 globZ=1675.0
	zmin=1560.0 zmax=1790.0 kill=1
Checking overlaps for volume pipe:0 (G4Tubs) ... OK! 
BLCMDtubs::Construct pipe parent= relZ=2225.0 globZ=2225.0
	zmin=2110.0 zmax=2340.0 kill=1
Checking overlaps for volume pipe:0 (G4Tubs) ... OK! 
BLCMDtubs::Construct pipe parent= relZ=2455.0 globZ=2455.0
	zmin=2340.0 zmax=2570.0 kill=1
Checking overlaps for volume pipe:0 (G4Tubs) ... OK! 
BLCMDtubs::Construct pipe parent= relZ=3005.0 globZ=3005.0
	zmin=2890.0 zmax=3120.0 kill=1
Checking overlaps for volume pipe:0 (G4Tubs) ... OK! 
BLCMDtubs::Construct pipe parent= relZ=3235.0 globZ=3235.0
	zmin=3120.0 zmax=3350.0 kill=1
Checking overlaps for volume pipe:0 (G4Tubs) ... OK! 
BLCMDtubs::Construct pipe parent= relZ=3785.0 globZ=3785.0
	zmin=3670.0 zmax=3900.0 kill=1
Checking overlaps for volume pipe:0 (G4Tubs) ... OK! 
BLCMDtubs::Construct pipe parent= relZ=4015.0 globZ=4015.0
	zmin=3900.0 zmax=4130.0 kill=1
Checking overlaps for volume pipe:0 (G4Tubs) ... OK! 
BLCMDtubs::Construct pipe parent= relZ=4565.0 globZ=4565.0
	zmin=4450.0 zmax=4680.0 kill=1
Checking overlaps for volume pipe:0 (G4Tubs) ... OK! 
BLCMDtubs::Construct pipe parent= relZ=4795.0 globZ=4795.0
	zmin=4680.0 zmax=4910.0 kill=1
Checking overlaps for volume pipe:0 (G4Tubs) ... OK! 
BLCMDtubs::Construct pipe parent= relZ=5345.0 globZ=5345.0
	zmin=5230.0 zmax=5460.0 kill=1
Checking overlaps for volume pipe:0 (G4Tubs) ... OK! 
BLCMDtubs::Construct pipe parent= relZ=5575.0 globZ=5575.0
	zmin=5460.0 zmax=5690.0 kill=1
Checking overlaps for volume pipe:0 (G4Tubs) ... OK! 
BLCMDtubs::Construct pipe parent= relZ=6125.0 globZ=6125.0
	zmin=6010.0 zmax=6240.0 kill=1
Checking overlaps for volume pipe:0 (G4Tubs) ... OK! 
BLCMDtubs::Construct pipe parent= relZ=6355.0 globZ=6355.0
	zmin=6240.0 zmax=6470.0 kill=1
Checking overlaps for volume pipe:0 (G4Tubs) ... OK! 
BLCMDtubs::Construct pipe parent= relZ=6905.0 globZ=6905.0
	zmin=6790.0 zmax=7020.0 kill=1
Checking overlaps for volume pipe:0 (G4Tubs) ... OK! 
BLCMDtubs::Construct pipe parent= relZ=7135.0 globZ=7135.0
	zmin=7020.0 zmax=7250.0 kill=1
Checking overlaps for volume pipe:0 (G4Tubs) ... OK! 
BLCMDtubs::Construct pipe parent= relZ=7685.0 globZ=7685.0
	zmin=7570.0 zmax=7800.0 kill=1
Checking overlaps for volume pipe:0 (G4Tubs) ... OK! 
BLCMDtubs::Construct pipe parent= relZ=7915.0 globZ=7915.0
	zmin=7800.0 zmax=8030.0 kill=1
Checking overlaps for volume pipe:0 (G4Tubs) ... OK! 
BLCMDtubs::Construct pipe parent= relZ=8465.0 globZ=8465.0
	zmin=8350.0 zmax=8580.0 kill=1
Checking overlaps for volume pipe:0 (G4Tubs) ... OK! 
BLCMDtubs::Construct pipe parent= relZ=8695.0 globZ=8695.0
	zmin=8580.0 zmax=8810.0 kill=1
Checking overlaps for volume pipe:0 (G4Tubs) ... OK! 
BLCMDtubs::Construct pipe parent= relZ=9245.0 globZ=9245.0
	zmin=9130.0 zmax=9360.0 kill=1
Checking overlaps for volume pipe:0 (G4Tubs) ... OK! 
BLCMDtubs::Construct pipe parent= relZ=9475.0 globZ=9475.0
	zmin=9360.0 zmax=9590.0 kill=1
Checking overlaps for volume pipe:0 (G4Tubs) ... OK! 
BLCMDtubs::Construct pipe parent= relZ=10025.0 globZ=10025.0
	zmin=9910.0 zmax=10140.0 kill=1
Checking overlaps for volume pipe:0 (G4Tubs) ... OK! 
BLCMDtubs::Construct pipe parent= relZ=10255.0 globZ=10255.0
	zmin=10140.0 zmax=10370.0 kill=1
Checking overlaps for volume pipe:0 (G4Tubs) ... OK! 
BLCMDtubs::Construct pipe parent= relZ=10805.0 globZ=10805.0
	zmin=10690.0 zmax=10920.0 kill=1
Checking overlaps for volume pipe:0 (G4Tubs) ... OK! 
BLCMDtubs::Construct pipe parent= relZ=11035.0 globZ=11035.0
	zmin=10920.0 zmax=11150.0 kill=1
Checking overlaps for volume pipe:0 (G4Tubs) ... OK! 
BLCMDtubs::Construct pipe parent= relZ=11585.0 globZ=11585.0
	zmin=11470.0 zmax=11700.0 kill=1
Checking overlaps for volume pipe:0 (G4Tubs) ... OK! 
BLCMDtubs::Construct pipe parent= relZ=11815.0 globZ=11815.0
	zmin=11700.0 zmax=11930.0 kill=1
Checking overlaps for volume pipe:0 (G4Tubs) ... OK! 
BLCMDtubs::Construct pipe parent= relZ=12365.0 globZ=12365.0
	zmin=12250.0 zmax=12480.0 kill=1
Checking overlaps for volume pipe:0 (G4Tubs) ... OK! 
BLCMDtubs::Construct pipe parent= relZ=12595.0 globZ=12595.0
	zmin=12480.0 zmax=12710.0 kill=1
Checking overlaps for volume pipe:0 (G4Tubs) ... OK! 
BLCMDtubs::Construct pipe parent= relZ=13145.0 globZ=13145.0
	zmin=13030.0 zmax=13260.0 kill=1
Checking overlaps for volume pipe:0 (G4Tubs) ... OK! 
BLCMDtubs::Construct pipe parent= relZ=13375.0 globZ=13375.0
	zmin=13260.0 zmax=13490.0 kill=1
Checking overlaps for volume pipe:0 (G4Tubs) ... OK! 
BLCMDtubs::Construct pipe parent= relZ=13925.0 globZ=13925.0
	zmin=13810.0 zmax=14040.0 kill=1
Checking overlaps for volume pipe:0 (G4Tubs) ... OK! 
BLCMDtubs::Construct pipe parent= relZ=14155.0 globZ=14155.0
	zmin=14040.0 zmax=14270.0 kill=1
Checking overlaps for volume pipe:0 (G4Tubs) ... OK! 
BLCMDtubs::Construct pipe parent= relZ=14705.0 globZ=14705.0
	zmin=14590.0 zmax=14820.0 kill=1
Checking overlaps for volume pipe:0 (G4Tubs) ... OK! 
BLCMDtubs::Construct pipe parent= relZ=14935.0 globZ=14935.0
	zmin=14820.0 zmax=15050.0 kill=1
Checking overlaps for volume pipe:0 (G4Tubs) ... OK! 
BLCMDtubs::Construct pipe parent= relZ=15485.0 globZ=15485.0
	zmin=15370.0 zmax=15600.0 kill=1
Checking overlaps for volume pipe:0 (G4Tubs) ... OK! 
BLCMDtubs::Construct pipe parent= relZ=15715.0 globZ=15715.0
	zmin=15600.0 zmax=15830.0 kill=1
Checking overlaps for volume pipe:0 (G4Tubs) ... OK! 
BLCMDtubs::Construct pipe parent= relZ=16265.0 globZ=16265.0
	zmin=16150.0 zmax=16380.0 kill=1
Checking overlaps for volume pipe:0 (G4Tubs) ... OK! 
BLCMDtubs::Construct pipe parent= relZ=16495.0 globZ=16495.0
	zmin=16380.0 zmax=16610.0 kill=1
Checking overlaps for volume pipe:0 (G4Tubs) ... OK! 
BLCMDtubs::Construct pipe parent= relZ=17045.0 globZ=17045.0
	zmin=16930.0 zmax=17160.0 kill=1
Checking overlaps for volume pipe:0 (G4Tubs) ... OK! 
BLCMDtubs::Construct pipe parent= relZ=17275.0 globZ=17275.0
	zmin=17160.0 zmax=17390.0 kill=1
Checking overlaps for volume pipe:0 (G4Tubs) ... OK! 
BLCMDtubs::Construct pipe parent= relZ=17825.0 globZ=17825.0
	zmin=17710.0 zmax=17940.0 kill=1
Checking overlaps for volume pipe:0 (G4Tubs) ... OK! 
BLCMDtubs::Construct pipe parent= relZ=18055.0 globZ=18055.0
	zmin=17940.0 zmax=18170.0 kill=1
Checking overlaps for volume pipe:0 (G4Tubs) ... OK! 
BLCMDtubs::Construct pipe parent= relZ=18605.0 globZ=18605.0
	zmin=18490.0 zmax=18720.0 kill=1
Checking overlaps for volume pipe:0 (G4Tubs) ... OK! 
BLCMDtubs::Construct pipe parent= relZ=18835.0 globZ=18835.0
	zmin=18720.0 zmax=18950.0 kill=1
Checking overlaps for volume pipe:0 (G4Tubs) ... OK! 
BLCMDtubs::Construct pipe parent= relZ=19385.0 globZ=19385.0
	zmin=19270.0 zmax=19500.0 kill=1
Checking overlaps for volume pipe:0 (G4Tubs) ... OK! 
BLCMDtubs::Construct pipe parent= relZ=19615.0 globZ=19615.0
	zmin=19500.0 zmax=19730.0 kill=1
Checking overlaps for volume pipe:0 (G4Tubs) ... OK! 
BLCMDtubs::Construct pipe parent= relZ=20165.0 globZ=20165.0
	zmin=20050.0 zmax=20280.0 kill=1
Checking overlaps for volume pipe:0 (G4Tubs) ... OK! 
BLCMDtubs::Construct pipe parent= relZ=20395.0 globZ=20395.0
	zmin=20280.0 zmax=20510.0 kill=1
Checking overlaps for volume pipe:0 (G4Tubs) ... OK! 
BLCMDtubs::Construct pipe parent= relZ=20945.0 globZ=20945.0
	zmin=20830.0 zmax=21060.0 kill=1
Checking overlaps for volume pipe:0 (G4Tubs) ... OK! 
BLCMDtubs::Construct pipe parent= relZ=21175.0 globZ=21175.0
	zmin=21060.0 zmax=21290.0 kill=1
Checking overlaps for volume pipe:0 (G4Tubs) ... OK! 
BLCMDtubs::Construct pipe parent= relZ=21725.0 globZ=21725.0
	zmin=21610.0 zmax=21840.0 kill=1
Checking overlaps for volume pipe:0 (G4Tubs) ... OK! 
BLCMDtubs::Construct pipe parent= relZ=21955.0 globZ=21955.0
	zmin=21840.0 zmax=22070.0 kill=1
Checking overlaps for volume pipe:0 (G4Tubs) ... OK! 
BLCMDtubs::Construct pipe parent= relZ=22505.0 globZ=22505.0
	zmin=22390.0 zmax=22620.0 kill=1
Checking overlaps for volume pipe:0 (G4Tubs) ... OK! 
BLCMDtubs::Construct pipe parent= relZ=22735.0 globZ=22735.0
	zmin=22620.0 zmax=22850.0 kill=1
Checking overlaps for volume pipe:0 (G4Tubs) ... OK! 
BLCMDtubs::Construct pipe parent= relZ=23285.0 globZ=23285.0
	zmin=23170.0 zmax=23400.0 kill=1
Checking overlaps for volume pipe:0 (G4Tubs) ... OK! 
BLCMDtubs::Construct pipe parent= relZ=23515.0 globZ=23515.0
	zmin=23400.0 zmax=23630.0 kill=1
Checking overlaps for volume pipe:0 (G4Tubs) ... OK! 
BLCMDtubs::Construct pipe parent= relZ=24065.0 globZ=24065.0
	zmin=23950.0 zmax=24180.0 kill=1
Checking overlaps for volume pipe:0 (G4Tubs) ... OK! 
BLCMDtubs::Construct pipe parent= relZ=24295.0 globZ=24295.0
	zmin=24180.0 zmax=24410.0 kill=1
Checking overlaps for volume pipe:0 (G4Tubs) ... OK! 
BLCMDtubs::Construct pipe parent= relZ=24845.0 globZ=24845.0
	zmin=24730.0 zmax=24960.0 kill=1
Checking overlaps for volume pipe:0 (G4Tubs) ... OK! 
BLCMDtubs::Construct pipe parent= relZ=25075.0 globZ=25075.0
	zmin=24960.0 zmax=25190.0 kill=1
Checking overlaps for volume pipe:0 (G4Tubs) ... OK! 
BLCMDtubs::Construct pipe parent= relZ=25625.0 globZ=25625.0
	zmin=25510.0 zmax=25740.0 kill=1
Checking overlaps for volume pipe:0 (G4Tubs) ... OK! 
BLCMDtubs::Construct pipe parent= relZ=25855.0 globZ=25855.0
	zmin=25740.0 zmax=25970.0 kill=1
Checking overlaps for volume pipe:0 (G4Tubs) ... OK! 
BLCMDtubs::Construct pipe parent= relZ=26405.0 globZ=26405.0
	zmin=26290.0 zmax=26520.0 kill=1
Checking overlaps for volume pipe:0 (G4Tubs) ... OK! 
BLCMDtubs::Construct pipe parent= relZ=26635.0 globZ=26635.0
	zmin=26520.0 zmax=26750.0 kill=1
Checking overlaps for volume pipe:0 (G4Tubs) ... OK! 
BLCMDtubs::Construct pipe parent= relZ=27185.0 globZ=27185.0
	zmin=27070.0 zmax=27300.0 kill=1
Checking overlaps for volume pipe:0 (G4Tubs) ... OK! 
BLCMDtubs::Construct pipe parent= relZ=27415.0 globZ=27415.0
	zmin=27300.0 zmax=27530.0 kill=1
Checking overlaps for volume pipe:0 (G4Tubs) ... OK! 
BLCMDtubs::Construct pipe parent= relZ=27965.0 globZ=27965.0
	zmin=27850.0 zmax=28080.0 kill=1
Checking overlaps for volume pipe:0 (G4Tubs) ... OK! 
BLCMDtubs::Construct pipe parent= relZ=28195.0 globZ=28195.0
	zmin=28080.0 zmax=28310.0 kill=1
Checking overlaps for volume pipe:0 (G4Tubs) ... OK! 
BLCMDtubs::Construct pipe parent= relZ=28745.0 globZ=28745.0
	zmin=28630.0 zmax=28860.0 kill=1
Checking overlaps for volume pipe:0 (G4Tubs) ... OK! 
BLCMDtubs::Construct pipe parent= relZ=28975.0 globZ=28975.0
	zmin=28860.0 zmax=29090.0 kill=1
Checking overlaps for volume pipe:0 (G4Tubs) ... OK! 
BLCMDtubs::Construct pipe parent= relZ=29525.0 globZ=29525.0
	zmin=29410.0 zmax=29640.0 kill=1
Checking overlaps for volume pipe:0 (G4Tubs) ... OK! 
BLCMDtubs::Construct pipe parent= relZ=29755.0 globZ=29755.0
	zmin=29640.0 zmax=29870.0 kill=1
Checking overlaps for volume pipe:0 (G4Tubs) ... OK! 
BLCMDtubs::Construct pipe parent= relZ=30305.0 globZ=30305.0
	zmin=30190.0 zmax=30420.0 kill=1
Checking overlaps for volume pipe:0 (G4Tubs) ... OK! 
BLCMDtubs::Construct pipe parent= relZ=30535.0 globZ=30535.0
	zmin=30420.0 zmax=30650.0 kill=1
Checking overlaps for volume pipe:0 (G4Tubs) ... OK! 
BLCMDtubs::Construct pipe parent= relZ=31085.0 globZ=31085.0
	zmin=30970.0 zmax=31200.0 kill=1
Checking overlaps for volume pipe:0 (G4Tubs) ... OK! 
BLCMDtubs::Construct pipe parent= relZ=31315.0 globZ=31315.0
	zmin=31200.0 zmax=31430.0 kill=1
Checking overlaps for volume pipe:0 (G4Tubs) ... OK! 
BLCMDtubs::Construct pipe parent= relZ=31865.0 globZ=31865.0
	zmin=31750.0 zmax=31980.0 kill=1
Checking overlaps for volume pipe:0 (G4Tubs) ... OK! 
BLCMDtubs::Construct pipe parent= relZ=32095.0 globZ=32095.0
	zmin=31980.0 zmax=32210.0 kill=1
Checking overlaps for volume pipe:0 (G4Tubs) ... OK! 
BLCMDtubs::Construct pipe parent= relZ=32645.0 globZ=32645.0
	zmin=32530.0 zmax=32760.0 kill=1
Checking overlaps for volume pipe:0 (G4Tubs) ... OK! 
BLCMDtubs::Construct pipe parent= relZ=32875.0 globZ=32875.0
	zmin=32760.0 zmax=32990.0 kill=1
Checking overlaps for volume pipe:0 (G4Tubs) ... OK! 
BLCMDtubs::Construct pipe parent= relZ=33425.0 globZ=33425.0
	zmin=33310.0 zmax=33540.0 kill=1
Checking overlaps for volume pipe:0 (G4Tubs) ... OK! 
BLCMDtubs::Construct pipe parent= relZ=33655.0 globZ=33655.0
	zmin=33540.0 zmax=33770.0 kill=1
Checking overlaps for volume pipe:0 (G4Tubs) ... OK! 
BLCMDtubs::Construct pipe parent= relZ=34205.0 globZ=34205.0
	zmin=34090.0 zmax=34320.0 kill=1
Checking overlaps for volume pipe:0 (G4Tubs) ... OK! 
BLCMDtubs::Construct pipe parent= relZ=34435.0 globZ=34435.0
	zmin=34320.0 zmax=34550.0 kill=1
Checking overlaps for volume pipe:0 (G4Tubs) ... OK! 
BLCMDtubs::Construct pipe parent= relZ=34985.0 globZ=34985.0
	zmin=34870.0 zmax=35100.0 kill=1
Checking overlaps for volume pipe:0 (G4Tubs) ... OK! 
BLCMDtubs::Construct pipe parent= relZ=35215.0 globZ=35215.0
	zmin=35100.0 zmax=35330.0 kill=1
Checking overlaps for volume pipe:0 (G4Tubs) ... OK! 
BLCMDtubs::Construct pipe parent= relZ=35765.0 globZ=35765.0
	zmin=35650.0 zmax=35880.0 kill=1
Checking overlaps for volume pipe:0 (G4Tubs) ... OK! 
BLCMDtubs::Construct pipe parent= relZ=35995.0 globZ=35995.0
	zmin=35880.0 zmax=36110.0 kill=1
Checking overlaps for volume pipe:0 (G4Tubs) ... OK! 
BLCMDtubs::Construct pipe parent= relZ=36545.0 globZ=36545.0
	zmin=36430.0 zmax=36660.0 kill=1
Checking overlaps for volume pipe:0 (G4Tubs) ... OK! 
BLCMDtubs::Construct pipe parent= relZ=36775.0 globZ=36775.0
	zmin=36660.0 zmax=36890.0 kill=1
Checking overlaps for volume pipe:0 (G4Tubs) ... OK! 
BLCMDtubs::Construct pipe parent= relZ=37325.0 globZ=37325.0
	zmin=37210.0 zmax=37440.0 kill=1
Checking overlaps for volume pipe:0 (G4Tubs) ... OK! 
BLCMDtubs::Construct pipe parent= relZ=37555.0 globZ=37555.0
	zmin=37440.0 zmax=37670.0 kill=1
Checking overlaps for volume pipe:0 (G4Tubs) ... OK! 
BLCMDtubs::Construct pipe parent= relZ=38105.0 globZ=38105.0
	zmin=37990.0 zmax=38220.0 kill=1
Checking overlaps for volume pipe:0 (G4Tubs) ... OK! 
BLCMDtubs::Construct pipe parent= relZ=38335.0 globZ=38335.0
	zmin=38220.0 zmax=38450.0 kill=1
Checking overlaps for volume pipe:0 (G4Tubs) ... OK! 
BLCMDtubs::Construct pipe parent= relZ=38885.0 globZ=38885.0
	zmin=38770.0 zmax=39000.0 kill=1
Checking overlaps for volume pipe:0 (G4Tubs) ... OK! 
BLCMDtubs::Construct pipe parent= relZ=39115.0 globZ=39115.0
	zmin=39000.0 zmax=39230.0 kill=1
Checking overlaps for volume pipe:0 (G4Tubs) ... OK! 
BLCMDtubs::Construct pipe parent= relZ=39665.0 globZ=39665.0
	zmin=39550.0 zmax=39780.0 kill=1
Checking overlaps for volume pipe:0 (G4Tubs) ... OK! 
BLCMDtubs::Construct pipe parent= relZ=39895.0 globZ=39895.0
	zmin=39780.0 zmax=40010.0 kill=1
Checking overlaps for volume pipe:0 (G4Tubs) ... OK! 
BLCMDtubs::Construct pipe parent= relZ=40445.0 globZ=40445.0
	zmin=40330.0 zmax=40560.0 kill=1
Checking overlaps for volume pipe:0 (G4Tubs) ... OK! 
BLCMDtubs::Construct pipe parent= relZ=40675.0 globZ=40675.0
	zmin=40560.0 zmax=40790.0 kill=1
Checking overlaps for volume pipe:0 (G4Tubs) ... OK! 
BLCMDtubs::Construct pipe parent= relZ=41225.0 globZ=41225.0
	zmin=41110.0 zmax=41340.0 kill=1
Checking overlaps for volume pipe:0 (G4Tubs) ... OK! 
BLCMDtubs::Construct pipe parent= relZ=41455.0 globZ=41455.0
	zmin=41340.0 zmax=41570.0 kill=1
Checking overlaps for volume pipe:0 (G4Tubs) ... OK! 
BLCMDtubs::Construct pipe parent= relZ=42005.0 globZ=42005.0
	zmin=41890.0 zmax=42120.0 kill=1
Checking overlaps for volume pipe:0 (G4Tubs) ... OK! 
BLCMDtubs::Construct pipe parent= relZ=42235.0 globZ=42235.0
	zmin=42120.0 zmax=42350.0 kill=1
Checking overlaps for volume pipe:0 (G4Tubs) ... OK! 
BLCMDtubs::Construct pipe parent= relZ=42785.0 globZ=42785.0
	zmin=42670.0 zmax=42900.0 kill=1
Checking overlaps for volume pipe:0 (G4Tubs) ... OK! 
BLCMDtubs::Construct pipe parent= relZ=43015.0 globZ=43015.0
	zmin=42900.0 zmax=43130.0 kill=1
Checking overlaps for volume pipe:0 (G4Tubs) ... OK! 
BLCMDtubs::Construct pipe parent= relZ=43565.0 globZ=43565.0
	zmin=43450.0 zmax=43680.0 kill=1
Checking overlaps for volume pipe:0 (G4Tubs) ... OK! 
BLCMDtubs::Construct pipe parent= relZ=43795.0 globZ=43795.0
	zmin=43680.0 zmax=43910.0 kill=1
Checking overlaps for volume pipe:0 (G4Tubs) ... OK! 
BLCMDtubs::Construct pipe parent= relZ=44345.0 globZ=44345.0
	zmin=44230.0 zmax=44460.0 kill=1
Checking overlaps for volume pipe:0 (G4Tubs) ... OK! 
BLCMDtubs::Construct pipe parent= relZ=44575.0 globZ=44575.0
	zmin=44460.0 zmax=44690.0 kill=1
Checking overlaps for volume pipe:0 (G4Tubs) ... OK! 
BLCMDtubs::Construct pipe parent= relZ=45125.0 globZ=45125.0
	zmin=45010.0 zmax=45240.0 kill=1
Checking overlaps for volume pipe:0 (G4Tubs) ... OK! 
BLCMDtubs::Construct pipe parent= relZ=45355.0 globZ=45355.0
	zmin=45240.0 zmax=45470.0 kill=1
Checking overlaps for volume pipe:0 (G4Tubs) ... OK! 
BLCMDtubs::Construct pipe parent= relZ=45905.0 globZ=45905.0
	zmin=45790.0 zmax=46020.0 kill=1
Checking overlaps for volume pipe:0 (G4Tubs) ... OK! 
BLCMDtubs::Construct pipe parent= relZ=46135.0 globZ=46135.0
	zmin=46020.0 zmax=46250.0 kill=1
Checking overlaps for volume pipe:0 (G4Tubs) ... OK! 
BLCMDtubs::Construct pipe parent= relZ=46685.0 globZ=46685.0
	zmin=46570.0 zmax=46800.0 kill=1
Checking overlaps for volume pipe:0 (G4Tubs) ... OK! 
BLCMDtubs::Construct pipe parent= relZ=46915.0 globZ=46915.0
	zmin=46800.0 zmax=47030.0 kill=1
Checking overlaps for volume pipe:0 (G4Tubs) ... OK! 
BLCMDtubs::Construct pipe parent= relZ=47465.0 globZ=47465.0
	zmin=47350.0 zmax=47580.0 kill=1
Checking overlaps for volume rf_b_0Pipe:0 (G4Tubs) ... OK! 
Checking overlaps for volume rf_b_0UsWall:0 (G4Tubs) ... OK! 
Checking overlaps for volume rf_b_0DsWall:0 (G4Tubs) ... OK! 
Checking overlaps for volume rf_b_0UsWin1:0 (G4Tubs) ... OK! 
Checking overlaps for volume rf_b_0DsWin1:0 (G4Tubs) ... OK! 
Checking overlaps for volume rf_b_0UsWin2:0 (G4Tubs) ... OK! 
Checking overlaps for volume rf_b_0DsWin2:0 (G4Tubs) ... OK! 
Checking overlaps for volume rf_b_0DsHalf:0 (G4Tubs) ... OK! 
Checking overlaps for volume rf_b_0TimingVol:0 (G4Tubs) ... OK! 
Checking overlaps for volume rf_b_0:0 (G4Tubs) ... OK! 
BLCMDpillbox::construct rf_b_0 parent= relZ=270.0 globZ=270.0
	zmin=230.0 zmax=310.0
Checking overlaps for volume rf_c_0Pipe:0 (G4Tubs) ... OK! 
Checking overlaps for volume rf_c_0UsWall:0 (G4Tubs) ... OK! 
Checking overlaps for volume rf_c_0DsWall:0 (G4Tubs) ... OK! 
Checking overlaps for volume rf_c_0UsWin1:0 (G4Tubs) ... OK! 
Checking overlaps for volume rf_c_0DsWin1:0 (G4Tubs) ... OK! 
Checking overlaps for volume rf_c_0UsWin2:0 (G4Tubs) ... OK! 
Checking overlaps for volume rf_c_0DsWin2:0 (G4Tubs) ... OK! 
Checking overlaps for volume rf_c_0DsHalf:0 (G4Tubs) ... OK! 
Checking overlaps for volume rf_c_0TimingVol:0 (G4Tubs) ... OK! 
Checking overlaps for volume rf_c_0:0 (G4Tubs) ... OK! 
BLCMDpillbox::construct rf_c_0 parent= relZ=350.0 globZ=350.0
	zmin=310.0 zmax=390.0
Checking overlaps for volume rf_d_0Pipe:0 (G4Tubs) ... OK! 
Checking overlaps for volume rf_d_0UsWall:0 (G4Tubs) ... OK! 
Checking overlaps for volume rf_d_0DsWall:0 (G4Tubs) ... OK! 
Checking overlaps for volume rf_d_0UsWin1:0 (G4Tubs) ... OK! 
Checking overlaps for volume rf_d_0DsWin1:0 (G4Tubs) ... OK! 
Checking overlaps for volume rf_d_0UsWin2:0 (G4Tubs) ... OK! 
Checking overlaps for volume rf_d_0DsWin2:0 (G4Tubs) ... OK! 
Checking overlaps for volume rf_d_0DsHalf:0 (G4Tubs) ... OK! 
Checking overlaps for volume rf_d_0TimingVol:0 (G4Tubs) ... OK! 
Checking overlaps for volume rf_d_0:0 (G4Tubs) ... OK! 
BLCMDpillbox::construct rf_d_0 parent= relZ=430.0 globZ=430.0
	zmin=390.0 zmax=470.0
Checking overlaps for volume rf_e_0Pipe:0 (G4Tubs) ... OK! 
Checking overlaps for volume rf_e_0UsWall:0 (G4Tubs) ... OK! 
Checking overlaps for volume rf_e_0DsWall:0 (G4Tubs) ... OK! 
Checking overlaps for volume rf_e_0UsWin1:0 (G4Tubs) ... OK! 
Checking overlaps for volume rf_e_0DsWin1:0 (G4Tubs) ... OK! 
Checking overlaps for volume rf_e_0UsWin2:0 (G4Tubs) ... OK! 
Checking overlaps for volume rf_e_0DsWin2:0 (G4Tubs) ... OK! 
Checking overlaps for volume rf_e_0DsHalf:0 (G4Tubs) ... OK! 
Checking overlaps for volume rf_e_0TimingVol:0 (G4Tubs) ... OK! 
Checking overlaps for volume rf_e_0:0 (G4Tubs) ... OK! 
BLCMDpillbox::construct rf_e_0 parent= relZ=510.0 globZ=510.0
	zmin=470.0 zmax=550.0
Checking overlaps for volume rf_b_1Pipe:0 (G4Tubs) ... OK! 
Checking overlaps for volume rf_b_1UsWall:0 (G4Tubs) ... OK! 
Checking overlaps for volume rf_b_1DsWall:0 (G4Tubs) ... OK! 
Checking overlaps for volume rf_b_1UsWin1:0 (G4Tubs) ... OK! 
Checking overlaps for volume rf_b_1DsWin1:0 (G4Tubs) ... OK! 
Checking overlaps for volume rf_b_1UsWin2:0 (G4Tubs) ... OK! 
Checking overlaps for volume rf_b_1DsWin2:0 (G4Tubs) ... OK! 
Checking overlaps for volume rf_b_1DsHalf:0 (G4Tubs) ... OK! 
Checking overlaps for volume rf_b_1TimingVol:0 (G4Tubs) ... OK! 
Checking overlaps for volume rf_b_1:0 (G4Tubs) ... OK! 
BLCMDpillbox::construct rf_b_1 parent= relZ=1050.0 globZ=1050.0
	zmin=1010.0 zmax=1090.0
Checking overlaps for volume rf_c_1Pipe:0 (G4Tubs) ... OK! 
Checking overlaps for volume rf_c_1UsWall:0 (G4Tubs) ... OK! 
Checking overlaps for volume rf_c_1DsWall:0 (G4Tubs) ... OK! 
Checking overlaps for volume rf_c_1UsWin1:0 (G4Tubs) ... OK! 
Checking overlaps for volume rf_c_1DsWin1:0 (G4Tubs) ... OK! 
Checking overlaps for volume rf_c_1UsWin2:0 (G4Tubs) ... OK! 
Checking overlaps for volume rf_c_1DsWin2:0 (G4Tubs) ... OK! 
Checking overlaps for volume rf_c_1DsHalf:0 (G4Tubs) ... OK! 
Checking overlaps for volume rf_c_1TimingVol:0 (G4Tubs) ... OK! 
Checking overlaps for volume rf_c_1:0 (G4Tubs) ... OK! 
BLCMDpillbox::construct rf_c_1 parent= relZ=1130.0 globZ=1130.0
	zmin=1090.0 zmax=1170.0
Checking overlaps for volume rf_d_1Pipe:0 (G4Tubs) ... OK! 
Checking overlaps for volume rf_d_1UsWall:0 (G4Tubs) ... OK! 
Checking overlaps for volume rf_d_1DsWall:0 (G4Tubs) ... OK! 
Checking overlaps for volume rf_d_1UsWin1:0 (G4Tubs) ... OK! 
Checking overlaps for volume rf_d_1DsWin1:0 (G4Tubs) ... OK! 
Checking overlaps for volume rf_d_1UsWin2:0 (G4Tubs) ... OK! 
Checking overlaps for volume rf_d_1DsWin2:0 (G4Tubs) ... OK! 
Checking overlaps for volume rf_d_1DsHalf:0 (G4Tubs) ... OK! 
Checking overlaps for volume rf_d_1TimingVol:0 (G4Tubs) ... OK! 
Checking overlaps for volume rf_d_1:0 (G4Tubs) ... OK! 
BLCMDpillbox::construct rf_d_1 parent= relZ=1210.0 globZ=1210.0
	zmin=1170.0 zmax=1250.0
Checking overlaps for volume rf_e_1Pipe:0 (G4Tubs) ... OK! 
Checking overlaps for volume rf_e_1UsWall:0 (G4Tubs) ... OK! 
Checking overlaps for volume rf_e_1DsWall:0 (G4Tubs) ... OK! 
Checking overlaps for volume rf_e_1UsWin1:0 (G4Tubs) ... OK! 
Checking overlaps for volume rf_e_1DsWin1:0 (G4Tubs) ... OK! 
Checking overlaps for volume rf_e_1UsWin2:0 (G4Tubs) ... OK! 
Checking overlaps for volume rf_e_1DsWin2:0 (G4Tubs) ... OK! 
Checking overlaps for volume rf_e_1DsHalf:0 (G4Tubs) ... OK! 
Checking overlaps for volume rf_e_1TimingVol:0 (G4Tubs) ... OK! 
Checking overlaps for volume rf_e_1:0 (G4Tubs) ... OK! 
BLCMDpillbox::construct rf_e_1 parent= relZ=1290.0 globZ=1290.0
	zmin=1250.0 zmax=1330.0
Checking overlaps for volume rf_b_2Pipe:0 (G4Tubs) ... OK! 
Checking overlaps for volume rf_b_2UsWall:0 (G4Tubs) ... OK! 
Checking overlaps for volume rf_b_2DsWall:0 (G4Tubs) ... OK! 
Checking overlaps for volume rf_b_2UsWin1:0 (G4Tubs) ... OK! 
Checking overlaps for volume rf_b_2DsWin1:0 (G4Tubs) ... OK! 
Checking overlaps for volume rf_b_2UsWin2:0 (G4Tubs) ... OK! 
Checking overlaps for volume rf_b_2DsWin2:0 (G4Tubs) ... OK! 
Checking overlaps for volume rf_b_2DsHalf:0 (G4Tubs) ... OK! 
Checking overlaps for volume rf_b_2TimingVol:0 (G4Tubs) ... OK! 
Checking overlaps for volume rf_b_2:0 (G4Tubs) ... OK! 
BLCMDpillbox::construct rf_b_2 parent= relZ=1830.0 globZ=1830.0
	zmin=1790.0 zmax=1870.0
Checking overlaps for volume rf_c_2Pipe:0 (G4Tubs) ... OK! 
Checking overlaps for volume rf_c_2UsWall:0 (G4Tubs) ... OK! 
Checking overlaps for volume rf_c_2DsWall:0 (G4Tubs) ... OK! 
Checking overlaps for volume rf_c_2UsWin1:0 (G4Tubs) ... OK! 
Checking overlaps for volume rf_c_2DsWin1:0 (G4Tubs) ... OK! 
Checking overlaps for volume rf_c_2UsWin2:0 (G4Tubs) ... OK! 
Checking overlaps for volume rf_c_2DsWin2:0 (G4Tubs) ... OK! 
Checking overlaps for volume rf_c_2DsHalf:0 (G4Tubs) ... OK! 
Checking overlaps for volume rf_c_2TimingVol:0 (G4Tubs) ... OK! 
Checking overlaps for volume rf_c_2:0 (G4Tubs) ... OK! 
BLCMDpillbox::construct rf_c_2 parent= relZ=1910.0 globZ=1910.0
	zmin=1870.0 zmax=1950.0
Checking overlaps for volume rf_d_2Pipe:0 (G4Tubs) ... OK! 
Checking overlaps for volume rf_d_2UsWall:0 (G4Tubs) ... OK! 
Checking overlaps for volume rf_d_2DsWall:0 (G4Tubs) ... OK! 
Checking overlaps for volume rf_d_2UsWin1:0 (G4Tubs) ... OK! 
Checking overlaps for volume rf_d_2DsWin1:0 (G4Tubs) ... OK! 
Checking overlaps for volume rf_d_2UsWin2:0 (G4Tubs) ... OK! 
Checking overlaps for volume rf_d_2DsWin2:0 (G4Tubs) ... OK! 
Checking overlaps for volume rf_d_2DsHalf:0 (G4Tubs) ... OK! 
Checking overlaps for volume rf_d_2TimingVol:0 (G4Tubs) ... OK! 
Checking overlaps for volume rf_d_2:0 (G4Tubs) ... OK! 
BLCMDpillbox::construct rf_d_2 parent= relZ=1990.0 globZ=1990.0
	zmin=1950.0 zmax=2030.0
Checking overlaps for volume rf_e_2Pipe:0 (G4Tubs) ... OK! 
Checking overlaps for volume rf_e_2UsWall:0 (G4Tubs) ... OK! 
Checking overlaps for volume rf_e_2DsWall:0 (G4Tubs) ... OK! 
Checking overlaps for volume rf_e_2UsWin1:0 (G4Tubs) ... OK! 
Checking overlaps for volume rf_e_2DsWin1:0 (G4Tubs) ... OK! 
Checking overlaps for volume rf_e_2UsWin2:0 (G4Tubs) ... OK! 
Checking overlaps for volume rf_e_2DsWin2:0 (G4Tubs) ... OK! 
Checking overlaps for volume rf_e_2DsHalf:0 (G4Tubs) ... OK! 
Checking overlaps for volume rf_e_2TimingVol:0 (G4Tubs) ... OK! 
Checking overlaps for volume rf_e_2:0 (G4Tubs) ... OK! 
BLCMDpillbox::construct rf_e_2 parent= relZ=2070.0 globZ=2070.0
	zmin=2030.0 zmax=2110.0
Checking overlaps for volume rf_b_3Pipe:0 (G4Tubs) ... OK! 
Checking overlaps for volume rf_b_3UsWall:0 (G4Tubs) ... OK! 
Checking overlaps for volume rf_b_3DsWall:0 (G4Tubs) ... OK! 
Checking overlaps for volume rf_b_3UsWin1:0 (G4Tubs) ... OK! 
Checking overlaps for volume rf_b_3DsWin1:0 (G4Tubs) ... OK! 
Checking overlaps for volume rf_b_3UsWin2:0 (G4Tubs) ... OK! 
Checking overlaps for volume rf_b_3DsWin2:0 (G4Tubs) ... OK! 
Checking overlaps for volume rf_b_3DsHalf:0 (G4Tubs) ... OK! 
Checking overlaps for volume rf_b_3TimingVol:0 (G4Tubs) ... OK! 
Checking overlaps for volume rf_b_3:0 (G4Tubs) ... OK! 
BLCMDpillbox::construct rf_b_3 parent= relZ=2610.0 globZ=2610.0
	zmin=2570.0 zmax=2650.0
Checking overlaps for volume rf_c_3Pipe:0 (G4Tubs) ... OK! 
Checking overlaps for volume rf_c_3UsWall:0 (G4Tubs) ... OK! 
Checking overlaps for volume rf_c_3DsWall:0 (G4Tubs) ... OK! 
Checking overlaps for volume rf_c_3UsWin1:0 (G4Tubs) ... OK! 
Checking overlaps for volume rf_c_3DsWin1:0 (G4Tubs) ... OK! 
Checking overlaps for volume rf_c_3UsWin2:0 (G4Tubs) ... OK! 
Checking overlaps for volume rf_c_3DsWin2:0 (G4Tubs) ... OK! 
Checking overlaps for volume rf_c_3DsHalf:0 (G4Tubs) ... OK! 
Checking overlaps for volume rf_c_3TimingVol:0 (G4Tubs) ... OK! 
Checking overlaps for volume rf_c_3:0 (G4Tubs) ... OK! 
BLCMDpillbox::construct rf_c_3 parent= relZ=2690.0 globZ=2690.0
	zmin=2650.0 zmax=2730.0
Checking overlaps for volume rf_d_3Pipe:0 (G4Tubs) ... OK! 
Checking overlaps for volume rf_d_3UsWall:0 (G4Tubs) ... OK! 
Checking overlaps for volume rf_d_3DsWall:0 (G4Tubs) ... OK! 
Checking overlaps for volume rf_d_3UsWin1:0 (G4Tubs) ... OK! 
Checking overlaps for volume rf_d_3DsWin1:0 (G4Tubs) ... OK! 
Checking overlaps for volume rf_d_3UsWin2:0 (G4Tubs) ... OK! 
Checking overlaps for volume rf_d_3DsWin2:0 (G4Tubs) ... OK! 
Checking overlaps for volume rf_d_3DsHalf:0 (G4Tubs) ... OK! 
Checking overlaps for volume rf_d_3TimingVol:0 (G4Tubs) ... OK! 
Checking overlaps for volume rf_d_3:0 (G4Tubs) ... OK! 
BLCMDpillbox::construct rf_d_3 parent= relZ=2770.0 globZ=2770.0
	zmin=2730.0 zmax=2810.0
Checking overlaps for volume rf_e_3Pipe:0 (G4Tubs) ... OK! 
Checking overlaps for volume rf_e_3UsWall:0 (G4Tubs) ... OK! 
Checking overlaps for volume rf_e_3DsWall:0 (G4Tubs) ... OK! 
Checking overlaps for volume rf_e_3UsWin1:0 (G4Tubs) ... OK! 
Checking overlaps for volume rf_e_3DsWin1:0 (G4Tubs) ... OK! 
Checking overlaps for volume rf_e_3UsWin2:0 (G4Tubs) ... OK! 
Checking overlaps for volume rf_e_3DsWin2:0 (G4Tubs) ... OK! 
Checking overlaps for volume rf_e_3DsHalf:0 (G4Tubs) ... OK! 
Checking overlaps for volume rf_e_3TimingVol:0 (G4Tubs) ... OK! 
Checking overlaps for volume rf_e_3:0 (G4Tubs) ... OK! 
BLCMDpillbox::construct rf_e_3 parent= relZ=2850.0 globZ=2850.0
	zmin=2810.0 zmax=2890.0
Checking overlaps for volume rf_b_4Pipe:0 (G4Tubs) ... OK! 
Checking overlaps for volume rf_b_4UsWall:0 (G4Tubs) ... OK! 
Checking overlaps for volume rf_b_4DsWall:0 (G4Tubs) ... OK! 
Checking overlaps for volume rf_b_4UsWin1:0 (G4Tubs) ... OK! 
Checking overlaps for volume rf_b_4DsWin1:0 (G4Tubs) ... OK! 
Checking overlaps for volume rf_b_4UsWin2:0 (G4Tubs) ... OK! 
Checking overlaps for volume rf_b_4DsWin2:0 (G4Tubs) ... OK! 
Checking overlaps for volume rf_b_4DsHalf:0 (G4Tubs) ... OK! 
Checking overlaps for volume rf_b_4TimingVol:0 (G4Tubs) ... OK! 
Checking overlaps for volume rf_b_4:0 (G4Tubs) ... OK! 
BLCMDpillbox::construct rf_b_4 parent= relZ=3390.0 globZ=3390.0
	zmin=3350.0 zmax=3430.0
Checking overlaps for volume rf_c_4Pipe:0 (G4Tubs) ... OK! 
Checking overlaps for volume rf_c_4UsWall:0 (G4Tubs) ... OK! 
Checking overlaps for volume rf_c_4DsWall:0 (G4Tubs) ... OK! 
Checking overlaps for volume rf_c_4UsWin1:0 (G4Tubs) ... OK! 
Checking overlaps for volume rf_c_4DsWin1:0 (G4Tubs) ... OK! 
Checking overlaps for volume rf_c_4UsWin2:0 (G4Tubs) ... OK! 
Checking overlaps for volume rf_c_4DsWin2:0 (G4Tubs) ... OK! 
Checking overlaps for volume rf_c_4DsHalf:0 (G4Tubs) ... OK! 
Checking overlaps for volume rf_c_4TimingVol:0 (G4Tubs) ... OK! 
Checking overlaps for volume rf_c_4:0 (G4Tubs) ... OK! 
BLCMDpillbox::construct rf_c_4 parent= relZ=3470.0 globZ=3470.0
	zmin=3430.0 zmax=3510.0
Checking overlaps for volume rf_d_4Pipe:0 (G4Tubs) ... OK! 
Checking overlaps for volume rf_d_4UsWall:0 (G4Tubs) ... OK! 
Checking overlaps for volume rf_d_4DsWall:0 (G4Tubs) ... OK! 
Checking overlaps for volume rf_d_4UsWin1:0 (G4Tubs) ... OK! 
Checking overlaps for volume rf_d_4DsWin1:0 (G4Tubs) ... OK! 
Checking overlaps for volume rf_d_4UsWin2:0 (G4Tubs) ... OK! 
Checking overlaps for volume rf_d_4DsWin2:0 (G4Tubs) ... OK! 
Checking overlaps for volume rf_d_4DsHalf:0 (G4Tubs) ... OK! 
Checking overlaps for volume rf_d_4TimingVol:0 (G4Tubs) ... OK! 
Checking overlaps for volume rf_d_4:0 (G4Tubs) ... OK! 
BLCMDpillbox::construct rf_d_4 parent= relZ=3550.0 globZ=3550.0
	zmin=3510.0 zmax=3590.0
Checking overlaps for volume rf_e_4Pipe:0 (G4Tubs) ... OK! 
Checking overlaps for volume rf_e_4UsWall:0 (G4Tubs) ... OK! 
Checking overlaps for volume rf_e_4DsWall:0 (G4Tubs) ... OK! 
Checking overlaps for volume rf_e_4UsWin1:0 (G4Tubs) ... OK! 
Checking overlaps for volume rf_e_4DsWin1:0 (G4Tubs) ... OK! 
Checking overlaps for volume rf_e_4UsWin2:0 (G4Tubs) ... OK! 
Checking overlaps for volume rf_e_4DsWin2:0 (G4Tubs) ... OK! 
Checking overlaps for volume rf_e_4DsHalf:0 (G4Tubs) ... OK! 
Checking overlaps for volume rf_e_4TimingVol:0 (G4Tubs) ... OK! 
Checking overlaps for volume rf_e_4:0 (G4Tubs) ... OK! 
BLCMDpillbox::construct rf_e_4 parent= relZ=3630.0 globZ=3630.0
	zmin=3590.0 zmax=3670.0
Checking overlaps for volume rf_b_5Pipe:0 (G4Tubs) ... OK! 
Checking overlaps for volume rf_b_5UsWall:0 (G4Tubs) ... OK! 
Checking overlaps for volume rf_b_5DsWall:0 (G4Tubs) ... OK! 
Checking overlaps for volume rf_b_5UsWin1:0 (G4Tubs) ... OK! 
Checking overlaps for volume rf_b_5DsWin1:0 (G4Tubs) ... OK! 
Checking overlaps for volume rf_b_5UsWin2:0 (G4Tubs) ... OK! 
Checking overlaps for volume rf_b_5DsWin2:0 (G4Tubs) ... OK! 
Checking overlaps for volume rf_b_5DsHalf:0 (G4Tubs) ... OK! 
Checking overlaps for volume rf_b_5TimingVol:0 (G4Tubs) ... OK! 
Checking overlaps for volume rf_b_5:0 (G4Tubs) ... OK! 
BLCMDpillbox::construct rf_b_5 parent= relZ=4170.0 globZ=4170.0
	zmin=4130.0 zmax=4210.0
Checking overlaps for volume rf_c_5Pipe:0 (G4Tubs) ... OK! 
Checking overlaps for volume rf_c_5UsWall:0 (G4Tubs) ... OK! 
Checking overlaps for volume rf_c_5DsWall:0 (G4Tubs) ... OK! 
Checking overlaps for volume rf_c_5UsWin1:0 (G4Tubs) ... OK! 
Checking overlaps for volume rf_c_5DsWin1:0 (G4Tubs) ... OK! 
Checking overlaps for volume rf_c_5UsWin2:0 (G4Tubs) ... OK! 
Checking overlaps for volume rf_c_5DsWin2:0 (G4Tubs) ... OK! 
Checking overlaps for volume rf_c_5DsHalf:0 (G4Tubs) ... OK! 
Checking overlaps for volume rf_c_5TimingVol:0 (G4Tubs) ... OK! 
Checking overlaps for volume rf_c_5:0 (G4Tubs) ... OK! 
BLCMDpillbox::construct rf_c_5 parent= relZ=4250.0 globZ=4250.0
	zmin=4210.0 zmax=4290.0
Checking overlaps for volume rf_d_5Pipe:0 (G4Tubs) ... OK! 
Checking overlaps for volume rf_d_5UsWall:0 (G4Tubs) ... OK! 
Checking overlaps for volume rf_d_5DsWall:0 (G4Tubs) ... OK! 
Checking overlaps for volume rf_d_5UsWin1:0 (G4Tubs) ... OK! 
Checking overlaps for volume rf_d_5DsWin1:0 (G4Tubs) ... OK! 
Checking overlaps for volume rf_d_5UsWin2:0 (G4Tubs) ... OK! 
Checking overlaps for volume rf_d_5DsWin2:0 (G4Tubs) ... OK! 
Checking overlaps for volume rf_d_5DsHalf:0 (G4Tubs) ... OK! 
Checking overlaps for volume rf_d_5TimingVol:0 (G4Tubs) ... OK! 
Checking overlaps for volume rf_d_5:0 (G4Tubs) ... OK! 
BLCMDpillbox::construct rf_d_5 parent= relZ=4330.0 globZ=4330.0
	zmin=4290.0 zmax=4370.0
Checking overlaps for volume rf_e_5Pipe:0 (G4Tubs) ... OK! 
Checking overlaps for volume rf_e_5UsWall:0 (G4Tubs) ... OK! 
Checking overlaps for volume rf_e_5DsWall:0 (G4Tubs) ... OK! 
Checking overlaps for volume rf_e_5UsWin1:0 (G4Tubs) ... OK! 
Checking overlaps for volume rf_e_5DsWin1:0 (G4Tubs) ... OK! 
Checking overlaps for volume rf_e_5UsWin2:0 (G4Tubs) ... OK! 
Checking overlaps for volume rf_e_5DsWin2:0 (G4Tubs) ... OK! 
Checking overlaps for volume rf_e_5DsHalf:0 (G4Tubs) ... OK! 
Checking overlaps for volume rf_e_5TimingVol:0 (G4Tubs) ... OK! 
Checking overlaps for volume rf_e_5:0 (G4Tubs) ... OK! 
BLCMDpillbox::construct rf_e_5 parent= relZ=4410.0 globZ=4410.0
	zmin=4370.0 zmax=4450.0
Checking overlaps for volume rf_b_6Pipe:0 (G4Tubs) ... OK! 
Checking overlaps for volume rf_b_6UsWall:0 (G4Tubs) ... OK! 
Checking overlaps for volume rf_b_6DsWall:0 (G4Tubs) ... OK! 
Checking overlaps for volume rf_b_6UsWin1:0 (G4Tubs) ... OK! 
Checking overlaps for volume rf_b_6DsWin1:0 (G4Tubs) ... OK! 
Checking overlaps for volume rf_b_6UsWin2:0 (G4Tubs) ... OK! 
Checking overlaps for volume rf_b_6DsWin2:0 (G4Tubs) ... OK! 
Checking overlaps for volume rf_b_6DsHalf:0 (G4Tubs) ... OK! 
Checking overlaps for volume rf_b_6TimingVol:0 (G4Tubs) ... OK! 
Checking overlaps for volume rf_b_6:0 (G4Tubs) ... OK! 
BLCMDpillbox::construct rf_b_6 parent= relZ=4950.0 globZ=4950.0
	zmin=4910.0 zmax=4990.0
Checking overlaps for volume rf_c_6Pipe:0 (G4Tubs) ... OK! 
Checking overlaps for volume rf_c_6UsWall:0 (G4Tubs) ... OK! 
Checking overlaps for volume rf_c_6DsWall:0 (G4Tubs) ... OK! 
Checking overlaps for volume rf_c_6UsWin1:0 (G4Tubs) ... OK! 
Checking overlaps for volume rf_c_6DsWin1:0 (G4Tubs) ... OK! 
Checking overlaps for volume rf_c_6UsWin2:0 (G4Tubs) ... OK! 
Checking overlaps for volume rf_c_6DsWin2:0 (G4Tubs) ... OK! 
Checking overlaps for volume rf_c_6DsHalf:0 (G4Tubs) ... OK! 
Checking overlaps for volume rf_c_6TimingVol:0 (G4Tubs) ... OK! 
Checking overlaps for volume rf_c_6:0 (G4Tubs) ... OK! 
BLCMDpillbox::construct rf_c_6 parent= relZ=5030.0 globZ=5030.0
	zmin=4990.0 zmax=5070.0
Checking overlaps for volume rf_d_6Pipe:0 (G4Tubs) ... OK! 
Checking overlaps for volume rf_d_6UsWall:0 (G4Tubs) ... OK! 
Checking overlaps for volume rf_d_6DsWall:0 (G4Tubs) ... OK! 
Checking overlaps for volume rf_d_6UsWin1:0 (G4Tubs) ... OK! 
Checking overlaps for volume rf_d_6DsWin1:0 (G4Tubs) ... OK! 
Checking overlaps for volume rf_d_6UsWin2:0 (G4Tubs) ... OK! 
Checking overlaps for volume rf_d_6DsWin2:0 (G4Tubs) ... OK! 
Checking overlaps for volume rf_d_6DsHalf:0 (G4Tubs) ... OK! 
Checking overlaps for volume rf_d_6TimingVol:0 (G4Tubs) ... OK! 
Checking overlaps for volume rf_d_6:0 (G4Tubs) ... OK! 
BLCMDpillbox::construct rf_d_6 parent= relZ=5110.0 globZ=5110.0
	zmin=5070.0 zmax=5150.0
Checking overlaps for volume rf_e_6Pipe:0 (G4Tubs) ... OK! 
Checking overlaps for volume rf_e_6UsWall:0 (G4Tubs) ... OK! 
Checking overlaps for volume rf_e_6DsWall:0 (G4Tubs) ... OK! 
Checking overlaps for volume rf_e_6UsWin1:0 (G4Tubs) ... OK! 
Checking overlaps for volume rf_e_6DsWin1:0 (G4Tubs) ... OK! 
Checking overlaps for volume rf_e_6UsWin2:0 (G4Tubs) ... OK! 
Checking overlaps for volume rf_e_6DsWin2:0 (G4Tubs) ... OK! 
Checking overlaps for volume rf_e_6DsHalf:0 (G4Tubs) ... OK! 
Checking overlaps for volume rf_e_6TimingVol:0 (G4Tubs) ... OK! 
Checking overlaps for volume rf_e_6:0 (G4Tubs) ... OK! 
BLCMDpillbox::construct rf_e_6 parent= relZ=5190.0 globZ=5190.0
	zmin=5150.0 zmax=5230.0
Checking overlaps for volume rf_b_7Pipe:0 (G4Tubs) ... OK! 
Checking overlaps for volume rf_b_7UsWall:0 (G4Tubs) ... OK! 
Checking overlaps for volume rf_b_7DsWall:0 (G4Tubs) ... OK! 
Checking overlaps for volume rf_b_7UsWin1:0 (G4Tubs) ... OK! 
Checking overlaps for volume rf_b_7DsWin1:0 (G4Tubs) ... OK! 
Checking overlaps for volume rf_b_7UsWin2:0 (G4Tubs) ... OK! 
Checking overlaps for volume rf_b_7DsWin2:0 (G4Tubs) ... OK! 
Checking overlaps for volume rf_b_7DsHalf:0 (G4Tubs) ... OK! 
Checking overlaps for volume rf_b_7TimingVol:0 (G4Tubs) ... OK! 
Checking overlaps for volume rf_b_7:0 (G4Tubs) ... OK! 
BLCMDpillbox::construct rf_b_7 parent= relZ=5730.0 globZ=5730.0
	zmin=5690.0 zmax=5770.0
Checking overlaps for volume rf_c_7Pipe:0 (G4Tubs) ... OK! 
Checking overlaps for volume rf_c_7UsWall:0 (G4Tubs) ... OK! 
Checking overlaps for volume rf_c_7DsWall:0 (G4Tubs) ... OK! 
Checking overlaps for volume rf_c_7UsWin1:0 (G4Tubs) ... OK! 
Checking overlaps for volume rf_c_7DsWin1:0 (G4Tubs) ... OK! 
Checking overlaps for volume rf_c_7UsWin2:0 (G4Tubs) ... OK! 
Checking overlaps for volume rf_c_7DsWin2:0 (G4Tubs) ... OK! 
Checking overlaps for volume rf_c_7DsHalf:0 (G4Tubs) ... OK! 
Checking overlaps for volume rf_c_7TimingVol:0 (G4Tubs) ... OK! 
Checking overlaps for volume rf_c_7:0 (G4Tubs) ... OK! 
BLCMDpillbox::construct rf_c_7 parent= relZ=5810.0 globZ=5810.0
	zmin=5770.0 zmax=5850.0
Checking overlaps for volume rf_d_7Pipe:0 (G4Tubs) ... OK! 
Checking overlaps for volume rf_d_7UsWall:0 (G4Tubs) ... OK! 
Checking overlaps for volume rf_d_7DsWall:0 (G4Tubs) ... OK! 
Checking overlaps for volume rf_d_7UsWin1:0 (G4Tubs) ... OK! 
Checking overlaps for volume rf_d_7DsWin1:0 (G4Tubs) ... OK! 
Checking overlaps for volume rf_d_7UsWin2:0 (G4Tubs) ... OK! 
Checking overlaps for volume rf_d_7DsWin2:0 (G4Tubs) ... OK! 
Checking overlaps for volume rf_d_7DsHalf:0 (G4Tubs) ... OK! 
Checking overlaps for volume rf_d_7TimingVol:0 (G4Tubs) ... OK! 
Checking overlaps for volume rf_d_7:0 (G4Tubs) ... OK! 
BLCMDpillbox::construct rf_d_7 parent= relZ=5890.0 globZ=5890.0
	zmin=5850.0 zmax=5930.0
Checking overlaps for volume rf_e_7Pipe:0 (G4Tubs) ... OK! 
Checking overlaps for volume rf_e_7UsWall:0 (G4Tubs) ... OK! 
Checking overlaps for volume rf_e_7DsWall:0 (G4Tubs) ... OK! 
Checking overlaps for volume rf_e_7UsWin1:0 (G4Tubs) ... OK! 
Checking overlaps for volume rf_e_7DsWin1:0 (G4Tubs) ... OK! 
Checking overlaps for volume rf_e_7UsWin2:0 (G4Tubs) ... OK! 
Checking overlaps for volume rf_e_7DsWin2:0 (G4Tubs) ... OK! 
Checking overlaps for volume rf_e_7DsHalf:0 (G4Tubs) ... OK! 
Checking overlaps for volume rf_e_7TimingVol:0 (G4Tubs) ... OK! 
Checking overlaps for volume rf_e_7:0 (G4Tubs) ... OK! 
BLCMDpillbox::construct rf_e_7 parent= relZ=5970.0 globZ=5970.0
	zmin=5930.0 zmax=6010.0
Checking overlaps for volume rf_b_8Pipe:0 (G4Tubs) ... OK! 
Checking overlaps for volume rf_b_8UsWall:0 (G4Tubs) ... OK! 
Checking overlaps for volume rf_b_8DsWall:0 (G4Tubs) ... OK! 
Checking overlaps for volume rf_b_8UsWin1:0 (G4Tubs) ... OK! 
Checking overlaps for volume rf_b_8DsWin1:0 (G4Tubs) ... OK! 
Checking overlaps for volume rf_b_8UsWin2:0 (G4Tubs) ... OK! 
Checking overlaps for volume rf_b_8DsWin2:0 (G4Tubs) ... OK! 
Checking overlaps for volume rf_b_8DsHalf:0 (G4Tubs) ... OK! 
Checking overlaps for volume rf_b_8TimingVol:0 (G4Tubs) ... OK! 
Checking overlaps for volume rf_b_8:0 (G4Tubs) ... OK! 
BLCMDpillbox::construct rf_b_8 parent= relZ=6510.0 globZ=6510.0
	zmin=6470.0 zmax=6550.0
Checking overlaps for volume rf_c_8Pipe:0 (G4Tubs) ... OK! 
Checking overlaps for volume rf_c_8UsWall:0 (G4Tubs) ... OK! 
Checking overlaps for volume rf_c_8DsWall:0 (G4Tubs) ... OK! 
Checking overlaps for volume rf_c_8UsWin1:0 (G4Tubs) ... OK! 
Checking overlaps for volume rf_c_8DsWin1:0 (G4Tubs) ... OK! 
Checking overlaps for volume rf_c_8UsWin2:0 (G4Tubs) ... OK! 
Checking overlaps for volume rf_c_8DsWin2:0 (G4Tubs) ... OK! 
Checking overlaps for volume rf_c_8DsHalf:0 (G4Tubs) ... OK! 
Checking overlaps for volume rf_c_8TimingVol:0 (G4Tubs) ... OK! 
Checking overlaps for volume rf_c_8:0 (G4Tubs) ... OK! 
BLCMDpillbox::construct rf_c_8 parent= relZ=6590.0 globZ=6590.0
	zmin=6550.0 zmax=6630.0
Checking overlaps for volume rf_d_8Pipe:0 (G4Tubs) ... OK! 
Checking overlaps for volume rf_d_8UsWall:0 (G4Tubs) ... OK! 
Checking overlaps for volume rf_d_8DsWall:0 (G4Tubs) ... OK! 
Checking overlaps for volume rf_d_8UsWin1:0 (G4Tubs) ... OK! 
Checking overlaps for volume rf_d_8DsWin1:0 (G4Tubs) ... OK! 
Checking overlaps for volume rf_d_8UsWin2:0 (G4Tubs) ... OK! 
Checking overlaps for volume rf_d_8DsWin2:0 (G4Tubs) ... OK! 
Checking overlaps for volume rf_d_8DsHalf:0 (G4Tubs) ... OK! 
Checking overlaps for volume rf_d_8TimingVol:0 (G4Tubs) ... OK! 
Checking overlaps for volume rf_d_8:0 (G4Tubs) ... OK! 
BLCMDpillbox::construct rf_d_8 parent= relZ=6670.0 globZ=6670.0
	zmin=6630.0 zmax=6710.0
Checking overlaps for volume rf_e_8Pipe:0 (G4Tubs) ... OK! 
Checking overlaps for volume rf_e_8UsWall:0 (G4Tubs) ... OK! 
Checking overlaps for volume rf_e_8DsWall:0 (G4Tubs) ... OK! 
Checking overlaps for volume rf_e_8UsWin1:0 (G4Tubs) ... OK! 
Checking overlaps for volume rf_e_8DsWin1:0 (G4Tubs) ... OK! 
Checking overlaps for volume rf_e_8UsWin2:0 (G4Tubs) ... OK! 
Checking overlaps for volume rf_e_8DsWin2:0 (G4Tubs) ... OK! 
Checking overlaps for volume rf_e_8DsHalf:0 (G4Tubs) ... OK! 
Checking overlaps for volume rf_e_8TimingVol:0 (G4Tubs) ... OK! 
Checking overlaps for volume rf_e_8:0 (G4Tubs) ... OK! 
BLCMDpillbox::construct rf_e_8 parent= relZ=6750.0 globZ=6750.0
	zmin=6710.0 zmax=6790.0
Checking overlaps for volume rf_b_9Pipe:0 (G4Tubs) ... OK! 
Checking overlaps for volume rf_b_9UsWall:0 (G4Tubs) ... OK! 
Checking overlaps for volume rf_b_9DsWall:0 (G4Tubs) ... OK! 
Checking overlaps for volume rf_b_9UsWin1:0 (G4Tubs) ... OK! 
Checking overlaps for volume rf_b_9DsWin1:0 (G4Tubs) ... OK! 
Checking overlaps for volume rf_b_9UsWin2:0 (G4Tubs) ... OK! 
Checking overlaps for volume rf_b_9DsWin2:0 (G4Tubs) ... OK! 
Checking overlaps for volume rf_b_9DsHalf:0 (G4Tubs) ... OK! 
Checking overlaps for volume rf_b_9TimingVol:0 (G4Tubs) ... OK! 
Checking overlaps for volume rf_b_9:0 (G4Tubs) ... OK! 
BLCMDpillbox::construct rf_b_9 parent= relZ=7290.0 globZ=7290.0
	zmin=7250.0 zmax=7330.0
Checking overlaps for volume rf_c_9Pipe:0 (G4Tubs) ... OK! 
Checking overlaps for volume rf_c_9UsWall:0 (G4Tubs) ... OK! 
Checking overlaps for volume rf_c_9DsWall:0 (G4Tubs) ... OK! 
Checking overlaps for volume rf_c_9UsWin1:0 (G4Tubs) ... OK! 
Checking overlaps for volume rf_c_9DsWin1:0 (G4Tubs) ... OK! 
Checking overlaps for volume rf_c_9UsWin2:0 (G4Tubs) ... OK! 
Checking overlaps for volume rf_c_9DsWin2:0 (G4Tubs) ... OK! 
Checking overlaps for volume rf_c_9DsHalf:0 (G4Tubs) ... OK! 
Checking overlaps for volume rf_c_9TimingVol:0 (G4Tubs) ... OK! 
Checking overlaps for volume rf_c_9:0 (G4Tubs) ... OK! 
BLCMDpillbox::construct rf_c_9 parent= relZ=7370.0 globZ=7370.0
	zmin=7330.0 zmax=7410.0
Checking overlaps for volume rf_d_9Pipe:0 (G4Tubs) ... OK! 
Checking overlaps for volume rf_d_9UsWall:0 (G4Tubs) ... OK! 
Checking overlaps for volume rf_d_9DsWall:0 (G4Tubs) ... OK! 
Checking overlaps for volume rf_d_9UsWin1:0 (G4Tubs) ... OK! 
Checking overlaps for volume rf_d_9DsWin1:0 (G4Tubs) ... OK! 
Checking overlaps for volume rf_d_9UsWin2:0 (G4Tubs) ... OK! 
Checking overlaps for volume rf_d_9DsWin2:0 (G4Tubs) ... OK! 
Checking overlaps for volume rf_d_9DsHalf:0 (G4Tubs) ... OK! 
Checking overlaps for volume rf_d_9TimingVol:0 (G4Tubs) ... OK! 
Checking overlaps for volume rf_d_9:0 (G4Tubs) ... OK! 
BLCMDpillbox::construct rf_d_9 parent= relZ=7450.0 globZ=7450.0
	zmin=7410.0 zmax=7490.0
Checking overlaps for volume rf_e_9Pipe:0 (G4Tubs) ... OK! 
Checking overlaps for volume rf_e_9UsWall:0 (G4Tubs) ... OK! 
Checking overlaps for volume rf_e_9DsWall:0 (G4Tubs) ... OK! 
Checking overlaps for volume rf_e_9UsWin1:0 (G4Tubs) ... OK! 
Checking overlaps for volume rf_e_9DsWin1:0 (G4Tubs) ... OK! 
Checking overlaps for volume rf_e_9UsWin2:0 (G4Tubs) ... OK! 
Checking overlaps for volume rf_e_9DsWin2:0 (G4Tubs) ... OK! 
Checking overlaps for volume rf_e_9DsHalf:0 (G4Tubs) ... OK! 
Checking overlaps for volume rf_e_9TimingVol:0 (G4Tubs) ... OK! 
Checking overlaps for volume rf_e_9:0 (G4Tubs) ... OK! 
BLCMDpillbox::construct rf_e_9 parent= relZ=7530.0 globZ=7530.0
	zmin=7490.0 zmax=7570.0
Checking overlaps for volume rf_b_10Pipe:0 (G4Tubs) ... OK! 
Checking overlaps for volume rf_b_10UsWall:0 (G4Tubs) ... OK! 
Checking overlaps for volume rf_b_10DsWall:0 (G4Tubs) ... OK! 
Checking overlaps for volume rf_b_10UsWin1:0 (G4Tubs) ... OK! 
Checking overlaps for volume rf_b_10DsWin1:0 (G4Tubs) ... OK! 
Checking overlaps for volume rf_b_10UsWin2:0 (G4Tubs) ... OK! 
Checking overlaps for volume rf_b_10DsWin2:0 (G4Tubs) ... OK! 
Checking overlaps for volume rf_b_10DsHalf:0 (G4Tubs) ... OK! 
Checking overlaps for volume rf_b_10TimingVol:0 (G4Tubs) ... OK! 
Checking overlaps for volume rf_b_10:0 (G4Tubs) ... OK! 
BLCMDpillbox::construct rf_b_10 parent= relZ=8070.0 globZ=8070.0
	zmin=8030.0 zmax=8110.0
Checking overlaps for volume rf_c_10Pipe:0 (G4Tubs) ... OK! 
Checking overlaps for volume rf_c_10UsWall:0 (G4Tubs) ... OK! 
Checking overlaps for volume rf_c_10DsWall:0 (G4Tubs) ... OK! 
Checking overlaps for volume rf_c_10UsWin1:0 (G4Tubs) ... OK! 
Checking overlaps for volume rf_c_10DsWin1:0 (G4Tubs) ... OK! 
Checking overlaps for volume rf_c_10UsWin2:0 (G4Tubs) ... OK! 
Checking overlaps for volume rf_c_10DsWin2:0 (G4Tubs) ... OK! 
Checking overlaps for volume rf_c_10DsHalf:0 (G4Tubs) ... OK! 
Checking overlaps for volume rf_c_10TimingVol:0 (G4Tubs) ... OK! 
Checking overlaps for volume rf_c_10:0 (G4Tubs) ... OK! 
BLCMDpillbox::construct rf_c_10 parent= relZ=8150.0 globZ=8150.0
	zmin=8110.0 zmax=8190.0
Checking overlaps for volume rf_d_10Pipe:0 (G4Tubs) ... OK! 
Checking overlaps for volume rf_d_10UsWall:0 (G4Tubs) ... OK! 
Checking overlaps for volume rf_d_10DsWall:0 (G4Tubs) ... OK! 
Checking overlaps for volume rf_d_10UsWin1:0 (G4Tubs) ... OK! 
Checking overlaps for volume rf_d_10DsWin1:0 (G4Tubs) ... OK! 
Checking overlaps for volume rf_d_10UsWin2:0 (G4Tubs) ... OK! 
Checking overlaps for volume rf_d_10DsWin2:0 (G4Tubs) ... OK! 
Checking overlaps for volume rf_d_10DsHalf:0 (G4Tubs) ... OK! 
Checking overlaps for volume rf_d_10TimingVol:0 (G4Tubs) ... OK! 
Checking overlaps for volume rf_d_10:0 (G4Tubs) ... OK! 
BLCMDpillbox::construct rf_d_10 parent= relZ=8230.0 globZ=8230.0
	zmin=8190.0 zmax=8270.0
Checking overlaps for volume rf_e_10Pipe:0 (G4Tubs) ... OK! 
Checking overlaps for volume rf_e_10UsWall:0 (G4Tubs) ... OK! 
Checking overlaps for volume rf_e_10DsWall:0 (G4Tubs) ... OK! 
Checking overlaps for volume rf_e_10UsWin1:0 (G4Tubs) ... OK! 
Checking overlaps for volume rf_e_10DsWin1:0 (G4Tubs) ... OK! 
Checking overlaps for volume rf_e_10UsWin2:0 (G4Tubs) ... OK! 
Checking overlaps for volume rf_e_10DsWin2:0 (G4Tubs) ... OK! 
Checking overlaps for volume rf_e_10DsHalf:0 (G4Tubs) ... OK! 
Checking overlaps for volume rf_e_10TimingVol:0 (G4Tubs) ... OK! 
Checking overlaps for volume rf_e_10:0 (G4Tubs) ... OK! 
BLCMDpillbox::construct rf_e_10 parent= relZ=8310.0 globZ=8310.0
	zmin=8270.0 zmax=8350.0
Checking overlaps for volume rf_b_11Pipe:0 (G4Tubs) ... OK! 
Checking overlaps for volume rf_b_11UsWall:0 (G4Tubs) ... OK! 
Checking overlaps for volume rf_b_11DsWall:0 (G4Tubs) ... OK! 
Checking overlaps for volume rf_b_11UsWin1:0 (G4Tubs) ... OK! 
Checking overlaps for volume rf_b_11DsWin1:0 (G4Tubs) ... OK! 
Checking overlaps for volume rf_b_11UsWin2:0 (G4Tubs) ... OK! 
Checking overlaps for volume rf_b_11DsWin2:0 (G4Tubs) ... OK! 
Checking overlaps for volume rf_b_11DsHalf:0 (G4Tubs) ... OK! 
Checking overlaps for volume rf_b_11TimingVol:0 (G4Tubs) ... OK! 
Checking overlaps for volume rf_b_11:0 (G4Tubs) ... OK! 
BLCMDpillbox::construct rf_b_11 parent= relZ=8850.0 globZ=8850.0
	zmin=8810.0 zmax=8890.0
Checking overlaps for volume rf_c_11Pipe:0 (G4Tubs) ... OK! 
Checking overlaps for volume rf_c_11UsWall:0 (G4Tubs) ... OK! 
Checking overlaps for volume rf_c_11DsWall:0 (G4Tubs) ... OK! 
Checking overlaps for volume rf_c_11UsWin1:0 (G4Tubs) ... OK! 
Checking overlaps for volume rf_c_11DsWin1:0 (G4Tubs) ... OK! 
Checking overlaps for volume rf_c_11UsWin2:0 (G4Tubs) ... OK! 
Checking overlaps for volume rf_c_11DsWin2:0 (G4Tubs) ... OK! 
Checking overlaps for volume rf_c_11DsHalf:0 (G4Tubs) ... OK! 
Checking overlaps for volume rf_c_11TimingVol:0 (G4Tubs) ... OK! 
Checking overlaps for volume rf_c_11:0 (G4Tubs) ... OK! 
BLCMDpillbox::construct rf_c_11 parent= relZ=8930.0 globZ=8930.0
	zmin=8890.0 zmax=8970.0
Checking overlaps for volume rf_d_11Pipe:0 (G4Tubs) ... OK! 
Checking overlaps for volume rf_d_11UsWall:0 (G4Tubs) ... OK! 
Checking overlaps for volume rf_d_11DsWall:0 (G4Tubs) ... OK! 
Checking overlaps for volume rf_d_11UsWin1:0 (G4Tubs) ... OK! 
Checking overlaps for volume rf_d_11DsWin1:0 (G4Tubs) ... OK! 
Checking overlaps for volume rf_d_11UsWin2:0 (G4Tubs) ... OK! 
Checking overlaps for volume rf_d_11DsWin2:0 (G4Tubs) ... OK! 
Checking overlaps for volume rf_d_11DsHalf:0 (G4Tubs) ... OK! 
Checking overlaps for volume rf_d_11TimingVol:0 (G4Tubs) ... OK! 
Checking overlaps for volume rf_d_11:0 (G4Tubs) ... OK! 
BLCMDpillbox::construct rf_d_11 parent= relZ=9010.0 globZ=9010.0
	zmin=8970.0 zmax=9050.0
Checking overlaps for volume rf_e_11Pipe:0 (G4Tubs) ... OK! 
Checking overlaps for volume rf_e_11UsWall:0 (G4Tubs) ... OK! 
Checking overlaps for volume rf_e_11DsWall:0 (G4Tubs) ... OK! 
Checking overlaps for volume rf_e_11UsWin1:0 (G4Tubs) ... OK! 
Checking overlaps for volume rf_e_11DsWin1:0 (G4Tubs) ... OK! 
Checking overlaps for volume rf_e_11UsWin2:0 (G4Tubs) ... OK! 
Checking overlaps for volume rf_e_11DsWin2:0 (G4Tubs) ... OK! 
Checking overlaps for volume rf_e_11DsHalf:0 (G4Tubs) ... OK! 
Checking overlaps for volume rf_e_11TimingVol:0 (G4Tubs) ... OK! 
Checking overlaps for volume rf_e_11:0 (G4Tubs) ... OK! 
BLCMDpillbox::construct rf_e_11 parent= relZ=9090.0 globZ=9090.0
	zmin=9050.0 zmax=9130.0
Checking overlaps for volume rf_b_12Pipe:0 (G4Tubs) ... OK! 
Checking overlaps for volume rf_b_12UsWall:0 (G4Tubs) ... OK! 
Checking overlaps for volume rf_b_12DsWall:0 (G4Tubs) ... OK! 
Checking overlaps for volume rf_b_12UsWin1:0 (G4Tubs) ... OK! 
Checking overlaps for volume rf_b_12DsWin1:0 (G4Tubs) ... OK! 
Checking overlaps for volume rf_b_12UsWin2:0 (G4Tubs) ... OK! 
Checking overlaps for volume rf_b_12DsWin2:0 (G4Tubs) ... OK! 
Checking overlaps for volume rf_b_12DsHalf:0 (G4Tubs) ... OK! 
Checking overlaps for volume rf_b_12TimingVol:0 (G4Tubs) ... OK! 
Checking overlaps for volume rf_b_12:0 (G4Tubs) ... OK! 
BLCMDpillbox::construct rf_b_12 parent= relZ=9630.0 globZ=9630.0
	zmin=9590.0 zmax=9670.0
Checking overlaps for volume rf_c_12Pipe:0 (G4Tubs) ... OK! 
Checking overlaps for volume rf_c_12UsWall:0 (G4Tubs) ... OK! 
Checking overlaps for volume rf_c_12DsWall:0 (G4Tubs) ... OK! 
Checking overlaps for volume rf_c_12UsWin1:0 (G4Tubs) ... OK! 
Checking overlaps for volume rf_c_12DsWin1:0 (G4Tubs) ... OK! 
Checking overlaps for volume rf_c_12UsWin2:0 (G4Tubs) ... OK! 
Checking overlaps for volume rf_c_12DsWin2:0 (G4Tubs) ... OK! 
Checking overlaps for volume rf_c_12DsHalf:0 (G4Tubs) ... OK! 
Checking overlaps for volume rf_c_12TimingVol:0 (G4Tubs) ... OK! 
Checking overlaps for volume rf_c_12:0 (G4Tubs) ... OK! 
BLCMDpillbox::construct rf_c_12 parent= relZ=9710.0 globZ=9710.0
	zmin=9670.0 zmax=9750.0
Checking overlaps for volume rf_d_12Pipe:0 (G4Tubs) ... OK! 
Checking overlaps for volume rf_d_12UsWall:0 (G4Tubs) ... OK! 
Checking overlaps for volume rf_d_12DsWall:0 (G4Tubs) ... OK! 
Checking overlaps for volume rf_d_12UsWin1:0 (G4Tubs) ... OK! 
Checking overlaps for volume rf_d_12DsWin1:0 (G4Tubs) ... OK! 
Checking overlaps for volume rf_d_12UsWin2:0 (G4Tubs) ... OK! 
Checking overlaps for volume rf_d_12DsWin2:0 (G4Tubs) ... OK! 
Checking overlaps for volume rf_d_12DsHalf:0 (G4Tubs) ... OK! 
Checking overlaps for volume rf_d_12TimingVol:0 (G4Tubs) ... OK! 
Checking overlaps for volume rf_d_12:0 (G4Tubs) ... OK! 
BLCMDpillbox::construct rf_d_12 parent= relZ=9790.0 globZ=9790.0
	zmin=9750.0 zmax=9830.0
Checking overlaps for volume rf_e_12Pipe:0 (G4Tubs) ... OK! 
Checking overlaps for volume rf_e_12UsWall:0 (G4Tubs) ... OK! 
Checking overlaps for volume rf_e_12DsWall:0 (G4Tubs) ... OK! 
Checking overlaps for volume rf_e_12UsWin1:0 (G4Tubs) ... OK! 
Checking overlaps for volume rf_e_12DsWin1:0 (G4Tubs) ... OK! 
Checking overlaps for volume rf_e_12UsWin2:0 (G4Tubs) ... OK! 
Checking overlaps for volume rf_e_12DsWin2:0 (G4Tubs) ... OK! 
Checking overlaps for volume rf_e_12DsHalf:0 (G4Tubs) ... OK! 
Checking overlaps for volume rf_e_12TimingVol:0 (G4Tubs) ... OK! 
Checking overlaps for volume rf_e_12:0 (G4Tubs) ... OK! 
BLCMDpillbox::construct rf_e_12 parent= relZ=9870.0 globZ=9870.0
	zmin=9830.0 zmax=9910.0
Checking overlaps for volume rf_b_13Pipe:0 (G4Tubs) ... OK! 
Checking overlaps for volume rf_b_13UsWall:0 (G4Tubs) ... OK! 
Checking overlaps for volume rf_b_13DsWall:0 (G4Tubs) ... OK! 
Checking overlaps for volume rf_b_13UsWin1:0 (G4Tubs) ... OK! 
Checking overlaps for volume rf_b_13DsWin1:0 (G4Tubs) ... OK! 
Checking overlaps for volume rf_b_13UsWin2:0 (G4Tubs) ... OK! 
Checking overlaps for volume rf_b_13DsWin2:0 (G4Tubs) ... OK! 
Checking overlaps for volume rf_b_13DsHalf:0 (G4Tubs) ... OK! 
Checking overlaps for volume rf_b_13TimingVol:0 (G4Tubs) ... OK! 
Checking overlaps for volume rf_b_13:0 (G4Tubs) ... OK! 
BLCMDpillbox::construct rf_b_13 parent= relZ=10410.0 globZ=10410.0
	zmin=10370.0 zmax=10450.0
Checking overlaps for volume rf_c_13Pipe:0 (G4Tubs) ... OK! 
Checking overlaps for volume rf_c_13UsWall:0 (G4Tubs) ... OK! 
Checking overlaps for volume rf_c_13DsWall:0 (G4Tubs) ... OK! 
Checking overlaps for volume rf_c_13UsWin1:0 (G4Tubs) ... OK! 
Checking overlaps for volume rf_c_13DsWin1:0 (G4Tubs) ... OK! 
Checking overlaps for volume rf_c_13UsWin2:0 (G4Tubs) ... OK! 
Checking overlaps for volume rf_c_13DsWin2:0 (G4Tubs) ... OK! 
Checking overlaps for volume rf_c_13DsHalf:0 (G4Tubs) ... OK! 
Checking overlaps for volume rf_c_13TimingVol:0 (G4Tubs) ... OK! 
Checking overlaps for volume rf_c_13:0 (G4Tubs) ... OK! 
BLCMDpillbox::construct rf_c_13 parent= relZ=10490.0 globZ=10490.0
	zmin=10450.0 zmax=10530.0
Checking overlaps for volume rf_d_13Pipe:0 (G4Tubs) ... OK! 
Checking overlaps for volume rf_d_13UsWall:0 (G4Tubs) ... OK! 
Checking overlaps for volume rf_d_13DsWall:0 (G4Tubs) ... OK! 
Checking overlaps for volume rf_d_13UsWin1:0 (G4Tubs) ... OK! 
Checking overlaps for volume rf_d_13DsWin1:0 (G4Tubs) ... OK! 
Checking overlaps for volume rf_d_13UsWin2:0 (G4Tubs) ... OK! 
Checking overlaps for volume rf_d_13DsWin2:0 (G4Tubs) ... OK! 
Checking overlaps for volume rf_d_13DsHalf:0 (G4Tubs) ... OK! 
Checking overlaps for volume rf_d_13TimingVol:0 (G4Tubs) ... OK! 
Checking overlaps for volume rf_d_13:0 (G4Tubs) ... OK! 
BLCMDpillbox::construct rf_d_13 parent= relZ=10570.0 globZ=10570.0
	zmin=10530.0 zmax=10610.0
Checking overlaps for volume rf_e_13Pipe:0 (G4Tubs) ... OK! 
Checking overlaps for volume rf_e_13UsWall:0 (G4Tubs) ... OK! 
Checking overlaps for volume rf_e_13DsWall:0 (G4Tubs) ... OK! 
Checking overlaps for volume rf_e_13UsWin1:0 (G4Tubs) ... OK! 
Checking overlaps for volume rf_e_13DsWin1:0 (G4Tubs) ... OK! 
Checking overlaps for volume rf_e_13UsWin2:0 (G4Tubs) ... OK! 
Checking overlaps for volume rf_e_13DsWin2:0 (G4Tubs) ... OK! 
Checking overlaps for volume rf_e_13DsHalf:0 (G4Tubs) ... OK! 
Checking overlaps for volume rf_e_13TimingVol:0 (G4Tubs) ... OK! 
Checking overlaps for volume rf_e_13:0 (G4Tubs) ... OK! 
BLCMDpillbox::construct rf_e_13 parent= relZ=10650.0 globZ=10650.0
	zmin=10610.0 zmax=10690.0
Checking overlaps for volume rf_b_14Pipe:0 (G4Tubs) ... OK! 
Checking overlaps for volume rf_b_14UsWall:0 (G4Tubs) ... OK! 
Checking overlaps for volume rf_b_14DsWall:0 (G4Tubs) ... OK! 
Checking overlaps for volume rf_b_14UsWin1:0 (G4Tubs) ... OK! 
Checking overlaps for volume rf_b_14DsWin1:0 (G4Tubs) ... OK! 
Checking overlaps for volume rf_b_14UsWin2:0 (G4Tubs) ... OK! 
Checking overlaps for volume rf_b_14DsWin2:0 (G4Tubs) ... OK! 
Checking overlaps for volume rf_b_14DsHalf:0 (G4Tubs) ... OK! 
Checking overlaps for volume rf_b_14TimingVol:0 (G4Tubs) ... OK! 
Checking overlaps for volume rf_b_14:0 (G4Tubs) ... OK! 
BLCMDpillbox::construct rf_b_14 parent= relZ=11190.0 globZ=11190.0
	zmin=11150.0 zmax=11230.0
Checking overlaps for volume rf_c_14Pipe:0 (G4Tubs) ... OK! 
Checking overlaps for volume rf_c_14UsWall:0 (G4Tubs) ... OK! 
Checking overlaps for volume rf_c_14DsWall:0 (G4Tubs) ... OK! 
Checking overlaps for volume rf_c_14UsWin1:0 (G4Tubs) ... OK! 
Checking overlaps for volume rf_c_14DsWin1:0 (G4Tubs) ... OK! 
Checking overlaps for volume rf_c_14UsWin2:0 (G4Tubs) ... OK! 
Checking overlaps for volume rf_c_14DsWin2:0 (G4Tubs) ... OK! 
Checking overlaps for volume rf_c_14DsHalf:0 (G4Tubs) ... OK! 
Checking overlaps for volume rf_c_14TimingVol:0 (G4Tubs) ... OK! 
Checking overlaps for volume rf_c_14:0 (G4Tubs) ... OK! 
BLCMDpillbox::construct rf_c_14 parent= relZ=11270.0 globZ=11270.0
	zmin=11230.0 zmax=11310.0
Checking overlaps for volume rf_d_14Pipe:0 (G4Tubs) ... OK! 
Checking overlaps for volume rf_d_14UsWall:0 (G4Tubs) ... OK! 
Checking overlaps for volume rf_d_14DsWall:0 (G4Tubs) ... OK! 
Checking overlaps for volume rf_d_14UsWin1:0 (G4Tubs) ... OK! 
Checking overlaps for volume rf_d_14DsWin1:0 (G4Tubs) ... OK! 
Checking overlaps for volume rf_d_14UsWin2:0 (G4Tubs) ... OK! 
Checking overlaps for volume rf_d_14DsWin2:0 (G4Tubs) ... OK! 
Checking overlaps for volume rf_d_14DsHalf:0 (G4Tubs) ... OK! 
Checking overlaps for volume rf_d_14TimingVol:0 (G4Tubs) ... OK! 
Checking overlaps for volume rf_d_14:0 (G4Tubs) ... OK! 
BLCMDpillbox::construct rf_d_14 parent= relZ=11350.0 globZ=11350.0
	zmin=11310.0 zmax=11390.0
Checking overlaps for volume rf_e_14Pipe:0 (G4Tubs) ... OK! 
Checking overlaps for volume rf_e_14UsWall:0 (G4Tubs) ... OK! 
Checking overlaps for volume rf_e_14DsWall:0 (G4Tubs) ... OK! 
Checking overlaps for volume rf_e_14UsWin1:0 (G4Tubs) ... OK! 
Checking overlaps for volume rf_e_14DsWin1:0 (G4Tubs) ... OK! 
Checking overlaps for volume rf_e_14UsWin2:0 (G4Tubs) ... OK! 
Checking overlaps for volume rf_e_14DsWin2:0 (G4Tubs) ... OK! 
Checking overlaps for volume rf_e_14DsHalf:0 (G4Tubs) ... OK! 
Checking overlaps for volume rf_e_14TimingVol:0 (G4Tubs) ... OK! 
Checking overlaps for volume rf_e_14:0 (G4Tubs) ... OK! 
BLCMDpillbox::construct rf_e_14 parent= relZ=11430.0 globZ=11430.0
	zmin=11390.0 zmax=11470.0
Checking overlaps for volume rf_b_15Pipe:0 (G4Tubs) ... OK! 
Checking overlaps for volume rf_b_15UsWall:0 (G4Tubs) ... OK! 
Checking overlaps for volume rf_b_15DsWall:0 (G4Tubs) ... OK! 
Checking overlaps for volume rf_b_15UsWin1:0 (G4Tubs) ... OK! 
Checking overlaps for volume rf_b_15DsWin1:0 (G4Tubs) ... OK! 
Checking overlaps for volume rf_b_15UsWin2:0 (G4Tubs) ... OK! 
Checking overlaps for volume rf_b_15DsWin2:0 (G4Tubs) ... OK! 
Checking overlaps for volume rf_b_15DsHalf:0 (G4Tubs) ... OK! 
Checking overlaps for volume rf_b_15TimingVol:0 (G4Tubs) ... OK! 
Checking overlaps for volume rf_b_15:0 (G4Tubs) ... OK! 
BLCMDpillbox::construct rf_b_15 parent= relZ=11970.0 globZ=11970.0
	zmin=11930.0 zmax=12010.0
Checking overlaps for volume rf_c_15Pipe:0 (G4Tubs) ... OK! 
Checking overlaps for volume rf_c_15UsWall:0 (G4Tubs) ... OK! 
Checking overlaps for volume rf_c_15DsWall:0 (G4Tubs) ... OK! 
Checking overlaps for volume rf_c_15UsWin1:0 (G4Tubs) ... OK! 
Checking overlaps for volume rf_c_15DsWin1:0 (G4Tubs) ... OK! 
Checking overlaps for volume rf_c_15UsWin2:0 (G4Tubs) ... OK! 
Checking overlaps for volume rf_c_15DsWin2:0 (G4Tubs) ... OK! 
Checking overlaps for volume rf_c_15DsHalf:0 (G4Tubs) ... OK! 
Checking overlaps for volume rf_c_15TimingVol:0 (G4Tubs) ... OK! 
Checking overlaps for volume rf_c_15:0 (G4Tubs) ... OK! 
BLCMDpillbox::construct rf_c_15 parent= relZ=12050.0 globZ=12050.0
	zmin=12010.0 zmax=12090.0
Checking overlaps for volume rf_d_15Pipe:0 (G4Tubs) ... OK! 
Checking overlaps for volume rf_d_15UsWall:0 (G4Tubs) ... OK! 
Checking overlaps for volume rf_d_15DsWall:0 (G4Tubs) ... OK! 
Checking overlaps for volume rf_d_15UsWin1:0 (G4Tubs) ... OK! 
Checking overlaps for volume rf_d_15DsWin1:0 (G4Tubs) ... OK! 
Checking overlaps for volume rf_d_15UsWin2:0 (G4Tubs) ... OK! 
Checking overlaps for volume rf_d_15DsWin2:0 (G4Tubs) ... OK! 
Checking overlaps for volume rf_d_15DsHalf:0 (G4Tubs) ... OK! 
Checking overlaps for volume rf_d_15TimingVol:0 (G4Tubs) ... OK! 
Checking overlaps for volume rf_d_15:0 (G4Tubs) ... OK! 
BLCMDpillbox::construct rf_d_15 parent= relZ=12130.0 globZ=12130.0
	zmin=12090.0 zmax=12170.0
Checking overlaps for volume rf_e_15Pipe:0 (G4Tubs) ... OK! 
Checking overlaps for volume rf_e_15UsWall:0 (G4Tubs) ... OK! 
Checking overlaps for volume rf_e_15DsWall:0 (G4Tubs) ... OK! 
Checking overlaps for volume rf_e_15UsWin1:0 (G4Tubs) ... OK! 
Checking overlaps for volume rf_e_15DsWin1:0 (G4Tubs) ... OK! 
Checking overlaps for volume rf_e_15UsWin2:0 (G4Tubs) ... OK! 
Checking overlaps for volume rf_e_15DsWin2:0 (G4Tubs) ... OK! 
Checking overlaps for volume rf_e_15DsHalf:0 (G4Tubs) ... OK! 
Checking overlaps for volume rf_e_15TimingVol:0 (G4Tubs) ... OK! 
Checking overlaps for volume rf_e_15:0 (G4Tubs) ... OK! 
BLCMDpillbox::construct rf_e_15 parent= relZ=12210.0 globZ=12210.0
	zmin=12170.0 zmax=12250.0
Checking overlaps for volume rf_b_16Pipe:0 (G4Tubs) ... OK! 
Checking overlaps for volume rf_b_16UsWall:0 (G4Tubs) ... OK! 
Checking overlaps for volume rf_b_16DsWall:0 (G4Tubs) ... OK! 
Checking overlaps for volume rf_b_16UsWin1:0 (G4Tubs) ... OK! 
Checking overlaps for volume rf_b_16DsWin1:0 (G4Tubs) ... OK! 
Checking overlaps for volume rf_b_16UsWin2:0 (G4Tubs) ... OK! 
Checking overlaps for volume rf_b_16DsWin2:0 (G4Tubs) ... OK! 
Checking overlaps for volume rf_b_16DsHalf:0 (G4Tubs) ... OK! 
Checking overlaps for volume rf_b_16TimingVol:0 (G4Tubs) ... OK! 
Checking overlaps for volume rf_b_16:0 (G4Tubs) ... OK! 
BLCMDpillbox::construct rf_b_16 parent= relZ=12750.0 globZ=12750.0
	zmin=12710.0 zmax=12790.0
Checking overlaps for volume rf_c_16Pipe:0 (G4Tubs) ... OK! 
Checking overlaps for volume rf_c_16UsWall:0 (G4Tubs) ... OK! 
Checking overlaps for volume rf_c_16DsWall:0 (G4Tubs) ... OK! 
Checking overlaps for volume rf_c_16UsWin1:0 (G4Tubs) ... OK! 
Checking overlaps for volume rf_c_16DsWin1:0 (G4Tubs) ... OK! 
Checking overlaps for volume rf_c_16UsWin2:0 (G4Tubs) ... OK! 
Checking overlaps for volume rf_c_16DsWin2:0 (G4Tubs) ... OK! 
Checking overlaps for volume rf_c_16DsHalf:0 (G4Tubs) ... OK! 
Checking overlaps for volume rf_c_16TimingVol:0 (G4Tubs) ... OK! 
Checking overlaps for volume rf_c_16:0 (G4Tubs) ... OK! 
BLCMDpillbox::construct rf_c_16 parent= relZ=12830.0 globZ=12830.0
	zmin=12790.0 zmax=12870.0
Checking overlaps for volume rf_d_16Pipe:0 (G4Tubs) ... OK! 
Checking overlaps for volume rf_d_16UsWall:0 (G4Tubs) ... OK! 
Checking overlaps for volume rf_d_16DsWall:0 (G4Tubs) ... OK! 
Checking overlaps for volume rf_d_16UsWin1:0 (G4Tubs) ... OK! 
Checking overlaps for volume rf_d_16DsWin1:0 (G4Tubs) ... OK! 
Checking overlaps for volume rf_d_16UsWin2:0 (G4Tubs) ... OK! 
Checking overlaps for volume rf_d_16DsWin2:0 (G4Tubs) ... OK! 
Checking overlaps for volume rf_d_16DsHalf:0 (G4Tubs) ... OK! 
Checking overlaps for volume rf_d_16TimingVol:0 (G4Tubs) ... OK! 
Checking overlaps for volume rf_d_16:0 (G4Tubs) ... OK! 
BLCMDpillbox::construct rf_d_16 parent= relZ=12910.0 globZ=12910.0
	zmin=12870.0 zmax=12950.0
Checking overlaps for volume rf_e_16Pipe:0 (G4Tubs) ... OK! 
Checking overlaps for volume rf_e_16UsWall:0 (G4Tubs) ... OK! 
Checking overlaps for volume rf_e_16DsWall:0 (G4Tubs) ... OK! 
Checking overlaps for volume rf_e_16UsWin1:0 (G4Tubs) ... OK! 
Checking overlaps for volume rf_e_16DsWin1:0 (G4Tubs) ... OK! 
Checking overlaps for volume rf_e_16UsWin2:0 (G4Tubs) ... OK! 
Checking overlaps for volume rf_e_16DsWin2:0 (G4Tubs) ... OK! 
Checking overlaps for volume rf_e_16DsHalf:0 (G4Tubs) ... OK! 
Checking overlaps for volume rf_e_16TimingVol:0 (G4Tubs) ... OK! 
Checking overlaps for volume rf_e_16:0 (G4Tubs) ... OK! 
BLCMDpillbox::construct rf_e_16 parent= relZ=12990.0 globZ=12990.0
	zmin=12950.0 zmax=13030.0
Checking overlaps for volume rf_b_17Pipe:0 (G4Tubs) ... OK! 
Checking overlaps for volume rf_b_17UsWall:0 (G4Tubs) ... OK! 
Checking overlaps for volume rf_b_17DsWall:0 (G4Tubs) ... OK! 
Checking overlaps for volume rf_b_17UsWin1:0 (G4Tubs) ... OK! 
Checking overlaps for volume rf_b_17DsWin1:0 (G4Tubs) ... OK! 
Checking overlaps for volume rf_b_17UsWin2:0 (G4Tubs) ... OK! 
Checking overlaps for volume rf_b_17DsWin2:0 (G4Tubs) ... OK! 
Checking overlaps for volume rf_b_17DsHalf:0 (G4Tubs) ... OK! 
Checking overlaps for volume rf_b_17TimingVol:0 (G4Tubs) ... OK! 
Checking overlaps for volume rf_b_17:0 (G4Tubs) ... OK! 
BLCMDpillbox::construct rf_b_17 parent= relZ=13530.0 globZ=13530.0
	zmin=13490.0 zmax=13570.0
Checking overlaps for volume rf_c_17Pipe:0 (G4Tubs) ... OK! 
Checking overlaps for volume rf_c_17UsWall:0 (G4Tubs) ... OK! 
Checking overlaps for volume rf_c_17DsWall:0 (G4Tubs) ... OK! 
Checking overlaps for volume rf_c_17UsWin1:0 (G4Tubs) ... OK! 
Checking overlaps for volume rf_c_17DsWin1:0 (G4Tubs) ... OK! 
Checking overlaps for volume rf_c_17UsWin2:0 (G4Tubs) ... OK! 
Checking overlaps for volume rf_c_17DsWin2:0 (G4Tubs) ... OK! 
Checking overlaps for volume rf_c_17DsHalf:0 (G4Tubs) ... OK! 
Checking overlaps for volume rf_c_17TimingVol:0 (G4Tubs) ... OK! 
Checking overlaps for volume rf_c_17:0 (G4Tubs) ... OK! 
BLCMDpillbox::construct rf_c_17 parent= relZ=13610.0 globZ=13610.0
	zmin=13570.0 zmax=13650.0
Checking overlaps for volume rf_d_17Pipe:0 (G4Tubs) ... OK! 
Checking overlaps for volume rf_d_17UsWall:0 (G4Tubs) ... OK! 
Checking overlaps for volume rf_d_17DsWall:0 (G4Tubs) ... OK! 
Checking overlaps for volume rf_d_17UsWin1:0 (G4Tubs) ... OK! 
Checking overlaps for volume rf_d_17DsWin1:0 (G4Tubs) ... OK! 
Checking overlaps for volume rf_d_17UsWin2:0 (G4Tubs) ... OK! 
Checking overlaps for volume rf_d_17DsWin2:0 (G4Tubs) ... OK! 
Checking overlaps for volume rf_d_17DsHalf:0 (G4Tubs) ... OK! 
Checking overlaps for volume rf_d_17TimingVol:0 (G4Tubs) ... OK! 
Checking overlaps for volume rf_d_17:0 (G4Tubs) ... OK! 
BLCMDpillbox::construct rf_d_17 parent= relZ=13690.0 globZ=13690.0
	zmin=13650.0 zmax=13730.0
Checking overlaps for volume rf_e_17Pipe:0 (G4Tubs) ... OK! 
Checking overlaps for volume rf_e_17UsWall:0 (G4Tubs) ... OK! 
Checking overlaps for volume rf_e_17DsWall:0 (G4Tubs) ... OK! 
Checking overlaps for volume rf_e_17UsWin1:0 (G4Tubs) ... OK! 
Checking overlaps for volume rf_e_17DsWin1:0 (G4Tubs) ... OK! 
Checking overlaps for volume rf_e_17UsWin2:0 (G4Tubs) ... OK! 
Checking overlaps for volume rf_e_17DsWin2:0 (G4Tubs) ... OK! 
Checking overlaps for volume rf_e_17DsHalf:0 (G4Tubs) ... OK! 
Checking overlaps for volume rf_e_17TimingVol:0 (G4Tubs) ... OK! 
Checking overlaps for volume rf_e_17:0 (G4Tubs) ... OK! 
BLCMDpillbox::construct rf_e_17 parent= relZ=13770.0 globZ=13770.0
	zmin=13730.0 zmax=13810.0
Checking overlaps for volume rf_b_18Pipe:0 (G4Tubs) ... OK! 
Checking overlaps for volume rf_b_18UsWall:0 (G4Tubs) ... OK! 
Checking overlaps for volume rf_b_18DsWall:0 (G4Tubs) ... OK! 
Checking overlaps for volume rf_b_18UsWin1:0 (G4Tubs) ... OK! 
Checking overlaps for volume rf_b_18DsWin1:0 (G4Tubs) ... OK! 
Checking overlaps for volume rf_b_18UsWin2:0 (G4Tubs) ... OK! 
Checking overlaps for volume rf_b_18DsWin2:0 (G4Tubs) ... OK! 
Checking overlaps for volume rf_b_18DsHalf:0 (G4Tubs) ... OK! 
Checking overlaps for volume rf_b_18TimingVol:0 (G4Tubs) ... OK! 
Checking overlaps for volume rf_b_18:0 (G4Tubs) ... OK! 
BLCMDpillbox::construct rf_b_18 parent= relZ=14310.0 globZ=14310.0
	zmin=14270.0 zmax=14350.0
Checking overlaps for volume rf_c_18Pipe:0 (G4Tubs) ... OK! 
Checking overlaps for volume rf_c_18UsWall:0 (G4Tubs) ... OK! 
Checking overlaps for volume rf_c_18DsWall:0 (G4Tubs) ... OK! 
Checking overlaps for volume rf_c_18UsWin1:0 (G4Tubs) ... OK! 
Checking overlaps for volume rf_c_18DsWin1:0 (G4Tubs) ... OK! 
Checking overlaps for volume rf_c_18UsWin2:0 (G4Tubs) ... OK! 
Checking overlaps for volume rf_c_18DsWin2:0 (G4Tubs) ... OK! 
Checking overlaps for volume rf_c_18DsHalf:0 (G4Tubs) ... OK! 
Checking overlaps for volume rf_c_18TimingVol:0 (G4Tubs) ... OK! 
Checking overlaps for volume rf_c_18:0 (G4Tubs) ... OK! 
BLCMDpillbox::construct rf_c_18 parent= relZ=14390.0 globZ=14390.0
	zmin=14350.0 zmax=14430.0
Checking overlaps for volume rf_d_18Pipe:0 (G4Tubs) ... OK! 
Checking overlaps for volume rf_d_18UsWall:0 (G4Tubs) ... OK! 
Checking overlaps for volume rf_d_18DsWall:0 (G4Tubs) ... OK! 
Checking overlaps for volume rf_d_18UsWin1:0 (G4Tubs) ... OK! 
Checking overlaps for volume rf_d_18DsWin1:0 (G4Tubs) ... OK! 
Checking overlaps for volume rf_d_18UsWin2:0 (G4Tubs) ... OK! 
Checking overlaps for volume rf_d_18DsWin2:0 (G4Tubs) ... OK! 
Checking overlaps for volume rf_d_18DsHalf:0 (G4Tubs) ... OK! 
Checking overlaps for volume rf_d_18TimingVol:0 (G4Tubs) ... OK! 
Checking overlaps for volume rf_d_18:0 (G4Tubs) ... OK! 
BLCMDpillbox::construct rf_d_18 parent= relZ=14470.0 globZ=14470.0
	zmin=14430.0 zmax=14510.0
Checking overlaps for volume rf_e_18Pipe:0 (G4Tubs) ... OK! 
Checking overlaps for volume rf_e_18UsWall:0 (G4Tubs) ... OK! 
Checking overlaps for volume rf_e_18DsWall:0 (G4Tubs) ... OK! 
Checking overlaps for volume rf_e_18UsWin1:0 (G4Tubs) ... OK! 
Checking overlaps for volume rf_e_18DsWin1:0 (G4Tubs) ... OK! 
Checking overlaps for volume rf_e_18UsWin2:0 (G4Tubs) ... OK! 
Checking overlaps for volume rf_e_18DsWin2:0 (G4Tubs) ... OK! 
Checking overlaps for volume rf_e_18DsHalf:0 (G4Tubs) ... OK! 
Checking overlaps for volume rf_e_18TimingVol:0 (G4Tubs) ... OK! 
Checking overlaps for volume rf_e_18:0 (G4Tubs) ... OK! 
BLCMDpillbox::construct rf_e_18 parent= relZ=14550.0 globZ=14550.0
	zmin=14510.0 zmax=14590.0
Checking overlaps for volume rf_b_19Pipe:0 (G4Tubs) ... OK! 
Checking overlaps for volume rf_b_19UsWall:0 (G4Tubs) ... OK! 
Checking overlaps for volume rf_b_19DsWall:0 (G4Tubs) ... OK! 
Checking overlaps for volume rf_b_19UsWin1:0 (G4Tubs) ... OK! 
Checking overlaps for volume rf_b_19DsWin1:0 (G4Tubs) ... OK! 
Checking overlaps for volume rf_b_19UsWin2:0 (G4Tubs) ... OK! 
Checking overlaps for volume rf_b_19DsWin2:0 (G4Tubs) ... OK! 
Checking overlaps for volume rf_b_19DsHalf:0 (G4Tubs) ... OK! 
Checking overlaps for volume rf_b_19TimingVol:0 (G4Tubs) ... OK! 
Checking overlaps for volume rf_b_19:0 (G4Tubs) ... OK! 
BLCMDpillbox::construct rf_b_19 parent= relZ=15090.0 globZ=15090.0
	zmin=15050.0 zmax=15130.0
Checking overlaps for volume rf_c_19Pipe:0 (G4Tubs) ... OK! 
Checking overlaps for volume rf_c_19UsWall:0 (G4Tubs) ... OK! 
Checking overlaps for volume rf_c_19DsWall:0 (G4Tubs) ... OK! 
Checking overlaps for volume rf_c_19UsWin1:0 (G4Tubs) ... OK! 
Checking overlaps for volume rf_c_19DsWin1:0 (G4Tubs) ... OK! 
Checking overlaps for volume rf_c_19UsWin2:0 (G4Tubs) ... OK! 
Checking overlaps for volume rf_c_19DsWin2:0 (G4Tubs) ... OK! 
Checking overlaps for volume rf_c_19DsHalf:0 (G4Tubs) ... OK! 
Checking overlaps for volume rf_c_19TimingVol:0 (G4Tubs) ... OK! 
Checking overlaps for volume rf_c_19:0 (G4Tubs) ... OK! 
BLCMDpillbox::construct rf_c_19 parent= relZ=15170.0 globZ=15170.0
	zmin=15130.0 zmax=15210.0
Checking overlaps for volume rf_d_19Pipe:0 (G4Tubs) ... OK! 
Checking overlaps for volume rf_d_19UsWall:0 (G4Tubs) ... OK! 
Checking overlaps for volume rf_d_19DsWall:0 (G4Tubs) ... OK! 
Checking overlaps for volume rf_d_19UsWin1:0 (G4Tubs) ... OK! 
Checking overlaps for volume rf_d_19DsWin1:0 (G4Tubs) ... OK! 
Checking overlaps for volume rf_d_19UsWin2:0 (G4Tubs) ... OK! 
Checking overlaps for volume rf_d_19DsWin2:0 (G4Tubs) ... OK! 
Checking overlaps for volume rf_d_19DsHalf:0 (G4Tubs) ... OK! 
Checking overlaps for volume rf_d_19TimingVol:0 (G4Tubs) ... OK! 
Checking overlaps for volume rf_d_19:0 (G4Tubs) ... OK! 
BLCMDpillbox::construct rf_d_19 parent= relZ=15250.0 globZ=15250.0
	zmin=15210.0 zmax=15290.0
Checking overlaps for volume rf_e_19Pipe:0 (G4Tubs) ... OK! 
Checking overlaps for volume rf_e_19UsWall:0 (G4Tubs) ... OK! 
Checking overlaps for volume rf_e_19DsWall:0 (G4Tubs) ... OK! 
Checking overlaps for volume rf_e_19UsWin1:0 (G4Tubs) ... OK! 
Checking overlaps for volume rf_e_19DsWin1:0 (G4Tubs) ... OK! 
Checking overlaps for volume rf_e_19UsWin2:0 (G4Tubs) ... OK! 
Checking overlaps for volume rf_e_19DsWin2:0 (G4Tubs) ... OK! 
Checking overlaps for volume rf_e_19DsHalf:0 (G4Tubs) ... OK! 
Checking overlaps for volume rf_e_19TimingVol:0 (G4Tubs) ... OK! 
Checking overlaps for volume rf_e_19:0 (G4Tubs) ... OK! 
BLCMDpillbox::construct rf_e_19 parent= relZ=15330.0 globZ=15330.0
	zmin=15290.0 zmax=15370.0
Checking overlaps for volume rf_b_20Pipe:0 (G4Tubs) ... OK! 
Checking overlaps for volume rf_b_20UsWall:0 (G4Tubs) ... OK! 
Checking overlaps for volume rf_b_20DsWall:0 (G4Tubs) ... OK! 
Checking overlaps for volume rf_b_20UsWin1:0 (G4Tubs) ... OK! 
Checking overlaps for volume rf_b_20DsWin1:0 (G4Tubs) ... OK! 
Checking overlaps for volume rf_b_20UsWin2:0 (G4Tubs) ... OK! 
Checking overlaps for volume rf_b_20DsWin2:0 (G4Tubs) ... OK! 
Checking overlaps for volume rf_b_20DsHalf:0 (G4Tubs) ... OK! 
Checking overlaps for volume rf_b_20TimingVol:0 (G4Tubs) ... OK! 
Checking overlaps for volume rf_b_20:0 (G4Tubs) ... OK! 
BLCMDpillbox::construct rf_b_20 parent= relZ=15870.0 globZ=15870.0
	zmin=15830.0 zmax=15910.0
Checking overlaps for volume rf_c_20Pipe:0 (G4Tubs) ... OK! 
Checking overlaps for volume rf_c_20UsWall:0 (G4Tubs) ... OK! 
Checking overlaps for volume rf_c_20DsWall:0 (G4Tubs) ... OK! 
Checking overlaps for volume rf_c_20UsWin1:0 (G4Tubs) ... OK! 
Checking overlaps for volume rf_c_20DsWin1:0 (G4Tubs) ... OK! 
Checking overlaps for volume rf_c_20UsWin2:0 (G4Tubs) ... OK! 
Checking overlaps for volume rf_c_20DsWin2:0 (G4Tubs) ... OK! 
Checking overlaps for volume rf_c_20DsHalf:0 (G4Tubs) ... OK! 
Checking overlaps for volume rf_c_20TimingVol:0 (G4Tubs) ... OK! 
Checking overlaps for volume rf_c_20:0 (G4Tubs) ... OK! 
BLCMDpillbox::construct rf_c_20 parent= relZ=15950.0 globZ=15950.0
	zmin=15910.0 zmax=15990.0
Checking overlaps for volume rf_d_20Pipe:0 (G4Tubs) ... OK! 
Checking overlaps for volume rf_d_20UsWall:0 (G4Tubs) ... OK! 
Checking overlaps for volume rf_d_20DsWall:0 (G4Tubs) ... OK! 
Checking overlaps for volume rf_d_20UsWin1:0 (G4Tubs) ... OK! 
Checking overlaps for volume rf_d_20DsWin1:0 (G4Tubs) ... OK! 
Checking overlaps for volume rf_d_20UsWin2:0 (G4Tubs) ... OK! 
Checking overlaps for volume rf_d_20DsWin2:0 (G4Tubs) ... OK! 
Checking overlaps for volume rf_d_20DsHalf:0 (G4Tubs) ... OK! 
Checking overlaps for volume rf_d_20TimingVol:0 (G4Tubs) ... OK! 
Checking overlaps for volume rf_d_20:0 (G4Tubs) ... OK! 
BLCMDpillbox::construct rf_d_20 parent= relZ=16030.0 globZ=16030.0
	zmin=15990.0 zmax=16070.0
Checking overlaps for volume rf_e_20Pipe:0 (G4Tubs) ... OK! 
Checking overlaps for volume rf_e_20UsWall:0 (G4Tubs) ... OK! 
Checking overlaps for volume rf_e_20DsWall:0 (G4Tubs) ... OK! 
Checking overlaps for volume rf_e_20UsWin1:0 (G4Tubs) ... OK! 
Checking overlaps for volume rf_e_20DsWin1:0 (G4Tubs) ... OK! 
Checking overlaps for volume rf_e_20UsWin2:0 (G4Tubs) ... OK! 
Checking overlaps for volume rf_e_20DsWin2:0 (G4Tubs) ... OK! 
Checking overlaps for volume rf_e_20DsHalf:0 (G4Tubs) ... OK! 
Checking overlaps for volume rf_e_20TimingVol:0 (G4Tubs) ... OK! 
Checking overlaps for volume rf_e_20:0 (G4Tubs) ... OK! 
BLCMDpillbox::construct rf_e_20 parent= relZ=16110.0 globZ=16110.0
	zmin=16070.0 zmax=16150.0
Checking overlaps for volume rf_b_21Pipe:0 (G4Tubs) ... OK! 
Checking overlaps for volume rf_b_21UsWall:0 (G4Tubs) ... OK! 
Checking overlaps for volume rf_b_21DsWall:0 (G4Tubs) ... OK! 
Checking overlaps for volume rf_b_21UsWin1:0 (G4Tubs) ... OK! 
Checking overlaps for volume rf_b_21DsWin1:0 (G4Tubs) ... OK! 
Checking overlaps for volume rf_b_21UsWin2:0 (G4Tubs) ... OK! 
Checking overlaps for volume rf_b_21DsWin2:0 (G4Tubs) ... OK! 
Checking overlaps for volume rf_b_21DsHalf:0 (G4Tubs) ... OK! 
Checking overlaps for volume rf_b_21TimingVol:0 (G4Tubs) ... OK! 
Checking overlaps for volume rf_b_21:0 (G4Tubs) ... OK! 
BLCMDpillbox::construct rf_b_21 parent= relZ=16650.0 globZ=16650.0
	zmin=16610.0 zmax=16690.0
Checking overlaps for volume rf_c_21Pipe:0 (G4Tubs) ... OK! 
Checking overlaps for volume rf_c_21UsWall:0 (G4Tubs) ... OK! 
Checking overlaps for volume rf_c_21DsWall:0 (G4Tubs) ... OK! 
Checking overlaps for volume rf_c_21UsWin1:0 (G4Tubs) ... OK! 
Checking overlaps for volume rf_c_21DsWin1:0 (G4Tubs) ... OK! 
Checking overlaps for volume rf_c_21UsWin2:0 (G4Tubs) ... OK! 
Checking overlaps for volume rf_c_21DsWin2:0 (G4Tubs) ... OK! 
Checking overlaps for volume rf_c_21DsHalf:0 (G4Tubs) ... OK! 
Checking overlaps for volume rf_c_21TimingVol:0 (G4Tubs) ... OK! 
Checking overlaps for volume rf_c_21:0 (G4Tubs) ... OK! 
BLCMDpillbox::construct rf_c_21 parent= relZ=16730.0 globZ=16730.0
	zmin=16690.0 zmax=16770.0
Checking overlaps for volume rf_d_21Pipe:0 (G4Tubs) ... OK! 
Checking overlaps for volume rf_d_21UsWall:0 (G4Tubs) ... OK! 
Checking overlaps for volume rf_d_21DsWall:0 (G4Tubs) ... OK! 
Checking overlaps for volume rf_d_21UsWin1:0 (G4Tubs) ... OK! 
Checking overlaps for volume rf_d_21DsWin1:0 (G4Tubs) ... OK! 
Checking overlaps for volume rf_d_21UsWin2:0 (G4Tubs) ... OK! 
Checking overlaps for volume rf_d_21DsWin2:0 (G4Tubs) ... OK! 
Checking overlaps for volume rf_d_21DsHalf:0 (G4Tubs) ... OK! 
Checking overlaps for volume rf_d_21TimingVol:0 (G4Tubs) ... OK! 
Checking overlaps for volume rf_d_21:0 (G4Tubs) ... OK! 
BLCMDpillbox::construct rf_d_21 parent= relZ=16810.0 globZ=16810.0
	zmin=16770.0 zmax=16850.0
Checking overlaps for volume rf_e_21Pipe:0 (G4Tubs) ... OK! 
Checking overlaps for volume rf_e_21UsWall:0 (G4Tubs) ... OK! 
Checking overlaps for volume rf_e_21DsWall:0 (G4Tubs) ... OK! 
Checking overlaps for volume rf_e_21UsWin1:0 (G4Tubs) ... OK! 
Checking overlaps for volume rf_e_21DsWin1:0 (G4Tubs) ... OK! 
Checking overlaps for volume rf_e_21UsWin2:0 (G4Tubs) ... OK! 
Checking overlaps for volume rf_e_21DsWin2:0 (G4Tubs) ... OK! 
Checking overlaps for volume rf_e_21DsHalf:0 (G4Tubs) ... OK! 
Checking overlaps for volume rf_e_21TimingVol:0 (G4Tubs) ... OK! 
Checking overlaps for volume rf_e_21:0 (G4Tubs) ... OK! 
BLCMDpillbox::construct rf_e_21 parent= relZ=16890.0 globZ=16890.0
	zmin=16850.0 zmax=16930.0
Checking overlaps for volume rf_b_22Pipe:0 (G4Tubs) ... OK! 
Checking overlaps for volume rf_b_22UsWall:0 (G4Tubs) ... OK! 
Checking overlaps for volume rf_b_22DsWall:0 (G4Tubs) ... OK! 
Checking overlaps for volume rf_b_22UsWin1:0 (G4Tubs) ... OK! 
Checking overlaps for volume rf_b_22DsWin1:0 (G4Tubs) ... OK! 
Checking overlaps for volume rf_b_22UsWin2:0 (G4Tubs) ... OK! 
Checking overlaps for volume rf_b_22DsWin2:0 (G4Tubs) ... OK! 
Checking overlaps for volume rf_b_22DsHalf:0 (G4Tubs) ... OK! 
Checking overlaps for volume rf_b_22TimingVol:0 (G4Tubs) ... OK! 
Checking overlaps for volume rf_b_22:0 (G4Tubs) ... OK! 
BLCMDpillbox::construct rf_b_22 parent= relZ=17430.0 globZ=17430.0
	zmin=17390.0 zmax=17470.0
Checking overlaps for volume rf_c_22Pipe:0 (G4Tubs) ... OK! 
Checking overlaps for volume rf_c_22UsWall:0 (G4Tubs) ... OK! 
Checking overlaps for volume rf_c_22DsWall:0 (G4Tubs) ... OK! 
Checking overlaps for volume rf_c_22UsWin1:0 (G4Tubs) ... OK! 
Checking overlaps for volume rf_c_22DsWin1:0 (G4Tubs) ... OK! 
Checking overlaps for volume rf_c_22UsWin2:0 (G4Tubs) ... OK! 
Checking overlaps for volume rf_c_22DsWin2:0 (G4Tubs) ... OK! 
Checking overlaps for volume rf_c_22DsHalf:0 (G4Tubs) ... OK! 
Checking overlaps for volume rf_c_22TimingVol:0 (G4Tubs) ... OK! 
Checking overlaps for volume rf_c_22:0 (G4Tubs) ... OK! 
BLCMDpillbox::construct rf_c_22 parent= relZ=17510.0 globZ=17510.0
	zmin=17470.0 zmax=17550.0
Checking overlaps for volume rf_d_22Pipe:0 (G4Tubs) ... OK! 
Checking overlaps for volume rf_d_22UsWall:0 (G4Tubs) ... OK! 
Checking overlaps for volume rf_d_22DsWall:0 (G4Tubs) ... OK! 
Checking overlaps for volume rf_d_22UsWin1:0 (G4Tubs) ... OK! 
Checking overlaps for volume rf_d_22DsWin1:0 (G4Tubs) ... OK! 
Checking overlaps for volume rf_d_22UsWin2:0 (G4Tubs) ... OK! 
Checking overlaps for volume rf_d_22DsWin2:0 (G4Tubs) ... OK! 
Checking overlaps for volume rf_d_22DsHalf:0 (G4Tubs) ... OK! 
Checking overlaps for volume rf_d_22TimingVol:0 (G4Tubs) ... OK! 
Checking overlaps for volume rf_d_22:0 (G4Tubs) ... OK! 
BLCMDpillbox::construct rf_d_22 parent= relZ=17590.0 globZ=17590.0
	zmin=17550.0 zmax=17630.0
Checking overlaps for volume rf_e_22Pipe:0 (G4Tubs) ... OK! 
Checking overlaps for volume rf_e_22UsWall:0 (G4Tubs) ... OK! 
Checking overlaps for volume rf_e_22DsWall:0 (G4Tubs) ... OK! 
Checking overlaps for volume rf_e_22UsWin1:0 (G4Tubs) ... OK! 
Checking overlaps for volume rf_e_22DsWin1:0 (G4Tubs) ... OK! 
Checking overlaps for volume rf_e_22UsWin2:0 (G4Tubs) ... OK! 
Checking overlaps for volume rf_e_22DsWin2:0 (G4Tubs) ... OK! 
Checking overlaps for volume rf_e_22DsHalf:0 (G4Tubs) ... OK! 
Checking overlaps for volume rf_e_22TimingVol:0 (G4Tubs) ... OK! 
Checking overlaps for volume rf_e_22:0 (G4Tubs) ... OK! 
BLCMDpillbox::construct rf_e_22 parent= relZ=17670.0 globZ=17670.0
	zmin=17630.0 zmax=17710.0
Checking overlaps for volume rf_b_23Pipe:0 (G4Tubs) ... OK! 
Checking overlaps for volume rf_b_23UsWall:0 (G4Tubs) ... OK! 
Checking overlaps for volume rf_b_23DsWall:0 (G4Tubs) ... OK! 
Checking overlaps for volume rf_b_23UsWin1:0 (G4Tubs) ... OK! 
Checking overlaps for volume rf_b_23DsWin1:0 (G4Tubs) ... OK! 
Checking overlaps for volume rf_b_23UsWin2:0 (G4Tubs) ... OK! 
Checking overlaps for volume rf_b_23DsWin2:0 (G4Tubs) ... OK! 
Checking overlaps for volume rf_b_23DsHalf:0 (G4Tubs) ... OK! 
Checking overlaps for volume rf_b_23TimingVol:0 (G4Tubs) ... OK! 
Checking overlaps for volume rf_b_23:0 (G4Tubs) ... OK! 
BLCMDpillbox::construct rf_b_23 parent= relZ=18210.0 globZ=18210.0
	zmin=18170.0 zmax=18250.0
Checking overlaps for volume rf_c_23Pipe:0 (G4Tubs) ... OK! 
Checking overlaps for volume rf_c_23UsWall:0 (G4Tubs) ... OK! 
Checking overlaps for volume rf_c_23DsWall:0 (G4Tubs) ... OK! 
Checking overlaps for volume rf_c_23UsWin1:0 (G4Tubs) ... OK! 
Checking overlaps for volume rf_c_23DsWin1:0 (G4Tubs) ... OK! 
Checking overlaps for volume rf_c_23UsWin2:0 (G4Tubs) ... OK! 
Checking overlaps for volume rf_c_23DsWin2:0 (G4Tubs) ... OK! 
Checking overlaps for volume rf_c_23DsHalf:0 (G4Tubs) ... OK! 
Checking overlaps for volume rf_c_23TimingVol:0 (G4Tubs) ... OK! 
Checking overlaps for volume rf_c_23:0 (G4Tubs) ... OK! 
BLCMDpillbox::construct rf_c_23 parent= relZ=18290.0 globZ=18290.0
	zmin=18250.0 zmax=18330.0
Checking overlaps for volume rf_d_23Pipe:0 (G4Tubs) ... OK! 
Checking overlaps for volume rf_d_23UsWall:0 (G4Tubs) ... OK! 
Checking overlaps for volume rf_d_23DsWall:0 (G4Tubs) ... OK! 
Checking overlaps for volume rf_d_23UsWin1:0 (G4Tubs) ... OK! 
Checking overlaps for volume rf_d_23DsWin1:0 (G4Tubs) ... OK! 
Checking overlaps for volume rf_d_23UsWin2:0 (G4Tubs) ... OK! 
Checking overlaps for volume rf_d_23DsWin2:0 (G4Tubs) ... OK! 
Checking overlaps for volume rf_d_23DsHalf:0 (G4Tubs) ... OK! 
Checking overlaps for volume rf_d_23TimingVol:0 (G4Tubs) ... OK! 
Checking overlaps for volume rf_d_23:0 (G4Tubs) ... OK! 
BLCMDpillbox::construct rf_d_23 parent= relZ=18370.0 globZ=18370.0
	zmin=18330.0 zmax=18410.0
Checking overlaps for volume rf_e_23Pipe:0 (G4Tubs) ... OK! 
Checking overlaps for volume rf_e_23UsWall:0 (G4Tubs) ... OK! 
Checking overlaps for volume rf_e_23DsWall:0 (G4Tubs) ... OK! 
Checking overlaps for volume rf_e_23UsWin1:0 (G4Tubs) ... OK! 
Checking overlaps for volume rf_e_23DsWin1:0 (G4Tubs) ... OK! 
Checking overlaps for volume rf_e_23UsWin2:0 (G4Tubs) ... OK! 
Checking overlaps for volume rf_e_23DsWin2:0 (G4Tubs) ... OK! 
Checking overlaps for volume rf_e_23DsHalf:0 (G4Tubs) ... OK! 
Checking overlaps for volume rf_e_23TimingVol:0 (G4Tubs) ... OK! 
Checking overlaps for volume rf_e_23:0 (G4Tubs) ... OK! 
BLCMDpillbox::construct rf_e_23 parent= relZ=18450.0 globZ=18450.0
	zmin=18410.0 zmax=18490.0
Checking overlaps for volume rf_b_24Pipe:0 (G4Tubs) ... OK! 
Checking overlaps for volume rf_b_24UsWall:0 (G4Tubs) ... OK! 
Checking overlaps for volume rf_b_24DsWall:0 (G4Tubs) ... OK! 
Checking overlaps for volume rf_b_24UsWin1:0 (G4Tubs) ... OK! 
Checking overlaps for volume rf_b_24DsWin1:0 (G4Tubs) ... OK! 
Checking overlaps for volume rf_b_24UsWin2:0 (G4Tubs) ... OK! 
Checking overlaps for volume rf_b_24DsWin2:0 (G4Tubs) ... OK! 
Checking overlaps for volume rf_b_24DsHalf:0 (G4Tubs) ... OK! 
Checking overlaps for volume rf_b_24TimingVol:0 (G4Tubs) ... OK! 
Checking overlaps for volume rf_b_24:0 (G4Tubs) ... OK! 
BLCMDpillbox::construct rf_b_24 parent= relZ=18990.0 globZ=18990.0
	zmin=18950.0 zmax=19030.0
Checking overlaps for volume rf_c_24Pipe:0 (G4Tubs) ... OK! 
Checking overlaps for volume rf_c_24UsWall:0 (G4Tubs) ... OK! 
Checking overlaps for volume rf_c_24DsWall:0 (G4Tubs) ... OK! 
Checking overlaps for volume rf_c_24UsWin1:0 (G4Tubs) ... OK! 
Checking overlaps for volume rf_c_24DsWin1:0 (G4Tubs) ... OK! 
Checking overlaps for volume rf_c_24UsWin2:0 (G4Tubs) ... OK! 
Checking overlaps for volume rf_c_24DsWin2:0 (G4Tubs) ... OK! 
Checking overlaps for volume rf_c_24DsHalf:0 (G4Tubs) ... OK! 
Checking overlaps for volume rf_c_24TimingVol:0 (G4Tubs) ... OK! 
Checking overlaps for volume rf_c_24:0 (G4Tubs) ... OK! 
BLCMDpillbox::construct rf_c_24 parent= relZ=19070.0 globZ=19070.0
	zmin=19030.0 zmax=19110.0
Checking overlaps for volume rf_d_24Pipe:0 (G4Tubs) ... OK! 
Checking overlaps for volume rf_d_24UsWall:0 (G4Tubs) ... OK! 
Checking overlaps for volume rf_d_24DsWall:0 (G4Tubs) ... OK! 
Checking overlaps for volume rf_d_24UsWin1:0 (G4Tubs) ... OK! 
Checking overlaps for volume rf_d_24DsWin1:0 (G4Tubs) ... OK! 
Checking overlaps for volume rf_d_24UsWin2:0 (G4Tubs) ... OK! 
Checking overlaps for volume rf_d_24DsWin2:0 (G4Tubs) ... OK! 
Checking overlaps for volume rf_d_24DsHalf:0 (G4Tubs) ... OK! 
Checking overlaps for volume rf_d_24TimingVol:0 (G4Tubs) ... OK! 
Checking overlaps for volume rf_d_24:0 (G4Tubs) ... OK! 
BLCMDpillbox::construct rf_d_24 parent= relZ=19150.0 globZ=19150.0
	zmin=19110.0 zmax=19190.0
Checking overlaps for volume rf_e_24Pipe:0 (G4Tubs) ... OK! 
Checking overlaps for volume rf_e_24UsWall:0 (G4Tubs) ... OK! 
Checking overlaps for volume rf_e_24DsWall:0 (G4Tubs) ... OK! 
Checking overlaps for volume rf_e_24UsWin1:0 (G4Tubs) ... OK! 
Checking overlaps for volume rf_e_24DsWin1:0 (G4Tubs) ... OK! 
Checking overlaps for volume rf_e_24UsWin2:0 (G4Tubs) ... OK! 
Checking overlaps for volume rf_e_24DsWin2:0 (G4Tubs) ... OK! 
Checking overlaps for volume rf_e_24DsHalf:0 (G4Tubs) ... OK! 
Checking overlaps for volume rf_e_24TimingVol:0 (G4Tubs) ... OK! 
Checking overlaps for volume rf_e_24:0 (G4Tubs) ... OK! 
BLCMDpillbox::construct rf_e_24 parent= relZ=19230.0 globZ=19230.0
	zmin=19190.0 zmax=19270.0
Checking overlaps for volume rf_b_25Pipe:0 (G4Tubs) ... OK! 
Checking overlaps for volume rf_b_25UsWall:0 (G4Tubs) ... OK! 
Checking overlaps for volume rf_b_25DsWall:0 (G4Tubs) ... OK! 
Checking overlaps for volume rf_b_25UsWin1:0 (G4Tubs) ... OK! 
Checking overlaps for volume rf_b_25DsWin1:0 (G4Tubs) ... OK! 
Checking overlaps for volume rf_b_25UsWin2:0 (G4Tubs) ... OK! 
Checking overlaps for volume rf_b_25DsWin2:0 (G4Tubs) ... OK! 
Checking overlaps for volume rf_b_25DsHalf:0 (G4Tubs) ... OK! 
Checking overlaps for volume rf_b_25TimingVol:0 (G4Tubs) ... OK! 
Checking overlaps for volume rf_b_25:0 (G4Tubs) ... OK! 
BLCMDpillbox::construct rf_b_25 parent= relZ=19770.0 globZ=19770.0
	zmin=19730.0 zmax=19810.0
Checking overlaps for volume rf_c_25Pipe:0 (G4Tubs) ... OK! 
Checking overlaps for volume rf_c_25UsWall:0 (G4Tubs) ... OK! 
Checking overlaps for volume rf_c_25DsWall:0 (G4Tubs) ... OK! 
Checking overlaps for volume rf_c_25UsWin1:0 (G4Tubs) ... OK! 
Checking overlaps for volume rf_c_25DsWin1:0 (G4Tubs) ... OK! 
Checking overlaps for volume rf_c_25UsWin2:0 (G4Tubs) ... OK! 
Checking overlaps for volume rf_c_25DsWin2:0 (G4Tubs) ... OK! 
Checking overlaps for volume rf_c_25DsHalf:0 (G4Tubs) ... OK! 
Checking overlaps for volume rf_c_25TimingVol:0 (G4Tubs) ... OK! 
Checking overlaps for volume rf_c_25:0 (G4Tubs) ... OK! 
BLCMDpillbox::construct rf_c_25 parent= relZ=19850.0 globZ=19850.0
	zmin=19810.0 zmax=19890.0
Checking overlaps for volume rf_d_25Pipe:0 (G4Tubs) ... OK! 
Checking overlaps for volume rf_d_25UsWall:0 (G4Tubs) ... OK! 
Checking overlaps for volume rf_d_25DsWall:0 (G4Tubs) ... OK! 
Checking overlaps for volume rf_d_25UsWin1:0 (G4Tubs) ... OK! 
Checking overlaps for volume rf_d_25DsWin1:0 (G4Tubs) ... OK! 
Checking overlaps for volume rf_d_25UsWin2:0 (G4Tubs) ... OK! 
Checking overlaps for volume rf_d_25DsWin2:0 (G4Tubs) ... OK! 
Checking overlaps for volume rf_d_25DsHalf:0 (G4Tubs) ... OK! 
Checking overlaps for volume rf_d_25TimingVol:0 (G4Tubs) ... OK! 
Checking overlaps for volume rf_d_25:0 (G4Tubs) ... OK! 
BLCMDpillbox::construct rf_d_25 parent= relZ=19930.0 globZ=19930.0
	zmin=19890.0 zmax=19970.0
Checking overlaps for volume rf_e_25Pipe:0 (G4Tubs) ... OK! 
Checking overlaps for volume rf_e_25UsWall:0 (G4Tubs) ... OK! 
Checking overlaps for volume rf_e_25DsWall:0 (G4Tubs) ... OK! 
Checking overlaps for volume rf_e_25UsWin1:0 (G4Tubs) ... OK! 
Checking overlaps for volume rf_e_25DsWin1:0 (G4Tubs) ... OK! 
Checking overlaps for volume rf_e_25UsWin2:0 (G4Tubs) ... OK! 
Checking overlaps for volume rf_e_25DsWin2:0 (G4Tubs) ... OK! 
Checking overlaps for volume rf_e_25DsHalf:0 (G4Tubs) ... OK! 
Checking overlaps for volume rf_e_25TimingVol:0 (G4Tubs) ... OK! 
Checking overlaps for volume rf_e_25:0 (G4Tubs) ... OK! 
BLCMDpillbox::construct rf_e_25 parent= relZ=20010.0 globZ=20010.0
	zmin=19970.0 zmax=20050.0
Checking overlaps for volume rf_b_26Pipe:0 (G4Tubs) ... OK! 
Checking overlaps for volume rf_b_26UsWall:0 (G4Tubs) ... OK! 
Checking overlaps for volume rf_b_26DsWall:0 (G4Tubs) ... OK! 
Checking overlaps for volume rf_b_26UsWin1:0 (G4Tubs) ... OK! 
Checking overlaps for volume rf_b_26DsWin1:0 (G4Tubs) ... OK! 
Checking overlaps for volume rf_b_26UsWin2:0 (G4Tubs) ... OK! 
Checking overlaps for volume rf_b_26DsWin2:0 (G4Tubs) ... OK! 
Checking overlaps for volume rf_b_26DsHalf:0 (G4Tubs) ... OK! 
Checking overlaps for volume rf_b_26TimingVol:0 (G4Tubs) ... OK! 
Checking overlaps for volume rf_b_26:0 (G4Tubs) ... OK! 
BLCMDpillbox::construct rf_b_26 parent= relZ=20550.0 globZ=20550.0
	zmin=20510.0 zmax=20590.0
Checking overlaps for volume rf_c_26Pipe:0 (G4Tubs) ... OK! 
Checking overlaps for volume rf_c_26UsWall:0 (G4Tubs) ... OK! 
Checking overlaps for volume rf_c_26DsWall:0 (G4Tubs) ... OK! 
Checking overlaps for volume rf_c_26UsWin1:0 (G4Tubs) ... OK! 
Checking overlaps for volume rf_c_26DsWin1:0 (G4Tubs) ... OK! 
Checking overlaps for volume rf_c_26UsWin2:0 (G4Tubs) ... OK! 
Checking overlaps for volume rf_c_26DsWin2:0 (G4Tubs) ... OK! 
Checking overlaps for volume rf_c_26DsHalf:0 (G4Tubs) ... OK! 
Checking overlaps for volume rf_c_26TimingVol:0 (G4Tubs) ... OK! 
Checking overlaps for volume rf_c_26:0 (G4Tubs) ... OK! 
BLCMDpillbox::construct rf_c_26 parent= relZ=20630.0 globZ=20630.0
	zmin=20590.0 zmax=20670.0
Checking overlaps for volume rf_d_26Pipe:0 (G4Tubs) ... OK! 
Checking overlaps for volume rf_d_26UsWall:0 (G4Tubs) ... OK! 
Checking overlaps for volume rf_d_26DsWall:0 (G4Tubs) ... OK! 
Checking overlaps for volume rf_d_26UsWin1:0 (G4Tubs) ... OK! 
Checking overlaps for volume rf_d_26DsWin1:0 (G4Tubs) ... OK! 
Checking overlaps for volume rf_d_26UsWin2:0 (G4Tubs) ... OK! 
Checking overlaps for volume rf_d_26DsWin2:0 (G4Tubs) ... OK! 
Checking overlaps for volume rf_d_26DsHalf:0 (G4Tubs) ... OK! 
Checking overlaps for volume rf_d_26TimingVol:0 (G4Tubs) ... OK! 
Checking overlaps for volume rf_d_26:0 (G4Tubs) ... OK! 
BLCMDpillbox::construct rf_d_26 parent= relZ=20710.0 globZ=20710.0
	zmin=20670.0 zmax=20750.0
Checking overlaps for volume rf_e_26Pipe:0 (G4Tubs) ... OK! 
Checking overlaps for volume rf_e_26UsWall:0 (G4Tubs) ... OK! 
Checking overlaps for volume rf_e_26DsWall:0 (G4Tubs) ... OK! 
Checking overlaps for volume rf_e_26UsWin1:0 (G4Tubs) ... OK! 
Checking overlaps for volume rf_e_26DsWin1:0 (G4Tubs) ... OK! 
Checking overlaps for volume rf_e_26UsWin2:0 (G4Tubs) ... OK! 
Checking overlaps for volume rf_e_26DsWin2:0 (G4Tubs) ... OK! 
Checking overlaps for volume rf_e_26DsHalf:0 (G4Tubs) ... OK! 
Checking overlaps for volume rf_e_26TimingVol:0 (G4Tubs) ... OK! 
Checking overlaps for volume rf_e_26:0 (G4Tubs) ... OK! 
BLCMDpillbox::construct rf_e_26 parent= relZ=20790.0 globZ=20790.0
	zmin=20750.0 zmax=20830.0
Checking overlaps for volume rf_b_27Pipe:0 (G4Tubs) ... OK! 
Checking overlaps for volume rf_b_27UsWall:0 (G4Tubs) ... OK! 
Checking overlaps for volume rf_b_27DsWall:0 (G4Tubs) ... OK! 
Checking overlaps for volume rf_b_27UsWin1:0 (G4Tubs) ... OK! 
Checking overlaps for volume rf_b_27DsWin1:0 (G4Tubs) ... OK! 
Checking overlaps for volume rf_b_27UsWin2:0 (G4Tubs) ... OK! 
Checking overlaps for volume rf_b_27DsWin2:0 (G4Tubs) ... OK! 
Checking overlaps for volume rf_b_27DsHalf:0 (G4Tubs) ... OK! 
Checking overlaps for volume rf_b_27TimingVol:0 (G4Tubs) ... OK! 
Checking overlaps for volume rf_b_27:0 (G4Tubs) ... OK! 
BLCMDpillbox::construct rf_b_27 parent= relZ=21330.0 globZ=21330.0
	zmin=21290.0 zmax=21370.0
Checking overlaps for volume rf_c_27Pipe:0 (G4Tubs) ... OK! 
Checking overlaps for volume rf_c_27UsWall:0 (G4Tubs) ... OK! 
Checking overlaps for volume rf_c_27DsWall:0 (G4Tubs) ... OK! 
Checking overlaps for volume rf_c_27UsWin1:0 (G4Tubs) ... OK! 
Checking overlaps for volume rf_c_27DsWin1:0 (G4Tubs) ... OK! 
Checking overlaps for volume rf_c_27UsWin2:0 (G4Tubs) ... OK! 
Checking overlaps for volume rf_c_27DsWin2:0 (G4Tubs) ... OK! 
Checking overlaps for volume rf_c_27DsHalf:0 (G4Tubs) ... OK! 
Checking overlaps for volume rf_c_27TimingVol:0 (G4Tubs) ... OK! 
Checking overlaps for volume rf_c_27:0 (G4Tubs) ... OK! 
BLCMDpillbox::construct rf_c_27 parent= relZ=21410.0 globZ=21410.0
	zmin=21370.0 zmax=21450.0
Checking overlaps for volume rf_d_27Pipe:0 (G4Tubs) ... OK! 
Checking overlaps for volume rf_d_27UsWall:0 (G4Tubs) ... OK! 
Checking overlaps for volume rf_d_27DsWall:0 (G4Tubs) ... OK! 
Checking overlaps for volume rf_d_27UsWin1:0 (G4Tubs) ... OK! 
Checking overlaps for volume rf_d_27DsWin1:0 (G4Tubs) ... OK! 
Checking overlaps for volume rf_d_27UsWin2:0 (G4Tubs) ... OK! 
Checking overlaps for volume rf_d_27DsWin2:0 (G4Tubs) ... OK! 
Checking overlaps for volume rf_d_27DsHalf:0 (G4Tubs) ... OK! 
Checking overlaps for volume rf_d_27TimingVol:0 (G4Tubs) ... OK! 
Checking overlaps for volume rf_d_27:0 (G4Tubs) ... OK! 
BLCMDpillbox::construct rf_d_27 parent= relZ=21490.0 globZ=21490.0
	zmin=21450.0 zmax=21530.0
Checking overlaps for volume rf_e_27Pipe:0 (G4Tubs) ... OK! 
Checking overlaps for volume rf_e_27UsWall:0 (G4Tubs) ... OK! 
Checking overlaps for volume rf_e_27DsWall:0 (G4Tubs) ... OK! 
Checking overlaps for volume rf_e_27UsWin1:0 (G4Tubs) ... OK! 
Checking overlaps for volume rf_e_27DsWin1:0 (G4Tubs) ... OK! 
Checking overlaps for volume rf_e_27UsWin2:0 (G4Tubs) ... OK! 
Checking overlaps for volume rf_e_27DsWin2:0 (G4Tubs) ... OK! 
Checking overlaps for volume rf_e_27DsHalf:0 (G4Tubs) ... OK! 
Checking overlaps for volume rf_e_27TimingVol:0 (G4Tubs) ... OK! 
Checking overlaps for volume rf_e_27:0 (G4Tubs) ... OK! 
BLCMDpillbox::construct rf_e_27 parent= relZ=21570.0 globZ=21570.0
	zmin=21530.0 zmax=21610.0
Checking overlaps for volume rf_b_28Pipe:0 (G4Tubs) ... OK! 
Checking overlaps for volume rf_b_28UsWall:0 (G4Tubs) ... OK! 
Checking overlaps for volume rf_b_28DsWall:0 (G4Tubs) ... OK! 
Checking overlaps for volume rf_b_28UsWin1:0 (G4Tubs) ... OK! 
Checking overlaps for volume rf_b_28DsWin1:0 (G4Tubs) ... OK! 
Checking overlaps for volume rf_b_28UsWin2:0 (G4Tubs) ... OK! 
Checking overlaps for volume rf_b_28DsWin2:0 (G4Tubs) ... OK! 
Checking overlaps for volume rf_b_28DsHalf:0 (G4Tubs) ... OK! 
Checking overlaps for volume rf_b_28TimingVol:0 (G4Tubs) ... OK! 
Checking overlaps for volume rf_b_28:0 (G4Tubs) ... OK! 
BLCMDpillbox::construct rf_b_28 parent= relZ=22110.0 globZ=22110.0
	zmin=22070.0 zmax=22150.0
Checking overlaps for volume rf_c_28Pipe:0 (G4Tubs) ... OK! 
Checking overlaps for volume rf_c_28UsWall:0 (G4Tubs) ... OK! 
Checking overlaps for volume rf_c_28DsWall:0 (G4Tubs) ... OK! 
Checking overlaps for volume rf_c_28UsWin1:0 (G4Tubs) ... OK! 
Checking overlaps for volume rf_c_28DsWin1:0 (G4Tubs) ... OK! 
Checking overlaps for volume rf_c_28UsWin2:0 (G4Tubs) ... OK! 
Checking overlaps for volume rf_c_28DsWin2:0 (G4Tubs) ... OK! 
Checking overlaps for volume rf_c_28DsHalf:0 (G4Tubs) ... OK! 
Checking overlaps for volume rf_c_28TimingVol:0 (G4Tubs) ... OK! 
Checking overlaps for volume rf_c_28:0 (G4Tubs) ... OK! 
BLCMDpillbox::construct rf_c_28 parent= relZ=22190.0 globZ=22190.0
	zmin=22150.0 zmax=22230.0
Checking overlaps for volume rf_d_28Pipe:0 (G4Tubs) ... OK! 
Checking overlaps for volume rf_d_28UsWall:0 (G4Tubs) ... OK! 
Checking overlaps for volume rf_d_28DsWall:0 (G4Tubs) ... OK! 
Checking overlaps for volume rf_d_28UsWin1:0 (G4Tubs) ... OK! 
Checking overlaps for volume rf_d_28DsWin1:0 (G4Tubs) ... OK! 
Checking overlaps for volume rf_d_28UsWin2:0 (G4Tubs) ... OK! 
Checking overlaps for volume rf_d_28DsWin2:0 (G4Tubs) ... OK! 
Checking overlaps for volume rf_d_28DsHalf:0 (G4Tubs) ... OK! 
Checking overlaps for volume rf_d_28TimingVol:0 (G4Tubs) ... OK! 
Checking overlaps for volume rf_d_28:0 (G4Tubs) ... OK! 
BLCMDpillbox::construct rf_d_28 parent= relZ=22270.0 globZ=22270.0
	zmin=22230.0 zmax=22310.0
Checking overlaps for volume rf_e_28Pipe:0 (G4Tubs) ... OK! 
Checking overlaps for volume rf_e_28UsWall:0 (G4Tubs) ... OK! 
Checking overlaps for volume rf_e_28DsWall:0 (G4Tubs) ... OK! 
Checking overlaps for volume rf_e_28UsWin1:0 (G4Tubs) ... OK! 
Checking overlaps for volume rf_e_28DsWin1:0 (G4Tubs) ... OK! 
Checking overlaps for volume rf_e_28UsWin2:0 (G4Tubs) ... OK! 
Checking overlaps for volume rf_e_28DsWin2:0 (G4Tubs) ... OK! 
Checking overlaps for volume rf_e_28DsHalf:0 (G4Tubs) ... OK! 
Checking overlaps for volume rf_e_28TimingVol:0 (G4Tubs) ... OK! 
Checking overlaps for volume rf_e_28:0 (G4Tubs) ... OK! 
BLCMDpillbox::construct rf_e_28 parent= relZ=22350.0 globZ=22350.0
	zmin=22310.0 zmax=22390.0
Checking overlaps for volume rf_b_29Pipe:0 (G4Tubs) ... OK! 
Checking overlaps for volume rf_b_29UsWall:0 (G4Tubs) ... OK! 
Checking overlaps for volume rf_b_29DsWall:0 (G4Tubs) ... OK! 
Checking overlaps for volume rf_b_29UsWin1:0 (G4Tubs) ... OK! 
Checking overlaps for volume rf_b_29DsWin1:0 (G4Tubs) ... OK! 
Checking overlaps for volume rf_b_29UsWin2:0 (G4Tubs) ... OK! 
Checking overlaps for volume rf_b_29DsWin2:0 (G4Tubs) ... OK! 
Checking overlaps for volume rf_b_29DsHalf:0 (G4Tubs) ... OK! 
Checking overlaps for volume rf_b_29TimingVol:0 (G4Tubs) ... OK! 
Checking overlaps for volume rf_b_29:0 (G4Tubs) ... OK! 
BLCMDpillbox::construct rf_b_29 parent= relZ=22890.0 globZ=22890.0
	zmin=22850.0 zmax=22930.0
Checking overlaps for volume rf_c_29Pipe:0 (G4Tubs) ... OK! 
Checking overlaps for volume rf_c_29UsWall:0 (G4Tubs) ... OK! 
Checking overlaps for volume rf_c_29DsWall:0 (G4Tubs) ... OK! 
Checking overlaps for volume rf_c_29UsWin1:0 (G4Tubs) ... OK! 
Checking overlaps for volume rf_c_29DsWin1:0 (G4Tubs) ... OK! 
Checking overlaps for volume rf_c_29UsWin2:0 (G4Tubs) ... OK! 
Checking overlaps for volume rf_c_29DsWin2:0 (G4Tubs) ... OK! 
Checking overlaps for volume rf_c_29DsHalf:0 (G4Tubs) ... OK! 
Checking overlaps for volume rf_c_29TimingVol:0 (G4Tubs) ... OK! 
Checking overlaps for volume rf_c_29:0 (G4Tubs) ... OK! 
BLCMDpillbox::construct rf_c_29 parent= relZ=22970.0 globZ=22970.0
	zmin=22930.0 zmax=23010.0
Checking overlaps for volume rf_d_29Pipe:0 (G4Tubs) ... OK! 
Checking overlaps for volume rf_d_29UsWall:0 (G4Tubs) ... OK! 
Checking overlaps for volume rf_d_29DsWall:0 (G4Tubs) ... OK! 
Checking overlaps for volume rf_d_29UsWin1:0 (G4Tubs) ... OK! 
Checking overlaps for volume rf_d_29DsWin1:0 (G4Tubs) ... OK! 
Checking overlaps for volume rf_d_29UsWin2:0 (G4Tubs) ... OK! 
Checking overlaps for volume rf_d_29DsWin2:0 (G4Tubs) ... OK! 
Checking overlaps for volume rf_d_29DsHalf:0 (G4Tubs) ... OK! 
Checking overlaps for volume rf_d_29TimingVol:0 (G4Tubs) ... OK! 
Checking overlaps for volume rf_d_29:0 (G4Tubs) ... OK! 
BLCMDpillbox::construct rf_d_29 parent= relZ=23050.0 globZ=23050.0
	zmin=23010.0 zmax=23090.0
Checking overlaps for volume rf_e_29Pipe:0 (G4Tubs) ... OK! 
Checking overlaps for volume rf_e_29UsWall:0 (G4Tubs) ... OK! 
Checking overlaps for volume rf_e_29DsWall:0 (G4Tubs) ... OK! 
Checking overlaps for volume rf_e_29UsWin1:0 (G4Tubs) ... OK! 
Checking overlaps for volume rf_e_29DsWin1:0 (G4Tubs) ... OK! 
Checking overlaps for volume rf_e_29UsWin2:0 (G4Tubs) ... OK! 
Checking overlaps for volume rf_e_29DsWin2:0 (G4Tubs) ... OK! 
Checking overlaps for volume rf_e_29DsHalf:0 (G4Tubs) ... OK! 
Checking overlaps for volume rf_e_29TimingVol:0 (G4Tubs) ... OK! 
Checking overlaps for volume rf_e_29:0 (G4Tubs) ... OK! 
BLCMDpillbox::construct rf_e_29 parent= relZ=23130.0 globZ=23130.0
	zmin=23090.0 zmax=23170.0
Checking overlaps for volume rf_b_30Pipe:0 (G4Tubs) ... OK! 
Checking overlaps for volume rf_b_30UsWall:0 (G4Tubs) ... OK! 
Checking overlaps for volume rf_b_30DsWall:0 (G4Tubs) ... OK! 
Checking overlaps for volume rf_b_30UsWin1:0 (G4Tubs) ... OK! 
Checking overlaps for volume rf_b_30DsWin1:0 (G4Tubs) ... OK! 
Checking overlaps for volume rf_b_30UsWin2:0 (G4Tubs) ... OK! 
Checking overlaps for volume rf_b_30DsWin2:0 (G4Tubs) ... OK! 
Checking overlaps for volume rf_b_30DsHalf:0 (G4Tubs) ... OK! 
Checking overlaps for volume rf_b_30TimingVol:0 (G4Tubs) ... OK! 
Checking overlaps for volume rf_b_30:0 (G4Tubs) ... OK! 
BLCMDpillbox::construct rf_b_30 parent= relZ=23670.0 globZ=23670.0
	zmin=23630.0 zmax=23710.0
Checking overlaps for volume rf_c_30Pipe:0 (G4Tubs) ... OK! 
Checking overlaps for volume rf_c_30UsWall:0 (G4Tubs) ... OK! 
Checking overlaps for volume rf_c_30DsWall:0 (G4Tubs) ... OK! 
Checking overlaps for volume rf_c_30UsWin1:0 (G4Tubs) ... OK! 
Checking overlaps for volume rf_c_30DsWin1:0 (G4Tubs) ... OK! 
Checking overlaps for volume rf_c_30UsWin2:0 (G4Tubs) ... OK! 
Checking overlaps for volume rf_c_30DsWin2:0 (G4Tubs) ... OK! 
Checking overlaps for volume rf_c_30DsHalf:0 (G4Tubs) ... OK! 
Checking overlaps for volume rf_c_30TimingVol:0 (G4Tubs) ... OK! 
Checking overlaps for volume rf_c_30:0 (G4Tubs) ... OK! 
BLCMDpillbox::construct rf_c_30 parent= relZ=23750.0 globZ=23750.0
	zmin=23710.0 zmax=23790.0
Checking overlaps for volume rf_d_30Pipe:0 (G4Tubs) ... OK! 
Checking overlaps for volume rf_d_30UsWall:0 (G4Tubs) ... OK! 
Checking overlaps for volume rf_d_30DsWall:0 (G4Tubs) ... OK! 
Checking overlaps for volume rf_d_30UsWin1:0 (G4Tubs) ... OK! 
Checking overlaps for volume rf_d_30DsWin1:0 (G4Tubs) ... OK! 
Checking overlaps for volume rf_d_30UsWin2:0 (G4Tubs) ... OK! 
Checking overlaps for volume rf_d_30DsWin2:0 (G4Tubs) ... OK! 
Checking overlaps for volume rf_d_30DsHalf:0 (G4Tubs) ... OK! 
Checking overlaps for volume rf_d_30TimingVol:0 (G4Tubs) ... OK! 
Checking overlaps for volume rf_d_30:0 (G4Tubs) ... OK! 
BLCMDpillbox::construct rf_d_30 parent= relZ=23830.0 globZ=23830.0
	zmin=23790.0 zmax=23870.0
Checking overlaps for volume rf_e_30Pipe:0 (G4Tubs) ... OK! 
Checking overlaps for volume rf_e_30UsWall:0 (G4Tubs) ... OK! 
Checking overlaps for volume rf_e_30DsWall:0 (G4Tubs) ... OK! 
Checking overlaps for volume rf_e_30UsWin1:0 (G4Tubs) ... OK! 
Checking overlaps for volume rf_e_30DsWin1:0 (G4Tubs) ... OK! 
Checking overlaps for volume rf_e_30UsWin2:0 (G4Tubs) ... OK! 
Checking overlaps for volume rf_e_30DsWin2:0 (G4Tubs) ... OK! 
Checking overlaps for volume rf_e_30DsHalf:0 (G4Tubs) ... OK! 
Checking overlaps for volume rf_e_30TimingVol:0 (G4Tubs) ... OK! 
Checking overlaps for volume rf_e_30:0 (G4Tubs) ... OK! 
BLCMDpillbox::construct rf_e_30 parent= relZ=23910.0 globZ=23910.0
	zmin=23870.0 zmax=23950.0
Checking overlaps for volume rf_b_31Pipe:0 (G4Tubs) ... OK! 
Checking overlaps for volume rf_b_31UsWall:0 (G4Tubs) ... OK! 
Checking overlaps for volume rf_b_31DsWall:0 (G4Tubs) ... OK! 
Checking overlaps for volume rf_b_31UsWin1:0 (G4Tubs) ... OK! 
Checking overlaps for volume rf_b_31DsWin1:0 (G4Tubs) ... OK! 
Checking overlaps for volume rf_b_31UsWin2:0 (G4Tubs) ... OK! 
Checking overlaps for volume rf_b_31DsWin2:0 (G4Tubs) ... OK! 
Checking overlaps for volume rf_b_31DsHalf:0 (G4Tubs) ... OK! 
Checking overlaps for volume rf_b_31TimingVol:0 (G4Tubs) ... OK! 
Checking overlaps for volume rf_b_31:0 (G4Tubs) ... OK! 
BLCMDpillbox::construct rf_b_31 parent= relZ=24450.0 globZ=24450.0
	zmin=24410.0 zmax=24490.0
Checking overlaps for volume rf_c_31Pipe:0 (G4Tubs) ... OK! 
Checking overlaps for volume rf_c_31UsWall:0 (G4Tubs) ... OK! 
Checking overlaps for volume rf_c_31DsWall:0 (G4Tubs) ... OK! 
Checking overlaps for volume rf_c_31UsWin1:0 (G4Tubs) ... OK! 
Checking overlaps for volume rf_c_31DsWin1:0 (G4Tubs) ... OK! 
Checking overlaps for volume rf_c_31UsWin2:0 (G4Tubs) ... OK! 
Checking overlaps for volume rf_c_31DsWin2:0 (G4Tubs) ... OK! 
Checking overlaps for volume rf_c_31DsHalf:0 (G4Tubs) ... OK! 
Checking overlaps for volume rf_c_31TimingVol:0 (G4Tubs) ... OK! 
Checking overlaps for volume rf_c_31:0 (G4Tubs) ... OK! 
BLCMDpillbox::construct rf_c_31 parent= relZ=24530.0 globZ=24530.0
	zmin=24490.0 zmax=24570.0
Checking overlaps for volume rf_d_31Pipe:0 (G4Tubs) ... OK! 
Checking overlaps for volume rf_d_31UsWall:0 (G4Tubs) ... OK! 
Checking overlaps for volume rf_d_31DsWall:0 (G4Tubs) ... OK! 
Checking overlaps for volume rf_d_31UsWin1:0 (G4Tubs) ... OK! 
Checking overlaps for volume rf_d_31DsWin1:0 (G4Tubs) ... OK! 
Checking overlaps for volume rf_d_31UsWin2:0 (G4Tubs) ... OK! 
Checking overlaps for volume rf_d_31DsWin2:0 (G4Tubs) ... OK! 
Checking overlaps for volume rf_d_31DsHalf:0 (G4Tubs) ... OK! 
Checking overlaps for volume rf_d_31TimingVol:0 (G4Tubs) ... OK! 
Checking overlaps for volume rf_d_31:0 (G4Tubs) ... OK! 
BLCMDpillbox::construct rf_d_31 parent= relZ=24610.0 globZ=24610.0
	zmin=24570.0 zmax=24650.0
Checking overlaps for volume rf_e_31Pipe:0 (G4Tubs) ... OK! 
Checking overlaps for volume rf_e_31UsWall:0 (G4Tubs) ... OK! 
Checking overlaps for volume rf_e_31DsWall:0 (G4Tubs) ... OK! 
Checking overlaps for volume rf_e_31UsWin1:0 (G4Tubs) ... OK! 
Checking overlaps for volume rf_e_31DsWin1:0 (G4Tubs) ... OK! 
Checking overlaps for volume rf_e_31UsWin2:0 (G4Tubs) ... OK! 
Checking overlaps for volume rf_e_31DsWin2:0 (G4Tubs) ... OK! 
Checking overlaps for volume rf_e_31DsHalf:0 (G4Tubs) ... OK! 
Checking overlaps for volume rf_e_31TimingVol:0 (G4Tubs) ... OK! 
Checking overlaps for volume rf_e_31:0 (G4Tubs) ... OK! 
BLCMDpillbox::construct rf_e_31 parent= relZ=24690.0 globZ=24690.0
	zmin=24650.0 zmax=24730.0
Checking overlaps for volume rf_b_32Pipe:0 (G4Tubs) ... OK! 
Checking overlaps for volume rf_b_32UsWall:0 (G4Tubs) ... OK! 
Checking overlaps for volume rf_b_32DsWall:0 (G4Tubs) ... OK! 
Checking overlaps for volume rf_b_32UsWin1:0 (G4Tubs) ... OK! 
Checking overlaps for volume rf_b_32DsWin1:0 (G4Tubs) ... OK! 
Checking overlaps for volume rf_b_32UsWin2:0 (G4Tubs) ... OK! 
Checking overlaps for volume rf_b_32DsWin2:0 (G4Tubs) ... OK! 
Checking overlaps for volume rf_b_32DsHalf:0 (G4Tubs) ... OK! 
Checking overlaps for volume rf_b_32TimingVol:0 (G4Tubs) ... OK! 
Checking overlaps for volume rf_b_32:0 (G4Tubs) ... OK! 
BLCMDpillbox::construct rf_b_32 parent= relZ=25230.0 globZ=25230.0
	zmin=25190.0 zmax=25270.0
Checking overlaps for volume rf_c_32Pipe:0 (G4Tubs) ... OK! 
Checking overlaps for volume rf_c_32UsWall:0 (G4Tubs) ... OK! 
Checking overlaps for volume rf_c_32DsWall:0 (G4Tubs) ... OK! 
Checking overlaps for volume rf_c_32UsWin1:0 (G4Tubs) ... OK! 
Checking overlaps for volume rf_c_32DsWin1:0 (G4Tubs) ... OK! 
Checking overlaps for volume rf_c_32UsWin2:0 (G4Tubs) ... OK! 
Checking overlaps for volume rf_c_32DsWin2:0 (G4Tubs) ... OK! 
Checking overlaps for volume rf_c_32DsHalf:0 (G4Tubs) ... OK! 
Checking overlaps for volume rf_c_32TimingVol:0 (G4Tubs) ... OK! 
Checking overlaps for volume rf_c_32:0 (G4Tubs) ... OK! 
BLCMDpillbox::construct rf_c_32 parent= relZ=25310.0 globZ=25310.0
	zmin=25270.0 zmax=25350.0
Checking overlaps for volume rf_d_32Pipe:0 (G4Tubs) ... OK! 
Checking overlaps for volume rf_d_32UsWall:0 (G4Tubs) ... OK! 
Checking overlaps for volume rf_d_32DsWall:0 (G4Tubs) ... OK! 
Checking overlaps for volume rf_d_32UsWin1:0 (G4Tubs) ... OK! 
Checking overlaps for volume rf_d_32DsWin1:0 (G4Tubs) ... OK! 
Checking overlaps for volume rf_d_32UsWin2:0 (G4Tubs) ... OK! 
Checking overlaps for volume rf_d_32DsWin2:0 (G4Tubs) ... OK! 
Checking overlaps for volume rf_d_32DsHalf:0 (G4Tubs) ... OK! 
Checking overlaps for volume rf_d_32TimingVol:0 (G4Tubs) ... OK! 
Checking overlaps for volume rf_d_32:0 (G4Tubs) ... OK! 
BLCMDpillbox::construct rf_d_32 parent= relZ=25390.0 globZ=25390.0
	zmin=25350.0 zmax=25430.0
Checking overlaps for volume rf_e_32Pipe:0 (G4Tubs) ... OK! 
Checking overlaps for volume rf_e_32UsWall:0 (G4Tubs) ... OK! 
Checking overlaps for volume rf_e_32DsWall:0 (G4Tubs) ... OK! 
Checking overlaps for volume rf_e_32UsWin1:0 (G4Tubs) ... OK! 
Checking overlaps for volume rf_e_32DsWin1:0 (G4Tubs) ... OK! 
Checking overlaps for volume rf_e_32UsWin2:0 (G4Tubs) ... OK! 
Checking overlaps for volume rf_e_32DsWin2:0 (G4Tubs) ... OK! 
Checking overlaps for volume rf_e_32DsHalf:0 (G4Tubs) ... OK! 
Checking overlaps for volume rf_e_32TimingVol:0 (G4Tubs) ... OK! 
Checking overlaps for volume rf_e_32:0 (G4Tubs) ... OK! 
BLCMDpillbox::construct rf_e_32 parent= relZ=25470.0 globZ=25470.0
	zmin=25430.0 zmax=25510.0
Checking overlaps for volume rf_b_33Pipe:0 (G4Tubs) ... OK! 
Checking overlaps for volume rf_b_33UsWall:0 (G4Tubs) ... OK! 
Checking overlaps for volume rf_b_33DsWall:0 (G4Tubs) ... OK! 
Checking overlaps for volume rf_b_33UsWin1:0 (G4Tubs) ... OK! 
Checking overlaps for volume rf_b_33DsWin1:0 (G4Tubs) ... OK! 
Checking overlaps for volume rf_b_33UsWin2:0 (G4Tubs) ... OK! 
Checking overlaps for volume rf_b_33DsWin2:0 (G4Tubs) ... OK! 
Checking overlaps for volume rf_b_33DsHalf:0 (G4Tubs) ... OK! 
Checking overlaps for volume rf_b_33TimingVol:0 (G4Tubs) ... OK! 
Checking overlaps for volume rf_b_33:0 (G4Tubs) ... OK! 
BLCMDpillbox::construct rf_b_33 parent= relZ=26010.0 globZ=26010.0
	zmin=25970.0 zmax=26050.0
Checking overlaps for volume rf_c_33Pipe:0 (G4Tubs) ... OK! 
Checking overlaps for volume rf_c_33UsWall:0 (G4Tubs) ... OK! 
Checking overlaps for volume rf_c_33DsWall:0 (G4Tubs) ... OK! 
Checking overlaps for volume rf_c_33UsWin1:0 (G4Tubs) ... OK! 
Checking overlaps for volume rf_c_33DsWin1:0 (G4Tubs) ... OK! 
Checking overlaps for volume rf_c_33UsWin2:0 (G4Tubs) ... OK! 
Checking overlaps for volume rf_c_33DsWin2:0 (G4Tubs) ... OK! 
Checking overlaps for volume rf_c_33DsHalf:0 (G4Tubs) ... OK! 
Checking overlaps for volume rf_c_33TimingVol:0 (G4Tubs) ... OK! 
Checking overlaps for volume rf_c_33:0 (G4Tubs) ... OK! 
BLCMDpillbox::construct rf_c_33 parent= relZ=26090.0 globZ=26090.0
	zmin=26050.0 zmax=26130.0
Checking overlaps for volume rf_d_33Pipe:0 (G4Tubs) ... OK! 
Checking overlaps for volume rf_d_33UsWall:0 (G4Tubs) ... OK! 
Checking overlaps for volume rf_d_33DsWall:0 (G4Tubs) ... OK! 
Checking overlaps for volume rf_d_33UsWin1:0 (G4Tubs) ... OK! 
Checking overlaps for volume rf_d_33DsWin1:0 (G4Tubs) ... OK! 
Checking overlaps for volume rf_d_33UsWin2:0 (G4Tubs) ... OK! 
Checking overlaps for volume rf_d_33DsWin2:0 (G4Tubs) ... OK! 
Checking overlaps for volume rf_d_33DsHalf:0 (G4Tubs) ... OK! 
Checking overlaps for volume rf_d_33TimingVol:0 (G4Tubs) ... OK! 
Checking overlaps for volume rf_d_33:0 (G4Tubs) ... OK! 
BLCMDpillbox::construct rf_d_33 parent= relZ=26170.0 globZ=26170.0
	zmin=26130.0 zmax=26210.0
Checking overlaps for volume rf_e_33Pipe:0 (G4Tubs) ... OK! 
Checking overlaps for volume rf_e_33UsWall:0 (G4Tubs) ... OK! 
Checking overlaps for volume rf_e_33DsWall:0 (G4Tubs) ... OK! 
Checking overlaps for volume rf_e_33UsWin1:0 (G4Tubs) ... OK! 
Checking overlaps for volume rf_e_33DsWin1:0 (G4Tubs) ... OK! 
Checking overlaps for volume rf_e_33UsWin2:0 (G4Tubs) ... OK! 
Checking overlaps for volume rf_e_33DsWin2:0 (G4Tubs) ... OK! 
Checking overlaps for volume rf_e_33DsHalf:0 (G4Tubs) ... OK! 
Checking overlaps for volume rf_e_33TimingVol:0 (G4Tubs) ... OK! 
Checking overlaps for volume rf_e_33:0 (G4Tubs) ... OK! 
BLCMDpillbox::construct rf_e_33 parent= relZ=26250.0 globZ=26250.0
	zmin=26210.0 zmax=26290.0
Checking overlaps for volume rf_b_34Pipe:0 (G4Tubs) ... OK! 
Checking overlaps for volume rf_b_34UsWall:0 (G4Tubs) ... OK! 
Checking overlaps for volume rf_b_34DsWall:0 (G4Tubs) ... OK! 
Checking overlaps for volume rf_b_34UsWin1:0 (G4Tubs) ... OK! 
Checking overlaps for volume rf_b_34DsWin1:0 (G4Tubs) ... OK! 
Checking overlaps for volume rf_b_34UsWin2:0 (G4Tubs) ... OK! 
Checking overlaps for volume rf_b_34DsWin2:0 (G4Tubs) ... OK! 
Checking overlaps for volume rf_b_34DsHalf:0 (G4Tubs) ... OK! 
Checking overlaps for volume rf_b_34TimingVol:0 (G4Tubs) ... OK! 
Checking overlaps for volume rf_b_34:0 (G4Tubs) ... OK! 
BLCMDpillbox::construct rf_b_34 parent= relZ=26790.0 globZ=26790.0
	zmin=26750.0 zmax=26830.0
Checking overlaps for volume rf_c_34Pipe:0 (G4Tubs) ... OK! 
Checking overlaps for volume rf_c_34UsWall:0 (G4Tubs) ... OK! 
Checking overlaps for volume rf_c_34DsWall:0 (G4Tubs) ... OK! 
Checking overlaps for volume rf_c_34UsWin1:0 (G4Tubs) ... OK! 
Checking overlaps for volume rf_c_34DsWin1:0 (G4Tubs) ... OK! 
Checking overlaps for volume rf_c_34UsWin2:0 (G4Tubs) ... OK! 
Checking overlaps for volume rf_c_34DsWin2:0 (G4Tubs) ... OK! 
Checking overlaps for volume rf_c_34DsHalf:0 (G4Tubs) ... OK! 
Checking overlaps for volume rf_c_34TimingVol:0 (G4Tubs) ... OK! 
Checking overlaps for volume rf_c_34:0 (G4Tubs) ... OK! 
BLCMDpillbox::construct rf_c_34 parent= relZ=26870.0 globZ=26870.0
	zmin=26830.0 zmax=26910.0
Checking overlaps for volume rf_d_34Pipe:0 (G4Tubs) ... OK! 
Checking overlaps for volume rf_d_34UsWall:0 (G4Tubs) ... OK! 
Checking overlaps for volume rf_d_34DsWall:0 (G4Tubs) ... OK! 
Checking overlaps for volume rf_d_34UsWin1:0 (G4Tubs) ... OK! 
Checking overlaps for volume rf_d_34DsWin1:0 (G4Tubs) ... OK! 
Checking overlaps for volume rf_d_34UsWin2:0 (G4Tubs) ... OK! 
Checking overlaps for volume rf_d_34DsWin2:0 (G4Tubs) ... OK! 
Checking overlaps for volume rf_d_34DsHalf:0 (G4Tubs) ... OK! 
Checking overlaps for volume rf_d_34TimingVol:0 (G4Tubs) ... OK! 
Checking overlaps for volume rf_d_34:0 (G4Tubs) ... OK! 
BLCMDpillbox::construct rf_d_34 parent= relZ=26950.0 globZ=26950.0
	zmin=26910.0 zmax=26990.0
Checking overlaps for volume rf_e_34Pipe:0 (G4Tubs) ... OK! 
Checking overlaps for volume rf_e_34UsWall:0 (G4Tubs) ... OK! 
Checking overlaps for volume rf_e_34DsWall:0 (G4Tubs) ... OK! 
Checking overlaps for volume rf_e_34UsWin1:0 (G4Tubs) ... OK! 
Checking overlaps for volume rf_e_34DsWin1:0 (G4Tubs) ... OK! 
Checking overlaps for volume rf_e_34UsWin2:0 (G4Tubs) ... OK! 
Checking overlaps for volume rf_e_34DsWin2:0 (G4Tubs) ... OK! 
Checking overlaps for volume rf_e_34DsHalf:0 (G4Tubs) ... OK! 
Checking overlaps for volume rf_e_34TimingVol:0 (G4Tubs) ... OK! 
Checking overlaps for volume rf_e_34:0 (G4Tubs) ... OK! 
BLCMDpillbox::construct rf_e_34 parent= relZ=27030.0 globZ=27030.0
	zmin=26990.0 zmax=27070.0
Checking overlaps for volume rf_b_35Pipe:0 (G4Tubs) ... OK! 
Checking overlaps for volume rf_b_35UsWall:0 (G4Tubs) ... OK! 
Checking overlaps for volume rf_b_35DsWall:0 (G4Tubs) ... OK! 
Checking overlaps for volume rf_b_35UsWin1:0 (G4Tubs) ... OK! 
Checking overlaps for volume rf_b_35DsWin1:0 (G4Tubs) ... OK! 
Checking overlaps for volume rf_b_35UsWin2:0 (G4Tubs) ... OK! 
Checking overlaps for volume rf_b_35DsWin2:0 (G4Tubs) ... OK! 
Checking overlaps for volume rf_b_35DsHalf:0 (G4Tubs) ... OK! 
Checking overlaps for volume rf_b_35TimingVol:0 (G4Tubs) ... OK! 
Checking overlaps for volume rf_b_35:0 (G4Tubs) ... OK! 
BLCMDpillbox::construct rf_b_35 parent= relZ=27570.0 globZ=27570.0
	zmin=27530.0 zmax=27610.0
Checking overlaps for volume rf_c_35Pipe:0 (G4Tubs) ... OK! 
Checking overlaps for volume rf_c_35UsWall:0 (G4Tubs) ... OK! 
Checking overlaps for volume rf_c_35DsWall:0 (G4Tubs) ... OK! 
Checking overlaps for volume rf_c_35UsWin1:0 (G4Tubs) ... OK! 
Checking overlaps for volume rf_c_35DsWin1:0 (G4Tubs) ... OK! 
Checking overlaps for volume rf_c_35UsWin2:0 (G4Tubs) ... OK! 
Checking overlaps for volume rf_c_35DsWin2:0 (G4Tubs) ... OK! 
Checking overlaps for volume rf_c_35DsHalf:0 (G4Tubs) ... OK! 
Checking overlaps for volume rf_c_35TimingVol:0 (G4Tubs) ... OK! 
Checking overlaps for volume rf_c_35:0 (G4Tubs) ... OK! 
BLCMDpillbox::construct rf_c_35 parent= relZ=27650.0 globZ=27650.0
	zmin=27610.0 zmax=27690.0
Checking overlaps for volume rf_d_35Pipe:0 (G4Tubs) ... OK! 
Checking overlaps for volume rf_d_35UsWall:0 (G4Tubs) ... OK! 
Checking overlaps for volume rf_d_35DsWall:0 (G4Tubs) ... OK! 
Checking overlaps for volume rf_d_35UsWin1:0 (G4Tubs) ... OK! 
Checking overlaps for volume rf_d_35DsWin1:0 (G4Tubs) ... OK! 
Checking overlaps for volume rf_d_35UsWin2:0 (G4Tubs) ... OK! 
Checking overlaps for volume rf_d_35DsWin2:0 (G4Tubs) ... OK! 
Checking overlaps for volume rf_d_35DsHalf:0 (G4Tubs) ... OK! 
Checking overlaps for volume rf_d_35TimingVol:0 (G4Tubs) ... OK! 
Checking overlaps for volume rf_d_35:0 (G4Tubs) ... OK! 
BLCMDpillbox::construct rf_d_35 parent= relZ=27730.0 globZ=27730.0
	zmin=27690.0 zmax=27770.0
Checking overlaps for volume rf_e_35Pipe:0 (G4Tubs) ... OK! 
Checking overlaps for volume rf_e_35UsWall:0 (G4Tubs) ... OK! 
Checking overlaps for volume rf_e_35DsWall:0 (G4Tubs) ... OK! 
Checking overlaps for volume rf_e_35UsWin1:0 (G4Tubs) ... OK! 
Checking overlaps for volume rf_e_35DsWin1:0 (G4Tubs) ... OK! 
Checking overlaps for volume rf_e_35UsWin2:0 (G4Tubs) ... OK! 
Checking overlaps for volume rf_e_35DsWin2:0 (G4Tubs) ... OK! 
Checking overlaps for volume rf_e_35DsHalf:0 (G4Tubs) ... OK! 
Checking overlaps for volume rf_e_35TimingVol:0 (G4Tubs) ... OK! 
Checking overlaps for volume rf_e_35:0 (G4Tubs) ... OK! 
BLCMDpillbox::construct rf_e_35 parent= relZ=27810.0 globZ=27810.0
	zmin=27770.0 zmax=27850.0
Checking overlaps for volume rf_b_36Pipe:0 (G4Tubs) ... OK! 
Checking overlaps for volume rf_b_36UsWall:0 (G4Tubs) ... OK! 
Checking overlaps for volume rf_b_36DsWall:0 (G4Tubs) ... OK! 
Checking overlaps for volume rf_b_36UsWin1:0 (G4Tubs) ... OK! 
Checking overlaps for volume rf_b_36DsWin1:0 (G4Tubs) ... OK! 
Checking overlaps for volume rf_b_36UsWin2:0 (G4Tubs) ... OK! 
Checking overlaps for volume rf_b_36DsWin2:0 (G4Tubs) ... OK! 
Checking overlaps for volume rf_b_36DsHalf:0 (G4Tubs) ... OK! 
Checking overlaps for volume rf_b_36TimingVol:0 (G4Tubs) ... OK! 
Checking overlaps for volume rf_b_36:0 (G4Tubs) ... OK! 
BLCMDpillbox::construct rf_b_36 parent= relZ=28350.0 globZ=28350.0
	zmin=28310.0 zmax=28390.0
Checking overlaps for volume rf_c_36Pipe:0 (G4Tubs) ... OK! 
Checking overlaps for volume rf_c_36UsWall:0 (G4Tubs) ... OK! 
Checking overlaps for volume rf_c_36DsWall:0 (G4Tubs) ... OK! 
Checking overlaps for volume rf_c_36UsWin1:0 (G4Tubs) ... OK! 
Checking overlaps for volume rf_c_36DsWin1:0 (G4Tubs) ... OK! 
Checking overlaps for volume rf_c_36UsWin2:0 (G4Tubs) ... OK! 
Checking overlaps for volume rf_c_36DsWin2:0 (G4Tubs) ... OK! 
Checking overlaps for volume rf_c_36DsHalf:0 (G4Tubs) ... OK! 
Checking overlaps for volume rf_c_36TimingVol:0 (G4Tubs) ... OK! 
Checking overlaps for volume rf_c_36:0 (G4Tubs) ... OK! 
BLCMDpillbox::construct rf_c_36 parent= relZ=28430.0 globZ=28430.0
	zmin=28390.0 zmax=28470.0
Checking overlaps for volume rf_d_36Pipe:0 (G4Tubs) ... OK! 
Checking overlaps for volume rf_d_36UsWall:0 (G4Tubs) ... OK! 
Checking overlaps for volume rf_d_36DsWall:0 (G4Tubs) ... OK! 
Checking overlaps for volume rf_d_36UsWin1:0 (G4Tubs) ... OK! 
Checking overlaps for volume rf_d_36DsWin1:0 (G4Tubs) ... OK! 
Checking overlaps for volume rf_d_36UsWin2:0 (G4Tubs) ... OK! 
Checking overlaps for volume rf_d_36DsWin2:0 (G4Tubs) ... OK! 
Checking overlaps for volume rf_d_36DsHalf:0 (G4Tubs) ... OK! 
Checking overlaps for volume rf_d_36TimingVol:0 (G4Tubs) ... OK! 
Checking overlaps for volume rf_d_36:0 (G4Tubs) ... OK! 
BLCMDpillbox::construct rf_d_36 parent= relZ=28510.0 globZ=28510.0
	zmin=28470.0 zmax=28550.0
Checking overlaps for volume rf_e_36Pipe:0 (G4Tubs) ... OK! 
Checking overlaps for volume rf_e_36UsWall:0 (G4Tubs) ... OK! 
Checking overlaps for volume rf_e_36DsWall:0 (G4Tubs) ... OK! 
Checking overlaps for volume rf_e_36UsWin1:0 (G4Tubs) ... OK! 
Checking overlaps for volume rf_e_36DsWin1:0 (G4Tubs) ... OK! 
Checking overlaps for volume rf_e_36UsWin2:0 (G4Tubs) ... OK! 
Checking overlaps for volume rf_e_36DsWin2:0 (G4Tubs) ... OK! 
Checking overlaps for volume rf_e_36DsHalf:0 (G4Tubs) ... OK! 
Checking overlaps for volume rf_e_36TimingVol:0 (G4Tubs) ... OK! 
Checking overlaps for volume rf_e_36:0 (G4Tubs) ... OK! 
BLCMDpillbox::construct rf_e_36 parent= relZ=28590.0 globZ=28590.0
	zmin=28550.0 zmax=28630.0
Checking overlaps for volume rf_b_37Pipe:0 (G4Tubs) ... OK! 
Checking overlaps for volume rf_b_37UsWall:0 (G4Tubs) ... OK! 
Checking overlaps for volume rf_b_37DsWall:0 (G4Tubs) ... OK! 
Checking overlaps for volume rf_b_37UsWin1:0 (G4Tubs) ... OK! 
Checking overlaps for volume rf_b_37DsWin1:0 (G4Tubs) ... OK! 
Checking overlaps for volume rf_b_37UsWin2:0 (G4Tubs) ... OK! 
Checking overlaps for volume rf_b_37DsWin2:0 (G4Tubs) ... OK! 
Checking overlaps for volume rf_b_37DsHalf:0 (G4Tubs) ... OK! 
Checking overlaps for volume rf_b_37TimingVol:0 (G4Tubs) ... OK! 
Checking overlaps for volume rf_b_37:0 (G4Tubs) ... OK! 
BLCMDpillbox::construct rf_b_37 parent= relZ=29130.0 globZ=29130.0
	zmin=29090.0 zmax=29170.0
Checking overlaps for volume rf_c_37Pipe:0 (G4Tubs) ... OK! 
Checking overlaps for volume rf_c_37UsWall:0 (G4Tubs) ... OK! 
Checking overlaps for volume rf_c_37DsWall:0 (G4Tubs) ... OK! 
Checking overlaps for volume rf_c_37UsWin1:0 (G4Tubs) ... OK! 
Checking overlaps for volume rf_c_37DsWin1:0 (G4Tubs) ... OK! 
Checking overlaps for volume rf_c_37UsWin2:0 (G4Tubs) ... OK! 
Checking overlaps for volume rf_c_37DsWin2:0 (G4Tubs) ... OK! 
Checking overlaps for volume rf_c_37DsHalf:0 (G4Tubs) ... OK! 
Checking overlaps for volume rf_c_37TimingVol:0 (G4Tubs) ... OK! 
Checking overlaps for volume rf_c_37:0 (G4Tubs) ... OK! 
BLCMDpillbox::construct rf_c_37 parent= relZ=29210.0 globZ=29210.0
	zmin=29170.0 zmax=29250.0
Checking overlaps for volume rf_d_37Pipe:0 (G4Tubs) ... OK! 
Checking overlaps for volume rf_d_37UsWall:0 (G4Tubs) ... OK! 
Checking overlaps for volume rf_d_37DsWall:0 (G4Tubs) ... OK! 
Checking overlaps for volume rf_d_37UsWin1:0 (G4Tubs) ... OK! 
Checking overlaps for volume rf_d_37DsWin1:0 (G4Tubs) ... OK! 
Checking overlaps for volume rf_d_37UsWin2:0 (G4Tubs) ... OK! 
Checking overlaps for volume rf_d_37DsWin2:0 (G4Tubs) ... OK! 
Checking overlaps for volume rf_d_37DsHalf:0 (G4Tubs) ... OK! 
Checking overlaps for volume rf_d_37TimingVol:0 (G4Tubs) ... OK! 
Checking overlaps for volume rf_d_37:0 (G4Tubs) ... OK! 
BLCMDpillbox::construct rf_d_37 parent= relZ=29290.0 globZ=29290.0
	zmin=29250.0 zmax=29330.0
Checking overlaps for volume rf_e_37Pipe:0 (G4Tubs) ... OK! 
Checking overlaps for volume rf_e_37UsWall:0 (G4Tubs) ... OK! 
Checking overlaps for volume rf_e_37DsWall:0 (G4Tubs) ... OK! 
Checking overlaps for volume rf_e_37UsWin1:0 (G4Tubs) ... OK! 
Checking overlaps for volume rf_e_37DsWin1:0 (G4Tubs) ... OK! 
Checking overlaps for volume rf_e_37UsWin2:0 (G4Tubs) ... OK! 
Checking overlaps for volume rf_e_37DsWin2:0 (G4Tubs) ... OK! 
Checking overlaps for volume rf_e_37DsHalf:0 (G4Tubs) ... OK! 
Checking overlaps for volume rf_e_37TimingVol:0 (G4Tubs) ... OK! 
Checking overlaps for volume rf_e_37:0 (G4Tubs) ... OK! 
BLCMDpillbox::construct rf_e_37 parent= relZ=29370.0 globZ=29370.0
	zmin=29330.0 zmax=29410.0
Checking overlaps for volume rf_b_38Pipe:0 (G4Tubs) ... OK! 
Checking overlaps for volume rf_b_38UsWall:0 (G4Tubs) ... OK! 
Checking overlaps for volume rf_b_38DsWall:0 (G4Tubs) ... OK! 
Checking overlaps for volume rf_b_38UsWin1:0 (G4Tubs) ... OK! 
Checking overlaps for volume rf_b_38DsWin1:0 (G4Tubs) ... OK! 
Checking overlaps for volume rf_b_38UsWin2:0 (G4Tubs) ... OK! 
Checking overlaps for volume rf_b_38DsWin2:0 (G4Tubs) ... OK! 
Checking overlaps for volume rf_b_38DsHalf:0 (G4Tubs) ... OK! 
Checking overlaps for volume rf_b_38TimingVol:0 (G4Tubs) ... OK! 
Checking overlaps for volume rf_b_38:0 (G4Tubs) ... OK! 
BLCMDpillbox::construct rf_b_38 parent= relZ=29910.0 globZ=29910.0
	zmin=29870.0 zmax=29950.0
Checking overlaps for volume rf_c_38Pipe:0 (G4Tubs) ... OK! 
Checking overlaps for volume rf_c_38UsWall:0 (G4Tubs) ... OK! 
Checking overlaps for volume rf_c_38DsWall:0 (G4Tubs) ... OK! 
Checking overlaps for volume rf_c_38UsWin1:0 (G4Tubs) ... OK! 
Checking overlaps for volume rf_c_38DsWin1:0 (G4Tubs) ... OK! 
Checking overlaps for volume rf_c_38UsWin2:0 (G4Tubs) ... OK! 
Checking overlaps for volume rf_c_38DsWin2:0 (G4Tubs) ... OK! 
Checking overlaps for volume rf_c_38DsHalf:0 (G4Tubs) ... OK! 
Checking overlaps for volume rf_c_38TimingVol:0 (G4Tubs) ... OK! 
Checking overlaps for volume rf_c_38:0 (G4Tubs) ... OK! 
BLCMDpillbox::construct rf_c_38 parent= relZ=29990.0 globZ=29990.0
	zmin=29950.0 zmax=30030.0
Checking overlaps for volume rf_d_38Pipe:0 (G4Tubs) ... OK! 
Checking overlaps for volume rf_d_38UsWall:0 (G4Tubs) ... OK! 
Checking overlaps for volume rf_d_38DsWall:0 (G4Tubs) ... OK! 
Checking overlaps for volume rf_d_38UsWin1:0 (G4Tubs) ... OK! 
Checking overlaps for volume rf_d_38DsWin1:0 (G4Tubs) ... OK! 
Checking overlaps for volume rf_d_38UsWin2:0 (G4Tubs) ... OK! 
Checking overlaps for volume rf_d_38DsWin2:0 (G4Tubs) ... OK! 
Checking overlaps for volume rf_d_38DsHalf:0 (G4Tubs) ... OK! 
Checking overlaps for volume rf_d_38TimingVol:0 (G4Tubs) ... OK! 
Checking overlaps for volume rf_d_38:0 (G4Tubs) ... OK! 
BLCMDpillbox::construct rf_d_38 parent= relZ=30070.0 globZ=30070.0
	zmin=30030.0 zmax=30110.0
Checking overlaps for volume rf_e_38Pipe:0 (G4Tubs) ... OK! 
Checking overlaps for volume rf_e_38UsWall:0 (G4Tubs) ... OK! 
Checking overlaps for volume rf_e_38DsWall:0 (G4Tubs) ... OK! 
Checking overlaps for volume rf_e_38UsWin1:0 (G4Tubs) ... OK! 
Checking overlaps for volume rf_e_38DsWin1:0 (G4Tubs) ... OK! 
Checking overlaps for volume rf_e_38UsWin2:0 (G4Tubs) ... OK! 
Checking overlaps for volume rf_e_38DsWin2:0 (G4Tubs) ... OK! 
Checking overlaps for volume rf_e_38DsHalf:0 (G4Tubs) ... OK! 
Checking overlaps for volume rf_e_38TimingVol:0 (G4Tubs) ... OK! 
Checking overlaps for volume rf_e_38:0 (G4Tubs) ... OK! 
BLCMDpillbox::construct rf_e_38 parent= relZ=30150.0 globZ=30150.0
	zmin=30110.0 zmax=30190.0
Checking overlaps for volume rf_b_39Pipe:0 (G4Tubs) ... OK! 
Checking overlaps for volume rf_b_39UsWall:0 (G4Tubs) ... OK! 
Checking overlaps for volume rf_b_39DsWall:0 (G4Tubs) ... OK! 
Checking overlaps for volume rf_b_39UsWin1:0 (G4Tubs) ... OK! 
Checking overlaps for volume rf_b_39DsWin1:0 (G4Tubs) ... OK! 
Checking overlaps for volume rf_b_39UsWin2:0 (G4Tubs) ... OK! 
Checking overlaps for volume rf_b_39DsWin2:0 (G4Tubs) ... OK! 
Checking overlaps for volume rf_b_39DsHalf:0 (G4Tubs) ... OK! 
Checking overlaps for volume rf_b_39TimingVol:0 (G4Tubs) ... OK! 
Checking overlaps for volume rf_b_39:0 (G4Tubs) ... OK! 
BLCMDpillbox::construct rf_b_39 parent= relZ=30690.0 globZ=30690.0
	zmin=30650.0 zmax=30730.0
Checking overlaps for volume rf_c_39Pipe:0 (G4Tubs) ... OK! 
Checking overlaps for volume rf_c_39UsWall:0 (G4Tubs) ... OK! 
Checking overlaps for volume rf_c_39DsWall:0 (G4Tubs) ... OK! 
Checking overlaps for volume rf_c_39UsWin1:0 (G4Tubs) ... OK! 
Checking overlaps for volume rf_c_39DsWin1:0 (G4Tubs) ... OK! 
Checking overlaps for volume rf_c_39UsWin2:0 (G4Tubs) ... OK! 
Checking overlaps for volume rf_c_39DsWin2:0 (G4Tubs) ... OK! 
Checking overlaps for volume rf_c_39DsHalf:0 (G4Tubs) ... OK! 
Checking overlaps for volume rf_c_39TimingVol:0 (G4Tubs) ... OK! 
Checking overlaps for volume rf_c_39:0 (G4Tubs) ... OK! 
BLCMDpillbox::construct rf_c_39 parent= relZ=30770.0 globZ=30770.0
	zmin=30730.0 zmax=30810.0
Checking overlaps for volume rf_d_39Pipe:0 (G4Tubs) ... OK! 
Checking overlaps for volume rf_d_39UsWall:0 (G4Tubs) ... OK! 
Checking overlaps for volume rf_d_39DsWall:0 (G4Tubs) ... OK! 
Checking overlaps for volume rf_d_39UsWin1:0 (G4Tubs) ... OK! 
Checking overlaps for volume rf_d_39DsWin1:0 (G4Tubs) ... OK! 
Checking overlaps for volume rf_d_39UsWin2:0 (G4Tubs) ... OK! 
Checking overlaps for volume rf_d_39DsWin2:0 (G4Tubs) ... OK! 
Checking overlaps for volume rf_d_39DsHalf:0 (G4Tubs) ... OK! 
Checking overlaps for volume rf_d_39TimingVol:0 (G4Tubs) ... OK! 
Checking overlaps for volume rf_d_39:0 (G4Tubs) ... OK! 
BLCMDpillbox::construct rf_d_39 parent= relZ=30850.0 globZ=30850.0
	zmin=30810.0 zmax=30890.0
Checking overlaps for volume rf_e_39Pipe:0 (G4Tubs) ... OK! 
Checking overlaps for volume rf_e_39UsWall:0 (G4Tubs) ... OK! 
Checking overlaps for volume rf_e_39DsWall:0 (G4Tubs) ... OK! 
Checking overlaps for volume rf_e_39UsWin1:0 (G4Tubs) ... OK! 
Checking overlaps for volume rf_e_39DsWin1:0 (G4Tubs) ... OK! 
Checking overlaps for volume rf_e_39UsWin2:0 (G4Tubs) ... OK! 
Checking overlaps for volume rf_e_39DsWin2:0 (G4Tubs) ... OK! 
Checking overlaps for volume rf_e_39DsHalf:0 (G4Tubs) ... OK! 
Checking overlaps for volume rf_e_39TimingVol:0 (G4Tubs) ... OK! 
Checking overlaps for volume rf_e_39:0 (G4Tubs) ... OK! 
BLCMDpillbox::construct rf_e_39 parent= relZ=30930.0 globZ=30930.0
	zmin=30890.0 zmax=30970.0
Checking overlaps for volume rf_b_40Pipe:0 (G4Tubs) ... OK! 
Checking overlaps for volume rf_b_40UsWall:0 (G4Tubs) ... OK! 
Checking overlaps for volume rf_b_40DsWall:0 (G4Tubs) ... OK! 
Checking overlaps for volume rf_b_40UsWin1:0 (G4Tubs) ... OK! 
Checking overlaps for volume rf_b_40DsWin1:0 (G4Tubs) ... OK! 
Checking overlaps for volume rf_b_40UsWin2:0 (G4Tubs) ... OK! 
Checking overlaps for volume rf_b_40DsWin2:0 (G4Tubs) ... OK! 
Checking overlaps for volume rf_b_40DsHalf:0 (G4Tubs) ... OK! 
Checking overlaps for volume rf_b_40TimingVol:0 (G4Tubs) ... OK! 
Checking overlaps for volume rf_b_40:0 (G4Tubs) ... OK! 
BLCMDpillbox::construct rf_b_40 parent= relZ=31470.0 globZ=31470.0
	zmin=31430.0 zmax=31510.0
Checking overlaps for volume rf_c_40Pipe:0 (G4Tubs) ... OK! 
Checking overlaps for volume rf_c_40UsWall:0 (G4Tubs) ... OK! 
Checking overlaps for volume rf_c_40DsWall:0 (G4Tubs) ... OK! 
Checking overlaps for volume rf_c_40UsWin1:0 (G4Tubs) ... OK! 
Checking overlaps for volume rf_c_40DsWin1:0 (G4Tubs) ... OK! 
Checking overlaps for volume rf_c_40UsWin2:0 (G4Tubs) ... OK! 
Checking overlaps for volume rf_c_40DsWin2:0 (G4Tubs) ... OK! 
Checking overlaps for volume rf_c_40DsHalf:0 (G4Tubs) ... OK! 
Checking overlaps for volume rf_c_40TimingVol:0 (G4Tubs) ... OK! 
Checking overlaps for volume rf_c_40:0 (G4Tubs) ... OK! 
BLCMDpillbox::construct rf_c_40 parent= relZ=31550.0 globZ=31550.0
	zmin=31510.0 zmax=31590.0
Checking overlaps for volume rf_d_40Pipe:0 (G4Tubs) ... OK! 
Checking overlaps for volume rf_d_40UsWall:0 (G4Tubs) ... OK! 
Checking overlaps for volume rf_d_40DsWall:0 (G4Tubs) ... OK! 
Checking overlaps for volume rf_d_40UsWin1:0 (G4Tubs) ... OK! 
Checking overlaps for volume rf_d_40DsWin1:0 (G4Tubs) ... OK! 
Checking overlaps for volume rf_d_40UsWin2:0 (G4Tubs) ... OK! 
Checking overlaps for volume rf_d_40DsWin2:0 (G4Tubs) ... OK! 
Checking overlaps for volume rf_d_40DsHalf:0 (G4Tubs) ... OK! 
Checking overlaps for volume rf_d_40TimingVol:0 (G4Tubs) ... OK! 
Checking overlaps for volume rf_d_40:0 (G4Tubs) ... OK! 
BLCMDpillbox::construct rf_d_40 parent= relZ=31630.0 globZ=31630.0
	zmin=31590.0 zmax=31670.0
Checking overlaps for volume rf_e_40Pipe:0 (G4Tubs) ... OK! 
Checking overlaps for volume rf_e_40UsWall:0 (G4Tubs) ... OK! 
Checking overlaps for volume rf_e_40DsWall:0 (G4Tubs) ... OK! 
Checking overlaps for volume rf_e_40UsWin1:0 (G4Tubs) ... OK! 
Checking overlaps for volume rf_e_40DsWin1:0 (G4Tubs) ... OK! 
Checking overlaps for volume rf_e_40UsWin2:0 (G4Tubs) ... OK! 
Checking overlaps for volume rf_e_40DsWin2:0 (G4Tubs) ... OK! 
Checking overlaps for volume rf_e_40DsHalf:0 (G4Tubs) ... OK! 
Checking overlaps for volume rf_e_40TimingVol:0 (G4Tubs) ... OK! 
Checking overlaps for volume rf_e_40:0 (G4Tubs) ... OK! 
BLCMDpillbox::construct rf_e_40 parent= relZ=31710.0 globZ=31710.0
	zmin=31670.0 zmax=31750.0
Checking overlaps for volume rf_b_41Pipe:0 (G4Tubs) ... OK! 
Checking overlaps for volume rf_b_41UsWall:0 (G4Tubs) ... OK! 
Checking overlaps for volume rf_b_41DsWall:0 (G4Tubs) ... OK! 
Checking overlaps for volume rf_b_41UsWin1:0 (G4Tubs) ... OK! 
Checking overlaps for volume rf_b_41DsWin1:0 (G4Tubs) ... OK! 
Checking overlaps for volume rf_b_41UsWin2:0 (G4Tubs) ... OK! 
Checking overlaps for volume rf_b_41DsWin2:0 (G4Tubs) ... OK! 
Checking overlaps for volume rf_b_41DsHalf:0 (G4Tubs) ... OK! 
Checking overlaps for volume rf_b_41TimingVol:0 (G4Tubs) ... OK! 
Checking overlaps for volume rf_b_41:0 (G4Tubs) ... OK! 
BLCMDpillbox::construct rf_b_41 parent= relZ=32250.0 globZ=32250.0
	zmin=32210.0 zmax=32290.0
Checking overlaps for volume rf_c_41Pipe:0 (G4Tubs) ... OK! 
Checking overlaps for volume rf_c_41UsWall:0 (G4Tubs) ... OK! 
Checking overlaps for volume rf_c_41DsWall:0 (G4Tubs) ... OK! 
Checking overlaps for volume rf_c_41UsWin1:0 (G4Tubs) ... OK! 
Checking overlaps for volume rf_c_41DsWin1:0 (G4Tubs) ... OK! 
Checking overlaps for volume rf_c_41UsWin2:0 (G4Tubs) ... OK! 
Checking overlaps for volume rf_c_41DsWin2:0 (G4Tubs) ... OK! 
Checking overlaps for volume rf_c_41DsHalf:0 (G4Tubs) ... OK! 
Checking overlaps for volume rf_c_41TimingVol:0 (G4Tubs) ... OK! 
Checking overlaps for volume rf_c_41:0 (G4Tubs) ... OK! 
BLCMDpillbox::construct rf_c_41 parent= relZ=32330.0 globZ=32330.0
	zmin=32290.0 zmax=32370.0
Checking overlaps for volume rf_d_41Pipe:0 (G4Tubs) ... OK! 
Checking overlaps for volume rf_d_41UsWall:0 (G4Tubs) ... OK! 
Checking overlaps for volume rf_d_41DsWall:0 (G4Tubs) ... OK! 
Checking overlaps for volume rf_d_41UsWin1:0 (G4Tubs) ... OK! 
Checking overlaps for volume rf_d_41DsWin1:0 (G4Tubs) ... OK! 
Checking overlaps for volume rf_d_41UsWin2:0 (G4Tubs) ... OK! 
Checking overlaps for volume rf_d_41DsWin2:0 (G4Tubs) ... OK! 
Checking overlaps for volume rf_d_41DsHalf:0 (G4Tubs) ... OK! 
Checking overlaps for volume rf_d_41TimingVol:0 (G4Tubs) ... OK! 
Checking overlaps for volume rf_d_41:0 (G4Tubs) ... OK! 
BLCMDpillbox::construct rf_d_41 parent= relZ=32410.0 globZ=32410.0
	zmin=32370.0 zmax=32450.0
Checking overlaps for volume rf_e_41Pipe:0 (G4Tubs) ... OK! 
Checking overlaps for volume rf_e_41UsWall:0 (G4Tubs) ... OK! 
Checking overlaps for volume rf_e_41DsWall:0 (G4Tubs) ... OK! 
Checking overlaps for volume rf_e_41UsWin1:0 (G4Tubs) ... OK! 
Checking overlaps for volume rf_e_41DsWin1:0 (G4Tubs) ... OK! 
Checking overlaps for volume rf_e_41UsWin2:0 (G4Tubs) ... OK! 
Checking overlaps for volume rf_e_41DsWin2:0 (G4Tubs) ... OK! 
Checking overlaps for volume rf_e_41DsHalf:0 (G4Tubs) ... OK! 
Checking overlaps for volume rf_e_41TimingVol:0 (G4Tubs) ... OK! 
Checking overlaps for volume rf_e_41:0 (G4Tubs) ... OK! 
BLCMDpillbox::construct rf_e_41 parent= relZ=32490.0 globZ=32490.0
	zmin=32450.0 zmax=32530.0
Checking overlaps for volume rf_b_42Pipe:0 (G4Tubs) ... OK! 
Checking overlaps for volume rf_b_42UsWall:0 (G4Tubs) ... OK! 
Checking overlaps for volume rf_b_42DsWall:0 (G4Tubs) ... OK! 
Checking overlaps for volume rf_b_42UsWin1:0 (G4Tubs) ... OK! 
Checking overlaps for volume rf_b_42DsWin1:0 (G4Tubs) ... OK! 
Checking overlaps for volume rf_b_42UsWin2:0 (G4Tubs) ... OK! 
Checking overlaps for volume rf_b_42DsWin2:0 (G4Tubs) ... OK! 
Checking overlaps for volume rf_b_42DsHalf:0 (G4Tubs) ... OK! 
Checking overlaps for volume rf_b_42TimingVol:0 (G4Tubs) ... OK! 
Checking overlaps for volume rf_b_42:0 (G4Tubs) ... OK! 
BLCMDpillbox::construct rf_b_42 parent= relZ=33030.0 globZ=33030.0
	zmin=32990.0 zmax=33070.0
Checking overlaps for volume rf_c_42Pipe:0 (G4Tubs) ... OK! 
Checking overlaps for volume rf_c_42UsWall:0 (G4Tubs) ... OK! 
Checking overlaps for volume rf_c_42DsWall:0 (G4Tubs) ... OK! 
Checking overlaps for volume rf_c_42UsWin1:0 (G4Tubs) ... OK! 
Checking overlaps for volume rf_c_42DsWin1:0 (G4Tubs) ... OK! 
Checking overlaps for volume rf_c_42UsWin2:0 (G4Tubs) ... OK! 
Checking overlaps for volume rf_c_42DsWin2:0 (G4Tubs) ... OK! 
Checking overlaps for volume rf_c_42DsHalf:0 (G4Tubs) ... OK! 
Checking overlaps for volume rf_c_42TimingVol:0 (G4Tubs) ... OK! 
Checking overlaps for volume rf_c_42:0 (G4Tubs) ... OK! 
BLCMDpillbox::construct rf_c_42 parent= relZ=33110.0 globZ=33110.0
	zmin=33070.0 zmax=33150.0
Checking overlaps for volume rf_d_42Pipe:0 (G4Tubs) ... OK! 
Checking overlaps for volume rf_d_42UsWall:0 (G4Tubs) ... OK! 
Checking overlaps for volume rf_d_42DsWall:0 (G4Tubs) ... OK! 
Checking overlaps for volume rf_d_42UsWin1:0 (G4Tubs) ... OK! 
Checking overlaps for volume rf_d_42DsWin1:0 (G4Tubs) ... OK! 
Checking overlaps for volume rf_d_42UsWin2:0 (G4Tubs) ... OK! 
Checking overlaps for volume rf_d_42DsWin2:0 (G4Tubs) ... OK! 
Checking overlaps for volume rf_d_42DsHalf:0 (G4Tubs) ... OK! 
Checking overlaps for volume rf_d_42TimingVol:0 (G4Tubs) ... OK! 
Checking overlaps for volume rf_d_42:0 (G4Tubs) ... OK! 
BLCMDpillbox::construct rf_d_42 parent= relZ=33190.0 globZ=33190.0
	zmin=33150.0 zmax=33230.0
Checking overlaps for volume rf_e_42Pipe:0 (G4Tubs) ... OK! 
Checking overlaps for volume rf_e_42UsWall:0 (G4Tubs) ... OK! 
Checking overlaps for volume rf_e_42DsWall:0 (G4Tubs) ... OK! 
Checking overlaps for volume rf_e_42UsWin1:0 (G4Tubs) ... OK! 
Checking overlaps for volume rf_e_42DsWin1:0 (G4Tubs) ... OK! 
Checking overlaps for volume rf_e_42UsWin2:0 (G4Tubs) ... OK! 
Checking overlaps for volume rf_e_42DsWin2:0 (G4Tubs) ... OK! 
Checking overlaps for volume rf_e_42DsHalf:0 (G4Tubs) ... OK! 
Checking overlaps for volume rf_e_42TimingVol:0 (G4Tubs) ... OK! 
Checking overlaps for volume rf_e_42:0 (G4Tubs) ... OK! 
BLCMDpillbox::construct rf_e_42 parent= relZ=33270.0 globZ=33270.0
	zmin=33230.0 zmax=33310.0
Checking overlaps for volume rf_b_43Pipe:0 (G4Tubs) ... OK! 
Checking overlaps for volume rf_b_43UsWall:0 (G4Tubs) ... OK! 
Checking overlaps for volume rf_b_43DsWall:0 (G4Tubs) ... OK! 
Checking overlaps for volume rf_b_43UsWin1:0 (G4Tubs) ... OK! 
Checking overlaps for volume rf_b_43DsWin1:0 (G4Tubs) ... OK! 
Checking overlaps for volume rf_b_43UsWin2:0 (G4Tubs) ... OK! 
Checking overlaps for volume rf_b_43DsWin2:0 (G4Tubs) ... OK! 
Checking overlaps for volume rf_b_43DsHalf:0 (G4Tubs) ... OK! 
Checking overlaps for volume rf_b_43TimingVol:0 (G4Tubs) ... OK! 
Checking overlaps for volume rf_b_43:0 (G4Tubs) ... OK! 
BLCMDpillbox::construct rf_b_43 parent= relZ=33810.0 globZ=33810.0
	zmin=33770.0 zmax=33850.0
Checking overlaps for volume rf_c_43Pipe:0 (G4Tubs) ... OK! 
Checking overlaps for volume rf_c_43UsWall:0 (G4Tubs) ... OK! 
Checking overlaps for volume rf_c_43DsWall:0 (G4Tubs) ... OK! 
Checking overlaps for volume rf_c_43UsWin1:0 (G4Tubs) ... OK! 
Checking overlaps for volume rf_c_43DsWin1:0 (G4Tubs) ... OK! 
Checking overlaps for volume rf_c_43UsWin2:0 (G4Tubs) ... OK! 
Checking overlaps for volume rf_c_43DsWin2:0 (G4Tubs) ... OK! 
Checking overlaps for volume rf_c_43DsHalf:0 (G4Tubs) ... OK! 
Checking overlaps for volume rf_c_43TimingVol:0 (G4Tubs) ... OK! 
Checking overlaps for volume rf_c_43:0 (G4Tubs) ... OK! 
BLCMDpillbox::construct rf_c_43 parent= relZ=33890.0 globZ=33890.0
	zmin=33850.0 zmax=33930.0
Checking overlaps for volume rf_d_43Pipe:0 (G4Tubs) ... OK! 
Checking overlaps for volume rf_d_43UsWall:0 (G4Tubs) ... OK! 
Checking overlaps for volume rf_d_43DsWall:0 (G4Tubs) ... OK! 
Checking overlaps for volume rf_d_43UsWin1:0 (G4Tubs) ... OK! 
Checking overlaps for volume rf_d_43DsWin1:0 (G4Tubs) ... OK! 
Checking overlaps for volume rf_d_43UsWin2:0 (G4Tubs) ... OK! 
Checking overlaps for volume rf_d_43DsWin2:0 (G4Tubs) ... OK! 
Checking overlaps for volume rf_d_43DsHalf:0 (G4Tubs) ... OK! 
Checking overlaps for volume rf_d_43TimingVol:0 (G4Tubs) ... OK! 
Checking overlaps for volume rf_d_43:0 (G4Tubs) ... OK! 
BLCMDpillbox::construct rf_d_43 parent= relZ=33970.0 globZ=33970.0
	zmin=33930.0 zmax=34010.0
Checking overlaps for volume rf_e_43Pipe:0 (G4Tubs) ... OK! 
Checking overlaps for volume rf_e_43UsWall:0 (G4Tubs) ... OK! 
Checking overlaps for volume rf_e_43DsWall:0 (G4Tubs) ... OK! 
Checking overlaps for volume rf_e_43UsWin1:0 (G4Tubs) ... OK! 
Checking overlaps for volume rf_e_43DsWin1:0 (G4Tubs) ... OK! 
Checking overlaps for volume rf_e_43UsWin2:0 (G4Tubs) ... OK! 
Checking overlaps for volume rf_e_43DsWin2:0 (G4Tubs) ... OK! 
Checking overlaps for volume rf_e_43DsHalf:0 (G4Tubs) ... OK! 
Checking overlaps for volume rf_e_43TimingVol:0 (G4Tubs) ... OK! 
Checking overlaps for volume rf_e_43:0 (G4Tubs) ... OK! 
BLCMDpillbox::construct rf_e_43 parent= relZ=34050.0 globZ=34050.0
	zmin=34010.0 zmax=34090.0
Checking overlaps for volume rf_b_44Pipe:0 (G4Tubs) ... OK! 
Checking overlaps for volume rf_b_44UsWall:0 (G4Tubs) ... OK! 
Checking overlaps for volume rf_b_44DsWall:0 (G4Tubs) ... OK! 
Checking overlaps for volume rf_b_44UsWin1:0 (G4Tubs) ... OK! 
Checking overlaps for volume rf_b_44DsWin1:0 (G4Tubs) ... OK! 
Checking overlaps for volume rf_b_44UsWin2:0 (G4Tubs) ... OK! 
Checking overlaps for volume rf_b_44DsWin2:0 (G4Tubs) ... OK! 
Checking overlaps for volume rf_b_44DsHalf:0 (G4Tubs) ... OK! 
Checking overlaps for volume rf_b_44TimingVol:0 (G4Tubs) ... OK! 
Checking overlaps for volume rf_b_44:0 (G4Tubs) ... OK! 
BLCMDpillbox::construct rf_b_44 parent= relZ=34590.0 globZ=34590.0
	zmin=34550.0 zmax=34630.0
Checking overlaps for volume rf_c_44Pipe:0 (G4Tubs) ... OK! 
Checking overlaps for volume rf_c_44UsWall:0 (G4Tubs) ... OK! 
Checking overlaps for volume rf_c_44DsWall:0 (G4Tubs) ... OK! 
Checking overlaps for volume rf_c_44UsWin1:0 (G4Tubs) ... OK! 
Checking overlaps for volume rf_c_44DsWin1:0 (G4Tubs) ... OK! 
Checking overlaps for volume rf_c_44UsWin2:0 (G4Tubs) ... OK! 
Checking overlaps for volume rf_c_44DsWin2:0 (G4Tubs) ... OK! 
Checking overlaps for volume rf_c_44DsHalf:0 (G4Tubs) ... OK! 
Checking overlaps for volume rf_c_44TimingVol:0 (G4Tubs) ... OK! 
Checking overlaps for volume rf_c_44:0 (G4Tubs) ... OK! 
BLCMDpillbox::construct rf_c_44 parent= relZ=34670.0 globZ=34670.0
	zmin=34630.0 zmax=34710.0
Checking overlaps for volume rf_d_44Pipe:0 (G4Tubs) ... OK! 
Checking overlaps for volume rf_d_44UsWall:0 (G4Tubs) ... OK! 
Checking overlaps for volume rf_d_44DsWall:0 (G4Tubs) ... OK! 
Checking overlaps for volume rf_d_44UsWin1:0 (G4Tubs) ... OK! 
Checking overlaps for volume rf_d_44DsWin1:0 (G4Tubs) ... OK! 
Checking overlaps for volume rf_d_44UsWin2:0 (G4Tubs) ... OK! 
Checking overlaps for volume rf_d_44DsWin2:0 (G4Tubs) ... OK! 
Checking overlaps for volume rf_d_44DsHalf:0 (G4Tubs) ... OK! 
Checking overlaps for volume rf_d_44TimingVol:0 (G4Tubs) ... OK! 
Checking overlaps for volume rf_d_44:0 (G4Tubs) ... OK! 
BLCMDpillbox::construct rf_d_44 parent= relZ=34750.0 globZ=34750.0
	zmin=34710.0 zmax=34790.0
Checking overlaps for volume rf_e_44Pipe:0 (G4Tubs) ... OK! 
Checking overlaps for volume rf_e_44UsWall:0 (G4Tubs) ... OK! 
Checking overlaps for volume rf_e_44DsWall:0 (G4Tubs) ... OK! 
Checking overlaps for volume rf_e_44UsWin1:0 (G4Tubs) ... OK! 
Checking overlaps for volume rf_e_44DsWin1:0 (G4Tubs) ... OK! 
Checking overlaps for volume rf_e_44UsWin2:0 (G4Tubs) ... OK! 
Checking overlaps for volume rf_e_44DsWin2:0 (G4Tubs) ... OK! 
Checking overlaps for volume rf_e_44DsHalf:0 (G4Tubs) ... OK! 
Checking overlaps for volume rf_e_44TimingVol:0 (G4Tubs) ... OK! 
Checking overlaps for volume rf_e_44:0 (G4Tubs) ... OK! 
BLCMDpillbox::construct rf_e_44 parent= relZ=34830.0 globZ=34830.0
	zmin=34790.0 zmax=34870.0
Checking overlaps for volume rf_b_45Pipe:0 (G4Tubs) ... OK! 
Checking overlaps for volume rf_b_45UsWall:0 (G4Tubs) ... OK! 
Checking overlaps for volume rf_b_45DsWall:0 (G4Tubs) ... OK! 
Checking overlaps for volume rf_b_45UsWin1:0 (G4Tubs) ... OK! 
Checking overlaps for volume rf_b_45DsWin1:0 (G4Tubs) ... OK! 
Checking overlaps for volume rf_b_45UsWin2:0 (G4Tubs) ... OK! 
Checking overlaps for volume rf_b_45DsWin2:0 (G4Tubs) ... OK! 
Checking overlaps for volume rf_b_45DsHalf:0 (G4Tubs) ... OK! 
Checking overlaps for volume rf_b_45TimingVol:0 (G4Tubs) ... OK! 
Checking overlaps for volume rf_b_45:0 (G4Tubs) ... OK! 
BLCMDpillbox::construct rf_b_45 parent= relZ=35370.0 globZ=35370.0
	zmin=35330.0 zmax=35410.0
Checking overlaps for volume rf_c_45Pipe:0 (G4Tubs) ... OK! 
Checking overlaps for volume rf_c_45UsWall:0 (G4Tubs) ... OK! 
Checking overlaps for volume rf_c_45DsWall:0 (G4Tubs) ... OK! 
Checking overlaps for volume rf_c_45UsWin1:0 (G4Tubs) ... OK! 
Checking overlaps for volume rf_c_45DsWin1:0 (G4Tubs) ... OK! 
Checking overlaps for volume rf_c_45UsWin2:0 (G4Tubs) ... OK! 
Checking overlaps for volume rf_c_45DsWin2:0 (G4Tubs) ... OK! 
Checking overlaps for volume rf_c_45DsHalf:0 (G4Tubs) ... OK! 
Checking overlaps for volume rf_c_45TimingVol:0 (G4Tubs) ... OK! 
Checking overlaps for volume rf_c_45:0 (G4Tubs) ... OK! 
BLCMDpillbox::construct rf_c_45 parent= relZ=35450.0 globZ=35450.0
	zmin=35410.0 zmax=35490.0
Checking overlaps for volume rf_d_45Pipe:0 (G4Tubs) ... OK! 
Checking overlaps for volume rf_d_45UsWall:0 (G4Tubs) ... OK! 
Checking overlaps for volume rf_d_45DsWall:0 (G4Tubs) ... OK! 
Checking overlaps for volume rf_d_45UsWin1:0 (G4Tubs) ... OK! 
Checking overlaps for volume rf_d_45DsWin1:0 (G4Tubs) ... OK! 
Checking overlaps for volume rf_d_45UsWin2:0 (G4Tubs) ... OK! 
Checking overlaps for volume rf_d_45DsWin2:0 (G4Tubs) ... OK! 
Checking overlaps for volume rf_d_45DsHalf:0 (G4Tubs) ... OK! 
Checking overlaps for volume rf_d_45TimingVol:0 (G4Tubs) ... OK! 
Checking overlaps for volume rf_d_45:0 (G4Tubs) ... OK! 
BLCMDpillbox::construct rf_d_45 parent= relZ=35530.0 globZ=35530.0
	zmin=35490.0 zmax=35570.0
Checking overlaps for volume rf_e_45Pipe:0 (G4Tubs) ... OK! 
Checking overlaps for volume rf_e_45UsWall:0 (G4Tubs) ... OK! 
Checking overlaps for volume rf_e_45DsWall:0 (G4Tubs) ... OK! 
Checking overlaps for volume rf_e_45UsWin1:0 (G4Tubs) ... OK! 
Checking overlaps for volume rf_e_45DsWin1:0 (G4Tubs) ... OK! 
Checking overlaps for volume rf_e_45UsWin2:0 (G4Tubs) ... OK! 
Checking overlaps for volume rf_e_45DsWin2:0 (G4Tubs) ... OK! 
Checking overlaps for volume rf_e_45DsHalf:0 (G4Tubs) ... OK! 
Checking overlaps for volume rf_e_45TimingVol:0 (G4Tubs) ... OK! 
Checking overlaps for volume rf_e_45:0 (G4Tubs) ... OK! 
BLCMDpillbox::construct rf_e_45 parent= relZ=35610.0 globZ=35610.0
	zmin=35570.0 zmax=35650.0
Checking overlaps for volume rf_b_46Pipe:0 (G4Tubs) ... OK! 
Checking overlaps for volume rf_b_46UsWall:0 (G4Tubs) ... OK! 
Checking overlaps for volume rf_b_46DsWall:0 (G4Tubs) ... OK! 
Checking overlaps for volume rf_b_46UsWin1:0 (G4Tubs) ... OK! 
Checking overlaps for volume rf_b_46DsWin1:0 (G4Tubs) ... OK! 
Checking overlaps for volume rf_b_46UsWin2:0 (G4Tubs) ... OK! 
Checking overlaps for volume rf_b_46DsWin2:0 (G4Tubs) ... OK! 
Checking overlaps for volume rf_b_46DsHalf:0 (G4Tubs) ... OK! 
Checking overlaps for volume rf_b_46TimingVol:0 (G4Tubs) ... OK! 
Checking overlaps for volume rf_b_46:0 (G4Tubs) ... OK! 
BLCMDpillbox::construct rf_b_46 parent= relZ=36150.0 globZ=36150.0
	zmin=36110.0 zmax=36190.0
Checking overlaps for volume rf_c_46Pipe:0 (G4Tubs) ... OK! 
Checking overlaps for volume rf_c_46UsWall:0 (G4Tubs) ... OK! 
Checking overlaps for volume rf_c_46DsWall:0 (G4Tubs) ... OK! 
Checking overlaps for volume rf_c_46UsWin1:0 (G4Tubs) ... OK! 
Checking overlaps for volume rf_c_46DsWin1:0 (G4Tubs) ... OK! 
Checking overlaps for volume rf_c_46UsWin2:0 (G4Tubs) ... OK! 
Checking overlaps for volume rf_c_46DsWin2:0 (G4Tubs) ... OK! 
Checking overlaps for volume rf_c_46DsHalf:0 (G4Tubs) ... OK! 
Checking overlaps for volume rf_c_46TimingVol:0 (G4Tubs) ... OK! 
Checking overlaps for volume rf_c_46:0 (G4Tubs) ... OK! 
BLCMDpillbox::construct rf_c_46 parent= relZ=36230.0 globZ=36230.0
	zmin=36190.0 zmax=36270.0
Checking overlaps for volume rf_d_46Pipe:0 (G4Tubs) ... OK! 
Checking overlaps for volume rf_d_46UsWall:0 (G4Tubs) ... OK! 
Checking overlaps for volume rf_d_46DsWall:0 (G4Tubs) ... OK! 
Checking overlaps for volume rf_d_46UsWin1:0 (G4Tubs) ... OK! 
Checking overlaps for volume rf_d_46DsWin1:0 (G4Tubs) ... OK! 
Checking overlaps for volume rf_d_46UsWin2:0 (G4Tubs) ... OK! 
Checking overlaps for volume rf_d_46DsWin2:0 (G4Tubs) ... OK! 
Checking overlaps for volume rf_d_46DsHalf:0 (G4Tubs) ... OK! 
Checking overlaps for volume rf_d_46TimingVol:0 (G4Tubs) ... OK! 
Checking overlaps for volume rf_d_46:0 (G4Tubs) ... OK! 
BLCMDpillbox::construct rf_d_46 parent= relZ=36310.0 globZ=36310.0
	zmin=36270.0 zmax=36350.0
Checking overlaps for volume rf_e_46Pipe:0 (G4Tubs) ... OK! 
Checking overlaps for volume rf_e_46UsWall:0 (G4Tubs) ... OK! 
Checking overlaps for volume rf_e_46DsWall:0 (G4Tubs) ... OK! 
Checking overlaps for volume rf_e_46UsWin1:0 (G4Tubs) ... OK! 
Checking overlaps for volume rf_e_46DsWin1:0 (G4Tubs) ... OK! 
Checking overlaps for volume rf_e_46UsWin2:0 (G4Tubs) ... OK! 
Checking overlaps for volume rf_e_46DsWin2:0 (G4Tubs) ... OK! 
Checking overlaps for volume rf_e_46DsHalf:0 (G4Tubs) ... OK! 
Checking overlaps for volume rf_e_46TimingVol:0 (G4Tubs) ... OK! 
Checking overlaps for volume rf_e_46:0 (G4Tubs) ... OK! 
BLCMDpillbox::construct rf_e_46 parent= relZ=36390.0 globZ=36390.0
	zmin=36350.0 zmax=36430.0
Checking overlaps for volume rf_b_47Pipe:0 (G4Tubs) ... OK! 
Checking overlaps for volume rf_b_47UsWall:0 (G4Tubs) ... OK! 
Checking overlaps for volume rf_b_47DsWall:0 (G4Tubs) ... OK! 
Checking overlaps for volume rf_b_47UsWin1:0 (G4Tubs) ... OK! 
Checking overlaps for volume rf_b_47DsWin1:0 (G4Tubs) ... OK! 
Checking overlaps for volume rf_b_47UsWin2:0 (G4Tubs) ... OK! 
Checking overlaps for volume rf_b_47DsWin2:0 (G4Tubs) ... OK! 
Checking overlaps for volume rf_b_47DsHalf:0 (G4Tubs) ... OK! 
Checking overlaps for volume rf_b_47TimingVol:0 (G4Tubs) ... OK! 
Checking overlaps for volume rf_b_47:0 (G4Tubs) ... OK! 
BLCMDpillbox::construct rf_b_47 parent= relZ=36930.0 globZ=36930.0
	zmin=36890.0 zmax=36970.0
Checking overlaps for volume rf_c_47Pipe:0 (G4Tubs) ... OK! 
Checking overlaps for volume rf_c_47UsWall:0 (G4Tubs) ... OK! 
Checking overlaps for volume rf_c_47DsWall:0 (G4Tubs) ... OK! 
Checking overlaps for volume rf_c_47UsWin1:0 (G4Tubs) ... OK! 
Checking overlaps for volume rf_c_47DsWin1:0 (G4Tubs) ... OK! 
Checking overlaps for volume rf_c_47UsWin2:0 (G4Tubs) ... OK! 
Checking overlaps for volume rf_c_47DsWin2:0 (G4Tubs) ... OK! 
Checking overlaps for volume rf_c_47DsHalf:0 (G4Tubs) ... OK! 
Checking overlaps for volume rf_c_47TimingVol:0 (G4Tubs) ... OK! 
Checking overlaps for volume rf_c_47:0 (G4Tubs) ... OK! 
BLCMDpillbox::construct rf_c_47 parent= relZ=37010.0 globZ=37010.0
	zmin=36970.0 zmax=37050.0
Checking overlaps for volume rf_d_47Pipe:0 (G4Tubs) ... OK! 
Checking overlaps for volume rf_d_47UsWall:0 (G4Tubs) ... OK! 
Checking overlaps for volume rf_d_47DsWall:0 (G4Tubs) ... OK! 
Checking overlaps for volume rf_d_47UsWin1:0 (G4Tubs) ... OK! 
Checking overlaps for volume rf_d_47DsWin1:0 (G4Tubs) ... OK! 
Checking overlaps for volume rf_d_47UsWin2:0 (G4Tubs) ... OK! 
Checking overlaps for volume rf_d_47DsWin2:0 (G4Tubs) ... OK! 
Checking overlaps for volume rf_d_47DsHalf:0 (G4Tubs) ... OK! 
Checking overlaps for volume rf_d_47TimingVol:0 (G4Tubs) ... OK! 
Checking overlaps for volume rf_d_47:0 (G4Tubs) ... OK! 
BLCMDpillbox::construct rf_d_47 parent= relZ=37090.0 globZ=37090.0
	zmin=37050.0 zmax=37130.0
Checking overlaps for volume rf_e_47Pipe:0 (G4Tubs) ... OK! 
Checking overlaps for volume rf_e_47UsWall:0 (G4Tubs) ... OK! 
Checking overlaps for volume rf_e_47DsWall:0 (G4Tubs) ... OK! 
Checking overlaps for volume rf_e_47UsWin1:0 (G4Tubs) ... OK! 
Checking overlaps for volume rf_e_47DsWin1:0 (G4Tubs) ... OK! 
Checking overlaps for volume rf_e_47UsWin2:0 (G4Tubs) ... OK! 
Checking overlaps for volume rf_e_47DsWin2:0 (G4Tubs) ... OK! 
Checking overlaps for volume rf_e_47DsHalf:0 (G4Tubs) ... OK! 
Checking overlaps for volume rf_e_47TimingVol:0 (G4Tubs) ... OK! 
Checking overlaps for volume rf_e_47:0 (G4Tubs) ... OK! 
BLCMDpillbox::construct rf_e_47 parent= relZ=37170.0 globZ=37170.0
	zmin=37130.0 zmax=37210.0
Checking overlaps for volume rf_b_48Pipe:0 (G4Tubs) ... OK! 
Checking overlaps for volume rf_b_48UsWall:0 (G4Tubs) ... OK! 
Checking overlaps for volume rf_b_48DsWall:0 (G4Tubs) ... OK! 
Checking overlaps for volume rf_b_48UsWin1:0 (G4Tubs) ... OK! 
Checking overlaps for volume rf_b_48DsWin1:0 (G4Tubs) ... OK! 
Checking overlaps for volume rf_b_48UsWin2:0 (G4Tubs) ... OK! 
Checking overlaps for volume rf_b_48DsWin2:0 (G4Tubs) ... OK! 
Checking overlaps for volume rf_b_48DsHalf:0 (G4Tubs) ... OK! 
Checking overlaps for volume rf_b_48TimingVol:0 (G4Tubs) ... OK! 
Checking overlaps for volume rf_b_48:0 (G4Tubs) ... OK! 
BLCMDpillbox::construct rf_b_48 parent= relZ=37710.0 globZ=37710.0
	zmin=37670.0 zmax=37750.0
Checking overlaps for volume rf_c_48Pipe:0 (G4Tubs) ... OK! 
Checking overlaps for volume rf_c_48UsWall:0 (G4Tubs) ... OK! 
Checking overlaps for volume rf_c_48DsWall:0 (G4Tubs) ... OK! 
Checking overlaps for volume rf_c_48UsWin1:0 (G4Tubs) ... OK! 
Checking overlaps for volume rf_c_48DsWin1:0 (G4Tubs) ... OK! 
Checking overlaps for volume rf_c_48UsWin2:0 (G4Tubs) ... OK! 
Checking overlaps for volume rf_c_48DsWin2:0 (G4Tubs) ... OK! 
Checking overlaps for volume rf_c_48DsHalf:0 (G4Tubs) ... OK! 
Checking overlaps for volume rf_c_48TimingVol:0 (G4Tubs) ... OK! 
Checking overlaps for volume rf_c_48:0 (G4Tubs) ... OK! 
BLCMDpillbox::construct rf_c_48 parent= relZ=37790.0 globZ=37790.0
	zmin=37750.0 zmax=37830.0
Checking overlaps for volume rf_d_48Pipe:0 (G4Tubs) ... OK! 
Checking overlaps for volume rf_d_48UsWall:0 (G4Tubs) ... OK! 
Checking overlaps for volume rf_d_48DsWall:0 (G4Tubs) ... OK! 
Checking overlaps for volume rf_d_48UsWin1:0 (G4Tubs) ... OK! 
Checking overlaps for volume rf_d_48DsWin1:0 (G4Tubs) ... OK! 
Checking overlaps for volume rf_d_48UsWin2:0 (G4Tubs) ... OK! 
Checking overlaps for volume rf_d_48DsWin2:0 (G4Tubs) ... OK! 
Checking overlaps for volume rf_d_48DsHalf:0 (G4Tubs) ... OK! 
Checking overlaps for volume rf_d_48TimingVol:0 (G4Tubs) ... OK! 
Checking overlaps for volume rf_d_48:0 (G4Tubs) ... OK! 
BLCMDpillbox::construct rf_d_48 parent= relZ=37870.0 globZ=37870.0
	zmin=37830.0 zmax=37910.0
Checking overlaps for volume rf_e_48Pipe:0 (G4Tubs) ... OK! 
Checking overlaps for volume rf_e_48UsWall:0 (G4Tubs) ... OK! 
Checking overlaps for volume rf_e_48DsWall:0 (G4Tubs) ... OK! 
Checking overlaps for volume rf_e_48UsWin1:0 (G4Tubs) ... OK! 
Checking overlaps for volume rf_e_48DsWin1:0 (G4Tubs) ... OK! 
Checking overlaps for volume rf_e_48UsWin2:0 (G4Tubs) ... OK! 
Checking overlaps for volume rf_e_48DsWin2:0 (G4Tubs) ... OK! 
Checking overlaps for volume rf_e_48DsHalf:0 (G4Tubs) ... OK! 
Checking overlaps for volume rf_e_48TimingVol:0 (G4Tubs) ... OK! 
Checking overlaps for volume rf_e_48:0 (G4Tubs) ... OK! 
BLCMDpillbox::construct rf_e_48 parent= relZ=37950.0 globZ=37950.0
	zmin=37910.0 zmax=37990.0
Checking overlaps for volume rf_b_49Pipe:0 (G4Tubs) ... OK! 
Checking overlaps for volume rf_b_49UsWall:0 (G4Tubs) ... OK! 
Checking overlaps for volume rf_b_49DsWall:0 (G4Tubs) ... OK! 
Checking overlaps for volume rf_b_49UsWin1:0 (G4Tubs) ... OK! 
Checking overlaps for volume rf_b_49DsWin1:0 (G4Tubs) ... OK! 
Checking overlaps for volume rf_b_49UsWin2:0 (G4Tubs) ... OK! 
Checking overlaps for volume rf_b_49DsWin2:0 (G4Tubs) ... OK! 
Checking overlaps for volume rf_b_49DsHalf:0 (G4Tubs) ... OK! 
Checking overlaps for volume rf_b_49TimingVol:0 (G4Tubs) ... OK! 
Checking overlaps for volume rf_b_49:0 (G4Tubs) ... OK! 
BLCMDpillbox::construct rf_b_49 parent= relZ=38490.0 globZ=38490.0
	zmin=38450.0 zmax=38530.0
Checking overlaps for volume rf_c_49Pipe:0 (G4Tubs) ... OK! 
Checking overlaps for volume rf_c_49UsWall:0 (G4Tubs) ... OK! 
Checking overlaps for volume rf_c_49DsWall:0 (G4Tubs) ... OK! 
Checking overlaps for volume rf_c_49UsWin1:0 (G4Tubs) ... OK! 
Checking overlaps for volume rf_c_49DsWin1:0 (G4Tubs) ... OK! 
Checking overlaps for volume rf_c_49UsWin2:0 (G4Tubs) ... OK! 
Checking overlaps for volume rf_c_49DsWin2:0 (G4Tubs) ... OK! 
Checking overlaps for volume rf_c_49DsHalf:0 (G4Tubs) ... OK! 
Checking overlaps for volume rf_c_49TimingVol:0 (G4Tubs) ... OK! 
Checking overlaps for volume rf_c_49:0 (G4Tubs) ... OK! 
BLCMDpillbox::construct rf_c_49 parent= relZ=38570.0 globZ=38570.0
	zmin=38530.0 zmax=38610.0
Checking overlaps for volume rf_d_49Pipe:0 (G4Tubs) ... OK! 
Checking overlaps for volume rf_d_49UsWall:0 (G4Tubs) ... OK! 
Checking overlaps for volume rf_d_49DsWall:0 (G4Tubs) ... OK! 
Checking overlaps for volume rf_d_49UsWin1:0 (G4Tubs) ... OK! 
Checking overlaps for volume rf_d_49DsWin1:0 (G4Tubs) ... OK! 
Checking overlaps for volume rf_d_49UsWin2:0 (G4Tubs) ... OK! 
Checking overlaps for volume rf_d_49DsWin2:0 (G4Tubs) ... OK! 
Checking overlaps for volume rf_d_49DsHalf:0 (G4Tubs) ... OK! 
Checking overlaps for volume rf_d_49TimingVol:0 (G4Tubs) ... OK! 
Checking overlaps for volume rf_d_49:0 (G4Tubs) ... OK! 
BLCMDpillbox::construct rf_d_49 parent= relZ=38650.0 globZ=38650.0
	zmin=38610.0 zmax=38690.0
Checking overlaps for volume rf_e_49Pipe:0 (G4Tubs) ... OK! 
Checking overlaps for volume rf_e_49UsWall:0 (G4Tubs) ... OK! 
Checking overlaps for volume rf_e_49DsWall:0 (G4Tubs) ... OK! 
Checking overlaps for volume rf_e_49UsWin1:0 (G4Tubs) ... OK! 
Checking overlaps for volume rf_e_49DsWin1:0 (G4Tubs) ... OK! 
Checking overlaps for volume rf_e_49UsWin2:0 (G4Tubs) ... OK! 
Checking overlaps for volume rf_e_49DsWin2:0 (G4Tubs) ... OK! 
Checking overlaps for volume rf_e_49DsHalf:0 (G4Tubs) ... OK! 
Checking overlaps for volume rf_e_49TimingVol:0 (G4Tubs) ... OK! 
Checking overlaps for volume rf_e_49:0 (G4Tubs) ... OK! 
BLCMDpillbox::construct rf_e_49 parent= relZ=38730.0 globZ=38730.0
	zmin=38690.0 zmax=38770.0
Checking overlaps for volume rf_b_50Pipe:0 (G4Tubs) ... OK! 
Checking overlaps for volume rf_b_50UsWall:0 (G4Tubs) ... OK! 
Checking overlaps for volume rf_b_50DsWall:0 (G4Tubs) ... OK! 
Checking overlaps for volume rf_b_50UsWin1:0 (G4Tubs) ... OK! 
Checking overlaps for volume rf_b_50DsWin1:0 (G4Tubs) ... OK! 
Checking overlaps for volume rf_b_50UsWin2:0 (G4Tubs) ... OK! 
Checking overlaps for volume rf_b_50DsWin2:0 (G4Tubs) ... OK! 
Checking overlaps for volume rf_b_50DsHalf:0 (G4Tubs) ... OK! 
Checking overlaps for volume rf_b_50TimingVol:0 (G4Tubs) ... OK! 
Checking overlaps for volume rf_b_50:0 (G4Tubs) ... OK! 
BLCMDpillbox::construct rf_b_50 parent= relZ=39270.0 globZ=39270.0
	zmin=39230.0 zmax=39310.0
Checking overlaps for volume rf_c_50Pipe:0 (G4Tubs) ... OK! 
Checking overlaps for volume rf_c_50UsWall:0 (G4Tubs) ... OK! 
Checking overlaps for volume rf_c_50DsWall:0 (G4Tubs) ... OK! 
Checking overlaps for volume rf_c_50UsWin1:0 (G4Tubs) ... OK! 
Checking overlaps for volume rf_c_50DsWin1:0 (G4Tubs) ... OK! 
Checking overlaps for volume rf_c_50UsWin2:0 (G4Tubs) ... OK! 
Checking overlaps for volume rf_c_50DsWin2:0 (G4Tubs) ... OK! 
Checking overlaps for volume rf_c_50DsHalf:0 (G4Tubs) ... OK! 
Checking overlaps for volume rf_c_50TimingVol:0 (G4Tubs) ... OK! 
Checking overlaps for volume rf_c_50:0 (G4Tubs) ... OK! 
BLCMDpillbox::construct rf_c_50 parent= relZ=39350.0 globZ=39350.0
	zmin=39310.0 zmax=39390.0
Checking overlaps for volume rf_d_50Pipe:0 (G4Tubs) ... OK! 
Checking overlaps for volume rf_d_50UsWall:0 (G4Tubs) ... OK! 
Checking overlaps for volume rf_d_50DsWall:0 (G4Tubs) ... OK! 
Checking overlaps for volume rf_d_50UsWin1:0 (G4Tubs) ... OK! 
Checking overlaps for volume rf_d_50DsWin1:0 (G4Tubs) ... OK! 
Checking overlaps for volume rf_d_50UsWin2:0 (G4Tubs) ... OK! 
Checking overlaps for volume rf_d_50DsWin2:0 (G4Tubs) ... OK! 
Checking overlaps for volume rf_d_50DsHalf:0 (G4Tubs) ... OK! 
Checking overlaps for volume rf_d_50TimingVol:0 (G4Tubs) ... OK! 
Checking overlaps for volume rf_d_50:0 (G4Tubs) ... OK! 
BLCMDpillbox::construct rf_d_50 parent= relZ=39430.0 globZ=39430.0
	zmin=39390.0 zmax=39470.0
Checking overlaps for volume rf_e_50Pipe:0 (G4Tubs) ... OK! 
Checking overlaps for volume rf_e_50UsWall:0 (G4Tubs) ... OK! 
Checking overlaps for volume rf_e_50DsWall:0 (G4Tubs) ... OK! 
Checking overlaps for volume rf_e_50UsWin1:0 (G4Tubs) ... OK! 
Checking overlaps for volume rf_e_50DsWin1:0 (G4Tubs) ... OK! 
Checking overlaps for volume rf_e_50UsWin2:0 (G4Tubs) ... OK! 
Checking overlaps for volume rf_e_50DsWin2:0 (G4Tubs) ... OK! 
Checking overlaps for volume rf_e_50DsHalf:0 (G4Tubs) ... OK! 
Checking overlaps for volume rf_e_50TimingVol:0 (G4Tubs) ... OK! 
Checking overlaps for volume rf_e_50:0 (G4Tubs) ... OK! 
BLCMDpillbox::construct rf_e_50 parent= relZ=39510.0 globZ=39510.0
	zmin=39470.0 zmax=39550.0
Checking overlaps for volume rf_b_51Pipe:0 (G4Tubs) ... OK! 
Checking overlaps for volume rf_b_51UsWall:0 (G4Tubs) ... OK! 
Checking overlaps for volume rf_b_51DsWall:0 (G4Tubs) ... OK! 
Checking overlaps for volume rf_b_51UsWin1:0 (G4Tubs) ... OK! 
Checking overlaps for volume rf_b_51DsWin1:0 (G4Tubs) ... OK! 
Checking overlaps for volume rf_b_51UsWin2:0 (G4Tubs) ... OK! 
Checking overlaps for volume rf_b_51DsWin2:0 (G4Tubs) ... OK! 
Checking overlaps for volume rf_b_51DsHalf:0 (G4Tubs) ... OK! 
Checking overlaps for volume rf_b_51TimingVol:0 (G4Tubs) ... OK! 
Checking overlaps for volume rf_b_51:0 (G4Tubs) ... OK! 
BLCMDpillbox::construct rf_b_51 parent= relZ=40050.0 globZ=40050.0
	zmin=40010.0 zmax=40090.0
Checking overlaps for volume rf_c_51Pipe:0 (G4Tubs) ... OK! 
Checking overlaps for volume rf_c_51UsWall:0 (G4Tubs) ... OK! 
Checking overlaps for volume rf_c_51DsWall:0 (G4Tubs) ... OK! 
Checking overlaps for volume rf_c_51UsWin1:0 (G4Tubs) ... OK! 
Checking overlaps for volume rf_c_51DsWin1:0 (G4Tubs) ... OK! 
Checking overlaps for volume rf_c_51UsWin2:0 (G4Tubs) ... OK! 
Checking overlaps for volume rf_c_51DsWin2:0 (G4Tubs) ... OK! 
Checking overlaps for volume rf_c_51DsHalf:0 (G4Tubs) ... OK! 
Checking overlaps for volume rf_c_51TimingVol:0 (G4Tubs) ... OK! 
Checking overlaps for volume rf_c_51:0 (G4Tubs) ... OK! 
BLCMDpillbox::construct rf_c_51 parent= relZ=40130.0 globZ=40130.0
	zmin=40090.0 zmax=40170.0
Checking overlaps for volume rf_d_51Pipe:0 (G4Tubs) ... OK! 
Checking overlaps for volume rf_d_51UsWall:0 (G4Tubs) ... OK! 
Checking overlaps for volume rf_d_51DsWall:0 (G4Tubs) ... OK! 
Checking overlaps for volume rf_d_51UsWin1:0 (G4Tubs) ... OK! 
Checking overlaps for volume rf_d_51DsWin1:0 (G4Tubs) ... OK! 
Checking overlaps for volume rf_d_51UsWin2:0 (G4Tubs) ... OK! 
Checking overlaps for volume rf_d_51DsWin2:0 (G4Tubs) ... OK! 
Checking overlaps for volume rf_d_51DsHalf:0 (G4Tubs) ... OK! 
Checking overlaps for volume rf_d_51TimingVol:0 (G4Tubs) ... OK! 
Checking overlaps for volume rf_d_51:0 (G4Tubs) ... OK! 
BLCMDpillbox::construct rf_d_51 parent= relZ=40210.0 globZ=40210.0
	zmin=40170.0 zmax=40250.0
Checking overlaps for volume rf_e_51Pipe:0 (G4Tubs) ... OK! 
Checking overlaps for volume rf_e_51UsWall:0 (G4Tubs) ... OK! 
Checking overlaps for volume rf_e_51DsWall:0 (G4Tubs) ... OK! 
Checking overlaps for volume rf_e_51UsWin1:0 (G4Tubs) ... OK! 
Checking overlaps for volume rf_e_51DsWin1:0 (G4Tubs) ... OK! 
Checking overlaps for volume rf_e_51UsWin2:0 (G4Tubs) ... OK! 
Checking overlaps for volume rf_e_51DsWin2:0 (G4Tubs) ... OK! 
Checking overlaps for volume rf_e_51DsHalf:0 (G4Tubs) ... OK! 
Checking overlaps for volume rf_e_51TimingVol:0 (G4Tubs) ... OK! 
Checking overlaps for volume rf_e_51:0 (G4Tubs) ... OK! 
BLCMDpillbox::construct rf_e_51 parent= relZ=40290.0 globZ=40290.0
	zmin=40250.0 zmax=40330.0
Checking overlaps for volume rf_b_52Pipe:0 (G4Tubs) ... OK! 
Checking overlaps for volume rf_b_52UsWall:0 (G4Tubs) ... OK! 
Checking overlaps for volume rf_b_52DsWall:0 (G4Tubs) ... OK! 
Checking overlaps for volume rf_b_52UsWin1:0 (G4Tubs) ... OK! 
Checking overlaps for volume rf_b_52DsWin1:0 (G4Tubs) ... OK! 
Checking overlaps for volume rf_b_52UsWin2:0 (G4Tubs) ... OK! 
Checking overlaps for volume rf_b_52DsWin2:0 (G4Tubs) ... OK! 
Checking overlaps for volume rf_b_52DsHalf:0 (G4Tubs) ... OK! 
Checking overlaps for volume rf_b_52TimingVol:0 (G4Tubs) ... OK! 
Checking overlaps for volume rf_b_52:0 (G4Tubs) ... OK! 
BLCMDpillbox::construct rf_b_52 parent= relZ=40830.0 globZ=40830.0
	zmin=40790.0 zmax=40870.0
Checking overlaps for volume rf_c_52Pipe:0 (G4Tubs) ... OK! 
Checking overlaps for volume rf_c_52UsWall:0 (G4Tubs) ... OK! 
Checking overlaps for volume rf_c_52DsWall:0 (G4Tubs) ... OK! 
Checking overlaps for volume rf_c_52UsWin1:0 (G4Tubs) ... OK! 
Checking overlaps for volume rf_c_52DsWin1:0 (G4Tubs) ... OK! 
Checking overlaps for volume rf_c_52UsWin2:0 (G4Tubs) ... OK! 
Checking overlaps for volume rf_c_52DsWin2:0 (G4Tubs) ... OK! 
Checking overlaps for volume rf_c_52DsHalf:0 (G4Tubs) ... OK! 
Checking overlaps for volume rf_c_52TimingVol:0 (G4Tubs) ... OK! 
Checking overlaps for volume rf_c_52:0 (G4Tubs) ... OK! 
BLCMDpillbox::construct rf_c_52 parent= relZ=40910.0 globZ=40910.0
	zmin=40870.0 zmax=40950.0
Checking overlaps for volume rf_d_52Pipe:0 (G4Tubs) ... OK! 
Checking overlaps for volume rf_d_52UsWall:0 (G4Tubs) ... OK! 
Checking overlaps for volume rf_d_52DsWall:0 (G4Tubs) ... OK! 
Checking overlaps for volume rf_d_52UsWin1:0 (G4Tubs) ... OK! 
Checking overlaps for volume rf_d_52DsWin1:0 (G4Tubs) ... OK! 
Checking overlaps for volume rf_d_52UsWin2:0 (G4Tubs) ... OK! 
Checking overlaps for volume rf_d_52DsWin2:0 (G4Tubs) ... OK! 
Checking overlaps for volume rf_d_52DsHalf:0 (G4Tubs) ... OK! 
Checking overlaps for volume rf_d_52TimingVol:0 (G4Tubs) ... OK! 
Checking overlaps for volume rf_d_52:0 (G4Tubs) ... OK! 
BLCMDpillbox::construct rf_d_52 parent= relZ=40990.0 globZ=40990.0
	zmin=40950.0 zmax=41030.0
Checking overlaps for volume rf_e_52Pipe:0 (G4Tubs) ... OK! 
Checking overlaps for volume rf_e_52UsWall:0 (G4Tubs) ... OK! 
Checking overlaps for volume rf_e_52DsWall:0 (G4Tubs) ... OK! 
Checking overlaps for volume rf_e_52UsWin1:0 (G4Tubs) ... OK! 
Checking overlaps for volume rf_e_52DsWin1:0 (G4Tubs) ... OK! 
Checking overlaps for volume rf_e_52UsWin2:0 (G4Tubs) ... OK! 
Checking overlaps for volume rf_e_52DsWin2:0 (G4Tubs) ... OK! 
Checking overlaps for volume rf_e_52DsHalf:0 (G4Tubs) ... OK! 
Checking overlaps for volume rf_e_52TimingVol:0 (G4Tubs) ... OK! 
Checking overlaps for volume rf_e_52:0 (G4Tubs) ... OK! 
BLCMDpillbox::construct rf_e_52 parent= relZ=41070.0 globZ=41070.0
	zmin=41030.0 zmax=41110.0
Checking overlaps for volume rf_b_53Pipe:0 (G4Tubs) ... OK! 
Checking overlaps for volume rf_b_53UsWall:0 (G4Tubs) ... OK! 
Checking overlaps for volume rf_b_53DsWall:0 (G4Tubs) ... OK! 
Checking overlaps for volume rf_b_53UsWin1:0 (G4Tubs) ... OK! 
Checking overlaps for volume rf_b_53DsWin1:0 (G4Tubs) ... OK! 
Checking overlaps for volume rf_b_53UsWin2:0 (G4Tubs) ... OK! 
Checking overlaps for volume rf_b_53DsWin2:0 (G4Tubs) ... OK! 
Checking overlaps for volume rf_b_53DsHalf:0 (G4Tubs) ... OK! 
Checking overlaps for volume rf_b_53TimingVol:0 (G4Tubs) ... OK! 
Checking overlaps for volume rf_b_53:0 (G4Tubs) ... OK! 
BLCMDpillbox::construct rf_b_53 parent= relZ=41610.0 globZ=41610.0
	zmin=41570.0 zmax=41650.0
Checking overlaps for volume rf_c_53Pipe:0 (G4Tubs) ... OK! 
Checking overlaps for volume rf_c_53UsWall:0 (G4Tubs) ... OK! 
Checking overlaps for volume rf_c_53DsWall:0 (G4Tubs) ... OK! 
Checking overlaps for volume rf_c_53UsWin1:0 (G4Tubs) ... OK! 
Checking overlaps for volume rf_c_53DsWin1:0 (G4Tubs) ... OK! 
Checking overlaps for volume rf_c_53UsWin2:0 (G4Tubs) ... OK! 
Checking overlaps for volume rf_c_53DsWin2:0 (G4Tubs) ... OK! 
Checking overlaps for volume rf_c_53DsHalf:0 (G4Tubs) ... OK! 
Checking overlaps for volume rf_c_53TimingVol:0 (G4Tubs) ... OK! 
Checking overlaps for volume rf_c_53:0 (G4Tubs) ... OK! 
BLCMDpillbox::construct rf_c_53 parent= relZ=41690.0 globZ=41690.0
	zmin=41650.0 zmax=41730.0
Checking overlaps for volume rf_d_53Pipe:0 (G4Tubs) ... OK! 
Checking overlaps for volume rf_d_53UsWall:0 (G4Tubs) ... OK! 
Checking overlaps for volume rf_d_53DsWall:0 (G4Tubs) ... OK! 
Checking overlaps for volume rf_d_53UsWin1:0 (G4Tubs) ... OK! 
Checking overlaps for volume rf_d_53DsWin1:0 (G4Tubs) ... OK! 
Checking overlaps for volume rf_d_53UsWin2:0 (G4Tubs) ... OK! 
Checking overlaps for volume rf_d_53DsWin2:0 (G4Tubs) ... OK! 
Checking overlaps for volume rf_d_53DsHalf:0 (G4Tubs) ... OK! 
Checking overlaps for volume rf_d_53TimingVol:0 (G4Tubs) ... OK! 
Checking overlaps for volume rf_d_53:0 (G4Tubs) ... OK! 
BLCMDpillbox::construct rf_d_53 parent= relZ=41770.0 globZ=41770.0
	zmin=41730.0 zmax=41810.0
Checking overlaps for volume rf_e_53Pipe:0 (G4Tubs) ... OK! 
Checking overlaps for volume rf_e_53UsWall:0 (G4Tubs) ... OK! 
Checking overlaps for volume rf_e_53DsWall:0 (G4Tubs) ... OK! 
Checking overlaps for volume rf_e_53UsWin1:0 (G4Tubs) ... OK! 
Checking overlaps for volume rf_e_53DsWin1:0 (G4Tubs) ... OK! 
Checking overlaps for volume rf_e_53UsWin2:0 (G4Tubs) ... OK! 
Checking overlaps for volume rf_e_53DsWin2:0 (G4Tubs) ... OK! 
Checking overlaps for volume rf_e_53DsHalf:0 (G4Tubs) ... OK! 
Checking overlaps for volume rf_e_53TimingVol:0 (G4Tubs) ... OK! 
Checking overlaps for volume rf_e_53:0 (G4Tubs) ... OK! 
BLCMDpillbox::construct rf_e_53 parent= relZ=41850.0 globZ=41850.0
	zmin=41810.0 zmax=41890.0
Checking overlaps for volume rf_b_54Pipe:0 (G4Tubs) ... OK! 
Checking overlaps for volume rf_b_54UsWall:0 (G4Tubs) ... OK! 
Checking overlaps for volume rf_b_54DsWall:0 (G4Tubs) ... OK! 
Checking overlaps for volume rf_b_54UsWin1:0 (G4Tubs) ... OK! 
Checking overlaps for volume rf_b_54DsWin1:0 (G4Tubs) ... OK! 
Checking overlaps for volume rf_b_54UsWin2:0 (G4Tubs) ... OK! 
Checking overlaps for volume rf_b_54DsWin2:0 (G4Tubs) ... OK! 
Checking overlaps for volume rf_b_54DsHalf:0 (G4Tubs) ... OK! 
Checking overlaps for volume rf_b_54TimingVol:0 (G4Tubs) ... OK! 
Checking overlaps for volume rf_b_54:0 (G4Tubs) ... OK! 
BLCMDpillbox::construct rf_b_54 parent= relZ=42390.0 globZ=42390.0
	zmin=42350.0 zmax=42430.0
Checking overlaps for volume rf_c_54Pipe:0 (G4Tubs) ... OK! 
Checking overlaps for volume rf_c_54UsWall:0 (G4Tubs) ... OK! 
Checking overlaps for volume rf_c_54DsWall:0 (G4Tubs) ... OK! 
Checking overlaps for volume rf_c_54UsWin1:0 (G4Tubs) ... OK! 
Checking overlaps for volume rf_c_54DsWin1:0 (G4Tubs) ... OK! 
Checking overlaps for volume rf_c_54UsWin2:0 (G4Tubs) ... OK! 
Checking overlaps for volume rf_c_54DsWin2:0 (G4Tubs) ... OK! 
Checking overlaps for volume rf_c_54DsHalf:0 (G4Tubs) ... OK! 
Checking overlaps for volume rf_c_54TimingVol:0 (G4Tubs) ... OK! 
Checking overlaps for volume rf_c_54:0 (G4Tubs) ... OK! 
BLCMDpillbox::construct rf_c_54 parent= relZ=42470.0 globZ=42470.0
	zmin=42430.0 zmax=42510.0
Checking overlaps for volume rf_d_54Pipe:0 (G4Tubs) ... OK! 
Checking overlaps for volume rf_d_54UsWall:0 (G4Tubs) ... OK! 
Checking overlaps for volume rf_d_54DsWall:0 (G4Tubs) ... OK! 
Checking overlaps for volume rf_d_54UsWin1:0 (G4Tubs) ... OK! 
Checking overlaps for volume rf_d_54DsWin1:0 (G4Tubs) ... OK! 
Checking overlaps for volume rf_d_54UsWin2:0 (G4Tubs) ... OK! 
Checking overlaps for volume rf_d_54DsWin2:0 (G4Tubs) ... OK! 
Checking overlaps for volume rf_d_54DsHalf:0 (G4Tubs) ... OK! 
Checking overlaps for volume rf_d_54TimingVol:0 (G4Tubs) ... OK! 
Checking overlaps for volume rf_d_54:0 (G4Tubs) ... OK! 
BLCMDpillbox::construct rf_d_54 parent= relZ=42550.0 globZ=42550.0
	zmin=42510.0 zmax=42590.0
Checking overlaps for volume rf_e_54Pipe:0 (G4Tubs) ... OK! 
Checking overlaps for volume rf_e_54UsWall:0 (G4Tubs) ... OK! 
Checking overlaps for volume rf_e_54DsWall:0 (G4Tubs) ... OK! 
Checking overlaps for volume rf_e_54UsWin1:0 (G4Tubs) ... OK! 
Checking overlaps for volume rf_e_54DsWin1:0 (G4Tubs) ... OK! 
Checking overlaps for volume rf_e_54UsWin2:0 (G4Tubs) ... OK! 
Checking overlaps for volume rf_e_54DsWin2:0 (G4Tubs) ... OK! 
Checking overlaps for volume rf_e_54DsHalf:0 (G4Tubs) ... OK! 
Checking overlaps for volume rf_e_54TimingVol:0 (G4Tubs) ... OK! 
Checking overlaps for volume rf_e_54:0 (G4Tubs) ... OK! 
BLCMDpillbox::construct rf_e_54 parent= relZ=42630.0 globZ=42630.0
	zmin=42590.0 zmax=42670.0
Checking overlaps for volume rf_b_55Pipe:0 (G4Tubs) ... OK! 
Checking overlaps for volume rf_b_55UsWall:0 (G4Tubs) ... OK! 
Checking overlaps for volume rf_b_55DsWall:0 (G4Tubs) ... OK! 
Checking overlaps for volume rf_b_55UsWin1:0 (G4Tubs) ... OK! 
Checking overlaps for volume rf_b_55DsWin1:0 (G4Tubs) ... OK! 
Checking overlaps for volume rf_b_55UsWin2:0 (G4Tubs) ... OK! 
Checking overlaps for volume rf_b_55DsWin2:0 (G4Tubs) ... OK! 
Checking overlaps for volume rf_b_55DsHalf:0 (G4Tubs) ... OK! 
Checking overlaps for volume rf_b_55TimingVol:0 (G4Tubs) ... OK! 
Checking overlaps for volume rf_b_55:0 (G4Tubs) ... OK! 
BLCMDpillbox::construct rf_b_55 parent= relZ=43170.0 globZ=43170.0
	zmin=43130.0 zmax=43210.0
Checking overlaps for volume rf_c_55Pipe:0 (G4Tubs) ... OK! 
Checking overlaps for volume rf_c_55UsWall:0 (G4Tubs) ... OK! 
Checking overlaps for volume rf_c_55DsWall:0 (G4Tubs) ... OK! 
Checking overlaps for volume rf_c_55UsWin1:0 (G4Tubs) ... OK! 
Checking overlaps for volume rf_c_55DsWin1:0 (G4Tubs) ... OK! 
Checking overlaps for volume rf_c_55UsWin2:0 (G4Tubs) ... OK! 
Checking overlaps for volume rf_c_55DsWin2:0 (G4Tubs) ... OK! 
Checking overlaps for volume rf_c_55DsHalf:0 (G4Tubs) ... OK! 
Checking overlaps for volume rf_c_55TimingVol:0 (G4Tubs) ... OK! 
Checking overlaps for volume rf_c_55:0 (G4Tubs) ... OK! 
BLCMDpillbox::construct rf_c_55 parent= relZ=43250.0 globZ=43250.0
	zmin=43210.0 zmax=43290.0
Checking overlaps for volume rf_d_55Pipe:0 (G4Tubs) ... OK! 
Checking overlaps for volume rf_d_55UsWall:0 (G4Tubs) ... OK! 
Checking overlaps for volume rf_d_55DsWall:0 (G4Tubs) ... OK! 
Checking overlaps for volume rf_d_55UsWin1:0 (G4Tubs) ... OK! 
Checking overlaps for volume rf_d_55DsWin1:0 (G4Tubs) ... OK! 
Checking overlaps for volume rf_d_55UsWin2:0 (G4Tubs) ... OK! 
Checking overlaps for volume rf_d_55DsWin2:0 (G4Tubs) ... OK! 
Checking overlaps for volume rf_d_55DsHalf:0 (G4Tubs) ... OK! 
Checking overlaps for volume rf_d_55TimingVol:0 (G4Tubs) ... OK! 
Checking overlaps for volume rf_d_55:0 (G4Tubs) ... OK! 
BLCMDpillbox::construct rf_d_55 parent= relZ=43330.0 globZ=43330.0
	zmin=43290.0 zmax=43370.0
Checking overlaps for volume rf_e_55Pipe:0 (G4Tubs) ... OK! 
Checking overlaps for volume rf_e_55UsWall:0 (G4Tubs) ... OK! 
Checking overlaps for volume rf_e_55DsWall:0 (G4Tubs) ... OK! 
Checking overlaps for volume rf_e_55UsWin1:0 (G4Tubs) ... OK! 
Checking overlaps for volume rf_e_55DsWin1:0 (G4Tubs) ... OK! 
Checking overlaps for volume rf_e_55UsWin2:0 (G4Tubs) ... OK! 
Checking overlaps for volume rf_e_55DsWin2:0 (G4Tubs) ... OK! 
Checking overlaps for volume rf_e_55DsHalf:0 (G4Tubs) ... OK! 
Checking overlaps for volume rf_e_55TimingVol:0 (G4Tubs) ... OK! 
Checking overlaps for volume rf_e_55:0 (G4Tubs) ... OK! 
BLCMDpillbox::construct rf_e_55 parent= relZ=43410.0 globZ=43410.0
	zmin=43370.0 zmax=43450.0
Checking overlaps for volume rf_b_56Pipe:0 (G4Tubs) ... OK! 
Checking overlaps for volume rf_b_56UsWall:0 (G4Tubs) ... OK! 
Checking overlaps for volume rf_b_56DsWall:0 (G4Tubs) ... OK! 
Checking overlaps for volume rf_b_56UsWin1:0 (G4Tubs) ... OK! 
Checking overlaps for volume rf_b_56DsWin1:0 (G4Tubs) ... OK! 
Checking overlaps for volume rf_b_56UsWin2:0 (G4Tubs) ... OK! 
Checking overlaps for volume rf_b_56DsWin2:0 (G4Tubs) ... OK! 
Checking overlaps for volume rf_b_56DsHalf:0 (G4Tubs) ... OK! 
Checking overlaps for volume rf_b_56TimingVol:0 (G4Tubs) ... OK! 
Checking overlaps for volume rf_b_56:0 (G4Tubs) ... OK! 
BLCMDpillbox::construct rf_b_56 parent= relZ=43950.0 globZ=43950.0
	zmin=43910.0 zmax=43990.0
Checking overlaps for volume rf_c_56Pipe:0 (G4Tubs) ... OK! 
Checking overlaps for volume rf_c_56UsWall:0 (G4Tubs) ... OK! 
Checking overlaps for volume rf_c_56DsWall:0 (G4Tubs) ... OK! 
Checking overlaps for volume rf_c_56UsWin1:0 (G4Tubs) ... OK! 
Checking overlaps for volume rf_c_56DsWin1:0 (G4Tubs) ... OK! 
Checking overlaps for volume rf_c_56UsWin2:0 (G4Tubs) ... OK! 
Checking overlaps for volume rf_c_56DsWin2:0 (G4Tubs) ... OK! 
Checking overlaps for volume rf_c_56DsHalf:0 (G4Tubs) ... OK! 
Checking overlaps for volume rf_c_56TimingVol:0 (G4Tubs) ... OK! 
Checking overlaps for volume rf_c_56:0 (G4Tubs) ... OK! 
BLCMDpillbox::construct rf_c_56 parent= relZ=44030.0 globZ=44030.0
	zmin=43990.0 zmax=44070.0
Checking overlaps for volume rf_d_56Pipe:0 (G4Tubs) ... OK! 
Checking overlaps for volume rf_d_56UsWall:0 (G4Tubs) ... OK! 
Checking overlaps for volume rf_d_56DsWall:0 (G4Tubs) ... OK! 
Checking overlaps for volume rf_d_56UsWin1:0 (G4Tubs) ... OK! 
Checking overlaps for volume rf_d_56DsWin1:0 (G4Tubs) ... OK! 
Checking overlaps for volume rf_d_56UsWin2:0 (G4Tubs) ... OK! 
Checking overlaps for volume rf_d_56DsWin2:0 (G4Tubs) ... OK! 
Checking overlaps for volume rf_d_56DsHalf:0 (G4Tubs) ... OK! 
Checking overlaps for volume rf_d_56TimingVol:0 (G4Tubs) ... OK! 
Checking overlaps for volume rf_d_56:0 (G4Tubs) ... OK! 
BLCMDpillbox::construct rf_d_56 parent= relZ=44110.0 globZ=44110.0
	zmin=44070.0 zmax=44150.0
Checking overlaps for volume rf_e_56Pipe:0 (G4Tubs) ... OK! 
Checking overlaps for volume rf_e_56UsWall:0 (G4Tubs) ... OK! 
Checking overlaps for volume rf_e_56DsWall:0 (G4Tubs) ... OK! 
Checking overlaps for volume rf_e_56UsWin1:0 (G4Tubs) ... OK! 
Checking overlaps for volume rf_e_56DsWin1:0 (G4Tubs) ... OK! 
Checking overlaps for volume rf_e_56UsWin2:0 (G4Tubs) ... OK! 
Checking overlaps for volume rf_e_56DsWin2:0 (G4Tubs) ... OK! 
Checking overlaps for volume rf_e_56DsHalf:0 (G4Tubs) ... OK! 
Checking overlaps for volume rf_e_56TimingVol:0 (G4Tubs) ... OK! 
Checking overlaps for volume rf_e_56:0 (G4Tubs) ... OK! 
BLCMDpillbox::construct rf_e_56 parent= relZ=44190.0 globZ=44190.0
	zmin=44150.0 zmax=44230.0
Checking overlaps for volume rf_b_57Pipe:0 (G4Tubs) ... OK! 
Checking overlaps for volume rf_b_57UsWall:0 (G4Tubs) ... OK! 
Checking overlaps for volume rf_b_57DsWall:0 (G4Tubs) ... OK! 
Checking overlaps for volume rf_b_57UsWin1:0 (G4Tubs) ... OK! 
Checking overlaps for volume rf_b_57DsWin1:0 (G4Tubs) ... OK! 
Checking overlaps for volume rf_b_57UsWin2:0 (G4Tubs) ... OK! 
Checking overlaps for volume rf_b_57DsWin2:0 (G4Tubs) ... OK! 
Checking overlaps for volume rf_b_57DsHalf:0 (G4Tubs) ... OK! 
Checking overlaps for volume rf_b_57TimingVol:0 (G4Tubs) ... OK! 
Checking overlaps for volume rf_b_57:0 (G4Tubs) ... OK! 
BLCMDpillbox::construct rf_b_57 parent= relZ=44730.0 globZ=44730.0
	zmin=44690.0 zmax=44770.0
Checking overlaps for volume rf_c_57Pipe:0 (G4Tubs) ... OK! 
Checking overlaps for volume rf_c_57UsWall:0 (G4Tubs) ... OK! 
Checking overlaps for volume rf_c_57DsWall:0 (G4Tubs) ... OK! 
Checking overlaps for volume rf_c_57UsWin1:0 (G4Tubs) ... OK! 
Checking overlaps for volume rf_c_57DsWin1:0 (G4Tubs) ... OK! 
Checking overlaps for volume rf_c_57UsWin2:0 (G4Tubs) ... OK! 
Checking overlaps for volume rf_c_57DsWin2:0 (G4Tubs) ... OK! 
Checking overlaps for volume rf_c_57DsHalf:0 (G4Tubs) ... OK! 
Checking overlaps for volume rf_c_57TimingVol:0 (G4Tubs) ... OK! 
Checking overlaps for volume rf_c_57:0 (G4Tubs) ... OK! 
BLCMDpillbox::construct rf_c_57 parent= relZ=44810.0 globZ=44810.0
	zmin=44770.0 zmax=44850.0
Checking overlaps for volume rf_d_57Pipe:0 (G4Tubs) ... OK! 
Checking overlaps for volume rf_d_57UsWall:0 (G4Tubs) ... OK! 
Checking overlaps for volume rf_d_57DsWall:0 (G4Tubs) ... OK! 
Checking overlaps for volume rf_d_57UsWin1:0 (G4Tubs) ... OK! 
Checking overlaps for volume rf_d_57DsWin1:0 (G4Tubs) ... OK! 
Checking overlaps for volume rf_d_57UsWin2:0 (G4Tubs) ... OK! 
Checking overlaps for volume rf_d_57DsWin2:0 (G4Tubs) ... OK! 
Checking overlaps for volume rf_d_57DsHalf:0 (G4Tubs) ... OK! 
Checking overlaps for volume rf_d_57TimingVol:0 (G4Tubs) ... OK! 
Checking overlaps for volume rf_d_57:0 (G4Tubs) ... OK! 
BLCMDpillbox::construct rf_d_57 parent= relZ=44890.0 globZ=44890.0
	zmin=44850.0 zmax=44930.0
Checking overlaps for volume rf_e_57Pipe:0 (G4Tubs) ... OK! 
Checking overlaps for volume rf_e_57UsWall:0 (G4Tubs) ... OK! 
Checking overlaps for volume rf_e_57DsWall:0 (G4Tubs) ... OK! 
Checking overlaps for volume rf_e_57UsWin1:0 (G4Tubs) ... OK! 
Checking overlaps for volume rf_e_57DsWin1:0 (G4Tubs) ... OK! 
Checking overlaps for volume rf_e_57UsWin2:0 (G4Tubs) ... OK! 
Checking overlaps for volume rf_e_57DsWin2:0 (G4Tubs) ... OK! 
Checking overlaps for volume rf_e_57DsHalf:0 (G4Tubs) ... OK! 
Checking overlaps for volume rf_e_57TimingVol:0 (G4Tubs) ... OK! 
Checking overlaps for volume rf_e_57:0 (G4Tubs) ... OK! 
BLCMDpillbox::construct rf_e_57 parent= relZ=44970.0 globZ=44970.0
	zmin=44930.0 zmax=45010.0
Checking overlaps for volume rf_b_58Pipe:0 (G4Tubs) ... OK! 
Checking overlaps for volume rf_b_58UsWall:0 (G4Tubs) ... OK! 
Checking overlaps for volume rf_b_58DsWall:0 (G4Tubs) ... OK! 
Checking overlaps for volume rf_b_58UsWin1:0 (G4Tubs) ... OK! 
Checking overlaps for volume rf_b_58DsWin1:0 (G4Tubs) ... OK! 
Checking overlaps for volume rf_b_58UsWin2:0 (G4Tubs) ... OK! 
Checking overlaps for volume rf_b_58DsWin2:0 (G4Tubs) ... OK! 
Checking overlaps for volume rf_b_58DsHalf:0 (G4Tubs) ... OK! 
Checking overlaps for volume rf_b_58TimingVol:0 (G4Tubs) ... OK! 
Checking overlaps for volume rf_b_58:0 (G4Tubs) ... OK! 
BLCMDpillbox::construct rf_b_58 parent= relZ=45510.0 globZ=45510.0
	zmin=45470.0 zmax=45550.0
Checking overlaps for volume rf_c_58Pipe:0 (G4Tubs) ... OK! 
Checking overlaps for volume rf_c_58UsWall:0 (G4Tubs) ... OK! 
Checking overlaps for volume rf_c_58DsWall:0 (G4Tubs) ... OK! 
Checking overlaps for volume rf_c_58UsWin1:0 (G4Tubs) ... OK! 
Checking overlaps for volume rf_c_58DsWin1:0 (G4Tubs) ... OK! 
Checking overlaps for volume rf_c_58UsWin2:0 (G4Tubs) ... OK! 
Checking overlaps for volume rf_c_58DsWin2:0 (G4Tubs) ... OK! 
Checking overlaps for volume rf_c_58DsHalf:0 (G4Tubs) ... OK! 
Checking overlaps for volume rf_c_58TimingVol:0 (G4Tubs) ... OK! 
Checking overlaps for volume rf_c_58:0 (G4Tubs) ... OK! 
BLCMDpillbox::construct rf_c_58 parent= relZ=45590.0 globZ=45590.0
	zmin=45550.0 zmax=45630.0
Checking overlaps for volume rf_d_58Pipe:0 (G4Tubs) ... OK! 
Checking overlaps for volume rf_d_58UsWall:0 (G4Tubs) ... OK! 
Checking overlaps for volume rf_d_58DsWall:0 (G4Tubs) ... OK! 
Checking overlaps for volume rf_d_58UsWin1:0 (G4Tubs) ... OK! 
Checking overlaps for volume rf_d_58DsWin1:0 (G4Tubs) ... OK! 
Checking overlaps for volume rf_d_58UsWin2:0 (G4Tubs) ... OK! 
Checking overlaps for volume rf_d_58DsWin2:0 (G4Tubs) ... OK! 
Checking overlaps for volume rf_d_58DsHalf:0 (G4Tubs) ... OK! 
Checking overlaps for volume rf_d_58TimingVol:0 (G4Tubs) ... OK! 
Checking overlaps for volume rf_d_58:0 (G4Tubs) ... OK! 
BLCMDpillbox::construct rf_d_58 parent= relZ=45670.0 globZ=45670.0
	zmin=45630.0 zmax=45710.0
Checking overlaps for volume rf_e_58Pipe:0 (G4Tubs) ... OK! 
Checking overlaps for volume rf_e_58UsWall:0 (G4Tubs) ... OK! 
Checking overlaps for volume rf_e_58DsWall:0 (G4Tubs) ... OK! 
Checking overlaps for volume rf_e_58UsWin1:0 (G4Tubs) ... OK! 
Checking overlaps for volume rf_e_58DsWin1:0 (G4Tubs) ... OK! 
Checking overlaps for volume rf_e_58UsWin2:0 (G4Tubs) ... OK! 
Checking overlaps for volume rf_e_58DsWin2:0 (G4Tubs) ... OK! 
Checking overlaps for volume rf_e_58DsHalf:0 (G4Tubs) ... OK! 
Checking overlaps for volume rf_e_58TimingVol:0 (G4Tubs) ... OK! 
Checking overlaps for volume rf_e_58:0 (G4Tubs) ... OK! 
BLCMDpillbox::construct rf_e_58 parent= relZ=45750.0 globZ=45750.0
	zmin=45710.0 zmax=45790.0
Checking overlaps for volume rf_b_59Pipe:0 (G4Tubs) ... OK! 
Checking overlaps for volume rf_b_59UsWall:0 (G4Tubs) ... OK! 
Checking overlaps for volume rf_b_59DsWall:0 (G4Tubs) ... OK! 
Checking overlaps for volume rf_b_59UsWin1:0 (G4Tubs) ... OK! 
Checking overlaps for volume rf_b_59DsWin1:0 (G4Tubs) ... OK! 
Checking overlaps for volume rf_b_59UsWin2:0 (G4Tubs) ... OK! 
Checking overlaps for volume rf_b_59DsWin2:0 (G4Tubs) ... OK! 
Checking overlaps for volume rf_b_59DsHalf:0 (G4Tubs) ... OK! 
Checking overlaps for volume rf_b_59TimingVol:0 (G4Tubs) ... OK! 
Checking overlaps for volume rf_b_59:0 (G4Tubs) ... OK! 
BLCMDpillbox::construct rf_b_59 parent= relZ=46290.0 globZ=46290.0
	zmin=46250.0 zmax=46330.0
Checking overlaps for volume rf_c_59Pipe:0 (G4Tubs) ... OK! 
Checking overlaps for volume rf_c_59UsWall:0 (G4Tubs) ... OK! 
Checking overlaps for volume rf_c_59DsWall:0 (G4Tubs) ... OK! 
Checking overlaps for volume rf_c_59UsWin1:0 (G4Tubs) ... OK! 
Checking overlaps for volume rf_c_59DsWin1:0 (G4Tubs) ... OK! 
Checking overlaps for volume rf_c_59UsWin2:0 (G4Tubs) ... OK! 
Checking overlaps for volume rf_c_59DsWin2:0 (G4Tubs) ... OK! 
Checking overlaps for volume rf_c_59DsHalf:0 (G4Tubs) ... OK! 
Checking overlaps for volume rf_c_59TimingVol:0 (G4Tubs) ... OK! 
Checking overlaps for volume rf_c_59:0 (G4Tubs) ... OK! 
BLCMDpillbox::construct rf_c_59 parent= relZ=46370.0 globZ=46370.0
	zmin=46330.0 zmax=46410.0
Checking overlaps for volume rf_d_59Pipe:0 (G4Tubs) ... OK! 
Checking overlaps for volume rf_d_59UsWall:0 (G4Tubs) ... OK! 
Checking overlaps for volume rf_d_59DsWall:0 (G4Tubs) ... OK! 
Checking overlaps for volume rf_d_59UsWin1:0 (G4Tubs) ... OK! 
Checking overlaps for volume rf_d_59DsWin1:0 (G4Tubs) ... OK! 
Checking overlaps for volume rf_d_59UsWin2:0 (G4Tubs) ... OK! 
Checking overlaps for volume rf_d_59DsWin2:0 (G4Tubs) ... OK! 
Checking overlaps for volume rf_d_59DsHalf:0 (G4Tubs) ... OK! 
Checking overlaps for volume rf_d_59TimingVol:0 (G4Tubs) ... OK! 
Checking overlaps for volume rf_d_59:0 (G4Tubs) ... OK! 
BLCMDpillbox::construct rf_d_59 parent= relZ=46450.0 globZ=46450.0
	zmin=46410.0 zmax=46490.0
Checking overlaps for volume rf_e_59Pipe:0 (G4Tubs) ... OK! 
Checking overlaps for volume rf_e_59UsWall:0 (G4Tubs) ... OK! 
Checking overlaps for volume rf_e_59DsWall:0 (G4Tubs) ... OK! 
Checking overlaps for volume rf_e_59UsWin1:0 (G4Tubs) ... OK! 
Checking overlaps for volume rf_e_59DsWin1:0 (G4Tubs) ... OK! 
Checking overlaps for volume rf_e_59UsWin2:0 (G4Tubs) ... OK! 
Checking overlaps for volume rf_e_59DsWin2:0 (G4Tubs) ... OK! 
Checking overlaps for volume rf_e_59DsHalf:0 (G4Tubs) ... OK! 
Checking overlaps for volume rf_e_59TimingVol:0 (G4Tubs) ... OK! 
Checking overlaps for volume rf_e_59:0 (G4Tubs) ... OK! 
BLCMDpillbox::construct rf_e_59 parent= relZ=46530.0 globZ=46530.0
	zmin=46490.0 zmax=46570.0
Checking overlaps for volume rf_b_60Pipe:0 (G4Tubs) ... OK! 
Checking overlaps for volume rf_b_60UsWall:0 (G4Tubs) ... OK! 
Checking overlaps for volume rf_b_60DsWall:0 (G4Tubs) ... OK! 
Checking overlaps for volume rf_b_60UsWin1:0 (G4Tubs) ... OK! 
Checking overlaps for volume rf_b_60DsWin1:0 (G4Tubs) ... OK! 
Checking overlaps for volume rf_b_60UsWin2:0 (G4Tubs) ... OK! 
Checking overlaps for volume rf_b_60DsWin2:0 (G4Tubs) ... OK! 
Checking overlaps for volume rf_b_60DsHalf:0 (G4Tubs) ... OK! 
Checking overlaps for volume rf_b_60TimingVol:0 (G4Tubs) ... OK! 
Checking overlaps for volume rf_b_60:0 (G4Tubs) ... OK! 
BLCMDpillbox::construct rf_b_60 parent= relZ=47070.0 globZ=47070.0
	zmin=47030.0 zmax=47110.0
Checking overlaps for volume rf_c_60Pipe:0 (G4Tubs) ... OK! 
Checking overlaps for volume rf_c_60UsWall:0 (G4Tubs) ... OK! 
Checking overlaps for volume rf_c_60DsWall:0 (G4Tubs) ... OK! 
Checking overlaps for volume rf_c_60UsWin1:0 (G4Tubs) ... OK! 
Checking overlaps for volume rf_c_60DsWin1:0 (G4Tubs) ... OK! 
Checking overlaps for volume rf_c_60UsWin2:0 (G4Tubs) ... OK! 
Checking overlaps for volume rf_c_60DsWin2:0 (G4Tubs) ... OK! 
Checking overlaps for volume rf_c_60DsHalf:0 (G4Tubs) ... OK! 
Checking overlaps for volume rf_c_60TimingVol:0 (G4Tubs) ... OK! 
Checking overlaps for volume rf_c_60:0 (G4Tubs) ... OK! 
BLCMDpillbox::construct rf_c_60 parent= relZ=47150.0 globZ=47150.0
	zmin=47110.0 zmax=47190.0
Checking overlaps for volume rf_d_60Pipe:0 (G4Tubs) ... OK! 
Checking overlaps for volume rf_d_60UsWall:0 (G4Tubs) ... OK! 
Checking overlaps for volume rf_d_60DsWall:0 (G4Tubs) ... OK! 
Checking overlaps for volume rf_d_60UsWin1:0 (G4Tubs) ... OK! 
Checking overlaps for volume rf_d_60DsWin1:0 (G4Tubs) ... OK! 
Checking overlaps for volume rf_d_60UsWin2:0 (G4Tubs) ... OK! 
Checking overlaps for volume rf_d_60DsWin2:0 (G4Tubs) ... OK! 
Checking overlaps for volume rf_d_60DsHalf:0 (G4Tubs) ... OK! 
Checking overlaps for volume rf_d_60TimingVol:0 (G4Tubs) ... OK! 
Checking overlaps for volume rf_d_60:0 (G4Tubs) ... OK! 
BLCMDpillbox::construct rf_d_60 parent= relZ=47230.0 globZ=47230.0
	zmin=47190.0 zmax=47270.0
Checking overlaps for volume rf_e_60Pipe:0 (G4Tubs) ... OK! 
Checking overlaps for volume rf_e_60UsWall:0 (G4Tubs) ... OK! 
Checking overlaps for volume rf_e_60DsWall:0 (G4Tubs) ... OK! 
Checking overlaps for volume rf_e_60UsWin1:0 (G4Tubs) ... OK! 
Checking overlaps for volume rf_e_60DsWin1:0 (G4Tubs) ... OK! 
Checking overlaps for volume rf_e_60UsWin2:0 (G4Tubs) ... OK! 
Checking overlaps for volume rf_e_60DsWin2:0 (G4Tubs) ... OK! 
Checking overlaps for volume rf_e_60DsHalf:0 (G4Tubs) ... OK! 
Checking overlaps for volume rf_e_60TimingVol:0 (G4Tubs) ... OK! 
Checking overlaps for volume rf_e_60:0 (G4Tubs) ... OK! 
BLCMDpillbox::construct rf_e_60 parent= relZ=47310.0 globZ=47310.0
	zmin=47270.0 zmax=47350.0
**************************************************************************
*** G4Exception: GeomVol1002
***    severity: Warning
***   issued by: G4PVPlacement::CheckOverlaps()
*** description: Overlap with volume already placed !
          Overlap is detected for volume wedge_0:0 (G4Trap) with pipe:0 (G4Tubs)
          overlap at local point (-19.672,12.8157,-86.9762) by 478.233 um  (max of 35 cases)
NOTE: Reached maximum fixed number -1- of overlaps reports for this volume !
**************************************************************************
BLCMDtrap::Construct wedge_0 parent= relZ=0.0 globZ=0.0
	zmin=-13.6 zmax=13.6 kill=0
**************************************************************************
*** G4Exception: GeomVol1002
***    severity: Warning
***   issued by: G4PVPlacement::CheckOverlaps()
*** description: Overlap with volume already placed !
          Overlap is detected for volume wedge_1:0 (G4Trap) with pipe:0 (G4Tubs)
          overlap at local point (-19.672,12.8686,74.2948) by 492.827 um  (max of 33 cases)
NOTE: Reached maximum fixed number -1- of overlaps reports for this volume !
**************************************************************************
BLCMDtrap::Construct wedge_1 parent= relZ=780.0 globZ=780.0
	zmin=766.4 zmax=793.6 kill=0
**************************************************************************
*** G4Exception: GeomVol1002
***    severity: Warning
***   issued by: G4PVPlacement::CheckOverlaps()
*** description: Overlap with volume already placed !
          Overlap is detected for volume wedge_2:0 (G4Trap) with pipe:0 (G4Tubs)
          overlap at local point (-19.1243,-13.6489,76.092) by 495.377 um  (max of 36 cases)
NOTE: Reached maximum fixed number -1- of overlaps reports for this volume !
**************************************************************************
BLCMDtrap::Construct wedge_2 parent= relZ=1560.0 globZ=1560.0
	zmin=1546.4 zmax=1573.6 kill=0
**************************************************************************
*** G4Exception: GeomVol1002
***    severity: Warning
***   issued by: G4PVPlacement::CheckOverlaps()
*** description: Overlap with volume already placed !
          Overlap is detected for volume wedge_3:0 (G4Trap) with pipe:0 (G4Tubs)
          overlap at local point (-19.672,-12.8629,103.755) by 495.973 um  (max of 27 cases)
NOTE: Reached maximum fixed number -1- of overlaps reports for this volume !
**************************************************************************
BLCMDtrap::Construct wedge_3 parent= relZ=2340.0 globZ=2340.0
	zmin=2326.4 zmax=2353.6 kill=0
**************************************************************************
*** G4Exception: GeomVol1002
***    severity: Warning
***   issued by: G4PVPlacement::CheckOverlaps()
*** description: Overlap with volume already placed !
          Overlap is detected for volume wedge_4:0 (G4Trap) with pipe:0 (G4Tubs)
          overlap at local point (-19.672,-12.8666,102.306) by 493.923 um  (max of 36 cases)
NOTE: Reached maximum fixed number -1- of overlaps reports for this volume !
**************************************************************************
BLCMDtrap::Construct wedge_4 parent= relZ=3120.0 globZ=3120.0
	zmin=3106.4 zmax=3133.6 kill=0
**************************************************************************
*** G4Exception: GeomVol1002
***    severity: Warning
***   issued by: G4PVPlacement::CheckOverlaps()
*** description: Overlap with volume already placed !
          Overlap is detected for volume wedge_5:0 (G4Trap) with pipe:0 (G4Tubs)
          overlap at local point (-19.1334,-13.6489,78.6918) by 497.229 um  (max of 47 cases)
NOTE: Reached maximum fixed number -1- of overlaps reports for this volume !
**************************************************************************
BLCMDtrap::Construct wedge_5 parent= relZ=3900.0 globZ=3900.0
	zmin=3886.4 zmax=3913.6 kill=0
**************************************************************************
*** G4Exception: GeomVol1002
***    severity: Warning
***   issued by: G4PVPlacement::CheckOverlaps()
*** description: Overlap with volume already placed !
          Overlap is detected for volume wedge_6:0 (G4Trap) with pipe:0 (G4Tubs)
          overlap at local point (-19.672,-12.873,43.4711) by 490.439 um  (max of 37 cases)
NOTE: Reached maximum fixed number -1- of overlaps reports for this volume !
**************************************************************************
BLCMDtrap::Construct wedge_6 parent= relZ=4680.0 globZ=4680.0
	zmin=4666.4 zmax=4693.6 kill=0
**************************************************************************
*** G4Exception: GeomVol1002
***    severity: Warning
***   issued by: G4PVPlacement::CheckOverlaps()
*** description: Overlap with volume already placed !
          Overlap is detected for volume wedge_7:0 (G4Trap) with pipe:0 (G4Tubs)
          overlap at local point (-19.1271,13.6489,86.0042) by 497.608 um  (max of 25 cases)
NOTE: Reached maximum fixed number -1- of overlaps reports for this volume !
**************************************************************************
BLCMDtrap::Construct wedge_7 parent= relZ=5460.0 globZ=5460.0
	zmin=5446.4 zmax=5473.6 kill=0
**************************************************************************
*** G4Exception: GeomVol1002
***    severity: Warning
***   issued by: G4PVPlacement::CheckOverlaps()
*** description: Overlap with volume already placed !
          Overlap is detected for volume wedge_8:0 (G4Trap) with pipe:0 (G4Tubs)
          overlap at local point (-19.1407,-13.6489,67.2517) by 491.35 um  (max of 25 cases)
NOTE: Reached maximum fixed number -1- of overlaps reports for this volume !
**************************************************************************
BLCMDtrap::Construct wedge_8 parent= relZ=6240.0 globZ=6240.0
	zmin=6226.4 zmax=6253.6 kill=0
**************************************************************************
*** G4Exception: GeomVol1002
***    severity: Warning
***   issued by: G4PVPlacement::CheckOverlaps()
*** description: Overlap with volume already placed !
          Overlap is detected for volume wedge_9:0 (G4Trap) with pipe:0 (G4Tubs)
          overlap at local point (-19.672,-12.8362,47.2472) by 489.432 um  (max of 38 cases)
NOTE: Reached maximum fixed number -1- of overlaps reports for this volume !
***    printing: every 10-th occurrence
**************************************************************************
BLCMDtrap::Construct wedge_9 parent= relZ=7020.0 globZ=7020.0
	zmin=7006.4 zmax=7033.6 kill=0
BLCMDtrap::Construct wedge_10 parent= relZ=7800.0 globZ=7800.0
	zmin=7786.4 zmax=7813.6 kill=0
BLCMDtrap::Construct wedge_11 parent= relZ=8580.0 globZ=8580.0
	zmin=8566.4 zmax=8593.6 kill=0
BLCMDtrap::Construct wedge_12 parent= relZ=9360.0 globZ=9360.0
	zmin=9346.4 zmax=9373.6 kill=0
BLCMDtrap::Construct wedge_13 parent= relZ=10140.0 globZ=10140.0
	zmin=10126.4 zmax=10153.6 kill=0
BLCMDtrap::Construct wedge_14 parent= relZ=10920.0 globZ=10920.0
	zmin=10906.4 zmax=10933.6 kill=0
BLCMDtrap::Construct wedge_15 parent= relZ=11700.0 globZ=11700.0
	zmin=11686.4 zmax=11713.6 kill=0
BLCMDtrap::Construct wedge_16 parent= relZ=12480.0 globZ=12480.0
	zmin=12466.4 zmax=12493.6 kill=0
BLCMDtrap::Construct wedge_17 parent= relZ=13260.0 globZ=13260.0
	zmin=13246.4 zmax=13273.6 kill=0
BLCMDtrap::Construct wedge_18 parent= relZ=14040.0 globZ=14040.0
	zmin=14026.4 zmax=14053.6 kill=0
**************************************************************************
*** G4Exception: GeomVol1002
***    severity: Warning
***   issued by: G4PVPlacement::CheckOverlaps()
*** description: Overlap with volume already placed !
          Overlap is detected for volume wedge_19:0 (G4Trap) with pipe:0 (G4Tubs)
          overlap at local point (-19.672,-12.8486,63.4037) by 496.207 um  (max of 39 cases)
NOTE: Reached maximum fixed number -1- of overlaps reports for this volume !
***    printing: every 10-th occurrence
**************************************************************************
BLCMDtrap::Construct wedge_19 parent= relZ=14820.0 globZ=14820.0
	zmin=14806.4 zmax=14833.6 kill=0
BLCMDtrap::Construct wedge_20 parent= relZ=15600.0 globZ=15600.0
	zmin=15586.4 zmax=15613.6 kill=0
BLCMDtrap::Construct wedge_21 parent= relZ=16380.0 globZ=16380.0
	zmin=16366.4 zmax=16393.6 kill=0
BLCMDtrap::Construct wedge_22 parent= relZ=17160.0 globZ=17160.0
	zmin=17146.4 zmax=17173.6 kill=0
BLCMDtrap::Construct wedge_23 parent= relZ=17940.0 globZ=17940.0
	zmin=17926.4 zmax=17953.6 kill=0
BLCMDtrap::Construct wedge_24 parent= relZ=18720.0 globZ=18720.0
	zmin=18706.4 zmax=18733.6 kill=0
BLCMDtrap::Construct wedge_25 parent= relZ=19500.0 globZ=19500.0
	zmin=19486.4 zmax=19513.6 kill=0
BLCMDtrap::Construct wedge_26 parent= relZ=20280.0 globZ=20280.0
	zmin=20266.4 zmax=20293.6 kill=0
BLCMDtrap::Construct wedge_27 parent= relZ=21060.0 globZ=21060.0
	zmin=21046.4 zmax=21073.6 kill=0
BLCMDtrap::Construct wedge_28 parent= relZ=21840.0 globZ=21840.0
	zmin=21826.4 zmax=21853.6 kill=0
**************************************************************************
*** G4Exception: GeomVol1002
***    severity: Warning
***   issued by: G4PVPlacement::CheckOverlaps()
*** description: Overlap with volume already placed !
          Overlap is detected for volume wedge_29:0 (G4Trap) with pipe:0 (G4Tubs)
          overlap at local point (-19.104,13.6489,107.284) by 478.823 um  (max of 46 cases)
NOTE: Reached maximum fixed number -1- of overlaps reports for this volume !
***    printing: every 10-th occurrence
**************************************************************************
BLCMDtrap::Construct wedge_29 parent= relZ=22620.0 globZ=22620.0
	zmin=22606.4 zmax=22633.6 kill=0
BLCMDtrap::Construct wedge_30 parent= relZ=23400.0 globZ=23400.0
	zmin=23386.4 zmax=23413.6 kill=0
BLCMDtrap::Construct wedge_31 parent= relZ=24180.0 globZ=24180.0
	zmin=24166.4 zmax=24193.6 kill=0
BLCMDtrap::Construct wedge_32 parent= relZ=24960.0 globZ=24960.0
	zmin=24946.4 zmax=24973.6 kill=0
BLCMDtrap::Construct wedge_33 parent= relZ=25740.0 globZ=25740.0
	zmin=25726.4 zmax=25753.6 kill=0
BLCMDtrap::Construct wedge_34 parent= relZ=26520.0 globZ=26520.0
	zmin=26506.4 zmax=26533.6 kill=0
BLCMDtrap::Construct wedge_35 parent= relZ=27300.0 globZ=27300.0
	zmin=27286.4 zmax=27313.6 kill=0
BLCMDtrap::Construct wedge_36 parent= relZ=28080.0 globZ=28080.0
	zmin=28066.4 zmax=28093.6 kill=0
BLCMDtrap::Construct wedge_37 parent= relZ=28860.0 globZ=28860.0
	zmin=28846.4 zmax=28873.6 kill=0
BLCMDtrap::Construct wedge_38 parent= relZ=29640.0 globZ=29640.0
	zmin=29626.4 zmax=29653.6 kill=0
**************************************************************************
*** G4Exception: GeomVol1002
***    severity: Warning
***   issued by: G4PVPlacement::CheckOverlaps()
*** description: Overlap with volume already placed !
          Overlap is detected for volume wedge_39:0 (G4Trap) with pipe:0 (G4Tubs)
          overlap at local point (-19.672,12.8546,111.219) by 499.488 um  (max of 33 cases)
NOTE: Reached maximum fixed number -1- of overlaps reports for this volume !
***    printing: every 10-th occurrence
**************************************************************************
BLCMDtrap::Construct wedge_39 parent= relZ=30420.0 globZ=30420.0
	zmin=30406.4 zmax=30433.6 kill=0
BLCMDtrap::Construct wedge_40 parent= relZ=31200.0 globZ=31200.0
	zmin=31186.4 zmax=31213.6 kill=0
BLCMDtrap::Construct wedge_41 parent= relZ=31980.0 globZ=31980.0
	zmin=31966.4 zmax=31993.6 kill=0
BLCMDtrap::Construct wedge_42 parent= relZ=32760.0 globZ=32760.0
	zmin=32746.4 zmax=32773.6 kill=0
BLCMDtrap::Construct wedge_43 parent= relZ=33540.0 globZ=33540.0
	zmin=33526.4 zmax=33553.6 kill=0
BLCMDtrap::Construct wedge_44 parent= relZ=34320.0 globZ=34320.0
	zmin=34306.4 zmax=34333.6 kill=0
BLCMDtrap::Construct wedge_45 parent= relZ=35100.0 globZ=35100.0
	zmin=35086.4 zmax=35113.6 kill=0
BLCMDtrap::Construct wedge_46 parent= relZ=35880.0 globZ=35880.0
	zmin=35866.4 zmax=35893.6 kill=0
BLCMDtrap::Construct wedge_47 parent= relZ=36660.0 globZ=36660.0
	zmin=36646.4 zmax=36673.6 kill=0
BLCMDtrap::Construct wedge_48 parent= relZ=37440.0 globZ=37440.0
	zmin=37426.4 zmax=37453.6 kill=0
**************************************************************************
*** G4Exception: GeomVol1002
***    severity: Warning
***   issued by: G4PVPlacement::CheckOverlaps()
*** description: Overlap with volume already placed !
          Overlap is detected for volume wedge_49:0 (G4Trap) with pipe:0 (G4Tubs)
          overlap at local point (-19.1227,13.6489,48.5811) by 493.995 um  (max of 29 cases)
NOTE: Reached maximum fixed number -1- of overlaps reports for this volume !
***    printing: every 10-th occurrence
**************************************************************************
BLCMDtrap::Construct wedge_49 parent= relZ=38220.0 globZ=38220.0
	zmin=38206.4 zmax=38233.6 kill=0
BLCMDtrap::Construct wedge_50 parent= relZ=39000.0 globZ=39000.0
	zmin=38986.4 zmax=39013.6 kill=0
BLCMDtrap::Construct wedge_51 parent= relZ=39780.0 globZ=39780.0
	zmin=39766.4 zmax=39793.6 kill=0
BLCMDtrap::Construct wedge_52 parent= relZ=40560.0 globZ=40560.0
	zmin=40546.4 zmax=40573.6 kill=0
BLCMDtrap::Construct wedge_53 parent= relZ=41340.0 globZ=41340.0
	zmin=41326.4 zmax=41353.6 kill=0
BLCMDtrap::Construct wedge_54 parent= relZ=42120.0 globZ=42120.0
	zmin=42106.4 zmax=42133.6 kill=0
BLCMDtrap::Construct wedge_55 parent= relZ=42900.0 globZ=42900.0
	zmin=42886.4 zmax=42913.6 kill=0
BLCMDtrap::Construct wedge_56 parent= relZ=43680.0 globZ=43680.0
	zmin=43666.4 zmax=43693.6 kill=0
BLCMDtrap::Construct wedge_57 parent= relZ=44460.0 globZ=44460.0
	zmin=44446.4 zmax=44473.6 kill=0
BLCMDtrap::Construct wedge_58 parent= relZ=45240.0 globZ=45240.0
	zmin=45226.4 zmax=45253.6 kill=0
**************************************************************************
*** G4Exception: GeomVol1002
***    severity: Warning
***   issued by: G4PVPlacement::CheckOverlaps()
*** description: Overlap with volume already placed !
          Overlap is detected for volume wedge_59:0 (G4Trap) with pipe:0 (G4Tubs)
          overlap at local point (-19.672,12.8884,95.1314) by 482.022 um  (max of 31 cases)
NOTE: Reached maximum fixed number -1- of overlaps reports for this volume !
***    printing: every 10-th occurrence
**************************************************************************
BLCMDtrap::Construct wedge_59 parent= relZ=46020.0 globZ=46020.0
	zmin=46006.4 zmax=46033.6 kill=0
BLCMDtrap::Construct wedge_60 parent= relZ=46800.0 globZ=46800.0
	zmin=46786.4 zmax=46813.6 kill=0
Checking overlaps for volume wedge_0:0 (G4Trap) ... Checking overlaps for volume wedge_1:0 (G4Trap) ... Checking overlaps for volume wedge_2:0 (G4Trap) ... Checking overlaps for volume wedge_3:0 (G4Trap) ... Checking overlaps for volume wedge_4:0 (G4Trap) ... Checking overlaps for volume wedge_5:0 (G4Trap) ... Checking overlaps for volume wedge_6:0 (G4Trap) ... Checking overlaps for volume wedge_7:0 (G4Trap) ... Checking overlaps for volume wedge_8:0 (G4Trap) ... Checking overlaps for volume wedge_9:0 (G4Trap) ... Checking overlaps for volume wedge_10:0 (G4Trap) ... Checking overlaps for volume wedge_11:0 (G4Trap) ... Checking overlaps for volume wedge_12:0 (G4Trap) ... Checking overlaps for volume wedge_13:0 (G4Trap) ... Checking overlaps for volume wedge_14:0 (G4Trap) ... Checking overlaps for volume wedge_15:0 (G4Trap) ... Checking overlaps for volume wedge_16:0 (G4Trap) ... Checking overlaps for volume wedge_17:0 (G4Trap) ... Checking overlaps for volume wedge_18:0 (G4Trap) ... Checking overlaps for volume wedge_19:0 (G4Trap) ... Checking overlaps for volume wedge_20:0 (G4Trap) ... Checking overlaps for volume wedge_21:0 (G4Trap) ... Checking overlaps for volume wedge_22:0 (G4Trap) ... Checking overlaps for volume wedge_23:0 (G4Trap) ... Checking overlaps for volume wedge_24:0 (G4Trap) ... Checking overlaps for volume wedge_25:0 (G4Trap) ... Checking overlaps for volume wedge_26:0 (G4Trap) ... Checking overlaps for volume wedge_27:0 (G4Trap) ... Checking overlaps for volume wedge_28:0 (G4Trap) ... Checking overlaps for volume wedge_29:0 (G4Trap) ... Checking overlaps for volume wedge_30:0 (G4Trap) ... Checking overlaps for volume wedge_31:0 (G4Trap) ... Checking overlaps for volume wedge_32:0 (G4Trap) ... Checking overlaps for volume wedge_33:0 (G4Trap) ... Checking overlaps for volume wedge_34:0 (G4Trap) ... Checking overlaps for volume wedge_35:0 (G4Trap) ... Checking overlaps for volume wedge_36:0 (G4Trap) ... Checking overlaps for volume wedge_37:0 (G4Trap) ... Checking overlaps for volume wedge_38:0 (G4Trap) ... Checking overlaps for volume wedge_39:0 (G4Trap) ... Checking overlaps for volume wedge_40:0 (G4Trap) ... Checking overlaps for volume wedge_41:0 (G4Trap) ... Checking overlaps for volume wedge_42:0 (G4Trap) ... Checking overlaps for volume wedge_43:0 (G4Trap) ... Checking overlaps for volume wedge_44:0 (G4Trap) ... Checking overlaps for volume wedge_45:0 (G4Trap) ... Checking overlaps for volume wedge_46:0 (G4Trap) ... Checking overlaps for volume wedge_47:0 (G4Trap) ... Checking overlaps for volume wedge_48:0 (G4Trap) ... Checking overlaps for volume wedge_49:0 (G4Trap) ... Checking overlaps for volume wedge_50:0 (G4Trap) ... Checking overlaps for volume wedge_51:0 (G4Trap) ... Checking overlaps for volume wedge_52:0 (G4Trap) ... Checking overlaps for volume wedge_53:0 (G4Trap) ... Checking overlaps for volume wedge_54:0 (G4Trap) ... Checking overlaps for volume wedge_55:0 (G4Trap) ... Checking overlaps for volume wedge_56:0 (G4Trap) ... Checking overlaps for volume wedge_57:0 (G4Trap) ... Checking overlaps for volume wedge_58:0 (G4Trap) ... Checking overlaps for volume wedge_59:0 (G4Trap) ... Checking overlaps for volume wedge_60:0 (G4Trap) ... Checking overlaps for volume wedge_window:0 (G4Box) ... OK! 
BLCMDbox::Construct wedge_window parent= relZ=-37.6 globZ=-37.6
	zmin=-37.7 zmax=-37.6
Checking overlaps for volume wedge_window:0 (G4Box) ... OK! 
BLCMDbox::Construct wedge_window parent= relZ=37.6 globZ=37.6
	zmin=37.6 zmax=37.7
Checking overlaps for volume wedge_window:0 (G4Box) ... OK! 
BLCMDbox::Construct wedge_window parent= relZ=742.4 globZ=742.4
	zmin=742.3 zmax=742.4
Checking overlaps for volume wedge_window:0 (G4Box) ... OK! 
BLCMDbox::Construct wedge_window parent= relZ=817.6 globZ=817.6
	zmin=817.6 zmax=817.7
Checking overlaps for volume wedge_window:0 (G4Box) ... OK! 
BLCMDbox::Construct wedge_window parent= relZ=1522.4 globZ=1522.4
	zmin=1522.3 zmax=1522.4
Checking overlaps for volume wedge_window:0 (G4Box) ... OK! 
BLCMDbox::Construct wedge_window parent= relZ=1597.6 globZ=1597.6
	zmin=1597.6 zmax=1597.7
Checking overlaps for volume wedge_window:0 (G4Box) ... OK! 
BLCMDbox::Construct wedge_window parent= relZ=2302.4 globZ=2302.4
	zmin=2302.3 zmax=2302.4
Checking overlaps for volume wedge_window:0 (G4Box) ... OK! 
BLCMDbox::Construct wedge_window parent= relZ=2377.6 globZ=2377.6
	zmin=2377.6 zmax=2377.7
Checking overlaps for volume wedge_window:0 (G4Box) ... OK! 
BLCMDbox::Construct wedge_window parent= relZ=3082.4 globZ=3082.4
	zmin=3082.3 zmax=3082.4
Checking overlaps for volume wedge_window:0 (G4Box) ... OK! 
BLCMDbox::Construct wedge_window parent= relZ=3157.6 globZ=3157.6
	zmin=3157.6 zmax=3157.7
Checking overlaps for volume wedge_window:0 (G4Box) ... OK! 
BLCMDbox::Construct wedge_window parent= relZ=3862.4 globZ=3862.4
	zmin=3862.3 zmax=3862.4
Checking overlaps for volume wedge_window:0 (G4Box) ... OK! 
BLCMDbox::Construct wedge_window parent= relZ=3937.6 globZ=3937.6
	zmin=3937.6 zmax=3937.7
Checking overlaps for volume wedge_window:0 (G4Box) ... OK! 
BLCMDbox::Construct wedge_window parent= relZ=4642.4 globZ=4642.4
	zmin=4642.3 zmax=4642.4
Checking overlaps for volume wedge_window:0 (G4Box) ... OK! 
BLCMDbox::Construct wedge_window parent= relZ=4717.6 globZ=4717.6
	zmin=4717.6 zmax=4717.7
Checking overlaps for volume wedge_window:0 (G4Box) ... OK! 
BLCMDbox::Construct wedge_window parent= relZ=5422.4 globZ=5422.4
	zmin=5422.3 zmax=5422.4
Checking overlaps for volume wedge_window:0 (G4Box) ... OK! 
BLCMDbox::Construct wedge_window parent= relZ=5497.6 globZ=5497.6
	zmin=5497.6 zmax=5497.7
Checking overlaps for volume wedge_window:0 (G4Box) ... OK! 
BLCMDbox::Construct wedge_window parent= relZ=6202.4 globZ=6202.4
	zmin=6202.3 zmax=6202.4
Checking overlaps for volume wedge_window:0 (G4Box) ... OK! 
BLCMDbox::Construct wedge_window parent= relZ=6277.6 globZ=6277.6
	zmin=6277.6 zmax=6277.7
Checking overlaps for volume wedge_window:0 (G4Box) ... OK! 
BLCMDbox::Construct wedge_window parent= relZ=6982.4 globZ=6982.4
	zmin=6982.3 zmax=6982.4
Checking overlaps for volume wedge_window:0 (G4Box) ... OK! 
BLCMDbox::Construct wedge_window parent= relZ=7057.6 globZ=7057.6
	zmin=7057.6 zmax=7057.7
Checking overlaps for volume wedge_window:0 (G4Box) ... OK! 
BLCMDbox::Construct wedge_window parent= relZ=7762.4 globZ=7762.4
	zmin=7762.3 zmax=7762.4
Checking overlaps for volume wedge_window:0 (G4Box) ... OK! 
BLCMDbox::Construct wedge_window parent= relZ=7837.6 globZ=7837.6
	zmin=7837.6 zmax=7837.7
Checking overlaps for volume wedge_window:0 (G4Box) ... OK! 
BLCMDbox::Construct wedge_window parent= relZ=8542.4 globZ=8542.4
	zmin=8542.3 zmax=8542.4
Checking overlaps for volume wedge_window:0 (G4Box) ... OK! 
BLCMDbox::Construct wedge_window parent= relZ=8617.6 globZ=8617.6
	zmin=8617.6 zmax=8617.7
Checking overlaps for volume wedge_window:0 (G4Box) ... OK! 
BLCMDbox::Construct wedge_window parent= relZ=9322.4 globZ=9322.4
	zmin=9322.3 zmax=9322.4
Checking overlaps for volume wedge_window:0 (G4Box) ... OK! 
BLCMDbox::Construct wedge_window parent= relZ=9397.6 globZ=9397.6
	zmin=9397.6 zmax=9397.7
Checking overlaps for volume wedge_window:0 (G4Box) ... OK! 
BLCMDbox::Construct wedge_window parent= relZ=10102.4 globZ=10102.4
	zmin=10102.3 zmax=10102.4
Checking overlaps for volume wedge_window:0 (G4Box) ... OK! 
BLCMDbox::Construct wedge_window parent= relZ=10177.6 globZ=10177.6
	zmin=10177.6 zmax=10177.7
Checking overlaps for volume wedge_window:0 (G4Box) ... OK! 
BLCMDbox::Construct wedge_window parent= relZ=10882.4 globZ=10882.4
	zmin=10882.3 zmax=10882.4
Checking overlaps for volume wedge_window:0 (G4Box) ... OK! 
BLCMDbox::Construct wedge_window parent= relZ=10957.6 globZ=10957.6
	zmin=10957.6 zmax=10957.7
Checking overlaps for volume wedge_window:0 (G4Box) ... OK! 
BLCMDbox::Construct wedge_window parent= relZ=11662.4 globZ=11662.4
	zmin=11662.3 zmax=11662.4
Checking overlaps for volume wedge_window:0 (G4Box) ... OK! 
BLCMDbox::Construct wedge_window parent= relZ=11737.6 globZ=11737.6
	zmin=11737.6 zmax=11737.7
Checking overlaps for volume wedge_window:0 (G4Box) ... OK! 
BLCMDbox::Construct wedge_window parent= relZ=12442.4 globZ=12442.4
	zmin=12442.3 zmax=12442.4
Checking overlaps for volume wedge_window:0 (G4Box) ... OK! 
BLCMDbox::Construct wedge_window parent= relZ=12517.6 globZ=12517.6
	zmin=12517.6 zmax=12517.7
Checking overlaps for volume wedge_window:0 (G4Box) ... OK! 
BLCMDbox::Construct wedge_window parent= relZ=13222.4 globZ=13222.4
	zmin=13222.3 zmax=13222.4
Checking overlaps for volume wedge_window:0 (G4Box) ... OK! 
BLCMDbox::Construct wedge_window parent= relZ=13297.6 globZ=13297.6
	zmin=13297.6 zmax=13297.7
Checking overlaps for volume wedge_window:0 (G4Box) ... OK! 
BLCMDbox::Construct wedge_window parent= relZ=14002.4 globZ=14002.4
	zmin=14002.3 zmax=14002.4
Checking overlaps for volume wedge_window:0 (G4Box) ... OK! 
BLCMDbox::Construct wedge_window parent= relZ=14077.6 globZ=14077.6
	zmin=14077.6 zmax=14077.7
Checking overlaps for volume wedge_window:0 (G4Box) ... OK! 
BLCMDbox::Construct wedge_window parent= relZ=14782.4 globZ=14782.4
	zmin=14782.3 zmax=14782.4
Checking overlaps for volume wedge_window:0 (G4Box) ... OK! 
BLCMDbox::Construct wedge_window parent= relZ=14857.6 globZ=14857.6
	zmin=14857.6 zmax=14857.7
Checking overlaps for volume wedge_window:0 (G4Box) ... OK! 
BLCMDbox::Construct wedge_window parent= relZ=15562.4 globZ=15562.4
	zmin=15562.3 zmax=15562.4
Checking overlaps for volume wedge_window:0 (G4Box) ... OK! 
BLCMDbox::Construct wedge_window parent= relZ=15637.6 globZ=15637.6
	zmin=15637.6 zmax=15637.7
Checking overlaps for volume wedge_window:0 (G4Box) ... OK! 
BLCMDbox::Construct wedge_window parent= relZ=16342.4 globZ=16342.4
	zmin=16342.3 zmax=16342.4
Checking overlaps for volume wedge_window:0 (G4Box) ... OK! 
BLCMDbox::Construct wedge_window parent= relZ=16417.6 globZ=16417.6
	zmin=16417.6 zmax=16417.7
Checking overlaps for volume wedge_window:0 (G4Box) ... OK! 
BLCMDbox::Construct wedge_window parent= relZ=17122.4 globZ=17122.4
	zmin=17122.3 zmax=17122.4
Checking overlaps for volume wedge_window:0 (G4Box) ... OK! 
BLCMDbox::Construct wedge_window parent= relZ=17197.6 globZ=17197.6
	zmin=17197.6 zmax=17197.7
Checking overlaps for volume wedge_window:0 (G4Box) ... OK! 
BLCMDbox::Construct wedge_window parent= relZ=17902.4 globZ=17902.4
	zmin=17902.3 zmax=17902.4
Checking overlaps for volume wedge_window:0 (G4Box) ... OK! 
BLCMDbox::Construct wedge_window parent= relZ=17977.6 globZ=17977.6
	zmin=17977.6 zmax=17977.7
Checking overlaps for volume wedge_window:0 (G4Box) ... OK! 
BLCMDbox::Construct wedge_window parent= relZ=18682.4 globZ=18682.4
	zmin=18682.3 zmax=18682.4
Checking overlaps for volume wedge_window:0 (G4Box) ... OK! 
BLCMDbox::Construct wedge_window parent= relZ=18757.6 globZ=18757.6
	zmin=18757.6 zmax=18757.7
Checking overlaps for volume wedge_window:0 (G4Box) ... OK! 
BLCMDbox::Construct wedge_window parent= relZ=19462.4 globZ=19462.4
	zmin=19462.3 zmax=19462.4
Checking overlaps for volume wedge_window:0 (G4Box) ... OK! 
BLCMDbox::Construct wedge_window parent= relZ=19537.6 globZ=19537.6
	zmin=19537.6 zmax=19537.7
Checking overlaps for volume wedge_window:0 (G4Box) ... OK! 
BLCMDbox::Construct wedge_window parent= relZ=20242.4 globZ=20242.4
	zmin=20242.3 zmax=20242.4
Checking overlaps for volume wedge_window:0 (G4Box) ... OK! 
BLCMDbox::Construct wedge_window parent= relZ=20317.6 globZ=20317.6
	zmin=20317.6 zmax=20317.7
Checking overlaps for volume wedge_window:0 (G4Box) ... OK! 
BLCMDbox::Construct wedge_window parent= relZ=21022.4 globZ=21022.4
	zmin=21022.3 zmax=21022.4
Checking overlaps for volume wedge_window:0 (G4Box) ... OK! 
BLCMDbox::Construct wedge_window parent= relZ=21097.6 globZ=21097.6
	zmin=21097.6 zmax=21097.7
Checking overlaps for volume wedge_window:0 (G4Box) ... OK! 
BLCMDbox::Construct wedge_window parent= relZ=21802.4 globZ=21802.4
	zmin=21802.3 zmax=21802.4
Checking overlaps for volume wedge_window:0 (G4Box) ... OK! 
BLCMDbox::Construct wedge_window parent= relZ=21877.6 globZ=21877.6
	zmin=21877.6 zmax=21877.7
Checking overlaps for volume wedge_window:0 (G4Box) ... OK! 
BLCMDbox::Construct wedge_window parent= relZ=22582.4 globZ=22582.4
	zmin=22582.3 zmax=22582.4
Checking overlaps for volume wedge_window:0 (G4Box) ... OK! 
BLCMDbox::Construct wedge_window parent= relZ=22657.6 globZ=22657.6
	zmin=22657.6 zmax=22657.7
Checking overlaps for volume wedge_window:0 (G4Box) ... OK! 
BLCMDbox::Construct wedge_window parent= relZ=23362.4 globZ=23362.4
	zmin=23362.3 zmax=23362.4
Checking overlaps for volume wedge_window:0 (G4Box) ... OK! 
BLCMDbox::Construct wedge_window parent= relZ=23437.6 globZ=23437.6
	zmin=23437.6 zmax=23437.7
Checking overlaps for volume wedge_window:0 (G4Box) ... OK! 
BLCMDbox::Construct wedge_window parent= relZ=24142.4 globZ=24142.4
	zmin=24142.3 zmax=24142.4
Checking overlaps for volume wedge_window:0 (G4Box) ... OK! 
BLCMDbox::Construct wedge_window parent= relZ=24217.6 globZ=24217.6
	zmin=24217.6 zmax=24217.7
Checking overlaps for volume wedge_window:0 (G4Box) ... OK! 
BLCMDbox::Construct wedge_window parent= relZ=24922.4 globZ=24922.4
	zmin=24922.3 zmax=24922.4
Checking overlaps for volume wedge_window:0 (G4Box) ... OK! 
BLCMDbox::Construct wedge_window parent= relZ=24997.6 globZ=24997.6
	zmin=24997.6 zmax=24997.7
Checking overlaps for volume wedge_window:0 (G4Box) ... OK! 
BLCMDbox::Construct wedge_window parent= relZ=25702.4 globZ=25702.4
	zmin=25702.3 zmax=25702.4
Checking overlaps for volume wedge_window:0 (G4Box) ... OK! 
BLCMDbox::Construct wedge_window parent= relZ=25777.6 globZ=25777.6
	zmin=25777.6 zmax=25777.7
Checking overlaps for volume wedge_window:0 (G4Box) ... OK! 
BLCMDbox::Construct wedge_window parent= relZ=26482.4 globZ=26482.4
	zmin=26482.3 zmax=26482.4
Checking overlaps for volume wedge_window:0 (G4Box) ... OK! 
BLCMDbox::Construct wedge_window parent= relZ=26557.6 globZ=26557.6
	zmin=26557.6 zmax=26557.7
Checking overlaps for volume wedge_window:0 (G4Box) ... OK! 
BLCMDbox::Construct wedge_window parent= relZ=27262.4 globZ=27262.4
	zmin=27262.3 zmax=27262.4
Checking overlaps for volume wedge_window:0 (G4Box) ... OK! 
BLCMDbox::Construct wedge_window parent= relZ=27337.6 globZ=27337.6
	zmin=27337.6 zmax=27337.7
Checking overlaps for volume wedge_window:0 (G4Box) ... OK! 
BLCMDbox::Construct wedge_window parent= relZ=28042.4 globZ=28042.4
	zmin=28042.3 zmax=28042.4
Checking overlaps for volume wedge_window:0 (G4Box) ... OK! 
BLCMDbox::Construct wedge_window parent= relZ=28117.6 globZ=28117.6
	zmin=28117.6 zmax=28117.7
Checking overlaps for volume wedge_window:0 (G4Box) ... OK! 
BLCMDbox::Construct wedge_window parent= relZ=28822.4 globZ=28822.4
	zmin=28822.3 zmax=28822.4
Checking overlaps for volume wedge_window:0 (G4Box) ... OK! 
BLCMDbox::Construct wedge_window parent= relZ=28897.6 globZ=28897.6
	zmin=28897.6 zmax=28897.7
Checking overlaps for volume wedge_window:0 (G4Box) ... OK! 
BLCMDbox::Construct wedge_window parent= relZ=29602.4 globZ=29602.4
	zmin=29602.3 zmax=29602.4
Checking overlaps for volume wedge_window:0 (G4Box) ... OK! 
BLCMDbox::Construct wedge_window parent= relZ=29677.6 globZ=29677.6
	zmin=29677.6 zmax=29677.7
Checking overlaps for volume wedge_window:0 (G4Box) ... OK! 
BLCMDbox::Construct wedge_window parent= relZ=30382.4 globZ=30382.4
	zmin=30382.3 zmax=30382.4
Checking overlaps for volume wedge_window:0 (G4Box) ... OK! 
BLCMDbox::Construct wedge_window parent= relZ=30457.6 globZ=30457.6
	zmin=30457.6 zmax=30457.7
Checking overlaps for volume wedge_window:0 (G4Box) ... OK! 
BLCMDbox::Construct wedge_window parent= relZ=31162.4 globZ=31162.4
	zmin=31162.3 zmax=31162.4
Checking overlaps for volume wedge_window:0 (G4Box) ... OK! 
BLCMDbox::Construct wedge_window parent= relZ=31237.6 globZ=31237.6
	zmin=31237.6 zmax=31237.7
Checking overlaps for volume wedge_window:0 (G4Box) ... OK! 
BLCMDbox::Construct wedge_window parent= relZ=31942.4 globZ=31942.4
	zmin=31942.3 zmax=31942.4
Checking overlaps for volume wedge_window:0 (G4Box) ... OK! 
BLCMDbox::Construct wedge_window parent= relZ=32017.6 globZ=32017.6
	zmin=32017.6 zmax=32017.7
Checking overlaps for volume wedge_window:0 (G4Box) ... OK! 
BLCMDbox::Construct wedge_window parent= relZ=32722.4 globZ=32722.4
	zmin=32722.3 zmax=32722.4
Checking overlaps for volume wedge_window:0 (G4Box) ... OK! 
BLCMDbox::Construct wedge_window parent= relZ=32797.6 globZ=32797.6
	zmin=32797.6 zmax=32797.7
Checking overlaps for volume wedge_window:0 (G4Box) ... OK! 
BLCMDbox::Construct wedge_window parent= relZ=33502.4 globZ=33502.4
	zmin=33502.3 zmax=33502.4
Checking overlaps for volume wedge_window:0 (G4Box) ... OK! 
BLCMDbox::Construct wedge_window parent= relZ=33577.6 globZ=33577.6
	zmin=33577.6 zmax=33577.7
Checking overlaps for volume wedge_window:0 (G4Box) ... OK! 
BLCMDbox::Construct wedge_window parent= relZ=34282.4 globZ=34282.4
	zmin=34282.3 zmax=34282.4
Checking overlaps for volume wedge_window:0 (G4Box) ... OK! 
BLCMDbox::Construct wedge_window parent= relZ=34357.6 globZ=34357.6
	zmin=34357.6 zmax=34357.7
Checking overlaps for volume wedge_window:0 (G4Box) ... OK! 
BLCMDbox::Construct wedge_window parent= relZ=35062.4 globZ=35062.4
	zmin=35062.3 zmax=35062.4
Checking overlaps for volume wedge_window:0 (G4Box) ... OK! 
BLCMDbox::Construct wedge_window parent= relZ=35137.6 globZ=35137.6
	zmin=35137.6 zmax=35137.7
Checking overlaps for volume wedge_window:0 (G4Box) ... OK! 
BLCMDbox::Construct wedge_window parent= relZ=35842.4 globZ=35842.4
	zmin=35842.3 zmax=35842.4
Checking overlaps for volume wedge_window:0 (G4Box) ... OK! 
BLCMDbox::Construct wedge_window parent= relZ=35917.6 globZ=35917.6
	zmin=35917.6 zmax=35917.7
Checking overlaps for volume wedge_window:0 (G4Box) ... OK! 
BLCMDbox::Construct wedge_window parent= relZ=36622.4 globZ=36622.4
	zmin=36622.3 zmax=36622.4
Checking overlaps for volume wedge_window:0 (G4Box) ... OK! 
BLCMDbox::Construct wedge_window parent= relZ=36697.6 globZ=36697.6
	zmin=36697.6 zmax=36697.7
Checking overlaps for volume wedge_window:0 (G4Box) ... OK! 
BLCMDbox::Construct wedge_window parent= relZ=37402.4 globZ=37402.4
	zmin=37402.3 zmax=37402.4
Checking overlaps for volume wedge_window:0 (G4Box) ... OK! 
BLCMDbox::Construct wedge_window parent= relZ=37477.6 globZ=37477.6
	zmin=37477.6 zmax=37477.7
Checking overlaps for volume wedge_window:0 (G4Box) ... OK! 
BLCMDbox::Construct wedge_window parent= relZ=38182.4 globZ=38182.4
	zmin=38182.3 zmax=38182.4
Checking overlaps for volume wedge_window:0 (G4Box) ... OK! 
BLCMDbox::Construct wedge_window parent= relZ=38257.6 globZ=38257.6
	zmin=38257.6 zmax=38257.7
Checking overlaps for volume wedge_window:0 (G4Box) ... OK! 
BLCMDbox::Construct wedge_window parent= relZ=38962.4 globZ=38962.4
	zmin=38962.3 zmax=38962.4
Checking overlaps for volume wedge_window:0 (G4Box) ... OK! 
BLCMDbox::Construct wedge_window parent= relZ=39037.6 globZ=39037.6
	zmin=39037.6 zmax=39037.7
Checking overlaps for volume wedge_window:0 (G4Box) ... OK! 
BLCMDbox::Construct wedge_window parent= relZ=39742.4 globZ=39742.4
	zmin=39742.3 zmax=39742.4
Checking overlaps for volume wedge_window:0 (G4Box) ... OK! 
BLCMDbox::Construct wedge_window parent= relZ=39817.6 globZ=39817.6
	zmin=39817.6 zmax=39817.7
Checking overlaps for volume wedge_window:0 (G4Box) ... OK! 
BLCMDbox::Construct wedge_window parent= relZ=40522.4 globZ=40522.4
	zmin=40522.3 zmax=40522.4
Checking overlaps for volume wedge_window:0 (G4Box) ... OK! 
BLCMDbox::Construct wedge_window parent= relZ=40597.6 globZ=40597.6
	zmin=40597.6 zmax=40597.7
Checking overlaps for volume wedge_window:0 (G4Box) ... OK! 
BLCMDbox::Construct wedge_window parent= relZ=41302.4 globZ=41302.4
	zmin=41302.3 zmax=41302.4
Checking overlaps for volume wedge_window:0 (G4Box) ... OK! 
BLCMDbox::Construct wedge_window parent= relZ=41377.6 globZ=41377.6
	zmin=41377.6 zmax=41377.7
Checking overlaps for volume wedge_window:0 (G4Box) ... OK! 
BLCMDbox::Construct wedge_window parent= relZ=42082.4 globZ=42082.4
	zmin=42082.3 zmax=42082.4
Checking overlaps for volume wedge_window:0 (G4Box) ... OK! 
BLCMDbox::Construct wedge_window parent= relZ=42157.6 globZ=42157.6
	zmin=42157.6 zmax=42157.7
Checking overlaps for volume wedge_window:0 (G4Box) ... OK! 
BLCMDbox::Construct wedge_window parent= relZ=42862.4 globZ=42862.4
	zmin=42862.3 zmax=42862.4
Checking overlaps for volume wedge_window:0 (G4Box) ... OK! 
BLCMDbox::Construct wedge_window parent= relZ=42937.6 globZ=42937.6
	zmin=42937.6 zmax=42937.7
Checking overlaps for volume wedge_window:0 (G4Box) ... OK! 
BLCMDbox::Construct wedge_window parent= relZ=43642.4 globZ=43642.4
	zmin=43642.3 zmax=43642.4
Checking overlaps for volume wedge_window:0 (G4Box) ... OK! 
BLCMDbox::Construct wedge_window parent= relZ=43717.6 globZ=43717.6
	zmin=43717.6 zmax=43717.7
Checking overlaps for volume wedge_window:0 (G4Box) ... OK! 
BLCMDbox::Construct wedge_window parent= relZ=44422.4 globZ=44422.4
	zmin=44422.3 zmax=44422.4
Checking overlaps for volume wedge_window:0 (G4Box) ... OK! 
BLCMDbox::Construct wedge_window parent= relZ=44497.6 globZ=44497.6
	zmin=44497.6 zmax=44497.7
Checking overlaps for volume wedge_window:0 (G4Box) ... OK! 
BLCMDbox::Construct wedge_window parent= relZ=45202.4 globZ=45202.4
	zmin=45202.3 zmax=45202.4
Checking overlaps for volume wedge_window:0 (G4Box) ... OK! 
BLCMDbox::Construct wedge_window parent= relZ=45277.6 globZ=45277.6
	zmin=45277.6 zmax=45277.7
Checking overlaps for volume wedge_window:0 (G4Box) ... OK! 
BLCMDbox::Construct wedge_window parent= relZ=45982.4 globZ=45982.4
	zmin=45982.3 zmax=45982.4
Checking overlaps for volume wedge_window:0 (G4Box) ... OK! 
BLCMDbox::Construct wedge_window parent= relZ=46057.6 globZ=46057.6
	zmin=46057.6 zmax=46057.7
Checking overlaps for volume wedge_window:0 (G4Box) ... OK! 
BLCMDbox::Construct wedge_window parent= relZ=46762.4 globZ=46762.4
	zmin=46762.3 zmax=46762.4
Checking overlaps for volume wedge_window:0 (G4Box) ... OK! 
BLCMDbox::Construct wedge_window parent= relZ=46837.6 globZ=46837.6
	zmin=46837.6 zmax=46837.7
Checking overlaps for volume beamDet:0 (G4Tubs) ... OK! 
BLCMDvirtualdetector::Construct beamDet parent= relZ=47590.0 globZ=47590.0
### Adding tracking cuts for neutron  TimeCut(ns)= 10000  KinEnergyCut(MeV)= 0
BLTrackFile: cannot open 'beam_stage9.beam' in mode 'r'
Geometry test nPoints=100 tolerance=0.002 mm:
Testing geometry for children of group 'World':
**************************************************************************
*** G4Exception: Geometry Error
***    severity: Warning
***   issued by: geometry
*** description: tubs 'pipe' intersects trap 'wedge_0'
**************************************************************************
**************************************************************************
*** G4Exception: Geometry Error
***    severity: Warning
***   issued by: geometry
*** description: tubs 'pipe' intersects trap 'wedge_1'
**************************************************************************
**************************************************************************
*** G4Exception: Geometry Error
***    severity: Warning
***   issued by: geometry
*** description: tubs 'pipe' intersects trap 'wedge_2'
**************************************************************************
**************************************************************************
*** G4Exception: Geometry Error
***    severity: Warning
***   issued by: geometry
*** description: tubs 'pipe' intersects trap 'wedge_3'
**************************************************************************
**************************************************************************
*** G4Exception: Geometry Error
***    severity: Warning
***   issued by: geometry
*** description: tubs 'pipe' intersects trap 'wedge_4'
**************************************************************************
**************************************************************************
*** G4Exception: Geometry Error
***    severity: Warning
***   issued by: geometry
*** description: tubs 'pipe' intersects trap 'wedge_4'
**************************************************************************
**************************************************************************
*** G4Exception: Geometry Error
***    severity: Warning
***   issued by: geometry
*** description: tubs 'pipe' intersects trap 'wedge_5'
**************************************************************************
**************************************************************************
*** G4Exception: Geometry Error
***    severity: Warning
***   issued by: geometry
*** description: tubs 'pipe' intersects trap 'wedge_6'
**************************************************************************
**************************************************************************
*** G4Exception: Geometry Error
***    severity: Warning
***   issued by: geometry
*** description: tubs 'pipe' intersects trap 'wedge_7'
**************************************************************************
**************************************************************************
*** G4Exception: Geometry Error
***    severity: Warning
***   issued by: geometry
*** description: tubs 'pipe' intersects trap 'wedge_8'
***    printing: every 10-th occurrence
**************************************************************************
**************************************************************************
*** G4Exception: Geometry Error
***    severity: Warning
***   issued by: geometry
*** description: tubs 'pipe' intersects trap 'wedge_28'
***    printing: every 10-th occurrence
**************************************************************************
**************************************************************************
*** G4Exception: Geometry Error
***    severity: Warning
***   issued by: geometry
*** description: tubs 'pipe' intersects trap 'wedge_47'
***    printing: every 10-th occurrence
**************************************************************************
**************************************************************************
*** G4Exception: Geometry Error
***    severity: Warning
***   issued by: geometry
*** description: trap 'wedge_3' intersects tubs 'pipe'
***    printing: every 10-th occurrence
**************************************************************************
**************************************************************************
*** G4Exception: Geometry Error
***    severity: Warning
***   issued by: geometry
*** description: trap 'wedge_8' intersects tubs 'pipe'
***    printing: every 10-th occurrence
**************************************************************************
**************************************************************************
*** G4Exception: Geometry Error
***    severity: Warning
***   issued by: geometry
*** description: trap 'wedge_13' intersects tubs 'pipe'
***    printing: every 10-th occurrence
**************************************************************************
**************************************************************************
*** G4Exception: Geometry Error
***    severity: Warning
***   issued by: geometry
*** description: trap 'wedge_18' intersects tubs 'pipe'
***    printing: every 10-th occurrence
**************************************************************************
**************************************************************************
*** G4Exception: Geometry Error
***    severity: Warning
***   issued by: geometry
*** description: trap 'wedge_23' intersects tubs 'pipe'
***    printing: every 10-th occurrence
**************************************************************************
**************************************************************************
*** G4Exception: Geometry Error
***    severity: Warning
***   issued by: geometry
*** description: trap 'wedge_28' intersects tubs 'pipe'
***    printing: every 10-th occurrence
**************************************************************************
**************************************************************************
*** G4Exception: Geometry Error
***    severity: Warning
***   issued by: geometry
*** description: trap 'wedge_33' intersects tubs 'pipe'
***    printing: every 100-th occurrence
**************************************************************************
Total geometry errors = 154  1 seconds

================= Prepare Tune Particle(s) ===========
================= Begin Tune Particle(s) =============
***  Tune and Reference Particles ignore E fields.
***  Tune and Reference Particles ignore B fields.
***  Tune and Reference Particles ignore Energy loss.
**************************************************************************
*** G4Exception: EM Field Extends Outside World
***    severity: Warning
***   issued by: BLGlobalField
*** description: May give inaccurate tracking near world boundary.
***     EventID: -2     TrackID: 1   mu+  KE=116.1 MeV
**************************************************************************
fieldVoxels: nx=12 ny=12 nz=252, 36288 voxels, 1000 fields
fieldVoxels: max field count is 19 fields, # voxels >5: 24672, >10: 8692, >20: 0
**************************************************************************
*** G4Exception: Check number of field voxels
***    severity: Warning
***   issued by: BLGlobalField
*** description: nVoxels = 36288, max fields/voxel = 19
***     EventID: -2     TrackID: 1   mu+  KE=116.1 MeV
**************************************************************************
pillbox rf_b_0: Time OK  timeOffset=1641.2187 ns, incremented to 1641.2187 ns
pillbox rf_c_0: Time OK  timeOffset=1641.5223 ns, incremented to 1641.5223 ns
pillbox rf_d_0: Time OK  timeOffset=1641.8259 ns, incremented to 1641.8259 ns
pillbox rf_e_0: Time OK  timeOffset=1642.1295 ns, incremented to 1642.1295 ns
pillbox rf_b_1: Time OK  timeOffset=1644.1779 ns, incremented to 1644.1779 ns
pillbox rf_c_1: Time OK  timeOffset=1644.4815 ns, incremented to 1644.4815 ns
pillbox rf_d_1: Time OK  timeOffset=1644.7851 ns, incremented to 1644.7851 ns
pillbox rf_e_1: Time OK  timeOffset=1645.0886 ns, incremented to 1645.0886 ns
pillbox rf_b_2: Time OK  timeOffset=1647.1371 ns, incremented to 1647.1371 ns
pillbox rf_c_2: Time OK  timeOffset=1647.4407 ns, incremented to 1647.4407 ns
pillbox rf_d_2: Time OK  timeOffset=1647.7442 ns, incremented to 1647.7442 ns
pillbox rf_e_2: Time OK  timeOffset=1648.0478 ns, incremented to 1648.0478 ns
pillbox rf_b_3: Time OK  timeOffset=1650.0963 ns, incremented to 1650.0963 ns
pillbox rf_c_3: Time OK  timeOffset=1650.3998 ns, incremented to 1650.3998 ns
pillbox rf_d_3: Time OK  timeOffset=1650.7034 ns, incremented to 1650.7034 ns
pillbox rf_e_3: Time OK  timeOffset=1651.0070 ns, incremented to 1651.0070 ns
pillbox rf_b_4: Time OK  timeOffset=1653.0554 ns, incremented to 1653.0554 ns
pillbox rf_c_4: Time OK  timeOffset=1653.3590 ns, incremented to 1653.3590 ns
pillbox rf_d_4: Time OK  timeOffset=1653.6626 ns, incremented to 1653.6626 ns
pillbox rf_e_4: Time OK  timeOffset=1653.9662 ns, incremented to 1653.9662 ns
pillbox rf_b_5: Time OK  timeOffset=1656.0146 ns, incremented to 1656.0146 ns
pillbox rf_c_5: Time OK  timeOffset=1656.3182 ns, incremented to 1656.3182 ns
pillbox rf_d_5: Time OK  timeOffset=1656.6218 ns, incremented to 1656.6218 ns
pillbox rf_e_5: Time OK  timeOffset=1656.9254 ns, incremented to 1656.9254 ns
pillbox rf_b_6: Time OK  timeOffset=1658.9738 ns, incremented to 1658.9738 ns
pillbox rf_c_6: Time OK  timeOffset=1659.2774 ns, incremented to 1659.2774 ns
pillbox rf_d_6: Time OK  timeOffset=1659.5810 ns, incremented to 1659.5810 ns
pillbox rf_e_6: Time OK  timeOffset=1659.8846 ns, incremented to 1659.8846 ns
pillbox rf_b_7: Time OK  timeOffset=1661.9330 ns, incremented to 1661.9330 ns
pillbox rf_c_7: Time OK  timeOffset=1662.2366 ns, incremented to 1662.2366 ns
pillbox rf_d_7: Time OK  timeOffset=1662.5402 ns, incremented to 1662.5402 ns
pillbox rf_e_7: Time OK  timeOffset=1662.8437 ns, incremented to 1662.8437 ns
pillbox rf_b_8: Time OK  timeOffset=1664.8922 ns, incremented to 1664.8922 ns
pillbox rf_c_8: Time OK  timeOffset=1665.1958 ns, incremented to 1665.1958 ns
pillbox rf_d_8: Time OK  timeOffset=1665.4993 ns, incremented to 1665.4993 ns
pillbox rf_e_8: Time OK  timeOffset=1665.8029 ns, incremented to 1665.8029 ns
pillbox rf_b_9: Time OK  timeOffset=1667.8514 ns, incremented to 1667.8514 ns
pillbox rf_c_9: Time OK  timeOffset=1668.1549 ns, incremented to 1668.1549 ns
pillbox rf_d_9: Time OK  timeOffset=1668.4585 ns, incremented to 1668.4585 ns
pillbox rf_e_9: Time OK  timeOffset=1668.7621 ns, incremented to 1668.7621 ns
pillbox rf_b_10: Time OK  timeOffset=1670.8105 ns, incremented to 1670.8105 ns
pillbox rf_c_10: Time OK  timeOffset=1671.1141 ns, incremented to 1671.1141 ns
pillbox rf_d_10: Time OK  timeOffset=1671.4177 ns, incremented to 1671.4177 ns
pillbox rf_e_10: Time OK  timeOffset=1671.7213 ns, incremented to 1671.7213 ns
pillbox rf_b_11: Time OK  timeOffset=1673.7697 ns, incremented to 1673.7697 ns
pillbox rf_c_11: Time OK  timeOffset=1674.0733 ns, incremented to 1674.0733 ns
pillbox rf_d_11: Time OK  timeOffset=1674.3769 ns, incremented to 1674.3769 ns
pillbox rf_e_11: Time OK  timeOffset=1674.6805 ns, incremented to 1674.6805 ns
pillbox rf_b_12: Time OK  timeOffset=1676.7289 ns, incremented to 1676.7289 ns
pillbox rf_c_12: Time OK  timeOffset=1677.0325 ns, incremented to 1677.0325 ns
pillbox rf_d_12: Time OK  timeOffset=1677.3361 ns, incremented to 1677.3361 ns
pillbox rf_e_12: Time OK  timeOffset=1677.6397 ns, incremented to 1677.6397 ns
pillbox rf_b_13: Time OK  timeOffset=1679.6881 ns, incremented to 1679.6881 ns
pillbox rf_c_13: Time OK  timeOffset=1679.9917 ns, incremented to 1679.9917 ns
pillbox rf_d_13: Time OK  timeOffset=1680.2953 ns, incremented to 1680.2953 ns
pillbox rf_e_13: Time OK  timeOffset=1680.5988 ns, incremented to 1680.5988 ns
pillbox rf_b_14: Time OK  timeOffset=1682.6473 ns, incremented to 1682.6473 ns
pillbox rf_c_14: Time OK  timeOffset=1682.9509 ns, incremented to 1682.9509 ns
pillbox rf_d_14: Time OK  timeOffset=1683.2544 ns, incremented to 1683.2544 ns
pillbox rf_e_14: Time OK  timeOffset=1683.5580 ns, incremented to 1683.5580 ns
pillbox rf_b_15: Time OK  timeOffset=1685.6065 ns, incremented to 1685.6065 ns
pillbox rf_c_15: Time OK  timeOffset=1685.9100 ns, incremented to 1685.9100 ns
pillbox rf_d_15: Time OK  timeOffset=1686.2136 ns, incremented to 1686.2136 ns
pillbox rf_e_15: Time OK  timeOffset=1686.5172 ns, incremented to 1686.5172 ns
pillbox rf_b_16: Time OK  timeOffset=1688.5656 ns, incremented to 1688.5656 ns
pillbox rf_c_16: Time OK  timeOffset=1688.8692 ns, incremented to 1688.8692 ns
pillbox rf_d_16: Time OK  timeOffset=1689.1728 ns, incremented to 1689.1728 ns
pillbox rf_e_16: Time OK  timeOffset=1689.4764 ns, incremented to 1689.4764 ns
pillbox rf_b_17: Time OK  timeOffset=1691.5248 ns, incremented to 1691.5248 ns
pillbox rf_c_17: Time OK  timeOffset=1691.8284 ns, incremented to 1691.8284 ns
pillbox rf_d_17: Time OK  timeOffset=1692.1320 ns, incremented to 1692.1320 ns
pillbox rf_e_17: Time OK  timeOffset=1692.4356 ns, incremented to 1692.4356 ns
pillbox rf_b_18: Time OK  timeOffset=1694.4840 ns, incremented to 1694.4840 ns
pillbox rf_c_18: Time OK  timeOffset=1694.7876 ns, incremented to 1694.7876 ns
pillbox rf_d_18: Time OK  timeOffset=1695.0912 ns, incremented to 1695.0912 ns
pillbox rf_e_18: Time OK  timeOffset=1695.3948 ns, incremented to 1695.3948 ns
pillbox rf_b_19: Time OK  timeOffset=1697.4432 ns, incremented to 1697.4432 ns
pillbox rf_c_19: Time OK  timeOffset=1697.7468 ns, incremented to 1697.7468 ns
pillbox rf_d_19: Time OK  timeOffset=1698.0504 ns, incremented to 1698.0504 ns
pillbox rf_e_19: Time OK  timeOffset=1698.3539 ns, incremented to 1698.3539 ns
pillbox rf_b_20: Time OK  timeOffset=1700.4024 ns, incremented to 1700.4024 ns
pillbox rf_c_20: Time OK  timeOffset=1700.7060 ns, incremented to 1700.7060 ns
pillbox rf_d_20: Time OK  timeOffset=1701.0095 ns, incremented to 1701.0095 ns
pillbox rf_e_20: Time OK  timeOffset=1701.3131 ns, incremented to 1701.3131 ns
pillbox rf_b_21: Time OK  timeOffset=1703.3616 ns, incremented to 1703.3616 ns
pillbox rf_c_21: Time OK  timeOffset=1703.6651 ns, incremented to 1703.6651 ns
pillbox rf_d_21: Time OK  timeOffset=1703.9687 ns, incremented to 1703.9687 ns
pillbox rf_e_21: Time OK  timeOffset=1704.2723 ns, incremented to 1704.2723 ns
pillbox rf_b_22: Time OK  timeOffset=1706.3207 ns, incremented to 1706.3207 ns
pillbox rf_c_22: Time OK  timeOffset=1706.6243 ns, incremented to 1706.6243 ns
pillbox rf_d_22: Time OK  timeOffset=1706.9279 ns, incremented to 1706.9279 ns
pillbox rf_e_22: Time OK  timeOffset=1707.2315 ns, incremented to 1707.2315 ns
pillbox rf_b_23: Time OK  timeOffset=1709.2799 ns, incremented to 1709.2799 ns
pillbox rf_c_23: Time OK  timeOffset=1709.5835 ns, incremented to 1709.5835 ns
pillbox rf_d_23: Time OK  timeOffset=1709.8871 ns, incremented to 1709.8871 ns
pillbox rf_e_23: Time OK  timeOffset=1710.1907 ns, incremented to 1710.1907 ns
pillbox rf_b_24: Time OK  timeOffset=1712.2391 ns, incremented to 1712.2391 ns
pillbox rf_c_24: Time OK  timeOffset=1712.5427 ns, incremented to 1712.5427 ns
pillbox rf_d_24: Time OK  timeOffset=1712.8463 ns, incremented to 1712.8463 ns
pillbox rf_e_24: Time OK  timeOffset=1713.1499 ns, incremented to 1713.1499 ns
pillbox rf_b_25: Time OK  timeOffset=1715.1983 ns, incremented to 1715.1983 ns
pillbox rf_c_25: Time OK  timeOffset=1715.5019 ns, incremented to 1715.5019 ns
pillbox rf_d_25: Time OK  timeOffset=1715.8055 ns, incremented to 1715.8055 ns
pillbox rf_e_25: Time OK  timeOffset=1716.1090 ns, incremented to 1716.1090 ns
pillbox rf_b_26: Time OK  timeOffset=1718.1575 ns, incremented to 1718.1575 ns
pillbox rf_c_26: Time OK  timeOffset=1718.4611 ns, incremented to 1718.4611 ns
pillbox rf_d_26: Time OK  timeOffset=1718.7646 ns, incremented to 1718.7646 ns
pillbox rf_e_26: Time OK  timeOffset=1719.0682 ns, incremented to 1719.0682 ns
pillbox rf_b_27: Time OK  timeOffset=1721.1167 ns, incremented to 1721.1167 ns
pillbox rf_c_27: Time OK  timeOffset=1721.4202 ns, incremented to 1721.4202 ns
pillbox rf_d_27: Time OK  timeOffset=1721.7238 ns, incremented to 1721.7238 ns
pillbox rf_e_27: Time OK  timeOffset=1722.0274 ns, incremented to 1722.0274 ns
pillbox rf_b_28: Time OK  timeOffset=1724.0758 ns, incremented to 1724.0758 ns
pillbox rf_c_28: Time OK  timeOffset=1724.3794 ns, incremented to 1724.3794 ns
pillbox rf_d_28: Time OK  timeOffset=1724.6830 ns, incremented to 1724.6830 ns
pillbox rf_e_28: Time OK  timeOffset=1724.9866 ns, incremented to 1724.9866 ns
pillbox rf_b_29: Time OK  timeOffset=1727.0350 ns, incremented to 1727.0350 ns
pillbox rf_c_29: Time OK  timeOffset=1727.3386 ns, incremented to 1727.3386 ns
pillbox rf_d_29: Time OK  timeOffset=1727.6422 ns, incremented to 1727.6422 ns
pillbox rf_e_29: Time OK  timeOffset=1727.9458 ns, incremented to 1727.9458 ns
pillbox rf_b_30: Time OK  timeOffset=1729.9942 ns, incremented to 1729.9942 ns
pillbox rf_c_30: Time OK  timeOffset=1730.2978 ns, incremented to 1730.2978 ns
pillbox rf_d_30: Time OK  timeOffset=1730.6014 ns, incremented to 1730.6014 ns
pillbox rf_e_30: Time OK  timeOffset=1730.9050 ns, incremented to 1730.9050 ns
pillbox rf_b_31: Time OK  timeOffset=1732.9534 ns, incremented to 1732.9534 ns
pillbox rf_c_31: Time OK  timeOffset=1733.2570 ns, incremented to 1733.2570 ns
pillbox rf_d_31: Time OK  timeOffset=1733.5606 ns, incremented to 1733.5606 ns
pillbox rf_e_31: Time OK  timeOffset=1733.8641 ns, incremented to 1733.8641 ns
pillbox rf_b_32: Time OK  timeOffset=1735.9126 ns, incremented to 1735.9126 ns
pillbox rf_c_32: Time OK  timeOffset=1736.2162 ns, incremented to 1736.2162 ns
pillbox rf_d_32: Time OK  timeOffset=1736.5197 ns, incremented to 1736.5197 ns
pillbox rf_e_32: Time OK  timeOffset=1736.8233 ns, incremented to 1736.8233 ns
pillbox rf_b_33: Time OK  timeOffset=1738.8718 ns, incremented to 1738.8718 ns
pillbox rf_c_33: Time OK  timeOffset=1739.1753 ns, incremented to 1739.1753 ns
pillbox rf_d_33: Time OK  timeOffset=1739.4789 ns, incremented to 1739.4789 ns
pillbox rf_e_33: Time OK  timeOffset=1739.7825 ns, incremented to 1739.7825 ns
pillbox rf_b_34: Time OK  timeOffset=1741.8310 ns, incremented to 1741.8310 ns
pillbox rf_c_34: Time OK  timeOffset=1742.1345 ns, incremented to 1742.1345 ns
pillbox rf_d_34: Time OK  timeOffset=1742.4381 ns, incremented to 1742.4381 ns
pillbox rf_e_34: Time OK  timeOffset=1742.7417 ns, incremented to 1742.7417 ns
pillbox rf_b_35: Time OK  timeOffset=1744.7901 ns, incremented to 1744.7901 ns
pillbox rf_c_35: Time OK  timeOffset=1745.0937 ns, incremented to 1745.0937 ns
pillbox rf_d_35: Time OK  timeOffset=1745.3973 ns, incremented to 1745.3973 ns
pillbox rf_e_35: Time OK  timeOffset=1745.7009 ns, incremented to 1745.7009 ns
pillbox rf_b_36: Time OK  timeOffset=1747.7493 ns, incremented to 1747.7493 ns
pillbox rf_c_36: Time OK  timeOffset=1748.0529 ns, incremented to 1748.0529 ns
pillbox rf_d_36: Time OK  timeOffset=1748.3565 ns, incremented to 1748.3565 ns
pillbox rf_e_36: Time OK  timeOffset=1748.6601 ns, incremented to 1748.6601 ns
pillbox rf_b_37: Time OK  timeOffset=1750.7085 ns, incremented to 1750.7085 ns
pillbox rf_c_37: Time OK  timeOffset=1751.0121 ns, incremented to 1751.0121 ns
pillbox rf_d_37: Time OK  timeOffset=1751.3157 ns, incremented to 1751.3157 ns
pillbox rf_e_37: Time OK  timeOffset=1751.6192 ns, incremented to 1751.6192 ns
pillbox rf_b_38: Time OK  timeOffset=1753.6677 ns, incremented to 1753.6677 ns
pillbox rf_c_38: Time OK  timeOffset=1753.9713 ns, incremented to 1753.9713 ns
pillbox rf_d_38: Time OK  timeOffset=1754.2748 ns, incremented to 1754.2748 ns
pillbox rf_e_38: Time OK  timeOffset=1754.5784 ns, incremented to 1754.5784 ns
pillbox rf_b_39: Time OK  timeOffset=1756.6269 ns, incremented to 1756.6269 ns
pillbox rf_c_39: Time OK  timeOffset=1756.9305 ns, incremented to 1756.9305 ns
pillbox rf_d_39: Time OK  timeOffset=1757.2340 ns, incremented to 1757.2340 ns
pillbox rf_e_39: Time OK  timeOffset=1757.5376 ns, incremented to 1757.5376 ns
pillbox rf_b_40: Time OK  timeOffset=1759.5861 ns, incremented to 1759.5861 ns
pillbox rf_c_40: Time OK  timeOffset=1759.8896 ns, incremented to 1759.8896 ns
pillbox rf_d_40: Time OK  timeOffset=1760.1932 ns, incremented to 1760.1932 ns
pillbox rf_e_40: Time OK  timeOffset=1760.4968 ns, incremented to 1760.4968 ns
pillbox rf_b_41: Time OK  timeOffset=1762.5452 ns, incremented to 1762.5452 ns
pillbox rf_c_41: Time OK  timeOffset=1762.8488 ns, incremented to 1762.8488 ns
pillbox rf_d_41: Time OK  timeOffset=1763.1524 ns, incremented to 1763.1524 ns
pillbox rf_e_41: Time OK  timeOffset=1763.4560 ns, incremented to 1763.4560 ns
pillbox rf_b_42: Time OK  timeOffset=1765.5044 ns, incremented to 1765.5044 ns
pillbox rf_c_42: Time OK  timeOffset=1765.8080 ns, incremented to 1765.8080 ns
pillbox rf_d_42: Time OK  timeOffset=1766.1116 ns, incremented to 1766.1116 ns
pillbox rf_e_42: Time OK  timeOffset=1766.4152 ns, incremented to 1766.4152 ns
pillbox rf_b_43: Time OK  timeOffset=1768.4636 ns, incremented to 1768.4636 ns
pillbox rf_c_43: Time OK  timeOffset=1768.7672 ns, incremented to 1768.7672 ns
pillbox rf_d_43: Time OK  timeOffset=1769.0708 ns, incremented to 1769.0708 ns
pillbox rf_e_43: Time OK  timeOffset=1769.3743 ns, incremented to 1769.3743 ns
pillbox rf_b_44: Time OK  timeOffset=1771.4228 ns, incremented to 1771.4228 ns
pillbox rf_c_44: Time OK  timeOffset=1771.7264 ns, incremented to 1771.7264 ns
pillbox rf_d_44: Time OK  timeOffset=1772.0300 ns, incremented to 1772.0300 ns
pillbox rf_e_44: Time OK  timeOffset=1772.3335 ns, incremented to 1772.3335 ns
pillbox rf_b_45: Time OK  timeOffset=1774.3820 ns, incremented to 1774.3820 ns
pillbox rf_c_45: Time OK  timeOffset=1774.6856 ns, incremented to 1774.6856 ns
pillbox rf_d_45: Time OK  timeOffset=1774.9891 ns, incremented to 1774.9891 ns
pillbox rf_e_45: Time OK  timeOffset=1775.2927 ns, incremented to 1775.2927 ns
pillbox rf_b_46: Time OK  timeOffset=1777.3412 ns, incremented to 1777.3412 ns
pillbox rf_c_46: Time OK  timeOffset=1777.6447 ns, incremented to 1777.6447 ns
pillbox rf_d_46: Time OK  timeOffset=1777.9483 ns, incremented to 1777.9483 ns
pillbox rf_e_46: Time OK  timeOffset=1778.2519 ns, incremented to 1778.2519 ns
pillbox rf_b_47: Time OK  timeOffset=1780.3003 ns, incremented to 1780.3003 ns
pillbox rf_c_47: Time OK  timeOffset=1780.6039 ns, incremented to 1780.6039 ns
pillbox rf_d_47: Time OK  timeOffset=1780.9075 ns, incremented to 1780.9075 ns
pillbox rf_e_47: Time OK  timeOffset=1781.2111 ns, incremented to 1781.2111 ns
pillbox rf_b_48: Time OK  timeOffset=1783.2595 ns, incremented to 1783.2595 ns
pillbox rf_c_48: Time OK  timeOffset=1783.5631 ns, incremented to 1783.5631 ns
pillbox rf_d_48: Time OK  timeOffset=1783.8667 ns, incremented to 1783.8667 ns
pillbox rf_e_48: Time OK  timeOffset=1784.1703 ns, incremented to 1784.1703 ns
pillbox rf_b_49: Time OK  timeOffset=1786.2187 ns, incremented to 1786.2187 ns
pillbox rf_c_49: Time OK  timeOffset=1786.5223 ns, incremented to 1786.5223 ns
pillbox rf_d_49: Time OK  timeOffset=1786.8259 ns, incremented to 1786.8259 ns
pillbox rf_e_49: Time OK  timeOffset=1787.1295 ns, incremented to 1787.1295 ns
pillbox rf_b_50: Time OK  timeOffset=1789.1779 ns, incremented to 1789.1779 ns
pillbox rf_c_50: Time OK  timeOffset=1789.4815 ns, incremented to 1789.4815 ns
pillbox rf_d_50: Time OK  timeOffset=1789.7851 ns, incremented to 1789.7851 ns
pillbox rf_e_50: Time OK  timeOffset=1790.0886 ns, incremented to 1790.0886 ns
pillbox rf_b_51: Time OK  timeOffset=1792.1371 ns, incremented to 1792.1371 ns
pillbox rf_c_51: Time OK  timeOffset=1792.4407 ns, incremented to 1792.4407 ns
pillbox rf_d_51: Time OK  timeOffset=1792.7442 ns, incremented to 1792.7442 ns
pillbox rf_e_51: Time OK  timeOffset=1793.0478 ns, incremented to 1793.0478 ns
pillbox rf_b_52: Time OK  timeOffset=1795.0963 ns, incremented to 1795.0963 ns
pillbox rf_c_52: Time OK  timeOffset=1795.3998 ns, incremented to 1795.3998 ns
pillbox rf_d_52: Time OK  timeOffset=1795.7034 ns, incremented to 1795.7034 ns
pillbox rf_e_52: Time OK  timeOffset=1796.0070 ns, incremented to 1796.0070 ns
pillbox rf_b_53: Time OK  timeOffset=1798.0554 ns, incremented to 1798.0554 ns
pillbox rf_c_53: Time OK  timeOffset=1798.3590 ns, incremented to 1798.3590 ns
pillbox rf_d_53: Time OK  timeOffset=1798.6626 ns, incremented to 1798.6626 ns
pillbox rf_e_53: Time OK  timeOffset=1798.9662 ns, incremented to 1798.9662 ns
pillbox rf_b_54: Time OK  timeOffset=1801.0146 ns, incremented to 1801.0146 ns
pillbox rf_c_54: Time OK  timeOffset=1801.3182 ns, incremented to 1801.3182 ns
pillbox rf_d_54: Time OK  timeOffset=1801.6218 ns, incremented to 1801.6218 ns
pillbox rf_e_54: Time OK  timeOffset=1801.9254 ns, incremented to 1801.9254 ns
pillbox rf_b_55: Time OK  timeOffset=1803.9738 ns, incremented to 1803.9738 ns
pillbox rf_c_55: Time OK  timeOffset=1804.2774 ns, incremented to 1804.2774 ns
pillbox rf_d_55: Time OK  timeOffset=1804.5810 ns, incremented to 1804.5810 ns
pillbox rf_e_55: Time OK  timeOffset=1804.8846 ns, incremented to 1804.8846 ns
pillbox rf_b_56: Time OK  timeOffset=1806.9330 ns, incremented to 1806.9330 ns
pillbox rf_c_56: Time OK  timeOffset=1807.2366 ns, incremented to 1807.2366 ns
pillbox rf_d_56: Time OK  timeOffset=1807.5402 ns, incremented to 1807.5402 ns
pillbox rf_e_56: Time OK  timeOffset=1807.8437 ns, incremented to 1807.8437 ns
pillbox rf_b_57: Time OK  timeOffset=1809.8922 ns, incremented to 1809.8922 ns
pillbox rf_c_57: Time OK  timeOffset=1810.1958 ns, incremented to 1810.1958 ns
pillbox rf_d_57: Time OK  timeOffset=1810.4993 ns, incremented to 1810.4993 ns
pillbox rf_e_57: Time OK  timeOffset=1810.8029 ns, incremented to 1810.8029 ns
pillbox rf_b_58: Time OK  timeOffset=1812.8514 ns, incremented to 1812.8514 ns
pillbox rf_c_58: Time OK  timeOffset=1813.1549 ns, incremented to 1813.1549 ns
pillbox rf_d_58: Time OK  timeOffset=1813.4585 ns, incremented to 1813.4585 ns
pillbox rf_e_58: Time OK  timeOffset=1813.7621 ns, incremented to 1813.7621 ns
pillbox rf_b_59: Time OK  timeOffset=1815.8105 ns, incremented to 1815.8105 ns
pillbox rf_c_59: Time OK  timeOffset=1816.1141 ns, incremented to 1816.1141 ns
pillbox rf_d_59: Time OK  timeOffset=1816.4177 ns, incremented to 1816.4177 ns
pillbox rf_e_59: Time OK  timeOffset=1816.7213 ns, incremented to 1816.7213 ns
pillbox rf_b_60: Time OK  timeOffset=1818.7697 ns, incremented to 1818.7697 ns
pillbox rf_c_60: Time OK  timeOffset=1819.0733 ns, incremented to 1819.0733 ns
pillbox rf_d_60: Time OK  timeOffset=1819.3769 ns, incremented to 1819.3769 ns
pillbox rf_e_60: Time OK  timeOffset=1819.6805 ns, incremented to 1819.6805 ns
Run complete  1 Events  1 seconds
================== Begin Reference Particle(s) ===============
***  Tune and Reference Particles ignore E fields.
***  Tune and Reference Particles ignore B fields.
***  Tune and Reference Particles ignore Energy loss.
Run complete  1 Events  0 seconds
================== Prepare Tracking Beam ==================
Stochastic processes are enabled.
================== Begin Tracking Beam ===============
**************************************************************************
*** G4Exception: Invalid BLTrackFile input
***    severity: Warning
***   issued by: beam command
*** description: File abandoned
**************************************************************************
Run complete  0 Events  0 seconds
NTuple beamDet                0 entries
NTuple TuneParticle        1530 entries
NTuple ReferenceParticle     1651 entries
FOR009.DAT Region 1 z=0.0  1 tracks,  0 unsupported particles ignored
FOR009.DAT Region 2 z=780.0  1 tracks,  0 unsupported particles ignored
FOR009.DAT Region 3 z=1560.0  1 tracks,  0 unsupported particles ignored
FOR009.DAT Region 4 z=2340.0  1 tracks,  0 unsupported particles ignored
FOR009.DAT Region 5 z=3120.0  1 tracks,  0 unsupported particles ignored
FOR009.DAT Region 6 z=3900.0  1 tracks,  0 unsupported particles ignored
FOR009.DAT Region 7 z=4680.0  1 tracks,  0 unsupported particles ignored
FOR009.DAT Region 8 z=5460.0  1 tracks,  0 unsupported particles ignored
FOR009.DAT Region 9 z=6240.0  1 tracks,  0 unsupported particles ignored
FOR009.DAT Region 10 z=7020.0  1 tracks,  0 unsupported particles ignored
FOR009.DAT Region 11 z=7800.0  1 tracks,  0 unsupported particles ignored
FOR009.DAT Region 12 z=8580.0  1 tracks,  0 unsupported particles ignored
FOR009.DAT Region 13 z=9360.0  1 tracks,  0 unsupported particles ignored
FOR009.DAT Region 14 z=10140.0  1 tracks,  0 unsupported particles ignored
FOR009.DAT Region 15 z=10920.0  1 tracks,  0 unsupported particles ignored
FOR009.DAT Region 16 z=11700.0  1 tracks,  0 unsupported particles ignored
FOR009.DAT Region 17 z=12480.0  1 tracks,  0 unsupported particles ignored
FOR009.DAT Region 18 z=13260.0  1 tracks,  0 unsupported particles ignored
FOR009.DAT Region 19 z=14040.0  1 tracks,  0 unsupported particles ignored
FOR009.DAT Region 20 z=14820.0  1 tracks,  0 unsupported particles ignored
FOR009.DAT Region 21 z=15600.0  1 tracks,  0 unsupported particles ignored
FOR009.DAT Region 22 z=16380.0  1 tracks,  0 unsupported particles ignored
FOR009.DAT Region 23 z=17160.0  1 tracks,  0 unsupported particles ignored
FOR009.DAT Region 24 z=17940.0  1 tracks,  0 unsupported particles ignored
FOR009.DAT Region 25 z=18720.0  1 tracks,  0 unsupported particles ignored
FOR009.DAT Region 26 z=19500.0  1 tracks,  0 unsupported particles ignored
FOR009.DAT Region 27 z=20280.0  1 tracks,  0 unsupported particles ignored
FOR009.DAT Region 28 z=21060.0  1 tracks,  0 unsupported particles ignored
FOR009.DAT Region 29 z=21840.0  1 tracks,  0 unsupported particles ignored
FOR009.DAT Region 30 z=22620.0  1 tracks,  0 unsupported particles ignored
FOR009.DAT Region 31 z=23400.0  1 tracks,  0 unsupported particles ignored
FOR009.DAT Region 32 z=24180.0  1 tracks,  0 unsupported particles ignored
FOR009.DAT Region 33 z=24960.0  1 tracks,  0 unsupported particles ignored
FOR009.DAT Region 34 z=25740.0  1 tracks,  0 unsupported particles ignored
FOR009.DAT Region 35 z=26520.0  1 tracks,  0 unsupported particles ignored
FOR009.DAT Region 36 z=27300.0  1 tracks,  0 unsupported particles ignored
FOR009.DAT Region 37 z=28080.0  1 tracks,  0 unsupported particles ignored
FOR009.DAT Region 38 z=28860.0  1 tracks,  0 unsupported particles ignored
FOR009.DAT Region 39 z=29640.0  1 tracks,  0 unsupported particles ignored
FOR009.DAT Region 40 z=30420.0  1 tracks,  0 unsupported particles ignored
FOR009.DAT Region 41 z=31200.0  1 tracks,  0 unsupported particles ignored
FOR009.DAT Region 42 z=31980.0  1 tracks,  0 unsupported particles ignored
FOR009.DAT Region 43 z=32760.0  1 tracks,  0 unsupported particles ignored
FOR009.DAT Region 44 z=33540.0  1 tracks,  0 unsupported particles ignored
FOR009.DAT Region 45 z=34320.0  1 tracks,  0 unsupported particles ignored
FOR009.DAT Region 46 z=35100.0  1 tracks,  0 unsupported particles ignored
FOR009.DAT Region 47 z=35880.0  1 tracks,  0 unsupported particles ignored
FOR009.DAT Region 48 z=36660.0  1 tracks,  0 unsupported particles ignored
FOR009.DAT Region 49 z=37440.0  1 tracks,  0 unsupported particles ignored
FOR009.DAT Region 50 z=38220.0  1 tracks,  0 unsupported particles ignored
FOR009.DAT Region 51 z=39000.0  1 tracks,  0 unsupported particles ignored
FOR009.DAT Region 52 z=39780.0  1 tracks,  0 unsupported particles ignored
FOR009.DAT Region 53 z=40560.0  1 tracks,  0 unsupported particles ignored
FOR009.DAT Region 54 z=41340.0  1 tracks,  0 unsupported particles ignored
FOR009.DAT Region 55 z=42120.0  1 tracks,  0 unsupported particles ignored
FOR009.DAT Region 56 z=42900.0  1 tracks,  0 unsupported particles ignored
FOR009.DAT Region 57 z=43680.0  1 tracks,  0 unsupported particles ignored
FOR009.DAT Region 58 z=44460.0  1 tracks,  0 unsupported particles ignored
FOR009.DAT Region 59 z=45240.0  1 tracks,  0 unsupported particles ignored
FOR009.DAT Region 60 z=46020.0  1 tracks,  0 unsupported particles ignored
FOR009.DAT Region 61 z=46800.0  1 tracks,  0 unsupported particles ignored
NTuple wrote Root File 'g4beamline.root'

Exceptions: 0 Fatal, 0 Events Aborted, 0 Stuck Tracks (stopped), 218 Warnings
      1 times: Check number of field voxels
      1 times: EM Field Extends Outside World
     61 times: GeomVol1002
    154 times: Geometry Error
      1 times: Invalid BLTrackFile input
g4beamline: simulation complete
