#BLTrackFile solenoid_cooling_channel
#x y z Px Py Pz t PDGid EvNum TrkId Parent weight
-5.844740 -8.474280 0 0.000000 0.000000 203.000000 778.698000 -13 1 1 0 1.000000
-9.664340 5.843170 0 1.179300 -10.349000 210.303000 778.702000 -13 2 1 0 1.000000
-7.023200 -5.805930 0 -5.846140 18.941600 204.341000 778.893000 -13 3 1 0 1.000000
-1.054770 -9.848810 0 5.810770 -1.979200 215.777000 778.691000 -13 4 1 0 1.000000
0.265472 -18.029000 0 0.098594 -4.059250 186.337000 778.826000 -13 5 1 0 1.000000
-13.618200 -16.478500 0 -6.454980 -24.109700 214.358000 778.744000 -13 6 1 0 1.000000
0.384922 -7.681070 0 -18.562200 -8.053060 196.551000 778.767000 -13 7 1 0 1.000000
-11.440900 -3.664020 0 3.590160 -3.163660 217.029000 778.669000 -13 8 1 0 1.000000
-13.292800 -16.089500 0 -0.700588 13.197000 221.174000 778.918000 -13 9 1 0 1.000000
-5.203450 -0.490364 0 0.899059 -7.232940 193.536000 778.566000 -13 10 1 0 1.000000
8.286600 -16.996800 0 -0.696111 8.344370 196.010000 778.760000 -13 11 1 0 1.000000
2.896250 -25.476800 0 -1.180540 6.931440 206.199000 778.722000 -13 12 1 0 1.000000
1.032590 -11.962200 0 -2.303260 6.472290 203.041000 778.759000 -13 13 1 0 1.000000
-9.822090 -20.379300 0 -1.055820 -13.099900 200.914000 778.949000 -13 14 1 0 1.000000
-0.153610 -5.678270 0 13.342300 -2.669190 203.581000 778.740000 -13 15 1 0 1.000000
-16.499900 -13.058100 0 -18.009400 3.789420 211.463000 778.855000 -13 16 1 0 1.000000
0.617042 -20.768800 0 2.590250 2.313790 219.670000 778.622000 -13 17 1 0 1.000000
14.918500 -21.275500 0 -3.409090 16.082000 193.806000 778.881000 -13 18 1 0 1.000000
6.509140 8.019270 0 -12.666500 -20.638000 188.424000 778.554000 -13 19 1 0 1.000000
-4.324350 -10.328300 0 -11.124700 15.376000 207.488000 778.568000 -13 20 1 0 1.000000
-16.244000 2.034530 0 8.728960 -13.035500 215.992000 778.726000 -13 21 1 0 1.000000
-6.707140 -4.967550 0 -7.407390 -5.772930 207.917000 778.821000 -13 22 1 0 1.000000
-29.755900 -12.271400 0 1.601410 -8.402780 205.266000 778.931000 -13 23 1 0 1.000000
-2.886670 -8.189270 0 -10.589100 6.047650 197.334000 778.704000 -13 24 1 0 1.000000
-6.379770 -10.160200 0 2.239080 10.510600 194.558000 779.073000 -13 25 1 0 1.000000
1.560660 -4.889580 0 -16.585100 -2.143720 196.813000 778.893000 -13 26 1 0 1.000000
0.901250 -7.247150 0 29.182900 1.130530 191.913000 778.878000 -13 27 1 0 1.000000
-15.309400 1.103790 0 -1.357910 -0.718319 189.056000 778.576000 -13 28 1 0 1.000000
11.781200 -3.955730 0 7.196050 3.160410 206.654000 778.844000 -13 29 1 0 1.000000
-0.641090 -30.647000 0 -9.590490 8.959460 215.939000 778.718000 -13 30 1 0 1.000000
-2.027610 -18.968300 0 -2.455950 13.438000 213.377000 778.819000 -13 31 1 0 1.000000
0.821467 -26.109600 0 9.141060 -12.631700 190.515000 778.878000 -13 32 1 0 1.000000
13.380600 -17.060300 0 -2.184170 6.561110 200.819000 778.856000 -13 33 1 0 1.000000
-2.006440 -5.873200 0 -13.533100 -7.205950 204.243000 778.613000 -13 34 1 0 1.000000
-18.904900 -3.706920 0 -10.539700 3.579900 208.794000 778.564000 -13 35 1 0 1.000000
18.326900 -27.378100 0 2.745560 6.277180 223.472000 778.564000 -13 36 1 0 1.000000
2.967540 -20.476400 0 4.316480 -6.349760 202.000000 778.545000 -13 37 1 0 1.000000
-15.087700 -9.935600 0 0.021839 5.522720 230.271000 778.884000 -13 38 1 0 1.000000
1.742090 3.048230 0 10.756600 -17.674400 226.696000 778.989000 -13 39 1 0 1.000000
1.063070 -8.499500 0 9.654460 -8.434390 207.851000 778.896000 -13 40 1 0 1.000000
-4.836530 -3.005140 0 1.526300 -10.706900 188.813000 778.843000 -13 41 1 0 1.000000
-8.507660 -22.316500 0 -5.091000 13.528400 208.290000 778.866000 -13 42 1 0 1.000000
-8.567880 0.150020 0 -6.052250 13.654700 218.543000 778.991000 -13 43 1 0 1.000000
-48.199700 -14.599200 0 -31.272600 -1.182830 214.376000 779.022000 -13 44 1 0 1.000000
-15.547900 -1.985280 0 -6.285530 -0.434417 211.258000 778.733000 -13 45 1 0 1.000000
-7.049850 -6.849140 0 -5.206120 -7.178840 217.188000 778.722000 -13 46 1 0 1.000000
-8.284420 -4.257980 0 -2.032380 25.273100 218.178000 778.718000 -13 47 1 0 1.000000
-8.245240 -16.776200 0 3.616960 5.824800 219.684000 778.539000 -13 48 1 0 1.000000
-0.552004 -16.187900 0 6.743480 16.104000 222.222000 778.732000 -13 49 1 0 1.000000
-7.371910 -5.842460 0 1.959790 -9.957760 213.931000 778.537000 -13 50 1 0 1.000000
-12.007900 5.018510 0 2.561890 -5.150430 204.236000 778.656000 -13 51 1 0 1.000000
10.357400 -18.230500 0 -11.504300 -9.616730 195.617000 778.817000 -13 52 1 0 1.000000
10.772100 -19.069800 0 0.007505 9.691750 199.831000 778.783000 -13 53 1 0 1.000000
-14.836100 -8.486320 0 1.605910 5.554240 203.602000 778.594000 -13 54 1 0 1.000000
-32.010200 -10.098400 0 4.447530 3.383490 197.093000 778.570000 -13 55 1 0 1.000000
-16.475600 15.227600 0 -1.409740 30.386300 213.312000 778.627000 -13 56 1 0 1.000000
12.334800 12.297700 0 -10.092200 -9.797220 204.317000 778.782000 -13 57 1 0 1.000000
30.725100 -16.509600 0 -20.860900 10.247700 215.083000 778.563000 -13 58 1 0 1.000000
8.672010 -1.194390 0 -17.141000 -11.106100 211.882000 778.686000 -13 59 1 0 1.000000
9.105090 9.361160 0 -1.528050 -22.600600 190.396000 778.767000 -13 60 1 0 1.000000
-7.932660 -10.050800 0 11.890300 -6.592160 223.138000 778.629000 -13 61 1 0 1.000000
0.484869 -11.258200 0 13.575800 -2.099820 215.198000 778.797000 -13 62 1 0 1.000000
-6.371870 -19.552100 0 1.006740 1.426730 225.679000 778.644000 -13 63 1 0 1.000000
-9.807840 -11.099000 0 -12.409700 1.241820 219.338000 778.740000 -13 64 1 0 1.000000
3.824470 12.327100 0 18.754300 -11.822200 204.003000 778.740000 -13 65 1 0 1.000000
-7.087510 -8.237200 0 -2.695870 -2.091060 208.377000 778.643000 -13 66 1 0 1.000000
-6.027610 -14.173400 0 4.196140 2.843190 208.395000 778.680000 -13 67 1 0 1.000000
-14.920200 -9.869020 0 8.875420 -3.907420 216.882000 778.845000 -13 68 1 0 1.000000
-15.875500 14.964700 0 5.061130 -5.616830 217.599000 778.767000 -13 69 1 0 1.000000
-5.715270 -5.284450 0 -7.146280 12.311300 208.418000 778.275000 -13 70 1 0 1.000000
-7.850410 -1.358890 0 3.565800 7.643840 212.643000 778.602000 -13 71 1 0 1.000000
-23.053700 -12.027800 0 6.548200 7.150870 185.465000 778.919000 -13 72 1 0 1.000000
-11.494000 -14.348600 0 12.407400 0.698469 221.731000 778.642000 -13 73 1 0 1.000000
-11.402200 3.119300 0 -9.298300 -8.126430 195.582000 778.888000 -13 74 1 0 1.000000
-13.227800 -12.401200 0 -2.070170 -3.284390 184.293000 778.809000 -13 75 1 0 1.000000
-16.139400 -11.180200 0 9.207410 14.397100 211.117000 778.650000 -13 76 1 0 1.000000
-6.072900 -2.947450 0 6.603250 0.383768 219.238000 778.822000 -13 77 1 0 1.000000
-5.045850 -4.903690 0 -2.200540 9.446470 208.528000 778.944000 -13 78 1 0 1.000000
-15.631000 -39.917000 0 -8.825830 -0.684706 209.711000 778.419000 -13 79 1 0 1.000000
-6.692210 -9.629750 0 13.678200 -2.138290 211.234000 778.800000 -13 80 1 0 1.000000
-6.229510 -13.994500 0 -0.956268 7.253600 216.571000 778.753000 -13 81 1 0 1.000000
6.333490 -1.539390 0 -13.105100 3.023380 217.517000 778.767000 -13 82 1 0 1.000000
-7.969600 -0.812531 0 -7.421780 8.546300 211.143000 778.707000 -13 83 1 0 1.000000
-17.112600 -16.963800 0 17.868100 6.113030 217.534000 778.633000 -13 84 1 0 1.000000
-2.068090 4.973740 0 -9.009900 -23.484300 230.492000 778.833000 -13 85 1 0 1.000000
-2.160970 -9.732770 0 13.011200 -20.995700 226.733000 778.676000 -13 86 1 0 1.000000
-7.729000 -8.024030 0 -7.162070 -1.374780 193.697000 778.723000 -13 87 1 0 1.000000
-1.998230 -18.833300 0 -4.090980 -2.955010 210.936000 778.730000 -13 88 1 0 1.000000
-19.368700 -13.554900 0 4.489370 -8.426570 212.517000 778.898000 -13 89 1 0 1.000000
-14.572800 -19.874600 0 -20.263900 -5.174420 226.693000 778.615000 -13 90 1 0 1.000000
-21.078800 -8.593700 0 -9.310410 0.050203 228.249000 778.705000 -13 91 1 0 1.000000
-1.678700 2.261010 0 -4.999890 6.583260 208.871000 778.443000 -13 92 1 0 1.000000
-11.331700 -4.128980 0 -6.673600 -9.644080 203.208000 778.583000 -13 93 1 0 1.000000
-34.906900 -11.528800 0 -19.461900 14.931600 215.482000 778.640000 -13 94 1 0 1.000000
0.015148 -3.166590 0 -11.696600 -4.013940 212.734000 778.472000 -13 95 1 0 1.000000
1.851400 0.028075 0 -4.248130 1.897060 209.344000 778.663000 -13 96 1 0 1.000000
-7.160440 -24.200200 0 -8.659750 8.719740 220.828000 778.698000 -13 97 1 0 1.000000
-13.723900 5.354300 0 8.489080 -4.912030 201.703000 778.726000 -13 98 1 0 1.000000
6.298240 0.959007 0 -8.449160 -6.311720 202.444000 778.556000 -13 99 1 0 1.000000
-5.613770 14.107000 0 -0.590450 -3.818800 216.777000 779.033000 -13 100 1 0 1.000000
16.579600 -24.344600 0 -4.164350 -10.432000 223.694000 778.926000 -13 101 1 0 1.000000
-8.737120 -1.920580 0 1.592500 -1.094330 197.660000 778.543000 -13 102 1 0 1.000000
7.417810 -10.764300 0 13.316400 -15.371500 207.090000 778.510000 -13 103 1 0 1.000000
-14.805100 1.295800 0 25.969100 25.926400 207.312000 778.994000 -13 104 1 0 1.000000
-11.057500 -21.468900 0 -6.390610 -2.927960 207.035000 778.566000 -13 105 1 0 1.000000
-1.840560 -17.001300 0 17.117400 -14.573700 195.732000 778.719000 -13 106 1 0 1.000000
-12.590500 1.284880 0 -11.638800 -5.457610 220.097000 778.730000 -13 107 1 0 1.000000
-14.549700 -19.666800 0 -9.990030 -17.145700 197.025000 778.808000 -13 108 1 0 1.000000
-0.567562 -5.468390 0 8.064880 7.155430 201.201000 778.798000 -13 109 1 0 1.000000
-21.057900 -9.007120 0 5.710430 11.339800 196.923000 778.719000 -13 110 1 0 1.000000
-2.431660 -23.640200 0 -10.415900 2.012730 198.278000 778.865000 -13 111 1 0 1.000000
-18.977700 7.100230 0 -16.176000 9.314030 191.356000 778.734000 -13 112 1 0 1.000000
-25.061800 -14.900800 0 31.551900 31.143300 224.567000 778.507000 -13 113 1 0 1.000000
-9.065690 -14.742500 0 3.071660 -15.717100 209.706000 778.634000 -13 114 1 0 1.000000
-8.567500 5.424650 0 -6.189360 9.817400 213.010000 778.879000 -13 115 1 0 1.000000
-5.493490 -0.904931 0 41.944800 15.466000 208.925000 778.739000 -13 116 1 0 1.000000
-4.071940 -1.393550 0 4.165310 2.251040 212.107000 778.740000 -13 117 1 0 1.000000
-7.071780 -25.748100 0 -6.069110 9.614540 215.990000 778.834000 -13 118 1 0 1.000000
11.659500 -16.377000 0 11.610100 15.181400 218.730000 778.774000 -13 119 1 0 1.000000
-7.457060 -9.731320 0 -17.248000 -4.026010 194.839000 778.923000 -13 120 1 0 1.000000
-11.642000 4.544610 0 8.046640 -15.282300 213.031000 778.730000 -13 121 1 0 1.000000
30.446500 -16.240000 0 -13.611700 -0.838633 212.365000 778.944000 -13 122 1 0 1.000000
-5.764450 -8.641820 0 -17.561500 8.474710 203.141000 778.967000 -13 123 1 0 1.000000
-11.853100 -8.897930 0 -10.750400 9.987810 214.865000 778.804000 -13 124 1 0 1.000000
-0.951277 -12.245000 0 11.685300 -0.483754 195.810000 778.565000 -13 125 1 0 1.000000
15.795200 -13.698000 0 2.178050 14.364200 200.025000 778.557000 -13 126 1 0 1.000000
-6.086370 6.065810 0 2.459840 0.952977 204.820000 778.457000 -13 127 1 0 1.000000
-12.220300 -4.554150 0 -11.691000 -1.031440 206.388000 778.640000 -13 128 1 0 1.000000
-5.247740 -10.769700 0 2.536890 -14.770700 224.899000 779.034000 -13 129 1 0 1.000000
12.158800 -9.147040 0 16.690300 -0.658040 194.375000 778.646000 -13 130 1 0 1.000000
-0.074748 -23.957200 0 -0.594836 -1.647580 209.840000 778.765000 -13 131 1 0 1.000000
-11.430100 -18.774400 0 -16.972700 28.012000 223.565000 778.641000 -13 132 1 0 1.000000
1.220510 -4.718300 0 -10.549000 -16.244900 224.510000 778.869000 -13 133 1 0 1.000000
-4.471310 -10.953400 0 6.909630 -10.479300 188.288000 778.857000 -13 134 1 0 1.000000
3.660080 -2.585670 0 3.441540 -6.923880 199.610000 778.901000 -13 135 1 0 1.000000
0.578361 2.526630 0 14.912500 14.000800 206.299000 778.783000 -13 136 1 0 1.000000
-11.459000 -23.407100 0 2.749650 -15.760700 208.608000 778.854000 -13 137 1 0 1.000000
-17.313000 5.781710 0 -7.832210 -6.458400 194.088000 778.773000 -13 138 1 0 1.000000
3.075950 -15.647900 0 -2.616080 -1.356980 194.009000 778.401000 -13 139 1 0 1.000000
-6.892940 4.280250 0 10.677600 -22.785100 204.721000 778.741000 -13 140 1 0 1.000000
-11.588700 -21.086600 0 9.452700 0.362724 217.624000 778.932000 -13 141 1 0 1.000000
0.631783 -18.751000 0 -5.793040 3.163430 214.562000 778.807000 -13 142 1 0 1.000000
16.532000 -19.151400 0 1.381910 -12.920200 212.509000 778.770000 -13 143 1 0 1.000000
-8.459020 -21.347500 0 -1.164910 -2.272390 214.307000 778.932000 -13 144 1 0 1.000000
-17.947800 -23.121700 0 -8.103160 -16.923800 197.026000 778.641000 -13 145 1 0 1.000000
17.954300 -24.645600 0 -14.050700 6.620800 229.416000 778.601000 -13 146 1 0 1.000000
-24.624700 -9.543670 0 1.397460 2.526210 220.460000 778.771000 -13 147 1 0 1.000000
-6.232120 -17.061900 0 7.355320 15.864200 202.630000 778.864000 -13 148 1 0 1.000000
10.568900 -26.924200 0 2.967650 6.103580 216.632000 778.601000 -13 149 1 0 1.000000
-15.810900 5.689340 0 0.550493 8.980860 210.063000 778.790000 -13 150 1 0 1.000000
-0.624138 -11.187100 0 -14.928900 -2.239520 218.413000 778.837000 -13 151 1 0 1.000000
-13.467800 -8.832990 0 7.099680 0.425706 199.350000 778.860000 -13 152 1 0 1.000000
-19.079500 13.520800 0 18.557900 -28.544000 202.805000 778.876000 -13 153 1 0 1.000000
-14.056000 -20.350200 0 -14.691800 -3.788180 209.440000 778.818000 -13 154 1 0 1.000000
-3.391260 -6.443120 0 -1.827500 -4.865430 209.929000 778.801000 -13 155 1 0 1.000000
2.955370 -17.735300 0 0.665205 -15.847200 189.529000 778.824000 -13 156 1 0 1.000000
-26.266400 -2.683620 0 -15.058200 -8.875910 225.121000 778.882000 -13 157 1 0 1.000000
-1.766170 -0.192059 0 1.884870 9.403970 190.623000 778.588000 -13 158 1 0 1.000000
-12.644000 7.889430 0 12.930300 0.753453 206.036000 778.901000 -13 159 1 0 1.000000
-18.236800 -2.897380 0 0.612339 -2.094840 206.937000 778.802000 -13 160 1 0 1.000000
-10.524300 -9.430390 0 7.296040 0.064819 195.245000 778.686000 -13 161 1 0 1.000000
-7.590520 -2.444360 0 0.389480 -5.788160 198.862000 778.844000 -13 162 1 0 1.000000
-15.309600 6.129470 0 27.449800 -1.696640 204.353000 778.760000 -13 163 1 0 1.000000
-14.253600 2.643270 0 4.356450 -11.163500 194.676000 778.768000 -13 164 1 0 1.000000
-8.157460 -12.217900 0 -18.611600 2.927210 216.799000 778.758000 -13 165 1 0 1.000000
-10.467500 4.173460 0 -7.986130 -7.351390 208.313000 778.798000 -13 166 1 0 1.000000
18.697300 -12.602400 0 -2.736480 -1.300450 201.445000 778.859000 -13 167 1 0 1.000000
-0.912163 -1.437250 0 -11.180800 -26.040200 209.338000 778.802000 -13 168 1 0 1.000000
39.096800 -14.277600 0 -15.522500 -16.518000 200.090000 778.766000 -13 169 1 0 1.000000
-7.794360 -13.835600 0 13.432200 -4.597400 217.545000 778.834000 -13 170 1 0 1.000000
-12.289800 -14.120200 0 16.612700 -19.538500 207.168000 778.894000 -13 171 1 0 1.000000
-9.434680 -4.012910 0 18.634100 -1.916260 211.257000 778.723000 -13 172 1 0 1.000000
13.644900 -19.022700 0 -17.507900 2.532890 196.770000 778.858000 -13 173 1 0 1.000000
-22.003200 -10.788300 0 -15.655100 7.476400 203.393000 779.175000 -13 174 1 0 1.000000
-4.651140 -24.179900 0 10.786300 -6.102960 194.869000 778.606000 -13 175 1 0 1.000000
-19.555800 -9.515130 0 -2.705660 -21.657700 219.951000 778.728000 -13 176 1 0 1.000000
-10.872700 -17.911000 0 -5.759340 -16.515800 199.153000 778.722000 -13 177 1 0 1.000000
-4.631100 0.399580 0 18.633400 -18.129800 206.987000 778.596000 -13 178 1 0 1.000000
8.131210 -3.579690 0 -3.164260 10.668900 201.337000 778.952000 -13 179 1 0 1.000000
23.372600 -20.473800 0 -27.216100 8.848400 202.663000 778.871000 -13 180 1 0 1.000000
-4.366950 -4.149000 0 2.320230 -4.264530 210.460000 778.641000 -13 181 1 0 1.000000
-8.904110 -8.701520 0 9.007120 8.497670 226.660000 778.702000 -13 182 1 0 1.000000
-23.059600 -14.840400 0 12.363800 24.517900 209.980000 778.600000 -13 183 1 0 1.000000
-1.036790 -15.861300 0 8.130040 34.818800 234.763000 779.030000 -13 184 1 0 1.000000
-9.481020 0.635238 0 6.115740 -2.751900 197.282000 778.736000 -13 185 1 0 1.000000
-10.675300 -15.601600 0 -2.515860 12.544000 203.195000 778.526000 -13 186 1 0 1.000000
-19.483100 -16.184200 0 13.241400 1.745310 203.287000 778.621000 -13 187 1 0 1.000000
8.979420 -11.170100 0 -2.006570 3.123800 207.052000 778.769000 -13 188 1 0 1.000000
8.311810 6.202090 0 12.986900 12.190500 217.013000 778.819000 -13 189 1 0 1.000000
-8.867190 -0.448574 0 -10.758200 -6.226390 211.814000 778.595000 -13 190 1 0 1.000000
-8.988890 -1.228310 0 -4.328620 -10.251200 198.117000 779.008000 -13 191 1 0 1.000000
-14.024000 -9.505560 0 -2.624310 7.669250 207.544000 778.822000 -13 192 1 0 1.000000
-7.229590 3.503590 0 -8.028990 0.932912 205.723000 778.835000 -13 193 1 0 1.000000
5.248610 18.088000 0 15.812000 -2.311180 204.027000 778.749000 -13 194 1 0 1.000000
-7.870700 -0.293669 0 -18.116400 25.586400 209.750000 778.869000 -13 195 1 0 1.000000
-4.035470 -16.071000 0 9.899950 5.764560 206.562000 778.611000 -13 196 1 0 1.000000
-12.652100 -4.990850 0 -7.083200 9.651730 217.551000 778.862000 -13 197 1 0 1.000000
-31.490900 22.190500 0 -2.746620 16.993100 225.447000 778.529000 -13 198 1 0 1.000000
-13.315600 -6.048880 0 2.535080 12.460000 213.605000 778.646000 -13 199 1 0 1.000000
-9.859360 18.077100 0 3.972380 -1.033320 204.299000 778.827000 -13 200 1 0 1.000000
-0.659286 -7.992280 0 7.604090 1.685190 205.298000 778.636000 -13 201 1 0 1.000000
-9.530040 16.116500 0 8.411450 -20.375300 228.123000 778.702000 -13 202 1 0 1.000000
7.611290 -15.457200 0 -7.065440 23.243000 217.721000 778.972000 -13 203 1 0 1.000000
4.810910 -4.667990 0 -4.197720 -3.829810 202.303000 778.659000 -13 204 1 0 1.000000
19.114200 8.682620 0 0.619829 -21.760000 206.793000 778.741000 -13 205 1 0 1.000000
12.140300 3.643440 0 -13.625400 -17.030500 226.035000 778.680000 -13 206 1 0 1.000000
-14.198900 -13.137000 0 6.400890 -0.021063 218.984000 778.761000 -13 207 1 0 1.000000
35.149200 -19.734900 0 -22.132200 -16.198400 185.441000 778.822000 -13 208 1 0 1.000000
-23.270400 19.007200 0 -2.239210 -1.214310 210.814000 778.587000 -13 209 1 0 1.000000
-21.013700 -21.174000 0 -0.332640 -14.414800 205.824000 778.609000 -13 210 1 0 1.000000
11.705200 9.709600 0 -0.642067 6.053740 194.749000 778.730000 -13 211 1 0 1.000000
14.988200 -16.573600 0 21.750300 -9.083030 205.495000 778.810000 -13 212 1 0 1.000000
-22.116200 -28.011500 0 18.934900 -10.618100 217.667000 778.636000 -13 213 1 0 1.000000
0.210664 -4.232090 0 33.229300 -28.150100 213.497000 778.600000 -13 214 1 0 1.000000
-7.425120 -4.591630 0 7.510560 -5.548260 205.605000 778.675000 -13 215 1 0 1.000000
0.034170 -4.925580 0 -2.105870 -7.324560 207.317000 778.846000 -13 216 1 0 1.000000
-6.501210 -3.779480 0 20.467700 -4.304360 205.273000 778.607000 -13 217 1 0 1.000000
-12.820400 3.358380 0 13.631600 6.435620 214.377000 778.551000 -13 218 1 0 1.000000
-5.995810 -8.166450 0 6.753620 -4.104880 217.760000 778.619000 -13 219 1 0 1.000000
5.525420 3.786920 0 14.934600 -3.311280 197.652000 778.907000 -13 220 1 0 1.000000
-7.076810 -3.086280 0 -0.488359 10.745900 212.041000 778.541000 -13 221 1 0 1.000000
-30.766500 -21.504800 0 -11.468100 -2.729320 214.621000 779.133000 -13 222 1 0 1.000000
7.845800 -22.703100 0 0.307155 2.468110 211.243000 778.490000 -13 223 1 0 1.000000
-9.619960 -9.444340 0 13.485600 -11.392000 216.020000 778.759000 -13 224 1 0 1.000000
-8.904860 -18.358700 0 3.659180 -0.355042 215.668000 778.894000 -13 225 1 0 1.000000
2.605550 -11.744500 0 -32.216800 7.316920 218.586000 778.822000 -13 226 1 0 1.000000
-7.087820 -14.244300 0 0.683216 -8.659080 212.533000 778.845000 -13 227 1 0 1.000000
0.691915 -4.954110 0 -15.956800 -6.739430 209.719000 778.617000 -13 228 1 0 1.000000
-9.383410 -4.392800 0 19.166700 -7.773340 211.156000 778.600000 -13 229 1 0 1.000000
-12.086800 -10.626800 0 0.134724 -12.120500 213.743000 778.646000 -13 230 1 0 1.000000
-2.078080 -0.909541 0 -8.695090 -9.701440 212.827000 778.711000 -13 231 1 0 1.000000
-9.831310 -11.478500 0 -6.700880 -4.378100 196.185000 778.706000 -13 232 1 0 1.000000
16.248600 -14.789800 0 -1.606610 -12.724200 204.016000 778.492000 -13 233 1 0 1.000000
-6.395390 -7.449860 0 -0.945349 -1.721560 199.756000 778.760000 -13 234 1 0 1.000000
2.993800 -1.016340 0 2.548920 5.279160 199.125000 778.594000 -13 235 1 0 1.000000
10.820500 -12.761600 0 8.581500 -35.010800 206.910000 778.610000 -13 236 1 0 1.000000
-8.005190 -1.142820 0 -3.496490 -10.867100 194.376000 778.632000 -13 237 1 0 1.000000
-9.004490 -9.408020 0 -18.008800 28.266700 230.026000 778.651000 -13 238 1 0 1.000000
-7.248540 -21.649000 0 -23.841800 2.454970 212.252000 778.836000 -13 239 1 0 1.000000
7.961750 -11.392500 0 -5.266870 -0.675372 211.852000 778.641000 -13 240 1 0 1.000000
-8.130480 -23.644300 0 1.218170 -4.463790 206.873000 778.893000 -13 241 1 0 1.000000
4.171590 -10.624100 0 -0.858058 1.103500 212.106000 778.881000 -13 242 1 0 1.000000
-17.147800 -7.584440 0 -5.662560 5.560140 214.765000 778.795000 -13 243 1 0 1.000000
2.352730 6.711920 0 -2.493030 -3.949450 210.143000 778.784000 -13 244 1 0 1.000000
-17.424600 -10.172800 0 -25.654400 -5.644460 217.681000 778.867000 -13 245 1 0 1.000000
0.575816 -26.117800 0 -8.873690 -5.301130 213.521000 778.728000 -13 246 1 0 1.000000
1.444550 -21.383800 0 8.449940 -9.606510 210.831000 778.656000 -13 247 1 0 1.000000
14.048400 13.554700 0 -9.512590 -26.795500 204.055000 778.739000 -13 248 1 0 1.000000
-3.566790 -11.781300 0 -2.145490 1.018690 215.937000 778.626000 -13 249 1 0 1.000000
-15.930800 4.647380 0 -3.146420 -1.414580 223.860000 778.851000 -13 250 1 0 1.000000
-14.139300 -7.905870 0 9.398600 -8.987450 201.001000 778.837000 -13 251 1 0 1.000000
-12.509200 -15.190400 0 6.950890 4.152520 203.271000 778.637000 -13 252 1 0 1.000000
4.762140 -8.919350 0 23.068100 6.759880 211.130000 778.570000 -13 253 1 0 1.000000
4.379050 -8.164820 0 -7.813700 -0.723330 205.368000 778.649000 -13 254 1 0 1.000000
-8.835760 -7.008760 0 10.551600 3.842590 222.109000 778.798000 -13 255 1 0 1.000000
-16.773900 -1.360580 0 1.075010 -0.306714 196.944000 778.951000 -13 256 1 0 1.000000
-1.107290 -5.503760 0 -0.386199 6.946290 217.219000 778.923000 -13 257 1 0 1.000000
-17.096600 -8.333640 0 -11.699100 -6.376170 207.368000 778.905000 -13 258 1 0 1.000000
7.831040 -14.825400 0 23.886100 9.445180 211.927000 778.790000 -13 259 1 0 1.000000
11.733300 -2.303960 0 12.802900 -13.548700 199.280000 779.054000 -13 260 1 0 1.000000
13.256000 20.219800 0 -10.014300 -23.717400 192.584000 778.849000 -13 261 1 0 1.000000
-36.165500 21.343400 0 4.590680 -14.357600 202.700000 778.918000 -13 262 1 0 1.000000
1.058260 -16.983600 0 -8.601690 -10.730800 217.710000 778.922000 -13 263 1 0 1.000000
-4.647790 -1.423840 0 -1.702180 -3.766790 204.442000 778.656000 -13 264 1 0 1.000000
3.443390 -24.477700 0 -30.715100 4.016120 225.653000 778.794000 -13 265 1 0 1.000000
4.201140 -21.475600 0 -2.989650 11.002100 208.856000 778.568000 -13 266 1 0 1.000000
-9.920440 -10.849900 0 1.249070 7.855470 219.555000 778.693000 -13 267 1 0 1.000000
-24.384100 -9.374500 0 -2.383660 -9.976750 213.479000 778.559000 -13 268 1 0 1.000000
16.630300 -3.256130 0 -11.019200 -7.945050 203.334000 778.617000 -13 269 1 0 1.000000
-12.740400 -3.704600 0 13.133600 -6.568320 217.361000 778.689000 -13 270 1 0 1.000000
-19.157500 -13.943000 0 13.216300 4.545560 216.883000 778.688000 -13 271 1 0 1.000000
-14.870800 -16.574800 0 -2.641390 -5.995080 213.782000 778.778000 -13 272 1 0 1.000000
8.877560 -0.155931 0 2.126740 -10.085800 209.790000 778.659000 -13 273 1 0 1.000000
-1.066090 -2.547790 0 -8.241460 6.747360 208.961000 778.758000 -13 274 1 0 1.000000
-23.179600 -2.813730 0 -6.131700 14.430600 208.130000 778.826000 -13 275 1 0 1.000000
6.014230 -8.867930 0 10.554100 -8.694790 218.980000 778.777000 -13 276 1 0 1.000000
-1.033950 -1.246470 0 -0.524933 10.081000 206.762000 778.605000 -13 277 1 0 1.000000
-3.717530 3.286850 0 3.593950 -5.203320 212.272000 778.808000 -13 278 1 0 1.000000
-2.202610 0.223664 0 12.168600 -1.070560 205.416000 778.901000 -13 279 1 0 1.000000
-5.095180 -8.711090 0 -6.765460 9.086780 219.849000 778.652000 -13 280 1 0 1.000000
-10.789400 -7.726580 0 9.608880 0.483171 192.074000 779.003000 -13 281 1 0 1.000000
-8.479030 -22.770900 0 12.810100 21.005600 226.538000 778.518000 -13 282 1 0 1.000000
-11.588700 0.657853 0 21.423500 -7.366330 229.844000 778.801000 -13 283 1 0 1.000000
-6.017620 -4.925300 0 -4.054270 7.968050 206.149000 778.489000 -13 284 1 0 1.000000
1.999970 -4.529000 0 -7.866740 -18.729100 197.015000 778.558000 -13 285 1 0 1.000000
-20.487600 -11.162500 0 5.656860 -9.269330 194.617000 778.550000 -13 286 1 0 1.000000
-22.881500 5.294050 0 -22.961400 26.327200 211.846000 778.683000 -13 287 1 0 1.000000
-12.914000 -23.304600 0 -3.414630 -1.840090 232.000000 778.651000 -13 288 1 0 1.000000
-10.152400 -9.110280 0 9.386750 1.956920 203.098000 778.524000 -13 289 1 0 1.000000
0.309324 -15.305300 0 5.655240 -4.190360 201.462000 778.406000 -13 290 1 0 1.000000
3.420490 -16.058100 0 -11.510400 -3.685440 195.129000 778.773000 -13 291 1 0 1.000000
-1.459060 -17.198300 0 -12.487900 -1.916890 197.293000 778.751000 -13 292 1 0 1.000000
-10.299200 -5.186240 0 8.299510 -5.039360 212.430000 778.598000 -13 293 1 0 1.000000
-7.335850 16.572600 0 -8.157290 6.657020 204.476000 778.971000 -13 294 1 0 1.000000
3.875320 -19.647100 0 -1.726770 26.764000 201.264000 778.624000 -13 295 1 0 1.000000
-12.262000 3.391940 0 3.976970 -2.520940 195.986000 778.655000 -13 296 1 0 1.000000
2.104860 -9.583570 0 9.140280 -11.723100 215.128000 778.609000 -13 297 1 0 1.000000
-13.620600 -1.610800 0 -2.564310 -4.197360 216.171000 779.117000 -13 298 1 0 1.000000
-10.000500 1.736350 0 1.867310 -10.427300 209.209000 778.591000 -13 299 1 0 1.000000
-17.314900 -11.839200 0 10.697500 -3.263790 222.498000 778.579000 -13 300 1 0 1.000000
-2.907770 -14.179400 0 -2.334810 7.625830 187.989000 778.628000 -13 301 1 0 1.000000
-6.973860 -13.905300 0 -4.901010 12.152000 212.044000 778.575000 -13 302 1 0 1.000000
-9.181790 -36.714700 0 3.251280 2.632090 217.435000 778.536000 -13 303 1 0 1.000000
-14.968100 -16.656500 0 -34.692400 1.876160 220.014000 778.956000 -13 304 1 0 1.000000
2.409890 -10.732200 0 2.683390 -2.441470 204.846000 778.520000 -13 305 1 0 1.000000
-3.153660 5.127680 0 -12.978300 7.835740 201.523000 778.685000 -13 306 1 0 1.000000
-4.157220 3.035210 0 -3.546610 3.481130 198.716000 778.514000 -13 307 1 0 1.000000
-15.350500 -14.740600 0 4.622660 8.411510 189.089000 778.602000 -13 308 1 0 1.000000
13.778900 -13.146600 0 -3.311260 2.533530 222.204000 778.940000 -13 309 1 0 1.000000
-9.066860 1.937580 0 2.242100 16.255400 196.901000 778.616000 -13 310 1 0 1.000000
12.568400 -13.349800 0 3.833350 -1.610400 202.536000 778.761000 -13 311 1 0 1.000000
-9.105390 -2.447200 0 1.780480 -8.540850 211.936000 778.588000 -13 312 1 0 1.000000
3.855920 4.527600 0 -23.062700 -8.713450 193.042000 778.611000 -13 313 1 0 1.000000
-0.053689 -12.633600 0 2.371130 -11.061900 204.193000 778.898000 -13 314 1 0 1.000000
-11.583500 -3.265170 0 12.863000 2.304570 193.967000 778.661000 -13 315 1 0 1.000000
-5.796810 -24.321000 0 8.563140 -2.620490 219.240000 778.852000 -13 316 1 0 1.000000
10.757500 -7.598010 0 24.336000 -0.817460 202.724000 778.702000 -13 317 1 0 1.000000
-8.909660 -21.352600 0 -16.135000 5.915080 219.132000 778.460000 -13 318 1 0 1.000000
-14.078800 -5.705790 0 2.544520 -2.414740 200.306000 778.880000 -13 319 1 0 1.000000
8.882450 -22.996200 0 -5.311300 -1.362530 215.216000 778.942000 -13 320 1 0 1.000000
-13.275100 8.767380 0 -1.872580 15.137100 223.908000 778.481000 -13 321 1 0 1.000000
-5.266300 -11.727600 0 5.835440 -1.770550 189.248000 778.824000 -13 322 1 0 1.000000
-7.982180 -7.239060 0 -10.852800 -12.133100 204.640000 778.793000 -13 323 1 0 1.000000
24.887200 -10.275500 0 -9.422180 -1.807920 211.793000 778.853000 -13 324 1 0 1.000000
-15.573200 -7.358170 0 11.510600 -20.904900 208.851000 778.967000 -13 325 1 0 1.000000
-8.448520 -4.689550 0 7.716290 -7.668900 202.646000 778.901000 -13 326 1 0 1.000000
17.219100 -24.706900 0 -15.007000 15.771900 219.423000 778.662000 -13 327 1 0 1.000000
-16.607900 -15.654000 0 -5.239560 21.130500 215.968000 778.612000 -13 328 1 0 1.000000
-4.136260 -12.830000 0 9.365620 -1.823830 203.341000 778.514000 -13 329 1 0 1.000000
-7.273880 -6.679710 0 7.013110 -5.090060 207.778000 778.696000 -13 330 1 0 1.000000
-2.028810 -3.908430 0 5.595400 -12.855100 195.682000 778.626000 -13 331 1 0 1.000000
8.023210 -8.535200 0 -3.949850 0.603300 187.133000 778.847000 -13 332 1 0 1.000000
2.090030 -1.780350 0 -12.106400 -6.598870 203.450000 778.712000 -13 333 1 0 1.000000
-8.175090 6.893660 0 14.863200 5.310760 208.174000 778.661000 -13 334 1 0 1.000000
-8.661400 2.657920 0 5.298240 17.109300 201.681000 778.518000 -13 335 1 0 1.000000
-13.698600 -3.663220 0 1.875530 -7.518310 206.534000 778.735000 -13 336 1 0 1.000000
-4.006720 -8.459340 0 11.405100 13.508400 206.974000 778.696000 -13 337 1 0 1.000000
3.570830 -29.176000 0 0.837116 11.661200 211.998000 778.772000 -13 338 1 0 1.000000
0.420010 2.631530 0 -5.808490 5.440140 216.345000 778.776000 -13 339 1 0 1.000000
-1.001410 -0.741160 0 -10.476400 -5.271970 202.215000 778.660000 -13 340 1 0 1.000000
-9.432150 -7.422950 0 -4.647700 -0.331215 212.333000 778.689000 -13 341 1 0 1.000000
-22.616300 -13.218900 0 1.387580 -5.055250 206.478000 778.708000 -13 342 1 0 1.000000
-7.013720 -27.253800 0 7.038570 11.216900 212.625000 778.638000 -13 343 1 0 1.000000
-25.543100 -11.450300 0 9.318860 -13.913600 195.193000 778.801000 -13 344 1 0 1.000000
0.682055 -19.815900 0 -2.589070 11.233900 195.442000 778.724000 -13 345 1 0 1.000000
-12.705000 -19.504900 0 4.420000 -25.761000 196.363000 778.729000 -13 346 1 0 1.000000
-6.570250 -10.002900 0 -1.796950 -4.857570 192.990000 778.683000 -13 347 1 0 1.000000
6.101060 -12.759800 0 10.035500 -11.399800 189.815000 778.767000 -13 348 1 0 1.000000
20.795000 0.129231 0 -16.711300 -9.104840 193.537000 778.698000 -13 349 1 0 1.000000
-32.592400 9.150350 0 -19.106200 -3.112790 236.546000 778.828000 -13 350 1 0 1.000000
10.909400 -2.493640 0 13.159000 -8.448210 207.839000 778.752000 -13 351 1 0 1.000000
-14.266600 -15.625300 0 -16.573000 4.038200 207.010000 778.710000 -13 352 1 0 1.000000
-45.670200 -7.545750 0 2.081980 -8.378730 198.440000 778.690000 -13 353 1 0 1.000000
-21.971100 -13.544600 0 -8.861180 -9.070120 187.734000 778.636000 -13 354 1 0 1.000000
-31.043600 -11.418400 0 2.922490 14.442900 210.942000 778.637000 -13 355 1 0 1.000000
-8.786870 -17.050000 0 0.040709 17.036000 187.505000 778.967000 -13 356 1 0 1.000000
-13.831700 1.960190 0 7.148160 -4.616590 219.715000 778.607000 -13 357 1 0 1.000000
-0.822267 -11.671700 0 12.084000 -19.667300 211.496000 778.636000 -13 358 1 0 1.000000
-1.870800 -15.384800 0 8.426790 -1.451200 214.735000 778.540000 -13 359 1 0 1.000000
-1.350600 -10.407800 0 0.857775 -11.874100 226.158000 778.839000 -13 360 1 0 1.000000
-13.447600 -4.443470 0 -16.539400 2.757500 206.240000 778.671000 -13 361 1 0 1.000000
1.506830 -5.450760 0 8.302770 -15.932000 216.930000 778.600000 -13 362 1 0 1.000000
11.852300 -18.620000 0 -10.191800 -1.246030 200.654000 778.714000 -13 363 1 0 1.000000
-13.703600 -1.850350 0 -8.054420 2.435230 217.394000 778.761000 -13 364 1 0 1.000000
5.406030 -5.525230 0 7.348510 -7.341120 192.548000 778.875000 -13 365 1 0 1.000000
0.003707 -20.554400 0 7.372390 -1.353170 186.034000 778.632000 -13 366 1 0 1.000000
5.932360 -17.094900 0 -6.553480 3.529570 225.290000 778.989000 -13 367 1 0 1.000000
1.594900 -18.166400 0 8.015750 -6.188600 199.110000 778.908000 -13 368 1 0 1.000000
-19.058000 -0.382692 0 7.139040 10.659800 205.744000 779.168000 -13 369 1 0 1.000000
-3.780490 -22.207400 0 0.916967 9.464180 205.168000 778.949000 -13 370 1 0 1.000000
0.563845 -1.874350 0 3.131580 7.181660 204.115000 778.875000 -13 371 1 0 1.000000
-25.082300 6.181440 0 -3.500230 27.816500 210.647000 778.538000 -13 372 1 0 1.000000
6.197710 5.542050 0 7.935400 10.324300 208.580000 778.721000 -13 373 1 0 1.000000
-1.646550 -0.304887 0 -1.141500 -7.965630 206.798000 778.886000 -13 374 1 0 1.000000
-3.845210 1.185950 0 -15.972000 -7.744370 198.319000 778.802000 -13 375 1 0 1.000000
-11.311100 -10.266700 0 6.724270 -4.022650 214.009000 778.793000 -13 376 1 0 1.000000
-9.963210 3.342400 0 -0.939800 4.163880 187.269000 778.512000 -13 377 1 0 1.000000
12.511400 -4.830640 0 2.423410 -12.260200 208.497000 778.739000 -13 378 1 0 1.000000
-13.080000 13.212100 0 2.593410 -6.194460 204.997000 778.799000 -13 379 1 0 1.000000
-5.174540 -25.582000 0 14.145400 -21.096000 209.280000 778.729000 -13 380 1 0 1.000000
-1.574440 5.629090 0 -3.794150 -19.969200 210.347000 778.835000 -13 381 1 0 1.000000
6.180830 -5.262470 0 -3.534500 2.455940 211.179000 778.879000 -13 382 1 0 1.000000
-7.768340 -20.077200 0 -6.655200 1.630820 214.287000 778.616000 -13 383 1 0 1.000000
-6.807120 -7.132820 0 0.928635 3.526980 210.391000 778.661000 -13 384 1 0 1.000000
-12.266200 -14.410900 0 -1.997460 0.873917 214.016000 778.525000 -13 385 1 0 1.000000
-12.064600 -25.284200 0 -3.011460 -12.680900 210.348000 778.807000 -13 386 1 0 1.000000
-10.978900 3.508450 0 6.409460 -0.217799 207.866000 778.738000 -13 387 1 0 1.000000
-10.504700 -13.732800 0 -14.651900 -11.290700 213.285000 778.552000 -13 388 1 0 1.000000
12.038800 4.086650 0 -1.292600 0.076523 209.144000 778.680000 -13 389 1 0 1.000000
-10.461000 -6.226690 0 -9.160200 -4.216330 210.043000 778.660000 -13 390 1 0 1.000000
-14.797400 -20.844300 0 -8.258380 3.899630 214.916000 778.533000 -13 391 1 0 1.000000
-10.482800 -6.299560 0 20.677300 -24.449700 198.404000 778.818000 -13 392 1 0 1.000000
6.795050 -18.202300 0 1.436760 8.780200 204.892000 778.648000 -13 393 1 0 1.000000
-6.956520 -3.279160 0 -1.882030 13.126700 197.982000 778.717000 -13 394 1 0 1.000000
-3.507560 -4.582300 0 3.867930 8.617270 210.893000 778.767000 -13 395 1 0 1.000000
-18.752500 -12.344000 0 -4.088110 -18.170400 217.084000 778.646000 -13 396 1 0 1.000000
-15.875000 -16.989500 0 -1.674400 30.912900 226.029000 778.674000 -13 397 1 0 1.000000
7.589830 -9.572490 0 12.119500 -3.410710 212.847000 778.681000 -13 398 1 0 1.000000
14.494900 -0.075436 0 -1.937580 13.546000 203.175000 778.702000 -13 399 1 0 1.000000
-7.239560 36.467400 0 -6.963960 -6.862720 215.861000 778.682000 -13 400 1 0 1.000000
-8.983790 7.680610 0 1.278640 -13.733300 201.638000 778.935000 -13 401 1 0 1.000000
-6.952170 -7.714850 0 -8.422340 -9.236570 191.363000 778.798000 -13 402 1 0 1.000000
8.517880 -23.283000 0 8.477850 -10.742600 213.347000 778.489000 -13 403 1 0 1.000000
-7.210580 -26.985100 0 -1.772080 -2.068910 185.151000 778.797000 -13 404 1 0 1.000000
-4.978490 -6.008500 0 6.888340 -4.395360 189.293000 778.883000 -13 405 1 0 1.000000
1.659640 15.289400 0 5.971960 -2.650430 204.038000 778.685000 -13 406 1 0 1.000000
-10.067700 -9.535020 0 -0.491322 6.756740 203.010000 778.505000 -13 407 1 0 1.000000
12.827600 -16.215800 0 0.558699 -14.450400 208.022000 778.545000 -13 408 1 0 1.000000
-5.880420 -8.595220 0 3.995270 0.673401 208.393000 778.499000 -13 409 1 0 1.000000
8.991440 -15.764000 0 -19.085200 7.707230 197.004000 778.657000 -13 410 1 0 1.000000
-6.225450 -3.101150 0 2.440720 26.610200 203.142000 778.612000 -13 411 1 0 1.000000
-6.171760 -18.056600 0 -15.510100 6.660860 209.823000 778.848000 -13 412 1 0 1.000000
-19.366400 -3.100800 0 -12.492800 12.281600 193.970000 778.616000 -13 413 1 0 1.000000
10.392700 -20.823700 0 14.627600 -7.108910 227.748000 778.912000 -13 414 1 0 1.000000
12.864900 -27.236700 0 -2.357300 10.135000 218.672000 778.620000 -13 415 1 0 1.000000
-9.680630 -10.006100 0 -2.642180 -5.372480 210.591000 778.935000 -13 416 1 0 1.000000
-7.967770 5.841780 0 -11.479300 4.293420 214.028000 778.927000 -13 417 1 0 1.000000
-6.476380 -14.797100 0 -1.574720 -2.080020 211.715000 778.818000 -13 418 1 0 1.000000
20.332700 -11.888700 0 3.038630 7.591590 208.035000 778.704000 -13 419 1 0 1.000000
-11.193700 -11.162200 0 3.135440 -7.454600 207.110000 778.661000 -13 420 1 0 1.000000
-11.732700 -13.358700 0 -1.373380 -9.062580 217.672000 778.695000 -13 421 1 0 1.000000
5.405620 -14.774500 0 -4.909610 5.896320 209.830000 778.576000 -13 422 1 0 1.000000
4.747410 -1.869640 0 -4.886630 -6.802190 214.011000 778.631000 -13 423 1 0 1.000000
-25.058100 8.181680 0 19.120800 -0.595564 221.335000 778.936000 -13 424 1 0 1.000000
-15.523300 -2.867420 0 1.665090 14.805900 208.796000 778.686000 -13 425 1 0 1.000000
-2.671490 -8.914130 0 -5.229210 9.298350 207.891000 778.560000 -13 426 1 0 1.000000
-21.161700 -15.604700 0 11.442300 -11.101500 209.185000 778.660000 -13 427 1 0 1.000000
-20.312300 -4.245260 0 -8.945330 14.872500 217.973000 778.579000 -13 428 1 0 1.000000
-3.498870 12.606300 0 4.138550 7.189840 237.010000 778.713000 -13 429 1 0 1.000000
-26.983900 10.060700 0 6.867040 7.706660 216.541000 778.907000 -13 430 1 0 1.000000
-5.797870 11.796800 0 0.900745 -5.390810 202.741000 778.533000 -13 431 1 0 1.000000
-5.509380 4.739180 0 -0.256631 4.753160 198.774000 778.887000 -13 432 1 0 1.000000
-9.677030 -26.878300 0 10.685700 -7.511190 206.869000 778.536000 -13 433 1 0 1.000000
-17.197300 3.228600 0 3.107560 9.808570 221.995000 778.536000 -13 434 1 0 1.000000
2.020150 6.135290 0 4.129330 10.322000 204.853000 778.660000 -13 435 1 0 1.000000
-7.036090 -27.044400 0 8.246560 -3.100470 217.777000 778.729000 -13 436 1 0 1.000000
-2.529340 -10.694000 0 -0.526013 17.918100 217.131000 778.731000 -13 437 1 0 1.000000
-4.825700 -21.829400 0 -21.375200 -5.573480 225.064000 778.895000 -13 438 1 0 1.000000
-9.819060 -13.056600 0 4.219620 -1.054140 188.806000 778.598000 -13 439 1 0 1.000000
3.833580 -6.432590 0 15.054700 -6.098350 203.044000 778.536000 -13 440 1 0 1.000000
-7.308810 -15.442100 0 1.671520 0.529333 191.312000 778.642000 -13 441 1 0 1.000000
-6.436310 3.022800 0 9.188490 9.673990 196.354000 778.723000 -13 442 1 0 1.000000
-14.775000 5.064530 0 -22.659500 -10.683300 216.234000 778.862000 -13 443 1 0 1.000000
-1.270330 -18.255100 0 1.196580 1.106720 217.127000 779.010000 -13 444 1 0 1.000000
3.743100 3.315630 0 -6.299940 -29.929100 202.086000 778.754000 -13 445 1 0 1.000000
-2.165680 -12.502400 0 -1.944000 -3.846680 202.787000 778.827000 -13 446 1 0 1.000000
4.763520 -7.347340 0 1.316690 1.794020 200.674000 778.789000 -13 447 1 0 1.000000
-8.434130 -0.385480 0 -4.032690 -2.563740 180.950000 778.691000 -13 448 1 0 1.000000
-9.401750 -7.377120 0 6.285290 -0.859568 205.939000 778.412000 -13 449 1 0 1.000000
-29.410700 -2.990740 0 0.642939 -9.686810 199.847000 778.612000 -13 450 1 0 1.000000
-6.428270 9.668160 0 -12.032800 -9.081990 235.784000 778.627000 -13 451 1 0 1.000000
-25.282100 0.672442 0 1.626990 -7.933860 226.507000 778.683000 -13 452 1 0 1.000000
-7.732140 -10.146400 0 19.346300 9.652610 187.118000 778.657000 -13 453 1 0 1.000000
-2.257750 -1.978070 0 1.527010 -4.471500 217.690000 778.440000 -13 454 1 0 1.000000
-2.159840 -9.841130 0 3.348720 -0.277197 203.380000 778.434000 -13 455 1 0 1.000000
-2.030900 -2.546910 0 10.467300 -4.009910 208.449000 778.530000 -13 456 1 0 1.000000
2.055860 -12.077600 0 -9.320680 24.452700 189.770000 778.746000 -13 457 1 0 1.000000
-26.031600 -0.891541 0 -7.381550 -4.094670 206.804000 778.881000 -13 458 1 0 1.000000
-4.891900 -10.252500 0 -6.456150 1.834700 195.658000 778.832000 -13 459 1 0 1.000000
-14.451000 -6.487880 0 5.949080 9.765670 197.437000 778.747000 -13 460 1 0 1.000000
13.022100 -5.108300 0 13.043600 22.912000 204.626000 778.616000 -13 461 1 0 1.000000
-8.000110 -17.061500 0 29.321300 0.555758 213.688000 778.978000 -13 462 1 0 1.000000
9.944430 13.432300 0 -9.318380 -12.897000 204.156000 778.925000 -13 463 1 0 1.000000
8.328470 -2.663070 0 8.268410 -26.809700 187.228000 778.793000 -13 464 1 0 1.000000
-12.106500 -24.770300 0 -2.533370 -6.611340 217.415000 778.937000 -13 465 1 0 1.000000
-9.964600 -21.753500 0 -10.008500 -1.495670 213.534000 778.416000 -13 466 1 0 1.000000
-3.304160 2.074070 0 15.398400 -7.687220 212.251000 778.485000 -13 467 1 0 1.000000
-2.746120 -9.468150 0 18.114800 -17.076300 192.570000 778.760000 -13 468 1 0 1.000000
-8.233820 13.340300 0 -3.016430 -7.523530 222.802000 778.997000 -13 469 1 0 1.000000
-1.789340 -7.723740 0 7.297630 -12.492200 207.196000 778.775000 -13 470 1 0 1.000000
-5.048260 -7.486720 0 -4.077680 7.643830 200.738000 778.804000 -13 471 1 0 1.000000
-11.365800 3.261660 0 2.997610 1.150820 210.688000 778.776000 -13 472 1 0 1.000000
-6.885300 -22.578000 0 20.733700 -4.674270 212.495000 778.772000 -13 473 1 0 1.000000
10.947400 -14.324000 0 4.353310 -11.879200 197.021000 778.684000 -13 474 1 0 1.000000
-0.784214 -8.794350 0 -3.167500 -2.189500 211.657000 778.928000 -13 475 1 0 1.000000
-3.234490 -27.132900 0 2.556540 -2.212870 197.014000 778.805000 -13 476 1 0 1.000000
2.373920 5.710830 0 -3.501710 4.692380 201.039000 778.672000 -13 477 1 0 1.000000
-4.271510 -13.930800 0 -0.465022 0.732116 213.385000 778.630000 -13 478 1 0 1.000000
-8.797710 -10.992700 0 5.692320 0.213523 215.317000 778.911000 -13 479 1 0 1.000000
-12.184100 -14.653500 0 -1.915050 2.137220 200.306000 778.848000 -13 480 1 0 1.000000
4.066970 -3.012440 0 4.690790 -4.559560 194.065000 778.808000 -13 481 1 0 1.000000
-17.019400 -9.369970 0 8.367220 5.795670 190.876000 778.689000 -13 482 1 0 1.000000
-4.076500 -10.862400 0 5.587430 15.169200 206.642000 778.908000 -13 483 1 0 1.000000
5.156290 -6.122720 0 -3.636420 1.831820 210.968000 778.825000 -13 484 1 0 1.000000
-11.117000 7.939520 0 24.255800 -16.879500 229.664000 778.822000 -13 485 1 0 1.000000
-5.214100 -11.722800 0 -0.297884 8.867060 238.398000 778.684000 -13 486 1 0 1.000000
4.130350 2.057030 0 8.473940 -2.914280 196.621000 778.726000 -13 487 1 0 1.000000
-12.039200 9.359450 0 3.937140 -18.157100 220.558000 778.622000 -13 488 1 0 1.000000
-4.215060 1.094680 0 5.611160 -6.114150 210.378000 778.616000 -13 489 1 0 1.000000
-13.800000 -14.582000 0 1.759190 8.374900 212.134000 778.577000 -13 490 1 0 1.000000
-10.540700 -26.388500 0 15.498100 -25.446700 197.648000 778.699000 -13 491 1 0 1.000000
-3.993560 -2.636850 0 -7.111420 -27.250800 208.131000 778.829000 -13 492 1 0 1.000000
-10.520800 1.043930 0 -20.841600 -10.709800 208.639000 778.673000 -13 493 1 0 1.000000
-44.177000 -11.035500 0 -17.265400 -0.031019 231.922000 778.803000 -13 494 1 0 1.000000
-12.335400 -12.748700 0 -6.348620 -3.481310 218.118000 778.953000 -13 495 1 0 1.000000
-5.231230 -15.705100 0 -6.236810 6.644970 204.895000 778.585000 -13 496 1 0 1.000000
3.337740 -6.744580 0 11.793700 -28.975700 234.183000 778.660000 -13 497 1 0 1.000000
-12.113500 -13.367700 0 -11.041200 -1.142940 201.996000 778.625000 -13 498 1 0 1.000000
1.151640 -7.547850 0 5.776290 -0.139005 182.616000 778.616000 -13 499 1 0 1.000000
-24.860500 -13.540700 0 -21.988300 2.805950 206.438000 778.816000 -13 500 1 0 1.000000
8.769330 -11.282700 0 -4.784350 -10.373900 203.522000 778.478000 -13 501 1 0 1.000000
-13.303900 -12.969700 0 -12.517000 17.715100 195.916000 778.679000 -13 502 1 0 1.000000
-15.430000 -16.831500 0 -7.231940 8.216220 222.316000 778.880000 -13 503 1 0 1.000000
-25.809200 -4.310200 0 9.445650 6.139690 234.072000 778.635000 -13 504 1 0 1.000000
-11.989700 -9.473480 0 -8.943520 -3.000390 203.044000 778.763000 -13 505 1 0 1.000000
-11.561700 1.083230 0 -4.600600 4.070810 214.567000 778.492000 -13 506 1 0 1.000000
-10.524800 -8.061070 0 -7.210440 15.788000 208.428000 778.584000 -13 507 1 0 1.000000
-8.160780 14.813300 0 10.185200 -10.242900 220.851000 778.530000 -13 508 1 0 1.000000
-3.217160 -11.374000 0 7.273400 -0.173466 216.614000 778.697000 -13 509 1 0 1.000000
7.202250 -25.176100 0 7.465870 -12.865800 207.307000 778.741000 -13 510 1 0 1.000000
-40.033200 -5.432110 0 5.053040 -0.460900 221.594000 778.689000 -13 511 1 0 1.000000
14.683300 -1.515450 0 2.060680 -6.847120 215.264000 778.721000 -13 512 1 0 1.000000
-25.344800 -12.095000 0 -10.666900 20.504100 224.571000 778.645000 -13 513 1 0 1.000000
-6.506280 3.922220 0 -5.797110 -12.470800 232.681000 778.682000 -13 514 1 0 1.000000
-5.656380 -17.809500 0 -2.130080 -10.869700 209.642000 778.836000 -13 515 1 0 1.000000
6.891140 -6.472320 0 4.824070 14.082900 214.113000 778.763000 -13 516 1 0 1.000000
4.822450 -14.083100 0 -5.687960 -14.579700 197.424000 778.362000 -13 517 1 0 1.000000
-20.797400 42.234600 0 -3.760500 -7.672190 210.295000 778.963000 -13 518 1 0 1.000000
-14.309300 1.543360 0 5.162730 13.033000 222.543000 778.788000 -13 519 1 0 1.000000
-9.719470 -11.622300 0 33.927600 24.546700 229.640000 778.586000 -13 520 1 0 1.000000
-0.641278 16.297800 0 -2.545110 2.758440 212.176000 778.506000 -13 521 1 0 1.000000
-8.906900 -7.849250 0 5.448850 -2.792260 198.719000 778.477000 -13 522 1 0 1.000000
-5.820510 -2.341090 0 -29.896400 -17.851300 222.305000 778.851000 -13 523 1 0 1.000000
-8.687870 -7.878660 0 -6.188920 -2.854370 202.763000 778.817000 -13 524 1 0 1.000000
-5.945290 -4.811080 0 5.253230 -2.844330 207.341000 778.634000 -13 525 1 0 1.000000
-12.298600 -12.570600 0 15.429100 -12.677200 199.629000 778.811000 -13 526 1 0 1.000000
-3.556090 -5.628610 0 -3.809720 4.889650 208.243000 778.704000 -13 527 1 0 1.000000
3.045910 -1.914750 0 2.081750 3.944710 207.081000 778.702000 -13 528 1 0 1.000000
2.509370 0.099080 0 -5.337880 6.112950 192.531000 778.799000 -13 529 1 0 1.000000
-9.352110 -4.843020 0 7.211970 -2.503820 195.907000 778.534000 -13 530 1 0 1.000000
-15.455900 12.304800 0 -1.223000 -3.922900 212.793000 778.715000 -13 531 1 0 1.000000
-18.661700 16.998400 0 15.976100 -10.088100 209.022000 778.459000 -13 532 1 0 1.000000
-18.597000 -3.634370 0 25.417600 -7.306300 214.017000 778.898000 -13 533 1 0 1.000000
-5.915460 -5.413280 0 -1.812970 -5.081520 203.002000 778.860000 -13 534 1 0 1.000000
-6.016470 -21.688800 0 -6.292390 -10.730500 219.829000 778.827000 -13 535 1 0 1.000000
7.925040 -12.670300 0 -2.966300 -14.849200 206.260000 778.736000 -13 536 1 0 1.000000
-1.055080 -14.240100 0 7.347430 -8.060650 211.115000 778.717000 -13 537 1 0 1.000000
-19.652900 -12.330900 0 0.017681 -6.288010 218.107000 778.967000 -13 538 1 0 1.000000
-26.777800 1.070000 0 13.559900 11.724000 215.487000 778.745000 -13 539 1 0 1.000000
-4.656560 -7.315100 0 -4.369090 7.767960 199.114000 778.712000 -13 540 1 0 1.000000
2.745140 -14.666700 0 -7.522870 4.499230 190.207000 778.651000 -13 541 1 0 1.000000
-3.164500 -1.222060 0 4.614090 3.443630 213.085000 778.961000 -13 542 1 0 1.000000
5.398900 -17.567400 0 -6.172010 -0.978632 214.405000 778.851000 -13 543 1 0 1.000000
-16.000900 -11.685800 0 -1.676470 -6.855850 208.633000 778.868000 -13 544 1 0 1.000000
-12.346500 -0.307312 0 7.107830 -2.896660 199.426000 778.703000 -13 545 1 0 1.000000
2.451920 -11.832300 0 7.986470 12.000300 199.044000 778.732000 -13 546 1 0 1.000000
-2.836440 -2.455660 0 11.515400 -20.600100 219.646000 778.762000 -13 547 1 0 1.000000
-8.186420 -0.652278 0 9.143510 19.131300 207.601000 778.655000 -13 548 1 0 1.000000
-9.966100 -13.149100 0 -4.849730 -10.545400 211.858000 778.467000 -13 549 1 0 1.000000
-0.019323 -7.488650 0 -15.415200 1.290920 193.010000 778.711000 -13 550 1 0 1.000000
-2.328450 -18.076200 0 21.194200 5.685520 198.469000 778.696000 -13 551 1 0 1.000000
-24.142100 -1.505450 0 1.219690 14.788600 209.017000 778.671000 -13 552 1 0 1.000000
0.007946 9.491100 0 1.883820 -4.976040 204.195000 778.865000 -13 553 1 0 1.000000
0.872726 -14.302100 0 -9.870870 12.965200 201.243000 778.766000 -13 554 1 0 1.000000
3.391030 5.630710 0 -10.738800 -0.995156 202.565000 778.828000 -13 555 1 0 1.000000
8.246160 -14.690900 0 8.917470 -10.904300 201.571000 778.474000 -13 556 1 0 1.000000
-25.731700 17.990700 0 0.366962 -6.698570 205.894000 778.473000 -13 557 1 0 1.000000
-11.322300 -11.501500 0 -0.964878 6.459740 185.823000 778.600000 -13 558 1 0 1.000000
-4.831170 -19.203000 0 4.902810 -3.737380 193.665000 778.704000 -13 559 1 0 1.000000
-11.581800 -13.232000 0 -7.177780 -4.741370 206.549000 778.528000 -13 560 1 0 1.000000
-1.228830 -16.047400 0 -16.788400 -1.670690 190.845000 778.758000 -13 561 1 0 1.000000
-12.579900 -0.018901 0 5.845780 -1.017550 197.351000 778.513000 -13 562 1 0 1.000000
-12.014300 6.048330 0 0.730151 -2.596090 194.005000 778.715000 -13 563 1 0 1.000000
-2.396260 -15.232400 0 6.952560 -19.500000 215.287000 778.767000 -13 564 1 0 1.000000
14.732600 -1.537870 0 -14.709900 3.154320 199.634000 778.653000 -13 565 1 0 1.000000
-3.088160 -16.470800 0 14.726400 5.928590 198.803000 778.725000 -13 566 1 0 1.000000
2.275020 -13.926800 0 -8.688280 7.320160 229.019000 778.883000 -13 567 1 0 1.000000
-9.233660 -11.100000 0 4.401420 0.374404 213.093000 778.705000 -13 568 1 0 1.000000
-4.319870 -13.207000 0 -17.279600 -7.277120 203.475000 778.745000 -13 569 1 0 1.000000
-8.036480 -22.328800 0 0.034777 3.412650 203.170000 778.624000 -13 570 1 0 1.000000
-7.544330 3.301780 0 -11.902500 9.621240 203.887000 778.617000 -13 571 1 0 1.000000
2.817750 4.111690 0 18.961000 -1.209250 198.078000 778.831000 -13 572 1 0 1.000000
-32.660400 4.345420 0 -15.310600 10.003600 203.823000 778.885000 -13 573 1 0 1.000000
1.722230 -14.097000 0 1.943020 -24.671000 210.898000 778.589000 -13 574 1 0 1.000000
-45.185400 -11.240800 0 9.419290 0.975802 232.798000 778.859000 -13 575 1 0 1.000000
-3.350480 1.220200 0 -0.447556 4.381790 212.896000 778.631000 -13 576 1 0 1.000000
-22.516100 14.045500 0 -0.086052 -7.411770 208.225000 778.779000 -13 577 1 0 1.000000
-24.934900 -1.404520 0 -22.564200 -8.968760 195.425000 778.880000 -13 578 1 0 1.000000
-2.275740 -10.751600 0 -7.712180 -1.041500 209.368000 778.676000 -13 579 1 0 1.000000
-8.231850 -12.544500 0 -13.158100 6.480800 218.654000 778.867000 -13 580 1 0 1.000000
-21.279100 -17.558800 0 -15.925100 -12.040300 224.735000 778.828000 -13 581 1 0 1.000000
-14.162400 8.394810 0 12.746200 -6.175590 207.116000 778.729000 -13 582 1 0 1.000000
-3.591820 -3.167900 0 4.671310 7.916650 207.764000 778.711000 -13 583 1 0 1.000000
-0.544676 8.064650 0 11.305200 -2.760940 212.648000 778.637000 -13 584 1 0 1.000000
-6.293320 -3.439000 0 -4.107540 26.221400 229.685000 778.759000 -13 585 1 0 1.000000
16.608200 -6.972340 0 10.632500 3.716850 209.928000 778.863000 -13 586 1 0 1.000000
-8.538010 -17.643200 0 -4.894150 -7.348890 211.179000 778.672000 -13 587 1 0 1.000000
-7.601940 -11.398300 0 -6.966040 8.651860 198.475000 778.592000 -13 588 1 0 1.000000
3.537220 -6.804820 0 -31.479200 5.179200 217.059000 778.646000 -13 589 1 0 1.000000
-5.694870 -4.372130 0 -0.181488 0.784635 199.094000 778.661000 -13 590 1 0 1.000000
-2.110420 -18.686500 0 -3.618180 21.712900 211.835000 778.718000 -13 591 1 0 1.000000
-1.867190 -13.463500 0 -1.193900 -10.421000 209.083000 778.643000 -13 592 1 0 1.000000
-0.461072 -4.728140 0 -6.317240 -16.149400 185.047000 778.758000 -13 593 1 0 1.000000
-10.089800 -23.256600 0 9.656230 7.699410 204.960000 778.713000 -13 594 1 0 1.000000
4.398690 -8.659380 0 -0.722441 15.990400 195.046000 778.951000 -13 595 1 0 1.000000
-2.960330 -7.146590 0 1.284360 7.456440 204.238000 779.012000 -13 596 1 0 1.000000
-6.181620 -9.710980 0 -5.853170 26.350600 220.736000 778.680000 -13 597 1 0 1.000000
-16.975100 -0.028778 0 -13.350800 7.973170 209.582000 778.823000 -13 598 1 0 1.000000
25.144100 -10.515100 0 -8.771170 -3.467560 207.324000 778.442000 -13 599 1 0 1.000000
-13.652600 -0.479415 0 -19.634600 10.754200 189.412000 778.712000 -13 600 1 0 1.000000
-10.487300 7.031740 0 -10.198000 9.056410 207.308000 778.793000 -13 601 1 0 1.000000
-8.322570 -19.528000 0 -2.874090 0.805751 198.942000 778.780000 -13 602 1 0 1.000000
-1.958110 -31.202100 0 -14.169500 -9.791320 200.358000 778.617000 -13 603 1 0 1.000000
-6.783000 -6.505470 0 28.958000 20.163400 196.545000 778.895000 -13 604 1 0 1.000000
-10.577100 26.789300 0 21.361100 -5.986150 225.671000 778.899000 -13 605 1 0 1.000000
8.534650 -1.956840 0 -13.875500 5.243090 186.244000 778.718000 -13 606 1 0 1.000000
0.269153 -24.602100 0 -3.513920 2.752520 218.015000 778.485000 -13 607 1 0 1.000000
-11.783500 -1.318540 0 -1.839260 6.469170 208.700000 778.857000 -13 608 1 0 1.000000
-15.720100 -8.190600 0 4.091780 -0.972656 211.947000 778.595000 -13 609 1 0 1.000000
0.080815 -6.549730 0 -9.381020 7.284630 190.991000 778.718000 -13 610 1 0 1.000000
-13.475500 -2.861080 0 2.186340 15.562700 225.806000 778.850000 -13 611 1 0 1.000000
-9.195960 -5.160500 0 -12.237400 -42.032200 212.413000 778.854000 -13 612 1 0 1.000000
2.761920 -6.537040 0 4.070850 10.664900 209.393000 778.537000 -13 613 1 0 1.000000
0.445172 -18.642800 0 -29.815200 -31.486500 226.478000 778.729000 -13 614 1 0 1.000000
-4.006840 0.837124 0 -1.353780 7.728260 210.418000 778.504000 -13 615 1 0 1.000000
0.668028 -19.184300 0 -9.616950 9.657130 216.028000 778.697000 -13 616 1 0 1.000000
-3.966100 -2.831310 0 -13.563700 5.819590 213.229000 778.609000 -13 617 1 0 1.000000
-25.708000 -13.275900 0 -15.571000 12.234900 210.167000 778.737000 -13 618 1 0 1.000000
-0.212432 -7.122590 0 15.722100 -26.535400 201.446000 778.739000 -13 619 1 0 1.000000
-32.731200 -7.212950 0 -11.293800 18.400100 218.534000 778.754000 -13 620 1 0 1.000000
-34.067700 -16.542700 0 -11.899300 -17.492600 213.972000 778.512000 -13 621 1 0 1.000000
-1.194230 -3.300790 0 5.050130 4.418390 205.110000 778.780000 -13 622 1 0 1.000000
-17.411100 -18.442300 0 -2.763110 -14.777500 201.557000 778.808000 -13 623 1 0 1.000000
-11.880000 6.937410 0 -11.257400 13.689600 202.762000 778.795000 -13 624 1 0 1.000000
13.847200 -14.961300 0 12.775500 16.031500 225.054000 778.891000 -13 625 1 0 1.000000
-2.145950 -18.791000 0 6.190760 -8.855700 198.991000 778.674000 -13 626 1 0 1.000000
-9.842020 -1.099280 0 -5.232980 -5.147690 215.016000 778.774000 -13 627 1 0 1.000000
-10.075800 -22.466200 0 11.843700 19.446500 196.749000 778.633000 -13 628 1 0 1.000000
-12.816400 -0.841545 0 -0.782851 2.004150 222.537000 778.783000 -13 629 1 0 1.000000
-8.972250 -21.558600 0 7.567490 -13.910200 218.615000 778.784000 -13 630 1 0 1.000000
-13.491100 -13.839000 0 -12.376200 11.440100 208.924000 778.913000 -13 631 1 0 1.000000
-1.423410 -20.133600 0 10.834800 -2.559530 210.380000 778.843000 -13 632 1 0 1.000000
-4.170050 -6.382590 0 1.473760 12.991600 198.606000 778.686000 -13 633 1 0 1.000000
17.353100 -1.975740 0 -6.419080 -11.154900 214.790000 778.622000 -13 634 1 0 1.000000
21.023800 -18.870400 0 -17.194000 11.404800 195.858000 778.713000 -13 635 1 0 1.000000
4.101240 -11.502800 0 6.498350 21.603800 223.548000 778.762000 -13 636 1 0 1.000000
-3.914250 -2.943700 0 13.917000 10.722200 224.461000 778.797000 -13 637 1 0 1.000000
8.114510 -9.556940 0 1.543900 6.747000 201.907000 778.699000 -13 638 1 0 1.000000
-8.907600 -11.698300 0 2.578550 17.947900 219.511000 778.588000 -13 639 1 0 1.000000
6.731920 25.862400 0 -12.107300 -12.482300 216.998000 778.937000 -13 640 1 0 1.000000
-5.995320 -8.286560 0 5.611060 7.143410 225.183000 778.678000 -13 641 1 0 1.000000
-18.049700 -11.466100 0 -7.451310 -2.380010 217.149000 778.691000 -13 642 1 0 1.000000
-6.388750 4.378670 0 -0.629916 -11.307500 211.078000 778.841000 -13 643 1 0 1.000000
-6.116830 -6.892840 0 16.152000 -7.288420 206.459000 778.503000 -13 644 1 0 1.000000
7.538730 -11.168500 0 -8.857210 9.992080 202.130000 778.871000 -13 645 1 0 1.000000
-3.832990 -17.199200 0 -0.066118 -10.335600 190.754000 778.498000 -13 646 1 0 1.000000
-14.629700 -1.758440 0 21.491300 3.066630 197.771000 778.753000 -13 647 1 0 1.000000
-8.203910 16.011700 0 -5.814300 3.580370 195.878000 778.631000 -13 648 1 0 1.000000
10.699700 -7.443590 0 4.332120 1.120470 203.388000 778.740000 -13 649 1 0 1.000000
-16.230700 -17.676100 0 10.811800 1.901920 204.714000 778.847000 -13 650 1 0 1.000000
-6.005580 -7.009550 0 -8.798580 5.981580 199.314000 778.827000 -13 651 1 0 1.000000
-0.937090 -20.372300 0 7.435460 -2.509170 207.909000 778.662000 -13 652 1 0 1.000000
-1.302610 -0.676358 0 1.863650 -6.279250 206.138000 778.626000 -13 653 1 0 1.000000
11.447000 -14.300200 0 -8.134190 -4.325590 212.842000 778.667000 -13 654 1 0 1.000000
-19.849600 -2.513700 0 12.665000 -0.875040 209.464000 778.748000 -13 655 1 0 1.000000
-1.750530 -22.247700 0 12.915800 -1.583070 211.412000 778.619000 -13 656 1 0 1.000000
-9.949350 -7.041550 0 20.242000 3.193800 210.691000 778.790000 -13 657 1 0 1.000000
-5.192420 -14.973400 0 -0.678998 6.980560 204.780000 778.648000 -13 658 1 0 1.000000
14.651500 -5.055540 0 10.281400 -3.854110 208.035000 778.839000 -13 659 1 0 1.000000
-3.956300 -2.161040 0 0.016047 27.871400 207.344000 778.760000 -13 660 1 0 1.000000
5.297440 -5.080700 0 -3.668470 5.217850 210.113000 778.708000 -13 661 1 0 1.000000
4.053400 2.886610 0 -6.523640 -5.784160 210.101000 778.689000 -13 662 1 0 1.000000
-14.964000 -8.287800 0 14.397100 4.765700 216.025000 778.905000 -13 663 1 0 1.000000
-0.782726 -11.977000 0 13.599400 -24.877200 199.396000 778.640000 -13 664 1 0 1.000000
-6.677800 1.216030 0 39.510700 5.712990 224.568000 778.572000 -13 665 1 0 1.000000
-11.849700 10.691000 0 4.009950 9.524680 198.855000 778.630000 -13 666 1 0 1.000000
-4.035240 -0.298953 0 -8.834300 -15.746000 202.791000 778.954000 -13 667 1 0 1.000000
-10.525000 2.554490 0 8.330060 -9.651130 211.104000 778.806000 -13 668 1 0 1.000000
5.783270 -10.841100 0 -11.522700 -6.510680 206.755000 778.783000 -13 669 1 0 1.000000
-15.103600 -21.867600 0 -8.493790 -10.378500 211.229000 778.733000 -13 670 1 0 1.000000
3.486300 -4.239940 0 5.371910 0.520716 191.712000 778.726000 -13 671 1 0 1.000000
-3.877390 -18.074200 0 -14.688900 -1.421550 199.249000 778.756000 -13 672 1 0 1.000000
-2.442700 -12.972500 0 16.195800 1.921480 194.665000 778.459000 -13 673 1 0 1.000000
-27.854100 -12.729200 0 -3.416860 4.034240 198.703000 778.848000 -13 674 1 0 1.000000
-9.722760 -2.613920 0 -3.792200 -9.307850 198.961000 778.592000 -13 675 1 0 1.000000
-11.966500 -3.362050 0 -3.944920 -0.038234 214.869000 778.750000 -13 676 1 0 1.000000
-8.697680 -2.090280 0 -17.205400 3.986460 215.250000 778.801000 -13 677 1 0 1.000000
-13.392400 -13.231700 0 -5.862090 -4.043300 202.043000 778.795000 -13 678 1 0 1.000000
5.252540 9.122690 0 -6.069800 -28.469100 203.767000 778.502000 -13 679 1 0 1.000000
18.747900 -5.884920 0 -4.287140 -1.073080 213.077000 778.918000 -13 680 1 0 1.000000
-9.496720 -12.785400 0 5.442930 7.481000 193.899000 779.008000 -13 681 1 0 1.000000
-14.595300 -2.349700 0 -0.775323 8.038910 192.681000 778.648000 -13 682 1 0 1.000000
-7.717290 -31.203100 0 2.839080 -10.675200 191.183000 778.798000 -13 683 1 0 1.000000
15.182400 -23.250800 0 0.844403 4.293900 204.289000 778.737000 -13 684 1 0 1.000000
-0.298332 -6.641830 0 -7.319290 1.758440 183.189000 778.785000 -13 685 1 0 1.000000
-12.824400 -2.367760 0 4.065040 -9.372120 199.933000 778.772000 -13 686 1 0 1.000000
-14.768800 -8.921590 0 -14.820800 -3.014830 208.531000 778.614000 -13 687 1 0 1.000000
-13.640700 -22.460400 0 -7.457280 2.282300 198.137000 778.550000 -13 688 1 0 1.000000
11.783700 -12.030100 0 -0.136823 -15.931500 210.626000 778.747000 -13 689 1 0 1.000000
-7.855250 -8.581310 0 -12.141700 -12.038800 216.147000 778.804000 -13 690 1 0 1.000000
-4.409960 10.138300 0 -0.134267 8.033250 194.143000 778.736000 -13 691 1 0 1.000000
-1.096040 -18.259300 0 -4.432260 25.273900 202.797000 778.713000 -13 692 1 0 1.000000
-6.314270 8.213340 0 -1.516300 2.182880 226.690000 778.936000 -13 693 1 0 1.000000
-2.628690 -6.959750 0 -3.136180 13.406200 207.500000 778.707000 -13 694 1 0 1.000000
4.304990 -20.253100 0 11.223100 -17.008100 207.568000 778.633000 -13 695 1 0 1.000000
-17.548100 -8.572520 0 -3.195460 -13.484700 218.816000 778.623000 -13 696 1 0 1.000000
-15.291000 -1.200300 0 25.117300 -8.023120 221.024000 778.455000 -13 697 1 0 1.000000
-24.353000 1.127850 0 32.267100 -18.565000 213.455000 778.762000 -13 698 1 0 1.000000
-1.514280 -9.042100 0 10.698100 -13.140100 192.509000 778.613000 -13 699 1 0 1.000000
-15.700500 -3.229560 0 -6.531630 -2.299930 206.295000 778.682000 -13 700 1 0 1.000000
-19.742500 5.242670 0 2.548190 7.538630 196.973000 778.712000 -13 701 1 0 1.000000
-10.169300 -2.638050 0 25.687200 -13.046000 201.548000 778.922000 -13 702 1 0 1.000000
4.290820 16.680400 0 -0.169425 9.996900 215.522000 778.573000 -13 703 1 0 1.000000
-13.069500 -11.365800 0 -13.783700 0.153650 202.086000 778.578000 -13 704 1 0 1.000000
3.532440 -5.206740 0 -0.064213 -3.788100 217.935000 778.539000 -13 705 1 0 1.000000
-7.869200 -1.521250 0 -2.967410 -14.563000 226.307000 778.582000 -13 706 1 0 1.000000
-11.121400 -22.480800 0 -6.577390 10.198900 209.943000 778.851000 -13 707 1 0 1.000000
-15.295900 -6.447170 0 6.432910 6.776070 226.662000 778.623000 -13 708 1 0 1.000000
2.836780 -15.127600 0 -21.115500 15.545900 218.393000 778.950000 -13 709 1 0 1.000000
0.423852 -8.665620 0 2.212190 -7.450410 206.147000 778.737000 -13 710 1 0 1.000000
-2.022320 -12.682800 0 3.592360 -3.738490 207.363000 778.728000 -13 711 1 0 1.000000
-1.431530 -21.167200 0 -12.182600 -8.889330 206.341000 778.934000 -13 712 1 0 1.000000
-18.293100 -5.054060 0 -13.589700 -2.851680 209.330000 778.596000 -13 713 1 0 1.000000
-19.424500 -5.278500 0 0.961830 -2.403530 205.884000 778.757000 -13 714 1 0 1.000000
-11.391100 -11.010900 0 -3.520750 5.715810 204.613000 779.073000 -13 715 1 0 1.000000
21.471800 -13.993000 0 -16.793500 -1.605100 215.041000 778.769000 -13 716 1 0 1.000000
-1.787000 -6.567550 0 -2.075830 11.889900 197.372000 778.602000 -13 717 1 0 1.000000
9.657690 -2.572560 0 -4.983340 12.162900 197.442000 778.686000 -13 718 1 0 1.000000
-5.564450 -11.435800 0 6.800330 -8.501930 207.099000 778.974000 -13 719 1 0 1.000000
-7.848340 10.842700 0 0.072788 -19.900500 208.228000 778.758000 -13 720 1 0 1.000000
-5.049130 -25.259400 0 -7.619510 -26.073000 201.260000 778.827000 -13 721 1 0 1.000000
-17.904900 -11.919700 0 5.703090 -13.683700 197.109000 778.819000 -13 722 1 0 1.000000
-3.751540 -15.006100 0 5.156340 0.900730 198.825000 778.674000 -13 723 1 0 1.000000
-0.277489 -13.429500 0 1.595590 4.511910 210.483000 778.841000 -13 724 1 0 1.000000
-4.507290 -8.325870 0 4.525240 -3.489320 188.937000 778.602000 -13 725 1 0 1.000000
16.321500 -10.439600 0 1.869620 25.834100 201.189000 778.896000 -13 726 1 0 1.000000
10.442800 16.600600 0 2.653830 -3.700090 199.998000 778.758000 -13 727 1 0 1.000000
-43.748700 -16.446700 0 25.443000 8.885900 225.404000 778.962000 -13 728 1 0 1.000000
5.429360 -14.431300 0 -14.834400 4.258010 204.928000 778.898000 -13 729 1 0 1.000000
5.381520 -22.780100 0 -1.558000 -2.207480 182.101000 778.689000 -13 730 1 0 1.000000
-8.916500 -12.039800 0 0.495084 6.355370 219.110000 778.350000 -13 731 1 0 1.000000
14.515000 -10.674200 0 -6.021440 -3.439290 210.435000 778.879000 -13 732 1 0 1.000000
-15.784700 5.856050 0 -1.548520 0.916291 204.739000 778.796000 -13 733 1 0 1.000000
-14.507400 1.963210 0 -3.939990 13.583700 191.548000 778.784000 -13 734 1 0 1.000000
-26.300200 -5.522520 0 -0.015274 10.416400 208.143000 778.743000 -13 735 1 0 1.000000
-2.187320 -11.412600 0 -9.058680 -9.923360 215.939000 778.738000 -13 736 1 0 1.000000
-8.725810 2.395340 0 7.447440 -2.164900 193.262000 778.516000 -13 737 1 0 1.000000
-11.970000 -18.962000 0 2.139520 -11.906800 197.449000 778.785000 -13 738 1 0 1.000000
-4.568770 4.025680 0 -0.511099 17.807500 210.936000 778.835000 -13 739 1 0 1.000000
7.572440 -2.923260 0 -7.854420 -8.759290 194.733000 778.795000 -13 740 1 0 1.000000
-1.683720 24.295600 0 3.668440 13.548200 226.062000 778.865000 -13 741 1 0 1.000000
-25.276900 6.912210 0 -5.280050 -6.541730 218.977000 778.681000 -13 742 1 0 1.000000
-3.565320 -7.992800 0 -11.548600 11.401400 210.267000 778.532000 -13 743 1 0 1.000000
-7.506750 4.113390 0 5.799430 -3.101500 187.067000 779.332000 -13 744 1 0 1.000000
-7.613140 3.372280 0 0.895439 17.440200 214.800000 778.646000 -13 745 1 0 1.000000
-16.672900 -25.437500 0 -7.944900 1.296260 210.817000 778.911000 -13 746 1 0 1.000000
-8.559140 -13.650800 0 5.507580 3.810930 210.613000 778.659000 -13 747 1 0 1.000000
-5.988610 3.943710 0 -0.693529 -10.862500 210.899000 778.516000 -13 748 1 0 1.000000
5.722490 6.087980 0 -7.299130 -4.341610 201.939000 778.744000 -13 749 1 0 1.000000
-18.081300 -0.125307 0 -3.200560 -4.954280 225.617000 778.765000 -13 750 1 0 1.000000
-1.060530 -21.407500 0 2.818780 -2.204140 202.697000 778.871000 -13 751 1 0 1.000000
-13.918800 15.699700 0 3.272280 -14.755600 196.769000 778.752000 -13 752 1 0 1.000000
-8.232720 8.900630 0 13.399700 -10.023600 202.162000 778.797000 -13 753 1 0 1.000000
-6.433220 -20.372700 0 -5.007260 -7.520070 197.905000 778.878000 -13 754 1 0 1.000000
6.804200 -14.285500 0 -14.071900 -23.227900 194.770000 778.572000 -13 755 1 0 1.000000
-5.507630 -12.186400 0 3.901860 8.599760 195.070000 778.816000 -13 756 1 0 1.000000
-5.666310 -13.280000 0 -8.779680 10.159800 202.524000 778.779000 -13 757 1 0 1.000000
-13.015200 -12.803500 0 -2.286640 -4.497730 196.457000 778.765000 -13 758 1 0 1.000000
-23.160800 -1.018070 0 -12.455800 -12.781800 196.923000 778.788000 -13 759 1 0 1.000000
10.724000 -17.049600 0 14.906700 -9.523480 212.373000 778.634000 -13 760 1 0 1.000000
-19.383600 -7.808880 0 -7.018500 -5.228530 216.080000 778.733000 -13 761 1 0 1.000000
-1.641740 0.184835 0 -7.221790 2.594120 206.107000 778.996000 -13 762 1 0 1.000000
1.247490 5.603350 0 -5.948830 9.154280 210.978000 778.858000 -13 763 1 0 1.000000
-16.025500 -20.419600 0 0.127919 -1.302580 214.718000 778.650000 -13 764 1 0 1.000000
0.370642 -8.808440 0 -13.513700 -7.619080 210.708000 778.892000 -13 765 1 0 1.000000
-13.795800 -18.255400 0 -19.902200 0.184530 209.025000 778.575000 -13 766 1 0 1.000000
4.296820 -5.290890 0 3.587670 -13.315900 210.808000 778.945000 -13 767 1 0 1.000000
-16.794100 2.492430 0 20.771400 -7.110430 232.477000 778.660000 -13 768 1 0 1.000000
-16.236000 1.891290 0 24.975100 3.332700 226.060000 778.685000 -13 769 1 0 1.000000
1.907240 -21.139100 0 -0.939323 4.692320 201.919000 778.710000 -13 770 1 0 1.000000
-13.000800 -4.002090 0 -3.093960 4.109450 206.651000 778.437000 -13 771 1 0 1.000000
-11.091100 -38.199600 0 -4.626120 -21.557200 205.938000 778.858000 -13 772 1 0 1.000000
-8.093640 -8.861540 0 0.991458 -22.420900 203.787000 778.585000 -13 773 1 0 1.000000
0.203518 20.803100 0 5.398200 -11.097400 212.457000 778.507000 -13 774 1 0 1.000000
-16.967700 6.666720 0 1.919810 -12.714700 220.670000 778.740000 -13 775 1 0 1.000000
-2.377180 -8.793270 0 9.233810 25.099000 220.561000 778.551000 -13 776 1 0 1.000000
-13.408600 6.065090 0 -0.031515 -16.304000 197.162000 778.510000 -13 777 1 0 1.000000
2.906770 -21.564000 0 -0.093053 -25.431900 222.738000 778.693000 -13 778 1 0 1.000000
-15.146400 -4.272020 0 3.170750 0.519190 199.726000 778.843000 -13 779 1 0 1.000000
-5.056940 -13.742200 0 -1.667960 0.500081 189.596000 778.698000 -13 780 1 0 1.000000
-5.311880 -14.810100 0 19.230500 7.945600 185.206000 778.623000 -13 781 1 0 1.000000
-3.016700 -7.705810 0 1.567660 -2.759720 214.911000 778.708000 -13 782 1 0 1.000000
-26.576800 8.888570 0 -13.197000 3.702070 210.562000 778.968000 -13 783 1 0 1.000000
-21.388600 -4.312200 0 15.188400 -1.306370 221.703000 778.743000 -13 784 1 0 1.000000
-0.416945 -1.476030 0 -2.408090 15.163200 183.021000 778.743000 -13 785 1 0 1.000000
-6.012570 -13.714700 0 12.650800 19.944200 218.892000 778.782000 -13 786 1 0 1.000000
-21.393300 -5.482100 0 -0.233329 -0.064009 202.185000 779.035000 -13 787 1 0 1.000000
-7.024520 9.991510 0 -5.065740 -15.333600 204.858000 778.645000 -13 788 1 0 1.000000
-10.856000 -1.831970 0 -7.784600 11.250900 213.278000 778.682000 -13 789 1 0 1.000000
-13.603400 -2.277560 0 1.728950 5.618250 191.114000 778.397000 -13 790 1 0 1.000000
16.831600 -5.958610 0 19.507000 -1.899430 219.177000 778.922000 -13 791 1 0 1.000000
-11.556000 6.359830 0 -0.512276 -0.526857 223.108000 778.938000 -13 792 1 0 1.000000
-0.990709 -29.876500 0 5.694150 -30.028000 221.563000 778.653000 -13 793 1 0 1.000000
9.787960 -14.314800 0 5.925690 -10.397400 183.399000 778.921000 -13 794 1 0 1.000000
1.549460 -14.151800 0 -15.881500 -12.555200 224.391000 778.945000 -13 795 1 0 1.000000
0.567006 -15.807500 0 3.149770 22.292800 226.096000 778.708000 -13 796 1 0 1.000000
-6.770120 4.506340 0 18.201100 -4.768420 219.535000 778.656000 -13 797 1 0 1.000000
-14.362900 -15.634400 0 0.225933 8.695560 227.107000 778.977000 -13 798 1 0 1.000000
-12.753000 -1.336440 0 9.173250 2.426340 211.996000 778.853000 -13 799 1 0 1.000000
-21.363500 -11.451400 0 21.133500 12.965900 221.070000 778.625000 -13 800 1 0 1.000000
-15.588200 -24.848600 0 -8.174560 3.195990 216.502000 778.720000 -13 801 1 0 1.000000
-5.783830 15.366100 0 8.406760 0.641451 220.522000 778.775000 -13 802 1 0 1.000000
-7.049550 18.067700 0 13.411800 -5.454000 206.122000 778.873000 -13 803 1 0 1.000000
-15.546500 -1.105270 0 18.293300 -8.917760 213.408000 778.772000 -13 804 1 0 1.000000
-27.473000 -1.475970 0 0.812835 4.297470 193.681000 778.913000 -13 805 1 0 1.000000
-19.096000 -6.946530 0 -2.496880 7.962230 213.310000 778.828000 -13 806 1 0 1.000000
1.728110 -0.216930 0 -1.508220 11.998700 228.467000 778.531000 -13 807 1 0 1.000000
3.860250 -11.339700 0 -2.091690 -3.026050 234.605000 778.667000 -13 808 1 0 1.000000
3.369450 -2.986140 0 -18.127000 3.556750 198.211000 778.657000 -13 809 1 0 1.000000
-27.963900 -9.908140 0 -2.105280 -3.174270 192.912000 778.554000 -13 810 1 0 1.000000
0.964297 -10.380800 0 -4.249020 -6.929200 199.443000 778.886000 -13 811 1 0 1.000000
-11.290900 -6.774010 0 -17.117300 -9.908850 220.828000 778.543000 -13 812 1 0 1.000000
-12.321900 -13.482200 0 -2.175950 -0.201749 199.498000 778.535000 -13 813 1 0 1.000000
14.316400 -26.678200 0 -12.560800 -6.792790 210.023000 778.497000 -13 814 1 0 1.000000
4.618410 -14.509900 0 -22.239200 4.655530 227.317000 778.759000 -13 815 1 0 1.000000
-1.426880 14.586700 0 4.732330 -5.541500 219.365000 778.648000 -13 816 1 0 1.000000
-11.487200 0.532063 0 -17.719100 0.007350 220.076000 778.571000 -13 817 1 0 1.000000
-4.983880 -11.393900 0 -6.811160 11.915500 208.124000 778.645000 -13 818 1 0 1.000000
-16.978300 -18.929000 0 -9.795440 -7.333490 219.959000 778.613000 -13 819 1 0 1.000000
-12.183800 -4.409400 0 -14.982100 9.459930 202.651000 778.502000 -13 820 1 0 1.000000
-20.431700 2.180080 0 17.641700 12.415600 222.867000 778.581000 -13 821 1 0 1.000000
-4.810130 -10.082500 0 -2.452380 11.507700 218.268000 778.621000 -13 822 1 0 1.000000
-22.659500 -7.167550 0 2.572870 -6.957060 221.062000 778.827000 -13 823 1 0 1.000000
-4.692470 -0.226677 0 -8.516180 9.149620 202.891000 778.430000 -13 824 1 0 1.000000
1.973660 -14.861300 0 -2.773230 -11.080600 211.154000 778.854000 -13 825 1 0 1.000000
8.404560 -5.920820 0 -16.664900 1.712450 191.232000 778.870000 -13 826 1 0 1.000000
-12.566600 -26.187000 0 -21.056600 9.118870 200.844000 778.664000 -13 827 1 0 1.000000
-22.310600 -8.884200 0 -5.178520 10.194400 201.212000 778.910000 -13 828 1 0 1.000000
2.566660 4.211740 0 -3.951670 3.942740 182.000000 778.678000 -13 829 1 0 1.000000
3.797900 -2.995230 0 4.089290 -8.070980 202.118000 778.796000 -13 830 1 0 1.000000
-13.869400 11.915000 0 13.928900 0.976939 202.997000 779.044000 -13 831 1 0 1.000000
13.326200 14.645500 0 -6.397060 18.007700 224.783000 778.906000 -13 832 1 0 1.000000
2.927970 -23.777000 0 -21.961600 -5.999330 206.723000 778.604000 -13 833 1 0 1.000000
-9.442830 -15.509400 0 -1.359630 -33.874600 204.799000 778.780000 -13 834 1 0 1.000000
-14.455800 -8.810520 0 15.065500 -7.622420 215.916000 778.573000 -13 835 1 0 1.000000
-33.879300 -14.429400 0 11.905600 16.274900 221.217000 778.629000 -13 836 1 0 1.000000
-1.789400 -10.699400 0 1.881320 -7.250460 212.377000 778.431000 -13 837 1 0 1.000000
-11.470500 11.284900 0 0.328779 -7.837460 200.302000 778.746000 -13 838 1 0 1.000000
-15.459100 -5.818840 0 13.354700 -2.085830 204.284000 778.802000 -13 839 1 0 1.000000
-8.413010 -19.269700 0 10.246800 9.912850 191.194000 778.661000 -13 840 1 0 1.000000
-3.706900 0.468514 0 -16.741500 -2.630920 210.826000 778.477000 -13 841 1 0 1.000000
-14.453000 -29.318100 0 -11.252300 -24.696000 198.109000 778.805000 -13 842 1 0 1.000000
15.523700 -5.194970 0 5.484380 7.417830 199.446000 778.789000 -13 843 1 0 1.000000
-11.287700 9.582280 0 6.488900 -12.947700 220.403000 778.793000 -13 844 1 0 1.000000
-5.638460 -13.439500 0 -15.448200 2.711040 205.418000 778.681000 -13 845 1 0 1.000000
3.868020 -8.285360 0 0.730674 9.971270 196.571000 778.801000 -13 846 1 0 1.000000
1.024710 -8.766850 0 -13.716100 -14.062600 186.827000 778.651000 -13 847 1 0 1.000000
3.990150 1.853690 0 -11.516700 12.983300 199.149000 778.665000 -13 848 1 0 1.000000
-23.185100 1.648370 0 31.259100 3.167980 209.057000 778.642000 -13 849 1 0 1.000000
7.171900 -18.845900 0 3.794950 -22.667000 198.231000 778.794000 -13 850 1 0 1.000000
-14.631200 8.415160 0 15.166300 -4.104770 198.560000 778.856000 -13 851 1 0 1.000000
-22.103100 -8.218550 0 -4.837670 5.190180 188.705000 778.776000 -13 852 1 0 1.000000
-19.763700 -5.911440 0 -0.290975 -6.818030 201.825000 778.519000 -13 853 1 0 1.000000
-1.609210 -13.656200 0 -16.903700 -7.794320 222.607000 778.476000 -13 854 1 0 1.000000
3.152970 -17.189400 0 -19.547500 -11.132100 194.080000 778.753000 -13 855 1 0 1.000000
-18.240000 -13.269100 0 -4.278940 9.782610 193.445000 778.549000 -13 856 1 0 1.000000
-0.318870 -14.180800 0 8.101910 12.011900 188.808000 778.819000 -13 857 1 0 1.000000
-13.016500 -16.754600 0 15.005800 5.946880 214.060000 778.934000 -13 858 1 0 1.000000
-0.756284 4.654180 0 -16.072800 8.390210 218.206000 778.925000 -13 859 1 0 1.000000
-4.968460 -7.415170 0 4.768420 -6.579470 199.380000 778.795000 -13 860 1 0 1.000000
-14.992700 -20.174300 0 -9.245050 -20.319600 223.033000 778.681000 -13 861 1 0 1.000000
3.915630 -18.619000 0 15.184400 5.689430 209.989000 778.806000 -13 862 1 0 1.000000
20.390600 -24.561500 0 -15.128800 23.402900 203.834000 778.815000 -13 863 1 0 1.000000
-13.332700 -13.481500 0 -7.928100 2.262160 223.611000 778.747000 -13 864 1 0 1.000000
1.878010 -11.333300 0 -4.715620 -8.377390 203.795000 778.943000 -13 865 1 0 1.000000
5.805520 -6.507090 0 0.098836 -15.464800 193.931000 778.603000 -13 866 1 0 1.000000
-1.208620 -7.142030 0 49.526900 37.842500 225.531000 778.704000 -13 867 1 0 1.000000
-11.874800 -12.099300 0 -10.937800 -19.327100 216.736000 778.555000 -13 868 1 0 1.000000
-5.739570 0.565153 0 -7.727820 -5.947880 197.486000 778.847000 -13 869 1 0 1.000000
-5.765260 -13.194700 0 14.829900 -7.421540 186.818000 778.762000 -13 870 1 0 1.000000
-1.215450 -12.906400 0 31.589600 13.957400 210.567000 778.581000 -13 871 1 0 1.000000
-6.371630 1.954410 0 -3.999350 0.054454 189.028000 778.694000 -13 872 1 0 1.000000
22.284000 -26.525700 0 -23.255100 14.840700 240.132000 778.807000 -13 873 1 0 1.000000
5.317950 -11.465900 0 1.435410 -15.912500 187.018000 778.609000 -13 874 1 0 1.000000
5.201630 -14.303500 0 -11.363500 14.346000 204.320000 778.855000 -13 875 1 0 1.000000
-14.661300 2.300390 0 -26.593300 -1.254710 210.557000 778.741000 -13 876 1 0 1.000000
-28.435400 10.051800 0 15.709300 -0.759060 226.561000 778.751000 -13 877 1 0 1.000000
0.691386 -4.521090 0 3.518480 -28.059600 188.581000 778.819000 -13 878 1 0 1.000000
-0.698857 -13.891800 0 -3.503060 0.720497 202.245000 778.827000 -13 879 1 0 1.000000
-10.233400 4.155790 0 6.952670 2.854100 213.903000 778.749000 -13 880 1 0 1.000000
-12.291100 -7.566100 0 10.247700 -7.772340 212.598000 778.733000 -13 881 1 0 1.000000
4.510640 2.121090 0 -8.561710 -11.665200 202.605000 778.786000 -13 882 1 0 1.000000
-5.776100 -20.025100 0 8.016040 11.272100 212.358000 778.671000 -13 883 1 0 1.000000
7.189600 -19.698300 0 -5.532700 0.505319 225.554000 778.619000 -13 884 1 0 1.000000
1.478360 7.936960 0 -3.522720 13.144100 193.434000 778.675000 -13 885 1 0 1.000000
2.051990 4.698830 0 2.595460 -11.010600 194.509000 778.756000 -13 886 1 0 1.000000
-8.984390 -3.633850 0 -3.940690 1.219940 202.630000 778.727000 -13 887 1 0 1.000000
-5.582330 -14.646800 0 -6.927800 10.264500 202.437000 778.710000 -13 888 1 0 1.000000
-15.531300 -3.831420 0 3.072090 -28.400200 195.904000 778.634000 -13 889 1 0 1.000000
2.039430 -14.467400 0 -0.589738 1.187440 196.985000 778.529000 -13 890 1 0 1.000000
-11.886200 -9.425470 0 6.337990 -4.562570 204.532000 778.738000 -13 891 1 0 1.000000
11.441100 -17.596000 0 2.932190 10.948800 204.381000 778.541000 -13 892 1 0 1.000000
-11.026000 -16.009400 0 12.375100 -11.136200 190.187000 778.601000 -13 893 1 0 1.000000
-5.599520 -3.264950 0 -3.284200 3.290560 210.190000 778.754000 -13 894 1 0 1.000000
1.292740 -3.655340 0 -1.362270 -6.617010 194.963000 778.596000 -13 895 1 0 1.000000
-2.702520 -33.505200 0 -11.440200 24.445500 236.208000 778.592000 -13 896 1 0 1.000000
6.750310 -6.418710 0 -5.196700 4.855470 192.267000 778.638000 -13 897 1 0 1.000000
-11.489600 -20.415500 0 -6.946320 -4.718650 215.459000 778.715000 -13 898 1 0 1.000000
-2.923950 -13.873100 0 6.540890 2.172460 200.715000 778.671000 -13 899 1 0 1.000000
-11.378200 -12.671700 0 -1.538340 0.180754 199.087000 778.536000 -13 900 1 0 1.000000
-2.346500 -7.627770 0 9.368070 1.510860 195.298000 778.876000 -13 901 1 0 1.000000
12.180200 -8.864100 0 21.890400 -1.337950 200.471000 778.702000 -13 902 1 0 1.000000
-4.537690 -13.312300 0 -8.854800 3.157120 201.339000 778.715000 -13 903 1 0 1.000000
-6.802270 -13.361800 0 -3.330780 0.627450 192.686000 778.623000 -13 904 1 0 1.000000
-14.711000 -11.960100 0 0.779702 14.002000 196.097000 778.699000 -13 905 1 0 1.000000
-18.057400 -14.427600 0 -2.596310 3.145410 217.961000 778.678000 -13 906 1 0 1.000000
-12.602700 -20.034700 0 -10.932800 4.256780 208.539000 778.682000 -13 907 1 0 1.000000
-13.807400 -21.423200 0 9.413240 15.888100 222.764000 778.690000 -13 908 1 0 1.000000
-12.981700 -11.267700 0 -21.520100 6.661860 217.449000 778.831000 -13 909 1 0 1.000000
-3.874380 -12.054400 0 2.254550 -6.618490 208.069000 778.922000 -13 910 1 0 1.000000
-13.714500 -12.198900 0 13.418800 -19.333300 213.451000 778.806000 -13 911 1 0 1.000000
-9.982960 -12.281800 0 14.387600 1.788930 208.273000 778.674000 -13 912 1 0 1.000000
13.002200 -15.320200 0 7.626150 6.960770 207.141000 778.760000 -13 913 1 0 1.000000
-0.004883 -2.346570 0 -1.205810 -19.602900 210.103000 778.929000 -13 914 1 0 1.000000
-36.722500 41.215900 0 20.270400 -6.999640 230.044000 778.949000 -13 915 1 0 1.000000
-15.765900 3.291480 0 -3.484770 14.989100 209.725000 778.810000 -13 916 1 0 1.000000
10.586500 -20.766300 0 18.705500 15.826200 204.939000 778.915000 -13 917 1 0 1.000000
-10.102600 -26.297700 0 -3.031470 -23.419800 200.632000 778.830000 -13 918 1 0 1.000000
-0.810796 -5.695950 0 -2.632030 7.325380 188.982000 778.995000 -13 919 1 0 1.000000
-22.837700 -3.196970 0 -4.262330 2.257160 185.813000 778.786000 -13 920 1 0 1.000000
0.077597 -2.816690 0 15.561200 -16.225800 214.921000 778.682000 -13 921 1 0 1.000000
-12.560300 -24.099200 0 8.356720 -7.250960 218.705000 778.774000 -13 922 1 0 1.000000
-3.150230 -22.760700 0 -7.722160 3.109370 222.854000 778.725000 -13 923 1 0 1.000000
6.592240 0.959989 0 17.771500 29.879200 211.091000 778.521000 -13 924 1 0 1.000000
-8.700640 -27.288100 0 11.699300 18.071100 208.799000 778.768000 -13 925 1 0 1.000000
-18.858600 -30.209700 0 -22.090500 7.875890 211.302000 778.781000 -13 926 1 0 1.000000
-20.362600 -3.014010 0 -6.336120 -1.081640 204.781000 778.864000 -13 927 1 0 1.000000
-16.166500 6.723200 0 -21.123100 7.820390 199.573000 778.646000 -13 928 1 0 1.000000
4.096590 -13.408300 0 -9.650410 -4.939600 209.357000 778.719000 -13 929 1 0 1.000000
-22.150000 -34.373600 0 0.230308 14.297700 211.729000 778.787000 -13 930 1 0 1.000000
-3.020170 -12.137200 0 -7.119720 -5.428100 202.337000 778.768000 -13 931 1 0 1.000000
-3.133790 -26.674200 0 -5.322170 18.003200 212.609000 778.666000 -13 932 1 0 1.000000
13.043300 -10.017000 0 18.112100 27.646200 204.894000 778.997000 -13 933 1 0 1.000000
-0.315801 -8.530060 0 -8.540340 0.863295 183.567000 778.733000 -13 934 1 0 1.000000
-4.109620 -6.032130 0 20.827200 0.314848 192.565000 778.902000 -13 935 1 0 1.000000
9.121260 0.894785 0 10.414800 9.289240 214.887000 778.764000 -13 936 1 0 1.000000
-5.984340 -10.877500 0 19.440200 11.152200 227.616000 778.719000 -13 937 1 0 1.000000
0.332734 -11.598700 0 -24.352200 9.704450 216.622000 778.383000 -13 938 1 0 1.000000
7.649080 -6.066420 0 -14.291100 9.397970 196.739000 778.676000 -13 939 1 0 1.000000
-17.709600 0.267783 0 5.973890 -1.407730 214.508000 778.787000 -13 940 1 0 1.000000
-24.534200 -3.100010 0 1.214700 8.074820 206.719000 778.594000 -13 941 1 0 1.000000
7.384760 9.737610 0 -7.685260 -0.830761 204.657000 778.725000 -13 942 1 0 1.000000
-14.356800 -9.576920 0 -4.730460 1.419810 209.290000 778.679000 -13 943 1 0 1.000000
-14.924200 -6.834630 0 -2.727910 -22.267900 209.922000 778.838000 -13 944 1 0 1.000000
17.516300 -10.093800 0 5.580270 0.187398 222.067000 778.630000 -13 945 1 0 1.000000
-7.278230 -19.101700 0 0.460085 16.738900 198.148000 778.689000 -13 946 1 0 1.000000
-11.819100 -20.064000 0 -2.985550 13.845900 190.823000 778.673000 -13 947 1 0 1.000000
-17.117500 -5.400120 0 -10.716800 3.859450 187.762000 778.428000 -13 948 1 0 1.000000
-3.137610 -23.299900 0 -7.740620 23.883100 207.613000 778.768000 -13 949 1 0 1.000000
4.581050 0.789229 0 8.769510 4.707190 215.989000 778.754000 -13 950 1 0 1.000000
-15.068600 4.754750 0 16.590000 2.069350 198.915000 778.671000 -13 951 1 0 1.000000
-1.452240 0.149545 0 2.641560 -3.532940 189.197000 778.723000 -13 952 1 0 1.000000
-10.188400 7.743410 0 5.037570 -3.635750 215.336000 778.540000 -13 953 1 0 1.000000
-4.929430 -12.568700 0 -12.481600 -19.551700 246.388000 778.645000 -13 954 1 0 1.000000
-13.545800 -9.662960 0 7.549200 -15.372000 228.216000 778.820000 -13 955 1 0 1.000000
7.702660 -32.612100 0 -0.711488 13.202100 238.136000 778.759000 -13 956 1 0 1.000000
-7.286930 -19.455000 0 -24.019800 -3.599750 225.048000 778.735000 -13 957 1 0 1.000000
-3.456120 -6.057430 0 -4.322770 12.399800 221.332000 778.758000 -13 958 1 0 1.000000
-25.535400 -11.031000 0 -11.896800 -23.469900 228.055000 778.683000 -13 959 1 0 1.000000
-12.654200 -2.227840 0 7.927150 -8.538390 217.709000 778.681000 -13 960 1 0 1.000000
-14.082800 -11.493400 0 6.649700 2.191300 232.874000 778.770000 -13 961 1 0 1.000000
-10.873600 -6.628920 0 1.012340 11.156400 217.520000 778.704000 -13 962 1 0 1.000000
-8.805830 -8.985700 0 -0.425075 -1.914570 227.128000 778.648000 -13 963 1 0 1.000000
-5.128490 -11.872600 0 0.207602 -10.873100 208.347000 778.295000 -13 964 1 0 1.000000
-5.836300 10.443500 0 28.876500 -49.297800 237.894000 778.738000 -13 965 1 0 1.000000
-16.008500 -19.963800 0 7.581690 49.985300 241.149000 778.719000 -13 966 1 0 1.000000
-2.941270 5.650500 0 0.044359 3.824700 190.446000 778.781000 -13 967 1 0 1.000000
-0.688760 10.897000 0 -10.918100 15.720900 213.681000 778.722000 -13 968 1 0 1.000000
7.804260 -18.128500 0 -22.683200 4.028900 228.676000 778.474000 -13 969 1 0 1.000000
9.213680 0.196367 0 -28.894200 -16.341900 229.382000 778.866000 -13 970 1 0 1.000000
-8.254680 -0.403825 0 -1.272890 -13.462600 208.946000 778.478000 -13 971 1 0 1.000000
-29.549000 -3.225510 0 -15.215600 4.385500 232.027000 778.668000 -13 972 1 0 1.000000
-14.720700 -8.450470 0 12.369200 3.146660 225.018000 779.045000 -13 973 1 0 1.000000
-31.683700 -0.189348 0 5.658290 -7.914540 199.833000 778.806000 -13 974 1 0 1.000000
-0.466441 -17.882600 0 -19.601100 6.819020 223.762000 778.360000 -13 975 1 0 1.000000
7.627440 -1.948010 0 23.662800 -7.909920 189.181000 778.752000 -13 976 1 0 1.000000
-7.631270 -16.043300 0 -16.884200 -9.362800 211.502000 778.797000 -13 977 1 0 1.000000
-0.174784 9.401250 0 -2.172590 -0.587204 211.233000 778.654000 -13 978 1 0 1.000000
4.788810 -25.704100 0 1.343250 7.615580 218.264000 778.764000 -13 979 1 0 1.000000
-23.069400 -8.630750 0 -21.099300 20.940100 213.905000 778.626000 -13 980 1 0 1.000000
17.090300 -3.391440 0 -25.073100 -3.921090 194.094000 778.762000 -13 981 1 0 1.000000
-8.961040 -9.716840 0 8.204990 -10.052500 209.419000 778.683000 -13 982 1 0 1.000000
-11.836700 -25.316500 0 13.352700 -19.004600 190.340000 778.696000 -13 983 1 0 1.000000
6.543680 -7.067190 0 -0.698154 -4.587800 204.014000 778.585000 -13 984 1 0 1.000000
1.548610 -1.175150 0 13.029800 -17.004000 186.851000 778.737000 -13 985 1 0 1.000000
-2.504810 -3.883920 0 1.437330 -3.169500 216.235000 778.741000 -13 986 1 0 1.000000
-16.710600 -3.788300 0 15.474300 4.783200 205.840000 779.125000 -13 987 1 0 1.000000
-5.382600 -9.328820 0 -30.266600 17.733400 215.553000 778.854000 -13 988 1 0 1.000000
-6.195960 -17.362500 0 -7.433890 8.608760 211.206000 778.748000 -13 989 1 0 1.000000
-3.438020 2.942120 0 9.237450 2.984650 206.230000 778.688000 -13 990 1 0 1.000000
9.305490 10.134900 0 -10.497000 -12.936300 197.593000 778.953000 -13 991 1 0 1.000000
2.050940 -11.456100 0 -5.461640 2.799180 177.074000 778.733000 -13 992 1 0 1.000000
-24.771100 -19.484500 0 -24.322300 -21.496900 213.772000 779.035000 -13 993 1 0 1.000000
-7.403830 -10.902400 0 24.297400 -4.361820 207.082000 778.992000 -13 994 1 0 1.000000
-23.624300 -15.144100 0 8.824550 -8.722580 215.192000 778.723000 -13 995 1 0 1.000000
-28.689300 13.070800 0 15.646800 -6.161540 198.027000 778.855000 -13 996 1 0 1.000000
-7.794380 -20.090000 0 7.410440 -8.453360 205.378000 778.913000 -13 997 1 0 1.000000
-19.325800 1.464000 0 2.338960 -15.472000 216.811000 778.569000 -13 998 1 0 1.000000
3.805260 -17.807300 0 2.418390 -11.908300 211.387000 778.760000 -13 999 1 0 1.000000
11.510300 -7.458860 0 -2.736710 -7.516740 197.901000 778.741000 -13 1000 1 0 1.000000
2.451700 16.700700 0 -20.388500 -17.049200 210.100000 778.794000 -13 1001 1 0 1.000000
7.262570 -0.241056 0 -3.944860 3.234530 212.317000 778.753000 -13 1002 1 0 1.000000
-5.604890 -5.120730 0 22.258400 -1.777690 199.263000 778.976000 -13 1003 1 0 1.000000
-28.478600 3.171310 0 -9.301440 -7.295830 207.407000 778.819000 -13 1004 1 0 1.000000
-22.325200 -9.963940 0 13.681700 -4.479520 208.581000 778.873000 -13 1005 1 0 1.000000
-19.681100 -11.541300 0 -10.035700 -3.922240 207.622000 778.832000 -13 1006 1 0 1.000000
-5.126650 1.395930 0 -9.513100 -9.487340 205.893000 778.778000 -13 1007 1 0 1.000000
-10.572900 -11.071700 0 -1.191430 -9.123080 206.767000 778.771000 -13 1008 1 0 1.000000
-2.250720 -5.832470 0 -9.362850 -9.268630 203.132000 778.744000 -13 1009 1 0 1.000000
-9.430540 14.532000 0 3.410120 -25.946100 221.655000 778.915000 -13 1010 1 0 1.000000
-17.213400 -11.369400 0 -13.511100 20.082800 218.997000 778.773000 -13 1011 1 0 1.000000
-15.226800 -16.700600 0 -1.473960 -4.210090 195.509000 778.621000 -13 1012 1 0 1.000000
2.803540 -2.106600 0 -11.683300 3.758760 205.301000 778.762000 -13 1013 1 0 1.000000
-7.580320 -0.921491 0 -5.949830 -7.249650 195.166000 778.637000 -13 1014 1 0 1.000000
-10.975900 6.873630 0 9.368030 0.161791 211.864000 778.703000 -13 1015 1 0 1.000000
0.486360 -21.996000 0 -13.288400 9.866510 196.669000 778.917000 -13 1016 1 0 1.000000
-7.031020 -8.735990 0 17.777400 1.206130 209.471000 778.802000 -13 1017 1 0 1.000000
6.255790 -9.530830 0 -18.146700 -2.832470 214.259000 778.540000 -13 1018 1 0 1.000000
5.814640 -9.321700 0 15.994200 0.872203 221.260000 778.797000 -13 1019 1 0 1.000000
-11.693000 -6.595970 0 -5.787970 -5.947090 210.808000 778.693000 -13 1020 1 0 1.000000
5.842330 4.421610 0 -15.375600 -1.285950 198.810000 778.786000 -13 1021 1 0 1.000000
-3.117900 -11.058900 0 -6.149640 2.110420 205.887000 778.706000 -13 1022 1 0 1.000000
-11.350400 2.001270 0 10.648500 -15.625900 213.566000 778.653000 -13 1023 1 0 1.000000
-15.942700 -4.665890 0 20.624800 -11.907400 227.410000 778.575000 -13 1024 1 0 1.000000
-21.118800 -3.431520 0 5.133950 2.678770 210.500000 778.743000 -13 1025 1 0 1.000000
11.589700 -17.172900 0 -12.498000 2.050960 193.045000 778.708000 -13 1026 1 0 1.000000
-4.958790 -8.221760 0 9.917170 -8.026730 196.137000 778.740000 -13 1027 1 0 1.000000
-9.989730 -23.521000 0 -13.471000 20.154800 230.749000 778.558000 -13 1028 1 0 1.000000
-1.378250 -2.795520 0 -8.099470 -3.565790 198.039000 778.745000 -13 1029 1 0 1.000000
6.016040 -6.853670 0 2.249490 4.682380 199.981000 778.702000 -13 1030 1 0 1.000000
-17.696100 -15.308100 0 5.802720 -9.011840 211.512000 778.628000 -13 1031 1 0 1.000000
-28.458900 -2.517800 0 10.060400 -11.516400 208.155000 778.702000 -13 1032 1 0 1.000000
-15.504900 -25.471000 0 -4.653800 0.434496 218.232000 778.617000 -13 1033 1 0 1.000000
-16.222700 -6.257620 0 -14.621200 -12.983500 199.872000 778.688000 -13 1034 1 0 1.000000
-13.905200 1.731610 0 6.744080 0.496572 207.204000 779.103000 -13 1035 1 0 1.000000
-25.615700 8.102700 0 -14.280600 17.444100 216.961000 778.548000 -13 1036 1 0 1.000000
1.397330 -22.901200 0 -8.060030 -18.711100 191.068000 778.791000 -13 1037 1 0 1.000000
2.082980 6.587310 0 -9.061640 -3.780080 195.750000 778.678000 -13 1038 1 0 1.000000
-3.146700 -0.236017 0 -3.882300 -6.494010 191.002000 778.523000 -13 1039 1 0 1.000000
-11.733500 8.990980 0 2.711350 1.988980 190.748000 778.860000 -13 1040 1 0 1.000000
-7.815170 -4.178680 0 -0.906293 2.566310 210.654000 778.922000 -13 1041 1 0 1.000000
-11.475400 -8.158110 0 9.575460 -1.221530 221.477000 778.722000 -13 1042 1 0 1.000000
2.148350 -41.830000 0 -2.995860 -7.230170 205.262000 778.894000 -13 1043 1 0 1.000000
-4.398660 -13.390000 0 -8.259530 9.392090 185.487000 778.680000 -13 1044 1 0 1.000000
-13.635900 -3.443740 0 0.689915 -3.944740 216.837000 778.801000 -13 1045 1 0 1.000000
2.370160 -15.763700 0 -17.434300 1.675720 192.996000 778.586000 -13 1046 1 0 1.000000
26.305000 -30.844100 0 -10.684400 -21.766000 232.928000 778.608000 -13 1047 1 0 1.000000
15.327300 18.017300 0 -13.228500 -10.709100 212.741000 778.750000 -13 1048 1 0 1.000000
-13.145300 -2.774570 0 2.166610 -4.430310 208.548000 778.832000 -13 1049 1 0 1.000000
-0.742892 -13.345800 0 -6.610590 12.587100 216.453000 778.742000 -13 1050 1 0 1.000000
-19.043000 -16.332700 0 -13.584700 9.601110 230.639000 778.720000 -13 1051 1 0 1.000000
-11.444400 6.138570 0 -30.633800 6.123210 213.286000 778.842000 -13 1052 1 0 1.000000
4.665460 -1.244470 0 0.583495 12.060600 209.425000 778.793000 -13 1053 1 0 1.000000
-11.157100 -12.357100 0 16.131200 -23.554700 204.119000 778.974000 -13 1054 1 0 1.000000
-11.969200 -4.616120 0 -1.404690 7.831340 219.146000 778.888000 -13 1055 1 0 1.000000
-2.942970 -1.879270 0 10.567400 5.951370 221.214000 778.774000 -13 1056 1 0 1.000000
-27.251600 -9.039210 0 6.945800 10.428300 227.044000 778.750000 -13 1057 1 0 1.000000
-4.457800 6.139250 0 5.556980 -12.164800 205.193000 778.889000 -13 1058 1 0 1.000000
-11.759000 -2.696810 0 0.160615 6.101700 220.221000 778.977000 -13 1059 1 0 1.000000
-7.937330 -3.846710 0 -9.875990 8.970370 220.341000 778.589000 -13 1060 1 0 1.000000
1.831530 -2.415670 0 4.816370 -4.788150 193.652000 778.540000 -13 1061 1 0 1.000000
-12.000600 -7.916550 0 -8.767220 9.187370 218.819000 778.425000 -13 1062 1 0 1.000000
-10.330000 -10.321400 0 5.280600 3.178080 204.524000 778.483000 -13 1063 1 0 1.000000
-4.199770 -14.212000 0 -21.657200 27.401900 231.499000 778.933000 -13 1064 1 0 1.000000
5.457190 -16.529400 0 -8.428830 3.558310 202.460000 778.578000 -13 1065 1 0 1.000000
-4.784100 -5.301100 0 11.373300 2.444080 216.407000 778.678000 -13 1066 1 0 1.000000
-16.210500 -13.182200 0 -8.047250 15.761400 199.244000 778.664000 -13 1067 1 0 1.000000
-7.015120 -15.501400 0 3.883600 -11.672500 195.293000 778.816000 -13 1068 1 0 1.000000
-7.686390 -14.849400 0 -13.223700 -4.388900 203.292000 778.869000 -13 1069 1 0 1.000000
8.927110 -21.870300 0 0.088893 -14.755600 209.577000 778.623000 -13 1070 1 0 1.000000
-3.294170 5.270460 0 -1.993330 -12.527800 234.064000 778.792000 -13 1071 1 0 1.000000
-10.697200 -6.171520 0 13.744000 -5.022280 202.307000 778.576000 -13 1072 1 0 1.000000
-0.974674 -14.160400 0 -0.189642 -1.475210 205.977000 778.676000 -13 1073 1 0 1.000000
-12.379500 -3.784690 0 -5.631470 -4.988940 212.339000 778.750000 -13 1074 1 0 1.000000
-25.349800 4.642870 0 11.219300 -3.905490 230.259000 778.898000 -13 1075 1 0 1.000000
-15.427200 -12.990000 0 8.618450 -9.765390 224.492000 778.719000 -13 1076 1 0 1.000000
-8.642010 -2.608880 0 9.125230 0.334773 200.464000 778.626000 -13 1077 1 0 1.000000
-1.209970 -8.660540 0 3.012720 1.288930 188.666000 778.694000 -13 1078 1 0 1.000000
-25.892800 -5.125620 0 -6.041790 7.522030 234.291000 778.583000 -13 1079 1 0 1.000000
-2.600240 -11.495100 0 5.360250 -11.730900 202.594000 778.815000 -13 1080 1 0 1.000000
-5.878660 -8.890500 0 5.664370 5.065870 196.546000 778.717000 -13 1081 1 0 1.000000
-3.951300 -12.113700 0 -0.651660 -5.686210 200.494000 778.932000 -13 1082 1 0 1.000000
-21.067700 15.935500 0 8.980480 -12.780800 195.114000 778.687000 -13 1083 1 0 1.000000
-7.250340 -10.372400 0 -14.470500 -2.519020 205.570000 778.762000 -13 1084 1 0 1.000000
3.714990 -1.277230 0 -14.348800 -23.238600 236.247000 778.621000 -13 1085 1 0 1.000000
-4.068710 17.465500 0 -0.105793 7.795650 213.752000 778.619000 -13 1086 1 0 1.000000
-4.440700 -11.374800 0 -12.004500 -2.192960 198.330000 778.588000 -13 1087 1 0 1.000000
-14.817200 10.086200 0 3.485360 1.499610 207.867000 778.577000 -13 1088 1 0 1.000000
-6.333360 -19.946600 0 -7.104580 -3.549960 213.237000 778.514000 -13 1089 1 0 1.000000
-20.623900 -22.054900 0 31.508300 19.484100 223.983000 779.048000 -13 1090 1 0 1.000000
-6.934900 -3.421170 0 15.831000 -15.275300 203.807000 779.009000 -13 1091 1 0 1.000000
7.413590 -13.045100 0 10.962900 4.340140 201.924000 778.662000 -13 1092 1 0 1.000000
-15.202200 -15.247100 0 6.047920 -1.314750 217.613000 778.636000 -13 1093 1 0 1.000000
-7.169720 -7.706100 0 -9.071350 0.480505 209.492000 778.518000 -13 1094 1 0 1.000000
-8.726270 -5.026340 0 21.520600 20.106000 211.726000 778.789000 -13 1095 1 0 1.000000
-32.759100 4.320660 0 -8.836380 19.067800 220.120000 778.593000 -13 1096 1 0 1.000000
5.107360 -23.345700 0 -17.233200 -15.934800 195.321000 778.476000 -13 1097 1 0 1.000000
8.405800 -10.005700 0 -6.935830 -2.166050 203.826000 778.659000 -13 1098 1 0 1.000000
-23.449600 2.315250 0 -3.084980 -2.126340 213.011000 778.454000 -13 1099 1 0 1.000000
-2.324590 -2.748220 0 -20.375300 10.820400 192.489000 778.580000 -13 1100 1 0 1.000000
-13.302200 -10.591900 0 16.530800 -6.651350 221.869000 778.780000 -13 1101 1 0 1.000000
-23.664700 -5.964840 0 -18.931000 16.508000 213.361000 778.685000 -13 1102 1 0 1.000000
-18.266200 16.454400 0 10.453100 -30.781900 209.667000 778.703000 -13 1103 1 0 1.000000
-20.051300 -39.228900 0 16.058600 0.674006 220.617000 778.854000 -13 1104 1 0 1.000000
3.281450 -14.528600 0 0.270250 -17.715200 222.480000 778.825000 -13 1105 1 0 1.000000
-6.300740 -16.194100 0 1.393230 -8.136530 202.273000 778.659000 -13 1106 1 0 1.000000
12.547700 -9.074170 0 6.065280 11.130800 216.203000 778.732000 -13 1107 1 0 1.000000
-5.021320 -4.726370 0 -10.834500 5.502710 223.796000 778.751000 -13 1108 1 0 1.000000
-36.747500 -2.222840 0 13.322700 -7.555690 220.819000 778.981000 -13 1109 1 0 1.000000
-5.327480 4.200770 0 8.654900 -1.380040 203.067000 778.699000 -13 1110 1 0 1.000000
-10.144000 1.006780 0 -5.916890 -8.661810 209.873000 778.600000 -13 1111 1 0 1.000000
-0.710643 -29.719800 0 -4.961690 3.458550 233.844000 778.928000 -13 1112 1 0 1.000000
-9.892270 -5.744060 0 -12.099400 -4.832570 213.752000 778.760000 -13 1113 1 0 1.000000
-6.203280 -20.551600 0 -4.246780 -0.646501 223.951000 778.764000 -13 1114 1 0 1.000000
6.518940 -5.476800 0 1.292960 -17.549100 208.076000 778.672000 -13 1115 1 0 1.000000
1.222500 7.871180 0 -11.881100 1.900410 215.576000 778.643000 -13 1116 1 0 1.000000
-1.802960 1.793810 0 12.621500 -12.997600 213.672000 778.666000 -13 1117 1 0 1.000000
-21.867200 -3.043910 0 10.658200 12.487100 225.984000 778.877000 -13 1118 1 0 1.000000
7.374970 -35.167100 0 1.421510 3.614140 209.367000 778.871000 -13 1119 1 0 1.000000
7.493560 -15.214900 0 26.502400 11.646200 228.517000 778.878000 -13 1120 1 0 1.000000
-24.108900 -19.244400 0 -10.503400 13.135000 216.692000 778.671000 -13 1121 1 0 1.000000
7.258400 -15.691500 0 -36.283200 8.869550 199.535000 778.480000 -13 1122 1 0 1.000000
-18.971600 -24.253400 0 21.171500 6.403230 215.593000 778.638000 -13 1123 1 0 1.000000
-6.624910 -4.407880 0 5.219130 -3.369910 205.600000 778.718000 -13 1124 1 0 1.000000
4.076090 2.514520 0 6.573290 -2.804760 200.602000 778.561000 -13 1125 1 0 1.000000
3.696950 -10.821200 0 -11.543400 -1.366810 204.074000 778.702000 -13 1126 1 0 1.000000
-15.745600 6.496160 0 -3.271310 -3.804680 224.401000 778.769000 -13 1127 1 0 1.000000
-3.230770 -20.477200 0 -18.633300 -0.359522 218.873000 778.862000 -13 1128 1 0 1.000000
-11.605000 -6.247000 0 -10.369500 29.059100 223.047000 778.819000 -13 1129 1 0 1.000000
-4.723390 -3.597410 0 -0.316759 -6.765470 225.430000 778.882000 -13 1130 1 0 1.000000
-1.094640 -3.194580 0 -1.420570 -19.422400 217.948000 778.904000 -13 1131 1 0 1.000000
-26.018700 -13.251200 0 2.038860 -8.064410 220.656000 778.673000 -13 1132 1 0 1.000000
-3.109230 2.623770 0 -14.570800 -18.082900 208.394000 778.992000 -13 1133 1 0 1.000000
-12.636600 -12.732200 0 -7.715100 9.222530 194.817000 778.573000 -13 1134 1 0 1.000000
-15.985500 -0.958598 0 -2.553170 5.159160 233.383000 778.777000 -13 1135 1 0 1.000000
-9.863820 -16.973400 0 -7.621030 21.698000 212.718000 778.439000 -13 1136 1 0 1.000000
-10.044800 2.657490 0 -12.550000 2.956890 192.347000 778.757000 -13 1137 1 0 1.000000
-9.647100 -13.347600 0 4.535550 6.998490 195.816000 778.833000 -13 1138 1 0 1.000000
1.458480 -5.799760 0 -11.248500 8.628130 198.887000 778.744000 -13 1139 1 0 1.000000
-25.709300 0.550896 0 -8.889290 -3.972710 208.909000 778.596000 -13 1140 1 0 1.000000
-12.917600 -11.580000 0 -0.139533 -7.817180 212.025000 778.708000 -13 1141 1 0 1.000000
-12.968100 -10.036100 0 -3.527970 -15.887500 192.701000 779.029000 -13 1142 1 0 1.000000
-12.528100 -3.307620 0 -3.386590 2.632900 210.441000 778.575000 -13 1143 1 0 1.000000
-6.743800 -7.063210 0 4.896270 2.397970 196.357000 778.607000 -13 1144 1 0 1.000000
-15.470000 -16.814300 0 6.599050 7.284100 197.825000 778.793000 -13 1145 1 0 1.000000
-11.675000 -21.844000 0 -1.877110 0.496666 228.283000 778.612000 -13 1146 1 0 1.000000
-17.221100 2.458020 0 -0.327576 -14.532800 214.866000 778.698000 -13 1147 1 0 1.000000
-2.556090 -23.322500 0 4.065210 2.671180 189.978000 778.727000 -13 1148 1 0 1.000000
-12.971800 -22.110800 0 -1.847020 12.610200 214.275000 778.652000 -13 1149 1 0 1.000000
-0.120081 -16.843700 0 0.808661 -11.889000 201.528000 778.781000 -13 1150 1 0 1.000000
13.591700 -7.321040 0 -2.690800 -11.568600 211.122000 778.565000 -13 1151 1 0 1.000000
-23.648400 -8.281070 0 11.555200 -9.773240 209.527000 778.640000 -13 1152 1 0 1.000000
5.756460 -8.913210 0 -3.850000 -5.983300 190.417000 778.565000 -13 1153 1 0 1.000000
-11.579300 -18.712200 0 -7.388960 5.154390 202.160000 778.666000 -13 1154 1 0 1.000000
-16.432400 -6.094020 0 12.433700 4.046680 213.755000 778.886000 -13 1155 1 0 1.000000
-1.066850 -15.053600 0 -1.674900 15.242800 192.736000 778.820000 -13 1156 1 0 1.000000
11.788800 -5.843610 0 6.076930 -11.202600 206.372000 778.628000 -13 1157 1 0 1.000000
6.119900 -5.487950 0 -4.496620 -13.427300 204.740000 778.835000 -13 1158 1 0 1.000000
-17.879700 -18.547100 0 20.343100 -6.627040 210.327000 778.771000 -13 1159 1 0 1.000000
-15.773200 0.716055 0 -6.399710 -7.165440 225.181000 778.581000 -13 1160 1 0 1.000000
4.058090 -6.659760 0 -7.044970 6.181110 212.872000 778.817000 -13 1161 1 0 1.000000
-25.341900 -3.124860 0 -1.550210 6.982110 222.092000 778.882000 -13 1162 1 0 1.000000
-26.186300 -8.440400 0 -10.678200 -8.637960 222.303000 778.511000 -13 1163 1 0 1.000000
-10.600100 -12.469900 0 -15.986500 5.707350 228.963000 778.832000 -13 1164 1 0 1.000000
-2.484210 -1.952520 0 -4.826980 5.787370 205.836000 778.529000 -13 1165 1 0 1.000000
4.253720 13.844200 0 -5.634070 -3.489390 205.856000 778.658000 -13 1166 1 0 1.000000
12.385500 -16.340100 0 -3.523490 35.101400 200.715000 778.905000 -13 1167 1 0 1.000000
-16.433200 3.173620 0 5.075700 -20.617400 214.631000 778.666000 -13 1168 1 0 1.000000
1.562480 3.785120 0 -27.822800 -9.693690 230.364000 778.623000 -13 1169 1 0 1.000000
-28.532200 -1.319860 0 11.500000 -7.920500 248.872000 778.867000 -13 1170 1 0 1.000000
-14.930600 -7.505630 0 14.816600 -5.448300 212.562000 778.986000 -13 1171 1 0 1.000000
-9.838910 -15.838500 0 -3.055010 2.960920 207.082000 778.554000 -13 1172 1 0 1.000000
3.339070 -7.324810 0 -15.731600 -0.161087 212.536000 778.544000 -13 1173 1 0 1.000000
-9.787810 -2.015250 0 -9.128430 2.034810 222.173000 779.070000 -13 1174 1 0 1.000000
-3.558310 -15.697300 0 0.973145 -15.435500 189.366000 778.738000 -13 1175 1 0 1.000000
-17.654500 -6.545250 0 -28.872000 2.647730 215.741000 778.923000 -13 1176 1 0 1.000000
-8.928420 3.318020 0 -2.030000 1.886820 218.622000 778.703000 -13 1177 1 0 1.000000
-8.367500 7.953120 0 -3.949390 -1.270390 213.548000 778.773000 -13 1178 1 0 1.000000
-30.797800 -5.830300 0 3.903720 -17.673500 220.033000 778.810000 -13 1179 1 0 1.000000
-30.969100 0.890439 0 -21.939300 -10.353200 209.404000 778.877000 -13 1180 1 0 1.000000
3.858040 -29.668800 0 -18.523400 8.501250 221.098000 778.736000 -13 1181 1 0 1.000000
-3.789270 -13.947700 0 21.994700 9.214860 208.496000 779.005000 -13 1182 1 0 1.000000
2.832220 -9.679960 0 -4.581640 -6.420690 196.271000 778.786000 -13 1183 1 0 1.000000
-6.942400 -11.731600 0 27.217500 33.776700 196.097000 778.619000 -13 1184 1 0 1.000000
-31.723400 7.486430 0 -16.590400 -10.329700 196.373000 778.831000 -13 1185 1 0 1.000000
-10.196000 -10.200800 0 -1.432100 5.367850 203.893000 778.780000 -13 1186 1 0 1.000000
-8.737420 -5.913770 0 -3.415250 2.591210 185.934000 778.764000 -13 1187 1 0 1.000000
-6.578540 -27.266100 0 5.293480 11.191100 211.357000 778.961000 -13 1188 1 0 1.000000
-11.975800 -14.097000 0 -4.184860 0.498478 205.073000 778.521000 -13 1189 1 0 1.000000
-9.922560 1.586130 0 -22.707500 -0.655593 227.589000 778.551000 -13 1190 1 0 1.000000
-5.278880 -26.766500 0 4.602900 -15.288800 207.591000 778.974000 -13 1191 1 0 1.000000
-3.366060 -11.485300 0 14.871100 -6.272890 201.809000 778.972000 -13 1192 1 0 1.000000
-25.826000 -0.551332 0 -0.485543 3.115590 208.418000 778.974000 -13 1193 1 0 1.000000
-16.601700 -17.195400 0 -0.779294 -2.511860 202.249000 778.525000 -13 1194 1 0 1.000000
-22.664900 -7.861190 0 6.578460 4.589580 222.884000 778.808000 -13 1195 1 0 1.000000
-1.592460 -9.396080 0 -5.328250 -9.562450 205.729000 778.461000 -13 1196 1 0 1.000000
-4.246750 -23.969900 0 -0.273512 -7.826760 212.805000 778.631000 -13 1197 1 0 1.000000
-7.868460 -3.122180 0 15.548500 -26.849200 201.348000 778.605000 -13 1198 1 0 1.000000
-11.340700 -24.378200 0 2.814710 4.228710 210.577000 778.559000 -13 1199 1 0 1.000000
-1.222790 -12.704800 0 -12.291700 -3.876840 186.149000 778.765000 -13 1200 1 0 1.000000
-4.223980 -1.884230 0 -8.979410 -9.236570 187.920000 778.635000 -13 1201 1 0 1.000000
-13.808400 -16.987700 0 19.046900 3.459920 211.171000 778.818000 -13 1202 1 0 1.000000
-7.026230 -16.718700 0 -4.187380 2.250980 207.150000 778.881000 -13 1203 1 0 1.000000
-6.583250 1.033430 0 -8.090530 -23.281400 195.618000 778.488000 -13 1204 1 0 1.000000
6.136340 -11.185200 0 -2.658870 -24.686900 196.280000 778.757000 -13 1205 1 0 1.000000
-16.317500 9.545070 0 13.459800 -3.228580 211.923000 778.703000 -13 1206 1 0 1.000000
-2.455840 -7.430160 0 -7.600250 -0.829441 194.840000 778.694000 -13 1207 1 0 1.000000
-13.932900 12.861900 0 4.619340 2.185880 212.705000 778.944000 -13 1208 1 0 1.000000
-18.034600 -12.369000 0 13.158400 3.111250 215.143000 778.791000 -13 1209 1 0 1.000000
4.844630 16.466300 0 -4.606960 2.815740 213.304000 778.892000 -13 1210 1 0 1.000000
-3.944310 -10.062400 0 -0.501486 4.604550 190.405000 778.898000 -13 1211 1 0 1.000000
5.913220 -5.971960 0 -1.116810 -17.764100 209.559000 778.967000 -13 1212 1 0 1.000000
-9.784110 -8.787410 0 -6.941230 2.015500 212.778000 778.678000 -13 1213 1 0 1.000000
-31.703100 -16.959700 0 1.216190 5.836400 212.758000 778.755000 -13 1214 1 0 1.000000
-5.510010 -5.972990 0 2.147710 7.986680 206.372000 778.525000 -13 1215 1 0 1.000000
3.596680 -9.041380 0 -0.441227 17.228900 200.673000 778.661000 -13 1216 1 0 1.000000
-7.167330 -6.569630 0 2.984330 7.400270 198.128000 778.624000 -13 1217 1 0 1.000000
1.125210 -12.237500 0 -8.862860 -0.596602 195.336000 778.732000 -13 1218 1 0 1.000000
2.499980 -14.973300 0 -12.480900 -16.601000 216.901000 778.706000 -13 1219 1 0 1.000000
-6.880220 -13.249600 0 19.696800 4.948140 224.757000 778.666000 -13 1220 1 0 1.000000
-12.331000 -3.768120 0 5.205500 10.196700 195.306000 778.580000 -13 1221 1 0 1.000000
-15.020600 -11.000200 0 -5.651760 -10.419200 205.422000 778.917000 -13 1222 1 0 1.000000
-9.725020 -8.215710 0 -5.661780 8.503840 208.765000 778.708000 -13 1223 1 0 1.000000
-16.808200 -11.636400 0 -4.922410 7.380090 207.362000 778.783000 -13 1224 1 0 1.000000
-8.108150 -7.552630 0 -8.184770 7.230980 226.922000 778.753000 -13 1225 1 0 1.000000
-9.783950 1.760660 0 -9.236190 -2.730290 201.754000 778.640000 -13 1226 1 0 1.000000
-13.561000 9.728160 0 -19.934900 0.749869 206.926000 778.614000 -13 1227 1 0 1.000000
-17.699300 -10.734800 0 -19.858900 -14.756100 207.985000 778.829000 -13 1228 1 0 1.000000
9.198270 -19.973400 0 -10.617200 -10.112000 199.283000 778.920000 -13 1229 1 0 1.000000
-9.132070 -1.238410 0 -16.462300 1.486500 202.012000 778.920000 -13 1230 1 0 1.000000
6.101700 5.372190 0 -0.582651 -7.321400 223.786000 778.794000 -13 1231 1 0 1.000000
-9.406010 -14.237400 0 10.017000 -16.171500 207.612000 778.903000 -13 1232 1 0 1.000000
-7.618420 -8.288660 0 -10.243500 6.938230 223.699000 778.674000 -13 1233 1 0 1.000000
-17.020900 -4.527100 0 -14.817300 4.603540 213.412000 778.622000 -13 1234 1 0 1.000000
-1.595910 -9.708520 0 -1.041580 -3.879060 199.639000 778.597000 -13 1235 1 0 1.000000
-16.652100 -12.718500 0 -8.895430 -3.019350 213.127000 778.900000 -13 1236 1 0 1.000000
15.762700 -18.185400 0 6.648410 -3.036630 198.720000 778.720000 -13 1237 1 0 1.000000
-9.172400 -33.263700 0 -18.338200 26.918500 224.167000 778.584000 -13 1238 1 0 1.000000
-1.872390 -5.014530 0 4.035980 -1.868980 210.779000 778.726000 -13 1239 1 0 1.000000
-16.753800 -9.150550 0 1.676820 -4.350150 210.679000 778.729000 -13 1240 1 0 1.000000
1.973940 -10.846500 0 11.355600 10.880200 215.864000 778.807000 -13 1241 1 0 1.000000
-5.615870 -24.886000 0 11.061500 -23.456000 221.303000 778.919000 -13 1242 1 0 1.000000
-11.395500 -15.868500 0 7.301780 -10.653400 233.723000 778.763000 -13 1243 1 0 1.000000
-5.523310 -9.861290 0 0.377910 8.411830 200.885000 778.459000 -13 1244 1 0 1.000000
9.375410 -10.371700 0 21.303400 9.077160 214.471000 778.749000 -13 1245 1 0 1.000000
-2.442070 -9.942760 0 5.498900 -3.313910 216.871000 778.622000 -13 1246 1 0 1.000000
-18.849700 -14.945400 0 -10.457400 -5.135860 204.896000 778.631000 -13 1247 1 0 1.000000
12.083100 5.348940 0 2.573430 -13.226800 207.306000 778.838000 -13 1248 1 0 1.000000
17.585100 -22.704900 0 -12.142900 5.330470 212.341000 778.647000 -13 1249 1 0 1.000000
-4.127600 -16.638100 0 -0.182578 4.130570 214.615000 778.732000 -13 1250 1 0 1.000000
-4.598150 -9.249540 0 1.504420 -7.523280 210.301000 778.899000 -13 1251 1 0 1.000000
-12.820900 -9.547760 0 5.609800 -28.894700 210.634000 778.718000 -13 1252 1 0 1.000000
-27.496500 -30.332600 0 4.546930 9.213890 227.685000 778.879000 -13 1253 1 0 1.000000
-16.925200 -0.819330 0 7.832690 0.857981 205.192000 778.833000 -13 1254 1 0 1.000000
-20.906600 -19.991900 0 15.078000 -5.011830 199.329000 779.085000 -13 1255 1 0 1.000000
-24.896800 -22.256100 0 -5.378130 8.697370 193.786000 778.777000 -13 1256 1 0 1.000000
-4.431660 5.205780 0 -0.776901 -23.212500 207.205000 778.746000 -13 1257 1 0 1.000000
-20.319000 -4.014560 0 -1.989340 2.966720 217.162000 778.623000 -13 1258 1 0 1.000000
-0.538100 -6.309590 0 8.030420 2.566720 212.588000 778.794000 -13 1259 1 0 1.000000
-13.342400 -14.560900 0 -12.908800 -1.560510 222.268000 778.826000 -13 1260 1 0 1.000000
-23.540700 -7.401400 0 10.361900 -13.121400 204.429000 778.668000 -13 1261 1 0 1.000000
-14.153700 -26.401000 0 -11.122500 -1.750190 194.385000 778.661000 -13 1262 1 0 1.000000
-2.397450 -6.408570 0 -7.442390 -9.236360 205.864000 779.056000 -13 1263 1 0 1.000000
-21.995300 2.263210 0 3.657920 0.285744 206.112000 778.861000 -13 1264 1 0 1.000000
-19.989800 -8.554030 0 -10.103900 -0.000188 189.985000 778.740000 -13 1265 1 0 1.000000
0.328890 -4.735640 0 9.660770 -3.223110 191.099000 778.934000 -13 1266 1 0 1.000000
-11.203200 -26.878000 0 -7.664570 -15.901700 208.762000 778.652000 -13 1267 1 0 1.000000
-24.508600 -8.470260 0 -13.365100 -4.133320 203.564000 778.764000 -13 1268 1 0 1.000000
4.247040 -13.460400 0 4.193310 16.371200 188.286000 778.625000 -13 1269 1 0 1.000000
-12.178700 -5.353960 0 11.456800 2.321330 203.946000 778.899000 -13 1270 1 0 1.000000
-16.973200 -1.028560 0 17.734700 -3.853590 187.506000 778.671000 -13 1271 1 0 1.000000
-12.260800 11.190700 0 1.411670 -9.506280 198.409000 778.491000 -13 1272 1 0 1.000000
-2.056150 -14.787600 0 13.527100 3.881290 197.164000 778.848000 -13 1273 1 0 1.000000
-15.962700 -4.722310 0 -21.341400 0.614165 206.510000 778.878000 -13 1274 1 0 1.000000
-3.602610 -5.746910 0 -5.342160 2.778740 189.936000 778.489000 -13 1275 1 0 1.000000
-15.818200 -19.473200 0 -2.657760 7.260860 217.885000 778.431000 -13 1276 1 0 1.000000
-9.687200 -11.587200 0 4.813980 5.931840 199.361000 778.802000 -13 1277 1 0 1.000000
-22.935000 1.581160 0 17.719500 -0.363059 209.540000 778.797000 -13 1278 1 0 1.000000
8.248020 -2.778780 0 -20.005000 -0.751003 196.935000 778.475000 -13 1279 1 0 1.000000
-0.248956 7.943380 0 -15.510100 -4.040740 236.299000 778.696000 -13 1280 1 0 1.000000
-19.934800 -8.019830 0 -15.945700 6.827170 216.960000 778.611000 -13 1281 1 0 1.000000
-4.107550 -9.247600 0 -4.334400 7.757830 192.746000 778.604000 -13 1282 1 0 1.000000
-23.110200 12.458400 0 -7.244510 10.814600 203.709000 778.619000 -13 1283 1 0 1.000000
-4.529960 -28.981100 0 -15.133100 16.614800 198.928000 778.801000 -13 1284 1 0 1.000000
5.513610 1.549040 0 3.441550 8.640000 217.877000 778.635000 -13 1285 1 0 1.000000
-3.548830 -17.825100 0 0.821951 3.058520 219.429000 778.520000 -13 1286 1 0 1.000000
-2.112720 -12.533000 0 10.336100 -21.156100 195.602000 779.120000 -13 1287 1 0 1.000000
-12.468300 -31.200000 0 -1.401840 0.979742 204.586000 778.599000 -13 1288 1 0 1.000000
-1.327460 11.759200 0 -3.159450 -4.749070 183.438000 778.692000 -13 1289 1 0 1.000000
-1.247720 3.342960 0 5.249940 -14.110600 213.483000 778.954000 -13 1290 1 0 1.000000
-1.541230 -13.454500 0 7.429180 -5.916060 200.087000 778.908000 -13 1291 1 0 1.000000
6.743190 -10.212000 0 24.200200 -44.495600 238.745000 778.616000 -13 1292 1 0 1.000000
-21.400500 -13.628600 0 -9.885580 -21.365500 222.898000 778.728000 -13 1293 1 0 1.000000
-4.807100 -12.432100 0 7.964340 -7.289380 197.316000 778.871000 -13 1294 1 0 1.000000
13.019500 -13.278000 0 -2.750250 5.974120 208.399000 778.873000 -13 1295 1 0 1.000000
-2.083980 -13.910600 0 4.606490 -10.510000 185.030000 778.667000 -13 1296 1 0 1.000000
-14.983500 -14.605200 0 -0.543557 17.577100 209.465000 778.970000 -13 1297 1 0 1.000000
-8.414090 -11.722400 0 -0.739846 -0.009156 200.336000 778.436000 -13 1298 1 0 1.000000
-17.898700 -18.693500 0 -18.280400 -2.366090 184.303000 778.753000 -13 1299 1 0 1.000000
3.023050 -13.076400 0 -13.243400 -22.044300 216.695000 778.650000 -13 1300 1 0 1.000000
-7.958630 6.992790 0 -7.200790 13.041000 217.279000 778.869000 -13 1301 1 0 1.000000
-20.280200 -13.222600 0 -4.448940 -5.455580 192.696000 778.901000 -13 1302 1 0 1.000000
-15.801700 16.480800 0 20.874200 -8.074620 194.318000 778.692000 -13 1303 1 0 1.000000
-13.630000 -17.311300 0 13.628300 -0.939052 221.218000 778.662000 -13 1304 1 0 1.000000
5.078990 0.897617 0 -3.284430 0.610973 207.399000 778.774000 -13 1305 1 0 1.000000
-21.069600 -26.325700 0 0.606455 2.942960 216.966000 778.573000 -13 1306 1 0 1.000000
-6.453980 -25.374300 0 -4.208100 12.314500 221.368000 778.743000 -13 1307 1 0 1.000000
5.004440 -5.420360 0 -7.513680 -19.847500 207.672000 778.544000 -13 1308 1 0 1.000000
-17.554300 8.485320 0 -9.495530 22.429600 215.746000 778.578000 -13 1309 1 0 1.000000
18.554500 -10.620700 0 -18.734500 2.958460 205.996000 778.875000 -13 1310 1 0 1.000000
-9.562740 12.210300 0 -2.682980 -5.460470 208.151000 778.655000 -13 1311 1 0 1.000000
0.836699 -8.621320 0 16.722500 5.234970 220.627000 778.680000 -13 1312 1 0 1.000000
-0.087109 -15.293000 0 -4.665910 -0.821294 225.440000 778.745000 -13 1313 1 0 1.000000
-22.916800 -12.383800 0 -4.538530 -7.062400 199.013000 778.746000 -13 1314 1 0 1.000000
-17.899100 1.495590 0 9.193030 -12.977300 225.626000 778.591000 -13 1315 1 0 1.000000
-5.528620 11.170300 0 1.296840 -19.762900 211.511000 778.694000 -13 1316 1 0 1.000000
-6.617670 -17.810700 0 -15.214400 1.427150 212.845000 778.723000 -13 1317 1 0 1.000000
-21.771600 1.076320 0 4.431850 -2.008390 210.981000 778.757000 -13 1318 1 0 1.000000
8.662470 1.386500 0 -7.955040 -19.418000 202.143000 778.899000 -13 1319 1 0 1.000000
-7.236920 7.546830 0 3.355010 -7.615850 183.646000 778.879000 -13 1320 1 0 1.000000
11.284500 -3.500200 0 5.587400 12.971100 200.273000 778.612000 -13 1321 1 0 1.000000
2.025280 -17.068400 0 -9.886020 -6.407150 216.035000 778.546000 -13 1322 1 0 1.000000
-1.101870 -9.066730 0 1.532910 -6.838050 203.048000 778.588000 -13 1323 1 0 1.000000
19.059400 2.386740 0 13.010300 19.156600 220.063000 778.708000 -13 1324 1 0 1.000000
-9.705630 -10.541400 0 -1.010950 -4.932350 200.248000 778.678000 -13 1325 1 0 1.000000
-12.934600 6.139890 0 9.061640 13.027000 219.493000 778.695000 -13 1326 1 0 1.000000
-14.459200 13.021900 0 3.552520 -0.769535 212.187000 778.567000 -13 1327 1 0 1.000000
-4.486310 5.777200 0 -15.518700 2.691920 213.792000 778.572000 -13 1328 1 0 1.000000
-19.523400 -29.397100 0 13.997700 8.647780 222.671000 778.833000 -13 1329 1 0 1.000000
-5.635620 -10.271700 0 2.615430 -4.537030 213.966000 778.528000 -13 1330 1 0 1.000000
-18.724700 -9.022350 0 12.376000 -18.217200 220.567000 778.699000 -13 1331 1 0 1.000000
-2.326450 0.186966 0 -0.788046 21.182200 195.988000 778.651000 -13 1332 1 0 1.000000
-2.019400 -16.657300 0 1.349040 7.467930 209.551000 778.603000 -13 1333 1 0 1.000000
-8.088010 -1.477870 0 40.752400 -25.532900 216.889000 778.532000 -13 1334 1 0 1.000000
-19.686200 -11.018100 0 9.075090 -16.772000 197.490000 778.692000 -13 1335 1 0 1.000000
2.854520 -3.799700 0 -7.241440 -9.831310 216.989000 778.497000 -13 1336 1 0 1.000000
-0.402813 -20.724300 0 25.736800 0.760218 201.284000 778.793000 -13 1337 1 0 1.000000
-1.199970 -13.068000 0 17.448800 -5.563850 196.693000 778.700000 -13 1338 1 0 1.000000
0.800126 14.973400 0 -18.204700 -8.109510 199.428000 778.763000 -13 1339 1 0 1.000000
3.046260 -26.312400 0 1.399220 -10.256600 210.227000 778.584000 -13 1340 1 0 1.000000
-11.396300 -11.234300 0 1.498380 13.527100 220.247000 778.462000 -13 1341 1 0 1.000000
-6.528790 -22.777600 0 2.344250 -8.138640 206.662000 778.657000 -13 1342 1 0 1.000000
-21.737200 -12.164800 0 -7.365540 0.227954 198.541000 778.693000 -13 1343 1 0 1.000000
7.399470 -2.311560 0 -4.094040 -13.384100 195.853000 778.722000 -13 1344 1 0 1.000000
-8.082500 -6.753770 0 -5.293500 -6.682770 211.556000 778.744000 -13 1345 1 0 1.000000
27.106000 -8.734490 0 10.152600 -15.365100 227.358000 778.532000 -13 1346 1 0 1.000000
-5.691090 -5.523910 0 1.356600 10.763300 198.681000 778.736000 -13 1347 1 0 1.000000
2.078060 -9.035620 0 11.564200 8.927050 195.909000 778.806000 -13 1348 1 0 1.000000
-25.305900 -17.736300 0 -1.228530 21.620500 216.796000 778.566000 -13 1349 1 0 1.000000
-13.256300 -4.779120 0 -14.544900 7.482020 220.161000 778.793000 -13 1350 1 0 1.000000
5.300730 -2.806000 0 -21.809200 17.923600 219.390000 778.736000 -13 1351 1 0 1.000000
-6.260820 -8.797880 0 3.504150 10.673500 216.942000 778.808000 -13 1352 1 0 1.000000
-21.787400 -18.306700 0 13.487200 -1.701060 209.104000 778.618000 -13 1353 1 0 1.000000
-14.687200 -11.292100 0 5.456400 0.016173 212.907000 778.709000 -13 1354 1 0 1.000000
1.748610 -25.932300 0 2.077640 -16.750500 211.776000 778.636000 -13 1355 1 0 1.000000
-7.055840 -21.381500 0 12.932100 8.223310 226.991000 778.745000 -13 1356 1 0 1.000000
-15.592500 2.607970 0 -0.553162 -12.134100 215.410000 778.599000 -13 1357 1 0 1.000000
-17.033700 -5.018640 0 8.443620 -2.226120 213.017000 778.671000 -13 1358 1 0 1.000000
5.183300 -16.920200 0 2.895300 -7.936040 194.708000 778.683000 -13 1359 1 0 1.000000
-11.205700 -2.646840 0 -6.287720 1.979370 194.817000 778.732000 -13 1360 1 0 1.000000
9.919120 -3.203630 0 -12.954100 1.597150 187.886000 778.914000 -13 1361 1 0 1.000000
-1.756840 -6.751490 0 11.195800 22.174200 188.148000 779.028000 -13 1362 1 0 1.000000
-18.540100 -11.222200 0 9.768220 -14.996100 221.594000 778.490000 -13 1363 1 0 1.000000
-14.388500 -14.112000 0 -9.123400 12.518400 210.060000 778.903000 -13 1364 1 0 1.000000
-5.142660 8.472300 0 -11.390500 -10.682300 186.682000 778.786000 -13 1365 1 0 1.000000
-4.210460 -3.233960 0 9.145150 2.211010 199.245000 778.693000 -13 1366 1 0 1.000000
-14.103500 -11.115700 0 -13.697600 -4.713100 208.197000 778.393000 -13 1367 1 0 1.000000
-5.021360 -16.299000 0 7.199120 -4.762490 227.009000 778.562000 -13 1368 1 0 1.000000
-0.949757 -10.339800 0 -10.014300 3.373670 187.524000 778.667000 -13 1369 1 0 1.000000
-12.457900 -17.195100 0 37.474400 0.000258 199.346000 778.678000 -13 1370 1 0 1.000000
18.999400 -4.813200 0 -2.558450 5.019110 203.459000 778.691000 -13 1371 1 0 1.000000
-9.960390 -5.631490 0 1.391590 -5.049210 204.049000 778.870000 -13 1372 1 0 1.000000
5.026080 -21.782600 0 3.066370 6.630680 188.502000 778.630000 -13 1373 1 0 1.000000
-17.066800 1.171800 0 -2.133660 28.242000 206.943000 778.864000 -13 1374 1 0 1.000000
4.381510 -17.923300 0 6.081520 -19.473000 207.777000 778.464000 -13 1375 1 0 1.000000
-12.236300 -4.389130 0 22.962500 -10.088900 205.451000 778.457000 -13 1376 1 0 1.000000
0.518114 -19.068400 0 -8.747490 10.980800 191.794000 778.593000 -13 1377 1 0 1.000000
-20.653200 3.218730 0 11.134300 5.594470 207.579000 778.776000 -13 1378 1 0 1.000000
13.775900 0.736690 0 -5.546590 -6.995100 199.958000 778.694000 -13 1379 1 0 1.000000
-5.405540 -16.049500 0 -9.369400 -14.564900 198.235000 778.548000 -13 1380 1 0 1.000000
-8.507370 9.861650 0 9.672640 -7.710210 226.549000 778.598000 -13 1381 1 0 1.000000
-10.275900 -26.783200 0 -0.292243 8.387640 230.861000 778.726000 -13 1382 1 0 1.000000
-5.383740 -18.201400 0 5.735030 -31.658400 207.096000 778.768000 -13 1383 1 0 1.000000
-3.634830 -12.405600 0 -1.118650 -20.367500 201.918000 778.760000 -13 1384 1 0 1.000000
10.273500 -3.971640 0 1.897850 -7.529820 180.863000 778.709000 -13 1385 1 0 1.000000
-4.084590 -23.040900 0 20.690100 2.600570 208.961000 778.655000 -13 1386 1 0 1.000000
-2.575870 -3.933390 0 20.272200 -3.982110 205.823000 778.937000 -13 1387 1 0 1.000000
-5.360360 -5.223620 0 -12.243900 -16.392600 201.922000 778.653000 -13 1388 1 0 1.000000
-28.186700 -39.718300 0 3.105900 5.979200 218.857000 778.685000 -13 1389 1 0 1.000000
-4.329760 -19.946400 0 -7.277540 -2.292320 206.274000 778.958000 -13 1390 1 0 1.000000
-1.908080 -8.754040 0 25.021000 -6.566950 193.740000 778.583000 -13 1391 1 0 1.000000
-14.470000 -5.902400 0 -9.211830 6.308770 225.765000 778.383000 -13 1392 1 0 1.000000
-2.695140 -11.294900 0 1.113230 -4.352610 208.327000 778.837000 -13 1393 1 0 1.000000
21.700300 -10.979900 0 -6.066680 -13.727500 193.260000 778.783000 -13 1394 1 0 1.000000
-20.053800 -16.490100 0 9.044020 13.360600 211.955000 778.735000 -13 1395 1 0 1.000000
12.336100 12.428700 0 -1.368630 14.727900 209.360000 778.575000 -13 1396 1 0 1.000000
11.476200 -9.732920 0 22.419000 1.919280 205.704000 778.661000 -13 1397 1 0 1.000000
15.707300 4.712610 0 28.043800 6.930250 197.803000 778.829000 -13 1398 1 0 1.000000
5.648480 0.235646 0 12.704700 -3.204720 193.099000 778.992000 -13 1399 1 0 1.000000
-17.742400 -10.538100 0 -19.678700 -15.584400 202.352000 778.912000 -13 1400 1 0 1.000000
-10.672600 -17.361200 0 8.107200 7.834420 203.739000 778.644000 -13 1401 1 0 1.000000
-32.127300 -28.290700 0 10.276700 18.380400 208.688000 778.859000 -13 1402 1 0 1.000000
-15.498200 -7.820040 0 -40.422100 18.417100 227.970000 778.524000 -13 1403 1 0 1.000000
1.712400 -6.757230 0 -5.454050 11.181200 211.461000 778.696000 -13 1404 1 0 1.000000
-18.187600 -22.024200 0 1.426360 -14.972500 213.606000 778.790000 -13 1405 1 0 1.000000
1.972500 2.546500 0 -12.548300 3.188570 204.039000 778.587000 -13 1406 1 0 1.000000
0.671996 -18.651500 0 -3.471060 11.583800 200.958000 778.815000 -13 1407 1 0 1.000000
-1.050000 -4.836790 0 5.369070 7.618740 217.329000 778.799000 -13 1408 1 0 1.000000
-25.151800 -5.776070 0 1.005860 -9.806700 223.672000 779.186000 -13 1409 1 0 1.000000
-3.638440 -17.217000 0 1.890920 16.989100 197.144000 778.669000 -13 1410 1 0 1.000000
-28.910700 12.906200 0 16.406700 10.847200 220.160000 778.819000 -13 1411 1 0 1.000000
4.404220 6.827640 0 16.223900 4.113510 223.812000 778.633000 -13 1412 1 0 1.000000
-7.796920 8.857170 0 14.403500 -4.704470 207.257000 778.920000 -13 1413 1 0 1.000000
-9.822510 9.120840 0 -5.030420 2.414240 208.249000 778.418000 -13 1414 1 0 1.000000
-2.493060 -13.046600 0 -21.804700 -3.119510 201.836000 778.765000 -13 1415 1 0 1.000000
-4.538320 -1.213000 0 -5.126640 -19.652800 220.294000 778.834000 -13 1416 1 0 1.000000
4.048670 -14.841100 0 12.815600 21.476100 206.339000 778.723000 -13 1417 1 0 1.000000
3.473400 4.105310 0 -2.006680 1.656730 201.702000 778.547000 -13 1418 1 0 1.000000
-12.450600 -7.967370 0 8.566270 -9.207630 191.301000 778.623000 -13 1419 1 0 1.000000
-3.071540 -3.484020 0 -9.440460 -13.117900 202.182000 778.608000 -13 1420 1 0 1.000000
-19.663500 -0.651174 0 13.220200 9.741310 213.220000 778.720000 -13 1421 1 0 1.000000
-3.013460 -1.019940 0 2.173370 -8.903360 214.257000 778.899000 -13 1422 1 0 1.000000
-4.446240 6.446360 0 -34.820900 -21.630600 229.103000 778.564000 -13 1423 1 0 1.000000
-4.348840 3.872790 0 -1.627620 -6.059680 208.604000 778.695000 -13 1424 1 0 1.000000
-8.863200 5.679610 0 38.577400 7.502170 230.402000 778.491000 -13 1425 1 0 1.000000
-11.396300 0.320372 0 -9.872700 7.138600 212.585000 778.792000 -13 1426 1 0 1.000000
2.965720 -7.231560 0 0.800346 -7.358770 199.421000 778.858000 -13 1427 1 0 1.000000
-2.207410 -11.283900 0 11.878800 -10.966600 202.432000 778.702000 -13 1428 1 0 1.000000
0.637644 3.008220 0 23.641200 5.478930 199.311000 778.772000 -13 1429 1 0 1.000000
-5.665940 -19.282200 0 15.613800 -1.665640 217.362000 778.727000 -13 1430 1 0 1.000000
-7.044930 -8.689570 0 -2.873170 -4.275330 194.171000 778.699000 -13 1431 1 0 1.000000
-22.665500 -17.637900 0 11.172100 -9.140190 219.295000 778.753000 -13 1432 1 0 1.000000
2.858890 -18.141700 0 -4.539580 21.642900 210.888000 778.778000 -13 1433 1 0 1.000000
19.732900 -0.263844 0 -4.815470 14.473600 215.051000 778.841000 -13 1434 1 0 1.000000
-13.076500 -6.781850 0 -8.287400 1.161800 209.779000 778.740000 -13 1435 1 0 1.000000
-2.751590 -20.082900 0 1.014810 4.781960 209.644000 778.739000 -13 1436 1 0 1.000000
-17.795700 1.317230 0 5.035390 2.880000 196.273000 778.649000 -13 1437 1 0 1.000000
-1.989300 -10.629100 0 0.632969 -4.727120 200.583000 778.702000 -13 1438 1 0 1.000000
-3.120110 -20.790300 0 0.881087 2.933990 189.135000 778.691000 -13 1439 1 0 1.000000
-7.760100 -12.126700 0 0.330066 7.918300 208.669000 778.588000 -13 1440 1 0 1.000000
-23.793700 -5.829500 0 3.761160 23.346700 217.736000 778.632000 -13 1441 1 0 1.000000
-8.607990 -10.868800 0 -18.274700 -8.045240 222.471000 778.805000 -13 1442 1 0 1.000000
-0.223433 -4.657250 0 15.661100 -17.935000 189.344000 778.731000 -13 1443 1 0 1.000000
1.122760 -19.035100 0 -15.358100 2.863740 218.244000 778.556000 -13 1444 1 0 1.000000
-20.400300 -11.725000 0 14.401700 -11.907600 213.025000 778.767000 -13 1445 1 0 1.000000
-11.586900 -15.814300 0 34.057200 0.970246 207.997000 778.994000 -13 1446 1 0 1.000000
1.080660 -5.188880 0 -15.914900 -3.236750 181.693000 778.657000 -13 1447 1 0 1.000000
-5.234060 -2.487700 0 -4.343390 -2.208430 219.916000 778.691000 -13 1448 1 0 1.000000
-11.958300 -13.766400 0 -7.465990 1.193050 200.896000 778.840000 -13 1449 1 0 1.000000
0.866954 9.833130 0 -8.286680 -12.391500 219.285000 778.953000 -13 1450 1 0 1.000000
-22.608600 -11.418500 0 3.733690 15.185300 216.087000 778.883000 -13 1451 1 0 1.000000
-22.432600 11.430000 0 -14.396800 -8.239980 206.526000 778.738000 -13 1452 1 0 1.000000
0.032132 -0.607479 0 15.094500 -5.432240 195.023000 779.032000 -13 1453 1 0 1.000000
1.239120 -10.969900 0 -2.357720 -17.212900 211.380000 778.795000 -13 1454 1 0 1.000000
11.608200 -7.432940 0 -28.106700 0.584257 219.353000 778.823000 -13 1455 1 0 1.000000
-7.440710 2.362160 0 6.259730 1.613700 193.932000 778.891000 -13 1456 1 0 1.000000
-1.847920 2.629950 0 7.620520 -12.588400 200.946000 778.739000 -13 1457 1 0 1.000000
-25.120600 -0.646728 0 30.984900 -16.695600 203.496000 778.577000 -13 1458 1 0 1.000000
8.258070 -10.851500 0 -14.256700 -5.221080 207.942000 778.860000 -13 1459 1 0 1.000000
-8.980850 -21.344000 0 9.513770 4.981080 207.566000 778.825000 -13 1460 1 0 1.000000
10.072900 -6.966230 0 -15.767900 9.830690 201.588000 778.828000 -13 1461 1 0 1.000000
-21.692900 -30.295500 0 18.493300 -0.361462 212.631000 778.879000 -13 1462 1 0 1.000000
-17.464700 -6.004440 0 -5.845580 -4.879390 220.933000 778.929000 -13 1463 1 0 1.000000
-5.190030 -14.943400 0 26.327800 -1.978510 215.151000 778.750000 -13 1464 1 0 1.000000
-19.022000 -6.937400 0 -1.698510 9.814430 212.542000 778.801000 -13 1465 1 0 1.000000
-20.177100 -28.046700 0 16.997600 14.556000 217.476000 778.885000 -13 1466 1 0 1.000000
0.504830 -8.636300 0 -2.255510 19.827900 215.070000 778.658000 -13 1467 1 0 1.000000
9.401160 19.279000 0 2.165710 -0.556059 216.854000 778.977000 -13 1468 1 0 1.000000
4.228000 -16.585000 0 -9.568250 5.031060 196.551000 778.731000 -13 1469 1 0 1.000000
-1.781940 -9.396590 0 -0.765759 1.324130 192.997000 778.622000 -13 1470 1 0 1.000000
-15.754700 -2.187080 0 12.995000 -14.237200 198.637000 778.609000 -13 1471 1 0 1.000000
2.947510 -3.370950 0 1.782980 -0.489890 181.948000 778.669000 -13 1472 1 0 1.000000
2.637530 -12.185200 0 -10.249200 -4.723520 207.934000 778.515000 -13 1473 1 0 1.000000
-31.685900 -25.845300 0 -6.190370 9.818190 205.708000 778.713000 -13 1474 1 0 1.000000
-0.922871 -15.601900 0 3.593070 -2.358370 207.796000 778.784000 -13 1475 1 0 1.000000
10.103400 -20.117700 0 -27.925300 -14.164700 215.158000 778.773000 -13 1476 1 0 1.000000
-4.968240 -9.897170 0 10.535000 -10.169500 195.296000 778.772000 -13 1477 1 0 1.000000
-12.221000 -20.322600 0 6.941410 18.026500 218.181000 778.727000 -13 1478 1 0 1.000000
-3.816120 -0.876400 0 14.421900 14.139800 223.595000 778.860000 -13 1479 1 0 1.000000
-11.422700 -10.091900 0 1.271000 -14.092600 197.981000 778.793000 -13 1480 1 0 1.000000
-9.167960 -11.180400 0 -10.343400 7.881590 228.334000 778.572000 -13 1481 1 0 1.000000
-10.595500 3.865340 0 -9.026100 4.855960 220.031000 778.584000 -13 1482 1 0 1.000000
-25.496100 -6.955220 0 -20.023900 -6.364150 201.318000 778.554000 -13 1483 1 0 1.000000
-12.089800 -14.875700 0 4.734460 -12.022700 212.567000 778.631000 -13 1484 1 0 1.000000
-3.627780 -9.195820 0 -17.094500 16.270400 189.058000 778.982000 -13 1485 1 0 1.000000
-4.901370 4.654420 0 4.450480 -19.946400 215.751000 778.938000 -13 1486 1 0 1.000000
20.780200 -13.580800 0 8.811450 -4.942370 215.734000 778.601000 -13 1487 1 0 1.000000
3.774610 -0.683259 0 3.604300 21.142100 204.859000 778.881000 -13 1488 1 0 1.000000
-5.275480 10.391300 0 14.950800 17.060700 200.227000 778.627000 -13 1489 1 0 1.000000
4.599480 9.188870 0 -12.890500 0.601678 212.813000 778.888000 -13 1490 1 0 1.000000
-11.250900 15.076200 0 5.006940 18.572500 213.886000 778.480000 -13 1491 1 0 1.000000
-8.598810 3.661350 0 26.519400 -14.734500 191.670000 778.622000 -13 1492 1 0 1.000000
-10.354600 -21.182100 0 -1.553440 2.063080 202.151000 778.696000 -13 1493 1 0 1.000000
-1.250020 -22.585800 0 -9.405850 13.221300 208.781000 778.657000 -13 1494 1 0 1.000000
-3.984490 -1.589450 0 -18.161200 -0.345381 206.634000 778.593000 -13 1495 1 0 1.000000
-11.438400 -17.040900 0 -8.164770 7.862040 210.375000 778.686000 -13 1496 1 0 1.000000
-7.804020 -15.953200 0 -13.356600 -10.713300 204.536000 778.615000 -13 1497 1 0 1.000000
-11.990700 -14.916300 0 -6.008990 -23.525500 218.416000 778.847000 -13 1498 1 0 1.000000
4.973480 14.932000 0 5.448300 -8.449180 210.651000 778.733000 -13 1499 1 0 1.000000
4.036000 -22.422500 0 -6.464130 27.126600 203.440000 778.893000 -13 1500 1 0 1.000000
-12.787300 -7.092060 0 -4.229070 13.992800 199.677000 779.029000 -13 1501 1 0 1.000000
-7.753790 -30.853900 0 -2.662160 5.886420 209.980000 778.705000 -13 1502 1 0 1.000000
15.030400 -7.822680 0 1.189120 -1.262000 214.827000 778.602000 -13 1503 1 0 1.000000
-3.698030 3.305920 0 -1.137160 -6.620210 208.746000 778.659000 -13 1504 1 0 1.000000
-24.554900 -15.028400 0 -16.168400 6.109430 224.563000 778.759000 -13 1505 1 0 1.000000
-17.645500 5.439120 0 10.150400 -9.720190 204.639000 778.570000 -13 1506 1 0 1.000000
-4.394280 -17.978400 0 7.972130 -8.994200 200.846000 778.810000 -13 1507 1 0 1.000000
-13.895300 -8.771320 0 15.733600 -21.524900 198.290000 778.576000 -13 1508 1 0 1.000000
6.834470 5.986870 0 -12.994500 -10.353900 203.273000 778.909000 -13 1509 1 0 1.000000
-4.599020 -15.887900 0 -8.241280 -5.145850 207.214000 778.881000 -13 1510 1 0 1.000000
-2.330080 -14.310700 0 -7.302340 -0.369190 205.119000 778.898000 -13 1511 1 0 1.000000
-10.034900 -1.621140 0 -5.579400 -2.816710 200.401000 778.851000 -13 1512 1 0 1.000000
-13.395300 -28.282300 0 -18.382900 -7.752890 207.532000 778.861000 -13 1513 1 0 1.000000
-10.559600 -8.052200 0 2.352620 -6.976940 217.538000 778.838000 -13 1514 1 0 1.000000
7.511330 -21.832800 0 -12.439800 -9.569490 210.166000 778.803000 -13 1515 1 0 1.000000
13.794900 -12.871700 0 -12.331700 0.811285 215.549000 778.669000 -13 1516 1 0 1.000000
-10.503400 2.076740 0 -7.020320 -7.705060 210.373000 778.740000 -13 1517 1 0 1.000000
-5.483800 -11.992700 0 -10.202500 -9.673480 205.441000 778.638000 -13 1518 1 0 1.000000
15.120000 -20.788200 0 -12.999200 17.532200 221.084000 778.710000 -13 1519 1 0 1.000000
-1.803500 0.026157 0 23.363700 -9.833840 203.107000 778.907000 -13 1520 1 0 1.000000
10.537400 -12.316800 0 -6.505540 15.501400 193.999000 778.926000 -13 1521 1 0 1.000000
2.886560 -7.059300 0 4.872400 -8.581710 177.300000 778.656000 -13 1522 1 0 1.000000
-6.864030 5.790320 0 -14.063300 -11.444300 198.484000 778.675000 -13 1523 1 0 1.000000
-13.846000 -12.655700 0 -20.290100 6.065800 217.292000 778.591000 -13 1524 1 0 1.000000
6.098060 -15.361100 0 19.811100 20.364000 218.206000 778.751000 -13 1525 1 0 1.000000
-5.999270 1.315370 0 -1.267920 15.228700 203.819000 778.679000 -13 1526 1 0 1.000000
3.149630 -24.429200 0 -18.017600 -13.186100 198.908000 778.883000 -13 1527 1 0 1.000000
1.732840 1.944250 0 3.560290 -6.847600 211.049000 778.700000 -13 1528 1 0 1.000000
-11.080900 -7.949530 0 16.462200 -0.972341 207.454000 778.789000 -13 1529 1 0 1.000000
-0.329417 -1.724370 0 -4.304180 -1.919500 199.295000 778.771000 -13 1530 1 0 1.000000
-6.930360 -12.428600 0 -9.458060 -13.037100 200.083000 778.778000 -13 1531 1 0 1.000000
-2.473750 -27.881200 0 1.518420 -26.189400 211.646000 778.398000 -13 1532 1 0 1.000000
2.883390 -1.113820 0 12.251100 14.945700 200.917000 779.012000 -13 1533 1 0 1.000000
-11.636000 -3.392290 0 13.691300 -13.175700 222.909000 779.054000 -13 1534 1 0 1.000000
-17.916500 4.935170 0 -0.209151 -1.582070 217.035000 778.982000 -13 1535 1 0 1.000000
4.019840 0.831970 0 1.329780 -5.827410 204.748000 778.797000 -13 1536 1 0 1.000000
1.047060 -10.306500 0 7.037360 -8.883270 190.977000 778.656000 -13 1537 1 0 1.000000
-16.816100 5.010590 0 9.035200 -11.203400 233.393000 778.998000 -13 1538 1 0 1.000000
-17.950300 -6.227470 0 -11.573500 2.714690 196.515000 779.035000 -13 1539 1 0 1.000000
-3.930550 -28.487300 0 3.909020 -4.490140 210.884000 778.928000 -13 1540 1 0 1.000000
4.360310 -12.680400 0 13.436500 -11.039700 207.354000 778.746000 -13 1541 1 0 1.000000
-2.931740 -13.314600 0 4.668190 9.200220 205.547000 778.662000 -13 1542 1 0 1.000000
7.891300 -7.643300 0 3.757970 10.648500 211.516000 778.781000 -13 1543 1 0 1.000000
-7.786190 9.374070 0 -2.421350 -1.427000 212.883000 778.663000 -13 1544 1 0 1.000000
-10.447400 -2.378870 0 4.706150 12.870000 218.064000 778.836000 -13 1545 1 0 1.000000
-3.922630 -13.568700 0 -6.951820 -11.032800 217.667000 778.716000 -13 1546 1 0 1.000000
-9.085290 -0.242214 0 1.560000 2.094890 195.330000 778.674000 -13 1547 1 0 1.000000
-12.744800 -7.645780 0 -8.966180 4.425340 209.358000 778.846000 -13 1548 1 0 1.000000
-39.710000 14.615300 0 -0.883365 -19.622900 200.007000 778.937000 -13 1549 1 0 1.000000
-7.683090 -3.927810 0 -6.950440 -9.708200 210.670000 778.457000 -13 1550 1 0 1.000000
33.547700 10.414800 0 -32.911600 -5.217010 247.738000 778.926000 -13 1551 1 0 1.000000
-20.376000 2.970260 0 15.446200 5.235170 222.899000 778.689000 -13 1552 1 0 1.000000
5.083250 0.367472 0 -0.756192 -9.338350 211.607000 778.608000 -13 1553 1 0 1.000000
-9.682220 10.712100 0 4.574740 -4.612550 195.871000 778.709000 -13 1554 1 0 1.000000
-7.388510 -32.427200 0 9.244090 5.873310 218.655000 778.914000 -13 1555 1 0 1.000000
-26.111700 5.592240 0 20.145900 2.853770 228.696000 778.899000 -13 1556 1 0 1.000000
-1.165790 -2.768530 0 8.492330 -19.856600 199.898000 778.788000 -13 1557 1 0 1.000000
-9.908320 -11.993800 0 -8.927350 -22.423100 220.936000 778.552000 -13 1558 1 0 1.000000
-6.160330 -16.577500 0 -11.556400 8.858400 223.063000 779.023000 -13 1559 1 0 1.000000
-6.321670 -7.573750 0 6.146630 3.709620 190.163000 778.638000 -13 1560 1 0 1.000000
-15.949000 -23.944400 0 -19.221000 -8.549580 208.390000 778.626000 -13 1561 1 0 1.000000
-13.405200 -6.803480 0 -8.426350 7.649150 211.436000 778.816000 -13 1562 1 0 1.000000
-24.897100 1.468790 0 5.727720 -15.059900 203.562000 778.853000 -13 1563 1 0 1.000000
-1.053220 -7.641720 0 0.685162 2.515560 202.082000 778.776000 -13 1564 1 0 1.000000
-7.913620 -10.216500 0 10.170100 6.285990 212.650000 778.765000 -13 1565 1 0 1.000000
-18.755500 8.973100 0 -6.002670 4.739250 203.505000 778.662000 -13 1566 1 0 1.000000
-4.979660 -9.918530 0 -8.359730 -5.771020 212.487000 778.813000 -13 1567 1 0 1.000000
-4.964470 7.832870 0 3.148390 4.693750 194.054000 778.935000 -13 1568 1 0 1.000000
-2.483540 -2.817520 0 -4.952440 1.418980 214.212000 778.682000 -13 1569 1 0 1.000000
-7.579990 -11.565100 0 9.078380 5.708130 217.532000 778.690000 -13 1570 1 0 1.000000
-4.674700 -13.607900 0 8.548710 -10.246600 208.895000 778.690000 -13 1571 1 0 1.000000
-14.842000 8.387540 0 -9.666110 -13.763900 210.977000 778.728000 -13 1572 1 0 1.000000
-17.939300 -30.820500 0 9.072510 -5.329150 194.782000 778.776000 -13 1573 1 0 1.000000
-9.019640 -25.484300 0 2.302250 -6.051920 209.882000 778.889000 -13 1574 1 0 1.000000
7.205910 13.740900 0 -5.304770 -1.467120 214.162000 778.948000 -13 1575 1 0 1.000000
2.065420 -19.066000 0 6.906950 12.774800 209.308000 778.706000 -13 1576 1 0 1.000000
-6.897900 -9.223950 0 7.782420 15.779600 191.512000 778.841000 -13 1577 1 0 1.000000
-0.358101 -8.613810 0 -9.706920 3.121410 208.462000 778.841000 -13 1578 1 0 1.000000
-5.898940 -8.734640 0 -11.165100 -32.574800 201.968000 778.595000 -13 1579 1 0 1.000000
-5.979900 -17.045600 0 -7.263490 6.757090 194.828000 778.892000 -13 1580 1 0 1.000000
-13.304400 -3.139520 0 -18.138500 -17.277900 200.123000 778.878000 -13 1581 1 0 1.000000
2.002950 -2.721610 0 25.105500 1.167350 202.983000 778.828000 -13 1582 1 0 1.000000
-4.521510 3.353590 0 -13.935600 -5.126920 218.477000 778.891000 -13 1583 1 0 1.000000
8.859570 -2.235100 0 -16.080900 -13.803300 210.247000 778.717000 -13 1584 1 0 1.000000
-13.329400 -6.809760 0 0.741976 -4.962690 213.900000 778.641000 -13 1585 1 0 1.000000
-19.334100 -9.749910 0 12.076000 2.670060 213.530000 778.910000 -13 1586 1 0 1.000000
3.988640 -21.730100 0 20.071300 -21.340300 197.447000 778.798000 -13 1587 1 0 1.000000
-0.152013 -11.724300 0 15.298000 -15.895700 224.743000 778.840000 -13 1588 1 0 1.000000
5.913190 -12.740000 0 1.865800 -9.843880 180.653000 778.885000 -13 1589 1 0 1.000000
6.658820 7.066720 0 17.247700 -44.882100 218.609000 778.681000 -13 1590 1 0 1.000000
-1.480460 -8.042920 0 -36.845700 -1.463080 228.291000 778.624000 -13 1591 1 0 1.000000
-8.080110 -20.801000 0 1.732340 -9.193710 222.940000 778.700000 -13 1592 1 0 1.000000
-7.621300 -22.794300 0 4.635410 -19.314500 204.694000 779.002000 -13 1593 1 0 1.000000
-3.852270 -8.281060 0 6.736180 -19.063600 225.069000 778.834000 -13 1594 1 0 1.000000
-5.761710 -16.569000 0 -2.432650 14.441000 204.652000 778.753000 -13 1595 1 0 1.000000
0.808219 -16.824300 0 -16.025800 -2.309910 212.839000 778.825000 -13 1596 1 0 1.000000
-15.229200 -4.769370 0 11.066800 3.157150 185.119000 778.635000 -13 1597 1 0 1.000000
-3.743410 -18.455700 0 -8.805060 -1.140400 196.594000 778.648000 -13 1598 1 0 1.000000
-18.251700 -2.564950 0 18.944700 -20.799300 217.162000 778.970000 -13 1599 1 0 1.000000
-6.115840 16.255700 0 20.941000 -12.310500 218.418000 778.986000 -13 1600 1 0 1.000000
0.449899 -28.536400 0 -1.247400 18.426000 229.572000 778.700000 -13 1601 1 0 1.000000
-25.207700 0.746068 0 5.217120 2.165350 220.058000 778.677000 -13 1602 1 0 1.000000
-13.829000 -15.571900 0 10.718200 3.500530 215.281000 778.553000 -13 1603 1 0 1.000000
-25.998000 -13.807200 0 22.429900 -6.390420 197.856000 779.071000 -13 1604 1 0 1.000000
-4.911510 -8.468890 0 -9.439230 -2.282990 214.315000 778.533000 -13 1605 1 0 1.000000
-10.091000 6.415800 0 1.479580 3.734720 202.434000 778.595000 -13 1606 1 0 1.000000
0.455895 -6.844700 0 14.068400 -1.755140 188.452000 778.647000 -13 1607 1 0 1.000000
-4.102740 -10.041700 0 5.397000 5.648900 200.083000 778.879000 -13 1608 1 0 1.000000
5.893580 -7.505700 0 -27.922200 -6.028880 222.220000 778.749000 -13 1609 1 0 1.000000
-14.847300 -13.641000 0 -4.979340 16.573200 206.779000 778.849000 -13 1610 1 0 1.000000
-1.658860 -1.509710 0 -6.486570 16.039600 219.437000 778.851000 -13 1611 1 0 1.000000
-9.351980 -26.442500 0 10.105200 50.677500 213.561000 778.934000 -13 1612 1 0 1.000000
-5.624150 1.887110 0 10.927500 -24.439600 203.872000 778.860000 -13 1613 1 0 1.000000
9.341360 -25.556100 0 -17.117300 30.869600 198.393000 778.707000 -13 1614 1 0 1.000000
-16.709400 14.692100 0 0.631638 8.031630 215.182000 778.870000 -13 1615 1 0 1.000000
-4.218090 -14.573300 0 -19.101700 16.392300 203.823000 778.535000 -13 1616 1 0 1.000000
-20.117100 -19.927900 0 -6.703330 -12.066700 208.616000 778.472000 -13 1617 1 0 1.000000
-7.427000 -12.632100 0 -3.432990 3.656590 221.965000 778.681000 -13 1618 1 0 1.000000
35.600200 -9.139220 0 -11.931000 -1.519020 223.431000 778.817000 -13 1619 1 0 1.000000
-8.675930 4.596860 0 -4.151680 -2.416050 208.887000 778.394000 -13 1620 1 0 1.000000
-16.327600 -1.922170 0 10.843200 -10.082200 217.761000 778.768000 -13 1621 1 0 1.000000
-4.521920 -11.645100 0 -11.655100 -11.346400 222.071000 778.796000 -13 1622 1 0 1.000000
-8.337040 -6.908770 0 -4.172490 0.841056 218.854000 778.793000 -13 1623 1 0 1.000000
3.367780 -10.117300 0 6.300240 -7.296320 205.639000 778.673000 -13 1624 1 0 1.000000
12.125700 -7.861990 0 3.483300 -0.342708 187.186000 778.897000 -13 1625 1 0 1.000000
-10.175000 8.705900 0 -3.734360 11.681800 211.950000 778.635000 -13 1626 1 0 1.000000
-2.891640 -5.070770 0 17.173700 11.629300 222.032000 778.915000 -13 1627 1 0 1.000000
6.931100 -7.682180 0 -10.792000 -1.544440 204.403000 778.797000 -13 1628 1 0 1.000000
6.975290 -47.901500 0 -9.130290 -21.333400 224.133000 778.575000 -13 1629 1 0 1.000000
-13.522500 9.056060 0 -11.260900 -11.813500 213.532000 778.864000 -13 1630 1 0 1.000000
4.907560 -3.990070 0 10.099800 0.110703 207.765000 778.879000 -13 1631 1 0 1.000000
-3.944280 -9.979500 0 -8.973950 3.342210 214.945000 778.655000 -13 1632 1 0 1.000000
-7.052880 -8.698830 0 -5.138280 -8.493200 213.394000 778.660000 -13 1633 1 0 1.000000
-11.134000 0.581290 0 6.573610 -12.862800 209.486000 778.779000 -13 1634 1 0 1.000000
-7.451490 1.631900 0 4.169120 -13.674300 207.584000 778.701000 -13 1635 1 0 1.000000
-13.102100 -18.513500 0 -0.836929 4.853680 216.201000 778.708000 -13 1636 1 0 1.000000
-5.279650 -11.174300 0 6.198210 -3.085500 210.962000 778.843000 -13 1637 1 0 1.000000
-11.652200 -12.483800 0 -18.481400 1.626580 210.587000 778.835000 -13 1638 1 0 1.000000
-21.372900 12.651800 0 -4.297400 18.677200 224.324000 778.885000 -13 1639 1 0 1.000000
-12.564500 -19.397300 0 4.379310 -6.885030 201.227000 778.811000 -13 1640 1 0 1.000000
-20.146700 6.383480 0 -4.479110 12.259700 208.046000 778.679000 -13 1641 1 0 1.000000
-13.716800 -12.084400 0 12.890600 -7.143890 204.876000 778.932000 -13 1642 1 0 1.000000
0.762077 -10.278100 0 -0.581336 -0.946685 189.951000 778.640000 -13 1643 1 0 1.000000
-0.720825 -9.993460 0 0.848967 -9.822550 196.517000 778.828000 -13 1644 1 0 1.000000
-4.352930 16.966600 0 -12.751300 3.862920 214.925000 778.731000 -13 1645 1 0 1.000000
6.771020 -11.072800 0 5.627230 -11.630600 191.541000 778.624000 -13 1646 1 0 1.000000
8.017390 -2.580820 0 9.638480 -11.548000 212.263000 778.671000 -13 1647 1 0 1.000000
-24.156300 -10.544600 0 0.139380 -5.211000 202.489000 778.897000 -13 1648 1 0 1.000000
-16.087200 -1.424730 0 -8.704190 -20.701700 205.601000 778.738000 -13 1649 1 0 1.000000
-2.591020 -15.839700 0 5.909340 23.189300 217.802000 778.519000 -13 1650 1 0 1.000000
-4.601670 -13.674000 0 -6.562530 1.042410 200.217000 778.806000 -13 1651 1 0 1.000000
1.456690 -11.521800 0 -8.078670 0.389340 201.672000 778.668000 -13 1652 1 0 1.000000
-23.412500 -13.898600 0 10.354500 -6.084340 225.770000 778.615000 -13 1653 1 0 1.000000
-6.962340 4.844320 0 -16.283400 -5.610280 221.329000 778.709000 -13 1654 1 0 1.000000
-10.160700 -13.388100 0 7.100090 -4.774280 204.305000 778.876000 -13 1655 1 0 1.000000
5.151830 -6.607010 0 -13.639100 2.537240 201.310000 778.761000 -13 1656 1 0 1.000000
-8.637980 -11.957100 0 -10.775100 -5.683330 205.137000 778.820000 -13 1657 1 0 1.000000
3.657450 -3.761610 0 10.885000 -16.441200 215.330000 778.674000 -13 1658 1 0 1.000000
15.023200 -16.856800 0 -4.366420 4.715520 208.332000 778.872000 -13 1659 1 0 1.000000
3.952990 -16.840600 0 -3.391920 12.254100 198.552000 778.628000 -13 1660 1 0 1.000000
-2.958110 -8.493590 0 4.513100 1.629150 203.441000 778.724000 -13 1661 1 0 1.000000
-4.796070 -16.910300 0 19.765600 -0.654843 207.156000 778.856000 -13 1662 1 0 1.000000
-8.309220 -12.085000 0 4.013690 10.818300 214.674000 778.582000 -13 1663 1 0 1.000000
-22.869000 -10.191000 0 -12.124500 -5.575100 221.107000 778.662000 -13 1664 1 0 1.000000
-10.476600 -0.694477 0 13.256700 -1.397920 207.793000 778.694000 -13 1665 1 0 1.000000
-8.967730 7.928120 0 1.083650 2.818890 201.260000 778.764000 -13 1666 1 0 1.000000
-0.335245 -9.131710 0 -4.996870 1.622250 197.560000 778.596000 -13 1667 1 0 1.000000
2.002290 -10.955700 0 14.353500 -8.284660 222.819000 778.869000 -13 1668 1 0 1.000000
-3.398400 -8.490100 0 0.349520 4.808850 203.964000 778.620000 -13 1669 1 0 1.000000
2.768310 -3.905980 0 -12.566000 4.743920 219.010000 778.623000 -13 1670 1 0 1.000000
1.701580 11.819100 0 -4.352110 5.169100 208.435000 778.659000 -13 1671 1 0 1.000000
-10.767200 -16.546200 0 -5.326750 27.644100 222.268000 778.608000 -13 1672 1 0 1.000000
-13.446800 -15.467300 0 15.071800 -4.540470 201.723000 778.256000 -13 1673 1 0 1.000000
-1.173060 -3.676640 0 5.240250 25.932200 233.059000 778.648000 -13 1674 1 0 1.000000
-23.529400 -6.123890 0 -11.364900 17.516500 228.458000 778.693000 -13 1675 1 0 1.000000
-2.807660 -5.421680 0 -7.673810 6.694000 227.041000 778.637000 -13 1676 1 0 1.000000
-12.071200 -24.206800 0 25.563300 9.606760 212.825000 778.752000 -13 1677 1 0 1.000000
-8.064570 2.535890 0 28.740400 -10.760100 210.620000 778.740000 -13 1678 1 0 1.000000
16.668000 -26.403700 0 13.882100 11.709700 219.144000 778.555000 -13 1679 1 0 1.000000
-5.554350 -9.565850 0 7.135260 -11.882500 202.152000 778.815000 -13 1680 1 0 1.000000
-13.909400 -2.763810 0 7.917540 12.122300 209.924000 778.353000 -13 1681 1 0 1.000000
-0.469243 -0.148562 0 -6.922800 0.231738 195.679000 778.418000 -13 1682 1 0 1.000000
6.928850 -12.650100 0 -8.254770 -9.270680 194.701000 778.626000 -13 1683 1 0 1.000000
-31.018800 3.272130 0 -8.008100 6.679850 213.007000 778.698000 -13 1684 1 0 1.000000
-5.199260 -10.257300 0 -3.948180 5.515570 211.459000 778.438000 -13 1685 1 0 1.000000
-7.068900 -6.803970 0 -1.703810 2.310680 201.814000 778.712000 -13 1686 1 0 1.000000
6.957510 -13.905300 0 16.194300 10.423100 189.692000 778.642000 -13 1687 1 0 1.000000
12.045100 -11.182400 0 -23.403500 0.864413 185.009000 778.756000 -13 1688 1 0 1.000000
-11.352300 -6.908450 0 -5.565380 -9.544670 209.938000 778.597000 -13 1689 1 0 1.000000
-7.136900 -22.027600 0 2.001970 9.220590 200.480000 778.673000 -13 1690 1 0 1.000000
4.017640 2.918900 0 -21.475400 0.923724 195.239000 778.685000 -13 1691 1 0 1.000000
-14.747000 -0.641869 0 11.145100 -23.781600 206.808000 779.005000 -13 1692 1 0 1.000000
-8.376300 4.215010 0 2.081080 12.063200 216.755000 778.726000 -13 1693 1 0 1.000000
-10.508000 -21.451300 0 10.250200 10.132100 220.161000 778.947000 -13 1694 1 0 1.000000
1.695490 -0.529114 0 4.494250 2.240610 206.892000 778.749000 -13 1695 1 0 1.000000
1.127340 -17.709700 0 19.033700 0.817437 204.435000 778.863000 -13 1696 1 0 1.000000
-17.989700 -27.946200 0 2.618820 22.632700 206.781000 778.649000 -13 1697 1 0 1.000000
5.387640 -22.404400 0 8.125240 -0.131578 211.654000 778.797000 -13 1698 1 0 1.000000
-12.935700 -18.425200 0 13.279600 -15.287300 200.630000 778.819000 -13 1699 1 0 1.000000
-14.113700 11.795800 0 5.443110 2.141890 210.972000 778.776000 -13 1700 1 0 1.000000
1.456860 -14.762000 0 0.889710 8.062470 200.544000 778.621000 -13 1701 1 0 1.000000
-7.309300 -1.659790 0 -0.243129 -11.418100 209.480000 778.674000 -13 1702 1 0 1.000000
2.029420 -5.867620 0 12.841200 -1.274090 198.001000 778.525000 -13 1703 1 0 1.000000
18.272200 24.611800 0 7.891950 -14.235200 199.334000 778.825000 -13 1704 1 0 1.000000
1.851200 6.213140 0 11.138800 -5.045570 216.675000 778.824000 -13 1705 1 0 1.000000
-3.657810 -13.685000 0 10.448100 13.772900 211.078000 778.849000 -13 1706 1 0 1.000000
3.160890 -9.190510 0 2.859890 13.375400 206.613000 778.764000 -13 1707 1 0 1.000000
-8.366140 -15.626400 0 5.552050 -5.860910 223.225000 778.671000 -13 1708 1 0 1.000000
-18.483600 2.229690 0 4.935000 -2.052580 210.084000 778.755000 -13 1709 1 0 1.000000
-9.465220 -15.946600 0 -0.529946 -0.370938 202.547000 778.723000 -13 1710 1 0 1.000000
-11.759500 -7.718860 0 -7.239910 16.157400 214.325000 778.823000 -13 1711 1 0 1.000000
5.787560 -3.804630 0 -0.393296 -15.752600 225.805000 778.721000 -13 1712 1 0 1.000000
-30.888500 -1.904210 0 10.889700 9.342720 214.699000 778.567000 -13 1713 1 0 1.000000
-12.019100 -0.443585 0 -1.200920 -14.493000 205.843000 778.740000 -13 1714 1 0 1.000000
-6.574340 -15.079400 0 6.380220 -8.581280 203.102000 778.761000 -13 1715 1 0 1.000000
-16.562200 -28.637200 0 16.780100 9.265200 221.879000 778.720000 -13 1716 1 0 1.000000
9.181740 10.795900 0 -21.660800 0.971943 219.919000 778.596000 -13 1717 1 0 1.000000
-4.375170 1.605700 0 4.365350 14.576100 229.702000 778.625000 -13 1718 1 0 1.000000
-14.075300 -2.059870 0 -1.602660 5.358170 221.822000 778.815000 -13 1719 1 0 1.000000
-25.929500 -0.534115 0 1.641140 18.209500 217.569000 778.397000 -13 1720 1 0 1.000000
-14.711300 -0.494964 0 -5.896460 -12.317600 204.032000 778.595000 -13 1721 1 0 1.000000
1.786940 -17.363000 0 -0.060717 -15.933300 197.785000 778.839000 -13 1722 1 0 1.000000
-4.325920 6.877970 0 3.890510 29.505700 224.088000 778.671000 -13 1723 1 0 1.000000
-20.025400 -0.725632 0 6.292350 -4.236740 214.660000 778.809000 -13 1724 1 0 1.000000
2.276930 -2.855410 0 9.726530 -16.162800 207.239000 778.880000 -13 1725 1 0 1.000000
7.753640 2.620700 0 3.937420 -30.144600 212.408000 778.827000 -13 1726 1 0 1.000000
2.600250 -7.220600 0 17.094500 -6.902050 183.028000 778.704000 -13 1727 1 0 1.000000
-23.823800 -16.751000 0 1.006370 5.440480 218.659000 778.687000 -13 1728 1 0 1.000000
4.464670 -2.911020 0 -15.371200 -8.152980 206.545000 778.598000 -13 1729 1 0 1.000000
-16.162600 -3.889170 0 -8.008590 -17.986800 207.210000 778.724000 -13 1730 1 0 1.000000
0.482401 0.191066 0 1.961630 8.369960 211.926000 778.707000 -13 1731 1 0 1.000000
3.526010 -7.595870 0 4.495540 13.607100 203.057000 778.637000 -13 1732 1 0 1.000000
-9.605300 -5.094980 0 4.176820 -0.459741 222.940000 778.797000 -13 1733 1 0 1.000000
-4.622420 -12.573400 0 3.946760 -7.140910 196.128000 778.713000 -13 1734 1 0 1.000000
-18.194200 8.049830 0 -7.931590 -6.734860 212.981000 778.564000 -13 1735 1 0 1.000000
-7.664970 -18.534700 0 -9.893470 -16.545900 220.537000 778.810000 -13 1736 1 0 1.000000
0.464406 1.232570 0 -20.733500 10.201500 207.014000 778.958000 -13 1737 1 0 1.000000
-12.611100 -21.635500 0 -18.274800 29.362600 222.249000 778.764000 -13 1738 1 0 1.000000
-22.846600 5.551540 0 11.469000 -1.203280 204.981000 778.984000 -13 1739 1 0 1.000000
-4.973400 -10.273800 0 -9.065910 -0.000455 208.616000 778.648000 -13 1740 1 0 1.000000
-10.816000 -9.783300 0 -0.178198 6.500530 208.264000 778.727000 -13 1741 1 0 1.000000
-10.959000 -1.541510 0 -11.409100 -6.342490 192.580000 778.961000 -13 1742 1 0 1.000000
12.755400 -11.144700 0 -14.233000 7.222350 207.104000 778.651000 -13 1743 1 0 1.000000
-11.803700 2.346330 0 -10.388100 -32.628500 219.317000 778.852000 -13 1744 1 0 1.000000
-12.738700 1.554420 0 -7.825450 24.471200 196.280000 778.754000 -13 1745 1 0 1.000000
-9.412450 1.651720 0 -11.989300 3.891160 187.658000 778.607000 -13 1746 1 0 1.000000
-11.596100 -19.554600 0 -9.360730 15.479000 249.459000 778.791000 -13 1747 1 0 1.000000
2.294240 -22.330200 0 2.552880 -8.301630 194.642000 778.656000 -13 1748 1 0 1.000000
-16.076700 -7.524690 0 -21.764600 6.997850 228.998000 778.704000 -13 1749 1 0 1.000000
5.690050 -11.424000 0 17.574700 -26.683600 223.364000 778.620000 -13 1750 1 0 1.000000
-14.361500 5.880940 0 -2.650140 9.077130 222.023000 778.528000 -13 1751 1 0 1.000000
-19.191800 9.789480 0 20.017300 -30.440500 225.272000 778.399000 -13 1752 1 0 1.000000
42.944700 -25.501800 0 -23.314200 4.111240 221.452000 778.618000 -13 1753 1 0 1.000000
-30.409500 -16.210700 0 11.154000 -10.103900 217.428000 778.651000 -13 1754 1 0 1.000000
6.015180 -14.909100 0 10.921500 4.881060 220.673000 778.567000 -13 1755 1 0 1.000000
-12.799800 -8.127410 0 0.522527 0.751248 198.379000 778.619000 -13 1756 1 0 1.000000
-15.718400 0.222338 0 -1.754730 3.674620 220.164000 778.593000 -13 1757 1 0 1.000000
7.693060 -19.647400 0 -1.776880 -9.907680 209.445000 778.845000 -13 1758 1 0 1.000000
-11.336400 6.478470 0 -1.350660 -2.382580 209.196000 778.530000 -13 1759 1 0 1.000000
-12.981800 -11.303400 0 28.164900 4.896090 211.800000 778.587000 -13 1760 1 0 1.000000
4.947900 -3.492520 0 -4.123790 -1.824910 221.802000 779.101000 -13 1761 1 0 1.000000
-1.941320 -11.550600 0 -27.631900 22.743000 217.335000 778.607000 -13 1762 1 0 1.000000
-19.954600 -4.007220 0 1.074200 -8.308070 202.003000 778.659000 -13 1763 1 0 1.000000
-5.826510 8.219990 0 3.740760 -3.050600 200.192000 778.636000 -13 1764 1 0 1.000000
5.637430 -17.570200 0 -9.988170 4.460690 199.564000 778.758000 -13 1765 1 0 1.000000
7.222620 -9.755210 0 8.716900 -4.860650 201.216000 778.872000 -13 1766 1 0 1.000000
2.907040 0.415983 0 -14.978900 -3.548280 207.914000 778.715000 -13 1767 1 0 1.000000
-5.534180 -15.621700 0 -19.967200 -17.002900 208.249000 778.814000 -13 1768 1 0 1.000000
6.796630 -18.488200 0 3.100340 -12.155800 195.724000 778.712000 -13 1769 1 0 1.000000
21.886500 -32.940100 0 12.291500 12.929100 203.889000 778.912000 -13 1770 1 0 1.000000
-10.845200 -20.063100 0 6.054780 15.971800 212.561000 778.580000 -13 1771 1 0 1.000000
12.329000 4.580230 0 -5.084610 4.078630 202.533000 778.410000 -13 1772 1 0 1.000000
-29.060900 -2.791200 0 -0.411302 1.449970 205.165000 778.842000 -13 1773 1 0 1.000000
-8.054690 -6.359260 0 2.706610 -9.256770 202.600000 778.817000 -13 1774 1 0 1.000000
-18.478800 -4.182690 0 16.569200 6.737430 209.459000 778.911000 -13 1775 1 0 1.000000
16.416900 -24.559000 0 4.238600 -5.421930 193.479000 778.757000 -13 1776 1 0 1.000000
-15.136700 -1.807450 0 5.590370 0.618865 200.951000 778.812000 -13 1777 1 0 1.000000
6.577730 -3.326210 0 0.396132 -0.874043 203.306000 778.821000 -13 1778 1 0 1.000000
-17.845600 -16.311800 0 -9.054640 -9.041330 204.467000 778.852000 -13 1779 1 0 1.000000
6.746950 -12.340900 0 1.330700 16.992500 191.351000 778.904000 -13 1780 1 0 1.000000
15.593400 19.995300 0 -5.804350 -6.169730 204.042000 778.789000 -13 1781 1 0 1.000000
-14.994200 -16.934100 0 12.362100 3.370660 228.721000 778.544000 -13 1782 1 0 1.000000
-33.209200 -18.702600 0 -6.142030 -21.900100 215.808000 778.557000 -13 1783 1 0 1.000000
-10.983000 -7.289990 0 -20.936000 5.692450 220.848000 778.637000 -13 1784 1 0 1.000000
10.434600 -10.907600 0 -32.098000 17.028800 195.163000 778.589000 -13 1785 1 0 1.000000
15.922300 10.089800 0 2.165830 -14.026800 215.888000 779.059000 -13 1786 1 0 1.000000
-10.782000 -9.242730 0 -9.141330 -0.058627 218.467000 778.760000 -13 1787 1 0 1.000000
-9.918390 -4.143570 0 -4.964900 -10.117800 194.897000 778.533000 -13 1788 1 0 1.000000
11.202600 -17.823200 0 -4.230890 -2.519560 212.392000 778.495000 -13 1789 1 0 1.000000
-9.927620 10.621000 0 -10.172900 -3.704450 207.782000 778.619000 -13 1790 1 0 1.000000
-9.537390 -2.196880 0 -1.387340 -5.281250 218.855000 778.500000 -13 1791 1 0 1.000000
-1.496330 -15.756000 0 -10.009100 -5.336660 214.049000 778.764000 -13 1792 1 0 1.000000
10.995600 -21.228900 0 -4.350200 -15.550200 232.399000 778.736000 -13 1793 1 0 1.000000
0.238640 -16.028700 0 7.878990 -0.430485 198.943000 778.836000 -13 1794 1 0 1.000000
-5.705420 0.815872 0 1.758480 -4.074490 209.167000 778.591000 -13 1795 1 0 1.000000
-17.873200 0.372883 0 -13.792400 -2.176110 192.111000 778.750000 -13 1796 1 0 1.000000
-0.636151 -15.903100 0 -8.887320 -2.689520 195.998000 778.622000 -13 1797 1 0 1.000000
-26.670400 9.672880 0 -0.626177 9.362560 217.009000 778.659000 -13 1798 1 0 1.000000
-20.026500 10.379600 0 -1.558060 18.028200 227.207000 778.651000 -13 1799 1 0 1.000000
13.305500 -12.066500 0 -11.431100 1.687250 189.726000 778.536000 -13 1800 1 0 1.000000
2.766120 -19.965000 0 -1.271090 -6.824940 203.079000 778.537000 -13 1801 1 0 1.000000
-1.930000 -8.603190 0 10.793600 -6.860970 203.841000 778.839000 -13 1802 1 0 1.000000
11.654500 -13.122300 0 6.779840 -14.274900 214.962000 778.410000 -13 1803 1 0 1.000000
-3.169460 1.928870 0 -6.436590 19.687400 191.094000 778.669000 -13 1804 1 0 1.000000
4.134980 -4.490410 0 11.040300 -11.591600 190.405000 778.610000 -13 1805 1 0 1.000000
-8.195580 -8.276680 0 37.982300 -13.412400 201.852000 778.825000 -13 1806 1 0 1.000000
2.642090 3.367190 0 -4.274550 -0.276927 217.433000 778.594000 -13 1807 1 0 1.000000
5.245720 -10.809300 0 -1.254580 -10.574800 193.514000 778.599000 -13 1808 1 0 1.000000
-9.920520 -1.136230 0 -16.801400 -6.268740 205.387000 778.935000 -13 1809 1 0 1.000000
-10.326400 -27.855000 0 4.699450 -7.189690 211.397000 778.657000 -13 1810 1 0 1.000000
-12.356800 -12.608100 0 -7.770510 -8.099680 217.201000 778.884000 -13 1811 1 0 1.000000
-20.554700 -27.890600 0 -17.842500 12.363100 221.273000 778.848000 -13 1812 1 0 1.000000
14.522700 -2.817270 0 -11.638000 1.636540 206.745000 778.738000 -13 1813 1 0 1.000000
-0.930877 -11.241100 0 9.635400 -2.180830 211.544000 778.895000 -13 1814 1 0 1.000000
-3.135640 -12.424700 0 -12.302800 0.283672 205.364000 778.604000 -13 1815 1 0 1.000000
5.009610 -2.809920 0 -7.969440 -9.544480 221.591000 778.781000 -13 1816 1 0 1.000000
-18.439700 -3.694790 0 19.048700 -11.056700 227.336000 778.726000 -13 1817 1 0 1.000000
-29.040900 -5.327320 0 -7.149610 -10.676800 212.950000 778.661000 -13 1818 1 0 1.000000
4.756930 -15.427700 0 -2.216350 25.032500 197.457000 778.559000 -13 1819 1 0 1.000000
-10.621600 -5.480770 0 -12.248300 7.065190 217.982000 778.872000 -13 1820 1 0 1.000000
-1.854100 -10.540500 0 -45.566200 27.625500 217.107000 778.785000 -13 1821 1 0 1.000000
-7.081780 -16.993900 0 -9.649680 -16.093400 210.540000 778.754000 -13 1822 1 0 1.000000
-0.865434 -15.521300 0 14.116900 19.921300 195.875000 778.846000 -13 1823 1 0 1.000000
-10.304700 -22.940300 0 9.116750 -10.938600 210.045000 778.820000 -13 1824 1 0 1.000000
-9.399790 -2.725680 0 -20.061700 -2.093820 202.699000 778.719000 -13 1825 1 0 1.000000
0.263661 -5.407150 0 19.409700 -2.348270 197.739000 778.686000 -13 1826 1 0 1.000000
-5.706280 -5.005010 0 -6.180310 6.563570 213.054000 778.700000 -13 1827 1 0 1.000000
-32.317700 -8.444290 0 10.543100 13.821100 224.764000 778.604000 -13 1828 1 0 1.000000
-1.585510 -2.643420 0 13.821100 -2.021610 207.883000 778.736000 -13 1829 1 0 1.000000
-4.354120 -1.869890 0 -0.576600 1.300540 218.602000 778.605000 -13 1830 1 0 1.000000
4.284160 -21.739300 0 1.132640 18.086500 212.112000 778.614000 -13 1831 1 0 1.000000
3.628750 5.189830 0 10.254700 1.358910 209.385000 778.438000 -13 1832 1 0 1.000000
-28.039400 1.442030 0 -2.088990 -5.624520 209.184000 778.571000 -13 1833 1 0 1.000000
-12.660900 -14.419800 0 7.631320 -2.960270 195.575000 778.521000 -13 1834 1 0 1.000000
-9.988930 3.864360 0 11.201700 12.253900 227.260000 778.695000 -13 1835 1 0 1.000000
-2.306300 -5.804780 0 -1.913850 1.548160 204.327000 778.525000 -13 1836 1 0 1.000000
6.971870 -11.096300 0 2.585370 -2.398160 191.275000 778.694000 -13 1837 1 0 1.000000
-11.594600 -14.378500 0 -14.449800 -7.024040 218.010000 778.988000 -13 1838 1 0 1.000000
-3.572810 -3.191230 0 3.310430 0.672554 198.637000 778.512000 -13 1839 1 0 1.000000
-19.734400 5.204920 0 -0.267811 8.338150 207.305000 778.840000 -13 1840 1 0 1.000000
-17.886800 19.843300 0 0.589751 24.852700 217.582000 778.870000 -13 1841 1 0 1.000000
7.659640 -23.715800 0 -3.759180 2.505920 209.352000 778.631000 -13 1842 1 0 1.000000
-4.805840 -1.304650 0 -11.798900 1.671880 219.099000 778.724000 -13 1843 1 0 1.000000
-13.748900 -5.233400 0 6.433270 -6.920500 213.465000 778.761000 -13 1844 1 0 1.000000
18.510200 1.467180 0 1.766660 -19.557200 220.171000 778.954000 -13 1845 1 0 1.000000
7.208400 14.336400 0 -4.952810 7.028860 190.129000 778.869000 -13 1846 1 0 1.000000
6.924900 -5.023060 0 8.975110 -14.041300 205.894000 778.724000 -13 1847 1 0 1.000000
-19.459800 -13.732300 0 22.478600 12.022300 247.330000 778.572000 -13 1848 1 0 1.000000
-9.282550 5.171040 0 -3.305970 -13.848900 208.115000 778.976000 -13 1849 1 0 1.000000
-10.385900 -7.337800 0 0.821231 -22.641200 207.243000 778.792000 -13 1850 1 0 1.000000
-8.927200 -15.490100 0 -5.417930 12.293200 201.248000 778.844000 -13 1851 1 0 1.000000
-20.882200 7.993370 0 17.420300 -18.671700 212.321000 778.888000 -13 1852 1 0 1.000000
-2.834110 -11.433500 0 22.859200 -8.330930 196.216000 779.030000 -13 1853 1 0 1.000000
0.211808 -11.167200 0 -1.624680 -3.251820 204.381000 778.685000 -13 1854 1 0 1.000000
-13.052300 1.412240 0 6.570300 2.388980 182.877000 778.696000 -13 1855 1 0 1.000000
-17.782900 19.788500 0 -17.063300 16.393600 230.094000 778.871000 -13 1856 1 0 1.000000
-2.932030 0.763075 0 12.626400 -19.731200 189.590000 778.899000 -13 1857 1 0 1.000000
-20.878400 -1.921680 0 -3.744910 25.411400 221.717000 778.888000 -13 1858 1 0 1.000000
-15.493600 -13.186800 0 -15.044300 9.621660 209.474000 778.791000 -13 1859 1 0 1.000000
-9.738520 -21.994500 0 -8.553330 7.440880 209.765000 778.794000 -13 1860 1 0 1.000000
-14.244300 -1.752520 0 -13.640100 1.476140 216.730000 778.905000 -13 1861 1 0 1.000000
-7.984590 -14.160600 0 1.963680 -12.746400 217.174000 778.713000 -13 1862 1 0 1.000000
3.560130 -24.798900 0 -9.359770 2.128110 216.220000 778.804000 -13 1863 1 0 1.000000
1.280030 -22.199700 0 -4.371800 5.636270 217.673000 778.811000 -13 1864 1 0 1.000000
-16.955100 -8.603460 0 8.511830 1.573260 211.187000 778.792000 -13 1865 1 0 1.000000
-2.841070 1.445100 0 0.171508 -17.277400 204.947000 778.815000 -13 1866 1 0 1.000000
-6.197950 -1.448490 0 1.720820 -9.621280 202.874000 778.662000 -13 1867 1 0 1.000000
-4.840750 5.296720 0 -1.026340 -14.773600 203.752000 778.752000 -13 1868 1 0 1.000000
3.006150 -2.075430 0 -3.178650 2.040540 207.291000 778.782000 -13 1869 1 0 1.000000
-12.921800 -18.087400 0 -17.155600 10.431600 207.096000 778.875000 -13 1870 1 0 1.000000
-7.343490 -18.946900 0 -5.348940 9.404690 218.748000 778.789000 -13 1871 1 0 1.000000
2.532730 -2.981390 0 -9.226180 2.327090 203.399000 778.691000 -13 1872 1 0 1.000000
-18.973900 0.072605 0 -11.592100 7.160000 207.883000 778.841000 -13 1873 1 0 1.000000
-6.629030 2.330650 0 0.506541 -12.211900 216.077000 778.707000 -13 1874 1 0 1.000000
-22.418200 -1.627830 0 13.232600 15.575600 207.150000 778.729000 -13 1875 1 0 1.000000
-7.310390 12.119300 0 1.255880 -13.345400 204.179000 778.877000 -13 1876 1 0 1.000000
-11.533600 -6.823650 0 -0.998660 10.059800 212.600000 778.828000 -13 1877 1 0 1.000000
-6.009740 -31.115000 0 -14.064600 -2.075380 199.395000 778.602000 -13 1878 1 0 1.000000
7.409700 -38.242500 0 -5.448320 7.958600 220.889000 778.646000 -13 1879 1 0 1.000000
-21.230300 -5.204420 0 -16.087900 -2.961150 228.287000 778.745000 -13 1880 1 0 1.000000
1.843100 -2.945860 0 2.569040 10.267100 202.780000 778.907000 -13 1881 1 0 1.000000
17.337400 -11.317600 0 -11.477500 5.687760 212.069000 778.915000 -13 1882 1 0 1.000000
-10.925300 -2.091970 0 16.575300 23.103000 207.224000 778.884000 -13 1883 1 0 1.000000
-16.425300 -16.032400 0 6.165580 -5.304240 205.763000 778.761000 -13 1884 1 0 1.000000
-17.991700 0.607234 0 18.313500 -0.284676 207.105000 778.864000 -13 1885 1 0 1.000000
-11.704800 -6.495190 0 3.319570 11.204700 210.026000 778.842000 -13 1886 1 0 1.000000
-23.257600 -21.917200 0 -11.901100 -3.143730 214.647000 778.806000 -13 1887 1 0 1.000000
-17.076100 -6.849430 0 -22.756000 14.726400 206.338000 778.817000 -13 1888 1 0 1.000000
-1.370140 -13.701400 0 6.587810 10.798000 198.311000 778.530000 -13 1889 1 0 1.000000
-12.146700 -8.327180 0 -7.966410 -5.281150 214.686000 778.357000 -13 1890 1 0 1.000000
-18.590700 0.935769 0 -10.556000 5.855420 209.729000 778.881000 -13 1891 1 0 1.000000
-16.233100 19.177500 0 -18.115500 -1.073810 216.967000 778.923000 -13 1892 1 0 1.000000
-19.049400 -9.320400 0 13.174300 -25.478900 214.147000 778.874000 -13 1893 1 0 1.000000
-4.343870 -21.607400 0 4.738310 -9.162180 208.650000 778.689000 -13 1894 1 0 1.000000
-8.886480 -14.518900 0 -10.236000 -6.914010 196.188000 778.750000 -13 1895 1 0 1.000000
1.832800 -10.900800 0 -3.477810 2.725810 216.277000 778.806000 -13 1896 1 0 1.000000
-28.046900 -8.105610 0 21.425500 48.142200 231.634000 778.601000 -13 1897 1 0 1.000000
-12.884200 -2.547610 0 1.774990 16.907600 236.212000 778.959000 -13 1898 1 0 1.000000
-9.432770 -1.005160 0 3.848190 -2.990320 200.669000 778.838000 -13 1899 1 0 1.000000
-12.930500 -2.138180 0 1.729940 4.588880 222.735000 778.405000 -13 1900 1 0 1.000000
4.152000 1.589830 0 -7.126610 5.171510 200.133000 778.815000 -13 1901 1 0 1.000000
7.219750 -38.199200 0 -8.230120 29.547300 225.376000 778.844000 -13 1902 1 0 1.000000
5.097490 -11.469000 0 -3.408380 -3.580740 178.047000 778.845000 -13 1903 1 0 1.000000
20.377400 6.551970 0 7.632640 0.414853 196.690000 778.715000 -13 1904 1 0 1.000000
-22.334200 -13.235500 0 -1.085100 -11.841400 223.980000 779.111000 -13 1905 1 0 1.000000
3.301980 -1.592610 0 25.438100 -11.126900 200.256000 778.460000 -13 1906 1 0 1.000000
3.411570 -3.479240 0 -2.081880 -14.171300 213.771000 778.636000 -13 1907 1 0 1.000000
10.508000 -17.613400 0 5.176380 -7.097560 201.375000 778.610000 -13 1908 1 0 1.000000
-9.073100 -39.024100 0 12.143800 40.246300 232.295000 778.794000 -13 1909 1 0 1.000000
-27.857100 3.456510 0 17.322300 -9.775560 215.659000 778.820000 -13 1910 1 0 1.000000
7.085760 2.043610 0 -7.145900 3.044000 207.341000 778.611000 -13 1911 1 0 1.000000
-33.212000 -24.170700 0 30.636300 9.270350 207.299000 778.749000 -13 1912 1 0 1.000000
-16.321800 -26.467600 0 -10.038100 5.815700 228.860000 778.716000 -13 1913 1 0 1.000000
0.247907 -16.738800 0 11.449100 -10.648700 202.085000 778.814000 -13 1914 1 0 1.000000
-15.259600 -5.872740 0 -10.645900 -3.515170 203.016000 779.029000 -13 1915 1 0 1.000000
-21.562500 -14.916100 0 7.592170 -4.898370 209.739000 778.355000 -13 1916 1 0 1.000000
-11.117800 -13.740200 0 1.180150 -19.941600 190.183000 778.700000 -13 1917 1 0 1.000000
-13.188300 15.989400 0 3.814810 -13.216200 192.456000 778.773000 -13 1918 1 0 1.000000
-4.869990 -18.630100 0 -1.688130 -6.797840 220.419000 778.769000 -13 1919 1 0 1.000000
-6.119910 -4.224760 0 -15.727600 3.315330 239.400000 778.475000 -13 1920 1 0 1.000000
-1.105520 -10.181900 0 5.857220 -7.862360 190.894000 778.664000 -13 1921 1 0 1.000000
-28.029000 -18.160600 0 19.580700 8.336520 213.623000 778.814000 -13 1922 1 0 1.000000
-3.229430 1.828110 0 -1.009210 -8.391040 205.650000 778.634000 -13 1923 1 0 1.000000
-7.708250 -9.505300 0 -8.168050 -18.468400 223.151000 778.562000 -13 1924 1 0 1.000000
-22.523400 -8.583730 0 -28.545500 -60.146100 236.741000 778.836000 -13 1925 1 0 1.000000
-1.965330 -2.463240 0 8.218610 -10.035700 184.720000 778.771000 -13 1926 1 0 1.000000
-6.799370 -11.918800 0 -14.349700 5.562480 191.699000 778.849000 -13 1927 1 0 1.000000
-4.635360 -8.946160 0 -8.882210 -10.567200 199.553000 778.909000 -13 1928 1 0 1.000000
-16.333700 1.056150 0 2.323490 0.589788 207.983000 778.840000 -13 1929 1 0 1.000000
-9.965530 14.184500 0 -22.111800 -28.413500 228.733000 778.941000 -13 1930 1 0 1.000000
15.152400 -14.279100 0 7.362900 -11.988700 197.826000 779.033000 -13 1931 1 0 1.000000
-6.333580 -10.063100 0 5.597190 -3.516360 207.348000 778.925000 -13 1932 1 0 1.000000
13.655400 -4.909530 0 0.629378 -10.623400 215.718000 778.657000 -13 1933 1 0 1.000000
-26.146800 -7.276500 0 -40.784500 -3.287360 207.510000 778.727000 -13 1934 1 0 1.000000
-18.187800 5.382150 0 -3.815320 -7.533860 198.362000 778.702000 -13 1935 1 0 1.000000
14.506500 -16.121400 0 -3.719030 -2.342980 216.520000 778.846000 -13 1936 1 0 1.000000
-3.895470 -5.134580 0 -6.931890 0.356688 210.026000 778.849000 -13 1937 1 0 1.000000
5.968650 -6.620750 0 2.989650 -12.274200 201.999000 778.958000 -13 1938 1 0 1.000000
-5.145090 -10.067300 0 25.429300 -0.694270 211.207000 778.764000 -13 1939 1 0 1.000000
-10.583900 -39.515500 0 -1.301070 22.280900 210.663000 778.808000 -13 1940 1 0 1.000000
-6.905980 -26.991400 0 -7.327950 -1.797790 200.138000 778.593000 -13 1941 1 0 1.000000
-7.482500 -10.443900 0 13.277500 -4.768190 212.182000 778.925000 -13 1942 1 0 1.000000
11.048400 4.253930 0 10.556000 15.404700 224.406000 778.683000 -13 1943 1 0 1.000000
1.750830 -12.145400 0 2.939430 -2.917000 218.295000 778.753000 -13 1944 1 0 1.000000
-15.823600 -6.845800 0 12.963200 5.426580 205.009000 778.776000 -13 1945 1 0 1.000000
0.953736 -7.550950 0 -18.953700 -8.380440 207.658000 778.831000 -13 1946 1 0 1.000000
2.933610 10.559700 0 5.866750 -5.543800 212.864000 778.788000 -13 1947 1 0 1.000000
-13.813400 -2.618180 0 10.781000 3.028510 197.634000 778.670000 -13 1948 1 0 1.000000
-39.803500 10.133500 0 19.515800 6.456910 227.250000 778.863000 -13 1949 1 0 1.000000
-7.847860 -0.963799 0 -11.131400 10.118700 221.283000 778.695000 -13 1950 1 0 1.000000
-13.402200 -16.399400 0 -6.618630 -9.577420 214.402000 778.499000 -13 1951 1 0 1.000000
17.867100 -2.670160 0 6.310760 -3.217370 218.218000 778.780000 -13 1952 1 0 1.000000
0.945514 -8.325830 0 17.796000 -6.171530 208.212000 778.656000 -13 1953 1 0 1.000000
11.807600 -3.776760 0 4.940860 -3.500250 204.705000 778.757000 -13 1954 1 0 1.000000
-8.413380 -5.652380 0 -6.498090 3.791290 211.916000 778.593000 -13 1955 1 0 1.000000
4.307140 -8.358750 0 12.825100 -15.513200 199.650000 778.638000 -13 1956 1 0 1.000000
-6.043600 8.541890 0 1.215440 3.609040 205.436000 778.721000 -13 1957 1 0 1.000000
-28.943000 -7.844810 0 0.798369 -0.294509 209.877000 778.720000 -13 1958 1 0 1.000000
-4.706490 7.601200 0 -7.181690 1.644020 205.345000 778.873000 -13 1959 1 0 1.000000
-10.516400 -3.315990 0 -7.032590 -5.000290 210.789000 778.747000 -13 1960 1 0 1.000000
-4.066930 -1.800880 0 -1.296690 3.874570 213.878000 778.715000 -13 1961 1 0 1.000000
5.806110 -16.828700 0 -2.180200 -0.889521 203.898000 778.945000 -13 1962 1 0 1.000000
-18.544700 -1.502300 0 -2.574670 8.646950 215.841000 778.870000 -13 1963 1 0 1.000000
-2.700650 -7.983270 0 -7.371310 -4.262870 212.428000 778.596000 -13 1964 1 0 1.000000
-20.997000 -21.406200 0 21.892200 26.127600 225.494000 778.749000 -13 1965 1 0 1.000000
-17.375500 -14.789400 0 -7.108130 9.628770 223.339000 778.579000 -13 1966 1 0 1.000000
-23.560100 12.035400 0 20.118600 -8.332520 228.311000 778.635000 -13 1967 1 0 1.000000
-23.315500 2.295580 0 14.757700 -2.017860 217.142000 778.821000 -13 1968 1 0 1.000000
13.828300 -11.290800 0 -8.019510 -11.356000 218.726000 778.643000 -13 1969 1 0 1.000000
-11.293900 -18.007700 0 -1.506670 1.247600 217.190000 778.795000 -13 1970 1 0 1.000000
-4.952430 -7.038570 0 6.143800 10.358800 220.888000 778.726000 -13 1971 1 0 1.000000
-19.302000 -16.324300 0 -4.896430 8.322120 210.599000 778.735000 -13 1972 1 0 1.000000
-17.498700 -2.817630 0 20.017800 -16.561500 214.872000 778.531000 -13 1973 1 0 1.000000
-26.513700 -41.485700 0 -15.018900 1.775690 198.943000 778.792000 -13 1974 1 0 1.000000
-48.974400 -6.756270 0 -8.789450 12.953300 217.655000 778.897000 -13 1975 1 0 1.000000
-10.853700 2.647860 0 -18.968500 -5.805220 199.364000 778.791000 -13 1976 1 0 1.000000
4.789990 -26.661900 0 4.224120 -1.294010 217.991000 778.798000 -13 1977 1 0 1.000000
-7.208500 -5.242360 0 4.990190 4.611980 214.502000 778.751000 -13 1978 1 0 1.000000
-15.496400 -3.130590 0 -11.660100 10.402900 200.977000 778.571000 -13 1979 1 0 1.000000
0.206140 -10.890200 0 -4.890940 4.071270 201.053000 778.771000 -13 1980 1 0 1.000000
-8.470380 -17.242600 0 -13.706400 16.373600 190.564000 778.554000 -13 1981 1 0 1.000000
1.954920 -16.067800 0 8.440800 14.930500 194.315000 778.905000 -13 1982 1 0 1.000000
3.476590 -32.617100 0 -22.668600 5.004260 230.065000 778.516000 -13 1983 1 0 1.000000
-1.839310 -18.008100 0 -2.527340 -2.361780 229.191000 778.714000 -13 1984 1 0 1.000000
-14.443400 -15.009600 0 -5.515160 -7.451180 212.089000 778.626000 -13 1985 1 0 1.000000
4.444070 -11.665100 0 4.487490 0.495735 190.415000 779.091000 -13 1986 1 0 1.000000
-14.959700 -9.477090 0 -8.492780 -0.041454 212.496000 778.713000 -13 1987 1 0 1.000000
10.029300 -7.499390 0 3.503910 14.112600 200.974000 778.709000 -13 1988 1 0 1.000000
-19.483200 5.048510 0 -4.923520 13.964000 217.278000 778.525000 -13 1989 1 0 1.000000
-28.771200 5.881830 0 -6.121290 -9.997940 213.728000 778.522000 -13 1990 1 0 1.000000
8.816720 13.628500 0 7.175010 10.301900 206.660000 778.523000 -13 1991 1 0 1.000000
-8.308590 -9.116180 0 6.245340 13.938300 204.040000 778.540000 -13 1992 1 0 1.000000
-9.220690 14.891100 0 8.875570 3.167080 195.929000 778.747000 -13 1993 1 0 1.000000
0.009929 -4.958740 0 -14.250000 -4.982900 211.169000 778.967000 -13 1994 1 0 1.000000
4.351890 -4.122790 0 -15.439300 -17.039400 223.713000 778.767000 -13 1995 1 0 1.000000
-12.116200 -9.674990 0 14.945100 6.113070 211.894000 778.923000 -13 1996 1 0 1.000000
-17.415600 -7.463400 0 -1.643810 -10.351300 220.994000 778.920000 -13 1997 1 0 1.000000
-17.532900 -19.278800 0 8.571470 4.922360 215.049000 778.767000 -13 1998 1 0 1.000000
-11.411900 7.313270 0 -2.932310 0.405149 206.118000 778.824000 -13 1999 1 0 1.000000
-10.103200 2.771040 0 -2.782730 9.096130 204.833000 778.952000 -13 2000 1 0 1.000000
-7.539040 -7.667670 0 2.217830 22.386000 213.664000 778.768000 -13 2001 1 0 1.000000
-6.518340 -10.516900 0 13.773200 -10.096100 172.009000 778.605000 -13 2002 1 0 1.000000
5.376100 13.350000 0 0.209218 -8.078970 212.030000 778.934000 -13 2003 1 0 1.000000
-0.521853 -13.649300 0 -7.790290 -19.707200 205.721000 778.319000 -13 2004 1 0 1.000000
-12.003900 6.813540 0 0.088895 -5.356680 205.795000 778.916000 -13 2005 1 0 1.000000
-21.013100 -15.014700 0 -3.270960 -3.435920 211.737000 778.841000 -13 2006 1 0 1.000000
-14.413000 -5.717170 0 -14.497100 18.062800 207.384000 778.761000 -13 2007 1 0 1.000000
2.935240 -17.302600 0 -7.240040 8.449380 206.139000 778.688000 -13 2008 1 0 1.000000
-4.674030 -12.352700 0 -7.904720 -8.993640 200.528000 778.823000 -13 2009 1 0 1.000000
-8.813980 -5.200430 0 16.437900 6.068930 206.236000 778.852000 -13 2010 1 0 1.000000
-18.144500 -4.260700 0 -3.064990 -4.154830 206.906000 778.732000 -13 2011 1 0 1.000000
-19.126200 -6.455640 0 -7.398170 25.218300 200.123000 778.918000 -13 2012 1 0 1.000000
-0.636757 -17.804800 0 4.292420 -5.040920 215.106000 778.672000 -13 2013 1 0 1.000000
20.462800 -29.630600 0 -5.453410 7.215500 208.900000 778.815000 -13 2014 1 0 1.000000
-14.029100 -0.771309 0 -25.718200 -4.486580 208.523000 778.843000 -13 2015 1 0 1.000000
-5.205340 -15.790600 0 24.829900 0.507839 201.675000 778.505000 -13 2016 1 0 1.000000
-2.795150 -5.319850 0 -9.311080 -3.624820 199.655000 778.682000 -13 2017 1 0 1.000000
-14.507700 -21.136800 0 -4.803180 17.845000 202.466000 778.868000 -13 2018 1 0 1.000000
4.036640 -10.636000 0 -1.396990 6.821440 215.810000 778.888000 -13 2019 1 0 1.000000
3.377440 -9.622060 0 2.781950 -12.488300 212.347000 778.679000 -13 2020 1 0 1.000000
-6.510410 -18.857200 0 -20.059500 25.434800 215.338000 778.820000 -13 2021 1 0 1.000000
-36.009600 -22.006700 0 -12.138500 -7.389910 236.511000 778.835000 -13 2022 1 0 1.000000
11.771000 5.536770 0 7.413150 0.653814 191.370000 778.724000 -13 2023 1 0 1.000000
-16.087100 -7.345940 0 9.928480 29.277700 210.342000 778.512000 -13 2024 1 0 1.000000
-15.155600 -21.224900 0 3.165340 -20.520300 204.263000 778.600000 -13 2025 1 0 1.000000
-4.205030 -14.109100 0 -1.815470 -14.739700 219.326000 778.866000 -13 2026 1 0 1.000000
10.754200 -17.043200 0 -9.027480 -12.415600 205.115000 778.741000 -13 2027 1 0 1.000000
-10.446100 -0.352274 0 11.896500 23.605000 202.782000 778.970000 -13 2028 1 0 1.000000
-18.971500 10.624600 0 4.338940 -17.310900 236.476000 778.766000 -13 2029 1 0 1.000000
-20.000400 -0.927676 0 -3.723710 -1.648410 212.031000 778.517000 -13 2030 1 0 1.000000
-29.123400 -41.702100 0 24.086600 7.204250 222.747000 778.930000 -13 2031 1 0 1.000000
0.761568 -17.439100 0 1.002530 -13.323700 200.211000 778.644000 -13 2032 1 0 1.000000
4.813510 -5.822570 0 -2.483920 -1.620660 211.589000 778.612000 -13 2033 1 0 1.000000
-7.323290 -16.605300 0 -8.073670 1.336720 206.457000 778.609000 -13 2034 1 0 1.000000
-10.273400 -15.748300 0 5.041280 4.869960 209.947000 778.690000 -13 2035 1 0 1.000000
5.572960 -9.201730 0 -15.597000 -0.141887 189.280000 778.758000 -13 2036 1 0 1.000000
0.410662 -2.257140 0 -33.721400 -9.337590 234.060000 779.010000 -13 2037 1 0 1.000000
3.523000 -4.986770 0 -16.792600 1.695660 209.452000 778.854000 -13 2038 1 0 1.000000
-3.695680 -13.577200 0 -1.278830 0.873604 212.241000 778.575000 -13 2039 1 0 1.000000
-3.191670 -12.415600 0 -12.654100 4.474880 198.836000 778.742000 -13 2040 1 0 1.000000
-20.992300 -9.145680 0 12.277700 -6.207990 201.868000 778.874000 -13 2041 1 0 1.000000
2.170450 -14.813200 0 -9.544070 -2.957470 197.817000 778.734000 -13 2042 1 0 1.000000
-26.545000 -8.587570 0 -21.193300 -2.463210 199.694000 778.771000 -13 2043 1 0 1.000000
9.424140 -12.896600 0 -14.704400 13.311100 197.905000 778.434000 -13 2044 1 0 1.000000
0.576980 -11.356800 0 16.954200 -2.990120 202.263000 778.640000 -13 2045 1 0 1.000000
0.670221 -11.429900 0 0.496017 -1.121930 200.396000 778.565000 -13 2046 1 0 1.000000
-10.608900 -4.669020 0 7.475830 -3.773780 211.566000 779.038000 -13 2047 1 0 1.000000
-5.132070 -4.245920 0 0.282027 -0.098282 200.568000 778.488000 -13 2048 1 0 1.000000
2.582930 -11.245300 0 -19.442400 7.288010 221.727000 778.944000 -13 2049 1 0 1.000000
-9.890850 -16.440300 0 -39.784700 3.381510 222.814000 779.001000 -13 2050 1 0 1.000000
-6.636910 -3.794910 0 2.698620 11.340400 193.260000 779.013000 -13 2051 1 0 1.000000
-24.634300 -15.425500 0 7.403710 -4.897210 231.982000 778.897000 -13 2052 1 0 1.000000
-10.490700 -42.195500 0 0.168034 18.942600 216.354000 778.654000 -13 2053 1 0 1.000000
-8.055670 -6.854690 0 28.218700 4.843350 208.557000 778.854000 -13 2054 1 0 1.000000
-9.916250 1.896540 0 -8.202050 -30.823700 222.604000 778.842000 -13 2055 1 0 1.000000
-19.952300 -5.597180 0 4.926240 -2.245610 219.447000 778.570000 -13 2056 1 0 1.000000
-7.711920 -8.679870 0 1.014730 10.039700 215.800000 778.731000 -13 2057 1 0 1.000000
-17.270500 4.911890 0 3.670230 0.457952 203.187000 778.748000 -13 2058 1 0 1.000000
-16.170500 2.138100 0 11.780800 0.567476 232.651000 778.893000 -13 2059 1 0 1.000000
-11.917800 15.640400 0 -4.283890 -2.447100 223.839000 778.751000 -13 2060 1 0 1.000000
-7.337460 -23.033700 0 -3.958960 21.421500 223.049000 778.613000 -13 2061 1 0 1.000000
-6.221500 -11.714100 0 7.317230 -0.250630 207.439000 778.651000 -13 2062 1 0 1.000000
-1.947970 -15.268600 0 10.769900 -9.317950 212.356000 778.713000 -13 2063 1 0 1.000000
-7.166510 -2.876730 0 11.246600 -23.808900 213.792000 778.880000 -13 2064 1 0 1.000000
-12.770800 -16.613100 0 -4.681250 18.080300 211.908000 778.816000 -13 2065 1 0 1.000000
-11.879800 -0.856709 0 -9.357390 -1.453010 207.108000 778.578000 -13 2066 1 0 1.000000
-10.889200 3.042970 0 -10.268400 6.932740 206.710000 778.590000 -13 2067 1 0 1.000000
-8.233420 -7.308730 0 -5.540220 -2.546520 216.014000 778.699000 -13 2068 1 0 1.000000
-24.502400 -12.308000 0 29.009800 7.571550 215.653000 778.934000 -13 2069 1 0 1.000000
-7.174880 -17.695800 0 -25.856700 16.930900 217.200000 778.567000 -13 2070 1 0 1.000000
-3.859430 -6.619640 0 -6.083160 -5.663100 208.940000 778.792000 -13 2071 1 0 1.000000
9.232470 14.852000 0 -6.392030 3.894460 196.614000 778.445000 -13 2072 1 0 1.000000
-2.408000 -12.581400 0 -18.551700 9.823820 185.050000 778.696000 -13 2073 1 0 1.000000
-17.448700 -12.782100 0 -18.273000 -8.251480 225.924000 778.995000 -13 2074 1 0 1.000000
-9.895640 -6.767240 0 -16.155000 -7.605850 190.719000 778.646000 -13 2075 1 0 1.000000
5.774570 -3.857500 0 20.672400 -11.465200 205.993000 778.513000 -13 2076 1 0 1.000000
3.321950 12.215800 0 4.474430 6.329440 208.830000 778.769000 -13 2077 1 0 1.000000
-14.221200 1.471240 0 -1.483340 21.085700 210.305000 778.421000 -13 2078 1 0 1.000000
-7.767700 2.815400 0 3.290640 -0.050588 208.105000 778.836000 -13 2079 1 0 1.000000
-22.300800 -7.426870 0 -2.588940 -18.315900 205.240000 778.939000 -13 2080 1 0 1.000000
0.875868 1.007340 0 0.163587 19.541000 211.302000 778.635000 -13 2081 1 0 1.000000
-8.829130 10.653000 0 -1.533290 -9.224030 218.180000 778.808000 -13 2082 1 0 1.000000
3.690520 -9.689340 0 -10.091500 -4.231840 212.197000 778.704000 -13 2083 1 0 1.000000
3.369570 -11.460200 0 16.265500 24.396700 217.045000 778.730000 -13 2084 1 0 1.000000
-17.084800 -1.461250 0 -3.028590 5.329980 203.237000 778.740000 -13 2085 1 0 1.000000
1.643890 -1.973060 0 -8.011630 -6.429830 212.282000 778.725000 -13 2086 1 0 1.000000
-34.286700 -12.831500 0 -1.795110 -9.389490 208.802000 778.808000 -13 2087 1 0 1.000000
-3.740960 -4.952940 0 2.815330 1.200460 213.606000 778.795000 -13 2088 1 0 1.000000
-7.292320 -23.009600 0 0.414258 -16.943500 201.973000 778.494000 -13 2089 1 0 1.000000
-8.174180 -7.113950 0 10.343200 4.369880 207.710000 778.516000 -13 2090 1 0 1.000000
-15.353100 0.432140 0 2.569060 5.249260 221.273000 778.470000 -13 2091 1 0 1.000000
-9.184040 -4.440500 0 9.548060 9.522770 199.736000 778.737000 -13 2092 1 0 1.000000
-10.840800 -18.676100 0 7.055590 11.528300 211.690000 778.640000 -13 2093 1 0 1.000000
-8.966130 -9.173910 0 -11.952600 13.188300 206.425000 778.672000 -13 2094 1 0 1.000000
-7.841000 -7.488460 0 2.045690 1.835490 196.320000 778.647000 -13 2095 1 0 1.000000
1.417520 -4.074710 0 -10.018600 -2.718060 203.926000 778.850000 -13 2096 1 0 1.000000
-11.000000 -8.169330 0 -20.687500 -15.794400 206.531000 778.508000 -13 2097 1 0 1.000000
-0.690447 -1.518080 0 -2.305890 10.625900 223.865000 778.549000 -13 2098 1 0 1.000000
-5.207280 -3.417650 0 -7.202560 -11.020600 206.296000 778.761000 -13 2099 1 0 1.000000
-12.735700 -4.919990 0 16.885100 9.513720 197.490000 778.739000 -13 2100 1 0 1.000000
-7.371680 -37.342000 0 19.444400 34.867500 235.333000 778.984000 -13 2101 1 0 1.000000
-16.735500 -20.327200 0 -14.286100 2.776720 208.018000 778.561000 -13 2102 1 0 1.000000
-29.715200 -5.075630 0 24.361700 -4.248430 208.673000 778.651000 -13 2103 1 0 1.000000
-4.429030 10.408000 0 -7.614780 -13.885800 199.532000 778.750000 -13 2104 1 0 1.000000
-12.467800 -14.028500 0 4.162580 3.894070 196.367000 778.885000 -13 2105 1 0 1.000000
-17.840300 -6.765510 0 17.876800 1.532020 214.873000 778.708000 -13 2106 1 0 1.000000
5.950550 -24.298000 0 8.746320 -3.807520 209.956000 778.750000 -13 2107 1 0 1.000000
2.114970 -7.102870 0 9.120080 1.987990 184.732000 778.588000 -13 2108 1 0 1.000000
-10.553800 -3.170850 0 8.294300 3.501930 209.755000 778.800000 -13 2109 1 0 1.000000
-6.116290 -11.741000 0 4.097810 18.479000 191.561000 778.815000 -13 2110 1 0 1.000000
-4.240150 -18.894000 0 23.872200 -12.559600 215.195000 778.837000 -13 2111 1 0 1.000000
-0.822016 -27.723800 0 3.881130 0.194372 204.549000 778.793000 -13 2112 1 0 1.000000
1.502190 -17.295800 0 1.258270 5.088750 201.654000 778.733000 -13 2113 1 0 1.000000
-3.114780 10.599800 0 12.796400 -1.059050 224.836000 778.810000 -13 2114 1 0 1.000000
-11.660800 -15.490900 0 12.440800 -3.191010 219.458000 778.713000 -13 2115 1 0 1.000000
6.033570 -11.582100 0 -13.465300 -1.595140 198.633000 778.767000 -13 2116 1 0 1.000000
-3.376920 5.267830 0 4.397440 3.342580 210.077000 778.698000 -13 2117 1 0 1.000000
-7.316880 -3.313890 0 3.875360 0.852735 191.781000 778.903000 -13 2118 1 0 1.000000
8.615460 -0.603196 0 -9.731570 -8.791910 187.775000 778.639000 -13 2119 1 0 1.000000
11.788800 -5.100480 0 10.057100 1.956590 216.736000 778.682000 -13 2120 1 0 1.000000
-5.025560 -19.832900 0 12.288200 -19.480400 198.616000 778.849000 -13 2121 1 0 1.000000
2.319620 0.092305 0 7.924840 -5.239240 186.753000 778.597000 -13 2122 1 0 1.000000
1.088240 0.959019 0 1.988750 32.393800 202.996000 779.061000 -13 2123 1 0 1.000000
4.806030 -22.368800 0 -1.213440 -1.595250 215.048000 778.875000 -13 2124 1 0 1.000000
-6.226770 -18.318300 0 -3.213100 17.141100 200.936000 778.796000 -13 2125 1 0 1.000000
5.734130 -11.869900 0 4.883740 -10.099900 186.680000 778.592000 -13 2126 1 0 1.000000
10.414600 -15.702500 0 -6.144030 -0.278959 215.039000 778.744000 -13 2127 1 0 1.000000
-4.095840 -12.589000 0 -10.546200 -5.117500 206.850000 778.725000 -13 2128 1 0 1.000000
-2.075230 -39.373100 0 -3.375890 11.349100 227.816000 778.661000 -13 2129 1 0 1.000000
-13.970600 15.446300 0 -8.847210 -5.892140 222.116000 778.648000 -13 2130 1 0 1.000000
-9.267450 -16.475100 0 1.608980 -2.817370 219.566000 778.569000 -13 2131 1 0 1.000000
-4.322400 0.578523 0 11.398700 6.011270 198.085000 778.904000 -13 2132 1 0 1.000000
-17.138400 -16.785500 0 1.339520 -10.142700 190.526000 778.712000 -13 2133 1 0 1.000000
-19.325900 -6.169830 0 -14.693900 11.678800 208.120000 779.210000 -13 2134 1 0 1.000000
-18.362800 -20.974300 0 7.365220 -0.560691 200.841000 778.555000 -13 2135 1 0 1.000000
3.305830 -0.829449 0 15.495100 -7.521840 208.047000 778.458000 -13 2136 1 0 1.000000
5.493580 0.295099 0 -1.017280 -6.935880 197.396000 778.762000 -13 2137 1 0 1.000000
6.062230 -4.566540 0 14.822900 1.302160 201.530000 778.633000 -13 2138 1 0 1.000000
-22.351200 -8.300400 0 13.800600 6.244760 212.451000 778.635000 -13 2139 1 0 1.000000
11.775600 2.444000 0 5.621520 -5.547720 206.513000 778.580000 -13 2140 1 0 1.000000
-10.749800 -8.604620 0 4.111550 -22.209400 211.893000 778.534000 -13 2141 1 0 1.000000
8.024430 4.294140 0 8.867960 -29.319200 221.321000 778.877000 -13 2142 1 0 1.000000
-3.545510 -32.778700 0 -22.402300 -0.025236 213.025000 778.571000 -13 2143 1 0 1.000000
5.956830 -18.367600 0 20.896800 -7.043790 210.886000 778.812000 -13 2144 1 0 1.000000
-17.642200 8.887500 0 0.338311 -12.473800 216.996000 778.908000 -13 2145 1 0 1.000000
-0.855103 -12.767400 0 0.512544 30.205000 207.293000 778.931000 -13 2146 1 0 1.000000
4.858420 -9.352870 0 10.364100 -1.992560 192.903000 778.763000 -13 2147 1 0 1.000000
-10.591700 -8.236560 0 4.487530 4.101830 214.718000 778.730000 -13 2148 1 0 1.000000
-1.651380 -19.794800 0 5.418460 -2.461700 202.522000 778.722000 -13 2149 1 0 1.000000
-3.633680 -14.903000 0 11.976100 11.215400 200.157000 778.618000 -13 2150 1 0 1.000000
-15.415700 -15.516100 0 -3.690640 -26.529800 195.468000 778.688000 -13 2151 1 0 1.000000
-12.982600 -9.822830 0 -6.119320 -27.987300 205.767000 778.798000 -13 2152 1 0 1.000000
-24.929600 14.650700 0 -4.210220 -2.431490 218.761000 778.563000 -13 2153 1 0 1.000000
-18.281200 -5.376580 0 13.656000 6.089770 199.823000 778.690000 -13 2154 1 0 1.000000
4.508740 -4.562970 0 -6.769770 6.868590 189.920000 778.745000 -13 2155 1 0 1.000000
-0.331010 5.335210 0 3.090310 12.137500 201.514000 778.777000 -13 2156 1 0 1.000000
-5.472260 -2.619670 0 4.260540 4.618290 196.439000 778.605000 -13 2157 1 0 1.000000
9.723930 20.773200 0 12.007200 14.648000 224.703000 778.891000 -13 2158 1 0 1.000000
9.883970 -8.566720 0 -5.981860 -10.822000 200.615000 779.027000 -13 2159 1 0 1.000000
-5.007800 -27.208000 0 -23.218000 -22.883400 206.475000 778.753000 -13 2160 1 0 1.000000
7.628590 -0.762787 0 9.205530 1.060350 213.225000 778.758000 -13 2161 1 0 1.000000
-13.465700 4.624470 0 -17.674000 -9.730330 214.437000 778.906000 -13 2162 1 0 1.000000
-9.808490 -8.830250 0 -20.770600 -1.425970 207.127000 778.960000 -13 2163 1 0 1.000000
3.460440 -23.959500 0 -2.807500 13.953000 208.340000 778.688000 -13 2164 1 0 1.000000
-9.696050 7.632840 0 -13.641800 4.305700 185.192000 778.669000 -13 2165 1 0 1.000000
0.353619 -14.778700 0 14.555900 -13.309800 222.988000 778.863000 -13 2166 1 0 1.000000
1.675960 -14.941000 0 -0.755427 11.174300 213.521000 778.599000 -13 2167 1 0 1.000000
-11.930500 -5.246030 0 -1.037410 13.831900 197.592000 778.778000 -13 2168 1 0 1.000000
-25.312300 6.593790 0 -19.733500 -11.470100 206.502000 778.598000 -13 2169 1 0 1.000000
-11.248600 -0.201602 0 12.740200 -7.992080 227.488000 779.020000 -13 2170 1 0 1.000000
8.890830 -9.739160 0 -15.326600 -10.304700 187.632000 778.642000 -13 2171 1 0 1.000000
-21.600100 -12.557800 0 -0.143210 2.738170 221.965000 778.781000 -13 2172 1 0 1.000000
6.339930 -9.967530 0 -16.390900 -3.602410 218.794000 778.560000 -13 2173 1 0 1.000000
-29.878200 5.530310 0 26.308900 -36.215500 192.241000 778.719000 -13 2174 1 0 1.000000
2.158160 -2.859790 0 -4.239850 11.313900 223.895000 778.708000 -13 2175 1 0 1.000000
-15.348200 -12.191300 0 5.963960 -0.020408 222.107000 778.612000 -13 2176 1 0 1.000000
-1.389210 -9.262300 0 -11.048200 -12.489400 205.757000 778.739000 -13 2177 1 0 1.000000
-23.791600 -5.555240 0 14.558500 11.838900 224.521000 778.992000 -13 2178 1 0 1.000000
-4.632840 -4.755740 0 -12.440600 6.536860 210.854000 778.733000 -13 2179 1 0 1.000000
-9.500920 -7.731940 0 1.230020 3.181240 214.602000 778.944000 -13 2180 1 0 1.000000
-4.209740 -9.633400 0 8.417380 5.049430 216.608000 778.540000 -13 2181 1 0 1.000000
-12.210900 -12.523100 0 -13.154500 0.197873 195.704000 778.926000 -13 2182 1 0 1.000000
-1.125500 -9.495770 0 4.048940 8.460300 195.853000 778.750000 -13 2183 1 0 1.000000
4.995580 -1.768530 0 -3.306670 0.399410 194.483000 778.486000 -13 2184 1 0 1.000000
3.977710 -22.670700 0 -4.547690 27.795700 235.065000 778.773000 -13 2185 1 0 1.000000
2.784370 -4.254830 0 -5.716910 -17.791800 201.170000 778.826000 -13 2186 1 0 1.000000
-13.322000 1.047420 0 6.029150 6.768940 194.946000 778.580000 -13 2187 1 0 1.000000
-2.529540 -15.554500 0 -11.192300 7.957750 200.809000 778.930000 -13 2188 1 0 1.000000
-7.577230 -14.792400 0 -3.106890 13.966400 225.900000 779.085000 -13 2189 1 0 1.000000
-2.470580 -2.139210 0 -5.183310 -1.637620 189.391000 778.664000 -13 2190 1 0 1.000000
-0.772972 -9.466740 0 17.077900 -0.107415 212.740000 778.739000 -13 2191 1 0 1.000000
4.754660 -9.743220 0 1.573270 -5.180530 199.873000 778.617000 -13 2192 1 0 1.000000
0.556975 -15.825100 0 -1.147480 28.071400 205.019000 778.608000 -13 2193 1 0 1.000000
16.854300 -14.822000 0 -25.415600 -7.714680 213.472000 778.581000 -13 2194 1 0 1.000000
-4.269610 -15.551000 0 2.313930 -12.239600 218.517000 778.508000 -13 2195 1 0 1.000000
-12.668600 -12.626500 0 -4.781610 26.161900 219.320000 778.717000 -13 2196 1 0 1.000000
-18.689900 -8.231290 0 -2.990920 1.235950 213.826000 778.907000 -13 2197 1 0 1.000000
-9.397980 -2.039590 0 -41.665200 10.694900 214.724000 778.551000 -13 2198 1 0 1.000000
-12.389800 7.909430 0 19.371500 -6.086640 220.197000 778.727000 -13 2199 1 0 1.000000
-49.105200 20.407000 0 -10.382200 19.420400 232.915000 778.892000 -13 2200 1 0 1.000000
-23.533800 -7.303190 0 1.243480 -4.675520 195.523000 778.928000 -13 2201 1 0 1.000000
-13.311000 -17.048300 0 -11.586900 5.311260 223.224000 778.691000 -13 2202 1 0 1.000000
15.550600 -11.930100 0 -4.927550 7.519670 230.841000 778.630000 -13 2203 1 0 1.000000
-3.185650 -13.415900 0 14.218500 -10.887800 216.261000 779.006000 -13 2204 1 0 1.000000
-11.145400 -9.226570 0 -17.813200 -8.557720 206.085000 778.730000 -13 2205 1 0 1.000000
-23.169800 4.517290 0 -1.048140 -6.187030 224.969000 778.646000 -13 2206 1 0 1.000000
-3.150900 -23.090200 0 -0.910810 -4.598520 213.394000 778.536000 -13 2207 1 0 1.000000
-12.234800 -17.516100 0 -6.374600 16.042300 194.792000 778.536000 -13 2208 1 0 1.000000
10.883300 -1.873470 0 2.129360 -4.770390 195.116000 778.740000 -13 2209 1 0 1.000000
4.209280 -6.238660 0 13.562500 -0.951669 195.993000 778.687000 -13 2210 1 0 1.000000
6.059000 -9.932620 0 8.466270 13.551400 193.346000 778.643000 -13 2211 1 0 1.000000
10.751700 -15.138600 0 -51.912800 -4.054170 233.792000 778.698000 -13 2212 1 0 1.000000
2.845000 -9.763120 0 15.841700 16.568600 197.274000 778.643000 -13 2213 1 0 1.000000
-13.343700 -2.108680 0 -0.578487 -11.341200 217.972000 779.222000 -13 2214 1 0 1.000000
-10.780700 -9.300730 0 -3.165910 -1.979110 197.111000 778.548000 -13 2215 1 0 1.000000
12.154100 0.646653 0 -9.313180 -9.013230 191.682000 778.792000 -13 2216 1 0 1.000000
-7.034550 8.668290 0 -11.862400 -0.182123 222.053000 778.797000 -13 2217 1 0 1.000000
-14.560300 -8.871170 0 3.720380 -9.013830 217.453000 778.796000 -13 2218 1 0 1.000000
-21.041100 -9.747920 0 -7.540060 -0.222177 191.530000 778.940000 -13 2219 1 0 1.000000
-7.951890 -11.625500 0 6.303720 16.339200 213.303000 778.731000 -13 2220 1 0 1.000000
9.472710 -2.953860 0 4.937210 5.286530 187.578000 778.837000 -13 2221 1 0 1.000000
-11.661800 1.202350 0 40.526200 -16.200600 210.222000 779.005000 -13 2222 1 0 1.000000
-3.400620 4.759970 0 6.309950 -14.561200 230.107000 778.827000 -13 2223 1 0 1.000000
-12.211600 -23.308700 0 2.113640 -10.188400 202.342000 778.608000 -13 2224 1 0 1.000000
-8.115040 -8.611330 0 -4.866680 -23.335000 220.730000 778.776000 -13 2225 1 0 1.000000
-14.169900 -12.456900 0 2.823930 22.000600 225.232000 778.771000 -13 2226 1 0 1.000000
23.230800 -3.029690 0 -18.155600 -6.207600 198.929000 778.855000 -13 2227 1 0 1.000000
-11.814500 1.274030 0 -4.662940 -4.559620 220.238000 778.768000 -13 2228 1 0 1.000000
-26.208300 -7.107310 0 19.113600 -26.652600 225.333000 778.718000 -13 2229 1 0 1.000000
-10.679600 -17.466300 0 -11.523000 2.992820 230.889000 778.914000 -13 2230 1 0 1.000000
-10.496400 -0.176219 0 -4.397450 18.814100 212.161000 779.030000 -13 2231 1 0 1.000000
4.170000 -19.272900 0 -20.591700 -2.839750 208.471000 778.676000 -13 2232 1 0 1.000000
-12.143100 -10.069600 0 2.184770 -12.669500 213.269000 778.620000 -13 2233 1 0 1.000000
-13.248100 -4.716430 0 4.244760 6.379610 209.547000 778.566000 -13 2234 1 0 1.000000
-4.522800 -14.498900 0 1.256450 -11.493500 202.096000 778.599000 -13 2235 1 0 1.000000
4.686650 6.773660 0 -2.515270 -2.586510 201.550000 778.663000 -13 2236 1 0 1.000000
-4.057290 -29.319100 0 1.809180 19.797000 215.936000 778.841000 -13 2237 1 0 1.000000
-21.315300 -6.774480 0 -1.655630 5.638410 193.450000 778.876000 -13 2238 1 0 1.000000
-14.333100 -13.247500 0 -13.337900 -11.526300 196.519000 778.666000 -13 2239 1 0 1.000000
-11.051800 -4.130630 0 0.008651 11.910800 238.938000 778.690000 -13 2240 1 0 1.000000
1.264230 -13.337900 0 1.032550 5.415390 200.744000 778.822000 -13 2241 1 0 1.000000
-6.145400 -2.652780 0 -0.634736 12.264700 194.200000 778.900000 -13 2242 1 0 1.000000
-22.349300 -26.505000 0 -5.947540 1.303020 195.083000 778.681000 -13 2243 1 0 1.000000
-12.228100 -11.897900 0 16.516700 6.620710 199.884000 778.790000 -13 2244 1 0 1.000000
-12.368400 -14.326700 0 4.231510 -7.432200 204.373000 778.784000 -13 2245 1 0 1.000000
-31.314200 1.452050 0 9.051790 6.397390 195.564000 778.551000 -13 2246 1 0 1.000000
-18.806200 -4.866900 0 -12.452800 7.834820 206.358000 778.711000 -13 2247 1 0 1.000000
19.528700 -22.374100 0 -1.679110 -9.258510 208.453000 778.963000 -13 2248 1 0 1.000000
-10.440400 -5.642000 0 -7.430450 -11.725300 211.334000 778.833000 -13 2249 1 0 1.000000
-25.757000 5.210380 0 -17.242300 0.650847 207.507000 778.679000 -13 2250 1 0 1.000000
-1.519760 -12.271000 0 4.667390 7.077050 202.329000 778.800000 -13 2251 1 0 1.000000
-0.071744 -15.601000 0 13.878300 -5.288240 207.335000 778.652000 -13 2252 1 0 1.000000
-24.218400 -24.408500 0 16.570800 8.011220 205.724000 778.656000 -13 2253 1 0 1.000000
15.116100 -21.715500 0 6.960940 -11.958000 214.607000 778.814000 -13 2254 1 0 1.000000
6.295810 -10.628100 0 -19.144600 16.715300 198.333000 778.434000 -13 2255 1 0 1.000000
-10.662100 -3.378340 0 8.338270 -9.432600 213.014000 778.986000 -13 2256 1 0 1.000000
-2.388070 -10.337700 0 -7.282150 -6.639140 188.586000 778.571000 -13 2257 1 0 1.000000
-1.127350 -4.641180 0 -4.896870 0.251642 193.049000 778.828000 -13 2258 1 0 1.000000
0.410557 12.420300 0 12.563800 1.284170 192.180000 778.811000 -13 2259 1 0 1.000000
11.494200 -0.615766 0 -18.100100 0.927472 199.262000 778.792000 -13 2260 1 0 1.000000
-13.131500 -21.875600 0 39.281200 20.189900 208.402000 779.002000 -13 2261 1 0 1.000000
-26.179000 -18.681100 0 5.438500 2.732590 221.254000 778.627000 -13 2262 1 0 1.000000
-14.429800 -4.890610 0 10.393000 -14.149100 205.977000 778.838000 -13 2263 1 0 1.000000
-22.511000 -25.683500 0 11.277900 7.176150 205.286000 778.935000 -13 2264 1 0 1.000000
-37.957200 1.601840 0 0.406249 14.624400 213.296000 778.888000 -13 2265 1 0 1.000000
-4.871310 -10.863200 0 -8.188520 -7.962420 206.372000 778.836000 -13 2266 1 0 1.000000
8.641390 -13.480500 0 -4.865540 10.938600 207.485000 778.869000 -13 2267 1 0 1.000000
-7.526230 -8.732520 0 -9.370270 -8.294820 209.699000 778.818000 -13 2268 1 0 1.000000
-5.113950 -9.901190 0 5.455250 -1.332480 204.816000 778.967000 -13 2269 1 0 1.000000
-25.848400 -23.917300 0 3.060350 -35.934000 197.092000 778.947000 -13 2270 1 0 1.000000
-21.649200 12.285900 0 7.399680 -14.256200 213.808000 778.746000 -13 2271 1 0 1.000000
-3.552060 -9.863960 0 -5.031350 -6.893870 206.207000 778.686000 -13 2272 1 0 1.000000
9.504730 -4.803180 0 3.950720 -5.576210 199.713000 778.578000 -13 2273 1 0 1.000000
-8.677590 -22.627200 0 -15.864000 -2.841110 219.495000 778.897000 -13 2274 1 0 1.000000
-5.690680 -5.320870 0 10.027100 -7.998800 208.041000 778.616000 -13 2275 1 0 1.000000
-7.273190 -2.338960 0 3.693970 -5.585980 210.292000 778.683000 -13 2276 1 0 1.000000
4.172090 -7.737390 0 10.716600 3.209270 216.653000 778.616000 -13 2277 1 0 1.000000
-20.422100 -7.579810 0 18.778400 -0.971425 215.962000 778.761000 -13 2278 1 0 1.000000
-11.418100 -19.550400 0 -9.744820 -10.271700 198.315000 778.624000 -13 2279 1 0 1.000000
-10.348900 -8.516450 0 -10.828400 4.691210 207.223000 778.703000 -13 2280 1 0 1.000000
-8.787880 2.939710 0 -13.634000 1.082140 196.930000 778.637000 -13 2281 1 0 1.000000
12.903000 -0.665978 0 -5.065650 -0.590387 206.215000 778.655000 -13 2282 1 0 1.000000
-21.303300 0.062226 0 13.156400 -10.679100 204.248000 778.761000 -13 2283 1 0 1.000000
-2.886680 0.951480 0 -10.798600 -11.625100 199.755000 778.774000 -13 2284 1 0 1.000000
5.052640 -10.218100 0 -10.192700 -5.609350 201.723000 778.656000 -13 2285 1 0 1.000000
-17.919500 -8.433350 0 -18.677200 0.371267 207.616000 778.600000 -13 2286 1 0 1.000000
-13.495100 3.558780 0 -10.006800 -7.474900 214.804000 778.593000 -13 2287 1 0 1.000000
-17.675200 -18.381500 0 -34.122400 36.573500 216.537000 778.733000 -13 2288 1 0 1.000000
8.304040 9.910030 0 -3.994270 -20.319400 215.426000 778.657000 -13 2289 1 0 1.000000
-11.185300 -1.528930 0 14.425700 -11.919900 206.232000 778.665000 -13 2290 1 0 1.000000
6.659400 -15.657600 0 -8.302840 -11.456000 203.882000 778.477000 -13 2291 1 0 1.000000
-33.002700 21.277200 0 3.273980 -3.822050 209.755000 779.086000 -13 2292 1 0 1.000000
-3.430510 -9.657200 0 -3.288630 2.625590 204.424000 778.639000 -13 2293 1 0 1.000000
-11.663700 -13.126100 0 -9.360310 -6.905070 221.211000 778.598000 -13 2294 1 0 1.000000
-19.253100 -1.062220 0 16.441100 -9.504030 231.641000 778.854000 -13 2295 1 0 1.000000
7.882360 -2.686280 0 7.916090 -7.865150 212.767000 778.957000 -13 2296 1 0 1.000000
-15.400200 3.524050 0 9.778920 -0.893264 211.631000 778.900000 -13 2297 1 0 1.000000
-28.143200 -6.889170 0 -31.469200 1.416010 228.578000 778.790000 -13 2298 1 0 1.000000
-13.643200 -0.209200 0 14.382800 -8.516170 202.228000 778.812000 -13 2299 1 0 1.000000
8.103230 -19.589100 0 4.015550 11.735400 209.842000 778.887000 -13 2300 1 0 1.000000
3.540280 -3.897170 0 -1.137390 5.915440 185.475000 778.674000 -13 2301 1 0 1.000000
5.389670 -25.227000 0 -17.241300 -5.915000 181.809000 778.889000 -13 2302 1 0 1.000000
-21.936900 -4.539590 0 12.848200 -9.684330 213.126000 778.788000 -13 2303 1 0 1.000000
-15.551500 -6.101580 0 9.604200 7.111820 213.876000 778.754000 -13 2304 1 0 1.000000
-4.400990 -8.514700 0 53.494600 29.716700 235.566000 778.894000 -13 2305 1 0 1.000000
1.451780 -7.717550 0 -27.127600 -2.882310 236.442000 778.941000 -13 2306 1 0 1.000000
-12.144800 -12.195900 0 1.943250 -33.225500 227.052000 778.511000 -13 2307 1 0 1.000000
-7.904270 10.094300 0 16.246700 7.698360 213.013000 778.504000 -13 2308 1 0 1.000000
7.994330 -1.645590 0 12.986700 3.625660 202.821000 778.492000 -13 2309 1 0 1.000000
-1.012700 1.059420 0 -1.842510 8.749480 207.435000 778.533000 -13 2310 1 0 1.000000
-0.794517 -17.103200 0 19.319300 2.202360 193.533000 778.744000 -13 2311 1 0 1.000000
-3.192070 -10.400100 0 29.373100 -31.784100 222.688000 778.492000 -13 2312 1 0 1.000000
-0.900589 3.419940 0 9.040090 -0.171747 207.411000 778.582000 -13 2313 1 0 1.000000
-13.114100 -12.637100 0 18.461800 -2.330880 207.897000 778.824000 -13 2314 1 0 1.000000
-0.839807 2.684250 0 -6.644250 -18.800300 207.043000 778.626000 -13 2315 1 0 1.000000
10.817600 -24.161200 0 3.594600 5.572240 213.665000 778.640000 -13 2316 1 0 1.000000
6.253240 17.983000 0 0.909169 -4.019070 209.832000 778.828000 -13 2317 1 0 1.000000
-6.044210 -21.151600 0 23.207400 -7.173540 222.000000 779.224000 -13 2318 1 0 1.000000
-33.470600 -13.549500 0 -13.683400 3.186440 213.393000 779.067000 -13 2319 1 0 1.000000
-11.953500 -22.086000 0 7.121360 -2.659980 197.472000 778.730000 -13 2320 1 0 1.000000
-14.937900 -20.356100 0 9.369760 23.663300 207.357000 778.946000 -13 2321 1 0 1.000000
4.753090 6.094260 0 5.612390 -32.657500 210.058000 778.485000 -13 2322 1 0 1.000000
7.211960 -2.183720 0 -20.585900 -10.699600 187.161000 778.828000 -13 2323 1 0 1.000000
-4.528230 6.950660 0 -3.057270 -14.020600 217.891000 778.787000 -13 2324 1 0 1.000000
-14.968300 -1.050110 0 -17.726200 8.018810 231.329000 778.714000 -13 2325 1 0 1.000000
-13.747900 -5.035210 0 16.880600 -2.324250 221.174000 779.006000 -13 2326 1 0 1.000000
-12.577800 3.697550 0 5.833740 -0.077509 196.053000 778.932000 -13 2327 1 0 1.000000
-8.644290 5.620490 0 1.983510 -1.812520 216.029000 778.606000 -13 2328 1 0 1.000000
-14.183000 0.345995 0 -0.718210 2.732430 215.180000 778.475000 -13 2329 1 0 1.000000
-9.689790 -3.452480 0 0.690518 -44.432000 225.585000 778.716000 -13 2330 1 0 1.000000
-11.642400 -4.730970 0 2.813180 -14.824200 224.670000 778.514000 -13 2331 1 0 1.000000
-2.201600 2.666480 0 -2.210370 2.440860 198.312000 778.576000 -13 2332 1 0 1.000000
-4.070880 -4.117660 0 -9.618760 -1.462830 207.219000 778.563000 -13 2333 1 0 1.000000
-10.032100 2.029900 0 2.231790 3.057500 227.678000 778.851000 -13 2334 1 0 1.000000
-8.409970 -4.577470 0 -9.758910 -14.011700 194.835000 778.591000 -13 2335 1 0 1.000000
4.614700 -2.318400 0 -1.560810 -9.676270 220.809000 778.852000 -13 2336 1 0 1.000000
-28.662100 -4.113030 0 -2.123730 12.972000 221.478000 778.465000 -13 2337 1 0 1.000000
-16.522400 -11.641900 0 4.479660 -0.195295 197.677000 778.790000 -13 2338 1 0 1.000000
0.953805 -15.919000 0 9.131290 8.968960 199.101000 778.555000 -13 2339 1 0 1.000000
-8.598740 8.052370 0 -13.387100 -16.659300 197.214000 778.897000 -13 2340 1 0 1.000000
2.856790 13.787500 0 -8.186680 -9.178810 199.891000 778.594000 -13 2341 1 0 1.000000
-13.267100 -19.507100 0 16.214100 10.026800 198.768000 778.782000 -13 2342 1 0 1.000000
-12.053900 -2.931930 0 -9.028560 -0.260628 199.690000 778.725000 -13 2343 1 0 1.000000
-7.912710 5.580260 0 -5.700580 15.561200 212.776000 778.793000 -13 2344 1 0 1.000000
-16.067500 -13.372700 0 15.378800 1.244670 221.410000 778.692000 -13 2345 1 0 1.000000
-1.585500 -6.876780 0 -17.849400 -3.539930 215.735000 778.629000 -13 2346 1 0 1.000000
4.611410 -17.506200 0 -5.435050 -5.969500 216.458000 778.930000 -13 2347 1 0 1.000000
6.178830 -6.273460 0 -16.250100 -13.290800 215.739000 778.733000 -13 2348 1 0 1.000000
-12.119900 -5.059590 0 -13.002000 -5.244650 197.801000 778.560000 -13 2349 1 0 1.000000
-16.550100 -2.958440 0 0.463871 -0.299248 205.988000 778.817000 -13 2350 1 0 1.000000
-18.907900 -25.520800 0 32.821900 -5.261150 216.192000 778.712000 -13 2351 1 0 1.000000
11.922300 -22.302500 0 19.125100 -19.156800 223.775000 779.000000 -13 2352 1 0 1.000000
-8.753410 -10.767300 0 -7.589080 -33.987500 221.707000 778.924000 -13 2353 1 0 1.000000
-6.088380 -17.988400 0 -21.501100 -3.718030 195.491000 778.411000 -13 2354 1 0 1.000000
-11.046500 3.436660 0 15.091700 -2.914950 190.960000 778.812000 -13 2355 1 0 1.000000
-14.342800 30.165000 0 -13.150400 -12.302000 203.836000 778.785000 -13 2356 1 0 1.000000
-11.969600 -1.689840 0 -8.499020 11.331400 194.310000 778.812000 -13 2357 1 0 1.000000
-11.393600 -25.283300 0 -7.967970 16.987100 232.559000 778.735000 -13 2358 1 0 1.000000
3.477730 -9.799820 0 25.471500 -34.878800 234.524000 778.576000 -13 2359 1 0 1.000000
-39.458600 6.694190 0 6.031290 -4.465480 218.271000 778.754000 -13 2360 1 0 1.000000
-4.633140 -36.168700 0 -4.224060 -12.416800 193.354000 778.811000 -13 2361 1 0 1.000000
-12.144500 6.935570 0 8.798270 8.156550 197.898000 778.481000 -13 2362 1 0 1.000000
-3.041710 -20.836100 0 -5.024190 2.568710 223.971000 778.633000 -13 2363 1 0 1.000000
13.259100 -13.371400 0 -11.338400 4.163030 199.863000 778.825000 -13 2364 1 0 1.000000
-10.252400 -31.800200 0 19.856600 6.559870 222.801000 778.808000 -13 2365 1 0 1.000000
7.885940 -0.656903 0 -8.090610 -18.261500 215.430000 779.020000 -13 2366 1 0 1.000000
1.827120 -18.752000 0 -10.114000 -11.419300 216.254000 778.834000 -13 2367 1 0 1.000000
10.340500 -18.465500 0 1.743750 0.393735 208.696000 778.563000 -13 2368 1 0 1.000000
-31.726200 -1.844870 0 -4.343390 -18.560900 196.696000 778.864000 -13 2369 1 0 1.000000
-2.898330 -1.299200 0 5.291800 17.910700 184.697000 778.553000 -13 2370 1 0 1.000000
4.424890 -3.878220 0 -5.269880 18.651800 195.761000 778.669000 -13 2371 1 0 1.000000
-4.890160 -6.212850 0 2.530900 -4.741060 192.249000 778.774000 -13 2372 1 0 1.000000
-17.901700 -2.097280 0 3.148970 13.111600 195.675000 778.850000 -13 2373 1 0 1.000000
-11.227400 -20.886700 0 3.178950 -0.073881 188.349000 778.646000 -13 2374 1 0 1.000000
4.946070 -10.994500 0 5.328230 -22.461000 217.231000 778.564000 -13 2375 1 0 1.000000
8.389080 -10.209700 0 -16.607500 -2.726960 188.926000 778.482000 -13 2376 1 0 1.000000
2.597590 -5.135390 0 -10.704300 -5.586690 199.714000 778.786000 -13 2377 1 0 1.000000
-16.867600 -16.029000 0 -16.165200 1.578720 210.961000 778.374000 -13 2378 1 0 1.000000
-17.352100 0.610495 0 -5.983430 -5.037270 208.888000 778.593000 -13 2379 1 0 1.000000
-10.434400 -6.999110 0 -6.969520 -3.137900 203.291000 778.755000 -13 2380 1 0 1.000000
-13.324800 -2.004890 0 9.357190 -46.057800 227.560000 778.510000 -13 2381 1 0 1.000000
11.874300 -7.416360 0 6.135520 -5.432050 196.394000 779.074000 -13 2382 1 0 1.000000
-3.335470 -19.791700 0 -18.333200 11.204800 211.441000 778.604000 -13 2383 1 0 1.000000
-24.975500 -15.045600 0 -8.951470 23.676900 227.559000 778.717000 -13 2384 1 0 1.000000
-6.315180 -11.378200 0 7.006970 6.821520 195.449000 778.759000 -13 2385 1 0 1.000000
-37.731000 7.683810 0 35.996200 -7.646710 223.912000 778.963000 -13 2386 1 0 1.000000
-21.469500 -8.411120 0 -23.389300 -8.584690 224.666000 778.970000 -13 2387 1 0 1.000000
-35.328300 -11.053100 0 -5.264120 6.018710 217.732000 778.775000 -13 2388 1 0 1.000000
-11.097000 -4.956080 0 13.095600 -26.943800 238.101000 778.787000 -13 2389 1 0 1.000000
2.448560 -13.081100 0 4.287910 -6.918890 200.681000 778.520000 -13 2390 1 0 1.000000
7.087160 -14.066900 0 0.949845 -16.050100 198.644000 778.789000 -13 2391 1 0 1.000000
-31.120700 -12.256400 0 5.939120 -7.773880 235.505000 778.869000 -13 2392 1 0 1.000000
-1.101430 4.110770 0 -10.181200 2.114490 198.810000 778.768000 -13 2393 1 0 1.000000
-15.643400 1.294480 0 1.603300 3.338430 198.125000 778.573000 -13 2394 1 0 1.000000
12.474100 3.581270 0 4.881720 -12.720700 192.787000 778.728000 -13 2395 1 0 1.000000
2.373580 2.572190 0 -21.585800 13.825900 218.445000 778.661000 -13 2396 1 0 1.000000
2.271750 -4.580830 0 4.957210 -10.509500 220.383000 778.634000 -13 2397 1 0 1.000000
-8.493040 -14.961000 0 -9.098290 -30.323700 213.393000 778.720000 -13 2398 1 0 1.000000
-14.742000 -14.934700 0 17.182600 -3.010200 218.343000 778.651000 -13 2399 1 0 1.000000
1.533840 -16.666600 0 9.177830 -3.784430 218.770000 778.732000 -13 2400 1 0 1.000000
5.651780 -7.247730 0 10.671600 -11.102900 222.564000 778.836000 -13 2401 1 0 1.000000
-22.856800 -19.356900 0 -14.436500 7.830530 203.891000 778.804000 -13 2402 1 0 1.000000
-31.848000 -2.099910 0 -1.624840 -7.239300 211.851000 779.017000 -13 2403 1 0 1.000000
-11.603000 7.490010 0 1.306650 13.348600 220.249000 779.022000 -13 2404 1 0 1.000000
13.624400 -8.441960 0 1.711560 3.778750 211.188000 778.630000 -13 2405 1 0 1.000000
1.627470 -0.205110 0 -5.417960 0.234688 202.646000 778.836000 -13 2406 1 0 1.000000
-0.104975 -2.767210 0 -3.460240 -25.618600 218.147000 778.380000 -13 2407 1 0 1.000000
-3.186910 -18.732400 0 -2.102640 -33.697700 216.214000 778.434000 -13 2408 1 0 1.000000
-26.589800 -16.915800 0 -35.690500 -43.923300 216.318000 778.560000 -13 2409 1 0 1.000000
-12.688200 -8.332720 0 7.644980 10.506600 197.166000 778.445000 -13 2410 1 0 1.000000
-26.397500 -4.582870 0 -13.462200 -19.888500 198.454000 778.769000 -13 2411 1 0 1.000000
14.664200 -5.312350 0 2.923980 -2.090860 217.446000 778.574000 -13 2412 1 0 1.000000
-10.072200 -5.463720 0 6.380520 11.882500 205.692000 778.868000 -13 2413 1 0 1.000000
-12.416600 -19.083900 0 -3.202790 -11.865400 208.578000 778.549000 -13 2414 1 0 1.000000
8.342850 -22.077700 0 8.682150 -15.074600 209.674000 778.679000 -13 2415 1 0 1.000000
-7.408840 -1.937900 0 15.568900 -1.863790 214.643000 778.555000 -13 2416 1 0 1.000000
-37.271100 -13.522700 0 17.623200 -1.335240 226.296000 778.571000 -13 2417 1 0 1.000000
14.427200 -6.432190 0 1.057560 -12.399600 189.666000 778.609000 -13 2418 1 0 1.000000
-8.840780 -4.429620 0 7.608060 -15.202100 216.457000 779.199000 -13 2419 1 0 1.000000
7.465410 -1.945950 0 -12.002700 -3.437710 202.495000 778.879000 -13 2420 1 0 1.000000
-12.024500 -5.128070 0 7.575970 -3.572160 203.853000 778.900000 -13 2421 1 0 1.000000
-2.481670 -11.385300 0 -5.912650 10.471700 233.342000 778.670000 -13 2422 1 0 1.000000
-40.559700 -28.611100 0 21.044900 -0.638057 229.401000 778.834000 -13 2423 1 0 1.000000
-9.567520 -16.196300 0 22.472200 -7.190100 203.819000 778.665000 -13 2424 1 0 1.000000
-3.240380 -12.281900 0 8.027380 8.398000 205.657000 778.958000 -13 2425 1 0 1.000000
-22.423500 -13.399200 0 3.562890 15.005100 216.894000 778.814000 -13 2426 1 0 1.000000
-2.165310 -15.608300 0 -5.744790 -3.583620 209.485000 778.648000 -13 2427 1 0 1.000000
-0.830983 10.280900 0 19.179100 -3.223800 210.921000 778.685000 -13 2428 1 0 1.000000
-6.385420 -26.746600 0 10.714200 19.183200 214.451000 779.080000 -13 2429 1 0 1.000000
-15.856200 -8.059980 0 13.372500 4.354710 212.782000 778.936000 -13 2430 1 0 1.000000
5.663070 -6.518090 0 3.986200 0.363051 188.455000 775.655000 -13 2431 1 0 1.000000
-16.660400 -5.003140 0 19.238200 9.703470 222.110000 776.036000 -13 2432 1 0 1.000000
1.674130 -6.012850 0 -3.696770 -18.853600 187.606000 775.675000 -13 2433 1 0 1.000000
-14.845700 -27.704900 0 -5.693420 -4.037570 191.972000 778.761000 -13 2434 1 0 1.000000
-16.903300 -4.831240 0 5.888680 -26.202900 222.306000 778.795000 -13 2435 1 0 1.000000
1.282490 -6.433220 0 -1.190050 2.742930 196.700000 778.914000 -13 2436 1 0 1.000000
-6.604760 -8.914950 0 21.294000 2.327240 217.888000 778.663000 -13 2437 1 0 1.000000
6.056820 -1.241780 0 -7.166360 7.760610 215.136000 778.992000 -13 2438 1 0 1.000000
5.122200 -27.959200 0 -1.213280 30.226500 196.883000 778.636000 -13 2439 1 0 1.000000
-3.858670 -11.357000 0 2.723360 2.914280 196.490000 778.938000 -13 2440 1 0 1.000000
-14.261000 -9.022170 0 -6.274140 29.927500 192.546000 778.718000 -13 2441 1 0 1.000000
9.507140 1.179360 0 -1.633980 -9.293970 193.191000 778.676000 -13 2442 1 0 1.000000
-4.932430 -8.199990 0 -6.311400 4.556720 212.554000 778.997000 -13 2443 1 0 1.000000
-3.489690 -17.869200 0 2.339840 1.824510 220.334000 778.799000 -13 2444 1 0 1.000000
-2.369230 -23.229300 0 3.409170 22.791000 205.779000 778.822000 -13 2445 1 0 1.000000
-20.596300 -0.779848 0 3.423390 2.786530 196.355000 778.727000 -13 2446 1 0 1.000000
-12.398200 -14.374300 0 -0.841211 -1.802530 203.645000 778.812000 -13 2447 1 0 1.000000
-13.763100 -1.535120 0 5.601760 5.097030 201.216000 778.652000 -13 2448 1 0 1.000000
-9.035990 -5.469410 0 -8.388630 1.575700 190.652000 778.846000 -13 2449 1 0 1.000000
-22.604900 1.677770 0 5.341740 3.237210 202.784000 778.817000 -13 2450 1 0 1.000000
-10.823300 -10.203200 0 -14.587000 -2.636470 197.154000 778.593000 -13 2451 1 0 1.000000
-1.365080 -22.048600 0 -18.247700 26.523200 212.139000 778.604000 -13 2452 1 0 1.000000
-21.857000 -10.372800 0 2.494750 15.840200 206.419000 778.748000 -13 2453 1 0 1.000000
-21.317300 9.624660 0 5.003230 5.604280 221.877000 778.796000 -13 2454 1 0 1.000000
-7.448350 8.798030 0 -2.376780 4.736900 209.103000 778.777000 -13 2455 1 0 1.000000
-10.052500 -20.400800 0 1.486100 12.412700 217.472000 778.667000 -13 2456 1 0 1.000000
-21.276300 -0.355567 0 -0.623163 -9.748390 206.110000 778.722000 -13 2457 1 0 1.000000
5.189090 17.055900 0 0.624245 3.419750 211.221000 778.711000 -13 2458 1 0 1.000000
-23.284500 3.017390 0 17.130400 6.386420 222.913000 778.634000 -13 2459 1 0 1.000000
-15.944000 -21.629200 0 11.404500 -10.568700 201.022000 779.014000 -13 2460 1 0 1.000000
12.499300 -21.321900 0 -16.901000 6.102940 196.611000 778.738000 -13 2461 1 0 1.000000
-20.070600 -16.152300 0 -1.714480 -8.217790 218.047000 778.570000 -13 2462 1 0 1.000000
-29.534900 -7.464660 0 -18.864200 16.637400 195.663000 778.752000 -13 2463 1 0 1.000000
-20.615200 -11.040300 0 0.102959 7.750800 200.934000 778.504000 -13 2464 1 0 1.000000
6.683680 6.426150 0 6.831520 -15.386100 210.869000 778.800000 -13 2465 1 0 1.000000
-18.483100 -10.321100 0 3.017820 5.798930 211.154000 778.836000 -13 2466 1 0 1.000000
-20.589500 -14.940100 0 -3.858870 -16.639300 206.655000 778.832000 -13 2467 1 0 1.000000
5.674750 -14.119400 0 -2.806940 3.854110 189.160000 779.036000 -13 2468 1 0 1.000000
-6.291000 -16.995500 0 6.557160 -13.256900 207.610000 778.756000 -13 2469 1 0 1.000000
-22.150500 -6.322550 0 9.166240 -9.051440 218.144000 778.800000 -13 2470 1 0 1.000000
11.235200 10.729900 0 -23.379700 -18.277500 199.873000 778.791000 -13 2471 1 0 1.000000
5.193940 -21.950700 0 -12.217100 20.822800 216.697000 778.657000 -13 2472 1 0 1.000000
10.966100 -2.966500 0 -14.871900 -11.495400 213.647000 778.729000 -13 2473 1 0 1.000000
-12.464100 -0.065445 0 10.521600 -9.259130 209.544000 778.689000 -13 2474 1 0 1.000000
-5.455660 -15.505500 0 -16.132300 27.864700 218.365000 778.565000 -13 2475 1 0 1.000000
8.618680 7.768440 0 -5.530830 4.537020 217.632000 778.871000 -13 2476 1 0 1.000000
-8.756440 -7.163930 0 2.629310 -21.405600 203.085000 778.796000 -13 2477 1 0 1.000000
-5.253060 5.708570 0 6.677860 11.745100 212.768000 778.757000 -13 2478 1 0 1.000000
-12.522500 -6.246190 0 11.546100 -10.383400 207.682000 778.679000 -13 2479 1 0 1.000000
-20.748400 -13.083300 0 7.656850 -8.424270 208.564000 778.643000 -13 2480 1 0 1.000000
-17.396700 -15.230100 0 -13.490400 1.029600 224.676000 778.458000 -13 2481 1 0 1.000000
-20.667400 5.174450 0 -7.202230 7.883560 199.983000 778.735000 -13 2482 1 0 1.000000
5.749410 -9.268210 0 -12.765300 -2.057600 188.689000 778.768000 -13 2483 1 0 1.000000
6.859620 -0.316574 0 -12.096700 -21.523300 199.077000 778.838000 -13 2484 1 0 1.000000
-22.390600 -41.867500 0 8.156320 -13.548200 219.906000 778.839000 -13 2485 1 0 1.000000
7.292530 -11.941200 0 -1.389220 7.577770 203.140000 778.952000 -13 2486 1 0 1.000000
3.075740 25.762600 0 13.475600 5.100250 208.259000 778.726000 -13 2487 1 0 1.000000
10.920800 -7.416900 0 -5.501300 5.230530 198.921000 778.971000 -13 2488 1 0 1.000000
11.229800 9.520010 0 15.433300 -21.296900 216.649000 778.755000 -13 2489 1 0 1.000000
2.975710 0.115730 0 -14.337000 -5.575350 188.638000 778.655000 -13 2490 1 0 1.000000
6.785740 -13.731400 0 11.110600 2.548070 200.433000 778.750000 -13 2491 1 0 1.000000
2.312850 -3.849630 0 -9.139310 3.084100 217.062000 778.706000 -13 2492 1 0 1.000000
-13.745800 -9.547680 0 -13.910500 8.953260 214.802000 778.817000 -13 2493 1 0 1.000000
-19.241400 -1.127400 0 -23.210100 -9.293130 205.430000 778.912000 -13 2494 1 0 1.000000
-6.249330 -0.426260 0 -9.898330 -9.909930 209.987000 778.921000 -13 2495 1 0 1.000000
9.673180 -5.854900 0 -6.892280 -7.287280 184.657000 778.505000 -13 2496 1 0 1.000000
-9.190180 -23.882900 0 4.826490 -12.227400 186.607000 778.785000 -13 2497 1 0 1.000000
-3.377620 -14.060400 0 -8.090670 -10.504900 204.609000 778.736000 -13 2498 1 0 1.000000
-3.774710 -4.887760 0 8.983030 -1.119030 198.926000 778.701000 -13 2499 1 0 1.000000
-3.284910 2.750630 0 -14.012100 -20.965600 194.693000 778.829000 -13 2500 1 0 1.000000
11.616200 -10.763400 0 -32.108500 7.692410 221.212000 778.766000 -13 2501 1 0 1.000000
-8.816460 -9.289410 0 7.756460 -1.683340 198.481000 778.699000 -13 2502 1 0 1.000000
0.598844 1.497530 0 0.914935 -9.020790 227.654000 778.695000 -13 2503 1 0 1.000000
-2.623280 4.513650 0 2.504280 -21.810400 210.436000 778.760000 -13 2504 1 0 1.000000
-3.219640 -22.933900 0 -15.703600 13.221000 229.921000 778.780000 -13 2505 1 0 1.000000
-20.700400 -6.963590 0 17.297200 1.631550 212.275000 778.753000 -13 2506 1 0 1.000000
-3.333900 -19.021400 0 -1.114390 4.500930 202.548000 779.033000 -13 2507 1 0 1.000000
-12.191100 -11.088800 0 -4.985640 -0.318742 227.732000 778.789000 -13 2508 1 0 1.000000
-4.154380 5.980740 0 -4.337410 3.860490 204.743000 779.011000 -13 2509 1 0 1.000000
-12.938900 -5.135430 0 2.265430 -31.693000 208.909000 778.774000 -13 2510 1 0 1.000000
-6.984650 -6.711380 0 -6.946690 2.062970 198.494000 779.037000 -13 2511 1 0 1.000000
-3.546630 0.582280 0 -11.659000 0.501786 195.659000 778.827000 -13 2512 1 0 1.000000
5.776440 -17.548000 0 -11.986500 7.018880 210.997000 778.804000 -13 2513 1 0 1.000000
3.378800 -3.874350 0 29.236900 -1.832610 190.883000 778.735000 -13 2514 1 0 1.000000
-15.030100 -20.004000 0 7.012100 1.349850 207.135000 778.911000 -13 2515 1 0 1.000000
-28.120200 -8.307860 0 18.167200 18.072300 211.762000 778.687000 -13 2516 1 0 1.000000
10.122000 -4.869830 0 -6.464690 -3.359800 210.136000 778.518000 -13 2517 1 0 1.000000
-2.868530 13.092600 0 -17.971300 -6.293120 200.932000 778.574000 -13 2518 1 0 1.000000
9.787370 -19.207400 0 -9.087170 -8.132280 217.447000 778.482000 -13 2519 1 0 1.000000
-20.258300 2.789120 0 6.665400 4.736520 229.137000 778.752000 -13 2520 1 0 1.000000
0.444412 -6.115670 0 5.800390 -21.614200 209.851000 778.783000 -13 2521 1 0 1.000000
-4.139160 -14.956300 0 -17.852900 11.542400 219.140000 778.562000 -13 2522 1 0 1.000000
2.456070 -11.094500 0 -12.466500 1.214300 200.078000 778.672000 -13 2523 1 0 1.000000
10.391400 -25.235500 0 -0.283020 -7.049690 206.257000 778.607000 -13 2524 1 0 1.000000
-16.762400 5.843040 0 7.364090 -6.568660 192.573000 778.601000 -13 2525 1 0 1.000000
25.085400 -10.354400 0 4.789000 0.769156 203.189000 778.654000 -13 2526 1 0 1.000000
-8.132020 1.258280 0 11.360900 -7.922570 221.441000 778.660000 -13 2527 1 0 1.000000
11.342000 -12.194700 0 0.661571 -5.953950 197.545000 778.892000 -13 2528 1 0 1.000000
-35.485800 -15.392300 0 -20.977000 -18.595900 208.380000 778.958000 -13 2529 1 0 1.000000
-36.520600 0.883010 0 27.273800 -2.418300 231.260000 778.805000 -13 2530 1 0 1.000000
-8.986220 0.143042 0 -11.074400 3.431960 202.009000 778.548000 -13 2531 1 0 1.000000
-19.260800 -6.792780 0 -17.044500 5.897970 221.757000 778.630000 -13 2532 1 0 1.000000
-12.880100 -12.122900 0 -15.531900 -17.195500 218.342000 778.789000 -13 2533 1 0 1.000000
-9.546280 -8.062780 0 -18.659300 -7.408040 201.756000 778.612000 -13 2534 1 0 1.000000
-11.547800 -3.527600 0 4.905690 -9.168480 195.662000 778.705000 -13 2535 1 0 1.000000
14.738000 -10.612000 0 3.437470 -4.632220 201.692000 778.660000 -13 2536 1 0 1.000000
-19.892600 5.175560 0 9.730230 7.995170 217.656000 778.637000 -13 2537 1 0 1.000000
-7.965420 -11.498700 0 -11.758900 -9.573560 197.803000 778.570000 -13 2538 1 0 1.000000
7.340540 7.978200 0 -32.183200 -11.085000 208.957000 778.860000 -13 2539 1 0 1.000000
-23.848500 1.050410 0 -25.451000 -4.952540 223.147000 778.912000 -13 2540 1 0 1.000000
-6.821400 -0.118325 0 2.900440 5.838530 206.267000 778.745000 -13 2541 1 0 1.000000
-3.318900 -8.254990 0 0.297650 19.117200 213.000000 778.753000 -13 2542 1 0 1.000000
-13.875200 2.621170 0 5.163110 6.511720 203.684000 778.611000 -13 2543 1 0 1.000000
-14.524000 -8.515260 0 -2.570600 14.356600 202.238000 778.841000 -13 2544 1 0 1.000000
-2.026290 -11.495200 0 -24.664800 15.215300 242.738000 778.850000 -13 2545 1 0 1.000000
6.110950 -4.591480 0 -1.564000 0.546466 188.086000 778.766000 -13 2546 1 0 1.000000
-10.005900 -6.776950 0 23.121000 -13.727000 212.738000 778.722000 -13 2547 1 0 1.000000
8.248050 -16.330000 0 -15.836100 17.948900 196.950000 778.631000 -13 2548 1 0 1.000000
-3.442930 -18.218400 0 -18.270400 -26.725800 219.510000 778.880000 -13 2549 1 0 1.000000
20.970300 -9.154250 0 -24.329100 -10.067200 200.631000 779.005000 -13 2550 1 0 1.000000
-12.516100 -5.558290 0 0.216386 -15.434600 203.494000 778.540000 -13 2551 1 0 1.000000
-23.376400 0.977185 0 -38.361900 -2.698970 210.215000 778.521000 -13 2552 1 0 1.000000
3.050170 -20.234800 0 -18.968900 -8.325300 219.712000 778.770000 -13 2553 1 0 1.000000
3.040460 4.710240 0 -9.054340 0.060055 208.345000 778.895000 -13 2554 1 0 1.000000
-34.997900 3.848610 0 14.959100 -4.555580 219.299000 778.935000 -13 2555 1 0 1.000000
-9.585630 -9.458840 0 5.559350 -18.748500 218.739000 778.828000 -13 2556 1 0 1.000000
-9.393360 -19.731300 0 -2.033970 -7.349360 206.342000 778.771000 -13 2557 1 0 1.000000
-7.616370 -20.684900 0 -13.025800 -1.664390 217.651000 778.826000 -13 2558 1 0 1.000000
-10.687900 -21.243600 0 4.971710 -10.882400 220.213000 778.717000 -13 2559 1 0 1.000000
-5.424070 1.281770 0 2.160960 1.852840 209.246000 778.642000 -13 2560 1 0 1.000000
-15.342900 17.362000 0 0.735451 3.836280 200.470000 778.682000 -13 2561 1 0 1.000000
-34.613500 -7.433300 0 -24.108900 -4.742320 203.529000 778.503000 -13 2562 1 0 1.000000
-7.870530 -21.593100 0 -2.616550 24.537400 236.680000 778.978000 -13 2563 1 0 1.000000
-4.158030 -12.309000 0 15.572400 -12.150100 193.643000 778.719000 -13 2564 1 0 1.000000
-3.330500 -7.496560 0 0.834717 2.348320 201.498000 778.484000 -13 2565 1 0 1.000000
1.860190 -28.323200 0 -0.526399 5.803230 189.816000 778.679000 -13 2566 1 0 1.000000
-17.358300 11.522200 0 11.928800 6.113700 207.534000 778.953000 -13 2567 1 0 1.000000
-0.627242 -10.769800 0 -0.398077 -13.896900 202.006000 778.548000 -13 2568 1 0 1.000000
9.574590 -5.668820 0 6.864740 5.679550 196.364000 778.816000 -13 2569 1 0 1.000000
-5.339210 -11.844700 0 11.267500 -18.171400 219.064000 778.492000 -13 2570 1 0 1.000000
-0.805551 -15.300800 0 9.982510 9.762130 201.359000 778.797000 -13 2571 1 0 1.000000
9.253400 -23.579700 0 -5.349340 -15.820300 203.482000 778.524000 -13 2572 1 0 1.000000
-21.774400 -5.629950 0 1.641760 10.545800 214.434000 778.561000 -13 2573 1 0 1.000000
-13.949700 -7.296740 0 10.569200 -16.700700 231.786000 778.662000 -13 2574 1 0 1.000000
-5.786540 -11.780100 0 3.908330 -2.948060 209.160000 778.878000 -13 2575 1 0 1.000000
-22.847400 21.631700 0 6.450990 7.924490 226.150000 778.899000 -13 2576 1 0 1.000000
-22.227100 -1.401680 0 21.558400 7.220760 204.083000 778.759000 -13 2577 1 0 1.000000
-23.765600 -1.011100 0 12.053700 2.622000 218.780000 778.708000 -13 2578 1 0 1.000000
7.154340 2.972870 0 6.598070 0.666520 219.716000 778.877000 -13 2579 1 0 1.000000
-19.157200 -4.978080 0 6.237480 9.505160 215.705000 778.698000 -13 2580 1 0 1.000000
-0.046860 -10.715500 0 -14.184100 8.954190 210.732000 778.776000 -13 2581 1 0 1.000000
0.051020 -14.914700 0 -2.657720 -2.011910 211.323000 778.650000 -13 2582 1 0 1.000000
2.900290 -2.020300 0 3.352500 4.033360 211.217000 778.886000 -13 2583 1 0 1.000000
-3.189050 -13.248700 0 -3.937010 -4.582810 185.323000 778.791000 -13 2584 1 0 1.000000
1.039000 3.095970 0 -4.100790 3.224020 197.858000 778.510000 -13 2585 1 0 1.000000
-9.691110 -6.564050 0 1.016970 -7.352910 196.868000 778.790000 -13 2586 1 0 1.000000
-6.056750 -20.894600 0 -19.670300 -0.949855 214.903000 778.591000 -13 2587 1 0 1.000000
-12.442800 2.180510 0 11.239400 -18.402200 206.004000 778.924000 -13 2588 1 0 1.000000
-4.323770 -11.943200 0 4.062060 -17.399000 207.299000 778.776000 -13 2589 1 0 1.000000
-15.374200 -9.319680 0 -8.400460 -12.251300 220.585000 778.675000 -13 2590 1 0 1.000000
-1.677380 2.482850 0 6.510820 -3.033790 208.656000 778.778000 -13 2591 1 0 1.000000
-16.441900 -11.680800 0 -11.806500 6.053580 217.051000 778.588000 -13 2592 1 0 1.000000
1.415860 -10.231500 0 -3.591490 -0.886407 207.585000 778.790000 -13 2593 1 0 1.000000
-0.442711 -3.877420 0 8.763410 4.444770 213.145000 778.768000 -13 2594 1 0 1.000000
-6.556850 1.099640 0 -3.309150 7.192720 198.260000 778.681000 -13 2595 1 0 1.000000
-45.146600 -32.937800 0 -5.178510 1.882090 215.101000 779.088000 -13 2596 1 0 1.000000
-3.567880 -17.812800 0 4.257590 12.873800 191.935000 778.726000 -13 2597 1 0 1.000000
-13.366800 -3.345360 0 -3.146670 -4.336380 194.629000 778.760000 -13 2598 1 0 1.000000
-2.533230 1.532250 0 -12.822400 -0.367078 199.476000 778.686000 -13 2599 1 0 1.000000
-8.564710 -21.508800 0 1.163620 4.091580 196.779000 778.794000 -13 2600 1 0 1.000000
-15.868700 1.749460 0 20.992700 -5.548900 210.525000 778.801000 -13 2601 1 0 1.000000
13.884400 -0.787321 0 -9.752730 -17.522200 216.165000 778.722000 -13 2602 1 0 1.000000
-17.778700 -6.269400 0 3.023160 3.204850 218.746000 778.757000 -13 2603 1 0 1.000000
-29.981100 6.775180 0 13.710000 9.986110 211.036000 778.842000 -13 2604 1 0 1.000000
-3.801340 -22.507900 0 -20.984300 18.171300 206.354000 778.755000 -13 2605 1 0 1.000000
-4.045790 -5.175870 0 5.040640 19.406500 201.139000 778.952000 -13 2606 1 0 1.000000
-19.172600 -1.544890 0 -20.811400 9.123680 198.892000 779.124000 -13 2607 1 0 1.000000
-10.012500 7.600900 0 9.428380 8.207200 198.614000 778.537000 -13 2608 1 0 1.000000
-56.414000 -0.801931 0 49.584800 -3.878600 240.579000 778.531000 -13 2609 1 0 1.000000
-3.840860 -11.274700 0 3.645700 -12.358100 199.786000 778.927000 -13 2610 1 0 1.000000
-6.810390 -14.971800 0 -11.922000 2.357000 225.623000 778.832000 -13 2611 1 0 1.000000
-29.116500 -12.989200 0 13.836800 -11.371200 212.462000 778.542000 -13 2612 1 0 1.000000
-17.838100 -1.970450 0 13.845400 -4.349700 217.545000 778.667000 -13 2613 1 0 1.000000
-2.596960 1.932220 0 -5.773220 -4.740060 195.050000 778.591000 -13 2614 1 0 1.000000
-18.724500 5.745180 0 10.913700 -13.813600 227.912000 778.426000 -13 2615 1 0 1.000000
-2.137970 -9.921150 0 -14.762100 5.512880 209.098000 778.814000 -13 2616 1 0 1.000000
-23.422800 -15.663700 0 -19.533800 -9.270780 206.718000 778.622000 -13 2617 1 0 1.000000
-22.217300 -7.831140 0 0.782727 -4.518720 210.474000 778.895000 -13 2618 1 0 1.000000
6.449050 0.330796 0 5.110810 8.781420 204.887000 778.804000 -13 2619 1 0 1.000000
-14.309000 -17.551000 0 -9.303170 10.315800 203.426000 778.916000 -13 2620 1 0 1.000000
-8.361860 -2.044770 0 4.398580 -12.211600 203.510000 778.769000 -13 2621 1 0 1.000000
-0.215605 -19.167100 0 1.017250 -21.930700 215.991000 778.869000 -13 2622 1 0 1.000000
-9.427340 1.671130 0 -0.526352 23.786400 226.597000 778.562000 -13 2623 1 0 1.000000
-7.159790 -13.986400 0 -3.482170 3.677020 211.268000 778.885000 -13 2624 1 0 1.000000
-12.329000 -13.428500 0 8.273750 12.957800 172.277000 778.608000 -13 2625 1 0 1.000000
-7.493220 3.729350 0 6.312670 -6.285670 211.101000 778.752000 -13 2626 1 0 1.000000
-12.499600 -7.642520 0 0.505036 -12.816900 203.342000 778.984000 -13 2627 1 0 1.000000
-14.985200 18.200100 0 13.412000 -4.036840 222.058000 778.982000 -13 2628 1 0 1.000000
-12.975700 -2.527670 0 19.025700 -23.351500 190.249000 778.616000 -13 2629 1 0 1.000000
-17.063500 -6.772740 0 -15.308300 2.236370 222.588000 778.571000 -13 2630 1 0 1.000000
-12.761500 -6.362310 0 17.757600 14.322800 222.258000 778.579000 -13 2631 1 0 1.000000
7.407510 -30.802800 0 4.457310 -12.855900 198.458000 778.807000 -13 2632 1 0 1.000000
-4.512440 -9.659810 0 -8.891990 16.657800 211.836000 778.719000 -13 2633 1 0 1.000000
-15.760900 -2.325610 0 -15.098200 7.801680 227.076000 778.655000 -13 2634 1 0 1.000000
-7.990840 -16.518000 0 12.137300 19.573800 201.003000 778.887000 -13 2635 1 0 1.000000
-9.235250 -13.730300 0 -5.050360 17.534500 217.855000 779.114000 -13 2636 1 0 1.000000
-31.945300 4.665160 0 2.937300 3.122120 223.761000 778.796000 -13 2637 1 0 1.000000
-6.000520 -8.817600 0 -1.611220 -5.326450 229.059000 778.830000 -13 2638 1 0 1.000000
11.097400 0.963817 0 -4.248040 -6.734880 195.937000 778.611000 -13 2639 1 0 1.000000
2.502980 -6.695140 0 0.399993 8.590260 219.961000 778.432000 -13 2640 1 0 1.000000
-14.218800 -13.300100 0 7.096740 -11.174100 194.548000 778.695000 -13 2641 1 0 1.000000
5.708020 -7.075920 0 -6.796380 -1.269120 199.101000 778.695000 -13 2642 1 0 1.000000
-8.775540 -7.638430 0 -12.153900 13.333800 208.204000 778.540000 -13 2643 1 0 1.000000
-1.281790 -9.917600 0 4.087410 -7.153730 211.746000 778.451000 -13 2644 1 0 1.000000
5.985510 -1.671540 0 -9.721250 10.984100 223.259000 778.981000 -13 2645 1 0 1.000000
-20.306900 7.305930 0 -5.944360 12.613200 223.525000 778.542000 -13 2646 1 0 1.000000
-10.821700 -27.164600 0 12.489400 3.217550 204.412000 778.517000 -13 2647 1 0 1.000000
-16.310500 -16.155800 0 14.473100 2.499390 214.589000 778.632000 -13 2648 1 0 1.000000
-3.942690 7.027470 0 7.075650 -11.745700 200.737000 778.579000 -13 2649 1 0 1.000000
-6.618240 -4.364460 0 -2.088920 -8.586250 223.948000 778.834000 -13 2650 1 0 1.000000
6.879330 -13.776400 0 -2.592500 14.091900 212.602000 778.603000 -13 2651 1 0 1.000000
2.415710 0.525273 0 -4.239840 20.318000 210.081000 778.474000 -13 2652 1 0 1.000000
27.430200 -5.151320 0 2.521270 1.507060 202.323000 778.571000 -13 2653 1 0 1.000000
0.344065 -10.301800 0 3.856240 5.748860 198.056000 778.767000 -13 2654 1 0 1.000000
-2.215920 -8.753420 0 -3.654020 11.705400 216.419000 778.516000 -13 2655 1 0 1.000000
-4.352330 -11.570500 0 -1.864450 -11.640400 208.276000 778.790000 -13 2656 1 0 1.000000
-1.919570 -5.982560 0 10.005300 -6.409570 218.303000 778.695000 -13 2657 1 0 1.000000
4.679360 -12.069800 0 3.094150 -18.681400 213.573000 778.641000 -13 2658 1 0 1.000000
-0.884186 -11.575000 0 3.657620 15.253800 198.090000 778.845000 -13 2659 1 0 1.000000
-4.988440 -1.685320 0 22.943400 6.267950 218.943000 778.840000 -13 2660 1 0 1.000000
-10.392300 -9.348690 0 2.136960 -1.487460 213.996000 778.681000 -13 2661 1 0 1.000000
-4.291180 -11.016800 0 -8.072680 4.983180 220.084000 778.873000 -13 2662 1 0 1.000000
-19.531700 -15.263700 0 3.583580 7.248060 206.223000 778.715000 -13 2663 1 0 1.000000
-21.050100 -3.654510 0 -0.899249 -0.021552 214.163000 778.964000 -13 2664 1 0 1.000000
0.748893 -19.562000 0 -5.624570 11.036700 204.262000 778.658000 -13 2665 1 0 1.000000
-19.289900 -18.199000 0 5.564540 12.695000 212.803000 778.552000 -13 2666 1 0 1.000000
-18.539800 -10.718200 0 9.683020 -18.972000 208.043000 778.759000 -13 2667 1 0 1.000000
7.609500 -6.290670 0 5.422900 -0.703426 209.174000 778.694000 -13 2668 1 0 1.000000
-12.308300 -7.963760 0 18.542400 -4.549410 206.863000 778.630000 -13 2669 1 0 1.000000
-3.586980 5.192520 0 -7.355630 -7.268500 204.813000 778.639000 -13 2670 1 0 1.000000
-0.556410 -10.523700 0 4.607700 -10.401100 208.001000 778.727000 -13 2671 1 0 1.000000
-12.973200 7.351050 0 0.300316 -3.972800 201.423000 778.615000 -13 2672 1 0 1.000000
0.915432 4.853830 0 4.409670 -8.018180 205.327000 778.756000 -13 2673 1 0 1.000000
-7.963900 -24.040300 0 10.400700 0.995023 205.418000 778.697000 -13 2674 1 0 1.000000
-24.134800 -9.813380 0 -4.459120 11.406900 227.210000 778.658000 -13 2675 1 0 1.000000
-12.501000 17.610300 0 2.239350 7.176490 223.061000 778.614000 -13 2676 1 0 1.000000
-15.867000 -3.082330 0 19.880300 -10.313600 213.767000 778.523000 -13 2677 1 0 1.000000
-10.179900 -6.080060 0 9.477720 4.208820 220.256000 778.725000 -13 2678 1 0 1.000000
4.218080 -7.032850 0 -0.009534 -19.996200 199.221000 778.854000 -13 2679 1 0 1.000000
-9.056410 -1.832320 0 -4.340700 6.947400 213.809000 778.824000 -13 2680 1 0 1.000000
-15.359000 0.211572 0 -1.470710 1.026800 218.613000 778.849000 -13 2681 1 0 1.000000
-1.428090 -15.547300 0 5.677930 -15.858900 204.796000 778.456000 -13 2682 1 0 1.000000
2.512940 -12.596900 0 5.049310 4.339040 206.028000 778.885000 -13 2683 1 0 1.000000
8.253630 -20.018300 0 6.410320 -10.258500 205.115000 778.645000 -13 2684 1 0 1.000000
-27.925900 6.012080 0 -7.431430 1.924870 214.390000 778.957000 -13 2685 1 0 1.000000
-1.617320 -18.877900 0 -17.340000 10.311800 204.758000 778.578000 -13 2686 1 0 1.000000
9.987020 -14.375000 0 -1.434950 -5.875500 215.550000 778.590000 -13 2687 1 0 1.000000
-16.335000 -10.898200 0 -16.502700 -26.113500 218.292000 778.846000 -13 2688 1 0 1.000000
-10.851800 5.769730 0 7.527380 13.224900 218.771000 778.858000 -13 2689 1 0 1.000000
-3.426050 -3.607130 0 -3.920720 -9.967590 208.064000 778.672000 -13 2690 1 0 1.000000
5.388540 1.890710 0 15.868600 10.265800 213.654000 778.600000 -13 2691 1 0 1.000000
0.679676 0.802302 0 -16.778200 -10.272500 210.763000 778.979000 -13 2692 1 0 1.000000
-2.010040 -2.289690 0 -5.696530 -2.922970 200.831000 778.835000 -13 2693 1 0 1.000000
-1.574320 -20.775700 0 -16.171800 0.909064 208.957000 778.879000 -13 2694 1 0 1.000000
0.819445 -12.462300 0 21.180600 8.658180 195.292000 778.808000 -13 2695 1 0 1.000000
4.662190 -4.652930 0 -13.806900 0.851379 194.993000 778.592000 -13 2696 1 0 1.000000
-2.959530 -14.023900 0 4.686220 6.472800 207.863000 778.623000 -13 2697 1 0 1.000000
7.491050 11.120100 0 11.364700 3.245810 202.540000 778.708000 -13 2698 1 0 1.000000
58.015900 -2.433830 0 -40.965100 -22.188600 197.030000 779.229000 -13 2699 1 0 1.000000
1.937910 -8.226820 0 1.215640 -1.824750 215.234000 778.434000 -13 2700 1 0 1.000000
-9.455050 -10.731500 0 0.907116 13.656300 206.283000 778.854000 -13 2701 1 0 1.000000
-15.277400 2.722850 0 2.574940 -3.953480 213.465000 778.548000 -13 2702 1 0 1.000000
-2.367480 -6.902080 0 2.749380 4.722870 196.338000 778.627000 -13 2703 1 0 1.000000
-13.500600 -6.892040 0 12.958100 -15.207400 204.066000 778.847000 -13 2704 1 0 1.000000
-14.428400 -0.821980 0 13.145200 16.649500 190.478000 778.681000 -13 2705 1 0 1.000000
3.065590 -10.281800 0 -26.512400 -4.046870 220.487000 778.797000 -13 2706 1 0 1.000000
-9.360680 -12.701700 0 1.885570 8.290830 199.842000 778.578000 -13 2707 1 0 1.000000
13.860200 -9.284300 0 2.938660 -1.577620 209.928000 778.743000 -13 2708 1 0 1.000000
-25.422900 -0.910350 0 -4.596910 -2.544360 207.152000 778.715000 -13 2709 1 0 1.000000
-11.961100 -16.546700 0 -7.350070 6.618310 212.433000 778.544000 -13 2710 1 0 1.000000
-17.880500 3.207580 0 -14.916900 14.945600 214.624000 778.488000 -13 2711 1 0 1.000000
-8.629360 -17.930900 0 2.798380 -13.740800 198.195000 778.748000 -13 2712 1 0 1.000000
-12.410400 1.233470 0 6.287520 -15.785900 195.581000 778.777000 -13 2713 1 0 1.000000
-12.371000 -12.549300 0 -3.260540 0.403201 224.389000 778.817000 -13 2714 1 0 1.000000
-10.599900 -17.669600 0 -17.291700 32.688200 230.081000 778.778000 -13 2715 1 0 1.000000
-7.233090 -11.308100 0 -8.789130 -4.401770 186.121000 778.743000 -13 2716 1 0 1.000000
-15.831700 -19.510100 0 7.149120 -13.845300 206.411000 778.388000 -13 2717 1 0 1.000000
-4.864310 -22.431500 0 -6.397760 -5.124400 196.606000 778.683000 -13 2718 1 0 1.000000
2.326410 -7.507470 0 8.570780 14.519800 196.279000 778.497000 -13 2719 1 0 1.000000
3.214640 -19.891500 0 8.143590 6.362170 218.905000 778.836000 -13 2720 1 0 1.000000
-8.777370 -0.854616 0 3.476300 -0.333672 219.818000 778.462000 -13 2721 1 0 1.000000
-6.803210 -14.669000 0 -5.920760 -13.271700 219.801000 778.519000 -13 2722 1 0 1.000000
6.343950 -12.500500 0 20.653200 -2.488220 203.874000 778.471000 -13 2723 1 0 1.000000
0.994906 -32.886000 0 10.714500 4.517680 198.765000 778.515000 -13 2724 1 0 1.000000
-21.066500 -3.513940 0 13.764200 -18.786800 209.196000 778.698000 -13 2725 1 0 1.000000
-6.095640 -13.354000 0 -1.701160 -0.297613 204.348000 778.611000 -13 2726 1 0 1.000000
0.240182 -12.520700 0 3.573520 9.135420 196.792000 778.931000 -13 2727 1 0 1.000000
0.230888 -11.522200 0 -5.280620 1.301850 192.654000 778.631000 -13 2728 1 0 1.000000
3.480850 -12.064700 0 5.757910 -9.934780 193.190000 778.785000 -13 2729 1 0 1.000000
-9.924420 0.561963 0 -4.903120 -5.236000 206.409000 778.939000 -13 2730 1 0 1.000000
-1.024810 -10.478900 0 10.282300 -6.720220 208.098000 778.788000 -13 2731 1 0 1.000000
-15.003200 -10.510500 0 -3.884020 3.468510 212.121000 778.923000 -13 2732 1 0 1.000000
2.873680 -0.030944 0 -13.692700 16.550100 202.130000 778.953000 -13 2733 1 0 1.000000
-1.489250 -9.926610 0 -1.575810 3.488640 203.384000 778.876000 -13 2734 1 0 1.000000
-8.134140 2.604840 0 15.041400 -13.892400 198.942000 778.869000 -13 2735 1 0 1.000000
-4.025280 -12.207500 0 2.309190 3.604720 190.387000 778.899000 -13 2736 1 0 1.000000
-1.741100 25.288000 0 -4.894650 2.853470 213.178000 778.882000 -13 2737 1 0 1.000000
-4.942920 -7.812640 0 0.202795 23.822500 208.893000 778.971000 -13 2738 1 0 1.000000
-10.130200 -16.522900 0 23.850700 6.415890 206.943000 778.911000 -13 2739 1 0 1.000000
-2.856970 10.987500 0 -11.171700 -33.376700 191.070000 778.956000 -13 2740 1 0 1.000000
9.615060 -13.144700 0 -4.752360 5.146820 212.070000 778.555000 -13 2741 1 0 1.000000
-13.234700 -11.845000 0 15.992400 14.217300 222.723000 778.818000 -13 2742 1 0 1.000000
-19.263500 2.121940 0 -19.297200 -4.519220 219.669000 778.895000 -13 2743 1 0 1.000000
-18.257500 -3.137690 0 -9.339350 -24.297300 220.500000 778.851000 -13 2744 1 0 1.000000
-8.765920 -3.918810 0 6.815460 -5.764240 219.568000 778.667000 -13 2745 1 0 1.000000
-13.928700 -13.165800 0 -3.412350 1.968040 197.611000 778.754000 -13 2746 1 0 1.000000
2.663780 -13.827100 0 -3.176470 -0.308028 214.737000 778.753000 -13 2747 1 0 1.000000
-19.141300 -22.696900 0 35.655500 26.977500 206.689000 779.104000 -13 2748 1 0 1.000000
-11.060100 -1.493840 0 -13.198900 -0.979980 198.894000 778.814000 -13 2749 1 0 1.000000
14.020700 2.585550 0 16.873200 -0.852523 193.336000 778.632000 -13 2750 1 0 1.000000
-0.661705 -10.473500 0 -3.275880 -1.934340 208.397000 779.049000 -13 2751 1 0 1.000000
-2.224150 -14.100800 0 -4.602810 0.029912 206.607000 778.978000 -13 2752 1 0 1.000000
-0.450949 -2.271140 0 -1.612410 7.846600 189.469000 778.742000 -13 2753 1 0 1.000000
-11.007000 -8.372480 0 16.219100 21.065100 194.833000 778.861000 -13 2754 1 0 1.000000
-4.615720 -5.020120 0 5.471000 5.300840 222.453000 778.995000 -13 2755 1 0 1.000000
2.877500 -7.111610 0 -4.619090 -3.843530 211.132000 778.859000 -13 2756 1 0 1.000000
-2.351360 -37.586700 0 10.375900 -5.749760 198.687000 778.713000 -13 2757 1 0 1.000000
12.570000 4.957670 0 -5.892830 -18.745600 222.645000 778.733000 -13 2758 1 0 1.000000
-17.008800 -0.227913 0 -22.560900 6.334440 211.908000 778.820000 -13 2759 1 0 1.000000
-22.608500 -0.224885 0 10.487800 -4.785750 212.728000 778.840000 -13 2760 1 0 1.000000
11.044600 -10.051700 0 -20.969000 -5.916670 198.420000 778.520000 -13 2761 1 0 1.000000
-7.400020 -4.533890 0 15.728500 5.582450 206.255000 778.764000 -13 2762 1 0 1.000000
-17.774200 -6.118690 0 -1.096870 15.740400 200.299000 778.737000 -13 2763 1 0 1.000000
5.171840 -7.588790 0 -1.664440 13.413500 201.216000 778.689000 -13 2764 1 0 1.000000
3.584040 -17.189500 0 -16.498900 -1.038100 207.948000 778.788000 -13 2765 1 0 1.000000
-7.968950 -4.200110 0 -0.129598 -10.310600 195.002000 778.786000 -13 2766 1 0 1.000000
-15.241800 8.313170 0 3.777650 2.309910 213.848000 778.819000 -13 2767 1 0 1.000000
-0.491450 -6.081970 0 8.766700 0.423227 198.488000 778.794000 -13 2768 1 0 1.000000
4.057170 -19.119800 0 3.165340 -10.973600 199.262000 778.665000 -13 2769 1 0 1.000000
6.914370 -1.412150 0 2.202710 -5.710890 216.602000 778.858000 -13 2770 1 0 1.000000
0.303529 4.149020 0 4.539890 -2.371370 214.305000 778.787000 -13 2771 1 0 1.000000
-24.434000 -6.956170 0 -4.227620 7.195420 212.654000 778.908000 -13 2772 1 0 1.000000
-3.812590 -3.521440 0 -1.063730 -4.754250 209.112000 778.557000 -13 2773 1 0 1.000000
-17.276300 -14.717900 0 -6.005650 1.766440 203.944000 778.616000 -13 2774 1 0 1.000000
-4.072000 -47.715200 0 4.383610 -34.558700 231.008000 778.673000 -13 2775 1 0 1.000000
-0.998557 -17.960800 0 -19.706000 -3.583030 224.858000 778.707000 -13 2776 1 0 1.000000
-1.451560 -1.702110 0 6.710830 4.219870 194.225000 778.655000 -13 2777 1 0 1.000000
-2.951590 -17.186800 0 -18.065500 -1.492230 209.643000 778.724000 -13 2778 1 0 1.000000
-4.539910 -7.861790 0 -10.176300 6.996600 210.063000 778.612000 -13 2779 1 0 1.000000
11.621200 -14.393200 0 6.357430 -5.765260 197.127000 778.515000 -13 2780 1 0 1.000000
-9.202520 -25.742100 0 -9.507570 -16.029700 209.926000 778.893000 -13 2781 1 0 1.000000
-11.335300 -6.331690 0 -0.852682 -2.675930 192.840000 778.769000 -13 2782 1 0 1.000000
-0.544567 -13.332800 0 4.994840 -16.122600 188.516000 778.724000 -13 2783 1 0 1.000000
-8.157660 -11.254700 0 -0.412153 4.867730 203.258000 778.788000 -13 2784 1 0 1.000000
-14.917500 -6.308370 0 -11.053000 12.175800 222.005000 778.619000 -13 2785 1 0 1.000000
4.099450 -13.145400 0 16.850500 0.214633 190.802000 778.726000 -13 2786 1 0 1.000000
-20.314900 1.895680 0 21.062900 2.372480 209.723000 778.820000 -13 2787 1 0 1.000000
7.085140 -18.873600 0 -9.794590 18.530100 200.500000 778.576000 -13 2788 1 0 1.000000
-10.347700 3.702110 0 -3.710560 -11.990500 207.460000 778.980000 -13 2789 1 0 1.000000
-0.084987 -17.557500 0 -13.496800 23.675300 216.647000 778.774000 -13 2790 1 0 1.000000
-19.531200 4.475340 0 -0.967470 0.913531 208.139000 779.034000 -13 2791 1 0 1.000000
-6.798430 -15.140800 0 5.397270 10.259000 215.069000 778.842000 -13 2792 1 0 1.000000
-10.445300 -13.518800 0 -7.424730 -10.811300 221.920000 778.851000 -13 2793 1 0 1.000000
0.043306 2.167110 0 -26.683400 -25.746400 184.876000 778.911000 -13 2794 1 0 1.000000
15.334200 -0.129239 0 8.961300 7.065500 216.238000 778.779000 -13 2795 1 0 1.000000
-11.386600 -15.272800 0 -22.268000 -47.221500 227.408000 778.779000 -13 2796 1 0 1.000000
-1.318460 -7.204170 0 -8.618790 -27.551200 208.271000 778.792000 -13 2797 1 0 1.000000
-19.898200 -3.061710 0 0.065026 -2.385410 208.878000 778.922000 -13 2798 1 0 1.000000
-13.700900 -13.286500 0 4.666160 -5.995430 222.506000 778.636000 -13 2799 1 0 1.000000
-8.175790 3.403710 0 12.255200 3.824980 207.594000 779.021000 -13 2800 1 0 1.000000
0.945389 0.109110 0 16.658200 -11.366300 191.188000 778.941000 -13 2801 1 0 1.000000
-23.530700 -0.478733 0 -3.700750 5.948690 230.476000 778.795000 -13 2802 1 0 1.000000
5.185370 -7.123200 0 11.235200 -9.491510 217.527000 778.600000 -13 2803 1 0 1.000000
-7.222070 -0.265618 0 12.489100 -4.653150 223.624000 778.658000 -13 2804 1 0 1.000000
-22.128900 -6.268230 0 -3.014240 5.458720 225.142000 778.636000 -13 2805 1 0 1.000000
-39.132400 -12.716200 0 17.013600 -1.092640 218.640000 778.825000 -13 2806 1 0 1.000000
1.203850 -28.819800 0 -2.629760 11.498800 207.549000 778.672000 -13 2807 1 0 1.000000
-0.587638 -20.044100 0 9.749640 0.944863 215.723000 778.649000 -13 2808 1 0 1.000000
2.348100 -8.713190 0 -27.371200 2.820090 229.115000 778.818000 -13 2809 1 0 1.000000
-9.401450 -13.606700 0 -7.110790 -2.485800 203.423000 778.593000 -13 2810 1 0 1.000000
-4.496740 -9.940540 0 5.036340 -2.101290 201.997000 778.610000 -13 2811 1 0 1.000000
-3.113290 -1.774590 0 1.830160 -2.682050 213.111000 778.716000 -13 2812 1 0 1.000000
-15.965000 -12.328400 0 -13.811700 -4.829480 212.685000 778.642000 -13 2813 1 0 1.000000
-10.809200 -7.852130 0 13.382600 -17.188200 203.866000 778.916000 -13 2814 1 0 1.000000
4.646460 -23.813000 0 24.981200 -15.740300 216.307000 778.564000 -13 2815 1 0 1.000000
-4.291640 5.057660 0 10.049900 -30.189400 226.097000 778.810000 -13 2816 1 0 1.000000
-15.033900 -4.421100 0 -7.357620 0.192785 205.546000 778.761000 -13 2817 1 0 1.000000
7.260260 -19.437000 0 4.692490 4.667480 224.300000 778.691000 -13 2818 1 0 1.000000
-12.546400 -2.521920 0 18.460200 -22.160400 205.339000 778.909000 -13 2819 1 0 1.000000
4.281390 -16.128500 0 15.464800 8.682110 229.988000 778.836000 -13 2820 1 0 1.000000
12.145800 -8.223630 0 0.984574 1.322720 216.350000 778.681000 -13 2821 1 0 1.000000
1.337710 5.599550 0 -8.393210 -16.404900 226.325000 778.830000 -13 2822 1 0 1.000000
-8.739240 -8.362920 0 6.746490 -0.277886 200.800000 778.724000 -13 2823 1 0 1.000000
-1.789420 -11.841900 0 -4.525980 12.675000 204.971000 778.501000 -13 2824 1 0 1.000000
-14.857800 1.439260 0 -6.506840 2.894060 204.995000 778.457000 -13 2825 1 0 1.000000
20.131800 -2.310890 0 -0.628653 -7.137600 193.976000 778.610000 -13 2826 1 0 1.000000
11.522600 1.030440 0 8.097120 7.687420 206.592000 778.384000 -13 2827 1 0 1.000000
-31.769100 8.433140 0 -0.656720 -3.947550 224.711000 778.565000 -13 2828 1 0 1.000000
-19.807300 -18.250600 0 -27.621200 -1.165010 195.462000 778.313000 -13 2829 1 0 1.000000
-5.439660 -0.736505 0 -4.595540 16.462100 223.161000 778.764000 -13 2830 1 0 1.000000
-20.111100 -12.945300 0 -0.251611 11.862500 203.803000 778.870000 -13 2831 1 0 1.000000
-1.497480 -2.484910 0 0.615176 8.555520 224.475000 778.643000 -13 2832 1 0 1.000000
-5.837630 -22.091300 0 7.199330 -24.908800 222.589000 778.664000 -13 2833 1 0 1.000000
17.031200 3.522160 0 5.732530 -3.967920 227.281000 778.630000 -13 2834 1 0 1.000000
9.875390 -9.165490 0 -10.788700 14.495000 194.988000 778.843000 -13 2835 1 0 1.000000
-24.313400 -13.728300 0 14.184300 7.528850 244.499000 778.553000 -13 2836 1 0 1.000000
-1.808950 -0.564707 0 17.820100 -8.237770 201.539000 778.895000 -13 2837 1 0 1.000000
-12.674500 -13.228300 0 -9.101820 9.773870 184.951000 778.628000 -13 2838 1 0 1.000000
-7.481210 -34.727700 0 -36.307400 -9.435740 212.229000 778.659000 -13 2839 1 0 1.000000
0.715588 -5.794050 0 0.529667 14.096500 206.158000 778.854000 -13 2840 1 0 1.000000
-14.399000 -5.822700 0 24.570300 0.844566 211.724000 778.915000 -13 2841 1 0 1.000000
4.900600 14.477200 0 3.727660 2.957640 216.833000 778.527000 -13 2842 1 0 1.000000
-0.465246 -28.045900 0 -4.651130 1.370510 202.728000 778.748000 -13 2843 1 0 1.000000
11.033800 -8.655330 0 -19.914600 2.033320 203.993000 778.816000 -13 2844 1 0 1.000000
28.204100 -21.248400 0 -10.745400 -3.018060 210.218000 778.854000 -13 2845 1 0 1.000000
-1.466730 -9.457670 0 -0.522683 -0.940890 213.548000 778.780000 -13 2846 1 0 1.000000
-13.783400 -1.779400 0 5.294990 -8.062370 232.862000 778.581000 -13 2847 1 0 1.000000
0.817038 -38.806300 0 -18.383800 7.103160 203.425000 778.616000 -13 2848 1 0 1.000000
-11.936100 8.095010 0 30.768400 6.508620 195.461000 778.600000 -13 2849 1 0 1.000000
5.427450 -21.951800 0 -8.470810 -12.405000 230.323000 778.904000 -13 2850 1 0 1.000000
-11.668000 6.423410 0 3.115740 -6.268110 202.128000 778.532000 -13 2851 1 0 1.000000
-12.093700 -6.465180 0 23.513300 -6.545410 193.284000 778.594000 -13 2852 1 0 1.000000
-17.142700 -21.184100 0 -27.778500 26.160800 207.077000 778.601000 -13 2853 1 0 1.000000
-31.140500 -23.646600 0 12.676500 22.314600 225.536000 778.879000 -13 2854 1 0 1.000000
4.666760 -14.367100 0 -2.125510 -14.570400 201.388000 778.685000 -13 2855 1 0 1.000000
-16.009400 1.847470 0 10.386300 0.281736 198.701000 778.676000 -13 2856 1 0 1.000000
-24.100200 -0.161471 0 -20.107200 -0.137967 206.216000 778.785000 -13 2857 1 0 1.000000
-10.696600 -4.363220 0 -2.120860 -17.938900 195.394000 778.653000 -13 2858 1 0 1.000000
-9.890270 -6.939360 0 -10.660100 -0.206077 207.682000 778.643000 -13 2859 1 0 1.000000
-11.438900 5.567950 0 0.858282 10.693000 206.231000 778.850000 -13 2860 1 0 1.000000
13.686900 -5.497420 0 -10.689100 9.494220 199.416000 778.468000 -13 2861 1 0 1.000000
0.552944 -9.712020 0 -2.162790 -5.191790 218.147000 778.622000 -13 2862 1 0 1.000000
19.515100 -8.356600 0 1.326260 -1.545060 214.024000 778.918000 -13 2863 1 0 1.000000
0.244583 -22.846600 0 -1.857120 19.477100 190.545000 778.550000 -13 2864 1 0 1.000000
-12.604300 12.156200 0 -7.574060 -3.218760 201.273000 778.540000 -13 2865 1 0 1.000000
-3.613980 20.676800 0 -14.754500 -21.318800 217.237000 778.711000 -13 2866 1 0 1.000000
2.229830 -11.681700 0 12.778100 -9.173580 215.421000 778.402000 -13 2867 1 0 1.000000
-4.165640 -10.064300 0 8.528780 2.922360 199.691000 778.565000 -13 2868 1 0 1.000000
1.012940 -20.542900 0 -7.731310 -1.887590 191.594000 778.519000 -13 2869 1 0 1.000000
-34.224700 -10.009300 0 -3.870080 -8.723600 205.075000 779.012000 -13 2870 1 0 1.000000
-7.314100 -29.648100 0 9.851820 -26.957200 209.982000 778.910000 -13 2871 1 0 1.000000
-14.014700 -17.487900 0 10.172800 6.714820 210.037000 778.600000 -13 2872 1 0 1.000000
-16.114800 -13.908100 0 -22.440900 -22.889300 235.878000 778.801000 -13 2873 1 0 1.000000
14.618000 -10.086800 0 -29.394800 8.755130 225.523000 778.527000 -13 2874 1 0 1.000000
-10.537300 -23.203300 0 14.178400 -5.519110 202.728000 778.647000 -13 2875 1 0 1.000000
15.076500 1.206690 0 9.587490 7.775290 203.943000 778.594000 -13 2876 1 0 1.000000
-8.644070 1.088360 0 1.941980 4.565870 215.479000 778.916000 -13 2877 1 0 1.000000
-8.498230 -11.279000 0 5.038310 2.309290 212.047000 778.868000 -13 2878 1 0 1.000000
-0.915865 -2.362410 0 16.205000 -16.234500 218.782000 778.742000 -13 2879 1 0 1.000000
0.333448 2.117140 0 9.568670 -14.370900 198.353000 779.028000 -13 2880 1 0 1.000000
-20.739200 3.569840 0 4.644510 -2.144460 212.453000 778.879000 -13 2881 1 0 1.000000
-18.186900 -6.134620 0 4.148940 5.704120 221.426000 778.677000 -13 2882 1 0 1.000000
-11.318000 -12.528600 0 -17.796400 8.081560 240.564000 778.700000 -13 2883 1 0 1.000000
-17.747800 3.903930 0 -4.764650 -10.772700 221.071000 778.630000 -13 2884 1 0 1.000000
-7.293150 -8.073770 0 -5.800240 -11.019800 198.129000 778.627000 -13 2885 1 0 1.000000
2.053700 -3.893430 0 -11.883700 12.540300 225.990000 778.513000 -13 2886 1 0 1.000000
-2.616590 1.566820 0 -10.125800 10.622400 189.916000 778.748000 -13 2887 1 0 1.000000
8.118300 -12.257600 0 0.961451 8.513620 197.598000 778.650000 -13 2888 1 0 1.000000
-20.713300 -20.759200 0 5.512440 -10.374500 221.873000 778.494000 -13 2889 1 0 1.000000
2.168620 -5.718780 0 19.358200 -17.598400 239.587000 778.708000 -13 2890 1 0 1.000000
19.171700 -0.658761 0 -14.468300 -6.007050 193.921000 778.681000 -13 2891 1 0 1.000000
-5.562440 -7.333870 0 11.582100 -2.847880 206.977000 778.880000 -13 2892 1 0 1.000000
-2.734400 -16.026100 0 3.596690 -8.269210 214.471000 778.648000 -13 2893 1 0 1.000000
-4.539130 -10.119000 0 9.875740 14.270000 222.207000 778.705000 -13 2894 1 0 1.000000
10.624300 -18.252400 0 0.321211 -23.887300 246.717000 778.736000 -13 2895 1 0 1.000000
7.331060 -13.218900 0 6.938430 -2.627280 194.493000 778.832000 -13 2896 1 0 1.000000
-11.285900 -10.813300 0 5.403090 -18.702300 204.672000 778.813000 -13 2897 1 0 1.000000
-19.957400 -11.370500 0 -2.584980 6.793910 210.525000 778.766000 -13 2898 1 0 1.000000
-2.521960 -4.190260 0 -5.050660 -3.716700 201.975000 778.726000 -13 2899 1 0 1.000000
-4.482690 -43.001200 0 -0.740008 -15.190100 234.740000 778.762000 -13 2900 1 0 1.000000
-14.610000 -4.149920 0 -7.593570 -4.713840 214.774000 778.485000 -13 2901 1 0 1.000000
6.225020 3.795240 0 3.156290 -5.059390 197.623000 778.574000 -13 2902 1 0 1.000000
-22.472800 -16.191700 0 12.169200 -6.280290 236.973000 778.723000 -13 2903 1 0 1.000000
-5.635600 -24.532100 0 6.432550 7.395120 199.478000 778.720000 -13 2904 1 0 1.000000
-5.732010 -16.565600 0 -15.153900 -8.346510 220.843000 778.978000 -13 2905 1 0 1.000000
-21.257900 -2.806130 0 16.539100 -14.964700 206.918000 778.730000 -13 2906 1 0 1.000000
4.870170 -11.777700 0 -1.799280 12.970400 184.348000 778.968000 -13 2907 1 0 1.000000
11.254500 -7.083840 0 3.389510 -11.007300 199.972000 778.817000 -13 2908 1 0 1.000000
28.411500 -14.663700 0 -10.829100 0.828798 223.609000 778.692000 -13 2909 1 0 1.000000
-15.160900 -0.618531 0 -6.915430 -24.340800 202.067000 778.755000 -13 2910 1 0 1.000000
-10.856600 -8.491730 0 -7.519400 11.559600 211.172000 778.535000 -13 2911 1 0 1.000000
-2.537190 -18.766600 0 16.005900 12.492800 202.787000 778.593000 -13 2912 1 0 1.000000
-2.946650 -18.355200 0 13.600700 -10.432400 204.524000 778.604000 -13 2913 1 0 1.000000
5.596830 -4.972610 0 -15.539300 15.735000 198.534000 778.971000 -13 2914 1 0 1.000000
0.703784 -18.059800 0 -22.436300 -5.371730 216.902000 778.566000 -13 2915 1 0 1.000000
1.847410 -15.078900 0 1.047090 20.370100 218.904000 778.500000 -13 2916 1 0 1.000000
-23.653900 -9.252530 0 -1.143570 4.651050 196.647000 778.688000 -13 2917 1 0 1.000000
-34.154600 -8.860910 0 -21.037200 -0.077248 220.173000 778.519000 -13 2918 1 0 1.000000
5.704470 -8.172650 0 -2.949170 5.455230 196.843000 778.734000 -13 2919 1 0 1.000000
10.171600 -16.453500 0 15.737700 4.597110 211.103000 778.828000 -13 2920 1 0 1.000000
-5.047050 -8.181280 0 27.074200 8.875950 218.882000 778.631000 -13 2921 1 0 1.000000
-18.819900 -37.123100 0 -3.097550 29.961400 232.052000 778.930000 -13 2922 1 0 1.000000
1.600970 -7.169450 0 -11.170600 -4.032360 218.438000 778.749000 -13 2923 1 0 1.000000
-6.735920 -0.883759 0 5.695130 -8.122240 179.018000 778.847000 -13 2924 1 0 1.000000
-20.823800 2.005180 0 -20.348500 -32.310200 231.501000 778.497000 -13 2925 1 0 1.000000
-43.905100 13.371200 0 23.891600 -0.186372 228.493000 778.856000 -13 2926 1 0 1.000000
-44.201900 -11.315300 0 -14.620800 -8.695750 206.382000 778.980000 -13 2927 1 0 1.000000
-14.480800 13.743800 0 -5.179520 -11.268100 199.772000 778.463000 -13 2928 1 0 1.000000
-15.219700 -24.816500 0 5.526490 -11.916600 212.007000 778.691000 -13 2929 1 0 1.000000
-19.224100 -2.322310 0 3.632630 -18.101200 193.041000 778.962000 -13 2930 1 0 1.000000
8.798110 -17.056800 0 -33.132900 13.733800 227.749000 778.871000 -13 2931 1 0 1.000000
-20.810400 -7.896670 0 14.108000 -10.724300 207.496000 778.921000 -13 2932 1 0 1.000000
-31.107500 -7.397680 0 -13.090500 6.715260 236.032000 778.792000 -13 2933 1 0 1.000000
-11.822800 -13.793200 0 -19.910200 -15.279700 229.644000 779.042000 -13 2934 1 0 1.000000
-13.877900 -26.033600 0 19.168100 13.613400 205.617000 778.495000 -13 2935 1 0 1.000000
3.313380 11.752900 0 -6.568370 0.077136 207.038000 779.024000 -13 2936 1 0 1.000000
-12.437600 -10.142700 0 -4.293200 -8.252340 212.017000 778.848000 -13 2937 1 0 1.000000
-3.393050 -19.010400 0 3.636180 -13.858000 217.346000 778.761000 -13 2938 1 0 1.000000
-4.733500 -13.290800 0 -7.702300 -1.710720 200.955000 778.948000 -13 2939 1 0 1.000000
-1.520370 -24.554600 0 -11.644100 13.173800 194.888000 778.552000 -13 2940 1 0 1.000000
-17.593500 -5.948900 0 0.207033 -4.304830 197.857000 778.840000 -13 2941 1 0 1.000000
-6.381710 -4.932340 0 -11.495100 2.636890 189.669000 778.556000 -13 2942 1 0 1.000000
9.776760 1.698000 0 2.063140 -10.945500 194.673000 778.589000 -13 2943 1 0 1.000000
15.723500 -22.977800 0 -11.818900 -5.812430 202.573000 778.544000 -13 2944 1 0 1.000000
3.880180 -14.717200 0 6.914990 -1.960050 204.574000 778.529000 -13 2945 1 0 1.000000
-11.287000 -9.646880 0 28.504600 1.548950 194.581000 778.799000 -13 2946 1 0 1.000000
-5.499050 -11.310500 0 0.785511 -18.155600 196.762000 778.780000 -13 2947 1 0 1.000000
8.473250 -6.321720 0 -3.311670 10.388000 202.061000 778.764000 -13 2948 1 0 1.000000
-11.392000 6.434170 0 13.780500 -27.297200 212.446000 778.939000 -13 2949 1 0 1.000000
-4.007560 -11.840100 0 0.139485 -2.919610 197.129000 778.693000 -13 2950 1 0 1.000000
-5.125250 -16.132300 0 4.898270 5.322580 199.484000 778.548000 -13 2951 1 0 1.000000
24.724600 -0.005227 0 -32.598400 -15.354000 203.107000 778.991000 -13 2952 1 0 1.000000
11.741000 -15.306200 0 -18.390900 -0.662497 207.209000 778.569000 -13 2953 1 0 1.000000
-3.141190 -10.247900 0 -6.582680 -15.620000 205.628000 778.836000 -13 2954 1 0 1.000000
5.959230 -15.727200 0 36.986100 -4.422350 192.647000 778.757000 -13 2955 1 0 1.000000
-6.625620 -3.108460 0 1.168260 1.734890 204.110000 778.876000 -13 2956 1 0 1.000000
-10.903400 -1.997460 0 -4.880670 3.035440 194.621000 778.756000 -13 2957 1 0 1.000000
5.456840 0.723071 0 -3.867000 -4.907510 210.770000 778.713000 -13 2958 1 0 1.000000
6.604060 -4.952940 0 9.889750 -12.706400 218.772000 778.715000 -13 2959 1 0 1.000000
-2.799870 -18.738300 0 -5.182590 0.170246 214.610000 778.607000 -13 2960 1 0 1.000000
3.086490 1.219080 0 -1.654070 -24.759300 197.587000 778.791000 -13 2961 1 0 1.000000
-2.308960 -10.337800 0 -13.765900 -0.549106 213.768000 778.725000 -13 2962 1 0 1.000000
-5.357600 -3.648330 0 1.165840 -12.230400 210.923000 778.760000 -13 2963 1 0 1.000000
-11.715200 -13.444000 0 -1.356560 0.289213 203.511000 778.681000 -13 2964 1 0 1.000000
-5.935670 -16.449900 0 11.243600 -11.988800 224.571000 778.600000 -13 2965 1 0 1.000000
-8.583350 -13.977900 0 -6.246990 -6.307670 195.751000 778.545000 -13 2966 1 0 1.000000
11.728300 -15.893700 0 -26.201700 -10.224500 229.733000 778.503000 -13 2967 1 0 1.000000
-4.469980 4.572220 0 12.525400 -10.698300 199.295000 778.792000 -13 2968 1 0 1.000000
-11.581800 -5.578370 0 -3.079070 -8.368340 190.714000 778.720000 -13 2969 1 0 1.000000
-8.837830 -12.180900 0 3.119270 13.328500 191.990000 778.499000 -13 2970 1 0 1.000000
-26.574300 -18.435600 0 16.055200 -5.204650 197.419000 779.144000 -13 2971 1 0 1.000000
10.336000 -20.202200 0 7.621970 -9.170310 206.922000 778.701000 -13 2972 1 0 1.000000
5.887900 4.559140 0 3.629180 -5.205310 201.785000 778.614000 -13 2973 1 0 1.000000
-4.831440 -2.653970 0 8.349300 0.147486 207.921000 778.466000 -13 2974 1 0 1.000000
-17.488400 -1.392400 0 7.330420 -16.770300 206.721000 778.575000 -13 2975 1 0 1.000000
-0.671117 3.986080 0 -11.092000 3.155800 193.494000 778.913000 -13 2976 1 0 1.000000
14.926600 -14.371000 0 13.776000 3.537660 190.899000 778.721000 -13 2977 1 0 1.000000
9.551580 -23.692300 0 14.231400 8.660450 196.438000 778.641000 -13 2978 1 0 1.000000
-2.606410 -10.751500 0 18.792000 -3.459940 189.030000 778.696000 -13 2979 1 0 1.000000
-9.559860 -20.066100 0 1.727680 -0.870240 208.532000 778.786000 -13 2980 1 0 1.000000
-24.509300 -8.416830 0 -5.468160 1.596570 205.559000 778.750000 -13 2981 1 0 1.000000
-15.000200 -21.329700 0 -17.375300 34.107700 203.483000 778.995000 -13 2982 1 0 1.000000
-6.003000 4.464460 0 19.659200 4.492680 212.143000 778.754000 -13 2983 1 0 1.000000
-13.886800 -16.656900 0 7.673180 47.694400 235.110000 778.654000 -13 2984 1 0 1.000000
-4.208300 -10.361200 0 -6.289750 13.214600 209.727000 778.890000 -13 2985 1 0 1.000000
-9.664660 -12.478600 0 1.602230 7.809090 204.460000 778.693000 -13 2986 1 0 1.000000
1.923460 -9.857990 0 9.240530 -8.471440 201.134000 778.645000 -13 2987 1 0 1.000000
-1.508740 -12.889500 0 -2.706870 -4.275480 191.850000 778.669000 -13 2988 1 0 1.000000
15.309100 -3.554400 0 1.665560 -6.612510 197.822000 778.545000 -13 2989 1 0 1.000000
-14.024400 -2.590700 0 5.706830 -0.178551 180.404000 778.711000 -13 2990 1 0 1.000000
4.767900 -8.911370 0 1.938070 -6.455600 186.743000 778.795000 -13 2991 1 0 1.000000
-0.864556 -8.866500 0 17.561700 -4.687090 198.814000 778.657000 -13 2992 1 0 1.000000
-16.711200 -5.781400 0 -21.246000 -6.181130 203.784000 778.754000 -13 2993 1 0 1.000000
-10.335800 -5.101800 0 6.167910 -9.255760 219.339000 778.731000 -13 2994 1 0 1.000000
3.753120 0.181517 0 14.911400 -0.703110 208.674000 778.666000 -13 2995 1 0 1.000000
6.226700 2.082130 0 -6.816410 -1.102270 214.219000 778.702000 -13 2996 1 0 1.000000
-7.083430 -16.310200 0 -9.043450 -7.575700 217.502000 778.726000 -13 2997 1 0 1.000000
-13.890100 -2.673790 0 23.644000 -15.117000 216.008000 778.782000 -13 2998 1 0 1.000000
-16.917900 -21.932100 0 -18.421900 -9.882310 218.896000 778.645000 -13 2999 1 0 1.000000
-12.517400 -18.529300 0 -21.761800 14.606100 227.503000 778.917000 -13 3000 1 0 1.000000
-4.496990 6.750550 0 -5.205800 4.113970 207.135000 778.715000 -13 3001 1 0 1.000000
0.451980 -10.262800 0 -13.324100 14.899700 205.350000 778.586000 -13 3002 1 0 1.000000
-11.805900 -22.567000 0 6.106890 -5.017830 215.702000 779.073000 -13 3003 1 0 1.000000
2.845120 -14.543300 0 2.300920 10.219000 192.022000 778.479000 -13 3004 1 0 1.000000
-3.625690 -13.472300 0 13.516700 -20.764500 205.196000 778.567000 -13 3005 1 0 1.000000
-0.057314 -12.858900 0 28.488500 -15.393300 203.554000 778.757000 -13 3006 1 0 1.000000
-1.978460 -4.116890 0 14.541100 5.051800 223.631000 778.864000 -13 3007 1 0 1.000000
-9.322100 -8.552480 0 2.872300 -11.413400 213.881000 778.603000 -13 3008 1 0 1.000000
-14.417400 5.870930 0 -1.834410 -2.867220 216.050000 778.615000 -13 3009 1 0 1.000000
-6.085410 0.701744 0 -14.570400 -2.382500 220.629000 778.789000 -13 3010 1 0 1.000000
-14.850000 -11.586500 0 -0.119789 16.384700 200.047000 778.742000 -13 3011 1 0 1.000000
7.797160 -8.367930 0 -2.086940 -10.813900 208.427000 778.744000 -13 3012 1 0 1.000000
11.886000 -18.173700 0 -0.706083 8.290350 209.260000 778.700000 -13 3013 1 0 1.000000
-21.398700 -18.909000 0 -17.637100 8.347790 221.307000 778.760000 -13 3014 1 0 1.000000
-10.635200 5.227910 0 23.900300 -13.442700 193.809000 778.746000 -13 3015 1 0 1.000000
-20.795600 -10.042400 0 15.475200 -4.780340 218.835000 778.759000 -13 3016 1 0 1.000000
-1.603660 -4.611630 0 16.309800 -2.234860 220.612000 778.880000 -13 3017 1 0 1.000000
-6.392160 -3.442560 0 -7.402250 -3.303800 212.471000 779.015000 -13 3018 1 0 1.000000
13.503100 -12.224700 0 26.026700 -21.807200 199.424000 778.649000 -13 3019 1 0 1.000000
7.059310 -46.966900 0 -30.944100 -0.582449 212.820000 778.485000 -13 3020 1 0 1.000000
-21.309300 -14.480200 0 15.125400 25.227300 213.030000 778.356000 -13 3021 1 0 1.000000
-8.130230 -18.654500 0 -6.642980 17.863700 203.179000 778.862000 -13 3022 1 0 1.000000
-8.234380 13.738600 0 3.686130 -9.958500 193.020000 778.721000 -13 3023 1 0 1.000000
6.476140 11.120600 0 -11.347300 -3.537360 220.467000 779.058000 -13 3024 1 0 1.000000
-6.578810 -3.219600 0 0.182920 -13.700300 213.890000 778.782000 -13 3025 1 0 1.000000
17.910100 2.105970 0 26.057300 -42.449400 228.408000 778.785000 -13 3026 1 0 1.000000
1.723250 -5.791460 0 -6.403440 19.822000 201.092000 779.041000 -13 3027 1 0 1.000000
-5.817960 -19.431700 0 -3.031470 -5.735830 219.557000 778.822000 -13 3028 1 0 1.000000
-11.358100 1.782040 0 -5.757960 1.011770 207.981000 778.768000 -13 3029 1 0 1.000000
-5.528150 -22.549300 0 -1.772410 21.704900 214.045000 778.745000 -13 3030 1 0 1.000000
-17.797200 -20.386600 0 -1.341540 -5.159010 214.000000 778.842000 -13 3031 1 0 1.000000
-6.188800 -4.519780 0 -5.383580 -0.892701 201.002000 778.893000 -13 3032 1 0 1.000000
-15.040300 -20.086500 0 -9.589680 8.882690 199.759000 778.734000 -13 3033 1 0 1.000000
4.749330 -26.843300 0 14.000300 -5.443720 197.143000 778.787000 -13 3034 1 0 1.000000
-8.837110 10.296900 0 19.725600 -13.436000 230.919000 778.794000 -13 3035 1 0 1.000000
0.879392 4.440600 0 3.204070 -3.944790 198.824000 778.626000 -13 3036 1 0 1.000000
3.176610 -15.603700 0 -9.940010 2.709210 194.321000 778.526000 -13 3037 1 0 1.000000
-6.094150 -1.421200 0 -13.227300 -5.301840 201.519000 778.549000 -13 3038 1 0 1.000000
-9.733230 -6.020090 0 26.182600 12.406800 204.296000 778.536000 -13 3039 1 0 1.000000
-15.952400 -4.482020 0 -13.824600 1.263310 196.461000 779.059000 -13 3040 1 0 1.000000
-6.708140 -16.614700 0 -16.136300 11.908600 228.546000 778.705000 -13 3041 1 0 1.000000
-14.318700 2.067440 0 -5.133270 -18.278200 223.044000 778.865000 -13 3042 1 0 1.000000
-5.752200 -9.895410 0 -18.201800 1.642690 201.596000 778.542000 -13 3043 1 0 1.000000
16.235400 15.867100 0 20.374500 14.485500 224.081000 778.653000 -13 3044 1 0 1.000000
9.047140 -3.757900 0 5.233190 7.571790 194.644000 778.836000 -13 3045 1 0 1.000000
0.747578 1.036830 0 -5.357940 2.349960 220.147000 778.759000 -13 3046 1 0 1.000000
-5.158300 -11.795300 0 7.845700 -4.520150 215.184000 778.930000 -13 3047 1 0 1.000000
0.539594 -18.362700 0 -4.756180 -2.824550 198.076000 778.886000 -13 3048 1 0 1.000000
-3.153500 -6.242080 0 7.326010 -23.712500 223.784000 778.625000 -13 3049 1 0 1.000000
-28.206200 7.182030 0 11.284400 -7.318680 218.151000 778.443000 -13 3050 1 0 1.000000
-6.798140 -12.038600 0 -19.497000 5.097090 195.230000 778.667000 -13 3051 1 0 1.000000
5.778380 -24.964100 0 -5.743400 -7.348800 194.194000 778.801000 -13 3052 1 0 1.000000
1.515310 -12.492900 0 12.517400 -14.610100 214.631000 778.707000 -13 3053 1 0 1.000000
-12.294400 23.056700 0 16.734000 -12.182200 207.958000 778.812000 -13 3054 1 0 1.000000
-7.129530 -12.959000 0 -3.807690 -2.010320 186.008000 778.671000 -13 3055 1 0 1.000000
-17.218300 -12.560200 0 -33.313900 19.922700 228.379000 778.517000 -13 3056 1 0 1.000000
-9.827440 -0.836520 0 -0.690800 10.344000 202.745000 778.710000 -13 3057 1 0 1.000000
-12.196800 3.490770 0 22.962000 -6.048350 197.542000 778.783000 -13 3058 1 0 1.000000
-20.383600 -0.260334 0 15.374600 -8.107780 204.536000 778.696000 -13 3059 1 0 1.000000
-5.071800 -7.750060 0 8.608090 7.934950 221.817000 778.467000 -13 3060 1 0 1.000000
-11.162200 0.063741 0 22.918400 -0.679254 219.454000 778.571000 -13 3061 1 0 1.000000
9.376150 -6.079630 0 6.562530 2.476660 211.309000 778.716000 -13 3062 1 0 1.000000
16.183900 -11.308100 0 8.410890 7.355670 196.820000 778.842000 -13 3063 1 0 1.000000
11.608000 -21.196600 0 12.187000 4.836290 211.875000 778.690000 -13 3064 1 0 1.000000
-32.863400 -21.624000 0 -0.503573 -10.690000 224.704000 778.601000 -13 3065 1 0 1.000000
-0.524894 2.728950 0 5.085730 1.013930 200.341000 778.576000 -13 3066 1 0 1.000000
-8.649850 -0.903808 0 -1.355100 -3.457140 222.916000 778.717000 -13 3067 1 0 1.000000
-13.829100 -16.397200 0 0.569557 17.878600 219.610000 778.768000 -13 3068 1 0 1.000000
-23.419700 -4.371710 0 -31.981500 11.157500 196.576000 778.720000 -13 3069 1 0 1.000000
22.513400 -7.976900 0 -18.400900 -0.758493 215.624000 778.792000 -13 3070 1 0 1.000000
-14.303500 -13.970900 0 -5.130740 -3.014460 226.973000 778.776000 -13 3071 1 0 1.000000
3.167500 -12.332200 0 -25.651900 -11.235800 223.727000 778.743000 -13 3072 1 0 1.000000
-15.207100 -13.945800 0 0.756730 -4.663370 211.091000 778.770000 -13 3073 1 0 1.000000
-20.621500 0.353620 0 5.548880 0.904281 216.216000 778.754000 -13 3074 1 0 1.000000
-5.581300 -11.883100 0 -1.660830 -7.013980 212.364000 778.724000 -13 3075 1 0 1.000000
-12.062700 -39.357400 0 -14.059600 -0.270732 212.254000 778.510000 -13 3076 1 0 1.000000
-2.349400 -30.850300 0 -11.382600 -3.857380 202.249000 778.724000 -13 3077 1 0 1.000000
-14.725000 -23.070600 0 -6.867680 57.875600 227.184000 778.569000 -13 3078 1 0 1.000000
-16.923600 -25.144400 0 0.561692 -12.540200 211.058000 778.850000 -13 3079 1 0 1.000000
-0.209912 -5.675300 0 -8.642680 9.430150 197.302000 778.906000 -13 3080 1 0 1.000000
11.951500 -5.960890 0 -6.080250 21.712400 194.075000 778.638000 -13 3081 1 0 1.000000
-11.685400 -3.411880 0 13.737500 6.140340 210.627000 778.633000 -13 3082 1 0 1.000000
7.251840 2.098980 0 -16.904300 -11.609700 204.679000 778.906000 -13 3083 1 0 1.000000
10.898600 -8.998150 0 1.152190 -10.226400 224.185000 778.530000 -13 3084 1 0 1.000000
-21.603900 -10.332400 0 -0.375642 1.669020 213.566000 778.995000 -13 3085 1 0 1.000000
-10.474500 -13.451100 0 25.868200 5.845060 224.476000 778.765000 -13 3086 1 0 1.000000
5.793670 -18.384200 0 5.870180 -10.021900 201.274000 778.605000 -13 3087 1 0 1.000000
-5.407060 -2.027280 0 -6.730210 4.371190 229.289000 778.702000 -13 3088 1 0 1.000000
-19.554300 -9.576200 0 23.381200 -6.568290 215.721000 778.715000 -13 3089 1 0 1.000000
-22.599900 -7.122130 0 9.072480 7.248160 212.831000 778.896000 -13 3090 1 0 1.000000
-19.558400 -2.529750 0 0.470248 -17.134900 223.478000 778.779000 -13 3091 1 0 1.000000
-1.693480 -7.649680 0 -7.277620 9.984910 215.356000 778.745000 -13 3092 1 0 1.000000
2.859710 -17.927000 0 1.030260 -3.191680 218.785000 778.621000 -13 3093 1 0 1.000000
-22.737800 -19.808000 0 -13.052400 4.444060 210.369000 778.676000 -13 3094 1 0 1.000000
21.311100 -8.878130 0 -30.763900 -15.968000 218.683000 778.747000 -13 3095 1 0 1.000000
-1.258200 -12.044200 0 11.910400 0.305360 212.856000 778.897000 -13 3096 1 0 1.000000
13.111100 -9.854160 0 -5.468810 7.727610 224.766000 778.913000 -13 3097 1 0 1.000000
-19.993700 -5.502090 0 -2.117820 22.436200 194.175000 778.914000 -13 3098 1 0 1.000000
-12.116300 -10.512200 0 -10.085500 -8.864270 215.966000 778.895000 -13 3099 1 0 1.000000
-0.526132 -38.359200 0 -7.918790 -11.000900 193.766000 778.869000 -13 3100 1 0 1.000000
10.083500 -0.223495 0 -0.724968 23.415400 199.493000 778.670000 -13 3101 1 0 1.000000
6.183060 -26.903200 0 -8.106660 27.001800 195.069000 778.742000 -13 3102 1 0 1.000000
3.075910 -9.239340 0 6.268720 0.964995 205.155000 778.775000 -13 3103 1 0 1.000000
-11.073200 -5.578870 0 4.598410 4.564040 205.212000 778.705000 -13 3104 1 0 1.000000
-25.414400 5.233360 0 12.018900 23.943700 222.094000 778.731000 -13 3105 1 0 1.000000
-8.858880 -9.899090 0 7.455560 -16.154900 221.142000 778.712000 -13 3106 1 0 1.000000
-18.711500 -4.573480 0 7.327740 9.609360 201.992000 778.680000 -13 3107 1 0 1.000000
-12.788500 -1.206960 0 -4.635920 -7.355560 208.861000 778.640000 -13 3108 1 0 1.000000
-6.545670 -9.854100 0 6.659350 -13.981800 208.978000 778.771000 -13 3109 1 0 1.000000
11.984200 -12.410200 0 22.688700 0.394000 208.415000 778.567000 -13 3110 1 0 1.000000
-0.458947 -16.371200 0 -0.705510 -12.312600 213.301000 778.551000 -13 3111 1 0 1.000000
7.481030 -2.446650 0 -3.675840 -5.447300 216.474000 778.696000 -13 3112 1 0 1.000000
-9.997510 -10.172500 0 -12.921200 8.719340 214.309000 778.545000 -13 3113 1 0 1.000000
-10.025100 -8.778740 0 1.309960 -4.362400 207.639000 778.592000 -13 3114 1 0 1.000000
-11.323500 -2.607780 0 -3.468020 6.018960 201.583000 778.709000 -13 3115 1 0 1.000000
-4.725740 -28.996200 0 -7.788970 13.877200 222.828000 778.650000 -13 3116 1 0 1.000000
-25.190600 -25.767100 0 -20.015400 5.767910 207.803000 778.988000 -13 3117 1 0 1.000000
-1.419480 -11.220400 0 16.963300 -0.478597 225.637000 778.824000 -13 3118 1 0 1.000000
29.130700 -28.255800 0 21.017000 -22.474900 228.063000 778.604000 -13 3119 1 0 1.000000
-15.260400 -0.381288 0 -18.600500 13.209900 214.360000 778.620000 -13 3120 1 0 1.000000
12.412700 -9.872320 0 12.279600 1.445390 224.100000 778.647000 -13 3121 1 0 1.000000
13.227900 -16.327600 0 -9.440170 12.123100 217.407000 778.535000 -13 3122 1 0 1.000000
-12.128900 -8.885040 0 -1.706330 -7.263530 210.625000 778.877000 -13 3123 1 0 1.000000
-14.499100 -10.597100 0 -3.314250 -10.552800 216.011000 778.624000 -13 3124 1 0 1.000000
0.366928 10.876000 0 8.776000 -17.274100 207.671000 778.443000 -13 3125 1 0 1.000000
9.913300 -12.494100 0 -4.251110 3.235230 214.992000 778.685000 -13 3126 1 0 1.000000
-21.543400 4.570680 0 -8.006140 -3.053350 214.713000 779.029000 -13 3127 1 0 1.000000
2.919450 5.261340 0 -6.927220 -22.651800 219.699000 778.729000 -13 3128 1 0 1.000000
-6.820710 -9.900840 0 -1.923500 -9.048540 196.629000 778.786000 -13 3129 1 0 1.000000
-12.208400 -3.337290 0 -4.820440 -13.969300 201.690000 778.896000 -13 3130 1 0 1.000000
-10.796900 -0.079492 0 -9.748480 5.970790 209.551000 778.616000 -13 3131 1 0 1.000000
-12.258500 -8.129290 0 4.737730 16.618400 209.054000 778.709000 -13 3132 1 0 1.000000
-11.775100 10.809100 0 -10.860000 -21.444000 198.927000 778.759000 -13 3133 1 0 1.000000
-13.161700 -17.859900 0 3.680830 10.952600 204.250000 778.662000 -13 3134 1 0 1.000000
-4.919050 -2.057210 0 -1.838690 -21.433900 213.970000 778.622000 -13 3135 1 0 1.000000
-10.325000 -4.555730 0 -0.635243 -10.218500 219.282000 778.823000 -13 3136 1 0 1.000000
-22.808700 -9.567050 0 -6.765530 2.736730 218.252000 778.788000 -13 3137 1 0 1.000000
0.627135 -0.539949 0 2.654940 0.137759 219.603000 778.753000 -13 3138 1 0 1.000000
6.265570 -12.871900 0 0.014685 -0.457891 221.705000 778.781000 -13 3139 1 0 1.000000
-5.765770 -20.343400 0 -11.773100 -3.481580 214.081000 778.473000 -13 3140 1 0 1.000000
-12.101100 -14.510000 0 -2.614130 12.483000 230.687000 778.551000 -13 3141 1 0 1.000000
-16.502900 -6.728880 0 -36.603300 10.151000 240.699000 778.637000 -13 3142 1 0 1.000000
-27.804600 -12.461700 0 46.386700 0.628724 223.474000 778.784000 -13 3143 1 0 1.000000
-2.766180 -14.778700 0 -2.588610 21.814400 189.470000 778.664000 -13 3144 1 0 1.000000
-11.717800 -23.629600 0 9.785470 16.915200 195.004000 778.758000 -13 3145 1 0 1.000000
2.037550 -0.537665 0 -2.065700 50.621400 221.159000 778.771000 -13 3146 1 0 1.000000
-16.804000 1.102300 0 -0.000579 -4.192080 204.704000 778.891000 -13 3147 1 0 1.000000
-2.333200 -3.472870 0 -12.558800 -2.280830 220.352000 778.713000 -13 3148 1 0 1.000000
-1.784010 -9.351390 0 -3.467150 -10.985900 215.222000 778.716000 -13 3149 1 0 1.000000
-23.168500 4.636840 0 1.999510 12.070300 216.724000 778.763000 -13 3150 1 0 1.000000
-3.233580 -0.424944 0 2.628050 6.754610 184.908000 778.759000 -13 3151 1 0 1.000000
14.435200 -14.267000 0 2.458190 -18.025400 218.779000 778.608000 -13 3152 1 0 1.000000
7.277950 -5.967800 0 2.454070 -9.716430 216.516000 778.783000 -13 3153 1 0 1.000000
-7.846650 -8.688730 0 -8.322640 -4.078760 193.688000 778.960000 -13 3154 1 0 1.000000
-14.479300 4.996130 0 3.999490 5.016310 212.410000 778.902000 -13 3155 1 0 1.000000
-11.314200 -17.065300 0 8.245950 12.410700 207.297000 779.016000 -13 3156 1 0 1.000000
-24.450400 1.226060 0 8.420080 -10.268300 221.152000 778.879000 -13 3157 1 0 1.000000
-18.890300 -17.821700 0 -3.502030 0.782601 208.478000 778.703000 -13 3158 1 0 1.000000
-13.487300 -0.832318 0 19.382600 -14.059100 205.824000 778.792000 -13 3159 1 0 1.000000
-0.228985 -15.171000 0 -9.612910 -10.020000 205.500000 778.705000 -13 3160 1 0 1.000000
-8.247470 1.202430 0 5.007960 -8.427760 206.855000 778.433000 -13 3161 1 0 1.000000
7.999980 -15.970000 0 12.906200 -9.011860 206.807000 778.845000 -13 3162 1 0 1.000000
-2.075090 -5.344870 0 -6.554920 2.157090 188.506000 778.399000 -13 3163 1 0 1.000000
-18.453700 -9.546160 0 2.673560 -9.401980 217.026000 778.846000 -13 3164 1 0 1.000000
-12.944900 -15.147800 0 6.171500 -2.244920 204.488000 778.862000 -13 3165 1 0 1.000000
-9.466480 -0.254284 0 -5.073370 11.843200 223.056000 778.714000 -13 3166 1 0 1.000000
-13.062500 -3.188940 0 -5.545270 23.321900 229.187000 778.688000 -13 3167 1 0 1.000000
-15.635800 2.307730 0 -7.460290 -2.535780 209.509000 778.606000 -13 3168 1 0 1.000000
-2.907930 -10.966700 0 -6.963010 -4.210370 221.977000 778.988000 -13 3169 1 0 1.000000
-5.596580 12.316100 0 1.319050 -17.223300 229.023000 778.798000 -13 3170 1 0 1.000000
-16.207100 -3.466220 0 20.176400 21.093600 221.406000 778.823000 -13 3171 1 0 1.000000
-4.746040 -7.056210 0 -3.356800 1.828880 205.667000 778.651000 -13 3172 1 0 1.000000
-10.511900 -19.655900 0 -6.079020 31.879800 221.021000 778.867000 -13 3173 1 0 1.000000
-7.426130 -8.253320 0 -8.891060 -12.746600 205.488000 778.732000 -13 3174 1 0 1.000000
17.568900 2.401890 0 7.052080 1.307900 201.467000 778.687000 -13 3175 1 0 1.000000
-0.638514 2.548780 0 4.430450 7.422240 221.848000 778.720000 -13 3176 1 0 1.000000
7.917270 -0.566579 0 -24.073300 -24.837700 222.249000 778.905000 -13 3177 1 0 1.000000
-12.223500 -7.367640 0 6.046810 -1.511670 226.362000 778.658000 -13 3178 1 0 1.000000
-13.250800 -8.369120 0 1.663580 -4.376690 209.392000 778.632000 -13 3179 1 0 1.000000
-8.455350 -14.245700 0 -14.171500 -7.244270 212.734000 778.701000 -13 3180 1 0 1.000000
-16.746400 -5.668500 0 3.703550 2.556980 195.175000 778.805000 -13 3181 1 0 1.000000
-10.723300 -16.655900 0 10.805300 -0.306180 203.845000 778.831000 -13 3182 1 0 1.000000
5.353040 -27.561600 0 -5.972380 1.978020 183.693000 778.833000 -13 3183 1 0 1.000000
7.719920 17.557600 0 3.495830 -16.263000 214.023000 778.732000 -13 3184 1 0 1.000000
-18.949500 -2.317530 0 1.516830 10.261400 193.037000 778.618000 -13 3185 1 0 1.000000
16.940400 -14.834600 0 -11.972300 -12.311000 213.347000 778.755000 -13 3186 1 0 1.000000
-0.271686 -12.037500 0 15.757500 -14.561900 204.262000 778.694000 -13 3187 1 0 1.000000
-2.624600 -11.853800 0 -8.215450 6.068150 208.704000 778.656000 -13 3188 1 0 1.000000
9.820340 -1.367700 0 -14.616900 1.497400 201.279000 778.783000 -13 3189 1 0 1.000000
-3.599800 -9.742220 0 19.599400 2.096120 203.694000 778.775000 -13 3190 1 0 1.000000
1.890390 -17.080400 0 -1.344140 4.484620 213.397000 778.918000 -13 3191 1 0 1.000000
-0.652844 -29.704500 0 -10.761600 -6.854990 216.161000 779.033000 -13 3192 1 0 1.000000
32.969200 -15.345500 0 10.849000 9.384210 216.567000 778.632000 -13 3193 1 0 1.000000
-15.634100 -2.088680 0 7.117620 -4.385730 210.264000 778.905000 -13 3194 1 0 1.000000
-8.973580 -7.411420 0 -5.243260 -3.595860 211.613000 778.982000 -13 3195 1 0 1.000000
-0.583839 -3.352480 0 -5.218000 4.235730 203.071000 778.904000 -13 3196 1 0 1.000000
13.493900 -8.197630 0 -2.553150 -8.197870 196.266000 778.904000 -13 3197 1 0 1.000000
2.559570 -9.604960 0 -19.876200 -2.481000 191.781000 778.823000 -13 3198 1 0 1.000000
-19.610100 -16.773300 0 -2.861720 0.199365 209.910000 778.807000 -13 3199 1 0 1.000000
15.851100 0.578680 0 -4.057620 -1.468640 184.800000 778.631000 -13 3200 1 0 1.000000
2.343160 1.442260 0 4.572500 3.100200 202.596000 778.853000 -13 3201 1 0 1.000000
-7.460610 4.653360 0 -20.062200 -5.744250 209.524000 778.792000 -13 3202 1 0 1.000000
-11.681100 -23.470600 0 4.731420 -2.481110 210.661000 778.905000 -13 3203 1 0 1.000000
16.102100 -4.273190 0 2.362820 -3.989570 217.459000 778.423000 -13 3204 1 0 1.000000
-4.587860 -15.334700 0 8.581470 -11.989200 202.441000 778.662000 -13 3205 1 0 1.000000
-6.979530 -5.566580 0 -13.794600 -2.011110 210.464000 778.675000 -13 3206 1 0 1.000000
-18.376300 -8.640360 0 0.928245 -13.548400 204.213000 778.695000 -13 3207 1 0 1.000000
6.676320 -4.190810 0 -7.313170 10.244600 198.792000 778.762000 -13 3208 1 0 1.000000
-10.906100 -12.411300 0 18.429300 10.633500 200.735000 778.735000 -13 3209 1 0 1.000000
-5.562100 -8.735340 0 -17.094400 14.516600 209.150000 778.745000 -13 3210 1 0 1.000000
8.443080 9.388000 0 -11.768300 -2.912870 206.671000 778.849000 -13 3211 1 0 1.000000
-15.986600 -9.302230 0 -2.245060 -4.060730 214.692000 778.524000 -13 3212 1 0 1.000000
16.705800 -3.809280 0 -0.194367 -5.380030 204.845000 778.591000 -13 3213 1 0 1.000000
-4.701910 0.091890 0 -5.673650 -1.055450 186.899000 778.564000 -13 3214 1 0 1.000000
8.506510 -10.266100 0 5.650490 -8.702710 207.472000 778.790000 -13 3215 1 0 1.000000
-1.441620 -2.351440 0 12.097500 6.527260 184.521000 778.717000 -13 3216 1 0 1.000000
-7.825900 -7.889920 0 -10.571700 -10.418100 225.705000 778.600000 -13 3217 1 0 1.000000
8.475150 -16.274700 0 -0.127977 -3.022180 202.996000 778.547000 -13 3218 1 0 1.000000
-22.762200 3.225230 0 -0.177768 12.244800 207.200000 778.707000 -13 3219 1 0 1.000000
-11.772600 1.907720 0 -5.373670 -3.285320 205.764000 779.097000 -13 3220 1 0 1.000000
-4.119830 -10.574500 0 5.372220 -11.624000 200.149000 778.699000 -13 3221 1 0 1.000000
-23.133200 -12.524100 0 -5.639870 3.471910 205.868000 778.752000 -13 3222 1 0 1.000000
-9.250720 8.424160 0 17.747800 -6.501740 206.473000 778.635000 -13 3223 1 0 1.000000
-3.242260 -22.120400 0 0.909861 6.505110 209.465000 778.665000 -13 3224 1 0 1.000000
24.021800 10.519300 0 7.544510 5.096270 218.141000 778.958000 -13 3225 1 0 1.000000
1.105020 -10.910600 0 -4.308150 7.079780 197.292000 778.566000 -13 3226 1 0 1.000000
-20.631300 -5.695560 0 2.965680 11.409800 218.033000 778.727000 -13 3227 1 0 1.000000
-5.439470 13.584000 0 11.932800 -9.591300 216.421000 778.879000 -13 3228 1 0 1.000000
-10.604900 4.694520 0 0.941311 -0.517280 216.405000 778.879000 -13 3229 1 0 1.000000
-9.456080 -16.958400 0 -10.932900 -1.588840 222.744000 778.728000 -13 3230 1 0 1.000000
-15.116300 -4.630970 0 -18.079300 10.973900 223.411000 778.792000 -13 3231 1 0 1.000000
-15.339500 10.836900 0 11.769500 -3.958210 220.908000 778.791000 -13 3232 1 0 1.000000
-14.632200 -1.955940 0 -7.391720 -4.156230 219.202000 778.655000 -13 3233 1 0 1.000000
-8.003260 -4.900570 0 2.898630 -4.132990 215.905000 778.794000 -13 3234 1 0 1.000000
-4.185520 -10.165700 0 4.666960 1.281620 209.900000 778.699000 -13 3235 1 0 1.000000
-34.059900 7.645490 0 12.999100 -2.175590 222.990000 778.895000 -13 3236 1 0 1.000000
-23.332600 -7.296890 0 -10.130100 -16.024200 223.698000 778.799000 -13 3237 1 0 1.000000
4.101580 -0.790392 0 1.740660 -14.577500 196.992000 778.632000 -13 3238 1 0 1.000000
6.399110 -16.211000 0 -1.529350 -2.742990 188.035000 778.909000 -13 3239 1 0 1.000000
-1.020250 -5.517530 0 1.350210 -12.592400 185.737000 778.613000 -13 3240 1 0 1.000000
-22.803000 -13.355300 0 22.495700 -5.582660 201.114000 778.896000 -13 3241 1 0 1.000000
-3.309750 -13.198400 0 -0.282794 12.240700 193.883000 778.528000 -13 3242 1 0 1.000000
-1.947140 4.104790 0 8.162310 -2.610060 210.070000 778.498000 -13 3243 1 0 1.000000
-8.698380 0.245674 0 21.280300 -17.196600 206.073000 778.773000 -13 3244 1 0 1.000000
-0.127566 -5.648760 0 13.287800 -3.615850 190.421000 778.557000 -13 3245 1 0 1.000000
19.281200 -7.600180 0 -9.377530 2.719040 209.405000 778.904000 -13 3246 1 0 1.000000
2.505350 -10.191600 0 -11.838500 4.722610 190.928000 778.713000 -13 3247 1 0 1.000000
-20.374200 -18.022100 0 6.598100 -12.762400 199.310000 778.851000 -13 3248 1 0 1.000000
7.682750 -3.215120 0 -7.834620 11.046800 218.759000 778.621000 -13 3249 1 0 1.000000
-13.828100 5.204150 0 -7.717800 -4.045000 210.057000 778.836000 -13 3250 1 0 1.000000
-10.067400 -3.803160 0 -6.614740 15.178700 215.895000 778.888000 -13 3251 1 0 1.000000
-6.046530 -7.999860 0 1.465120 0.981925 217.083000 778.650000 -13 3252 1 0 1.000000
-11.819400 -16.716600 0 -11.437100 18.807800 218.258000 778.876000 -13 3253 1 0 1.000000
-10.379800 -9.617960 0 1.816960 -2.721440 209.515000 778.616000 -13 3254 1 0 1.000000
-14.708200 -9.847970 0 -3.934000 0.956398 226.326000 778.713000 -13 3255 1 0 1.000000
-7.383120 -8.722110 0 -10.690200 7.395770 209.716000 778.514000 -13 3256 1 0 1.000000
5.200970 -9.795480 0 -11.133500 -15.250300 229.249000 778.706000 -13 3257 1 0 1.000000
9.696190 -10.216000 0 6.050120 0.657673 199.665000 778.836000 -13 3258 1 0 1.000000
-18.990200 -21.076500 0 -3.736160 -0.484596 211.458000 778.829000 -13 3259 1 0 1.000000
-2.137180 -5.645330 0 1.108970 1.526340 207.514000 778.867000 -13 3260 1 0 1.000000
-18.258200 -11.269800 0 -1.435660 -6.412560 213.696000 778.735000 -13 3261 1 0 1.000000
-10.998600 -15.044700 0 -0.857371 10.200100 207.482000 778.755000 -13 3262 1 0 1.000000
-36.473500 10.459000 0 -6.442800 -1.841710 213.074000 778.725000 -13 3263 1 0 1.000000
-0.063247 -22.763100 0 -15.263100 16.200600 210.029000 778.940000 -13 3264 1 0 1.000000
-7.573880 -21.730700 0 -3.373140 7.247180 201.173000 778.935000 -13 3265 1 0 1.000000
-14.657000 1.203350 0 11.936800 -28.729600 207.823000 778.891000 -13 3266 1 0 1.000000
-16.644600 -10.106700 0 -7.166890 18.098200 219.714000 778.359000 -13 3267 1 0 1.000000
-10.668800 -11.600600 0 -9.869850 -30.684000 202.443000 778.687000 -13 3268 1 0 1.000000
-1.594990 -14.742400 0 -12.102400 6.009280 216.956000 778.730000 -13 3269 1 0 1.000000
3.779280 -18.093500 0 -11.539300 -15.929400 192.176000 778.592000 -13 3270 1 0 1.000000
-21.972700 -8.612890 0 -5.422380 9.280780 193.242000 778.724000 -13 3271 1 0 1.000000
18.326300 -17.578100 0 -4.887100 -22.193200 207.441000 778.620000 -13 3272 1 0 1.000000
-5.408270 0.036651 0 -12.715200 1.322180 192.538000 778.685000 -13 3273 1 0 1.000000
1.277470 8.227950 0 6.068060 -8.573160 219.191000 779.071000 -13 3274 1 0 1.000000
-36.011400 -1.693510 0 -12.978200 2.908300 225.562000 778.607000 -13 3275 1 0 1.000000
-9.933690 -14.660700 0 18.697600 -7.577930 211.516000 778.819000 -13 3276 1 0 1.000000
-22.801800 -14.563400 0 -4.554950 9.070650 198.031000 778.903000 -13 3277 1 0 1.000000
5.733340 -24.396800 0 9.378640 8.442810 209.724000 778.754000 -13 3278 1 0 1.000000
-0.463186 -19.449900 0 17.387700 -1.145090 192.999000 778.842000 -13 3279 1 0 1.000000
-4.254150 -4.385000 0 -4.575920 -13.008500 220.006000 778.657000 -13 3280 1 0 1.000000
4.750300 -20.464300 0 12.196400 5.911100 184.558000 778.835000 -13 3281 1 0 1.000000
-2.577090 -2.775770 0 -8.284900 -1.102050 203.278000 778.770000 -13 3282 1 0 1.000000
-23.268700 -10.175300 0 3.590260 17.917700 216.118000 778.875000 -13 3283 1 0 1.000000
-2.872530 -13.495600 0 12.333600 -13.348900 206.971000 779.012000 -13 3284 1 0 1.000000
0.401180 -13.573500 0 0.926452 -2.870970 220.151000 778.834000 -13 3285 1 0 1.000000
-14.197400 -4.191220 0 -2.452550 -12.742300 214.074000 778.767000 -13 3286 1 0 1.000000
-30.586700 -13.399200 0 -18.768800 4.597680 212.845000 778.912000 -13 3287 1 0 1.000000
-24.244600 -7.236330 0 -0.882824 13.524800 221.082000 778.798000 -13 3288 1 0 1.000000
1.321010 -25.650900 0 -10.647200 23.271200 224.351000 778.779000 -13 3289 1 0 1.000000
15.786600 -18.348800 0 -5.763670 0.024270 205.162000 778.522000 -13 3290 1 0 1.000000
0.338953 -7.372990 0 8.005090 -13.515400 209.255000 778.824000 -13 3291 1 0 1.000000
-25.407900 14.142600 0 20.500900 -16.226000 224.087000 778.666000 -13 3292 1 0 1.000000
-31.843600 -20.268900 0 24.781600 1.684960 218.097000 778.860000 -13 3293 1 0 1.000000
-0.935187 8.697300 0 -9.777490 -7.274880 217.982000 778.693000 -13 3294 1 0 1.000000
-1.582020 -8.125550 0 3.486220 -5.171870 213.135000 778.677000 -13 3295 1 0 1.000000
1.470080 8.269060 0 -25.606100 12.455700 214.245000 778.579000 -13 3296 1 0 1.000000
12.462400 -7.824160 0 -9.091090 17.100500 198.387000 778.704000 -13 3297 1 0 1.000000
-6.709370 -19.891700 0 14.720700 -9.036040 199.724000 778.615000 -13 3298 1 0 1.000000
-1.590880 -12.233900 0 2.598230 -4.192520 209.102000 778.571000 -13 3299 1 0 1.000000
-5.968430 11.829900 0 21.369300 2.932460 198.367000 778.622000 -13 3300 1 0 1.000000
-16.478700 3.914470 0 7.703170 -16.596200 216.987000 778.686000 -13 3301 1 0 1.000000
-23.880600 -17.673900 0 -22.263800 -20.330100 200.970000 778.634000 -13 3302 1 0 1.000000
-5.795650 -5.326960 0 4.968340 5.510180 211.479000 778.770000 -13 3303 1 0 1.000000
-2.375700 -13.251600 0 -17.887700 13.428000 223.885000 778.501000 -13 3304 1 0 1.000000
-19.777500 1.636900 0 9.152510 9.140140 207.465000 778.832000 -13 3305 1 0 1.000000
-1.221420 2.190880 0 -5.946720 -1.053560 184.906000 778.705000 -13 3306 1 0 1.000000
-4.476010 0.664604 0 -4.907380 8.303540 181.515000 778.736000 -13 3307 1 0 1.000000
-8.440290 -11.143800 0 -12.935200 -0.412226 198.227000 778.840000 -13 3308 1 0 1.000000
8.758540 -15.237500 0 10.255300 -10.230000 187.893000 778.587000 -13 3309 1 0 1.000000
-9.808920 -3.961990 0 0.735331 -7.389880 200.912000 778.857000 -13 3310 1 0 1.000000
-4.882510 1.534460 0 -1.519760 -14.641600 196.869000 778.737000 -13 3311 1 0 1.000000
2.651210 -8.200310 0 1.391200 -4.559530 200.938000 778.810000 -13 3312 1 0 1.000000
-11.631000 -0.106181 0 4.648660 6.119620 189.023000 778.789000 -13 3313 1 0 1.000000
-20.730000 -12.090400 0 1.837560 8.503330 213.453000 778.798000 -13 3314 1 0 1.000000
7.403840 -11.567400 0 18.302900 1.910230 187.474000 778.795000 -13 3315 1 0 1.000000
-18.568900 -2.598840 0 -14.260200 24.846800 196.513000 778.599000 -13 3316 1 0 1.000000
-15.387400 0.113146 0 3.751680 12.484700 228.325000 778.790000 -13 3317 1 0 1.000000
-6.844310 -6.169020 0 12.145800 15.446800 221.182000 778.733000 -13 3318 1 0 1.000000
-14.436800 -9.186880 0 -4.756310 -14.739600 209.582000 778.484000 -13 3319 1 0 1.000000
-4.556570 -5.124650 0 -2.935410 -16.012300 206.290000 778.668000 -13 3320 1 0 1.000000
0.589275 -0.227146 0 -3.918440 -5.097940 212.141000 778.859000 -13 3321 1 0 1.000000
-19.226100 -12.180500 0 -9.030060 -16.211000 213.980000 778.631000 -13 3322 1 0 1.000000
-11.540800 -3.507380 0 3.626090 13.197000 213.264000 778.442000 -13 3323 1 0 1.000000
-28.641300 -0.723591 0 20.560100 -1.031610 222.440000 778.950000 -13 3324 1 0 1.000000
25.069600 17.535100 0 -15.962600 0.200156 217.024000 779.001000 -13 3325 1 0 1.000000
-11.320900 3.751740 0 8.630340 -1.682420 213.039000 778.563000 -13 3326 1 0 1.000000
-7.752260 -13.920200 0 11.615000 14.940500 231.637000 778.852000 -13 3327 1 0 1.000000
-2.079310 4.846720 0 10.993200 1.942630 199.528000 779.004000 -13 3328 1 0 1.000000
-8.029120 -3.483680 0 -20.015000 14.890300 200.281000 778.613000 -13 3329 1 0 1.000000
-0.034204 0.030862 0 -3.201530 -1.929920 193.440000 778.400000 -13 3330 1 0 1.000000
-14.926900 -20.591500 0 -21.895900 9.179150 209.583000 778.857000 -13 3331 1 0 1.000000
-7.479580 -2.176090 0 -2.978140 -3.214970 214.181000 778.595000 -13 3332 1 0 1.000000
0.317326 -10.711800 0 -2.534450 -13.479400 204.813000 778.782000 -13 3333 1 0 1.000000
-6.609380 -5.116100 0 5.157870 -27.307200 208.775000 778.643000 -13 3334 1 0 1.000000
-27.877300 1.300060 0 -15.179400 -6.453880 220.350000 778.746000 -13 3335 1 0 1.000000
-1.771470 5.269340 0 -11.536300 -2.302670 202.669000 778.855000 -13 3336 1 0 1.000000
-15.819700 -12.758300 0 7.393170 -2.874670 206.249000 778.773000 -13 3337 1 0 1.000000
-12.240500 -20.727900 0 12.088000 -0.421430 201.754000 778.618000 -13 3338 1 0 1.000000
-10.454200 -8.969640 0 7.395460 7.359060 205.638000 778.672000 -13 3339 1 0 1.000000
8.131110 2.334900 0 8.680860 -3.917620 209.757000 778.696000 -13 3340 1 0 1.000000
-6.865330 -11.613500 0 4.779400 7.517810 201.320000 778.679000 -13 3341 1 0 1.000000
-10.879400 -10.575900 0 -11.172700 5.867560 216.076000 778.698000 -13 3342 1 0 1.000000
-4.770340 -6.366060 0 -15.535100 -2.806560 211.173000 778.712000 -13 3343 1 0 1.000000
-11.702600 8.015450 0 0.261116 -8.435240 199.175000 778.608000 -13 3344 1 0 1.000000
5.385100 -30.438100 0 -27.438100 2.149190 224.368000 778.801000 -13 3345 1 0 1.000000
-11.461500 -6.865190 0 -6.911270 3.081700 199.161000 778.805000 -13 3346 1 0 1.000000
9.992850 -15.351300 0 13.719800 16.336800 200.706000 778.690000 -13 3347 1 0 1.000000
-0.725360 -7.875060 0 13.008100 8.843010 201.910000 778.824000 -13 3348 1 0 1.000000
-3.178260 6.090320 0 4.065440 9.559310 212.212000 778.865000 -13 3349 1 0 1.000000
-6.724630 -7.415380 0 -0.124289 10.612400 212.989000 778.798000 -13 3350 1 0 1.000000
-5.923980 -21.080900 0 -16.959600 -0.785961 209.986000 778.824000 -13 3351 1 0 1.000000
-4.004630 9.666220 0 -10.150600 -4.939920 191.156000 778.770000 -13 3352 1 0 1.000000
-10.997000 -16.182400 0 20.051200 1.505290 201.764000 778.893000 -13 3353 1 0 1.000000
-22.680800 14.731100 0 -1.569370 -4.274540 205.817000 778.803000 -13 3354 1 0 1.000000
24.239200 2.090190 0 -2.917140 17.155700 221.939000 778.561000 -13 3355 1 0 1.000000
-7.335840 3.502200 0 9.537430 9.185080 204.150000 778.836000 -13 3356 1 0 1.000000
-0.661868 -8.841460 0 10.973400 15.344500 205.604000 779.019000 -13 3357 1 0 1.000000
-0.748069 -5.195520 0 2.308810 -1.632220 189.471000 778.568000 -13 3358 1 0 1.000000
-3.702400 -18.978300 0 -13.816500 3.824230 198.318000 778.869000 -13 3359 1 0 1.000000
3.009240 -7.874030 0 8.011220 -3.437360 199.977000 778.838000 -13 3360 1 0 1.000000
-35.970400 -7.528190 0 -6.863580 -1.730210 218.191000 778.588000 -13 3361 1 0 1.000000
3.864330 -19.018900 0 -17.364400 -6.629400 205.567000 778.879000 -13 3362 1 0 1.000000
-18.391400 3.949070 0 -7.312860 -3.879110 200.922000 778.734000 -13 3363 1 0 1.000000
-16.412000 -1.307120 0 -13.723100 -16.217900 218.244000 778.615000 -13 3364 1 0 1.000000
-3.286780 -3.537800 0 -8.239870 -2.254370 214.067000 778.659000 -13 3365 1 0 1.000000
0.251779 12.450900 0 -6.073220 -5.153940 196.461000 778.771000 -13 3366 1 0 1.000000
-8.740340 -9.984980 0 16.356200 1.598400 200.727000 778.629000 -13 3367 1 0 1.000000
4.311440 -9.934480 0 -6.779840 -8.453390 190.417000 778.504000 -13 3368 1 0 1.000000
-9.897210 -22.265400 0 10.405700 32.741900 216.972000 778.619000 -13 3369 1 0 1.000000
-9.415210 17.568100 0 -19.717700 0.710890 201.363000 778.734000 -13 3370 1 0 1.000000
4.089160 -2.555410 0 -15.237400 -1.027620 221.740000 778.678000 -13 3371 1 0 1.000000
-1.644860 -12.949100 0 -13.884200 22.586700 222.945000 778.759000 -13 3372 1 0 1.000000
-7.151710 -13.854900 0 0.606441 -12.853800 214.200000 778.596000 -13 3373 1 0 1.000000
-11.097700 -19.933800 0 1.788280 -4.984050 185.205000 778.794000 -13 3374 1 0 1.000000
1.117360 -14.664600 0 -1.610900 -7.798390 195.511000 778.797000 -13 3375 1 0 1.000000
-19.736500 -2.157650 0 18.491600 9.924040 204.370000 778.832000 -13 3376 1 0 1.000000
-18.564200 3.330120 0 -2.494740 0.525856 222.612000 778.630000 -13 3377 1 0 1.000000
-3.903530 -10.767400 0 0.874966 1.787720 213.468000 778.782000 -13 3378 1 0 1.000000
11.323400 -3.587740 0 -23.552500 7.789720 194.930000 778.919000 -13 3379 1 0 1.000000
-13.085700 -8.425540 0 10.467700 -17.531500 215.588000 778.733000 -13 3380 1 0 1.000000
1.581310 -16.257700 0 -7.855370 -20.321100 186.287000 778.714000 -13 3381 1 0 1.000000
-3.445020 1.895730 0 -6.174110 10.401000 197.774000 778.927000 -13 3382 1 0 1.000000
-14.414900 -6.854620 0 1.157670 6.653480 201.993000 778.671000 -13 3383 1 0 1.000000
-11.411300 -2.358450 0 -18.078600 24.007300 223.853000 778.888000 -13 3384 1 0 1.000000
-8.703930 -23.379300 0 -4.237760 10.088000 203.409000 778.801000 -13 3385 1 0 1.000000
-5.579280 -0.293307 0 -0.404879 -5.335880 216.584000 778.861000 -13 3386 1 0 1.000000
-16.937800 4.352630 0 14.859300 -24.074000 218.415000 778.730000 -13 3387 1 0 1.000000
3.699870 -16.303200 0 -12.847700 -3.673680 190.663000 778.635000 -13 3388 1 0 1.000000
19.435400 -19.210200 0 -14.691900 7.279230 192.861000 778.836000 -13 3389 1 0 1.000000
-13.055000 -14.162900 0 2.961190 5.280920 209.978000 778.473000 -13 3390 1 0 1.000000
-4.938360 -3.643690 0 7.802060 -12.825100 231.890000 778.533000 -13 3391 1 0 1.000000
-7.263530 -14.700600 0 17.140500 1.184640 206.937000 778.823000 -13 3392 1 0 1.000000
4.999530 -1.259320 0 -10.462300 1.246330 176.750000 778.533000 -13 3393 1 0 1.000000
7.861940 -9.103270 0 -2.041320 4.125810 204.598000 778.893000 -13 3394 1 0 1.000000
-13.010600 -8.783370 0 3.242510 9.519610 197.561000 778.720000 -13 3395 1 0 1.000000
7.076330 3.628200 0 -1.962520 -5.405770 198.647000 778.879000 -13 3396 1 0 1.000000
10.111800 -4.111090 0 -7.752930 -11.728500 210.787000 778.877000 -13 3397 1 0 1.000000
-2.895160 -1.687550 0 -7.685200 -0.518782 209.470000 778.681000 -13 3398 1 0 1.000000
-15.175600 -11.037800 0 -5.739900 -9.052850 210.565000 778.694000 -13 3399 1 0 1.000000
-6.257540 -15.010500 0 -13.920600 -3.029190 216.798000 778.719000 -13 3400 1 0 1.000000
7.843880 -3.630750 0 -21.851000 25.116100 210.210000 778.758000 -13 3401 1 0 1.000000
-5.215750 5.578630 0 9.965310 4.679530 207.757000 778.695000 -13 3402 1 0 1.000000
-2.966360 3.622750 0 28.754200 -11.892400 198.752000 778.808000 -13 3403 1 0 1.000000
5.066940 -9.907080 0 -3.529880 -22.495600 200.016000 778.730000 -13 3404 1 0 1.000000
-4.854830 5.032390 0 -5.264820 -6.447870 194.647000 778.708000 -13 3405 1 0 1.000000
-20.061600 -10.616100 0 13.375100 19.634500 211.241000 778.710000 -13 3406 1 0 1.000000
-7.370580 2.730290 0 -3.962720 -16.346100 207.978000 778.666000 -13 3407 1 0 1.000000
7.291320 -4.182940 0 2.677730 8.457730 193.306000 778.754000 -13 3408 1 0 1.000000
2.019650 -11.632600 0 -6.647060 4.071550 203.699000 778.799000 -13 3409 1 0 1.000000
-2.915700 -7.848440 0 17.060300 -12.259800 205.319000 778.938000 -13 3410 1 0 1.000000
-15.881700 -2.335350 0 -35.533800 -8.760150 226.613000 778.653000 -13 3411 1 0 1.000000
-7.530740 -28.268600 0 -3.540030 2.942300 224.984000 778.948000 -13 3412 1 0 1.000000
3.727030 -24.595700 0 -7.062980 15.142700 210.721000 778.711000 -13 3413 1 0 1.000000
-4.503990 -7.719790 0 0.455371 -0.886671 210.178000 778.718000 -13 3414 1 0 1.000000
-21.673700 -9.519450 0 -8.221980 -6.120080 211.813000 778.709000 -13 3415 1 0 1.000000
-0.363381 -18.234900 0 -9.677520 -5.416560 201.563000 778.638000 -13 3416 1 0 1.000000
-13.521200 -13.520300 0 1.809100 -3.987960 223.121000 778.577000 -13 3417 1 0 1.000000
0.709690 -5.819010 0 -23.547700 -28.358100 213.973000 778.903000 -13 3418 1 0 1.000000
5.460380 -9.803880 0 0.913334 -1.470710 217.926000 778.697000 -13 3419 1 0 1.000000
-10.850100 -13.318000 0 -6.114420 -2.434840 212.476000 778.578000 -13 3420 1 0 1.000000
-2.875420 -16.034100 0 -3.029400 -8.885780 211.319000 778.631000 -13 3421 1 0 1.000000
7.225200 -19.850400 0 6.259170 10.694900 213.371000 778.889000 -13 3422 1 0 1.000000
-15.914600 7.734660 0 3.764380 9.567450 212.672000 779.027000 -13 3423 1 0 1.000000
-26.772100 5.084470 0 0.683615 -0.274868 214.535000 778.702000 -13 3424 1 0 1.000000
-2.393320 -3.235820 0 24.571100 -13.459800 215.492000 778.718000 -13 3425 1 0 1.000000
5.969690 0.323044 0 -10.759900 2.026500 215.499000 778.880000 -13 3426 1 0 1.000000
-14.341300 -9.944030 0 20.875500 -6.033100 221.555000 778.802000 -13 3427 1 0 1.000000
-11.955500 -11.352400 0 -7.868910 3.088750 214.971000 778.876000 -13 3428 1 0 1.000000
-6.357030 -15.574000 0 -13.512100 -5.572030 193.101000 778.645000 -13 3429 1 0 1.000000
-0.835565 -3.785020 0 -6.147560 -4.145130 197.901000 778.724000 -13 3430 1 0 1.000000
-12.494400 -5.470770 0 -3.702850 17.813000 222.136000 778.609000 -13 3431 1 0 1.000000
-9.845330 -0.876474 0 0.016200 10.000100 229.848000 778.562000 -13 3432 1 0 1.000000
1.458450 -12.979600 0 -26.410100 7.762420 197.755000 778.713000 -13 3433 1 0 1.000000
11.081300 -3.701930 0 4.878160 -9.052130 187.139000 778.742000 -13 3434 1 0 1.000000
-15.810000 -15.331600 0 25.916600 3.769110 202.211000 778.767000 -13 3435 1 0 1.000000
-18.532300 6.325180 0 8.321550 -13.234300 197.610000 778.536000 -13 3436 1 0 1.000000
-11.713200 -15.574900 0 11.297800 -13.985900 229.725000 778.753000 -13 3437 1 0 1.000000
-13.368800 -5.290160 0 -5.923870 3.326740 206.479000 778.667000 -13 3438 1 0 1.000000
14.626700 -5.030840 0 3.011680 0.974145 206.232000 778.562000 -13 3439 1 0 1.000000
-12.648700 1.874270 0 -5.338140 9.605470 230.013000 778.643000 -13 3440 1 0 1.000000
1.098930 -8.465380 0 -14.924200 5.282130 230.194000 778.792000 -13 3441 1 0 1.000000
-5.742510 3.190960 0 -25.731100 8.121900 195.530000 778.882000 -13 3442 1 0 1.000000
-1.908290 -12.398800 0 -4.196860 6.721000 218.908000 778.593000 -13 3443 1 0 1.000000
-10.670900 1.056490 0 10.305200 -10.019400 209.404000 778.693000 -13 3444 1 0 1.000000
-14.908700 -30.161800 0 32.437800 48.868000 227.842000 778.841000 -13 3445 1 0 1.000000
-35.348800 8.250480 0 13.492400 -1.399480 204.467000 779.136000 -13 3446 1 0 1.000000
-27.550900 -0.724850 0 5.326160 0.718080 224.743000 778.736000 -13 3447 1 0 1.000000
-7.870570 -22.904600 0 10.759500 -9.110240 204.893000 778.841000 -13 3448 1 0 1.000000
-19.933400 -0.453150 0 -8.462520 -4.556810 206.724000 778.554000 -13 3449 1 0 1.000000
-34.205000 11.125800 0 11.746300 5.109470 205.045000 778.905000 -13 3450 1 0 1.000000
-6.392690 -16.499300 0 -0.395371 18.431400 208.708000 778.978000 -13 3451 1 0 1.000000
-3.552160 -19.653500 0 0.327674 0.270667 211.450000 778.365000 -13 3452 1 0 1.000000
1.593600 -22.930200 0 -3.049410 -12.504600 220.720000 779.025000 -13 3453 1 0 1.000000
-10.660700 0.703505 0 4.904690 -17.882400 210.450000 778.865000 -13 3454 1 0 1.000000
-9.945470 -11.772500 0 -9.196940 -1.356290 217.494000 778.563000 -13 3455 1 0 1.000000
-11.180300 -10.851400 0 17.822000 11.723700 210.391000 778.712000 -13 3456 1 0 1.000000
-5.622470 0.984596 0 -0.719585 -14.261500 209.745000 778.494000 -13 3457 1 0 1.000000
-1.009540 -27.693600 0 -2.985580 3.808920 219.785000 778.690000 -13 3458 1 0 1.000000
-9.131190 5.379230 0 -5.078090 0.280162 196.706000 778.723000 -13 3459 1 0 1.000000
-4.845850 19.219100 0 2.309740 -23.472600 201.453000 778.862000 -13 3460 1 0 1.000000
-17.841000 5.669640 0 -0.237055 13.005700 223.639000 778.653000 -13 3461 1 0 1.000000
-21.142600 -3.417340 0 4.859380 -0.441586 201.027000 778.823000 -13 3462 1 0 1.000000
-0.411177 7.321830 0 -11.617000 9.221390 199.797000 778.746000 -13 3463 1 0 1.000000
-1.978640 -5.721570 0 -1.282270 11.525900 189.894000 778.550000 -13 3464 1 0 1.000000
2.611020 9.032740 0 -8.703640 -18.685000 199.371000 778.860000 -13 3465 1 0 1.000000
-31.291000 12.681200 0 -12.656700 10.436000 221.147000 778.563000 -13 3466 1 0 1.000000
-15.925300 -7.715930 0 -14.135400 8.603180 195.143000 778.657000 -13 3467 1 0 1.000000
13.793300 -16.939200 0 -7.399160 -5.290180 213.797000 778.640000 -13 3468 1 0 1.000000
-9.504950 -17.550300 0 -13.970800 -12.043500 219.481000 778.671000 -13 3469 1 0 1.000000
-7.450750 5.266340 0 5.130080 -8.672490 201.590000 778.855000 -13 3470 1 0 1.000000
3.402950 0.708930 0 3.162960 3.562370 227.530000 778.796000 -13 3471 1 0 1.000000
-0.052844 -43.843000 0 -2.167030 -9.675770 223.513000 778.730000 -13 3472 1 0 1.000000
-9.907970 -12.717300 0 -7.778050 24.019500 214.076000 778.822000 -13 3473 1 0 1.000000
-4.901650 -1.106060 0 7.053660 -0.375591 220.189000 778.812000 -13 3474 1 0 1.000000
-14.364600 -9.061900 0 -8.951370 8.216770 207.221000 778.815000 -13 3475 1 0 1.000000
-12.784300 -13.732300 0 -3.879560 7.583150 204.804000 778.658000 -13 3476 1 0 1.000000
-1.995940 -18.395600 0 2.434600 -21.306600 193.546000 778.686000 -13 3477 1 0 1.000000
-5.417740 7.399050 0 -0.389920 1.968710 211.449000 778.537000 -13 3478 1 0 1.000000
-7.631200 -5.310040 0 -8.918580 0.348308 219.099000 778.505000 -13 3479 1 0 1.000000
14.057700 -10.623300 0 29.488100 -31.410200 203.871000 778.751000 -13 3480 1 0 1.000000
2.699010 7.586350 0 -5.347460 -12.385200 191.350000 778.802000 -13 3481 1 0 1.000000
2.315710 -13.167000 0 24.294600 -18.044400 199.743000 778.726000 -13 3482 1 0 1.000000
-5.979970 -1.195000 0 0.092639 -22.050700 198.744000 778.685000 -13 3483 1 0 1.000000
12.191500 -9.595110 0 8.552530 1.742180 195.693000 778.614000 -13 3484 1 0 1.000000
-5.731670 -4.410540 0 -0.064991 9.405620 215.937000 778.385000 -13 3485 1 0 1.000000
-13.157700 -16.369500 0 2.015080 5.323570 231.942000 778.536000 -13 3486 1 0 1.000000
-6.780060 11.775600 0 9.326660 15.051800 200.710000 778.538000 -13 3487 1 0 1.000000
-9.460120 -13.580700 0 -5.846050 13.364700 239.196000 778.664000 -13 3488 1 0 1.000000
0.620847 -15.000800 0 12.437800 17.751400 193.775000 778.834000 -13 3489 1 0 1.000000
-4.142260 9.879890 0 -11.581300 -2.676920 202.570000 778.736000 -13 3490 1 0 1.000000
-25.545800 -15.000800 0 1.784500 -21.146900 203.246000 778.926000 -13 3491 1 0 1.000000
-14.609100 -4.571270 0 4.320250 -0.322008 220.655000 778.766000 -13 3492 1 0 1.000000
5.982730 1.893840 0 -10.272500 -21.591900 221.608000 778.758000 -13 3493 1 0 1.000000
1.634950 -19.073000 0 -14.954300 12.503800 220.530000 778.811000 -13 3494 1 0 1.000000
14.415700 9.835560 0 -19.492300 -20.769700 203.967000 778.965000 -13 3495 1 0 1.000000
-7.346090 -16.670200 0 10.924400 -18.902900 213.384000 778.781000 -13 3496 1 0 1.000000
-10.288800 0.405741 0 -17.827400 12.222900 207.819000 778.814000 -13 3497 1 0 1.000000
-24.409700 11.241100 0 -0.941847 2.161380 227.695000 778.934000 -13 3498 1 0 1.000000
-8.699310 -2.400380 0 3.397580 -3.215070 210.606000 778.552000 -13 3499 1 0 1.000000
-9.528020 -14.711400 0 -7.333340 -2.057930 220.695000 778.578000 -13 3500 1 0 1.000000
-16.608000 -8.164330 0 -4.053780 9.480300 210.053000 778.568000 -13 3501 1 0 1.000000
-13.450800 -20.220400 0 -0.674650 10.179100 222.270000 778.543000 -13 3502 1 0 1.000000
10.823800 21.224700 0 -15.494100 -30.059700 199.171000 778.815000 -13 3503 1 0 1.000000
-8.632840 -6.188100 0 5.999420 23.676000 236.113000 778.825000 -13 3504 1 0 1.000000
-29.019100 -3.141130 0 -1.566520 14.683300 233.975000 778.633000 -13 3505 1 0 1.000000
-0.713021 -13.386000 0 -1.133240 -7.283150 182.995000 778.796000 -13 3506 1 0 1.000000
-17.838200 -7.239920 0 5.854880 2.415660 208.693000 778.519000 -13 3507 1 0 1.000000
-11.856200 -20.739600 0 -2.615280 -15.377600 231.399000 778.732000 -13 3508 1 0 1.000000
-7.662210 -20.373400 0 -29.394100 -5.598020 234.343000 778.912000 -13 3509 1 0 1.000000
-26.879900 -9.247370 0 -6.828950 -6.735550 216.078000 778.531000 -13 3510 1 0 1.000000
3.368690 -3.108660 0 10.023700 -9.094870 213.245000 778.934000 -13 3511 1 0 1.000000
-13.459100 -7.309550 0 -24.904000 -0.225070 205.571000 778.567000 -13 3512 1 0 1.000000
-9.346950 -16.380000 0 -8.227430 -12.231800 213.720000 778.866000 -13 3513 1 0 1.000000
-7.361340 -5.976130 0 6.279980 -8.974870 207.342000 778.846000 -13 3514 1 0 1.000000
-13.993400 -19.215100 0 -13.289200 16.305900 215.608000 778.743000 -13 3515 1 0 1.000000
5.568930 -19.962700 0 1.852290 -22.905200 225.743000 778.667000 -13 3516 1 0 1.000000
-0.275695 -28.698300 0 1.020120 -6.322710 221.038000 778.815000 -13 3517 1 0 1.000000
-4.347390 10.070800 0 -4.508540 -1.122830 214.512000 778.839000 -13 3518 1 0 1.000000
-5.141150 -27.901100 0 -23.922400 -6.055640 192.047000 778.738000 -13 3519 1 0 1.000000
-14.379200 -1.712630 0 -1.837730 -3.594600 202.154000 778.700000 -13 3520 1 0 1.000000
-10.463200 -18.567200 0 1.171280 12.913500 221.472000 778.856000 -13 3521 1 0 1.000000
-0.974826 -10.269900 0 10.311800 12.318400 207.976000 778.700000 -13 3522 1 0 1.000000
-17.642400 -19.781800 0 -18.029400 -2.981440 199.841000 778.583000 -13 3523 1 0 1.000000
-12.626200 -9.741220 0 2.490050 14.260300 206.280000 778.795000 -13 3524 1 0 1.000000
-8.817280 -10.857400 0 9.008720 -11.580100 215.675000 778.683000 -13 3525 1 0 1.000000
-10.929600 -10.175800 0 -4.114240 6.541550 197.473000 778.579000 -13 3526 1 0 1.000000
-14.979000 -11.344100 0 -5.333050 7.611780 215.798000 778.544000 -13 3527 1 0 1.000000
-10.585200 -23.646200 0 -3.542920 0.587646 217.132000 778.526000 -13 3528 1 0 1.000000
0.646741 0.586524 0 -6.252770 -17.796600 234.052000 778.821000 -13 3529 1 0 1.000000
-6.633580 -13.061300 0 -16.445700 2.102090 201.165000 778.680000 -13 3530 1 0 1.000000
-13.264100 0.701515 0 -4.754680 -4.811020 220.796000 779.044000 -13 3531 1 0 1.000000
1.221400 -2.876160 0 -2.785710 -2.965610 212.255000 778.810000 -13 3532 1 0 1.000000
-21.529400 -6.104990 0 -8.849830 12.146200 209.975000 778.608000 -13 3533 1 0 1.000000
8.018450 -21.193700 0 -10.746100 12.099100 203.771000 778.569000 -13 3534 1 0 1.000000
-1.328580 -1.709120 0 6.034640 1.416080 195.084000 778.650000 -13 3535 1 0 1.000000
-15.216500 -13.924700 0 -4.256380 15.380900 208.249000 778.458000 -13 3536 1 0 1.000000
-20.323300 -9.080410 0 -1.392980 10.701100 221.384000 778.543000 -13 3537 1 0 1.000000
-19.470800 11.482300 0 4.317810 -12.393300 217.058000 778.988000 -13 3538 1 0 1.000000
-8.563090 17.237700 0 -2.403890 -3.503360 206.886000 778.607000 -13 3539 1 0 1.000000
-3.715990 -3.909070 0 3.113930 -21.160100 195.707000 778.908000 -13 3540 1 0 1.000000
-5.710370 -7.008880 0 2.625560 -1.753600 198.636000 778.744000 -13 3541 1 0 1.000000
-17.739500 -29.395700 0 -21.452000 19.838900 244.273000 778.712000 -13 3542 1 0 1.000000
-2.014600 -8.872490 0 -3.620340 -14.247200 195.501000 778.670000 -13 3543 1 0 1.000000
-24.316600 -8.404430 0 29.176600 1.807370 213.108000 778.819000 -13 3544 1 0 1.000000
1.513850 5.837010 0 18.686500 -4.232030 194.627000 778.735000 -13 3545 1 0 1.000000
2.937180 -18.596800 0 -5.162410 -4.268580 207.946000 778.494000 -13 3546 1 0 1.000000
-14.824600 -17.536400 0 -3.399380 -19.963700 201.700000 778.589000 -13 3547 1 0 1.000000
1.100340 9.034730 0 -3.173800 -4.524040 204.459000 778.765000 -13 3548 1 0 1.000000
-20.880600 -3.474200 0 3.410650 16.532100 235.289000 778.869000 -13 3549 1 0 1.000000
-0.782852 -17.841500 0 3.730690 14.440800 212.501000 778.726000 -13 3550 1 0 1.000000
-3.257540 -7.449390 0 -7.466160 -4.736890 194.788000 778.600000 -13 3551 1 0 1.000000
11.024200 -23.477000 0 -5.264810 5.792450 218.066000 778.523000 -13 3552 1 0 1.000000
-20.527400 -7.720930 0 0.110668 3.262400 187.511000 778.569000 -13 3553 1 0 1.000000
-8.459020 -22.376600 0 9.588150 4.103830 211.651000 778.916000 -13 3554 1 0 1.000000
-5.323260 -18.514100 0 -9.028530 -5.634420 214.151000 778.563000 -13 3555 1 0 1.000000
2.827610 -11.055500 0 8.597210 7.730830 215.714000 778.785000 -13 3556 1 0 1.000000
14.271600 -2.604360 0 -3.565160 -5.799450 214.672000 778.661000 -13 3557 1 0 1.000000
-9.169170 10.224500 0 -11.151100 3.829050 214.479000 778.747000 -13 3558 1 0 1.000000
-3.965380 -8.160140 0 -0.961988 -3.432360 180.145000 778.592000 -13 3559 1 0 1.000000
3.316780 0.567775 0 -2.662030 5.993640 202.474000 778.898000 -13 3560 1 0 1.000000
-11.139600 6.850880 0 8.912800 -26.448500 212.819000 778.776000 -13 3561 1 0 1.000000
-23.987700 5.196350 0 -1.615660 -19.922800 228.894000 778.955000 -13 3562 1 0 1.000000
-4.535290 -18.306200 0 2.522580 10.658000 231.749000 778.487000 -13 3563 1 0 1.000000
-24.979700 -12.117600 0 -5.860960 2.448650 211.371000 778.986000 -13 3564 1 0 1.000000
7.884060 -16.195400 0 -5.278050 -6.851340 211.168000 778.840000 -13 3565 1 0 1.000000
-10.206600 -10.670100 0 -14.183600 2.137700 215.815000 778.857000 -13 3566 1 0 1.000000
0.352506 12.983500 0 -0.071584 0.435700 208.352000 778.879000 -13 3567 1 0 1.000000
-11.269700 0.007242 0 0.282924 10.553300 213.495000 778.632000 -13 3568 1 0 1.000000
-26.793500 -5.575580 0 18.068600 3.434390 224.314000 778.867000 -13 3569 1 0 1.000000
-10.770400 -15.148600 0 3.901480 -3.342600 214.603000 778.681000 -13 3570 1 0 1.000000
-13.726200 -10.155600 0 -4.621390 3.115370 218.455000 778.833000 -13 3571 1 0 1.000000
-7.443770 -2.275230 0 -0.951760 -4.636710 203.774000 778.673000 -13 3572 1 0 1.000000
14.144400 -9.536360 0 -5.888690 10.006900 193.848000 778.739000 -13 3573 1 0 1.000000
-26.247600 -10.772300 0 -5.904440 17.852400 208.916000 778.846000 -13 3574 1 0 1.000000
8.624910 -13.676000 0 2.249620 18.074300 204.718000 778.533000 -13 3575 1 0 1.000000
-12.236000 11.005600 0 -6.195770 -7.224820 199.063000 778.857000 -13 3576 1 0 1.000000
5.301100 -7.185320 0 9.480460 12.270400 202.984000 778.600000 -13 3577 1 0 1.000000
-8.185930 1.760350 0 5.710390 -14.101300 206.088000 778.755000 -13 3578 1 0 1.000000
-14.393000 -9.236940 0 8.790180 2.039050 210.247000 778.680000 -13 3579 1 0 1.000000
-1.366840 5.719700 0 5.431580 -11.894100 195.870000 778.941000 -13 3580 1 0 1.000000
-0.883036 -8.973440 0 -6.926110 6.492830 217.944000 778.731000 -13 3581 1 0 1.000000
-10.662000 -6.911650 0 8.886010 12.869500 184.929000 778.537000 -13 3582 1 0 1.000000
-14.416400 -9.005380 0 3.396070 -7.456170 211.069000 778.594000 -13 3583 1 0 1.000000
1.438270 -7.543630 0 0.604782 -4.731760 233.416000 778.662000 -13 3584 1 0 1.000000
-44.616000 -4.680210 0 -2.948120 4.906310 231.656000 778.781000 -13 3585 1 0 1.000000
-13.285600 -8.966860 0 5.041080 -27.376200 196.512000 779.028000 -13 3586 1 0 1.000000
-14.144900 -18.290000 0 -3.051300 -10.936800 210.009000 778.458000 -13 3587 1 0 1.000000
-7.065220 -3.849080 0 -1.025090 -16.459000 195.246000 778.984000 -13 3588 1 0 1.000000
-16.730000 14.820000 0 -10.939400 -8.605510 208.230000 778.883000 -13 3589 1 0 1.000000
-2.590760 0.472343 0 -16.876200 -6.036620 202.960000 778.646000 -13 3590 1 0 1.000000
9.531510 13.035100 0 -9.344510 5.263270 197.204000 778.572000 -13 3591 1 0 1.000000
8.783180 -8.450460 0 4.768630 15.729400 206.246000 778.554000 -13 3592 1 0 1.000000
-15.155300 -0.401111 0 29.073100 -15.097900 230.583000 778.674000 -13 3593 1 0 1.000000
3.517340 -36.099300 0 -7.301250 -8.064610 209.936000 778.485000 -13 3594 1 0 1.000000
-20.536300 -3.409250 0 -4.014570 5.025920 196.136000 778.932000 -13 3595 1 0 1.000000
-5.670430 -10.831300 0 -9.814460 -11.584200 214.978000 778.428000 -13 3596 1 0 1.000000
-6.888040 -11.919600 0 7.654840 -11.946100 219.874000 778.512000 -13 3597 1 0 1.000000
2.620580 -19.130000 0 -11.013500 -7.405690 207.815000 778.771000 -13 3598 1 0 1.000000
8.592200 -29.046900 0 -11.815300 7.213140 203.272000 778.722000 -13 3599 1 0 1.000000
9.043290 -7.197020 0 -21.093300 -0.084792 206.459000 778.788000 -13 3600 1 0 1.000000
-2.960680 -4.855080 0 3.616200 -0.496178 193.790000 778.492000 -13 3601 1 0 1.000000
-1.042700 -6.858380 0 4.560500 7.132940 193.768000 778.903000 -13 3602 1 0 1.000000
5.504910 -17.690800 0 2.452200 25.938900 196.206000 778.602000 -13 3603 1 0 1.000000
-16.092200 2.477540 0 -1.706090 12.645700 213.538000 778.873000 -13 3604 1 0 1.000000
-3.901390 -4.425990 0 -10.604900 4.463280 213.846000 778.890000 -13 3605 1 0 1.000000
-22.381600 3.932120 0 -3.891080 5.025000 215.143000 778.756000 -13 3606 1 0 1.000000
5.050130 7.225880 0 6.106660 -11.292700 194.900000 778.849000 -13 3607 1 0 1.000000
1.880060 -7.956730 0 -12.726500 24.354200 206.582000 778.708000 -13 3608 1 0 1.000000
-2.469940 -17.409500 0 14.701100 13.547500 210.772000 778.817000 -13 3609 1 0 1.000000
-0.446066 -8.115790 0 -9.500600 -5.239040 212.971000 778.813000 -13 3610 1 0 1.000000
-3.923580 19.752900 0 -6.551930 -4.659480 197.723000 778.712000 -13 3611 1 0 1.000000
-28.955400 -3.649860 0 1.033880 14.502100 226.923000 778.880000 -13 3612 1 0 1.000000
6.795630 -12.875600 0 3.698440 -7.655730 214.245000 778.804000 -13 3613 1 0 1.000000
-5.059860 -14.602200 0 -5.592700 11.836600 212.134000 778.811000 -13 3614 1 0 1.000000
-7.602870 -8.093180 0 -1.081300 -4.819030 208.693000 778.610000 -13 3615 1 0 1.000000
-15.579900 -9.430430 0 -3.839960 0.955088 208.969000 778.669000 -13 3616 1 0 1.000000
0.978353 -9.892410 0 -8.078590 17.210000 212.317000 778.572000 -13 3617 1 0 1.000000
-3.209710 -10.677900 0 -8.533250 13.938300 207.366000 778.675000 -13 3618 1 0 1.000000
1.972730 1.956840 0 -4.781960 2.810820 212.932000 778.713000 -13 3619 1 0 1.000000
-1.458570 -4.831010 0 6.024130 17.298900 200.076000 778.616000 -13 3620 1 0 1.000000
-21.538900 5.932850 0 3.146530 14.564000 228.231000 778.642000 -13 3621 1 0 1.000000
-17.423500 -2.683800 0 0.852178 -15.423700 225.026000 778.472000 -13 3622 1 0 1.000000
-13.502900 -5.836900 0 -12.239600 4.014950 211.133000 778.616000 -13 3623 1 0 1.000000
-11.300800 -9.194360 0 33.266300 8.309100 221.026000 778.727000 -13 3624 1 0 1.000000
-19.757300 -14.347900 0 18.592900 1.391950 215.890000 778.857000 -13 3625 1 0 1.000000
-0.572061 3.334100 0 -12.002600 2.783330 205.664000 778.630000 -13 3626 1 0 1.000000
3.359450 -15.105600 0 0.072736 4.749980 213.798000 778.572000 -13 3627 1 0 1.000000
-10.209500 -0.006244 0 0.057691 0.199558 206.233000 778.834000 -13 3628 1 0 1.000000
0.142332 -3.051660 0 -4.830190 10.442500 186.261000 778.676000 -13 3629 1 0 1.000000
-28.178100 -16.829900 0 0.922434 -4.174170 222.326000 778.720000 -13 3630 1 0 1.000000
-18.965500 3.361170 0 6.192940 -8.974080 209.892000 778.961000 -13 3631 1 0 1.000000
3.586620 -9.921220 0 3.226340 6.348270 200.053000 778.539000 -13 3632 1 0 1.000000
14.617300 -8.330830 0 1.677030 10.629700 200.176000 778.497000 -13 3633 1 0 1.000000
-2.105970 8.097610 0 -8.047310 -7.179050 219.728000 778.663000 -13 3634 1 0 1.000000
-33.880300 14.780300 0 19.626100 -21.186400 217.319000 778.779000 -13 3635 1 0 1.000000
-30.280300 -9.832390 0 -11.340400 16.313500 208.433000 778.685000 -13 3636 1 0 1.000000
-5.793320 -0.778627 0 6.928230 -17.348500 219.604000 778.928000 -13 3637 1 0 1.000000
-2.032980 1.181320 0 3.367150 13.759600 199.773000 778.471000 -13 3638 1 0 1.000000
-6.224930 -11.598600 0 0.375117 -6.198180 188.895000 778.844000 -13 3639 1 0 1.000000
3.498950 -4.671220 0 10.360700 -9.171650 198.315000 778.466000 -13 3640 1 0 1.000000
11.710300 -36.803900 0 -10.145300 3.606180 211.021000 778.761000 -13 3641 1 0 1.000000
-11.224700 -6.422830 0 9.149780 3.231880 214.420000 778.380000 -13 3642 1 0 1.000000
-13.389200 -20.788800 0 -1.813700 0.907098 206.454000 778.539000 -13 3643 1 0 1.000000
10.226800 -9.232180 0 -7.123310 2.576930 207.905000 778.857000 -13 3644 1 0 1.000000
-13.488300 2.483240 0 3.685070 0.987995 198.721000 778.748000 -13 3645 1 0 1.000000
8.993520 -16.125600 0 15.681700 -3.153570 200.337000 779.068000 -13 3646 1 0 1.000000
0.059231 -9.035330 0 -1.115890 -21.379300 204.673000 778.819000 -13 3647 1 0 1.000000
15.156300 -14.448800 0 1.145650 -2.319820 196.427000 778.856000 -13 3648 1 0 1.000000
-14.884200 7.448310 0 -13.442600 15.005000 200.274000 778.852000 -13 3649 1 0 1.000000
-9.658000 -9.629040 0 -0.218321 -16.189200 216.116000 778.939000 -13 3650 1 0 1.000000
1.579100 4.119590 0 17.997700 -5.417940 195.101000 778.774000 -13 3651 1 0 1.000000
-0.571423 -14.480100 0 -8.005490 -3.380100 211.892000 778.718000 -13 3652 1 0 1.000000
1.409200 -4.514930 0 9.539550 8.604380 203.333000 778.710000 -13 3653 1 0 1.000000
-0.068524 -23.361800 0 -3.606000 -11.744800 203.776000 778.899000 -13 3654 1 0 1.000000
-2.522750 -16.956900 0 -0.097359 -0.660402 198.397000 778.774000 -13 3655 1 0 1.000000
-9.287720 -17.346500 0 1.592140 28.472100 204.907000 778.708000 -13 3656 1 0 1.000000
-8.894770 2.294780 0 12.733100 10.977600 202.273000 778.712000 -13 3657 1 0 1.000000
-1.118900 0.856240 0 -13.508300 2.728220 200.415000 778.700000 -13 3658 1 0 1.000000
-16.575300 -15.279300 0 -0.319822 15.293600 214.823000 778.645000 -13 3659 1 0 1.000000
-11.966000 8.893770 0 0.001347 5.138650 201.643000 778.813000 -13 3660 1 0 1.000000
5.391860 -25.087500 0 9.308070 -8.900960 218.539000 778.626000 -13 3661 1 0 1.000000
-9.635620 10.456700 0 17.034700 -8.990110 195.286000 778.559000 -13 3662 1 0 1.000000
11.107700 -16.179200 0 -2.850050 -2.187300 208.317000 778.809000 -13 3663 1 0 1.000000
2.625290 -17.699400 0 13.925500 5.916210 205.554000 778.783000 -13 3664 1 0 1.000000
2.116400 -15.172300 0 -7.580030 4.144940 209.558000 778.772000 -13 3665 1 0 1.000000
-18.831800 -3.952020 0 48.337700 -5.474870 203.323000 778.892000 -13 3666 1 0 1.000000
6.960690 1.634310 0 -12.748700 -0.978050 215.595000 778.810000 -13 3667 1 0 1.000000
-25.260100 6.837310 0 0.260477 -2.032320 206.142000 778.721000 -13 3668 1 0 1.000000
13.716000 -32.378700 0 -15.735100 2.698810 214.893000 778.549000 -13 3669 1 0 1.000000
7.910580 -15.719600 0 -7.068010 18.762000 183.887000 778.619000 -13 3670 1 0 1.000000
9.609640 8.123890 0 -11.718900 -12.890800 217.013000 778.700000 -13 3671 1 0 1.000000
-9.020200 -6.579140 0 10.214400 -12.814800 223.904000 778.436000 -13 3672 1 0 1.000000
6.265340 -12.239400 0 6.351270 -5.103200 211.974000 778.739000 -13 3673 1 0 1.000000
1.211980 -2.511910 0 -7.457000 -29.743500 213.828000 778.716000 -13 3674 1 0 1.000000
-7.704520 1.083570 0 3.365190 -4.470780 186.750000 778.812000 -13 3675 1 0 1.000000
-5.817490 7.017670 0 -2.794370 -6.249360 210.715000 778.892000 -13 3676 1 0 1.000000
-0.498162 -19.211800 0 10.851500 6.530730 193.735000 779.128000 -13 3677 1 0 1.000000
17.396700 -28.734100 0 -11.999700 -0.657394 203.673000 778.591000 -13 3678 1 0 1.000000
-8.272640 -5.891390 0 3.511070 2.720100 205.123000 778.917000 -13 3679 1 0 1.000000
-8.513040 -13.688400 0 7.153220 12.517000 213.635000 775.782000 -13 3680 1 0 1.000000
-9.532810 -9.148100 0 -16.728400 3.980840 197.799000 778.764000 -13 3681 1 0 1.000000
-3.604350 -11.387900 0 -0.715017 -3.256920 204.759000 778.446000 -13 3682 1 0 1.000000
-13.765300 0.887566 0 -15.528200 21.178100 215.767000 778.746000 -13 3683 1 0 1.000000
-16.928800 -13.516100 0 16.576800 8.998150 203.195000 778.672000 -13 3684 1 0 1.000000
-4.763260 7.902550 0 -7.446570 5.843100 206.928000 778.684000 -13 3685 1 0 1.000000
-30.327100 17.425900 0 12.358800 1.655930 227.270000 778.849000 -13 3686 1 0 1.000000
11.921800 -11.309700 0 -1.480100 12.483400 208.047000 778.542000 -13 3687 1 0 1.000000
-10.743700 -1.666550 0 11.009700 0.006557 204.971000 778.848000 -13 3688 1 0 1.000000
-6.789660 -23.896100 0 1.233810 13.603200 212.728000 778.863000 -13 3689 1 0 1.000000
-12.106700 -14.916400 0 5.691090 -1.557520 207.878000 778.867000 -13 3690 1 0 1.000000
-11.873500 -12.220000 0 12.363400 -2.739840 209.684000 778.724000 -13 3691 1 0 1.000000
-7.683340 -2.007980 0 3.000050 5.209640 193.713000 778.958000 -13 3692 1 0 1.000000
-11.889600 -2.299770 0 -4.228660 16.355900 211.206000 778.446000 -13 3693 1 0 1.000000
4.070910 -19.987600 0 5.460690 -12.525300 221.543000 778.863000 -13 3694 1 0 1.000000
-16.173100 -9.658560 0 14.494900 -8.607610 212.656000 778.795000 -13 3695 1 0 1.000000
9.713200 -23.184800 0 7.340300 25.102400 207.915000 778.617000 -13 3696 1 0 1.000000
-0.111710 0.088546 0 13.899100 8.862630 199.553000 778.970000 -13 3697 1 0 1.000000
2.801050 -8.446760 0 16.846500 3.918530 204.299000 778.771000 -13 3698 1 0 1.000000
-5.877570 -16.742900 0 -7.409960 -6.039700 218.627000 778.740000 -13 3699 1 0 1.000000
0.000239 -11.380300 0 -5.501810 -9.974950 194.830000 778.803000 -13 3700 1 0 1.000000
-14.145700 -9.499410 0 21.663100 -0.224573 217.062000 778.825000 -13 3701 1 0 1.000000
-6.250910 14.590300 0 -5.478220 -10.046200 193.035000 778.799000 -13 3702 1 0 1.000000
-15.787800 -11.207800 0 6.251370 0.148187 202.087000 778.911000 -13 3703 1 0 1.000000
-24.596900 15.541300 0 14.056200 -4.651150 203.915000 778.819000 -13 3704 1 0 1.000000
-11.043300 7.031220 0 -23.776200 -12.323700 198.291000 778.743000 -13 3705 1 0 1.000000
-14.925100 -13.604500 0 -13.794300 2.342560 207.606000 778.718000 -13 3706 1 0 1.000000
27.712100 1.704630 0 -14.148200 -0.333271 193.930000 778.834000 -13 3707 1 0 1.000000
5.366430 -24.541900 0 6.532830 -3.025130 197.192000 778.770000 -13 3708 1 0 1.000000
-7.336940 -8.609170 0 -3.042100 3.874030 198.761000 778.792000 -13 3709 1 0 1.000000
-9.919240 6.226200 0 -49.658300 -9.094350 238.555000 778.862000 -13 3710 1 0 1.000000
-2.034490 -0.337501 0 24.573100 -14.810400 217.763000 778.428000 -13 3711 1 0 1.000000
-0.672603 -15.427500 0 -5.857540 2.033880 221.794000 778.516000 -13 3712 1 0 1.000000
-19.402300 -16.255600 0 4.131120 -23.948200 213.634000 778.723000 -13 3713 1 0 1.000000
3.041520 3.964710 0 -17.165500 3.669720 182.502000 778.780000 -13 3714 1 0 1.000000
2.898810 -9.311150 0 21.765200 18.427300 187.653000 778.574000 -13 3715 1 0 1.000000
1.800160 -6.185830 0 2.425780 -15.377800 192.038000 778.730000 -13 3716 1 0 1.000000
9.889800 1.090330 0 2.417830 4.049790 182.337000 778.568000 -13 3717 1 0 1.000000
9.172900 -32.947000 0 -7.659600 20.859600 225.201000 778.879000 -13 3718 1 0 1.000000
-20.127600 -21.719000 0 -0.429188 16.672000 227.717000 778.955000 -13 3719 1 0 1.000000
-6.305050 0.443142 0 1.519720 -21.362900 242.981000 778.683000 -13 3720 1 0 1.000000
12.899600 -15.409500 0 -3.642830 -8.830780 215.076000 778.566000 -13 3721 1 0 1.000000
-27.883300 6.357370 0 4.353190 -2.876340 194.547000 778.753000 -13 3722 1 0 1.000000
-9.814140 -2.983970 0 1.348290 2.742370 207.434000 778.832000 -13 3723 1 0 1.000000
-3.773330 -2.184450 0 -10.834500 -0.626958 199.585000 778.657000 -13 3724 1 0 1.000000
19.373000 -12.415000 0 23.150600 8.218120 227.987000 778.862000 -13 3725 1 0 1.000000
2.348450 -6.839440 0 -1.027010 -7.951270 222.207000 778.900000 -13 3726 1 0 1.000000
-3.489460 -5.181660 0 -12.027400 -3.779730 185.255000 778.732000 -13 3727 1 0 1.000000
-10.255600 -8.474650 0 -13.148100 14.543700 195.085000 778.618000 -13 3728 1 0 1.000000
-0.112855 -11.883100 0 -12.803300 -9.655720 198.626000 778.721000 -13 3729 1 0 1.000000
-3.209440 5.952940 0 2.795890 -9.001250 207.955000 778.836000 -13 3730 1 0 1.000000
-27.353400 0.741151 0 -3.902840 6.731430 206.467000 778.467000 -13 3731 1 0 1.000000
4.293380 10.581500 0 1.065030 16.134800 203.106000 778.655000 -13 3732 1 0 1.000000
3.912780 1.564360 0 -9.129870 -21.636400 202.847000 778.805000 -13 3733 1 0 1.000000
-4.350710 8.608550 0 3.637540 0.038486 204.984000 778.803000 -13 3734 1 0 1.000000
-8.316910 -8.231920 0 -20.307800 -0.969854 206.752000 778.704000 -13 3735 1 0 1.000000
9.578540 -7.278990 0 -8.543510 4.530680 199.584000 778.700000 -13 3736 1 0 1.000000
4.444400 -15.102000 0 -18.461700 4.907330 201.072000 778.514000 -13 3737 1 0 1.000000
-18.286900 -9.918770 0 -9.596580 -5.035010 215.478000 778.668000 -13 3738 1 0 1.000000
-1.919610 -23.687300 0 5.117760 -6.331140 204.926000 778.679000 -13 3739 1 0 1.000000
-11.922600 -4.761850 0 -0.805272 -3.932380 206.627000 778.873000 -13 3740 1 0 1.000000
-6.429630 4.635820 0 -6.804620 -7.496000 192.105000 778.879000 -13 3741 1 0 1.000000
26.591000 -0.795473 0 -9.302200 -6.322870 204.127000 778.601000 -13 3742 1 0 1.000000
0.373018 -0.540448 0 -1.390300 -11.836200 197.883000 778.714000 -13 3743 1 0 1.000000
-3.130020 -15.762800 0 15.314000 7.750450 200.620000 778.707000 -13 3744 1 0 1.000000
8.130100 -4.445140 0 20.831200 -32.684000 224.606000 778.690000 -13 3745 1 0 1.000000
1.858240 3.964860 0 4.734820 -1.906210 212.032000 778.949000 -13 3746 1 0 1.000000
-3.710270 -1.124670 0 -13.902900 0.209965 192.375000 778.758000 -13 3747 1 0 1.000000
0.401078 -7.672590 0 5.226090 -8.667330 202.007000 778.759000 -13 3748 1 0 1.000000
-13.569700 0.303597 0 23.018800 -10.689900 208.138000 778.899000 -13 3749 1 0 1.000000
2.258340 -4.382380 0 0.126626 -14.491400 187.723000 778.993000 -13 3750 1 0 1.000000
3.751760 -18.278600 0 5.688730 8.155020 199.387000 778.763000 -13 3751 1 0 1.000000
-3.873310 -13.842600 0 -17.733500 -3.702490 209.675000 778.874000 -13 3752 1 0 1.000000
-10.198800 -17.588400 0 2.930860 0.187703 202.716000 778.859000 -13 3753 1 0 1.000000
-16.127700 -2.958070 0 20.372300 -3.310660 194.642000 778.670000 -13 3754 1 0 1.000000
-28.711400 3.732060 0 7.333550 -11.635500 217.898000 778.888000 -13 3755 1 0 1.000000
13.790000 -16.091100 0 2.889750 -2.294080 208.196000 778.733000 -13 3756 1 0 1.000000
-8.507510 3.222540 0 -10.551600 21.492200 214.794000 778.982000 -13 3757 1 0 1.000000
-19.439300 -6.407150 0 -6.814880 15.587300 232.991000 778.698000 -13 3758 1 0 1.000000
-13.434800 -1.468560 0 3.361180 2.425700 215.495000 778.492000 -13 3759 1 0 1.000000
5.336330 -5.727340 0 0.333525 6.340950 223.691000 778.749000 -13 3760 1 0 1.000000
-31.232300 -1.355040 0 -10.104700 -19.700000 232.123000 778.721000 -13 3761 1 0 1.000000
6.839030 -11.494100 0 8.453460 -8.267350 198.231000 778.625000 -13 3762 1 0 1.000000
3.861580 -24.829100 0 5.011210 24.729500 207.534000 778.692000 -13 3763 1 0 1.000000
-2.650250 -16.148300 0 7.476930 -10.966200 184.307000 778.688000 -13 3764 1 0 1.000000
-23.254300 -17.528800 0 -6.254820 6.755850 194.216000 778.610000 -13 3765 1 0 1.000000
1.194370 4.906760 0 1.300800 -6.200130 206.565000 778.883000 -13 3766 1 0 1.000000
-8.695270 -6.951080 0 4.606100 -1.779110 192.771000 778.931000 -13 3767 1 0 1.000000
-2.729980 -29.289900 0 -14.626500 -1.012240 206.395000 778.497000 -13 3768 1 0 1.000000
-4.301440 -4.469930 0 21.177700 1.605020 209.003000 778.772000 -13 3769 1 0 1.000000
-11.245600 -3.087800 0 9.551990 -12.927700 187.895000 778.580000 -13 3770 1 0 1.000000
40.393400 -13.699000 0 -25.696200 3.667950 216.652000 778.603000 -13 3771 1 0 1.000000
-19.587900 -6.551970 0 -5.435120 -26.035300 228.804000 778.673000 -13 3772 1 0 1.000000
-9.651540 -16.278800 0 -9.771800 -7.002560 219.391000 778.822000 -13 3773 1 0 1.000000
-15.800800 -22.447800 0 -0.973578 17.813500 223.560000 778.648000 -13 3774 1 0 1.000000
-8.433550 -8.244500 0 0.633187 12.633600 211.398000 778.838000 -13 3775 1 0 1.000000
-11.679600 2.585830 0 -5.098240 5.677640 198.497000 778.957000 -13 3776 1 0 1.000000
-9.343570 -12.516500 0 -3.952390 -6.828820 214.530000 778.609000 -13 3777 1 0 1.000000
-5.017630 -13.732600 0 -7.260660 -1.563420 187.066000 778.763000 -13 3778 1 0 1.000000
18.686800 -1.945820 0 5.229220 -3.622370 213.471000 778.917000 -13 3779 1 0 1.000000
-14.152800 1.789740 0 16.680800 1.692500 208.285000 778.890000 -13 3780 1 0 1.000000
-13.862500 -5.278310 0 -13.844300 1.868770 195.282000 778.475000 -13 3781 1 0 1.000000
-7.611220 -10.193800 0 -4.117570 6.163150 197.179000 778.895000 -13 3782 1 0 1.000000
13.258700 -13.833900 0 5.092810 10.949800 198.603000 778.990000 -13 3783 1 0 1.000000
-3.225680 2.594890 0 4.762400 -1.718170 209.767000 778.592000 -13 3784 1 0 1.000000
-14.562800 -3.220380 0 8.286480 0.064193 220.417000 778.687000 -13 3785 1 0 1.000000
3.573090 3.340380 0 8.919570 8.588050 226.583000 778.815000 -13 3786 1 0 1.000000
-8.184730 -18.834300 0 0.537595 -2.701510 220.487000 778.791000 -13 3787 1 0 1.000000
-18.412300 -14.199600 0 -21.014100 10.527900 224.744000 778.361000 -13 3788 1 0 1.000000
-3.775350 7.111890 0 -18.446500 -0.327846 200.993000 778.630000 -13 3789 1 0 1.000000
-8.026380 1.236870 0 9.340230 7.657480 201.684000 778.844000 -13 3790 1 0 1.000000
2.611440 -19.775700 0 -27.394900 4.665070 209.448000 778.749000 -13 3791 1 0 1.000000
13.250400 -0.858016 0 -6.534570 1.004770 215.111000 778.589000 -13 3792 1 0 1.000000
-18.782500 -3.573650 0 -5.857010 -7.090850 225.084000 778.676000 -13 3793 1 0 1.000000
11.989900 -18.527300 0 -12.011400 9.935190 198.544000 778.874000 -13 3794 1 0 1.000000
-12.286000 -16.142100 0 -9.796970 -0.185692 193.806000 778.656000 -13 3795 1 0 1.000000
-4.989120 -11.933800 0 -16.211200 -23.541200 201.205000 778.915000 -13 3796 1 0 1.000000
-11.970400 -0.057917 0 -13.335600 -3.585600 216.286000 778.753000 -13 3797 1 0 1.000000
-21.715600 -8.230510 0 -1.376560 -13.541800 203.098000 778.843000 -13 3798 1 0 1.000000
-15.211700 10.328200 0 -1.016270 -21.303200 198.221000 778.869000 -13 3799 1 0 1.000000
-4.524660 -13.803200 0 -21.548900 -20.957500 193.813000 778.822000 -13 3800 1 0 1.000000
2.814970 -10.441900 0 -9.776140 -16.226300 189.821000 778.552000 -13 3801 1 0 1.000000
2.383340 -21.506800 0 -7.143390 -2.478930 188.347000 778.588000 -13 3802 1 0 1.000000
-17.770500 -27.942200 0 12.234700 1.287230 208.476000 778.581000 -13 3803 1 0 1.000000
-8.124600 17.863100 0 6.812210 -17.095000 213.696000 778.746000 -13 3804 1 0 1.000000
-15.290400 -12.035900 0 -1.529660 -17.890700 200.665000 778.648000 -13 3805 1 0 1.000000
-5.214040 -39.890100 0 16.583000 -0.923510 191.996000 778.886000 -13 3806 1 0 1.000000
0.058132 -19.115200 0 -9.565610 0.166534 217.694000 778.804000 -13 3807 1 0 1.000000
10.320000 -10.617800 0 1.248910 -5.493440 197.083000 778.652000 -13 3808 1 0 1.000000
-14.206400 -8.899530 0 42.300800 4.346820 205.191000 778.780000 -13 3809 1 0 1.000000
4.918930 2.906610 0 12.860500 -2.628920 197.322000 778.576000 -13 3810 1 0 1.000000
3.937570 -10.640000 0 -0.306753 5.268320 191.798000 778.651000 -13 3811 1 0 1.000000
-17.354300 -15.992900 0 -4.993630 4.745180 212.837000 778.573000 -13 3812 1 0 1.000000
-1.465010 -3.905640 0 5.332830 14.983000 200.165000 778.737000 -13 3813 1 0 1.000000
-23.798600 -0.006588 0 23.331300 -0.838553 199.483000 778.774000 -13 3814 1 0 1.000000
-11.901700 5.854350 0 -5.821470 8.608030 209.343000 778.803000 -13 3815 1 0 1.000000
-2.662750 -10.841300 0 8.085070 -4.047870 210.997000 778.766000 -13 3816 1 0 1.000000
-9.924440 3.206190 0 -1.879250 10.568300 204.624000 778.799000 -13 3817 1 0 1.000000
-1.038200 -14.723500 0 -7.214770 2.359490 212.413000 778.730000 -13 3818 1 0 1.000000
-2.662730 -10.513700 0 -10.801500 4.247990 215.486000 778.738000 -13 3819 1 0 1.000000
-11.197400 -11.920900 0 -2.714120 -0.450989 201.322000 778.910000 -13 3820 1 0 1.000000
0.513142 -8.921080 0 0.122669 -7.638740 215.152000 778.829000 -13 3821 1 0 1.000000
-11.264200 -22.526400 0 -11.682900 -11.000600 199.403000 778.650000 -13 3822 1 0 1.000000
-15.194000 1.015110 0 -2.897630 3.149760 205.048000 778.770000 -13 3823 1 0 1.000000
-10.378900 3.036190 0 -7.288870 3.080790 202.753000 778.703000 -13 3824 1 0 1.000000
5.760090 -8.589830 0 16.233600 -3.683690 186.407000 778.864000 -13 3825 1 0 1.000000
-10.395800 -6.530510 0 3.237650 -14.836300 205.770000 778.886000 -13 3826 1 0 1.000000
0.695954 2.912800 0 -16.038000 -6.411200 192.960000 778.843000 -13 3827 1 0 1.000000
7.301680 -15.176800 0 -5.321590 5.329030 202.953000 778.686000 -13 3828 1 0 1.000000
-14.521500 -7.849870 0 4.523960 7.210230 228.642000 778.553000 -13 3829 1 0 1.000000
-18.734900 -3.184820 0 27.638400 27.456800 219.674000 778.544000 -13 3830 1 0 1.000000
4.492990 -13.145600 0 -3.141910 8.009120 207.685000 778.610000 -13 3831 1 0 1.000000
-21.174400 14.786700 0 8.738130 -13.382700 216.807000 778.789000 -13 3832 1 0 1.000000
1.627880 -17.741200 0 -8.887440 -5.120600 210.607000 778.512000 -13 3833 1 0 1.000000
-11.802400 3.895410 0 26.852700 -13.054400 204.580000 778.826000 -13 3834 1 0 1.000000
-4.003600 -24.746800 0 28.005200 2.053240 211.885000 778.797000 -13 3835 1 0 1.000000
8.502860 -13.778800 0 -7.716050 7.451830 214.466000 778.744000 -13 3836 1 0 1.000000
-1.815560 -2.110320 0 -7.366110 -1.611550 208.738000 778.888000 -13 3837 1 0 1.000000
-5.009590 -8.467460 0 9.557730 3.801020 208.624000 778.766000 -13 3838 1 0 1.000000
-13.415900 -8.499160 0 -3.924750 5.218910 200.885000 778.705000 -13 3839 1 0 1.000000
-15.545200 4.826310 0 -8.495860 -1.548110 197.263000 778.706000 -13 3840 1 0 1.000000
-5.347940 8.111470 0 -1.822400 -25.586500 194.379000 778.824000 -13 3841 1 0 1.000000
-0.179516 5.155650 0 10.094700 5.513320 217.193000 778.557000 -13 3842 1 0 1.000000
1.122670 -4.341150 0 -1.111050 17.564600 204.490000 778.674000 -13 3843 1 0 1.000000
9.527090 -13.513500 0 -12.831500 18.010200 229.302000 778.808000 -13 3844 1 0 1.000000
-6.591400 4.333990 0 -18.432200 2.462590 206.627000 778.512000 -13 3845 1 0 1.000000
-9.018230 -6.831200 0 -27.317400 20.918400 228.966000 778.649000 -13 3846 1 0 1.000000
-7.095530 5.436830 0 16.278800 0.779122 229.246000 778.654000 -13 3847 1 0 1.000000
-7.387480 -8.826370 0 4.842970 10.917600 196.007000 778.710000 -13 3848 1 0 1.000000
-0.444104 -20.524200 0 -11.747300 -2.075180 231.468000 778.723000 -13 3849 1 0 1.000000
-5.403030 16.790600 0 -14.540700 -5.674100 193.408000 778.495000 -13 3850 1 0 1.000000
-8.425200 -15.217800 0 -2.835230 -6.705300 203.075000 778.854000 -13 3851 1 0 1.000000
-25.260100 1.276000 0 -4.605970 2.393630 214.377000 778.923000 -13 3852 1 0 1.000000
-4.258960 -1.303150 0 -7.671720 13.702100 196.165000 778.843000 -13 3853 1 0 1.000000
-14.474800 4.631700 0 -16.347000 -12.422500 200.649000 778.651000 -13 3854 1 0 1.000000
0.291484 -23.919800 0 1.062880 1.055740 210.925000 778.744000 -13 3855 1 0 1.000000
-4.493220 -33.271800 0 21.120100 -17.703100 203.932000 778.904000 -13 3856 1 0 1.000000
-2.957770 5.905710 0 -3.385830 2.148880 218.510000 778.720000 -13 3857 1 0 1.000000
-18.039900 2.522210 0 51.214100 -17.033900 214.530000 778.744000 -13 3858 1 0 1.000000
3.874680 -9.789820 0 -6.450550 -1.514610 196.716000 778.681000 -13 3859 1 0 1.000000
-29.566100 -15.820300 0 7.469590 -3.899590 209.788000 778.561000 -13 3860 1 0 1.000000
-4.330090 -11.076900 0 -1.353700 -10.601100 221.198000 778.769000 -13 3861 1 0 1.000000
-3.934080 8.803670 0 -7.278170 6.792240 221.748000 778.850000 -13 3862 1 0 1.000000
-19.010800 -4.004420 0 -1.372480 -2.302680 226.305000 778.844000 -13 3863 1 0 1.000000
-11.707800 -1.129550 0 10.876600 6.571530 222.769000 778.759000 -13 3864 1 0 1.000000
7.986900 -11.946900 0 8.529140 -11.275100 188.040000 778.743000 -13 3865 1 0 1.000000
-6.587130 -9.839670 0 -19.908800 3.901590 211.979000 779.085000 -13 3866 1 0 1.000000
5.198850 -3.332940 0 9.742530 -14.289100 203.531000 778.545000 -13 3867 1 0 1.000000
0.930274 -34.299900 0 -23.323600 26.185300 235.988000 778.575000 -13 3868 1 0 1.000000
-8.275140 -1.429120 0 -13.170400 -7.262840 192.751000 778.699000 -13 3869 1 0 1.000000
-19.805200 -7.381850 0 8.614220 -10.004900 225.975000 778.517000 -13 3870 1 0 1.000000
-1.250710 28.361400 0 7.268390 21.158500 221.599000 778.965000 -13 3871 1 0 1.000000
-6.796510 -11.500100 0 -0.545682 3.215120 217.495000 778.462000 -13 3872 1 0 1.000000
-18.530500 -19.454200 0 -18.531800 -13.997000 222.534000 778.910000 -13 3873 1 0 1.000000
2.237550 -3.189510 0 5.076950 -5.095250 215.834000 778.973000 -13 3874 1 0 1.000000
-6.355640 -11.025800 0 -4.965870 -20.295000 199.738000 778.677000 -13 3875 1 0 1.000000
7.273880 0.018624 0 -18.863200 9.479570 205.241000 778.890000 -13 3876 1 0 1.000000
-5.208310 -16.071900 0 -4.281120 -16.527500 198.999000 778.859000 -13 3877 1 0 1.000000
19.873900 -20.141300 0 -10.679000 2.423850 201.113000 778.958000 -13 3878 1 0 1.000000
-10.943900 -9.176860 0 0.799301 -1.091110 194.851000 778.838000 -13 3879 1 0 1.000000
-22.237200 40.765900 0 15.625000 20.969000 235.264000 778.638000 -13 3880 1 0 1.000000
-21.134300 0.617388 0 7.458880 1.708000 193.282000 778.708000 -13 3881 1 0 1.000000
4.045340 -14.028600 0 -13.755200 -4.204000 194.329000 778.608000 -13 3882 1 0 1.000000
2.771150 -9.173800 0 1.591580 -17.513900 212.326000 778.947000 -13 3883 1 0 1.000000
-16.644100 -9.325480 0 -3.695310 3.885580 212.050000 778.700000 -13 3884 1 0 1.000000
8.552640 -22.989100 0 -1.546830 22.005800 207.489000 778.634000 -13 3885 1 0 1.000000
-8.291350 -21.338200 0 -16.116800 -5.374240 196.747000 778.768000 -13 3886 1 0 1.000000
-7.265460 -2.979250 0 8.795790 10.622700 216.063000 778.819000 -13 3887 1 0 1.000000
20.704600 1.735370 0 -19.690700 -17.149200 198.858000 778.744000 -13 3888 1 0 1.000000
13.994300 -12.654600 0 19.037200 13.899300 204.855000 778.595000 -13 3889 1 0 1.000000
-5.704900 3.176000 0 -13.179100 12.310800 199.857000 778.660000 -13 3890 1 0 1.000000
-1.197010 -10.001900 0 8.955560 -11.613400 198.669000 778.649000 -13 3891 1 0 1.000000
-8.307670 -0.755784 0 -8.339740 11.892200 211.200000 778.784000 -13 3892 1 0 1.000000
-10.263100 7.486390 0 -20.264500 -10.891200 203.476000 778.532000 -13 3893 1 0 1.000000
-13.527400 4.159780 0 -3.269740 -14.263900 213.465000 778.665000 -13 3894 1 0 1.000000
-21.303000 -5.719800 0 9.358190 -8.545540 214.233000 778.859000 -13 3895 1 0 1.000000
-17.372700 5.514480 0 -6.149880 -20.433900 217.650000 778.921000 -13 3896 1 0 1.000000
3.605460 -14.702900 0 -22.369100 -2.069860 213.430000 778.623000 -13 3897 1 0 1.000000
-13.237600 0.835909 0 0.100109 19.147600 205.048000 778.689000 -13 3898 1 0 1.000000
10.671700 0.254696 0 -1.251390 -6.113950 212.759000 778.748000 -13 3899 1 0 1.000000
-10.428400 14.120600 0 3.726020 -15.009000 212.960000 778.769000 -13 3900 1 0 1.000000
-11.629100 11.387200 0 3.259790 5.195130 217.062000 778.643000 -13 3901 1 0 1.000000
-16.785500 -5.731200 0 9.091440 -6.054770 203.513000 778.612000 -13 3902 1 0 1.000000
-15.618000 -7.130570 0 -8.091110 -4.339910 206.424000 778.810000 -13 3903 1 0 1.000000
-12.081100 -27.842300 0 17.753600 -2.170450 219.148000 778.621000 -13 3904 1 0 1.000000
-6.722060 -7.358650 0 10.302700 -12.500200 224.363000 778.722000 -13 3905 1 0 1.000000
-17.202500 -2.622400 0 10.948000 3.653080 202.983000 778.653000 -13 3906 1 0 1.000000
-6.117810 -16.801800 0 18.073400 2.017320 215.205000 778.562000 -13 3907 1 0 1.000000
-13.369500 3.526770 0 -17.524100 14.410500 195.322000 778.548000 -13 3908 1 0 1.000000
7.311430 -5.458630 0 8.126910 -24.356400 206.418000 778.776000 -13 3909 1 0 1.000000
-13.002600 -19.648300 0 -20.596900 13.583600 207.822000 778.783000 -13 3910 1 0 1.000000
-19.375800 -6.768230 0 12.097100 11.879300 202.707000 778.570000 -13 3911 1 0 1.000000
-5.174570 -33.093000 0 12.161900 -4.908500 208.115000 778.768000 -13 3912 1 0 1.000000
1.601410 -13.339100 0 -15.142000 -2.608060 179.593000 778.612000 -13 3913 1 0 1.000000
-6.514970 -7.580210 0 29.481600 -10.729800 198.562000 778.544000 -13 3914 1 0 1.000000
2.008310 -4.853200 0 25.224200 9.425980 202.350000 779.062000 -13 3915 1 0 1.000000
0.545997 -17.481200 0 -43.786700 4.009590 220.859000 778.820000 -13 3916 1 0 1.000000
15.710200 -8.873150 0 -6.347070 0.851555 202.244000 778.738000 -13 3917 1 0 1.000000
-13.196600 -16.064800 0 11.449400 -17.829300 214.925000 778.934000 -13 3918 1 0 1.000000
-6.859250 -3.326870 0 -6.848800 7.394870 190.296000 778.925000 -13 3919 1 0 1.000000
17.932000 -8.202050 0 -9.099780 -24.030700 211.057000 778.763000 -13 3920 1 0 1.000000
-7.568870 -1.830960 0 22.786000 15.992400 199.588000 778.582000 -13 3921 1 0 1.000000
-19.138400 -11.143700 0 -20.181500 7.434690 217.395000 778.869000 -13 3922 1 0 1.000000
-3.287700 -8.500870 0 16.794500 -7.923070 212.404000 778.718000 -13 3923 1 0 1.000000
-7.498130 -5.455650 0 13.829200 5.380000 217.681000 778.598000 -13 3924 1 0 1.000000
-1.231180 -8.725380 0 4.813160 -24.932300 218.040000 778.981000 -13 3925 1 0 1.000000
-4.551600 -5.930720 0 -0.296861 -21.915500 215.874000 778.528000 -13 3926 1 0 1.000000
-13.137900 -13.773100 0 -11.297400 10.729000 214.229000 778.551000 -13 3927 1 0 1.000000
-14.222200 -25.262500 0 23.825400 -0.009082 210.843000 778.620000 -13 3928 1 0 1.000000
-13.603200 -3.310600 0 -25.434500 -12.559500 228.081000 778.719000 -13 3929 1 0 1.000000
-9.302940 -19.221000 0 -5.402360 17.241400 216.649000 778.656000 -13 3930 1 0 1.000000
-6.543240 -15.122800 0 -1.548380 2.277060 225.997000 778.784000 -13 3931 1 0 1.000000
5.510860 -5.581840 0 -2.005100 -2.739260 217.697000 778.561000 -13 3932 1 0 1.000000
-24.983700 -8.558530 0 -5.149490 11.485900 224.878000 778.999000 -13 3933 1 0 1.000000
-14.268400 -11.550400 0 -13.011300 -15.325600 223.758000 778.545000 -13 3934 1 0 1.000000
6.395920 -14.544900 0 -7.811590 -5.103370 223.624000 778.772000 -13 3935 1 0 1.000000
-5.434210 -12.587600 0 3.013850 -8.214470 205.191000 778.781000 -13 3936 1 0 1.000000
10.185600 -0.158345 0 -2.600500 -1.201930 209.778000 778.977000 -13 3937 1 0 1.000000
-9.827760 -12.649900 0 -9.270790 3.367680 185.652000 778.646000 -13 3938 1 0 1.000000
-7.546850 2.183640 0 8.086670 11.620800 201.570000 778.954000 -13 3939 1 0 1.000000
-2.849900 -16.257100 0 -20.530900 22.751700 213.369000 778.819000 -13 3940 1 0 1.000000
16.518800 12.091400 0 -19.014600 1.614880 196.916000 778.877000 -13 3941 1 0 1.000000
-30.918400 -7.762470 0 -1.819750 -7.719290 233.903000 778.630000 -13 3942 1 0 1.000000
18.933000 -7.284880 0 5.125910 -3.840630 206.631000 778.886000 -13 3943 1 0 1.000000
7.641600 -2.902550 0 3.384750 -4.387140 209.587000 778.818000 -13 3944 1 0 1.000000
24.649000 -9.080650 0 23.670000 10.653900 226.730000 778.572000 -13 3945 1 0 1.000000
-8.726760 -37.599700 0 -1.476010 -4.398330 217.066000 778.919000 -13 3946 1 0 1.000000
-16.497400 -2.878420 0 -20.878100 -3.474990 224.999000 778.799000 -13 3947 1 0 1.000000
-14.951300 -13.893300 0 -11.777200 4.028530 215.950000 778.869000 -13 3948 1 0 1.000000
-1.325160 -4.084930 0 41.496000 -5.440680 206.613000 778.749000 -13 3949 1 0 1.000000
-9.781340 4.660970 0 -3.868080 -13.819200 221.496000 778.929000 -13 3950 1 0 1.000000
-10.163400 -8.350320 0 10.162300 8.589340 197.534000 778.575000 -13 3951 1 0 1.000000
-12.648700 -9.797540 0 -13.174100 -8.814010 200.620000 778.660000 -13 3952 1 0 1.000000
-8.455930 11.461900 0 -7.755040 7.344240 191.814000 778.716000 -13 3953 1 0 1.000000
3.047430 -6.078030 0 -17.069600 3.786830 201.004000 778.498000 -13 3954 1 0 1.000000
15.786600 -0.616768 0 -1.065800 -17.639500 226.930000 778.634000 -13 3955 1 0 1.000000
7.329730 2.901720 0 -3.564800 19.428100 212.821000 778.683000 -13 3956 1 0 1.000000
-44.584200 1.998380 0 7.814720 -14.424600 219.090000 778.884000 -13 3957 1 0 1.000000
6.037310 -17.461700 0 -12.857300 0.602772 199.884000 778.701000 -13 3958 1 0 1.000000
-12.604100 -15.810200 0 -6.389020 -1.500860 196.356000 778.536000 -13 3959 1 0 1.000000
-10.904000 -11.459200 0 2.103660 1.883080 211.814000 778.786000 -13 3960 1 0 1.000000
-0.930567 9.629080 0 8.325980 -31.396400 208.509000 778.908000 -13 3961 1 0 1.000000
-28.888300 -12.233900 0 3.266360 1.102340 217.328000 778.678000 -13 3962 1 0 1.000000
8.856140 -16.583700 0 -0.914308 4.294790 215.728000 778.883000 -13 3963 1 0 1.000000
-16.819200 -18.778800 0 -10.035000 -9.398210 211.179000 778.844000 -13 3964 1 0 1.000000
-7.457100 20.486000 0 -0.762124 -7.855110 207.658000 778.850000 -13 3965 1 0 1.000000
-8.607540 -9.501880 0 7.703130 -3.341870 206.437000 778.733000 -13 3966 1 0 1.000000
9.968770 -1.710950 0 -20.584300 9.895870 204.590000 778.739000 -13 3967 1 0 1.000000
-6.324370 -16.122300 0 -7.171020 -21.278400 213.429000 778.892000 -13 3968 1 0 1.000000
11.137800 0.523723 0 0.600076 -0.116961 203.184000 778.586000 -13 3969 1 0 1.000000
-10.619000 -1.169150 0 3.957880 -4.495910 226.008000 779.030000 -13 3970 1 0 1.000000
-24.182600 -3.607540 0 3.429870 -8.563800 198.561000 778.653000 -13 3971 1 0 1.000000
-20.086800 -7.858650 0 -12.103500 6.587270 235.410000 778.709000 -13 3972 1 0 1.000000
-9.077910 -4.454750 0 27.108100 7.164500 202.268000 778.900000 -13 3973 1 0 1.000000
17.678100 -8.024240 0 -18.428700 -11.607100 223.826000 779.107000 -13 3974 1 0 1.000000
-0.253569 7.590490 0 -1.106380 -8.144610 202.653000 778.549000 -13 3975 1 0 1.000000
-18.782300 3.360110 0 -8.430360 -17.309900 206.484000 778.569000 -13 3976 1 0 1.000000
-13.282200 -6.425890 0 -11.330700 3.699240 232.156000 778.565000 -13 3977 1 0 1.000000
0.312108 -4.646270 0 5.555110 -15.605300 217.856000 778.924000 -13 3978 1 0 1.000000
0.906195 -22.997500 0 11.238300 -5.426760 210.927000 778.549000 -13 3979 1 0 1.000000
12.491100 -12.706600 0 -5.834930 1.956520 205.648000 778.784000 -13 3980 1 0 1.000000
-2.496360 -10.630500 0 -3.765100 -6.203480 196.973000 778.543000 -13 3981 1 0 1.000000
-5.825550 -6.515920 0 -14.891900 1.557870 193.889000 778.613000 -13 3982 1 0 1.000000
-6.849800 8.590780 0 6.607690 -1.530190 201.972000 778.925000 -13 3983 1 0 1.000000
-8.293260 -10.603600 0 7.271210 15.923400 207.396000 778.992000 -13 3984 1 0 1.000000
-23.473500 6.780570 0 1.816730 -3.305480 208.255000 778.465000 -13 3985 1 0 1.000000
-18.986200 -32.216700 0 6.829810 -8.220850 218.941000 778.581000 -13 3986 1 0 1.000000
-12.219900 -18.835200 0 -12.016100 -5.960530 217.157000 778.923000 -13 3987 1 0 1.000000
-30.094400 -7.966820 0 -1.221340 20.468600 231.993000 778.807000 -13 3988 1 0 1.000000
-8.880950 -6.271520 0 4.941890 31.262400 187.887000 778.537000 -13 3989 1 0 1.000000
-1.852440 19.793300 0 6.726310 -5.631560 199.679000 778.482000 -13 3990 1 0 1.000000
9.504970 -11.669000 0 -7.561350 -15.817700 199.387000 778.578000 -13 3991 1 0 1.000000
6.555020 -15.921100 0 -6.878100 11.262800 205.758000 778.893000 -13 3992 1 0 1.000000
-23.838200 -29.075800 0 -4.310010 20.176100 215.893000 778.887000 -13 3993 1 0 1.000000
-13.165100 -12.443700 0 -19.821400 16.426400 213.623000 778.622000 -13 3994 1 0 1.000000
-12.299000 -2.954920 0 9.133070 -7.845750 217.702000 778.853000 -13 3995 1 0 1.000000
-22.636600 -13.361700 0 12.034100 10.622100 222.556000 778.752000 -13 3996 1 0 1.000000
-8.340720 -23.412700 0 4.914670 4.596470 192.000000 778.656000 -13 3997 1 0 1.000000
3.782010 2.181220 0 -0.978829 -9.833180 198.680000 778.878000 -13 3998 1 0 1.000000
-10.098000 -3.540300 0 4.105220 6.070060 192.765000 778.688000 -13 3999 1 0 1.000000
-14.702100 -13.800000 0 -1.958480 13.780500 222.314000 778.592000 -13 4000 1 0 1.000000
3.168690 -6.198730 0 -6.391920 8.944750 205.426000 778.530000 -13 4001 1 0 1.000000
3.852240 -2.248970 0 -25.401000 1.646210 212.601000 778.694000 -13 4002 1 0 1.000000
-14.792500 -10.198700 0 -20.324000 -14.583000 208.677000 778.870000 -13 4003 1 0 1.000000
12.735700 -19.400000 0 -19.638200 8.454920 204.053000 778.890000 -13 4004 1 0 1.000000
4.452540 5.072320 0 -0.749878 0.658593 212.573000 778.777000 -13 4005 1 0 1.000000
-22.881600 -37.222700 0 -7.999890 -9.323490 200.384000 778.837000 -13 4006 1 0 1.000000
-9.693150 -12.620600 0 4.619210 -3.104730 200.318000 778.796000 -13 4007 1 0 1.000000
-10.882100 -14.281200 0 3.323650 -0.761616 193.613000 778.986000 -13 4008 1 0 1.000000
-11.970200 -4.148100 0 -7.967410 -6.353000 213.460000 778.574000 -13 4009 1 0 1.000000
1.407610 -5.791440 0 -3.069470 -8.448370 204.967000 778.589000 -13 4010 1 0 1.000000
-13.760600 -17.085900 0 3.494990 -18.221200 203.797000 778.692000 -13 4011 1 0 1.000000
2.258310 -6.350020 0 -6.968830 27.090500 203.574000 778.705000 -13 4012 1 0 1.000000
-6.857470 -2.244030 0 -20.650300 11.732800 215.540000 778.882000 -13 4013 1 0 1.000000
7.736300 -8.934820 0 -11.979800 -9.332610 190.657000 778.706000 -13 4014 1 0 1.000000
-13.163700 -7.754500 0 2.370180 18.437900 210.620000 778.684000 -13 4015 1 0 1.000000
-17.891800 -7.397780 0 -14.448800 15.010700 219.893000 778.567000 -13 4016 1 0 1.000000
-29.240200 1.261660 0 -12.941900 -4.899270 204.070000 778.941000 -13 4017 1 0 1.000000
5.608080 -14.647100 0 5.660170 0.939113 202.483000 778.819000 -13 4018 1 0 1.000000
-11.023800 4.802170 0 15.393600 -13.501500 200.618000 778.899000 -13 4019 1 0 1.000000
0.466362 -25.128800 0 -16.019600 -9.182810 193.058000 778.548000 -13 4020 1 0 1.000000
-5.636170 -6.936180 0 1.135530 -1.072600 198.581000 778.814000 -13 4021 1 0 1.000000
-11.184700 -4.737870 0 6.272770 -6.525090 205.322000 778.864000 -13 4022 1 0 1.000000
-3.477240 -7.148080 0 -6.692070 -11.711600 206.985000 778.827000 -13 4023 1 0 1.000000
-7.955910 -5.572140 0 -0.252479 4.534670 213.452000 778.825000 -13 4024 1 0 1.000000
-12.385500 -9.269900 0 36.894800 -22.418100 197.419000 778.816000 -13 4025 1 0 1.000000
-4.528560 1.890660 0 0.380985 -13.548500 206.172000 778.655000 -13 4026 1 0 1.000000
-16.410400 -27.125800 0 12.178500 -3.996720 219.868000 778.909000 -13 4027 1 0 1.000000
-2.410860 -21.984100 0 -6.457070 -0.060031 186.160000 778.633000 -13 4028 1 0 1.000000
-7.443500 -16.040000 0 4.993770 -0.926709 213.426000 778.807000 -13 4029 1 0 1.000000
3.810020 -23.164500 0 -3.524050 -26.499200 214.068000 778.782000 -13 4030 1 0 1.000000
-8.635740 -7.823450 0 -7.882280 11.686400 208.266000 778.978000 -13 4031 1 0 1.000000
-9.958080 3.561510 0 -21.310000 -46.942100 239.984000 778.825000 -13 4032 1 0 1.000000
-12.389800 -8.127330 0 -12.747200 14.576000 220.729000 778.614000 -13 4033 1 0 1.000000
3.710370 -9.522820 0 -1.939250 -18.465100 206.717000 778.799000 -13 4034 1 0 1.000000
-7.210840 28.439000 0 -7.106900 3.111860 197.449000 778.796000 -13 4035 1 0 1.000000
-0.633663 -18.664600 0 10.126500 -15.374300 186.356000 778.718000 -13 4036 1 0 1.000000
-8.464990 -2.753870 0 -17.283500 -3.942200 203.018000 779.016000 -13 4037 1 0 1.000000
8.349290 -6.508350 0 -9.088470 0.470097 211.407000 778.592000 -13 4038 1 0 1.000000
3.482380 1.001620 0 -2.145080 10.773400 221.991000 778.648000 -13 4039 1 0 1.000000
-6.895110 -8.039470 0 5.647630 -16.766800 207.923000 778.681000 -13 4040 1 0 1.000000
-8.344790 -5.912160 0 3.895930 14.327500 199.845000 778.740000 -13 4041 1 0 1.000000
0.656063 -11.087000 0 3.850250 -5.649270 216.711000 778.693000 -13 4042 1 0 1.000000
-18.759500 -8.143270 0 -11.717300 -26.553200 209.221000 778.640000 -13 4043 1 0 1.000000
-1.441630 -8.663790 0 -2.887090 1.318700 204.056000 778.578000 -13 4044 1 0 1.000000
-0.720776 -8.340580 0 11.470500 -10.752100 217.205000 778.865000 -13 4045 1 0 1.000000
5.259140 -6.231960 0 0.034955 -1.763100 206.805000 778.747000 -13 4046 1 0 1.000000
7.092490 -13.883900 0 -38.480500 12.430500 223.319000 778.801000 -13 4047 1 0 1.000000
6.003640 4.476570 0 9.260240 21.196100 210.190000 778.821000 -13 4048 1 0 1.000000
4.953510 6.125340 0 -2.465030 -11.421400 204.610000 778.607000 -13 4049 1 0 1.000000
-23.297500 -11.481800 0 22.673900 -18.689000 221.254000 778.759000 -13 4050 1 0 1.000000
-30.752200 -14.520000 0 -13.779900 0.756128 237.737000 778.796000 -13 4051 1 0 1.000000
-0.850907 -17.417300 0 4.474250 8.066330 207.462000 778.587000 -13 4052 1 0 1.000000
-14.305000 -19.731500 0 21.942100 19.954900 223.897000 778.783000 -13 4053 1 0 1.000000
-1.853290 -8.636120 0 3.111240 9.769640 220.192000 778.633000 -13 4054 1 0 1.000000
-11.944600 -0.454312 0 2.303850 -11.981400 202.325000 778.772000 -13 4055 1 0 1.000000
-12.638900 -9.437450 0 9.903110 -16.473800 218.169000 778.609000 -13 4056 1 0 1.000000
-29.984900 -27.780500 0 16.475400 5.868220 224.351000 778.825000 -13 4057 1 0 1.000000
-5.802520 -8.763160 0 -14.544300 7.879310 227.348000 778.942000 -13 4058 1 0 1.000000
-13.876300 -11.695900 0 -22.762900 7.740710 214.805000 778.885000 -13 4059 1 0 1.000000
-9.127590 7.194590 0 4.828340 3.217570 189.053000 778.439000 -13 4060 1 0 1.000000
-7.709880 -17.256800 0 -0.931027 3.444150 221.265000 778.815000 -13 4061 1 0 1.000000
8.698210 -11.837400 0 11.495000 4.007820 198.178000 778.783000 -13 4062 1 0 1.000000
-27.102100 0.913055 0 -12.916200 -2.221370 219.543000 778.662000 -13 4063 1 0 1.000000
16.993200 -9.000310 0 -18.979000 -2.941380 196.449000 778.892000 -13 4064 1 0 1.000000
-2.463280 -8.545830 0 -3.261590 -12.688200 214.551000 778.727000 -13 4065 1 0 1.000000
1.319170 -16.876200 0 -18.557800 13.544700 212.221000 778.684000 -13 4066 1 0 1.000000
-5.596660 16.334700 0 0.734425 -19.509100 210.313000 778.815000 -13 4067 1 0 1.000000
4.593370 -30.266100 0 3.728190 -16.338700 220.568000 778.776000 -13 4068 1 0 1.000000
-5.406650 -0.464082 0 8.467960 7.200510 185.834000 778.659000 -13 4069 1 0 1.000000
-18.832800 16.472200 0 12.170600 -3.651460 215.538000 778.629000 -13 4070 1 0 1.000000
-17.921900 -10.682200 0 1.995840 0.198106 222.442000 778.657000 -13 4071 1 0 1.000000
-4.678310 -14.740000 0 -9.428700 -14.483900 202.508000 778.456000 -13 4072 1 0 1.000000
-17.286000 -15.284800 0 0.124748 -1.034540 221.665000 778.831000 -13 4073 1 0 1.000000
-7.068260 0.562216 0 13.976400 -10.669500 196.285000 778.751000 -13 4074 1 0 1.000000
-1.468050 -13.597600 0 -4.525030 -24.485100 196.842000 778.659000 -13 4075 1 0 1.000000
-13.355000 3.719180 0 26.153900 -6.731810 228.624000 778.742000 -13 4076 1 0 1.000000
-4.203130 -6.686760 0 1.072970 -7.018350 199.374000 778.758000 -13 4077 1 0 1.000000
-8.345050 -1.911540 0 -7.990680 -7.256250 219.658000 778.540000 -13 4078 1 0 1.000000
-15.300200 -14.502400 0 6.512770 19.759600 191.498000 778.871000 -13 4079 1 0 1.000000
-22.280200 -12.524800 0 2.599910 -0.494560 195.202000 778.832000 -13 4080 1 0 1.000000
6.192770 -5.317960 0 -8.104690 0.375612 193.506000 778.907000 -13 4081 1 0 1.000000
-6.351640 -14.414800 0 -2.193570 3.008140 185.093000 778.656000 -13 4082 1 0 1.000000
-0.170811 -14.044200 0 7.801010 2.170120 193.093000 778.675000 -13 4083 1 0 1.000000
-7.826060 -4.534540 0 -4.542620 -1.997630 213.083000 779.032000 -13 4084 1 0 1.000000
-2.152010 -8.609010 0 9.124630 30.204200 199.825000 778.843000 -13 4085 1 0 1.000000
26.049400 -9.155450 0 -17.515900 -1.050070 199.721000 778.716000 -13 4086 1 0 1.000000
-30.254500 -1.656860 0 -4.524500 -4.026660 202.787000 778.691000 -13 4087 1 0 1.000000
12.512100 -4.311560 0 0.517533 -10.290600 202.281000 778.885000 -13 4088 1 0 1.000000
-7.788850 -5.626970 0 13.168200 1.063650 210.254000 778.918000 -13 4089 1 0 1.000000
-2.686450 -2.850390 0 12.793700 -26.758800 196.111000 778.644000 -13 4090 1 0 1.000000
5.985910 2.333800 0 9.074310 -15.803500 211.436000 778.899000 -13 4091 1 0 1.000000
-1.823870 -9.247460 0 -16.482900 6.396710 198.711000 778.747000 -13 4092 1 0 1.000000
15.178800 -23.402200 0 5.884170 -28.981800 210.330000 778.730000 -13 4093 1 0 1.000000
-0.785422 -11.368600 0 -1.534890 6.056970 204.927000 778.805000 -13 4094 1 0 1.000000
0.600015 2.714890 0 -7.403520 -12.089300 214.765000 778.592000 -13 4095 1 0 1.000000
-2.122780 -4.103380 0 -15.584800 -23.733600 221.073000 778.805000 -13 4096 1 0 1.000000
-4.906650 -10.926900 0 -1.663110 -5.302580 220.551000 778.652000 -13 4097 1 0 1.000000
5.622640 -5.105540 0 -4.152190 -23.874700 223.853000 778.906000 -13 4098 1 0 1.000000
-26.729000 12.152000 0 -26.830900 13.525400 214.092000 778.528000 -13 4099 1 0 1.000000
-16.230000 -4.819180 0 -7.900830 3.962090 206.238000 778.878000 -13 4100 1 0 1.000000
8.026350 -17.199100 0 0.404173 -2.864890 187.437000 778.528000 -13 4101 1 0 1.000000
-17.792400 -42.291800 0 -12.210800 2.811370 216.852000 778.689000 -13 4102 1 0 1.000000
3.459220 -0.273806 0 4.049640 -14.853600 204.924000 778.783000 -13 4103 1 0 1.000000
-46.004000 10.484700 0 30.473700 7.125750 218.466000 778.676000 -13 4104 1 0 1.000000
-2.423430 4.983940 0 -6.332960 -12.574200 199.330000 778.780000 -13 4105 1 0 1.000000
-27.624700 -7.914770 0 3.035240 12.370100 205.305000 778.459000 -13 4106 1 0 1.000000
-6.636650 -31.403500 0 -2.965910 10.866600 196.857000 778.660000 -13 4107 1 0 1.000000
4.851710 -12.275500 0 19.321700 9.216810 229.301000 778.594000 -13 4108 1 0 1.000000
-5.776850 -3.729210 0 -12.467200 -9.318870 213.918000 778.912000 -13 4109 1 0 1.000000
-38.185100 25.464600 0 5.528660 21.322400 226.871000 778.609000 -13 4110 1 0 1.000000
-14.226600 -10.102600 0 -11.155200 -3.072520 214.120000 778.519000 -13 4111 1 0 1.000000
-11.365600 -14.034100 0 -16.579100 -2.149010 220.233000 778.962000 -13 4112 1 0 1.000000
-0.498051 -16.420000 0 16.003600 -14.718700 201.935000 778.600000 -13 4113 1 0 1.000000
-13.489500 -1.898520 0 -6.384040 -3.841720 206.640000 778.518000 -13 4114 1 0 1.000000
-6.613010 -4.924430 0 8.314160 -15.958500 232.804000 778.433000 -13 4115 1 0 1.000000
15.594300 14.725000 0 -14.987400 -1.829060 207.287000 778.625000 -13 4116 1 0 1.000000
-12.895400 -10.162400 0 -14.228100 7.603000 209.854000 778.894000 -13 4117 1 0 1.000000
8.391280 6.981400 0 2.860190 5.442490 212.336000 778.655000 -13 4118 1 0 1.000000
-15.763000 -16.010100 0 -21.822900 2.301050 213.873000 778.460000 -13 4119 1 0 1.000000
-2.746390 -0.267830 0 9.356670 -17.434200 210.711000 778.577000 -13 4120 1 0 1.000000
-20.529300 12.219100 0 -6.226220 -5.539380 205.813000 778.617000 -13 4121 1 0 1.000000
-17.702200 -3.096730 0 -4.059290 -5.063940 210.263000 778.622000 -13 4122 1 0 1.000000
-28.637400 -2.665370 0 22.741500 6.847930 221.021000 778.953000 -13 4123 1 0 1.000000
6.217570 17.892600 0 -5.425470 -11.006800 203.667000 778.731000 -13 4124 1 0 1.000000
-14.039100 -26.495600 0 0.599175 4.245040 216.022000 778.548000 -13 4125 1 0 1.000000
25.656500 -15.602600 0 12.370500 -3.535400 207.161000 778.564000 -13 4126 1 0 1.000000
9.549260 -15.196200 0 -25.176600 13.402000 224.994000 778.697000 -13 4127 1 0 1.000000
-10.657000 0.951879 0 2.556590 7.535930 210.932000 778.888000 -13 4128 1 0 1.000000
-14.625200 -10.241500 0 2.999010 26.421300 214.364000 778.565000 -13 4129 1 0 1.000000
15.567600 -15.867400 0 6.269060 -12.707800 224.743000 778.655000 -13 4130 1 0 1.000000
-10.734700 -6.539150 0 -11.297900 9.780490 208.873000 778.683000 -13 4131 1 0 1.000000
4.146530 -3.938240 0 -11.268400 -6.307130 204.151000 778.679000 -13 4132 1 0 1.000000
-19.646900 1.174350 0 11.652700 -12.454600 220.617000 778.771000 -13 4133 1 0 1.000000
-9.955050 7.848560 0 1.047080 -0.297562 217.147000 778.735000 -13 4134 1 0 1.000000
-11.031900 10.445100 0 -0.005917 -3.458950 210.891000 778.907000 -13 4135 1 0 1.000000
6.216690 -13.539900 0 -10.811900 14.459600 198.840000 778.961000 -13 4136 1 0 1.000000
-19.564000 2.561640 0 4.351530 -22.591200 218.228000 778.762000 -13 4137 1 0 1.000000
-11.203400 8.204630 0 23.768500 -22.061000 204.987000 778.719000 -13 4138 1 0 1.000000
-1.843420 -25.320200 0 -5.461390 4.269990 203.459000 778.728000 -13 4139 1 0 1.000000
2.506340 -2.711800 0 -11.287200 -11.930200 234.114000 778.673000 -13 4140 1 0 1.000000
-16.779600 -11.004100 0 17.069800 16.520600 217.542000 778.793000 -13 4141 1 0 1.000000
8.653150 -4.611600 0 12.527100 10.139900 209.709000 778.464000 -13 4142 1 0 1.000000
-5.519340 -4.933490 0 -30.875500 -11.448000 193.818000 778.626000 -13 4143 1 0 1.000000
-11.155500 -9.040980 0 -4.081200 -13.544700 191.576000 778.816000 -13 4144 1 0 1.000000
-5.863400 -7.002160 0 -7.381230 -42.630600 226.164000 778.478000 -13 4145 1 0 1.000000
18.764300 1.851980 0 7.976820 8.412400 208.192000 778.852000 -13 4146 1 0 1.000000
11.399500 8.880540 0 2.187530 -1.717560 215.097000 778.838000 -13 4147 1 0 1.000000
-9.542180 -24.466600 0 17.579200 -4.161730 215.968000 778.622000 -13 4148 1 0 1.000000
-1.320480 -1.704270 0 6.070720 -6.328420 217.750000 778.972000 -13 4149 1 0 1.000000
-16.697800 -4.486020 0 17.577400 -8.597380 224.941000 778.636000 -13 4150 1 0 1.000000
-9.593340 -10.846400 0 31.018900 2.031370 211.410000 779.010000 -13 4151 1 0 1.000000
-1.948630 -5.876030 0 2.226190 -12.868900 212.079000 778.684000 -13 4152 1 0 1.000000
-12.673500 -13.437300 0 3.492700 -11.459100 215.804000 778.781000 -13 4153 1 0 1.000000
2.884840 -9.641200 0 8.116950 -0.773728 205.578000 778.591000 -13 4154 1 0 1.000000
-20.697500 -16.772700 0 -2.858840 12.787100 212.382000 778.900000 -13 4155 1 0 1.000000
5.425020 -3.451270 0 -7.396360 7.068060 219.521000 778.753000 -13 4156 1 0 1.000000
7.886190 -0.381499 0 -9.624360 -9.219270 232.770000 778.836000 -13 4157 1 0 1.000000
-6.039420 -15.699100 0 -57.535300 21.823700 240.847000 778.908000 -13 4158 1 0 1.000000
-12.486700 1.580670 0 -1.615660 -4.629140 216.643000 778.441000 -13 4159 1 0 1.000000
-9.501460 -16.063500 0 -2.980030 -3.213040 197.360000 778.708000 -13 4160 1 0 1.000000
-4.616820 -13.538500 0 3.550480 16.893400 203.763000 778.660000 -13 4161 1 0 1.000000
-18.116300 -5.637210 0 2.026420 20.045900 196.320000 778.547000 -13 4162 1 0 1.000000
-4.269340 -10.273900 0 2.587110 0.360871 186.564000 778.499000 -13 4163 1 0 1.000000
-13.710900 2.001250 0 16.310500 -34.552200 234.352000 778.773000 -13 4164 1 0 1.000000
-21.696600 -18.813900 0 4.978590 8.440240 221.372000 779.121000 -13 4165 1 0 1.000000
-10.551600 -0.082418 0 -1.599300 -1.216760 218.125000 778.651000 -13 4166 1 0 1.000000
-24.151700 -3.682080 0 9.894110 0.266047 230.812000 778.675000 -13 4167 1 0 1.000000
22.253900 4.912520 0 -26.955500 -13.023600 215.729000 778.981000 -13 4168 1 0 1.000000
-17.820800 -12.960000 0 0.967389 -7.474700 219.000000 778.778000 -13 4169 1 0 1.000000
4.399400 -0.630776 0 8.874930 -11.860200 192.545000 778.685000 -13 4170 1 0 1.000000
-0.673704 -23.842200 0 8.466350 18.439900 215.652000 779.045000 -13 4171 1 0 1.000000
4.612820 -15.250000 0 -0.086202 -0.121749 190.581000 778.784000 -13 4172 1 0 1.000000
-15.548100 -1.904970 0 -1.480090 -10.768200 194.849000 778.902000 -13 4173 1 0 1.000000
-3.268880 -18.065300 0 19.060800 -9.611480 203.441000 778.935000 -13 4174 1 0 1.000000
-7.383130 0.573075 0 -11.527100 -6.613500 208.206000 778.709000 -13 4175 1 0 1.000000
-4.801430 -6.706670 0 20.391800 -15.117100 208.693000 778.852000 -13 4176 1 0 1.000000
-8.355340 4.657730 0 -26.667300 8.236460 215.104000 778.703000 -13 4177 1 0 1.000000
2.434500 -18.142700 0 -2.489460 8.385370 186.816000 778.683000 -13 4178 1 0 1.000000
-16.845000 -27.334400 0 28.667100 16.454400 207.794000 778.527000 -13 4179 1 0 1.000000
21.592300 -14.721800 0 -31.283600 -10.464400 216.387000 778.685000 -13 4180 1 0 1.000000
4.966080 -9.455210 0 19.388800 -19.090800 211.724000 778.966000 -13 4181 1 0 1.000000
6.086160 2.273970 0 10.149300 -2.319600 196.280000 778.587000 -13 4182 1 0 1.000000
5.630320 -10.377600 0 2.972480 -3.534560 194.527000 778.819000 -13 4183 1 0 1.000000
-17.425100 -15.210000 0 -2.370300 7.325720 213.439000 778.709000 -13 4184 1 0 1.000000
2.306310 -18.248900 0 15.421400 -2.971550 199.833000 778.886000 -13 4185 1 0 1.000000
-8.355480 -15.759500 0 18.140600 6.026780 190.682000 778.543000 -13 4186 1 0 1.000000
-0.219970 3.017100 0 13.814500 0.682862 186.525000 778.690000 -13 4187 1 0 1.000000
5.408320 -3.221190 0 -8.291570 -13.499500 189.727000 778.770000 -13 4188 1 0 1.000000
-8.964820 22.040100 0 2.036500 -15.228300 198.504000 778.895000 -13 4189 1 0 1.000000
4.772530 -15.948500 0 -5.125420 3.562910 201.875000 778.896000 -13 4190 1 0 1.000000
-28.099600 0.881194 0 -1.266500 19.258400 226.485000 778.498000 -13 4191 1 0 1.000000
-16.795400 -9.447300 0 1.829800 2.318840 213.789000 778.435000 -13 4192 1 0 1.000000
6.634950 3.154430 0 -11.658500 -4.962570 187.345000 778.745000 -13 4193 1 0 1.000000
-1.472320 10.241700 0 -8.623450 10.730300 205.005000 778.887000 -13 4194 1 0 1.000000
-15.778800 -15.348700 0 8.928800 -3.202220 199.385000 778.613000 -13 4195 1 0 1.000000
-27.736600 -8.729960 0 6.179520 -0.214155 209.112000 778.612000 -13 4196 1 0 1.000000
-24.656400 2.295820 0 24.776800 -19.730300 221.830000 778.946000 -13 4197 1 0 1.000000
-8.749170 -22.103400 0 23.208800 10.943500 192.512000 778.798000 -13 4198 1 0 1.000000
-12.697800 -9.998170 0 3.011260 -6.237230 214.259000 778.736000 -13 4199 1 0 1.000000
3.944470 -8.176560 0 7.492260 -0.591245 209.322000 778.836000 -13 4200 1 0 1.000000
-5.381430 -21.760400 0 10.865100 -14.065800 201.372000 778.600000 -13 4201 1 0 1.000000
-15.605700 -12.332000 0 -12.653500 -18.318300 209.454000 778.659000 -13 4202 1 0 1.000000
-12.280600 0.503251 0 0.051388 -1.868880 209.736000 778.889000 -13 4203 1 0 1.000000
-24.180000 -22.690900 0 -13.085400 7.640450 198.901000 778.751000 -13 4204 1 0 1.000000
-1.013940 -11.448300 0 -12.068500 18.951800 207.622000 778.782000 -13 4205 1 0 1.000000
4.007810 0.491375 0 6.721210 -19.246600 217.291000 778.782000 -13 4206 1 0 1.000000
-6.862870 -15.210400 0 -6.781240 1.171760 192.683000 778.869000 -13 4207 1 0 1.000000
-7.276430 -7.128690 0 -6.321120 -6.581920 211.511000 778.943000 -13 4208 1 0 1.000000
-18.397000 -7.941060 0 -10.818700 6.555930 212.040000 778.911000 -13 4209 1 0 1.000000
9.675560 -11.847400 0 -2.894980 -10.376200 203.275000 778.761000 -13 4210 1 0 1.000000
-8.567990 -5.495960 0 13.372600 -7.232850 201.164000 778.952000 -13 4211 1 0 1.000000
-3.971480 -10.765000 0 1.946060 -14.614100 210.599000 778.755000 -13 4212 1 0 1.000000
-13.418800 -8.382950 0 -13.986800 42.597900 228.112000 778.535000 -13 4213 1 0 1.000000
-10.174100 -3.872120 0 2.367450 12.686600 208.458000 778.697000 -13 4214 1 0 1.000000
-15.653200 -13.188300 0 30.693700 4.090290 193.034000 778.675000 -13 4215 1 0 1.000000
-3.665690 -12.955300 0 -5.018400 -17.398700 209.435000 778.778000 -13 4216 1 0 1.000000
-4.387040 -0.268092 0 10.665700 -18.758400 211.203000 778.886000 -13 4217 1 0 1.000000
-3.924650 -16.005900 0 -6.773640 -0.852792 213.399000 778.559000 -13 4218 1 0 1.000000
-16.449300 -2.245630 0 12.593600 3.037710 220.460000 779.042000 -13 4219 1 0 1.000000
-4.860470 -8.632180 0 5.789630 -1.887090 230.188000 778.732000 -13 4220 1 0 1.000000
-2.726520 -22.228300 0 10.703700 -5.342490 204.417000 778.569000 -13 4221 1 0 1.000000
-5.325240 -8.534850 0 0.034300 -7.156320 218.620000 778.875000 -13 4222 1 0 1.000000
-1.601610 -0.856928 0 9.734860 -4.350740 196.696000 778.721000 -13 4223 1 0 1.000000
2.031320 -31.196500 0 -5.942640 -11.073400 211.060000 779.043000 -13 4224 1 0 1.000000
17.838000 23.115100 0 0.674319 -0.136453 227.454000 778.641000 -13 4225 1 0 1.000000
-19.478200 -6.747880 0 -7.928470 11.917600 230.776000 778.530000 -13 4226 1 0 1.000000
-7.424170 -16.554500 0 -13.698800 22.163000 189.341000 778.720000 -13 4227 1 0 1.000000
-0.196134 -2.345970 0 -3.939790 6.591570 225.596000 778.657000 -13 4228 1 0 1.000000
-27.030300 -13.954700 0 0.907416 11.259800 204.288000 778.898000 -13 4229 1 0 1.000000
5.104130 -3.341730 0 -17.845000 1.673770 185.916000 778.697000 -13 4230 1 0 1.000000
11.208700 0.271485 0 -2.592620 -9.958200 192.019000 778.793000 -13 4231 1 0 1.000000
-11.437100 -7.875130 0 -19.486000 -7.748090 207.395000 778.650000 -13 4232 1 0 1.000000
-4.908280 12.594600 0 -25.080300 -21.733600 231.158000 778.858000 -13 4233 1 0 1.000000
-1.014820 1.038670 0 11.916300 0.039330 187.550000 778.908000 -13 4234 1 0 1.000000
3.271450 -7.283220 0 11.792500 6.526800 190.862000 778.906000 -13 4235 1 0 1.000000
-5.063020 2.855560 0 -11.806300 12.415300 209.080000 778.453000 -13 4236 1 0 1.000000
-11.864100 5.227160 0 -4.330210 -10.616700 219.860000 778.955000 -13 4237 1 0 1.000000
-17.685000 -17.015600 0 3.664430 4.744020 204.702000 778.692000 -13 4238 1 0 1.000000
11.600400 1.679010 0 -7.340820 -2.665810 208.397000 778.598000 -13 4239 1 0 1.000000
19.967400 -3.643910 0 4.106330 -4.238100 203.085000 778.644000 -13 4240 1 0 1.000000
6.324550 -7.199270 0 2.589960 0.245274 201.267000 778.663000 -13 4241 1 0 1.000000
0.704390 -6.240390 0 -2.323070 -8.409600 188.358000 778.694000 -13 4242 1 0 1.000000
-17.825200 -15.589000 0 -6.676930 5.482620 197.787000 778.529000 -13 4243 1 0 1.000000
-12.802200 -13.748000 0 -2.670140 9.354370 223.474000 778.570000 -13 4244 1 0 1.000000
-4.546530 -7.253090 0 0.996307 -5.894180 195.722000 778.506000 -13 4245 1 0 1.000000
-14.991100 8.167050 0 -0.282026 7.376040 200.514000 778.805000 -13 4246 1 0 1.000000
-44.324500 -6.722310 0 -6.474100 -2.855690 215.863000 778.637000 -13 4247 1 0 1.000000
3.967780 -22.278800 0 -9.259220 -0.991866 195.748000 778.574000 -13 4248 1 0 1.000000
-3.817690 -1.398900 0 7.642540 -18.958700 211.021000 778.772000 -13 4249 1 0 1.000000
7.124240 -16.274300 0 -11.206600 -6.072230 198.687000 778.827000 -13 4250 1 0 1.000000
7.198440 -22.966300 0 -15.942600 -3.072600 185.099000 778.706000 -13 4251 1 0 1.000000
-18.328800 7.125990 0 -7.847480 15.210200 214.428000 778.864000 -13 4252 1 0 1.000000
-25.637100 3.271370 0 -21.586100 -13.019700 220.049000 778.523000 -13 4253 1 0 1.000000
-1.796690 -21.478600 0 -0.405866 12.757900 198.143000 778.734000 -13 4254 1 0 1.000000
-8.301570 -11.626600 0 -18.581100 22.530000 208.293000 778.657000 -13 4255 1 0 1.000000
-2.003790 -15.896800 0 4.238570 -13.377800 222.223000 778.786000 -13 4256 1 0 1.000000
-9.416370 -3.054450 0 -9.921960 -4.598550 204.097000 778.715000 -13 4257 1 0 1.000000
-15.171700 -22.740100 0 -16.017600 -6.370770 209.314000 778.763000 -13 4258 1 0 1.000000
-10.179700 -0.395479 0 18.951100 -14.060500 211.478000 779.375000 -13 4259 1 0 1.000000
-1.014860 -8.524510 0 24.990100 12.433600 217.279000 778.779000 -13 4260 1 0 1.000000
-15.904600 -7.486610 0 -4.595090 -10.000200 210.776000 778.806000 -13 4261 1 0 1.000000
-20.042700 9.097510 0 -14.317200 -2.052670 229.016000 778.851000 -13 4262 1 0 1.000000
-7.848840 -29.195400 0 -2.781420 -14.394100 204.545000 778.792000 -13 4263 1 0 1.000000
6.210850 -7.002010 0 5.455080 -9.362440 204.660000 778.915000 -13 4264 1 0 1.000000
14.901700 -2.418620 0 -18.250300 0.149718 197.220000 778.859000 -13 4265 1 0 1.000000
2.107210 4.119920 0 14.069300 -7.013790 192.076000 778.728000 -13 4266 1 0 1.000000
-8.931140 -5.792280 0 -6.034890 0.119754 193.257000 778.880000 -13 4267 1 0 1.000000
-3.782720 -23.228500 0 21.902500 -6.232480 216.955000 778.831000 -13 4268 1 0 1.000000
-14.659500 -0.966059 0 13.747500 14.635200 206.490000 778.977000 -13 4269 1 0 1.000000
1.778050 -7.237770 0 18.337600 7.881800 207.108000 778.477000 -13 4270 1 0 1.000000
-21.597200 -4.469730 0 7.101890 -7.222580 205.735000 778.875000 -13 4271 1 0 1.000000
-19.203200 -16.246400 0 20.218600 4.323680 217.257000 778.780000 -13 4272 1 0 1.000000
-0.362305 -2.404060 0 -6.561850 17.160100 192.865000 778.733000 -13 4273 1 0 1.000000
-14.212600 -28.371300 0 -4.673630 -2.888650 204.047000 778.682000 -13 4274 1 0 1.000000
6.639220 -11.968100 0 -2.467800 -1.943230 207.138000 778.816000 -13 4275 1 0 1.000000
-6.715070 -9.548130 0 -19.713200 8.667010 203.150000 778.748000 -13 4276 1 0 1.000000
-11.524100 10.056200 0 6.328210 8.719130 206.061000 778.799000 -13 4277 1 0 1.000000
-11.886700 -9.120650 0 -8.379180 -5.871680 212.261000 778.644000 -13 4278 1 0 1.000000
-16.789800 -25.048600 0 7.180260 26.725300 226.088000 778.650000 -13 4279 1 0 1.000000
-4.081340 -20.260300 0 -5.132490 -8.872200 201.945000 778.799000 -13 4280 1 0 1.000000
-1.730340 3.305540 0 11.279400 5.560940 189.117000 778.657000 -13 4281 1 0 1.000000
-12.795300 -6.925220 0 -1.289320 14.240200 221.929000 778.819000 -13 4282 1 0 1.000000
-11.673600 10.068400 0 7.481460 2.405700 207.939000 778.593000 -13 4283 1 0 1.000000
7.485570 -17.777100 0 3.996260 0.689936 211.470000 779.046000 -13 4284 1 0 1.000000
0.687691 10.352100 0 -1.456600 -18.911100 214.186000 778.596000 -13 4285 1 0 1.000000
0.239290 -3.814290 0 2.367130 12.811400 205.037000 778.584000 -13 4286 1 0 1.000000
2.099350 -16.433800 0 -4.450920 1.300900 197.064000 778.679000 -13 4287 1 0 1.000000
-16.095900 1.269860 0 3.427530 0.114444 198.052000 778.918000 -13 4288 1 0 1.000000
-0.622086 -9.175790 0 -21.801300 10.476100 200.491000 778.796000 -13 4289 1 0 1.000000
-0.468456 -6.301800 0 11.198900 31.523500 190.756000 778.814000 -13 4290 1 0 1.000000
-18.011800 -32.772000 0 -4.756110 1.486350 225.835000 778.579000 -13 4291 1 0 1.000000
-4.867050 2.963940 0 -14.533200 11.482300 186.308000 778.721000 -13 4292 1 0 1.000000
-21.158800 -2.627650 0 -0.741854 -7.946050 188.094000 778.601000 -13 4293 1 0 1.000000
11.948800 -7.261420 0 -17.412100 6.314750 192.414000 778.823000 -13 4294 1 0 1.000000
-7.996740 14.998200 0 -15.919900 -1.967130 199.772000 778.709000 -13 4295 1 0 1.000000
-2.133210 -26.033100 0 2.408200 31.258700 227.125000 778.746000 -13 4296 1 0 1.000000
-7.678850 2.066730 0 6.647370 6.903000 192.314000 778.975000 -13 4297 1 0 1.000000
17.515600 7.848770 0 1.143260 1.908240 206.424000 779.009000 -13 4298 1 0 1.000000
-8.316910 4.303400 0 17.142900 22.601900 224.943000 778.759000 -13 4299 1 0 1.000000
-26.848200 -23.113000 0 1.430860 -4.127760 204.515000 778.906000 -13 4300 1 0 1.000000
-2.446280 -22.646800 0 26.469000 -18.034800 205.928000 779.047000 -13 4301 1 0 1.000000
16.201100 -11.092800 0 0.737274 10.941700 217.383000 778.811000 -13 4302 1 0 1.000000
1.572920 -13.915700 0 1.599430 0.303743 190.205000 778.766000 -13 4303 1 0 1.000000
-5.344310 -9.761160 0 -20.425500 -2.266800 203.448000 779.009000 -13 4304 1 0 1.000000
17.458400 -11.504800 0 -12.226400 -1.481170 206.031000 778.863000 -13 4305 1 0 1.000000
-22.131500 16.220200 0 -5.146350 12.570100 227.279000 778.901000 -13 4306 1 0 1.000000
-16.846600 -0.590114 0 -10.274400 -2.079920 211.973000 778.757000 -13 4307 1 0 1.000000
-9.490030 -13.614900 0 1.765960 0.151123 212.064000 778.928000 -13 4308 1 0 1.000000
3.818790 -26.087700 0 9.933690 -3.771770 205.285000 778.792000 -13 4309 1 0 1.000000
-12.725600 -7.277160 0 -4.566210 12.784200 222.424000 778.675000 -13 4310 1 0 1.000000
7.805460 0.198242 0 -7.727660 -1.600110 214.597000 778.924000 -13 4311 1 0 1.000000
24.189200 -14.494000 0 4.713960 -0.736070 200.721000 778.673000 -13 4312 1 0 1.000000
2.261710 0.688603 0 14.005700 -15.988000 200.363000 778.960000 -13 4313 1 0 1.000000
-1.334720 8.648610 0 8.264980 -0.550791 212.870000 778.819000 -13 4314 1 0 1.000000
-18.498500 -11.833700 0 -1.052580 -10.512400 218.679000 778.731000 -13 4315 1 0 1.000000
-1.583810 -13.866500 0 2.712100 5.489320 184.379000 778.961000 -13 4316 1 0 1.000000
-6.891110 19.216300 0 -8.754970 1.725970 202.798000 778.815000 -13 4317 1 0 1.000000
-13.079500 -1.771300 0 -8.290990 -4.737150 228.822000 778.679000 -13 4318 1 0 1.000000
-9.716980 -16.326000 0 -15.848200 -1.008280 207.850000 778.578000 -13 4319 1 0 1.000000
-21.986800 -16.074200 0 9.835960 9.720330 221.393000 778.548000 -13 4320 1 0 1.000000
-24.496000 1.585970 0 -11.260800 17.184500 215.726000 778.729000 -13 4321 1 0 1.000000
-16.553500 -1.315180 0 2.150780 -6.333990 212.274000 778.621000 -13 4322 1 0 1.000000
-10.371100 -0.241471 0 14.706800 -1.210480 207.688000 778.685000 -13 4323 1 0 1.000000
-1.370510 -20.038400 0 -0.598794 -0.069748 210.494000 778.750000 -13 4324 1 0 1.000000
-7.520730 -11.195500 0 -0.729491 10.015700 216.247000 778.675000 -13 4325 1 0 1.000000
12.142600 2.902490 0 1.561030 -3.539400 204.563000 778.409000 -13 4326 1 0 1.000000
9.545230 -9.978030 0 -0.875086 20.176300 209.155000 778.879000 -13 4327 1 0 1.000000
-22.168400 10.665100 0 -14.634200 -5.734200 208.343000 778.869000 -13 4328 1 0 1.000000
1.399920 -16.681700 0 -3.327600 -9.300510 214.848000 778.394000 -13 4329 1 0 1.000000
-1.303500 -6.614330 0 -25.831000 22.109500 213.102000 778.598000 -13 4330 1 0 1.000000
-6.180080 -15.487900 0 12.529800 13.594500 199.395000 778.823000 -13 4331 1 0 1.000000
4.157170 -9.639520 0 -12.509500 24.847700 194.935000 778.805000 -13 4332 1 0 1.000000
-1.662010 -4.739580 0 -5.369480 -7.229680 212.699000 778.885000 -13 4333 1 0 1.000000
0.095083 -5.261740 0 1.035790 4.954390 210.111000 778.563000 -13 4334 1 0 1.000000
-12.170900 -9.562420 0 -9.374570 3.266580 211.162000 778.811000 -13 4335 1 0 1.000000
-16.012100 -2.812520 0 8.790970 10.452300 211.222000 778.690000 -13 4336 1 0 1.000000
-12.727200 -10.639500 0 13.260200 -21.892200 213.739000 778.654000 -13 4337 1 0 1.000000
-11.124300 -3.736940 0 -0.177294 -8.760800 208.607000 778.887000 -13 4338 1 0 1.000000
10.934700 -18.935800 0 -23.348900 9.025430 225.565000 778.779000 -13 4339 1 0 1.000000
12.205800 -18.372700 0 -10.162300 6.948970 212.740000 778.926000 -13 4340 1 0 1.000000
-6.412310 -14.943700 0 3.640200 -19.618200 202.159000 778.900000 -13 4341 1 0 1.000000
-3.115300 -9.715010 0 -2.418010 4.456620 214.559000 778.851000 -13 4342 1 0 1.000000
20.168600 2.155010 0 -27.109400 -18.277600 200.027000 778.738000 -13 4343 1 0 1.000000
-5.171720 3.451580 0 -3.874250 -8.676610 221.484000 778.814000 -13 4344 1 0 1.000000
-12.488800 -14.726600 0 -8.334040 4.308020 224.456000 778.795000 -13 4345 1 0 1.000000
-14.789500 -1.566640 0 2.262280 3.724200 201.383000 778.917000 -13 4346 1 0 1.000000
11.513800 -0.091361 0 10.286300 12.427200 207.111000 778.727000 -13 4347 1 0 1.000000
-7.211030 -10.458400 0 8.465090 10.427700 185.381000 778.890000 -13 4348 1 0 1.000000
-8.389510 -8.577500 0 -7.036380 -8.877910 196.614000 778.648000 -13 4349 1 0 1.000000
3.002630 -15.510100 0 -3.744550 11.167600 186.374000 778.709000 -13 4350 1 0 1.000000
-3.924260 -4.395560 0 10.969600 16.349700 197.729000 779.023000 -13 4351 1 0 1.000000
-10.674900 -15.172400 0 -18.443800 2.024260 211.815000 778.788000 -13 4352 1 0 1.000000
6.522450 -13.810400 0 -0.202697 -13.089300 208.101000 778.645000 -13 4353 1 0 1.000000
17.240500 -14.281100 0 -3.332590 -26.070100 212.703000 778.698000 -13 4354 1 0 1.000000
-17.868600 -11.965700 0 0.269884 0.682309 208.197000 778.777000 -13 4355 1 0 1.000000
-23.744200 -0.250655 0 4.379980 -9.165680 218.378000 778.557000 -13 4356 1 0 1.000000
3.663890 -7.198560 0 -39.924100 -5.637910 212.739000 778.908000 -13 4357 1 0 1.000000
-3.932070 -25.229100 0 -7.329700 -12.349000 207.452000 778.956000 -13 4358 1 0 1.000000
-14.092600 -7.964840 0 0.819696 7.147780 214.097000 778.737000 -13 4359 1 0 1.000000
-3.570830 -9.743970 0 -28.756800 17.757600 205.936000 778.702000 -13 4360 1 0 1.000000
-20.813300 -16.279000 0 -7.855750 5.831860 217.362000 778.651000 -13 4361 1 0 1.000000
-10.767600 -14.632000 0 8.069910 -9.851830 202.721000 778.906000 -13 4362 1 0 1.000000
2.315380 4.097270 0 -19.046200 -14.939200 185.505000 778.925000 -13 4363 1 0 1.000000
-7.759820 -0.545732 0 -8.795730 -21.174000 212.677000 778.876000 -13 4364 1 0 1.000000
-17.227400 -8.832470 0 13.457000 4.369430 210.690000 778.887000 -13 4365 1 0 1.000000
-13.234600 -4.976220 0 -7.054370 -2.296810 202.451000 778.849000 -13 4366 1 0 1.000000
-15.191000 -8.605710 0 -12.282600 23.174300 214.136000 778.876000 -13 4367 1 0 1.000000
-2.950760 -8.503450 0 9.524340 12.511000 204.334000 778.816000 -13 4368 1 0 1.000000
-11.085800 -19.400500 0 5.699270 -16.607300 200.379000 778.643000 -13 4369 1 0 1.000000
5.728350 -18.186000 0 -10.168000 4.431360 197.667000 778.679000 -13 4370 1 0 1.000000
-3.951500 -24.736700 0 -4.206890 3.547930 208.802000 778.816000 -13 4371 1 0 1.000000
-21.279100 -12.907900 0 -9.008290 -11.460900 215.850000 778.786000 -13 4372 1 0 1.000000
4.727770 -10.701700 0 3.499920 -0.812194 200.453000 778.873000 -13 4373 1 0 1.000000
-10.919400 -13.525100 0 11.127800 8.259610 203.542000 778.946000 -13 4374 1 0 1.000000
-4.003660 1.116640 0 16.380700 -10.195800 190.164000 778.711000 -13 4375 1 0 1.000000
-26.621700 -7.928040 0 -11.381600 5.538470 199.779000 778.683000 -13 4376 1 0 1.000000
-6.446750 -12.917200 0 -5.750740 5.539010 219.051000 778.484000 -13 4377 1 0 1.000000
-1.604040 -8.754620 0 -7.630660 11.736900 229.230000 778.750000 -13 4378 1 0 1.000000
6.814200 -2.886140 0 -6.133060 13.908600 201.603000 778.561000 -13 4379 1 0 1.000000
-12.972300 1.732190 0 -0.761214 -10.270500 195.682000 778.695000 -13 4380 1 0 1.000000
7.565960 -9.733910 0 1.863310 -8.413600 202.298000 778.631000 -13 4381 1 0 1.000000
4.573220 -17.409800 0 6.965710 3.114030 202.435000 778.584000 -13 4382 1 0 1.000000
-3.252100 -16.388800 0 -10.880400 1.970430 198.537000 778.743000 -13 4383 1 0 1.000000
-16.993000 -1.060090 0 0.958149 22.145700 194.014000 778.579000 -13 4384 1 0 1.000000
-30.278800 -2.709750 0 3.581510 -10.454400 206.799000 778.905000 -13 4385 1 0 1.000000
-12.288400 2.682550 0 5.558490 -3.465690 209.733000 778.859000 -13 4386 1 0 1.000000
-27.392500 -18.650800 0 -4.889130 -2.269260 190.923000 778.713000 -13 4387 1 0 1.000000
-14.020800 -2.347560 0 -8.721650 0.981354 202.469000 778.757000 -13 4388 1 0 1.000000
-4.708650 -15.073100 0 11.376300 2.332350 205.377000 778.679000 -13 4389 1 0 1.000000
-15.616600 -0.271286 0 1.084130 4.278780 217.336000 778.859000 -13 4390 1 0 1.000000
-4.643040 -21.893700 0 7.868620 -14.687700 225.386000 778.832000 -13 4391 1 0 1.000000
-22.509500 -10.824700 0 -1.513040 15.326900 206.696000 778.785000 -13 4392 1 0 1.000000
-15.151300 -2.202910 0 2.407860 5.791040 222.581000 778.719000 -13 4393 1 0 1.000000
1.202990 -15.702100 0 -7.603470 7.755020 210.301000 778.846000 -13 4394 1 0 1.000000
0.281258 -12.925400 0 9.740580 11.542800 213.474000 778.888000 -13 4395 1 0 1.000000
4.023440 -4.667320 0 -12.943300 -12.079300 213.489000 778.779000 -13 4396 1 0 1.000000
-0.669038 -15.115400 0 13.356000 -13.989400 214.059000 778.874000 -13 4397 1 0 1.000000
-16.451100 3.122190 0 11.373200 1.072920 220.603000 778.742000 -13 4398 1 0 1.000000
1.179380 6.182750 0 10.410800 -14.063900 207.263000 778.574000 -13 4399 1 0 1.000000
-39.941900 -14.726400 0 -20.401100 17.199200 213.527000 778.945000 -13 4400 1 0 1.000000
-1.884650 -16.298000 0 2.999880 -10.525500 206.753000 778.617000 -13 4401 1 0 1.000000
-2.379810 -22.818300 0 1.129120 10.170000 198.755000 778.651000 -13 4402 1 0 1.000000
-0.225313 -16.216700 0 6.549850 -26.715000 205.015000 778.633000 -13 4403 1 0 1.000000
4.040170 7.203040 0 12.095000 -1.416410 211.640000 778.584000 -13 4404 1 0 1.000000
-1.324930 -27.743300 0 0.689159 9.261660 198.276000 778.538000 -13 4405 1 0 1.000000
-16.520600 -13.485800 0 -14.214100 8.286570 200.215000 778.663000 -13 4406 1 0 1.000000
-0.406410 -22.579400 0 -12.454400 -1.628970 189.419000 778.653000 -13 4407 1 0 1.000000
