G4BL_DIR=/home/incik/G4beamline-3.08
G4LEDATA=/home/incik/Geant4Data/G4EMLOW8.0
G4ENSDFSTATEDATA=/home/incik/Geant4Data/G4ENSDFSTATE2.3
G4PARTICLEXSDATA=/home/incik/Geant4Data/G4PARTICLEXS4.0
G4LEVELGAMMADATA=/home/incik/Geant4Data/PhotonEvaporation5.7
G4RADIOACTIVEDATA=/home/incik/Geant4Data/RadioactiveDecay5.6
G4beamline Process ID 9495

*************************************************************
 g4beamline version: 3.08                        (Aug 11 2022)
                      Copyright : Tom Roberts, Muons, Inc.
                        License : Gnu Public License
                            WWW : http://g4beamline.muonsinc.com

          ################################
          !!! G4Backtrace is activated !!!
          ################################


**************************************************************
 Geant4 version Name: geant4-11-00-patch-02 [MT]   (25-May-2022)
                       Copyright : Geant4 Collaboration
                      References : NIM A 506 (2003), 250-303
                                 : IEEE-TNS 53 (2006), 270-278
                                 : NIM A 835 (2016), 186-225
                             WWW : http://geant4.org/
**************************************************************

geometry                   nPoints=100 printGeometry=0 visual=0
                           tolerance=0.002
param        filename      for009
param        last          2000
param        final_output  beam_stage2_noerrout
G4PhysListFactory::GetReferencePhysList <QGSP_BERT_EMX>  EMoption= 2
<<< Geant4 Physics List simulation engine: QGSP_BERT

G4VModularPhysicsList::ReplacePhysics: G4EmStandard with type : 2 is replaced with G4EmStandard_opt2

physics      QGSP_BERT_EMX disable= inactivate= deactivate= doStochastics=1
                           fluct=1 minRangeCut=1 list=0 gammaToMuPair=0
                           spinTracking=0 synchrotronRadiation=0
                           synchrotronRadiationMuon=0 maxTime=1e+06
param        pi            3.1415926
param        ncells        40
param        cell_length   1800
param        coilname      coil
param        coil_length   509.8057366700792
param        coil_radius   450
param        coil_width    225
param        solpos        0.19931741627235866
param        bendpos       0.1
param        current       52.30429801780153
param        angle         1.5
param        dipole        0.084
param        dipole_length 100
param        pres          35
param        rf_grad       23.635989510791358
param        rf_length     220
param        rf_fre        0.352
param        rf_ph         27.13412117208823
param        rf_window_length 0.08
param        wallthick     0.08
material H2     Z=1.00 A=1.01
                density=0.003 temperature=273 pressure=35.0
param        cavity_gas    Vacuum
param        pipe_radius   190
param        pipe_diameter 380
param        fringe_length 760
param        pipe_length   349.6
param        wedge_window_length 0.24
param        half_wedge_length 280
param        wedge_apex    120
param        end_z         73810
param        x_last        -6.81
param        y_last        -9.84
param        x_off         -6.4163565
param        y_off         -11.353351
param        first         1
param        ref_momentum  204
reference                  particle=mu+ beamX=-6.416 beamY=-11.35 beamZ=0
                           beamT=190.1 rotation= referenceMomentum=204
                           beamXp=0 beamYp=0 meanMomentum=204 meanXp=0
                           meanYp=0 tuneZ=-3.7e+21 tuneMomentum=-3.7e+21
                           tolerance=0.001 noEfield=1 noBfield=1 noEloss=1
                           P=204
beam    ASCII   nEvents=2147483647 firstEvent=-1 lastEvent=2147483647 beamZ=-3700000000000000000000.0 maxR=1000000.0 renumber=0 weight=1.000000 
		filename=beam_stage1_noerr_upt.txt format=BLTrackFile 
		
trackcuts                  kill= keep= killSecondaries=1 kineticEnergyCut=0
                           kineticEnergyMax=1.798e+308 maxTime=1e+06
                           keepPrimaries=0 steppingVerbose=0
trace                      nTrace=1 format=Trace oneNTuple=0 primaryOnly=0
                           traceTune=1 filename=Ev%dTrk%d file=Ev%dTrk%d
                           require= coordinates=Centerline
genericbend  solbend       fieldWidth=1000 fieldHeight=1000 fieldLength=100
                           ironWidth=-1 ironHeight=-1 ironLength=-1 By=0.084
                           maxStep=100 fieldMaterial=Vacuum fieldColor=
                           ironMaterial=Fe ironColor=1,1,1 kill=1 fringe=0
                           fringeFactor=1 openAperture=1
fieldexpr fringe_left: Map 30000 points  Max Relative Error = 0.0012
fieldexpr fringe_left: Map 178503 points  Max Relative Error = 0.0003
fieldexpr    fringe_left   factorB=1 factorE=1 timeOffset=0 Bx=
                           By=0.084*((1+exp(5*-z/380)*cos(5*y/380))/(1+2*exp(5*-z/380)*cos(5*y/380)+exp(2*5*-z/380)))
                           Bz=-0.084*exp(5*-z/380)*sin(5*y/380)/(1+2*exp(5*-z/380)*cos(5*y/380)+exp(2*5*-z/380))
                           Br= Bphi= Ex= Ey= Ez= Er= time= nX=3 nY=199 nZ=299
                           nR=11 nT=11 tolerance=0.001 length=760 width=380
                           height=380 radius=-1 tmin=0 tmax=0
fieldexpr fringe_right: Map 30000 points  Max Relative Error = 0.0012
fieldexpr fringe_right: Map 178503 points  Max Relative Error = 0.0003
fieldexpr    fringe_right  factorB=1 factorE=1 timeOffset=0 Bx=
                           By=0.084*((1+exp(5*z/380)*cos(5*y/380))/(1+2*exp(5*z/380)*cos(5*y/380)+exp(2*5*z/380)))
                           Bz=-0.084*exp(5*z/380)*sin(5*y/380)/(1+2*exp(5*z/380)*cos(5*y/380)+exp(2*5*z/380))
                           Br= Bphi= Ex= Ey= Ez= Er= time= nX=3 nY=199 nZ=299
                           nR=11 nT=11 tolerance=0.001 length=760 width=380
                           height=380 radius=-1 tmin=0 tmax=0
coil    coil    innerRadius=450.0 outerRadius=675.0 length=509.8 material=Cu 
		tolerance=0.002 nSheets=0 
		maxR=1350.0 maxZ=1800.0 dR=0.0 dZ=0.0 filename=coil.dat 
coilmap coil    tolerance=0.00200 [fraction of Bz(r=0,z=0)]
coilmap coil    read file 'coil.dat'  dR=16.9 dZ=16.9
solenoid     sol1          coilName=coil current=52.3 color=1,1,1 alternate=0
                           kill=1 coil=coil
solenoid     sol2          coilName=coil current=-52.3 color=1,1,1 alternate=0
                           kill=1 coil=coil
tubs         pipe          innerRadius=190 outerRadius=191 initialPhi=0
                           finalPhi=360 length=349.6 maxStep=100 material=
                           color=1,1,1 kill=1 radius=191
pillbox      cavity        maxGradient=23.64 color=1.0,0.0,0.0 frequency=0.352
                           innerLength=220 innerRadius=326 pipeThick=3
                           wallThick=0.08 irisRadius=190 collarRadialThick=5
                           collarThick=0 win1Thick=0.08 win1OuterRadius=50
                           win2Thick=0.08 winMat=Be phaseAcc=27.13
                           skinDepth=0.002 timingTolerance=0.001 maxStep=100
                           cavityMaterial=Vacuum timeOffset=-4.7e+21
                           timeIncrement=0 fieldMapFile= kill=1
box          wedge_window  height=161.7 width=323.3 length=0.24 maxStep=100
                           material=Be color=1,1,1 kill=0
trap         all_wedge     height=161.7 upperWidth=0.001 lowerWidth=560 Xul=0
                           Xur=0 Xll=0 Xlr=0 length=161.7 maxStep=100
                           material=LH2 color=1,1,1 kill=0
do i=-2,40,1
(do i=-2)
place   sol1    copies=1 x=0.0 y=0.0 z=-3241.2 rename='sol_a_-2'
place   sol2    copies=1 x=0.0 y=0.0 z=-2158.8 rename='sol_b_-2'
(do i=-1)
place   sol1    copies=1 x=0.0 y=0.0 z=-1441.2 rename='sol_a_-1'
place   sol2    copies=1 x=0.0 y=0.0 z=-358.8 rename='sol_b_-1'
(do i=0)
place   sol1    copies=1 x=0.0 y=0.0 z=358.8 rename='sol_a_0'
place   sol2    copies=1 x=0.0 y=0.0 z=1441.2 rename='sol_b_0'
(do i=1)
place   sol1    copies=1 x=0.0 y=0.0 z=2158.8 rename='sol_a_1'
place   sol2    copies=1 x=0.0 y=0.0 z=3241.2 rename='sol_b_1'
(do i=2)
place   sol1    copies=1 x=0.0 y=0.0 z=3958.8 rename='sol_a_2'
place   sol2    copies=1 x=0.0 y=0.0 z=5041.2 rename='sol_b_2'
(do i=3)
place   sol1    copies=1 x=0.0 y=0.0 z=5758.8 rename='sol_a_3'
place   sol2    copies=1 x=0.0 y=0.0 z=6841.2 rename='sol_b_3'
(do i=4)
place   sol1    copies=1 x=0.0 y=0.0 z=7558.8 rename='sol_a_4'
place   sol2    copies=1 x=0.0 y=0.0 z=8641.2 rename='sol_b_4'
(do i=5)
place   sol1    copies=1 x=0.0 y=0.0 z=9358.8 rename='sol_a_5'
place   sol2    copies=1 x=0.0 y=0.0 z=10441.2 rename='sol_b_5'
(do i=6)
place   sol1    copies=1 x=0.0 y=0.0 z=11158.8 rename='sol_a_6'
place   sol2    copies=1 x=0.0 y=0.0 z=12241.2 rename='sol_b_6'
(do i=7)
place   sol1    copies=1 x=0.0 y=0.0 z=12958.8 rename='sol_a_7'
place   sol2    copies=1 x=0.0 y=0.0 z=14041.2 rename='sol_b_7'
(do i=8)
place   sol1    copies=1 x=0.0 y=0.0 z=14758.8 rename='sol_a_8'
place   sol2    copies=1 x=0.0 y=0.0 z=15841.2 rename='sol_b_8'
(do i=9)
place   sol1    copies=1 x=0.0 y=0.0 z=16558.8 rename='sol_a_9'
place   sol2    copies=1 x=0.0 y=0.0 z=17641.2 rename='sol_b_9'
(do i=10)
place   sol1    copies=1 x=0.0 y=0.0 z=18358.8 rename='sol_a_10'
place   sol2    copies=1 x=0.0 y=0.0 z=19441.2 rename='sol_b_10'
(do i=11)
place   sol1    copies=1 x=0.0 y=0.0 z=20158.8 rename='sol_a_11'
place   sol2    copies=1 x=0.0 y=0.0 z=21241.2 rename='sol_b_11'
(do i=12)
place   sol1    copies=1 x=0.0 y=0.0 z=21958.8 rename='sol_a_12'
place   sol2    copies=1 x=0.0 y=0.0 z=23041.2 rename='sol_b_12'
(do i=13)
place   sol1    copies=1 x=0.0 y=0.0 z=23758.8 rename='sol_a_13'
place   sol2    copies=1 x=0.0 y=0.0 z=24841.2 rename='sol_b_13'
(do i=14)
place   sol1    copies=1 x=0.0 y=0.0 z=25558.8 rename='sol_a_14'
place   sol2    copies=1 x=0.0 y=0.0 z=26641.2 rename='sol_b_14'
(do i=15)
place   sol1    copies=1 x=0.0 y=0.0 z=27358.8 rename='sol_a_15'
place   sol2    copies=1 x=0.0 y=0.0 z=28441.2 rename='sol_b_15'
(do i=16)
place   sol1    copies=1 x=0.0 y=0.0 z=29158.8 rename='sol_a_16'
place   sol2    copies=1 x=0.0 y=0.0 z=30241.2 rename='sol_b_16'
(do i=17)
place   sol1    copies=1 x=0.0 y=0.0 z=30958.8 rename='sol_a_17'
place   sol2    copies=1 x=0.0 y=0.0 z=32041.2 rename='sol_b_17'
(do i=18)
place   sol1    copies=1 x=0.0 y=0.0 z=32758.8 rename='sol_a_18'
place   sol2    copies=1 x=0.0 y=0.0 z=33841.2 rename='sol_b_18'
(do i=19)
place   sol1    copies=1 x=0.0 y=0.0 z=34558.8 rename='sol_a_19'
place   sol2    copies=1 x=0.0 y=0.0 z=35641.2 rename='sol_b_19'
(do i=20)
place   sol1    copies=1 x=0.0 y=0.0 z=36358.8 rename='sol_a_20'
place   sol2    copies=1 x=0.0 y=0.0 z=37441.2 rename='sol_b_20'
(do i=21)
place   sol1    copies=1 x=0.0 y=0.0 z=38158.8 rename='sol_a_21'
place   sol2    copies=1 x=0.0 y=0.0 z=39241.2 rename='sol_b_21'
(do i=22)
place   sol1    copies=1 x=0.0 y=0.0 z=39958.8 rename='sol_a_22'
place   sol2    copies=1 x=0.0 y=0.0 z=41041.2 rename='sol_b_22'
(do i=23)
place   sol1    copies=1 x=0.0 y=0.0 z=41758.8 rename='sol_a_23'
place   sol2    copies=1 x=0.0 y=0.0 z=42841.2 rename='sol_b_23'
(do i=24)
place   sol1    copies=1 x=0.0 y=0.0 z=43558.8 rename='sol_a_24'
place   sol2    copies=1 x=0.0 y=0.0 z=44641.2 rename='sol_b_24'
(do i=25)
place   sol1    copies=1 x=0.0 y=0.0 z=45358.8 rename='sol_a_25'
place   sol2    copies=1 x=0.0 y=0.0 z=46441.2 rename='sol_b_25'
(do i=26)
place   sol1    copies=1 x=0.0 y=0.0 z=47158.8 rename='sol_a_26'
place   sol2    copies=1 x=0.0 y=0.0 z=48241.2 rename='sol_b_26'
(do i=27)
place   sol1    copies=1 x=0.0 y=0.0 z=48958.8 rename='sol_a_27'
place   sol2    copies=1 x=0.0 y=0.0 z=50041.2 rename='sol_b_27'
(do i=28)
place   sol1    copies=1 x=0.0 y=0.0 z=50758.8 rename='sol_a_28'
place   sol2    copies=1 x=0.0 y=0.0 z=51841.2 rename='sol_b_28'
(do i=29)
place   sol1    copies=1 x=0.0 y=0.0 z=52558.8 rename='sol_a_29'
place   sol2    copies=1 x=0.0 y=0.0 z=53641.2 rename='sol_b_29'
(do i=30)
place   sol1    copies=1 x=0.0 y=0.0 z=54358.8 rename='sol_a_30'
place   sol2    copies=1 x=0.0 y=0.0 z=55441.2 rename='sol_b_30'
(do i=31)
place   sol1    copies=1 x=0.0 y=0.0 z=56158.8 rename='sol_a_31'
place   sol2    copies=1 x=0.0 y=0.0 z=57241.2 rename='sol_b_31'
(do i=32)
place   sol1    copies=1 x=0.0 y=0.0 z=57958.8 rename='sol_a_32'
place   sol2    copies=1 x=0.0 y=0.0 z=59041.2 rename='sol_b_32'
(do i=33)
place   sol1    copies=1 x=0.0 y=0.0 z=59758.8 rename='sol_a_33'
place   sol2    copies=1 x=0.0 y=0.0 z=60841.2 rename='sol_b_33'
(do i=34)
place   sol1    copies=1 x=0.0 y=0.0 z=61558.8 rename='sol_a_34'
place   sol2    copies=1 x=0.0 y=0.0 z=62641.2 rename='sol_b_34'
(do i=35)
place   sol1    copies=1 x=0.0 y=0.0 z=63358.8 rename='sol_a_35'
place   sol2    copies=1 x=0.0 y=0.0 z=64441.2 rename='sol_b_35'
(do i=36)
place   sol1    copies=1 x=0.0 y=0.0 z=65158.8 rename='sol_a_36'
place   sol2    copies=1 x=0.0 y=0.0 z=66241.2 rename='sol_b_36'
(do i=37)
place   sol1    copies=1 x=0.0 y=0.0 z=66958.8 rename='sol_a_37'
place   sol2    copies=1 x=0.0 y=0.0 z=68041.2 rename='sol_b_37'
(do i=38)
place   sol1    copies=1 x=0.0 y=0.0 z=68758.8 rename='sol_a_38'
place   sol2    copies=1 x=0.0 y=0.0 z=69841.2 rename='sol_b_38'
(do i=39)
place   sol1    copies=1 x=0.0 y=0.0 z=70558.8 rename='sol_a_39'
place   sol2    copies=1 x=0.0 y=0.0 z=71641.2 rename='sol_b_39'
(do i=40)
place   sol1    copies=1 x=0.0 y=0.0 z=72358.8 rename='sol_a_40'
place   sol2    copies=1 x=0.0 y=0.0 z=73441.2 rename='sol_b_40'
enddo
do i=-2,40,1
(do i=-2)
place   solbend copies=1 x=0.0 y=0.0 z=-3420.0 rename='solbend_a_-2'
place   solbend copies=1 x=0.0 y=0.0 z=-1980.0 rename='solbend_b_-2'
(do i=-1)
place   solbend copies=1 x=0.0 y=0.0 z=-1620.0 rename='solbend_a_-1'
place   solbend copies=1 x=0.0 y=0.0 z=-180.0 rename='solbend_b_-1'
(do i=0)
place   solbend copies=1 x=0.0 y=0.0 z=180.0 rename='solbend_a_0'
place   solbend copies=1 x=0.0 y=0.0 z=1620.0 rename='solbend_b_0'
(do i=1)
place   solbend copies=1 x=0.0 y=0.0 z=1980.0 rename='solbend_a_1'
place   solbend copies=1 x=0.0 y=0.0 z=3420.0 rename='solbend_b_1'
(do i=2)
place   solbend copies=1 x=0.0 y=0.0 z=3780.0 rename='solbend_a_2'
place   solbend copies=1 x=0.0 y=0.0 z=5220.0 rename='solbend_b_2'
(do i=3)
place   solbend copies=1 x=0.0 y=0.0 z=5580.0 rename='solbend_a_3'
place   solbend copies=1 x=0.0 y=0.0 z=7020.0 rename='solbend_b_3'
(do i=4)
place   solbend copies=1 x=0.0 y=0.0 z=7380.0 rename='solbend_a_4'
place   solbend copies=1 x=0.0 y=0.0 z=8820.0 rename='solbend_b_4'
(do i=5)
place   solbend copies=1 x=0.0 y=0.0 z=9180.0 rename='solbend_a_5'
place   solbend copies=1 x=0.0 y=0.0 z=10620.0 rename='solbend_b_5'
(do i=6)
place   solbend copies=1 x=0.0 y=0.0 z=10980.0 rename='solbend_a_6'
place   solbend copies=1 x=0.0 y=0.0 z=12420.0 rename='solbend_b_6'
(do i=7)
place   solbend copies=1 x=0.0 y=0.0 z=12780.0 rename='solbend_a_7'
place   solbend copies=1 x=0.0 y=0.0 z=14220.0 rename='solbend_b_7'
(do i=8)
place   solbend copies=1 x=0.0 y=0.0 z=14580.0 rename='solbend_a_8'
place   solbend copies=1 x=0.0 y=0.0 z=16020.0 rename='solbend_b_8'
(do i=9)
place   solbend copies=1 x=0.0 y=0.0 z=16380.0 rename='solbend_a_9'
place   solbend copies=1 x=0.0 y=0.0 z=17820.0 rename='solbend_b_9'
(do i=10)
place   solbend copies=1 x=0.0 y=0.0 z=18180.0 rename='solbend_a_10'
place   solbend copies=1 x=0.0 y=0.0 z=19620.0 rename='solbend_b_10'
(do i=11)
place   solbend copies=1 x=0.0 y=0.0 z=19980.0 rename='solbend_a_11'
place   solbend copies=1 x=0.0 y=0.0 z=21420.0 rename='solbend_b_11'
(do i=12)
place   solbend copies=1 x=0.0 y=0.0 z=21780.0 rename='solbend_a_12'
place   solbend copies=1 x=0.0 y=0.0 z=23220.0 rename='solbend_b_12'
(do i=13)
place   solbend copies=1 x=0.0 y=0.0 z=23580.0 rename='solbend_a_13'
place   solbend copies=1 x=0.0 y=0.0 z=25020.0 rename='solbend_b_13'
(do i=14)
place   solbend copies=1 x=0.0 y=0.0 z=25380.0 rename='solbend_a_14'
place   solbend copies=1 x=0.0 y=0.0 z=26820.0 rename='solbend_b_14'
(do i=15)
place   solbend copies=1 x=0.0 y=0.0 z=27180.0 rename='solbend_a_15'
place   solbend copies=1 x=0.0 y=0.0 z=28620.0 rename='solbend_b_15'
(do i=16)
place   solbend copies=1 x=0.0 y=0.0 z=28980.0 rename='solbend_a_16'
place   solbend copies=1 x=0.0 y=0.0 z=30420.0 rename='solbend_b_16'
(do i=17)
place   solbend copies=1 x=0.0 y=0.0 z=30780.0 rename='solbend_a_17'
place   solbend copies=1 x=0.0 y=0.0 z=32220.0 rename='solbend_b_17'
(do i=18)
place   solbend copies=1 x=0.0 y=0.0 z=32580.0 rename='solbend_a_18'
place   solbend copies=1 x=0.0 y=0.0 z=34020.0 rename='solbend_b_18'
(do i=19)
place   solbend copies=1 x=0.0 y=0.0 z=34380.0 rename='solbend_a_19'
place   solbend copies=1 x=0.0 y=0.0 z=35820.0 rename='solbend_b_19'
(do i=20)
place   solbend copies=1 x=0.0 y=0.0 z=36180.0 rename='solbend_a_20'
place   solbend copies=1 x=0.0 y=0.0 z=37620.0 rename='solbend_b_20'
(do i=21)
place   solbend copies=1 x=0.0 y=0.0 z=37980.0 rename='solbend_a_21'
place   solbend copies=1 x=0.0 y=0.0 z=39420.0 rename='solbend_b_21'
(do i=22)
place   solbend copies=1 x=0.0 y=0.0 z=39780.0 rename='solbend_a_22'
place   solbend copies=1 x=0.0 y=0.0 z=41220.0 rename='solbend_b_22'
(do i=23)
place   solbend copies=1 x=0.0 y=0.0 z=41580.0 rename='solbend_a_23'
place   solbend copies=1 x=0.0 y=0.0 z=43020.0 rename='solbend_b_23'
(do i=24)
place   solbend copies=1 x=0.0 y=0.0 z=43380.0 rename='solbend_a_24'
place   solbend copies=1 x=0.0 y=0.0 z=44820.0 rename='solbend_b_24'
(do i=25)
place   solbend copies=1 x=0.0 y=0.0 z=45180.0 rename='solbend_a_25'
place   solbend copies=1 x=0.0 y=0.0 z=46620.0 rename='solbend_b_25'
(do i=26)
place   solbend copies=1 x=0.0 y=0.0 z=46980.0 rename='solbend_a_26'
place   solbend copies=1 x=0.0 y=0.0 z=48420.0 rename='solbend_b_26'
(do i=27)
place   solbend copies=1 x=0.0 y=0.0 z=48780.0 rename='solbend_a_27'
place   solbend copies=1 x=0.0 y=0.0 z=50220.0 rename='solbend_b_27'
(do i=28)
place   solbend copies=1 x=0.0 y=0.0 z=50580.0 rename='solbend_a_28'
place   solbend copies=1 x=0.0 y=0.0 z=52020.0 rename='solbend_b_28'
(do i=29)
place   solbend copies=1 x=0.0 y=0.0 z=52380.0 rename='solbend_a_29'
place   solbend copies=1 x=0.0 y=0.0 z=53820.0 rename='solbend_b_29'
(do i=30)
place   solbend copies=1 x=0.0 y=0.0 z=54180.0 rename='solbend_a_30'
place   solbend copies=1 x=0.0 y=0.0 z=55620.0 rename='solbend_b_30'
(do i=31)
place   solbend copies=1 x=0.0 y=0.0 z=55980.0 rename='solbend_a_31'
place   solbend copies=1 x=0.0 y=0.0 z=57420.0 rename='solbend_b_31'
(do i=32)
place   solbend copies=1 x=0.0 y=0.0 z=57780.0 rename='solbend_a_32'
place   solbend copies=1 x=0.0 y=0.0 z=59220.0 rename='solbend_b_32'
(do i=33)
place   solbend copies=1 x=0.0 y=0.0 z=59580.0 rename='solbend_a_33'
place   solbend copies=1 x=0.0 y=0.0 z=61020.0 rename='solbend_b_33'
(do i=34)
place   solbend copies=1 x=0.0 y=0.0 z=61380.0 rename='solbend_a_34'
place   solbend copies=1 x=0.0 y=0.0 z=62820.0 rename='solbend_b_34'
(do i=35)
place   solbend copies=1 x=0.0 y=0.0 z=63180.0 rename='solbend_a_35'
place   solbend copies=1 x=0.0 y=0.0 z=64620.0 rename='solbend_b_35'
(do i=36)
place   solbend copies=1 x=0.0 y=0.0 z=64980.0 rename='solbend_a_36'
place   solbend copies=1 x=0.0 y=0.0 z=66420.0 rename='solbend_b_36'
(do i=37)
place   solbend copies=1 x=0.0 y=0.0 z=66780.0 rename='solbend_a_37'
place   solbend copies=1 x=0.0 y=0.0 z=68220.0 rename='solbend_b_37'
(do i=38)
place   solbend copies=1 x=0.0 y=0.0 z=68580.0 rename='solbend_a_38'
place   solbend copies=1 x=0.0 y=0.0 z=70020.0 rename='solbend_b_38'
(do i=39)
place   solbend copies=1 x=0.0 y=0.0 z=70380.0 rename='solbend_a_39'
place   solbend copies=1 x=0.0 y=0.0 z=71820.0 rename='solbend_b_39'
(do i=40)
place   solbend copies=1 x=0.0 y=0.0 z=72180.0 rename='solbend_a_40'
place   solbend copies=1 x=0.0 y=0.0 z=73620.0 rename='solbend_b_40'
enddo
do i=-2,40,1
(do i=-2)
place   fringe_left copies=1 x=0.0 y=0.0 z=-3850.0 
place   fringe_right copies=1 x=0.0 y=0.0 z=-2990.0 
place   fringe_left copies=1 x=0.0 y=0.0 z=-2410.0 
place   fringe_right copies=1 x=0.0 y=0.0 z=-1550.0 
(do i=-1)
place   fringe_left copies=1 x=0.0 y=0.0 z=-2050.0 
place   fringe_right copies=1 x=0.0 y=0.0 z=-1190.0 
place   fringe_left copies=1 x=0.0 y=0.0 z=-610.0 
place   fringe_right copies=1 x=0.0 y=0.0 z=250.0 
(do i=0)
place   fringe_left copies=1 x=0.0 y=0.0 z=-250.0 
place   fringe_right copies=1 x=0.0 y=0.0 z=610.0 
place   fringe_left copies=1 x=0.0 y=0.0 z=1190.0 
place   fringe_right copies=1 x=0.0 y=0.0 z=2050.0 
(do i=1)
place   fringe_left copies=1 x=0.0 y=0.0 z=1550.0 
place   fringe_right copies=1 x=0.0 y=0.0 z=2410.0 
place   fringe_left copies=1 x=0.0 y=0.0 z=2990.0 
place   fringe_right copies=1 x=0.0 y=0.0 z=3850.0 
(do i=2)
place   fringe_left copies=1 x=0.0 y=0.0 z=3350.0 
place   fringe_right copies=1 x=0.0 y=0.0 z=4210.0 
place   fringe_left copies=1 x=0.0 y=0.0 z=4790.0 
place   fringe_right copies=1 x=0.0 y=0.0 z=5650.0 
(do i=3)
place   fringe_left copies=1 x=0.0 y=0.0 z=5150.0 
place   fringe_right copies=1 x=0.0 y=0.0 z=6010.0 
place   fringe_left copies=1 x=0.0 y=0.0 z=6590.0 
place   fringe_right copies=1 x=0.0 y=0.0 z=7450.0 
(do i=4)
place   fringe_left copies=1 x=0.0 y=0.0 z=6950.0 
place   fringe_right copies=1 x=0.0 y=0.0 z=7810.0 
place   fringe_left copies=1 x=0.0 y=0.0 z=8390.0 
place   fringe_right copies=1 x=0.0 y=0.0 z=9250.0 
(do i=5)
place   fringe_left copies=1 x=0.0 y=0.0 z=8750.0 
place   fringe_right copies=1 x=0.0 y=0.0 z=9610.0 
place   fringe_left copies=1 x=0.0 y=0.0 z=10190.0 
place   fringe_right copies=1 x=0.0 y=0.0 z=11050.0 
(do i=6)
place   fringe_left copies=1 x=0.0 y=0.0 z=10550.0 
place   fringe_right copies=1 x=0.0 y=0.0 z=11410.0 
place   fringe_left copies=1 x=0.0 y=0.0 z=11990.0 
place   fringe_right copies=1 x=0.0 y=0.0 z=12850.0 
(do i=7)
place   fringe_left copies=1 x=0.0 y=0.0 z=12350.0 
place   fringe_right copies=1 x=0.0 y=0.0 z=13210.0 
place   fringe_left copies=1 x=0.0 y=0.0 z=13790.0 
place   fringe_right copies=1 x=0.0 y=0.0 z=14650.0 
(do i=8)
place   fringe_left copies=1 x=0.0 y=0.0 z=14150.0 
place   fringe_right copies=1 x=0.0 y=0.0 z=15010.0 
place   fringe_left copies=1 x=0.0 y=0.0 z=15590.0 
place   fringe_right copies=1 x=0.0 y=0.0 z=16450.0 
(do i=9)
place   fringe_left copies=1 x=0.0 y=0.0 z=15950.0 
place   fringe_right copies=1 x=0.0 y=0.0 z=16810.0 
place   fringe_left copies=1 x=0.0 y=0.0 z=17390.0 
place   fringe_right copies=1 x=0.0 y=0.0 z=18250.0 
(do i=10)
place   fringe_left copies=1 x=0.0 y=0.0 z=17750.0 
place   fringe_right copies=1 x=0.0 y=0.0 z=18610.0 
place   fringe_left copies=1 x=0.0 y=0.0 z=19190.0 
place   fringe_right copies=1 x=0.0 y=0.0 z=20050.0 
(do i=11)
place   fringe_left copies=1 x=0.0 y=0.0 z=19550.0 
place   fringe_right copies=1 x=0.0 y=0.0 z=20410.0 
place   fringe_left copies=1 x=0.0 y=0.0 z=20990.0 
place   fringe_right copies=1 x=0.0 y=0.0 z=21850.0 
(do i=12)
place   fringe_left copies=1 x=0.0 y=0.0 z=21350.0 
place   fringe_right copies=1 x=0.0 y=0.0 z=22210.0 
place   fringe_left copies=1 x=0.0 y=0.0 z=22790.0 
place   fringe_right copies=1 x=0.0 y=0.0 z=23650.0 
(do i=13)
place   fringe_left copies=1 x=0.0 y=0.0 z=23150.0 
place   fringe_right copies=1 x=0.0 y=0.0 z=24010.0 
place   fringe_left copies=1 x=0.0 y=0.0 z=24590.0 
place   fringe_right copies=1 x=0.0 y=0.0 z=25450.0 
(do i=14)
place   fringe_left copies=1 x=0.0 y=0.0 z=24950.0 
place   fringe_right copies=1 x=0.0 y=0.0 z=25810.0 
place   fringe_left copies=1 x=0.0 y=0.0 z=26390.0 
place   fringe_right copies=1 x=0.0 y=0.0 z=27250.0 
(do i=15)
place   fringe_left copies=1 x=0.0 y=0.0 z=26750.0 
place   fringe_right copies=1 x=0.0 y=0.0 z=27610.0 
place   fringe_left copies=1 x=0.0 y=0.0 z=28190.0 
place   fringe_right copies=1 x=0.0 y=0.0 z=29050.0 
(do i=16)
place   fringe_left copies=1 x=0.0 y=0.0 z=28550.0 
place   fringe_right copies=1 x=0.0 y=0.0 z=29410.0 
place   fringe_left copies=1 x=0.0 y=0.0 z=29990.0 
place   fringe_right copies=1 x=0.0 y=0.0 z=30850.0 
(do i=17)
place   fringe_left copies=1 x=0.0 y=0.0 z=30350.0 
place   fringe_right copies=1 x=0.0 y=0.0 z=31210.0 
place   fringe_left copies=1 x=0.0 y=0.0 z=31790.0 
place   fringe_right copies=1 x=0.0 y=0.0 z=32650.0 
(do i=18)
place   fringe_left copies=1 x=0.0 y=0.0 z=32150.0 
place   fringe_right copies=1 x=0.0 y=0.0 z=33010.0 
place   fringe_left copies=1 x=0.0 y=0.0 z=33590.0 
place   fringe_right copies=1 x=0.0 y=0.0 z=34450.0 
(do i=19)
place   fringe_left copies=1 x=0.0 y=0.0 z=33950.0 
place   fringe_right copies=1 x=0.0 y=0.0 z=34810.0 
place   fringe_left copies=1 x=0.0 y=0.0 z=35390.0 
place   fringe_right copies=1 x=0.0 y=0.0 z=36250.0 
(do i=20)
place   fringe_left copies=1 x=0.0 y=0.0 z=35750.0 
place   fringe_right copies=1 x=0.0 y=0.0 z=36610.0 
place   fringe_left copies=1 x=0.0 y=0.0 z=37190.0 
place   fringe_right copies=1 x=0.0 y=0.0 z=38050.0 
(do i=21)
place   fringe_left copies=1 x=0.0 y=0.0 z=37550.0 
place   fringe_right copies=1 x=0.0 y=0.0 z=38410.0 
place   fringe_left copies=1 x=0.0 y=0.0 z=38990.0 
place   fringe_right copies=1 x=0.0 y=0.0 z=39850.0 
(do i=22)
place   fringe_left copies=1 x=0.0 y=0.0 z=39350.0 
place   fringe_right copies=1 x=0.0 y=0.0 z=40210.0 
place   fringe_left copies=1 x=0.0 y=0.0 z=40790.0 
place   fringe_right copies=1 x=0.0 y=0.0 z=41650.0 
(do i=23)
place   fringe_left copies=1 x=0.0 y=0.0 z=41150.0 
place   fringe_right copies=1 x=0.0 y=0.0 z=42010.0 
place   fringe_left copies=1 x=0.0 y=0.0 z=42590.0 
place   fringe_right copies=1 x=0.0 y=0.0 z=43450.0 
(do i=24)
place   fringe_left copies=1 x=0.0 y=0.0 z=42950.0 
place   fringe_right copies=1 x=0.0 y=0.0 z=43810.0 
place   fringe_left copies=1 x=0.0 y=0.0 z=44390.0 
place   fringe_right copies=1 x=0.0 y=0.0 z=45250.0 
(do i=25)
place   fringe_left copies=1 x=0.0 y=0.0 z=44750.0 
place   fringe_right copies=1 x=0.0 y=0.0 z=45610.0 
place   fringe_left copies=1 x=0.0 y=0.0 z=46190.0 
place   fringe_right copies=1 x=0.0 y=0.0 z=47050.0 
(do i=26)
place   fringe_left copies=1 x=0.0 y=0.0 z=46550.0 
place   fringe_right copies=1 x=0.0 y=0.0 z=47410.0 
place   fringe_left copies=1 x=0.0 y=0.0 z=47990.0 
place   fringe_right copies=1 x=0.0 y=0.0 z=48850.0 
(do i=27)
place   fringe_left copies=1 x=0.0 y=0.0 z=48350.0 
place   fringe_right copies=1 x=0.0 y=0.0 z=49210.0 
place   fringe_left copies=1 x=0.0 y=0.0 z=49790.0 
place   fringe_right copies=1 x=0.0 y=0.0 z=50650.0 
(do i=28)
place   fringe_left copies=1 x=0.0 y=0.0 z=50150.0 
place   fringe_right copies=1 x=0.0 y=0.0 z=51010.0 
place   fringe_left copies=1 x=0.0 y=0.0 z=51590.0 
place   fringe_right copies=1 x=0.0 y=0.0 z=52450.0 
(do i=29)
place   fringe_left copies=1 x=0.0 y=0.0 z=51950.0 
place   fringe_right copies=1 x=0.0 y=0.0 z=52810.0 
place   fringe_left copies=1 x=0.0 y=0.0 z=53390.0 
place   fringe_right copies=1 x=0.0 y=0.0 z=54250.0 
(do i=30)
place   fringe_left copies=1 x=0.0 y=0.0 z=53750.0 
place   fringe_right copies=1 x=0.0 y=0.0 z=54610.0 
place   fringe_left copies=1 x=0.0 y=0.0 z=55190.0 
place   fringe_right copies=1 x=0.0 y=0.0 z=56050.0 
(do i=31)
place   fringe_left copies=1 x=0.0 y=0.0 z=55550.0 
place   fringe_right copies=1 x=0.0 y=0.0 z=56410.0 
place   fringe_left copies=1 x=0.0 y=0.0 z=56990.0 
place   fringe_right copies=1 x=0.0 y=0.0 z=57850.0 
(do i=32)
place   fringe_left copies=1 x=0.0 y=0.0 z=57350.0 
place   fringe_right copies=1 x=0.0 y=0.0 z=58210.0 
place   fringe_left copies=1 x=0.0 y=0.0 z=58790.0 
place   fringe_right copies=1 x=0.0 y=0.0 z=59650.0 
(do i=33)
place   fringe_left copies=1 x=0.0 y=0.0 z=59150.0 
place   fringe_right copies=1 x=0.0 y=0.0 z=60010.0 
place   fringe_left copies=1 x=0.0 y=0.0 z=60590.0 
place   fringe_right copies=1 x=0.0 y=0.0 z=61450.0 
(do i=34)
place   fringe_left copies=1 x=0.0 y=0.0 z=60950.0 
place   fringe_right copies=1 x=0.0 y=0.0 z=61810.0 
place   fringe_left copies=1 x=0.0 y=0.0 z=62390.0 
place   fringe_right copies=1 x=0.0 y=0.0 z=63250.0 
(do i=35)
place   fringe_left copies=1 x=0.0 y=0.0 z=62750.0 
place   fringe_right copies=1 x=0.0 y=0.0 z=63610.0 
place   fringe_left copies=1 x=0.0 y=0.0 z=64190.0 
place   fringe_right copies=1 x=0.0 y=0.0 z=65050.0 
(do i=36)
place   fringe_left copies=1 x=0.0 y=0.0 z=64550.0 
place   fringe_right copies=1 x=0.0 y=0.0 z=65410.0 
place   fringe_left copies=1 x=0.0 y=0.0 z=65990.0 
place   fringe_right copies=1 x=0.0 y=0.0 z=66850.0 
(do i=37)
place   fringe_left copies=1 x=0.0 y=0.0 z=66350.0 
place   fringe_right copies=1 x=0.0 y=0.0 z=67210.0 
place   fringe_left copies=1 x=0.0 y=0.0 z=67790.0 
place   fringe_right copies=1 x=0.0 y=0.0 z=68650.0 
(do i=38)
place   fringe_left copies=1 x=0.0 y=0.0 z=68150.0 
place   fringe_right copies=1 x=0.0 y=0.0 z=69010.0 
place   fringe_left copies=1 x=0.0 y=0.0 z=69590.0 
place   fringe_right copies=1 x=0.0 y=0.0 z=70450.0 
(do i=39)
place   fringe_left copies=1 x=0.0 y=0.0 z=69950.0 
place   fringe_right copies=1 x=0.0 y=0.0 z=70810.0 
place   fringe_left copies=1 x=0.0 y=0.0 z=71390.0 
place   fringe_right copies=1 x=0.0 y=0.0 z=72250.0 
(do i=40)
place   fringe_left copies=1 x=0.0 y=0.0 z=71750.0 
place   fringe_right copies=1 x=0.0 y=0.0 z=72610.0 
place   fringe_left copies=1 x=0.0 y=0.0 z=73190.0 
place   fringe_right copies=1 x=0.0 y=0.0 z=74050.0 
enddo
do i=0,40,1
(do i=0)
place   pipe    copies=1 x=0.0 y=0.0 z=174.8 
place   pipe    copies=1 x=0.0 y=0.0 z=1625.2 
(do i=1)
place   pipe    copies=1 x=0.0 y=0.0 z=1974.8 
place   pipe    copies=1 x=0.0 y=0.0 z=3425.2 
(do i=2)
place   pipe    copies=1 x=0.0 y=0.0 z=3774.8 
place   pipe    copies=1 x=0.0 y=0.0 z=5225.2 
(do i=3)
place   pipe    copies=1 x=0.0 y=0.0 z=5574.8 
place   pipe    copies=1 x=0.0 y=0.0 z=7025.2 
(do i=4)
place   pipe    copies=1 x=0.0 y=0.0 z=7374.8 
place   pipe    copies=1 x=0.0 y=0.0 z=8825.2 
(do i=5)
place   pipe    copies=1 x=0.0 y=0.0 z=9174.8 
place   pipe    copies=1 x=0.0 y=0.0 z=10625.2 
(do i=6)
place   pipe    copies=1 x=0.0 y=0.0 z=10974.8 
place   pipe    copies=1 x=0.0 y=0.0 z=12425.2 
(do i=7)
place   pipe    copies=1 x=0.0 y=0.0 z=12774.8 
place   pipe    copies=1 x=0.0 y=0.0 z=14225.2 
(do i=8)
place   pipe    copies=1 x=0.0 y=0.0 z=14574.8 
place   pipe    copies=1 x=0.0 y=0.0 z=16025.2 
(do i=9)
place   pipe    copies=1 x=0.0 y=0.0 z=16374.8 
place   pipe    copies=1 x=0.0 y=0.0 z=17825.2 
(do i=10)
place   pipe    copies=1 x=0.0 y=0.0 z=18174.8 
place   pipe    copies=1 x=0.0 y=0.0 z=19625.2 
(do i=11)
place   pipe    copies=1 x=0.0 y=0.0 z=19974.8 
place   pipe    copies=1 x=0.0 y=0.0 z=21425.2 
(do i=12)
place   pipe    copies=1 x=0.0 y=0.0 z=21774.8 
place   pipe    copies=1 x=0.0 y=0.0 z=23225.2 
(do i=13)
place   pipe    copies=1 x=0.0 y=0.0 z=23574.8 
place   pipe    copies=1 x=0.0 y=0.0 z=25025.2 
(do i=14)
place   pipe    copies=1 x=0.0 y=0.0 z=25374.8 
place   pipe    copies=1 x=0.0 y=0.0 z=26825.2 
(do i=15)
place   pipe    copies=1 x=0.0 y=0.0 z=27174.8 
place   pipe    copies=1 x=0.0 y=0.0 z=28625.2 
(do i=16)
place   pipe    copies=1 x=0.0 y=0.0 z=28974.8 
place   pipe    copies=1 x=0.0 y=0.0 z=30425.2 
(do i=17)
place   pipe    copies=1 x=0.0 y=0.0 z=30774.8 
place   pipe    copies=1 x=0.0 y=0.0 z=32225.2 
(do i=18)
place   pipe    copies=1 x=0.0 y=0.0 z=32574.8 
place   pipe    copies=1 x=0.0 y=0.0 z=34025.2 
(do i=19)
place   pipe    copies=1 x=0.0 y=0.0 z=34374.8 
place   pipe    copies=1 x=0.0 y=0.0 z=35825.2 
(do i=20)
place   pipe    copies=1 x=0.0 y=0.0 z=36174.8 
place   pipe    copies=1 x=0.0 y=0.0 z=37625.2 
(do i=21)
place   pipe    copies=1 x=0.0 y=0.0 z=37974.8 
place   pipe    copies=1 x=0.0 y=0.0 z=39425.2 
(do i=22)
place   pipe    copies=1 x=0.0 y=0.0 z=39774.8 
place   pipe    copies=1 x=0.0 y=0.0 z=41225.2 
(do i=23)
place   pipe    copies=1 x=0.0 y=0.0 z=41574.8 
place   pipe    copies=1 x=0.0 y=0.0 z=43025.2 
(do i=24)
place   pipe    copies=1 x=0.0 y=0.0 z=43374.8 
place   pipe    copies=1 x=0.0 y=0.0 z=44825.2 
(do i=25)
place   pipe    copies=1 x=0.0 y=0.0 z=45174.8 
place   pipe    copies=1 x=0.0 y=0.0 z=46625.2 
(do i=26)
place   pipe    copies=1 x=0.0 y=0.0 z=46974.8 
place   pipe    copies=1 x=0.0 y=0.0 z=48425.2 
(do i=27)
place   pipe    copies=1 x=0.0 y=0.0 z=48774.8 
place   pipe    copies=1 x=0.0 y=0.0 z=50225.2 
(do i=28)
place   pipe    copies=1 x=0.0 y=0.0 z=50574.8 
place   pipe    copies=1 x=0.0 y=0.0 z=52025.2 
(do i=29)
place   pipe    copies=1 x=0.0 y=0.0 z=52374.8 
place   pipe    copies=1 x=0.0 y=0.0 z=53825.2 
(do i=30)
place   pipe    copies=1 x=0.0 y=0.0 z=54174.8 
place   pipe    copies=1 x=0.0 y=0.0 z=55625.2 
(do i=31)
place   pipe    copies=1 x=0.0 y=0.0 z=55974.8 
place   pipe    copies=1 x=0.0 y=0.0 z=57425.2 
(do i=32)
place   pipe    copies=1 x=0.0 y=0.0 z=57774.8 
place   pipe    copies=1 x=0.0 y=0.0 z=59225.2 
(do i=33)
place   pipe    copies=1 x=0.0 y=0.0 z=59574.8 
place   pipe    copies=1 x=0.0 y=0.0 z=61025.2 
(do i=34)
place   pipe    copies=1 x=0.0 y=0.0 z=61374.8 
place   pipe    copies=1 x=0.0 y=0.0 z=62825.2 
(do i=35)
place   pipe    copies=1 x=0.0 y=0.0 z=63174.8 
place   pipe    copies=1 x=0.0 y=0.0 z=64625.2 
(do i=36)
place   pipe    copies=1 x=0.0 y=0.0 z=64974.8 
place   pipe    copies=1 x=0.0 y=0.0 z=66425.2 
(do i=37)
place   pipe    copies=1 x=0.0 y=0.0 z=66774.8 
place   pipe    copies=1 x=0.0 y=0.0 z=68225.2 
(do i=38)
place   pipe    copies=1 x=0.0 y=0.0 z=68574.8 
place   pipe    copies=1 x=0.0 y=0.0 z=70025.2 
(do i=39)
place   pipe    copies=1 x=0.0 y=0.0 z=70374.8 
place   pipe    copies=1 x=0.0 y=0.0 z=71825.2 
(do i=40)
place   pipe    copies=1 x=0.0 y=0.0 z=72174.8 
place   pipe    copies=1 x=0.0 y=0.0 z=73625.2 
enddo
do i=0,40,1
(do i=0)
place   cavity  copies=1 x=0.0 y=0.0 z=459.7 rename='rf_b_0'
place   cavity  copies=1 x=0.0 y=0.0 z=679.8 rename='rf_c_0'
place   cavity  copies=1 x=0.0 y=0.0 z=900.0 rename='rf_d_0'
place   cavity  copies=1 x=0.0 y=0.0 z=1120.2 rename='rf_e_0'
place   cavity  copies=1 x=0.0 y=0.0 z=1340.3 rename='rf_f_0'
(do i=1)
place   cavity  copies=1 x=0.0 y=0.0 z=2259.7 rename='rf_b_1'
place   cavity  copies=1 x=0.0 y=0.0 z=2479.8 rename='rf_c_1'
place   cavity  copies=1 x=0.0 y=0.0 z=2700.0 rename='rf_d_1'
place   cavity  copies=1 x=0.0 y=0.0 z=2920.2 rename='rf_e_1'
place   cavity  copies=1 x=0.0 y=0.0 z=3140.3 rename='rf_f_1'
(do i=2)
place   cavity  copies=1 x=0.0 y=0.0 z=4059.7 rename='rf_b_2'
place   cavity  copies=1 x=0.0 y=0.0 z=4279.8 rename='rf_c_2'
place   cavity  copies=1 x=0.0 y=0.0 z=4500.0 rename='rf_d_2'
place   cavity  copies=1 x=0.0 y=0.0 z=4720.2 rename='rf_e_2'
place   cavity  copies=1 x=0.0 y=0.0 z=4940.3 rename='rf_f_2'
(do i=3)
place   cavity  copies=1 x=0.0 y=0.0 z=5859.7 rename='rf_b_3'
place   cavity  copies=1 x=0.0 y=0.0 z=6079.8 rename='rf_c_3'
place   cavity  copies=1 x=0.0 y=0.0 z=6300.0 rename='rf_d_3'
place   cavity  copies=1 x=0.0 y=0.0 z=6520.2 rename='rf_e_3'
place   cavity  copies=1 x=0.0 y=0.0 z=6740.3 rename='rf_f_3'
(do i=4)
place   cavity  copies=1 x=0.0 y=0.0 z=7659.7 rename='rf_b_4'
place   cavity  copies=1 x=0.0 y=0.0 z=7879.8 rename='rf_c_4'
place   cavity  copies=1 x=0.0 y=0.0 z=8100.0 rename='rf_d_4'
place   cavity  copies=1 x=0.0 y=0.0 z=8320.2 rename='rf_e_4'
place   cavity  copies=1 x=0.0 y=0.0 z=8540.3 rename='rf_f_4'
(do i=5)
place   cavity  copies=1 x=0.0 y=0.0 z=9459.7 rename='rf_b_5'
place   cavity  copies=1 x=0.0 y=0.0 z=9679.8 rename='rf_c_5'
place   cavity  copies=1 x=0.0 y=0.0 z=9900.0 rename='rf_d_5'
place   cavity  copies=1 x=0.0 y=0.0 z=10120.2 rename='rf_e_5'
place   cavity  copies=1 x=0.0 y=0.0 z=10340.3 rename='rf_f_5'
(do i=6)
place   cavity  copies=1 x=0.0 y=0.0 z=11259.7 rename='rf_b_6'
place   cavity  copies=1 x=0.0 y=0.0 z=11479.8 rename='rf_c_6'
place   cavity  copies=1 x=0.0 y=0.0 z=11700.0 rename='rf_d_6'
place   cavity  copies=1 x=0.0 y=0.0 z=11920.2 rename='rf_e_6'
place   cavity  copies=1 x=0.0 y=0.0 z=12140.3 rename='rf_f_6'
(do i=7)
place   cavity  copies=1 x=0.0 y=0.0 z=13059.7 rename='rf_b_7'
place   cavity  copies=1 x=0.0 y=0.0 z=13279.8 rename='rf_c_7'
place   cavity  copies=1 x=0.0 y=0.0 z=13500.0 rename='rf_d_7'
place   cavity  copies=1 x=0.0 y=0.0 z=13720.2 rename='rf_e_7'
place   cavity  copies=1 x=0.0 y=0.0 z=13940.3 rename='rf_f_7'
(do i=8)
place   cavity  copies=1 x=0.0 y=0.0 z=14859.7 rename='rf_b_8'
place   cavity  copies=1 x=0.0 y=0.0 z=15079.8 rename='rf_c_8'
place   cavity  copies=1 x=0.0 y=0.0 z=15300.0 rename='rf_d_8'
place   cavity  copies=1 x=0.0 y=0.0 z=15520.2 rename='rf_e_8'
place   cavity  copies=1 x=0.0 y=0.0 z=15740.3 rename='rf_f_8'
(do i=9)
place   cavity  copies=1 x=0.0 y=0.0 z=16659.7 rename='rf_b_9'
place   cavity  copies=1 x=0.0 y=0.0 z=16879.8 rename='rf_c_9'
place   cavity  copies=1 x=0.0 y=0.0 z=17100.0 rename='rf_d_9'
place   cavity  copies=1 x=0.0 y=0.0 z=17320.2 rename='rf_e_9'
place   cavity  copies=1 x=0.0 y=0.0 z=17540.3 rename='rf_f_9'
(do i=10)
place   cavity  copies=1 x=0.0 y=0.0 z=18459.7 rename='rf_b_10'
place   cavity  copies=1 x=0.0 y=0.0 z=18679.8 rename='rf_c_10'
place   cavity  copies=1 x=0.0 y=0.0 z=18900.0 rename='rf_d_10'
place   cavity  copies=1 x=0.0 y=0.0 z=19120.2 rename='rf_e_10'
place   cavity  copies=1 x=0.0 y=0.0 z=19340.3 rename='rf_f_10'
(do i=11)
place   cavity  copies=1 x=0.0 y=0.0 z=20259.7 rename='rf_b_11'
place   cavity  copies=1 x=0.0 y=0.0 z=20479.8 rename='rf_c_11'
place   cavity  copies=1 x=0.0 y=0.0 z=20700.0 rename='rf_d_11'
place   cavity  copies=1 x=0.0 y=0.0 z=20920.2 rename='rf_e_11'
place   cavity  copies=1 x=0.0 y=0.0 z=21140.3 rename='rf_f_11'
(do i=12)
place   cavity  copies=1 x=0.0 y=0.0 z=22059.7 rename='rf_b_12'
place   cavity  copies=1 x=0.0 y=0.0 z=22279.8 rename='rf_c_12'
place   cavity  copies=1 x=0.0 y=0.0 z=22500.0 rename='rf_d_12'
place   cavity  copies=1 x=0.0 y=0.0 z=22720.2 rename='rf_e_12'
place   cavity  copies=1 x=0.0 y=0.0 z=22940.3 rename='rf_f_12'
(do i=13)
place   cavity  copies=1 x=0.0 y=0.0 z=23859.7 rename='rf_b_13'
place   cavity  copies=1 x=0.0 y=0.0 z=24079.8 rename='rf_c_13'
place   cavity  copies=1 x=0.0 y=0.0 z=24300.0 rename='rf_d_13'
place   cavity  copies=1 x=0.0 y=0.0 z=24520.2 rename='rf_e_13'
place   cavity  copies=1 x=0.0 y=0.0 z=24740.3 rename='rf_f_13'
(do i=14)
place   cavity  copies=1 x=0.0 y=0.0 z=25659.7 rename='rf_b_14'
place   cavity  copies=1 x=0.0 y=0.0 z=25879.8 rename='rf_c_14'
place   cavity  copies=1 x=0.0 y=0.0 z=26100.0 rename='rf_d_14'
place   cavity  copies=1 x=0.0 y=0.0 z=26320.2 rename='rf_e_14'
place   cavity  copies=1 x=0.0 y=0.0 z=26540.3 rename='rf_f_14'
(do i=15)
place   cavity  copies=1 x=0.0 y=0.0 z=27459.7 rename='rf_b_15'
place   cavity  copies=1 x=0.0 y=0.0 z=27679.8 rename='rf_c_15'
place   cavity  copies=1 x=0.0 y=0.0 z=27900.0 rename='rf_d_15'
place   cavity  copies=1 x=0.0 y=0.0 z=28120.2 rename='rf_e_15'
place   cavity  copies=1 x=0.0 y=0.0 z=28340.3 rename='rf_f_15'
(do i=16)
place   cavity  copies=1 x=0.0 y=0.0 z=29259.7 rename='rf_b_16'
place   cavity  copies=1 x=0.0 y=0.0 z=29479.8 rename='rf_c_16'
place   cavity  copies=1 x=0.0 y=0.0 z=29700.0 rename='rf_d_16'
place   cavity  copies=1 x=0.0 y=0.0 z=29920.2 rename='rf_e_16'
place   cavity  copies=1 x=0.0 y=0.0 z=30140.3 rename='rf_f_16'
(do i=17)
place   cavity  copies=1 x=0.0 y=0.0 z=31059.7 rename='rf_b_17'
place   cavity  copies=1 x=0.0 y=0.0 z=31279.8 rename='rf_c_17'
place   cavity  copies=1 x=0.0 y=0.0 z=31500.0 rename='rf_d_17'
place   cavity  copies=1 x=0.0 y=0.0 z=31720.2 rename='rf_e_17'
place   cavity  copies=1 x=0.0 y=0.0 z=31940.3 rename='rf_f_17'
(do i=18)
place   cavity  copies=1 x=0.0 y=0.0 z=32859.7 rename='rf_b_18'
place   cavity  copies=1 x=0.0 y=0.0 z=33079.8 rename='rf_c_18'
place   cavity  copies=1 x=0.0 y=0.0 z=33300.0 rename='rf_d_18'
place   cavity  copies=1 x=0.0 y=0.0 z=33520.2 rename='rf_e_18'
place   cavity  copies=1 x=0.0 y=0.0 z=33740.3 rename='rf_f_18'
(do i=19)
place   cavity  copies=1 x=0.0 y=0.0 z=34659.7 rename='rf_b_19'
place   cavity  copies=1 x=0.0 y=0.0 z=34879.8 rename='rf_c_19'
place   cavity  copies=1 x=0.0 y=0.0 z=35100.0 rename='rf_d_19'
place   cavity  copies=1 x=0.0 y=0.0 z=35320.2 rename='rf_e_19'
place   cavity  copies=1 x=0.0 y=0.0 z=35540.3 rename='rf_f_19'
(do i=20)
place   cavity  copies=1 x=0.0 y=0.0 z=36459.7 rename='rf_b_20'
place   cavity  copies=1 x=0.0 y=0.0 z=36679.8 rename='rf_c_20'
place   cavity  copies=1 x=0.0 y=0.0 z=36900.0 rename='rf_d_20'
place   cavity  copies=1 x=0.0 y=0.0 z=37120.2 rename='rf_e_20'
place   cavity  copies=1 x=0.0 y=0.0 z=37340.3 rename='rf_f_20'
(do i=21)
place   cavity  copies=1 x=0.0 y=0.0 z=38259.7 rename='rf_b_21'
place   cavity  copies=1 x=0.0 y=0.0 z=38479.8 rename='rf_c_21'
place   cavity  copies=1 x=0.0 y=0.0 z=38700.0 rename='rf_d_21'
place   cavity  copies=1 x=0.0 y=0.0 z=38920.2 rename='rf_e_21'
place   cavity  copies=1 x=0.0 y=0.0 z=39140.3 rename='rf_f_21'
(do i=22)
place   cavity  copies=1 x=0.0 y=0.0 z=40059.7 rename='rf_b_22'
place   cavity  copies=1 x=0.0 y=0.0 z=40279.8 rename='rf_c_22'
place   cavity  copies=1 x=0.0 y=0.0 z=40500.0 rename='rf_d_22'
place   cavity  copies=1 x=0.0 y=0.0 z=40720.2 rename='rf_e_22'
place   cavity  copies=1 x=0.0 y=0.0 z=40940.3 rename='rf_f_22'
(do i=23)
place   cavity  copies=1 x=0.0 y=0.0 z=41859.7 rename='rf_b_23'
place   cavity  copies=1 x=0.0 y=0.0 z=42079.8 rename='rf_c_23'
place   cavity  copies=1 x=0.0 y=0.0 z=42300.0 rename='rf_d_23'
place   cavity  copies=1 x=0.0 y=0.0 z=42520.2 rename='rf_e_23'
place   cavity  copies=1 x=0.0 y=0.0 z=42740.3 rename='rf_f_23'
(do i=24)
place   cavity  copies=1 x=0.0 y=0.0 z=43659.7 rename='rf_b_24'
place   cavity  copies=1 x=0.0 y=0.0 z=43879.8 rename='rf_c_24'
place   cavity  copies=1 x=0.0 y=0.0 z=44100.0 rename='rf_d_24'
place   cavity  copies=1 x=0.0 y=0.0 z=44320.2 rename='rf_e_24'
place   cavity  copies=1 x=0.0 y=0.0 z=44540.3 rename='rf_f_24'
(do i=25)
place   cavity  copies=1 x=0.0 y=0.0 z=45459.7 rename='rf_b_25'
place   cavity  copies=1 x=0.0 y=0.0 z=45679.8 rename='rf_c_25'
place   cavity  copies=1 x=0.0 y=0.0 z=45900.0 rename='rf_d_25'
place   cavity  copies=1 x=0.0 y=0.0 z=46120.2 rename='rf_e_25'
place   cavity  copies=1 x=0.0 y=0.0 z=46340.3 rename='rf_f_25'
(do i=26)
place   cavity  copies=1 x=0.0 y=0.0 z=47259.7 rename='rf_b_26'
place   cavity  copies=1 x=0.0 y=0.0 z=47479.8 rename='rf_c_26'
place   cavity  copies=1 x=0.0 y=0.0 z=47700.0 rename='rf_d_26'
place   cavity  copies=1 x=0.0 y=0.0 z=47920.2 rename='rf_e_26'
place   cavity  copies=1 x=0.0 y=0.0 z=48140.3 rename='rf_f_26'
(do i=27)
place   cavity  copies=1 x=0.0 y=0.0 z=49059.7 rename='rf_b_27'
place   cavity  copies=1 x=0.0 y=0.0 z=49279.8 rename='rf_c_27'
place   cavity  copies=1 x=0.0 y=0.0 z=49500.0 rename='rf_d_27'
place   cavity  copies=1 x=0.0 y=0.0 z=49720.2 rename='rf_e_27'
place   cavity  copies=1 x=0.0 y=0.0 z=49940.3 rename='rf_f_27'
(do i=28)
place   cavity  copies=1 x=0.0 y=0.0 z=50859.7 rename='rf_b_28'
place   cavity  copies=1 x=0.0 y=0.0 z=51079.8 rename='rf_c_28'
place   cavity  copies=1 x=0.0 y=0.0 z=51300.0 rename='rf_d_28'
place   cavity  copies=1 x=0.0 y=0.0 z=51520.2 rename='rf_e_28'
place   cavity  copies=1 x=0.0 y=0.0 z=51740.3 rename='rf_f_28'
(do i=29)
place   cavity  copies=1 x=0.0 y=0.0 z=52659.7 rename='rf_b_29'
place   cavity  copies=1 x=0.0 y=0.0 z=52879.8 rename='rf_c_29'
place   cavity  copies=1 x=0.0 y=0.0 z=53100.0 rename='rf_d_29'
place   cavity  copies=1 x=0.0 y=0.0 z=53320.2 rename='rf_e_29'
place   cavity  copies=1 x=0.0 y=0.0 z=53540.3 rename='rf_f_29'
(do i=30)
place   cavity  copies=1 x=0.0 y=0.0 z=54459.7 rename='rf_b_30'
place   cavity  copies=1 x=0.0 y=0.0 z=54679.8 rename='rf_c_30'
place   cavity  copies=1 x=0.0 y=0.0 z=54900.0 rename='rf_d_30'
place   cavity  copies=1 x=0.0 y=0.0 z=55120.2 rename='rf_e_30'
place   cavity  copies=1 x=0.0 y=0.0 z=55340.3 rename='rf_f_30'
(do i=31)
place   cavity  copies=1 x=0.0 y=0.0 z=56259.7 rename='rf_b_31'
place   cavity  copies=1 x=0.0 y=0.0 z=56479.8 rename='rf_c_31'
place   cavity  copies=1 x=0.0 y=0.0 z=56700.0 rename='rf_d_31'
place   cavity  copies=1 x=0.0 y=0.0 z=56920.2 rename='rf_e_31'
place   cavity  copies=1 x=0.0 y=0.0 z=57140.3 rename='rf_f_31'
(do i=32)
place   cavity  copies=1 x=0.0 y=0.0 z=58059.7 rename='rf_b_32'
place   cavity  copies=1 x=0.0 y=0.0 z=58279.8 rename='rf_c_32'
place   cavity  copies=1 x=0.0 y=0.0 z=58500.0 rename='rf_d_32'
place   cavity  copies=1 x=0.0 y=0.0 z=58720.2 rename='rf_e_32'
place   cavity  copies=1 x=0.0 y=0.0 z=58940.3 rename='rf_f_32'
(do i=33)
place   cavity  copies=1 x=0.0 y=0.0 z=59859.7 rename='rf_b_33'
place   cavity  copies=1 x=0.0 y=0.0 z=60079.8 rename='rf_c_33'
place   cavity  copies=1 x=0.0 y=0.0 z=60300.0 rename='rf_d_33'
place   cavity  copies=1 x=0.0 y=0.0 z=60520.2 rename='rf_e_33'
place   cavity  copies=1 x=0.0 y=0.0 z=60740.3 rename='rf_f_33'
(do i=34)
place   cavity  copies=1 x=0.0 y=0.0 z=61659.7 rename='rf_b_34'
place   cavity  copies=1 x=0.0 y=0.0 z=61879.8 rename='rf_c_34'
place   cavity  copies=1 x=0.0 y=0.0 z=62100.0 rename='rf_d_34'
place   cavity  copies=1 x=0.0 y=0.0 z=62320.2 rename='rf_e_34'
place   cavity  copies=1 x=0.0 y=0.0 z=62540.3 rename='rf_f_34'
(do i=35)
place   cavity  copies=1 x=0.0 y=0.0 z=63459.7 rename='rf_b_35'
place   cavity  copies=1 x=0.0 y=0.0 z=63679.8 rename='rf_c_35'
place   cavity  copies=1 x=0.0 y=0.0 z=63900.0 rename='rf_d_35'
place   cavity  copies=1 x=0.0 y=0.0 z=64120.2 rename='rf_e_35'
place   cavity  copies=1 x=0.0 y=0.0 z=64340.3 rename='rf_f_35'
(do i=36)
place   cavity  copies=1 x=0.0 y=0.0 z=65259.7 rename='rf_b_36'
place   cavity  copies=1 x=0.0 y=0.0 z=65479.8 rename='rf_c_36'
place   cavity  copies=1 x=0.0 y=0.0 z=65700.0 rename='rf_d_36'
place   cavity  copies=1 x=0.0 y=0.0 z=65920.2 rename='rf_e_36'
place   cavity  copies=1 x=0.0 y=0.0 z=66140.3 rename='rf_f_36'
(do i=37)
place   cavity  copies=1 x=0.0 y=0.0 z=67059.7 rename='rf_b_37'
place   cavity  copies=1 x=0.0 y=0.0 z=67279.8 rename='rf_c_37'
place   cavity  copies=1 x=0.0 y=0.0 z=67500.0 rename='rf_d_37'
place   cavity  copies=1 x=0.0 y=0.0 z=67720.2 rename='rf_e_37'
place   cavity  copies=1 x=0.0 y=0.0 z=67940.3 rename='rf_f_37'
(do i=38)
place   cavity  copies=1 x=0.0 y=0.0 z=68859.7 rename='rf_b_38'
place   cavity  copies=1 x=0.0 y=0.0 z=69079.8 rename='rf_c_38'
place   cavity  copies=1 x=0.0 y=0.0 z=69300.0 rename='rf_d_38'
place   cavity  copies=1 x=0.0 y=0.0 z=69520.2 rename='rf_e_38'
place   cavity  copies=1 x=0.0 y=0.0 z=69740.3 rename='rf_f_38'
(do i=39)
place   cavity  copies=1 x=0.0 y=0.0 z=70659.7 rename='rf_b_39'
place   cavity  copies=1 x=0.0 y=0.0 z=70879.8 rename='rf_c_39'
place   cavity  copies=1 x=0.0 y=0.0 z=71100.0 rename='rf_d_39'
place   cavity  copies=1 x=0.0 y=0.0 z=71320.2 rename='rf_e_39'
place   cavity  copies=1 x=0.0 y=0.0 z=71540.3 rename='rf_f_39'
(do i=40)
place   cavity  copies=1 x=0.0 y=0.0 z=72459.7 rename='rf_b_40'
place   cavity  copies=1 x=0.0 y=0.0 z=72679.8 rename='rf_c_40'
place   cavity  copies=1 x=0.0 y=0.0 z=72900.0 rename='rf_d_40'
place   cavity  copies=1 x=0.0 y=0.0 z=73120.2 rename='rf_e_40'
place   cavity  copies=1 x=0.0 y=0.0 z=73340.3 rename='rf_f_40'
enddo
do i=0,40,1
(do i=0)
place   all_wedge copies=1 x=-6.4 y=0.0 z=0.0 rename='wedge_0'rotation='X90,Y90'
(do i=1)
place   all_wedge copies=1 x=-6.4 y=0.0 z=1800.0 rename='wedge_1'rotation='X90,Y90'
(do i=2)
place   all_wedge copies=1 x=-6.4 y=0.0 z=3600.0 rename='wedge_2'rotation='X90,Y90'
(do i=3)
place   all_wedge copies=1 x=-6.4 y=0.0 z=5400.0 rename='wedge_3'rotation='X90,Y90'
(do i=4)
place   all_wedge copies=1 x=-6.4 y=0.0 z=7200.0 rename='wedge_4'rotation='X90,Y90'
(do i=5)
place   all_wedge copies=1 x=-6.4 y=0.0 z=9000.0 rename='wedge_5'rotation='X90,Y90'
(do i=6)
place   all_wedge copies=1 x=-6.4 y=0.0 z=10800.0 rename='wedge_6'rotation='X90,Y90'
(do i=7)
place   all_wedge copies=1 x=-6.4 y=0.0 z=12600.0 rename='wedge_7'rotation='X90,Y90'
(do i=8)
place   all_wedge copies=1 x=-6.4 y=0.0 z=14400.0 rename='wedge_8'rotation='X90,Y90'
(do i=9)
place   all_wedge copies=1 x=-6.4 y=0.0 z=16200.0 rename='wedge_9'rotation='X90,Y90'
(do i=10)
place   all_wedge copies=1 x=-6.4 y=0.0 z=18000.0 rename='wedge_10'rotation='X90,Y90'
(do i=11)
place   all_wedge copies=1 x=-6.4 y=0.0 z=19800.0 rename='wedge_11'rotation='X90,Y90'
(do i=12)
place   all_wedge copies=1 x=-6.4 y=0.0 z=21600.0 rename='wedge_12'rotation='X90,Y90'
(do i=13)
place   all_wedge copies=1 x=-6.4 y=0.0 z=23400.0 rename='wedge_13'rotation='X90,Y90'
(do i=14)
place   all_wedge copies=1 x=-6.4 y=0.0 z=25200.0 rename='wedge_14'rotation='X90,Y90'
(do i=15)
place   all_wedge copies=1 x=-6.4 y=0.0 z=27000.0 rename='wedge_15'rotation='X90,Y90'
(do i=16)
place   all_wedge copies=1 x=-6.4 y=0.0 z=28800.0 rename='wedge_16'rotation='X90,Y90'
(do i=17)
place   all_wedge copies=1 x=-6.4 y=0.0 z=30600.0 rename='wedge_17'rotation='X90,Y90'
(do i=18)
place   all_wedge copies=1 x=-6.4 y=0.0 z=32400.0 rename='wedge_18'rotation='X90,Y90'
(do i=19)
place   all_wedge copies=1 x=-6.4 y=0.0 z=34200.0 rename='wedge_19'rotation='X90,Y90'
(do i=20)
place   all_wedge copies=1 x=-6.4 y=0.0 z=36000.0 rename='wedge_20'rotation='X90,Y90'
(do i=21)
place   all_wedge copies=1 x=-6.4 y=0.0 z=37800.0 rename='wedge_21'rotation='X90,Y90'
(do i=22)
place   all_wedge copies=1 x=-6.4 y=0.0 z=39600.0 rename='wedge_22'rotation='X90,Y90'
(do i=23)
place   all_wedge copies=1 x=-6.4 y=0.0 z=41400.0 rename='wedge_23'rotation='X90,Y90'
(do i=24)
place   all_wedge copies=1 x=-6.4 y=0.0 z=43200.0 rename='wedge_24'rotation='X90,Y90'
(do i=25)
place   all_wedge copies=1 x=-6.4 y=0.0 z=45000.0 rename='wedge_25'rotation='X90,Y90'
(do i=26)
place   all_wedge copies=1 x=-6.4 y=0.0 z=46800.0 rename='wedge_26'rotation='X90,Y90'
(do i=27)
place   all_wedge copies=1 x=-6.4 y=0.0 z=48600.0 rename='wedge_27'rotation='X90,Y90'
(do i=28)
place   all_wedge copies=1 x=-6.4 y=0.0 z=50400.0 rename='wedge_28'rotation='X90,Y90'
(do i=29)
place   all_wedge copies=1 x=-6.4 y=0.0 z=52200.0 rename='wedge_29'rotation='X90,Y90'
(do i=30)
place   all_wedge copies=1 x=-6.4 y=0.0 z=54000.0 rename='wedge_30'rotation='X90,Y90'
(do i=31)
place   all_wedge copies=1 x=-6.4 y=0.0 z=55800.0 rename='wedge_31'rotation='X90,Y90'
(do i=32)
place   all_wedge copies=1 x=-6.4 y=0.0 z=57600.0 rename='wedge_32'rotation='X90,Y90'
(do i=33)
place   all_wedge copies=1 x=-6.4 y=0.0 z=59400.0 rename='wedge_33'rotation='X90,Y90'
(do i=34)
place   all_wedge copies=1 x=-6.4 y=0.0 z=61200.0 rename='wedge_34'rotation='X90,Y90'
(do i=35)
place   all_wedge copies=1 x=-6.4 y=0.0 z=63000.0 rename='wedge_35'rotation='X90,Y90'
(do i=36)
place   all_wedge copies=1 x=-6.4 y=0.0 z=64800.0 rename='wedge_36'rotation='X90,Y90'
(do i=37)
place   all_wedge copies=1 x=-6.4 y=0.0 z=66600.0 rename='wedge_37'rotation='X90,Y90'
(do i=38)
place   all_wedge copies=1 x=-6.4 y=0.0 z=68400.0 rename='wedge_38'rotation='X90,Y90'
(do i=39)
place   all_wedge copies=1 x=-6.4 y=0.0 z=70200.0 rename='wedge_39'rotation='X90,Y90'
(do i=40)
place   all_wedge copies=1 x=-6.4 y=0.0 z=72000.0 rename='wedge_40'rotation='X90,Y90'
enddo
do i=0,40,1
(do i=0)
place   wedge_window copies=1 x=-6.4 y=0.0 z=-140.5 rotation='Y-120/2'
                color=1,0,1
place   wedge_window copies=1 x=-6.4 y=0.0 z=140.5 rotation='Y120/2'
                color=1,0,1
(do i=1)
place   wedge_window copies=1 x=-6.4 y=0.0 z=1659.5 rotation='Y-120/2'
                color=1,0,1
place   wedge_window copies=1 x=-6.4 y=0.0 z=1940.5 rotation='Y120/2'
                color=1,0,1
(do i=2)
place   wedge_window copies=1 x=-6.4 y=0.0 z=3459.5 rotation='Y-120/2'
                color=1,0,1
place   wedge_window copies=1 x=-6.4 y=0.0 z=3740.5 rotation='Y120/2'
                color=1,0,1
(do i=3)
place   wedge_window copies=1 x=-6.4 y=0.0 z=5259.5 rotation='Y-120/2'
                color=1,0,1
place   wedge_window copies=1 x=-6.4 y=0.0 z=5540.5 rotation='Y120/2'
                color=1,0,1
(do i=4)
place   wedge_window copies=1 x=-6.4 y=0.0 z=7059.5 rotation='Y-120/2'
                color=1,0,1
place   wedge_window copies=1 x=-6.4 y=0.0 z=7340.5 rotation='Y120/2'
                color=1,0,1
(do i=5)
place   wedge_window copies=1 x=-6.4 y=0.0 z=8859.5 rotation='Y-120/2'
                color=1,0,1
place   wedge_window copies=1 x=-6.4 y=0.0 z=9140.5 rotation='Y120/2'
                color=1,0,1
(do i=6)
place   wedge_window copies=1 x=-6.4 y=0.0 z=10659.5 rotation='Y-120/2'
                color=1,0,1
place   wedge_window copies=1 x=-6.4 y=0.0 z=10940.5 rotation='Y120/2'
                color=1,0,1
(do i=7)
place   wedge_window copies=1 x=-6.4 y=0.0 z=12459.5 rotation='Y-120/2'
                color=1,0,1
place   wedge_window copies=1 x=-6.4 y=0.0 z=12740.5 rotation='Y120/2'
                color=1,0,1
(do i=8)
place   wedge_window copies=1 x=-6.4 y=0.0 z=14259.5 rotation='Y-120/2'
                color=1,0,1
place   wedge_window copies=1 x=-6.4 y=0.0 z=14540.5 rotation='Y120/2'
                color=1,0,1
(do i=9)
place   wedge_window copies=1 x=-6.4 y=0.0 z=16059.5 rotation='Y-120/2'
                color=1,0,1
place   wedge_window copies=1 x=-6.4 y=0.0 z=16340.5 rotation='Y120/2'
                color=1,0,1
(do i=10)
place   wedge_window copies=1 x=-6.4 y=0.0 z=17859.5 rotation='Y-120/2'
                color=1,0,1
place   wedge_window copies=1 x=-6.4 y=0.0 z=18140.5 rotation='Y120/2'
                color=1,0,1
(do i=11)
place   wedge_window copies=1 x=-6.4 y=0.0 z=19659.5 rotation='Y-120/2'
                color=1,0,1
place   wedge_window copies=1 x=-6.4 y=0.0 z=19940.5 rotation='Y120/2'
                color=1,0,1
(do i=12)
place   wedge_window copies=1 x=-6.4 y=0.0 z=21459.5 rotation='Y-120/2'
                color=1,0,1
place   wedge_window copies=1 x=-6.4 y=0.0 z=21740.5 rotation='Y120/2'
                color=1,0,1
(do i=13)
place   wedge_window copies=1 x=-6.4 y=0.0 z=23259.5 rotation='Y-120/2'
                color=1,0,1
place   wedge_window copies=1 x=-6.4 y=0.0 z=23540.5 rotation='Y120/2'
                color=1,0,1
(do i=14)
place   wedge_window copies=1 x=-6.4 y=0.0 z=25059.5 rotation='Y-120/2'
                color=1,0,1
place   wedge_window copies=1 x=-6.4 y=0.0 z=25340.5 rotation='Y120/2'
                color=1,0,1
(do i=15)
place   wedge_window copies=1 x=-6.4 y=0.0 z=26859.5 rotation='Y-120/2'
                color=1,0,1
place   wedge_window copies=1 x=-6.4 y=0.0 z=27140.5 rotation='Y120/2'
                color=1,0,1
(do i=16)
place   wedge_window copies=1 x=-6.4 y=0.0 z=28659.5 rotation='Y-120/2'
                color=1,0,1
place   wedge_window copies=1 x=-6.4 y=0.0 z=28940.5 rotation='Y120/2'
                color=1,0,1
(do i=17)
place   wedge_window copies=1 x=-6.4 y=0.0 z=30459.5 rotation='Y-120/2'
                color=1,0,1
place   wedge_window copies=1 x=-6.4 y=0.0 z=30740.5 rotation='Y120/2'
                color=1,0,1
(do i=18)
place   wedge_window copies=1 x=-6.4 y=0.0 z=32259.5 rotation='Y-120/2'
                color=1,0,1
place   wedge_window copies=1 x=-6.4 y=0.0 z=32540.5 rotation='Y120/2'
                color=1,0,1
(do i=19)
place   wedge_window copies=1 x=-6.4 y=0.0 z=34059.5 rotation='Y-120/2'
                color=1,0,1
place   wedge_window copies=1 x=-6.4 y=0.0 z=34340.5 rotation='Y120/2'
                color=1,0,1
(do i=20)
place   wedge_window copies=1 x=-6.4 y=0.0 z=35859.5 rotation='Y-120/2'
                color=1,0,1
place   wedge_window copies=1 x=-6.4 y=0.0 z=36140.5 rotation='Y120/2'
                color=1,0,1
(do i=21)
place   wedge_window copies=1 x=-6.4 y=0.0 z=37659.5 rotation='Y-120/2'
                color=1,0,1
place   wedge_window copies=1 x=-6.4 y=0.0 z=37940.5 rotation='Y120/2'
                color=1,0,1
(do i=22)
place   wedge_window copies=1 x=-6.4 y=0.0 z=39459.5 rotation='Y-120/2'
                color=1,0,1
place   wedge_window copies=1 x=-6.4 y=0.0 z=39740.5 rotation='Y120/2'
                color=1,0,1
(do i=23)
place   wedge_window copies=1 x=-6.4 y=0.0 z=41259.5 rotation='Y-120/2'
                color=1,0,1
place   wedge_window copies=1 x=-6.4 y=0.0 z=41540.5 rotation='Y120/2'
                color=1,0,1
(do i=24)
place   wedge_window copies=1 x=-6.4 y=0.0 z=43059.5 rotation='Y-120/2'
                color=1,0,1
place   wedge_window copies=1 x=-6.4 y=0.0 z=43340.5 rotation='Y120/2'
                color=1,0,1
(do i=25)
place   wedge_window copies=1 x=-6.4 y=0.0 z=44859.5 rotation='Y-120/2'
                color=1,0,1
place   wedge_window copies=1 x=-6.4 y=0.0 z=45140.5 rotation='Y120/2'
                color=1,0,1
(do i=26)
place   wedge_window copies=1 x=-6.4 y=0.0 z=46659.5 rotation='Y-120/2'
                color=1,0,1
place   wedge_window copies=1 x=-6.4 y=0.0 z=46940.5 rotation='Y120/2'
                color=1,0,1
(do i=27)
place   wedge_window copies=1 x=-6.4 y=0.0 z=48459.5 rotation='Y-120/2'
                color=1,0,1
place   wedge_window copies=1 x=-6.4 y=0.0 z=48740.5 rotation='Y120/2'
                color=1,0,1
(do i=28)
place   wedge_window copies=1 x=-6.4 y=0.0 z=50259.5 rotation='Y-120/2'
                color=1,0,1
place   wedge_window copies=1 x=-6.4 y=0.0 z=50540.5 rotation='Y120/2'
                color=1,0,1
(do i=29)
place   wedge_window copies=1 x=-6.4 y=0.0 z=52059.5 rotation='Y-120/2'
                color=1,0,1
place   wedge_window copies=1 x=-6.4 y=0.0 z=52340.5 rotation='Y120/2'
                color=1,0,1
(do i=30)
place   wedge_window copies=1 x=-6.4 y=0.0 z=53859.5 rotation='Y-120/2'
                color=1,0,1
place   wedge_window copies=1 x=-6.4 y=0.0 z=54140.5 rotation='Y120/2'
                color=1,0,1
(do i=31)
place   wedge_window copies=1 x=-6.4 y=0.0 z=55659.5 rotation='Y-120/2'
                color=1,0,1
place   wedge_window copies=1 x=-6.4 y=0.0 z=55940.5 rotation='Y120/2'
                color=1,0,1
(do i=32)
place   wedge_window copies=1 x=-6.4 y=0.0 z=57459.5 rotation='Y-120/2'
                color=1,0,1
place   wedge_window copies=1 x=-6.4 y=0.0 z=57740.5 rotation='Y120/2'
                color=1,0,1
(do i=33)
place   wedge_window copies=1 x=-6.4 y=0.0 z=59259.5 rotation='Y-120/2'
                color=1,0,1
place   wedge_window copies=1 x=-6.4 y=0.0 z=59540.5 rotation='Y120/2'
                color=1,0,1
(do i=34)
place   wedge_window copies=1 x=-6.4 y=0.0 z=61059.5 rotation='Y-120/2'
                color=1,0,1
place   wedge_window copies=1 x=-6.4 y=0.0 z=61340.5 rotation='Y120/2'
                color=1,0,1
(do i=35)
place   wedge_window copies=1 x=-6.4 y=0.0 z=62859.5 rotation='Y-120/2'
                color=1,0,1
place   wedge_window copies=1 x=-6.4 y=0.0 z=63140.5 rotation='Y120/2'
                color=1,0,1
(do i=36)
place   wedge_window copies=1 x=-6.4 y=0.0 z=64659.5 rotation='Y-120/2'
                color=1,0,1
place   wedge_window copies=1 x=-6.4 y=0.0 z=64940.5 rotation='Y120/2'
                color=1,0,1
(do i=37)
place   wedge_window copies=1 x=-6.4 y=0.0 z=66459.5 rotation='Y-120/2'
                color=1,0,1
place   wedge_window copies=1 x=-6.4 y=0.0 z=66740.5 rotation='Y120/2'
                color=1,0,1
(do i=38)
place   wedge_window copies=1 x=-6.4 y=0.0 z=68259.5 rotation='Y-120/2'
                color=1,0,1
place   wedge_window copies=1 x=-6.4 y=0.0 z=68540.5 rotation='Y120/2'
                color=1,0,1
(do i=39)
place   wedge_window copies=1 x=-6.4 y=0.0 z=70059.5 rotation='Y-120/2'
                color=1,0,1
place   wedge_window copies=1 x=-6.4 y=0.0 z=70340.5 rotation='Y120/2'
                color=1,0,1
(do i=40)
place   wedge_window copies=1 x=-6.4 y=0.0 z=71859.5 rotation='Y-120/2'
                color=1,0,1
place   wedge_window copies=1 x=-6.4 y=0.0 z=72140.5 rotation='Y120/2'
                color=1,0,1
enddo
zntuple                    z= zloop=0:40*1800:1800 noSingles=0 format=for009
                           file=for009 filename=for009 require=PDGid==-13
                           referenceParticle=1 coordinates=Centerline

World size (before incrementing by 201.357 mm): 1350.0 H  1350.0 W  148860.0 L

PARAMETERS:
            Zcl=72280.5
          angle=1.5
        bendpos=0.1
     cavity_gas=Vacuum
    cell_length=1800
    coil_length=509.8057366700792
    coil_radius=450
     coil_width=225
       coilname=coil
        current=52.30429801780153
     deltaChord=3.0
deltaIntersection=0.1
   deltaOneStep=0.01
         dipole=0.084
  dipole_length=100
          end_z=73810
         epsMax=0.05
         epsMin=2.5e-7
 eventTimeLimit=30
    fieldVoxels=200,200,200
       filename=for009
   final_output=beam_stage2_noerrout
          first=1
  fringe_length=760
half_wedge_length=280
      histoFile=g4beamline
    histoUpdate=0
              i=40
           last=2000
        maxStep=100.0
        minStep=0.01
         ncells=40
             pi=3.1415926
  pipe_diameter=380
    pipe_length=349.6
    pipe_radius=190
           pres=35
   ref_momentum=204
         rf_fre=0.352
        rf_grad=23.635989510791358
      rf_length=220
          rf_ph=27.13412117208823
rf_window_length=0.08
         solpos=0.19931741627235866
 steppingFormat=N GLOBAL CL KE STEP VOL PROCESS
steppingVerbose=0
         viewer=none
 wallClockLimit=-1
      wallthick=0.08
     wedge_apex=120
wedge_window_length=0.24
  worldMaterial=Vacuum
         x_last=-6.81
          x_off=-6.4163565
         y_last=-9.84
          y_off=-11.353351
     zTolerance=2.0
Checking overlaps for volume sol_a_-2:0 (G4Tubs) ... OK! 
BLCMDsolenoid::Construct sol_a_-2 parent= relZ=-3241.2 globZ=-3241.2
	global pos=0.0,0.0,-3241.2  Checking overlaps for volume sol_b_-2:0 (G4Tubs) ... OK! 
BLCMDsolenoid::Construct sol_b_-2 parent= relZ=-2158.8 globZ=-2158.8
	global pos=0.0,0.0,-2158.8  Checking overlaps for volume sol_a_-1:0 (G4Tubs) ... OK! 
BLCMDsolenoid::Construct sol_a_-1 parent= relZ=-1441.2 globZ=-1441.2
	global pos=0.0,0.0,-1441.2  Checking overlaps for volume sol_b_-1:0 (G4Tubs) ... OK! 
BLCMDsolenoid::Construct sol_b_-1 parent= relZ=-358.8 globZ=-358.8
	global pos=0.0,0.0,-358.8  Checking overlaps for volume sol_a_0:0 (G4Tubs) ... OK! 
BLCMDsolenoid::Construct sol_a_0 parent= relZ=358.8 globZ=358.8
	global pos=0.0,0.0,358.8  Checking overlaps for volume sol_b_0:0 (G4Tubs) ... OK! 
BLCMDsolenoid::Construct sol_b_0 parent= relZ=1441.2 globZ=1441.2
	global pos=0.0,0.0,1441.2  Checking overlaps for volume sol_a_1:0 (G4Tubs) ... OK! 
BLCMDsolenoid::Construct sol_a_1 parent= relZ=2158.8 globZ=2158.8
	global pos=0.0,0.0,2158.8  Checking overlaps for volume sol_b_1:0 (G4Tubs) ... OK! 
BLCMDsolenoid::Construct sol_b_1 parent= relZ=3241.2 globZ=3241.2
	global pos=0.0,0.0,3241.2  Checking overlaps for volume sol_a_2:0 (G4Tubs) ... OK! 
BLCMDsolenoid::Construct sol_a_2 parent= relZ=3958.8 globZ=3958.8
	global pos=0.0,0.0,3958.8  Checking overlaps for volume sol_b_2:0 (G4Tubs) ... OK! 
BLCMDsolenoid::Construct sol_b_2 parent= relZ=5041.2 globZ=5041.2
	global pos=0.0,0.0,5041.2  Checking overlaps for volume sol_a_3:0 (G4Tubs) ... OK! 
BLCMDsolenoid::Construct sol_a_3 parent= relZ=5758.8 globZ=5758.8
	global pos=0.0,0.0,5758.8  Checking overlaps for volume sol_b_3:0 (G4Tubs) ... OK! 
BLCMDsolenoid::Construct sol_b_3 parent= relZ=6841.2 globZ=6841.2
	global pos=0.0,0.0,6841.2  Checking overlaps for volume sol_a_4:0 (G4Tubs) ... OK! 
BLCMDsolenoid::Construct sol_a_4 parent= relZ=7558.8 globZ=7558.8
	global pos=0.0,0.0,7558.8  Checking overlaps for volume sol_b_4:0 (G4Tubs) ... OK! 
BLCMDsolenoid::Construct sol_b_4 parent= relZ=8641.2 globZ=8641.2
	global pos=0.0,0.0,8641.2  Checking overlaps for volume sol_a_5:0 (G4Tubs) ... OK! 
BLCMDsolenoid::Construct sol_a_5 parent= relZ=9358.8 globZ=9358.8
	global pos=0.0,0.0,9358.8  Checking overlaps for volume sol_b_5:0 (G4Tubs) ... OK! 
BLCMDsolenoid::Construct sol_b_5 parent= relZ=10441.2 globZ=10441.2
	global pos=0.0,0.0,10441.2  Checking overlaps for volume sol_a_6:0 (G4Tubs) ... OK! 
BLCMDsolenoid::Construct sol_a_6 parent= relZ=11158.8 globZ=11158.8
	global pos=0.0,0.0,11158.8  Checking overlaps for volume sol_b_6:0 (G4Tubs) ... OK! 
BLCMDsolenoid::Construct sol_b_6 parent= relZ=12241.2 globZ=12241.2
	global pos=0.0,0.0,12241.2  Checking overlaps for volume sol_a_7:0 (G4Tubs) ... OK! 
BLCMDsolenoid::Construct sol_a_7 parent= relZ=12958.8 globZ=12958.8
	global pos=0.0,0.0,12958.8  Checking overlaps for volume sol_b_7:0 (G4Tubs) ... OK! 
BLCMDsolenoid::Construct sol_b_7 parent= relZ=14041.2 globZ=14041.2
	global pos=0.0,0.0,14041.2  Checking overlaps for volume sol_a_8:0 (G4Tubs) ... OK! 
BLCMDsolenoid::Construct sol_a_8 parent= relZ=14758.8 globZ=14758.8
	global pos=0.0,0.0,14758.8  Checking overlaps for volume sol_b_8:0 (G4Tubs) ... OK! 
BLCMDsolenoid::Construct sol_b_8 parent= relZ=15841.2 globZ=15841.2
	global pos=0.0,0.0,15841.2  Checking overlaps for volume sol_a_9:0 (G4Tubs) ... OK! 
BLCMDsolenoid::Construct sol_a_9 parent= relZ=16558.8 globZ=16558.8
	global pos=0.0,0.0,16558.8  Checking overlaps for volume sol_b_9:0 (G4Tubs) ... OK! 
BLCMDsolenoid::Construct sol_b_9 parent= relZ=17641.2 globZ=17641.2
	global pos=0.0,0.0,17641.2  Checking overlaps for volume sol_a_10:0 (G4Tubs) ... OK! 
BLCMDsolenoid::Construct sol_a_10 parent= relZ=18358.8 globZ=18358.8
	global pos=0.0,0.0,18358.8  Checking overlaps for volume sol_b_10:0 (G4Tubs) ... OK! 
BLCMDsolenoid::Construct sol_b_10 parent= relZ=19441.2 globZ=19441.2
	global pos=0.0,0.0,19441.2  Checking overlaps for volume sol_a_11:0 (G4Tubs) ... OK! 
BLCMDsolenoid::Construct sol_a_11 parent= relZ=20158.8 globZ=20158.8
	global pos=0.0,0.0,20158.8  Checking overlaps for volume sol_b_11:0 (G4Tubs) ... OK! 
BLCMDsolenoid::Construct sol_b_11 parent= relZ=21241.2 globZ=21241.2
	global pos=0.0,0.0,21241.2  Checking overlaps for volume sol_a_12:0 (G4Tubs) ... OK! 
BLCMDsolenoid::Construct sol_a_12 parent= relZ=21958.8 globZ=21958.8
	global pos=0.0,0.0,21958.8  Checking overlaps for volume sol_b_12:0 (G4Tubs) ... OK! 
BLCMDsolenoid::Construct sol_b_12 parent= relZ=23041.2 globZ=23041.2
	global pos=0.0,0.0,23041.2  Checking overlaps for volume sol_a_13:0 (G4Tubs) ... OK! 
BLCMDsolenoid::Construct sol_a_13 parent= relZ=23758.8 globZ=23758.8
	global pos=0.0,0.0,23758.8  Checking overlaps for volume sol_b_13:0 (G4Tubs) ... OK! 
BLCMDsolenoid::Construct sol_b_13 parent= relZ=24841.2 globZ=24841.2
	global pos=0.0,0.0,24841.2  Checking overlaps for volume sol_a_14:0 (G4Tubs) ... OK! 
BLCMDsolenoid::Construct sol_a_14 parent= relZ=25558.8 globZ=25558.8
	global pos=0.0,0.0,25558.8  Checking overlaps for volume sol_b_14:0 (G4Tubs) ... OK! 
BLCMDsolenoid::Construct sol_b_14 parent= relZ=26641.2 globZ=26641.2
	global pos=0.0,0.0,26641.2  Checking overlaps for volume sol_a_15:0 (G4Tubs) ... OK! 
BLCMDsolenoid::Construct sol_a_15 parent= relZ=27358.8 globZ=27358.8
	global pos=0.0,0.0,27358.8  Checking overlaps for volume sol_b_15:0 (G4Tubs) ... OK! 
BLCMDsolenoid::Construct sol_b_15 parent= relZ=28441.2 globZ=28441.2
	global pos=0.0,0.0,28441.2  Checking overlaps for volume sol_a_16:0 (G4Tubs) ... OK! 
BLCMDsolenoid::Construct sol_a_16 parent= relZ=29158.8 globZ=29158.8
	global pos=0.0,0.0,29158.8  Checking overlaps for volume sol_b_16:0 (G4Tubs) ... OK! 
BLCMDsolenoid::Construct sol_b_16 parent= relZ=30241.2 globZ=30241.2
	global pos=0.0,0.0,30241.2  Checking overlaps for volume sol_a_17:0 (G4Tubs) ... OK! 
BLCMDsolenoid::Construct sol_a_17 parent= relZ=30958.8 globZ=30958.8
	global pos=0.0,0.0,30958.8  Checking overlaps for volume sol_b_17:0 (G4Tubs) ... OK! 
BLCMDsolenoid::Construct sol_b_17 parent= relZ=32041.2 globZ=32041.2
	global pos=0.0,0.0,32041.2  Checking overlaps for volume sol_a_18:0 (G4Tubs) ... OK! 
BLCMDsolenoid::Construct sol_a_18 parent= relZ=32758.8 globZ=32758.8
	global pos=0.0,0.0,32758.8  Checking overlaps for volume sol_b_18:0 (G4Tubs) ... OK! 
BLCMDsolenoid::Construct sol_b_18 parent= relZ=33841.2 globZ=33841.2
	global pos=0.0,0.0,33841.2  Checking overlaps for volume sol_a_19:0 (G4Tubs) ... OK! 
BLCMDsolenoid::Construct sol_a_19 parent= relZ=34558.8 globZ=34558.8
	global pos=0.0,0.0,34558.8  Checking overlaps for volume sol_b_19:0 (G4Tubs) ... OK! 
BLCMDsolenoid::Construct sol_b_19 parent= relZ=35641.2 globZ=35641.2
	global pos=0.0,0.0,35641.2  Checking overlaps for volume sol_a_20:0 (G4Tubs) ... OK! 
BLCMDsolenoid::Construct sol_a_20 parent= relZ=36358.8 globZ=36358.8
	global pos=0.0,0.0,36358.8  Checking overlaps for volume sol_b_20:0 (G4Tubs) ... OK! 
BLCMDsolenoid::Construct sol_b_20 parent= relZ=37441.2 globZ=37441.2
	global pos=0.0,0.0,37441.2  Checking overlaps for volume sol_a_21:0 (G4Tubs) ... OK! 
BLCMDsolenoid::Construct sol_a_21 parent= relZ=38158.8 globZ=38158.8
	global pos=0.0,0.0,38158.8  Checking overlaps for volume sol_b_21:0 (G4Tubs) ... OK! 
BLCMDsolenoid::Construct sol_b_21 parent= relZ=39241.2 globZ=39241.2
	global pos=0.0,0.0,39241.2  Checking overlaps for volume sol_a_22:0 (G4Tubs) ... OK! 
BLCMDsolenoid::Construct sol_a_22 parent= relZ=39958.8 globZ=39958.8
	global pos=0.0,0.0,39958.8  Checking overlaps for volume sol_b_22:0 (G4Tubs) ... OK! 
BLCMDsolenoid::Construct sol_b_22 parent= relZ=41041.2 globZ=41041.2
	global pos=0.0,0.0,41041.2  Checking overlaps for volume sol_a_23:0 (G4Tubs) ... OK! 
BLCMDsolenoid::Construct sol_a_23 parent= relZ=41758.8 globZ=41758.8
	global pos=0.0,0.0,41758.8  Checking overlaps for volume sol_b_23:0 (G4Tubs) ... OK! 
BLCMDsolenoid::Construct sol_b_23 parent= relZ=42841.2 globZ=42841.2
	global pos=0.0,0.0,42841.2  Checking overlaps for volume sol_a_24:0 (G4Tubs) ... OK! 
BLCMDsolenoid::Construct sol_a_24 parent= relZ=43558.8 globZ=43558.8
	global pos=0.0,0.0,43558.8  Checking overlaps for volume sol_b_24:0 (G4Tubs) ... OK! 
BLCMDsolenoid::Construct sol_b_24 parent= relZ=44641.2 globZ=44641.2
	global pos=0.0,0.0,44641.2  Checking overlaps for volume sol_a_25:0 (G4Tubs) ... OK! 
BLCMDsolenoid::Construct sol_a_25 parent= relZ=45358.8 globZ=45358.8
	global pos=0.0,0.0,45358.8  Checking overlaps for volume sol_b_25:0 (G4Tubs) ... OK! 
BLCMDsolenoid::Construct sol_b_25 parent= relZ=46441.2 globZ=46441.2
	global pos=0.0,0.0,46441.2  Checking overlaps for volume sol_a_26:0 (G4Tubs) ... OK! 
BLCMDsolenoid::Construct sol_a_26 parent= relZ=47158.8 globZ=47158.8
	global pos=0.0,0.0,47158.8  Checking overlaps for volume sol_b_26:0 (G4Tubs) ... OK! 
BLCMDsolenoid::Construct sol_b_26 parent= relZ=48241.2 globZ=48241.2
	global pos=0.0,0.0,48241.2  Checking overlaps for volume sol_a_27:0 (G4Tubs) ... OK! 
BLCMDsolenoid::Construct sol_a_27 parent= relZ=48958.8 globZ=48958.8
	global pos=0.0,0.0,48958.8  Checking overlaps for volume sol_b_27:0 (G4Tubs) ... OK! 
BLCMDsolenoid::Construct sol_b_27 parent= relZ=50041.2 globZ=50041.2
	global pos=0.0,0.0,50041.2  Checking overlaps for volume sol_a_28:0 (G4Tubs) ... OK! 
BLCMDsolenoid::Construct sol_a_28 parent= relZ=50758.8 globZ=50758.8
	global pos=0.0,0.0,50758.8  Checking overlaps for volume sol_b_28:0 (G4Tubs) ... OK! 
BLCMDsolenoid::Construct sol_b_28 parent= relZ=51841.2 globZ=51841.2
	global pos=0.0,0.0,51841.2  Checking overlaps for volume sol_a_29:0 (G4Tubs) ... OK! 
BLCMDsolenoid::Construct sol_a_29 parent= relZ=52558.8 globZ=52558.8
	global pos=0.0,0.0,52558.8  Checking overlaps for volume sol_b_29:0 (G4Tubs) ... OK! 
BLCMDsolenoid::Construct sol_b_29 parent= relZ=53641.2 globZ=53641.2
	global pos=0.0,0.0,53641.2  Checking overlaps for volume sol_a_30:0 (G4Tubs) ... OK! 
BLCMDsolenoid::Construct sol_a_30 parent= relZ=54358.8 globZ=54358.8
	global pos=0.0,0.0,54358.8  Checking overlaps for volume sol_b_30:0 (G4Tubs) ... OK! 
BLCMDsolenoid::Construct sol_b_30 parent= relZ=55441.2 globZ=55441.2
	global pos=0.0,0.0,55441.2  Checking overlaps for volume sol_a_31:0 (G4Tubs) ... OK! 
BLCMDsolenoid::Construct sol_a_31 parent= relZ=56158.8 globZ=56158.8
	global pos=0.0,0.0,56158.8  Checking overlaps for volume sol_b_31:0 (G4Tubs) ... OK! 
BLCMDsolenoid::Construct sol_b_31 parent= relZ=57241.2 globZ=57241.2
	global pos=0.0,0.0,57241.2  Checking overlaps for volume sol_a_32:0 (G4Tubs) ... OK! 
BLCMDsolenoid::Construct sol_a_32 parent= relZ=57958.8 globZ=57958.8
	global pos=0.0,0.0,57958.8  Checking overlaps for volume sol_b_32:0 (G4Tubs) ... OK! 
BLCMDsolenoid::Construct sol_b_32 parent= relZ=59041.2 globZ=59041.2
	global pos=0.0,0.0,59041.2  Checking overlaps for volume sol_a_33:0 (G4Tubs) ... OK! 
BLCMDsolenoid::Construct sol_a_33 parent= relZ=59758.8 globZ=59758.8
	global pos=0.0,0.0,59758.8  Checking overlaps for volume sol_b_33:0 (G4Tubs) ... OK! 
BLCMDsolenoid::Construct sol_b_33 parent= relZ=60841.2 globZ=60841.2
	global pos=0.0,0.0,60841.2  Checking overlaps for volume sol_a_34:0 (G4Tubs) ... OK! 
BLCMDsolenoid::Construct sol_a_34 parent= relZ=61558.8 globZ=61558.8
	global pos=0.0,0.0,61558.8  Checking overlaps for volume sol_b_34:0 (G4Tubs) ... OK! 
BLCMDsolenoid::Construct sol_b_34 parent= relZ=62641.2 globZ=62641.2
	global pos=0.0,0.0,62641.2  Checking overlaps for volume sol_a_35:0 (G4Tubs) ... OK! 
BLCMDsolenoid::Construct sol_a_35 parent= relZ=63358.8 globZ=63358.8
	global pos=0.0,0.0,63358.8  Checking overlaps for volume sol_b_35:0 (G4Tubs) ... OK! 
BLCMDsolenoid::Construct sol_b_35 parent= relZ=64441.2 globZ=64441.2
	global pos=0.0,0.0,64441.2  Checking overlaps for volume sol_a_36:0 (G4Tubs) ... OK! 
BLCMDsolenoid::Construct sol_a_36 parent= relZ=65158.8 globZ=65158.8
	global pos=0.0,0.0,65158.8  Checking overlaps for volume sol_b_36:0 (G4Tubs) ... OK! 
BLCMDsolenoid::Construct sol_b_36 parent= relZ=66241.2 globZ=66241.2
	global pos=0.0,0.0,66241.2  Checking overlaps for volume sol_a_37:0 (G4Tubs) ... OK! 
BLCMDsolenoid::Construct sol_a_37 parent= relZ=66958.8 globZ=66958.8
	global pos=0.0,0.0,66958.8  Checking overlaps for volume sol_b_37:0 (G4Tubs) ... OK! 
BLCMDsolenoid::Construct sol_b_37 parent= relZ=68041.2 globZ=68041.2
	global pos=0.0,0.0,68041.2  Checking overlaps for volume sol_a_38:0 (G4Tubs) ... OK! 
BLCMDsolenoid::Construct sol_a_38 parent= relZ=68758.8 globZ=68758.8
	global pos=0.0,0.0,68758.8  Checking overlaps for volume sol_b_38:0 (G4Tubs) ... OK! 
BLCMDsolenoid::Construct sol_b_38 parent= relZ=69841.2 globZ=69841.2
	global pos=0.0,0.0,69841.2  Checking overlaps for volume sol_a_39:0 (G4Tubs) ... OK! 
BLCMDsolenoid::Construct sol_a_39 parent= relZ=70558.8 globZ=70558.8
	global pos=0.0,0.0,70558.8  Checking overlaps for volume sol_b_39:0 (G4Tubs) ... OK! 
BLCMDsolenoid::Construct sol_b_39 parent= relZ=71641.2 globZ=71641.2
	global pos=0.0,0.0,71641.2  Checking overlaps for volume sol_a_40:0 (G4Tubs) ... OK! 
BLCMDsolenoid::Construct sol_a_40 parent= relZ=72358.8 globZ=72358.8
	global pos=0.0,0.0,72358.8  Checking overlaps for volume sol_b_40:0 (G4Tubs) ... OK! 
BLCMDsolenoid::Construct sol_b_40 parent= relZ=73441.2 globZ=73441.2
	global pos=0.0,0.0,73441.2  BLCMDgenericbend::Construct solbend_a_-2 parent= relZ=-3420.0 globZ=-3420.0
	zmin=-3470.0 zmax=-3370.0
BLCMDgenericbend::Construct solbend_b_-2 parent= relZ=-1980.0 globZ=-1980.0
	zmin=-2030.0 zmax=-1930.0
BLCMDgenericbend::Construct solbend_a_-1 parent= relZ=-1620.0 globZ=-1620.0
	zmin=-1670.0 zmax=-1570.0
BLCMDgenericbend::Construct solbend_b_-1 parent= relZ=-180.0 globZ=-180.0
	zmin=-230.0 zmax=-130.0
BLCMDgenericbend::Construct solbend_a_0 parent= relZ=180.0 globZ=180.0
	zmin=130.0 zmax=230.0
BLCMDgenericbend::Construct solbend_b_0 parent= relZ=1620.0 globZ=1620.0
	zmin=1570.0 zmax=1670.0
BLCMDgenericbend::Construct solbend_a_1 parent= relZ=1980.0 globZ=1980.0
	zmin=1930.0 zmax=2030.0
BLCMDgenericbend::Construct solbend_b_1 parent= relZ=3420.0 globZ=3420.0
	zmin=3370.0 zmax=3470.0
BLCMDgenericbend::Construct solbend_a_2 parent= relZ=3780.0 globZ=3780.0
	zmin=3730.0 zmax=3830.0
BLCMDgenericbend::Construct solbend_b_2 parent= relZ=5220.0 globZ=5220.0
	zmin=5170.0 zmax=5270.0
BLCMDgenericbend::Construct solbend_a_3 parent= relZ=5580.0 globZ=5580.0
	zmin=5530.0 zmax=5630.0
BLCMDgenericbend::Construct solbend_b_3 parent= relZ=7020.0 globZ=7020.0
	zmin=6970.0 zmax=7070.0
BLCMDgenericbend::Construct solbend_a_4 parent= relZ=7380.0 globZ=7380.0
	zmin=7330.0 zmax=7430.0
BLCMDgenericbend::Construct solbend_b_4 parent= relZ=8820.0 globZ=8820.0
	zmin=8770.0 zmax=8870.0
BLCMDgenericbend::Construct solbend_a_5 parent= relZ=9180.0 globZ=9180.0
	zmin=9130.0 zmax=9230.0
BLCMDgenericbend::Construct solbend_b_5 parent= relZ=10620.0 globZ=10620.0
	zmin=10570.0 zmax=10670.0
BLCMDgenericbend::Construct solbend_a_6 parent= relZ=10980.0 globZ=10980.0
	zmin=10930.0 zmax=11030.0
BLCMDgenericbend::Construct solbend_b_6 parent= relZ=12420.0 globZ=12420.0
	zmin=12370.0 zmax=12470.0
BLCMDgenericbend::Construct solbend_a_7 parent= relZ=12780.0 globZ=12780.0
	zmin=12730.0 zmax=12830.0
BLCMDgenericbend::Construct solbend_b_7 parent= relZ=14220.0 globZ=14220.0
	zmin=14170.0 zmax=14270.0
BLCMDgenericbend::Construct solbend_a_8 parent= relZ=14580.0 globZ=14580.0
	zmin=14530.0 zmax=14630.0
BLCMDgenericbend::Construct solbend_b_8 parent= relZ=16020.0 globZ=16020.0
	zmin=15970.0 zmax=16070.0
BLCMDgenericbend::Construct solbend_a_9 parent= relZ=16380.0 globZ=16380.0
	zmin=16330.0 zmax=16430.0
BLCMDgenericbend::Construct solbend_b_9 parent= relZ=17820.0 globZ=17820.0
	zmin=17770.0 zmax=17870.0
BLCMDgenericbend::Construct solbend_a_10 parent= relZ=18180.0 globZ=18180.0
	zmin=18130.0 zmax=18230.0
BLCMDgenericbend::Construct solbend_b_10 parent= relZ=19620.0 globZ=19620.0
	zmin=19570.0 zmax=19670.0
BLCMDgenericbend::Construct solbend_a_11 parent= relZ=19980.0 globZ=19980.0
	zmin=19930.0 zmax=20030.0
BLCMDgenericbend::Construct solbend_b_11 parent= relZ=21420.0 globZ=21420.0
	zmin=21370.0 zmax=21470.0
BLCMDgenericbend::Construct solbend_a_12 parent= relZ=21780.0 globZ=21780.0
	zmin=21730.0 zmax=21830.0
BLCMDgenericbend::Construct solbend_b_12 parent= relZ=23220.0 globZ=23220.0
	zmin=23170.0 zmax=23270.0
BLCMDgenericbend::Construct solbend_a_13 parent= relZ=23580.0 globZ=23580.0
	zmin=23530.0 zmax=23630.0
BLCMDgenericbend::Construct solbend_b_13 parent= relZ=25020.0 globZ=25020.0
	zmin=24970.0 zmax=25070.0
BLCMDgenericbend::Construct solbend_a_14 parent= relZ=25380.0 globZ=25380.0
	zmin=25330.0 zmax=25430.0
BLCMDgenericbend::Construct solbend_b_14 parent= relZ=26820.0 globZ=26820.0
	zmin=26770.0 zmax=26870.0
BLCMDgenericbend::Construct solbend_a_15 parent= relZ=27180.0 globZ=27180.0
	zmin=27130.0 zmax=27230.0
BLCMDgenericbend::Construct solbend_b_15 parent= relZ=28620.0 globZ=28620.0
	zmin=28570.0 zmax=28670.0
BLCMDgenericbend::Construct solbend_a_16 parent= relZ=28980.0 globZ=28980.0
	zmin=28930.0 zmax=29030.0
BLCMDgenericbend::Construct solbend_b_16 parent= relZ=30420.0 globZ=30420.0
	zmin=30370.0 zmax=30470.0
BLCMDgenericbend::Construct solbend_a_17 parent= relZ=30780.0 globZ=30780.0
	zmin=30730.0 zmax=30830.0
BLCMDgenericbend::Construct solbend_b_17 parent= relZ=32220.0 globZ=32220.0
	zmin=32170.0 zmax=32270.0
BLCMDgenericbend::Construct solbend_a_18 parent= relZ=32580.0 globZ=32580.0
	zmin=32530.0 zmax=32630.0
BLCMDgenericbend::Construct solbend_b_18 parent= relZ=34020.0 globZ=34020.0
	zmin=33970.0 zmax=34070.0
BLCMDgenericbend::Construct solbend_a_19 parent= relZ=34380.0 globZ=34380.0
	zmin=34330.0 zmax=34430.0
BLCMDgenericbend::Construct solbend_b_19 parent= relZ=35820.0 globZ=35820.0
	zmin=35770.0 zmax=35870.0
BLCMDgenericbend::Construct solbend_a_20 parent= relZ=36180.0 globZ=36180.0
	zmin=36130.0 zmax=36230.0
BLCMDgenericbend::Construct solbend_b_20 parent= relZ=37620.0 globZ=37620.0
	zmin=37570.0 zmax=37670.0
BLCMDgenericbend::Construct solbend_a_21 parent= relZ=37980.0 globZ=37980.0
	zmin=37930.0 zmax=38030.0
BLCMDgenericbend::Construct solbend_b_21 parent= relZ=39420.0 globZ=39420.0
	zmin=39370.0 zmax=39470.0
BLCMDgenericbend::Construct solbend_a_22 parent= relZ=39780.0 globZ=39780.0
	zmin=39730.0 zmax=39830.0
BLCMDgenericbend::Construct solbend_b_22 parent= relZ=41220.0 globZ=41220.0
	zmin=41170.0 zmax=41270.0
BLCMDgenericbend::Construct solbend_a_23 parent= relZ=41580.0 globZ=41580.0
	zmin=41530.0 zmax=41630.0
BLCMDgenericbend::Construct solbend_b_23 parent= relZ=43020.0 globZ=43020.0
	zmin=42970.0 zmax=43070.0
BLCMDgenericbend::Construct solbend_a_24 parent= relZ=43380.0 globZ=43380.0
	zmin=43330.0 zmax=43430.0
BLCMDgenericbend::Construct solbend_b_24 parent= relZ=44820.0 globZ=44820.0
	zmin=44770.0 zmax=44870.0
BLCMDgenericbend::Construct solbend_a_25 parent= relZ=45180.0 globZ=45180.0
	zmin=45130.0 zmax=45230.0
BLCMDgenericbend::Construct solbend_b_25 parent= relZ=46620.0 globZ=46620.0
	zmin=46570.0 zmax=46670.0
BLCMDgenericbend::Construct solbend_a_26 parent= relZ=46980.0 globZ=46980.0
	zmin=46930.0 zmax=47030.0
BLCMDgenericbend::Construct solbend_b_26 parent= relZ=48420.0 globZ=48420.0
	zmin=48370.0 zmax=48470.0
BLCMDgenericbend::Construct solbend_a_27 parent= relZ=48780.0 globZ=48780.0
	zmin=48730.0 zmax=48830.0
BLCMDgenericbend::Construct solbend_b_27 parent= relZ=50220.0 globZ=50220.0
	zmin=50170.0 zmax=50270.0
BLCMDgenericbend::Construct solbend_a_28 parent= relZ=50580.0 globZ=50580.0
	zmin=50530.0 zmax=50630.0
BLCMDgenericbend::Construct solbend_b_28 parent= relZ=52020.0 globZ=52020.0
	zmin=51970.0 zmax=52070.0
BLCMDgenericbend::Construct solbend_a_29 parent= relZ=52380.0 globZ=52380.0
	zmin=52330.0 zmax=52430.0
BLCMDgenericbend::Construct solbend_b_29 parent= relZ=53820.0 globZ=53820.0
	zmin=53770.0 zmax=53870.0
BLCMDgenericbend::Construct solbend_a_30 parent= relZ=54180.0 globZ=54180.0
	zmin=54130.0 zmax=54230.0
BLCMDgenericbend::Construct solbend_b_30 parent= relZ=55620.0 globZ=55620.0
	zmin=55570.0 zmax=55670.0
BLCMDgenericbend::Construct solbend_a_31 parent= relZ=55980.0 globZ=55980.0
	zmin=55930.0 zmax=56030.0
BLCMDgenericbend::Construct solbend_b_31 parent= relZ=57420.0 globZ=57420.0
	zmin=57370.0 zmax=57470.0
BLCMDgenericbend::Construct solbend_a_32 parent= relZ=57780.0 globZ=57780.0
	zmin=57730.0 zmax=57830.0
BLCMDgenericbend::Construct solbend_b_32 parent= relZ=59220.0 globZ=59220.0
	zmin=59170.0 zmax=59270.0
BLCMDgenericbend::Construct solbend_a_33 parent= relZ=59580.0 globZ=59580.0
	zmin=59530.0 zmax=59630.0
BLCMDgenericbend::Construct solbend_b_33 parent= relZ=61020.0 globZ=61020.0
	zmin=60970.0 zmax=61070.0
BLCMDgenericbend::Construct solbend_a_34 parent= relZ=61380.0 globZ=61380.0
	zmin=61330.0 zmax=61430.0
BLCMDgenericbend::Construct solbend_b_34 parent= relZ=62820.0 globZ=62820.0
	zmin=62770.0 zmax=62870.0
BLCMDgenericbend::Construct solbend_a_35 parent= relZ=63180.0 globZ=63180.0
	zmin=63130.0 zmax=63230.0
BLCMDgenericbend::Construct solbend_b_35 parent= relZ=64620.0 globZ=64620.0
	zmin=64570.0 zmax=64670.0
BLCMDgenericbend::Construct solbend_a_36 parent= relZ=64980.0 globZ=64980.0
	zmin=64930.0 zmax=65030.0
BLCMDgenericbend::Construct solbend_b_36 parent= relZ=66420.0 globZ=66420.0
	zmin=66370.0 zmax=66470.0
BLCMDgenericbend::Construct solbend_a_37 parent= relZ=66780.0 globZ=66780.0
	zmin=66730.0 zmax=66830.0
BLCMDgenericbend::Construct solbend_b_37 parent= relZ=68220.0 globZ=68220.0
	zmin=68170.0 zmax=68270.0
BLCMDgenericbend::Construct solbend_a_38 parent= relZ=68580.0 globZ=68580.0
	zmin=68530.0 zmax=68630.0
BLCMDgenericbend::Construct solbend_b_38 parent= relZ=70020.0 globZ=70020.0
	zmin=69970.0 zmax=70070.0
BLCMDgenericbend::Construct solbend_a_39 parent= relZ=70380.0 globZ=70380.0
	zmin=70330.0 zmax=70430.0
BLCMDgenericbend::Construct solbend_b_39 parent= relZ=71820.0 globZ=71820.0
	zmin=71770.0 zmax=71870.0
BLCMDgenericbend::Construct solbend_a_40 parent= relZ=72180.0 globZ=72180.0
	zmin=72130.0 zmax=72230.0
BLCMDgenericbend::Construct solbend_b_40 parent= relZ=73620.0 globZ=73620.0
	zmin=73570.0 zmax=73670.0
BLMappedMagnet::Construct fringe_left parent= relZ=-3850.0
BLMappedMagnet::Construct fringe_right parent= relZ=-2990.0
BLMappedMagnet::Construct fringe_left parent= relZ=-2410.0
BLMappedMagnet::Construct fringe_right parent= relZ=-1550.0
BLMappedMagnet::Construct fringe_left parent= relZ=-2050.0
BLMappedMagnet::Construct fringe_right parent= relZ=-1190.0
BLMappedMagnet::Construct fringe_left parent= relZ=-610.0
BLMappedMagnet::Construct fringe_right parent= relZ=250.0
BLMappedMagnet::Construct fringe_left parent= relZ=-250.0
BLMappedMagnet::Construct fringe_right parent= relZ=610.0
BLMappedMagnet::Construct fringe_left parent= relZ=1190.0
BLMappedMagnet::Construct fringe_right parent= relZ=2050.0
BLMappedMagnet::Construct fringe_left parent= relZ=1550.0
BLMappedMagnet::Construct fringe_right parent= relZ=2410.0
BLMappedMagnet::Construct fringe_left parent= relZ=2990.0
BLMappedMagnet::Construct fringe_right parent= relZ=3850.0
BLMappedMagnet::Construct fringe_left parent= relZ=3350.0
BLMappedMagnet::Construct fringe_right parent= relZ=4210.0
BLMappedMagnet::Construct fringe_left parent= relZ=4790.0
BLMappedMagnet::Construct fringe_right parent= relZ=5650.0
BLMappedMagnet::Construct fringe_left parent= relZ=5150.0
BLMappedMagnet::Construct fringe_right parent= relZ=6010.0
BLMappedMagnet::Construct fringe_left parent= relZ=6590.0
BLMappedMagnet::Construct fringe_right parent= relZ=7450.0
BLMappedMagnet::Construct fringe_left parent= relZ=6950.0
BLMappedMagnet::Construct fringe_right parent= relZ=7810.0
BLMappedMagnet::Construct fringe_left parent= relZ=8390.0
BLMappedMagnet::Construct fringe_right parent= relZ=9250.0
BLMappedMagnet::Construct fringe_left parent= relZ=8750.0
BLMappedMagnet::Construct fringe_right parent= relZ=9610.0
BLMappedMagnet::Construct fringe_left parent= relZ=10190.0
BLMappedMagnet::Construct fringe_right parent= relZ=11050.0
BLMappedMagnet::Construct fringe_left parent= relZ=10550.0
BLMappedMagnet::Construct fringe_right parent= relZ=11410.0
BLMappedMagnet::Construct fringe_left parent= relZ=11990.0
BLMappedMagnet::Construct fringe_right parent= relZ=12850.0
BLMappedMagnet::Construct fringe_left parent= relZ=12350.0
BLMappedMagnet::Construct fringe_right parent= relZ=13210.0
BLMappedMagnet::Construct fringe_left parent= relZ=13790.0
BLMappedMagnet::Construct fringe_right parent= relZ=14650.0
BLMappedMagnet::Construct fringe_left parent= relZ=14150.0
BLMappedMagnet::Construct fringe_right parent= relZ=15010.0
BLMappedMagnet::Construct fringe_left parent= relZ=15590.0
BLMappedMagnet::Construct fringe_right parent= relZ=16450.0
BLMappedMagnet::Construct fringe_left parent= relZ=15950.0
BLMappedMagnet::Construct fringe_right parent= relZ=16810.0
BLMappedMagnet::Construct fringe_left parent= relZ=17390.0
BLMappedMagnet::Construct fringe_right parent= relZ=18250.0
BLMappedMagnet::Construct fringe_left parent= relZ=17750.0
BLMappedMagnet::Construct fringe_right parent= relZ=18610.0
BLMappedMagnet::Construct fringe_left parent= relZ=19190.0
BLMappedMagnet::Construct fringe_right parent= relZ=20050.0
BLMappedMagnet::Construct fringe_left parent= relZ=19550.0
BLMappedMagnet::Construct fringe_right parent= relZ=20410.0
BLMappedMagnet::Construct fringe_left parent= relZ=20990.0
BLMappedMagnet::Construct fringe_right parent= relZ=21850.0
BLMappedMagnet::Construct fringe_left parent= relZ=21350.0
BLMappedMagnet::Construct fringe_right parent= relZ=22210.0
BLMappedMagnet::Construct fringe_left parent= relZ=22790.0
BLMappedMagnet::Construct fringe_right parent= relZ=23650.0
BLMappedMagnet::Construct fringe_left parent= relZ=23150.0
BLMappedMagnet::Construct fringe_right parent= relZ=24010.0
BLMappedMagnet::Construct fringe_left parent= relZ=24590.0
BLMappedMagnet::Construct fringe_right parent= relZ=25450.0
BLMappedMagnet::Construct fringe_left parent= relZ=24950.0
BLMappedMagnet::Construct fringe_right parent= relZ=25810.0
BLMappedMagnet::Construct fringe_left parent= relZ=26390.0
BLMappedMagnet::Construct fringe_right parent= relZ=27250.0
BLMappedMagnet::Construct fringe_left parent= relZ=26750.0
BLMappedMagnet::Construct fringe_right parent= relZ=27610.0
BLMappedMagnet::Construct fringe_left parent= relZ=28190.0
BLMappedMagnet::Construct fringe_right parent= relZ=29050.0
BLMappedMagnet::Construct fringe_left parent= relZ=28550.0
BLMappedMagnet::Construct fringe_right parent= relZ=29410.0
BLMappedMagnet::Construct fringe_left parent= relZ=29990.0
BLMappedMagnet::Construct fringe_right parent= relZ=30850.0
BLMappedMagnet::Construct fringe_left parent= relZ=30350.0
BLMappedMagnet::Construct fringe_right parent= relZ=31210.0
BLMappedMagnet::Construct fringe_left parent= relZ=31790.0
BLMappedMagnet::Construct fringe_right parent= relZ=32650.0
BLMappedMagnet::Construct fringe_left parent= relZ=32150.0
BLMappedMagnet::Construct fringe_right parent= relZ=33010.0
BLMappedMagnet::Construct fringe_left parent= relZ=33590.0
BLMappedMagnet::Construct fringe_right parent= relZ=34450.0
BLMappedMagnet::Construct fringe_left parent= relZ=33950.0
BLMappedMagnet::Construct fringe_right parent= relZ=34810.0
BLMappedMagnet::Construct fringe_left parent= relZ=35390.0
BLMappedMagnet::Construct fringe_right parent= relZ=36250.0
BLMappedMagnet::Construct fringe_left parent= relZ=35750.0
BLMappedMagnet::Construct fringe_right parent= relZ=36610.0
BLMappedMagnet::Construct fringe_left parent= relZ=37190.0
BLMappedMagnet::Construct fringe_right parent= relZ=38050.0
BLMappedMagnet::Construct fringe_left parent= relZ=37550.0
BLMappedMagnet::Construct fringe_right parent= relZ=38410.0
BLMappedMagnet::Construct fringe_left parent= relZ=38990.0
BLMappedMagnet::Construct fringe_right parent= relZ=39850.0
BLMappedMagnet::Construct fringe_left parent= relZ=39350.0
BLMappedMagnet::Construct fringe_right parent= relZ=40210.0
BLMappedMagnet::Construct fringe_left parent= relZ=40790.0
BLMappedMagnet::Construct fringe_right parent= relZ=41650.0
BLMappedMagnet::Construct fringe_left parent= relZ=41150.0
BLMappedMagnet::Construct fringe_right parent= relZ=42010.0
BLMappedMagnet::Construct fringe_left parent= relZ=42590.0
BLMappedMagnet::Construct fringe_right parent= relZ=43450.0
BLMappedMagnet::Construct fringe_left parent= relZ=42950.0
BLMappedMagnet::Construct fringe_right parent= relZ=43810.0
BLMappedMagnet::Construct fringe_left parent= relZ=44390.0
BLMappedMagnet::Construct fringe_right parent= relZ=45250.0
BLMappedMagnet::Construct fringe_left parent= relZ=44750.0
BLMappedMagnet::Construct fringe_right parent= relZ=45610.0
BLMappedMagnet::Construct fringe_left parent= relZ=46190.0
BLMappedMagnet::Construct fringe_right parent= relZ=47050.0
BLMappedMagnet::Construct fringe_left parent= relZ=46550.0
BLMappedMagnet::Construct fringe_right parent= relZ=47410.0
BLMappedMagnet::Construct fringe_left parent= relZ=47990.0
BLMappedMagnet::Construct fringe_right parent= relZ=48850.0
BLMappedMagnet::Construct fringe_left parent= relZ=48350.0
BLMappedMagnet::Construct fringe_right parent= relZ=49210.0
BLMappedMagnet::Construct fringe_left parent= relZ=49790.0
BLMappedMagnet::Construct fringe_right parent= relZ=50650.0
BLMappedMagnet::Construct fringe_left parent= relZ=50150.0
BLMappedMagnet::Construct fringe_right parent= relZ=51010.0
BLMappedMagnet::Construct fringe_left parent= relZ=51590.0
BLMappedMagnet::Construct fringe_right parent= relZ=52450.0
BLMappedMagnet::Construct fringe_left parent= relZ=51950.0
BLMappedMagnet::Construct fringe_right parent= relZ=52810.0
BLMappedMagnet::Construct fringe_left parent= relZ=53390.0
BLMappedMagnet::Construct fringe_right parent= relZ=54250.0
BLMappedMagnet::Construct fringe_left parent= relZ=53750.0
BLMappedMagnet::Construct fringe_right parent= relZ=54610.0
BLMappedMagnet::Construct fringe_left parent= relZ=55190.0
BLMappedMagnet::Construct fringe_right parent= relZ=56050.0
BLMappedMagnet::Construct fringe_left parent= relZ=55550.0
BLMappedMagnet::Construct fringe_right parent= relZ=56410.0
BLMappedMagnet::Construct fringe_left parent= relZ=56990.0
BLMappedMagnet::Construct fringe_right parent= relZ=57850.0
BLMappedMagnet::Construct fringe_left parent= relZ=57350.0
BLMappedMagnet::Construct fringe_right parent= relZ=58210.0
BLMappedMagnet::Construct fringe_left parent= relZ=58790.0
BLMappedMagnet::Construct fringe_right parent= relZ=59650.0
BLMappedMagnet::Construct fringe_left parent= relZ=59150.0
BLMappedMagnet::Construct fringe_right parent= relZ=60010.0
BLMappedMagnet::Construct fringe_left parent= relZ=60590.0
BLMappedMagnet::Construct fringe_right parent= relZ=61450.0
BLMappedMagnet::Construct fringe_left parent= relZ=60950.0
BLMappedMagnet::Construct fringe_right parent= relZ=61810.0
BLMappedMagnet::Construct fringe_left parent= relZ=62390.0
BLMappedMagnet::Construct fringe_right parent= relZ=63250.0
BLMappedMagnet::Construct fringe_left parent= relZ=62750.0
BLMappedMagnet::Construct fringe_right parent= relZ=63610.0
BLMappedMagnet::Construct fringe_left parent= relZ=64190.0
BLMappedMagnet::Construct fringe_right parent= relZ=65050.0
BLMappedMagnet::Construct fringe_left parent= relZ=64550.0
BLMappedMagnet::Construct fringe_right parent= relZ=65410.0
BLMappedMagnet::Construct fringe_left parent= relZ=65990.0
BLMappedMagnet::Construct fringe_right parent= relZ=66850.0
BLMappedMagnet::Construct fringe_left parent= relZ=66350.0
BLMappedMagnet::Construct fringe_right parent= relZ=67210.0
BLMappedMagnet::Construct fringe_left parent= relZ=67790.0
BLMappedMagnet::Construct fringe_right parent= relZ=68650.0
BLMappedMagnet::Construct fringe_left parent= relZ=68150.0
BLMappedMagnet::Construct fringe_right parent= relZ=69010.0
BLMappedMagnet::Construct fringe_left parent= relZ=69590.0
BLMappedMagnet::Construct fringe_right parent= relZ=70450.0
BLMappedMagnet::Construct fringe_left parent= relZ=69950.0
BLMappedMagnet::Construct fringe_right parent= relZ=70810.0
BLMappedMagnet::Construct fringe_left parent= relZ=71390.0
BLMappedMagnet::Construct fringe_right parent= relZ=72250.0
BLMappedMagnet::Construct fringe_left parent= relZ=71750.0
BLMappedMagnet::Construct fringe_right parent= relZ=72610.0
BLMappedMagnet::Construct fringe_left parent= relZ=73190.0
BLMappedMagnet::Construct fringe_right parent= relZ=74050.0
Checking overlaps for volume pipe:0 (G4Tubs) ... OK! 
BLCMDtubs::Construct pipe parent= relZ=174.8 globZ=174.8
	zmin=0.0 zmax=349.6 kill=1
Checking overlaps for volume pipe:0 (G4Tubs) ... OK! 
BLCMDtubs::Construct pipe parent= relZ=1625.2 globZ=1625.2
	zmin=1450.4 zmax=1800.0 kill=1
Checking overlaps for volume pipe:0 (G4Tubs) ... OK! 
BLCMDtubs::Construct pipe parent= relZ=1974.8 globZ=1974.8
	zmin=1800.0 zmax=2149.6 kill=1
Checking overlaps for volume pipe:0 (G4Tubs) ... OK! 
BLCMDtubs::Construct pipe parent= relZ=3425.2 globZ=3425.2
	zmin=3250.4 zmax=3600.0 kill=1
Checking overlaps for volume pipe:0 (G4Tubs) ... OK! 
BLCMDtubs::Construct pipe parent= relZ=3774.8 globZ=3774.8
	zmin=3600.0 zmax=3949.6 kill=1
Checking overlaps for volume pipe:0 (G4Tubs) ... OK! 
BLCMDtubs::Construct pipe parent= relZ=5225.2 globZ=5225.2
	zmin=5050.4 zmax=5400.0 kill=1
Checking overlaps for volume pipe:0 (G4Tubs) ... OK! 
BLCMDtubs::Construct pipe parent= relZ=5574.8 globZ=5574.8
	zmin=5400.0 zmax=5749.6 kill=1
Checking overlaps for volume pipe:0 (G4Tubs) ... OK! 
BLCMDtubs::Construct pipe parent= relZ=7025.2 globZ=7025.2
	zmin=6850.4 zmax=7200.0 kill=1
Checking overlaps for volume pipe:0 (G4Tubs) ... OK! 
BLCMDtubs::Construct pipe parent= relZ=7374.8 globZ=7374.8
	zmin=7200.0 zmax=7549.6 kill=1
Checking overlaps for volume pipe:0 (G4Tubs) ... OK! 
BLCMDtubs::Construct pipe parent= relZ=8825.2 globZ=8825.2
	zmin=8650.4 zmax=9000.0 kill=1
Checking overlaps for volume pipe:0 (G4Tubs) ... OK! 
BLCMDtubs::Construct pipe parent= relZ=9174.8 globZ=9174.8
	zmin=9000.0 zmax=9349.6 kill=1
Checking overlaps for volume pipe:0 (G4Tubs) ... OK! 
BLCMDtubs::Construct pipe parent= relZ=10625.2 globZ=10625.2
	zmin=10450.4 zmax=10800.0 kill=1
Checking overlaps for volume pipe:0 (G4Tubs) ... OK! 
BLCMDtubs::Construct pipe parent= relZ=10974.8 globZ=10974.8
	zmin=10800.0 zmax=11149.6 kill=1
Checking overlaps for volume pipe:0 (G4Tubs) ... OK! 
BLCMDtubs::Construct pipe parent= relZ=12425.2 globZ=12425.2
	zmin=12250.4 zmax=12600.0 kill=1
Checking overlaps for volume pipe:0 (G4Tubs) ... OK! 
BLCMDtubs::Construct pipe parent= relZ=12774.8 globZ=12774.8
	zmin=12600.0 zmax=12949.6 kill=1
Checking overlaps for volume pipe:0 (G4Tubs) ... OK! 
BLCMDtubs::Construct pipe parent= relZ=14225.2 globZ=14225.2
	zmin=14050.4 zmax=14400.0 kill=1
Checking overlaps for volume pipe:0 (G4Tubs) ... OK! 
BLCMDtubs::Construct pipe parent= relZ=14574.8 globZ=14574.8
	zmin=14400.0 zmax=14749.6 kill=1
Checking overlaps for volume pipe:0 (G4Tubs) ... OK! 
BLCMDtubs::Construct pipe parent= relZ=16025.2 globZ=16025.2
	zmin=15850.4 zmax=16200.0 kill=1
Checking overlaps for volume pipe:0 (G4Tubs) ... OK! 
BLCMDtubs::Construct pipe parent= relZ=16374.8 globZ=16374.8
	zmin=16200.0 zmax=16549.6 kill=1
Checking overlaps for volume pipe:0 (G4Tubs) ... OK! 
BLCMDtubs::Construct pipe parent= relZ=17825.2 globZ=17825.2
	zmin=17650.4 zmax=18000.0 kill=1
Checking overlaps for volume pipe:0 (G4Tubs) ... OK! 
BLCMDtubs::Construct pipe parent= relZ=18174.8 globZ=18174.8
	zmin=18000.0 zmax=18349.6 kill=1
Checking overlaps for volume pipe:0 (G4Tubs) ... OK! 
BLCMDtubs::Construct pipe parent= relZ=19625.2 globZ=19625.2
	zmin=19450.4 zmax=19800.0 kill=1
Checking overlaps for volume pipe:0 (G4Tubs) ... OK! 
BLCMDtubs::Construct pipe parent= relZ=19974.8 globZ=19974.8
	zmin=19800.0 zmax=20149.6 kill=1
Checking overlaps for volume pipe:0 (G4Tubs) ... OK! 
BLCMDtubs::Construct pipe parent= relZ=21425.2 globZ=21425.2
	zmin=21250.4 zmax=21600.0 kill=1
Checking overlaps for volume pipe:0 (G4Tubs) ... OK! 
BLCMDtubs::Construct pipe parent= relZ=21774.8 globZ=21774.8
	zmin=21600.0 zmax=21949.6 kill=1
Checking overlaps for volume pipe:0 (G4Tubs) ... OK! 
BLCMDtubs::Construct pipe parent= relZ=23225.2 globZ=23225.2
	zmin=23050.4 zmax=23400.0 kill=1
Checking overlaps for volume pipe:0 (G4Tubs) ... OK! 
BLCMDtubs::Construct pipe parent= relZ=23574.8 globZ=23574.8
	zmin=23400.0 zmax=23749.6 kill=1
Checking overlaps for volume pipe:0 (G4Tubs) ... OK! 
BLCMDtubs::Construct pipe parent= relZ=25025.2 globZ=25025.2
	zmin=24850.4 zmax=25200.0 kill=1
Checking overlaps for volume pipe:0 (G4Tubs) ... OK! 
BLCMDtubs::Construct pipe parent= relZ=25374.8 globZ=25374.8
	zmin=25200.0 zmax=25549.6 kill=1
Checking overlaps for volume pipe:0 (G4Tubs) ... OK! 
BLCMDtubs::Construct pipe parent= relZ=26825.2 globZ=26825.2
	zmin=26650.4 zmax=27000.0 kill=1
Checking overlaps for volume pipe:0 (G4Tubs) ... OK! 
BLCMDtubs::Construct pipe parent= relZ=27174.8 globZ=27174.8
	zmin=27000.0 zmax=27349.6 kill=1
Checking overlaps for volume pipe:0 (G4Tubs) ... OK! 
BLCMDtubs::Construct pipe parent= relZ=28625.2 globZ=28625.2
	zmin=28450.4 zmax=28800.0 kill=1
Checking overlaps for volume pipe:0 (G4Tubs) ... OK! 
BLCMDtubs::Construct pipe parent= relZ=28974.8 globZ=28974.8
	zmin=28800.0 zmax=29149.6 kill=1
Checking overlaps for volume pipe:0 (G4Tubs) ... OK! 
BLCMDtubs::Construct pipe parent= relZ=30425.2 globZ=30425.2
	zmin=30250.4 zmax=30600.0 kill=1
Checking overlaps for volume pipe:0 (G4Tubs) ... OK! 
BLCMDtubs::Construct pipe parent= relZ=30774.8 globZ=30774.8
	zmin=30600.0 zmax=30949.6 kill=1
Checking overlaps for volume pipe:0 (G4Tubs) ... OK! 
BLCMDtubs::Construct pipe parent= relZ=32225.2 globZ=32225.2
	zmin=32050.4 zmax=32400.0 kill=1
Checking overlaps for volume pipe:0 (G4Tubs) ... OK! 
BLCMDtubs::Construct pipe parent= relZ=32574.8 globZ=32574.8
	zmin=32400.0 zmax=32749.6 kill=1
Checking overlaps for volume pipe:0 (G4Tubs) ... OK! 
BLCMDtubs::Construct pipe parent= relZ=34025.2 globZ=34025.2
	zmin=33850.4 zmax=34200.0 kill=1
Checking overlaps for volume pipe:0 (G4Tubs) ... OK! 
BLCMDtubs::Construct pipe parent= relZ=34374.8 globZ=34374.8
	zmin=34200.0 zmax=34549.6 kill=1
Checking overlaps for volume pipe:0 (G4Tubs) ... OK! 
BLCMDtubs::Construct pipe parent= relZ=35825.2 globZ=35825.2
	zmin=35650.4 zmax=36000.0 kill=1
Checking overlaps for volume pipe:0 (G4Tubs) ... OK! 
BLCMDtubs::Construct pipe parent= relZ=36174.8 globZ=36174.8
	zmin=36000.0 zmax=36349.6 kill=1
Checking overlaps for volume pipe:0 (G4Tubs) ... OK! 
BLCMDtubs::Construct pipe parent= relZ=37625.2 globZ=37625.2
	zmin=37450.4 zmax=37800.0 kill=1
Checking overlaps for volume pipe:0 (G4Tubs) ... OK! 
BLCMDtubs::Construct pipe parent= relZ=37974.8 globZ=37974.8
	zmin=37800.0 zmax=38149.6 kill=1
Checking overlaps for volume pipe:0 (G4Tubs) ... OK! 
BLCMDtubs::Construct pipe parent= relZ=39425.2 globZ=39425.2
	zmin=39250.4 zmax=39600.0 kill=1
Checking overlaps for volume pipe:0 (G4Tubs) ... OK! 
BLCMDtubs::Construct pipe parent= relZ=39774.8 globZ=39774.8
	zmin=39600.0 zmax=39949.6 kill=1
Checking overlaps for volume pipe:0 (G4Tubs) ... OK! 
BLCMDtubs::Construct pipe parent= relZ=41225.2 globZ=41225.2
	zmin=41050.4 zmax=41400.0 kill=1
Checking overlaps for volume pipe:0 (G4Tubs) ... OK! 
BLCMDtubs::Construct pipe parent= relZ=41574.8 globZ=41574.8
	zmin=41400.0 zmax=41749.6 kill=1
Checking overlaps for volume pipe:0 (G4Tubs) ... OK! 
BLCMDtubs::Construct pipe parent= relZ=43025.2 globZ=43025.2
	zmin=42850.4 zmax=43200.0 kill=1
Checking overlaps for volume pipe:0 (G4Tubs) ... OK! 
BLCMDtubs::Construct pipe parent= relZ=43374.8 globZ=43374.8
	zmin=43200.0 zmax=43549.6 kill=1
Checking overlaps for volume pipe:0 (G4Tubs) ... OK! 
BLCMDtubs::Construct pipe parent= relZ=44825.2 globZ=44825.2
	zmin=44650.4 zmax=45000.0 kill=1
Checking overlaps for volume pipe:0 (G4Tubs) ... OK! 
BLCMDtubs::Construct pipe parent= relZ=45174.8 globZ=45174.8
	zmin=45000.0 zmax=45349.6 kill=1
Checking overlaps for volume pipe:0 (G4Tubs) ... OK! 
BLCMDtubs::Construct pipe parent= relZ=46625.2 globZ=46625.2
	zmin=46450.4 zmax=46800.0 kill=1
Checking overlaps for volume pipe:0 (G4Tubs) ... OK! 
BLCMDtubs::Construct pipe parent= relZ=46974.8 globZ=46974.8
	zmin=46800.0 zmax=47149.6 kill=1
Checking overlaps for volume pipe:0 (G4Tubs) ... OK! 
BLCMDtubs::Construct pipe parent= relZ=48425.2 globZ=48425.2
	zmin=48250.4 zmax=48600.0 kill=1
Checking overlaps for volume pipe:0 (G4Tubs) ... OK! 
BLCMDtubs::Construct pipe parent= relZ=48774.8 globZ=48774.8
	zmin=48600.0 zmax=48949.6 kill=1
Checking overlaps for volume pipe:0 (G4Tubs) ... OK! 
BLCMDtubs::Construct pipe parent= relZ=50225.2 globZ=50225.2
	zmin=50050.4 zmax=50400.0 kill=1
Checking overlaps for volume pipe:0 (G4Tubs) ... OK! 
BLCMDtubs::Construct pipe parent= relZ=50574.8 globZ=50574.8
	zmin=50400.0 zmax=50749.6 kill=1
Checking overlaps for volume pipe:0 (G4Tubs) ... OK! 
BLCMDtubs::Construct pipe parent= relZ=52025.2 globZ=52025.2
	zmin=51850.4 zmax=52200.0 kill=1
Checking overlaps for volume pipe:0 (G4Tubs) ... OK! 
BLCMDtubs::Construct pipe parent= relZ=52374.8 globZ=52374.8
	zmin=52200.0 zmax=52549.6 kill=1
Checking overlaps for volume pipe:0 (G4Tubs) ... OK! 
BLCMDtubs::Construct pipe parent= relZ=53825.2 globZ=53825.2
	zmin=53650.4 zmax=54000.0 kill=1
Checking overlaps for volume pipe:0 (G4Tubs) ... OK! 
BLCMDtubs::Construct pipe parent= relZ=54174.8 globZ=54174.8
	zmin=54000.0 zmax=54349.6 kill=1
Checking overlaps for volume pipe:0 (G4Tubs) ... OK! 
BLCMDtubs::Construct pipe parent= relZ=55625.2 globZ=55625.2
	zmin=55450.4 zmax=55800.0 kill=1
Checking overlaps for volume pipe:0 (G4Tubs) ... OK! 
BLCMDtubs::Construct pipe parent= relZ=55974.8 globZ=55974.8
	zmin=55800.0 zmax=56149.6 kill=1
Checking overlaps for volume pipe:0 (G4Tubs) ... OK! 
BLCMDtubs::Construct pipe parent= relZ=57425.2 globZ=57425.2
	zmin=57250.4 zmax=57600.0 kill=1
Checking overlaps for volume pipe:0 (G4Tubs) ... OK! 
BLCMDtubs::Construct pipe parent= relZ=57774.8 globZ=57774.8
	zmin=57600.0 zmax=57949.6 kill=1
Checking overlaps for volume pipe:0 (G4Tubs) ... OK! 
BLCMDtubs::Construct pipe parent= relZ=59225.2 globZ=59225.2
	zmin=59050.4 zmax=59400.0 kill=1
Checking overlaps for volume pipe:0 (G4Tubs) ... OK! 
BLCMDtubs::Construct pipe parent= relZ=59574.8 globZ=59574.8
	zmin=59400.0 zmax=59749.6 kill=1
Checking overlaps for volume pipe:0 (G4Tubs) ... OK! 
BLCMDtubs::Construct pipe parent= relZ=61025.2 globZ=61025.2
	zmin=60850.4 zmax=61200.0 kill=1
Checking overlaps for volume pipe:0 (G4Tubs) ... OK! 
BLCMDtubs::Construct pipe parent= relZ=61374.8 globZ=61374.8
	zmin=61200.0 zmax=61549.6 kill=1
Checking overlaps for volume pipe:0 (G4Tubs) ... OK! 
BLCMDtubs::Construct pipe parent= relZ=62825.2 globZ=62825.2
	zmin=62650.4 zmax=63000.0 kill=1
Checking overlaps for volume pipe:0 (G4Tubs) ... OK! 
BLCMDtubs::Construct pipe parent= relZ=63174.8 globZ=63174.8
	zmin=63000.0 zmax=63349.6 kill=1
Checking overlaps for volume pipe:0 (G4Tubs) ... OK! 
BLCMDtubs::Construct pipe parent= relZ=64625.2 globZ=64625.2
	zmin=64450.4 zmax=64800.0 kill=1
Checking overlaps for volume pipe:0 (G4Tubs) ... OK! 
BLCMDtubs::Construct pipe parent= relZ=64974.8 globZ=64974.8
	zmin=64800.0 zmax=65149.6 kill=1
Checking overlaps for volume pipe:0 (G4Tubs) ... OK! 
BLCMDtubs::Construct pipe parent= relZ=66425.2 globZ=66425.2
	zmin=66250.4 zmax=66600.0 kill=1
Checking overlaps for volume pipe:0 (G4Tubs) ... OK! 
BLCMDtubs::Construct pipe parent= relZ=66774.8 globZ=66774.8
	zmin=66600.0 zmax=66949.6 kill=1
Checking overlaps for volume pipe:0 (G4Tubs) ... OK! 
BLCMDtubs::Construct pipe parent= relZ=68225.2 globZ=68225.2
	zmin=68050.4 zmax=68400.0 kill=1
Checking overlaps for volume pipe:0 (G4Tubs) ... OK! 
BLCMDtubs::Construct pipe parent= relZ=68574.8 globZ=68574.8
	zmin=68400.0 zmax=68749.6 kill=1
Checking overlaps for volume pipe:0 (G4Tubs) ... OK! 
BLCMDtubs::Construct pipe parent= relZ=70025.2 globZ=70025.2
	zmin=69850.4 zmax=70200.0 kill=1
Checking overlaps for volume pipe:0 (G4Tubs) ... OK! 
BLCMDtubs::Construct pipe parent= relZ=70374.8 globZ=70374.8
	zmin=70200.0 zmax=70549.6 kill=1
Checking overlaps for volume pipe:0 (G4Tubs) ... OK! 
BLCMDtubs::Construct pipe parent= relZ=71825.2 globZ=71825.2
	zmin=71650.4 zmax=72000.0 kill=1
Checking overlaps for volume pipe:0 (G4Tubs) ... OK! 
BLCMDtubs::Construct pipe parent= relZ=72174.8 globZ=72174.8
	zmin=72000.0 zmax=72349.6 kill=1
Checking overlaps for volume pipe:0 (G4Tubs) ... OK! 
BLCMDtubs::Construct pipe parent= relZ=73625.2 globZ=73625.2
	zmin=73450.4 zmax=73800.0 kill=1
Checking overlaps for volume rf_b_0Pipe:0 (G4Tubs) ... OK! 
Checking overlaps for volume rf_b_0UsWall:0 (G4Tubs) ... OK! 
Checking overlaps for volume rf_b_0DsWall:0 (G4Tubs) ... OK! 
Checking overlaps for volume rf_b_0UsWin1:0 (G4Tubs) ... OK! 
Checking overlaps for volume rf_b_0DsWin1:0 (G4Tubs) ... OK! 
Checking overlaps for volume rf_b_0UsWin2:0 (G4Tubs) ... OK! 
Checking overlaps for volume rf_b_0DsWin2:0 (G4Tubs) ... OK! 
Checking overlaps for volume rf_b_0DsHalf:0 (G4Tubs) ... OK! 
Checking overlaps for volume rf_b_0TimingVol:0 (G4Tubs) ... OK! 
Checking overlaps for volume rf_b_0:0 (G4Tubs) ... OK! 
BLCMDpillbox::construct rf_b_0 parent= relZ=459.7 globZ=459.7
	zmin=349.6 zmax=569.8
Checking overlaps for volume rf_c_0Pipe:0 (G4Tubs) ... OK! 
Checking overlaps for volume rf_c_0UsWall:0 (G4Tubs) ... OK! 
Checking overlaps for volume rf_c_0DsWall:0 (G4Tubs) ... OK! 
Checking overlaps for volume rf_c_0UsWin1:0 (G4Tubs) ... OK! 
Checking overlaps for volume rf_c_0DsWin1:0 (G4Tubs) ... OK! 
Checking overlaps for volume rf_c_0UsWin2:0 (G4Tubs) ... OK! 
Checking overlaps for volume rf_c_0DsWin2:0 (G4Tubs) ... OK! 
Checking overlaps for volume rf_c_0DsHalf:0 (G4Tubs) ... OK! 
Checking overlaps for volume rf_c_0TimingVol:0 (G4Tubs) ... OK! 
Checking overlaps for volume rf_c_0:0 (G4Tubs) ... OK! 
BLCMDpillbox::construct rf_c_0 parent= relZ=679.8 globZ=679.8
	zmin=569.8 zmax=789.9
Checking overlaps for volume rf_d_0Pipe:0 (G4Tubs) ... OK! 
Checking overlaps for volume rf_d_0UsWall:0 (G4Tubs) ... OK! 
Checking overlaps for volume rf_d_0DsWall:0 (G4Tubs) ... OK! 
Checking overlaps for volume rf_d_0UsWin1:0 (G4Tubs) ... OK! 
Checking overlaps for volume rf_d_0DsWin1:0 (G4Tubs) ... OK! 
Checking overlaps for volume rf_d_0UsWin2:0 (G4Tubs) ... OK! 
Checking overlaps for volume rf_d_0DsWin2:0 (G4Tubs) ... OK! 
Checking overlaps for volume rf_d_0DsHalf:0 (G4Tubs) ... OK! 
Checking overlaps for volume rf_d_0TimingVol:0 (G4Tubs) ... OK! 
Checking overlaps for volume rf_d_0:0 (G4Tubs) ... OK! 
BLCMDpillbox::construct rf_d_0 parent= relZ=900.0 globZ=900.0
	zmin=789.9 zmax=1010.1
Checking overlaps for volume rf_e_0Pipe:0 (G4Tubs) ... OK! 
Checking overlaps for volume rf_e_0UsWall:0 (G4Tubs) ... OK! 
Checking overlaps for volume rf_e_0DsWall:0 (G4Tubs) ... OK! 
Checking overlaps for volume rf_e_0UsWin1:0 (G4Tubs) ... OK! 
Checking overlaps for volume rf_e_0DsWin1:0 (G4Tubs) ... OK! 
Checking overlaps for volume rf_e_0UsWin2:0 (G4Tubs) ... OK! 
Checking overlaps for volume rf_e_0DsWin2:0 (G4Tubs) ... OK! 
Checking overlaps for volume rf_e_0DsHalf:0 (G4Tubs) ... OK! 
Checking overlaps for volume rf_e_0TimingVol:0 (G4Tubs) ... OK! 
Checking overlaps for volume rf_e_0:0 (G4Tubs) ... OK! 
BLCMDpillbox::construct rf_e_0 parent= relZ=1120.2 globZ=1120.2
	zmin=1010.1 zmax=1230.2
Checking overlaps for volume rf_f_0Pipe:0 (G4Tubs) ... OK! 
Checking overlaps for volume rf_f_0UsWall:0 (G4Tubs) ... OK! 
Checking overlaps for volume rf_f_0DsWall:0 (G4Tubs) ... OK! 
Checking overlaps for volume rf_f_0UsWin1:0 (G4Tubs) ... OK! 
Checking overlaps for volume rf_f_0DsWin1:0 (G4Tubs) ... OK! 
Checking overlaps for volume rf_f_0UsWin2:0 (G4Tubs) ... OK! 
Checking overlaps for volume rf_f_0DsWin2:0 (G4Tubs) ... OK! 
Checking overlaps for volume rf_f_0DsHalf:0 (G4Tubs) ... OK! 
Checking overlaps for volume rf_f_0TimingVol:0 (G4Tubs) ... OK! 
Checking overlaps for volume rf_f_0:0 (G4Tubs) ... OK! 
BLCMDpillbox::construct rf_f_0 parent= relZ=1340.3 globZ=1340.3
	zmin=1230.2 zmax=1450.4
Checking overlaps for volume rf_b_1Pipe:0 (G4Tubs) ... OK! 
Checking overlaps for volume rf_b_1UsWall:0 (G4Tubs) ... OK! 
Checking overlaps for volume rf_b_1DsWall:0 (G4Tubs) ... OK! 
Checking overlaps for volume rf_b_1UsWin1:0 (G4Tubs) ... OK! 
Checking overlaps for volume rf_b_1DsWin1:0 (G4Tubs) ... OK! 
Checking overlaps for volume rf_b_1UsWin2:0 (G4Tubs) ... OK! 
Checking overlaps for volume rf_b_1DsWin2:0 (G4Tubs) ... OK! 
Checking overlaps for volume rf_b_1DsHalf:0 (G4Tubs) ... OK! 
Checking overlaps for volume rf_b_1TimingVol:0 (G4Tubs) ... OK! 
Checking overlaps for volume rf_b_1:0 (G4Tubs) ... OK! 
BLCMDpillbox::construct rf_b_1 parent= relZ=2259.7 globZ=2259.7
	zmin=2149.6 zmax=2369.8
Checking overlaps for volume rf_c_1Pipe:0 (G4Tubs) ... OK! 
Checking overlaps for volume rf_c_1UsWall:0 (G4Tubs) ... OK! 
Checking overlaps for volume rf_c_1DsWall:0 (G4Tubs) ... OK! 
Checking overlaps for volume rf_c_1UsWin1:0 (G4Tubs) ... OK! 
Checking overlaps for volume rf_c_1DsWin1:0 (G4Tubs) ... OK! 
Checking overlaps for volume rf_c_1UsWin2:0 (G4Tubs) ... OK! 
Checking overlaps for volume rf_c_1DsWin2:0 (G4Tubs) ... OK! 
Checking overlaps for volume rf_c_1DsHalf:0 (G4Tubs) ... OK! 
Checking overlaps for volume rf_c_1TimingVol:0 (G4Tubs) ... OK! 
Checking overlaps for volume rf_c_1:0 (G4Tubs) ... OK! 
BLCMDpillbox::construct rf_c_1 parent= relZ=2479.8 globZ=2479.8
	zmin=2369.8 zmax=2589.9
Checking overlaps for volume rf_d_1Pipe:0 (G4Tubs) ... OK! 
Checking overlaps for volume rf_d_1UsWall:0 (G4Tubs) ... OK! 
Checking overlaps for volume rf_d_1DsWall:0 (G4Tubs) ... OK! 
Checking overlaps for volume rf_d_1UsWin1:0 (G4Tubs) ... OK! 
Checking overlaps for volume rf_d_1DsWin1:0 (G4Tubs) ... OK! 
Checking overlaps for volume rf_d_1UsWin2:0 (G4Tubs) ... OK! 
Checking overlaps for volume rf_d_1DsWin2:0 (G4Tubs) ... OK! 
Checking overlaps for volume rf_d_1DsHalf:0 (G4Tubs) ... OK! 
Checking overlaps for volume rf_d_1TimingVol:0 (G4Tubs) ... OK! 
Checking overlaps for volume rf_d_1:0 (G4Tubs) ... OK! 
BLCMDpillbox::construct rf_d_1 parent= relZ=2700.0 globZ=2700.0
	zmin=2589.9 zmax=2810.1
Checking overlaps for volume rf_e_1Pipe:0 (G4Tubs) ... OK! 
Checking overlaps for volume rf_e_1UsWall:0 (G4Tubs) ... OK! 
Checking overlaps for volume rf_e_1DsWall:0 (G4Tubs) ... OK! 
Checking overlaps for volume rf_e_1UsWin1:0 (G4Tubs) ... OK! 
Checking overlaps for volume rf_e_1DsWin1:0 (G4Tubs) ... OK! 
Checking overlaps for volume rf_e_1UsWin2:0 (G4Tubs) ... OK! 
Checking overlaps for volume rf_e_1DsWin2:0 (G4Tubs) ... OK! 
Checking overlaps for volume rf_e_1DsHalf:0 (G4Tubs) ... OK! 
Checking overlaps for volume rf_e_1TimingVol:0 (G4Tubs) ... OK! 
Checking overlaps for volume rf_e_1:0 (G4Tubs) ... OK! 
BLCMDpillbox::construct rf_e_1 parent= relZ=2920.2 globZ=2920.2
	zmin=2810.1 zmax=3030.2
Checking overlaps for volume rf_f_1Pipe:0 (G4Tubs) ... OK! 
Checking overlaps for volume rf_f_1UsWall:0 (G4Tubs) ... OK! 
Checking overlaps for volume rf_f_1DsWall:0 (G4Tubs) ... OK! 
Checking overlaps for volume rf_f_1UsWin1:0 (G4Tubs) ... OK! 
Checking overlaps for volume rf_f_1DsWin1:0 (G4Tubs) ... OK! 
Checking overlaps for volume rf_f_1UsWin2:0 (G4Tubs) ... OK! 
Checking overlaps for volume rf_f_1DsWin2:0 (G4Tubs) ... OK! 
Checking overlaps for volume rf_f_1DsHalf:0 (G4Tubs) ... OK! 
Checking overlaps for volume rf_f_1TimingVol:0 (G4Tubs) ... OK! 
Checking overlaps for volume rf_f_1:0 (G4Tubs) ... OK! 
BLCMDpillbox::construct rf_f_1 parent= relZ=3140.3 globZ=3140.3
	zmin=3030.2 zmax=3250.4
Checking overlaps for volume rf_b_2Pipe:0 (G4Tubs) ... OK! 
Checking overlaps for volume rf_b_2UsWall:0 (G4Tubs) ... OK! 
Checking overlaps for volume rf_b_2DsWall:0 (G4Tubs) ... OK! 
Checking overlaps for volume rf_b_2UsWin1:0 (G4Tubs) ... OK! 
Checking overlaps for volume rf_b_2DsWin1:0 (G4Tubs) ... OK! 
Checking overlaps for volume rf_b_2UsWin2:0 (G4Tubs) ... OK! 
Checking overlaps for volume rf_b_2DsWin2:0 (G4Tubs) ... OK! 
Checking overlaps for volume rf_b_2DsHalf:0 (G4Tubs) ... OK! 
Checking overlaps for volume rf_b_2TimingVol:0 (G4Tubs) ... OK! 
Checking overlaps for volume rf_b_2:0 (G4Tubs) ... OK! 
BLCMDpillbox::construct rf_b_2 parent= relZ=4059.7 globZ=4059.7
	zmin=3949.6 zmax=4169.8
Checking overlaps for volume rf_c_2Pipe:0 (G4Tubs) ... OK! 
Checking overlaps for volume rf_c_2UsWall:0 (G4Tubs) ... OK! 
Checking overlaps for volume rf_c_2DsWall:0 (G4Tubs) ... OK! 
Checking overlaps for volume rf_c_2UsWin1:0 (G4Tubs) ... OK! 
Checking overlaps for volume rf_c_2DsWin1:0 (G4Tubs) ... OK! 
Checking overlaps for volume rf_c_2UsWin2:0 (G4Tubs) ... OK! 
Checking overlaps for volume rf_c_2DsWin2:0 (G4Tubs) ... OK! 
Checking overlaps for volume rf_c_2DsHalf:0 (G4Tubs) ... OK! 
Checking overlaps for volume rf_c_2TimingVol:0 (G4Tubs) ... OK! 
Checking overlaps for volume rf_c_2:0 (G4Tubs) ... OK! 
BLCMDpillbox::construct rf_c_2 parent= relZ=4279.8 globZ=4279.8
	zmin=4169.8 zmax=4389.9
Checking overlaps for volume rf_d_2Pipe:0 (G4Tubs) ... OK! 
Checking overlaps for volume rf_d_2UsWall:0 (G4Tubs) ... OK! 
Checking overlaps for volume rf_d_2DsWall:0 (G4Tubs) ... OK! 
Checking overlaps for volume rf_d_2UsWin1:0 (G4Tubs) ... OK! 
Checking overlaps for volume rf_d_2DsWin1:0 (G4Tubs) ... OK! 
Checking overlaps for volume rf_d_2UsWin2:0 (G4Tubs) ... OK! 
Checking overlaps for volume rf_d_2DsWin2:0 (G4Tubs) ... OK! 
Checking overlaps for volume rf_d_2DsHalf:0 (G4Tubs) ... OK! 
Checking overlaps for volume rf_d_2TimingVol:0 (G4Tubs) ... OK! 
Checking overlaps for volume rf_d_2:0 (G4Tubs) ... OK! 
BLCMDpillbox::construct rf_d_2 parent= relZ=4500.0 globZ=4500.0
	zmin=4389.9 zmax=4610.1
Checking overlaps for volume rf_e_2Pipe:0 (G4Tubs) ... OK! 
Checking overlaps for volume rf_e_2UsWall:0 (G4Tubs) ... OK! 
Checking overlaps for volume rf_e_2DsWall:0 (G4Tubs) ... OK! 
Checking overlaps for volume rf_e_2UsWin1:0 (G4Tubs) ... OK! 
Checking overlaps for volume rf_e_2DsWin1:0 (G4Tubs) ... OK! 
Checking overlaps for volume rf_e_2UsWin2:0 (G4Tubs) ... OK! 
Checking overlaps for volume rf_e_2DsWin2:0 (G4Tubs) ... OK! 
Checking overlaps for volume rf_e_2DsHalf:0 (G4Tubs) ... OK! 
Checking overlaps for volume rf_e_2TimingVol:0 (G4Tubs) ... OK! 
Checking overlaps for volume rf_e_2:0 (G4Tubs) ... OK! 
BLCMDpillbox::construct rf_e_2 parent= relZ=4720.2 globZ=4720.2
	zmin=4610.1 zmax=4830.2
Checking overlaps for volume rf_f_2Pipe:0 (G4Tubs) ... OK! 
Checking overlaps for volume rf_f_2UsWall:0 (G4Tubs) ... OK! 
Checking overlaps for volume rf_f_2DsWall:0 (G4Tubs) ... OK! 
Checking overlaps for volume rf_f_2UsWin1:0 (G4Tubs) ... OK! 
Checking overlaps for volume rf_f_2DsWin1:0 (G4Tubs) ... OK! 
Checking overlaps for volume rf_f_2UsWin2:0 (G4Tubs) ... OK! 
Checking overlaps for volume rf_f_2DsWin2:0 (G4Tubs) ... OK! 
Checking overlaps for volume rf_f_2DsHalf:0 (G4Tubs) ... OK! 
Checking overlaps for volume rf_f_2TimingVol:0 (G4Tubs) ... OK! 
Checking overlaps for volume rf_f_2:0 (G4Tubs) ... OK! 
BLCMDpillbox::construct rf_f_2 parent= relZ=4940.3 globZ=4940.3
	zmin=4830.2 zmax=5050.4
Checking overlaps for volume rf_b_3Pipe:0 (G4Tubs) ... OK! 
Checking overlaps for volume rf_b_3UsWall:0 (G4Tubs) ... OK! 
Checking overlaps for volume rf_b_3DsWall:0 (G4Tubs) ... OK! 
Checking overlaps for volume rf_b_3UsWin1:0 (G4Tubs) ... OK! 
Checking overlaps for volume rf_b_3DsWin1:0 (G4Tubs) ... OK! 
Checking overlaps for volume rf_b_3UsWin2:0 (G4Tubs) ... OK! 
Checking overlaps for volume rf_b_3DsWin2:0 (G4Tubs) ... OK! 
Checking overlaps for volume rf_b_3DsHalf:0 (G4Tubs) ... OK! 
Checking overlaps for volume rf_b_3TimingVol:0 (G4Tubs) ... OK! 
Checking overlaps for volume rf_b_3:0 (G4Tubs) ... OK! 
BLCMDpillbox::construct rf_b_3 parent= relZ=5859.7 globZ=5859.7
	zmin=5749.6 zmax=5969.8
Checking overlaps for volume rf_c_3Pipe:0 (G4Tubs) ... OK! 
Checking overlaps for volume rf_c_3UsWall:0 (G4Tubs) ... OK! 
Checking overlaps for volume rf_c_3DsWall:0 (G4Tubs) ... OK! 
Checking overlaps for volume rf_c_3UsWin1:0 (G4Tubs) ... OK! 
Checking overlaps for volume rf_c_3DsWin1:0 (G4Tubs) ... OK! 
Checking overlaps for volume rf_c_3UsWin2:0 (G4Tubs) ... OK! 
Checking overlaps for volume rf_c_3DsWin2:0 (G4Tubs) ... OK! 
Checking overlaps for volume rf_c_3DsHalf:0 (G4Tubs) ... OK! 
Checking overlaps for volume rf_c_3TimingVol:0 (G4Tubs) ... OK! 
Checking overlaps for volume rf_c_3:0 (G4Tubs) ... OK! 
BLCMDpillbox::construct rf_c_3 parent= relZ=6079.8 globZ=6079.8
	zmin=5969.8 zmax=6189.9
Checking overlaps for volume rf_d_3Pipe:0 (G4Tubs) ... OK! 
Checking overlaps for volume rf_d_3UsWall:0 (G4Tubs) ... OK! 
Checking overlaps for volume rf_d_3DsWall:0 (G4Tubs) ... OK! 
Checking overlaps for volume rf_d_3UsWin1:0 (G4Tubs) ... OK! 
Checking overlaps for volume rf_d_3DsWin1:0 (G4Tubs) ... OK! 
Checking overlaps for volume rf_d_3UsWin2:0 (G4Tubs) ... OK! 
Checking overlaps for volume rf_d_3DsWin2:0 (G4Tubs) ... OK! 
Checking overlaps for volume rf_d_3DsHalf:0 (G4Tubs) ... OK! 
Checking overlaps for volume rf_d_3TimingVol:0 (G4Tubs) ... OK! 
Checking overlaps for volume rf_d_3:0 (G4Tubs) ... OK! 
BLCMDpillbox::construct rf_d_3 parent= relZ=6300.0 globZ=6300.0
	zmin=6189.9 zmax=6410.1
Checking overlaps for volume rf_e_3Pipe:0 (G4Tubs) ... OK! 
Checking overlaps for volume rf_e_3UsWall:0 (G4Tubs) ... OK! 
Checking overlaps for volume rf_e_3DsWall:0 (G4Tubs) ... OK! 
Checking overlaps for volume rf_e_3UsWin1:0 (G4Tubs) ... OK! 
Checking overlaps for volume rf_e_3DsWin1:0 (G4Tubs) ... OK! 
Checking overlaps for volume rf_e_3UsWin2:0 (G4Tubs) ... OK! 
Checking overlaps for volume rf_e_3DsWin2:0 (G4Tubs) ... OK! 
Checking overlaps for volume rf_e_3DsHalf:0 (G4Tubs) ... OK! 
Checking overlaps for volume rf_e_3TimingVol:0 (G4Tubs) ... OK! 
Checking overlaps for volume rf_e_3:0 (G4Tubs) ... OK! 
BLCMDpillbox::construct rf_e_3 parent= relZ=6520.2 globZ=6520.2
	zmin=6410.1 zmax=6630.2
Checking overlaps for volume rf_f_3Pipe:0 (G4Tubs) ... OK! 
Checking overlaps for volume rf_f_3UsWall:0 (G4Tubs) ... OK! 
Checking overlaps for volume rf_f_3DsWall:0 (G4Tubs) ... OK! 
Checking overlaps for volume rf_f_3UsWin1:0 (G4Tubs) ... OK! 
Checking overlaps for volume rf_f_3DsWin1:0 (G4Tubs) ... OK! 
Checking overlaps for volume rf_f_3UsWin2:0 (G4Tubs) ... OK! 
Checking overlaps for volume rf_f_3DsWin2:0 (G4Tubs) ... OK! 
Checking overlaps for volume rf_f_3DsHalf:0 (G4Tubs) ... OK! 
Checking overlaps for volume rf_f_3TimingVol:0 (G4Tubs) ... OK! 
Checking overlaps for volume rf_f_3:0 (G4Tubs) ... OK! 
BLCMDpillbox::construct rf_f_3 parent= relZ=6740.3 globZ=6740.3
	zmin=6630.2 zmax=6850.4
Checking overlaps for volume rf_b_4Pipe:0 (G4Tubs) ... OK! 
Checking overlaps for volume rf_b_4UsWall:0 (G4Tubs) ... OK! 
Checking overlaps for volume rf_b_4DsWall:0 (G4Tubs) ... OK! 
Checking overlaps for volume rf_b_4UsWin1:0 (G4Tubs) ... OK! 
Checking overlaps for volume rf_b_4DsWin1:0 (G4Tubs) ... OK! 
Checking overlaps for volume rf_b_4UsWin2:0 (G4Tubs) ... OK! 
Checking overlaps for volume rf_b_4DsWin2:0 (G4Tubs) ... OK! 
Checking overlaps for volume rf_b_4DsHalf:0 (G4Tubs) ... OK! 
Checking overlaps for volume rf_b_4TimingVol:0 (G4Tubs) ... OK! 
Checking overlaps for volume rf_b_4:0 (G4Tubs) ... OK! 
BLCMDpillbox::construct rf_b_4 parent= relZ=7659.7 globZ=7659.7
	zmin=7549.6 zmax=7769.8
Checking overlaps for volume rf_c_4Pipe:0 (G4Tubs) ... OK! 
Checking overlaps for volume rf_c_4UsWall:0 (G4Tubs) ... OK! 
Checking overlaps for volume rf_c_4DsWall:0 (G4Tubs) ... OK! 
Checking overlaps for volume rf_c_4UsWin1:0 (G4Tubs) ... OK! 
Checking overlaps for volume rf_c_4DsWin1:0 (G4Tubs) ... OK! 
Checking overlaps for volume rf_c_4UsWin2:0 (G4Tubs) ... OK! 
Checking overlaps for volume rf_c_4DsWin2:0 (G4Tubs) ... OK! 
Checking overlaps for volume rf_c_4DsHalf:0 (G4Tubs) ... OK! 
Checking overlaps for volume rf_c_4TimingVol:0 (G4Tubs) ... OK! 
Checking overlaps for volume rf_c_4:0 (G4Tubs) ... OK! 
BLCMDpillbox::construct rf_c_4 parent= relZ=7879.8 globZ=7879.8
	zmin=7769.8 zmax=7989.9
Checking overlaps for volume rf_d_4Pipe:0 (G4Tubs) ... OK! 
Checking overlaps for volume rf_d_4UsWall:0 (G4Tubs) ... OK! 
Checking overlaps for volume rf_d_4DsWall:0 (G4Tubs) ... OK! 
Checking overlaps for volume rf_d_4UsWin1:0 (G4Tubs) ... OK! 
Checking overlaps for volume rf_d_4DsWin1:0 (G4Tubs) ... OK! 
Checking overlaps for volume rf_d_4UsWin2:0 (G4Tubs) ... OK! 
Checking overlaps for volume rf_d_4DsWin2:0 (G4Tubs) ... OK! 
Checking overlaps for volume rf_d_4DsHalf:0 (G4Tubs) ... OK! 
Checking overlaps for volume rf_d_4TimingVol:0 (G4Tubs) ... OK! 
Checking overlaps for volume rf_d_4:0 (G4Tubs) ... OK! 
BLCMDpillbox::construct rf_d_4 parent= relZ=8100.0 globZ=8100.0
	zmin=7989.9 zmax=8210.1
Checking overlaps for volume rf_e_4Pipe:0 (G4Tubs) ... OK! 
Checking overlaps for volume rf_e_4UsWall:0 (G4Tubs) ... OK! 
Checking overlaps for volume rf_e_4DsWall:0 (G4Tubs) ... OK! 
Checking overlaps for volume rf_e_4UsWin1:0 (G4Tubs) ... OK! 
Checking overlaps for volume rf_e_4DsWin1:0 (G4Tubs) ... OK! 
Checking overlaps for volume rf_e_4UsWin2:0 (G4Tubs) ... OK! 
Checking overlaps for volume rf_e_4DsWin2:0 (G4Tubs) ... OK! 
Checking overlaps for volume rf_e_4DsHalf:0 (G4Tubs) ... OK! 
Checking overlaps for volume rf_e_4TimingVol:0 (G4Tubs) ... OK! 
Checking overlaps for volume rf_e_4:0 (G4Tubs) ... OK! 
BLCMDpillbox::construct rf_e_4 parent= relZ=8320.2 globZ=8320.2
	zmin=8210.1 zmax=8430.2
Checking overlaps for volume rf_f_4Pipe:0 (G4Tubs) ... OK! 
Checking overlaps for volume rf_f_4UsWall:0 (G4Tubs) ... OK! 
Checking overlaps for volume rf_f_4DsWall:0 (G4Tubs) ... OK! 
Checking overlaps for volume rf_f_4UsWin1:0 (G4Tubs) ... OK! 
Checking overlaps for volume rf_f_4DsWin1:0 (G4Tubs) ... OK! 
Checking overlaps for volume rf_f_4UsWin2:0 (G4Tubs) ... OK! 
Checking overlaps for volume rf_f_4DsWin2:0 (G4Tubs) ... OK! 
Checking overlaps for volume rf_f_4DsHalf:0 (G4Tubs) ... OK! 
Checking overlaps for volume rf_f_4TimingVol:0 (G4Tubs) ... OK! 
Checking overlaps for volume rf_f_4:0 (G4Tubs) ... OK! 
BLCMDpillbox::construct rf_f_4 parent= relZ=8540.3 globZ=8540.3
	zmin=8430.2 zmax=8650.4
Checking overlaps for volume rf_b_5Pipe:0 (G4Tubs) ... OK! 
Checking overlaps for volume rf_b_5UsWall:0 (G4Tubs) ... OK! 
Checking overlaps for volume rf_b_5DsWall:0 (G4Tubs) ... OK! 
Checking overlaps for volume rf_b_5UsWin1:0 (G4Tubs) ... OK! 
Checking overlaps for volume rf_b_5DsWin1:0 (G4Tubs) ... OK! 
Checking overlaps for volume rf_b_5UsWin2:0 (G4Tubs) ... OK! 
Checking overlaps for volume rf_b_5DsWin2:0 (G4Tubs) ... OK! 
Checking overlaps for volume rf_b_5DsHalf:0 (G4Tubs) ... OK! 
Checking overlaps for volume rf_b_5TimingVol:0 (G4Tubs) ... OK! 
Checking overlaps for volume rf_b_5:0 (G4Tubs) ... OK! 
BLCMDpillbox::construct rf_b_5 parent= relZ=9459.7 globZ=9459.7
	zmin=9349.6 zmax=9569.8
Checking overlaps for volume rf_c_5Pipe:0 (G4Tubs) ... OK! 
Checking overlaps for volume rf_c_5UsWall:0 (G4Tubs) ... OK! 
Checking overlaps for volume rf_c_5DsWall:0 (G4Tubs) ... OK! 
Checking overlaps for volume rf_c_5UsWin1:0 (G4Tubs) ... OK! 
Checking overlaps for volume rf_c_5DsWin1:0 (G4Tubs) ... OK! 
Checking overlaps for volume rf_c_5UsWin2:0 (G4Tubs) ... OK! 
Checking overlaps for volume rf_c_5DsWin2:0 (G4Tubs) ... OK! 
Checking overlaps for volume rf_c_5DsHalf:0 (G4Tubs) ... OK! 
Checking overlaps for volume rf_c_5TimingVol:0 (G4Tubs) ... OK! 
Checking overlaps for volume rf_c_5:0 (G4Tubs) ... OK! 
BLCMDpillbox::construct rf_c_5 parent= relZ=9679.8 globZ=9679.8
	zmin=9569.8 zmax=9789.9
Checking overlaps for volume rf_d_5Pipe:0 (G4Tubs) ... OK! 
Checking overlaps for volume rf_d_5UsWall:0 (G4Tubs) ... OK! 
Checking overlaps for volume rf_d_5DsWall:0 (G4Tubs) ... OK! 
Checking overlaps for volume rf_d_5UsWin1:0 (G4Tubs) ... OK! 
Checking overlaps for volume rf_d_5DsWin1:0 (G4Tubs) ... OK! 
Checking overlaps for volume rf_d_5UsWin2:0 (G4Tubs) ... OK! 
Checking overlaps for volume rf_d_5DsWin2:0 (G4Tubs) ... OK! 
Checking overlaps for volume rf_d_5DsHalf:0 (G4Tubs) ... OK! 
Checking overlaps for volume rf_d_5TimingVol:0 (G4Tubs) ... OK! 
Checking overlaps for volume rf_d_5:0 (G4Tubs) ... OK! 
BLCMDpillbox::construct rf_d_5 parent= relZ=9900.0 globZ=9900.0
	zmin=9789.9 zmax=10010.1
Checking overlaps for volume rf_e_5Pipe:0 (G4Tubs) ... OK! 
Checking overlaps for volume rf_e_5UsWall:0 (G4Tubs) ... OK! 
Checking overlaps for volume rf_e_5DsWall:0 (G4Tubs) ... OK! 
Checking overlaps for volume rf_e_5UsWin1:0 (G4Tubs) ... OK! 
Checking overlaps for volume rf_e_5DsWin1:0 (G4Tubs) ... OK! 
Checking overlaps for volume rf_e_5UsWin2:0 (G4Tubs) ... OK! 
Checking overlaps for volume rf_e_5DsWin2:0 (G4Tubs) ... OK! 
Checking overlaps for volume rf_e_5DsHalf:0 (G4Tubs) ... OK! 
Checking overlaps for volume rf_e_5TimingVol:0 (G4Tubs) ... OK! 
Checking overlaps for volume rf_e_5:0 (G4Tubs) ... OK! 
BLCMDpillbox::construct rf_e_5 parent= relZ=10120.2 globZ=10120.2
	zmin=10010.1 zmax=10230.2
Checking overlaps for volume rf_f_5Pipe:0 (G4Tubs) ... OK! 
Checking overlaps for volume rf_f_5UsWall:0 (G4Tubs) ... OK! 
Checking overlaps for volume rf_f_5DsWall:0 (G4Tubs) ... OK! 
Checking overlaps for volume rf_f_5UsWin1:0 (G4Tubs) ... OK! 
Checking overlaps for volume rf_f_5DsWin1:0 (G4Tubs) ... OK! 
Checking overlaps for volume rf_f_5UsWin2:0 (G4Tubs) ... OK! 
Checking overlaps for volume rf_f_5DsWin2:0 (G4Tubs) ... OK! 
Checking overlaps for volume rf_f_5DsHalf:0 (G4Tubs) ... OK! 
Checking overlaps for volume rf_f_5TimingVol:0 (G4Tubs) ... OK! 
Checking overlaps for volume rf_f_5:0 (G4Tubs) ... OK! 
BLCMDpillbox::construct rf_f_5 parent= relZ=10340.3 globZ=10340.3
	zmin=10230.2 zmax=10450.4
Checking overlaps for volume rf_b_6Pipe:0 (G4Tubs) ... OK! 
Checking overlaps for volume rf_b_6UsWall:0 (G4Tubs) ... OK! 
Checking overlaps for volume rf_b_6DsWall:0 (G4Tubs) ... OK! 
Checking overlaps for volume rf_b_6UsWin1:0 (G4Tubs) ... OK! 
Checking overlaps for volume rf_b_6DsWin1:0 (G4Tubs) ... OK! 
Checking overlaps for volume rf_b_6UsWin2:0 (G4Tubs) ... OK! 
Checking overlaps for volume rf_b_6DsWin2:0 (G4Tubs) ... OK! 
Checking overlaps for volume rf_b_6DsHalf:0 (G4Tubs) ... OK! 
Checking overlaps for volume rf_b_6TimingVol:0 (G4Tubs) ... OK! 
Checking overlaps for volume rf_b_6:0 (G4Tubs) ... OK! 
BLCMDpillbox::construct rf_b_6 parent= relZ=11259.7 globZ=11259.7
	zmin=11149.6 zmax=11369.8
Checking overlaps for volume rf_c_6Pipe:0 (G4Tubs) ... OK! 
Checking overlaps for volume rf_c_6UsWall:0 (G4Tubs) ... OK! 
Checking overlaps for volume rf_c_6DsWall:0 (G4Tubs) ... OK! 
Checking overlaps for volume rf_c_6UsWin1:0 (G4Tubs) ... OK! 
Checking overlaps for volume rf_c_6DsWin1:0 (G4Tubs) ... OK! 
Checking overlaps for volume rf_c_6UsWin2:0 (G4Tubs) ... OK! 
Checking overlaps for volume rf_c_6DsWin2:0 (G4Tubs) ... OK! 
Checking overlaps for volume rf_c_6DsHalf:0 (G4Tubs) ... OK! 
Checking overlaps for volume rf_c_6TimingVol:0 (G4Tubs) ... OK! 
Checking overlaps for volume rf_c_6:0 (G4Tubs) ... OK! 
BLCMDpillbox::construct rf_c_6 parent= relZ=11479.8 globZ=11479.8
	zmin=11369.8 zmax=11589.9
Checking overlaps for volume rf_d_6Pipe:0 (G4Tubs) ... OK! 
Checking overlaps for volume rf_d_6UsWall:0 (G4Tubs) ... OK! 
Checking overlaps for volume rf_d_6DsWall:0 (G4Tubs) ... OK! 
Checking overlaps for volume rf_d_6UsWin1:0 (G4Tubs) ... OK! 
Checking overlaps for volume rf_d_6DsWin1:0 (G4Tubs) ... OK! 
Checking overlaps for volume rf_d_6UsWin2:0 (G4Tubs) ... OK! 
Checking overlaps for volume rf_d_6DsWin2:0 (G4Tubs) ... OK! 
Checking overlaps for volume rf_d_6DsHalf:0 (G4Tubs) ... OK! 
Checking overlaps for volume rf_d_6TimingVol:0 (G4Tubs) ... OK! 
Checking overlaps for volume rf_d_6:0 (G4Tubs) ... OK! 
BLCMDpillbox::construct rf_d_6 parent= relZ=11700.0 globZ=11700.0
	zmin=11589.9 zmax=11810.1
Checking overlaps for volume rf_e_6Pipe:0 (G4Tubs) ... OK! 
Checking overlaps for volume rf_e_6UsWall:0 (G4Tubs) ... OK! 
Checking overlaps for volume rf_e_6DsWall:0 (G4Tubs) ... OK! 
Checking overlaps for volume rf_e_6UsWin1:0 (G4Tubs) ... OK! 
Checking overlaps for volume rf_e_6DsWin1:0 (G4Tubs) ... OK! 
Checking overlaps for volume rf_e_6UsWin2:0 (G4Tubs) ... OK! 
Checking overlaps for volume rf_e_6DsWin2:0 (G4Tubs) ... OK! 
Checking overlaps for volume rf_e_6DsHalf:0 (G4Tubs) ... OK! 
Checking overlaps for volume rf_e_6TimingVol:0 (G4Tubs) ... OK! 
Checking overlaps for volume rf_e_6:0 (G4Tubs) ... OK! 
BLCMDpillbox::construct rf_e_6 parent= relZ=11920.2 globZ=11920.2
	zmin=11810.1 zmax=12030.2
Checking overlaps for volume rf_f_6Pipe:0 (G4Tubs) ... OK! 
Checking overlaps for volume rf_f_6UsWall:0 (G4Tubs) ... OK! 
Checking overlaps for volume rf_f_6DsWall:0 (G4Tubs) ... OK! 
Checking overlaps for volume rf_f_6UsWin1:0 (G4Tubs) ... OK! 
Checking overlaps for volume rf_f_6DsWin1:0 (G4Tubs) ... OK! 
Checking overlaps for volume rf_f_6UsWin2:0 (G4Tubs) ... OK! 
Checking overlaps for volume rf_f_6DsWin2:0 (G4Tubs) ... OK! 
Checking overlaps for volume rf_f_6DsHalf:0 (G4Tubs) ... OK! 
Checking overlaps for volume rf_f_6TimingVol:0 (G4Tubs) ... OK! 
Checking overlaps for volume rf_f_6:0 (G4Tubs) ... OK! 
BLCMDpillbox::construct rf_f_6 parent= relZ=12140.3 globZ=12140.3
	zmin=12030.2 zmax=12250.4
Checking overlaps for volume rf_b_7Pipe:0 (G4Tubs) ... OK! 
Checking overlaps for volume rf_b_7UsWall:0 (G4Tubs) ... OK! 
Checking overlaps for volume rf_b_7DsWall:0 (G4Tubs) ... OK! 
Checking overlaps for volume rf_b_7UsWin1:0 (G4Tubs) ... OK! 
Checking overlaps for volume rf_b_7DsWin1:0 (G4Tubs) ... OK! 
Checking overlaps for volume rf_b_7UsWin2:0 (G4Tubs) ... OK! 
Checking overlaps for volume rf_b_7DsWin2:0 (G4Tubs) ... OK! 
Checking overlaps for volume rf_b_7DsHalf:0 (G4Tubs) ... OK! 
Checking overlaps for volume rf_b_7TimingVol:0 (G4Tubs) ... OK! 
Checking overlaps for volume rf_b_7:0 (G4Tubs) ... OK! 
BLCMDpillbox::construct rf_b_7 parent= relZ=13059.7 globZ=13059.7
	zmin=12949.6 zmax=13169.8
Checking overlaps for volume rf_c_7Pipe:0 (G4Tubs) ... OK! 
Checking overlaps for volume rf_c_7UsWall:0 (G4Tubs) ... OK! 
Checking overlaps for volume rf_c_7DsWall:0 (G4Tubs) ... OK! 
Checking overlaps for volume rf_c_7UsWin1:0 (G4Tubs) ... OK! 
Checking overlaps for volume rf_c_7DsWin1:0 (G4Tubs) ... OK! 
Checking overlaps for volume rf_c_7UsWin2:0 (G4Tubs) ... OK! 
Checking overlaps for volume rf_c_7DsWin2:0 (G4Tubs) ... OK! 
Checking overlaps for volume rf_c_7DsHalf:0 (G4Tubs) ... OK! 
Checking overlaps for volume rf_c_7TimingVol:0 (G4Tubs) ... OK! 
Checking overlaps for volume rf_c_7:0 (G4Tubs) ... OK! 
BLCMDpillbox::construct rf_c_7 parent= relZ=13279.8 globZ=13279.8
	zmin=13169.8 zmax=13389.9
Checking overlaps for volume rf_d_7Pipe:0 (G4Tubs) ... OK! 
Checking overlaps for volume rf_d_7UsWall:0 (G4Tubs) ... OK! 
Checking overlaps for volume rf_d_7DsWall:0 (G4Tubs) ... OK! 
Checking overlaps for volume rf_d_7UsWin1:0 (G4Tubs) ... OK! 
Checking overlaps for volume rf_d_7DsWin1:0 (G4Tubs) ... OK! 
Checking overlaps for volume rf_d_7UsWin2:0 (G4Tubs) ... OK! 
Checking overlaps for volume rf_d_7DsWin2:0 (G4Tubs) ... OK! 
Checking overlaps for volume rf_d_7DsHalf:0 (G4Tubs) ... OK! 
Checking overlaps for volume rf_d_7TimingVol:0 (G4Tubs) ... OK! 
Checking overlaps for volume rf_d_7:0 (G4Tubs) ... OK! 
BLCMDpillbox::construct rf_d_7 parent= relZ=13500.0 globZ=13500.0
	zmin=13389.9 zmax=13610.1
Checking overlaps for volume rf_e_7Pipe:0 (G4Tubs) ... OK! 
Checking overlaps for volume rf_e_7UsWall:0 (G4Tubs) ... OK! 
Checking overlaps for volume rf_e_7DsWall:0 (G4Tubs) ... OK! 
Checking overlaps for volume rf_e_7UsWin1:0 (G4Tubs) ... OK! 
Checking overlaps for volume rf_e_7DsWin1:0 (G4Tubs) ... OK! 
Checking overlaps for volume rf_e_7UsWin2:0 (G4Tubs) ... OK! 
Checking overlaps for volume rf_e_7DsWin2:0 (G4Tubs) ... OK! 
Checking overlaps for volume rf_e_7DsHalf:0 (G4Tubs) ... OK! 
Checking overlaps for volume rf_e_7TimingVol:0 (G4Tubs) ... OK! 
Checking overlaps for volume rf_e_7:0 (G4Tubs) ... OK! 
BLCMDpillbox::construct rf_e_7 parent= relZ=13720.2 globZ=13720.2
	zmin=13610.1 zmax=13830.2
Checking overlaps for volume rf_f_7Pipe:0 (G4Tubs) ... OK! 
Checking overlaps for volume rf_f_7UsWall:0 (G4Tubs) ... OK! 
Checking overlaps for volume rf_f_7DsWall:0 (G4Tubs) ... OK! 
Checking overlaps for volume rf_f_7UsWin1:0 (G4Tubs) ... OK! 
Checking overlaps for volume rf_f_7DsWin1:0 (G4Tubs) ... OK! 
Checking overlaps for volume rf_f_7UsWin2:0 (G4Tubs) ... OK! 
Checking overlaps for volume rf_f_7DsWin2:0 (G4Tubs) ... OK! 
Checking overlaps for volume rf_f_7DsHalf:0 (G4Tubs) ... OK! 
Checking overlaps for volume rf_f_7TimingVol:0 (G4Tubs) ... OK! 
Checking overlaps for volume rf_f_7:0 (G4Tubs) ... OK! 
BLCMDpillbox::construct rf_f_7 parent= relZ=13940.3 globZ=13940.3
	zmin=13830.2 zmax=14050.4
Checking overlaps for volume rf_b_8Pipe:0 (G4Tubs) ... OK! 
Checking overlaps for volume rf_b_8UsWall:0 (G4Tubs) ... OK! 
Checking overlaps for volume rf_b_8DsWall:0 (G4Tubs) ... OK! 
Checking overlaps for volume rf_b_8UsWin1:0 (G4Tubs) ... OK! 
Checking overlaps for volume rf_b_8DsWin1:0 (G4Tubs) ... OK! 
Checking overlaps for volume rf_b_8UsWin2:0 (G4Tubs) ... OK! 
Checking overlaps for volume rf_b_8DsWin2:0 (G4Tubs) ... OK! 
Checking overlaps for volume rf_b_8DsHalf:0 (G4Tubs) ... OK! 
Checking overlaps for volume rf_b_8TimingVol:0 (G4Tubs) ... OK! 
Checking overlaps for volume rf_b_8:0 (G4Tubs) ... OK! 
BLCMDpillbox::construct rf_b_8 parent= relZ=14859.7 globZ=14859.7
	zmin=14749.6 zmax=14969.8
Checking overlaps for volume rf_c_8Pipe:0 (G4Tubs) ... OK! 
Checking overlaps for volume rf_c_8UsWall:0 (G4Tubs) ... OK! 
Checking overlaps for volume rf_c_8DsWall:0 (G4Tubs) ... OK! 
Checking overlaps for volume rf_c_8UsWin1:0 (G4Tubs) ... OK! 
Checking overlaps for volume rf_c_8DsWin1:0 (G4Tubs) ... OK! 
Checking overlaps for volume rf_c_8UsWin2:0 (G4Tubs) ... OK! 
Checking overlaps for volume rf_c_8DsWin2:0 (G4Tubs) ... OK! 
Checking overlaps for volume rf_c_8DsHalf:0 (G4Tubs) ... OK! 
Checking overlaps for volume rf_c_8TimingVol:0 (G4Tubs) ... OK! 
Checking overlaps for volume rf_c_8:0 (G4Tubs) ... OK! 
BLCMDpillbox::construct rf_c_8 parent= relZ=15079.8 globZ=15079.8
	zmin=14969.8 zmax=15189.9
Checking overlaps for volume rf_d_8Pipe:0 (G4Tubs) ... OK! 
Checking overlaps for volume rf_d_8UsWall:0 (G4Tubs) ... OK! 
Checking overlaps for volume rf_d_8DsWall:0 (G4Tubs) ... OK! 
Checking overlaps for volume rf_d_8UsWin1:0 (G4Tubs) ... OK! 
Checking overlaps for volume rf_d_8DsWin1:0 (G4Tubs) ... OK! 
Checking overlaps for volume rf_d_8UsWin2:0 (G4Tubs) ... OK! 
Checking overlaps for volume rf_d_8DsWin2:0 (G4Tubs) ... OK! 
Checking overlaps for volume rf_d_8DsHalf:0 (G4Tubs) ... OK! 
Checking overlaps for volume rf_d_8TimingVol:0 (G4Tubs) ... OK! 
Checking overlaps for volume rf_d_8:0 (G4Tubs) ... OK! 
BLCMDpillbox::construct rf_d_8 parent= relZ=15300.0 globZ=15300.0
	zmin=15189.9 zmax=15410.1
Checking overlaps for volume rf_e_8Pipe:0 (G4Tubs) ... OK! 
Checking overlaps for volume rf_e_8UsWall:0 (G4Tubs) ... OK! 
Checking overlaps for volume rf_e_8DsWall:0 (G4Tubs) ... OK! 
Checking overlaps for volume rf_e_8UsWin1:0 (G4Tubs) ... OK! 
Checking overlaps for volume rf_e_8DsWin1:0 (G4Tubs) ... OK! 
Checking overlaps for volume rf_e_8UsWin2:0 (G4Tubs) ... OK! 
Checking overlaps for volume rf_e_8DsWin2:0 (G4Tubs) ... OK! 
Checking overlaps for volume rf_e_8DsHalf:0 (G4Tubs) ... OK! 
Checking overlaps for volume rf_e_8TimingVol:0 (G4Tubs) ... OK! 
Checking overlaps for volume rf_e_8:0 (G4Tubs) ... OK! 
BLCMDpillbox::construct rf_e_8 parent= relZ=15520.2 globZ=15520.2
	zmin=15410.1 zmax=15630.2
Checking overlaps for volume rf_f_8Pipe:0 (G4Tubs) ... OK! 
Checking overlaps for volume rf_f_8UsWall:0 (G4Tubs) ... OK! 
Checking overlaps for volume rf_f_8DsWall:0 (G4Tubs) ... OK! 
Checking overlaps for volume rf_f_8UsWin1:0 (G4Tubs) ... OK! 
Checking overlaps for volume rf_f_8DsWin1:0 (G4Tubs) ... OK! 
Checking overlaps for volume rf_f_8UsWin2:0 (G4Tubs) ... OK! 
Checking overlaps for volume rf_f_8DsWin2:0 (G4Tubs) ... OK! 
Checking overlaps for volume rf_f_8DsHalf:0 (G4Tubs) ... OK! 
Checking overlaps for volume rf_f_8TimingVol:0 (G4Tubs) ... OK! 
Checking overlaps for volume rf_f_8:0 (G4Tubs) ... OK! 
BLCMDpillbox::construct rf_f_8 parent= relZ=15740.3 globZ=15740.3
	zmin=15630.2 zmax=15850.4
Checking overlaps for volume rf_b_9Pipe:0 (G4Tubs) ... OK! 
Checking overlaps for volume rf_b_9UsWall:0 (G4Tubs) ... OK! 
Checking overlaps for volume rf_b_9DsWall:0 (G4Tubs) ... OK! 
Checking overlaps for volume rf_b_9UsWin1:0 (G4Tubs) ... OK! 
Checking overlaps for volume rf_b_9DsWin1:0 (G4Tubs) ... OK! 
Checking overlaps for volume rf_b_9UsWin2:0 (G4Tubs) ... OK! 
Checking overlaps for volume rf_b_9DsWin2:0 (G4Tubs) ... OK! 
Checking overlaps for volume rf_b_9DsHalf:0 (G4Tubs) ... OK! 
Checking overlaps for volume rf_b_9TimingVol:0 (G4Tubs) ... OK! 
Checking overlaps for volume rf_b_9:0 (G4Tubs) ... OK! 
BLCMDpillbox::construct rf_b_9 parent= relZ=16659.7 globZ=16659.7
	zmin=16549.6 zmax=16769.8
Checking overlaps for volume rf_c_9Pipe:0 (G4Tubs) ... OK! 
Checking overlaps for volume rf_c_9UsWall:0 (G4Tubs) ... OK! 
Checking overlaps for volume rf_c_9DsWall:0 (G4Tubs) ... OK! 
Checking overlaps for volume rf_c_9UsWin1:0 (G4Tubs) ... OK! 
Checking overlaps for volume rf_c_9DsWin1:0 (G4Tubs) ... OK! 
Checking overlaps for volume rf_c_9UsWin2:0 (G4Tubs) ... OK! 
Checking overlaps for volume rf_c_9DsWin2:0 (G4Tubs) ... OK! 
Checking overlaps for volume rf_c_9DsHalf:0 (G4Tubs) ... OK! 
Checking overlaps for volume rf_c_9TimingVol:0 (G4Tubs) ... OK! 
Checking overlaps for volume rf_c_9:0 (G4Tubs) ... OK! 
BLCMDpillbox::construct rf_c_9 parent= relZ=16879.8 globZ=16879.8
	zmin=16769.8 zmax=16989.9
Checking overlaps for volume rf_d_9Pipe:0 (G4Tubs) ... OK! 
Checking overlaps for volume rf_d_9UsWall:0 (G4Tubs) ... OK! 
Checking overlaps for volume rf_d_9DsWall:0 (G4Tubs) ... OK! 
Checking overlaps for volume rf_d_9UsWin1:0 (G4Tubs) ... OK! 
Checking overlaps for volume rf_d_9DsWin1:0 (G4Tubs) ... OK! 
Checking overlaps for volume rf_d_9UsWin2:0 (G4Tubs) ... OK! 
Checking overlaps for volume rf_d_9DsWin2:0 (G4Tubs) ... OK! 
Checking overlaps for volume rf_d_9DsHalf:0 (G4Tubs) ... OK! 
Checking overlaps for volume rf_d_9TimingVol:0 (G4Tubs) ... OK! 
Checking overlaps for volume rf_d_9:0 (G4Tubs) ... OK! 
BLCMDpillbox::construct rf_d_9 parent= relZ=17100.0 globZ=17100.0
	zmin=16989.9 zmax=17210.1
Checking overlaps for volume rf_e_9Pipe:0 (G4Tubs) ... OK! 
Checking overlaps for volume rf_e_9UsWall:0 (G4Tubs) ... OK! 
Checking overlaps for volume rf_e_9DsWall:0 (G4Tubs) ... OK! 
Checking overlaps for volume rf_e_9UsWin1:0 (G4Tubs) ... OK! 
Checking overlaps for volume rf_e_9DsWin1:0 (G4Tubs) ... OK! 
Checking overlaps for volume rf_e_9UsWin2:0 (G4Tubs) ... OK! 
Checking overlaps for volume rf_e_9DsWin2:0 (G4Tubs) ... OK! 
Checking overlaps for volume rf_e_9DsHalf:0 (G4Tubs) ... OK! 
Checking overlaps for volume rf_e_9TimingVol:0 (G4Tubs) ... OK! 
Checking overlaps for volume rf_e_9:0 (G4Tubs) ... OK! 
BLCMDpillbox::construct rf_e_9 parent= relZ=17320.2 globZ=17320.2
	zmin=17210.1 zmax=17430.2
Checking overlaps for volume rf_f_9Pipe:0 (G4Tubs) ... OK! 
Checking overlaps for volume rf_f_9UsWall:0 (G4Tubs) ... OK! 
Checking overlaps for volume rf_f_9DsWall:0 (G4Tubs) ... OK! 
Checking overlaps for volume rf_f_9UsWin1:0 (G4Tubs) ... OK! 
Checking overlaps for volume rf_f_9DsWin1:0 (G4Tubs) ... OK! 
Checking overlaps for volume rf_f_9UsWin2:0 (G4Tubs) ... OK! 
Checking overlaps for volume rf_f_9DsWin2:0 (G4Tubs) ... OK! 
Checking overlaps for volume rf_f_9DsHalf:0 (G4Tubs) ... OK! 
Checking overlaps for volume rf_f_9TimingVol:0 (G4Tubs) ... OK! 
Checking overlaps for volume rf_f_9:0 (G4Tubs) ... OK! 
BLCMDpillbox::construct rf_f_9 parent= relZ=17540.3 globZ=17540.3
	zmin=17430.2 zmax=17650.4
Checking overlaps for volume rf_b_10Pipe:0 (G4Tubs) ... OK! 
Checking overlaps for volume rf_b_10UsWall:0 (G4Tubs) ... OK! 
Checking overlaps for volume rf_b_10DsWall:0 (G4Tubs) ... OK! 
Checking overlaps for volume rf_b_10UsWin1:0 (G4Tubs) ... OK! 
Checking overlaps for volume rf_b_10DsWin1:0 (G4Tubs) ... OK! 
Checking overlaps for volume rf_b_10UsWin2:0 (G4Tubs) ... OK! 
Checking overlaps for volume rf_b_10DsWin2:0 (G4Tubs) ... OK! 
Checking overlaps for volume rf_b_10DsHalf:0 (G4Tubs) ... OK! 
Checking overlaps for volume rf_b_10TimingVol:0 (G4Tubs) ... OK! 
Checking overlaps for volume rf_b_10:0 (G4Tubs) ... OK! 
BLCMDpillbox::construct rf_b_10 parent= relZ=18459.7 globZ=18459.7
	zmin=18349.6 zmax=18569.8
Checking overlaps for volume rf_c_10Pipe:0 (G4Tubs) ... OK! 
Checking overlaps for volume rf_c_10UsWall:0 (G4Tubs) ... OK! 
Checking overlaps for volume rf_c_10DsWall:0 (G4Tubs) ... OK! 
Checking overlaps for volume rf_c_10UsWin1:0 (G4Tubs) ... OK! 
Checking overlaps for volume rf_c_10DsWin1:0 (G4Tubs) ... OK! 
Checking overlaps for volume rf_c_10UsWin2:0 (G4Tubs) ... OK! 
Checking overlaps for volume rf_c_10DsWin2:0 (G4Tubs) ... OK! 
Checking overlaps for volume rf_c_10DsHalf:0 (G4Tubs) ... OK! 
Checking overlaps for volume rf_c_10TimingVol:0 (G4Tubs) ... OK! 
Checking overlaps for volume rf_c_10:0 (G4Tubs) ... OK! 
BLCMDpillbox::construct rf_c_10 parent= relZ=18679.8 globZ=18679.8
	zmin=18569.8 zmax=18789.9
Checking overlaps for volume rf_d_10Pipe:0 (G4Tubs) ... OK! 
Checking overlaps for volume rf_d_10UsWall:0 (G4Tubs) ... OK! 
Checking overlaps for volume rf_d_10DsWall:0 (G4Tubs) ... OK! 
Checking overlaps for volume rf_d_10UsWin1:0 (G4Tubs) ... OK! 
Checking overlaps for volume rf_d_10DsWin1:0 (G4Tubs) ... OK! 
Checking overlaps for volume rf_d_10UsWin2:0 (G4Tubs) ... OK! 
Checking overlaps for volume rf_d_10DsWin2:0 (G4Tubs) ... OK! 
Checking overlaps for volume rf_d_10DsHalf:0 (G4Tubs) ... OK! 
Checking overlaps for volume rf_d_10TimingVol:0 (G4Tubs) ... OK! 
Checking overlaps for volume rf_d_10:0 (G4Tubs) ... OK! 
BLCMDpillbox::construct rf_d_10 parent= relZ=18900.0 globZ=18900.0
	zmin=18789.9 zmax=19010.1
Checking overlaps for volume rf_e_10Pipe:0 (G4Tubs) ... OK! 
Checking overlaps for volume rf_e_10UsWall:0 (G4Tubs) ... OK! 
Checking overlaps for volume rf_e_10DsWall:0 (G4Tubs) ... OK! 
Checking overlaps for volume rf_e_10UsWin1:0 (G4Tubs) ... OK! 
Checking overlaps for volume rf_e_10DsWin1:0 (G4Tubs) ... OK! 
Checking overlaps for volume rf_e_10UsWin2:0 (G4Tubs) ... OK! 
Checking overlaps for volume rf_e_10DsWin2:0 (G4Tubs) ... OK! 
Checking overlaps for volume rf_e_10DsHalf:0 (G4Tubs) ... OK! 
Checking overlaps for volume rf_e_10TimingVol:0 (G4Tubs) ... OK! 
Checking overlaps for volume rf_e_10:0 (G4Tubs) ... OK! 
BLCMDpillbox::construct rf_e_10 parent= relZ=19120.2 globZ=19120.2
	zmin=19010.1 zmax=19230.2
Checking overlaps for volume rf_f_10Pipe:0 (G4Tubs) ... OK! 
Checking overlaps for volume rf_f_10UsWall:0 (G4Tubs) ... OK! 
Checking overlaps for volume rf_f_10DsWall:0 (G4Tubs) ... OK! 
Checking overlaps for volume rf_f_10UsWin1:0 (G4Tubs) ... OK! 
Checking overlaps for volume rf_f_10DsWin1:0 (G4Tubs) ... OK! 
Checking overlaps for volume rf_f_10UsWin2:0 (G4Tubs) ... OK! 
Checking overlaps for volume rf_f_10DsWin2:0 (G4Tubs) ... OK! 
Checking overlaps for volume rf_f_10DsHalf:0 (G4Tubs) ... OK! 
Checking overlaps for volume rf_f_10TimingVol:0 (G4Tubs) ... OK! 
Checking overlaps for volume rf_f_10:0 (G4Tubs) ... OK! 
BLCMDpillbox::construct rf_f_10 parent= relZ=19340.3 globZ=19340.3
	zmin=19230.2 zmax=19450.4
Checking overlaps for volume rf_b_11Pipe:0 (G4Tubs) ... OK! 
Checking overlaps for volume rf_b_11UsWall:0 (G4Tubs) ... OK! 
Checking overlaps for volume rf_b_11DsWall:0 (G4Tubs) ... OK! 
Checking overlaps for volume rf_b_11UsWin1:0 (G4Tubs) ... OK! 
Checking overlaps for volume rf_b_11DsWin1:0 (G4Tubs) ... OK! 
Checking overlaps for volume rf_b_11UsWin2:0 (G4Tubs) ... OK! 
Checking overlaps for volume rf_b_11DsWin2:0 (G4Tubs) ... OK! 
Checking overlaps for volume rf_b_11DsHalf:0 (G4Tubs) ... OK! 
Checking overlaps for volume rf_b_11TimingVol:0 (G4Tubs) ... OK! 
Checking overlaps for volume rf_b_11:0 (G4Tubs) ... OK! 
BLCMDpillbox::construct rf_b_11 parent= relZ=20259.7 globZ=20259.7
	zmin=20149.6 zmax=20369.8
Checking overlaps for volume rf_c_11Pipe:0 (G4Tubs) ... OK! 
Checking overlaps for volume rf_c_11UsWall:0 (G4Tubs) ... OK! 
Checking overlaps for volume rf_c_11DsWall:0 (G4Tubs) ... OK! 
Checking overlaps for volume rf_c_11UsWin1:0 (G4Tubs) ... OK! 
Checking overlaps for volume rf_c_11DsWin1:0 (G4Tubs) ... OK! 
Checking overlaps for volume rf_c_11UsWin2:0 (G4Tubs) ... OK! 
Checking overlaps for volume rf_c_11DsWin2:0 (G4Tubs) ... OK! 
Checking overlaps for volume rf_c_11DsHalf:0 (G4Tubs) ... OK! 
Checking overlaps for volume rf_c_11TimingVol:0 (G4Tubs) ... OK! 
Checking overlaps for volume rf_c_11:0 (G4Tubs) ... OK! 
BLCMDpillbox::construct rf_c_11 parent= relZ=20479.8 globZ=20479.8
	zmin=20369.8 zmax=20589.9
Checking overlaps for volume rf_d_11Pipe:0 (G4Tubs) ... OK! 
Checking overlaps for volume rf_d_11UsWall:0 (G4Tubs) ... OK! 
Checking overlaps for volume rf_d_11DsWall:0 (G4Tubs) ... OK! 
Checking overlaps for volume rf_d_11UsWin1:0 (G4Tubs) ... OK! 
Checking overlaps for volume rf_d_11DsWin1:0 (G4Tubs) ... OK! 
Checking overlaps for volume rf_d_11UsWin2:0 (G4Tubs) ... OK! 
Checking overlaps for volume rf_d_11DsWin2:0 (G4Tubs) ... OK! 
Checking overlaps for volume rf_d_11DsHalf:0 (G4Tubs) ... OK! 
Checking overlaps for volume rf_d_11TimingVol:0 (G4Tubs) ... OK! 
Checking overlaps for volume rf_d_11:0 (G4Tubs) ... OK! 
BLCMDpillbox::construct rf_d_11 parent= relZ=20700.0 globZ=20700.0
	zmin=20589.9 zmax=20810.1
Checking overlaps for volume rf_e_11Pipe:0 (G4Tubs) ... OK! 
Checking overlaps for volume rf_e_11UsWall:0 (G4Tubs) ... OK! 
Checking overlaps for volume rf_e_11DsWall:0 (G4Tubs) ... OK! 
Checking overlaps for volume rf_e_11UsWin1:0 (G4Tubs) ... OK! 
Checking overlaps for volume rf_e_11DsWin1:0 (G4Tubs) ... OK! 
Checking overlaps for volume rf_e_11UsWin2:0 (G4Tubs) ... OK! 
Checking overlaps for volume rf_e_11DsWin2:0 (G4Tubs) ... OK! 
Checking overlaps for volume rf_e_11DsHalf:0 (G4Tubs) ... OK! 
Checking overlaps for volume rf_e_11TimingVol:0 (G4Tubs) ... OK! 
Checking overlaps for volume rf_e_11:0 (G4Tubs) ... OK! 
BLCMDpillbox::construct rf_e_11 parent= relZ=20920.2 globZ=20920.2
	zmin=20810.1 zmax=21030.2
Checking overlaps for volume rf_f_11Pipe:0 (G4Tubs) ... OK! 
Checking overlaps for volume rf_f_11UsWall:0 (G4Tubs) ... OK! 
Checking overlaps for volume rf_f_11DsWall:0 (G4Tubs) ... OK! 
Checking overlaps for volume rf_f_11UsWin1:0 (G4Tubs) ... OK! 
Checking overlaps for volume rf_f_11DsWin1:0 (G4Tubs) ... OK! 
Checking overlaps for volume rf_f_11UsWin2:0 (G4Tubs) ... OK! 
Checking overlaps for volume rf_f_11DsWin2:0 (G4Tubs) ... OK! 
Checking overlaps for volume rf_f_11DsHalf:0 (G4Tubs) ... OK! 
Checking overlaps for volume rf_f_11TimingVol:0 (G4Tubs) ... OK! 
Checking overlaps for volume rf_f_11:0 (G4Tubs) ... OK! 
BLCMDpillbox::construct rf_f_11 parent= relZ=21140.3 globZ=21140.3
	zmin=21030.2 zmax=21250.4
Checking overlaps for volume rf_b_12Pipe:0 (G4Tubs) ... OK! 
Checking overlaps for volume rf_b_12UsWall:0 (G4Tubs) ... OK! 
Checking overlaps for volume rf_b_12DsWall:0 (G4Tubs) ... OK! 
Checking overlaps for volume rf_b_12UsWin1:0 (G4Tubs) ... OK! 
Checking overlaps for volume rf_b_12DsWin1:0 (G4Tubs) ... OK! 
Checking overlaps for volume rf_b_12UsWin2:0 (G4Tubs) ... OK! 
Checking overlaps for volume rf_b_12DsWin2:0 (G4Tubs) ... OK! 
Checking overlaps for volume rf_b_12DsHalf:0 (G4Tubs) ... OK! 
Checking overlaps for volume rf_b_12TimingVol:0 (G4Tubs) ... OK! 
Checking overlaps for volume rf_b_12:0 (G4Tubs) ... OK! 
BLCMDpillbox::construct rf_b_12 parent= relZ=22059.7 globZ=22059.7
	zmin=21949.6 zmax=22169.8
Checking overlaps for volume rf_c_12Pipe:0 (G4Tubs) ... OK! 
Checking overlaps for volume rf_c_12UsWall:0 (G4Tubs) ... OK! 
Checking overlaps for volume rf_c_12DsWall:0 (G4Tubs) ... OK! 
Checking overlaps for volume rf_c_12UsWin1:0 (G4Tubs) ... OK! 
Checking overlaps for volume rf_c_12DsWin1:0 (G4Tubs) ... OK! 
Checking overlaps for volume rf_c_12UsWin2:0 (G4Tubs) ... OK! 
Checking overlaps for volume rf_c_12DsWin2:0 (G4Tubs) ... OK! 
Checking overlaps for volume rf_c_12DsHalf:0 (G4Tubs) ... OK! 
Checking overlaps for volume rf_c_12TimingVol:0 (G4Tubs) ... OK! 
Checking overlaps for volume rf_c_12:0 (G4Tubs) ... OK! 
BLCMDpillbox::construct rf_c_12 parent= relZ=22279.8 globZ=22279.8
	zmin=22169.8 zmax=22389.9
Checking overlaps for volume rf_d_12Pipe:0 (G4Tubs) ... OK! 
Checking overlaps for volume rf_d_12UsWall:0 (G4Tubs) ... OK! 
Checking overlaps for volume rf_d_12DsWall:0 (G4Tubs) ... OK! 
Checking overlaps for volume rf_d_12UsWin1:0 (G4Tubs) ... OK! 
Checking overlaps for volume rf_d_12DsWin1:0 (G4Tubs) ... OK! 
Checking overlaps for volume rf_d_12UsWin2:0 (G4Tubs) ... OK! 
Checking overlaps for volume rf_d_12DsWin2:0 (G4Tubs) ... OK! 
Checking overlaps for volume rf_d_12DsHalf:0 (G4Tubs) ... OK! 
Checking overlaps for volume rf_d_12TimingVol:0 (G4Tubs) ... OK! 
Checking overlaps for volume rf_d_12:0 (G4Tubs) ... OK! 
BLCMDpillbox::construct rf_d_12 parent= relZ=22500.0 globZ=22500.0
	zmin=22389.9 zmax=22610.1
Checking overlaps for volume rf_e_12Pipe:0 (G4Tubs) ... OK! 
Checking overlaps for volume rf_e_12UsWall:0 (G4Tubs) ... OK! 
Checking overlaps for volume rf_e_12DsWall:0 (G4Tubs) ... OK! 
Checking overlaps for volume rf_e_12UsWin1:0 (G4Tubs) ... OK! 
Checking overlaps for volume rf_e_12DsWin1:0 (G4Tubs) ... OK! 
Checking overlaps for volume rf_e_12UsWin2:0 (G4Tubs) ... OK! 
Checking overlaps for volume rf_e_12DsWin2:0 (G4Tubs) ... OK! 
Checking overlaps for volume rf_e_12DsHalf:0 (G4Tubs) ... OK! 
Checking overlaps for volume rf_e_12TimingVol:0 (G4Tubs) ... OK! 
Checking overlaps for volume rf_e_12:0 (G4Tubs) ... OK! 
BLCMDpillbox::construct rf_e_12 parent= relZ=22720.2 globZ=22720.2
	zmin=22610.1 zmax=22830.2
Checking overlaps for volume rf_f_12Pipe:0 (G4Tubs) ... OK! 
Checking overlaps for volume rf_f_12UsWall:0 (G4Tubs) ... OK! 
Checking overlaps for volume rf_f_12DsWall:0 (G4Tubs) ... OK! 
Checking overlaps for volume rf_f_12UsWin1:0 (G4Tubs) ... OK! 
Checking overlaps for volume rf_f_12DsWin1:0 (G4Tubs) ... OK! 
Checking overlaps for volume rf_f_12UsWin2:0 (G4Tubs) ... OK! 
Checking overlaps for volume rf_f_12DsWin2:0 (G4Tubs) ... OK! 
Checking overlaps for volume rf_f_12DsHalf:0 (G4Tubs) ... OK! 
Checking overlaps for volume rf_f_12TimingVol:0 (G4Tubs) ... OK! 
Checking overlaps for volume rf_f_12:0 (G4Tubs) ... OK! 
BLCMDpillbox::construct rf_f_12 parent= relZ=22940.3 globZ=22940.3
	zmin=22830.2 zmax=23050.4
Checking overlaps for volume rf_b_13Pipe:0 (G4Tubs) ... OK! 
Checking overlaps for volume rf_b_13UsWall:0 (G4Tubs) ... OK! 
Checking overlaps for volume rf_b_13DsWall:0 (G4Tubs) ... OK! 
Checking overlaps for volume rf_b_13UsWin1:0 (G4Tubs) ... OK! 
Checking overlaps for volume rf_b_13DsWin1:0 (G4Tubs) ... OK! 
Checking overlaps for volume rf_b_13UsWin2:0 (G4Tubs) ... OK! 
Checking overlaps for volume rf_b_13DsWin2:0 (G4Tubs) ... OK! 
Checking overlaps for volume rf_b_13DsHalf:0 (G4Tubs) ... OK! 
Checking overlaps for volume rf_b_13TimingVol:0 (G4Tubs) ... OK! 
Checking overlaps for volume rf_b_13:0 (G4Tubs) ... OK! 
BLCMDpillbox::construct rf_b_13 parent= relZ=23859.7 globZ=23859.7
	zmin=23749.6 zmax=23969.8
Checking overlaps for volume rf_c_13Pipe:0 (G4Tubs) ... OK! 
Checking overlaps for volume rf_c_13UsWall:0 (G4Tubs) ... OK! 
Checking overlaps for volume rf_c_13DsWall:0 (G4Tubs) ... OK! 
Checking overlaps for volume rf_c_13UsWin1:0 (G4Tubs) ... OK! 
Checking overlaps for volume rf_c_13DsWin1:0 (G4Tubs) ... OK! 
Checking overlaps for volume rf_c_13UsWin2:0 (G4Tubs) ... OK! 
Checking overlaps for volume rf_c_13DsWin2:0 (G4Tubs) ... OK! 
Checking overlaps for volume rf_c_13DsHalf:0 (G4Tubs) ... OK! 
Checking overlaps for volume rf_c_13TimingVol:0 (G4Tubs) ... OK! 
Checking overlaps for volume rf_c_13:0 (G4Tubs) ... OK! 
BLCMDpillbox::construct rf_c_13 parent= relZ=24079.8 globZ=24079.8
	zmin=23969.8 zmax=24189.9
Checking overlaps for volume rf_d_13Pipe:0 (G4Tubs) ... OK! 
Checking overlaps for volume rf_d_13UsWall:0 (G4Tubs) ... OK! 
Checking overlaps for volume rf_d_13DsWall:0 (G4Tubs) ... OK! 
Checking overlaps for volume rf_d_13UsWin1:0 (G4Tubs) ... OK! 
Checking overlaps for volume rf_d_13DsWin1:0 (G4Tubs) ... OK! 
Checking overlaps for volume rf_d_13UsWin2:0 (G4Tubs) ... OK! 
Checking overlaps for volume rf_d_13DsWin2:0 (G4Tubs) ... OK! 
Checking overlaps for volume rf_d_13DsHalf:0 (G4Tubs) ... OK! 
Checking overlaps for volume rf_d_13TimingVol:0 (G4Tubs) ... OK! 
Checking overlaps for volume rf_d_13:0 (G4Tubs) ... OK! 
BLCMDpillbox::construct rf_d_13 parent= relZ=24300.0 globZ=24300.0
	zmin=24189.9 zmax=24410.1
Checking overlaps for volume rf_e_13Pipe:0 (G4Tubs) ... OK! 
Checking overlaps for volume rf_e_13UsWall:0 (G4Tubs) ... OK! 
Checking overlaps for volume rf_e_13DsWall:0 (G4Tubs) ... OK! 
Checking overlaps for volume rf_e_13UsWin1:0 (G4Tubs) ... OK! 
Checking overlaps for volume rf_e_13DsWin1:0 (G4Tubs) ... OK! 
Checking overlaps for volume rf_e_13UsWin2:0 (G4Tubs) ... OK! 
Checking overlaps for volume rf_e_13DsWin2:0 (G4Tubs) ... OK! 
Checking overlaps for volume rf_e_13DsHalf:0 (G4Tubs) ... OK! 
Checking overlaps for volume rf_e_13TimingVol:0 (G4Tubs) ... OK! 
Checking overlaps for volume rf_e_13:0 (G4Tubs) ... OK! 
BLCMDpillbox::construct rf_e_13 parent= relZ=24520.2 globZ=24520.2
	zmin=24410.1 zmax=24630.2
Checking overlaps for volume rf_f_13Pipe:0 (G4Tubs) ... OK! 
Checking overlaps for volume rf_f_13UsWall:0 (G4Tubs) ... OK! 
Checking overlaps for volume rf_f_13DsWall:0 (G4Tubs) ... OK! 
Checking overlaps for volume rf_f_13UsWin1:0 (G4Tubs) ... OK! 
Checking overlaps for volume rf_f_13DsWin1:0 (G4Tubs) ... OK! 
Checking overlaps for volume rf_f_13UsWin2:0 (G4Tubs) ... OK! 
Checking overlaps for volume rf_f_13DsWin2:0 (G4Tubs) ... OK! 
Checking overlaps for volume rf_f_13DsHalf:0 (G4Tubs) ... OK! 
Checking overlaps for volume rf_f_13TimingVol:0 (G4Tubs) ... OK! 
Checking overlaps for volume rf_f_13:0 (G4Tubs) ... OK! 
BLCMDpillbox::construct rf_f_13 parent= relZ=24740.3 globZ=24740.3
	zmin=24630.2 zmax=24850.4
Checking overlaps for volume rf_b_14Pipe:0 (G4Tubs) ... OK! 
Checking overlaps for volume rf_b_14UsWall:0 (G4Tubs) ... OK! 
Checking overlaps for volume rf_b_14DsWall:0 (G4Tubs) ... OK! 
Checking overlaps for volume rf_b_14UsWin1:0 (G4Tubs) ... OK! 
Checking overlaps for volume rf_b_14DsWin1:0 (G4Tubs) ... OK! 
Checking overlaps for volume rf_b_14UsWin2:0 (G4Tubs) ... OK! 
Checking overlaps for volume rf_b_14DsWin2:0 (G4Tubs) ... OK! 
Checking overlaps for volume rf_b_14DsHalf:0 (G4Tubs) ... OK! 
Checking overlaps for volume rf_b_14TimingVol:0 (G4Tubs) ... OK! 
Checking overlaps for volume rf_b_14:0 (G4Tubs) ... OK! 
BLCMDpillbox::construct rf_b_14 parent= relZ=25659.7 globZ=25659.7
	zmin=25549.6 zmax=25769.8
Checking overlaps for volume rf_c_14Pipe:0 (G4Tubs) ... OK! 
Checking overlaps for volume rf_c_14UsWall:0 (G4Tubs) ... OK! 
Checking overlaps for volume rf_c_14DsWall:0 (G4Tubs) ... OK! 
Checking overlaps for volume rf_c_14UsWin1:0 (G4Tubs) ... OK! 
Checking overlaps for volume rf_c_14DsWin1:0 (G4Tubs) ... OK! 
Checking overlaps for volume rf_c_14UsWin2:0 (G4Tubs) ... OK! 
Checking overlaps for volume rf_c_14DsWin2:0 (G4Tubs) ... OK! 
Checking overlaps for volume rf_c_14DsHalf:0 (G4Tubs) ... OK! 
Checking overlaps for volume rf_c_14TimingVol:0 (G4Tubs) ... OK! 
Checking overlaps for volume rf_c_14:0 (G4Tubs) ... OK! 
BLCMDpillbox::construct rf_c_14 parent= relZ=25879.8 globZ=25879.8
	zmin=25769.8 zmax=25989.9
Checking overlaps for volume rf_d_14Pipe:0 (G4Tubs) ... OK! 
Checking overlaps for volume rf_d_14UsWall:0 (G4Tubs) ... OK! 
Checking overlaps for volume rf_d_14DsWall:0 (G4Tubs) ... OK! 
Checking overlaps for volume rf_d_14UsWin1:0 (G4Tubs) ... OK! 
Checking overlaps for volume rf_d_14DsWin1:0 (G4Tubs) ... OK! 
Checking overlaps for volume rf_d_14UsWin2:0 (G4Tubs) ... OK! 
Checking overlaps for volume rf_d_14DsWin2:0 (G4Tubs) ... OK! 
Checking overlaps for volume rf_d_14DsHalf:0 (G4Tubs) ... OK! 
Checking overlaps for volume rf_d_14TimingVol:0 (G4Tubs) ... OK! 
Checking overlaps for volume rf_d_14:0 (G4Tubs) ... OK! 
BLCMDpillbox::construct rf_d_14 parent= relZ=26100.0 globZ=26100.0
	zmin=25989.9 zmax=26210.1
Checking overlaps for volume rf_e_14Pipe:0 (G4Tubs) ... OK! 
Checking overlaps for volume rf_e_14UsWall:0 (G4Tubs) ... OK! 
Checking overlaps for volume rf_e_14DsWall:0 (G4Tubs) ... OK! 
Checking overlaps for volume rf_e_14UsWin1:0 (G4Tubs) ... OK! 
Checking overlaps for volume rf_e_14DsWin1:0 (G4Tubs) ... OK! 
Checking overlaps for volume rf_e_14UsWin2:0 (G4Tubs) ... OK! 
Checking overlaps for volume rf_e_14DsWin2:0 (G4Tubs) ... OK! 
Checking overlaps for volume rf_e_14DsHalf:0 (G4Tubs) ... OK! 
Checking overlaps for volume rf_e_14TimingVol:0 (G4Tubs) ... OK! 
Checking overlaps for volume rf_e_14:0 (G4Tubs) ... OK! 
BLCMDpillbox::construct rf_e_14 parent= relZ=26320.2 globZ=26320.2
	zmin=26210.1 zmax=26430.2
Checking overlaps for volume rf_f_14Pipe:0 (G4Tubs) ... OK! 
Checking overlaps for volume rf_f_14UsWall:0 (G4Tubs) ... OK! 
Checking overlaps for volume rf_f_14DsWall:0 (G4Tubs) ... OK! 
Checking overlaps for volume rf_f_14UsWin1:0 (G4Tubs) ... OK! 
Checking overlaps for volume rf_f_14DsWin1:0 (G4Tubs) ... OK! 
Checking overlaps for volume rf_f_14UsWin2:0 (G4Tubs) ... OK! 
Checking overlaps for volume rf_f_14DsWin2:0 (G4Tubs) ... OK! 
Checking overlaps for volume rf_f_14DsHalf:0 (G4Tubs) ... OK! 
Checking overlaps for volume rf_f_14TimingVol:0 (G4Tubs) ... OK! 
Checking overlaps for volume rf_f_14:0 (G4Tubs) ... OK! 
BLCMDpillbox::construct rf_f_14 parent= relZ=26540.3 globZ=26540.3
	zmin=26430.2 zmax=26650.4
Checking overlaps for volume rf_b_15Pipe:0 (G4Tubs) ... OK! 
Checking overlaps for volume rf_b_15UsWall:0 (G4Tubs) ... OK! 
Checking overlaps for volume rf_b_15DsWall:0 (G4Tubs) ... OK! 
Checking overlaps for volume rf_b_15UsWin1:0 (G4Tubs) ... OK! 
Checking overlaps for volume rf_b_15DsWin1:0 (G4Tubs) ... OK! 
Checking overlaps for volume rf_b_15UsWin2:0 (G4Tubs) ... OK! 
Checking overlaps for volume rf_b_15DsWin2:0 (G4Tubs) ... OK! 
Checking overlaps for volume rf_b_15DsHalf:0 (G4Tubs) ... OK! 
Checking overlaps for volume rf_b_15TimingVol:0 (G4Tubs) ... OK! 
Checking overlaps for volume rf_b_15:0 (G4Tubs) ... OK! 
BLCMDpillbox::construct rf_b_15 parent= relZ=27459.7 globZ=27459.7
	zmin=27349.6 zmax=27569.8
Checking overlaps for volume rf_c_15Pipe:0 (G4Tubs) ... OK! 
Checking overlaps for volume rf_c_15UsWall:0 (G4Tubs) ... OK! 
Checking overlaps for volume rf_c_15DsWall:0 (G4Tubs) ... OK! 
Checking overlaps for volume rf_c_15UsWin1:0 (G4Tubs) ... OK! 
Checking overlaps for volume rf_c_15DsWin1:0 (G4Tubs) ... OK! 
Checking overlaps for volume rf_c_15UsWin2:0 (G4Tubs) ... OK! 
Checking overlaps for volume rf_c_15DsWin2:0 (G4Tubs) ... OK! 
Checking overlaps for volume rf_c_15DsHalf:0 (G4Tubs) ... OK! 
Checking overlaps for volume rf_c_15TimingVol:0 (G4Tubs) ... OK! 
Checking overlaps for volume rf_c_15:0 (G4Tubs) ... OK! 
BLCMDpillbox::construct rf_c_15 parent= relZ=27679.8 globZ=27679.8
	zmin=27569.8 zmax=27789.9
Checking overlaps for volume rf_d_15Pipe:0 (G4Tubs) ... OK! 
Checking overlaps for volume rf_d_15UsWall:0 (G4Tubs) ... OK! 
Checking overlaps for volume rf_d_15DsWall:0 (G4Tubs) ... OK! 
Checking overlaps for volume rf_d_15UsWin1:0 (G4Tubs) ... OK! 
Checking overlaps for volume rf_d_15DsWin1:0 (G4Tubs) ... OK! 
Checking overlaps for volume rf_d_15UsWin2:0 (G4Tubs) ... OK! 
Checking overlaps for volume rf_d_15DsWin2:0 (G4Tubs) ... OK! 
Checking overlaps for volume rf_d_15DsHalf:0 (G4Tubs) ... OK! 
Checking overlaps for volume rf_d_15TimingVol:0 (G4Tubs) ... OK! 
Checking overlaps for volume rf_d_15:0 (G4Tubs) ... OK! 
BLCMDpillbox::construct rf_d_15 parent= relZ=27900.0 globZ=27900.0
	zmin=27789.9 zmax=28010.1
Checking overlaps for volume rf_e_15Pipe:0 (G4Tubs) ... OK! 
Checking overlaps for volume rf_e_15UsWall:0 (G4Tubs) ... OK! 
Checking overlaps for volume rf_e_15DsWall:0 (G4Tubs) ... OK! 
Checking overlaps for volume rf_e_15UsWin1:0 (G4Tubs) ... OK! 
Checking overlaps for volume rf_e_15DsWin1:0 (G4Tubs) ... OK! 
Checking overlaps for volume rf_e_15UsWin2:0 (G4Tubs) ... OK! 
Checking overlaps for volume rf_e_15DsWin2:0 (G4Tubs) ... OK! 
Checking overlaps for volume rf_e_15DsHalf:0 (G4Tubs) ... OK! 
Checking overlaps for volume rf_e_15TimingVol:0 (G4Tubs) ... OK! 
Checking overlaps for volume rf_e_15:0 (G4Tubs) ... OK! 
BLCMDpillbox::construct rf_e_15 parent= relZ=28120.2 globZ=28120.2
	zmin=28010.1 zmax=28230.2
Checking overlaps for volume rf_f_15Pipe:0 (G4Tubs) ... OK! 
Checking overlaps for volume rf_f_15UsWall:0 (G4Tubs) ... OK! 
Checking overlaps for volume rf_f_15DsWall:0 (G4Tubs) ... OK! 
Checking overlaps for volume rf_f_15UsWin1:0 (G4Tubs) ... OK! 
Checking overlaps for volume rf_f_15DsWin1:0 (G4Tubs) ... OK! 
Checking overlaps for volume rf_f_15UsWin2:0 (G4Tubs) ... OK! 
Checking overlaps for volume rf_f_15DsWin2:0 (G4Tubs) ... OK! 
Checking overlaps for volume rf_f_15DsHalf:0 (G4Tubs) ... OK! 
Checking overlaps for volume rf_f_15TimingVol:0 (G4Tubs) ... OK! 
Checking overlaps for volume rf_f_15:0 (G4Tubs) ... OK! 
BLCMDpillbox::construct rf_f_15 parent= relZ=28340.3 globZ=28340.3
	zmin=28230.2 zmax=28450.4
Checking overlaps for volume rf_b_16Pipe:0 (G4Tubs) ... OK! 
Checking overlaps for volume rf_b_16UsWall:0 (G4Tubs) ... OK! 
Checking overlaps for volume rf_b_16DsWall:0 (G4Tubs) ... OK! 
Checking overlaps for volume rf_b_16UsWin1:0 (G4Tubs) ... OK! 
Checking overlaps for volume rf_b_16DsWin1:0 (G4Tubs) ... OK! 
Checking overlaps for volume rf_b_16UsWin2:0 (G4Tubs) ... OK! 
Checking overlaps for volume rf_b_16DsWin2:0 (G4Tubs) ... OK! 
Checking overlaps for volume rf_b_16DsHalf:0 (G4Tubs) ... OK! 
Checking overlaps for volume rf_b_16TimingVol:0 (G4Tubs) ... OK! 
Checking overlaps for volume rf_b_16:0 (G4Tubs) ... OK! 
BLCMDpillbox::construct rf_b_16 parent= relZ=29259.7 globZ=29259.7
	zmin=29149.6 zmax=29369.8
Checking overlaps for volume rf_c_16Pipe:0 (G4Tubs) ... OK! 
Checking overlaps for volume rf_c_16UsWall:0 (G4Tubs) ... OK! 
Checking overlaps for volume rf_c_16DsWall:0 (G4Tubs) ... OK! 
Checking overlaps for volume rf_c_16UsWin1:0 (G4Tubs) ... OK! 
Checking overlaps for volume rf_c_16DsWin1:0 (G4Tubs) ... OK! 
Checking overlaps for volume rf_c_16UsWin2:0 (G4Tubs) ... OK! 
Checking overlaps for volume rf_c_16DsWin2:0 (G4Tubs) ... OK! 
Checking overlaps for volume rf_c_16DsHalf:0 (G4Tubs) ... OK! 
Checking overlaps for volume rf_c_16TimingVol:0 (G4Tubs) ... OK! 
Checking overlaps for volume rf_c_16:0 (G4Tubs) ... OK! 
BLCMDpillbox::construct rf_c_16 parent= relZ=29479.8 globZ=29479.8
	zmin=29369.8 zmax=29589.9
Checking overlaps for volume rf_d_16Pipe:0 (G4Tubs) ... OK! 
Checking overlaps for volume rf_d_16UsWall:0 (G4Tubs) ... OK! 
Checking overlaps for volume rf_d_16DsWall:0 (G4Tubs) ... OK! 
Checking overlaps for volume rf_d_16UsWin1:0 (G4Tubs) ... OK! 
Checking overlaps for volume rf_d_16DsWin1:0 (G4Tubs) ... OK! 
Checking overlaps for volume rf_d_16UsWin2:0 (G4Tubs) ... OK! 
Checking overlaps for volume rf_d_16DsWin2:0 (G4Tubs) ... OK! 
Checking overlaps for volume rf_d_16DsHalf:0 (G4Tubs) ... OK! 
Checking overlaps for volume rf_d_16TimingVol:0 (G4Tubs) ... OK! 
Checking overlaps for volume rf_d_16:0 (G4Tubs) ... OK! 
BLCMDpillbox::construct rf_d_16 parent= relZ=29700.0 globZ=29700.0
	zmin=29589.9 zmax=29810.1
Checking overlaps for volume rf_e_16Pipe:0 (G4Tubs) ... OK! 
Checking overlaps for volume rf_e_16UsWall:0 (G4Tubs) ... OK! 
Checking overlaps for volume rf_e_16DsWall:0 (G4Tubs) ... OK! 
Checking overlaps for volume rf_e_16UsWin1:0 (G4Tubs) ... OK! 
Checking overlaps for volume rf_e_16DsWin1:0 (G4Tubs) ... OK! 
Checking overlaps for volume rf_e_16UsWin2:0 (G4Tubs) ... OK! 
Checking overlaps for volume rf_e_16DsWin2:0 (G4Tubs) ... OK! 
Checking overlaps for volume rf_e_16DsHalf:0 (G4Tubs) ... OK! 
Checking overlaps for volume rf_e_16TimingVol:0 (G4Tubs) ... OK! 
Checking overlaps for volume rf_e_16:0 (G4Tubs) ... OK! 
BLCMDpillbox::construct rf_e_16 parent= relZ=29920.2 globZ=29920.2
	zmin=29810.1 zmax=30030.2
Checking overlaps for volume rf_f_16Pipe:0 (G4Tubs) ... OK! 
Checking overlaps for volume rf_f_16UsWall:0 (G4Tubs) ... OK! 
Checking overlaps for volume rf_f_16DsWall:0 (G4Tubs) ... OK! 
Checking overlaps for volume rf_f_16UsWin1:0 (G4Tubs) ... OK! 
Checking overlaps for volume rf_f_16DsWin1:0 (G4Tubs) ... OK! 
Checking overlaps for volume rf_f_16UsWin2:0 (G4Tubs) ... OK! 
Checking overlaps for volume rf_f_16DsWin2:0 (G4Tubs) ... OK! 
Checking overlaps for volume rf_f_16DsHalf:0 (G4Tubs) ... OK! 
Checking overlaps for volume rf_f_16TimingVol:0 (G4Tubs) ... OK! 
Checking overlaps for volume rf_f_16:0 (G4Tubs) ... OK! 
BLCMDpillbox::construct rf_f_16 parent= relZ=30140.3 globZ=30140.3
	zmin=30030.2 zmax=30250.4
Checking overlaps for volume rf_b_17Pipe:0 (G4Tubs) ... OK! 
Checking overlaps for volume rf_b_17UsWall:0 (G4Tubs) ... OK! 
Checking overlaps for volume rf_b_17DsWall:0 (G4Tubs) ... OK! 
Checking overlaps for volume rf_b_17UsWin1:0 (G4Tubs) ... OK! 
Checking overlaps for volume rf_b_17DsWin1:0 (G4Tubs) ... OK! 
Checking overlaps for volume rf_b_17UsWin2:0 (G4Tubs) ... OK! 
Checking overlaps for volume rf_b_17DsWin2:0 (G4Tubs) ... OK! 
Checking overlaps for volume rf_b_17DsHalf:0 (G4Tubs) ... OK! 
Checking overlaps for volume rf_b_17TimingVol:0 (G4Tubs) ... OK! 
Checking overlaps for volume rf_b_17:0 (G4Tubs) ... OK! 
BLCMDpillbox::construct rf_b_17 parent= relZ=31059.7 globZ=31059.7
	zmin=30949.6 zmax=31169.8
Checking overlaps for volume rf_c_17Pipe:0 (G4Tubs) ... OK! 
Checking overlaps for volume rf_c_17UsWall:0 (G4Tubs) ... OK! 
Checking overlaps for volume rf_c_17DsWall:0 (G4Tubs) ... OK! 
Checking overlaps for volume rf_c_17UsWin1:0 (G4Tubs) ... OK! 
Checking overlaps for volume rf_c_17DsWin1:0 (G4Tubs) ... OK! 
Checking overlaps for volume rf_c_17UsWin2:0 (G4Tubs) ... OK! 
Checking overlaps for volume rf_c_17DsWin2:0 (G4Tubs) ... OK! 
Checking overlaps for volume rf_c_17DsHalf:0 (G4Tubs) ... OK! 
Checking overlaps for volume rf_c_17TimingVol:0 (G4Tubs) ... OK! 
Checking overlaps for volume rf_c_17:0 (G4Tubs) ... OK! 
BLCMDpillbox::construct rf_c_17 parent= relZ=31279.8 globZ=31279.8
	zmin=31169.8 zmax=31389.9
Checking overlaps for volume rf_d_17Pipe:0 (G4Tubs) ... OK! 
Checking overlaps for volume rf_d_17UsWall:0 (G4Tubs) ... OK! 
Checking overlaps for volume rf_d_17DsWall:0 (G4Tubs) ... OK! 
Checking overlaps for volume rf_d_17UsWin1:0 (G4Tubs) ... OK! 
Checking overlaps for volume rf_d_17DsWin1:0 (G4Tubs) ... OK! 
Checking overlaps for volume rf_d_17UsWin2:0 (G4Tubs) ... OK! 
Checking overlaps for volume rf_d_17DsWin2:0 (G4Tubs) ... OK! 
Checking overlaps for volume rf_d_17DsHalf:0 (G4Tubs) ... OK! 
Checking overlaps for volume rf_d_17TimingVol:0 (G4Tubs) ... OK! 
Checking overlaps for volume rf_d_17:0 (G4Tubs) ... OK! 
BLCMDpillbox::construct rf_d_17 parent= relZ=31500.0 globZ=31500.0
	zmin=31389.9 zmax=31610.1
Checking overlaps for volume rf_e_17Pipe:0 (G4Tubs) ... OK! 
Checking overlaps for volume rf_e_17UsWall:0 (G4Tubs) ... OK! 
Checking overlaps for volume rf_e_17DsWall:0 (G4Tubs) ... OK! 
Checking overlaps for volume rf_e_17UsWin1:0 (G4Tubs) ... OK! 
Checking overlaps for volume rf_e_17DsWin1:0 (G4Tubs) ... OK! 
Checking overlaps for volume rf_e_17UsWin2:0 (G4Tubs) ... OK! 
Checking overlaps for volume rf_e_17DsWin2:0 (G4Tubs) ... OK! 
Checking overlaps for volume rf_e_17DsHalf:0 (G4Tubs) ... OK! 
Checking overlaps for volume rf_e_17TimingVol:0 (G4Tubs) ... OK! 
Checking overlaps for volume rf_e_17:0 (G4Tubs) ... OK! 
BLCMDpillbox::construct rf_e_17 parent= relZ=31720.2 globZ=31720.2
	zmin=31610.1 zmax=31830.2
Checking overlaps for volume rf_f_17Pipe:0 (G4Tubs) ... OK! 
Checking overlaps for volume rf_f_17UsWall:0 (G4Tubs) ... OK! 
Checking overlaps for volume rf_f_17DsWall:0 (G4Tubs) ... OK! 
Checking overlaps for volume rf_f_17UsWin1:0 (G4Tubs) ... OK! 
Checking overlaps for volume rf_f_17DsWin1:0 (G4Tubs) ... OK! 
Checking overlaps for volume rf_f_17UsWin2:0 (G4Tubs) ... OK! 
Checking overlaps for volume rf_f_17DsWin2:0 (G4Tubs) ... OK! 
Checking overlaps for volume rf_f_17DsHalf:0 (G4Tubs) ... OK! 
Checking overlaps for volume rf_f_17TimingVol:0 (G4Tubs) ... OK! 
Checking overlaps for volume rf_f_17:0 (G4Tubs) ... OK! 
BLCMDpillbox::construct rf_f_17 parent= relZ=31940.3 globZ=31940.3
	zmin=31830.2 zmax=32050.4
Checking overlaps for volume rf_b_18Pipe:0 (G4Tubs) ... OK! 
Checking overlaps for volume rf_b_18UsWall:0 (G4Tubs) ... OK! 
Checking overlaps for volume rf_b_18DsWall:0 (G4Tubs) ... OK! 
Checking overlaps for volume rf_b_18UsWin1:0 (G4Tubs) ... OK! 
Checking overlaps for volume rf_b_18DsWin1:0 (G4Tubs) ... OK! 
Checking overlaps for volume rf_b_18UsWin2:0 (G4Tubs) ... OK! 
Checking overlaps for volume rf_b_18DsWin2:0 (G4Tubs) ... OK! 
Checking overlaps for volume rf_b_18DsHalf:0 (G4Tubs) ... OK! 
Checking overlaps for volume rf_b_18TimingVol:0 (G4Tubs) ... OK! 
Checking overlaps for volume rf_b_18:0 (G4Tubs) ... OK! 
BLCMDpillbox::construct rf_b_18 parent= relZ=32859.7 globZ=32859.7
	zmin=32749.6 zmax=32969.8
Checking overlaps for volume rf_c_18Pipe:0 (G4Tubs) ... OK! 
Checking overlaps for volume rf_c_18UsWall:0 (G4Tubs) ... OK! 
Checking overlaps for volume rf_c_18DsWall:0 (G4Tubs) ... OK! 
Checking overlaps for volume rf_c_18UsWin1:0 (G4Tubs) ... OK! 
Checking overlaps for volume rf_c_18DsWin1:0 (G4Tubs) ... OK! 
Checking overlaps for volume rf_c_18UsWin2:0 (G4Tubs) ... OK! 
Checking overlaps for volume rf_c_18DsWin2:0 (G4Tubs) ... OK! 
Checking overlaps for volume rf_c_18DsHalf:0 (G4Tubs) ... OK! 
Checking overlaps for volume rf_c_18TimingVol:0 (G4Tubs) ... OK! 
Checking overlaps for volume rf_c_18:0 (G4Tubs) ... OK! 
BLCMDpillbox::construct rf_c_18 parent= relZ=33079.8 globZ=33079.8
	zmin=32969.8 zmax=33189.9
Checking overlaps for volume rf_d_18Pipe:0 (G4Tubs) ... OK! 
Checking overlaps for volume rf_d_18UsWall:0 (G4Tubs) ... OK! 
Checking overlaps for volume rf_d_18DsWall:0 (G4Tubs) ... OK! 
Checking overlaps for volume rf_d_18UsWin1:0 (G4Tubs) ... OK! 
Checking overlaps for volume rf_d_18DsWin1:0 (G4Tubs) ... OK! 
Checking overlaps for volume rf_d_18UsWin2:0 (G4Tubs) ... OK! 
Checking overlaps for volume rf_d_18DsWin2:0 (G4Tubs) ... OK! 
Checking overlaps for volume rf_d_18DsHalf:0 (G4Tubs) ... OK! 
Checking overlaps for volume rf_d_18TimingVol:0 (G4Tubs) ... OK! 
Checking overlaps for volume rf_d_18:0 (G4Tubs) ... OK! 
BLCMDpillbox::construct rf_d_18 parent= relZ=33300.0 globZ=33300.0
	zmin=33189.9 zmax=33410.1
Checking overlaps for volume rf_e_18Pipe:0 (G4Tubs) ... OK! 
Checking overlaps for volume rf_e_18UsWall:0 (G4Tubs) ... OK! 
Checking overlaps for volume rf_e_18DsWall:0 (G4Tubs) ... OK! 
Checking overlaps for volume rf_e_18UsWin1:0 (G4Tubs) ... OK! 
Checking overlaps for volume rf_e_18DsWin1:0 (G4Tubs) ... OK! 
Checking overlaps for volume rf_e_18UsWin2:0 (G4Tubs) ... OK! 
Checking overlaps for volume rf_e_18DsWin2:0 (G4Tubs) ... OK! 
Checking overlaps for volume rf_e_18DsHalf:0 (G4Tubs) ... OK! 
Checking overlaps for volume rf_e_18TimingVol:0 (G4Tubs) ... OK! 
Checking overlaps for volume rf_e_18:0 (G4Tubs) ... OK! 
BLCMDpillbox::construct rf_e_18 parent= relZ=33520.2 globZ=33520.2
	zmin=33410.1 zmax=33630.2
Checking overlaps for volume rf_f_18Pipe:0 (G4Tubs) ... OK! 
Checking overlaps for volume rf_f_18UsWall:0 (G4Tubs) ... OK! 
Checking overlaps for volume rf_f_18DsWall:0 (G4Tubs) ... OK! 
Checking overlaps for volume rf_f_18UsWin1:0 (G4Tubs) ... OK! 
Checking overlaps for volume rf_f_18DsWin1:0 (G4Tubs) ... OK! 
Checking overlaps for volume rf_f_18UsWin2:0 (G4Tubs) ... OK! 
Checking overlaps for volume rf_f_18DsWin2:0 (G4Tubs) ... OK! 
Checking overlaps for volume rf_f_18DsHalf:0 (G4Tubs) ... OK! 
Checking overlaps for volume rf_f_18TimingVol:0 (G4Tubs) ... OK! 
Checking overlaps for volume rf_f_18:0 (G4Tubs) ... OK! 
BLCMDpillbox::construct rf_f_18 parent= relZ=33740.3 globZ=33740.3
	zmin=33630.2 zmax=33850.4
Checking overlaps for volume rf_b_19Pipe:0 (G4Tubs) ... OK! 
Checking overlaps for volume rf_b_19UsWall:0 (G4Tubs) ... OK! 
Checking overlaps for volume rf_b_19DsWall:0 (G4Tubs) ... OK! 
Checking overlaps for volume rf_b_19UsWin1:0 (G4Tubs) ... OK! 
Checking overlaps for volume rf_b_19DsWin1:0 (G4Tubs) ... OK! 
Checking overlaps for volume rf_b_19UsWin2:0 (G4Tubs) ... OK! 
Checking overlaps for volume rf_b_19DsWin2:0 (G4Tubs) ... OK! 
Checking overlaps for volume rf_b_19DsHalf:0 (G4Tubs) ... OK! 
Checking overlaps for volume rf_b_19TimingVol:0 (G4Tubs) ... OK! 
Checking overlaps for volume rf_b_19:0 (G4Tubs) ... OK! 
BLCMDpillbox::construct rf_b_19 parent= relZ=34659.7 globZ=34659.7
	zmin=34549.6 zmax=34769.8
Checking overlaps for volume rf_c_19Pipe:0 (G4Tubs) ... OK! 
Checking overlaps for volume rf_c_19UsWall:0 (G4Tubs) ... OK! 
Checking overlaps for volume rf_c_19DsWall:0 (G4Tubs) ... OK! 
Checking overlaps for volume rf_c_19UsWin1:0 (G4Tubs) ... OK! 
Checking overlaps for volume rf_c_19DsWin1:0 (G4Tubs) ... OK! 
Checking overlaps for volume rf_c_19UsWin2:0 (G4Tubs) ... OK! 
Checking overlaps for volume rf_c_19DsWin2:0 (G4Tubs) ... OK! 
Checking overlaps for volume rf_c_19DsHalf:0 (G4Tubs) ... OK! 
Checking overlaps for volume rf_c_19TimingVol:0 (G4Tubs) ... OK! 
Checking overlaps for volume rf_c_19:0 (G4Tubs) ... OK! 
BLCMDpillbox::construct rf_c_19 parent= relZ=34879.8 globZ=34879.8
	zmin=34769.8 zmax=34989.9
Checking overlaps for volume rf_d_19Pipe:0 (G4Tubs) ... OK! 
Checking overlaps for volume rf_d_19UsWall:0 (G4Tubs) ... OK! 
Checking overlaps for volume rf_d_19DsWall:0 (G4Tubs) ... OK! 
Checking overlaps for volume rf_d_19UsWin1:0 (G4Tubs) ... OK! 
Checking overlaps for volume rf_d_19DsWin1:0 (G4Tubs) ... OK! 
Checking overlaps for volume rf_d_19UsWin2:0 (G4Tubs) ... OK! 
Checking overlaps for volume rf_d_19DsWin2:0 (G4Tubs) ... OK! 
Checking overlaps for volume rf_d_19DsHalf:0 (G4Tubs) ... OK! 
Checking overlaps for volume rf_d_19TimingVol:0 (G4Tubs) ... OK! 
Checking overlaps for volume rf_d_19:0 (G4Tubs) ... OK! 
BLCMDpillbox::construct rf_d_19 parent= relZ=35100.0 globZ=35100.0
	zmin=34989.9 zmax=35210.1
Checking overlaps for volume rf_e_19Pipe:0 (G4Tubs) ... OK! 
Checking overlaps for volume rf_e_19UsWall:0 (G4Tubs) ... OK! 
Checking overlaps for volume rf_e_19DsWall:0 (G4Tubs) ... OK! 
Checking overlaps for volume rf_e_19UsWin1:0 (G4Tubs) ... OK! 
Checking overlaps for volume rf_e_19DsWin1:0 (G4Tubs) ... OK! 
Checking overlaps for volume rf_e_19UsWin2:0 (G4Tubs) ... OK! 
Checking overlaps for volume rf_e_19DsWin2:0 (G4Tubs) ... OK! 
Checking overlaps for volume rf_e_19DsHalf:0 (G4Tubs) ... OK! 
Checking overlaps for volume rf_e_19TimingVol:0 (G4Tubs) ... OK! 
Checking overlaps for volume rf_e_19:0 (G4Tubs) ... OK! 
BLCMDpillbox::construct rf_e_19 parent= relZ=35320.2 globZ=35320.2
	zmin=35210.1 zmax=35430.2
Checking overlaps for volume rf_f_19Pipe:0 (G4Tubs) ... OK! 
Checking overlaps for volume rf_f_19UsWall:0 (G4Tubs) ... OK! 
Checking overlaps for volume rf_f_19DsWall:0 (G4Tubs) ... OK! 
Checking overlaps for volume rf_f_19UsWin1:0 (G4Tubs) ... OK! 
Checking overlaps for volume rf_f_19DsWin1:0 (G4Tubs) ... OK! 
Checking overlaps for volume rf_f_19UsWin2:0 (G4Tubs) ... OK! 
Checking overlaps for volume rf_f_19DsWin2:0 (G4Tubs) ... OK! 
Checking overlaps for volume rf_f_19DsHalf:0 (G4Tubs) ... OK! 
Checking overlaps for volume rf_f_19TimingVol:0 (G4Tubs) ... OK! 
Checking overlaps for volume rf_f_19:0 (G4Tubs) ... OK! 
BLCMDpillbox::construct rf_f_19 parent= relZ=35540.3 globZ=35540.3
	zmin=35430.2 zmax=35650.4
Checking overlaps for volume rf_b_20Pipe:0 (G4Tubs) ... OK! 
Checking overlaps for volume rf_b_20UsWall:0 (G4Tubs) ... OK! 
Checking overlaps for volume rf_b_20DsWall:0 (G4Tubs) ... OK! 
Checking overlaps for volume rf_b_20UsWin1:0 (G4Tubs) ... OK! 
Checking overlaps for volume rf_b_20DsWin1:0 (G4Tubs) ... OK! 
Checking overlaps for volume rf_b_20UsWin2:0 (G4Tubs) ... OK! 
Checking overlaps for volume rf_b_20DsWin2:0 (G4Tubs) ... OK! 
Checking overlaps for volume rf_b_20DsHalf:0 (G4Tubs) ... OK! 
Checking overlaps for volume rf_b_20TimingVol:0 (G4Tubs) ... OK! 
Checking overlaps for volume rf_b_20:0 (G4Tubs) ... OK! 
BLCMDpillbox::construct rf_b_20 parent= relZ=36459.7 globZ=36459.7
	zmin=36349.6 zmax=36569.8
Checking overlaps for volume rf_c_20Pipe:0 (G4Tubs) ... OK! 
Checking overlaps for volume rf_c_20UsWall:0 (G4Tubs) ... OK! 
Checking overlaps for volume rf_c_20DsWall:0 (G4Tubs) ... OK! 
Checking overlaps for volume rf_c_20UsWin1:0 (G4Tubs) ... OK! 
Checking overlaps for volume rf_c_20DsWin1:0 (G4Tubs) ... OK! 
Checking overlaps for volume rf_c_20UsWin2:0 (G4Tubs) ... OK! 
Checking overlaps for volume rf_c_20DsWin2:0 (G4Tubs) ... OK! 
Checking overlaps for volume rf_c_20DsHalf:0 (G4Tubs) ... OK! 
Checking overlaps for volume rf_c_20TimingVol:0 (G4Tubs) ... OK! 
Checking overlaps for volume rf_c_20:0 (G4Tubs) ... OK! 
BLCMDpillbox::construct rf_c_20 parent= relZ=36679.8 globZ=36679.8
	zmin=36569.8 zmax=36789.9
Checking overlaps for volume rf_d_20Pipe:0 (G4Tubs) ... OK! 
Checking overlaps for volume rf_d_20UsWall:0 (G4Tubs) ... OK! 
Checking overlaps for volume rf_d_20DsWall:0 (G4Tubs) ... OK! 
Checking overlaps for volume rf_d_20UsWin1:0 (G4Tubs) ... OK! 
Checking overlaps for volume rf_d_20DsWin1:0 (G4Tubs) ... OK! 
Checking overlaps for volume rf_d_20UsWin2:0 (G4Tubs) ... OK! 
Checking overlaps for volume rf_d_20DsWin2:0 (G4Tubs) ... OK! 
Checking overlaps for volume rf_d_20DsHalf:0 (G4Tubs) ... OK! 
Checking overlaps for volume rf_d_20TimingVol:0 (G4Tubs) ... OK! 
Checking overlaps for volume rf_d_20:0 (G4Tubs) ... OK! 
BLCMDpillbox::construct rf_d_20 parent= relZ=36900.0 globZ=36900.0
	zmin=36789.9 zmax=37010.1
Checking overlaps for volume rf_e_20Pipe:0 (G4Tubs) ... OK! 
Checking overlaps for volume rf_e_20UsWall:0 (G4Tubs) ... OK! 
Checking overlaps for volume rf_e_20DsWall:0 (G4Tubs) ... OK! 
Checking overlaps for volume rf_e_20UsWin1:0 (G4Tubs) ... OK! 
Checking overlaps for volume rf_e_20DsWin1:0 (G4Tubs) ... OK! 
Checking overlaps for volume rf_e_20UsWin2:0 (G4Tubs) ... OK! 
Checking overlaps for volume rf_e_20DsWin2:0 (G4Tubs) ... OK! 
Checking overlaps for volume rf_e_20DsHalf:0 (G4Tubs) ... OK! 
Checking overlaps for volume rf_e_20TimingVol:0 (G4Tubs) ... OK! 
Checking overlaps for volume rf_e_20:0 (G4Tubs) ... OK! 
BLCMDpillbox::construct rf_e_20 parent= relZ=37120.2 globZ=37120.2
	zmin=37010.1 zmax=37230.2
Checking overlaps for volume rf_f_20Pipe:0 (G4Tubs) ... OK! 
Checking overlaps for volume rf_f_20UsWall:0 (G4Tubs) ... OK! 
Checking overlaps for volume rf_f_20DsWall:0 (G4Tubs) ... OK! 
Checking overlaps for volume rf_f_20UsWin1:0 (G4Tubs) ... OK! 
Checking overlaps for volume rf_f_20DsWin1:0 (G4Tubs) ... OK! 
Checking overlaps for volume rf_f_20UsWin2:0 (G4Tubs) ... OK! 
Checking overlaps for volume rf_f_20DsWin2:0 (G4Tubs) ... OK! 
Checking overlaps for volume rf_f_20DsHalf:0 (G4Tubs) ... OK! 
Checking overlaps for volume rf_f_20TimingVol:0 (G4Tubs) ... OK! 
Checking overlaps for volume rf_f_20:0 (G4Tubs) ... OK! 
BLCMDpillbox::construct rf_f_20 parent= relZ=37340.3 globZ=37340.3
	zmin=37230.2 zmax=37450.4
Checking overlaps for volume rf_b_21Pipe:0 (G4Tubs) ... OK! 
Checking overlaps for volume rf_b_21UsWall:0 (G4Tubs) ... OK! 
Checking overlaps for volume rf_b_21DsWall:0 (G4Tubs) ... OK! 
Checking overlaps for volume rf_b_21UsWin1:0 (G4Tubs) ... OK! 
Checking overlaps for volume rf_b_21DsWin1:0 (G4Tubs) ... OK! 
Checking overlaps for volume rf_b_21UsWin2:0 (G4Tubs) ... OK! 
Checking overlaps for volume rf_b_21DsWin2:0 (G4Tubs) ... OK! 
Checking overlaps for volume rf_b_21DsHalf:0 (G4Tubs) ... OK! 
Checking overlaps for volume rf_b_21TimingVol:0 (G4Tubs) ... OK! 
Checking overlaps for volume rf_b_21:0 (G4Tubs) ... OK! 
BLCMDpillbox::construct rf_b_21 parent= relZ=38259.7 globZ=38259.7
	zmin=38149.6 zmax=38369.8
Checking overlaps for volume rf_c_21Pipe:0 (G4Tubs) ... OK! 
Checking overlaps for volume rf_c_21UsWall:0 (G4Tubs) ... OK! 
Checking overlaps for volume rf_c_21DsWall:0 (G4Tubs) ... OK! 
Checking overlaps for volume rf_c_21UsWin1:0 (G4Tubs) ... OK! 
Checking overlaps for volume rf_c_21DsWin1:0 (G4Tubs) ... OK! 
Checking overlaps for volume rf_c_21UsWin2:0 (G4Tubs) ... OK! 
Checking overlaps for volume rf_c_21DsWin2:0 (G4Tubs) ... OK! 
Checking overlaps for volume rf_c_21DsHalf:0 (G4Tubs) ... OK! 
Checking overlaps for volume rf_c_21TimingVol:0 (G4Tubs) ... OK! 
Checking overlaps for volume rf_c_21:0 (G4Tubs) ... OK! 
BLCMDpillbox::construct rf_c_21 parent= relZ=38479.8 globZ=38479.8
	zmin=38369.8 zmax=38589.9
Checking overlaps for volume rf_d_21Pipe:0 (G4Tubs) ... OK! 
Checking overlaps for volume rf_d_21UsWall:0 (G4Tubs) ... OK! 
Checking overlaps for volume rf_d_21DsWall:0 (G4Tubs) ... OK! 
Checking overlaps for volume rf_d_21UsWin1:0 (G4Tubs) ... OK! 
Checking overlaps for volume rf_d_21DsWin1:0 (G4Tubs) ... OK! 
Checking overlaps for volume rf_d_21UsWin2:0 (G4Tubs) ... OK! 
Checking overlaps for volume rf_d_21DsWin2:0 (G4Tubs) ... OK! 
Checking overlaps for volume rf_d_21DsHalf:0 (G4Tubs) ... OK! 
Checking overlaps for volume rf_d_21TimingVol:0 (G4Tubs) ... OK! 
Checking overlaps for volume rf_d_21:0 (G4Tubs) ... OK! 
BLCMDpillbox::construct rf_d_21 parent= relZ=38700.0 globZ=38700.0
	zmin=38589.9 zmax=38810.1
Checking overlaps for volume rf_e_21Pipe:0 (G4Tubs) ... OK! 
Checking overlaps for volume rf_e_21UsWall:0 (G4Tubs) ... OK! 
Checking overlaps for volume rf_e_21DsWall:0 (G4Tubs) ... OK! 
Checking overlaps for volume rf_e_21UsWin1:0 (G4Tubs) ... OK! 
Checking overlaps for volume rf_e_21DsWin1:0 (G4Tubs) ... OK! 
Checking overlaps for volume rf_e_21UsWin2:0 (G4Tubs) ... OK! 
Checking overlaps for volume rf_e_21DsWin2:0 (G4Tubs) ... OK! 
Checking overlaps for volume rf_e_21DsHalf:0 (G4Tubs) ... OK! 
Checking overlaps for volume rf_e_21TimingVol:0 (G4Tubs) ... OK! 
Checking overlaps for volume rf_e_21:0 (G4Tubs) ... OK! 
BLCMDpillbox::construct rf_e_21 parent= relZ=38920.2 globZ=38920.2
	zmin=38810.1 zmax=39030.2
Checking overlaps for volume rf_f_21Pipe:0 (G4Tubs) ... OK! 
Checking overlaps for volume rf_f_21UsWall:0 (G4Tubs) ... OK! 
Checking overlaps for volume rf_f_21DsWall:0 (G4Tubs) ... OK! 
Checking overlaps for volume rf_f_21UsWin1:0 (G4Tubs) ... OK! 
Checking overlaps for volume rf_f_21DsWin1:0 (G4Tubs) ... OK! 
Checking overlaps for volume rf_f_21UsWin2:0 (G4Tubs) ... OK! 
Checking overlaps for volume rf_f_21DsWin2:0 (G4Tubs) ... OK! 
Checking overlaps for volume rf_f_21DsHalf:0 (G4Tubs) ... OK! 
Checking overlaps for volume rf_f_21TimingVol:0 (G4Tubs) ... OK! 
Checking overlaps for volume rf_f_21:0 (G4Tubs) ... OK! 
BLCMDpillbox::construct rf_f_21 parent= relZ=39140.3 globZ=39140.3
	zmin=39030.2 zmax=39250.4
Checking overlaps for volume rf_b_22Pipe:0 (G4Tubs) ... OK! 
Checking overlaps for volume rf_b_22UsWall:0 (G4Tubs) ... OK! 
Checking overlaps for volume rf_b_22DsWall:0 (G4Tubs) ... OK! 
Checking overlaps for volume rf_b_22UsWin1:0 (G4Tubs) ... OK! 
Checking overlaps for volume rf_b_22DsWin1:0 (G4Tubs) ... OK! 
Checking overlaps for volume rf_b_22UsWin2:0 (G4Tubs) ... OK! 
Checking overlaps for volume rf_b_22DsWin2:0 (G4Tubs) ... OK! 
Checking overlaps for volume rf_b_22DsHalf:0 (G4Tubs) ... OK! 
Checking overlaps for volume rf_b_22TimingVol:0 (G4Tubs) ... OK! 
Checking overlaps for volume rf_b_22:0 (G4Tubs) ... OK! 
BLCMDpillbox::construct rf_b_22 parent= relZ=40059.7 globZ=40059.7
	zmin=39949.6 zmax=40169.8
Checking overlaps for volume rf_c_22Pipe:0 (G4Tubs) ... OK! 
Checking overlaps for volume rf_c_22UsWall:0 (G4Tubs) ... OK! 
Checking overlaps for volume rf_c_22DsWall:0 (G4Tubs) ... OK! 
Checking overlaps for volume rf_c_22UsWin1:0 (G4Tubs) ... OK! 
Checking overlaps for volume rf_c_22DsWin1:0 (G4Tubs) ... OK! 
Checking overlaps for volume rf_c_22UsWin2:0 (G4Tubs) ... OK! 
Checking overlaps for volume rf_c_22DsWin2:0 (G4Tubs) ... OK! 
Checking overlaps for volume rf_c_22DsHalf:0 (G4Tubs) ... OK! 
Checking overlaps for volume rf_c_22TimingVol:0 (G4Tubs) ... OK! 
Checking overlaps for volume rf_c_22:0 (G4Tubs) ... OK! 
BLCMDpillbox::construct rf_c_22 parent= relZ=40279.8 globZ=40279.8
	zmin=40169.8 zmax=40389.9
Checking overlaps for volume rf_d_22Pipe:0 (G4Tubs) ... OK! 
Checking overlaps for volume rf_d_22UsWall:0 (G4Tubs) ... OK! 
Checking overlaps for volume rf_d_22DsWall:0 (G4Tubs) ... OK! 
Checking overlaps for volume rf_d_22UsWin1:0 (G4Tubs) ... OK! 
Checking overlaps for volume rf_d_22DsWin1:0 (G4Tubs) ... OK! 
Checking overlaps for volume rf_d_22UsWin2:0 (G4Tubs) ... OK! 
Checking overlaps for volume rf_d_22DsWin2:0 (G4Tubs) ... OK! 
Checking overlaps for volume rf_d_22DsHalf:0 (G4Tubs) ... OK! 
Checking overlaps for volume rf_d_22TimingVol:0 (G4Tubs) ... OK! 
Checking overlaps for volume rf_d_22:0 (G4Tubs) ... OK! 
BLCMDpillbox::construct rf_d_22 parent= relZ=40500.0 globZ=40500.0
	zmin=40389.9 zmax=40610.1
Checking overlaps for volume rf_e_22Pipe:0 (G4Tubs) ... OK! 
Checking overlaps for volume rf_e_22UsWall:0 (G4Tubs) ... OK! 
Checking overlaps for volume rf_e_22DsWall:0 (G4Tubs) ... OK! 
Checking overlaps for volume rf_e_22UsWin1:0 (G4Tubs) ... OK! 
Checking overlaps for volume rf_e_22DsWin1:0 (G4Tubs) ... OK! 
Checking overlaps for volume rf_e_22UsWin2:0 (G4Tubs) ... OK! 
Checking overlaps for volume rf_e_22DsWin2:0 (G4Tubs) ... OK! 
Checking overlaps for volume rf_e_22DsHalf:0 (G4Tubs) ... OK! 
Checking overlaps for volume rf_e_22TimingVol:0 (G4Tubs) ... OK! 
Checking overlaps for volume rf_e_22:0 (G4Tubs) ... OK! 
BLCMDpillbox::construct rf_e_22 parent= relZ=40720.2 globZ=40720.2
	zmin=40610.1 zmax=40830.2
Checking overlaps for volume rf_f_22Pipe:0 (G4Tubs) ... OK! 
Checking overlaps for volume rf_f_22UsWall:0 (G4Tubs) ... OK! 
Checking overlaps for volume rf_f_22DsWall:0 (G4Tubs) ... OK! 
Checking overlaps for volume rf_f_22UsWin1:0 (G4Tubs) ... OK! 
Checking overlaps for volume rf_f_22DsWin1:0 (G4Tubs) ... OK! 
Checking overlaps for volume rf_f_22UsWin2:0 (G4Tubs) ... OK! 
Checking overlaps for volume rf_f_22DsWin2:0 (G4Tubs) ... OK! 
Checking overlaps for volume rf_f_22DsHalf:0 (G4Tubs) ... OK! 
Checking overlaps for volume rf_f_22TimingVol:0 (G4Tubs) ... OK! 
Checking overlaps for volume rf_f_22:0 (G4Tubs) ... OK! 
BLCMDpillbox::construct rf_f_22 parent= relZ=40940.3 globZ=40940.3
	zmin=40830.2 zmax=41050.4
Checking overlaps for volume rf_b_23Pipe:0 (G4Tubs) ... OK! 
Checking overlaps for volume rf_b_23UsWall:0 (G4Tubs) ... OK! 
Checking overlaps for volume rf_b_23DsWall:0 (G4Tubs) ... OK! 
Checking overlaps for volume rf_b_23UsWin1:0 (G4Tubs) ... OK! 
Checking overlaps for volume rf_b_23DsWin1:0 (G4Tubs) ... OK! 
Checking overlaps for volume rf_b_23UsWin2:0 (G4Tubs) ... OK! 
Checking overlaps for volume rf_b_23DsWin2:0 (G4Tubs) ... OK! 
Checking overlaps for volume rf_b_23DsHalf:0 (G4Tubs) ... OK! 
Checking overlaps for volume rf_b_23TimingVol:0 (G4Tubs) ... OK! 
Checking overlaps for volume rf_b_23:0 (G4Tubs) ... OK! 
BLCMDpillbox::construct rf_b_23 parent= relZ=41859.7 globZ=41859.7
	zmin=41749.6 zmax=41969.8
Checking overlaps for volume rf_c_23Pipe:0 (G4Tubs) ... OK! 
Checking overlaps for volume rf_c_23UsWall:0 (G4Tubs) ... OK! 
Checking overlaps for volume rf_c_23DsWall:0 (G4Tubs) ... OK! 
Checking overlaps for volume rf_c_23UsWin1:0 (G4Tubs) ... OK! 
Checking overlaps for volume rf_c_23DsWin1:0 (G4Tubs) ... OK! 
Checking overlaps for volume rf_c_23UsWin2:0 (G4Tubs) ... OK! 
Checking overlaps for volume rf_c_23DsWin2:0 (G4Tubs) ... OK! 
Checking overlaps for volume rf_c_23DsHalf:0 (G4Tubs) ... OK! 
Checking overlaps for volume rf_c_23TimingVol:0 (G4Tubs) ... OK! 
Checking overlaps for volume rf_c_23:0 (G4Tubs) ... OK! 
BLCMDpillbox::construct rf_c_23 parent= relZ=42079.8 globZ=42079.8
	zmin=41969.8 zmax=42189.9
Checking overlaps for volume rf_d_23Pipe:0 (G4Tubs) ... OK! 
Checking overlaps for volume rf_d_23UsWall:0 (G4Tubs) ... OK! 
Checking overlaps for volume rf_d_23DsWall:0 (G4Tubs) ... OK! 
Checking overlaps for volume rf_d_23UsWin1:0 (G4Tubs) ... OK! 
Checking overlaps for volume rf_d_23DsWin1:0 (G4Tubs) ... OK! 
Checking overlaps for volume rf_d_23UsWin2:0 (G4Tubs) ... OK! 
Checking overlaps for volume rf_d_23DsWin2:0 (G4Tubs) ... OK! 
Checking overlaps for volume rf_d_23DsHalf:0 (G4Tubs) ... OK! 
Checking overlaps for volume rf_d_23TimingVol:0 (G4Tubs) ... OK! 
Checking overlaps for volume rf_d_23:0 (G4Tubs) ... OK! 
BLCMDpillbox::construct rf_d_23 parent= relZ=42300.0 globZ=42300.0
	zmin=42189.9 zmax=42410.1
Checking overlaps for volume rf_e_23Pipe:0 (G4Tubs) ... OK! 
Checking overlaps for volume rf_e_23UsWall:0 (G4Tubs) ... OK! 
Checking overlaps for volume rf_e_23DsWall:0 (G4Tubs) ... OK! 
Checking overlaps for volume rf_e_23UsWin1:0 (G4Tubs) ... OK! 
Checking overlaps for volume rf_e_23DsWin1:0 (G4Tubs) ... OK! 
Checking overlaps for volume rf_e_23UsWin2:0 (G4Tubs) ... OK! 
Checking overlaps for volume rf_e_23DsWin2:0 (G4Tubs) ... OK! 
Checking overlaps for volume rf_e_23DsHalf:0 (G4Tubs) ... OK! 
Checking overlaps for volume rf_e_23TimingVol:0 (G4Tubs) ... OK! 
Checking overlaps for volume rf_e_23:0 (G4Tubs) ... OK! 
BLCMDpillbox::construct rf_e_23 parent= relZ=42520.2 globZ=42520.2
	zmin=42410.1 zmax=42630.2
Checking overlaps for volume rf_f_23Pipe:0 (G4Tubs) ... OK! 
Checking overlaps for volume rf_f_23UsWall:0 (G4Tubs) ... OK! 
Checking overlaps for volume rf_f_23DsWall:0 (G4Tubs) ... OK! 
Checking overlaps for volume rf_f_23UsWin1:0 (G4Tubs) ... OK! 
Checking overlaps for volume rf_f_23DsWin1:0 (G4Tubs) ... OK! 
Checking overlaps for volume rf_f_23UsWin2:0 (G4Tubs) ... OK! 
Checking overlaps for volume rf_f_23DsWin2:0 (G4Tubs) ... OK! 
Checking overlaps for volume rf_f_23DsHalf:0 (G4Tubs) ... OK! 
Checking overlaps for volume rf_f_23TimingVol:0 (G4Tubs) ... OK! 
Checking overlaps for volume rf_f_23:0 (G4Tubs) ... OK! 
BLCMDpillbox::construct rf_f_23 parent= relZ=42740.3 globZ=42740.3
	zmin=42630.2 zmax=42850.4
Checking overlaps for volume rf_b_24Pipe:0 (G4Tubs) ... OK! 
Checking overlaps for volume rf_b_24UsWall:0 (G4Tubs) ... OK! 
Checking overlaps for volume rf_b_24DsWall:0 (G4Tubs) ... OK! 
Checking overlaps for volume rf_b_24UsWin1:0 (G4Tubs) ... OK! 
Checking overlaps for volume rf_b_24DsWin1:0 (G4Tubs) ... OK! 
Checking overlaps for volume rf_b_24UsWin2:0 (G4Tubs) ... OK! 
Checking overlaps for volume rf_b_24DsWin2:0 (G4Tubs) ... OK! 
Checking overlaps for volume rf_b_24DsHalf:0 (G4Tubs) ... OK! 
Checking overlaps for volume rf_b_24TimingVol:0 (G4Tubs) ... OK! 
Checking overlaps for volume rf_b_24:0 (G4Tubs) ... OK! 
BLCMDpillbox::construct rf_b_24 parent= relZ=43659.7 globZ=43659.7
	zmin=43549.6 zmax=43769.8
Checking overlaps for volume rf_c_24Pipe:0 (G4Tubs) ... OK! 
Checking overlaps for volume rf_c_24UsWall:0 (G4Tubs) ... OK! 
Checking overlaps for volume rf_c_24DsWall:0 (G4Tubs) ... OK! 
Checking overlaps for volume rf_c_24UsWin1:0 (G4Tubs) ... OK! 
Checking overlaps for volume rf_c_24DsWin1:0 (G4Tubs) ... OK! 
Checking overlaps for volume rf_c_24UsWin2:0 (G4Tubs) ... OK! 
Checking overlaps for volume rf_c_24DsWin2:0 (G4Tubs) ... OK! 
Checking overlaps for volume rf_c_24DsHalf:0 (G4Tubs) ... OK! 
Checking overlaps for volume rf_c_24TimingVol:0 (G4Tubs) ... OK! 
Checking overlaps for volume rf_c_24:0 (G4Tubs) ... OK! 
BLCMDpillbox::construct rf_c_24 parent= relZ=43879.8 globZ=43879.8
	zmin=43769.8 zmax=43989.9
Checking overlaps for volume rf_d_24Pipe:0 (G4Tubs) ... OK! 
Checking overlaps for volume rf_d_24UsWall:0 (G4Tubs) ... OK! 
Checking overlaps for volume rf_d_24DsWall:0 (G4Tubs) ... OK! 
Checking overlaps for volume rf_d_24UsWin1:0 (G4Tubs) ... OK! 
Checking overlaps for volume rf_d_24DsWin1:0 (G4Tubs) ... OK! 
Checking overlaps for volume rf_d_24UsWin2:0 (G4Tubs) ... OK! 
Checking overlaps for volume rf_d_24DsWin2:0 (G4Tubs) ... OK! 
Checking overlaps for volume rf_d_24DsHalf:0 (G4Tubs) ... OK! 
Checking overlaps for volume rf_d_24TimingVol:0 (G4Tubs) ... OK! 
Checking overlaps for volume rf_d_24:0 (G4Tubs) ... OK! 
BLCMDpillbox::construct rf_d_24 parent= relZ=44100.0 globZ=44100.0
	zmin=43989.9 zmax=44210.1
Checking overlaps for volume rf_e_24Pipe:0 (G4Tubs) ... OK! 
Checking overlaps for volume rf_e_24UsWall:0 (G4Tubs) ... OK! 
Checking overlaps for volume rf_e_24DsWall:0 (G4Tubs) ... OK! 
Checking overlaps for volume rf_e_24UsWin1:0 (G4Tubs) ... OK! 
Checking overlaps for volume rf_e_24DsWin1:0 (G4Tubs) ... OK! 
Checking overlaps for volume rf_e_24UsWin2:0 (G4Tubs) ... OK! 
Checking overlaps for volume rf_e_24DsWin2:0 (G4Tubs) ... OK! 
Checking overlaps for volume rf_e_24DsHalf:0 (G4Tubs) ... OK! 
Checking overlaps for volume rf_e_24TimingVol:0 (G4Tubs) ... OK! 
Checking overlaps for volume rf_e_24:0 (G4Tubs) ... OK! 
BLCMDpillbox::construct rf_e_24 parent= relZ=44320.2 globZ=44320.2
	zmin=44210.1 zmax=44430.2
Checking overlaps for volume rf_f_24Pipe:0 (G4Tubs) ... OK! 
Checking overlaps for volume rf_f_24UsWall:0 (G4Tubs) ... OK! 
Checking overlaps for volume rf_f_24DsWall:0 (G4Tubs) ... OK! 
Checking overlaps for volume rf_f_24UsWin1:0 (G4Tubs) ... OK! 
Checking overlaps for volume rf_f_24DsWin1:0 (G4Tubs) ... OK! 
Checking overlaps for volume rf_f_24UsWin2:0 (G4Tubs) ... OK! 
Checking overlaps for volume rf_f_24DsWin2:0 (G4Tubs) ... OK! 
Checking overlaps for volume rf_f_24DsHalf:0 (G4Tubs) ... OK! 
Checking overlaps for volume rf_f_24TimingVol:0 (G4Tubs) ... OK! 
Checking overlaps for volume rf_f_24:0 (G4Tubs) ... OK! 
BLCMDpillbox::construct rf_f_24 parent= relZ=44540.3 globZ=44540.3
	zmin=44430.2 zmax=44650.4
Checking overlaps for volume rf_b_25Pipe:0 (G4Tubs) ... OK! 
Checking overlaps for volume rf_b_25UsWall:0 (G4Tubs) ... OK! 
Checking overlaps for volume rf_b_25DsWall:0 (G4Tubs) ... OK! 
Checking overlaps for volume rf_b_25UsWin1:0 (G4Tubs) ... OK! 
Checking overlaps for volume rf_b_25DsWin1:0 (G4Tubs) ... OK! 
Checking overlaps for volume rf_b_25UsWin2:0 (G4Tubs) ... OK! 
Checking overlaps for volume rf_b_25DsWin2:0 (G4Tubs) ... OK! 
Checking overlaps for volume rf_b_25DsHalf:0 (G4Tubs) ... OK! 
Checking overlaps for volume rf_b_25TimingVol:0 (G4Tubs) ... OK! 
Checking overlaps for volume rf_b_25:0 (G4Tubs) ... OK! 
BLCMDpillbox::construct rf_b_25 parent= relZ=45459.7 globZ=45459.7
	zmin=45349.6 zmax=45569.8
Checking overlaps for volume rf_c_25Pipe:0 (G4Tubs) ... OK! 
Checking overlaps for volume rf_c_25UsWall:0 (G4Tubs) ... OK! 
Checking overlaps for volume rf_c_25DsWall:0 (G4Tubs) ... OK! 
Checking overlaps for volume rf_c_25UsWin1:0 (G4Tubs) ... OK! 
Checking overlaps for volume rf_c_25DsWin1:0 (G4Tubs) ... OK! 
Checking overlaps for volume rf_c_25UsWin2:0 (G4Tubs) ... OK! 
Checking overlaps for volume rf_c_25DsWin2:0 (G4Tubs) ... OK! 
Checking overlaps for volume rf_c_25DsHalf:0 (G4Tubs) ... OK! 
Checking overlaps for volume rf_c_25TimingVol:0 (G4Tubs) ... OK! 
Checking overlaps for volume rf_c_25:0 (G4Tubs) ... OK! 
BLCMDpillbox::construct rf_c_25 parent= relZ=45679.8 globZ=45679.8
	zmin=45569.8 zmax=45789.9
Checking overlaps for volume rf_d_25Pipe:0 (G4Tubs) ... OK! 
Checking overlaps for volume rf_d_25UsWall:0 (G4Tubs) ... OK! 
Checking overlaps for volume rf_d_25DsWall:0 (G4Tubs) ... OK! 
Checking overlaps for volume rf_d_25UsWin1:0 (G4Tubs) ... OK! 
Checking overlaps for volume rf_d_25DsWin1:0 (G4Tubs) ... OK! 
Checking overlaps for volume rf_d_25UsWin2:0 (G4Tubs) ... OK! 
Checking overlaps for volume rf_d_25DsWin2:0 (G4Tubs) ... OK! 
Checking overlaps for volume rf_d_25DsHalf:0 (G4Tubs) ... OK! 
Checking overlaps for volume rf_d_25TimingVol:0 (G4Tubs) ... OK! 
Checking overlaps for volume rf_d_25:0 (G4Tubs) ... OK! 
BLCMDpillbox::construct rf_d_25 parent= relZ=45900.0 globZ=45900.0
	zmin=45789.9 zmax=46010.1
Checking overlaps for volume rf_e_25Pipe:0 (G4Tubs) ... OK! 
Checking overlaps for volume rf_e_25UsWall:0 (G4Tubs) ... OK! 
Checking overlaps for volume rf_e_25DsWall:0 (G4Tubs) ... OK! 
Checking overlaps for volume rf_e_25UsWin1:0 (G4Tubs) ... OK! 
Checking overlaps for volume rf_e_25DsWin1:0 (G4Tubs) ... OK! 
Checking overlaps for volume rf_e_25UsWin2:0 (G4Tubs) ... OK! 
Checking overlaps for volume rf_e_25DsWin2:0 (G4Tubs) ... OK! 
Checking overlaps for volume rf_e_25DsHalf:0 (G4Tubs) ... OK! 
Checking overlaps for volume rf_e_25TimingVol:0 (G4Tubs) ... OK! 
Checking overlaps for volume rf_e_25:0 (G4Tubs) ... OK! 
BLCMDpillbox::construct rf_e_25 parent= relZ=46120.2 globZ=46120.2
	zmin=46010.1 zmax=46230.2
Checking overlaps for volume rf_f_25Pipe:0 (G4Tubs) ... OK! 
Checking overlaps for volume rf_f_25UsWall:0 (G4Tubs) ... OK! 
Checking overlaps for volume rf_f_25DsWall:0 (G4Tubs) ... OK! 
Checking overlaps for volume rf_f_25UsWin1:0 (G4Tubs) ... OK! 
Checking overlaps for volume rf_f_25DsWin1:0 (G4Tubs) ... OK! 
Checking overlaps for volume rf_f_25UsWin2:0 (G4Tubs) ... OK! 
Checking overlaps for volume rf_f_25DsWin2:0 (G4Tubs) ... OK! 
Checking overlaps for volume rf_f_25DsHalf:0 (G4Tubs) ... OK! 
Checking overlaps for volume rf_f_25TimingVol:0 (G4Tubs) ... OK! 
Checking overlaps for volume rf_f_25:0 (G4Tubs) ... OK! 
BLCMDpillbox::construct rf_f_25 parent= relZ=46340.3 globZ=46340.3
	zmin=46230.2 zmax=46450.4
Checking overlaps for volume rf_b_26Pipe:0 (G4Tubs) ... OK! 
Checking overlaps for volume rf_b_26UsWall:0 (G4Tubs) ... OK! 
Checking overlaps for volume rf_b_26DsWall:0 (G4Tubs) ... OK! 
Checking overlaps for volume rf_b_26UsWin1:0 (G4Tubs) ... OK! 
Checking overlaps for volume rf_b_26DsWin1:0 (G4Tubs) ... OK! 
Checking overlaps for volume rf_b_26UsWin2:0 (G4Tubs) ... OK! 
Checking overlaps for volume rf_b_26DsWin2:0 (G4Tubs) ... OK! 
Checking overlaps for volume rf_b_26DsHalf:0 (G4Tubs) ... OK! 
Checking overlaps for volume rf_b_26TimingVol:0 (G4Tubs) ... OK! 
Checking overlaps for volume rf_b_26:0 (G4Tubs) ... OK! 
BLCMDpillbox::construct rf_b_26 parent= relZ=47259.7 globZ=47259.7
	zmin=47149.6 zmax=47369.8
Checking overlaps for volume rf_c_26Pipe:0 (G4Tubs) ... OK! 
Checking overlaps for volume rf_c_26UsWall:0 (G4Tubs) ... OK! 
Checking overlaps for volume rf_c_26DsWall:0 (G4Tubs) ... OK! 
Checking overlaps for volume rf_c_26UsWin1:0 (G4Tubs) ... OK! 
Checking overlaps for volume rf_c_26DsWin1:0 (G4Tubs) ... OK! 
Checking overlaps for volume rf_c_26UsWin2:0 (G4Tubs) ... OK! 
Checking overlaps for volume rf_c_26DsWin2:0 (G4Tubs) ... OK! 
Checking overlaps for volume rf_c_26DsHalf:0 (G4Tubs) ... OK! 
Checking overlaps for volume rf_c_26TimingVol:0 (G4Tubs) ... OK! 
Checking overlaps for volume rf_c_26:0 (G4Tubs) ... OK! 
BLCMDpillbox::construct rf_c_26 parent= relZ=47479.8 globZ=47479.8
	zmin=47369.8 zmax=47589.9
Checking overlaps for volume rf_d_26Pipe:0 (G4Tubs) ... OK! 
Checking overlaps for volume rf_d_26UsWall:0 (G4Tubs) ... OK! 
Checking overlaps for volume rf_d_26DsWall:0 (G4Tubs) ... OK! 
Checking overlaps for volume rf_d_26UsWin1:0 (G4Tubs) ... OK! 
Checking overlaps for volume rf_d_26DsWin1:0 (G4Tubs) ... OK! 
Checking overlaps for volume rf_d_26UsWin2:0 (G4Tubs) ... OK! 
Checking overlaps for volume rf_d_26DsWin2:0 (G4Tubs) ... OK! 
Checking overlaps for volume rf_d_26DsHalf:0 (G4Tubs) ... OK! 
Checking overlaps for volume rf_d_26TimingVol:0 (G4Tubs) ... OK! 
Checking overlaps for volume rf_d_26:0 (G4Tubs) ... OK! 
BLCMDpillbox::construct rf_d_26 parent= relZ=47700.0 globZ=47700.0
	zmin=47589.9 zmax=47810.1
Checking overlaps for volume rf_e_26Pipe:0 (G4Tubs) ... OK! 
Checking overlaps for volume rf_e_26UsWall:0 (G4Tubs) ... OK! 
Checking overlaps for volume rf_e_26DsWall:0 (G4Tubs) ... OK! 
Checking overlaps for volume rf_e_26UsWin1:0 (G4Tubs) ... OK! 
Checking overlaps for volume rf_e_26DsWin1:0 (G4Tubs) ... OK! 
Checking overlaps for volume rf_e_26UsWin2:0 (G4Tubs) ... OK! 
Checking overlaps for volume rf_e_26DsWin2:0 (G4Tubs) ... OK! 
Checking overlaps for volume rf_e_26DsHalf:0 (G4Tubs) ... OK! 
Checking overlaps for volume rf_e_26TimingVol:0 (G4Tubs) ... OK! 
Checking overlaps for volume rf_e_26:0 (G4Tubs) ... OK! 
BLCMDpillbox::construct rf_e_26 parent= relZ=47920.2 globZ=47920.2
	zmin=47810.1 zmax=48030.2
Checking overlaps for volume rf_f_26Pipe:0 (G4Tubs) ... OK! 
Checking overlaps for volume rf_f_26UsWall:0 (G4Tubs) ... OK! 
Checking overlaps for volume rf_f_26DsWall:0 (G4Tubs) ... OK! 
Checking overlaps for volume rf_f_26UsWin1:0 (G4Tubs) ... OK! 
Checking overlaps for volume rf_f_26DsWin1:0 (G4Tubs) ... OK! 
Checking overlaps for volume rf_f_26UsWin2:0 (G4Tubs) ... OK! 
Checking overlaps for volume rf_f_26DsWin2:0 (G4Tubs) ... OK! 
Checking overlaps for volume rf_f_26DsHalf:0 (G4Tubs) ... OK! 
Checking overlaps for volume rf_f_26TimingVol:0 (G4Tubs) ... OK! 
Checking overlaps for volume rf_f_26:0 (G4Tubs) ... OK! 
BLCMDpillbox::construct rf_f_26 parent= relZ=48140.3 globZ=48140.3
	zmin=48030.2 zmax=48250.4
Checking overlaps for volume rf_b_27Pipe:0 (G4Tubs) ... OK! 
Checking overlaps for volume rf_b_27UsWall:0 (G4Tubs) ... OK! 
Checking overlaps for volume rf_b_27DsWall:0 (G4Tubs) ... OK! 
Checking overlaps for volume rf_b_27UsWin1:0 (G4Tubs) ... OK! 
Checking overlaps for volume rf_b_27DsWin1:0 (G4Tubs) ... OK! 
Checking overlaps for volume rf_b_27UsWin2:0 (G4Tubs) ... OK! 
Checking overlaps for volume rf_b_27DsWin2:0 (G4Tubs) ... OK! 
Checking overlaps for volume rf_b_27DsHalf:0 (G4Tubs) ... OK! 
Checking overlaps for volume rf_b_27TimingVol:0 (G4Tubs) ... OK! 
Checking overlaps for volume rf_b_27:0 (G4Tubs) ... OK! 
BLCMDpillbox::construct rf_b_27 parent= relZ=49059.7 globZ=49059.7
	zmin=48949.6 zmax=49169.8
Checking overlaps for volume rf_c_27Pipe:0 (G4Tubs) ... OK! 
Checking overlaps for volume rf_c_27UsWall:0 (G4Tubs) ... OK! 
Checking overlaps for volume rf_c_27DsWall:0 (G4Tubs) ... OK! 
Checking overlaps for volume rf_c_27UsWin1:0 (G4Tubs) ... OK! 
Checking overlaps for volume rf_c_27DsWin1:0 (G4Tubs) ... OK! 
Checking overlaps for volume rf_c_27UsWin2:0 (G4Tubs) ... OK! 
Checking overlaps for volume rf_c_27DsWin2:0 (G4Tubs) ... OK! 
Checking overlaps for volume rf_c_27DsHalf:0 (G4Tubs) ... OK! 
Checking overlaps for volume rf_c_27TimingVol:0 (G4Tubs) ... OK! 
Checking overlaps for volume rf_c_27:0 (G4Tubs) ... OK! 
BLCMDpillbox::construct rf_c_27 parent= relZ=49279.8 globZ=49279.8
	zmin=49169.8 zmax=49389.9
Checking overlaps for volume rf_d_27Pipe:0 (G4Tubs) ... OK! 
Checking overlaps for volume rf_d_27UsWall:0 (G4Tubs) ... OK! 
Checking overlaps for volume rf_d_27DsWall:0 (G4Tubs) ... OK! 
Checking overlaps for volume rf_d_27UsWin1:0 (G4Tubs) ... OK! 
Checking overlaps for volume rf_d_27DsWin1:0 (G4Tubs) ... OK! 
Checking overlaps for volume rf_d_27UsWin2:0 (G4Tubs) ... OK! 
Checking overlaps for volume rf_d_27DsWin2:0 (G4Tubs) ... OK! 
Checking overlaps for volume rf_d_27DsHalf:0 (G4Tubs) ... OK! 
Checking overlaps for volume rf_d_27TimingVol:0 (G4Tubs) ... OK! 
Checking overlaps for volume rf_d_27:0 (G4Tubs) ... OK! 
BLCMDpillbox::construct rf_d_27 parent= relZ=49500.0 globZ=49500.0
	zmin=49389.9 zmax=49610.1
Checking overlaps for volume rf_e_27Pipe:0 (G4Tubs) ... OK! 
Checking overlaps for volume rf_e_27UsWall:0 (G4Tubs) ... OK! 
Checking overlaps for volume rf_e_27DsWall:0 (G4Tubs) ... OK! 
Checking overlaps for volume rf_e_27UsWin1:0 (G4Tubs) ... OK! 
Checking overlaps for volume rf_e_27DsWin1:0 (G4Tubs) ... OK! 
Checking overlaps for volume rf_e_27UsWin2:0 (G4Tubs) ... OK! 
Checking overlaps for volume rf_e_27DsWin2:0 (G4Tubs) ... OK! 
Checking overlaps for volume rf_e_27DsHalf:0 (G4Tubs) ... OK! 
Checking overlaps for volume rf_e_27TimingVol:0 (G4Tubs) ... OK! 
Checking overlaps for volume rf_e_27:0 (G4Tubs) ... OK! 
BLCMDpillbox::construct rf_e_27 parent= relZ=49720.2 globZ=49720.2
	zmin=49610.1 zmax=49830.2
Checking overlaps for volume rf_f_27Pipe:0 (G4Tubs) ... OK! 
Checking overlaps for volume rf_f_27UsWall:0 (G4Tubs) ... OK! 
Checking overlaps for volume rf_f_27DsWall:0 (G4Tubs) ... OK! 
Checking overlaps for volume rf_f_27UsWin1:0 (G4Tubs) ... OK! 
Checking overlaps for volume rf_f_27DsWin1:0 (G4Tubs) ... OK! 
Checking overlaps for volume rf_f_27UsWin2:0 (G4Tubs) ... OK! 
Checking overlaps for volume rf_f_27DsWin2:0 (G4Tubs) ... OK! 
Checking overlaps for volume rf_f_27DsHalf:0 (G4Tubs) ... OK! 
Checking overlaps for volume rf_f_27TimingVol:0 (G4Tubs) ... OK! 
Checking overlaps for volume rf_f_27:0 (G4Tubs) ... OK! 
BLCMDpillbox::construct rf_f_27 parent= relZ=49940.3 globZ=49940.3
	zmin=49830.2 zmax=50050.4
Checking overlaps for volume rf_b_28Pipe:0 (G4Tubs) ... OK! 
Checking overlaps for volume rf_b_28UsWall:0 (G4Tubs) ... OK! 
Checking overlaps for volume rf_b_28DsWall:0 (G4Tubs) ... OK! 
Checking overlaps for volume rf_b_28UsWin1:0 (G4Tubs) ... OK! 
Checking overlaps for volume rf_b_28DsWin1:0 (G4Tubs) ... OK! 
Checking overlaps for volume rf_b_28UsWin2:0 (G4Tubs) ... OK! 
Checking overlaps for volume rf_b_28DsWin2:0 (G4Tubs) ... OK! 
Checking overlaps for volume rf_b_28DsHalf:0 (G4Tubs) ... OK! 
Checking overlaps for volume rf_b_28TimingVol:0 (G4Tubs) ... OK! 
Checking overlaps for volume rf_b_28:0 (G4Tubs) ... OK! 
BLCMDpillbox::construct rf_b_28 parent= relZ=50859.7 globZ=50859.7
	zmin=50749.6 zmax=50969.8
Checking overlaps for volume rf_c_28Pipe:0 (G4Tubs) ... OK! 
Checking overlaps for volume rf_c_28UsWall:0 (G4Tubs) ... OK! 
Checking overlaps for volume rf_c_28DsWall:0 (G4Tubs) ... OK! 
Checking overlaps for volume rf_c_28UsWin1:0 (G4Tubs) ... OK! 
Checking overlaps for volume rf_c_28DsWin1:0 (G4Tubs) ... OK! 
Checking overlaps for volume rf_c_28UsWin2:0 (G4Tubs) ... OK! 
Checking overlaps for volume rf_c_28DsWin2:0 (G4Tubs) ... OK! 
Checking overlaps for volume rf_c_28DsHalf:0 (G4Tubs) ... OK! 
Checking overlaps for volume rf_c_28TimingVol:0 (G4Tubs) ... OK! 
Checking overlaps for volume rf_c_28:0 (G4Tubs) ... OK! 
BLCMDpillbox::construct rf_c_28 parent= relZ=51079.8 globZ=51079.8
	zmin=50969.8 zmax=51189.9
Checking overlaps for volume rf_d_28Pipe:0 (G4Tubs) ... OK! 
Checking overlaps for volume rf_d_28UsWall:0 (G4Tubs) ... OK! 
Checking overlaps for volume rf_d_28DsWall:0 (G4Tubs) ... OK! 
Checking overlaps for volume rf_d_28UsWin1:0 (G4Tubs) ... OK! 
Checking overlaps for volume rf_d_28DsWin1:0 (G4Tubs) ... OK! 
Checking overlaps for volume rf_d_28UsWin2:0 (G4Tubs) ... OK! 
Checking overlaps for volume rf_d_28DsWin2:0 (G4Tubs) ... OK! 
Checking overlaps for volume rf_d_28DsHalf:0 (G4Tubs) ... OK! 
Checking overlaps for volume rf_d_28TimingVol:0 (G4Tubs) ... OK! 
Checking overlaps for volume rf_d_28:0 (G4Tubs) ... OK! 
BLCMDpillbox::construct rf_d_28 parent= relZ=51300.0 globZ=51300.0
	zmin=51189.9 zmax=51410.1
Checking overlaps for volume rf_e_28Pipe:0 (G4Tubs) ... OK! 
Checking overlaps for volume rf_e_28UsWall:0 (G4Tubs) ... OK! 
Checking overlaps for volume rf_e_28DsWall:0 (G4Tubs) ... OK! 
Checking overlaps for volume rf_e_28UsWin1:0 (G4Tubs) ... OK! 
Checking overlaps for volume rf_e_28DsWin1:0 (G4Tubs) ... OK! 
Checking overlaps for volume rf_e_28UsWin2:0 (G4Tubs) ... OK! 
Checking overlaps for volume rf_e_28DsWin2:0 (G4Tubs) ... OK! 
Checking overlaps for volume rf_e_28DsHalf:0 (G4Tubs) ... OK! 
Checking overlaps for volume rf_e_28TimingVol:0 (G4Tubs) ... OK! 
Checking overlaps for volume rf_e_28:0 (G4Tubs) ... OK! 
BLCMDpillbox::construct rf_e_28 parent= relZ=51520.2 globZ=51520.2
	zmin=51410.1 zmax=51630.2
Checking overlaps for volume rf_f_28Pipe:0 (G4Tubs) ... OK! 
Checking overlaps for volume rf_f_28UsWall:0 (G4Tubs) ... OK! 
Checking overlaps for volume rf_f_28DsWall:0 (G4Tubs) ... OK! 
Checking overlaps for volume rf_f_28UsWin1:0 (G4Tubs) ... OK! 
Checking overlaps for volume rf_f_28DsWin1:0 (G4Tubs) ... OK! 
Checking overlaps for volume rf_f_28UsWin2:0 (G4Tubs) ... OK! 
Checking overlaps for volume rf_f_28DsWin2:0 (G4Tubs) ... OK! 
Checking overlaps for volume rf_f_28DsHalf:0 (G4Tubs) ... OK! 
Checking overlaps for volume rf_f_28TimingVol:0 (G4Tubs) ... OK! 
Checking overlaps for volume rf_f_28:0 (G4Tubs) ... OK! 
BLCMDpillbox::construct rf_f_28 parent= relZ=51740.3 globZ=51740.3
	zmin=51630.2 zmax=51850.4
Checking overlaps for volume rf_b_29Pipe:0 (G4Tubs) ... OK! 
Checking overlaps for volume rf_b_29UsWall:0 (G4Tubs) ... OK! 
Checking overlaps for volume rf_b_29DsWall:0 (G4Tubs) ... OK! 
Checking overlaps for volume rf_b_29UsWin1:0 (G4Tubs) ... OK! 
Checking overlaps for volume rf_b_29DsWin1:0 (G4Tubs) ... OK! 
Checking overlaps for volume rf_b_29UsWin2:0 (G4Tubs) ... OK! 
Checking overlaps for volume rf_b_29DsWin2:0 (G4Tubs) ... OK! 
Checking overlaps for volume rf_b_29DsHalf:0 (G4Tubs) ... OK! 
Checking overlaps for volume rf_b_29TimingVol:0 (G4Tubs) ... OK! 
Checking overlaps for volume rf_b_29:0 (G4Tubs) ... OK! 
BLCMDpillbox::construct rf_b_29 parent= relZ=52659.7 globZ=52659.7
	zmin=52549.6 zmax=52769.8
Checking overlaps for volume rf_c_29Pipe:0 (G4Tubs) ... OK! 
Checking overlaps for volume rf_c_29UsWall:0 (G4Tubs) ... OK! 
Checking overlaps for volume rf_c_29DsWall:0 (G4Tubs) ... OK! 
Checking overlaps for volume rf_c_29UsWin1:0 (G4Tubs) ... OK! 
Checking overlaps for volume rf_c_29DsWin1:0 (G4Tubs) ... OK! 
Checking overlaps for volume rf_c_29UsWin2:0 (G4Tubs) ... OK! 
Checking overlaps for volume rf_c_29DsWin2:0 (G4Tubs) ... OK! 
Checking overlaps for volume rf_c_29DsHalf:0 (G4Tubs) ... OK! 
Checking overlaps for volume rf_c_29TimingVol:0 (G4Tubs) ... OK! 
Checking overlaps for volume rf_c_29:0 (G4Tubs) ... OK! 
BLCMDpillbox::construct rf_c_29 parent= relZ=52879.8 globZ=52879.8
	zmin=52769.8 zmax=52989.9
Checking overlaps for volume rf_d_29Pipe:0 (G4Tubs) ... OK! 
Checking overlaps for volume rf_d_29UsWall:0 (G4Tubs) ... OK! 
Checking overlaps for volume rf_d_29DsWall:0 (G4Tubs) ... OK! 
Checking overlaps for volume rf_d_29UsWin1:0 (G4Tubs) ... OK! 
Checking overlaps for volume rf_d_29DsWin1:0 (G4Tubs) ... OK! 
Checking overlaps for volume rf_d_29UsWin2:0 (G4Tubs) ... OK! 
Checking overlaps for volume rf_d_29DsWin2:0 (G4Tubs) ... OK! 
Checking overlaps for volume rf_d_29DsHalf:0 (G4Tubs) ... OK! 
Checking overlaps for volume rf_d_29TimingVol:0 (G4Tubs) ... OK! 
Checking overlaps for volume rf_d_29:0 (G4Tubs) ... OK! 
BLCMDpillbox::construct rf_d_29 parent= relZ=53100.0 globZ=53100.0
	zmin=52989.9 zmax=53210.1
Checking overlaps for volume rf_e_29Pipe:0 (G4Tubs) ... OK! 
Checking overlaps for volume rf_e_29UsWall:0 (G4Tubs) ... OK! 
Checking overlaps for volume rf_e_29DsWall:0 (G4Tubs) ... OK! 
Checking overlaps for volume rf_e_29UsWin1:0 (G4Tubs) ... OK! 
Checking overlaps for volume rf_e_29DsWin1:0 (G4Tubs) ... OK! 
Checking overlaps for volume rf_e_29UsWin2:0 (G4Tubs) ... OK! 
Checking overlaps for volume rf_e_29DsWin2:0 (G4Tubs) ... OK! 
Checking overlaps for volume rf_e_29DsHalf:0 (G4Tubs) ... OK! 
Checking overlaps for volume rf_e_29TimingVol:0 (G4Tubs) ... OK! 
Checking overlaps for volume rf_e_29:0 (G4Tubs) ... OK! 
BLCMDpillbox::construct rf_e_29 parent= relZ=53320.2 globZ=53320.2
	zmin=53210.1 zmax=53430.2
Checking overlaps for volume rf_f_29Pipe:0 (G4Tubs) ... OK! 
Checking overlaps for volume rf_f_29UsWall:0 (G4Tubs) ... OK! 
Checking overlaps for volume rf_f_29DsWall:0 (G4Tubs) ... OK! 
Checking overlaps for volume rf_f_29UsWin1:0 (G4Tubs) ... OK! 
Checking overlaps for volume rf_f_29DsWin1:0 (G4Tubs) ... OK! 
Checking overlaps for volume rf_f_29UsWin2:0 (G4Tubs) ... OK! 
Checking overlaps for volume rf_f_29DsWin2:0 (G4Tubs) ... OK! 
Checking overlaps for volume rf_f_29DsHalf:0 (G4Tubs) ... OK! 
Checking overlaps for volume rf_f_29TimingVol:0 (G4Tubs) ... OK! 
Checking overlaps for volume rf_f_29:0 (G4Tubs) ... OK! 
BLCMDpillbox::construct rf_f_29 parent= relZ=53540.3 globZ=53540.3
	zmin=53430.2 zmax=53650.4
Checking overlaps for volume rf_b_30Pipe:0 (G4Tubs) ... OK! 
Checking overlaps for volume rf_b_30UsWall:0 (G4Tubs) ... OK! 
Checking overlaps for volume rf_b_30DsWall:0 (G4Tubs) ... OK! 
Checking overlaps for volume rf_b_30UsWin1:0 (G4Tubs) ... OK! 
Checking overlaps for volume rf_b_30DsWin1:0 (G4Tubs) ... OK! 
Checking overlaps for volume rf_b_30UsWin2:0 (G4Tubs) ... OK! 
Checking overlaps for volume rf_b_30DsWin2:0 (G4Tubs) ... OK! 
Checking overlaps for volume rf_b_30DsHalf:0 (G4Tubs) ... OK! 
Checking overlaps for volume rf_b_30TimingVol:0 (G4Tubs) ... OK! 
Checking overlaps for volume rf_b_30:0 (G4Tubs) ... OK! 
BLCMDpillbox::construct rf_b_30 parent= relZ=54459.7 globZ=54459.7
	zmin=54349.6 zmax=54569.8
Checking overlaps for volume rf_c_30Pipe:0 (G4Tubs) ... OK! 
Checking overlaps for volume rf_c_30UsWall:0 (G4Tubs) ... OK! 
Checking overlaps for volume rf_c_30DsWall:0 (G4Tubs) ... OK! 
Checking overlaps for volume rf_c_30UsWin1:0 (G4Tubs) ... OK! 
Checking overlaps for volume rf_c_30DsWin1:0 (G4Tubs) ... OK! 
Checking overlaps for volume rf_c_30UsWin2:0 (G4Tubs) ... OK! 
Checking overlaps for volume rf_c_30DsWin2:0 (G4Tubs) ... OK! 
Checking overlaps for volume rf_c_30DsHalf:0 (G4Tubs) ... OK! 
Checking overlaps for volume rf_c_30TimingVol:0 (G4Tubs) ... OK! 
Checking overlaps for volume rf_c_30:0 (G4Tubs) ... OK! 
BLCMDpillbox::construct rf_c_30 parent= relZ=54679.8 globZ=54679.8
	zmin=54569.8 zmax=54789.9
Checking overlaps for volume rf_d_30Pipe:0 (G4Tubs) ... OK! 
Checking overlaps for volume rf_d_30UsWall:0 (G4Tubs) ... OK! 
Checking overlaps for volume rf_d_30DsWall:0 (G4Tubs) ... OK! 
Checking overlaps for volume rf_d_30UsWin1:0 (G4Tubs) ... OK! 
Checking overlaps for volume rf_d_30DsWin1:0 (G4Tubs) ... OK! 
Checking overlaps for volume rf_d_30UsWin2:0 (G4Tubs) ... OK! 
Checking overlaps for volume rf_d_30DsWin2:0 (G4Tubs) ... OK! 
Checking overlaps for volume rf_d_30DsHalf:0 (G4Tubs) ... OK! 
Checking overlaps for volume rf_d_30TimingVol:0 (G4Tubs) ... OK! 
Checking overlaps for volume rf_d_30:0 (G4Tubs) ... OK! 
BLCMDpillbox::construct rf_d_30 parent= relZ=54900.0 globZ=54900.0
	zmin=54789.9 zmax=55010.1
Checking overlaps for volume rf_e_30Pipe:0 (G4Tubs) ... OK! 
Checking overlaps for volume rf_e_30UsWall:0 (G4Tubs) ... OK! 
Checking overlaps for volume rf_e_30DsWall:0 (G4Tubs) ... OK! 
Checking overlaps for volume rf_e_30UsWin1:0 (G4Tubs) ... OK! 
Checking overlaps for volume rf_e_30DsWin1:0 (G4Tubs) ... OK! 
Checking overlaps for volume rf_e_30UsWin2:0 (G4Tubs) ... OK! 
Checking overlaps for volume rf_e_30DsWin2:0 (G4Tubs) ... OK! 
Checking overlaps for volume rf_e_30DsHalf:0 (G4Tubs) ... OK! 
Checking overlaps for volume rf_e_30TimingVol:0 (G4Tubs) ... OK! 
Checking overlaps for volume rf_e_30:0 (G4Tubs) ... OK! 
BLCMDpillbox::construct rf_e_30 parent= relZ=55120.2 globZ=55120.2
	zmin=55010.1 zmax=55230.2
Checking overlaps for volume rf_f_30Pipe:0 (G4Tubs) ... OK! 
Checking overlaps for volume rf_f_30UsWall:0 (G4Tubs) ... OK! 
Checking overlaps for volume rf_f_30DsWall:0 (G4Tubs) ... OK! 
Checking overlaps for volume rf_f_30UsWin1:0 (G4Tubs) ... OK! 
Checking overlaps for volume rf_f_30DsWin1:0 (G4Tubs) ... OK! 
Checking overlaps for volume rf_f_30UsWin2:0 (G4Tubs) ... OK! 
Checking overlaps for volume rf_f_30DsWin2:0 (G4Tubs) ... OK! 
Checking overlaps for volume rf_f_30DsHalf:0 (G4Tubs) ... OK! 
Checking overlaps for volume rf_f_30TimingVol:0 (G4Tubs) ... OK! 
Checking overlaps for volume rf_f_30:0 (G4Tubs) ... OK! 
BLCMDpillbox::construct rf_f_30 parent= relZ=55340.3 globZ=55340.3
	zmin=55230.2 zmax=55450.4
Checking overlaps for volume rf_b_31Pipe:0 (G4Tubs) ... OK! 
Checking overlaps for volume rf_b_31UsWall:0 (G4Tubs) ... OK! 
Checking overlaps for volume rf_b_31DsWall:0 (G4Tubs) ... OK! 
Checking overlaps for volume rf_b_31UsWin1:0 (G4Tubs) ... OK! 
Checking overlaps for volume rf_b_31DsWin1:0 (G4Tubs) ... OK! 
Checking overlaps for volume rf_b_31UsWin2:0 (G4Tubs) ... OK! 
Checking overlaps for volume rf_b_31DsWin2:0 (G4Tubs) ... OK! 
Checking overlaps for volume rf_b_31DsHalf:0 (G4Tubs) ... OK! 
Checking overlaps for volume rf_b_31TimingVol:0 (G4Tubs) ... OK! 
Checking overlaps for volume rf_b_31:0 (G4Tubs) ... OK! 
BLCMDpillbox::construct rf_b_31 parent= relZ=56259.7 globZ=56259.7
	zmin=56149.6 zmax=56369.8
Checking overlaps for volume rf_c_31Pipe:0 (G4Tubs) ... OK! 
Checking overlaps for volume rf_c_31UsWall:0 (G4Tubs) ... OK! 
Checking overlaps for volume rf_c_31DsWall:0 (G4Tubs) ... OK! 
Checking overlaps for volume rf_c_31UsWin1:0 (G4Tubs) ... OK! 
Checking overlaps for volume rf_c_31DsWin1:0 (G4Tubs) ... OK! 
Checking overlaps for volume rf_c_31UsWin2:0 (G4Tubs) ... OK! 
Checking overlaps for volume rf_c_31DsWin2:0 (G4Tubs) ... OK! 
Checking overlaps for volume rf_c_31DsHalf:0 (G4Tubs) ... OK! 
Checking overlaps for volume rf_c_31TimingVol:0 (G4Tubs) ... OK! 
Checking overlaps for volume rf_c_31:0 (G4Tubs) ... OK! 
BLCMDpillbox::construct rf_c_31 parent= relZ=56479.8 globZ=56479.8
	zmin=56369.8 zmax=56589.9
Checking overlaps for volume rf_d_31Pipe:0 (G4Tubs) ... OK! 
Checking overlaps for volume rf_d_31UsWall:0 (G4Tubs) ... OK! 
Checking overlaps for volume rf_d_31DsWall:0 (G4Tubs) ... OK! 
Checking overlaps for volume rf_d_31UsWin1:0 (G4Tubs) ... OK! 
Checking overlaps for volume rf_d_31DsWin1:0 (G4Tubs) ... OK! 
Checking overlaps for volume rf_d_31UsWin2:0 (G4Tubs) ... OK! 
Checking overlaps for volume rf_d_31DsWin2:0 (G4Tubs) ... OK! 
Checking overlaps for volume rf_d_31DsHalf:0 (G4Tubs) ... OK! 
Checking overlaps for volume rf_d_31TimingVol:0 (G4Tubs) ... OK! 
Checking overlaps for volume rf_d_31:0 (G4Tubs) ... OK! 
BLCMDpillbox::construct rf_d_31 parent= relZ=56700.0 globZ=56700.0
	zmin=56589.9 zmax=56810.1
Checking overlaps for volume rf_e_31Pipe:0 (G4Tubs) ... OK! 
Checking overlaps for volume rf_e_31UsWall:0 (G4Tubs) ... OK! 
Checking overlaps for volume rf_e_31DsWall:0 (G4Tubs) ... OK! 
Checking overlaps for volume rf_e_31UsWin1:0 (G4Tubs) ... OK! 
Checking overlaps for volume rf_e_31DsWin1:0 (G4Tubs) ... OK! 
Checking overlaps for volume rf_e_31UsWin2:0 (G4Tubs) ... OK! 
Checking overlaps for volume rf_e_31DsWin2:0 (G4Tubs) ... OK! 
Checking overlaps for volume rf_e_31DsHalf:0 (G4Tubs) ... OK! 
Checking overlaps for volume rf_e_31TimingVol:0 (G4Tubs) ... OK! 
Checking overlaps for volume rf_e_31:0 (G4Tubs) ... OK! 
BLCMDpillbox::construct rf_e_31 parent= relZ=56920.2 globZ=56920.2
	zmin=56810.1 zmax=57030.2
Checking overlaps for volume rf_f_31Pipe:0 (G4Tubs) ... OK! 
Checking overlaps for volume rf_f_31UsWall:0 (G4Tubs) ... OK! 
Checking overlaps for volume rf_f_31DsWall:0 (G4Tubs) ... OK! 
Checking overlaps for volume rf_f_31UsWin1:0 (G4Tubs) ... OK! 
Checking overlaps for volume rf_f_31DsWin1:0 (G4Tubs) ... OK! 
Checking overlaps for volume rf_f_31UsWin2:0 (G4Tubs) ... OK! 
Checking overlaps for volume rf_f_31DsWin2:0 (G4Tubs) ... OK! 
Checking overlaps for volume rf_f_31DsHalf:0 (G4Tubs) ... OK! 
Checking overlaps for volume rf_f_31TimingVol:0 (G4Tubs) ... OK! 
Checking overlaps for volume rf_f_31:0 (G4Tubs) ... OK! 
BLCMDpillbox::construct rf_f_31 parent= relZ=57140.3 globZ=57140.3
	zmin=57030.2 zmax=57250.4
Checking overlaps for volume rf_b_32Pipe:0 (G4Tubs) ... OK! 
Checking overlaps for volume rf_b_32UsWall:0 (G4Tubs) ... OK! 
Checking overlaps for volume rf_b_32DsWall:0 (G4Tubs) ... OK! 
Checking overlaps for volume rf_b_32UsWin1:0 (G4Tubs) ... OK! 
Checking overlaps for volume rf_b_32DsWin1:0 (G4Tubs) ... OK! 
Checking overlaps for volume rf_b_32UsWin2:0 (G4Tubs) ... OK! 
Checking overlaps for volume rf_b_32DsWin2:0 (G4Tubs) ... OK! 
Checking overlaps for volume rf_b_32DsHalf:0 (G4Tubs) ... OK! 
Checking overlaps for volume rf_b_32TimingVol:0 (G4Tubs) ... OK! 
Checking overlaps for volume rf_b_32:0 (G4Tubs) ... OK! 
BLCMDpillbox::construct rf_b_32 parent= relZ=58059.7 globZ=58059.7
	zmin=57949.6 zmax=58169.8
Checking overlaps for volume rf_c_32Pipe:0 (G4Tubs) ... OK! 
Checking overlaps for volume rf_c_32UsWall:0 (G4Tubs) ... OK! 
Checking overlaps for volume rf_c_32DsWall:0 (G4Tubs) ... OK! 
Checking overlaps for volume rf_c_32UsWin1:0 (G4Tubs) ... OK! 
Checking overlaps for volume rf_c_32DsWin1:0 (G4Tubs) ... OK! 
Checking overlaps for volume rf_c_32UsWin2:0 (G4Tubs) ... OK! 
Checking overlaps for volume rf_c_32DsWin2:0 (G4Tubs) ... OK! 
Checking overlaps for volume rf_c_32DsHalf:0 (G4Tubs) ... OK! 
Checking overlaps for volume rf_c_32TimingVol:0 (G4Tubs) ... OK! 
Checking overlaps for volume rf_c_32:0 (G4Tubs) ... OK! 
BLCMDpillbox::construct rf_c_32 parent= relZ=58279.8 globZ=58279.8
	zmin=58169.8 zmax=58389.9
Checking overlaps for volume rf_d_32Pipe:0 (G4Tubs) ... OK! 
Checking overlaps for volume rf_d_32UsWall:0 (G4Tubs) ... OK! 
Checking overlaps for volume rf_d_32DsWall:0 (G4Tubs) ... OK! 
Checking overlaps for volume rf_d_32UsWin1:0 (G4Tubs) ... OK! 
Checking overlaps for volume rf_d_32DsWin1:0 (G4Tubs) ... OK! 
Checking overlaps for volume rf_d_32UsWin2:0 (G4Tubs) ... OK! 
Checking overlaps for volume rf_d_32DsWin2:0 (G4Tubs) ... OK! 
Checking overlaps for volume rf_d_32DsHalf:0 (G4Tubs) ... OK! 
Checking overlaps for volume rf_d_32TimingVol:0 (G4Tubs) ... OK! 
Checking overlaps for volume rf_d_32:0 (G4Tubs) ... OK! 
BLCMDpillbox::construct rf_d_32 parent= relZ=58500.0 globZ=58500.0
	zmin=58389.9 zmax=58610.1
Checking overlaps for volume rf_e_32Pipe:0 (G4Tubs) ... OK! 
Checking overlaps for volume rf_e_32UsWall:0 (G4Tubs) ... OK! 
Checking overlaps for volume rf_e_32DsWall:0 (G4Tubs) ... OK! 
Checking overlaps for volume rf_e_32UsWin1:0 (G4Tubs) ... OK! 
Checking overlaps for volume rf_e_32DsWin1:0 (G4Tubs) ... OK! 
Checking overlaps for volume rf_e_32UsWin2:0 (G4Tubs) ... OK! 
Checking overlaps for volume rf_e_32DsWin2:0 (G4Tubs) ... OK! 
Checking overlaps for volume rf_e_32DsHalf:0 (G4Tubs) ... OK! 
Checking overlaps for volume rf_e_32TimingVol:0 (G4Tubs) ... OK! 
Checking overlaps for volume rf_e_32:0 (G4Tubs) ... OK! 
BLCMDpillbox::construct rf_e_32 parent= relZ=58720.2 globZ=58720.2
	zmin=58610.1 zmax=58830.2
Checking overlaps for volume rf_f_32Pipe:0 (G4Tubs) ... OK! 
Checking overlaps for volume rf_f_32UsWall:0 (G4Tubs) ... OK! 
Checking overlaps for volume rf_f_32DsWall:0 (G4Tubs) ... OK! 
Checking overlaps for volume rf_f_32UsWin1:0 (G4Tubs) ... OK! 
Checking overlaps for volume rf_f_32DsWin1:0 (G4Tubs) ... OK! 
Checking overlaps for volume rf_f_32UsWin2:0 (G4Tubs) ... OK! 
Checking overlaps for volume rf_f_32DsWin2:0 (G4Tubs) ... OK! 
Checking overlaps for volume rf_f_32DsHalf:0 (G4Tubs) ... OK! 
Checking overlaps for volume rf_f_32TimingVol:0 (G4Tubs) ... OK! 
Checking overlaps for volume rf_f_32:0 (G4Tubs) ... OK! 
BLCMDpillbox::construct rf_f_32 parent= relZ=58940.3 globZ=58940.3
	zmin=58830.2 zmax=59050.4
Checking overlaps for volume rf_b_33Pipe:0 (G4Tubs) ... OK! 
Checking overlaps for volume rf_b_33UsWall:0 (G4Tubs) ... OK! 
Checking overlaps for volume rf_b_33DsWall:0 (G4Tubs) ... OK! 
Checking overlaps for volume rf_b_33UsWin1:0 (G4Tubs) ... OK! 
Checking overlaps for volume rf_b_33DsWin1:0 (G4Tubs) ... OK! 
Checking overlaps for volume rf_b_33UsWin2:0 (G4Tubs) ... OK! 
Checking overlaps for volume rf_b_33DsWin2:0 (G4Tubs) ... OK! 
Checking overlaps for volume rf_b_33DsHalf:0 (G4Tubs) ... OK! 
Checking overlaps for volume rf_b_33TimingVol:0 (G4Tubs) ... OK! 
Checking overlaps for volume rf_b_33:0 (G4Tubs) ... OK! 
BLCMDpillbox::construct rf_b_33 parent= relZ=59859.7 globZ=59859.7
	zmin=59749.6 zmax=59969.8
Checking overlaps for volume rf_c_33Pipe:0 (G4Tubs) ... OK! 
Checking overlaps for volume rf_c_33UsWall:0 (G4Tubs) ... OK! 
Checking overlaps for volume rf_c_33DsWall:0 (G4Tubs) ... OK! 
Checking overlaps for volume rf_c_33UsWin1:0 (G4Tubs) ... OK! 
Checking overlaps for volume rf_c_33DsWin1:0 (G4Tubs) ... OK! 
Checking overlaps for volume rf_c_33UsWin2:0 (G4Tubs) ... OK! 
Checking overlaps for volume rf_c_33DsWin2:0 (G4Tubs) ... OK! 
Checking overlaps for volume rf_c_33DsHalf:0 (G4Tubs) ... OK! 
Checking overlaps for volume rf_c_33TimingVol:0 (G4Tubs) ... OK! 
Checking overlaps for volume rf_c_33:0 (G4Tubs) ... OK! 
BLCMDpillbox::construct rf_c_33 parent= relZ=60079.8 globZ=60079.8
	zmin=59969.8 zmax=60189.9
Checking overlaps for volume rf_d_33Pipe:0 (G4Tubs) ... OK! 
Checking overlaps for volume rf_d_33UsWall:0 (G4Tubs) ... OK! 
Checking overlaps for volume rf_d_33DsWall:0 (G4Tubs) ... OK! 
Checking overlaps for volume rf_d_33UsWin1:0 (G4Tubs) ... OK! 
Checking overlaps for volume rf_d_33DsWin1:0 (G4Tubs) ... OK! 
Checking overlaps for volume rf_d_33UsWin2:0 (G4Tubs) ... OK! 
Checking overlaps for volume rf_d_33DsWin2:0 (G4Tubs) ... OK! 
Checking overlaps for volume rf_d_33DsHalf:0 (G4Tubs) ... OK! 
Checking overlaps for volume rf_d_33TimingVol:0 (G4Tubs) ... OK! 
Checking overlaps for volume rf_d_33:0 (G4Tubs) ... OK! 
BLCMDpillbox::construct rf_d_33 parent= relZ=60300.0 globZ=60300.0
	zmin=60189.9 zmax=60410.1
Checking overlaps for volume rf_e_33Pipe:0 (G4Tubs) ... OK! 
Checking overlaps for volume rf_e_33UsWall:0 (G4Tubs) ... OK! 
Checking overlaps for volume rf_e_33DsWall:0 (G4Tubs) ... OK! 
Checking overlaps for volume rf_e_33UsWin1:0 (G4Tubs) ... OK! 
Checking overlaps for volume rf_e_33DsWin1:0 (G4Tubs) ... OK! 
Checking overlaps for volume rf_e_33UsWin2:0 (G4Tubs) ... OK! 
Checking overlaps for volume rf_e_33DsWin2:0 (G4Tubs) ... OK! 
Checking overlaps for volume rf_e_33DsHalf:0 (G4Tubs) ... OK! 
Checking overlaps for volume rf_e_33TimingVol:0 (G4Tubs) ... OK! 
Checking overlaps for volume rf_e_33:0 (G4Tubs) ... OK! 
BLCMDpillbox::construct rf_e_33 parent= relZ=60520.2 globZ=60520.2
	zmin=60410.1 zmax=60630.2
Checking overlaps for volume rf_f_33Pipe:0 (G4Tubs) ... OK! 
Checking overlaps for volume rf_f_33UsWall:0 (G4Tubs) ... OK! 
Checking overlaps for volume rf_f_33DsWall:0 (G4Tubs) ... OK! 
Checking overlaps for volume rf_f_33UsWin1:0 (G4Tubs) ... OK! 
Checking overlaps for volume rf_f_33DsWin1:0 (G4Tubs) ... OK! 
Checking overlaps for volume rf_f_33UsWin2:0 (G4Tubs) ... OK! 
Checking overlaps for volume rf_f_33DsWin2:0 (G4Tubs) ... OK! 
Checking overlaps for volume rf_f_33DsHalf:0 (G4Tubs) ... OK! 
Checking overlaps for volume rf_f_33TimingVol:0 (G4Tubs) ... OK! 
Checking overlaps for volume rf_f_33:0 (G4Tubs) ... OK! 
BLCMDpillbox::construct rf_f_33 parent= relZ=60740.3 globZ=60740.3
	zmin=60630.2 zmax=60850.4
Checking overlaps for volume rf_b_34Pipe:0 (G4Tubs) ... OK! 
Checking overlaps for volume rf_b_34UsWall:0 (G4Tubs) ... OK! 
Checking overlaps for volume rf_b_34DsWall:0 (G4Tubs) ... OK! 
Checking overlaps for volume rf_b_34UsWin1:0 (G4Tubs) ... OK! 
Checking overlaps for volume rf_b_34DsWin1:0 (G4Tubs) ... OK! 
Checking overlaps for volume rf_b_34UsWin2:0 (G4Tubs) ... OK! 
Checking overlaps for volume rf_b_34DsWin2:0 (G4Tubs) ... OK! 
Checking overlaps for volume rf_b_34DsHalf:0 (G4Tubs) ... OK! 
Checking overlaps for volume rf_b_34TimingVol:0 (G4Tubs) ... OK! 
Checking overlaps for volume rf_b_34:0 (G4Tubs) ... OK! 
BLCMDpillbox::construct rf_b_34 parent= relZ=61659.7 globZ=61659.7
	zmin=61549.6 zmax=61769.8
Checking overlaps for volume rf_c_34Pipe:0 (G4Tubs) ... OK! 
Checking overlaps for volume rf_c_34UsWall:0 (G4Tubs) ... OK! 
Checking overlaps for volume rf_c_34DsWall:0 (G4Tubs) ... OK! 
Checking overlaps for volume rf_c_34UsWin1:0 (G4Tubs) ... OK! 
Checking overlaps for volume rf_c_34DsWin1:0 (G4Tubs) ... OK! 
Checking overlaps for volume rf_c_34UsWin2:0 (G4Tubs) ... OK! 
Checking overlaps for volume rf_c_34DsWin2:0 (G4Tubs) ... OK! 
Checking overlaps for volume rf_c_34DsHalf:0 (G4Tubs) ... OK! 
Checking overlaps for volume rf_c_34TimingVol:0 (G4Tubs) ... OK! 
Checking overlaps for volume rf_c_34:0 (G4Tubs) ... OK! 
BLCMDpillbox::construct rf_c_34 parent= relZ=61879.8 globZ=61879.8
	zmin=61769.8 zmax=61989.9
Checking overlaps for volume rf_d_34Pipe:0 (G4Tubs) ... OK! 
Checking overlaps for volume rf_d_34UsWall:0 (G4Tubs) ... OK! 
Checking overlaps for volume rf_d_34DsWall:0 (G4Tubs) ... OK! 
Checking overlaps for volume rf_d_34UsWin1:0 (G4Tubs) ... OK! 
Checking overlaps for volume rf_d_34DsWin1:0 (G4Tubs) ... OK! 
Checking overlaps for volume rf_d_34UsWin2:0 (G4Tubs) ... OK! 
Checking overlaps for volume rf_d_34DsWin2:0 (G4Tubs) ... OK! 
Checking overlaps for volume rf_d_34DsHalf:0 (G4Tubs) ... OK! 
Checking overlaps for volume rf_d_34TimingVol:0 (G4Tubs) ... OK! 
Checking overlaps for volume rf_d_34:0 (G4Tubs) ... OK! 
BLCMDpillbox::construct rf_d_34 parent= relZ=62100.0 globZ=62100.0
	zmin=61989.9 zmax=62210.1
Checking overlaps for volume rf_e_34Pipe:0 (G4Tubs) ... OK! 
Checking overlaps for volume rf_e_34UsWall:0 (G4Tubs) ... OK! 
Checking overlaps for volume rf_e_34DsWall:0 (G4Tubs) ... OK! 
Checking overlaps for volume rf_e_34UsWin1:0 (G4Tubs) ... OK! 
Checking overlaps for volume rf_e_34DsWin1:0 (G4Tubs) ... OK! 
Checking overlaps for volume rf_e_34UsWin2:0 (G4Tubs) ... OK! 
Checking overlaps for volume rf_e_34DsWin2:0 (G4Tubs) ... OK! 
Checking overlaps for volume rf_e_34DsHalf:0 (G4Tubs) ... OK! 
Checking overlaps for volume rf_e_34TimingVol:0 (G4Tubs) ... OK! 
Checking overlaps for volume rf_e_34:0 (G4Tubs) ... OK! 
BLCMDpillbox::construct rf_e_34 parent= relZ=62320.2 globZ=62320.2
	zmin=62210.1 zmax=62430.2
Checking overlaps for volume rf_f_34Pipe:0 (G4Tubs) ... OK! 
Checking overlaps for volume rf_f_34UsWall:0 (G4Tubs) ... OK! 
Checking overlaps for volume rf_f_34DsWall:0 (G4Tubs) ... OK! 
Checking overlaps for volume rf_f_34UsWin1:0 (G4Tubs) ... OK! 
Checking overlaps for volume rf_f_34DsWin1:0 (G4Tubs) ... OK! 
Checking overlaps for volume rf_f_34UsWin2:0 (G4Tubs) ... OK! 
Checking overlaps for volume rf_f_34DsWin2:0 (G4Tubs) ... OK! 
Checking overlaps for volume rf_f_34DsHalf:0 (G4Tubs) ... OK! 
Checking overlaps for volume rf_f_34TimingVol:0 (G4Tubs) ... OK! 
Checking overlaps for volume rf_f_34:0 (G4Tubs) ... OK! 
BLCMDpillbox::construct rf_f_34 parent= relZ=62540.3 globZ=62540.3
	zmin=62430.2 zmax=62650.4
Checking overlaps for volume rf_b_35Pipe:0 (G4Tubs) ... OK! 
Checking overlaps for volume rf_b_35UsWall:0 (G4Tubs) ... OK! 
Checking overlaps for volume rf_b_35DsWall:0 (G4Tubs) ... OK! 
Checking overlaps for volume rf_b_35UsWin1:0 (G4Tubs) ... OK! 
Checking overlaps for volume rf_b_35DsWin1:0 (G4Tubs) ... OK! 
Checking overlaps for volume rf_b_35UsWin2:0 (G4Tubs) ... OK! 
Checking overlaps for volume rf_b_35DsWin2:0 (G4Tubs) ... OK! 
Checking overlaps for volume rf_b_35DsHalf:0 (G4Tubs) ... OK! 
Checking overlaps for volume rf_b_35TimingVol:0 (G4Tubs) ... OK! 
Checking overlaps for volume rf_b_35:0 (G4Tubs) ... OK! 
BLCMDpillbox::construct rf_b_35 parent= relZ=63459.7 globZ=63459.7
	zmin=63349.6 zmax=63569.8
Checking overlaps for volume rf_c_35Pipe:0 (G4Tubs) ... OK! 
Checking overlaps for volume rf_c_35UsWall:0 (G4Tubs) ... OK! 
Checking overlaps for volume rf_c_35DsWall:0 (G4Tubs) ... OK! 
Checking overlaps for volume rf_c_35UsWin1:0 (G4Tubs) ... OK! 
Checking overlaps for volume rf_c_35DsWin1:0 (G4Tubs) ... OK! 
Checking overlaps for volume rf_c_35UsWin2:0 (G4Tubs) ... OK! 
Checking overlaps for volume rf_c_35DsWin2:0 (G4Tubs) ... OK! 
Checking overlaps for volume rf_c_35DsHalf:0 (G4Tubs) ... OK! 
Checking overlaps for volume rf_c_35TimingVol:0 (G4Tubs) ... OK! 
Checking overlaps for volume rf_c_35:0 (G4Tubs) ... OK! 
BLCMDpillbox::construct rf_c_35 parent= relZ=63679.8 globZ=63679.8
	zmin=63569.8 zmax=63789.9
Checking overlaps for volume rf_d_35Pipe:0 (G4Tubs) ... OK! 
Checking overlaps for volume rf_d_35UsWall:0 (G4Tubs) ... OK! 
Checking overlaps for volume rf_d_35DsWall:0 (G4Tubs) ... OK! 
Checking overlaps for volume rf_d_35UsWin1:0 (G4Tubs) ... OK! 
Checking overlaps for volume rf_d_35DsWin1:0 (G4Tubs) ... OK! 
Checking overlaps for volume rf_d_35UsWin2:0 (G4Tubs) ... OK! 
Checking overlaps for volume rf_d_35DsWin2:0 (G4Tubs) ... OK! 
Checking overlaps for volume rf_d_35DsHalf:0 (G4Tubs) ... OK! 
Checking overlaps for volume rf_d_35TimingVol:0 (G4Tubs) ... OK! 
Checking overlaps for volume rf_d_35:0 (G4Tubs) ... OK! 
BLCMDpillbox::construct rf_d_35 parent= relZ=63900.0 globZ=63900.0
	zmin=63789.9 zmax=64010.1
Checking overlaps for volume rf_e_35Pipe:0 (G4Tubs) ... OK! 
Checking overlaps for volume rf_e_35UsWall:0 (G4Tubs) ... OK! 
Checking overlaps for volume rf_e_35DsWall:0 (G4Tubs) ... OK! 
Checking overlaps for volume rf_e_35UsWin1:0 (G4Tubs) ... OK! 
Checking overlaps for volume rf_e_35DsWin1:0 (G4Tubs) ... OK! 
Checking overlaps for volume rf_e_35UsWin2:0 (G4Tubs) ... OK! 
Checking overlaps for volume rf_e_35DsWin2:0 (G4Tubs) ... OK! 
Checking overlaps for volume rf_e_35DsHalf:0 (G4Tubs) ... OK! 
Checking overlaps for volume rf_e_35TimingVol:0 (G4Tubs) ... OK! 
Checking overlaps for volume rf_e_35:0 (G4Tubs) ... OK! 
BLCMDpillbox::construct rf_e_35 parent= relZ=64120.2 globZ=64120.2
	zmin=64010.1 zmax=64230.2
Checking overlaps for volume rf_f_35Pipe:0 (G4Tubs) ... OK! 
Checking overlaps for volume rf_f_35UsWall:0 (G4Tubs) ... OK! 
Checking overlaps for volume rf_f_35DsWall:0 (G4Tubs) ... OK! 
Checking overlaps for volume rf_f_35UsWin1:0 (G4Tubs) ... OK! 
Checking overlaps for volume rf_f_35DsWin1:0 (G4Tubs) ... OK! 
Checking overlaps for volume rf_f_35UsWin2:0 (G4Tubs) ... OK! 
Checking overlaps for volume rf_f_35DsWin2:0 (G4Tubs) ... OK! 
Checking overlaps for volume rf_f_35DsHalf:0 (G4Tubs) ... OK! 
Checking overlaps for volume rf_f_35TimingVol:0 (G4Tubs) ... OK! 
Checking overlaps for volume rf_f_35:0 (G4Tubs) ... OK! 
BLCMDpillbox::construct rf_f_35 parent= relZ=64340.3 globZ=64340.3
	zmin=64230.2 zmax=64450.4
Checking overlaps for volume rf_b_36Pipe:0 (G4Tubs) ... OK! 
Checking overlaps for volume rf_b_36UsWall:0 (G4Tubs) ... OK! 
Checking overlaps for volume rf_b_36DsWall:0 (G4Tubs) ... OK! 
Checking overlaps for volume rf_b_36UsWin1:0 (G4Tubs) ... OK! 
Checking overlaps for volume rf_b_36DsWin1:0 (G4Tubs) ... OK! 
Checking overlaps for volume rf_b_36UsWin2:0 (G4Tubs) ... OK! 
Checking overlaps for volume rf_b_36DsWin2:0 (G4Tubs) ... OK! 
Checking overlaps for volume rf_b_36DsHalf:0 (G4Tubs) ... OK! 
Checking overlaps for volume rf_b_36TimingVol:0 (G4Tubs) ... OK! 
Checking overlaps for volume rf_b_36:0 (G4Tubs) ... OK! 
BLCMDpillbox::construct rf_b_36 parent= relZ=65259.7 globZ=65259.7
	zmin=65149.6 zmax=65369.8
Checking overlaps for volume rf_c_36Pipe:0 (G4Tubs) ... OK! 
Checking overlaps for volume rf_c_36UsWall:0 (G4Tubs) ... OK! 
Checking overlaps for volume rf_c_36DsWall:0 (G4Tubs) ... OK! 
Checking overlaps for volume rf_c_36UsWin1:0 (G4Tubs) ... OK! 
Checking overlaps for volume rf_c_36DsWin1:0 (G4Tubs) ... OK! 
Checking overlaps for volume rf_c_36UsWin2:0 (G4Tubs) ... OK! 
Checking overlaps for volume rf_c_36DsWin2:0 (G4Tubs) ... OK! 
Checking overlaps for volume rf_c_36DsHalf:0 (G4Tubs) ... OK! 
Checking overlaps for volume rf_c_36TimingVol:0 (G4Tubs) ... OK! 
Checking overlaps for volume rf_c_36:0 (G4Tubs) ... OK! 
BLCMDpillbox::construct rf_c_36 parent= relZ=65479.8 globZ=65479.8
	zmin=65369.8 zmax=65589.9
Checking overlaps for volume rf_d_36Pipe:0 (G4Tubs) ... OK! 
Checking overlaps for volume rf_d_36UsWall:0 (G4Tubs) ... OK! 
Checking overlaps for volume rf_d_36DsWall:0 (G4Tubs) ... OK! 
Checking overlaps for volume rf_d_36UsWin1:0 (G4Tubs) ... OK! 
Checking overlaps for volume rf_d_36DsWin1:0 (G4Tubs) ... OK! 
Checking overlaps for volume rf_d_36UsWin2:0 (G4Tubs) ... OK! 
Checking overlaps for volume rf_d_36DsWin2:0 (G4Tubs) ... OK! 
Checking overlaps for volume rf_d_36DsHalf:0 (G4Tubs) ... OK! 
Checking overlaps for volume rf_d_36TimingVol:0 (G4Tubs) ... OK! 
Checking overlaps for volume rf_d_36:0 (G4Tubs) ... OK! 
BLCMDpillbox::construct rf_d_36 parent= relZ=65700.0 globZ=65700.0
	zmin=65589.9 zmax=65810.1
Checking overlaps for volume rf_e_36Pipe:0 (G4Tubs) ... OK! 
Checking overlaps for volume rf_e_36UsWall:0 (G4Tubs) ... OK! 
Checking overlaps for volume rf_e_36DsWall:0 (G4Tubs) ... OK! 
Checking overlaps for volume rf_e_36UsWin1:0 (G4Tubs) ... OK! 
Checking overlaps for volume rf_e_36DsWin1:0 (G4Tubs) ... OK! 
Checking overlaps for volume rf_e_36UsWin2:0 (G4Tubs) ... OK! 
Checking overlaps for volume rf_e_36DsWin2:0 (G4Tubs) ... OK! 
Checking overlaps for volume rf_e_36DsHalf:0 (G4Tubs) ... OK! 
Checking overlaps for volume rf_e_36TimingVol:0 (G4Tubs) ... OK! 
Checking overlaps for volume rf_e_36:0 (G4Tubs) ... OK! 
BLCMDpillbox::construct rf_e_36 parent= relZ=65920.2 globZ=65920.2
	zmin=65810.1 zmax=66030.2
Checking overlaps for volume rf_f_36Pipe:0 (G4Tubs) ... OK! 
Checking overlaps for volume rf_f_36UsWall:0 (G4Tubs) ... OK! 
Checking overlaps for volume rf_f_36DsWall:0 (G4Tubs) ... OK! 
Checking overlaps for volume rf_f_36UsWin1:0 (G4Tubs) ... OK! 
Checking overlaps for volume rf_f_36DsWin1:0 (G4Tubs) ... OK! 
Checking overlaps for volume rf_f_36UsWin2:0 (G4Tubs) ... OK! 
Checking overlaps for volume rf_f_36DsWin2:0 (G4Tubs) ... OK! 
Checking overlaps for volume rf_f_36DsHalf:0 (G4Tubs) ... OK! 
Checking overlaps for volume rf_f_36TimingVol:0 (G4Tubs) ... OK! 
Checking overlaps for volume rf_f_36:0 (G4Tubs) ... OK! 
BLCMDpillbox::construct rf_f_36 parent= relZ=66140.3 globZ=66140.3
	zmin=66030.2 zmax=66250.4
Checking overlaps for volume rf_b_37Pipe:0 (G4Tubs) ... OK! 
Checking overlaps for volume rf_b_37UsWall:0 (G4Tubs) ... OK! 
Checking overlaps for volume rf_b_37DsWall:0 (G4Tubs) ... OK! 
Checking overlaps for volume rf_b_37UsWin1:0 (G4Tubs) ... OK! 
Checking overlaps for volume rf_b_37DsWin1:0 (G4Tubs) ... OK! 
Checking overlaps for volume rf_b_37UsWin2:0 (G4Tubs) ... OK! 
Checking overlaps for volume rf_b_37DsWin2:0 (G4Tubs) ... OK! 
Checking overlaps for volume rf_b_37DsHalf:0 (G4Tubs) ... OK! 
Checking overlaps for volume rf_b_37TimingVol:0 (G4Tubs) ... OK! 
Checking overlaps for volume rf_b_37:0 (G4Tubs) ... OK! 
BLCMDpillbox::construct rf_b_37 parent= relZ=67059.7 globZ=67059.7
	zmin=66949.6 zmax=67169.8
Checking overlaps for volume rf_c_37Pipe:0 (G4Tubs) ... OK! 
Checking overlaps for volume rf_c_37UsWall:0 (G4Tubs) ... OK! 
Checking overlaps for volume rf_c_37DsWall:0 (G4Tubs) ... OK! 
Checking overlaps for volume rf_c_37UsWin1:0 (G4Tubs) ... OK! 
Checking overlaps for volume rf_c_37DsWin1:0 (G4Tubs) ... OK! 
Checking overlaps for volume rf_c_37UsWin2:0 (G4Tubs) ... OK! 
Checking overlaps for volume rf_c_37DsWin2:0 (G4Tubs) ... OK! 
Checking overlaps for volume rf_c_37DsHalf:0 (G4Tubs) ... OK! 
Checking overlaps for volume rf_c_37TimingVol:0 (G4Tubs) ... OK! 
Checking overlaps for volume rf_c_37:0 (G4Tubs) ... OK! 
BLCMDpillbox::construct rf_c_37 parent= relZ=67279.8 globZ=67279.8
	zmin=67169.8 zmax=67389.9
Checking overlaps for volume rf_d_37Pipe:0 (G4Tubs) ... OK! 
Checking overlaps for volume rf_d_37UsWall:0 (G4Tubs) ... OK! 
Checking overlaps for volume rf_d_37DsWall:0 (G4Tubs) ... OK! 
Checking overlaps for volume rf_d_37UsWin1:0 (G4Tubs) ... OK! 
Checking overlaps for volume rf_d_37DsWin1:0 (G4Tubs) ... OK! 
Checking overlaps for volume rf_d_37UsWin2:0 (G4Tubs) ... OK! 
Checking overlaps for volume rf_d_37DsWin2:0 (G4Tubs) ... OK! 
Checking overlaps for volume rf_d_37DsHalf:0 (G4Tubs) ... OK! 
Checking overlaps for volume rf_d_37TimingVol:0 (G4Tubs) ... OK! 
Checking overlaps for volume rf_d_37:0 (G4Tubs) ... OK! 
BLCMDpillbox::construct rf_d_37 parent= relZ=67500.0 globZ=67500.0
	zmin=67389.9 zmax=67610.1
Checking overlaps for volume rf_e_37Pipe:0 (G4Tubs) ... OK! 
Checking overlaps for volume rf_e_37UsWall:0 (G4Tubs) ... OK! 
Checking overlaps for volume rf_e_37DsWall:0 (G4Tubs) ... OK! 
Checking overlaps for volume rf_e_37UsWin1:0 (G4Tubs) ... OK! 
Checking overlaps for volume rf_e_37DsWin1:0 (G4Tubs) ... OK! 
Checking overlaps for volume rf_e_37UsWin2:0 (G4Tubs) ... OK! 
Checking overlaps for volume rf_e_37DsWin2:0 (G4Tubs) ... OK! 
Checking overlaps for volume rf_e_37DsHalf:0 (G4Tubs) ... OK! 
Checking overlaps for volume rf_e_37TimingVol:0 (G4Tubs) ... OK! 
Checking overlaps for volume rf_e_37:0 (G4Tubs) ... OK! 
BLCMDpillbox::construct rf_e_37 parent= relZ=67720.2 globZ=67720.2
	zmin=67610.1 zmax=67830.2
Checking overlaps for volume rf_f_37Pipe:0 (G4Tubs) ... OK! 
Checking overlaps for volume rf_f_37UsWall:0 (G4Tubs) ... OK! 
Checking overlaps for volume rf_f_37DsWall:0 (G4Tubs) ... OK! 
Checking overlaps for volume rf_f_37UsWin1:0 (G4Tubs) ... OK! 
Checking overlaps for volume rf_f_37DsWin1:0 (G4Tubs) ... OK! 
Checking overlaps for volume rf_f_37UsWin2:0 (G4Tubs) ... OK! 
Checking overlaps for volume rf_f_37DsWin2:0 (G4Tubs) ... OK! 
Checking overlaps for volume rf_f_37DsHalf:0 (G4Tubs) ... OK! 
Checking overlaps for volume rf_f_37TimingVol:0 (G4Tubs) ... OK! 
Checking overlaps for volume rf_f_37:0 (G4Tubs) ... OK! 
BLCMDpillbox::construct rf_f_37 parent= relZ=67940.3 globZ=67940.3
	zmin=67830.2 zmax=68050.4
Checking overlaps for volume rf_b_38Pipe:0 (G4Tubs) ... OK! 
Checking overlaps for volume rf_b_38UsWall:0 (G4Tubs) ... OK! 
Checking overlaps for volume rf_b_38DsWall:0 (G4Tubs) ... OK! 
Checking overlaps for volume rf_b_38UsWin1:0 (G4Tubs) ... OK! 
Checking overlaps for volume rf_b_38DsWin1:0 (G4Tubs) ... OK! 
Checking overlaps for volume rf_b_38UsWin2:0 (G4Tubs) ... OK! 
Checking overlaps for volume rf_b_38DsWin2:0 (G4Tubs) ... OK! 
Checking overlaps for volume rf_b_38DsHalf:0 (G4Tubs) ... OK! 
Checking overlaps for volume rf_b_38TimingVol:0 (G4Tubs) ... OK! 
Checking overlaps for volume rf_b_38:0 (G4Tubs) ... OK! 
BLCMDpillbox::construct rf_b_38 parent= relZ=68859.7 globZ=68859.7
	zmin=68749.6 zmax=68969.8
Checking overlaps for volume rf_c_38Pipe:0 (G4Tubs) ... OK! 
Checking overlaps for volume rf_c_38UsWall:0 (G4Tubs) ... OK! 
Checking overlaps for volume rf_c_38DsWall:0 (G4Tubs) ... OK! 
Checking overlaps for volume rf_c_38UsWin1:0 (G4Tubs) ... OK! 
Checking overlaps for volume rf_c_38DsWin1:0 (G4Tubs) ... OK! 
Checking overlaps for volume rf_c_38UsWin2:0 (G4Tubs) ... OK! 
Checking overlaps for volume rf_c_38DsWin2:0 (G4Tubs) ... OK! 
Checking overlaps for volume rf_c_38DsHalf:0 (G4Tubs) ... OK! 
Checking overlaps for volume rf_c_38TimingVol:0 (G4Tubs) ... OK! 
Checking overlaps for volume rf_c_38:0 (G4Tubs) ... OK! 
BLCMDpillbox::construct rf_c_38 parent= relZ=69079.8 globZ=69079.8
	zmin=68969.8 zmax=69189.9
Checking overlaps for volume rf_d_38Pipe:0 (G4Tubs) ... OK! 
Checking overlaps for volume rf_d_38UsWall:0 (G4Tubs) ... OK! 
Checking overlaps for volume rf_d_38DsWall:0 (G4Tubs) ... OK! 
Checking overlaps for volume rf_d_38UsWin1:0 (G4Tubs) ... OK! 
Checking overlaps for volume rf_d_38DsWin1:0 (G4Tubs) ... OK! 
Checking overlaps for volume rf_d_38UsWin2:0 (G4Tubs) ... OK! 
Checking overlaps for volume rf_d_38DsWin2:0 (G4Tubs) ... OK! 
Checking overlaps for volume rf_d_38DsHalf:0 (G4Tubs) ... OK! 
Checking overlaps for volume rf_d_38TimingVol:0 (G4Tubs) ... OK! 
Checking overlaps for volume rf_d_38:0 (G4Tubs) ... OK! 
BLCMDpillbox::construct rf_d_38 parent= relZ=69300.0 globZ=69300.0
	zmin=69189.9 zmax=69410.1
Checking overlaps for volume rf_e_38Pipe:0 (G4Tubs) ... OK! 
Checking overlaps for volume rf_e_38UsWall:0 (G4Tubs) ... OK! 
Checking overlaps for volume rf_e_38DsWall:0 (G4Tubs) ... OK! 
Checking overlaps for volume rf_e_38UsWin1:0 (G4Tubs) ... OK! 
Checking overlaps for volume rf_e_38DsWin1:0 (G4Tubs) ... OK! 
Checking overlaps for volume rf_e_38UsWin2:0 (G4Tubs) ... OK! 
Checking overlaps for volume rf_e_38DsWin2:0 (G4Tubs) ... OK! 
Checking overlaps for volume rf_e_38DsHalf:0 (G4Tubs) ... OK! 
Checking overlaps for volume rf_e_38TimingVol:0 (G4Tubs) ... OK! 
Checking overlaps for volume rf_e_38:0 (G4Tubs) ... OK! 
BLCMDpillbox::construct rf_e_38 parent= relZ=69520.2 globZ=69520.2
	zmin=69410.1 zmax=69630.2
Checking overlaps for volume rf_f_38Pipe:0 (G4Tubs) ... OK! 
Checking overlaps for volume rf_f_38UsWall:0 (G4Tubs) ... OK! 
Checking overlaps for volume rf_f_38DsWall:0 (G4Tubs) ... OK! 
Checking overlaps for volume rf_f_38UsWin1:0 (G4Tubs) ... OK! 
Checking overlaps for volume rf_f_38DsWin1:0 (G4Tubs) ... OK! 
Checking overlaps for volume rf_f_38UsWin2:0 (G4Tubs) ... OK! 
Checking overlaps for volume rf_f_38DsWin2:0 (G4Tubs) ... OK! 
Checking overlaps for volume rf_f_38DsHalf:0 (G4Tubs) ... OK! 
Checking overlaps for volume rf_f_38TimingVol:0 (G4Tubs) ... OK! 
Checking overlaps for volume rf_f_38:0 (G4Tubs) ... OK! 
BLCMDpillbox::construct rf_f_38 parent= relZ=69740.3 globZ=69740.3
	zmin=69630.2 zmax=69850.4
Checking overlaps for volume rf_b_39Pipe:0 (G4Tubs) ... OK! 
Checking overlaps for volume rf_b_39UsWall:0 (G4Tubs) ... OK! 
Checking overlaps for volume rf_b_39DsWall:0 (G4Tubs) ... OK! 
Checking overlaps for volume rf_b_39UsWin1:0 (G4Tubs) ... OK! 
Checking overlaps for volume rf_b_39DsWin1:0 (G4Tubs) ... OK! 
Checking overlaps for volume rf_b_39UsWin2:0 (G4Tubs) ... OK! 
Checking overlaps for volume rf_b_39DsWin2:0 (G4Tubs) ... OK! 
Checking overlaps for volume rf_b_39DsHalf:0 (G4Tubs) ... OK! 
Checking overlaps for volume rf_b_39TimingVol:0 (G4Tubs) ... OK! 
Checking overlaps for volume rf_b_39:0 (G4Tubs) ... OK! 
BLCMDpillbox::construct rf_b_39 parent= relZ=70659.7 globZ=70659.7
	zmin=70549.6 zmax=70769.8
Checking overlaps for volume rf_c_39Pipe:0 (G4Tubs) ... OK! 
Checking overlaps for volume rf_c_39UsWall:0 (G4Tubs) ... OK! 
Checking overlaps for volume rf_c_39DsWall:0 (G4Tubs) ... OK! 
Checking overlaps for volume rf_c_39UsWin1:0 (G4Tubs) ... OK! 
Checking overlaps for volume rf_c_39DsWin1:0 (G4Tubs) ... OK! 
Checking overlaps for volume rf_c_39UsWin2:0 (G4Tubs) ... OK! 
Checking overlaps for volume rf_c_39DsWin2:0 (G4Tubs) ... OK! 
Checking overlaps for volume rf_c_39DsHalf:0 (G4Tubs) ... OK! 
Checking overlaps for volume rf_c_39TimingVol:0 (G4Tubs) ... OK! 
Checking overlaps for volume rf_c_39:0 (G4Tubs) ... OK! 
BLCMDpillbox::construct rf_c_39 parent= relZ=70879.8 globZ=70879.8
	zmin=70769.8 zmax=70989.9
Checking overlaps for volume rf_d_39Pipe:0 (G4Tubs) ... OK! 
Checking overlaps for volume rf_d_39UsWall:0 (G4Tubs) ... OK! 
Checking overlaps for volume rf_d_39DsWall:0 (G4Tubs) ... OK! 
Checking overlaps for volume rf_d_39UsWin1:0 (G4Tubs) ... OK! 
Checking overlaps for volume rf_d_39DsWin1:0 (G4Tubs) ... OK! 
Checking overlaps for volume rf_d_39UsWin2:0 (G4Tubs) ... OK! 
Checking overlaps for volume rf_d_39DsWin2:0 (G4Tubs) ... OK! 
Checking overlaps for volume rf_d_39DsHalf:0 (G4Tubs) ... OK! 
Checking overlaps for volume rf_d_39TimingVol:0 (G4Tubs) ... OK! 
Checking overlaps for volume rf_d_39:0 (G4Tubs) ... OK! 
BLCMDpillbox::construct rf_d_39 parent= relZ=71100.0 globZ=71100.0
	zmin=70989.9 zmax=71210.1
Checking overlaps for volume rf_e_39Pipe:0 (G4Tubs) ... OK! 
Checking overlaps for volume rf_e_39UsWall:0 (G4Tubs) ... OK! 
Checking overlaps for volume rf_e_39DsWall:0 (G4Tubs) ... OK! 
Checking overlaps for volume rf_e_39UsWin1:0 (G4Tubs) ... OK! 
Checking overlaps for volume rf_e_39DsWin1:0 (G4Tubs) ... OK! 
Checking overlaps for volume rf_e_39UsWin2:0 (G4Tubs) ... OK! 
Checking overlaps for volume rf_e_39DsWin2:0 (G4Tubs) ... OK! 
Checking overlaps for volume rf_e_39DsHalf:0 (G4Tubs) ... OK! 
Checking overlaps for volume rf_e_39TimingVol:0 (G4Tubs) ... OK! 
Checking overlaps for volume rf_e_39:0 (G4Tubs) ... OK! 
BLCMDpillbox::construct rf_e_39 parent= relZ=71320.2 globZ=71320.2
	zmin=71210.1 zmax=71430.2
Checking overlaps for volume rf_f_39Pipe:0 (G4Tubs) ... OK! 
Checking overlaps for volume rf_f_39UsWall:0 (G4Tubs) ... OK! 
Checking overlaps for volume rf_f_39DsWall:0 (G4Tubs) ... OK! 
Checking overlaps for volume rf_f_39UsWin1:0 (G4Tubs) ... OK! 
Checking overlaps for volume rf_f_39DsWin1:0 (G4Tubs) ... OK! 
Checking overlaps for volume rf_f_39UsWin2:0 (G4Tubs) ... OK! 
Checking overlaps for volume rf_f_39DsWin2:0 (G4Tubs) ... OK! 
Checking overlaps for volume rf_f_39DsHalf:0 (G4Tubs) ... OK! 
Checking overlaps for volume rf_f_39TimingVol:0 (G4Tubs) ... OK! 
Checking overlaps for volume rf_f_39:0 (G4Tubs) ... OK! 
BLCMDpillbox::construct rf_f_39 parent= relZ=71540.3 globZ=71540.3
	zmin=71430.2 zmax=71650.4
Checking overlaps for volume rf_b_40Pipe:0 (G4Tubs) ... OK! 
Checking overlaps for volume rf_b_40UsWall:0 (G4Tubs) ... OK! 
Checking overlaps for volume rf_b_40DsWall:0 (G4Tubs) ... OK! 
Checking overlaps for volume rf_b_40UsWin1:0 (G4Tubs) ... OK! 
Checking overlaps for volume rf_b_40DsWin1:0 (G4Tubs) ... OK! 
Checking overlaps for volume rf_b_40UsWin2:0 (G4Tubs) ... OK! 
Checking overlaps for volume rf_b_40DsWin2:0 (G4Tubs) ... OK! 
Checking overlaps for volume rf_b_40DsHalf:0 (G4Tubs) ... OK! 
Checking overlaps for volume rf_b_40TimingVol:0 (G4Tubs) ... OK! 
Checking overlaps for volume rf_b_40:0 (G4Tubs) ... OK! 
BLCMDpillbox::construct rf_b_40 parent= relZ=72459.7 globZ=72459.7
	zmin=72349.6 zmax=72569.8
Checking overlaps for volume rf_c_40Pipe:0 (G4Tubs) ... OK! 
Checking overlaps for volume rf_c_40UsWall:0 (G4Tubs) ... OK! 
Checking overlaps for volume rf_c_40DsWall:0 (G4Tubs) ... OK! 
Checking overlaps for volume rf_c_40UsWin1:0 (G4Tubs) ... OK! 
Checking overlaps for volume rf_c_40DsWin1:0 (G4Tubs) ... OK! 
Checking overlaps for volume rf_c_40UsWin2:0 (G4Tubs) ... OK! 
Checking overlaps for volume rf_c_40DsWin2:0 (G4Tubs) ... OK! 
Checking overlaps for volume rf_c_40DsHalf:0 (G4Tubs) ... OK! 
Checking overlaps for volume rf_c_40TimingVol:0 (G4Tubs) ... OK! 
Checking overlaps for volume rf_c_40:0 (G4Tubs) ... OK! 
BLCMDpillbox::construct rf_c_40 parent= relZ=72679.8 globZ=72679.8
	zmin=72569.8 zmax=72789.9
Checking overlaps for volume rf_d_40Pipe:0 (G4Tubs) ... OK! 
Checking overlaps for volume rf_d_40UsWall:0 (G4Tubs) ... OK! 
Checking overlaps for volume rf_d_40DsWall:0 (G4Tubs) ... OK! 
Checking overlaps for volume rf_d_40UsWin1:0 (G4Tubs) ... OK! 
Checking overlaps for volume rf_d_40DsWin1:0 (G4Tubs) ... OK! 
Checking overlaps for volume rf_d_40UsWin2:0 (G4Tubs) ... OK! 
Checking overlaps for volume rf_d_40DsWin2:0 (G4Tubs) ... OK! 
Checking overlaps for volume rf_d_40DsHalf:0 (G4Tubs) ... OK! 
Checking overlaps for volume rf_d_40TimingVol:0 (G4Tubs) ... OK! 
Checking overlaps for volume rf_d_40:0 (G4Tubs) ... OK! 
BLCMDpillbox::construct rf_d_40 parent= relZ=72900.0 globZ=72900.0
	zmin=72789.9 zmax=73010.1
Checking overlaps for volume rf_e_40Pipe:0 (G4Tubs) ... OK! 
Checking overlaps for volume rf_e_40UsWall:0 (G4Tubs) ... OK! 
Checking overlaps for volume rf_e_40DsWall:0 (G4Tubs) ... OK! 
Checking overlaps for volume rf_e_40UsWin1:0 (G4Tubs) ... OK! 
Checking overlaps for volume rf_e_40DsWin1:0 (G4Tubs) ... OK! 
Checking overlaps for volume rf_e_40UsWin2:0 (G4Tubs) ... OK! 
Checking overlaps for volume rf_e_40DsWin2:0 (G4Tubs) ... OK! 
Checking overlaps for volume rf_e_40DsHalf:0 (G4Tubs) ... OK! 
Checking overlaps for volume rf_e_40TimingVol:0 (G4Tubs) ... OK! 
Checking overlaps for volume rf_e_40:0 (G4Tubs) ... OK! 
BLCMDpillbox::construct rf_e_40 parent= relZ=73120.2 globZ=73120.2
	zmin=73010.1 zmax=73230.2
Checking overlaps for volume rf_f_40Pipe:0 (G4Tubs) ... OK! 
Checking overlaps for volume rf_f_40UsWall:0 (G4Tubs) ... OK! 
Checking overlaps for volume rf_f_40DsWall:0 (G4Tubs) ... OK! 
Checking overlaps for volume rf_f_40UsWin1:0 (G4Tubs) ... OK! 
Checking overlaps for volume rf_f_40DsWin1:0 (G4Tubs) ... OK! 
Checking overlaps for volume rf_f_40UsWin2:0 (G4Tubs) ... OK! 
Checking overlaps for volume rf_f_40DsWin2:0 (G4Tubs) ... OK! 
Checking overlaps for volume rf_f_40DsHalf:0 (G4Tubs) ... OK! 
Checking overlaps for volume rf_f_40TimingVol:0 (G4Tubs) ... OK! 
Checking overlaps for volume rf_f_40:0 (G4Tubs) ... OK! 
BLCMDpillbox::construct rf_f_40 parent= relZ=73340.3 globZ=73340.3
	zmin=73230.2 zmax=73450.4
Checking overlaps for volume wedge_0:0 (G4Trap) ... OK! 
BLCMDtrap::Construct wedge_0 parent= relZ=0.0 globZ=0.0
	zmin=-80.8 zmax=80.8 kill=0
Checking overlaps for volume wedge_1:0 (G4Trap) ... OK! 
BLCMDtrap::Construct wedge_1 parent= relZ=1800.0 globZ=1800.0
	zmin=1719.2 zmax=1880.8 kill=0
Checking overlaps for volume wedge_2:0 (G4Trap) ... OK! 
BLCMDtrap::Construct wedge_2 parent= relZ=3600.0 globZ=3600.0
	zmin=3519.2 zmax=3680.8 kill=0
Checking overlaps for volume wedge_3:0 (G4Trap) ... OK! 
BLCMDtrap::Construct wedge_3 parent= relZ=5400.0 globZ=5400.0
	zmin=5319.2 zmax=5480.8 kill=0
Checking overlaps for volume wedge_4:0 (G4Trap) ... OK! 
BLCMDtrap::Construct wedge_4 parent= relZ=7200.0 globZ=7200.0
	zmin=7119.2 zmax=7280.8 kill=0
Checking overlaps for volume wedge_5:0 (G4Trap) ... OK! 
BLCMDtrap::Construct wedge_5 parent= relZ=9000.0 globZ=9000.0
	zmin=8919.2 zmax=9080.8 kill=0
Checking overlaps for volume wedge_6:0 (G4Trap) ... OK! 
BLCMDtrap::Construct wedge_6 parent= relZ=10800.0 globZ=10800.0
	zmin=10719.2 zmax=10880.8 kill=0
Checking overlaps for volume wedge_7:0 (G4Trap) ... OK! 
BLCMDtrap::Construct wedge_7 parent= relZ=12600.0 globZ=12600.0
	zmin=12519.2 zmax=12680.8 kill=0
Checking overlaps for volume wedge_8:0 (G4Trap) ... OK! 
BLCMDtrap::Construct wedge_8 parent= relZ=14400.0 globZ=14400.0
	zmin=14319.2 zmax=14480.8 kill=0
Checking overlaps for volume wedge_9:0 (G4Trap) ... OK! 
BLCMDtrap::Construct wedge_9 parent= relZ=16200.0 globZ=16200.0
	zmin=16119.2 zmax=16280.8 kill=0
Checking overlaps for volume wedge_10:0 (G4Trap) ... OK! 
BLCMDtrap::Construct wedge_10 parent= relZ=18000.0 globZ=18000.0
	zmin=17919.2 zmax=18080.8 kill=0
Checking overlaps for volume wedge_11:0 (G4Trap) ... OK! 
BLCMDtrap::Construct wedge_11 parent= relZ=19800.0 globZ=19800.0
	zmin=19719.2 zmax=19880.8 kill=0
Checking overlaps for volume wedge_12:0 (G4Trap) ... OK! 
BLCMDtrap::Construct wedge_12 parent= relZ=21600.0 globZ=21600.0
	zmin=21519.2 zmax=21680.8 kill=0
Checking overlaps for volume wedge_13:0 (G4Trap) ... OK! 
BLCMDtrap::Construct wedge_13 parent= relZ=23400.0 globZ=23400.0
	zmin=23319.2 zmax=23480.8 kill=0
Checking overlaps for volume wedge_14:0 (G4Trap) ... OK! 
BLCMDtrap::Construct wedge_14 parent= relZ=25200.0 globZ=25200.0
	zmin=25119.2 zmax=25280.8 kill=0
Checking overlaps for volume wedge_15:0 (G4Trap) ... OK! 
BLCMDtrap::Construct wedge_15 parent= relZ=27000.0 globZ=27000.0
	zmin=26919.2 zmax=27080.8 kill=0
Checking overlaps for volume wedge_16:0 (G4Trap) ... OK! 
BLCMDtrap::Construct wedge_16 parent= relZ=28800.0 globZ=28800.0
	zmin=28719.2 zmax=28880.8 kill=0
Checking overlaps for volume wedge_17:0 (G4Trap) ... OK! 
BLCMDtrap::Construct wedge_17 parent= relZ=30600.0 globZ=30600.0
	zmin=30519.2 zmax=30680.8 kill=0
Checking overlaps for volume wedge_18:0 (G4Trap) ... OK! 
BLCMDtrap::Construct wedge_18 parent= relZ=32400.0 globZ=32400.0
	zmin=32319.2 zmax=32480.8 kill=0
Checking overlaps for volume wedge_19:0 (G4Trap) ... OK! 
BLCMDtrap::Construct wedge_19 parent= relZ=34200.0 globZ=34200.0
	zmin=34119.2 zmax=34280.8 kill=0
Checking overlaps for volume wedge_20:0 (G4Trap) ... OK! 
BLCMDtrap::Construct wedge_20 parent= relZ=36000.0 globZ=36000.0
	zmin=35919.2 zmax=36080.8 kill=0
Checking overlaps for volume wedge_21:0 (G4Trap) ... OK! 
BLCMDtrap::Construct wedge_21 parent= relZ=37800.0 globZ=37800.0
	zmin=37719.2 zmax=37880.8 kill=0
Checking overlaps for volume wedge_22:0 (G4Trap) ... OK! 
BLCMDtrap::Construct wedge_22 parent= relZ=39600.0 globZ=39600.0
	zmin=39519.2 zmax=39680.8 kill=0
Checking overlaps for volume wedge_23:0 (G4Trap) ... OK! 
BLCMDtrap::Construct wedge_23 parent= relZ=41400.0 globZ=41400.0
	zmin=41319.2 zmax=41480.8 kill=0
Checking overlaps for volume wedge_24:0 (G4Trap) ... OK! 
BLCMDtrap::Construct wedge_24 parent= relZ=43200.0 globZ=43200.0
	zmin=43119.2 zmax=43280.8 kill=0
Checking overlaps for volume wedge_25:0 (G4Trap) ... OK! 
BLCMDtrap::Construct wedge_25 parent= relZ=45000.0 globZ=45000.0
	zmin=44919.2 zmax=45080.8 kill=0
Checking overlaps for volume wedge_26:0 (G4Trap) ... OK! 
BLCMDtrap::Construct wedge_26 parent= relZ=46800.0 globZ=46800.0
	zmin=46719.2 zmax=46880.8 kill=0
Checking overlaps for volume wedge_27:0 (G4Trap) ... OK! 
BLCMDtrap::Construct wedge_27 parent= relZ=48600.0 globZ=48600.0
	zmin=48519.2 zmax=48680.8 kill=0
Checking overlaps for volume wedge_28:0 (G4Trap) ... OK! 
BLCMDtrap::Construct wedge_28 parent= relZ=50400.0 globZ=50400.0
	zmin=50319.2 zmax=50480.8 kill=0
Checking overlaps for volume wedge_29:0 (G4Trap) ... OK! 
BLCMDtrap::Construct wedge_29 parent= relZ=52200.0 globZ=52200.0
	zmin=52119.2 zmax=52280.8 kill=0
Checking overlaps for volume wedge_30:0 (G4Trap) ... OK! 
BLCMDtrap::Construct wedge_30 parent= relZ=54000.0 globZ=54000.0
	zmin=53919.2 zmax=54080.8 kill=0
Checking overlaps for volume wedge_31:0 (G4Trap) ... OK! 
BLCMDtrap::Construct wedge_31 parent= relZ=55800.0 globZ=55800.0
	zmin=55719.2 zmax=55880.8 kill=0
Checking overlaps for volume wedge_32:0 (G4Trap) ... OK! 
BLCMDtrap::Construct wedge_32 parent= relZ=57600.0 globZ=57600.0
	zmin=57519.2 zmax=57680.8 kill=0
Checking overlaps for volume wedge_33:0 (G4Trap) ... OK! 
BLCMDtrap::Construct wedge_33 parent= relZ=59400.0 globZ=59400.0
	zmin=59319.2 zmax=59480.8 kill=0
Checking overlaps for volume wedge_34:0 (G4Trap) ... OK! 
BLCMDtrap::Construct wedge_34 parent= relZ=61200.0 globZ=61200.0
	zmin=61119.2 zmax=61280.8 kill=0
Checking overlaps for volume wedge_35:0 (G4Trap) ... OK! 
BLCMDtrap::Construct wedge_35 parent= relZ=63000.0 globZ=63000.0
	zmin=62919.2 zmax=63080.8 kill=0
Checking overlaps for volume wedge_36:0 (G4Trap) ... OK! 
BLCMDtrap::Construct wedge_36 parent= relZ=64800.0 globZ=64800.0
	zmin=64719.2 zmax=64880.8 kill=0
Checking overlaps for volume wedge_37:0 (G4Trap) ... OK! 
BLCMDtrap::Construct wedge_37 parent= relZ=66600.0 globZ=66600.0
	zmin=66519.2 zmax=66680.8 kill=0
Checking overlaps for volume wedge_38:0 (G4Trap) ... OK! 
BLCMDtrap::Construct wedge_38 parent= relZ=68400.0 globZ=68400.0
	zmin=68319.2 zmax=68480.8 kill=0
Checking overlaps for volume wedge_39:0 (G4Trap) ... OK! 
BLCMDtrap::Construct wedge_39 parent= relZ=70200.0 globZ=70200.0
	zmin=70119.2 zmax=70280.8 kill=0
Checking overlaps for volume wedge_40:0 (G4Trap) ... OK! 
BLCMDtrap::Construct wedge_40 parent= relZ=72000.0 globZ=72000.0
	zmin=71919.2 zmax=72080.8 kill=0
Checking overlaps for volume wedge_window:0 (G4Box) ... OK! 
BLCMDbox::Construct wedge_window parent= relZ=-140.5 globZ=-140.5
	zmin=-140.6 zmax=-140.4
Checking overlaps for volume wedge_window:0 (G4Box) ... OK! 
BLCMDbox::Construct wedge_window parent= relZ=140.5 globZ=140.5
	zmin=140.4 zmax=140.6
Checking overlaps for volume wedge_window:0 (G4Box) ... OK! 
BLCMDbox::Construct wedge_window parent= relZ=1659.5 globZ=1659.5
	zmin=1659.4 zmax=1659.6
Checking overlaps for volume wedge_window:0 (G4Box) ... OK! 
BLCMDbox::Construct wedge_window parent= relZ=1940.5 globZ=1940.5
	zmin=1940.4 zmax=1940.6
Checking overlaps for volume wedge_window:0 (G4Box) ... OK! 
BLCMDbox::Construct wedge_window parent= relZ=3459.5 globZ=3459.5
	zmin=3459.4 zmax=3459.6
Checking overlaps for volume wedge_window:0 (G4Box) ... OK! 
BLCMDbox::Construct wedge_window parent= relZ=3740.5 globZ=3740.5
	zmin=3740.4 zmax=3740.6
Checking overlaps for volume wedge_window:0 (G4Box) ... OK! 
BLCMDbox::Construct wedge_window parent= relZ=5259.5 globZ=5259.5
	zmin=5259.4 zmax=5259.6
Checking overlaps for volume wedge_window:0 (G4Box) ... OK! 
BLCMDbox::Construct wedge_window parent= relZ=5540.5 globZ=5540.5
	zmin=5540.4 zmax=5540.6
Checking overlaps for volume wedge_window:0 (G4Box) ... OK! 
BLCMDbox::Construct wedge_window parent= relZ=7059.5 globZ=7059.5
	zmin=7059.4 zmax=7059.6
Checking overlaps for volume wedge_window:0 (G4Box) ... OK! 
BLCMDbox::Construct wedge_window parent= relZ=7340.5 globZ=7340.5
	zmin=7340.4 zmax=7340.6
Checking overlaps for volume wedge_window:0 (G4Box) ... OK! 
BLCMDbox::Construct wedge_window parent= relZ=8859.5 globZ=8859.5
	zmin=8859.4 zmax=8859.6
Checking overlaps for volume wedge_window:0 (G4Box) ... OK! 
BLCMDbox::Construct wedge_window parent= relZ=9140.5 globZ=9140.5
	zmin=9140.4 zmax=9140.6
Checking overlaps for volume wedge_window:0 (G4Box) ... OK! 
BLCMDbox::Construct wedge_window parent= relZ=10659.5 globZ=10659.5
	zmin=10659.4 zmax=10659.6
Checking overlaps for volume wedge_window:0 (G4Box) ... OK! 
BLCMDbox::Construct wedge_window parent= relZ=10940.5 globZ=10940.5
	zmin=10940.4 zmax=10940.6
Checking overlaps for volume wedge_window:0 (G4Box) ... OK! 
BLCMDbox::Construct wedge_window parent= relZ=12459.5 globZ=12459.5
	zmin=12459.4 zmax=12459.6
Checking overlaps for volume wedge_window:0 (G4Box) ... OK! 
BLCMDbox::Construct wedge_window parent= relZ=12740.5 globZ=12740.5
	zmin=12740.4 zmax=12740.6
Checking overlaps for volume wedge_window:0 (G4Box) ... OK! 
BLCMDbox::Construct wedge_window parent= relZ=14259.5 globZ=14259.5
	zmin=14259.4 zmax=14259.6
Checking overlaps for volume wedge_window:0 (G4Box) ... OK! 
BLCMDbox::Construct wedge_window parent= relZ=14540.5 globZ=14540.5
	zmin=14540.4 zmax=14540.6
Checking overlaps for volume wedge_window:0 (G4Box) ... OK! 
BLCMDbox::Construct wedge_window parent= relZ=16059.5 globZ=16059.5
	zmin=16059.4 zmax=16059.6
Checking overlaps for volume wedge_window:0 (G4Box) ... OK! 
BLCMDbox::Construct wedge_window parent= relZ=16340.5 globZ=16340.5
	zmin=16340.4 zmax=16340.6
Checking overlaps for volume wedge_window:0 (G4Box) ... OK! 
BLCMDbox::Construct wedge_window parent= relZ=17859.5 globZ=17859.5
	zmin=17859.4 zmax=17859.6
Checking overlaps for volume wedge_window:0 (G4Box) ... OK! 
BLCMDbox::Construct wedge_window parent= relZ=18140.5 globZ=18140.5
	zmin=18140.4 zmax=18140.6
Checking overlaps for volume wedge_window:0 (G4Box) ... OK! 
BLCMDbox::Construct wedge_window parent= relZ=19659.5 globZ=19659.5
	zmin=19659.4 zmax=19659.6
Checking overlaps for volume wedge_window:0 (G4Box) ... OK! 
BLCMDbox::Construct wedge_window parent= relZ=19940.5 globZ=19940.5
	zmin=19940.4 zmax=19940.6
Checking overlaps for volume wedge_window:0 (G4Box) ... OK! 
BLCMDbox::Construct wedge_window parent= relZ=21459.5 globZ=21459.5
	zmin=21459.4 zmax=21459.6
Checking overlaps for volume wedge_window:0 (G4Box) ... OK! 
BLCMDbox::Construct wedge_window parent= relZ=21740.5 globZ=21740.5
	zmin=21740.4 zmax=21740.6
Checking overlaps for volume wedge_window:0 (G4Box) ... OK! 
BLCMDbox::Construct wedge_window parent= relZ=23259.5 globZ=23259.5
	zmin=23259.4 zmax=23259.6
Checking overlaps for volume wedge_window:0 (G4Box) ... OK! 
BLCMDbox::Construct wedge_window parent= relZ=23540.5 globZ=23540.5
	zmin=23540.4 zmax=23540.6
Checking overlaps for volume wedge_window:0 (G4Box) ... OK! 
BLCMDbox::Construct wedge_window parent= relZ=25059.5 globZ=25059.5
	zmin=25059.4 zmax=25059.6
Checking overlaps for volume wedge_window:0 (G4Box) ... OK! 
BLCMDbox::Construct wedge_window parent= relZ=25340.5 globZ=25340.5
	zmin=25340.4 zmax=25340.6
Checking overlaps for volume wedge_window:0 (G4Box) ... OK! 
BLCMDbox::Construct wedge_window parent= relZ=26859.5 globZ=26859.5
	zmin=26859.4 zmax=26859.6
Checking overlaps for volume wedge_window:0 (G4Box) ... OK! 
BLCMDbox::Construct wedge_window parent= relZ=27140.5 globZ=27140.5
	zmin=27140.4 zmax=27140.6
Checking overlaps for volume wedge_window:0 (G4Box) ... OK! 
BLCMDbox::Construct wedge_window parent= relZ=28659.5 globZ=28659.5
	zmin=28659.4 zmax=28659.6
Checking overlaps for volume wedge_window:0 (G4Box) ... OK! 
BLCMDbox::Construct wedge_window parent= relZ=28940.5 globZ=28940.5
	zmin=28940.4 zmax=28940.6
Checking overlaps for volume wedge_window:0 (G4Box) ... OK! 
BLCMDbox::Construct wedge_window parent= relZ=30459.5 globZ=30459.5
	zmin=30459.4 zmax=30459.6
Checking overlaps for volume wedge_window:0 (G4Box) ... OK! 
BLCMDbox::Construct wedge_window parent= relZ=30740.5 globZ=30740.5
	zmin=30740.4 zmax=30740.6
Checking overlaps for volume wedge_window:0 (G4Box) ... OK! 
BLCMDbox::Construct wedge_window parent= relZ=32259.5 globZ=32259.5
	zmin=32259.4 zmax=32259.6
Checking overlaps for volume wedge_window:0 (G4Box) ... OK! 
BLCMDbox::Construct wedge_window parent= relZ=32540.5 globZ=32540.5
	zmin=32540.4 zmax=32540.6
Checking overlaps for volume wedge_window:0 (G4Box) ... OK! 
BLCMDbox::Construct wedge_window parent= relZ=34059.5 globZ=34059.5
	zmin=34059.4 zmax=34059.6
Checking overlaps for volume wedge_window:0 (G4Box) ... OK! 
BLCMDbox::Construct wedge_window parent= relZ=34340.5 globZ=34340.5
	zmin=34340.4 zmax=34340.6
Checking overlaps for volume wedge_window:0 (G4Box) ... OK! 
BLCMDbox::Construct wedge_window parent= relZ=35859.5 globZ=35859.5
	zmin=35859.4 zmax=35859.6
Checking overlaps for volume wedge_window:0 (G4Box) ... OK! 
BLCMDbox::Construct wedge_window parent= relZ=36140.5 globZ=36140.5
	zmin=36140.4 zmax=36140.6
Checking overlaps for volume wedge_window:0 (G4Box) ... OK! 
BLCMDbox::Construct wedge_window parent= relZ=37659.5 globZ=37659.5
	zmin=37659.4 zmax=37659.6
Checking overlaps for volume wedge_window:0 (G4Box) ... OK! 
BLCMDbox::Construct wedge_window parent= relZ=37940.5 globZ=37940.5
	zmin=37940.4 zmax=37940.6
Checking overlaps for volume wedge_window:0 (G4Box) ... OK! 
BLCMDbox::Construct wedge_window parent= relZ=39459.5 globZ=39459.5
	zmin=39459.4 zmax=39459.6
Checking overlaps for volume wedge_window:0 (G4Box) ... OK! 
BLCMDbox::Construct wedge_window parent= relZ=39740.5 globZ=39740.5
	zmin=39740.4 zmax=39740.6
Checking overlaps for volume wedge_window:0 (G4Box) ... OK! 
BLCMDbox::Construct wedge_window parent= relZ=41259.5 globZ=41259.5
	zmin=41259.4 zmax=41259.6
Checking overlaps for volume wedge_window:0 (G4Box) ... OK! 
BLCMDbox::Construct wedge_window parent= relZ=41540.5 globZ=41540.5
	zmin=41540.4 zmax=41540.6
Checking overlaps for volume wedge_window:0 (G4Box) ... OK! 
BLCMDbox::Construct wedge_window parent= relZ=43059.5 globZ=43059.5
	zmin=43059.4 zmax=43059.6
Checking overlaps for volume wedge_window:0 (G4Box) ... OK! 
BLCMDbox::Construct wedge_window parent= relZ=43340.5 globZ=43340.5
	zmin=43340.4 zmax=43340.6
Checking overlaps for volume wedge_window:0 (G4Box) ... OK! 
BLCMDbox::Construct wedge_window parent= relZ=44859.5 globZ=44859.5
	zmin=44859.4 zmax=44859.6
Checking overlaps for volume wedge_window:0 (G4Box) ... OK! 
BLCMDbox::Construct wedge_window parent= relZ=45140.5 globZ=45140.5
	zmin=45140.4 zmax=45140.6
Checking overlaps for volume wedge_window:0 (G4Box) ... OK! 
BLCMDbox::Construct wedge_window parent= relZ=46659.5 globZ=46659.5
	zmin=46659.4 zmax=46659.6
Checking overlaps for volume wedge_window:0 (G4Box) ... OK! 
BLCMDbox::Construct wedge_window parent= relZ=46940.5 globZ=46940.5
	zmin=46940.4 zmax=46940.6
Checking overlaps for volume wedge_window:0 (G4Box) ... OK! 
BLCMDbox::Construct wedge_window parent= relZ=48459.5 globZ=48459.5
	zmin=48459.4 zmax=48459.6
Checking overlaps for volume wedge_window:0 (G4Box) ... OK! 
BLCMDbox::Construct wedge_window parent= relZ=48740.5 globZ=48740.5
	zmin=48740.4 zmax=48740.6
Checking overlaps for volume wedge_window:0 (G4Box) ... OK! 
BLCMDbox::Construct wedge_window parent= relZ=50259.5 globZ=50259.5
	zmin=50259.4 zmax=50259.6
Checking overlaps for volume wedge_window:0 (G4Box) ... OK! 
BLCMDbox::Construct wedge_window parent= relZ=50540.5 globZ=50540.5
	zmin=50540.4 zmax=50540.6
Checking overlaps for volume wedge_window:0 (G4Box) ... OK! 
BLCMDbox::Construct wedge_window parent= relZ=52059.5 globZ=52059.5
	zmin=52059.4 zmax=52059.6
Checking overlaps for volume wedge_window:0 (G4Box) ... OK! 
BLCMDbox::Construct wedge_window parent= relZ=52340.5 globZ=52340.5
	zmin=52340.4 zmax=52340.6
Checking overlaps for volume wedge_window:0 (G4Box) ... OK! 
BLCMDbox::Construct wedge_window parent= relZ=53859.5 globZ=53859.5
	zmin=53859.4 zmax=53859.6
Checking overlaps for volume wedge_window:0 (G4Box) ... OK! 
BLCMDbox::Construct wedge_window parent= relZ=54140.5 globZ=54140.5
	zmin=54140.4 zmax=54140.6
Checking overlaps for volume wedge_window:0 (G4Box) ... OK! 
BLCMDbox::Construct wedge_window parent= relZ=55659.5 globZ=55659.5
	zmin=55659.4 zmax=55659.6
Checking overlaps for volume wedge_window:0 (G4Box) ... OK! 
BLCMDbox::Construct wedge_window parent= relZ=55940.5 globZ=55940.5
	zmin=55940.4 zmax=55940.6
Checking overlaps for volume wedge_window:0 (G4Box) ... OK! 
BLCMDbox::Construct wedge_window parent= relZ=57459.5 globZ=57459.5
	zmin=57459.4 zmax=57459.6
Checking overlaps for volume wedge_window:0 (G4Box) ... OK! 
BLCMDbox::Construct wedge_window parent= relZ=57740.5 globZ=57740.5
	zmin=57740.4 zmax=57740.6
Checking overlaps for volume wedge_window:0 (G4Box) ... OK! 
BLCMDbox::Construct wedge_window parent= relZ=59259.5 globZ=59259.5
	zmin=59259.4 zmax=59259.6
Checking overlaps for volume wedge_window:0 (G4Box) ... OK! 
BLCMDbox::Construct wedge_window parent= relZ=59540.5 globZ=59540.5
	zmin=59540.4 zmax=59540.6
Checking overlaps for volume wedge_window:0 (G4Box) ... OK! 
BLCMDbox::Construct wedge_window parent= relZ=61059.5 globZ=61059.5
	zmin=61059.4 zmax=61059.6
Checking overlaps for volume wedge_window:0 (G4Box) ... OK! 
BLCMDbox::Construct wedge_window parent= relZ=61340.5 globZ=61340.5
	zmin=61340.4 zmax=61340.6
Checking overlaps for volume wedge_window:0 (G4Box) ... OK! 
BLCMDbox::Construct wedge_window parent= relZ=62859.5 globZ=62859.5
	zmin=62859.4 zmax=62859.6
Checking overlaps for volume wedge_window:0 (G4Box) ... OK! 
BLCMDbox::Construct wedge_window parent= relZ=63140.5 globZ=63140.5
	zmin=63140.4 zmax=63140.6
Checking overlaps for volume wedge_window:0 (G4Box) ... OK! 
BLCMDbox::Construct wedge_window parent= relZ=64659.5 globZ=64659.5
	zmin=64659.4 zmax=64659.6
Checking overlaps for volume wedge_window:0 (G4Box) ... OK! 
BLCMDbox::Construct wedge_window parent= relZ=64940.5 globZ=64940.5
	zmin=64940.4 zmax=64940.6
Checking overlaps for volume wedge_window:0 (G4Box) ... OK! 
BLCMDbox::Construct wedge_window parent= relZ=66459.5 globZ=66459.5
	zmin=66459.4 zmax=66459.6
Checking overlaps for volume wedge_window:0 (G4Box) ... OK! 
BLCMDbox::Construct wedge_window parent= relZ=66740.5 globZ=66740.5
	zmin=66740.4 zmax=66740.6
Checking overlaps for volume wedge_window:0 (G4Box) ... OK! 
BLCMDbox::Construct wedge_window parent= relZ=68259.5 globZ=68259.5
	zmin=68259.4 zmax=68259.6
Checking overlaps for volume wedge_window:0 (G4Box) ... OK! 
BLCMDbox::Construct wedge_window parent= relZ=68540.5 globZ=68540.5
	zmin=68540.4 zmax=68540.6
Checking overlaps for volume wedge_window:0 (G4Box) ... OK! 
BLCMDbox::Construct wedge_window parent= relZ=70059.5 globZ=70059.5
	zmin=70059.4 zmax=70059.6
Checking overlaps for volume wedge_window:0 (G4Box) ... OK! 
BLCMDbox::Construct wedge_window parent= relZ=70340.5 globZ=70340.5
	zmin=70340.4 zmax=70340.6
Checking overlaps for volume wedge_window:0 (G4Box) ... OK! 
BLCMDbox::Construct wedge_window parent= relZ=71859.5 globZ=71859.5
	zmin=71859.4 zmax=71859.6
Checking overlaps for volume wedge_window:0 (G4Box) ... OK! 
BLCMDbox::Construct wedge_window parent= relZ=72140.5 globZ=72140.5
	zmin=72140.4 zmax=72140.6
### Adding tracking cuts for neutron  TimeCut(ns)= 10000  KinEnergyCut(MeV)= 0

Geometry test nPoints=100 tolerance=0.002 mm:
Testing geometry for children of group 'World':
Total geometry errors = 0  1 seconds

================= Prepare Tune Particle(s) ===========
================= Begin Tune Particle(s) =============
***  Tune and Reference Particles ignore E fields.
***  Tune and Reference Particles ignore B fields.
***  Tune and Reference Particles ignore Energy loss.
**************************************************************************
*** G4Exception: EM Field Extends Outside World
***    severity: Warning
***   issued by: BLGlobalField
*** description: May give inaccurate tracking near world boundary.
***     EventID: -2     TrackID: 1   mu+  KE=124.1 MeV
**************************************************************************
fieldVoxels: nx=10 ny=10 nz=399, 39900 voxels, 549 fields
fieldVoxels: max field count is 8 fields, # voxels >5: 4440, >10: 0, >20: 0
**************************************************************************
*** G4Exception: Check number of field voxels
***    severity: Warning
***   issued by: BLGlobalField
*** description: nVoxels = 39900, max fields/voxel = 8
***     EventID: -2     TrackID: 1   mu+  KE=124.1 MeV
**************************************************************************
pillbox rf_b_0: Time OK  timeOffset=192.3019 ns, incremented to 192.3019 ns
pillbox rf_c_0: Time OK  timeOffset=193.1289 ns, incremented to 193.1289 ns
pillbox rf_d_0: Time OK  timeOffset=193.9559 ns, incremented to 193.9559 ns
pillbox rf_e_0: Time OK  timeOffset=194.7830 ns, incremented to 194.7830 ns
pillbox rf_f_0: Time OK  timeOffset=195.6100 ns, incremented to 195.6100 ns
pillbox rf_b_1: Time OK  timeOffset=199.0636 ns, incremented to 199.0636 ns
pillbox rf_c_1: Time OK  timeOffset=199.8906 ns, incremented to 199.8906 ns
pillbox rf_d_1: Time OK  timeOffset=200.7176 ns, incremented to 200.7176 ns
pillbox rf_e_1: Time OK  timeOffset=201.5447 ns, incremented to 201.5447 ns
pillbox rf_f_1: Time OK  timeOffset=202.3717 ns, incremented to 202.3717 ns
pillbox rf_b_2: Time OK  timeOffset=205.8253 ns, incremented to 205.8253 ns
pillbox rf_c_2: Time OK  timeOffset=206.6523 ns, incremented to 206.6523 ns
pillbox rf_d_2: Time OK  timeOffset=207.4793 ns, incremented to 207.4793 ns
pillbox rf_e_2: Time OK  timeOffset=208.3063 ns, incremented to 208.3063 ns
pillbox rf_f_2: Time OK  timeOffset=209.1334 ns, incremented to 209.1334 ns
pillbox rf_b_3: Time OK  timeOffset=212.5869 ns, incremented to 212.5869 ns
pillbox rf_c_3: Time OK  timeOffset=213.4140 ns, incremented to 213.4140 ns
pillbox rf_d_3: Time OK  timeOffset=214.2410 ns, incremented to 214.2410 ns
pillbox rf_e_3: Time OK  timeOffset=215.0680 ns, incremented to 215.0680 ns
pillbox rf_f_3: Time OK  timeOffset=215.8951 ns, incremented to 215.8951 ns
pillbox rf_b_4: Time OK  timeOffset=219.3486 ns, incremented to 219.3486 ns
pillbox rf_c_4: Time OK  timeOffset=220.1757 ns, incremented to 220.1757 ns
pillbox rf_d_4: Time OK  timeOffset=221.0027 ns, incremented to 221.0027 ns
pillbox rf_e_4: Time OK  timeOffset=221.8297 ns, incremented to 221.8297 ns
pillbox rf_f_4: Time OK  timeOffset=222.6568 ns, incremented to 222.6568 ns
pillbox rf_b_5: Time OK  timeOffset=226.1103 ns, incremented to 226.1103 ns
pillbox rf_c_5: Time OK  timeOffset=226.9373 ns, incremented to 226.9373 ns
pillbox rf_d_5: Time OK  timeOffset=227.7644 ns, incremented to 227.7644 ns
pillbox rf_e_5: Time OK  timeOffset=228.5914 ns, incremented to 228.5914 ns
pillbox rf_f_5: Time OK  timeOffset=229.4184 ns, incremented to 229.4184 ns
pillbox rf_b_6: Time OK  timeOffset=232.8720 ns, incremented to 232.8720 ns
pillbox rf_c_6: Time OK  timeOffset=233.6990 ns, incremented to 233.6990 ns
pillbox rf_d_6: Time OK  timeOffset=234.5261 ns, incremented to 234.5261 ns
pillbox rf_e_6: Time OK  timeOffset=235.3531 ns, incremented to 235.3531 ns
pillbox rf_f_6: Time OK  timeOffset=236.1801 ns, incremented to 236.1801 ns
pillbox rf_b_7: Time OK  timeOffset=239.6337 ns, incremented to 239.6337 ns
pillbox rf_c_7: Time OK  timeOffset=240.4607 ns, incremented to 240.4607 ns
pillbox rf_d_7: Time OK  timeOffset=241.2878 ns, incremented to 241.2878 ns
pillbox rf_e_7: Time OK  timeOffset=242.1148 ns, incremented to 242.1148 ns
pillbox rf_f_7: Time OK  timeOffset=242.9418 ns, incremented to 242.9418 ns
pillbox rf_b_8: Time OK  timeOffset=246.3954 ns, incremented to 246.3954 ns
pillbox rf_c_8: Time OK  timeOffset=247.2224 ns, incremented to 247.2224 ns
pillbox rf_d_8: Time OK  timeOffset=248.0494 ns, incremented to 248.0494 ns
pillbox rf_e_8: Time OK  timeOffset=248.8765 ns, incremented to 248.8765 ns
pillbox rf_f_8: Time OK  timeOffset=249.7035 ns, incremented to 249.7035 ns
pillbox rf_b_9: Time OK  timeOffset=253.1571 ns, incremented to 253.1571 ns
pillbox rf_c_9: Time OK  timeOffset=253.9841 ns, incremented to 253.9841 ns
pillbox rf_d_9: Time OK  timeOffset=254.8111 ns, incremented to 254.8111 ns
pillbox rf_e_9: Time OK  timeOffset=255.6382 ns, incremented to 255.6382 ns
pillbox rf_f_9: Time OK  timeOffset=256.4652 ns, incremented to 256.4652 ns
pillbox rf_b_10: Time OK  timeOffset=259.9188 ns, incremented to 259.9188 ns
pillbox rf_c_10: Time OK  timeOffset=260.7458 ns, incremented to 260.7458 ns
pillbox rf_d_10: Time OK  timeOffset=261.5728 ns, incremented to 261.5728 ns
pillbox rf_e_10: Time OK  timeOffset=262.3998 ns, incremented to 262.3998 ns
pillbox rf_f_10: Time OK  timeOffset=263.2269 ns, incremented to 263.2269 ns
pillbox rf_b_11: Time OK  timeOffset=266.6804 ns, incremented to 266.6804 ns
pillbox rf_c_11: Time OK  timeOffset=267.5075 ns, incremented to 267.5075 ns
pillbox rf_d_11: Time OK  timeOffset=268.3345 ns, incremented to 268.3345 ns
pillbox rf_e_11: Time OK  timeOffset=269.1615 ns, incremented to 269.1615 ns
pillbox rf_f_11: Time OK  timeOffset=269.9886 ns, incremented to 269.9886 ns
pillbox rf_b_12: Time OK  timeOffset=273.4421 ns, incremented to 273.4421 ns
pillbox rf_c_12: Time OK  timeOffset=274.2692 ns, incremented to 274.2692 ns
pillbox rf_d_12: Time OK  timeOffset=275.0962 ns, incremented to 275.0962 ns
pillbox rf_e_12: Time OK  timeOffset=275.9232 ns, incremented to 275.9232 ns
pillbox rf_f_12: Time OK  timeOffset=276.7502 ns, incremented to 276.7502 ns
pillbox rf_b_13: Time OK  timeOffset=280.2038 ns, incremented to 280.2038 ns
pillbox rf_c_13: Time OK  timeOffset=281.0308 ns, incremented to 281.0308 ns
pillbox rf_d_13: Time OK  timeOffset=281.8579 ns, incremented to 281.8579 ns
pillbox rf_e_13: Time OK  timeOffset=282.6849 ns, incremented to 282.6849 ns
pillbox rf_f_13: Time OK  timeOffset=283.5119 ns, incremented to 283.5119 ns
pillbox rf_b_14: Time OK  timeOffset=286.9655 ns, incremented to 286.9655 ns
pillbox rf_c_14: Time OK  timeOffset=287.7925 ns, incremented to 287.7925 ns
pillbox rf_d_14: Time OK  timeOffset=288.6196 ns, incremented to 288.6196 ns
pillbox rf_e_14: Time OK  timeOffset=289.4466 ns, incremented to 289.4466 ns
pillbox rf_f_14: Time OK  timeOffset=290.2736 ns, incremented to 290.2736 ns
pillbox rf_b_15: Time OK  timeOffset=293.7272 ns, incremented to 293.7272 ns
pillbox rf_c_15: Time OK  timeOffset=294.5542 ns, incremented to 294.5542 ns
pillbox rf_d_15: Time OK  timeOffset=295.3812 ns, incremented to 295.3812 ns
pillbox rf_e_15: Time OK  timeOffset=296.2083 ns, incremented to 296.2083 ns
pillbox rf_f_15: Time OK  timeOffset=297.0353 ns, incremented to 297.0353 ns
pillbox rf_b_16: Time OK  timeOffset=300.4889 ns, incremented to 300.4889 ns
pillbox rf_c_16: Time OK  timeOffset=301.3159 ns, incremented to 301.3159 ns
pillbox rf_d_16: Time OK  timeOffset=302.1429 ns, incremented to 302.1429 ns
pillbox rf_e_16: Time OK  timeOffset=302.9700 ns, incremented to 302.9700 ns
pillbox rf_f_16: Time OK  timeOffset=303.7970 ns, incremented to 303.7970 ns
pillbox rf_b_17: Time OK  timeOffset=307.2506 ns, incremented to 307.2506 ns
pillbox rf_c_17: Time OK  timeOffset=308.0776 ns, incremented to 308.0776 ns
pillbox rf_d_17: Time OK  timeOffset=308.9046 ns, incremented to 308.9046 ns
pillbox rf_e_17: Time OK  timeOffset=309.7317 ns, incremented to 309.7317 ns
pillbox rf_f_17: Time OK  timeOffset=310.5587 ns, incremented to 310.5587 ns
pillbox rf_b_18: Time OK  timeOffset=314.0122 ns, incremented to 314.0122 ns
pillbox rf_c_18: Time OK  timeOffset=314.8393 ns, incremented to 314.8393 ns
pillbox rf_d_18: Time OK  timeOffset=315.6663 ns, incremented to 315.6663 ns
pillbox rf_e_18: Time OK  timeOffset=316.4933 ns, incremented to 316.4933 ns
pillbox rf_f_18: Time OK  timeOffset=317.3204 ns, incremented to 317.3204 ns
pillbox rf_b_19: Time OK  timeOffset=320.7739 ns, incremented to 320.7739 ns
pillbox rf_c_19: Time OK  timeOffset=321.6010 ns, incremented to 321.6010 ns
pillbox rf_d_19: Time OK  timeOffset=322.4280 ns, incremented to 322.4280 ns
pillbox rf_e_19: Time OK  timeOffset=323.2550 ns, incremented to 323.2550 ns
pillbox rf_f_19: Time OK  timeOffset=324.0821 ns, incremented to 324.0821 ns
pillbox rf_b_20: Time OK  timeOffset=327.5356 ns, incremented to 327.5356 ns
pillbox rf_c_20: Time OK  timeOffset=328.3627 ns, incremented to 328.3627 ns
pillbox rf_d_20: Time OK  timeOffset=329.1897 ns, incremented to 329.1897 ns
pillbox rf_e_20: Time OK  timeOffset=330.0167 ns, incremented to 330.0167 ns
pillbox rf_f_20: Time OK  timeOffset=330.8437 ns, incremented to 330.8437 ns
pillbox rf_b_21: Time OK  timeOffset=334.2973 ns, incremented to 334.2973 ns
pillbox rf_c_21: Time OK  timeOffset=335.1243 ns, incremented to 335.1243 ns
pillbox rf_d_21: Time OK  timeOffset=335.9514 ns, incremented to 335.9514 ns
pillbox rf_e_21: Time OK  timeOffset=336.7784 ns, incremented to 336.7784 ns
pillbox rf_f_21: Time OK  timeOffset=337.6054 ns, incremented to 337.6054 ns
pillbox rf_b_22: Time OK  timeOffset=341.0590 ns, incremented to 341.0590 ns
pillbox rf_c_22: Time OK  timeOffset=341.8860 ns, incremented to 341.8860 ns
pillbox rf_d_22: Time OK  timeOffset=342.7131 ns, incremented to 342.7131 ns
pillbox rf_e_22: Time OK  timeOffset=343.5401 ns, incremented to 343.5401 ns
pillbox rf_f_22: Time OK  timeOffset=344.3671 ns, incremented to 344.3671 ns
pillbox rf_b_23: Time OK  timeOffset=347.8207 ns, incremented to 347.8207 ns
pillbox rf_c_23: Time OK  timeOffset=348.6477 ns, incremented to 348.6477 ns
pillbox rf_d_23: Time OK  timeOffset=349.4747 ns, incremented to 349.4747 ns
pillbox rf_e_23: Time OK  timeOffset=350.3018 ns, incremented to 350.3018 ns
pillbox rf_f_23: Time OK  timeOffset=351.1288 ns, incremented to 351.1288 ns
pillbox rf_b_24: Time OK  timeOffset=354.5824 ns, incremented to 354.5824 ns
pillbox rf_c_24: Time OK  timeOffset=355.4094 ns, incremented to 355.4094 ns
pillbox rf_d_24: Time OK  timeOffset=356.2364 ns, incremented to 356.2364 ns
pillbox rf_e_24: Time OK  timeOffset=357.0635 ns, incremented to 357.0635 ns
pillbox rf_f_24: Time OK  timeOffset=357.8905 ns, incremented to 357.8905 ns
pillbox rf_b_25: Time OK  timeOffset=361.3441 ns, incremented to 361.3441 ns
pillbox rf_c_25: Time OK  timeOffset=362.1711 ns, incremented to 362.1711 ns
pillbox rf_d_25: Time OK  timeOffset=362.9981 ns, incremented to 362.9981 ns
pillbox rf_e_25: Time OK  timeOffset=363.8251 ns, incremented to 363.8251 ns
pillbox rf_f_25: Time OK  timeOffset=364.6522 ns, incremented to 364.6522 ns
pillbox rf_b_26: Time OK  timeOffset=368.1057 ns, incremented to 368.1057 ns
pillbox rf_c_26: Time OK  timeOffset=368.9328 ns, incremented to 368.9328 ns
pillbox rf_d_26: Time OK  timeOffset=369.7598 ns, incremented to 369.7598 ns
pillbox rf_e_26: Time OK  timeOffset=370.5868 ns, incremented to 370.5868 ns
pillbox rf_f_26: Time OK  timeOffset=371.4139 ns, incremented to 371.4139 ns
pillbox rf_b_27: Time OK  timeOffset=374.8674 ns, incremented to 374.8674 ns
pillbox rf_c_27: Time OK  timeOffset=375.6945 ns, incremented to 375.6945 ns
pillbox rf_d_27: Time OK  timeOffset=376.5215 ns, incremented to 376.5215 ns
pillbox rf_e_27: Time OK  timeOffset=377.3485 ns, incremented to 377.3485 ns
pillbox rf_f_27: Time OK  timeOffset=378.1755 ns, incremented to 378.1755 ns
pillbox rf_b_28: Time OK  timeOffset=381.6291 ns, incremented to 381.6291 ns
pillbox rf_c_28: Time OK  timeOffset=382.4561 ns, incremented to 382.4561 ns
pillbox rf_d_28: Time OK  timeOffset=383.2832 ns, incremented to 383.2832 ns
pillbox rf_e_28: Time OK  timeOffset=384.1102 ns, incremented to 384.1102 ns
pillbox rf_f_28: Time OK  timeOffset=384.9372 ns, incremented to 384.9372 ns
pillbox rf_b_29: Time OK  timeOffset=388.3908 ns, incremented to 388.3908 ns
pillbox rf_c_29: Time OK  timeOffset=389.2178 ns, incremented to 389.2178 ns
pillbox rf_d_29: Time OK  timeOffset=390.0449 ns, incremented to 390.0449 ns
pillbox rf_e_29: Time OK  timeOffset=390.8719 ns, incremented to 390.8719 ns
pillbox rf_f_29: Time OK  timeOffset=391.6989 ns, incremented to 391.6989 ns
pillbox rf_b_30: Time OK  timeOffset=395.1525 ns, incremented to 395.1525 ns
pillbox rf_c_30: Time OK  timeOffset=395.9795 ns, incremented to 395.9795 ns
pillbox rf_d_30: Time OK  timeOffset=396.8066 ns, incremented to 396.8066 ns
pillbox rf_e_30: Time OK  timeOffset=397.6336 ns, incremented to 397.6336 ns
pillbox rf_f_30: Time OK  timeOffset=398.4606 ns, incremented to 398.4606 ns
pillbox rf_b_31: Time OK  timeOffset=401.9142 ns, incremented to 401.9142 ns
pillbox rf_c_31: Time OK  timeOffset=402.7412 ns, incremented to 402.7412 ns
pillbox rf_d_31: Time OK  timeOffset=403.5682 ns, incremented to 403.5682 ns
pillbox rf_e_31: Time OK  timeOffset=404.3953 ns, incremented to 404.3953 ns
pillbox rf_f_31: Time OK  timeOffset=405.2223 ns, incremented to 405.2223 ns
pillbox rf_b_32: Time OK  timeOffset=408.6759 ns, incremented to 408.6759 ns
pillbox rf_c_32: Time OK  timeOffset=409.5029 ns, incremented to 409.5029 ns
pillbox rf_d_32: Time OK  timeOffset=410.3299 ns, incremented to 410.3299 ns
pillbox rf_e_32: Time OK  timeOffset=411.1570 ns, incremented to 411.1570 ns
pillbox rf_f_32: Time OK  timeOffset=411.9840 ns, incremented to 411.9840 ns
pillbox rf_b_33: Time OK  timeOffset=415.4376 ns, incremented to 415.4376 ns
pillbox rf_c_33: Time OK  timeOffset=416.2646 ns, incremented to 416.2646 ns
pillbox rf_d_33: Time OK  timeOffset=417.0916 ns, incremented to 417.0916 ns
pillbox rf_e_33: Time OK  timeOffset=417.9186 ns, incremented to 417.9186 ns
pillbox rf_f_33: Time OK  timeOffset=418.7457 ns, incremented to 418.7457 ns
pillbox rf_b_34: Time OK  timeOffset=422.1992 ns, incremented to 422.1992 ns
pillbox rf_c_34: Time OK  timeOffset=423.0263 ns, incremented to 423.0263 ns
pillbox rf_d_34: Time OK  timeOffset=423.8533 ns, incremented to 423.8533 ns
pillbox rf_e_34: Time OK  timeOffset=424.6803 ns, incremented to 424.6803 ns
pillbox rf_f_34: Time OK  timeOffset=425.5074 ns, incremented to 425.5074 ns
pillbox rf_b_35: Time OK  timeOffset=428.9609 ns, incremented to 428.9609 ns
pillbox rf_c_35: Time OK  timeOffset=429.7880 ns, incremented to 429.7880 ns
pillbox rf_d_35: Time OK  timeOffset=430.6150 ns, incremented to 430.6150 ns
pillbox rf_e_35: Time OK  timeOffset=431.4420 ns, incremented to 431.4420 ns
pillbox rf_f_35: Time OK  timeOffset=432.2690 ns, incremented to 432.2690 ns
pillbox rf_b_36: Time OK  timeOffset=435.7226 ns, incremented to 435.7226 ns
pillbox rf_c_36: Time OK  timeOffset=436.5496 ns, incremented to 436.5496 ns
pillbox rf_d_36: Time OK  timeOffset=437.3767 ns, incremented to 437.3767 ns
pillbox rf_e_36: Time OK  timeOffset=438.2037 ns, incremented to 438.2037 ns
pillbox rf_f_36: Time OK  timeOffset=439.0307 ns, incremented to 439.0307 ns
pillbox rf_b_37: Time OK  timeOffset=442.4843 ns, incremented to 442.4843 ns
pillbox rf_c_37: Time OK  timeOffset=443.3113 ns, incremented to 443.3113 ns
pillbox rf_d_37: Time OK  timeOffset=444.1384 ns, incremented to 444.1384 ns
pillbox rf_e_37: Time OK  timeOffset=444.9654 ns, incremented to 444.9654 ns
pillbox rf_f_37: Time OK  timeOffset=445.7924 ns, incremented to 445.7924 ns
pillbox rf_b_38: Time OK  timeOffset=449.2460 ns, incremented to 449.2460 ns
pillbox rf_c_38: Time OK  timeOffset=450.0730 ns, incremented to 450.0730 ns
pillbox rf_d_38: Time OK  timeOffset=450.9000 ns, incremented to 450.9000 ns
pillbox rf_e_38: Time OK  timeOffset=451.7271 ns, incremented to 451.7271 ns
pillbox rf_f_38: Time OK  timeOffset=452.5541 ns, incremented to 452.5541 ns
pillbox rf_b_39: Time OK  timeOffset=456.0077 ns, incremented to 456.0077 ns
pillbox rf_c_39: Time OK  timeOffset=456.8347 ns, incremented to 456.8347 ns
pillbox rf_d_39: Time OK  timeOffset=457.6617 ns, incremented to 457.6617 ns
pillbox rf_e_39: Time OK  timeOffset=458.4888 ns, incremented to 458.4888 ns
pillbox rf_f_39: Time OK  timeOffset=459.3158 ns, incremented to 459.3158 ns
pillbox rf_b_40: Time OK  timeOffset=462.7694 ns, incremented to 462.7694 ns
pillbox rf_c_40: Time OK  timeOffset=463.5964 ns, incremented to 463.5964 ns
pillbox rf_d_40: Time OK  timeOffset=464.4234 ns, incremented to 464.4234 ns
pillbox rf_e_40: Time OK  timeOffset=465.2505 ns, incremented to 465.2505 ns
pillbox rf_f_40: Time OK  timeOffset=466.0775 ns, incremented to 466.0775 ns
Run complete  1 Events  1 seconds
================== Begin Reference Particle(s) ===============
***  Tune and Reference Particles ignore E fields.
***  Tune and Reference Particles ignore B fields.
***  Tune and Reference Particles ignore Energy loss.
Run complete  1 Events  0 seconds
================== Prepare Tracking Beam ==================
Stochastic processes are enabled.
================== Begin Tracking Beam ===============
Event 1 Completed  1 events  realTime=1 sec  1.0 ev/sec
Event 2 Completed  2 events  realTime=1 sec  2.0 ev/sec
Event 3 Completed  3 events  realTime=1 sec  3.0 ev/sec
Event 4 Completed  4 events  realTime=1 sec  4.0 ev/sec
Event 5 Completed  5 events  realTime=1 sec  5.0 ev/sec
Event 6 Completed  6 events  realTime=1 sec  6.0 ev/sec
Event 7 Completed  7 events  realTime=1 sec  7.0 ev/sec
Event 8 Completed  8 events  realTime=1 sec  8.0 ev/sec
Event 9 Completed  9 events  realTime=1 sec  9.0 ev/sec
Event 10 Completed  10 events  realTime=1 sec  10.0 ev/sec
Event 20 Completed  20 events  realTime=2 sec  10.0 ev/sec
Event 30 Completed  30 events  realTime=2 sec  15.0 ev/sec
Event 40 Completed  40 events  realTime=3 sec  13.3 ev/sec
Event 50 Completed  50 events  realTime=4 sec  12.5 ev/sec
Event 60 Completed  60 events  realTime=4 sec  15.0 ev/sec
Event 70 Completed  70 events  realTime=5 sec  14.0 ev/sec
Event 80 Completed  80 events  realTime=6 sec  13.3 ev/sec
Event 90 Completed  90 events  realTime=6 sec  15.0 ev/sec
Event 100 Completed  100 events  realTime=7 sec  14.3 ev/sec
Run complete  154 Events  11 seconds
NTuple TuneParticle        1771 entries
NTuple ReferenceParticle     1852 entries
NTuple Ev1Trk1             1250 entries
FOR009.DAT Region 1 z=0.0  155 tracks,  0 unsupported particles ignored
FOR009.DAT Region 2 z=1800.0  155 tracks,  0 unsupported particles ignored
FOR009.DAT Region 3 z=3600.0  155 tracks,  0 unsupported particles ignored
FOR009.DAT Region 4 z=5400.0  154 tracks,  0 unsupported particles ignored
FOR009.DAT Region 5 z=7200.0  154 tracks,  0 unsupported particles ignored
FOR009.DAT Region 6 z=9000.0  153 tracks,  0 unsupported particles ignored
FOR009.DAT Region 7 z=10800.0  152 tracks,  0 unsupported particles ignored
FOR009.DAT Region 8 z=12600.0  152 tracks,  0 unsupported particles ignored
FOR009.DAT Region 9 z=14400.0  152 tracks,  0 unsupported particles ignored
FOR009.DAT Region 10 z=16200.0  152 tracks,  0 unsupported particles ignored
FOR009.DAT Region 11 z=18000.0  152 tracks,  0 unsupported particles ignored
FOR009.DAT Region 12 z=19800.0  152 tracks,  0 unsupported particles ignored
FOR009.DAT Region 13 z=21600.0  152 tracks,  0 unsupported particles ignored
FOR009.DAT Region 14 z=23400.0  151 tracks,  0 unsupported particles ignored
FOR009.DAT Region 15 z=25200.0  151 tracks,  0 unsupported particles ignored
FOR009.DAT Region 16 z=27000.0  151 tracks,  0 unsupported particles ignored
FOR009.DAT Region 17 z=28800.0  150 tracks,  0 unsupported particles ignored
FOR009.DAT Region 18 z=30600.0  150 tracks,  0 unsupported particles ignored
FOR009.DAT Region 19 z=32400.0  150 tracks,  0 unsupported particles ignored
FOR009.DAT Region 20 z=34200.0  150 tracks,  0 unsupported particles ignored
FOR009.DAT Region 21 z=36000.0  150 tracks,  0 unsupported particles ignored
FOR009.DAT Region 22 z=37800.0  150 tracks,  0 unsupported particles ignored
FOR009.DAT Region 23 z=39600.0  149 tracks,  0 unsupported particles ignored
FOR009.DAT Region 24 z=41400.0  148 tracks,  0 unsupported particles ignored
FOR009.DAT Region 25 z=43200.0  148 tracks,  0 unsupported particles ignored
FOR009.DAT Region 26 z=45000.0  147 tracks,  0 unsupported particles ignored
FOR009.DAT Region 27 z=46800.0  147 tracks,  0 unsupported particles ignored
FOR009.DAT Region 28 z=48600.0  146 tracks,  0 unsupported particles ignored
FOR009.DAT Region 29 z=50400.0  146 tracks,  0 unsupported particles ignored
FOR009.DAT Region 30 z=52200.0  146 tracks,  0 unsupported particles ignored
FOR009.DAT Region 31 z=54000.0  145 tracks,  0 unsupported particles ignored
FOR009.DAT Region 32 z=55800.0  144 tracks,  0 unsupported particles ignored
FOR009.DAT Region 33 z=57600.0  144 tracks,  0 unsupported particles ignored
FOR009.DAT Region 34 z=59400.0  144 tracks,  0 unsupported particles ignored
FOR009.DAT Region 35 z=61200.0  144 tracks,  0 unsupported particles ignored
FOR009.DAT Region 36 z=63000.0  144 tracks,  0 unsupported particles ignored
FOR009.DAT Region 37 z=64800.0  142 tracks,  0 unsupported particles ignored
FOR009.DAT Region 38 z=66600.0  142 tracks,  0 unsupported particles ignored
FOR009.DAT Region 39 z=68400.0  142 tracks,  0 unsupported particles ignored
FOR009.DAT Region 40 z=70200.0  142 tracks,  0 unsupported particles ignored
FOR009.DAT Region 41 z=72000.0  142 tracks,  0 unsupported particles ignored
NTuple wrote Root File 'g4beamline.root'

Exceptions: 0 Fatal, 0 Events Aborted, 0 Stuck Tracks (stopped), 2 Warnings
      1 times: Check number of field voxels
      1 times: EM Field Extends Outside World
g4beamline: simulation complete
