#BLTrackFile VirtualDetector/beamDet
#x y z Px Py Pz t PDGid EventID TrackID ParentID Weight
#mm mm mm MeV/c MeV/c MeV/c ns - - - - -
0.640104 8.55046 73810 -26.0731 5.66816 208.622 467.458 -13 2 1 0 1
-16.2759 14.4293 73810 -21.9633 -2.62849 190.385 467.153 -13 3 1 0 1
4.27709 31.1686 73810 -23.2797 25.6824 198.58 467.362 -13 4 1 0 1
-22.8135 16.6013 73810 -27.6456 -8.52326 197.683 467.379 -13 5 1 0 1
4.77979 16.7853 73810 -2.97756 5.3706 205.325 467.362 -13 6 1 0 1
-39.3254 43.5013 73810 -63.4772 4.75772 198.046 467.349 -13 7 1 0 1
9.45161 13.9023 73810 -1.93832 21.6673 201.491 467.297 -13 8 1 0 1
11.9577 -3.39325 73810 -7.6768 1.53809 190.214 467.273 -13 9 1 0 1
47.658 33.9234 73810 5.41538 57.464 215.565 467.207 -13 10 1 0 1
5.93305 23.6741 73810 -21.6486 32.2548 221.296 467.041 -13 11 1 0 1
-29.258 1.73791 73810 -40.8564 -44.6341 218.661 467.153 -13 12 1 0 1
-28.5846 4.52022 73810 -54.6161 9.99628 245.556 467.222 -13 14 1 0 1
-53.333 37.6212 73810 -60.4589 11.7968 215.026 467.052 -13 15 1 0 1
-7.19561 36.3917 73810 -24.0305 35.257 204.929 467.115 -13 16 1 0 1
0.218063 0.574251 73810 -14.559 -10.8282 213.716 467.05 -13 17 1 0 1
-0.598658 20.4928 73810 0.0595801 27.8984 219.254 466.984 -13 18 1 0 1
-21.0373 -1.48072 73810 -45.1476 -5.97965 202.334 467.167 -13 19 1 0 1
3.25483 20.79 73810 -9.71071 20.0032 200.988 467.177 -13 20 1 0 1
-8.18677 11.9692 73810 -13.643 -9.8455 210.031 467.316 -13 21 1 0 1
-5.21239 -5.79192 73810 -11.2811 -8.76181 210.153 467.313 -13 22 1 0 1
10.6229 7.65409 73810 1.14244 32.4568 215.429 467.45 -13 23 1 0 1
18.6421 15.2334 73810 0.559262 20.3614 200.662 467.373 -13 24 1 0 1
-8.90031 -6.1051 73810 21.0355 -34.998 239.348 467.396 -13 25 1 0 1
36.3153 11.5616 73810 25.3365 41.602 196.039 467.36 -13 26 1 0 1
15.9115 -4.97631 73810 7.06008 11.9226 228.171 467.084 -13 27 1 0 1
-2.89335 26.3837 73810 -13.2273 26.6688 210.087 466.996 -13 28 1 0 1
21.7692 3.53913 73810 17.7284 25.6444 207.151 467.05 -13 29 1 0 1
0.0367446 49.3446 73810 -35.1535 19.7683 189.333 467.216 -13 30 1 0 1
-43.7373 -15.1098 73810 -28.71 -19.408 222.236 467.005 -13 31 1 0 1
18.5169 23.1994 73810 3.55519 50.7721 246.235 467.609 -13 32 1 0 1
-20.9174 45.6282 73810 -36.6425 35.7124 208.731 467.102 -13 33 1 0 1
14.6503 37.079 73810 -22.7996 13.6183 193.788 467.294 -13 36 1 0 1
44.007 -37.9979 73810 46.8052 -8.17595 229.683 467.307 -13 37 1 0 1
25.5355 20.5136 73810 7.7254 17.0263 206.555 467.279 -13 38 1 0 1
-8.23961 1.25589 73810 -22.0253 21.1709 236.984 467.462 -13 40 1 0 1
-3.21333 1.38298 73810 -1.93373 16.283 230.198 467.099 -13 41 1 0 1
7.99331 -11.7923 73810 15.6427 9.8336 217.793 467.096 -13 42 1 0 1
22.6787 19.8394 73810 0.514584 43.4042 239.008 467.222 -13 44 1 0 1
-4.29191 17.3942 73810 -39.4237 6.158 249.739 467.267 -13 45 1 0 1
4.50602 8.07702 73810 8.70898 32.258 245.635 467.233 -13 46 1 0 1
19.1725 2.27859 73810 -0.714002 15.4554 194.368 467.631 -13 47 1 0 1
-26.7505 -8.8827 73810 -69.8113 -38.8328 245.232 467.728 -13 48 1 0 1
-25.2015 18.6534 73810 -23.5047 0.144721 244.12 467.498 -13 49 1 0 1
14.3142 3.60424 73810 24.888 -4.04633 218.151 467.287 -13 53 1 0 1
-7.8325 15.6419 73810 -19.0637 10.6915 208.153 467.17 -13 54 1 0 1
5.58277 9.66468 73810 -11.6625 21.1777 228.897 467.083 -13 55 1 0 1
-17.7161 15.2291 73810 -28.349 0.691078 198.893 467.191 -13 56 1 0 1
19.3586 7.60159 73810 -10.3684 10.6598 247.921 467.195 -13 57 1 0 1
-13.5035 9.68734 73810 -19.127 17.454 210.046 467.331 -13 59 1 0 1
6.98443 13.429 73810 -5.39093 7.10701 204.065 467.188 -13 60 1 0 1
-3.76309 7.27686 73810 -14.7348 10.1662 204.426 467.241 -13 61 1 0 1
-27.3023 26.3242 73810 -37.4999 11.7057 198.317 467.083 -13 62 1 0 1
7.75819 14.5773 73810 31.3479 18.1789 237.236 467.19 -13 63 1 0 1
-36.5703 17.6387 73810 -68.8969 22.4992 229.991 467.795 -13 64 1 0 1
13.2444 -5.39847 73810 -12.4203 -9.45307 221.921 467.73 -13 66 1 0 1
-11.2629 5.76232 73810 -24.9493 24.7522 232.91 467.351 -13 67 1 0 1
-14.2324 11.3314 73810 -31.092 14.0949 225.07 467.813 -13 70 1 0 1
20.4223 -17.0435 73810 23.2231 21.3816 254.82 467.443 -13 72 1 0 1
-20.5391 15.2671 73810 -36.7138 11.596 199.433 467.355 -13 74 1 0 1
10.8907 22.1842 73810 0.354368 13.553 204.918 467.111 -13 75 1 0 1
-13.3508 11.3205 73810 -10.9064 21.4399 210.866 467.076 -13 76 1 0 1
-27.3615 36.2871 73810 -27.0324 19.9493 212.488 467.311 -13 77 1 0 1
-3.13021 14.6348 73810 -33.6064 10.8596 203.987 467.298 -13 78 1 0 1
-0.868518 4.54061 73810 -13.059 6.65152 201.221 467.342 -13 79 1 0 1
13.6192 23.2677 73810 -13.2547 32.6652 194.154 467.214 -13 80 1 0 1
-27.7385 4.33459 73810 -25.1743 -13.7697 195.96 467.391 -13 81 1 0 1
-5.09484 3.67069 73810 -16.0482 -3.12695 197.614 467.408 -13 82 1 0 1
-6.43154 43.4173 73810 -29.1991 35.0828 198.794 467.366 -13 83 1 0 1
-4.74427 16.9608 73810 -27.5256 6.53522 201.513 467.145 -13 85 1 0 1
23.0007 24.3544 73810 -10.376 32.2527 210.952 467.125 -13 86 1 0 1
11.5345 1.44246 73810 -6.76116 10.6613 202.989 467.27 -13 87 1 0 1
16.9041 18.3504 73810 21.41 23.5904 210.815 467.317 -13 88 1 0 1
-13.8902 29.2229 73810 -50.2704 7.20301 206.957 467.363 -13 89 1 0 1
6.78388 23.3216 73810 -4.51764 22.4853 225.438 467.176 -13 90 1 0 1
4.36789 44.5348 73810 -36.4609 40.6487 199.474 467.262 -13 91 1 0 1
-7.60481 51.187 73810 -38.24 22.0041 203.739 467.184 -13 92 1 0 1
35.8726 0.99327 73810 37.5936 17.6352 238.367 466.98 -13 93 1 0 1
-6.60573 17.6309 73810 -13.2168 2.8087 194.46 467.275 -13 94 1 0 1
-0.750925 37.666 73810 -24.2458 28.7895 197.881 467.448 -13 95 1 0 1
-17.0254 15.3296 73810 -27.0751 6.65078 194.899 467.416 -13 96 1 0 1
26.9007 -10.2185 73810 24.91 3.62529 202.492 467.291 -13 97 1 0 1
-12.3401 34.1227 73810 -34.1178 2.35942 206.177 467.259 -13 98 1 0 1
0.605969 22.2318 73810 -4.62611 21.0142 217.111 467.066 -13 99 1 0 1
-6.67471 54.4347 73810 -29.4448 45.8876 207.69 467.559 -13 100 1 0 1
9.97975 -0.191339 73810 -18.377 -0.79669 205.233 467.25 -13 101 1 0 1
-4.78748 37.1641 73810 -20.3302 23.2526 175.688 467.268 -13 103 1 0 1
14.2289 16.6553 73810 -11.1636 36.6932 239.182 467.246 -13 104 1 0 1
63.5373 11.977 73810 34.1001 42.4957 187.51 467.436 -13 106 1 0 1
16.7554 26.0998 73810 -2.96057 51.0641 207.223 468.055 -13 110 1 0 1
13.7961 -1.61309 73810 27.238 -8.89863 244.297 467.334 -13 112 1 0 1
-8.56326 29.3198 73810 -15.9948 -0.62537 183.19 467.052 -13 113 1 0 1
-12.6881 -0.470606 73810 -17.733 12.5002 245.944 467.232 -13 115 1 0 1
25.1012 -4.70511 73810 21.7622 18.7837 243.265 467.412 -13 116 1 0 1
-11.7693 -3.20617 73810 -15.6324 -24.5647 214.732 467.31 -13 117 1 0 1
-25.8932 23.2172 73810 -8.2989 14.0059 187.378 468.577 -13 119 1 0 1
-9.20087 31.5482 73810 -20.6344 34.7999 205.116 467.637 -13 121 1 0 1
6.26751 -33.5185 73810 24.1866 -38.1431 237.424 467.627 -13 122 1 0 1
16.6023 28.0526 73810 15.8877 35.4281 231.865 467.971 -13 123 1 0 1
2.5681 34.1446 73810 -16.3787 16.6891 191.593 467.198 -13 125 1 0 1
-7.66678 -17.0253 73810 -9.74642 -26.5221 228.367 467.702 -13 126 1 0 1
5.26559 8.94638 73810 9.95679 28.6332 232.577 467.68 -13 129 1 0 1
-1.19785 65.5152 73810 -51.1627 23.8572 181.331 467.611 -13 132 1 0 1
-3.19886 38.4396 73810 -29.9325 43.2594 200.137 467.453 -13 133 1 0 1
-9.85272 10.2157 73810 4.56767 8.82554 249.343 467.156 -13 134 1 0 1
1.81215 16.9617 73810 0.974914 16.4082 196.336 467.306 -13 135 1 0 1
-15.9439 11.8635 73810 -9.47611 -0.853727 238.793 467.121 -13 136 1 0 1
22.1546 30.4154 73810 -3.71803 60.6459 228.586 467.25 -13 137 1 0 1
18.1946 -6.92287 73810 33.5722 14.1025 226.027 467.105 -13 139 1 0 1
-7.54683 25.5021 73810 -19.387 8.3514 197.752 467.033 -13 140 1 0 1
19.0281 2.07408 73810 20.4488 22.6873 235.173 467.079 -13 141 1 0 1
6.83662 14.9928 73810 7.67919 14.1181 238.756 467.129 -13 142 1 0 1
0.17955 -13.7942 73810 4.08885 3.74727 202.976 467.413 -13 144 1 0 1
28.0281 21.9256 73810 1.10298 30.9049 207.921 467.353 -13 145 1 0 1
-25.9241 7.60795 73810 -19.3341 -20.3963 209.836 467.404 -13 146 1 0 1
4.39156 1.42719 73810 -9.48043 11.3906 210.878 467.401 -13 147 1 0 1
16.7871 41.5711 73810 -23.7437 42.5063 206.963 467.409 -13 148 1 0 1
2.76671 -3.28712 73810 1.40439 -3.09414 196.218 467.166 -13 149 1 0 1
5.44483 9.10911 73810 -10.6954 13.5657 203.583 467.394 -13 150 1 0 1
-22.295 22.4107 73810 -34.8263 16.6847 209.922 467.354 -13 151 1 0 1
5.68091 21.6012 73810 -3.14893 21.463 205.722 467.408 -13 152 1 0 1
-12.1605 47.8575 73810 -36.6716 72.7271 225.426 467.853 -13 155 1 0 1
0.25908 4.61084 73810 10.2387 29.3527 245.478 467.184 -13 156 1 0 1
-15.3775 -0.619702 73810 -37.637 -6.83179 232.706 467.673 -13 159 1 0 1
-5.85072 12.4334 73810 -13.6703 78.9171 256.411 467.764 -13 161 1 0 1
12.4296 28.0742 73810 -1.89039 38.0578 236.419 467.281 -13 162 1 0 1
13.9212 3.01032 73810 -1.57569 23.2701 197.046 467.219 -13 163 1 0 1
16.4531 8.11279 73810 -4.39313 3.48315 192.992 467.257 -13 164 1 0 1
-9.79959 8.16825 73810 -42.4073 15.5306 230.958 467.114 -13 167 1 0 1
-13.7744 23.9627 73810 -21.8747 9.74504 196.294 467.387 -13 168 1 0 1
21.9073 39.4724 73810 -3.16153 37.7047 195.877 467.277 -13 169 1 0 1
-28.0499 5.45455 73810 -26.0532 -2.4085 215.623 467.042 -13 170 1 0 1
-10.4279 6.06505 73810 -26.8155 0.798524 204.91 467.034 -13 171 1 0 1
-14.6292 11.1277 73810 -4.34906 6.41854 203.726 467.117 -13 172 1 0 1
9.17455 -3.33164 73810 8.09588 -5.44629 184.208 467.306 -13 176 1 0 1
16.0705 43.6919 73810 -11.5565 49.496 209.853 467.806 -13 177 1 0 1
-1.76309 11.115 73810 10.6011 -0.214369 240.962 467.588 -13 178 1 0 1
20.4575 6.94329 73810 20.5394 16.3959 242.92 467.514 -13 179 1 0 1
-1.25986 2.91905 73810 -8.50992 0.610639 198.965 467.718 -13 180 1 0 1
-24.6438 -25.3094 73810 -0.566897 -17.7621 217.108 466.997 -13 181 1 0 1
-17.5119 12.774 73810 -30.0469 10.2171 191.642 467.256 -13 183 1 0 1
13.9855 -9.83919 73810 11.7841 19.9537 211.644 467.026 -13 185 1 0 1
-3.59782 37.3442 73810 -27.9845 26.1488 194.922 467.106 -13 186 1 0 1
-4.95763 33.7311 73810 -35.7571 15.6259 208.03 467.069 -13 187 1 0 1
17.4417 -8.92959 73810 23.7037 6.52223 221.305 467.08 -13 188 1 0 1
7.41018 7.8419 73810 -9.79712 14.7528 219.869 466.948 -13 189 1 0 1
11.008 -7.9026 73810 14.6911 20.3362 223.959 467.146 -13 190 1 0 1
5.00181 22.6098 73810 -14.2535 37.7831 224.006 467.063 -13 192 1 0 1
2.6421 9.74806 73810 -13.3682 14.9401 197.149 467.146 -13 193 1 0 1
-3.16997 18.9142 73810 -27.8258 9.44444 196.827 467.076 -13 194 1 0 1
21.5512 0.445182 73810 19.7051 5.54398 227.022 466.975 -13 195 1 0 1
25.5895 -7.60052 73810 17.152 10.0678 216.23 466.971 -13 197 1 0 1
-21.3875 1.22357 73810 -44.4554 4.12763 256.035 467.21 -13 199 1 0 1
-11.853 -20.1672 73810 -7.84029 -36.4549 194.401 467.196 -13 200 1 0 1
-10.205 -13.7597 73810 -15.7595 -8.28345 212.369 466.934 -13 201 1 0 1
-23.142 20.5914 73810 -31.6605 4.12835 193.791 467.199 -13 202 1 0 1
-12.9948 24.5225 73810 -31.6418 1.67675 185.747 467.278 -13 203 1 0 1
2.7171 5.29635 73810 -3.11393 -16.7206 201.5 467.147 -13 204 1 0 1
-8.94936 -2.37217 73810 -13.1308 -5.47317 205.631 467.029 -13 205 1 0 1
11.335 -4.19061 73810 -7.67512 -0.466228 191.789 467.145 -13 206 1 0 1
18.7013 17.1966 73810 -5.03197 13.4822 211.303 467.147 -13 207 1 0 1
5.59407 -10.3857 73810 -27.5143 -4.01894 262.907 467.582 -13 208 1 0 1
-12.5291 -5.39809 73810 -5.8313 -1.47589 199.14 467.038 -13 209 1 0 1
-0.703606 3.63593 73810 -19.9565 -3.70504 184.863 466.839 -13 210 1 0 1
40.1695 -7.0094 73810 -3.98987 7.41416 208.364 467.035 -13 211 1 0 1
-27.9256 36.7875 73810 -36.8669 33.9986 220.34 467.302 -13 213 1 0 1
19.8046 14.9043 73810 16.9264 25.4128 246.574 467.544 -13 214 1 0 1
-43.4192 4.72166 73810 -15.4158 8.61657 235.574 467.195 -13 216 1 0 1
21.1232 36.3579 73810 -9.58467 26.4893 208.112 467.583 -13 217 1 0 1
-40.5456 19.2189 73810 -67.9859 -17.1245 210.596 467.169 -13 219 1 0 1
48.9154 6.38527 73810 45.0648 28.3688 242.653 467.361 -13 220 1 0 1
6.48385 -11.5149 73810 24.3882 -5.60434 211.429 467.733 -13 227 1 0 1
16.3972 19.2314 73810 -5.7254 31.0524 216.868 467.776 -13 228 1 0 1
11.1693 -1.78297 73810 26.5473 5.26584 220.28 467.739 -13 229 1 0 1
-4.23076 8.79436 73810 -11.4186 -8.55112 207.289 467.131 -13 230 1 0 1
-14.5371 -9.33457 73810 -38.705 -31.9826 209.89 467.115 -13 231 1 0 1
18.817 46.5441 73810 -15.9631 41.7887 197.8 467.15 -13 232 1 0 1
-19.4407 24.1328 73810 -46.304 4.09522 194.113 467.301 -13 233 1 0 1
7.38475 49.3531 73810 -30.7316 36.5074 189.034 467.452 -13 234 1 0 1
-20.5445 -8.66322 73810 -53.4843 7.09252 220.664 467.269 -13 235 1 0 1
-0.360782 23.7842 73810 -32.9764 4.27366 204.291 467.192 -13 236 1 0 1
18.9372 56.1482 73810 -39.8448 41.7904 189.019 467.466 -13 237 1 0 1
-41.6356 3.94764 73810 -36.4484 -15.1193 202.766 467.065 -13 238 1 0 1
-27.3826 -5.8062 73810 -13.6107 -23.5928 198.755 467.384 -13 241 1 0 1
-4.3833 28.6787 73810 -9.90709 31.9991 200.357 467.487 -13 242 1 0 1
11.8319 18.2673 73810 14.3924 26.183 204.019 466.969 -13 243 1 0 1
-23.0228 14.6937 73810 -18.8933 4.48307 216.693 466.919 -13 244 1 0 1
25.213 -2.57575 73810 -9.25833 -0.0993232 268.648 467.449 -13 245 1 0 1
-24.8484 32.8288 73810 -60.3695 -14.6568 185.942 467.371 -13 246 1 0 1
11.7005 18.469 73810 -1.75587 60.0318 247.189 467.208 -13 247 1 0 1
-0.760391 -5.15738 73810 -18.4697 -22.5902 189.682 467.315 -13 248 1 0 1
10.6162 14.1517 73810 -11.6334 16.3019 198.056 467.333 -13 249 1 0 1
-5.98405 35.6585 73810 -25.7609 41.1874 200.418 467.315 -13 250 1 0 1
-22.5507 -15.439 73810 -13.4167 -17.7627 219.108 467.144 -13 251 1 0 1
12.9935 31.7052 73810 -28.9837 44.7472 209.64 467.116 -13 252 1 0 1
6.48827 26.0435 73810 4.49773 38.895 211.201 467.28 -13 253 1 0 1
-1.19312 17.295 73810 1.11328 25.982 210.734 467.293 -13 254 1 0 1
-19.3415 54.8574 73810 -50.8538 23.7261 208.83 467.301 -13 255 1 0 1
12.0371 11.0977 73810 20.4995 23.8521 211.214 467.239 -13 256 1 0 1
15.2947 -7.95174 73810 8.5455 7.10716 232.353 467.119 -13 257 1 0 1
20.8587 22.2164 73810 7.65615 27.7365 210.675 467.274 -13 258 1 0 1
18.625 19.3816 73810 -1.70156 2.41752 236.288 467.746 -13 260 1 0 1
-5.10884 12.5492 73810 -12.5908 7.8865 219.855 466.97 -13 263 1 0 1
-14.6486 -18.1759 73810 1.78735 6.67523 203.062 468.351 -13 264 1 0 1
10.0245 -1.07664 73810 12.333 10.2499 220.699 466.946 -13 265 1 0 1
-12.2151 -4.05052 73810 -24.129 14.8206 244.771 467.299 -13 266 1 0 1
-11.6482 67.3224 73810 -45.3987 66.7057 229.637 467.594 -13 267 1 0 1
7.1863 35.0608 73810 -27.6255 41.3321 202.388 467.124 -13 268 1 0 1
15.2501 14.2547 73810 2.13849 40.6976 222.502 467.859 -13 269 1 0 1
-1.07405 2.88984 73810 -25.5827 22.3128 249.182 467.649 -13 272 1 0 1
4.8264 38.0332 73810 -31.8141 42.9771 217.219 467.263 -13 273 1 0 1
31.726 6.2766 73810 23.1905 8.20763 193.697 467.673 -13 274 1 0 1
-3.13388 -7.71396 73810 31.6623 11.6411 248.815 467.376 -13 275 1 0 1
-58.435 64.3039 73810 -90.8789 -3.49133 241.853 467.527 -13 277 1 0 1
5.58599 25.5551 73810 -29.2068 17.0867 194.621 467.428 -13 279 1 0 1
-19.2367 1.02298 73810 -0.916443 4.68639 206.93 467.221 -13 280 1 0 1
3.71351 3.23165 73810 18.7122 17.5903 207.129 467.111 -13 281 1 0 1
-1.04348 6.64858 73810 0.567584 7.24997 198.56 467.08 -13 282 1 0 1
19.0862 25.6993 73810 -8.06788 23.0788 200.879 467.169 -13 283 1 0 1
23.6804 47.643 73810 -5.36598 37.1821 193.243 467.395 -13 284 1 0 1
0.291402 33.8797 73810 -18.4093 18.2706 200.23 467.48 -13 285 1 0 1
4.67976 8.81068 73810 20.3884 36.1811 223.058 467.1 -13 286 1 0 1
-27.6408 57.6766 73810 -47.7969 3.80955 168.119 467.318 -13 288 1 0 1
-9.34439 -6.61145 73810 10.7243 -13.0612 241.877 467.366 -13 292 1 0 1
-26.7425 -14.4182 73810 -32.8922 -19.2044 226.329 467.254 -13 294 1 0 1
2.67372 7.86636 73810 -1.07159 42.869 238.592 467.503 -13 295 1 0 1
-19.8317 2.2487 73810 -13.8373 9.25547 248.164 467.292 -13 296 1 0 1
-18.8653 11.0231 73810 -32.9608 -10.6751 202.536 467.248 -13 297 1 0 1
15.5586 17.864 73810 7.53062 14.8862 203.649 467.234 -13 298 1 0 1
19.3498 42.331 73810 22.9252 62.8147 207.782 467.333 -13 299 1 0 1
14.8644 45.774 73810 -26.9712 38.4458 203.586 467.35 -13 300 1 0 1
13.0559 58.8115 73810 -5.36387 60.5768 207.641 467.228 -13 301 1 0 1
6.84647 20.9862 73810 -18.2606 6.42078 197.937 467.32 -13 302 1 0 1
-22.0083 13.8341 73810 -25.1437 -0.447392 196.082 467.249 -13 304 1 0 1
-16.9016 32.6783 73810 -35.3625 -6.09949 195.086 467.275 -13 305 1 0 1
22.9376 10.9223 73810 7.90926 16.9282 205.189 467.39 -13 306 1 0 1
20.6653 11.2843 73810 23.3661 19.4211 243.584 467.171 -13 307 1 0 1
4.63059 -1.58186 73810 12.5335 5.6205 234.164 467.029 -13 308 1 0 1
5.8051 -15.1355 73810 28.8083 -0.163472 236.98 467.123 -13 309 1 0 1
-6.18893 37.8791 73810 -16.1117 15.5257 222.226 467.198 -13 310 1 0 1
12.5848 28.6863 73810 -1.70169 47.097 223.39 467.195 -13 312 1 0 1
29.162 4.28095 73810 40.388 23.58 219.333 467.918 -13 313 1 0 1
1.05637 -14.8638 73810 37.1897 -5.11437 226.616 467.127 -13 314 1 0 1
2.80911 25.9579 73810 -23.4826 11.9811 204.472 467.101 -13 315 1 0 1
5.81908 -6.44257 73810 0.509087 -1.82906 203.218 467.062 -13 316 1 0 1
-8.87209 18.6789 73810 -6.64263 16.9386 207.27 467.446 -13 319 1 0 1
-5.00432 14.3197 73810 -19.6899 2.34962 192.803 467.126 -13 321 1 0 1
0.297619 17.0158 73810 -1.46606 14.7149 201.336 467.441 -13 324 1 0 1
-4.77161 37.5571 73810 -25.6997 26.3719 204.921 467.449 -13 325 1 0 1
-17.0525 -14.3719 73810 -15.6925 -6.15134 200.372 466.965 -13 326 1 0 1
4.40466 33.6174 73810 -10.8868 34.4733 224.896 467.852 -13 327 1 0 1
-44.8054 21.0713 73810 -57.3014 -16.2508 191.554 467.238 -13 328 1 0 1
-35.2426 -16.2821 73810 -47.94 -32.008 219.03 467.116 -13 329 1 0 1
12.0112 11.9391 73810 -18.9649 47.7054 232.332 467.06 -13 330 1 0 1
27.0191 -13.0892 73810 10.3855 16.0418 248.278 467.708 -13 331 1 0 1
-22.8559 13.4085 73810 -31.2721 5.71031 205.47 467.1 -13 332 1 0 1
-9.73855 36.9468 73810 -29.8912 20.3523 228.894 467.128 -13 333 1 0 1
8.30636 2.00143 73810 -13.6926 0.808105 207.34 467.076 -13 334 1 0 1
-3.78765 38.9523 73810 -31.0192 21.1218 213.524 467.108 -13 335 1 0 1
22.4783 35.3687 73810 -9.66221 38.2318 203.037 467.36 -13 336 1 0 1
-7.99793 41.3365 73810 -32.6675 64.6922 222.367 466.893 -13 337 1 0 1
-13.531 47.9772 73810 -55.1875 29.5708 199.767 467.295 -13 338 1 0 1
-22.4282 -26.9967 73810 -6.3381 -35.0777 212.813 467.204 -13 340 1 0 1
-17.5245 26.6124 73810 -33.856 16.0231 192.633 467.174 -13 341 1 0 1
-7.32725 19.9901 73810 -6.65954 34.9623 209.846 467.336 -13 342 1 0 1
12.2953 56.5826 73810 -19.3746 45.1255 201.684 467.298 -13 343 1 0 1
-16.9857 45.5749 73810 -50.6611 20.8284 191.664 467.364 -13 344 1 0 1
-8.72084 0.769461 73810 -23.2638 -5.99665 197.952 467.272 -13 345 1 0 1
54.9557 20.3302 73810 53.7701 43.8276 221.905 467.176 -13 346 1 0 1
2.40467 10.5548 73810 1.12036 20.1443 231.09 467.238 -13 351 1 0 1
-2.36569 -1.39624 73810 -13.1913 2.85902 224.346 467.068 -13 352 1 0 1
-1.5117 -8.54879 73810 -0.117035 1.94044 237.017 467.115 -13 356 1 0 1
9.39237 7.54559 73810 -4.21778 -9.75503 178.205 467.631 -13 357 1 0 1
31.8409 23.6426 73810 5.96157 35.8675 243.006 467.57 -13 358 1 0 1
5.05686 32.61 73810 -6.64228 51.8663 230.044 466.894 -13 359 1 0 1
24.7523 26.2523 73810 12.9482 49.6925 222.673 467.746 -13 360 1 0 1
-8.81525 24.941 73810 -37.2305 35.6854 227.833 467.285 -13 361 1 0 1
-3.11636 -20.4081 73810 19.4365 -18.5032 236.696 467.417 -13 363 1 0 1
-56.9455 4.35668 73810 -52.8948 -16.1005 202.761 468.32 -13 366 1 0 1
26.4103 35.3822 73810 9.60357 63.7827 218.584 467.215 -13 367 1 0 1
-21.8067 -36.3702 73810 -4.55896 -8.80949 235.553 467.746 -13 370 1 0 1
5.92398 25.4468 73810 -28.7094 45.7632 188.949 467.163 -13 371 1 0 1
-19.5657 -19.6171 73810 12.4943 -7.94734 235.068 467.26 -13 372 1 0 1
22.9869 7.9415 73810 20.2789 23.1548 226.196 467.459 -13 374 1 0 1
2.35615 28.9058 73810 -23.9421 0.437537 182.604 467.106 -13 375 1 0 1
-21.8208 -1.80632 73810 -5.85955 -13.3806 247.406 467.338 -13 376 1 0 1
-33.7735 -3.93136 73810 -36.4065 -29.6535 219.701 467.876 -13 377 1 0 1
-22.819 -23.5535 73810 -21.2051 -19.021 216.241 468.1 -13 381 1 0 1
0.894241 11.5839 73810 -18.6208 6.77303 232.82 467.792 -13 383 1 0 1
-11.2499 -20.6857 73810 -2.74673 -20.1614 237.055 467.134 -13 387 1 0 1
-5.93812 -6.48311 73810 6.1837 12.4176 236.694 467.139 -13 388 1 0 1
-28.12 -11.5297 73810 -59.6568 -24.1615 217.645 467.972 -13 389 1 0 1
-11.2763 9.66548 73810 -20.2536 16.5285 210.901 467.991 -13 390 1 0 1
-4.31288 15.1232 73810 -4.18868 34.7848 239.838 467.106 -13 391 1 0 1
-14.5896 10.1839 73810 -2.16677 -0.426612 238.188 467.104 -13 392 1 0 1
2.52522 19.5602 73810 -7.90021 -2.24977 196.663 467.269 -13 393 1 0 1
-27.5684 10.6635 73810 -31.6056 -12.4129 200.347 467.138 -13 394 1 0 1
19.3462 27.6477 73810 -23.5759 19.9573 202.402 467.278 -13 395 1 0 1
-15.7309 -5.28125 73810 -8.78022 -26.2407 207.242 467.152 -13 396 1 0 1
-7.64019 47.068 73810 -50.3575 16.08 217.57 467.448 -13 397 1 0 1
-13.8404 19.5752 73810 -51.5836 1.82604 246.541 467.366 -13 398 1 0 1
-11.9805 5.67861 73810 -20.0879 4.5947 220.457 467.016 -13 399 1 0 1
-17.4486 11.5176 73810 -20.369 -15.7586 189.118 467.233 -13 401 1 0 1
-16.3687 24.3564 73810 -23.6186 11.9006 205.587 467.014 -13 402 1 0 1
-12.8875 15.1677 73810 -9.25389 26.3934 220.23 466.958 -13 403 1 0 1
1.03933 37.0034 73810 -20.6528 46.1106 224.268 467.048 -13 404 1 0 1
11.5496 41.7116 73810 -17.2921 39.1106 198.932 467.228 -13 405 1 0 1
9.28881 9.15345 73810 -24.1578 31.7484 216.057 467.076 -13 406 1 0 1
5.23991 11.4126 73810 0.222288 10.1012 256.768 467.296 -13 407 1 0 1
0.795253 27.9421 73810 -22.134 7.35369 195.922 467.127 -13 408 1 0 1
4.29775 18.4616 73810 -4.73782 24.0654 196.312 467.184 -13 409 1 0 1
-29.4827 -47.3828 73810 -2.63492 -34.331 189.276 467.583 -13 410 1 0 1
11.7193 21.2403 73810 -1.11993 42.3862 221.908 467.112 -13 411 1 0 1
-32.6677 -17.4178 73810 -16.7705 -41.2787 232.944 467.515 -13 412 1 0 1
70.9521 11.3576 73810 18.3575 63.2643 203.776 467.471 -13 413 1 0 1
22.3427 -29.7659 73810 19.3787 15.4165 195.404 468.623 -13 414 1 0 1
22.4463 -9.56282 73810 10.1375 29.1389 224.092 467.09 -13 415 1 0 1
19.6394 12.2289 73810 16.0207 27.4068 213.544 467.047 -13 416 1 0 1
12.8088 26.7163 73810 8.8336 38.8683 210.901 467.162 -13 417 1 0 1
8.28234 0.403998 73810 -55.6765 29.6945 252.603 467.697 -13 418 1 0 1
31.7663 56.7722 73810 -14.5828 49.5087 216.039 467.442 -13 419 1 0 1
-2.66627 25.8653 73810 -18.7155 17.6718 201.267 467.068 -13 420 1 0 1
-6.90899 -10.7384 73810 -6.24046 -39.5192 240.13 467.117 -13 421 1 0 1
-29.9814 24.0549 73810 -48.5448 1.91232 193.493 467.175 -13 422 1 0 1
-2.77934 18.4175 73810 -8.37177 16.0369 192.952 467.126 -13 423 1 0 1
4.56534 -11.449 73810 -10.278 7.07567 218.132 467.14 -13 424 1 0 1
-0.586536 8.25146 73810 -24.4287 -17.5591 202.083 467.205 -13 425 1 0 1
-2.6172 40.1363 73810 -16.6899 21.0379 230.023 467.113 -13 427 1 0 1
-1.86555 9.09401 73810 -13.765 19.6126 206.881 467.165 -13 428 1 0 1
-1.56792 60.3956 73810 -8.30962 89.7398 219.619 467.061 -13 429 1 0 1
3.76915 9.45386 73810 -15.7149 12.7913 204.598 467.063 -13 430 1 0 1
-41.652 44.0964 73810 -61.7743 33.5196 231.813 467.191 -13 431 1 0 1
27.1654 18.2002 73810 29.1148 33.6609 239.334 467.228 -13 432 1 0 1
16.8899 16.7641 73810 29.1299 22.4515 251.093 467.261 -13 433 1 0 1
-3.16355 -19.6611 73810 18.3759 -8.51315 247.383 467.276 -13 434 1 0 1
11.188 16.52 73810 -11.7597 27.828 214.356 467.033 -13 436 1 0 1
-5.08249 16.5049 73810 -22.9634 11.1662 230.27 467.083 -13 437 1 0 1
13.9556 -4.55479 73810 22.8326 31.7756 253.82 467.387 -13 438 1 0 1
14.4592 -0.545307 73810 0.727723 7.10443 248.636 467.318 -13 439 1 0 1
3.42158 -0.843882 73810 -2.49706 -0.00789177 239.615 467.443 -13 442 1 0 1
-12.8798 52.6333 73810 -39.8795 48.6211 207.319 468.112 -13 443 1 0 1
-30.4721 -40.2074 73810 28.6958 12.5466 304.859 467.206 -13 447 1 0 1
17.3219 14.6444 73810 -1.51772 8.85164 224.857 467.162 -13 449 1 0 1
7.39414 25.9497 73810 2.60497 32.9547 238.037 467.436 -13 450 1 0 1
42.8344 -0.711485 73810 65.8273 23.0308 250.509 467.521 -13 451 1 0 1
-14.1831 86.722 73810 -57.5903 64.9305 218.983 467.482 -13 452 1 0 1
22.6449 37.356 73810 24.4389 60.1432 229.908 467.938 -13 454 1 0 1
9.78603 26.1416 73810 -13.0002 31.6668 200.506 467.205 -13 455 1 0 1
-2.97118 3.49566 73810 27.8398 5.33997 243.696 467.497 -13 456 1 0 1
5.32178 16.7199 73810 -2.11895 6.60383 226.055 467.105 -13 457 1 0 1
4.7199 -9.19485 73810 -1.68325 2.79458 208.287 467.173 -13 460 1 0 1
-34.7949 33.8029 73810 -37.9592 28.3597 208.416 467.322 -13 462 1 0 1
2.6938 11.6194 73810 -34.7356 -0.595725 209.875 467.369 -13 463 1 0 1
5.8718 51.8175 73810 -16.2413 69.682 210.123 467.405 -13 464 1 0 1
14.5419 -12.6425 73810 -2.56916 11.5476 211.931 467.573 -13 465 1 0 1
-4.53914 6.71593 73810 -9.30503 8.05236 214.113 467.456 -13 466 1 0 1
9.20194 1.94381 73810 -17.8005 5.03765 257.38 467.19 -13 468 1 0 1
4.55017 0.629813 73810 -2.5944 17.3476 241.698 467.135 -13 469 1 0 1
-6.68401 44.6916 73810 -24.8069 35.0619 195.486 467.385 -13 470 1 0 1
12.3019 -4.17335 73810 18.3908 6.98793 225.626 467.078 -13 471 1 0 1
-2.68406 25.4943 73810 -16.312 -0.833391 200.876 467.308 -13 472 1 0 1
-5.63625 -3.38061 73810 0.971442 -5.48009 206.93 467.1 -13 473 1 0 1
16.2286 -20.9815 73810 13.643 16.5735 231.899 467.261 -13 474 1 0 1
-3.8173 23.7236 73810 -21.0138 51.9361 216.948 467.188 -13 475 1 0 1
0.641047 37.487 73810 -19.1851 39.3882 197.253 467.435 -13 476 1 0 1
6.0364 10.7251 73810 -4.0667 6.85692 200.305 467.069 -13 477 1 0 1
1.68632 -12.1797 73810 9.60142 -3.48519 225.456 467.111 -13 478 1 0 1
-30.5824 14.853 73810 -45.4185 5.88736 218.212 466.96 -13 479 1 0 1
30.8482 20.1771 73810 0.278827 29.1158 228.783 467.104 -13 480 1 0 1
14.4298 26.7392 73810 -15.0176 43.6682 196.406 467.28 -13 481 1 0 1
-15.3711 24.7308 73810 -42.0723 19.1341 194.818 467.324 -13 482 1 0 1
1.54768 50.6568 73810 -32.5723 43.5643 201.485 467.139 -13 483 1 0 1
33.0325 12.093 73810 11.6852 26.9575 220.043 467.114 -13 484 1 0 1
6.64084 4.43758 73810 -2.45157 21.2856 203.521 467.419 -13 485 1 0 1
-4.7291 13.6359 73810 -4.47436 24.1182 209.512 467.216 -13 486 1 0 1
-12.1471 -0.595275 73810 -18.8871 17.7531 225.912 467.012 -13 487 1 0 1
25.6888 5.62503 73810 14.3724 9.19738 235.748 467.458 -13 488 1 0 1
5.41248 4.4948 73810 -9.16606 36.5592 245.983 467.445 -13 491 1 0 1
2.80509 7.26401 73810 -18.6741 5.3881 227.504 467.148 -13 492 1 0 1
16.7854 1.57848 73810 16.9052 16.9678 243.221 467.54 -13 493 1 0 1
12.1186 16.3216 73810 3.81431 40.8881 244.11 467.441 -13 494 1 0 1
-15.5371 2.13874 73810 -33.7493 11.4 246.553 467.654 -13 495 1 0 1
-14.4173 23.9251 73810 -16.7667 19.2402 243.328 467.761 -13 498 1 0 1
-1.93176 30.9419 73810 -5.80176 40.1165 221.546 467.099 -13 500 1 0 1
-21.0992 35.5137 73810 -26.3614 55.0566 236.55 467.249 -13 501 1 0 1
-14.7976 7.9743 73810 -15.1119 19.5482 217.773 467.083 -13 502 1 0 1
-7.78907 -8.57256 73810 -21.0345 -20.4747 207.996 467.026 -13 503 1 0 1
9.16267 16.2116 73810 -0.358415 11.5952 204.982 468.027 -13 506 1 0 1
16.5776 93.5279 73810 -48.298 17.5624 166.616 468.964 -13 509 1 0 1
42.0842 -10.0163 73810 40.3884 19.5334 228.734 467.729 -13 510 1 0 1
33.3199 2.84299 73810 33.5002 33.0102 223.627 467.062 -13 511 1 0 1
-20.1009 38.202 73810 -37.202 26.3872 194.095 466.905 -13 512 1 0 1
19.3664 44.3466 73810 -12.2244 62.2036 219.003 467.267 -13 513 1 0 1
-34.8758 48.7246 73810 -44.1199 48.7166 224.685 467.021 -13 514 1 0 1
-23.5057 -1.37383 73810 -47.4945 -21.2554 224.369 467.048 -13 515 1 0 1
-4.10667 -2.03443 73810 0.705198 -7.34703 224.218 466.994 -13 516 1 0 1
14.6904 9.66483 73810 0.389251 3.92191 219.499 467.129 -13 517 1 0 1
17.4378 0.184854 73810 14.575 8.77487 214.241 466.966 -13 518 1 0 1
13.9538 34.9113 73810 45.2931 104.705 248.923 467.476 -13 520 1 0 1
-6.77974 8.04451 73810 0.336085 35.7936 235.509 467.099 -13 522 1 0 1
-17.1344 18.4342 73810 -27.3742 -4.11966 228.114 467.12 -13 523 1 0 1
13.3742 4.65093 73810 9.68472 31.8092 229.326 467.151 -13 524 1 0 1
-14.2456 -2.33851 73810 -15.8738 11.2929 211.035 467.094 -13 525 1 0 1
-5.92258 14.0977 73810 3.17407 35.3526 230.177 467.195 -13 526 1 0 1
42.4515 0.269578 73810 23.438 39.242 215.545 467.144 -13 527 1 0 1
6.20992 22.8376 73810 24.3227 105.757 247.433 467.386 -13 528 1 0 1
20.2533 -3.91186 73810 7.46006 3.93558 208.508 467.075 -13 529 1 0 1
19.6553 7.17694 73810 38.0796 18.0582 233.218 467.205 -13 530 1 0 1
0.230332 32.527 73810 -21.9011 18.729 207.923 467.191 -13 531 1 0 1
-9.0404 6.54982 73810 5.7651 20.5672 243.703 467.411 -13 532 1 0 1
-33.8959 15.7184 73810 -48.543 -27.4386 172.401 467.804 -13 534 1 0 1
-2.24583 8.80789 73810 -15.2088 25.4766 243.501 467.376 -13 538 1 0 1
5.48806 -9.36315 73810 -1.91438 3.07201 243.05 467.02 -13 539 1 0 1
2.88201 12.916 73810 -4.27138 11.0322 207.562 467.079 -13 542 1 0 1
14.3812 7.57358 73810 7.07806 -12.8652 243.368 467.276 -13 543 1 0 1
-0.699689 42.6991 73810 -45.0857 53.6782 214.123 467.967 -13 545 1 0 1
11.271 14.3364 73810 24.2563 27.7139 240.621 467.631 -13 546 1 0 1
12.6092 -1.56229 73810 -18.5491 -9.47196 257.067 467.561 -13 549 1 0 1
-5.52912 0.0240563 73810 -9.98252 18.4836 250.221 467.263 -13 550 1 0 1
-52.9155 1.59474 73810 -19.9686 -13.7909 204.567 467.404 -13 553 1 0 1
14.2821 4.54539 73810 15.7739 51.3311 242.451 467.494 -13 554 1 0 1
11.5211 -0.425294 73810 -13.8609 -20.3783 186.447 467.789 -13 555 1 0 1
-8.52165 20.9822 73810 -33.3491 -2.42073 179.85 467.685 -13 556 1 0 1
5.08533 -6.35436 73810 -0.734751 -19.6903 233.474 468.071 -13 560 1 0 1
-7.0457 18.7712 73810 -16.5035 10.076 219.123 466.993 -13 564 1 0 1
-0.127514 17.322 73810 -24.818 23.967 208.27 467.038 -13 565 1 0 1
-16.126 -7.86413 73810 -1.57969 2.82919 247.033 467.151 -13 566 1 0 1
15.2047 34.1806 73810 4.53245 51.1185 219.133 467.051 -13 567 1 0 1
-1.90526 11.374 73810 -9.14644 31.3774 231.242 467.018 -13 568 1 0 1
-12.3457 -8.36135 73810 10.2689 23.501 252.091 467.525 -13 569 1 0 1
-12.5539 -49.8551 73810 -10.4152 -97.6598 101.627 471.164 -13 570 1 0 1
-4.10603 15.6042 73810 -14.7269 36.617 239.05 467.303 -13 571 1 0 1
5.66773 13.6177 73810 -4.07565 19.2562 205.716 467.27 -13 572 1 0 1
-2.70006 29.485 73810 -32.6175 21.6199 186.919 467.316 -13 573 1 0 1
18.3949 35.4037 73810 -24.8345 58.9917 215.934 467.237 -13 576 1 0 1
-17.1167 22.061 73810 -25.3494 6.16569 192.668 467.273 -13 577 1 0 1
0.110402 -4.54342 73810 3.43142 -23.3005 221.132 466.963 -13 578 1 0 1
-54.0225 29.9855 73810 -36.9854 -3.46246 209.696 467.122 -13 579 1 0 1
45.4492 12.753 73810 5.42608 39.2829 200.113 467.269 -13 580 1 0 1
0.657873 35.6625 73810 -33.6062 30.0946 197.195 467.382 -13 581 1 0 1
-53.8523 30.6436 73810 -80.1481 13.8114 211.177 467.811 -13 582 1 0 1
28.1916 9.60363 73810 37.2219 34.7059 243.839 467.496 -13 584 1 0 1
23.3991 -10.0192 73810 24.0764 20.3105 233.819 467.664 -13 585 1 0 1
-4.33241 39.4637 73810 -19.9631 63.5406 223.044 467.753 -13 586 1 0 1
26.2037 25.7875 73810 50.3315 85.5815 244.115 467.451 -13 587 1 0 1
18.4469 15.1392 73810 -5.21158 25.0304 215.595 467.721 -13 589 1 0 1
13.1408 9.73407 73810 7.33039 17.3424 257.411 467.5 -13 590 1 0 1
25.3618 17.3266 73810 44.5949 30.6309 234.275 468.099 -13 591 1 0 1
-19.6634 -6.51111 73810 11.4058 10.7834 211.889 467.114 -13 592 1 0 1
16.5027 -9.20766 73810 33.0017 18.5222 234.328 467.084 -13 593 1 0 1
-15.5142 -34.0205 73810 -13.3188 -30.7532 242.011 467.634 -13 594 1 0 1
21.3052 -2.8136 73810 52.8057 -7.68874 251.809 467.409 -13 595 1 0 1
14.3726 -1.6754 73810 15.9415 -10.8726 207.003 467.211 -13 596 1 0 1
21.8718 -9.34349 73810 5.29115 28.6855 220.131 468.016 -13 597 1 0 1
14.5561 12.7257 73810 7.93959 2.70652 242.976 467.207 -13 598 1 0 1
-22.9566 5.89263 73810 -17.5232 -8.1081 208.132 467.221 -13 599 1 0 1
32.0901 18.2871 73810 9.9985 30.0349 202.418 467.14 -13 600 1 0 1
-10.2169 19.9192 73810 -29.7718 20.7662 245.368 467.276 -13 602 1 0 1
9.53049 27.9847 73810 2.01098 37.6489 231.303 467.852 -13 603 1 0 1
-19.4824 22.5732 73810 -11.7445 34.895 245.991 467.736 -13 604 1 0 1
-14.5991 20.8679 73810 -21.8139 38.58 243.304 467.584 -13 605 1 0 1
-29.9704 9.03054 73810 -27.032 14.6218 224.658 467.832 -13 606 1 0 1
18.2502 43.765 73810 -16.2799 40.3108 194.277 467.9 -13 607 1 0 1
-36.0917 15.9273 73810 -50.4697 -21.6543 202.437 467.786 -13 608 1 0 1
2.16522 -3.31755 73810 15.4713 24.7833 235.585 467.083 -13 609 1 0 1
-9.45972 11.7729 73810 -18.171 25.0756 239.184 467.211 -13 610 1 0 1
-26.3455 23.8283 73810 -42.7265 1.63105 213.555 467.076 -13 611 1 0 1
-15.3698 24.3435 73810 -25.8769 4.30082 202.716 467.13 -13 612 1 0 1
-12.7701 23.5908 73810 -6.06182 19.3883 209.548 467.098 -13 613 1 0 1
13.8889 27.7742 73810 -10.6322 33.7287 196.962 467.314 -13 614 1 0 1
5.41567 3.46194 73810 -9.53525 35.8244 241.28 467.057 -13 615 1 0 1
-23.7686 21.7191 73810 -25.2417 13.9449 200.536 467.216 -13 616 1 0 1
17.4987 -8.6496 73810 -30.7401 39.6728 248.929 467.203 -13 618 1 0 1
19.4871 9.77427 73810 17.3205 38.0321 251.393 467.488 -13 619 1 0 1
-2.47509 7.72115 73810 6.32855 7.14698 234.72 467.086 -13 626 1 0 1
17.522 36.2306 73810 -32.4806 29.6599 186.038 467.558 -13 628 1 0 1
-5.85777 21.4867 73810 -34.3017 31.4691 203.313 467.15 -13 638 1 0 1
11.6979 14.2077 73810 8.18705 18.9063 204.535 467.077 -13 639 1 0 1
-20.8579 34.5581 73810 -29.6757 28.129 196.662 467.174 -13 641 1 0 1
8.39527 -4.99441 73810 -11.6215 9.63937 214.431 467.062 -13 643 1 0 1
51.2439 3.18195 73810 48.7053 37.0813 226.086 467.135 -13 644 1 0 1
21.6759 31.8667 73810 10.8822 30.0831 215.283 467.103 -13 645 1 0 1
18.6262 10.9141 73810 15.5659 69.2064 227.272 467.23 -13 646 1 0 1
12.9868 -25.3596 73810 11.176 6.62368 193.249 467.51 -13 648 1 0 1
31.568 9.16717 73810 57.3279 29.4729 230.13 468.006 -13 651 1 0 1
3.03019 16.476 73810 23.2502 45.523 213.742 467.859 -13 652 1 0 1
3.57135 20.4487 73810 -26.3225 31.7592 236.661 467.549 -13 657 1 0 1
-16.334 25.0785 73810 -23.7166 4.95599 200.124 467.234 -13 658 1 0 1
-7.47545 5.88436 73810 -20.5311 -5.52437 200.622 467.084 -13 659 1 0 1
-5.73104 26.7315 73810 -27.9451 3.01316 204.094 467.194 -13 660 1 0 1
-15.6908 15.5909 73810 -25.2278 7.94308 209.275 467.04 -13 661 1 0 1
1.00011 4.87706 73810 -11.7021 11.7626 248.239 467.491 -13 664 1 0 1
24.8806 -5.57619 73810 30.4423 10.1693 227.578 467.247 -13 665 1 0 1
-1.99364 17.2675 73810 -16.4175 32.6157 233.412 467.104 -13 666 1 0 1
5.21311 21.3505 73810 3.2778 41.7214 218.112 467.073 -13 667 1 0 1
1.57545 13.466 73810 -11.2557 9.1699 192.29 467.219 -13 668 1 0 1
3.60405 -21.4807 73810 24.5277 33.1368 246.085 467.113 -13 669 1 0 1
-21.5255 -13.9327 73810 6.44915 -34.2568 254.235 467.448 -13 670 1 0 1
-13.2419 23.5656 73810 -34.1539 5.78792 192.105 467.182 -13 671 1 0 1
-8.29705 16.1591 73810 -19.6026 17.9673 217.883 467.007 -13 672 1 0 1
-0.170842 23.1841 73810 -20.1416 10.7904 191.432 467.2 -13 673 1 0 1
-16.7208 -8.81733 73810 -48.5954 8.35263 244.588 467.179 -13 674 1 0 1
-21.342 7.73367 73810 -17.4936 -15.8316 195.409 467.268 -13 675 1 0 1
16.2105 -48.7272 73810 16.7928 18.3325 221.827 467.721 -13 676 1 0 1
43.7923 -34.6802 73810 56.2001 23.4646 248.202 467.477 -13 678 1 0 1
8.21438 9.31282 73810 13.007 23.5648 238.495 467.636 -13 680 1 0 1
-6.33891 3.70441 73810 22.3266 21.8216 238.933 467.179 -13 683 1 0 1
-39.3969 28.9151 73810 -66.3313 23.6071 243.087 467.63 -13 686 1 0 1
-18.3806 -0.25773 73810 -18.7141 14.9504 239.81 467.107 -13 687 1 0 1
18.7441 -3.4884 73810 16.4884 23.899 239.175 467.177 -13 689 1 0 1
14.6379 0.681562 73810 -40.7071 2.21248 260.348 467.583 -13 690 1 0 1
5.25653 27.4792 73810 -14.3254 31.9182 208.923 467.135 -13 691 1 0 1
-9.93008 14.4647 73810 -16.3538 3.32292 246.899 467.216 -13 692 1 0 1
-0.958119 2.4576 73810 -1.47725 11.3525 230.127 467.137 -13 693 1 0 1
24.1886 22.6843 73810 38.4718 54.6168 246.29 467.554 -13 694 1 0 1
-29.6092 3.84657 73810 -26.3854 -36.0845 207.31 467.968 -13 695 1 0 1
-7.23913 15.4523 73810 -18.2849 11.4217 225.399 467.048 -13 696 1 0 1
3.42313 11.4483 73810 -24.3949 43.1499 247.163 467.554 -13 698 1 0 1
2.94165 64.7085 73810 -42.6134 58.9363 196.913 468.014 -13 699 1 0 1
4.3336 30.1952 73810 -0.515141 34.9175 238.723 467.629 -13 700 1 0 1
28.1867 16.3812 73810 13.3374 44.6861 238.576 467.468 -13 701 1 0 1
-2.86597 18.5978 73810 -17.8718 25.1338 225.944 467.761 -13 702 1 0 1
27.1342 -12.7643 73810 9.90814 -13.3721 244.838 467.375 -13 703 1 0 1
-6.68182 15.3991 73810 3.69792 27.8044 238.375 467.319 -13 704 1 0 1
-2.22328 9.58341 73810 -25.1988 48.7852 241.89 467.303 -13 705 1 0 1
-26.2707 -1.57433 73810 -37.6158 -2.08679 227.225 467.774 -13 710 1 0 1
28.5345 -26.8314 73810 72.9198 -4.89492 251.556 467.496 -13 711 1 0 1
-4.26231 -7.79354 73810 -13.4776 8.45128 244.999 467.213 -13 713 1 0 1
-1.73237 34.9987 73810 -24.3165 33.3392 204.076 467.11 -13 715 1 0 1
-3.58821 4.28915 73810 -14.1791 12.7005 248.591 467.188 -13 716 1 0 1
16.8425 16.7562 73810 -0.15838 45.6463 231.674 467.192 -13 717 1 0 1
-12.898 10.2951 73810 -7.25286 10.3302 251.204 467.184 -13 719 1 0 1
-10.1554 22.6594 73810 -13.5457 17.7459 208.336 467.141 -13 720 1 0 1
-7.53641 8.35019 73810 -12.4048 9.5854 208.397 467.041 -13 721 1 0 1
-9.44084 28.9932 73810 -16.4506 18.1595 200.026 467.171 -13 722 1 0 1
11.8667 -3.06168 73810 -1.98038 5.62086 194.646 467.293 -13 723 1 0 1
-51.4121 16.5596 73810 -70.1197 -3.03855 231.772 467.261 -13 724 1 0 1
2.91178 34.0351 73810 -31.8546 26.6257 204.392 467.266 -13 725 1 0 1
-2.66289 5.58444 73810 -12.3787 -4.34795 199.363 467.284 -13 726 1 0 1
14.5212 4.63913 73810 -0.0978939 6.81044 203.343 467.372 -13 727 1 0 1
-12.6072 33.8885 73810 -29.9989 2.46014 198.412 467.255 -13 728 1 0 1
-2.3569 14.5388 73810 -10.9177 13.0197 218.207 467.037 -13 729 1 0 1
26.7971 45.0142 73810 -11.0444 46.8061 215.522 467.18 -13 730 1 0 1
5.25733 31.4101 73810 -19.0956 29.291 195.91 467.243 -13 731 1 0 1
-15.8384 44.687 73810 -19.9136 45.0218 229.901 467.085 -13 732 1 0 1
21.0999 24.6309 73810 -7.414 33.5848 246.997 467.264 -13 733 1 0 1
-9.13301 13.9305 73810 -30.6746 22.595 213.162 467.106 -13 734 1 0 1
-26.0651 9.12541 73810 -24.0752 0.415464 197.217 467.286 -13 735 1 0 1
2.79977 -1.56476 73810 -18.9691 -3.11937 192.19 467.328 -13 736 1 0 1
10.9622 -8.70644 73810 -5.04739 -7.88113 204.71 467.013 -13 737 1 0 1
-23.1528 17.6465 73810 -37.9318 8.22438 201.763 467.227 -13 738 1 0 1
0.387418 14.4012 73810 -29.652 25.1405 213.109 467.019 -13 739 1 0 1
-9.77588 24.0603 73810 -20.7267 21.7046 195.252 467.102 -13 740 1 0 1
18.9438 -13.9385 73810 13.2231 -15.1078 200.77 467.222 -13 741 1 0 1
-18.8202 1.01217 73810 -31.3428 16.5393 240.919 467.411 -13 742 1 0 1
18.6326 -6.62936 73810 48.7014 11.5055 240.512 467.235 -13 743 1 0 1
7.93496 -6.5477 73810 13.6218 -11.1638 238.058 467.008 -13 745 1 0 1
16.2562 41.2017 73810 -29.2421 40.5938 233.72 467.571 -13 746 1 0 1
18.4507 -1.69462 73810 18.669 33.653 244.545 467.489 -13 747 1 0 1
-66.3691 -26.4434 73810 -37.3229 -47.3095 205.801 468.35 -13 748 1 0 1
0.192975 -12.9187 73810 -13.05 -7.51085 188.203 467.153 -13 750 1 0 1
32.1643 16.2116 73810 -9.26347 22.7402 201.047 467.374 -13 751 1 0 1
-0.752124 3.37672 73810 -27.0069 -4.67029 200.167 467.25 -13 752 1 0 1
-9.95726 -2.85322 73810 -16.0442 -17.4523 192.226 467.195 -13 753 1 0 1
-0.754668 32.4538 73810 -21.0388 20.3515 195.237 467.326 -13 754 1 0 1
-21.4421 12.2839 73810 -26.9217 -11.0505 189.013 467.122 -13 756 1 0 1
34.4383 11.4722 73810 33.1374 20.8772 218.421 467.005 -13 757 1 0 1
18.0967 26.0431 73810 -20.0677 33.6021 200.962 467.322 -13 758 1 0 1
2.86599 -6.95451 73810 1.12303 -0.327124 233.303 467.068 -13 759 1 0 1
19.3033 21.0284 73810 -15.672 18.4806 195.561 467.278 -13 760 1 0 1
25.7729 29.1601 73810 17.4035 35.6804 221.112 467.332 -13 761 1 0 1
5.13162 22.3986 73810 -9.40714 22.1469 204.567 467.358 -13 762 1 0 1
-5.91802 43.3058 73810 -21.7064 19.6275 195.827 467.381 -13 763 1 0 1
13.5881 24.8494 73810 4.79478 52.731 229.727 467.15 -13 764 1 0 1
5.778 3.58399 73810 -0.850352 11.3324 191.947 467.031 -13 765 1 0 1
49.1325 12.1861 73810 20.8502 47.7953 207.962 467.167 -13 766 1 0 1
29.5671 22.9701 73810 1.22191 41.3586 213.491 467.429 -13 767 1 0 1
-23.8835 23.1323 73810 -37.2548 3.97387 193.946 467.285 -13 768 1 0 1
-42.6841 -2.90723 73810 -51.6233 -23.0118 209.851 466.99 -13 769 1 0 1
-7.69107 -7.6266 73810 -7.58491 -15.6502 236.31 467.19 -13 770 1 0 1
-12.1989 3.54078 73810 -21.3745 -13.8657 217.917 467.729 -13 771 1 0 1
11.5238 0.827733 73810 6.0633 24.7107 243.75 467.497 -13 772 1 0 1
-1.61176 25.7409 73810 -17.9206 30.5315 234.911 467.276 -13 773 1 0 1
24.497 31.7692 73810 -5.42463 30.8931 204.009 467.924 -13 774 1 0 1
3.44226 12.1256 73810 -19.8371 1.35146 188.641 467.621 -13 775 1 0 1
4.38569 18.539 73810 -9.62211 8.49453 219.532 467.777 -13 776 1 0 1
-1.09282 26.3977 73810 -58.1599 5.67829 219.627 467.7 -13 777 1 0 1
4.36738 56.3621 73810 -50.4116 65.6676 236.452 467.719 -13 778 1 0 1
-6.32449 -0.866947 73810 -9.67065 -8.41618 217.762 467.256 -13 779 1 0 1
10.256 13.3285 73810 7.44918 13.5625 205.667 467.108 -13 780 1 0 1
-1.65123 33.1747 73810 -31.6628 23.9981 236.024 467.897 -13 781 1 0 1
9.48248 -2.11079 73810 8.26714 1.677 202.186 467.146 -13 782 1 0 1
5.41192 5.45027 73810 -4.91003 20.0374 207.64 467.039 -13 783 1 0 1
38.9883 56.8352 73810 24.5607 114.676 232.924 467.331 -13 784 1 0 1
-60.9546 54.115 73810 -83.6931 51.3345 232.446 467.464 -13 786 1 0 1
-6.99556 -5.41936 73810 -23.221 -4.44269 239.114 467.044 -13 787 1 0 1
11.6724 15.6839 73810 4.00453 41.5938 239.895 467.167 -13 788 1 0 1
-17.2637 24.5398 73810 -32.6171 4.13675 201.904 467.128 -13 790 1 0 1
7.03856 29.968 73810 2.42702 36.2613 225.059 467.053 -13 791 1 0 1
-17.7689 6.82161 73810 -29.0633 -2.48845 220.686 467.07 -13 793 1 0 1
-1.02694 13.7344 73810 -0.692014 16.4529 240.825 467.371 -13 794 1 0 1
11.4498 10.5107 73810 7.66358 10.4554 197.307 467.215 -13 795 1 0 1
-8.86054 23.9736 73810 -32.5774 32.1379 216.514 467.025 -13 796 1 0 1
-38.0092 14.2696 73810 -46.8349 0.984255 223.979 467.089 -13 797 1 0 1
-21.3656 33.1104 73810 -30.1254 13.9893 215.742 467.007 -13 798 1 0 1
-8.47537 46.9195 73810 -33.5852 24.0762 205.948 467.568 -13 800 1 0 1
-22.1735 30.655 73810 -53.5073 9.52179 204.43 467.543 -13 801 1 0 1
42.98 34.8472 73810 -15.578 28.239 196.621 467.888 -13 802 1 0 1
9.66863 31.3486 73810 -22.2885 23.7186 209.271 467.238 -13 803 1 0 1
80.1054 71.9547 73810 -8.13658 85.5055 200.826 467.273 -13 804 1 0 1
-9.17449 -2.7026 73810 -23.8977 1.91528 223.118 467.211 -13 806 1 0 1
-36.405 36.249 73810 -52.8795 14.8164 208.38 467.906 -13 807 1 0 1
-11.6181 16.9025 73810 -48.1675 21.0048 244.128 467.591 -13 809 1 0 1
-1.68131 41.5202 73810 -32.4516 33.2678 210.92 467.852 -13 810 1 0 1
-16.3535 11.1665 73810 -31.6589 2.12462 239.313 467.603 -13 811 1 0 1
-4.33863 58.2724 73810 -40.2563 49.9208 202.089 467.215 -13 813 1 0 1
-10.2517 9.70671 73810 -28.7534 -3.06629 202.179 467.104 -13 814 1 0 1
43.9306 17.9058 73810 39.6594 55.3134 243.772 467.681 -13 817 1 0 1
-10.2964 21.2226 73810 -25.0243 26.0967 233.435 467.103 -13 818 1 0 1
-2.10052 4.80644 73810 -16.2866 9.00487 251.284 467.398 -13 819 1 0 1
-11.624 11.343 73810 -31.1817 4.83764 245.063 467.213 -13 820 1 0 1
-23.2354 13.5806 73810 0.74281 -5.96595 217.098 467.097 -13 821 1 0 1
7.87161 -1.01107 73810 -11.1473 48.0957 244.718 467.115 -13 822 1 0 1
20.7415 28.7723 73810 -4.06051 31.1028 218.528 467.226 -13 823 1 0 1
30.7531 24.8758 73810 16.9646 52.3598 226.868 467.093 -13 824 1 0 1
-1.39464 9.7949 73810 -9.59389 -0.957403 189.408 467.222 -13 825 1 0 1
3.46925 37.7866 73810 -10.0338 46.6981 218.191 467.085 -13 827 1 0 1
5.30672 8.40827 73810 -8.9789 10.2149 196.991 467.219 -13 828 1 0 1
-12.2387 -13.9813 73810 -38.1494 -29.8819 249.414 467.247 -13 830 1 0 1
-26.5979 37.7297 73810 -52.3647 0.782167 237.594 467.321 -13 831 1 0 1
6.28071 23.0348 73810 -32.9777 22.2332 214.657 467.103 -13 832 1 0 1
4.66143 -11.8168 73810 -4.90108 12.9374 251.789 467.336 -13 833 1 0 1
39.4014 68.5259 73810 -12.0222 77.1418 203.118 467.214 -13 834 1 0 1
-18.5356 -21.5048 73810 7.5708 -12.5557 252.472 467.528 -13 835 1 0 1
4.27439 14.8706 73810 1.16719 16.998 217.704 466.997 -13 836 1 0 1
-17.3937 23.8434 73810 -4.77457 9.24641 204.233 467.126 -13 837 1 0 1
-9.72484 24.4039 73810 -28.2554 -3.27738 195.333 467.152 -13 838 1 0 1
-16.9989 9.31983 73810 -27.2312 22.8153 208.075 466.99 -13 839 1 0 1
-6.6191 5.91067 73810 -6.51897 -1.16768 197.989 467.212 -13 840 1 0 1
-1.57157 -14.402 73810 23.0142 15.0854 253.272 467.275 -13 841 1 0 1
44.6484 45.5905 73810 -11.1032 57.9979 203.81 467.232 -13 842 1 0 1
-5.62231 4.451 73810 -31.3441 0.947654 199.877 467.097 -13 843 1 0 1
15.8449 75.8942 73810 -68.0932 76.8575 203.305 467.623 -13 844 1 0 1
-25.3502 4.24841 73810 -37.9964 -3.96659 209.448 467.082 -13 845 1 0 1
-4.42957 24.1973 73810 -29.7731 13.9593 201.097 467.116 -13 846 1 0 1
4.22364 4.37664 73810 13.0433 38.5535 244.412 467.191 -13 847 1 0 1
-1.78702 18.2036 73810 -18.3542 9.38782 209.855 467.016 -13 848 1 0 1
40.9683 21.4901 73810 -5.04653 36.744 216.099 467.204 -13 849 1 0 1
-0.490209 0.961748 73810 32.2809 31.7675 249.937 467.61 -13 850 1 0 1
-6.64541 3.45005 73810 13.5991 29.2034 249.434 467.235 -13 853 1 0 1
40.1941 68.5283 73810 -12.8245 37.4961 183.875 468.558 -13 854 1 0 1
9.61478 24.719 73810 -16.3982 15.875 241.054 467.135 -13 855 1 0 1
16.7912 25.0512 73810 4.51451 24.656 206.523 466.989 -13 859 1 0 1
22.0915 20.2957 73810 -6.7985 28.3488 231.721 467.864 -13 861 1 0 1
-10.8823 21.3687 73810 -23.2789 12.6717 201.09 467.039 -13 862 1 0 1
11.0608 23.1278 73810 1.92731 30.0127 221.455 466.962 -13 863 1 0 1
-7.21033 21.0342 73810 -4.55985 28.6129 208.049 467.012 -13 864 1 0 1
-2.31876 33.0571 73810 -4.46502 35.6959 213.221 466.976 -13 865 1 0 1
-15.2815 15.6978 73810 23.6034 19.2722 267.732 467.365 -13 867 1 0 1
-19.3782 -14.122 73810 -16.3243 0.987242 247.648 467.239 -13 868 1 0 1
-1.04471 22.3579 73810 -22.0257 12.4814 194.535 467.27 -13 870 1 0 1
-2.02411 14.6488 73810 -12.3642 3.7055 229.177 467.124 -13 871 1 0 1
1.00236 5.13849 73810 -34.5923 35.1594 233.97 467.069 -13 872 1 0 1
11.3043 8.09831 73810 10.046 21.6463 204.967 467.341 -13 874 1 0 1
-1.86209 16.2442 73810 -25.6155 22.0104 199.855 467.084 -13 875 1 0 1
25.2706 9.60812 73810 -0.849608 20.6965 201.026 467.375 -13 876 1 0 1
8.7864 15.2404 73810 -13.4403 7.00123 197.098 467.059 -13 877 1 0 1
17.6969 13.0158 73810 10.6359 22.8117 236.349 467.158 -13 878 1 0 1
-10.3115 -12.4086 73810 -15.83 -22.3347 230.941 467.013 -13 880 1 0 1
-83.0344 4.98204 73810 -71.2428 -41.5568 190.3 467.464 -13 881 1 0 1
-5.96026 20.2916 73810 1.40637 23.784 245.276 467.431 -13 882 1 0 1
-2.16896 6.57924 73810 -15.2587 33.1491 251.16 467.321 -13 884 1 0 1
8.25206 2.65976 73810 12.1056 27.0149 244.341 467.296 -13 885 1 0 1
32.4148 20.4373 73810 21.5961 60.4948 230.052 467.662 -13 887 1 0 1
-7.04007 33.3539 73810 -28.315 29.7343 196.726 467.567 -13 888 1 0 1
-6.48478 -14.7302 73810 -3.1495 -10.3524 204.391 466.906 -13 889 1 0 1
12.6342 30.8855 73810 -34.5694 30.1549 185.62 467.786 -13 890 1 0 1
26.8385 3.48751 73810 21.2006 30.3353 242.464 467.488 -13 891 1 0 1
21.2063 44.1502 73810 14.2205 60.3947 223.092 468.058 -13 892 1 0 1
44.5662 52.4373 73810 -30.0929 75.7803 209.65 467.548 -13 894 1 0 1
2.71967 19.3362 73810 -0.308762 32.8101 204.535 467.206 -13 896 1 0 1
36.4708 11.0297 73810 9.80721 39.2583 198.089 467.424 -13 897 1 0 1
16.7262 66.3178 73810 -1.73039 113.268 231.844 467.254 -13 898 1 0 1
6.06651 10.7928 73810 -3.24285 1.18289 203.079 467.386 -13 900 1 0 1
-5.42812 23.6001 73810 -15.7091 28.6011 212.811 467.369 -13 901 1 0 1
4.60504 31.5422 73810 -22.6895 32.981 202.005 467.198 -13 902 1 0 1
-8.58613 32.4316 73810 -27.4112 24.8338 199.176 467.474 -13 904 1 0 1
-8.44301 1.62126 73810 -17.4729 13.456 205.818 467.546 -13 906 1 0 1
12.2031 19.3139 73810 -15.9286 38.1472 236.917 467.11 -13 909 1 0 1
14.4759 25.9789 73810 -0.393762 35.3986 199.32 467.497 -13 910 1 0 1
11.1822 38.0728 73810 -29.6864 26.279 194.977 467.915 -13 911 1 0 1
-10.6863 13.2008 73810 -5.35843 -5.67156 209.234 467.394 -13 912 1 0 1
-9.95408 15.7103 73810 -3.74565 -3.98913 194.362 467.385 -13 913 1 0 1
-31.3634 21.6196 73810 -42.6746 -0.757197 225.16 467.076 -13 914 1 0 1
-27.2358 15.8558 73810 -23.8914 -11.124 214.059 467.087 -13 915 1 0 1
19.3652 -12.4563 73810 27.9322 14.9826 238.705 467.049 -13 916 1 0 1
22.1333 9.59917 73810 16.3508 19.1332 235.065 467.121 -13 917 1 0 1
1.62087 23.9676 73810 -8.02871 33.4612 203.21 467.155 -13 918 1 0 1
-7.17312 25.9749 73810 -18.742 12.6964 190.203 467.086 -13 919 1 0 1
-11.2337 13.5003 73810 -12.171 8.97643 229.619 467.101 -13 920 1 0 1
-19.4121 35.863 73810 -48.8414 35.6332 244.625 467.363 -13 921 1 0 1
6.74775 -4.98479 73810 8.53655 2.33638 223.538 467.065 -13 922 1 0 1
14.5654 14.1248 73810 6.29649 21.8416 221.525 467.058 -13 923 1 0 1
-51.9459 7.35061 73810 -30.7555 -9.2397 229.771 467.156 -13 924 1 0 1
-16.2071 18.4385 73810 -21.1111 3.35349 192.347 467.156 -13 925 1 0 1
4.36551 1.24214 73810 9.37172 0.535715 195.766 467.369 -13 926 1 0 1
-4.86393 -14.4447 73810 -3.44826 -0.950357 200.434 467.323 -13 927 1 0 1
25.2577 11.4167 73810 23.1316 9.47151 207.724 467.427 -13 928 1 0 1
-19.1336 0.164177 73810 -11.4883 -7.82999 195.728 467.217 -13 929 1 0 1
4.87393 -4.27105 73810 17.2441 -3.92779 196.298 467.393 -13 930 1 0 1
18.6914 37.2588 73810 0.671031 29.9693 209.309 467.05 -13 931 1 0 1
-32.0276 5.43951 73810 -34.5996 -25.4374 199.904 467.424 -13 932 1 0 1
-12.7179 51.466 73810 -52.1691 16.9834 207.334 467.262 -13 933 1 0 1
-18.2381 13.2939 73810 -25.1062 6.98329 198.979 467.014 -13 934 1 0 1
6.46946 26.8838 73810 -39.8004 52.6811 217.365 467.214 -13 937 1 0 1
-14.732 -6.09331 73810 -26.3687 -4.43511 222.367 467.04 -13 938 1 0 1
30.3917 -7.19581 73810 27.7718 13.378 236.623 467.118 -13 939 1 0 1
-4.04439 18.7457 73810 -10.8133 20.0434 194.48 467.149 -13 941 1 0 1
15.638 24.4957 73810 -8.53888 43.6298 232.266 467.203 -13 942 1 0 1
13.9433 8.26762 73810 -3.15711 18.7582 239.273 467.111 -13 943 1 0 1
-19.5184 33.9109 73810 -46.7805 31.6825 227.878 467.269 -13 944 1 0 1
21.618 1.24198 73810 27.0895 4.76665 234.249 467.319 -13 946 1 0 1
33.9621 19.4332 73810 19.486 39.3457 216.768 467.343 -13 947 1 0 1
0.382851 4.74444 73810 10.5585 17.1326 244.818 467.419 -13 948 1 0 1
-17.1132 29.0045 73810 -23.8478 35.7486 210.079 467.473 -13 949 1 0 1
-1.92311 24.0333 73810 -3.75549 57.2 234.504 467.289 -13 950 1 0 1
20.4958 12.1144 73810 6.71027 18.695 212.731 467.122 -13 951 1 0 1
7.48125 21.0121 73810 -3.74543 41.0395 241.693 467.33 -13 953 1 0 1
-11.7055 24.4087 73810 -17.7247 18.4513 211.603 467.047 -13 955 1 0 1
-5.10833 24.3865 73810 -5.78543 41.5718 236.886 467.164 -13 956 1 0 1
-5.2638 4.78657 73810 3.73378 9.87726 246.059 467.159 -13 957 1 0 1
17.5892 20.5498 73810 11.9831 26.7802 224.148 467.088 -13 958 1 0 1
7.25875 25.1707 73810 -14.1669 14.1388 203.615 467.146 -13 959 1 0 1
6.18492 -5.1087 73810 -20.9897 19.3753 252.362 467.641 -13 960 1 0 1
-9.91031 17.3221 73810 -31.3932 12.187 220.476 467.073 -13 961 1 0 1
-0.463614 15.0875 73810 14.2641 5.13767 215.394 467.207 -13 962 1 0 1
-2.34881 20.8891 73810 -35.7253 8.11603 206.989 467.21 -13 963 1 0 1
-32.3445 36.2586 73810 -49.4832 6.58567 206.575 467.268 -13 965 1 0 1
3.69335 15.8907 73810 -4.0733 28.4404 212.779 467.046 -13 966 1 0 1
-21.0547 25.3087 73810 -41.9625 7.57469 204.971 467.282 -13 967 1 0 1
-3.53317 31.3481 73810 -7.82041 13.5989 201.882 467.162 -13 968 1 0 1
7.71125 6.28796 73810 10.2615 -18.4203 239.11 467.275 -13 969 1 0 1
-0.0195238 20.9393 73810 -27.4448 7.70154 192.392 467.311 -13 970 1 0 1
-29.375 21.0358 73810 -34.5088 13.6048 202.236 467.2 -13 971 1 0 1
17.5823 17.7556 73810 8.91173 30.1258 219.688 467.03 -13 972 1 0 1
13.7534 20.4688 73810 -16.7536 21.2975 194.527 467.274 -13 973 1 0 1
-4.77896 21.0233 73810 -8.60118 24.1338 224.009 467.071 -13 975 1 0 1
16.1558 16.525 73810 3.51638 34.9007 244.614 467.069 -13 976 1 0 1
-20.2789 34.9869 73810 -11.5619 33.5277 230.082 467.031 -13 978 1 0 1
28.6988 41.9702 73810 -8.96909 60.2246 227.372 468.051 -13 979 1 0 1
7.78397 18.7927 73810 -3.7158 26.5791 202.687 467.071 -13 980 1 0 1
-1.08446 6.18734 73810 -34.6731 11.9449 252.828 467.411 -13 981 1 0 1
30.0629 19.513 73810 36.0562 46.0033 224.655 467.81 -13 982 1 0 1
33.4334 66.9777 73810 -9.56022 77.8432 201.165 468.095 -13 983 1 0 1
2.59954 -11.8574 73810 -10.6646 -3.904 224.161 467.131 -13 985 1 0 1
9.61575 1.77875 73810 -20.6512 30.1019 228.759 467.119 -13 988 1 0 1
-2.78488 -6.77505 73810 -12.3863 -25.069 212.713 467.775 -13 991 1 0 1
15.3874 40.8635 73810 -1.69555 42.421 199.804 467.193 -13 993 1 0 1
18.6 47.0727 73810 -20.7792 40.8432 206.133 467.378 -13 994 1 0 1
19.0058 34.2496 73810 -9.9743 26.4775 212.247 467.409 -13 996 1 0 1
8.34352 4.33352 73810 -11.2829 20.7424 204.371 467.177 -13 997 1 0 1
9.899 -9.9622 73810 21.6367 17.605 203.811 467.351 -13 998 1 0 1
21.5063 11.5319 73810 1.56673 10.8558 195.122 467.204 -13 999 1 0 1
-7.32258 47.1293 73810 -28.3497 51.2826 207.621 467.295 -13 1000 1 0 1
-29.4567 11.9095 73810 -43.9655 -7.21678 195.341 467.293 -13 1001 1 0 1
-11.9197 77.6874 73810 -72.8053 68.1713 207.578 467.671 -13 1002 1 0 1
-11.4732 20.979 73810 -25.5217 29.3912 224.404 467.694 -13 1003 1 0 1
12.5797 24.9097 73810 19.5457 43.4347 236.254 467.214 -13 1004 1 0 1
-4.73465 8.9827 73810 -1.60797 4.55094 245.713 467.442 -13 1005 1 0 1
3.09668 19.2653 73810 -19.772 27.6244 227 467.168 -13 1006 1 0 1
13.5891 17.6532 73810 -20.1484 20.786 212.848 467.135 -13 1007 1 0 1
32.2809 17.9112 73810 7.87045 48.0428 210.604 467.255 -13 1009 1 0 1
4.38795 47.2282 73810 1.40439 47.6343 209.633 468.035 -13 1010 1 0 1
-16.9656 16.8112 73810 -8.26737 1.58983 179.507 467.149 -13 1013 1 0 1
-10.7905 52.0012 73810 -31.7085 15.6386 178.394 468.758 -13 1014 1 0 1
22.5176 96.8277 73810 -35.921 69.8612 205.294 467.102 -13 1017 1 0 1
-18.1178 0.436886 73810 -1.07285 8.76882 247.872 467.424 -13 1019 1 0 1
-8.08865 54.3917 73810 -38.2422 11.6509 183.475 467.298 -13 1021 1 0 1
4.16528 12.8847 73810 1.37485 0.970244 207.493 467.368 -13 1022 1 0 1
2.12892 25.3823 73810 -23.0427 13.5099 206.673 467.467 -13 1023 1 0 1
-6.33824 16.4072 73810 -8.31077 9.48258 208.173 467.19 -13 1024 1 0 1
31.7087 22.2287 73810 15.2254 38.7866 202.867 467.38 -13 1025 1 0 1
-2.9481 31.7132 73810 -31.1204 24.3399 197.791 467.371 -13 1026 1 0 1
-3.81935 37.3668 73810 -30.6268 19.2228 204.263 467.402 -13 1027 1 0 1
22.0922 19.8119 73810 -13.9784 18.5677 210.032 467.252 -13 1028 1 0 1
19.8777 21.0605 73810 -5.44414 28.7098 186.981 467.424 -13 1029 1 0 1
30.522 -1.42989 73810 17.4904 23.4603 228.552 467.725 -13 1035 1 0 1
-34.7388 -5.66249 73810 -15.9873 -33.8693 163.319 467.31 -13 1036 1 0 1
15.4203 10.581 73810 -1.65002 18.3969 251.97 467.609 -13 1037 1 0 1
-14.09 -6.17924 73810 -22.2176 2.36019 224.185 467.252 -13 1038 1 0 1
12.1124 0.136823 73810 -3.27603 3.43285 247.277 467.374 -13 1039 1 0 1
-7.17188 9.11529 73810 -6.74464 17.4808 230.154 467.655 -13 1040 1 0 1
-4.08664 46.1663 73810 -31.0733 30.4652 199.947 467.942 -13 1041 1 0 1
20.6178 69.5938 73810 -14.7337 83.1247 218.037 467.62 -13 1043 1 0 1
-6.21792 34.4937 73810 -20.6525 10.0965 205.13 467.336 -13 1045 1 0 1
8.77767 48.2305 73810 -25.0768 67.5781 211.181 467.472 -13 1046 1 0 1
-0.132589 36.6865 73810 -20.6328 57.614 219.794 466.946 -13 1051 1 0 1
0.53908 17.2101 73810 -38.6899 8.02314 235.471 467.213 -13 1053 1 0 1
8.94066 -2.92285 73810 -33.8341 -8.72604 214.017 467.658 -13 1054 1 0 1
3.34038 23.1775 73810 -13.4385 53.2828 240.875 467.331 -13 1055 1 0 1
-14.1385 20.1194 73810 -30.6972 22.9678 216.192 467.211 -13 1056 1 0 1
-5.10259 8.31217 73810 -12.3771 22.5594 205.238 467.048 -13 1057 1 0 1
8.41121 2.81778 73810 -12.3789 23.5499 200.878 467.138 -13 1059 1 0 1
-14.1476 16.7266 73810 -40.6242 15.0761 228.121 467.795 -13 1060 1 0 1
-7.33575 2.80071 73810 -3.452 -14.4996 204.802 467.157 -13 1062 1 0 1
10.4723 17.2998 73810 -3.93107 32.1139 218.627 467.052 -13 1063 1 0 1
-5.77696 6.36313 73810 -3.74737 -25.4677 248.608 467.322 -13 1064 1 0 1
-6.97542 14.3366 73810 -6.56617 41.2504 235.224 467.141 -13 1065 1 0 1
1.86171 20.2694 73810 4.39133 18.4658 244.189 467.264 -13 1068 1 0 1
-3.25106 11.8396 73810 -20.5392 26.9183 242.426 467.471 -13 1069 1 0 1
-47.8851 -37.9636 73810 -12.8622 -47.2136 162.885 468.909 -13 1070 1 0 1
20.289 17.3654 73810 28.1648 45.975 234.665 467.279 -13 1071 1 0 1
31.5683 3.83886 73810 28.7568 22.7414 249.125 467.568 -13 1072 1 0 1
24.0438 7.19968 73810 11.2154 16.4992 233.525 467.527 -13 1074 1 0 1
-12.1426 -25.9698 73810 -11.1412 -16.9502 181.905 467.509 -13 1075 1 0 1
-10.2845 6.77467 73810 -39.2779 16.805 240.472 467.155 -13 1077 1 0 1
-15.4726 46.8539 73810 -29.2098 43.9086 213.801 467.11 -13 1078 1 0 1
-24.6648 24.8365 73810 -40.3259 12.2101 199.247 468.098 -13 1079 1 0 1
-27.8964 34.9467 73810 -60.4034 28.4651 235.291 467.225 -13 1080 1 0 1
-1.03818 45.2845 73810 -20.3455 35.5009 198.027 467.09 -13 1081 1 0 1
29.2008 -12.2309 73810 2.04354 9.79541 223.537 467.133 -13 1082 1 0 1
-10.8569 -31.1219 73810 3.6426 -27.4306 251.133 467.68 -13 1083 1 0 1
-20.6115 31.7176 73810 -44.5704 8.83983 196.051 467.07 -13 1084 1 0 1
-3.3317 37.5252 73810 -9.47844 32.7697 217.694 467.136 -13 1085 1 0 1
-10.0299 12.1862 73810 -17.2781 20.3969 210.494 466.967 -13 1086 1 0 1
3.97987 2.5994 73810 -5.01364 6.54653 220.237 466.939 -13 1088 1 0 1
-5.09928 47.4212 73810 -13.6376 43.8714 221.847 467.062 -13 1089 1 0 1
-2.41945 6.53752 73810 1.0119 6.68615 218.122 466.944 -13 1090 1 0 1
-23.7673 -13.4309 73810 -72.2964 -18.9884 258.503 467.483 -13 1091 1 0 1
-3.19708 -25.1214 73810 9.97477 -21.1938 206.556 467.175 -13 1092 1 0 1
1.88236 33.3276 73810 -13.804 38.3237 213.346 466.97 -13 1093 1 0 1
11.7447 -8.80745 73810 2.34217 -4.53123 218.617 466.997 -13 1094 1 0 1
-0.759446 9.77743 73810 0.540389 6.49162 205.599 466.999 -13 1095 1 0 1
-7.5158 20.9699 73810 -44.0712 4.10098 194.874 467.289 -13 1096 1 0 1
-31.454 91.9354 73810 -92.6193 59.442 195.093 467.623 -13 1097 1 0 1
34.3846 36.2498 73810 -16.1501 34.5511 197.557 467.3 -13 1098 1 0 1
-23.4747 30.9803 73810 -40.9998 13.5049 196.218 467.556 -13 1099 1 0 1
-33.1607 11.2087 73810 -26.7854 -9.65247 201.828 467.244 -13 1100 1 0 1
-19.3834 30.8182 73810 -30.8996 8.86567 195.401 467.161 -13 1101 1 0 1
-5.30693 23.4047 73810 -11.5088 11.7112 200.163 467.206 -13 1102 1 0 1
14.9717 56.8198 73810 -4.72445 60.2637 206.832 467.27 -13 1103 1 0 1
-30.2067 -8.35333 73810 -55.6939 -20.1938 257.155 467.715 -13 1104 1 0 1
4.52449 -0.500467 73810 -13.6607 6.59626 202.944 467.18 -13 1105 1 0 1
-19.2856 -0.439506 73810 -38.2147 16.0717 223.329 466.962 -13 1106 1 0 1
0.31415 13.1532 73810 -23.4924 -1.87914 202.478 467.157 -13 1109 1 0 1
21.6764 12.2343 73810 -2.97728 18.4427 210.419 467.053 -13 1110 1 0 1
-0.037273 27.8192 73810 -26.6352 93.9949 234.453 467.836 -13 1111 1 0 1
27.5389 54.1377 73810 -9.42071 54.7532 219.831 467.442 -13 1114 1 0 1
22.9887 6.41321 73810 -18.2046 6.18803 209.337 467.692 -13 1115 1 0 1
22.599 13.4405 73810 13.8764 21.3657 244.583 467.09 -13 1117 1 0 1
-25.4583 0.788778 73810 -41.3262 -13.6585 225.394 467.166 -13 1119 1 0 1
4.82589 2.1642 73810 2.07595 13.915 253.11 467.389 -13 1120 1 0 1
3.43928 13.109 73810 -3.69347 32.4097 221.652 467.012 -13 1121 1 0 1
-17.3036 50.1131 73810 -69.8762 37.7334 218.52 467.357 -13 1123 1 0 1
0.344579 -8.72826 73810 8.0207 -36.5317 233.516 467.117 -13 1124 1 0 1
18.5659 26.0687 73810 26.3437 71.9296 242.522 467.391 -13 1125 1 0 1
-43.1817 -1.81506 73810 -56.1354 -33.2134 233.916 467.653 -13 1126 1 0 1
1.21369 30.5312 73810 -27.8378 16.6886 147.377 469.374 -13 1127 1 0 1
5.67103 -5.26059 73810 9.44567 -19.0302 237.426 467.678 -13 1131 1 0 1
-15.3186 1.03557 73810 -23.9646 10.9543 224.139 466.984 -13 1132 1 0 1
0.986551 35.2251 73810 -21.7053 28.8558 212.615 467.689 -13 1133 1 0 1
-1.91828 10.0994 73810 -2.86264 28.1954 218.26 467.08 -13 1134 1 0 1
-11.7081 14.8742 73810 -26.2266 3.2715 177.997 467.731 -13 1135 1 0 1
0.124527 -38.1734 73810 8.21338 -0.948304 187.027 467.064 -13 1136 1 0 1
-28.9247 12.6953 73810 -45.5621 4.9644 210.674 467.833 -13 1137 1 0 1
-9.65338 -4.81544 73810 49.8024 -33.8732 250.956 467.521 -13 1138 1 0 1
-9.19272 -4.31989 73810 29.6289 18.1775 253.355 467.431 -13 1139 1 0 1
0.866452 -20.4888 73810 13.9844 -14.183 238.433 467.152 -13 1141 1 0 1
12.5687 14.9429 73810 13.8546 31.4171 247.152 467.89 -13 1143 1 0 1
7.36251 -14.4024 73810 25.9968 6.02023 234.85 467.631 -13 1144 1 0 1
7.33559 22.8731 73810 4.1222 12.1917 208.984 467.699 -13 1145 1 0 1
-15.2312 -13.5307 73810 -12.0361 -28.2201 208.646 467.144 -13 1146 1 0 1
-5.77183 20.7038 73810 1.55174 32.8894 220.649 466.772 -13 1147 1 0 1
-19.6383 40.0523 73810 -40.2336 -14.6351 225.258 467.677 -13 1149 1 0 1
11.5744 39.8133 73810 -25.86 31.0125 231.996 467.744 -13 1150 1 0 1
38.5091 47.0788 73810 -5.5054 58.8506 231.898 467.257 -13 1151 1 0 1
-24.1687 -27.1619 73810 -25.9463 -51.3037 224.747 467.15 -13 1153 1 0 1
-28.1786 9.28855 73810 -34.734 -7.64432 211.455 467.143 -13 1154 1 0 1
-8.50696 9.25271 73810 -34.837 37.5982 247.545 467.342 -13 1155 1 0 1
-10.9686 -2.68509 73810 -10.5224 0.277886 227.178 467.052 -13 1156 1 0 1
-7.4223 40.6699 73810 -40.0418 20.1916 200.422 467.237 -13 1157 1 0 1
-5.90315 22.2652 73810 -21.1632 -7.34856 201.756 467.252 -13 1158 1 0 1
-14.983 5.98251 73810 -13.1143 16.1945 207.477 466.991 -13 1159 1 0 1
16.7633 25.7914 73810 -18.3128 49.822 214.084 467.14 -13 1160 1 0 1
17.1914 36.2984 73810 -3.85196 28.422 207.627 467.421 -13 1161 1 0 1
15.9602 63.3148 73810 -24.6711 52.8417 201.399 467.194 -13 1162 1 0 1
24.7265 29.9799 73810 -19.5537 19.8601 204.544 467.194 -13 1163 1 0 1
23.1898 30.1707 73810 24.1384 74.5395 244.851 467.583 -13 1164 1 0 1
0.894871 38.1934 73810 -24.952 28.3738 206.369 467.331 -13 1165 1 0 1
3.32772 11.7134 73810 -19.0337 19.9938 234.779 467.279 -13 1166 1 0 1
-7.00513 31.8891 73810 -23.5112 28.4358 239.98 467.168 -13 1168 1 0 1
41.2489 -26.7139 73810 13.1 12.7591 225.366 467.46 -13 1169 1 0 1
13.3999 22.1936 73810 -9.35788 13.863 201.59 467.309 -13 1170 1 0 1
-1.47454 6.53974 73810 -18.7199 -7.19895 216.127 466.982 -13 1171 1 0 1
-13.6441 21.4552 73810 -27.9255 12.6075 208.117 467.24 -13 1172 1 0 1
22.3131 13.2593 73810 11.8435 22.2596 213.759 467.525 -13 1174 1 0 1
-2.48217 0.844799 73810 4.34214 19.8208 248.204 467.127 -13 1175 1 0 1
16.244 7.62225 73810 3.28018 26.8434 203.456 467.462 -13 1176 1 0 1
-16.9369 25.6328 73810 -28.8892 -3.49343 199.634 467.634 -13 1177 1 0 1
-0.577184 4.06641 73810 -13.0393 15.5406 206.821 467.44 -13 1178 1 0 1
-11.6828 -1.95084 73810 -18.5701 -1.8251 210.493 467.427 -13 1179 1 0 1
-29.472 31.1924 73810 -48.4759 -3.71801 221.496 467.453 -13 1180 1 0 1
10.7738 27.4605 73810 -8.77379 15.2505 202.434 467.264 -13 1181 1 0 1
-13.8862 15.3589 73810 -8.05626 6.50697 210.145 467.114 -13 1182 1 0 1
-23.1767 53.7386 73810 -60.1009 3.95388 204.187 467.355 -13 1183 1 0 1
40.6869 30.8141 73810 31.983 58.3659 211.325 467.069 -13 1184 1 0 1
45.5114 53.2213 73810 -15.1249 69.3146 199.415 467.213 -13 1185 1 0 1
-9.27204 19.7413 73810 -33.515 5.4125 191.014 467.334 -13 1186 1 0 1
-0.28177 42.9706 73810 -50.7994 17.9268 211.741 467.418 -13 1187 1 0 1
-25.828 40.0743 73810 -46.0703 4.42783 197.467 467.278 -13 1188 1 0 1
1.56182 19.9589 73810 -31.9715 7.36342 203.207 467.168 -13 1189 1 0 1
6.98787 65.5911 73810 -46.064 53.7776 201.202 467.153 -13 1190 1 0 1
-4.08631 40.0424 73810 -25.1716 28.2997 193.199 467.458 -13 1191 1 0 1
1.92118 33.6456 73810 -32.0282 12.1851 199.418 467.163 -13 1193 1 0 1
-18.1579 13.4228 73810 -47.4387 11.5951 221.837 467.342 -13 1194 1 0 1
-4.13494 -7.98951 73810 73.3969 78.0408 267.037 467.449 -13 1195 1 0 1
-7.15367 3.25693 73810 -16.8788 -6.65247 200.018 467.782 -13 1197 1 0 1
-6.65175 36.3252 73810 -7.8071 41.6199 207.876 467.275 -13 1198 1 0 1
1.16725 19.8611 73810 -19.2027 14.5802 190.765 467.412 -13 1199 1 0 1
-4.8596 27.8279 73810 -33.6453 23.0479 201.638 467.306 -13 1200 1 0 1
-6.54735 9.12832 73810 -13.112 1.61015 203.217 467.16 -13 1201 1 0 1
-7.06928 22.2092 73810 -33.2807 21.6187 208.596 467.098 -13 1202 1 0 1
19.851 -18.4928 73810 18.8473 3.8001 208.087 467.202 -13 1203 1 0 1
-0.986388 35.5537 73810 -28.1573 23.0501 202.096 467.157 -13 1204 1 0 1
-18.5098 25.2591 73810 -37.9288 12.8101 201.489 467.318 -13 1206 1 0 1
-17.0745 9.20875 73810 -35.3283 3.12283 198.772 467.196 -13 1207 1 0 1
13.2182 10.5948 73810 16.9533 45.0003 235.602 467.738 -13 1209 1 0 1
11.4632 4.70144 73810 -8.3612 30.5799 244.575 467.382 -13 1211 1 0 1
9.7126 -17.0779 73810 -12.724 -38.6522 189.388 467.94 -13 1212 1 0 1
9.08735 3.73552 73810 7.75586 17.2995 237.468 467.265 -13 1215 1 0 1
-15.7426 45.4691 73810 -39.8976 24.3255 206.964 468.008 -13 1216 1 0 1
9.89372 27.9003 73810 18.3233 40.641 241.46 467.211 -13 1218 1 0 1
-1.56902 16.8871 73810 16.1256 38.4374 242.296 467.126 -13 1220 1 0 1
4.31185 1.3742 73810 -8.28007 8.74943 235.124 467.018 -13 1224 1 0 1
19.383 -7.40703 73810 6.17369 12.5424 202.032 467.068 -13 1225 1 0 1
-82.8263 52.7118 73810 -25.0418 -48.1458 132.274 469.929 -13 1226 1 0 1
24.5644 22.762 73810 -6.21559 48.2089 228.721 467.675 -13 1231 1 0 1
10.6598 10.8953 73810 17.2123 4.03831 229.663 467.996 -13 1232 1 0 1
10.0009 7.47336 73810 -2.73915 23.8034 213.013 467.205 -13 1234 1 0 1
9.31474 56.1047 73810 -27.6437 45.189 209.268 467.884 -13 1235 1 0 1
34.2863 -0.0712965 73810 31.6698 9.09277 204.19 467.678 -13 1237 1 0 1
20.0602 38.8249 73810 -1.18337 58.8788 215.864 467.94 -13 1238 1 0 1
2.28689 106.55 73810 -67.2563 64.6265 194.352 468.178 -13 1239 1 0 1
8.40361 19.969 73810 -6.58938 17.2144 218.351 467.745 -13 1240 1 0 1
16.7163 12.7534 73810 7.06836 39.8104 229.933 467.811 -13 1241 1 0 1
19.7625 7.28332 73810 7.97494 30.3845 226.378 467.731 -13 1243 1 0 1
26.0694 43.4026 73810 -23.0315 25.2121 182.704 467.151 -13 1251 1 0 1
23.6841 -11.7 73810 81.6344 4.53946 219.137 466.862 -13 1252 1 0 1
2.60061 10.5542 73810 -11.711 3.11262 211.426 466.962 -13 1254 1 0 1
-31.4687 60.7367 73810 -59.1575 25.9827 196.237 467.382 -13 1255 1 0 1
1.60945 6.33526 73810 26.1189 21.8638 213.311 467.227 -13 1256 1 0 1
11.1683 8.40447 73810 -28.3409 9.21589 214.854 467.032 -13 1257 1 0 1
6.43568 18.8184 73810 7.47218 36.1217 204.915 467.274 -13 1258 1 0 1
1.57281 9.13972 73810 -12.9634 2.1817 187.505 467.292 -13 1259 1 0 1
-1.63223 -15.7852 73810 28.4096 -10.3527 201.601 467.182 -13 1260 1 0 1
24.3106 3.98063 73810 7.86659 21.176 210.639 467.281 -13 1261 1 0 1
-23.9607 12.881 73810 -28.3786 -19.0543 200.515 467.348 -13 1262 1 0 1
33.6271 5.18981 73810 7.25323 18.6767 213.474 467.072 -13 1263 1 0 1
10.1093 0.425759 73810 -7.26599 8.95074 207.505 467.291 -13 1264 1 0 1
3.26902 22.1694 73810 -8.6802 19.8319 196.364 467.236 -13 1265 1 0 1
4.1053 3.08664 73810 -1.03624 0.701172 203.048 467.328 -13 1266 1 0 1
1.46189 3.96627 73810 0.521617 4.8669 211.901 467.386 -13 1267 1 0 1
-7.53265 19.3025 73810 -45.569 2.85531 211.403 467.292 -13 1268 1 0 1
-4.02557 44.7377 73810 -34.9811 10.9129 208.146 467.332 -13 1269 1 0 1
-6.38625 30.1873 73810 -39.179 18.2583 198.637 467.294 -13 1270 1 0 1
-0.841581 38.7994 73810 -24.9291 25.4877 186.014 467.254 -13 1271 1 0 1
3.46393 -5.84039 73810 3.57432 3.02937 227.423 466.992 -13 1273 1 0 1
17.5632 -5.38594 73810 19.7203 -3.18231 216.797 466.998 -13 1274 1 0 1
-11.4961 38.3702 73810 -43.2894 1.8366 182.841 467.378 -13 1275 1 0 1
10.6916 5.40568 73810 3.34812 18.5064 209.059 466.942 -13 1276 1 0 1
-3.78036 -1.55668 73810 2.67047 8.56359 218.438 467.098 -13 1277 1 0 1
-2.41138 45.1176 73810 -25.2159 32.3476 198.656 467.123 -13 1279 1 0 1
-17.1038 36.8722 73810 -17.163 28.0141 238.626 467.145 -13 1280 1 0 1
-19.3908 35.7681 73810 -33.6349 14.2268 191.49 467.288 -13 1281 1 0 1
14.118 19.1314 73810 -15.1775 33.93 222.418 467.014 -13 1282 1 0 1
-14.1846 1.69555 73810 -16.9746 3.66959 197.65 467.173 -13 1283 1 0 1
-14.1263 58.0004 73810 -58.2898 22.7351 192.305 467.162 -13 1284 1 0 1
23.1157 9.80211 73810 17.6382 0.115307 214.831 467.028 -13 1285 1 0 1
-21.7496 -11.5164 73810 -8.69913 -25.8574 197.508 467.145 -13 1286 1 0 1
-12.3339 17.7123 73810 -24.4481 -1.14486 200.636 467.265 -13 1287 1 0 1
-19.2131 45.1801 73810 -42.777 16.6251 195.741 467.172 -13 1288 1 0 1
20.6111 28.1769 73810 25.0857 69.3339 242.757 467.491 -13 1289 1 0 1
-0.14546 7.03256 73810 -7.58145 17.2729 241.149 467.366 -13 1290 1 0 1
-4.82648 5.84298 73810 -25.2846 7.55047 245.586 467.162 -13 1291 1 0 1
-5.3226 -2.51452 73810 4.76562 3.88735 231.644 467.248 -13 1292 1 0 1
25.8022 34.082 73810 -8.66432 49.6229 222.423 467.104 -13 1293 1 0 1
1.08274 -5.74922 73810 -12.6344 14.7882 247.604 467.123 -13 1294 1 0 1
19.5465 32.3939 73810 6.09184 52.8263 248.177 467.415 -13 1295 1 0 1
6.80173 12.3358 73810 -48.6994 74.9818 241.181 466.964 -13 1296 1 0 1
-4.91709 3.50987 73810 -38.2635 -1.97745 226.911 467.099 -13 1297 1 0 1
-11.8803 51.1846 73810 -34.273 70.5141 226.428 468.094 -13 1298 1 0 1
-9.75122 17.0208 73810 -20.3472 9.99382 230.735 467.11 -13 1299 1 0 1
-51.9665 -34.6401 73810 -92.9267 -71.3748 245.146 467.37 -13 1300 1 0 1
9.60947 34.4904 73810 -11.7038 -4.60135 231.551 467.364 -13 1301 1 0 1
-11.6253 -1.62793 73810 -14.3847 -20.2133 221.935 466.968 -13 1303 1 0 1
-16.3649 0.352799 73810 -30.6224 -5.21176 208.45 467.078 -13 1304 1 0 1
3.55109 5.15208 73810 -3.71931 -3.28253 206.521 467.104 -13 1305 1 0 1
-10.4834 17.2992 73810 -21.2347 1.91242 209.696 467.268 -13 1307 1 0 1
-18.1294 3.52422 73810 -22.6308 14.5608 212.052 467.081 -13 1308 1 0 1
13.5517 24.7089 73810 -2.02838 36.7996 200.697 467.32 -13 1309 1 0 1
-13.1447 -4.49505 73810 -0.833537 -10.3028 210.146 467.089 -13 1310 1 0 1
27.2571 10.2323 73810 -22.5722 50.3374 247.295 467.291 -13 1311 1 0 1
15.351 4.11177 73810 -2.75438 10.9462 198.879 467.251 -13 1312 1 0 1
-12.849 18.7336 73810 -15.0735 15.0335 201.583 467.087 -13 1314 1 0 1
0.461282 -5.29557 73810 -2.62963 -1.51646 228.466 466.968 -13 1315 1 0 1
0.227039 -10.7454 73810 -29.2403 28.8313 245.598 467.15 -13 1316 1 0 1
8.7646 -20.8169 73810 5.60324 -14.094 214.942 467.015 -13 1317 1 0 1
-13.5578 -36.7032 73810 10.0568 -43.6735 181.612 467.265 -13 1318 1 0 1
-6.8213 13.9766 73810 -26.0345 2.75066 186.926 467.626 -13 1319 1 0 1
-16.8117 -6.30433 73810 -27.3209 -4.66404 229.575 467.153 -13 1320 1 0 1
9.00215 19.7782 73810 -19.1038 30.6296 243.743 467.442 -13 1323 1 0 1
-0.983191 16.6327 73810 28.7327 41.9694 240.538 467.853 -13 1325 1 0 1
-40.8258 43.3935 73810 -60.759 -8.13621 193.53 467.193 -13 1327 1 0 1
-0.92898 17.8961 73810 -31.4298 20.798 202.452 467.288 -13 1328 1 0 1
-22.126 7.91706 73810 -54.6948 -14.0798 228.193 467.069 -13 1329 1 0 1
-29.0384 -0.515079 73810 -3.35752 -21.9861 202.931 467.2 -13 1330 1 0 1
5.90953 2.20044 73810 -2.86491 22.8835 225.739 466.99 -13 1331 1 0 1
-2.09159 -2.07011 73810 11.8914 -12.7394 236.216 467.124 -13 1332 1 0 1
1.23773 14.9696 73810 -3.47994 8.4419 199.12 467.092 -13 1333 1 0 1
-10.3631 14.0098 73810 -16.1108 -4.95713 206.829 467.287 -13 1334 1 0 1
-14.6862 16.2718 73810 -7.3814 -0.759852 204.969 467.137 -13 1335 1 0 1
-18.4338 -1.89455 73810 4.99139 -12.8858 202.449 467.178 -13 1336 1 0 1
-27.0395 33.1616 73810 -23.4432 29.4788 209.398 467.117 -13 1337 1 0 1
18.4352 25.6858 73810 -3.88819 26.5614 207.582 467.16 -13 1338 1 0 1
32.3637 -13.8975 73810 35.3451 -16.324 193.312 467.415 -13 1339 1 0 1
37.8751 29.7172 73810 4.68982 33.5564 181.645 467.22 -13 1340 1 0 1
9.05878 9.95554 73810 3.95405 24.362 194.841 467.22 -13 1341 1 0 1
16.1663 14.3156 73810 52.9581 17.7825 240.78 467.05 -13 1342 1 0 1
-0.261406 19.8328 73810 -18.7275 -2.25631 207.916 467.254 -13 1343 1 0 1
44.1875 32.8323 73810 -0.0335478 41.3847 204.321 467.202 -13 1344 1 0 1
-17.5524 -6.17554 73810 -7.40551 -5.52838 203.746 467.29 -13 1345 1 0 1
-6.61419 -6.86283 73810 2.49119 -7.90639 243.377 467.594 -13 1347 1 0 1
50.1145 26.0799 73810 8.94987 35.8974 184.366 467.601 -13 1349 1 0 1
34.5442 -13.325 73810 1.2089 24.8177 198.3 467.077 -13 1351 1 0 1
13.0162 -11.6779 73810 18.2712 1.23352 242.526 467.429 -13 1354 1 0 1
19.6529 9.40777 73810 10.5382 17.9721 194.619 467.801 -13 1355 1 0 1
-4.74386 -0.136504 73810 14.9825 -19.2046 204.978 467.343 -13 1357 1 0 1
2.86074 17.1583 73810 -0.206199 56.8707 239.992 467.135 -13 1358 1 0 1
-13.58 11.8909 73810 -3.00767 55.2545 246.213 467.146 -13 1359 1 0 1
5.02084 18.045 73810 -1.20129 26.8886 205.234 467.183 -13 1360 1 0 1
1.54647 -9.88524 73810 -6.78917 21.0868 229.25 467.063 -13 1361 1 0 1
12.448 16.1704 73810 -26.6948 11.0096 254.713 467.399 -13 1362 1 0 1
-69.2153 8.48451 73810 24.0339 -55.3738 131.909 471.188 -13 1363 1 0 1
-12.7492 11.5748 73810 -48.9116 12.9234 245.846 467.175 -13 1364 1 0 1
-1.76641 -16.7157 73810 -45.0738 4.81053 254.409 467.23 -13 1365 1 0 1
19.0544 40.6792 73810 -35.8584 64.7619 235.376 467.615 -13 1366 1 0 1
21.9047 6.77653 73810 31.0287 21.6145 244.51 467.435 -13 1367 1 0 1
-22.8155 -0.171601 73810 -50.6614 -19.2769 219.464 467.095 -13 1368 1 0 1
-3.5471 12.1275 73810 -7.53044 20.6407 229.79 467.042 -13 1369 1 0 1
7.35769 33.8229 73810 -25.6174 26.2945 205.542 467.158 -13 1370 1 0 1
8.8204 23.7611 73810 5.86465 37.3907 218.935 467.106 -13 1371 1 0 1
-8.73237 5.91589 73810 -13.6542 20.9401 241.431 467.227 -13 1372 1 0 1
-12.5672 -0.970444 73810 -4.32956 14.6671 219.938 467.975 -13 1373 1 0 1
11.4732 35.1279 73810 -15.2915 36.9031 204.106 467.292 -13 1374 1 0 1
-12.637 16.4186 73810 -25.189 35.6092 209.842 467.223 -13 1375 1 0 1
14.089 25.8296 73810 -16.3921 11.9294 192.792 467.915 -13 1376 1 0 1
-42.9629 5.84918 73810 -71.3979 -34.4689 231.078 467.613 -13 1377 1 0 1
28.4465 15.5402 73810 3.09243 55.1078 235.762 467.09 -13 1378 1 0 1
26.4918 26.0165 73810 -3.96102 7.34336 208.778 468.336 -13 1380 1 0 1
15.2815 12.3659 73810 35.4136 28.9219 233.447 467.654 -13 1381 1 0 1
44.2063 106.964 73810 -34.7536 77.8972 185.789 468.501 -13 1382 1 0 1
15.1047 36.2168 73810 -19.6567 45.9084 225.911 467.218 -13 1383 1 0 1
-12.224 4.74711 73810 -11.7098 5.81252 237.747 467.209 -13 1385 1 0 1
-25.4951 -0.914369 73810 -33.3355 16.0968 214.498 468.122 -13 1386 1 0 1
-29.1473 10.2795 73810 -64.4131 17.3539 235.329 467.576 -13 1388 1 0 1
12.1484 18.2965 73810 43.603 47.8023 261.727 467.433 -13 1389 1 0 1
-8.47285 -2.94913 73810 -16.4997 -11.0668 210.798 467.707 -13 1390 1 0 1
11.4154 81.3808 73810 -35.684 49.2266 185.979 467.59 -13 1392 1 0 1
2.21104 10.8761 73810 -1.93082 17.3928 213.559 467.811 -13 1393 1 0 1
-3.54089 8.69905 73810 -15.314 -4.75494 200.664 467.084 -13 1394 1 0 1
19.9903 -7.5188 73810 27.481 -30.7741 253.304 467.578 -13 1395 1 0 1
-12.3479 14.1113 73810 -6.27245 21.9004 207.189 467.015 -13 1396 1 0 1
-33.9543 17.2107 73810 -52.7329 10.9901 234.335 467.12 -13 1398 1 0 1
6.48718 11.4875 73810 -1.10485 24.0061 193.249 467.174 -13 1399 1 0 1
-8.71501 12.9633 73810 -29.0369 42.9425 254.115 467.241 -13 1400 1 0 1
-2.07469 6.48542 73810 -5.68085 10.6828 221.656 466.937 -13 1401 1 0 1
3.10062 17.3609 73810 -28.661 28.42 223.543 467.067 -13 1404 1 0 1
7.26446 -10.9247 73810 8.68204 21.3521 237.608 467.159 -13 1405 1 0 1
20.5153 32.0266 73810 -14.6181 63.5948 230.477 467.312 -13 1406 1 0 1
-7.69434 -3.30596 73810 -22.7607 -4.92285 201.857 467.472 -13 1407 1 0 1
-8.67922 52.9708 73810 -39.4615 49.2892 219.739 467.181 -13 1408 1 0 1
-21.4768 -5.49166 73810 -49.475 -11.9858 205.598 467.376 -13 1409 1 0 1
-8.38739 14.4975 73810 -7.08288 0.312321 207.839 467.4 -13 1410 1 0 1
2.17577 0.982401 73810 -4.93058 -2.60822 225.637 467.084 -13 1411 1 0 1
-2.93931 40.876 73810 -46.0099 33.1359 204.364 467.45 -13 1412 1 0 1
0.440434 5.02593 73810 -14.8967 2.97588 214.654 467.084 -13 1413 1 0 1
-10.3548 2.01383 73810 0.444966 0.31584 217.379 467.513 -13 1414 1 0 1
-4.66968 -54.5363 73810 16.5017 -46.0571 218.572 467.049 -13 1416 1 0 1
-16.2799 -7.398 73810 -18.9941 -28.9233 204.76 467.215 -13 1417 1 0 1
-7.21574 14.0534 73810 -19.0747 10.0779 202.3 467.232 -13 1418 1 0 1
4.50092 23.0231 73810 -10.3639 5.99775 204.309 467.141 -13 1419 1 0 1
20.7468 2.91706 73810 0.0937152 7.33387 232.423 467.095 -13 1420 1 0 1
1.55619 19.8384 73810 -4.13145 12.2863 210.596 467.284 -13 1421 1 0 1
21.8023 -3.76147 73810 -10.1409 22.4289 216.677 467.309 -13 1422 1 0 1
-17.6624 32.7411 73810 -36.2232 23.4544 199.044 467.333 -13 1424 1 0 1
-27.4959 43.3192 73810 -46.6316 25.5693 197.052 467.449 -13 1425 1 0 1
6.38006 2.08424 73810 -3.41467 34.8222 222.585 467.372 -13 1426 1 0 1
0.669837 28.8743 73810 -13.178 12.9478 210.357 467.223 -13 1427 1 0 1
16.3149 13.4533 73810 28.0513 16.9523 247.121 467.226 -13 1428 1 0 1
-12.1715 3.77002 73810 0.24036 18.2242 226.528 467.168 -13 1429 1 0 1
5.19216 14.9761 73810 5.76575 27.6912 212.338 467.068 -13 1430 1 0 1
37.4657 24.9065 73810 13.0781 53.7396 233.948 467.298 -13 1431 1 0 1
-12.9943 22.6699 73810 -53.1472 37.9215 235.669 467.22 -13 1432 1 0 1
-15.7732 18.7749 73810 -31.021 -3.76887 205.229 467.036 -13 1433 1 0 1
52.2998 51.2029 73810 7.812 39.959 227.173 467.187 -13 1434 1 0 1
-15.7284 9.85814 73810 -14.5088 7.90333 254.463 467.256 -13 1435 1 0 1
-19.7926 18.5363 73810 -40.3184 1.46722 219.646 467.073 -13 1436 1 0 1
-9.16625 42.8789 73810 -42.1975 24.7279 204.549 467.297 -13 1437 1 0 1
10.6733 41.9151 73810 0.533344 47.2565 213.068 467.483 -13 1438 1 0 1
5.60217 41.0109 73810 -3.56781 32.2625 219.604 467.126 -13 1440 1 0 1
-8.34857 23.4717 73810 -34.2308 33.6831 222.799 467.191 -13 1442 1 0 1
11.8947 11.7541 73810 0.468613 3.59196 227.911 467.17 -13 1443 1 0 1
-13.0713 46.2996 73810 -34.8322 22.8031 205.694 467.197 -13 1444 1 0 1
6.48154 23.0098 73810 -13.5131 3.09788 223.688 467.211 -13 1445 1 0 1
-2.45849 28.1027 73810 -26.1296 19.0826 231.598 467.201 -13 1446 1 0 1
22.5843 11.5837 73810 6.93302 43.8804 252.021 467.386 -13 1447 1 0 1
3.64523 26.5888 73810 -5.16379 27.0173 242.405 467.412 -13 1450 1 0 1
-5.84891 27.0055 73810 -40.2055 16.6625 237.264 467.295 -13 1451 1 0 1
6.81352 1.42804 73810 19.1651 12.2764 250.64 467.343 -13 1453 1 0 1
-21.9127 59.0614 73810 -50.1729 62.0501 210 467.91 -13 1454 1 0 1
5.05094 23.2173 73810 -7.01125 32.3372 226.867 468.002 -13 1456 1 0 1
12.1227 -1.44239 73810 35.1637 22.9515 250.477 467.57 -13 1457 1 0 1
6.70615 31.9647 73810 -10.9037 61.0164 213.038 468.159 -13 1458 1 0 1
-27.5426 -17.6623 73810 -6.96687 -6.16878 210.881 467.676 -13 1459 1 0 1
29.5848 21.4262 73810 11.393 21.6282 238.788 467.831 -13 1460 1 0 1
20.4405 30.1048 73810 -16.7658 63.6887 231.192 467.588 -13 1462 1 0 1
2.22195 -15.5361 73810 5.78839 -10.811 201.719 467.703 -13 1463 1 0 1
21.8815 -10.8365 73810 36.4743 21.5727 237.093 467.649 -13 1464 1 0 1
38.5892 20.4424 73810 30.3812 69.8522 221.288 467.798 -13 1465 1 0 1
14.6511 -1.65138 73810 21.2953 -0.0461383 199.812 467.868 -13 1466 1 0 1
19.6084 11.2277 73810 3.33331 29.8225 233.54 467.211 -13 1468 1 0 1
13.9665 12.381 73810 8.50374 -15.4598 191.779 467.795 -13 1470 1 0 1
19.3001 14.6985 73810 18.6485 23.5877 212.526 467.8 -13 1473 1 0 1
1.31334 2.53582 73810 -21.3672 -14.82 263.385 467.256 -13 1474 1 0 1
14.4738 39.4303 73810 -27.9193 20.876 179.262 467.633 -13 1475 1 0 1
6.12743 38.2703 73810 -58.6335 52.5596 238.077 467.42 -13 1476 1 0 1
-16.9836 26.6274 73810 -42.6895 5.26864 219.08 467.143 -13 1479 1 0 1
-23.8019 12.6067 73810 -20.9831 -13.6967 193.574 467.165 -13 1480 1 0 1
11.9753 11.4292 73810 10.7291 27.7629 232.011 467.139 -13 1481 1 0 1
-15.4579 36.0547 73810 -37.0755 38.02 224.243 467.992 -13 1482 1 0 1
-4.38888 1.85856 73810 0.847047 24.5242 253.9 467.394 -13 1483 1 0 1
-3.82037 21.1629 73810 -27.6752 40.1117 209.328 467.107 -13 1484 1 0 1
14.29 31.6912 73810 -18.4677 46.9066 209.817 467.096 -13 1485 1 0 1
-6.02963 62.3094 73810 -40.8388 29.7063 195.653 467.284 -13 1486 1 0 1
9.93348 58.5082 73810 -29.9245 38.4383 192.455 468.058 -13 1487 1 0 1
3.41981 24.1213 73810 -33.0157 23.8094 206.115 467.672 -13 1489 1 0 1
-6.75865 24.5227 73810 -26.2967 30.7668 183.464 467.664 -13 1490 1 0 1
8.68398 32.1623 73810 -2.42861 56.4327 229.983 467.653 -13 1491 1 0 1
2.18384 -38.8915 73810 37.8056 -2.37404 232.589 467.198 -13 1494 1 0 1
0.0587899 16.4845 73810 9.38214 8.6038 232.225 467.127 -13 1495 1 0 1
-23.3999 -38.3349 73810 -15.556 -56.1676 199.416 467.773 -13 1496 1 0 1
-5.24375 -3.07427 73810 0.321163 20.5275 218.294 467.269 -13 1497 1 0 1
-11.7413 7.80518 73810 -6.46267 28.591 239.819 467.467 -13 1500 1 0 1
-12.2219 14.4968 73810 -6.44206 28.5456 237.785 467.2 -13 1503 1 0 1
-10.3475 26.4423 73810 -26.3408 34.9939 234.659 467.713 -13 1504 1 0 1
1.83206 7.28641 73810 5.24764 -14.7233 201.589 467.156 -13 1506 1 0 1
34.5702 31.0526 73810 2.7439 39.4031 197.908 467.171 -13 1507 1 0 1
-39.9928 40.0801 73810 -60.5384 11.74 206.026 467.166 -13 1508 1 0 1
-15.7127 17.9614 73810 -14.8699 -1.85212 197.419 467.311 -13 1509 1 0 1
-7.9816 -19.7388 73810 -4.2238 -14.6411 202.493 467.053 -13 1512 1 0 1
-0.346072 -14.7535 73810 -20.1946 -9.01772 197.218 467.141 -13 1513 1 0 1
29.7613 35.6238 73810 -11.4999 41.02 220.064 467.066 -13 1514 1 0 1
12.6684 46.4231 73810 -26.9392 33.5447 194.699 467.364 -13 1515 1 0 1
-19.0127 -14.1568 73810 -24.2994 -13.5573 242.336 467.426 -13 1516 1 0 1
-21.3463 21.1959 73810 -42.3778 11.4989 231.419 467.352 -13 1518 1 0 1
17.3264 3.13369 73810 1.11682 -23.0897 249.999 466.935 -13 1522 1 0 1
23.7749 27.803 73810 5.85993 28.736 192.418 467.251 -13 1523 1 0 1
-11.7631 33.7283 73810 -23.9681 47.1216 236.735 467.607 -13 1525 1 0 1
4.23688 18.9504 73810 -18.2232 11.2741 192.466 467.18 -13 1526 1 0 1
-7.09649 24.7395 73810 -38.7685 21.8632 247.845 467.269 -13 1527 1 0 1
-4.92339 -2.80408 73810 8.17309 55.8472 253.002 467.205 -13 1529 1 0 1
21.0832 31.1014 73810 -21.3511 55.8202 240.719 467.317 -13 1531 1 0 1
-9.51264 35.1017 73810 -14.9641 30.5939 207.396 467.001 -13 1533 1 0 1
-19.6995 21.0918 73810 -43.2959 53.9182 240.98 467.15 -13 1534 1 0 1
5.14193 58.7639 73810 -35.4305 23.0612 192.266 467.379 -13 1536 1 0 1
9.11015 65.1856 73810 -37.7028 44.3791 190.093 467.326 -13 1537 1 0 1
7.22595 15.5614 73810 -14.5577 20.5541 189.15 467.331 -13 1538 1 0 1
8.98925 22.217 73810 -6.03042 3.63654 188.847 467.305 -13 1539 1 0 1
-12.8879 59.2288 73810 -35.5483 27.3819 201.039 467.291 -13 1540 1 0 1
-12.7703 32.3644 73810 -29.7511 5.20535 191.848 467.389 -13 1542 1 0 1
1.84201 -5.05051 73810 -7.28681 14.5978 202.065 467.464 -13 1543 1 0 1
14.4209 18.3191 73810 -0.224094 12.6778 204.767 467.471 -13 1544 1 0 1
1.5612 14.2638 73810 -25.3615 11.1664 205.428 467.328 -13 1545 1 0 1
21.6805 14.3014 73810 -11.893 13.5034 199.343 467.523 -13 1546 1 0 1
12.9449 23.4768 73810 -9.73753 36.4484 214.4 467.434 -13 1547 1 0 1
8.78577 17.6219 73810 -5.62663 18.6069 208.764 467.421 -13 1548 1 0 1
1.74329 6.21031 73810 -18.229 22.6024 206.129 467.332 -13 1549 1 0 1
20.2333 14.0288 73810 0.75982 22.2693 202.796 467.243 -13 1550 1 0 1
-15.8048 0.964583 73810 -30.4707 5.75914 215.284 467.345 -13 1551 1 0 1
-1.93327 44.0818 73810 -37.969 37.1741 201.016 467.153 -13 1552 1 0 1
0.847576 35.3716 73810 -11.06 27.3588 221.128 467.145 -13 1553 1 0 1
-4.03105 3.98612 73810 -11.1359 12.1897 226.11 467.066 -13 1555 1 0 1
4.11292 12.4383 73810 -1.45728 3.98348 222.247 467.055 -13 1556 1 0 1
11.9954 32.8871 73810 -6.29661 32.1961 219.197 467.027 -13 1557 1 0 1
1.55749 29.0653 73810 -19.666 58.274 240.713 467.691 -13 1558 1 0 1
24.3166 42.8782 73810 -15.4099 48.296 211.248 467.11 -13 1559 1 0 1
4.56005 6.88662 73810 -18.4247 4.84593 196.302 467.276 -13 1560 1 0 1
-17.7585 17.248 73810 -23.2022 5.83008 212.779 467.088 -13 1561 1 0 1
35.4287 42.9109 73810 -8.84634 62.0947 207.862 467.084 -13 1563 1 0 1
2.69335 37.7862 73810 -19.2018 18.3891 200.402 467.153 -13 1564 1 0 1
-10.7711 -10.6253 73810 -2.02615 15.5708 210.654 467.215 -13 1565 1 0 1
-1.86589 8.9961 73810 -7.31449 8.73106 200.896 467.071 -13 1566 1 0 1
-10.5757 36.6505 73810 -26.8061 20.454 207.745 467.027 -13 1567 1 0 1
2.9307 26.5398 73810 -8.3488 26.0992 231.244 467.054 -13 1568 1 0 1
-21.6459 33.0595 73810 -45.8151 3.42581 196.717 467.137 -13 1569 1 0 1
-3.46261 43.0589 73810 -34.4421 21.629 202.161 467.119 -13 1570 1 0 1
-1.126 44.6028 73810 -26.6868 36.3771 212.655 467.039 -13 1571 1 0 1
-23.207 55.4547 73810 -53.9588 58.9719 230.341 467.391 -13 1572 1 0 1
8.89837 3.77886 73810 -0.876214 8.83832 234.441 467.114 -13 1573 1 0 1
9.5503 18.2477 73810 5.36849 8.79413 246.101 467.264 -13 1574 1 0 1
1.41065 4.60802 73810 -5.92184 17.2329 213.807 467.231 -13 1575 1 0 1
7.85782 0.927429 73810 14.8915 -8.08535 240.192 467.613 -13 1576 1 0 1
3.15064 16.678 73810 -8.73539 3.90603 196.876 467.06 -13 1577 1 0 1
13.1063 32.8689 73810 -17.4588 28.2169 242.94 467.482 -13 1578 1 0 1
11.9866 -3.22935 73810 -16.2787 -7.92582 251.856 467.714 -13 1579 1 0 1
45.4536 30.3537 73810 41.0093 56.3927 223.195 467.116 -13 1580 1 0 1
16.2698 23.604 73810 7.85091 34.2142 224.814 467.114 -13 1581 1 0 1
11.645 48.5005 73810 -33.7351 59.0831 202.718 468.092 -13 1582 1 0 1
32.3718 53.8097 73810 -4.71359 84.7772 231.395 467.616 -13 1584 1 0 1
-28.7547 -26.8456 73810 -49.3644 -58.396 257.38 467.455 -13 1585 1 0 1
15.1691 11.8624 73810 1.89178 43.1495 244.76 467.451 -13 1586 1 0 1
-27.1024 37.2879 73810 -31.5233 25.6482 212.67 467.06 -13 1587 1 0 1
-0.755947 4.32618 73810 -5.65674 -12.0675 219.85 467.037 -13 1588 1 0 1
-3.35161 -1.54824 73810 0.605722 -9.96831 198.375 467.097 -13 1589 1 0 1
-12.1907 17.9247 73810 -32.6776 21.0015 202.535 467.101 -13 1590 1 0 1
4.25853 16.2325 73810 -22.993 42.6364 238.124 467.237 -13 1591 1 0 1
-4.25412 3.76095 73810 -3.49629 26.2696 229.923 467.06 -13 1592 1 0 1
-29.7366 35.9259 73810 -53.0071 5.73556 186.463 467.201 -13 1594 1 0 1
20.1534 22.4383 73810 -8.86244 15.743 202.553 467.175 -13 1595 1 0 1
14.8489 30.7628 73810 10.4181 54.6281 246.235 467.447 -13 1596 1 0 1
-26.5943 9.6864 73810 -48.0528 -3.8754 194.889 467.216 -13 1597 1 0 1
12.2861 -16.5382 73810 14.6555 25.6295 213.006 467.098 -13 1598 1 0 1
-28.6881 30.7993 73810 -45.341 9.9608 208.583 467.283 -13 1599 1 0 1
-36.7512 11.3143 73810 -17.536 14.6133 213.865 467.173 -13 1600 1 0 1
-0.415266 53.319 73810 -31.7049 41.8523 204.554 467.24 -13 1602 1 0 1
35.345 14.9301 73810 32.3444 69.4984 242.689 467.741 -13 1603 1 0 1
25.8013 5.29932 73810 18.5001 22.9013 239.849 467.23 -13 1604 1 0 1
3.53448 27.0493 73810 -11.0084 40.2683 225.296 467.058 -13 1605 1 0 1
5.97828 11.9307 73810 25.4135 36.1957 233.205 467.09 -13 1606 1 0 1
37.5256 13.4525 73810 -8.18297 82.1085 244.546 467.746 -13 1607 1 0 1
17.303 21.1809 73810 -17.8095 23.2202 210.414 467.07 -13 1608 1 0 1
14.6685 6.83919 73810 -9.64552 48.4527 237.689 467.172 -13 1609 1 0 1
18.6371 10.3439 73810 6.5905 42.8234 239.47 467.229 -13 1610 1 0 1
-21.8487 21.4452 73810 -19.4507 14.4193 209.401 467.124 -13 1611 1 0 1
22.5296 17.0389 73810 6.42509 21.669 213.6 467.053 -13 1612 1 0 1
-17.7814 2.48188 73810 -12.8786 3.0662 243.659 467.102 -13 1613 1 0 1
-0.610381 -9.20154 73810 14.2266 4.38752 206.117 467.014 -13 1614 1 0 1
-38.1532 -1.11361 73810 -42.9685 -18.6142 220.705 467.111 -13 1615 1 0 1
11.9903 22.1452 73810 -8.13204 28.5497 202.099 467.388 -13 1616 1 0 1
-6.23883 23.5622 73810 -21.1945 42.8361 231.76 467.072 -13 1617 1 0 1
9.30481 22.6945 73810 -19.1241 26.2882 197.315 467.228 -13 1618 1 0 1
2.26322 12.3804 73810 -2.30231 12.1936 204.268 467.061 -13 1619 1 0 1
-3.0024 8.32046 73810 -15.2974 14.0567 217.781 467.393 -13 1623 1 0 1
11.9818 28.3101 73810 -28.3419 42.753 242.26 467.552 -13 1625 1 0 1
0.58686 35.3129 73810 -31.2889 57.3045 217.939 467.082 -13 1626 1 0 1
65.1293 -24.6205 73810 -30.0332 73.6121 282.117 467.06 -13 1627 1 0 1
-18.4424 27.216 73810 -52.4129 -9.65561 197.366 467.328 -13 1628 1 0 1
23.8687 8.20432 73810 37.4221 24.653 235.559 467.081 -13 1629 1 0 1
18.3293 -20.9085 73810 27.4429 3.34847 214.283 467.034 -13 1630 1 0 1
23.1773 26.9827 73810 -9.01373 43.5721 205.149 467.061 -13 1635 1 0 1
-44.3891 69.4135 73810 -61.0944 5.54318 173.278 467.427 -13 1653 1 0 1
2.66048 25.8586 73810 -30.8717 -6.36485 191.533 467.897 -13 1654 1 0 1
-14.3008 6.37663 73810 -28.1554 -8.63804 198.586 467.226 -13 1656 1 0 1
-24.2063 3.68354 73810 -29.6431 -29.5786 194.227 467.297 -13 1657 1 0 1
4.62012 14.0626 73810 -19.2995 17.0837 206.713 467.255 -13 1658 1 0 1
0.994355 21.094 73810 -6.47409 -0.419551 198.786 467.399 -13 1659 1 0 1
5.77309 12.6223 73810 -20.6785 10.0178 206.793 467.332 -13 1660 1 0 1
15.909 1.02524 73810 -0.756034 19.5122 205.965 467.282 -13 1661 1 0 1
-4.71741 4.39438 73810 -10.5768 -1.25364 206.945 467.462 -13 1662 1 0 1
3.76335 21.2519 73810 -7.44338 39.3322 210.906 467.391 -13 1663 1 0 1
-11.9317 24.4932 73810 -31.9219 0.56069 204.485 467.374 -13 1664 1 0 1
22.968 6.89969 73810 10.4989 15.1089 192.433 467.193 -13 1665 1 0 1
3.81693 51.499 73810 -24.6442 39.7526 201.068 467.114 -13 1666 1 0 1
18.0586 1.19795 73810 6.72426 9.05404 196.626 467.284 -13 1667 1 0 1
7.65807 4.912 73810 23.9981 -0.536149 204.401 467.337 -13 1669 1 0 1
25.8112 23.0153 73810 32.992 40.915 232.359 467.029 -13 1670 1 0 1
25.4482 2.45692 73810 46.5611 30.7296 248.996 467.149 -13 1671 1 0 1
-42.5782 26.2114 73810 -40.6416 29.4816 226.675 467.216 -13 1672 1 0 1
-5.77534 35.1733 73810 -10.0825 17.2269 211.639 467.091 -13 1673 1 0 1
-19.1518 3.01897 73810 -17.1599 -10.5882 193.785 467.139 -13 1674 1 0 1
-19.926 14.64 73810 -16.4085 1.87238 204.426 467.123 -13 1675 1 0 1
11.4186 46.1664 73810 -34.3353 50.8301 211.15 467.249 -13 1677 1 0 1
3.90276 -14.977 73810 12.9326 -1.23356 221.423 467.087 -13 1678 1 0 1
17.256 36.6605 73810 -24.7165 33.6928 214.39 467.186 -13 1679 1 0 1
24.5115 11.8713 73810 11.1558 30.3582 222.061 467.115 -13 1680 1 0 1
-9.34447 -4.4264 73810 9.79404 14.7168 232.201 467.126 -13 1681 1 0 1
-8.37844 21.3843 73810 -9.31726 7.59488 213.521 467.143 -13 1682 1 0 1
6.32674 -12.3772 73810 3.68335 -25.8679 247.821 467.128 -13 1683 1 0 1
-17.8475 19.798 73810 -30.0873 26.9981 221.195 467.135 -13 1684 1 0 1
-22.3877 16.2827 73810 -5.5511 66.3637 241.153 466.947 -13 1685 1 0 1
3.29962 28.9601 73810 -23.6294 23.1104 193.59 467.27 -13 1686 1 0 1
-0.857068 21.2888 73810 -23.4933 11.3249 189.8 467.233 -13 1687 1 0 1
21.251 2.97778 73810 6.08722 20.6936 213.234 467.201 -13 1689 1 0 1
31.571 -0.458744 73810 20.1387 29.4322 195.941 467.202 -13 1690 1 0 1
-19.8907 12.167 73810 -23.9047 3.8099 205.693 467.388 -13 1691 1 0 1
-12.0501 7.8706 73810 -24.1278 0.0606506 204.181 467.245 -13 1692 1 0 1
36.4485 0.981557 73810 22.8701 12.3008 197.846 467.396 -13 1693 1 0 1
-2.31757 13.6352 73810 3.74313 26.6859 244.544 467.235 -13 1694 1 0 1
-22.9622 11.4067 73810 -26.8209 -11.797 204.689 467.206 -13 1695 1 0 1
33.9873 31.305 73810 20.5193 38.2977 210.676 467.441 -13 1696 1 0 1
3.64248 -19.0908 73810 18.0141 -0.689995 241.167 467.16 -13 1697 1 0 1
-11.0206 13.7385 73810 6.115 11.0356 217.812 467.097 -13 1698 1 0 1
-35.0074 20.3301 73810 -51.7678 13.9703 217.986 467.2 -13 1699 1 0 1
16.1689 10.7086 73810 -19.6864 31.5205 234.112 467.179 -13 1700 1 0 1
-7.81404 30.9606 73810 -20.6728 19.2381 227.837 467.274 -13 1701 1 0 1
6.9758 -4.37041 73810 -8.55505 -8.10287 220.044 467.757 -13 1703 1 0 1
5.67394 -3.44084 73810 -2.70291 18.542 248.954 467.386 -13 1705 1 0 1
30.4883 -3.94404 73810 52.116 3.98225 232.182 467.611 -13 1708 1 0 1
4.03991 11.6905 73810 -5.37199 14.6825 197.664 467.659 -13 1709 1 0 1
0.126652 9.67768 73810 7.69968 -2.50825 180.043 467.01 -13 1710 1 0 1
15.2914 29.2579 73810 -7.87267 54.2818 237.177 467.433 -13 1712 1 0 1
6.04643 6.73636 73810 -10.7506 25.114 245.327 467.251 -13 1715 1 0 1
6.38365 -0.25357 73810 -4.036 -13.1351 230.217 467.69 -13 1717 1 0 1
7.29582 4.90019 73810 -17.6987 21.575 243.194 467.499 -13 1720 1 0 1
-0.207839 19.0614 73810 -17.9198 10.9279 221.889 467.104 -13 1721 1 0 1
-2.79011 6.18835 73810 -10.7015 27.5701 245.801 467.216 -13 1722 1 0 1
1.97062 36.1864 73810 -29.5353 61.4567 221.784 467.232 -13 1723 1 0 1
5.71533 23.6899 73810 2.44687 69.835 242.403 467.16 -13 1725 1 0 1
10.5837 17.5651 73810 -15.3912 32.6859 226.443 467.063 -13 1726 1 0 1
6.25068 14.1192 73810 17.4308 68.4071 246.304 467.713 -13 1727 1 0 1
1.95145 -19.4667 73810 -9.6429 -22.3865 219.086 467.01 -13 1728 1 0 1
-16.6711 29.7949 73810 -41.5631 8.10673 192.112 467.264 -13 1730 1 0 1
-8.56307 10.114 73810 -22.4709 1.82544 201.156 467.282 -13 1731 1 0 1
-2.7462 15.5845 73810 -11.3589 6.1931 227.557 467.094 -13 1732 1 0 1
-4.85862 9.83038 73810 -22.401 21.2413 246.481 467.393 -13 1733 1 0 1
1.90151 63.3531 73810 -34.1166 61.982 211.973 467.306 -13 1734 1 0 1
-22.5071 13.0571 73810 -22.5101 4.26415 194.893 467.196 -13 1735 1 0 1
-3.01047 -22.3176 73810 2.61638 -39.5612 229.958 467.161 -13 1736 1 0 1
24.6335 16.5642 73810 20.1454 30.7541 216.927 467.15 -13 1737 1 0 1
-20.98 8.17836 73810 3.75456 47.2512 252.256 467.173 -13 1739 1 0 1
50.1518 28.4212 73810 23.0163 48.8183 205.248 467.125 -13 1740 1 0 1
8.43777 1.46502 73810 -2.57198 14.8362 205.847 467.164 -13 1741 1 0 1
0.383578 0.0166839 73810 -20.6658 -9.30521 192.225 467.183 -13 1742 1 0 1
-23.0992 20.5644 73810 -42.5068 5.2444 191.62 467.191 -13 1743 1 0 1
-18.9313 28.552 73810 -41.4033 38.6312 214.059 467.433 -13 1744 1 0 1
-19.4872 4.42539 73810 -31.5082 -5.27409 195.716 467.334 -13 1745 1 0 1
-6.62192 -13.6129 73810 7.03219 -10.8358 206.934 467.312 -13 1747 1 0 1
24.8338 -0.0290269 73810 2.45852 15.0654 200.33 467.16 -13 1748 1 0 1
-2.91406 -9.94933 73810 -4.64551 -1.29558 198.767 467.15 -13 1749 1 0 1
21.0709 6.97389 73810 5.37661 61.4299 226.368 467.228 -13 1750 1 0 1
12.4839 -10.4037 73810 -16.7537 5.39531 220.836 467.48 -13 1753 1 0 1
12.6807 5.1307 73810 21.351 30.7522 243.437 467.647 -13 1754 1 0 1
2.67805 30.6398 73810 -21.7035 47.375 234.904 467.388 -13 1755 1 0 1
-4.67759 13.4251 73810 -23.2505 -4.59116 224.855 467.267 -13 1756 1 0 1
-10.7156 -24.2465 73810 -57.5695 -18.2834 245.504 467.98 -13 1757 1 0 1
24.6638 3.07546 73810 16.5894 25.6224 224.015 467.054 -13 1759 1 0 1
28.7085 0.44525 73810 15.3074 31.3012 232.941 467.186 -13 1760 1 0 1
5.59669 9.16463 73810 -18.0779 16.3046 238.152 467.097 -13 1761 1 0 1
3.11045 5.50304 73810 -6.95577 28.836 243.757 467.212 -13 1762 1 0 1
-0.619814 7.49291 73810 -0.978003 24.1711 234.937 467.113 -13 1763 1 0 1
18.7138 5.7495 73810 7.07596 20.3384 227.319 466.975 -13 1764 1 0 1
0.187783 11.4923 73810 8.42138 49.6437 244.291 467.625 -13 1765 1 0 1
-1.56548 9.69309 73810 2.16666 31.9536 248.336 467.367 -13 1766 1 0 1
16.1983 -2.03847 73810 1.23521 19.7682 245.575 467.166 -13 1767 1 0 1
12.0049 22.5658 73810 28.1087 38.4584 239.119 467.162 -13 1768 1 0 1
21.1004 28.9503 73810 26.8054 35.6187 213.171 467.834 -13 1769 1 0 1
-32.0851 -88.9624 73810 36.3784 -18.0202 133.001 469.663 -13 1770 1 0 1
-4.15541 -0.767527 73810 -15.2 13.8826 238.369 467.533 -13 1771 1 0 1
-23.2545 -12.2455 73810 -28.7569 -8.44574 234.805 467.692 -13 1773 1 0 1
-5.44306 15.6712 73810 -36.4565 17.4484 241.679 467.444 -13 1774 1 0 1
49.5101 24.1657 73810 51.0951 37.4756 219.331 467.516 -13 1776 1 0 1
-4.96446 1.06488 73810 -10.6203 29.8104 241.098 467.533 -13 1777 1 0 1
-8.03512 -12.9649 73810 -11.2212 -22.8229 193.694 467.343 -13 1778 1 0 1
31.2165 30.4624 73810 0.0179667 24.6916 194.88 467.366 -13 1779 1 0 1
-12.1001 0.321172 73810 -12.3474 -15.1591 184.394 467.399 -13 1781 1 0 1
28.3822 26.7532 73810 5.761 35.5082 199.109 467.322 -13 1782 1 0 1
-10.6306 33.5428 73810 -27.3085 9.75539 189.071 467.304 -13 1785 1 0 1
-12.3902 12.7621 73810 -22.5467 6.6232 192.047 467.398 -13 1787 1 0 1
-8.52831 20.1456 73810 -30.9777 4.52359 178.926 467.451 -13 1789 1 0 1
22.8589 50.9822 73810 -23.7479 56.6204 205.482 467.611 -13 1790 1 0 1
-31.3517 22.4578 73810 -40.7955 13.4366 218.928 467.883 -13 1792 1 0 1
19.0318 -4.57795 73810 34.0828 10.1291 242.888 467.289 -13 1793 1 0 1
33.2605 -5.6312 73810 82.3017 20.8136 234.427 467.848 -13 1794 1 0 1
-25.3848 7.92617 73810 -42.4635 -5.79897 224.477 467.343 -13 1795 1 0 1
-10.8096 12.7587 73810 -35.459 21.8206 197.597 467.272 -13 1797 1 0 1
3.10289 17.5121 73810 -32.0834 37.6443 227.809 467.193 -13 1799 1 0 1
17.8452 0.0701963 73810 11.061 40.2302 205.513 467.249 -13 1800 1 0 1
16.4177 39.5843 73810 -17.3617 37.3324 196.668 467.091 -13 1801 1 0 1
11.8575 -0.898335 73810 36.5654 3.60642 204.685 467.415 -13 1802 1 0 1
41.5064 28.3427 73810 6.10703 48.4506 196.079 467.261 -13 1803 1 0 1
-8.71937 33.1503 73810 -19.8162 30.0461 215.678 467.096 -13 1804 1 0 1
9.7649 -18.9276 73810 -0.770986 9.96981 202.896 467.063 -13 1805 1 0 1
-17.9911 3.61646 73810 -25.7909 -0.115106 227.754 467.071 -13 1806 1 0 1
2.28465 -14.4408 73810 14.639 -5.54935 222.52 466.976 -13 1807 1 0 1
-23.2069 0.983297 73810 -37.1641 -7.1248 237.59 467.086 -13 1811 1 0 1
-28.9609 41.2302 73810 -30.7954 9.92086 211.909 467.145 -13 1812 1 0 1
18.8227 21.1801 73810 83.868 68.5388 242.139 467.163 -13 1813 1 0 1
-0.460451 3.96918 73810 -44.2157 11.6544 242.904 467.079 -13 1814 1 0 1
-14.2457 61.908 73810 -45.0736 55.6218 219.198 467.2 -13 1815 1 0 1
33.2402 4.4187 73810 -16.2554 5.96629 209.368 467.556 -13 1817 1 0 1
-14.7011 -44.3082 73810 21.2749 -30.5289 234.587 467.792 -13 1818 1 0 1
31.4232 2.35875 73810 61.4235 19.9961 249.712 467.482 -13 1819 1 0 1
25.8571 33.996 73810 -0.178896 46.5446 228.192 467.823 -13 1821 1 0 1
-0.809721 6.82096 73810 -0.712051 30.73 242.88 467.23 -13 1823 1 0 1
8.51358 1.18419 73810 13.1044 58.3047 247.958 467.557 -13 1825 1 0 1
3.79 55.1627 73810 -0.320907 71.9626 214.811 467.29 -13 1826 1 0 1
14.4713 -5.01184 73810 -0.644618 41.4548 203.124 467.291 -13 1827 1 0 1
3.31647 12.412 73810 -12.2816 6.69521 193.09 467.496 -13 1828 1 0 1
-16.7154 16.982 73810 -28.5034 34.4028 210.224 467.183 -13 1829 1 0 1
44.5923 31.4327 73810 51.8334 55.7895 227.99 467.16 -13 1830 1 0 1
-15.2301 -2.62919 73810 -18.7394 15.1818 202.133 467.247 -13 1831 1 0 1
-9.95715 34.6169 73810 -28.5976 15.9962 200.603 467.317 -13 1832 1 0 1
2.93307 8.17233 73810 -44.1851 9.51157 212.321 467.127 -13 1834 1 0 1
13.8935 -12.3434 73810 10.4702 -7.82708 246.381 467.099 -13 1835 1 0 1
-32.812 9.84965 73810 -53.4968 11.8759 212.848 467.194 -13 1836 1 0 1
9.20627 23.1075 73810 -11.705 33.2168 205.019 467.168 -13 1837 1 0 1
4.97293 44.0788 73810 -35.6003 27.9784 198.223 467.17 -13 1838 1 0 1
30.9184 57.1837 73810 -18.7893 58.3026 200.541 467.509 -13 1840 1 0 1
4.07862 -6.0573 73810 -4.27188 -5.00904 207.615 467.055 -13 1841 1 0 1
20.4908 -5.3435 73810 12.9787 7.04046 218.327 467.072 -13 1842 1 0 1
10.1219 18.4823 73810 -0.174704 20.5934 197.965 467.095 -13 1843 1 0 1
-19.689 27.437 73810 -25.9638 20.4501 210.898 467.069 -13 1844 1 0 1
-8.39017 37.164 73810 -37.5589 37.0485 206.165 467.177 -13 1845 1 0 1
-19.8748 4.18741 73810 -29.9691 1.36192 240.225 467.568 -13 1846 1 0 1
32.5296 28.4693 73810 58.8219 89.735 242.349 467.498 -13 1848 1 0 1
16.5219 26.0545 73810 25.6018 69.767 238.332 467.768 -13 1849 1 0 1
8.74632 15.081 73810 30.7481 49.5903 240.648 467.15 -13 1850 1 0 1
6.33584 41.2193 73810 -38.8606 53.0715 240.114 467.784 -13 1851 1 0 1
15.5408 -2.67992 73810 -0.504621 6.11605 225.422 467.891 -13 1852 1 0 1
-17.9657 4.66947 73810 -21.4831 -4.35377 232.619 467.306 -13 1853 1 0 1
-0.832356 27.8904 73810 -2.0461 51.6026 237.292 467.252 -13 1854 1 0 1
22.7966 -46.3074 73810 67.2854 -16.4639 230.108 467.372 -13 1855 1 0 1
0.0486733 28.8398 73810 -16.0987 16.4738 199.271 467.435 -13 1856 1 0 1
-18.584 69.699 73810 -44.7242 34.6132 199.309 467.4 -13 1857 1 0 1
-6.19507 -10.6608 73810 -17.0167 -4.60371 207.041 467.195 -13 1859 1 0 1
-8.87426 40.8919 73810 -34.3285 6.94102 193.129 467.462 -13 1860 1 0 1
42.4885 -8.61015 73810 10.6657 2.38042 205.035 467.298 -13 1861 1 0 1
8.95476 16.4969 73810 7.97074 15.4615 197.877 467.325 -13 1862 1 0 1
-27.474 37.6577 73810 -34.4674 24.0324 205.27 467.301 -13 1863 1 0 1
22.2845 21.5768 73810 -34.228 36.3582 215.252 467.121 -13 1864 1 0 1
18.8953 19.7265 73810 -19.6454 25.1962 195.04 467.204 -13 1865 1 0 1
-7.59759 13.5642 73810 -14.3746 6.99789 223.868 467.013 -13 1866 1 0 1
14.4102 13.4656 73810 18.2955 16.9732 215.617 466.956 -13 1867 1 0 1
-32.7746 23.5911 73810 -44.06 5.07013 199.402 467.072 -13 1868 1 0 1
-13.1295 20.7557 73810 -10.0916 -0.635317 197.887 467.242 -13 1870 1 0 1
16.6443 7.57479 73810 -4.74933 25.184 221.042 467.052 -13 1873 1 0 1
6.45724 -1.28327 73810 -11.0665 1.55767 230.139 467.031 -13 1874 1 0 1
-1.90712 8.5369 73810 -10.6102 5.55222 206.247 467.24 -13 1875 1 0 1
2.88034 -8.52593 73810 0.66378 -2.95324 193.109 467.347 -13 1876 1 0 1
-25.4393 16.5382 73810 -37.6176 10.4207 199.488 467.43 -13 1877 1 0 1
11.9425 -7.65653 73810 19.4005 2.61177 209.405 467.322 -13 1878 1 0 1
-9.74105 10.2214 73810 -14.6421 -2.73698 210.627 467.465 -13 1879 1 0 1
-0.354162 8.74603 73810 -18.9954 14.2294 201.804 467.383 -13 1880 1 0 1
-0.492398 7.14221 73810 -14.8376 8.62788 205.114 467.434 -13 1881 1 0 1
11.835 13.35 73810 6.2593 3.53956 198.005 467.333 -13 1882 1 0 1
14.0502 2.8627 73810 12.8146 13.8494 209.033 467.36 -13 1883 1 0 1
4.94222 -1.59114 73810 -2.97175 -10.3309 236.603 467.753 -13 1884 1 0 1
18.4953 32.6059 73810 45.708 23.3525 233.593 467.687 -13 1886 1 0 1
15.0714 3.29832 73810 11.9751 15.7138 210.449 467.868 -13 1887 1 0 1
16.1703 -5.27474 73810 4.73233 -6.62328 227.875 467.191 -13 1890 1 0 1
-5.7405 24.8359 73810 -11.9077 35.682 231.755 467.287 -13 1891 1 0 1
-5.09413 6.49276 73810 5.21851 24.6613 238.212 467.614 -13 1893 1 0 1
6.2532 36.527 73810 -27.779 14.4334 201.144 467.343 -13 1894 1 0 1
20.1066 -34.374 73810 29.4024 -8.88453 249.911 467.455 -13 1895 1 0 1
-21.7978 0.417501 73810 -1.96259 -11.6158 207.76 467.058 -13 1896 1 0 1
11.3381 40.274 73810 2.28814 38.477 219.044 467.123 -13 1897 1 0 1
-0.148393 52.1496 73810 -29.4248 24.1678 193.76 467.267 -13 1898 1 0 1
-24.7952 22.0235 73810 -5.42075 19.9618 219.224 467.09 -13 1899 1 0 1
-10.8038 9.09604 73810 -24.8585 43.1831 249.132 467.17 -13 1901 1 0 1
-4.96267 -15.4621 73810 -13.8167 7.02268 245.167 466.827 -13 1902 1 0 1
-42.9174 122.05 73810 -88.0497 11.9243 172.393 467.357 -13 1905 1 0 1
-5.8332 5.57817 73810 9.37855 31.1483 250.817 467.29 -13 1908 1 0 1
-5.22793 4.82768 73810 -5.53477 5.30116 194.856 467.414 -13 1910 1 0 1
-19.6499 79.0944 73810 -56.6764 28.7119 209.393 467.183 -13 1913 1 0 1
-33.8786 28.3041 73810 -57.8373 23.8075 214.679 467.807 -13 1915 1 0 1
-24.5533 -4.28197 73810 -29.8944 -16.8499 212.33 467.009 -13 1916 1 0 1
-133.594 40.2323 73810 -29.5772 -70.195 139.609 469.905 -13 1917 1 0 1
-14.2205 -0.475143 73810 6.88903 -6.28854 206.259 467.199 -13 1918 1 0 1
9.32373 25.9903 73810 -9.74176 37.5637 203.979 467.047 -13 1919 1 0 1
-5.20304 30.0258 73810 -8.98323 31.1118 213.871 467.231 -13 1920 1 0 1
-10.5697 38.7266 73810 -29.4208 14.3465 219.277 467.166 -13 1921 1 0 1
25.356 33.0411 73810 -6.58988 47.0977 200.701 467.294 -13 1923 1 0 1
-12.2275 24.8872 73810 -15.8048 31.4193 245.865 467.552 -13 1924 1 0 1
34.1339 27.0454 73810 7.95752 48.5655 240.225 467.494 -13 1925 1 0 1
8.579 15.8281 73810 6.81039 26.4938 211.513 467.051 -13 1926 1 0 1
15.3353 12.2455 73810 -3.37603 28.1527 213.064 467.25 -13 1927 1 0 1
19.3024 16.347 73810 -54.1792 -24.5055 274.122 467.036 -13 1928 1 0 1
20.7379 3.66898 73810 47.6768 38.8025 226.585 467.535 -13 1929 1 0 1
24.054 47.7121 73810 -21.1309 53.3787 208.472 467.516 -13 1930 1 0 1
-35.401 14.3189 73810 -32.0922 14.4509 207.882 467.265 -13 1932 1 0 1
30.0529 5.52079 73810 25.1206 16.1626 213.413 467.17 -13 1935 1 0 1
18.7588 2.97295 73810 45.7721 24.8005 230.311 467.435 -13 1936 1 0 1
-3.49932 22.0796 73810 -23.7597 11.3449 191.741 467.22 -13 1937 1 0 1
-2.50795 3.69154 73810 -4.43627 19.0602 240.814 467.169 -13 1938 1 0 1
10.9264 -12.5021 73810 0.723962 15.343 204.218 467.085 -13 1939 1 0 1
21.7337 42.4316 73810 -17.7015 38.4636 195.962 467.101 -13 1940 1 0 1
-0.434386 50.9826 73810 -40.4031 26.6709 184.379 467.38 -13 1941 1 0 1
-7.69253 -16.0307 73810 -22.308 -9.13811 204.363 467.25 -13 1942 1 0 1
20.8907 5.36976 73810 11.5771 14.1093 217.684 467.023 -13 1943 1 0 1
31.6319 2.16766 73810 23.8048 19.7898 212.345 467.062 -13 1944 1 0 1
10.1777 35.9424 73810 -3.98526 20.7634 218.611 467.124 -13 1945 1 0 1
-2.1161 38.8317 73810 -34.3008 28.6495 203.729 467.068 -13 1946 1 0 1
0.23843 23.1017 73810 -16.2585 15.6151 200.627 467.43 -13 1947 1 0 1
-31.0705 13.6743 73810 -53.9288 -1.62296 196.93 467.256 -13 1948 1 0 1
-17.1701 20.2205 73810 -34.0437 14.8507 196.683 467.143 -13 1949 1 0 1
3.50355 24.6266 73810 -32.3447 12.2916 186.381 467.258 -13 1950 1 0 1
-17.0475 16.8077 73810 -65.9546 11.5555 209.558 467.402 -13 1951 1 0 1
-34.9415 32.2427 73810 -17.5367 13.1517 220.039 467.101 -13 1952 1 0 1
-12.0632 3.35903 73810 -12.8514 -20.3876 196.222 467.255 -13 1953 1 0 1
-1.68441 23.0363 73810 -18.3024 21.5536 194.651 467.385 -13 1955 1 0 1
13.0819 21.1743 73810 0.542458 24.5746 202.078 467.286 -13 1956 1 0 1
-18.2116 5.80278 73810 -21.641 -0.898864 225.735 467.063 -13 1957 1 0 1
12.2012 33.5267 73810 -12.9432 64.2209 233.487 467.282 -13 1958 1 0 1
22.6594 11.0803 73810 38.2856 69.8641 241.904 467.312 -13 1959 1 0 1
-21.7123 12.2906 73810 -33.9071 -6.59047 219.853 467.169 -13 1960 1 0 1
3.24812 2.29013 73810 -15.6255 -10.1576 233.294 467.032 -13 1961 1 0 1
-5.90146 16.2344 73810 -23.6327 25.4451 246.882 467.223 -13 1962 1 0 1
10.4764 21.2809 73810 -1.65939 27.4027 220.101 467.056 -13 1963 1 0 1
6.90532 3.52989 73810 5.66959 0.748147 215.111 467.049 -13 1964 1 0 1
-28.473 -2.51859 73810 -24.3391 0.267209 214.111 466.96 -13 1968 1 0 1
-5.6541 0.497379 73810 -22.0862 8.88621 235.159 466.968 -13 1970 1 0 1
-13.4371 14.0816 73810 -27.8187 48.9377 248.107 467.605 -13 1971 1 0 1
-32.0987 54.159 73810 -64.185 69.2018 237.618 467.746 -13 1973 1 0 1
2.89047 10.7657 73810 3.34921 -5.6847 205.533 467.569 -13 1975 1 0 1
-14.676 24.6762 73810 -35.004 18.213 198.821 467.388 -13 1976 1 0 1
10.2032 41.0198 73810 -25.318 20.6914 198.321 467.23 -13 1977 1 0 1
2.21848 14.0198 73810 -0.244211 0.701888 201.72 467.349 -13 1978 1 0 1
-13.9417 32.1123 73810 -39.8784 25.9472 195.497 467.203 -13 1979 1 0 1
-3.32457 43.6736 73810 -39.3318 19.7361 193.656 467.212 -13 1980 1 0 1
0.301432 21.6775 73810 -30.3009 6.92714 198.667 467.24 -13 1981 1 0 1
-2.36392 20.9778 73810 -15.283 9.50572 194.098 467.246 -13 1982 1 0 1
28.875 8.87855 73810 22.4183 -3.638 191.341 467.404 -13 1983 1 0 1
3.82612 5.13179 73810 -2.24817 2.84418 199.224 467.25 -13 1984 1 0 1
11.2222 25.7404 73810 -5.45598 22.6631 207.684 467.246 -13 1985 1 0 1
-4.23446 32.841 73810 -26.36 12.1481 198.66 467.931 -13 1986 1 0 1
-15.9745 9.58807 73810 -57.6093 -12.4199 220.289 467.872 -13 1988 1 0 1
53.9467 16.9478 73810 16.0536 28.652 175.403 467.485 -13 1989 1 0 1
-16.0439 40.5531 73810 -39.9087 37.408 213.061 467.856 -13 1990 1 0 1
-7.29976 44.1514 73810 -25.1227 5.53806 202.813 467.515 -13 1993 1 0 1
42.2497 35.0902 73810 31.1681 76.8106 228.328 467.543 -13 1995 1 0 1
29.5377 65.2598 73810 -12.5249 67.7868 210.446 467.924 -13 1996 1 0 1
-1.55989 15.0801 73810 -32.7971 18.6786 234.938 467.214 -13 1998 1 0 1
2.47956 20.2749 73810 -15.5747 11.5265 226.848 467.781 -13 2000 1 0 1
-14.0213 -2.07569 73810 -20.174 -29.2626 219.102 467.764 -13 2001 1 0 1
-12.4495 -25.9491 73810 1.78106 -25.0066 179.284 467.364 -13 2003 1 0 1
16.9148 -20.3143 73810 27.6617 3.5477 232.177 467.798 -13 2004 1 0 1
-3.99823 5.63066 73810 -0.546659 22.5041 240.238 467.199 -13 2005 1 0 1
9.41052 41.1039 73810 -29.9423 33.1149 203.553 467.062 -13 2006 1 0 1
-9.88526 -7.84415 73810 4.92599 -15.6538 222.36 466.947 -13 2007 1 0 1
8.31064 -9.64998 73810 0.478023 4.25465 225.153 467.013 -13 2008 1 0 1
-14.3845 19.463 73810 -22.1457 12.3755 213.827 467.04 -13 2009 1 0 1
22.3382 15.9191 73810 16.7008 36.6392 214.402 467.078 -13 2010 1 0 1
-19.3555 -2.43365 73810 -15.0618 12.4912 234.347 466.94 -13 2011 1 0 1
-9.33003 12.7774 73810 -15.9613 26.338 210.919 467.001 -13 2012 1 0 1
27.0058 -13.4217 73810 17.6105 8.6222 212.179 467.122 -13 2013 1 0 1
17.7176 -11.038 73810 42.3012 19.2499 236.205 467.253 -13 2014 1 0 1
37.9129 15.5959 73810 6.441 32.2159 202.173 467.07 -13 2015 1 0 1
9.73634 34.9923 73810 -39.3316 27.5047 205.389 467.286 -13 2016 1 0 1
-0.291324 13.7072 73810 -35.7623 4.07973 201.772 467.229 -13 2017 1 0 1
-34.0673 -2.26429 73810 -28.1867 -31.3161 208.863 467.079 -13 2018 1 0 1
33.9434 6.90973 73810 -10.1842 18.118 202.469 467.329 -13 2020 1 0 1
-4.49674 21.8249 73810 -38.6403 26.7061 222.928 467.038 -13 2021 1 0 1
-18.6373 30.6541 73810 -34.8591 21.0834 201.573 467.292 -13 2022 1 0 1
22.9845 24.2271 73810 0.734285 22.6137 203.49 467.321 -13 2023 1 0 1
35.917 20.4523 73810 7.23897 35.8057 210.973 467.11 -13 2024 1 0 1
-47.5692 20.4731 73810 -40.3511 -10.1834 197.869 467.157 -13 2025 1 0 1
-28.9682 26.7957 73810 -41.2825 6.13549 195.593 467.105 -13 2026 1 0 1
-17.1095 18.1479 73810 -29.0531 -3.30532 186.654 467.434 -13 2027 1 0 1
-2.64812 -8.56577 73810 3.17686 1.37249 202.756 467.299 -13 2028 1 0 1
-16.2456 22.8467 73810 -37.944 15.6038 207.251 467.383 -13 2029 1 0 1
-27.5223 22.9154 73810 -47.1712 -13.8332 182.94 467.251 -13 2031 1 0 1
-41.0919 3.9607 73810 -36.2757 -41.645 186.743 467.359 -13 2032 1 0 1
23.9208 33.9575 73810 0.711282 38.2572 197.195 467.492 -13 2033 1 0 1
7.33233 -6.96831 73810 16.9941 -5.91213 207.837 467.165 -13 2035 1 0 1
4.52986 29.2193 73810 -19.2539 23.8227 189.955 467.154 -13 2036 1 0 1
-1.38863 23.7325 73810 4.30721 15.9656 205.627 467.292 -13 2037 1 0 1
26.5276 26.2116 73810 -8.80387 16.7087 200.307 467.143 -13 2038 1 0 1
18.4686 28.4747 73810 20.7604 22.6482 206.526 467.262 -13 2039 1 0 1
-19.7879 14.5885 73810 -27.676 1.90008 201.849 467.281 -13 2040 1 0 1
8.31267 34.6871 73810 -34.4818 10.4342 187.159 467.428 -13 2042 1 0 1
20.2602 25.3515 73810 -7.30814 19.4251 202.89 467.199 -13 2043 1 0 1
0.473803 -5.85911 73810 -6.4029 -10.8691 199.2 467.468 -13 2044 1 0 1
-3.20162 23.2458 73810 2.71776 7.38818 216.745 467.387 -13 2045 1 0 1
-22.0578 7.93395 73810 -31.3579 -6.70547 211.167 467.293 -13 2046 1 0 1
9.5457 23.7638 73810 -10.3405 15.367 198.853 467.607 -13 2048 1 0 1
-1.81916 26.4956 73810 -17.1739 10.5254 198.838 467.406 -13 2049 1 0 1
7.56202 21.8874 73810 -5.65411 20.2284 209.713 467.457 -13 2050 1 0 1
-13.2066 -1.82554 73810 -23.8539 -15.3454 192.727 467.298 -13 2051 1 0 1
-14.609 -31.5411 73810 0.348498 -31.9888 211.692 467.18 -13 2052 1 0 1
1.30478 22.0114 73810 -15.616 29.8264 213.192 467.364 -13 2053 1 0 1
12.919 9.16313 73810 22.3628 51.6715 255.365 467.659 -13 2054 1 0 1
5.61531 6.71242 73810 -21.6519 -19.1192 210.677 467.684 -13 2055 1 0 1
-5.82663 31.8163 73810 -16.7221 31.3752 214.626 467.787 -13 2057 1 0 1
30.5804 64.4593 73810 21.9392 120.13 232.526 467.346 -13 2058 1 0 1
20.3618 20.9273 73810 -10.6913 20.2372 228.061 467.534 -13 2059 1 0 1
-4.30557 3.83192 73810 2.83898 -0.913273 194.595 467.72 -13 2060 1 0 1
7.29667 25.04 73810 -38.0593 9.6644 205.241 467.448 -13 2061 1 0 1
-4.77632 -4.88552 73810 -20.315 -4.88181 211.283 467.139 -13 2064 1 0 1
-9.5485 -8.26959 73810 11.0553 7.20578 221.165 467.304 -13 2065 1 0 1
-2.63079 2.14765 73810 -13.2113 1.71808 196.324 467.029 -13 2067 1 0 1
-13.6394 11.4996 73810 -25.7303 8.48781 193.579 467.315 -13 2068 1 0 1
17.5773 40.4723 73810 6.82764 32.1901 199.515 467.299 -13 2069 1 0 1
-10.7737 27.7611 73810 -30.9677 -3.53323 194.364 467.056 -13 2070 1 0 1
-25.9187 22.8794 73810 -29.03 2.36877 191.482 467.238 -13 2071 1 0 1
-34.2558 -18.7547 73810 -24.2684 -22.3556 196.826 467.065 -13 2072 1 0 1
9.71498 36.9723 73810 -10.8812 16.9983 198.542 467.171 -13 2073 1 0 1
19.1359 21.7063 73810 -6.584 15.4369 227.182 467.048 -13 2074 1 0 1
20.3628 18.3861 73810 -9.46846 13.8064 188.574 467.289 -13 2076 1 0 1
22.99 28.544 73810 1.1005 8.19934 191.513 467.562 -13 2080 1 0 1
-18.7219 19.6716 73810 -43.5289 41.9055 252.581 467.753 -13 2082 1 0 1
3.62217 4.87278 73810 0.603341 24.3569 241.116 467.391 -13 2088 1 0 1
11.5975 44.6735 73810 -23.7957 28.326 208.51 467.858 -13 2089 1 0 1
14.721 56.3701 73810 -10.2291 78.4546 224.642 467.385 -13 2092 1 0 1
9.79607 47.6943 73810 -22.7833 43.1092 205.963 467.366 -13 2094 1 0 1
6.95549 38.2648 73810 -15.6928 32.0869 200.071 467.324 -13 2095 1 0 1
4.33428 60.4684 73810 -42.2356 35.0091 213.763 467.233 -13 2096 1 0 1
14.1939 13.4436 73810 -4.60908 21.8557 198.875 467.359 -13 2097 1 0 1
-5.79057 26.3266 73810 -28.7991 7.88148 196.681 467.215 -13 2098 1 0 1
40.0599 -1.7024 73810 25.5358 29.3429 203.862 467.425 -13 2099 1 0 1
-15.436 35.0774 73810 -38.1013 12.4822 199.382 467.5 -13 2100 1 0 1
8.54898 37.629 73810 -28.06 27.1278 204.207 467.359 -13 2101 1 0 1
2.01673 15.1489 73810 -20.3974 19.6687 204.251 467.13 -13 2102 1 0 1
10.7968 9.91708 73810 0.629988 29.8996 221.868 467.079 -13 2103 1 0 1
1.88186 24.0421 73810 -16.0768 24.1422 195.728 467.376 -13 2105 1 0 1
-8.80329 21.6562 73810 -24.4375 13.4613 194.798 467.273 -13 2106 1 0 1
-11.117 22.4741 73810 -22.7005 6.21042 204.747 467.064 -13 2107 1 0 1
15.5755 37.1001 73810 -24.944 30.122 191.613 467.389 -13 2108 1 0 1
-16.4668 53.2392 73810 -36.011 48.9338 218.829 467.162 -13 2109 1 0 1
-20.8335 34.4608 73810 -26.9488 39.843 222.006 467.045 -13 2110 1 0 1
18.0323 6.02727 73810 -1.36666 22.0439 237.182 467.151 -13 2111 1 0 1
21.6826 12.7901 73810 0.649643 33.7913 198.736 467.35 -13 2112 1 0 1
-14.5819 43.6642 73810 -54.2487 12.6908 197.115 467.344 -13 2113 1 0 1
-11.077 -5.61675 73810 -21.9344 -0.859531 231.556 467.058 -13 2114 1 0 1
-19.4588 3.16141 73810 -23.4214 3.41488 216.45 467.071 -13 2115 1 0 1
17.7135 7.54594 73810 -0.686636 31.5777 230.17 467.842 -13 2117 1 0 1
-6.16595 10.0649 73810 19.2569 38.0421 247.405 467.183 -13 2118 1 0 1
-12.98 29.5242 73810 -25.6889 30.0738 221.595 467.859 -13 2119 1 0 1
-17.4456 13.6536 73810 -20.0446 40.0584 250.698 467.405 -13 2120 1 0 1
-13.0327 1.50572 73810 -36.5653 -3.831 234.678 467.045 -13 2121 1 0 1
-3.50152 12.6353 73810 -7.4154 24.738 242.585 467.34 -13 2122 1 0 1
-6.74866 10.831 73810 -19.2367 28.3458 220.071 467.905 -13 2123 1 0 1
-1.69505 16.4767 73810 -7.04143 15.0222 231.548 467.188 -13 2125 1 0 1
49.5755 -11.6766 73810 43.8432 24.3918 237.413 467.177 -13 2126 1 0 1
-30.2945 22.3644 73810 -45.2206 19.4877 233.143 467.044 -13 2127 1 0 1
-10.3715 29.9924 73810 -20.738 9.05023 206.379 467.041 -13 2128 1 0 1
-12.359 27.8777 73810 -18.2557 72.0341 240.929 467.211 -13 2129 1 0 1
-8.52106 23.9395 73810 -16.3548 30.2437 237.691 467.416 -13 2130 1 0 1
-25.86 1.55005 73810 -15.9191 -16.7469 210.776 467.086 -13 2131 1 0 1
51.4052 25.0357 73810 50.3721 47.339 238.299 467.315 -13 2132 1 0 1
-7.05712 25.4128 73810 -24.3243 11.6075 212.089 467.043 -13 2133 1 0 1
16.7673 41.8381 73810 -4.61027 43.5866 219.241 467.08 -13 2135 1 0 1
-26.5466 11.7349 73810 -33.9685 21.0179 204.158 467.264 -13 2136 1 0 1
21.5971 -24.8728 73810 16.1826 9.22546 207.569 467.1 -13 2137 1 0 1
10.1198 12.1952 73810 -2.51556 17.2072 220.185 467.182 -13 2138 1 0 1
33.9916 -3.21213 73810 24.7725 20.7901 203.019 467.251 -13 2139 1 0 1
1.37119 31.4842 73810 -20.4595 23.7219 194.354 467.323 -13 2140 1 0 1
20.9255 20.4368 73810 -13.2298 36.6818 203.968 467.196 -13 2142 1 0 1
-25.7643 -4.8036 73810 -3.63472 26.5064 269.802 467.317 -13 2143 1 0 1
4.63975 49.4943 73810 -37.6242 55.3147 214.498 467.766 -13 2144 1 0 1
-3.91806 -5.40754 73810 5.87146 3.2163 231.477 467.556 -13 2145 1 0 1
5.79105 -1.8318 73810 13.3597 18.2611 231.777 467.711 -13 2151 1 0 1
16.3873 10.2277 73810 -13.8512 31.6429 238.603 467.395 -13 2152 1 0 1
-3.67081 1.53332 73810 -1.82738 -0.0555342 218.601 467.915 -13 2153 1 0 1
-17.7281 -1.1234 73810 -30.7095 44.604 264.394 467.544 -13 2154 1 0 1
-44.4956 11.6617 73810 -58.7095 -17.8737 214.857 467.133 -13 2155 1 0 1
5.87455 16.5691 73810 -16.5982 5.65695 232.094 467.183 -13 2156 1 0 1
5.25119 14.8221 73810 15.0245 27.4876 207.751 467.92 -13 2157 1 0 1
-6.50309 12.4291 73810 -3.18072 8.01302 209.223 467.034 -13 2159 1 0 1
9.1168 5.03652 73810 -10.9702 3.55487 256.009 467.44 -13 2160 1 0 1
-18.2283 11.7108 73810 -4.4471 31.8316 248.431 467.567 -13 2162 1 0 1
18.4926 -1.93026 73810 3.97019 23.8779 226.679 467.025 -13 2164 1 0 1
-0.962331 10.2242 73810 8.37486 23.4275 241.156 467.209 -13 2165 1 0 1
14.8155 4.13102 73810 15.3314 -3.08477 247.629 467.497 -13 2166 1 0 1
2.54999 -8.75151 73810 14.8759 -12.7746 244.033 466.932 -13 2167 1 0 1
54.1772 58.6335 73810 -9.81268 51.0936 198.126 467.766 -13 2169 1 0 1
-10.6267 14.8159 73810 -6.88863 25.1278 245.436 467.222 -13 2170 1 0 1
10.6278 56.2838 73810 -24.9138 63.4709 225.168 467.123 -13 2172 1 0 1
-5.18772 30.2528 73810 -26.0378 16.5413 197.34 467.099 -13 2173 1 0 1
-5.69468 22.5562 73810 -22.3621 38.3117 213.282 467.244 -13 2174 1 0 1
41.089 25.5947 73810 -5.66393 34.1193 196.927 467.259 -13 2175 1 0 1
5.2133 12.3785 73810 -11.5477 4.24075 203.619 467.108 -13 2176 1 0 1
18.2508 18.7975 73810 8.59141 43.8751 205.891 467.127 -13 2177 1 0 1
-21.5295 5.83871 73810 -30.1269 11.284 201.515 467.154 -13 2178 1 0 1
2.99181 3.41578 73810 -6.37515 12.0501 202.154 467.062 -13 2179 1 0 1
17.5247 10.6002 73810 -2.45435 22.8041 224.793 467.084 -13 2180 1 0 1
-2.02474 21.1015 73810 -23.1814 19.5163 202.007 467.13 -13 2181 1 0 1
10.4294 29.6391 73810 -12.1437 38.8006 195.858 467.26 -13 2182 1 0 1
25.5169 8.21049 73810 1.36684 38.7859 197.459 467.447 -13 2183 1 0 1
-16.4505 28.7842 73810 -37.9091 1.15926 196.036 467.504 -13 2184 1 0 1
-26.7248 24.013 73810 -21.0734 11.2953 205.09 467.192 -13 2185 1 0 1
-6.92687 9.34606 73810 -50.4979 15.8918 240.43 467.088 -13 2186 1 0 1
-15.0659 -15.5261 73810 -15.1806 -5.23871 201.944 467.162 -13 2187 1 0 1
1.68723 35.8211 73810 -19.617 36.9883 200.627 467.476 -13 2188 1 0 1
-4.91757 37.129 73810 -19.7583 27.3743 198.286 467.496 -13 2189 1 0 1
25.8407 51.0589 73810 4.38172 45.2169 204.42 467.134 -13 2190 1 0 1
-1.47448 23.2898 73810 -31.3935 6.34212 202.283 467.444 -13 2191 1 0 1
18.363 21.6119 73810 -0.23294 38.178 198.764 467.111 -13 2192 1 0 1
2.82832 29.8266 73810 4.25333 20.3419 233.233 467.253 -13 2193 1 0 1
-18.6129 23.3811 73810 -27.9558 11.1308 204.252 467.066 -13 2194 1 0 1
-37.7572 3.53103 73810 -36.6881 -23.1569 212.711 467.275 -13 2195 1 0 1
3.06112 7.4849 73810 1.71902 5.44175 205.401 467.209 -13 2197 1 0 1
11.4075 -1.60854 73810 -2.51323 12.0482 213.539 466.972 -13 2199 1 0 1
6.82173 6.77692 73810 13.8909 -4.3192 241.953 467.224 -13 2200 1 0 1
9.61157 30.7012 73810 -17.6505 37.5388 201.133 467.215 -13 2201 1 0 1
-4.70783 15.8132 73810 -12.2755 -5.3648 188.268 467.748 -13 2203 1 0 1
19.667 -7.00606 73810 15.3286 -8.89826 200.628 467.725 -13 2204 1 0 1
-19.9452 -35.6197 73810 -13.5797 -36.4093 186.109 467.35 -13 2207 1 0 1
40.4837 -11.5914 73810 39.0729 16.043 227.137 467.044 -13 2212 1 0 1
-15.8402 21.7125 73810 -33.3125 14.6487 201.235 467.12 -13 2213 1 0 1
-3.67367 17.1073 73810 13.3981 43.9824 224.396 467.085 -13 2214 1 0 1
7.18942 43.5825 73810 -18.4172 30.0061 193.08 467.355 -13 2215 1 0 1
39.0232 14.2806 73810 8.63733 42.072 219.089 467.129 -13 2216 1 0 1
11.6625 -17.105 73810 1.4732 -7.22048 216.616 467.088 -13 2217 1 0 1
-19.0269 24.2193 73810 -28.6468 -3.19471 188.73 467.311 -13 2218 1 0 1
10.1353 14.8668 73810 -18.6813 12.7293 208.961 467.037 -13 2219 1 0 1
-4.14243 31.8371 73810 -31.0357 13.1109 188.771 467.195 -13 2220 1 0 1
-7.18664 14.1938 73810 -28.9607 20.3483 235.043 467.135 -13 2221 1 0 1
14.0441 -6.7433 73810 -12.3493 11.4425 251.972 467.57 -13 2222 1 0 1
5.74489 7.56304 73810 -12.1408 39.3651 241.645 467.55 -13 2223 1 0 1
-13.6879 27.1129 73810 -39.2517 19.1118 221.246 467.175 -13 2224 1 0 1
3.86111 11.1948 73810 -16.1705 13.4485 216.291 467.76 -13 2225 1 0 1
0.123975 1.43507 73810 -20.2082 -1.84507 210.282 467.177 -13 2227 1 0 1
4.78667 12.1457 73810 0.802492 27.1983 242.318 467.479 -13 2228 1 0 1
-4.89964 17.3534 73810 -18.2071 9.32366 214.704 467.263 -13 2229 1 0 1
-2.64243 4.219 73810 -32.5834 -1.27387 245.761 467.294 -13 2230 1 0 1
6.69981 -9.48824 73810 15.3931 25.1 211.638 467.133 -13 2231 1 0 1
-22.0035 33.3448 73810 -42.9522 -9.59605 203.181 467.441 -13 2232 1 0 1
21.7188 -1.26884 73810 -7.61723 13.8815 201.614 467.35 -13 2233 1 0 1
-24.105 58.192 73810 -52.7069 29.4134 197.477 467.413 -13 2234 1 0 1
14.6883 3.7449 73810 15.0579 13.8426 199.628 467.399 -13 2235 1 0 1
-17.3841 0.898203 73810 -18.6933 -1.13723 201.305 467.255 -13 2236 1 0 1
3.48335 13.8828 73810 -17.1696 12.262 200.271 467.416 -13 2237 1 0 1
30.8407 34.8286 73810 -1.58841 32.0829 197.273 467.36 -13 2238 1 0 1
1.06141 10.4864 73810 3.2204 8.70238 220.17 466.949 -13 2239 1 0 1
2.96926 12.6332 73810 -27.2775 9.82433 203.773 467.226 -13 2240 1 0 1
13.1793 31.0621 73810 3.07649 77.2956 236.086 467.752 -13 2241 1 0 1
-42.6609 17.1659 73810 -55.9958 9.50952 211.207 468.03 -13 2243 1 0 1
18.7398 -5.30683 73810 46.8475 22.9479 233.964 467.715 -13 2245 1 0 1
22.6008 -6.4017 73810 36.7921 45.143 246.51 467.621 -13 2247 1 0 1
-51.3486 15.7016 73810 -41.2295 -9.25721 186.308 467.383 -13 2250 1 0 1
14.9574 34.1144 73810 -22.6945 40.1764 232.429 467.42 -13 2252 1 0 1
-5.25437 39.0222 73810 -38.782 -8.83074 189.319 467.742 -13 2253 1 0 1
-22.077 5.14313 73810 -30.0252 -22.1858 237.512 467.425 -13 2254 1 0 1
20.9567 -118.689 73810 70.7945 -94.377 174.639 467.937 -13 2256 1 0 1
4.6598 38.4513 73810 -7.70065 42.7939 199.788 467.757 -13 2258 1 0 1
-20.5394 8.35746 73810 -47.5033 1.85098 229.265 467.611 -13 2259 1 0 1
-39.109 8.23882 73810 -26.533 -21.2629 181.361 467.533 -13 2260 1 0 1
31.6538 3.37926 73810 16.1399 52.7354 232.276 467.15 -13 2261 1 0 1
5.17955 37.7613 73810 -26.6718 24.4368 210.802 467.082 -13 2262 1 0 1
10.2591 8.52815 73810 4.77062 27.3242 241.623 467.257 -13 2263 1 0 1
66.8683 20.4918 73810 39.5402 60.7368 221.725 467.294 -13 2264 1 0 1
4.26555 15.2377 73810 -8.43814 2.57336 201.98 467.094 -13 2265 1 0 1
3.89187 9.86571 73810 -3.07263 7.54837 218.815 466.954 -13 2266 1 0 1
-3.44859 14.1807 73810 -16.846 16.6296 231.597 467.064 -13 2267 1 0 1
22.0724 11.6643 73810 12.1124 50.8252 246.593 467.458 -13 2268 1 0 1
-12.1877 17.6383 73810 -31.1994 -11.559 196.242 467.188 -13 2269 1 0 1
12.1205 15.2108 73810 13.2401 16.9015 242.919 467.503 -13 2273 1 0 1
15.9745 -16.2425 73810 14.4267 10.0482 218.292 467.337 -13 2274 1 0 1
-13.3301 41.5029 73810 -42.427 36.9688 203.397 467.367 -13 2277 1 0 1
-21.4828 51.9056 73810 -46.1288 11.0329 190.561 467.301 -13 2278 1 0 1
33.0221 16.3238 73810 22.6307 22.756 210.56 467.2 -13 2280 1 0 1
7.44805 23.7138 73810 -2.83786 0.872392 191.441 467.247 -13 2281 1 0 1
-19.128 16.789 73810 -69.3061 51.2581 245.605 467.272 -13 2284 1 0 1
12.8783 -27.9372 73810 18.4854 -3.50071 256.301 467.598 -13 2285 1 0 1
-18.3149 8.02938 73810 -24.8215 -26.5784 192.422 467.075 -13 2287 1 0 1
-12.7727 34.0798 73810 -26.8067 2.82302 179.572 467.15 -13 2295 1 0 1
-21.1556 -0.131506 73810 -18.8909 -0.705816 210.053 468.059 -13 2296 1 0 1
-10.0067 3.41474 73810 -37.6784 16.4248 244.894 467.591 -13 2300 1 0 1
-3.65672 11.8529 73810 -7.65487 42.965 242.061 467.129 -13 2301 1 0 1
12.3544 86.1448 73810 -51.9532 65.3179 201.305 468.036 -13 2302 1 0 1
2.88687 20.219 73810 1.33864 68.089 246.639 467.292 -13 2305 1 0 1
1.3691 6.73444 73810 17.531 36.2495 242.067 467.247 -13 2306 1 0 1
14.4618 -5.80852 73810 -12.0049 7.08737 253.126 467.35 -13 2307 1 0 1
24.091 21.9724 73810 -9.46444 34.5997 224.232 467.085 -13 2308 1 0 1
3.59571 -2.36353 73810 7.32119 6.18354 209.655 467.08 -13 2309 1 0 1
0.352257 2.19925 73810 16.7882 52.7602 243.002 467.165 -13 2310 1 0 1
12.651 21.9218 73810 2.90259 46.4179 239.633 467.259 -13 2311 1 0 1
-27.0803 25.8753 73810 -40.9414 22.7616 198.085 467.644 -13 2313 1 0 1
-8.05366 15.7654 73810 -5.6132 1.64858 239.296 467.817 -13 2315 1 0 1
16.8769 40.553 73810 6.72617 -4.89449 228.987 467.77 -13 2319 1 0 1
3.64827 4.22014 73810 -20.1144 47.9884 248.936 467.558 -13 2321 1 0 1
9.11745 14.5386 73810 4.59873 25.3601 213.698 466.995 -13 2322 1 0 1
5.56219 0.0483901 73810 -0.612365 11.6202 218.55 467.057 -13 2323 1 0 1
23.2169 -4.5989 73810 40.8721 19.9547 234.602 467.045 -13 2324 1 0 1
7.57618 25.5548 73810 -32.1709 18.1443 247.652 467.381 -13 2326 1 0 1
-20.8487 -29.6905 73810 -7.21747 23.0001 229.073 467.949 -13 2327 1 0 1
-1.60819 27.6143 73810 -22.3518 23.4257 192.853 467.223 -13 2328 1 0 1
-10.6353 5.26514 73810 -12.8528 19.9362 222.657 466.984 -13 2329 1 0 1
9.24488 43.3699 73810 -33.1906 38.2233 188.688 467.385 -13 2330 1 0 1
18.4423 17.7467 73810 -18.1473 32.8033 205.439 467.231 -13 2331 1 0 1
18.7447 -1.62898 73810 -2.77381 -28.1956 272.119 467.259 -13 2332 1 0 1
-5.80646 -8.99413 73810 -29.5032 -11.2659 202.293 467.251 -13 2333 1 0 1
-52.3184 11.6213 73810 -68.9257 -3.82335 250.046 467.43 -13 2334 1 0 1
-3.99279 11.2247 73810 -22.6795 1.86695 191.309 467.36 -13 2335 1 0 1
-2.62575 20.5943 73810 -3.17029 -3.54908 208.595 467.552 -13 2336 1 0 1
44.168 20.8354 73810 17.5474 56.9887 212.618 467.107 -13 2337 1 0 1
-14.164 13.4086 73810 -17.932 -6.47565 194.848 467.33 -13 2338 1 0 1
-0.877759 24.9781 73810 3.30931 38.6139 218.045 467.106 -13 2339 1 0 1
-6.36338 46.0958 73810 -23.0063 39.1152 196.533 467.305 -13 2340 1 0 1
-3.4851 14.5424 73810 -15.9738 12.4584 197.808 467.318 -13 2341 1 0 1
-49.0319 62.9629 73810 -72.6577 17.5663 196.401 467.446 -13 2342 1 0 1
17.455 43.3438 73810 -29.9161 37.6914 202.006 467.196 -13 2343 1 0 1
-11.5756 24.5181 73810 -30.1507 6.22763 190.637 467.34 -13 2344 1 0 1
-7.54374 44.5397 73810 -32.3978 34.983 196.431 467.417 -13 2345 1 0 1
15.4751 34.9632 73810 -15.655 28.5051 190.86 467.332 -13 2346 1 0 1
-13.4742 21.6544 73810 -38.4582 -28.3424 191.056 467.377 -13 2347 1 0 1
-32.7771 32.1897 73810 -52.2627 10.5598 190.607 467.23 -13 2348 1 0 1
-25.0608 40.3131 73810 -38.7698 18.1923 201.429 467.176 -13 2349 1 0 1
-13.0373 36.0674 73810 -26.2015 30.3181 227.889 467.111 -13 2350 1 0 1
-17.8566 36.1854 73810 -37.3516 4.93904 199.515 467.242 -13 2351 1 0 1
1.49978 30.1402 73810 -16.0887 52.0978 235.736 467.219 -13 2352 1 0 1
-11.5998 -11.8646 73810 -10.7013 -0.636495 230.616 467.707 -13 2353 1 0 1
2.79474 36.0762 73810 -18.4178 19.8146 198.163 467.159 -13 2354 1 0 1
15.5313 27.6243 73810 -3.06564 29.8059 218.475 467.091 -13 2355 1 0 1
-4.61963 48.2305 73810 -24.6067 77.0353 234.789 467.484 -13 2356 1 0 1
-11.3489 -2.07269 73810 1.05356 -5.56854 205.927 467.906 -13 2359 1 0 1
14.2424 18.029 73810 -17.4765 33.6609 242.782 467.649 -13 2361 1 0 1
-53.8228 33.1933 73810 -50.3649 9.63418 209.139 467.632 -13 2362 1 0 1
-37.2701 28.1175 73810 -50.7586 19.6405 238.937 467.682 -13 2363 1 0 1
10.1728 59.5636 73810 -19.5836 46.8378 207.118 467.994 -13 2364 1 0 1
25.9306 17.5691 73810 7.34731 30.7489 191.212 467.681 -13 2365 1 0 1
-8.94646 25.8183 73810 -33.1148 30.7691 204.538 468.125 -13 2366 1 0 1
28.5236 -11.5482 73810 35.9808 3.82504 244.571 467.574 -13 2367 1 0 1
-22.4787 -42.6939 73810 20.6689 -22.2413 228.088 467.126 -13 2368 1 0 1
-23.143 13.8195 73810 -44.654 -13.9168 191.609 467.356 -13 2369 1 0 1
15.6862 -3.37338 73810 -5.39881 -17.6038 186.826 467.256 -13 2370 1 0 1
17.8159 14.6367 73810 9.91121 53.5837 221.88 467.239 -13 2371 1 0 1
-3.86667 19.4983 73810 -30.5585 32.1546 212.233 467.199 -13 2372 1 0 1
15.9643 25.5977 73810 11.3429 32.079 226.535 467.067 -13 2373 1 0 1
1.62944 32.8145 73810 -11.8754 42.2677 211.432 467.141 -13 2374 1 0 1
-17.0367 3.63512 73810 -27.3907 -17.6024 200.002 467.139 -13 2375 1 0 1
-14.9926 25.7553 73810 -22.8431 17.6423 203.085 466.915 -13 2376 1 0 1
-23.6235 50.8248 73810 -48.4623 70.6595 243.91 467.78 -13 2377 1 0 1
-2.09378 26.0042 73810 -24.7415 19.5548 192.522 467.205 -13 2378 1 0 1
3.76543 32.7238 73810 -42.6547 5.64352 198.864 467.151 -13 2379 1 0 1
-4.00715 31.3028 73810 -17.7669 17.9323 190.69 467.4 -13 2380 1 0 1
-2.57379 8.55344 73810 -16.9527 9.48178 194.232 467.052 -13 2381 1 0 1
-2.00367 11.5373 73810 -35.9255 46.8418 248.374 467.353 -13 2382 1 0 1
0.268533 13.6858 73810 -24.6923 2.54645 208.383 467.108 -13 2383 1 0 1
-15.0276 31.6361 73810 -49.6151 19.2826 219.795 467.116 -13 2384 1 0 1
12.9134 58.9128 73810 -23.6634 39.1631 204.238 467.157 -13 2385 1 0 1
-0.830548 24.841 73810 -13.713 10.4847 198.932 467.095 -13 2386 1 0 1
-5.40095 29.2512 73810 -1.36476 33.4437 237.672 466.942 -13 2387 1 0 1
-25.6281 38.112 73810 -57.1357 17.1071 196.892 467.199 -13 2388 1 0 1
-22.3351 13.8776 73810 -18.7739 -6.97027 205.017 467.246 -13 2389 1 0 1
-28.2714 7.75078 73810 -26.8543 -18.0409 188.569 467.262 -13 2390 1 0 1
-12.9767 29.8103 73810 -14.4561 7.26686 199.085 467.168 -13 2391 1 0 1
13.4231 23.438 73810 -14.3191 26.8571 197.89 467.412 -13 2392 1 0 1
-32.6334 23.8016 73810 -63.554 -6.401 214.735 467.099 -13 2393 1 0 1
3.69942 33.2618 73810 -8.63229 33.8978 197.373 467.421 -13 2394 1 0 1
1.46665 28.4906 73810 -1.93908 31.8228 206.211 467.139 -13 2395 1 0 1
3.34805 -34.9509 73810 33.0053 -20.1542 234.929 467.31 -13 2396 1 0 1
11.3328 22.1607 73810 -11.4407 8.02578 196.098 467.384 -13 2397 1 0 1
-6.39059 5.58678 73810 -17.0719 -9.63221 209.055 467.141 -13 2398 1 0 1
-8.47456 4.90114 73810 -15.3114 -9.25904 201.902 467.36 -13 2399 1 0 1
-10.1446 53.348 73810 -45.186 29.245 195.484 467.407 -13 2400 1 0 1
18.1093 37.0624 73810 -16.6628 21.5666 200.042 467.15 -13 2401 1 0 1
-3.54599 40.0001 73810 -8.60086 17.879 199.484 467.294 -13 2403 1 0 1
-22.9262 -12.9296 73810 -31.8228 -6.28599 215.148 467.043 -13 2404 1 0 1
-19.7766 33.9669 73810 -58.5404 1.8112 208.982 467.082 -13 2405 1 0 1
-23.182 -6.78344 73810 -11.1059 -23.2504 206.419 467.056 -13 2406 1 0 1
-26.7103 14.4947 73810 -25.5838 10.0648 211.965 467.155 -13 2407 1 0 1
-33.4449 43.7804 73810 -60.54 29.9061 214.421 467.144 -13 2409 1 0 1
-2.68289 19.9358 73810 -7.99163 1.09284 194.661 467.159 -13 2410 1 0 1
-22.9556 15.1189 73810 -26.1608 0.0556233 191.326 467.318 -13 2411 1 0 1
-13.1305 29.3335 73810 -69.6116 16.079 202.51 467.268 -13 2412 1 0 1
1.30713 37.7735 73810 -12.8959 33.0186 202.05 467.07 -13 2413 1 0 1
22.3617 -9.42368 73810 22.1599 -27.9638 203.308 467.244 -13 2414 1 0 1
9.74207 -11.4977 73810 10.4464 3.46013 198.285 467.069 -13 2416 1 0 1
-0.621031 -2.62622 73810 16.7492 -0.0298838 205.326 467.146 -13 2417 1 0 1
-8.69334 19.2952 73810 -30.6138 6.28686 181.892 467.169 -13 2418 1 0 1
1.95698 17.5442 73810 -17.2231 18.2284 197.449 467.233 -13 2419 1 0 1
-17.4764 23.6995 73810 -22.9487 13.4221 195.113 467.171 -13 2420 1 0 1
5.99552 3.18991 73810 -10.9037 25.5827 203.205 467.058 -13 2421 1 0 1
-14.5434 4.74082 73810 -33.4566 -5.36555 195.368 467.237 -13 2422 1 0 1
2.7864 20.6599 73810 -4.77107 20.7404 198.682 467.445 -13 2423 1 0 1
-16.9884 18.6167 73810 -10.9204 -22.1748 231.551 467.29 -13 2428 1 0 1
-1.16467 26.6502 73810 -15.4432 19.0448 201.367 467.053 -13 2430 1 0 1
12.8295 52.8131 73810 -21.7529 38.265 186.007 467.252 -13 2431 1 0 1
-1.68053 18.0871 73810 2.99382 30.2998 241.655 467.159 -13 2432 1 0 1
-27.8383 1.85577 73810 -9.62404 -11.5557 208.252 467.013 -13 2433 1 0 1
0.0261454 11.8818 73810 13.3333 32.7006 257.816 467.263 -13 2434 1 0 1
-24.4277 37.2542 73810 -64.7088 24.3945 202.847 467.341 -13 2435 1 0 1
16.5479 -34.5006 73810 26.3205 -5.82596 237.672 467.025 -13 2436 1 0 1
50.6969 26.3813 73810 15.83 41.5377 217.075 467.319 -13 2437 1 0 1
5.06168 17.057 73810 -28.1605 26.8418 221.291 467.006 -13 2438 1 0 1
11.7468 4.60245 73810 12.4173 13.8277 223.476 467.003 -13 2441 1 0 1
-36.6787 10.751 73810 -62.1951 -48.7196 232.636 467.391 -13 2442 1 0 1
-7.08547 27.9516 73810 -16.4759 18.8543 241.526 467.544 -13 2443 1 0 1
-14.1018 26.1677 73810 -34.5978 45.2117 248.396 467.221 -13 2444 1 0 1
-20.7211 -29.2852 73810 -14.415 -68.4739 243.156 467.541 -13 2445 1 0 1
7.71363 15.9828 73810 7.96665 8.3974 250.733 467.807 -13 2446 1 0 1
-50.0435 18.2655 73810 -6.21042 -12.654 188.313 467.104 -13 2447 1 0 1
-35.2339 -1.17397 73810 -34.0578 -24.8893 185.535 467.521 -13 2450 1 0 1
-3.32752 20.6357 73810 -2.64816 30.2852 217.285 467.126 -13 2451 1 0 1
-12.3141 -2.95458 73810 -10.5426 9.7583 219.799 467.371 -13 2453 1 0 1
-14.9211 19.7666 73810 -11.5547 28.8035 213.82 467.109 -13 2455 1 0 1
-13.4575 -23.246 73810 -0.726321 -32.4058 203.647 466.942 -13 2456 1 0 1
-2.17843 30.9269 73810 -15.3957 51.1045 208.714 467.478 -13 2457 1 0 1
9.22733 37.6043 73810 -29.6195 39.348 194.731 467.465 -13 2458 1 0 1
-1.84849 19.0532 73810 -6.61053 73.168 253.667 467.378 -13 2460 1 0 1
9.42741 3.23736 73810 12.9741 -4.02917 218.863 466.981 -13 2461 1 0 1
13.041 3.46822 73810 3.91162 2.92006 244.967 467.006 -13 2462 1 0 1
27.4743 13.9546 73810 0.635075 33.3032 199.784 467.583 -13 2463 1 0 1
-19.7651 20.5623 73810 -45.2037 4.67974 187.776 467.172 -13 2464 1 0 1
48.9792 -13.7811 73810 49.1281 7.9326 229.86 467.755 -13 2465 1 0 1
3.77899 26.4147 73810 -19.2227 -4.87886 194.984 467.803 -13 2466 1 0 1
-7.1783 2.2888 73810 0.182577 -7.61271 246.132 467.293 -13 2467 1 0 1
-13.2664 3.14791 73810 -36.3988 -4.73171 200.728 468.345 -13 2469 1 0 1
12.027 7.13702 73810 5.31586 12.8402 241.182 467.256 -13 2470 1 0 1
24.2214 104.796 73810 -26.655 125.462 230.686 467.446 -13 2471 1 0 1
-3.56324 3.44817 73810 -3.92044 26.1868 247.024 467.549 -13 2472 1 0 1
-4.89639 38.1868 73810 -25.9834 23.3486 191.861 467.432 -13 2475 1 0 1
-9.23018 22.142 73810 -31.2054 -8.19904 190.102 467.489 -13 2476 1 0 1
19.3466 31.5036 73810 -13.2865 42.038 197.572 467.561 -13 2477 1 0 1
27.5981 35.8023 73810 -2.23962 37.1747 221.196 467.037 -13 2478 1 0 1
-10.7567 28.9689 73810 -18.8176 19.7542 194.832 467.138 -13 2479 1 0 1
28.3112 13.7018 73810 -8.35266 22.6461 190.051 467.313 -13 2480 1 0 1
-6.23432 27.0129 73810 -21.6836 16.4971 207.456 467.513 -13 2481 1 0 1
34.428 40.1379 73810 8.71748 74.9992 227.214 467.997 -13 2482 1 0 1
-20.6893 58.1422 73810 -52.8933 36.4367 199.077 467.55 -13 2483 1 0 1
18.8402 -0.170798 73810 -49.2443 -4.37046 238.388 467.277 -13 2484 1 0 1
-8.14528 15.0555 73810 -11.3747 5.3435 194.013 467.271 -13 2486 1 0 1
33.8442 36.7148 73810 2.0222 28.7347 204.216 467.18 -13 2487 1 0 1
-8.90759 26.177 73810 -32.0404 24.914 195.099 467.255 -13 2488 1 0 1
36.3269 -2.57495 73810 35.8741 28.4812 213.087 467.026 -13 2489 1 0 1
39.3341 7.42878 73810 19.7375 33.8643 216.255 467.133 -13 2490 1 0 1
6.21384 1.87921 73810 4.63661 15.776 225.869 467.021 -13 2491 1 0 1
-1.95789 56.2986 73810 -30.9981 50.7391 202.819 467.511 -13 2492 1 0 1
13.8002 20.3572 73810 -10.871 26.3669 204.533 467.417 -13 2493 1 0 1
10.7956 17.1825 73810 -18.8723 21.4087 197.22 467.415 -13 2494 1 0 1
2.23881 19.2432 73810 -16.0782 0.0366875 191.922 467.441 -13 2495 1 0 1
-11.5287 55.2265 73810 -50.6853 42.6407 202.465 467.436 -13 2496 1 0 1
3.93696 18.9362 73810 -19.3625 3.38513 189.301 467.37 -13 2497 1 0 1
-5.90643 13.1933 73810 -23.5005 8.79368 187.049 467.342 -13 2498 1 0 1
-18.7348 45.2279 73810 -29.3343 12.6171 198.895 467.192 -13 2499 1 0 1
-0.862225 14.05 73810 -13.2792 12.0613 209.821 467.512 -13 2500 1 0 1
10.5317 34.4877 73810 -32.5746 32.5346 197.15 467.214 -13 2501 1 0 1
-0.0209909 2.6517 73810 -24.3688 -16.5876 224.152 467.917 -13 2506 1 0 1
-22.069 58.9294 73810 -59.3998 21.1077 194.444 468.011 -13 2507 1 0 1
-34.2854 -12.3335 73810 -20.5085 -42.2966 167.171 467.423 -13 2508 1 0 1
-2.03454 15.0647 73810 -20.965 22.0894 228.006 467.037 -13 2509 1 0 1
-16.9847 22.659 73810 -13.0827 17.6663 217.112 467.1 -13 2510 1 0 1
-34.9394 24.3637 73810 -49.6696 12.1763 199.841 467.159 -13 2511 1 0 1
17.2924 30.2847 73810 -21.1806 65.5781 225.71 467.173 -13 2512 1 0 1
-20.3007 37.8212 73810 -32.4958 8.02973 198.829 467.204 -13 2513 1 0 1
7.34213 6.06855 73810 -11.7654 17.2103 234.315 467.176 -13 2514 1 0 1
-25.1114 -0.345777 73810 -44.887 7.59858 254.864 467.323 -13 2515 1 0 1
3.1434 15.5275 73810 -5.1722 24.8378 216.089 466.979 -13 2516 1 0 1
-4.21745 28.0166 73810 -9.64541 33.2214 204.211 467.203 -13 2518 1 0 1
-13.5115 68.8861 73810 -57.9002 43.945 202.945 467.383 -13 2519 1 0 1
43.272 33.4648 73810 9.05554 54.9728 214.877 467.281 -13 2520 1 0 1
36.4441 -17.285 73810 55.8979 9.54697 236.155 467.775 -13 2521 1 0 1
26.0628 -3.14853 73810 36.2771 16.5972 223.077 467.128 -13 2522 1 0 1
2.87766 13.8587 73810 3.44557 19.6288 204.107 467.132 -13 2523 1 0 1
6.54115 23.5342 73810 -25.2582 27.8191 199.047 467.296 -13 2524 1 0 1
-0.469928 2.55059 73810 1.80741 8.23818 205.063 467.259 -13 2526 1 0 1
6.2507 36.0148 73810 -12.0692 37.6357 203.724 467.228 -13 2528 1 0 1
-13.6309 -18.2974 73810 -24.0002 -16.175 197.183 467.217 -13 2529 1 0 1
-29.1063 -8.38291 73810 -26.2229 -48.854 196.234 467.272 -13 2530 1 0 1
-52.9075 37.2907 73810 -68.7739 -20.7052 187.313 467.321 -13 2531 1 0 1
7.60894 -2.42175 73810 -11.8492 18.9575 201.423 467.38 -13 2532 1 0 1
25.6242 30.004 73810 -17.9243 41.556 204.033 467.364 -13 2533 1 0 1
-12.9289 30.3483 73810 -29.3688 10.8695 201.182 467.407 -13 2534 1 0 1
-25.0577 30.2477 73810 -46.7024 19.2951 208.603 467.492 -13 2535 1 0 1
27.1059 -7.7317 73810 17.3545 6.46457 199.909 467.436 -13 2536 1 0 1
26.6827 38.7365 73810 -17.7885 52.7329 205.908 467.132 -13 2538 1 0 1
23.5226 17.3586 73810 24.2465 29.9664 234.934 468.022 -13 2539 1 0 1
-8.06714 72.4074 73810 -41.1438 40.1256 195.686 467.306 -13 2540 1 0 1
-25.3323 53.9508 73810 -46.3488 24.0399 194.961 467.368 -13 2541 1 0 1
-12.1791 8.93044 73810 -13.3788 -10.6763 191.846 467.063 -13 2542 1 0 1
-7.59978 21.19 73810 -21.3921 3.83203 195.055 467.138 -13 2543 1 0 1
36.1938 20.1967 73810 55.9678 41.9116 230.741 467.08 -13 2544 1 0 1
-15.4792 14.1553 73810 -26.1286 -4.94191 189.992 467.146 -13 2545 1 0 1
32.2162 -3.26438 73810 7.90768 19.9658 209.49 467.14 -13 2546 1 0 1
16.8499 2.86433 73810 -1.33307 5.53984 224.795 467.095 -13 2547 1 0 1
-1.05789 9.10533 73810 -5.74217 40.2948 241.265 467.631 -13 2556 1 0 1
11.0593 0.912669 73810 5.48919 25.994 250.877 467.599 -13 2557 1 0 1
1.02626 125.234 73810 -75.5913 72.84 189.611 467.919 -13 2558 1 0 1
-9.6237 -5.10652 73810 -18.674 25.6509 229.2 467.687 -13 2559 1 0 1
21.8166 16.4856 73810 -42.2245 24.9067 199.11 467.207 -13 2561 1 0 1
1.26083 9.71356 73810 -18.4163 33.7199 245.793 467.478 -13 2563 1 0 1
0.38691 2.24337 73810 6.06904 22.002 254.916 467.406 -13 2564 1 0 1
19.7147 -7.95386 73810 24.4927 -21.8818 197.314 467.517 -13 2566 1 0 1
-12.103 4.45403 73810 -4.80057 6.56087 209.39 467.35 -13 2567 1 0 1
-11.2682 13.4849 73810 -13.5962 1.00617 201.628 467.224 -13 2568 1 0 1
6.94076 29.3894 73810 0.801983 29.0138 204.938 467.535 -13 2569 1 0 1
-1.69542 10.6334 73810 -26.4258 34.1366 210.409 467.171 -13 2570 1 0 1
3.08972 8.81245 73810 -13.771 16.8161 208.177 467.386 -13 2571 1 0 1
-49.6919 35.2147 73810 -45.9881 22.4169 209.007 467.135 -13 2572 1 0 1
-30.226 35.3073 73810 -40.4679 -1.42339 199.368 467.446 -13 2573 1 0 1
-46.4191 32.348 73810 -59.569 -4.30016 198.779 467.32 -13 2574 1 0 1
-17.1622 26.9379 73810 -14.7606 -3.6584 205.912 467.242 -13 2575 1 0 1
3.16227 -4.37195 73810 2.12154 -3.73328 208.037 467.386 -13 2576 1 0 1
4.94537 20.1276 73810 7.19728 35.6191 204.331 467.278 -13 2577 1 0 1
13.6025 27.5861 73810 -19.03 19.085 187.425 467.438 -13 2578 1 0 1
-5.98075 15.805 73810 -34.3822 -6.5581 194.949 467.248 -13 2579 1 0 1
-9.28026 5.40377 73810 -14.6588 -8.17918 192.463 467.244 -13 2580 1 0 1
20.4834 74.2536 73810 -43.5498 62.182 201.277 467.252 -13 2581 1 0 1
-6.23842 32.122 73810 -27.6153 20.1327 194.691 467.275 -13 2582 1 0 1
-22.0603 1.08198 73810 -7.28622 -2.83512 233.215 467.023 -13 2583 1 0 1
-4.13692 8.56457 73810 12.1524 46.1221 205.464 467.195 -13 2584 1 0 1
-0.1008 -0.366451 73810 -35.4518 -7.41962 240.472 467.078 -13 2586 1 0 1
-15.3154 2.45784 73810 -20.795 -18.7289 197.482 467.165 -13 2587 1 0 1
-13.4567 1.21821 73810 -9.504 -0.027002 198.658 467.11 -13 2588 1 0 1
-14.9949 -7.36798 73810 -23.9037 -21.6692 229.521 467.01 -13 2589 1 0 1
1.86396 23.6658 73810 -24.7563 9.42375 197.408 467.066 -13 2590 1 0 1
-4.52033 10.1527 73810 -18.7024 17.7362 213.383 467.002 -13 2591 1 0 1
-1.55172 31.9089 73810 -23.083 8.72937 198.439 467.156 -13 2592 1 0 1
-5.47197 -4.98635 73810 2.38319 -19.7 199.477 467.2 -13 2593 1 0 1
11.6897 56.1514 73810 -19.2755 53.8603 208.08 467.141 -13 2594 1 0 1
17.7818 10.5514 73810 -2.23002 24.2896 246.728 467.342 -13 2595 1 0 1
-7.07561 -12.0234 73810 -14.742 -4.41042 256.74 467.622 -13 2596 1 0 1
-0.451222 -25.8601 73810 1.58454 16.4385 189.868 467.009 -13 2600 1 0 1
33.4733 47.0498 73810 10.2838 52.2174 240.371 467.983 -13 2601 1 0 1
37.5897 15.4095 73810 33.3803 41.299 241.421 467.52 -13 2603 1 0 1
-3.93381 15.2216 73810 -27.8994 27.3063 215.459 468.08 -13 2604 1 0 1
4.50478 10.9492 73810 -11.9177 3.87723 242.073 467.422 -13 2608 1 0 1
-4.31978 23.7636 73810 12.27 50.412 235.587 467.636 -13 2610 1 0 1
28.0546 47.0677 73810 14.8362 76.6824 238.668 467.551 -13 2611 1 0 1
-23.6131 28.6155 73810 -43.5877 9.96466 198.608 467.822 -13 2613 1 0 1
-38.8972 -74.5416 73810 2.10112 -56.9641 186.765 467.012 -13 2614 1 0 1
7.64999 11.2061 73810 -16.2177 11.2285 235.114 467.531 -13 2615 1 0 1
-4.18256 -1.84448 73810 -14.3469 -0.59629 237.493 467.628 -13 2616 1 0 1
-18.6783 63.6775 73810 -43.5452 13.7912 184.357 467.627 -13 2617 1 0 1
39.7958 14.1928 73810 7.55781 24.6724 194.468 466.865 -13 2618 1 0 1
12.194 29.6534 73810 -11.4725 80.9529 229.842 467.959 -13 2619 1 0 1
13.3813 9.07087 73810 15.528 -5.58179 204.264 467.653 -13 2621 1 0 1
2.69334 -2.02164 73810 37.9574 41.9184 244.831 467.143 -13 2622 1 0 1
15.2175 18.2218 73810 12.1835 15.2833 212.488 467.758 -13 2626 1 0 1
0.541923 3.60419 73810 -18.5529 20.5324 214.964 467.492 -13 2628 1 0 1
11.9428 69.5277 73810 -30.5593 48.259 187.22 466.966 -13 2631 1 0 1
15.9376 2.89632 73810 16.5796 15.4614 244.54 467.292 -13 2632 1 0 1
9.81961 15.6083 73810 -14.6831 19.9525 205.559 467.26 -13 2633 1 0 1
-5.9759 27.0356 73810 -1.82015 24.46 237.649 467.822 -13 2635 1 0 1
5.60784 -1.43503 73810 -4.17576 10.9916 238.186 467.468 -13 2637 1 0 1
-29.5922 -4.86377 73810 -43.0923 2.91154 243.74 467.248 -13 2638 1 0 1
65.6282 17.0763 73810 64.5795 48.0126 230.838 467.645 -13 2639 1 0 1
13.0706 -3.03423 73810 4.44148 11.0791 211.116 467.826 -13 2640 1 0 1
-23.1607 5.47536 73810 -52.0413 36.7912 243.924 467.205 -13 2641 1 0 1
-4.45581 23.5445 73810 -35.9437 -7.8519 198.495 467.044 -13 2642 1 0 1
1.86027 -4.70434 73810 9.00851 -8.1289 206.074 467.212 -13 2643 1 0 1
-0.342155 32.1737 73810 -24.9616 17.7144 196.053 467.283 -13 2644 1 0 1
-12.177 7.84022 73810 -0.326013 -11.1902 205.416 467.19 -13 2645 1 0 1
-0.401344 18.5875 73810 -10.3596 11.4751 209.69 467 -13 2646 1 0 1
-5.59679 34.3358 73810 -25.1836 29.2717 210.402 467.045 -13 2647 1 0 1
-18.4427 20.0446 73810 -33.9843 2.14824 196.096 467.24 -13 2648 1 0 1
2.90119 32.6268 73810 -14.8779 30.0736 221.155 467.175 -13 2649 1 0 1
-6.71904 20.7306 73810 -21.3931 9.72059 206.071 467.021 -13 2650 1 0 1
17.4064 35.3905 73810 -18.0905 3.25658 274.614 467.297 -13 2651 1 0 1
5.14539 -15.6661 73810 19.618 19.9676 231.378 467.803 -13 2652 1 0 1
15.998 21.3584 73810 12.4264 22.054 221.964 467.135 -13 2653 1 0 1
-16.6439 18.7034 73810 -12.9592 42.7445 244.1 467.488 -13 2656 1 0 1
15.7273 8.93345 73810 -13.8391 31.6951 209.77 467.083 -13 2661 1 0 1
15.0035 13.2078 73810 18.4318 22.5084 253.278 467.359 -13 2662 1 0 1
9.10647 23.4502 73810 -4.17561 14.6983 209.532 467.071 -13 2663 1 0 1
7.50202 22.5497 73810 -21.8064 18.4681 203.085 467.157 -13 2664 1 0 1
-17.8984 23.4951 73810 -17.1259 61.7019 248.848 467.318 -13 2665 1 0 1
30.8296 32.8227 73810 2.62051 30.2723 204.25 467.194 -13 2666 1 0 1
-12.9767 39.487 73810 -12.8036 39.332 217.867 467.16 -13 2667 1 0 1
28.726 42.482 73810 4.9864 71.3512 215.081 467.246 -13 2668 1 0 1
41.2708 41.3812 73810 15.2557 60.1662 223.317 467.189 -13 2669 1 0 1
-22.8919 6.45896 73810 -45.1069 6.38548 246.135 467.192 -13 2670 1 0 1
-12.4363 48.4878 73810 -28.8596 53.5246 239.99 467.801 -13 2671 1 0 1
25.2176 37.6522 73810 0.631138 81.4677 242.013 467.499 -13 2673 1 0 1
22.1009 19.0963 73810 -8.47268 48.0977 231.05 467.415 -13 2675 1 0 1
10.5285 11.6155 73810 -22.0653 16.2718 241.296 467.198 -13 2676 1 0 1
-11.1292 -6.84048 73810 -5.38231 -9.18464 174.943 467.19 -13 2677 1 0 1
-1.5596 21.1684 73810 -9.38484 25.1294 244.676 467.49 -13 2678 1 0 1
-4.42342 13.9802 73810 -15.8878 8.00402 224.963 467.141 -13 2679 1 0 1
11.4669 0.209428 73810 -3.42256 28.3056 226.028 467.952 -13 2680 1 0 1
11.482 18.4368 73810 -2.75277 35.5917 231.632 467.057 -13 2681 1 0 1
-2.52208 6.95832 73810 13.5161 19.3098 255.998 467.329 -13 2682 1 0 1
23.542 -1.66369 73810 20.0432 29.7401 230.095 467.731 -13 2683 1 0 1
9.09048 38.6228 73810 -16.2694 43.5823 217.588 466.991 -13 2685 1 0 1
-2.18369 13.4791 73810 20.6325 24.1803 240.557 467.798 -13 2686 1 0 1
1.68628 2.06126 73810 9.24274 12.0628 233.275 466.998 -13 2687 1 0 1
10.3801 11.9582 73810 0.928823 21.1538 217.544 467.034 -13 2688 1 0 1
14.7009 -6.45867 73810 3.16533 -12.0932 203.533 467.074 -13 2689 1 0 1
-0.458824 23.3404 73810 -5.08862 7.64196 204.57 467.054 -13 2690 1 0 1
-20.6402 -1.2479 73810 -31.5509 -30.0927 192.279 467.281 -13 2691 1 0 1
-22.1317 34.1253 73810 -35.7524 23.4784 209.605 467.248 -13 2692 1 0 1
18.2338 -1.72759 73810 1.03161 24.1054 199.41 467.169 -13 2693 1 0 1
12.3977 3.0873 73810 -3.78837 21.0117 207.51 467.252 -13 2694 1 0 1
13.9256 30.269 73810 -25.1851 53.7957 205.647 467.415 -13 2695 1 0 1
3.81259 7.54416 73810 -5.64254 10.4915 200.029 467.309 -13 2696 1 0 1
9.35476 33.6666 73810 -19.9634 26.1322 202.135 467.169 -13 2697 1 0 1
-25.639 22.0705 73810 -39.5598 -12.0421 196.153 467.276 -13 2698 1 0 1
-42.5603 18.5789 73810 -42.2134 -0.220749 195.822 467.412 -13 2699 1 0 1
-8.60287 12.8095 73810 -27.743 1.47807 210.949 467.347 -13 2700 1 0 1
4.28255 -2.87306 73810 1.92721 6.96778 201.982 467.21 -13 2701 1 0 1
20.9279 -1.63611 73810 48.1858 27.7421 229.465 468.168 -13 2702 1 0 1
7.3984 29.069 73810 -0.477532 18.863 200.139 467.123 -13 2703 1 0 1
-26.2846 30.6554 73810 -34.2885 -11.0906 200.047 467.293 -13 2705 1 0 1
15.2501 -0.86894 73810 2.34394 15.7847 220.338 467.031 -13 2706 1 0 1
15.9317 47.5917 73810 -21.6298 36.893 197.418 467.106 -13 2707 1 0 1
0.820427 16.6893 73810 -9.96449 32.5765 226.936 467.057 -13 2708 1 0 1
-11.7975 24.3393 73810 -22.0595 11.3685 215.698 466.972 -13 2709 1 0 1
-15.618 4.68771 73810 -17.3939 10.4441 229.554 467.06 -13 2710 1 0 1
-21.0898 29.1419 73810 -34.8276 3.9054 200.658 467.018 -13 2712 1 0 1
21.0055 17.3582 73810 11.3375 38.6415 241.896 467.507 -13 2713 1 0 1
-13.8788 -8.54796 73810 -4.37676 0.322487 218.534 467.027 -13 2714 1 0 1
-3.49366 -2.20273 73810 -5.04567 19.0744 244.711 467.245 -13 2719 1 0 1
26.6464 19.4345 73810 -10.5815 29.4174 198.437 467.625 -13 2720 1 0 1
3.67172 -5.80218 73810 3.45618 8.78922 244.043 467.499 -13 2721 1 0 1
26.4957 13.7943 73810 5.41128 41.8875 243.326 467.414 -13 2724 1 0 1
-2.84218 8.34667 73810 -9.63972 22.4976 234.243 467.227 -13 2725 1 0 1
-70.2322 -7.89783 73810 -22.4548 -58.3588 162.954 467.28 -13 2727 1 0 1
7.12405 26.1967 73810 -0.603485 27.1316 218.76 467.635 -13 2728 1 0 1
-19.0834 14.0766 73810 -42.7115 -22.64 205.342 467.169 -13 2730 1 0 1
5.44777 29.7478 73810 0.308118 44.8267 243.065 467.451 -13 2731 1 0 1
17.7148 1.21783 73810 27.8175 10.024 241.988 467.278 -13 2732 1 0 1
25.7294 112.465 73810 -45.0011 38.4337 164.888 467.154 -13 2733 1 0 1
-5.75303 -17.2375 73810 -17.7944 -15.3943 196.641 467.143 -13 2734 1 0 1
-40.9345 54.6647 73810 -58.1136 58.3555 229.908 467.232 -13 2737 1 0 1
5.87833 45.2453 73810 -25.3443 32.5604 191.363 467.426 -13 2740 1 0 1
-19.4944 12.5009 73810 -21.7335 -1.08453 203.581 467.407 -13 2741 1 0 1
12.2024 7.16113 73810 17.6916 46.0176 216.694 467.181 -13 2742 1 0 1
12.9304 24.7776 73810 -2.97435 38.9449 196.426 467.383 -13 2743 1 0 1
4.2314 43.0694 73810 -31.899 19.8555 190.829 467.38 -13 2744 1 0 1
14.4695 9.74021 73810 -4.30827 -2.35934 192.072 467.379 -13 2745 1 0 1
-20.2463 15.0965 73810 -32.0163 6.1352 196.372 467.222 -13 2746 1 0 1
-3.97652 -1.54914 73810 -9.54863 -10.1799 192.339 467.306 -13 2747 1 0 1
3.24883 -4.02781 73810 -9.15329 -7.33197 199.455 467.314 -13 2748 1 0 1
7.06333 -24.9174 73810 20.3631 -29.187 214.115 466.818 -13 2749 1 0 1
-8.68703 -4.5176 73810 -15.2282 7.15464 237.213 467.212 -13 2750 1 0 1
-17.3105 -6.37912 73810 -23.0819 -2.19758 231.966 467.626 -13 2751 1 0 1
-21.3134 7.12 73810 -7.73983 6.39752 242.168 467.669 -13 2752 1 0 1
23.0833 23.7789 73810 24.5789 58.3418 243.654 467.311 -13 2753 1 0 1
36.3996 -10.2042 73810 33.3159 9.40898 199.706 467.615 -13 2754 1 0 1
-11.6873 -2.4116 73810 -9.95703 -0.161697 231.347 467.563 -13 2755 1 0 1
-14.3303 19.1703 73810 -25.0104 12.6139 232.414 467.641 -13 2756 1 0 1
-21.655 14.3165 73810 -49.4644 5.3313 234.521 467.502 -13 2757 1 0 1
-13.4519 55.7423 73810 -47.6656 27.4575 196.337 467.93 -13 2758 1 0 1
3.85576 19.9301 73810 -18.7208 29.8803 204.841 467.494 -13 2759 1 0 1
-12.9173 14.0996 73810 -14.7763 -8.14962 204.19 467.496 -13 2760 1 0 1
12.5526 49.5854 73810 -25.2666 38.0555 188.786 467.22 -13 2761 1 0 1
4.61528 11.6164 73810 -4.4013 15.6737 211.693 467.403 -13 2762 1 0 1
19.1155 37.4709 73810 -6.23081 42.0056 202.695 467.641 -13 2763 1 0 1
11.1657 17.2969 73810 31.4763 17.2588 221.058 467.539 -13 2764 1 0 1
3.92563 19.959 73810 7.56468 10.9781 212.642 467.429 -13 2765 1 0 1
-4.26462 23.1564 73810 -12.4124 14.0144 194.378 467.434 -13 2766 1 0 1
-24.1145 0.307051 73810 -23.4382 -29.051 188.948 467.359 -13 2767 1 0 1
23.2545 68.0903 73810 -30.7912 63.6378 194.437 468.119 -13 2769 1 0 1
-28.9588 12.2993 73810 -34.9793 1.90055 211.149 467.803 -13 2771 1 0 1
85.9515 -6.56992 73810 90.7469 48.4007 217.393 467.641 -13 2772 1 0 1
-3.68944 -5.57178 73810 -7.88588 10.3888 244.758 467.525 -13 2773 1 0 1
-3.95766 7.55326 73810 -23.6378 23.8176 225.558 467.109 -13 2778 1 0 1
31.3723 63.522 73810 -13.2131 74.5914 203.633 467.385 -13 2779 1 0 1
17.0688 -16.583 73810 10.1767 -6.53437 214.825 467.09 -13 2780 1 0 1
-22.6582 0.332362 73810 -14.8349 -0.742069 211.82 467.182 -13 2781 1 0 1
13.5084 26.7373 73810 7.40676 4.53491 262.318 467.405 -13 2782 1 0 1
-9.34397 20.969 73810 -20.1513 20.3708 213.921 467.122 -13 2783 1 0 1
-6.81289 4.56917 73810 -22.27 -10.6803 211.064 467.113 -13 2785 1 0 1
-0.303994 3.81074 73810 7.7044 11.3662 239.821 467.052 -13 2788 1 0 1
-19.4477 6.53907 73810 -28.2519 -0.557715 225.968 467.039 -13 2791 1 0 1
5.12698 18.8891 73810 32.1963 34.6828 258.32 467.641 -13 2792 1 0 1
-41.887 41.7871 73810 -54.469 17.2159 213.063 468.006 -13 2794 1 0 1
-14.7745 6.42803 73810 -36.6468 19.5469 250.034 467.4 -13 2795 1 0 1
2.3817 13.1398 73810 -16.9612 20.9449 245.022 467.474 -13 2796 1 0 1
21.2206 50.1508 73810 1.35195 54.9969 212.451 467.94 -13 2797 1 0 1
6.93076 -20.2749 73810 22.473 -20.2271 219.881 466.936 -13 2800 1 0 1
5.81967 3.32663 73810 -1.65562 17.7795 243.932 467.208 -13 2801 1 0 1
2.51926 13.4222 73810 -9.26622 34.1605 194.015 467.683 -13 2802 1 0 1
-9.75175 61.7114 73810 -48.5153 53.6384 209.455 467.33 -13 2803 1 0 1
1.5379 25.2329 73810 -3.34264 17.2019 215.757 467.147 -13 2804 1 0 1
-1.72529 26.2186 73810 -32.0491 17.3272 186.122 467.545 -13 2808 1 0 1
35.8634 17.3055 73810 20.1715 36.0404 197.268 467.907 -13 2810 1 0 1
3.38958 8.54075 73810 -22.1218 20.5542 234.294 467.312 -13 2811 1 0 1
10.3757 14.5469 73810 23.4266 54.7838 221.859 467.434 -13 2813 1 0 1
3.28053 -45.3057 73810 19.9451 -97.0977 236.451 467.065 -13 2817 1 0 1
19.1295 -5.2495 73810 1.98666 9.31153 226.228 467.874 -13 2820 1 0 1
17.7239 14.9651 73810 37.7289 25.3124 237.879 467.73 -13 2825 1 0 1
19.1497 22.7821 73810 -4.48428 23.472 195.821 466.853 -13 2829 1 0 1
-5.93308 -0.428858 73810 -16.5808 -6.02709 246.284 467.506 -13 2830 1 0 1
19.288 15.5381 73810 0.0601715 33.2481 222.68 467.164 -13 2831 1 0 1
-34.0561 30.6379 73810 -70.5969 79.4223 238.942 467.901 -13 2832 1 0 1
-28.0631 26.6417 73810 -54.1851 2.63368 204.678 467.869 -13 2833 1 0 1
-10.7338 -15.1271 73810 -23.9775 -19.9968 244.877 467.477 -13 2834 1 0 1
6.61598 -0.719907 73810 3.86706 10.913 249.717 467.492 -13 2836 1 0 1
2.73676 32.0591 73810 -19.529 20.1543 231.337 467.164 -13 2838 1 0 1
2.28349 38.9013 73810 -19.0737 14.9501 202.219 467.062 -13 2841 1 0 1
30.7184 42.2468 73810 6.06502 45.3442 201.923 467.156 -13 2842 1 0 1
-17.0919 42.2743 73810 -27.6891 17.8898 202.742 467.275 -13 2843 1 0 1
4.45971 -16.9715 73810 -13.897 -18.9109 250.174 467.241 -13 2845 1 0 1
-25.2607 23.5732 73810 -56.1543 23.2092 241.393 467.475 -13 2847 1 0 1
38.3873 22.0382 73810 37.9899 63.8683 243.088 467.527 -13 2851 1 0 1
-23.0594 -9.1902 73810 -15.9854 8.38615 249.759 466.812 -13 2853 1 0 1
4.77134 21.0275 73810 10.7655 20.9209 237.612 467.579 -13 2854 1 0 1
-12.6117 7.99379 73810 -2.66332 34.2356 244.728 467.221 -13 2856 1 0 1
1.49123 -18.7492 73810 -7.31838 -0.535392 249.722 467.3 -13 2859 1 0 1
7.66303 22.9967 73810 -22.3602 45.8441 239.867 467.416 -13 2860 1 0 1
-15.0405 17.064 73810 -3.54373 21.0379 247.012 467.169 -13 2861 1 0 1
18.5282 27.8379 73810 18.2231 45.2003 231.707 467.649 -13 2862 1 0 1
8.03159 31.6742 73810 -12.7884 55.3426 239.037 467.464 -13 2864 1 0 1
13.7115 18.9048 73810 29.9992 89.482 249.291 467.398 -13 2866 1 0 1
-37.1668 8.80407 73810 -27.6254 -5.68436 220.026 467.723 -13 2868 1 0 1
37.8756 -10.1678 73810 43.4894 24.0793 239.471 467.487 -13 2869 1 0 1
18.3908 21.8065 73810 -6.79303 59.0525 240.954 467.308 -13 2870 1 0 1
-15.839 5.97614 73810 -39.4189 -3.7916 209.91 467.138 -13 2871 1 0 1
-9.33882 9.73039 73810 2.60376 37.1723 235.546 467.029 -13 2872 1 0 1
-14.3986 26.1393 73810 -30.7964 16.0962 224.191 467.079 -13 2873 1 0 1
-16.0522 15.8941 73810 -18.6321 10.8889 210.514 466.982 -13 2874 1 0 1
-16.0087 -7.1109 73810 7.78467 -1.88913 211.717 467.15 -13 2875 1 0 1
-28.241 3.04752 73810 -42.4418 -4.25275 226.259 467.058 -13 2876 1 0 1
0.745203 11.4619 73810 -2.43768 23.7124 203.295 467.07 -13 2877 1 0 1
-31.7387 26.6985 73810 -46.1035 7.78506 246.851 467.253 -13 2878 1 0 1
12.7042 23.9144 73810 -19.5929 32.9786 199.463 467.157 -13 2879 1 0 1
-5.72223 8.69618 73810 -35.6972 12.0042 217.535 467.003 -13 2880 1 0 1
-6.26519 5.70866 73810 23.4054 30.0201 253.936 467.523 -13 2882 1 0 1
5.74688 20.7168 73810 -43.0044 13.9204 206.135 467.823 -13 2883 1 0 1
-5.15343 37.5076 73810 -25.2229 39.1324 221.712 467.112 -13 2884 1 0 1
27.288 85.1853 73810 -25.4049 86.8946 218.265 467.27 -13 2885 1 0 1
5.33024 9.62467 73810 -1.03579 -0.814585 206.993 466.99 -13 2886 1 0 1
16.2378 -9.32751 73810 -16.2969 7.12347 210.596 467.134 -13 2887 1 0 1
19.2041 -10.7276 73810 -14.8764 -24.4852 201.892 467.227 -13 2888 1 0 1
14.9818 23.2773 73810 -24.9853 17.4766 193.957 467.149 -13 2890 1 0 1
9.01826 4.18605 73810 -4.43517 0.266169 188.572 467.104 -13 2891 1 0 1
36.6287 -0.364177 73810 15.7583 4.54264 196.578 467.343 -13 2892 1 0 1
3.82193 5.28799 73810 -2.81816 30.7048 241.091 467.059 -13 2893 1 0 1
-2.2448 0.288444 73810 -27.7872 10.7038 204.67 466.962 -13 2894 1 0 1
11.1444 29.6332 73810 -7.75404 25.8249 190.996 467.285 -13 2895 1 0 1
13.7914 41.5001 73810 -26.7355 75.0898 222.609 467.325 -13 2896 1 0 1
4.42028 35.3112 73810 -17.7845 20.7358 194.869 467.152 -13 2897 1 0 1
-3.16688 32.7891 73810 -33.0628 22.4241 195.281 467.163 -13 2898 1 0 1
-22.0491 -17.8818 73810 -26.2031 -30.6079 242.332 467.158 -13 2899 1 0 1
-78.5954 5.35466 73810 -105.871 -25.0437 205.341 467.752 -13 2900 1 0 1
-14.9187 -17.2572 73810 -21.2031 -8.45072 253.026 467.238 -13 2901 1 0 1
16.752 20.9659 73810 -11.7387 61.6126 239.046 467.142 -13 2902 1 0 1
-3.62553 22.436 73810 -11.1172 6.26245 191.092 467.299 -13 2903 1 0 1
-39.3453 -14.9456 73810 -46.608 -27.4064 229.842 467.186 -13 2904 1 0 1
-10.7476 2.22063 73810 0.0827753 11.4648 241.323 467.236 -13 2905 1 0 1
11.159 0.278617 73810 -3.01431 13.8183 215.527 467.05 -13 2906 1 0 1
8.81727 22.8178 73810 -27.2226 15.1392 201.596 467.359 -13 2907 1 0 1
-0.180045 2.43028 73810 4.00477 0.753906 192.998 467.173 -13 2908 1 0 1
9.38814 3.19028 73810 -7.21802 13.9725 239.146 467.21 -13 2909 1 0 1
37.6482 39.3219 73810 2.81413 45.0266 205.871 467.162 -13 2910 1 0 1
14.3926 16.5233 73810 14.3603 14.5748 202.235 467.303 -13 2911 1 0 1
-16.4582 -12.4612 73810 1.70724 -0.0931171 251.527 467.159 -13 2912 1 0 1
26.5415 36.1705 73810 24.385 48.854 238.841 467.268 -13 2913 1 0 1
3.46371 6.55017 73810 -7.67099 12.9703 223.813 466.977 -13 2914 1 0 1
38.0752 33.5367 73810 28.5313 57.7972 239.734 467.197 -13 2915 1 0 1
-6.60669 30.9403 73810 -15.7071 23.934 206.053 467.268 -13 2916 1 0 1
35.6871 35.0248 73810 4.22841 55.6007 207.673 468.101 -13 2917 1 0 1
-27.598 14.7515 73810 22.6992 27.514 266.343 467.342 -13 2918 1 0 1
-13.3535 14.383 73810 -26.3552 23.1807 234.602 467.106 -13 2919 1 0 1
2.64516 36.6809 73810 -27.0162 3.09898 199.31 467.306 -13 2920 1 0 1
15.3909 -3.84431 73810 -9.2537 10.2956 207.55 467.122 -13 2921 1 0 1
29.8768 4.81236 73810 5.94784 14.9237 200.207 467.107 -13 2922 1 0 1
-13.4513 -2.17257 73810 -16.9068 -17.0817 229.037 467.005 -13 2923 1 0 1
10.6467 22.8753 73810 -11.0761 35.3494 227.798 467.131 -13 2924 1 0 1
5.66021 12.7701 73810 5.81648 37.656 226.685 467.066 -13 2925 1 0 1
-20.9982 19.3075 73810 -31.2488 11.6633 222.178 467.856 -13 2926 1 0 1
-19.5438 -8.01177 73810 -26.9502 -1.34159 247.056 467.509 -13 2927 1 0 1
2.45147 13.1148 73810 -0.441107 26.6292 236.84 467.174 -13 2928 1 0 1
7.40304 12.5097 73810 -8.37586 59.2288 235.47 467.696 -13 2929 1 0 1
-11.1302 21.1887 73810 -35.6329 27.9674 240.046 467.51 -13 2930 1 0 1
10.1958 -6.01017 73810 9.75615 3.15748 231.486 467.076 -13 2931 1 0 1
13.7243 -6.81206 73810 23.5929 10.3491 229.586 467.649 -13 2932 1 0 1
14.2203 0.846207 73810 0.852006 17.1118 204.534 467.354 -13 2934 1 0 1
18.3442 23.5733 73810 1.80193 18.9024 193.675 467.354 -13 2935 1 0 1
-0.873328 14.4183 73810 6.14406 11.0942 206.198 467.219 -13 2936 1 0 1
-13.6319 41.8064 73810 -29.8251 18.6495 190.206 467.431 -13 2937 1 0 1
23.5163 22.0406 73810 -13.6541 39.2382 193.5 467.565 -13 2938 1 0 1
-22.9401 33.5614 73810 -38.0669 30.0779 212.521 467.062 -13 2939 1 0 1
6.61111 36.9392 73810 -8.71339 27.9552 199.108 467.494 -13 2940 1 0 1
-27.5663 36.6313 73810 -37.7734 25.8396 200.622 467.379 -13 2941 1 0 1
15.1749 -4.6513 73810 -10.1631 9.46017 265.091 467.227 -13 2942 1 0 1
2.00789 7.43652 73810 -9.23714 0.650714 225.369 467.888 -13 2944 1 0 1
-7.85921 25.2439 73810 -33.5307 -10.6894 229.818 467.002 -13 2946 1 0 1
2.60271 12.1862 73810 4.06189 15.4358 210.685 466.965 -13 2947 1 0 1
25.4825 -0.796088 73810 21.0386 12.3109 192.935 467.227 -13 2948 1 0 1
-2.59356 42.7882 73810 -26.1374 31.0489 205.803 466.999 -13 2949 1 0 1
-22.0008 -14.751 73810 -3.8286 -21.6824 227.802 467.036 -13 2950 1 0 1
25.3342 11.7095 73810 1.98811 10.2441 202.39 467.247 -13 2953 1 0 1
-9.93883 17.0498 73810 -32.1926 13.9259 202.672 467.093 -13 2954 1 0 1
13.8139 0.59312 73810 9.83674 39.7003 219.649 467.081 -13 2955 1 0 1
1.68563 44.8394 73810 4.22111 66.6286 230.529 467.148 -13 2956 1 0 1
12.9739 26.0401 73810 -11.9519 22.213 211.281 467.104 -13 2957 1 0 1
-2.93641 38.5245 73810 -15.0108 45.1186 213.23 467.127 -13 2958 1 0 1
-7.47651 29.241 73810 -31.7805 47.2551 247.675 467.273 -13 2959 1 0 1
-2.9547 4.62098 73810 -16.0241 21.6632 230.928 467.113 -13 2960 1 0 1
16.5079 2.81777 73810 18.7433 21.4612 217.936 467.213 -13 2961 1 0 1
-44.2068 14.0607 73810 -51.6289 4.50176 206.455 467.453 -13 2963 1 0 1
2.46713 9.45451 73810 -8.71493 5.28262 206.065 467.53 -13 2964 1 0 1
5.18514 38.9263 73810 -24.245 32.1604 202.107 467.534 -13 2965 1 0 1
-75.4255 29.6665 73810 -96.7194 -16.2063 196.914 467.566 -13 2966 1 0 1
-30.3603 26.0152 73810 -43.8225 7.94977 206.011 467.214 -13 2967 1 0 1
-14.4834 5.14966 73810 -26.0961 -6.13439 207.785 467.491 -13 2968 1 0 1
-12.0286 22.3252 73810 -35.9098 3.00098 205.951 467.365 -13 2969 1 0 1
2.29639 3.32407 73810 -25.1304 -2.33421 214.969 467.469 -13 2970 1 0 1
-10.1494 1.44954 73810 -20.5383 5.00123 202.844 467.326 -13 2971 1 0 1
15.5239 -4.50144 73810 13.2833 25.3558 208.788 467.34 -13 2972 1 0 1
-21.5477 20.0007 73810 -42.2374 25.3272 214.354 467.334 -13 2976 1 0 1
13.2219 13.1602 73810 -12.9894 34.227 210.186 467.744 -13 2980 1 0 1
-4.71998 30.6781 73810 -42.401 82.8278 225.529 467.444 -13 2983 1 0 1
-12.788 3.72826 73810 10.7549 57.4999 252.081 467.655 -13 2984 1 0 1
-5.662 -4.71526 73810 -14.7933 12.7646 247.777 467.499 -13 2985 1 0 1
1.85616 12.1198 73810 24.2346 18.7656 239.008 467.634 -13 2987 1 0 1
-29.097 32.5397 73810 -44.8919 42.5646 235.133 467.653 -13 2988 1 0 1
-26.0131 10.6542 73810 -84.0605 -9.27724 231.339 467.543 -13 2989 1 0 1
-4.66901 31.2524 73810 -7.77342 20.9976 234.112 467.836 -13 2990 1 0 1
8.80538 16.0353 73810 -8.32319 34.952 242.771 467.275 -13 2991 1 0 1
0.563636 10.4316 73810 -13.3152 11.4257 201.622 467.11 -13 2992 1 0 1
12.0361 47.0482 73810 -35.8308 37.1902 196.613 467.235 -13 2993 1 0 1
-18.0578 28.866 73810 -36.1531 1.94723 188.523 467.261 -13 2994 1 0 1
0.427239 31.4248 73810 -5.38287 35.7405 210.737 467.02 -13 2995 1 0 1
-2.0363 15.7886 73810 11.1838 -4.74894 225.087 466.993 -13 2996 1 0 1
1.02719 27.2926 73810 4.50168 36.157 233.409 467.161 -13 2997 1 0 1
-13.138 9.74534 73810 -54.7499 -19.225 238.695 467.087 -13 2998 1 0 1
-1.9517 17.1886 73810 -23.4336 29.0217 225.506 467.077 -13 2999 1 0 1
-0.657717 30.7491 73810 -20.1255 16.5111 190.818 467.291 -13 3000 1 0 1
21.2951 -4.01508 73810 17.934 -7.76862 225.762 467.117 -13 3001 1 0 1
-10.6449 7.90022 73810 -24.5574 -33.1559 211.812 467.365 -13 3004 1 0 1
25.4362 23.9247 73810 13.5082 36.8499 210.298 467.023 -13 3005 1 0 1
24.1438 39.4749 73810 3.10946 45.4208 216.198 467.233 -13 3006 1 0 1
-1.80315 -5.71663 73810 -24.146 30.0726 254.176 467.591 -13 3008 1 0 1
-15.1415 12.909 73810 -35.7499 26.2756 229.173 467.101 -13 3009 1 0 1
20.9442 2.87882 73810 1.52181 18.2212 242.787 467.114 -13 3011 1 0 1
-3.65178 6.04815 73810 -8.78448 26.5796 238.418 467.156 -13 3012 1 0 1
4.50787 -2.18987 73810 -54.2105 -4.96913 250.003 467.466 -13 3013 1 0 1
38.4346 -40.3255 73810 75.0265 1.73429 229.995 467.752 -13 3014 1 0 1
5.37623 53.2235 73810 -33.9375 40.0713 238.844 467.638 -13 3015 1 0 1
-11.5057 -14.5488 73810 -14.5258 -12.3265 237.196 467.171 -13 3016 1 0 1
21.3777 87.6211 73810 -24.3578 96.7773 228.82 467.665 -13 3018 1 0 1
13.2747 14.396 73810 24.3035 31.3066 234.745 467.562 -13 3020 1 0 1
26.2559 12.1581 73810 35.2918 44.8636 242.347 467.298 -13 3021 1 0 1
21.9594 0.947627 73810 8.50928 27.2302 199.899 467.08 -13 3023 1 0 1
-2.3008 -12.7748 73810 -9.31791 -1.76785 197.63 467.11 -13 3024 1 0 1
-0.522585 42.7031 73810 -13.6155 34.3141 224.899 467.061 -13 3025 1 0 1
-27.9065 63.1064 73810 -62.4796 42.5684 226.92 467.435 -13 3026 1 0 1
-4.24159 22.9076 73810 -29.0751 27.2231 232.819 467.131 -13 3027 1 0 1
-14.7658 10.9567 73810 -26.9545 6.98832 252.268 467.391 -13 3028 1 0 1
2.39006 22.9727 73810 -9.15173 13.7019 198.138 467.027 -13 3029 1 0 1
2.25775 10.2372 73810 8.155 16.5696 198.743 467.132 -13 3030 1 0 1
-29.3168 37.4785 73810 -42.9691 73.4859 236.586 467.53 -13 3031 1 0 1
-2.77605 36.0042 73810 -4.26704 9.22556 209.441 467.075 -13 3032 1 0 1
-9.94192 7.57759 73810 30.7219 30.0277 262.118 467.282 -13 3033 1 0 1
-2.233 35.4835 73810 -20.9078 33.07 179.638 467.253 -13 3034 1 0 1
-14.7266 4.00746 73810 21.3119 54.4323 263.259 467.412 -13 3036 1 0 1
15.9172 12.9926 73810 -0.622739 31.6767 243.754 467.513 -13 3039 1 0 1
-17.0579 -4.93456 73810 -11.82 -4.11167 249.914 467.16 -13 3040 1 0 1
13.5337 -3.48615 73810 16.3442 7.29324 253.047 467.337 -13 3041 1 0 1
-11.4603 17.7374 73810 -14.973 2.24975 227.766 467.039 -13 3042 1 0 1
6.8426 11.7051 73810 -22.9763 -7.13292 179.546 467.762 -13 3044 1 0 1
10.6422 29.5025 73810 -32.8083 28.1473 186.756 467.743 -13 3045 1 0 1
29.4785 3.11254 73810 13.2276 28.9078 225.902 467.142 -13 3046 1 0 1
-5.52418 10.6083 73810 -13.26 6.62652 238.971 467.396 -13 3049 1 0 1
-10.1488 -10.7052 73810 -6.13134 -6.56469 207.576 467.347 -13 3060 1 0 1
4.69226 48.356 73810 -9.43662 34.4244 208.991 467.16 -13 3061 1 0 1
-35.7616 19.6866 73810 -49.4419 -12.318 203.406 467.54 -13 3062 1 0 1
-24.0515 27.0166 73810 -33.1646 6.82278 206.035 467.523 -13 3063 1 0 1
-3.65151 58.718 73810 -49.4064 33.0097 198.511 467.472 -13 3064 1 0 1
-14.1739 43.2376 73810 -42.114 21.7144 189.701 467.406 -13 3065 1 0 1
2.65445 20.7358 73810 -9.94949 13.0236 199.919 467.23 -13 3066 1 0 1
1.38578 14.9517 73810 -7.37406 30.4343 209.921 467.06 -13 3067 1 0 1
-37.5439 42.7555 73810 -54.418 0.65742 187.477 467.343 -13 3068 1 0 1
-5.96925 10.2891 73810 -12.0033 18.9795 223.988 467.776 -13 3070 1 0 1
-15.0999 15.5001 73810 -34.6547 10.6195 230.875 467.028 -13 3071 1 0 1
30.9799 40.5934 73810 11.3285 73.9249 236.289 467.464 -13 3072 1 0 1
-6.09772 14.1562 73810 -37.463 3.62448 245.944 467.485 -13 3073 1 0 1
-19.8274 77.2946 73810 -60.3713 72.0358 221.999 467.262 -13 3074 1 0 1
7.1295 11.5384 73810 -8.76285 10.5746 212.907 467.005 -13 3075 1 0 1
-2.94142 4.70863 73810 -19.2036 22.8206 243.512 467.215 -13 3076 1 0 1
-27.4944 44.4463 73810 -32.2148 33.6503 211.26 467.969 -13 3077 1 0 1
-14.8738 0.923737 73810 -5.59848 15.3175 227.045 467.157 -13 3078 1 0 1
17.9972 -26.2921 73810 11.3644 -9.00394 234.933 467.642 -13 3079 1 0 1
-4.18475 15.5874 73810 -3.35844 20.7929 247.106 467.606 -13 3081 1 0 1
41.1669 55.5636 73810 28.7634 80.8536 202.647 468.269 -13 3082 1 0 1
7.35404 12.476 73810 -19.1915 15.9679 225.498 467.737 -13 3083 1 0 1
4.83144 10.0682 73810 -29.7581 -9.59233 192.886 467.731 -13 3084 1 0 1
10.8091 -130.357 73810 71.3897 -22.9531 143.175 469.614 -13 3086 1 0 1
-5.81398 41.7935 73810 -30.8741 18.8826 202.57 468.068 -13 3087 1 0 1
-2.20257 47.5028 73810 -32.8999 34.4131 211.264 466.987 -13 3089 1 0 1
-23.0399 1.72229 73810 -20.4166 9.51492 240.339 467.583 -13 3090 1 0 1
-7.42503 10.1874 73810 -22.9906 3.10388 188.096 467.173 -13 3091 1 0 1
-9.47157 18.1609 73810 -50.5463 37.9482 244.231 467.748 -13 3092 1 0 1
-1.05664 7.54857 73810 -25.7136 -2.33408 214.633 467.419 -13 3093 1 0 1
-13.3098 24.8316 73810 -32.6222 -4.18686 186.34 467.295 -13 3094 1 0 1
-11.9898 11.4436 73810 -13.004 -34.754 270.57 467.395 -13 3095 1 0 1
12.2537 26.153 73810 -3.01508 17.6755 197.01 467.471 -13 3096 1 0 1
43.3133 22.3831 73810 28.0263 21.7055 209.113 467.195 -13 3097 1 0 1
6.84945 28.9737 73810 -6.8693 37.3444 207.932 467.451 -13 3098 1 0 1
-18.0868 10.8943 73810 -30.0297 -38.4655 228.207 467.439 -13 3099 1 0 1
-0.468748 9.7961 73810 -8.78573 -0.878558 195.019 467.315 -13 3101 1 0 1
-11.6973 32.3668 73810 -19.4892 25.9285 206.316 467.1 -13 3102 1 0 1
-17.3689 -1.39342 73810 -17.8629 6.01053 250.738 467.194 -13 3103 1 0 1
-3.72732 26.3384 73810 -24.217 18.5032 200.891 467.352 -13 3104 1 0 1
-1.50593 12.3362 73810 -7.15775 20.5742 206.245 467.222 -13 3105 1 0 1
5.22795 25.1283 73810 -17.8511 5.64119 198.32 467.289 -13 3106 1 0 1
7.68687 24.3117 73810 28.9509 22.3635 242.405 464.541 -13 3107 1 0 1
42.7836 15.9852 73810 44.397 13.8911 215.665 464.882 -13 3110 1 0 1
20.8388 54.7758 73810 -37.5433 84.2808 231.617 464.879 -13 3116 1 0 1
-7.21322 74.98 73810 -60.7474 68.9231 206.249 467.938 -13 3117 1 0 1
-11.1594 3.47741 73810 -6.84548 -17.9023 204.419 467.682 -13 3118 1 0 1
6.15339 23.6229 73810 -26.2946 22.6642 236.671 467.222 -13 3119 1 0 1
-4.91069 -11.8029 73810 -56.8243 -52.2093 255.811 467.653 -13 3120 1 0 1
-4.54752 35.5875 73810 -17.9857 26.0202 194.622 467.479 -13 3121 1 0 1
0.051864 20.1782 73810 -16.5317 14.443 192.907 467.419 -13 3122 1 0 1
4.4864 44.9117 73810 -22.7616 51.3935 204.564 467.426 -13 3123 1 0 1
-38.3088 16.222 73810 -41.8362 -14.1007 190.62 467.182 -13 3124 1 0 1
18.3567 20.9837 73810 -3.07884 29.4462 194.018 467.527 -13 3126 1 0 1
9.88096 5.11651 73810 -3.32869 -10.2163 196.249 467.373 -13 3127 1 0 1
2.55433 10.5312 73810 -0.882494 7.36392 197.157 467.471 -13 3128 1 0 1
3.53559 39.3337 73810 -28.6489 49.39 206.084 467.459 -13 3129 1 0 1
23.1581 1.05069 73810 28.6166 43.1335 240.42 467.241 -13 3131 1 0 1
41.2422 -22.5875 73810 52.9612 8.28773 227.231 467.272 -13 3132 1 0 1
-1.88492 2.56397 73810 -6.38513 -0.503518 226.465 467.609 -13 3133 1 0 1
-18.3584 19.4278 73810 -36.2749 -1.43704 194.745 467.148 -13 3134 1 0 1
14.0503 -2.02452 73810 0.113451 -10.2222 229.677 466.986 -13 3135 1 0 1
5.34895 29.4015 73810 -23.1517 33.2247 203.435 467.094 -13 3136 1 0 1
26.6682 27.5091 73810 -2.95431 28.9415 229.26 467.162 -13 3137 1 0 1
5.23854 21.8305 73810 17.4096 49.3437 239.52 467.132 -13 3139 1 0 1
-19.0377 33.0801 73810 -30.6637 15.7193 199.59 467.204 -13 3140 1 0 1
-16.0494 12.8929 73810 -23.2259 15.5513 214.282 467.054 -13 3141 1 0 1
17.4156 16.0761 73810 18.8476 30.3898 217.011 467.136 -13 3142 1 0 1
-6.34269 14.9412 73810 2.71108 15.2327 246.445 467.207 -13 3143 1 0 1
2.96982 -3.68417 73810 -3.43364 9.68466 237.708 467.198 -13 3144 1 0 1
15.2733 6.88102 73810 5.7128 -0.33763 238.298 467.185 -13 3145 1 0 1
-12.9712 -0.118228 73810 -34.4372 32.6464 237.375 467.324 -13 3146 1 0 1
22.4467 17.5556 73810 24.0362 -0.739578 240.298 467.167 -13 3147 1 0 1
-6.90153 1.59211 73810 -28.4519 0.355376 249.29 467.536 -13 3149 1 0 1
-3.00335 3.83442 73810 0.704153 5.45601 248.162 467.397 -13 3151 1 0 1
-23.0387 13.5186 73810 -41.2962 10.788 206.161 467.278 -13 3152 1 0 1
-16.0144 40.2305 73810 -31.8053 25.5186 214.789 467.304 -13 3154 1 0 1
15.3641 39.9389 73810 -6.3923 46.1255 199.082 467.295 -13 3157 1 0 1
26.4277 1.8931 73810 10.8663 29.8294 213.264 467.319 -13 3158 1 0 1
14.1914 9.16461 73810 -15.4862 10.189 203.944 467.285 -13 3159 1 0 1
36.1654 36.6631 73810 -4.83072 55.1517 200.18 467.432 -13 3160 1 0 1
9.95925 8.9193 73810 9.27087 16.0412 215.242 467.017 -13 3161 1 0 1
23.2909 5.97993 73810 2.02048 -1.289 192.593 467.36 -13 3162 1 0 1
-55.266 -7.81136 73810 -36.9351 -1.38436 230.908 467.426 -13 3163 1 0 1
29.3211 13.4771 73810 -7.56431 17.2365 215.333 467.052 -13 3164 1 0 1
24.2616 15.6116 73810 -23.3494 -11.7381 212.115 467.255 -13 3165 1 0 1
-3.36792 -25.6079 73810 6.19505 -28.2205 255.458 467.408 -13 3167 1 0 1
5.45993 1.57637 73810 10.3475 1.07346 209.28 467.071 -13 3168 1 0 1
48.9155 -11.2047 73810 72.8652 17.8241 240.989 467.525 -13 3169 1 0 1
17.7615 8.49508 73810 17.446 45.4042 235.708 467.289 -13 3170 1 0 1
7.36391 11.0568 73810 3.14396 15.0481 248.926 467.32 -13 3171 1 0 1
68.9206 -0.639859 73810 19.7615 39.2064 247.726 467.608 -13 3172 1 0 1
33.7702 9.00892 73810 36.1317 30.7742 245.945 467.228 -13 3174 1 0 1
36.2305 21.9757 73810 33.2379 24.0924 238.579 467.251 -13 3177 1 0 1
16.9461 39.3128 73810 -6.78866 47.698 200.671 467.037 -13 3178 1 0 1
25.7637 33.2418 73810 0.233307 44.6403 210.8 467.089 -13 3180 1 0 1
-1.19021 52.3567 73810 -16.6322 83.4678 233.901 467.481 -13 3182 1 0 1
17.6919 7.45984 73810 15.7655 34.7599 209.588 467.031 -13 3183 1 0 1
26.227 -18.8317 73810 26.7043 4.78783 232.625 467.359 -13 3184 1 0 1
12.7179 -15.5448 73810 -6.37118 -4.31457 208.678 467.242 -13 3185 1 0 1
4.32139 26.4048 73810 -10.2617 3.61065 200.733 467.301 -13 3186 1 0 1
10.1191 -22.6459 73810 18.4045 -15.1539 228.361 467.018 -13 3187 1 0 1
-16.7407 10.8348 73810 -13.0333 18.5038 200.554 467.156 -13 3188 1 0 1
-12.4952 33.8271 73810 -44.1278 18.0885 193.542 467.267 -13 3189 1 0 1
34.1421 -23.0719 73810 22.0419 21.0682 203.188 467.142 -13 3190 1 0 1
15.9003 -7.75347 73810 10.0145 -21.666 231.661 466.968 -13 3191 1 0 1
-37.7325 30.7075 73810 -57.344 -2.76354 200.969 467.217 -13 3192 1 0 1
13.9319 48.041 73810 -18.8716 33.7028 200.506 467.449 -13 3193 1 0 1
-29.044 -24.6306 73810 -15.903 -20.7121 223.78 467.009 -13 3194 1 0 1
2.45322 19.3013 73810 -33.8242 17.3637 225.13 467.55 -13 3195 1 0 1
6.05649 -6.75387 73810 14.8276 -0.474647 224.008 467.027 -13 3197 1 0 1
-0.961696 27.3319 73810 -21.8921 14.3409 200.051 467.178 -13 3199 1 0 1
-27.2306 25.8518 73810 -41.5673 18.1563 229.099 467.677 -13 3200 1 0 1
-2.91732 4.27249 73810 4.40747 30.1427 242.904 467.155 -13 3202 1 0 1
2.81519 9.08551 73810 2.95579 55.3933 240.067 467.463 -13 3203 1 0 1
-7.33428 18.9865 73810 -19.4306 37.5383 229.07 467.164 -13 3204 1 0 1
5.87524 16.1904 73810 3.42802 26.3352 208.131 467.312 -13 3205 1 0 1
6.27959 1.80039 73810 -3.66721 -4.17136 247.245 467.419 -13 3206 1 0 1
0.917033 7.63421 73810 -7.58599 22.9251 228.947 467.158 -13 3207 1 0 1
-11.3597 0.794521 73810 14.8152 -1.12748 258.824 467.231 -13 3208 1 0 1
10.2545 4.39119 73810 1.60509 9.97763 224.246 467.078 -13 3209 1 0 1
-10.8677 20.6758 73810 -25.1408 12.6188 230.319 467.131 -13 3210 1 0 1
-10.3024 23.0386 73810 -9.00853 28.1517 225 467.136 -13 3211 1 0 1
-2.0111 11.0994 73810 -30.7692 24.6379 211.438 467.119 -13 3212 1 0 1
-0.616033 23.3227 73810 -11.5233 29.1304 232.956 467.147 -13 3213 1 0 1
0.394389 1.08976 73810 -11.1152 12.3089 211.485 467.484 -13 3214 1 0 1
33.3999 17.1537 73810 -1.90187 30.812 196.229 467.367 -13 3216 1 0 1
17.9434 4.82199 73810 4.06575 17.1517 209.602 467.373 -13 3217 1 0 1
11.9968 6.61077 73810 5.28964 52.889 234.496 467.972 -13 3218 1 0 1
19.0257 24.0633 73810 0.0366761 14.0897 209.115 467.269 -13 3219 1 0 1
3.47532 9.83792 73810 -8.69259 13.9778 211.676 467.338 -13 3220 1 0 1
-0.75951 2.83635 73810 -11.1815 16.4444 204.433 467.264 -13 3221 1 0 1
-7.61803 6.36839 73810 -27.5039 9.89249 200.518 467.1 -13 3222 1 0 1
19.4726 -6.31628 73810 16.5811 23.2516 244.541 467.724 -13 3225 1 0 1
-1.67662 26.2007 73810 -12.4386 31.1059 235.701 467.904 -13 3226 1 0 1
0.736988 9.76201 73810 -12.4901 11.2093 204.553 467.774 -13 3227 1 0 1
-30.0553 26.4429 73810 -30.8247 14.1432 192.993 467.681 -13 3228 1 0 1
-22.8736 0.728915 73810 -29.4564 9.45524 235.686 467.591 -13 3230 1 0 1
-7.54317 -4.91048 73810 -8.59322 -6.86813 245.063 467.507 -13 3232 1 0 1
21.8527 12.8456 73810 31.8079 41.639 232.649 467.614 -13 3236 1 0 1
13.1802 9.2139 73810 11.4645 17.7172 252.163 467.521 -13 3237 1 0 1
5.10253 25.9306 73810 -13.7605 14.4504 207.394 467.089 -13 3239 1 0 1
25.4617 -5.39758 73810 15.1779 -1.04425 252.329 467.768 -13 3240 1 0 1
7.24037 28.0073 73810 -19.8947 15.5991 224.709 467.16 -13 3241 1 0 1
11.8396 4.91312 73810 25.4575 11.756 217.993 467.256 -13 3242 1 0 1
10.5898 1.28597 73810 6.00037 15.6451 247.002 467.178 -13 3243 1 0 1
15.349 11.9391 73810 3.53849 25.2316 218.376 467.139 -13 3244 1 0 1
3.98872 53.0998 73810 -29.6583 42.0187 213.37 467.091 -13 3246 1 0 1
7.9269 -9.50823 73810 -7.54873 -22.6421 195.52 467.209 -13 3248 1 0 1
26.228 30.4796 73810 -22.9557 31.9327 198.357 467.201 -13 3249 1 0 1
-23.4369 27.5562 73810 -39.9241 75.0032 254.469 467.332 -13 3250 1 0 1
-6.6027 6.30742 73810 -26.8671 -0.559394 198.252 467.128 -13 3251 1 0 1
-3.62664 4.07848 73810 -9.61585 5.12657 203.491 467.167 -13 3252 1 0 1
-20.7571 10.8768 73810 -14.9676 3.61301 205.941 467.179 -13 3253 1 0 1
-1.45409 25.6527 73810 -39.8905 20.0468 195.66 467.219 -13 3254 1 0 1
21.8801 36.4416 73810 -11.1605 53.5699 204.066 467.204 -13 3255 1 0 1
6.49376 18.6698 73810 -23.6062 16.415 195.597 467.155 -13 3256 1 0 1
17.0188 26.624 73810 -1.43777 23.5952 211.543 467.274 -13 3257 1 0 1
-9.8219 -9.6052 73810 -38.0961 -6.37786 226.939 467.71 -13 3258 1 0 1
17.2198 -1.97746 73810 8.18518 0.669052 234.551 467.729 -13 3259 1 0 1
19.2254 22.311 73810 -16.6956 35.8311 193.322 467.779 -13 3261 1 0 1
-41.308 37.599 73810 -36.1212 54.2158 244.396 467.302 -13 3262 1 0 1
77.6155 -6.6283 73810 41.5021 41.4483 209.202 467.098 -13 3263 1 0 1
25.856 1.88277 73810 19.3021 10.4391 223.015 467.966 -13 3266 1 0 1
-2.67847 19.0243 73810 -21.8685 13.0941 193.858 467.111 -13 3267 1 0 1
25.1412 18.8707 73810 2.46272 48.3551 219.096 467.163 -13 3268 1 0 1
-3.06968 13.9827 73810 -20.4586 5.36136 194.252 467.215 -13 3269 1 0 1
20.587 -5.9601 73810 17.3839 -1.12674 194.94 467.239 -13 3270 1 0 1
7.16033 -4.04448 73810 5.14303 3.85586 199.683 467.144 -13 3271 1 0 1
-29.4431 24.423 73810 -38.5553 10.2522 195.366 467.194 -13 3272 1 0 1
17.5696 3.81577 73810 18.5795 12.5633 209.999 467.318 -13 3273 1 0 1
5.67051 -4.10735 73810 9.47648 2.7134 209.67 467.201 -13 3274 1 0 1
-2.17949 4.24498 73810 -32.8956 -3.28608 206.801 467.201 -13 3275 1 0 1
12.762 11.2863 73810 18.0252 20.3677 202.753 467.298 -13 3276 1 0 1
0.772572 20.6888 73810 -26.0089 35.7116 242.441 467.459 -13 3277 1 0 1
28.8709 38.302 73810 -12.3131 52.0917 218.022 467.9 -13 3278 1 0 1
11.9916 24.2705 73810 -22.2311 35.0116 214.578 467.178 -13 3279 1 0 1
10.9092 21.5637 73810 -4.75741 15.7558 202.208 467.998 -13 3280 1 0 1
27.384 -24.8279 73810 39.5706 26.0556 236.219 467.125 -13 3281 1 0 1
8.3603 29.4887 73810 -9.23021 8.09489 211.201 467.319 -13 3282 1 0 1
6.41677 29.2688 73810 -28.0096 25.0206 208.298 467.328 -13 3284 1 0 1
42.2744 30.7089 73810 16.9867 83.3061 229.844 468.001 -13 3286 1 0 1
14.1781 16.9135 73810 1.16421 25.9922 232.692 467.774 -13 3287 1 0 1
14.4557 23.7753 73810 -6.62339 58.107 241.644 467.563 -13 3290 1 0 1
16.4573 16.599 73810 14.4473 12.058 244.678 467.613 -13 3291 1 0 1
-41.0468 16.6472 73810 -10.9284 -68.9074 92.1416 474.477 -13 3294 1 0 1
25.0256 17.7168 73810 3.11062 61.6033 243.722 467.353 -13 3295 1 0 1
-7.08946 33.074 73810 -31.6865 28.2752 196.918 467.388 -13 3296 1 0 1
-47.1473 38.1951 73810 -54.8938 9.41654 201.804 467.25 -13 3297 1 0 1
13.4404 2.00048 73810 -4.75591 8.10647 201.227 467.216 -13 3299 1 0 1
1.82148 21.0734 73810 -29.7385 16.3261 193.854 467.309 -13 3300 1 0 1
4.72616 15.3152 73810 -18.5461 7.40714 197.791 467.226 -13 3301 1 0 1
-52.2111 27.5949 73810 -53.0813 -1.6553 212.558 467.185 -13 3302 1 0 1
-22.094 7.85735 73810 -29.7037 -13.2621 191.853 467.308 -13 3303 1 0 1
-29.674 25.029 73810 -42.0336 2.02595 199.871 467.223 -13 3304 1 0 1
-0.281708 30.5239 73810 -28.5291 30.6225 193.792 467.374 -13 3305 1 0 1
19.2971 29.3735 73810 -9.90005 28.017 197.081 467.048 -13 3306 1 0 1
-20.5535 58.4212 73810 -51.9955 29.0913 209.224 467.248 -13 3307 1 0 1
-8.11734 3.6325 73810 0.857746 39.3086 232.193 467.03 -13 3308 1 0 1
-8.33762 17.0591 73810 -35.8722 1.094 200.966 467.207 -13 3309 1 0 1
-15.1431 -14.722 73810 -9.36591 -6.96108 221.166 467.059 -13 3310 1 0 1
-2.08345 27.1568 73810 -20.3578 14.4699 218.017 467.056 -13 3311 1 0 1
-12.3164 24.518 73810 -23.2576 -9.15029 202.371 467.206 -13 3312 1 0 1
-0.364508 17.0053 73810 -7.25528 20.0133 199.824 467.12 -13 3313 1 0 1
-5.17024 56.956 73810 -39.9595 34.4939 195.507 467.187 -13 3314 1 0 1
-12.1406 14.1973 73810 -19.6608 -6.25887 219.673 467.07 -13 3316 1 0 1
-1.79135 24.3102 73810 -26.4024 14.7742 197.074 467.324 -13 3317 1 0 1
15.1065 11.5078 73810 -17.2029 11.3443 202.641 467.062 -13 3318 1 0 1
1.40686 16.9261 73810 -22.2779 36.0415 207.224 467.072 -13 3319 1 0 1
-24.0813 39.1189 73810 -43.1575 22.9353 202.944 467.096 -13 3320 1 0 1
10.1756 -24.1517 73810 -0.195352 -11.6272 210.523 467.172 -13 3321 1 0 1
14.0138 -5.04414 73810 -16.3167 12.8052 254.998 467.4 -13 3322 1 0 1
4.18636 12.8843 73810 -3.98048 25.0897 221.765 467.041 -13 3323 1 0 1
-28.1488 10.7726 73810 -13.5841 -18.9917 205.87 467.15 -13 3324 1 0 1
5.54511 28.2752 73810 -28.7352 11.0666 212.254 467.086 -13 3325 1 0 1
2.91655 18.653 73810 -13.026 22.6141 208.185 467.246 -13 3326 1 0 1
-16.6446 -6.49896 73810 -15.6209 -20.8358 193.822 467.056 -13 3327 1 0 1
1.91127 5.18062 73810 -8.04286 5.54618 202.556 467.52 -13 3328 1 0 1
-13.1612 40.6713 73810 -55.6616 20.3243 206.192 467.29 -13 3329 1 0 1
-6.37857 5.95688 73810 -19.9713 -5.91574 184.368 467.405 -13 3331 1 0 1
-21.5441 10.5449 73810 -29.0186 16.3203 212.27 467.236 -13 3334 1 0 1
-6.33336 28.8428 73810 -36.2007 -0.934476 189.87 467.451 -13 3335 1 0 1
-7.23687 10.0802 73810 -24.4436 16.8259 216.127 467.489 -13 3336 1 0 1
-5.90915 27.1237 73810 -32.665 24.4232 235.368 466.926 -13 3337 1 0 1
-23.3386 24.6815 73810 -14.893 15.7192 203.882 467.374 -13 3338 1 0 1
7.49269 11.2837 73810 5.14353 29.2604 236.356 467.205 -13 3339 1 0 1
-20.288 -9.24026 73810 -5.56646 5.47951 262.204 467.342 -13 3340 1 0 1
29.1845 -0.144671 73810 28.4542 16.7308 215.634 467.025 -13 3341 1 0 1
-0.517071 6.28968 73810 4.37284 32.6068 243.318 467.614 -13 3342 1 0 1
-10.7951 6.5052 73810 -22.0425 5.15631 195.969 467.298 -13 3343 1 0 1
8.60457 -12.8042 73810 -1.12818 -0.806063 197.912 467.085 -13 3344 1 0 1
17.1882 37.1995 73810 -14.3825 18.5804 199.298 467.196 -13 3346 1 0 1
-10.6931 46.4157 73810 -39.3438 22.1329 202.619 467.138 -13 3347 1 0 1
11.3584 9.76822 73810 -1.5566 14.3388 210.447 467.033 -13 3348 1 0 1
35.6279 -4.14663 73810 24.5868 25.5446 215.241 467.119 -13 3349 1 0 1
13.1247 15.9118 73810 -18.3169 31.6256 220.567 467.273 -13 3350 1 0 1
31.3006 3.12005 73810 -12.1275 29.4316 213.942 466.984 -13 3352 1 0 1
28.0896 9.66166 73810 -11.8782 22.858 187.788 467.034 -13 3354 1 0 1
-36.5936 -39.0968 73810 -13 -47.1826 176.386 467.464 -13 3356 1 0 1
30.4291 30.5128 73810 -16.2618 25.3673 191.398 467.842 -13 3357 1 0 1
11.797 9.74213 73810 -1.50557 25.1098 246.914 467.369 -13 3360 1 0 1
-0.17219 9.0841 73810 4.34408 38.6997 244.332 467.472 -13 3362 1 0 1
-33.5476 73.8485 73810 -52.427 39.8898 197.291 468.178 -13 3363 1 0 1
-8.22963 -4.30799 73810 -8.27439 -48.5445 212.952 467.829 -13 3364 1 0 1
-8.34552 22.7331 73810 -33.6301 46.6165 234.442 467.579 -13 3365 1 0 1
12.8468 9.11573 73810 -4.23804 23.528 220.687 467.066 -13 3366 1 0 1
10.1242 10.3557 73810 -34.046 20.7953 227.848 467.235 -13 3368 1 0 1
33.2922 28.7269 73810 -7.05196 50.1908 223.055 467.219 -13 3369 1 0 1
-7.48362 15.7304 73810 -30.1886 22.5397 233.428 467.533 -13 3370 1 0 1
-1.0469 -0.696417 73810 7.93345 4.08075 244.034 467.433 -13 3371 1 0 1
22.5468 -61.8376 73810 35.9462 -11.3049 133.63 469.794 -13 3372 1 0 1
2.69809 -3.62951 73810 -17.8168 -1.67128 232.017 467.678 -13 3376 1 0 1
3.99839 18.8644 73810 -31.4435 21.719 233.756 467.022 -13 3377 1 0 1
0.771659 -0.718023 73810 -2.43032 6.82227 202.353 467.855 -13 3378 1 0 1
-1.08972 10.0139 73810 9.20207 24.6617 238.047 467.107 -13 3379 1 0 1
-19.9333 -1.06455 73810 -25.3432 24.9047 239.635 467.295 -13 3380 1 0 1
18.1683 -11.617 73810 30.2226 -7.38714 238.643 467.761 -13 3382 1 0 1
-16.7614 -3.33553 73810 9.77613 -11.9826 213.185 467.784 -13 3383 1 0 1
-66.4456 146.095 73810 -94.6949 7.29549 169.89 469.053 -13 3386 1 0 1
-7.06297 18.9106 73810 -16.9272 7.15864 234.275 467.682 -13 3388 1 0 1
3.81734 -8.33472 73810 0.658438 -11.0536 223.748 467.734 -13 3390 1 0 1
31.8507 10.8418 73810 16.9523 44.6134 238.25 467.685 -13 3391 1 0 1
-16.8795 7.07444 73810 -24.4617 0.734415 238.884 467.129 -13 3392 1 0 1
26.5165 12.479 73810 -0.883368 20.2916 194.015 467.342 -13 3393 1 0 1
-37.2363 40.9977 73810 -52.6792 4.73234 203.015 467.177 -13 3394 1 0 1
-3.3091 4.33665 73810 -10.3894 1.27621 200.727 467.273 -13 3395 1 0 1
10.9219 45.0495 73810 -6.63011 32.1761 219.304 467.104 -13 3396 1 0 1
-6.88553 10.7447 73810 -17.0806 9.99847 191.446 467.279 -13 3397 1 0 1
-15.1884 28.1291 73810 -53.7124 26.9651 235.477 467.114 -13 3398 1 0 1
-22.2648 18.8347 73810 -28.9246 4.05719 202.379 467.156 -13 3399 1 0 1
-13.3197 7.60825 73810 -10.1762 -6.40912 192.36 467.233 -13 3400 1 0 1
-22.8233 43.0989 73810 -53.2631 52.6689 209.709 467.296 -13 3401 1 0 1
2.87456 3.64531 73810 -18.7882 15.986 239.706 466.998 -13 3402 1 0 1
-15.4015 33.4952 73810 -26.7204 44.0737 231.931 467.133 -13 3403 1 0 1
-1.6674 26.8581 73810 -12.7873 22.5828 209.565 467.131 -13 3404 1 0 1
25.7144 13.3896 73810 1.17001 42.6223 207.923 467.215 -13 3405 1 0 1
11.7019 24.1334 73810 -7.55379 42.7546 213.945 467.168 -13 3406 1 0 1
-19.1187 7.12308 73810 -17.0123 2.9097 210.082 467.105 -13 3407 1 0 1
-7.13696 16.9649 73810 -31.6815 4.65591 204.491 467.103 -13 3408 1 0 1
-12.1485 -7.195 73810 -11.8903 -18.8783 217.588 467.032 -13 3409 1 0 1
-7.82841 -10.281 73810 7.82805 6.21128 223.878 467.031 -13 3410 1 0 1
0.513626 27.7371 73810 -20.2156 24.3619 200.579 467.157 -13 3411 1 0 1
-19.4026 5.33293 73810 -11.8605 8.07771 224.596 467.065 -13 3412 1 0 1
-13.5235 19.1062 73810 -8.62762 15.2427 245.63 467.25 -13 3416 1 0 1
-30.2196 28.1317 73810 -34.7763 35.4743 248.484 467.333 -13 3419 1 0 1
-6.16925 6.26761 73810 -0.54988 25.1272 240.032 467.528 -13 3421 1 0 1
-9.467 -15.3759 73810 -27.9676 -38.8288 247.501 467.742 -13 3422 1 0 1
16.4308 20.6123 73810 -12.7765 24.0491 191.244 467.352 -13 3423 1 0 1
-14.7092 19.324 73810 -20.079 11.9342 196.528 467.389 -13 3424 1 0 1
-28.5803 21.0809 73810 -22.6073 0.920529 196.704 467.256 -13 3425 1 0 1
-3.48807 23.8999 73810 -11.9043 26.6795 200.245 467.097 -13 3426 1 0 1
17.1512 13.6822 73810 -3.31236 17.06 193.248 467.352 -13 3427 1 0 1
-0.42424 39.5464 73810 -23.9153 22.1367 202.659 467.121 -13 3429 1 0 1
-4.61031 21.5604 73810 -33.1749 3.62185 192.778 467.286 -13 3430 1 0 1
29.6726 -8.64096 73810 32.1345 8.93955 205.233 467.32 -13 3431 1 0 1
-0.12611 18.9419 73810 -16.7484 8.95983 193.842 467.237 -13 3432 1 0 1
28.3524 46.1495 73810 -8.19617 30.5816 191.884 468.12 -13 3433 1 0 1
-12.9948 30.7579 73810 5.50945 10.2001 222.925 467.351 -13 3437 1 0 1
-1.5274 -18.3258 73810 -24.8592 -5.04983 235.13 467.068 -13 3438 1 0 1
18.7847 -9.84047 73810 22.3614 10.6688 242.288 467.289 -13 3440 1 0 1
19.4589 97.2343 73810 -49.787 28.0686 175.923 468.759 -13 3441 1 0 1
16.8001 -3.43058 73810 8.30728 20.9289 249.705 467.546 -13 3442 1 0 1
-2.37765 14.8253 73810 -19.922 13.6039 209.319 467.075 -13 3443 1 0 1
25.5872 1.7086 73810 -27.9709 35.9075 205.771 467.319 -13 3444 1 0 1
11.9268 23.3481 73810 10.191 36.9519 222.976 467.053 -13 3445 1 0 1
20.3793 -5.11416 73810 23.7858 20.322 254.8 467.392 -13 3446 1 0 1
40.38 35.837 73810 16.8814 82.8244 240.451 467.547 -13 3447 1 0 1
3.30883 15.4387 73810 -17.1095 28.8961 216.514 467.066 -13 3448 1 0 1
16.6457 8.84258 73810 46.6706 37.6733 249.293 467.383 -13 3449 1 0 1
30.1854 9.711 73810 -9.68427 1.81466 211.595 468.325 -13 3450 1 0 1
-1.74441 -12.6106 73810 23.8014 4.25807 252.929 467.329 -13 3454 1 0 1
-5.62283 30.6328 73810 -7.0585 29.1893 244.668 467.551 -13 3456 1 0 1
38.3635 -2.8406 73810 54.9768 27.1437 226.538 467.775 -13 3457 1 0 1
13.573 35.2553 73810 12.3686 71.5445 232.554 467.721 -13 3458 1 0 1
-19.1787 10.3206 73810 -19.533 -9.14698 202.863 467.059 -13 3462 1 0 1
-18.117 19.1356 73810 -22.5847 20.4975 256.733 467.21 -13 3463 1 0 1
-18.5533 10.0883 73810 -54.5053 7.60572 245.558 467.277 -13 3464 1 0 1
9.13342 6.03972 73810 -22.8721 48.0201 239.944 467.225 -13 3465 1 0 1
-2.1832 4.85758 73810 15.3654 47.1329 228.841 467.438 -13 3466 1 0 1
-74.5896 27.5691 73810 -118.324 -11.0164 209.582 467.304 -13 3468 1 0 1
37.01 18.5689 73810 40.0387 66.8667 235.575 467.393 -13 3470 1 0 1
7.46685 60.9696 73810 -39.6369 37.0478 187.013 467.695 -13 3473 1 0 1
0.173476 26.4265 73810 6.46348 19.6974 240.167 467.131 -13 3479 1 0 1
13.2371 69.1243 73810 -38.5948 44.5668 194.902 467.781 -13 3480 1 0 1
-11.1206 -6.03251 73810 -12.0981 28.2345 247.786 467.09 -13 3481 1 0 1
-25.3259 19.7275 73810 -34.0732 18.1379 236.039 467.679 -13 3482 1 0 1
30.9433 -7.31253 73810 28.6679 26.9107 245.444 467.297 -13 3483 1 0 1
17.6237 17.3583 73810 1.01023 9.19337 219.478 467.097 -13 3484 1 0 1
-26.8821 30.8874 73810 -38.0765 17.5955 212.642 467.98 -13 3485 1 0 1
12.2402 1.11116 73810 12.7217 6.1037 243.432 467.191 -13 3486 1 0 1
18.3031 5.1014 73810 -6.14052 4.08343 210.508 468.226 -13 3487 1 0 1
-12.4371 48.6522 73810 -28.8854 31.8217 242.051 467.798 -13 3488 1 0 1
-6.08335 5.94432 73810 -1.96662 14.9904 242.343 467.15 -13 3489 1 0 1
3.60985 -1.26929 73810 19.0368 3.02059 245.679 467.254 -13 3490 1 0 1
-18.317 53.3436 73810 -48.4686 33.1932 197.084 467.55 -13 3491 1 0 1
22.1027 37.1464 73810 -6.8699 43.0313 196.671 467.472 -13 3492 1 0 1
0.0787357 9.49017 73810 -2.35291 10.5765 208.532 466.892 -13 3493 1 0 1
8.29952 38.8069 73810 -6.26261 40.4816 203.931 467.581 -13 3494 1 0 1
29.23 26.2301 73810 43.08 79.6549 106.644 471.468 -13 3495 1 0 1
5.66682 30.0179 73810 -23.9325 41.1324 202.695 467.479 -13 3496 1 0 1
-1.10937 -28.2106 73810 -10.6867 -1.65245 214.382 467.509 -13 3497 1 0 1
13.6497 0.698632 73810 -12.6766 16.7148 199.928 467.496 -13 3498 1 0 1
3.44304 19.0218 73810 -23.527 21.3277 200.091 467.428 -13 3500 1 0 1
0.189664 13.7704 73810 -1.24546 42.407 218.88 467.305 -13 3501 1 0 1
18.8379 29.7011 73810 -10.9544 18.0804 214.186 467.545 -13 3502 1 0 1
-34.1604 27.7511 73810 -32.5967 4.6415 193.376 467.146 -13 3503 1 0 1
-2.11537 21.3755 73810 -14.2673 29.93 209.286 467.19 -13 3504 1 0 1
13.4641 42.5713 73810 -8.32537 46.647 210.845 467.459 -13 3506 1 0 1
-16.1238 11.7148 73810 -25.7068 31.4082 239.877 467.4 -13 3507 1 0 1
-7.9562 9.23802 73810 -18.7439 23.9709 233.736 467.165 -13 3508 1 0 1
20.4826 54.5511 73810 -14.3662 50.9025 210.46 467.326 -13 3509 1 0 1
-16.3189 22.6814 73810 -24.1724 26.3152 218.603 467.416 -13 3510 1 0 1
13.1404 47.7597 73810 -25.9791 28.9693 193.745 467.372 -13 3511 1 0 1
11.3191 14.535 73810 -3.18955 18.4794 194.7 467.232 -13 3513 1 0 1
3.74866 29.8896 73810 -16.0469 22.9198 187.192 467.355 -13 3514 1 0 1
-8.30511 -10.831 73810 -26.7241 -0.389704 201.335 467.233 -13 3515 1 0 1
22.3289 50.2573 73810 -19.1397 45.6072 197.329 467.087 -13 3517 1 0 1
20.5785 -31.9991 73810 47.3829 -15.9219 244.808 467.054 -13 3518 1 0 1
10.5783 34.3725 73810 -24.2391 10.3068 187.108 467.367 -13 3519 1 0 1
9.92099 3.67209 73810 -11.1099 18.5237 197.467 467.012 -13 3520 1 0 1
2.55793 42.5612 73810 9.06607 91.3207 231.421 467.823 -13 3523 1 0 1
23.9885 13.4448 73810 24.7331 43.9645 213.073 467.123 -13 3528 1 0 1
0.368656 33.9225 73810 -17.3104 31.1448 208.549 467.174 -13 3529 1 0 1
3.3906 -0.0132333 73810 14.4895 23.1844 215.17 466.99 -13 3530 1 0 1
-11.3591 19.0941 73810 -16.253 22.0342 229.358 467.197 -13 3531 1 0 1
1.8889 -13.1536 73810 10.7688 -5.31177 225.832 467.01 -13 3532 1 0 1
5.06828 -9.19415 73810 6.99603 28.9574 245.239 467.088 -13 3533 1 0 1
-20.3977 30.2332 73810 -19.9033 47.583 235.508 467.17 -13 3534 1 0 1
0.187661 -16.0995 73810 8.44028 5.94568 222.538 467.086 -13 3535 1 0 1
-22.3528 -17.7284 73810 -23.1452 -18.9846 230.758 467.188 -13 3536 1 0 1
4.55869 10.7446 73810 10.8231 34.6246 231.973 467.752 -13 3538 1 0 1
-5.83969 -32.1595 73810 9.04281 -7.50773 217.915 467.046 -13 3539 1 0 1
23.7472 -5.128 73810 53.924 4.68694 245.661 467.438 -13 3540 1 0 1
-21.652 22.7761 73810 -16.9834 50.3238 241.05 467.122 -13 3541 1 0 1
27.3158 6.75948 73810 84.0758 24.8601 252.67 467.58 -13 3542 1 0 1
-0.0357784 5.41819 73810 6.1269 31.7656 234.87 467.103 -13 3543 1 0 1
1.54954 9.69669 73810 34.5864 29.3262 248.185 467.283 -13 3544 1 0 1
9.62072 15.4685 73810 -4.44285 19.7878 201.483 467.124 -13 3545 1 0 1
-0.842453 -9.37248 73810 -11.5301 -4.35579 191.499 467.142 -13 3546 1 0 1
16.8523 -2.84296 73810 11.2797 -7.82298 206.279 467.046 -13 3547 1 0 1
20.2967 -9.93577 73810 19.3149 9.66366 222.587 467.035 -13 3548 1 0 1
-19.5609 42.468 73810 -29.7573 20.3115 200.985 467.322 -13 3549 1 0 1
22.9506 11.1683 73810 -2.98603 8.69293 203.595 467.17 -13 3550 1 0 1
9.31505 59.4655 73810 -21.2001 65.7342 232.551 467.529 -13 3551 1 0 1
-2.84962 -9.51037 73810 3.33429 -6.29065 209.43 467.021 -13 3552 1 0 1
-7.75693 23.153 73810 -12.4122 31.0159 214.202 466.981 -13 3553 1 0 1
49.7576 16.0902 73810 60.598 47.7349 229.21 467.128 -13 3554 1 0 1
-21.9815 27.7593 73810 -37.7731 11.4006 191.198 467.142 -13 3555 1 0 1
-31.676 19.9225 73810 -23.5473 14.3449 215.117 467.194 -13 3556 1 0 1
-15.5029 5.79987 73810 -12.2586 19.9453 239.897 467.032 -13 3558 1 0 1
-13.4012 23.8254 73810 -23.2217 15.3371 224.126 467.007 -13 3560 1 0 1
-0.263688 2.40473 73810 0.0467925 2.1642 228.954 466.951 -13 3561 1 0 1
20.6159 -0.0329359 73810 23.1142 0.882565 241.393 467.048 -13 3562 1 0 1
-14.2192 -0.168272 73810 -23.5811 14.4471 248.646 467.082 -13 3563 1 0 1
-4.97594 -0.417542 73810 -8.36988 -7.90729 216.935 467.271 -13 3564 1 0 1
1.15399 28.2903 73810 -14.7724 28.2146 202.283 467.261 -13 3565 1 0 1
-0.272942 -1.17415 73810 -3.70035 0.726067 208.113 467.398 -13 3566 1 0 1
24.3528 75.8409 73810 -23.3664 73.1982 217.527 467.294 -13 3567 1 0 1
23.5793 24.8393 73810 -21.0301 32.0885 240.55 467.525 -13 3568 1 0 1
-10.0901 7.94237 73810 -12.3213 3.51074 199.468 467.223 -13 3570 1 0 1
0.483082 -2.22261 73810 -13.4843 -0.117488 213.953 467.137 -13 3571 1 0 1
-5.78002 8.31072 73810 -26.0743 -2.76869 214.972 467.093 -13 3572 1 0 1
17.3127 26.0378 73810 -8.67336 33.6853 197.675 467.332 -13 3573 1 0 1
31.6848 11.7764 73810 20.1433 33.2412 225.773 467.798 -13 3577 1 0 1
-6.18032 15.894 73810 -14.5683 31.554 226.598 467.738 -13 3579 1 0 1
-30.1404 -3.39218 73810 -14.6939 -12.2394 225.527 467.377 -13 3581 1 0 1
-4.047 26.6021 73810 -39.8975 -6.40138 194.109 467.134 -13 3582 1 0 1
12.0046 8.06316 73810 -4.49799 15.5981 210.367 467.774 -13 3583 1 0 1
4.12482 12.4279 73810 -23.227 23.279 216.063 467.181 -13 3584 1 0 1
-18.3234 8.25195 73810 -18.3872 22.6377 238.519 467.213 -13 3585 1 0 1
4.41817 -24.3682 73810 1.70425 -40.2121 229.981 467.797 -13 3586 1 0 1
10.4124 -1.70552 73810 7.47068 19.155 246.97 467.544 -13 3587 1 0 1
-3.49491 20.8824 73810 -20.3334 25.7642 244.768 467.519 -13 3588 1 0 1
23.2461 36.9113 73810 -25.5242 36.5865 185.679 466.836 -13 3589 1 0 1
-1.52509 14.2992 73810 -21.0155 12.6192 236.165 467.581 -13 3590 1 0 1
1.53916 46.3495 73810 -36.225 17.4876 188.248 467.115 -13 3591 1 0 1
7.43893 16.6838 73810 4.43832 20.477 242.023 467.714 -13 3592 1 0 1
-4.7933 2.49099 73810 -15.6945 5.65217 219.498 467.127 -13 3593 1 0 1
-18.7143 26.2107 73810 -33.3991 18.7952 206.696 467.303 -13 3594 1 0 1
51.7168 27.8495 73810 42.1594 50.7995 221.565 467.271 -13 3595 1 0 1
-12.8067 10.0419 73810 -29.1173 -9.92199 209.167 467.44 -13 3596 1 0 1
15.8921 41.2933 73810 -31.4786 65.867 240.76 467.681 -13 3597 1 0 1
0.0632263 10.3523 73810 -21.6061 11.4336 240.883 467.164 -13 3598 1 0 1
14.903 35.0862 73810 -11.2373 27.8042 235.179 467.749 -13 3599 1 0 1
-6.24357 -3.64818 73810 -11.0881 -0.238074 215.856 467.049 -13 3600 1 0 1
-0.161415 2.12107 73810 -12.2443 -1.12328 225.289 467.011 -13 3601 1 0 1
2.82374 6.6181 73810 -2.81285 -0.472628 227.686 467.065 -13 3604 1 0 1
16.5429 -2.01615 73810 46.9995 43.8674 241.641 467.31 -13 3605 1 0 1
5.70089 27.5851 73810 -16.2425 20.5291 213.949 467.798 -13 3607 1 0 1
-6.25972 15.2708 73810 3.17459 17.6727 248.976 467.338 -13 3608 1 0 1
-0.556066 34.2969 73810 -16.7102 31.5954 200.458 467.283 -13 3613 1 0 1
-13.8998 -3.85941 73810 -11.3901 2.07236 233.129 467.062 -13 3615 1 0 1
-6.94749 -8.18482 73810 -25.4275 -7.34821 220.324 467.2 -13 3616 1 0 1
5.4812 9.63233 73810 1.02569 34.5462 246.795 467.191 -13 3617 1 0 1
2.30486 15.9267 73810 -17.0215 30.8598 233.008 467.133 -13 3618 1 0 1
-11.0403 18.8049 73810 -24.597 9.8404 200.285 467.21 -13 3620 1 0 1
12.5978 21.7492 73810 -17.6959 17.2139 217.603 467.14 -13 3621 1 0 1
4.92293 31.4446 73810 -41.0103 16.94 198.906 467.517 -13 3622 1 0 1
-1.66784 29.2112 73810 -4.98611 44.9254 224.858 467.395 -13 3623 1 0 1
3.69594 14.0117 73810 11.2483 5.76541 249.957 467.171 -13 3626 1 0 1
6.69779 25.0476 73810 -16.4743 42.7547 245.538 467.556 -13 3627 1 0 1
10.5053 -19.3318 73810 1.23027 9.24182 232.494 467.888 -13 3628 1 0 1
-54.1189 56.9192 73810 -60.2257 26.4884 211.398 467.617 -13 3632 1 0 1
15.4969 31.521 73810 -19.564 31.5897 192.979 467.394 -13 3634 1 0 1
6.8428 -10.9374 73810 13.663 -19.6887 200.531 467.293 -13 3635 1 0 1
-3.24441 13.7167 73810 -30.7547 17.8934 207.959 467.367 -13 3636 1 0 1
18.0471 12.2558 73810 -4.17831 21.8582 196.149 467.355 -13 3637 1 0 1
-7.56289 -13.5541 73810 9.15366 20.7313 228.75 467.008 -13 3639 1 0 1
8.56933 14.3705 73810 13.7299 29.2792 203.124 467.26 -13 3640 1 0 1
24.1322 3.73702 73810 18.6573 5.28977 189.676 467.276 -13 3641 1 0 1
-20.5177 -1.37509 73810 6.86863 -25.006 224.371 467.134 -13 3642 1 0 1
21.3942 5.1489 73810 14.9437 21.54 205.645 467.858 -13 3644 1 0 1
19.948 -0.419901 73810 19.8254 8.62954 215.052 467.758 -13 3645 1 0 1
-20.819 -7.97925 73810 -24.7857 0.223081 226.129 467.149 -13 3649 1 0 1
46.2247 2.0177 73810 53.2468 28.4954 199.571 467.274 -13 3650 1 0 1
-5.00034 16.1993 73810 0.998247 30.6909 243.361 467.363 -13 3651 1 0 1
-16.0971 27.0083 73810 -39.6132 10.8158 231.876 467.072 -13 3655 1 0 1
33.463 -10.3987 73810 45.5934 -1.90339 220.258 467.084 -13 3656 1 0 1
-5.04644 5.56766 73810 -36.984 3.57964 205.051 467.085 -13 3657 1 0 1
-19.2167 23.8183 73810 -41.7456 6.09039 204.293 467.207 -13 3658 1 0 1
-19.6219 8.13143 73810 -7.86828 9.84558 206.252 467.078 -13 3659 1 0 1
13.1235 42.7844 73810 -37.654 38.2741 201.705 467.237 -13 3660 1 0 1
26.5002 16.5176 73810 13.3001 30.8687 197.895 467.267 -13 3661 1 0 1
3.50715 23.3803 73810 -23.882 28.5141 202.568 467.146 -13 3662 1 0 1
1.90483 13.5422 73810 -13.6512 21.1541 227.895 467.012 -13 3663 1 0 1
11.8562 -2.86691 73810 -0.383572 12.8857 243.049 467.25 -13 3664 1 0 1
6.11334 -6.82783 73810 -5.60603 17.5213 210.291 468.169 -13 3666 1 0 1
4.54622 18.4864 73810 -12.2399 42.8671 219.858 467.118 -13 3667 1 0 1
6.21748 32.6956 73810 -11.6587 0.957015 192.175 467.678 -13 3669 1 0 1
8.09245 13.1855 73810 7.84978 -0.312886 231.296 467.85 -13 3670 1 0 1
1.25547 -4.14124 73810 -31.0764 8.69051 247.681 467.029 -13 3672 1 0 1
-4.35634 1.73606 73810 -8.74227 19.6389 251.311 467.561 -13 3673 1 0 1
-0.820622 -2.65764 73810 -2.69743 -15.6117 239.673 467.325 -13 3674 1 0 1
14.2794 42.1002 73810 -13.1869 33.6304 204.996 467.991 -13 3678 1 0 1
-16.8812 28.6344 73810 -34.4917 15.6792 187.886 467.378 -13 3679 1 0 1
0.0676035 13.4084 73810 -24.0748 6.41538 199.881 467.284 -13 3680 1 0 1
-3.559 -8.03931 73810 -13.468 8.50739 231.743 467.819 -13 3681 1 0 1
-8.58028 -11.3615 73810 -1.3698 13.6938 203.748 467.338 -13 3682 1 0 1
-59.3272 22.8086 73810 -69.344 5.37567 206.316 467.51 -13 3683 1 0 1
-32.0075 -2.70627 73810 -26.7685 -7.3306 195.894 467.352 -13 3684 1 0 1
-17.4526 29.3382 73810 -41.0247 23.0129 199.88 467.45 -13 3685 1 0 1
-13.296 15.0921 73810 -19.727 16.9511 192.682 467.107 -13 3686 1 0 1
-23.5012 28.6082 73810 -32.1511 1.32295 204.669 467.376 -13 3688 1 0 1
-30.426 -3.3954 73810 -23.0115 -9.38216 237.235 467.644 -13 3689 1 0 1
4.29628 20.417 73810 -12.6119 7.00763 230.165 467.103 -13 3690 1 0 1
7.22878 8.18138 73810 -0.276484 7.01427 240.11 467.375 -13 3691 1 0 1
6.50911 2.07946 73810 -13.8445 -8.2953 173.149 467.535 -13 3692 1 0 1
12.9795 66.5459 73810 -32.2667 46.0117 199.309 468.093 -13 3693 1 0 1
-2.75146 -1.58205 73810 15.1685 -3.87285 244.992 467.25 -13 3694 1 0 1
2.3221 5.3896 73810 -0.124963 8.6817 238.533 467.645 -13 3695 1 0 1
11.6315 4.591 73810 18.0539 22.7692 230.981 467.21 -13 3696 1 0 1
-6.25595 -32.923 73810 -17.6682 -40.8648 248.978 467.711 -13 3698 1 0 1
-24.6292 20.4258 73810 -32.3522 -11.1783 178.745 467.396 -13 3699 1 0 1
10.821 27.4259 73810 -8.47574 20.4937 207.298 467.362 -13 3700 1 0 1
23.582 7.77889 73810 -9.98498 11.7166 205.421 467.312 -13 3701 1 0 1
-16.3176 3.08733 73810 -19.2675 -17.5934 195.405 467.424 -13 3702 1 0 1
-30.6136 27.2957 73810 -53.8912 15.0491 216.304 467.18 -13 3703 1 0 1
21.1409 0.962647 73810 7.80134 -0.135755 204.67 467.389 -13 3704 1 0 1
25.9902 32.7691 73810 -3.67262 42.282 202.29 467.498 -13 3705 1 0 1
-24.9729 1.94136 73810 -23.5441 3.60339 220.636 466.999 -13 3706 1 0 1
14.2736 -13.4819 73810 12.5156 19.364 200.731 467.419 -13 3707 1 0 1
-6.87489 19.7448 73810 -20.064 13.8697 210.369 467.232 -13 3708 1 0 1
-7.96331 25.8003 73810 -34.9542 40.0513 249.638 467.445 -13 3709 1 0 1
25.7057 -1.71164 73810 9.24936 18.0454 258.998 467.497 -13 3710 1 0 1
2.0993 -0.171053 73810 4.54587 31.3872 243.157 467.361 -13 3711 1 0 1
-18.1863 -4.47639 73810 -0.488846 -2.26897 246.99 467.228 -13 3714 1 0 1
-7.6195 8.56099 73810 -22.7533 6.57761 235.861 467.158 -13 3715 1 0 1
16.6272 39.405 73810 -20.8134 56.048 221.51 467.26 -13 3716 1 0 1
4.57874 -12.2683 73810 -3.96962 -16.2975 241.479 467.611 -13 3717 1 0 1
10.9438 12.9119 73810 10.7617 37.673 230.94 467.055 -13 3719 1 0 1
-12.1913 18.0997 73810 -36.4947 31.3208 241.758 467.552 -13 3720 1 0 1
3.65948 -9.82727 73810 2.36826 42.8621 248.626 467.672 -13 3721 1 0 1
-27.0219 10.2811 73810 -61.1374 -9.56766 235.767 467.506 -13 3722 1 0 1
-4.46739 -7.35245 73810 1.62446 12.8419 248.49 467.385 -13 3723 1 0 1
3.35362 37.5264 73810 -45.47 35.8778 232.508 467.283 -13 3724 1 0 1
-16.7648 29.9035 73810 -32.815 25.9278 239.161 467.652 -13 3725 1 0 1
-20.186 18.6467 73810 -25.5993 -7.12772 216.36 467.224 -13 3726 1 0 1
-6.63977 14.3065 73810 -33.0182 29.2663 237.898 467.423 -13 3728 1 0 1
-0.741743 12.5789 73810 -24.4272 16.2069 234.045 467.301 -13 3729 1 0 1
18.0933 0.00290724 73810 -7.91058 0.3498 246.654 467.252 -13 3730 1 0 1
58.0998 14.2736 73810 50.1489 49.3912 223.579 467.251 -13 3731 1 0 1
-29.8787 21.5696 73810 -46.7732 10.4169 214.492 467.114 -13 3733 1 0 1
-2.2873 3.95993 73810 -7.67522 18.3447 225.809 467.17 -13 3734 1 0 1
-6.90898 21.4773 73810 -34.4074 9.59148 205.685 467.05 -13 3735 1 0 1
6.397 11.4384 73810 4.76342 26.5452 235.76 467.2 -13 3736 1 0 1
-34.3788 10.2843 73810 -40.6024 -13.4545 206.684 467.082 -13 3737 1 0 1
27.7624 45.1162 73810 6.54742 45.3091 211.489 467.46 -13 3738 1 0 1
0.782503 40.5439 73810 -31.2879 24.2143 197.11 467.369 -13 3740 1 0 1
-13.9343 -12.9636 73810 -27.2381 -22.0558 207.307 467.172 -13 3741 1 0 1
-0.864479 78.7083 73810 -60.7215 48.6114 194.407 467.619 -13 3742 1 0 1
7.2823 10.9914 73810 -5.01445 16.2952 210.063 467.124 -13 3743 1 0 1
6.34867 -1.50338 73810 -3.58851 -9.2265 196.146 467.481 -13 3744 1 0 1
-11.2791 8.82466 73810 -17.7709 3.49549 207.029 467.335 -13 3745 1 0 1
2.99111 55.757 73810 -29.3752 30.3974 204.745 467.512 -13 3746 1 0 1
-5.38202 16.4809 73810 -25.6067 19.7745 204.035 467.471 -13 3747 1 0 1
19.4275 -17.9932 73810 -0.582208 5.98163 226.557 467.275 -13 3749 1 0 1
1.98864 1.29719 73810 6.49273 -0.368791 202.691 467.136 -13 3750 1 0 1
15.1556 -3.53107 73810 38.8657 9.77491 235.421 466.989 -13 3751 1 0 1
8.12986 13.7124 73810 -4.82749 10.104 203.021 467.211 -13 3752 1 0 1
-21.7403 6.28028 73810 5.56325 -7.10979 228.818 467.001 -13 3753 1 0 1
18.4609 6.71404 73810 5.72089 10.6479 213.94 467.362 -13 3754 1 0 1
18.5152 9.01263 73810 7.74587 27.3432 211.643 467.416 -13 3755 1 0 1
2.34339 0.676147 73810 -6.47992 -17.1156 206.803 467.568 -13 3756 1 0 1
-17.3019 11.5259 73810 -18.8343 1.65624 219.83 467.641 -13 3757 1 0 1
4.54926 -12.9264 73810 -1.65966 0.229751 255.953 467.43 -13 3758 1 0 1
27.4728 10.655 73810 13.1704 31.6607 242.154 467.663 -13 3759 1 0 1
6.0101 10.6371 73810 -15.4429 18.3572 213.499 467.955 -13 3761 1 0 1
-5.38857 8.54845 73810 -19.265 19.6662 219.319 467.828 -13 3763 1 0 1
35.4008 29.2838 73810 5.28283 40.9161 238.227 467.183 -13 3764 1 0 1
-8.57474 26.5662 73810 -21.9712 41.0872 221.827 467.794 -13 3767 1 0 1
0.175819 -5.87094 73810 12.1585 30.2001 245.97 467.218 -13 3769 1 0 1
39.7357 -14.082 73810 -20.6153 26.6068 236.901 467.262 -13 3770 1 0 1
-6.39533 24.715 73810 -14.0029 22.9192 200.288 467.16 -13 3771 1 0 1
-29.8105 -4.73362 73810 -25.3052 -13.0942 230.586 467.112 -13 3772 1 0 1
-87.8479 36.7706 73810 -71.4762 -14.0223 203.119 467.088 -13 3773 1 0 1
-27.6375 -8.43184 73810 -25.212 -5.67807 221.447 467.908 -13 3774 1 0 1
6.85396 25.8211 73810 -2.91488 39.3814 208.337 467.126 -13 3775 1 0 1
-25.9982 22.8892 73810 -49.9608 8.22798 237.857 467.34 -13 3776 1 0 1
-9.29144 7.35669 73810 -33.2127 6.41353 196.67 467.079 -13 3777 1 0 1
-14.6238 -1.75252 73810 -20.5587 -23.7697 200.66 467.234 -13 3778 1 0 1
1.89628 9.79624 73810 -10.6168 8.18885 202.571 467.424 -13 3780 1 0 1
-1.10611 17.1402 73810 -26.6978 13.0962 199.35 467.293 -13 3781 1 0 1
-26.6675 33.8266 73810 -27.2321 8.99312 196.668 467.3 -13 3782 1 0 1
0.982965 42.767 73810 -19.3193 38.4919 216.733 467.163 -13 3783 1 0 1
-22.4072 34.1688 73810 -28.0419 17.6524 217.526 467.448 -13 3784 1 0 1
10.7716 -2.24218 73810 34.3005 38.0851 236.597 467.132 -13 3785 1 0 1
-13.9912 6.79575 73810 11.4903 19.4911 251.334 467.571 -13 3786 1 0 1
17.3822 -3.2683 73810 20.9442 11.4337 240.37 467.515 -13 3787 1 0 1
6.92623 -8.99501 73810 17.8516 48.1602 248.247 467.643 -13 3788 1 0 1
-17.9297 -5.79552 73810 1.12267 -3.40713 232.203 467.173 -13 3789 1 0 1
-1.17111 28.9567 73810 -28.3115 40.2432 217.492 467.95 -13 3790 1 0 1
-9.1526 -9.43892 73810 39.3454 13.803 261.828 467.461 -13 3791 1 0 1
-7.12981 28.5139 73810 -42.9317 -4.21743 188.313 467.882 -13 3792 1 0 1
7.78058 26.3023 73810 -12.6036 36.6536 234.015 467.026 -13 3793 1 0 1
-11.5977 15.072 73810 -32.1923 14.2635 243.808 467.493 -13 3794 1 0 1
31.8807 -2.98095 73810 66.237 3.31957 239.91 467.371 -13 3795 1 0 1
10.2516 1.24709 73810 -0.367763 -0.580092 246.243 467.259 -13 3796 1 0 1
-3.77572 15.5376 73810 -18.3142 13.8715 204.857 467.016 -13 3797 1 0 1
-8.36718 16.6829 73810 -55.3035 42.0497 247.224 467.238 -13 3798 1 0 1
17.2094 34.0843 73810 -10.1962 32.4247 205.573 467.115 -13 3799 1 0 1
18.0771 33.3635 73810 11.0419 63.5785 225.854 467.195 -13 3801 1 0 1
10.2164 23.8053 73810 -11.3455 27.9564 217.076 467.029 -13 3802 1 0 1
21.6963 7.2948 73810 16.994 25.6865 222.37 466.999 -13 3803 1 0 1
28.0281 16.672 73810 13.4622 26.7838 224.281 467.121 -13 3804 1 0 1
41.2814 12.6511 73810 21.2093 31.3927 210.259 467.369 -13 3805 1 0 1
3.47318 14.6986 73810 -12.8259 19.2058 203.434 467.469 -13 3806 1 0 1
-0.82787 29.771 73810 -13.3527 27.2422 207.515 467.422 -13 3807 1 0 1
-18.1444 11.9405 73810 -14.1983 -14.2803 197.88 467.488 -13 3809 1 0 1
35.0979 23.0999 73810 -6.41689 16.723 201.419 467.295 -13 3810 1 0 1
-25.4379 12.2117 73810 31.0023 47.6367 268.192 467.34 -13 3811 1 0 1
2.35878 15.2986 73810 -0.216058 7.03323 205.531 467.152 -13 3812 1 0 1
6.05084 -9.99678 73810 -3.44759 -4.04708 195.232 467.05 -13 3813 1 0 1
-3.64051 26.0559 73810 -18.3054 12.3474 201.081 467.059 -13 3814 1 0 1
40.5759 43.362 73810 11.1221 71.5292 219.433 467.413 -13 3815 1 0 1
-48.6183 7.59602 73810 -36.2133 -33.6503 166.887 467.356 -13 3816 1 0 1
24.7236 28.1521 73810 23.5736 38.5031 236.303 467.331 -13 3817 1 0 1
-3.98284 19.0533 73810 -22.1098 -1.508 199.539 466.988 -13 3818 1 0 1
5.66947 7.22151 73810 -9.26993 14.1492 224.542 467.696 -13 3819 1 0 1
-35.6959 51.6459 73810 -45.5095 -1.54666 180.763 467.06 -13 3820 1 0 1
-2.06957 28.5197 73810 -27.5725 32.9305 231.549 467.632 -13 3823 1 0 1
-23.9989 13.0847 73810 -28.5672 0.498817 201.992 467.225 -13 3824 1 0 1
-13.4405 31.0522 73810 -32.6764 16.621 191.811 467.301 -13 3825 1 0 1
22.02 31.1896 73810 6.94087 53.9483 220.059 467.136 -13 3826 1 0 1
9.0208 14.2115 73810 -8.09997 -2.16423 232.09 467.239 -13 3827 1 0 1
15.812 27.7335 73810 -3.71854 14.4955 201.396 467.43 -13 3828 1 0 1
48.8672 34.1554 73810 1.26889 65.6517 216.43 467.185 -13 3829 1 0 1
-15.1676 30.7163 73810 -18.6118 10.7711 200.298 467.138 -13 3831 1 0 1
-15.7532 -4.10782 73810 -30.0313 -21.7558 208.922 467.196 -13 3832 1 0 1
-4.05798 -10.7748 73810 -6.97953 29.3539 251.79 467.519 -13 3837 1 0 1
-13.5754 21.4541 73810 1.4761 36.4229 247.418 467.643 -13 3840 1 0 1
-12.1015 26.0442 73810 9.07236 24.7865 222.534 468.186 -13 3845 1 0 1
-28.5128 24.89 73810 -48.806 10.0075 207.362 467.147 -13 3846 1 0 1
10.3644 29.315 73810 -11.5267 49.0092 237.211 467.242 -13 3847 1 0 1
-18.1182 34.8696 73810 -43.8945 28.2357 202.076 467.254 -13 3848 1 0 1
30.9864 28.5994 73810 1.05935 52.5484 208.591 467.11 -13 3849 1 0 1
3.15436 48.7225 73810 -9.31152 89.4034 235.31 467.406 -13 3851 1 0 1
-29.2805 -23.4886 73810 -24.6658 -37.0622 230.517 467.181 -13 3852 1 0 1
-19.3578 -2.25243 73810 -15.4625 -2.50816 202.494 466.922 -13 3854 1 0 1
0.618899 13.5261 73810 -25.0619 10.3785 212.465 467.292 -13 3855 1 0 1
-12.6996 9.40154 73810 11.0795 24.139 263.139 467.551 -13 3856 1 0 1
19.4991 30.1051 73810 -7.2943 31.3332 195.027 467.374 -13 3857 1 0 1
-5.39394 -20.2494 73810 -3.20432 -17.4184 207.088 467.452 -13 3858 1 0 1
15.6611 46.3692 73810 -5.79114 44.9374 204.271 467.314 -13 3859 1 0 1
-14.302 19.4387 73810 -23.818 2.74849 208.044 467.384 -13 3860 1 0 1
11.5884 11.6773 73810 -9.84865 9.12287 198.954 467.418 -13 3861 1 0 1
-9.38275 29.5248 73810 -29.4991 11.3791 205.409 467.431 -13 3862 1 0 1
1.86189 10.5153 73810 -5.58014 32.3369 217.986 467.3 -13 3865 1 0 1
4.63052 43.2718 73810 -24.6079 34.4927 212.718 467.361 -13 3866 1 0 1
-5.35704 27.2306 73810 -17.3061 37.8064 240.696 467.291 -13 3869 1 0 1
-19.1024 15.445 73810 -23.7717 2.56588 218.774 466.952 -13 3871 1 0 1
1.29383 -1.57688 73810 5.64564 9.08386 249.619 467.447 -13 3873 1 0 1
3.01896 8.17733 73810 -7.55719 -5.97396 207.139 467.026 -13 3874 1 0 1
11.9306 -1.83848 73810 9.1447 -2.81635 214.425 467.005 -13 3875 1 0 1
2.42731 11.121 73810 -14.6466 3.78468 191.085 467.144 -13 3876 1 0 1
-1.01302 31.6575 73810 -33.019 20.9097 192.999 467.331 -13 3877 1 0 1
16.5904 34.6881 73810 -12.4089 14.6179 206.688 467.163 -13 3878 1 0 1
-9.53748 29.8377 73810 -26.862 29.2427 193.634 467.145 -13 3879 1 0 1
-2.23679 20.3752 73810 -12.4061 35.3482 199.934 467.39 -13 3880 1 0 1
14.1163 7.90126 73810 -7.54314 30.5816 211.692 467.04 -13 3881 1 0 1
63.5402 22.363 73810 21.8486 34.9292 221.634 467.194 -13 3882 1 0 1
17.7178 32.7135 73810 -7.49654 18.4558 194.293 467.873 -13 3883 1 0 1
-4.75671 6.92981 73810 -14.8955 11.4083 237.671 467.331 -13 3884 1 0 1
-26.0587 36.797 73810 -37.5416 1.50603 174.8 467.435 -13 3885 1 0 1
-29.3572 -5.53073 73810 -61.796 -9.08481 237.011 467.618 -13 3888 1 0 1
1.45987 -10.6423 73810 -26.7272 0.739425 230.691 467.793 -13 3890 1 0 1
11.7015 9.52058 73810 -16.7062 -2.2481 201.784 467.734 -13 3891 1 0 1
24.739 19.3733 73810 -4.99773 3.47643 194.817 467.75 -13 3893 1 0 1
-5.46325 11.7021 73810 0.568178 10.2536 223.743 467.168 -13 3895 1 0 1
-1.35901 8.46572 73810 -4.26547 30.6717 240.61 467.558 -13 3897 1 0 1
14.5548 32.6327 73810 -2.75791 12.2751 238.483 467.7 -13 3899 1 0 1
-17.7014 -22.4334 73810 -14.5293 -48.3349 234.404 467.078 -13 3901 1 0 1
-16.872 7.23374 73810 -23.5749 4.73099 195.8 467.147 -13 3903 1 0 1
-4.59441 -17.1926 73810 -16.1155 -23.4871 196.733 467.204 -13 3904 1 0 1
17.3008 40.5115 73810 -28.5031 29.9709 193.709 467.53 -13 3905 1 0 1
10.8374 29.5275 73810 -11.5978 13.934 202.457 467.296 -13 3906 1 0 1
-19.1378 -26.0586 73810 -9.33919 -57.7633 203.109 467.672 -13 3907 1 0 1
5.97989 30.1731 73810 -9.03185 32.6376 190.971 467.207 -13 3908 1 0 1
15.6637 52.8738 73810 -32.0364 41.6125 194.149 467.456 -13 3909 1 0 1
-38.3889 13.7474 73810 -27.9952 14.7372 214.79 467.063 -13 3911 1 0 1
-107.347 -112.121 73810 57.6436 -66.7264 94.954 472.886 -13 3913 1 0 1
26.556 0.341374 73810 21.6786 21.506 218.243 466.999 -13 3914 1 0 1
21.2647 18.5987 73810 23.1793 49.1993 231.717 467.238 -13 3915 1 0 1
27.8 37.3129 73810 -13.5102 47.9327 217.938 467.121 -13 3916 1 0 1
-35.9235 -39.0012 73810 -15.663 -19.3984 231.428 467.586 -13 3917 1 0 1
5.72136 3.61717 73810 33.0126 9.21432 253.854 467.341 -13 3918 1 0 1
-22.3939 -3.92341 73810 -11.7129 -0.949619 214.347 467.903 -13 3919 1 0 1
20.1755 33.028 73810 3.08848 -21.8662 292.752 467.502 -13 3921 1 0 1
6.3018 36.4157 73810 -25.0002 32.0806 221.784 467.154 -13 3922 1 0 1
-33.587 3.95247 73810 -68.4013 1.05016 226.319 467.822 -13 3923 1 0 1
-4.4722 41.2629 73810 -23.3894 30.0668 206.162 467.172 -13 3924 1 0 1
-12.1911 9.00874 73810 -14.466 9.29824 239.855 467.569 -13 3925 1 0 1
88.5051 5.24171 73810 72.2466 54.2894 215.752 467.576 -13 3927 1 0 1
-50.2956 45.1508 73810 -56.8083 -15.9099 177.499 467.606 -13 3928 1 0 1
2.71422 26.4135 73810 -11.3805 23.0274 204.01 467.401 -13 3929 1 0 1
-20.1496 39.8389 73810 -44.013 17.8415 199.706 467.402 -13 3930 1 0 1
12.1317 3.22281 73810 -3.83004 13.2655 202.901 467.366 -13 3931 1 0 1
18.5753 41.7751 73810 -29.453 39.3091 206.155 467.188 -13 3932 1 0 1
1.33477 57.2959 73810 -50.818 37.7585 199.057 467.442 -13 3933 1 0 1
-7.04511 63.999 73810 -46.2369 29.6568 191.188 467.265 -13 3934 1 0 1
5.43107 10.6925 73810 -10.0088 12.8524 206.144 467.397 -13 3935 1 0 1
-1.60991 17.6795 73810 -10.6033 15.3285 205.103 467.22 -13 3936 1 0 1
7.79912 30.8536 73810 -19.3684 22.2764 198.033 467.303 -13 3937 1 0 1
-20.3523 16.0381 73810 18.376 79.8917 266.188 467.355 -13 3938 1 0 1
4.12416 16.1167 73810 -2.87532 21.2838 212.691 466.976 -13 3940 1 0 1
-9.7348 28.36 73810 -12.0021 8.72039 190.241 467.227 -13 3941 1 0 1
24.2786 45.8638 73810 -4.51751 41.4374 197.694 467.215 -13 3942 1 0 1
-5.76588 0.619434 73810 -0.913993 -12.9683 254.395 467.233 -13 3943 1 0 1
-22.3015 50.3299 73810 -55.5842 18.5626 194.084 467.312 -13 3944 1 0 1
9.51379 23.7836 73810 3.74284 32.7061 242.907 467.357 -13 3945 1 0 1
-12.2336 45.1206 73810 -73.7458 50.3392 201.684 467.271 -13 3946 1 0 1
13.6941 21.1451 73810 -4.40254 31.6281 214.004 466.923 -13 3947 1 0 1
-24.239 -11.3817 73810 -27.2438 -19.0314 249.197 467.715 -13 3949 1 0 1
5.29269 -15.9406 73810 -1.76028 -35.0376 238.707 467.342 -13 3950 1 0 1
35.8682 15.3351 73810 46.89 7.02522 221.434 467.493 -13 3954 1 0 1
-11.6765 11.3141 73810 -5.89292 22.6109 220.77 467.868 -13 3955 1 0 1
21.039 22.7708 73810 -6.75674 48.1624 209.95 467.313 -13 3959 1 0 1
28.7585 20.8218 73810 -9.82755 22.8044 193.172 467.178 -13 3960 1 0 1
20.0294 37.4786 73810 12.7802 74.6497 212.665 467.051 -13 3961 1 0 1
12.7902 38.2059 73810 -19.0394 30.4698 189.904 467.306 -13 3962 1 0 1
1.57581 22.6965 73810 -34.8598 9.90954 206.126 467.321 -13 3963 1 0 1
18.1232 11.9383 73810 -2.88801 9.45441 221.917 467.098 -13 3964 1 0 1
3.20669 23.1755 73810 0.901527 27.5438 203.423 467.178 -13 3967 1 0 1
6.75212 20.7502 73810 -13.6934 2.86771 193.089 467.312 -13 3968 1 0 1
-4.52836 9.46254 73810 3.99412 22.7425 208.139 467.558 -13 3969 1 0 1
24.0977 8.75031 73810 2.72007 23.3825 205.042 467.453 -13 3970 1 0 1
44.5333 64.8015 73810 10.6648 72.9845 204.938 467.415 -13 3971 1 0 1
-33.2965 -0.721123 73810 -38.8964 -13.4678 198.618 467.082 -13 3972 1 0 1
4.1794 24.1769 73810 -16.0739 17.9716 193.229 467.368 -13 3973 1 0 1
-9.19023 44.7755 73810 -52.9943 52.6276 204.917 467.384 -13 3974 1 0 1
-16.4548 31.8886 73810 -27.1248 20.8282 199.256 467.234 -13 3975 1 0 1
13.0437 36.6312 73810 -23.3921 30.3139 190.898 467.361 -13 3976 1 0 1
25.2463 29.8936 73810 -8.36643 25.7221 199.092 467.404 -13 3977 1 0 1
2.94518 3.85032 73810 -9.31777 9.09976 216.834 467.076 -13 3978 1 0 1
26.3818 20.3471 73810 0.125387 7.09358 217.494 467.147 -13 3979 1 0 1
7.40716 25.0372 73810 -11.9451 19.2853 221.516 467.138 -13 3980 1 0 1
25.3715 -10.499 73810 -6.42189 10.5484 211.304 467.199 -13 3981 1 0 1
26.2699 23.0888 73810 -15.0359 29.6521 192.304 467.322 -13 3982 1 0 1
-2.88577 12.4672 73810 -4.81287 15.2945 232.197 467.148 -13 3983 1 0 1
-4.64946 -5.68233 73810 1.49665 2.41899 197.944 467.244 -13 3984 1 0 1
15.8434 21.162 73810 -1.96796 16.8124 200.179 467.161 -13 3985 1 0 1
8.69313 -13.5015 73810 11.1909 -5.02932 202.583 467.133 -13 3986 1 0 1
21.7562 41.0356 73810 -19.1421 33.3976 201.848 467.307 -13 3987 1 0 1
2.31412 18.5789 73810 -17.5203 26.552 211.443 467.107 -13 3988 1 0 1
4.16961 19.047 73810 -2.30864 23.2751 243.343 467.262 -13 3989 1 0 1
-2.32571 26.1707 73810 -8.60931 30.14 226.488 467.127 -13 3990 1 0 1
-4.33597 28.0796 73810 -41.7785 38.1491 233.57 467.274 -13 3991 1 0 1
13.4496 46.9916 73810 -1.32761 51.9569 230.602 467.133 -13 3992 1 0 1
6.85037 8.59483 73810 -26.2297 13.8437 209.503 467.17 -13 3993 1 0 1
20.8608 13.3778 73810 10.7785 51.9624 238.31 467.428 -13 3994 1 0 1
-4.51677 6.29385 73810 0.370011 11.447 209.243 467.77 -13 3995 1 0 1
20.8454 36.061 73810 -34.5179 23.5828 211.514 467.39 -13 3996 1 0 1
26.5025 7.12945 73810 -6.94764 25.6979 208.677 467.332 -13 3997 1 0 1
-23.8802 -16.1168 73810 -27.0948 -14.6137 212.445 467.48 -13 3998 1 0 1
5.6654 -30.0203 73810 12.6035 -11.0849 226.816 467.73 -13 3999 1 0 1
-11.3716 4.08126 73810 -9.36754 15.9039 252.47 467.6 -13 4000 1 0 1
3.48946 2.85394 73810 -1.43691 6.00891 207.007 467.074 -13 4001 1 0 1
7.77835 29.3465 73810 -8.8112 48.7749 204.05 467.152 -13 4005 1 0 1
14.2659 -45.6844 73810 43.9257 -32.8759 244.664 467.222 -13 4006 1 0 1
33.6334 28.5317 73810 14.2456 42.649 242.34 467.71 -13 4007 1 0 1
4.65179 0.389975 73810 -10.221 -9.41055 227.948 467.078 -13 4008 1 0 1
-6.25578 21.6181 73810 -9.81537 17.543 197.913 467.173 -13 4009 1 0 1
29.9673 14.81 73810 5.78993 32.7438 208.064 467.343 -13 4010 1 0 1
-15.9958 39.727 73810 -28.1622 16.8483 197.511 467.321 -13 4011 1 0 1
7.15248 62.5659 73810 -36.5703 43.9077 203.272 467.22 -13 4012 1 0 1
14.4808 4.52539 73810 26.9013 1.6481 199.637 467.311 -13 4013 1 0 1
6.59076 9.27022 73810 6.90912 17.0358 198.853 467.228 -13 4014 1 0 1
-18.1429 -11.744 73810 -20.9068 -23.7875 200.891 467.074 -13 4015 1 0 1
-15.3993 13.3824 73810 -8.31693 14.6565 208.72 467.133 -13 4016 1 0 1
0.937169 -19.412 73810 0.813444 -5.0857 204.265 467.124 -13 4017 1 0 1
-17.2098 11.8588 73810 -13.9647 32.4635 244.552 467.758 -13 4018 1 0 1
0.290406 25.7973 73810 -20.1529 24.0775 204.39 467.208 -13 4019 1 0 1
13.9687 28.9385 73810 -12.6963 15.9831 198.345 467.133 -13 4020 1 0 1
-10.0996 10.2044 73810 -8.7857 32.1157 225.84 467.002 -13 4021 1 0 1
-9.0876 31.2546 73810 -28.1767 53.3837 235.195 467.955 -13 4022 1 0 1
6.71282 45.4467 73810 -34.9163 35.54 205.468 467.171 -13 4023 1 0 1
4.31946 13.925 73810 -23.9543 35.053 237.574 467.066 -13 4024 1 0 1
-1.44902 21.2931 73810 -19.3027 35.3401 207.007 468.07 -13 4025 1 0 1
-6.30326 48.4582 73810 -27.2482 37.8375 199.857 467.515 -13 4030 1 0 1
30.1343 27.2858 73810 7.39144 41.2114 193.218 467.252 -13 4031 1 0 1
-14.0362 17.03 73810 -15.1742 26.8685 233.533 467.022 -13 4032 1 0 1
14.9738 12.7124 73810 7.73749 10.4386 206.146 467.51 -13 4033 1 0 1
-4.70975 27.6353 73810 -30.2484 1.78081 199.092 467.446 -13 4034 1 0 1
-8.15414 9.04596 73810 -19.9872 -12.0285 187.009 467.302 -13 4035 1 0 1
32.2132 7.85403 73810 -0.771039 37.629 197.422 467.305 -13 4036 1 0 1
31.0227 4.71715 73810 14.9471 24.277 188.757 467.345 -13 4037 1 0 1
-15.4914 2.05281 73810 -25.7101 -9.37927 198.582 467.136 -13 4039 1 0 1
-18.0799 21.2136 73810 -30.3089 28.0454 242.492 467.672 -13 4040 1 0 1
44.9941 -21.7502 73810 60.9952 4.21644 215.297 467.013 -13 4042 1 0 1
5.56588 23.531 73810 -29.0523 19.0685 194.425 467.855 -13 4044 1 0 1
24.4779 2.83846 73810 13.4958 20.7733 255.633 467.678 -13 4045 1 0 1
6.66147 22.7247 73810 -19.6557 38.4654 234.036 467.487 -13 4046 1 0 1
-13.239 22.9528 73810 -50.9015 24.8409 222.028 467.858 -13 4047 1 0 1
22.4759 15.4694 73810 28.1896 27.6174 220.893 467.147 -13 4048 1 0 1
-6.1085 7.16705 73810 -21.7311 -11.1709 199.791 467.206 -13 4049 1 0 1
25.0983 25.7034 73810 -10.5292 23.5126 198.835 467.347 -13 4050 1 0 1
20.7597 31.9959 73810 -9.13986 35.6714 205.306 467.283 -13 4051 1 0 1
-0.590707 30.7146 73810 -20.7243 15.5084 190.714 467.328 -13 4052 1 0 1
32.7381 25.2502 73810 -4.26081 45.7463 191.76 467.267 -13 4053 1 0 1
4.01531 33.7329 73810 -29.975 17.0101 190.403 467.143 -13 4054 1 0 1
12.9607 -2.87497 73810 -7.12692 -5.32143 204.714 467.152 -13 4055 1 0 1
-1.19114 4.85428 73810 -1.07229 0.600002 204.383 467.354 -13 4056 1 0 1
7.4485 48.0085 73810 11.7399 53.4599 222.046 467.156 -13 4057 1 0 1
32.8121 2.59586 73810 1.18519 29.5732 208.934 467.463 -13 4058 1 0 1
-17.3511 17.1957 73810 -56.2945 11.7238 221.363 467.29 -13 4060 1 0 1
9.11286 0.708151 73810 -7.92911 13.6768 228.619 467.606 -13 4064 1 0 1
68.9984 -0.830233 73810 41.9633 28.7597 245.453 467.313 -13 4065 1 0 1
8.81636 60.8025 73810 -27.6959 70.181 216.418 467.879 -13 4066 1 0 1
11.7853 2.42407 73810 11.86 12.7813 244.424 467.403 -13 4068 1 0 1
55.0124 44.7347 73810 19.9273 66.9455 228.489 467.24 -13 4069 1 0 1
16.7228 8.74619 73810 -14.3103 13.5261 251.804 467.579 -13 4070 1 0 1
13.1514 37.9765 73810 -15.2971 49.5981 233.582 467.362 -13 4074 1 0 1
11.9663 20.9597 73810 -6.60347 35.0314 234.706 467.649 -13 4075 1 0 1
-16.5506 18.5379 73810 -35.1453 7.19164 227.453 467.048 -13 4077 1 0 1
2.67373 -16.5825 73810 -11.1733 -11.7578 224.366 467.95 -13 4078 1 0 1
-30.9888 81.9471 73810 -55.6005 35.2017 185.907 467.53 -13 4079 1 0 1
-11.1381 21.1539 73810 -36.2281 4.89694 215.259 467.051 -13 4080 1 0 1
-14.083 20.5155 73810 -17.1942 36.4839 239.043 467.605 -13 4081 1 0 1
1.07798 20.345 73810 -6.92737 17.1539 241.425 467.206 -13 4082 1 0 1
1.02377 9.78662 73810 -8.84934 8.85626 222.549 467.033 -13 4083 1 0 1
-7.98074 17.4033 73810 -15.7125 18.9583 200.76 467.355 -13 4085 1 0 1
-26.0036 15.4421 73810 -43.8545 -6.84432 232.805 467.212 -13 4086 1 0 1
0.0180928 15.8427 73810 0.929675 33.1693 252.441 467.365 -13 4087 1 0 1
-9.15702 -6.59788 73810 -22.2177 13.3843 231.186 467.04 -13 4088 1 0 1
-1.04286 5.8433 73810 -3.11621 14.9161 210.178 467.12 -13 4089 1 0 1
8.22365 35.0897 73810 -1.86345 48.3044 206.286 467.372 -13 4090 1 0 1
14.6813 16.2326 73810 9.30395 14.2013 209.605 467.13 -13 4091 1 0 1
-18.409 -10.7538 73810 -22.2569 -1.68906 243.516 467.106 -13 4092 1 0 1
-11.377 0.358175 73810 -5.8116 8.10666 212.529 467.03 -13 4093 1 0 1
13.1351 2.15685 73810 27.359 31.4522 236.022 467.141 -13 4094 1 0 1
12.3459 26.5343 73810 -20.3372 25.9242 208.112 467.446 -13 4095 1 0 1
-21.387 -19.1943 73810 5.51363 -32.5247 208.695 467.383 -13 4096 1 0 1
3.43333 15.0202 73810 -4.53837 14.1171 189.147 467.157 -13 4097 1 0 1
-10.2812 16.6278 73810 -20.1598 -7.21716 205.443 467.417 -13 4098 1 0 1
8.19011 51.8986 73810 -13.2226 40.5508 210.052 467.209 -13 4099 1 0 1
24.4264 -4.19225 73810 8.87609 6.12083 206.882 467.421 -13 4100 1 0 1
21.6101 18.5511 73810 15.2932 19.29 201.778 467.313 -13 4101 1 0 1
2.96117 35.9085 73810 -34.0428 17.2276 205 467.556 -13 4102 1 0 1
13.8273 -7.79583 73810 6.69745 2.87086 213.666 467.358 -13 4103 1 0 1
-3.03705 41.1076 73810 -30.7562 33.3809 195.923 467.303 -13 4104 1 0 1
10.5705 3.40941 73810 -27.9585 -20.7522 207.952 467.325 -13 4106 1 0 1
-10.2026 40.5255 73810 -38.5902 31.0803 214.351 467.217 -13 4109 1 0 1
9.86276 57.2331 73810 -40.9547 49.4162 228.6 467.191 -13 4110 1 0 1
32.7774 45.852 73810 -9.02257 37.404 212.951 467.266 -13 4111 1 0 1
-12.1829 6.45592 73810 -27.8729 0.526667 194.758 467.22 -13 4112 1 0 1
25.308 31.2909 73810 -31.5993 24.8167 205.353 467.26 -13 4113 1 0 1
26.1781 21.9158 73810 16.8079 43.3964 228.615 467.152 -13 4114 1 0 1
26.4083 -9.82307 73810 16.3998 10.4819 198.404 467.195 -13 4115 1 0 1
-19.8483 9.02002 73810 90.6374 54.9435 270.297 467.234 -13 4116 1 0 1
-7.83347 46.3087 73810 -35.0195 44.0457 200.702 467.26 -13 4117 1 0 1
-8.08097 12.9411 73810 -17.1947 2.01453 192.167 467.219 -13 4118 1 0 1
11.1832 -11.0772 73810 5.66734 -1.99693 235.04 467.138 -13 4119 1 0 1
13.1381 5.69138 73810 48.6205 18.8111 252.585 467.349 -13 4121 1 0 1
-1.8227 3.45001 73810 -1.85685 16.8315 199.318 467.679 -13 4122 1 0 1
4.16909 -0.014711 73810 1.52081 19.3778 251.465 467.343 -13 4123 1 0 1
2.47967 -5.75981 73810 -0.940342 -11.9888 252.749 467.295 -13 4124 1 0 1
29.8024 -8.28993 73810 1.98381 36.3217 197.165 467.533 -13 4125 1 0 1
21.3167 32.4581 73810 17.0923 44.2714 243.681 467.505 -13 4126 1 0 1
9.34512 3.85844 73810 9.05348 10.8781 237.931 467.169 -13 4128 1 0 1
-19.1678 46.6077 73810 -54.9353 31.8 239.195 467.751 -13 4129 1 0 1
15.3458 56.6858 73810 -22.1082 44.9802 203.294 467.942 -13 4130 1 0 1
8.60304 32.1948 73810 -10.7569 62.4738 241.664 467.425 -13 4131 1 0 1
23.3371 -21.6797 73810 36.1901 -17.3902 257.466 467.51 -13 4132 1 0 1
12.826 23.8432 73810 8.6647 2.1114 192.341 467.73 -13 4133 1 0 1
-4.71433 23.2459 73810 -15.6588 37.2445 242.573 467.193 -13 4134 1 0 1
-14.8928 7.85038 73810 -0.612293 15.8264 247.951 467.338 -13 4135 1 0 1
9.48077 20.2137 73810 -10.3973 23.8313 213.841 467.033 -13 4136 1 0 1
40.8722 7.72149 73810 11.5533 35.5903 227.81 468.181 -13 4137 1 0 1
-17.1494 0.858661 73810 -20.8318 -1.91111 207.184 467.338 -13 4138 1 0 1
1.88728 23.2253 73810 -6.04064 9.56199 231.782 467.146 -13 4139 1 0 1
-17.4332 9.52972 73810 -8.81164 11.5649 200.87 467.46 -13 4141 1 0 1
18.1537 36.4495 73810 -14.5151 33.444 201.562 467.439 -13 4143 1 0 1
-5.11882 -9.37807 73810 2.45003 -2.72932 214.413 467.421 -13 4144 1 0 1
6.94753 22.7483 73810 -19.0607 23.2159 208.73 467.075 -13 4145 1 0 1
2.64458 21.5701 73810 -7.7898 13.5963 204.788 467.486 -13 4146 1 0 1
-14.4636 14.176 73810 -17.4695 15.8371 235.902 467.135 -13 4147 1 0 1
-5.70867 12.6358 73810 -19.8768 38.9368 245.525 467.172 -13 4149 1 0 1
7.49539 7.27194 73810 -6.95941 4.32945 222.15 467.17 -13 4150 1 0 1
11.599 30.4962 73810 -1.97855 0.0708407 189.829 467.207 -13 4151 1 0 1
1.0938 -1.13577 73810 7.57712 8.70479 238.495 467.285 -13 4152 1 0 1
32.5355 23.314 73810 28.961 52.3324 234.604 467.667 -13 4153 1 0 1
-12.7268 2.92085 73810 -32.2721 3.55558 249.711 467.449 -13 4154 1 0 1
-8.88777 -8.04089 73810 7.72427 4.43167 220.787 467.053 -13 4155 1 0 1
-6.87596 15.8233 73810 -27.3366 6.62544 251.714 467.355 -13 4156 1 0 1
4.93942 8.25039 73810 -3.58459 8.062 230.132 467.827 -13 4157 1 0 1
30.8796 27.0839 73810 5.47828 55.8796 210.446 467.052 -13 4159 1 0 1
31.3937 -5.31754 73810 24.0546 14.0602 235.361 467.853 -13 4161 1 0 1
-12.4554 15.601 73810 -15.747 -10.101 191.455 467.247 -13 4162 1 0 1
10.4213 -3.61731 73810 9.70261 12.0387 212.248 467.413 -13 4163 1 0 1
22.3513 28.594 73810 -6.46636 36.4835 211.262 467.145 -13 4164 1 0 1
-12.7382 1.51547 73810 -22.6228 8.59811 208.36 467.158 -13 4165 1 0 1
-15.4857 -1.37851 73810 -6.77263 7.32642 214.8 467.165 -13 4166 1 0 1
0.182099 25.6841 73810 -19.426 14.8759 192.249 467.487 -13 4167 1 0 1
7.79131 50.313 73810 -26.4047 51.1401 202.845 467.21 -13 4168 1 0 1
21.2568 32.1099 73810 -9.44475 39.6218 203.479 467.289 -13 4169 1 0 1
-5.21514 27.5163 73810 -24.1247 23.241 204.149 467.372 -13 4170 1 0 1
-23.7051 -3.36451 73810 -22.3366 -14.2782 200.074 467.256 -13 4171 1 0 1
12.4131 -5.80503 73810 -9.81167 3.0517 199.427 467.23 -13 4172 1 0 1
-56.5487 -5.72342 73810 -84.0985 -29.6034 230.255 467.192 -13 4173 1 0 1
-3.03196 36.0713 73810 -19.2091 41.9076 217.95 467.029 -13 4174 1 0 1
4.52687 25.8857 73810 -26.8709 43.0475 205.07 467.184 -13 4175 1 0 1
13.5059 7.01604 73810 -10.0634 12.4146 218.967 466.994 -13 4176 1 0 1
-27.4856 2.99433 73810 -24.096 -12.6506 191.241 467.209 -13 4177 1 0 1
-16.4919 17.4656 73810 -30.6256 -7.73277 186.996 467.083 -13 4178 1 0 1
-19.552 27.586 73810 -38.7895 2.81801 197.233 467.187 -13 4179 1 0 1
-20.7305 2.14002 73810 -15.76 -2.03141 216.166 467.07 -13 4180 1 0 1
-50.2683 18.5272 73810 -112.435 3.25048 225.381 467.083 -13 4182 1 0 1
-22.327 12.2698 73810 -60.1949 3.87862 229.505 467.432 -13 4184 1 0 1
35.729 15.9321 73810 -1.457 41.9052 211.89 467.575 -13 4185 1 0 1
-6.86711 -8.87873 73810 -45.2142 -13.3946 249.057 467.165 -13 4186 1 0 1
19.8338 10.8657 73810 10.0347 3.49214 209.355 467.395 -13 4187 1 0 1
-63.1595 -1.95333 73810 -51.4233 -39.4805 195.578 467.048 -13 4189 1 0 1
-46.64 46.4623 73810 -62.9903 5.59767 191.027 467.22 -13 4190 1 0 1
10.7294 23.7411 73810 -18.8563 23.968 177.847 467.037 -13 4191 1 0 1
-33.883 -12.9966 73810 -38.1099 -10.3551 198.286 467.064 -13 4193 1 0 1
23.1744 16.8777 73810 1.88373 30.821 196.754 467.44 -13 4195 1 0 1
-0.0381804 -31.1531 73810 24.6354 -24.1097 212.647 467.488 -13 4196 1 0 1
4.14306 -3.04055 73810 3.65385 3.04719 201.786 467.386 -13 4197 1 0 1
22.7542 22.0192 73810 -19.7752 22.4555 193.485 467.504 -13 4198 1 0 1
18.6026 -4.69104 73810 6.56894 3.55214 189.17 467.319 -13 4199 1 0 1
-16.058 13.2432 73810 -24.0885 7.37815 200.901 467.429 -13 4200 1 0 1
13.1166 19.3194 73810 -6.18433 36.0326 209.501 467.415 -13 4201 1 0 1
6.27393 10.3906 73810 -3.37454 26.843 215.504 467.488 -13 4202 1 0 1
-11.7844 22.0243 73810 -10.7797 8.84775 213.826 467.429 -13 4203 1 0 1
-0.413723 7.27941 73810 -6.61542 16.4236 209.196 467.427 -13 4204 1 0 1
3.10932 20.235 73810 -23.0452 22.019 206.106 467.294 -13 4205 1 0 1
18.3715 26.9199 73810 14.0155 46.9482 245.655 467.135 -13 4206 1 0 1
6.80678 16.7532 73810 -11.3598 9.02924 202.44 467.539 -13 4207 1 0 1
-5.86352 25.3229 73810 -19.3378 10.7148 198.923 467.452 -13 4208 1 0 1
14.4886 38.072 73810 -21.7306 41.9916 199.683 467.392 -13 4209 1 0 1
-50.7954 5.63645 73810 -45.8925 -38.4304 196.815 467.257 -13 4210 1 0 1
-4.37309 39.9471 73810 -39.0727 21.2662 192.371 467.395 -13 4211 1 0 1
1.89741 0.605324 73810 -1.36017 5.48584 199.088 467.45 -13 4212 1 0 1
-20.1702 -1.35432 73810 -21.8943 4.04923 225.717 467.246 -13 4213 1 0 1
3.78876 36.7943 73810 -3.57601 41.3443 216.21 467.097 -13 4214 1 0 1
-3.88273 20.6313 73810 -17.3089 24.3783 206.819 467.048 -13 4215 1 0 1
-11.0609 34.6763 73810 -38.8018 34.6246 226.485 467.203 -13 4216 1 0 1
-6.40151 -22.6529 73810 -31.0518 0.160689 253.718 467.304 -13 4217 1 0 1
-26.9321 1.10137 73810 -44.9494 -17.6977 230.77 467.111 -13 4218 1 0 1
1.42969 41.3534 73810 -33.1314 32.4624 217.156 467.079 -13 4219 1 0 1
-43.41 -1.24616 73810 -84.0619 -25.3597 236.717 467.283 -13 4220 1 0 1
9.42432 17.4125 73810 21.2178 32.5116 221.712 467.086 -13 4221 1 0 1
-1.77611 23.8653 73810 -7.92188 21.6062 210.047 467.092 -13 4222 1 0 1
16.9903 27.712 73810 -7.39659 12.8081 194.474 467.214 -13 4223 1 0 1
22.3402 16.4291 73810 7.15147 44.7339 225.641 467.055 -13 4224 1 0 1
-0.592587 8.61154 73810 -16.6972 -14.5869 233.836 467.116 -13 4226 1 0 1
8.55527 37.0852 73810 -18.5826 38.3699 199.26 467.251 -13 4227 1 0 1
-10.5389 21.3076 73810 -19.0636 14.2504 191.731 467.254 -13 4228 1 0 1
27.569 13.4696 73810 -3.77369 18.3527 204.5 467.13 -13 4229 1 0 1
49.3653 44.075 73810 -2.30219 66.8727 220.603 467.252 -13 4230 1 0 1
0.136551 16.3647 73810 -7.89939 28.2781 232.609 467.073 -13 4231 1 0 1
2.59145 -13.3169 73810 17.5266 -9.81045 205.489 467.112 -13 4232 1 0 1
54.4971 43.739 73810 17.691 78.1073 213.831 467.967 -13 4233 1 0 1
-26.5965 -12.9169 73810 -40.8227 -19.0125 240.152 467.689 -13 4234 1 0 1
6.03092 7.77293 73810 -6.93191 -12.0023 228.51 467.908 -13 4235 1 0 1
-11.2009 29.5402 73810 -8.58541 56.913 243.148 467.758 -13 4237 1 0 1
-7.66048 3.76372 73810 -14.628 1.88757 223.005 467.029 -13 4238 1 0 1
8.92284 7.77521 73810 -3.35472 25.2473 231.115 466.98 -13 4239 1 0 1
-1.60301 29.0454 73810 -21.014 47.4653 211.589 467.107 -13 4241 1 0 1
6.45614 7.91453 73810 13.7149 32.2946 241.221 467.598 -13 4245 1 0 1
-22.2132 21.6482 73810 -35.1558 -6.54617 226.313 467.974 -13 4246 1 0 1
18.2439 11.9657 73810 -22.1887 37.4606 239.114 467.163 -13 4247 1 0 1
12.2149 17.8944 73810 1.16172 48.25 212.412 467.11 -13 4248 1 0 1
14.4183 -55.9727 73810 28.2906 46.4784 123.346 471.224 -13 4249 1 0 1
7.66423 -1.08336 73810 -10.4327 -5.03877 213.484 467.348 -13 4251 1 0 1
8.2844 28.4838 73810 -19.4296 36.9955 211.711 467.358 -13 4253 1 0 1
26.5084 14.6073 73810 9.78247 47.4197 235.923 467.661 -13 4254 1 0 1
12.4163 34.095 73810 -17.454 36.021 194.011 467.723 -13 4255 1 0 1
7.62997 9.91418 73810 -13.4157 10.0632 215.758 467.199 -13 4256 1 0 1
37.5587 15.5623 73810 18.0472 48.2229 214.543 467.797 -13 4257 1 0 1
-0.711958 3.40795 73810 0.839954 6.5224 243.66 467.316 -13 4258 1 0 1
-6.358 18.0011 73810 -23.3419 2.30262 208.783 467.312 -13 4259 1 0 1
1.67909 -4.85909 73810 -6.81888 -7.61293 247.18 467.308 -13 4260 1 0 1
8.88785 -2.31474 73810 5.73961 16.2855 213.473 467.267 -13 4261 1 0 1
-6.59809 -31.3436 73810 20.6396 -34.7446 213.478 467.288 -13 4262 1 0 1
-13.9095 1.90255 73810 -6.77947 -7.89321 211.387 467.152 -13 4263 1 0 1
13.2459 14.4592 73810 24.927 47.1911 239.505 467.268 -13 4265 1 0 1
10.735 52.2716 73810 -23.508 45.2572 202.95 467.319 -13 4267 1 0 1
-22.1991 8.63931 73810 -15.5946 10.1703 234.073 467.078 -13 4268 1 0 1
-13.824 -0.941445 73810 14.7586 1.90198 210.926 467.138 -13 4270 1 0 1
-47.248 -14.8124 73810 -14.9988 26.1066 295.316 467.163 -13 4271 1 0 1
-23.7663 33.7644 73810 -38.5499 22.9655 203.143 467.031 -13 4272 1 0 1
5.60597 26.6085 73810 6.98932 40.3018 223.861 467.097 -13 4273 1 0 1
0.782388 22.7116 73810 0.878117 20.6478 232.864 467.164 -13 4274 1 0 1
-2.85404 2.09577 73810 -10.5025 -12.237 229.501 467.091 -13 4275 1 0 1
9.51318 4.65814 73810 4.9442 0.146621 228.009 467.06 -13 4276 1 0 1
8.4325 37.9243 73810 -6.10391 18.6498 219.35 467.097 -13 4277 1 0 1
-13.3091 11.5239 73810 -20.5838 22.2496 216.358 466.999 -13 4278 1 0 1
14.9908 -5.82757 73810 19.7934 17.1819 243.652 467.173 -13 4279 1 0 1
0.518944 22.4492 73810 -29.3651 29.688 222.861 467.06 -13 4280 1 0 1
4.93664 23.4057 73810 -8.15082 13.6563 219.96 466.967 -13 4281 1 0 1
1.1058 4.12205 73810 -9.57905 16.928 207.996 467.025 -13 4282 1 0 1
26.1366 27.112 73810 6.84331 41.4196 209.109 467.071 -13 4283 1 0 1
-2.28311 22.8715 73810 4.71406 44.6957 247.903 467.343 -13 4284 1 0 1
-15.1688 20.8058 73810 -27.5949 0.187126 198.465 467.204 -13 4285 1 0 1
22.5031 31.0403 73810 -15.3972 47.9891 199.869 467.132 -13 4286 1 0 1
14.0514 19.6136 73810 -17.8142 34.3503 197.679 467.214 -13 4287 1 0 1
33.2391 32.3439 73810 6.18335 32.9493 196.032 467.394 -13 4288 1 0 1
-29.6727 4.6213 73810 -14.8084 3.73029 207.227 467.026 -13 4289 1 0 1
8.15222 39.195 73810 -6.40895 37.8349 205.811 467.037 -13 4290 1 0 1
1.86237 11.1608 73810 -28.0418 5.28535 223.728 467.013 -13 4291 1 0 1
13.2752 -7.60886 73810 -6.49609 10.2812 211.888 467.03 -13 4292 1 0 1
-46.5679 -2.22566 73810 -47.8497 -21.4619 211.559 467.103 -13 4293 1 0 1
-26.3533 16.5023 73810 -29.3844 -0.181011 189.073 467.272 -13 4294 1 0 1
17.5903 29.745 73810 -17.3033 43.4481 208.011 467.547 -13 4296 1 0 1
6.12372 94.5803 73810 -47.119 78.7619 195.206 467.425 -13 4297 1 0 1
10.5545 -5.58833 73810 -17.4984 15.9893 249.162 467.042 -13 4298 1 0 1
10.8516 9.45438 73810 -29.899 29.7559 253.462 467.485 -13 4300 1 0 1
-40.7474 10.7674 73810 -112.455 21.0034 242.276 467.273 -13 4302 1 0 1
24.0794 16.4084 73810 18.9222 33.9781 236.691 467.07 -13 4304 1 0 1
29.9604 23.7611 73810 5.01654 79.2348 217.063 467.477 -13 4305 1 0 1
3.28101 11.3591 73810 11.0418 16.5263 238.635 467.109 -13 4306 1 0 1
2.18012 21.9167 73810 -2.23884 2.66244 203.006 467.117 -13 4307 1 0 1
-16.7219 43.6273 73810 -51.5619 32.7104 202.152 467.208 -13 4310 1 0 1
-46.0912 25.7866 73810 -56.6472 -25.7266 164.972 467.477 -13 4311 1 0 1
5.16147 19.1602 73810 -3.88142 41.5585 200.847 467.214 -13 4313 1 0 1
9.56915 -3.04511 73810 -12.3677 21.7162 233.466 467.459 -13 4314 1 0 1
-3.34825 6.27688 73810 -27.8603 16.2266 250.219 467.27 -13 4315 1 0 1
-14.3677 31.8558 73810 -28.7218 7.90282 226.158 466.958 -13 4316 1 0 1
-33.0715 9.63862 73810 -47.8854 0.906595 253.273 467.271 -13 4317 1 0 1
-9.09218 13.4706 73810 -37.2592 33.4409 244.495 467.435 -13 4319 1 0 1
26.5724 11.6881 73810 -0.344966 -4.33214 210.402 467.262 -13 4320 1 0 1
-5.24963 18.7449 73810 -20.0851 5.93868 217.63 467.064 -13 4321 1 0 1
-4.51555 14.387 73810 4.22834 26.7669 209.087 467.31 -13 4322 1 0 1
-4.34844 -17.4966 73810 14.1107 -0.603802 213.011 467.256 -13 4323 1 0 1
10.3278 14.543 73810 -24.3118 18.112 211.859 467.27 -13 4324 1 0 1
33.2089 20.7914 73810 13.2552 29.4374 199.205 467.448 -13 4325 1 0 1
-8.02989 18.6703 73810 -2.68598 24.0984 207.845 467.165 -13 4326 1 0 1
2.76151 6.13757 73810 -16.3909 11.0829 206.264 467.159 -13 4327 1 0 1
16.6419 24.3523 73810 -9.92175 20.9537 203.966 467.094 -13 4328 1 0 1
-14.2928 35.529 73810 -49.8145 10.0941 197.34 467.421 -13 4329 1 0 1
-1.82624 14.1708 73810 -18.5147 77.6848 229.988 467.507 -13 4330 1 0 1
-5.85168 -1.71722 73810 15.3133 5.68629 227.573 466.978 -13 4331 1 0 1
-8.23248 36.4995 73810 -35.5048 26.4646 207.651 466.988 -13 4332 1 0 1
5.3736 -75.3689 73810 44.4009 -72.6561 195.532 467.322 -13 4333 1 0 1
-28.5572 11.4255 73810 -39.3872 -8.78455 196.319 467.403 -13 4334 1 0 1
7.22251 34.9034 73810 -21.6634 29.4813 197.974 467.352 -13 4335 1 0 1
-33.7774 -40.3324 73810 -17.7451 -49.6106 210.119 467.006 -13 4336 1 0 1
-20.2356 6.72105 73810 10.2262 8.08029 222.207 467.147 -13 4337 1 0 1
-15.1227 7.12713 73810 8.2727 11.8901 232.176 467.113 -13 4339 1 0 1
13.8857 3.84184 73810 7.24497 47.9221 234.625 467.325 -13 4340 1 0 1
-2.28624 25.9066 73810 -18.3268 26.9831 227.953 467.126 -13 4341 1 0 1
14.8279 11.5422 73810 -9.06108 49.6858 236.413 467.317 -13 4343 1 0 1
7.7973 -3.62845 73810 15.9186 7.82099 220.824 467.113 -13 4344 1 0 1
14.5303 5.69971 73810 -5.25116 25.8107 243.389 467.351 -13 4345 1 0 1
17.2177 16.5099 73810 8.36675 39.479 232.846 467.216 -13 4346 1 0 1
-15.6161 17.5709 73810 -1.81649 3.46729 232.407 467.395 -13 4347 1 0 1
6.10041 37.9365 73810 -22.7903 18.5392 195.751 467.185 -13 4348 1 0 1
-2.88495 17.437 73810 -5.41879 8.53112 190.273 467.127 -13 4349 1 0 1
9.13932 14.2691 73810 4.47965 13.1209 198.195 467.221 -13 4350 1 0 1
-0.263764 37.4464 73810 -33.0268 28.5854 190.048 467.817 -13 4351 1 0 1
-8.58088 2.99952 73810 -4.69129 16.0824 200.841 467.307 -13 4352 1 0 1
-2.0463 10.5119 73810 -10.6833 11.5349 191.157 467.147 -13 4353 1 0 1
6.11371 23.5577 73810 -4.91828 11.7585 191.976 467.274 -13 4354 1 0 1
8.32932 54.8126 73810 -15.5155 58.38 205.416 467.497 -13 4355 1 0 1
-10.1724 27.6843 73810 -20.883 31.4403 198.599 467.273 -13 4356 1 0 1
1.04871 7.28801 73810 15.3849 19.384 244.031 467.394 -13 4358 1 0 1
-16.0987 5.47407 73810 -47.6476 -1.4622 245.226 467.347 -13 4359 1 0 1
15.1839 17.408 73810 4.39548 19.9635 212.463 467.812 -13 4360 1 0 1
16.5381 57.4878 73810 -19.3093 95.3685 203.718 468.319 -13 4361 1 0 1
6.98627 8.76832 73810 -10.0449 24.8001 218.574 467.964 -13 4363 1 0 1
4.86961 38.4121 73810 9.1365 49.418 213.007 467.84 -13 4368 1 0 1
-11.974 -5.75444 73810 -3.32561 -18.2617 221.393 467.06 -13 4376 1 0 1
14.7858 33.1237 73810 -11.6112 34.6056 209.578 467.156 -13 4377 1 0 1
3.58571 -6.34383 73810 2.44635 2.59193 218.629 467.425 -13 4378 1 0 1
8.91097 5.07164 73810 -27.7927 16.189 223.32 467.095 -13 4379 1 0 1
3.34804 3.22996 73810 -29.3584 11.2833 225.932 467.093 -13 4380 1 0 1
-15.0529 -2.28871 73810 -4.32025 -8.48812 228.202 467.093 -13 4381 1 0 1
-12.5021 25.3068 73810 -16.5733 29.5429 214.981 467.207 -13 4383 1 0 1
11.481 -9.71035 73810 14.0546 2.63784 237.395 467.184 -13 4384 1 0 1
11.1262 -0.902813 73810 0.836235 3.83847 212.063 467.22 -13 4385 1 0 1
1.02822 42.6536 73810 -32.4133 25.5431 213.251 467.12 -13 4386 1 0 1
-6.62729 48.4433 73810 -35.1172 24.4474 195.239 467.251 -13 4387 1 0 1
0.556461 31.8425 73810 -16.8289 18.843 194.619 467.269 -13 4388 1 0 1
-12.2574 -9.70683 73810 -12.9194 -19.3177 219.075 467.077 -13 4389 1 0 1
2.91277 41.3877 73810 -17.0765 26.7716 200.628 467.098 -13 4390 1 0 1
-42.6382 28.0026 73810 -63.1851 41.4303 249.538 467.879 -13 4391 1 0 1
-8.5935 3.0379 73810 -5.68498 0.102488 194.023 467.029 -13 4392 1 0 1
-12.062 28.4166 73810 -30.0653 6.26535 193.693 467.321 -13 4393 1 0 1
20.0821 29.9757 73810 0.103289 30.4247 193.042 467.296 -13 4394 1 0 1
-11.835 35.3941 73810 -22.9643 25.5961 203.207 467.254 -13 4395 1 0 1
-2.30663 6.23478 73810 9.79044 21.603 227.165 467.807 -13 4396 1 0 1
16.7691 19.9685 73810 -5.9799 52.5892 239.945 467.28 -13 4397 1 0 1
4.90097 31.6754 73810 -18.7589 45.7027 239.085 467.148 -13 4398 1 0 1
4.35871 7.24732 73810 -37.4038 26.7806 246.992 467.454 -13 4399 1 0 1
-6.00791 40.1318 73810 -17.1066 44.3008 226.535 468.087 -13 4400 1 0 1
5.82305 16.6703 73810 -29.3014 35.1984 247.863 467.362 -13 4401 1 0 1
15.1062 -15.8271 73810 5.51422 12.9611 236.166 467.123 -13 4402 1 0 1
-14.6141 22.6735 73810 -22.1357 35.5135 215.066 467.707 -13 4404 1 0 1
-7.75914 55.7421 73810 -48.7418 44.9976 204.604 468.025 -13 4406 1 0 1
5.26457 10.8381 73810 24.0885 19.5194 233.008 467.367 -13 4411 1 0 1
-6.73194 -7.70624 73810 24.4426 26.1429 248.086 467.679 -13 4412 1 0 1
20.8419 12.8016 73810 25.0929 15.7357 228.476 467.737 -13 4413 1 0 1
10.8195 -6.31556 73810 31.0415 10.0473 239.269 467.733 -13 4414 1 0 1
3.47386 29.6194 73810 -40.7407 7.51452 188.478 467.483 -13 4416 1 0 1
-12.0409 21.2613 73810 -41.5817 30.2969 243.858 467.664 -13 4417 1 0 1
16.9285 22.8847 73810 2.26869 25.2112 221.165 467.303 -13 4421 1 0 1
-12.6739 15.0543 73810 -6.74785 13.5324 221.001 467.225 -13 4422 1 0 1
-2.09248 41.8395 73810 -14.8511 77.1563 229.608 467.319 -13 4423 1 0 1
20.3422 -4.16756 73810 11.0809 11.3997 200.254 467.135 -13 4424 1 0 1
-13.8604 21.6839 73810 -21.2958 -1.99487 208.952 467.287 -13 4425 1 0 1
-3.39979 21.1812 73810 -29.7784 -10.0358 204.381 467.325 -13 4426 1 0 1
18.7181 24.1351 73810 -21.8437 39.8803 202.884 467.226 -13 4427 1 0 1
-5.62381 -2.21829 73810 -18.249 -2.83097 207.806 467.141 -13 4428 1 0 1
10.361 39.8664 73810 -11.9257 31.5838 195.752 467.24 -13 4429 1 0 1
-16.2731 10.4004 73810 -29.9444 -7.84437 216.446 467.075 -13 4430 1 0 1
38.8989 31.9517 73810 0.976954 36.9647 203.632 467.166 -13 4431 1 0 1
-13.6052 -14.3451 73810 -2.14767 -12.0636 207.438 467.227 -13 4432 1 0 1
-0.480615 16.1329 73810 -11.7965 13.458 203.489 467.196 -13 4433 1 0 1
-8.90626 6.09709 73810 -40.2172 -5.34307 242.486 467.11 -13 4434 1 0 1
-22.8938 19.2621 73810 -34.3906 0.157656 186.703 467.265 -13 4435 1 0 1
-3.34388 51.9743 73810 -36.711 37.2545 196.265 467.184 -13 4436 1 0 1
20.6965 23.0101 73810 -5.31925 49.9652 243.175 467.436 -13 4437 1 0 1
-18.1053 58.2805 73810 -77.2615 61.1294 223.6 467.32 -13 4438 1 0 1
-37.6567 5.69453 73810 -48.1065 -21.9288 230.527 468.137 -13 4440 1 0 1
-3.16489 36.8406 73810 -27.8376 13.563 202.09 467.11 -13 4441 1 0 1
1.56693 29.2185 73810 -15.8518 44.4494 233.736 467.037 -13 4442 1 0 1
-9.78415 57.2812 73810 -54.3936 44.9862 206.22 467.204 -13 4443 1 0 1
17.0784 32.7363 73810 -9.77772 33.8659 198.52 467.401 -13 4444 1 0 1
23.7324 50.8933 73810 -11.2626 41.2686 206.872 467.183 -13 4445 1 0 1
-7.652 -19.4529 73810 0.934232 -2.63117 218.005 467.036 -13 4446 1 0 1
-32.7442 9.39975 73810 -45.7945 -18.2624 199.525 467.416 -13 4447 1 0 1
20.22 -30.1613 73810 11.5998 -14.109 209.501 467.312 -13 4448 1 0 1
-19.1049 5.97471 73810 -19.9957 -2.12882 197.483 467.018 -13 4449 1 0 1
-11.4283 32.8771 73810 -24.0187 3.9447 205.968 467.549 -13 4450 1 0 1
37.3387 18.6762 73810 -0.399821 23.0171 193.511 467.263 -13 4451 1 0 1
25.4679 36.8089 73810 1.28391 40.7352 202.189 467.314 -13 4452 1 0 1
-25.4092 10.2839 73810 -33.5823 -5.21224 191.439 467.2 -13 4453 1 0 1
-11.1905 -3.87638 73810 -6.38902 -7.20456 210.144 467.567 -13 4455 1 0 1
22.7135 -40.3602 73810 38.3663 -26.8327 218.058 467.027 -13 4456 1 0 1
-41.4996 11.7713 73810 -37.9359 -27.3958 188.703 467.251 -13 4457 1 0 1
30.1527 21.9878 73810 13.9496 27.458 203.136 467.619 -13 4458 1 0 1
-28.8897 28.2672 73810 -39.7048 2.21452 194.634 467.456 -13 4459 1 0 1
1.20883 5.66179 73810 0.14114 -12.8866 188.331 467.339 -13 4461 1 0 1
-68.4587 23.7298 73810 -64.9322 -20.6657 182.456 467.63 -13 4465 1 0 1
-14.0571 -7.16031 73810 -21.5957 4.90845 233.074 467.133 -13 4466 1 0 1
9.8115 10.392 73810 -12.9368 9.3661 237.655 467.27 -13 4467 1 0 1
-7.11362 -6.3499 73810 4.4384 26.7831 251.08 467.406 -13 4468 1 0 1
-11.8676 12.4378 73810 -14.545 34.5728 213.228 468.035 -13 4469 1 0 1
10.0324 15.5337 73810 25.4626 23.5616 253.746 467.299 -13 4471 1 0 1
-3.41474 -4.8325 73810 -3.67498 16.3092 230.07 467.788 -13 4472 1 0 1
12.1331 26.673 73810 -29.0824 37.5855 212.876 467.177 -13 4473 1 0 1
-19.8686 30.2978 73810 -36.5265 -6.03609 229.751 467.287 -13 4474 1 0 1
35.653 20.6763 73810 27.1858 53.5562 230.346 467.292 -13 4475 1 0 1
-4.06533 20.2339 73810 -27.5712 0.671524 209.635 467.223 -13 4476 1 0 1
-13.5299 16.8076 73810 63.0652 27.9217 241.684 467.035 -13 4477 1 0 1
-3.13864 42.4913 73810 -34.4886 23.373 194.341 467.274 -13 4478 1 0 1
-25.4496 11.3797 73810 -30.678 -5.57468 203.586 467.285 -13 4479 1 0 1
15.7617 -1.87157 73810 -5.03348 5.08146 209.625 467.185 -13 4480 1 0 1
8.22722 14.6651 73810 6.6908 19.8946 215.897 467.113 -13 4481 1 0 1
18.415 -4.21354 73810 -3.5254 9.7658 218.266 468.059 -13 4482 1 0 1
29.1173 17.8187 73810 21.3725 35.5485 220.139 467.748 -13 4486 1 0 1
-8.78483 29.5372 73810 -16.8684 26.8706 232.084 467.165 -13 4488 1 0 1
-48.461 92.1533 73810 -83.4483 7.53234 183.67 467.22 -13 4490 1 0 1
-24.3282 58.852 73810 -51.2396 45.3684 199.197 467.007 -13 4492 1 0 1
13.9996 1.16974 73810 13.6251 30.1197 223.463 467.704 -13 4494 1 0 1
21.5476 36.6848 73810 -12.703 40.981 235.51 467.513 -13 4496 1 0 1
-35.5927 29.1728 73810 -41.2791 14.3469 210.228 467.817 -13 4497 1 0 1
-1.2708 -8.16647 73810 -29.0009 21.277 250.238 467.528 -13 4500 1 0 1
68.1928 32.7107 73810 46.5699 83.3657 228.255 467.637 -13 4501 1 0 1
8.11856 22.2986 73810 -13.9887 28.6415 214.355 467.12 -13 4502 1 0 1
-7.33454 17.1754 73810 -31.5139 5.62659 205.77 467.208 -13 4503 1 0 1
-28.5492 17.3703 73810 -33.7085 -5.60953 198.527 467.163 -13 4505 1 0 1
-44.3019 19.6353 73810 -76.1468 -5.33813 239.566 467.32 -13 4506 1 0 1
14.2859 24.4001 73810 4.30898 30.3058 211.597 467.079 -13 4507 1 0 1
16.1945 16.1571 73810 22.0211 35.6675 241.852 467.262 -13 4508 1 0 1
19.3325 -1.79321 73810 13.4336 7.84249 201.07 467.116 -13 4509 1 0 1
5.10405 5.69532 73810 -16.5597 6.18348 203.63 467.228 -13 4510 1 0 1
-6.61871 -7.10239 73810 -19.0762 -21.5004 214.97 467.173 -13 4511 1 0 1
22.1678 30.292 73810 -26.2182 9.141 215.535 467.196 -13 4513 1 0 1
17.1842 22.5509 73810 -18.5261 20.6828 205.87 467.194 -13 4514 1 0 1
3.5594 -6.44512 73810 -7.93043 -4.94383 198.83 467.197 -13 4515 1 0 1
-7.87845 18.4368 73810 -26.2659 9.15551 197.283 467.069 -13 4516 1 0 1
47.343 42.7359 73810 19.4705 59.9423 222.716 467.462 -13 4517 1 0 1
49.259 48.8607 73810 -6.22513 75.3484 207.182 467.207 -13 4518 1 0 1
49.627 38.9861 73810 13.9824 56.8129 202.257 467.251 -13 4519 1 0 1
-6.71438 2.01891 73810 -41.7199 -1.6211 219.893 467.767 -13 4520 1 0 1
21.4004 -21.3121 73810 21.8529 -5.78526 237.166 467.607 -13 4521 1 0 1
15.9685 16.3514 73810 -10.3675 29.0831 240.221 467.236 -13 4523 1 0 1
-14.8518 38.9788 73810 -13.6726 60.0277 212.455 467.904 -13 4525 1 0 1
39.4172 -0.607591 73810 22.1446 15.2042 233.443 467.89 -13 4526 1 0 1
26.0815 6.97075 73810 28.1171 27.9771 236.177 467.81 -13 4527 1 0 1
41.0974 -5.48734 73810 38.9451 34.3368 216.501 467.898 -13 4528 1 0 1
27.1215 30.4928 73810 1.22914 44.2186 234.711 467.226 -13 4529 1 0 1
-0.0557543 87.9861 73810 -40.6183 53.4077 193.811 468.268 -13 4530 1 0 1
-20.6309 30.2074 73810 -47.2586 21.4412 243.604 467.594 -13 4531 1 0 1
3.13418 -20.0745 73810 -6.43401 -24.5875 183.027 467.356 -13 4532 1 0 1
19.2676 5.32982 73810 15.4063 17.5987 247.894 467.457 -13 4535 1 0 1
6.68587 7.22262 73810 19.2735 21.4252 205.447 467.834 -13 4536 1 0 1
18.1424 16.1356 73810 4.59562 33.036 227.595 467.771 -13 4538 1 0 1
42.228 17.8614 73810 22.6875 37.4531 216.552 467.265 -13 4539 1 0 1
-36.228 70.3997 73810 -68.5931 27.593 197.309 467.36 -13 4540 1 0 1
-11.5785 30.8446 73810 -22.4617 -4.77874 211.217 467.518 -13 4542 1 0 1
8.52692 16.8125 73810 -16.9224 28.3649 212.898 467.178 -13 4544 1 0 1
16.4938 30.578 73810 -15.6089 42.9596 245.306 467.493 -13 4547 1 0 1
37.3401 -1.43852 73810 41.144 37.4397 250.641 467.284 -13 4548 1 0 1
-11.4139 11.5764 73810 -13.6372 -6.73228 215.605 467.079 -13 4551 1 0 1
22.3244 -21.2389 73810 33.8964 11.808 247.86 467.402 -13 4552 1 0 1
40.9176 22.667 73810 36.8481 53.2652 244.927 467.512 -13 4553 1 0 1
7.88939 24.0862 73810 -24.2365 25.7752 237.504 467.168 -13 4554 1 0 1
-7.42119 29.5349 73810 -31.7211 30.2751 203.954 467.481 -13 4555 1 0 1
-17.8218 -3.29628 73810 -32.834 -6.23396 195.35 467.295 -13 4556 1 0 1
-15.7245 7.96654 73810 -10.5196 0.442181 206.809 467.467 -13 4557 1 0 1
7.01886 31.6193 73810 4.91895 29.3195 209.053 467.394 -13 4558 1 0 1
2.09512 -6.62559 73810 6.21353 -4.77605 204.078 467.292 -13 4559 1 0 1
-15.7273 47.6298 73810 -32.9561 -13.2594 208.996 467.585 -13 4560 1 0 1
-13.3224 7.26773 73810 -14.533 19.5277 203.617 467.078 -13 4561 1 0 1
-18.1948 13.739 73810 -30.5956 -14.3015 191.134 467.396 -13 4562 1 0 1
2.93441 20.4778 73810 -17.2799 18.6832 204.972 467.437 -13 4563 1 0 1
-14.4234 24.0397 73810 -25.6574 16.8176 207.545 467.462 -13 4564 1 0 1
-16.2532 -52.9065 73810 2.69602 -65.1227 178.232 467.919 -13 4566 1 0 1
15.6689 13.9911 73810 4.3437 46.6217 218.851 467.001 -13 4570 1 0 1
4.52119 43.3189 73810 -12.5531 16.0988 210.193 467.309 -13 4571 1 0 1
7.37803 12.4455 73810 -11.5204 10.5735 196.627 467.257 -13 4572 1 0 1
16.6457 23.8684 73810 -15.8612 31.4536 193.397 467.262 -13 4573 1 0 1
1.69186 26.1215 73810 -20.8047 26.1053 197.604 467.308 -13 4574 1 0 1
-1.09438 24.961 73810 -32.9277 0.529164 191.417 467.231 -13 4575 1 0 1
7.31199 13.6836 73810 0.877461 11.3083 205.511 467.228 -13 4576 1 0 1
12.49 7.79271 73810 -13.5843 14.085 217.461 467.009 -13 4577 1 0 1
29.3153 -14.2404 73810 30.2627 20.454 219.568 467.237 -13 4578 1 0 1
-20.6576 1.83583 73810 -34.2056 33.7391 249.717 467.662 -13 4579 1 0 1
-3.98755 2.52305 73810 -0.0486933 7.5176 240.314 467.07 -13 4580 1 0 1
-35.6952 13.159 73810 -42.4869 -6.48734 198.557 467.214 -13 4581 1 0 1
-10.5999 -4.76524 73810 -23.2126 -18.6611 227.715 467.036 -13 4582 1 0 1
-20.502 -14.8345 73810 -5.57063 -27.055 228.319 467.382 -13 4583 1 0 1
9.44176 44.8728 73810 -10.7107 33.5394 207.361 467.182 -13 4584 1 0 1
5.92567 7.74365 73810 -25.3242 8.58083 197.008 467.071 -13 4585 1 0 1
2.00346 40.2665 73810 -14.6122 31.7366 200.182 467.129 -13 4586 1 0 1
8.32662 25.5571 73810 -12.0214 8.54546 180.985 467.097 -13 4587 1 0 1
-13.5278 15.4565 73810 -7.98877 2.88182 212.838 467.217 -13 4588 1 0 1
-1.52178 13.6465 73810 -14.9875 34.0762 233.056 467.621 -13 4589 1 0 1
0.325138 30.9893 73810 -14.3294 38.9231 221.797 467.404 -13 4593 1 0 1
9.28404 -7.49226 73810 32.5977 32.1387 246.764 467.282 -13 4594 1 0 1
23.7094 -5.11846 73810 25.8977 26.3683 241.171 467.39 -13 4596 1 0 1
-1.63363 18.1898 73810 -4.08042 31.3724 232.277 467.148 -13 4598 1 0 1
-5.61848 -5.62072 73810 -30.2956 5.25208 243.665 467.412 -13 4599 1 0 1
-2.09325 2.71437 73810 -4.18378 7.73761 226.446 466.861 -13 4600 1 0 1
17.1142 26.9333 73810 -18.4444 -18.481 293.41 467.485 -13 4602 1 0 1
29.852 -7.98151 73810 26.2562 18.0463 233.469 467.753 -13 4604 1 0 1
11.5729 -4.69251 73810 12.0246 -51.8032 266.592 467.265 -13 4607 1 0 1
0.310745 -2.20227 73810 -1.73262 -0.908046 204.774 467.741 -13 4608 1 0 1
0.261967 -15.313 73810 0.213871 6.84742 224.146 467.956 -13 4609 1 0 1
10.8002 37.1564 73810 -17.5127 37.3842 188.949 467.625 -13 4610 1 0 1
-6.63462 13.3346 73810 -15.0753 7.63339 192.842 467.059 -13 4612 1 0 1
49.0335 13.4671 73810 11.6505 18.6407 212.238 467.093 -13 4613 1 0 1
-0.704604 24.9804 73810 -25.7022 20.6175 187.478 467.21 -13 4614 1 0 1
-4.0542 -6.46851 73810 -3.70203 -1.24997 238.302 466.955 -13 4615 1 0 1
24.461 43.151 73810 -17.4802 27.6027 184.932 467.298 -13 4617 1 0 1
-0.459999 34.9936 73810 -16.4514 15.6525 201.517 467.076 -13 4618 1 0 1
7.92452 7.75771 73810 -7.68318 6.44031 194.959 467.411 -13 4619 1 0 1
25.0834 28.5663 73810 -13.1267 22.4338 200.539 467.407 -13 4622 1 0 1
-17.3498 22.8681 73810 -33.4756 26.2651 210.279 467.356 -13 4623 1 0 1
-4.44659 2.07426 73810 -7.23107 9.48794 203.306 467.308 -13 4625 1 0 1
16.8896 53.1745 73810 -19.8812 63.7553 200.185 467.456 -13 4626 1 0 1
-22.5625 10.8073 73810 -29.2628 9.03883 207.015 467.445 -13 4627 1 0 1
-8.73833 30.7777 73810 -28.0484 30.3548 211.911 467.398 -13 4628 1 0 1
15.4443 14.5643 73810 4.90161 9.07765 206.611 467.472 -13 4629 1 0 1
-10.254 19.1732 73810 -28.7921 -11.1973 205.96 467.374 -13 4630 1 0 1
-17.9497 21.1996 73810 -39.7922 8.47125 202.178 467.477 -13 4631 1 0 1
-13.5542 9.05852 73810 -26.2654 1.01257 198.763 467.264 -13 4632 1 0 1
5.63715 -5.69584 73810 7.2606 -2.13123 213.336 467.12 -13 4634 1 0 1
-4.10613 9.44021 73810 -10.3529 27.1527 212.643 467.083 -13 4635 1 0 1
12.7092 30.9841 73810 -32.2634 32.0495 207.649 467.252 -13 4636 1 0 1
-9.11476 24.4874 73810 -31.9385 6.5248 189.748 467.289 -13 4637 1 0 1
-17.2807 39.8909 73810 -49.0539 49.541 227.229 467.177 -13 4638 1 0 1
18.1928 16.5367 73810 -4.36321 24.3549 208.967 467.103 -13 4639 1 0 1
13.717 19.5182 73810 -2.40931 36.0432 220.672 467.157 -13 4640 1 0 1
24.8756 21.7773 73810 10.8688 21.6141 228.173 467.253 -13 4641 1 0 1
-3.91445 13.8277 73810 2.83647 16.2424 241.447 467.819 -13 4643 1 0 1
-32.1046 23.1002 73810 -40.3886 -13.915 168.858 467.144 -13 4644 1 0 1
-20.4742 28.1717 73810 -55.211 32.3274 239.796 467.343 -13 4645 1 0 1
18.6908 66.0131 73810 -31.0017 57.167 191.195 467.976 -13 4648 1 0 1
-17.8947 18.4831 73810 -30.1014 -5.9632 182.046 467.578 -13 4650 1 0 1
10.7211 -2.28485 73810 -9.51991 3.43454 250.829 467.193 -13 4653 1 0 1
-15.9581 1.68269 73810 -47.422 -18.107 213.169 467.608 -13 4655 1 0 1
23.3411 -18.3187 73810 33.5775 16.4133 228.765 467.886 -13 4657 1 0 1
3.12272 11.2528 73810 -1.34379 -4.8654 199.755 467.452 -13 4658 1 0 1
15.0707 24.4244 73810 -14.8595 8.42044 188.314 467.416 -13 4659 1 0 1
8.35212 9.86878 73810 -8.77773 48.5122 245.784 467.19 -13 4660 1 0 1
0.249405 3.32952 73810 -9.7114 19.4925 194.032 467.331 -13 4661 1 0 1
-6.34282 31.7968 73810 -19.0207 3.8615 191.878 467.402 -13 4662 1 0 1
-59.2822 29.4643 73810 -66.5034 -26.9911 190.841 467.461 -13 4664 1 0 1
15.9905 -0.653209 73810 11.7027 3.54943 193.006 467.471 -13 4665 1 0 1
-2.83404 11.1432 73810 -5.63947 5.51224 195.355 467.393 -13 4667 1 0 1
-2.90062 45.1544 73810 -13.6957 42.553 235.726 467.423 -13 4668 1 0 1
-10.4293 3.55279 73810 -23.8398 11.039 242.545 467.363 -13 4669 1 0 1
-37.0585 51.3368 73810 -47.9841 15.2073 243.461 467.48 -13 4670 1 0 1
11.8036 66.6485 73810 -37.1964 76.5114 210.715 467.491 -13 4671 1 0 1
8.52272 -10.8889 73810 24.3848 -12.504 218.701 467.168 -13 4673 1 0 1
9.10059 -23.0025 73810 7.50902 -20.9248 234.767 467.14 -13 4674 1 0 1
0.5033 16.7604 73810 -11.2048 14.38 202.54 467.076 -13 4675 1 0 1
-21.2184 -36.1432 73810 -56.3277 -59.8213 238.258 467.164 -13 4676 1 0 1
-0.245774 15.1044 73810 -25.2996 25.8525 201.075 467.173 -13 4677 1 0 1
0.271909 33.6864 73810 -22.5525 15.9908 188.631 467.319 -13 4678 1 0 1
-15.792 38.1047 73810 -41.8918 17.3033 195.935 467.173 -13 4680 1 0 1
11.2461 17.5258 73810 -14.606 16.0029 200.958 467.159 -13 4681 1 0 1
27.9407 11.2088 73810 -11.6851 14.1061 209.856 467.234 -13 4682 1 0 1
11.0053 21.9686 73810 -28.5894 21.1464 201.2 467.242 -13 4684 1 0 1
32.9328 -0.243081 73810 31.5786 15.8804 236.832 467.103 -13 4685 1 0 1
30.7772 28.3638 73810 -25.4509 41.849 208.408 467.204 -13 4686 1 0 1
-16.6869 29.2467 73810 -15.0199 26.6429 210.691 467.154 -13 4687 1 0 1
11.8095 0.865591 73810 10.8337 26.5695 230.546 467.697 -13 4688 1 0 1
-19.8514 8.94576 73810 -13.9182 -4.61383 235.02 466.971 -13 4690 1 0 1
13.8344 5.1534 73810 10.5661 10.0285 204.633 467.262 -13 4693 1 0 1
-1.69397 20.9776 73810 -27.0335 4.00767 193.389 467.374 -13 4694 1 0 1
39.9751 5.41614 73810 29.8933 51.2134 241.225 466.896 -13 4695 1 0 1
-23.3845 24.0417 73810 -49.2964 24.5854 213.96 466.943 -13 4696 1 0 1
-13.2267 -13.8489 73810 -12.4402 7.16051 206.467 467.36 -13 4697 1 0 1
-21.7224 -8.55787 73810 -10.021 -34.5001 186.415 467.295 -13 4698 1 0 1
2.84686 17.3427 73810 -9.32288 19.5035 215.673 466.963 -13 4699 1 0 1
77.2903 40.9983 73810 37.7463 55.9732 255.982 467.467 -13 4700 1 0 1
-41.9281 63.9546 73810 -95.8263 70.6908 226.184 467.591 -13 4701 1 0 1
-7.77979 2.28468 73810 -19.3702 13.764 215.467 467.397 -13 4702 1 0 1
12.2876 18.6738 73810 -20.0669 -3.97978 218.069 466.988 -13 4703 1 0 1
-19.0338 -1.44301 73810 -27.3761 -14.1759 189.798 467.106 -13 4704 1 0 1
-8.7411 -3.87105 73810 3.52207 -24.6467 211.134 467.046 -13 4705 1 0 1
-2.28427 41.8459 73810 -33.15 33.3476 188.543 467.335 -13 4706 1 0 1
-10.9446 -9.03965 73810 -8.36798 -6.42001 207.677 467.058 -13 4707 1 0 1
-19.0381 20.0404 73810 -10.0179 20.851 227.472 467.12 -13 4708 1 0 1
-0.410135 -17.6255 73810 -10.5522 9.74693 207.601 467.078 -13 4709 1 0 1
-4.06295 9.60905 73810 -26.1603 2.66631 185.391 467.216 -13 4710 1 0 1
-5.66824 -10.6967 73810 0.768221 -6.84819 204.454 467.02 -13 4711 1 0 1
10.2815 1.9858 73810 -21.0676 -8.63347 186.774 467.908 -13 4718 1 0 1
0.407994 16.8702 73810 9.5469 28.1189 217.783 467.879 -13 4719 1 0 1
-0.752082 -1.88471 73810 -21.8213 1.97776 249.326 467.486 -13 4720 1 0 1
1.75577 19.5751 73810 -16.7833 30.8228 222.353 466.997 -13 4721 1 0 1
-20.2511 -4.01847 73810 -17.6501 -18.6093 194.899 467.234 -13 4722 1 0 1
15.2309 3.83666 73810 9.48339 20.5035 233.722 467.642 -13 4724 1 0 1
23.0726 0.41568 73810 9.72865 23.0447 243.032 467.527 -13 4725 1 0 1
14.986 28.9709 73810 -3.19516 58.7004 243.722 467.373 -13 4726 1 0 1
-23.3866 19.2108 73810 -29.8262 -3.01813 193.484 467.347 -13 4727 1 0 1
26.2295 20.9994 73810 6.5516 19.3805 200.878 467.433 -13 4729 1 0 1
16.2977 23.0654 73810 -10.0942 31.369 197.974 467.548 -13 4730 1 0 1
-52.363 -21.0721 73810 9.69361 20.8204 274.929 466.622 -13 4731 1 0 1
9.17077 3.14045 73810 -18.4189 6.86355 195.707 467.303 -13 4732 1 0 1
-6.62836 29.4868 73810 -39.6089 4.63507 183.855 467.395 -13 4733 1 0 1
5.83508 37.4123 73810 -20.7619 40.7858 194.602 467.239 -13 4734 1 0 1
-23.7966 51.4668 73810 -51.1723 21.7683 192.629 467.142 -13 4735 1 0 1
-11.7197 6.56516 73810 -7.88916 2.72509 190.731 467.077 -13 4736 1 0 1
0.48275 28.1596 73810 -22.6118 26.0739 203.135 467.456 -13 4737 1 0 1
14.1143 7.88978 73810 -9.12623 10.5919 196.377 467.368 -13 4738 1 0 1
-25.3945 43.5723 73810 -47.4031 21.9503 222.375 468.082 -13 4739 1 0 1
5.86651 4.78136 73810 4.86544 2.54234 192.812 467.29 -13 4740 1 0 1
11.4593 16.8771 73810 -6.70534 35.241 205.548 467.424 -13 4741 1 0 1
27.856 39.3412 73810 -6.5754 37.6051 197.4 467.356 -13 4742 1 0 1
-22.7941 20.6419 73810 -63.7949 6.53008 210.356 467.181 -13 4743 1 0 1
-14.7654 3.32509 73810 -8.06169 -11.2453 201.814 467.268 -13 4744 1 0 1
8.12716 61.0602 73810 -30.2616 48.2489 199.146 467.374 -13 4745 1 0 1
-29.9593 46.5192 73810 -51.5425 11.4075 183.742 467.26 -13 4746 1 0 1
0.852857 29.4355 73810 -13.8993 10.1158 190.384 467.356 -13 4747 1 0 1
38.0036 44.3045 73810 -12.6178 51.3414 196.076 467.272 -13 4748 1 0 1
17.3299 16.3148 73810 16.0114 30.755 225.511 466.97 -13 4749 1 0 1
11.2952 22.1499 73810 -9.8502 11.4105 193.707 467.356 -13 4750 1 0 1
-6.32918 4.83215 73810 -14.3946 -5.45897 193.892 467.213 -13 4751 1 0 1
-9.96486 21.8009 73810 -34.9948 12.436 212.418 466.983 -13 4752 1 0 1
-1.2788 15.1764 73810 -26.3625 8.9601 190.073 467.095 -13 4753 1 0 1
-18.8063 23.4787 73810 -43.3678 26.7814 254.248 467.253 -13 4754 1 0 1
2.11588 -40.9452 73810 5.50562 -33.4717 182.246 467.666 -13 4756 1 0 1
-13.7097 4.8785 73810 -40.3186 12.9827 238.062 467.065 -13 4757 1 0 1
5.57275 10.3619 73810 -13.8164 2.96552 196.088 467.072 -13 4758 1 0 1
-31.3884 -7.33282 73810 -5.06145 -17.0604 215.472 468.019 -13 4761 1 0 1
21.498 15.4274 73810 13.5771 17.0953 229.267 467.961 -13 4763 1 0 1
36.5493 34.6884 73810 -1.04673 45.4759 202.271 467.09 -13 4766 1 0 1
42.6748 15.6125 73810 38.2563 47.6326 225.257 467.896 -13 4768 1 0 1
5.46158 12.0651 73810 -7.85457 16.367 186.496 467.719 -13 4769 1 0 1
42.7499 -11.1217 73810 32.2126 13.3323 209.049 466.857 -13 4770 1 0 1
17.7797 19.1813 73810 4.35813 5.26858 211.592 467.671 -13 4775 1 0 1
8.44679 12.8015 73810 4.4 20.794 235.02 467.332 -13 4776 1 0 1
4.76368 11.5367 73810 8.92427 34.4537 244.874 467.692 -13 4777 1 0 1
6.23281 -1.2031 73810 -10.8409 41.3602 231.322 467.447 -13 4779 1 0 1
24.3574 27.5649 73810 15.5526 55.111 243.006 467.449 -13 4783 1 0 1
3.09902 18.25 73810 -26.3881 39.8805 242.707 467.372 -13 4785 1 0 1
1.67754 -0.231547 73810 -5.45272 1.80969 246.853 467.229 -13 4786 1 0 1
-9.66028 9.34858 73810 -6.8247 -2.73014 254.881 467.321 -13 4787 1 0 1
68.5614 18.7509 73810 35.3521 48.1419 207.329 467.47 -13 4788 1 0 1
-13.4204 11.3446 73810 12.8558 24.7081 213.308 467.749 -13 4789 1 0 1
19.9168 17.2793 73810 10.8961 41.4497 236.648 467.171 -13 4790 1 0 1
-18.0071 31.8542 73810 -41.3916 6.93709 194.979 467.227 -13 4794 1 0 1
-14.5034 20.422 73810 -28.2351 8.98623 218.006 467.033 -13 4795 1 0 1
33.839 -19.8994 73810 34.2784 10.4276 239.453 467.324 -13 4797 1 0 1
-16.9236 47.5864 73810 -31.4607 36.9902 214.392 466.982 -13 4798 1 0 1
-28.559 6.10528 73810 -13.216 -4.4635 250.523 467.636 -13 4799 1 0 1
5.41176 -22.2982 73810 4.93143 -16.508 219.806 467.097 -13 4800 1 0 1
-25.2683 -17.5514 73810 -27.9712 -20.9789 265.237 467.543 -13 4801 1 0 1
11.864 29.5063 73810 -19.367 31.856 227.649 467.104 -13 4803 1 0 1
11.3598 17.8566 73810 -16.5636 26.6928 203.692 467.099 -13 4805 1 0 1
1.65659 23.1071 73810 -16.561 30.5743 206.17 467.071 -13 4806 1 0 1
11.4236 39.2122 73810 -13.8862 33.1852 191.625 467.173 -13 4807 1 0 1
-0.474837 30.4063 73810 -23.9101 51.2143 206.26 467.225 -13 4808 1 0 1
8.17772 48.2873 73810 -11.6554 50.4228 206.814 467.118 -13 4809 1 0 1
8.78709 -0.232449 73810 30.4776 23.2693 229.576 467.042 -13 4811 1 0 1
13.9071 34.8295 73810 -19.505 28.5765 193.85 467.44 -13 4813 1 0 1
3.18992 43.3215 73810 -27.6255 34.7033 189.321 467.384 -13 4814 1 0 1
19.0598 29.0808 73810 11.5514 39.3394 203.994 467.349 -13 4815 1 0 1
-22.538 41.9288 73810 -38.0102 16.3941 193.746 467.352 -13 4817 1 0 1
4.37305 -2.77473 73810 -16.8775 11.3339 205.369 467.035 -13 4818 1 0 1
10.922 21.5746 73810 5.54091 44.393 234.479 467.637 -13 4822 1 0 1
-9.76014 -2.01106 73810 -1.15244 -9.83737 218.116 467.671 -13 4823 1 0 1
-17.1746 12.4717 73810 -32.0586 -2.58483 198.33 467.131 -13 4828 1 0 1
18.5293 2.56936 73810 18.9298 21.5072 224.796 466.977 -13 4830 1 0 1
13.6438 6.42075 73810 1.25379 29.0187 216.242 467.071 -13 4831 1 0 1
13.9405 14.4189 73810 -4.71536 2.82575 194.644 467.081 -13 4832 1 0 1
-3.12954 14.6523 73810 -6.15158 4.94719 219.541 466.954 -13 4834 1 0 1
-1.79056 -10.4518 73810 -5.9934 10.3818 208.412 466.971 -13 4835 1 0 1
-8.50237 -1.0613 73810 -13.3158 -12.5707 207.43 466.99 -13 4836 1 0 1
22.9344 2.7011 73810 35.3624 9.28804 238.852 467.014 -13 4837 1 0 1
15.5706 56.0349 73810 -36.4129 36.036 191.272 467.047 -13 4838 1 0 1
8.62259 18.2241 73810 -15.3604 7.62907 206.185 467.506 -13 4839 1 0 1
-1.16172 13.2042 73810 -10.7412 20.5565 214.934 467.21 -13 4840 1 0 1
-2.5754 33.4548 73810 -27.5854 36.1889 210.494 467.305 -13 4841 1 0 1
-10.0033 19.4907 73810 -11.5493 -72.6181 281.161 467.203 -13 4843 1 0 1
0.463167 -24.948 73810 13.2001 -16.8959 225.794 466.946 -13 4844 1 0 1
-22.7753 9.66754 73810 -36.5072 1.24998 213.192 467.321 -13 4845 1 0 1
-33.0383 7.22677 73810 -13.1509 -1.24815 230.929 467.295 -13 4846 1 0 1
-19.4783 -20.6512 73810 -22.3815 -21.4428 234.523 467.086 -13 4847 1 0 1
9.6246 43.6858 73810 -13.7323 61.7223 207.913 467.582 -13 4848 1 0 1
-2.46098 -16.3021 73810 16.9925 -5.72481 203.399 467.32 -13 4850 1 0 1
-1.97827 25.0999 73810 -49.9045 32.4898 216.538 467.532 -13 4851 1 0 1
13.1927 5.42247 73810 -4.45247 11.4964 197.301 467.414 -13 4852 1 0 1
10.1248 13.1836 73810 1.93734 11.5428 199.015 467.306 -13 4853 1 0 1
11.2658 26.03 73810 2.42108 20.886 210.148 467.39 -13 4855 1 0 1
0.628196 1.24605 73810 -33.0969 -21.8423 238.784 467.036 -13 4856 1 0 1
6.07135 -5.71128 73810 -3.51799 21.6301 227.85 467.155 -13 4857 1 0 1
14.9485 36.8853 73810 -9.18473 55.3727 219.884 467.809 -13 4859 1 0 1
31.4542 35.3555 73810 23.284 88.6713 228.492 467.957 -13 4861 1 0 1
-5.9721 -4.2574 73810 -4.50607 2.68056 201.467 466.895 -13 4862 1 0 1
-31.0328 29.1441 73810 -42.2204 20.8973 216.379 467.904 -13 4863 1 0 1
-9.30583 36.9369 73810 -22.1907 20.0599 212.253 467.209 -13 4864 1 0 1
-0.261557 -7.56279 73810 -15.37 -1.55379 199.152 467.251 -13 4865 1 0 1
17.7686 20.5391 73810 -1.82508 37.9254 212.071 467.117 -13 4866 1 0 1
21.5071 -2.8263 73810 9.49295 7.17498 209.35 467.135 -13 4867 1 0 1
14.0004 -1.43168 73810 5.58868 17.0965 222.887 467.021 -13 4868 1 0 1
25.7548 11.6966 73810 18.1007 60.286 232.051 467.197 -13 4869 1 0 1
36.6007 6.69022 73810 31.8748 29.9694 214.039 467.23 -13 4870 1 0 1
18.2569 5.42234 73810 -9.62664 15.4645 228.535 467.126 -13 4871 1 0 1
14.7304 -5.4332 73810 -7.51516 -8.57705 210.418 467.029 -13 4872 1 0 1
3.34359 -33.0573 73810 10.9075 -20.9118 217.331 467.109 -13 4873 1 0 1
-13.5017 11.2338 73810 -16.4325 8.25872 202.494 467.191 -13 4874 1 0 1
-1.49007 -2.38171 73810 0.514726 40.5011 249.648 467.547 -13 4876 1 0 1
-0.424399 -15.4887 73810 -3.34921 10.3015 215.012 467.222 -13 4879 1 0 1
54.5107 -14.9888 73810 49.4713 6.57112 183.337 467.531 -13 4881 1 0 1
-28.4988 7.63856 73810 -48.3532 5.26775 223.607 467.788 -13 4884 1 0 1
32.529 1.61685 73810 25.3839 33.1495 229.744 467.685 -13 4886 1 0 1
-16.2543 -3.44967 73810 -15.9533 -0.250912 220.672 467.802 -13 4888 1 0 1
9.76968 28.35 73810 15.5808 36.3354 212.259 467.137 -13 4889 1 0 1
-7.1739 15.155 73810 -2.18003 37.3333 229.406 467.015 -13 4891 1 0 1
-1.24671 11.7839 73810 17.8158 26.1956 252.677 467.276 -13 4893 1 0 1
2.18212 1.19669 73810 -19.5542 -6.8373 208.114 467.018 -13 4894 1 0 1
-30.0859 -3.9572 73810 -37.3905 -3.17325 213.556 466.963 -13 4895 1 0 1
16.829 0.709106 73810 23.7806 3.94027 205.637 467.123 -13 4896 1 0 1
37.5939 57.6101 73810 6.34824 78.2885 204.466 467.462 -13 4897 1 0 1
-9.2656 39.3243 73810 -44.0896 14.9588 200.99 467.163 -13 4899 1 0 1
38.2673 39.4753 73810 14.5148 46.9038 218.515 467.152 -13 4900 1 0 1
-6.85909 37.9014 73810 -24.0708 24.5434 204.049 467.04 -13 4901 1 0 1
13.004 37.4316 73810 -20.8983 24.1221 189.702 467.459 -13 4902 1 0 1
-8.0594 12.1439 73810 -25.4045 -1.87638 198.232 467.097 -13 4903 1 0 1
-13.8896 -18.1605 73810 -18.5694 -16.0935 240.158 467.092 -13 4904 1 0 1
7.11805 -13.2208 73810 -6.54699 -2.12245 208.542 467.143 -13 4905 1 0 1
-0.058292 34.0893 73810 -27.5277 23.8116 225.426 467.922 -13 4907 1 0 1
38.5421 43.0688 73810 -3.02651 58.8167 194.13 467.239 -13 4908 1 0 1
-5.78132 -7.40466 73810 7.02029 12.3233 229.244 467.255 -13 4909 1 0 1
4.44604 17.4072 73810 28.7269 26.0944 250.506 467.291 -13 4910 1 0 1
14.4035 12.6032 73810 13.2821 36.052 238.764 467.269 -13 4911 1 0 1
40.9171 14.1064 73810 56.7652 44.3317 246.426 467.579 -13 4912 1 0 1
42.2104 16.5871 73810 31.8099 41.625 230.447 467.943 -13 4914 1 0 1
27.3438 21.8864 73810 18.5841 50.0026 244.416 467.517 -13 4916 1 0 1
-13.4673 2.67208 73810 -11.5479 -12.9632 207.534 467.023 -13 4917 1 0 1
-13.3419 13.4511 73810 -11.9826 -1.13816 205.388 467.091 -13 4918 1 0 1
-10.9234 14.8123 73810 -15.329 24.1093 241.062 467.24 -13 4919 1 0 1
20.5035 9.4846 73810 1.68736 16.1543 217.912 467.052 -13 4920 1 0 1
1.77742 0.940294 73810 -5.51224 4.70528 231.858 467.099 -13 4921 1 0 1
-9.568 20.5063 73810 -18.9866 23.2049 214.922 467.064 -13 4922 1 0 1
8.58562 -5.7731 73810 26.6589 15.5608 232.669 467.118 -13 4923 1 0 1
13.2671 22.0409 73810 30.0623 48.6324 235.005 467.299 -13 4924 1 0 1
0.122793 -1.48746 73810 -1.51175 0.145471 222.452 466.989 -13 4925 1 0 1
12.1582 3.98361 73810 1.93499 17.5282 228.405 466.967 -13 4926 1 0 1
64.9871 30.5619 73810 -12.6652 61.2474 198.278 468.572 -13 4927 1 0 1
14.3592 20.4377 73810 -10.0279 41.9943 228.083 467.252 -13 4928 1 0 1
3.2259 -5.92847 73810 14.7576 -3.86767 239.759 467.523 -13 4929 1 0 1
21.4738 3.93832 73810 22.2269 6.58045 256.543 467.509 -13 4930 1 0 1
29.6292 5.8911 73810 -12.7761 7.75713 197.073 467.677 -13 4931 1 0 1
32.0695 -1.04889 73810 29.6701 22.3235 237.396 467.218 -13 4932 1 0 1
-6.13593 -19.4002 73810 11.1246 -11.592 189.208 467.467 -13 4933 1 0 1
-24.3703 34.789 73810 -39.9371 3.81712 208.685 467.877 -13 4934 1 0 1
-14.3626 -11.9082 73810 11.6902 -1.11097 241.87 467.341 -13 4935 1 0 1
3.37987 32.7548 73810 -5.7285 28.3753 226.374 467.074 -13 4941 1 0 1
-19.9295 16.1768 73810 -27.5421 15.4035 229.012 467.163 -13 4942 1 0 1
-30.8832 29.974 73810 -42.3664 15.5956 208.409 467.174 -13 4943 1 0 1
5.23504 11.0939 73810 -6.12618 -5.52191 257.951 467.445 -13 4944 1 0 1
-33.0071 14.6478 73810 -50.446 12.0996 238.552 467.294 -13 4945 1 0 1
20.9679 13.1165 73810 -2.91773 17.9882 198.331 467.389 -13 4947 1 0 1
-18.6221 21.4524 73810 -36.0744 12.6935 240.471 467.178 -13 4948 1 0 1
16.9328 35.2815 73810 -4.28848 35.7776 234.706 467.707 -13 4950 1 0 1
29.0958 42.272 73810 -9.36049 35.4975 194.412 467.978 -13 4951 1 0 1
10.5433 11.0482 73810 -7.45982 25.9284 249.21 467.375 -13 4952 1 0 1
-8.96881 11.6711 73810 -0.968489 -4.67527 240.038 467.297 -13 4954 1 0 1
4.63141 33.2545 73810 -10.2308 23.3775 183.581 467.699 -13 4957 1 0 1
19.8197 -5.56325 73810 20.1448 7.791 255.002 467.365 -13 4959 1 0 1
7.49845 9.9382 73810 25.2973 14.554 203.988 467.752 -13 4964 1 0 1
-17.1791 27.1855 73810 -34.585 18.1087 228.141 467.629 -13 4965 1 0 1
18.289 20.8777 73810 -6.02902 18.8605 191.164 467.839 -13 4966 1 0 1
77.1045 -26.2099 73810 70.4156 27.0488 253.457 467.401 -13 4967 1 0 1
12.3048 26.1622 73810 4.41315 39.4248 238.998 467.442 -13 4968 1 0 1
-17.1441 17.7666 73810 -23.3271 14.6376 229.556 467.581 -13 4972 1 0 1
6.57436 43.7234 73810 -8.38915 43.6712 218.487 467.894 -13 4973 1 0 1
-38.284 -22.2683 73810 -19.8659 -29.1301 182.623 466.968 -13 4975 1 0 1
5.68295 19.7591 73810 -4.14208 46.3862 240.406 467.429 -13 4976 1 0 1
-3.93265 11.4703 73810 -26.6291 -14.6885 191.821 467.258 -13 4978 1 0 1
-20.8486 34.76 73810 -40.6537 8.62095 198.949 467.382 -13 4981 1 0 1
20.092 -10.7719 73810 6.43237 -4.81286 195.674 467.311 -13 4982 1 0 1
0.425023 32.8693 73810 0.939372 43.2629 235.943 467.963 -13 4983 1 0 1
-8.27786 26.9982 73810 -21.3403 24.6494 203.821 467.519 -13 4984 1 0 1
-7.29283 -11.2834 73810 -17.975 -12.906 195.998 467.222 -13 4985 1 0 1
-6.02591 15.1935 73810 -29.23 -2.50338 201.73 467.238 -13 4986 1 0 1
2.82747 9.60293 73810 10.1337 5.79409 235.907 467.788 -13 4987 1 0 1
-16.6237 -0.941286 73810 -11.7827 27.7721 262.352 467.353 -13 4988 1 0 1
2.7113 -8.26684 73810 -7.10298 6.30325 259.891 467.023 -13 4989 1 0 1
-5.73978 19.376 73810 -34.9631 26.8007 226.96 467.099 -13 4992 1 0 1
-6.97904 11.0112 73810 -9.22489 34.3014 230.702 467.68 -13 4993 1 0 1
-3.93042 2.21099 73810 -28.0763 39.7362 248.514 467.417 -13 4994 1 0 1
38.0739 -3.19494 73810 19.1487 18.8141 210.258 467.284 -13 4996 1 0 1
-18.4057 10.0903 73810 -16.9227 -3.6597 209.438 467.266 -13 4997 1 0 1
-5.74001 38.6622 73810 -32.1351 28.1028 203.916 467.235 -13 4998 1 0 1
20.7672 8.18427 73810 11.7668 19.805 200.718 467.231 -13 4999 1 0 1
10.1591 19.8429 73810 -15.7278 13.0924 201.521 467.477 -13 5000 1 0 1
