G4BL_DIR=/home/incik/G4beamline-3.08
G4LEDATA=/home/incik/Geant4Data/G4EMLOW8.0
G4ENSDFSTATEDATA=/home/incik/Geant4Data/G4ENSDFSTATE2.3
G4PARTICLEXSDATA=/home/incik/Geant4Data/G4PARTICLEXS4.0
G4LEVELGAMMADATA=/home/incik/Geant4Data/PhotonEvaporation5.7
G4RADIOACTIVEDATA=/home/incik/Geant4Data/RadioactiveDecay5.6
G4beamline Process ID 7051

*************************************************************
 g4beamline version: 3.08                        (Aug 11 2022)
                      Copyright : Tom Roberts, Muons, Inc.
                        License : Gnu Public License
                            WWW : http://g4beamline.muonsinc.com

          ################################
          !!! G4Backtrace is activated !!!
          ################################


**************************************************************
 Geant4 version Name: geant4-11-00-patch-02 [MT]   (25-May-2022)
                       Copyright : Geant4 Collaboration
                      References : NIM A 506 (2003), 250-303
                                 : IEEE-TNS 53 (2006), 270-278
                                 : NIM A 835 (2016), 186-225
                             WWW : http://geant4.org/
**************************************************************

geometry                   nPoints=100 printGeometry=0 visual=0
                           tolerance=0.002
param        filename      for009
param        last          2000
param        final_output  beam_stage9_out
G4PhysListFactory::GetReferencePhysList <QGSP_BERT_EMX>  EMoption= 2
<<< Geant4 Physics List simulation engine: QGSP_BERT

G4VModularPhysicsList::ReplacePhysics: G4EmStandard with type : 2 is replaced with G4EmStandard_opt2

physics      QGSP_BERT_EMX disable= inactivate= deactivate= doStochastics=1
                           fluct=1 minRangeCut=1 list=0 gammaToMuPair=0
                           spinTracking=0 synchrotronRadiation=0
                           synchrotronRadiationMuon=0 maxTime=1e+06
param        pi            3.1415926
param        ncells        60
param        cell_length   780
param        coilname1     coil1
param        coilname2     coil2
param        coilname3     coil3
param        solpos1       0.10011367615429359
param        coil_length1  120.38740169437966
param        coil_radius1  53
param        coil_width1   80
param        current1      222.9971220206919
param        bendpos       0.1
param        angle         1.5
param        solpos2       0.1706563510028725
param        coil_length2  70.18075474288861
param        coil_radius2  163
param        coil_width2   150
param        current2      107.27771763956034
param        angle         1.5
param        bendpos       0.1
param        solpos3       0.23790669255906333
param        coil_length3  236.865849696550
param        coil_radius3  343
param        coil_width3   200
param        current3      106.56628357742449
param        dipole        0.153
param        dipole_length 100
param        pres          35
param        rf_length     80
param        rf_fre        0.704
param        rf_grad       23.841477448781845
param        rf_ph         15.365305896660475
param        rf_window_length 0.01
param        wallthick     0.01
material H2     Z=1.00 A=1.01
                density=0.003 temperature=273 pressure=35.0
param        cavity_gas    Vacuum
param        pipe_radius   23
param        pipe_diameter 46
param        fringe_length 92
param        pipe_length   229.96
param        wedge_window_length 0.05
param        half_wedge_length 75
param        wedge_apex    140
param        end_z         47590
param        x_last        -1.28
param        y_last        -1.76
param        x_off         -1.0230672
param        y_off         -1.5422333
param        first         1
param        ref_momentum  195
reference                  particle=mu+ beamX=-1.023 beamY=-1.542 beamZ=0
                           beamT=1640 rotation= referenceMomentum=195 beamXp=0
                           beamYp=0 meanMomentum=195 meanXp=0 meanYp=0
                           tuneZ=-3.7e+21 tuneMomentum=-3.7e+21
                           tolerance=0.001 noEfield=1 noBfield=1 noEloss=1
                           P=195
beam    ASCII   nEvents=2000 firstEvent=1 lastEvent=2000 beamZ=-3700000000000000000000.0 maxR=1000000.0 renumber=0 weight=1.000000 
		filename=beam_stage9.beam format=BLTrackFile 
		
trackcuts                  kill= keep= killSecondaries=1 kineticEnergyCut=0
                           kineticEnergyMax=1.798e+308 maxTime=1e+06
                           keepPrimaries=0 steppingVerbose=0
trace                      nTrace=1 format=Trace oneNTuple=0 primaryOnly=0
                           traceTune=1 filename=Ev%dTrk%d file=Ev%dTrk%d
                           require= coordinates=Centerline
virtualdetector beamDet    radius=800 innerRadius=0 height=1600 width=1600
                           length=0.001 maxStep=100 material= color=1,1,1
                           noSingles=0 format=bltrackfile
                           filename=beam_stage9_out file=beam_stage9_out
                           require= referenceParticle=0 coordinates=Centerline
                           kill=0
genericbend  solbend       fieldWidth=1000 fieldHeight=1000 fieldLength=100
                           ironWidth=-1 ironHeight=-1 ironLength=-1 By=0.153
                           maxStep=100 fieldMaterial=Vacuum fieldColor=
                           ironMaterial=Fe ironColor=1,1,1 kill=1 fringe=0
                           fringeFactor=1 openAperture=1
fieldexpr fringe_left: Map 30000 points  Max Relative Error = 0.0012
fieldexpr fringe_left: Map 178503 points  Max Relative Error = 0.0003
fieldexpr    fringe_left   factorB=1 factorE=1 timeOffset=0 Bx=
                           By=0.153*((1+exp(5*-z/46)*cos(5*y/46))/(1+2*exp(5*-z/46)*cos(5*y/46)+exp(2*5*-z/46)))
                           Bz=-0.153*exp(5*-z/46)*sin(5*y/46)/(1+2*exp(5*-z/46)*cos(5*y/46)+exp(2*5*-z/46))
                           Br= Bphi= Ex= Ey= Ez= Er= time= nX=3 nY=199 nZ=299
                           nR=11 nT=11 tolerance=0.001 length=92 width=46
                           height=46 radius=-1 tmin=0 tmax=0
fieldexpr fringe_right: Map 30000 points  Max Relative Error = 0.0012
fieldexpr fringe_right: Map 178503 points  Max Relative Error = 0.0003
fieldexpr    fringe_right  factorB=1 factorE=1 timeOffset=0 Bx=
                           By=0.153*((1+exp(5*z/46)*cos(5*y/46))/(1+2*exp(5*z/46)*cos(5*y/46)+exp(2*5*z/46)))
                           Bz=-0.153*exp(5*z/46)*sin(5*y/46)/(1+2*exp(5*z/46)*cos(5*y/46)+exp(2*5*z/46))
                           Br= Bphi= Ex= Ey= Ez= Er= time= nX=3 nY=199 nZ=299
                           nR=11 nT=11 tolerance=0.001 length=92 width=46
                           height=46 radius=-1 tmin=0 tmax=0
coil    coil1   innerRadius=53.0 outerRadius=133.0 length=120.4 material=Cu 
		tolerance=0.002 nSheets=0 
		maxR=373.0 maxZ=780.0 dR=0.0 dZ=0.0 filename=coil1.dat 
coilmap coil1   tolerance=0.00200 [fraction of Bz(r=0,z=0)]
coilmap coil1   read file 'coil1.dat'  dR=4.7 dZ=4.7
solenoid     sol1          coilName=coil1 current=223 color=1,1,1 alternate=0
                           kill=1 coil=coil1
solenoid     sol2          coilName=coil1 current=-223 color=1,1,1 alternate=0
                           kill=1 coil=coil1
coil    coil2   innerRadius=163.0 outerRadius=313.0 length=70.2 material=Cu 
		tolerance=0.002 nSheets=0 
		maxR=763.0 maxZ=780.0 dR=0.0 dZ=0.0 filename=coil2.dat 
coilmap coil2   tolerance=0.00200 [fraction of Bz(r=0,z=0)]
coilmap coil2   read file 'coil2.dat'  dR=4.8 dZ=4.8
solenoid     sol3          coilName=coil2 current=107.3 color=1,1,1
                           alternate=0 kill=1 coil=coil2
solenoid     sol4          coilName=coil2 current=-107.3 color=1,1,1
                           alternate=0 kill=1 coil=coil2
coil    coil3   innerRadius=343.0 outerRadius=543.0 length=236.9 material=Cu 
		tolerance=0.002 nSheets=0 
		maxR=1143.0 maxZ=780.0 dR=0.0 dZ=0.0 filename=coil3.dat 
coilmap coil3   tolerance=0.00200 [fraction of Bz(r=0,z=0)]
coilmap coil3   read file 'coil3.dat'  dR=14.3 dZ=14.3
solenoid     sol5          coilName=coil3 current=106.6 color=1,1,1
                           alternate=0 kill=1 coil=coil3
solenoid     sol6          coilName=coil3 current=-106.6 color=1,1,1
                           alternate=0 kill=1 coil=coil3
tubs         pipe          innerRadius=23 outerRadius=24 initialPhi=0
                           finalPhi=360 length=230 maxStep=100 material=
                           color=1,1,1 kill=1 radius=24
pillbox      cav00         maxGradient=23.19 color=1.0,0.0,0.0 frequency=0.704
                           innerLength=80 innerRadius=163 pipeThick=3
                           wallThick=0.01 irisRadius=23 collarRadialThick=5
                           collarThick=0 win1Thick=0.01 win1OuterRadius=50
                           win2Thick=0.01 winMat=Be phaseAcc=18.07
                           skinDepth=0.002 timingTolerance=0.001 maxStep=100
                           cavityMaterial=Vacuum timeOffset=-4.7e+21
                           timeIncrement=0 fieldMapFile= kill=1
pillbox      cav01         maxGradient=23.94 color=1.0,0.0,0.0 frequency=0.704
                           innerLength=80 innerRadius=163 pipeThick=3
                           wallThick=0.01 irisRadius=23 collarRadialThick=5
                           collarThick=0 win1Thick=0.01 win1OuterRadius=50
                           win2Thick=0.01 winMat=Be phaseAcc=-0.8301
                           skinDepth=0.002 timingTolerance=0.001 maxStep=100
                           cavityMaterial=Vacuum timeOffset=-4.7e+21
                           timeIncrement=0 fieldMapFile= kill=1
pillbox      cav02         maxGradient=24.09 color=1.0,0.0,0.0 frequency=0.704
                           innerLength=80 innerRadius=163 pipeThick=3
                           wallThick=0.01 irisRadius=23 collarRadialThick=5
                           collarThick=0 win1Thick=0.01 win1OuterRadius=50
                           win2Thick=0.01 winMat=Be phaseAcc=13.64
                           skinDepth=0.002 timingTolerance=0.001 maxStep=100
                           cavityMaterial=Vacuum timeOffset=-4.7e+21
                           timeIncrement=0 fieldMapFile= kill=1
pillbox      cav03         maxGradient=24.48 color=1.0,0.0,0.0 frequency=0.704
                           innerLength=80 innerRadius=163 pipeThick=3
                           wallThick=0.01 irisRadius=23 collarRadialThick=5
                           collarThick=0 win1Thick=0.01 win1OuterRadius=50
                           win2Thick=0.01 winMat=Be phaseAcc=1.409
                           skinDepth=0.002 timingTolerance=0.001 maxStep=100
                           cavityMaterial=Vacuum timeOffset=-4.7e+21
                           timeIncrement=0 fieldMapFile= kill=1
pillbox      cav10         maxGradient=24.78 color=1.0,0.0,0.0 frequency=0.704
                           innerLength=80 innerRadius=163 pipeThick=3
                           wallThick=0.01 irisRadius=23 collarRadialThick=5
                           collarThick=0 win1Thick=0.01 win1OuterRadius=50
                           win2Thick=0.01 winMat=Be phaseAcc=26.97
                           skinDepth=0.002 timingTolerance=0.001 maxStep=100
                           cavityMaterial=Vacuum timeOffset=-4.7e+21
                           timeIncrement=0 fieldMapFile= kill=1
pillbox      cav11         maxGradient=21.85 color=1.0,0.0,0.0 frequency=0.704
                           innerLength=80 innerRadius=163 pipeThick=3
                           wallThick=0.01 irisRadius=23 collarRadialThick=5
                           collarThick=0 win1Thick=0.01 win1OuterRadius=50
                           win2Thick=0.01 winMat=Be phaseAcc=19.44
                           skinDepth=0.002 timingTolerance=0.001 maxStep=100
                           cavityMaterial=Vacuum timeOffset=-4.7e+21
                           timeIncrement=0 fieldMapFile= kill=1
pillbox      cav12         maxGradient=23.88 color=1.0,0.0,0.0 frequency=0.704
                           innerLength=80 innerRadius=163 pipeThick=3
                           wallThick=0.01 irisRadius=23 collarRadialThick=5
                           collarThick=0 win1Thick=0.01 win1OuterRadius=50
                           win2Thick=0.01 winMat=Be phaseAcc=23.18
                           skinDepth=0.002 timingTolerance=0.001 maxStep=100
                           cavityMaterial=Vacuum timeOffset=-4.7e+21
                           timeIncrement=0 fieldMapFile= kill=1
pillbox      cav13         maxGradient=24.61 color=1.0,0.0,0.0 frequency=0.704
                           innerLength=80 innerRadius=163 pipeThick=3
                           wallThick=0.01 irisRadius=23 collarRadialThick=5
                           collarThick=0 win1Thick=0.01 win1OuterRadius=50
                           win2Thick=0.01 winMat=Be phaseAcc=24.48
                           skinDepth=0.002 timingTolerance=0.001 maxStep=100
                           cavityMaterial=Vacuum timeOffset=-4.7e+21
                           timeIncrement=0 fieldMapFile= kill=1
pillbox      cav20         maxGradient=25.05 color=1.0,0.0,0.0 frequency=0.704
                           innerLength=80 innerRadius=163 pipeThick=3
                           wallThick=0.01 irisRadius=23 collarRadialThick=5
                           collarThick=0 win1Thick=0.01 win1OuterRadius=50
                           win2Thick=0.01 winMat=Be phaseAcc=19.46
                           skinDepth=0.002 timingTolerance=0.001 maxStep=100
                           cavityMaterial=Vacuum timeOffset=-4.7e+21
                           timeIncrement=0 fieldMapFile= kill=1
pillbox      cav21         maxGradient=24.36 color=1.0,0.0,0.0 frequency=0.704
                           innerLength=80 innerRadius=163 pipeThick=3
                           wallThick=0.01 irisRadius=23 collarRadialThick=5
                           collarThick=0 win1Thick=0.01 win1OuterRadius=50
                           win2Thick=0.01 winMat=Be phaseAcc=26.67
                           skinDepth=0.002 timingTolerance=0.001 maxStep=100
                           cavityMaterial=Vacuum timeOffset=-4.7e+21
                           timeIncrement=0 fieldMapFile= kill=1
pillbox      cav22         maxGradient=23.4 color=1.0,0.0,0.0 frequency=0.704
                           innerLength=80 innerRadius=163 pipeThick=3
                           wallThick=0.01 irisRadius=23 collarRadialThick=5
                           collarThick=0 win1Thick=0.01 win1OuterRadius=50
                           win2Thick=0.01 winMat=Be phaseAcc=-0.644
                           skinDepth=0.002 timingTolerance=0.001 maxStep=100
                           cavityMaterial=Vacuum timeOffset=-4.7e+21
                           timeIncrement=0 fieldMapFile= kill=1
pillbox      cav23         maxGradient=22.07 color=1.0,0.0,0.0 frequency=0.704
                           innerLength=80 innerRadius=163 pipeThick=3
                           wallThick=0.01 irisRadius=23 collarRadialThick=5
                           collarThick=0 win1Thick=0.01 win1OuterRadius=50
                           win2Thick=0.01 winMat=Be phaseAcc=21.49
                           skinDepth=0.002 timingTolerance=0.001 maxStep=100
                           cavityMaterial=Vacuum timeOffset=-4.7e+21
                           timeIncrement=0 fieldMapFile= kill=1
pillbox      cav30         maxGradient=24.1 color=1.0,0.0,0.0 frequency=0.704
                           innerLength=80 innerRadius=163 pipeThick=3
                           wallThick=0.01 irisRadius=23 collarRadialThick=5
                           collarThick=0 win1Thick=0.01 win1OuterRadius=50
                           win2Thick=0.01 winMat=Be phaseAcc=4.221
                           skinDepth=0.002 timingTolerance=0.001 maxStep=100
                           cavityMaterial=Vacuum timeOffset=-4.7e+21
                           timeIncrement=0 fieldMapFile= kill=1
pillbox      cav31         maxGradient=24.28 color=1.0,0.0,0.0 frequency=0.704
                           innerLength=80 innerRadius=163 pipeThick=3
                           wallThick=0.01 irisRadius=23 collarRadialThick=5
                           collarThick=0 win1Thick=0.01 win1OuterRadius=50
                           win2Thick=0.01 winMat=Be phaseAcc=28.93
                           skinDepth=0.002 timingTolerance=0.001 maxStep=100
                           cavityMaterial=Vacuum timeOffset=-4.7e+21
                           timeIncrement=0 fieldMapFile= kill=1
pillbox      cav32         maxGradient=24.22 color=1.0,0.0,0.0 frequency=0.704
                           innerLength=80 innerRadius=163 pipeThick=3
                           wallThick=0.01 irisRadius=23 collarRadialThick=5
                           collarThick=0 win1Thick=0.01 win1OuterRadius=50
                           win2Thick=0.01 winMat=Be phaseAcc=13.62
                           skinDepth=0.002 timingTolerance=0.001 maxStep=100
                           cavityMaterial=Vacuum timeOffset=-4.7e+21
                           timeIncrement=0 fieldMapFile= kill=1
pillbox      cav33         maxGradient=24.33 color=1.0,0.0,0.0 frequency=0.704
                           innerLength=80 innerRadius=163 pipeThick=3
                           wallThick=0.01 irisRadius=23 collarRadialThick=5
                           collarThick=0 win1Thick=0.01 win1OuterRadius=50
                           win2Thick=0.01 winMat=Be phaseAcc=11.56
                           skinDepth=0.002 timingTolerance=0.001 maxStep=100
                           cavityMaterial=Vacuum timeOffset=-4.7e+21
                           timeIncrement=0 fieldMapFile= kill=1
pillbox      cav40         maxGradient=22.34 color=1.0,0.0,0.0 frequency=0.704
                           innerLength=80 innerRadius=163 pipeThick=3
                           wallThick=0.01 irisRadius=23 collarRadialThick=5
                           collarThick=0 win1Thick=0.01 win1OuterRadius=50
                           win2Thick=0.01 winMat=Be phaseAcc=13.75
                           skinDepth=0.002 timingTolerance=0.001 maxStep=100
                           cavityMaterial=Vacuum timeOffset=-4.7e+21
                           timeIncrement=0 fieldMapFile= kill=1
pillbox      cav41         maxGradient=25.93 color=1.0,0.0,0.0 frequency=0.704
                           innerLength=80 innerRadius=163 pipeThick=3
                           wallThick=0.01 irisRadius=23 collarRadialThick=5
                           collarThick=0 win1Thick=0.01 win1OuterRadius=50
                           win2Thick=0.01 winMat=Be phaseAcc=14.18
                           skinDepth=0.002 timingTolerance=0.001 maxStep=100
                           cavityMaterial=Vacuum timeOffset=-4.7e+21
                           timeIncrement=0 fieldMapFile= kill=1
pillbox      cav42         maxGradient=23.47 color=1.0,0.0,0.0 frequency=0.704
                           innerLength=80 innerRadius=163 pipeThick=3
                           wallThick=0.01 irisRadius=23 collarRadialThick=5
                           collarThick=0 win1Thick=0.01 win1OuterRadius=50
                           win2Thick=0.01 winMat=Be phaseAcc=29.26
                           skinDepth=0.002 timingTolerance=0.001 maxStep=100
                           cavityMaterial=Vacuum timeOffset=-4.7e+21
                           timeIncrement=0 fieldMapFile= kill=1
pillbox      cav43         maxGradient=23.22 color=1.0,0.0,0.0 frequency=0.704
                           innerLength=80 innerRadius=163 pipeThick=3
                           wallThick=0.01 irisRadius=23 collarRadialThick=5
                           collarThick=0 win1Thick=0.01 win1OuterRadius=50
                           win2Thick=0.01 winMat=Be phaseAcc=8.079
                           skinDepth=0.002 timingTolerance=0.001 maxStep=100
                           cavityMaterial=Vacuum timeOffset=-4.7e+21
                           timeIncrement=0 fieldMapFile= kill=1
pillbox      cav50         maxGradient=21.74 color=1.0,0.0,0.0 frequency=0.704
                           innerLength=80 innerRadius=163 pipeThick=3
                           wallThick=0.01 irisRadius=23 collarRadialThick=5
                           collarThick=0 win1Thick=0.01 win1OuterRadius=50
                           win2Thick=0.01 winMat=Be phaseAcc=11.1
                           skinDepth=0.002 timingTolerance=0.001 maxStep=100
                           cavityMaterial=Vacuum timeOffset=-4.7e+21
                           timeIncrement=0 fieldMapFile= kill=1
pillbox      cav51         maxGradient=23.57 color=1.0,0.0,0.0 frequency=0.704
                           innerLength=80 innerRadius=163 pipeThick=3
                           wallThick=0.01 irisRadius=23 collarRadialThick=5
                           collarThick=0 win1Thick=0.01 win1OuterRadius=50
                           win2Thick=0.01 winMat=Be phaseAcc=13.25
                           skinDepth=0.002 timingTolerance=0.001 maxStep=100
                           cavityMaterial=Vacuum timeOffset=-4.7e+21
                           timeIncrement=0 fieldMapFile= kill=1
pillbox      cav52         maxGradient=23.79 color=1.0,0.0,0.0 frequency=0.704
                           innerLength=80 innerRadius=163 pipeThick=3
                           wallThick=0.01 irisRadius=23 collarRadialThick=5
                           collarThick=0 win1Thick=0.01 win1OuterRadius=50
                           win2Thick=0.01 winMat=Be phaseAcc=5.102
                           skinDepth=0.002 timingTolerance=0.001 maxStep=100
                           cavityMaterial=Vacuum timeOffset=-4.7e+21
                           timeIncrement=0 fieldMapFile= kill=1
pillbox      cav53         maxGradient=24.39 color=1.0,0.0,0.0 frequency=0.704
                           innerLength=80 innerRadius=163 pipeThick=3
                           wallThick=0.01 irisRadius=23 collarRadialThick=5
                           collarThick=0 win1Thick=0.01 win1OuterRadius=50
                           win2Thick=0.01 winMat=Be phaseAcc=15.63
                           skinDepth=0.002 timingTolerance=0.001 maxStep=100
                           cavityMaterial=Vacuum timeOffset=-4.7e+21
                           timeIncrement=0 fieldMapFile= kill=1
pillbox      cav60         maxGradient=24.52 color=1.0,0.0,0.0 frequency=0.704
                           innerLength=80 innerRadius=163 pipeThick=3
                           wallThick=0.01 irisRadius=23 collarRadialThick=5
                           collarThick=0 win1Thick=0.01 win1OuterRadius=50
                           win2Thick=0.01 winMat=Be phaseAcc=23.18
                           skinDepth=0.002 timingTolerance=0.001 maxStep=100
                           cavityMaterial=Vacuum timeOffset=-4.7e+21
                           timeIncrement=0 fieldMapFile= kill=1
pillbox      cav61         maxGradient=24.42 color=1.0,0.0,0.0 frequency=0.704
                           innerLength=80 innerRadius=163 pipeThick=3
                           wallThick=0.01 irisRadius=23 collarRadialThick=5
                           collarThick=0 win1Thick=0.01 win1OuterRadius=50
                           win2Thick=0.01 winMat=Be phaseAcc=8.481
                           skinDepth=0.002 timingTolerance=0.001 maxStep=100
                           cavityMaterial=Vacuum timeOffset=-4.7e+21
                           timeIncrement=0 fieldMapFile= kill=1
pillbox      cav62         maxGradient=24.97 color=1.0,0.0,0.0 frequency=0.704
                           innerLength=80 innerRadius=163 pipeThick=3
                           wallThick=0.01 irisRadius=23 collarRadialThick=5
                           collarThick=0 win1Thick=0.01 win1OuterRadius=50
                           win2Thick=0.01 winMat=Be phaseAcc=13.14
                           skinDepth=0.002 timingTolerance=0.001 maxStep=100
                           cavityMaterial=Vacuum timeOffset=-4.7e+21
                           timeIncrement=0 fieldMapFile= kill=1
pillbox      cav63         maxGradient=23.96 color=1.0,0.0,0.0 frequency=0.704
                           innerLength=80 innerRadius=163 pipeThick=3
                           wallThick=0.01 irisRadius=23 collarRadialThick=5
                           collarThick=0 win1Thick=0.01 win1OuterRadius=50
                           win2Thick=0.01 winMat=Be phaseAcc=14.84
                           skinDepth=0.002 timingTolerance=0.001 maxStep=100
                           cavityMaterial=Vacuum timeOffset=-4.7e+21
                           timeIncrement=0 fieldMapFile= kill=1
pillbox      cav70         maxGradient=23.94 color=1.0,0.0,0.0 frequency=0.704
                           innerLength=80 innerRadius=163 pipeThick=3
                           wallThick=0.01 irisRadius=23 collarRadialThick=5
                           collarThick=0 win1Thick=0.01 win1OuterRadius=50
                           win2Thick=0.01 winMat=Be phaseAcc=9.472
                           skinDepth=0.002 timingTolerance=0.001 maxStep=100
                           cavityMaterial=Vacuum timeOffset=-4.7e+21
                           timeIncrement=0 fieldMapFile= kill=1
pillbox      cav71         maxGradient=24.44 color=1.0,0.0,0.0 frequency=0.704
                           innerLength=80 innerRadius=163 pipeThick=3
                           wallThick=0.01 irisRadius=23 collarRadialThick=5
                           collarThick=0 win1Thick=0.01 win1OuterRadius=50
                           win2Thick=0.01 winMat=Be phaseAcc=21.55
                           skinDepth=0.002 timingTolerance=0.001 maxStep=100
                           cavityMaterial=Vacuum timeOffset=-4.7e+21
                           timeIncrement=0 fieldMapFile= kill=1
pillbox      cav72         maxGradient=25.66 color=1.0,0.0,0.0 frequency=0.704
                           innerLength=80 innerRadius=163 pipeThick=3
                           wallThick=0.01 irisRadius=23 collarRadialThick=5
                           collarThick=0 win1Thick=0.01 win1OuterRadius=50
                           win2Thick=0.01 winMat=Be phaseAcc=1.165
                           skinDepth=0.002 timingTolerance=0.001 maxStep=100
                           cavityMaterial=Vacuum timeOffset=-4.7e+21
                           timeIncrement=0 fieldMapFile= kill=1
pillbox      cav73         maxGradient=23.29 color=1.0,0.0,0.0 frequency=0.704
                           innerLength=80 innerRadius=163 pipeThick=3
                           wallThick=0.01 irisRadius=23 collarRadialThick=5
                           collarThick=0 win1Thick=0.01 win1OuterRadius=50
                           win2Thick=0.01 winMat=Be phaseAcc=5.897
                           skinDepth=0.002 timingTolerance=0.001 maxStep=100
                           cavityMaterial=Vacuum timeOffset=-4.7e+21
                           timeIncrement=0 fieldMapFile= kill=1
pillbox      cav80         maxGradient=22.76 color=1.0,0.0,0.0 frequency=0.704
                           innerLength=80 innerRadius=163 pipeThick=3
                           wallThick=0.01 irisRadius=23 collarRadialThick=5
                           collarThick=0 win1Thick=0.01 win1OuterRadius=50
                           win2Thick=0.01 winMat=Be phaseAcc=15.91
                           skinDepth=0.002 timingTolerance=0.001 maxStep=100
                           cavityMaterial=Vacuum timeOffset=-4.7e+21
                           timeIncrement=0 fieldMapFile= kill=1
pillbox      cav81         maxGradient=22.18 color=1.0,0.0,0.0 frequency=0.704
                           innerLength=80 innerRadius=163 pipeThick=3
                           wallThick=0.01 irisRadius=23 collarRadialThick=5
                           collarThick=0 win1Thick=0.01 win1OuterRadius=50
                           win2Thick=0.01 winMat=Be phaseAcc=5.071
                           skinDepth=0.002 timingTolerance=0.001 maxStep=100
                           cavityMaterial=Vacuum timeOffset=-4.7e+21
                           timeIncrement=0 fieldMapFile= kill=1
pillbox      cav82         maxGradient=24.15 color=1.0,0.0,0.0 frequency=0.704
                           innerLength=80 innerRadius=163 pipeThick=3
                           wallThick=0.01 irisRadius=23 collarRadialThick=5
                           collarThick=0 win1Thick=0.01 win1OuterRadius=50
                           win2Thick=0.01 winMat=Be phaseAcc=3.561
                           skinDepth=0.002 timingTolerance=0.001 maxStep=100
                           cavityMaterial=Vacuum timeOffset=-4.7e+21
                           timeIncrement=0 fieldMapFile= kill=1
pillbox      cav83         maxGradient=24.97 color=1.0,0.0,0.0 frequency=0.704
                           innerLength=80 innerRadius=163 pipeThick=3
                           wallThick=0.01 irisRadius=23 collarRadialThick=5
                           collarThick=0 win1Thick=0.01 win1OuterRadius=50
                           win2Thick=0.01 winMat=Be phaseAcc=-5.374
                           skinDepth=0.002 timingTolerance=0.001 maxStep=100
                           cavityMaterial=Vacuum timeOffset=-4.7e+21
                           timeIncrement=0 fieldMapFile= kill=1
pillbox      cav90         maxGradient=22.18 color=1.0,0.0,0.0 frequency=0.704
                           innerLength=80 innerRadius=163 pipeThick=3
                           wallThick=0.01 irisRadius=23 collarRadialThick=5
                           collarThick=0 win1Thick=0.01 win1OuterRadius=50
                           win2Thick=0.01 winMat=Be phaseAcc=13.25
                           skinDepth=0.002 timingTolerance=0.001 maxStep=100
                           cavityMaterial=Vacuum timeOffset=-4.7e+21
                           timeIncrement=0 fieldMapFile= kill=1
pillbox      cav91         maxGradient=23.56 color=1.0,0.0,0.0 frequency=0.704
                           innerLength=80 innerRadius=163 pipeThick=3
                           wallThick=0.01 irisRadius=23 collarRadialThick=5
                           collarThick=0 win1Thick=0.01 win1OuterRadius=50
                           win2Thick=0.01 winMat=Be phaseAcc=4.847
                           skinDepth=0.002 timingTolerance=0.001 maxStep=100
                           cavityMaterial=Vacuum timeOffset=-4.7e+21
                           timeIncrement=0 fieldMapFile= kill=1
pillbox      cav92         maxGradient=25.6 color=1.0,0.0,0.0 frequency=0.704
                           innerLength=80 innerRadius=163 pipeThick=3
                           wallThick=0.01 irisRadius=23 collarRadialThick=5
                           collarThick=0 win1Thick=0.01 win1OuterRadius=50
                           win2Thick=0.01 winMat=Be phaseAcc=16.17
                           skinDepth=0.002 timingTolerance=0.001 maxStep=100
                           cavityMaterial=Vacuum timeOffset=-4.7e+21
                           timeIncrement=0 fieldMapFile= kill=1
pillbox      cav93         maxGradient=22.49 color=1.0,0.0,0.0 frequency=0.704
                           innerLength=80 innerRadius=163 pipeThick=3
                           wallThick=0.01 irisRadius=23 collarRadialThick=5
                           collarThick=0 win1Thick=0.01 win1OuterRadius=50
                           win2Thick=0.01 winMat=Be phaseAcc=25.51
                           skinDepth=0.002 timingTolerance=0.001 maxStep=100
                           cavityMaterial=Vacuum timeOffset=-4.7e+21
                           timeIncrement=0 fieldMapFile= kill=1
pillbox      cav100        maxGradient=25.14 color=1.0,0.0,0.0 frequency=0.704
                           innerLength=80 innerRadius=163 pipeThick=3
                           wallThick=0.01 irisRadius=23 collarRadialThick=5
                           collarThick=0 win1Thick=0.01 win1OuterRadius=50
                           win2Thick=0.01 winMat=Be phaseAcc=17.31
                           skinDepth=0.002 timingTolerance=0.001 maxStep=100
                           cavityMaterial=Vacuum timeOffset=-4.7e+21
                           timeIncrement=0 fieldMapFile= kill=1
pillbox      cav101        maxGradient=22.28 color=1.0,0.0,0.0 frequency=0.704
                           innerLength=80 innerRadius=163 pipeThick=3
                           wallThick=0.01 irisRadius=23 collarRadialThick=5
                           collarThick=0 win1Thick=0.01 win1OuterRadius=50
                           win2Thick=0.01 winMat=Be phaseAcc=20.89
                           skinDepth=0.002 timingTolerance=0.001 maxStep=100
                           cavityMaterial=Vacuum timeOffset=-4.7e+21
                           timeIncrement=0 fieldMapFile= kill=1
pillbox      cav102        maxGradient=25.4 color=1.0,0.0,0.0 frequency=0.704
                           innerLength=80 innerRadius=163 pipeThick=3
                           wallThick=0.01 irisRadius=23 collarRadialThick=5
                           collarThick=0 win1Thick=0.01 win1OuterRadius=50
                           win2Thick=0.01 winMat=Be phaseAcc=4.525
                           skinDepth=0.002 timingTolerance=0.001 maxStep=100
                           cavityMaterial=Vacuum timeOffset=-4.7e+21
                           timeIncrement=0 fieldMapFile= kill=1
pillbox      cav103        maxGradient=23.18 color=1.0,0.0,0.0 frequency=0.704
                           innerLength=80 innerRadius=163 pipeThick=3
                           wallThick=0.01 irisRadius=23 collarRadialThick=5
                           collarThick=0 win1Thick=0.01 win1OuterRadius=50
                           win2Thick=0.01 winMat=Be phaseAcc=14.83
                           skinDepth=0.002 timingTolerance=0.001 maxStep=100
                           cavityMaterial=Vacuum timeOffset=-4.7e+21
                           timeIncrement=0 fieldMapFile= kill=1
pillbox      cav110        maxGradient=23.17 color=1.0,0.0,0.0 frequency=0.704
                           innerLength=80 innerRadius=163 pipeThick=3
                           wallThick=0.01 irisRadius=23 collarRadialThick=5
                           collarThick=0 win1Thick=0.01 win1OuterRadius=50
                           win2Thick=0.01 winMat=Be phaseAcc=7.003
                           skinDepth=0.002 timingTolerance=0.001 maxStep=100
                           cavityMaterial=Vacuum timeOffset=-4.7e+21
                           timeIncrement=0 fieldMapFile= kill=1
pillbox      cav111        maxGradient=24.65 color=1.0,0.0,0.0 frequency=0.704
                           innerLength=80 innerRadius=163 pipeThick=3
                           wallThick=0.01 irisRadius=23 collarRadialThick=5
                           collarThick=0 win1Thick=0.01 win1OuterRadius=50
                           win2Thick=0.01 winMat=Be phaseAcc=28.22
                           skinDepth=0.002 timingTolerance=0.001 maxStep=100
                           cavityMaterial=Vacuum timeOffset=-4.7e+21
                           timeIncrement=0 fieldMapFile= kill=1
pillbox      cav112        maxGradient=24.5 color=1.0,0.0,0.0 frequency=0.704
                           innerLength=80 innerRadius=163 pipeThick=3
                           wallThick=0.01 irisRadius=23 collarRadialThick=5
                           collarThick=0 win1Thick=0.01 win1OuterRadius=50
                           win2Thick=0.01 winMat=Be phaseAcc=9.15
                           skinDepth=0.002 timingTolerance=0.001 maxStep=100
                           cavityMaterial=Vacuum timeOffset=-4.7e+21
                           timeIncrement=0 fieldMapFile= kill=1
pillbox      cav113        maxGradient=23.01 color=1.0,0.0,0.0 frequency=0.704
                           innerLength=80 innerRadius=163 pipeThick=3
                           wallThick=0.01 irisRadius=23 collarRadialThick=5
                           collarThick=0 win1Thick=0.01 win1OuterRadius=50
                           win2Thick=0.01 winMat=Be phaseAcc=26.1
                           skinDepth=0.002 timingTolerance=0.001 maxStep=100
                           cavityMaterial=Vacuum timeOffset=-4.7e+21
                           timeIncrement=0 fieldMapFile= kill=1
pillbox      cav120        maxGradient=23.4 color=1.0,0.0,0.0 frequency=0.704
                           innerLength=80 innerRadius=163 pipeThick=3
                           wallThick=0.01 irisRadius=23 collarRadialThick=5
                           collarThick=0 win1Thick=0.01 win1OuterRadius=50
                           win2Thick=0.01 winMat=Be phaseAcc=15.41
                           skinDepth=0.002 timingTolerance=0.001 maxStep=100
                           cavityMaterial=Vacuum timeOffset=-4.7e+21
                           timeIncrement=0 fieldMapFile= kill=1
pillbox      cav121        maxGradient=24.56 color=1.0,0.0,0.0 frequency=0.704
                           innerLength=80 innerRadius=163 pipeThick=3
                           wallThick=0.01 irisRadius=23 collarRadialThick=5
                           collarThick=0 win1Thick=0.01 win1OuterRadius=50
                           win2Thick=0.01 winMat=Be phaseAcc=39.91
                           skinDepth=0.002 timingTolerance=0.001 maxStep=100
                           cavityMaterial=Vacuum timeOffset=-4.7e+21
                           timeIncrement=0 fieldMapFile= kill=1
pillbox      cav122        maxGradient=24.15 color=1.0,0.0,0.0 frequency=0.704
                           innerLength=80 innerRadius=163 pipeThick=3
                           wallThick=0.01 irisRadius=23 collarRadialThick=5
                           collarThick=0 win1Thick=0.01 win1OuterRadius=50
                           win2Thick=0.01 winMat=Be phaseAcc=10.34
                           skinDepth=0.002 timingTolerance=0.001 maxStep=100
                           cavityMaterial=Vacuum timeOffset=-4.7e+21
                           timeIncrement=0 fieldMapFile= kill=1
pillbox      cav123        maxGradient=24.75 color=1.0,0.0,0.0 frequency=0.704
                           innerLength=80 innerRadius=163 pipeThick=3
                           wallThick=0.01 irisRadius=23 collarRadialThick=5
                           collarThick=0 win1Thick=0.01 win1OuterRadius=50
                           win2Thick=0.01 winMat=Be phaseAcc=8.774
                           skinDepth=0.002 timingTolerance=0.001 maxStep=100
                           cavityMaterial=Vacuum timeOffset=-4.7e+21
                           timeIncrement=0 fieldMapFile= kill=1
pillbox      cav130        maxGradient=22.74 color=1.0,0.0,0.0 frequency=0.704
                           innerLength=80 innerRadius=163 pipeThick=3
                           wallThick=0.01 irisRadius=23 collarRadialThick=5
                           collarThick=0 win1Thick=0.01 win1OuterRadius=50
                           win2Thick=0.01 winMat=Be phaseAcc=23.25
                           skinDepth=0.002 timingTolerance=0.001 maxStep=100
                           cavityMaterial=Vacuum timeOffset=-4.7e+21
                           timeIncrement=0 fieldMapFile= kill=1
pillbox      cav131        maxGradient=25.13 color=1.0,0.0,0.0 frequency=0.704
                           innerLength=80 innerRadius=163 pipeThick=3
                           wallThick=0.01 irisRadius=23 collarRadialThick=5
                           collarThick=0 win1Thick=0.01 win1OuterRadius=50
                           win2Thick=0.01 winMat=Be phaseAcc=16.96
                           skinDepth=0.002 timingTolerance=0.001 maxStep=100
                           cavityMaterial=Vacuum timeOffset=-4.7e+21
                           timeIncrement=0 fieldMapFile= kill=1
pillbox      cav132        maxGradient=24.92 color=1.0,0.0,0.0 frequency=0.704
                           innerLength=80 innerRadius=163 pipeThick=3
                           wallThick=0.01 irisRadius=23 collarRadialThick=5
                           collarThick=0 win1Thick=0.01 win1OuterRadius=50
                           win2Thick=0.01 winMat=Be phaseAcc=11.04
                           skinDepth=0.002 timingTolerance=0.001 maxStep=100
                           cavityMaterial=Vacuum timeOffset=-4.7e+21
                           timeIncrement=0 fieldMapFile= kill=1
pillbox      cav133        maxGradient=26.23 color=1.0,0.0,0.0 frequency=0.704
                           innerLength=80 innerRadius=163 pipeThick=3
                           wallThick=0.01 irisRadius=23 collarRadialThick=5
                           collarThick=0 win1Thick=0.01 win1OuterRadius=50
                           win2Thick=0.01 winMat=Be phaseAcc=-2.86
                           skinDepth=0.002 timingTolerance=0.001 maxStep=100
                           cavityMaterial=Vacuum timeOffset=-4.7e+21
                           timeIncrement=0 fieldMapFile= kill=1
pillbox      cav140        maxGradient=22.73 color=1.0,0.0,0.0 frequency=0.704
                           innerLength=80 innerRadius=163 pipeThick=3
                           wallThick=0.01 irisRadius=23 collarRadialThick=5
                           collarThick=0 win1Thick=0.01 win1OuterRadius=50
                           win2Thick=0.01 winMat=Be phaseAcc=17.43
                           skinDepth=0.002 timingTolerance=0.001 maxStep=100
                           cavityMaterial=Vacuum timeOffset=-4.7e+21
                           timeIncrement=0 fieldMapFile= kill=1
pillbox      cav141        maxGradient=23.79 color=1.0,0.0,0.0 frequency=0.704
                           innerLength=80 innerRadius=163 pipeThick=3
                           wallThick=0.01 irisRadius=23 collarRadialThick=5
                           collarThick=0 win1Thick=0.01 win1OuterRadius=50
                           win2Thick=0.01 winMat=Be phaseAcc=6.963
                           skinDepth=0.002 timingTolerance=0.001 maxStep=100
                           cavityMaterial=Vacuum timeOffset=-4.7e+21
                           timeIncrement=0 fieldMapFile= kill=1
pillbox      cav142        maxGradient=23.84 color=1.0,0.0,0.0 frequency=0.704
                           innerLength=80 innerRadius=163 pipeThick=3
                           wallThick=0.01 irisRadius=23 collarRadialThick=5
                           collarThick=0 win1Thick=0.01 win1OuterRadius=50
                           win2Thick=0.01 winMat=Be phaseAcc=15.11
                           skinDepth=0.002 timingTolerance=0.001 maxStep=100
                           cavityMaterial=Vacuum timeOffset=-4.7e+21
                           timeIncrement=0 fieldMapFile= kill=1
pillbox      cav143        maxGradient=21.53 color=1.0,0.0,0.0 frequency=0.704
                           innerLength=80 innerRadius=163 pipeThick=3
                           wallThick=0.01 irisRadius=23 collarRadialThick=5
                           collarThick=0 win1Thick=0.01 win1OuterRadius=50
                           win2Thick=0.01 winMat=Be phaseAcc=11.73
                           skinDepth=0.002 timingTolerance=0.001 maxStep=100
                           cavityMaterial=Vacuum timeOffset=-4.7e+21
                           timeIncrement=0 fieldMapFile= kill=1
pillbox      cav150        maxGradient=24.19 color=1.0,0.0,0.0 frequency=0.704
                           innerLength=80 innerRadius=163 pipeThick=3
                           wallThick=0.01 irisRadius=23 collarRadialThick=5
                           collarThick=0 win1Thick=0.01 win1OuterRadius=50
                           win2Thick=0.01 winMat=Be phaseAcc=24.13
                           skinDepth=0.002 timingTolerance=0.001 maxStep=100
                           cavityMaterial=Vacuum timeOffset=-4.7e+21
                           timeIncrement=0 fieldMapFile= kill=1
pillbox      cav151        maxGradient=22.78 color=1.0,0.0,0.0 frequency=0.704
                           innerLength=80 innerRadius=163 pipeThick=3
                           wallThick=0.01 irisRadius=23 collarRadialThick=5
                           collarThick=0 win1Thick=0.01 win1OuterRadius=50
                           win2Thick=0.01 winMat=Be phaseAcc=17.37
                           skinDepth=0.002 timingTolerance=0.001 maxStep=100
                           cavityMaterial=Vacuum timeOffset=-4.7e+21
                           timeIncrement=0 fieldMapFile= kill=1
pillbox      cav152        maxGradient=22.36 color=1.0,0.0,0.0 frequency=0.704
                           innerLength=80 innerRadius=163 pipeThick=3
                           wallThick=0.01 irisRadius=23 collarRadialThick=5
                           collarThick=0 win1Thick=0.01 win1OuterRadius=50
                           win2Thick=0.01 winMat=Be phaseAcc=16.29
                           skinDepth=0.002 timingTolerance=0.001 maxStep=100
                           cavityMaterial=Vacuum timeOffset=-4.7e+21
                           timeIncrement=0 fieldMapFile= kill=1
pillbox      cav153        maxGradient=24.65 color=1.0,0.0,0.0 frequency=0.704
                           innerLength=80 innerRadius=163 pipeThick=3
                           wallThick=0.01 irisRadius=23 collarRadialThick=5
                           collarThick=0 win1Thick=0.01 win1OuterRadius=50
                           win2Thick=0.01 winMat=Be phaseAcc=27.67
                           skinDepth=0.002 timingTolerance=0.001 maxStep=100
                           cavityMaterial=Vacuum timeOffset=-4.7e+21
                           timeIncrement=0 fieldMapFile= kill=1
pillbox      cav160        maxGradient=24.01 color=1.0,0.0,0.0 frequency=0.704
                           innerLength=80 innerRadius=163 pipeThick=3
                           wallThick=0.01 irisRadius=23 collarRadialThick=5
                           collarThick=0 win1Thick=0.01 win1OuterRadius=50
                           win2Thick=0.01 winMat=Be phaseAcc=-2.782
                           skinDepth=0.002 timingTolerance=0.001 maxStep=100
                           cavityMaterial=Vacuum timeOffset=-4.7e+21
                           timeIncrement=0 fieldMapFile= kill=1
pillbox      cav161        maxGradient=26.8 color=1.0,0.0,0.0 frequency=0.704
                           innerLength=80 innerRadius=163 pipeThick=3
                           wallThick=0.01 irisRadius=23 collarRadialThick=5
                           collarThick=0 win1Thick=0.01 win1OuterRadius=50
                           win2Thick=0.01 winMat=Be phaseAcc=18.98
                           skinDepth=0.002 timingTolerance=0.001 maxStep=100
                           cavityMaterial=Vacuum timeOffset=-4.7e+21
                           timeIncrement=0 fieldMapFile= kill=1
pillbox      cav162        maxGradient=24.61 color=1.0,0.0,0.0 frequency=0.704
                           innerLength=80 innerRadius=163 pipeThick=3
                           wallThick=0.01 irisRadius=23 collarRadialThick=5
                           collarThick=0 win1Thick=0.01 win1OuterRadius=50
                           win2Thick=0.01 winMat=Be phaseAcc=20.61
                           skinDepth=0.002 timingTolerance=0.001 maxStep=100
                           cavityMaterial=Vacuum timeOffset=-4.7e+21
                           timeIncrement=0 fieldMapFile= kill=1
pillbox      cav163        maxGradient=22.65 color=1.0,0.0,0.0 frequency=0.704
                           innerLength=80 innerRadius=163 pipeThick=3
                           wallThick=0.01 irisRadius=23 collarRadialThick=5
                           collarThick=0 win1Thick=0.01 win1OuterRadius=50
                           win2Thick=0.01 winMat=Be phaseAcc=8.073
                           skinDepth=0.002 timingTolerance=0.001 maxStep=100
                           cavityMaterial=Vacuum timeOffset=-4.7e+21
                           timeIncrement=0 fieldMapFile= kill=1
pillbox      cav170        maxGradient=23.29 color=1.0,0.0,0.0 frequency=0.704
                           innerLength=80 innerRadius=163 pipeThick=3
                           wallThick=0.01 irisRadius=23 collarRadialThick=5
                           collarThick=0 win1Thick=0.01 win1OuterRadius=50
                           win2Thick=0.01 winMat=Be phaseAcc=-4.705
                           skinDepth=0.002 timingTolerance=0.001 maxStep=100
                           cavityMaterial=Vacuum timeOffset=-4.7e+21
                           timeIncrement=0 fieldMapFile= kill=1
pillbox      cav171        maxGradient=25.37 color=1.0,0.0,0.0 frequency=0.704
                           innerLength=80 innerRadius=163 pipeThick=3
                           wallThick=0.01 irisRadius=23 collarRadialThick=5
                           collarThick=0 win1Thick=0.01 win1OuterRadius=50
                           win2Thick=0.01 winMat=Be phaseAcc=14.63
                           skinDepth=0.002 timingTolerance=0.001 maxStep=100
                           cavityMaterial=Vacuum timeOffset=-4.7e+21
                           timeIncrement=0 fieldMapFile= kill=1
pillbox      cav172        maxGradient=23.25 color=1.0,0.0,0.0 frequency=0.704
                           innerLength=80 innerRadius=163 pipeThick=3
                           wallThick=0.01 irisRadius=23 collarRadialThick=5
                           collarThick=0 win1Thick=0.01 win1OuterRadius=50
                           win2Thick=0.01 winMat=Be phaseAcc=15.28
                           skinDepth=0.002 timingTolerance=0.001 maxStep=100
                           cavityMaterial=Vacuum timeOffset=-4.7e+21
                           timeIncrement=0 fieldMapFile= kill=1
pillbox      cav173        maxGradient=24.04 color=1.0,0.0,0.0 frequency=0.704
                           innerLength=80 innerRadius=163 pipeThick=3
                           wallThick=0.01 irisRadius=23 collarRadialThick=5
                           collarThick=0 win1Thick=0.01 win1OuterRadius=50
                           win2Thick=0.01 winMat=Be phaseAcc=18.3
                           skinDepth=0.002 timingTolerance=0.001 maxStep=100
                           cavityMaterial=Vacuum timeOffset=-4.7e+21
                           timeIncrement=0 fieldMapFile= kill=1
pillbox      cav180        maxGradient=23.95 color=1.0,0.0,0.0 frequency=0.704
                           innerLength=80 innerRadius=163 pipeThick=3
                           wallThick=0.01 irisRadius=23 collarRadialThick=5
                           collarThick=0 win1Thick=0.01 win1OuterRadius=50
                           win2Thick=0.01 winMat=Be phaseAcc=14.19
                           skinDepth=0.002 timingTolerance=0.001 maxStep=100
                           cavityMaterial=Vacuum timeOffset=-4.7e+21
                           timeIncrement=0 fieldMapFile= kill=1
pillbox      cav181        maxGradient=24.85 color=1.0,0.0,0.0 frequency=0.704
                           innerLength=80 innerRadius=163 pipeThick=3
                           wallThick=0.01 irisRadius=23 collarRadialThick=5
                           collarThick=0 win1Thick=0.01 win1OuterRadius=50
                           win2Thick=0.01 winMat=Be phaseAcc=13.64
                           skinDepth=0.002 timingTolerance=0.001 maxStep=100
                           cavityMaterial=Vacuum timeOffset=-4.7e+21
                           timeIncrement=0 fieldMapFile= kill=1
pillbox      cav182        maxGradient=24.29 color=1.0,0.0,0.0 frequency=0.704
                           innerLength=80 innerRadius=163 pipeThick=3
                           wallThick=0.01 irisRadius=23 collarRadialThick=5
                           collarThick=0 win1Thick=0.01 win1OuterRadius=50
                           win2Thick=0.01 winMat=Be phaseAcc=45.68
                           skinDepth=0.002 timingTolerance=0.001 maxStep=100
                           cavityMaterial=Vacuum timeOffset=-4.7e+21
                           timeIncrement=0 fieldMapFile= kill=1
pillbox      cav183        maxGradient=23.25 color=1.0,0.0,0.0 frequency=0.704
                           innerLength=80 innerRadius=163 pipeThick=3
                           wallThick=0.01 irisRadius=23 collarRadialThick=5
                           collarThick=0 win1Thick=0.01 win1OuterRadius=50
                           win2Thick=0.01 winMat=Be phaseAcc=44.32
                           skinDepth=0.002 timingTolerance=0.001 maxStep=100
                           cavityMaterial=Vacuum timeOffset=-4.7e+21
                           timeIncrement=0 fieldMapFile= kill=1
pillbox      cav190        maxGradient=23.92 color=1.0,0.0,0.0 frequency=0.704
                           innerLength=80 innerRadius=163 pipeThick=3
                           wallThick=0.01 irisRadius=23 collarRadialThick=5
                           collarThick=0 win1Thick=0.01 win1OuterRadius=50
                           win2Thick=0.01 winMat=Be phaseAcc=15.35
                           skinDepth=0.002 timingTolerance=0.001 maxStep=100
                           cavityMaterial=Vacuum timeOffset=-4.7e+21
                           timeIncrement=0 fieldMapFile= kill=1
pillbox      cav191        maxGradient=24.63 color=1.0,0.0,0.0 frequency=0.704
                           innerLength=80 innerRadius=163 pipeThick=3
                           wallThick=0.01 irisRadius=23 collarRadialThick=5
                           collarThick=0 win1Thick=0.01 win1OuterRadius=50
                           win2Thick=0.01 winMat=Be phaseAcc=-2.902
                           skinDepth=0.002 timingTolerance=0.001 maxStep=100
                           cavityMaterial=Vacuum timeOffset=-4.7e+21
                           timeIncrement=0 fieldMapFile= kill=1
pillbox      cav192        maxGradient=22.77 color=1.0,0.0,0.0 frequency=0.704
                           innerLength=80 innerRadius=163 pipeThick=3
                           wallThick=0.01 irisRadius=23 collarRadialThick=5
                           collarThick=0 win1Thick=0.01 win1OuterRadius=50
                           win2Thick=0.01 winMat=Be phaseAcc=-1.076
                           skinDepth=0.002 timingTolerance=0.001 maxStep=100
                           cavityMaterial=Vacuum timeOffset=-4.7e+21
                           timeIncrement=0 fieldMapFile= kill=1
pillbox      cav193        maxGradient=23.05 color=1.0,0.0,0.0 frequency=0.704
                           innerLength=80 innerRadius=163 pipeThick=3
                           wallThick=0.01 irisRadius=23 collarRadialThick=5
                           collarThick=0 win1Thick=0.01 win1OuterRadius=50
                           win2Thick=0.01 winMat=Be phaseAcc=23.25
                           skinDepth=0.002 timingTolerance=0.001 maxStep=100
                           cavityMaterial=Vacuum timeOffset=-4.7e+21
                           timeIncrement=0 fieldMapFile= kill=1
pillbox      cav200        maxGradient=22.69 color=1.0,0.0,0.0 frequency=0.704
                           innerLength=80 innerRadius=163 pipeThick=3
                           wallThick=0.01 irisRadius=23 collarRadialThick=5
                           collarThick=0 win1Thick=0.01 win1OuterRadius=50
                           win2Thick=0.01 winMat=Be phaseAcc=10.02
                           skinDepth=0.002 timingTolerance=0.001 maxStep=100
                           cavityMaterial=Vacuum timeOffset=-4.7e+21
                           timeIncrement=0 fieldMapFile= kill=1
pillbox      cav201        maxGradient=23.14 color=1.0,0.0,0.0 frequency=0.704
                           innerLength=80 innerRadius=163 pipeThick=3
                           wallThick=0.01 irisRadius=23 collarRadialThick=5
                           collarThick=0 win1Thick=0.01 win1OuterRadius=50
                           win2Thick=0.01 winMat=Be phaseAcc=18.69
                           skinDepth=0.002 timingTolerance=0.001 maxStep=100
                           cavityMaterial=Vacuum timeOffset=-4.7e+21
                           timeIncrement=0 fieldMapFile= kill=1
pillbox      cav202        maxGradient=23.01 color=1.0,0.0,0.0 frequency=0.704
                           innerLength=80 innerRadius=163 pipeThick=3
                           wallThick=0.01 irisRadius=23 collarRadialThick=5
                           collarThick=0 win1Thick=0.01 win1OuterRadius=50
                           win2Thick=0.01 winMat=Be phaseAcc=16.46
                           skinDepth=0.002 timingTolerance=0.001 maxStep=100
                           cavityMaterial=Vacuum timeOffset=-4.7e+21
                           timeIncrement=0 fieldMapFile= kill=1
pillbox      cav203        maxGradient=23.43 color=1.0,0.0,0.0 frequency=0.704
                           innerLength=80 innerRadius=163 pipeThick=3
                           wallThick=0.01 irisRadius=23 collarRadialThick=5
                           collarThick=0 win1Thick=0.01 win1OuterRadius=50
                           win2Thick=0.01 winMat=Be phaseAcc=14.57
                           skinDepth=0.002 timingTolerance=0.001 maxStep=100
                           cavityMaterial=Vacuum timeOffset=-4.7e+21
                           timeIncrement=0 fieldMapFile= kill=1
pillbox      cav210        maxGradient=24.33 color=1.0,0.0,0.0 frequency=0.704
                           innerLength=80 innerRadius=163 pipeThick=3
                           wallThick=0.01 irisRadius=23 collarRadialThick=5
                           collarThick=0 win1Thick=0.01 win1OuterRadius=50
                           win2Thick=0.01 winMat=Be phaseAcc=11.96
                           skinDepth=0.002 timingTolerance=0.001 maxStep=100
                           cavityMaterial=Vacuum timeOffset=-4.7e+21
                           timeIncrement=0 fieldMapFile= kill=1
pillbox      cav211        maxGradient=24.39 color=1.0,0.0,0.0 frequency=0.704
                           innerLength=80 innerRadius=163 pipeThick=3
                           wallThick=0.01 irisRadius=23 collarRadialThick=5
                           collarThick=0 win1Thick=0.01 win1OuterRadius=50
                           win2Thick=0.01 winMat=Be phaseAcc=19.09
                           skinDepth=0.002 timingTolerance=0.001 maxStep=100
                           cavityMaterial=Vacuum timeOffset=-4.7e+21
                           timeIncrement=0 fieldMapFile= kill=1
pillbox      cav212        maxGradient=24.07 color=1.0,0.0,0.0 frequency=0.704
                           innerLength=80 innerRadius=163 pipeThick=3
                           wallThick=0.01 irisRadius=23 collarRadialThick=5
                           collarThick=0 win1Thick=0.01 win1OuterRadius=50
                           win2Thick=0.01 winMat=Be phaseAcc=21.71
                           skinDepth=0.002 timingTolerance=0.001 maxStep=100
                           cavityMaterial=Vacuum timeOffset=-4.7e+21
                           timeIncrement=0 fieldMapFile= kill=1
pillbox      cav213        maxGradient=24.05 color=1.0,0.0,0.0 frequency=0.704
                           innerLength=80 innerRadius=163 pipeThick=3
                           wallThick=0.01 irisRadius=23 collarRadialThick=5
                           collarThick=0 win1Thick=0.01 win1OuterRadius=50
                           win2Thick=0.01 winMat=Be phaseAcc=6.113
                           skinDepth=0.002 timingTolerance=0.001 maxStep=100
                           cavityMaterial=Vacuum timeOffset=-4.7e+21
                           timeIncrement=0 fieldMapFile= kill=1
pillbox      cav220        maxGradient=24.56 color=1.0,0.0,0.0 frequency=0.704
                           innerLength=80 innerRadius=163 pipeThick=3
                           wallThick=0.01 irisRadius=23 collarRadialThick=5
                           collarThick=0 win1Thick=0.01 win1OuterRadius=50
                           win2Thick=0.01 winMat=Be phaseAcc=10.83
                           skinDepth=0.002 timingTolerance=0.001 maxStep=100
                           cavityMaterial=Vacuum timeOffset=-4.7e+21
                           timeIncrement=0 fieldMapFile= kill=1
pillbox      cav221        maxGradient=23.5 color=1.0,0.0,0.0 frequency=0.704
                           innerLength=80 innerRadius=163 pipeThick=3
                           wallThick=0.01 irisRadius=23 collarRadialThick=5
                           collarThick=0 win1Thick=0.01 win1OuterRadius=50
                           win2Thick=0.01 winMat=Be phaseAcc=22.65
                           skinDepth=0.002 timingTolerance=0.001 maxStep=100
                           cavityMaterial=Vacuum timeOffset=-4.7e+21
                           timeIncrement=0 fieldMapFile= kill=1
pillbox      cav222        maxGradient=23.53 color=1.0,0.0,0.0 frequency=0.704
                           innerLength=80 innerRadius=163 pipeThick=3
                           wallThick=0.01 irisRadius=23 collarRadialThick=5
                           collarThick=0 win1Thick=0.01 win1OuterRadius=50
                           win2Thick=0.01 winMat=Be phaseAcc=9.436
                           skinDepth=0.002 timingTolerance=0.001 maxStep=100
                           cavityMaterial=Vacuum timeOffset=-4.7e+21
                           timeIncrement=0 fieldMapFile= kill=1
pillbox      cav223        maxGradient=22.33 color=1.0,0.0,0.0 frequency=0.704
                           innerLength=80 innerRadius=163 pipeThick=3
                           wallThick=0.01 irisRadius=23 collarRadialThick=5
                           collarThick=0 win1Thick=0.01 win1OuterRadius=50
                           win2Thick=0.01 winMat=Be phaseAcc=16.44
                           skinDepth=0.002 timingTolerance=0.001 maxStep=100
                           cavityMaterial=Vacuum timeOffset=-4.7e+21
                           timeIncrement=0 fieldMapFile= kill=1
pillbox      cav230        maxGradient=22.64 color=1.0,0.0,0.0 frequency=0.704
                           innerLength=80 innerRadius=163 pipeThick=3
                           wallThick=0.01 irisRadius=23 collarRadialThick=5
                           collarThick=0 win1Thick=0.01 win1OuterRadius=50
                           win2Thick=0.01 winMat=Be phaseAcc=38.03
                           skinDepth=0.002 timingTolerance=0.001 maxStep=100
                           cavityMaterial=Vacuum timeOffset=-4.7e+21
                           timeIncrement=0 fieldMapFile= kill=1
pillbox      cav231        maxGradient=25.19 color=1.0,0.0,0.0 frequency=0.704
                           innerLength=80 innerRadius=163 pipeThick=3
                           wallThick=0.01 irisRadius=23 collarRadialThick=5
                           collarThick=0 win1Thick=0.01 win1OuterRadius=50
                           win2Thick=0.01 winMat=Be phaseAcc=16.64
                           skinDepth=0.002 timingTolerance=0.001 maxStep=100
                           cavityMaterial=Vacuum timeOffset=-4.7e+21
                           timeIncrement=0 fieldMapFile= kill=1
pillbox      cav232        maxGradient=23.77 color=1.0,0.0,0.0 frequency=0.704
                           innerLength=80 innerRadius=163 pipeThick=3
                           wallThick=0.01 irisRadius=23 collarRadialThick=5
                           collarThick=0 win1Thick=0.01 win1OuterRadius=50
                           win2Thick=0.01 winMat=Be phaseAcc=19.96
                           skinDepth=0.002 timingTolerance=0.001 maxStep=100
                           cavityMaterial=Vacuum timeOffset=-4.7e+21
                           timeIncrement=0 fieldMapFile= kill=1
pillbox      cav233        maxGradient=23.98 color=1.0,0.0,0.0 frequency=0.704
                           innerLength=80 innerRadius=163 pipeThick=3
                           wallThick=0.01 irisRadius=23 collarRadialThick=5
                           collarThick=0 win1Thick=0.01 win1OuterRadius=50
                           win2Thick=0.01 winMat=Be phaseAcc=5.36
                           skinDepth=0.002 timingTolerance=0.001 maxStep=100
                           cavityMaterial=Vacuum timeOffset=-4.7e+21
                           timeIncrement=0 fieldMapFile= kill=1
pillbox      cav240        maxGradient=22.82 color=1.0,0.0,0.0 frequency=0.704
                           innerLength=80 innerRadius=163 pipeThick=3
                           wallThick=0.01 irisRadius=23 collarRadialThick=5
                           collarThick=0 win1Thick=0.01 win1OuterRadius=50
                           win2Thick=0.01 winMat=Be phaseAcc=35.58
                           skinDepth=0.002 timingTolerance=0.001 maxStep=100
                           cavityMaterial=Vacuum timeOffset=-4.7e+21
                           timeIncrement=0 fieldMapFile= kill=1
pillbox      cav241        maxGradient=24.14 color=1.0,0.0,0.0 frequency=0.704
                           innerLength=80 innerRadius=163 pipeThick=3
                           wallThick=0.01 irisRadius=23 collarRadialThick=5
                           collarThick=0 win1Thick=0.01 win1OuterRadius=50
                           win2Thick=0.01 winMat=Be phaseAcc=27.64
                           skinDepth=0.002 timingTolerance=0.001 maxStep=100
                           cavityMaterial=Vacuum timeOffset=-4.7e+21
                           timeIncrement=0 fieldMapFile= kill=1
pillbox      cav242        maxGradient=25.31 color=1.0,0.0,0.0 frequency=0.704
                           innerLength=80 innerRadius=163 pipeThick=3
                           wallThick=0.01 irisRadius=23 collarRadialThick=5
                           collarThick=0 win1Thick=0.01 win1OuterRadius=50
                           win2Thick=0.01 winMat=Be phaseAcc=41.72
                           skinDepth=0.002 timingTolerance=0.001 maxStep=100
                           cavityMaterial=Vacuum timeOffset=-4.7e+21
                           timeIncrement=0 fieldMapFile= kill=1
pillbox      cav243        maxGradient=26.02 color=1.0,0.0,0.0 frequency=0.704
                           innerLength=80 innerRadius=163 pipeThick=3
                           wallThick=0.01 irisRadius=23 collarRadialThick=5
                           collarThick=0 win1Thick=0.01 win1OuterRadius=50
                           win2Thick=0.01 winMat=Be phaseAcc=14.33
                           skinDepth=0.002 timingTolerance=0.001 maxStep=100
                           cavityMaterial=Vacuum timeOffset=-4.7e+21
                           timeIncrement=0 fieldMapFile= kill=1
pillbox      cav250        maxGradient=24.32 color=1.0,0.0,0.0 frequency=0.704
                           innerLength=80 innerRadius=163 pipeThick=3
                           wallThick=0.01 irisRadius=23 collarRadialThick=5
                           collarThick=0 win1Thick=0.01 win1OuterRadius=50
                           win2Thick=0.01 winMat=Be phaseAcc=6.276
                           skinDepth=0.002 timingTolerance=0.001 maxStep=100
                           cavityMaterial=Vacuum timeOffset=-4.7e+21
                           timeIncrement=0 fieldMapFile= kill=1
pillbox      cav251        maxGradient=23.46 color=1.0,0.0,0.0 frequency=0.704
                           innerLength=80 innerRadius=163 pipeThick=3
                           wallThick=0.01 irisRadius=23 collarRadialThick=5
                           collarThick=0 win1Thick=0.01 win1OuterRadius=50
                           win2Thick=0.01 winMat=Be phaseAcc=23.85
                           skinDepth=0.002 timingTolerance=0.001 maxStep=100
                           cavityMaterial=Vacuum timeOffset=-4.7e+21
                           timeIncrement=0 fieldMapFile= kill=1
pillbox      cav252        maxGradient=22.98 color=1.0,0.0,0.0 frequency=0.704
                           innerLength=80 innerRadius=163 pipeThick=3
                           wallThick=0.01 irisRadius=23 collarRadialThick=5
                           collarThick=0 win1Thick=0.01 win1OuterRadius=50
                           win2Thick=0.01 winMat=Be phaseAcc=18.78
                           skinDepth=0.002 timingTolerance=0.001 maxStep=100
                           cavityMaterial=Vacuum timeOffset=-4.7e+21
                           timeIncrement=0 fieldMapFile= kill=1
pillbox      cav253        maxGradient=22.76 color=1.0,0.0,0.0 frequency=0.704
                           innerLength=80 innerRadius=163 pipeThick=3
                           wallThick=0.01 irisRadius=23 collarRadialThick=5
                           collarThick=0 win1Thick=0.01 win1OuterRadius=50
                           win2Thick=0.01 winMat=Be phaseAcc=14.1
                           skinDepth=0.002 timingTolerance=0.001 maxStep=100
                           cavityMaterial=Vacuum timeOffset=-4.7e+21
                           timeIncrement=0 fieldMapFile= kill=1
pillbox      cav260        maxGradient=23.9 color=1.0,0.0,0.0 frequency=0.704
                           innerLength=80 innerRadius=163 pipeThick=3
                           wallThick=0.01 irisRadius=23 collarRadialThick=5
                           collarThick=0 win1Thick=0.01 win1OuterRadius=50
                           win2Thick=0.01 winMat=Be phaseAcc=29.68
                           skinDepth=0.002 timingTolerance=0.001 maxStep=100
                           cavityMaterial=Vacuum timeOffset=-4.7e+21
                           timeIncrement=0 fieldMapFile= kill=1
pillbox      cav261        maxGradient=22.86 color=1.0,0.0,0.0 frequency=0.704
                           innerLength=80 innerRadius=163 pipeThick=3
                           wallThick=0.01 irisRadius=23 collarRadialThick=5
                           collarThick=0 win1Thick=0.01 win1OuterRadius=50
                           win2Thick=0.01 winMat=Be phaseAcc=6.89
                           skinDepth=0.002 timingTolerance=0.001 maxStep=100
                           cavityMaterial=Vacuum timeOffset=-4.7e+21
                           timeIncrement=0 fieldMapFile= kill=1
pillbox      cav262        maxGradient=23.21 color=1.0,0.0,0.0 frequency=0.704
                           innerLength=80 innerRadius=163 pipeThick=3
                           wallThick=0.01 irisRadius=23 collarRadialThick=5
                           collarThick=0 win1Thick=0.01 win1OuterRadius=50
                           win2Thick=0.01 winMat=Be phaseAcc=21.66
                           skinDepth=0.002 timingTolerance=0.001 maxStep=100
                           cavityMaterial=Vacuum timeOffset=-4.7e+21
                           timeIncrement=0 fieldMapFile= kill=1
pillbox      cav263        maxGradient=24.75 color=1.0,0.0,0.0 frequency=0.704
                           innerLength=80 innerRadius=163 pipeThick=3
                           wallThick=0.01 irisRadius=23 collarRadialThick=5
                           collarThick=0 win1Thick=0.01 win1OuterRadius=50
                           win2Thick=0.01 winMat=Be phaseAcc=10.22
                           skinDepth=0.002 timingTolerance=0.001 maxStep=100
                           cavityMaterial=Vacuum timeOffset=-4.7e+21
                           timeIncrement=0 fieldMapFile= kill=1
pillbox      cav270        maxGradient=23.27 color=1.0,0.0,0.0 frequency=0.704
                           innerLength=80 innerRadius=163 pipeThick=3
                           wallThick=0.01 irisRadius=23 collarRadialThick=5
                           collarThick=0 win1Thick=0.01 win1OuterRadius=50
                           win2Thick=0.01 winMat=Be phaseAcc=18.32
                           skinDepth=0.002 timingTolerance=0.001 maxStep=100
                           cavityMaterial=Vacuum timeOffset=-4.7e+21
                           timeIncrement=0 fieldMapFile= kill=1
pillbox      cav271        maxGradient=24.76 color=1.0,0.0,0.0 frequency=0.704
                           innerLength=80 innerRadius=163 pipeThick=3
                           wallThick=0.01 irisRadius=23 collarRadialThick=5
                           collarThick=0 win1Thick=0.01 win1OuterRadius=50
                           win2Thick=0.01 winMat=Be phaseAcc=40.47
                           skinDepth=0.002 timingTolerance=0.001 maxStep=100
                           cavityMaterial=Vacuum timeOffset=-4.7e+21
                           timeIncrement=0 fieldMapFile= kill=1
pillbox      cav272        maxGradient=24.05 color=1.0,0.0,0.0 frequency=0.704
                           innerLength=80 innerRadius=163 pipeThick=3
                           wallThick=0.01 irisRadius=23 collarRadialThick=5
                           collarThick=0 win1Thick=0.01 win1OuterRadius=50
                           win2Thick=0.01 winMat=Be phaseAcc=9.708
                           skinDepth=0.002 timingTolerance=0.001 maxStep=100
                           cavityMaterial=Vacuum timeOffset=-4.7e+21
                           timeIncrement=0 fieldMapFile= kill=1
pillbox      cav273        maxGradient=24.38 color=1.0,0.0,0.0 frequency=0.704
                           innerLength=80 innerRadius=163 pipeThick=3
                           wallThick=0.01 irisRadius=23 collarRadialThick=5
                           collarThick=0 win1Thick=0.01 win1OuterRadius=50
                           win2Thick=0.01 winMat=Be phaseAcc=17.03
                           skinDepth=0.002 timingTolerance=0.001 maxStep=100
                           cavityMaterial=Vacuum timeOffset=-4.7e+21
                           timeIncrement=0 fieldMapFile= kill=1
pillbox      cav280        maxGradient=22.97 color=1.0,0.0,0.0 frequency=0.704
                           innerLength=80 innerRadius=163 pipeThick=3
                           wallThick=0.01 irisRadius=23 collarRadialThick=5
                           collarThick=0 win1Thick=0.01 win1OuterRadius=50
                           win2Thick=0.01 winMat=Be phaseAcc=14.73
                           skinDepth=0.002 timingTolerance=0.001 maxStep=100
                           cavityMaterial=Vacuum timeOffset=-4.7e+21
                           timeIncrement=0 fieldMapFile= kill=1
pillbox      cav281        maxGradient=22.69 color=1.0,0.0,0.0 frequency=0.704
                           innerLength=80 innerRadius=163 pipeThick=3
                           wallThick=0.01 irisRadius=23 collarRadialThick=5
                           collarThick=0 win1Thick=0.01 win1OuterRadius=50
                           win2Thick=0.01 winMat=Be phaseAcc=12.02
                           skinDepth=0.002 timingTolerance=0.001 maxStep=100
                           cavityMaterial=Vacuum timeOffset=-4.7e+21
                           timeIncrement=0 fieldMapFile= kill=1
pillbox      cav282        maxGradient=23.91 color=1.0,0.0,0.0 frequency=0.704
                           innerLength=80 innerRadius=163 pipeThick=3
                           wallThick=0.01 irisRadius=23 collarRadialThick=5
                           collarThick=0 win1Thick=0.01 win1OuterRadius=50
                           win2Thick=0.01 winMat=Be phaseAcc=21.5
                           skinDepth=0.002 timingTolerance=0.001 maxStep=100
                           cavityMaterial=Vacuum timeOffset=-4.7e+21
                           timeIncrement=0 fieldMapFile= kill=1
pillbox      cav283        maxGradient=23.63 color=1.0,0.0,0.0 frequency=0.704
                           innerLength=80 innerRadius=163 pipeThick=3
                           wallThick=0.01 irisRadius=23 collarRadialThick=5
                           collarThick=0 win1Thick=0.01 win1OuterRadius=50
                           win2Thick=0.01 winMat=Be phaseAcc=18.24
                           skinDepth=0.002 timingTolerance=0.001 maxStep=100
                           cavityMaterial=Vacuum timeOffset=-4.7e+21
                           timeIncrement=0 fieldMapFile= kill=1
pillbox      cav290        maxGradient=23.5 color=1.0,0.0,0.0 frequency=0.704
                           innerLength=80 innerRadius=163 pipeThick=3
                           wallThick=0.01 irisRadius=23 collarRadialThick=5
                           collarThick=0 win1Thick=0.01 win1OuterRadius=50
                           win2Thick=0.01 winMat=Be phaseAcc=20.45
                           skinDepth=0.002 timingTolerance=0.001 maxStep=100
                           cavityMaterial=Vacuum timeOffset=-4.7e+21
                           timeIncrement=0 fieldMapFile= kill=1
pillbox      cav291        maxGradient=23.62 color=1.0,0.0,0.0 frequency=0.704
                           innerLength=80 innerRadius=163 pipeThick=3
                           wallThick=0.01 irisRadius=23 collarRadialThick=5
                           collarThick=0 win1Thick=0.01 win1OuterRadius=50
                           win2Thick=0.01 winMat=Be phaseAcc=18.87
                           skinDepth=0.002 timingTolerance=0.001 maxStep=100
                           cavityMaterial=Vacuum timeOffset=-4.7e+21
                           timeIncrement=0 fieldMapFile= kill=1
pillbox      cav292        maxGradient=25.12 color=1.0,0.0,0.0 frequency=0.704
                           innerLength=80 innerRadius=163 pipeThick=3
                           wallThick=0.01 irisRadius=23 collarRadialThick=5
                           collarThick=0 win1Thick=0.01 win1OuterRadius=50
                           win2Thick=0.01 winMat=Be phaseAcc=13.14
                           skinDepth=0.002 timingTolerance=0.001 maxStep=100
                           cavityMaterial=Vacuum timeOffset=-4.7e+21
                           timeIncrement=0 fieldMapFile= kill=1
pillbox      cav293        maxGradient=23.8 color=1.0,0.0,0.0 frequency=0.704
                           innerLength=80 innerRadius=163 pipeThick=3
                           wallThick=0.01 irisRadius=23 collarRadialThick=5
                           collarThick=0 win1Thick=0.01 win1OuterRadius=50
                           win2Thick=0.01 winMat=Be phaseAcc=5.287
                           skinDepth=0.002 timingTolerance=0.001 maxStep=100
                           cavityMaterial=Vacuum timeOffset=-4.7e+21
                           timeIncrement=0 fieldMapFile= kill=1
pillbox      cav300        maxGradient=21.87 color=1.0,0.0,0.0 frequency=0.704
                           innerLength=80 innerRadius=163 pipeThick=3
                           wallThick=0.01 irisRadius=23 collarRadialThick=5
                           collarThick=0 win1Thick=0.01 win1OuterRadius=50
                           win2Thick=0.01 winMat=Be phaseAcc=6.67
                           skinDepth=0.002 timingTolerance=0.001 maxStep=100
                           cavityMaterial=Vacuum timeOffset=-4.7e+21
                           timeIncrement=0 fieldMapFile= kill=1
pillbox      cav301        maxGradient=24.32 color=1.0,0.0,0.0 frequency=0.704
                           innerLength=80 innerRadius=163 pipeThick=3
                           wallThick=0.01 irisRadius=23 collarRadialThick=5
                           collarThick=0 win1Thick=0.01 win1OuterRadius=50
                           win2Thick=0.01 winMat=Be phaseAcc=15.97
                           skinDepth=0.002 timingTolerance=0.001 maxStep=100
                           cavityMaterial=Vacuum timeOffset=-4.7e+21
                           timeIncrement=0 fieldMapFile= kill=1
pillbox      cav302        maxGradient=24.06 color=1.0,0.0,0.0 frequency=0.704
                           innerLength=80 innerRadius=163 pipeThick=3
                           wallThick=0.01 irisRadius=23 collarRadialThick=5
                           collarThick=0 win1Thick=0.01 win1OuterRadius=50
                           win2Thick=0.01 winMat=Be phaseAcc=5.547
                           skinDepth=0.002 timingTolerance=0.001 maxStep=100
                           cavityMaterial=Vacuum timeOffset=-4.7e+21
                           timeIncrement=0 fieldMapFile= kill=1
pillbox      cav303        maxGradient=25 color=1.0,0.0,0.0 frequency=0.704
                           innerLength=80 innerRadius=163 pipeThick=3
                           wallThick=0.01 irisRadius=23 collarRadialThick=5
                           collarThick=0 win1Thick=0.01 win1OuterRadius=50
                           win2Thick=0.01 winMat=Be phaseAcc=16.82
                           skinDepth=0.002 timingTolerance=0.001 maxStep=100
                           cavityMaterial=Vacuum timeOffset=-4.7e+21
                           timeIncrement=0 fieldMapFile= kill=1
pillbox      cav310        maxGradient=24.23 color=1.0,0.0,0.0 frequency=0.704
                           innerLength=80 innerRadius=163 pipeThick=3
                           wallThick=0.01 irisRadius=23 collarRadialThick=5
                           collarThick=0 win1Thick=0.01 win1OuterRadius=50
                           win2Thick=0.01 winMat=Be phaseAcc=17.69
                           skinDepth=0.002 timingTolerance=0.001 maxStep=100
                           cavityMaterial=Vacuum timeOffset=-4.7e+21
                           timeIncrement=0 fieldMapFile= kill=1
pillbox      cav311        maxGradient=23.02 color=1.0,0.0,0.0 frequency=0.704
                           innerLength=80 innerRadius=163 pipeThick=3
                           wallThick=0.01 irisRadius=23 collarRadialThick=5
                           collarThick=0 win1Thick=0.01 win1OuterRadius=50
                           win2Thick=0.01 winMat=Be phaseAcc=30.39
                           skinDepth=0.002 timingTolerance=0.001 maxStep=100
                           cavityMaterial=Vacuum timeOffset=-4.7e+21
                           timeIncrement=0 fieldMapFile= kill=1
pillbox      cav312        maxGradient=21.93 color=1.0,0.0,0.0 frequency=0.704
                           innerLength=80 innerRadius=163 pipeThick=3
                           wallThick=0.01 irisRadius=23 collarRadialThick=5
                           collarThick=0 win1Thick=0.01 win1OuterRadius=50
                           win2Thick=0.01 winMat=Be phaseAcc=14.08
                           skinDepth=0.002 timingTolerance=0.001 maxStep=100
                           cavityMaterial=Vacuum timeOffset=-4.7e+21
                           timeIncrement=0 fieldMapFile= kill=1
pillbox      cav313        maxGradient=22.67 color=1.0,0.0,0.0 frequency=0.704
                           innerLength=80 innerRadius=163 pipeThick=3
                           wallThick=0.01 irisRadius=23 collarRadialThick=5
                           collarThick=0 win1Thick=0.01 win1OuterRadius=50
                           win2Thick=0.01 winMat=Be phaseAcc=15.09
                           skinDepth=0.002 timingTolerance=0.001 maxStep=100
                           cavityMaterial=Vacuum timeOffset=-4.7e+21
                           timeIncrement=0 fieldMapFile= kill=1
pillbox      cav320        maxGradient=24.26 color=1.0,0.0,0.0 frequency=0.704
                           innerLength=80 innerRadius=163 pipeThick=3
                           wallThick=0.01 irisRadius=23 collarRadialThick=5
                           collarThick=0 win1Thick=0.01 win1OuterRadius=50
                           win2Thick=0.01 winMat=Be phaseAcc=16.04
                           skinDepth=0.002 timingTolerance=0.001 maxStep=100
                           cavityMaterial=Vacuum timeOffset=-4.7e+21
                           timeIncrement=0 fieldMapFile= kill=1
pillbox      cav321        maxGradient=24.4 color=1.0,0.0,0.0 frequency=0.704
                           innerLength=80 innerRadius=163 pipeThick=3
                           wallThick=0.01 irisRadius=23 collarRadialThick=5
                           collarThick=0 win1Thick=0.01 win1OuterRadius=50
                           win2Thick=0.01 winMat=Be phaseAcc=28.01
                           skinDepth=0.002 timingTolerance=0.001 maxStep=100
                           cavityMaterial=Vacuum timeOffset=-4.7e+21
                           timeIncrement=0 fieldMapFile= kill=1
pillbox      cav322        maxGradient=24.29 color=1.0,0.0,0.0 frequency=0.704
                           innerLength=80 innerRadius=163 pipeThick=3
                           wallThick=0.01 irisRadius=23 collarRadialThick=5
                           collarThick=0 win1Thick=0.01 win1OuterRadius=50
                           win2Thick=0.01 winMat=Be phaseAcc=6.187
                           skinDepth=0.002 timingTolerance=0.001 maxStep=100
                           cavityMaterial=Vacuum timeOffset=-4.7e+21
                           timeIncrement=0 fieldMapFile= kill=1
pillbox      cav323        maxGradient=23.12 color=1.0,0.0,0.0 frequency=0.704
                           innerLength=80 innerRadius=163 pipeThick=3
                           wallThick=0.01 irisRadius=23 collarRadialThick=5
                           collarThick=0 win1Thick=0.01 win1OuterRadius=50
                           win2Thick=0.01 winMat=Be phaseAcc=23.08
                           skinDepth=0.002 timingTolerance=0.001 maxStep=100
                           cavityMaterial=Vacuum timeOffset=-4.7e+21
                           timeIncrement=0 fieldMapFile= kill=1
pillbox      cav330        maxGradient=23.3 color=1.0,0.0,0.0 frequency=0.704
                           innerLength=80 innerRadius=163 pipeThick=3
                           wallThick=0.01 irisRadius=23 collarRadialThick=5
                           collarThick=0 win1Thick=0.01 win1OuterRadius=50
                           win2Thick=0.01 winMat=Be phaseAcc=28.37
                           skinDepth=0.002 timingTolerance=0.001 maxStep=100
                           cavityMaterial=Vacuum timeOffset=-4.7e+21
                           timeIncrement=0 fieldMapFile= kill=1
pillbox      cav331        maxGradient=22.87 color=1.0,0.0,0.0 frequency=0.704
                           innerLength=80 innerRadius=163 pipeThick=3
                           wallThick=0.01 irisRadius=23 collarRadialThick=5
                           collarThick=0 win1Thick=0.01 win1OuterRadius=50
                           win2Thick=0.01 winMat=Be phaseAcc=11.09
                           skinDepth=0.002 timingTolerance=0.001 maxStep=100
                           cavityMaterial=Vacuum timeOffset=-4.7e+21
                           timeIncrement=0 fieldMapFile= kill=1
pillbox      cav332        maxGradient=25 color=1.0,0.0,0.0 frequency=0.704
                           innerLength=80 innerRadius=163 pipeThick=3
                           wallThick=0.01 irisRadius=23 collarRadialThick=5
                           collarThick=0 win1Thick=0.01 win1OuterRadius=50
                           win2Thick=0.01 winMat=Be phaseAcc=11.39
                           skinDepth=0.002 timingTolerance=0.001 maxStep=100
                           cavityMaterial=Vacuum timeOffset=-4.7e+21
                           timeIncrement=0 fieldMapFile= kill=1
pillbox      cav333        maxGradient=23.28 color=1.0,0.0,0.0 frequency=0.704
                           innerLength=80 innerRadius=163 pipeThick=3
                           wallThick=0.01 irisRadius=23 collarRadialThick=5
                           collarThick=0 win1Thick=0.01 win1OuterRadius=50
                           win2Thick=0.01 winMat=Be phaseAcc=34.48
                           skinDepth=0.002 timingTolerance=0.001 maxStep=100
                           cavityMaterial=Vacuum timeOffset=-4.7e+21
                           timeIncrement=0 fieldMapFile= kill=1
pillbox      cav340        maxGradient=24.29 color=1.0,0.0,0.0 frequency=0.704
                           innerLength=80 innerRadius=163 pipeThick=3
                           wallThick=0.01 irisRadius=23 collarRadialThick=5
                           collarThick=0 win1Thick=0.01 win1OuterRadius=50
                           win2Thick=0.01 winMat=Be phaseAcc=27.13
                           skinDepth=0.002 timingTolerance=0.001 maxStep=100
                           cavityMaterial=Vacuum timeOffset=-4.7e+21
                           timeIncrement=0 fieldMapFile= kill=1
pillbox      cav341        maxGradient=23.95 color=1.0,0.0,0.0 frequency=0.704
                           innerLength=80 innerRadius=163 pipeThick=3
                           wallThick=0.01 irisRadius=23 collarRadialThick=5
                           collarThick=0 win1Thick=0.01 win1OuterRadius=50
                           win2Thick=0.01 winMat=Be phaseAcc=16.64
                           skinDepth=0.002 timingTolerance=0.001 maxStep=100
                           cavityMaterial=Vacuum timeOffset=-4.7e+21
                           timeIncrement=0 fieldMapFile= kill=1
pillbox      cav342        maxGradient=22.96 color=1.0,0.0,0.0 frequency=0.704
                           innerLength=80 innerRadius=163 pipeThick=3
                           wallThick=0.01 irisRadius=23 collarRadialThick=5
                           collarThick=0 win1Thick=0.01 win1OuterRadius=50
                           win2Thick=0.01 winMat=Be phaseAcc=11.47
                           skinDepth=0.002 timingTolerance=0.001 maxStep=100
                           cavityMaterial=Vacuum timeOffset=-4.7e+21
                           timeIncrement=0 fieldMapFile= kill=1
pillbox      cav343        maxGradient=24.78 color=1.0,0.0,0.0 frequency=0.704
                           innerLength=80 innerRadius=163 pipeThick=3
                           wallThick=0.01 irisRadius=23 collarRadialThick=5
                           collarThick=0 win1Thick=0.01 win1OuterRadius=50
                           win2Thick=0.01 winMat=Be phaseAcc=19.53
                           skinDepth=0.002 timingTolerance=0.001 maxStep=100
                           cavityMaterial=Vacuum timeOffset=-4.7e+21
                           timeIncrement=0 fieldMapFile= kill=1
pillbox      cav350        maxGradient=23.14 color=1.0,0.0,0.0 frequency=0.704
                           innerLength=80 innerRadius=163 pipeThick=3
                           wallThick=0.01 irisRadius=23 collarRadialThick=5
                           collarThick=0 win1Thick=0.01 win1OuterRadius=50
                           win2Thick=0.01 winMat=Be phaseAcc=16.01
                           skinDepth=0.002 timingTolerance=0.001 maxStep=100
                           cavityMaterial=Vacuum timeOffset=-4.7e+21
                           timeIncrement=0 fieldMapFile= kill=1
pillbox      cav351        maxGradient=25.15 color=1.0,0.0,0.0 frequency=0.704
                           innerLength=80 innerRadius=163 pipeThick=3
                           wallThick=0.01 irisRadius=23 collarRadialThick=5
                           collarThick=0 win1Thick=0.01 win1OuterRadius=50
                           win2Thick=0.01 winMat=Be phaseAcc=19.32
                           skinDepth=0.002 timingTolerance=0.001 maxStep=100
                           cavityMaterial=Vacuum timeOffset=-4.7e+21
                           timeIncrement=0 fieldMapFile= kill=1
pillbox      cav352        maxGradient=25.21 color=1.0,0.0,0.0 frequency=0.704
                           innerLength=80 innerRadius=163 pipeThick=3
                           wallThick=0.01 irisRadius=23 collarRadialThick=5
                           collarThick=0 win1Thick=0.01 win1OuterRadius=50
                           win2Thick=0.01 winMat=Be phaseAcc=5.023
                           skinDepth=0.002 timingTolerance=0.001 maxStep=100
                           cavityMaterial=Vacuum timeOffset=-4.7e+21
                           timeIncrement=0 fieldMapFile= kill=1
pillbox      cav353        maxGradient=22.75 color=1.0,0.0,0.0 frequency=0.704
                           innerLength=80 innerRadius=163 pipeThick=3
                           wallThick=0.01 irisRadius=23 collarRadialThick=5
                           collarThick=0 win1Thick=0.01 win1OuterRadius=50
                           win2Thick=0.01 winMat=Be phaseAcc=11.55
                           skinDepth=0.002 timingTolerance=0.001 maxStep=100
                           cavityMaterial=Vacuum timeOffset=-4.7e+21
                           timeIncrement=0 fieldMapFile= kill=1
pillbox      cav360        maxGradient=24.33 color=1.0,0.0,0.0 frequency=0.704
                           innerLength=80 innerRadius=163 pipeThick=3
                           wallThick=0.01 irisRadius=23 collarRadialThick=5
                           collarThick=0 win1Thick=0.01 win1OuterRadius=50
                           win2Thick=0.01 winMat=Be phaseAcc=20.67
                           skinDepth=0.002 timingTolerance=0.001 maxStep=100
                           cavityMaterial=Vacuum timeOffset=-4.7e+21
                           timeIncrement=0 fieldMapFile= kill=1
pillbox      cav361        maxGradient=26.26 color=1.0,0.0,0.0 frequency=0.704
                           innerLength=80 innerRadius=163 pipeThick=3
                           wallThick=0.01 irisRadius=23 collarRadialThick=5
                           collarThick=0 win1Thick=0.01 win1OuterRadius=50
                           win2Thick=0.01 winMat=Be phaseAcc=13.36
                           skinDepth=0.002 timingTolerance=0.001 maxStep=100
                           cavityMaterial=Vacuum timeOffset=-4.7e+21
                           timeIncrement=0 fieldMapFile= kill=1
pillbox      cav362        maxGradient=23.05 color=1.0,0.0,0.0 frequency=0.704
                           innerLength=80 innerRadius=163 pipeThick=3
                           wallThick=0.01 irisRadius=23 collarRadialThick=5
                           collarThick=0 win1Thick=0.01 win1OuterRadius=50
                           win2Thick=0.01 winMat=Be phaseAcc=19.86
                           skinDepth=0.002 timingTolerance=0.001 maxStep=100
                           cavityMaterial=Vacuum timeOffset=-4.7e+21
                           timeIncrement=0 fieldMapFile= kill=1
pillbox      cav363        maxGradient=26.55 color=1.0,0.0,0.0 frequency=0.704
                           innerLength=80 innerRadius=163 pipeThick=3
                           wallThick=0.01 irisRadius=23 collarRadialThick=5
                           collarThick=0 win1Thick=0.01 win1OuterRadius=50
                           win2Thick=0.01 winMat=Be phaseAcc=6.72
                           skinDepth=0.002 timingTolerance=0.001 maxStep=100
                           cavityMaterial=Vacuum timeOffset=-4.7e+21
                           timeIncrement=0 fieldMapFile= kill=1
pillbox      cav370        maxGradient=24.53 color=1.0,0.0,0.0 frequency=0.704
                           innerLength=80 innerRadius=163 pipeThick=3
                           wallThick=0.01 irisRadius=23 collarRadialThick=5
                           collarThick=0 win1Thick=0.01 win1OuterRadius=50
                           win2Thick=0.01 winMat=Be phaseAcc=17.25
                           skinDepth=0.002 timingTolerance=0.001 maxStep=100
                           cavityMaterial=Vacuum timeOffset=-4.7e+21
                           timeIncrement=0 fieldMapFile= kill=1
pillbox      cav371        maxGradient=24.84 color=1.0,0.0,0.0 frequency=0.704
                           innerLength=80 innerRadius=163 pipeThick=3
                           wallThick=0.01 irisRadius=23 collarRadialThick=5
                           collarThick=0 win1Thick=0.01 win1OuterRadius=50
                           win2Thick=0.01 winMat=Be phaseAcc=13.15
                           skinDepth=0.002 timingTolerance=0.001 maxStep=100
                           cavityMaterial=Vacuum timeOffset=-4.7e+21
                           timeIncrement=0 fieldMapFile= kill=1
pillbox      cav372        maxGradient=22.64 color=1.0,0.0,0.0 frequency=0.704
                           innerLength=80 innerRadius=163 pipeThick=3
                           wallThick=0.01 irisRadius=23 collarRadialThick=5
                           collarThick=0 win1Thick=0.01 win1OuterRadius=50
                           win2Thick=0.01 winMat=Be phaseAcc=15.46
                           skinDepth=0.002 timingTolerance=0.001 maxStep=100
                           cavityMaterial=Vacuum timeOffset=-4.7e+21
                           timeIncrement=0 fieldMapFile= kill=1
pillbox      cav373        maxGradient=22.42 color=1.0,0.0,0.0 frequency=0.704
                           innerLength=80 innerRadius=163 pipeThick=3
                           wallThick=0.01 irisRadius=23 collarRadialThick=5
                           collarThick=0 win1Thick=0.01 win1OuterRadius=50
                           win2Thick=0.01 winMat=Be phaseAcc=7.493
                           skinDepth=0.002 timingTolerance=0.001 maxStep=100
                           cavityMaterial=Vacuum timeOffset=-4.7e+21
                           timeIncrement=0 fieldMapFile= kill=1
pillbox      cav380        maxGradient=24.39 color=1.0,0.0,0.0 frequency=0.704
                           innerLength=80 innerRadius=163 pipeThick=3
                           wallThick=0.01 irisRadius=23 collarRadialThick=5
                           collarThick=0 win1Thick=0.01 win1OuterRadius=50
                           win2Thick=0.01 winMat=Be phaseAcc=27.28
                           skinDepth=0.002 timingTolerance=0.001 maxStep=100
                           cavityMaterial=Vacuum timeOffset=-4.7e+21
                           timeIncrement=0 fieldMapFile= kill=1
pillbox      cav381        maxGradient=22.99 color=1.0,0.0,0.0 frequency=0.704
                           innerLength=80 innerRadius=163 pipeThick=3
                           wallThick=0.01 irisRadius=23 collarRadialThick=5
                           collarThick=0 win1Thick=0.01 win1OuterRadius=50
                           win2Thick=0.01 winMat=Be phaseAcc=12.8
                           skinDepth=0.002 timingTolerance=0.001 maxStep=100
                           cavityMaterial=Vacuum timeOffset=-4.7e+21
                           timeIncrement=0 fieldMapFile= kill=1
pillbox      cav382        maxGradient=22.75 color=1.0,0.0,0.0 frequency=0.704
                           innerLength=80 innerRadius=163 pipeThick=3
                           wallThick=0.01 irisRadius=23 collarRadialThick=5
                           collarThick=0 win1Thick=0.01 win1OuterRadius=50
                           win2Thick=0.01 winMat=Be phaseAcc=20
                           skinDepth=0.002 timingTolerance=0.001 maxStep=100
                           cavityMaterial=Vacuum timeOffset=-4.7e+21
                           timeIncrement=0 fieldMapFile= kill=1
pillbox      cav383        maxGradient=25.43 color=1.0,0.0,0.0 frequency=0.704
                           innerLength=80 innerRadius=163 pipeThick=3
                           wallThick=0.01 irisRadius=23 collarRadialThick=5
                           collarThick=0 win1Thick=0.01 win1OuterRadius=50
                           win2Thick=0.01 winMat=Be phaseAcc=5.924
                           skinDepth=0.002 timingTolerance=0.001 maxStep=100
                           cavityMaterial=Vacuum timeOffset=-4.7e+21
                           timeIncrement=0 fieldMapFile= kill=1
pillbox      cav390        maxGradient=25.64 color=1.0,0.0,0.0 frequency=0.704
                           innerLength=80 innerRadius=163 pipeThick=3
                           wallThick=0.01 irisRadius=23 collarRadialThick=5
                           collarThick=0 win1Thick=0.01 win1OuterRadius=50
                           win2Thick=0.01 winMat=Be phaseAcc=22.72
                           skinDepth=0.002 timingTolerance=0.001 maxStep=100
                           cavityMaterial=Vacuum timeOffset=-4.7e+21
                           timeIncrement=0 fieldMapFile= kill=1
pillbox      cav391        maxGradient=23.41 color=1.0,0.0,0.0 frequency=0.704
                           innerLength=80 innerRadius=163 pipeThick=3
                           wallThick=0.01 irisRadius=23 collarRadialThick=5
                           collarThick=0 win1Thick=0.01 win1OuterRadius=50
                           win2Thick=0.01 winMat=Be phaseAcc=10.71
                           skinDepth=0.002 timingTolerance=0.001 maxStep=100
                           cavityMaterial=Vacuum timeOffset=-4.7e+21
                           timeIncrement=0 fieldMapFile= kill=1
pillbox      cav392        maxGradient=23.42 color=1.0,0.0,0.0 frequency=0.704
                           innerLength=80 innerRadius=163 pipeThick=3
                           wallThick=0.01 irisRadius=23 collarRadialThick=5
                           collarThick=0 win1Thick=0.01 win1OuterRadius=50
                           win2Thick=0.01 winMat=Be phaseAcc=23.86
                           skinDepth=0.002 timingTolerance=0.001 maxStep=100
                           cavityMaterial=Vacuum timeOffset=-4.7e+21
                           timeIncrement=0 fieldMapFile= kill=1
pillbox      cav393        maxGradient=22.9 color=1.0,0.0,0.0 frequency=0.704
                           innerLength=80 innerRadius=163 pipeThick=3
                           wallThick=0.01 irisRadius=23 collarRadialThick=5
                           collarThick=0 win1Thick=0.01 win1OuterRadius=50
                           win2Thick=0.01 winMat=Be phaseAcc=10.15
                           skinDepth=0.002 timingTolerance=0.001 maxStep=100
                           cavityMaterial=Vacuum timeOffset=-4.7e+21
                           timeIncrement=0 fieldMapFile= kill=1
pillbox      cav400        maxGradient=23.65 color=1.0,0.0,0.0 frequency=0.704
                           innerLength=80 innerRadius=163 pipeThick=3
                           wallThick=0.01 irisRadius=23 collarRadialThick=5
                           collarThick=0 win1Thick=0.01 win1OuterRadius=50
                           win2Thick=0.01 winMat=Be phaseAcc=26.6
                           skinDepth=0.002 timingTolerance=0.001 maxStep=100
                           cavityMaterial=Vacuum timeOffset=-4.7e+21
                           timeIncrement=0 fieldMapFile= kill=1
pillbox      cav401        maxGradient=22.61 color=1.0,0.0,0.0 frequency=0.704
                           innerLength=80 innerRadius=163 pipeThick=3
                           wallThick=0.01 irisRadius=23 collarRadialThick=5
                           collarThick=0 win1Thick=0.01 win1OuterRadius=50
                           win2Thick=0.01 winMat=Be phaseAcc=5.337
                           skinDepth=0.002 timingTolerance=0.001 maxStep=100
                           cavityMaterial=Vacuum timeOffset=-4.7e+21
                           timeIncrement=0 fieldMapFile= kill=1
pillbox      cav402        maxGradient=25.28 color=1.0,0.0,0.0 frequency=0.704
                           innerLength=80 innerRadius=163 pipeThick=3
                           wallThick=0.01 irisRadius=23 collarRadialThick=5
                           collarThick=0 win1Thick=0.01 win1OuterRadius=50
                           win2Thick=0.01 winMat=Be phaseAcc=5.416
                           skinDepth=0.002 timingTolerance=0.001 maxStep=100
                           cavityMaterial=Vacuum timeOffset=-4.7e+21
                           timeIncrement=0 fieldMapFile= kill=1
pillbox      cav403        maxGradient=24.6 color=1.0,0.0,0.0 frequency=0.704
                           innerLength=80 innerRadius=163 pipeThick=3
                           wallThick=0.01 irisRadius=23 collarRadialThick=5
                           collarThick=0 win1Thick=0.01 win1OuterRadius=50
                           win2Thick=0.01 winMat=Be phaseAcc=17.43
                           skinDepth=0.002 timingTolerance=0.001 maxStep=100
                           cavityMaterial=Vacuum timeOffset=-4.7e+21
                           timeIncrement=0 fieldMapFile= kill=1
pillbox      cav410        maxGradient=21.32 color=1.0,0.0,0.0 frequency=0.704
                           innerLength=80 innerRadius=163 pipeThick=3
                           wallThick=0.01 irisRadius=23 collarRadialThick=5
                           collarThick=0 win1Thick=0.01 win1OuterRadius=50
                           win2Thick=0.01 winMat=Be phaseAcc=14.72
                           skinDepth=0.002 timingTolerance=0.001 maxStep=100
                           cavityMaterial=Vacuum timeOffset=-4.7e+21
                           timeIncrement=0 fieldMapFile= kill=1
pillbox      cav411        maxGradient=22.48 color=1.0,0.0,0.0 frequency=0.704
                           innerLength=80 innerRadius=163 pipeThick=3
                           wallThick=0.01 irisRadius=23 collarRadialThick=5
                           collarThick=0 win1Thick=0.01 win1OuterRadius=50
                           win2Thick=0.01 winMat=Be phaseAcc=36.61
                           skinDepth=0.002 timingTolerance=0.001 maxStep=100
                           cavityMaterial=Vacuum timeOffset=-4.7e+21
                           timeIncrement=0 fieldMapFile= kill=1
pillbox      cav412        maxGradient=24.35 color=1.0,0.0,0.0 frequency=0.704
                           innerLength=80 innerRadius=163 pipeThick=3
                           wallThick=0.01 irisRadius=23 collarRadialThick=5
                           collarThick=0 win1Thick=0.01 win1OuterRadius=50
                           win2Thick=0.01 winMat=Be phaseAcc=19.11
                           skinDepth=0.002 timingTolerance=0.001 maxStep=100
                           cavityMaterial=Vacuum timeOffset=-4.7e+21
                           timeIncrement=0 fieldMapFile= kill=1
pillbox      cav413        maxGradient=24.71 color=1.0,0.0,0.0 frequency=0.704
                           innerLength=80 innerRadius=163 pipeThick=3
                           wallThick=0.01 irisRadius=23 collarRadialThick=5
                           collarThick=0 win1Thick=0.01 win1OuterRadius=50
                           win2Thick=0.01 winMat=Be phaseAcc=22.12
                           skinDepth=0.002 timingTolerance=0.001 maxStep=100
                           cavityMaterial=Vacuum timeOffset=-4.7e+21
                           timeIncrement=0 fieldMapFile= kill=1
pillbox      cav420        maxGradient=24.12 color=1.0,0.0,0.0 frequency=0.704
                           innerLength=80 innerRadius=163 pipeThick=3
                           wallThick=0.01 irisRadius=23 collarRadialThick=5
                           collarThick=0 win1Thick=0.01 win1OuterRadius=50
                           win2Thick=0.01 winMat=Be phaseAcc=16.79
                           skinDepth=0.002 timingTolerance=0.001 maxStep=100
                           cavityMaterial=Vacuum timeOffset=-4.7e+21
                           timeIncrement=0 fieldMapFile= kill=1
pillbox      cav421        maxGradient=22.7 color=1.0,0.0,0.0 frequency=0.704
                           innerLength=80 innerRadius=163 pipeThick=3
                           wallThick=0.01 irisRadius=23 collarRadialThick=5
                           collarThick=0 win1Thick=0.01 win1OuterRadius=50
                           win2Thick=0.01 winMat=Be phaseAcc=24.27
                           skinDepth=0.002 timingTolerance=0.001 maxStep=100
                           cavityMaterial=Vacuum timeOffset=-4.7e+21
                           timeIncrement=0 fieldMapFile= kill=1
pillbox      cav422        maxGradient=24.24 color=1.0,0.0,0.0 frequency=0.704
                           innerLength=80 innerRadius=163 pipeThick=3
                           wallThick=0.01 irisRadius=23 collarRadialThick=5
                           collarThick=0 win1Thick=0.01 win1OuterRadius=50
                           win2Thick=0.01 winMat=Be phaseAcc=17.18
                           skinDepth=0.002 timingTolerance=0.001 maxStep=100
                           cavityMaterial=Vacuum timeOffset=-4.7e+21
                           timeIncrement=0 fieldMapFile= kill=1
pillbox      cav423        maxGradient=23.51 color=1.0,0.0,0.0 frequency=0.704
                           innerLength=80 innerRadius=163 pipeThick=3
                           wallThick=0.01 irisRadius=23 collarRadialThick=5
                           collarThick=0 win1Thick=0.01 win1OuterRadius=50
                           win2Thick=0.01 winMat=Be phaseAcc=14
                           skinDepth=0.002 timingTolerance=0.001 maxStep=100
                           cavityMaterial=Vacuum timeOffset=-4.7e+21
                           timeIncrement=0 fieldMapFile= kill=1
pillbox      cav430        maxGradient=24.19 color=1.0,0.0,0.0 frequency=0.704
                           innerLength=80 innerRadius=163 pipeThick=3
                           wallThick=0.01 irisRadius=23 collarRadialThick=5
                           collarThick=0 win1Thick=0.01 win1OuterRadius=50
                           win2Thick=0.01 winMat=Be phaseAcc=30.08
                           skinDepth=0.002 timingTolerance=0.001 maxStep=100
                           cavityMaterial=Vacuum timeOffset=-4.7e+21
                           timeIncrement=0 fieldMapFile= kill=1
pillbox      cav431        maxGradient=24.51 color=1.0,0.0,0.0 frequency=0.704
                           innerLength=80 innerRadius=163 pipeThick=3
                           wallThick=0.01 irisRadius=23 collarRadialThick=5
                           collarThick=0 win1Thick=0.01 win1OuterRadius=50
                           win2Thick=0.01 winMat=Be phaseAcc=14.21
                           skinDepth=0.002 timingTolerance=0.001 maxStep=100
                           cavityMaterial=Vacuum timeOffset=-4.7e+21
                           timeIncrement=0 fieldMapFile= kill=1
pillbox      cav432        maxGradient=21.19 color=1.0,0.0,0.0 frequency=0.704
                           innerLength=80 innerRadius=163 pipeThick=3
                           wallThick=0.01 irisRadius=23 collarRadialThick=5
                           collarThick=0 win1Thick=0.01 win1OuterRadius=50
                           win2Thick=0.01 winMat=Be phaseAcc=6.084
                           skinDepth=0.002 timingTolerance=0.001 maxStep=100
                           cavityMaterial=Vacuum timeOffset=-4.7e+21
                           timeIncrement=0 fieldMapFile= kill=1
pillbox      cav433        maxGradient=22.47 color=1.0,0.0,0.0 frequency=0.704
                           innerLength=80 innerRadius=163 pipeThick=3
                           wallThick=0.01 irisRadius=23 collarRadialThick=5
                           collarThick=0 win1Thick=0.01 win1OuterRadius=50
                           win2Thick=0.01 winMat=Be phaseAcc=21.59
                           skinDepth=0.002 timingTolerance=0.001 maxStep=100
                           cavityMaterial=Vacuum timeOffset=-4.7e+21
                           timeIncrement=0 fieldMapFile= kill=1
pillbox      cav440        maxGradient=24.62 color=1.0,0.0,0.0 frequency=0.704
                           innerLength=80 innerRadius=163 pipeThick=3
                           wallThick=0.01 irisRadius=23 collarRadialThick=5
                           collarThick=0 win1Thick=0.01 win1OuterRadius=50
                           win2Thick=0.01 winMat=Be phaseAcc=12.77
                           skinDepth=0.002 timingTolerance=0.001 maxStep=100
                           cavityMaterial=Vacuum timeOffset=-4.7e+21
                           timeIncrement=0 fieldMapFile= kill=1
pillbox      cav441        maxGradient=21.78 color=1.0,0.0,0.0 frequency=0.704
                           innerLength=80 innerRadius=163 pipeThick=3
                           wallThick=0.01 irisRadius=23 collarRadialThick=5
                           collarThick=0 win1Thick=0.01 win1OuterRadius=50
                           win2Thick=0.01 winMat=Be phaseAcc=1.518
                           skinDepth=0.002 timingTolerance=0.001 maxStep=100
                           cavityMaterial=Vacuum timeOffset=-4.7e+21
                           timeIncrement=0 fieldMapFile= kill=1
pillbox      cav442        maxGradient=22.42 color=1.0,0.0,0.0 frequency=0.704
                           innerLength=80 innerRadius=163 pipeThick=3
                           wallThick=0.01 irisRadius=23 collarRadialThick=5
                           collarThick=0 win1Thick=0.01 win1OuterRadius=50
                           win2Thick=0.01 winMat=Be phaseAcc=16.7
                           skinDepth=0.002 timingTolerance=0.001 maxStep=100
                           cavityMaterial=Vacuum timeOffset=-4.7e+21
                           timeIncrement=0 fieldMapFile= kill=1
pillbox      cav443        maxGradient=22.81 color=1.0,0.0,0.0 frequency=0.704
                           innerLength=80 innerRadius=163 pipeThick=3
                           wallThick=0.01 irisRadius=23 collarRadialThick=5
                           collarThick=0 win1Thick=0.01 win1OuterRadius=50
                           win2Thick=0.01 winMat=Be phaseAcc=18.34
                           skinDepth=0.002 timingTolerance=0.001 maxStep=100
                           cavityMaterial=Vacuum timeOffset=-4.7e+21
                           timeIncrement=0 fieldMapFile= kill=1
pillbox      cav450        maxGradient=22.38 color=1.0,0.0,0.0 frequency=0.704
                           innerLength=80 innerRadius=163 pipeThick=3
                           wallThick=0.01 irisRadius=23 collarRadialThick=5
                           collarThick=0 win1Thick=0.01 win1OuterRadius=50
                           win2Thick=0.01 winMat=Be phaseAcc=14.58
                           skinDepth=0.002 timingTolerance=0.001 maxStep=100
                           cavityMaterial=Vacuum timeOffset=-4.7e+21
                           timeIncrement=0 fieldMapFile= kill=1
pillbox      cav451        maxGradient=23.82 color=1.0,0.0,0.0 frequency=0.704
                           innerLength=80 innerRadius=163 pipeThick=3
                           wallThick=0.01 irisRadius=23 collarRadialThick=5
                           collarThick=0 win1Thick=0.01 win1OuterRadius=50
                           win2Thick=0.01 winMat=Be phaseAcc=22.21
                           skinDepth=0.002 timingTolerance=0.001 maxStep=100
                           cavityMaterial=Vacuum timeOffset=-4.7e+21
                           timeIncrement=0 fieldMapFile= kill=1
pillbox      cav452        maxGradient=24.05 color=1.0,0.0,0.0 frequency=0.704
                           innerLength=80 innerRadius=163 pipeThick=3
                           wallThick=0.01 irisRadius=23 collarRadialThick=5
                           collarThick=0 win1Thick=0.01 win1OuterRadius=50
                           win2Thick=0.01 winMat=Be phaseAcc=18.67
                           skinDepth=0.002 timingTolerance=0.001 maxStep=100
                           cavityMaterial=Vacuum timeOffset=-4.7e+21
                           timeIncrement=0 fieldMapFile= kill=1
pillbox      cav453        maxGradient=25.47 color=1.0,0.0,0.0 frequency=0.704
                           innerLength=80 innerRadius=163 pipeThick=3
                           wallThick=0.01 irisRadius=23 collarRadialThick=5
                           collarThick=0 win1Thick=0.01 win1OuterRadius=50
                           win2Thick=0.01 winMat=Be phaseAcc=9.21
                           skinDepth=0.002 timingTolerance=0.001 maxStep=100
                           cavityMaterial=Vacuum timeOffset=-4.7e+21
                           timeIncrement=0 fieldMapFile= kill=1
pillbox      cav460        maxGradient=22.24 color=1.0,0.0,0.0 frequency=0.704
                           innerLength=80 innerRadius=163 pipeThick=3
                           wallThick=0.01 irisRadius=23 collarRadialThick=5
                           collarThick=0 win1Thick=0.01 win1OuterRadius=50
                           win2Thick=0.01 winMat=Be phaseAcc=31.59
                           skinDepth=0.002 timingTolerance=0.001 maxStep=100
                           cavityMaterial=Vacuum timeOffset=-4.7e+21
                           timeIncrement=0 fieldMapFile= kill=1
pillbox      cav461        maxGradient=22.75 color=1.0,0.0,0.0 frequency=0.704
                           innerLength=80 innerRadius=163 pipeThick=3
                           wallThick=0.01 irisRadius=23 collarRadialThick=5
                           collarThick=0 win1Thick=0.01 win1OuterRadius=50
                           win2Thick=0.01 winMat=Be phaseAcc=23.23
                           skinDepth=0.002 timingTolerance=0.001 maxStep=100
                           cavityMaterial=Vacuum timeOffset=-4.7e+21
                           timeIncrement=0 fieldMapFile= kill=1
pillbox      cav462        maxGradient=24.17 color=1.0,0.0,0.0 frequency=0.704
                           innerLength=80 innerRadius=163 pipeThick=3
                           wallThick=0.01 irisRadius=23 collarRadialThick=5
                           collarThick=0 win1Thick=0.01 win1OuterRadius=50
                           win2Thick=0.01 winMat=Be phaseAcc=22.84
                           skinDepth=0.002 timingTolerance=0.001 maxStep=100
                           cavityMaterial=Vacuum timeOffset=-4.7e+21
                           timeIncrement=0 fieldMapFile= kill=1
pillbox      cav463        maxGradient=22.71 color=1.0,0.0,0.0 frequency=0.704
                           innerLength=80 innerRadius=163 pipeThick=3
                           wallThick=0.01 irisRadius=23 collarRadialThick=5
                           collarThick=0 win1Thick=0.01 win1OuterRadius=50
                           win2Thick=0.01 winMat=Be phaseAcc=20.27
                           skinDepth=0.002 timingTolerance=0.001 maxStep=100
                           cavityMaterial=Vacuum timeOffset=-4.7e+21
                           timeIncrement=0 fieldMapFile= kill=1
pillbox      cav470        maxGradient=23.93 color=1.0,0.0,0.0 frequency=0.704
                           innerLength=80 innerRadius=163 pipeThick=3
                           wallThick=0.01 irisRadius=23 collarRadialThick=5
                           collarThick=0 win1Thick=0.01 win1OuterRadius=50
                           win2Thick=0.01 winMat=Be phaseAcc=2.627
                           skinDepth=0.002 timingTolerance=0.001 maxStep=100
                           cavityMaterial=Vacuum timeOffset=-4.7e+21
                           timeIncrement=0 fieldMapFile= kill=1
pillbox      cav471        maxGradient=26.2 color=1.0,0.0,0.0 frequency=0.704
                           innerLength=80 innerRadius=163 pipeThick=3
                           wallThick=0.01 irisRadius=23 collarRadialThick=5
                           collarThick=0 win1Thick=0.01 win1OuterRadius=50
                           win2Thick=0.01 winMat=Be phaseAcc=9.206
                           skinDepth=0.002 timingTolerance=0.001 maxStep=100
                           cavityMaterial=Vacuum timeOffset=-4.7e+21
                           timeIncrement=0 fieldMapFile= kill=1
pillbox      cav472        maxGradient=22.53 color=1.0,0.0,0.0 frequency=0.704
                           innerLength=80 innerRadius=163 pipeThick=3
                           wallThick=0.01 irisRadius=23 collarRadialThick=5
                           collarThick=0 win1Thick=0.01 win1OuterRadius=50
                           win2Thick=0.01 winMat=Be phaseAcc=7.32
                           skinDepth=0.002 timingTolerance=0.001 maxStep=100
                           cavityMaterial=Vacuum timeOffset=-4.7e+21
                           timeIncrement=0 fieldMapFile= kill=1
pillbox      cav473        maxGradient=23.51 color=1.0,0.0,0.0 frequency=0.704
                           innerLength=80 innerRadius=163 pipeThick=3
                           wallThick=0.01 irisRadius=23 collarRadialThick=5
                           collarThick=0 win1Thick=0.01 win1OuterRadius=50
                           win2Thick=0.01 winMat=Be phaseAcc=15.79
                           skinDepth=0.002 timingTolerance=0.001 maxStep=100
                           cavityMaterial=Vacuum timeOffset=-4.7e+21
                           timeIncrement=0 fieldMapFile= kill=1
pillbox      cav480        maxGradient=23.73 color=1.0,0.0,0.0 frequency=0.704
                           innerLength=80 innerRadius=163 pipeThick=3
                           wallThick=0.01 irisRadius=23 collarRadialThick=5
                           collarThick=0 win1Thick=0.01 win1OuterRadius=50
                           win2Thick=0.01 winMat=Be phaseAcc=11.49
                           skinDepth=0.002 timingTolerance=0.001 maxStep=100
                           cavityMaterial=Vacuum timeOffset=-4.7e+21
                           timeIncrement=0 fieldMapFile= kill=1
pillbox      cav481        maxGradient=22.73 color=1.0,0.0,0.0 frequency=0.704
                           innerLength=80 innerRadius=163 pipeThick=3
                           wallThick=0.01 irisRadius=23 collarRadialThick=5
                           collarThick=0 win1Thick=0.01 win1OuterRadius=50
                           win2Thick=0.01 winMat=Be phaseAcc=17.51
                           skinDepth=0.002 timingTolerance=0.001 maxStep=100
                           cavityMaterial=Vacuum timeOffset=-4.7e+21
                           timeIncrement=0 fieldMapFile= kill=1
pillbox      cav482        maxGradient=23.92 color=1.0,0.0,0.0 frequency=0.704
                           innerLength=80 innerRadius=163 pipeThick=3
                           wallThick=0.01 irisRadius=23 collarRadialThick=5
                           collarThick=0 win1Thick=0.01 win1OuterRadius=50
                           win2Thick=0.01 winMat=Be phaseAcc=-0.1797
                           skinDepth=0.002 timingTolerance=0.001 maxStep=100
                           cavityMaterial=Vacuum timeOffset=-4.7e+21
                           timeIncrement=0 fieldMapFile= kill=1
pillbox      cav483        maxGradient=24.62 color=1.0,0.0,0.0 frequency=0.704
                           innerLength=80 innerRadius=163 pipeThick=3
                           wallThick=0.01 irisRadius=23 collarRadialThick=5
                           collarThick=0 win1Thick=0.01 win1OuterRadius=50
                           win2Thick=0.01 winMat=Be phaseAcc=26.63
                           skinDepth=0.002 timingTolerance=0.001 maxStep=100
                           cavityMaterial=Vacuum timeOffset=-4.7e+21
                           timeIncrement=0 fieldMapFile= kill=1
pillbox      cav490        maxGradient=24.48 color=1.0,0.0,0.0 frequency=0.704
                           innerLength=80 innerRadius=163 pipeThick=3
                           wallThick=0.01 irisRadius=23 collarRadialThick=5
                           collarThick=0 win1Thick=0.01 win1OuterRadius=50
                           win2Thick=0.01 winMat=Be phaseAcc=13.57
                           skinDepth=0.002 timingTolerance=0.001 maxStep=100
                           cavityMaterial=Vacuum timeOffset=-4.7e+21
                           timeIncrement=0 fieldMapFile= kill=1
pillbox      cav491        maxGradient=24.99 color=1.0,0.0,0.0 frequency=0.704
                           innerLength=80 innerRadius=163 pipeThick=3
                           wallThick=0.01 irisRadius=23 collarRadialThick=5
                           collarThick=0 win1Thick=0.01 win1OuterRadius=50
                           win2Thick=0.01 winMat=Be phaseAcc=6.461
                           skinDepth=0.002 timingTolerance=0.001 maxStep=100
                           cavityMaterial=Vacuum timeOffset=-4.7e+21
                           timeIncrement=0 fieldMapFile= kill=1
pillbox      cav492        maxGradient=23.06 color=1.0,0.0,0.0 frequency=0.704
                           innerLength=80 innerRadius=163 pipeThick=3
                           wallThick=0.01 irisRadius=23 collarRadialThick=5
                           collarThick=0 win1Thick=0.01 win1OuterRadius=50
                           win2Thick=0.01 winMat=Be phaseAcc=28.71
                           skinDepth=0.002 timingTolerance=0.001 maxStep=100
                           cavityMaterial=Vacuum timeOffset=-4.7e+21
                           timeIncrement=0 fieldMapFile= kill=1
pillbox      cav493        maxGradient=23.83 color=1.0,0.0,0.0 frequency=0.704
                           innerLength=80 innerRadius=163 pipeThick=3
                           wallThick=0.01 irisRadius=23 collarRadialThick=5
                           collarThick=0 win1Thick=0.01 win1OuterRadius=50
                           win2Thick=0.01 winMat=Be phaseAcc=15.43
                           skinDepth=0.002 timingTolerance=0.001 maxStep=100
                           cavityMaterial=Vacuum timeOffset=-4.7e+21
                           timeIncrement=0 fieldMapFile= kill=1
pillbox      cav500        maxGradient=23.71 color=1.0,0.0,0.0 frequency=0.704
                           innerLength=80 innerRadius=163 pipeThick=3
                           wallThick=0.01 irisRadius=23 collarRadialThick=5
                           collarThick=0 win1Thick=0.01 win1OuterRadius=50
                           win2Thick=0.01 winMat=Be phaseAcc=0.07727
                           skinDepth=0.002 timingTolerance=0.001 maxStep=100
                           cavityMaterial=Vacuum timeOffset=-4.7e+21
                           timeIncrement=0 fieldMapFile= kill=1
pillbox      cav501        maxGradient=23.87 color=1.0,0.0,0.0 frequency=0.704
                           innerLength=80 innerRadius=163 pipeThick=3
                           wallThick=0.01 irisRadius=23 collarRadialThick=5
                           collarThick=0 win1Thick=0.01 win1OuterRadius=50
                           win2Thick=0.01 winMat=Be phaseAcc=16.5
                           skinDepth=0.002 timingTolerance=0.001 maxStep=100
                           cavityMaterial=Vacuum timeOffset=-4.7e+21
                           timeIncrement=0 fieldMapFile= kill=1
pillbox      cav502        maxGradient=23.41 color=1.0,0.0,0.0 frequency=0.704
                           innerLength=80 innerRadius=163 pipeThick=3
                           wallThick=0.01 irisRadius=23 collarRadialThick=5
                           collarThick=0 win1Thick=0.01 win1OuterRadius=50
                           win2Thick=0.01 winMat=Be phaseAcc=7.029
                           skinDepth=0.002 timingTolerance=0.001 maxStep=100
                           cavityMaterial=Vacuum timeOffset=-4.7e+21
                           timeIncrement=0 fieldMapFile= kill=1
pillbox      cav503        maxGradient=22.59 color=1.0,0.0,0.0 frequency=0.704
                           innerLength=80 innerRadius=163 pipeThick=3
                           wallThick=0.01 irisRadius=23 collarRadialThick=5
                           collarThick=0 win1Thick=0.01 win1OuterRadius=50
                           win2Thick=0.01 winMat=Be phaseAcc=16.27
                           skinDepth=0.002 timingTolerance=0.001 maxStep=100
                           cavityMaterial=Vacuum timeOffset=-4.7e+21
                           timeIncrement=0 fieldMapFile= kill=1
pillbox      cav510        maxGradient=24.73 color=1.0,0.0,0.0 frequency=0.704
                           innerLength=80 innerRadius=163 pipeThick=3
                           wallThick=0.01 irisRadius=23 collarRadialThick=5
                           collarThick=0 win1Thick=0.01 win1OuterRadius=50
                           win2Thick=0.01 winMat=Be phaseAcc=18.81
                           skinDepth=0.002 timingTolerance=0.001 maxStep=100
                           cavityMaterial=Vacuum timeOffset=-4.7e+21
                           timeIncrement=0 fieldMapFile= kill=1
pillbox      cav511        maxGradient=24.65 color=1.0,0.0,0.0 frequency=0.704
                           innerLength=80 innerRadius=163 pipeThick=3
                           wallThick=0.01 irisRadius=23 collarRadialThick=5
                           collarThick=0 win1Thick=0.01 win1OuterRadius=50
                           win2Thick=0.01 winMat=Be phaseAcc=22.15
                           skinDepth=0.002 timingTolerance=0.001 maxStep=100
                           cavityMaterial=Vacuum timeOffset=-4.7e+21
                           timeIncrement=0 fieldMapFile= kill=1
pillbox      cav512        maxGradient=23.91 color=1.0,0.0,0.0 frequency=0.704
                           innerLength=80 innerRadius=163 pipeThick=3
                           wallThick=0.01 irisRadius=23 collarRadialThick=5
                           collarThick=0 win1Thick=0.01 win1OuterRadius=50
                           win2Thick=0.01 winMat=Be phaseAcc=9.023
                           skinDepth=0.002 timingTolerance=0.001 maxStep=100
                           cavityMaterial=Vacuum timeOffset=-4.7e+21
                           timeIncrement=0 fieldMapFile= kill=1
pillbox      cav513        maxGradient=23.1 color=1.0,0.0,0.0 frequency=0.704
                           innerLength=80 innerRadius=163 pipeThick=3
                           wallThick=0.01 irisRadius=23 collarRadialThick=5
                           collarThick=0 win1Thick=0.01 win1OuterRadius=50
                           win2Thick=0.01 winMat=Be phaseAcc=28.05
                           skinDepth=0.002 timingTolerance=0.001 maxStep=100
                           cavityMaterial=Vacuum timeOffset=-4.7e+21
                           timeIncrement=0 fieldMapFile= kill=1
pillbox      cav520        maxGradient=23.87 color=1.0,0.0,0.0 frequency=0.704
                           innerLength=80 innerRadius=163 pipeThick=3
                           wallThick=0.01 irisRadius=23 collarRadialThick=5
                           collarThick=0 win1Thick=0.01 win1OuterRadius=50
                           win2Thick=0.01 winMat=Be phaseAcc=14.73
                           skinDepth=0.002 timingTolerance=0.001 maxStep=100
                           cavityMaterial=Vacuum timeOffset=-4.7e+21
                           timeIncrement=0 fieldMapFile= kill=1
pillbox      cav521        maxGradient=23.98 color=1.0,0.0,0.0 frequency=0.704
                           innerLength=80 innerRadius=163 pipeThick=3
                           wallThick=0.01 irisRadius=23 collarRadialThick=5
                           collarThick=0 win1Thick=0.01 win1OuterRadius=50
                           win2Thick=0.01 winMat=Be phaseAcc=11.34
                           skinDepth=0.002 timingTolerance=0.001 maxStep=100
                           cavityMaterial=Vacuum timeOffset=-4.7e+21
                           timeIncrement=0 fieldMapFile= kill=1
pillbox      cav522        maxGradient=21.7 color=1.0,0.0,0.0 frequency=0.704
                           innerLength=80 innerRadius=163 pipeThick=3
                           wallThick=0.01 irisRadius=23 collarRadialThick=5
                           collarThick=0 win1Thick=0.01 win1OuterRadius=50
                           win2Thick=0.01 winMat=Be phaseAcc=29.75
                           skinDepth=0.002 timingTolerance=0.001 maxStep=100
                           cavityMaterial=Vacuum timeOffset=-4.7e+21
                           timeIncrement=0 fieldMapFile= kill=1
pillbox      cav523        maxGradient=22.37 color=1.0,0.0,0.0 frequency=0.704
                           innerLength=80 innerRadius=163 pipeThick=3
                           wallThick=0.01 irisRadius=23 collarRadialThick=5
                           collarThick=0 win1Thick=0.01 win1OuterRadius=50
                           win2Thick=0.01 winMat=Be phaseAcc=24.88
                           skinDepth=0.002 timingTolerance=0.001 maxStep=100
                           cavityMaterial=Vacuum timeOffset=-4.7e+21
                           timeIncrement=0 fieldMapFile= kill=1
pillbox      cav530        maxGradient=22.97 color=1.0,0.0,0.0 frequency=0.704
                           innerLength=80 innerRadius=163 pipeThick=3
                           wallThick=0.01 irisRadius=23 collarRadialThick=5
                           collarThick=0 win1Thick=0.01 win1OuterRadius=50
                           win2Thick=0.01 winMat=Be phaseAcc=5.233
                           skinDepth=0.002 timingTolerance=0.001 maxStep=100
                           cavityMaterial=Vacuum timeOffset=-4.7e+21
                           timeIncrement=0 fieldMapFile= kill=1
pillbox      cav531        maxGradient=23.86 color=1.0,0.0,0.0 frequency=0.704
                           innerLength=80 innerRadius=163 pipeThick=3
                           wallThick=0.01 irisRadius=23 collarRadialThick=5
                           collarThick=0 win1Thick=0.01 win1OuterRadius=50
                           win2Thick=0.01 winMat=Be phaseAcc=31.69
                           skinDepth=0.002 timingTolerance=0.001 maxStep=100
                           cavityMaterial=Vacuum timeOffset=-4.7e+21
                           timeIncrement=0 fieldMapFile= kill=1
pillbox      cav532        maxGradient=24.28 color=1.0,0.0,0.0 frequency=0.704
                           innerLength=80 innerRadius=163 pipeThick=3
                           wallThick=0.01 irisRadius=23 collarRadialThick=5
                           collarThick=0 win1Thick=0.01 win1OuterRadius=50
                           win2Thick=0.01 winMat=Be phaseAcc=23.63
                           skinDepth=0.002 timingTolerance=0.001 maxStep=100
                           cavityMaterial=Vacuum timeOffset=-4.7e+21
                           timeIncrement=0 fieldMapFile= kill=1
pillbox      cav533        maxGradient=24.75 color=1.0,0.0,0.0 frequency=0.704
                           innerLength=80 innerRadius=163 pipeThick=3
                           wallThick=0.01 irisRadius=23 collarRadialThick=5
                           collarThick=0 win1Thick=0.01 win1OuterRadius=50
                           win2Thick=0.01 winMat=Be phaseAcc=21.1
                           skinDepth=0.002 timingTolerance=0.001 maxStep=100
                           cavityMaterial=Vacuum timeOffset=-4.7e+21
                           timeIncrement=0 fieldMapFile= kill=1
pillbox      cav540        maxGradient=22.16 color=1.0,0.0,0.0 frequency=0.704
                           innerLength=80 innerRadius=163 pipeThick=3
                           wallThick=0.01 irisRadius=23 collarRadialThick=5
                           collarThick=0 win1Thick=0.01 win1OuterRadius=50
                           win2Thick=0.01 winMat=Be phaseAcc=1.99
                           skinDepth=0.002 timingTolerance=0.001 maxStep=100
                           cavityMaterial=Vacuum timeOffset=-4.7e+21
                           timeIncrement=0 fieldMapFile= kill=1
pillbox      cav541        maxGradient=25.24 color=1.0,0.0,0.0 frequency=0.704
                           innerLength=80 innerRadius=163 pipeThick=3
                           wallThick=0.01 irisRadius=23 collarRadialThick=5
                           collarThick=0 win1Thick=0.01 win1OuterRadius=50
                           win2Thick=0.01 winMat=Be phaseAcc=28.58
                           skinDepth=0.002 timingTolerance=0.001 maxStep=100
                           cavityMaterial=Vacuum timeOffset=-4.7e+21
                           timeIncrement=0 fieldMapFile= kill=1
pillbox      cav542        maxGradient=22.46 color=1.0,0.0,0.0 frequency=0.704
                           innerLength=80 innerRadius=163 pipeThick=3
                           wallThick=0.01 irisRadius=23 collarRadialThick=5
                           collarThick=0 win1Thick=0.01 win1OuterRadius=50
                           win2Thick=0.01 winMat=Be phaseAcc=11.85
                           skinDepth=0.002 timingTolerance=0.001 maxStep=100
                           cavityMaterial=Vacuum timeOffset=-4.7e+21
                           timeIncrement=0 fieldMapFile= kill=1
pillbox      cav543        maxGradient=24.92 color=1.0,0.0,0.0 frequency=0.704
                           innerLength=80 innerRadius=163 pipeThick=3
                           wallThick=0.01 irisRadius=23 collarRadialThick=5
                           collarThick=0 win1Thick=0.01 win1OuterRadius=50
                           win2Thick=0.01 winMat=Be phaseAcc=26.9
                           skinDepth=0.002 timingTolerance=0.001 maxStep=100
                           cavityMaterial=Vacuum timeOffset=-4.7e+21
                           timeIncrement=0 fieldMapFile= kill=1
pillbox      cav550        maxGradient=24.64 color=1.0,0.0,0.0 frequency=0.704
                           innerLength=80 innerRadius=163 pipeThick=3
                           wallThick=0.01 irisRadius=23 collarRadialThick=5
                           collarThick=0 win1Thick=0.01 win1OuterRadius=50
                           win2Thick=0.01 winMat=Be phaseAcc=6.677
                           skinDepth=0.002 timingTolerance=0.001 maxStep=100
                           cavityMaterial=Vacuum timeOffset=-4.7e+21
                           timeIncrement=0 fieldMapFile= kill=1
pillbox      cav551        maxGradient=24.36 color=1.0,0.0,0.0 frequency=0.704
                           innerLength=80 innerRadius=163 pipeThick=3
                           wallThick=0.01 irisRadius=23 collarRadialThick=5
                           collarThick=0 win1Thick=0.01 win1OuterRadius=50
                           win2Thick=0.01 winMat=Be phaseAcc=12.77
                           skinDepth=0.002 timingTolerance=0.001 maxStep=100
                           cavityMaterial=Vacuum timeOffset=-4.7e+21
                           timeIncrement=0 fieldMapFile= kill=1
pillbox      cav552        maxGradient=23.81 color=1.0,0.0,0.0 frequency=0.704
                           innerLength=80 innerRadius=163 pipeThick=3
                           wallThick=0.01 irisRadius=23 collarRadialThick=5
                           collarThick=0 win1Thick=0.01 win1OuterRadius=50
                           win2Thick=0.01 winMat=Be phaseAcc=21.79
                           skinDepth=0.002 timingTolerance=0.001 maxStep=100
                           cavityMaterial=Vacuum timeOffset=-4.7e+21
                           timeIncrement=0 fieldMapFile= kill=1
pillbox      cav553        maxGradient=25.27 color=1.0,0.0,0.0 frequency=0.704
                           innerLength=80 innerRadius=163 pipeThick=3
                           wallThick=0.01 irisRadius=23 collarRadialThick=5
                           collarThick=0 win1Thick=0.01 win1OuterRadius=50
                           win2Thick=0.01 winMat=Be phaseAcc=28.14
                           skinDepth=0.002 timingTolerance=0.001 maxStep=100
                           cavityMaterial=Vacuum timeOffset=-4.7e+21
                           timeIncrement=0 fieldMapFile= kill=1
pillbox      cav560        maxGradient=24.7 color=1.0,0.0,0.0 frequency=0.704
                           innerLength=80 innerRadius=163 pipeThick=3
                           wallThick=0.01 irisRadius=23 collarRadialThick=5
                           collarThick=0 win1Thick=0.01 win1OuterRadius=50
                           win2Thick=0.01 winMat=Be phaseAcc=-2.286
                           skinDepth=0.002 timingTolerance=0.001 maxStep=100
                           cavityMaterial=Vacuum timeOffset=-4.7e+21
                           timeIncrement=0 fieldMapFile= kill=1
pillbox      cav561        maxGradient=22.33 color=1.0,0.0,0.0 frequency=0.704
                           innerLength=80 innerRadius=163 pipeThick=3
                           wallThick=0.01 irisRadius=23 collarRadialThick=5
                           collarThick=0 win1Thick=0.01 win1OuterRadius=50
                           win2Thick=0.01 winMat=Be phaseAcc=35.33
                           skinDepth=0.002 timingTolerance=0.001 maxStep=100
                           cavityMaterial=Vacuum timeOffset=-4.7e+21
                           timeIncrement=0 fieldMapFile= kill=1
pillbox      cav562        maxGradient=23.83 color=1.0,0.0,0.0 frequency=0.704
                           innerLength=80 innerRadius=163 pipeThick=3
                           wallThick=0.01 irisRadius=23 collarRadialThick=5
                           collarThick=0 win1Thick=0.01 win1OuterRadius=50
                           win2Thick=0.01 winMat=Be phaseAcc=25.45
                           skinDepth=0.002 timingTolerance=0.001 maxStep=100
                           cavityMaterial=Vacuum timeOffset=-4.7e+21
                           timeIncrement=0 fieldMapFile= kill=1
pillbox      cav563        maxGradient=23.12 color=1.0,0.0,0.0 frequency=0.704
                           innerLength=80 innerRadius=163 pipeThick=3
                           wallThick=0.01 irisRadius=23 collarRadialThick=5
                           collarThick=0 win1Thick=0.01 win1OuterRadius=50
                           win2Thick=0.01 winMat=Be phaseAcc=26.36
                           skinDepth=0.002 timingTolerance=0.001 maxStep=100
                           cavityMaterial=Vacuum timeOffset=-4.7e+21
                           timeIncrement=0 fieldMapFile= kill=1
pillbox      cav570        maxGradient=23.88 color=1.0,0.0,0.0 frequency=0.704
                           innerLength=80 innerRadius=163 pipeThick=3
                           wallThick=0.01 irisRadius=23 collarRadialThick=5
                           collarThick=0 win1Thick=0.01 win1OuterRadius=50
                           win2Thick=0.01 winMat=Be phaseAcc=18.72
                           skinDepth=0.002 timingTolerance=0.001 maxStep=100
                           cavityMaterial=Vacuum timeOffset=-4.7e+21
                           timeIncrement=0 fieldMapFile= kill=1
pillbox      cav571        maxGradient=24.13 color=1.0,0.0,0.0 frequency=0.704
                           innerLength=80 innerRadius=163 pipeThick=3
                           wallThick=0.01 irisRadius=23 collarRadialThick=5
                           collarThick=0 win1Thick=0.01 win1OuterRadius=50
                           win2Thick=0.01 winMat=Be phaseAcc=21.04
                           skinDepth=0.002 timingTolerance=0.001 maxStep=100
                           cavityMaterial=Vacuum timeOffset=-4.7e+21
                           timeIncrement=0 fieldMapFile= kill=1
pillbox      cav572        maxGradient=24.37 color=1.0,0.0,0.0 frequency=0.704
                           innerLength=80 innerRadius=163 pipeThick=3
                           wallThick=0.01 irisRadius=23 collarRadialThick=5
                           collarThick=0 win1Thick=0.01 win1OuterRadius=50
                           win2Thick=0.01 winMat=Be phaseAcc=-1.151
                           skinDepth=0.002 timingTolerance=0.001 maxStep=100
                           cavityMaterial=Vacuum timeOffset=-4.7e+21
                           timeIncrement=0 fieldMapFile= kill=1
pillbox      cav573        maxGradient=24.38 color=1.0,0.0,0.0 frequency=0.704
                           innerLength=80 innerRadius=163 pipeThick=3
                           wallThick=0.01 irisRadius=23 collarRadialThick=5
                           collarThick=0 win1Thick=0.01 win1OuterRadius=50
                           win2Thick=0.01 winMat=Be phaseAcc=11.33
                           skinDepth=0.002 timingTolerance=0.001 maxStep=100
                           cavityMaterial=Vacuum timeOffset=-4.7e+21
                           timeIncrement=0 fieldMapFile= kill=1
pillbox      cav580        maxGradient=24.1 color=1.0,0.0,0.0 frequency=0.704
                           innerLength=80 innerRadius=163 pipeThick=3
                           wallThick=0.01 irisRadius=23 collarRadialThick=5
                           collarThick=0 win1Thick=0.01 win1OuterRadius=50
                           win2Thick=0.01 winMat=Be phaseAcc=6.949
                           skinDepth=0.002 timingTolerance=0.001 maxStep=100
                           cavityMaterial=Vacuum timeOffset=-4.7e+21
                           timeIncrement=0 fieldMapFile= kill=1
pillbox      cav581        maxGradient=22.68 color=1.0,0.0,0.0 frequency=0.704
                           innerLength=80 innerRadius=163 pipeThick=3
                           wallThick=0.01 irisRadius=23 collarRadialThick=5
                           collarThick=0 win1Thick=0.01 win1OuterRadius=50
                           win2Thick=0.01 winMat=Be phaseAcc=13.31
                           skinDepth=0.002 timingTolerance=0.001 maxStep=100
                           cavityMaterial=Vacuum timeOffset=-4.7e+21
                           timeIncrement=0 fieldMapFile= kill=1
pillbox      cav582        maxGradient=23.13 color=1.0,0.0,0.0 frequency=0.704
                           innerLength=80 innerRadius=163 pipeThick=3
                           wallThick=0.01 irisRadius=23 collarRadialThick=5
                           collarThick=0 win1Thick=0.01 win1OuterRadius=50
                           win2Thick=0.01 winMat=Be phaseAcc=1.786
                           skinDepth=0.002 timingTolerance=0.001 maxStep=100
                           cavityMaterial=Vacuum timeOffset=-4.7e+21
                           timeIncrement=0 fieldMapFile= kill=1
pillbox      cav583        maxGradient=22.96 color=1.0,0.0,0.0 frequency=0.704
                           innerLength=80 innerRadius=163 pipeThick=3
                           wallThick=0.01 irisRadius=23 collarRadialThick=5
                           collarThick=0 win1Thick=0.01 win1OuterRadius=50
                           win2Thick=0.01 winMat=Be phaseAcc=9.309
                           skinDepth=0.002 timingTolerance=0.001 maxStep=100
                           cavityMaterial=Vacuum timeOffset=-4.7e+21
                           timeIncrement=0 fieldMapFile= kill=1
pillbox      cav590        maxGradient=25.38 color=1.0,0.0,0.0 frequency=0.704
                           innerLength=80 innerRadius=163 pipeThick=3
                           wallThick=0.01 irisRadius=23 collarRadialThick=5
                           collarThick=0 win1Thick=0.01 win1OuterRadius=50
                           win2Thick=0.01 winMat=Be phaseAcc=6.081
                           skinDepth=0.002 timingTolerance=0.001 maxStep=100
                           cavityMaterial=Vacuum timeOffset=-4.7e+21
                           timeIncrement=0 fieldMapFile= kill=1
pillbox      cav591        maxGradient=24.14 color=1.0,0.0,0.0 frequency=0.704
                           innerLength=80 innerRadius=163 pipeThick=3
                           wallThick=0.01 irisRadius=23 collarRadialThick=5
                           collarThick=0 win1Thick=0.01 win1OuterRadius=50
                           win2Thick=0.01 winMat=Be phaseAcc=2.78
                           skinDepth=0.002 timingTolerance=0.001 maxStep=100
                           cavityMaterial=Vacuum timeOffset=-4.7e+21
                           timeIncrement=0 fieldMapFile= kill=1
pillbox      cav592        maxGradient=24.85 color=1.0,0.0,0.0 frequency=0.704
                           innerLength=80 innerRadius=163 pipeThick=3
                           wallThick=0.01 irisRadius=23 collarRadialThick=5
                           collarThick=0 win1Thick=0.01 win1OuterRadius=50
                           win2Thick=0.01 winMat=Be phaseAcc=2.936
                           skinDepth=0.002 timingTolerance=0.001 maxStep=100
                           cavityMaterial=Vacuum timeOffset=-4.7e+21
                           timeIncrement=0 fieldMapFile= kill=1
pillbox      cav593        maxGradient=24.41 color=1.0,0.0,0.0 frequency=0.704
                           innerLength=80 innerRadius=163 pipeThick=3
                           wallThick=0.01 irisRadius=23 collarRadialThick=5
                           collarThick=0 win1Thick=0.01 win1OuterRadius=50
                           win2Thick=0.01 winMat=Be phaseAcc=7.429
                           skinDepth=0.002 timingTolerance=0.001 maxStep=100
                           cavityMaterial=Vacuum timeOffset=-4.7e+21
                           timeIncrement=0 fieldMapFile= kill=1
pillbox      cav600        maxGradient=23.45 color=1.0,0.0,0.0 frequency=0.704
                           innerLength=80 innerRadius=163 pipeThick=3
                           wallThick=0.01 irisRadius=23 collarRadialThick=5
                           collarThick=0 win1Thick=0.01 win1OuterRadius=50
                           win2Thick=0.01 winMat=Be phaseAcc=27.07
                           skinDepth=0.002 timingTolerance=0.001 maxStep=100
                           cavityMaterial=Vacuum timeOffset=-4.7e+21
                           timeIncrement=0 fieldMapFile= kill=1
pillbox      cav601        maxGradient=23.44 color=1.0,0.0,0.0 frequency=0.704
                           innerLength=80 innerRadius=163 pipeThick=3
                           wallThick=0.01 irisRadius=23 collarRadialThick=5
                           collarThick=0 win1Thick=0.01 win1OuterRadius=50
                           win2Thick=0.01 winMat=Be phaseAcc=26.95
                           skinDepth=0.002 timingTolerance=0.001 maxStep=100
                           cavityMaterial=Vacuum timeOffset=-4.7e+21
                           timeIncrement=0 fieldMapFile= kill=1
pillbox      cav602        maxGradient=23.33 color=1.0,0.0,0.0 frequency=0.704
                           innerLength=80 innerRadius=163 pipeThick=3
                           wallThick=0.01 irisRadius=23 collarRadialThick=5
                           collarThick=0 win1Thick=0.01 win1OuterRadius=50
                           win2Thick=0.01 winMat=Be phaseAcc=10.94
                           skinDepth=0.002 timingTolerance=0.001 maxStep=100
                           cavityMaterial=Vacuum timeOffset=-4.7e+21
                           timeIncrement=0 fieldMapFile= kill=1
pillbox      cav603        maxGradient=25.68 color=1.0,0.0,0.0 frequency=0.704
                           innerLength=80 innerRadius=163 pipeThick=3
                           wallThick=0.01 irisRadius=23 collarRadialThick=5
                           collarThick=0 win1Thick=0.01 win1OuterRadius=50
                           win2Thick=0.01 winMat=Be phaseAcc=36.17
                           skinDepth=0.002 timingTolerance=0.001 maxStep=100
                           cavityMaterial=Vacuum timeOffset=-4.7e+21
                           timeIncrement=0 fieldMapFile= kill=1
box          wedge_window  height=27.3 width=79.81 length=0.05 maxStep=100
                           material=Be color=1,1,1 kill=0
trap         all_wedge     height=27.3 upperWidth=0.001 lowerWidth=150 Xul=0
                           Xur=0 Xll=0 Xlr=0 length=27.3 maxStep=100
                           material=LH2 color=1,1,1 kill=0
do i=-2,60,1
(do i=-2)
place   sol1    copies=1 x=0.0 y=0.0 z=-1481.9 
place   sol3    copies=1 x=0.0 y=0.0 z=-1426.9 
place   sol5    copies=1 x=0.0 y=0.0 z=-1374.4 
place   sol6    copies=1 x=0.0 y=0.0 z=-965.6 
place   sol4    copies=1 x=0.0 y=0.0 z=-913.1 
place   sol2    copies=1 x=0.0 y=0.0 z=-858.1 
(do i=-1)
place   sol1    copies=1 x=0.0 y=0.0 z=-701.9 
place   sol3    copies=1 x=0.0 y=0.0 z=-646.9 
place   sol5    copies=1 x=0.0 y=0.0 z=-594.4 
place   sol6    copies=1 x=0.0 y=0.0 z=-185.6 
place   sol4    copies=1 x=0.0 y=0.0 z=-133.1 
place   sol2    copies=1 x=0.0 y=0.0 z=-78.1 
(do i=0)
place   sol1    copies=1 x=0.0 y=0.0 z=78.1 
place   sol3    copies=1 x=0.0 y=0.0 z=133.1 
place   sol5    copies=1 x=0.0 y=0.0 z=185.6 
place   sol6    copies=1 x=0.0 y=0.0 z=594.4 
place   sol4    copies=1 x=0.0 y=0.0 z=646.9 
place   sol2    copies=1 x=0.0 y=0.0 z=701.9 
(do i=1)
place   sol1    copies=1 x=0.0 y=0.0 z=858.1 
place   sol3    copies=1 x=0.0 y=0.0 z=913.1 
place   sol5    copies=1 x=0.0 y=0.0 z=965.6 
place   sol6    copies=1 x=0.0 y=0.0 z=1374.4 
place   sol4    copies=1 x=0.0 y=0.0 z=1426.9 
place   sol2    copies=1 x=0.0 y=0.0 z=1481.9 
(do i=2)
place   sol1    copies=1 x=0.0 y=0.0 z=1638.1 
place   sol3    copies=1 x=0.0 y=0.0 z=1693.1 
place   sol5    copies=1 x=0.0 y=0.0 z=1745.6 
place   sol6    copies=1 x=0.0 y=0.0 z=2154.4 
place   sol4    copies=1 x=0.0 y=0.0 z=2206.9 
place   sol2    copies=1 x=0.0 y=0.0 z=2261.9 
(do i=3)
place   sol1    copies=1 x=0.0 y=0.0 z=2418.1 
place   sol3    copies=1 x=0.0 y=0.0 z=2473.1 
place   sol5    copies=1 x=0.0 y=0.0 z=2525.6 
place   sol6    copies=1 x=0.0 y=0.0 z=2934.4 
place   sol4    copies=1 x=0.0 y=0.0 z=2986.9 
place   sol2    copies=1 x=0.0 y=0.0 z=3041.9 
(do i=4)
place   sol1    copies=1 x=0.0 y=0.0 z=3198.1 
place   sol3    copies=1 x=0.0 y=0.0 z=3253.1 
place   sol5    copies=1 x=0.0 y=0.0 z=3305.6 
place   sol6    copies=1 x=0.0 y=0.0 z=3714.4 
place   sol4    copies=1 x=0.0 y=0.0 z=3766.9 
place   sol2    copies=1 x=0.0 y=0.0 z=3821.9 
(do i=5)
place   sol1    copies=1 x=0.0 y=0.0 z=3978.1 
place   sol3    copies=1 x=0.0 y=0.0 z=4033.1 
place   sol5    copies=1 x=0.0 y=0.0 z=4085.6 
place   sol6    copies=1 x=0.0 y=0.0 z=4494.4 
place   sol4    copies=1 x=0.0 y=0.0 z=4546.9 
place   sol2    copies=1 x=0.0 y=0.0 z=4601.9 
(do i=6)
place   sol1    copies=1 x=0.0 y=0.0 z=4758.1 
place   sol3    copies=1 x=0.0 y=0.0 z=4813.1 
place   sol5    copies=1 x=0.0 y=0.0 z=4865.6 
place   sol6    copies=1 x=0.0 y=0.0 z=5274.4 
place   sol4    copies=1 x=0.0 y=0.0 z=5326.9 
place   sol2    copies=1 x=0.0 y=0.0 z=5381.9 
(do i=7)
place   sol1    copies=1 x=0.0 y=0.0 z=5538.1 
place   sol3    copies=1 x=0.0 y=0.0 z=5593.1 
place   sol5    copies=1 x=0.0 y=0.0 z=5645.6 
place   sol6    copies=1 x=0.0 y=0.0 z=6054.4 
place   sol4    copies=1 x=0.0 y=0.0 z=6106.9 
place   sol2    copies=1 x=0.0 y=0.0 z=6161.9 
(do i=8)
place   sol1    copies=1 x=0.0 y=0.0 z=6318.1 
place   sol3    copies=1 x=0.0 y=0.0 z=6373.1 
place   sol5    copies=1 x=0.0 y=0.0 z=6425.6 
place   sol6    copies=1 x=0.0 y=0.0 z=6834.4 
place   sol4    copies=1 x=0.0 y=0.0 z=6886.9 
place   sol2    copies=1 x=0.0 y=0.0 z=6941.9 
(do i=9)
place   sol1    copies=1 x=0.0 y=0.0 z=7098.1 
place   sol3    copies=1 x=0.0 y=0.0 z=7153.1 
place   sol5    copies=1 x=0.0 y=0.0 z=7205.6 
place   sol6    copies=1 x=0.0 y=0.0 z=7614.4 
place   sol4    copies=1 x=0.0 y=0.0 z=7666.9 
place   sol2    copies=1 x=0.0 y=0.0 z=7721.9 
(do i=10)
place   sol1    copies=1 x=0.0 y=0.0 z=7878.1 
place   sol3    copies=1 x=0.0 y=0.0 z=7933.1 
place   sol5    copies=1 x=0.0 y=0.0 z=7985.6 
place   sol6    copies=1 x=0.0 y=0.0 z=8394.4 
place   sol4    copies=1 x=0.0 y=0.0 z=8446.9 
place   sol2    copies=1 x=0.0 y=0.0 z=8501.9 
(do i=11)
place   sol1    copies=1 x=0.0 y=0.0 z=8658.1 
place   sol3    copies=1 x=0.0 y=0.0 z=8713.1 
place   sol5    copies=1 x=0.0 y=0.0 z=8765.6 
place   sol6    copies=1 x=0.0 y=0.0 z=9174.4 
place   sol4    copies=1 x=0.0 y=0.0 z=9226.9 
place   sol2    copies=1 x=0.0 y=0.0 z=9281.9 
(do i=12)
place   sol1    copies=1 x=0.0 y=0.0 z=9438.1 
place   sol3    copies=1 x=0.0 y=0.0 z=9493.1 
place   sol5    copies=1 x=0.0 y=0.0 z=9545.6 
place   sol6    copies=1 x=0.0 y=0.0 z=9954.4 
place   sol4    copies=1 x=0.0 y=0.0 z=10006.9 
place   sol2    copies=1 x=0.0 y=0.0 z=10061.9 
(do i=13)
place   sol1    copies=1 x=0.0 y=0.0 z=10218.1 
place   sol3    copies=1 x=0.0 y=0.0 z=10273.1 
place   sol5    copies=1 x=0.0 y=0.0 z=10325.6 
place   sol6    copies=1 x=0.0 y=0.0 z=10734.4 
place   sol4    copies=1 x=0.0 y=0.0 z=10786.9 
place   sol2    copies=1 x=0.0 y=0.0 z=10841.9 
(do i=14)
place   sol1    copies=1 x=0.0 y=0.0 z=10998.1 
place   sol3    copies=1 x=0.0 y=0.0 z=11053.1 
place   sol5    copies=1 x=0.0 y=0.0 z=11105.6 
place   sol6    copies=1 x=0.0 y=0.0 z=11514.4 
place   sol4    copies=1 x=0.0 y=0.0 z=11566.9 
place   sol2    copies=1 x=0.0 y=0.0 z=11621.9 
(do i=15)
place   sol1    copies=1 x=0.0 y=0.0 z=11778.1 
place   sol3    copies=1 x=0.0 y=0.0 z=11833.1 
place   sol5    copies=1 x=0.0 y=0.0 z=11885.6 
place   sol6    copies=1 x=0.0 y=0.0 z=12294.4 
place   sol4    copies=1 x=0.0 y=0.0 z=12346.9 
place   sol2    copies=1 x=0.0 y=0.0 z=12401.9 
(do i=16)
place   sol1    copies=1 x=0.0 y=0.0 z=12558.1 
place   sol3    copies=1 x=0.0 y=0.0 z=12613.1 
place   sol5    copies=1 x=0.0 y=0.0 z=12665.6 
place   sol6    copies=1 x=0.0 y=0.0 z=13074.4 
place   sol4    copies=1 x=0.0 y=0.0 z=13126.9 
place   sol2    copies=1 x=0.0 y=0.0 z=13181.9 
(do i=17)
place   sol1    copies=1 x=0.0 y=0.0 z=13338.1 
place   sol3    copies=1 x=0.0 y=0.0 z=13393.1 
place   sol5    copies=1 x=0.0 y=0.0 z=13445.6 
place   sol6    copies=1 x=0.0 y=0.0 z=13854.4 
place   sol4    copies=1 x=0.0 y=0.0 z=13906.9 
place   sol2    copies=1 x=0.0 y=0.0 z=13961.9 
(do i=18)
place   sol1    copies=1 x=0.0 y=0.0 z=14118.1 
place   sol3    copies=1 x=0.0 y=0.0 z=14173.1 
place   sol5    copies=1 x=0.0 y=0.0 z=14225.6 
place   sol6    copies=1 x=0.0 y=0.0 z=14634.4 
place   sol4    copies=1 x=0.0 y=0.0 z=14686.9 
place   sol2    copies=1 x=0.0 y=0.0 z=14741.9 
(do i=19)
place   sol1    copies=1 x=0.0 y=0.0 z=14898.1 
place   sol3    copies=1 x=0.0 y=0.0 z=14953.1 
place   sol5    copies=1 x=0.0 y=0.0 z=15005.6 
place   sol6    copies=1 x=0.0 y=0.0 z=15414.4 
place   sol4    copies=1 x=0.0 y=0.0 z=15466.9 
place   sol2    copies=1 x=0.0 y=0.0 z=15521.9 
(do i=20)
place   sol1    copies=1 x=0.0 y=0.0 z=15678.1 
place   sol3    copies=1 x=0.0 y=0.0 z=15733.1 
place   sol5    copies=1 x=0.0 y=0.0 z=15785.6 
place   sol6    copies=1 x=0.0 y=0.0 z=16194.4 
place   sol4    copies=1 x=0.0 y=0.0 z=16246.9 
place   sol2    copies=1 x=0.0 y=0.0 z=16301.9 
(do i=21)
place   sol1    copies=1 x=0.0 y=0.0 z=16458.1 
place   sol3    copies=1 x=0.0 y=0.0 z=16513.1 
place   sol5    copies=1 x=0.0 y=0.0 z=16565.6 
place   sol6    copies=1 x=0.0 y=0.0 z=16974.4 
place   sol4    copies=1 x=0.0 y=0.0 z=17026.9 
place   sol2    copies=1 x=0.0 y=0.0 z=17081.9 
(do i=22)
place   sol1    copies=1 x=0.0 y=0.0 z=17238.1 
place   sol3    copies=1 x=0.0 y=0.0 z=17293.1 
place   sol5    copies=1 x=0.0 y=0.0 z=17345.6 
place   sol6    copies=1 x=0.0 y=0.0 z=17754.4 
place   sol4    copies=1 x=0.0 y=0.0 z=17806.9 
place   sol2    copies=1 x=0.0 y=0.0 z=17861.9 
(do i=23)
place   sol1    copies=1 x=0.0 y=0.0 z=18018.1 
place   sol3    copies=1 x=0.0 y=0.0 z=18073.1 
place   sol5    copies=1 x=0.0 y=0.0 z=18125.6 
place   sol6    copies=1 x=0.0 y=0.0 z=18534.4 
place   sol4    copies=1 x=0.0 y=0.0 z=18586.9 
place   sol2    copies=1 x=0.0 y=0.0 z=18641.9 
(do i=24)
place   sol1    copies=1 x=0.0 y=0.0 z=18798.1 
place   sol3    copies=1 x=0.0 y=0.0 z=18853.1 
place   sol5    copies=1 x=0.0 y=0.0 z=18905.6 
place   sol6    copies=1 x=0.0 y=0.0 z=19314.4 
place   sol4    copies=1 x=0.0 y=0.0 z=19366.9 
place   sol2    copies=1 x=0.0 y=0.0 z=19421.9 
(do i=25)
place   sol1    copies=1 x=0.0 y=0.0 z=19578.1 
place   sol3    copies=1 x=0.0 y=0.0 z=19633.1 
place   sol5    copies=1 x=0.0 y=0.0 z=19685.6 
place   sol6    copies=1 x=0.0 y=0.0 z=20094.4 
place   sol4    copies=1 x=0.0 y=0.0 z=20146.9 
place   sol2    copies=1 x=0.0 y=0.0 z=20201.9 
(do i=26)
place   sol1    copies=1 x=0.0 y=0.0 z=20358.1 
place   sol3    copies=1 x=0.0 y=0.0 z=20413.1 
place   sol5    copies=1 x=0.0 y=0.0 z=20465.6 
place   sol6    copies=1 x=0.0 y=0.0 z=20874.4 
place   sol4    copies=1 x=0.0 y=0.0 z=20926.9 
place   sol2    copies=1 x=0.0 y=0.0 z=20981.9 
(do i=27)
place   sol1    copies=1 x=0.0 y=0.0 z=21138.1 
place   sol3    copies=1 x=0.0 y=0.0 z=21193.1 
place   sol5    copies=1 x=0.0 y=0.0 z=21245.6 
place   sol6    copies=1 x=0.0 y=0.0 z=21654.4 
place   sol4    copies=1 x=0.0 y=0.0 z=21706.9 
place   sol2    copies=1 x=0.0 y=0.0 z=21761.9 
(do i=28)
place   sol1    copies=1 x=0.0 y=0.0 z=21918.1 
place   sol3    copies=1 x=0.0 y=0.0 z=21973.1 
place   sol5    copies=1 x=0.0 y=0.0 z=22025.6 
place   sol6    copies=1 x=0.0 y=0.0 z=22434.4 
place   sol4    copies=1 x=0.0 y=0.0 z=22486.9 
place   sol2    copies=1 x=0.0 y=0.0 z=22541.9 
(do i=29)
place   sol1    copies=1 x=0.0 y=0.0 z=22698.1 
place   sol3    copies=1 x=0.0 y=0.0 z=22753.1 
place   sol5    copies=1 x=0.0 y=0.0 z=22805.6 
place   sol6    copies=1 x=0.0 y=0.0 z=23214.4 
place   sol4    copies=1 x=0.0 y=0.0 z=23266.9 
place   sol2    copies=1 x=0.0 y=0.0 z=23321.9 
(do i=30)
place   sol1    copies=1 x=0.0 y=0.0 z=23478.1 
place   sol3    copies=1 x=0.0 y=0.0 z=23533.1 
place   sol5    copies=1 x=0.0 y=0.0 z=23585.6 
place   sol6    copies=1 x=0.0 y=0.0 z=23994.4 
place   sol4    copies=1 x=0.0 y=0.0 z=24046.9 
place   sol2    copies=1 x=0.0 y=0.0 z=24101.9 
(do i=31)
place   sol1    copies=1 x=0.0 y=0.0 z=24258.1 
place   sol3    copies=1 x=0.0 y=0.0 z=24313.1 
place   sol5    copies=1 x=0.0 y=0.0 z=24365.6 
place   sol6    copies=1 x=0.0 y=0.0 z=24774.4 
place   sol4    copies=1 x=0.0 y=0.0 z=24826.9 
place   sol2    copies=1 x=0.0 y=0.0 z=24881.9 
(do i=32)
place   sol1    copies=1 x=0.0 y=0.0 z=25038.1 
place   sol3    copies=1 x=0.0 y=0.0 z=25093.1 
place   sol5    copies=1 x=0.0 y=0.0 z=25145.6 
place   sol6    copies=1 x=0.0 y=0.0 z=25554.4 
place   sol4    copies=1 x=0.0 y=0.0 z=25606.9 
place   sol2    copies=1 x=0.0 y=0.0 z=25661.9 
(do i=33)
place   sol1    copies=1 x=0.0 y=0.0 z=25818.1 
place   sol3    copies=1 x=0.0 y=0.0 z=25873.1 
place   sol5    copies=1 x=0.0 y=0.0 z=25925.6 
place   sol6    copies=1 x=0.0 y=0.0 z=26334.4 
place   sol4    copies=1 x=0.0 y=0.0 z=26386.9 
place   sol2    copies=1 x=0.0 y=0.0 z=26441.9 
(do i=34)
place   sol1    copies=1 x=0.0 y=0.0 z=26598.1 
place   sol3    copies=1 x=0.0 y=0.0 z=26653.1 
place   sol5    copies=1 x=0.0 y=0.0 z=26705.6 
place   sol6    copies=1 x=0.0 y=0.0 z=27114.4 
place   sol4    copies=1 x=0.0 y=0.0 z=27166.9 
place   sol2    copies=1 x=0.0 y=0.0 z=27221.9 
(do i=35)
place   sol1    copies=1 x=0.0 y=0.0 z=27378.1 
place   sol3    copies=1 x=0.0 y=0.0 z=27433.1 
place   sol5    copies=1 x=0.0 y=0.0 z=27485.6 
place   sol6    copies=1 x=0.0 y=0.0 z=27894.4 
place   sol4    copies=1 x=0.0 y=0.0 z=27946.9 
place   sol2    copies=1 x=0.0 y=0.0 z=28001.9 
(do i=36)
place   sol1    copies=1 x=0.0 y=0.0 z=28158.1 
place   sol3    copies=1 x=0.0 y=0.0 z=28213.1 
place   sol5    copies=1 x=0.0 y=0.0 z=28265.6 
place   sol6    copies=1 x=0.0 y=0.0 z=28674.4 
place   sol4    copies=1 x=0.0 y=0.0 z=28726.9 
place   sol2    copies=1 x=0.0 y=0.0 z=28781.9 
(do i=37)
place   sol1    copies=1 x=0.0 y=0.0 z=28938.1 
place   sol3    copies=1 x=0.0 y=0.0 z=28993.1 
place   sol5    copies=1 x=0.0 y=0.0 z=29045.6 
place   sol6    copies=1 x=0.0 y=0.0 z=29454.4 
place   sol4    copies=1 x=0.0 y=0.0 z=29506.9 
place   sol2    copies=1 x=0.0 y=0.0 z=29561.9 
(do i=38)
place   sol1    copies=1 x=0.0 y=0.0 z=29718.1 
place   sol3    copies=1 x=0.0 y=0.0 z=29773.1 
place   sol5    copies=1 x=0.0 y=0.0 z=29825.6 
place   sol6    copies=1 x=0.0 y=0.0 z=30234.4 
place   sol4    copies=1 x=0.0 y=0.0 z=30286.9 
place   sol2    copies=1 x=0.0 y=0.0 z=30341.9 
(do i=39)
place   sol1    copies=1 x=0.0 y=0.0 z=30498.1 
place   sol3    copies=1 x=0.0 y=0.0 z=30553.1 
place   sol5    copies=1 x=0.0 y=0.0 z=30605.6 
place   sol6    copies=1 x=0.0 y=0.0 z=31014.4 
place   sol4    copies=1 x=0.0 y=0.0 z=31066.9 
place   sol2    copies=1 x=0.0 y=0.0 z=31121.9 
(do i=40)
place   sol1    copies=1 x=0.0 y=0.0 z=31278.1 
place   sol3    copies=1 x=0.0 y=0.0 z=31333.1 
place   sol5    copies=1 x=0.0 y=0.0 z=31385.6 
place   sol6    copies=1 x=0.0 y=0.0 z=31794.4 
place   sol4    copies=1 x=0.0 y=0.0 z=31846.9 
place   sol2    copies=1 x=0.0 y=0.0 z=31901.9 
(do i=41)
place   sol1    copies=1 x=0.0 y=0.0 z=32058.1 
place   sol3    copies=1 x=0.0 y=0.0 z=32113.1 
place   sol5    copies=1 x=0.0 y=0.0 z=32165.6 
place   sol6    copies=1 x=0.0 y=0.0 z=32574.4 
place   sol4    copies=1 x=0.0 y=0.0 z=32626.9 
place   sol2    copies=1 x=0.0 y=0.0 z=32681.9 
(do i=42)
place   sol1    copies=1 x=0.0 y=0.0 z=32838.1 
place   sol3    copies=1 x=0.0 y=0.0 z=32893.1 
place   sol5    copies=1 x=0.0 y=0.0 z=32945.6 
place   sol6    copies=1 x=0.0 y=0.0 z=33354.4 
place   sol4    copies=1 x=0.0 y=0.0 z=33406.9 
place   sol2    copies=1 x=0.0 y=0.0 z=33461.9 
(do i=43)
place   sol1    copies=1 x=0.0 y=0.0 z=33618.1 
place   sol3    copies=1 x=0.0 y=0.0 z=33673.1 
place   sol5    copies=1 x=0.0 y=0.0 z=33725.6 
place   sol6    copies=1 x=0.0 y=0.0 z=34134.4 
place   sol4    copies=1 x=0.0 y=0.0 z=34186.9 
place   sol2    copies=1 x=0.0 y=0.0 z=34241.9 
(do i=44)
place   sol1    copies=1 x=0.0 y=0.0 z=34398.1 
place   sol3    copies=1 x=0.0 y=0.0 z=34453.1 
place   sol5    copies=1 x=0.0 y=0.0 z=34505.6 
place   sol6    copies=1 x=0.0 y=0.0 z=34914.4 
place   sol4    copies=1 x=0.0 y=0.0 z=34966.9 
place   sol2    copies=1 x=0.0 y=0.0 z=35021.9 
(do i=45)
place   sol1    copies=1 x=0.0 y=0.0 z=35178.1 
place   sol3    copies=1 x=0.0 y=0.0 z=35233.1 
place   sol5    copies=1 x=0.0 y=0.0 z=35285.6 
place   sol6    copies=1 x=0.0 y=0.0 z=35694.4 
place   sol4    copies=1 x=0.0 y=0.0 z=35746.9 
place   sol2    copies=1 x=0.0 y=0.0 z=35801.9 
(do i=46)
place   sol1    copies=1 x=0.0 y=0.0 z=35958.1 
place   sol3    copies=1 x=0.0 y=0.0 z=36013.1 
place   sol5    copies=1 x=0.0 y=0.0 z=36065.6 
place   sol6    copies=1 x=0.0 y=0.0 z=36474.4 
place   sol4    copies=1 x=0.0 y=0.0 z=36526.9 
place   sol2    copies=1 x=0.0 y=0.0 z=36581.9 
(do i=47)
place   sol1    copies=1 x=0.0 y=0.0 z=36738.1 
place   sol3    copies=1 x=0.0 y=0.0 z=36793.1 
place   sol5    copies=1 x=0.0 y=0.0 z=36845.6 
place   sol6    copies=1 x=0.0 y=0.0 z=37254.4 
place   sol4    copies=1 x=0.0 y=0.0 z=37306.9 
place   sol2    copies=1 x=0.0 y=0.0 z=37361.9 
(do i=48)
place   sol1    copies=1 x=0.0 y=0.0 z=37518.1 
place   sol3    copies=1 x=0.0 y=0.0 z=37573.1 
place   sol5    copies=1 x=0.0 y=0.0 z=37625.6 
place   sol6    copies=1 x=0.0 y=0.0 z=38034.4 
place   sol4    copies=1 x=0.0 y=0.0 z=38086.9 
place   sol2    copies=1 x=0.0 y=0.0 z=38141.9 
(do i=49)
place   sol1    copies=1 x=0.0 y=0.0 z=38298.1 
place   sol3    copies=1 x=0.0 y=0.0 z=38353.1 
place   sol5    copies=1 x=0.0 y=0.0 z=38405.6 
place   sol6    copies=1 x=0.0 y=0.0 z=38814.4 
place   sol4    copies=1 x=0.0 y=0.0 z=38866.9 
place   sol2    copies=1 x=0.0 y=0.0 z=38921.9 
(do i=50)
place   sol1    copies=1 x=0.0 y=0.0 z=39078.1 
place   sol3    copies=1 x=0.0 y=0.0 z=39133.1 
place   sol5    copies=1 x=0.0 y=0.0 z=39185.6 
place   sol6    copies=1 x=0.0 y=0.0 z=39594.4 
place   sol4    copies=1 x=0.0 y=0.0 z=39646.9 
place   sol2    copies=1 x=0.0 y=0.0 z=39701.9 
(do i=51)
place   sol1    copies=1 x=0.0 y=0.0 z=39858.1 
place   sol3    copies=1 x=0.0 y=0.0 z=39913.1 
place   sol5    copies=1 x=0.0 y=0.0 z=39965.6 
place   sol6    copies=1 x=0.0 y=0.0 z=40374.4 
place   sol4    copies=1 x=0.0 y=0.0 z=40426.9 
place   sol2    copies=1 x=0.0 y=0.0 z=40481.9 
(do i=52)
place   sol1    copies=1 x=0.0 y=0.0 z=40638.1 
place   sol3    copies=1 x=0.0 y=0.0 z=40693.1 
place   sol5    copies=1 x=0.0 y=0.0 z=40745.6 
place   sol6    copies=1 x=0.0 y=0.0 z=41154.4 
place   sol4    copies=1 x=0.0 y=0.0 z=41206.9 
place   sol2    copies=1 x=0.0 y=0.0 z=41261.9 
(do i=53)
place   sol1    copies=1 x=0.0 y=0.0 z=41418.1 
place   sol3    copies=1 x=0.0 y=0.0 z=41473.1 
place   sol5    copies=1 x=0.0 y=0.0 z=41525.6 
place   sol6    copies=1 x=0.0 y=0.0 z=41934.4 
place   sol4    copies=1 x=0.0 y=0.0 z=41986.9 
place   sol2    copies=1 x=0.0 y=0.0 z=42041.9 
(do i=54)
place   sol1    copies=1 x=0.0 y=0.0 z=42198.1 
place   sol3    copies=1 x=0.0 y=0.0 z=42253.1 
place   sol5    copies=1 x=0.0 y=0.0 z=42305.6 
place   sol6    copies=1 x=0.0 y=0.0 z=42714.4 
place   sol4    copies=1 x=0.0 y=0.0 z=42766.9 
place   sol2    copies=1 x=0.0 y=0.0 z=42821.9 
(do i=55)
place   sol1    copies=1 x=0.0 y=0.0 z=42978.1 
place   sol3    copies=1 x=0.0 y=0.0 z=43033.1 
place   sol5    copies=1 x=0.0 y=0.0 z=43085.6 
place   sol6    copies=1 x=0.0 y=0.0 z=43494.4 
place   sol4    copies=1 x=0.0 y=0.0 z=43546.9 
place   sol2    copies=1 x=0.0 y=0.0 z=43601.9 
(do i=56)
place   sol1    copies=1 x=0.0 y=0.0 z=43758.1 
place   sol3    copies=1 x=0.0 y=0.0 z=43813.1 
place   sol5    copies=1 x=0.0 y=0.0 z=43865.6 
place   sol6    copies=1 x=0.0 y=0.0 z=44274.4 
place   sol4    copies=1 x=0.0 y=0.0 z=44326.9 
place   sol2    copies=1 x=0.0 y=0.0 z=44381.9 
(do i=57)
place   sol1    copies=1 x=0.0 y=0.0 z=44538.1 
place   sol3    copies=1 x=0.0 y=0.0 z=44593.1 
place   sol5    copies=1 x=0.0 y=0.0 z=44645.6 
place   sol6    copies=1 x=0.0 y=0.0 z=45054.4 
place   sol4    copies=1 x=0.0 y=0.0 z=45106.9 
place   sol2    copies=1 x=0.0 y=0.0 z=45161.9 
(do i=58)
place   sol1    copies=1 x=0.0 y=0.0 z=45318.1 
place   sol3    copies=1 x=0.0 y=0.0 z=45373.1 
place   sol5    copies=1 x=0.0 y=0.0 z=45425.6 
place   sol6    copies=1 x=0.0 y=0.0 z=45834.4 
place   sol4    copies=1 x=0.0 y=0.0 z=45886.9 
place   sol2    copies=1 x=0.0 y=0.0 z=45941.9 
(do i=59)
place   sol1    copies=1 x=0.0 y=0.0 z=46098.1 
place   sol3    copies=1 x=0.0 y=0.0 z=46153.1 
place   sol5    copies=1 x=0.0 y=0.0 z=46205.6 
place   sol6    copies=1 x=0.0 y=0.0 z=46614.4 
place   sol4    copies=1 x=0.0 y=0.0 z=46666.9 
place   sol2    copies=1 x=0.0 y=0.0 z=46721.9 
(do i=60)
place   sol1    copies=1 x=0.0 y=0.0 z=46878.1 
place   sol3    copies=1 x=0.0 y=0.0 z=46933.1 
place   sol5    copies=1 x=0.0 y=0.0 z=46985.6 
place   sol6    copies=1 x=0.0 y=0.0 z=47394.4 
place   sol4    copies=1 x=0.0 y=0.0 z=47446.9 
place   sol2    copies=1 x=0.0 y=0.0 z=47501.9 
enddo
do i=-2,60,1
(do i=-2)
place   solbend copies=1 x=0.0 y=0.0 z=-1482.0 rename='solbend_a_-2'
place   solbend copies=1 x=0.0 y=0.0 z=-858.0 rename='solbend_b_-2'
(do i=-1)
place   solbend copies=1 x=0.0 y=0.0 z=-702.0 rename='solbend_a_-1'
place   solbend copies=1 x=0.0 y=0.0 z=-78.0 rename='solbend_b_-1'
(do i=0)
place   solbend copies=1 x=0.0 y=0.0 z=78.0 rename='solbend_a_0'
place   solbend copies=1 x=0.0 y=0.0 z=702.0 rename='solbend_b_0'
(do i=1)
place   solbend copies=1 x=0.0 y=0.0 z=858.0 rename='solbend_a_1'
place   solbend copies=1 x=0.0 y=0.0 z=1482.0 rename='solbend_b_1'
(do i=2)
place   solbend copies=1 x=0.0 y=0.0 z=1638.0 rename='solbend_a_2'
place   solbend copies=1 x=0.0 y=0.0 z=2262.0 rename='solbend_b_2'
(do i=3)
place   solbend copies=1 x=0.0 y=0.0 z=2418.0 rename='solbend_a_3'
place   solbend copies=1 x=0.0 y=0.0 z=3042.0 rename='solbend_b_3'
(do i=4)
place   solbend copies=1 x=0.0 y=0.0 z=3198.0 rename='solbend_a_4'
place   solbend copies=1 x=0.0 y=0.0 z=3822.0 rename='solbend_b_4'
(do i=5)
place   solbend copies=1 x=0.0 y=0.0 z=3978.0 rename='solbend_a_5'
place   solbend copies=1 x=0.0 y=0.0 z=4602.0 rename='solbend_b_5'
(do i=6)
place   solbend copies=1 x=0.0 y=0.0 z=4758.0 rename='solbend_a_6'
place   solbend copies=1 x=0.0 y=0.0 z=5382.0 rename='solbend_b_6'
(do i=7)
place   solbend copies=1 x=0.0 y=0.0 z=5538.0 rename='solbend_a_7'
place   solbend copies=1 x=0.0 y=0.0 z=6162.0 rename='solbend_b_7'
(do i=8)
place   solbend copies=1 x=0.0 y=0.0 z=6318.0 rename='solbend_a_8'
place   solbend copies=1 x=0.0 y=0.0 z=6942.0 rename='solbend_b_8'
(do i=9)
place   solbend copies=1 x=0.0 y=0.0 z=7098.0 rename='solbend_a_9'
place   solbend copies=1 x=0.0 y=0.0 z=7722.0 rename='solbend_b_9'
(do i=10)
place   solbend copies=1 x=0.0 y=0.0 z=7878.0 rename='solbend_a_10'
place   solbend copies=1 x=0.0 y=0.0 z=8502.0 rename='solbend_b_10'
(do i=11)
place   solbend copies=1 x=0.0 y=0.0 z=8658.0 rename='solbend_a_11'
place   solbend copies=1 x=0.0 y=0.0 z=9282.0 rename='solbend_b_11'
(do i=12)
place   solbend copies=1 x=0.0 y=0.0 z=9438.0 rename='solbend_a_12'
place   solbend copies=1 x=0.0 y=0.0 z=10062.0 rename='solbend_b_12'
(do i=13)
place   solbend copies=1 x=0.0 y=0.0 z=10218.0 rename='solbend_a_13'
place   solbend copies=1 x=0.0 y=0.0 z=10842.0 rename='solbend_b_13'
(do i=14)
place   solbend copies=1 x=0.0 y=0.0 z=10998.0 rename='solbend_a_14'
place   solbend copies=1 x=0.0 y=0.0 z=11622.0 rename='solbend_b_14'
(do i=15)
place   solbend copies=1 x=0.0 y=0.0 z=11778.0 rename='solbend_a_15'
place   solbend copies=1 x=0.0 y=0.0 z=12402.0 rename='solbend_b_15'
(do i=16)
place   solbend copies=1 x=0.0 y=0.0 z=12558.0 rename='solbend_a_16'
place   solbend copies=1 x=0.0 y=0.0 z=13182.0 rename='solbend_b_16'
(do i=17)
place   solbend copies=1 x=0.0 y=0.0 z=13338.0 rename='solbend_a_17'
place   solbend copies=1 x=0.0 y=0.0 z=13962.0 rename='solbend_b_17'
(do i=18)
place   solbend copies=1 x=0.0 y=0.0 z=14118.0 rename='solbend_a_18'
place   solbend copies=1 x=0.0 y=0.0 z=14742.0 rename='solbend_b_18'
(do i=19)
place   solbend copies=1 x=0.0 y=0.0 z=14898.0 rename='solbend_a_19'
place   solbend copies=1 x=0.0 y=0.0 z=15522.0 rename='solbend_b_19'
(do i=20)
place   solbend copies=1 x=0.0 y=0.0 z=15678.0 rename='solbend_a_20'
place   solbend copies=1 x=0.0 y=0.0 z=16302.0 rename='solbend_b_20'
(do i=21)
place   solbend copies=1 x=0.0 y=0.0 z=16458.0 rename='solbend_a_21'
place   solbend copies=1 x=0.0 y=0.0 z=17082.0 rename='solbend_b_21'
(do i=22)
place   solbend copies=1 x=0.0 y=0.0 z=17238.0 rename='solbend_a_22'
place   solbend copies=1 x=0.0 y=0.0 z=17862.0 rename='solbend_b_22'
(do i=23)
place   solbend copies=1 x=0.0 y=0.0 z=18018.0 rename='solbend_a_23'
place   solbend copies=1 x=0.0 y=0.0 z=18642.0 rename='solbend_b_23'
(do i=24)
place   solbend copies=1 x=0.0 y=0.0 z=18798.0 rename='solbend_a_24'
place   solbend copies=1 x=0.0 y=0.0 z=19422.0 rename='solbend_b_24'
(do i=25)
place   solbend copies=1 x=0.0 y=0.0 z=19578.0 rename='solbend_a_25'
place   solbend copies=1 x=0.0 y=0.0 z=20202.0 rename='solbend_b_25'
(do i=26)
place   solbend copies=1 x=0.0 y=0.0 z=20358.0 rename='solbend_a_26'
place   solbend copies=1 x=0.0 y=0.0 z=20982.0 rename='solbend_b_26'
(do i=27)
place   solbend copies=1 x=0.0 y=0.0 z=21138.0 rename='solbend_a_27'
place   solbend copies=1 x=0.0 y=0.0 z=21762.0 rename='solbend_b_27'
(do i=28)
place   solbend copies=1 x=0.0 y=0.0 z=21918.0 rename='solbend_a_28'
place   solbend copies=1 x=0.0 y=0.0 z=22542.0 rename='solbend_b_28'
(do i=29)
place   solbend copies=1 x=0.0 y=0.0 z=22698.0 rename='solbend_a_29'
place   solbend copies=1 x=0.0 y=0.0 z=23322.0 rename='solbend_b_29'
(do i=30)
place   solbend copies=1 x=0.0 y=0.0 z=23478.0 rename='solbend_a_30'
place   solbend copies=1 x=0.0 y=0.0 z=24102.0 rename='solbend_b_30'
(do i=31)
place   solbend copies=1 x=0.0 y=0.0 z=24258.0 rename='solbend_a_31'
place   solbend copies=1 x=0.0 y=0.0 z=24882.0 rename='solbend_b_31'
(do i=32)
place   solbend copies=1 x=0.0 y=0.0 z=25038.0 rename='solbend_a_32'
place   solbend copies=1 x=0.0 y=0.0 z=25662.0 rename='solbend_b_32'
(do i=33)
place   solbend copies=1 x=0.0 y=0.0 z=25818.0 rename='solbend_a_33'
place   solbend copies=1 x=0.0 y=0.0 z=26442.0 rename='solbend_b_33'
(do i=34)
place   solbend copies=1 x=0.0 y=0.0 z=26598.0 rename='solbend_a_34'
place   solbend copies=1 x=0.0 y=0.0 z=27222.0 rename='solbend_b_34'
(do i=35)
place   solbend copies=1 x=0.0 y=0.0 z=27378.0 rename='solbend_a_35'
place   solbend copies=1 x=0.0 y=0.0 z=28002.0 rename='solbend_b_35'
(do i=36)
place   solbend copies=1 x=0.0 y=0.0 z=28158.0 rename='solbend_a_36'
place   solbend copies=1 x=0.0 y=0.0 z=28782.0 rename='solbend_b_36'
(do i=37)
place   solbend copies=1 x=0.0 y=0.0 z=28938.0 rename='solbend_a_37'
place   solbend copies=1 x=0.0 y=0.0 z=29562.0 rename='solbend_b_37'
(do i=38)
place   solbend copies=1 x=0.0 y=0.0 z=29718.0 rename='solbend_a_38'
place   solbend copies=1 x=0.0 y=0.0 z=30342.0 rename='solbend_b_38'
(do i=39)
place   solbend copies=1 x=0.0 y=0.0 z=30498.0 rename='solbend_a_39'
place   solbend copies=1 x=0.0 y=0.0 z=31122.0 rename='solbend_b_39'
(do i=40)
place   solbend copies=1 x=0.0 y=0.0 z=31278.0 rename='solbend_a_40'
place   solbend copies=1 x=0.0 y=0.0 z=31902.0 rename='solbend_b_40'
(do i=41)
place   solbend copies=1 x=0.0 y=0.0 z=32058.0 rename='solbend_a_41'
place   solbend copies=1 x=0.0 y=0.0 z=32682.0 rename='solbend_b_41'
(do i=42)
place   solbend copies=1 x=0.0 y=0.0 z=32838.0 rename='solbend_a_42'
place   solbend copies=1 x=0.0 y=0.0 z=33462.0 rename='solbend_b_42'
(do i=43)
place   solbend copies=1 x=0.0 y=0.0 z=33618.0 rename='solbend_a_43'
place   solbend copies=1 x=0.0 y=0.0 z=34242.0 rename='solbend_b_43'
(do i=44)
place   solbend copies=1 x=0.0 y=0.0 z=34398.0 rename='solbend_a_44'
place   solbend copies=1 x=0.0 y=0.0 z=35022.0 rename='solbend_b_44'
(do i=45)
place   solbend copies=1 x=0.0 y=0.0 z=35178.0 rename='solbend_a_45'
place   solbend copies=1 x=0.0 y=0.0 z=35802.0 rename='solbend_b_45'
(do i=46)
place   solbend copies=1 x=0.0 y=0.0 z=35958.0 rename='solbend_a_46'
place   solbend copies=1 x=0.0 y=0.0 z=36582.0 rename='solbend_b_46'
(do i=47)
place   solbend copies=1 x=0.0 y=0.0 z=36738.0 rename='solbend_a_47'
place   solbend copies=1 x=0.0 y=0.0 z=37362.0 rename='solbend_b_47'
(do i=48)
place   solbend copies=1 x=0.0 y=0.0 z=37518.0 rename='solbend_a_48'
place   solbend copies=1 x=0.0 y=0.0 z=38142.0 rename='solbend_b_48'
(do i=49)
place   solbend copies=1 x=0.0 y=0.0 z=38298.0 rename='solbend_a_49'
place   solbend copies=1 x=0.0 y=0.0 z=38922.0 rename='solbend_b_49'
(do i=50)
place   solbend copies=1 x=0.0 y=0.0 z=39078.0 rename='solbend_a_50'
place   solbend copies=1 x=0.0 y=0.0 z=39702.0 rename='solbend_b_50'
(do i=51)
place   solbend copies=1 x=0.0 y=0.0 z=39858.0 rename='solbend_a_51'
place   solbend copies=1 x=0.0 y=0.0 z=40482.0 rename='solbend_b_51'
(do i=52)
place   solbend copies=1 x=0.0 y=0.0 z=40638.0 rename='solbend_a_52'
place   solbend copies=1 x=0.0 y=0.0 z=41262.0 rename='solbend_b_52'
(do i=53)
place   solbend copies=1 x=0.0 y=0.0 z=41418.0 rename='solbend_a_53'
place   solbend copies=1 x=0.0 y=0.0 z=42042.0 rename='solbend_b_53'
(do i=54)
place   solbend copies=1 x=0.0 y=0.0 z=42198.0 rename='solbend_a_54'
place   solbend copies=1 x=0.0 y=0.0 z=42822.0 rename='solbend_b_54'
(do i=55)
place   solbend copies=1 x=0.0 y=0.0 z=42978.0 rename='solbend_a_55'
place   solbend copies=1 x=0.0 y=0.0 z=43602.0 rename='solbend_b_55'
(do i=56)
place   solbend copies=1 x=0.0 y=0.0 z=43758.0 rename='solbend_a_56'
place   solbend copies=1 x=0.0 y=0.0 z=44382.0 rename='solbend_b_56'
(do i=57)
place   solbend copies=1 x=0.0 y=0.0 z=44538.0 rename='solbend_a_57'
place   solbend copies=1 x=0.0 y=0.0 z=45162.0 rename='solbend_b_57'
(do i=58)
place   solbend copies=1 x=0.0 y=0.0 z=45318.0 rename='solbend_a_58'
place   solbend copies=1 x=0.0 y=0.0 z=45942.0 rename='solbend_b_58'
(do i=59)
place   solbend copies=1 x=0.0 y=0.0 z=46098.0 rename='solbend_a_59'
place   solbend copies=1 x=0.0 y=0.0 z=46722.0 rename='solbend_b_59'
(do i=60)
place   solbend copies=1 x=0.0 y=0.0 z=46878.0 rename='solbend_a_60'
place   solbend copies=1 x=0.0 y=0.0 z=47502.0 rename='solbend_b_60'
enddo
do i=-2,60,1
(do i=-2)
place   fringe_left copies=1 x=0.0 y=0.0 z=-1578.0 
place   fringe_right copies=1 x=0.0 y=0.0 z=-1386.0 
place   fringe_left copies=1 x=0.0 y=0.0 z=-954.0 
place   fringe_right copies=1 x=0.0 y=0.0 z=-762.0 
(do i=-1)
place   fringe_left copies=1 x=0.0 y=0.0 z=-798.0 
place   fringe_right copies=1 x=0.0 y=0.0 z=-606.0 
place   fringe_left copies=1 x=0.0 y=0.0 z=-174.0 
place   fringe_right copies=1 x=0.0 y=0.0 z=18.0 
(do i=0)
place   fringe_left copies=1 x=0.0 y=0.0 z=-18.0 
place   fringe_right copies=1 x=0.0 y=0.0 z=174.0 
place   fringe_left copies=1 x=0.0 y=0.0 z=606.0 
place   fringe_right copies=1 x=0.0 y=0.0 z=798.0 
(do i=1)
place   fringe_left copies=1 x=0.0 y=0.0 z=762.0 
place   fringe_right copies=1 x=0.0 y=0.0 z=954.0 
place   fringe_left copies=1 x=0.0 y=0.0 z=1386.0 
place   fringe_right copies=1 x=0.0 y=0.0 z=1578.0 
(do i=2)
place   fringe_left copies=1 x=0.0 y=0.0 z=1542.0 
place   fringe_right copies=1 x=0.0 y=0.0 z=1734.0 
place   fringe_left copies=1 x=0.0 y=0.0 z=2166.0 
place   fringe_right copies=1 x=0.0 y=0.0 z=2358.0 
(do i=3)
place   fringe_left copies=1 x=0.0 y=0.0 z=2322.0 
place   fringe_right copies=1 x=0.0 y=0.0 z=2514.0 
place   fringe_left copies=1 x=0.0 y=0.0 z=2946.0 
place   fringe_right copies=1 x=0.0 y=0.0 z=3138.0 
(do i=4)
place   fringe_left copies=1 x=0.0 y=0.0 z=3102.0 
place   fringe_right copies=1 x=0.0 y=0.0 z=3294.0 
place   fringe_left copies=1 x=0.0 y=0.0 z=3726.0 
place   fringe_right copies=1 x=0.0 y=0.0 z=3918.0 
(do i=5)
place   fringe_left copies=1 x=0.0 y=0.0 z=3882.0 
place   fringe_right copies=1 x=0.0 y=0.0 z=4074.0 
place   fringe_left copies=1 x=0.0 y=0.0 z=4506.0 
place   fringe_right copies=1 x=0.0 y=0.0 z=4698.0 
(do i=6)
place   fringe_left copies=1 x=0.0 y=0.0 z=4662.0 
place   fringe_right copies=1 x=0.0 y=0.0 z=4854.0 
place   fringe_left copies=1 x=0.0 y=0.0 z=5286.0 
place   fringe_right copies=1 x=0.0 y=0.0 z=5478.0 
(do i=7)
place   fringe_left copies=1 x=0.0 y=0.0 z=5442.0 
place   fringe_right copies=1 x=0.0 y=0.0 z=5634.0 
place   fringe_left copies=1 x=0.0 y=0.0 z=6066.0 
place   fringe_right copies=1 x=0.0 y=0.0 z=6258.0 
(do i=8)
place   fringe_left copies=1 x=0.0 y=0.0 z=6222.0 
place   fringe_right copies=1 x=0.0 y=0.0 z=6414.0 
place   fringe_left copies=1 x=0.0 y=0.0 z=6846.0 
place   fringe_right copies=1 x=0.0 y=0.0 z=7038.0 
(do i=9)
place   fringe_left copies=1 x=0.0 y=0.0 z=7002.0 
place   fringe_right copies=1 x=0.0 y=0.0 z=7194.0 
place   fringe_left copies=1 x=0.0 y=0.0 z=7626.0 
place   fringe_right copies=1 x=0.0 y=0.0 z=7818.0 
(do i=10)
place   fringe_left copies=1 x=0.0 y=0.0 z=7782.0 
place   fringe_right copies=1 x=0.0 y=0.0 z=7974.0 
place   fringe_left copies=1 x=0.0 y=0.0 z=8406.0 
place   fringe_right copies=1 x=0.0 y=0.0 z=8598.0 
(do i=11)
place   fringe_left copies=1 x=0.0 y=0.0 z=8562.0 
place   fringe_right copies=1 x=0.0 y=0.0 z=8754.0 
place   fringe_left copies=1 x=0.0 y=0.0 z=9186.0 
place   fringe_right copies=1 x=0.0 y=0.0 z=9378.0 
(do i=12)
place   fringe_left copies=1 x=0.0 y=0.0 z=9342.0 
place   fringe_right copies=1 x=0.0 y=0.0 z=9534.0 
place   fringe_left copies=1 x=0.0 y=0.0 z=9966.0 
place   fringe_right copies=1 x=0.0 y=0.0 z=10158.0 
(do i=13)
place   fringe_left copies=1 x=0.0 y=0.0 z=10122.0 
place   fringe_right copies=1 x=0.0 y=0.0 z=10314.0 
place   fringe_left copies=1 x=0.0 y=0.0 z=10746.0 
place   fringe_right copies=1 x=0.0 y=0.0 z=10938.0 
(do i=14)
place   fringe_left copies=1 x=0.0 y=0.0 z=10902.0 
place   fringe_right copies=1 x=0.0 y=0.0 z=11094.0 
place   fringe_left copies=1 x=0.0 y=0.0 z=11526.0 
place   fringe_right copies=1 x=0.0 y=0.0 z=11718.0 
(do i=15)
place   fringe_left copies=1 x=0.0 y=0.0 z=11682.0 
place   fringe_right copies=1 x=0.0 y=0.0 z=11874.0 
place   fringe_left copies=1 x=0.0 y=0.0 z=12306.0 
place   fringe_right copies=1 x=0.0 y=0.0 z=12498.0 
(do i=16)
place   fringe_left copies=1 x=0.0 y=0.0 z=12462.0 
place   fringe_right copies=1 x=0.0 y=0.0 z=12654.0 
place   fringe_left copies=1 x=0.0 y=0.0 z=13086.0 
place   fringe_right copies=1 x=0.0 y=0.0 z=13278.0 
(do i=17)
place   fringe_left copies=1 x=0.0 y=0.0 z=13242.0 
place   fringe_right copies=1 x=0.0 y=0.0 z=13434.0 
place   fringe_left copies=1 x=0.0 y=0.0 z=13866.0 
place   fringe_right copies=1 x=0.0 y=0.0 z=14058.0 
(do i=18)
place   fringe_left copies=1 x=0.0 y=0.0 z=14022.0 
place   fringe_right copies=1 x=0.0 y=0.0 z=14214.0 
place   fringe_left copies=1 x=0.0 y=0.0 z=14646.0 
place   fringe_right copies=1 x=0.0 y=0.0 z=14838.0 
(do i=19)
place   fringe_left copies=1 x=0.0 y=0.0 z=14802.0 
place   fringe_right copies=1 x=0.0 y=0.0 z=14994.0 
place   fringe_left copies=1 x=0.0 y=0.0 z=15426.0 
place   fringe_right copies=1 x=0.0 y=0.0 z=15618.0 
(do i=20)
place   fringe_left copies=1 x=0.0 y=0.0 z=15582.0 
place   fringe_right copies=1 x=0.0 y=0.0 z=15774.0 
place   fringe_left copies=1 x=0.0 y=0.0 z=16206.0 
place   fringe_right copies=1 x=0.0 y=0.0 z=16398.0 
(do i=21)
place   fringe_left copies=1 x=0.0 y=0.0 z=16362.0 
place   fringe_right copies=1 x=0.0 y=0.0 z=16554.0 
place   fringe_left copies=1 x=0.0 y=0.0 z=16986.0 
place   fringe_right copies=1 x=0.0 y=0.0 z=17178.0 
(do i=22)
place   fringe_left copies=1 x=0.0 y=0.0 z=17142.0 
place   fringe_right copies=1 x=0.0 y=0.0 z=17334.0 
place   fringe_left copies=1 x=0.0 y=0.0 z=17766.0 
place   fringe_right copies=1 x=0.0 y=0.0 z=17958.0 
(do i=23)
place   fringe_left copies=1 x=0.0 y=0.0 z=17922.0 
place   fringe_right copies=1 x=0.0 y=0.0 z=18114.0 
place   fringe_left copies=1 x=0.0 y=0.0 z=18546.0 
place   fringe_right copies=1 x=0.0 y=0.0 z=18738.0 
(do i=24)
place   fringe_left copies=1 x=0.0 y=0.0 z=18702.0 
place   fringe_right copies=1 x=0.0 y=0.0 z=18894.0 
place   fringe_left copies=1 x=0.0 y=0.0 z=19326.0 
place   fringe_right copies=1 x=0.0 y=0.0 z=19518.0 
(do i=25)
place   fringe_left copies=1 x=0.0 y=0.0 z=19482.0 
place   fringe_right copies=1 x=0.0 y=0.0 z=19674.0 
place   fringe_left copies=1 x=0.0 y=0.0 z=20106.0 
place   fringe_right copies=1 x=0.0 y=0.0 z=20298.0 
(do i=26)
place   fringe_left copies=1 x=0.0 y=0.0 z=20262.0 
place   fringe_right copies=1 x=0.0 y=0.0 z=20454.0 
place   fringe_left copies=1 x=0.0 y=0.0 z=20886.0 
place   fringe_right copies=1 x=0.0 y=0.0 z=21078.0 
(do i=27)
place   fringe_left copies=1 x=0.0 y=0.0 z=21042.0 
place   fringe_right copies=1 x=0.0 y=0.0 z=21234.0 
place   fringe_left copies=1 x=0.0 y=0.0 z=21666.0 
place   fringe_right copies=1 x=0.0 y=0.0 z=21858.0 
(do i=28)
place   fringe_left copies=1 x=0.0 y=0.0 z=21822.0 
place   fringe_right copies=1 x=0.0 y=0.0 z=22014.0 
place   fringe_left copies=1 x=0.0 y=0.0 z=22446.0 
place   fringe_right copies=1 x=0.0 y=0.0 z=22638.0 
(do i=29)
place   fringe_left copies=1 x=0.0 y=0.0 z=22602.0 
place   fringe_right copies=1 x=0.0 y=0.0 z=22794.0 
place   fringe_left copies=1 x=0.0 y=0.0 z=23226.0 
place   fringe_right copies=1 x=0.0 y=0.0 z=23418.0 
(do i=30)
place   fringe_left copies=1 x=0.0 y=0.0 z=23382.0 
place   fringe_right copies=1 x=0.0 y=0.0 z=23574.0 
place   fringe_left copies=1 x=0.0 y=0.0 z=24006.0 
place   fringe_right copies=1 x=0.0 y=0.0 z=24198.0 
(do i=31)
place   fringe_left copies=1 x=0.0 y=0.0 z=24162.0 
place   fringe_right copies=1 x=0.0 y=0.0 z=24354.0 
place   fringe_left copies=1 x=0.0 y=0.0 z=24786.0 
place   fringe_right copies=1 x=0.0 y=0.0 z=24978.0 
(do i=32)
place   fringe_left copies=1 x=0.0 y=0.0 z=24942.0 
place   fringe_right copies=1 x=0.0 y=0.0 z=25134.0 
place   fringe_left copies=1 x=0.0 y=0.0 z=25566.0 
place   fringe_right copies=1 x=0.0 y=0.0 z=25758.0 
(do i=33)
place   fringe_left copies=1 x=0.0 y=0.0 z=25722.0 
place   fringe_right copies=1 x=0.0 y=0.0 z=25914.0 
place   fringe_left copies=1 x=0.0 y=0.0 z=26346.0 
place   fringe_right copies=1 x=0.0 y=0.0 z=26538.0 
(do i=34)
place   fringe_left copies=1 x=0.0 y=0.0 z=26502.0 
place   fringe_right copies=1 x=0.0 y=0.0 z=26694.0 
place   fringe_left copies=1 x=0.0 y=0.0 z=27126.0 
place   fringe_right copies=1 x=0.0 y=0.0 z=27318.0 
(do i=35)
place   fringe_left copies=1 x=0.0 y=0.0 z=27282.0 
place   fringe_right copies=1 x=0.0 y=0.0 z=27474.0 
place   fringe_left copies=1 x=0.0 y=0.0 z=27906.0 
place   fringe_right copies=1 x=0.0 y=0.0 z=28098.0 
(do i=36)
place   fringe_left copies=1 x=0.0 y=0.0 z=28062.0 
place   fringe_right copies=1 x=0.0 y=0.0 z=28254.0 
place   fringe_left copies=1 x=0.0 y=0.0 z=28686.0 
place   fringe_right copies=1 x=0.0 y=0.0 z=28878.0 
(do i=37)
place   fringe_left copies=1 x=0.0 y=0.0 z=28842.0 
place   fringe_right copies=1 x=0.0 y=0.0 z=29034.0 
place   fringe_left copies=1 x=0.0 y=0.0 z=29466.0 
place   fringe_right copies=1 x=0.0 y=0.0 z=29658.0 
(do i=38)
place   fringe_left copies=1 x=0.0 y=0.0 z=29622.0 
place   fringe_right copies=1 x=0.0 y=0.0 z=29814.0 
place   fringe_left copies=1 x=0.0 y=0.0 z=30246.0 
place   fringe_right copies=1 x=0.0 y=0.0 z=30438.0 
(do i=39)
place   fringe_left copies=1 x=0.0 y=0.0 z=30402.0 
place   fringe_right copies=1 x=0.0 y=0.0 z=30594.0 
place   fringe_left copies=1 x=0.0 y=0.0 z=31026.0 
place   fringe_right copies=1 x=0.0 y=0.0 z=31218.0 
(do i=40)
place   fringe_left copies=1 x=0.0 y=0.0 z=31182.0 
place   fringe_right copies=1 x=0.0 y=0.0 z=31374.0 
place   fringe_left copies=1 x=0.0 y=0.0 z=31806.0 
place   fringe_right copies=1 x=0.0 y=0.0 z=31998.0 
(do i=41)
place   fringe_left copies=1 x=0.0 y=0.0 z=31962.0 
place   fringe_right copies=1 x=0.0 y=0.0 z=32154.0 
place   fringe_left copies=1 x=0.0 y=0.0 z=32586.0 
place   fringe_right copies=1 x=0.0 y=0.0 z=32778.0 
(do i=42)
place   fringe_left copies=1 x=0.0 y=0.0 z=32742.0 
place   fringe_right copies=1 x=0.0 y=0.0 z=32934.0 
place   fringe_left copies=1 x=0.0 y=0.0 z=33366.0 
place   fringe_right copies=1 x=0.0 y=0.0 z=33558.0 
(do i=43)
place   fringe_left copies=1 x=0.0 y=0.0 z=33522.0 
place   fringe_right copies=1 x=0.0 y=0.0 z=33714.0 
place   fringe_left copies=1 x=0.0 y=0.0 z=34146.0 
place   fringe_right copies=1 x=0.0 y=0.0 z=34338.0 
(do i=44)
place   fringe_left copies=1 x=0.0 y=0.0 z=34302.0 
place   fringe_right copies=1 x=0.0 y=0.0 z=34494.0 
place   fringe_left copies=1 x=0.0 y=0.0 z=34926.0 
place   fringe_right copies=1 x=0.0 y=0.0 z=35118.0 
(do i=45)
place   fringe_left copies=1 x=0.0 y=0.0 z=35082.0 
place   fringe_right copies=1 x=0.0 y=0.0 z=35274.0 
place   fringe_left copies=1 x=0.0 y=0.0 z=35706.0 
place   fringe_right copies=1 x=0.0 y=0.0 z=35898.0 
(do i=46)
place   fringe_left copies=1 x=0.0 y=0.0 z=35862.0 
place   fringe_right copies=1 x=0.0 y=0.0 z=36054.0 
place   fringe_left copies=1 x=0.0 y=0.0 z=36486.0 
place   fringe_right copies=1 x=0.0 y=0.0 z=36678.0 
(do i=47)
place   fringe_left copies=1 x=0.0 y=0.0 z=36642.0 
place   fringe_right copies=1 x=0.0 y=0.0 z=36834.0 
place   fringe_left copies=1 x=0.0 y=0.0 z=37266.0 
place   fringe_right copies=1 x=0.0 y=0.0 z=37458.0 
(do i=48)
place   fringe_left copies=1 x=0.0 y=0.0 z=37422.0 
place   fringe_right copies=1 x=0.0 y=0.0 z=37614.0 
place   fringe_left copies=1 x=0.0 y=0.0 z=38046.0 
place   fringe_right copies=1 x=0.0 y=0.0 z=38238.0 
(do i=49)
place   fringe_left copies=1 x=0.0 y=0.0 z=38202.0 
place   fringe_right copies=1 x=0.0 y=0.0 z=38394.0 
place   fringe_left copies=1 x=0.0 y=0.0 z=38826.0 
place   fringe_right copies=1 x=0.0 y=0.0 z=39018.0 
(do i=50)
place   fringe_left copies=1 x=0.0 y=0.0 z=38982.0 
place   fringe_right copies=1 x=0.0 y=0.0 z=39174.0 
place   fringe_left copies=1 x=0.0 y=0.0 z=39606.0 
place   fringe_right copies=1 x=0.0 y=0.0 z=39798.0 
(do i=51)
place   fringe_left copies=1 x=0.0 y=0.0 z=39762.0 
place   fringe_right copies=1 x=0.0 y=0.0 z=39954.0 
place   fringe_left copies=1 x=0.0 y=0.0 z=40386.0 
place   fringe_right copies=1 x=0.0 y=0.0 z=40578.0 
(do i=52)
place   fringe_left copies=1 x=0.0 y=0.0 z=40542.0 
place   fringe_right copies=1 x=0.0 y=0.0 z=40734.0 
place   fringe_left copies=1 x=0.0 y=0.0 z=41166.0 
place   fringe_right copies=1 x=0.0 y=0.0 z=41358.0 
(do i=53)
place   fringe_left copies=1 x=0.0 y=0.0 z=41322.0 
place   fringe_right copies=1 x=0.0 y=0.0 z=41514.0 
place   fringe_left copies=1 x=0.0 y=0.0 z=41946.0 
place   fringe_right copies=1 x=0.0 y=0.0 z=42138.0 
(do i=54)
place   fringe_left copies=1 x=0.0 y=0.0 z=42102.0 
place   fringe_right copies=1 x=0.0 y=0.0 z=42294.0 
place   fringe_left copies=1 x=0.0 y=0.0 z=42726.0 
place   fringe_right copies=1 x=0.0 y=0.0 z=42918.0 
(do i=55)
place   fringe_left copies=1 x=0.0 y=0.0 z=42882.0 
place   fringe_right copies=1 x=0.0 y=0.0 z=43074.0 
place   fringe_left copies=1 x=0.0 y=0.0 z=43506.0 
place   fringe_right copies=1 x=0.0 y=0.0 z=43698.0 
(do i=56)
place   fringe_left copies=1 x=0.0 y=0.0 z=43662.0 
place   fringe_right copies=1 x=0.0 y=0.0 z=43854.0 
place   fringe_left copies=1 x=0.0 y=0.0 z=44286.0 
place   fringe_right copies=1 x=0.0 y=0.0 z=44478.0 
(do i=57)
place   fringe_left copies=1 x=0.0 y=0.0 z=44442.0 
place   fringe_right copies=1 x=0.0 y=0.0 z=44634.0 
place   fringe_left copies=1 x=0.0 y=0.0 z=45066.0 
place   fringe_right copies=1 x=0.0 y=0.0 z=45258.0 
(do i=58)
place   fringe_left copies=1 x=0.0 y=0.0 z=45222.0 
place   fringe_right copies=1 x=0.0 y=0.0 z=45414.0 
place   fringe_left copies=1 x=0.0 y=0.0 z=45846.0 
place   fringe_right copies=1 x=0.0 y=0.0 z=46038.0 
(do i=59)
place   fringe_left copies=1 x=0.0 y=0.0 z=46002.0 
place   fringe_right copies=1 x=0.0 y=0.0 z=46194.0 
place   fringe_left copies=1 x=0.0 y=0.0 z=46626.0 
place   fringe_right copies=1 x=0.0 y=0.0 z=46818.0 
(do i=60)
place   fringe_left copies=1 x=0.0 y=0.0 z=46782.0 
place   fringe_right copies=1 x=0.0 y=0.0 z=46974.0 
place   fringe_left copies=1 x=0.0 y=0.0 z=47406.0 
place   fringe_right copies=1 x=0.0 y=0.0 z=47598.0 
enddo
do i=0,60,1
(do i=0)
place   pipe    copies=1 x=0.0 y=0.0 z=115.0 
place   pipe    copies=1 x=0.0 y=0.0 z=665.0 
(do i=1)
place   pipe    copies=1 x=0.0 y=0.0 z=895.0 
place   pipe    copies=1 x=0.0 y=0.0 z=1445.0 
(do i=2)
place   pipe    copies=1 x=0.0 y=0.0 z=1675.0 
place   pipe    copies=1 x=0.0 y=0.0 z=2225.0 
(do i=3)
place   pipe    copies=1 x=0.0 y=0.0 z=2455.0 
place   pipe    copies=1 x=0.0 y=0.0 z=3005.0 
(do i=4)
place   pipe    copies=1 x=0.0 y=0.0 z=3235.0 
place   pipe    copies=1 x=0.0 y=0.0 z=3785.0 
(do i=5)
place   pipe    copies=1 x=0.0 y=0.0 z=4015.0 
place   pipe    copies=1 x=0.0 y=0.0 z=4565.0 
(do i=6)
place   pipe    copies=1 x=0.0 y=0.0 z=4795.0 
place   pipe    copies=1 x=0.0 y=0.0 z=5345.0 
(do i=7)
place   pipe    copies=1 x=0.0 y=0.0 z=5575.0 
place   pipe    copies=1 x=0.0 y=0.0 z=6125.0 
(do i=8)
place   pipe    copies=1 x=0.0 y=0.0 z=6355.0 
place   pipe    copies=1 x=0.0 y=0.0 z=6905.0 
(do i=9)
place   pipe    copies=1 x=0.0 y=0.0 z=7135.0 
place   pipe    copies=1 x=0.0 y=0.0 z=7685.0 
(do i=10)
place   pipe    copies=1 x=0.0 y=0.0 z=7915.0 
place   pipe    copies=1 x=0.0 y=0.0 z=8465.0 
(do i=11)
place   pipe    copies=1 x=0.0 y=0.0 z=8695.0 
place   pipe    copies=1 x=0.0 y=0.0 z=9245.0 
(do i=12)
place   pipe    copies=1 x=0.0 y=0.0 z=9475.0 
place   pipe    copies=1 x=0.0 y=0.0 z=10025.0 
(do i=13)
place   pipe    copies=1 x=0.0 y=0.0 z=10255.0 
place   pipe    copies=1 x=0.0 y=0.0 z=10805.0 
(do i=14)
place   pipe    copies=1 x=0.0 y=0.0 z=11035.0 
place   pipe    copies=1 x=0.0 y=0.0 z=11585.0 
(do i=15)
place   pipe    copies=1 x=0.0 y=0.0 z=11815.0 
place   pipe    copies=1 x=0.0 y=0.0 z=12365.0 
(do i=16)
place   pipe    copies=1 x=0.0 y=0.0 z=12595.0 
place   pipe    copies=1 x=0.0 y=0.0 z=13145.0 
(do i=17)
place   pipe    copies=1 x=0.0 y=0.0 z=13375.0 
place   pipe    copies=1 x=0.0 y=0.0 z=13925.0 
(do i=18)
place   pipe    copies=1 x=0.0 y=0.0 z=14155.0 
place   pipe    copies=1 x=0.0 y=0.0 z=14705.0 
(do i=19)
place   pipe    copies=1 x=0.0 y=0.0 z=14935.0 
place   pipe    copies=1 x=0.0 y=0.0 z=15485.0 
(do i=20)
place   pipe    copies=1 x=0.0 y=0.0 z=15715.0 
place   pipe    copies=1 x=0.0 y=0.0 z=16265.0 
(do i=21)
place   pipe    copies=1 x=0.0 y=0.0 z=16495.0 
place   pipe    copies=1 x=0.0 y=0.0 z=17045.0 
(do i=22)
place   pipe    copies=1 x=0.0 y=0.0 z=17275.0 
place   pipe    copies=1 x=0.0 y=0.0 z=17825.0 
(do i=23)
place   pipe    copies=1 x=0.0 y=0.0 z=18055.0 
place   pipe    copies=1 x=0.0 y=0.0 z=18605.0 
(do i=24)
place   pipe    copies=1 x=0.0 y=0.0 z=18835.0 
place   pipe    copies=1 x=0.0 y=0.0 z=19385.0 
(do i=25)
place   pipe    copies=1 x=0.0 y=0.0 z=19615.0 
place   pipe    copies=1 x=0.0 y=0.0 z=20165.0 
(do i=26)
place   pipe    copies=1 x=0.0 y=0.0 z=20395.0 
place   pipe    copies=1 x=0.0 y=0.0 z=20945.0 
(do i=27)
place   pipe    copies=1 x=0.0 y=0.0 z=21175.0 
place   pipe    copies=1 x=0.0 y=0.0 z=21725.0 
(do i=28)
place   pipe    copies=1 x=0.0 y=0.0 z=21955.0 
place   pipe    copies=1 x=0.0 y=0.0 z=22505.0 
(do i=29)
place   pipe    copies=1 x=0.0 y=0.0 z=22735.0 
place   pipe    copies=1 x=0.0 y=0.0 z=23285.0 
(do i=30)
place   pipe    copies=1 x=0.0 y=0.0 z=23515.0 
place   pipe    copies=1 x=0.0 y=0.0 z=24065.0 
(do i=31)
place   pipe    copies=1 x=0.0 y=0.0 z=24295.0 
place   pipe    copies=1 x=0.0 y=0.0 z=24845.0 
(do i=32)
place   pipe    copies=1 x=0.0 y=0.0 z=25075.0 
place   pipe    copies=1 x=0.0 y=0.0 z=25625.0 
(do i=33)
place   pipe    copies=1 x=0.0 y=0.0 z=25855.0 
place   pipe    copies=1 x=0.0 y=0.0 z=26405.0 
(do i=34)
place   pipe    copies=1 x=0.0 y=0.0 z=26635.0 
place   pipe    copies=1 x=0.0 y=0.0 z=27185.0 
(do i=35)
place   pipe    copies=1 x=0.0 y=0.0 z=27415.0 
place   pipe    copies=1 x=0.0 y=0.0 z=27965.0 
(do i=36)
place   pipe    copies=1 x=0.0 y=0.0 z=28195.0 
place   pipe    copies=1 x=0.0 y=0.0 z=28745.0 
(do i=37)
place   pipe    copies=1 x=0.0 y=0.0 z=28975.0 
place   pipe    copies=1 x=0.0 y=0.0 z=29525.0 
(do i=38)
place   pipe    copies=1 x=0.0 y=0.0 z=29755.0 
place   pipe    copies=1 x=0.0 y=0.0 z=30305.0 
(do i=39)
place   pipe    copies=1 x=0.0 y=0.0 z=30535.0 
place   pipe    copies=1 x=0.0 y=0.0 z=31085.0 
(do i=40)
place   pipe    copies=1 x=0.0 y=0.0 z=31315.0 
place   pipe    copies=1 x=0.0 y=0.0 z=31865.0 
(do i=41)
place   pipe    copies=1 x=0.0 y=0.0 z=32095.0 
place   pipe    copies=1 x=0.0 y=0.0 z=32645.0 
(do i=42)
place   pipe    copies=1 x=0.0 y=0.0 z=32875.0 
place   pipe    copies=1 x=0.0 y=0.0 z=33425.0 
(do i=43)
place   pipe    copies=1 x=0.0 y=0.0 z=33655.0 
place   pipe    copies=1 x=0.0 y=0.0 z=34205.0 
(do i=44)
place   pipe    copies=1 x=0.0 y=0.0 z=34435.0 
place   pipe    copies=1 x=0.0 y=0.0 z=34985.0 
(do i=45)
place   pipe    copies=1 x=0.0 y=0.0 z=35215.0 
place   pipe    copies=1 x=0.0 y=0.0 z=35765.0 
(do i=46)
place   pipe    copies=1 x=0.0 y=0.0 z=35995.0 
place   pipe    copies=1 x=0.0 y=0.0 z=36545.0 
(do i=47)
place   pipe    copies=1 x=0.0 y=0.0 z=36775.0 
place   pipe    copies=1 x=0.0 y=0.0 z=37325.0 
(do i=48)
place   pipe    copies=1 x=0.0 y=0.0 z=37555.0 
place   pipe    copies=1 x=0.0 y=0.0 z=38105.0 
(do i=49)
place   pipe    copies=1 x=0.0 y=0.0 z=38335.0 
place   pipe    copies=1 x=0.0 y=0.0 z=38885.0 
(do i=50)
place   pipe    copies=1 x=0.0 y=0.0 z=39115.0 
place   pipe    copies=1 x=0.0 y=0.0 z=39665.0 
(do i=51)
place   pipe    copies=1 x=0.0 y=0.0 z=39895.0 
place   pipe    copies=1 x=0.0 y=0.0 z=40445.0 
(do i=52)
place   pipe    copies=1 x=0.0 y=0.0 z=40675.0 
place   pipe    copies=1 x=0.0 y=0.0 z=41225.0 
(do i=53)
place   pipe    copies=1 x=0.0 y=0.0 z=41455.0 
place   pipe    copies=1 x=0.0 y=0.0 z=42005.0 
(do i=54)
place   pipe    copies=1 x=0.0 y=0.0 z=42235.0 
place   pipe    copies=1 x=0.0 y=0.0 z=42785.0 
(do i=55)
place   pipe    copies=1 x=0.0 y=0.0 z=43015.0 
place   pipe    copies=1 x=0.0 y=0.0 z=43565.0 
(do i=56)
place   pipe    copies=1 x=0.0 y=0.0 z=43795.0 
place   pipe    copies=1 x=0.0 y=0.0 z=44345.0 
(do i=57)
place   pipe    copies=1 x=0.0 y=0.0 z=44575.0 
place   pipe    copies=1 x=0.0 y=0.0 z=45125.0 
(do i=58)
place   pipe    copies=1 x=0.0 y=0.0 z=45355.0 
place   pipe    copies=1 x=0.0 y=0.0 z=45905.0 
(do i=59)
place   pipe    copies=1 x=0.0 y=0.0 z=46135.0 
place   pipe    copies=1 x=0.0 y=0.0 z=46685.0 
(do i=60)
place   pipe    copies=1 x=0.0 y=0.0 z=46915.0 
place   pipe    copies=1 x=0.0 y=0.0 z=47465.0 
enddo
place   cav00   copies=1 x=0.0 y=0.0 z=270.0 rename='rf_b_0'
place   cav01   copies=1 x=0.0 y=0.0 z=350.0 rename='rf_c_0'
place   cav02   copies=1 x=0.0 y=0.0 z=430.0 rename='rf_d_0'
place   cav03   copies=1 x=0.0 y=0.0 z=510.0 rename='rf_e_0'
place   cav10   copies=1 x=0.0 y=0.0 z=1050.0 rename='rf_b_1'
place   cav11   copies=1 x=0.0 y=0.0 z=1130.0 rename='rf_c_1'
place   cav12   copies=1 x=0.0 y=0.0 z=1210.0 rename='rf_d_1'
place   cav13   copies=1 x=0.0 y=0.0 z=1290.0 rename='rf_e_1'
place   cav20   copies=1 x=0.0 y=0.0 z=1830.0 rename='rf_b_2'
place   cav21   copies=1 x=0.0 y=0.0 z=1910.0 rename='rf_c_2'
place   cav22   copies=1 x=0.0 y=0.0 z=1990.0 rename='rf_d_2'
place   cav23   copies=1 x=0.0 y=0.0 z=2070.0 rename='rf_e_2'
place   cav30   copies=1 x=0.0 y=0.0 z=2610.0 rename='rf_b_3'
place   cav31   copies=1 x=0.0 y=0.0 z=2690.0 rename='rf_c_3'
place   cav32   copies=1 x=0.0 y=0.0 z=2770.0 rename='rf_d_3'
place   cav33   copies=1 x=0.0 y=0.0 z=2850.0 rename='rf_e_3'
place   cav40   copies=1 x=0.0 y=0.0 z=3390.0 rename='rf_b_4'
place   cav41   copies=1 x=0.0 y=0.0 z=3470.0 rename='rf_c_4'
place   cav42   copies=1 x=0.0 y=0.0 z=3550.0 rename='rf_d_4'
place   cav43   copies=1 x=0.0 y=0.0 z=3630.0 rename='rf_e_4'
place   cav50   copies=1 x=0.0 y=0.0 z=4170.0 rename='rf_b_5'
place   cav51   copies=1 x=0.0 y=0.0 z=4250.0 rename='rf_c_5'
place   cav52   copies=1 x=0.0 y=0.0 z=4330.0 rename='rf_d_5'
place   cav53   copies=1 x=0.0 y=0.0 z=4410.0 rename='rf_e_5'
place   cav60   copies=1 x=0.0 y=0.0 z=4950.0 rename='rf_b_6'
place   cav61   copies=1 x=0.0 y=0.0 z=5030.0 rename='rf_c_6'
place   cav62   copies=1 x=0.0 y=0.0 z=5110.0 rename='rf_d_6'
place   cav63   copies=1 x=0.0 y=0.0 z=5190.0 rename='rf_e_6'
place   cav70   copies=1 x=0.0 y=0.0 z=5730.0 rename='rf_b_7'
place   cav71   copies=1 x=0.0 y=0.0 z=5810.0 rename='rf_c_7'
place   cav72   copies=1 x=0.0 y=0.0 z=5890.0 rename='rf_d_7'
place   cav73   copies=1 x=0.0 y=0.0 z=5970.0 rename='rf_e_7'
place   cav80   copies=1 x=0.0 y=0.0 z=6510.0 rename='rf_b_8'
place   cav81   copies=1 x=0.0 y=0.0 z=6590.0 rename='rf_c_8'
place   cav82   copies=1 x=0.0 y=0.0 z=6670.0 rename='rf_d_8'
place   cav83   copies=1 x=0.0 y=0.0 z=6750.0 rename='rf_e_8'
place   cav90   copies=1 x=0.0 y=0.0 z=7290.0 rename='rf_b_9'
place   cav91   copies=1 x=0.0 y=0.0 z=7370.0 rename='rf_c_9'
place   cav92   copies=1 x=0.0 y=0.0 z=7450.0 rename='rf_d_9'
place   cav93   copies=1 x=0.0 y=0.0 z=7530.0 rename='rf_e_9'
place   cav100  copies=1 x=0.0 y=0.0 z=8070.0 rename='rf_b_10'
place   cav101  copies=1 x=0.0 y=0.0 z=8150.0 rename='rf_c_10'
place   cav102  copies=1 x=0.0 y=0.0 z=8230.0 rename='rf_d_10'
place   cav103  copies=1 x=0.0 y=0.0 z=8310.0 rename='rf_e_10'
place   cav110  copies=1 x=0.0 y=0.0 z=8850.0 rename='rf_b_11'
place   cav111  copies=1 x=0.0 y=0.0 z=8930.0 rename='rf_c_11'
place   cav112  copies=1 x=0.0 y=0.0 z=9010.0 rename='rf_d_11'
place   cav113  copies=1 x=0.0 y=0.0 z=9090.0 rename='rf_e_11'
place   cav120  copies=1 x=0.0 y=0.0 z=9630.0 rename='rf_b_12'
place   cav121  copies=1 x=0.0 y=0.0 z=9710.0 rename='rf_c_12'
place   cav122  copies=1 x=0.0 y=0.0 z=9790.0 rename='rf_d_12'
place   cav123  copies=1 x=0.0 y=0.0 z=9870.0 rename='rf_e_12'
place   cav130  copies=1 x=0.0 y=0.0 z=10410.0 rename='rf_b_13'
place   cav131  copies=1 x=0.0 y=0.0 z=10490.0 rename='rf_c_13'
place   cav132  copies=1 x=0.0 y=0.0 z=10570.0 rename='rf_d_13'
place   cav133  copies=1 x=0.0 y=0.0 z=10650.0 rename='rf_e_13'
place   cav140  copies=1 x=0.0 y=0.0 z=11190.0 rename='rf_b_14'
place   cav141  copies=1 x=0.0 y=0.0 z=11270.0 rename='rf_c_14'
place   cav142  copies=1 x=0.0 y=0.0 z=11350.0 rename='rf_d_14'
place   cav143  copies=1 x=0.0 y=0.0 z=11430.0 rename='rf_e_14'
place   cav150  copies=1 x=0.0 y=0.0 z=11970.0 rename='rf_b_15'
place   cav151  copies=1 x=0.0 y=0.0 z=12050.0 rename='rf_c_15'
place   cav152  copies=1 x=0.0 y=0.0 z=12130.0 rename='rf_d_15'
place   cav153  copies=1 x=0.0 y=0.0 z=12210.0 rename='rf_e_15'
place   cav160  copies=1 x=0.0 y=0.0 z=12750.0 rename='rf_b_16'
place   cav161  copies=1 x=0.0 y=0.0 z=12830.0 rename='rf_c_16'
place   cav162  copies=1 x=0.0 y=0.0 z=12910.0 rename='rf_d_16'
place   cav163  copies=1 x=0.0 y=0.0 z=12990.0 rename='rf_e_16'
place   cav170  copies=1 x=0.0 y=0.0 z=13530.0 rename='rf_b_17'
place   cav171  copies=1 x=0.0 y=0.0 z=13610.0 rename='rf_c_17'
place   cav172  copies=1 x=0.0 y=0.0 z=13690.0 rename='rf_d_17'
place   cav173  copies=1 x=0.0 y=0.0 z=13770.0 rename='rf_e_17'
place   cav180  copies=1 x=0.0 y=0.0 z=14310.0 rename='rf_b_18'
place   cav181  copies=1 x=0.0 y=0.0 z=14390.0 rename='rf_c_18'
place   cav182  copies=1 x=0.0 y=0.0 z=14470.0 rename='rf_d_18'
place   cav183  copies=1 x=0.0 y=0.0 z=14550.0 rename='rf_e_18'
place   cav190  copies=1 x=0.0 y=0.0 z=15090.0 rename='rf_b_19'
place   cav191  copies=1 x=0.0 y=0.0 z=15170.0 rename='rf_c_19'
place   cav192  copies=1 x=0.0 y=0.0 z=15250.0 rename='rf_d_19'
place   cav193  copies=1 x=0.0 y=0.0 z=15330.0 rename='rf_e_19'
place   cav200  copies=1 x=0.0 y=0.0 z=15870.0 rename='rf_b_20'
place   cav201  copies=1 x=0.0 y=0.0 z=15950.0 rename='rf_c_20'
place   cav202  copies=1 x=0.0 y=0.0 z=16030.0 rename='rf_d_20'
place   cav203  copies=1 x=0.0 y=0.0 z=16110.0 rename='rf_e_20'
place   cav210  copies=1 x=0.0 y=0.0 z=16650.0 rename='rf_b_21'
place   cav211  copies=1 x=0.0 y=0.0 z=16730.0 rename='rf_c_21'
place   cav212  copies=1 x=0.0 y=0.0 z=16810.0 rename='rf_d_21'
place   cav213  copies=1 x=0.0 y=0.0 z=16890.0 rename='rf_e_21'
place   cav220  copies=1 x=0.0 y=0.0 z=17430.0 rename='rf_b_22'
place   cav221  copies=1 x=0.0 y=0.0 z=17510.0 rename='rf_c_22'
place   cav222  copies=1 x=0.0 y=0.0 z=17590.0 rename='rf_d_22'
place   cav223  copies=1 x=0.0 y=0.0 z=17670.0 rename='rf_e_22'
place   cav230  copies=1 x=0.0 y=0.0 z=18210.0 rename='rf_b_23'
place   cav231  copies=1 x=0.0 y=0.0 z=18290.0 rename='rf_c_23'
place   cav232  copies=1 x=0.0 y=0.0 z=18370.0 rename='rf_d_23'
place   cav233  copies=1 x=0.0 y=0.0 z=18450.0 rename='rf_e_23'
place   cav240  copies=1 x=0.0 y=0.0 z=18990.0 rename='rf_b_24'
place   cav241  copies=1 x=0.0 y=0.0 z=19070.0 rename='rf_c_24'
place   cav242  copies=1 x=0.0 y=0.0 z=19150.0 rename='rf_d_24'
place   cav243  copies=1 x=0.0 y=0.0 z=19230.0 rename='rf_e_24'
place   cav250  copies=1 x=0.0 y=0.0 z=19770.0 rename='rf_b_25'
place   cav251  copies=1 x=0.0 y=0.0 z=19850.0 rename='rf_c_25'
place   cav252  copies=1 x=0.0 y=0.0 z=19930.0 rename='rf_d_25'
place   cav253  copies=1 x=0.0 y=0.0 z=20010.0 rename='rf_e_25'
place   cav260  copies=1 x=0.0 y=0.0 z=20550.0 rename='rf_b_26'
place   cav261  copies=1 x=0.0 y=0.0 z=20630.0 rename='rf_c_26'
place   cav262  copies=1 x=0.0 y=0.0 z=20710.0 rename='rf_d_26'
place   cav263  copies=1 x=0.0 y=0.0 z=20790.0 rename='rf_e_26'
place   cav270  copies=1 x=0.0 y=0.0 z=21330.0 rename='rf_b_27'
place   cav271  copies=1 x=0.0 y=0.0 z=21410.0 rename='rf_c_27'
place   cav272  copies=1 x=0.0 y=0.0 z=21490.0 rename='rf_d_27'
place   cav273  copies=1 x=0.0 y=0.0 z=21570.0 rename='rf_e_27'
place   cav280  copies=1 x=0.0 y=0.0 z=22110.0 rename='rf_b_28'
place   cav281  copies=1 x=0.0 y=0.0 z=22190.0 rename='rf_c_28'
place   cav282  copies=1 x=0.0 y=0.0 z=22270.0 rename='rf_d_28'
place   cav283  copies=1 x=0.0 y=0.0 z=22350.0 rename='rf_e_28'
place   cav290  copies=1 x=0.0 y=0.0 z=22890.0 rename='rf_b_29'
place   cav291  copies=1 x=0.0 y=0.0 z=22970.0 rename='rf_c_29'
place   cav292  copies=1 x=0.0 y=0.0 z=23050.0 rename='rf_d_29'
place   cav293  copies=1 x=0.0 y=0.0 z=23130.0 rename='rf_e_29'
place   cav300  copies=1 x=0.0 y=0.0 z=23670.0 rename='rf_b_30'
place   cav301  copies=1 x=0.0 y=0.0 z=23750.0 rename='rf_c_30'
place   cav302  copies=1 x=0.0 y=0.0 z=23830.0 rename='rf_d_30'
place   cav303  copies=1 x=0.0 y=0.0 z=23910.0 rename='rf_e_30'
place   cav310  copies=1 x=0.0 y=0.0 z=24450.0 rename='rf_b_31'
place   cav311  copies=1 x=0.0 y=0.0 z=24530.0 rename='rf_c_31'
place   cav312  copies=1 x=0.0 y=0.0 z=24610.0 rename='rf_d_31'
place   cav313  copies=1 x=0.0 y=0.0 z=24690.0 rename='rf_e_31'
place   cav320  copies=1 x=0.0 y=0.0 z=25230.0 rename='rf_b_32'
place   cav321  copies=1 x=0.0 y=0.0 z=25310.0 rename='rf_c_32'
place   cav322  copies=1 x=0.0 y=0.0 z=25390.0 rename='rf_d_32'
place   cav323  copies=1 x=0.0 y=0.0 z=25470.0 rename='rf_e_32'
place   cav330  copies=1 x=0.0 y=0.0 z=26010.0 rename='rf_b_33'
place   cav331  copies=1 x=0.0 y=0.0 z=26090.0 rename='rf_c_33'
place   cav332  copies=1 x=0.0 y=0.0 z=26170.0 rename='rf_d_33'
place   cav333  copies=1 x=0.0 y=0.0 z=26250.0 rename='rf_e_33'
place   cav340  copies=1 x=0.0 y=0.0 z=26790.0 rename='rf_b_34'
place   cav341  copies=1 x=0.0 y=0.0 z=26870.0 rename='rf_c_34'
place   cav342  copies=1 x=0.0 y=0.0 z=26950.0 rename='rf_d_34'
place   cav343  copies=1 x=0.0 y=0.0 z=27030.0 rename='rf_e_34'
place   cav350  copies=1 x=0.0 y=0.0 z=27570.0 rename='rf_b_35'
place   cav351  copies=1 x=0.0 y=0.0 z=27650.0 rename='rf_c_35'
place   cav352  copies=1 x=0.0 y=0.0 z=27730.0 rename='rf_d_35'
place   cav353  copies=1 x=0.0 y=0.0 z=27810.0 rename='rf_e_35'
place   cav360  copies=1 x=0.0 y=0.0 z=28350.0 rename='rf_b_36'
place   cav361  copies=1 x=0.0 y=0.0 z=28430.0 rename='rf_c_36'
place   cav362  copies=1 x=0.0 y=0.0 z=28510.0 rename='rf_d_36'
place   cav363  copies=1 x=0.0 y=0.0 z=28590.0 rename='rf_e_36'
place   cav370  copies=1 x=0.0 y=0.0 z=29130.0 rename='rf_b_37'
place   cav371  copies=1 x=0.0 y=0.0 z=29210.0 rename='rf_c_37'
place   cav372  copies=1 x=0.0 y=0.0 z=29290.0 rename='rf_d_37'
place   cav373  copies=1 x=0.0 y=0.0 z=29370.0 rename='rf_e_37'
place   cav380  copies=1 x=0.0 y=0.0 z=29910.0 rename='rf_b_38'
place   cav381  copies=1 x=0.0 y=0.0 z=29990.0 rename='rf_c_38'
place   cav382  copies=1 x=0.0 y=0.0 z=30070.0 rename='rf_d_38'
place   cav383  copies=1 x=0.0 y=0.0 z=30150.0 rename='rf_e_38'
place   cav390  copies=1 x=0.0 y=0.0 z=30690.0 rename='rf_b_39'
place   cav391  copies=1 x=0.0 y=0.0 z=30770.0 rename='rf_c_39'
place   cav392  copies=1 x=0.0 y=0.0 z=30850.0 rename='rf_d_39'
place   cav393  copies=1 x=0.0 y=0.0 z=30930.0 rename='rf_e_39'
place   cav400  copies=1 x=0.0 y=0.0 z=31470.0 rename='rf_b_40'
place   cav401  copies=1 x=0.0 y=0.0 z=31550.0 rename='rf_c_40'
place   cav402  copies=1 x=0.0 y=0.0 z=31630.0 rename='rf_d_40'
place   cav403  copies=1 x=0.0 y=0.0 z=31710.0 rename='rf_e_40'
place   cav410  copies=1 x=0.0 y=0.0 z=32250.0 rename='rf_b_41'
place   cav411  copies=1 x=0.0 y=0.0 z=32330.0 rename='rf_c_41'
place   cav412  copies=1 x=0.0 y=0.0 z=32410.0 rename='rf_d_41'
place   cav413  copies=1 x=0.0 y=0.0 z=32490.0 rename='rf_e_41'
place   cav420  copies=1 x=0.0 y=0.0 z=33030.0 rename='rf_b_42'
place   cav421  copies=1 x=0.0 y=0.0 z=33110.0 rename='rf_c_42'
place   cav422  copies=1 x=0.0 y=0.0 z=33190.0 rename='rf_d_42'
place   cav423  copies=1 x=0.0 y=0.0 z=33270.0 rename='rf_e_42'
place   cav430  copies=1 x=0.0 y=0.0 z=33810.0 rename='rf_b_43'
place   cav431  copies=1 x=0.0 y=0.0 z=33890.0 rename='rf_c_43'
place   cav432  copies=1 x=0.0 y=0.0 z=33970.0 rename='rf_d_43'
place   cav433  copies=1 x=0.0 y=0.0 z=34050.0 rename='rf_e_43'
place   cav440  copies=1 x=0.0 y=0.0 z=34590.0 rename='rf_b_44'
place   cav441  copies=1 x=0.0 y=0.0 z=34670.0 rename='rf_c_44'
place   cav442  copies=1 x=0.0 y=0.0 z=34750.0 rename='rf_d_44'
place   cav443  copies=1 x=0.0 y=0.0 z=34830.0 rename='rf_e_44'
place   cav450  copies=1 x=0.0 y=0.0 z=35370.0 rename='rf_b_45'
place   cav451  copies=1 x=0.0 y=0.0 z=35450.0 rename='rf_c_45'
place   cav452  copies=1 x=0.0 y=0.0 z=35530.0 rename='rf_d_45'
place   cav453  copies=1 x=0.0 y=0.0 z=35610.0 rename='rf_e_45'
place   cav460  copies=1 x=0.0 y=0.0 z=36150.0 rename='rf_b_46'
place   cav461  copies=1 x=0.0 y=0.0 z=36230.0 rename='rf_c_46'
place   cav462  copies=1 x=0.0 y=0.0 z=36310.0 rename='rf_d_46'
place   cav463  copies=1 x=0.0 y=0.0 z=36390.0 rename='rf_e_46'
place   cav470  copies=1 x=0.0 y=0.0 z=36930.0 rename='rf_b_47'
place   cav471  copies=1 x=0.0 y=0.0 z=37010.0 rename='rf_c_47'
place   cav472  copies=1 x=0.0 y=0.0 z=37090.0 rename='rf_d_47'
place   cav473  copies=1 x=0.0 y=0.0 z=37170.0 rename='rf_e_47'
place   cav480  copies=1 x=0.0 y=0.0 z=37710.0 rename='rf_b_48'
place   cav481  copies=1 x=0.0 y=0.0 z=37790.0 rename='rf_c_48'
place   cav482  copies=1 x=0.0 y=0.0 z=37870.0 rename='rf_d_48'
place   cav483  copies=1 x=0.0 y=0.0 z=37950.0 rename='rf_e_48'
place   cav490  copies=1 x=0.0 y=0.0 z=38490.0 rename='rf_b_49'
place   cav491  copies=1 x=0.0 y=0.0 z=38570.0 rename='rf_c_49'
place   cav492  copies=1 x=0.0 y=0.0 z=38650.0 rename='rf_d_49'
place   cav493  copies=1 x=0.0 y=0.0 z=38730.0 rename='rf_e_49'
place   cav500  copies=1 x=0.0 y=0.0 z=39270.0 rename='rf_b_50'
place   cav501  copies=1 x=0.0 y=0.0 z=39350.0 rename='rf_c_50'
place   cav502  copies=1 x=0.0 y=0.0 z=39430.0 rename='rf_d_50'
place   cav503  copies=1 x=0.0 y=0.0 z=39510.0 rename='rf_e_50'
place   cav510  copies=1 x=0.0 y=0.0 z=40050.0 rename='rf_b_51'
place   cav511  copies=1 x=0.0 y=0.0 z=40130.0 rename='rf_c_51'
place   cav512  copies=1 x=0.0 y=0.0 z=40210.0 rename='rf_d_51'
place   cav513  copies=1 x=0.0 y=0.0 z=40290.0 rename='rf_e_51'
place   cav520  copies=1 x=0.0 y=0.0 z=40830.0 rename='rf_b_52'
place   cav521  copies=1 x=0.0 y=0.0 z=40910.0 rename='rf_c_52'
place   cav522  copies=1 x=0.0 y=0.0 z=40990.0 rename='rf_d_52'
place   cav523  copies=1 x=0.0 y=0.0 z=41070.0 rename='rf_e_52'
place   cav530  copies=1 x=0.0 y=0.0 z=41610.0 rename='rf_b_53'
place   cav531  copies=1 x=0.0 y=0.0 z=41690.0 rename='rf_c_53'
place   cav532  copies=1 x=0.0 y=0.0 z=41770.0 rename='rf_d_53'
place   cav533  copies=1 x=0.0 y=0.0 z=41850.0 rename='rf_e_53'
place   cav540  copies=1 x=0.0 y=0.0 z=42390.0 rename='rf_b_54'
place   cav541  copies=1 x=0.0 y=0.0 z=42470.0 rename='rf_c_54'
place   cav542  copies=1 x=0.0 y=0.0 z=42550.0 rename='rf_d_54'
place   cav543  copies=1 x=0.0 y=0.0 z=42630.0 rename='rf_e_54'
place   cav550  copies=1 x=0.0 y=0.0 z=43170.0 rename='rf_b_55'
place   cav551  copies=1 x=0.0 y=0.0 z=43250.0 rename='rf_c_55'
place   cav552  copies=1 x=0.0 y=0.0 z=43330.0 rename='rf_d_55'
place   cav553  copies=1 x=0.0 y=0.0 z=43410.0 rename='rf_e_55'
place   cav560  copies=1 x=0.0 y=0.0 z=43950.0 rename='rf_b_56'
place   cav561  copies=1 x=0.0 y=0.0 z=44030.0 rename='rf_c_56'
place   cav562  copies=1 x=0.0 y=0.0 z=44110.0 rename='rf_d_56'
place   cav563  copies=1 x=0.0 y=0.0 z=44190.0 rename='rf_e_56'
place   cav570  copies=1 x=0.0 y=0.0 z=44730.0 rename='rf_b_57'
place   cav571  copies=1 x=0.0 y=0.0 z=44810.0 rename='rf_c_57'
place   cav572  copies=1 x=0.0 y=0.0 z=44890.0 rename='rf_d_57'
place   cav573  copies=1 x=0.0 y=0.0 z=44970.0 rename='rf_e_57'
place   cav580  copies=1 x=0.0 y=0.0 z=45510.0 rename='rf_b_58'
place   cav581  copies=1 x=0.0 y=0.0 z=45590.0 rename='rf_c_58'
place   cav582  copies=1 x=0.0 y=0.0 z=45670.0 rename='rf_d_58'
place   cav583  copies=1 x=0.0 y=0.0 z=45750.0 rename='rf_e_58'
place   cav590  copies=1 x=0.0 y=0.0 z=46290.0 rename='rf_b_59'
place   cav591  copies=1 x=0.0 y=0.0 z=46370.0 rename='rf_c_59'
place   cav592  copies=1 x=0.0 y=0.0 z=46450.0 rename='rf_d_59'
place   cav593  copies=1 x=0.0 y=0.0 z=46530.0 rename='rf_e_59'
place   cav600  copies=1 x=0.0 y=0.0 z=47070.0 rename='rf_b_60'
place   cav601  copies=1 x=0.0 y=0.0 z=47150.0 rename='rf_c_60'
place   cav602  copies=1 x=0.0 y=0.0 z=47230.0 rename='rf_d_60'
place   cav603  copies=1 x=0.0 y=0.0 z=47310.0 rename='rf_e_60'
do i=0,60,1
(do i=0)
place   all_wedge copies=1 x=-6.0 y=0.0 z=0.0 rename='wedge_0'rotation='X90,Y90'
(do i=1)
place   all_wedge copies=1 x=-6.0 y=0.0 z=780.0 rename='wedge_1'rotation='X90,Y90'
(do i=2)
place   all_wedge copies=1 x=-6.0 y=0.0 z=1560.0 rename='wedge_2'rotation='X90,Y90'
(do i=3)
place   all_wedge copies=1 x=-6.0 y=0.0 z=2340.0 rename='wedge_3'rotation='X90,Y90'
(do i=4)
place   all_wedge copies=1 x=-6.0 y=0.0 z=3120.0 rename='wedge_4'rotation='X90,Y90'
(do i=5)
place   all_wedge copies=1 x=-6.0 y=0.0 z=3900.0 rename='wedge_5'rotation='X90,Y90'
(do i=6)
place   all_wedge copies=1 x=-6.0 y=0.0 z=4680.0 rename='wedge_6'rotation='X90,Y90'
(do i=7)
place   all_wedge copies=1 x=-6.0 y=0.0 z=5460.0 rename='wedge_7'rotation='X90,Y90'
(do i=8)
place   all_wedge copies=1 x=-6.0 y=0.0 z=6240.0 rename='wedge_8'rotation='X90,Y90'
(do i=9)
place   all_wedge copies=1 x=-6.0 y=0.0 z=7020.0 rename='wedge_9'rotation='X90,Y90'
(do i=10)
place   all_wedge copies=1 x=-6.0 y=0.0 z=7800.0 rename='wedge_10'rotation='X90,Y90'
(do i=11)
place   all_wedge copies=1 x=-6.0 y=0.0 z=8580.0 rename='wedge_11'rotation='X90,Y90'
(do i=12)
place   all_wedge copies=1 x=-6.0 y=0.0 z=9360.0 rename='wedge_12'rotation='X90,Y90'
(do i=13)
place   all_wedge copies=1 x=-6.0 y=0.0 z=10140.0 rename='wedge_13'rotation='X90,Y90'
(do i=14)
place   all_wedge copies=1 x=-6.0 y=0.0 z=10920.0 rename='wedge_14'rotation='X90,Y90'
(do i=15)
place   all_wedge copies=1 x=-6.0 y=0.0 z=11700.0 rename='wedge_15'rotation='X90,Y90'
(do i=16)
place   all_wedge copies=1 x=-6.0 y=0.0 z=12480.0 rename='wedge_16'rotation='X90,Y90'
(do i=17)
place   all_wedge copies=1 x=-6.0 y=0.0 z=13260.0 rename='wedge_17'rotation='X90,Y90'
(do i=18)
place   all_wedge copies=1 x=-6.0 y=0.0 z=14040.0 rename='wedge_18'rotation='X90,Y90'
(do i=19)
place   all_wedge copies=1 x=-6.0 y=0.0 z=14820.0 rename='wedge_19'rotation='X90,Y90'
(do i=20)
place   all_wedge copies=1 x=-6.0 y=0.0 z=15600.0 rename='wedge_20'rotation='X90,Y90'
(do i=21)
place   all_wedge copies=1 x=-6.0 y=0.0 z=16380.0 rename='wedge_21'rotation='X90,Y90'
(do i=22)
place   all_wedge copies=1 x=-6.0 y=0.0 z=17160.0 rename='wedge_22'rotation='X90,Y90'
(do i=23)
place   all_wedge copies=1 x=-6.0 y=0.0 z=17940.0 rename='wedge_23'rotation='X90,Y90'
(do i=24)
place   all_wedge copies=1 x=-6.0 y=0.0 z=18720.0 rename='wedge_24'rotation='X90,Y90'
(do i=25)
place   all_wedge copies=1 x=-6.0 y=0.0 z=19500.0 rename='wedge_25'rotation='X90,Y90'
(do i=26)
place   all_wedge copies=1 x=-6.0 y=0.0 z=20280.0 rename='wedge_26'rotation='X90,Y90'
(do i=27)
place   all_wedge copies=1 x=-6.0 y=0.0 z=21060.0 rename='wedge_27'rotation='X90,Y90'
(do i=28)
place   all_wedge copies=1 x=-6.0 y=0.0 z=21840.0 rename='wedge_28'rotation='X90,Y90'
(do i=29)
place   all_wedge copies=1 x=-6.0 y=0.0 z=22620.0 rename='wedge_29'rotation='X90,Y90'
(do i=30)
place   all_wedge copies=1 x=-6.0 y=0.0 z=23400.0 rename='wedge_30'rotation='X90,Y90'
(do i=31)
place   all_wedge copies=1 x=-6.0 y=0.0 z=24180.0 rename='wedge_31'rotation='X90,Y90'
(do i=32)
place   all_wedge copies=1 x=-6.0 y=0.0 z=24960.0 rename='wedge_32'rotation='X90,Y90'
(do i=33)
place   all_wedge copies=1 x=-6.0 y=0.0 z=25740.0 rename='wedge_33'rotation='X90,Y90'
(do i=34)
place   all_wedge copies=1 x=-6.0 y=0.0 z=26520.0 rename='wedge_34'rotation='X90,Y90'
(do i=35)
place   all_wedge copies=1 x=-6.0 y=0.0 z=27300.0 rename='wedge_35'rotation='X90,Y90'
(do i=36)
place   all_wedge copies=1 x=-6.0 y=0.0 z=28080.0 rename='wedge_36'rotation='X90,Y90'
(do i=37)
place   all_wedge copies=1 x=-6.0 y=0.0 z=28860.0 rename='wedge_37'rotation='X90,Y90'
(do i=38)
place   all_wedge copies=1 x=-6.0 y=0.0 z=29640.0 rename='wedge_38'rotation='X90,Y90'
(do i=39)
place   all_wedge copies=1 x=-6.0 y=0.0 z=30420.0 rename='wedge_39'rotation='X90,Y90'
(do i=40)
place   all_wedge copies=1 x=-6.0 y=0.0 z=31200.0 rename='wedge_40'rotation='X90,Y90'
(do i=41)
place   all_wedge copies=1 x=-6.0 y=0.0 z=31980.0 rename='wedge_41'rotation='X90,Y90'
(do i=42)
place   all_wedge copies=1 x=-6.0 y=0.0 z=32760.0 rename='wedge_42'rotation='X90,Y90'
(do i=43)
place   all_wedge copies=1 x=-6.0 y=0.0 z=33540.0 rename='wedge_43'rotation='X90,Y90'
(do i=44)
place   all_wedge copies=1 x=-6.0 y=0.0 z=34320.0 rename='wedge_44'rotation='X90,Y90'
(do i=45)
place   all_wedge copies=1 x=-6.0 y=0.0 z=35100.0 rename='wedge_45'rotation='X90,Y90'
(do i=46)
place   all_wedge copies=1 x=-6.0 y=0.0 z=35880.0 rename='wedge_46'rotation='X90,Y90'
(do i=47)
place   all_wedge copies=1 x=-6.0 y=0.0 z=36660.0 rename='wedge_47'rotation='X90,Y90'
(do i=48)
place   all_wedge copies=1 x=-6.0 y=0.0 z=37440.0 rename='wedge_48'rotation='X90,Y90'
(do i=49)
place   all_wedge copies=1 x=-6.0 y=0.0 z=38220.0 rename='wedge_49'rotation='X90,Y90'
(do i=50)
place   all_wedge copies=1 x=-6.0 y=0.0 z=39000.0 rename='wedge_50'rotation='X90,Y90'
(do i=51)
place   all_wedge copies=1 x=-6.0 y=0.0 z=39780.0 rename='wedge_51'rotation='X90,Y90'
(do i=52)
place   all_wedge copies=1 x=-6.0 y=0.0 z=40560.0 rename='wedge_52'rotation='X90,Y90'
(do i=53)
place   all_wedge copies=1 x=-6.0 y=0.0 z=41340.0 rename='wedge_53'rotation='X90,Y90'
(do i=54)
place   all_wedge copies=1 x=-6.0 y=0.0 z=42120.0 rename='wedge_54'rotation='X90,Y90'
(do i=55)
place   all_wedge copies=1 x=-6.0 y=0.0 z=42900.0 rename='wedge_55'rotation='X90,Y90'
(do i=56)
place   all_wedge copies=1 x=-6.0 y=0.0 z=43680.0 rename='wedge_56'rotation='X90,Y90'
(do i=57)
place   all_wedge copies=1 x=-6.0 y=0.0 z=44460.0 rename='wedge_57'rotation='X90,Y90'
(do i=58)
place   all_wedge copies=1 x=-6.0 y=0.0 z=45240.0 rename='wedge_58'rotation='X90,Y90'
(do i=59)
place   all_wedge copies=1 x=-6.0 y=0.0 z=46020.0 rename='wedge_59'rotation='X90,Y90'
(do i=60)
place   all_wedge copies=1 x=-6.0 y=0.0 z=46800.0 rename='wedge_60'rotation='X90,Y90'
enddo
do i=0,60,1
(do i=0)
place   wedge_window copies=1 x=-1.0 y=0.0 z=-37.6 rotation='Y-140/2'
                color=1,0,1
place   wedge_window copies=1 x=-1.0 y=0.0 z=37.6 rotation='Y140/2'
                color=1,0,1
(do i=1)
place   wedge_window copies=1 x=-1.0 y=0.0 z=742.4 rotation='Y-140/2'
                color=1,0,1
place   wedge_window copies=1 x=-1.0 y=0.0 z=817.6 rotation='Y140/2'
                color=1,0,1
(do i=2)
place   wedge_window copies=1 x=-1.0 y=0.0 z=1522.4 rotation='Y-140/2'
                color=1,0,1
place   wedge_window copies=1 x=-1.0 y=0.0 z=1597.6 rotation='Y140/2'
                color=1,0,1
(do i=3)
place   wedge_window copies=1 x=-1.0 y=0.0 z=2302.4 rotation='Y-140/2'
                color=1,0,1
place   wedge_window copies=1 x=-1.0 y=0.0 z=2377.6 rotation='Y140/2'
                color=1,0,1
(do i=4)
place   wedge_window copies=1 x=-1.0 y=0.0 z=3082.4 rotation='Y-140/2'
                color=1,0,1
place   wedge_window copies=1 x=-1.0 y=0.0 z=3157.6 rotation='Y140/2'
                color=1,0,1
(do i=5)
place   wedge_window copies=1 x=-1.0 y=0.0 z=3862.4 rotation='Y-140/2'
                color=1,0,1
place   wedge_window copies=1 x=-1.0 y=0.0 z=3937.6 rotation='Y140/2'
                color=1,0,1
(do i=6)
place   wedge_window copies=1 x=-1.0 y=0.0 z=4642.4 rotation='Y-140/2'
                color=1,0,1
place   wedge_window copies=1 x=-1.0 y=0.0 z=4717.6 rotation='Y140/2'
                color=1,0,1
(do i=7)
place   wedge_window copies=1 x=-1.0 y=0.0 z=5422.4 rotation='Y-140/2'
                color=1,0,1
place   wedge_window copies=1 x=-1.0 y=0.0 z=5497.6 rotation='Y140/2'
                color=1,0,1
(do i=8)
place   wedge_window copies=1 x=-1.0 y=0.0 z=6202.4 rotation='Y-140/2'
                color=1,0,1
place   wedge_window copies=1 x=-1.0 y=0.0 z=6277.6 rotation='Y140/2'
                color=1,0,1
(do i=9)
place   wedge_window copies=1 x=-1.0 y=0.0 z=6982.4 rotation='Y-140/2'
                color=1,0,1
place   wedge_window copies=1 x=-1.0 y=0.0 z=7057.6 rotation='Y140/2'
                color=1,0,1
(do i=10)
place   wedge_window copies=1 x=-1.0 y=0.0 z=7762.4 rotation='Y-140/2'
                color=1,0,1
place   wedge_window copies=1 x=-1.0 y=0.0 z=7837.6 rotation='Y140/2'
                color=1,0,1
(do i=11)
place   wedge_window copies=1 x=-1.0 y=0.0 z=8542.4 rotation='Y-140/2'
                color=1,0,1
place   wedge_window copies=1 x=-1.0 y=0.0 z=8617.6 rotation='Y140/2'
                color=1,0,1
(do i=12)
place   wedge_window copies=1 x=-1.0 y=0.0 z=9322.4 rotation='Y-140/2'
                color=1,0,1
place   wedge_window copies=1 x=-1.0 y=0.0 z=9397.6 rotation='Y140/2'
                color=1,0,1
(do i=13)
place   wedge_window copies=1 x=-1.0 y=0.0 z=10102.4 rotation='Y-140/2'
                color=1,0,1
place   wedge_window copies=1 x=-1.0 y=0.0 z=10177.6 rotation='Y140/2'
                color=1,0,1
(do i=14)
place   wedge_window copies=1 x=-1.0 y=0.0 z=10882.4 rotation='Y-140/2'
                color=1,0,1
place   wedge_window copies=1 x=-1.0 y=0.0 z=10957.6 rotation='Y140/2'
                color=1,0,1
(do i=15)
place   wedge_window copies=1 x=-1.0 y=0.0 z=11662.4 rotation='Y-140/2'
                color=1,0,1
place   wedge_window copies=1 x=-1.0 y=0.0 z=11737.6 rotation='Y140/2'
                color=1,0,1
(do i=16)
place   wedge_window copies=1 x=-1.0 y=0.0 z=12442.4 rotation='Y-140/2'
                color=1,0,1
place   wedge_window copies=1 x=-1.0 y=0.0 z=12517.6 rotation='Y140/2'
                color=1,0,1
(do i=17)
place   wedge_window copies=1 x=-1.0 y=0.0 z=13222.4 rotation='Y-140/2'
                color=1,0,1
place   wedge_window copies=1 x=-1.0 y=0.0 z=13297.6 rotation='Y140/2'
                color=1,0,1
(do i=18)
place   wedge_window copies=1 x=-1.0 y=0.0 z=14002.4 rotation='Y-140/2'
                color=1,0,1
place   wedge_window copies=1 x=-1.0 y=0.0 z=14077.6 rotation='Y140/2'
                color=1,0,1
(do i=19)
place   wedge_window copies=1 x=-1.0 y=0.0 z=14782.4 rotation='Y-140/2'
                color=1,0,1
place   wedge_window copies=1 x=-1.0 y=0.0 z=14857.6 rotation='Y140/2'
                color=1,0,1
(do i=20)
place   wedge_window copies=1 x=-1.0 y=0.0 z=15562.4 rotation='Y-140/2'
                color=1,0,1
place   wedge_window copies=1 x=-1.0 y=0.0 z=15637.6 rotation='Y140/2'
                color=1,0,1
(do i=21)
place   wedge_window copies=1 x=-1.0 y=0.0 z=16342.4 rotation='Y-140/2'
                color=1,0,1
place   wedge_window copies=1 x=-1.0 y=0.0 z=16417.6 rotation='Y140/2'
                color=1,0,1
(do i=22)
place   wedge_window copies=1 x=-1.0 y=0.0 z=17122.4 rotation='Y-140/2'
                color=1,0,1
place   wedge_window copies=1 x=-1.0 y=0.0 z=17197.6 rotation='Y140/2'
                color=1,0,1
(do i=23)
place   wedge_window copies=1 x=-1.0 y=0.0 z=17902.4 rotation='Y-140/2'
                color=1,0,1
place   wedge_window copies=1 x=-1.0 y=0.0 z=17977.6 rotation='Y140/2'
                color=1,0,1
(do i=24)
place   wedge_window copies=1 x=-1.0 y=0.0 z=18682.4 rotation='Y-140/2'
                color=1,0,1
place   wedge_window copies=1 x=-1.0 y=0.0 z=18757.6 rotation='Y140/2'
                color=1,0,1
(do i=25)
place   wedge_window copies=1 x=-1.0 y=0.0 z=19462.4 rotation='Y-140/2'
                color=1,0,1
place   wedge_window copies=1 x=-1.0 y=0.0 z=19537.6 rotation='Y140/2'
                color=1,0,1
(do i=26)
place   wedge_window copies=1 x=-1.0 y=0.0 z=20242.4 rotation='Y-140/2'
                color=1,0,1
place   wedge_window copies=1 x=-1.0 y=0.0 z=20317.6 rotation='Y140/2'
                color=1,0,1
(do i=27)
place   wedge_window copies=1 x=-1.0 y=0.0 z=21022.4 rotation='Y-140/2'
                color=1,0,1
place   wedge_window copies=1 x=-1.0 y=0.0 z=21097.6 rotation='Y140/2'
                color=1,0,1
(do i=28)
place   wedge_window copies=1 x=-1.0 y=0.0 z=21802.4 rotation='Y-140/2'
                color=1,0,1
place   wedge_window copies=1 x=-1.0 y=0.0 z=21877.6 rotation='Y140/2'
                color=1,0,1
(do i=29)
place   wedge_window copies=1 x=-1.0 y=0.0 z=22582.4 rotation='Y-140/2'
                color=1,0,1
place   wedge_window copies=1 x=-1.0 y=0.0 z=22657.6 rotation='Y140/2'
                color=1,0,1
(do i=30)
place   wedge_window copies=1 x=-1.0 y=0.0 z=23362.4 rotation='Y-140/2'
                color=1,0,1
place   wedge_window copies=1 x=-1.0 y=0.0 z=23437.6 rotation='Y140/2'
                color=1,0,1
(do i=31)
place   wedge_window copies=1 x=-1.0 y=0.0 z=24142.4 rotation='Y-140/2'
                color=1,0,1
place   wedge_window copies=1 x=-1.0 y=0.0 z=24217.6 rotation='Y140/2'
                color=1,0,1
(do i=32)
place   wedge_window copies=1 x=-1.0 y=0.0 z=24922.4 rotation='Y-140/2'
                color=1,0,1
place   wedge_window copies=1 x=-1.0 y=0.0 z=24997.6 rotation='Y140/2'
                color=1,0,1
(do i=33)
place   wedge_window copies=1 x=-1.0 y=0.0 z=25702.4 rotation='Y-140/2'
                color=1,0,1
place   wedge_window copies=1 x=-1.0 y=0.0 z=25777.6 rotation='Y140/2'
                color=1,0,1
(do i=34)
place   wedge_window copies=1 x=-1.0 y=0.0 z=26482.4 rotation='Y-140/2'
                color=1,0,1
place   wedge_window copies=1 x=-1.0 y=0.0 z=26557.6 rotation='Y140/2'
                color=1,0,1
(do i=35)
place   wedge_window copies=1 x=-1.0 y=0.0 z=27262.4 rotation='Y-140/2'
                color=1,0,1
place   wedge_window copies=1 x=-1.0 y=0.0 z=27337.6 rotation='Y140/2'
                color=1,0,1
(do i=36)
place   wedge_window copies=1 x=-1.0 y=0.0 z=28042.4 rotation='Y-140/2'
                color=1,0,1
place   wedge_window copies=1 x=-1.0 y=0.0 z=28117.6 rotation='Y140/2'
                color=1,0,1
(do i=37)
place   wedge_window copies=1 x=-1.0 y=0.0 z=28822.4 rotation='Y-140/2'
                color=1,0,1
place   wedge_window copies=1 x=-1.0 y=0.0 z=28897.6 rotation='Y140/2'
                color=1,0,1
(do i=38)
place   wedge_window copies=1 x=-1.0 y=0.0 z=29602.4 rotation='Y-140/2'
                color=1,0,1
place   wedge_window copies=1 x=-1.0 y=0.0 z=29677.6 rotation='Y140/2'
                color=1,0,1
(do i=39)
place   wedge_window copies=1 x=-1.0 y=0.0 z=30382.4 rotation='Y-140/2'
                color=1,0,1
place   wedge_window copies=1 x=-1.0 y=0.0 z=30457.6 rotation='Y140/2'
                color=1,0,1
(do i=40)
place   wedge_window copies=1 x=-1.0 y=0.0 z=31162.4 rotation='Y-140/2'
                color=1,0,1
place   wedge_window copies=1 x=-1.0 y=0.0 z=31237.6 rotation='Y140/2'
                color=1,0,1
(do i=41)
place   wedge_window copies=1 x=-1.0 y=0.0 z=31942.4 rotation='Y-140/2'
                color=1,0,1
place   wedge_window copies=1 x=-1.0 y=0.0 z=32017.6 rotation='Y140/2'
                color=1,0,1
(do i=42)
place   wedge_window copies=1 x=-1.0 y=0.0 z=32722.4 rotation='Y-140/2'
                color=1,0,1
place   wedge_window copies=1 x=-1.0 y=0.0 z=32797.6 rotation='Y140/2'
                color=1,0,1
(do i=43)
place   wedge_window copies=1 x=-1.0 y=0.0 z=33502.4 rotation='Y-140/2'
                color=1,0,1
place   wedge_window copies=1 x=-1.0 y=0.0 z=33577.6 rotation='Y140/2'
                color=1,0,1
(do i=44)
place   wedge_window copies=1 x=-1.0 y=0.0 z=34282.4 rotation='Y-140/2'
                color=1,0,1
place   wedge_window copies=1 x=-1.0 y=0.0 z=34357.6 rotation='Y140/2'
                color=1,0,1
(do i=45)
place   wedge_window copies=1 x=-1.0 y=0.0 z=35062.4 rotation='Y-140/2'
                color=1,0,1
place   wedge_window copies=1 x=-1.0 y=0.0 z=35137.6 rotation='Y140/2'
                color=1,0,1
(do i=46)
place   wedge_window copies=1 x=-1.0 y=0.0 z=35842.4 rotation='Y-140/2'
                color=1,0,1
place   wedge_window copies=1 x=-1.0 y=0.0 z=35917.6 rotation='Y140/2'
                color=1,0,1
(do i=47)
place   wedge_window copies=1 x=-1.0 y=0.0 z=36622.4 rotation='Y-140/2'
                color=1,0,1
place   wedge_window copies=1 x=-1.0 y=0.0 z=36697.6 rotation='Y140/2'
                color=1,0,1
(do i=48)
place   wedge_window copies=1 x=-1.0 y=0.0 z=37402.4 rotation='Y-140/2'
                color=1,0,1
place   wedge_window copies=1 x=-1.0 y=0.0 z=37477.6 rotation='Y140/2'
                color=1,0,1
(do i=49)
place   wedge_window copies=1 x=-1.0 y=0.0 z=38182.4 rotation='Y-140/2'
                color=1,0,1
place   wedge_window copies=1 x=-1.0 y=0.0 z=38257.6 rotation='Y140/2'
                color=1,0,1
(do i=50)
place   wedge_window copies=1 x=-1.0 y=0.0 z=38962.4 rotation='Y-140/2'
                color=1,0,1
place   wedge_window copies=1 x=-1.0 y=0.0 z=39037.6 rotation='Y140/2'
                color=1,0,1
(do i=51)
place   wedge_window copies=1 x=-1.0 y=0.0 z=39742.4 rotation='Y-140/2'
                color=1,0,1
place   wedge_window copies=1 x=-1.0 y=0.0 z=39817.6 rotation='Y140/2'
                color=1,0,1
(do i=52)
place   wedge_window copies=1 x=-1.0 y=0.0 z=40522.4 rotation='Y-140/2'
                color=1,0,1
place   wedge_window copies=1 x=-1.0 y=0.0 z=40597.6 rotation='Y140/2'
                color=1,0,1
(do i=53)
place   wedge_window copies=1 x=-1.0 y=0.0 z=41302.4 rotation='Y-140/2'
                color=1,0,1
place   wedge_window copies=1 x=-1.0 y=0.0 z=41377.6 rotation='Y140/2'
                color=1,0,1
(do i=54)
place   wedge_window copies=1 x=-1.0 y=0.0 z=42082.4 rotation='Y-140/2'
                color=1,0,1
place   wedge_window copies=1 x=-1.0 y=0.0 z=42157.6 rotation='Y140/2'
                color=1,0,1
(do i=55)
place   wedge_window copies=1 x=-1.0 y=0.0 z=42862.4 rotation='Y-140/2'
                color=1,0,1
place   wedge_window copies=1 x=-1.0 y=0.0 z=42937.6 rotation='Y140/2'
                color=1,0,1
(do i=56)
place   wedge_window copies=1 x=-1.0 y=0.0 z=43642.4 rotation='Y-140/2'
                color=1,0,1
place   wedge_window copies=1 x=-1.0 y=0.0 z=43717.6 rotation='Y140/2'
                color=1,0,1
(do i=57)
place   wedge_window copies=1 x=-1.0 y=0.0 z=44422.4 rotation='Y-140/2'
                color=1,0,1
place   wedge_window copies=1 x=-1.0 y=0.0 z=44497.6 rotation='Y140/2'
                color=1,0,1
(do i=58)
place   wedge_window copies=1 x=-1.0 y=0.0 z=45202.4 rotation='Y-140/2'
                color=1,0,1
place   wedge_window copies=1 x=-1.0 y=0.0 z=45277.6 rotation='Y140/2'
                color=1,0,1
(do i=59)
place   wedge_window copies=1 x=-1.0 y=0.0 z=45982.4 rotation='Y-140/2'
                color=1,0,1
place   wedge_window copies=1 x=-1.0 y=0.0 z=46057.6 rotation='Y140/2'
                color=1,0,1
(do i=60)
place   wedge_window copies=1 x=-1.0 y=0.0 z=46762.4 rotation='Y-140/2'
                color=1,0,1
place   wedge_window copies=1 x=-1.0 y=0.0 z=46837.6 rotation='Y140/2'
                color=1,0,1
enddo
place   beamDet copies=1 x=0.0 y=0.0 z=47590.0 
zntuple                    z= zloop=0:60*780:780 noSingles=0 format=for009
                           file=for009 filename=for009 require=PDGid==-13
                           referenceParticle=1 coordinates=Centerline

World size (before incrementing by 201.357 mm): 1600.0 H  1600.0 W  95288.0 L

PARAMETERS:
            Zcl=47590
          angle=1.5
        bendpos=0.1
     cavity_gas=Vacuum
    cell_length=780
   coil_length1=120.38740169437966
   coil_length2=70.18075474288861
   coil_length3=236.865849696550
   coil_radius1=53
   coil_radius2=163
   coil_radius3=343
    coil_width1=80
    coil_width2=150
    coil_width3=200
      coilname1=coil1
      coilname2=coil2
      coilname3=coil3
       current1=222.9971220206919
       current2=107.27771763956034
       current3=106.56628357742449
     deltaChord=3.0
deltaIntersection=0.1
   deltaOneStep=0.01
         dipole=0.153
  dipole_length=100
          end_z=47590
         epsMax=0.05
         epsMin=2.5e-7
 eventTimeLimit=30
    fieldVoxels=200,200,200
       filename=for009
   final_output=beam_stage9_out
          first=1
  fringe_length=92
half_wedge_length=75
      histoFile=g4beamline
    histoUpdate=0
              i=60
           last=2000
        maxStep=100.0
        minStep=0.01
         ncells=60
             pi=3.1415926
  pipe_diameter=46
    pipe_length=229.96
    pipe_radius=23
           pres=35
   ref_momentum=195
         rf_fre=0.704
        rf_grad=23.841477448781845
      rf_length=80
          rf_ph=15.365305896660475
rf_window_length=0.01
        solpos1=0.10011367615429359
        solpos2=0.1706563510028725
        solpos3=0.23790669255906333
 steppingFormat=N GLOBAL CL KE STEP VOL PROCESS
steppingVerbose=0
         viewer=none
 wallClockLimit=-1
      wallthick=0.01
     wedge_apex=140
wedge_window_length=0.05
  worldMaterial=Vacuum
         x_last=-1.28
          x_off=-1.0230672
         y_last=-1.76
          y_off=-1.5422333
     zTolerance=2.0
Checking overlaps for volume sol1:0 (G4Tubs) ... OK! 
BLCMDsolenoid::Construct sol1 parent= relZ=-1481.9 globZ=-1481.9
	global pos=0.0,0.0,-1481.9  Checking overlaps for volume sol3:0 (G4Tubs) ... OK! 
BLCMDsolenoid::Construct sol3 parent= relZ=-1426.9 globZ=-1426.9
	global pos=0.0,0.0,-1426.9  Checking overlaps for volume sol5:0 (G4Tubs) ... OK! 
BLCMDsolenoid::Construct sol5 parent= relZ=-1374.4 globZ=-1374.4
	global pos=0.0,0.0,-1374.4  Checking overlaps for volume sol6:0 (G4Tubs) ... OK! 
BLCMDsolenoid::Construct sol6 parent= relZ=-965.6 globZ=-965.6
	global pos=0.0,0.0,-965.6  Checking overlaps for volume sol4:0 (G4Tubs) ... OK! 
BLCMDsolenoid::Construct sol4 parent= relZ=-913.1 globZ=-913.1
	global pos=0.0,0.0,-913.1  Checking overlaps for volume sol2:0 (G4Tubs) ... OK! 
BLCMDsolenoid::Construct sol2 parent= relZ=-858.1 globZ=-858.1
	global pos=0.0,0.0,-858.1  Checking overlaps for volume sol1:0 (G4Tubs) ... OK! 
BLCMDsolenoid::Construct sol1 parent= relZ=-701.9 globZ=-701.9
	global pos=0.0,0.0,-701.9  Checking overlaps for volume sol3:0 (G4Tubs) ... OK! 
BLCMDsolenoid::Construct sol3 parent= relZ=-646.9 globZ=-646.9
	global pos=0.0,0.0,-646.9  Checking overlaps for volume sol5:0 (G4Tubs) ... OK! 
BLCMDsolenoid::Construct sol5 parent= relZ=-594.4 globZ=-594.4
	global pos=0.0,0.0,-594.4  Checking overlaps for volume sol6:0 (G4Tubs) ... OK! 
BLCMDsolenoid::Construct sol6 parent= relZ=-185.6 globZ=-185.6
	global pos=0.0,0.0,-185.6  Checking overlaps for volume sol4:0 (G4Tubs) ... OK! 
BLCMDsolenoid::Construct sol4 parent= relZ=-133.1 globZ=-133.1
	global pos=0.0,0.0,-133.1  Checking overlaps for volume sol2:0 (G4Tubs) ... OK! 
BLCMDsolenoid::Construct sol2 parent= relZ=-78.1 globZ=-78.1
	global pos=0.0,0.0,-78.1  Checking overlaps for volume sol1:0 (G4Tubs) ... OK! 
BLCMDsolenoid::Construct sol1 parent= relZ=78.1 globZ=78.1
	global pos=0.0,0.0,78.1  Checking overlaps for volume sol3:0 (G4Tubs) ... OK! 
BLCMDsolenoid::Construct sol3 parent= relZ=133.1 globZ=133.1
	global pos=0.0,0.0,133.1  Checking overlaps for volume sol5:0 (G4Tubs) ... OK! 
BLCMDsolenoid::Construct sol5 parent= relZ=185.6 globZ=185.6
	global pos=0.0,0.0,185.6  Checking overlaps for volume sol6:0 (G4Tubs) ... OK! 
BLCMDsolenoid::Construct sol6 parent= relZ=594.4 globZ=594.4
	global pos=0.0,0.0,594.4  Checking overlaps for volume sol4:0 (G4Tubs) ... OK! 
BLCMDsolenoid::Construct sol4 parent= relZ=646.9 globZ=646.9
	global pos=0.0,0.0,646.9  Checking overlaps for volume sol2:0 (G4Tubs) ... OK! 
BLCMDsolenoid::Construct sol2 parent= relZ=701.9 globZ=701.9
	global pos=0.0,0.0,701.9  Checking overlaps for volume sol1:0 (G4Tubs) ... OK! 
BLCMDsolenoid::Construct sol1 parent= relZ=858.1 globZ=858.1
	global pos=0.0,0.0,858.1  Checking overlaps for volume sol3:0 (G4Tubs) ... OK! 
BLCMDsolenoid::Construct sol3 parent= relZ=913.1 globZ=913.1
	global pos=0.0,0.0,913.1  Checking overlaps for volume sol5:0 (G4Tubs) ... OK! 
BLCMDsolenoid::Construct sol5 parent= relZ=965.6 globZ=965.6
	global pos=0.0,0.0,965.6  Checking overlaps for volume sol6:0 (G4Tubs) ... OK! 
BLCMDsolenoid::Construct sol6 parent= relZ=1374.4 globZ=1374.4
	global pos=0.0,0.0,1374.4  Checking overlaps for volume sol4:0 (G4Tubs) ... OK! 
BLCMDsolenoid::Construct sol4 parent= relZ=1426.9 globZ=1426.9
	global pos=0.0,0.0,1426.9  Checking overlaps for volume sol2:0 (G4Tubs) ... OK! 
BLCMDsolenoid::Construct sol2 parent= relZ=1481.9 globZ=1481.9
	global pos=0.0,0.0,1481.9  Checking overlaps for volume sol1:0 (G4Tubs) ... OK! 
BLCMDsolenoid::Construct sol1 parent= relZ=1638.1 globZ=1638.1
	global pos=0.0,0.0,1638.1  Checking overlaps for volume sol3:0 (G4Tubs) ... OK! 
BLCMDsolenoid::Construct sol3 parent= relZ=1693.1 globZ=1693.1
	global pos=0.0,0.0,1693.1  Checking overlaps for volume sol5:0 (G4Tubs) ... OK! 
BLCMDsolenoid::Construct sol5 parent= relZ=1745.6 globZ=1745.6
	global pos=0.0,0.0,1745.6  Checking overlaps for volume sol6:0 (G4Tubs) ... OK! 
BLCMDsolenoid::Construct sol6 parent= relZ=2154.4 globZ=2154.4
	global pos=0.0,0.0,2154.4  Checking overlaps for volume sol4:0 (G4Tubs) ... OK! 
BLCMDsolenoid::Construct sol4 parent= relZ=2206.9 globZ=2206.9
	global pos=0.0,0.0,2206.9  Checking overlaps for volume sol2:0 (G4Tubs) ... OK! 
BLCMDsolenoid::Construct sol2 parent= relZ=2261.9 globZ=2261.9
	global pos=0.0,0.0,2261.9  Checking overlaps for volume sol1:0 (G4Tubs) ... OK! 
BLCMDsolenoid::Construct sol1 parent= relZ=2418.1 globZ=2418.1
	global pos=0.0,0.0,2418.1  Checking overlaps for volume sol3:0 (G4Tubs) ... OK! 
BLCMDsolenoid::Construct sol3 parent= relZ=2473.1 globZ=2473.1
	global pos=0.0,0.0,2473.1  Checking overlaps for volume sol5:0 (G4Tubs) ... OK! 
BLCMDsolenoid::Construct sol5 parent= relZ=2525.6 globZ=2525.6
	global pos=0.0,0.0,2525.6  Checking overlaps for volume sol6:0 (G4Tubs) ... OK! 
BLCMDsolenoid::Construct sol6 parent= relZ=2934.4 globZ=2934.4
	global pos=0.0,0.0,2934.4  Checking overlaps for volume sol4:0 (G4Tubs) ... OK! 
BLCMDsolenoid::Construct sol4 parent= relZ=2986.9 globZ=2986.9
	global pos=0.0,0.0,2986.9  Checking overlaps for volume sol2:0 (G4Tubs) ... OK! 
BLCMDsolenoid::Construct sol2 parent= relZ=3041.9 globZ=3041.9
	global pos=0.0,0.0,3041.9  Checking overlaps for volume sol1:0 (G4Tubs) ... OK! 
BLCMDsolenoid::Construct sol1 parent= relZ=3198.1 globZ=3198.1
	global pos=0.0,0.0,3198.1  Checking overlaps for volume sol3:0 (G4Tubs) ... OK! 
BLCMDsolenoid::Construct sol3 parent= relZ=3253.1 globZ=3253.1
	global pos=0.0,0.0,3253.1  Checking overlaps for volume sol5:0 (G4Tubs) ... OK! 
BLCMDsolenoid::Construct sol5 parent= relZ=3305.6 globZ=3305.6
	global pos=0.0,0.0,3305.6  Checking overlaps for volume sol6:0 (G4Tubs) ... OK! 
BLCMDsolenoid::Construct sol6 parent= relZ=3714.4 globZ=3714.4
	global pos=0.0,0.0,3714.4  Checking overlaps for volume sol4:0 (G4Tubs) ... OK! 
BLCMDsolenoid::Construct sol4 parent= relZ=3766.9 globZ=3766.9
	global pos=0.0,0.0,3766.9  Checking overlaps for volume sol2:0 (G4Tubs) ... OK! 
BLCMDsolenoid::Construct sol2 parent= relZ=3821.9 globZ=3821.9
	global pos=0.0,0.0,3821.9  Checking overlaps for volume sol1:0 (G4Tubs) ... OK! 
BLCMDsolenoid::Construct sol1 parent= relZ=3978.1 globZ=3978.1
	global pos=0.0,0.0,3978.1  Checking overlaps for volume sol3:0 (G4Tubs) ... OK! 
BLCMDsolenoid::Construct sol3 parent= relZ=4033.1 globZ=4033.1
	global pos=0.0,0.0,4033.1  Checking overlaps for volume sol5:0 (G4Tubs) ... OK! 
BLCMDsolenoid::Construct sol5 parent= relZ=4085.6 globZ=4085.6
	global pos=0.0,0.0,4085.6  Checking overlaps for volume sol6:0 (G4Tubs) ... OK! 
BLCMDsolenoid::Construct sol6 parent= relZ=4494.4 globZ=4494.4
	global pos=0.0,0.0,4494.4  Checking overlaps for volume sol4:0 (G4Tubs) ... OK! 
BLCMDsolenoid::Construct sol4 parent= relZ=4546.9 globZ=4546.9
	global pos=0.0,0.0,4546.9  Checking overlaps for volume sol2:0 (G4Tubs) ... OK! 
BLCMDsolenoid::Construct sol2 parent= relZ=4601.9 globZ=4601.9
	global pos=0.0,0.0,4601.9  Checking overlaps for volume sol1:0 (G4Tubs) ... OK! 
BLCMDsolenoid::Construct sol1 parent= relZ=4758.1 globZ=4758.1
	global pos=0.0,0.0,4758.1  Checking overlaps for volume sol3:0 (G4Tubs) ... OK! 
BLCMDsolenoid::Construct sol3 parent= relZ=4813.1 globZ=4813.1
	global pos=0.0,0.0,4813.1  Checking overlaps for volume sol5:0 (G4Tubs) ... OK! 
BLCMDsolenoid::Construct sol5 parent= relZ=4865.6 globZ=4865.6
	global pos=0.0,0.0,4865.6  Checking overlaps for volume sol6:0 (G4Tubs) ... OK! 
BLCMDsolenoid::Construct sol6 parent= relZ=5274.4 globZ=5274.4
	global pos=0.0,0.0,5274.4  Checking overlaps for volume sol4:0 (G4Tubs) ... OK! 
BLCMDsolenoid::Construct sol4 parent= relZ=5326.9 globZ=5326.9
	global pos=0.0,0.0,5326.9  Checking overlaps for volume sol2:0 (G4Tubs) ... OK! 
BLCMDsolenoid::Construct sol2 parent= relZ=5381.9 globZ=5381.9
	global pos=0.0,0.0,5381.9  Checking overlaps for volume sol1:0 (G4Tubs) ... OK! 
BLCMDsolenoid::Construct sol1 parent= relZ=5538.1 globZ=5538.1
	global pos=0.0,0.0,5538.1  Checking overlaps for volume sol3:0 (G4Tubs) ... OK! 
BLCMDsolenoid::Construct sol3 parent= relZ=5593.1 globZ=5593.1
	global pos=0.0,0.0,5593.1  Checking overlaps for volume sol5:0 (G4Tubs) ... OK! 
BLCMDsolenoid::Construct sol5 parent= relZ=5645.6 globZ=5645.6
	global pos=0.0,0.0,5645.6  Checking overlaps for volume sol6:0 (G4Tubs) ... OK! 
BLCMDsolenoid::Construct sol6 parent= relZ=6054.4 globZ=6054.4
	global pos=0.0,0.0,6054.4  Checking overlaps for volume sol4:0 (G4Tubs) ... OK! 
BLCMDsolenoid::Construct sol4 parent= relZ=6106.9 globZ=6106.9
	global pos=0.0,0.0,6106.9  Checking overlaps for volume sol2:0 (G4Tubs) ... OK! 
BLCMDsolenoid::Construct sol2 parent= relZ=6161.9 globZ=6161.9
	global pos=0.0,0.0,6161.9  Checking overlaps for volume sol1:0 (G4Tubs) ... OK! 
BLCMDsolenoid::Construct sol1 parent= relZ=6318.1 globZ=6318.1
	global pos=0.0,0.0,6318.1  Checking overlaps for volume sol3:0 (G4Tubs) ... OK! 
BLCMDsolenoid::Construct sol3 parent= relZ=6373.1 globZ=6373.1
	global pos=0.0,0.0,6373.1  Checking overlaps for volume sol5:0 (G4Tubs) ... OK! 
BLCMDsolenoid::Construct sol5 parent= relZ=6425.6 globZ=6425.6
	global pos=0.0,0.0,6425.6  Checking overlaps for volume sol6:0 (G4Tubs) ... OK! 
BLCMDsolenoid::Construct sol6 parent= relZ=6834.4 globZ=6834.4
	global pos=0.0,0.0,6834.4  Checking overlaps for volume sol4:0 (G4Tubs) ... OK! 
BLCMDsolenoid::Construct sol4 parent= relZ=6886.9 globZ=6886.9
	global pos=0.0,0.0,6886.9  Checking overlaps for volume sol2:0 (G4Tubs) ... OK! 
BLCMDsolenoid::Construct sol2 parent= relZ=6941.9 globZ=6941.9
	global pos=0.0,0.0,6941.9  Checking overlaps for volume sol1:0 (G4Tubs) ... OK! 
BLCMDsolenoid::Construct sol1 parent= relZ=7098.1 globZ=7098.1
	global pos=0.0,0.0,7098.1  Checking overlaps for volume sol3:0 (G4Tubs) ... OK! 
BLCMDsolenoid::Construct sol3 parent= relZ=7153.1 globZ=7153.1
	global pos=0.0,0.0,7153.1  Checking overlaps for volume sol5:0 (G4Tubs) ... OK! 
BLCMDsolenoid::Construct sol5 parent= relZ=7205.6 globZ=7205.6
	global pos=0.0,0.0,7205.6  Checking overlaps for volume sol6:0 (G4Tubs) ... OK! 
BLCMDsolenoid::Construct sol6 parent= relZ=7614.4 globZ=7614.4
	global pos=0.0,0.0,7614.4  Checking overlaps for volume sol4:0 (G4Tubs) ... OK! 
BLCMDsolenoid::Construct sol4 parent= relZ=7666.9 globZ=7666.9
	global pos=0.0,0.0,7666.9  Checking overlaps for volume sol2:0 (G4Tubs) ... OK! 
BLCMDsolenoid::Construct sol2 parent= relZ=7721.9 globZ=7721.9
	global pos=0.0,0.0,7721.9  Checking overlaps for volume sol1:0 (G4Tubs) ... OK! 
BLCMDsolenoid::Construct sol1 parent= relZ=7878.1 globZ=7878.1
	global pos=0.0,0.0,7878.1  Checking overlaps for volume sol3:0 (G4Tubs) ... OK! 
BLCMDsolenoid::Construct sol3 parent= relZ=7933.1 globZ=7933.1
	global pos=0.0,0.0,7933.1  Checking overlaps for volume sol5:0 (G4Tubs) ... OK! 
BLCMDsolenoid::Construct sol5 parent= relZ=7985.6 globZ=7985.6
	global pos=0.0,0.0,7985.6  Checking overlaps for volume sol6:0 (G4Tubs) ... OK! 
BLCMDsolenoid::Construct sol6 parent= relZ=8394.4 globZ=8394.4
	global pos=0.0,0.0,8394.4  Checking overlaps for volume sol4:0 (G4Tubs) ... OK! 
BLCMDsolenoid::Construct sol4 parent= relZ=8446.9 globZ=8446.9
	global pos=0.0,0.0,8446.9  Checking overlaps for volume sol2:0 (G4Tubs) ... OK! 
BLCMDsolenoid::Construct sol2 parent= relZ=8501.9 globZ=8501.9
	global pos=0.0,0.0,8501.9  Checking overlaps for volume sol1:0 (G4Tubs) ... OK! 
BLCMDsolenoid::Construct sol1 parent= relZ=8658.1 globZ=8658.1
	global pos=0.0,0.0,8658.1  Checking overlaps for volume sol3:0 (G4Tubs) ... OK! 
BLCMDsolenoid::Construct sol3 parent= relZ=8713.1 globZ=8713.1
	global pos=0.0,0.0,8713.1  Checking overlaps for volume sol5:0 (G4Tubs) ... OK! 
BLCMDsolenoid::Construct sol5 parent= relZ=8765.6 globZ=8765.6
	global pos=0.0,0.0,8765.6  Checking overlaps for volume sol6:0 (G4Tubs) ... OK! 
BLCMDsolenoid::Construct sol6 parent= relZ=9174.4 globZ=9174.4
	global pos=0.0,0.0,9174.4  Checking overlaps for volume sol4:0 (G4Tubs) ... OK! 
BLCMDsolenoid::Construct sol4 parent= relZ=9226.9 globZ=9226.9
	global pos=0.0,0.0,9226.9  Checking overlaps for volume sol2:0 (G4Tubs) ... OK! 
BLCMDsolenoid::Construct sol2 parent= relZ=9281.9 globZ=9281.9
	global pos=0.0,0.0,9281.9  Checking overlaps for volume sol1:0 (G4Tubs) ... OK! 
BLCMDsolenoid::Construct sol1 parent= relZ=9438.1 globZ=9438.1
	global pos=0.0,0.0,9438.1  Checking overlaps for volume sol3:0 (G4Tubs) ... OK! 
BLCMDsolenoid::Construct sol3 parent= relZ=9493.1 globZ=9493.1
	global pos=0.0,0.0,9493.1  Checking overlaps for volume sol5:0 (G4Tubs) ... OK! 
BLCMDsolenoid::Construct sol5 parent= relZ=9545.6 globZ=9545.6
	global pos=0.0,0.0,9545.6  Checking overlaps for volume sol6:0 (G4Tubs) ... OK! 
BLCMDsolenoid::Construct sol6 parent= relZ=9954.4 globZ=9954.4
	global pos=0.0,0.0,9954.4  Checking overlaps for volume sol4:0 (G4Tubs) ... OK! 
BLCMDsolenoid::Construct sol4 parent= relZ=10006.9 globZ=10006.9
	global pos=0.0,0.0,10006.9  Checking overlaps for volume sol2:0 (G4Tubs) ... OK! 
BLCMDsolenoid::Construct sol2 parent= relZ=10061.9 globZ=10061.9
	global pos=0.0,0.0,10061.9  Checking overlaps for volume sol1:0 (G4Tubs) ... OK! 
BLCMDsolenoid::Construct sol1 parent= relZ=10218.1 globZ=10218.1
	global pos=0.0,0.0,10218.1  Checking overlaps for volume sol3:0 (G4Tubs) ... OK! 
BLCMDsolenoid::Construct sol3 parent= relZ=10273.1 globZ=10273.1
	global pos=0.0,0.0,10273.1  Checking overlaps for volume sol5:0 (G4Tubs) ... OK! 
BLCMDsolenoid::Construct sol5 parent= relZ=10325.6 globZ=10325.6
	global pos=0.0,0.0,10325.6  Checking overlaps for volume sol6:0 (G4Tubs) ... OK! 
BLCMDsolenoid::Construct sol6 parent= relZ=10734.4 globZ=10734.4
	global pos=0.0,0.0,10734.4  Checking overlaps for volume sol4:0 (G4Tubs) ... OK! 
BLCMDsolenoid::Construct sol4 parent= relZ=10786.9 globZ=10786.9
	global pos=0.0,0.0,10786.9  Checking overlaps for volume sol2:0 (G4Tubs) ... OK! 
BLCMDsolenoid::Construct sol2 parent= relZ=10841.9 globZ=10841.9
	global pos=0.0,0.0,10841.9  Checking overlaps for volume sol1:0 (G4Tubs) ... OK! 
BLCMDsolenoid::Construct sol1 parent= relZ=10998.1 globZ=10998.1
	global pos=0.0,0.0,10998.1  Checking overlaps for volume sol3:0 (G4Tubs) ... OK! 
BLCMDsolenoid::Construct sol3 parent= relZ=11053.1 globZ=11053.1
	global pos=0.0,0.0,11053.1  Checking overlaps for volume sol5:0 (G4Tubs) ... OK! 
BLCMDsolenoid::Construct sol5 parent= relZ=11105.6 globZ=11105.6
	global pos=0.0,0.0,11105.6  Checking overlaps for volume sol6:0 (G4Tubs) ... OK! 
BLCMDsolenoid::Construct sol6 parent= relZ=11514.4 globZ=11514.4
	global pos=0.0,0.0,11514.4  Checking overlaps for volume sol4:0 (G4Tubs) ... OK! 
BLCMDsolenoid::Construct sol4 parent= relZ=11566.9 globZ=11566.9
	global pos=0.0,0.0,11566.9  Checking overlaps for volume sol2:0 (G4Tubs) ... OK! 
BLCMDsolenoid::Construct sol2 parent= relZ=11621.9 globZ=11621.9
	global pos=0.0,0.0,11621.9  Checking overlaps for volume sol1:0 (G4Tubs) ... OK! 
BLCMDsolenoid::Construct sol1 parent= relZ=11778.1 globZ=11778.1
	global pos=0.0,0.0,11778.1  Checking overlaps for volume sol3:0 (G4Tubs) ... OK! 
BLCMDsolenoid::Construct sol3 parent= relZ=11833.1 globZ=11833.1
	global pos=0.0,0.0,11833.1  Checking overlaps for volume sol5:0 (G4Tubs) ... OK! 
BLCMDsolenoid::Construct sol5 parent= relZ=11885.6 globZ=11885.6
	global pos=0.0,0.0,11885.6  Checking overlaps for volume sol6:0 (G4Tubs) ... OK! 
BLCMDsolenoid::Construct sol6 parent= relZ=12294.4 globZ=12294.4
	global pos=0.0,0.0,12294.4  Checking overlaps for volume sol4:0 (G4Tubs) ... OK! 
BLCMDsolenoid::Construct sol4 parent= relZ=12346.9 globZ=12346.9
	global pos=0.0,0.0,12346.9  Checking overlaps for volume sol2:0 (G4Tubs) ... OK! 
BLCMDsolenoid::Construct sol2 parent= relZ=12401.9 globZ=12401.9
	global pos=0.0,0.0,12401.9  Checking overlaps for volume sol1:0 (G4Tubs) ... OK! 
BLCMDsolenoid::Construct sol1 parent= relZ=12558.1 globZ=12558.1
	global pos=0.0,0.0,12558.1  Checking overlaps for volume sol3:0 (G4Tubs) ... OK! 
BLCMDsolenoid::Construct sol3 parent= relZ=12613.1 globZ=12613.1
	global pos=0.0,0.0,12613.1  Checking overlaps for volume sol5:0 (G4Tubs) ... OK! 
BLCMDsolenoid::Construct sol5 parent= relZ=12665.6 globZ=12665.6
	global pos=0.0,0.0,12665.6  Checking overlaps for volume sol6:0 (G4Tubs) ... OK! 
BLCMDsolenoid::Construct sol6 parent= relZ=13074.4 globZ=13074.4
	global pos=0.0,0.0,13074.4  Checking overlaps for volume sol4:0 (G4Tubs) ... OK! 
BLCMDsolenoid::Construct sol4 parent= relZ=13126.9 globZ=13126.9
	global pos=0.0,0.0,13126.9  Checking overlaps for volume sol2:0 (G4Tubs) ... OK! 
BLCMDsolenoid::Construct sol2 parent= relZ=13181.9 globZ=13181.9
	global pos=0.0,0.0,13181.9  Checking overlaps for volume sol1:0 (G4Tubs) ... OK! 
BLCMDsolenoid::Construct sol1 parent= relZ=13338.1 globZ=13338.1
	global pos=0.0,0.0,13338.1  Checking overlaps for volume sol3:0 (G4Tubs) ... OK! 
BLCMDsolenoid::Construct sol3 parent= relZ=13393.1 globZ=13393.1
	global pos=0.0,0.0,13393.1  Checking overlaps for volume sol5:0 (G4Tubs) ... OK! 
BLCMDsolenoid::Construct sol5 parent= relZ=13445.6 globZ=13445.6
	global pos=0.0,0.0,13445.6  Checking overlaps for volume sol6:0 (G4Tubs) ... OK! 
BLCMDsolenoid::Construct sol6 parent= relZ=13854.4 globZ=13854.4
	global pos=0.0,0.0,13854.4  Checking overlaps for volume sol4:0 (G4Tubs) ... OK! 
BLCMDsolenoid::Construct sol4 parent= relZ=13906.9 globZ=13906.9
	global pos=0.0,0.0,13906.9  Checking overlaps for volume sol2:0 (G4Tubs) ... OK! 
BLCMDsolenoid::Construct sol2 parent= relZ=13961.9 globZ=13961.9
	global pos=0.0,0.0,13961.9  Checking overlaps for volume sol1:0 (G4Tubs) ... OK! 
BLCMDsolenoid::Construct sol1 parent= relZ=14118.1 globZ=14118.1
	global pos=0.0,0.0,14118.1  Checking overlaps for volume sol3:0 (G4Tubs) ... OK! 
BLCMDsolenoid::Construct sol3 parent= relZ=14173.1 globZ=14173.1
	global pos=0.0,0.0,14173.1  Checking overlaps for volume sol5:0 (G4Tubs) ... OK! 
BLCMDsolenoid::Construct sol5 parent= relZ=14225.6 globZ=14225.6
	global pos=0.0,0.0,14225.6  Checking overlaps for volume sol6:0 (G4Tubs) ... OK! 
BLCMDsolenoid::Construct sol6 parent= relZ=14634.4 globZ=14634.4
	global pos=0.0,0.0,14634.4  Checking overlaps for volume sol4:0 (G4Tubs) ... OK! 
BLCMDsolenoid::Construct sol4 parent= relZ=14686.9 globZ=14686.9
	global pos=0.0,0.0,14686.9  Checking overlaps for volume sol2:0 (G4Tubs) ... OK! 
BLCMDsolenoid::Construct sol2 parent= relZ=14741.9 globZ=14741.9
	global pos=0.0,0.0,14741.9  Checking overlaps for volume sol1:0 (G4Tubs) ... OK! 
BLCMDsolenoid::Construct sol1 parent= relZ=14898.1 globZ=14898.1
	global pos=0.0,0.0,14898.1  Checking overlaps for volume sol3:0 (G4Tubs) ... OK! 
BLCMDsolenoid::Construct sol3 parent= relZ=14953.1 globZ=14953.1
	global pos=0.0,0.0,14953.1  Checking overlaps for volume sol5:0 (G4Tubs) ... OK! 
BLCMDsolenoid::Construct sol5 parent= relZ=15005.6 globZ=15005.6
	global pos=0.0,0.0,15005.6  Checking overlaps for volume sol6:0 (G4Tubs) ... OK! 
BLCMDsolenoid::Construct sol6 parent= relZ=15414.4 globZ=15414.4
	global pos=0.0,0.0,15414.4  Checking overlaps for volume sol4:0 (G4Tubs) ... OK! 
BLCMDsolenoid::Construct sol4 parent= relZ=15466.9 globZ=15466.9
	global pos=0.0,0.0,15466.9  Checking overlaps for volume sol2:0 (G4Tubs) ... OK! 
BLCMDsolenoid::Construct sol2 parent= relZ=15521.9 globZ=15521.9
	global pos=0.0,0.0,15521.9  Checking overlaps for volume sol1:0 (G4Tubs) ... OK! 
BLCMDsolenoid::Construct sol1 parent= relZ=15678.1 globZ=15678.1
	global pos=0.0,0.0,15678.1  Checking overlaps for volume sol3:0 (G4Tubs) ... OK! 
BLCMDsolenoid::Construct sol3 parent= relZ=15733.1 globZ=15733.1
	global pos=0.0,0.0,15733.1  Checking overlaps for volume sol5:0 (G4Tubs) ... OK! 
BLCMDsolenoid::Construct sol5 parent= relZ=15785.6 globZ=15785.6
	global pos=0.0,0.0,15785.6  Checking overlaps for volume sol6:0 (G4Tubs) ... OK! 
BLCMDsolenoid::Construct sol6 parent= relZ=16194.4 globZ=16194.4
	global pos=0.0,0.0,16194.4  Checking overlaps for volume sol4:0 (G4Tubs) ... OK! 
BLCMDsolenoid::Construct sol4 parent= relZ=16246.9 globZ=16246.9
	global pos=0.0,0.0,16246.9  Checking overlaps for volume sol2:0 (G4Tubs) ... OK! 
BLCMDsolenoid::Construct sol2 parent= relZ=16301.9 globZ=16301.9
	global pos=0.0,0.0,16301.9  Checking overlaps for volume sol1:0 (G4Tubs) ... OK! 
BLCMDsolenoid::Construct sol1 parent= relZ=16458.1 globZ=16458.1
	global pos=0.0,0.0,16458.1  Checking overlaps for volume sol3:0 (G4Tubs) ... OK! 
BLCMDsolenoid::Construct sol3 parent= relZ=16513.1 globZ=16513.1
	global pos=0.0,0.0,16513.1  Checking overlaps for volume sol5:0 (G4Tubs) ... OK! 
BLCMDsolenoid::Construct sol5 parent= relZ=16565.6 globZ=16565.6
	global pos=0.0,0.0,16565.6  Checking overlaps for volume sol6:0 (G4Tubs) ... OK! 
BLCMDsolenoid::Construct sol6 parent= relZ=16974.4 globZ=16974.4
	global pos=0.0,0.0,16974.4  Checking overlaps for volume sol4:0 (G4Tubs) ... OK! 
BLCMDsolenoid::Construct sol4 parent= relZ=17026.9 globZ=17026.9
	global pos=0.0,0.0,17026.9  Checking overlaps for volume sol2:0 (G4Tubs) ... OK! 
BLCMDsolenoid::Construct sol2 parent= relZ=17081.9 globZ=17081.9
	global pos=0.0,0.0,17081.9  Checking overlaps for volume sol1:0 (G4Tubs) ... OK! 
BLCMDsolenoid::Construct sol1 parent= relZ=17238.1 globZ=17238.1
	global pos=0.0,0.0,17238.1  Checking overlaps for volume sol3:0 (G4Tubs) ... OK! 
BLCMDsolenoid::Construct sol3 parent= relZ=17293.1 globZ=17293.1
	global pos=0.0,0.0,17293.1  Checking overlaps for volume sol5:0 (G4Tubs) ... OK! 
BLCMDsolenoid::Construct sol5 parent= relZ=17345.6 globZ=17345.6
	global pos=0.0,0.0,17345.6  Checking overlaps for volume sol6:0 (G4Tubs) ... OK! 
BLCMDsolenoid::Construct sol6 parent= relZ=17754.4 globZ=17754.4
	global pos=0.0,0.0,17754.4  Checking overlaps for volume sol4:0 (G4Tubs) ... OK! 
BLCMDsolenoid::Construct sol4 parent= relZ=17806.9 globZ=17806.9
	global pos=0.0,0.0,17806.9  Checking overlaps for volume sol2:0 (G4Tubs) ... OK! 
BLCMDsolenoid::Construct sol2 parent= relZ=17861.9 globZ=17861.9
	global pos=0.0,0.0,17861.9  Checking overlaps for volume sol1:0 (G4Tubs) ... OK! 
BLCMDsolenoid::Construct sol1 parent= relZ=18018.1 globZ=18018.1
	global pos=0.0,0.0,18018.1  Checking overlaps for volume sol3:0 (G4Tubs) ... OK! 
BLCMDsolenoid::Construct sol3 parent= relZ=18073.1 globZ=18073.1
	global pos=0.0,0.0,18073.1  Checking overlaps for volume sol5:0 (G4Tubs) ... OK! 
BLCMDsolenoid::Construct sol5 parent= relZ=18125.6 globZ=18125.6
	global pos=0.0,0.0,18125.6  Checking overlaps for volume sol6:0 (G4Tubs) ... OK! 
BLCMDsolenoid::Construct sol6 parent= relZ=18534.4 globZ=18534.4
	global pos=0.0,0.0,18534.4  Checking overlaps for volume sol4:0 (G4Tubs) ... OK! 
BLCMDsolenoid::Construct sol4 parent= relZ=18586.9 globZ=18586.9
	global pos=0.0,0.0,18586.9  Checking overlaps for volume sol2:0 (G4Tubs) ... OK! 
BLCMDsolenoid::Construct sol2 parent= relZ=18641.9 globZ=18641.9
	global pos=0.0,0.0,18641.9  Checking overlaps for volume sol1:0 (G4Tubs) ... OK! 
BLCMDsolenoid::Construct sol1 parent= relZ=18798.1 globZ=18798.1
	global pos=0.0,0.0,18798.1  Checking overlaps for volume sol3:0 (G4Tubs) ... OK! 
BLCMDsolenoid::Construct sol3 parent= relZ=18853.1 globZ=18853.1
	global pos=0.0,0.0,18853.1  Checking overlaps for volume sol5:0 (G4Tubs) ... OK! 
BLCMDsolenoid::Construct sol5 parent= relZ=18905.6 globZ=18905.6
	global pos=0.0,0.0,18905.6  Checking overlaps for volume sol6:0 (G4Tubs) ... OK! 
BLCMDsolenoid::Construct sol6 parent= relZ=19314.4 globZ=19314.4
	global pos=0.0,0.0,19314.4  Checking overlaps for volume sol4:0 (G4Tubs) ... OK! 
BLCMDsolenoid::Construct sol4 parent= relZ=19366.9 globZ=19366.9
	global pos=0.0,0.0,19366.9  Checking overlaps for volume sol2:0 (G4Tubs) ... OK! 
BLCMDsolenoid::Construct sol2 parent= relZ=19421.9 globZ=19421.9
	global pos=0.0,0.0,19421.9  Checking overlaps for volume sol1:0 (G4Tubs) ... OK! 
BLCMDsolenoid::Construct sol1 parent= relZ=19578.1 globZ=19578.1
	global pos=0.0,0.0,19578.1  Checking overlaps for volume sol3:0 (G4Tubs) ... OK! 
BLCMDsolenoid::Construct sol3 parent= relZ=19633.1 globZ=19633.1
	global pos=0.0,0.0,19633.1  Checking overlaps for volume sol5:0 (G4Tubs) ... OK! 
BLCMDsolenoid::Construct sol5 parent= relZ=19685.6 globZ=19685.6
	global pos=0.0,0.0,19685.6  Checking overlaps for volume sol6:0 (G4Tubs) ... OK! 
BLCMDsolenoid::Construct sol6 parent= relZ=20094.4 globZ=20094.4
	global pos=0.0,0.0,20094.4  Checking overlaps for volume sol4:0 (G4Tubs) ... OK! 
BLCMDsolenoid::Construct sol4 parent= relZ=20146.9 globZ=20146.9
	global pos=0.0,0.0,20146.9  Checking overlaps for volume sol2:0 (G4Tubs) ... OK! 
BLCMDsolenoid::Construct sol2 parent= relZ=20201.9 globZ=20201.9
	global pos=0.0,0.0,20201.9  Checking overlaps for volume sol1:0 (G4Tubs) ... OK! 
BLCMDsolenoid::Construct sol1 parent= relZ=20358.1 globZ=20358.1
	global pos=0.0,0.0,20358.1  Checking overlaps for volume sol3:0 (G4Tubs) ... OK! 
BLCMDsolenoid::Construct sol3 parent= relZ=20413.1 globZ=20413.1
	global pos=0.0,0.0,20413.1  Checking overlaps for volume sol5:0 (G4Tubs) ... OK! 
BLCMDsolenoid::Construct sol5 parent= relZ=20465.6 globZ=20465.6
	global pos=0.0,0.0,20465.6  Checking overlaps for volume sol6:0 (G4Tubs) ... OK! 
BLCMDsolenoid::Construct sol6 parent= relZ=20874.4 globZ=20874.4
	global pos=0.0,0.0,20874.4  Checking overlaps for volume sol4:0 (G4Tubs) ... OK! 
BLCMDsolenoid::Construct sol4 parent= relZ=20926.9 globZ=20926.9
	global pos=0.0,0.0,20926.9  Checking overlaps for volume sol2:0 (G4Tubs) ... OK! 
BLCMDsolenoid::Construct sol2 parent= relZ=20981.9 globZ=20981.9
	global pos=0.0,0.0,20981.9  Checking overlaps for volume sol1:0 (G4Tubs) ... OK! 
BLCMDsolenoid::Construct sol1 parent= relZ=21138.1 globZ=21138.1
	global pos=0.0,0.0,21138.1  Checking overlaps for volume sol3:0 (G4Tubs) ... OK! 
BLCMDsolenoid::Construct sol3 parent= relZ=21193.1 globZ=21193.1
	global pos=0.0,0.0,21193.1  Checking overlaps for volume sol5:0 (G4Tubs) ... OK! 
BLCMDsolenoid::Construct sol5 parent= relZ=21245.6 globZ=21245.6
	global pos=0.0,0.0,21245.6  Checking overlaps for volume sol6:0 (G4Tubs) ... OK! 
BLCMDsolenoid::Construct sol6 parent= relZ=21654.4 globZ=21654.4
	global pos=0.0,0.0,21654.4  Checking overlaps for volume sol4:0 (G4Tubs) ... OK! 
BLCMDsolenoid::Construct sol4 parent= relZ=21706.9 globZ=21706.9
	global pos=0.0,0.0,21706.9  Checking overlaps for volume sol2:0 (G4Tubs) ... OK! 
BLCMDsolenoid::Construct sol2 parent= relZ=21761.9 globZ=21761.9
	global pos=0.0,0.0,21761.9  Checking overlaps for volume sol1:0 (G4Tubs) ... OK! 
BLCMDsolenoid::Construct sol1 parent= relZ=21918.1 globZ=21918.1
	global pos=0.0,0.0,21918.1  Checking overlaps for volume sol3:0 (G4Tubs) ... OK! 
BLCMDsolenoid::Construct sol3 parent= relZ=21973.1 globZ=21973.1
	global pos=0.0,0.0,21973.1  Checking overlaps for volume sol5:0 (G4Tubs) ... OK! 
BLCMDsolenoid::Construct sol5 parent= relZ=22025.6 globZ=22025.6
	global pos=0.0,0.0,22025.6  Checking overlaps for volume sol6:0 (G4Tubs) ... OK! 
BLCMDsolenoid::Construct sol6 parent= relZ=22434.4 globZ=22434.4
	global pos=0.0,0.0,22434.4  Checking overlaps for volume sol4:0 (G4Tubs) ... OK! 
BLCMDsolenoid::Construct sol4 parent= relZ=22486.9 globZ=22486.9
	global pos=0.0,0.0,22486.9  Checking overlaps for volume sol2:0 (G4Tubs) ... OK! 
BLCMDsolenoid::Construct sol2 parent= relZ=22541.9 globZ=22541.9
	global pos=0.0,0.0,22541.9  Checking overlaps for volume sol1:0 (G4Tubs) ... OK! 
BLCMDsolenoid::Construct sol1 parent= relZ=22698.1 globZ=22698.1
	global pos=0.0,0.0,22698.1  Checking overlaps for volume sol3:0 (G4Tubs) ... OK! 
BLCMDsolenoid::Construct sol3 parent= relZ=22753.1 globZ=22753.1
	global pos=0.0,0.0,22753.1  Checking overlaps for volume sol5:0 (G4Tubs) ... OK! 
BLCMDsolenoid::Construct sol5 parent= relZ=22805.6 globZ=22805.6
	global pos=0.0,0.0,22805.6  Checking overlaps for volume sol6:0 (G4Tubs) ... OK! 
BLCMDsolenoid::Construct sol6 parent= relZ=23214.4 globZ=23214.4
	global pos=0.0,0.0,23214.4  Checking overlaps for volume sol4:0 (G4Tubs) ... OK! 
BLCMDsolenoid::Construct sol4 parent= relZ=23266.9 globZ=23266.9
	global pos=0.0,0.0,23266.9  Checking overlaps for volume sol2:0 (G4Tubs) ... OK! 
BLCMDsolenoid::Construct sol2 parent= relZ=23321.9 globZ=23321.9
	global pos=0.0,0.0,23321.9  Checking overlaps for volume sol1:0 (G4Tubs) ... OK! 
BLCMDsolenoid::Construct sol1 parent= relZ=23478.1 globZ=23478.1
	global pos=0.0,0.0,23478.1  Checking overlaps for volume sol3:0 (G4Tubs) ... OK! 
BLCMDsolenoid::Construct sol3 parent= relZ=23533.1 globZ=23533.1
	global pos=0.0,0.0,23533.1  Checking overlaps for volume sol5:0 (G4Tubs) ... OK! 
BLCMDsolenoid::Construct sol5 parent= relZ=23585.6 globZ=23585.6
	global pos=0.0,0.0,23585.6  Checking overlaps for volume sol6:0 (G4Tubs) ... OK! 
BLCMDsolenoid::Construct sol6 parent= relZ=23994.4 globZ=23994.4
	global pos=0.0,0.0,23994.4  Checking overlaps for volume sol4:0 (G4Tubs) ... OK! 
BLCMDsolenoid::Construct sol4 parent= relZ=24046.9 globZ=24046.9
	global pos=0.0,0.0,24046.9  Checking overlaps for volume sol2:0 (G4Tubs) ... OK! 
BLCMDsolenoid::Construct sol2 parent= relZ=24101.9 globZ=24101.9
	global pos=0.0,0.0,24101.9  Checking overlaps for volume sol1:0 (G4Tubs) ... OK! 
BLCMDsolenoid::Construct sol1 parent= relZ=24258.1 globZ=24258.1
	global pos=0.0,0.0,24258.1  Checking overlaps for volume sol3:0 (G4Tubs) ... OK! 
BLCMDsolenoid::Construct sol3 parent= relZ=24313.1 globZ=24313.1
	global pos=0.0,0.0,24313.1  Checking overlaps for volume sol5:0 (G4Tubs) ... OK! 
BLCMDsolenoid::Construct sol5 parent= relZ=24365.6 globZ=24365.6
	global pos=0.0,0.0,24365.6  Checking overlaps for volume sol6:0 (G4Tubs) ... OK! 
BLCMDsolenoid::Construct sol6 parent= relZ=24774.4 globZ=24774.4
	global pos=0.0,0.0,24774.4  Checking overlaps for volume sol4:0 (G4Tubs) ... OK! 
BLCMDsolenoid::Construct sol4 parent= relZ=24826.9 globZ=24826.9
	global pos=0.0,0.0,24826.9  Checking overlaps for volume sol2:0 (G4Tubs) ... OK! 
BLCMDsolenoid::Construct sol2 parent= relZ=24881.9 globZ=24881.9
	global pos=0.0,0.0,24881.9  Checking overlaps for volume sol1:0 (G4Tubs) ... OK! 
BLCMDsolenoid::Construct sol1 parent= relZ=25038.1 globZ=25038.1
	global pos=0.0,0.0,25038.1  Checking overlaps for volume sol3:0 (G4Tubs) ... OK! 
BLCMDsolenoid::Construct sol3 parent= relZ=25093.1 globZ=25093.1
	global pos=0.0,0.0,25093.1  Checking overlaps for volume sol5:0 (G4Tubs) ... OK! 
BLCMDsolenoid::Construct sol5 parent= relZ=25145.6 globZ=25145.6
	global pos=0.0,0.0,25145.6  Checking overlaps for volume sol6:0 (G4Tubs) ... OK! 
BLCMDsolenoid::Construct sol6 parent= relZ=25554.4 globZ=25554.4
	global pos=0.0,0.0,25554.4  Checking overlaps for volume sol4:0 (G4Tubs) ... OK! 
BLCMDsolenoid::Construct sol4 parent= relZ=25606.9 globZ=25606.9
	global pos=0.0,0.0,25606.9  Checking overlaps for volume sol2:0 (G4Tubs) ... OK! 
BLCMDsolenoid::Construct sol2 parent= relZ=25661.9 globZ=25661.9
	global pos=0.0,0.0,25661.9  Checking overlaps for volume sol1:0 (G4Tubs) ... OK! 
BLCMDsolenoid::Construct sol1 parent= relZ=25818.1 globZ=25818.1
	global pos=0.0,0.0,25818.1  Checking overlaps for volume sol3:0 (G4Tubs) ... OK! 
BLCMDsolenoid::Construct sol3 parent= relZ=25873.1 globZ=25873.1
	global pos=0.0,0.0,25873.1  Checking overlaps for volume sol5:0 (G4Tubs) ... OK! 
BLCMDsolenoid::Construct sol5 parent= relZ=25925.6 globZ=25925.6
	global pos=0.0,0.0,25925.6  Checking overlaps for volume sol6:0 (G4Tubs) ... OK! 
BLCMDsolenoid::Construct sol6 parent= relZ=26334.4 globZ=26334.4
	global pos=0.0,0.0,26334.4  Checking overlaps for volume sol4:0 (G4Tubs) ... OK! 
BLCMDsolenoid::Construct sol4 parent= relZ=26386.9 globZ=26386.9
	global pos=0.0,0.0,26386.9  Checking overlaps for volume sol2:0 (G4Tubs) ... OK! 
BLCMDsolenoid::Construct sol2 parent= relZ=26441.9 globZ=26441.9
	global pos=0.0,0.0,26441.9  Checking overlaps for volume sol1:0 (G4Tubs) ... OK! 
BLCMDsolenoid::Construct sol1 parent= relZ=26598.1 globZ=26598.1
	global pos=0.0,0.0,26598.1  Checking overlaps for volume sol3:0 (G4Tubs) ... OK! 
BLCMDsolenoid::Construct sol3 parent= relZ=26653.1 globZ=26653.1
	global pos=0.0,0.0,26653.1  Checking overlaps for volume sol5:0 (G4Tubs) ... OK! 
BLCMDsolenoid::Construct sol5 parent= relZ=26705.6 globZ=26705.6
	global pos=0.0,0.0,26705.6  Checking overlaps for volume sol6:0 (G4Tubs) ... OK! 
BLCMDsolenoid::Construct sol6 parent= relZ=27114.4 globZ=27114.4
	global pos=0.0,0.0,27114.4  Checking overlaps for volume sol4:0 (G4Tubs) ... OK! 
BLCMDsolenoid::Construct sol4 parent= relZ=27166.9 globZ=27166.9
	global pos=0.0,0.0,27166.9  Checking overlaps for volume sol2:0 (G4Tubs) ... OK! 
BLCMDsolenoid::Construct sol2 parent= relZ=27221.9 globZ=27221.9
	global pos=0.0,0.0,27221.9  Checking overlaps for volume sol1:0 (G4Tubs) ... OK! 
BLCMDsolenoid::Construct sol1 parent= relZ=27378.1 globZ=27378.1
	global pos=0.0,0.0,27378.1  Checking overlaps for volume sol3:0 (G4Tubs) ... OK! 
BLCMDsolenoid::Construct sol3 parent= relZ=27433.1 globZ=27433.1
	global pos=0.0,0.0,27433.1  Checking overlaps for volume sol5:0 (G4Tubs) ... OK! 
BLCMDsolenoid::Construct sol5 parent= relZ=27485.6 globZ=27485.6
	global pos=0.0,0.0,27485.6  Checking overlaps for volume sol6:0 (G4Tubs) ... OK! 
BLCMDsolenoid::Construct sol6 parent= relZ=27894.4 globZ=27894.4
	global pos=0.0,0.0,27894.4  Checking overlaps for volume sol4:0 (G4Tubs) ... OK! 
BLCMDsolenoid::Construct sol4 parent= relZ=27946.9 globZ=27946.9
	global pos=0.0,0.0,27946.9  Checking overlaps for volume sol2:0 (G4Tubs) ... OK! 
BLCMDsolenoid::Construct sol2 parent= relZ=28001.9 globZ=28001.9
	global pos=0.0,0.0,28001.9  Checking overlaps for volume sol1:0 (G4Tubs) ... OK! 
BLCMDsolenoid::Construct sol1 parent= relZ=28158.1 globZ=28158.1
	global pos=0.0,0.0,28158.1  Checking overlaps for volume sol3:0 (G4Tubs) ... OK! 
BLCMDsolenoid::Construct sol3 parent= relZ=28213.1 globZ=28213.1
	global pos=0.0,0.0,28213.1  Checking overlaps for volume sol5:0 (G4Tubs) ... OK! 
BLCMDsolenoid::Construct sol5 parent= relZ=28265.6 globZ=28265.6
	global pos=0.0,0.0,28265.6  Checking overlaps for volume sol6:0 (G4Tubs) ... OK! 
BLCMDsolenoid::Construct sol6 parent= relZ=28674.4 globZ=28674.4
	global pos=0.0,0.0,28674.4  Checking overlaps for volume sol4:0 (G4Tubs) ... OK! 
BLCMDsolenoid::Construct sol4 parent= relZ=28726.9 globZ=28726.9
	global pos=0.0,0.0,28726.9  Checking overlaps for volume sol2:0 (G4Tubs) ... OK! 
BLCMDsolenoid::Construct sol2 parent= relZ=28781.9 globZ=28781.9
	global pos=0.0,0.0,28781.9  Checking overlaps for volume sol1:0 (G4Tubs) ... OK! 
BLCMDsolenoid::Construct sol1 parent= relZ=28938.1 globZ=28938.1
	global pos=0.0,0.0,28938.1  Checking overlaps for volume sol3:0 (G4Tubs) ... OK! 
BLCMDsolenoid::Construct sol3 parent= relZ=28993.1 globZ=28993.1
	global pos=0.0,0.0,28993.1  Checking overlaps for volume sol5:0 (G4Tubs) ... OK! 
BLCMDsolenoid::Construct sol5 parent= relZ=29045.6 globZ=29045.6
	global pos=0.0,0.0,29045.6  Checking overlaps for volume sol6:0 (G4Tubs) ... OK! 
BLCMDsolenoid::Construct sol6 parent= relZ=29454.4 globZ=29454.4
	global pos=0.0,0.0,29454.4  Checking overlaps for volume sol4:0 (G4Tubs) ... OK! 
BLCMDsolenoid::Construct sol4 parent= relZ=29506.9 globZ=29506.9
	global pos=0.0,0.0,29506.9  Checking overlaps for volume sol2:0 (G4Tubs) ... OK! 
BLCMDsolenoid::Construct sol2 parent= relZ=29561.9 globZ=29561.9
	global pos=0.0,0.0,29561.9  Checking overlaps for volume sol1:0 (G4Tubs) ... OK! 
BLCMDsolenoid::Construct sol1 parent= relZ=29718.1 globZ=29718.1
	global pos=0.0,0.0,29718.1  Checking overlaps for volume sol3:0 (G4Tubs) ... OK! 
BLCMDsolenoid::Construct sol3 parent= relZ=29773.1 globZ=29773.1
	global pos=0.0,0.0,29773.1  Checking overlaps for volume sol5:0 (G4Tubs) ... OK! 
BLCMDsolenoid::Construct sol5 parent= relZ=29825.6 globZ=29825.6
	global pos=0.0,0.0,29825.6  Checking overlaps for volume sol6:0 (G4Tubs) ... OK! 
BLCMDsolenoid::Construct sol6 parent= relZ=30234.4 globZ=30234.4
	global pos=0.0,0.0,30234.4  Checking overlaps for volume sol4:0 (G4Tubs) ... OK! 
BLCMDsolenoid::Construct sol4 parent= relZ=30286.9 globZ=30286.9
	global pos=0.0,0.0,30286.9  Checking overlaps for volume sol2:0 (G4Tubs) ... OK! 
BLCMDsolenoid::Construct sol2 parent= relZ=30341.9 globZ=30341.9
	global pos=0.0,0.0,30341.9  Checking overlaps for volume sol1:0 (G4Tubs) ... OK! 
BLCMDsolenoid::Construct sol1 parent= relZ=30498.1 globZ=30498.1
	global pos=0.0,0.0,30498.1  Checking overlaps for volume sol3:0 (G4Tubs) ... OK! 
BLCMDsolenoid::Construct sol3 parent= relZ=30553.1 globZ=30553.1
	global pos=0.0,0.0,30553.1  Checking overlaps for volume sol5:0 (G4Tubs) ... OK! 
BLCMDsolenoid::Construct sol5 parent= relZ=30605.6 globZ=30605.6
	global pos=0.0,0.0,30605.6  Checking overlaps for volume sol6:0 (G4Tubs) ... OK! 
BLCMDsolenoid::Construct sol6 parent= relZ=31014.4 globZ=31014.4
	global pos=0.0,0.0,31014.4  Checking overlaps for volume sol4:0 (G4Tubs) ... OK! 
BLCMDsolenoid::Construct sol4 parent= relZ=31066.9 globZ=31066.9
	global pos=0.0,0.0,31066.9  Checking overlaps for volume sol2:0 (G4Tubs) ... OK! 
BLCMDsolenoid::Construct sol2 parent= relZ=31121.9 globZ=31121.9
	global pos=0.0,0.0,31121.9  Checking overlaps for volume sol1:0 (G4Tubs) ... OK! 
BLCMDsolenoid::Construct sol1 parent= relZ=31278.1 globZ=31278.1
	global pos=0.0,0.0,31278.1  Checking overlaps for volume sol3:0 (G4Tubs) ... OK! 
BLCMDsolenoid::Construct sol3 parent= relZ=31333.1 globZ=31333.1
	global pos=0.0,0.0,31333.1  Checking overlaps for volume sol5:0 (G4Tubs) ... OK! 
BLCMDsolenoid::Construct sol5 parent= relZ=31385.6 globZ=31385.6
	global pos=0.0,0.0,31385.6  Checking overlaps for volume sol6:0 (G4Tubs) ... OK! 
BLCMDsolenoid::Construct sol6 parent= relZ=31794.4 globZ=31794.4
	global pos=0.0,0.0,31794.4  Checking overlaps for volume sol4:0 (G4Tubs) ... OK! 
BLCMDsolenoid::Construct sol4 parent= relZ=31846.9 globZ=31846.9
	global pos=0.0,0.0,31846.9  Checking overlaps for volume sol2:0 (G4Tubs) ... OK! 
BLCMDsolenoid::Construct sol2 parent= relZ=31901.9 globZ=31901.9
	global pos=0.0,0.0,31901.9  Checking overlaps for volume sol1:0 (G4Tubs) ... OK! 
BLCMDsolenoid::Construct sol1 parent= relZ=32058.1 globZ=32058.1
	global pos=0.0,0.0,32058.1  Checking overlaps for volume sol3:0 (G4Tubs) ... OK! 
BLCMDsolenoid::Construct sol3 parent= relZ=32113.1 globZ=32113.1
	global pos=0.0,0.0,32113.1  Checking overlaps for volume sol5:0 (G4Tubs) ... OK! 
BLCMDsolenoid::Construct sol5 parent= relZ=32165.6 globZ=32165.6
	global pos=0.0,0.0,32165.6  Checking overlaps for volume sol6:0 (G4Tubs) ... OK! 
BLCMDsolenoid::Construct sol6 parent= relZ=32574.4 globZ=32574.4
	global pos=0.0,0.0,32574.4  Checking overlaps for volume sol4:0 (G4Tubs) ... OK! 
BLCMDsolenoid::Construct sol4 parent= relZ=32626.9 globZ=32626.9
	global pos=0.0,0.0,32626.9  Checking overlaps for volume sol2:0 (G4Tubs) ... OK! 
BLCMDsolenoid::Construct sol2 parent= relZ=32681.9 globZ=32681.9
	global pos=0.0,0.0,32681.9  Checking overlaps for volume sol1:0 (G4Tubs) ... OK! 
BLCMDsolenoid::Construct sol1 parent= relZ=32838.1 globZ=32838.1
	global pos=0.0,0.0,32838.1  Checking overlaps for volume sol3:0 (G4Tubs) ... OK! 
BLCMDsolenoid::Construct sol3 parent= relZ=32893.1 globZ=32893.1
	global pos=0.0,0.0,32893.1  Checking overlaps for volume sol5:0 (G4Tubs) ... OK! 
BLCMDsolenoid::Construct sol5 parent= relZ=32945.6 globZ=32945.6
	global pos=0.0,0.0,32945.6  Checking overlaps for volume sol6:0 (G4Tubs) ... OK! 
BLCMDsolenoid::Construct sol6 parent= relZ=33354.4 globZ=33354.4
	global pos=0.0,0.0,33354.4  Checking overlaps for volume sol4:0 (G4Tubs) ... OK! 
BLCMDsolenoid::Construct sol4 parent= relZ=33406.9 globZ=33406.9
	global pos=0.0,0.0,33406.9  Checking overlaps for volume sol2:0 (G4Tubs) ... OK! 
BLCMDsolenoid::Construct sol2 parent= relZ=33461.9 globZ=33461.9
	global pos=0.0,0.0,33461.9  Checking overlaps for volume sol1:0 (G4Tubs) ... OK! 
BLCMDsolenoid::Construct sol1 parent= relZ=33618.1 globZ=33618.1
	global pos=0.0,0.0,33618.1  Checking overlaps for volume sol3:0 (G4Tubs) ... OK! 
BLCMDsolenoid::Construct sol3 parent= relZ=33673.1 globZ=33673.1
	global pos=0.0,0.0,33673.1  Checking overlaps for volume sol5:0 (G4Tubs) ... OK! 
BLCMDsolenoid::Construct sol5 parent= relZ=33725.6 globZ=33725.6
	global pos=0.0,0.0,33725.6  Checking overlaps for volume sol6:0 (G4Tubs) ... OK! 
BLCMDsolenoid::Construct sol6 parent= relZ=34134.4 globZ=34134.4
	global pos=0.0,0.0,34134.4  Checking overlaps for volume sol4:0 (G4Tubs) ... OK! 
BLCMDsolenoid::Construct sol4 parent= relZ=34186.9 globZ=34186.9
	global pos=0.0,0.0,34186.9  Checking overlaps for volume sol2:0 (G4Tubs) ... OK! 
BLCMDsolenoid::Construct sol2 parent= relZ=34241.9 globZ=34241.9
	global pos=0.0,0.0,34241.9  Checking overlaps for volume sol1:0 (G4Tubs) ... OK! 
BLCMDsolenoid::Construct sol1 parent= relZ=34398.1 globZ=34398.1
	global pos=0.0,0.0,34398.1  Checking overlaps for volume sol3:0 (G4Tubs) ... OK! 
BLCMDsolenoid::Construct sol3 parent= relZ=34453.1 globZ=34453.1
	global pos=0.0,0.0,34453.1  Checking overlaps for volume sol5:0 (G4Tubs) ... OK! 
BLCMDsolenoid::Construct sol5 parent= relZ=34505.6 globZ=34505.6
	global pos=0.0,0.0,34505.6  Checking overlaps for volume sol6:0 (G4Tubs) ... OK! 
BLCMDsolenoid::Construct sol6 parent= relZ=34914.4 globZ=34914.4
	global pos=0.0,0.0,34914.4  Checking overlaps for volume sol4:0 (G4Tubs) ... OK! 
BLCMDsolenoid::Construct sol4 parent= relZ=34966.9 globZ=34966.9
	global pos=0.0,0.0,34966.9  Checking overlaps for volume sol2:0 (G4Tubs) ... OK! 
BLCMDsolenoid::Construct sol2 parent= relZ=35021.9 globZ=35021.9
	global pos=0.0,0.0,35021.9  Checking overlaps for volume sol1:0 (G4Tubs) ... OK! 
BLCMDsolenoid::Construct sol1 parent= relZ=35178.1 globZ=35178.1
	global pos=0.0,0.0,35178.1  Checking overlaps for volume sol3:0 (G4Tubs) ... OK! 
BLCMDsolenoid::Construct sol3 parent= relZ=35233.1 globZ=35233.1
	global pos=0.0,0.0,35233.1  Checking overlaps for volume sol5:0 (G4Tubs) ... OK! 
BLCMDsolenoid::Construct sol5 parent= relZ=35285.6 globZ=35285.6
	global pos=0.0,0.0,35285.6  Checking overlaps for volume sol6:0 (G4Tubs) ... OK! 
BLCMDsolenoid::Construct sol6 parent= relZ=35694.4 globZ=35694.4
	global pos=0.0,0.0,35694.4  Checking overlaps for volume sol4:0 (G4Tubs) ... OK! 
BLCMDsolenoid::Construct sol4 parent= relZ=35746.9 globZ=35746.9
	global pos=0.0,0.0,35746.9  Checking overlaps for volume sol2:0 (G4Tubs) ... OK! 
BLCMDsolenoid::Construct sol2 parent= relZ=35801.9 globZ=35801.9
	global pos=0.0,0.0,35801.9  Checking overlaps for volume sol1:0 (G4Tubs) ... OK! 
BLCMDsolenoid::Construct sol1 parent= relZ=35958.1 globZ=35958.1
	global pos=0.0,0.0,35958.1  Checking overlaps for volume sol3:0 (G4Tubs) ... OK! 
BLCMDsolenoid::Construct sol3 parent= relZ=36013.1 globZ=36013.1
	global pos=0.0,0.0,36013.1  Checking overlaps for volume sol5:0 (G4Tubs) ... OK! 
BLCMDsolenoid::Construct sol5 parent= relZ=36065.6 globZ=36065.6
	global pos=0.0,0.0,36065.6  Checking overlaps for volume sol6:0 (G4Tubs) ... OK! 
BLCMDsolenoid::Construct sol6 parent= relZ=36474.4 globZ=36474.4
	global pos=0.0,0.0,36474.4  Checking overlaps for volume sol4:0 (G4Tubs) ... OK! 
BLCMDsolenoid::Construct sol4 parent= relZ=36526.9 globZ=36526.9
	global pos=0.0,0.0,36526.9  Checking overlaps for volume sol2:0 (G4Tubs) ... OK! 
BLCMDsolenoid::Construct sol2 parent= relZ=36581.9 globZ=36581.9
	global pos=0.0,0.0,36581.9  Checking overlaps for volume sol1:0 (G4Tubs) ... OK! 
BLCMDsolenoid::Construct sol1 parent= relZ=36738.1 globZ=36738.1
	global pos=0.0,0.0,36738.1  Checking overlaps for volume sol3:0 (G4Tubs) ... OK! 
BLCMDsolenoid::Construct sol3 parent= relZ=36793.1 globZ=36793.1
	global pos=0.0,0.0,36793.1  Checking overlaps for volume sol5:0 (G4Tubs) ... OK! 
BLCMDsolenoid::Construct sol5 parent= relZ=36845.6 globZ=36845.6
	global pos=0.0,0.0,36845.6  Checking overlaps for volume sol6:0 (G4Tubs) ... OK! 
BLCMDsolenoid::Construct sol6 parent= relZ=37254.4 globZ=37254.4
	global pos=0.0,0.0,37254.4  Checking overlaps for volume sol4:0 (G4Tubs) ... OK! 
BLCMDsolenoid::Construct sol4 parent= relZ=37306.9 globZ=37306.9
	global pos=0.0,0.0,37306.9  Checking overlaps for volume sol2:0 (G4Tubs) ... OK! 
BLCMDsolenoid::Construct sol2 parent= relZ=37361.9 globZ=37361.9
	global pos=0.0,0.0,37361.9  Checking overlaps for volume sol1:0 (G4Tubs) ... OK! 
BLCMDsolenoid::Construct sol1 parent= relZ=37518.1 globZ=37518.1
	global pos=0.0,0.0,37518.1  Checking overlaps for volume sol3:0 (G4Tubs) ... OK! 
BLCMDsolenoid::Construct sol3 parent= relZ=37573.1 globZ=37573.1
	global pos=0.0,0.0,37573.1  Checking overlaps for volume sol5:0 (G4Tubs) ... OK! 
BLCMDsolenoid::Construct sol5 parent= relZ=37625.6 globZ=37625.6
	global pos=0.0,0.0,37625.6  Checking overlaps for volume sol6:0 (G4Tubs) ... OK! 
BLCMDsolenoid::Construct sol6 parent= relZ=38034.4 globZ=38034.4
	global pos=0.0,0.0,38034.4  Checking overlaps for volume sol4:0 (G4Tubs) ... OK! 
BLCMDsolenoid::Construct sol4 parent= relZ=38086.9 globZ=38086.9
	global pos=0.0,0.0,38086.9  Checking overlaps for volume sol2:0 (G4Tubs) ... OK! 
BLCMDsolenoid::Construct sol2 parent= relZ=38141.9 globZ=38141.9
	global pos=0.0,0.0,38141.9  Checking overlaps for volume sol1:0 (G4Tubs) ... OK! 
BLCMDsolenoid::Construct sol1 parent= relZ=38298.1 globZ=38298.1
	global pos=0.0,0.0,38298.1  Checking overlaps for volume sol3:0 (G4Tubs) ... OK! 
BLCMDsolenoid::Construct sol3 parent= relZ=38353.1 globZ=38353.1
	global pos=0.0,0.0,38353.1  Checking overlaps for volume sol5:0 (G4Tubs) ... OK! 
BLCMDsolenoid::Construct sol5 parent= relZ=38405.6 globZ=38405.6
	global pos=0.0,0.0,38405.6  Checking overlaps for volume sol6:0 (G4Tubs) ... OK! 
BLCMDsolenoid::Construct sol6 parent= relZ=38814.4 globZ=38814.4
	global pos=0.0,0.0,38814.4  Checking overlaps for volume sol4:0 (G4Tubs) ... OK! 
BLCMDsolenoid::Construct sol4 parent= relZ=38866.9 globZ=38866.9
	global pos=0.0,0.0,38866.9  Checking overlaps for volume sol2:0 (G4Tubs) ... OK! 
BLCMDsolenoid::Construct sol2 parent= relZ=38921.9 globZ=38921.9
	global pos=0.0,0.0,38921.9  Checking overlaps for volume sol1:0 (G4Tubs) ... OK! 
BLCMDsolenoid::Construct sol1 parent= relZ=39078.1 globZ=39078.1
	global pos=0.0,0.0,39078.1  Checking overlaps for volume sol3:0 (G4Tubs) ... OK! 
BLCMDsolenoid::Construct sol3 parent= relZ=39133.1 globZ=39133.1
	global pos=0.0,0.0,39133.1  Checking overlaps for volume sol5:0 (G4Tubs) ... OK! 
BLCMDsolenoid::Construct sol5 parent= relZ=39185.6 globZ=39185.6
	global pos=0.0,0.0,39185.6  Checking overlaps for volume sol6:0 (G4Tubs) ... OK! 
BLCMDsolenoid::Construct sol6 parent= relZ=39594.4 globZ=39594.4
	global pos=0.0,0.0,39594.4  Checking overlaps for volume sol4:0 (G4Tubs) ... OK! 
BLCMDsolenoid::Construct sol4 parent= relZ=39646.9 globZ=39646.9
	global pos=0.0,0.0,39646.9  Checking overlaps for volume sol2:0 (G4Tubs) ... OK! 
BLCMDsolenoid::Construct sol2 parent= relZ=39701.9 globZ=39701.9
	global pos=0.0,0.0,39701.9  Checking overlaps for volume sol1:0 (G4Tubs) ... OK! 
BLCMDsolenoid::Construct sol1 parent= relZ=39858.1 globZ=39858.1
	global pos=0.0,0.0,39858.1  Checking overlaps for volume sol3:0 (G4Tubs) ... OK! 
BLCMDsolenoid::Construct sol3 parent= relZ=39913.1 globZ=39913.1
	global pos=0.0,0.0,39913.1  Checking overlaps for volume sol5:0 (G4Tubs) ... OK! 
BLCMDsolenoid::Construct sol5 parent= relZ=39965.6 globZ=39965.6
	global pos=0.0,0.0,39965.6  Checking overlaps for volume sol6:0 (G4Tubs) ... OK! 
BLCMDsolenoid::Construct sol6 parent= relZ=40374.4 globZ=40374.4
	global pos=0.0,0.0,40374.4  Checking overlaps for volume sol4:0 (G4Tubs) ... OK! 
BLCMDsolenoid::Construct sol4 parent= relZ=40426.9 globZ=40426.9
	global pos=0.0,0.0,40426.9  Checking overlaps for volume sol2:0 (G4Tubs) ... OK! 
BLCMDsolenoid::Construct sol2 parent= relZ=40481.9 globZ=40481.9
	global pos=0.0,0.0,40481.9  Checking overlaps for volume sol1:0 (G4Tubs) ... OK! 
BLCMDsolenoid::Construct sol1 parent= relZ=40638.1 globZ=40638.1
	global pos=0.0,0.0,40638.1  Checking overlaps for volume sol3:0 (G4Tubs) ... OK! 
BLCMDsolenoid::Construct sol3 parent= relZ=40693.1 globZ=40693.1
	global pos=0.0,0.0,40693.1  Checking overlaps for volume sol5:0 (G4Tubs) ... OK! 
BLCMDsolenoid::Construct sol5 parent= relZ=40745.6 globZ=40745.6
	global pos=0.0,0.0,40745.6  Checking overlaps for volume sol6:0 (G4Tubs) ... OK! 
BLCMDsolenoid::Construct sol6 parent= relZ=41154.4 globZ=41154.4
	global pos=0.0,0.0,41154.4  Checking overlaps for volume sol4:0 (G4Tubs) ... OK! 
BLCMDsolenoid::Construct sol4 parent= relZ=41206.9 globZ=41206.9
	global pos=0.0,0.0,41206.9  Checking overlaps for volume sol2:0 (G4Tubs) ... OK! 
BLCMDsolenoid::Construct sol2 parent= relZ=41261.9 globZ=41261.9
	global pos=0.0,0.0,41261.9  Checking overlaps for volume sol1:0 (G4Tubs) ... OK! 
BLCMDsolenoid::Construct sol1 parent= relZ=41418.1 globZ=41418.1
	global pos=0.0,0.0,41418.1  Checking overlaps for volume sol3:0 (G4Tubs) ... OK! 
BLCMDsolenoid::Construct sol3 parent= relZ=41473.1 globZ=41473.1
	global pos=0.0,0.0,41473.1  Checking overlaps for volume sol5:0 (G4Tubs) ... OK! 
BLCMDsolenoid::Construct sol5 parent= relZ=41525.6 globZ=41525.6
	global pos=0.0,0.0,41525.6  Checking overlaps for volume sol6:0 (G4Tubs) ... OK! 
BLCMDsolenoid::Construct sol6 parent= relZ=41934.4 globZ=41934.4
	global pos=0.0,0.0,41934.4  Checking overlaps for volume sol4:0 (G4Tubs) ... OK! 
BLCMDsolenoid::Construct sol4 parent= relZ=41986.9 globZ=41986.9
	global pos=0.0,0.0,41986.9  Checking overlaps for volume sol2:0 (G4Tubs) ... OK! 
BLCMDsolenoid::Construct sol2 parent= relZ=42041.9 globZ=42041.9
	global pos=0.0,0.0,42041.9  Checking overlaps for volume sol1:0 (G4Tubs) ... OK! 
BLCMDsolenoid::Construct sol1 parent= relZ=42198.1 globZ=42198.1
	global pos=0.0,0.0,42198.1  Checking overlaps for volume sol3:0 (G4Tubs) ... OK! 
BLCMDsolenoid::Construct sol3 parent= relZ=42253.1 globZ=42253.1
	global pos=0.0,0.0,42253.1  Checking overlaps for volume sol5:0 (G4Tubs) ... OK! 
BLCMDsolenoid::Construct sol5 parent= relZ=42305.6 globZ=42305.6
	global pos=0.0,0.0,42305.6  Checking overlaps for volume sol6:0 (G4Tubs) ... OK! 
BLCMDsolenoid::Construct sol6 parent= relZ=42714.4 globZ=42714.4
	global pos=0.0,0.0,42714.4  Checking overlaps for volume sol4:0 (G4Tubs) ... OK! 
BLCMDsolenoid::Construct sol4 parent= relZ=42766.9 globZ=42766.9
	global pos=0.0,0.0,42766.9  Checking overlaps for volume sol2:0 (G4Tubs) ... OK! 
BLCMDsolenoid::Construct sol2 parent= relZ=42821.9 globZ=42821.9
	global pos=0.0,0.0,42821.9  Checking overlaps for volume sol1:0 (G4Tubs) ... OK! 
BLCMDsolenoid::Construct sol1 parent= relZ=42978.1 globZ=42978.1
	global pos=0.0,0.0,42978.1  Checking overlaps for volume sol3:0 (G4Tubs) ... OK! 
BLCMDsolenoid::Construct sol3 parent= relZ=43033.1 globZ=43033.1
	global pos=0.0,0.0,43033.1  Checking overlaps for volume sol5:0 (G4Tubs) ... OK! 
BLCMDsolenoid::Construct sol5 parent= relZ=43085.6 globZ=43085.6
	global pos=0.0,0.0,43085.6  Checking overlaps for volume sol6:0 (G4Tubs) ... OK! 
BLCMDsolenoid::Construct sol6 parent= relZ=43494.4 globZ=43494.4
	global pos=0.0,0.0,43494.4  Checking overlaps for volume sol4:0 (G4Tubs) ... OK! 
BLCMDsolenoid::Construct sol4 parent= relZ=43546.9 globZ=43546.9
	global pos=0.0,0.0,43546.9  Checking overlaps for volume sol2:0 (G4Tubs) ... OK! 
BLCMDsolenoid::Construct sol2 parent= relZ=43601.9 globZ=43601.9
	global pos=0.0,0.0,43601.9  Checking overlaps for volume sol1:0 (G4Tubs) ... OK! 
BLCMDsolenoid::Construct sol1 parent= relZ=43758.1 globZ=43758.1
	global pos=0.0,0.0,43758.1  Checking overlaps for volume sol3:0 (G4Tubs) ... OK! 
BLCMDsolenoid::Construct sol3 parent= relZ=43813.1 globZ=43813.1
	global pos=0.0,0.0,43813.1  Checking overlaps for volume sol5:0 (G4Tubs) ... OK! 
BLCMDsolenoid::Construct sol5 parent= relZ=43865.6 globZ=43865.6
	global pos=0.0,0.0,43865.6  Checking overlaps for volume sol6:0 (G4Tubs) ... OK! 
BLCMDsolenoid::Construct sol6 parent= relZ=44274.4 globZ=44274.4
	global pos=0.0,0.0,44274.4  Checking overlaps for volume sol4:0 (G4Tubs) ... OK! 
BLCMDsolenoid::Construct sol4 parent= relZ=44326.9 globZ=44326.9
	global pos=0.0,0.0,44326.9  Checking overlaps for volume sol2:0 (G4Tubs) ... OK! 
BLCMDsolenoid::Construct sol2 parent= relZ=44381.9 globZ=44381.9
	global pos=0.0,0.0,44381.9  Checking overlaps for volume sol1:0 (G4Tubs) ... OK! 
BLCMDsolenoid::Construct sol1 parent= relZ=44538.1 globZ=44538.1
	global pos=0.0,0.0,44538.1  Checking overlaps for volume sol3:0 (G4Tubs) ... OK! 
BLCMDsolenoid::Construct sol3 parent= relZ=44593.1 globZ=44593.1
	global pos=0.0,0.0,44593.1  Checking overlaps for volume sol5:0 (G4Tubs) ... OK! 
BLCMDsolenoid::Construct sol5 parent= relZ=44645.6 globZ=44645.6
	global pos=0.0,0.0,44645.6  Checking overlaps for volume sol6:0 (G4Tubs) ... OK! 
BLCMDsolenoid::Construct sol6 parent= relZ=45054.4 globZ=45054.4
	global pos=0.0,0.0,45054.4  Checking overlaps for volume sol4:0 (G4Tubs) ... OK! 
BLCMDsolenoid::Construct sol4 parent= relZ=45106.9 globZ=45106.9
	global pos=0.0,0.0,45106.9  Checking overlaps for volume sol2:0 (G4Tubs) ... OK! 
BLCMDsolenoid::Construct sol2 parent= relZ=45161.9 globZ=45161.9
	global pos=0.0,0.0,45161.9  Checking overlaps for volume sol1:0 (G4Tubs) ... OK! 
BLCMDsolenoid::Construct sol1 parent= relZ=45318.1 globZ=45318.1
	global pos=0.0,0.0,45318.1  Checking overlaps for volume sol3:0 (G4Tubs) ... OK! 
BLCMDsolenoid::Construct sol3 parent= relZ=45373.1 globZ=45373.1
	global pos=0.0,0.0,45373.1  Checking overlaps for volume sol5:0 (G4Tubs) ... OK! 
BLCMDsolenoid::Construct sol5 parent= relZ=45425.6 globZ=45425.6
	global pos=0.0,0.0,45425.6  Checking overlaps for volume sol6:0 (G4Tubs) ... OK! 
BLCMDsolenoid::Construct sol6 parent= relZ=45834.4 globZ=45834.4
	global pos=0.0,0.0,45834.4  Checking overlaps for volume sol4:0 (G4Tubs) ... OK! 
BLCMDsolenoid::Construct sol4 parent= relZ=45886.9 globZ=45886.9
	global pos=0.0,0.0,45886.9  Checking overlaps for volume sol2:0 (G4Tubs) ... OK! 
BLCMDsolenoid::Construct sol2 parent= relZ=45941.9 globZ=45941.9
	global pos=0.0,0.0,45941.9  Checking overlaps for volume sol1:0 (G4Tubs) ... OK! 
BLCMDsolenoid::Construct sol1 parent= relZ=46098.1 globZ=46098.1
	global pos=0.0,0.0,46098.1  Checking overlaps for volume sol3:0 (G4Tubs) ... OK! 
BLCMDsolenoid::Construct sol3 parent= relZ=46153.1 globZ=46153.1
	global pos=0.0,0.0,46153.1  Checking overlaps for volume sol5:0 (G4Tubs) ... OK! 
BLCMDsolenoid::Construct sol5 parent= relZ=46205.6 globZ=46205.6
	global pos=0.0,0.0,46205.6  Checking overlaps for volume sol6:0 (G4Tubs) ... OK! 
BLCMDsolenoid::Construct sol6 parent= relZ=46614.4 globZ=46614.4
	global pos=0.0,0.0,46614.4  Checking overlaps for volume sol4:0 (G4Tubs) ... OK! 
BLCMDsolenoid::Construct sol4 parent= relZ=46666.9 globZ=46666.9
	global pos=0.0,0.0,46666.9  Checking overlaps for volume sol2:0 (G4Tubs) ... OK! 
BLCMDsolenoid::Construct sol2 parent= relZ=46721.9 globZ=46721.9
	global pos=0.0,0.0,46721.9  Checking overlaps for volume sol1:0 (G4Tubs) ... OK! 
BLCMDsolenoid::Construct sol1 parent= relZ=46878.1 globZ=46878.1
	global pos=0.0,0.0,46878.1  Checking overlaps for volume sol3:0 (G4Tubs) ... OK! 
BLCMDsolenoid::Construct sol3 parent= relZ=46933.1 globZ=46933.1
	global pos=0.0,0.0,46933.1  Checking overlaps for volume sol5:0 (G4Tubs) ... OK! 
BLCMDsolenoid::Construct sol5 parent= relZ=46985.6 globZ=46985.6
	global pos=0.0,0.0,46985.6  Checking overlaps for volume sol6:0 (G4Tubs) ... OK! 
BLCMDsolenoid::Construct sol6 parent= relZ=47394.4 globZ=47394.4
	global pos=0.0,0.0,47394.4  Checking overlaps for volume sol4:0 (G4Tubs) ... OK! 
BLCMDsolenoid::Construct sol4 parent= relZ=47446.9 globZ=47446.9
	global pos=0.0,0.0,47446.9  Checking overlaps for volume sol2:0 (G4Tubs) ... OK! 
BLCMDsolenoid::Construct sol2 parent= relZ=47501.9 globZ=47501.9
	global pos=0.0,0.0,47501.9  BLCMDgenericbend::Construct solbend_a_-2 parent= relZ=-1482.0 globZ=-1482.0
	zmin=-1532.0 zmax=-1432.0
BLCMDgenericbend::Construct solbend_b_-2 parent= relZ=-858.0 globZ=-858.0
	zmin=-908.0 zmax=-808.0
BLCMDgenericbend::Construct solbend_a_-1 parent= relZ=-702.0 globZ=-702.0
	zmin=-752.0 zmax=-652.0
BLCMDgenericbend::Construct solbend_b_-1 parent= relZ=-78.0 globZ=-78.0
	zmin=-128.0 zmax=-28.0
BLCMDgenericbend::Construct solbend_a_0 parent= relZ=78.0 globZ=78.0
	zmin=28.0 zmax=128.0
BLCMDgenericbend::Construct solbend_b_0 parent= relZ=702.0 globZ=702.0
	zmin=652.0 zmax=752.0
BLCMDgenericbend::Construct solbend_a_1 parent= relZ=858.0 globZ=858.0
	zmin=808.0 zmax=908.0
BLCMDgenericbend::Construct solbend_b_1 parent= relZ=1482.0 globZ=1482.0
	zmin=1432.0 zmax=1532.0
BLCMDgenericbend::Construct solbend_a_2 parent= relZ=1638.0 globZ=1638.0
	zmin=1588.0 zmax=1688.0
BLCMDgenericbend::Construct solbend_b_2 parent= relZ=2262.0 globZ=2262.0
	zmin=2212.0 zmax=2312.0
BLCMDgenericbend::Construct solbend_a_3 parent= relZ=2418.0 globZ=2418.0
	zmin=2368.0 zmax=2468.0
BLCMDgenericbend::Construct solbend_b_3 parent= relZ=3042.0 globZ=3042.0
	zmin=2992.0 zmax=3092.0
BLCMDgenericbend::Construct solbend_a_4 parent= relZ=3198.0 globZ=3198.0
	zmin=3148.0 zmax=3248.0
BLCMDgenericbend::Construct solbend_b_4 parent= relZ=3822.0 globZ=3822.0
	zmin=3772.0 zmax=3872.0
BLCMDgenericbend::Construct solbend_a_5 parent= relZ=3978.0 globZ=3978.0
	zmin=3928.0 zmax=4028.0
BLCMDgenericbend::Construct solbend_b_5 parent= relZ=4602.0 globZ=4602.0
	zmin=4552.0 zmax=4652.0
BLCMDgenericbend::Construct solbend_a_6 parent= relZ=4758.0 globZ=4758.0
	zmin=4708.0 zmax=4808.0
BLCMDgenericbend::Construct solbend_b_6 parent= relZ=5382.0 globZ=5382.0
	zmin=5332.0 zmax=5432.0
BLCMDgenericbend::Construct solbend_a_7 parent= relZ=5538.0 globZ=5538.0
	zmin=5488.0 zmax=5588.0
BLCMDgenericbend::Construct solbend_b_7 parent= relZ=6162.0 globZ=6162.0
	zmin=6112.0 zmax=6212.0
BLCMDgenericbend::Construct solbend_a_8 parent= relZ=6318.0 globZ=6318.0
	zmin=6268.0 zmax=6368.0
BLCMDgenericbend::Construct solbend_b_8 parent= relZ=6942.0 globZ=6942.0
	zmin=6892.0 zmax=6992.0
BLCMDgenericbend::Construct solbend_a_9 parent= relZ=7098.0 globZ=7098.0
	zmin=7048.0 zmax=7148.0
BLCMDgenericbend::Construct solbend_b_9 parent= relZ=7722.0 globZ=7722.0
	zmin=7672.0 zmax=7772.0
BLCMDgenericbend::Construct solbend_a_10 parent= relZ=7878.0 globZ=7878.0
	zmin=7828.0 zmax=7928.0
BLCMDgenericbend::Construct solbend_b_10 parent= relZ=8502.0 globZ=8502.0
	zmin=8452.0 zmax=8552.0
BLCMDgenericbend::Construct solbend_a_11 parent= relZ=8658.0 globZ=8658.0
	zmin=8608.0 zmax=8708.0
BLCMDgenericbend::Construct solbend_b_11 parent= relZ=9282.0 globZ=9282.0
	zmin=9232.0 zmax=9332.0
BLCMDgenericbend::Construct solbend_a_12 parent= relZ=9438.0 globZ=9438.0
	zmin=9388.0 zmax=9488.0
BLCMDgenericbend::Construct solbend_b_12 parent= relZ=10062.0 globZ=10062.0
	zmin=10012.0 zmax=10112.0
BLCMDgenericbend::Construct solbend_a_13 parent= relZ=10218.0 globZ=10218.0
	zmin=10168.0 zmax=10268.0
BLCMDgenericbend::Construct solbend_b_13 parent= relZ=10842.0 globZ=10842.0
	zmin=10792.0 zmax=10892.0
BLCMDgenericbend::Construct solbend_a_14 parent= relZ=10998.0 globZ=10998.0
	zmin=10948.0 zmax=11048.0
BLCMDgenericbend::Construct solbend_b_14 parent= relZ=11622.0 globZ=11622.0
	zmin=11572.0 zmax=11672.0
BLCMDgenericbend::Construct solbend_a_15 parent= relZ=11778.0 globZ=11778.0
	zmin=11728.0 zmax=11828.0
BLCMDgenericbend::Construct solbend_b_15 parent= relZ=12402.0 globZ=12402.0
	zmin=12352.0 zmax=12452.0
BLCMDgenericbend::Construct solbend_a_16 parent= relZ=12558.0 globZ=12558.0
	zmin=12508.0 zmax=12608.0
BLCMDgenericbend::Construct solbend_b_16 parent= relZ=13182.0 globZ=13182.0
	zmin=13132.0 zmax=13232.0
BLCMDgenericbend::Construct solbend_a_17 parent= relZ=13338.0 globZ=13338.0
	zmin=13288.0 zmax=13388.0
BLCMDgenericbend::Construct solbend_b_17 parent= relZ=13962.0 globZ=13962.0
	zmin=13912.0 zmax=14012.0
BLCMDgenericbend::Construct solbend_a_18 parent= relZ=14118.0 globZ=14118.0
	zmin=14068.0 zmax=14168.0
BLCMDgenericbend::Construct solbend_b_18 parent= relZ=14742.0 globZ=14742.0
	zmin=14692.0 zmax=14792.0
BLCMDgenericbend::Construct solbend_a_19 parent= relZ=14898.0 globZ=14898.0
	zmin=14848.0 zmax=14948.0
BLCMDgenericbend::Construct solbend_b_19 parent= relZ=15522.0 globZ=15522.0
	zmin=15472.0 zmax=15572.0
BLCMDgenericbend::Construct solbend_a_20 parent= relZ=15678.0 globZ=15678.0
	zmin=15628.0 zmax=15728.0
BLCMDgenericbend::Construct solbend_b_20 parent= relZ=16302.0 globZ=16302.0
	zmin=16252.0 zmax=16352.0
BLCMDgenericbend::Construct solbend_a_21 parent= relZ=16458.0 globZ=16458.0
	zmin=16408.0 zmax=16508.0
BLCMDgenericbend::Construct solbend_b_21 parent= relZ=17082.0 globZ=17082.0
	zmin=17032.0 zmax=17132.0
BLCMDgenericbend::Construct solbend_a_22 parent= relZ=17238.0 globZ=17238.0
	zmin=17188.0 zmax=17288.0
BLCMDgenericbend::Construct solbend_b_22 parent= relZ=17862.0 globZ=17862.0
	zmin=17812.0 zmax=17912.0
BLCMDgenericbend::Construct solbend_a_23 parent= relZ=18018.0 globZ=18018.0
	zmin=17968.0 zmax=18068.0
BLCMDgenericbend::Construct solbend_b_23 parent= relZ=18642.0 globZ=18642.0
	zmin=18592.0 zmax=18692.0
BLCMDgenericbend::Construct solbend_a_24 parent= relZ=18798.0 globZ=18798.0
	zmin=18748.0 zmax=18848.0
BLCMDgenericbend::Construct solbend_b_24 parent= relZ=19422.0 globZ=19422.0
	zmin=19372.0 zmax=19472.0
BLCMDgenericbend::Construct solbend_a_25 parent= relZ=19578.0 globZ=19578.0
	zmin=19528.0 zmax=19628.0
BLCMDgenericbend::Construct solbend_b_25 parent= relZ=20202.0 globZ=20202.0
	zmin=20152.0 zmax=20252.0
BLCMDgenericbend::Construct solbend_a_26 parent= relZ=20358.0 globZ=20358.0
	zmin=20308.0 zmax=20408.0
BLCMDgenericbend::Construct solbend_b_26 parent= relZ=20982.0 globZ=20982.0
	zmin=20932.0 zmax=21032.0
BLCMDgenericbend::Construct solbend_a_27 parent= relZ=21138.0 globZ=21138.0
	zmin=21088.0 zmax=21188.0
BLCMDgenericbend::Construct solbend_b_27 parent= relZ=21762.0 globZ=21762.0
	zmin=21712.0 zmax=21812.0
BLCMDgenericbend::Construct solbend_a_28 parent= relZ=21918.0 globZ=21918.0
	zmin=21868.0 zmax=21968.0
BLCMDgenericbend::Construct solbend_b_28 parent= relZ=22542.0 globZ=22542.0
	zmin=22492.0 zmax=22592.0
BLCMDgenericbend::Construct solbend_a_29 parent= relZ=22698.0 globZ=22698.0
	zmin=22648.0 zmax=22748.0
BLCMDgenericbend::Construct solbend_b_29 parent= relZ=23322.0 globZ=23322.0
	zmin=23272.0 zmax=23372.0
BLCMDgenericbend::Construct solbend_a_30 parent= relZ=23478.0 globZ=23478.0
	zmin=23428.0 zmax=23528.0
BLCMDgenericbend::Construct solbend_b_30 parent= relZ=24102.0 globZ=24102.0
	zmin=24052.0 zmax=24152.0
BLCMDgenericbend::Construct solbend_a_31 parent= relZ=24258.0 globZ=24258.0
	zmin=24208.0 zmax=24308.0
BLCMDgenericbend::Construct solbend_b_31 parent= relZ=24882.0 globZ=24882.0
	zmin=24832.0 zmax=24932.0
BLCMDgenericbend::Construct solbend_a_32 parent= relZ=25038.0 globZ=25038.0
	zmin=24988.0 zmax=25088.0
BLCMDgenericbend::Construct solbend_b_32 parent= relZ=25662.0 globZ=25662.0
	zmin=25612.0 zmax=25712.0
BLCMDgenericbend::Construct solbend_a_33 parent= relZ=25818.0 globZ=25818.0
	zmin=25768.0 zmax=25868.0
BLCMDgenericbend::Construct solbend_b_33 parent= relZ=26442.0 globZ=26442.0
	zmin=26392.0 zmax=26492.0
BLCMDgenericbend::Construct solbend_a_34 parent= relZ=26598.0 globZ=26598.0
	zmin=26548.0 zmax=26648.0
BLCMDgenericbend::Construct solbend_b_34 parent= relZ=27222.0 globZ=27222.0
	zmin=27172.0 zmax=27272.0
BLCMDgenericbend::Construct solbend_a_35 parent= relZ=27378.0 globZ=27378.0
	zmin=27328.0 zmax=27428.0
BLCMDgenericbend::Construct solbend_b_35 parent= relZ=28002.0 globZ=28002.0
	zmin=27952.0 zmax=28052.0
BLCMDgenericbend::Construct solbend_a_36 parent= relZ=28158.0 globZ=28158.0
	zmin=28108.0 zmax=28208.0
BLCMDgenericbend::Construct solbend_b_36 parent= relZ=28782.0 globZ=28782.0
	zmin=28732.0 zmax=28832.0
BLCMDgenericbend::Construct solbend_a_37 parent= relZ=28938.0 globZ=28938.0
	zmin=28888.0 zmax=28988.0
BLCMDgenericbend::Construct solbend_b_37 parent= relZ=29562.0 globZ=29562.0
	zmin=29512.0 zmax=29612.0
BLCMDgenericbend::Construct solbend_a_38 parent= relZ=29718.0 globZ=29718.0
	zmin=29668.0 zmax=29768.0
BLCMDgenericbend::Construct solbend_b_38 parent= relZ=30342.0 globZ=30342.0
	zmin=30292.0 zmax=30392.0
BLCMDgenericbend::Construct solbend_a_39 parent= relZ=30498.0 globZ=30498.0
	zmin=30448.0 zmax=30548.0
BLCMDgenericbend::Construct solbend_b_39 parent= relZ=31122.0 globZ=31122.0
	zmin=31072.0 zmax=31172.0
BLCMDgenericbend::Construct solbend_a_40 parent= relZ=31278.0 globZ=31278.0
	zmin=31228.0 zmax=31328.0
BLCMDgenericbend::Construct solbend_b_40 parent= relZ=31902.0 globZ=31902.0
	zmin=31852.0 zmax=31952.0
BLCMDgenericbend::Construct solbend_a_41 parent= relZ=32058.0 globZ=32058.0
	zmin=32008.0 zmax=32108.0
BLCMDgenericbend::Construct solbend_b_41 parent= relZ=32682.0 globZ=32682.0
	zmin=32632.0 zmax=32732.0
BLCMDgenericbend::Construct solbend_a_42 parent= relZ=32838.0 globZ=32838.0
	zmin=32788.0 zmax=32888.0
BLCMDgenericbend::Construct solbend_b_42 parent= relZ=33462.0 globZ=33462.0
	zmin=33412.0 zmax=33512.0
BLCMDgenericbend::Construct solbend_a_43 parent= relZ=33618.0 globZ=33618.0
	zmin=33568.0 zmax=33668.0
BLCMDgenericbend::Construct solbend_b_43 parent= relZ=34242.0 globZ=34242.0
	zmin=34192.0 zmax=34292.0
BLCMDgenericbend::Construct solbend_a_44 parent= relZ=34398.0 globZ=34398.0
	zmin=34348.0 zmax=34448.0
BLCMDgenericbend::Construct solbend_b_44 parent= relZ=35022.0 globZ=35022.0
	zmin=34972.0 zmax=35072.0
BLCMDgenericbend::Construct solbend_a_45 parent= relZ=35178.0 globZ=35178.0
	zmin=35128.0 zmax=35228.0
BLCMDgenericbend::Construct solbend_b_45 parent= relZ=35802.0 globZ=35802.0
	zmin=35752.0 zmax=35852.0
BLCMDgenericbend::Construct solbend_a_46 parent= relZ=35958.0 globZ=35958.0
	zmin=35908.0 zmax=36008.0
BLCMDgenericbend::Construct solbend_b_46 parent= relZ=36582.0 globZ=36582.0
	zmin=36532.0 zmax=36632.0
BLCMDgenericbend::Construct solbend_a_47 parent= relZ=36738.0 globZ=36738.0
	zmin=36688.0 zmax=36788.0
BLCMDgenericbend::Construct solbend_b_47 parent= relZ=37362.0 globZ=37362.0
	zmin=37312.0 zmax=37412.0
BLCMDgenericbend::Construct solbend_a_48 parent= relZ=37518.0 globZ=37518.0
	zmin=37468.0 zmax=37568.0
BLCMDgenericbend::Construct solbend_b_48 parent= relZ=38142.0 globZ=38142.0
	zmin=38092.0 zmax=38192.0
BLCMDgenericbend::Construct solbend_a_49 parent= relZ=38298.0 globZ=38298.0
	zmin=38248.0 zmax=38348.0
BLCMDgenericbend::Construct solbend_b_49 parent= relZ=38922.0 globZ=38922.0
	zmin=38872.0 zmax=38972.0
BLCMDgenericbend::Construct solbend_a_50 parent= relZ=39078.0 globZ=39078.0
	zmin=39028.0 zmax=39128.0
BLCMDgenericbend::Construct solbend_b_50 parent= relZ=39702.0 globZ=39702.0
	zmin=39652.0 zmax=39752.0
BLCMDgenericbend::Construct solbend_a_51 parent= relZ=39858.0 globZ=39858.0
	zmin=39808.0 zmax=39908.0
BLCMDgenericbend::Construct solbend_b_51 parent= relZ=40482.0 globZ=40482.0
	zmin=40432.0 zmax=40532.0
BLCMDgenericbend::Construct solbend_a_52 parent= relZ=40638.0 globZ=40638.0
	zmin=40588.0 zmax=40688.0
BLCMDgenericbend::Construct solbend_b_52 parent= relZ=41262.0 globZ=41262.0
	zmin=41212.0 zmax=41312.0
BLCMDgenericbend::Construct solbend_a_53 parent= relZ=41418.0 globZ=41418.0
	zmin=41368.0 zmax=41468.0
BLCMDgenericbend::Construct solbend_b_53 parent= relZ=42042.0 globZ=42042.0
	zmin=41992.0 zmax=42092.0
BLCMDgenericbend::Construct solbend_a_54 parent= relZ=42198.0 globZ=42198.0
	zmin=42148.0 zmax=42248.0
BLCMDgenericbend::Construct solbend_b_54 parent= relZ=42822.0 globZ=42822.0
	zmin=42772.0 zmax=42872.0
BLCMDgenericbend::Construct solbend_a_55 parent= relZ=42978.0 globZ=42978.0
	zmin=42928.0 zmax=43028.0
BLCMDgenericbend::Construct solbend_b_55 parent= relZ=43602.0 globZ=43602.0
	zmin=43552.0 zmax=43652.0
BLCMDgenericbend::Construct solbend_a_56 parent= relZ=43758.0 globZ=43758.0
	zmin=43708.0 zmax=43808.0
BLCMDgenericbend::Construct solbend_b_56 parent= relZ=44382.0 globZ=44382.0
	zmin=44332.0 zmax=44432.0
BLCMDgenericbend::Construct solbend_a_57 parent= relZ=44538.0 globZ=44538.0
	zmin=44488.0 zmax=44588.0
BLCMDgenericbend::Construct solbend_b_57 parent= relZ=45162.0 globZ=45162.0
	zmin=45112.0 zmax=45212.0
BLCMDgenericbend::Construct solbend_a_58 parent= relZ=45318.0 globZ=45318.0
	zmin=45268.0 zmax=45368.0
BLCMDgenericbend::Construct solbend_b_58 parent= relZ=45942.0 globZ=45942.0
	zmin=45892.0 zmax=45992.0
BLCMDgenericbend::Construct solbend_a_59 parent= relZ=46098.0 globZ=46098.0
	zmin=46048.0 zmax=46148.0
BLCMDgenericbend::Construct solbend_b_59 parent= relZ=46722.0 globZ=46722.0
	zmin=46672.0 zmax=46772.0
BLCMDgenericbend::Construct solbend_a_60 parent= relZ=46878.0 globZ=46878.0
	zmin=46828.0 zmax=46928.0
BLCMDgenericbend::Construct solbend_b_60 parent= relZ=47502.0 globZ=47502.0
	zmin=47452.0 zmax=47552.0
BLMappedMagnet::Construct fringe_left parent= relZ=-1578.0
BLMappedMagnet::Construct fringe_right parent= relZ=-1386.0
BLMappedMagnet::Construct fringe_left parent= relZ=-954.0
BLMappedMagnet::Construct fringe_right parent= relZ=-762.0
BLMappedMagnet::Construct fringe_left parent= relZ=-798.0
BLMappedMagnet::Construct fringe_right parent= relZ=-606.0
BLMappedMagnet::Construct fringe_left parent= relZ=-174.0
BLMappedMagnet::Construct fringe_right parent= relZ=18.0
BLMappedMagnet::Construct fringe_left parent= relZ=-18.0
BLMappedMagnet::Construct fringe_right parent= relZ=174.0
BLMappedMagnet::Construct fringe_left parent= relZ=606.0
BLMappedMagnet::Construct fringe_right parent= relZ=798.0
BLMappedMagnet::Construct fringe_left parent= relZ=762.0
BLMappedMagnet::Construct fringe_right parent= relZ=954.0
BLMappedMagnet::Construct fringe_left parent= relZ=1386.0
BLMappedMagnet::Construct fringe_right parent= relZ=1578.0
BLMappedMagnet::Construct fringe_left parent= relZ=1542.0
BLMappedMagnet::Construct fringe_right parent= relZ=1734.0
BLMappedMagnet::Construct fringe_left parent= relZ=2166.0
BLMappedMagnet::Construct fringe_right parent= relZ=2358.0
BLMappedMagnet::Construct fringe_left parent= relZ=2322.0
BLMappedMagnet::Construct fringe_right parent= relZ=2514.0
BLMappedMagnet::Construct fringe_left parent= relZ=2946.0
BLMappedMagnet::Construct fringe_right parent= relZ=3138.0
BLMappedMagnet::Construct fringe_left parent= relZ=3102.0
BLMappedMagnet::Construct fringe_right parent= relZ=3294.0
BLMappedMagnet::Construct fringe_left parent= relZ=3726.0
BLMappedMagnet::Construct fringe_right parent= relZ=3918.0
BLMappedMagnet::Construct fringe_left parent= relZ=3882.0
BLMappedMagnet::Construct fringe_right parent= relZ=4074.0
BLMappedMagnet::Construct fringe_left parent= relZ=4506.0
BLMappedMagnet::Construct fringe_right parent= relZ=4698.0
BLMappedMagnet::Construct fringe_left parent= relZ=4662.0
BLMappedMagnet::Construct fringe_right parent= relZ=4854.0
BLMappedMagnet::Construct fringe_left parent= relZ=5286.0
BLMappedMagnet::Construct fringe_right parent= relZ=5478.0
BLMappedMagnet::Construct fringe_left parent= relZ=5442.0
BLMappedMagnet::Construct fringe_right parent= relZ=5634.0
BLMappedMagnet::Construct fringe_left parent= relZ=6066.0
BLMappedMagnet::Construct fringe_right parent= relZ=6258.0
BLMappedMagnet::Construct fringe_left parent= relZ=6222.0
BLMappedMagnet::Construct fringe_right parent= relZ=6414.0
BLMappedMagnet::Construct fringe_left parent= relZ=6846.0
BLMappedMagnet::Construct fringe_right parent= relZ=7038.0
BLMappedMagnet::Construct fringe_left parent= relZ=7002.0
BLMappedMagnet::Construct fringe_right parent= relZ=7194.0
BLMappedMagnet::Construct fringe_left parent= relZ=7626.0
BLMappedMagnet::Construct fringe_right parent= relZ=7818.0
BLMappedMagnet::Construct fringe_left parent= relZ=7782.0
BLMappedMagnet::Construct fringe_right parent= relZ=7974.0
BLMappedMagnet::Construct fringe_left parent= relZ=8406.0
BLMappedMagnet::Construct fringe_right parent= relZ=8598.0
BLMappedMagnet::Construct fringe_left parent= relZ=8562.0
BLMappedMagnet::Construct fringe_right parent= relZ=8754.0
BLMappedMagnet::Construct fringe_left parent= relZ=9186.0
BLMappedMagnet::Construct fringe_right parent= relZ=9378.0
BLMappedMagnet::Construct fringe_left parent= relZ=9342.0
BLMappedMagnet::Construct fringe_right parent= relZ=9534.0
BLMappedMagnet::Construct fringe_left parent= relZ=9966.0
BLMappedMagnet::Construct fringe_right parent= relZ=10158.0
BLMappedMagnet::Construct fringe_left parent= relZ=10122.0
BLMappedMagnet::Construct fringe_right parent= relZ=10314.0
BLMappedMagnet::Construct fringe_left parent= relZ=10746.0
BLMappedMagnet::Construct fringe_right parent= relZ=10938.0
BLMappedMagnet::Construct fringe_left parent= relZ=10902.0
BLMappedMagnet::Construct fringe_right parent= relZ=11094.0
BLMappedMagnet::Construct fringe_left parent= relZ=11526.0
BLMappedMagnet::Construct fringe_right parent= relZ=11718.0
BLMappedMagnet::Construct fringe_left parent= relZ=11682.0
BLMappedMagnet::Construct fringe_right parent= relZ=11874.0
BLMappedMagnet::Construct fringe_left parent= relZ=12306.0
BLMappedMagnet::Construct fringe_right parent= relZ=12498.0
BLMappedMagnet::Construct fringe_left parent= relZ=12462.0
BLMappedMagnet::Construct fringe_right parent= relZ=12654.0
BLMappedMagnet::Construct fringe_left parent= relZ=13086.0
BLMappedMagnet::Construct fringe_right parent= relZ=13278.0
BLMappedMagnet::Construct fringe_left parent= relZ=13242.0
BLMappedMagnet::Construct fringe_right parent= relZ=13434.0
BLMappedMagnet::Construct fringe_left parent= relZ=13866.0
BLMappedMagnet::Construct fringe_right parent= relZ=14058.0
BLMappedMagnet::Construct fringe_left parent= relZ=14022.0
BLMappedMagnet::Construct fringe_right parent= relZ=14214.0
BLMappedMagnet::Construct fringe_left parent= relZ=14646.0
BLMappedMagnet::Construct fringe_right parent= relZ=14838.0
BLMappedMagnet::Construct fringe_left parent= relZ=14802.0
BLMappedMagnet::Construct fringe_right parent= relZ=14994.0
BLMappedMagnet::Construct fringe_left parent= relZ=15426.0
BLMappedMagnet::Construct fringe_right parent= relZ=15618.0
BLMappedMagnet::Construct fringe_left parent= relZ=15582.0
BLMappedMagnet::Construct fringe_right parent= relZ=15774.0
BLMappedMagnet::Construct fringe_left parent= relZ=16206.0
BLMappedMagnet::Construct fringe_right parent= relZ=16398.0
BLMappedMagnet::Construct fringe_left parent= relZ=16362.0
BLMappedMagnet::Construct fringe_right parent= relZ=16554.0
BLMappedMagnet::Construct fringe_left parent= relZ=16986.0
BLMappedMagnet::Construct fringe_right parent= relZ=17178.0
BLMappedMagnet::Construct fringe_left parent= relZ=17142.0
BLMappedMagnet::Construct fringe_right parent= relZ=17334.0
BLMappedMagnet::Construct fringe_left parent= relZ=17766.0
BLMappedMagnet::Construct fringe_right parent= relZ=17958.0
BLMappedMagnet::Construct fringe_left parent= relZ=17922.0
BLMappedMagnet::Construct fringe_right parent= relZ=18114.0
BLMappedMagnet::Construct fringe_left parent= relZ=18546.0
BLMappedMagnet::Construct fringe_right parent= relZ=18738.0
BLMappedMagnet::Construct fringe_left parent= relZ=18702.0
BLMappedMagnet::Construct fringe_right parent= relZ=18894.0
BLMappedMagnet::Construct fringe_left parent= relZ=19326.0
BLMappedMagnet::Construct fringe_right parent= relZ=19518.0
BLMappedMagnet::Construct fringe_left parent= relZ=19482.0
BLMappedMagnet::Construct fringe_right parent= relZ=19674.0
BLMappedMagnet::Construct fringe_left parent= relZ=20106.0
BLMappedMagnet::Construct fringe_right parent= relZ=20298.0
BLMappedMagnet::Construct fringe_left parent= relZ=20262.0
BLMappedMagnet::Construct fringe_right parent= relZ=20454.0
BLMappedMagnet::Construct fringe_left parent= relZ=20886.0
BLMappedMagnet::Construct fringe_right parent= relZ=21078.0
BLMappedMagnet::Construct fringe_left parent= relZ=21042.0
BLMappedMagnet::Construct fringe_right parent= relZ=21234.0
BLMappedMagnet::Construct fringe_left parent= relZ=21666.0
BLMappedMagnet::Construct fringe_right parent= relZ=21858.0
BLMappedMagnet::Construct fringe_left parent= relZ=21822.0
BLMappedMagnet::Construct fringe_right parent= relZ=22014.0
BLMappedMagnet::Construct fringe_left parent= relZ=22446.0
BLMappedMagnet::Construct fringe_right parent= relZ=22638.0
BLMappedMagnet::Construct fringe_left parent= relZ=22602.0
BLMappedMagnet::Construct fringe_right parent= relZ=22794.0
BLMappedMagnet::Construct fringe_left parent= relZ=23226.0
BLMappedMagnet::Construct fringe_right parent= relZ=23418.0
BLMappedMagnet::Construct fringe_left parent= relZ=23382.0
BLMappedMagnet::Construct fringe_right parent= relZ=23574.0
BLMappedMagnet::Construct fringe_left parent= relZ=24006.0
BLMappedMagnet::Construct fringe_right parent= relZ=24198.0
BLMappedMagnet::Construct fringe_left parent= relZ=24162.0
BLMappedMagnet::Construct fringe_right parent= relZ=24354.0
BLMappedMagnet::Construct fringe_left parent= relZ=24786.0
BLMappedMagnet::Construct fringe_right parent= relZ=24978.0
BLMappedMagnet::Construct fringe_left parent= relZ=24942.0
BLMappedMagnet::Construct fringe_right parent= relZ=25134.0
BLMappedMagnet::Construct fringe_left parent= relZ=25566.0
BLMappedMagnet::Construct fringe_right parent= relZ=25758.0
BLMappedMagnet::Construct fringe_left parent= relZ=25722.0
BLMappedMagnet::Construct fringe_right parent= relZ=25914.0
BLMappedMagnet::Construct fringe_left parent= relZ=26346.0
BLMappedMagnet::Construct fringe_right parent= relZ=26538.0
BLMappedMagnet::Construct fringe_left parent= relZ=26502.0
BLMappedMagnet::Construct fringe_right parent= relZ=26694.0
BLMappedMagnet::Construct fringe_left parent= relZ=27126.0
BLMappedMagnet::Construct fringe_right parent= relZ=27318.0
BLMappedMagnet::Construct fringe_left parent= relZ=27282.0
BLMappedMagnet::Construct fringe_right parent= relZ=27474.0
BLMappedMagnet::Construct fringe_left parent= relZ=27906.0
BLMappedMagnet::Construct fringe_right parent= relZ=28098.0
BLMappedMagnet::Construct fringe_left parent= relZ=28062.0
BLMappedMagnet::Construct fringe_right parent= relZ=28254.0
BLMappedMagnet::Construct fringe_left parent= relZ=28686.0
BLMappedMagnet::Construct fringe_right parent= relZ=28878.0
BLMappedMagnet::Construct fringe_left parent= relZ=28842.0
BLMappedMagnet::Construct fringe_right parent= relZ=29034.0
BLMappedMagnet::Construct fringe_left parent= relZ=29466.0
BLMappedMagnet::Construct fringe_right parent= relZ=29658.0
BLMappedMagnet::Construct fringe_left parent= relZ=29622.0
BLMappedMagnet::Construct fringe_right parent= relZ=29814.0
BLMappedMagnet::Construct fringe_left parent= relZ=30246.0
BLMappedMagnet::Construct fringe_right parent= relZ=30438.0
BLMappedMagnet::Construct fringe_left parent= relZ=30402.0
BLMappedMagnet::Construct fringe_right parent= relZ=30594.0
BLMappedMagnet::Construct fringe_left parent= relZ=31026.0
BLMappedMagnet::Construct fringe_right parent= relZ=31218.0
BLMappedMagnet::Construct fringe_left parent= relZ=31182.0
BLMappedMagnet::Construct fringe_right parent= relZ=31374.0
BLMappedMagnet::Construct fringe_left parent= relZ=31806.0
BLMappedMagnet::Construct fringe_right parent= relZ=31998.0
BLMappedMagnet::Construct fringe_left parent= relZ=31962.0
BLMappedMagnet::Construct fringe_right parent= relZ=32154.0
BLMappedMagnet::Construct fringe_left parent= relZ=32586.0
BLMappedMagnet::Construct fringe_right parent= relZ=32778.0
BLMappedMagnet::Construct fringe_left parent= relZ=32742.0
BLMappedMagnet::Construct fringe_right parent= relZ=32934.0
BLMappedMagnet::Construct fringe_left parent= relZ=33366.0
BLMappedMagnet::Construct fringe_right parent= relZ=33558.0
BLMappedMagnet::Construct fringe_left parent= relZ=33522.0
BLMappedMagnet::Construct fringe_right parent= relZ=33714.0
BLMappedMagnet::Construct fringe_left parent= relZ=34146.0
BLMappedMagnet::Construct fringe_right parent= relZ=34338.0
BLMappedMagnet::Construct fringe_left parent= relZ=34302.0
BLMappedMagnet::Construct fringe_right parent= relZ=34494.0
BLMappedMagnet::Construct fringe_left parent= relZ=34926.0
BLMappedMagnet::Construct fringe_right parent= relZ=35118.0
BLMappedMagnet::Construct fringe_left parent= relZ=35082.0
BLMappedMagnet::Construct fringe_right parent= relZ=35274.0
BLMappedMagnet::Construct fringe_left parent= relZ=35706.0
BLMappedMagnet::Construct fringe_right parent= relZ=35898.0
BLMappedMagnet::Construct fringe_left parent= relZ=35862.0
BLMappedMagnet::Construct fringe_right parent= relZ=36054.0
BLMappedMagnet::Construct fringe_left parent= relZ=36486.0
BLMappedMagnet::Construct fringe_right parent= relZ=36678.0
BLMappedMagnet::Construct fringe_left parent= relZ=36642.0
BLMappedMagnet::Construct fringe_right parent= relZ=36834.0
BLMappedMagnet::Construct fringe_left parent= relZ=37266.0
BLMappedMagnet::Construct fringe_right parent= relZ=37458.0
BLMappedMagnet::Construct fringe_left parent= relZ=37422.0
BLMappedMagnet::Construct fringe_right parent= relZ=37614.0
BLMappedMagnet::Construct fringe_left parent= relZ=38046.0
BLMappedMagnet::Construct fringe_right parent= relZ=38238.0
BLMappedMagnet::Construct fringe_left parent= relZ=38202.0
BLMappedMagnet::Construct fringe_right parent= relZ=38394.0
BLMappedMagnet::Construct fringe_left parent= relZ=38826.0
BLMappedMagnet::Construct fringe_right parent= relZ=39018.0
BLMappedMagnet::Construct fringe_left parent= relZ=38982.0
BLMappedMagnet::Construct fringe_right parent= relZ=39174.0
BLMappedMagnet::Construct fringe_left parent= relZ=39606.0
BLMappedMagnet::Construct fringe_right parent= relZ=39798.0
BLMappedMagnet::Construct fringe_left parent= relZ=39762.0
BLMappedMagnet::Construct fringe_right parent= relZ=39954.0
BLMappedMagnet::Construct fringe_left parent= relZ=40386.0
BLMappedMagnet::Construct fringe_right parent= relZ=40578.0
BLMappedMagnet::Construct fringe_left parent= relZ=40542.0
BLMappedMagnet::Construct fringe_right parent= relZ=40734.0
BLMappedMagnet::Construct fringe_left parent= relZ=41166.0
BLMappedMagnet::Construct fringe_right parent= relZ=41358.0
BLMappedMagnet::Construct fringe_left parent= relZ=41322.0
BLMappedMagnet::Construct fringe_right parent= relZ=41514.0
BLMappedMagnet::Construct fringe_left parent= relZ=41946.0
BLMappedMagnet::Construct fringe_right parent= relZ=42138.0
BLMappedMagnet::Construct fringe_left parent= relZ=42102.0
BLMappedMagnet::Construct fringe_right parent= relZ=42294.0
BLMappedMagnet::Construct fringe_left parent= relZ=42726.0
BLMappedMagnet::Construct fringe_right parent= relZ=42918.0
BLMappedMagnet::Construct fringe_left parent= relZ=42882.0
BLMappedMagnet::Construct fringe_right parent= relZ=43074.0
BLMappedMagnet::Construct fringe_left parent= relZ=43506.0
BLMappedMagnet::Construct fringe_right parent= relZ=43698.0
BLMappedMagnet::Construct fringe_left parent= relZ=43662.0
BLMappedMagnet::Construct fringe_right parent= relZ=43854.0
BLMappedMagnet::Construct fringe_left parent= relZ=44286.0
BLMappedMagnet::Construct fringe_right parent= relZ=44478.0
BLMappedMagnet::Construct fringe_left parent= relZ=44442.0
BLMappedMagnet::Construct fringe_right parent= relZ=44634.0
BLMappedMagnet::Construct fringe_left parent= relZ=45066.0
BLMappedMagnet::Construct fringe_right parent= relZ=45258.0
BLMappedMagnet::Construct fringe_left parent= relZ=45222.0
BLMappedMagnet::Construct fringe_right parent= relZ=45414.0
BLMappedMagnet::Construct fringe_left parent= relZ=45846.0
BLMappedMagnet::Construct fringe_right parent= relZ=46038.0
BLMappedMagnet::Construct fringe_left parent= relZ=46002.0
BLMappedMagnet::Construct fringe_right parent= relZ=46194.0
BLMappedMagnet::Construct fringe_left parent= relZ=46626.0
BLMappedMagnet::Construct fringe_right parent= relZ=46818.0
BLMappedMagnet::Construct fringe_left parent= relZ=46782.0
BLMappedMagnet::Construct fringe_right parent= relZ=46974.0
BLMappedMagnet::Construct fringe_left parent= relZ=47406.0
BLMappedMagnet::Construct fringe_right parent= relZ=47598.0
Checking overlaps for volume pipe:0 (G4Tubs) ... OK! 
BLCMDtubs::Construct pipe parent= relZ=115.0 globZ=115.0
	zmin=0.0 zmax=230.0 kill=1
Checking overlaps for volume pipe:0 (G4Tubs) ... OK! 
BLCMDtubs::Construct pipe parent= relZ=665.0 globZ=665.0
	zmin=550.0 zmax=780.0 kill=1
Checking overlaps for volume pipe:0 (G4Tubs) ... OK! 
BLCMDtubs::Construct pipe parent= relZ=895.0 globZ=895.0
	zmin=780.0 zmax=1010.0 kill=1
Checking overlaps for volume pipe:0 (G4Tubs) ... OK! 
BLCMDtubs::Construct pipe parent= relZ=1445.0 globZ=1445.0
	zmin=1330.0 zmax=1560.0 kill=1
Checking overlaps for volume pipe:0 (G4Tubs) ... OK! 
BLCMDtubs::Construct pipe parent= relZ=1675.0 globZ=1675.0
	zmin=1560.0 zmax=1790.0 kill=1
Checking overlaps for volume pipe:0 (G4Tubs) ... OK! 
BLCMDtubs::Construct pipe parent= relZ=2225.0 globZ=2225.0
	zmin=2110.0 zmax=2340.0 kill=1
Checking overlaps for volume pipe:0 (G4Tubs) ... OK! 
BLCMDtubs::Construct pipe parent= relZ=2455.0 globZ=2455.0
	zmin=2340.0 zmax=2570.0 kill=1
Checking overlaps for volume pipe:0 (G4Tubs) ... OK! 
BLCMDtubs::Construct pipe parent= relZ=3005.0 globZ=3005.0
	zmin=2890.0 zmax=3120.0 kill=1
Checking overlaps for volume pipe:0 (G4Tubs) ... OK! 
BLCMDtubs::Construct pipe parent= relZ=3235.0 globZ=3235.0
	zmin=3120.0 zmax=3350.0 kill=1
Checking overlaps for volume pipe:0 (G4Tubs) ... OK! 
BLCMDtubs::Construct pipe parent= relZ=3785.0 globZ=3785.0
	zmin=3670.0 zmax=3900.0 kill=1
Checking overlaps for volume pipe:0 (G4Tubs) ... OK! 
BLCMDtubs::Construct pipe parent= relZ=4015.0 globZ=4015.0
	zmin=3900.0 zmax=4130.0 kill=1
Checking overlaps for volume pipe:0 (G4Tubs) ... OK! 
BLCMDtubs::Construct pipe parent= relZ=4565.0 globZ=4565.0
	zmin=4450.0 zmax=4680.0 kill=1
Checking overlaps for volume pipe:0 (G4Tubs) ... OK! 
BLCMDtubs::Construct pipe parent= relZ=4795.0 globZ=4795.0
	zmin=4680.0 zmax=4910.0 kill=1
Checking overlaps for volume pipe:0 (G4Tubs) ... OK! 
BLCMDtubs::Construct pipe parent= relZ=5345.0 globZ=5345.0
	zmin=5230.0 zmax=5460.0 kill=1
Checking overlaps for volume pipe:0 (G4Tubs) ... OK! 
BLCMDtubs::Construct pipe parent= relZ=5575.0 globZ=5575.0
	zmin=5460.0 zmax=5690.0 kill=1
Checking overlaps for volume pipe:0 (G4Tubs) ... OK! 
BLCMDtubs::Construct pipe parent= relZ=6125.0 globZ=6125.0
	zmin=6010.0 zmax=6240.0 kill=1
Checking overlaps for volume pipe:0 (G4Tubs) ... OK! 
BLCMDtubs::Construct pipe parent= relZ=6355.0 globZ=6355.0
	zmin=6240.0 zmax=6470.0 kill=1
Checking overlaps for volume pipe:0 (G4Tubs) ... OK! 
BLCMDtubs::Construct pipe parent= relZ=6905.0 globZ=6905.0
	zmin=6790.0 zmax=7020.0 kill=1
Checking overlaps for volume pipe:0 (G4Tubs) ... OK! 
BLCMDtubs::Construct pipe parent= relZ=7135.0 globZ=7135.0
	zmin=7020.0 zmax=7250.0 kill=1
Checking overlaps for volume pipe:0 (G4Tubs) ... OK! 
BLCMDtubs::Construct pipe parent= relZ=7685.0 globZ=7685.0
	zmin=7570.0 zmax=7800.0 kill=1
Checking overlaps for volume pipe:0 (G4Tubs) ... OK! 
BLCMDtubs::Construct pipe parent= relZ=7915.0 globZ=7915.0
	zmin=7800.0 zmax=8030.0 kill=1
Checking overlaps for volume pipe:0 (G4Tubs) ... OK! 
BLCMDtubs::Construct pipe parent= relZ=8465.0 globZ=8465.0
	zmin=8350.0 zmax=8580.0 kill=1
Checking overlaps for volume pipe:0 (G4Tubs) ... OK! 
BLCMDtubs::Construct pipe parent= relZ=8695.0 globZ=8695.0
	zmin=8580.0 zmax=8810.0 kill=1
Checking overlaps for volume pipe:0 (G4Tubs) ... OK! 
BLCMDtubs::Construct pipe parent= relZ=9245.0 globZ=9245.0
	zmin=9130.0 zmax=9360.0 kill=1
Checking overlaps for volume pipe:0 (G4Tubs) ... OK! 
BLCMDtubs::Construct pipe parent= relZ=9475.0 globZ=9475.0
	zmin=9360.0 zmax=9590.0 kill=1
Checking overlaps for volume pipe:0 (G4Tubs) ... OK! 
BLCMDtubs::Construct pipe parent= relZ=10025.0 globZ=10025.0
	zmin=9910.0 zmax=10140.0 kill=1
Checking overlaps for volume pipe:0 (G4Tubs) ... OK! 
BLCMDtubs::Construct pipe parent= relZ=10255.0 globZ=10255.0
	zmin=10140.0 zmax=10370.0 kill=1
Checking overlaps for volume pipe:0 (G4Tubs) ... OK! 
BLCMDtubs::Construct pipe parent= relZ=10805.0 globZ=10805.0
	zmin=10690.0 zmax=10920.0 kill=1
Checking overlaps for volume pipe:0 (G4Tubs) ... OK! 
BLCMDtubs::Construct pipe parent= relZ=11035.0 globZ=11035.0
	zmin=10920.0 zmax=11150.0 kill=1
Checking overlaps for volume pipe:0 (G4Tubs) ... OK! 
BLCMDtubs::Construct pipe parent= relZ=11585.0 globZ=11585.0
	zmin=11470.0 zmax=11700.0 kill=1
Checking overlaps for volume pipe:0 (G4Tubs) ... OK! 
BLCMDtubs::Construct pipe parent= relZ=11815.0 globZ=11815.0
	zmin=11700.0 zmax=11930.0 kill=1
Checking overlaps for volume pipe:0 (G4Tubs) ... OK! 
BLCMDtubs::Construct pipe parent= relZ=12365.0 globZ=12365.0
	zmin=12250.0 zmax=12480.0 kill=1
Checking overlaps for volume pipe:0 (G4Tubs) ... OK! 
BLCMDtubs::Construct pipe parent= relZ=12595.0 globZ=12595.0
	zmin=12480.0 zmax=12710.0 kill=1
Checking overlaps for volume pipe:0 (G4Tubs) ... OK! 
BLCMDtubs::Construct pipe parent= relZ=13145.0 globZ=13145.0
	zmin=13030.0 zmax=13260.0 kill=1
Checking overlaps for volume pipe:0 (G4Tubs) ... OK! 
BLCMDtubs::Construct pipe parent= relZ=13375.0 globZ=13375.0
	zmin=13260.0 zmax=13490.0 kill=1
Checking overlaps for volume pipe:0 (G4Tubs) ... OK! 
BLCMDtubs::Construct pipe parent= relZ=13925.0 globZ=13925.0
	zmin=13810.0 zmax=14040.0 kill=1
Checking overlaps for volume pipe:0 (G4Tubs) ... OK! 
BLCMDtubs::Construct pipe parent= relZ=14155.0 globZ=14155.0
	zmin=14040.0 zmax=14270.0 kill=1
Checking overlaps for volume pipe:0 (G4Tubs) ... OK! 
BLCMDtubs::Construct pipe parent= relZ=14705.0 globZ=14705.0
	zmin=14590.0 zmax=14820.0 kill=1
Checking overlaps for volume pipe:0 (G4Tubs) ... OK! 
BLCMDtubs::Construct pipe parent= relZ=14935.0 globZ=14935.0
	zmin=14820.0 zmax=15050.0 kill=1
Checking overlaps for volume pipe:0 (G4Tubs) ... OK! 
BLCMDtubs::Construct pipe parent= relZ=15485.0 globZ=15485.0
	zmin=15370.0 zmax=15600.0 kill=1
Checking overlaps for volume pipe:0 (G4Tubs) ... OK! 
BLCMDtubs::Construct pipe parent= relZ=15715.0 globZ=15715.0
	zmin=15600.0 zmax=15830.0 kill=1
Checking overlaps for volume pipe:0 (G4Tubs) ... OK! 
BLCMDtubs::Construct pipe parent= relZ=16265.0 globZ=16265.0
	zmin=16150.0 zmax=16380.0 kill=1
Checking overlaps for volume pipe:0 (G4Tubs) ... OK! 
BLCMDtubs::Construct pipe parent= relZ=16495.0 globZ=16495.0
	zmin=16380.0 zmax=16610.0 kill=1
Checking overlaps for volume pipe:0 (G4Tubs) ... OK! 
BLCMDtubs::Construct pipe parent= relZ=17045.0 globZ=17045.0
	zmin=16930.0 zmax=17160.0 kill=1
Checking overlaps for volume pipe:0 (G4Tubs) ... OK! 
BLCMDtubs::Construct pipe parent= relZ=17275.0 globZ=17275.0
	zmin=17160.0 zmax=17390.0 kill=1
Checking overlaps for volume pipe:0 (G4Tubs) ... OK! 
BLCMDtubs::Construct pipe parent= relZ=17825.0 globZ=17825.0
	zmin=17710.0 zmax=17940.0 kill=1
Checking overlaps for volume pipe:0 (G4Tubs) ... OK! 
BLCMDtubs::Construct pipe parent= relZ=18055.0 globZ=18055.0
	zmin=17940.0 zmax=18170.0 kill=1
Checking overlaps for volume pipe:0 (G4Tubs) ... OK! 
BLCMDtubs::Construct pipe parent= relZ=18605.0 globZ=18605.0
	zmin=18490.0 zmax=18720.0 kill=1
Checking overlaps for volume pipe:0 (G4Tubs) ... OK! 
BLCMDtubs::Construct pipe parent= relZ=18835.0 globZ=18835.0
	zmin=18720.0 zmax=18950.0 kill=1
Checking overlaps for volume pipe:0 (G4Tubs) ... OK! 
BLCMDtubs::Construct pipe parent= relZ=19385.0 globZ=19385.0
	zmin=19270.0 zmax=19500.0 kill=1
Checking overlaps for volume pipe:0 (G4Tubs) ... OK! 
BLCMDtubs::Construct pipe parent= relZ=19615.0 globZ=19615.0
	zmin=19500.0 zmax=19730.0 kill=1
Checking overlaps for volume pipe:0 (G4Tubs) ... OK! 
BLCMDtubs::Construct pipe parent= relZ=20165.0 globZ=20165.0
	zmin=20050.0 zmax=20280.0 kill=1
Checking overlaps for volume pipe:0 (G4Tubs) ... OK! 
BLCMDtubs::Construct pipe parent= relZ=20395.0 globZ=20395.0
	zmin=20280.0 zmax=20510.0 kill=1
Checking overlaps for volume pipe:0 (G4Tubs) ... OK! 
BLCMDtubs::Construct pipe parent= relZ=20945.0 globZ=20945.0
	zmin=20830.0 zmax=21060.0 kill=1
Checking overlaps for volume pipe:0 (G4Tubs) ... OK! 
BLCMDtubs::Construct pipe parent= relZ=21175.0 globZ=21175.0
	zmin=21060.0 zmax=21290.0 kill=1
Checking overlaps for volume pipe:0 (G4Tubs) ... OK! 
BLCMDtubs::Construct pipe parent= relZ=21725.0 globZ=21725.0
	zmin=21610.0 zmax=21840.0 kill=1
Checking overlaps for volume pipe:0 (G4Tubs) ... OK! 
BLCMDtubs::Construct pipe parent= relZ=21955.0 globZ=21955.0
	zmin=21840.0 zmax=22070.0 kill=1
Checking overlaps for volume pipe:0 (G4Tubs) ... OK! 
BLCMDtubs::Construct pipe parent= relZ=22505.0 globZ=22505.0
	zmin=22390.0 zmax=22620.0 kill=1
Checking overlaps for volume pipe:0 (G4Tubs) ... OK! 
BLCMDtubs::Construct pipe parent= relZ=22735.0 globZ=22735.0
	zmin=22620.0 zmax=22850.0 kill=1
Checking overlaps for volume pipe:0 (G4Tubs) ... OK! 
BLCMDtubs::Construct pipe parent= relZ=23285.0 globZ=23285.0
	zmin=23170.0 zmax=23400.0 kill=1
Checking overlaps for volume pipe:0 (G4Tubs) ... OK! 
BLCMDtubs::Construct pipe parent= relZ=23515.0 globZ=23515.0
	zmin=23400.0 zmax=23630.0 kill=1
Checking overlaps for volume pipe:0 (G4Tubs) ... OK! 
BLCMDtubs::Construct pipe parent= relZ=24065.0 globZ=24065.0
	zmin=23950.0 zmax=24180.0 kill=1
Checking overlaps for volume pipe:0 (G4Tubs) ... OK! 
BLCMDtubs::Construct pipe parent= relZ=24295.0 globZ=24295.0
	zmin=24180.0 zmax=24410.0 kill=1
Checking overlaps for volume pipe:0 (G4Tubs) ... OK! 
BLCMDtubs::Construct pipe parent= relZ=24845.0 globZ=24845.0
	zmin=24730.0 zmax=24960.0 kill=1
Checking overlaps for volume pipe:0 (G4Tubs) ... OK! 
BLCMDtubs::Construct pipe parent= relZ=25075.0 globZ=25075.0
	zmin=24960.0 zmax=25190.0 kill=1
Checking overlaps for volume pipe:0 (G4Tubs) ... OK! 
BLCMDtubs::Construct pipe parent= relZ=25625.0 globZ=25625.0
	zmin=25510.0 zmax=25740.0 kill=1
Checking overlaps for volume pipe:0 (G4Tubs) ... OK! 
BLCMDtubs::Construct pipe parent= relZ=25855.0 globZ=25855.0
	zmin=25740.0 zmax=25970.0 kill=1
Checking overlaps for volume pipe:0 (G4Tubs) ... OK! 
BLCMDtubs::Construct pipe parent= relZ=26405.0 globZ=26405.0
	zmin=26290.0 zmax=26520.0 kill=1
Checking overlaps for volume pipe:0 (G4Tubs) ... OK! 
BLCMDtubs::Construct pipe parent= relZ=26635.0 globZ=26635.0
	zmin=26520.0 zmax=26750.0 kill=1
Checking overlaps for volume pipe:0 (G4Tubs) ... OK! 
BLCMDtubs::Construct pipe parent= relZ=27185.0 globZ=27185.0
	zmin=27070.0 zmax=27300.0 kill=1
Checking overlaps for volume pipe:0 (G4Tubs) ... OK! 
BLCMDtubs::Construct pipe parent= relZ=27415.0 globZ=27415.0
	zmin=27300.0 zmax=27530.0 kill=1
Checking overlaps for volume pipe:0 (G4Tubs) ... OK! 
BLCMDtubs::Construct pipe parent= relZ=27965.0 globZ=27965.0
	zmin=27850.0 zmax=28080.0 kill=1
Checking overlaps for volume pipe:0 (G4Tubs) ... OK! 
BLCMDtubs::Construct pipe parent= relZ=28195.0 globZ=28195.0
	zmin=28080.0 zmax=28310.0 kill=1
Checking overlaps for volume pipe:0 (G4Tubs) ... OK! 
BLCMDtubs::Construct pipe parent= relZ=28745.0 globZ=28745.0
	zmin=28630.0 zmax=28860.0 kill=1
Checking overlaps for volume pipe:0 (G4Tubs) ... OK! 
BLCMDtubs::Construct pipe parent= relZ=28975.0 globZ=28975.0
	zmin=28860.0 zmax=29090.0 kill=1
Checking overlaps for volume pipe:0 (G4Tubs) ... OK! 
BLCMDtubs::Construct pipe parent= relZ=29525.0 globZ=29525.0
	zmin=29410.0 zmax=29640.0 kill=1
Checking overlaps for volume pipe:0 (G4Tubs) ... OK! 
BLCMDtubs::Construct pipe parent= relZ=29755.0 globZ=29755.0
	zmin=29640.0 zmax=29870.0 kill=1
Checking overlaps for volume pipe:0 (G4Tubs) ... OK! 
BLCMDtubs::Construct pipe parent= relZ=30305.0 globZ=30305.0
	zmin=30190.0 zmax=30420.0 kill=1
Checking overlaps for volume pipe:0 (G4Tubs) ... OK! 
BLCMDtubs::Construct pipe parent= relZ=30535.0 globZ=30535.0
	zmin=30420.0 zmax=30650.0 kill=1
Checking overlaps for volume pipe:0 (G4Tubs) ... OK! 
BLCMDtubs::Construct pipe parent= relZ=31085.0 globZ=31085.0
	zmin=30970.0 zmax=31200.0 kill=1
Checking overlaps for volume pipe:0 (G4Tubs) ... OK! 
BLCMDtubs::Construct pipe parent= relZ=31315.0 globZ=31315.0
	zmin=31200.0 zmax=31430.0 kill=1
Checking overlaps for volume pipe:0 (G4Tubs) ... OK! 
BLCMDtubs::Construct pipe parent= relZ=31865.0 globZ=31865.0
	zmin=31750.0 zmax=31980.0 kill=1
Checking overlaps for volume pipe:0 (G4Tubs) ... OK! 
BLCMDtubs::Construct pipe parent= relZ=32095.0 globZ=32095.0
	zmin=31980.0 zmax=32210.0 kill=1
Checking overlaps for volume pipe:0 (G4Tubs) ... OK! 
BLCMDtubs::Construct pipe parent= relZ=32645.0 globZ=32645.0
	zmin=32530.0 zmax=32760.0 kill=1
Checking overlaps for volume pipe:0 (G4Tubs) ... OK! 
BLCMDtubs::Construct pipe parent= relZ=32875.0 globZ=32875.0
	zmin=32760.0 zmax=32990.0 kill=1
Checking overlaps for volume pipe:0 (G4Tubs) ... OK! 
BLCMDtubs::Construct pipe parent= relZ=33425.0 globZ=33425.0
	zmin=33310.0 zmax=33540.0 kill=1
Checking overlaps for volume pipe:0 (G4Tubs) ... OK! 
BLCMDtubs::Construct pipe parent= relZ=33655.0 globZ=33655.0
	zmin=33540.0 zmax=33770.0 kill=1
Checking overlaps for volume pipe:0 (G4Tubs) ... OK! 
BLCMDtubs::Construct pipe parent= relZ=34205.0 globZ=34205.0
	zmin=34090.0 zmax=34320.0 kill=1
Checking overlaps for volume pipe:0 (G4Tubs) ... OK! 
BLCMDtubs::Construct pipe parent= relZ=34435.0 globZ=34435.0
	zmin=34320.0 zmax=34550.0 kill=1
Checking overlaps for volume pipe:0 (G4Tubs) ... OK! 
BLCMDtubs::Construct pipe parent= relZ=34985.0 globZ=34985.0
	zmin=34870.0 zmax=35100.0 kill=1
Checking overlaps for volume pipe:0 (G4Tubs) ... OK! 
BLCMDtubs::Construct pipe parent= relZ=35215.0 globZ=35215.0
	zmin=35100.0 zmax=35330.0 kill=1
Checking overlaps for volume pipe:0 (G4Tubs) ... OK! 
BLCMDtubs::Construct pipe parent= relZ=35765.0 globZ=35765.0
	zmin=35650.0 zmax=35880.0 kill=1
Checking overlaps for volume pipe:0 (G4Tubs) ... OK! 
BLCMDtubs::Construct pipe parent= relZ=35995.0 globZ=35995.0
	zmin=35880.0 zmax=36110.0 kill=1
Checking overlaps for volume pipe:0 (G4Tubs) ... OK! 
BLCMDtubs::Construct pipe parent= relZ=36545.0 globZ=36545.0
	zmin=36430.0 zmax=36660.0 kill=1
Checking overlaps for volume pipe:0 (G4Tubs) ... OK! 
BLCMDtubs::Construct pipe parent= relZ=36775.0 globZ=36775.0
	zmin=36660.0 zmax=36890.0 kill=1
Checking overlaps for volume pipe:0 (G4Tubs) ... OK! 
BLCMDtubs::Construct pipe parent= relZ=37325.0 globZ=37325.0
	zmin=37210.0 zmax=37440.0 kill=1
Checking overlaps for volume pipe:0 (G4Tubs) ... OK! 
BLCMDtubs::Construct pipe parent= relZ=37555.0 globZ=37555.0
	zmin=37440.0 zmax=37670.0 kill=1
Checking overlaps for volume pipe:0 (G4Tubs) ... OK! 
BLCMDtubs::Construct pipe parent= relZ=38105.0 globZ=38105.0
	zmin=37990.0 zmax=38220.0 kill=1
Checking overlaps for volume pipe:0 (G4Tubs) ... OK! 
BLCMDtubs::Construct pipe parent= relZ=38335.0 globZ=38335.0
	zmin=38220.0 zmax=38450.0 kill=1
Checking overlaps for volume pipe:0 (G4Tubs) ... OK! 
BLCMDtubs::Construct pipe parent= relZ=38885.0 globZ=38885.0
	zmin=38770.0 zmax=39000.0 kill=1
Checking overlaps for volume pipe:0 (G4Tubs) ... OK! 
BLCMDtubs::Construct pipe parent= relZ=39115.0 globZ=39115.0
	zmin=39000.0 zmax=39230.0 kill=1
Checking overlaps for volume pipe:0 (G4Tubs) ... OK! 
BLCMDtubs::Construct pipe parent= relZ=39665.0 globZ=39665.0
	zmin=39550.0 zmax=39780.0 kill=1
Checking overlaps for volume pipe:0 (G4Tubs) ... OK! 
BLCMDtubs::Construct pipe parent= relZ=39895.0 globZ=39895.0
	zmin=39780.0 zmax=40010.0 kill=1
Checking overlaps for volume pipe:0 (G4Tubs) ... OK! 
BLCMDtubs::Construct pipe parent= relZ=40445.0 globZ=40445.0
	zmin=40330.0 zmax=40560.0 kill=1
Checking overlaps for volume pipe:0 (G4Tubs) ... OK! 
BLCMDtubs::Construct pipe parent= relZ=40675.0 globZ=40675.0
	zmin=40560.0 zmax=40790.0 kill=1
Checking overlaps for volume pipe:0 (G4Tubs) ... OK! 
BLCMDtubs::Construct pipe parent= relZ=41225.0 globZ=41225.0
	zmin=41110.0 zmax=41340.0 kill=1
Checking overlaps for volume pipe:0 (G4Tubs) ... OK! 
BLCMDtubs::Construct pipe parent= relZ=41455.0 globZ=41455.0
	zmin=41340.0 zmax=41570.0 kill=1
Checking overlaps for volume pipe:0 (G4Tubs) ... OK! 
BLCMDtubs::Construct pipe parent= relZ=42005.0 globZ=42005.0
	zmin=41890.0 zmax=42120.0 kill=1
Checking overlaps for volume pipe:0 (G4Tubs) ... OK! 
BLCMDtubs::Construct pipe parent= relZ=42235.0 globZ=42235.0
	zmin=42120.0 zmax=42350.0 kill=1
Checking overlaps for volume pipe:0 (G4Tubs) ... OK! 
BLCMDtubs::Construct pipe parent= relZ=42785.0 globZ=42785.0
	zmin=42670.0 zmax=42900.0 kill=1
Checking overlaps for volume pipe:0 (G4Tubs) ... OK! 
BLCMDtubs::Construct pipe parent= relZ=43015.0 globZ=43015.0
	zmin=42900.0 zmax=43130.0 kill=1
Checking overlaps for volume pipe:0 (G4Tubs) ... OK! 
BLCMDtubs::Construct pipe parent= relZ=43565.0 globZ=43565.0
	zmin=43450.0 zmax=43680.0 kill=1
Checking overlaps for volume pipe:0 (G4Tubs) ... OK! 
BLCMDtubs::Construct pipe parent= relZ=43795.0 globZ=43795.0
	zmin=43680.0 zmax=43910.0 kill=1
Checking overlaps for volume pipe:0 (G4Tubs) ... OK! 
BLCMDtubs::Construct pipe parent= relZ=44345.0 globZ=44345.0
	zmin=44230.0 zmax=44460.0 kill=1
Checking overlaps for volume pipe:0 (G4Tubs) ... OK! 
BLCMDtubs::Construct pipe parent= relZ=44575.0 globZ=44575.0
	zmin=44460.0 zmax=44690.0 kill=1
Checking overlaps for volume pipe:0 (G4Tubs) ... OK! 
BLCMDtubs::Construct pipe parent= relZ=45125.0 globZ=45125.0
	zmin=45010.0 zmax=45240.0 kill=1
Checking overlaps for volume pipe:0 (G4Tubs) ... OK! 
BLCMDtubs::Construct pipe parent= relZ=45355.0 globZ=45355.0
	zmin=45240.0 zmax=45470.0 kill=1
Checking overlaps for volume pipe:0 (G4Tubs) ... OK! 
BLCMDtubs::Construct pipe parent= relZ=45905.0 globZ=45905.0
	zmin=45790.0 zmax=46020.0 kill=1
Checking overlaps for volume pipe:0 (G4Tubs) ... OK! 
BLCMDtubs::Construct pipe parent= relZ=46135.0 globZ=46135.0
	zmin=46020.0 zmax=46250.0 kill=1
Checking overlaps for volume pipe:0 (G4Tubs) ... OK! 
BLCMDtubs::Construct pipe parent= relZ=46685.0 globZ=46685.0
	zmin=46570.0 zmax=46800.0 kill=1
Checking overlaps for volume pipe:0 (G4Tubs) ... OK! 
BLCMDtubs::Construct pipe parent= relZ=46915.0 globZ=46915.0
	zmin=46800.0 zmax=47030.0 kill=1
Checking overlaps for volume pipe:0 (G4Tubs) ... OK! 
BLCMDtubs::Construct pipe parent= relZ=47465.0 globZ=47465.0
	zmin=47350.0 zmax=47580.0 kill=1
Checking overlaps for volume rf_b_0Pipe:0 (G4Tubs) ... OK! 
Checking overlaps for volume rf_b_0UsWall:0 (G4Tubs) ... OK! 
Checking overlaps for volume rf_b_0DsWall:0 (G4Tubs) ... OK! 
**************************************************************************
*** G4Exception: GeomVol1002
***    severity: Warning
***   issued by: G4PVPlacement::CheckOverlaps()
*** description: Overlap with volume already placed !
          Overlap is detected for volume rf_b_0UsWin1:0 (G4Tubs) with rf_b_0UsWall:0 (G4Tubs)
          overlap at local point (-42.0457,-27.0584,0.00124207) by 3.75793 um  (max of 1 cases)
NOTE: Reached maximum fixed number -1- of overlaps reports for this volume !
**************************************************************************
Checking overlaps for volume rf_b_0UsWin1:0 (G4Tubs) ... Checking overlaps for volume rf_b_0DsWin1:0 (G4Tubs) ... OK! 
**************************************************************************
*** G4Exception: GeomSolids0002
***    severity: Fatal Exception
***   issued by: G4Tubs::G4Tubs()
*** description: Invalid values for radii in solid: rf_b_0win2
        pRMin = 50, pRMax = 23
**************************************************************************
g4beamline: attempting to close up after fatal G4Exception...

Exceptions: 1 Fatal, 0 Events Aborted, 0 Stuck Tracks (stopped), 1 Warnings
      1 times: GeomSolids0002
      1 times: GeomVol1002
g4beamline: simulation aborted
