#BLTrackFile solenoid_cooling_channel
#x y z Px Py Pz t PDGid EvNum TrkId Parent weight
-1.686440 -2.261040 0 0.000000 0.000000 203.000000 1492.610000 -13 1 1 0 1.000000
-1.765770 -2.545800 0 2.700160 16.597900 209.822000 1492.620000 -13 2 1 0 1.000000
-3.138490 -5.551690 0 -0.285583 -4.970920 204.766000 1492.540000 -13 3 1 0 1.000000
-0.719397 1.797190 0 25.225400 3.183400 209.779000 1492.540000 -13 4 1 0 1.000000
-4.616010 -2.535380 0 -7.243490 -17.148000 202.215000 1492.470000 -13 5 1 0 1.000000
0.851338 -6.695380 0 -4.435590 -1.752630 201.049000 1492.490000 -13 6 1 0 1.000000
-3.969730 -1.039550 0 -15.558000 11.644500 216.073000 1492.510000 -13 7 1 0 1.000000
-3.866490 -5.473920 0 10.730700 -0.527591 206.201000 1492.520000 -13 8 1 0 1.000000
3.181430 -0.784888 0 3.197750 13.849800 210.386000 1492.600000 -13 9 1 0 1.000000
-0.009521 -4.710480 0 -4.682610 -1.726870 186.881000 1492.550000 -13 10 1 0 1.000000
-0.793293 -3.839570 0 13.317500 -13.580700 210.459000 1492.660000 -13 11 1 0 1.000000
-2.609200 -0.511982 0 2.052190 -16.022400 210.933000 1492.700000 -13 12 1 0 1.000000
-3.197180 -3.872580 0 25.786200 -11.567500 205.538000 1492.770000 -13 13 1 0 1.000000
-2.578010 -7.158740 0 -0.861151 -0.510056 201.037000 1492.820000 -13 14 1 0 1.000000
-9.539170 1.822670 0 14.641500 -14.407800 207.497000 1492.760000 -13 15 1 0 1.000000
4.226770 4.342340 0 8.573350 0.354176 212.770000 1492.600000 -13 16 1 0 1.000000
-0.839516 -3.917690 0 7.499980 -16.034800 200.852000 1492.640000 -13 17 1 0 1.000000
1.906100 -4.531050 0 -6.061270 12.557300 203.268000 1492.610000 -13 18 1 0 1.000000
0.655980 -2.449350 0 -1.234170 1.894570 208.129000 1492.660000 -13 19 1 0 1.000000
-0.444836 -1.978460 0 -3.196330 -18.747300 220.385000 1492.610000 -13 20 1 0 1.000000
2.388210 3.333230 0 9.210120 25.828800 195.823000 1492.480000 -13 21 1 0 1.000000
-9.023710 -2.010210 0 -18.577000 -13.282700 212.541000 1492.690000 -13 22 1 0 1.000000
-1.594410 -3.198690 0 0.583887 0.927505 212.496000 1492.690000 -13 23 1 0 1.000000
-1.802070 0.469886 0 15.915900 13.371600 190.670000 1492.660000 -13 24 1 0 1.000000
-0.240168 -2.340750 0 24.543600 15.418100 197.735000 1492.600000 -13 25 1 0 1.000000
-3.560410 -1.001690 0 3.216790 0.531395 208.533000 1492.630000 -13 26 1 0 1.000000
1.666990 0.271069 0 -24.591100 -4.197480 202.457000 1492.580000 -13 27 1 0 1.000000
-3.539630 0.292557 0 25.584400 -16.072800 196.370000 1492.650000 -13 28 1 0 1.000000
1.995200 -5.695330 0 -14.405200 0.673543 210.302000 1492.580000 -13 29 1 0 1.000000
-2.128260 0.667254 0 7.755620 15.811500 197.816000 1492.680000 -13 30 1 0 1.000000
-4.341150 -0.450897 0 -9.192090 -5.681560 209.201000 1492.640000 -13 31 1 0 1.000000
-2.434180 -3.745980 0 6.471220 0.782421 209.467000 1492.520000 -13 32 1 0 1.000000
1.617930 -1.408900 0 8.914970 -6.834940 190.951000 1492.600000 -13 33 1 0 1.000000
-4.844110 -6.446120 0 17.196100 -10.823200 197.202000 1492.630000 -13 34 1 0 1.000000
-1.896580 -1.362040 0 -1.582310 -18.880000 205.865000 1492.490000 -13 35 1 0 1.000000
0.702985 -7.281780 0 -6.099400 10.053100 204.450000 1492.510000 -13 36 1 0 1.000000
-0.436734 2.462630 0 0.355691 25.313200 196.280000 1492.670000 -13 37 1 0 1.000000
-0.081666 2.197410 0 -9.810570 -12.656600 198.669000 1492.630000 -13 38 1 0 1.000000
-1.926090 -2.596270 0 18.867800 8.668680 208.092000 1492.610000 -13 39 1 0 1.000000
-4.531140 -2.230770 0 0.779577 7.007030 224.703000 1492.530000 -13 40 1 0 1.000000
0.075667 -8.085150 0 13.023700 -13.428900 199.925000 1492.630000 -13 41 1 0 1.000000
-0.955973 -2.875190 0 11.186900 7.979420 203.769000 1492.580000 -13 42 1 0 1.000000
3.369910 -3.679630 0 -7.438650 21.320800 208.965000 1492.740000 -13 43 1 0 1.000000
2.731560 -3.968380 0 18.524000 -0.499620 186.856000 1492.620000 -13 44 1 0 1.000000
-2.164100 -2.218030 0 -0.296045 -0.020639 189.147000 1492.700000 -13 45 1 0 1.000000
-0.306190 -7.374870 0 -4.032810 1.295810 201.821000 1492.490000 -13 46 1 0 1.000000
-5.040860 -2.654630 0 -0.478215 9.131700 201.071000 1492.550000 -13 47 1 0 1.000000
-2.735510 -2.781410 0 -0.446842 6.490410 212.708000 1492.520000 -13 48 1 0 1.000000
-5.313810 -2.435150 0 -4.700490 -8.588220 202.924000 1492.560000 -13 49 1 0 1.000000
-4.523350 -7.332340 0 -3.624640 10.960900 212.039000 1492.550000 -13 50 1 0 1.000000
-3.333140 -0.560901 0 -8.300960 9.753530 213.820000 1492.520000 -13 51 1 0 1.000000
-3.684910 -4.693150 0 26.467000 -10.510200 214.781000 1492.560000 -13 52 1 0 1.000000
-1.534150 -4.538370 0 -6.123610 -12.368800 192.200000 1492.610000 -13 53 1 0 1.000000
-3.828170 2.212450 0 28.933500 -5.752590 209.409000 1492.600000 -13 54 1 0 1.000000
-2.748350 -2.281980 0 15.261500 -16.427900 215.893000 1492.630000 -13 55 1 0 1.000000
-3.704370 -0.277448 0 8.867310 -8.896500 183.990000 1492.620000 -13 56 1 0 1.000000
-4.569890 -1.279790 0 -29.383600 -13.364700 218.129000 1492.550000 -13 57 1 0 1.000000
-6.011970 1.837490 0 1.527480 -3.132480 192.910000 1492.590000 -13 58 1 0 1.000000
-1.665310 -3.348760 0 -2.802050 -3.911250 198.799000 1492.730000 -13 59 1 0 1.000000
0.131985 -1.322270 0 -0.929415 -1.592980 201.317000 1492.600000 -13 60 1 0 1.000000
1.918260 -2.757600 0 -47.499300 12.527000 230.547000 1492.670000 -13 61 1 0 1.000000
-1.014450 -3.129510 0 25.218200 -5.917080 196.779000 1492.760000 -13 62 1 0 1.000000
-2.003160 3.305070 0 -23.406000 8.316900 211.715000 1492.600000 -13 63 1 0 1.000000
-1.596540 -0.387892 0 9.086410 -12.485200 197.118000 1492.510000 -13 64 1 0 1.000000
-4.983930 -2.599650 0 -6.379280 -15.515900 206.775000 1492.520000 -13 65 1 0 1.000000
-3.222360 -5.564510 0 -5.168310 17.460700 199.631000 1492.570000 -13 66 1 0 1.000000
5.701170 -3.283810 0 17.628400 6.321680 203.242000 1492.610000 -13 67 1 0 1.000000
6.333770 -3.613860 0 -21.854700 9.188680 206.646000 1492.630000 -13 68 1 0 1.000000
1.850750 -3.058460 0 3.931690 -5.609120 209.643000 1492.660000 -13 69 1 0 1.000000
-0.892994 1.076740 0 -12.915600 18.011200 205.558000 1492.730000 -13 70 1 0 1.000000
-2.931860 -3.124210 0 -21.605800 40.610300 222.625000 1492.570000 -13 71 1 0 1.000000
-4.369910 -8.991930 0 -0.392904 3.024880 221.335000 1492.520000 -13 72 1 0 1.000000
-3.055330 -5.836010 0 -15.601200 -21.611300 216.972000 1492.560000 -13 73 1 0 1.000000
-0.926348 0.800239 0 0.670832 -18.471500 202.912000 1492.600000 -13 74 1 0 1.000000
-3.101270 0.661922 0 -31.709500 7.584580 215.310000 1492.530000 -13 75 1 0 1.000000
-2.047860 -4.291640 0 6.907960 20.984500 203.635000 1492.510000 -13 76 1 0 1.000000
1.910810 -6.334000 0 6.409600 17.034300 191.505000 1492.580000 -13 77 1 0 1.000000
-0.416552 -1.579580 0 1.850110 2.990400 206.958000 1492.710000 -13 78 1 0 1.000000
-3.768710 -1.419440 0 3.551620 -11.253200 218.249000 1492.680000 -13 79 1 0 1.000000
-4.799010 2.340920 0 -17.839300 3.462580 196.281000 1492.520000 -13 80 1 0 1.000000
-2.400480 -1.776110 0 -11.338800 12.399000 217.642000 1492.520000 -13 81 1 0 1.000000
-4.052500 -7.616400 0 10.330200 -20.347800 193.357000 1492.510000 -13 82 1 0 1.000000
-2.804780 -3.886690 0 -3.523680 -1.853900 216.505000 1492.490000 -13 83 1 0 1.000000
1.468630 0.398087 0 0.026022 5.708970 212.812000 1492.720000 -13 84 1 0 1.000000
0.361035 -3.157880 0 9.063670 1.159850 193.235000 1492.650000 -13 85 1 0 1.000000
-2.248550 -2.580370 0 -7.703960 3.839070 188.659000 1492.580000 -13 86 1 0 1.000000
-0.063727 -0.577406 0 7.394900 12.850100 215.734000 1492.590000 -13 87 1 0 1.000000
1.648950 -3.038320 0 1.079110 17.154000 234.202000 1492.610000 -13 88 1 0 1.000000
2.217130 -1.790510 0 -5.899770 -0.209569 194.011000 1492.590000 -13 89 1 0 1.000000
0.543822 -6.340090 0 0.157445 10.365400 196.581000 1492.660000 -13 90 1 0 1.000000
1.698590 0.977355 0 -13.015400 -2.955680 219.062000 1492.720000 -13 91 1 0 1.000000
3.166960 -3.860160 0 2.076890 -9.372410 191.777000 1492.530000 -13 92 1 0 1.000000
-0.241517 -7.733420 0 3.344840 1.541090 207.257000 1492.710000 -13 93 1 0 1.000000
-0.466032 -5.585600 0 8.380580 -11.012000 194.047000 1492.570000 -13 94 1 0 1.000000
-0.715849 -3.348780 0 -0.301668 -20.144500 211.318000 1492.600000 -13 95 1 0 1.000000
2.378030 -11.663100 0 -0.108409 0.494771 216.061000 1492.550000 -13 96 1 0 1.000000
-1.253320 -3.672450 0 -12.206500 18.991800 204.524000 1492.660000 -13 97 1 0 1.000000
-5.561050 -1.702290 0 2.229000 31.425000 198.312000 1492.710000 -13 98 1 0 1.000000
0.050317 -3.673140 0 -10.158100 14.517100 187.449000 1492.590000 -13 99 1 0 1.000000
3.352280 -1.029830 0 2.922460 -1.550400 219.385000 1492.660000 -13 100 1 0 1.000000
0.103509 -6.767700 0 -2.017890 -4.016750 211.439000 1492.450000 -13 101 1 0 1.000000
-0.896035 -3.570720 0 13.380000 -7.388810 194.137000 1492.750000 -13 102 1 0 1.000000
-1.313370 -4.230540 0 -1.083800 -5.414830 221.769000 1492.660000 -13 103 1 0 1.000000
-4.413850 -3.544230 0 -2.864600 -1.985040 213.772000 1492.520000 -13 104 1 0 1.000000
-3.499370 -4.659850 0 7.422880 13.367400 209.513000 1492.580000 -13 105 1 0 1.000000
-4.086500 -4.006180 0 5.678840 4.138160 209.788000 1492.540000 -13 106 1 0 1.000000
-6.759790 -7.128140 0 -1.173960 -4.424730 212.375000 1492.700000 -13 107 1 0 1.000000
-1.493490 -1.108640 0 -0.506418 -6.241090 193.392000 1492.710000 -13 108 1 0 1.000000
-0.129776 -6.998520 0 15.521100 12.514600 203.021000 1492.660000 -13 109 1 0 1.000000
-2.267310 2.533390 0 -7.870660 13.654700 213.795000 1492.580000 -13 110 1 0 1.000000
-4.985870 -3.062780 0 11.405600 -7.997200 200.623000 1492.680000 -13 111 1 0 1.000000
-7.707340 -3.562680 0 8.204440 -5.037300 203.828000 1492.560000 -13 112 1 0 1.000000
0.835891 -1.166910 0 0.297409 15.135200 222.594000 1492.500000 -13 113 1 0 1.000000
-3.277480 -0.531783 0 -3.328800 8.480120 192.309000 1492.680000 -13 114 1 0 1.000000
-9.124780 -1.192400 0 10.801400 -20.957400 218.033000 1492.700000 -13 115 1 0 1.000000
-3.911340 -10.710100 0 16.909800 -0.205989 196.125000 1492.660000 -13 116 1 0 1.000000
2.791830 1.859270 0 -11.911600 -2.996150 194.286000 1492.430000 -13 117 1 0 1.000000
1.291630 -0.976492 0 2.018500 -1.199040 197.682000 1492.440000 -13 118 1 0 1.000000
1.240790 -1.116170 0 8.966620 5.933550 189.564000 1492.710000 -13 119 1 0 1.000000
-4.351910 -11.449500 0 14.824200 1.503250 195.607000 1492.660000 -13 120 1 0 1.000000
3.416120 -2.011000 0 2.611600 -5.277870 190.296000 1492.590000 -13 121 1 0 1.000000
-3.891160 -2.346250 0 -28.554700 -10.959900 224.772000 1492.570000 -13 122 1 0 1.000000
-4.489600 -1.737700 0 -21.465300 17.237600 198.867000 1492.580000 -13 123 1 0 1.000000
-1.626110 -2.773910 0 5.358710 23.984400 209.292000 1492.570000 -13 124 1 0 1.000000
1.292050 -7.361260 0 22.918900 3.929240 215.171000 1492.710000 -13 125 1 0 1.000000
-1.151180 2.802500 0 5.479120 -0.864594 197.464000 1492.570000 -13 126 1 0 1.000000
0.694346 -0.877713 0 -12.225800 4.546130 189.722000 1492.540000 -13 127 1 0 1.000000
-4.078580 -2.565270 0 14.559300 -15.358600 199.559000 1492.630000 -13 128 1 0 1.000000
-3.140560 3.999000 0 -9.115210 1.493180 207.961000 1492.500000 -13 129 1 0 1.000000
-1.481540 -5.710930 0 3.263140 -12.579600 210.717000 1492.460000 -13 130 1 0 1.000000
-4.956620 0.492303 0 -3.804340 -12.260600 218.119000 1492.700000 -13 131 1 0 1.000000
-4.427330 0.425927 0 -9.893630 6.600220 208.592000 1492.590000 -13 132 1 0 1.000000
-3.943280 -0.020175 0 -1.600840 -14.605300 184.111000 1492.650000 -13 133 1 0 1.000000
-3.291020 -1.270350 0 21.880300 -6.312410 214.586000 1492.620000 -13 134 1 0 1.000000
-2.123510 1.332340 0 -19.951000 -7.760340 203.402000 1492.550000 -13 135 1 0 1.000000
-1.909610 -9.575300 0 -6.317950 -12.164700 207.812000 1492.600000 -13 136 1 0 1.000000
-3.351480 -2.661150 0 5.997630 17.013400 193.192000 1492.690000 -13 137 1 0 1.000000
-1.536740 -4.359860 0 -20.665900 -7.776120 218.249000 1492.430000 -13 138 1 0 1.000000
-7.254390 -4.442520 0 -10.166700 -19.536300 195.215000 1492.500000 -13 139 1 0 1.000000
2.436920 -5.691450 0 3.013350 -16.864200 213.110000 1492.630000 -13 140 1 0 1.000000
-0.138762 -6.840780 0 4.519340 7.484180 200.609000 1492.710000 -13 141 1 0 1.000000
0.605848 -5.630570 0 -3.328010 -22.353900 213.092000 1492.630000 -13 142 1 0 1.000000
-1.433810 2.234870 0 5.252890 -11.479100 202.108000 1492.640000 -13 143 1 0 1.000000
-3.707410 -2.408770 0 10.749500 5.537160 216.524000 1492.540000 -13 144 1 0 1.000000
-3.721010 -2.291780 0 -5.347360 -13.031500 213.057000 1492.620000 -13 145 1 0 1.000000
5.543720 5.228950 0 -10.665500 -19.575200 210.207000 1492.690000 -13 146 1 0 1.000000
3.373610 1.325380 0 10.658000 6.066390 199.077000 1492.520000 -13 147 1 0 1.000000
2.392970 -6.400610 0 13.628800 4.566420 203.087000 1492.640000 -13 148 1 0 1.000000
-2.565190 -2.287680 0 -19.871200 -10.410300 207.682000 1492.690000 -13 149 1 0 1.000000
-8.416550 -2.364130 0 -10.811300 13.773600 205.925000 1492.630000 -13 150 1 0 1.000000
-0.468001 -5.898790 0 1.167920 10.172100 216.271000 1492.680000 -13 151 1 0 1.000000
0.614424 -1.363880 0 3.124180 -3.413880 194.400000 1492.540000 -13 152 1 0 1.000000
2.084060 -4.377210 0 -12.645500 11.053200 192.470000 1492.700000 -13 153 1 0 1.000000
1.031280 -5.366470 0 -21.227400 -3.160560 212.630000 1492.610000 -13 154 1 0 1.000000
3.545840 -1.043550 0 -4.356220 -10.826200 198.179000 1492.570000 -13 155 1 0 1.000000
0.328682 -1.426740 0 5.502390 10.523800 191.634000 1492.570000 -13 156 1 0 1.000000
4.407650 1.745520 0 0.210832 13.686600 212.200000 1492.470000 -13 157 1 0 1.000000
1.058840 -2.698020 0 -8.595470 8.863860 197.083000 1492.610000 -13 158 1 0 1.000000
-7.095250 -2.646290 0 11.821300 11.706000 206.966000 1492.500000 -13 159 1 0 1.000000
-3.583320 -8.139100 0 0.404000 -5.876510 198.305000 1492.600000 -13 160 1 0 1.000000
-2.977980 0.238208 0 13.417900 -9.332690 213.649000 1492.730000 -13 161 1 0 1.000000
-4.034200 -3.539100 0 1.609710 11.282100 226.870000 1492.510000 -13 162 1 0 1.000000
-5.993140 1.798240 0 -10.277400 -11.992700 221.776000 1492.670000 -13 163 1 0 1.000000
0.598729 -3.403500 0 -1.117290 -10.978300 202.818000 1492.640000 -13 164 1 0 1.000000
-1.122200 -3.311860 0 6.965570 -16.030900 204.541000 1492.500000 -13 165 1 0 1.000000
3.921640 -4.264420 0 -8.307580 11.780200 205.819000 1492.650000 -13 166 1 0 1.000000
-7.813330 -2.236020 0 -16.047700 4.958140 210.572000 1492.540000 -13 167 1 0 1.000000
0.129445 -2.629690 0 -21.165000 3.891700 192.951000 1492.470000 -13 168 1 0 1.000000
-0.832855 -3.457240 0 -2.602820 -27.281500 211.356000 1492.490000 -13 169 1 0 1.000000
-4.475250 0.783054 0 -4.095550 5.200410 209.949000 1492.540000 -13 170 1 0 1.000000
3.081560 -1.874010 0 -15.799200 0.778843 213.552000 1492.700000 -13 171 1 0 1.000000
-1.540440 -1.935920 0 -5.386490 -6.581140 209.041000 1492.760000 -13 172 1 0 1.000000
-2.424170 -4.359490 0 -0.858892 -10.386100 202.217000 1492.500000 -13 173 1 0 1.000000
-3.382810 -5.103420 0 -28.635000 0.059381 205.222000 1492.670000 -13 174 1 0 1.000000
-1.359070 -2.903920 0 9.511250 -13.538500 185.613000 1492.640000 -13 175 1 0 1.000000
3.442850 -3.622530 0 14.015900 15.013700 205.621000 1492.540000 -13 176 1 0 1.000000
-8.140010 -6.034480 0 1.315670 12.084900 211.812000 1492.580000 -13 177 1 0 1.000000
-0.247715 -1.844230 0 -7.683420 -1.093920 199.128000 1492.500000 -13 178 1 0 1.000000
0.187322 -2.942580 0 -6.773440 11.685200 201.867000 1492.480000 -13 179 1 0 1.000000
3.194590 -3.686910 0 24.892700 -22.417500 198.030000 1492.590000 -13 180 1 0 1.000000
-2.290700 -1.806380 0 -12.994600 11.382400 221.327000 1492.490000 -13 181 1 0 1.000000
-6.304770 -4.189540 0 0.039708 6.136570 214.213000 1492.520000 -13 182 1 0 1.000000
-0.876310 -9.910150 0 -13.722800 10.857000 214.673000 1492.640000 -13 183 1 0 1.000000
-6.626930 -8.882890 0 12.366900 40.277100 213.313000 1492.630000 -13 184 1 0 1.000000
-2.653830 -10.882700 0 -24.034700 -15.737100 199.641000 1492.610000 -13 185 1 0 1.000000
-5.001180 -6.601240 0 12.532000 15.971700 197.685000 1492.700000 -13 186 1 0 1.000000
-2.903750 0.044715 0 -2.570940 4.315620 209.938000 1492.530000 -13 187 1 0 1.000000
7.719610 -0.223753 0 -3.275970 3.480750 204.703000 1492.550000 -13 188 1 0 1.000000
-0.072563 -1.145440 0 -17.352700 -4.262550 208.055000 1492.510000 -13 189 1 0 1.000000
-5.240020 -2.336260 0 16.926900 -1.288910 204.060000 1492.710000 -13 190 1 0 1.000000
-7.267160 -3.120640 0 -6.606030 -11.141300 200.725000 1492.600000 -13 191 1 0 1.000000
2.165250 -3.505940 0 -3.472490 19.399200 210.053000 1492.710000 -13 192 1 0 1.000000
2.603920 -2.811210 0 29.958600 -4.031080 195.140000 1492.520000 -13 193 1 0 1.000000
-6.053300 -3.643300 0 0.987589 14.035500 197.161000 1492.640000 -13 194 1 0 1.000000
0.281073 -0.385697 0 8.620580 -4.779360 207.377000 1492.580000 -13 195 1 0 1.000000
-2.874650 -4.665340 0 -1.519940 12.326300 196.406000 1492.490000 -13 196 1 0 1.000000
-2.055470 -3.482680 0 -12.717100 -16.639800 201.073000 1492.680000 -13 197 1 0 1.000000
-3.823470 -5.754260 0 -24.210300 9.223480 195.220000 1492.510000 -13 198 1 0 1.000000
-1.502550 0.774898 0 6.518150 -15.689800 221.493000 1492.590000 -13 199 1 0 1.000000
1.058620 2.917270 0 -27.169800 -8.941200 192.978000 1492.690000 -13 200 1 0 1.000000
0.766536 0.173267 0 1.200590 -8.973060 203.124000 1492.490000 -13 201 1 0 1.000000
0.367403 -10.091700 0 8.251130 -2.892060 200.900000 1492.570000 -13 202 1 0 1.000000
-0.275365 -3.098140 0 4.401820 -6.081080 191.807000 1492.700000 -13 203 1 0 1.000000
-1.306630 -5.959930 0 1.582670 6.622450 200.294000 1492.590000 -13 204 1 0 1.000000
-2.161390 -4.162690 0 11.050400 24.549900 214.049000 1492.480000 -13 205 1 0 1.000000
-7.438560 -3.725910 0 -13.145800 26.952600 225.266000 1492.560000 -13 206 1 0 1.000000
-7.011260 4.464690 0 1.892610 -2.420240 226.030000 1492.730000 -13 207 1 0 1.000000
0.838553 -2.228050 0 -4.478510 -0.774317 204.867000 1492.530000 -13 208 1 0 1.000000
-5.809220 1.623910 0 41.594900 -4.460350 227.175000 1492.540000 -13 209 1 0 1.000000
-1.437340 -1.494110 0 -0.321709 -12.575100 206.574000 1492.600000 -13 210 1 0 1.000000
-7.232600 1.078440 0 18.378400 -2.634580 222.097000 1492.640000 -13 211 1 0 1.000000
-1.256730 -5.600330 0 11.909200 -30.735900 211.095000 1492.530000 -13 212 1 0 1.000000
-9.211910 7.783720 0 -1.523220 -7.484520 220.600000 1492.570000 -13 213 1 0 1.000000
-2.964410 1.064670 0 12.489400 12.278600 198.508000 1492.560000 -13 214 1 0 1.000000
-2.369290 -5.925480 0 -2.064070 -21.401800 204.990000 1492.660000 -13 215 1 0 1.000000
-8.520500 -7.290410 0 -13.717500 0.574677 206.600000 1492.670000 -13 216 1 0 1.000000
-1.689080 -0.244061 0 -3.107050 -0.054157 188.563000 1492.690000 -13 217 1 0 1.000000
-6.527840 -8.132840 0 1.564860 -4.104140 210.975000 1492.770000 -13 218 1 0 1.000000
-7.467580 -4.944190 0 -4.810530 -10.101000 199.751000 1492.600000 -13 219 1 0 1.000000
1.219160 -1.963210 0 -2.806930 11.022500 194.064000 1492.750000 -13 220 1 0 1.000000
-1.184440 -2.050580 0 -10.960900 -0.280573 218.507000 1492.640000 -13 221 1 0 1.000000
-1.391450 -2.901690 0 1.382430 -14.464600 206.134000 1492.430000 -13 222 1 0 1.000000
0.311338 -5.382440 0 -4.847180 -17.874700 218.880000 1492.580000 -13 223 1 0 1.000000
-0.959258 -1.781130 0 -0.555881 3.287240 208.297000 1492.650000 -13 224 1 0 1.000000
0.190583 -0.032049 0 14.340500 8.957900 212.513000 1492.580000 -13 225 1 0 1.000000
3.715750 -1.117110 0 5.801360 10.790100 204.868000 1492.760000 -13 226 1 0 1.000000
-2.647570 1.532160 0 -12.344600 -39.490200 223.731000 1492.740000 -13 227 1 0 1.000000
-5.690330 2.849060 0 9.854760 -5.025150 202.584000 1492.560000 -13 228 1 0 1.000000
-4.822160 -1.623370 0 13.735300 -1.059810 207.002000 1492.580000 -13 229 1 0 1.000000
-6.355650 -1.074980 0 1.733780 -11.522700 198.674000 1492.600000 -13 230 1 0 1.000000
-5.561860 2.707650 0 -6.065990 -6.751040 204.875000 1492.620000 -13 231 1 0 1.000000
2.739280 1.556620 0 -30.499000 5.895830 204.230000 1492.730000 -13 232 1 0 1.000000
-4.349270 -0.671645 0 -4.851820 0.527737 196.732000 1492.550000 -13 233 1 0 1.000000
-2.358030 -7.103390 0 12.701100 -2.661300 213.234000 1492.660000 -13 234 1 0 1.000000
-2.163090 -0.158957 0 25.023000 -1.979570 202.306000 1492.520000 -13 235 1 0 1.000000
-0.261279 -1.509760 0 -10.005900 8.653030 205.966000 1492.580000 -13 236 1 0 1.000000
-2.328670 4.184490 0 -9.851940 -24.884900 203.311000 1492.700000 -13 237 1 0 1.000000
-7.753260 -6.807860 0 7.844770 36.650300 206.649000 1492.520000 -13 238 1 0 1.000000
-6.230160 -1.816850 0 17.754400 -14.809300 229.673000 1492.580000 -13 239 1 0 1.000000
-1.223300 -3.786370 0 -22.019400 -3.498110 194.407000 1492.570000 -13 240 1 0 1.000000
-1.992420 -6.471610 0 -2.731090 -18.620800 211.464000 1492.610000 -13 241 1 0 1.000000
-3.590500 -1.981900 0 -27.546000 5.238440 196.582000 1492.710000 -13 242 1 0 1.000000
2.387070 -2.801020 0 -2.271360 -3.590430 188.182000 1492.610000 -13 243 1 0 1.000000
4.681450 2.191580 0 -17.713500 5.337260 202.696000 1492.600000 -13 244 1 0 1.000000
-8.736370 -0.446106 0 -25.517100 1.934410 205.027000 1492.600000 -13 245 1 0 1.000000
-4.747030 -2.460070 0 8.433390 12.505100 225.762000 1492.530000 -13 246 1 0 1.000000
-0.393500 0.406129 0 2.443790 -6.455640 199.043000 1492.580000 -13 247 1 0 1.000000
-0.563015 -0.726490 0 1.306150 30.196000 204.077000 1492.560000 -13 248 1 0 1.000000
2.419510 -4.092700 0 11.796200 1.710620 207.891000 1492.570000 -13 249 1 0 1.000000
0.280248 -4.695740 0 -1.955800 2.291380 203.390000 1492.520000 -13 250 1 0 1.000000
-2.634770 -5.828900 0 -17.243600 0.015222 207.350000 1492.590000 -13 251 1 0 1.000000
-3.458800 -3.473400 0 3.119820 -9.458790 211.576000 1492.550000 -13 252 1 0 1.000000
-1.587510 -0.155683 0 11.499800 17.299900 209.366000 1492.540000 -13 253 1 0 1.000000
-4.392780 -1.508750 0 4.728000 -18.463400 232.227000 1492.520000 -13 254 1 0 1.000000
-2.174990 -2.107890 0 8.962810 16.857100 206.458000 1492.560000 -13 255 1 0 1.000000
-1.994750 -2.351660 0 11.326400 -26.945100 202.036000 1492.660000 -13 256 1 0 1.000000
-6.767390 -3.161610 0 18.142100 4.997240 220.500000 1492.640000 -13 257 1 0 1.000000
1.340790 -3.018550 0 -11.023600 5.380380 195.445000 1492.710000 -13 258 1 0 1.000000
-3.549250 0.024527 0 -6.232930 -3.129610 211.809000 1492.570000 -13 259 1 0 1.000000
-3.165830 -0.779855 0 17.656900 5.928360 214.860000 1492.510000 -13 260 1 0 1.000000
-2.121610 -1.136040 0 9.253720 -4.126450 207.552000 1492.640000 -13 261 1 0 1.000000
-1.806530 -3.507600 0 -8.694410 -18.116000 202.122000 1492.520000 -13 262 1 0 1.000000
1.342320 -2.404400 0 -21.105800 4.573780 201.239000 1492.570000 -13 263 1 0 1.000000
3.929160 -1.577670 0 -22.241700 -12.575800 196.946000 1492.620000 -13 264 1 0 1.000000
-3.906710 3.824230 0 -15.708500 -1.948310 213.073000 1492.740000 -13 265 1 0 1.000000
-3.493720 -6.280130 0 -3.420120 13.427300 210.627000 1492.590000 -13 266 1 0 1.000000
-2.979190 -3.992710 0 -8.152070 -13.572600 213.055000 1492.450000 -13 267 1 0 1.000000
-2.193580 -0.146138 0 -1.822090 14.795200 206.052000 1492.720000 -13 268 1 0 1.000000
-3.738320 3.022260 0 -18.213000 8.359640 208.722000 1492.560000 -13 269 1 0 1.000000
5.609530 -0.299591 0 -7.439780 -10.057500 215.329000 1492.660000 -13 270 1 0 1.000000
-2.599950 1.964660 0 20.759100 8.257730 207.153000 1492.690000 -13 271 1 0 1.000000
-1.760400 -1.818140 0 0.433339 -2.428850 211.031000 1492.690000 -13 272 1 0 1.000000
-0.544832 -3.344330 0 -4.634080 22.040300 198.987000 1492.520000 -13 273 1 0 1.000000
-2.905530 -5.064400 0 5.998730 -7.011610 218.852000 1492.570000 -13 274 1 0 1.000000
-2.313840 -6.234320 0 1.180320 -17.233800 196.913000 1492.680000 -13 275 1 0 1.000000
-0.964703 -7.748830 0 -10.393800 1.782380 194.944000 1492.520000 -13 276 1 0 1.000000
-0.653563 3.771010 0 0.459450 4.187280 212.159000 1492.650000 -13 277 1 0 1.000000
-7.920800 3.157870 0 -20.803000 -22.857400 198.929000 1492.660000 -13 278 1 0 1.000000
-0.769226 -1.995470 0 -27.843300 2.539500 223.049000 1492.600000 -13 279 1 0 1.000000
-4.433180 0.497439 0 23.124200 -14.541900 216.373000 1492.590000 -13 280 1 0 1.000000
-1.533640 -1.560040 0 0.573222 -3.221540 216.087000 1492.590000 -13 281 1 0 1.000000
-4.206500 2.455940 0 -12.747400 -1.073600 208.558000 1492.770000 -13 282 1 0 1.000000
-3.710380 3.519050 0 -5.225810 6.387970 205.119000 1492.550000 -13 283 1 0 1.000000
-3.197270 -0.426741 0 -2.631770 8.009630 205.986000 1492.510000 -13 284 1 0 1.000000
-1.465390 -2.703140 0 5.779790 -2.480080 203.346000 1492.700000 -13 285 1 0 1.000000
-8.499270 3.677340 0 -7.225810 -8.040000 221.976000 1492.710000 -13 286 1 0 1.000000
1.438470 -1.279880 0 -6.225630 6.600180 211.847000 1492.610000 -13 287 1 0 1.000000
-0.474392 1.692640 0 1.270860 11.804000 193.060000 1492.680000 -13 288 1 0 1.000000
-0.476060 -2.862870 0 -19.285800 29.676000 196.949000 1492.600000 -13 289 1 0 1.000000
-4.129880 -2.109750 0 4.571380 -2.083650 207.590000 1492.490000 -13 290 1 0 1.000000
1.340520 -0.549110 0 7.514170 13.745500 207.668000 1492.510000 -13 291 1 0 1.000000
-1.368480 -2.243420 0 -5.846670 0.631687 199.083000 1492.610000 -13 292 1 0 1.000000
-8.541600 -3.648210 0 -27.075900 0.050579 205.889000 1492.580000 -13 293 1 0 1.000000
-3.252700 -3.160890 0 -21.744500 -17.547900 217.160000 1492.740000 -13 294 1 0 1.000000
-2.498710 0.414257 0 -13.884800 -18.094600 187.570000 1492.670000 -13 295 1 0 1.000000
-1.843300 -0.030422 0 -12.672300 5.776030 193.427000 1492.600000 -13 296 1 0 1.000000
-4.568080 -0.986520 0 11.478000 11.469400 208.170000 1492.610000 -13 297 1 0 1.000000
-0.634020 -7.339040 0 2.693820 5.445710 210.524000 1492.640000 -13 298 1 0 1.000000
-2.971660 -0.417547 0 4.491050 16.166300 219.952000 1492.650000 -13 299 1 0 1.000000
-3.323320 -12.094900 0 14.849500 1.127050 212.739000 1492.760000 -13 300 1 0 1.000000
-2.034440 -1.836790 0 -10.913000 -5.646480 192.923000 1492.540000 -13 301 1 0 1.000000
-3.853900 -7.329260 0 -9.565970 11.557400 199.211000 1492.460000 -13 302 1 0 1.000000
-4.983220 -0.951422 0 5.037800 2.073870 207.005000 1492.740000 -13 303 1 0 1.000000
0.444867 0.962681 0 12.575600 10.740100 213.011000 1492.640000 -13 304 1 0 1.000000
-5.939710 -2.559740 0 14.008600 13.868800 227.689000 1492.640000 -13 305 1 0 1.000000
2.539760 3.577360 0 -6.857320 8.269680 196.186000 1492.610000 -13 306 1 0 1.000000
3.865020 -6.940790 0 15.470100 -6.645980 204.213000 1492.600000 -13 307 1 0 1.000000
-1.270890 1.385480 0 3.473520 -11.147400 214.901000 1492.600000 -13 308 1 0 1.000000
-1.803170 -4.212560 0 -14.563100 -22.217100 209.180000 1492.470000 -13 309 1 0 1.000000
0.786115 -6.490990 0 10.792400 30.913200 201.371000 1492.720000 -13 310 1 0 1.000000
-1.861070 3.025720 0 -13.426600 -0.154104 217.589000 1492.650000 -13 311 1 0 1.000000
-4.400600 0.534192 0 2.675020 17.956800 217.826000 1492.540000 -13 312 1 0 1.000000
-2.438410 -3.174420 0 3.584720 10.810500 200.381000 1492.480000 -13 313 1 0 1.000000
-2.844460 -2.637560 0 -3.281310 -4.331110 200.542000 1492.540000 -13 314 1 0 1.000000
-3.913850 -4.774500 0 6.520390 -5.152670 204.500000 1492.710000 -13 315 1 0 1.000000
-3.930220 -2.475670 0 -4.146750 -3.907840 216.905000 1492.700000 -13 316 1 0 1.000000
-4.384060 -3.847260 0 4.876540 8.427460 211.591000 1492.570000 -13 317 1 0 1.000000
-2.205390 -0.263302 0 7.073620 -16.841700 211.872000 1492.490000 -13 318 1 0 1.000000
1.594530 0.411669 0 -3.668150 -7.862190 187.692000 1492.670000 -13 319 1 0 1.000000
-1.719020 1.344510 0 -21.263800 10.965700 211.323000 1492.650000 -13 320 1 0 1.000000
-3.748130 -1.568350 0 3.222890 -4.601660 215.869000 1492.590000 -13 321 1 0 1.000000
-1.426900 3.214290 0 6.290390 0.252210 207.019000 1492.650000 -13 322 1 0 1.000000
-5.189010 -5.914300 0 2.771160 -1.097480 193.397000 1492.550000 -13 323 1 0 1.000000
-3.807130 -2.005270 0 -17.291000 6.275560 205.595000 1492.710000 -13 324 1 0 1.000000
0.369700 -0.887142 0 8.764850 10.305800 217.922000 1492.540000 -13 325 1 0 1.000000
-3.135540 0.922057 0 14.866400 19.964200 191.905000 1492.530000 -13 326 1 0 1.000000
-5.388800 -0.364983 0 30.947600 10.533500 217.381000 1492.520000 -13 327 1 0 1.000000
-3.760920 2.840180 0 1.412950 -11.540400 210.021000 1492.550000 -13 328 1 0 1.000000
-2.864610 1.329930 0 -19.778000 -15.160400 210.672000 1492.590000 -13 329 1 0 1.000000
-0.410488 -5.127890 0 15.110600 15.457100 217.228000 1492.510000 -13 330 1 0 1.000000
-1.867420 -0.885025 0 -4.185000 6.638350 208.863000 1492.630000 -13 331 1 0 1.000000
-1.505650 -12.444200 0 8.070590 1.607160 195.776000 1492.610000 -13 332 1 0 1.000000
-4.575890 -4.050230 0 34.130600 -18.887200 212.471000 1492.660000 -13 333 1 0 1.000000
-5.257050 -4.109390 0 7.782470 13.097600 202.525000 1492.600000 -13 334 1 0 1.000000
-3.782140 1.230160 0 -19.056400 2.846530 199.590000 1492.610000 -13 335 1 0 1.000000
1.000380 -2.654390 0 -1.502760 -4.946630 212.939000 1492.710000 -13 336 1 0 1.000000
-5.684890 -2.125160 0 -32.502600 16.463000 228.754000 1492.620000 -13 337 1 0 1.000000
-3.257480 -6.030430 0 -11.514300 -4.728910 200.735000 1492.650000 -13 338 1 0 1.000000
0.711867 3.245820 0 -15.732600 13.960200 189.249000 1492.730000 -13 339 1 0 1.000000
-2.581710 -3.240650 0 8.118710 9.382400 219.688000 1492.740000 -13 340 1 0 1.000000
0.269076 1.569740 0 0.946509 4.404410 188.231000 1492.500000 -13 341 1 0 1.000000
-0.053471 -0.769930 0 -10.364200 10.317400 210.526000 1492.720000 -13 342 1 0 1.000000
2.869330 -5.662070 0 -6.902690 0.189051 194.990000 1492.540000 -13 343 1 0 1.000000
-3.935490 -0.866954 0 -5.386640 -1.632060 200.714000 1492.500000 -13 344 1 0 1.000000
2.147770 -1.383560 0 17.583500 -8.318830 204.627000 1492.640000 -13 345 1 0 1.000000
-1.864560 -2.706890 0 -6.470510 37.439600 208.277000 1492.560000 -13 346 1 0 1.000000
-3.372800 -0.211118 0 1.569900 -11.825900 225.904000 1492.720000 -13 347 1 0 1.000000
-2.184370 -4.904050 0 -1.000460 23.073300 212.802000 1492.570000 -13 348 1 0 1.000000
0.791817 1.053100 0 0.432167 -30.792600 197.267000 1492.600000 -13 349 1 0 1.000000
3.594220 0.690826 0 7.477200 -17.572500 203.253000 1492.620000 -13 350 1 0 1.000000
-7.914160 -1.834500 0 4.605160 2.658260 197.386000 1492.540000 -13 351 1 0 1.000000
1.177620 -1.512770 0 -0.571149 0.912244 202.943000 1492.650000 -13 352 1 0 1.000000
-4.168570 -2.882900 0 -23.206400 7.087710 220.769000 1492.680000 -13 353 1 0 1.000000
-4.037760 2.120230 0 -11.068000 -19.229500 208.881000 1492.560000 -13 354 1 0 1.000000
-2.099280 -2.811530 0 -17.564200 -0.100788 210.880000 1492.470000 -13 355 1 0 1.000000
-4.463680 1.120470 0 4.563760 -2.679260 206.611000 1492.500000 -13 356 1 0 1.000000
-2.283900 -8.924190 0 4.463780 14.818400 188.327000 1492.520000 -13 357 1 0 1.000000
-4.460180 -3.335700 0 -5.106700 3.933330 193.587000 1492.720000 -13 358 1 0 1.000000
-6.037170 1.548680 0 -11.531400 -25.456700 212.699000 1492.540000 -13 359 1 0 1.000000
-1.257940 -8.219210 0 7.752880 26.086600 208.927000 1492.770000 -13 360 1 0 1.000000
4.595490 5.714300 0 -4.991230 -15.655900 212.711000 1492.640000 -13 361 1 0 1.000000
-0.617280 -1.391140 0 -22.437200 14.496400 198.396000 1492.630000 -13 362 1 0 1.000000
-4.180860 -1.640860 0 -17.812700 -8.817040 204.638000 1492.560000 -13 363 1 0 1.000000
3.625590 -4.773610 0 -10.719500 21.576000 216.069000 1492.520000 -13 364 1 0 1.000000
-4.073410 0.287985 0 9.632560 -20.591100 211.848000 1492.720000 -13 365 1 0 1.000000
-1.268650 -0.468692 0 22.824400 -1.117990 195.807000 1492.590000 -13 366 1 0 1.000000
-1.228090 2.070090 0 -1.733560 -7.715020 222.040000 1492.470000 -13 367 1 0 1.000000
4.769430 0.219346 0 -9.581650 -30.897300 217.878000 1492.630000 -13 368 1 0 1.000000
-1.172920 -4.301460 0 13.988200 7.406250 220.734000 1492.620000 -13 369 1 0 1.000000
-3.041410 0.968843 0 -14.633000 -2.694140 188.992000 1492.530000 -13 370 1 0 1.000000
-2.838950 -4.741560 0 -0.688549 1.030970 183.858000 1492.530000 -13 371 1 0 1.000000
-1.396970 -5.269050 0 7.903710 0.995770 202.158000 1492.590000 -13 372 1 0 1.000000
-3.783310 -9.023810 0 -1.448100 -5.010850 211.147000 1492.630000 -13 373 1 0 1.000000
-1.766230 -0.540963 0 -3.545320 -12.808400 201.115000 1492.750000 -13 374 1 0 1.000000
1.805560 0.803925 0 8.215100 -3.346990 207.431000 1492.670000 -13 375 1 0 1.000000
0.878251 1.533710 0 2.763140 14.743500 201.857000 1492.560000 -13 376 1 0 1.000000
-0.098931 -2.063480 0 0.795665 -5.007190 198.015000 1492.450000 -13 377 1 0 1.000000
-4.293980 -8.406440 0 -17.086500 -10.239300 204.835000 1492.650000 -13 378 1 0 1.000000
0.587551 -1.839920 0 -6.891210 24.067100 200.211000 1492.660000 -13 379 1 0 1.000000
-1.030270 -0.827984 0 0.471231 19.667100 217.057000 1492.570000 -13 380 1 0 1.000000
2.105410 -3.769160 0 -16.127900 -9.201210 204.661000 1492.530000 -13 381 1 0 1.000000
0.815178 -1.023920 0 10.888000 -5.499350 219.207000 1492.540000 -13 382 1 0 1.000000
-3.699660 2.212750 0 -0.054908 20.507000 223.217000 1492.540000 -13 383 1 0 1.000000
-2.900960 5.191090 0 18.684900 -35.063900 209.058000 1492.800000 -13 384 1 0 1.000000
0.788501 1.214490 0 6.479300 30.299300 192.917000 1492.550000 -13 385 1 0 1.000000
-6.947910 -3.886150 0 -17.555800 5.055200 204.572000 1492.610000 -13 386 1 0 1.000000
-2.411270 -1.912310 0 -19.130500 -12.754800 188.414000 1492.700000 -13 387 1 0 1.000000
6.880290 0.507655 0 -11.317700 -2.448670 194.012000 1492.720000 -13 388 1 0 1.000000
1.735470 -1.183050 0 -10.778400 4.603940 219.195000 1492.700000 -13 389 1 0 1.000000
-5.141630 -2.969870 0 -13.099200 -25.968400 203.617000 1492.710000 -13 390 1 0 1.000000
-6.679320 -6.994370 0 -0.626747 7.500160 196.873000 1492.680000 -13 391 1 0 1.000000
-2.957490 0.188139 0 1.922510 8.344510 196.877000 1492.690000 -13 392 1 0 1.000000
-1.991220 -5.570220 0 3.036130 9.957730 206.768000 1492.580000 -13 393 1 0 1.000000
-0.284320 -2.343470 0 3.577760 7.989350 204.106000 1492.610000 -13 394 1 0 1.000000
-5.687620 -2.429630 0 4.226840 -3.098130 195.014000 1492.670000 -13 395 1 0 1.000000
-2.443080 -0.873308 0 -8.390980 -2.411540 222.981000 1492.700000 -13 396 1 0 1.000000
-2.738690 -5.038120 0 0.395252 -8.696900 205.823000 1492.520000 -13 397 1 0 1.000000
-1.667340 -2.049560 0 -21.187500 -3.332410 200.696000 1492.610000 -13 398 1 0 1.000000
1.846910 -2.321460 0 1.926650 -3.295530 207.056000 1492.520000 -13 399 1 0 1.000000
-0.016962 -2.706990 0 -1.298530 -3.058740 193.536000 1492.570000 -13 400 1 0 1.000000
-1.556930 1.082290 0 -19.452400 3.597410 214.951000 1492.670000 -13 401 1 0 1.000000
-7.416360 -5.441030 0 -9.311380 -1.782010 226.409000 1492.590000 -13 402 1 0 1.000000
1.007700 4.971720 0 12.077000 -10.909800 218.405000 1492.590000 -13 403 1 0 1.000000
-0.716202 2.215350 0 -0.367559 3.765810 187.250000 1492.660000 -13 404 1 0 1.000000
-6.952690 -2.040060 0 -20.465700 -15.735500 218.910000 1492.660000 -13 405 1 0 1.000000
-2.676220 0.828990 0 -0.226435 5.979090 220.249000 1492.490000 -13 406 1 0 1.000000
-4.865940 -8.980140 0 13.139700 -3.716030 217.873000 1492.590000 -13 407 1 0 1.000000
-7.406940 0.181909 0 -19.816800 -9.844040 207.550000 1492.480000 -13 408 1 0 1.000000
-7.529270 -5.083490 0 -8.904820 -28.222100 210.945000 1492.540000 -13 409 1 0 1.000000
-8.519050 -1.370150 0 3.900550 5.847310 212.181000 1492.670000 -13 410 1 0 1.000000
-5.041980 -4.862560 0 11.360600 -18.281300 200.668000 1492.830000 -13 411 1 0 1.000000
-4.043090 -2.273580 0 4.317220 -5.889710 207.446000 1492.510000 -13 412 1 0 1.000000
0.219693 -0.028392 0 3.334330 -15.975300 198.069000 1492.640000 -13 413 1 0 1.000000
-3.810850 -8.642970 0 6.621360 0.955198 214.535000 1492.570000 -13 414 1 0 1.000000
-4.589200 -4.407430 0 -2.628020 3.736360 208.297000 1492.520000 -13 415 1 0 1.000000
-0.395709 -0.162584 0 7.246200 -1.421450 222.888000 1492.550000 -13 416 1 0 1.000000
-9.265460 -0.065211 0 -14.989100 -9.292780 202.924000 1492.570000 -13 417 1 0 1.000000
5.125170 -3.866520 0 6.703270 5.471250 210.487000 1492.490000 -13 418 1 0 1.000000
4.007190 -1.308450 0 -2.501230 8.014120 210.252000 1492.790000 -13 419 1 0 1.000000
-8.692500 -7.248210 0 4.792220 -13.717600 209.948000 1492.590000 -13 420 1 0 1.000000
3.419380 1.465650 0 -12.894000 11.937100 232.949000 1492.620000 -13 421 1 0 1.000000
-2.999510 -6.668840 0 -0.614949 6.862690 216.096000 1492.630000 -13 422 1 0 1.000000
1.517530 -1.401850 0 9.873780 13.076600 205.729000 1492.610000 -13 423 1 0 1.000000
-4.752670 -3.155550 0 -11.934100 12.242800 193.941000 1492.570000 -13 424 1 0 1.000000
0.974456 -1.250750 0 3.507900 8.391140 205.905000 1492.640000 -13 425 1 0 1.000000
-0.340025 -3.648100 0 -13.939500 -13.424000 219.895000 1492.650000 -13 426 1 0 1.000000
-3.253190 -3.047250 0 30.047000 -5.101160 216.794000 1492.590000 -13 427 1 0 1.000000
4.937000 0.832543 0 -13.558100 -22.113500 208.883000 1492.500000 -13 428 1 0 1.000000
-1.590500 2.417580 0 2.641240 -13.601700 214.068000 1492.690000 -13 429 1 0 1.000000
-2.634080 -6.442170 0 14.053600 -1.023910 211.030000 1492.680000 -13 430 1 0 1.000000
-3.715580 2.249800 0 2.195820 -19.346400 205.178000 1492.480000 -13 431 1 0 1.000000
-9.211120 -5.144190 0 -0.841957 -2.815370 214.005000 1492.560000 -13 432 1 0 1.000000
-0.939889 -0.180605 0 30.210000 -6.432580 209.166000 1492.660000 -13 433 1 0 1.000000
-1.497380 -3.339190 0 -14.939200 20.471400 192.780000 1492.630000 -13 434 1 0 1.000000
-6.574350 -4.689840 0 -5.195520 -13.975300 200.679000 1492.770000 -13 435 1 0 1.000000
-0.746039 -9.264350 0 -5.041940 -28.107500 218.108000 1492.520000 -13 436 1 0 1.000000
-0.953295 -0.528893 0 -2.717150 -12.234300 208.961000 1492.510000 -13 437 1 0 1.000000
-1.236260 6.865440 0 11.632600 -15.488100 215.302000 1492.460000 -13 438 1 0 1.000000
-5.006490 -4.314010 0 29.705100 2.387580 198.038000 1492.730000 -13 439 1 0 1.000000
-1.096170 -1.328380 0 11.688400 1.624880 216.234000 1492.500000 -13 440 1 0 1.000000
1.457260 0.434461 0 -20.332600 17.275700 202.693000 1492.560000 -13 441 1 0 1.000000
-1.713530 0.310035 0 -4.536720 -6.655040 206.900000 1492.650000 -13 442 1 0 1.000000
3.022490 -0.855094 0 -17.280400 -13.816900 203.336000 1492.610000 -13 443 1 0 1.000000
-5.244420 -4.839030 0 13.875300 -0.105765 198.189000 1492.500000 -13 444 1 0 1.000000
-2.034620 2.043350 0 0.833578 10.993200 207.451000 1492.500000 -13 445 1 0 1.000000
-1.004480 0.244350 0 31.045000 -30.455100 200.948000 1492.560000 -13 446 1 0 1.000000
-7.342140 -4.400350 0 -17.120500 -1.560560 216.391000 1492.600000 -13 447 1 0 1.000000
0.005279 -6.043890 0 19.592900 19.125700 220.795000 1492.580000 -13 448 1 0 1.000000
-4.346460 -2.914470 0 2.449010 -3.286130 207.546000 1492.470000 -13 449 1 0 1.000000
1.621050 0.510314 0 -25.557600 -18.829200 190.310000 1492.540000 -13 450 1 0 1.000000
-4.197920 -1.480220 0 15.994000 -16.399900 187.501000 1492.500000 -13 451 1 0 1.000000
4.403660 -0.686835 0 -15.681000 -0.573687 216.872000 1492.680000 -13 452 1 0 1.000000
-2.765030 -5.383470 0 8.202270 -3.959620 197.677000 1492.580000 -13 453 1 0 1.000000
1.425690 -3.243980 0 -10.305800 17.278100 200.652000 1492.560000 -13 454 1 0 1.000000
-5.266480 -0.084447 0 -11.093400 -13.739700 209.734000 1492.560000 -13 455 1 0 1.000000
-2.313080 0.351818 0 4.145060 -18.496300 197.444000 1492.670000 -13 456 1 0 1.000000
-2.986890 -2.547340 0 17.083000 -20.847900 217.284000 1492.530000 -13 457 1 0 1.000000
-4.866440 -0.596226 0 5.642990 -7.466880 190.594000 1492.710000 -13 458 1 0 1.000000
3.082800 -1.093540 0 -16.981500 -6.125170 211.865000 1492.460000 -13 459 1 0 1.000000
-2.803400 -3.361700 0 -8.448730 9.418680 207.581000 1492.460000 -13 460 1 0 1.000000
-2.357980 -3.413630 0 -5.806740 3.535600 234.328000 1492.640000 -13 461 1 0 1.000000
-2.792420 -1.914080 0 -10.882600 -13.544100 198.693000 1492.550000 -13 462 1 0 1.000000
-1.179040 -1.907910 0 -21.731800 7.319490 208.821000 1492.630000 -13 463 1 0 1.000000
-8.677460 0.517515 0 9.616280 -22.084700 207.041000 1492.580000 -13 464 1 0 1.000000
-4.045530 0.618398 0 -21.001100 14.743400 221.031000 1492.630000 -13 465 1 0 1.000000
-2.583080 -1.632000 0 12.219200 15.053100 223.143000 1492.470000 -13 466 1 0 1.000000
4.312620 -0.686479 0 -8.350520 10.589300 209.569000 1492.470000 -13 467 1 0 1.000000
-9.972890 -4.369680 0 3.147490 5.606120 198.035000 1492.590000 -13 468 1 0 1.000000
-0.246194 -2.811640 0 0.186133 -13.566300 214.665000 1492.490000 -13 469 1 0 1.000000
-6.469760 -2.973970 0 15.652600 -5.456530 211.809000 1492.590000 -13 470 1 0 1.000000
-0.424573 -8.237500 0 8.004330 7.973250 219.856000 1492.550000 -13 471 1 0 1.000000
2.329140 -3.720450 0 -8.868250 1.644970 202.272000 1492.550000 -13 472 1 0 1.000000
-1.558020 -2.631210 0 12.175300 9.895400 221.404000 1492.520000 -13 473 1 0 1.000000
-1.591960 -0.925003 0 6.121250 -6.635820 198.739000 1492.530000 -13 474 1 0 1.000000
-0.919093 -4.523400 0 19.428400 -11.934600 183.760000 1492.600000 -13 475 1 0 1.000000
-1.961990 -5.056160 0 -4.141410 -21.779700 210.118000 1492.560000 -13 476 1 0 1.000000
-4.994890 1.595960 0 7.913120 -1.417770 219.769000 1492.520000 -13 477 1 0 1.000000
-2.320510 -1.015580 0 38.846400 -3.940710 214.909000 1492.510000 -13 478 1 0 1.000000
4.979480 -4.420210 0 -18.360500 -16.812200 206.432000 1492.680000 -13 479 1 0 1.000000
-5.034300 -0.902399 0 -3.443050 -7.489630 212.255000 1492.570000 -13 480 1 0 1.000000
-10.033800 -2.520790 0 -6.016950 -11.841400 216.369000 1492.710000 -13 481 1 0 1.000000
0.601040 -6.150880 0 25.173100 -21.486500 216.866000 1492.620000 -13 482 1 0 1.000000
-1.728860 -3.315440 0 -20.358000 0.947002 214.409000 1492.540000 -13 483 1 0 1.000000
-4.154140 -3.020550 0 4.549210 -6.426420 211.533000 1492.590000 -13 484 1 0 1.000000
-6.774410 -3.439180 0 5.693420 -29.800100 220.897000 1492.620000 -13 485 1 0 1.000000
1.293150 -7.261060 0 12.382300 -9.536250 205.034000 1492.630000 -13 486 1 0 1.000000
1.591130 -1.526030 0 -2.068720 -13.725100 197.609000 1492.570000 -13 487 1 0 1.000000
0.259205 -4.526920 0 0.805206 13.410700 199.854000 1492.590000 -13 488 1 0 1.000000
-3.793480 -4.763940 0 -4.199490 3.888890 194.757000 1492.660000 -13 489 1 0 1.000000
-7.467830 -6.761150 0 -0.143689 -8.861130 226.410000 1492.590000 -13 490 1 0 1.000000
-2.682040 -1.915110 0 12.781700 -2.048490 204.932000 1492.660000 -13 491 1 0 1.000000
-3.091320 -7.626830 0 17.405800 17.745300 218.441000 1492.650000 -13 492 1 0 1.000000
-1.514380 -3.309940 0 -43.519700 14.485600 223.677000 1492.550000 -13 493 1 0 1.000000
-6.313800 -5.187710 0 26.820000 14.952600 219.789000 1492.740000 -13 494 1 0 1.000000
-0.378674 -2.193650 0 -1.773660 -8.126890 210.596000 1492.610000 -13 495 1 0 1.000000
-2.150270 -4.066160 0 20.759600 -11.030300 219.684000 1492.620000 -13 496 1 0 1.000000
-6.698170 -4.340200 0 2.866610 -31.454700 207.110000 1492.540000 -13 497 1 0 1.000000
-2.569880 -2.367140 0 22.478400 -1.023200 220.568000 1492.580000 -13 498 1 0 1.000000
-2.099090 -1.924710 0 7.459450 9.838500 217.772000 1492.660000 -13 499 1 0 1.000000
3.481710 0.710363 0 -1.453700 23.068400 213.532000 1492.510000 -13 500 1 0 1.000000
-0.438358 -1.896440 0 10.245600 21.595200 203.510000 1492.720000 -13 501 1 0 1.000000
-4.800490 -2.086030 0 14.054100 22.264100 198.328000 1492.550000 -13 502 1 0 1.000000
-3.620980 -2.024070 0 22.604500 -0.236181 206.442000 1492.470000 -13 503 1 0 1.000000
-0.447505 -0.556479 0 -2.268350 0.585749 205.452000 1492.650000 -13 504 1 0 1.000000
-4.818320 -1.963790 0 12.350800 -3.218320 218.275000 1492.600000 -13 505 1 0 1.000000
-0.527373 -5.652820 0 -22.587800 18.792400 217.349000 1492.820000 -13 506 1 0 1.000000
-5.840680 0.463994 0 14.658900 20.891800 209.161000 1492.580000 -13 507 1 0 1.000000
1.884670 -1.943930 0 -10.910900 -6.414440 187.751000 1492.640000 -13 508 1 0 1.000000
-6.883220 1.087850 0 13.960700 -10.942400 193.389000 1492.670000 -13 509 1 0 1.000000
0.173167 -3.395960 0 12.077100 -16.788900 200.841000 1492.690000 -13 510 1 0 1.000000
-1.679970 1.547120 0 6.679940 -4.165170 214.595000 1492.580000 -13 511 1 0 1.000000
0.055459 -3.901750 0 -2.691040 0.366017 206.244000 1492.590000 -13 512 1 0 1.000000
0.306052 -1.699770 0 -4.387810 -5.923290 212.414000 1492.590000 -13 513 1 0 1.000000
3.161270 -4.665170 0 -6.541180 13.257800 204.922000 1492.770000 -13 514 1 0 1.000000
-0.652044 0.955060 0 -2.874780 -1.515000 195.672000 1492.360000 -13 515 1 0 1.000000
-0.058752 -0.496158 0 -8.217150 -1.446890 206.552000 1492.570000 -13 516 1 0 1.000000
-5.775030 -4.531540 0 1.647350 -16.762400 207.822000 1492.530000 -13 517 1 0 1.000000
-4.963860 3.543600 0 -8.348020 -24.628300 221.708000 1492.600000 -13 518 1 0 1.000000
-4.758000 -2.465880 0 16.000200 -11.266600 223.295000 1492.580000 -13 519 1 0 1.000000
-1.803430 -1.532830 0 16.247100 -9.805100 219.198000 1492.600000 -13 520 1 0 1.000000
0.773071 -6.054880 0 0.814526 -7.281190 222.025000 1492.690000 -13 521 1 0 1.000000
-5.453300 -4.298170 0 4.864090 -3.292280 201.368000 1492.590000 -13 522 1 0 1.000000
1.643590 -6.166620 0 14.743100 -1.880180 211.197000 1492.690000 -13 523 1 0 1.000000
-8.152950 -2.841630 0 17.050200 -3.813260 216.323000 1492.740000 -13 524 1 0 1.000000
-3.908250 -9.067030 0 22.050200 21.811000 217.106000 1492.660000 -13 525 1 0 1.000000
-4.166090 -3.025900 0 -4.851900 -13.439400 208.854000 1492.600000 -13 526 1 0 1.000000
-3.228710 -0.319006 0 -0.762479 7.111320 199.854000 1492.670000 -13 527 1 0 1.000000
-1.360740 -3.832290 0 -3.911670 10.258400 202.451000 1492.440000 -13 528 1 0 1.000000
-1.988810 4.225030 0 8.500630 16.028500 209.087000 1492.480000 -13 529 1 0 1.000000
-2.116450 -6.977190 0 5.540440 -22.811100 194.775000 1492.530000 -13 530 1 0 1.000000
-3.481460 -0.009641 0 -14.987200 -10.887200 201.246000 1492.440000 -13 531 1 0 1.000000
-1.561590 -5.807890 0 -3.622200 -7.107210 188.009000 1492.480000 -13 532 1 0 1.000000
-1.881480 1.402610 0 -5.873060 -10.901700 214.378000 1492.540000 -13 533 1 0 1.000000
-1.762250 -2.631400 0 27.753600 -15.246100 194.388000 1492.530000 -13 534 1 0 1.000000
-3.200840 -5.213710 0 -0.368009 6.117980 196.767000 1492.550000 -13 535 1 0 1.000000
1.674510 -5.369040 0 10.747900 -2.915830 191.695000 1492.690000 -13 536 1 0 1.000000
2.567200 -2.168830 0 -15.610400 -1.085860 202.429000 1492.570000 -13 537 1 0 1.000000
-4.272980 0.003647 0 -19.475600 -13.496200 216.267000 1492.550000 -13 538 1 0 1.000000
-8.921290 -7.807040 0 -6.795950 7.859470 221.993000 1492.590000 -13 539 1 0 1.000000
0.016861 -2.150020 0 -3.817850 12.260200 209.657000 1492.580000 -13 540 1 0 1.000000
-6.682240 -4.639870 0 -6.680960 -12.275600 221.712000 1492.520000 -13 541 1 0 1.000000
0.025814 -3.837080 0 7.585500 -2.681870 198.382000 1492.620000 -13 542 1 0 1.000000
0.566051 -0.289324 0 15.728600 -19.332600 217.221000 1492.730000 -13 543 1 0 1.000000
1.733030 -2.938590 0 7.118050 -9.344650 199.214000 1492.740000 -13 544 1 0 1.000000
-4.254380 0.831595 0 23.091400 -14.896800 210.965000 1492.760000 -13 545 1 0 1.000000
-4.715330 -5.036040 0 3.235300 -16.656800 203.491000 1492.470000 -13 546 1 0 1.000000
-7.074340 -2.444420 0 9.209710 -1.423920 196.060000 1492.450000 -13 547 1 0 1.000000
-7.378930 -1.064520 0 3.250490 0.108310 205.381000 1492.720000 -13 548 1 0 1.000000
-3.867800 -2.257840 0 22.069200 15.170200 223.073000 1492.570000 -13 549 1 0 1.000000
-7.099660 -6.771970 0 -15.290800 -8.568280 199.127000 1492.550000 -13 550 1 0 1.000000
-2.582670 -2.333280 0 4.706530 -11.590300 218.024000 1492.760000 -13 551 1 0 1.000000
1.248090 -8.836510 0 -6.231930 18.149100 207.693000 1492.580000 -13 552 1 0 1.000000
-4.795610 -0.644870 0 -16.799200 6.826650 211.799000 1492.610000 -13 553 1 0 1.000000
0.625535 -4.086820 0 -2.010070 6.002500 217.015000 1492.690000 -13 554 1 0 1.000000
-3.975230 -1.804970 0 -19.048800 -7.740540 226.886000 1492.550000 -13 555 1 0 1.000000
1.426000 -3.658840 0 -18.254400 -0.131883 208.591000 1492.550000 -13 556 1 0 1.000000
-0.665808 -3.028340 0 4.349390 -9.298470 205.876000 1492.550000 -13 557 1 0 1.000000
-3.329670 -1.320490 0 -9.597640 6.398670 203.754000 1492.600000 -13 558 1 0 1.000000
-0.132154 -6.195220 0 9.210920 2.231280 208.921000 1492.560000 -13 559 1 0 1.000000
-0.906483 2.130990 0 4.036420 0.131410 209.502000 1492.550000 -13 560 1 0 1.000000
-4.662580 1.363060 0 5.782660 -8.080620 216.792000 1492.700000 -13 561 1 0 1.000000
2.403040 -4.359870 0 29.278400 -3.050390 203.492000 1492.560000 -13 562 1 0 1.000000
2.379450 1.196530 0 2.515950 25.411400 195.187000 1492.600000 -13 563 1 0 1.000000
0.337098 -0.945425 0 4.625870 34.665400 194.438000 1492.620000 -13 564 1 0 1.000000
-3.321240 -3.367400 0 16.385000 29.219200 228.090000 1492.700000 -13 565 1 0 1.000000
2.176580 -0.890553 0 3.990060 -1.410860 204.190000 1492.580000 -13 566 1 0 1.000000
-3.052250 0.853873 0 -6.342430 20.443300 198.056000 1492.460000 -13 567 1 0 1.000000
-0.626185 -2.578910 0 -16.531400 0.916605 208.095000 1492.600000 -13 568 1 0 1.000000
-2.391570 1.685260 0 15.581000 2.107440 196.687000 1492.620000 -13 569 1 0 1.000000
-4.316540 -1.495010 0 10.974400 8.901510 216.784000 1492.660000 -13 570 1 0 1.000000
-3.583730 0.487704 0 -28.750400 -17.653100 216.147000 1492.500000 -13 571 1 0 1.000000
-1.249280 1.727910 0 -9.029650 24.568700 212.166000 1492.490000 -13 572 1 0 1.000000
-1.301330 -9.289790 0 -16.442900 12.758000 204.456000 1492.730000 -13 573 1 0 1.000000
-5.213530 -5.615560 0 4.351140 20.067400 217.390000 1492.510000 -13 574 1 0 1.000000
-1.988990 -0.553954 0 11.802400 2.926160 209.703000 1492.630000 -13 575 1 0 1.000000
4.032040 -2.121330 0 15.796000 4.247660 202.364000 1492.700000 -13 576 1 0 1.000000
-4.725720 -7.591350 0 -0.355934 -7.509460 201.303000 1492.680000 -13 577 1 0 1.000000
-4.210180 -2.216010 0 -8.823590 4.237910 213.302000 1492.670000 -13 578 1 0 1.000000
-3.805380 3.329780 0 -0.939973 8.448740 203.212000 1492.400000 -13 579 1 0 1.000000
-3.006460 3.521880 0 32.249600 0.474594 204.743000 1492.620000 -13 580 1 0 1.000000
1.910910 1.816300 0 20.078000 -5.770220 186.599000 1492.740000 -13 581 1 0 1.000000
2.526500 1.149640 0 0.811685 13.936700 214.997000 1492.550000 -13 582 1 0 1.000000
0.507965 -2.633710 0 3.445370 0.793584 218.000000 1492.480000 -13 583 1 0 1.000000
-2.082730 -3.800470 0 15.060900 -9.925930 210.351000 1492.620000 -13 584 1 0 1.000000
-4.541590 -3.334250 0 12.654100 11.257000 219.002000 1492.590000 -13 585 1 0 1.000000
-0.048910 0.883628 0 -6.230960 8.142200 203.043000 1492.780000 -13 586 1 0 1.000000
-2.636380 1.523700 0 -14.820400 4.847900 224.956000 1492.640000 -13 587 1 0 1.000000
-3.923500 -3.445630 0 -0.357551 12.348500 201.872000 1492.770000 -13 588 1 0 1.000000
-1.375500 -2.439940 0 -9.851600 -6.646310 210.255000 1492.680000 -13 589 1 0 1.000000
-2.111620 -1.033700 0 -1.062930 -6.593790 218.478000 1492.600000 -13 590 1 0 1.000000
-1.337610 -4.987750 0 -1.981690 24.733200 218.899000 1492.620000 -13 591 1 0 1.000000
-3.167180 -1.536180 0 11.230200 -8.463260 198.377000 1492.680000 -13 592 1 0 1.000000
-5.288410 -4.606910 0 -10.569700 12.411100 187.146000 1492.510000 -13 593 1 0 1.000000
-0.185337 -1.197330 0 -14.376100 -23.908500 221.513000 1492.710000 -13 594 1 0 1.000000
-1.501530 -6.664780 0 -3.517470 -4.640080 201.180000 1492.510000 -13 595 1 0 1.000000
-6.675410 -2.103250 0 -6.610210 -5.645580 217.584000 1492.540000 -13 596 1 0 1.000000
-2.562510 -9.049490 0 -4.116280 19.494200 215.139000 1492.520000 -13 597 1 0 1.000000
-4.516750 -4.853100 0 10.925700 -21.842800 209.805000 1492.530000 -13 598 1 0 1.000000
0.239421 -5.181390 0 22.264400 -9.917060 212.772000 1492.520000 -13 599 1 0 1.000000
-1.446920 -1.325660 0 36.617200 13.450500 206.716000 1492.710000 -13 600 1 0 1.000000
-2.647340 1.542750 0 -2.421570 0.032328 207.017000 1492.480000 -13 601 1 0 1.000000
-4.788150 -2.339390 0 -15.056900 -22.007400 215.964000 1492.640000 -13 602 1 0 1.000000
-0.290717 -3.731920 0 33.972700 -14.901100 216.048000 1492.500000 -13 603 1 0 1.000000
-0.422483 -2.613960 0 -5.238100 15.471500 213.073000 1492.660000 -13 604 1 0 1.000000
-3.299740 -4.080500 0 -12.935400 -0.352870 190.606000 1492.560000 -13 605 1 0 1.000000
-5.286620 1.161010 0 -12.153000 -0.460560 202.652000 1492.550000 -13 606 1 0 1.000000
2.657270 -7.148110 0 -5.590560 -15.151800 195.143000 1492.490000 -13 607 1 0 1.000000
-0.976156 -5.909220 0 -2.242170 -0.033188 209.798000 1492.530000 -13 608 1 0 1.000000
-6.181720 -3.115150 0 31.369800 -4.269500 198.976000 1492.510000 -13 609 1 0 1.000000
2.737910 -3.754860 0 0.039592 -1.277450 212.552000 1492.620000 -13 610 1 0 1.000000
-4.443080 -2.314400 0 -19.046700 -23.849300 207.244000 1492.550000 -13 611 1 0 1.000000
-2.858250 1.158480 0 -16.965400 8.814640 198.650000 1492.620000 -13 612 1 0 1.000000
0.516212 -5.207960 0 2.795450 9.115310 200.723000 1492.670000 -13 613 1 0 1.000000
-0.299791 0.105107 0 -4.877800 1.066700 205.712000 1492.520000 -13 614 1 0 1.000000
0.453024 -1.787920 0 -12.191000 9.725410 219.013000 1492.550000 -13 615 1 0 1.000000
-2.618600 -4.473950 0 -27.284300 8.759480 206.184000 1492.570000 -13 616 1 0 1.000000
2.717900 -4.028350 0 -8.652730 -12.760900 199.235000 1492.480000 -13 617 1 0 1.000000
-2.562040 -1.665500 0 -1.975140 12.610300 193.177000 1492.680000 -13 618 1 0 1.000000
0.375025 -2.018590 0 -4.806940 -5.244820 201.010000 1492.640000 -13 619 1 0 1.000000
1.479570 -3.226040 0 -2.784620 -19.919900 191.814000 1492.490000 -13 620 1 0 1.000000
1.151400 -8.227450 0 -16.892500 10.103900 216.442000 1492.560000 -13 621 1 0 1.000000
-3.647080 -2.301330 0 25.121700 -1.336180 198.335000 1492.680000 -13 622 1 0 1.000000
-0.342282 -4.137090 0 13.725500 14.131300 207.687000 1492.620000 -13 623 1 0 1.000000
-4.566300 -1.881470 0 6.279420 -4.808380 217.085000 1492.610000 -13 624 1 0 1.000000
2.152940 -0.050002 0 1.136440 -6.814800 202.337000 1492.760000 -13 625 1 0 1.000000
-2.387560 1.564010 0 -26.246300 5.297640 217.597000 1492.640000 -13 626 1 0 1.000000
-2.526980 -3.943210 0 10.590500 8.869790 194.850000 1492.620000 -13 627 1 0 1.000000
-4.058320 -5.960010 0 -13.388000 8.760480 203.219000 1492.630000 -13 628 1 0 1.000000
-0.152780 -0.653004 0 0.724496 2.877390 196.809000 1492.510000 -13 629 1 0 1.000000
-2.106860 0.548756 0 22.190200 0.928213 210.511000 1492.630000 -13 630 1 0 1.000000
-2.571270 -4.087650 0 -13.191100 -8.901840 213.498000 1492.520000 -13 631 1 0 1.000000
-2.746700 -1.620900 0 -20.577200 -9.510290 212.816000 1492.500000 -13 632 1 0 1.000000
-3.601690 -4.181450 0 6.614470 12.626000 202.577000 1492.660000 -13 633 1 0 1.000000
-1.840680 -7.241500 0 2.423680 3.474680 204.377000 1492.570000 -13 634 1 0 1.000000
-1.982100 0.180087 0 -2.055070 1.270430 207.421000 1492.560000 -13 635 1 0 1.000000
-5.643380 -2.030980 0 -4.186060 -1.464210 211.862000 1492.560000 -13 636 1 0 1.000000
-7.422750 1.100790 0 10.452800 -7.364050 199.913000 1492.480000 -13 637 1 0 1.000000
-0.936871 1.863730 0 1.999870 6.224850 214.585000 1492.490000 -13 638 1 0 1.000000
-5.468640 1.814600 0 -3.081690 -9.123210 210.969000 1492.490000 -13 639 1 0 1.000000
-3.178620 -3.151100 0 7.887160 4.631880 214.970000 1492.550000 -13 640 1 0 1.000000
0.566331 5.650630 0 -7.173600 -21.941400 199.789000 1492.530000 -13 641 1 0 1.000000
-1.942260 -2.866470 0 25.286200 -10.464600 209.171000 1492.640000 -13 642 1 0 1.000000
-3.023330 -3.760580 0 -5.789820 4.538540 197.689000 1492.560000 -13 643 1 0 1.000000
-7.121600 -0.811547 0 -14.364900 5.266370 220.240000 1492.550000 -13 644 1 0 1.000000
-0.445782 5.113020 0 1.482400 9.829800 215.002000 1492.500000 -13 645 1 0 1.000000
-5.375270 3.806470 0 -9.437420 6.983610 210.623000 1492.710000 -13 646 1 0 1.000000
-6.927670 -2.852580 0 2.630300 2.578590 202.851000 1492.770000 -13 647 1 0 1.000000
-0.456457 0.725927 0 -5.944580 1.104170 190.532000 1492.590000 -13 648 1 0 1.000000
-2.605680 0.517729 0 -6.126230 2.540680 222.198000 1492.730000 -13 649 1 0 1.000000
-3.906880 -2.243950 0 17.871700 21.321000 226.376000 1492.620000 -13 650 1 0 1.000000
0.533313 3.032870 0 -0.216788 -7.627950 198.819000 1492.590000 -13 651 1 0 1.000000
-4.527280 -0.349765 0 1.873920 9.944690 218.873000 1492.590000 -13 652 1 0 1.000000
-3.471900 -2.872840 0 5.926290 6.668320 197.821000 1492.560000 -13 653 1 0 1.000000
-2.801050 0.414935 0 -3.281830 10.590300 207.034000 1492.720000 -13 654 1 0 1.000000
-9.268590 3.556570 0 0.622396 15.968200 219.306000 1492.500000 -13 655 1 0 1.000000
0.571888 -4.983060 0 -5.237890 -1.824640 185.164000 1492.560000 -13 656 1 0 1.000000
-4.047520 -5.123970 0 3.597420 -11.500500 220.106000 1492.670000 -13 657 1 0 1.000000
-1.842510 -6.183330 0 -4.028310 -22.378500 212.692000 1492.700000 -13 658 1 0 1.000000
3.571440 -4.240460 0 7.838210 2.478490 186.716000 1492.480000 -13 659 1 0 1.000000
-3.433480 -0.082814 0 -14.680800 -0.246678 211.867000 1492.720000 -13 660 1 0 1.000000
-1.397870 0.482182 0 24.830200 19.435500 218.255000 1492.660000 -13 661 1 0 1.000000
-2.299640 -4.420760 0 -8.654730 -24.699900 216.573000 1492.600000 -13 662 1 0 1.000000
-3.802130 -4.908970 0 2.133220 -1.852880 206.861000 1492.660000 -13 663 1 0 1.000000
0.389257 -0.059171 0 3.855540 -4.070870 197.535000 1492.620000 -13 664 1 0 1.000000
-2.620560 1.863430 0 -7.758370 8.591420 202.520000 1492.720000 -13 665 1 0 1.000000
-1.855640 -6.096480 0 10.792500 9.175490 204.667000 1492.520000 -13 666 1 0 1.000000
-4.187880 -1.524350 0 2.724660 -2.750590 217.072000 1492.600000 -13 667 1 0 1.000000
-2.440640 -5.028290 0 -7.143550 -13.171400 224.290000 1492.530000 -13 668 1 0 1.000000
2.721320 -1.463930 0 4.773590 3.384730 209.257000 1492.700000 -13 669 1 0 1.000000
1.459210 0.668867 0 -15.472800 9.478590 198.761000 1492.590000 -13 670 1 0 1.000000
-1.619600 -5.804970 0 13.112500 -5.143250 201.388000 1492.450000 -13 671 1 0 1.000000
0.864106 -7.509580 0 11.933800 20.372700 204.174000 1492.600000 -13 672 1 0 1.000000
0.318445 1.863050 0 -25.503800 -1.342860 204.346000 1492.720000 -13 673 1 0 1.000000
-5.876070 -0.220357 0 -0.907923 -7.044460 205.414000 1492.770000 -13 674 1 0 1.000000
-3.507740 -6.950880 0 8.489810 2.113110 215.755000 1492.620000 -13 675 1 0 1.000000
-2.134940 -1.934000 0 5.200840 19.272500 203.681000 1492.700000 -13 676 1 0 1.000000
-4.567670 -1.740950 0 -15.835700 -1.158820 206.865000 1492.520000 -13 677 1 0 1.000000
-0.797225 -1.292340 0 6.677310 7.650770 204.886000 1492.510000 -13 678 1 0 1.000000
-6.339170 -0.765272 0 17.597000 1.103450 196.969000 1492.700000 -13 679 1 0 1.000000
-0.510736 -2.563480 0 2.952310 -26.917900 208.720000 1492.760000 -13 680 1 0 1.000000
-4.014070 1.791040 0 -7.109270 4.745330 210.382000 1492.480000 -13 681 1 0 1.000000
-1.862550 1.105050 0 -14.044600 -4.618420 214.983000 1492.580000 -13 682 1 0 1.000000
-0.761240 -1.851590 0 12.986600 -10.415400 217.163000 1492.510000 -13 683 1 0 1.000000
0.546993 -5.053650 0 4.362450 0.229649 219.351000 1492.600000 -13 684 1 0 1.000000
-3.752860 -2.178700 0 -17.366000 7.379970 205.186000 1492.540000 -13 685 1 0 1.000000
-2.015790 -0.618682 0 22.923600 -10.541300 212.300000 1492.530000 -13 686 1 0 1.000000
0.709340 -0.345854 0 13.513600 15.565800 200.440000 1492.550000 -13 687 1 0 1.000000
-2.644340 -0.236562 0 3.112590 -0.000584 189.963000 1492.730000 -13 688 1 0 1.000000
1.965600 -2.030970 0 11.705200 -15.269600 211.240000 1492.580000 -13 689 1 0 1.000000
3.539250 -1.769210 0 8.895800 10.943500 198.867000 1492.570000 -13 690 1 0 1.000000
-0.447490 -6.454230 0 -0.777072 7.360370 206.342000 1492.470000 -13 691 1 0 1.000000
-3.801200 -3.097570 0 -3.036040 8.754010 230.834000 1492.650000 -13 692 1 0 1.000000
-0.957924 -3.866430 0 22.050600 24.147200 214.629000 1492.520000 -13 693 1 0 1.000000
-1.453460 -5.533960 0 13.830600 -7.380150 203.080000 1492.470000 -13 694 1 0 1.000000
-2.197510 -0.265207 0 -11.077100 -10.531200 202.783000 1492.600000 -13 695 1 0 1.000000
2.957850 -4.330750 0 0.627664 -1.880570 206.801000 1492.620000 -13 696 1 0 1.000000
-1.605440 -0.959155 0 0.937010 -0.865301 220.132000 1492.520000 -13 697 1 0 1.000000
1.990410 -3.860300 0 9.725140 1.909800 195.377000 1492.710000 -13 698 1 0 1.000000
-2.278210 -1.223200 0 -8.213240 4.378580 196.209000 1492.550000 -13 699 1 0 1.000000
1.147270 -3.765030 0 -0.241475 -0.635019 198.393000 1492.550000 -13 700 1 0 1.000000
-6.048520 2.448070 0 -10.069800 11.086500 218.853000 1492.490000 -13 701 1 0 1.000000
-2.157510 -5.952560 0 -4.550200 10.356600 216.682000 1492.460000 -13 702 1 0 1.000000
-1.039420 -5.295840 0 -11.580200 13.615200 200.156000 1492.690000 -13 703 1 0 1.000000
-3.609480 -6.193680 0 0.970467 13.492900 203.960000 1492.530000 -13 704 1 0 1.000000
-0.058367 -5.908950 0 2.917440 13.775200 219.176000 1492.600000 -13 705 1 0 1.000000
1.352900 3.138390 0 -13.842100 13.195900 195.678000 1492.730000 -13 706 1 0 1.000000
0.643128 -0.203682 0 -7.901960 13.264500 193.031000 1492.730000 -13 707 1 0 1.000000
-6.362040 0.156119 0 2.943140 -12.219800 224.420000 1492.490000 -13 708 1 0 1.000000
0.090636 -3.703190 0 -14.346800 17.677000 206.787000 1492.600000 -13 709 1 0 1.000000
3.640070 -5.703330 0 15.747800 -5.230620 197.965000 1492.690000 -13 710 1 0 1.000000
2.334840 2.652270 0 -4.754440 7.895920 215.031000 1492.620000 -13 711 1 0 1.000000
1.225570 0.949736 0 -16.664200 -12.549800 200.515000 1492.750000 -13 712 1 0 1.000000
-1.017350 -2.646340 0 -4.678910 1.894750 215.212000 1492.390000 -13 713 1 0 1.000000
-3.612030 0.485580 0 6.167450 -2.931100 195.347000 1492.670000 -13 714 1 0 1.000000
-1.564250 -5.778630 0 -15.664100 46.090100 223.159000 1492.610000 -13 715 1 0 1.000000
-7.071810 -3.996550 0 2.195210 17.428100 226.131000 1492.660000 -13 716 1 0 1.000000
-3.243120 0.053012 0 -12.238200 18.060600 220.093000 1492.600000 -13 717 1 0 1.000000
-0.717566 -4.205160 0 14.158700 -38.945300 215.514000 1492.680000 -13 718 1 0 1.000000
-5.187680 -1.373330 0 -7.878440 0.561552 204.469000 1492.730000 -13 719 1 0 1.000000
-2.270920 -1.021440 0 -3.600980 4.887950 209.980000 1492.510000 -13 720 1 0 1.000000
-0.693932 -0.542439 0 18.580900 -13.681300 203.006000 1492.640000 -13 721 1 0 1.000000
-0.702321 -0.421760 0 0.787242 -1.139750 200.156000 1492.600000 -13 722 1 0 1.000000
5.011860 -2.568280 0 11.828800 8.757200 195.621000 1492.620000 -13 723 1 0 1.000000
1.158260 2.610370 0 0.520903 10.750400 223.609000 1492.690000 -13 724 1 0 1.000000
-3.813390 -2.122300 0 9.002240 -10.805600 200.667000 1492.560000 -13 725 1 0 1.000000
-5.483990 -1.928840 0 -0.728644 21.367300 194.434000 1492.600000 -13 726 1 0 1.000000
0.259000 -5.092760 0 0.714435 -16.616400 202.864000 1492.590000 -13 727 1 0 1.000000
-7.544360 -2.608390 0 -18.981300 15.029400 215.345000 1492.650000 -13 728 1 0 1.000000
-1.399470 -5.719820 0 -9.886450 27.255200 221.136000 1492.530000 -13 729 1 0 1.000000
-3.497130 2.401920 0 13.564500 -30.245500 205.237000 1492.640000 -13 730 1 0 1.000000
-0.280780 -0.803760 0 4.583900 11.469800 203.685000 1492.650000 -13 731 1 0 1.000000
-4.387690 -5.594390 0 4.667590 8.160620 224.686000 1492.640000 -13 732 1 0 1.000000
2.132060 0.205645 0 -26.728800 -12.189300 216.150000 1492.550000 -13 733 1 0 1.000000
-0.932532 -2.974410 0 33.123300 0.731891 194.792000 1492.550000 -13 734 1 0 1.000000
0.273371 -0.008178 0 -15.022300 20.681600 204.946000 1492.670000 -13 735 1 0 1.000000
-2.073430 -2.470820 0 9.137860 -14.420900 191.191000 1492.610000 -13 736 1 0 1.000000
0.756761 -3.581210 0 7.783840 8.212880 198.358000 1492.760000 -13 737 1 0 1.000000
-2.420580 1.748770 0 2.997490 35.483600 196.679000 1492.610000 -13 738 1 0 1.000000
-0.822656 -0.968948 0 -11.919600 -1.731230 214.650000 1492.660000 -13 739 1 0 1.000000
2.287280 -0.430575 0 -2.721260 7.580300 193.981000 1492.560000 -13 740 1 0 1.000000
-7.244730 0.502986 0 -2.407880 33.834700 221.675000 1492.490000 -13 741 1 0 1.000000
-5.126740 -1.606110 0 -16.659200 27.209200 225.234000 1492.530000 -13 742 1 0 1.000000
-2.934050 -1.538110 0 -18.686800 -2.280020 189.079000 1492.700000 -13 743 1 0 1.000000
-1.122760 3.103450 0 -7.068460 5.679200 213.044000 1492.520000 -13 744 1 0 1.000000
-6.442920 -2.878860 0 1.282840 -14.879500 205.278000 1492.530000 -13 745 1 0 1.000000
-4.020820 4.645450 0 4.104330 10.748000 202.105000 1492.730000 -13 746 1 0 1.000000
-2.239560 -9.085430 0 5.216710 -3.048790 207.633000 1492.560000 -13 747 1 0 1.000000
1.778360 -9.484410 0 -12.860900 -21.143900 211.483000 1492.570000 -13 748 1 0 1.000000
-2.192620 -1.877700 0 -7.601440 -4.489940 213.739000 1492.630000 -13 749 1 0 1.000000
0.799143 -1.770010 0 -4.129020 -0.924792 191.379000 1492.570000 -13 750 1 0 1.000000
1.438720 -5.797940 0 -12.304100 -8.365360 208.187000 1492.480000 -13 751 1 0 1.000000
-1.008370 -1.744010 0 34.952000 -0.697448 205.669000 1492.540000 -13 752 1 0 1.000000
-7.166870 -3.734500 0 -3.274360 -1.538390 222.718000 1492.550000 -13 753 1 0 1.000000
-0.318222 -0.817063 0 -19.379900 -17.766000 194.594000 1492.600000 -13 754 1 0 1.000000
-1.817170 -9.437190 0 -4.239210 15.518000 205.036000 1492.700000 -13 755 1 0 1.000000
-2.087550 -7.017230 0 4.400710 12.765000 228.860000 1492.520000 -13 756 1 0 1.000000
-0.111570 -3.010030 0 -8.147270 -0.483361 188.072000 1492.650000 -13 757 1 0 1.000000
3.871910 -5.237120 0 15.747200 18.805200 200.739000 1492.740000 -13 758 1 0 1.000000
-0.393623 -3.984750 0 4.462660 -6.279210 200.352000 1492.710000 -13 759 1 0 1.000000
-5.389760 1.613780 0 -19.445500 -12.388900 201.650000 1492.650000 -13 760 1 0 1.000000
-1.248200 -3.549590 0 24.646800 -3.276950 194.746000 1492.680000 -13 761 1 0 1.000000
-0.436369 -6.335060 0 17.969600 9.539150 211.061000 1492.630000 -13 762 1 0 1.000000
1.744780 -4.591090 0 8.169420 3.589420 201.608000 1492.530000 -13 763 1 0 1.000000
-2.904850 -2.297660 0 12.293200 -26.497500 209.739000 1492.590000 -13 764 1 0 1.000000
3.822860 -3.158560 0 8.156790 4.776950 212.796000 1492.570000 -13 765 1 0 1.000000
-7.043230 -3.447450 0 -11.917200 12.698000 198.948000 1492.520000 -13 766 1 0 1.000000
0.835026 -5.166690 0 -5.523020 -7.133800 195.673000 1492.580000 -13 767 1 0 1.000000
-6.024780 -0.006418 0 -10.881400 -2.840230 202.396000 1492.680000 -13 768 1 0 1.000000
-4.408170 0.427817 0 -21.735400 6.549230 184.247000 1492.530000 -13 769 1 0 1.000000
-1.162160 -6.170130 0 0.474392 -20.832500 206.324000 1492.560000 -13 770 1 0 1.000000
-4.280770 -3.897070 0 4.367420 -7.308190 208.916000 1492.740000 -13 771 1 0 1.000000
4.128790 -6.978650 0 -1.803630 20.447100 194.900000 1492.680000 -13 772 1 0 1.000000
-8.380920 -0.937925 0 -15.831700 3.422250 212.177000 1492.490000 -13 773 1 0 1.000000
-3.552840 2.775360 0 -7.563150 -5.804060 206.427000 1492.520000 -13 774 1 0 1.000000
-2.034530 -3.673120 0 9.185080 2.322110 207.858000 1492.660000 -13 775 1 0 1.000000
0.370100 -2.354140 0 -10.424100 6.393790 191.398000 1492.610000 -13 776 1 0 1.000000
-0.517212 -3.545200 0 16.467100 5.983780 218.705000 1492.530000 -13 777 1 0 1.000000
-3.301990 4.043150 0 -8.313500 -7.605910 196.370000 1492.500000 -13 778 1 0 1.000000
-7.952170 0.742037 0 -0.562119 -12.408100 225.214000 1492.630000 -13 779 1 0 1.000000
-0.121617 -2.603890 0 45.305700 11.159500 223.500000 1492.590000 -13 780 1 0 1.000000
-2.726280 -4.076500 0 12.421300 9.534110 203.428000 1492.520000 -13 781 1 0 1.000000
-1.937040 -0.569203 0 1.478020 12.024900 207.602000 1492.630000 -13 782 1 0 1.000000
-2.875030 4.206380 0 10.042700 -29.176400 196.952000 1492.520000 -13 783 1 0 1.000000
-2.874720 -6.857680 0 -20.206100 2.180970 202.524000 1492.550000 -13 784 1 0 1.000000
-2.197980 -5.499020 0 9.068300 6.572530 218.727000 1492.630000 -13 785 1 0 1.000000
2.080670 -7.531020 0 -0.350728 5.795080 208.824000 1492.650000 -13 786 1 0 1.000000
-0.716963 -0.165139 0 14.892100 -15.392500 191.728000 1492.680000 -13 787 1 0 1.000000
4.587870 0.693443 0 6.111740 -15.899200 210.797000 1492.630000 -13 788 1 0 1.000000
0.673515 -4.422040 0 -22.909800 -6.647890 201.189000 1492.610000 -13 789 1 0 1.000000
-5.515210 -5.673410 0 6.516300 4.300070 215.235000 1492.590000 -13 790 1 0 1.000000
1.932650 -3.333890 0 -19.216000 -27.124700 207.859000 1492.610000 -13 791 1 0 1.000000
0.707389 -4.036270 0 -1.772870 3.854510 204.635000 1492.800000 -13 792 1 0 1.000000
-0.408618 -2.138890 0 -9.956920 16.643100 200.719000 1492.740000 -13 793 1 0 1.000000
-2.366540 -3.584060 0 15.441000 19.682200 224.369000 1492.670000 -13 794 1 0 1.000000
1.417860 -2.714030 0 29.002800 -0.295546 198.769000 1492.690000 -13 795 1 0 1.000000
6.384550 -2.457260 0 -13.583400 -0.605234 205.266000 1492.600000 -13 796 1 0 1.000000
1.871750 -2.953400 0 1.561310 -9.301340 215.362000 1492.550000 -13 797 1 0 1.000000
4.439780 -0.392258 0 2.633350 0.927626 204.703000 1492.690000 -13 798 1 0 1.000000
-2.346210 -4.973610 0 3.966590 -2.740200 230.575000 1492.520000 -13 799 1 0 1.000000
-2.410800 -0.926381 0 -6.655690 0.087400 197.930000 1492.690000 -13 800 1 0 1.000000
-3.929330 3.228580 0 -7.140610 -4.258590 200.484000 1492.730000 -13 801 1 0 1.000000
-1.201890 2.126910 0 -1.938530 8.066710 193.577000 1492.590000 -13 802 1 0 1.000000
-6.011100 0.447120 0 8.430100 14.026300 203.864000 1492.520000 -13 803 1 0 1.000000
-2.140850 0.724025 0 -11.471500 23.359500 211.576000 1492.570000 -13 804 1 0 1.000000
-0.365277 -1.405120 0 -2.924870 -10.174600 200.956000 1492.550000 -13 805 1 0 1.000000
1.900330 -1.857240 0 4.412620 3.578430 196.319000 1492.690000 -13 806 1 0 1.000000
-1.769900 -2.751720 0 16.255200 0.631189 195.160000 1492.600000 -13 807 1 0 1.000000
-1.756860 -5.734330 0 -6.839970 -2.918250 207.963000 1492.590000 -13 808 1 0 1.000000
-3.670880 -6.812000 0 -11.627600 8.199370 197.788000 1492.570000 -13 809 1 0 1.000000
-0.466562 3.164040 0 1.925570 -14.387500 205.059000 1492.630000 -13 810 1 0 1.000000
-0.119005 -1.562030 0 -13.239800 9.540030 201.501000 1492.580000 -13 811 1 0 1.000000
-6.406270 -3.215830 0 -1.465560 0.273820 218.591000 1492.470000 -13 812 1 0 1.000000
-1.242550 -3.585720 0 22.492000 12.594000 211.619000 1492.530000 -13 813 1 0 1.000000
-2.264440 2.411700 0 0.506106 -21.769800 199.694000 1492.760000 -13 814 1 0 1.000000
-3.820530 1.226560 0 18.552800 7.372230 188.624000 1492.600000 -13 815 1 0 1.000000
-5.232570 0.818243 0 15.734700 -6.216050 210.493000 1492.600000 -13 816 1 0 1.000000
-1.748130 -5.940380 0 -3.874230 17.227600 206.889000 1492.500000 -13 817 1 0 1.000000
-3.877580 -3.684150 0 -1.217250 6.484170 187.888000 1492.620000 -13 818 1 0 1.000000
-2.809830 1.013300 0 -14.655000 0.594476 215.296000 1492.520000 -13 819 1 0 1.000000
1.127060 -2.671380 0 7.710710 -6.393390 204.911000 1492.620000 -13 820 1 0 1.000000
1.052020 6.322340 0 -2.387020 -1.307210 204.913000 1492.650000 -13 821 1 0 1.000000
0.665309 -2.332820 0 10.253700 4.641850 203.305000 1492.620000 -13 822 1 0 1.000000
-3.882690 0.932405 0 -9.435140 -10.747300 205.270000 1492.800000 -13 823 1 0 1.000000
-0.823684 -1.426660 0 -3.249090 36.054500 192.355000 1492.600000 -13 824 1 0 1.000000
-2.016390 -2.456420 0 17.123300 -7.584420 222.832000 1492.520000 -13 825 1 0 1.000000
-6.529070 -5.421220 0 -6.418060 9.216340 209.380000 1492.510000 -13 826 1 0 1.000000
-5.856950 -4.749880 0 17.417000 -30.758400 196.606000 1492.590000 -13 827 1 0 1.000000
1.673030 -7.235210 0 -22.457000 24.249200 204.936000 1492.440000 -13 828 1 0 1.000000
-8.010590 -1.042480 0 3.580740 20.291900 202.123000 1492.560000 -13 829 1 0 1.000000
-4.781240 -7.581360 0 -22.631800 -13.175200 188.822000 1492.500000 -13 830 1 0 1.000000
-0.630688 2.191280 0 11.583200 17.535400 196.266000 1492.660000 -13 831 1 0 1.000000
-1.741620 -7.553250 0 7.460160 21.012100 208.178000 1492.580000 -13 832 1 0 1.000000
3.846800 -3.562090 0 0.226185 17.091500 204.321000 1492.440000 -13 833 1 0 1.000000
1.105660 -0.920348 0 5.911510 1.019910 207.341000 1492.550000 -13 834 1 0 1.000000
-2.956780 -0.950800 0 12.272400 -13.370200 193.135000 1492.610000 -13 835 1 0 1.000000
0.554903 -7.023000 0 6.169860 -7.741380 192.228000 1492.560000 -13 836 1 0 1.000000
-1.056920 -1.891610 0 3.971550 -2.653900 224.448000 1492.610000 -13 837 1 0 1.000000
-3.008060 -4.278720 0 10.472100 4.029820 189.214000 1492.750000 -13 838 1 0 1.000000
-1.982510 -1.727290 0 -12.164700 -4.316840 194.988000 1492.590000 -13 839 1 0 1.000000
-3.853590 -2.086450 0 20.803800 -9.171490 215.713000 1492.640000 -13 840 1 0 1.000000
1.597640 -3.883600 0 -12.521500 -9.563780 210.483000 1492.450000 -13 841 1 0 1.000000
0.467321 -5.189870 0 -9.435210 2.824700 182.279000 1492.670000 -13 842 1 0 1.000000
-3.339900 -1.060640 0 18.032800 2.373730 204.223000 1492.510000 -13 843 1 0 1.000000
-0.571054 -0.553253 0 -8.974940 7.580460 187.480000 1492.510000 -13 844 1 0 1.000000
1.101600 -4.088680 0 1.022070 8.514260 206.475000 1492.550000 -13 845 1 0 1.000000
-2.611210 -3.046800 0 -6.476010 -15.254900 205.067000 1492.560000 -13 846 1 0 1.000000
4.248990 0.066092 0 4.717070 17.164900 195.959000 1492.580000 -13 847 1 0 1.000000
0.817022 -1.915040 0 13.890300 -15.136500 219.653000 1492.560000 -13 848 1 0 1.000000
-2.950550 -2.736670 0 -13.922100 -5.225980 212.254000 1492.700000 -13 849 1 0 1.000000
-2.264550 -1.294890 0 4.831770 -8.002890 193.353000 1492.620000 -13 850 1 0 1.000000
-5.651400 -3.844630 0 3.902080 -6.440950 210.686000 1492.460000 -13 851 1 0 1.000000
-6.528210 -4.488900 0 -7.255380 5.481510 196.356000 1492.690000 -13 852 1 0 1.000000
-4.986690 -0.403745 0 0.793119 15.902500 221.440000 1492.600000 -13 853 1 0 1.000000
0.296109 -9.813810 0 14.036400 14.556100 219.300000 1492.550000 -13 854 1 0 1.000000
-0.746562 -1.449990 0 5.236260 12.659700 187.077000 1492.660000 -13 855 1 0 1.000000
-2.282900 -4.909550 0 -11.184900 17.998400 197.265000 1492.460000 -13 856 1 0 1.000000
-6.804640 -2.400350 0 -6.552000 18.875400 224.474000 1492.610000 -13 857 1 0 1.000000
-0.287942 -2.784190 0 -22.908500 11.345800 205.751000 1492.660000 -13 858 1 0 1.000000
-1.515980 1.607710 0 -16.480400 -12.238800 199.875000 1492.570000 -13 859 1 0 1.000000
-0.131109 -1.593020 0 10.788600 1.046340 219.095000 1492.670000 -13 860 1 0 1.000000
3.176620 -4.952760 0 12.340100 2.419760 196.035000 1492.640000 -13 861 1 0 1.000000
5.932740 -5.290940 0 22.503400 -6.967620 203.351000 1492.560000 -13 862 1 0 1.000000
-3.553470 2.522000 0 -2.695200 -2.708730 219.038000 1492.670000 -13 863 1 0 1.000000
-1.701310 -3.025900 0 15.117300 -6.028640 196.179000 1492.740000 -13 864 1 0 1.000000
-5.880150 -4.444300 0 23.539400 -33.123200 217.317000 1492.520000 -13 865 1 0 1.000000
-1.511970 -2.259930 0 -19.627400 38.657100 217.565000 1492.490000 -13 866 1 0 1.000000
2.824160 -2.060210 0 6.179500 4.935020 205.537000 1492.470000 -13 867 1 0 1.000000
-7.775330 -1.026050 0 -4.347960 13.598600 201.096000 1492.650000 -13 868 1 0 1.000000
-3.642290 -1.485060 0 -7.074320 13.901000 208.050000 1492.500000 -13 869 1 0 1.000000
-7.845320 -5.994250 0 4.830250 -2.252480 199.232000 1492.670000 -13 870 1 0 1.000000
-2.971830 1.792420 0 5.446850 -11.418500 201.937000 1492.680000 -13 871 1 0 1.000000
-0.001790 -1.982320 0 -9.379210 -28.059900 216.405000 1492.660000 -13 872 1 0 1.000000
-7.541580 -2.575690 0 -21.858000 -15.805100 210.943000 1492.630000 -13 873 1 0 1.000000
-6.499050 1.760910 0 7.847570 -2.670790 208.679000 1492.490000 -13 874 1 0 1.000000
-7.906280 -6.069900 0 -6.618680 -9.206140 208.785000 1492.690000 -13 875 1 0 1.000000
-1.470670 -0.624296 0 -9.411200 -13.167600 212.570000 1492.710000 -13 876 1 0 1.000000
-1.116750 0.052616 0 0.012051 0.421994 204.385000 1492.570000 -13 877 1 0 1.000000
-1.057740 -6.463350 0 9.695880 6.530340 197.506000 1492.590000 -13 878 1 0 1.000000
-0.561923 4.553990 0 -16.819600 -18.402700 197.073000 1492.500000 -13 879 1 0 1.000000
-2.151790 1.521700 0 -0.280127 23.157300 189.056000 1492.600000 -13 880 1 0 1.000000
2.128950 1.771380 0 -2.323950 21.333500 217.931000 1492.530000 -13 881 1 0 1.000000
-2.204070 -0.396037 0 -8.086420 4.266620 199.606000 1492.600000 -13 882 1 0 1.000000
-1.565590 -4.971320 0 15.573000 15.409300 194.858000 1492.740000 -13 883 1 0 1.000000
-0.605384 0.277572 0 -25.646600 6.148400 212.659000 1492.590000 -13 884 1 0 1.000000
-2.640590 3.306090 0 -25.980500 -10.796000 204.684000 1492.580000 -13 885 1 0 1.000000
-1.013840 -1.652600 0 -17.281100 20.225800 217.276000 1492.630000 -13 886 1 0 1.000000
-6.546100 -0.004220 0 -30.488700 13.358700 221.297000 1492.690000 -13 887 1 0 1.000000
1.215530 -4.165140 0 9.483910 -15.883600 200.925000 1492.770000 -13 888 1 0 1.000000
-0.623071 -2.872160 0 -18.833600 -1.370920 202.656000 1492.590000 -13 889 1 0 1.000000
-1.124360 -2.733130 0 -17.507700 17.966400 185.191000 1492.560000 -13 890 1 0 1.000000
-2.005700 1.923110 0 -10.330100 -12.331900 203.118000 1492.680000 -13 891 1 0 1.000000
-1.806270 1.751080 0 -19.561700 -2.729500 203.341000 1492.560000 -13 892 1 0 1.000000
-6.374630 0.246393 0 -19.143600 -18.227500 211.801000 1492.440000 -13 893 1 0 1.000000
-2.429930 -3.442810 0 0.160798 11.805300 212.456000 1492.600000 -13 894 1 0 1.000000
0.304576 -0.506761 0 -15.403500 1.835220 227.027000 1492.600000 -13 895 1 0 1.000000
-4.394690 -1.842740 0 -6.159950 -12.608300 215.961000 1492.720000 -13 896 1 0 1.000000
1.770690 -0.773988 0 -20.226800 -2.811300 201.707000 1492.600000 -13 897 1 0 1.000000
-9.936040 -5.432650 0 7.026580 -20.149700 211.374000 1492.580000 -13 898 1 0 1.000000
1.550080 0.244452 0 3.424900 -2.765370 193.652000 1492.700000 -13 899 1 0 1.000000
-5.784580 -3.689890 0 4.749530 12.507100 191.627000 1492.610000 -13 900 1 0 1.000000
-2.381040 -6.673020 0 15.960900 0.907559 222.945000 1492.580000 -13 901 1 0 1.000000
-3.011810 -0.747498 0 -15.936100 -8.190940 193.763000 1492.660000 -13 902 1 0 1.000000
-1.466280 -7.172400 0 -28.989700 17.943500 212.153000 1492.500000 -13 903 1 0 1.000000
-2.974700 -0.851645 0 11.672200 -11.123600 200.109000 1492.690000 -13 904 1 0 1.000000
1.005610 -3.239280 0 -0.664493 8.725600 199.049000 1492.600000 -13 905 1 0 1.000000
3.908260 -2.295360 0 4.003360 -13.301700 194.772000 1492.550000 -13 906 1 0 1.000000
-6.249530 -5.557510 0 5.682500 15.554600 213.718000 1492.540000 -13 907 1 0 1.000000
-4.292930 -2.820470 0 -3.953900 -3.706870 211.852000 1492.600000 -13 908 1 0 1.000000
-2.813450 -5.529530 0 -2.912740 2.791150 186.785000 1492.490000 -13 909 1 0 1.000000
-0.029797 1.418080 0 -15.344500 9.281270 206.227000 1492.700000 -13 910 1 0 1.000000
-2.553420 -3.172540 0 -8.335400 -4.290500 204.795000 1492.650000 -13 911 1 0 1.000000
3.237690 -6.769100 0 2.505480 -1.614120 184.747000 1492.570000 -13 912 1 0 1.000000
-0.049078 -3.544240 0 1.880950 19.234700 218.110000 1492.510000 -13 913 1 0 1.000000
-4.726070 0.189844 0 -3.220490 -1.574280 204.691000 1492.640000 -13 914 1 0 1.000000
-1.180060 0.666276 0 -1.874160 -1.348650 205.065000 1492.630000 -13 915 1 0 1.000000
-3.518040 -1.694320 0 -16.279000 -14.020400 190.476000 1492.640000 -13 916 1 0 1.000000
-1.057570 0.011188 0 -10.374500 10.527100 214.357000 1492.690000 -13 917 1 0 1.000000
-2.387060 2.089290 0 20.114600 2.281890 200.556000 1492.560000 -13 918 1 0 1.000000
4.183990 -4.483280 0 -7.985820 3.464930 203.540000 1492.630000 -13 919 1 0 1.000000
-5.523590 1.182560 0 -10.656000 -1.463520 193.061000 1492.580000 -13 920 1 0 1.000000
2.270110 -5.742190 0 -13.834300 -1.261950 193.795000 1492.520000 -13 921 1 0 1.000000
-6.617110 -4.796420 0 6.429640 9.277900 201.932000 1492.680000 -13 922 1 0 1.000000
-1.108530 -3.623940 0 -5.046460 33.758900 223.549000 1492.670000 -13 923 1 0 1.000000
-0.895456 -7.247490 0 11.446800 -6.800170 217.161000 1492.710000 -13 924 1 0 1.000000
-5.977200 -5.960870 0 5.115370 -8.150180 188.968000 1492.580000 -13 925 1 0 1.000000
-2.625590 -3.420630 0 -11.305600 23.357600 212.900000 1492.420000 -13 926 1 0 1.000000
0.171075 -6.108550 0 5.765380 -1.364030 202.861000 1492.480000 -13 927 1 0 1.000000
-4.462970 -2.057120 0 -1.326570 3.320030 217.564000 1492.590000 -13 928 1 0 1.000000
-2.127120 -0.980973 0 -10.842700 -4.566560 185.242000 1492.590000 -13 929 1 0 1.000000
0.225979 0.320120 0 -21.111500 12.304700 202.344000 1492.600000 -13 930 1 0 1.000000
1.418700 -3.382990 0 -0.355341 2.970460 200.142000 1492.580000 -13 931 1 0 1.000000
-1.150130 -3.710790 0 27.796800 -12.084600 211.231000 1492.680000 -13 932 1 0 1.000000
0.450399 -2.722230 0 12.474100 -29.578600 224.497000 1492.550000 -13 933 1 0 1.000000
2.314970 -3.219710 0 7.230330 15.200000 203.346000 1492.400000 -13 934 1 0 1.000000
-2.416310 0.689351 0 -5.997290 -2.016640 214.290000 1492.530000 -13 935 1 0 1.000000
-4.022680 3.791640 0 12.176200 -11.515100 212.814000 1492.450000 -13 936 1 0 1.000000
-1.098460 0.332796 0 -5.492340 -20.635600 198.089000 1492.650000 -13 937 1 0 1.000000
-2.678630 -4.339080 0 -13.954900 3.225370 202.193000 1492.660000 -13 938 1 0 1.000000
2.657950 -3.713770 0 7.228620 -10.092200 211.490000 1492.450000 -13 939 1 0 1.000000
-1.415990 -0.201674 0 12.990400 2.491370 222.756000 1492.690000 -13 940 1 0 1.000000
-1.445150 -0.805487 0 8.565500 5.333940 192.845000 1492.720000 -13 941 1 0 1.000000
0.897359 -2.487360 0 1.857460 3.559430 197.838000 1492.620000 -13 942 1 0 1.000000
-3.412250 -4.461630 0 7.691760 -4.507070 224.369000 1492.470000 -13 943 1 0 1.000000
-3.098440 -0.972810 0 -1.020080 -13.196500 205.391000 1492.650000 -13 944 1 0 1.000000
0.714860 -6.348240 0 -15.594100 -7.682720 196.309000 1492.640000 -13 945 1 0 1.000000
-4.916030 -3.128780 0 26.843800 23.103600 204.245000 1492.540000 -13 946 1 0 1.000000
-2.944020 -2.284130 0 -0.253732 -1.087600 205.902000 1492.570000 -13 947 1 0 1.000000
-2.694520 -2.765640 0 -1.223290 -15.060800 201.325000 1492.640000 -13 948 1 0 1.000000
-4.168790 -5.343580 0 3.172790 -12.024700 196.836000 1492.590000 -13 949 1 0 1.000000
0.082173 -3.359590 0 -15.325100 -19.313800 203.668000 1492.710000 -13 950 1 0 1.000000
-0.248164 -2.649540 0 4.958510 -11.195200 197.482000 1492.580000 -13 951 1 0 1.000000
1.045960 0.041207 0 -9.969690 8.481360 215.616000 1492.560000 -13 952 1 0 1.000000
-4.635130 -3.641520 0 -1.619960 8.485340 204.849000 1492.570000 -13 953 1 0 1.000000
-0.554550 0.336724 0 -18.696600 -5.552390 204.809000 1492.500000 -13 954 1 0 1.000000
-3.229920 -1.012270 0 -12.149700 2.138240 211.330000 1492.570000 -13 955 1 0 1.000000
-4.989630 1.647500 0 -11.058800 5.051850 202.470000 1492.720000 -13 956 1 0 1.000000
4.821400 -3.702050 0 12.483600 -20.334700 213.982000 1492.600000 -13 957 1 0 1.000000
-0.381193 -4.031120 0 14.414600 21.542500 193.160000 1492.520000 -13 958 1 0 1.000000
-2.682880 2.502370 0 12.718300 13.625300 192.103000 1492.690000 -13 959 1 0 1.000000
-3.674420 -0.427172 0 -1.619400 -9.575520 211.217000 1492.520000 -13 960 1 0 1.000000
-5.055710 -2.508920 0 3.876140 -4.624530 207.270000 1492.730000 -13 961 1 0 1.000000
1.477250 -2.135490 0 2.392390 4.411260 209.112000 1492.500000 -13 962 1 0 1.000000
-4.815190 0.710078 0 -8.212990 0.333728 221.095000 1492.660000 -13 963 1 0 1.000000
-1.829920 -5.724470 0 -11.468200 11.259200 190.110000 1492.740000 -13 964 1 0 1.000000
-3.436370 -4.084790 0 -6.235530 -5.446300 195.169000 1492.550000 -13 965 1 0 1.000000
6.455070 -2.543720 0 -23.875300 -4.675310 200.661000 1492.590000 -13 966 1 0 1.000000
-2.042800 -3.541540 0 -8.122630 -16.299700 187.366000 1492.580000 -13 967 1 0 1.000000
-1.919470 -3.036190 0 -0.424792 3.369190 189.611000 1492.510000 -13 968 1 0 1.000000
0.195567 -0.891465 0 -20.980400 -39.465800 225.787000 1492.590000 -13 969 1 0 1.000000
-3.142530 -5.039010 0 1.505000 10.512300 191.896000 1492.700000 -13 970 1 0 1.000000
-5.137490 -4.392490 0 -3.975190 2.649930 201.299000 1492.450000 -13 971 1 0 1.000000
1.229360 -1.838120 0 -6.081010 0.541815 203.273000 1492.510000 -13 972 1 0 1.000000
-1.549310 -6.887810 0 41.971100 22.745900 219.445000 1492.550000 -13 973 1 0 1.000000
-2.122560 3.049630 0 -15.037000 -54.386800 198.248000 1492.750000 -13 974 1 0 1.000000
-1.533680 -2.135050 0 11.177400 -4.298210 213.892000 1492.590000 -13 975 1 0 1.000000
-2.134310 -0.150743 0 -4.434840 0.931110 218.899000 1492.460000 -13 976 1 0 1.000000
-5.808050 1.311530 0 11.448500 2.167440 197.658000 1492.680000 -13 977 1 0 1.000000
-1.657210 0.462891 0 -6.180900 11.848900 222.697000 1492.470000 -13 978 1 0 1.000000
-1.647100 -1.789660 0 8.838380 4.643480 216.773000 1492.620000 -13 979 1 0 1.000000
-3.264840 -3.592350 0 0.723108 0.340515 219.236000 1492.610000 -13 980 1 0 1.000000
0.695807 2.102280 0 10.351000 -3.795010 204.343000 1492.610000 -13 981 1 0 1.000000
0.215650 -0.638207 0 -0.034312 15.128000 201.825000 1492.570000 -13 982 1 0 1.000000
-2.337610 -4.815950 0 -22.863400 29.608500 214.818000 1492.530000 -13 983 1 0 1.000000
-5.755640 0.344359 0 -3.232860 9.312110 219.115000 1492.730000 -13 984 1 0 1.000000
0.873941 -0.836767 0 -5.139230 15.166500 208.681000 1492.430000 -13 985 1 0 1.000000
-0.808753 -6.643060 0 -1.052740 21.567200 206.203000 1492.630000 -13 986 1 0 1.000000
-2.833390 -0.859990 0 6.026990 12.154000 210.163000 1492.590000 -13 987 1 0 1.000000
-5.184970 0.256308 0 -7.173590 -4.339160 191.905000 1492.620000 -13 988 1 0 1.000000
-1.535160 -4.377250 0 -20.735300 -8.939050 230.875000 1492.600000 -13 989 1 0 1.000000
0.914861 -3.425170 0 27.833400 11.682000 207.525000 1492.690000 -13 990 1 0 1.000000
0.286481 -3.847650 0 -5.774460 6.934860 222.821000 1492.650000 -13 991 1 0 1.000000
-2.780370 -1.119450 0 25.964900 -14.068000 217.778000 1492.510000 -13 992 1 0 1.000000
-10.237600 -5.507660 0 -2.860830 -3.177500 217.130000 1492.560000 -13 993 1 0 1.000000
-4.419360 -2.230330 0 -3.330330 3.581550 203.725000 1492.680000 -13 994 1 0 1.000000
-1.528940 -0.950458 0 -3.271610 19.834100 208.649000 1492.610000 -13 995 1 0 1.000000
-3.920500 -3.897220 0 -11.613600 5.991840 199.315000 1492.660000 -13 996 1 0 1.000000
-1.663970 0.418619 0 -24.429300 4.874920 214.551000 1492.720000 -13 997 1 0 1.000000
0.780088 -2.893290 0 -9.515940 2.864110 197.561000 1492.570000 -13 998 1 0 1.000000
-1.707100 -1.439010 0 -1.657840 17.549600 200.271000 1492.610000 -13 999 1 0 1.000000
-2.233420 -2.672710 0 5.500380 -2.517620 216.819000 1492.520000 -13 1000 1 0 1.000000
1.856940 0.386149 0 -13.329900 -2.272990 199.075000 1492.720000 -13 1001 1 0 1.000000
-2.866770 -4.270270 0 -2.820400 -11.154200 216.142000 1492.650000 -13 1002 1 0 1.000000
-2.967600 -7.110630 0 14.973800 -11.918900 207.930000 1492.480000 -13 1003 1 0 1.000000
-3.043830 -3.158450 0 -4.367240 -0.088939 207.032000 1492.540000 -13 1004 1 0 1.000000
-0.137600 -3.221300 0 -10.277400 -0.523603 202.668000 1492.460000 -13 1005 1 0 1.000000
-3.061030 -4.715510 0 -11.139300 -21.297100 211.572000 1492.630000 -13 1006 1 0 1.000000
3.465700 -0.035367 0 4.310690 -12.138200 187.854000 1492.680000 -13 1007 1 0 1.000000
-0.323377 -3.881750 0 -1.137660 5.880940 201.550000 1492.630000 -13 1008 1 0 1.000000
-5.064850 -0.820221 0 -7.335810 -5.722920 201.611000 1492.570000 -13 1009 1 0 1.000000
-3.323840 -6.027250 0 4.727420 -9.255520 214.042000 1492.600000 -13 1010 1 0 1.000000
-4.625120 -0.567801 0 -24.338300 7.023850 216.992000 1492.500000 -13 1011 1 0 1.000000
0.852969 -8.923190 0 -9.315240 21.593900 205.097000 1492.480000 -13 1012 1 0 1.000000
-6.250030 -0.895554 0 7.561940 5.612580 209.268000 1492.660000 -13 1013 1 0 1.000000
0.792637 -8.747670 0 -1.107190 5.026730 218.871000 1492.490000 -13 1014 1 0 1.000000
-3.849820 -3.521590 0 -0.296592 -10.197100 200.201000 1492.680000 -13 1015 1 0 1.000000
-0.623628 -4.465800 0 -6.332010 -2.033570 195.854000 1492.750000 -13 1016 1 0 1.000000
-0.431334 -0.771389 0 10.556500 -1.346460 212.866000 1492.540000 -13 1017 1 0 1.000000
-0.054714 0.073836 0 10.910200 -9.209720 208.581000 1492.600000 -13 1018 1 0 1.000000
-2.077830 -5.329220 0 15.554200 2.537060 211.923000 1492.410000 -13 1019 1 0 1.000000
-5.284150 -3.682330 0 -25.415900 1.793750 218.777000 1492.680000 -13 1020 1 0 1.000000
-5.509770 -0.248849 0 -2.659580 -7.630350 211.558000 1492.500000 -13 1021 1 0 1.000000
2.650430 0.415584 0 17.785400 26.321200 201.833000 1492.450000 -13 1022 1 0 1.000000
-0.260467 -1.576260 0 19.948600 -3.051740 218.727000 1492.490000 -13 1023 1 0 1.000000
-1.292830 -6.854420 0 12.387300 1.274710 209.931000 1492.610000 -13 1024 1 0 1.000000
-9.073270 0.057626 0 -15.381600 5.320610 202.001000 1492.630000 -13 1025 1 0 1.000000
0.663398 -4.034100 0 13.153300 -23.654700 214.441000 1492.700000 -13 1026 1 0 1.000000
-1.272610 -4.046000 0 -0.083874 -12.308900 200.359000 1492.600000 -13 1027 1 0 1.000000
0.225199 -6.513120 0 18.364700 -6.660700 194.694000 1492.540000 -13 1028 1 0 1.000000
-2.170830 -1.979980 0 4.910290 -8.736830 192.997000 1492.610000 -13 1029 1 0 1.000000
-8.143710 -7.403430 0 -4.578340 -2.905370 209.817000 1492.640000 -13 1030 1 0 1.000000
-0.053639 0.662949 0 3.711810 7.713090 201.706000 1492.480000 -13 1031 1 0 1.000000
2.037500 -4.135550 0 -2.676680 -1.218070 201.447000 1492.620000 -13 1032 1 0 1.000000
-0.624710 -2.389000 0 -10.511000 1.898830 197.065000 1492.650000 -13 1033 1 0 1.000000
-6.381630 -5.746530 0 21.241000 -8.463500 198.880000 1492.730000 -13 1034 1 0 1.000000
0.455283 1.216150 0 -8.544060 18.908600 217.203000 1492.650000 -13 1035 1 0 1.000000
5.890360 -0.427684 0 2.958420 -2.759900 203.829000 1492.490000 -13 1036 1 0 1.000000
-1.816630 0.831161 0 -6.867890 0.730630 210.923000 1492.820000 -13 1037 1 0 1.000000
0.026031 -3.929100 0 3.419100 -0.710364 198.740000 1492.680000 -13 1038 1 0 1.000000
-0.192987 -0.021997 0 1.806660 6.955450 217.693000 1492.520000 -13 1039 1 0 1.000000
0.370434 -3.136210 0 5.151810 16.241000 204.041000 1492.600000 -13 1040 1 0 1.000000
-6.420800 0.119200 0 3.400800 8.803030 218.376000 1492.590000 -13 1041 1 0 1.000000
-1.332530 -5.754620 0 -8.107140 -3.746330 199.871000 1492.640000 -13 1042 1 0 1.000000
-0.238505 -4.332470 0 10.342900 6.778330 209.771000 1492.490000 -13 1043 1 0 1.000000
-0.951823 -3.047670 0 14.650500 -9.528870 213.205000 1492.670000 -13 1044 1 0 1.000000
1.853950 0.530087 0 -12.194000 6.821700 210.457000 1492.670000 -13 1045 1 0 1.000000
-3.617910 4.264030 0 -7.552860 -8.063810 203.300000 1492.780000 -13 1046 1 0 1.000000
-3.243570 -1.704850 0 -8.283870 -1.610490 194.926000 1492.520000 -13 1047 1 0 1.000000
-3.412730 0.527414 0 -15.136000 -2.973850 205.287000 1492.650000 -13 1048 1 0 1.000000
-3.078730 -1.258030 0 3.503620 -15.805600 197.644000 1492.600000 -13 1049 1 0 1.000000
-4.031970 -3.050160 0 8.992390 -5.296380 192.036000 1492.540000 -13 1050 1 0 1.000000
-4.804730 -4.164060 0 -6.758710 11.666900 208.302000 1492.520000 -13 1051 1 0 1.000000
3.579620 2.443640 0 8.448810 -4.642010 201.026000 1492.500000 -13 1052 1 0 1.000000
-2.308710 -3.731960 0 3.053280 -23.508100 212.254000 1492.450000 -13 1053 1 0 1.000000
-5.016320 1.096860 0 24.606100 -1.909050 201.637000 1492.720000 -13 1054 1 0 1.000000
3.339060 -7.282040 0 -21.490900 -18.501100 203.747000 1492.620000 -13 1055 1 0 1.000000
1.915380 -1.948220 0 -9.960530 -2.839860 225.461000 1492.580000 -13 1056 1 0 1.000000
-1.533080 -5.150880 0 1.897420 2.767860 211.974000 1492.610000 -13 1057 1 0 1.000000
-3.817560 -9.691020 0 -10.267500 -13.908400 218.411000 1492.480000 -13 1058 1 0 1.000000
-0.859926 -3.617500 0 -13.317500 -2.857350 199.872000 1492.470000 -13 1059 1 0 1.000000
-3.617900 -7.386520 0 3.964570 20.364900 222.164000 1492.660000 -13 1060 1 0 1.000000
-1.554820 -5.611440 0 -5.613500 6.589490 192.370000 1492.510000 -13 1061 1 0 1.000000
-3.093980 -2.374240 0 1.652460 -4.711900 204.551000 1492.590000 -13 1062 1 0 1.000000
-2.801820 6.052070 0 -6.311790 -6.195380 205.990000 1492.600000 -13 1063 1 0 1.000000
-1.526260 -5.020020 0 7.110250 -8.777130 202.921000 1492.600000 -13 1064 1 0 1.000000
1.316660 -1.681780 0 12.386600 7.831960 211.212000 1492.630000 -13 1065 1 0 1.000000
-3.033500 -5.461680 0 35.701100 5.683320 196.935000 1492.580000 -13 1066 1 0 1.000000
-7.308960 -1.978360 0 18.405400 -1.687870 190.996000 1492.590000 -13 1067 1 0 1.000000
3.796550 -2.680640 0 -17.638100 3.953240 205.814000 1492.630000 -13 1068 1 0 1.000000
-1.036770 2.030950 0 -8.847100 -12.167200 200.072000 1492.540000 -13 1069 1 0 1.000000
5.958880 -5.691240 0 4.778620 4.937570 210.716000 1492.760000 -13 1070 1 0 1.000000
-0.091851 -2.734350 0 7.033920 18.194900 206.782000 1492.670000 -13 1071 1 0 1.000000
-2.536440 -3.038730 0 -11.901500 -1.351020 205.645000 1492.570000 -13 1072 1 0 1.000000
-8.969710 1.278490 0 13.517900 -0.679210 202.715000 1492.570000 -13 1073 1 0 1.000000
-4.695340 -2.696080 0 2.450590 -10.154800 197.669000 1492.780000 -13 1074 1 0 1.000000
-2.564280 -4.137350 0 3.869550 -12.503900 199.668000 1492.570000 -13 1075 1 0 1.000000
1.418380 3.658090 0 -2.030300 -20.799300 206.999000 1492.670000 -13 1076 1 0 1.000000
-1.253010 4.658070 0 -21.102800 -9.246730 219.684000 1492.640000 -13 1077 1 0 1.000000
-6.193530 -1.483630 0 10.616800 11.431700 199.510000 1492.500000 -13 1078 1 0 1.000000
-1.479170 -4.420090 0 6.263830 0.233068 199.891000 1492.600000 -13 1079 1 0 1.000000
-2.844600 -1.907480 0 4.133700 -16.551000 191.784000 1492.590000 -13 1080 1 0 1.000000
4.996950 -3.447910 0 -6.270730 2.758500 196.998000 1492.550000 -13 1081 1 0 1.000000
-1.398880 -5.271320 0 1.428010 30.156400 226.590000 1492.540000 -13 1082 1 0 1.000000
-3.784510 -2.922910 0 -3.296820 -1.204020 200.442000 1492.720000 -13 1083 1 0 1.000000
-4.104230 -5.076260 0 18.968000 31.241600 215.742000 1492.650000 -13 1084 1 0 1.000000
-2.080490 -2.759910 0 2.474310 6.685010 202.760000 1492.660000 -13 1085 1 0 1.000000
-3.996730 -1.605150 0 4.566740 7.957530 217.125000 1492.570000 -13 1086 1 0 1.000000
3.017410 4.537470 0 -1.667400 -0.060070 193.706000 1492.650000 -13 1087 1 0 1.000000
-3.478140 0.128417 0 6.878110 5.854690 192.216000 1492.670000 -13 1088 1 0 1.000000
2.255680 -1.790800 0 3.974550 -7.708730 220.335000 1492.640000 -13 1089 1 0 1.000000
0.924328 -1.523320 0 3.276870 12.920800 206.338000 1492.580000 -13 1090 1 0 1.000000
-4.821810 -4.259510 0 8.658710 2.832000 196.182000 1492.510000 -13 1091 1 0 1.000000
1.389880 1.499980 0 -15.344400 -12.307700 194.700000 1492.590000 -13 1092 1 0 1.000000
-2.690770 -10.860200 0 12.740900 -0.532395 196.379000 1492.530000 -13 1093 1 0 1.000000
-0.579701 5.718520 0 -4.182930 -9.453180 209.516000 1492.660000 -13 1094 1 0 1.000000
-6.994940 0.558728 0 -31.086600 6.718810 203.596000 1492.520000 -13 1095 1 0 1.000000
-2.768330 -2.862480 0 -4.873880 5.309150 193.908000 1492.590000 -13 1096 1 0 1.000000
-5.363970 -5.461570 0 7.563500 -14.077800 208.075000 1492.560000 -13 1097 1 0 1.000000
-2.291910 -5.164090 0 10.907700 -7.724340 210.597000 1492.460000 -13 1098 1 0 1.000000
-1.652430 0.787480 0 11.814400 13.752600 214.952000 1492.490000 -13 1099 1 0 1.000000
1.287600 -5.040170 0 9.082370 23.287900 213.149000 1492.530000 -13 1100 1 0 1.000000
-0.189611 -8.072080 0 -22.034200 -0.878027 203.585000 1492.580000 -13 1101 1 0 1.000000
-2.311850 -3.159840 0 4.455390 -1.195610 223.267000 1492.520000 -13 1102 1 0 1.000000
1.004520 -3.570930 0 13.760800 -13.527900 221.094000 1492.500000 -13 1103 1 0 1.000000
-7.246750 -6.730040 0 0.373590 0.889976 205.260000 1492.660000 -13 1104 1 0 1.000000
-2.922870 -4.275290 0 0.458456 -1.240400 203.365000 1492.530000 -13 1105 1 0 1.000000
-1.887420 -2.004680 0 17.116800 11.464400 188.518000 1492.580000 -13 1106 1 0 1.000000
0.043009 -1.315740 0 2.620590 -12.233300 197.153000 1492.560000 -13 1107 1 0 1.000000
1.647680 -3.663830 0 12.815700 18.880600 189.702000 1492.640000 -13 1108 1 0 1.000000
-2.479380 -3.628880 0 7.011710 5.814660 215.377000 1492.590000 -13 1109 1 0 1.000000
-2.170340 -3.536490 0 -9.681980 -2.811380 194.202000 1492.600000 -13 1110 1 0 1.000000
-2.396880 -0.851601 0 0.032578 -10.246400 195.754000 1492.650000 -13 1111 1 0 1.000000
-2.030970 -7.177000 0 7.445360 0.711101 202.395000 1492.540000 -13 1112 1 0 1.000000
-3.428930 -6.021600 0 -17.996200 -15.324800 216.982000 1492.600000 -13 1113 1 0 1.000000
0.258462 0.617569 0 -9.783610 6.344070 209.853000 1492.730000 -13 1114 1 0 1.000000
-0.846628 -4.759400 0 -0.825015 -11.943000 221.985000 1492.630000 -13 1115 1 0 1.000000
-3.657680 -3.558620 0 -5.513410 -9.934460 198.442000 1492.640000 -13 1116 1 0 1.000000
2.733610 -7.805230 0 18.172800 8.989150 221.993000 1492.630000 -13 1117 1 0 1.000000
0.883249 -3.851970 0 -5.021300 0.879246 198.717000 1492.570000 -13 1118 1 0 1.000000
-4.781030 -3.884200 0 3.742300 -8.602890 201.025000 1492.480000 -13 1119 1 0 1.000000
-2.686170 -0.645144 0 -12.889900 -9.446940 195.748000 1492.760000 -13 1120 1 0 1.000000
-4.474240 -0.410996 0 19.099500 -12.293900 211.214000 1492.490000 -13 1121 1 0 1.000000
0.929212 -3.775510 0 -3.907120 2.685960 209.303000 1492.490000 -13 1122 1 0 1.000000
-5.717950 2.407150 0 2.247360 11.032100 204.892000 1492.560000 -13 1123 1 0 1.000000
-4.546550 -5.679500 0 26.205800 17.115600 225.538000 1492.630000 -13 1124 1 0 1.000000
-6.165270 -5.826810 0 2.746510 2.332070 206.141000 1492.530000 -13 1125 1 0 1.000000
-2.943050 1.695680 0 -6.689450 3.190550 199.692000 1492.700000 -13 1126 1 0 1.000000
2.668620 -0.637349 0 11.431900 -0.502304 200.357000 1492.700000 -13 1127 1 0 1.000000
-7.385950 -5.472470 0 -2.930030 9.372130 192.944000 1492.650000 -13 1128 1 0 1.000000
-0.732488 -1.210120 0 6.881180 8.020350 197.699000 1492.580000 -13 1129 1 0 1.000000
-0.684081 -4.338230 0 6.135070 -3.185160 207.775000 1492.580000 -13 1130 1 0 1.000000
-0.197742 -4.495120 0 -0.662764 -7.157190 185.565000 1492.640000 -13 1131 1 0 1.000000
2.797950 0.501062 0 10.454700 -15.111200 197.460000 1492.660000 -13 1132 1 0 1.000000
-3.495190 2.313800 0 23.198800 -25.508500 216.969000 1492.720000 -13 1133 1 0 1.000000
6.790100 -2.378200 0 3.835520 10.423100 193.213000 1492.750000 -13 1134 1 0 1.000000
-0.323485 -1.812730 0 -12.773500 -9.113620 203.176000 1492.610000 -13 1135 1 0 1.000000
0.561431 -4.965690 0 27.755500 21.290700 194.685000 1492.550000 -13 1136 1 0 1.000000
0.390006 -2.932160 0 3.564420 -18.765400 201.933000 1492.630000 -13 1137 1 0 1.000000
1.661040 1.406300 0 17.608300 9.860530 202.437000 1492.660000 -13 1138 1 0 1.000000
-10.607100 -5.311280 0 -9.100960 -15.422100 221.243000 1492.710000 -13 1139 1 0 1.000000
1.444060 -5.058860 0 -26.622400 3.842840 207.333000 1492.630000 -13 1140 1 0 1.000000
-3.847430 3.283340 0 0.286819 -3.938070 200.933000 1492.660000 -13 1141 1 0 1.000000
-1.896380 0.150585 0 -3.650490 1.525400 204.749000 1492.490000 -13 1142 1 0 1.000000
-6.041660 -5.387610 0 -9.010630 -6.200290 209.756000 1492.520000 -13 1143 1 0 1.000000
-1.914390 -3.348240 0 -8.032940 -8.872140 209.170000 1492.590000 -13 1144 1 0 1.000000
-3.560450 0.911303 0 -6.446090 19.372200 219.397000 1492.600000 -13 1145 1 0 1.000000
-1.511920 1.944430 0 13.001700 -1.499180 217.268000 1492.520000 -13 1146 1 0 1.000000
-2.685350 -4.335650 0 12.120200 -1.758520 216.489000 1492.560000 -13 1147 1 0 1.000000
-0.880485 -1.661530 0 19.132700 -15.586300 218.732000 1492.660000 -13 1148 1 0 1.000000
-4.134400 -6.414990 0 -10.701900 -21.219600 213.122000 1492.670000 -13 1149 1 0 1.000000
1.190140 2.355520 0 -6.891110 -23.142500 212.191000 1492.650000 -13 1150 1 0 1.000000
-4.926080 1.481430 0 0.585679 18.270600 213.354000 1492.600000 -13 1151 1 0 1.000000
2.336400 7.164020 0 -9.070520 3.910530 211.580000 1492.670000 -13 1152 1 0 1.000000
-3.347480 -0.356509 0 -7.881770 11.977800 216.626000 1492.640000 -13 1153 1 0 1.000000
-2.878320 -7.244550 0 0.922561 -10.957200 195.958000 1492.580000 -13 1154 1 0 1.000000
-0.423444 -3.465280 0 5.686520 -11.089200 215.900000 1492.610000 -13 1155 1 0 1.000000
-2.824220 -4.044360 0 11.132600 -17.241600 202.738000 1492.710000 -13 1156 1 0 1.000000
-5.668340 -4.051080 0 -12.366500 -3.358810 193.247000 1492.520000 -13 1157 1 0 1.000000
0.233178 -2.677420 0 5.003120 -10.696600 201.177000 1492.480000 -13 1158 1 0 1.000000
-3.112630 -3.347630 0 5.327530 0.454858 200.301000 1492.750000 -13 1159 1 0 1.000000
-2.376590 3.079190 0 -2.051500 5.873820 206.675000 1492.430000 -13 1160 1 0 1.000000
-3.913460 -4.946150 0 7.908900 -13.630500 219.250000 1492.680000 -13 1161 1 0 1.000000
-5.241440 0.233023 0 -5.752800 -22.614700 222.582000 1492.660000 -13 1162 1 0 1.000000
-5.556590 -8.032060 0 6.218840 -1.493770 205.030000 1492.660000 -13 1163 1 0 1.000000
-3.481050 -6.612150 0 -4.966750 5.663940 199.479000 1492.640000 -13 1164 1 0 1.000000
-4.031890 0.707581 0 15.160300 -14.131800 199.970000 1492.480000 -13 1165 1 0 1.000000
-9.583730 -0.020764 0 -14.345500 -2.494560 195.558000 1492.630000 -13 1166 1 0 1.000000
-0.526953 -8.552190 0 6.961420 6.406690 202.722000 1492.660000 -13 1167 1 0 1.000000
-0.005121 -4.245350 0 -21.540000 5.792590 194.855000 1492.630000 -13 1168 1 0 1.000000
-6.385640 -4.803600 0 2.284080 -19.425300 204.402000 1492.540000 -13 1169 1 0 1.000000
-3.926600 -5.984530 0 12.789900 -4.289710 210.792000 1492.600000 -13 1170 1 0 1.000000
-2.336490 -3.194970 0 3.288580 -18.500500 212.109000 1492.570000 -13 1171 1 0 1.000000
-4.938820 -7.465470 0 -1.138440 -6.198370 214.225000 1492.420000 -13 1172 1 0 1.000000
-0.363048 -9.215060 0 -3.260080 2.268990 221.555000 1492.540000 -13 1173 1 0 1.000000
-3.344340 -2.929060 0 -9.029580 -13.376200 224.186000 1492.720000 -13 1174 1 0 1.000000
-1.456460 -7.060370 0 -2.080710 2.201770 198.333000 1492.660000 -13 1175 1 0 1.000000
-3.342350 -3.096810 0 10.547500 -8.747920 223.575000 1492.500000 -13 1176 1 0 1.000000
-7.451360 0.510385 0 -7.495890 10.024300 192.131000 1492.530000 -13 1177 1 0 1.000000
2.675040 -0.780463 0 -7.087500 -7.138270 205.977000 1492.790000 -13 1178 1 0 1.000000
-2.160960 -3.256130 0 32.958300 -7.195650 215.254000 1492.660000 -13 1179 1 0 1.000000
-3.851290 -0.364292 0 -1.123230 -6.049060 193.662000 1492.550000 -13 1180 1 0 1.000000
4.553170 0.504124 0 -11.131500 0.323571 197.236000 1492.610000 -13 1181 1 0 1.000000
-7.478010 -1.339730 0 -20.261800 -1.974370 224.808000 1492.580000 -13 1182 1 0 1.000000
-1.169960 -2.715270 0 1.718130 24.251400 219.134000 1492.640000 -13 1183 1 0 1.000000
-8.869040 -1.231980 0 -12.737400 0.526781 206.402000 1492.660000 -13 1184 1 0 1.000000
3.504150 -1.655510 0 20.232600 -1.317040 210.060000 1492.520000 -13 1185 1 0 1.000000
4.907360 -4.339190 0 22.116900 -24.630200 217.295000 1492.610000 -13 1186 1 0 1.000000
-6.776480 -4.525340 0 -21.792700 12.518500 218.300000 1492.710000 -13 1187 1 0 1.000000
2.279910 -4.812710 0 26.965800 2.002450 197.640000 1492.630000 -13 1188 1 0 1.000000
1.069390 -0.376951 0 3.198870 11.061800 210.906000 1492.700000 -13 1189 1 0 1.000000
-3.305390 -0.968286 0 5.569100 17.522900 197.595000 1492.410000 -13 1190 1 0 1.000000
-0.846361 3.105350 0 -2.326180 3.770280 209.908000 1492.480000 -13 1191 1 0 1.000000
-3.907170 -7.272430 0 -0.230142 0.926647 216.414000 1492.700000 -13 1192 1 0 1.000000
-6.667210 -2.786900 0 0.925543 -14.834600 224.451000 1492.600000 -13 1193 1 0 1.000000
3.144190 -6.277030 0 -13.679000 -4.645150 198.167000 1492.660000 -13 1194 1 0 1.000000
0.137926 -4.828250 0 -10.816400 3.130860 203.023000 1492.510000 -13 1195 1 0 1.000000
-0.203092 -1.828090 0 0.376362 14.145500 205.903000 1492.450000 -13 1196 1 0 1.000000
0.531473 -3.161450 0 4.244910 -10.270400 211.700000 1492.490000 -13 1197 1 0 1.000000
-4.616640 -2.316400 0 -9.440620 4.120120 201.474000 1492.600000 -13 1198 1 0 1.000000
3.559680 -2.441920 0 -11.002700 -2.929810 209.150000 1492.490000 -13 1199 1 0 1.000000
-2.717470 0.562193 0 3.575920 8.470110 193.990000 1492.680000 -13 1200 1 0 1.000000
0.319457 -1.240780 0 -29.920300 4.311390 196.131000 1492.730000 -13 1201 1 0 1.000000
-0.003217 -3.555190 0 -12.367500 5.006620 210.072000 1492.690000 -13 1202 1 0 1.000000
-0.433098 2.480540 0 -3.836420 19.610100 207.338000 1492.570000 -13 1203 1 0 1.000000
-4.725580 -2.634600 0 -27.563300 -8.027950 217.215000 1492.690000 -13 1204 1 0 1.000000
1.848540 -5.582300 0 -25.684300 29.705100 227.006000 1492.610000 -13 1205 1 0 1.000000
0.164816 -6.483530 0 15.318600 -11.776000 204.159000 1492.510000 -13 1206 1 0 1.000000
-3.184210 -3.764140 0 -3.978010 -9.828270 216.696000 1492.770000 -13 1207 1 0 1.000000
-1.361170 -1.369740 0 3.399990 8.692360 206.638000 1492.600000 -13 1208 1 0 1.000000
-3.437330 -1.678910 0 12.534300 -18.295900 216.966000 1492.670000 -13 1209 1 0 1.000000
2.277360 -2.146310 0 3.964040 2.070770 217.946000 1492.520000 -13 1210 1 0 1.000000
-3.327290 -4.331890 0 15.472200 -21.001300 216.974000 1492.500000 -13 1211 1 0 1.000000
-0.500306 -4.113610 0 2.380190 9.779940 190.743000 1492.510000 -13 1212 1 0 1.000000
2.845380 -2.310640 0 -6.970710 -15.916700 199.046000 1492.590000 -13 1213 1 0 1.000000
-2.906710 -2.389890 0 -14.238800 21.011000 226.209000 1492.650000 -13 1214 1 0 1.000000
-4.699390 -2.865850 0 5.068340 -8.999480 204.628000 1492.810000 -13 1215 1 0 1.000000
1.493550 -0.021794 0 -15.684300 -2.557100 199.127000 1492.730000 -13 1216 1 0 1.000000
-1.796360 1.842840 0 5.532680 -9.607470 201.623000 1492.620000 -13 1217 1 0 1.000000
-3.244420 -2.146050 0 17.155800 23.887600 225.834000 1492.530000 -13 1218 1 0 1.000000
-3.234750 5.573370 0 3.414450 -4.045930 202.601000 1492.550000 -13 1219 1 0 1.000000
2.289010 -5.821770 0 -13.530500 28.446000 201.992000 1492.630000 -13 1220 1 0 1.000000
-2.200940 5.606940 0 -8.776040 13.143500 200.773000 1492.560000 -13 1221 1 0 1.000000
0.007707 -2.182780 0 6.094170 6.283130 202.637000 1492.540000 -13 1222 1 0 1.000000
-2.764800 -6.104230 0 19.299800 -28.879300 192.263000 1492.580000 -13 1223 1 0 1.000000
-4.861920 0.403617 0 -2.973580 -9.896090 203.727000 1492.610000 -13 1224 1 0 1.000000
-1.321330 -3.878870 0 -0.711314 -0.837783 191.903000 1492.600000 -13 1225 1 0 1.000000
-0.762638 -2.353590 0 5.501540 -0.820714 196.711000 1492.710000 -13 1226 1 0 1.000000
2.564850 -1.883640 0 -23.993700 -0.328170 214.278000 1492.710000 -13 1227 1 0 1.000000
-3.806360 -5.540340 0 -2.018640 -4.301910 203.047000 1492.540000 -13 1228 1 0 1.000000
2.994080 2.049470 0 19.613000 7.959360 190.998000 1492.590000 -13 1229 1 0 1.000000
-4.762310 -1.971430 0 11.174700 12.577400 204.724000 1492.500000 -13 1230 1 0 1.000000
-6.118200 -9.842570 0 -2.721200 2.285170 193.067000 1492.550000 -13 1231 1 0 1.000000
-0.950527 -3.014810 0 1.472700 2.110840 222.569000 1492.570000 -13 1232 1 0 1.000000
-2.186020 -2.171000 0 6.440290 -9.178250 213.963000 1492.550000 -13 1233 1 0 1.000000
1.563960 -3.754620 0 -0.882946 5.008430 216.826000 1492.570000 -13 1234 1 0 1.000000
0.593578 -5.627280 0 -6.075510 -11.164400 183.210000 1492.540000 -13 1235 1 0 1.000000
0.835239 -1.036590 0 -11.130800 6.645260 197.110000 1492.710000 -13 1236 1 0 1.000000
-0.192260 1.124620 0 2.063050 -16.017200 203.310000 1492.610000 -13 1237 1 0 1.000000
1.965690 -5.694200 0 0.266036 6.514360 209.140000 1492.700000 -13 1238 1 0 1.000000
0.409427 -6.694250 0 -27.387400 -19.896400 202.872000 1492.460000 -13 1239 1 0 1.000000
-1.853540 -2.503690 0 3.257240 -5.779700 209.400000 1492.660000 -13 1240 1 0 1.000000
-4.260080 0.137857 0 -0.522960 13.428700 215.558000 1492.520000 -13 1241 1 0 1.000000
-3.170290 1.479860 0 -5.925380 14.292300 192.104000 1492.430000 -13 1242 1 0 1.000000
-3.902700 -7.530620 0 2.255600 9.110630 203.424000 1492.500000 -13 1243 1 0 1.000000
-0.978094 -3.668780 0 0.403595 -16.806800 205.444000 1492.580000 -13 1244 1 0 1.000000
-0.335536 -4.246390 0 -0.717998 7.515110 208.150000 1492.700000 -13 1245 1 0 1.000000
-4.755250 -2.462220 0 -15.900900 -12.023400 205.097000 1492.510000 -13 1246 1 0 1.000000
3.235850 -0.846118 0 10.534400 -27.801600 205.911000 1492.660000 -13 1247 1 0 1.000000
-2.164310 -4.248870 0 -3.435290 6.173430 224.566000 1492.620000 -13 1248 1 0 1.000000
-2.885140 5.313010 0 -18.768800 -24.232900 226.948000 1492.610000 -13 1249 1 0 1.000000
1.701830 -2.853070 0 -12.747500 3.951910 194.809000 1492.700000 -13 1250 1 0 1.000000
-1.501390 -0.602748 0 -18.422500 -34.419900 198.378000 1492.530000 -13 1251 1 0 1.000000
-6.653910 -0.123447 0 -18.712000 18.285700 208.731000 1492.620000 -13 1252 1 0 1.000000
4.449170 -3.046020 0 1.742220 -7.207440 202.051000 1492.620000 -13 1253 1 0 1.000000
-3.226760 -2.148570 0 0.335028 -4.323000 200.833000 1492.580000 -13 1254 1 0 1.000000
0.335394 -5.215400 0 -11.522700 -13.000500 210.978000 1492.630000 -13 1255 1 0 1.000000
0.492143 -3.080740 0 5.185580 15.929000 197.815000 1492.630000 -13 1256 1 0 1.000000
-2.655600 -2.014770 0 -3.239430 -1.265890 208.212000 1492.690000 -13 1257 1 0 1.000000
-7.413940 -0.333027 0 -13.551300 4.487810 210.996000 1492.520000 -13 1258 1 0 1.000000
1.399490 -2.708810 0 3.601330 28.088000 202.001000 1492.660000 -13 1259 1 0 1.000000
1.483330 -3.243870 0 2.580210 6.304990 208.926000 1492.560000 -13 1260 1 0 1.000000
0.675241 -2.853420 0 3.004900 -4.051470 204.487000 1492.590000 -13 1261 1 0 1.000000
-3.141450 -5.027170 0 -29.599100 -4.764520 211.742000 1492.700000 -13 1262 1 0 1.000000
-6.997200 -0.215668 0 -3.623160 -10.991500 204.071000 1492.620000 -13 1263 1 0 1.000000
-0.583984 -9.771400 0 22.971000 -3.267610 207.915000 1492.630000 -13 1264 1 0 1.000000
-7.469440 0.381066 0 -11.734400 -8.881160 206.521000 1492.590000 -13 1265 1 0 1.000000
-3.599950 -6.466610 0 -3.527440 -6.861570 210.184000 1492.510000 -13 1266 1 0 1.000000
-1.542790 -7.451180 0 -13.522500 -12.643100 199.821000 1492.640000 -13 1267 1 0 1.000000
0.765471 -2.622480 0 6.506110 8.782780 196.922000 1492.460000 -13 1268 1 0 1.000000
-1.923200 -7.228470 0 3.444750 -1.941680 202.019000 1492.660000 -13 1269 1 0 1.000000
6.413960 1.877850 0 -8.735800 -8.241080 205.935000 1492.660000 -13 1270 1 0 1.000000
-5.812670 -2.017480 0 -0.369982 -19.467400 196.917000 1492.590000 -13 1271 1 0 1.000000
-0.803920 -5.318260 0 9.434100 -14.866700 217.905000 1492.630000 -13 1272 1 0 1.000000
-2.169520 -5.881590 0 -5.272120 2.443370 197.393000 1492.510000 -13 1273 1 0 1.000000
-4.568320 -1.463490 0 -14.293100 -6.108190 209.812000 1492.570000 -13 1274 1 0 1.000000
-6.525720 -5.705920 0 -12.157900 -12.477100 222.639000 1492.550000 -13 1275 1 0 1.000000
-1.325370 -2.009660 0 3.400240 1.129790 198.472000 1492.670000 -13 1276 1 0 1.000000
-2.149880 1.127470 0 -5.070240 -17.388700 214.206000 1492.650000 -13 1277 1 0 1.000000
-0.284150 -3.055180 0 9.512300 -3.996040 218.426000 1492.560000 -13 1278 1 0 1.000000
-3.880980 0.891929 0 -11.119000 8.181040 196.821000 1492.570000 -13 1279 1 0 1.000000
-3.778640 0.153300 0 -28.065600 1.622590 224.958000 1492.530000 -13 1280 1 0 1.000000
-4.029210 2.351400 0 -9.098160 -6.389380 201.163000 1492.640000 -13 1281 1 0 1.000000
-0.519478 -7.175570 0 27.422600 -33.350800 211.447000 1492.500000 -13 1282 1 0 1.000000
-3.831120 1.021400 0 3.120640 -0.781117 194.056000 1492.470000 -13 1283 1 0 1.000000
-4.053440 -4.123020 0 3.651280 2.357630 211.546000 1492.580000 -13 1284 1 0 1.000000
-1.009000 -2.763290 0 13.744200 18.040600 203.844000 1492.640000 -13 1285 1 0 1.000000
-1.007430 4.156520 0 -19.726300 28.286000 199.039000 1492.680000 -13 1286 1 0 1.000000
-4.920530 -4.874750 0 5.956030 2.122430 202.981000 1492.620000 -13 1287 1 0 1.000000
0.507522 -4.624390 0 19.320900 20.483500 221.221000 1492.640000 -13 1288 1 0 1.000000
2.333790 4.392050 0 -9.670680 -1.775220 203.041000 1492.550000 -13 1289 1 0 1.000000
1.683010 0.985547 0 3.887100 -15.162400 219.804000 1492.560000 -13 1290 1 0 1.000000
-2.659810 0.474463 0 7.328370 -8.539460 218.820000 1492.520000 -13 1291 1 0 1.000000
-4.391610 0.146346 0 11.095500 16.606300 228.704000 1492.610000 -13 1292 1 0 1.000000
-9.633270 0.304109 0 -8.323820 0.368354 199.171000 1492.560000 -13 1293 1 0 1.000000
-2.246670 -2.571950 0 6.263150 -10.726300 205.256000 1492.620000 -13 1294 1 0 1.000000
-10.811400 -0.011500 0 -7.890420 3.841200 209.121000 1492.560000 -13 1295 1 0 1.000000
-6.138650 -2.000970 0 1.370440 -6.532850 208.790000 1492.450000 -13 1296 1 0 1.000000
5.145910 -3.224610 0 2.453430 -8.898700 216.023000 1492.640000 -13 1297 1 0 1.000000
-4.093830 -2.304600 0 -17.528400 13.471100 196.512000 1492.520000 -13 1298 1 0 1.000000
-4.458690 3.196130 0 -11.759500 4.583250 215.575000 1492.710000 -13 1299 1 0 1.000000
3.451040 -1.251970 0 -24.677500 -9.614420 191.374000 1492.590000 -13 1300 1 0 1.000000
-6.757130 -1.330930 0 -0.351666 20.339300 207.875000 1492.650000 -13 1301 1 0 1.000000
-2.203420 -1.959190 0 20.352300 13.620600 210.204000 1492.640000 -13 1302 1 0 1.000000
5.143240 -6.021240 0 17.617900 -2.948010 196.210000 1492.710000 -13 1303 1 0 1.000000
-3.462830 0.589840 0 4.033290 -5.568740 230.766000 1492.570000 -13 1304 1 0 1.000000
-5.041510 -6.705660 0 10.764900 -10.176000 193.952000 1492.610000 -13 1305 1 0 1.000000
-1.360580 -1.246410 0 7.055350 3.257950 184.255000 1492.540000 -13 1306 1 0 1.000000
1.271890 -2.023210 0 -0.838703 4.200670 198.328000 1492.490000 -13 1307 1 0 1.000000
2.336590 1.950220 0 8.561360 -0.094144 210.195000 1492.600000 -13 1308 1 0 1.000000
-4.272760 -6.555870 0 7.289770 -6.254460 213.116000 1492.530000 -13 1309 1 0 1.000000
-4.850080 2.060600 0 -0.636439 6.225330 213.151000 1492.740000 -13 1310 1 0 1.000000
1.414640 -4.006630 0 27.104400 -5.412540 212.597000 1492.700000 -13 1311 1 0 1.000000
-1.342830 -4.148380 0 -32.616400 32.735500 206.254000 1492.570000 -13 1312 1 0 1.000000
-4.102260 -4.265840 0 6.262390 20.763200 211.982000 1492.470000 -13 1313 1 0 1.000000
-2.133090 -0.616395 0 -31.586700 -5.593900 220.643000 1492.590000 -13 1314 1 0 1.000000
-0.987682 -7.331990 0 14.230100 18.724300 193.517000 1492.710000 -13 1315 1 0 1.000000
-4.604540 -3.056200 0 -7.044740 26.084200 203.887000 1492.570000 -13 1316 1 0 1.000000
-9.655500 -5.815710 0 13.819100 -15.562300 207.635000 1492.550000 -13 1317 1 0 1.000000
-3.212240 -5.150150 0 -17.670000 -0.567099 216.833000 1492.680000 -13 1318 1 0 1.000000
0.231864 -1.009300 0 -16.996300 2.554100 221.155000 1492.660000 -13 1319 1 0 1.000000
-1.078030 1.387500 0 -24.611700 14.717400 211.209000 1492.510000 -13 1320 1 0 1.000000
-4.163270 -1.384760 0 9.845030 8.836050 202.772000 1492.610000 -13 1321 1 0 1.000000
-5.256030 -3.192740 0 -10.565300 -11.304500 215.068000 1492.570000 -13 1322 1 0 1.000000
0.808636 -1.425740 0 6.290200 -8.570200 190.692000 1492.760000 -13 1323 1 0 1.000000
-4.492290 0.788209 0 18.280900 -17.848000 205.998000 1492.760000 -13 1324 1 0 1.000000
-1.142600 -8.556640 0 3.112630 -11.425800 217.065000 1492.700000 -13 1325 1 0 1.000000
-3.879500 0.004528 0 8.129550 7.639840 199.097000 1492.680000 -13 1326 1 0 1.000000
-0.548922 1.092700 0 -1.811320 -2.123150 210.099000 1492.530000 -13 1327 1 0 1.000000
-3.862710 -8.048970 0 -14.022400 11.222500 197.130000 1492.530000 -13 1328 1 0 1.000000
-10.182000 -4.731260 0 4.065020 -17.332300 200.937000 1492.660000 -13 1329 1 0 1.000000
-0.764090 -4.426790 0 22.393800 -7.885550 218.224000 1492.600000 -13 1330 1 0 1.000000
3.472480 -1.608320 0 17.010700 -23.590400 204.823000 1492.580000 -13 1331 1 0 1.000000
2.378240 -4.598770 0 1.869880 -5.485070 189.942000 1492.560000 -13 1332 1 0 1.000000
-4.612990 -0.349227 0 -11.757200 5.624830 211.503000 1492.630000 -13 1333 1 0 1.000000
-2.594870 -2.197240 0 -20.751600 -19.358900 222.371000 1492.570000 -13 1334 1 0 1.000000
-4.910010 -1.727760 0 3.364370 -18.974600 219.582000 1492.740000 -13 1335 1 0 1.000000
1.190370 -4.147270 0 -9.190570 8.295110 191.290000 1492.640000 -13 1336 1 0 1.000000
0.270443 -2.526240 0 -9.282250 26.815700 213.218000 1492.690000 -13 1337 1 0 1.000000
-1.245950 0.958929 0 -13.302300 11.604800 206.011000 1492.480000 -13 1338 1 0 1.000000
1.948300 -4.660530 0 -13.815100 0.698063 196.351000 1492.500000 -13 1339 1 0 1.000000
-1.996590 -6.809440 0 3.061880 -12.768700 192.434000 1492.540000 -13 1340 1 0 1.000000
1.036200 -2.092650 0 8.494540 -9.382310 203.396000 1492.610000 -13 1341 1 0 1.000000
0.668004 -5.484900 0 3.269260 11.526800 198.503000 1492.670000 -13 1342 1 0 1.000000
-0.666363 -3.979690 0 -11.742200 -5.130750 222.119000 1492.460000 -13 1343 1 0 1.000000
0.196047 -2.895810 0 10.189100 -3.024650 207.067000 1492.530000 -13 1344 1 0 1.000000
-1.328320 -6.229620 0 -28.599400 -11.194300 215.238000 1492.500000 -13 1345 1 0 1.000000
-0.893963 -4.953970 0 5.834010 -25.787000 204.435000 1492.580000 -13 1346 1 0 1.000000
-0.349577 -5.940060 0 1.612940 1.654540 202.614000 1492.650000 -13 1347 1 0 1.000000
-2.611420 2.667630 0 -16.069900 -7.139330 199.178000 1492.450000 -13 1348 1 0 1.000000
1.715000 -5.886920 0 2.463740 8.540900 194.462000 1492.570000 -13 1349 1 0 1.000000
0.203556 -1.690360 0 -11.488000 18.336700 213.117000 1492.630000 -13 1350 1 0 1.000000
-0.954349 -0.265894 0 -21.053000 8.218610 194.347000 1492.620000 -13 1351 1 0 1.000000
-0.666151 -1.035730 0 -2.549130 -11.128100 193.490000 1492.650000 -13 1352 1 0 1.000000
-4.242300 -2.829150 0 1.804500 -8.029160 202.780000 1492.780000 -13 1353 1 0 1.000000
-4.974460 -2.474590 0 11.934000 -12.713300 209.587000 1492.540000 -13 1354 1 0 1.000000
-2.817250 -0.921842 0 -8.987960 0.323408 212.099000 1492.480000 -13 1355 1 0 1.000000
0.673251 -3.761260 0 20.771900 -23.553200 204.572000 1492.740000 -13 1356 1 0 1.000000
-1.384990 -1.621560 0 3.863880 -11.207800 195.386000 1492.520000 -13 1357 1 0 1.000000
-1.033930 -5.382270 0 13.131300 -6.769140 202.632000 1492.650000 -13 1358 1 0 1.000000
-0.803420 -1.282890 0 -4.570580 2.969080 202.562000 1492.580000 -13 1359 1 0 1.000000
5.928920 -4.765740 0 8.512910 -9.710770 209.952000 1492.600000 -13 1360 1 0 1.000000
2.381780 -1.723530 0 21.986800 4.417740 191.884000 1492.670000 -13 1361 1 0 1.000000
-3.641020 -0.700616 0 -7.016540 6.143230 201.731000 1492.770000 -13 1362 1 0 1.000000
1.417610 -1.320530 0 -7.997380 -9.460670 199.267000 1492.580000 -13 1363 1 0 1.000000
-7.261020 3.530130 0 0.345761 9.901770 206.661000 1492.630000 -13 1364 1 0 1.000000
-4.651210 -1.154420 0 -11.262100 -3.162250 216.880000 1492.550000 -13 1365 1 0 1.000000
-1.750030 -2.666540 0 34.497100 -18.423100 198.754000 1492.610000 -13 1366 1 0 1.000000
-1.806360 0.887149 0 -2.993960 17.258800 207.127000 1492.550000 -13 1367 1 0 1.000000
-6.766660 -1.470220 0 6.946170 5.625830 209.274000 1492.750000 -13 1368 1 0 1.000000
-2.069390 -1.292830 0 -8.601340 -11.021100 212.867000 1492.580000 -13 1369 1 0 1.000000
-4.714810 6.470300 0 13.400300 11.193500 203.283000 1492.470000 -13 1370 1 0 1.000000
-0.258470 -0.267295 0 -9.223270 -14.496700 212.187000 1492.600000 -13 1371 1 0 1.000000
1.753640 -6.737350 0 11.863600 7.441310 198.923000 1492.700000 -13 1372 1 0 1.000000
-6.304830 -0.134868 0 5.924090 9.120200 204.500000 1492.590000 -13 1373 1 0 1.000000
-0.053536 0.227729 0 -11.294900 2.502580 216.171000 1492.640000 -13 1374 1 0 1.000000
-0.013389 4.990210 0 -8.817540 -2.413120 203.770000 1492.580000 -13 1375 1 0 1.000000
3.192230 -5.910930 0 -1.815610 10.392100 208.286000 1492.750000 -13 1376 1 0 1.000000
-8.539050 -1.131820 0 4.217300 12.272600 210.973000 1492.460000 -13 1377 1 0 1.000000
-0.955322 -1.849600 0 -0.944641 -1.567760 194.321000 1492.610000 -13 1378 1 0 1.000000
-1.252440 -4.867730 0 7.747580 28.901100 226.990000 1492.590000 -13 1379 1 0 1.000000
-4.580950 -6.549250 0 15.655600 -3.402840 197.393000 1492.490000 -13 1380 1 0 1.000000
3.562020 -5.313130 0 3.096410 5.336330 212.826000 1492.570000 -13 1381 1 0 1.000000
-3.579090 -2.493360 0 15.441200 18.475400 216.696000 1492.490000 -13 1382 1 0 1.000000
0.947845 -4.621640 0 8.097710 8.408700 215.980000 1492.640000 -13 1383 1 0 1.000000
0.086273 -9.795270 0 11.641200 9.895310 206.863000 1492.770000 -13 1384 1 0 1.000000
-2.838210 -9.260010 0 -2.090890 -26.703400 200.489000 1492.590000 -13 1385 1 0 1.000000
0.175460 -6.831060 0 -13.357200 20.840300 197.609000 1492.530000 -13 1386 1 0 1.000000
-3.501040 -5.652320 0 1.008570 0.843513 207.457000 1492.570000 -13 1387 1 0 1.000000
-4.290860 -4.756190 0 7.012880 -1.306260 213.159000 1492.550000 -13 1388 1 0 1.000000
-3.259430 -3.715690 0 -7.594450 4.303060 192.713000 1492.540000 -13 1389 1 0 1.000000
0.225331 1.148830 0 19.963400 -1.486920 214.142000 1492.630000 -13 1390 1 0 1.000000
1.864590 -5.074120 0 -2.726620 16.867500 215.608000 1492.600000 -13 1391 1 0 1.000000
-5.465590 -4.514620 0 -20.559800 13.435300 207.767000 1492.600000 -13 1392 1 0 1.000000
-0.500367 -1.147460 0 4.403010 5.500160 204.033000 1492.590000 -13 1393 1 0 1.000000
-7.702930 -2.965670 0 -0.446468 6.393720 198.081000 1492.590000 -13 1394 1 0 1.000000
-3.616940 0.323173 0 3.731390 14.233500 211.953000 1492.690000 -13 1395 1 0 1.000000
-4.816280 0.700209 0 -29.116400 17.133200 193.507000 1492.760000 -13 1396 1 0 1.000000
-2.491910 -0.963095 0 -3.330170 -1.351870 201.749000 1492.610000 -13 1397 1 0 1.000000
-3.016150 -3.928190 0 5.744100 14.809300 220.080000 1492.760000 -13 1398 1 0 1.000000
-0.834559 0.610092 0 -15.195100 -4.990060 189.698000 1492.600000 -13 1399 1 0 1.000000
-4.602630 -5.379450 0 7.955610 -13.092700 203.118000 1492.590000 -13 1400 1 0 1.000000
-4.043960 2.117570 0 19.962700 4.477090 207.797000 1492.680000 -13 1401 1 0 1.000000
-4.001980 -7.137160 0 13.495900 25.863000 218.852000 1492.570000 -13 1402 1 0 1.000000
-0.881820 -5.017730 0 25.411900 4.586960 222.753000 1492.600000 -13 1403 1 0 1.000000
2.400520 -3.432550 0 -1.025780 6.685920 188.494000 1492.620000 -13 1404 1 0 1.000000
-0.920557 -2.042490 0 10.657600 -13.250400 202.558000 1492.560000 -13 1405 1 0 1.000000
0.713175 -5.830720 0 0.171928 -3.964170 211.750000 1492.580000 -13 1406 1 0 1.000000
-2.395390 -3.524690 0 1.085260 -15.641800 195.556000 1492.580000 -13 1407 1 0 1.000000
-1.558110 1.300950 0 -22.498400 -4.351790 202.833000 1492.580000 -13 1408 1 0 1.000000
-2.769780 -3.542530 0 0.529357 -1.244870 213.061000 1492.620000 -13 1409 1 0 1.000000
-5.059830 -4.978560 0 -6.265700 -0.909738 211.385000 1492.530000 -13 1410 1 0 1.000000
-5.051670 -2.820910 0 2.394970 1.228400 212.243000 1492.790000 -13 1411 1 0 1.000000
-4.566110 1.192840 0 1.086100 -20.797200 213.964000 1492.550000 -13 1412 1 0 1.000000
-2.825890 -1.704600 0 -21.224500 19.839000 203.404000 1492.670000 -13 1413 1 0 1.000000
-2.641810 1.686540 0 18.909300 7.715800 207.604000 1492.540000 -13 1414 1 0 1.000000
1.715350 -6.072360 0 27.771500 24.423800 199.032000 1492.600000 -13 1415 1 0 1.000000
1.348170 -2.684760 0 21.972100 -9.681540 196.466000 1492.600000 -13 1416 1 0 1.000000
3.029550 -3.173210 0 -11.244800 -11.233300 190.690000 1492.570000 -13 1417 1 0 1.000000
-1.714720 1.302500 0 -13.336400 -14.261200 201.271000 1492.540000 -13 1418 1 0 1.000000
-4.105740 2.476270 0 -3.433680 -3.943530 203.817000 1492.590000 -13 1419 1 0 1.000000
-10.619200 0.981468 0 -8.651630 1.608160 211.150000 1492.550000 -13 1420 1 0 1.000000
-6.942090 -3.201530 0 2.301770 17.354700 223.579000 1492.710000 -13 1421 1 0 1.000000
-2.703470 1.261340 0 -2.995540 -2.135450 218.147000 1492.700000 -13 1422 1 0 1.000000
1.229370 -1.560600 0 10.056900 -9.168730 225.562000 1492.580000 -13 1423 1 0 1.000000
-0.356886 1.967600 0 0.178193 -2.240540 207.009000 1492.640000 -13 1424 1 0 1.000000
-2.410450 1.399180 0 7.066270 24.054800 225.511000 1492.610000 -13 1425 1 0 1.000000
2.575080 -1.666550 0 12.504800 -1.106670 210.050000 1492.560000 -13 1426 1 0 1.000000
0.494838 -5.085740 0 6.030290 14.688500 211.334000 1492.620000 -13 1427 1 0 1.000000
-1.290670 -1.162710 0 -14.253100 13.077200 214.731000 1492.590000 -13 1428 1 0 1.000000
0.414450 0.191587 0 -13.249200 -31.889600 221.472000 1492.750000 -13 1429 1 0 1.000000
-3.332210 -4.704310 0 1.587410 16.790500 211.796000 1492.640000 -13 1430 1 0 1.000000
-3.544230 -2.405800 0 -5.141860 3.706720 219.904000 1492.530000 -13 1431 1 0 1.000000
-2.988510 -7.099750 0 6.793630 -10.560300 196.341000 1492.520000 -13 1432 1 0 1.000000
-2.141580 -5.325500 0 -8.672720 -1.832660 209.096000 1492.610000 -13 1433 1 0 1.000000
-2.781160 -0.384443 0 -13.579800 9.295040 194.741000 1492.510000 -13 1434 1 0 1.000000
0.030920 -3.904660 0 4.446360 16.329300 205.783000 1492.640000 -13 1435 1 0 1.000000
1.142640 -8.236350 0 -13.486100 18.681400 196.038000 1492.660000 -13 1436 1 0 1.000000
-0.990290 1.796430 0 -8.154900 16.309000 205.116000 1492.520000 -13 1437 1 0 1.000000
-3.273180 -1.473120 0 -24.210200 -16.437900 221.299000 1492.540000 -13 1438 1 0 1.000000
-3.497910 -5.559780 0 2.280990 8.037980 204.915000 1492.580000 -13 1439 1 0 1.000000
-0.490337 -4.895480 0 -11.121300 3.729710 221.630000 1492.470000 -13 1440 1 0 1.000000
-9.207090 -4.142130 0 -0.171531 -17.024800 201.103000 1492.750000 -13 1441 1 0 1.000000
-4.602520 0.435586 0 2.387560 10.022600 210.054000 1492.660000 -13 1442 1 0 1.000000
-3.067280 1.767090 0 0.276847 20.269300 189.872000 1492.530000 -13 1443 1 0 1.000000
-2.927310 -1.185040 0 9.193640 -9.768500 209.523000 1492.470000 -13 1444 1 0 1.000000
-0.924862 -7.966130 0 -1.863950 17.884200 222.411000 1492.650000 -13 1445 1 0 1.000000
-1.518580 -1.750540 0 -4.006620 -2.814050 197.605000 1492.600000 -13 1446 1 0 1.000000
-0.763741 -5.781360 0 25.693500 -18.988500 214.536000 1492.720000 -13 1447 1 0 1.000000
-5.377670 -0.791828 0 9.133970 8.192980 199.235000 1492.480000 -13 1448 1 0 1.000000
-3.515270 -0.353785 0 -8.139020 11.604300 207.300000 1492.480000 -13 1449 1 0 1.000000
3.535350 1.783730 0 -7.498370 -12.147400 216.620000 1492.570000 -13 1450 1 0 1.000000
4.382930 1.060430 0 -11.664800 -1.551050 209.070000 1492.590000 -13 1451 1 0 1.000000
-0.685930 -0.069829 0 10.063400 -1.670820 201.143000 1492.500000 -13 1452 1 0 1.000000
-4.736550 -2.094090 0 10.962400 16.818100 195.097000 1492.570000 -13 1453 1 0 1.000000
-6.133950 -4.781310 0 13.292000 -31.921500 202.712000 1492.680000 -13 1454 1 0 1.000000
-0.426593 -1.131040 0 -19.265900 -7.903170 202.027000 1492.690000 -13 1455 1 0 1.000000
-3.478370 -1.472670 0 3.638010 34.062800 198.536000 1492.640000 -13 1456 1 0 1.000000
-2.079970 1.936360 0 20.379600 -0.254654 194.714000 1492.490000 -13 1457 1 0 1.000000
-3.203580 4.240880 0 -7.308640 7.519060 208.677000 1492.740000 -13 1458 1 0 1.000000
-1.273120 -0.192679 0 -8.647870 -2.632800 212.039000 1492.480000 -13 1459 1 0 1.000000
-5.815120 -6.895600 0 27.620800 3.961640 220.607000 1492.700000 -13 1460 1 0 1.000000
-0.900664 -2.619900 0 -0.362910 2.424220 203.053000 1492.700000 -13 1461 1 0 1.000000
-4.085110 -0.853868 0 8.720440 -3.147490 219.186000 1492.730000 -13 1462 1 0 1.000000
-1.953620 -9.945380 0 -3.902190 4.373480 202.293000 1492.710000 -13 1463 1 0 1.000000
-2.419710 -0.583733 0 -11.123000 -21.855100 209.201000 1492.600000 -13 1464 1 0 1.000000
-5.607360 0.867681 0 5.583620 -6.398410 218.188000 1492.590000 -13 1465 1 0 1.000000
-1.441050 -5.938050 0 16.956500 0.227898 208.488000 1489.810000 -13 1466 1 0 1.000000
-3.695790 -1.830780 0 -29.727700 14.946700 207.104000 1492.730000 -13 1467 1 0 1.000000
-1.778110 -2.532740 0 -3.832340 -9.416170 199.823000 1492.640000 -13 1468 1 0 1.000000
-4.036760 -4.896460 0 4.039830 -16.350600 193.932000 1492.460000 -13 1469 1 0 1.000000
-6.934180 -2.185160 0 -1.107790 -4.197230 206.130000 1492.720000 -13 1470 1 0 1.000000
0.262175 -1.493170 0 6.622820 6.961120 199.724000 1492.590000 -13 1471 1 0 1.000000
-3.433970 -2.661900 0 12.437300 2.334850 223.436000 1492.650000 -13 1472 1 0 1.000000
7.208790 -4.773180 0 5.218910 8.283980 216.471000 1492.640000 -13 1473 1 0 1.000000
-6.929290 -5.260060 0 7.772780 7.460300 213.858000 1492.690000 -13 1474 1 0 1.000000
-0.935691 -4.439640 0 -8.292930 -1.140560 201.328000 1492.610000 -13 1475 1 0 1.000000
-2.497820 -1.209860 0 -7.282470 -13.331600 204.270000 1492.590000 -13 1476 1 0 1.000000
-3.687570 -4.517010 0 -14.588700 -6.532040 205.538000 1492.530000 -13 1477 1 0 1.000000
-3.444930 -2.644540 0 1.926190 -7.945360 207.299000 1492.560000 -13 1478 1 0 1.000000
-1.195750 -2.073400 0 -15.303000 9.508810 204.648000 1492.630000 -13 1479 1 0 1.000000
-6.157770 -4.006520 0 -8.869770 -15.322200 217.639000 1492.490000 -13 1480 1 0 1.000000
0.479594 -3.155600 0 -21.765500 29.473600 215.202000 1492.560000 -13 1481 1 0 1.000000
-4.858760 1.046420 0 -12.318100 -31.308700 216.505000 1492.520000 -13 1482 1 0 1.000000
-7.464920 0.232344 0 21.004000 28.903800 199.779000 1492.460000 -13 1483 1 0 1.000000
-2.953280 -4.104160 0 -27.784100 -21.690700 208.780000 1492.500000 -13 1484 1 0 1.000000
0.052976 -3.273160 0 9.966280 -15.496200 203.837000 1492.600000 -13 1485 1 0 1.000000
-4.614580 -2.738920 0 -1.539740 -20.241500 206.960000 1492.540000 -13 1486 1 0 1.000000
-3.880470 -0.631911 0 23.123400 0.328322 206.582000 1492.730000 -13 1487 1 0 1.000000
0.769593 0.091414 0 3.879970 6.998250 193.585000 1492.600000 -13 1488 1 0 1.000000
-1.001590 -2.555910 0 -9.148110 -0.336090 202.692000 1492.590000 -13 1489 1 0 1.000000
-4.071960 -1.896900 0 -7.260500 26.093600 202.686000 1492.700000 -13 1490 1 0 1.000000
-7.503650 -1.725750 0 -10.810600 -6.232770 201.944000 1492.640000 -13 1491 1 0 1.000000
-3.364180 -2.556340 0 14.845700 16.128000 192.775000 1492.500000 -13 1492 1 0 1.000000
-5.682220 -0.472030 0 35.539900 -14.510600 218.334000 1492.610000 -13 1493 1 0 1.000000
0.943438 -3.731620 0 -2.971090 6.855000 190.190000 1492.630000 -13 1494 1 0 1.000000
-0.228298 -0.225102 0 -2.471320 -14.379500 210.395000 1492.690000 -13 1495 1 0 1.000000
0.083127 -5.978430 0 -2.758690 -11.894900 201.896000 1492.680000 -13 1496 1 0 1.000000
-8.391290 1.741240 0 -18.273000 4.945750 203.541000 1492.560000 -13 1497 1 0 1.000000
-3.575950 -2.396030 0 17.672900 -19.194200 209.098000 1492.560000 -13 1498 1 0 1.000000
-3.500420 3.854350 0 -8.172370 16.224300 216.100000 1492.580000 -13 1499 1 0 1.000000
2.025000 4.088420 0 -22.712100 -33.187400 196.774000 1492.620000 -13 1500 1 0 1.000000
-2.643820 -2.577390 0 11.188500 -15.195000 189.784000 1492.480000 -13 1501 1 0 1.000000
0.368650 -1.385660 0 -6.554360 8.048150 222.800000 1492.720000 -13 1502 1 0 1.000000
0.078052 -3.263840 0 -12.213100 12.871200 218.843000 1492.720000 -13 1503 1 0 1.000000
-3.386580 -2.381410 0 -0.384614 9.155620 202.380000 1492.710000 -13 1504 1 0 1.000000
-2.646850 -8.065590 0 2.953160 -7.062700 212.249000 1492.580000 -13 1505 1 0 1.000000
-2.836210 -0.311014 0 8.969280 2.780450 210.356000 1492.550000 -13 1506 1 0 1.000000
-5.616640 -0.090334 0 -4.951130 -18.933600 206.423000 1492.470000 -13 1507 1 0 1.000000
1.913930 0.742516 0 -1.490140 13.834500 190.160000 1492.510000 -13 1508 1 0 1.000000
-0.762105 -2.103910 0 0.776517 8.242380 197.169000 1492.690000 -13 1509 1 0 1.000000
-0.962305 -1.925580 0 11.441200 -7.244190 208.866000 1492.630000 -13 1510 1 0 1.000000
1.272550 3.046590 0 0.273936 7.123310 212.115000 1492.620000 -13 1511 1 0 1.000000
-1.670120 -9.115070 0 3.156560 13.766700 186.744000 1492.560000 -13 1512 1 0 1.000000
2.351850 -1.783160 0 2.726630 -2.375070 199.276000 1492.760000 -13 1513 1 0 1.000000
1.407700 2.823370 0 -14.909800 -11.837500 195.998000 1492.640000 -13 1514 1 0 1.000000
0.103984 1.272170 0 -7.021250 7.989940 212.208000 1492.510000 -13 1515 1 0 1.000000
-1.076810 -2.819020 0 0.928207 2.712890 194.737000 1492.640000 -13 1516 1 0 1.000000
-0.800636 -4.971520 0 -14.034300 15.197100 197.467000 1492.600000 -13 1517 1 0 1.000000
0.080187 -0.786300 0 22.577100 7.813570 210.215000 1492.510000 -13 1518 1 0 1.000000
-3.598310 -2.157920 0 1.053520 8.803660 193.947000 1492.640000 -13 1519 1 0 1.000000
1.666680 1.418460 0 20.790600 1.785060 193.456000 1492.660000 -13 1520 1 0 1.000000
-1.974570 -2.416070 0 -16.756600 10.471900 223.123000 1492.520000 -13 1521 1 0 1.000000
-5.722990 -5.994640 0 -16.315100 -9.896510 215.332000 1492.540000 -13 1522 1 0 1.000000
1.496430 -3.829550 0 5.003400 -6.452050 190.553000 1492.730000 -13 1523 1 0 1.000000
-5.354570 2.715770 0 -7.323310 11.596400 222.413000 1492.800000 -13 1524 1 0 1.000000
-6.710640 -0.963678 0 -7.565320 -2.242450 210.194000 1492.540000 -13 1525 1 0 1.000000
-3.217330 -0.426387 0 -8.307870 4.357390 199.642000 1492.590000 -13 1526 1 0 1.000000
-1.545700 -2.498410 0 -1.912480 -18.089400 201.758000 1492.580000 -13 1527 1 0 1.000000
-4.827380 -3.387110 0 11.660300 16.857000 212.772000 1492.490000 -13 1528 1 0 1.000000
-6.708800 -1.903330 0 10.957400 12.127900 214.031000 1492.550000 -13 1529 1 0 1.000000
-2.165310 -2.655940 0 25.133300 12.585100 222.064000 1492.470000 -13 1530 1 0 1.000000
-2.156420 -6.745510 0 4.221860 0.291015 215.281000 1492.640000 -13 1531 1 0 1.000000
0.366378 -3.605920 0 6.505170 -4.823920 210.817000 1492.560000 -13 1532 1 0 1.000000
-3.796580 3.958400 0 -25.344300 -2.939750 202.313000 1492.520000 -13 1533 1 0 1.000000
1.002260 1.602730 0 -4.257190 25.934400 220.199000 1492.600000 -13 1534 1 0 1.000000
-2.562060 -6.654190 0 -16.897500 -12.147700 211.199000 1492.500000 -13 1535 1 0 1.000000
-1.132020 -2.337820 0 -4.421440 -3.593740 199.475000 1492.470000 -13 1536 1 0 1.000000
5.014650 -2.458700 0 4.874060 4.613240 206.125000 1492.540000 -13 1537 1 0 1.000000
-0.429819 -2.725610 0 -8.418270 0.077969 216.151000 1492.710000 -13 1538 1 0 1.000000
-0.664652 -1.322800 0 12.459200 -19.427700 208.433000 1492.670000 -13 1539 1 0 1.000000
-1.823740 2.074220 0 6.453670 -24.443200 210.905000 1492.520000 -13 1540 1 0 1.000000
-1.034980 -3.696270 0 11.309600 -7.820980 193.514000 1492.520000 -13 1541 1 0 1.000000
-7.117820 1.938140 0 21.570700 -13.541500 212.996000 1492.580000 -13 1542 1 0 1.000000
1.361100 -7.019120 0 -28.042600 -3.190050 199.665000 1492.440000 -13 1543 1 0 1.000000
-7.292130 -0.122226 0 6.155460 13.446300 195.771000 1492.530000 -13 1544 1 0 1.000000
-1.557040 1.159050 0 11.683500 13.699700 205.416000 1492.530000 -13 1545 1 0 1.000000
-3.898030 -3.957730 0 -9.070090 -0.078287 219.814000 1492.610000 -13 1546 1 0 1.000000
1.026380 -4.628300 0 15.849800 5.228410 207.744000 1492.550000 -13 1547 1 0 1.000000
-5.750980 2.779030 0 -3.533940 -10.481200 205.951000 1492.570000 -13 1548 1 0 1.000000
-3.069530 1.228890 0 -10.386400 10.533400 205.017000 1492.570000 -13 1549 1 0 1.000000
-2.298690 -6.486310 0 1.733840 11.270000 208.291000 1492.670000 -13 1550 1 0 1.000000
0.433940 -8.908950 0 9.536560 5.294290 211.015000 1492.610000 -13 1551 1 0 1.000000
-3.305300 -1.150440 0 -0.068224 -0.972466 205.369000 1492.410000 -13 1552 1 0 1.000000
-1.804880 -3.122160 0 -13.498800 -8.032120 229.163000 1492.650000 -13 1553 1 0 1.000000
-5.873830 1.908550 0 -12.299500 8.092680 204.313000 1492.560000 -13 1554 1 0 1.000000
0.680026 -9.738740 0 6.524130 0.871793 218.444000 1492.630000 -13 1555 1 0 1.000000
-4.829080 -5.593970 0 -19.142600 -21.202600 206.029000 1492.660000 -13 1556 1 0 1.000000
0.766896 -1.659330 0 -14.671200 3.552550 201.570000 1492.640000 -13 1557 1 0 1.000000
-2.968790 -5.182820 0 2.905100 16.071300 210.444000 1492.480000 -13 1558 1 0 1.000000
-7.164790 3.066640 0 1.382530 2.114750 207.150000 1492.600000 -13 1559 1 0 1.000000
-5.107540 -2.049420 0 -7.016590 -13.499500 194.873000 1492.680000 -13 1560 1 0 1.000000
-8.850400 -1.815070 0 -10.108200 -17.473000 208.776000 1492.540000 -13 1561 1 0 1.000000
-4.601290 -4.447660 0 25.996300 -17.189500 198.768000 1492.630000 -13 1562 1 0 1.000000
-1.543310 0.819758 0 -3.159050 -10.342900 223.451000 1492.630000 -13 1563 1 0 1.000000
-0.865916 -0.090549 0 4.297600 -11.507400 189.068000 1492.590000 -13 1564 1 0 1.000000
-5.789390 -7.527870 0 5.256930 3.508590 221.190000 1492.550000 -13 1565 1 0 1.000000
1.017840 -4.514870 0 -8.505910 -19.122100 216.066000 1492.580000 -13 1566 1 0 1.000000
-0.231195 -0.970805 0 -4.895120 18.960300 202.366000 1492.570000 -13 1567 1 0 1.000000
0.742646 0.449900 0 1.949660 6.895890 212.191000 1492.590000 -13 1568 1 0 1.000000
-2.602770 -1.975200 0 -17.094300 8.818320 206.609000 1492.660000 -13 1569 1 0 1.000000
-0.705822 -6.505900 0 5.120370 8.419070 192.882000 1492.620000 -13 1570 1 0 1.000000
-0.337123 -2.596790 0 -13.010300 10.090800 206.941000 1492.500000 -13 1571 1 0 1.000000
-2.548240 1.514070 0 -10.634500 -9.825200 215.152000 1492.710000 -13 1572 1 0 1.000000
-2.192130 -5.663790 0 -2.564820 7.655720 214.090000 1492.560000 -13 1573 1 0 1.000000
-1.399230 -4.642330 0 -10.368600 13.152700 206.915000 1492.430000 -13 1574 1 0 1.000000
-1.694850 -4.380250 0 19.265100 -36.563200 222.831000 1492.580000 -13 1575 1 0 1.000000
-3.062910 -7.652960 0 -23.891600 -16.791300 202.346000 1492.530000 -13 1576 1 0 1.000000
0.270188 0.160083 0 -9.461070 -8.672570 204.687000 1492.500000 -13 1577 1 0 1.000000
-1.716420 -1.053450 0 -28.703400 15.496900 202.373000 1492.520000 -13 1578 1 0 1.000000
-1.995630 0.340510 0 -29.459400 14.720200 208.687000 1492.770000 -13 1579 1 0 1.000000
3.397640 -5.438170 0 -12.521000 -8.383430 201.837000 1492.640000 -13 1580 1 0 1.000000
-0.146752 -1.097080 0 -3.098880 10.214700 193.014000 1492.680000 -13 1581 1 0 1.000000
-1.867530 -5.019550 0 10.013900 -18.293400 201.394000 1492.610000 -13 1582 1 0 1.000000
-4.088340 -7.505840 0 9.727700 2.507300 215.701000 1492.580000 -13 1583 1 0 1.000000
4.210260 -0.365041 0 -8.578060 -9.565590 193.584000 1492.500000 -13 1584 1 0 1.000000
-1.355780 -3.121950 0 -6.768850 -24.884600 206.211000 1492.640000 -13 1585 1 0 1.000000
-2.344190 -1.627420 0 16.502600 -12.487200 214.478000 1492.650000 -13 1586 1 0 1.000000
-1.163840 -0.388284 0 9.528230 15.448100 223.852000 1492.560000 -13 1587 1 0 1.000000
1.184170 -2.196080 0 -14.437800 -5.879730 210.324000 1492.570000 -13 1588 1 0 1.000000
-4.697310 -1.445410 0 12.894900 3.309010 196.456000 1492.670000 -13 1589 1 0 1.000000
2.253610 -7.376090 0 -8.357780 -6.349170 199.773000 1492.600000 -13 1590 1 0 1.000000
-2.147670 -1.737620 0 9.655190 11.973700 210.844000 1492.640000 -13 1591 1 0 1.000000
-3.904040 -6.027040 0 6.352500 10.476700 221.884000 1492.490000 -13 1592 1 0 1.000000
-4.091250 4.429470 0 -5.214680 -4.092610 194.592000 1492.720000 -13 1593 1 0 1.000000
4.637170 -4.702600 0 6.815670 8.547630 197.883000 1492.610000 -13 1594 1 0 1.000000
-4.231380 -7.882390 0 15.008400 -8.289460 197.039000 1492.670000 -13 1595 1 0 1.000000
-4.299420 -6.363370 0 1.987460 -8.725460 214.157000 1492.530000 -13 1596 1 0 1.000000
-2.533640 -5.549930 0 9.415610 1.233840 210.025000 1492.500000 -13 1597 1 0 1.000000
-1.633400 2.002230 0 -9.773380 -22.210600 221.802000 1492.510000 -13 1598 1 0 1.000000
4.127710 -6.129300 0 -21.432700 0.112391 227.818000 1492.690000 -13 1599 1 0 1.000000
3.524660 -3.162970 0 7.103220 1.258750 212.702000 1492.560000 -13 1600 1 0 1.000000
-6.153730 -4.503410 0 6.687390 -1.361210 204.380000 1492.530000 -13 1601 1 0 1.000000
3.068130 0.398501 0 -3.472310 11.304500 203.059000 1492.740000 -13 1602 1 0 1.000000
-4.989100 2.874530 0 5.302020 5.215540 223.258000 1492.470000 -13 1603 1 0 1.000000
-2.593540 4.792800 0 -20.657900 1.215870 199.378000 1492.510000 -13 1604 1 0 1.000000
0.581450 2.562850 0 18.823600 -10.694500 215.149000 1492.540000 -13 1605 1 0 1.000000
-1.255720 5.530440 0 -14.502000 9.219180 216.769000 1492.490000 -13 1606 1 0 1.000000
3.956920 -5.445110 0 -0.479059 -7.151690 190.955000 1492.710000 -13 1607 1 0 1.000000
-0.149854 -1.220460 0 10.284700 14.081100 208.111000 1492.680000 -13 1608 1 0 1.000000
-3.496780 -1.225980 0 -3.755260 16.668300 220.564000 1492.480000 -13 1609 1 0 1.000000
-2.280540 -2.201640 0 10.841100 23.573900 216.864000 1492.480000 -13 1610 1 0 1.000000
-0.837817 0.903676 0 9.490590 9.871090 211.776000 1492.520000 -13 1611 1 0 1.000000
1.067360 0.742275 0 -6.914270 33.113300 204.496000 1492.610000 -13 1612 1 0 1.000000
0.734499 0.326046 0 -5.225740 6.528060 206.863000 1492.470000 -13 1613 1 0 1.000000
-0.287770 -1.146950 0 15.919000 22.506300 215.120000 1492.720000 -13 1614 1 0 1.000000
-1.813490 -3.583070 0 7.251020 1.695160 194.290000 1492.680000 -13 1615 1 0 1.000000
-0.310898 0.880860 0 -0.811704 10.567900 218.402000 1492.680000 -13 1616 1 0 1.000000
0.273702 -0.082256 0 10.031000 6.632060 221.118000 1492.530000 -13 1617 1 0 1.000000
1.810820 -7.561610 0 -7.420870 3.825340 209.508000 1492.490000 -13 1618 1 0 1.000000
-5.506350 0.926387 0 -11.016100 16.928000 195.556000 1492.420000 -13 1619 1 0 1.000000
0.720833 -1.098920 0 -16.934600 18.605500 187.795000 1492.610000 -13 1620 1 0 1.000000
-1.187780 -8.639360 0 -7.377220 -7.246140 217.482000 1492.550000 -13 1621 1 0 1.000000
2.351560 -2.211640 0 -11.774200 14.098800 206.233000 1492.680000 -13 1622 1 0 1.000000
-5.410360 0.052882 0 -2.288630 -33.398100 197.314000 1492.600000 -13 1623 1 0 1.000000
3.462630 -3.964420 0 4.927900 -13.548100 206.210000 1492.780000 -13 1624 1 0 1.000000
-1.670900 1.343980 0 14.647700 -7.374110 202.289000 1492.560000 -13 1625 1 0 1.000000
-2.413500 2.456980 0 -5.058880 -6.090400 209.231000 1492.590000 -13 1626 1 0 1.000000
0.463097 -3.877290 0 13.031400 5.771220 208.840000 1492.560000 -13 1627 1 0 1.000000
-1.475990 -1.481230 0 9.821100 0.259102 194.661000 1492.630000 -13 1628 1 0 1.000000
-2.487960 -8.698260 0 10.721700 -7.443360 216.458000 1492.580000 -13 1629 1 0 1.000000
-4.745520 2.036280 0 7.506960 -14.779100 197.896000 1492.630000 -13 1630 1 0 1.000000
-0.547414 1.362660 0 18.187000 -1.869110 203.601000 1492.630000 -13 1631 1 0 1.000000
1.452850 -2.983600 0 0.492431 2.861530 198.874000 1492.570000 -13 1632 1 0 1.000000
-2.711700 -0.869059 0 2.384360 9.749960 198.328000 1492.590000 -13 1633 1 0 1.000000
5.549800 0.486895 0 -11.302000 -1.091380 195.166000 1492.530000 -13 1634 1 0 1.000000
-3.057810 -3.144420 0 7.915740 -21.122800 222.446000 1492.630000 -13 1635 1 0 1.000000
0.655192 2.271850 0 3.431580 2.202540 203.395000 1492.560000 -13 1636 1 0 1.000000
-2.140940 0.828179 0 3.559010 -24.376600 214.631000 1492.650000 -13 1637 1 0 1.000000
-3.330840 -3.751980 0 -15.879400 -2.570920 217.777000 1492.570000 -13 1638 1 0 1.000000
3.956880 0.646388 0 14.968800 -2.390040 195.293000 1492.700000 -13 1639 1 0 1.000000
0.208084 -6.037290 0 -20.682100 -9.428170 203.294000 1492.630000 -13 1640 1 0 1.000000
-4.334360 -1.010990 0 0.574567 13.382700 211.035000 1492.720000 -13 1641 1 0 1.000000
-3.639080 6.201390 0 20.498600 -18.736700 198.063000 1492.630000 -13 1642 1 0 1.000000
0.297784 0.684319 0 1.121750 -17.981300 197.961000 1492.610000 -13 1643 1 0 1.000000
4.258530 -1.265190 0 -21.815500 -1.058320 212.213000 1492.590000 -13 1644 1 0 1.000000
-10.031100 3.592090 0 1.603230 -18.602700 218.760000 1492.500000 -13 1645 1 0 1.000000
-1.916860 -4.764160 0 4.871630 12.117800 205.978000 1492.660000 -13 1646 1 0 1.000000
-4.139340 -3.025940 0 3.512210 9.197490 196.378000 1492.640000 -13 1647 1 0 1.000000
-1.010640 -3.555920 0 19.842400 33.786800 211.436000 1492.550000 -13 1648 1 0 1.000000
-7.081140 -1.660220 0 -13.365500 1.346310 199.670000 1492.600000 -13 1649 1 0 1.000000
1.366730 -0.392743 0 -27.235500 0.710754 191.716000 1492.600000 -13 1650 1 0 1.000000
0.629371 -2.771880 0 16.326800 5.550940 207.730000 1492.630000 -13 1651 1 0 1.000000
-0.200686 -1.824210 0 -18.018000 25.236100 197.678000 1492.530000 -13 1652 1 0 1.000000
2.049640 -1.364270 0 22.835800 12.991500 203.252000 1492.570000 -13 1653 1 0 1.000000
-1.765820 -2.188600 0 -15.889800 8.561590 202.030000 1492.540000 -13 1654 1 0 1.000000
-0.276890 -5.074070 0 -2.452320 4.932230 206.114000 1492.780000 -13 1655 1 0 1.000000
-1.213610 -3.248900 0 -3.123230 -8.351220 188.771000 1492.600000 -13 1656 1 0 1.000000
-1.226040 -2.604460 0 14.304900 7.033100 220.217000 1492.630000 -13 1657 1 0 1.000000
-1.123840 -3.607440 0 -15.650300 19.416000 228.851000 1492.620000 -13 1658 1 0 1.000000
-2.512150 -2.913200 0 2.822160 -8.517360 186.060000 1492.490000 -13 1659 1 0 1.000000
-6.620040 -1.244240 0 4.733690 -5.953220 206.007000 1492.570000 -13 1660 1 0 1.000000
-2.055580 3.628930 0 -6.377670 17.792300 212.121000 1492.610000 -13 1661 1 0 1.000000
-4.196060 0.469314 0 -6.433990 9.213370 203.765000 1492.640000 -13 1662 1 0 1.000000
2.959170 -2.872700 0 -8.955160 -3.394130 183.202000 1492.670000 -13 1663 1 0 1.000000
-1.569640 -8.243020 0 -17.977600 -15.477100 196.485000 1492.600000 -13 1664 1 0 1.000000
-7.020400 -0.647943 0 -21.681300 16.962800 204.041000 1492.640000 -13 1665 1 0 1.000000
-1.325680 -2.458920 0 2.141520 7.359070 197.158000 1492.570000 -13 1666 1 0 1.000000
-1.577550 0.048295 0 6.917490 -14.022300 197.201000 1492.560000 -13 1667 1 0 1.000000
2.057620 -2.607010 0 2.948170 -2.629940 202.811000 1492.630000 -13 1668 1 0 1.000000
-1.581010 -0.436632 0 -2.409540 -10.360600 204.633000 1492.740000 -13 1669 1 0 1.000000
1.049670 -2.673270 0 -6.462300 -24.471900 206.696000 1492.460000 -13 1670 1 0 1.000000
0.604003 0.268455 0 1.983160 -4.272860 210.307000 1492.720000 -13 1671 1 0 1.000000
-5.680540 -0.467372 0 4.987090 -16.970400 194.228000 1492.650000 -13 1672 1 0 1.000000
-0.738255 -4.559730 0 -11.077600 17.844200 211.111000 1492.500000 -13 1673 1 0 1.000000
-7.099580 -3.860480 0 -8.239170 14.927200 209.585000 1492.720000 -13 1674 1 0 1.000000
-6.072980 -7.260660 0 12.290100 1.427580 187.048000 1492.690000 -13 1675 1 0 1.000000
-0.243966 -5.214610 0 4.998370 -4.606130 185.302000 1492.640000 -13 1676 1 0 1.000000
3.925640 -1.039740 0 -6.824520 -18.357000 199.549000 1492.700000 -13 1677 1 0 1.000000
-1.178470 2.842780 0 -12.630000 -23.392700 203.377000 1492.820000 -13 1678 1 0 1.000000
-0.324770 -7.216770 0 -13.276800 2.998700 190.598000 1492.730000 -13 1679 1 0 1.000000
0.819833 -2.455280 0 26.530700 -3.727810 217.414000 1492.530000 -13 1680 1 0 1.000000
0.837215 0.117317 0 8.313900 -21.707400 201.728000 1492.830000 -13 1681 1 0 1.000000
-8.108970 0.500989 0 9.094490 19.274500 199.114000 1492.640000 -13 1682 1 0 1.000000
-4.120310 -8.267270 0 -22.998400 26.781400 215.590000 1492.620000 -13 1683 1 0 1.000000
-0.074432 -3.721900 0 -3.798080 2.735440 196.766000 1492.690000 -13 1684 1 0 1.000000
-5.295420 -6.988890 0 11.763800 -4.161650 202.260000 1492.690000 -13 1685 1 0 1.000000
0.399676 -5.071310 0 -1.505710 11.917200 195.296000 1492.730000 -13 1686 1 0 1.000000
1.520030 1.885550 0 -13.511700 5.347680 217.762000 1492.570000 -13 1687 1 0 1.000000
-5.568100 -2.206070 0 -14.867400 -10.958700 206.750000 1492.670000 -13 1688 1 0 1.000000
0.416240 -7.452950 0 16.866500 -5.562800 202.253000 1492.610000 -13 1689 1 0 1.000000
1.394220 2.539240 0 15.379200 3.486620 204.465000 1492.470000 -13 1690 1 0 1.000000
1.258040 -3.396260 0 -10.537600 17.511700 221.761000 1492.600000 -13 1691 1 0 1.000000
-7.401010 -5.861690 0 1.910000 -12.857600 219.939000 1492.670000 -13 1692 1 0 1.000000
-6.784820 4.347070 0 -6.384460 -16.698500 214.882000 1492.570000 -13 1693 1 0 1.000000
-2.047860 -6.964430 0 16.079900 -0.728809 206.759000 1492.630000 -13 1694 1 0 1.000000
-2.015850 -4.611570 0 16.338100 -3.447480 212.151000 1492.590000 -13 1695 1 0 1.000000
-2.441350 -1.476690 0 -12.734000 -3.660630 200.537000 1492.610000 -13 1696 1 0 1.000000
-6.565700 2.517300 0 -12.085200 15.013700 216.125000 1492.530000 -13 1697 1 0 1.000000
-10.453300 -2.286840 0 -4.289620 -17.961900 215.108000 1492.540000 -13 1698 1 0 1.000000
1.758610 -0.428689 0 3.045270 -10.062600 186.601000 1492.540000 -13 1699 1 0 1.000000
-0.006822 0.695875 0 -4.403450 -0.633821 203.558000 1492.670000 -13 1700 1 0 1.000000
-2.035300 -0.541957 0 -0.986275 9.828250 217.026000 1492.570000 -13 1701 1 0 1.000000
-6.170350 2.354860 0 -9.437360 -5.951130 196.370000 1492.560000 -13 1702 1 0 1.000000
-1.366310 2.012220 0 34.415000 12.698900 204.096000 1492.560000 -13 1703 1 0 1.000000
0.234668 -2.549340 0 -17.624600 15.086500 198.743000 1492.610000 -13 1704 1 0 1.000000
-4.378870 -2.049030 0 22.772400 18.794200 213.224000 1492.700000 -13 1705 1 0 1.000000
0.049202 -2.791730 0 25.435100 -18.216500 223.815000 1492.500000 -13 1706 1 0 1.000000
-2.724290 -1.854300 0 -14.988200 11.374700 203.442000 1492.570000 -13 1707 1 0 1.000000
0.508161 -4.183050 0 0.647039 25.840100 193.690000 1492.620000 -13 1708 1 0 1.000000
-7.006080 2.286300 0 -15.667100 19.040800 209.198000 1492.670000 -13 1709 1 0 1.000000
-7.833350 -7.890910 0 -6.107420 6.343390 205.310000 1492.600000 -13 1710 1 0 1.000000
-2.489460 -0.403187 0 -10.419800 19.105400 206.606000 1492.650000 -13 1711 1 0 1.000000
0.962120 -6.612340 0 6.882110 -1.375940 203.063000 1492.570000 -13 1712 1 0 1.000000
3.458580 0.935411 0 15.098800 -12.021900 189.881000 1492.660000 -13 1713 1 0 1.000000
-0.242533 -3.056890 0 -7.191880 -11.829400 203.747000 1492.570000 -13 1714 1 0 1.000000
-4.424220 -3.523680 0 4.206410 -15.723600 206.095000 1492.590000 -13 1715 1 0 1.000000
-0.799123 -1.595480 0 -19.334000 -18.083600 203.622000 1492.600000 -13 1716 1 0 1.000000
0.705443 -2.845900 0 7.164220 5.148190 206.907000 1492.600000 -13 1717 1 0 1.000000
-0.705593 -0.630839 0 11.589400 0.498292 195.986000 1492.590000 -13 1718 1 0 1.000000
-2.786320 -3.666890 0 13.946800 -23.708600 214.709000 1492.540000 -13 1719 1 0 1.000000
-0.129491 -2.114590 0 14.858800 17.777500 218.921000 1492.620000 -13 1720 1 0 1.000000
-1.110600 3.884210 0 -2.999470 18.641200 192.737000 1492.610000 -13 1721 1 0 1.000000
0.641691 -2.156020 0 0.315851 27.494600 213.067000 1492.560000 -13 1722 1 0 1.000000
-3.122310 0.143104 0 4.084130 8.725950 214.159000 1492.450000 -13 1723 1 0 1.000000
-4.408630 -2.928800 0 11.108500 5.835440 228.835000 1492.660000 -13 1724 1 0 1.000000
-6.252060 -3.418840 0 16.131000 -19.135900 219.769000 1492.530000 -13 1725 1 0 1.000000
-1.347100 -2.938420 0 -9.145720 3.040290 204.916000 1492.530000 -13 1726 1 0 1.000000
-3.667400 -0.641055 0 1.667640 -19.465300 223.473000 1492.590000 -13 1727 1 0 1.000000
-7.465550 -3.178960 0 11.428500 -7.785340 204.805000 1492.590000 -13 1728 1 0 1.000000
-2.518470 -5.353160 0 -2.326520 -11.680000 201.189000 1492.440000 -13 1729 1 0 1.000000
-2.608470 -1.016700 0 11.960200 -13.169200 205.497000 1492.540000 -13 1730 1 0 1.000000
-4.028320 -3.576660 0 7.294490 -5.648810 220.633000 1492.600000 -13 1731 1 0 1.000000
-1.295170 -0.754943 0 9.137410 8.164530 209.344000 1492.490000 -13 1732 1 0 1.000000
-8.958020 -2.096940 0 12.791900 9.712220 205.708000 1492.670000 -13 1733 1 0 1.000000
-1.392720 3.119430 0 -20.899900 8.236910 208.505000 1492.590000 -13 1734 1 0 1.000000
-2.068430 -0.504930 0 -8.000060 -8.263940 208.636000 1492.750000 -13 1735 1 0 1.000000
0.333247 -2.130520 0 -3.552270 16.158200 218.066000 1492.540000 -13 1736 1 0 1.000000
-1.695260 -2.092920 0 7.717050 -7.456110 215.539000 1492.640000 -13 1737 1 0 1.000000
0.730434 -2.253890 0 15.122900 17.771500 214.317000 1492.660000 -13 1738 1 0 1.000000
-1.966030 -5.041580 0 14.406800 47.272400 220.680000 1492.550000 -13 1739 1 0 1.000000
0.250950 -2.909610 0 12.823500 14.073000 187.532000 1492.650000 -13 1740 1 0 1.000000
4.328410 -4.881480 0 7.840270 2.287840 213.920000 1492.470000 -13 1741 1 0 1.000000
-2.879510 -2.437080 0 -15.204800 -15.606900 203.859000 1492.690000 -13 1742 1 0 1.000000
-2.236150 -3.560600 0 -8.738070 12.055400 213.836000 1492.620000 -13 1743 1 0 1.000000
-2.499680 1.274540 0 0.501793 -2.522990 202.772000 1492.600000 -13 1744 1 0 1.000000
-2.885690 -7.072370 0 29.979000 -17.043800 209.145000 1492.590000 -13 1745 1 0 1.000000
2.395350 -2.761260 0 32.315100 1.961150 219.528000 1492.600000 -13 1746 1 0 1.000000
-1.875240 0.585588 0 -6.971840 -0.982539 185.491000 1492.720000 -13 1747 1 0 1.000000
1.888980 -6.644790 0 -0.486106 -16.473800 210.223000 1492.600000 -13 1748 1 0 1.000000
-0.754271 -1.475300 0 -4.978090 -16.334300 213.872000 1492.540000 -13 1749 1 0 1.000000
1.342160 -2.493950 0 -5.975150 -1.896630 201.152000 1492.500000 -13 1750 1 0 1.000000
-4.511970 1.048680 0 -13.152400 7.299050 192.930000 1492.570000 -13 1751 1 0 1.000000
-2.750580 -4.410500 0 6.715080 -13.306200 189.437000 1492.580000 -13 1752 1 0 1.000000
-5.320360 -4.788140 0 15.238600 -21.662800 210.093000 1492.750000 -13 1753 1 0 1.000000
3.065290 -5.735400 0 10.125600 -5.381650 208.898000 1492.560000 -13 1754 1 0 1.000000
-7.232990 -1.030310 0 -14.691500 14.780500 212.142000 1492.600000 -13 1755 1 0 1.000000
0.964417 -5.745710 0 19.910500 0.860620 195.470000 1492.740000 -13 1756 1 0 1.000000
0.318476 -4.969510 0 7.805790 0.209103 197.528000 1492.520000 -13 1757 1 0 1.000000
2.679340 -5.698250 0 -11.951400 10.996700 197.477000 1492.650000 -13 1758 1 0 1.000000
7.190430 -5.344280 0 -7.744440 19.769300 210.442000 1492.610000 -13 1759 1 0 1.000000
4.929510 -3.834480 0 -21.638600 3.805770 197.471000 1492.550000 -13 1760 1 0 1.000000
-3.824560 0.224974 0 21.624200 22.961400 219.302000 1492.570000 -13 1761 1 0 1.000000
-3.603910 -2.908280 0 -22.226700 -27.809700 186.444000 1492.610000 -13 1762 1 0 1.000000
-2.799840 -6.294800 0 -6.192780 8.497370 198.159000 1492.460000 -13 1763 1 0 1.000000
-2.229200 -3.284430 0 13.160700 -13.080400 192.746000 1492.610000 -13 1764 1 0 1.000000
-0.490384 -10.600700 0 5.186520 -22.082100 200.620000 1492.670000 -13 1765 1 0 1.000000
-4.573750 2.451160 0 -9.523200 13.405300 212.468000 1492.510000 -13 1766 1 0 1.000000
1.544290 -7.668280 0 10.531800 14.023000 207.896000 1492.540000 -13 1767 1 0 1.000000
-5.987540 5.945690 0 4.812150 -7.098590 206.078000 1492.770000 -13 1768 1 0 1.000000
-5.736450 -1.903090 0 -22.921400 19.418100 211.237000 1492.490000 -13 1769 1 0 1.000000
1.300450 -1.329660 0 -2.371760 -0.783301 212.000000 1492.530000 -13 1770 1 0 1.000000
0.068748 -4.035530 0 9.333290 15.840200 195.261000 1492.590000 -13 1771 1 0 1.000000
-5.490380 1.121430 0 14.067700 15.063900 217.393000 1492.580000 -13 1772 1 0 1.000000
-1.274640 -0.641694 0 -5.109000 -4.338190 199.503000 1492.610000 -13 1773 1 0 1.000000
-3.710780 3.584070 0 6.091440 -1.820230 201.760000 1492.600000 -13 1774 1 0 1.000000
-3.322150 -6.144420 0 2.024300 9.631400 206.176000 1492.610000 -13 1775 1 0 1.000000
1.634750 2.719040 0 6.843660 -11.908000 212.900000 1492.770000 -13 1776 1 0 1.000000
-1.449670 1.212720 0 5.955320 -10.403600 190.209000 1492.620000 -13 1777 1 0 1.000000
-1.157990 -8.245870 0 10.872900 -5.484450 196.495000 1492.670000 -13 1778 1 0 1.000000
-5.956920 -10.514500 0 6.322070 7.453700 209.228000 1492.680000 -13 1779 1 0 1.000000
-2.478130 -1.351850 0 2.813800 5.863890 189.747000 1492.630000 -13 1780 1 0 1.000000
-2.422360 -2.189650 0 2.652090 -3.504700 211.252000 1492.490000 -13 1781 1 0 1.000000
-1.967150 -3.203870 0 1.924930 -1.413390 200.863000 1492.460000 -13 1782 1 0 1.000000
-1.475190 -3.003900 0 -4.339930 -21.723000 213.251000 1492.480000 -13 1783 1 0 1.000000
2.740620 -0.448310 0 14.615700 -16.578400 209.896000 1492.720000 -13 1784 1 0 1.000000
-0.475976 -3.331520 0 -13.997300 -1.607920 206.877000 1492.490000 -13 1785 1 0 1.000000
-1.666830 -8.976420 0 7.648400 -6.741160 208.179000 1492.490000 -13 1786 1 0 1.000000
-3.956710 -2.132260 0 4.670490 1.721840 195.041000 1492.620000 -13 1787 1 0 1.000000
0.579802 -2.361030 0 0.606618 10.781000 196.299000 1492.740000 -13 1788 1 0 1.000000
-3.071880 -3.370640 0 -3.502370 2.864830 203.703000 1492.480000 -13 1789 1 0 1.000000
1.360390 -4.236240 0 -14.181000 -6.010500 204.762000 1492.610000 -13 1790 1 0 1.000000
-0.756763 3.056770 0 -16.348800 -11.461100 200.834000 1492.590000 -13 1791 1 0 1.000000
-3.392620 -4.726990 0 16.097800 1.938870 199.940000 1492.600000 -13 1792 1 0 1.000000
1.047330 1.535830 0 0.451092 -2.756110 187.828000 1492.600000 -13 1793 1 0 1.000000
-2.645150 -4.339960 0 -5.869900 34.546000 217.939000 1492.740000 -13 1794 1 0 1.000000
-1.227620 -0.710712 0 -12.573900 4.081410 205.639000 1492.780000 -13 1795 1 0 1.000000
-4.462670 -2.803500 0 -3.506090 -15.829500 221.584000 1492.490000 -13 1796 1 0 1.000000
1.084560 -1.589520 0 -1.154150 19.354100 204.949000 1492.630000 -13 1797 1 0 1.000000
-2.194250 -1.848410 0 -28.334400 0.772970 222.157000 1492.480000 -13 1798 1 0 1.000000
0.676940 0.218200 0 -4.948970 5.355210 214.631000 1492.450000 -13 1799 1 0 1.000000
6.242590 -4.927410 0 -21.063000 2.328540 202.436000 1492.580000 -13 1800 1 0 1.000000
-8.024640 -5.092040 0 -1.841660 -36.202800 228.484000 1492.650000 -13 1801 1 0 1.000000
-5.950200 -0.076119 0 6.122750 -26.522000 211.413000 1492.700000 -13 1802 1 0 1.000000
0.170295 -0.863992 0 16.169300 18.770800 191.327000 1492.610000 -13 1803 1 0 1.000000
-1.573450 -2.007520 0 -3.078910 -14.411600 199.470000 1492.700000 -13 1804 1 0 1.000000
0.746206 -1.209280 0 6.597790 -1.629820 200.041000 1492.490000 -13 1805 1 0 1.000000
-6.466650 0.866217 0 -7.951080 20.403900 193.788000 1492.630000 -13 1806 1 0 1.000000
1.897410 -2.804880 0 10.165000 -2.558130 206.254000 1492.640000 -13 1807 1 0 1.000000
5.262200 -7.338050 0 6.890360 -8.445720 204.296000 1492.510000 -13 1808 1 0 1.000000
-2.870320 -3.020430 0 14.813900 12.458500 203.174000 1492.610000 -13 1809 1 0 1.000000
-2.673310 0.146998 0 -13.622200 -7.170990 198.651000 1492.470000 -13 1810 1 0 1.000000
-0.904834 -3.455260 0 12.836800 6.651110 221.082000 1492.570000 -13 1811 1 0 1.000000
-6.457230 -1.906330 0 -18.944800 17.237600 227.458000 1492.610000 -13 1812 1 0 1.000000
1.401520 -3.568620 0 13.870600 10.859900 191.554000 1492.600000 -13 1813 1 0 1.000000
-3.867400 -3.502350 0 29.942600 -5.938390 221.859000 1492.600000 -13 1814 1 0 1.000000
-5.572310 -1.173410 0 -1.042960 -15.859600 220.731000 1492.600000 -13 1815 1 0 1.000000
-2.485700 1.441340 0 -7.828590 3.424310 186.613000 1492.710000 -13 1816 1 0 1.000000
-4.226960 -6.490140 0 -14.532000 -0.611618 215.829000 1492.560000 -13 1817 1 0 1.000000
-4.164660 -2.348980 0 -19.439000 -6.994930 218.607000 1492.570000 -13 1818 1 0 1.000000
-0.413039 -0.179959 0 4.316440 -8.726620 207.481000 1492.430000 -13 1819 1 0 1.000000
-0.919051 4.716460 0 -9.642130 -4.406370 211.371000 1492.650000 -13 1820 1 0 1.000000
-4.915300 -4.449890 0 3.787810 9.140560 204.795000 1492.550000 -13 1821 1 0 1.000000
-1.731900 -4.384990 0 -15.360000 -12.177300 194.454000 1492.570000 -13 1822 1 0 1.000000
-1.513580 -3.688750 0 -4.779380 6.544170 196.582000 1492.660000 -13 1823 1 0 1.000000
-1.799300 1.711200 0 -13.194900 -10.553400 225.937000 1492.620000 -13 1824 1 0 1.000000
-0.821828 -7.951530 0 -2.582810 5.920850 211.517000 1492.710000 -13 1825 1 0 1.000000
-5.380570 2.169440 0 -5.570680 -1.743690 210.113000 1492.500000 -13 1826 1 0 1.000000
-3.379200 -0.892754 0 -7.401620 -9.345800 206.041000 1492.510000 -13 1827 1 0 1.000000
-0.692633 -3.599990 0 1.997740 2.111650 202.544000 1492.570000 -13 1828 1 0 1.000000
-0.319113 -6.789730 0 10.372800 -3.305560 209.469000 1492.600000 -13 1829 1 0 1.000000
2.237110 -5.725750 0 -17.536700 0.186951 184.163000 1492.580000 -13 1830 1 0 1.000000
-4.454900 -0.066461 0 1.871070 -19.686100 217.923000 1492.670000 -13 1831 1 0 1.000000
-4.086810 -0.636110 0 -8.629570 -11.483700 204.461000 1492.650000 -13 1832 1 0 1.000000
-2.503020 -4.127440 0 3.726310 -3.985000 215.408000 1492.590000 -13 1833 1 0 1.000000
-6.593500 -3.034960 0 -15.559400 3.016120 208.598000 1492.430000 -13 1834 1 0 1.000000
-1.089390 -0.407081 0 8.990070 -11.442200 200.779000 1492.680000 -13 1835 1 0 1.000000
-2.786480 -4.987460 0 -7.695550 10.570900 219.153000 1492.620000 -13 1836 1 0 1.000000
-2.471190 2.481110 0 -15.168700 10.923900 205.481000 1492.470000 -13 1837 1 0 1.000000
-7.568110 -1.865150 0 -2.903460 -13.650200 203.082000 1492.580000 -13 1838 1 0 1.000000
1.756860 0.948245 0 -15.565900 8.148030 213.129000 1492.800000 -13 1839 1 0 1.000000
-4.457970 -2.875150 0 9.237330 -5.002080 190.493000 1492.630000 -13 1840 1 0 1.000000
-1.541240 -3.879580 0 15.040600 7.810200 204.923000 1492.650000 -13 1841 1 0 1.000000
0.131006 -0.643554 0 5.201230 4.892130 201.374000 1492.670000 -13 1842 1 0 1.000000
5.062350 -4.981760 0 -2.601660 -1.937550 214.032000 1492.600000 -13 1843 1 0 1.000000
-0.178170 0.925310 0 9.964560 -10.186500 204.708000 1492.620000 -13 1844 1 0 1.000000
1.378020 -3.729940 0 9.004580 4.893450 204.893000 1492.660000 -13 1845 1 0 1.000000
3.401280 -3.222100 0 22.306500 3.868930 207.512000 1492.690000 -13 1846 1 0 1.000000
0.114121 -2.746810 0 9.310280 9.773910 193.997000 1492.460000 -13 1847 1 0 1.000000
-2.633050 -4.323240 0 8.170470 -5.573060 192.141000 1492.720000 -13 1848 1 0 1.000000
-1.280210 -3.141720 0 12.760000 11.962000 217.850000 1492.530000 -13 1849 1 0 1.000000
-4.570920 -4.952740 0 20.645400 -2.220980 202.946000 1492.600000 -13 1850 1 0 1.000000
-6.458940 -5.804340 0 -8.545000 16.425800 210.069000 1492.580000 -13 1851 1 0 1.000000
-2.946550 -0.934417 0 -7.646340 10.398600 200.662000 1492.550000 -13 1852 1 0 1.000000
-5.820060 2.614690 0 -4.197330 -11.226400 223.460000 1492.750000 -13 1853 1 0 1.000000
2.408630 2.369750 0 -29.217200 -18.985900 202.877000 1492.670000 -13 1854 1 0 1.000000
0.798856 -1.044300 0 2.589590 3.680050 201.510000 1492.590000 -13 1855 1 0 1.000000
-3.812820 -1.820150 0 -12.919100 8.689190 213.119000 1492.570000 -13 1856 1 0 1.000000
-0.625776 -6.563320 0 -12.284600 -2.755220 195.376000 1492.620000 -13 1857 1 0 1.000000
-3.631460 -5.521150 0 -14.064600 -13.189000 215.706000 1492.720000 -13 1858 1 0 1.000000
-4.971090 -0.726147 0 -6.221920 -15.964600 197.586000 1492.460000 -13 1859 1 0 1.000000
0.088858 4.516660 0 4.663900 -15.755900 201.406000 1492.420000 -13 1860 1 0 1.000000
-0.471791 -1.590200 0 14.617000 8.962590 203.732000 1492.590000 -13 1861 1 0 1.000000
0.836686 -3.459890 0 26.768100 -17.785400 207.952000 1492.550000 -13 1862 1 0 1.000000
-1.901420 1.512560 0 -2.318270 -3.025360 215.153000 1492.540000 -13 1863 1 0 1.000000
0.109399 -2.463160 0 -21.246900 -4.475830 227.089000 1492.570000 -13 1864 1 0 1.000000
0.234055 -2.001290 0 12.397900 23.261500 193.495000 1492.610000 -13 1865 1 0 1.000000
-6.670510 -5.581590 0 -10.532300 2.551940 212.824000 1492.670000 -13 1866 1 0 1.000000
0.033463 0.318084 0 -1.829830 -6.415280 223.805000 1492.690000 -13 1867 1 0 1.000000
-1.601310 1.205470 0 4.130770 7.134960 203.620000 1492.590000 -13 1868 1 0 1.000000
1.522460 -1.393480 0 22.427500 20.128200 194.937000 1492.520000 -13 1869 1 0 1.000000
-1.583670 -2.508620 0 0.256548 -8.208180 183.268000 1492.610000 -13 1870 1 0 1.000000
-2.227920 -4.132970 0 -8.312390 -20.465000 223.382000 1492.610000 -13 1871 1 0 1.000000
-3.286150 -6.028960 0 5.967250 -4.445560 201.680000 1492.690000 -13 1872 1 0 1.000000
-6.505490 -0.222374 0 10.107300 -3.684300 207.728000 1492.730000 -13 1873 1 0 1.000000
-7.643860 -4.875800 0 -12.190800 -2.812450 203.378000 1492.510000 -13 1874 1 0 1.000000
2.369530 -4.287730 0 -6.936920 10.009700 202.711000 1492.740000 -13 1875 1 0 1.000000
-2.030300 -1.146510 0 -17.687200 3.749650 227.293000 1492.610000 -13 1876 1 0 1.000000
-5.002090 -3.711310 0 -4.184180 -4.088860 200.386000 1492.570000 -13 1877 1 0 1.000000
-6.986190 -4.346350 0 -14.568100 5.997650 204.271000 1492.630000 -13 1878 1 0 1.000000
-0.029704 0.281456 0 3.930430 9.127750 213.285000 1492.480000 -13 1879 1 0 1.000000
0.626768 1.577830 0 -4.036450 2.269270 202.415000 1492.520000 -13 1880 1 0 1.000000
-2.568350 -2.194260 0 8.340650 5.330880 226.315000 1492.720000 -13 1881 1 0 1.000000
-0.322001 -2.518250 0 10.564500 -2.200310 219.068000 1492.660000 -13 1882 1 0 1.000000
-9.829090 3.252340 0 -6.050430 9.866070 198.043000 1492.520000 -13 1883 1 0 1.000000
-4.852500 -1.096750 0 -10.910400 -9.280550 215.507000 1492.610000 -13 1884 1 0 1.000000
1.851590 2.256470 0 -4.508550 32.894500 194.062000 1492.690000 -13 1885 1 0 1.000000
-1.078170 2.280790 0 11.283700 -1.054440 210.351000 1492.600000 -13 1886 1 0 1.000000
-2.989700 -1.876420 0 7.030430 17.093800 206.191000 1492.590000 -13 1887 1 0 1.000000
-4.833800 -0.334352 0 -24.529100 38.465800 226.098000 1492.510000 -13 1888 1 0 1.000000
0.974078 0.632358 0 14.396400 7.921840 212.507000 1492.580000 -13 1889 1 0 1.000000
-0.003283 -3.362280 0 -15.660300 7.222380 197.833000 1492.780000 -13 1890 1 0 1.000000
1.288720 0.956016 0 26.084000 9.647270 219.492000 1492.620000 -13 1891 1 0 1.000000
-5.414000 -0.913068 0 -13.534000 7.508860 225.719000 1492.610000 -13 1892 1 0 1.000000
-5.164900 -4.511070 0 18.376300 -10.676400 217.249000 1492.580000 -13 1893 1 0 1.000000
-4.186240 -4.442310 0 3.024380 -13.079400 200.022000 1492.680000 -13 1894 1 0 1.000000
-0.308963 -1.501560 0 11.192900 7.400340 192.703000 1492.610000 -13 1895 1 0 1.000000
-0.846620 -4.348750 0 5.807990 -2.590640 191.393000 1492.740000 -13 1896 1 0 1.000000
1.104460 -2.566530 0 12.519500 7.124610 213.186000 1492.670000 -13 1897 1 0 1.000000
0.443986 -1.653040 0 -9.988480 16.690000 201.735000 1492.600000 -13 1898 1 0 1.000000
2.485500 -6.370650 0 7.888920 14.345100 186.904000 1492.520000 -13 1899 1 0 1.000000
-2.266180 -1.736160 0 -13.238600 -9.641040 195.909000 1492.720000 -13 1900 1 0 1.000000
-6.057180 -8.153180 0 18.756700 1.331180 200.616000 1492.510000 -13 1901 1 0 1.000000
-3.988900 1.586020 0 -16.596600 -1.718950 195.796000 1492.590000 -13 1902 1 0 1.000000
0.407148 -4.643470 0 -6.202320 5.170340 194.151000 1492.600000 -13 1903 1 0 1.000000
-7.253590 -3.804310 0 3.007020 -5.873020 200.546000 1492.620000 -13 1904 1 0 1.000000
-4.035070 2.819800 0 -9.763310 7.349530 220.456000 1492.510000 -13 1905 1 0 1.000000
-3.373780 -4.247580 0 -12.514700 -13.933600 210.942000 1492.590000 -13 1906 1 0 1.000000
3.310570 -4.911030 0 13.079900 -40.405200 216.680000 1492.590000 -13 1907 1 0 1.000000
-8.033240 -4.844830 0 11.468400 -7.151630 207.762000 1492.540000 -13 1908 1 0 1.000000
-5.770660 -2.939820 0 12.180600 10.625300 215.867000 1492.680000 -13 1909 1 0 1.000000
-2.528400 -1.797670 0 -6.735270 3.715940 201.736000 1492.580000 -13 1910 1 0 1.000000
-2.458930 -6.689100 0 -17.724400 24.360200 205.143000 1492.630000 -13 1911 1 0 1.000000
-6.434290 -0.511971 0 -7.984020 1.272900 204.335000 1492.800000 -13 1912 1 0 1.000000
0.298958 -1.214140 0 17.134900 7.493850 210.564000 1492.500000 -13 1913 1 0 1.000000
-0.684518 2.149450 0 -3.320480 -11.855900 211.801000 1492.680000 -13 1914 1 0 1.000000
-4.296900 -3.449120 0 7.609820 -23.110500 207.919000 1492.670000 -13 1915 1 0 1.000000
-2.114540 -0.277348 0 -8.046220 4.742590 209.901000 1492.560000 -13 1916 1 0 1.000000
4.542370 -2.852800 0 -4.186800 7.436890 194.935000 1492.690000 -13 1917 1 0 1.000000
-4.094630 0.664793 0 -0.900156 -22.102700 223.567000 1492.590000 -13 1918 1 0 1.000000
2.995480 -0.664681 0 -10.235000 24.553200 187.101000 1492.610000 -13 1919 1 0 1.000000
0.330197 -2.845160 0 -1.692940 -5.949130 204.017000 1492.670000 -13 1920 1 0 1.000000
5.563930 -6.366970 0 16.202800 -14.780500 205.319000 1492.720000 -13 1921 1 0 1.000000
-7.590390 0.080078 0 0.132504 1.475900 201.909000 1492.630000 -13 1922 1 0 1.000000
-0.279613 -8.940490 0 -14.158800 3.645320 205.383000 1492.630000 -13 1923 1 0 1.000000
0.707148 0.861340 0 -6.433550 -1.308840 199.276000 1492.590000 -13 1924 1 0 1.000000
0.785397 -3.391590 0 -1.793200 -12.490300 203.590000 1492.630000 -13 1925 1 0 1.000000
