#BLTrackFile solenoid_cooling_channel
#x y z Px Py Pz t PDGid EvNum TrkId Parent weight
-5.455090 -7.138310 0 0.000000 0.000000 203.000000 1037.230000 -13 1 1 0 1.000000
-9.420190 -1.608000 0 -2.410220 2.788690 189.861000 1037.390000 -13 2 1 0 1.000000
8.164570 -9.419920 0 -10.209900 -15.574300 210.454000 1037.220000 -13 3 1 0 1.000000
-9.411740 -0.759105 0 -6.787090 8.673120 213.355000 1037.070000 -13 4 1 0 1.000000
-0.544332 -2.540590 0 -15.029100 -6.501510 203.699000 1037.080000 -13 5 1 0 1.000000
-3.175840 -6.461200 0 -1.915500 18.726300 203.769000 1037.100000 -13 6 1 0 1.000000
-18.160000 -4.928930 0 3.156710 8.840440 213.270000 1037.160000 -13 7 1 0 1.000000
0.978783 -2.310780 0 -25.034300 -1.642110 207.493000 1037.190000 -13 8 1 0 1.000000
-11.572700 -9.879610 0 2.305530 4.325520 204.852000 1037.180000 -13 9 1 0 1.000000
-9.411290 -16.514700 0 4.249670 -5.975320 191.585000 1037.170000 -13 10 1 0 1.000000
-11.156800 -14.010600 0 -9.654250 14.282300 190.187000 1037.280000 -13 11 1 0 1.000000
-8.980690 -2.572260 0 -3.500780 -7.612280 194.746000 1037.090000 -13 12 1 0 1.000000
-8.855300 -16.161400 0 -11.320100 3.964850 200.058000 1037.410000 -13 13 1 0 1.000000
-10.091600 3.298290 0 14.657100 12.300900 201.643000 1037.430000 -13 14 1 0 1.000000
-8.122300 -2.456520 0 19.594700 5.378900 195.588000 1037.500000 -13 15 1 0 1.000000
9.654540 -14.883900 0 -4.719480 -8.896480 213.217000 1037.270000 -13 16 1 0 1.000000
-4.195090 -2.547880 0 -1.405310 -4.710580 210.967000 1037.580000 -13 17 1 0 1.000000
-5.955690 15.400700 0 17.238300 -0.282635 219.640000 1037.020000 -13 18 1 0 1.000000
-7.916550 -4.539330 0 16.556900 -10.836300 195.539000 1037.200000 -13 19 1 0 1.000000
-30.390500 -18.759900 0 -30.089200 -11.448400 218.316000 1037.180000 -13 20 1 0 1.000000
-17.486800 9.579620 0 9.853410 1.353910 203.973000 1037.080000 -13 21 1 0 1.000000
-5.865080 9.588990 0 22.496500 8.398690 212.927000 1037.190000 -13 22 1 0 1.000000
-3.443530 -2.647210 0 -14.372700 2.097740 194.867000 1037.220000 -13 23 1 0 1.000000
-7.918100 -13.594200 0 7.363720 7.994920 198.540000 1037.190000 -13 24 1 0 1.000000
-3.205310 2.281060 0 12.511800 -0.337792 198.196000 1037.180000 -13 25 1 0 1.000000
-9.119450 -17.397500 0 16.575900 28.904800 199.943000 1037.330000 -13 26 1 0 1.000000
16.706100 3.003220 0 -23.682800 15.957200 210.908000 1037.190000 -13 27 1 0 1.000000
-2.968300 -0.631628 0 1.694040 -20.326500 191.641000 1037.450000 -13 28 1 0 1.000000
10.589700 -5.010320 0 1.339900 -20.517600 230.412000 1037.320000 -13 29 1 0 1.000000
-1.606780 -16.739500 0 8.768850 2.289450 201.236000 1037.380000 -13 30 1 0 1.000000
-3.344510 -17.478300 0 -17.590600 -3.003120 200.179000 1037.280000 -13 31 1 0 1.000000
13.572300 -14.490600 0 3.271980 -27.234400 194.954000 1037.230000 -13 32 1 0 1.000000
-2.142200 -5.225400 0 5.765480 -3.142810 205.486000 1037.300000 -13 33 1 0 1.000000
4.707020 3.037560 0 8.991870 -10.931700 199.144000 1037.110000 -13 34 1 0 1.000000
-12.138200 -13.936600 0 8.717420 -2.041990 202.244000 1037.020000 -13 35 1 0 1.000000
-6.144150 -14.386100 0 21.907500 -13.658000 196.354000 1037.290000 -13 36 1 0 1.000000
-8.687580 1.475210 0 10.173900 -13.867800 215.480000 1037.300000 -13 37 1 0 1.000000
-14.479000 -6.101730 0 9.233810 15.271200 199.345000 1037.070000 -13 38 1 0 1.000000
-10.331800 -6.205910 0 -4.494210 0.627044 193.621000 1037.030000 -13 39 1 0 1.000000
-12.426900 -17.114800 0 14.315000 11.963100 207.324000 1037.400000 -13 40 1 0 1.000000
6.042310 6.119070 0 1.819010 -15.259800 187.957000 1037.130000 -13 41 1 0 1.000000
-9.292210 9.446490 0 -4.791500 -8.234190 206.774000 1037.230000 -13 42 1 0 1.000000
9.782060 -3.427450 0 3.743040 13.351500 202.797000 1037.310000 -13 43 1 0 1.000000
-3.698610 -12.832300 0 -4.542510 25.301300 202.874000 1037.190000 -13 44 1 0 1.000000
-13.152800 -15.607200 0 10.604700 -5.198020 203.009000 1037.100000 -13 45 1 0 1.000000
-7.383870 -1.241410 0 -4.218420 21.661000 216.678000 1037.150000 -13 46 1 0 1.000000
-2.667940 -5.072060 0 -1.560480 0.601819 196.799000 1037.200000 -13 47 1 0 1.000000
-15.073000 -12.970700 0 -7.282220 -9.965130 204.646000 1037.120000 -13 48 1 0 1.000000
-0.324802 -18.506700 0 0.655160 -13.682400 219.975000 1036.940000 -13 49 1 0 1.000000
-7.499140 -3.768230 0 -10.735700 -1.198380 198.574000 1037.270000 -13 50 1 0 1.000000
-1.776820 -4.729960 0 -14.988600 5.268530 194.642000 1037.170000 -13 51 1 0 1.000000
4.066230 -0.160560 0 10.845200 -21.177900 189.346000 1037.040000 -13 52 1 0 1.000000
-4.234150 -10.165400 0 1.196020 12.021200 212.411000 1037.310000 -13 53 1 0 1.000000
-16.751000 -6.373380 0 4.196360 12.895400 210.209000 1037.000000 -13 54 1 0 1.000000
4.983060 -22.920600 0 12.547000 8.278290 200.818000 1037.260000 -13 55 1 0 1.000000
-8.166310 4.939300 0 -6.996760 7.564820 189.747000 1037.140000 -13 56 1 0 1.000000
-4.944760 -17.334900 0 -9.648620 5.072670 193.224000 1037.390000 -13 57 1 0 1.000000
-7.059090 -6.991950 0 1.811890 -0.973127 197.045000 1037.360000 -13 58 1 0 1.000000
-8.407730 -1.124390 0 11.753200 -11.334100 202.868000 1037.300000 -13 59 1 0 1.000000
-5.515890 3.908980 0 10.699200 -11.337300 219.501000 1037.180000 -13 60 1 0 1.000000
-4.360460 -5.991390 0 3.039500 1.380290 207.701000 1037.140000 -13 61 1 0 1.000000
-10.996700 -12.968900 0 26.797200 9.661280 213.254000 1037.310000 -13 62 1 0 1.000000
-5.441460 0.541266 0 2.810990 3.056800 210.221000 1037.270000 -13 63 1 0 1.000000
-10.807900 -12.455900 0 -2.778180 -0.455400 207.839000 1037.110000 -13 64 1 0 1.000000
-1.219370 -5.270800 0 6.945120 -7.381080 207.403000 1037.210000 -13 65 1 0 1.000000
-9.089430 -10.647000 0 -9.293060 19.293900 208.043000 1037.210000 -13 66 1 0 1.000000
-1.778470 -10.983600 0 -4.637650 12.809300 216.600000 1037.510000 -13 67 1 0 1.000000
-3.851090 -3.062230 0 12.290700 -6.208650 203.460000 1037.140000 -13 68 1 0 1.000000
0.495681 -14.304900 0 14.086600 -4.316180 189.523000 1037.270000 -13 69 1 0 1.000000
-13.633100 1.154640 0 4.308170 -2.269880 197.325000 1037.150000 -13 70 1 0 1.000000
-7.168840 -12.580600 0 -6.862510 1.414960 198.212000 1037.260000 -13 71 1 0 1.000000
-9.761300 1.541700 0 0.275190 -1.589210 206.775000 1037.240000 -13 72 1 0 1.000000
10.636700 -0.471179 0 -8.040960 5.799530 215.528000 1037.160000 -13 73 1 0 1.000000
-9.648900 -14.733500 0 12.085200 -1.049110 205.263000 1037.060000 -13 74 1 0 1.000000
2.186260 -18.210100 0 -32.376200 21.712800 203.335000 1037.370000 -13 75 1 0 1.000000
1.395930 6.377450 0 -3.384690 9.738190 226.563000 1037.120000 -13 76 1 0 1.000000
-6.759700 8.406800 0 10.802800 -13.309100 216.842000 1037.140000 -13 77 1 0 1.000000
9.721810 -6.412870 0 16.834500 1.887290 210.624000 1037.360000 -13 78 1 0 1.000000
-4.396550 -7.311630 0 -5.023630 8.285390 187.793000 1037.190000 -13 79 1 0 1.000000
-10.899800 -7.620180 0 -15.356800 -2.447350 226.194000 1036.990000 -13 80 1 0 1.000000
-13.668600 -7.757450 0 -9.568640 -4.585130 224.810000 1037.190000 -13 81 1 0 1.000000
-4.552010 -9.746180 0 -14.239400 -7.896380 218.899000 1037.360000 -13 82 1 0 1.000000
-12.672000 -3.356950 0 8.192370 13.680000 205.785000 1037.460000 -13 83 1 0 1.000000
8.649970 -9.986460 0 -10.285900 10.805500 193.164000 1037.080000 -13 84 1 0 1.000000
-10.892400 -5.669600 0 12.868600 4.766880 189.076000 1037.010000 -13 85 1 0 1.000000
-30.152300 -4.627670 0 11.848800 6.265930 210.730000 1037.380000 -13 86 1 0 1.000000
1.971130 -14.370200 0 -8.367040 -1.151660 197.346000 1037.180000 -13 87 1 0 1.000000
-11.470800 -7.956650 0 -9.204330 -3.752200 197.595000 1037.190000 -13 88 1 0 1.000000
-8.199210 -1.193100 0 11.436400 10.582700 209.486000 1037.040000 -13 89 1 0 1.000000
-5.500600 5.529060 0 9.004250 12.586800 188.936000 1037.380000 -13 90 1 0 1.000000
-13.741400 -10.277000 0 2.915690 10.458800 206.871000 1037.150000 -13 91 1 0 1.000000
-9.388420 -2.092650 0 -0.867517 -9.872730 218.733000 1037.070000 -13 92 1 0 1.000000
-13.105400 -3.491390 0 5.022710 1.361000 221.803000 1037.360000 -13 93 1 0 1.000000
-1.576150 0.458361 0 -11.850100 6.694790 192.982000 1037.130000 -13 94 1 0 1.000000
-3.594450 -4.528290 0 6.158400 -10.896200 192.354000 1037.290000 -13 95 1 0 1.000000
-17.598200 -3.529710 0 -16.677600 -1.067010 199.253000 1037.220000 -13 96 1 0 1.000000
-12.146500 -3.307550 0 18.542200 -3.456590 201.235000 1037.200000 -13 97 1 0 1.000000
-5.922720 10.402100 0 -30.581000 -21.710700 214.996000 1037.500000 -13 98 1 0 1.000000
-1.372410 -16.705400 0 -14.027000 -6.176960 211.756000 1037.370000 -13 99 1 0 1.000000
-5.039430 0.796556 0 -1.453760 -0.711354 194.383000 1037.310000 -13 100 1 0 1.000000
-3.392640 -11.733100 0 -11.874700 -16.827800 198.934000 1037.340000 -13 101 1 0 1.000000
0.766686 4.922300 0 19.095400 -23.627700 218.579000 1037.150000 -13 102 1 0 1.000000
-9.227640 4.368790 0 15.236600 8.223810 200.690000 1037.350000 -13 103 1 0 1.000000
5.980990 -4.390780 0 -15.791500 9.337890 200.300000 1037.100000 -13 104 1 0 1.000000
-0.286074 1.699230 0 -4.553070 -3.508230 209.573000 1037.520000 -13 105 1 0 1.000000
-8.886510 -13.209300 0 -0.004894 -7.381710 213.174000 1037.310000 -13 106 1 0 1.000000
-6.597670 -1.083790 0 23.808000 -6.156650 199.798000 1037.230000 -13 107 1 0 1.000000
-5.145330 -7.846230 0 1.730920 -21.631400 214.894000 1037.140000 -13 108 1 0 1.000000
-4.962840 -17.235400 0 -4.121310 5.232860 185.952000 1037.210000 -13 109 1 0 1.000000
14.321300 -23.646900 0 -3.152830 -2.079720 200.601000 1037.020000 -13 110 1 0 1.000000
-6.303750 -11.603300 0 -6.900010 -12.422700 221.371000 1037.210000 -13 111 1 0 1.000000
-13.246900 7.906100 0 -0.640899 5.010510 208.454000 1037.230000 -13 112 1 0 1.000000
-1.425330 -2.543140 0 12.598300 0.800882 192.657000 1037.290000 -13 113 1 0 1.000000
7.767570 -4.939790 0 -1.039380 -2.837970 204.300000 1037.140000 -13 114 1 0 1.000000
9.156010 -6.123410 0 11.433600 -1.968250 215.147000 1037.220000 -13 115 1 0 1.000000
-1.816570 4.585070 0 -6.995840 -9.168680 183.185000 1037.260000 -13 116 1 0 1.000000
-23.734800 1.083950 0 -0.149144 -7.650360 206.521000 1037.010000 -13 117 1 0 1.000000
-4.928560 2.402750 0 32.738200 13.410700 199.863000 1037.420000 -13 118 1 0 1.000000
6.769780 -12.960600 0 -5.988200 -5.120450 199.039000 1037.170000 -13 119 1 0 1.000000
-11.637600 -8.803260 0 -4.658540 -3.265370 200.532000 1037.350000 -13 120 1 0 1.000000
11.272700 -8.226140 0 1.775770 -7.641280 195.717000 1037.310000 -13 121 1 0 1.000000
-9.063360 -1.689100 0 7.645440 -2.934620 187.487000 1037.150000 -13 122 1 0 1.000000
0.082832 4.995470 0 1.788980 -7.022940 202.793000 1037.570000 -13 123 1 0 1.000000
-2.265860 -6.584430 0 2.406980 7.586760 191.611000 1037.370000 -13 124 1 0 1.000000
-12.637900 -8.368000 0 0.309736 -1.958220 205.465000 1037.220000 -13 125 1 0 1.000000
0.132488 -19.092600 0 23.645600 -31.690000 220.424000 1037.340000 -13 126 1 0 1.000000
-8.710770 -5.535800 0 -0.179550 -0.798775 213.949000 1037.380000 -13 127 1 0 1.000000
6.727270 -8.519050 0 6.072730 -11.739600 200.737000 1037.230000 -13 128 1 0 1.000000
-3.449510 6.030270 0 12.819600 -11.643200 202.306000 1037.200000 -13 129 1 0 1.000000
3.173510 5.358870 0 24.691900 7.477600 209.403000 1037.330000 -13 130 1 0 1.000000
-19.695600 -14.372100 0 1.606530 -9.324830 197.044000 1037.360000 -13 131 1 0 1.000000
-8.566540 0.258283 0 -14.615300 -2.261270 222.382000 1037.220000 -13 132 1 0 1.000000
-1.827410 -3.181000 0 23.510800 13.088600 193.859000 1037.100000 -13 133 1 0 1.000000
-0.210970 1.056320 0 -5.573190 11.859600 198.904000 1037.170000 -13 134 1 0 1.000000
1.323540 -0.026939 0 -9.546310 5.205750 183.734000 1037.250000 -13 135 1 0 1.000000
-10.537300 -10.694800 0 9.995350 17.385500 200.267000 1036.980000 -13 136 1 0 1.000000
-6.044700 -13.116600 0 3.536850 -7.585410 210.759000 1037.030000 -13 137 1 0 1.000000
-4.408760 4.636630 0 -1.412470 12.345000 202.340000 1037.320000 -13 138 1 0 1.000000
2.563940 2.759180 0 -2.606580 -5.752840 199.072000 1037.200000 -13 139 1 0 1.000000
-2.555980 -5.516220 0 -12.677200 3.504960 199.874000 1037.270000 -13 140 1 0 1.000000
-8.268840 -17.734800 0 0.797428 3.570250 217.723000 1037.360000 -13 141 1 0 1.000000
-13.288900 -14.199700 0 10.863800 6.397320 215.787000 1037.320000 -13 142 1 0 1.000000
-23.193600 -6.869550 0 -30.114200 26.028400 224.669000 1037.170000 -13 143 1 0 1.000000
-4.979530 -10.313900 0 -1.591540 -12.631000 204.399000 1037.130000 -13 144 1 0 1.000000
-11.984400 -10.435400 0 -11.301600 -4.856720 207.259000 1037.290000 -13 145 1 0 1.000000
-18.724900 -2.953750 0 9.735400 -8.199140 220.874000 1037.100000 -13 146 1 0 1.000000
3.482910 -4.903950 0 20.777000 1.426840 196.294000 1037.310000 -13 147 1 0 1.000000
14.216800 -11.877700 0 -4.979010 -4.178710 208.994000 1037.350000 -13 148 1 0 1.000000
-10.589600 -3.079220 0 8.899870 -8.604320 205.057000 1037.370000 -13 149 1 0 1.000000
-0.625712 -2.714640 0 -7.640540 -2.306930 205.785000 1037.230000 -13 150 1 0 1.000000
-13.332100 -3.166870 0 12.723700 17.737200 209.237000 1037.460000 -13 151 1 0 1.000000
-16.838100 -8.352460 0 4.137480 -9.965860 208.717000 1037.370000 -13 152 1 0 1.000000
-10.668600 -3.291820 0 -0.815791 -4.453730 206.565000 1037.460000 -13 153 1 0 1.000000
-3.640790 -4.288550 0 9.023410 -5.120740 208.589000 1037.270000 -13 154 1 0 1.000000
-10.017500 -10.460300 0 14.768900 -7.147280 211.081000 1037.240000 -13 155 1 0 1.000000
-27.711600 -7.939030 0 -10.296300 2.115760 211.522000 1037.320000 -13 156 1 0 1.000000
-2.998790 -7.232440 0 16.572600 1.222710 217.863000 1037.370000 -13 157 1 0 1.000000
-4.043790 -1.384450 0 0.685920 -2.920950 210.978000 1037.210000 -13 158 1 0 1.000000
-0.502848 -3.069620 0 10.806900 -4.308820 219.499000 1037.230000 -13 159 1 0 1.000000
-6.316560 -2.588580 0 0.636746 0.047543 201.039000 1037.190000 -13 160 1 0 1.000000
-10.367000 -1.584990 0 20.686600 7.946820 202.902000 1037.130000 -13 161 1 0 1.000000
-8.645390 -14.520600 0 -0.544266 -7.260390 196.414000 1037.350000 -13 162 1 0 1.000000
-2.702100 -6.810660 0 16.430400 -20.386300 203.694000 1037.080000 -13 163 1 0 1.000000
2.824150 0.599525 0 -2.261840 -1.174400 193.714000 1037.320000 -13 164 1 0 1.000000
5.776000 -10.030700 0 -16.842600 -6.535230 212.641000 1037.250000 -13 165 1 0 1.000000
0.814173 -2.204710 0 2.101860 4.882750 212.076000 1037.230000 -13 166 1 0 1.000000
-1.847160 -1.236060 0 5.325570 -1.936970 195.197000 1037.060000 -13 167 1 0 1.000000
0.824572 -6.652470 0 -19.317400 10.769200 195.264000 1037.340000 -13 168 1 0 1.000000
-4.168280 -8.570050 0 8.117990 4.837160 193.792000 1037.330000 -13 169 1 0 1.000000
-16.281100 -12.469300 0 -18.321000 1.732310 197.751000 1037.040000 -13 170 1 0 1.000000
-9.475590 -6.409560 0 8.055540 -4.783670 186.861000 1037.230000 -13 171 1 0 1.000000
14.303400 -6.745990 0 1.167520 -13.245500 221.531000 1037.110000 -13 172 1 0 1.000000
-3.078920 -5.692820 0 -2.408330 3.331200 202.014000 1037.180000 -13 173 1 0 1.000000
-17.989000 -3.901920 0 -8.075660 8.507450 209.383000 1037.440000 -13 174 1 0 1.000000
4.175400 2.995790 0 4.911090 -27.801300 201.636000 1037.410000 -13 175 1 0 1.000000
1.918330 -9.444940 0 -6.573610 15.965000 212.025000 1037.140000 -13 176 1 0 1.000000
1.695890 -6.068160 0 -5.880000 -11.577900 217.045000 1037.320000 -13 177 1 0 1.000000
-13.473500 -13.169500 0 -3.632350 5.720280 211.725000 1037.130000 -13 178 1 0 1.000000
11.131200 -0.837936 0 10.949700 -35.727900 224.984000 1037.270000 -13 179 1 0 1.000000
-2.911910 -14.757100 0 -9.188930 -4.462230 221.269000 1036.950000 -13 180 1 0 1.000000
-3.546270 -0.722686 0 -8.948570 -1.291080 208.967000 1036.980000 -13 181 1 0 1.000000
-3.341930 -1.652120 0 2.591610 4.577880 198.123000 1037.050000 -13 182 1 0 1.000000
-17.878100 -4.962770 0 -5.469790 -6.987690 205.839000 1037.080000 -13 183 1 0 1.000000
3.302910 -8.588620 0 4.461360 5.872610 203.428000 1037.290000 -13 184 1 0 1.000000
-6.650150 -25.661400 0 -27.365500 7.061670 204.480000 1037.150000 -13 185 1 0 1.000000
-17.693800 -0.426122 0 10.830900 10.176900 202.679000 1037.260000 -13 186 1 0 1.000000
-2.234830 -2.347350 0 -4.209490 8.242390 187.637000 1037.140000 -13 187 1 0 1.000000
-16.105600 3.799650 0 -1.698990 -18.775200 197.299000 1037.270000 -13 188 1 0 1.000000
4.546060 1.756570 0 2.437250 0.105387 203.623000 1037.290000 -13 189 1 0 1.000000
-0.832305 -8.191610 0 -14.094400 -12.946000 209.854000 1037.070000 -13 190 1 0 1.000000
6.607600 16.584500 0 -23.537900 -13.277900 196.694000 1037.510000 -13 191 1 0 1.000000
3.300410 -4.243080 0 0.511135 -5.685750 205.546000 1037.440000 -13 192 1 0 1.000000
-6.300730 0.901925 0 2.278990 -0.739423 212.797000 1037.160000 -13 193 1 0 1.000000
1.087940 -3.916260 0 -2.647530 -0.621053 204.655000 1037.390000 -13 194 1 0 1.000000
-4.051200 -19.061100 0 -1.168330 -1.942870 200.687000 1037.350000 -13 195 1 0 1.000000
4.326830 -8.807700 0 -6.606970 12.355200 193.561000 1037.120000 -13 196 1 0 1.000000
-3.442800 -3.498960 0 -5.801030 4.426080 198.776000 1037.340000 -13 197 1 0 1.000000
-4.205400 -4.295270 0 -1.557430 -2.894740 203.061000 1037.190000 -13 198 1 0 1.000000
-13.454600 -1.922870 0 -0.585147 -4.772800 214.829000 1037.230000 -13 199 1 0 1.000000
-10.357600 -5.325050 0 9.842970 8.332980 196.960000 1037.290000 -13 200 1 0 1.000000
-11.387000 0.306665 0 1.662640 15.872900 186.377000 1037.120000 -13 201 1 0 1.000000
-13.211100 -2.225100 0 0.714408 -8.199840 199.311000 1037.030000 -13 202 1 0 1.000000
-1.850590 -9.575860 0 -13.995800 5.448960 211.463000 1037.250000 -13 203 1 0 1.000000
-18.089700 -6.019090 0 0.444519 6.421040 210.647000 1037.400000 -13 204 1 0 1.000000
-8.629730 -24.740500 0 -11.719900 -12.473700 202.798000 1037.310000 -13 205 1 0 1.000000
0.399321 -20.659800 0 -9.312370 17.064200 207.322000 1037.130000 -13 206 1 0 1.000000
-12.197800 -6.313720 0 -18.787200 11.888400 212.274000 1037.190000 -13 207 1 0 1.000000
-2.929390 -5.063590 0 0.619713 -24.578100 211.166000 1037.160000 -13 208 1 0 1.000000
-3.185220 -9.023520 0 -0.280745 2.045570 225.331000 1037.180000 -13 209 1 0 1.000000
-2.468640 -6.301610 0 -1.675600 6.635560 193.088000 1037.320000 -13 210 1 0 1.000000
-11.048800 -12.924000 0 -2.759820 -6.971190 210.539000 1037.060000 -13 211 1 0 1.000000
-4.840860 0.446740 0 -9.568200 6.101500 193.399000 1037.170000 -13 212 1 0 1.000000
-10.558300 2.916710 0 3.760890 -11.182300 193.762000 1037.340000 -13 213 1 0 1.000000
-4.567400 -8.127090 0 -1.168920 6.581810 190.706000 1037.120000 -13 214 1 0 1.000000
-5.239210 -4.098480 0 17.553600 -6.530090 200.642000 1037.250000 -13 215 1 0 1.000000
-4.420730 -8.955850 0 14.499100 2.224170 189.843000 1037.190000 -13 216 1 0 1.000000
7.120520 -8.945220 0 4.567060 10.167700 190.259000 1037.280000 -13 217 1 0 1.000000
-15.704900 -0.455077 0 14.254300 -1.470290 209.547000 1037.260000 -13 218 1 0 1.000000
2.763750 -3.642620 0 -16.677600 4.813090 204.350000 1037.060000 -13 219 1 0 1.000000
-15.853600 4.614760 0 -5.502390 -8.045170 206.335000 1037.500000 -13 220 1 0 1.000000
-9.254500 -1.707030 0 8.111420 9.092430 210.316000 1037.030000 -13 221 1 0 1.000000
-1.658740 -2.461170 0 3.665900 2.265630 215.002000 1037.220000 -13 222 1 0 1.000000
-2.807670 1.216330 0 -16.600300 -6.625680 190.257000 1037.270000 -13 223 1 0 1.000000
-17.445600 -14.637600 0 -26.023300 5.311570 212.689000 1037.230000 -13 224 1 0 1.000000
-14.085100 -11.752900 0 -7.376370 10.458100 196.157000 1037.000000 -13 225 1 0 1.000000
2.178210 -0.924504 0 7.792510 -10.378900 211.843000 1037.080000 -13 226 1 0 1.000000
-6.690190 0.411852 0 -11.360800 -9.612190 198.270000 1037.190000 -13 227 1 0 1.000000
-4.257190 -3.480250 0 3.471120 -1.497650 204.713000 1037.020000 -13 228 1 0 1.000000
-8.090860 -3.717060 0 -22.446800 7.844110 209.870000 1037.240000 -13 229 1 0 1.000000
-5.256010 -18.809100 0 -15.796300 10.004900 231.183000 1037.180000 -13 230 1 0 1.000000
-9.065420 -9.420740 0 14.452500 1.448510 216.589000 1037.060000 -13 231 1 0 1.000000
1.990240 -19.770200 0 -19.439800 23.479900 210.801000 1037.190000 -13 232 1 0 1.000000
-12.166000 -1.768500 0 3.679080 -5.687140 204.612000 1037.230000 -13 233 1 0 1.000000
-7.468100 -4.576260 0 -7.380720 8.148890 214.310000 1037.200000 -13 234 1 0 1.000000
-3.455990 -4.579320 0 -0.968688 -0.924646 207.532000 1037.410000 -13 235 1 0 1.000000
-0.399272 -19.790500 0 -1.221410 7.358800 192.146000 1037.300000 -13 236 1 0 1.000000
0.333653 -9.716080 0 6.086570 2.494860 205.920000 1037.270000 -13 237 1 0 1.000000
-15.070700 -6.851140 0 2.726640 -9.598320 208.360000 1037.300000 -13 238 1 0 1.000000
-18.753300 -4.786450 0 -5.210450 13.843800 205.926000 1037.150000 -13 239 1 0 1.000000
-13.568800 -10.194500 0 -15.330100 4.800930 210.417000 1037.170000 -13 240 1 0 1.000000
-10.372500 3.710840 0 12.480000 -12.483700 208.427000 1037.370000 -13 241 1 0 1.000000
-2.176580 -5.117620 0 10.284700 -2.765680 197.488000 1037.300000 -13 242 1 0 1.000000
2.689630 -4.799650 0 -8.355640 5.334670 193.545000 1037.290000 -13 243 1 0 1.000000
-6.113230 -6.864160 0 45.702100 -29.227800 226.919000 1037.530000 -13 244 1 0 1.000000
-15.342800 6.128610 0 16.025400 -0.856525 204.369000 1037.210000 -13 245 1 0 1.000000
-9.122680 -12.106000 0 -12.601200 10.877700 205.967000 1037.130000 -13 246 1 0 1.000000
-16.871600 -1.420750 0 11.160200 -7.569510 205.610000 1037.370000 -13 247 1 0 1.000000
-3.947190 -6.006120 0 -9.575030 -2.822600 201.230000 1037.100000 -13 248 1 0 1.000000
9.802260 -5.049670 0 -10.895900 14.824500 199.044000 1037.210000 -13 249 1 0 1.000000
-11.640300 -6.022720 0 -8.690150 11.377400 197.602000 1037.160000 -13 250 1 0 1.000000
-3.983320 -23.575800 0 -20.706200 30.195300 208.212000 1037.320000 -13 251 1 0 1.000000
-9.058980 -18.938400 0 -2.478210 21.112800 209.161000 1037.250000 -13 252 1 0 1.000000
-17.301600 -13.223600 0 -33.706100 0.388066 222.032000 1037.270000 -13 253 1 0 1.000000
-28.732700 -10.335400 0 -10.174700 5.956550 204.717000 1037.060000 -13 254 1 0 1.000000
6.082240 -17.200900 0 -16.844700 -4.621650 207.923000 1036.940000 -13 255 1 0 1.000000
-3.392930 -0.422592 0 -3.025940 -0.305621 194.143000 1037.050000 -13 256 1 0 1.000000
0.243233 1.913230 0 13.169100 -0.548421 204.542000 1037.310000 -13 257 1 0 1.000000
5.978150 -18.063400 0 -17.613700 -10.113100 199.308000 1037.370000 -13 258 1 0 1.000000
-24.025200 -11.789800 0 -16.963000 -5.280580 201.987000 1037.290000 -13 259 1 0 1.000000
-5.226450 -11.374100 0 -1.728400 0.882274 207.149000 1037.430000 -13 260 1 0 1.000000
-19.601000 -10.119200 0 -10.756500 1.171710 212.839000 1037.160000 -13 261 1 0 1.000000
-3.685620 2.283650 0 31.946900 18.099400 203.603000 1037.050000 -13 262 1 0 1.000000
-17.161900 -9.055030 0 -4.944480 2.396790 213.918000 1036.930000 -13 263 1 0 1.000000
3.964060 -2.694700 0 8.702050 17.684900 195.822000 1037.210000 -13 264 1 0 1.000000
-6.598760 9.753290 0 2.539880 7.375880 202.097000 1037.000000 -13 265 1 0 1.000000
0.477795 9.345620 0 -19.510200 19.064600 194.133000 1037.170000 -13 266 1 0 1.000000
-30.262700 16.575300 0 29.696100 -33.406600 244.234000 1037.210000 -13 267 1 0 1.000000
-11.730300 15.805300 0 33.563600 -7.671720 226.271000 1037.360000 -13 268 1 0 1.000000
4.123700 4.623020 0 -23.304100 -2.022030 207.802000 1037.040000 -13 269 1 0 1.000000
-5.621610 -10.415900 0 -6.876670 -1.398840 189.785000 1037.060000 -13 270 1 0 1.000000
-12.989500 -11.164800 0 16.737300 28.624900 198.002000 1037.250000 -13 271 1 0 1.000000
-16.274800 -14.263100 0 -10.923500 -2.928140 203.186000 1037.350000 -13 272 1 0 1.000000
-4.841510 -23.469500 0 3.367980 21.498100 214.148000 1037.090000 -13 273 1 0 1.000000
-11.852200 -2.645820 0 11.279200 3.279650 193.256000 1037.200000 -13 274 1 0 1.000000
18.941200 -9.892580 0 6.076650 6.559310 188.058000 1037.220000 -13 275 1 0 1.000000
-1.425120 -18.621500 0 -45.989000 3.124590 201.622000 1037.210000 -13 276 1 0 1.000000
-14.107300 -5.918190 0 -6.544900 3.293470 192.414000 1037.040000 -13 277 1 0 1.000000
6.766040 5.066030 0 14.642700 0.412851 222.776000 1037.060000 -13 278 1 0 1.000000
-8.747240 -4.664260 0 -10.720900 10.918200 212.123000 1037.160000 -13 279 1 0 1.000000
-9.134870 -8.550080 0 -2.174910 -2.143770 202.916000 1037.170000 -13 280 1 0 1.000000
7.026250 -5.429610 0 -5.295370 -3.676820 204.689000 1037.360000 -13 281 1 0 1.000000
-5.032450 2.569520 0 11.528800 8.983330 192.368000 1037.180000 -13 282 1 0 1.000000
-8.612350 7.452370 0 -6.855180 -0.286934 207.840000 1037.190000 -13 283 1 0 1.000000
-16.276700 -9.563860 0 -1.431100 -17.876500 197.951000 1037.160000 -13 284 1 0 1.000000
3.178780 -2.160710 0 25.455800 -9.269670 208.701000 1037.320000 -13 285 1 0 1.000000
18.700800 11.379800 0 -9.900490 -14.848300 202.207000 1037.270000 -13 286 1 0 1.000000
-8.268990 -7.659860 0 2.700670 6.919970 194.823000 1037.150000 -13 287 1 0 1.000000
-3.514720 -11.049300 0 -21.976100 6.745250 196.805000 1037.170000 -13 288 1 0 1.000000
-13.978600 -14.472000 0 -1.285830 11.809300 190.567000 1037.220000 -13 289 1 0 1.000000
12.966400 -20.332600 0 23.367400 -8.801250 200.165000 1037.220000 -13 290 1 0 1.000000
4.276750 8.023170 0 -16.751700 -1.684940 193.520000 1037.470000 -13 291 1 0 1.000000
-8.617130 7.694660 0 -0.651847 -12.954100 195.175000 1037.460000 -13 292 1 0 1.000000
-19.615500 -27.027300 0 7.482490 13.523200 204.529000 1037.190000 -13 293 1 0 1.000000
-1.232160 -3.956990 0 -1.051600 5.493570 190.157000 1037.230000 -13 294 1 0 1.000000
-6.523530 -13.310900 0 1.933500 4.033210 204.757000 1037.320000 -13 295 1 0 1.000000
-7.827620 -11.222000 0 7.567380 11.695300 202.570000 1037.390000 -13 296 1 0 1.000000
-22.156800 -13.753000 0 0.332960 -1.227240 216.339000 1037.180000 -13 297 1 0 1.000000
-4.646720 -6.652110 0 -10.706300 -21.848200 206.106000 1037.250000 -13 298 1 0 1.000000
-12.507900 -8.514370 0 15.378900 13.817300 202.736000 1037.340000 -13 299 1 0 1.000000
-4.006900 -4.437340 0 21.203600 13.068400 212.131000 1037.210000 -13 300 1 0 1.000000
5.139540 -8.997010 0 -9.787860 -8.961440 187.076000 1037.340000 -13 301 1 0 1.000000
0.874013 -10.703000 0 -7.972200 7.774080 183.281000 1037.370000 -13 302 1 0 1.000000
15.449300 6.749060 0 5.721440 -28.541300 201.051000 1037.280000 -13 303 1 0 1.000000
-5.412110 -11.738700 0 1.484980 -0.930635 188.693000 1037.340000 -13 304 1 0 1.000000
-8.192450 -10.441600 0 4.360380 -4.138820 196.054000 1037.070000 -13 305 1 0 1.000000
-9.959550 -12.950000 0 -2.140770 21.423400 210.002000 1037.100000 -13 306 1 0 1.000000
-4.119470 0.065723 0 6.307310 -3.500950 198.550000 1037.150000 -13 307 1 0 1.000000
-11.128100 -4.936220 0 -2.688270 -8.551190 204.695000 1037.420000 -13 308 1 0 1.000000
-5.903610 -18.186000 0 24.351900 -19.641600 233.524000 1037.180000 -13 309 1 0 1.000000
-26.001200 -21.233800 0 5.949000 3.881360 213.915000 1037.240000 -13 310 1 0 1.000000
-14.875400 8.218780 0 16.565800 7.642050 212.890000 1037.240000 -13 311 1 0 1.000000
-21.050700 -4.095030 0 3.231410 -10.387700 206.045000 1037.310000 -13 312 1 0 1.000000
-2.438240 -4.043680 0 5.131850 0.557835 203.101000 1037.410000 -13 313 1 0 1.000000
-2.453070 -4.904620 0 -6.883500 -7.424470 195.619000 1037.260000 -13 314 1 0 1.000000
-7.498300 -14.112900 0 8.282330 3.860610 184.963000 1037.330000 -13 315 1 0 1.000000
-5.417180 -8.215590 0 10.975800 0.282929 206.819000 1037.350000 -13 316 1 0 1.000000
-11.036500 13.886100 0 -8.597180 14.440900 204.311000 1037.150000 -13 317 1 0 1.000000
1.315160 -18.841700 0 -4.861290 -32.435100 229.031000 1037.090000 -13 318 1 0 1.000000
-4.362820 -2.023240 0 1.396570 9.155810 199.683000 1037.410000 -13 319 1 0 1.000000
-1.147250 -1.367550 0 0.753520 -3.209340 213.363000 1037.290000 -13 320 1 0 1.000000
-2.885190 -5.888800 0 -24.647700 12.145600 221.529000 1037.100000 -13 321 1 0 1.000000
-11.754800 -3.256100 0 5.111170 3.623570 183.157000 1037.170000 -13 322 1 0 1.000000
-3.390230 11.674000 0 6.020030 6.909810 213.356000 1037.040000 -13 323 1 0 1.000000
-2.318170 3.501520 0 -58.794900 1.652100 227.822000 1037.150000 -13 324 1 0 1.000000
0.637328 -7.390510 0 19.226000 18.867500 215.549000 1037.070000 -13 325 1 0 1.000000
-3.157350 0.024735 0 -6.968610 3.607190 210.378000 1037.190000 -13 326 1 0 1.000000
-12.063500 -10.340900 0 -10.894700 1.628050 203.475000 1037.260000 -13 327 1 0 1.000000
-12.116800 -9.305710 0 -2.610380 3.080080 219.769000 1037.260000 -13 328 1 0 1.000000
-6.349580 -15.145500 0 -13.476200 -25.735000 217.849000 1037.070000 -13 329 1 0 1.000000
-9.742790 -17.599300 0 -16.823400 6.359620 195.209000 1037.160000 -13 330 1 0 1.000000
5.724210 -22.052200 0 9.812470 -7.709280 198.472000 1037.400000 -13 331 1 0 1.000000
-9.085830 -1.314530 0 19.929600 -10.233300 213.151000 1037.280000 -13 332 1 0 1.000000
-10.424600 -26.031200 0 -2.941740 -16.245800 192.379000 1037.250000 -13 333 1 0 1.000000
9.987910 -1.542170 0 9.616560 -13.947400 219.179000 1037.160000 -13 334 1 0 1.000000
20.630200 -18.266500 0 -25.042100 -4.886220 195.680000 1037.280000 -13 335 1 0 1.000000
-9.025600 5.730740 0 -2.328450 3.933270 215.045000 1037.420000 -13 336 1 0 1.000000
5.615490 3.269400 0 -0.314783 2.803770 207.776000 1037.280000 -13 337 1 0 1.000000
-2.630900 -4.410420 0 3.191470 -13.852800 199.493000 1037.360000 -13 338 1 0 1.000000
-10.282000 -16.190500 0 -10.850200 -12.388000 208.306000 1037.400000 -13 339 1 0 1.000000
8.462940 19.486000 0 -12.096400 0.541271 209.033000 1036.990000 -13 340 1 0 1.000000
-10.094700 -5.268580 0 14.134900 2.058460 198.397000 1037.460000 -13 341 1 0 1.000000
-12.729300 -2.129730 0 5.537930 13.150600 192.054000 1037.390000 -13 342 1 0 1.000000
16.385500 -1.851710 0 19.334100 -0.615576 203.656000 1037.250000 -13 343 1 0 1.000000
-9.104110 -2.877940 0 -13.079500 0.539639 200.765000 1037.270000 -13 344 1 0 1.000000
-6.072270 -8.615640 0 4.378800 -17.558200 218.769000 1037.300000 -13 345 1 0 1.000000
-3.158730 -7.040600 0 -13.078900 -2.038070 217.004000 1037.210000 -13 346 1 0 1.000000
-6.659940 -8.748900 0 3.939520 4.708690 217.662000 1037.040000 -13 347 1 0 1.000000
-13.898100 -8.721160 0 -3.598540 -7.859040 197.033000 1037.200000 -13 348 1 0 1.000000
-12.480300 -2.598830 0 4.001780 31.903500 205.437000 1037.200000 -13 349 1 0 1.000000
-11.777200 10.399700 0 -2.467660 3.945560 191.501000 1037.200000 -13 350 1 0 1.000000
-3.746550 -3.684550 0 5.250750 17.587400 197.168000 1037.390000 -13 351 1 0 1.000000
6.237870 -7.170510 0 8.049320 -5.707010 197.660000 1037.170000 -13 352 1 0 1.000000
6.604210 -9.339520 0 2.530890 -5.503620 202.267000 1037.300000 -13 353 1 0 1.000000
-4.739760 -12.607900 0 7.212520 -2.429480 207.053000 1037.270000 -13 354 1 0 1.000000
-2.863960 0.537469 0 10.813100 -9.456610 205.470000 1037.280000 -13 355 1 0 1.000000
-3.881800 -1.490020 0 -17.077100 -1.525740 210.270000 1037.180000 -13 356 1 0 1.000000
-3.713620 -9.564120 0 4.584250 6.420970 198.200000 1037.490000 -13 357 1 0 1.000000
8.417500 -8.355320 0 0.510104 -10.498100 202.459000 1037.290000 -13 358 1 0 1.000000
-6.668360 0.715747 0 -8.833550 -8.746320 197.379000 1037.380000 -13 359 1 0 1.000000
-19.009100 -11.930700 0 -0.686495 -6.374480 202.367000 1037.190000 -13 360 1 0 1.000000
-13.519700 -1.128550 0 4.994180 10.648900 202.199000 1037.230000 -13 361 1 0 1.000000
-13.546300 -4.474380 0 0.892132 8.414910 211.134000 1037.120000 -13 362 1 0 1.000000
-2.816580 9.834480 0 -3.461890 -9.083530 195.765000 1037.290000 -13 363 1 0 1.000000
13.391500 -10.619400 0 7.810680 -0.653253 205.243000 1037.100000 -13 364 1 0 1.000000
-2.732210 -2.747150 0 -1.815040 -1.998030 200.238000 1037.230000 -13 365 1 0 1.000000
-6.519530 -1.203380 0 19.860600 -1.293360 216.141000 1037.420000 -13 366 1 0 1.000000
-13.546100 -11.045900 0 -13.716300 2.398960 203.279000 1037.220000 -13 367 1 0 1.000000
-25.424700 -0.190862 0 0.429483 -10.453400 191.592000 1037.340000 -13 368 1 0 1.000000
0.083091 -5.563580 0 5.950270 -12.244400 208.165000 1037.310000 -13 369 1 0 1.000000
13.767300 -14.889500 0 11.700800 -28.470100 218.983000 1036.990000 -13 370 1 0 1.000000
-7.747400 -1.210500 0 -2.044830 2.322300 204.889000 1037.350000 -13 371 1 0 1.000000
1.898160 5.064650 0 -5.245430 -5.628420 190.930000 1037.260000 -13 372 1 0 1.000000
0.339953 -26.286800 0 -4.925540 -10.320400 205.664000 1037.340000 -13 373 1 0 1.000000
-7.875670 4.788750 0 3.087270 -0.406792 209.303000 1037.190000 -13 374 1 0 1.000000
-1.880140 -17.020800 0 9.769390 8.117950 186.190000 1037.200000 -13 375 1 0 1.000000
3.084900 -13.632000 0 -1.576400 17.253700 205.623000 1037.060000 -13 376 1 0 1.000000
0.830788 -9.729360 0 -7.894300 14.940600 208.825000 1037.370000 -13 377 1 0 1.000000
-20.186200 -4.035210 0 2.540480 3.504280 210.936000 1037.350000 -13 378 1 0 1.000000
-10.787700 -7.012200 0 12.806900 -6.987780 207.354000 1037.390000 -13 379 1 0 1.000000
-5.567620 -2.311340 0 -6.986900 -2.456480 209.970000 1037.390000 -13 380 1 0 1.000000
-7.425890 -3.102500 0 4.615110 -3.603750 210.173000 1037.060000 -13 381 1 0 1.000000
-11.320400 -10.379000 0 5.316350 13.197600 200.357000 1037.370000 -13 382 1 0 1.000000
-10.785900 -5.906090 0 1.178530 -2.780570 203.613000 1037.230000 -13 383 1 0 1.000000
-14.862100 1.482340 0 4.210540 -27.986000 212.404000 1037.160000 -13 384 1 0 1.000000
-0.862013 -16.099600 0 4.441230 -1.161220 202.782000 1037.260000 -13 385 1 0 1.000000
-9.471820 -19.692600 0 -10.088100 -0.782646 196.577000 1037.270000 -13 386 1 0 1.000000
-1.185520 -5.304980 0 2.004760 -6.518870 207.662000 1037.360000 -13 387 1 0 1.000000
-9.225910 -9.852150 0 -2.807350 -11.498600 199.247000 1037.380000 -13 388 1 0 1.000000
-3.120960 -6.888560 0 -1.116850 -0.305772 203.290000 1037.370000 -13 389 1 0 1.000000
-3.568710 -16.421800 0 -11.721600 3.127360 202.458000 1037.290000 -13 390 1 0 1.000000
5.007600 3.332930 0 19.561200 3.427710 201.488000 1037.370000 -13 391 1 0 1.000000
-9.692610 4.510130 0 -0.096819 11.155800 193.291000 1036.980000 -13 392 1 0 1.000000
25.656900 -0.346655 0 -13.992700 -6.635760 207.939000 1037.110000 -13 393 1 0 1.000000
-6.133670 -12.852300 0 -0.239177 -19.124400 208.898000 1037.090000 -13 394 1 0 1.000000
-0.363630 -3.216160 0 -3.209100 14.037100 214.614000 1037.250000 -13 395 1 0 1.000000
-19.053200 3.194090 0 9.144010 17.866300 214.191000 1037.210000 -13 396 1 0 1.000000
-11.557300 -8.551460 0 -9.529840 -18.235200 209.974000 1036.890000 -13 397 1 0 1.000000
-10.536500 8.524540 0 -1.715190 30.266400 210.709000 1036.970000 -13 398 1 0 1.000000
-7.641860 -9.668780 0 -4.537950 -13.556700 212.831000 1037.230000 -13 399 1 0 1.000000
2.233250 -10.570700 0 -17.985800 -9.624770 204.935000 1037.320000 -13 400 1 0 1.000000
1.884150 -3.284270 0 3.228900 7.232550 199.715000 1037.290000 -13 401 1 0 1.000000
-5.671470 4.229820 0 -9.803590 5.791160 198.086000 1037.120000 -13 402 1 0 1.000000
-4.342290 -15.158900 0 1.384400 6.993200 203.722000 1037.380000 -13 403 1 0 1.000000
-4.969510 -9.918840 0 -10.538600 6.992820 206.114000 1037.070000 -13 404 1 0 1.000000
-14.986900 -1.591480 0 -0.910589 3.163700 207.108000 1037.170000 -13 405 1 0 1.000000
-17.416700 -6.249610 0 -5.876280 1.636380 203.251000 1037.310000 -13 406 1 0 1.000000
-18.500200 2.910290 0 0.478736 5.303110 199.275000 1037.340000 -13 407 1 0 1.000000
9.982720 4.636550 0 16.002900 -12.246100 195.309000 1037.190000 -13 408 1 0 1.000000
-7.641670 -11.695600 0 6.205210 -6.583310 205.925000 1037.150000 -13 409 1 0 1.000000
1.437880 -12.231700 0 -2.060650 -28.852700 190.461000 1037.360000 -13 410 1 0 1.000000
-4.402370 15.216100 0 26.506200 -8.534160 220.207000 1037.140000 -13 411 1 0 1.000000
-13.292500 -2.401670 0 11.130000 11.599500 199.730000 1037.050000 -13 412 1 0 1.000000
2.923430 -14.078600 0 -7.304280 2.994510 203.120000 1037.250000 -13 413 1 0 1.000000
-10.534000 0.421699 0 0.309201 -3.186360 197.621000 1037.160000 -13 414 1 0 1.000000
-0.111222 -7.790660 0 25.032200 5.250100 190.129000 1037.300000 -13 415 1 0 1.000000
-22.094400 -9.387770 0 -24.810000 1.786070 214.991000 1037.110000 -13 416 1 0 1.000000
-3.570900 -7.666330 0 -2.340930 12.616100 193.988000 1037.250000 -13 417 1 0 1.000000
-7.985860 -8.194400 0 7.799250 -19.457600 213.816000 1036.980000 -13 418 1 0 1.000000
-9.927930 -17.174800 0 -17.264600 6.497570 204.878000 1037.170000 -13 419 1 0 1.000000
0.586185 5.640750 0 21.573500 -46.945300 231.687000 1037.190000 -13 420 1 0 1.000000
8.272140 -5.956350 0 6.939670 -17.413600 206.505000 1037.490000 -13 421 1 0 1.000000
-3.054120 0.739762 0 -11.507500 0.238863 196.016000 1037.450000 -13 422 1 0 1.000000
-6.649830 -12.818000 0 1.662440 6.408200 194.400000 1037.250000 -13 423 1 0 1.000000
-13.146600 -15.590100 0 -3.077730 -15.217800 194.154000 1037.180000 -13 424 1 0 1.000000
-10.399100 -6.590830 0 3.980480 -10.908000 195.760000 1037.340000 -13 425 1 0 1.000000
-15.140000 -3.114650 0 3.475070 -3.383080 215.084000 1037.270000 -13 426 1 0 1.000000
-21.909800 -5.882610 0 27.284000 10.633100 220.566000 1037.360000 -13 427 1 0 1.000000
5.595980 -11.964500 0 -2.758610 -6.750820 203.332000 1037.090000 -13 428 1 0 1.000000
-7.758990 -8.502370 0 -3.732920 1.409850 192.415000 1037.170000 -13 429 1 0 1.000000
9.281490 -24.771800 0 7.735230 -17.509800 212.580000 1037.110000 -13 430 1 0 1.000000
-1.978140 -8.205860 0 9.506220 -6.763090 196.867000 1037.370000 -13 431 1 0 1.000000
-26.294700 -13.338900 0 -20.616700 13.347900 224.330000 1037.260000 -13 432 1 0 1.000000
-8.571900 -17.453400 0 -13.580000 -8.753360 217.570000 1036.950000 -13 433 1 0 1.000000
-10.493300 -12.678700 0 1.342800 -14.266100 204.002000 1037.380000 -13 434 1 0 1.000000
-5.662810 -3.292650 0 4.752570 -7.575930 203.210000 1037.360000 -13 435 1 0 1.000000
5.730510 5.066030 0 -8.546360 -10.462200 194.970000 1037.100000 -13 436 1 0 1.000000
-11.967200 -5.515040 0 -4.974160 -9.646880 208.576000 1037.410000 -13 437 1 0 1.000000
-1.914680 -4.717310 0 0.323975 6.876120 205.225000 1037.120000 -13 438 1 0 1.000000
-22.217200 11.433300 0 -16.956800 -5.940600 198.457000 1037.280000 -13 439 1 0 1.000000
-17.760200 -0.147176 0 13.529400 -29.542500 211.313000 1037.230000 -13 440 1 0 1.000000
-2.812090 -3.241080 0 -6.795930 10.724400 208.264000 1037.370000 -13 441 1 0 1.000000
-26.440200 -16.668800 0 11.165100 0.208614 210.796000 1037.130000 -13 442 1 0 1.000000
2.331260 -3.226330 0 18.103500 -9.759130 195.000000 1037.160000 -13 443 1 0 1.000000
9.065890 8.907200 0 -20.469900 -17.385200 208.822000 1037.200000 -13 444 1 0 1.000000
-11.854900 4.203950 0 6.170030 -2.496230 205.113000 1037.240000 -13 445 1 0 1.000000
-13.091500 -14.985400 0 -23.868300 -13.964500 200.671000 1037.380000 -13 446 1 0 1.000000
5.155080 -2.670640 0 0.232347 -2.626620 191.934000 1037.430000 -13 447 1 0 1.000000
-16.235000 -12.462400 0 13.186100 19.253300 196.937000 1037.290000 -13 448 1 0 1.000000
-5.823000 -13.587700 0 -12.987500 -0.530819 208.840000 1037.240000 -13 449 1 0 1.000000
12.046000 -12.061700 0 -0.142295 9.107210 195.334000 1037.290000 -13 450 1 0 1.000000
-15.639100 4.698670 0 15.882600 -17.561000 210.383000 1037.260000 -13 451 1 0 1.000000
-8.145190 -13.086200 0 -15.294200 -13.567400 204.921000 1037.320000 -13 452 1 0 1.000000
-6.003850 -9.388060 0 -15.451800 -2.935570 205.216000 1037.220000 -13 453 1 0 1.000000
-6.947000 -11.800500 0 -5.768350 1.550240 205.687000 1037.200000 -13 454 1 0 1.000000
-7.916990 -6.879830 0 3.300230 2.399540 206.281000 1037.100000 -13 455 1 0 1.000000
3.592140 -8.530760 0 0.591862 5.148300 193.551000 1037.380000 -13 456 1 0 1.000000
6.445230 8.895810 0 9.570920 -22.835300 207.901000 1037.230000 -13 457 1 0 1.000000
1.890110 -9.762780 0 -2.614880 5.332640 192.593000 1037.190000 -13 458 1 0 1.000000
-3.457010 -10.747800 0 -2.218910 -2.760130 185.696000 1037.470000 -13 459 1 0 1.000000
10.037300 10.064600 0 0.445863 -28.270100 189.486000 1037.290000 -13 460 1 0 1.000000
-4.254220 5.208100 0 -11.663700 -4.830810 192.581000 1037.050000 -13 461 1 0 1.000000
-1.778520 -6.108730 0 8.198800 0.058703 201.419000 1037.260000 -13 462 1 0 1.000000
-7.516560 -8.081320 0 4.233300 2.217640 200.380000 1037.090000 -13 463 1 0 1.000000
5.715380 -6.109230 0 -2.706970 -14.450100 193.990000 1037.200000 -13 464 1 0 1.000000
-2.775960 -10.494100 0 9.280990 -15.747600 216.586000 1037.220000 -13 465 1 0 1.000000
-12.667100 1.017730 0 14.318800 1.781650 193.603000 1037.330000 -13 466 1 0 1.000000
-1.358050 -12.688000 0 -1.933710 -2.739800 198.256000 1037.270000 -13 467 1 0 1.000000
-14.248900 -4.866310 0 -15.216100 2.014440 213.577000 1037.090000 -13 468 1 0 1.000000
-10.604000 1.983720 0 8.920090 6.352330 195.158000 1037.200000 -13 469 1 0 1.000000
10.398600 -3.621620 0 0.086623 16.990700 195.558000 1037.170000 -13 470 1 0 1.000000
-0.780828 -8.506060 0 -3.808480 -1.187110 186.927000 1037.220000 -13 471 1 0 1.000000
-8.544670 -5.752500 0 -31.555600 16.138300 202.410000 1037.300000 -13 472 1 0 1.000000
-5.623700 -4.784390 0 24.300600 -6.774620 189.804000 1037.060000 -13 473 1 0 1.000000
1.737780 -9.430390 0 -19.819700 -11.222900 212.470000 1037.270000 -13 474 1 0 1.000000
-9.254640 -18.173500 0 14.140700 -9.121870 192.558000 1037.310000 -13 475 1 0 1.000000
-13.859900 -10.694300 0 33.076900 -4.791940 209.393000 1037.160000 -13 476 1 0 1.000000
5.536550 -10.635100 0 -16.405200 -3.578540 198.765000 1037.500000 -13 477 1 0 1.000000
-8.701150 -21.895700 0 2.771450 -6.471600 199.501000 1037.070000 -13 478 1 0 1.000000
5.501660 -4.687290 0 -6.909930 22.586100 201.017000 1037.270000 -13 479 1 0 1.000000
-9.542390 -19.211400 0 -6.009150 -17.170500 202.375000 1037.230000 -13 480 1 0 1.000000
7.853460 -6.168380 0 -8.179060 3.248750 188.489000 1037.190000 -13 481 1 0 1.000000
0.537511 -18.817700 0 15.448800 -16.538300 200.108000 1037.340000 -13 482 1 0 1.000000
11.580600 0.787856 0 -13.323500 3.830900 214.398000 1037.010000 -13 483 1 0 1.000000
-4.028320 -10.703400 0 -9.710860 3.107910 211.252000 1037.210000 -13 484 1 0 1.000000
-7.998780 -14.622900 0 -4.187270 -8.827570 205.435000 1037.350000 -13 485 1 0 1.000000
-20.424600 -19.936500 0 -6.925670 22.362000 226.736000 1036.900000 -13 486 1 0 1.000000
-0.632964 4.160130 0 0.541450 -6.689680 208.065000 1037.340000 -13 487 1 0 1.000000
1.558680 1.469760 0 -0.191249 9.042940 199.892000 1037.230000 -13 488 1 0 1.000000
-3.203470 -17.208500 0 -7.214540 9.234520 206.734000 1037.120000 -13 489 1 0 1.000000
-8.962250 -5.839730 0 7.746030 -4.831500 195.283000 1037.370000 -13 490 1 0 1.000000
-20.208400 -0.938251 0 18.394600 -20.620900 207.356000 1037.400000 -13 491 1 0 1.000000
-5.506190 5.881920 0 3.403120 -10.966200 206.792000 1037.260000 -13 492 1 0 1.000000
-6.634480 -2.826260 0 14.904200 -4.314780 219.611000 1037.140000 -13 493 1 0 1.000000
-4.492510 -9.860990 0 0.188701 -4.058860 195.483000 1037.170000 -13 494 1 0 1.000000
-10.312700 3.834530 0 9.090340 13.908000 197.839000 1037.310000 -13 495 1 0 1.000000
-9.481590 -10.810100 0 3.878780 4.057510 203.687000 1037.510000 -13 496 1 0 1.000000
-8.316430 -17.623400 0 -7.327200 -0.687845 188.936000 1037.280000 -13 497 1 0 1.000000
0.051056 -10.283500 0 6.451250 -5.608480 191.567000 1037.290000 -13 498 1 0 1.000000
-20.437800 -10.771700 0 -1.911370 3.114890 234.222000 1037.190000 -13 499 1 0 1.000000
-28.336500 -10.084200 0 -5.521600 -3.412100 197.708000 1037.380000 -13 500 1 0 1.000000
-1.595010 -17.559200 0 9.968100 6.083120 204.924000 1037.050000 -13 501 1 0 1.000000
-4.997390 -8.091840 0 5.750320 1.452470 209.021000 1037.030000 -13 502 1 0 1.000000
5.198470 4.587250 0 -4.768780 3.475420 195.645000 1037.170000 -13 503 1 0 1.000000
1.904380 -8.484590 0 -18.034900 2.131770 225.185000 1037.270000 -13 504 1 0 1.000000
-12.114600 9.759290 0 7.677950 -7.253210 202.190000 1037.140000 -13 505 1 0 1.000000
-1.045070 -0.682465 0 -0.239591 -20.546700 191.363000 1037.270000 -13 506 1 0 1.000000
-13.473000 1.922860 0 3.716310 -16.974300 209.855000 1037.360000 -13 507 1 0 1.000000
-15.687000 7.750050 0 -17.290100 2.273520 205.187000 1037.210000 -13 508 1 0 1.000000
5.217500 -15.992800 0 6.705140 -21.681000 198.414000 1037.270000 -13 509 1 0 1.000000
-12.418900 1.233410 0 7.222120 7.788980 210.880000 1037.180000 -13 510 1 0 1.000000
-18.478000 -7.797050 0 5.274170 17.728600 210.358000 1037.420000 -13 511 1 0 1.000000
-2.014760 -15.663600 0 -2.384570 -13.728200 193.155000 1037.250000 -13 512 1 0 1.000000
4.246470 -0.223067 0 12.967600 3.181440 213.761000 1037.280000 -13 513 1 0 1.000000
3.089040 -17.739000 0 12.054500 16.874400 193.884000 1037.320000 -13 514 1 0 1.000000
-11.473900 -6.599450 0 -27.403600 -14.046700 212.216000 1037.150000 -13 515 1 0 1.000000
3.480280 -0.307169 0 10.216200 -7.124970 195.069000 1037.130000 -13 516 1 0 1.000000
0.296253 -15.359100 0 -10.506700 -6.857810 202.399000 1037.270000 -13 517 1 0 1.000000
-10.293300 -2.590980 0 -14.384800 16.817800 198.273000 1037.250000 -13 518 1 0 1.000000
10.201000 -5.699800 0 11.343100 -0.200137 216.935000 1037.390000 -13 519 1 0 1.000000
4.244280 0.415162 0 9.604950 -39.974700 234.405000 1037.150000 -13 520 1 0 1.000000
-27.315100 -4.564980 0 -4.127150 1.899860 195.447000 1037.320000 -13 521 1 0 1.000000
-10.922700 -11.898500 0 -1.270530 1.879430 202.306000 1037.410000 -13 522 1 0 1.000000
-9.646940 -14.699300 0 11.981800 -7.045460 208.983000 1037.210000 -13 523 1 0 1.000000
-3.947700 -1.478290 0 15.435700 9.585100 216.139000 1037.330000 -13 524 1 0 1.000000
9.066090 -2.470910 0 19.885800 -4.735240 190.718000 1037.350000 -13 525 1 0 1.000000
-12.347600 -9.541300 0 -5.398570 7.509860 211.316000 1037.250000 -13 526 1 0 1.000000
-11.312400 6.943320 0 4.152280 16.466000 210.168000 1037.320000 -13 527 1 0 1.000000
5.491520 -15.377700 0 -2.317250 -10.561500 201.068000 1037.160000 -13 528 1 0 1.000000
-19.032900 -15.119000 0 -9.599570 -18.920900 184.061000 1037.210000 -13 529 1 0 1.000000
-2.387300 -16.811800 0 5.776880 -17.060200 193.573000 1037.240000 -13 530 1 0 1.000000
-14.332100 -5.640390 0 -5.781750 -4.965580 199.773000 1037.280000 -13 531 1 0 1.000000
-0.287049 -6.025030 0 -1.980300 -1.969790 218.022000 1037.200000 -13 532 1 0 1.000000
-6.023600 -15.228400 0 7.311000 -5.393320 194.552000 1037.150000 -13 533 1 0 1.000000
-6.134810 -9.491900 0 -10.810400 -7.104960 218.992000 1037.060000 -13 534 1 0 1.000000
-17.360100 -12.456800 0 -10.044100 5.488640 202.920000 1037.230000 -13 535 1 0 1.000000
-0.575108 -7.538060 0 -3.396860 20.557600 207.165000 1037.370000 -13 536 1 0 1.000000
-2.357930 -4.225300 0 -0.660530 -0.858279 193.636000 1037.400000 -13 537 1 0 1.000000
-27.525500 -8.319360 0 -15.135300 3.626100 207.540000 1037.280000 -13 538 1 0 1.000000
-7.772010 -6.850540 0 6.742910 -4.845620 199.646000 1037.260000 -13 539 1 0 1.000000
-4.011410 -12.556000 0 -2.569280 1.541080 197.486000 1037.150000 -13 540 1 0 1.000000
8.356700 -7.410080 0 7.869520 5.692820 203.995000 1037.340000 -13 541 1 0 1.000000
-8.386340 -17.073600 0 -12.730200 14.634900 215.063000 1037.000000 -13 542 1 0 1.000000
4.857740 -12.651600 0 0.250470 -13.360300 202.053000 1037.360000 -13 543 1 0 1.000000
-11.765500 -17.574800 0 1.242280 41.630800 198.981000 1037.280000 -13 544 1 0 1.000000
0.596085 -5.588740 0 -9.190690 2.574220 204.826000 1037.020000 -13 545 1 0 1.000000
-8.472710 -4.917320 0 10.394000 -27.102100 201.074000 1037.250000 -13 546 1 0 1.000000
5.473840 -19.524200 0 1.416470 3.164310 198.379000 1037.210000 -13 547 1 0 1.000000
-19.247500 -0.590624 0 1.488110 -3.914640 214.882000 1037.280000 -13 548 1 0 1.000000
-0.384863 -7.552330 0 -2.393660 5.539760 193.271000 1037.170000 -13 549 1 0 1.000000
-7.814820 4.008910 0 -4.840890 -10.404000 207.020000 1037.330000 -13 550 1 0 1.000000
-1.780250 -10.042900 0 12.269500 2.135780 203.446000 1037.200000 -13 551 1 0 1.000000
-16.347500 -1.591570 0 4.975100 -8.041320 215.406000 1037.120000 -13 552 1 0 1.000000
-1.727420 -15.732800 0 -3.107470 -3.277110 217.482000 1037.120000 -13 553 1 0 1.000000
-12.531800 -6.632190 0 11.145700 -1.660230 196.275000 1037.250000 -13 554 1 0 1.000000
-0.798699 -3.780500 0 6.426910 -8.470150 210.660000 1037.380000 -13 555 1 0 1.000000
4.561480 -11.907100 0 -13.482700 -7.337650 210.361000 1037.370000 -13 556 1 0 1.000000
-5.278800 0.326593 0 -16.629900 3.776020 206.636000 1037.380000 -13 557 1 0 1.000000
-12.472000 -7.854380 0 -0.710821 -21.822700 209.580000 1037.370000 -13 558 1 0 1.000000
-1.991510 -4.954140 0 3.393320 -9.894230 201.762000 1037.170000 -13 559 1 0 1.000000
-8.213900 -10.989100 0 -0.457108 -14.890300 195.081000 1037.380000 -13 560 1 0 1.000000
-2.251370 -15.291800 0 2.315250 -1.693830 197.795000 1037.230000 -13 561 1 0 1.000000
-8.666190 -14.589200 0 10.529800 -8.720470 192.317000 1037.360000 -13 562 1 0 1.000000
-0.297738 -10.148000 0 4.512960 4.605400 196.337000 1037.080000 -13 563 1 0 1.000000
-10.198900 -14.597700 0 4.202540 -7.819580 198.762000 1037.430000 -13 564 1 0 1.000000
-1.141630 -7.900320 0 17.208800 1.162760 219.287000 1037.340000 -13 565 1 0 1.000000
-4.361650 -11.286300 0 -1.918730 3.059040 202.092000 1037.250000 -13 566 1 0 1.000000
-0.295996 6.704290 0 12.831200 -20.884100 208.264000 1037.160000 -13 567 1 0 1.000000
3.989640 -10.344900 0 -23.057500 11.185300 211.826000 1036.990000 -13 568 1 0 1.000000
-8.996000 1.361060 0 16.812200 0.835194 207.172000 1036.950000 -13 569 1 0 1.000000
-15.457500 -2.960980 0 0.943822 3.221450 216.570000 1037.000000 -13 570 1 0 1.000000
0.786605 -17.704300 0 -5.506100 -1.575010 195.470000 1037.090000 -13 571 1 0 1.000000
-12.827100 7.676210 0 21.562300 14.075700 211.397000 1037.100000 -13 572 1 0 1.000000
-1.185020 -14.207300 0 21.407800 -2.364420 184.470000 1037.300000 -13 573 1 0 1.000000
5.562750 1.196450 0 -12.481400 -1.033600 207.287000 1037.370000 -13 574 1 0 1.000000
-7.627190 -10.557300 0 -3.549530 -8.724150 186.082000 1037.330000 -13 575 1 0 1.000000
6.482080 -3.985740 0 12.093000 3.410190 195.286000 1037.090000 -13 576 1 0 1.000000
-1.012000 -3.020330 0 -15.980600 4.477290 199.634000 1037.420000 -13 577 1 0 1.000000
1.342020 1.179730 0 -4.426490 7.751570 201.311000 1037.360000 -13 578 1 0 1.000000
4.252290 -11.510500 0 -5.490600 4.805140 198.322000 1037.160000 -13 579 1 0 1.000000
6.374970 -11.965300 0 1.910230 7.989350 190.218000 1037.260000 -13 580 1 0 1.000000
-4.448430 -4.665570 0 27.795600 -17.443300 191.302000 1037.490000 -13 581 1 0 1.000000
-2.997240 -16.030400 0 -10.533200 -0.066081 203.076000 1037.300000 -13 582 1 0 1.000000
-22.444100 8.277400 0 20.825700 -17.513300 238.145000 1037.480000 -13 583 1 0 1.000000
-16.523000 -5.585280 0 -6.967690 -24.873600 215.557000 1037.290000 -13 584 1 0 1.000000
9.492750 1.101740 0 26.380900 -9.146460 189.098000 1037.350000 -13 585 1 0 1.000000
0.727838 -12.323700 0 -12.745400 -6.141220 216.067000 1037.070000 -13 586 1 0 1.000000
5.143840 -1.484130 0 -1.395670 2.710830 215.783000 1037.290000 -13 587 1 0 1.000000
1.792790 -8.677110 0 -5.242990 3.192860 191.739000 1037.430000 -13 588 1 0 1.000000
4.397760 -6.740930 0 -2.333860 -1.556580 207.120000 1037.360000 -13 589 1 0 1.000000
2.943000 -7.698140 0 18.485600 11.047100 186.602000 1037.290000 -13 590 1 0 1.000000
8.315220 11.165000 0 -5.385740 4.599560 189.477000 1037.220000 -13 591 1 0 1.000000
-13.617000 -0.196713 0 -15.991300 2.126140 194.225000 1037.130000 -13 592 1 0 1.000000
-7.671130 -16.224800 0 -13.020200 6.030620 192.393000 1037.170000 -13 593 1 0 1.000000
-18.241500 -7.023920 0 -20.120900 12.776000 219.983000 1037.200000 -13 594 1 0 1.000000
-8.433870 -17.939400 0 -11.349500 9.856930 225.353000 1037.300000 -13 595 1 0 1.000000
-7.757890 -4.335340 0 1.657600 -16.433800 199.686000 1037.360000 -13 596 1 0 1.000000
3.448320 -4.940010 0 -6.711910 -13.507400 191.813000 1037.190000 -13 597 1 0 1.000000
-1.628300 -9.925880 0 30.527100 -4.628930 209.185000 1037.250000 -13 598 1 0 1.000000
1.483190 -5.208070 0 -0.321219 -3.219260 190.630000 1037.320000 -13 599 1 0 1.000000
-0.377274 -5.498390 0 4.956120 -18.399800 199.497000 1037.280000 -13 600 1 0 1.000000
-4.073590 -8.256200 0 -0.779507 9.024070 197.577000 1037.260000 -13 601 1 0 1.000000
-3.167710 0.414661 0 -4.500990 1.564360 208.453000 1037.360000 -13 602 1 0 1.000000
3.636610 0.588803 0 -3.176870 -1.627930 212.626000 1037.280000 -13 603 1 0 1.000000
-24.244300 2.482050 0 -4.817460 -0.262744 215.445000 1037.260000 -13 604 1 0 1.000000
-4.116170 -2.929970 0 -6.030120 0.291327 189.996000 1037.280000 -13 605 1 0 1.000000
9.107840 -9.468090 0 -0.763562 -1.596240 206.392000 1037.210000 -13 606 1 0 1.000000
-11.223900 -6.366390 0 12.061900 -5.607620 229.599000 1037.080000 -13 607 1 0 1.000000
-12.385600 -11.639900 0 14.949900 -5.086330 203.144000 1037.360000 -13 608 1 0 1.000000
6.955910 -8.380250 0 0.912703 1.381210 204.482000 1037.220000 -13 609 1 0 1.000000
-13.722400 -9.897430 0 -11.591000 3.071020 210.983000 1037.120000 -13 610 1 0 1.000000
2.388280 3.438520 0 -9.430190 -10.986500 206.289000 1037.370000 -13 611 1 0 1.000000
-13.567200 -8.734090 0 13.501800 0.097950 203.909000 1037.350000 -13 612 1 0 1.000000
25.367600 -8.515500 0 -16.263100 -2.650370 196.853000 1037.330000 -13 613 1 0 1.000000
1.970850 -23.119200 0 14.367700 2.143670 207.668000 1037.390000 -13 614 1 0 1.000000
-0.926496 -0.048591 0 -5.732250 20.078100 210.293000 1037.190000 -13 615 1 0 1.000000
-0.060166 -0.324126 0 21.922900 -25.102200 231.531000 1037.270000 -13 616 1 0 1.000000
7.847480 -2.531750 0 0.287918 -10.859100 208.395000 1037.370000 -13 617 1 0 1.000000
0.018806 -4.974360 0 9.836420 -1.328870 203.957000 1037.450000 -13 618 1 0 1.000000
-13.214000 -7.684430 0 -9.298290 -1.426690 188.627000 1037.100000 -13 619 1 0 1.000000
-13.065700 -10.107900 0 -10.069800 2.023780 193.958000 1037.380000 -13 620 1 0 1.000000
-13.046700 -3.793680 0 23.764500 -2.596280 210.781000 1037.110000 -13 621 1 0 1.000000
10.685200 -14.660600 0 3.955880 -14.885900 193.054000 1037.080000 -13 622 1 0 1.000000
-8.120840 -3.105340 0 6.080840 5.786280 208.873000 1037.260000 -13 623 1 0 1.000000
-8.306540 -3.717540 0 14.691000 -4.342330 208.721000 1037.390000 -13 624 1 0 1.000000
-2.246890 -1.148810 0 -6.315070 -7.962160 202.783000 1037.270000 -13 625 1 0 1.000000
-14.754700 -5.990150 0 -8.110770 4.124430 215.389000 1037.320000 -13 626 1 0 1.000000
-11.266200 1.624770 0 -9.322750 5.173030 203.077000 1037.210000 -13 627 1 0 1.000000
8.408400 4.898430 0 9.147940 12.756200 213.780000 1037.250000 -13 628 1 0 1.000000
0.639808 -17.090500 0 -6.645990 -0.805499 193.430000 1037.090000 -13 629 1 0 1.000000
-1.484270 -0.110518 0 27.236300 -2.014200 205.648000 1037.130000 -13 630 1 0 1.000000
-13.460200 1.590470 0 -2.828720 5.655990 198.343000 1037.270000 -13 631 1 0 1.000000
-6.508540 -5.683690 0 3.336020 -17.204900 196.315000 1037.190000 -13 632 1 0 1.000000
-12.752400 -5.157990 0 -16.591300 25.291000 214.360000 1037.220000 -13 633 1 0 1.000000
-14.921400 -7.204470 0 11.356900 0.496980 197.526000 1037.230000 -13 634 1 0 1.000000
-14.780000 -4.170410 0 -4.703380 -0.188103 213.294000 1037.260000 -13 635 1 0 1.000000
-25.608400 -1.916690 0 8.576660 -13.014000 198.087000 1037.550000 -13 636 1 0 1.000000
-12.539000 6.740870 0 -2.059090 -9.037570 199.464000 1037.300000 -13 637 1 0 1.000000
1.998640 3.800220 0 -14.029300 -11.207200 194.546000 1037.310000 -13 638 1 0 1.000000
-5.507710 -7.340320 0 -5.508960 10.715000 200.732000 1037.290000 -13 639 1 0 1.000000
-23.887500 -8.814380 0 -3.714130 -8.315700 201.884000 1037.280000 -13 640 1 0 1.000000
-10.768500 -15.110900 0 -6.736610 -3.422930 195.340000 1037.340000 -13 641 1 0 1.000000
-10.807500 -3.688660 0 16.509500 0.416434 203.954000 1037.350000 -13 642 1 0 1.000000
-13.158100 8.325640 0 -5.424060 -8.238510 198.972000 1037.440000 -13 643 1 0 1.000000
-6.892550 -5.794720 0 20.508500 -3.506650 200.811000 1037.300000 -13 644 1 0 1.000000
0.300059 -2.299360 0 2.675470 -8.244150 205.995000 1037.130000 -13 645 1 0 1.000000
-14.697600 -10.117700 0 3.087400 2.924070 232.308000 1037.350000 -13 646 1 0 1.000000
-11.784400 -0.955771 0 -6.846720 -5.587940 191.511000 1037.250000 -13 647 1 0 1.000000
-4.072480 -10.073600 0 -11.392400 6.962110 192.832000 1037.300000 -13 648 1 0 1.000000
-9.155840 -0.858540 0 -7.349920 6.412180 195.421000 1037.110000 -13 649 1 0 1.000000
-3.252640 -13.562800 0 22.926800 -2.448270 208.090000 1037.050000 -13 650 1 0 1.000000
-14.530000 -3.984280 0 9.928550 2.592000 197.294000 1037.280000 -13 651 1 0 1.000000
-16.533300 10.650800 0 3.409800 4.493770 202.133000 1037.250000 -13 652 1 0 1.000000
-10.524000 -3.697600 0 11.782100 18.407100 217.980000 1037.620000 -13 653 1 0 1.000000
-3.127300 -10.517600 0 13.680700 -0.224370 212.214000 1037.530000 -13 654 1 0 1.000000
-6.984040 1.846780 0 5.333260 -9.249050 204.033000 1037.330000 -13 655 1 0 1.000000
10.000400 -4.873850 0 -37.307100 -5.201680 226.393000 1036.930000 -13 656 1 0 1.000000
-7.930350 -7.454580 0 5.365840 -13.659500 211.982000 1037.280000 -13 657 1 0 1.000000
1.105770 1.488160 0 13.945800 -12.586000 188.376000 1037.170000 -13 658 1 0 1.000000
-10.158500 -18.915000 0 -12.390400 -30.754100 207.478000 1037.370000 -13 659 1 0 1.000000
11.258000 7.303750 0 1.281250 -14.394000 212.171000 1037.340000 -13 660 1 0 1.000000
-14.777800 -8.907720 0 23.443200 6.590690 207.727000 1037.370000 -13 661 1 0 1.000000
1.435350 -6.137290 0 -3.855340 -4.074550 209.177000 1037.110000 -13 662 1 0 1.000000
-5.265110 3.698610 0 -1.238540 -6.322630 197.131000 1037.430000 -13 663 1 0 1.000000
1.714020 -5.927240 0 -3.975230 14.535100 195.969000 1037.350000 -13 664 1 0 1.000000
-6.724970 -2.136720 0 -3.760490 -4.526210 212.846000 1037.270000 -13 665 1 0 1.000000
-12.739800 -3.805230 0 15.637800 -12.586000 189.221000 1037.380000 -13 666 1 0 1.000000
3.493150 -16.359900 0 9.603820 -10.281100 209.729000 1037.110000 -13 667 1 0 1.000000
-0.755907 -6.278700 0 10.994400 1.486920 199.264000 1037.260000 -13 668 1 0 1.000000
14.989700 -13.076000 0 -7.939000 -8.258140 206.223000 1037.330000 -13 669 1 0 1.000000
-13.539100 -12.228100 0 -5.078120 -1.420220 192.063000 1037.290000 -13 670 1 0 1.000000
-11.348300 -18.027400 0 -19.811700 0.229189 190.223000 1037.230000 -13 671 1 0 1.000000
0.376790 -4.306190 0 4.920340 5.361380 198.210000 1037.270000 -13 672 1 0 1.000000
2.143580 -15.487900 0 1.030670 -3.039560 199.778000 1037.200000 -13 673 1 0 1.000000
-25.540000 -4.538840 0 0.902839 10.799500 222.043000 1037.140000 -13 674 1 0 1.000000
-21.254800 -14.271000 0 -24.002000 13.159400 210.002000 1037.190000 -13 675 1 0 1.000000
-4.314490 -1.652500 0 21.315800 6.703570 206.763000 1037.280000 -13 676 1 0 1.000000
-3.310920 0.980092 0 -24.415800 -8.847790 193.263000 1037.070000 -13 677 1 0 1.000000
-10.829000 -12.919900 0 -17.863800 -10.421100 208.963000 1037.090000 -13 678 1 0 1.000000
-0.481938 5.030800 0 6.895000 6.682130 202.082000 1037.080000 -13 679 1 0 1.000000
11.469500 -12.860400 0 0.499256 9.822970 214.518000 1037.190000 -13 680 1 0 1.000000
0.891383 -2.558740 0 -5.549420 -18.028400 196.806000 1037.230000 -13 681 1 0 1.000000
15.751700 -3.740440 0 3.320860 4.637400 208.474000 1037.370000 -13 682 1 0 1.000000
6.662680 3.581350 0 -5.929260 7.487010 216.911000 1037.080000 -13 683 1 0 1.000000
-8.870770 -14.358900 0 -0.563840 1.355500 204.898000 1037.330000 -13 684 1 0 1.000000
-3.743630 -4.979830 0 -8.750780 -7.910790 213.834000 1037.200000 -13 685 1 0 1.000000
-2.370890 -6.409500 0 -5.401590 0.189534 191.722000 1037.160000 -13 686 1 0 1.000000
-1.796840 5.918350 0 -6.129680 -7.342650 193.773000 1037.400000 -13 687 1 0 1.000000
-6.229410 -0.336453 0 21.601400 -8.204790 213.153000 1037.050000 -13 688 1 0 1.000000
-9.035050 -3.280970 0 1.510070 -5.875870 205.459000 1037.160000 -13 689 1 0 1.000000
-13.623800 -4.514650 0 4.050980 -7.993780 224.474000 1037.330000 -13 690 1 0 1.000000
-5.250230 -0.506730 0 0.216176 -2.980630 206.396000 1037.380000 -13 691 1 0 1.000000
0.030735 -9.838570 0 8.689530 -7.062460 192.040000 1037.370000 -13 692 1 0 1.000000
-11.326300 -18.419900 0 5.513050 18.344300 201.705000 1037.090000 -13 693 1 0 1.000000
-16.409200 -13.026200 0 -5.442400 15.791000 206.806000 1037.320000 -13 694 1 0 1.000000
-2.469110 8.783320 0 2.250470 11.150900 209.019000 1037.250000 -13 695 1 0 1.000000
-3.011590 -7.065470 0 -7.138410 -0.549412 196.557000 1037.210000 -13 696 1 0 1.000000
3.251490 -9.502780 0 4.404230 -1.388330 192.678000 1037.190000 -13 697 1 0 1.000000
0.311564 -14.378500 0 -10.661400 4.670370 200.434000 1036.980000 -13 698 1 0 1.000000
-17.820000 -17.082700 0 3.993540 3.263760 206.970000 1037.340000 -13 699 1 0 1.000000
-0.745285 -8.049950 0 -16.109100 -5.055880 201.529000 1037.200000 -13 700 1 0 1.000000
-7.534970 -2.367900 0 4.280400 6.443020 201.952000 1037.200000 -13 701 1 0 1.000000
2.990930 -10.011900 0 5.772580 18.623200 196.143000 1037.190000 -13 702 1 0 1.000000
-9.616010 -1.471980 0 -9.033670 12.813600 203.427000 1037.480000 -13 703 1 0 1.000000
-4.306420 -9.588940 0 0.221254 -6.068350 200.363000 1037.350000 -13 704 1 0 1.000000
-11.853600 -6.936130 0 -10.965900 6.881390 201.583000 1037.370000 -13 705 1 0 1.000000
-5.067660 6.892540 0 14.038300 11.320400 209.840000 1037.210000 -13 706 1 0 1.000000
13.122900 -6.090120 0 19.770900 4.125550 225.046000 1037.140000 -13 707 1 0 1.000000
-0.198902 -9.143180 0 2.293890 3.583390 212.835000 1037.030000 -13 708 1 0 1.000000
-14.514300 -4.000700 0 -6.353370 6.545210 220.357000 1037.090000 -13 709 1 0 1.000000
-10.586200 -5.533410 0 -6.475120 5.882470 191.193000 1037.150000 -13 710 1 0 1.000000
-8.622350 -8.229120 0 11.760500 3.710330 201.966000 1037.070000 -13 711 1 0 1.000000
2.410280 -9.584910 0 -10.291300 -15.528900 211.242000 1037.400000 -13 712 1 0 1.000000
-14.542000 -15.859200 0 -26.281300 3.699810 202.836000 1037.300000 -13 713 1 0 1.000000
-5.674050 -9.394380 0 20.500500 14.819600 209.072000 1037.390000 -13 714 1 0 1.000000
-3.619820 1.045770 0 -4.927640 -5.712420 203.661000 1037.230000 -13 715 1 0 1.000000
-5.697250 0.397431 0 13.570600 -6.379760 210.907000 1037.330000 -13 716 1 0 1.000000
7.004290 -2.931330 0 7.683240 -8.315110 206.773000 1037.230000 -13 717 1 0 1.000000
5.518710 -12.946200 0 -9.578600 -5.320470 197.212000 1037.310000 -13 718 1 0 1.000000
-3.457550 -20.864800 0 -11.779400 -7.061410 207.738000 1037.000000 -13 719 1 0 1.000000
-10.425800 -14.067100 0 -12.572100 0.015388 207.061000 1037.400000 -13 720 1 0 1.000000
-13.631200 -10.943400 0 -24.984400 -5.980710 213.426000 1037.210000 -13 721 1 0 1.000000
-26.698400 -0.965529 0 -8.821680 -19.473200 223.086000 1037.210000 -13 722 1 0 1.000000
-5.455650 -9.368710 0 3.269360 3.266030 211.448000 1037.090000 -13 723 1 0 1.000000
-6.748120 -15.365300 0 -30.221000 4.993780 238.925000 1037.180000 -13 724 1 0 1.000000
0.597781 -11.280300 0 -13.517100 11.834300 202.629000 1037.430000 -13 725 1 0 1.000000
-8.772180 -15.177600 0 -22.764900 -10.185000 210.691000 1037.180000 -13 726 1 0 1.000000
-4.361740 -8.197300 0 -5.733600 -4.589700 215.585000 1037.100000 -13 727 1 0 1.000000
-4.418370 -14.167500 0 -8.263440 23.227100 230.090000 1037.120000 -13 728 1 0 1.000000
10.447500 -4.330080 0 -2.265440 -4.299260 185.135000 1037.550000 -13 729 1 0 1.000000
4.395330 -10.980300 0 -26.680400 -27.157500 219.473000 1037.230000 -13 730 1 0 1.000000
3.321870 -6.941100 0 -0.193699 -1.082910 200.238000 1037.290000 -13 731 1 0 1.000000
-8.363870 -14.683800 0 -9.479090 -5.117490 207.801000 1037.450000 -13 732 1 0 1.000000
1.979980 -11.832200 0 -20.307600 26.958300 204.402000 1037.230000 -13 733 1 0 1.000000
-10.286200 -9.560960 0 -28.596800 9.082280 218.094000 1037.230000 -13 734 1 0 1.000000
-3.046190 -19.046900 0 -6.551680 -21.386700 202.873000 1037.390000 -13 735 1 0 1.000000
-3.289680 -11.077800 0 -2.923650 8.313590 196.048000 1037.170000 -13 736 1 0 1.000000
-12.546100 -2.405950 0 -12.653900 7.546980 211.292000 1037.270000 -13 737 1 0 1.000000
2.947790 -10.449400 0 46.292200 -9.297260 218.710000 1037.160000 -13 738 1 0 1.000000
-6.856430 -4.721730 0 20.039000 -10.376000 195.011000 1037.370000 -13 739 1 0 1.000000
-23.048400 -5.358920 0 3.285050 9.023100 205.025000 1037.140000 -13 740 1 0 1.000000
-14.904600 -1.207190 0 -7.298300 -11.425400 205.889000 1037.410000 -13 741 1 0 1.000000
-16.538500 9.305630 0 -0.940418 18.645100 203.893000 1037.000000 -13 742 1 0 1.000000
-2.116510 0.423772 0 -21.279800 33.151600 218.883000 1037.260000 -13 743 1 0 1.000000
-17.603300 -9.452050 0 -3.365940 2.843460 193.190000 1037.370000 -13 744 1 0 1.000000
-11.224700 -5.435300 0 7.710730 22.312000 223.722000 1037.230000 -13 745 1 0 1.000000
-0.403448 -3.044780 0 4.536000 11.598700 192.168000 1037.170000 -13 746 1 0 1.000000
-18.760200 -3.237250 0 15.745800 1.214360 189.283000 1037.230000 -13 747 1 0 1.000000
-5.509200 -10.112500 0 -11.920800 -16.576800 209.776000 1037.300000 -13 748 1 0 1.000000
3.115170 29.456900 0 -2.967080 7.765850 210.969000 1037.010000 -13 749 1 0 1.000000
-14.415700 2.082410 0 0.903422 12.796700 219.513000 1036.990000 -13 750 1 0 1.000000
-0.017345 -7.327120 0 -2.234140 -0.967380 220.467000 1037.220000 -13 751 1 0 1.000000
-11.574700 0.479903 0 -23.261700 -7.968410 187.010000 1037.120000 -13 752 1 0 1.000000
-11.763000 0.915058 0 4.354570 6.712200 211.300000 1037.040000 -13 753 1 0 1.000000
-9.586700 4.686870 0 6.548410 -22.646500 209.639000 1037.030000 -13 754 1 0 1.000000
-12.418000 -9.925530 0 -9.853260 2.838470 196.687000 1037.340000 -13 755 1 0 1.000000
-6.144130 -5.595540 0 -2.767100 -6.239930 191.284000 1037.220000 -13 756 1 0 1.000000
-0.242755 -10.717600 0 -1.877470 4.101870 207.484000 1037.360000 -13 757 1 0 1.000000
0.207666 -11.943400 0 29.543700 -7.053470 191.076000 1037.580000 -13 758 1 0 1.000000
-6.586420 -12.859100 0 8.879880 11.224900 202.431000 1037.330000 -13 759 1 0 1.000000
6.350890 -12.760800 0 15.065200 -13.192500 193.865000 1037.210000 -13 760 1 0 1.000000
2.977490 -0.915176 0 20.947100 -14.604400 204.119000 1037.380000 -13 761 1 0 1.000000
-8.164030 -6.471760 0 3.548190 -1.651560 195.083000 1037.320000 -13 762 1 0 1.000000
-11.492700 -9.418850 0 -29.567900 8.841110 214.914000 1037.480000 -13 763 1 0 1.000000
1.525910 -9.968280 0 -24.759400 -1.000780 195.313000 1037.250000 -13 764 1 0 1.000000
-10.137600 -10.675800 0 -0.358934 24.919000 226.562000 1037.030000 -13 765 1 0 1.000000
-12.580700 -2.039720 0 26.229800 -7.457020 210.220000 1037.330000 -13 766 1 0 1.000000
-1.375130 -6.206280 0 12.662000 9.186130 205.072000 1037.380000 -13 767 1 0 1.000000
11.689700 -10.566700 0 22.183600 -25.190100 196.182000 1037.330000 -13 768 1 0 1.000000
-9.588180 -5.236950 0 22.882000 -15.674700 206.098000 1037.140000 -13 769 1 0 1.000000
-4.003270 -6.520150 0 -7.312670 11.802200 187.975000 1037.290000 -13 770 1 0 1.000000
-11.937800 -5.500640 0 7.812150 -4.100970 201.492000 1037.320000 -13 771 1 0 1.000000
-5.963970 -17.373400 0 -12.943200 15.480600 189.475000 1037.330000 -13 772 1 0 1.000000
-1.992950 -0.332597 0 -6.624600 7.835560 185.987000 1037.340000 -13 773 1 0 1.000000
7.294670 -3.038270 0 -6.737220 3.586190 213.171000 1037.300000 -13 774 1 0 1.000000
-15.733900 -7.466030 0 -11.804300 3.175590 191.491000 1037.380000 -13 775 1 0 1.000000
-10.772700 -12.497500 0 -8.512550 -3.132880 194.483000 1037.330000 -13 776 1 0 1.000000
-21.122500 0.697530 0 1.450900 -15.662800 221.150000 1037.290000 -13 777 1 0 1.000000
-11.516900 0.612556 0 7.245840 -9.955180 194.130000 1037.450000 -13 778 1 0 1.000000
-3.149980 -20.251900 0 -14.390800 -21.642400 196.557000 1037.140000 -13 779 1 0 1.000000
-4.325420 -7.842590 0 -21.632300 -16.645700 203.129000 1037.380000 -13 780 1 0 1.000000
-8.896530 16.094900 0 3.420330 -4.116160 213.390000 1037.320000 -13 781 1 0 1.000000
-14.075700 -9.207160 0 6.923240 -3.055790 205.987000 1037.170000 -13 782 1 0 1.000000
-12.813200 -3.782200 0 33.853200 1.362660 203.827000 1037.460000 -13 783 1 0 1.000000
-3.919580 5.484000 0 6.771760 1.657600 202.087000 1037.060000 -13 784 1 0 1.000000
7.874560 -2.514080 0 -2.048300 15.882600 193.742000 1037.180000 -13 785 1 0 1.000000
-7.841450 -15.476900 0 -8.426500 -9.745120 194.085000 1037.350000 -13 786 1 0 1.000000
3.536520 -8.642280 0 -13.920300 -16.590300 211.655000 1037.240000 -13 787 1 0 1.000000
-0.301300 -7.893790 0 -9.886720 -0.737124 186.211000 1037.300000 -13 788 1 0 1.000000
-21.550100 -3.413590 0 32.921000 -11.005600 215.719000 1037.560000 -13 789 1 0 1.000000
7.393870 -3.941890 0 2.234010 0.170612 197.341000 1037.350000 -13 790 1 0 1.000000
-0.031675 -2.224570 0 -0.684590 2.876290 201.169000 1037.400000 -13 791 1 0 1.000000
-5.654050 -16.012000 0 -30.676900 -9.916730 206.905000 1037.330000 -13 792 1 0 1.000000
6.192480 -8.802700 0 -0.718040 -2.276800 192.314000 1037.500000 -13 793 1 0 1.000000
-12.478500 -14.229800 0 -9.926550 4.419810 207.502000 1037.330000 -13 794 1 0 1.000000
-3.100150 17.369000 0 3.855940 2.859480 212.106000 1037.050000 -13 795 1 0 1.000000
-20.692900 -34.651900 0 -11.284700 -10.393800 189.352000 1037.180000 -13 796 1 0 1.000000
7.663620 -13.685600 0 8.970990 -5.559250 190.308000 1037.200000 -13 797 1 0 1.000000
-4.875900 -7.515660 0 17.076900 13.105500 191.464000 1037.350000 -13 798 1 0 1.000000
8.710280 -5.078650 0 -7.179000 -4.813560 212.476000 1037.160000 -13 799 1 0 1.000000
-12.120200 -9.954110 0 -10.049200 -2.463600 202.736000 1037.110000 -13 800 1 0 1.000000
2.058900 -6.637320 0 6.611490 4.343120 191.708000 1037.360000 -13 801 1 0 1.000000
7.770630 1.834220 0 15.581500 -19.553100 200.696000 1037.130000 -13 802 1 0 1.000000
0.356780 -5.040890 0 7.945060 -16.444000 199.731000 1037.110000 -13 803 1 0 1.000000
-11.485000 -12.032200 0 10.809100 -4.408530 204.819000 1037.300000 -13 804 1 0 1.000000
-14.716400 -8.437240 0 -0.172070 9.380740 217.598000 1036.940000 -13 805 1 0 1.000000
-23.077300 -15.496300 0 -3.897650 -12.109300 207.745000 1037.550000 -13 806 1 0 1.000000
-8.386910 -16.476400 0 -11.275600 -0.851600 183.008000 1037.260000 -13 807 1 0 1.000000
-10.128800 -8.927950 0 6.795990 -4.222520 197.115000 1037.410000 -13 808 1 0 1.000000
-6.098680 -12.946300 0 -13.076100 -0.145127 201.036000 1037.340000 -13 809 1 0 1.000000
-7.489870 -4.891140 0 -10.950900 -1.137110 197.271000 1036.880000 -13 810 1 0 1.000000
-10.954100 -18.186900 0 -10.643700 12.723100 209.702000 1037.140000 -13 811 1 0 1.000000
6.189640 -8.858030 0 15.512200 5.625470 183.620000 1037.230000 -13 812 1 0 1.000000
-16.173800 -13.592200 0 -16.759100 -5.858600 201.059000 1037.030000 -13 813 1 0 1.000000
-7.998460 -12.586600 0 -6.914900 -3.360670 201.502000 1037.350000 -13 814 1 0 1.000000
-4.998540 -1.731700 0 -3.752610 -3.142830 191.472000 1037.060000 -13 815 1 0 1.000000
6.338300 -15.546300 0 5.484430 -3.164460 197.522000 1037.220000 -13 816 1 0 1.000000
2.215720 -0.275679 0 5.286420 -1.370990 198.612000 1037.250000 -13 817 1 0 1.000000
-6.035100 -18.042800 0 24.901700 -7.488010 198.715000 1037.390000 -13 818 1 0 1.000000
3.802000 7.429430 0 14.348100 -0.958512 191.667000 1037.220000 -13 819 1 0 1.000000
3.340790 -6.066990 0 -11.118400 21.402500 195.186000 1037.400000 -13 820 1 0 1.000000
1.308100 -9.802880 0 5.204260 18.827200 196.895000 1037.370000 -13 821 1 0 1.000000
-14.393500 -22.488600 0 -6.430890 6.130370 196.658000 1037.510000 -13 822 1 0 1.000000
-1.669260 -10.039800 0 -17.718900 -9.817740 212.806000 1037.250000 -13 823 1 0 1.000000
-23.585200 -26.269600 0 5.960280 3.444850 208.673000 1037.230000 -13 824 1 0 1.000000
-5.765620 -6.280540 0 10.710000 -4.167330 201.650000 1037.120000 -13 825 1 0 1.000000
-4.283540 -4.113000 0 8.970180 -7.435900 194.806000 1037.160000 -13 826 1 0 1.000000
-14.509900 -8.507680 0 -2.233550 -6.084410 212.037000 1037.280000 -13 827 1 0 1.000000
-20.016300 -12.560200 0 -8.470690 -10.336800 206.996000 1037.490000 -13 828 1 0 1.000000
0.618073 -11.968500 0 -12.821300 0.568183 196.436000 1037.080000 -13 829 1 0 1.000000
-8.554010 -10.491900 0 21.990300 -3.547280 193.444000 1037.610000 -13 830 1 0 1.000000
-13.428600 1.553910 0 14.058500 0.409675 213.213000 1037.420000 -13 831 1 0 1.000000
-12.503100 12.385600 0 -10.870000 17.670000 196.063000 1037.140000 -13 832 1 0 1.000000
0.118748 -6.309270 0 -22.396200 -7.839530 206.218000 1037.480000 -13 833 1 0 1.000000
-9.679150 -5.476140 0 -13.693100 -19.990300 206.568000 1037.470000 -13 834 1 0 1.000000
-7.664640 -8.624530 0 -5.186580 -22.191100 211.012000 1037.340000 -13 835 1 0 1.000000
1.407590 -16.592400 0 1.219150 4.847980 213.094000 1037.360000 -13 836 1 0 1.000000
1.618300 -15.127400 0 0.307975 -7.194060 208.632000 1037.040000 -13 837 1 0 1.000000
5.550190 0.331768 0 2.688980 -14.649500 205.423000 1037.150000 -13 838 1 0 1.000000
-5.800960 -13.698700 0 -9.243890 8.636420 221.696000 1037.280000 -13 839 1 0 1.000000
8.161790 -17.242700 0 -9.349870 2.216230 196.815000 1037.200000 -13 840 1 0 1.000000
-7.604940 -5.648940 0 2.517950 9.721920 202.454000 1037.070000 -13 841 1 0 1.000000
-9.989070 -5.666250 0 -8.689350 5.143100 222.899000 1037.270000 -13 842 1 0 1.000000
3.319130 -2.547760 0 -5.630400 4.568180 206.289000 1037.210000 -13 843 1 0 1.000000
-5.959990 -6.765140 0 1.383590 -20.154200 209.513000 1037.310000 -13 844 1 0 1.000000
9.083950 2.359260 0 -11.386700 -1.667200 227.557000 1037.380000 -13 845 1 0 1.000000
-1.022580 -19.586000 0 -21.693000 5.219920 221.832000 1037.280000 -13 846 1 0 1.000000
4.970350 -8.205100 0 3.090080 -20.770400 194.897000 1037.210000 -13 847 1 0 1.000000
-14.298300 -7.776470 0 13.662200 10.115500 208.663000 1037.370000 -13 848 1 0 1.000000
-3.538500 -7.433660 0 -2.742720 12.658600 196.119000 1037.140000 -13 849 1 0 1.000000
-11.099300 -3.982530 0 -2.466630 6.601160 197.964000 1037.130000 -13 850 1 0 1.000000
3.654600 -11.339000 0 4.720260 -14.086300 199.110000 1037.150000 -13 851 1 0 1.000000
3.082980 -30.014100 0 10.007100 4.307060 202.077000 1037.330000 -13 852 1 0 1.000000
-6.824320 -13.133500 0 -11.172200 -6.615040 206.519000 1037.030000 -13 853 1 0 1.000000
11.128100 -0.589502 0 -6.594130 5.338430 214.305000 1037.090000 -13 854 1 0 1.000000
-3.904680 -21.552000 0 -22.106400 -6.951040 225.077000 1037.150000 -13 855 1 0 1.000000
-3.087890 -8.922230 0 -7.617200 -9.846740 198.232000 1037.230000 -13 856 1 0 1.000000
-7.213070 -23.848800 0 -20.345100 -3.849760 201.875000 1037.340000 -13 857 1 0 1.000000
-2.520390 -11.706700 0 -9.972480 -18.470400 188.079000 1037.400000 -13 858 1 0 1.000000
-0.594096 1.460660 0 -12.466300 -12.110700 202.376000 1037.280000 -13 859 1 0 1.000000
-4.215130 -3.665680 0 19.440300 -6.191740 198.458000 1037.110000 -13 860 1 0 1.000000
-14.510100 -8.341830 0 9.070120 4.984150 202.210000 1037.280000 -13 861 1 0 1.000000
2.108350 -1.188600 0 8.885490 -17.660700 197.913000 1037.320000 -13 862 1 0 1.000000
-7.580610 -5.187640 0 3.816790 -8.353800 203.484000 1037.360000 -13 863 1 0 1.000000
-26.859500 2.780360 0 2.101850 -13.860200 204.837000 1037.170000 -13 864 1 0 1.000000
6.405660 -3.258610 0 18.041300 2.555180 197.128000 1037.170000 -13 865 1 0 1.000000
-11.832800 -15.357200 0 -0.358093 3.810530 192.889000 1037.260000 -13 866 1 0 1.000000
-5.240750 -9.828670 0 5.196790 11.575300 197.455000 1037.150000 -13 867 1 0 1.000000
-8.989280 -22.781500 0 12.019700 28.286600 211.989000 1037.090000 -13 868 1 0 1.000000
13.304100 -14.087800 0 1.674880 -14.640900 200.543000 1037.220000 -13 869 1 0 1.000000
-6.087570 -5.581340 0 -21.072000 7.221230 194.107000 1036.970000 -13 870 1 0 1.000000
-2.837720 -19.779000 0 -2.674350 27.574700 200.534000 1037.420000 -13 871 1 0 1.000000
-22.795700 -13.272900 0 -3.920810 23.254400 231.853000 1036.930000 -13 872 1 0 1.000000
-9.608720 -22.068600 0 -8.959070 -23.266300 214.333000 1037.100000 -13 873 1 0 1.000000
-0.756036 -18.191900 0 -17.213800 5.911290 197.691000 1037.410000 -13 874 1 0 1.000000
-1.931530 -8.254170 0 -18.557900 3.938290 184.504000 1037.200000 -13 875 1 0 1.000000
-0.612401 -8.944740 0 5.326150 4.434640 190.681000 1037.170000 -13 876 1 0 1.000000
3.975240 1.056160 0 -7.793230 1.489990 198.466000 1037.000000 -13 877 1 0 1.000000
-19.613200 -24.385500 0 -1.022810 22.786600 200.133000 1037.160000 -13 878 1 0 1.000000
-5.720960 -3.558110 0 -9.950480 -6.590360 213.814000 1037.220000 -13 879 1 0 1.000000
-22.797800 -8.235210 0 4.995880 -7.422820 210.516000 1037.250000 -13 880 1 0 1.000000
-11.670500 -16.192500 0 23.473800 -19.108900 215.389000 1037.200000 -13 881 1 0 1.000000
-8.598220 12.899400 0 10.802400 15.602100 204.010000 1037.070000 -13 882 1 0 1.000000
-18.947000 -14.442100 0 -6.717490 3.740830 191.765000 1037.460000 -13 883 1 0 1.000000
-18.587500 -17.763300 0 0.627198 6.929090 216.589000 1037.150000 -13 884 1 0 1.000000
-3.313970 -9.859170 0 -3.788760 -2.879560 209.987000 1037.270000 -13 885 1 0 1.000000
-0.170038 -6.554120 0 20.190700 -2.850830 205.941000 1037.340000 -13 886 1 0 1.000000
-0.076086 -12.876800 0 -4.896120 19.100900 202.091000 1037.080000 -13 887 1 0 1.000000
-6.007780 -2.602100 0 10.199600 13.264800 211.643000 1037.300000 -13 888 1 0 1.000000
6.276420 -17.005700 0 -8.622350 5.453590 205.285000 1037.290000 -13 889 1 0 1.000000
-0.745776 -7.831600 0 -2.168160 -1.583590 198.052000 1037.140000 -13 890 1 0 1.000000
-15.870800 1.069090 0 4.661500 -6.444940 194.057000 1037.350000 -13 891 1 0 1.000000
-8.085660 -1.486010 0 -0.459736 -3.359580 210.381000 1037.080000 -13 892 1 0 1.000000
-5.741200 -9.940270 0 1.410200 6.815540 194.549000 1037.260000 -13 893 1 0 1.000000
-13.043700 -16.257300 0 -18.539500 -1.268660 213.238000 1037.160000 -13 894 1 0 1.000000
-0.361911 -8.607180 0 5.157710 -24.799800 210.226000 1037.170000 -13 895 1 0 1.000000
5.046750 1.461510 0 -1.298590 -0.566274 212.905000 1037.200000 -13 896 1 0 1.000000
-5.520900 1.977750 0 2.316040 1.546710 203.746000 1037.180000 -13 897 1 0 1.000000
-0.872421 -4.552950 0 -0.854094 1.027850 203.221000 1037.190000 -13 898 1 0 1.000000
4.617090 -26.077600 0 17.246600 -10.066800 200.740000 1037.220000 -13 899 1 0 1.000000
-11.519900 -9.872560 0 -4.113740 -4.468210 207.745000 1037.240000 -13 900 1 0 1.000000
1.143740 -7.020290 0 -13.204300 -9.336780 198.662000 1037.560000 -13 901 1 0 1.000000
-2.509760 -4.601750 0 -13.528800 2.972630 207.613000 1037.260000 -13 902 1 0 1.000000
6.094630 -0.818403 0 -17.475100 0.394702 207.614000 1037.260000 -13 903 1 0 1.000000
-7.354470 16.808000 0 24.048400 -3.327800 206.320000 1037.360000 -13 904 1 0 1.000000
-30.250800 -5.704530 0 -1.633370 13.943900 216.576000 1037.120000 -13 905 1 0 1.000000
-17.002100 -5.336630 0 7.968130 -5.298770 210.610000 1037.260000 -13 906 1 0 1.000000
-15.006300 5.938840 0 -4.479350 -4.784550 206.712000 1037.320000 -13 907 1 0 1.000000
-0.718989 -8.109460 0 -0.761890 6.167440 199.261000 1037.500000 -13 908 1 0 1.000000
-5.413700 -13.694900 0 -14.356700 -16.456300 198.640000 1037.160000 -13 909 1 0 1.000000
-21.284000 -14.331600 0 -2.370520 1.489640 201.295000 1037.530000 -13 910 1 0 1.000000
-11.263400 -2.284950 0 -9.640010 -2.745820 217.745000 1037.380000 -13 911 1 0 1.000000
-8.642560 -5.285450 0 -2.088360 19.236900 217.007000 1037.290000 -13 912 1 0 1.000000
4.240800 -8.217580 0 9.049010 -4.664100 198.454000 1037.230000 -13 913 1 0 1.000000
-14.039500 -0.355161 0 1.104310 13.260100 199.614000 1037.290000 -13 914 1 0 1.000000
-4.602040 -2.311320 0 -2.112420 10.086400 214.386000 1037.180000 -13 915 1 0 1.000000
2.757820 4.045740 0 0.359111 -27.033600 205.558000 1037.310000 -13 916 1 0 1.000000
-4.344180 4.690220 0 -4.954990 -3.390220 205.956000 1037.290000 -13 917 1 0 1.000000
-12.140800 -14.133500 0 5.729470 -1.624800 198.410000 1037.050000 -13 918 1 0 1.000000
6.295840 -1.447610 0 1.010630 18.122200 198.312000 1037.120000 -13 919 1 0 1.000000
-1.953110 -13.175500 0 13.264700 -1.370100 196.395000 1037.290000 -13 920 1 0 1.000000
-19.292900 -18.109300 0 -15.873200 -28.318200 208.421000 1037.360000 -13 921 1 0 1.000000
-6.350390 -7.561830 0 -1.035260 -3.748860 198.656000 1037.190000 -13 922 1 0 1.000000
-5.601220 -12.251100 0 0.263730 25.278800 209.864000 1037.360000 -13 923 1 0 1.000000
-9.886320 3.730050 0 -5.520970 8.542600 201.728000 1037.230000 -13 924 1 0 1.000000
1.315280 -3.951500 0 -0.835121 -4.830690 199.937000 1037.170000 -13 925 1 0 1.000000
-16.781700 -2.178270 0 8.707210 25.137900 205.630000 1037.340000 -13 926 1 0 1.000000
4.787600 -1.690530 0 12.081000 -1.421760 194.308000 1037.130000 -13 927 1 0 1.000000
-7.618660 -10.523600 0 12.250800 12.287700 201.248000 1037.160000 -13 928 1 0 1.000000
3.744870 -5.666950 0 -0.336531 -3.561490 211.702000 1037.210000 -13 929 1 0 1.000000
-18.121900 -4.825020 0 -2.570300 11.821100 210.147000 1037.310000 -13 930 1 0 1.000000
3.121190 -7.307800 0 17.625300 -6.276900 195.016000 1037.270000 -13 931 1 0 1.000000
3.033850 -5.946520 0 7.710370 -10.375700 194.904000 1037.330000 -13 932 1 0 1.000000
-0.226006 -15.394000 0 19.817700 -7.653010 189.177000 1037.180000 -13 933 1 0 1.000000
-8.337350 -11.166400 0 6.145990 -16.718000 201.892000 1037.420000 -13 934 1 0 1.000000
-3.725020 -5.571660 0 9.170640 -3.141140 206.735000 1037.260000 -13 935 1 0 1.000000
-0.459882 -9.622190 0 -14.369600 6.449920 194.178000 1037.220000 -13 936 1 0 1.000000
-30.764500 -10.165600 0 -2.869110 2.497780 209.616000 1037.070000 -13 937 1 0 1.000000
1.896190 -6.915010 0 -19.939900 -5.461860 197.646000 1037.050000 -13 938 1 0 1.000000
-6.881960 -1.950570 0 4.655960 -7.736240 198.584000 1037.260000 -13 939 1 0 1.000000
-17.284600 -8.242310 0 2.152980 19.125000 207.358000 1036.940000 -13 940 1 0 1.000000
-19.914700 -7.139880 0 0.211000 1.753210 196.798000 1037.030000 -13 941 1 0 1.000000
-4.952710 -22.214000 0 -1.028060 -8.438640 201.606000 1037.440000 -13 942 1 0 1.000000
1.249630 -8.387540 0 2.888530 -3.136160 204.537000 1037.300000 -13 943 1 0 1.000000
-3.089350 -6.656570 0 6.165250 7.692330 208.585000 1037.120000 -13 944 1 0 1.000000
-12.028300 1.346400 0 20.872000 -7.091000 206.310000 1037.310000 -13 945 1 0 1.000000
10.000300 -5.607990 0 15.116000 -6.694320 206.178000 1037.200000 -13 946 1 0 1.000000
-5.168190 7.477930 0 1.153180 -17.066500 199.610000 1037.280000 -13 947 1 0 1.000000
-9.032940 -7.363010 0 2.085960 2.527130 209.336000 1037.390000 -13 948 1 0 1.000000
-7.263710 -9.539330 0 -10.141300 -5.378970 206.936000 1037.190000 -13 949 1 0 1.000000
-16.757900 5.370580 0 -12.785300 -5.721840 201.385000 1037.070000 -13 950 1 0 1.000000
11.465900 -22.770800 0 -0.951895 9.564170 181.193000 1037.350000 -13 951 1 0 1.000000
-7.889430 3.748980 0 7.500130 20.616200 202.185000 1037.280000 -13 952 1 0 1.000000
-12.641800 -2.481580 0 -10.586100 -7.351720 210.228000 1037.170000 -13 953 1 0 1.000000
-15.604400 -7.209350 0 8.529410 -11.723000 218.163000 1037.250000 -13 954 1 0 1.000000
-0.575160 -4.460840 0 -10.728700 -0.734131 206.270000 1037.380000 -13 955 1 0 1.000000
0.235647 -21.465200 0 8.679060 -11.964400 184.985000 1037.230000 -13 956 1 0 1.000000
-9.008270 -7.058660 0 -8.401470 10.285800 211.898000 1037.190000 -13 957 1 0 1.000000
-6.533570 -8.485260 0 -6.399770 12.473700 191.361000 1037.440000 -13 958 1 0 1.000000
-10.672200 -5.774000 0 19.386900 -3.669450 215.836000 1037.190000 -13 959 1 0 1.000000
-9.631050 -5.126310 0 2.034190 -9.077330 194.877000 1037.260000 -13 960 1 0 1.000000
-5.095410 -5.607740 0 -17.782200 -4.307170 196.037000 1037.340000 -13 961 1 0 1.000000
-10.595000 1.204930 0 2.111110 -2.977950 189.583000 1037.100000 -13 962 1 0 1.000000
9.411370 8.038080 0 -16.829400 2.322940 192.470000 1037.190000 -13 963 1 0 1.000000
-5.005430 2.659520 0 13.181800 -3.732920 197.327000 1037.040000 -13 964 1 0 1.000000
-0.776168 -3.429970 0 8.014390 14.670200 195.585000 1037.340000 -13 965 1 0 1.000000
-8.308280 8.470440 0 -3.497310 -23.678300 207.546000 1037.030000 -13 966 1 0 1.000000
-17.513100 -15.812200 0 8.794950 8.078720 202.124000 1037.030000 -13 967 1 0 1.000000
-7.925760 -4.391410 0 -24.420000 7.820370 211.493000 1037.270000 -13 968 1 0 1.000000
-14.175500 0.588385 0 2.550130 -0.020347 205.727000 1037.390000 -13 969 1 0 1.000000
0.579010 -3.645860 0 2.964690 6.889360 203.045000 1037.180000 -13 970 1 0 1.000000
-7.321560 -3.253720 0 -7.069730 -7.309440 197.468000 1037.020000 -13 971 1 0 1.000000
-8.717030 -13.909100 0 -6.831550 10.063000 199.018000 1037.270000 -13 972 1 0 1.000000
-2.310910 10.917400 0 13.481000 -15.299300 191.504000 1037.240000 -13 973 1 0 1.000000
-11.926800 -10.757100 0 1.003560 -7.627310 200.235000 1037.160000 -13 974 1 0 1.000000
13.140400 -9.549170 0 14.739700 -3.771310 195.713000 1037.240000 -13 975 1 0 1.000000
-9.835880 -11.876200 0 -10.125700 -2.001510 190.950000 1037.250000 -13 976 1 0 1.000000
4.563200 -12.811200 0 -29.967400 -5.946390 209.369000 1037.170000 -13 977 1 0 1.000000
-17.073700 -12.145600 0 -2.603410 11.164900 208.043000 1037.090000 -13 978 1 0 1.000000
8.667560 -20.152500 0 -5.196680 2.349470 206.123000 1037.410000 -13 979 1 0 1.000000
-5.095150 -11.657900 0 1.460500 5.203480 206.616000 1037.160000 -13 980 1 0 1.000000
8.354910 -10.705500 0 -5.915910 7.795380 197.831000 1037.400000 -13 981 1 0 1.000000
8.972810 -13.801200 0 7.669650 -20.595300 208.809000 1037.360000 -13 982 1 0 1.000000
-2.864580 0.740023 0 7.260190 -15.883900 192.253000 1037.030000 -13 983 1 0 1.000000
-12.792300 -14.875900 0 -38.624400 13.715200 205.114000 1037.220000 -13 984 1 0 1.000000
-5.837520 -12.560500 0 -3.698080 -3.030560 209.154000 1037.150000 -13 985 1 0 1.000000
-8.140520 -7.453550 0 8.310270 1.053520 195.574000 1037.200000 -13 986 1 0 1.000000
0.677525 -4.804930 0 0.515411 8.939330 208.544000 1037.030000 -13 987 1 0 1.000000
-9.492530 -19.425600 0 15.921600 -3.683830 190.125000 1037.160000 -13 988 1 0 1.000000
7.809390 -15.073100 0 -13.384800 3.301020 199.612000 1037.370000 -13 989 1 0 1.000000
-21.273500 5.330340 0 1.558860 -5.760190 197.634000 1037.370000 -13 990 1 0 1.000000
8.269950 -0.310993 0 10.170700 11.320800 194.701000 1037.170000 -13 991 1 0 1.000000
-0.059693 -2.138790 0 -10.884300 -14.485700 201.751000 1037.010000 -13 992 1 0 1.000000
-9.895680 -3.057240 0 -12.857600 10.781700 218.353000 1037.170000 -13 993 1 0 1.000000
-2.360060 -5.528360 0 7.445980 -2.097160 211.838000 1037.050000 -13 994 1 0 1.000000
-4.270310 3.713590 0 -8.473990 -5.624180 206.896000 1037.340000 -13 995 1 0 1.000000
-10.358400 -17.262700 0 -15.224500 -4.850680 227.567000 1037.330000 -13 996 1 0 1.000000
-8.828480 -11.665200 0 -4.443730 12.830100 203.287000 1037.410000 -13 997 1 0 1.000000
-7.721140 0.734155 0 -12.656500 3.944200 195.557000 1037.220000 -13 998 1 0 1.000000
-0.233130 -10.644500 0 -11.585200 9.715850 201.771000 1037.140000 -13 999 1 0 1.000000
-1.155400 -9.375790 0 7.311340 -1.046640 196.437000 1037.180000 -13 1000 1 0 1.000000
-19.902400 -12.493700 0 23.766400 15.454300 200.505000 1037.410000 -13 1001 1 0 1.000000
-8.846080 -14.320800 0 -6.328030 11.623600 197.467000 1037.350000 -13 1002 1 0 1.000000
-12.496500 -8.206660 0 8.418570 7.048870 197.175000 1037.220000 -13 1003 1 0 1.000000
-24.260700 1.704210 0 0.522331 -2.042700 216.439000 1037.290000 -13 1004 1 0 1.000000
1.467240 -14.169900 0 18.389600 3.754710 194.977000 1037.210000 -13 1005 1 0 1.000000
-7.533160 -12.780000 0 -10.029400 9.341310 217.443000 1037.260000 -13 1006 1 0 1.000000
-15.481800 -0.620949 0 4.469050 -2.260360 225.166000 1037.070000 -13 1007 1 0 1.000000
1.961240 -3.870060 0 -20.225700 3.742160 202.623000 1037.240000 -13 1008 1 0 1.000000
-2.486140 -17.332600 0 -9.913340 4.663070 192.871000 1036.900000 -13 1009 1 0 1.000000
-4.983430 -5.654620 0 -6.155030 13.922800 184.252000 1037.140000 -13 1010 1 0 1.000000
-4.184280 0.195108 0 -12.544600 12.027400 213.796000 1037.400000 -13 1011 1 0 1.000000
-20.615700 -3.606780 0 -0.842092 19.364400 201.875000 1037.240000 -13 1012 1 0 1.000000
4.672250 3.649570 0 9.639980 25.717400 210.352000 1037.120000 -13 1013 1 0 1.000000
3.199260 -7.479760 0 11.595200 -11.447700 197.260000 1037.250000 -13 1014 1 0 1.000000
7.878200 -3.459500 0 -21.029500 12.094900 203.129000 1037.190000 -13 1015 1 0 1.000000
7.282330 -24.752500 0 21.126400 0.278726 206.687000 1037.210000 -13 1016 1 0 1.000000
-7.250700 0.880029 0 5.627070 3.145390 200.678000 1037.350000 -13 1017 1 0 1.000000
-7.811980 1.371360 0 6.183010 7.730210 200.591000 1037.260000 -13 1018 1 0 1.000000
5.157910 -6.921520 0 5.346970 -2.408530 193.998000 1037.250000 -13 1019 1 0 1.000000
-10.233500 -0.713613 0 -9.629330 -11.307700 203.409000 1037.400000 -13 1020 1 0 1.000000
6.081380 -17.540600 0 -5.273650 8.053350 215.539000 1037.040000 -13 1021 1 0 1.000000
-8.730120 -22.317400 0 -10.664300 17.959200 208.358000 1037.170000 -13 1022 1 0 1.000000
-6.802740 -8.637690 0 20.942800 0.798462 208.427000 1037.150000 -13 1023 1 0 1.000000
-18.116000 -10.982900 0 -5.704000 0.733321 213.755000 1037.110000 -13 1024 1 0 1.000000
-15.870700 7.790470 0 -23.247300 5.290070 215.170000 1037.480000 -13 1025 1 0 1.000000
-13.921900 4.129690 0 -10.315800 26.617800 218.032000 1037.250000 -13 1026 1 0 1.000000
-29.641100 -3.847540 0 -17.703900 15.232100 208.503000 1037.200000 -13 1027 1 0 1.000000
-4.306280 -4.502870 0 11.701900 -15.788100 205.392000 1037.250000 -13 1028 1 0 1.000000
-7.587670 -13.566300 0 -3.367960 0.324670 212.073000 1037.220000 -13 1029 1 0 1.000000
-11.744800 4.181240 0 -1.795610 -7.078140 190.511000 1037.230000 -13 1030 1 0 1.000000
-14.247700 -16.382200 0 21.373900 1.819220 235.643000 1037.090000 -13 1031 1 0 1.000000
1.988320 -8.860470 0 -5.630610 -3.320230 197.403000 1037.330000 -13 1032 1 0 1.000000
-13.459300 -1.022450 0 -1.774080 10.493600 204.860000 1037.270000 -13 1033 1 0 1.000000
-8.769640 -9.513520 0 -0.186731 7.252180 198.795000 1037.380000 -13 1034 1 0 1.000000
-9.769300 -5.329820 0 -20.768500 10.104900 206.885000 1037.300000 -13 1035 1 0 1.000000
-2.672630 3.755970 0 -2.205700 3.687330 192.221000 1037.240000 -13 1036 1 0 1.000000
-10.767800 -9.373980 0 -23.961300 18.591400 217.184000 1036.940000 -13 1037 1 0 1.000000
-7.248300 -6.233810 0 11.967100 -36.647000 226.536000 1037.200000 -13 1038 1 0 1.000000
-5.867050 0.033594 0 -9.402260 5.344110 228.787000 1037.310000 -13 1039 1 0 1.000000
0.338118 4.052180 0 5.610870 -3.419670 212.231000 1036.940000 -13 1040 1 0 1.000000
-0.174853 1.454360 0 -7.151810 -0.568615 191.180000 1037.180000 -13 1041 1 0 1.000000
-4.735230 -7.333670 0 -8.265260 29.572900 207.386000 1037.000000 -13 1042 1 0 1.000000
-5.775990 -5.491590 0 -13.251100 1.635660 190.652000 1037.270000 -13 1043 1 0 1.000000
13.841400 -14.040400 0 8.797520 -4.051950 218.496000 1037.080000 -13 1044 1 0 1.000000
6.197090 -11.411500 0 -30.392700 -25.789400 224.577000 1036.980000 -13 1045 1 0 1.000000
-9.609520 -17.049800 0 -9.875350 15.774200 197.090000 1037.120000 -13 1046 1 0 1.000000
-4.713910 -25.077300 0 2.950740 1.668880 204.528000 1037.020000 -13 1047 1 0 1.000000
-16.622700 -5.337980 0 -10.312000 -12.366300 203.461000 1037.290000 -13 1048 1 0 1.000000
-13.203300 1.056250 0 -8.387920 36.514400 224.564000 1037.110000 -13 1049 1 0 1.000000
-5.236810 -19.218300 0 -21.198800 -10.851700 193.807000 1037.300000 -13 1050 1 0 1.000000
-9.641710 -6.561540 0 3.964170 -6.405910 192.918000 1037.280000 -13 1051 1 0 1.000000
-5.052690 -3.425570 0 -6.101270 11.317200 194.716000 1037.030000 -13 1052 1 0 1.000000
-14.102500 -12.245400 0 7.989920 3.712980 198.869000 1037.040000 -13 1053 1 0 1.000000
-12.673900 0.416768 0 -5.515820 2.913130 211.866000 1037.200000 -13 1054 1 0 1.000000
-8.664500 -12.845200 0 -10.088900 -1.559890 186.940000 1037.190000 -13 1055 1 0 1.000000
-12.053900 -7.612010 0 1.448260 5.546060 207.827000 1037.050000 -13 1056 1 0 1.000000
-4.551800 -23.055900 0 -8.452740 -28.070700 195.668000 1037.040000 -13 1057 1 0 1.000000
5.298730 -3.044640 0 -18.559600 -11.448300 188.461000 1037.220000 -13 1058 1 0 1.000000
-1.775310 -5.353950 0 -16.664600 10.993300 206.345000 1037.210000 -13 1059 1 0 1.000000
-8.638600 -8.933420 0 6.623040 7.955250 207.781000 1037.310000 -13 1060 1 0 1.000000
-3.072910 -0.158012 0 -7.786160 20.319000 209.762000 1037.120000 -13 1061 1 0 1.000000
-6.084970 -17.483600 0 10.109200 -5.709190 212.145000 1037.090000 -13 1062 1 0 1.000000
-1.142800 3.011930 0 -3.602220 -4.345060 191.102000 1037.130000 -13 1063 1 0 1.000000
-7.626260 -5.178670 0 3.915130 -8.072830 208.281000 1037.170000 -13 1064 1 0 1.000000
2.413220 -15.779600 0 -3.110940 13.798000 188.733000 1037.300000 -13 1065 1 0 1.000000
4.641410 -2.527920 0 -10.452200 1.465530 205.663000 1037.000000 -13 1066 1 0 1.000000
-17.948800 -10.231500 0 1.475710 18.908700 212.560000 1037.070000 -13 1067 1 0 1.000000
6.624190 -10.896600 0 27.487100 -18.115500 196.430000 1037.120000 -13 1068 1 0 1.000000
-14.717300 12.190900 0 7.000460 5.840870 211.551000 1037.090000 -13 1069 1 0 1.000000
12.972700 -8.076500 0 -13.450700 8.171930 196.019000 1037.270000 -13 1070 1 0 1.000000
-3.274370 3.392080 0 -12.321000 -4.091650 197.208000 1037.170000 -13 1071 1 0 1.000000
-8.535290 -0.551313 0 -12.428100 -12.528900 199.390000 1037.110000 -13 1072 1 0 1.000000
-0.302463 -16.796400 0 -6.931260 7.786240 197.497000 1036.980000 -13 1073 1 0 1.000000
-4.536330 5.659880 0 -5.327630 6.837100 194.147000 1037.230000 -13 1074 1 0 1.000000
-14.185400 -7.704400 0 0.576138 -2.226160 192.748000 1037.200000 -13 1075 1 0 1.000000
5.901990 -3.778910 0 18.988800 19.872400 189.714000 1037.430000 -13 1076 1 0 1.000000
4.545960 -15.452400 0 -2.505710 2.638380 204.671000 1037.360000 -13 1077 1 0 1.000000
-9.959280 -10.613800 0 -41.530800 -3.966520 223.961000 1037.140000 -13 1078 1 0 1.000000
-11.411800 -11.828800 0 -15.485300 34.250200 216.537000 1037.090000 -13 1079 1 0 1.000000
-7.897090 -6.937320 0 -4.958620 5.104310 209.904000 1037.340000 -13 1080 1 0 1.000000
12.376600 -8.061610 0 -7.090930 -23.682100 191.094000 1037.340000 -13 1081 1 0 1.000000
-15.247500 2.942160 0 -1.937700 1.405040 203.790000 1037.400000 -13 1082 1 0 1.000000
-18.358300 0.474078 0 5.447520 -12.674000 215.187000 1037.320000 -13 1083 1 0 1.000000
-6.551700 3.072170 0 17.198700 0.964201 200.517000 1037.320000 -13 1084 1 0 1.000000
11.025000 -5.624390 0 -9.519910 -16.385100 193.182000 1036.950000 -13 1085 1 0 1.000000
3.691030 -9.193540 0 -10.096400 7.261940 189.147000 1037.420000 -13 1086 1 0 1.000000
-8.012930 -10.296400 0 12.199400 -6.542510 202.051000 1037.440000 -13 1087 1 0 1.000000
-11.506600 -6.618500 0 -9.072970 1.449800 208.343000 1037.410000 -13 1088 1 0 1.000000
-12.894700 -17.543400 0 -24.894500 6.964640 217.227000 1037.240000 -13 1089 1 0 1.000000
-11.327000 -6.567950 0 -14.521500 -11.771100 189.802000 1037.250000 -13 1090 1 0 1.000000
-15.592300 5.023750 0 7.498450 15.056100 217.550000 1037.130000 -13 1091 1 0 1.000000
10.811800 -10.546800 0 5.640240 5.017340 195.460000 1037.030000 -13 1092 1 0 1.000000
0.036665 6.758550 0 10.906600 8.499990 201.222000 1037.280000 -13 1093 1 0 1.000000
-7.089940 2.744240 0 18.522200 9.869400 210.880000 1037.120000 -13 1094 1 0 1.000000
-9.435570 -15.824400 0 -7.369220 0.319655 198.441000 1037.330000 -13 1095 1 0 1.000000
-13.515200 0.557007 0 -1.790250 -6.427060 200.850000 1037.390000 -13 1096 1 0 1.000000
-4.019870 -21.146600 0 2.066990 -10.164000 194.335000 1037.450000 -13 1097 1 0 1.000000
-3.715020 -14.220400 0 12.041400 -7.507940 202.224000 1037.330000 -13 1098 1 0 1.000000
-6.171900 -13.913600 0 1.963350 -4.517010 211.208000 1037.390000 -13 1099 1 0 1.000000
-8.679370 -11.328200 0 5.798790 -5.197410 190.974000 1037.430000 -13 1100 1 0 1.000000
-6.211140 -2.213180 0 -2.395970 1.760530 206.794000 1037.120000 -13 1101 1 0 1.000000
-1.979980 -1.881100 0 -3.313830 -2.959340 209.907000 1037.420000 -13 1102 1 0 1.000000
-1.290240 2.442590 0 6.120040 -3.222680 200.077000 1037.390000 -13 1103 1 0 1.000000
-1.677380 -22.716900 0 -14.077100 8.453560 201.673000 1037.350000 -13 1104 1 0 1.000000
-6.692250 2.567110 0 5.018670 9.196680 201.198000 1037.410000 -13 1105 1 0 1.000000
-6.520570 -5.982290 0 -13.579300 4.275420 212.626000 1037.190000 -13 1106 1 0 1.000000
-28.299500 -7.173760 0 -15.098100 -0.093605 210.761000 1037.230000 -13 1107 1 0 1.000000
-1.512130 -5.790990 0 -14.658900 2.983500 201.815000 1037.190000 -13 1108 1 0 1.000000
-17.005700 -4.026380 0 35.738200 4.972400 190.242000 1037.090000 -13 1109 1 0 1.000000
-6.880150 -9.514380 0 11.100700 -0.605351 206.669000 1037.110000 -13 1110 1 0 1.000000
4.139780 -9.267840 0 19.069200 2.439830 193.472000 1037.280000 -13 1111 1 0 1.000000
3.005370 -7.790370 0 3.878850 2.996070 188.044000 1037.420000 -13 1112 1 0 1.000000
1.146690 -4.545040 0 22.141700 -22.488600 209.695000 1037.070000 -13 1113 1 0 1.000000
-1.541210 3.475810 0 -1.912540 0.124493 191.536000 1037.330000 -13 1114 1 0 1.000000
-5.020430 -8.592950 0 1.939520 26.400200 206.375000 1037.170000 -13 1115 1 0 1.000000
-1.807260 -14.035000 0 -15.687200 1.281790 201.043000 1037.220000 -13 1116 1 0 1.000000
2.458150 -7.352790 0 -0.531318 -5.632740 190.365000 1037.250000 -13 1117 1 0 1.000000
-7.375670 -4.222070 0 -8.335970 -14.913900 193.294000 1037.220000 -13 1118 1 0 1.000000
2.441530 -5.180560 0 -13.617500 1.926700 207.310000 1037.240000 -13 1119 1 0 1.000000
-2.758690 -8.570290 0 -4.830410 -2.506340 208.776000 1037.360000 -13 1120 1 0 1.000000
-11.374500 -3.814890 0 -20.081900 4.762610 213.737000 1037.300000 -13 1121 1 0 1.000000
-15.062200 -0.859636 0 0.809711 -2.217200 211.494000 1037.360000 -13 1122 1 0 1.000000
-15.340500 -10.902300 0 21.513500 6.343480 209.398000 1037.480000 -13 1123 1 0 1.000000
4.181490 3.472770 0 2.414940 -6.587210 191.824000 1037.250000 -13 1124 1 0 1.000000
-19.503600 -7.946130 0 -6.486810 10.340300 207.562000 1037.230000 -13 1125 1 0 1.000000
-10.164600 -6.539950 0 -11.411200 10.025600 189.685000 1037.140000 -13 1126 1 0 1.000000
-3.960620 -10.854300 0 -14.043000 5.474990 200.543000 1037.170000 -13 1127 1 0 1.000000
-3.350040 1.848430 0 -18.682300 -7.994120 202.164000 1037.300000 -13 1128 1 0 1.000000
3.960800 -6.336030 0 3.252470 -6.390230 200.471000 1037.280000 -13 1129 1 0 1.000000
-8.609730 -6.772190 0 15.164700 9.889290 204.874000 1037.300000 -13 1130 1 0 1.000000
-1.691500 -23.078600 0 2.161500 -23.846300 208.698000 1037.140000 -13 1131 1 0 1.000000
-16.889100 -2.231900 0 19.727700 6.709010 211.737000 1037.200000 -13 1132 1 0 1.000000
-16.137300 0.122372 0 9.214240 1.052870 195.771000 1037.210000 -13 1133 1 0 1.000000
-14.008000 -14.885900 0 1.058610 2.975750 210.501000 1037.200000 -13 1134 1 0 1.000000
11.803800 -4.504090 0 -2.568160 -9.243510 213.242000 1037.230000 -13 1135 1 0 1.000000
-10.635500 -1.555310 0 10.234800 -7.738320 194.593000 1037.460000 -13 1136 1 0 1.000000
8.878870 -9.861040 0 -23.227400 16.824800 200.047000 1037.200000 -13 1137 1 0 1.000000
-22.185200 -12.667300 0 -17.520100 8.836440 204.834000 1037.480000 -13 1138 1 0 1.000000
-1.266600 10.736600 0 4.120040 -14.854200 198.271000 1037.250000 -13 1139 1 0 1.000000
2.057280 2.414690 0 15.515000 7.188440 215.276000 1037.120000 -13 1140 1 0 1.000000
-7.421330 -1.547160 0 -9.863980 -3.579480 202.489000 1037.320000 -13 1141 1 0 1.000000
2.343690 -3.790740 0 -9.854820 12.630600 199.202000 1037.110000 -13 1142 1 0 1.000000
-0.712396 -18.008400 0 -2.135140 3.585040 206.824000 1037.110000 -13 1143 1 0 1.000000
4.555990 -4.157150 0 -19.187100 -7.991050 200.118000 1037.240000 -13 1144 1 0 1.000000
4.877330 -13.437900 0 -17.214800 27.160300 192.877000 1037.460000 -13 1145 1 0 1.000000
-9.139190 -8.042020 0 -1.639120 -1.180580 197.422000 1037.310000 -13 1146 1 0 1.000000
3.744690 -13.076200 0 -17.271300 -3.491890 209.104000 1037.200000 -13 1147 1 0 1.000000
-15.150100 -7.803160 0 -1.144940 18.263200 207.986000 1037.180000 -13 1148 1 0 1.000000
-1.695260 -8.561530 0 -6.224720 -10.910700 209.303000 1037.240000 -13 1149 1 0 1.000000
-12.427100 -22.023500 0 4.808680 -17.645000 198.608000 1037.500000 -13 1150 1 0 1.000000
-6.906470 0.124212 0 19.692200 6.038380 194.957000 1037.450000 -13 1151 1 0 1.000000
-1.536640 -5.959570 0 11.914900 -8.386610 195.334000 1037.200000 -13 1152 1 0 1.000000
-3.100250 -12.915400 0 -6.972290 12.892400 195.675000 1037.360000 -13 1153 1 0 1.000000
-1.982740 -23.113000 0 7.398810 5.238860 212.471000 1037.380000 -13 1154 1 0 1.000000
-9.331520 -12.238000 0 9.002460 -15.967800 192.299000 1037.140000 -13 1155 1 0 1.000000
-4.705450 -13.052500 0 10.378500 8.736090 212.564000 1037.270000 -13 1156 1 0 1.000000
-18.236000 -10.823900 0 -2.372360 -4.604580 194.688000 1037.390000 -13 1157 1 0 1.000000
-8.688110 0.502887 0 12.059200 2.283090 207.319000 1037.180000 -13 1158 1 0 1.000000
-2.562120 -17.854800 0 -0.352565 -4.153380 203.136000 1037.370000 -13 1159 1 0 1.000000
2.769440 4.126060 0 -0.594972 7.213100 209.231000 1037.470000 -13 1160 1 0 1.000000
-15.694400 -0.329523 0 -12.334800 15.806900 212.257000 1037.180000 -13 1161 1 0 1.000000
-0.693348 -7.813300 0 0.264863 4.261330 208.943000 1037.330000 -13 1162 1 0 1.000000
-8.999590 -21.612100 0 6.254220 -5.996310 212.099000 1037.110000 -13 1163 1 0 1.000000
-2.949450 -3.531900 0 16.201100 11.119100 192.977000 1037.310000 -13 1164 1 0 1.000000
-9.207280 -2.651580 0 1.065710 -1.806250 215.587000 1037.210000 -13 1165 1 0 1.000000
3.498810 -17.578000 0 -13.173600 -18.689700 214.832000 1037.140000 -13 1166 1 0 1.000000
-18.465200 -17.561300 0 -2.058370 -2.045420 197.874000 1037.260000 -13 1167 1 0 1.000000
-11.921900 -9.805160 0 17.986800 2.967390 211.014000 1037.260000 -13 1168 1 0 1.000000
-16.310500 -6.727570 0 0.294201 19.565500 216.365000 1037.090000 -13 1169 1 0 1.000000
10.025200 -3.864690 0 12.830900 2.909790 208.593000 1037.410000 -13 1170 1 0 1.000000
-12.534500 -0.779044 0 5.988160 -3.339930 214.085000 1037.300000 -13 1171 1 0 1.000000
-15.180100 -5.268110 0 -7.169590 -1.017190 190.260000 1037.240000 -13 1172 1 0 1.000000
5.204360 -5.572430 0 10.057600 -5.880010 199.360000 1037.180000 -13 1173 1 0 1.000000
-3.712730 4.981710 0 10.400900 10.368000 192.676000 1037.120000 -13 1174 1 0 1.000000
-6.079210 -13.103800 0 -14.453300 5.508530 200.379000 1036.990000 -13 1175 1 0 1.000000
-4.100180 -15.745600 0 4.374840 -2.143500 201.788000 1037.260000 -13 1176 1 0 1.000000
-4.896040 -13.024600 0 -5.466840 5.635510 216.609000 1037.230000 -13 1177 1 0 1.000000
-2.673930 -10.347700 0 -12.433400 10.850900 194.446000 1037.240000 -13 1178 1 0 1.000000
-11.814300 0.510003 0 10.399900 -4.555860 214.666000 1037.370000 -13 1179 1 0 1.000000
-7.055250 8.276500 0 -5.746830 -10.500300 199.302000 1037.120000 -13 1180 1 0 1.000000
-10.195800 4.331650 0 -8.719100 -8.851220 213.363000 1037.200000 -13 1181 1 0 1.000000
-8.319400 -25.367400 0 -13.002200 -13.900100 202.543000 1037.040000 -13 1182 1 0 1.000000
-9.634110 -7.126130 0 -5.006820 -20.029700 203.728000 1037.220000 -13 1183 1 0 1.000000
5.663160 -5.797630 0 -17.890300 -9.805320 187.550000 1037.520000 -13 1184 1 0 1.000000
-5.444490 -12.974100 0 -4.880280 9.796990 196.384000 1037.180000 -13 1185 1 0 1.000000
-1.843920 -7.203060 0 0.453767 6.645780 203.650000 1037.250000 -13 1186 1 0 1.000000
-14.216400 -22.506800 0 6.651010 -5.143540 196.639000 1037.470000 -13 1187 1 0 1.000000
-6.263700 -9.454630 0 -8.111870 -12.075300 208.455000 1037.360000 -13 1188 1 0 1.000000
-9.524210 1.221230 0 17.812200 -4.009620 199.160000 1037.450000 -13 1189 1 0 1.000000
-10.960700 -9.025240 0 7.486200 -16.431700 215.579000 1037.160000 -13 1190 1 0 1.000000
-5.258590 3.749880 0 3.713880 -10.427700 208.496000 1037.090000 -13 1191 1 0 1.000000
-19.337300 3.474750 0 0.557943 -0.582405 190.593000 1037.320000 -13 1192 1 0 1.000000
-6.938830 0.549837 0 1.419170 -14.411000 206.389000 1037.080000 -13 1193 1 0 1.000000
-4.957360 -6.692510 0 1.682770 -9.001800 208.711000 1037.250000 -13 1194 1 0 1.000000
1.583350 -8.327350 0 -0.518733 11.907100 196.153000 1037.200000 -13 1195 1 0 1.000000
-9.154120 -6.545710 0 3.055740 -4.350460 211.458000 1037.000000 -13 1196 1 0 1.000000
-7.402640 -3.371400 0 9.011790 -3.748960 208.853000 1037.320000 -13 1197 1 0 1.000000
3.243090 3.471990 0 -14.954900 -5.929970 211.094000 1037.150000 -13 1198 1 0 1.000000
1.415520 10.344500 0 -4.247030 -12.331900 207.786000 1037.250000 -13 1199 1 0 1.000000
-4.380340 -14.258300 0 11.574200 -5.726990 203.667000 1037.290000 -13 1200 1 0 1.000000
-18.900100 -11.956300 0 -13.994400 24.375000 211.892000 1037.290000 -13 1201 1 0 1.000000
3.352180 8.140400 0 3.581410 4.404500 202.481000 1037.230000 -13 1202 1 0 1.000000
-4.482380 -5.609270 0 -12.264800 12.309200 197.387000 1037.300000 -13 1203 1 0 1.000000
-25.271200 -3.429270 0 -16.975000 -8.120820 207.608000 1037.140000 -13 1204 1 0 1.000000
-4.287830 2.264900 0 -14.749100 -0.409361 193.538000 1037.190000 -13 1205 1 0 1.000000
-7.286760 -7.939220 0 1.832220 2.179020 191.629000 1037.180000 -13 1206 1 0 1.000000
-3.587500 -25.955900 0 -1.672590 -2.899190 200.882000 1037.440000 -13 1207 1 0 1.000000
-9.998710 -11.602300 0 -0.500399 -18.050000 195.482000 1037.170000 -13 1208 1 0 1.000000
-2.512370 0.404173 0 10.948500 6.772350 217.195000 1037.370000 -13 1209 1 0 1.000000
-6.023340 -1.384570 0 -24.597600 -8.140950 196.195000 1037.370000 -13 1210 1 0 1.000000
-14.312100 -1.623260 0 -23.068900 1.892020 211.059000 1037.000000 -13 1211 1 0 1.000000
4.124130 -6.100010 0 17.684800 8.602180 202.200000 1037.140000 -13 1212 1 0 1.000000
-5.775260 -16.491800 0 -10.444400 10.503100 218.323000 1037.120000 -13 1213 1 0 1.000000
-17.619300 -6.733650 0 1.439940 2.231770 186.354000 1037.230000 -13 1214 1 0 1.000000
-17.317700 -12.260800 0 -2.355590 15.127200 198.137000 1037.030000 -13 1215 1 0 1.000000
-11.508800 -13.529000 0 -24.911200 14.414000 201.044000 1037.350000 -13 1216 1 0 1.000000
3.552920 -6.431740 0 -4.897950 1.598570 217.821000 1037.160000 -13 1217 1 0 1.000000
-24.272200 2.082230 0 -5.505090 -19.881200 219.882000 1037.120000 -13 1218 1 0 1.000000
-9.844020 -3.060670 0 10.356300 -5.823350 194.518000 1037.230000 -13 1219 1 0 1.000000
22.175400 2.411630 0 27.146600 -10.953100 215.241000 1037.330000 -13 1220 1 0 1.000000
-9.077050 3.403730 0 18.073000 9.964410 186.543000 1037.260000 -13 1221 1 0 1.000000
-2.170520 9.230570 0 35.048500 -0.348013 211.990000 1037.470000 -13 1222 1 0 1.000000
0.962690 -4.214210 0 -8.110550 -0.559877 189.555000 1037.120000 -13 1223 1 0 1.000000
6.925740 8.164580 0 -6.320570 13.763400 207.772000 1037.330000 -13 1224 1 0 1.000000
4.357320 16.523500 0 -3.955120 -26.842600 207.824000 1037.030000 -13 1225 1 0 1.000000
-2.301580 -9.863970 0 -11.845000 -10.940400 204.493000 1037.210000 -13 1226 1 0 1.000000
-10.982800 -8.369660 0 13.680900 -8.127370 205.612000 1037.330000 -13 1227 1 0 1.000000
3.847440 0.469651 0 3.981560 -30.902300 219.772000 1037.510000 -13 1228 1 0 1.000000
-2.368450 -5.725170 0 1.096680 -7.061240 206.312000 1037.330000 -13 1229 1 0 1.000000
-1.458440 1.537210 0 -4.968930 -7.485690 211.088000 1037.190000 -13 1230 1 0 1.000000
-5.248310 -0.255899 0 17.824500 3.888890 190.575000 1037.330000 -13 1231 1 0 1.000000
-7.124380 -2.210270 0 30.859200 -14.546000 214.745000 1037.320000 -13 1232 1 0 1.000000
-9.033440 -11.591200 0 -1.381600 -2.606890 195.524000 1037.310000 -13 1233 1 0 1.000000
-3.758070 -8.231370 0 8.468560 -12.117300 200.274000 1037.120000 -13 1234 1 0 1.000000
4.313970 0.530274 0 17.245000 3.217610 197.435000 1037.220000 -13 1235 1 0 1.000000
-2.691950 -4.553600 0 11.908800 13.484100 192.101000 1037.120000 -13 1236 1 0 1.000000
1.699100 -15.623900 0 -11.410000 1.594600 187.122000 1037.270000 -13 1237 1 0 1.000000
4.228480 -7.756370 0 -1.147750 -8.955490 192.071000 1037.110000 -13 1238 1 0 1.000000
-8.255670 -15.321000 0 5.022890 -10.758500 194.451000 1037.140000 -13 1239 1 0 1.000000
-6.410040 -3.207250 0 14.900100 -11.228300 207.978000 1037.310000 -13 1240 1 0 1.000000
10.796900 -13.080900 0 12.389400 -18.179400 209.422000 1037.260000 -13 1241 1 0 1.000000
-17.847500 -3.645800 0 -6.793720 7.757680 210.919000 1037.160000 -13 1242 1 0 1.000000
9.666910 -14.296800 0 -2.704760 -4.334290 195.371000 1037.200000 -13 1243 1 0 1.000000
-6.415390 9.268480 0 22.310300 10.161100 198.357000 1037.160000 -13 1244 1 0 1.000000
-12.741400 -7.880090 0 9.010780 -16.234700 222.373000 1037.180000 -13 1245 1 0 1.000000
-7.029980 -0.801619 0 -15.630600 -2.055310 205.923000 1037.240000 -13 1246 1 0 1.000000
-14.706200 -18.241400 0 15.539400 -4.371050 204.045000 1037.320000 -13 1247 1 0 1.000000
-1.817880 -13.613800 0 0.245334 3.274180 214.764000 1037.210000 -13 1248 1 0 1.000000
-0.289643 -8.958240 0 -0.394298 4.563430 197.992000 1037.180000 -13 1249 1 0 1.000000
-0.454227 -2.520370 0 -4.325840 -8.774010 207.792000 1037.320000 -13 1250 1 0 1.000000
-6.919660 2.270510 0 -8.376330 8.073760 200.516000 1036.990000 -13 1251 1 0 1.000000
-11.616100 -1.110910 0 11.317400 -8.857430 193.048000 1037.180000 -13 1252 1 0 1.000000
-7.411950 9.322940 0 5.940630 9.502710 216.755000 1037.260000 -13 1253 1 0 1.000000
-4.202830 -6.928960 0 29.335200 -12.186900 215.212000 1037.300000 -13 1254 1 0 1.000000
13.612400 -8.687940 0 7.855570 3.356420 197.884000 1037.060000 -13 1255 1 0 1.000000
5.600070 -2.022760 0 -18.837400 -15.506700 181.255000 1037.260000 -13 1256 1 0 1.000000
0.688082 -5.122370 0 -4.620790 -0.730262 187.224000 1037.280000 -13 1257 1 0 1.000000
-1.549440 7.096750 0 -13.568300 -21.614600 213.616000 1037.270000 -13 1258 1 0 1.000000
-7.063350 -7.614300 0 -8.796340 16.292700 187.756000 1037.170000 -13 1259 1 0 1.000000
0.269775 -13.648600 0 -2.631760 1.264770 205.638000 1036.970000 -13 1260 1 0 1.000000
4.006890 0.791027 0 -2.102230 -0.097574 193.258000 1037.260000 -13 1261 1 0 1.000000
-1.679840 3.786770 0 14.963900 -7.407870 212.579000 1037.230000 -13 1262 1 0 1.000000
-17.417000 -8.505480 0 27.198200 10.932400 194.031000 1037.120000 -13 1263 1 0 1.000000
-15.287900 -16.059900 0 7.018000 -17.092300 222.652000 1037.010000 -13 1264 1 0 1.000000
-2.742350 -3.895290 0 5.068500 -14.498000 218.638000 1037.180000 -13 1265 1 0 1.000000
-14.408300 -13.759000 0 -5.549150 11.164800 213.493000 1037.450000 -13 1266 1 0 1.000000
-3.836090 -3.574870 0 4.660740 7.694180 193.969000 1037.330000 -13 1267 1 0 1.000000
-4.193870 3.289100 0 11.492700 6.622110 198.610000 1037.100000 -13 1268 1 0 1.000000
-5.641220 0.767695 0 10.580300 -0.257668 204.882000 1037.360000 -13 1269 1 0 1.000000
-2.369870 -1.132560 0 29.337700 -1.252880 224.843000 1037.210000 -13 1270 1 0 1.000000
-9.401840 -11.697300 0 14.232500 -6.153560 215.626000 1037.340000 -13 1271 1 0 1.000000
-16.126000 -8.786590 0 -21.575800 23.527500 215.901000 1037.480000 -13 1272 1 0 1.000000
-16.153500 1.416060 0 -2.898830 4.525510 213.214000 1037.340000 -13 1273 1 0 1.000000
-4.732290 -11.061300 0 4.707690 -14.568300 207.648000 1037.310000 -13 1274 1 0 1.000000
-7.276240 -16.704800 0 5.235290 -4.899420 211.067000 1037.140000 -13 1275 1 0 1.000000
-8.334200 -13.551000 0 6.339250 -10.622600 211.053000 1037.120000 -13 1276 1 0 1.000000
-6.300850 -1.390390 0 0.034803 -5.101280 201.015000 1037.180000 -13 1277 1 0 1.000000
7.831460 -0.796378 0 21.204400 2.548750 208.709000 1037.060000 -13 1278 1 0 1.000000
-1.668730 -7.009690 0 -10.714500 6.285240 209.993000 1037.230000 -13 1279 1 0 1.000000
-21.499100 -5.539410 0 -13.416700 22.412800 199.902000 1037.540000 -13 1280 1 0 1.000000
1.119320 -13.009900 0 -0.067834 0.179353 197.834000 1037.240000 -13 1281 1 0 1.000000
0.373220 -16.307400 0 -9.730150 -3.572980 215.354000 1037.370000 -13 1282 1 0 1.000000
-7.874040 -5.563980 0 -6.117580 -11.932600 195.122000 1037.410000 -13 1283 1 0 1.000000
0.847849 4.576400 0 -20.865900 -9.804090 194.097000 1037.250000 -13 1284 1 0 1.000000
-11.932600 -10.611100 0 -49.462500 4.400070 211.242000 1037.550000 -13 1285 1 0 1.000000
-9.318300 -0.698976 0 6.566970 0.985853 197.135000 1037.430000 -13 1286 1 0 1.000000
-10.813200 0.531136 0 -3.692170 -16.454600 207.918000 1037.330000 -13 1287 1 0 1.000000
-4.144130 -4.850990 0 -1.627950 3.960000 196.498000 1037.480000 -13 1288 1 0 1.000000
-5.828670 -6.758910 0 6.890390 -15.214300 201.001000 1037.510000 -13 1289 1 0 1.000000
-13.058300 -2.127440 0 -10.568000 0.611311 213.688000 1037.010000 -13 1290 1 0 1.000000
-0.506373 -5.753120 0 2.455920 -12.649500 204.003000 1037.370000 -13 1291 1 0 1.000000
0.174675 4.803850 0 6.155190 -18.154300 193.231000 1037.290000 -13 1292 1 0 1.000000
-13.940900 -7.745670 0 -6.224670 -19.336100 233.970000 1037.160000 -13 1293 1 0 1.000000
-27.044200 -16.388700 0 1.661760 6.945800 214.954000 1037.410000 -13 1294 1 0 1.000000
-14.203400 -10.130400 0 -6.930680 -1.242470 192.414000 1037.010000 -13 1295 1 0 1.000000
0.587849 0.006581 0 1.165430 15.703000 199.584000 1037.200000 -13 1296 1 0 1.000000
-9.329230 -10.345500 0 -5.988260 -16.940100 214.931000 1036.980000 -13 1297 1 0 1.000000
-19.515800 18.634100 0 11.824600 -6.767290 207.236000 1037.180000 -13 1298 1 0 1.000000
-4.415380 -9.615850 0 2.271280 14.532300 196.393000 1037.160000 -13 1299 1 0 1.000000
-9.538640 -4.019330 0 -13.094500 18.278400 191.337000 1037.370000 -13 1300 1 0 1.000000
-11.415000 6.558290 0 5.421860 4.252580 204.942000 1036.980000 -13 1301 1 0 1.000000
-0.870265 -4.624420 0 -6.426990 -0.214317 198.822000 1037.210000 -13 1302 1 0 1.000000
-14.523000 -10.190000 0 27.680900 3.504990 215.145000 1037.000000 -13 1303 1 0 1.000000
-20.842600 8.494120 0 11.468600 -3.861170 215.729000 1037.430000 -13 1304 1 0 1.000000
5.252560 5.866740 0 -4.099890 7.377760 181.838000 1037.150000 -13 1305 1 0 1.000000
-10.785300 -16.083300 0 -4.181420 14.916700 223.804000 1037.260000 -13 1306 1 0 1.000000
-11.144900 -20.534300 0 -7.653620 3.881100 208.381000 1037.230000 -13 1307 1 0 1.000000
-3.004080 4.883930 0 -10.846500 -16.057900 208.487000 1037.180000 -13 1308 1 0 1.000000
-11.609300 -14.731700 0 20.577300 15.900600 206.146000 1037.200000 -13 1309 1 0 1.000000
3.280610 0.834354 0 -0.937849 -5.600080 197.069000 1037.230000 -13 1310 1 0 1.000000
-0.489196 12.611900 0 3.138670 -16.493300 199.505000 1037.500000 -13 1311 1 0 1.000000
-20.481800 -9.253500 0 2.384420 10.561400 202.094000 1037.420000 -13 1312 1 0 1.000000
0.836252 -1.224420 0 -6.657390 -10.320400 199.086000 1037.210000 -13 1313 1 0 1.000000
-13.342600 -2.157250 0 9.818730 -0.413465 209.227000 1037.220000 -13 1314 1 0 1.000000
1.699680 0.224760 0 -2.478760 4.458630 203.166000 1037.270000 -13 1315 1 0 1.000000
-7.543160 -6.712760 0 22.116100 1.051780 189.030000 1037.250000 -13 1316 1 0 1.000000
-9.144930 -7.813540 0 10.316500 15.308400 212.300000 1037.290000 -13 1317 1 0 1.000000
-3.766090 -2.810610 0 14.298500 6.175970 201.694000 1037.210000 -13 1318 1 0 1.000000
-11.141300 -13.811900 0 4.123810 -2.148540 198.011000 1037.220000 -13 1319 1 0 1.000000
0.722870 -8.820550 0 -2.483200 12.530000 217.849000 1037.140000 -13 1320 1 0 1.000000
-11.723100 -3.650140 0 -4.120020 -0.194439 206.707000 1037.220000 -13 1321 1 0 1.000000
1.140180 -21.662200 0 1.858130 -9.655150 203.993000 1037.120000 -13 1322 1 0 1.000000
-11.953900 2.154110 0 8.723230 -1.308030 208.954000 1037.260000 -13 1323 1 0 1.000000
-8.259310 -6.419270 0 3.499580 -26.206900 213.005000 1037.420000 -13 1324 1 0 1.000000
-17.692900 4.142290 0 8.620170 8.795150 218.359000 1037.320000 -13 1325 1 0 1.000000
-3.590070 -11.271200 0 -4.022770 13.935900 199.548000 1037.300000 -13 1326 1 0 1.000000
-6.712930 -15.044900 0 3.863080 -1.309380 207.944000 1037.430000 -13 1327 1 0 1.000000
-10.774900 -1.201780 0 -10.968400 1.018920 202.544000 1037.450000 -13 1328 1 0 1.000000
-10.572100 -7.054010 0 6.335190 -1.754120 201.757000 1037.150000 -13 1329 1 0 1.000000
2.805490 3.552660 0 -4.466790 -2.247840 199.220000 1037.340000 -13 1330 1 0 1.000000
-17.008600 -19.776700 0 -12.899600 4.091600 204.003000 1037.260000 -13 1331 1 0 1.000000
0.217699 1.047720 0 -17.143400 -16.222700 213.549000 1037.310000 -13 1332 1 0 1.000000
-15.043800 -2.337160 0 -11.900900 13.464000 201.554000 1037.350000 -13 1333 1 0 1.000000
6.883580 -19.770500 0 3.418620 -17.122100 200.769000 1037.280000 -13 1334 1 0 1.000000
0.700305 -15.499800 0 5.801040 6.765510 206.894000 1037.180000 -13 1335 1 0 1.000000
-13.315800 2.619750 0 -1.203050 10.548100 203.474000 1037.190000 -13 1336 1 0 1.000000
-2.636320 -4.784850 0 -5.781380 -2.674870 189.048000 1037.280000 -13 1337 1 0 1.000000
-7.198760 -15.161700 0 -21.472400 19.481500 207.074000 1037.130000 -13 1338 1 0 1.000000
-12.345600 -0.649421 0 9.855120 -17.446500 203.762000 1037.240000 -13 1339 1 0 1.000000
3.659030 -2.048310 0 -2.112870 8.204310 189.941000 1037.230000 -13 1340 1 0 1.000000
-5.742470 6.339090 0 4.735110 2.196420 202.331000 1037.020000 -13 1341 1 0 1.000000
-13.295900 -10.214300 0 -8.019050 -12.892800 216.100000 1037.060000 -13 1342 1 0 1.000000
-8.605710 -8.053630 0 10.738400 -5.360920 187.784000 1037.490000 -13 1343 1 0 1.000000
6.202660 -19.513900 0 -6.137850 -2.166600 191.833000 1037.340000 -13 1344 1 0 1.000000
-0.793035 -4.322320 0 1.549540 5.733020 199.425000 1037.350000 -13 1345 1 0 1.000000
-6.121420 -20.034200 0 0.252173 -13.007600 197.633000 1037.290000 -13 1346 1 0 1.000000
2.127570 -7.199390 0 -4.146560 -13.114700 206.531000 1037.120000 -13 1347 1 0 1.000000
-14.384800 -8.175110 0 8.017110 4.433370 205.075000 1037.310000 -13 1348 1 0 1.000000
-13.013000 15.878900 0 -8.680260 7.731280 214.353000 1037.040000 -13 1349 1 0 1.000000
-8.420660 -14.086300 0 -4.155050 7.925900 195.464000 1037.190000 -13 1350 1 0 1.000000
-14.664700 -12.692200 0 -2.875960 36.564900 206.208000 1037.360000 -13 1351 1 0 1.000000
-12.947600 -3.996110 0 1.068680 12.096800 224.117000 1037.130000 -13 1352 1 0 1.000000
-3.177350 -5.351660 0 3.847870 -18.218100 193.179000 1037.180000 -13 1353 1 0 1.000000
-19.665900 0.733108 0 14.309800 19.215400 206.919000 1036.900000 -13 1354 1 0 1.000000
-8.847150 -17.799300 0 -12.530600 16.518100 185.961000 1037.410000 -13 1355 1 0 1.000000
17.677000 -13.670100 0 -4.372990 -10.940000 218.783000 1037.030000 -13 1356 1 0 1.000000
-8.502750 -21.109800 0 4.027740 9.471420 186.730000 1037.240000 -13 1357 1 0 1.000000
-16.643000 -11.787200 0 -6.290420 3.245020 205.357000 1037.310000 -13 1358 1 0 1.000000
7.406780 -9.967130 0 -3.426400 -5.179680 202.474000 1037.260000 -13 1359 1 0 1.000000
1.830310 -15.001700 0 -6.230700 -11.407400 201.639000 1037.280000 -13 1360 1 0 1.000000
-9.945910 -2.062960 0 0.475772 -17.599300 202.287000 1037.330000 -13 1361 1 0 1.000000
9.221730 -10.086400 0 5.655000 -7.499610 201.066000 1037.280000 -13 1362 1 0 1.000000
-8.357530 0.988087 0 17.347000 1.299790 204.200000 1037.390000 -13 1363 1 0 1.000000
-14.473400 1.548450 0 -5.302830 -11.015300 212.114000 1037.200000 -13 1364 1 0 1.000000
1.378690 -14.873200 0 -7.282540 -3.034780 212.268000 1037.360000 -13 1365 1 0 1.000000
-5.385460 -3.942040 0 14.577600 -14.033500 208.644000 1037.190000 -13 1366 1 0 1.000000
-16.408300 -5.783030 0 -26.850600 8.951140 200.631000 1037.120000 -13 1367 1 0 1.000000
-5.243700 -4.806620 0 13.148100 -19.591900 211.024000 1037.230000 -13 1368 1 0 1.000000
-1.567600 -14.346700 0 6.675960 -13.628100 182.366000 1037.150000 -13 1369 1 0 1.000000
6.858720 -4.034180 0 2.443860 -18.702700 205.320000 1037.060000 -13 1370 1 0 1.000000
-2.423850 -14.969800 0 0.444319 -12.256200 208.099000 1037.030000 -13 1371 1 0 1.000000
-22.971900 -5.458550 0 -13.204000 13.024900 191.458000 1037.260000 -13 1372 1 0 1.000000
0.825892 -3.357920 0 -15.847200 -12.148400 203.711000 1037.190000 -13 1373 1 0 1.000000
-5.362690 4.465300 0 2.038870 -4.941550 212.605000 1037.390000 -13 1374 1 0 1.000000
-1.524610 0.818353 0 3.551940 4.112060 205.605000 1037.330000 -13 1375 1 0 1.000000
-11.695200 -6.173740 0 -8.641150 10.598300 208.649000 1037.190000 -13 1376 1 0 1.000000
-6.527610 -1.739070 0 20.075300 -11.508000 213.398000 1037.320000 -13 1377 1 0 1.000000
-27.687300 -3.102340 0 8.358710 -5.206740 213.673000 1037.080000 -13 1378 1 0 1.000000
-0.817170 -4.985710 0 0.508938 7.004780 196.985000 1037.350000 -13 1379 1 0 1.000000
-6.221260 -4.141400 0 -14.516500 8.999730 208.905000 1037.300000 -13 1380 1 0 1.000000
-1.090250 7.997460 0 5.741680 -3.084430 204.565000 1037.380000 -13 1381 1 0 1.000000
-3.975580 -3.901680 0 3.731460 0.918044 197.413000 1037.140000 -13 1382 1 0 1.000000
-8.728450 -10.494500 0 6.448780 -11.265100 211.793000 1037.290000 -13 1383 1 0 1.000000
-31.284800 -12.317500 0 -33.778900 5.911220 205.224000 1037.140000 -13 1384 1 0 1.000000
-14.058300 -3.989200 0 12.576800 0.698540 209.302000 1037.190000 -13 1385 1 0 1.000000
-7.474880 -18.143000 0 13.513500 -3.388180 211.229000 1037.360000 -13 1386 1 0 1.000000
-1.073050 -16.688300 0 5.544700 -7.944420 202.171000 1037.200000 -13 1387 1 0 1.000000
-3.273070 -8.140890 0 -7.013060 3.151560 212.921000 1037.110000 -13 1388 1 0 1.000000
-3.506770 -0.989036 0 8.123320 -9.436150 199.767000 1037.090000 -13 1389 1 0 1.000000
-0.149484 -11.050700 0 -11.744000 -1.020410 215.891000 1037.040000 -13 1390 1 0 1.000000
-3.613560 -6.736950 0 10.908100 -4.881110 212.672000 1037.220000 -13 1391 1 0 1.000000
-7.844080 -0.260015 0 9.097240 5.391710 200.924000 1037.130000 -13 1392 1 0 1.000000
-1.888120 -3.038290 0 5.447090 -0.154920 208.777000 1037.200000 -13 1393 1 0 1.000000
-6.779300 -5.408120 0 10.161200 26.151600 192.874000 1037.320000 -13 1394 1 0 1.000000
-5.776060 -18.852500 0 0.090314 -14.206800 193.150000 1037.370000 -13 1395 1 0 1.000000
-3.312290 -9.416070 0 -14.241800 -2.834120 217.007000 1037.310000 -13 1396 1 0 1.000000
-5.564290 9.355270 0 4.689000 -8.186730 203.901000 1037.170000 -13 1397 1 0 1.000000
-10.015800 -10.349700 0 -7.710290 -0.521350 195.855000 1037.290000 -13 1398 1 0 1.000000
-0.847970 -10.322000 0 3.194970 -3.752230 200.272000 1037.330000 -13 1399 1 0 1.000000
-18.959200 -14.613700 0 -3.382250 8.577530 205.562000 1037.410000 -13 1400 1 0 1.000000
-6.482110 -8.368670 0 3.299210 -17.308800 212.327000 1037.360000 -13 1401 1 0 1.000000
-5.588170 -12.407300 0 -6.460850 3.987200 188.360000 1037.080000 -13 1402 1 0 1.000000
-7.466190 5.083920 0 18.269000 -14.418200 187.983000 1037.150000 -13 1403 1 0 1.000000
0.599176 -5.150060 0 -22.698800 -17.651200 217.362000 1037.340000 -13 1404 1 0 1.000000
11.952500 -21.112500 0 10.409400 11.773400 232.137000 1037.170000 -13 1405 1 0 1.000000
-9.218810 -4.009930 0 -5.830750 4.876690 206.318000 1037.210000 -13 1406 1 0 1.000000
4.647960 -6.996570 0 6.514380 -1.775700 201.457000 1037.230000 -13 1407 1 0 1.000000
-17.505400 4.282310 0 14.227300 10.696900 221.118000 1037.400000 -13 1408 1 0 1.000000
-4.479910 -2.201690 0 -3.102750 -10.968800 199.145000 1037.210000 -13 1409 1 0 1.000000
-11.708500 2.655800 0 1.737420 -14.668100 208.124000 1037.220000 -13 1410 1 0 1.000000
-12.512800 -0.052851 0 4.830370 -12.919700 199.960000 1037.270000 -13 1411 1 0 1.000000
6.357360 -16.846200 0 -4.587540 17.813700 202.872000 1037.370000 -13 1412 1 0 1.000000
0.313875 1.030790 0 -6.684590 -10.814300 211.172000 1037.160000 -13 1413 1 0 1.000000
-12.013300 -6.909420 0 -2.245370 9.331840 204.822000 1037.370000 -13 1414 1 0 1.000000
3.673570 -18.127400 0 -25.005100 15.162700 223.019000 1037.390000 -13 1415 1 0 1.000000
-10.815400 -18.063300 0 5.003290 -0.411684 207.437000 1037.160000 -13 1416 1 0 1.000000
4.879310 -11.243000 0 -9.800730 6.675190 219.067000 1037.220000 -13 1417 1 0 1.000000
0.444298 -7.142850 0 9.013560 11.011200 200.221000 1037.390000 -13 1418 1 0 1.000000
-3.026590 -19.853400 0 -0.324492 -21.545500 207.831000 1037.060000 -13 1419 1 0 1.000000
-8.129270 -14.260000 0 -20.659000 21.288400 204.896000 1037.000000 -13 1420 1 0 1.000000
2.785330 -9.128350 0 -1.421940 17.381400 204.506000 1037.020000 -13 1421 1 0 1.000000
0.668010 -3.097430 0 1.046570 4.136550 201.028000 1037.030000 -13 1422 1 0 1.000000
-0.822705 0.293894 0 14.222000 10.503200 219.176000 1037.040000 -13 1423 1 0 1.000000
-15.292200 -20.530700 0 11.342000 -14.734200 196.126000 1037.320000 -13 1424 1 0 1.000000
-7.244450 -4.428280 0 -3.995550 -4.261270 212.644000 1037.300000 -13 1425 1 0 1.000000
-1.490240 4.397610 0 8.362220 17.837500 201.517000 1037.290000 -13 1426 1 0 1.000000
-3.229900 -2.007770 0 19.620100 6.204370 230.078000 1037.260000 -13 1427 1 0 1.000000
-6.405590 2.016550 0 -2.886900 8.199050 193.508000 1037.270000 -13 1428 1 0 1.000000
-3.866200 -9.344820 0 -2.196180 -2.828030 213.592000 1037.370000 -13 1429 1 0 1.000000
-16.844100 -3.549240 0 -9.034740 4.498300 205.005000 1037.100000 -13 1430 1 0 1.000000
-16.836900 -3.341920 0 -10.692200 9.929830 196.946000 1037.120000 -13 1431 1 0 1.000000
-6.293930 7.236890 0 -13.586800 3.178890 205.463000 1037.120000 -13 1432 1 0 1.000000
-6.787350 -10.157600 0 7.715970 -2.848620 198.719000 1037.370000 -13 1433 1 0 1.000000
-6.576590 -5.221860 0 -15.556700 -6.206160 203.674000 1037.200000 -13 1434 1 0 1.000000
0.986300 -6.883300 0 26.641200 -7.210110 209.042000 1037.060000 -13 1435 1 0 1.000000
-5.479450 4.524450 0 -15.181800 0.448930 195.421000 1037.360000 -13 1436 1 0 1.000000
11.822400 -14.833000 0 12.680700 9.429380 193.466000 1037.260000 -13 1437 1 0 1.000000
-9.885170 -30.970800 0 2.358190 7.975280 207.980000 1037.260000 -13 1438 1 0 1.000000
2.033140 -7.508970 0 -12.203300 -2.127120 207.863000 1037.240000 -13 1439 1 0 1.000000
-24.195900 2.557500 0 -6.529200 24.226800 196.862000 1037.200000 -13 1440 1 0 1.000000
7.392770 -4.625900 0 -5.058610 2.523140 225.040000 1036.980000 -13 1441 1 0 1.000000
-1.206070 3.223510 0 -14.704400 -6.019340 196.423000 1037.410000 -13 1442 1 0 1.000000
1.398720 0.982491 0 -12.791300 2.963240 201.569000 1037.130000 -13 1443 1 0 1.000000
-19.324200 -25.227200 0 -28.872600 -9.983850 233.436000 1037.430000 -13 1444 1 0 1.000000
6.521910 -0.806006 0 3.805620 4.531470 210.607000 1037.140000 -13 1445 1 0 1.000000
-7.773870 -8.052790 0 -8.739080 4.973320 203.868000 1037.410000 -13 1446 1 0 1.000000
-9.112230 -12.511500 0 30.450300 -0.141365 190.671000 1037.320000 -13 1447 1 0 1.000000
-14.382800 -10.108300 0 -23.195700 -12.688300 208.043000 1037.380000 -13 1448 1 0 1.000000
-7.997830 -3.684210 0 0.303162 4.049950 212.561000 1037.060000 -13 1449 1 0 1.000000
-15.285600 -5.287520 0 -16.581200 3.523640 212.599000 1037.370000 -13 1450 1 0 1.000000
5.039960 -14.984200 0 26.450500 17.004400 192.207000 1037.370000 -13 1451 1 0 1.000000
0.960101 0.605452 0 -12.150300 4.427410 200.099000 1037.330000 -13 1452 1 0 1.000000
-11.408000 1.710260 0 -6.005480 -3.867580 192.112000 1037.150000 -13 1453 1 0 1.000000
-2.751910 -9.101900 0 -8.361580 2.554850 199.944000 1037.260000 -13 1454 1 0 1.000000
-3.578330 -5.174810 0 0.894011 -8.415000 203.144000 1037.180000 -13 1455 1 0 1.000000
-7.620210 4.385480 0 -10.961900 20.965500 202.882000 1037.110000 -13 1456 1 0 1.000000
-19.050200 -11.561200 0 -9.352050 4.282720 210.108000 1037.110000 -13 1457 1 0 1.000000
-11.360500 0.869651 0 9.277140 -20.375000 211.661000 1037.120000 -13 1458 1 0 1.000000
11.586800 -1.308200 0 -13.903000 0.120815 205.473000 1037.440000 -13 1459 1 0 1.000000
-13.063100 -2.159960 0 -0.488017 -2.124630 223.715000 1036.990000 -13 1460 1 0 1.000000
-22.496900 -5.326680 0 1.832380 -3.537680 212.550000 1037.080000 -13 1461 1 0 1.000000
-9.533600 -9.783080 0 -9.947360 7.570610 206.221000 1037.310000 -13 1462 1 0 1.000000
2.638650 -4.970700 0 16.251600 11.729100 207.283000 1037.250000 -13 1463 1 0 1.000000
9.185810 -8.332320 0 7.271800 9.644700 208.310000 1037.260000 -13 1464 1 0 1.000000
-18.831500 -5.907590 0 16.716000 -7.561510 196.255000 1037.510000 -13 1465 1 0 1.000000
7.065140 5.881130 0 4.584950 -7.880310 207.105000 1037.400000 -13 1466 1 0 1.000000
-2.707620 1.007250 0 6.078690 -10.840600 188.112000 1037.080000 -13 1467 1 0 1.000000
3.185860 -3.704850 0 -3.712030 2.733640 199.579000 1037.110000 -13 1468 1 0 1.000000
-1.603140 -12.694200 0 -13.564100 -2.407340 205.708000 1037.150000 -13 1469 1 0 1.000000
-6.929790 -17.557200 0 5.461300 -3.204550 188.852000 1037.140000 -13 1470 1 0 1.000000
-7.172240 -3.954970 0 -11.485400 -11.029300 187.083000 1037.340000 -13 1471 1 0 1.000000
-7.840640 1.817930 0 5.087510 -3.645520 188.330000 1037.300000 -13 1472 1 0 1.000000
-3.187090 -1.535490 0 -0.190598 -2.745620 199.125000 1037.010000 -13 1473 1 0 1.000000
-0.839368 -26.432800 0 4.395950 -5.442770 205.860000 1037.130000 -13 1474 1 0 1.000000
-8.478540 -10.885900 0 -2.979490 -6.701890 198.729000 1036.990000 -13 1475 1 0 1.000000
-0.588454 4.011340 0 10.010300 -14.287100 186.390000 1037.380000 -13 1476 1 0 1.000000
4.521630 -10.056900 0 13.623400 18.624900 199.915000 1037.130000 -13 1477 1 0 1.000000
-4.205200 -2.900700 0 -0.097334 23.441300 198.212000 1037.200000 -13 1478 1 0 1.000000
-16.333500 0.929523 0 -0.903480 15.753100 194.073000 1037.560000 -13 1479 1 0 1.000000
-6.536010 -4.376070 0 -3.332360 -11.803200 202.469000 1037.210000 -13 1480 1 0 1.000000
1.490590 -2.782170 0 -8.385580 -0.560479 200.655000 1037.270000 -13 1481 1 0 1.000000
9.206760 -14.835200 0 0.805137 15.812000 202.430000 1037.150000 -13 1482 1 0 1.000000
-17.320500 -3.933240 0 -19.585200 -0.737928 204.090000 1037.250000 -13 1483 1 0 1.000000
5.605290 -3.918090 0 -18.880300 -10.743100 212.269000 1037.090000 -13 1484 1 0 1.000000
-6.347410 -9.048400 0 13.394200 -1.393160 220.330000 1037.340000 -13 1485 1 0 1.000000
-8.741000 -16.973400 0 -6.753090 -12.830300 205.502000 1037.160000 -13 1486 1 0 1.000000
-9.943400 -6.950480 0 -7.572900 2.617490 220.404000 1037.120000 -13 1487 1 0 1.000000
10.384600 -11.970700 0 10.084500 0.722154 208.861000 1037.380000 -13 1488 1 0 1.000000
14.660300 -12.173300 0 -20.048300 6.427570 204.258000 1037.310000 -13 1489 1 0 1.000000
-5.979290 7.682200 0 12.960400 -9.097320 207.258000 1037.220000 -13 1490 1 0 1.000000
-23.845700 -9.402830 0 1.292110 -17.476500 206.726000 1037.160000 -13 1491 1 0 1.000000
-18.838700 -7.582610 0 -8.802450 0.725062 222.227000 1037.300000 -13 1492 1 0 1.000000
-9.953460 -22.195800 0 -18.829600 3.343090 202.192000 1037.030000 -13 1493 1 0 1.000000
-13.682800 -10.289400 0 10.370700 -11.761600 197.974000 1037.500000 -13 1494 1 0 1.000000
-13.269500 -4.932220 0 -18.920100 25.518500 217.366000 1037.100000 -13 1495 1 0 1.000000
3.325150 -15.888600 0 -4.212550 17.025300 199.962000 1037.270000 -13 1496 1 0 1.000000
-1.475060 -12.126500 0 -10.672800 -1.084470 198.870000 1037.360000 -13 1497 1 0 1.000000
1.552510 -0.321776 0 4.883070 8.833360 202.550000 1037.270000 -13 1498 1 0 1.000000
-13.944600 -24.147200 0 -3.230580 7.822010 207.139000 1037.330000 -13 1499 1 0 1.000000
-3.971790 -12.450900 0 -19.182700 8.987100 205.440000 1037.200000 -13 1500 1 0 1.000000
-8.714690 -8.994620 0 -20.069500 -0.229476 213.507000 1037.280000 -13 1501 1 0 1.000000
2.752520 -11.298700 0 -15.581200 -30.573500 200.119000 1037.280000 -13 1502 1 0 1.000000
8.539470 -10.219100 0 -7.764140 -7.591100 198.977000 1037.290000 -13 1503 1 0 1.000000
4.342310 -8.612930 0 -4.026140 -15.810400 198.648000 1037.380000 -13 1504 1 0 1.000000
-6.306210 -4.500520 0 2.171170 10.458800 204.590000 1037.310000 -13 1505 1 0 1.000000
-5.357660 -17.402600 0 -9.304850 10.973600 194.178000 1037.140000 -13 1506 1 0 1.000000
-1.368930 -6.762340 0 12.609200 -3.141750 212.878000 1037.160000 -13 1507 1 0 1.000000
-8.695260 -14.464600 0 -6.871740 4.909600 223.146000 1037.180000 -13 1508 1 0 1.000000
-2.057840 -5.129180 0 -5.008130 8.597960 200.997000 1037.380000 -13 1509 1 0 1.000000
2.475170 -4.033020 0 -10.776600 2.678290 201.639000 1037.230000 -13 1510 1 0 1.000000
3.340370 0.522607 0 12.419100 -15.526400 205.837000 1037.210000 -13 1511 1 0 1.000000
-5.901500 -7.927870 0 1.294700 -14.457600 207.130000 1037.180000 -13 1512 1 0 1.000000
-6.570820 -9.072310 0 7.700080 -21.217900 198.437000 1037.310000 -13 1513 1 0 1.000000
-13.866800 -2.426070 0 -3.759550 9.616640 205.750000 1037.350000 -13 1514 1 0 1.000000
-5.034680 -1.173930 0 18.737100 -8.267780 183.392000 1037.090000 -13 1515 1 0 1.000000
7.421980 -18.377000 0 -1.960630 0.536153 201.137000 1037.210000 -13 1516 1 0 1.000000
0.905148 -8.747900 0 -2.653600 7.199320 200.240000 1037.280000 -13 1517 1 0 1.000000
5.187340 -6.240030 0 -4.551420 -15.079500 190.624000 1037.180000 -13 1518 1 0 1.000000
-13.215200 -6.993750 0 27.998700 1.641640 192.888000 1037.280000 -13 1519 1 0 1.000000
-0.753424 -5.140420 0 -13.252300 -3.363900 189.791000 1037.090000 -13 1520 1 0 1.000000
-13.987100 -3.090830 0 -6.014250 0.651195 203.764000 1037.290000 -13 1521 1 0 1.000000
-4.331470 -7.724250 0 7.677000 -2.372910 192.927000 1037.150000 -13 1522 1 0 1.000000
2.548550 -11.919400 0 -24.351900 7.809100 207.005000 1037.110000 -13 1523 1 0 1.000000
-12.112400 -6.496930 0 -7.386530 0.103434 209.858000 1037.380000 -13 1524 1 0 1.000000
-15.923200 -10.598700 0 6.508040 -15.425700 197.224000 1037.310000 -13 1525 1 0 1.000000
1.217410 1.014440 0 -0.205589 3.909810 191.862000 1037.340000 -13 1526 1 0 1.000000
-10.846800 1.705550 0 5.478080 -0.848477 197.963000 1037.310000 -13 1527 1 0 1.000000
5.182470 -4.540060 0 4.118160 -23.505600 196.726000 1037.030000 -13 1528 1 0 1.000000
3.954600 -12.426700 0 0.016639 14.229200 198.597000 1037.180000 -13 1529 1 0 1.000000
-8.780760 -7.908660 0 -1.661660 8.699220 191.617000 1037.110000 -13 1530 1 0 1.000000
-17.411600 -8.314240 0 -10.025200 -2.759930 186.324000 1037.100000 -13 1531 1 0 1.000000
3.884100 -17.377600 0 15.176600 -8.447750 187.725000 1037.210000 -13 1532 1 0 1.000000
-2.116010 -0.940417 0 -4.406860 17.258200 217.143000 1037.420000 -13 1533 1 0 1.000000
2.729570 3.309160 0 6.820230 -1.794980 194.386000 1037.150000 -13 1534 1 0 1.000000
2.082180 6.827390 0 6.088720 -6.229840 195.039000 1037.000000 -13 1535 1 0 1.000000
-5.100730 -18.260100 0 -1.310020 -4.199930 203.988000 1037.010000 -13 1536 1 0 1.000000
-1.513630 -10.097300 0 1.179360 1.729600 203.559000 1037.210000 -13 1537 1 0 1.000000
-11.910000 -3.297440 0 -12.785600 3.474980 206.893000 1037.430000 -13 1538 1 0 1.000000
-5.614770 -23.987300 0 -0.434809 -4.388070 202.980000 1037.200000 -13 1539 1 0 1.000000
-25.852700 -2.030420 0 -5.253770 5.441780 218.966000 1037.320000 -13 1540 1 0 1.000000
5.455570 -9.522290 0 -6.639610 -6.576920 197.507000 1037.310000 -13 1541 1 0 1.000000
-6.431720 -6.226160 0 -2.487190 -7.260050 210.681000 1037.230000 -13 1542 1 0 1.000000
-10.185600 -10.381600 0 -7.646480 9.059320 214.793000 1037.220000 -13 1543 1 0 1.000000
7.228610 -4.875110 0 4.390590 1.842710 213.536000 1037.260000 -13 1544 1 0 1.000000
-11.731700 -1.913890 0 15.996200 3.517400 198.082000 1037.300000 -13 1545 1 0 1.000000
0.485080 -9.173350 0 -7.456810 -5.987670 201.406000 1037.210000 -13 1546 1 0 1.000000
-0.755410 -8.772710 0 -5.823310 -12.258500 189.607000 1037.260000 -13 1547 1 0 1.000000
-4.107710 3.329180 0 28.507600 -4.149440 214.017000 1037.260000 -13 1548 1 0 1.000000
-8.718960 -14.123600 0 3.434340 -28.217800 199.686000 1037.360000 -13 1549 1 0 1.000000
-4.632900 -5.331040 0 3.191620 -9.125240 197.961000 1037.280000 -13 1550 1 0 1.000000
-11.888800 -11.366200 0 3.604730 9.415380 214.401000 1037.130000 -13 1551 1 0 1.000000
0.085456 -16.487500 0 7.884120 5.896640 213.873000 1037.190000 -13 1552 1 0 1.000000
-9.108570 5.416170 0 10.729300 3.926350 203.305000 1037.340000 -13 1553 1 0 1.000000
14.692200 -4.407130 0 18.145800 12.238100 206.822000 1037.230000 -13 1554 1 0 1.000000
-2.767220 1.581690 0 5.881700 -15.634800 209.616000 1037.370000 -13 1555 1 0 1.000000
-4.304110 -4.599840 0 3.839400 -8.388490 217.627000 1037.120000 -13 1556 1 0 1.000000
-24.870000 0.093139 0 0.368542 21.591800 196.776000 1037.170000 -13 1557 1 0 1.000000
-13.663300 6.477210 0 3.867920 -6.516810 207.386000 1037.390000 -13 1558 1 0 1.000000
-5.832780 -5.083620 0 -4.986160 8.536530 193.962000 1037.130000 -13 1559 1 0 1.000000
-15.269200 -10.514000 0 -0.002214 -1.519480 197.605000 1037.490000 -13 1560 1 0 1.000000
-3.196970 -2.565420 0 19.244300 16.981400 200.613000 1037.030000 -13 1561 1 0 1.000000
9.147210 -15.077600 0 -17.080700 -2.760900 201.372000 1037.110000 -13 1562 1 0 1.000000
-7.656610 -19.289500 0 12.637700 5.132090 211.926000 1037.460000 -13 1563 1 0 1.000000
-9.457660 -4.685620 0 -12.666600 10.965200 222.999000 1037.050000 -13 1564 1 0 1.000000
-2.439610 -23.381400 0 -15.705800 -6.128690 193.065000 1037.050000 -13 1565 1 0 1.000000
-16.734700 -8.694500 0 1.958570 -4.110200 194.594000 1037.430000 -13 1566 1 0 1.000000
-11.533100 8.068170 0 23.878700 -3.381330 209.084000 1037.530000 -13 1567 1 0 1.000000
-12.493500 -16.442400 0 -8.948990 -0.335903 201.720000 1037.430000 -13 1568 1 0 1.000000
3.022690 2.415140 0 3.284330 -5.450440 195.561000 1037.390000 -13 1569 1 0 1.000000
-1.158320 -16.055700 0 -0.265264 -1.506360 205.018000 1037.260000 -13 1570 1 0 1.000000
-11.439800 1.877150 0 8.685950 5.086770 218.231000 1037.210000 -13 1571 1 0 1.000000
-5.383530 -4.192080 0 -13.950400 2.475990 207.533000 1037.140000 -13 1572 1 0 1.000000
-19.209500 4.823040 0 -5.425910 6.382220 196.017000 1037.130000 -13 1573 1 0 1.000000
4.626600 -6.608080 0 -8.555000 4.330770 193.054000 1037.330000 -13 1574 1 0 1.000000
-5.286990 -2.802190 0 -5.740290 -16.189900 211.313000 1037.090000 -13 1575 1 0 1.000000
-14.837500 -9.287400 0 8.044890 -2.405440 221.011000 1037.150000 -13 1576 1 0 1.000000
-12.052800 -7.127730 0 -1.702620 -14.135600 194.521000 1036.990000 -13 1577 1 0 1.000000
-8.889370 -0.447280 0 -2.469260 -17.633100 216.787000 1037.290000 -13 1578 1 0 1.000000
-3.340130 -6.336590 0 22.537900 8.931910 210.687000 1037.340000 -13 1579 1 0 1.000000
-20.976500 -6.429340 0 -7.342420 8.562770 231.266000 1037.090000 -13 1580 1 0 1.000000
-5.121390 0.482031 0 -3.701850 10.671400 194.701000 1037.160000 -13 1581 1 0 1.000000
-2.012880 -27.900800 0 3.001230 -5.692430 208.261000 1037.210000 -13 1582 1 0 1.000000
-10.967400 -4.643410 0 -16.638400 3.123490 210.668000 1037.180000 -13 1583 1 0 1.000000
-7.809980 -19.640900 0 12.769900 -4.856120 210.166000 1037.170000 -13 1584 1 0 1.000000
-9.997970 2.178780 0 -16.985900 12.071600 210.174000 1037.110000 -13 1585 1 0 1.000000
-12.529600 -8.099270 0 15.908300 -6.184240 208.353000 1037.260000 -13 1586 1 0 1.000000
-6.281410 -8.136110 0 6.571320 3.040060 207.221000 1037.450000 -13 1587 1 0 1.000000
-12.860000 -1.444450 0 -17.542800 -5.415670 203.175000 1037.250000 -13 1588 1 0 1.000000
-1.417900 -7.354790 0 -9.131900 -22.413400 219.174000 1037.350000 -13 1589 1 0 1.000000
-5.964670 -1.089040 0 -2.019620 23.851200 191.615000 1037.290000 -13 1590 1 0 1.000000
-14.198500 0.834104 0 8.370720 9.346690 204.453000 1037.240000 -13 1591 1 0 1.000000
-1.461320 8.541660 0 19.563700 -17.216600 210.767000 1037.320000 -13 1592 1 0 1.000000
-5.114640 -2.647900 0 2.758100 -9.651500 189.798000 1037.270000 -13 1593 1 0 1.000000
-18.739300 7.412720 0 8.110920 -6.306210 193.613000 1037.410000 -13 1594 1 0 1.000000
-13.603700 -5.111430 0 -4.240820 -23.956400 210.355000 1037.160000 -13 1595 1 0 1.000000
-4.270720 -9.438300 0 10.701700 -6.729340 208.457000 1037.030000 -13 1596 1 0 1.000000
-10.485300 -16.812000 0 -7.942660 18.722100 194.638000 1037.130000 -13 1597 1 0 1.000000
-18.040900 4.253960 0 -12.349100 8.284010 212.363000 1037.030000 -13 1598 1 0 1.000000
0.107554 6.575160 0 1.350720 11.640100 204.342000 1037.360000 -13 1599 1 0 1.000000
-0.244748 12.913800 0 -4.664550 15.209400 200.460000 1037.300000 -13 1600 1 0 1.000000
-11.970600 -1.273670 0 11.976200 -8.094530 205.906000 1036.980000 -13 1601 1 0 1.000000
-7.736390 -22.909400 0 -9.009350 -11.296100 204.499000 1037.200000 -13 1602 1 0 1.000000
-17.591900 -0.579142 0 -1.689070 7.488860 214.633000 1037.090000 -13 1603 1 0 1.000000
-12.149400 -5.890520 0 3.888200 -6.342300 214.703000 1037.180000 -13 1604 1 0 1.000000
-6.385850 -5.390410 0 8.665460 -22.330600 224.630000 1037.270000 -13 1605 1 0 1.000000
-0.072013 -14.742100 0 -1.172320 12.382400 189.098000 1037.180000 -13 1606 1 0 1.000000
-15.661700 -6.189780 0 -2.347750 -16.313400 206.602000 1037.340000 -13 1607 1 0 1.000000
-4.478920 -12.176600 0 -16.552700 -3.572350 191.205000 1037.030000 -13 1608 1 0 1.000000
-6.147650 -13.246900 0 10.013900 -12.431600 207.499000 1037.270000 -13 1609 1 0 1.000000
-23.424900 -17.302400 0 -24.428300 7.019180 206.954000 1037.300000 -13 1610 1 0 1.000000
-4.334650 -16.818300 0 -23.396700 0.355769 203.369000 1037.400000 -13 1611 1 0 1.000000
-0.405132 -10.811900 0 -4.923750 -7.130740 194.323000 1037.330000 -13 1612 1 0 1.000000
7.331130 -6.962950 0 -0.798185 -4.662030 204.312000 1037.290000 -13 1613 1 0 1.000000
-13.987900 -16.620000 0 -31.283300 9.328050 222.113000 1037.240000 -13 1614 1 0 1.000000
0.063729 14.636100 0 -0.891522 4.180560 211.156000 1037.440000 -13 1615 1 0 1.000000
-11.510400 8.298550 0 5.497370 -17.388100 214.632000 1037.170000 -13 1616 1 0 1.000000
-20.363300 -15.721100 0 11.515300 14.938400 193.378000 1036.960000 -13 1617 1 0 1.000000
-2.281530 -13.650400 0 4.561350 34.858400 206.176000 1037.280000 -13 1618 1 0 1.000000
0.017485 5.328320 0 -3.900650 -9.574920 185.754000 1037.330000 -13 1619 1 0 1.000000
10.970400 -29.849400 0 -21.808700 -7.065410 221.840000 1037.270000 -13 1620 1 0 1.000000
-5.144330 -13.649700 0 -5.180770 -0.084770 195.712000 1037.410000 -13 1621 1 0 1.000000
-4.811150 -10.879700 0 -7.221750 -4.160360 214.842000 1037.430000 -13 1622 1 0 1.000000
-15.321400 -26.148100 0 -12.129300 -3.036670 212.270000 1037.230000 -13 1623 1 0 1.000000
-3.611800 -11.384800 0 -9.761700 -6.523770 201.854000 1037.470000 -13 1624 1 0 1.000000
-1.563080 -2.718900 0 21.653400 -17.146500 222.071000 1037.070000 -13 1625 1 0 1.000000
7.702360 -13.972200 0 14.732300 -30.071800 217.145000 1037.000000 -13 1626 1 0 1.000000
3.789010 -2.591450 0 29.626800 5.939110 189.687000 1037.360000 -13 1627 1 0 1.000000
1.330850 -11.196500 0 -7.903250 -9.898230 227.255000 1037.230000 -13 1628 1 0 1.000000
7.304010 -11.624400 0 0.283298 5.166590 231.668000 1037.460000 -13 1629 1 0 1.000000
-2.044200 -15.186900 0 10.315600 6.825090 194.829000 1037.290000 -13 1630 1 0 1.000000
-14.985100 -13.758100 0 -14.351400 -1.172990 201.153000 1037.310000 -13 1631 1 0 1.000000
7.560190 -0.115482 0 -11.519300 -9.494550 197.143000 1037.330000 -13 1632 1 0 1.000000
-26.349800 -18.409800 0 -21.130000 7.318170 210.386000 1036.990000 -13 1633 1 0 1.000000
-16.082600 -3.660820 0 9.306040 -14.690300 210.754000 1037.460000 -13 1634 1 0 1.000000
-11.249100 -3.447860 0 -1.167440 10.923700 205.818000 1037.370000 -13 1635 1 0 1.000000
-4.917690 -13.411500 0 -3.030510 -11.645700 202.970000 1037.010000 -13 1636 1 0 1.000000
-8.463340 -17.642200 0 13.304200 -0.000358 202.568000 1037.250000 -13 1637 1 0 1.000000
-5.829960 -19.871100 0 -10.912500 12.362000 188.662000 1037.220000 -13 1638 1 0 1.000000
-8.525890 2.696340 0 5.444710 -6.886350 187.687000 1037.240000 -13 1639 1 0 1.000000
-23.000900 1.582690 0 3.593190 -18.200800 202.872000 1037.170000 -13 1640 1 0 1.000000
-17.978500 -8.608000 0 9.003980 -2.119460 194.525000 1037.230000 -13 1641 1 0 1.000000
-17.666100 -10.441600 0 -7.040570 39.861500 231.778000 1037.100000 -13 1642 1 0 1.000000
-12.678300 -29.034900 0 -3.777960 10.707000 211.792000 1037.330000 -13 1643 1 0 1.000000
-6.511650 -4.850610 0 1.583320 -2.552300 198.787000 1037.250000 -13 1644 1 0 1.000000
-4.936540 -12.516400 0 -18.324300 -1.708860 182.398000 1037.380000 -13 1645 1 0 1.000000
-10.385000 -16.079100 0 1.434850 -1.807970 212.089000 1037.270000 -13 1646 1 0 1.000000
-0.794725 -6.106810 0 20.323500 -17.258100 205.113000 1037.280000 -13 1647 1 0 1.000000
-0.552350 -18.971600 0 8.557000 -8.203830 203.451000 1037.430000 -13 1648 1 0 1.000000
11.125300 -21.527900 0 -5.062410 -23.005500 192.430000 1037.150000 -13 1649 1 0 1.000000
-15.414200 -10.731400 0 -4.791310 2.177930 198.300000 1037.310000 -13 1650 1 0 1.000000
-9.102420 -3.428470 0 6.107020 -6.466960 195.852000 1037.090000 -13 1651 1 0 1.000000
-8.207930 -8.266400 0 0.071763 -2.427460 190.554000 1037.430000 -13 1652 1 0 1.000000
-6.232390 -0.665335 0 -11.295700 -8.114350 198.848000 1037.090000 -13 1653 1 0 1.000000
-4.990370 -0.824770 0 5.044190 -11.195800 205.770000 1037.150000 -13 1654 1 0 1.000000
-7.032470 -2.891410 0 16.643900 18.785800 199.555000 1037.340000 -13 1655 1 0 1.000000
-4.466150 -4.243240 0 -11.957100 5.688230 201.849000 1037.160000 -13 1656 1 0 1.000000
-12.653100 -0.094970 0 2.096060 11.353400 205.079000 1037.220000 -13 1657 1 0 1.000000
-7.072570 -2.125650 0 -10.645800 -4.128540 202.879000 1037.240000 -13 1658 1 0 1.000000
-6.305530 -22.980200 0 -7.640760 13.219100 234.389000 1037.050000 -13 1659 1 0 1.000000
3.378200 -8.207820 0 3.562010 9.251780 202.958000 1037.170000 -13 1660 1 0 1.000000
-2.820090 -11.785000 0 -18.577500 -3.015740 191.307000 1037.220000 -13 1661 1 0 1.000000
6.522030 4.240600 0 9.703040 -11.366800 194.495000 1037.500000 -13 1662 1 0 1.000000
-11.658100 -6.539270 0 -11.621700 11.471100 196.991000 1037.280000 -13 1663 1 0 1.000000
-16.362500 5.558030 0 -6.857560 4.007100 198.841000 1037.170000 -13 1664 1 0 1.000000
-1.329000 -1.813500 0 23.902000 -5.051640 194.693000 1037.310000 -13 1665 1 0 1.000000
-0.566343 -10.100700 0 -8.073530 -7.861950 191.204000 1037.260000 -13 1666 1 0 1.000000
-10.245400 -8.289400 0 2.998900 -15.760000 187.911000 1037.070000 -13 1667 1 0 1.000000
-17.364300 0.864624 0 4.832420 -6.610510 192.238000 1037.230000 -13 1668 1 0 1.000000
16.971100 -2.019090 0 -12.457900 5.274970 197.394000 1037.210000 -13 1669 1 0 1.000000
-9.572600 -7.698760 0 1.896480 -3.893080 207.269000 1037.110000 -13 1670 1 0 1.000000
-2.464350 -15.240200 0 0.800165 -22.523200 207.002000 1037.220000 -13 1671 1 0 1.000000
-7.315900 -4.569640 0 4.348120 -8.959190 206.270000 1037.210000 -13 1672 1 0 1.000000
1.655330 -6.450960 0 -19.186300 7.115060 197.061000 1037.480000 -13 1673 1 0 1.000000
-5.006110 -12.939600 0 7.290890 -5.102820 212.263000 1037.260000 -13 1674 1 0 1.000000
-2.297810 -14.689500 0 2.719010 -0.281532 195.646000 1037.240000 -13 1675 1 0 1.000000
-16.029500 -6.183540 0 -21.724800 -2.000520 201.906000 1037.140000 -13 1676 1 0 1.000000
-10.744300 -8.341450 0 2.404510 -0.500666 191.205000 1037.030000 -13 1677 1 0 1.000000
-7.786570 -13.054400 0 -12.057500 4.636390 219.921000 1037.250000 -13 1678 1 0 1.000000
-0.129997 -8.965610 0 9.709260 -7.180810 210.145000 1037.200000 -13 1679 1 0 1.000000
-3.319980 -3.518170 0 0.989691 -7.156900 205.694000 1037.200000 -13 1680 1 0 1.000000
-9.106680 -4.191420 0 22.796200 -5.475310 207.756000 1037.130000 -13 1681 1 0 1.000000
8.323400 -2.025960 0 -6.868240 31.255300 189.172000 1037.160000 -13 1682 1 0 1.000000
-11.662700 -12.888400 0 9.372000 -4.023800 208.112000 1037.180000 -13 1683 1 0 1.000000
-23.760500 4.046480 0 -5.223530 -8.023350 193.869000 1037.180000 -13 1684 1 0 1.000000
-19.819200 -3.509730 0 13.566600 5.454710 209.368000 1037.370000 -13 1685 1 0 1.000000
-15.313900 -1.857560 0 -10.476500 -16.839100 197.731000 1037.360000 -13 1686 1 0 1.000000
7.890600 -7.509650 0 -10.541500 0.931785 198.407000 1037.460000 -13 1687 1 0 1.000000
-1.674430 -18.099100 0 7.452080 -7.651680 203.214000 1037.170000 -13 1688 1 0 1.000000
-10.620300 -6.273870 0 5.866050 16.276800 216.002000 1037.260000 -13 1689 1 0 1.000000
-10.608900 -15.967400 0 6.473550 19.887400 192.011000 1037.250000 -13 1690 1 0 1.000000
-13.452100 0.590080 0 -0.912105 1.002970 207.803000 1037.050000 -13 1691 1 0 1.000000
-5.079470 -13.253800 0 -5.586260 -0.818438 208.893000 1037.270000 -13 1692 1 0 1.000000
-6.334910 -4.598630 0 4.258210 -15.327600 200.868000 1037.210000 -13 1693 1 0 1.000000
-14.170800 -10.056000 0 1.670090 -5.182420 205.152000 1037.260000 -13 1694 1 0 1.000000
-3.506950 -15.703600 0 2.083580 -11.849300 191.591000 1037.400000 -13 1695 1 0 1.000000
-9.030010 -0.487207 0 -6.803490 0.052622 205.908000 1037.230000 -13 1696 1 0 1.000000
-10.086800 -7.478050 0 3.258180 -6.952550 208.181000 1037.340000 -13 1697 1 0 1.000000
-3.922660 -10.872400 0 4.132820 -3.552300 196.075000 1037.220000 -13 1698 1 0 1.000000
-9.904630 -12.088900 0 0.798600 9.246230 214.030000 1037.180000 -13 1699 1 0 1.000000
1.599030 7.310320 0 -19.085800 -6.905920 197.165000 1037.210000 -13 1700 1 0 1.000000
9.865030 -9.587390 0 -10.234900 -3.038010 203.332000 1037.400000 -13 1701 1 0 1.000000
-2.405960 -7.963550 0 -0.837238 1.110200 198.979000 1037.270000 -13 1702 1 0 1.000000
-3.472790 -2.638650 0 -0.578506 -5.820880 187.019000 1037.380000 -13 1703 1 0 1.000000
4.632430 -12.786400 0 5.312130 1.650880 200.091000 1037.490000 -13 1704 1 0 1.000000
-27.307500 -5.039160 0 -8.327300 -6.691770 207.996000 1037.300000 -13 1705 1 0 1.000000
2.878570 -2.845770 0 1.879990 -12.442500 203.745000 1037.260000 -13 1706 1 0 1.000000
-4.628150 -6.648850 0 -5.749040 3.533020 207.577000 1037.190000 -13 1707 1 0 1.000000
3.911050 -0.702709 0 4.063270 2.030150 208.043000 1037.260000 -13 1708 1 0 1.000000
2.907000 2.543500 0 -1.146990 -4.821290 210.953000 1037.300000 -13 1709 1 0 1.000000
-14.052100 -9.023030 0 1.839610 -7.510460 198.534000 1037.440000 -13 1710 1 0 1.000000
8.823190 0.956907 0 5.835390 -5.745360 207.486000 1037.130000 -13 1711 1 0 1.000000
-13.881200 -21.611500 0 -1.457840 -11.128200 199.863000 1037.510000 -13 1712 1 0 1.000000
-8.851390 -3.999470 0 3.793410 17.787400 199.564000 1037.450000 -13 1713 1 0 1.000000
-17.453000 -15.093600 0 -7.983110 19.210200 204.616000 1037.210000 -13 1714 1 0 1.000000
-8.008850 -7.592590 0 -1.414400 -9.777210 222.029000 1037.170000 -13 1715 1 0 1.000000
-0.208493 -7.781000 0 -9.534970 11.624000 199.410000 1037.330000 -13 1716 1 0 1.000000
-3.448250 -3.132670 0 10.763600 21.602800 189.755000 1037.300000 -13 1717 1 0 1.000000
-2.714630 8.444600 0 -13.250500 -6.331950 212.013000 1037.220000 -13 1718 1 0 1.000000
14.574900 -13.815800 0 15.317900 -3.441950 195.874000 1037.580000 -13 1719 1 0 1.000000
0.296650 -23.076300 0 18.594800 13.354500 208.655000 1037.050000 -13 1720 1 0 1.000000
9.733400 -7.862300 0 -10.899900 16.089800 208.743000 1037.290000 -13 1721 1 0 1.000000
5.139710 -4.092700 0 -11.398600 -0.237118 207.317000 1037.220000 -13 1722 1 0 1.000000
-1.123520 3.597580 0 -9.419050 -4.869980 200.942000 1037.240000 -13 1723 1 0 1.000000
-12.072700 -16.322300 0 -5.048610 -8.486180 198.851000 1037.420000 -13 1724 1 0 1.000000
-11.371300 -9.352010 0 3.131870 -13.839400 218.163000 1037.200000 -13 1725 1 0 1.000000
-23.159300 -11.651200 0 -16.650600 6.242030 211.239000 1037.230000 -13 1726 1 0 1.000000
6.006020 2.762790 0 -15.075900 15.333500 192.552000 1037.130000 -13 1727 1 0 1.000000
-2.879680 -16.739900 0 -14.954300 -4.141740 205.661000 1037.530000 -13 1728 1 0 1.000000
-22.075500 -12.190200 0 -33.068700 10.204900 203.216000 1037.190000 -13 1729 1 0 1.000000
-11.146300 -10.534500 0 12.280100 -2.080180 187.036000 1037.240000 -13 1730 1 0 1.000000
3.164440 6.714030 0 2.790050 -8.550830 187.274000 1037.110000 -13 1731 1 0 1.000000
13.470900 -1.770730 0 -0.017680 -13.090800 195.322000 1037.150000 -13 1732 1 0 1.000000
-4.620940 -17.092200 0 12.640000 -3.892310 198.298000 1037.100000 -13 1733 1 0 1.000000
-15.844100 -0.947813 0 4.580580 -7.227920 191.144000 1037.140000 -13 1734 1 0 1.000000
-8.217670 -16.316300 0 -4.493470 7.003400 190.427000 1037.240000 -13 1735 1 0 1.000000
0.734595 -0.900111 0 5.053330 -6.312240 209.346000 1037.200000 -13 1736 1 0 1.000000
-14.887100 -12.126000 0 -11.278000 -11.993800 212.863000 1037.090000 -13 1737 1 0 1.000000
-8.037480 3.285210 0 3.100300 3.984490 186.806000 1037.250000 -13 1738 1 0 1.000000
-7.035140 -9.162790 0 -9.857090 -12.775600 222.921000 1037.260000 -13 1739 1 0 1.000000
6.264600 -10.326500 0 0.395615 0.268570 197.343000 1037.120000 -13 1740 1 0 1.000000
5.267650 9.964830 0 -7.355610 -8.610130 217.768000 1037.260000 -13 1741 1 0 1.000000
-9.574250 -7.106210 0 14.548700 -20.582100 199.048000 1037.300000 -13 1742 1 0 1.000000
7.862700 -6.494460 0 2.581630 27.418600 216.414000 1037.390000 -13 1743 1 0 1.000000
-8.284750 -1.405630 0 5.186160 -16.981000 201.272000 1037.360000 -13 1744 1 0 1.000000
-1.783270 -5.536610 0 0.620779 1.349300 189.771000 1037.250000 -13 1745 1 0 1.000000
5.307630 -5.766290 0 9.639710 -5.171070 197.546000 1037.380000 -13 1746 1 0 1.000000
-2.984630 -7.456080 0 -1.916510 -2.523310 187.305000 1036.950000 -13 1747 1 0 1.000000
25.183100 -1.277400 0 -21.398100 -5.822190 202.978000 1037.450000 -13 1748 1 0 1.000000
8.936750 -10.659000 0 3.431560 -20.910500 208.699000 1037.230000 -13 1749 1 0 1.000000
-13.018200 -3.501880 0 8.652230 0.172257 218.183000 1037.180000 -13 1750 1 0 1.000000
4.829660 -12.059400 0 4.495310 19.428900 198.796000 1037.130000 -13 1751 1 0 1.000000
-4.057130 -3.042400 0 -18.111200 -20.748600 214.496000 1037.200000 -13 1752 1 0 1.000000
-8.775920 -2.918270 0 -9.008420 -14.551000 192.783000 1037.440000 -13 1753 1 0 1.000000
-22.434100 -12.093200 0 2.763460 10.524600 211.847000 1037.310000 -13 1754 1 0 1.000000
-5.096930 -4.719190 0 0.699396 -2.964490 196.489000 1037.140000 -13 1755 1 0 1.000000
-0.130772 -9.644020 0 2.327960 -0.293415 195.956000 1037.410000 -13 1756 1 0 1.000000
-5.733760 -6.854050 0 -20.648700 -15.381600 224.743000 1037.220000 -13 1757 1 0 1.000000
5.885700 -0.430073 0 15.545800 16.409400 203.903000 1037.320000 -13 1758 1 0 1.000000
6.767170 15.383300 0 -11.489000 -10.481500 221.633000 1037.240000 -13 1759 1 0 1.000000
0.896335 -5.544710 0 -7.298460 -3.004410 196.676000 1037.300000 -13 1760 1 0 1.000000
-1.598970 -16.943100 0 0.659063 -25.695000 205.573000 1037.310000 -13 1761 1 0 1.000000
-16.387100 10.304600 0 12.563600 -11.777100 213.159000 1036.990000 -13 1762 1 0 1.000000
2.705200 -8.826410 0 10.986600 -4.018950 193.385000 1037.420000 -13 1763 1 0 1.000000
-18.050500 -11.807700 0 7.944820 2.039000 215.023000 1037.160000 -13 1764 1 0 1.000000
-13.527300 4.941240 0 5.677830 14.558400 203.777000 1037.470000 -13 1765 1 0 1.000000
-5.447290 -4.869480 0 5.725460 3.333420 206.452000 1037.480000 -13 1766 1 0 1.000000
-9.886760 -5.350900 0 9.619940 0.225375 211.632000 1037.300000 -13 1767 1 0 1.000000
-7.862080 1.332640 0 9.759520 3.266800 203.457000 1037.280000 -13 1768 1 0 1.000000
-3.551290 -7.114810 0 -4.701580 11.497200 203.388000 1037.040000 -13 1769 1 0 1.000000
-36.666500 -22.246600 0 -6.892770 -15.491200 219.296000 1037.150000 -13 1770 1 0 1.000000
-17.869200 -7.368210 0 -3.868620 8.084440 210.151000 1037.210000 -13 1771 1 0 1.000000
-5.557420 -3.926950 0 4.882840 -6.346170 193.700000 1037.170000 -13 1772 1 0 1.000000
12.215700 -20.139700 0 -7.977980 19.028800 210.025000 1037.290000 -13 1773 1 0 1.000000
-2.297780 2.132170 0 3.094350 0.397621 207.569000 1037.110000 -13 1774 1 0 1.000000
-5.781900 -15.542100 0 -2.703740 2.159710 215.427000 1037.290000 -13 1775 1 0 1.000000
-14.390700 3.005760 0 -25.084200 2.733000 205.501000 1037.170000 -13 1776 1 0 1.000000
-10.451400 -8.987240 0 0.846089 -14.059300 203.912000 1037.260000 -13 1777 1 0 1.000000
-4.942120 0.627407 0 -4.274580 12.757500 207.143000 1037.200000 -13 1778 1 0 1.000000
-7.025130 -20.500500 0 10.970900 -8.105160 206.218000 1037.330000 -13 1779 1 0 1.000000
-30.620300 -11.075300 0 -8.134790 5.924750 214.666000 1037.070000 -13 1780 1 0 1.000000
-10.177300 -3.792260 0 14.223800 2.803320 206.264000 1037.280000 -13 1781 1 0 1.000000
-3.623110 -5.408020 0 17.277600 -16.788500 200.615000 1037.240000 -13 1782 1 0 1.000000
-9.571230 -14.890300 0 0.539127 -4.161830 210.771000 1037.260000 -13 1783 1 0 1.000000
-9.667400 -6.858170 0 -0.468892 11.320700 206.735000 1037.000000 -13 1784 1 0 1.000000
-7.577570 -4.052680 0 1.158320 13.156600 211.798000 1037.090000 -13 1785 1 0 1.000000
2.710110 -19.576200 0 -7.065030 45.611900 220.821000 1037.100000 -13 1786 1 0 1.000000
-7.027230 -10.543300 0 1.141650 0.993303 195.275000 1037.090000 -13 1787 1 0 1.000000
1.650960 0.201054 0 5.768010 -12.356600 204.573000 1037.160000 -13 1788 1 0 1.000000
13.324800 -10.546300 0 -15.752300 3.522020 212.346000 1037.240000 -13 1789 1 0 1.000000
7.428400 -18.836300 0 1.652360 -11.277800 198.848000 1037.650000 -13 1790 1 0 1.000000
-15.275700 3.401610 0 -2.498110 -10.498500 214.965000 1037.240000 -13 1791 1 0 1.000000
0.675815 -13.593700 0 3.477480 -5.193260 192.679000 1037.560000 -13 1792 1 0 1.000000
-15.066600 -6.316670 0 -10.733900 2.165670 205.843000 1037.300000 -13 1793 1 0 1.000000
-36.069200 -12.187800 0 -10.989800 -14.209400 201.890000 1037.490000 -13 1794 1 0 1.000000
-1.885830 -28.556700 0 -6.973010 6.932120 202.848000 1037.060000 -13 1795 1 0 1.000000
9.859040 -2.173530 0 0.520552 -15.012500 206.892000 1037.160000 -13 1796 1 0 1.000000
-6.192320 -9.081550 0 -5.651470 -2.912240 205.939000 1037.410000 -13 1797 1 0 1.000000
6.753150 -4.637810 0 -7.867890 0.119048 209.593000 1037.220000 -13 1798 1 0 1.000000
-2.850840 -10.402500 0 -7.905490 22.200500 209.277000 1037.390000 -13 1799 1 0 1.000000
-2.013660 -6.428230 0 8.353220 2.049540 221.422000 1037.020000 -13 1800 1 0 1.000000
-9.658020 6.376530 0 6.909130 14.824900 200.321000 1037.250000 -13 1801 1 0 1.000000
-28.217900 8.083840 0 10.762200 -1.856510 210.951000 1037.370000 -13 1802 1 0 1.000000
3.205590 -4.443760 0 -6.342710 -3.262220 192.061000 1037.180000 -13 1803 1 0 1.000000
-12.352000 -7.269740 0 21.717500 7.600450 193.575000 1037.140000 -13 1804 1 0 1.000000
-6.449570 -4.978600 0 1.936730 -8.615990 200.440000 1037.320000 -13 1805 1 0 1.000000
2.780390 0.065445 0 -4.263820 3.147710 206.035000 1036.990000 -13 1806 1 0 1.000000
4.391910 -5.047400 0 -2.807030 -13.075400 204.702000 1037.220000 -13 1807 1 0 1.000000
-10.779400 -0.057220 0 10.822200 -8.642610 212.754000 1037.100000 -13 1808 1 0 1.000000
-5.050150 -7.787680 0 9.966150 -13.766900 190.901000 1037.140000 -13 1809 1 0 1.000000
3.797860 -7.095510 0 33.706800 -15.899000 222.885000 1037.160000 -13 1810 1 0 1.000000
-12.356000 -13.265900 0 14.478100 -11.987100 183.276000 1037.390000 -13 1811 1 0 1.000000
-1.815940 -1.090410 0 16.000700 -12.242700 220.687000 1037.350000 -13 1812 1 0 1.000000
-2.440270 3.398070 0 -6.775470 5.143650 200.057000 1037.220000 -13 1813 1 0 1.000000
-4.393620 -4.291080 0 16.804500 -18.055500 209.135000 1037.250000 -13 1814 1 0 1.000000
-2.629540 -29.780400 0 10.145400 -2.035220 219.700000 1037.470000 -13 1815 1 0 1.000000
1.359250 -5.904450 0 -2.018980 7.023090 189.708000 1037.410000 -13 1816 1 0 1.000000
-7.146740 -19.498200 0 3.559830 -8.435120 198.405000 1037.270000 -13 1817 1 0 1.000000
-12.979900 -6.705250 0 -6.304350 -8.216070 216.140000 1037.280000 -13 1818 1 0 1.000000
-9.264110 -18.330900 0 -9.502570 4.599510 209.163000 1037.370000 -13 1819 1 0 1.000000
-19.297700 -4.980640 0 -7.231040 -2.459270 187.252000 1037.230000 -13 1820 1 0 1.000000
-2.131270 0.691121 0 -0.926067 -0.166049 212.412000 1037.120000 -13 1821 1 0 1.000000
-11.818000 -5.465630 0 10.599100 11.961200 211.941000 1037.230000 -13 1822 1 0 1.000000
-14.827800 -4.838660 0 -14.029600 -3.666220 213.588000 1037.420000 -13 1823 1 0 1.000000
3.858200 -0.607355 0 7.411810 -21.460700 192.063000 1037.360000 -13 1824 1 0 1.000000
-6.309600 -13.256500 0 10.344600 17.060200 196.843000 1037.310000 -13 1825 1 0 1.000000
-12.140600 -5.863190 0 -0.265611 -15.672300 194.463000 1037.240000 -13 1826 1 0 1.000000
-9.888610 -13.441200 0 6.203730 1.477080 202.300000 1037.060000 -13 1827 1 0 1.000000
-6.405910 -6.696710 0 1.413830 -2.798860 209.858000 1037.230000 -13 1828 1 0 1.000000
-0.486783 -8.065360 0 14.299100 6.611080 191.016000 1037.190000 -13 1829 1 0 1.000000
-13.001200 5.467510 0 1.393440 22.583700 208.457000 1037.370000 -13 1830 1 0 1.000000
5.807990 -15.044100 0 -39.306200 -2.575160 188.050000 1037.110000 -13 1831 1 0 1.000000
-14.445100 -4.950120 0 -21.375500 -1.220810 206.706000 1037.030000 -13 1832 1 0 1.000000
6.741090 -3.988320 0 -30.531700 8.127300 217.974000 1037.300000 -13 1833 1 0 1.000000
-3.571900 -10.516300 0 7.957660 13.236300 209.838000 1037.260000 -13 1834 1 0 1.000000
0.950649 -20.386300 0 -14.432000 6.331710 194.478000 1037.200000 -13 1835 1 0 1.000000
-1.507930 -7.942270 0 0.866318 1.240460 180.501000 1037.150000 -13 1836 1 0 1.000000
0.966126 1.057390 0 -2.782920 7.122760 195.695000 1037.080000 -13 1837 1 0 1.000000
-10.304000 -9.331390 0 8.045980 0.323076 189.016000 1037.360000 -13 1838 1 0 1.000000
-0.215792 -9.265930 0 12.258000 4.326920 183.572000 1037.240000 -13 1839 1 0 1.000000
3.454080 -1.415120 0 1.564350 3.277660 196.995000 1037.280000 -13 1840 1 0 1.000000
12.881500 -12.232900 0 11.771800 -26.791500 210.625000 1037.450000 -13 1841 1 0 1.000000
-5.100210 12.835000 0 11.123500 -10.597400 205.233000 1037.120000 -13 1842 1 0 1.000000
10.362900 -4.851040 0 -7.275480 13.942500 199.271000 1037.260000 -13 1843 1 0 1.000000
-2.927840 -10.314400 0 -5.486960 -2.374540 199.512000 1037.040000 -13 1844 1 0 1.000000
2.213490 -2.679700 0 -9.118490 -20.784500 189.042000 1037.230000 -13 1845 1 0 1.000000
12.510200 -13.371100 0 -13.072900 2.417560 194.111000 1037.310000 -13 1846 1 0 1.000000
-23.677600 0.544665 0 4.877970 0.718280 205.626000 1037.360000 -13 1847 1 0 1.000000
-14.668700 -0.928952 0 4.184920 13.899200 201.574000 1037.410000 -13 1848 1 0 1.000000
-9.633230 -4.430530 0 -13.469600 2.150610 207.952000 1037.290000 -13 1849 1 0 1.000000
4.244740 -29.942500 0 -5.093980 -38.648700 219.241000 1037.040000 -13 1850 1 0 1.000000
-5.844580 -7.696920 0 0.578160 -13.113100 204.324000 1037.280000 -13 1851 1 0 1.000000
-23.003600 -14.145700 0 11.794300 -20.078600 218.589000 1036.970000 -13 1852 1 0 1.000000
-0.359958 -12.473900 0 -10.089500 4.919580 182.957000 1037.200000 -13 1853 1 0 1.000000
-13.210600 -7.781310 0 -22.020700 9.370360 210.381000 1037.290000 -13 1854 1 0 1.000000
-12.860000 -11.267300 0 3.889380 -0.045833 210.949000 1037.020000 -13 1855 1 0 1.000000
-14.780000 -0.645852 0 18.622700 -16.048900 202.340000 1037.330000 -13 1856 1 0 1.000000
0.572053 -17.449800 0 -1.325130 -14.975600 211.696000 1037.010000 -13 1857 1 0 1.000000
-9.940420 -1.919310 0 -11.123500 -5.696630 205.770000 1036.960000 -13 1858 1 0 1.000000
-3.463990 -15.457400 0 -14.266300 -9.882140 190.265000 1037.390000 -13 1859 1 0 1.000000
-4.809920 -18.322200 0 -15.878000 -1.308170 188.408000 1037.520000 -13 1860 1 0 1.000000
-28.477100 -19.118000 0 -14.611400 -13.274700 200.575000 1037.520000 -13 1861 1 0 1.000000
-4.889090 1.472240 0 -2.277750 -2.199090 209.906000 1037.040000 -13 1862 1 0 1.000000
-6.192750 -2.888840 0 -33.399300 34.234800 218.462000 1037.100000 -13 1863 1 0 1.000000
10.619700 -8.270470 0 4.536060 -4.763310 213.492000 1037.150000 -13 1864 1 0 1.000000
-7.149810 -24.299400 0 -24.158700 -2.465150 201.781000 1037.040000 -13 1865 1 0 1.000000
-5.493760 3.864180 0 -3.249040 21.569200 220.170000 1037.290000 -13 1866 1 0 1.000000
-21.685500 -6.188220 0 16.247200 18.746600 227.611000 1037.450000 -13 1867 1 0 1.000000
-0.301141 -3.715400 0 -19.935000 6.198280 208.668000 1037.120000 -13 1868 1 0 1.000000
-13.438700 -15.348200 0 -37.042900 12.413600 222.864000 1037.120000 -13 1869 1 0 1.000000
-8.290160 2.593740 0 5.995340 6.185060 198.751000 1036.990000 -13 1870 1 0 1.000000
-16.723200 -11.315100 0 -5.174180 -8.627100 205.409000 1037.130000 -13 1871 1 0 1.000000
-8.399240 -19.276300 0 0.210125 -3.241840 217.139000 1037.210000 -13 1872 1 0 1.000000
-0.978519 -5.066910 0 -15.409000 5.267830 204.817000 1037.400000 -13 1873 1 0 1.000000
4.627830 2.894440 0 2.811240 -25.301900 202.799000 1037.150000 -13 1874 1 0 1.000000
-9.896900 6.838780 0 -6.554700 5.346450 197.832000 1037.300000 -13 1875 1 0 1.000000
-9.369200 -16.129700 0 -21.053800 -1.087360 204.214000 1037.210000 -13 1876 1 0 1.000000
-1.470530 -14.593100 0 -14.434800 -6.489370 198.453000 1037.230000 -13 1877 1 0 1.000000
-6.245340 -11.569800 0 -25.933600 -1.897970 195.677000 1037.100000 -13 1878 1 0 1.000000
-5.289930 -3.419890 0 8.895520 -11.836800 216.260000 1037.380000 -13 1879 1 0 1.000000
-10.945500 -5.340800 0 -18.575500 -11.279500 209.546000 1037.040000 -13 1880 1 0 1.000000
6.375910 -1.792860 0 9.945940 -12.529400 192.778000 1037.090000 -13 1881 1 0 1.000000
-0.432970 -10.890100 0 -1.228440 5.558540 193.810000 1037.310000 -13 1882 1 0 1.000000
-20.307100 -1.416390 0 -5.026480 1.297730 190.291000 1037.310000 -13 1883 1 0 1.000000
4.349990 -11.360300 0 1.392240 -8.769600 208.157000 1037.220000 -13 1884 1 0 1.000000
-4.750590 -8.572970 0 -2.592580 -3.090920 195.500000 1037.300000 -13 1885 1 0 1.000000
-0.160957 -10.071900 0 2.678620 -1.738910 191.909000 1037.250000 -13 1886 1 0 1.000000
-1.697170 5.933200 0 -11.729500 3.001110 208.728000 1037.310000 -13 1887 1 0 1.000000
-2.739950 -16.347100 0 -12.549300 2.576380 208.477000 1037.350000 -13 1888 1 0 1.000000
10.849100 -1.503340 0 10.472700 5.716160 203.167000 1037.380000 -13 1889 1 0 1.000000
6.186480 -6.512440 0 -10.455500 8.470590 201.939000 1037.220000 -13 1890 1 0 1.000000
6.926300 -1.139330 0 4.805890 11.532000 214.787000 1037.430000 -13 1891 1 0 1.000000
-20.042600 -9.140580 0 7.191260 -9.958620 208.242000 1037.450000 -13 1892 1 0 1.000000
-9.044080 -3.732500 0 3.164640 -8.939960 200.303000 1037.080000 -13 1893 1 0 1.000000
-8.946290 -10.093100 0 16.028100 -17.367900 211.349000 1037.230000 -13 1894 1 0 1.000000
6.770200 -15.000900 0 -9.657350 0.201388 210.138000 1037.180000 -13 1895 1 0 1.000000
-5.231310 8.449530 0 5.901010 16.853100 206.762000 1037.060000 -13 1896 1 0 1.000000
1.498700 12.182700 0 8.839330 45.808900 221.118000 1037.080000 -13 1897 1 0 1.000000
-10.661800 -18.271200 0 -1.087360 56.482400 230.468000 1037.100000 -13 1898 1 0 1.000000
-8.837900 -7.711340 0 13.262900 4.567920 200.934000 1037.130000 -13 1899 1 0 1.000000
-3.759340 -2.221590 0 -10.983100 -4.640270 191.639000 1037.080000 -13 1900 1 0 1.000000
8.760620 -3.668910 0 -7.573770 -12.674000 197.263000 1037.320000 -13 1901 1 0 1.000000
10.722200 -6.468080 0 17.370900 -2.301950 194.298000 1037.400000 -13 1902 1 0 1.000000
4.551770 -3.794190 0 -13.011300 -24.683800 198.590000 1037.240000 -13 1903 1 0 1.000000
-3.405260 -3.097410 0 -0.376931 -19.285900 202.718000 1037.310000 -13 1904 1 0 1.000000
9.887800 -15.080500 0 -5.800580 -15.404400 194.816000 1037.340000 -13 1905 1 0 1.000000
-3.586740 -10.093000 0 13.358000 -23.178000 204.753000 1037.320000 -13 1906 1 0 1.000000
-9.660790 8.602650 0 13.231800 10.317400 193.087000 1037.290000 -13 1907 1 0 1.000000
-3.514240 2.881960 0 3.516120 -9.758270 196.105000 1037.390000 -13 1908 1 0 1.000000
-1.366680 -2.586980 0 10.132600 -20.907300 220.041000 1037.420000 -13 1909 1 0 1.000000
-8.606090 -9.794320 0 -11.777100 -12.693600 201.483000 1037.270000 -13 1910 1 0 1.000000
-1.199340 -11.670700 0 -14.728200 -0.711957 185.018000 1037.100000 -13 1911 1 0 1.000000
6.986180 -6.334550 0 -14.883300 1.625690 205.975000 1037.370000 -13 1912 1 0 1.000000
11.806500 8.607230 0 4.590160 4.830500 214.594000 1037.360000 -13 1913 1 0 1.000000
-16.456100 -3.372030 0 4.545640 -22.337000 214.932000 1037.400000 -13 1914 1 0 1.000000
2.134620 -9.442230 0 -19.171900 16.703000 196.373000 1037.190000 -13 1915 1 0 1.000000
-11.705400 -1.075140 0 9.876870 17.318600 204.226000 1037.070000 -13 1916 1 0 1.000000
-5.687300 -10.930900 0 15.449500 -6.831500 218.254000 1037.270000 -13 1917 1 0 1.000000
-0.063778 -7.121890 0 9.606630 1.229160 202.747000 1037.270000 -13 1918 1 0 1.000000
-4.830330 -18.222400 0 1.312330 -12.996600 202.557000 1037.110000 -13 1919 1 0 1.000000
-6.999890 -4.763080 0 -0.428559 -1.135620 202.383000 1037.350000 -13 1920 1 0 1.000000
7.584490 -1.470350 0 9.449440 -11.189000 197.247000 1037.360000 -13 1921 1 0 1.000000
-5.318390 -27.809200 0 -10.722800 -7.032330 211.791000 1037.260000 -13 1922 1 0 1.000000
0.106220 -4.009540 0 15.824800 5.394520 215.552000 1037.140000 -13 1923 1 0 1.000000
-4.502840 -3.185090 0 -7.122570 -4.767360 207.272000 1037.150000 -13 1924 1 0 1.000000
-5.739140 -3.711720 0 12.435800 -12.406700 219.413000 1037.250000 -13 1925 1 0 1.000000
-12.734900 3.238030 0 2.603990 -12.602100 218.797000 1037.120000 -13 1926 1 0 1.000000
-11.126300 2.574240 0 2.655200 8.424790 200.735000 1037.200000 -13 1927 1 0 1.000000
-15.624000 4.681480 0 -7.569430 20.056300 199.560000 1037.350000 -13 1928 1 0 1.000000
6.688050 -20.551900 0 -4.655870 10.025700 195.177000 1037.360000 -13 1929 1 0 1.000000
-9.986000 -11.063200 0 -16.747600 14.463800 185.904000 1037.130000 -13 1930 1 0 1.000000
1.465060 -0.755806 0 -28.311300 -12.771600 182.127000 1037.360000 -13 1931 1 0 1.000000
-6.496160 -0.193634 0 10.435700 8.606600 205.003000 1037.140000 -13 1932 1 0 1.000000
-8.526380 -9.577220 0 -7.392980 -3.807420 187.711000 1037.110000 -13 1933 1 0 1.000000
5.185370 13.301200 0 5.105870 -14.460400 201.239000 1037.050000 -13 1934 1 0 1.000000
-9.724360 -19.325900 0 -15.806600 -1.863190 199.047000 1037.360000 -13 1935 1 0 1.000000
2.121720 -9.918940 0 13.773300 -8.011330 198.831000 1037.150000 -13 1936 1 0 1.000000
-7.295880 -20.500000 0 -8.415830 13.590600 198.927000 1037.440000 -13 1937 1 0 1.000000
-0.638034 -3.706170 0 5.090560 -4.660800 202.064000 1037.010000 -13 1938 1 0 1.000000
11.244500 -4.345040 0 19.979000 1.720670 197.168000 1037.200000 -13 1939 1 0 1.000000
-27.293900 -20.785700 0 -21.835100 1.179930 213.317000 1037.000000 -13 1940 1 0 1.000000
-0.446057 -8.349970 0 9.072250 -20.764500 222.936000 1036.990000 -13 1941 1 0 1.000000
-11.512100 -2.551210 0 -3.927200 12.042300 202.720000 1037.180000 -13 1942 1 0 1.000000
-1.383420 -4.933340 0 -10.808800 3.668550 197.736000 1037.130000 -13 1943 1 0 1.000000
-10.271000 -10.866800 0 -20.431500 3.749810 198.439000 1037.320000 -13 1944 1 0 1.000000
-12.338500 1.123100 0 0.863430 -9.737260 205.982000 1037.140000 -13 1945 1 0 1.000000
3.252150 2.176350 0 10.982700 2.981950 207.630000 1037.320000 -13 1946 1 0 1.000000
-2.223450 0.459167 0 11.531700 0.267195 199.875000 1037.210000 -13 1947 1 0 1.000000
-13.844200 -0.823530 0 -9.575960 -2.805330 216.220000 1037.090000 -13 1948 1 0 1.000000
-13.107100 -18.876400 0 -21.796900 -4.319980 224.773000 1037.230000 -13 1949 1 0 1.000000
-31.802500 -5.575330 0 -12.978900 20.280300 212.646000 1037.390000 -13 1950 1 0 1.000000
-10.162900 -9.258650 0 -7.980540 13.677100 208.178000 1037.180000 -13 1951 1 0 1.000000
-5.463330 -5.405130 0 -23.788500 -6.905640 216.156000 1037.190000 -13 1952 1 0 1.000000
3.682920 -10.797700 0 -1.227770 6.216280 191.192000 1037.260000 -13 1953 1 0 1.000000
-0.527815 2.708880 0 27.501300 5.341840 191.224000 1037.230000 -13 1954 1 0 1.000000
-22.849700 -5.011390 0 11.545900 -13.949900 217.604000 1037.230000 -13 1955 1 0 1.000000
-3.187820 -1.339240 0 -11.459600 6.089440 193.876000 1037.170000 -13 1956 1 0 1.000000
-10.824100 6.213450 0 15.503400 -4.131990 196.490000 1037.340000 -13 1957 1 0 1.000000
-11.180800 -5.656430 0 1.278760 12.083000 202.172000 1037.090000 -13 1958 1 0 1.000000
19.987700 -2.646900 0 7.305410 5.845420 200.940000 1037.080000 -13 1959 1 0 1.000000
-13.871500 -13.448900 0 -9.331320 15.063800 202.439000 1036.990000 -13 1960 1 0 1.000000
-11.678200 6.048730 0 3.680410 12.046100 199.334000 1037.100000 -13 1961 1 0 1.000000
-11.213500 -2.949600 0 7.442290 -2.118060 216.116000 1037.140000 -13 1962 1 0 1.000000
1.638740 -11.176300 0 -6.511560 1.531100 197.705000 1037.290000 -13 1963 1 0 1.000000
2.826700 -16.971800 0 13.627400 0.370158 196.470000 1037.240000 -13 1964 1 0 1.000000
-14.180200 -16.885700 0 -7.991990 -13.018000 200.061000 1037.110000 -13 1965 1 0 1.000000
-4.470330 -9.697090 0 -1.936200 3.027200 217.698000 1037.300000 -13 1966 1 0 1.000000
2.203730 -7.006000 0 -14.565500 -22.370200 203.645000 1037.240000 -13 1967 1 0 1.000000
-25.666400 0.530822 0 11.455200 6.026250 214.794000 1037.450000 -13 1968 1 0 1.000000
-16.552800 -14.093600 0 -0.252524 -7.502310 210.680000 1036.970000 -13 1969 1 0 1.000000
0.118797 1.645420 0 -4.854030 -7.347800 228.807000 1037.340000 -13 1970 1 0 1.000000
11.555200 -4.378890 0 -13.530300 -5.673350 187.348000 1037.230000 -13 1971 1 0 1.000000
0.482768 -10.491100 0 3.317430 14.607400 194.800000 1037.250000 -13 1972 1 0 1.000000
-8.981470 -3.105420 0 -6.118640 -4.198630 200.196000 1037.300000 -13 1973 1 0 1.000000
3.270550 -12.891500 0 18.813000 -4.911880 216.257000 1037.290000 -13 1974 1 0 1.000000
0.345586 -9.704260 0 -8.212190 -9.226840 206.445000 1037.280000 -13 1975 1 0 1.000000
-42.101000 9.908790 0 20.048100 0.832239 221.803000 1037.460000 -13 1976 1 0 1.000000
-9.963020 -14.769000 0 10.639800 -1.722080 199.555000 1037.320000 -13 1977 1 0 1.000000
-8.629740 -9.161380 0 -13.781900 43.318300 203.205000 1037.410000 -13 1978 1 0 1.000000
15.959500 1.914560 0 -10.308000 18.883000 211.264000 1037.470000 -13 1979 1 0 1.000000
8.896420 -2.356100 0 5.167660 2.747050 207.382000 1037.190000 -13 1980 1 0 1.000000
-11.567400 -6.861250 0 8.125570 10.038100 193.394000 1037.100000 -13 1981 1 0 1.000000
0.522481 -5.743830 0 -24.024000 -30.413300 217.168000 1037.010000 -13 1982 1 0 1.000000
-8.976280 -11.695300 0 3.222220 -2.302330 201.592000 1037.370000 -13 1983 1 0 1.000000
-17.377200 3.302790 0 -0.119097 -0.076354 212.653000 1037.270000 -13 1984 1 0 1.000000
-6.899900 0.647437 0 -0.821024 -13.280000 196.903000 1037.120000 -13 1985 1 0 1.000000
2.669150 -11.272200 0 0.783894 4.599390 196.703000 1037.240000 -13 1986 1 0 1.000000
10.490900 1.900610 0 9.762600 -29.850900 197.546000 1037.040000 -13 1987 1 0 1.000000
-4.972310 4.202440 0 -2.221470 21.972400 196.149000 1037.430000 -13 1988 1 0 1.000000
4.232310 -18.100800 0 2.982880 -7.781080 209.525000 1037.050000 -13 1989 1 0 1.000000
9.590360 -2.240210 0 4.257630 19.131500 210.096000 1037.140000 -13 1990 1 0 1.000000
-7.942500 -0.232338 0 -7.195350 7.219880 197.235000 1037.470000 -13 1991 1 0 1.000000
-12.115100 -14.392900 0 -16.845800 -3.740870 204.897000 1037.280000 -13 1992 1 0 1.000000
2.206550 -11.934300 0 14.740000 10.214400 202.671000 1037.140000 -13 1993 1 0 1.000000
-14.376200 -16.981400 0 15.015500 -13.484300 233.073000 1037.280000 -13 1994 1 0 1.000000
18.874200 -9.071760 0 -17.452200 0.225292 197.905000 1037.320000 -13 1995 1 0 1.000000
-7.946970 -28.734800 0 -5.667270 -4.568780 199.880000 1037.040000 -13 1996 1 0 1.000000
-15.107700 -17.880200 0 -19.583100 22.275300 231.260000 1037.230000 -13 1997 1 0 1.000000
1.243220 -15.417800 0 -25.866500 14.658500 199.894000 1037.040000 -13 1998 1 0 1.000000
-4.580980 -3.408220 0 -6.878450 -23.271900 206.616000 1037.380000 -13 1999 1 0 1.000000
-7.682370 -1.259880 0 5.976590 4.365070 198.618000 1037.360000 -13 2000 1 0 1.000000
-19.556400 -4.444870 0 -25.296500 -19.272100 211.857000 1037.270000 -13 2001 1 0 1.000000
4.606930 -12.312300 0 -18.014300 -19.886700 202.617000 1037.310000 -13 2002 1 0 1.000000
-2.635650 -0.538943 0 -5.503710 1.186220 205.334000 1037.110000 -13 2003 1 0 1.000000
4.671750 3.121260 0 0.540484 1.428660 192.913000 1037.260000 -13 2004 1 0 1.000000
-10.614100 -4.801790 0 -12.607200 -12.454200 194.114000 1037.150000 -13 2005 1 0 1.000000
-4.084500 -19.201300 0 18.383000 19.194000 202.960000 1037.340000 -13 2006 1 0 1.000000
-8.557800 -18.135100 0 17.403000 9.016510 223.093000 1037.350000 -13 2007 1 0 1.000000
8.500390 -6.958590 0 -6.322140 3.444660 189.715000 1037.110000 -13 2008 1 0 1.000000
-22.817800 2.761080 0 0.041565 20.434600 203.389000 1037.220000 -13 2009 1 0 1.000000
-4.542980 1.599140 0 1.407100 -5.317560 183.038000 1037.270000 -13 2010 1 0 1.000000
-2.562630 -5.222550 0 7.367060 -25.007600 226.489000 1037.040000 -13 2011 1 0 1.000000
5.888640 0.744848 0 8.233160 -2.135230 227.938000 1037.100000 -13 2012 1 0 1.000000
-2.255980 -15.593400 0 -7.667650 8.418170 208.012000 1037.240000 -13 2013 1 0 1.000000
-19.356700 0.024607 0 -1.224300 -4.615100 191.873000 1037.310000 -13 2014 1 0 1.000000
2.620060 -6.479580 0 9.719490 -12.596000 209.045000 1037.250000 -13 2015 1 0 1.000000
-13.204700 0.645688 0 -1.803480 -2.258130 203.988000 1037.240000 -13 2016 1 0 1.000000
12.197300 -8.521780 0 -19.978600 3.382670 193.331000 1037.260000 -13 2017 1 0 1.000000
9.251010 -3.623050 0 -7.513350 -12.254500 210.185000 1037.220000 -13 2018 1 0 1.000000
-5.841610 -7.544730 0 -1.561670 5.957170 189.374000 1037.440000 -13 2019 1 0 1.000000
-10.417100 -5.219800 0 8.032970 -7.304420 199.817000 1037.260000 -13 2020 1 0 1.000000
-3.379670 -7.694460 0 -1.173470 -11.374500 198.031000 1037.150000 -13 2021 1 0 1.000000
4.660250 -9.015860 0 -8.674400 -1.568970 174.146000 1037.170000 -13 2022 1 0 1.000000
-12.035300 -4.311860 0 -24.535300 -9.654340 207.031000 1037.450000 -13 2023 1 0 1.000000
-7.988860 -5.295600 0 4.643850 7.065380 212.771000 1037.010000 -13 2024 1 0 1.000000
2.992420 -6.163600 0 10.693000 -11.097700 186.560000 1037.370000 -13 2025 1 0 1.000000
-10.483600 1.699550 0 -11.022700 -5.704640 198.456000 1037.370000 -13 2026 1 0 1.000000
-11.309100 -4.612620 0 6.066180 -21.968100 219.491000 1037.020000 -13 2027 1 0 1.000000
-1.707280 -10.635500 0 7.472020 24.124700 203.741000 1037.020000 -13 2028 1 0 1.000000
-11.455400 -5.417620 0 3.667350 -8.567920 191.512000 1037.070000 -13 2029 1 0 1.000000
-8.857690 -1.897370 0 -8.718400 1.279730 190.619000 1037.370000 -13 2030 1 0 1.000000
-8.832770 -12.059400 0 0.221578 4.058920 206.991000 1037.300000 -13 2031 1 0 1.000000
-16.570900 2.306720 0 8.811560 -1.220740 202.713000 1037.470000 -13 2032 1 0 1.000000
-8.086970 3.798150 0 6.459630 15.596100 200.426000 1037.400000 -13 2033 1 0 1.000000
7.492150 -1.727510 0 2.773160 -7.194210 200.569000 1037.180000 -13 2034 1 0 1.000000
-18.157400 -6.175990 0 3.957350 4.257380 215.107000 1037.250000 -13 2035 1 0 1.000000
-0.765907 -8.623370 0 -8.889690 -3.299100 195.193000 1037.310000 -13 2036 1 0 1.000000
-3.773070 6.344870 0 -12.929200 15.739800 202.816000 1037.320000 -13 2037 1 0 1.000000
-13.156200 -8.636840 0 -9.795560 -0.561241 215.436000 1037.070000 -13 2038 1 0 1.000000
3.217400 -21.585100 0 -26.200300 -1.611220 213.115000 1037.250000 -13 2039 1 0 1.000000
1.671840 1.597390 0 28.368800 -3.959260 192.440000 1037.400000 -13 2040 1 0 1.000000
-11.493100 -3.091220 0 -6.594620 7.275560 206.608000 1037.450000 -13 2041 1 0 1.000000
-9.544790 -10.442500 0 4.555530 -0.166461 200.612000 1037.230000 -13 2042 1 0 1.000000
4.224080 -10.893100 0 -9.611640 12.058800 189.880000 1037.240000 -13 2043 1 0 1.000000
0.898610 -1.079850 0 6.979720 7.648970 219.218000 1037.030000 -13 2044 1 0 1.000000
2.644710 -11.190600 0 -2.928760 1.310740 203.916000 1037.390000 -13 2045 1 0 1.000000
-8.158560 -5.218920 0 2.331660 -5.039080 208.261000 1037.270000 -13 2046 1 0 1.000000
-2.351070 -6.132470 0 13.555900 -19.678700 205.451000 1037.370000 -13 2047 1 0 1.000000
-7.405110 -0.791511 0 -22.497000 -5.969890 189.436000 1037.280000 -13 2048 1 0 1.000000
-1.810130 -4.512240 0 -9.341060 -5.217980 218.186000 1037.230000 -13 2049 1 0 1.000000
-21.608200 -1.671590 0 20.288300 0.386147 198.791000 1037.400000 -13 2050 1 0 1.000000
1.243310 -9.548240 0 -1.003560 -2.173740 178.141000 1037.220000 -13 2051 1 0 1.000000
-2.919140 -9.829340 0 4.403180 -15.052700 213.747000 1037.220000 -13 2052 1 0 1.000000
-14.909400 -12.854700 0 -4.004260 12.474400 209.109000 1037.100000 -13 2053 1 0 1.000000
-23.918700 7.897510 0 -20.966800 9.683310 203.503000 1037.440000 -13 2054 1 0 1.000000
14.686200 -9.257460 0 -4.258480 18.885300 211.778000 1037.100000 -13 2055 1 0 1.000000
6.259670 5.845950 0 -10.335000 -6.487590 215.348000 1037.280000 -13 2056 1 0 1.000000
-7.748670 -17.326000 0 18.668800 17.085700 208.726000 1037.410000 -13 2057 1 0 1.000000
4.876800 9.301730 0 -2.524320 -11.848700 207.913000 1037.180000 -13 2058 1 0 1.000000
-8.546480 -1.620400 0 27.727900 -10.842000 202.925000 1037.050000 -13 2059 1 0 1.000000
4.483930 -12.013300 0 -12.695900 -5.920100 201.825000 1037.320000 -13 2060 1 0 1.000000
-7.360800 -5.657510 0 -5.932310 -0.327053 198.100000 1037.280000 -13 2061 1 0 1.000000
1.841860 1.781550 0 11.476400 -6.279830 209.367000 1037.300000 -13 2062 1 0 1.000000
0.333134 -14.480500 0 -13.252200 -2.940890 202.670000 1037.180000 -13 2063 1 0 1.000000
6.212080 -16.912200 0 -4.909160 -10.367200 199.071000 1037.360000 -13 2064 1 0 1.000000
5.194340 -8.917790 0 -3.451040 1.240790 203.792000 1037.380000 -13 2065 1 0 1.000000
-7.889660 -2.536380 0 -6.621460 0.381469 203.274000 1037.260000 -13 2066 1 0 1.000000
-11.754200 -8.722760 0 -3.165350 7.620580 201.256000 1037.310000 -13 2067 1 0 1.000000
-15.670200 -4.526250 0 6.106830 14.723200 202.607000 1037.220000 -13 2068 1 0 1.000000
-4.340090 -15.322100 0 -21.403700 -1.617750 196.671000 1037.140000 -13 2069 1 0 1.000000
-11.054800 1.285380 0 -0.406174 -5.566910 204.140000 1037.200000 -13 2070 1 0 1.000000
-15.208200 -1.792110 0 -9.923760 2.777690 206.532000 1037.210000 -13 2071 1 0 1.000000
-3.831380 -10.428300 0 3.614620 13.269900 203.700000 1037.240000 -13 2072 1 0 1.000000
-5.419560 -7.362020 0 -14.108800 -10.578100 199.389000 1037.030000 -13 2073 1 0 1.000000
-7.982110 1.381360 0 8.123730 -2.585590 206.064000 1036.990000 -13 2074 1 0 1.000000
-1.918370 9.071010 0 -8.591650 -16.576500 201.949000 1037.370000 -13 2075 1 0 1.000000
0.294759 0.838080 0 -4.284720 -4.219910 213.494000 1037.100000 -13 2076 1 0 1.000000
10.973300 11.064200 0 -4.899010 -8.463260 199.056000 1037.270000 -13 2077 1 0 1.000000
0.700164 -7.386960 0 -1.439130 -24.456900 194.035000 1037.100000 -13 2078 1 0 1.000000
-10.163000 7.266430 0 4.451240 -6.167660 199.275000 1037.210000 -13 2079 1 0 1.000000
0.969814 -10.689100 0 -13.243000 -0.671768 201.606000 1037.310000 -13 2080 1 0 1.000000
-11.627100 0.318294 0 -4.280600 5.078850 209.318000 1037.240000 -13 2081 1 0 1.000000
2.726590 2.805430 0 32.049500 23.567400 195.235000 1037.530000 -13 2082 1 0 1.000000
-7.126320 -8.665990 0 -6.440920 4.729020 216.912000 1037.340000 -13 2083 1 0 1.000000
4.143110 9.768580 0 8.776300 -0.936454 202.805000 1037.270000 -13 2084 1 0 1.000000
-13.527500 3.442370 0 9.708530 -5.537460 222.961000 1037.150000 -13 2085 1 0 1.000000
-8.607290 -6.176020 0 2.566950 -2.675160 204.215000 1037.190000 -13 2086 1 0 1.000000
-14.256300 -4.780820 0 28.209200 -6.307160 209.696000 1037.630000 -13 2087 1 0 1.000000
6.175000 1.255210 0 7.969380 -26.037600 193.927000 1037.070000 -13 2088 1 0 1.000000
-3.251290 -7.267350 0 -13.438700 -6.995750 198.959000 1037.290000 -13 2089 1 0 1.000000
-6.803990 -9.406390 0 5.449510 -13.626400 181.807000 1037.220000 -13 2090 1 0 1.000000
-2.426130 8.931110 0 -4.144480 5.691840 184.881000 1037.280000 -13 2091 1 0 1.000000
-8.986690 -3.754100 0 -11.080700 4.185230 197.098000 1037.120000 -13 2092 1 0 1.000000
-3.177540 1.217210 0 -13.551700 0.976669 196.996000 1037.170000 -13 2093 1 0 1.000000
1.034760 0.791652 0 7.354430 -3.905000 204.487000 1037.130000 -13 2094 1 0 1.000000
-0.247972 -15.117600 0 4.849800 5.208670 205.956000 1037.280000 -13 2095 1 0 1.000000
-7.075710 -2.421210 0 -3.900130 2.771690 194.683000 1037.100000 -13 2096 1 0 1.000000
-0.359151 -3.763530 0 18.543600 -5.032790 192.363000 1037.130000 -13 2097 1 0 1.000000
2.171990 -6.968740 0 -9.312300 -0.923714 202.451000 1037.310000 -13 2098 1 0 1.000000
3.223100 2.929360 0 -1.142940 -12.007900 204.831000 1037.160000 -13 2099 1 0 1.000000
4.533340 -4.281970 0 -2.676230 8.146270 211.667000 1037.290000 -13 2100 1 0 1.000000
1.435910 -5.958930 0 7.003450 -10.040500 196.994000 1037.160000 -13 2101 1 0 1.000000
-14.077500 -19.597700 0 -6.864950 9.512650 219.394000 1037.290000 -13 2102 1 0 1.000000
-9.741750 -2.577560 0 18.052900 -3.754430 217.727000 1037.090000 -13 2103 1 0 1.000000
-3.143920 -5.271420 0 -26.028800 -4.964030 215.399000 1037.390000 -13 2104 1 0 1.000000
-5.431550 -8.409270 0 4.588890 0.209670 213.561000 1037.210000 -13 2105 1 0 1.000000
-8.134740 -1.811230 0 10.798900 15.807700 212.163000 1037.180000 -13 2106 1 0 1.000000
-26.352400 -5.866760 0 12.966200 1.933580 199.210000 1037.310000 -13 2107 1 0 1.000000
0.741018 -5.619400 0 9.758760 -12.825200 212.991000 1037.360000 -13 2108 1 0 1.000000
-8.245480 0.316006 0 -0.928105 1.045610 223.309000 1037.140000 -13 2109 1 0 1.000000
2.977860 7.617830 0 3.978280 -9.327810 201.985000 1037.040000 -13 2110 1 0 1.000000
-12.316800 -2.280110 0 -13.683800 6.414940 204.752000 1037.420000 -13 2111 1 0 1.000000
3.311980 -6.308730 0 8.365330 1.592980 195.074000 1037.220000 -13 2112 1 0 1.000000
5.925410 -21.309700 0 -18.327900 -0.429741 196.969000 1037.220000 -13 2113 1 0 1.000000
1.566430 -16.605500 0 -0.639590 -1.082670 203.916000 1037.220000 -13 2114 1 0 1.000000
-2.688350 -4.975760 0 4.058730 28.694200 190.254000 1037.340000 -13 2115 1 0 1.000000
1.938820 -6.851990 0 9.452560 2.287920 206.882000 1036.990000 -13 2116 1 0 1.000000
-11.948600 -5.216690 0 -13.284300 -12.849400 198.925000 1037.320000 -13 2117 1 0 1.000000
-10.177700 -6.814320 0 13.912100 -17.992600 202.722000 1037.220000 -13 2118 1 0 1.000000
5.952290 -1.999110 0 -10.822500 4.222360 196.030000 1037.270000 -13 2119 1 0 1.000000
-14.382700 -16.316400 0 1.534140 -19.760400 189.824000 1037.170000 -13 2120 1 0 1.000000
-6.903580 2.345120 0 0.880126 -3.482760 186.321000 1037.240000 -13 2121 1 0 1.000000
-10.535500 -9.684120 0 -6.404080 16.307300 195.624000 1037.180000 -13 2122 1 0 1.000000
-6.161410 20.028500 0 -1.051000 -46.666300 228.616000 1037.370000 -13 2123 1 0 1.000000
-5.717800 -6.181780 0 -10.144900 -6.268610 195.568000 1037.190000 -13 2124 1 0 1.000000
-16.831500 0.303685 0 3.425240 -3.220070 206.589000 1037.250000 -13 2125 1 0 1.000000
-17.570900 -8.029020 0 -7.404690 1.035710 198.824000 1037.380000 -13 2126 1 0 1.000000
-18.070000 -5.325710 0 4.547940 -2.878700 204.386000 1037.420000 -13 2127 1 0 1.000000
-0.576623 -7.726110 0 1.683950 -7.350080 194.507000 1037.280000 -13 2128 1 0 1.000000
3.840500 2.886270 0 -9.348910 5.841420 214.069000 1037.350000 -13 2129 1 0 1.000000
-0.779651 -4.795970 0 0.188020 8.013740 189.725000 1037.330000 -13 2130 1 0 1.000000
-3.516520 -10.958000 0 0.307434 -3.132990 184.248000 1037.260000 -13 2131 1 0 1.000000
-13.359600 -9.328520 0 14.166300 13.045000 197.601000 1037.260000 -13 2132 1 0 1.000000
-21.827700 -22.058100 0 2.056830 11.896700 212.158000 1037.330000 -13 2133 1 0 1.000000
-7.109250 -12.598300 0 -23.471900 -15.552700 191.301000 1037.340000 -13 2134 1 0 1.000000
-25.356600 -7.506170 0 -8.557870 6.266860 222.131000 1037.330000 -13 2135 1 0 1.000000
-8.815180 6.118770 0 -4.672080 -4.267450 208.399000 1037.370000 -13 2136 1 0 1.000000
0.210727 -14.594900 0 -10.206800 4.355650 207.954000 1037.300000 -13 2137 1 0 1.000000
4.805820 8.728700 0 -6.903100 -3.608300 190.011000 1037.150000 -13 2138 1 0 1.000000
-14.317300 -10.263000 0 -7.052930 9.202110 195.835000 1037.290000 -13 2139 1 0 1.000000
-6.734970 6.842850 0 21.817100 11.650200 209.695000 1037.310000 -13 2140 1 0 1.000000
6.114530 -8.043470 0 7.774960 -14.779900 213.149000 1037.060000 -13 2141 1 0 1.000000
-15.818500 -9.823790 0 -2.506810 -2.787660 190.673000 1037.330000 -13 2142 1 0 1.000000
-9.797700 -9.693360 0 1.523240 -3.984110 206.346000 1037.420000 -13 2143 1 0 1.000000
-29.742900 -20.119100 0 -6.736040 -0.536295 203.070000 1037.080000 -13 2144 1 0 1.000000
-18.625700 -14.747400 0 10.983800 -3.254590 199.295000 1037.040000 -13 2145 1 0 1.000000
-10.293200 -5.917080 0 0.405872 14.108200 215.485000 1037.220000 -13 2146 1 0 1.000000
-7.726110 -5.344750 0 10.944000 3.503830 221.509000 1037.120000 -13 2147 1 0 1.000000
-0.623829 -13.058400 0 15.461800 2.398500 235.680000 1037.300000 -13 2148 1 0 1.000000
-13.816800 -13.460000 0 3.318470 -6.815190 191.827000 1037.640000 -13 2149 1 0 1.000000
-11.760900 -18.056900 0 -10.749100 -10.193000 202.847000 1037.360000 -13 2150 1 0 1.000000
12.572300 -4.680760 0 -4.649900 10.712500 203.916000 1037.300000 -13 2151 1 0 1.000000
-9.192520 -0.395406 0 9.928220 30.267300 207.153000 1037.300000 -13 2152 1 0 1.000000
-10.339300 -10.050000 0 1.776660 13.924000 211.048000 1037.250000 -13 2153 1 0 1.000000
-4.591680 -0.748055 0 -8.690790 -25.442200 216.646000 1037.370000 -13 2154 1 0 1.000000
-18.840500 -16.638600 0 -13.062300 -12.976400 206.353000 1037.380000 -13 2155 1 0 1.000000
3.626930 -0.677587 0 -8.972260 8.206430 188.540000 1037.280000 -13 2156 1 0 1.000000
-3.831520 -4.504050 0 9.188670 7.275930 203.047000 1037.310000 -13 2157 1 0 1.000000
4.269240 0.310615 0 0.453742 -11.025200 199.467000 1037.440000 -13 2158 1 0 1.000000
-8.763440 -16.722800 0 -8.802850 -3.555630 214.966000 1037.280000 -13 2159 1 0 1.000000
-7.934920 -20.307400 0 -5.302840 -6.851870 186.403000 1037.410000 -13 2160 1 0 1.000000
3.588830 -1.451200 0 -6.732190 -3.987500 184.014000 1037.150000 -13 2161 1 0 1.000000
-11.436100 -20.671700 0 13.882600 30.244000 196.098000 1037.150000 -13 2162 1 0 1.000000
-3.601760 -12.728700 0 -1.861880 -2.863920 201.220000 1037.440000 -13 2163 1 0 1.000000
-6.043790 -4.221640 0 -2.323060 3.554560 196.686000 1037.180000 -13 2164 1 0 1.000000
-27.528700 11.668300 0 -26.540700 15.815900 215.393000 1037.040000 -13 2165 1 0 1.000000
-5.327920 -8.601770 0 -6.502660 -4.025640 208.942000 1037.410000 -13 2166 1 0 1.000000
-4.208710 -6.065010 0 -10.059400 4.110010 199.112000 1037.400000 -13 2167 1 0 1.000000
-10.905100 -4.664550 0 10.748500 9.531260 205.335000 1037.140000 -13 2168 1 0 1.000000
-2.721340 -7.785910 0 -2.109660 -3.392610 190.729000 1037.260000 -13 2169 1 0 1.000000
-2.452410 7.142210 0 3.004130 6.839300 193.260000 1037.210000 -13 2170 1 0 1.000000
-0.460438 -13.411200 0 7.758270 -10.904200 204.182000 1037.350000 -13 2171 1 0 1.000000
4.286030 -2.302530 0 9.305450 1.101670 189.703000 1037.410000 -13 2172 1 0 1.000000
-10.343000 -11.666800 0 -6.798320 2.870920 194.784000 1037.340000 -13 2173 1 0 1.000000
1.636540 0.339495 0 -0.819209 -15.388100 194.652000 1037.210000 -13 2174 1 0 1.000000
-5.687030 -17.838600 0 10.270800 -7.305150 204.871000 1037.100000 -13 2175 1 0 1.000000
17.324300 16.354000 0 -8.666360 -13.351700 203.882000 1037.350000 -13 2176 1 0 1.000000
5.289840 -15.542000 0 -7.541480 -31.728100 218.367000 1037.110000 -13 2177 1 0 1.000000
1.485130 -12.058300 0 -6.387800 -1.947220 191.964000 1037.190000 -13 2178 1 0 1.000000
-29.562500 9.920310 0 7.509130 7.061580 213.744000 1037.010000 -13 2179 1 0 1.000000
-2.499540 -11.363400 0 -2.338710 31.099300 197.481000 1037.120000 -13 2180 1 0 1.000000
-8.940710 1.649040 0 -10.742100 -10.231600 204.362000 1037.150000 -13 2181 1 0 1.000000
-10.349700 12.956200 0 17.118700 -40.720700 229.112000 1037.350000 -13 2182 1 0 1.000000
-19.293700 -1.418250 0 19.055800 -10.305700 230.205000 1037.280000 -13 2183 1 0 1.000000
-6.445360 3.379150 0 6.373470 -1.362910 199.613000 1037.140000 -13 2184 1 0 1.000000
6.226500 -4.203180 0 12.553800 -16.792200 205.343000 1037.210000 -13 2185 1 0 1.000000
-6.023410 -9.488360 0 9.763080 4.632380 196.931000 1037.270000 -13 2186 1 0 1.000000
-15.027200 -11.222300 0 5.541340 3.363130 196.005000 1037.160000 -13 2187 1 0 1.000000
-12.187900 3.928170 0 12.566500 -20.915200 208.691000 1037.330000 -13 2188 1 0 1.000000
-10.152500 -6.308970 0 4.721510 3.412530 214.485000 1037.290000 -13 2189 1 0 1.000000
-5.098690 -11.198300 0 13.288800 0.297149 208.966000 1037.170000 -13 2190 1 0 1.000000
3.217280 -6.280470 0 -1.095590 -15.274200 185.244000 1037.320000 -13 2191 1 0 1.000000
-2.820380 -21.956500 0 -41.259100 -10.678700 193.192000 1037.190000 -13 2192 1 0 1.000000
-1.178890 -19.412800 0 1.829170 12.863400 205.220000 1037.350000 -13 2193 1 0 1.000000
-12.988900 -3.434900 0 -6.507110 11.183600 202.788000 1037.240000 -13 2194 1 0 1.000000
-1.261680 -23.776200 0 6.117550 -23.085800 192.566000 1037.090000 -13 2195 1 0 1.000000
8.280260 -13.398900 0 -5.441810 -18.017300 187.414000 1037.400000 -13 2196 1 0 1.000000
5.300340 -0.025914 0 9.038320 2.455790 219.490000 1037.270000 -13 2197 1 0 1.000000
-2.171330 7.548080 0 8.777040 -5.705350 193.436000 1037.190000 -13 2198 1 0 1.000000
-12.752000 -11.707100 0 -0.110671 2.887610 204.814000 1037.210000 -13 2199 1 0 1.000000
-6.574550 -13.211800 0 -21.563100 -24.798000 199.455000 1037.200000 -13 2200 1 0 1.000000
-18.921900 -4.493330 0 -3.777990 -8.969530 197.401000 1037.390000 -13 2201 1 0 1.000000
-9.736320 -10.295500 0 1.257570 -23.556500 204.073000 1037.350000 -13 2202 1 0 1.000000
1.248770 0.993060 0 -0.577462 -20.922400 209.714000 1037.450000 -13 2203 1 0 1.000000
-7.878690 0.249270 0 18.068500 6.259670 210.837000 1037.080000 -13 2204 1 0 1.000000
-3.763210 -12.929500 0 1.751180 -14.649900 193.038000 1037.300000 -13 2205 1 0 1.000000
4.866890 -18.185400 0 -15.456900 5.008100 197.514000 1037.340000 -13 2206 1 0 1.000000
-6.750860 -15.308400 0 -7.567850 -7.300250 198.992000 1037.220000 -13 2207 1 0 1.000000
11.774000 -11.422600 0 3.202770 -15.025400 193.224000 1037.250000 -13 2208 1 0 1.000000
-2.593790 -17.742500 0 -14.977900 -6.332100 196.016000 1037.320000 -13 2209 1 0 1.000000
-26.280300 1.688340 0 9.019480 -21.324800 215.230000 1037.140000 -13 2210 1 0 1.000000
-0.151825 -2.905990 0 -2.446570 4.863680 203.125000 1037.350000 -13 2211 1 0 1.000000
-2.028550 -13.890000 0 -6.251180 -8.186710 191.485000 1037.290000 -13 2212 1 0 1.000000
-3.145600 -22.843100 0 6.889480 -0.589956 191.053000 1037.280000 -13 2213 1 0 1.000000
-16.865100 -4.978410 0 18.003700 -19.343900 218.712000 1037.290000 -13 2214 1 0 1.000000
-27.381000 -14.060000 0 28.166300 2.418940 223.253000 1036.890000 -13 2215 1 0 1.000000
-0.723467 -3.864520 0 5.144250 10.352200 198.024000 1037.140000 -13 2216 1 0 1.000000
-1.255080 -0.864705 0 30.668800 2.552860 202.400000 1034.720000 -13 2217 1 0 1.000000
0.150368 -1.980190 0 6.112410 -5.056710 200.170000 1034.250000 -13 2218 1 0 1.000000
1.057920 -5.766250 0 -16.977200 2.188660 213.543000 1034.250000 -13 2219 1 0 1.000000
-6.949980 -12.358200 0 -0.641587 -0.122554 196.861000 1034.210000 -13 2220 1 0 1.000000
-3.989340 -3.544820 0 5.810150 13.355500 198.816000 1034.090000 -13 2221 1 0 1.000000
-8.914850 0.038124 0 14.209100 -11.292900 218.290000 1037.230000 -13 2222 1 0 1.000000
-7.760110 -3.606790 0 -1.226870 -1.836590 195.463000 1037.090000 -13 2223 1 0 1.000000
7.072870 -4.786350 0 -0.476278 -8.612880 196.563000 1037.420000 -13 2224 1 0 1.000000
-14.626700 -4.854590 0 -7.587240 -16.039900 203.041000 1037.320000 -13 2225 1 0 1.000000
-9.954490 -7.113470 0 -9.287500 -7.656110 205.920000 1037.110000 -13 2226 1 0 1.000000
9.529750 -3.262310 0 -8.448310 1.856150 215.175000 1037.280000 -13 2227 1 0 1.000000
-3.747730 6.706360 0 11.023300 -24.102300 239.410000 1036.990000 -13 2228 1 0 1.000000
-1.124960 -15.571100 0 9.393400 5.945660 201.116000 1037.420000 -13 2229 1 0 1.000000
1.233590 -19.800100 0 -25.102500 16.890700 193.654000 1037.070000 -13 2230 1 0 1.000000
4.038900 -0.340362 0 -21.431500 -18.690100 181.200000 1037.370000 -13 2231 1 0 1.000000
-2.228500 -5.543470 0 -5.672700 1.829630 192.424000 1037.310000 -13 2232 1 0 1.000000
-9.745560 -4.675230 0 0.570801 -27.745700 205.340000 1037.220000 -13 2233 1 0 1.000000
-9.038810 -14.983200 0 25.445800 -19.790200 193.219000 1037.330000 -13 2234 1 0 1.000000
-0.447185 -5.880110 0 6.502680 10.515300 192.475000 1037.360000 -13 2235 1 0 1.000000
-0.857240 -13.832100 0 -8.999620 -11.301300 209.689000 1037.210000 -13 2236 1 0 1.000000
-12.819000 -3.218230 0 10.172000 12.726000 209.068000 1037.320000 -13 2237 1 0 1.000000
7.798300 -1.718580 0 -12.642700 -15.024200 198.295000 1037.200000 -13 2238 1 0 1.000000
-9.266070 -1.358500 0 -14.844700 19.695300 196.673000 1037.340000 -13 2239 1 0 1.000000
-9.297820 -0.198594 0 21.160300 -17.099600 213.903000 1036.880000 -13 2240 1 0 1.000000
-21.232600 -10.666000 0 -36.797300 14.043900 227.907000 1037.070000 -13 2241 1 0 1.000000
0.469671 -4.361050 0 11.653600 -8.331400 185.951000 1037.090000 -13 2242 1 0 1.000000
-0.547801 -6.782170 0 -2.084850 -3.910660 183.262000 1037.360000 -13 2243 1 0 1.000000
8.015020 7.109820 0 1.649120 3.517790 202.876000 1037.080000 -13 2244 1 0 1.000000
7.707130 -9.101640 0 -31.477700 11.463200 214.766000 1037.290000 -13 2245 1 0 1.000000
-5.708500 -8.119700 0 -10.923100 17.536500 211.250000 1037.090000 -13 2246 1 0 1.000000
-3.286820 -4.364040 0 -4.876040 5.172300 215.100000 1037.130000 -13 2247 1 0 1.000000
-0.090335 -1.990810 0 -0.765250 1.321800 200.345000 1037.390000 -13 2248 1 0 1.000000
-2.835630 -10.269400 0 -10.356200 -0.104337 211.497000 1037.090000 -13 2249 1 0 1.000000
-17.648200 -7.771800 0 -4.681120 -1.870370 203.245000 1037.080000 -13 2250 1 0 1.000000
-3.180080 -3.684990 0 0.019109 -5.755650 221.398000 1037.180000 -13 2251 1 0 1.000000
-6.746440 -5.217750 0 8.708950 6.101600 208.806000 1037.250000 -13 2252 1 0 1.000000
-2.646280 -4.991930 0 5.673110 -2.187260 195.367000 1037.280000 -13 2253 1 0 1.000000
-3.775770 8.547030 0 -7.384590 -1.289170 201.096000 1037.290000 -13 2254 1 0 1.000000
-1.181930 -9.801930 0 9.032820 1.480490 208.030000 1037.250000 -13 2255 1 0 1.000000
-12.188600 -9.755550 0 -17.391000 4.340830 207.364000 1037.120000 -13 2256 1 0 1.000000
-7.872510 -28.639800 0 -13.062200 19.079800 217.165000 1037.020000 -13 2257 1 0 1.000000
-2.152100 -16.094100 0 -4.642650 -3.072140 189.881000 1037.310000 -13 2258 1 0 1.000000
-7.256900 -1.492170 0 -15.485200 5.975010 195.731000 1037.320000 -13 2259 1 0 1.000000
-3.789990 -9.639120 0 3.576410 1.390240 208.044000 1037.380000 -13 2260 1 0 1.000000
2.232280 -12.469900 0 6.232610 -17.606700 189.899000 1037.360000 -13 2261 1 0 1.000000
-7.699590 -15.812700 0 -18.542200 9.804250 192.388000 1037.290000 -13 2262 1 0 1.000000
3.355050 -3.904010 0 15.904100 -12.259900 198.148000 1037.360000 -13 2263 1 0 1.000000
-10.441800 5.928780 0 8.979520 22.963200 194.704000 1037.330000 -13 2264 1 0 1.000000
-21.409200 -3.691840 0 -11.269000 0.883687 196.062000 1037.440000 -13 2265 1 0 1.000000
2.174310 -17.674100 0 -2.066340 -13.741100 221.671000 1037.300000 -13 2266 1 0 1.000000
-3.711860 -7.302390 0 10.355800 -12.507600 200.519000 1037.200000 -13 2267 1 0 1.000000
-15.499700 0.309999 0 -5.617120 19.888800 198.429000 1037.220000 -13 2268 1 0 1.000000
0.966687 -6.208600 0 -4.564650 3.198280 181.025000 1037.390000 -13 2269 1 0 1.000000
-12.960200 -8.597730 0 7.043980 1.704150 194.668000 1037.080000 -13 2270 1 0 1.000000
-12.171000 -4.381100 0 12.531600 -1.407850 214.717000 1037.050000 -13 2271 1 0 1.000000
-6.129340 0.042631 0 -11.666600 1.565240 180.714000 1037.190000 -13 2272 1 0 1.000000
-8.002820 -5.795120 0 1.616340 0.492488 191.384000 1037.340000 -13 2273 1 0 1.000000
-25.315400 -0.802324 0 0.258731 18.862400 209.697000 1037.280000 -13 2274 1 0 1.000000
-19.381900 -9.377020 0 5.270900 -0.773037 203.747000 1037.180000 -13 2275 1 0 1.000000
-4.737820 0.957699 0 -5.516170 -4.834220 191.672000 1037.190000 -13 2276 1 0 1.000000
-10.693400 -8.882870 0 -20.236200 3.598370 189.334000 1037.070000 -13 2277 1 0 1.000000
4.981390 4.421680 0 5.902620 6.569690 202.454000 1037.400000 -13 2278 1 0 1.000000
11.501900 6.333850 0 -1.175580 -12.860600 191.075000 1037.170000 -13 2279 1 0 1.000000
4.686200 -15.175000 0 -12.425400 -2.656270 202.314000 1037.050000 -13 2280 1 0 1.000000
-3.044780 -13.292600 0 -21.547800 17.883100 206.651000 1037.220000 -13 2281 1 0 1.000000
-19.860300 -0.957412 0 11.842500 1.552190 200.342000 1037.240000 -13 2282 1 0 1.000000
0.847071 -14.400500 0 -1.010200 18.217100 193.186000 1037.030000 -13 2283 1 0 1.000000
-1.224500 3.607940 0 -5.035880 4.614510 208.100000 1037.120000 -13 2284 1 0 1.000000
-16.331400 -6.428820 0 -1.589380 -13.885300 221.864000 1037.400000 -13 2285 1 0 1.000000
0.411262 -12.343100 0 0.978850 -11.672000 224.479000 1036.930000 -13 2286 1 0 1.000000
-2.862620 -21.627900 0 6.631130 4.734780 210.766000 1037.350000 -13 2287 1 0 1.000000
-5.709220 -6.195690 0 11.003200 -8.118280 212.427000 1037.230000 -13 2288 1 0 1.000000
-3.225360 -7.957320 0 -14.670500 -3.432360 177.438000 1037.320000 -13 2289 1 0 1.000000
-19.988400 -17.495300 0 -9.494820 6.211090 195.390000 1037.200000 -13 2290 1 0 1.000000
0.924930 -13.612800 0 -0.139144 2.873110 183.109000 1037.220000 -13 2291 1 0 1.000000
2.921730 -20.932800 0 -4.037640 -21.300300 202.401000 1037.120000 -13 2292 1 0 1.000000
-10.581200 -8.269790 0 -1.327250 -3.818790 209.978000 1037.370000 -13 2293 1 0 1.000000
-26.829600 -9.006970 0 -4.637180 -12.022600 203.524000 1037.230000 -13 2294 1 0 1.000000
0.979659 -3.227340 0 -2.844860 -1.644260 198.346000 1037.120000 -13 2295 1 0 1.000000
-0.379785 -10.626400 0 -6.381760 13.620000 203.204000 1037.040000 -13 2296 1 0 1.000000
-8.308620 -8.167280 0 -12.404800 -13.173100 205.287000 1037.250000 -13 2297 1 0 1.000000
-4.229500 -10.456700 0 -12.826800 -4.257280 203.275000 1036.990000 -13 2298 1 0 1.000000
4.330540 -1.437650 0 -12.828300 1.962560 194.182000 1037.090000 -13 2299 1 0 1.000000
8.812690 -11.638000 0 5.975810 2.524120 207.121000 1037.160000 -13 2300 1 0 1.000000
-7.300730 8.598480 0 9.532090 9.330890 208.774000 1037.230000 -13 2301 1 0 1.000000
-4.057510 9.746930 0 11.732700 -4.906180 201.532000 1037.320000 -13 2302 1 0 1.000000
-6.343660 -11.304500 0 13.553300 -0.849473 197.014000 1037.250000 -13 2303 1 0 1.000000
-12.913600 -10.322800 0 4.717370 -5.495310 200.922000 1037.280000 -13 2304 1 0 1.000000
-0.387643 -5.206130 0 -14.252600 9.893880 194.557000 1037.260000 -13 2305 1 0 1.000000
-10.138700 5.397100 0 -4.841830 -2.331190 210.184000 1037.340000 -13 2306 1 0 1.000000
-18.381100 -5.754860 0 20.594600 -0.596504 201.116000 1037.180000 -13 2307 1 0 1.000000
1.135690 -7.538260 0 -14.049000 4.238070 184.586000 1037.230000 -13 2308 1 0 1.000000
-10.510700 -10.593500 0 16.326600 -2.568820 195.201000 1037.220000 -13 2309 1 0 1.000000
-10.176800 -10.869400 0 -2.334460 3.219830 192.472000 1037.210000 -13 2310 1 0 1.000000
1.640990 -10.191400 0 -2.197220 4.125110 208.734000 1037.370000 -13 2311 1 0 1.000000
3.788340 -8.903740 0 -22.492000 3.897540 220.812000 1037.170000 -13 2312 1 0 1.000000
-7.923690 -10.997300 0 3.498100 -12.500500 197.175000 1037.220000 -13 2313 1 0 1.000000
-7.589430 -18.136700 0 -6.883590 14.657800 216.027000 1037.330000 -13 2314 1 0 1.000000
-4.332930 -14.797300 0 -9.231410 1.508640 210.694000 1037.200000 -13 2315 1 0 1.000000
-4.776460 -11.531900 0 17.325100 12.027800 199.338000 1037.240000 -13 2316 1 0 1.000000
-14.020600 -19.050500 0 -6.217280 21.109100 210.373000 1037.330000 -13 2317 1 0 1.000000
-7.717510 -1.490850 0 -0.447817 3.733530 200.872000 1037.260000 -13 2318 1 0 1.000000
-5.982530 -2.155460 0 -4.701980 -2.301270 223.231000 1037.300000 -13 2319 1 0 1.000000
-26.209100 -14.039500 0 21.228400 -20.330700 228.906000 1037.400000 -13 2320 1 0 1.000000
-2.327070 -20.388200 0 -1.155450 -17.045200 191.637000 1037.100000 -13 2321 1 0 1.000000
-8.194440 -13.194900 0 -0.816685 -7.635830 207.223000 1037.330000 -13 2322 1 0 1.000000
-14.808100 13.923000 0 0.571773 -23.584000 244.648000 1037.140000 -13 2323 1 0 1.000000
-0.748831 -4.523850 0 12.364500 -20.823300 217.142000 1037.080000 -13 2324 1 0 1.000000
6.957230 -1.874030 0 -14.803200 -10.292000 197.148000 1037.360000 -13 2325 1 0 1.000000
20.391400 -10.619700 0 -0.260101 12.428500 215.940000 1037.420000 -13 2326 1 0 1.000000
-0.465972 -6.968560 0 40.210700 -43.273000 194.800000 1037.110000 -13 2327 1 0 1.000000
-1.354210 -9.061110 0 7.394980 -31.680700 218.338000 1037.000000 -13 2328 1 0 1.000000
-11.780400 -2.816990 0 1.568290 7.201500 208.822000 1037.250000 -13 2329 1 0 1.000000
-14.002500 -6.617010 0 -13.351400 8.792200 216.509000 1037.230000 -13 2330 1 0 1.000000
-1.279660 -8.201720 0 4.351630 1.231880 208.672000 1037.210000 -13 2331 1 0 1.000000
0.281269 0.470396 0 -10.892700 26.247500 210.503000 1037.370000 -13 2332 1 0 1.000000
-17.940400 -7.653800 0 21.637600 7.141420 211.005000 1037.340000 -13 2333 1 0 1.000000
-0.070080 -4.484010 0 7.339630 6.083450 206.325000 1037.180000 -13 2334 1 0 1.000000
-13.834400 1.031540 0 7.919050 -11.335800 195.518000 1037.390000 -13 2335 1 0 1.000000
14.865600 -12.756900 0 -14.069300 -1.673220 213.170000 1037.320000 -13 2336 1 0 1.000000
-18.320900 -3.812760 0 -10.849400 -2.375630 206.392000 1037.080000 -13 2337 1 0 1.000000
-4.427180 -9.818330 0 -9.021640 0.947521 207.827000 1036.970000 -13 2338 1 0 1.000000
6.223730 -6.183270 0 0.579171 2.127290 202.701000 1037.120000 -13 2339 1 0 1.000000
-0.401285 -14.013900 0 -8.709590 7.956040 195.585000 1037.210000 -13 2340 1 0 1.000000
-13.702700 -1.275830 0 0.103696 6.582300 193.672000 1037.280000 -13 2341 1 0 1.000000
-38.107500 -6.971680 0 14.925000 6.667150 222.434000 1037.460000 -13 2342 1 0 1.000000
2.078910 -10.219500 0 -3.749760 -9.705450 200.266000 1036.980000 -13 2343 1 0 1.000000
-0.590358 10.982300 0 -4.400510 2.735060 214.568000 1037.250000 -13 2344 1 0 1.000000
-6.352080 -0.675359 0 11.842100 0.998146 192.528000 1037.270000 -13 2345 1 0 1.000000
-8.182360 -14.758400 0 6.787350 24.003600 202.019000 1037.270000 -13 2346 1 0 1.000000
-13.130700 19.536800 0 18.761700 -24.390100 215.301000 1037.070000 -13 2347 1 0 1.000000
-14.399200 -1.293520 0 32.993200 8.754760 199.612000 1037.130000 -13 2348 1 0 1.000000
-9.443570 -12.136600 0 7.939830 10.387000 194.619000 1037.220000 -13 2349 1 0 1.000000
-16.588400 -6.789610 0 1.370800 -2.365440 198.783000 1037.470000 -13 2350 1 0 1.000000
-0.108766 -12.172500 0 2.004620 7.888730 182.974000 1037.260000 -13 2351 1 0 1.000000
3.220300 -8.271470 0 -4.857020 -7.965480 199.874000 1037.150000 -13 2352 1 0 1.000000
-21.841900 -10.156300 0 -2.779330 18.585900 215.824000 1037.300000 -13 2353 1 0 1.000000
-12.818200 -11.478600 0 -22.404100 3.181510 201.928000 1037.150000 -13 2354 1 0 1.000000
-28.091800 -6.116690 0 -5.122750 2.201090 209.132000 1037.110000 -13 2355 1 0 1.000000
-11.400400 -10.800600 0 -3.021590 -25.926300 210.582000 1037.300000 -13 2356 1 0 1.000000
3.576690 0.840264 0 -4.055910 -13.343900 208.734000 1037.230000 -13 2357 1 0 1.000000
-9.208290 -3.894060 0 0.017594 -7.621060 190.742000 1037.380000 -13 2358 1 0 1.000000
-5.003040 -10.480600 0 -3.041030 2.714370 203.156000 1037.110000 -13 2359 1 0 1.000000
-9.345750 -8.087000 0 -12.124900 4.346150 190.521000 1037.260000 -13 2360 1 0 1.000000
-12.833000 -0.487904 0 6.495820 -9.712540 211.296000 1037.370000 -13 2361 1 0 1.000000
0.665341 -0.213684 0 -7.685870 2.622630 183.536000 1037.210000 -13 2362 1 0 1.000000
-10.069500 0.693954 0 18.898100 -8.368770 197.316000 1037.240000 -13 2363 1 0 1.000000
-3.547470 6.167140 0 3.484220 14.699300 198.921000 1037.240000 -13 2364 1 0 1.000000
-6.927420 0.659248 0 12.972500 12.227300 208.919000 1037.360000 -13 2365 1 0 1.000000
-12.322300 -13.080200 0 -8.219780 8.790660 193.450000 1037.280000 -13 2366 1 0 1.000000
-0.725163 -11.078300 0 9.700040 -32.922300 211.248000 1037.290000 -13 2367 1 0 1.000000
-9.169960 -15.971300 0 -28.446300 -6.012510 208.409000 1037.330000 -13 2368 1 0 1.000000
-9.187250 3.782910 0 -1.100570 13.996600 218.904000 1037.210000 -13 2369 1 0 1.000000
-12.366900 -12.958800 0 6.930180 -3.766750 213.976000 1037.330000 -13 2370 1 0 1.000000
1.373360 -8.126520 0 20.588300 -16.620000 214.175000 1037.290000 -13 2371 1 0 1.000000
-14.963700 -0.945967 0 8.748310 5.386640 203.801000 1037.090000 -13 2372 1 0 1.000000
7.792820 -12.392200 0 -15.125300 -5.990430 210.514000 1037.190000 -13 2373 1 0 1.000000
-7.278840 -5.215640 0 10.809300 -13.824500 214.906000 1037.150000 -13 2374 1 0 1.000000
-5.974690 -2.524160 0 10.929100 -2.264430 207.448000 1037.120000 -13 2375 1 0 1.000000
-2.079600 -9.197020 0 0.800225 15.783100 199.850000 1037.200000 -13 2376 1 0 1.000000
3.637910 2.300190 0 2.069570 -6.132580 202.959000 1037.170000 -13 2377 1 0 1.000000
-1.832840 -4.245810 0 20.012600 -15.418500 200.345000 1037.340000 -13 2378 1 0 1.000000
-12.338500 2.194090 0 -2.889510 7.328900 216.860000 1037.270000 -13 2379 1 0 1.000000
-17.808800 4.929460 0 -5.963020 0.953936 201.316000 1037.430000 -13 2380 1 0 1.000000
-6.578110 5.720350 0 12.195700 12.353300 189.965000 1037.300000 -13 2381 1 0 1.000000
22.163700 -13.066500 0 9.985120 -5.390890 215.129000 1037.140000 -13 2382 1 0 1.000000
-21.257100 3.629770 0 -0.470126 -6.244220 207.462000 1037.490000 -13 2383 1 0 1.000000
-4.666910 -17.770000 0 8.082720 -25.574300 196.394000 1037.320000 -13 2384 1 0 1.000000
-5.658610 -3.649930 0 -15.964900 3.206410 208.272000 1037.280000 -13 2385 1 0 1.000000
-4.060660 -4.041800 0 -24.021900 -6.236830 206.240000 1037.050000 -13 2386 1 0 1.000000
1.330610 -7.291540 0 8.555990 -0.416812 215.008000 1037.360000 -13 2387 1 0 1.000000
-6.182140 -0.841540 0 9.979520 -5.012790 208.534000 1037.260000 -13 2388 1 0 1.000000
-6.117330 1.807060 0 47.419900 -13.351200 206.862000 1037.340000 -13 2389 1 0 1.000000
1.788610 13.690400 0 -0.605176 -20.340900 189.876000 1037.290000 -13 2390 1 0 1.000000
-15.392000 -5.005320 0 -2.453120 -2.667500 189.242000 1037.250000 -13 2391 1 0 1.000000
-0.264376 12.557700 0 0.410899 -5.576220 197.731000 1037.200000 -13 2392 1 0 1.000000
8.151690 11.061800 0 -10.285600 -8.575370 214.701000 1037.130000 -13 2393 1 0 1.000000
-10.336800 1.881340 0 -3.580330 -6.556610 209.375000 1037.410000 -13 2394 1 0 1.000000
-16.770300 0.071086 0 -10.582900 12.363600 190.614000 1037.160000 -13 2395 1 0 1.000000
-4.436010 -9.378460 0 8.146120 8.192960 200.335000 1037.050000 -13 2396 1 0 1.000000
-16.737700 3.268140 0 8.489180 2.273000 202.740000 1037.360000 -13 2397 1 0 1.000000
-10.224600 -26.379700 0 -9.520900 -12.247800 201.613000 1037.480000 -13 2398 1 0 1.000000
-11.213400 -13.390900 0 -0.574814 -9.040310 195.205000 1037.230000 -13 2399 1 0 1.000000
-6.498150 -8.148660 0 -6.509640 -9.095680 191.621000 1037.340000 -13 2400 1 0 1.000000
-3.998840 -18.017000 0 -9.741250 -1.232450 212.368000 1037.320000 -13 2401 1 0 1.000000
-4.712500 -5.862770 0 -17.019400 -15.944200 201.893000 1036.910000 -13 2402 1 0 1.000000
0.298833 -7.848260 0 -11.412100 -13.174400 200.729000 1037.210000 -13 2403 1 0 1.000000
-9.235760 -17.683700 0 26.964100 10.405400 216.682000 1037.330000 -13 2404 1 0 1.000000
11.361500 -7.989340 0 5.171400 6.798840 190.361000 1037.230000 -13 2405 1 0 1.000000
2.822530 -12.396200 0 -3.078660 -11.091700 199.767000 1037.350000 -13 2406 1 0 1.000000
0.246874 -2.112280 0 10.685600 8.152000 205.900000 1037.080000 -13 2407 1 0 1.000000
7.219290 -5.299700 0 -4.506540 -17.580600 202.161000 1037.190000 -13 2408 1 0 1.000000
1.596500 -4.431240 0 5.053570 -5.742700 207.322000 1037.270000 -13 2409 1 0 1.000000
0.635384 3.419100 0 -0.523148 -22.882000 207.320000 1036.990000 -13 2410 1 0 1.000000
3.108130 2.325810 0 -13.267400 -5.286440 191.814000 1037.210000 -13 2411 1 0 1.000000
-11.812600 -6.311340 0 -4.437530 -3.134420 197.618000 1037.280000 -13 2412 1 0 1.000000
-19.601700 -23.969100 0 -0.599512 -34.504600 203.599000 1037.440000 -13 2413 1 0 1.000000
1.181910 -7.503500 0 -0.613683 -1.538900 218.390000 1037.190000 -13 2414 1 0 1.000000
1.551230 -14.250000 0 20.339300 11.031400 206.771000 1037.340000 -13 2415 1 0 1.000000
-8.566180 -15.828600 0 -12.756200 -6.060430 210.151000 1037.060000 -13 2416 1 0 1.000000
1.869440 -15.118300 0 -1.860830 8.403840 217.895000 1037.370000 -13 2417 1 0 1.000000
-16.200100 -26.474900 0 12.638900 -3.678080 213.815000 1036.950000 -13 2418 1 0 1.000000
2.600230 -7.444040 0 4.782130 7.082000 188.951000 1037.330000 -13 2419 1 0 1.000000
-7.975160 -7.626050 0 11.572900 8.341300 198.822000 1037.310000 -13 2420 1 0 1.000000
-14.733600 -11.923600 0 10.552300 4.442890 217.475000 1037.090000 -13 2421 1 0 1.000000
-0.181194 -0.769802 0 -4.389730 2.283730 219.235000 1037.310000 -13 2422 1 0 1.000000
-9.684500 -6.158790 0 2.500830 -2.486280 211.550000 1037.310000 -13 2423 1 0 1.000000
-4.598190 -10.885900 0 -10.568800 -4.956380 207.236000 1037.240000 -13 2424 1 0 1.000000
5.562340 17.164400 0 4.860300 3.547400 202.557000 1037.130000 -13 2425 1 0 1.000000
7.360490 -5.621450 0 2.223130 4.347610 199.649000 1037.400000 -13 2426 1 0 1.000000
9.063910 -6.850190 0 -2.660460 -9.599680 204.602000 1037.480000 -13 2427 1 0 1.000000
-1.368970 3.938710 0 -12.909000 -0.545157 200.131000 1037.180000 -13 2428 1 0 1.000000
6.382800 -9.026980 0 -0.947757 -7.497740 205.797000 1037.090000 -13 2429 1 0 1.000000
4.018360 -1.178630 0 15.331500 7.342650 196.319000 1037.070000 -13 2430 1 0 1.000000
-9.904830 -15.137800 0 2.076230 -13.663700 197.285000 1037.000000 -13 2431 1 0 1.000000
7.054730 -20.910900 0 3.054080 1.830320 211.828000 1037.310000 -13 2432 1 0 1.000000
-11.539700 -5.191700 0 -5.389200 1.605880 213.067000 1037.030000 -13 2433 1 0 1.000000
-4.440660 -9.609350 0 1.693150 11.413200 213.260000 1037.310000 -13 2434 1 0 1.000000
-2.862860 -25.743400 0 -16.667100 2.865360 208.399000 1037.220000 -13 2435 1 0 1.000000
-2.117160 -14.525600 0 -6.493090 -16.018000 205.946000 1037.240000 -13 2436 1 0 1.000000
1.330310 -13.413300 0 -28.243800 16.439700 201.368000 1037.270000 -13 2437 1 0 1.000000
4.923680 -9.955360 0 15.034000 -20.622800 183.270000 1037.130000 -13 2438 1 0 1.000000
-26.554700 -0.648497 0 35.205400 6.717330 204.477000 1037.290000 -13 2439 1 0 1.000000
-11.004300 -17.149800 0 -13.254900 0.088734 191.472000 1037.210000 -13 2440 1 0 1.000000
4.270540 -0.552379 0 -10.576300 -3.546190 189.513000 1037.210000 -13 2441 1 0 1.000000
-4.634280 3.140010 0 23.701500 -7.599020 207.531000 1037.240000 -13 2442 1 0 1.000000
-9.746250 3.015950 0 3.072420 6.310740 202.605000 1037.090000 -13 2443 1 0 1.000000
3.416660 -17.729200 0 -12.384700 -0.300832 206.297000 1037.270000 -13 2444 1 0 1.000000
1.430480 5.583940 0 -14.175800 -19.178900 206.960000 1037.300000 -13 2445 1 0 1.000000
5.798330 -4.271250 0 13.134200 -11.503400 191.937000 1037.360000 -13 2446 1 0 1.000000
0.685611 -3.999050 0 1.035480 -14.901900 201.701000 1037.000000 -13 2447 1 0 1.000000
-2.423720 -9.703660 0 -0.805235 9.271090 206.693000 1037.180000 -13 2448 1 0 1.000000
-10.532400 -6.335470 0 -1.186010 -1.724080 202.471000 1037.040000 -13 2449 1 0 1.000000
-7.251660 -5.637700 0 -5.246370 -1.659790 209.320000 1037.170000 -13 2450 1 0 1.000000
-2.161410 -21.439500 0 -0.946718 5.776660 204.661000 1037.360000 -13 2451 1 0 1.000000
-10.444900 -0.932454 0 -6.415640 2.529620 206.458000 1037.430000 -13 2452 1 0 1.000000
3.575000 -0.080597 0 -9.595150 4.163880 205.399000 1037.340000 -13 2453 1 0 1.000000
-4.718430 -9.010520 0 -24.752000 23.500000 195.951000 1037.330000 -13 2454 1 0 1.000000
-26.649300 -16.295500 0 -28.113800 -19.411300 203.592000 1037.150000 -13 2455 1 0 1.000000
-3.523870 -0.446269 0 3.902300 -5.497460 197.991000 1037.330000 -13 2456 1 0 1.000000
-9.086090 -10.556400 0 -9.383200 2.920480 206.673000 1037.340000 -13 2457 1 0 1.000000
-18.268000 -16.696500 0 2.436350 13.260800 216.591000 1037.320000 -13 2458 1 0 1.000000
-7.467680 -4.842380 0 11.776500 -0.533974 209.679000 1037.300000 -13 2459 1 0 1.000000
-4.926650 7.551920 0 -2.804110 -11.129300 208.153000 1037.270000 -13 2460 1 0 1.000000
-3.744170 -0.683218 0 -7.321300 16.213500 188.445000 1037.170000 -13 2461 1 0 1.000000
1.676040 -4.400300 0 13.225000 -4.203030 209.047000 1037.240000 -13 2462 1 0 1.000000
0.652427 -21.036900 0 -12.281100 6.315650 218.105000 1037.110000 -13 2463 1 0 1.000000
5.262390 -8.078230 0 -7.852120 6.064260 197.524000 1037.300000 -13 2464 1 0 1.000000
4.335080 1.636370 0 -8.677190 -0.604804 186.929000 1037.180000 -13 2465 1 0 1.000000
-4.022400 -5.120760 0 -8.580040 25.496400 195.088000 1037.050000 -13 2466 1 0 1.000000
-10.527300 2.281390 0 -1.295370 -6.988390 203.253000 1037.380000 -13 2467 1 0 1.000000
-2.181880 -6.356760 0 -5.582210 -11.014700 192.583000 1037.370000 -13 2468 1 0 1.000000
-10.863200 -0.874871 0 -16.393600 -3.841210 206.316000 1037.310000 -13 2469 1 0 1.000000
7.815560 -4.112460 0 -6.828500 7.050150 192.749000 1037.310000 -13 2470 1 0 1.000000
-10.989100 -1.326510 0 -1.385040 8.607960 203.154000 1037.410000 -13 2471 1 0 1.000000
-2.793050 -1.012400 0 -2.016340 -10.657300 203.792000 1037.270000 -13 2472 1 0 1.000000
7.341960 -8.787450 0 -3.888830 2.574170 203.188000 1037.110000 -13 2473 1 0 1.000000
-1.156810 -13.374900 0 -6.455110 4.178210 204.966000 1037.330000 -13 2474 1 0 1.000000
-4.993430 1.100650 0 6.424550 -4.353650 184.800000 1037.340000 -13 2475 1 0 1.000000
-10.659200 -9.394630 0 1.956360 -8.947280 204.184000 1037.050000 -13 2476 1 0 1.000000
-8.883160 -6.399180 0 -6.769560 3.760100 186.606000 1037.170000 -13 2477 1 0 1.000000
-8.522980 -8.028190 0 8.033830 -5.082740 218.086000 1037.260000 -13 2478 1 0 1.000000
1.971560 -14.954100 0 -19.199700 24.732400 194.082000 1037.110000 -13 2479 1 0 1.000000
-7.452690 -1.416760 0 2.066960 0.437109 213.954000 1037.370000 -13 2480 1 0 1.000000
-23.581400 -16.272600 0 4.367460 25.932000 209.446000 1037.210000 -13 2481 1 0 1.000000
-19.703500 -17.103000 0 -11.830400 14.472100 205.573000 1037.280000 -13 2482 1 0 1.000000
-23.790500 -16.644400 0 8.278930 -5.500420 192.795000 1037.330000 -13 2483 1 0 1.000000
-3.254600 -5.386530 0 10.311800 -9.512920 199.856000 1037.270000 -13 2484 1 0 1.000000
2.175390 2.071250 0 -3.738060 -2.671970 197.025000 1037.140000 -13 2485 1 0 1.000000
-15.249700 -5.594620 0 5.902030 4.621200 193.713000 1037.170000 -13 2486 1 0 1.000000
-1.794930 -1.871860 0 19.978600 9.619320 216.362000 1037.270000 -13 2487 1 0 1.000000
-12.286400 -5.844050 0 -0.561472 -2.423940 206.994000 1037.170000 -13 2488 1 0 1.000000
-12.215700 -14.138700 0 -7.949650 -4.637940 214.690000 1037.290000 -13 2489 1 0 1.000000
1.825580 -14.207400 0 -3.522430 7.225480 205.171000 1037.240000 -13 2490 1 0 1.000000
-0.870082 -7.767400 0 15.635200 -5.441880 203.865000 1037.300000 -13 2491 1 0 1.000000
9.762410 -10.130400 0 12.167200 0.046820 191.087000 1037.500000 -13 2492 1 0 1.000000
-10.031100 -10.639500 0 -0.380438 9.699190 194.312000 1037.520000 -13 2493 1 0 1.000000
-5.716830 -7.870230 0 2.309710 22.753000 214.656000 1037.090000 -13 2494 1 0 1.000000
-18.237200 -6.487200 0 8.775920 12.463400 217.025000 1037.460000 -13 2495 1 0 1.000000
-7.159190 -5.462320 0 4.383260 7.302950 207.726000 1037.150000 -13 2496 1 0 1.000000
-35.047400 -5.434440 0 -26.897100 -11.147600 209.164000 1037.190000 -13 2497 1 0 1.000000
-2.211350 -0.414545 0 -13.970300 -0.888013 200.120000 1037.010000 -13 2498 1 0 1.000000
-16.003900 4.392620 0 6.891060 -3.023430 196.068000 1037.070000 -13 2499 1 0 1.000000
-4.182950 -0.971009 0 -15.428000 -9.148190 210.451000 1037.320000 -13 2500 1 0 1.000000
-11.620700 -0.720037 0 8.083560 21.467700 228.793000 1037.170000 -13 2501 1 0 1.000000
2.416760 -14.110500 0 11.903200 -13.016000 225.103000 1037.300000 -13 2502 1 0 1.000000
6.217520 2.554630 0 0.949098 -12.062600 211.664000 1037.160000 -13 2503 1 0 1.000000
-13.496200 -13.635500 0 6.880430 8.638500 210.452000 1037.180000 -13 2504 1 0 1.000000
3.124420 -19.185600 0 -18.221600 -6.985750 200.782000 1037.350000 -13 2505 1 0 1.000000
-0.042190 -10.420700 0 -5.095000 -19.711800 210.997000 1037.270000 -13 2506 1 0 1.000000
-4.544790 5.497420 0 -11.683100 0.921810 207.194000 1037.300000 -13 2507 1 0 1.000000
-16.466800 -19.554500 0 -7.492630 4.545250 211.904000 1037.320000 -13 2508 1 0 1.000000
1.031180 -6.618370 0 5.741890 11.810400 201.754000 1037.150000 -13 2509 1 0 1.000000
3.388160 -14.347800 0 -5.319550 -6.153140 195.319000 1037.150000 -13 2510 1 0 1.000000
-4.155280 -17.313400 0 -3.087770 -0.916198 198.626000 1037.260000 -13 2511 1 0 1.000000
2.244240 -2.494910 0 2.266680 -8.930470 190.315000 1037.160000 -13 2512 1 0 1.000000
-4.710490 -10.270900 0 -10.295800 -15.035200 201.790000 1037.180000 -13 2513 1 0 1.000000
11.243500 4.628390 0 -5.901360 16.979000 217.387000 1037.240000 -13 2514 1 0 1.000000
-1.341300 -9.555580 0 -14.021500 7.351040 215.519000 1037.210000 -13 2515 1 0 1.000000
-9.675560 -6.831770 0 -0.111193 22.152200 209.943000 1037.230000 -13 2516 1 0 1.000000
-16.759100 -8.076920 0 -10.079900 -24.043600 202.268000 1037.240000 -13 2517 1 0 1.000000
-6.510950 -6.270960 0 9.401740 -5.421350 201.288000 1037.170000 -13 2518 1 0 1.000000
-14.591400 -12.005900 0 -23.661700 6.641880 218.912000 1037.220000 -13 2519 1 0 1.000000
0.578362 7.307950 0 -7.230850 9.080500 194.229000 1037.390000 -13 2520 1 0 1.000000
-11.087400 -5.995190 0 -0.128735 -5.254620 204.223000 1037.200000 -13 2521 1 0 1.000000
-6.220100 0.424192 0 -5.621450 -6.140110 209.476000 1037.030000 -13 2522 1 0 1.000000
-3.215400 -12.120500 0 1.962800 -3.431950 214.284000 1037.240000 -13 2523 1 0 1.000000
2.539390 -5.073470 0 -4.302240 -14.695100 186.766000 1037.300000 -13 2524 1 0 1.000000
-17.201200 1.082640 0 10.520700 -0.689760 211.056000 1037.250000 -13 2525 1 0 1.000000
5.889630 -11.156000 0 2.319380 -0.085051 212.544000 1037.280000 -13 2526 1 0 1.000000
6.632700 1.269070 0 -1.797100 -16.396000 213.535000 1037.270000 -13 2527 1 0 1.000000
-1.000510 3.390910 0 15.027800 0.676909 214.655000 1037.280000 -13 2528 1 0 1.000000
-0.834356 -12.100700 0 -12.566700 -9.442050 201.142000 1037.190000 -13 2529 1 0 1.000000
-11.271100 -20.543900 0 8.664930 5.154340 203.210000 1037.050000 -13 2530 1 0 1.000000
-12.992200 -2.227830 0 7.380000 13.422100 188.879000 1037.200000 -13 2531 1 0 1.000000
-4.427060 -5.333890 0 -2.727110 -6.576660 206.384000 1037.430000 -13 2532 1 0 1.000000
6.353210 -6.850690 0 5.809820 18.324000 213.115000 1037.270000 -13 2533 1 0 1.000000
2.572990 -6.742550 0 -8.440740 3.755350 205.696000 1037.220000 -13 2534 1 0 1.000000
-12.823900 -10.375100 0 1.854200 -20.770000 202.097000 1037.340000 -13 2535 1 0 1.000000
-2.452100 -17.230500 0 -7.110390 -5.318300 207.157000 1037.280000 -13 2536 1 0 1.000000
-3.030090 -0.967915 0 -7.488810 -10.959800 197.663000 1037.040000 -13 2537 1 0 1.000000
-18.512700 -8.173610 0 -12.054200 1.793010 195.996000 1037.120000 -13 2538 1 0 1.000000
2.677020 0.507175 0 -8.861050 6.073780 208.324000 1037.270000 -13 2539 1 0 1.000000
-13.025200 -0.779386 0 0.486103 -10.586800 206.285000 1037.160000 -13 2540 1 0 1.000000
-1.798140 -19.024600 0 -2.409310 -11.139800 196.087000 1037.110000 -13 2541 1 0 1.000000
-25.504600 -15.117900 0 -5.128550 2.819230 213.702000 1037.310000 -13 2542 1 0 1.000000
-14.167800 -12.472700 0 -6.028310 5.460770 211.414000 1037.280000 -13 2543 1 0 1.000000
-2.241430 -8.559270 0 -25.683800 -14.096400 203.954000 1037.190000 -13 2544 1 0 1.000000
-9.890260 -6.632830 0 -14.166300 -17.036200 205.983000 1037.060000 -13 2545 1 0 1.000000
-13.181200 -16.572900 0 -7.822130 -0.243221 197.711000 1037.170000 -13 2546 1 0 1.000000
-32.634300 -12.648200 0 -21.622800 15.649400 218.019000 1037.200000 -13 2547 1 0 1.000000
-16.768500 0.063250 0 4.051900 -2.798510 198.147000 1037.450000 -13 2548 1 0 1.000000
-2.036400 -7.759480 0 -0.560607 -6.426190 210.174000 1037.050000 -13 2549 1 0 1.000000
-6.979050 -26.846200 0 10.535300 6.444380 206.380000 1037.360000 -13 2550 1 0 1.000000
-2.036020 -12.738400 0 -2.879880 3.767020 199.256000 1037.190000 -13 2551 1 0 1.000000
-7.387780 -3.308480 0 9.595830 -2.131380 193.233000 1037.270000 -13 2552 1 0 1.000000
-0.678829 -18.658100 0 -2.341200 -9.817760 191.389000 1037.090000 -13 2553 1 0 1.000000
-14.099900 -8.554150 0 -18.566300 6.590110 206.383000 1037.040000 -13 2554 1 0 1.000000
-2.480550 -15.645200 0 -6.620720 3.443940 199.519000 1037.350000 -13 2555 1 0 1.000000
12.105600 -8.593940 0 -6.806150 -3.968540 202.430000 1037.200000 -13 2556 1 0 1.000000
-14.415200 -1.894520 0 -9.526210 9.615040 208.607000 1036.970000 -13 2557 1 0 1.000000
-13.106700 -5.445130 0 -7.455760 5.317220 200.758000 1037.210000 -13 2558 1 0 1.000000
-10.672000 -10.889400 0 6.974520 0.862345 194.721000 1037.150000 -13 2559 1 0 1.000000
-16.880100 4.521720 0 -1.388440 4.445340 205.547000 1037.130000 -13 2560 1 0 1.000000
-3.067610 -9.093130 0 1.902600 1.453380 197.484000 1037.370000 -13 2561 1 0 1.000000
-25.876000 -19.152500 0 16.088800 4.716410 192.942000 1037.340000 -13 2562 1 0 1.000000
-1.358650 -0.011449 0 -0.245321 -23.682800 192.717000 1037.220000 -13 2563 1 0 1.000000
-8.347120 -23.360600 0 -2.889920 -1.670780 223.976000 1037.220000 -13 2564 1 0 1.000000
0.724742 -4.543480 0 8.230280 -13.218800 183.505000 1037.210000 -13 2565 1 0 1.000000
-7.833510 -10.165700 0 -2.828770 -16.152800 188.098000 1037.410000 -13 2566 1 0 1.000000
-8.777750 -5.681380 0 10.390900 -0.055322 216.330000 1037.350000 -13 2567 1 0 1.000000
-10.875400 -0.046908 0 -5.087220 12.730400 215.680000 1036.970000 -13 2568 1 0 1.000000
5.664120 -11.252100 0 -19.518100 -6.059240 200.822000 1037.580000 -13 2569 1 0 1.000000
-8.115600 -6.265190 0 -8.340070 7.958780 186.887000 1037.100000 -13 2570 1 0 1.000000
10.126500 -12.499500 0 2.518900 1.793480 193.684000 1037.180000 -13 2571 1 0 1.000000
-4.552180 -1.903200 0 -11.360700 -3.553620 200.601000 1037.040000 -13 2572 1 0 1.000000
2.700410 -11.811700 0 9.472640 -1.013210 200.916000 1037.150000 -13 2573 1 0 1.000000
-5.127380 -2.239550 0 -11.344000 -9.369590 208.832000 1037.350000 -13 2574 1 0 1.000000
-4.459730 9.802240 0 6.594630 8.292860 210.920000 1037.030000 -13 2575 1 0 1.000000
-1.414700 6.368030 0 5.775470 13.193800 211.978000 1037.130000 -13 2576 1 0 1.000000
-3.503670 -17.476400 0 10.501000 11.174700 215.975000 1037.290000 -13 2577 1 0 1.000000
-7.581780 -11.976100 0 -10.541300 -8.795340 205.571000 1037.190000 -13 2578 1 0 1.000000
-17.402500 -9.415900 0 8.895040 8.451890 198.579000 1037.420000 -13 2579 1 0 1.000000
11.128800 -2.030900 0 -7.137770 7.746350 192.936000 1037.130000 -13 2580 1 0 1.000000
-8.419000 -4.880340 0 -11.818600 -1.207760 218.168000 1037.270000 -13 2581 1 0 1.000000
-6.451020 -13.285700 0 -8.270110 8.768530 217.520000 1037.340000 -13 2582 1 0 1.000000
-12.330600 -14.773700 0 0.316008 12.341000 224.727000 1037.280000 -13 2583 1 0 1.000000
1.361400 -11.800700 0 -13.972200 0.453328 179.327000 1037.200000 -13 2584 1 0 1.000000
5.873070 -17.129900 0 -4.234020 8.107560 208.186000 1037.160000 -13 2585 1 0 1.000000
0.016910 -4.201280 0 -24.376600 -5.879690 191.273000 1037.050000 -13 2586 1 0 1.000000
-13.413400 -6.134400 0 -6.065530 -1.621030 186.333000 1037.410000 -13 2587 1 0 1.000000
-0.208476 0.797335 0 6.602500 15.215800 214.011000 1036.970000 -13 2588 1 0 1.000000
-0.867539 10.863800 0 -14.986500 4.398300 196.969000 1037.230000 -13 2589 1 0 1.000000
1.930190 -2.217360 0 0.795688 8.660260 190.551000 1037.090000 -13 2590 1 0 1.000000
-4.909350 -4.543050 0 -8.734900 -8.755610 222.518000 1037.080000 -13 2591 1 0 1.000000
-10.789700 4.200860 0 6.406150 -13.619600 198.575000 1037.230000 -13 2592 1 0 1.000000
-2.923550 -8.346730 0 2.680060 4.159460 189.157000 1037.220000 -13 2593 1 0 1.000000
13.772300 -11.897500 0 -1.646680 2.930440 209.054000 1037.110000 -13 2594 1 0 1.000000
-7.486040 -11.917600 0 6.087010 11.782900 214.524000 1037.210000 -13 2595 1 0 1.000000
-9.711450 9.001700 0 -2.667490 1.315910 207.968000 1036.890000 -13 2596 1 0 1.000000
-0.655753 -11.257400 0 -4.806700 -6.080040 214.450000 1037.060000 -13 2597 1 0 1.000000
-6.119850 6.014300 0 8.997780 -10.143500 209.494000 1037.220000 -13 2598 1 0 1.000000
-21.195400 -1.183920 0 -13.872700 -13.271100 206.108000 1037.470000 -13 2599 1 0 1.000000
-5.918410 -21.742800 0 6.833610 8.542320 199.283000 1037.320000 -13 2600 1 0 1.000000
-4.222420 -8.145070 0 -14.436000 5.765640 187.370000 1037.380000 -13 2601 1 0 1.000000
2.549780 -5.420090 0 -14.423400 8.177830 192.840000 1037.330000 -13 2602 1 0 1.000000
-16.913400 -3.432860 0 14.096100 12.514800 216.752000 1036.990000 -13 2603 1 0 1.000000
7.876630 -15.891000 0 -10.935100 1.741970 203.358000 1036.980000 -13 2604 1 0 1.000000
-6.779880 -9.147750 0 2.089190 -1.016340 196.991000 1037.370000 -13 2605 1 0 1.000000
-7.048200 -7.060640 0 2.128650 -7.590290 192.966000 1037.320000 -13 2606 1 0 1.000000
-1.970240 5.717550 0 1.276200 -13.681900 190.136000 1037.440000 -13 2607 1 0 1.000000
-0.570674 -9.306290 0 -7.919870 -0.982735 206.875000 1037.290000 -13 2608 1 0 1.000000
-8.031520 2.533700 0 -5.352680 2.200290 193.778000 1037.320000 -13 2609 1 0 1.000000
1.975230 -10.312500 0 -11.742800 -3.976500 192.859000 1037.240000 -13 2610 1 0 1.000000
-22.271300 7.506770 0 -1.067740 2.653210 212.412000 1037.230000 -13 2611 1 0 1.000000
-0.624295 -4.702830 0 -6.319450 5.522100 218.034000 1036.950000 -13 2612 1 0 1.000000
-12.899800 4.408090 0 8.822240 3.284360 199.592000 1037.230000 -13 2613 1 0 1.000000
-16.959900 -19.692100 0 7.176170 -10.536400 192.259000 1037.470000 -13 2614 1 0 1.000000
4.449050 10.463800 0 0.057072 7.814480 225.079000 1037.280000 -13 2615 1 0 1.000000
-7.429820 -15.934500 0 -3.286700 0.258237 188.110000 1037.490000 -13 2616 1 0 1.000000
-3.197540 -2.938160 0 12.341300 -13.374300 189.578000 1037.220000 -13 2617 1 0 1.000000
-9.576840 5.199600 0 19.485500 -2.986010 216.507000 1037.150000 -13 2618 1 0 1.000000
-4.086850 -10.187900 0 -3.985210 2.077590 205.077000 1037.300000 -13 2619 1 0 1.000000
-9.350980 13.117500 0 -1.425020 -17.872900 211.329000 1036.940000 -13 2620 1 0 1.000000
0.811332 -9.031450 0 5.179430 18.722400 212.365000 1037.280000 -13 2621 1 0 1.000000
6.097610 -10.035800 0 -10.748000 1.193450 194.593000 1037.180000 -13 2622 1 0 1.000000
7.323260 2.688610 0 8.913020 -6.639870 186.800000 1037.240000 -13 2623 1 0 1.000000
-10.164300 -11.503000 0 4.736990 -10.335800 194.908000 1037.080000 -13 2624 1 0 1.000000
0.814700 -5.968130 0 -12.619300 -3.220030 186.997000 1037.280000 -13 2625 1 0 1.000000
-17.615200 0.397083 0 -1.322930 1.247310 203.845000 1037.140000 -13 2626 1 0 1.000000
-9.144910 4.358970 0 -4.572220 7.457450 210.208000 1037.340000 -13 2627 1 0 1.000000
8.167720 -12.932300 0 -0.428688 -1.438470 210.276000 1037.300000 -13 2628 1 0 1.000000
1.600680 6.081940 0 22.414700 1.607750 198.403000 1037.220000 -13 2629 1 0 1.000000
-4.100860 -20.998000 0 -12.899000 9.510930 193.800000 1037.230000 -13 2630 1 0 1.000000
-15.308200 -3.609710 0 -11.212100 -2.411730 204.000000 1037.190000 -13 2631 1 0 1.000000
4.612340 -3.283820 0 19.634100 2.897040 209.175000 1037.360000 -13 2632 1 0 1.000000
-10.180200 -15.866700 0 4.427460 -11.215200 201.496000 1037.190000 -13 2633 1 0 1.000000
-8.109390 -6.780960 0 -11.064600 5.886020 195.117000 1037.030000 -13 2634 1 0 1.000000
-14.087400 2.478050 0 9.775100 0.747077 207.624000 1037.190000 -13 2635 1 0 1.000000
8.954500 -3.225070 0 8.486040 -1.663460 206.059000 1037.240000 -13 2636 1 0 1.000000
-5.693890 -13.286300 0 -21.966800 18.117900 210.221000 1037.220000 -13 2637 1 0 1.000000
-9.486530 -3.382100 0 11.304500 3.928190 196.321000 1037.300000 -13 2638 1 0 1.000000
-11.275400 -11.245000 0 -6.160970 -7.088430 190.789000 1037.140000 -13 2639 1 0 1.000000
-6.150170 -2.285980 0 -3.522620 15.552100 193.767000 1037.360000 -13 2640 1 0 1.000000
-4.076260 -11.233100 0 4.820610 -3.373150 199.184000 1037.350000 -13 2641 1 0 1.000000
-5.421720 -12.226700 0 -0.855751 17.313600 201.681000 1037.430000 -13 2642 1 0 1.000000
-13.896800 -7.615540 0 -0.286267 -5.791260 199.309000 1037.280000 -13 2643 1 0 1.000000
-18.128900 -3.922400 0 15.592500 -15.941000 221.657000 1037.220000 -13 2644 1 0 1.000000
-12.847200 -11.594400 0 -4.020420 15.116000 207.577000 1036.930000 -13 2645 1 0 1.000000
0.894069 -13.500600 0 13.147800 0.764273 216.486000 1037.030000 -13 2646 1 0 1.000000
0.360302 -2.890640 0 7.719230 14.663900 215.545000 1037.160000 -13 2647 1 0 1.000000
-21.315500 -11.292700 0 22.193300 8.070360 216.526000 1037.280000 -13 2648 1 0 1.000000
-2.551610 -1.495880 0 15.914400 5.054570 197.164000 1037.310000 -13 2649 1 0 1.000000
-4.167620 -11.120100 0 4.249450 -8.397890 195.877000 1037.080000 -13 2650 1 0 1.000000
-6.712070 -17.311900 0 -7.143420 2.438280 195.019000 1037.230000 -13 2651 1 0 1.000000
3.610240 -3.763990 0 -8.515870 4.551920 206.380000 1037.050000 -13 2652 1 0 1.000000
-13.696000 9.697220 0 7.541280 -11.073400 212.191000 1037.200000 -13 2653 1 0 1.000000
-3.088980 -5.774260 0 -1.580860 -9.268980 182.576000 1037.230000 -13 2654 1 0 1.000000
-10.039100 -8.358800 0 -17.766500 -12.368500 197.873000 1037.340000 -13 2655 1 0 1.000000
2.445200 -8.162420 0 -10.047900 -0.237460 210.258000 1037.320000 -13 2656 1 0 1.000000
-14.788100 1.469990 0 3.824250 -1.035240 213.243000 1037.180000 -13 2657 1 0 1.000000
-8.775770 -6.443010 0 7.561400 -5.014030 219.855000 1037.080000 -13 2658 1 0 1.000000
-2.484150 -21.052200 0 1.796700 11.325900 195.886000 1037.220000 -13 2659 1 0 1.000000
-22.367800 1.680850 0 17.780700 -6.424880 222.030000 1037.320000 -13 2660 1 0 1.000000
-5.225710 -7.692250 0 6.369060 5.825630 206.329000 1037.260000 -13 2661 1 0 1.000000
0.993843 1.238760 0 -0.212067 -4.386280 206.210000 1037.440000 -13 2662 1 0 1.000000
-14.284600 -5.499860 0 -8.302050 -13.837000 197.436000 1037.220000 -13 2663 1 0 1.000000
-10.367800 -8.043630 0 7.892800 -7.229660 215.005000 1037.330000 -13 2664 1 0 1.000000
-22.853400 -9.863160 0 -8.630480 -8.261350 192.815000 1037.450000 -13 2665 1 0 1.000000
3.091580 9.158380 0 3.858760 -18.849100 183.626000 1037.290000 -13 2666 1 0 1.000000
-20.139700 -15.501100 0 -8.350480 -9.019780 197.921000 1037.330000 -13 2667 1 0 1.000000
1.206430 -2.022380 0 -9.317100 -5.433420 208.893000 1037.230000 -13 2668 1 0 1.000000
-12.706400 -2.999260 0 -5.700920 -1.389720 211.315000 1037.350000 -13 2669 1 0 1.000000
-0.521390 -13.948200 0 -4.086440 -8.033580 197.475000 1037.370000 -13 2670 1 0 1.000000
12.201400 0.046095 0 3.422510 -4.393060 195.342000 1037.280000 -13 2671 1 0 1.000000
-5.904230 -5.959530 0 -4.253670 12.849700 183.825000 1037.260000 -13 2672 1 0 1.000000
-9.259120 -2.519340 0 -12.231600 -5.010810 201.547000 1037.060000 -13 2673 1 0 1.000000
-6.670020 -15.827300 0 -0.327733 16.561400 201.409000 1037.250000 -13 2674 1 0 1.000000
8.936160 -2.531600 0 0.032381 -10.972800 189.787000 1037.250000 -13 2675 1 0 1.000000
-1.504330 0.247914 0 10.533500 -9.057160 190.778000 1037.230000 -13 2676 1 0 1.000000
-9.909730 -11.393300 0 5.828140 4.481860 199.971000 1037.240000 -13 2677 1 0 1.000000
-8.283520 6.220160 0 10.632400 -9.800630 204.221000 1037.420000 -13 2678 1 0 1.000000
2.587620 -22.240100 0 -17.261800 9.830750 226.842000 1037.070000 -13 2679 1 0 1.000000
-12.333000 -7.408710 0 3.148800 -0.095432 206.156000 1037.380000 -13 2680 1 0 1.000000
0.309062 -10.321000 0 -10.356400 16.908000 191.856000 1037.210000 -13 2681 1 0 1.000000
-2.901100 -14.878500 0 11.040100 -5.704890 208.809000 1037.190000 -13 2682 1 0 1.000000
7.774880 -3.148090 0 -5.185100 3.776990 195.085000 1037.370000 -13 2683 1 0 1.000000
4.347050 -10.106600 0 -11.495700 5.156120 209.698000 1037.300000 -13 2684 1 0 1.000000
0.226961 -1.782570 0 4.259540 -1.432000 189.456000 1037.400000 -13 2685 1 0 1.000000
-2.975210 -14.903400 0 -16.869000 3.139940 190.860000 1036.980000 -13 2686 1 0 1.000000
-2.803670 6.737410 0 -2.065630 2.429710 202.382000 1036.930000 -13 2687 1 0 1.000000
-16.526400 1.705390 0 8.266850 8.518040 220.904000 1037.220000 -13 2688 1 0 1.000000
-5.294990 4.510420 0 7.697270 7.899540 203.563000 1037.280000 -13 2689 1 0 1.000000
1.197230 -5.978090 0 12.309300 14.836500 210.245000 1037.210000 -13 2690 1 0 1.000000
1.974430 -12.646200 0 -21.878000 6.055880 211.791000 1037.060000 -13 2691 1 0 1.000000
2.755180 1.490600 0 6.371720 3.592730 203.130000 1037.280000 -13 2692 1 0 1.000000
-29.810500 0.572291 0 11.856400 -12.036300 209.288000 1037.300000 -13 2693 1 0 1.000000
-1.962030 7.095550 0 3.276420 4.116150 205.424000 1037.140000 -13 2694 1 0 1.000000
-4.212520 5.884830 0 3.763710 -18.996700 194.532000 1037.320000 -13 2695 1 0 1.000000
-3.938570 -5.312970 0 -13.405700 -1.486260 205.694000 1037.390000 -13 2696 1 0 1.000000
-1.451410 -4.410660 0 -8.547620 4.736730 206.092000 1037.330000 -13 2697 1 0 1.000000
-5.011080 -10.449600 0 14.453800 6.487120 194.946000 1037.370000 -13 2698 1 0 1.000000
21.953400 -9.504490 0 -5.049840 0.007436 216.549000 1037.530000 -13 2699 1 0 1.000000
-7.388010 -8.182080 0 -0.037284 7.651110 206.813000 1037.070000 -13 2700 1 0 1.000000
-1.858160 -4.345600 0 -0.656916 -4.923590 197.251000 1037.450000 -13 2701 1 0 1.000000
-16.303300 -3.607030 0 -9.337850 3.439330 190.631000 1037.190000 -13 2702 1 0 1.000000
-6.647240 -14.159900 0 6.064200 -8.654500 192.964000 1037.040000 -13 2703 1 0 1.000000
-6.291460 -6.779750 0 -27.995500 2.579900 204.144000 1037.290000 -13 2704 1 0 1.000000
-22.989000 -13.057900 0 12.018000 3.491710 224.625000 1037.230000 -13 2705 1 0 1.000000
0.615813 -15.627600 0 -0.462152 -1.493720 195.487000 1037.160000 -13 2706 1 0 1.000000
8.772500 -2.500080 0 -12.498200 9.787800 200.185000 1037.360000 -13 2707 1 0 1.000000
-8.757580 -3.933520 0 21.154400 4.243460 197.852000 1037.410000 -13 2708 1 0 1.000000
-0.291255 -3.401840 0 2.003630 3.058370 199.322000 1037.360000 -13 2709 1 0 1.000000
5.115100 12.650500 0 -13.896200 -1.881960 198.867000 1037.140000 -13 2710 1 0 1.000000
-5.548110 -2.057780 0 0.349433 4.534810 210.291000 1037.060000 -13 2711 1 0 1.000000
-11.470500 -9.907610 0 14.422100 -9.053140 192.812000 1037.210000 -13 2712 1 0 1.000000
-3.383000 -6.471620 0 4.526770 7.191600 202.105000 1037.340000 -13 2713 1 0 1.000000
-7.724300 -1.766730 0 0.026909 7.805330 207.238000 1037.310000 -13 2714 1 0 1.000000
-5.692980 7.535540 0 -4.847010 -6.999420 193.964000 1037.350000 -13 2715 1 0 1.000000
-1.854570 -23.992500 0 -16.876500 -5.484660 218.183000 1037.290000 -13 2716 1 0 1.000000
0.293858 -5.198470 0 -9.164100 -7.439260 206.115000 1037.070000 -13 2717 1 0 1.000000
-12.789700 -12.150300 0 -14.231600 -1.217900 206.722000 1037.230000 -13 2718 1 0 1.000000
-9.186120 12.408100 0 -5.579540 -7.994900 200.236000 1037.450000 -13 2719 1 0 1.000000
-9.204250 -3.104740 0 -5.039140 12.273500 203.701000 1037.440000 -13 2720 1 0 1.000000
-2.061000 -14.992300 0 -2.140960 -9.713070 200.065000 1037.130000 -13 2721 1 0 1.000000
-6.281590 -3.388780 0 13.070500 4.620740 197.643000 1037.120000 -13 2722 1 0 1.000000
-2.662710 -10.946000 0 1.578520 8.801830 183.547000 1037.270000 -13 2723 1 0 1.000000
-6.044750 -6.972210 0 -4.087560 21.654100 199.141000 1037.330000 -13 2724 1 0 1.000000
-10.419700 -3.545440 0 -0.272548 12.492700 195.826000 1037.330000 -13 2725 1 0 1.000000
-17.959000 -3.585430 0 12.677000 10.997700 199.909000 1037.170000 -13 2726 1 0 1.000000
2.157860 -10.916000 0 -15.748600 -4.554000 219.569000 1036.980000 -13 2727 1 0 1.000000
4.742760 -20.625200 0 -5.823830 -10.893000 199.049000 1037.270000 -13 2728 1 0 1.000000
-21.709900 -2.551790 0 4.520310 18.525500 220.444000 1037.260000 -13 2729 1 0 1.000000
-10.323400 -17.963300 0 11.497100 -6.222130 191.719000 1037.180000 -13 2730 1 0 1.000000
-6.742020 -3.945930 0 5.161310 5.017580 198.561000 1037.150000 -13 2731 1 0 1.000000
-0.696716 -8.434030 0 -10.931300 -2.543000 206.232000 1037.060000 -13 2732 1 0 1.000000
7.302800 -7.755560 0 11.726200 -5.901810 190.553000 1037.180000 -13 2733 1 0 1.000000
-17.439500 -4.595900 0 1.744130 9.295360 195.071000 1037.200000 -13 2734 1 0 1.000000
0.041443 1.817720 0 2.603910 3.564410 188.786000 1037.320000 -13 2735 1 0 1.000000
6.947800 -4.801340 0 -1.136080 8.307190 193.562000 1037.130000 -13 2736 1 0 1.000000
-7.614290 -10.626300 0 36.486400 -5.237760 194.723000 1037.340000 -13 2737 1 0 1.000000
-14.378200 -9.513470 0 -4.664220 22.448900 200.102000 1037.230000 -13 2738 1 0 1.000000
-15.385000 -3.064390 0 4.242210 0.744880 207.885000 1037.140000 -13 2739 1 0 1.000000
-6.971350 -0.613953 0 -1.228390 -6.524960 212.942000 1037.330000 -13 2740 1 0 1.000000
-9.665260 -7.732100 0 -14.980300 12.141600 215.306000 1037.210000 -13 2741 1 0 1.000000
4.623860 -7.277270 0 -3.204350 19.883900 209.303000 1037.270000 -13 2742 1 0 1.000000
6.833350 -10.122400 0 -22.675000 -13.740500 185.148000 1037.310000 -13 2743 1 0 1.000000
-3.790540 -7.301190 0 5.522900 4.689780 216.079000 1037.040000 -13 2744 1 0 1.000000
4.966780 -10.555300 0 4.450360 19.133600 219.932000 1037.240000 -13 2745 1 0 1.000000
8.738930 -9.383310 0 -1.853710 -2.282930 186.537000 1037.530000 -13 2746 1 0 1.000000
-9.007580 -0.347871 0 -23.423900 3.234990 194.545000 1037.420000 -13 2747 1 0 1.000000
-11.412000 -16.725300 0 -3.054530 20.585200 217.878000 1037.260000 -13 2748 1 0 1.000000
-2.493540 -3.736970 0 -0.353539 3.074110 201.093000 1037.190000 -13 2749 1 0 1.000000
6.662280 -4.126380 0 -3.179990 0.181649 205.108000 1037.290000 -13 2750 1 0 1.000000
-23.639800 -3.095470 0 -3.773950 -3.880390 199.473000 1037.560000 -13 2751 1 0 1.000000
-12.941800 -11.741600 0 -13.626300 10.458700 210.362000 1037.420000 -13 2752 1 0 1.000000
-4.147430 9.222130 0 -6.027760 -31.102900 213.071000 1037.410000 -13 2753 1 0 1.000000
-7.032890 -12.931000 0 4.366230 1.561660 209.990000 1037.300000 -13 2754 1 0 1.000000
-0.581863 -1.761360 0 -8.871300 8.457780 191.958000 1037.340000 -13 2755 1 0 1.000000
-8.244250 -12.763000 0 13.382700 23.672600 232.076000 1037.210000 -13 2756 1 0 1.000000
-12.885200 -24.919100 0 -9.467020 -3.228230 205.106000 1037.330000 -13 2757 1 0 1.000000
-13.162600 -20.712000 0 2.609030 -22.120000 221.271000 1037.130000 -13 2758 1 0 1.000000
-7.520980 4.064210 0 9.829980 -0.182959 209.404000 1037.110000 -13 2759 1 0 1.000000
-3.973860 6.500370 0 -2.363700 11.541300 194.886000 1037.200000 -13 2760 1 0 1.000000
-6.689990 -10.133500 0 4.572530 -0.608666 214.509000 1037.110000 -13 2761 1 0 1.000000
-11.681300 2.259610 0 2.211850 1.390520 192.175000 1037.170000 -13 2762 1 0 1.000000
1.899620 -7.234910 0 -13.386900 -8.015660 196.063000 1037.160000 -13 2763 1 0 1.000000
2.349460 -19.877600 0 -9.189990 3.005360 198.472000 1037.290000 -13 2764 1 0 1.000000
-4.761130 -4.028080 0 -3.215330 -24.068500 213.826000 1037.390000 -13 2765 1 0 1.000000
-2.776420 -3.273780 0 -12.807300 -10.654800 201.725000 1037.160000 -13 2766 1 0 1.000000
-13.395000 -4.262380 0 -21.144200 -22.054500 224.453000 1037.280000 -13 2767 1 0 1.000000
8.681070 0.190552 0 15.298700 4.997550 202.301000 1037.160000 -13 2768 1 0 1.000000
-3.188750 -11.029300 0 2.672910 2.680410 196.753000 1037.300000 -13 2769 1 0 1.000000
-10.814100 -9.320000 0 -11.978200 -0.195004 212.719000 1037.430000 -13 2770 1 0 1.000000
-6.969840 -14.138600 0 -10.391500 -10.984000 210.759000 1037.350000 -13 2771 1 0 1.000000
-11.462200 -8.465830 0 0.380072 -4.428820 200.730000 1037.380000 -13 2772 1 0 1.000000
5.122810 -11.527000 0 11.296500 3.733400 215.461000 1037.330000 -13 2773 1 0 1.000000
-19.294100 2.234530 0 -18.549600 8.877670 206.692000 1037.290000 -13 2774 1 0 1.000000
-8.306060 -8.048040 0 -12.929900 7.473390 202.141000 1037.270000 -13 2775 1 0 1.000000
3.402540 -3.779590 0 -2.351180 27.873900 218.714000 1037.240000 -13 2776 1 0 1.000000
-0.789994 -1.483690 0 -20.696300 1.424840 175.160000 1037.390000 -13 2777 1 0 1.000000
1.330350 -1.393830 0 -8.942270 0.341204 199.341000 1037.400000 -13 2778 1 0 1.000000
6.245130 -8.039450 0 9.654810 3.152050 200.434000 1037.070000 -13 2779 1 0 1.000000
-7.405630 -16.951900 0 -10.916800 -0.449311 209.690000 1037.090000 -13 2780 1 0 1.000000
8.625890 7.606470 0 10.878200 -6.823760 210.765000 1037.220000 -13 2781 1 0 1.000000
-6.886080 -8.947920 0 -9.263910 13.211800 199.174000 1037.060000 -13 2782 1 0 1.000000
-10.257000 -15.650400 0 -6.642290 13.409700 205.234000 1037.410000 -13 2783 1 0 1.000000
-19.665000 -10.686300 0 -13.413800 16.615100 196.530000 1037.290000 -13 2784 1 0 1.000000
-12.473800 -7.341200 0 -9.948180 7.163240 193.211000 1037.170000 -13 2785 1 0 1.000000
-6.970580 -20.969900 0 -3.296350 -6.757850 219.229000 1037.150000 -13 2786 1 0 1.000000
-3.273350 -6.265030 0 4.238900 1.523140 204.123000 1037.310000 -13 2787 1 0 1.000000
-0.842645 -17.222200 0 6.585990 -12.556500 202.856000 1037.080000 -13 2788 1 0 1.000000
-1.806100 -15.666400 0 15.181700 -11.278600 205.741000 1037.310000 -13 2789 1 0 1.000000
-6.267160 -8.604300 0 3.618270 10.881100 194.298000 1037.180000 -13 2790 1 0 1.000000
-20.786300 -2.075140 0 13.723000 -7.020970 208.286000 1037.160000 -13 2791 1 0 1.000000
9.277690 -21.713700 0 -14.250600 -7.940180 206.759000 1037.270000 -13 2792 1 0 1.000000
-9.200520 -2.854850 0 -0.339328 1.918960 210.934000 1037.170000 -13 2793 1 0 1.000000
1.581110 -20.055100 0 -1.662640 3.877000 204.489000 1037.110000 -13 2794 1 0 1.000000
-11.479400 -6.725910 0 8.565490 6.693610 203.389000 1037.280000 -13 2795 1 0 1.000000
-3.061540 -2.007060 0 18.421200 -29.446500 195.170000 1037.090000 -13 2796 1 0 1.000000
5.320130 -16.179400 0 15.174800 5.779220 197.605000 1037.340000 -13 2797 1 0 1.000000
-15.191500 -11.013400 0 11.730200 -5.574090 219.056000 1037.160000 -13 2798 1 0 1.000000
6.516350 -8.264840 0 3.276950 -11.299200 202.384000 1037.030000 -13 2799 1 0 1.000000
-8.189290 -13.655800 0 -9.972410 -5.340010 197.696000 1037.170000 -13 2800 1 0 1.000000
4.796590 -15.138900 0 -15.510000 7.735330 225.111000 1037.610000 -13 2801 1 0 1.000000
-6.380280 -14.087300 0 4.447610 8.425230 213.285000 1037.040000 -13 2802 1 0 1.000000
-10.369400 -7.069810 0 11.715700 -24.980800 198.402000 1037.450000 -13 2803 1 0 1.000000
-11.843500 -14.403400 0 -4.955460 34.614700 212.124000 1037.410000 -13 2804 1 0 1.000000
-4.157930 -16.126500 0 -1.899890 2.430560 198.069000 1037.030000 -13 2805 1 0 1.000000
-18.428200 -2.805400 0 -18.917300 8.040800 198.994000 1037.400000 -13 2806 1 0 1.000000
5.477950 -0.120688 0 11.426500 3.515670 202.343000 1037.060000 -13 2807 1 0 1.000000
0.144646 -16.059500 0 0.230296 -0.653704 205.615000 1037.180000 -13 2808 1 0 1.000000
-3.630600 -5.084490 0 3.240390 -3.677140 203.836000 1037.240000 -13 2809 1 0 1.000000
1.884200 -14.681300 0 -8.942640 -5.923470 206.779000 1037.270000 -13 2810 1 0 1.000000
-5.827450 -3.386670 0 -3.507670 -4.190910 203.312000 1037.040000 -13 2811 1 0 1.000000
-12.081400 -12.576800 0 8.860690 -12.557600 201.083000 1037.170000 -13 2812 1 0 1.000000
-21.141200 -20.473100 0 -13.692600 -5.209410 202.038000 1037.450000 -13 2813 1 0 1.000000
-13.750100 -0.825984 0 4.065230 1.143760 195.671000 1037.260000 -13 2814 1 0 1.000000
24.031500 2.421020 0 -12.458100 4.268910 209.793000 1037.050000 -13 2815 1 0 1.000000
-5.730730 6.941310 0 4.443580 1.678490 201.471000 1037.080000 -13 2816 1 0 1.000000
-7.387860 -7.379190 0 -5.457770 4.652190 208.095000 1037.220000 -13 2817 1 0 1.000000
-5.742660 -10.828500 0 10.254900 -10.975200 217.017000 1037.270000 -13 2818 1 0 1.000000
-14.804900 -15.936400 0 9.034190 7.702260 192.457000 1037.200000 -13 2819 1 0 1.000000
-0.568603 -1.575650 0 -15.605000 -10.824700 215.887000 1037.270000 -13 2820 1 0 1.000000
-9.126950 -3.392540 0 -10.670700 -12.034600 195.731000 1037.210000 -13 2821 1 0 1.000000
-18.594200 -7.588170 0 10.297700 -4.682220 212.359000 1037.340000 -13 2822 1 0 1.000000
-3.765060 -0.920718 0 -4.604710 -25.469900 197.590000 1037.230000 -13 2823 1 0 1.000000
-7.852990 4.563380 0 -6.455020 4.182920 200.203000 1037.230000 -13 2824 1 0 1.000000
-1.071330 4.474350 0 -15.927000 3.253430 209.615000 1037.250000 -13 2825 1 0 1.000000
-7.334200 -5.973890 0 -6.931970 9.343440 202.068000 1037.190000 -13 2826 1 0 1.000000
2.249710 -2.854730 0 -3.927810 -0.709281 204.527000 1037.110000 -13 2827 1 0 1.000000
-3.098320 6.159140 0 5.044300 -4.768990 195.012000 1037.250000 -13 2828 1 0 1.000000
-9.612220 -8.053290 0 -0.995593 -5.198560 225.326000 1037.200000 -13 2829 1 0 1.000000
-6.979500 -15.703700 0 0.557413 13.910500 190.591000 1037.090000 -13 2830 1 0 1.000000
-17.785900 4.373850 0 8.235890 12.619500 209.875000 1037.240000 -13 2831 1 0 1.000000
-11.750100 -5.668640 0 6.183290 -12.150300 214.828000 1037.270000 -13 2832 1 0 1.000000
-16.220400 -17.287900 0 -3.164850 -4.363580 203.773000 1037.180000 -13 2833 1 0 1.000000
-7.909020 -5.625160 0 -18.027500 -0.586730 194.244000 1037.270000 -13 2834 1 0 1.000000
-2.916120 -10.298200 0 -0.959654 18.449100 205.274000 1037.050000 -13 2835 1 0 1.000000
-1.948060 -8.531450 0 18.612200 0.638288 196.891000 1037.330000 -13 2836 1 0 1.000000
-5.754060 -10.519200 0 8.783430 7.793370 208.442000 1037.100000 -13 2837 1 0 1.000000
-3.266200 -8.877480 0 10.142100 5.853300 203.865000 1036.970000 -13 2838 1 0 1.000000
0.323537 -13.281700 0 5.830370 -17.854300 191.350000 1037.240000 -13 2839 1 0 1.000000
6.437730 2.517910 0 6.885580 -6.438860 191.387000 1037.280000 -13 2840 1 0 1.000000
-9.674070 -13.641000 0 -12.415700 -14.365900 207.017000 1037.360000 -13 2841 1 0 1.000000
-20.582700 -6.821080 0 -10.342800 11.070900 203.658000 1037.050000 -13 2842 1 0 1.000000
1.627500 -3.511120 0 0.903886 5.220450 211.077000 1037.140000 -13 2843 1 0 1.000000
-4.549660 -6.922700 0 -17.683800 6.191710 190.635000 1037.260000 -13 2844 1 0 1.000000
-3.920020 -16.641200 0 1.497530 4.412730 194.942000 1037.490000 -13 2845 1 0 1.000000
-0.835121 -2.329440 0 18.123300 -15.695200 191.032000 1037.220000 -13 2846 1 0 1.000000
14.620200 -10.186600 0 -33.174900 5.417280 203.289000 1037.190000 -13 2847 1 0 1.000000
-7.071950 -10.704800 0 7.078430 3.266500 190.860000 1037.390000 -13 2848 1 0 1.000000
-7.985740 -12.916300 0 -32.787700 -12.174600 198.366000 1037.400000 -13 2849 1 0 1.000000
15.352600 1.287710 0 -9.071670 3.315650 197.969000 1037.240000 -13 2850 1 0 1.000000
-1.466140 -7.436290 0 20.467900 -3.894580 214.522000 1037.170000 -13 2851 1 0 1.000000
2.319510 -6.529050 0 -6.638140 3.404570 196.659000 1037.190000 -13 2852 1 0 1.000000
-2.097690 -3.433830 0 0.728983 2.317320 189.124000 1037.190000 -13 2853 1 0 1.000000
-10.158400 -10.252700 0 -7.531720 -0.143470 215.397000 1037.320000 -13 2854 1 0 1.000000
-1.893210 -5.819630 0 0.943455 20.686400 211.649000 1037.240000 -13 2855 1 0 1.000000
13.679700 -4.140060 0 -15.277100 -7.910780 203.546000 1037.200000 -13 2856 1 0 1.000000
0.102100 -6.890810 0 -20.983600 6.470300 195.072000 1037.260000 -13 2857 1 0 1.000000
0.410802 -17.484600 0 -11.936500 -1.884950 203.342000 1037.170000 -13 2858 1 0 1.000000
-6.158900 -10.827400 0 27.189900 4.309160 208.672000 1037.140000 -13 2859 1 0 1.000000
8.113950 -10.719400 0 -20.971900 2.914950 206.920000 1037.060000 -13 2860 1 0 1.000000
5.767530 -2.005700 0 3.656930 -5.086640 196.938000 1037.050000 -13 2861 1 0 1.000000
7.856670 -18.358300 0 -17.368100 0.993615 193.710000 1037.140000 -13 2862 1 0 1.000000
10.149500 -11.358600 0 5.054650 -28.997700 230.193000 1037.370000 -13 2863 1 0 1.000000
-2.221490 6.188440 0 5.944270 0.927959 220.145000 1037.030000 -13 2864 1 0 1.000000
-8.067110 -10.679900 0 10.344600 -11.637000 202.341000 1037.320000 -13 2865 1 0 1.000000
-14.830200 -5.629130 0 5.376530 0.844374 208.806000 1037.270000 -13 2866 1 0 1.000000
-16.252500 -17.840300 0 -20.615000 -2.673420 221.778000 1037.310000 -13 2867 1 0 1.000000
-13.546900 -5.676090 0 -13.382600 -3.111390 204.090000 1037.230000 -13 2868 1 0 1.000000
-22.196500 -8.268800 0 9.832570 -1.040170 212.957000 1037.320000 -13 2869 1 0 1.000000
4.417610 -9.546520 0 -3.235930 10.368300 204.578000 1037.250000 -13 2870 1 0 1.000000
-11.879700 0.457418 0 -7.452770 -6.638440 207.356000 1037.410000 -13 2871 1 0 1.000000
-15.812900 -18.752600 0 -10.554700 -24.196200 201.071000 1037.370000 -13 2872 1 0 1.000000
-2.870870 2.427120 0 -20.009600 8.509800 200.817000 1037.170000 -13 2873 1 0 1.000000
-12.494500 -26.178700 0 -4.356260 -15.473300 214.173000 1037.510000 -13 2874 1 0 1.000000
-11.803500 -5.537550 0 0.215818 -15.085100 207.248000 1037.190000 -13 2875 1 0 1.000000
-4.743320 -6.357510 0 7.318700 -4.485460 210.267000 1036.960000 -13 2876 1 0 1.000000
-4.191600 -0.002462 0 -4.339360 7.557620 209.783000 1037.400000 -13 2877 1 0 1.000000
-1.950220 1.321220 0 -5.154220 -8.141240 209.034000 1037.040000 -13 2878 1 0 1.000000
-6.225640 -10.972600 0 -1.926900 -0.712622 218.118000 1037.130000 -13 2879 1 0 1.000000
-3.734850 -8.665120 0 -6.527480 0.455956 196.015000 1037.110000 -13 2880 1 0 1.000000
-0.061572 -13.168700 0 0.384478 -7.314170 209.344000 1037.290000 -13 2881 1 0 1.000000
-15.986300 -11.390800 0 -10.417400 -14.187000 195.884000 1037.330000 -13 2882 1 0 1.000000
-10.760700 -6.979200 0 -25.143500 0.270173 202.414000 1037.200000 -13 2883 1 0 1.000000
-15.265800 -11.353300 0 -3.545840 3.155230 212.024000 1037.270000 -13 2884 1 0 1.000000
-0.984385 -20.055400 0 6.463640 5.211390 206.753000 1037.360000 -13 2885 1 0 1.000000
-5.009100 -1.119060 0 2.032650 10.378900 208.944000 1037.100000 -13 2886 1 0 1.000000
7.370510 -16.386100 0 -0.644188 5.533600 204.485000 1037.250000 -13 2887 1 0 1.000000
-4.972060 -0.679452 0 18.324900 -3.577460 197.292000 1037.260000 -13 2888 1 0 1.000000
7.444240 -10.196200 0 -2.406640 -2.066790 216.845000 1037.050000 -13 2889 1 0 1.000000
6.514680 -7.892520 0 -7.692730 4.708230 202.441000 1037.320000 -13 2890 1 0 1.000000
-22.058000 0.541750 0 -14.004000 -2.098190 215.129000 1037.190000 -13 2891 1 0 1.000000
-3.441970 -12.458200 0 -12.447800 7.229320 199.267000 1037.000000 -13 2892 1 0 1.000000
-7.767840 -19.116100 0 -13.250500 -3.936830 207.199000 1037.040000 -13 2893 1 0 1.000000
6.924330 -6.330820 0 -4.675500 -15.270300 202.763000 1037.220000 -13 2894 1 0 1.000000
-15.962000 -21.017400 0 -16.212900 -4.620070 194.904000 1037.200000 -13 2895 1 0 1.000000
-2.671860 -15.660900 0 11.194600 -16.879700 202.958000 1036.910000 -13 2896 1 0 1.000000
-7.633340 0.798840 0 -0.080489 0.377607 208.065000 1037.060000 -13 2897 1 0 1.000000
-5.977290 -0.876267 0 -12.129000 -14.798900 227.782000 1037.000000 -13 2898 1 0 1.000000
-12.760600 -12.233200 0 3.236960 14.448500 211.034000 1037.440000 -13 2899 1 0 1.000000
-9.523090 0.899456 0 -21.403400 22.582200 207.790000 1037.210000 -13 2900 1 0 1.000000
-7.628220 -16.259300 0 -4.566920 13.712500 197.895000 1037.320000 -13 2901 1 0 1.000000
-1.222670 -3.192090 0 15.332100 -8.202230 188.339000 1037.330000 -13 2902 1 0 1.000000
-14.163900 -5.448380 0 -19.803300 14.951100 201.458000 1037.360000 -13 2903 1 0 1.000000
-7.619220 -7.531850 0 -13.170700 -0.759063 199.658000 1037.130000 -13 2904 1 0 1.000000
7.805930 -14.247800 0 -25.736800 -0.771790 216.185000 1036.950000 -13 2905 1 0 1.000000
-6.237140 -1.166930 0 -20.522000 -19.946800 179.538000 1037.460000 -13 2906 1 0 1.000000
-22.613700 0.534078 0 8.923610 17.477100 198.217000 1037.250000 -13 2907 1 0 1.000000
-1.641270 -14.138800 0 1.795440 3.225970 204.096000 1037.350000 -13 2908 1 0 1.000000
-0.096381 0.046283 0 -25.449000 -9.249590 216.485000 1037.400000 -13 2909 1 0 1.000000
-3.769560 2.891710 0 -0.746932 -4.408590 193.898000 1037.140000 -13 2910 1 0 1.000000
-20.607200 -6.837700 0 -5.610130 2.138030 206.408000 1037.240000 -13 2911 1 0 1.000000
6.713140 -6.189200 0 -12.537600 -7.696160 195.428000 1037.180000 -13 2912 1 0 1.000000
0.198288 -1.227200 0 -27.473400 -38.512700 208.696000 1037.370000 -13 2913 1 0 1.000000
10.257100 -5.583670 0 -12.563800 -3.734670 210.803000 1037.260000 -13 2914 1 0 1.000000
12.461400 -13.538600 0 28.597200 -14.547100 192.716000 1037.170000 -13 2915 1 0 1.000000
-18.849500 -16.523600 0 -20.930300 -5.931080 205.377000 1037.510000 -13 2916 1 0 1.000000
-7.555950 13.217900 0 12.448000 4.398680 216.323000 1037.440000 -13 2917 1 0 1.000000
-13.552300 8.311640 0 12.573300 5.813100 210.864000 1037.250000 -13 2918 1 0 1.000000
-22.692900 -12.393100 0 -1.542200 -9.967140 194.974000 1037.180000 -13 2919 1 0 1.000000
-19.750200 14.630800 0 3.295560 -9.268850 208.379000 1037.390000 -13 2920 1 0 1.000000
-0.573340 -13.011400 0 -17.217800 4.323470 190.802000 1037.510000 -13 2921 1 0 1.000000
-13.748000 -7.713390 0 4.353280 0.958654 210.951000 1037.350000 -13 2922 1 0 1.000000
-5.503970 -2.359360 0 5.006660 -2.129270 197.721000 1037.210000 -13 2923 1 0 1.000000
8.484940 -14.742000 0 -2.741860 21.995000 215.296000 1037.380000 -13 2924 1 0 1.000000
-6.554710 2.718030 0 1.200310 0.358901 192.938000 1037.190000 -13 2925 1 0 1.000000
-8.775810 -21.411600 0 -3.418870 -0.854812 219.032000 1037.270000 -13 2926 1 0 1.000000
-15.256300 -6.472780 0 -11.842200 -1.123870 215.277000 1037.310000 -13 2927 1 0 1.000000
-1.889360 1.351660 0 0.775330 -5.331250 195.025000 1037.200000 -13 2928 1 0 1.000000
-1.486550 -5.918020 0 -21.663500 8.094000 212.355000 1037.100000 -13 2929 1 0 1.000000
-23.180700 -6.240640 0 -0.994510 20.812100 231.455000 1037.000000 -13 2930 1 0 1.000000
-14.502200 -17.771500 0 -3.895270 -29.365300 191.444000 1037.180000 -13 2931 1 0 1.000000
6.246510 -9.440450 0 12.101100 3.783690 192.164000 1037.320000 -13 2932 1 0 1.000000
-11.771700 -12.918500 0 -23.036600 -1.760790 208.756000 1036.970000 -13 2933 1 0 1.000000
-5.640160 -8.377930 0 -1.288490 -0.985203 199.400000 1037.170000 -13 2934 1 0 1.000000
7.895420 -10.910400 0 -17.709000 9.043270 213.309000 1037.210000 -13 2935 1 0 1.000000
0.767115 -5.825030 0 7.731430 -3.168310 213.346000 1037.310000 -13 2936 1 0 1.000000
-12.538900 16.613600 0 -2.934950 -3.069200 195.011000 1037.190000 -13 2937 1 0 1.000000
-10.897300 -15.910600 0 -6.720330 -4.381980 210.623000 1037.230000 -13 2938 1 0 1.000000
-16.348200 -21.431400 0 -4.329680 9.513810 210.007000 1037.230000 -13 2939 1 0 1.000000
-4.852100 -6.212240 0 4.030450 -4.502320 194.263000 1037.230000 -13 2940 1 0 1.000000
-12.795600 -9.670010 0 3.673340 -13.884600 218.814000 1037.330000 -13 2941 1 0 1.000000
-31.289100 -14.488000 0 -6.872460 9.703900 219.626000 1037.300000 -13 2942 1 0 1.000000
-6.774940 -5.364620 0 -8.025380 11.311800 207.878000 1037.320000 -13 2943 1 0 1.000000
9.785850 -3.536010 0 4.552270 -0.846949 199.582000 1037.110000 -13 2944 1 0 1.000000
3.858910 -22.693300 0 -2.771950 -10.241700 200.173000 1037.180000 -13 2945 1 0 1.000000
-5.003680 -0.742704 0 -5.171390 -14.230700 190.330000 1037.480000 -13 2946 1 0 1.000000
-1.029210 -2.193600 0 1.794260 0.094301 202.896000 1037.160000 -13 2947 1 0 1.000000
-11.511400 -3.122890 0 -3.425890 -24.187300 222.722000 1037.310000 -13 2948 1 0 1.000000
-10.660500 0.906442 0 17.000200 -12.373100 204.856000 1037.070000 -13 2949 1 0 1.000000
