#BLTrackFile solenoid_cooling_channel
#x y z Px Py Pz t PDGid EvNum TrkId Parent weight
-1.686440 -2.261040 0 0.000000 0.000000 203.000000 1492.610000 -13 1 1 0 1.000000
-0.271819 -3.775550 0 -0.579590 8.310370 208.372000 1492.620000 -13 2 1 0 1.000000
1.443070 -0.110300 0 -15.161800 -19.445400 216.772000 1492.540000 -13 3 1 0 1.000000
2.252180 0.257710 0 22.005900 9.967460 199.100000 1492.570000 -13 4 1 0 1.000000
-3.342820 1.429700 0 -16.496700 -0.728302 208.565000 1492.430000 -13 5 1 0 1.000000
1.868190 -7.347700 0 15.220600 22.636900 208.662000 1492.450000 -13 6 1 0 1.000000
-1.073490 1.080500 0 4.129010 -3.453680 205.401000 1492.640000 -13 7 1 0 1.000000
-2.319430 0.841649 0 0.609514 1.406840 212.939000 1492.690000 -13 8 1 0 1.000000
-0.443659 3.282180 0 -25.427000 14.206400 209.779000 1492.560000 -13 9 1 0 1.000000
-7.442750 -2.562180 0 -10.125700 -11.592200 211.226000 1492.520000 -13 10 1 0 1.000000
1.207450 0.107057 0 19.542300 9.984730 216.099000 1492.590000 -13 11 1 0 1.000000
-1.354690 -1.512010 0 11.907800 8.009110 221.012000 1492.810000 -13 12 1 0 1.000000
-2.493250 -8.264730 0 17.850800 17.470700 219.370000 1492.620000 -13 13 1 0 1.000000
-0.188584 -0.896209 0 6.996730 6.324880 194.706000 1492.540000 -13 14 1 0 1.000000
-6.333220 -1.748840 0 -15.319000 7.536950 205.509000 1492.350000 -13 15 1 0 1.000000
1.280790 0.287445 0 -3.163180 2.175450 203.220000 1492.670000 -13 16 1 0 1.000000
-0.804608 -1.367550 0 9.411540 -26.245500 196.045000 1492.630000 -13 17 1 0 1.000000
4.819740 -1.432360 0 -14.271000 4.506780 208.301000 1492.630000 -13 18 1 0 1.000000
-5.361140 -0.344640 0 15.407600 2.456620 219.383000 1492.730000 -13 19 1 0 1.000000
-4.509120 -3.952860 0 17.488200 -5.198770 212.458000 1492.460000 -13 20 1 0 1.000000
-1.592240 -2.871590 0 4.657220 -8.787760 206.249000 1492.540000 -13 21 1 0 1.000000
-0.818584 1.961620 0 3.711350 -1.349430 199.107000 1492.490000 -13 22 1 0 1.000000
-3.387170 -3.658450 0 4.876680 -8.674340 225.437000 1492.670000 -13 23 1 0 1.000000
-0.425590 -2.863370 0 -11.867500 19.068000 211.524000 1492.670000 -13 24 1 0 1.000000
-3.076790 -5.985680 0 10.503700 22.623900 202.710000 1492.710000 -13 25 1 0 1.000000
-3.385560 -6.590350 0 -5.127320 -22.357800 196.087000 1492.730000 -13 26 1 0 1.000000
-2.970360 -3.887960 0 -12.685900 0.831274 197.828000 1492.440000 -13 27 1 0 1.000000
-1.734800 2.212520 0 16.916300 -31.258500 220.373000 1492.700000 -13 28 1 0 1.000000
-5.020380 -4.336430 0 3.824760 -5.224160 193.409000 1492.530000 -13 29 1 0 1.000000
-0.433652 -5.059770 0 1.925930 20.395600 198.584000 1492.640000 -13 30 1 0 1.000000
-3.243600 -0.659663 0 -0.582107 -3.450510 196.845000 1492.750000 -13 31 1 0 1.000000
0.823093 -1.104570 0 -10.102500 -8.861860 197.694000 1492.530000 -13 32 1 0 1.000000
-5.029710 -11.068400 0 -10.402100 -4.703380 212.121000 1492.720000 -13 33 1 0 1.000000
-1.992560 0.979623 0 19.463800 16.914600 199.150000 1492.770000 -13 34 1 0 1.000000
-4.160440 -1.617920 0 -9.466280 -22.812900 209.705000 1492.730000 -13 35 1 0 1.000000
-6.447500 -5.010320 0 -6.962820 -11.735100 202.447000 1492.540000 -13 36 1 0 1.000000
1.188500 -2.814690 0 2.792400 7.267250 185.860000 1492.680000 -13 37 1 0 1.000000
3.763080 -2.155810 0 -8.671450 10.988800 199.929000 1492.810000 -13 38 1 0 1.000000
-3.344790 -6.824510 0 2.871280 23.114900 222.411000 1492.740000 -13 39 1 0 1.000000
0.896772 -1.672940 0 -7.115180 16.229400 218.877000 1492.640000 -13 40 1 0 1.000000
-3.324250 -2.978720 0 1.117810 15.693900 201.624000 1492.650000 -13 41 1 0 1.000000
-0.654690 -4.691240 0 20.067300 3.476410 202.723000 1492.450000 -13 42 1 0 1.000000
-2.305770 -4.034060 0 -19.685800 11.294700 219.293000 1492.610000 -13 43 1 0 1.000000
-6.715400 -4.063170 0 9.055140 -2.659200 202.333000 1492.550000 -13 44 1 0 1.000000
-4.206730 0.080742 0 -2.110670 -1.787540 208.453000 1492.520000 -13 45 1 0 1.000000
-3.913670 1.065640 0 -12.332100 -17.278300 215.723000 1492.670000 -13 46 1 0 1.000000
-7.128860 -2.970700 0 -12.898400 20.811400 215.660000 1492.650000 -13 47 1 0 1.000000
-6.218390 -4.516840 0 -7.845200 6.610530 200.657000 1492.760000 -13 48 1 0 1.000000
-3.600710 0.766315 0 1.093370 1.701720 207.214000 1492.700000 -13 49 1 0 1.000000
-0.083152 -1.549670 0 4.358510 -6.861580 209.401000 1492.460000 -13 50 1 0 1.000000
-1.575770 -5.224370 0 13.367800 15.251700 196.509000 1492.500000 -13 51 1 0 1.000000
-1.936030 -5.067280 0 -0.298275 -3.397830 199.739000 1492.520000 -13 52 1 0 1.000000
-3.414640 -2.657540 0 0.960695 -16.256700 223.668000 1492.650000 -13 53 1 0 1.000000
0.794436 -2.515650 0 -2.960750 35.183300 212.056000 1492.680000 -13 54 1 0 1.000000
-3.264480 -5.370360 0 -12.159400 32.701700 223.337000 1492.680000 -13 55 1 0 1.000000
1.859510 -3.147010 0 -11.404600 15.925400 211.756000 1492.650000 -13 56 1 0 1.000000
-6.846520 -5.131640 0 6.571330 -14.912000 221.744000 1492.560000 -13 57 1 0 1.000000
-2.098830 -4.689060 0 26.763200 -12.094200 210.636000 1492.640000 -13 58 1 0 1.000000
0.202674 0.391674 0 7.547510 3.266110 200.837000 1492.560000 -13 59 1 0 1.000000
3.279520 -0.208206 0 3.404610 -4.665940 195.219000 1492.520000 -13 60 1 0 1.000000
-0.895941 -7.306280 0 -1.191610 11.522000 193.665000 1492.660000 -13 61 1 0 1.000000
-6.571200 -3.701350 0 -7.861230 -39.038500 222.517000 1492.510000 -13 62 1 0 1.000000
-2.903980 -4.461440 0 1.795150 -28.259300 207.641000 1492.520000 -13 63 1 0 1.000000
-7.809780 -1.702660 0 4.823510 -19.879000 206.102000 1492.460000 -13 64 1 0 1.000000
-3.673040 -2.247500 0 21.968600 0.775515 219.190000 1492.420000 -13 65 1 0 1.000000
-1.601450 -2.161570 0 1.027440 0.812603 209.193000 1492.510000 -13 66 1 0 1.000000
-1.454370 -3.282890 0 12.397500 -13.979800 219.518000 1492.630000 -13 67 1 0 1.000000
0.789324 -4.537170 0 -3.840280 -3.101890 210.842000 1492.630000 -13 68 1 0 1.000000
-0.452789 -5.017690 0 -9.665290 11.486200 196.733000 1492.580000 -13 69 1 0 1.000000
4.754060 2.080340 0 5.421530 17.453600 216.076000 1492.540000 -13 70 1 0 1.000000
-3.934400 -1.176660 0 0.888480 10.640400 214.535000 1492.690000 -13 71 1 0 1.000000
0.350219 -3.284370 0 20.617400 6.825390 210.076000 1492.570000 -13 72 1 0 1.000000
-4.125260 -7.528940 0 15.010000 10.072500 214.940000 1492.750000 -13 73 1 0 1.000000
-0.208634 -4.821250 0 -6.569980 19.193200 220.892000 1492.650000 -13 74 1 0 1.000000
-7.511900 3.417720 0 -26.335800 -29.604100 212.833000 1492.630000 -13 75 1 0 1.000000
-1.311350 -1.211540 0 20.680100 -8.446370 192.078000 1492.610000 -13 76 1 0 1.000000
-6.139630 3.703180 0 -16.931800 -5.460550 202.787000 1492.420000 -13 77 1 0 1.000000
5.271450 -2.198940 0 -19.682100 -14.496000 198.466000 1492.580000 -13 78 1 0 1.000000
-0.966867 -5.607990 0 -2.864130 -16.648200 207.405000 1492.540000 -13 79 1 0 1.000000
-5.912250 -3.859270 0 -23.196000 -8.912240 198.164000 1492.580000 -13 80 1 0 1.000000
0.199974 -3.855510 0 4.327510 6.982310 210.183000 1492.620000 -13 81 1 0 1.000000
-0.290034 0.709817 0 -5.602450 0.048874 214.933000 1492.680000 -13 82 1 0 1.000000
-6.535830 2.857610 0 -7.923100 -0.928073 223.784000 1492.590000 -13 83 1 0 1.000000
-4.133340 -3.777850 0 -6.969380 -1.053320 220.022000 1492.720000 -13 84 1 0 1.000000
-5.886930 2.170690 0 -6.973350 9.738600 204.782000 1492.720000 -13 85 1 0 1.000000
-6.917860 -1.021240 0 35.404800 6.436550 210.348000 1492.530000 -13 86 1 0 1.000000
-0.680942 -6.004870 0 3.170070 2.988580 190.728000 1492.490000 -13 87 1 0 1.000000
-7.525770 1.037170 0 -10.720400 20.031600 208.661000 1492.620000 -13 88 1 0 1.000000
-2.954310 -10.050100 0 1.058170 -11.937400 204.029000 1492.700000 -13 89 1 0 1.000000
-4.899230 -1.526560 0 -1.112740 1.889730 214.911000 1492.530000 -13 90 1 0 1.000000
-1.239570 -1.717170 0 -17.985000 2.534560 203.244000 1492.570000 -13 91 1 0 1.000000
1.319730 -3.836360 0 4.416750 -10.339200 199.474000 1492.550000 -13 92 1 0 1.000000
0.541588 -3.639660 0 2.437310 12.393000 217.780000 1492.460000 -13 93 1 0 1.000000
-5.097060 -1.707940 0 3.401160 -8.190330 199.299000 1492.620000 -13 94 1 0 1.000000
4.580970 -0.171532 0 -2.791500 6.518830 202.475000 1492.490000 -13 95 1 0 1.000000
-3.705540 1.853110 0 4.659380 3.691580 205.261000 1492.640000 -13 96 1 0 1.000000
-1.874200 -1.627320 0 -21.957800 -7.992690 227.816000 1492.670000 -13 97 1 0 1.000000
-6.189290 -1.780960 0 -26.609600 8.028680 223.015000 1492.590000 -13 98 1 0 1.000000
-0.960977 -8.420590 0 -10.888900 10.933900 209.453000 1492.510000 -13 99 1 0 1.000000
-3.552900 -2.258660 0 -5.800210 12.698300 223.251000 1492.760000 -13 100 1 0 1.000000
-6.500550 -4.137810 0 -15.270800 10.341700 204.472000 1492.710000 -13 101 1 0 1.000000
0.283670 -7.245930 0 1.254130 0.869722 225.389000 1492.580000 -13 102 1 0 1.000000
-4.298310 -2.758000 0 0.847256 -14.997700 193.695000 1492.720000 -13 103 1 0 1.000000
0.831337 -4.902930 0 -14.559600 25.684700 211.266000 1492.670000 -13 104 1 0 1.000000
-3.316340 -4.477990 0 -8.303040 0.479981 215.246000 1492.680000 -13 105 1 0 1.000000
1.108180 0.246733 0 5.680440 -2.498530 202.789000 1492.710000 -13 106 1 0 1.000000
0.778909 -2.003810 0 0.135741 -8.753720 215.251000 1492.650000 -13 107 1 0 1.000000
-6.391280 1.806340 0 12.183400 -22.780900 202.064000 1492.700000 -13 108 1 0 1.000000
-0.706114 1.274050 0 -22.161900 9.662580 188.204000 1492.570000 -13 109 1 0 1.000000
1.136390 -4.650860 0 -0.581731 10.619900 196.360000 1492.570000 -13 110 1 0 1.000000
-1.890840 -2.484520 0 -19.622600 23.359900 204.598000 1492.720000 -13 111 1 0 1.000000
1.700930 -0.009904 0 -9.566760 4.063770 194.350000 1492.570000 -13 112 1 0 1.000000
-3.108450 -4.519980 0 -9.049340 -13.177500 207.034000 1492.420000 -13 113 1 0 1.000000
1.691050 -1.732610 0 -17.513700 13.830200 193.028000 1492.610000 -13 114 1 0 1.000000
-0.713380 0.128550 0 -12.150400 -17.971000 189.292000 1492.590000 -13 115 1 0 1.000000
-2.519500 -5.418280 0 -0.777306 1.472710 192.471000 1492.580000 -13 116 1 0 1.000000
-2.511980 -1.850390 0 4.427550 3.094480 211.657000 1492.680000 -13 117 1 0 1.000000
-0.694847 -0.621718 0 -6.777240 -8.149380 206.694000 1492.700000 -13 118 1 0 1.000000
-6.299440 -1.542420 0 1.676000 -0.384087 191.949000 1492.770000 -13 119 1 0 1.000000
1.739050 -1.310150 0 -3.430470 -3.933370 197.280000 1492.550000 -13 120 1 0 1.000000
2.634290 -6.262210 0 -2.158990 -1.175680 216.222000 1492.580000 -13 121 1 0 1.000000
-2.431350 6.419660 0 -13.284800 -20.281700 210.754000 1492.550000 -13 122 1 0 1.000000
-1.228880 -2.959460 0 4.606960 3.615330 201.280000 1492.490000 -13 123 1 0 1.000000
-0.186705 -2.583210 0 10.047200 17.201300 223.867000 1492.510000 -13 124 1 0 1.000000
-4.508120 -4.035560 0 8.477970 12.718800 186.070000 1492.630000 -13 125 1 0 1.000000
-1.094880 -3.138440 0 3.210650 -22.427600 207.166000 1492.560000 -13 126 1 0 1.000000
-5.013260 -7.629870 0 -1.152530 -8.045900 200.492000 1492.580000 -13 127 1 0 1.000000
-0.553892 -1.280320 0 -12.141700 -3.705610 202.602000 1492.490000 -13 128 1 0 1.000000
-2.346920 -1.286190 0 4.541180 5.628590 212.252000 1492.540000 -13 129 1 0 1.000000
-0.874242 -3.641960 0 10.549100 5.381910 214.702000 1492.790000 -13 130 1 0 1.000000
-0.371725 -4.895890 0 1.249930 11.433000 205.581000 1492.640000 -13 131 1 0 1.000000
-2.933860 -6.513650 0 -5.951870 5.715360 217.411000 1492.610000 -13 132 1 0 1.000000
-1.900610 -2.965370 0 11.833800 -0.305075 205.699000 1492.570000 -13 133 1 0 1.000000
-7.598760 0.642927 0 1.672630 2.472210 207.334000 1492.560000 -13 134 1 0 1.000000
1.755730 -2.185100 0 -30.571100 -34.183200 217.448000 1492.720000 -13 135 1 0 1.000000
-1.479720 0.557466 0 0.901744 5.764650 204.785000 1492.550000 -13 136 1 0 1.000000
-2.858340 -3.800220 0 5.969280 -8.806030 198.951000 1492.610000 -13 137 1 0 1.000000
-2.753410 1.109690 0 -19.375600 5.197500 204.513000 1492.680000 -13 138 1 0 1.000000
1.547020 1.326680 0 -11.111300 5.773590 208.775000 1492.520000 -13 139 1 0 1.000000
-0.249923 -2.891730 0 1.070140 6.994400 207.040000 1492.670000 -13 140 1 0 1.000000
0.096439 -4.157910 0 -2.137620 -9.275270 216.125000 1492.630000 -13 141 1 0 1.000000
-7.401740 -4.872670 0 11.967500 12.042700 224.458000 1492.630000 -13 142 1 0 1.000000
1.664740 -3.265370 0 -11.866500 3.643780 211.068000 1492.630000 -13 143 1 0 1.000000
-5.809110 -2.144520 0 -6.156030 -12.659500 210.453000 1492.430000 -13 144 1 0 1.000000
-2.311050 -5.396460 0 12.754800 -2.676530 199.367000 1492.600000 -13 145 1 0 1.000000
0.740257 -2.154220 0 8.058070 -5.611930 211.362000 1492.630000 -13 146 1 0 1.000000
-2.627790 -8.099440 0 -2.977030 6.725370 199.198000 1492.640000 -13 147 1 0 1.000000
0.038305 -1.173960 0 3.011280 -5.253960 203.912000 1492.870000 -13 148 1 0 1.000000
-1.358590 -3.194500 0 -6.185990 -12.401200 221.428000 1492.530000 -13 149 1 0 1.000000
5.353900 -4.056410 0 -18.740700 -1.794750 199.097000 1492.640000 -13 150 1 0 1.000000
-7.413700 -3.632600 0 0.118999 6.451430 185.758000 1492.510000 -13 151 1 0 1.000000
-4.877280 -5.445870 0 22.651600 -14.288000 216.481000 1492.610000 -13 152 1 0 1.000000
-0.830374 -3.266280 0 5.972590 -5.318970 180.978000 1492.660000 -13 153 1 0 1.000000
-0.074259 -1.595920 0 -19.891400 -6.350580 213.545000 1492.590000 -13 154 1 0 1.000000
-2.546410 -7.693940 0 0.848289 -6.249460 198.189000 1492.500000 -13 155 1 0 1.000000
-8.148760 -5.051860 0 11.225000 12.259400 208.741000 1492.800000 -13 156 1 0 1.000000
0.940661 -4.380260 0 -5.774800 23.490700 210.223000 1492.700000 -13 157 1 0 1.000000
-2.726870 -0.974170 0 -9.145810 4.093900 212.245000 1492.650000 -13 158 1 0 1.000000
-3.702490 -7.012910 0 2.124070 -1.090310 198.041000 1492.530000 -13 159 1 0 1.000000
1.145240 -4.917160 0 2.079400 18.863700 206.626000 1492.610000 -13 160 1 0 1.000000
-1.278390 0.354732 0 -26.778000 1.444440 220.576000 1492.650000 -13 161 1 0 1.000000
-4.271150 -3.785740 0 -14.126900 7.228800 191.395000 1492.510000 -13 162 1 0 1.000000
-1.000830 -1.756640 0 -1.686600 11.773000 206.630000 1492.590000 -13 163 1 0 1.000000
0.995439 -1.418350 0 2.313860 16.247900 209.294000 1492.710000 -13 164 1 0 1.000000
-2.548270 -4.130600 0 5.464790 -24.257600 193.783000 1492.690000 -13 165 1 0 1.000000
-0.197381 1.333730 0 -14.960600 -17.062800 202.326000 1492.700000 -13 166 1 0 1.000000
-3.791470 0.195508 0 -12.296600 -3.477920 212.040000 1492.520000 -13 167 1 0 1.000000
4.146840 -7.418150 0 -7.560950 6.007660 194.179000 1492.500000 -13 168 1 0 1.000000
-5.692440 -3.467410 0 -22.029800 14.205200 210.220000 1492.670000 -13 169 1 0 1.000000
6.390550 -3.940320 0 3.742240 21.786200 204.908000 1492.580000 -13 170 1 0 1.000000
-3.341880 0.752892 0 -4.751730 10.666500 208.548000 1492.850000 -13 171 1 0 1.000000
-2.431420 -2.681310 0 12.064100 3.607240 198.896000 1492.480000 -13 172 1 0 1.000000
-2.140980 -2.651530 0 10.322000 -9.384310 223.607000 1492.440000 -13 173 1 0 1.000000
2.451480 -8.934650 0 7.534240 15.608100 219.411000 1492.550000 -13 174 1 0 1.000000
0.962485 -3.105400 0 0.077130 12.531200 217.883000 1492.570000 -13 175 1 0 1.000000
0.078927 -2.401190 0 9.162890 22.160900 219.631000 1492.600000 -13 176 1 0 1.000000
-1.823110 -5.006940 0 -10.466300 12.856800 207.593000 1492.770000 -13 177 1 0 1.000000
-2.208490 0.210741 0 -14.074900 -47.939700 218.571000 1492.530000 -13 178 1 0 1.000000
-2.617760 -3.673140 0 1.116750 -1.046510 220.295000 1492.680000 -13 179 1 0 1.000000
-1.060420 -5.308970 0 4.129370 -20.448200 213.342000 1492.530000 -13 180 1 0 1.000000
3.177800 6.445880 0 -18.673100 -1.335990 212.339000 1492.670000 -13 181 1 0 1.000000
-5.699580 -0.480692 0 16.745500 -5.865650 205.979000 1492.610000 -13 182 1 0 1.000000
-0.773706 -5.691290 0 7.535500 -3.473700 201.825000 1492.590000 -13 183 1 0 1.000000
1.328430 -4.860880 0 -1.895160 0.571681 208.899000 1492.810000 -13 184 1 0 1.000000
-3.680250 -2.316190 0 3.601810 2.897800 193.922000 1492.560000 -13 185 1 0 1.000000
-2.032390 -3.830170 0 -18.599100 -10.277200 204.771000 1492.700000 -13 186 1 0 1.000000
0.101915 -0.466497 0 -14.578700 10.066300 191.391000 1492.610000 -13 187 1 0 1.000000
-0.077523 -1.509370 0 6.774870 0.035026 185.184000 1492.690000 -13 188 1 0 1.000000
-2.831220 -1.861020 0 -2.483740 -18.470100 185.985000 1492.640000 -13 189 1 0 1.000000
-3.199980 4.186450 0 2.730140 -2.398520 213.028000 1492.690000 -13 190 1 0 1.000000
-6.498160 1.858150 0 0.685108 -10.762400 210.990000 1492.540000 -13 191 1 0 1.000000
-5.297970 -4.972900 0 -1.731700 -21.501200 209.144000 1492.510000 -13 192 1 0 1.000000
-0.588859 0.854454 0 -11.986500 -1.569550 208.478000 1492.500000 -13 193 1 0 1.000000
-0.986961 -8.420410 0 5.702630 -12.279200 202.548000 1492.490000 -13 194 1 0 1.000000
-3.551430 2.110800 0 -6.079620 -17.537500 212.441000 1492.580000 -13 195 1 0 1.000000
-5.908280 -2.236050 0 0.774046 -29.365500 227.445000 1492.620000 -13 196 1 0 1.000000
-2.375750 -8.334230 0 -3.764140 -5.804940 194.961000 1492.490000 -13 197 1 0 1.000000
1.871050 3.909280 0 11.396000 12.003800 193.272000 1492.730000 -13 198 1 0 1.000000
-3.397290 -4.656340 0 11.338900 7.042240 224.809000 1492.650000 -13 199 1 0 1.000000
1.353480 0.486716 0 -15.031200 -12.753700 204.661000 1492.530000 -13 200 1 0 1.000000
1.363600 -2.912330 0 -4.349910 -13.573900 204.525000 1492.700000 -13 201 1 0 1.000000
-6.383760 1.418580 0 15.126400 18.300200 211.366000 1492.550000 -13 202 1 0 1.000000
-1.747190 1.801690 0 11.165900 -4.811970 201.263000 1492.660000 -13 203 1 0 1.000000
-4.971630 -1.722180 0 18.485800 -6.527520 209.134000 1492.750000 -13 204 1 0 1.000000
1.315340 -3.234790 0 -11.783100 2.819760 231.103000 1492.620000 -13 205 1 0 1.000000
-2.786450 -7.645980 0 -2.512240 -0.389052 204.980000 1492.450000 -13 206 1 0 1.000000
-7.119800 -6.262970 0 -1.862590 -6.238790 208.355000 1492.840000 -13 207 1 0 1.000000
-3.587260 -0.347163 0 -8.011510 -2.396970 209.914000 1492.520000 -13 208 1 0 1.000000
1.946750 -0.419922 0 12.145200 7.765330 209.847000 1492.550000 -13 209 1 0 1.000000
-0.485330 -5.398890 0 24.579000 6.920110 209.234000 1492.500000 -13 210 1 0 1.000000
-6.144980 -2.655820 0 15.571600 -10.432300 208.066000 1492.790000 -13 211 1 0 1.000000
-3.948660 -3.602600 0 18.747800 17.526500 215.522000 1492.660000 -13 212 1 0 1.000000
4.428980 0.414137 0 -3.353590 23.386000 211.182000 1492.560000 -13 213 1 0 1.000000
-2.613310 2.671180 0 12.361100 8.928850 221.401000 1492.520000 -13 214 1 0 1.000000
-0.356873 -1.092710 0 -4.435220 -3.013020 213.824000 1492.610000 -13 215 1 0 1.000000
-2.032560 -3.133170 0 12.351700 -0.053967 210.861000 1492.630000 -13 216 1 0 1.000000
1.244960 -1.999640 0 -1.861490 19.767900 204.833000 1492.670000 -13 217 1 0 1.000000
3.473080 -2.776890 0 -4.401230 0.797973 209.210000 1492.590000 -13 218 1 0 1.000000
-0.047244 -0.245804 0 9.895240 -12.030400 209.768000 1492.520000 -13 219 1 0 1.000000
-1.422810 -2.736620 0 13.461900 3.248320 204.812000 1492.650000 -13 220 1 0 1.000000
1.358490 -1.861400 0 -22.715900 17.779000 186.561000 1492.730000 -13 221 1 0 1.000000
-6.446290 1.866900 0 3.318620 -3.601180 210.218000 1492.560000 -13 222 1 0 1.000000
-3.223940 2.581130 0 -23.007900 10.954700 212.974000 1492.620000 -13 223 1 0 1.000000
-2.590120 1.244100 0 19.892900 26.161500 193.958000 1492.590000 -13 224 1 0 1.000000
5.599940 -3.103130 0 14.488100 -15.892500 204.613000 1492.500000 -13 225 1 0 1.000000
1.312750 0.136123 0 -1.517820 20.957700 205.416000 1492.620000 -13 226 1 0 1.000000
-4.658410 -1.628490 0 -13.978500 -11.358400 185.401000 1492.680000 -13 227 1 0 1.000000
-3.380980 -1.253380 0 -1.710640 -17.413300 193.777000 1492.650000 -13 228 1 0 1.000000
-1.803220 -0.377929 0 6.758490 -4.876170 223.909000 1492.630000 -13 229 1 0 1.000000
1.137160 -3.727620 0 3.647830 12.387100 210.662000 1492.790000 -13 230 1 0 1.000000
-0.496296 -4.907370 0 0.267135 15.157100 226.620000 1492.580000 -13 231 1 0 1.000000
-0.965246 -3.961840 0 -10.362200 5.608450 202.603000 1492.600000 -13 232 1 0 1.000000
-1.358560 -0.833674 0 -3.663050 -4.400200 197.545000 1492.570000 -13 233 1 0 1.000000
-7.493620 -3.617810 0 -22.751900 11.091800 208.064000 1492.510000 -13 234 1 0 1.000000
-0.082590 -1.771330 0 -17.418500 -13.423900 210.278000 1492.460000 -13 235 1 0 1.000000
1.150040 -5.737170 0 -1.823010 -3.504560 203.453000 1492.590000 -13 236 1 0 1.000000
-3.081440 -1.221030 0 1.255800 23.842500 197.866000 1492.710000 -13 237 1 0 1.000000
0.226004 -3.928920 0 -11.895000 5.918960 217.990000 1492.710000 -13 238 1 0 1.000000
0.805648 -3.128100 0 15.811000 26.611400 213.548000 1492.560000 -13 239 1 0 1.000000
2.537260 -0.992946 0 -6.185990 -1.456470 199.412000 1492.460000 -13 240 1 0 1.000000
-1.825770 -5.790620 0 1.320340 -11.843700 210.099000 1492.700000 -13 241 1 0 1.000000
4.329790 1.943840 0 -3.289990 -5.553070 204.307000 1492.490000 -13 242 1 0 1.000000
0.736118 -4.874430 0 4.922630 14.288700 216.824000 1492.510000 -13 243 1 0 1.000000
0.683508 0.943965 0 7.602770 -6.560010 208.186000 1492.560000 -13 244 1 0 1.000000
-5.669970 0.202089 0 -25.512500 -5.313550 228.337000 1492.550000 -13 245 1 0 1.000000
-0.665659 2.113550 0 -2.637270 -10.562500 199.784000 1492.700000 -13 246 1 0 1.000000
-0.313342 -1.190930 0 5.932560 11.106100 187.634000 1492.660000 -13 247 1 0 1.000000
-0.356654 -6.048430 0 -5.530250 0.906575 200.685000 1492.460000 -13 248 1 0 1.000000
-6.460630 -2.310710 0 -2.295620 -21.848100 208.573000 1492.530000 -13 249 1 0 1.000000
-4.709010 -2.904380 0 10.229500 4.819510 219.415000 1492.570000 -13 250 1 0 1.000000
-1.692550 4.368060 0 -2.217440 -8.327360 215.526000 1492.700000 -13 251 1 0 1.000000
-0.503025 1.595020 0 6.547140 -16.810400 198.618000 1492.600000 -13 252 1 0 1.000000
-2.410020 -0.755606 0 10.211600 -12.595200 206.886000 1492.640000 -13 253 1 0 1.000000
-3.379120 1.518100 0 0.033911 7.117830 210.221000 1492.680000 -13 254 1 0 1.000000
-1.897030 -5.943230 0 -1.484460 9.450770 212.826000 1492.540000 -13 255 1 0 1.000000
-2.228190 0.706745 0 -0.362425 -7.115770 214.705000 1492.560000 -13 256 1 0 1.000000
-2.710350 -0.120694 0 -1.254420 -20.590000 182.699000 1492.590000 -13 257 1 0 1.000000
-1.520310 -3.473530 0 -6.984180 -5.285180 216.865000 1492.740000 -13 258 1 0 1.000000
-3.199130 -4.879980 0 5.192800 10.732600 208.228000 1492.550000 -13 259 1 0 1.000000
-2.942900 -8.815310 0 14.713300 26.189400 200.311000 1492.500000 -13 260 1 0 1.000000
3.287940 -3.101510 0 -18.029400 -1.451160 212.382000 1492.500000 -13 261 1 0 1.000000
-4.066360 -4.314230 0 9.480420 2.230480 215.011000 1492.730000 -13 262 1 0 1.000000
1.648570 -5.970640 0 1.581460 11.302100 208.355000 1492.500000 -13 263 1 0 1.000000
-6.145610 -4.948950 0 -19.217600 -14.197100 201.914000 1492.780000 -13 264 1 0 1.000000
-4.064170 -4.735350 0 3.275730 4.277080 200.585000 1492.540000 -13 265 1 0 1.000000
-0.889771 1.393900 0 -19.395900 -1.984970 196.032000 1492.640000 -13 266 1 0 1.000000
-3.895870 -9.442000 0 13.231500 7.175770 198.527000 1492.730000 -13 267 1 0 1.000000
-5.465140 -6.502910 0 -21.175600 -9.913670 204.717000 1492.630000 -13 268 1 0 1.000000
1.676150 -1.805350 0 -4.004540 3.641600 184.252000 1492.620000 -13 269 1 0 1.000000
-1.038700 -3.018230 0 15.532700 -15.444100 189.545000 1492.560000 -13 270 1 0 1.000000
-3.711310 -3.727940 0 20.774500 -10.351700 191.227000 1492.550000 -13 271 1 0 1.000000
0.767577 -7.893810 0 13.951400 0.930792 195.209000 1492.680000 -13 272 1 0 1.000000
-2.273800 -0.185724 0 4.997100 12.715100 217.122000 1492.640000 -13 273 1 0 1.000000
-0.010472 0.873603 0 1.359760 16.318800 222.502000 1492.740000 -13 274 1 0 1.000000
0.731598 -3.856260 0 5.581950 -10.137800 213.264000 1492.560000 -13 275 1 0 1.000000
-4.720790 -0.359319 0 6.515370 -6.002740 200.415000 1492.600000 -13 276 1 0 1.000000
-2.098190 2.070210 0 -10.808700 31.018800 209.436000 1492.820000 -13 277 1 0 1.000000
-0.843316 -5.169950 0 -2.876580 -14.949900 210.726000 1492.430000 -13 278 1 0 1.000000
0.784802 -1.383510 0 1.682780 1.529960 221.038000 1492.550000 -13 279 1 0 1.000000
-5.302090 3.583030 0 11.533900 9.074370 211.196000 1492.480000 -13 280 1 0 1.000000
1.896200 -0.918287 0 -15.102900 -10.620400 218.801000 1492.660000 -13 281 1 0 1.000000
-1.896650 -0.254367 0 13.830300 5.334900 210.412000 1492.510000 -13 282 1 0 1.000000
-0.438974 0.397363 0 -17.147900 -20.080900 203.147000 1492.460000 -13 283 1 0 1.000000
-10.034600 -2.970770 0 1.246810 15.693900 212.352000 1492.530000 -13 284 1 0 1.000000
-2.728410 1.024940 0 5.990010 0.386294 202.745000 1492.540000 -13 285 1 0 1.000000
-1.090920 -4.919000 0 8.245540 -1.753800 187.142000 1492.630000 -13 286 1 0 1.000000
-2.305050 0.219505 0 -22.749200 -7.424480 219.648000 1492.700000 -13 287 1 0 1.000000
-0.988258 -2.750610 0 7.297960 -4.303160 209.648000 1492.660000 -13 288 1 0 1.000000
0.629429 -0.895455 0 -5.100940 6.611330 220.523000 1492.670000 -13 289 1 0 1.000000
2.145990 2.259500 0 -2.702340 -7.176010 204.165000 1492.740000 -13 290 1 0 1.000000
-2.785940 2.200360 0 0.421796 2.369500 211.581000 1492.700000 -13 291 1 0 1.000000
-0.978934 -1.554190 0 -10.777100 5.322630 206.280000 1492.680000 -13 292 1 0 1.000000
-2.474040 -7.377100 0 2.416740 23.641400 212.660000 1492.680000 -13 293 1 0 1.000000
-8.785810 4.539720 0 22.060900 0.429639 211.887000 1492.640000 -13 294 1 0 1.000000
2.296650 -6.689840 0 4.251920 -3.138880 190.259000 1492.520000 -13 295 1 0 1.000000
1.508280 -4.158790 0 8.696170 4.639230 198.279000 1492.770000 -13 296 1 0 1.000000
0.364990 -0.552151 0 25.142400 21.330400 219.438000 1492.720000 -13 297 1 0 1.000000
-0.764256 -0.569609 0 -0.273727 4.858190 205.254000 1492.630000 -13 298 1 0 1.000000
4.797840 -2.518660 0 -22.754200 9.630240 196.090000 1492.680000 -13 299 1 0 1.000000
-1.502910 -2.381900 0 2.098010 -4.796230 198.250000 1492.710000 -13 300 1 0 1.000000
-3.842000 -1.203900 0 12.660700 0.640715 203.545000 1492.570000 -13 301 1 0 1.000000
0.893758 -3.034700 0 9.321810 0.553052 205.638000 1492.650000 -13 302 1 0 1.000000
-0.595722 -1.342460 0 -8.035250 -15.630300 207.096000 1492.560000 -13 303 1 0 1.000000
0.059530 -3.632830 0 -13.484100 -1.823490 197.923000 1492.480000 -13 304 1 0 1.000000
-0.792360 -0.508984 0 -0.437770 7.568610 212.210000 1492.500000 -13 305 1 0 1.000000
4.438770 -0.490087 0 5.945950 17.074200 203.967000 1492.530000 -13 306 1 0 1.000000
-2.817280 -0.530034 0 -10.894300 -8.404730 212.828000 1492.580000 -13 307 1 0 1.000000
-8.849220 2.261880 0 4.298960 2.521690 218.666000 1492.740000 -13 308 1 0 1.000000
-0.599096 -7.133610 0 9.792550 3.959770 199.532000 1492.560000 -13 309 1 0 1.000000
0.707420 0.292619 0 -0.213691 -16.792400 189.454000 1492.490000 -13 310 1 0 1.000000
0.946782 -2.822410 0 -18.351800 16.289900 200.765000 1492.610000 -13 311 1 0 1.000000
-2.195800 -0.809864 0 -5.768920 -3.949640 212.744000 1492.690000 -13 312 1 0 1.000000
-1.182940 -0.522622 0 -4.095810 -10.137500 191.426000 1492.480000 -13 313 1 0 1.000000
-3.003500 -2.367020 0 -2.721270 10.775700 211.474000 1492.510000 -13 314 1 0 1.000000
-4.500470 5.149740 0 -16.300400 -17.804400 206.619000 1492.680000 -13 315 1 0 1.000000
-2.960900 -5.480150 0 23.329600 -2.097290 222.851000 1492.610000 -13 316 1 0 1.000000
-3.119900 -5.732680 0 7.191470 23.906500 209.588000 1492.610000 -13 317 1 0 1.000000
-5.538550 -0.083519 0 14.755900 -1.811180 212.491000 1492.600000 -13 318 1 0 1.000000
-1.508620 4.827200 0 -2.670880 -17.140000 213.377000 1492.700000 -13 319 1 0 1.000000
3.358210 -3.193500 0 -6.950820 0.607389 197.852000 1492.470000 -13 320 1 0 1.000000
0.766932 2.128640 0 2.477460 28.154200 202.952000 1492.700000 -13 321 1 0 1.000000
-3.648190 1.407940 0 -2.217660 -1.319840 196.464000 1492.520000 -13 322 1 0 1.000000
-8.573810 0.434161 0 17.870900 -12.735100 217.694000 1492.620000 -13 323 1 0 1.000000
-6.881590 -0.481778 0 1.365510 -13.459900 220.875000 1492.770000 -13 324 1 0 1.000000
-6.422460 -0.153207 0 -10.658700 4.174940 219.021000 1492.520000 -13 325 1 0 1.000000
-2.481740 -6.263490 0 33.997200 0.643710 212.864000 1492.510000 -13 326 1 0 1.000000
0.689712 -5.691980 0 -1.330130 28.508700 209.986000 1492.660000 -13 327 1 0 1.000000
-6.420590 2.344750 0 0.885040 -18.271600 190.501000 1492.620000 -13 328 1 0 1.000000
-1.358420 -4.996360 0 -1.179380 9.705470 228.535000 1492.540000 -13 329 1 0 1.000000
-4.489850 -1.538110 0 1.464130 -8.840810 212.872000 1492.470000 -13 330 1 0 1.000000
-2.973070 0.094965 0 11.154700 -4.224310 199.923000 1492.630000 -13 331 1 0 1.000000
1.868100 2.097270 0 -8.699570 10.869200 220.290000 1492.740000 -13 332 1 0 1.000000
1.251900 0.855884 0 -13.608600 -9.050080 196.638000 1492.540000 -13 333 1 0 1.000000
-4.045410 0.072822 0 -2.915390 -19.322100 191.595000 1492.560000 -13 334 1 0 1.000000
-0.939909 -2.814270 0 0.839529 -2.110080 197.792000 1492.780000 -13 335 1 0 1.000000
-2.292460 -3.700570 0 -9.034010 -11.968100 214.469000 1492.480000 -13 336 1 0 1.000000
-7.300010 0.156353 0 -5.425290 -2.556100 206.291000 1492.510000 -13 337 1 0 1.000000
0.444519 -1.823370 0 -5.527460 -10.678000 208.236000 1492.520000 -13 338 1 0 1.000000
1.122460 -2.726100 0 -4.320080 -0.040978 190.504000 1492.580000 -13 339 1 0 1.000000
0.509243 -2.646340 0 6.315350 11.866100 202.819000 1492.600000 -13 340 1 0 1.000000
-8.246400 -3.859970 0 -4.191100 2.577940 209.265000 1492.740000 -13 341 1 0 1.000000
-4.767720 -5.190030 0 -6.498680 -0.602804 203.653000 1492.440000 -13 342 1 0 1.000000
-5.191260 -0.916044 0 -28.473600 2.382750 216.371000 1492.630000 -13 343 1 0 1.000000
-2.183690 -1.759920 0 -0.315222 -21.424400 211.996000 1492.470000 -13 344 1 0 1.000000
-3.314090 -3.144330 0 -2.700320 -39.254800 225.707000 1492.580000 -13 345 1 0 1.000000
-3.752910 0.919190 0 15.203700 -8.427790 220.261000 1492.580000 -13 346 1 0 1.000000
-8.364380 -2.276130 0 17.388100 -12.915300 197.716000 1492.500000 -13 347 1 0 1.000000
-7.702670 -7.839890 0 -11.566100 12.097900 199.377000 1492.600000 -13 348 1 0 1.000000
-3.171700 -4.306410 0 1.331170 0.218449 209.136000 1492.600000 -13 349 1 0 1.000000
-3.716310 -1.538240 0 -31.757500 3.960200 220.350000 1492.540000 -13 350 1 0 1.000000
-3.941730 -3.744860 0 -11.241600 -4.548810 204.635000 1492.530000 -13 351 1 0 1.000000
-2.026130 -7.932440 0 14.356500 -8.412640 191.199000 1492.690000 -13 352 1 0 1.000000
-3.621300 -1.481850 0 20.133500 14.543800 223.680000 1492.690000 -13 353 1 0 1.000000
-3.825370 -1.507420 0 27.764400 20.946100 218.860000 1492.580000 -13 354 1 0 1.000000
-4.761550 0.095345 0 10.434600 6.227930 202.376000 1492.690000 -13 355 1 0 1.000000
-1.974650 -1.177840 0 -4.978190 -9.473840 196.752000 1492.590000 -13 356 1 0 1.000000
-1.132980 -3.187150 0 9.252150 -4.970080 213.523000 1492.610000 -13 357 1 0 1.000000
-0.340535 -7.209050 0 7.528930 13.599300 197.730000 1492.520000 -13 358 1 0 1.000000
-3.914260 -1.219690 0 5.390640 -5.385550 211.481000 1492.680000 -13 359 1 0 1.000000
-6.392820 0.273549 0 -16.135200 -2.100870 212.092000 1492.560000 -13 360 1 0 1.000000
-9.038910 -3.945310 0 -23.758400 -8.260650 205.836000 1492.650000 -13 361 1 0 1.000000
-0.307450 5.251140 0 -10.594200 10.632700 198.765000 1492.600000 -13 362 1 0 1.000000
-5.709230 -7.895850 0 27.030200 5.015170 214.483000 1492.620000 -13 363 1 0 1.000000
-5.331130 -3.019790 0 1.460410 21.538300 194.726000 1492.540000 -13 364 1 0 1.000000
1.105510 1.000420 0 -17.482700 15.542200 207.790000 1492.530000 -13 365 1 0 1.000000
-3.220350 -7.775850 0 23.416200 1.091290 195.956000 1492.520000 -13 366 1 0 1.000000
0.554076 -2.368200 0 -23.475600 1.895350 199.630000 1492.570000 -13 367 1 0 1.000000
-0.909698 -5.710550 0 6.109460 28.554600 215.317000 1492.670000 -13 368 1 0 1.000000
-3.235940 -4.003470 0 -10.211900 5.737530 226.116000 1492.660000 -13 369 1 0 1.000000
-5.893490 1.694050 0 -1.778000 -14.708600 188.316000 1492.580000 -13 370 1 0 1.000000
0.327988 -4.711530 0 -10.383700 -7.717040 203.893000 1492.460000 -13 371 1 0 1.000000
3.863780 -3.603110 0 7.609180 0.538167 210.986000 1492.600000 -13 372 1 0 1.000000
-1.556680 -0.532390 0 -0.733687 -10.066300 212.341000 1492.650000 -13 373 1 0 1.000000
0.012280 -3.663720 0 1.140020 27.719600 200.468000 1492.730000 -13 374 1 0 1.000000
-5.732170 -2.953710 0 -4.864290 0.706246 224.340000 1492.600000 -13 375 1 0 1.000000
0.915528 -1.763350 0 15.415500 17.928000 193.917000 1492.620000 -13 376 1 0 1.000000
-1.166820 -2.076660 0 14.097100 5.345000 190.837000 1492.550000 -13 377 1 0 1.000000
-5.174980 2.570170 0 2.434810 7.099000 199.658000 1492.700000 -13 378 1 0 1.000000
-1.118110 -7.918900 0 -24.411500 10.055300 224.429000 1492.570000 -13 379 1 0 1.000000
2.062220 -7.926670 0 27.329400 30.023700 202.525000 1492.600000 -13 380 1 0 1.000000
0.620144 -0.795276 0 4.897650 6.608800 186.767000 1492.640000 -13 381 1 0 1.000000
0.005153 -3.834990 0 9.854100 -2.060120 221.092000 1492.610000 -13 382 1 0 1.000000
-3.153180 3.504170 0 1.449930 8.520250 206.613000 1492.510000 -13 383 1 0 1.000000
-0.608895 -5.229360 0 -12.964700 -6.339500 195.442000 1492.590000 -13 384 1 0 1.000000
2.647740 -4.997100 0 11.187200 -11.258300 202.865000 1492.470000 -13 385 1 0 1.000000
-6.383340 -5.828070 0 -10.742300 6.271450 206.210000 1492.650000 -13 386 1 0 1.000000
-2.333280 -2.354700 0 2.854370 -6.237780 202.991000 1492.490000 -13 387 1 0 1.000000
-2.705580 0.323841 0 4.899180 14.452400 205.004000 1492.490000 -13 388 1 0 1.000000
-0.514413 -6.709900 0 -6.120460 -9.463940 203.012000 1492.660000 -13 389 1 0 1.000000
-4.017770 -9.743430 0 -7.611450 -7.199150 207.171000 1492.640000 -13 390 1 0 1.000000
-1.669760 -3.038580 0 -6.040460 -11.900800 196.291000 1492.830000 -13 391 1 0 1.000000
-3.134360 -7.063580 0 15.745500 -9.733910 219.549000 1492.520000 -13 392 1 0 1.000000
-0.732790 -0.102330 0 1.520700 25.582500 218.112000 1492.590000 -13 393 1 0 1.000000
-1.492760 -4.409140 0 6.259230 13.292300 211.089000 1492.640000 -13 394 1 0 1.000000
-4.337300 -0.354213 0 18.527500 19.537600 220.535000 1492.490000 -13 395 1 0 1.000000
-1.454800 -2.897620 0 -0.483546 -12.566400 194.765000 1492.520000 -13 396 1 0 1.000000
-5.224900 -3.580290 0 8.991410 4.888400 206.623000 1492.740000 -13 397 1 0 1.000000
-5.671620 -1.988000 0 -10.991900 -26.236500 199.059000 1492.620000 -13 398 1 0 1.000000
-2.460480 -8.087680 0 -16.130600 10.811100 208.009000 1492.710000 -13 399 1 0 1.000000
-3.079940 -1.380860 0 8.104300 5.419060 193.051000 1492.540000 -13 400 1 0 1.000000
-9.565580 -1.539830 0 11.994700 -19.303400 228.797000 1492.590000 -13 401 1 0 1.000000
-0.761835 -4.849080 0 -8.188690 4.482670 225.560000 1492.570000 -13 402 1 0 1.000000
-1.992820 -3.968090 0 7.237970 39.565700 226.331000 1492.450000 -13 403 1 0 1.000000
-2.562790 1.588940 0 -1.394280 -18.509700 212.582000 1492.640000 -13 404 1 0 1.000000
-9.894320 -6.727080 0 22.502400 1.351630 204.312000 1492.720000 -13 405 1 0 1.000000
-4.656580 -4.534090 0 5.474010 -15.392500 215.423000 1492.610000 -13 406 1 0 1.000000
-3.407920 -3.411790 0 10.924000 -13.980300 208.608000 1492.450000 -13 407 1 0 1.000000
1.281170 -0.518729 0 -6.840830 -1.320600 212.002000 1492.560000 -13 408 1 0 1.000000
-4.743370 3.290590 0 8.156960 6.147100 202.066000 1492.490000 -13 409 1 0 1.000000
-6.601540 -0.749050 0 3.835560 -6.879560 200.414000 1492.570000 -13 410 1 0 1.000000
-6.114310 -2.187860 0 31.205000 -9.002500 211.625000 1492.630000 -13 411 1 0 1.000000
-1.730540 -3.009990 0 17.479300 -16.659300 215.891000 1492.630000 -13 412 1 0 1.000000
3.559220 -0.704858 0 18.124900 -0.719077 217.277000 1492.490000 -13 413 1 0 1.000000
0.059058 -4.711830 0 9.418240 -16.930900 188.672000 1492.560000 -13 414 1 0 1.000000
-0.568714 1.123700 0 4.439130 -13.642000 218.544000 1492.710000 -13 415 1 0 1.000000
-3.807670 -5.561010 0 -8.760270 -29.298000 204.507000 1492.610000 -13 416 1 0 1.000000
-1.403100 -0.678391 0 -17.897200 -27.659300 221.379000 1492.710000 -13 417 1 0 1.000000
3.666720 -5.659400 0 1.639450 16.135100 206.626000 1492.660000 -13 418 1 0 1.000000
-2.389760 -2.999240 0 18.952300 5.057630 197.076000 1492.610000 -13 419 1 0 1.000000
-5.250930 -2.930200 0 -10.100000 -14.428600 203.546000 1492.810000 -13 420 1 0 1.000000
-1.061820 -5.887170 0 3.823170 24.715500 215.735000 1492.580000 -13 421 1 0 1.000000
-2.750870 1.670830 0 -6.398790 7.564150 194.502000 1492.690000 -13 422 1 0 1.000000
-3.545750 -4.415560 0 19.047000 17.279500 219.148000 1492.530000 -13 423 1 0 1.000000
-4.690880 0.477126 0 10.123700 3.319990 206.370000 1492.600000 -13 424 1 0 1.000000
-0.002201 -5.824600 0 -1.108280 -13.175700 207.230000 1492.740000 -13 425 1 0 1.000000
4.200340 0.711285 0 -3.768050 -23.640800 219.183000 1492.620000 -13 426 1 0 1.000000
-2.021290 0.449876 0 -17.900500 1.108750 198.231000 1492.580000 -13 427 1 0 1.000000
6.665880 -0.904021 0 4.070700 -0.587325 206.822000 1492.540000 -13 428 1 0 1.000000
2.435180 -0.661305 0 -7.770100 -21.171700 198.774000 1492.560000 -13 429 1 0 1.000000
-1.338300 -3.669720 0 12.505900 -2.649200 208.689000 1492.480000 -13 430 1 0 1.000000
-8.185220 -6.169200 0 15.968400 -8.714320 207.296000 1492.650000 -13 431 1 0 1.000000
1.398680 -5.305000 0 -2.263920 -14.287000 210.905000 1492.570000 -13 432 1 0 1.000000
-2.754590 1.215640 0 -14.455800 -10.959500 212.286000 1492.760000 -13 433 1 0 1.000000
-7.163340 -2.270830 0 0.990496 -9.103140 193.859000 1492.510000 -13 434 1 0 1.000000
-2.353630 -2.994010 0 17.637000 -13.154400 214.723000 1492.670000 -13 435 1 0 1.000000
-1.184890 -4.294500 0 1.469910 -8.941060 215.911000 1492.650000 -13 436 1 0 1.000000
-0.395441 -3.060780 0 -11.519300 -6.862980 185.550000 1492.580000 -13 437 1 0 1.000000
-1.278170 -2.145790 0 -6.921480 -2.851370 206.489000 1492.520000 -13 438 1 0 1.000000
1.420860 3.131140 0 -12.496100 1.673430 196.597000 1492.510000 -13 439 1 0 1.000000
1.324470 -0.103032 0 -7.292190 4.206500 208.032000 1492.520000 -13 440 1 0 1.000000
-3.129680 -4.263800 0 -9.676180 2.237470 222.312000 1492.610000 -13 441 1 0 1.000000
0.177973 -6.875370 0 5.802730 13.241200 189.309000 1492.710000 -13 442 1 0 1.000000
-2.585920 -8.197090 0 7.833800 -11.254100 206.882000 1492.530000 -13 443 1 0 1.000000
-0.807358 -2.929690 0 9.081190 -16.711900 218.052000 1492.590000 -13 444 1 0 1.000000
-2.520120 -6.683450 0 17.994900 -4.895680 214.390000 1492.710000 -13 445 1 0 1.000000
-1.753000 -5.459730 0 0.660058 5.614850 200.059000 1492.500000 -13 446 1 0 1.000000
-0.585121 1.323920 0 14.903600 -6.155950 198.837000 1492.600000 -13 447 1 0 1.000000
1.483970 -6.355010 0 13.184200 11.854700 189.650000 1492.510000 -13 448 1 0 1.000000
-5.091090 -4.500780 0 -11.270400 -2.915100 220.225000 1492.660000 -13 449 1 0 1.000000
-3.743950 -0.390826 0 16.850000 -31.800400 206.094000 1492.510000 -13 450 1 0 1.000000
-3.465360 -3.010250 0 6.900300 -12.853100 207.395000 1492.660000 -13 451 1 0 1.000000
0.268171 0.838307 0 15.246400 7.162590 221.200000 1492.570000 -13 452 1 0 1.000000
-0.730835 -2.127190 0 -3.107890 7.698730 198.525000 1492.630000 -13 453 1 0 1.000000
0.045570 -1.039800 0 13.610400 -15.646600 220.258000 1492.630000 -13 454 1 0 1.000000
-6.025850 -0.754638 0 1.995470 -7.459480 216.943000 1492.610000 -13 455 1 0 1.000000
-0.074350 -5.941270 0 19.358800 -5.070190 211.221000 1492.780000 -13 456 1 0 1.000000
-0.453458 7.057260 0 -2.864210 -1.250230 219.886000 1492.680000 -13 457 1 0 1.000000
-2.040450 -1.649630 0 -0.138234 -0.506721 182.021000 1492.550000 -13 458 1 0 1.000000
-7.564640 0.010335 0 18.166800 -9.528360 210.471000 1492.730000 -13 459 1 0 1.000000
-2.137500 -5.123410 0 -0.840939 -2.485810 209.612000 1492.530000 -13 460 1 0 1.000000
0.634645 -6.418310 0 -5.147420 13.220500 205.278000 1492.770000 -13 461 1 0 1.000000
-0.149936 4.701950 0 -8.645410 -21.735700 225.692000 1492.570000 -13 462 1 0 1.000000
2.069450 -5.547650 0 6.316090 -8.141820 196.890000 1492.740000 -13 463 1 0 1.000000
-2.351140 -1.830890 0 1.720230 4.900570 214.213000 1492.510000 -13 464 1 0 1.000000
-0.044947 -8.043810 0 14.472900 26.944900 218.033000 1492.670000 -13 465 1 0 1.000000
-1.074490 -3.162590 0 -7.585400 2.749120 211.549000 1492.560000 -13 466 1 0 1.000000
-1.300210 2.795510 0 -1.395670 -13.784700 196.810000 1492.640000 -13 467 1 0 1.000000
-3.698550 -3.226420 0 11.488100 -25.013000 223.264000 1492.600000 -13 468 1 0 1.000000
-6.068720 -0.185337 0 13.494000 10.001600 210.268000 1492.730000 -13 469 1 0 1.000000
3.072920 -2.834030 0 -16.988500 9.895450 218.337000 1492.630000 -13 470 1 0 1.000000
-4.377840 0.284610 0 -8.375680 -27.346400 197.137000 1492.590000 -13 471 1 0 1.000000
-2.751180 -2.519840 0 -28.683100 -3.136680 203.911000 1492.470000 -13 472 1 0 1.000000
-5.243220 3.762570 0 20.651100 8.521020 194.669000 1492.560000 -13 473 1 0 1.000000
-4.517210 -0.891949 0 19.199900 0.668078 197.799000 1492.800000 -13 474 1 0 1.000000
-0.371343 -1.603120 0 10.035600 -29.580100 218.735000 1492.540000 -13 475 1 0 1.000000
-0.370804 0.326283 0 -14.153100 8.580600 226.279000 1492.570000 -13 476 1 0 1.000000
-3.908910 0.645092 0 17.454900 -12.303700 216.870000 1492.610000 -13 477 1 0 1.000000
-2.701030 6.108390 0 -6.101240 10.472000 197.617000 1492.570000 -13 478 1 0 1.000000
-0.498164 -3.877260 0 -13.906900 8.316240 184.398000 1492.720000 -13 479 1 0 1.000000
-3.900530 2.928450 0 5.968220 6.529860 201.566000 1492.630000 -13 480 1 0 1.000000
-1.641760 -3.886890 0 10.211200 9.753120 200.099000 1492.630000 -13 481 1 0 1.000000
1.865110 -2.711160 0 -1.081590 15.553200 205.393000 1492.630000 -13 482 1 0 1.000000
-5.845050 -2.362430 0 16.802100 -3.004550 202.171000 1492.450000 -13 483 1 0 1.000000
2.995390 1.242790 0 16.314000 1.481650 205.673000 1492.500000 -13 484 1 0 1.000000
0.559940 -3.809630 0 7.923880 8.108070 208.416000 1492.730000 -13 485 1 0 1.000000
-0.425644 4.904590 0 -9.670790 -6.265070 203.563000 1492.630000 -13 486 1 0 1.000000
0.283662 -1.377760 0 8.890160 -1.590620 205.734000 1492.470000 -13 487 1 0 1.000000
-3.729380 2.075220 0 -6.296270 -9.290210 206.272000 1492.590000 -13 488 1 0 1.000000
-1.053090 -5.544980 0 -1.041680 0.919839 195.331000 1492.640000 -13 489 1 0 1.000000
-2.691650 -1.812370 0 0.831489 0.725646 199.759000 1492.620000 -13 490 1 0 1.000000
-2.638250 -0.456325 0 21.183200 26.436800 226.863000 1492.620000 -13 491 1 0 1.000000
-8.402940 -4.813790 0 4.818560 -10.106100 214.027000 1492.710000 -13 492 1 0 1.000000
3.785450 -9.597720 0 2.780680 1.734040 211.050000 1492.550000 -13 493 1 0 1.000000
-2.640910 -3.340900 0 -0.147903 -0.306830 212.584000 1492.500000 -13 494 1 0 1.000000
2.665020 -0.412211 0 -3.863360 -3.685650 202.604000 1492.520000 -13 495 1 0 1.000000
-5.006590 -1.544480 0 -8.800160 2.530450 195.907000 1492.470000 -13 496 1 0 1.000000
-1.221430 -4.338070 0 -9.502600 -9.026310 216.684000 1492.480000 -13 497 1 0 1.000000
-4.442390 -5.772360 0 11.614900 -2.181900 218.591000 1492.680000 -13 498 1 0 1.000000
1.169550 -10.043100 0 3.139060 -11.538100 197.070000 1492.570000 -13 499 1 0 1.000000
-3.769780 -4.907020 0 -21.587000 -8.763300 213.814000 1492.510000 -13 500 1 0 1.000000
-3.280120 -0.552543 0 11.684200 -7.317550 193.708000 1492.720000 -13 501 1 0 1.000000
0.727807 -3.146730 0 18.359800 -9.635060 218.241000 1492.600000 -13 502 1 0 1.000000
0.943608 -5.854890 0 22.555800 -23.632600 199.877000 1492.660000 -13 503 1 0 1.000000
4.683600 0.090022 0 0.636088 -9.213180 209.875000 1492.750000 -13 504 1 0 1.000000
0.446152 3.591100 0 -0.342381 -5.479480 190.644000 1492.670000 -13 505 1 0 1.000000
-1.139870 -3.752110 0 -17.557400 12.185100 217.797000 1492.690000 -13 506 1 0 1.000000
-7.887010 -5.849960 0 -6.249490 -13.726700 211.153000 1492.700000 -13 507 1 0 1.000000
-6.459330 -7.288750 0 24.656300 -13.572300 212.326000 1492.790000 -13 508 1 0 1.000000
-4.876990 1.959560 0 -17.670100 14.876000 200.262000 1492.730000 -13 509 1 0 1.000000
-2.757730 -0.470857 0 -2.111210 0.075167 206.330000 1492.480000 -13 510 1 0 1.000000
-1.374050 -4.909950 0 7.411480 10.051200 220.804000 1492.600000 -13 511 1 0 1.000000
-5.524030 0.055328 0 -15.973700 -24.508400 214.741000 1492.700000 -13 512 1 0 1.000000
-3.329340 -4.762630 0 -3.162620 10.374000 213.780000 1492.600000 -13 513 1 0 1.000000
-2.254660 -0.846259 0 4.761900 15.069600 219.929000 1492.670000 -13 514 1 0 1.000000
1.783530 -4.359530 0 1.481400 12.814400 201.219000 1492.550000 -13 515 1 0 1.000000
-0.657781 -7.982410 0 4.669390 -1.634330 203.024000 1492.670000 -13 516 1 0 1.000000
2.844880 1.839290 0 -1.479290 5.500320 206.328000 1492.800000 -13 517 1 0 1.000000
-1.636630 -3.534440 0 2.206360 1.099590 200.224000 1492.710000 -13 518 1 0 1.000000
3.560450 -1.782370 0 -6.871790 14.423400 213.140000 1492.510000 -13 519 1 0 1.000000
-4.019940 5.567030 0 -27.307500 1.805090 207.498000 1492.540000 -13 520 1 0 1.000000
-2.178560 -4.155280 0 -14.651500 1.562490 199.279000 1492.620000 -13 521 1 0 1.000000
-3.218230 -0.366701 0 -11.662600 0.801222 216.941000 1492.520000 -13 522 1 0 1.000000
-3.854100 0.141537 0 5.018310 3.370100 205.767000 1492.700000 -13 523 1 0 1.000000
-3.548000 2.055990 0 2.013460 -6.996250 200.914000 1492.470000 -13 524 1 0 1.000000
-0.101425 -6.270040 0 -6.002340 12.585300 200.543000 1492.710000 -13 525 1 0 1.000000
-5.007480 1.414040 0 9.779450 5.006480 210.406000 1492.530000 -13 526 1 0 1.000000
-0.783314 -3.150790 0 4.361140 -15.925700 214.351000 1492.630000 -13 527 1 0 1.000000
0.859829 -1.071920 0 8.061290 1.864990 216.316000 1492.610000 -13 528 1 0 1.000000
-3.881990 -3.620210 0 3.096680 -0.981667 209.344000 1492.730000 -13 529 1 0 1.000000
-2.844320 3.615780 0 0.576944 23.246700 213.754000 1492.550000 -13 530 1 0 1.000000
-4.733510 -2.065750 0 -10.852300 22.256200 212.669000 1492.520000 -13 531 1 0 1.000000
-0.848076 -5.908110 0 -15.820300 -6.172350 210.760000 1492.570000 -13 532 1 0 1.000000
-1.815720 -6.664090 0 12.982400 6.244560 211.206000 1492.580000 -13 533 1 0 1.000000
-2.066690 -4.708120 0 4.548290 -23.354500 206.901000 1492.710000 -13 534 1 0 1.000000
-4.816340 1.094810 0 2.908460 10.827700 202.844000 1492.770000 -13 535 1 0 1.000000
1.806780 -8.265180 0 2.074580 -5.953320 208.494000 1492.760000 -13 536 1 0 1.000000
-3.962480 1.742120 0 -9.996800 -2.472470 192.614000 1492.590000 -13 537 1 0 1.000000
-2.621470 -1.581190 0 -11.707500 6.068890 214.825000 1492.710000 -13 538 1 0 1.000000
-1.141100 -3.063260 0 7.860810 25.439700 183.611000 1492.680000 -13 539 1 0 1.000000
-4.759750 0.603599 0 16.132700 -35.691300 192.889000 1492.620000 -13 540 1 0 1.000000
-3.883500 0.067141 0 -10.795100 -19.889300 209.994000 1492.530000 -13 541 1 0 1.000000
-0.268340 -5.067430 0 11.809800 -4.748480 194.032000 1492.520000 -13 542 1 0 1.000000
-0.310194 -2.389600 0 -17.470400 -4.400850 223.112000 1492.550000 -13 543 1 0 1.000000
-2.178440 -6.487340 0 9.818510 10.127800 210.573000 1492.500000 -13 544 1 0 1.000000
-1.964590 -0.598793 0 -10.757100 -19.687800 212.283000 1492.490000 -13 545 1 0 1.000000
6.317350 -3.769810 0 -24.018100 -7.640210 206.361000 1492.670000 -13 546 1 0 1.000000
-2.717640 0.314669 0 4.254700 -12.802500 201.237000 1492.700000 -13 547 1 0 1.000000
2.825520 0.087254 0 0.539212 -11.523700 215.137000 1492.610000 -13 548 1 0 1.000000
-3.628580 2.125240 0 -4.390800 -3.096140 198.043000 1492.600000 -13 549 1 0 1.000000
2.458670 -2.736570 0 28.456800 -2.890370 204.045000 1492.490000 -13 550 1 0 1.000000
-1.639450 -0.747840 0 9.118280 -4.495040 208.547000 1492.580000 -13 551 1 0 1.000000
-4.834270 -11.079800 0 1.566060 11.730900 209.937000 1492.550000 -13 552 1 0 1.000000
-3.294140 1.336750 0 0.034171 16.036700 215.569000 1492.590000 -13 553 1 0 1.000000
-2.508730 -2.661610 0 14.494500 11.901800 206.275000 1492.620000 -13 554 1 0 1.000000
-6.664460 3.126380 0 6.651240 19.621300 191.660000 1492.560000 -13 555 1 0 1.000000
-0.687925 -5.009300 0 5.531920 2.589430 211.901000 1492.590000 -13 556 1 0 1.000000
0.367837 -4.842040 0 -13.090600 7.412580 207.873000 1492.590000 -13 557 1 0 1.000000
1.780290 -9.315630 0 5.255610 13.077500 205.164000 1492.530000 -13 558 1 0 1.000000
-0.772475 -2.902880 0 18.269100 -10.554300 210.938000 1492.690000 -13 559 1 0 1.000000
-6.321220 0.496546 0 -12.521100 -6.457680 213.732000 1492.740000 -13 560 1 0 1.000000
-2.869790 -2.837250 0 23.482300 23.503200 220.413000 1492.610000 -13 561 1 0 1.000000
-8.403170 -1.610340 0 -16.715900 -18.076100 217.145000 1492.560000 -13 562 1 0 1.000000
3.270950 2.609960 0 -12.144600 -3.568190 190.851000 1492.750000 -13 563 1 0 1.000000
-4.076980 1.651880 0 7.741290 -9.157360 217.227000 1492.680000 -13 564 1 0 1.000000
-1.904020 -4.015430 0 5.210140 7.981120 186.598000 1492.590000 -13 565 1 0 1.000000
-2.266700 -7.667310 0 16.398000 -0.725788 221.862000 1492.710000 -13 566 1 0 1.000000
-4.670910 -5.932540 0 16.852300 -11.725100 194.975000 1492.490000 -13 567 1 0 1.000000
-5.081440 -9.002760 0 -19.639300 -12.561800 207.271000 1492.540000 -13 568 1 0 1.000000
3.341000 -4.317730 0 5.775400 -2.479950 200.969000 1492.720000 -13 569 1 0 1.000000
1.303820 -3.125730 0 1.917170 18.826400 185.710000 1492.610000 -13 570 1 0 1.000000
-0.693071 -4.637050 0 -33.898500 8.798090 217.397000 1492.610000 -13 571 1 0 1.000000
2.168440 -3.836000 0 11.198000 1.617860 212.320000 1492.530000 -13 572 1 0 1.000000
-6.048000 1.099440 0 12.214700 -28.095400 230.460000 1492.530000 -13 573 1 0 1.000000
-0.141276 -0.812610 0 4.393690 6.246210 216.572000 1492.550000 -13 574 1 0 1.000000
-4.057220 -7.802270 0 -16.568500 2.818510 205.173000 1492.620000 -13 575 1 0 1.000000
-1.479530 0.053898 0 -3.353920 -19.093900 201.639000 1492.680000 -13 576 1 0 1.000000
-0.943459 -6.835330 0 6.836440 -1.315730 204.980000 1492.780000 -13 577 1 0 1.000000
-4.421320 1.737930 0 -9.499230 8.052240 203.264000 1492.560000 -13 578 1 0 1.000000
-6.024840 -0.980737 0 -2.804880 5.377250 199.240000 1492.430000 -13 579 1 0 1.000000
-6.524300 0.326182 0 -1.383800 -0.593917 193.780000 1492.650000 -13 580 1 0 1.000000
-4.237770 2.135470 0 -10.617900 -3.951650 209.392000 1492.470000 -13 581 1 0 1.000000
3.805390 -2.806350 0 -1.271280 19.334600 208.588000 1492.560000 -13 582 1 0 1.000000
-1.074280 -3.744750 0 -3.038750 -3.061140 197.071000 1492.610000 -13 583 1 0 1.000000
-7.113850 -3.525830 0 -11.603100 21.935500 213.451000 1492.560000 -13 584 1 0 1.000000
-2.628580 -1.105140 0 -10.964200 22.495500 210.837000 1492.720000 -13 585 1 0 1.000000
-2.441430 -2.370760 0 20.581700 -25.278900 218.258000 1492.650000 -13 586 1 0 1.000000
0.171871 2.358170 0 5.397180 -21.377900 201.306000 1492.690000 -13 587 1 0 1.000000
-3.971170 -6.492110 0 -8.465710 21.948300 203.052000 1492.510000 -13 588 1 0 1.000000
-0.948718 -7.141950 0 16.991300 -15.098500 205.172000 1492.470000 -13 589 1 0 1.000000
2.192390 -5.061250 0 12.089200 9.155440 208.095000 1492.750000 -13 590 1 0 1.000000
-3.092990 -2.621980 0 0.086269 21.259700 220.542000 1492.540000 -13 591 1 0 1.000000
-1.222880 -1.031030 0 2.430290 -6.042430 194.054000 1492.620000 -13 592 1 0 1.000000
-3.871290 -0.295293 0 -1.713380 0.110079 192.878000 1492.730000 -13 593 1 0 1.000000
-9.702910 -3.086620 0 10.377600 -21.972500 213.044000 1492.770000 -13 594 1 0 1.000000
-0.954944 -1.478700 0 -2.950140 17.144500 196.405000 1492.660000 -13 595 1 0 1.000000
-1.053520 -4.700630 0 27.888900 -18.169200 209.695000 1492.550000 -13 596 1 0 1.000000
-4.869590 -4.485800 0 -17.866900 -22.204200 196.043000 1492.720000 -13 597 1 0 1.000000
-2.710350 -3.771980 0 -3.770260 -4.578550 223.095000 1492.520000 -13 598 1 0 1.000000
1.605020 -1.169610 0 9.358950 16.863300 209.450000 1492.640000 -13 599 1 0 1.000000
-1.483330 1.312760 0 -2.030150 -7.586460 201.788000 1492.620000 -13 600 1 0 1.000000
-8.842380 1.475860 0 -10.764100 10.508500 203.567000 1492.560000 -13 601 1 0 1.000000
1.094530 -4.929490 0 19.876400 -15.393900 194.788000 1492.670000 -13 602 1 0 1.000000
-1.006000 -1.868280 0 6.568370 -3.756990 214.153000 1492.600000 -13 603 1 0 1.000000
-0.278912 -0.812709 0 -18.896200 -3.052590 212.501000 1492.680000 -13 604 1 0 1.000000
-5.515530 -4.035400 0 5.657210 -6.801360 213.630000 1492.750000 -13 605 1 0 1.000000
-1.033570 -5.360980 0 -5.025510 3.984420 209.672000 1492.490000 -13 606 1 0 1.000000
2.778510 -4.940480 0 25.000200 8.718010 201.631000 1492.660000 -13 607 1 0 1.000000
2.508490 -0.434944 0 9.097040 -21.860700 209.575000 1492.560000 -13 608 1 0 1.000000
-0.642903 -1.516290 0 -3.541290 -10.265900 209.192000 1492.810000 -13 609 1 0 1.000000
-8.478050 -2.215810 0 8.036450 1.899180 204.469000 1492.640000 -13 610 1 0 1.000000
4.108170 1.473450 0 -26.579600 18.930300 204.814000 1492.640000 -13 611 1 0 1.000000
-1.454800 -0.117814 0 21.774400 -1.342380 214.612000 1492.680000 -13 612 1 0 1.000000
-0.262483 -5.491070 0 14.047900 -12.287600 197.163000 1492.730000 -13 613 1 0 1.000000
-6.121430 -0.889538 0 1.129690 12.613000 196.619000 1492.410000 -13 614 1 0 1.000000
-0.581528 0.508110 0 -27.943300 -16.076500 210.858000 1492.560000 -13 615 1 0 1.000000
-1.628380 -1.401920 0 -17.692100 11.358000 196.675000 1492.400000 -13 616 1 0 1.000000
-4.857740 4.369380 0 -19.406100 -6.678380 205.050000 1492.510000 -13 617 1 0 1.000000
3.861090 -6.584040 0 -3.354070 10.483000 206.939000 1492.630000 -13 618 1 0 1.000000
-1.042540 -1.700830 0 23.891900 -8.008370 223.014000 1492.640000 -13 619 1 0 1.000000
-3.611150 -2.510200 0 -10.054100 -9.853060 201.501000 1492.580000 -13 620 1 0 1.000000
-1.491380 -3.142910 0 -17.406800 -15.523900 214.980000 1492.430000 -13 621 1 0 1.000000
-2.280440 -7.183330 0 -8.449630 21.734300 223.543000 1492.700000 -13 622 1 0 1.000000
-4.491230 -1.936070 0 -4.989340 -13.000800 210.990000 1492.650000 -13 623 1 0 1.000000
-7.377020 -1.364020 0 21.886400 -1.419590 217.519000 1492.700000 -13 624 1 0 1.000000
-1.454790 -3.043040 0 -7.048260 2.507240 192.725000 1492.640000 -13 625 1 0 1.000000
3.264650 1.543960 0 22.540100 -2.489620 189.009000 1492.640000 -13 626 1 0 1.000000
1.394130 -1.921290 0 -24.875400 -2.532890 206.918000 1492.700000 -13 627 1 0 1.000000
-2.622250 -7.975350 0 17.485300 2.942300 211.734000 1492.450000 -13 628 1 0 1.000000
0.003868 -2.887510 0 0.430694 -18.365000 196.969000 1492.530000 -13 629 1 0 1.000000
3.067830 0.040125 0 -13.066300 -14.955500 190.225000 1492.580000 -13 630 1 0 1.000000
-2.894070 1.293100 0 -3.465370 1.658930 194.199000 1492.720000 -13 631 1 0 1.000000
6.212680 0.190848 0 10.460000 7.903120 199.579000 1492.620000 -13 632 1 0 1.000000
0.297241 0.028023 0 13.477900 -3.918330 212.768000 1492.490000 -13 633 1 0 1.000000
3.795750 -0.330313 0 3.062380 1.539690 191.910000 1492.710000 -13 634 1 0 1.000000
-5.785190 -6.738170 0 -10.241200 -7.048110 218.558000 1492.510000 -13 635 1 0 1.000000
-5.382890 -3.189630 0 4.111140 -10.746000 234.238000 1492.580000 -13 636 1 0 1.000000
-7.144830 -3.054030 0 10.594100 7.357490 217.953000 1492.440000 -13 637 1 0 1.000000
-4.647370 -3.953620 0 -7.290970 14.937900 190.287000 1492.490000 -13 638 1 0 1.000000
-3.818800 -1.631400 0 -21.112600 -14.020300 217.169000 1492.630000 -13 639 1 0 1.000000
-3.392980 0.372375 0 -7.498160 -18.440500 208.993000 1492.560000 -13 640 1 0 1.000000
-1.201200 0.636647 0 -24.576700 29.894700 209.550000 1492.520000 -13 641 1 0 1.000000
-1.954860 1.315260 0 -26.838600 -2.465320 201.655000 1492.710000 -13 642 1 0 1.000000
-1.002520 -8.156640 0 12.141100 -0.566456 190.379000 1492.560000 -13 643 1 0 1.000000
1.450050 -0.145316 0 -4.708280 12.356300 212.960000 1492.560000 -13 644 1 0 1.000000
-9.089630 0.936443 0 -28.830300 -2.510930 205.265000 1492.610000 -13 645 1 0 1.000000
-5.787520 -5.168060 0 -8.716130 38.324200 205.071000 1492.540000 -13 646 1 0 1.000000
3.187990 1.913010 0 -9.793090 28.792800 218.725000 1492.520000 -13 647 1 0 1.000000
-0.229727 -3.625300 0 -1.016960 16.951000 209.310000 1492.540000 -13 648 1 0 1.000000
3.542620 -3.069070 0 -0.896094 6.219550 208.599000 1492.770000 -13 649 1 0 1.000000
-3.410380 3.155880 0 -1.217930 -1.038630 199.211000 1492.480000 -13 650 1 0 1.000000
-4.061940 -2.574930 0 16.891000 -3.842660 218.483000 1492.560000 -13 651 1 0 1.000000
-1.295210 -0.957690 0 -3.997190 10.240600 209.803000 1492.520000 -13 652 1 0 1.000000
-5.422530 -6.752010 0 4.318030 -5.782040 208.756000 1492.520000 -13 653 1 0 1.000000
-3.971420 -1.759210 0 2.029710 -8.278440 217.584000 1492.600000 -13 654 1 0 1.000000
-1.260240 -1.420300 0 -16.612900 -21.364500 225.648000 1492.620000 -13 655 1 0 1.000000
-1.845090 -5.477000 0 -4.731830 -6.412360 207.452000 1492.580000 -13 656 1 0 1.000000
1.700680 -6.074850 0 1.845140 2.897630 201.962000 1492.750000 -13 657 1 0 1.000000
-3.298590 -2.978570 0 10.454900 -6.417160 211.795000 1492.490000 -13 658 1 0 1.000000
-1.100530 -3.508630 0 -4.116570 -2.008480 208.666000 1492.550000 -13 659 1 0 1.000000
-0.814307 -9.919230 0 7.066730 -7.946460 215.021000 1492.590000 -13 660 1 0 1.000000
2.282160 -2.869650 0 4.093540 13.196400 201.259000 1492.660000 -13 661 1 0 1.000000
-7.531650 1.545380 0 -5.697970 -13.196600 198.936000 1492.660000 -13 662 1 0 1.000000
2.179440 0.778056 0 -2.797430 12.332000 212.282000 1492.660000 -13 663 1 0 1.000000
-4.318360 -2.148900 0 4.529290 -4.113570 195.367000 1492.600000 -13 664 1 0 1.000000
-3.573970 -3.929410 0 -19.246800 -2.872180 197.555000 1492.600000 -13 665 1 0 1.000000
-2.853390 -1.687970 0 12.922300 2.617390 210.354000 1492.630000 -13 666 1 0 1.000000
-1.390520 -5.464140 0 20.620700 2.501470 214.588000 1492.670000 -13 667 1 0 1.000000
-3.186910 1.031750 0 7.503060 -6.709240 195.714000 1492.660000 -13 668 1 0 1.000000
-2.507170 -1.534860 0 -0.794171 29.744100 220.438000 1492.490000 -13 669 1 0 1.000000
-0.886013 0.500506 0 24.988500 -18.285700 200.577000 1492.640000 -13 670 1 0 1.000000
-1.504360 0.781594 0 -1.256000 -16.284400 192.623000 1492.540000 -13 671 1 0 1.000000
-5.417760 2.759230 0 -19.707200 -27.334600 201.643000 1492.700000 -13 672 1 0 1.000000
-1.890930 -4.254530 0 4.748560 17.736600 217.311000 1492.600000 -13 673 1 0 1.000000
-3.397190 -0.299792 0 0.804511 -41.161600 225.323000 1492.570000 -13 674 1 0 1.000000
-5.205690 1.675170 0 -23.518200 -29.052100 225.424000 1492.570000 -13 675 1 0 1.000000
-5.953980 0.018416 0 -19.008800 -10.958600 194.835000 1492.600000 -13 676 1 0 1.000000
-4.548560 0.487551 0 -10.844800 14.673900 191.928000 1492.730000 -13 677 1 0 1.000000
-4.162850 2.070520 0 -6.631420 -6.640680 218.935000 1492.600000 -13 678 1 0 1.000000
-1.470660 0.043063 0 15.736800 6.349960 208.956000 1492.680000 -13 679 1 0 1.000000
-6.627350 0.611948 0 -0.765040 27.149100 209.848000 1492.770000 -13 680 1 0 1.000000
-5.099410 -2.245060 0 7.438330 -16.371000 223.894000 1492.630000 -13 681 1 0 1.000000
-6.998390 -1.039760 0 3.304800 -6.565370 213.322000 1492.510000 -13 682 1 0 1.000000
-4.393870 -10.313700 0 25.444200 -1.475800 208.571000 1492.710000 -13 683 1 0 1.000000
0.645845 -0.819654 0 18.081800 -3.738890 184.105000 1492.630000 -13 684 1 0 1.000000
-4.568260 -7.410580 0 12.788500 -8.713040 223.018000 1492.700000 -13 685 1 0 1.000000
1.852240 -5.069280 0 -6.379840 -2.242060 210.414000 1492.700000 -13 686 1 0 1.000000
-1.512160 -2.755270 0 2.793970 7.886060 215.416000 1492.640000 -13 687 1 0 1.000000
3.389300 -0.695674 0 -11.659000 17.069200 205.305000 1492.700000 -13 688 1 0 1.000000
2.209040 -5.067840 0 14.236600 15.232500 199.809000 1492.620000 -13 689 1 0 1.000000
-3.509660 -3.495620 0 10.659700 23.127500 200.769000 1492.600000 -13 690 1 0 1.000000
1.939440 0.211841 0 -5.714770 25.882500 203.649000 1492.600000 -13 691 1 0 1.000000
-1.353740 2.339030 0 3.880880 -5.522160 204.947000 1492.620000 -13 692 1 0 1.000000
-2.660360 -1.312460 0 1.562120 -9.949150 215.001000 1492.690000 -13 693 1 0 1.000000
1.366950 -3.627340 0 -1.674550 -0.321269 210.450000 1492.450000 -13 694 1 0 1.000000
1.504830 4.427290 0 6.289080 28.165500 200.063000 1492.490000 -13 695 1 0 1.000000
-2.777960 5.083160 0 -35.505400 2.531330 209.203000 1492.650000 -13 696 1 0 1.000000
-0.758148 -0.261146 0 -2.310400 -0.190257 222.366000 1492.610000 -13 697 1 0 1.000000
-0.401558 -3.989920 0 11.860500 2.385860 213.777000 1492.570000 -13 698 1 0 1.000000
0.595616 -1.820310 0 -12.865900 -5.554440 201.818000 1492.600000 -13 699 1 0 1.000000
-3.578940 -2.185050 0 -6.371310 -4.098820 198.816000 1492.720000 -13 700 1 0 1.000000
-3.045760 -6.782230 0 -13.693400 7.311850 196.740000 1492.630000 -13 701 1 0 1.000000
-4.443570 -0.209126 0 17.512100 -24.083300 216.373000 1492.480000 -13 702 1 0 1.000000
-3.501970 -2.962760 0 -12.046600 -2.461360 223.322000 1492.540000 -13 703 1 0 1.000000
-0.491134 -3.031240 0 -5.442150 -4.617560 192.007000 1492.650000 -13 704 1 0 1.000000
-8.800440 -6.196590 0 1.021520 -7.718700 203.325000 1492.640000 -13 705 1 0 1.000000
-3.785890 -1.550030 0 -15.023100 6.347820 213.704000 1492.690000 -13 706 1 0 1.000000
-6.089450 -5.203690 0 29.412700 9.260630 216.251000 1492.650000 -13 707 1 0 1.000000
0.187959 -0.842690 0 -8.778780 8.793350 203.525000 1492.530000 -13 708 1 0 1.000000
-2.213250 -1.085460 0 22.698400 19.388200 203.531000 1492.470000 -13 709 1 0 1.000000
-8.846740 -8.403270 0 11.337200 -4.657080 211.037000 1492.510000 -13 710 1 0 1.000000
4.225600 -2.452140 0 -8.087590 0.252572 218.801000 1492.670000 -13 711 1 0 1.000000
-0.886320 -4.838280 0 -18.324800 -6.036060 217.080000 1492.650000 -13 712 1 0 1.000000
3.910420 -0.034419 0 -11.520600 9.360360 220.949000 1492.630000 -13 713 1 0 1.000000
0.190703 -5.456320 0 1.098930 -3.717970 197.689000 1492.520000 -13 714 1 0 1.000000
-0.985639 -5.857850 0 -6.247410 0.941019 202.854000 1492.530000 -13 715 1 0 1.000000
-2.254660 -4.287950 0 29.316200 9.527190 201.453000 1492.520000 -13 716 1 0 1.000000
-1.802840 -5.260780 0 -8.259270 -3.141010 205.019000 1492.730000 -13 717 1 0 1.000000
-10.277300 -0.178759 0 0.375353 -16.851200 206.260000 1492.690000 -13 718 1 0 1.000000
0.348222 -3.248300 0 36.716900 -6.191030 197.968000 1492.470000 -13 719 1 0 1.000000
0.854588 -1.865810 0 -6.608530 -13.655700 199.465000 1492.460000 -13 720 1 0 1.000000
-1.589800 0.293770 0 -11.517200 13.458500 196.348000 1492.470000 -13 721 1 0 1.000000
-4.635800 -0.848055 0 13.761700 0.587764 217.068000 1492.630000 -13 722 1 0 1.000000
-0.254462 -2.592290 0 -13.016100 -9.510500 201.740000 1492.620000 -13 723 1 0 1.000000
-5.634450 4.576720 0 -18.998500 -15.539200 206.536000 1492.540000 -13 724 1 0 1.000000
-6.402690 -4.093110 0 6.242580 1.990220 200.140000 1492.700000 -13 725 1 0 1.000000
-1.857110 0.082090 0 5.651660 6.293490 204.229000 1492.480000 -13 726 1 0 1.000000
-1.552870 1.098260 0 -1.719340 0.541733 217.021000 1492.620000 -13 727 1 0 1.000000
-2.211330 0.334459 0 16.471100 -3.531100 194.539000 1492.620000 -13 728 1 0 1.000000
-2.663180 -1.776550 0 -12.404500 3.617530 218.789000 1492.650000 -13 729 1 0 1.000000
-0.067359 -2.728350 0 -10.939900 -7.684900 216.705000 1492.670000 -13 730 1 0 1.000000
-4.015020 -3.044490 0 6.538570 -30.161800 207.135000 1492.760000 -13 731 1 0 1.000000
3.676260 1.292460 0 -27.455100 -5.274710 201.927000 1492.670000 -13 732 1 0 1.000000
-4.783770 6.584000 0 -5.065360 14.374200 206.673000 1492.600000 -13 733 1 0 1.000000
-1.478520 -5.605040 0 8.684930 -11.244700 211.878000 1492.550000 -13 734 1 0 1.000000
-2.493560 -4.685550 0 0.219510 -6.258450 202.666000 1492.570000 -13 735 1 0 1.000000
-1.845620 -3.563100 0 -2.268200 7.025640 207.477000 1492.470000 -13 736 1 0 1.000000
-4.353490 -0.890934 0 15.110600 -4.541040 209.308000 1492.590000 -13 737 1 0 1.000000
-4.350910 0.034941 0 10.991900 13.852500 197.403000 1492.620000 -13 738 1 0 1.000000
-4.057630 -2.446810 0 9.371840 -5.844470 213.387000 1492.810000 -13 739 1 0 1.000000
-2.015890 -3.122580 0 4.903830 -2.714920 197.990000 1492.610000 -13 740 1 0 1.000000
3.412220 -3.146040 0 10.336700 15.161200 217.596000 1492.640000 -13 741 1 0 1.000000
-1.382350 -0.926152 0 4.655120 13.848200 188.976000 1492.520000 -13 742 1 0 1.000000
-8.359280 -3.563010 0 -10.866300 12.459200 201.246000 1492.580000 -13 743 1 0 1.000000
-5.696980 -3.352720 0 -14.008600 -12.111800 210.021000 1492.760000 -13 744 1 0 1.000000
-3.664170 -3.316530 0 14.235500 4.457020 202.728000 1492.610000 -13 745 1 0 1.000000
-1.691940 -3.535380 0 -3.623690 9.804100 197.439000 1492.520000 -13 746 1 0 1.000000
-0.539836 -3.733840 0 10.755600 2.768850 215.335000 1492.760000 -13 747 1 0 1.000000
1.765880 2.692310 0 -0.437726 0.776966 191.153000 1492.570000 -13 748 1 0 1.000000
-6.295030 -6.253140 0 -3.338060 4.635660 215.663000 1492.650000 -13 749 1 0 1.000000
-0.189308 0.377542 0 24.977900 25.041300 214.590000 1492.600000 -13 750 1 0 1.000000
-5.569150 0.061088 0 -22.893100 12.929300 212.273000 1492.610000 -13 751 1 0 1.000000
-6.620970 -6.163290 0 -6.444520 -26.709100 208.686000 1492.540000 -13 752 1 0 1.000000
1.212230 -3.386000 0 15.859200 8.176260 221.962000 1492.620000 -13 753 1 0 1.000000
-0.903781 -7.978780 0 10.537700 28.155100 207.567000 1492.670000 -13 754 1 0 1.000000
2.204490 -4.056740 0 5.063160 -5.104970 219.313000 1492.680000 -13 755 1 0 1.000000
-2.301700 -3.586670 0 1.023910 -10.813800 198.875000 1492.680000 -13 756 1 0 1.000000
-7.029010 -1.712570 0 21.986800 4.235260 204.741000 1492.590000 -13 757 1 0 1.000000
-9.507380 -2.328840 0 11.162300 32.847400 219.806000 1492.610000 -13 758 1 0 1.000000
3.216600 -4.667070 0 -6.320960 13.079700 202.374000 1492.680000 -13 759 1 0 1.000000
-1.052840 -4.119160 0 -1.597030 -8.852450 199.258000 1492.530000 -13 760 1 0 1.000000
-2.864130 1.687630 0 3.359350 5.854640 221.887000 1492.640000 -13 761 1 0 1.000000
-4.141890 -3.929210 0 26.791000 12.115100 205.732000 1492.630000 -13 762 1 0 1.000000
-5.639040 -0.996943 0 -9.198560 3.244450 206.176000 1492.620000 -13 763 1 0 1.000000
-1.597540 -2.863430 0 18.337900 1.871560 215.528000 1492.650000 -13 764 1 0 1.000000
4.333760 4.411660 0 -8.894430 -9.919380 202.758000 1492.620000 -13 765 1 0 1.000000
-5.147870 -2.194950 0 6.154930 -10.293900 219.309000 1492.510000 -13 766 1 0 1.000000
-0.030844 -3.330960 0 -27.418500 -4.760380 195.055000 1492.480000 -13 767 1 0 1.000000
3.779200 -9.405390 0 13.453200 -13.790400 195.006000 1492.640000 -13 768 1 0 1.000000
-3.679590 -2.492020 0 -2.291480 -0.198727 214.361000 1492.540000 -13 769 1 0 1.000000
-2.858390 -7.600590 0 9.839500 -22.813200 196.942000 1492.640000 -13 770 1 0 1.000000
-4.582790 -5.664260 0 -0.818237 -9.722540 197.609000 1492.550000 -13 771 1 0 1.000000
-2.974430 -3.276070 0 5.366600 2.874460 193.989000 1492.720000 -13 772 1 0 1.000000
-0.181481 1.705590 0 10.311300 10.241800 217.427000 1492.690000 -13 773 1 0 1.000000
0.165884 3.470340 0 -18.141000 4.630440 210.705000 1492.470000 -13 774 1 0 1.000000
2.890230 1.277900 0 -17.425100 -25.959500 194.247000 1492.870000 -13 775 1 0 1.000000
-0.374213 -8.484450 0 -5.330220 -4.644500 213.577000 1492.560000 -13 776 1 0 1.000000
-6.528840 -5.224320 0 -12.589400 2.276550 215.953000 1492.570000 -13 777 1 0 1.000000
-4.339810 -2.178490 0 -7.790380 -2.089280 200.315000 1492.510000 -13 778 1 0 1.000000
0.952640 -3.752370 0 7.277190 1.548460 203.736000 1492.440000 -13 779 1 0 1.000000
-4.850800 -4.521350 0 -6.975340 -7.920440 213.075000 1492.450000 -13 780 1 0 1.000000
-2.844720 2.188810 0 9.228530 13.845700 197.515000 1492.510000 -13 781 1 0 1.000000
-6.047800 -4.099040 0 -30.236200 2.993560 214.466000 1492.630000 -13 782 1 0 1.000000
-4.248130 -0.414201 0 -12.334500 -16.845900 196.572000 1492.510000 -13 783 1 0 1.000000
-0.153448 3.394880 0 -4.120310 -19.926100 203.508000 1492.640000 -13 784 1 0 1.000000
-0.964821 -7.107330 0 14.412800 -1.164840 214.544000 1492.620000 -13 785 1 0 1.000000
-2.019610 -4.550670 0 23.382300 8.497310 197.867000 1492.580000 -13 786 1 0 1.000000
-0.681351 -4.321550 0 -17.884200 5.787130 202.535000 1492.850000 -13 787 1 0 1.000000
-1.677310 -0.718696 0 -13.308800 -0.942225 199.849000 1492.590000 -13 788 1 0 1.000000
-1.693920 -0.838780 0 -12.134400 8.205440 189.862000 1492.630000 -13 789 1 0 1.000000
0.429936 -5.069530 0 -0.927192 -6.097580 211.665000 1492.560000 -13 790 1 0 1.000000
-1.532370 -6.597080 0 19.707800 -20.144800 211.749000 1492.650000 -13 791 1 0 1.000000
4.789780 -4.913030 0 6.070710 -18.546500 214.703000 1492.650000 -13 792 1 0 1.000000
-3.550810 -7.299960 0 9.158530 -3.116340 195.017000 1492.580000 -13 793 1 0 1.000000
-1.644880 -6.801910 0 2.661380 -7.581810 217.885000 1492.710000 -13 794 1 0 1.000000
-9.252740 -2.013160 0 -2.726190 -23.480200 202.170000 1492.590000 -13 795 1 0 1.000000
-2.729180 -0.969396 0 -6.748320 -10.482200 203.109000 1492.660000 -13 796 1 0 1.000000
-3.084500 0.468745 0 5.436340 -5.144940 214.756000 1492.490000 -13 797 1 0 1.000000
-5.140050 -2.732520 0 10.161400 13.120300 197.483000 1492.770000 -13 798 1 0 1.000000
-4.808990 -3.237420 0 -17.229300 0.040333 225.952000 1492.600000 -13 799 1 0 1.000000
0.248083 -2.888650 0 -7.972430 6.230520 204.836000 1492.650000 -13 800 1 0 1.000000
-5.316910 -5.441470 0 -6.142260 -7.749420 206.311000 1492.580000 -13 801 1 0 1.000000
-0.112427 -1.223940 0 -6.262960 -3.770180 193.414000 1492.580000 -13 802 1 0 1.000000
-2.148950 5.291270 0 -4.649930 -9.552640 195.770000 1492.470000 -13 803 1 0 1.000000
-4.428610 0.291135 0 -16.082700 -3.924330 211.351000 1492.620000 -13 804 1 0 1.000000
-4.655270 -2.364000 0 2.040290 6.918820 210.646000 1492.630000 -13 805 1 0 1.000000
0.991582 -2.248010 0 -20.784000 11.459700 213.048000 1492.640000 -13 806 1 0 1.000000
-2.508440 -8.602450 0 6.587970 -24.418100 215.693000 1492.430000 -13 807 1 0 1.000000
-6.486350 -2.971570 0 6.510860 -29.875100 198.898000 1492.630000 -13 808 1 0 1.000000
-0.617191 3.205980 0 -26.298700 -12.242100 218.845000 1492.570000 -13 809 1 0 1.000000
-2.300620 -1.303240 0 -5.842650 -12.697500 208.439000 1492.670000 -13 810 1 0 1.000000
-5.045320 -5.306710 0 10.204800 -6.559570 220.168000 1492.720000 -13 811 1 0 1.000000
-2.852660 -5.371080 0 4.343330 4.878870 198.841000 1492.760000 -13 812 1 0 1.000000
-4.445680 -4.157730 0 1.994330 -24.218200 204.003000 1492.610000 -13 813 1 0 1.000000
-2.409400 -2.218480 0 -5.557180 9.340080 193.239000 1492.600000 -13 814 1 0 1.000000
-9.982720 -0.998053 0 -19.618400 -11.707200 210.581000 1492.680000 -13 815 1 0 1.000000
-0.716527 -3.459000 0 -4.925820 1.796170 221.757000 1492.730000 -13 816 1 0 1.000000
-8.638890 1.390060 0 4.552730 -2.826690 218.593000 1492.610000 -13 817 1 0 1.000000
-1.011670 -3.287780 0 3.866110 -15.385100 197.566000 1492.760000 -13 818 1 0 1.000000
3.238710 3.155290 0 18.593800 -3.104390 210.503000 1492.430000 -13 819 1 0 1.000000
2.944150 -1.243240 0 6.186600 12.324800 210.174000 1492.550000 -13 820 1 0 1.000000
2.106000 -2.301850 0 -3.821130 12.090000 211.031000 1492.460000 -13 821 1 0 1.000000
-5.599030 4.296840 0 4.274710 -12.343200 217.729000 1492.610000 -13 822 1 0 1.000000
-1.950360 -2.034010 0 -5.129580 4.839830 193.964000 1492.490000 -13 823 1 0 1.000000
-2.490050 5.385720 0 -14.640100 -4.505040 207.228000 1492.720000 -13 824 1 0 1.000000
-4.191410 -1.703150 0 14.494400 -11.074100 187.852000 1492.650000 -13 825 1 0 1.000000
-2.772270 -2.462150 0 11.549100 30.158500 214.432000 1492.670000 -13 826 1 0 1.000000
-4.602670 -2.126490 0 3.398550 30.690000 197.241000 1492.570000 -13 827 1 0 1.000000
-7.476590 -5.144950 0 3.521040 -0.147101 190.933000 1492.580000 -13 828 1 0 1.000000
-1.848770 -5.079050 0 2.461020 -30.433800 207.003000 1492.710000 -13 829 1 0 1.000000
-6.007250 -3.091640 0 -0.221976 -2.789870 205.286000 1492.640000 -13 830 1 0 1.000000
-4.503370 3.495670 0 1.776820 -11.194900 194.855000 1492.570000 -13 831 1 0 1.000000
3.041120 -7.021090 0 -3.577470 14.825600 193.527000 1492.620000 -13 832 1 0 1.000000
2.349630 0.114019 0 -1.293660 5.182180 199.202000 1492.570000 -13 833 1 0 1.000000
-0.058944 -2.880940 0 -8.088650 9.153240 219.926000 1492.720000 -13 834 1 0 1.000000
-1.819390 0.517765 0 -13.650500 2.622010 206.388000 1492.500000 -13 835 1 0 1.000000
-1.270310 -6.815470 0 5.155130 -6.725480 208.475000 1492.730000 -13 836 1 0 1.000000
3.363440 1.468270 0 -27.810300 8.283310 208.649000 1492.670000 -13 837 1 0 1.000000
0.253472 -1.106070 0 -9.236720 -7.130180 204.815000 1492.530000 -13 838 1 0 1.000000
0.778421 6.899280 0 -15.694100 2.131950 209.213000 1492.690000 -13 839 1 0 1.000000
-0.879500 -7.971890 0 6.050010 -7.637980 210.501000 1492.520000 -13 840 1 0 1.000000
-4.618150 -5.030730 0 3.797730 28.001200 217.078000 1492.530000 -13 841 1 0 1.000000
0.150893 3.066870 0 -0.124159 14.980200 212.240000 1492.530000 -13 842 1 0 1.000000
0.535275 -4.340680 0 2.267100 19.077600 208.180000 1492.680000 -13 843 1 0 1.000000
-0.567005 -0.114450 0 1.095410 -12.480100 204.184000 1492.560000 -13 844 1 0 1.000000
-0.364309 0.737582 0 -7.095450 -31.507600 196.276000 1492.670000 -13 845 1 0 1.000000
-3.929340 -3.522690 0 12.540500 -10.530800 193.348000 1492.520000 -13 846 1 0 1.000000
1.331590 -3.620660 0 -7.931050 21.159800 213.868000 1492.590000 -13 847 1 0 1.000000
-0.782475 -0.774537 0 2.454720 3.225360 220.457000 1492.600000 -13 848 1 0 1.000000
-3.351500 -2.213020 0 3.730400 -11.121400 212.182000 1492.580000 -13 849 1 0 1.000000
-0.947685 -2.342900 0 -1.316700 6.603340 204.758000 1492.590000 -13 850 1 0 1.000000
2.846150 -5.670440 0 -3.700540 5.836140 208.285000 1492.590000 -13 851 1 0 1.000000
-1.524710 3.872100 0 -14.217100 1.733550 219.295000 1492.470000 -13 852 1 0 1.000000
2.906650 -3.517810 0 -5.245550 6.997070 214.285000 1492.680000 -13 853 1 0 1.000000
2.987120 -5.630630 0 -14.769600 3.429770 220.671000 1492.500000 -13 854 1 0 1.000000
0.239653 -1.546710 0 2.912440 -5.322280 203.282000 1492.490000 -13 855 1 0 1.000000
-3.496170 -4.191400 0 -8.954410 17.804400 205.544000 1492.640000 -13 856 1 0 1.000000
0.543147 -3.235530 0 -21.638000 -16.712100 215.528000 1492.530000 -13 857 1 0 1.000000
-1.036090 0.199934 0 19.168800 2.251550 214.902000 1492.580000 -13 858 1 0 1.000000
-1.580270 1.524030 0 -18.048400 -22.332300 201.580000 1492.720000 -13 859 1 0 1.000000
5.022910 1.365310 0 -7.239530 -6.489300 199.612000 1492.540000 -13 860 1 0 1.000000
-8.369620 -4.853230 0 1.109950 7.662920 204.528000 1492.730000 -13 861 1 0 1.000000
-4.062670 -6.800910 0 -42.432700 3.509720 220.948000 1492.640000 -13 862 1 0 1.000000
0.136610 -2.984330 0 6.567030 0.118970 208.720000 1492.550000 -13 863 1 0 1.000000
0.129574 2.412970 0 6.240440 2.869690 203.708000 1492.620000 -13 864 1 0 1.000000
-6.028140 -1.004290 0 -13.160400 9.390650 210.901000 1492.580000 -13 865 1 0 1.000000
-1.599480 -5.995000 0 -15.344900 -20.516400 212.560000 1492.600000 -13 866 1 0 1.000000
-4.239700 -2.994870 0 0.666861 16.217500 209.262000 1492.520000 -13 867 1 0 1.000000
-1.373340 -3.660330 0 22.374100 -20.448900 211.164000 1492.560000 -13 868 1 0 1.000000
-4.461990 -0.509363 0 -10.662200 9.940110 200.303000 1492.730000 -13 869 1 0 1.000000
-3.750010 -4.399660 0 11.612200 20.116900 213.539000 1492.780000 -13 870 1 0 1.000000
-2.435330 -0.854313 0 2.050300 8.637610 204.696000 1492.590000 -13 871 1 0 1.000000
-1.236240 -5.062570 0 30.807200 4.810670 204.767000 1492.520000 -13 872 1 0 1.000000
-2.761160 1.534440 0 1.204450 -8.684320 197.926000 1492.590000 -13 873 1 0 1.000000
-1.153030 -6.183680 0 -1.830120 7.785450 217.397000 1492.550000 -13 874 1 0 1.000000
-5.616360 1.930700 0 -1.958050 7.372420 189.024000 1492.570000 -13 875 1 0 1.000000
1.451260 -2.173440 0 16.067900 -5.866240 187.360000 1492.770000 -13 876 1 0 1.000000
-3.851570 -3.277560 0 2.341720 -11.591800 206.237000 1492.780000 -13 877 1 0 1.000000
1.082570 -4.552070 0 -22.217500 12.200900 218.676000 1492.770000 -13 878 1 0 1.000000
-0.270625 7.224170 0 2.868140 -4.520490 212.311000 1492.660000 -13 879 1 0 1.000000
3.252740 1.241740 0 -2.260310 -6.856100 207.168000 1492.570000 -13 880 1 0 1.000000
-2.413840 -2.121660 0 1.256930 -7.347810 211.889000 1492.620000 -13 881 1 0 1.000000
-4.246520 -2.137030 0 1.618590 2.063850 217.295000 1492.530000 -13 882 1 0 1.000000
-4.124950 -4.627200 0 -23.760900 -8.229130 197.923000 1492.560000 -13 883 1 0 1.000000
3.065780 -5.448750 0 5.156230 13.774000 210.985000 1492.660000 -13 884 1 0 1.000000
-0.262227 -2.925160 0 -3.841110 1.535710 220.136000 1492.570000 -13 885 1 0 1.000000
-2.497360 -5.833370 0 2.250730 -7.401910 186.178000 1492.480000 -13 886 1 0 1.000000
-2.878050 -4.673770 0 3.520970 -11.834000 210.391000 1492.770000 -13 887 1 0 1.000000
0.031893 -4.975260 0 -0.251836 11.298100 192.686000 1492.600000 -13 888 1 0 1.000000
-3.042100 -6.809300 0 36.494300 -28.916100 212.831000 1492.510000 -13 889 1 0 1.000000
-2.267190 -4.400950 0 -13.874800 -7.775130 208.320000 1492.640000 -13 890 1 0 1.000000
-3.022770 -11.683400 0 11.981300 -5.713140 195.010000 1492.550000 -13 891 1 0 1.000000
0.781985 -0.366706 0 2.442010 -3.004740 204.733000 1492.690000 -13 892 1 0 1.000000
1.118320 -2.029310 0 7.471960 3.744400 198.974000 1492.740000 -13 893 1 0 1.000000
-2.662410 -6.080930 0 -7.538460 4.335250 194.270000 1492.430000 -13 894 1 0 1.000000
-1.237390 1.383640 0 -4.115360 -5.077450 227.708000 1492.620000 -13 895 1 0 1.000000
-7.012180 0.147508 0 12.464000 -3.351100 205.692000 1492.570000 -13 896 1 0 1.000000
-6.927030 -9.990310 0 14.113200 2.496850 219.703000 1492.710000 -13 897 1 0 1.000000
-5.399140 -4.054030 0 0.446443 19.614500 209.019000 1492.660000 -13 898 1 0 1.000000
2.373790 -2.621430 0 19.129000 2.385830 207.696000 1492.610000 -13 899 1 0 1.000000
-0.558845 -2.874600 0 8.257510 -0.558144 212.182000 1492.650000 -13 900 1 0 1.000000
-8.511160 -4.930990 0 33.501200 -34.338700 211.353000 1492.560000 -13 901 1 0 1.000000
-3.329670 -2.638190 0 7.346140 -1.836400 210.546000 1492.630000 -13 902 1 0 1.000000
-1.967320 -4.187520 0 12.659400 -6.356110 197.975000 1492.600000 -13 903 1 0 1.000000
-3.014250 5.071090 0 -4.389870 10.660400 197.661000 1492.600000 -13 904 1 0 1.000000
4.209120 -3.691130 0 -0.286774 -0.845865 202.825000 1492.720000 -13 905 1 0 1.000000
-0.212610 -2.088840 0 -12.862000 -3.685450 217.196000 1492.630000 -13 906 1 0 1.000000
-7.700950 3.387540 0 9.305770 -25.727700 222.688000 1492.660000 -13 907 1 0 1.000000
-2.205980 -0.562155 0 -1.968060 -1.661700 209.645000 1492.760000 -13 908 1 0 1.000000
-1.526400 -6.670690 0 11.508700 3.149860 214.993000 1492.740000 -13 909 1 0 1.000000
-7.942710 1.354270 0 -4.221110 -22.860000 201.249000 1492.650000 -13 910 1 0 1.000000
-5.763480 0.899733 0 -13.861000 -16.985700 196.106000 1492.740000 -13 911 1 0 1.000000
-5.240450 -7.695200 0 1.325520 11.144300 198.734000 1492.780000 -13 912 1 0 1.000000
-7.421070 4.676540 0 5.532140 0.947604 207.276000 1492.710000 -13 913 1 0 1.000000
-6.188690 -1.996500 0 -6.462630 11.719900 203.652000 1492.460000 -13 914 1 0 1.000000
-5.296110 -6.336920 0 16.592400 7.026450 191.456000 1492.660000 -13 915 1 0 1.000000
-0.912403 -0.108915 0 6.608810 -2.466630 199.312000 1492.650000 -13 916 1 0 1.000000
-4.489760 -3.734390 0 29.833300 -0.693262 217.822000 1492.730000 -13 917 1 0 1.000000
-3.876660 -4.357220 0 -15.731800 1.402430 194.663000 1492.480000 -13 918 1 0 1.000000
-2.457140 4.792490 0 -9.466680 0.966043 213.437000 1492.720000 -13 919 1 0 1.000000
0.202656 4.668000 0 9.066960 6.077120 197.642000 1492.570000 -13 920 1 0 1.000000
1.323180 3.664510 0 -6.324500 14.636300 204.305000 1492.670000 -13 921 1 0 1.000000
0.756478 -4.651260 0 5.068540 8.517120 216.924000 1492.590000 -13 922 1 0 1.000000
-4.507180 -7.160200 0 -12.205600 -14.997600 209.266000 1492.500000 -13 923 1 0 1.000000
-4.915340 -0.637916 0 5.778880 -3.618970 221.944000 1492.660000 -13 924 1 0 1.000000
-3.182550 -6.348380 0 10.115000 -7.502910 210.064000 1492.510000 -13 925 1 0 1.000000
-2.385400 -0.795144 0 -16.243600 15.052300 222.697000 1492.660000 -13 926 1 0 1.000000
0.064514 -4.508380 0 -10.583300 2.979360 205.303000 1492.640000 -13 927 1 0 1.000000
0.646786 -5.036630 0 18.383000 1.664350 195.740000 1492.750000 -13 928 1 0 1.000000
-4.230590 -4.853010 0 12.108200 4.054270 214.728000 1492.650000 -13 929 1 0 1.000000
-2.913140 6.497150 0 -18.167900 4.021740 221.116000 1492.660000 -13 930 1 0 1.000000
0.365986 -0.815855 0 3.627260 0.114489 196.489000 1492.520000 -13 931 1 0 1.000000
1.577340 -3.774240 0 3.630590 -8.360500 205.560000 1492.540000 -13 932 1 0 1.000000
0.134020 -2.641910 0 7.548260 2.638470 221.133000 1492.640000 -13 933 1 0 1.000000
-1.766980 -6.029040 0 15.843800 11.499700 218.588000 1492.560000 -13 934 1 0 1.000000
1.770920 -3.109100 0 -35.280300 13.475100 214.770000 1492.560000 -13 935 1 0 1.000000
1.683760 -1.049220 0 1.978920 -14.708900 192.880000 1492.440000 -13 936 1 0 1.000000
-0.154149 -7.350890 0 -3.446640 -4.665560 195.593000 1492.550000 -13 937 1 0 1.000000
0.841814 -1.547150 0 -28.417900 -0.719320 216.355000 1492.580000 -13 938 1 0 1.000000
-4.236790 0.817270 0 -11.470000 11.120900 210.700000 1492.730000 -13 939 1 0 1.000000
-3.892230 -2.542650 0 11.321000 -9.606770 220.308000 1492.740000 -13 940 1 0 1.000000
-4.195440 -1.444140 0 -17.070600 -7.432520 217.935000 1492.560000 -13 941 1 0 1.000000
-5.324380 -0.715358 0 -11.922300 10.470400 214.676000 1492.570000 -13 942 1 0 1.000000
0.673652 1.602450 0 6.703420 22.533600 199.834000 1492.760000 -13 943 1 0 1.000000
-0.012611 -1.564790 0 9.931810 -4.222850 224.615000 1492.460000 -13 944 1 0 1.000000
4.291650 -4.998170 0 18.986100 13.606500 194.266000 1492.560000 -13 945 1 0 1.000000
-0.250185 -0.148478 0 0.840488 -24.439900 194.503000 1492.750000 -13 946 1 0 1.000000
0.246252 0.134817 0 -4.623710 -6.478140 201.267000 1492.650000 -13 947 1 0 1.000000
-3.742900 -0.706069 0 -3.617810 -4.223050 207.553000 1492.700000 -13 948 1 0 1.000000
-3.383520 -1.785620 0 -12.378200 -10.497500 212.984000 1492.530000 -13 949 1 0 1.000000
-0.373552 -4.547120 0 -3.660880 -11.865400 211.796000 1492.600000 -13 950 1 0 1.000000
-2.802010 -2.881370 0 -5.176700 9.537800 212.533000 1492.610000 -13 951 1 0 1.000000
-0.902835 -2.478350 0 10.984400 12.987500 199.051000 1492.520000 -13 952 1 0 1.000000
1.730640 2.978600 0 -12.811100 -6.197320 199.109000 1492.550000 -13 953 1 0 1.000000
-5.981650 -4.727460 0 -40.111900 6.894190 213.543000 1492.650000 -13 954 1 0 1.000000
-4.411310 1.765480 0 9.156480 -1.461490 220.101000 1492.660000 -13 955 1 0 1.000000
-1.631530 -1.442090 0 -5.698610 9.585320 217.304000 1492.700000 -13 956 1 0 1.000000
0.111064 2.998670 0 3.340540 -12.025900 195.505000 1492.470000 -13 957 1 0 1.000000
5.942760 -3.791770 0 -24.515200 2.537830 205.615000 1492.670000 -13 958 1 0 1.000000
-0.548249 -5.551060 0 -9.262280 28.571100 209.485000 1492.580000 -13 959 1 0 1.000000
-8.259050 -9.528900 0 10.018400 -21.746000 201.157000 1492.530000 -13 960 1 0 1.000000
2.041960 -4.304270 0 21.929300 -5.499550 192.778000 1492.470000 -13 961 1 0 1.000000
5.983500 -5.449960 0 -31.888600 -6.195880 199.282000 1492.700000 -13 962 1 0 1.000000
2.519930 1.899520 0 -43.447400 -14.751300 216.741000 1492.600000 -13 963 1 0 1.000000
-0.972205 1.904660 0 7.754390 -8.539350 200.102000 1492.650000 -13 964 1 0 1.000000
-2.588220 -12.652900 0 -12.054800 10.161000 211.341000 1492.680000 -13 965 1 0 1.000000
-3.409510 -3.116640 0 19.167800 -3.722240 199.509000 1492.560000 -13 966 1 0 1.000000
-3.635880 -2.447640 0 16.062900 -22.817000 222.337000 1492.650000 -13 967 1 0 1.000000
1.132740 -2.606440 0 -17.629600 5.972370 188.767000 1492.450000 -13 968 1 0 1.000000
-3.259460 -8.828910 0 9.509120 -17.803200 204.983000 1492.630000 -13 969 1 0 1.000000
0.008416 -1.414360 0 -9.470420 -0.178815 190.610000 1492.490000 -13 970 1 0 1.000000
-2.232700 0.603865 0 -19.764300 -32.863000 215.303000 1492.610000 -13 971 1 0 1.000000
-8.292600 -5.449340 0 12.430700 -1.359510 217.274000 1492.590000 -13 972 1 0 1.000000
-3.070460 3.863550 0 5.506980 -6.030110 187.971000 1492.640000 -13 973 1 0 1.000000
-1.011230 0.103936 0 -11.483600 1.540270 213.697000 1492.620000 -13 974 1 0 1.000000
-4.266520 -0.533872 0 -1.209390 2.981900 184.733000 1492.620000 -13 975 1 0 1.000000
-6.806140 3.752430 0 0.795082 -2.500760 210.016000 1492.600000 -13 976 1 0 1.000000
1.408340 -1.735540 0 -1.055060 10.348700 203.005000 1492.530000 -13 977 1 0 1.000000
-3.517080 -9.482180 0 10.901500 -12.932900 208.884000 1492.580000 -13 978 1 0 1.000000
-3.154640 -7.198360 0 6.210260 -10.846400 224.576000 1492.640000 -13 979 1 0 1.000000
-8.489970 0.088490 0 3.851440 -5.147870 196.616000 1492.660000 -13 980 1 0 1.000000
4.009010 -3.527510 0 5.531490 15.494700 190.759000 1492.560000 -13 981 1 0 1.000000
-8.605510 0.515173 0 3.832170 -1.176390 211.829000 1492.610000 -13 982 1 0 1.000000
-1.095710 -5.968180 0 -8.096090 14.714400 218.187000 1492.670000 -13 983 1 0 1.000000
-1.097920 -1.403720 0 -1.404670 -11.503200 214.349000 1492.570000 -13 984 1 0 1.000000
2.365040 -3.025030 0 3.111760 -3.971440 194.813000 1492.690000 -13 985 1 0 1.000000
-3.639780 -3.459600 0 15.407200 -16.238700 214.054000 1492.560000 -13 986 1 0 1.000000
-1.170360 -0.407138 0 6.594210 -1.964500 201.827000 1492.560000 -13 987 1 0 1.000000
4.926040 -6.999780 0 -0.464051 9.817520 201.203000 1492.450000 -13 988 1 0 1.000000
-2.961880 -1.965470 0 -12.653600 -5.786140 225.965000 1492.680000 -13 989 1 0 1.000000
-1.989950 -4.849740 0 -0.673102 0.324478 205.130000 1492.490000 -13 990 1 0 1.000000
-0.911045 -6.495850 0 8.898050 7.695890 201.038000 1492.510000 -13 991 1 0 1.000000
0.608600 3.495370 0 -5.502670 -3.308040 189.988000 1492.640000 -13 992 1 0 1.000000
-1.063220 -2.960050 0 -4.401590 -10.413900 210.275000 1492.710000 -13 993 1 0 1.000000
-2.844360 -3.040710 0 4.997580 -29.225100 216.649000 1492.600000 -13 994 1 0 1.000000
-3.226830 -1.532970 0 4.135980 -19.056000 195.530000 1492.530000 -13 995 1 0 1.000000
-4.239060 -1.386460 0 -20.573500 12.336400 191.607000 1492.550000 -13 996 1 0 1.000000
-4.015560 -1.662790 0 2.855040 11.592500 217.558000 1492.540000 -13 997 1 0 1.000000
3.715460 -2.847260 0 -13.764000 9.033290 188.210000 1492.580000 -13 998 1 0 1.000000
-1.988070 -7.457980 0 0.713081 10.009600 196.341000 1492.620000 -13 999 1 0 1.000000
-2.583250 -0.939772 0 -3.382010 -2.818770 199.354000 1492.570000 -13 1000 1 0 1.000000
-1.838850 0.141964 0 23.353400 1.606440 208.126000 1492.620000 -13 1001 1 0 1.000000
0.902762 -1.443640 0 -2.821800 5.210660 219.215000 1492.490000 -13 1002 1 0 1.000000
-0.033607 -4.979600 0 -10.979800 -8.921720 216.886000 1492.610000 -13 1003 1 0 1.000000
-7.231360 -5.745910 0 19.069900 -15.178200 194.807000 1492.610000 -13 1004 1 0 1.000000
-0.580670 -2.316000 0 -0.533509 -0.574629 200.619000 1492.610000 -13 1005 1 0 1.000000
-5.735510 2.713360 0 -18.178800 5.614960 214.334000 1492.620000 -13 1006 1 0 1.000000
-0.060839 1.485030 0 -14.080700 -0.639486 209.049000 1492.620000 -13 1007 1 0 1.000000
3.107130 -5.166320 0 6.381120 16.186700 210.737000 1492.510000 -13 1008 1 0 1.000000
-0.198636 -1.137800 0 -11.337000 -7.799340 193.080000 1492.500000 -13 1009 1 0 1.000000
0.926477 -1.115670 0 11.456100 4.301970 207.560000 1492.630000 -13 1010 1 0 1.000000
-2.846170 0.338150 0 -1.469090 -10.423100 201.139000 1492.560000 -13 1011 1 0 1.000000
0.620001 1.177230 0 -25.545500 4.149860 218.392000 1492.660000 -13 1012 1 0 1.000000
2.527230 -3.410730 0 -14.052600 -6.108700 220.204000 1492.600000 -13 1013 1 0 1.000000
2.895870 0.258174 0 -12.034900 10.254600 227.940000 1492.620000 -13 1014 1 0 1.000000
-4.963150 -3.607040 0 -13.921800 -8.290970 205.289000 1492.720000 -13 1015 1 0 1.000000
-1.832960 -1.815420 0 -2.171720 -8.608910 204.632000 1492.600000 -13 1016 1 0 1.000000
-1.445160 -5.244830 0 36.441200 -12.057900 206.989000 1492.660000 -13 1017 1 0 1.000000
-3.857380 1.015430 0 7.877360 -10.522300 214.007000 1492.530000 -13 1018 1 0 1.000000
-0.767301 -0.014908 0 -18.020800 -16.119000 222.712000 1492.580000 -13 1019 1 0 1.000000
-0.904311 -1.670640 0 -7.265030 9.897230 203.856000 1492.620000 -13 1020 1 0 1.000000
-8.235650 -6.812420 0 -13.007600 12.453000 199.377000 1492.710000 -13 1021 1 0 1.000000
-5.185180 -1.117380 0 -14.027700 28.365100 223.553000 1492.610000 -13 1022 1 0 1.000000
-8.037180 -6.720020 0 -0.982036 -3.373810 215.150000 1492.690000 -13 1023 1 0 1.000000
-0.801847 -2.559230 0 -3.851330 -20.347500 227.388000 1492.650000 -13 1024 1 0 1.000000
-3.834320 -8.251800 0 -9.761960 8.516500 206.957000 1492.490000 -13 1025 1 0 1.000000
0.832730 1.513370 0 -27.977700 -3.536210 217.900000 1492.550000 -13 1026 1 0 1.000000
-0.381337 -3.965490 0 -2.607520 11.457700 206.112000 1492.640000 -13 1027 1 0 1.000000
-1.668690 -2.076610 0 -4.511530 14.130200 219.588000 1492.570000 -13 1028 1 0 1.000000
-0.838446 -4.788350 0 24.615200 -2.511120 211.818000 1492.590000 -13 1029 1 0 1.000000
-3.364050 1.603430 0 -25.790700 27.294800 198.081000 1492.620000 -13 1030 1 0 1.000000
-1.434800 0.006251 0 -12.363800 -3.450120 199.231000 1492.580000 -13 1031 1 0 1.000000
-4.844530 -6.030130 0 16.987000 2.889560 196.372000 1492.610000 -13 1032 1 0 1.000000
-1.730370 -8.306470 0 -42.482900 -5.404040 215.756000 1492.600000 -13 1033 1 0 1.000000
-6.511270 -4.332930 0 3.339300 -11.422700 202.192000 1492.530000 -13 1034 1 0 1.000000
-1.277200 2.191800 0 -17.977500 0.329078 188.798000 1492.600000 -13 1035 1 0 1.000000
-0.159331 -1.763280 0 3.812070 -2.893410 198.959000 1492.540000 -13 1036 1 0 1.000000
-1.864120 -1.287550 0 -10.560800 10.612400 223.099000 1492.570000 -13 1037 1 0 1.000000
-5.628680 -4.518830 0 3.099130 13.379800 209.745000 1492.660000 -13 1038 1 0 1.000000
2.495590 4.704940 0 -13.269600 1.180090 210.214000 1492.660000 -13 1039 1 0 1.000000
-0.678208 -4.043520 0 -5.230620 -2.445030 206.378000 1492.590000 -13 1040 1 0 1.000000
-1.273910 -4.481530 0 -0.193194 -36.498800 200.716000 1492.640000 -13 1041 1 0 1.000000
-1.204390 1.823600 0 1.842420 1.402470 201.922000 1492.670000 -13 1042 1 0 1.000000
0.925574 -3.665190 0 -15.335200 4.854360 199.066000 1492.800000 -13 1043 1 0 1.000000
-1.630990 3.202190 0 -7.554680 13.599100 200.038000 1492.520000 -13 1044 1 0 1.000000
1.521390 -2.448710 0 -1.664260 -5.543520 216.475000 1492.780000 -13 1045 1 0 1.000000
-3.292780 5.232630 0 -8.898670 -16.035200 213.355000 1492.430000 -13 1046 1 0 1.000000
1.788180 -3.076150 0 1.759240 15.355700 208.233000 1492.510000 -13 1047 1 0 1.000000
-2.837000 0.539611 0 5.826620 3.121970 213.899000 1492.610000 -13 1048 1 0 1.000000
-2.731740 -4.410600 0 4.471740 11.705000 194.199000 1492.590000 -13 1049 1 0 1.000000
-3.076530 -2.547970 0 -2.229150 -14.737200 220.019000 1492.710000 -13 1050 1 0 1.000000
1.790690 4.341210 0 -17.126900 -10.892600 198.362000 1492.730000 -13 1051 1 0 1.000000
1.302710 6.136290 0 -5.887440 -12.836900 202.883000 1492.770000 -13 1052 1 0 1.000000
-5.801520 -4.220400 0 -32.810800 -7.184500 201.392000 1492.550000 -13 1053 1 0 1.000000
-3.905610 -3.500610 0 23.213400 2.673980 209.735000 1492.790000 -13 1054 1 0 1.000000
-2.057710 -0.002333 0 -11.097800 26.484100 193.993000 1492.540000 -13 1055 1 0 1.000000
-3.552680 3.052870 0 -19.184900 -5.881990 209.702000 1492.500000 -13 1056 1 0 1.000000
-7.740340 1.065800 0 11.350900 13.272500 201.533000 1492.640000 -13 1057 1 0 1.000000
2.128060 -3.634380 0 11.869100 11.656200 199.226000 1492.570000 -13 1058 1 0 1.000000
1.555630 -7.861500 0 -10.027300 10.689800 206.753000 1492.630000 -13 1059 1 0 1.000000
-2.110110 -2.606260 0 1.252080 8.460100 196.804000 1492.560000 -13 1060 1 0 1.000000
-3.494500 -1.921480 0 -14.795600 31.779800 218.709000 1492.560000 -13 1061 1 0 1.000000
1.414050 -4.853690 0 -14.224300 -3.046180 213.772000 1492.620000 -13 1062 1 0 1.000000
-1.580460 -2.383050 0 9.323820 19.041400 219.628000 1492.500000 -13 1063 1 0 1.000000
-3.150770 0.916605 0 -0.960749 4.132720 204.720000 1492.550000 -13 1064 1 0 1.000000
-5.209970 -1.494360 0 1.098560 -18.626000 215.175000 1492.540000 -13 1065 1 0 1.000000
0.009397 -3.121250 0 -13.229700 -10.967200 219.066000 1492.420000 -13 1066 1 0 1.000000
0.402698 -2.272660 0 1.604580 10.140900 212.638000 1492.620000 -13 1067 1 0 1.000000
-5.621930 -2.927170 0 -14.464900 -5.088700 195.129000 1492.560000 -13 1068 1 0 1.000000
-6.330910 -0.506680 0 7.638500 -2.907910 202.890000 1492.540000 -13 1069 1 0 1.000000
-0.357116 0.429013 0 9.484900 4.211960 209.482000 1492.550000 -13 1070 1 0 1.000000
0.181732 -0.576381 0 10.749300 9.519080 214.730000 1492.590000 -13 1071 1 0 1.000000
-4.879960 0.015491 0 -4.609010 27.150700 223.317000 1492.670000 -13 1072 1 0 1.000000
-1.502710 -0.010430 0 6.595240 -10.408100 219.473000 1492.510000 -13 1073 1 0 1.000000
2.928640 3.940640 0 -5.211460 -6.786260 187.642000 1492.690000 -13 1074 1 0 1.000000
-0.084490 -4.497880 0 3.371790 -17.513200 193.525000 1492.730000 -13 1075 1 0 1.000000
-2.785770 -1.365860 0 1.813050 -6.583390 203.241000 1492.610000 -13 1076 1 0 1.000000
-3.816150 -6.290340 0 -0.568315 -3.777410 202.391000 1492.600000 -13 1077 1 0 1.000000
-3.803010 -1.994580 0 3.821860 14.946300 209.556000 1492.450000 -13 1078 1 0 1.000000
-3.450880 -8.954250 0 17.653100 11.960800 206.865000 1492.460000 -13 1079 1 0 1.000000
-3.388720 -6.505210 0 -4.140950 -1.836850 212.955000 1492.640000 -13 1080 1 0 1.000000
-3.930170 -4.473280 0 -21.471300 11.216200 194.531000 1492.540000 -13 1081 1 0 1.000000
-2.896580 -0.943043 0 1.113220 5.882430 221.426000 1492.620000 -13 1082 1 0 1.000000
-6.269050 -0.768558 0 -0.080680 -2.207010 211.385000 1492.560000 -13 1083 1 0 1.000000
-3.807900 1.144690 0 11.794100 0.629631 217.037000 1492.630000 -13 1084 1 0 1.000000
-4.701190 -6.084480 0 -16.462700 6.982370 213.585000 1492.560000 -13 1085 1 0 1.000000
-7.382660 -3.364550 0 -4.206530 2.598620 212.278000 1492.630000 -13 1086 1 0 1.000000
-0.323084 -2.241910 0 -23.914200 5.079340 208.152000 1492.750000 -13 1087 1 0 1.000000
-3.469880 0.174126 0 4.548410 -32.191300 222.781000 1492.670000 -13 1088 1 0 1.000000
-1.106950 -1.621650 0 -12.316100 8.241240 226.968000 1492.550000 -13 1089 1 0 1.000000
-1.002660 -1.359800 0 -11.880900 -9.279100 205.677000 1492.650000 -13 1090 1 0 1.000000
-3.664010 -9.534470 0 -9.159800 -1.888710 193.182000 1492.630000 -13 1091 1 0 1.000000
-3.014180 -2.654620 0 6.766250 -21.097400 200.418000 1492.740000 -13 1092 1 0 1.000000
-3.924300 1.863720 0 21.381900 -10.550700 203.623000 1492.620000 -13 1093 1 0 1.000000
-1.996280 1.315450 0 -9.292840 1.093690 196.610000 1492.540000 -13 1094 1 0 1.000000
0.175739 -7.021040 0 6.194870 12.459500 206.319000 1492.460000 -13 1095 1 0 1.000000
-1.743760 0.544343 0 5.653560 -15.956800 210.395000 1492.650000 -13 1096 1 0 1.000000
1.287050 -1.107010 0 -13.063000 24.659700 217.180000 1492.600000 -13 1097 1 0 1.000000
-3.050210 0.204285 0 34.064200 -12.190800 204.865000 1492.600000 -13 1098 1 0 1.000000
-5.392630 2.309730 0 4.904210 -2.412560 216.832000 1492.690000 -13 1099 1 0 1.000000
-1.496040 0.351184 0 -15.124600 -17.365400 210.180000 1492.560000 -13 1100 1 0 1.000000
-4.913350 -0.738674 0 -16.626700 -12.046200 192.750000 1492.590000 -13 1101 1 0 1.000000
5.768080 -1.348050 0 -20.719500 -16.527200 205.813000 1492.680000 -13 1102 1 0 1.000000
-1.660620 -3.254430 0 -21.398500 5.605310 200.102000 1492.600000 -13 1103 1 0 1.000000
-3.331340 -9.729070 0 -21.867900 13.721000 208.898000 1492.630000 -13 1104 1 0 1.000000
-5.314320 1.614200 0 -23.105300 -4.992060 194.569000 1492.630000 -13 1105 1 0 1.000000
-2.806910 -5.511340 0 -18.672000 9.884810 199.306000 1492.510000 -13 1106 1 0 1.000000
0.960397 -3.551590 0 -1.284370 -2.744990 201.753000 1492.580000 -13 1107 1 0 1.000000
-1.195260 3.693920 0 7.858590 9.098490 206.850000 1492.650000 -13 1108 1 0 1.000000
-0.849400 -0.257534 0 0.728949 15.218800 205.956000 1492.510000 -13 1109 1 0 1.000000
2.563190 -0.130293 0 0.749965 19.770600 217.005000 1492.530000 -13 1110 1 0 1.000000
1.316260 0.203386 0 0.635839 -3.087320 206.803000 1492.560000 -13 1111 1 0 1.000000
-2.202180 -4.917620 0 8.519800 2.116680 210.781000 1492.600000 -13 1112 1 0 1.000000
-3.458570 -1.454370 0 5.009450 7.275820 201.284000 1492.490000 -13 1113 1 0 1.000000
-2.534060 1.575380 0 21.008500 16.014400 218.817000 1492.630000 -13 1114 1 0 1.000000
-5.312220 -1.953080 0 -4.865790 -27.633100 220.569000 1492.740000 -13 1115 1 0 1.000000
-5.603030 -3.325640 0 1.072410 -2.796670 207.517000 1492.640000 -13 1116 1 0 1.000000
-1.186860 -7.205960 0 -2.033790 17.441200 203.075000 1492.630000 -13 1117 1 0 1.000000
-2.672870 -4.839500 0 -11.327600 -3.448800 201.358000 1492.640000 -13 1118 1 0 1.000000
-3.190900 -0.275085 0 2.041420 -3.576080 218.257000 1492.620000 -13 1119 1 0 1.000000
0.233378 4.969890 0 -7.494770 0.520452 207.074000 1492.550000 -13 1120 1 0 1.000000
-0.157415 0.944343 0 5.246450 -1.191150 212.690000 1492.480000 -13 1121 1 0 1.000000
-4.334640 -6.248630 0 -10.015800 0.871873 206.071000 1492.510000 -13 1122 1 0 1.000000
-1.657250 -5.100000 0 -13.454300 26.796400 204.658000 1492.590000 -13 1123 1 0 1.000000
-2.125400 -0.201836 0 -14.349000 7.373320 185.689000 1492.620000 -13 1124 1 0 1.000000
-1.960400 6.591420 0 -23.962200 6.280310 198.608000 1492.520000 -13 1125 1 0 1.000000
4.181860 -5.598560 0 -1.052260 0.039369 203.333000 1492.510000 -13 1126 1 0 1.000000
-0.582276 -0.523961 0 1.091870 -11.038600 206.139000 1492.650000 -13 1127 1 0 1.000000
1.209070 0.454077 0 2.024600 -13.082600 205.225000 1492.570000 -13 1128 1 0 1.000000
-1.786180 -5.143250 0 5.451410 -5.989930 209.787000 1492.580000 -13 1129 1 0 1.000000
-1.076240 1.840110 0 -18.250400 -9.091420 218.616000 1492.530000 -13 1130 1 0 1.000000
-2.323280 0.295495 0 -12.031800 35.961800 213.782000 1492.590000 -13 1131 1 0 1.000000
-3.464890 -2.021810 0 0.536503 -6.329970 193.873000 1492.660000 -13 1132 1 0 1.000000
0.260746 -1.724120 0 -7.588510 -8.874430 204.615000 1492.540000 -13 1133 1 0 1.000000
-6.896330 -0.507850 0 -10.809300 -9.952000 219.177000 1492.500000 -13 1134 1 0 1.000000
-2.227040 0.977216 0 -2.242810 -8.753280 195.385000 1492.400000 -13 1135 1 0 1.000000
0.816544 0.212906 0 -1.428520 -5.940800 193.546000 1492.600000 -13 1136 1 0 1.000000
-2.069190 -0.088732 0 3.484790 9.295770 215.344000 1492.500000 -13 1137 1 0 1.000000
1.060210 -5.288500 0 -16.066700 9.048240 207.603000 1492.620000 -13 1138 1 0 1.000000
-2.331080 -2.561070 0 3.184720 6.281730 208.294000 1492.640000 -13 1139 1 0 1.000000
-2.693630 0.404438 0 3.115410 -4.427650 203.926000 1492.640000 -13 1140 1 0 1.000000
-3.584990 6.640420 0 -14.165200 3.561070 212.340000 1492.630000 -13 1141 1 0 1.000000
-1.705100 -0.249631 0 0.465021 -9.014940 198.339000 1492.510000 -13 1142 1 0 1.000000
-0.518753 2.340660 0 -12.380500 0.555393 199.732000 1492.630000 -13 1143 1 0 1.000000
0.543361 -6.081840 0 20.606000 -5.364220 197.672000 1492.560000 -13 1144 1 0 1.000000
-4.855940 -7.687900 0 15.585100 9.973100 217.391000 1492.670000 -13 1145 1 0 1.000000
1.524420 3.755590 0 -14.004400 7.863380 219.149000 1492.750000 -13 1146 1 0 1.000000
-3.106220 1.704750 0 2.375090 -18.432900 213.107000 1492.710000 -13 1147 1 0 1.000000
-5.410400 -5.539190 0 18.429400 13.664700 215.175000 1492.690000 -13 1148 1 0 1.000000
1.660160 -5.632440 0 16.088700 -12.111900 204.639000 1492.470000 -13 1149 1 0 1.000000
3.709520 2.262670 0 -18.397800 -6.972620 200.473000 1492.640000 -13 1150 1 0 1.000000
-2.579090 -1.066300 0 4.577910 19.004700 215.731000 1492.540000 -13 1151 1 0 1.000000
2.553860 -0.311261 0 12.552000 8.190380 190.909000 1492.550000 -13 1152 1 0 1.000000
-0.639513 1.807440 0 -14.126100 -8.063050 214.290000 1492.740000 -13 1153 1 0 1.000000
-2.977920 -4.602280 0 8.647480 13.434400 208.069000 1492.520000 -13 1154 1 0 1.000000
-6.115490 -3.583210 0 17.966300 -0.985704 209.153000 1492.420000 -13 1155 1 0 1.000000
-6.473910 -2.126160 0 -19.075100 -15.606400 224.612000 1492.500000 -13 1156 1 0 1.000000
-3.171960 -0.205823 0 21.342600 23.574300 201.134000 1492.570000 -13 1157 1 0 1.000000
-4.674610 -8.691560 0 -7.725800 -15.076400 213.689000 1492.540000 -13 1158 1 0 1.000000
-0.344913 -4.264020 0 -19.736700 -22.444800 186.745000 1492.670000 -13 1159 1 0 1.000000
-3.770710 0.583947 0 -6.886430 -12.628500 200.081000 1492.760000 -13 1160 1 0 1.000000
-6.202550 -0.832328 0 25.881200 -3.383510 208.979000 1492.590000 -13 1161 1 0 1.000000
3.885850 -4.587000 0 -1.727040 11.379300 205.361000 1492.660000 -13 1162 1 0 1.000000
-1.956000 -1.161530 0 -6.525980 15.636200 211.479000 1492.490000 -13 1163 1 0 1.000000
-2.376890 -1.412250 0 -4.631240 -0.701619 221.441000 1492.640000 -13 1164 1 0 1.000000
-2.258680 -1.926590 0 4.712570 3.232630 216.619000 1492.740000 -13 1165 1 0 1.000000
2.048160 -8.611820 0 3.501360 7.189230 189.859000 1492.550000 -13 1166 1 0 1.000000
-3.557380 -5.539560 0 32.871400 -4.425970 214.965000 1492.750000 -13 1167 1 0 1.000000
-0.063493 -0.865726 0 -23.699800 -8.441910 204.670000 1492.710000 -13 1168 1 0 1.000000
-0.324955 1.543320 0 20.756900 11.237600 188.909000 1492.560000 -13 1169 1 0 1.000000
0.720494 -1.981550 0 -8.894680 -3.101120 207.246000 1492.650000 -13 1170 1 0 1.000000
-2.633370 -2.375740 0 -20.557800 -28.995200 220.408000 1492.670000 -13 1171 1 0 1.000000
-2.919200 0.061273 0 -4.523630 -17.523900 188.109000 1492.600000 -13 1172 1 0 1.000000
-1.091490 -7.604950 0 -3.234690 -27.245100 201.893000 1492.540000 -13 1173 1 0 1.000000
-3.237280 -1.327500 0 -12.753800 -0.847882 208.553000 1492.680000 -13 1174 1 0 1.000000
0.505608 1.977800 0 -19.311500 8.490150 206.897000 1492.540000 -13 1175 1 0 1.000000
-2.706020 -5.053750 0 9.381640 -9.220050 200.318000 1492.560000 -13 1176 1 0 1.000000
-4.520940 0.336375 0 30.701000 -23.564100 211.351000 1492.550000 -13 1177 1 0 1.000000
-1.331240 -1.164550 0 9.498820 -14.560900 218.302000 1492.520000 -13 1178 1 0 1.000000
1.688770 -0.628746 0 -9.807030 5.554700 198.331000 1492.530000 -13 1179 1 0 1.000000
6.284740 -4.405600 0 -1.590430 -26.131400 197.995000 1492.620000 -13 1180 1 0 1.000000
-0.316271 0.381635 0 20.781200 12.311900 212.849000 1492.550000 -13 1181 1 0 1.000000
-1.837040 -3.384670 0 2.232790 3.800210 200.172000 1492.630000 -13 1182 1 0 1.000000
2.720990 -1.512300 0 9.455420 8.727340 196.040000 1492.700000 -13 1183 1 0 1.000000
-0.780288 3.471460 0 -20.757500 2.957930 206.225000 1492.610000 -13 1184 1 0 1.000000
-1.668350 -0.507011 0 -4.227840 16.190400 215.816000 1492.510000 -13 1185 1 0 1.000000
-0.603745 -2.492120 0 -5.830550 -3.338850 204.042000 1492.660000 -13 1186 1 0 1.000000
-1.614020 -3.676930 0 7.399140 9.610810 186.624000 1492.540000 -13 1187 1 0 1.000000
-4.427400 -0.847361 0 10.124300 -7.462850 219.643000 1492.540000 -13 1188 1 0 1.000000
-0.624902 -2.016090 0 1.710880 -4.853810 206.233000 1492.560000 -13 1189 1 0 1.000000
0.158552 0.373534 0 -1.434460 -11.145900 200.212000 1492.510000 -13 1190 1 0 1.000000
-3.436730 -6.773150 0 -5.688830 4.160740 215.398000 1492.630000 -13 1191 1 0 1.000000
0.066216 -0.616134 0 -4.527550 3.236290 210.035000 1492.640000 -13 1192 1 0 1.000000
-0.556117 -3.576480 0 -25.809300 -15.522100 218.167000 1492.520000 -13 1193 1 0 1.000000
-7.474710 -4.073830 0 14.701800 -12.334900 212.167000 1492.750000 -13 1194 1 0 1.000000
-3.857930 1.767330 0 3.823930 8.311630 215.613000 1492.650000 -13 1195 1 0 1.000000
1.699650 -3.148760 0 -7.416230 0.046650 209.863000 1492.540000 -13 1196 1 0 1.000000
-2.069030 -0.245194 0 -6.482510 -26.235100 212.176000 1492.570000 -13 1197 1 0 1.000000
-0.047700 -5.228590 0 -3.581580 10.901800 205.444000 1492.700000 -13 1198 1 0 1.000000
-0.263709 -0.765015 0 6.087490 24.040600 187.754000 1492.730000 -13 1199 1 0 1.000000
0.200032 -3.464230 0 4.020570 -10.713100 196.716000 1492.700000 -13 1200 1 0 1.000000
-2.063490 1.074980 0 7.700160 4.037370 190.880000 1492.480000 -13 1201 1 0 1.000000
0.218002 1.474890 0 -10.511600 -28.174800 192.740000 1492.620000 -13 1202 1 0 1.000000
-5.666250 -0.798165 0 1.852250 -32.017500 214.790000 1492.570000 -13 1203 1 0 1.000000
-1.311000 0.836516 0 -2.863350 -20.748200 221.366000 1492.670000 -13 1204 1 0 1.000000
0.161002 2.220460 0 -19.825600 -9.468510 189.292000 1492.520000 -13 1205 1 0 1.000000
-0.856154 -3.441400 0 8.664600 -21.400300 213.874000 1492.540000 -13 1206 1 0 1.000000
-5.126960 -2.916500 0 -11.810800 3.636400 211.366000 1492.540000 -13 1207 1 0 1.000000
-4.692220 -2.719160 0 -11.213800 1.488630 207.701000 1492.640000 -13 1208 1 0 1.000000
-3.988560 -6.187320 0 -0.874090 14.149700 207.942000 1492.490000 -13 1209 1 0 1.000000
0.912560 0.489877 0 10.467500 -5.184330 197.501000 1492.690000 -13 1210 1 0 1.000000
-0.506418 -6.575760 0 -4.460090 -5.615240 218.228000 1492.460000 -13 1211 1 0 1.000000
-1.249340 -3.631100 0 -2.600730 13.435800 221.747000 1492.520000 -13 1212 1 0 1.000000
-1.234610 1.776020 0 8.309910 3.642350 203.822000 1492.680000 -13 1213 1 0 1.000000
-1.831620 -1.559900 0 -27.481100 25.624100 226.437000 1492.570000 -13 1214 1 0 1.000000
-0.350402 -1.106790 0 -5.118100 -6.905820 208.925000 1492.560000 -13 1215 1 0 1.000000
-0.187841 -3.260700 0 -2.771590 3.960430 209.898000 1492.800000 -13 1216 1 0 1.000000
-2.779190 -1.173410 0 -17.287100 16.782600 202.673000 1492.640000 -13 1217 1 0 1.000000
0.058281 -5.754740 0 6.285040 -11.497200 213.416000 1492.540000 -13 1218 1 0 1.000000
-1.394180 -2.498290 0 -12.569600 15.126000 219.039000 1492.610000 -13 1219 1 0 1.000000
-6.823230 0.396664 0 3.019170 7.594760 212.741000 1492.750000 -13 1220 1 0 1.000000
-3.886930 -4.815070 0 10.995700 -4.121290 218.207000 1492.650000 -13 1221 1 0 1.000000
-6.032470 -0.939930 0 -1.581090 -12.975800 213.557000 1492.700000 -13 1222 1 0 1.000000
1.066080 -3.105390 0 -21.678000 7.665590 204.332000 1492.660000 -13 1223 1 0 1.000000
-7.279190 -2.388270 0 11.752800 -13.125900 228.229000 1492.520000 -13 1224 1 0 1.000000
2.264920 -0.924953 0 -9.144370 -0.087244 199.404000 1492.580000 -13 1225 1 0 1.000000
-4.514490 -0.863566 0 -5.491610 10.895500 210.240000 1492.520000 -13 1226 1 0 1.000000
-1.192570 3.080930 0 1.143260 3.524410 206.185000 1492.570000 -13 1227 1 0 1.000000
0.772545 2.224980 0 -15.491900 -1.447220 218.662000 1492.520000 -13 1228 1 0 1.000000
0.474671 4.645750 0 -21.124900 11.919700 208.684000 1492.620000 -13 1229 1 0 1.000000
0.656165 -9.360440 0 -10.662900 3.051250 210.064000 1492.690000 -13 1230 1 0 1.000000
-4.664580 0.678672 0 -5.488020 1.709460 211.735000 1492.410000 -13 1231 1 0 1.000000
-1.730910 -0.012701 0 -11.503500 21.134300 220.654000 1492.610000 -13 1232 1 0 1.000000
-2.470510 1.484540 0 -11.830400 -3.515670 204.412000 1492.640000 -13 1233 1 0 1.000000
-6.754060 -2.894700 0 6.020100 -6.248290 215.264000 1492.760000 -13 1234 1 0 1.000000
-4.307350 3.816460 0 -18.576300 -5.529090 224.675000 1492.650000 -13 1235 1 0 1.000000
-5.727210 0.845905 0 -0.826940 7.991770 208.309000 1492.550000 -13 1236 1 0 1.000000
-0.635093 -1.403580 0 -17.793600 -17.836000 201.569000 1492.680000 -13 1237 1 0 1.000000
0.127769 -2.152520 0 -1.049560 28.137900 205.913000 1492.700000 -13 1238 1 0 1.000000
0.249964 1.311030 0 -12.350900 -19.412100 194.276000 1492.660000 -13 1239 1 0 1.000000
-1.963450 -1.810300 0 3.354050 14.135000 197.459000 1492.620000 -13 1240 1 0 1.000000
-3.485500 -0.940055 0 2.517910 5.336260 203.090000 1492.610000 -13 1241 1 0 1.000000
-4.036130 -4.934420 0 9.800620 16.102400 202.198000 1492.700000 -13 1242 1 0 1.000000
2.682180 -6.946430 0 4.736450 11.766900 192.155000 1492.610000 -13 1243 1 0 1.000000
-0.145337 2.481520 0 -49.139600 3.161740 221.968000 1492.740000 -13 1244 1 0 1.000000
-4.344580 -9.304560 0 5.290700 -4.078220 211.238000 1492.790000 -13 1245 1 0 1.000000
1.389090 -2.923250 0 5.540690 10.556600 193.942000 1492.740000 -13 1246 1 0 1.000000
5.205650 -1.571600 0 2.735870 14.102800 212.709000 1492.560000 -13 1247 1 0 1.000000
-4.644580 -4.174360 0 11.791500 19.098400 219.026000 1492.610000 -13 1248 1 0 1.000000
-0.856201 -2.527270 0 -3.204740 17.025100 211.882000 1492.620000 -13 1249 1 0 1.000000
-5.796570 -1.606070 0 -20.419900 19.800300 215.295000 1492.640000 -13 1250 1 0 1.000000
-6.776930 4.123360 0 8.718350 0.060824 211.528000 1492.650000 -13 1251 1 0 1.000000
-2.715750 -0.476126 0 -13.177200 19.384000 209.012000 1492.530000 -13 1252 1 0 1.000000
-3.290420 -2.376000 0 6.058070 -12.446100 207.005000 1492.610000 -13 1253 1 0 1.000000
-3.713000 -4.368320 0 0.023344 -6.651790 200.075000 1492.730000 -13 1254 1 0 1.000000
-2.360750 -0.056513 0 -26.477300 9.552530 211.417000 1492.680000 -13 1255 1 0 1.000000
1.627890 -5.896260 0 9.450420 8.819400 211.430000 1492.750000 -13 1256 1 0 1.000000
-4.508770 -0.270574 0 39.425800 -5.033250 189.198000 1492.670000 -13 1257 1 0 1.000000
0.431133 -0.532985 0 -1.371460 -4.217660 205.935000 1492.550000 -13 1258 1 0 1.000000
-0.698252 3.332850 0 8.189500 -3.023950 201.750000 1492.570000 -13 1259 1 0 1.000000
4.656840 -2.118850 0 15.828000 2.328700 200.987000 1492.650000 -13 1260 1 0 1.000000
-3.662090 -7.303760 0 -7.459440 -9.734330 196.993000 1492.690000 -13 1261 1 0 1.000000
-0.040766 -2.804410 0 -1.288140 3.684350 204.958000 1492.670000 -13 1262 1 0 1.000000
-0.480301 -5.294650 0 -2.063100 10.867700 202.422000 1492.640000 -13 1263 1 0 1.000000
2.113630 -2.671250 0 -6.807040 19.584600 200.250000 1492.490000 -13 1264 1 0 1.000000
-1.845750 2.209470 0 -35.607000 -1.353660 206.250000 1492.680000 -13 1265 1 0 1.000000
4.844190 -2.254030 0 -14.875700 8.292860 207.416000 1492.570000 -13 1266 1 0 1.000000
-3.068880 -2.272500 0 17.458900 -9.156600 203.313000 1492.630000 -13 1267 1 0 1.000000
-4.168760 -0.189954 0 1.291080 1.047440 197.327000 1492.500000 -13 1268 1 0 1.000000
-1.317150 -4.176120 0 9.792930 0.549365 194.298000 1492.440000 -13 1269 1 0 1.000000
-4.331380 -0.614892 0 -24.062400 -2.339670 205.300000 1492.470000 -13 1270 1 0 1.000000
-3.641930 -1.782560 0 -8.339240 -10.666600 190.003000 1492.550000 -13 1271 1 0 1.000000
0.757380 -3.661090 0 -3.526430 11.646700 205.619000 1492.700000 -13 1272 1 0 1.000000
-1.742300 -4.568900 0 -5.821240 -2.267070 208.974000 1492.530000 -13 1273 1 0 1.000000
-1.928490 -1.966990 0 21.300900 -11.652600 216.171000 1492.500000 -13 1274 1 0 1.000000
-0.386037 -6.342680 0 11.599400 -15.110000 209.720000 1492.660000 -13 1275 1 0 1.000000
-5.177800 1.796860 0 -27.184700 9.027450 214.592000 1492.760000 -13 1276 1 0 1.000000
-5.120620 4.407420 0 -4.802440 6.371610 198.831000 1492.660000 -13 1277 1 0 1.000000
-5.232790 -8.658310 0 6.616950 -13.231200 203.049000 1492.650000 -13 1278 1 0 1.000000
1.661230 -2.799330 0 -1.618730 19.486800 208.517000 1492.630000 -13 1279 1 0 1.000000
-1.522320 -5.827010 0 5.650400 -10.270800 214.303000 1492.510000 -13 1280 1 0 1.000000
-6.452490 1.983570 0 -22.360400 -6.167150 189.596000 1492.610000 -13 1281 1 0 1.000000
-1.090590 -1.399220 0 -7.232200 4.561690 199.727000 1492.510000 -13 1282 1 0 1.000000
-2.303780 -5.264000 0 -9.688940 7.248710 221.231000 1492.550000 -13 1283 1 0 1.000000
-3.213000 -1.333990 0 -0.497184 -4.405960 223.604000 1492.560000 -13 1284 1 0 1.000000
0.121165 -1.613870 0 -34.338100 -13.933200 209.745000 1492.500000 -13 1285 1 0 1.000000
0.425805 -0.322887 0 5.337910 0.445771 192.637000 1492.450000 -13 1286 1 0 1.000000
-6.615660 -2.633680 0 18.557500 -4.694230 211.740000 1492.610000 -13 1287 1 0 1.000000
-5.369850 -1.732870 0 13.747600 12.977000 193.462000 1492.810000 -13 1288 1 0 1.000000
-0.302078 -8.027190 0 19.150000 9.267810 193.194000 1492.600000 -13 1289 1 0 1.000000
-5.003560 -4.421070 0 -2.057140 10.824300 209.525000 1492.560000 -13 1290 1 0 1.000000
-3.000400 -10.105500 0 9.165730 0.922643 210.617000 1492.610000 -13 1291 1 0 1.000000
-8.736710 0.618595 0 -13.158800 -3.369110 217.399000 1492.660000 -13 1292 1 0 1.000000
-0.522283 -5.004640 0 7.896900 14.878500 212.541000 1492.620000 -13 1293 1 0 1.000000
0.342955 -1.425180 0 7.232730 7.044670 191.796000 1492.530000 -13 1294 1 0 1.000000
-4.574230 0.208670 0 -3.013570 -19.211800 216.399000 1492.590000 -13 1295 1 0 1.000000
-5.156880 -1.121880 0 -12.199500 7.559140 200.457000 1492.620000 -13 1296 1 0 1.000000
-2.920990 -1.005410 0 -11.227600 -5.815930 202.183000 1492.600000 -13 1297 1 0 1.000000
-2.784640 -4.847990 0 11.923400 -0.311936 196.076000 1492.620000 -13 1298 1 0 1.000000
-3.422900 1.578900 0 -15.466000 3.344570 204.907000 1492.600000 -13 1299 1 0 1.000000
-3.539120 -0.946398 0 -22.887100 -17.812100 193.814000 1492.670000 -13 1300 1 0 1.000000
-5.830330 2.586820 0 -21.337400 -18.845700 217.167000 1492.650000 -13 1301 1 0 1.000000
-0.036137 -4.153890 0 29.236100 -12.760200 217.992000 1492.460000 -13 1302 1 0 1.000000
-1.510190 1.465250 0 -3.780680 0.137123 206.347000 1492.520000 -13 1303 1 0 1.000000
-2.473240 -7.189830 0 -6.567850 -4.821000 195.718000 1492.620000 -13 1304 1 0 1.000000
-5.047540 -0.014416 0 -26.591000 1.911890 212.856000 1492.620000 -13 1305 1 0 1.000000
-1.160980 -1.185780 0 1.862090 -28.904000 195.672000 1492.690000 -13 1306 1 0 1.000000
1.461670 -7.277440 0 13.550500 -1.605550 199.367000 1492.610000 -13 1307 1 0 1.000000
0.486543 -3.861690 0 -12.783500 -7.866950 203.359000 1492.640000 -13 1308 1 0 1.000000
-7.683840 -3.707850 0 -3.976530 11.664100 204.885000 1492.520000 -13 1309 1 0 1.000000
-3.265060 -4.157150 0 16.161000 -12.995800 201.079000 1492.680000 -13 1310 1 0 1.000000
-0.932106 -7.232490 0 1.415410 -4.236320 220.731000 1492.650000 -13 1311 1 0 1.000000
5.854430 -2.259960 0 7.932480 13.937100 198.934000 1492.710000 -13 1312 1 0 1.000000
-2.168280 -0.863566 0 1.334140 -5.603690 214.019000 1492.570000 -13 1313 1 0 1.000000
-0.000644 0.518273 0 1.977820 -11.772600 195.320000 1492.500000 -13 1314 1 0 1.000000
-2.703020 -4.507160 0 5.361610 7.783320 213.764000 1492.430000 -13 1315 1 0 1.000000
-0.148039 3.754150 0 -12.368400 -10.980200 209.511000 1492.550000 -13 1316 1 0 1.000000
-2.058390 -3.801660 0 -9.034930 5.686570 202.972000 1492.570000 -13 1317 1 0 1.000000
1.984970 -1.507220 0 -10.252200 -11.145600 204.246000 1492.780000 -13 1318 1 0 1.000000
-0.231833 -0.864684 0 0.069380 6.211730 201.525000 1492.510000 -13 1319 1 0 1.000000
-0.182867 -6.482970 0 -0.076915 -7.588460 191.761000 1492.510000 -13 1320 1 0 1.000000
-2.181550 -3.224060 0 -3.746090 11.259500 210.629000 1492.610000 -13 1321 1 0 1.000000
2.212680 -4.100900 0 7.741140 8.487010 203.173000 1492.530000 -13 1322 1 0 1.000000
3.416450 -1.299600 0 -20.473600 4.443970 200.219000 1492.640000 -13 1323 1 0 1.000000
-0.832409 0.218491 0 -17.978400 13.605500 198.929000 1492.650000 -13 1324 1 0 1.000000
-1.538060 -7.959380 0 9.794290 -2.873010 202.426000 1492.730000 -13 1325 1 0 1.000000
0.039764 -5.290110 0 -0.715879 -6.400320 222.042000 1492.690000 -13 1326 1 0 1.000000
-3.691960 -2.282610 0 -9.658480 10.731100 234.118000 1492.550000 -13 1327 1 0 1.000000
-4.791650 -2.722130 0 -5.407470 12.842100 193.048000 1492.620000 -13 1328 1 0 1.000000
-0.098921 0.475902 0 -1.161390 10.080100 196.484000 1492.520000 -13 1329 1 0 1.000000
7.840940 -1.298470 0 -16.753700 6.592250 206.538000 1492.630000 -13 1330 1 0 1.000000
0.663087 -5.154690 0 7.176130 -8.628950 191.077000 1492.620000 -13 1331 1 0 1.000000
4.794590 -7.528030 0 -11.414300 -4.801840 212.657000 1492.720000 -13 1332 1 0 1.000000
-4.765280 -1.015850 0 -8.010140 2.468960 218.405000 1492.460000 -13 1333 1 0 1.000000
5.449570 -5.187840 0 3.153320 -12.783200 212.397000 1492.670000 -13 1334 1 0 1.000000
-1.397820 -2.545010 0 -3.479100 -7.803410 196.109000 1492.560000 -13 1335 1 0 1.000000
-1.410190 0.963986 0 -3.616720 17.797700 211.640000 1492.570000 -13 1336 1 0 1.000000
-1.258520 -0.925367 0 -1.724680 1.972340 197.318000 1492.540000 -13 1337 1 0 1.000000
-1.151920 -1.072320 0 -2.329400 -1.280490 192.125000 1492.500000 -13 1338 1 0 1.000000
-7.311170 -7.078880 0 12.812600 39.871400 214.820000 1492.660000 -13 1339 1 0 1.000000
-4.100060 -2.356510 0 -1.194670 4.868880 203.735000 1492.510000 -13 1340 1 0 1.000000
-1.510310 -4.223780 0 -7.348690 -6.128380 214.473000 1492.540000 -13 1341 1 0 1.000000
1.361470 -2.995930 0 5.911850 17.558400 200.430000 1492.650000 -13 1342 1 0 1.000000
0.245282 1.730590 0 9.883320 -5.414930 202.143000 1492.570000 -13 1343 1 0 1.000000
-1.160860 0.487092 0 -5.078130 -18.046500 217.568000 1492.500000 -13 1344 1 0 1.000000
1.523610 -0.568808 0 11.908700 -6.078550 202.818000 1492.590000 -13 1345 1 0 1.000000
-0.329870 -5.884870 0 -8.561870 -16.102200 203.689000 1492.690000 -13 1346 1 0 1.000000
-0.518869 -4.924630 0 -5.857060 -0.869458 222.357000 1492.630000 -13 1347 1 0 1.000000
-5.052810 -1.363990 0 30.411000 -32.790900 229.110000 1492.640000 -13 1348 1 0 1.000000
-5.502980 -3.718050 0 0.703814 -11.943800 208.159000 1492.630000 -13 1349 1 0 1.000000
-2.532340 -0.224635 0 28.748100 -6.775500 220.595000 1492.640000 -13 1350 1 0 1.000000
-2.417950 -5.105460 0 3.980630 18.406000 202.348000 1492.670000 -13 1351 1 0 1.000000
-6.043570 5.594370 0 1.572750 3.941110 198.418000 1492.640000 -13 1352 1 0 1.000000
-2.279180 0.466864 0 -20.386400 5.256970 217.138000 1492.610000 -13 1353 1 0 1.000000
-3.504740 -3.636780 0 -5.331290 3.681300 200.085000 1492.600000 -13 1354 1 0 1.000000
-2.278230 1.881080 0 14.704000 10.430100 198.565000 1492.700000 -13 1355 1 0 1.000000
5.540430 -4.332760 0 -7.932400 -8.464790 210.198000 1492.580000 -13 1356 1 0 1.000000
-0.148914 -7.269790 0 -6.954050 24.007000 199.870000 1492.650000 -13 1357 1 0 1.000000
0.179040 0.782443 0 10.797900 0.001923 203.046000 1492.540000 -13 1358 1 0 1.000000
-6.784710 4.726040 0 -11.146400 -8.038030 212.959000 1492.560000 -13 1359 1 0 1.000000
-1.049090 -3.892200 0 11.545400 6.976430 207.161000 1492.670000 -13 1360 1 0 1.000000
-3.746380 -1.322360 0 -12.251100 6.444710 220.279000 1492.550000 -13 1361 1 0 1.000000
-5.494790 -0.340280 0 2.743270 0.611025 201.923000 1492.670000 -13 1362 1 0 1.000000
-4.545300 5.365090 0 -4.865090 -18.957800 209.443000 1492.780000 -13 1363 1 0 1.000000
0.801578 -2.747120 0 0.428219 0.171836 204.365000 1492.680000 -13 1364 1 0 1.000000
-0.413541 -6.403520 0 22.776400 -24.032900 196.633000 1492.710000 -13 1365 1 0 1.000000
-1.588050 -7.132390 0 9.539640 -6.170400 212.451000 1492.570000 -13 1366 1 0 1.000000
-4.066690 1.543920 0 19.811600 19.924900 204.937000 1492.590000 -13 1367 1 0 1.000000
-0.247030 -4.656810 0 -16.509800 -10.954800 204.178000 1492.610000 -13 1368 1 0 1.000000
-2.650910 -3.279570 0 14.603500 10.456400 200.689000 1492.560000 -13 1369 1 0 1.000000
2.281820 -3.629040 0 -16.836300 13.208300 220.038000 1492.600000 -13 1370 1 0 1.000000
-0.531901 -3.684080 0 -12.001000 -7.269920 196.400000 1492.570000 -13 1371 1 0 1.000000
-5.040950 -5.035090 0 2.347140 -0.736386 214.524000 1492.570000 -13 1372 1 0 1.000000
-1.387230 -6.735760 0 22.262400 3.929910 203.497000 1492.630000 -13 1373 1 0 1.000000
-4.659970 -2.594790 0 -19.648500 -3.175820 219.719000 1492.540000 -13 1374 1 0 1.000000
0.371998 -1.685380 0 -5.064010 10.305000 192.979000 1492.490000 -13 1375 1 0 1.000000
-2.034650 1.453090 0 -6.707110 -24.967600 206.233000 1492.560000 -13 1376 1 0 1.000000
-1.052020 -4.028030 0 -19.242000 9.262830 211.174000 1492.630000 -13 1377 1 0 1.000000
-1.416950 -0.291781 0 7.943100 -14.413900 206.256000 1492.540000 -13 1378 1 0 1.000000
1.879280 -0.122801 0 0.286056 5.292390 214.337000 1492.620000 -13 1379 1 0 1.000000
-1.839600 -4.626800 0 10.383600 1.383880 200.642000 1492.600000 -13 1380 1 0 1.000000
-0.601254 -2.660540 0 3.550900 1.047080 224.401000 1492.660000 -13 1381 1 0 1.000000
-1.189760 7.980050 0 -14.773700 4.105420 217.191000 1492.560000 -13 1382 1 0 1.000000
-1.167190 -3.956850 0 6.130180 -1.429560 210.777000 1492.560000 -13 1383 1 0 1.000000
-2.888640 -5.041670 0 -0.720384 0.092382 217.883000 1492.560000 -13 1384 1 0 1.000000
-2.782390 -0.236515 0 -4.176320 -4.118880 191.412000 1492.540000 -13 1385 1 0 1.000000
0.487896 -9.288950 0 4.073480 -3.068160 190.991000 1492.610000 -13 1386 1 0 1.000000
-0.651776 -6.128310 0 -15.894800 0.914473 199.592000 1492.470000 -13 1387 1 0 1.000000
-3.236770 -2.372540 0 -11.684700 17.321900 189.309000 1492.470000 -13 1388 1 0 1.000000
0.426116 -1.230610 0 11.923900 -6.394210 186.579000 1492.780000 -13 1389 1 0 1.000000
-2.082220 -2.543860 0 6.180280 -5.888640 224.329000 1492.520000 -13 1390 1 0 1.000000
-4.781050 -1.082710 0 23.496800 4.454690 210.229000 1492.530000 -13 1391 1 0 1.000000
-4.370190 -4.188230 0 -10.707300 2.285150 218.314000 1492.560000 -13 1392 1 0 1.000000
0.085597 -2.705790 0 -11.183800 15.876100 207.336000 1492.450000 -13 1393 1 0 1.000000
1.040070 -1.824140 0 1.483190 -14.888300 203.837000 1492.560000 -13 1394 1 0 1.000000
-4.607210 -0.011711 0 2.801830 -20.281300 202.426000 1492.470000 -13 1395 1 0 1.000000
6.111840 -3.381550 0 6.122710 25.337400 211.377000 1492.630000 -13 1396 1 0 1.000000
-6.947960 -0.760812 0 19.870700 -6.603070 226.214000 1492.610000 -13 1397 1 0 1.000000
-1.106910 2.107000 0 9.250310 -6.795650 213.238000 1492.620000 -13 1398 1 0 1.000000
0.771491 -6.079240 0 -3.990730 18.595900 210.984000 1492.640000 -13 1399 1 0 1.000000
-0.728171 -2.692100 0 -0.934135 0.788645 209.690000 1492.840000 -13 1400 1 0 1.000000
1.501060 3.264570 0 21.041000 3.803370 219.810000 1492.480000 -13 1401 1 0 1.000000
-2.266830 -0.832633 0 2.765700 11.904100 210.512000 1492.720000 -13 1402 1 0 1.000000
-1.947790 -0.767494 0 -14.029000 1.672850 211.266000 1492.600000 -13 1403 1 0 1.000000
-0.545112 -0.141472 0 15.181000 4.638810 206.126000 1492.570000 -13 1404 1 0 1.000000
2.069530 -0.244924 0 -5.492380 -10.009700 223.607000 1492.650000 -13 1405 1 0 1.000000
-5.492380 -5.183500 0 33.860800 0.132065 220.834000 1492.580000 -13 1406 1 0 1.000000
-7.944020 2.334500 0 4.088650 8.068470 228.905000 1492.640000 -13 1407 1 0 1.000000
1.219740 -3.552760 0 -1.456300 -4.651190 189.799000 1492.610000 -13 1408 1 0 1.000000
0.988712 0.708773 0 -24.836600 -16.055100 191.423000 1492.650000 -13 1409 1 0 1.000000
-0.736411 -4.485730 0 10.761900 4.825460 189.359000 1492.600000 -13 1410 1 0 1.000000
-4.873040 -3.474150 0 1.131390 11.127200 203.995000 1492.730000 -13 1411 1 0 1.000000
1.693920 -1.932490 0 -23.726000 11.727100 184.029000 1492.690000 -13 1412 1 0 1.000000
1.555070 -7.520300 0 0.193088 2.527090 203.766000 1492.710000 -13 1413 1 0 1.000000
-10.495900 -5.228760 0 11.414400 1.243000 207.815000 1492.750000 -13 1414 1 0 1.000000
-0.558819 -5.313660 0 -6.411460 -11.908400 211.105000 1492.590000 -13 1415 1 0 1.000000
-0.941247 -3.510950 0 6.389400 -30.185500 195.027000 1492.650000 -13 1416 1 0 1.000000
-1.940600 -6.560460 0 4.542580 1.465890 206.205000 1492.600000 -13 1417 1 0 1.000000
-2.077220 -5.627270 0 -7.754370 -14.046200 218.362000 1492.510000 -13 1418 1 0 1.000000
-0.618061 -5.722680 0 5.519050 9.430690 210.731000 1492.600000 -13 1419 1 0 1.000000
-7.932330 -2.062620 0 -6.664500 -18.481800 201.932000 1492.770000 -13 1420 1 0 1.000000
-1.168780 -1.211690 0 -10.291300 2.117370 189.262000 1492.600000 -13 1421 1 0 1.000000
-4.634870 0.846162 0 5.418070 -6.812650 206.902000 1492.480000 -13 1422 1 0 1.000000
4.006190 -0.849819 0 -6.605090 7.474580 217.915000 1492.730000 -13 1423 1 0 1.000000
-4.583020 -2.873520 0 17.117200 -13.342700 186.944000 1492.600000 -13 1424 1 0 1.000000
-6.666240 -0.071929 0 -12.151500 0.531912 200.466000 1492.730000 -13 1425 1 0 1.000000
-2.885770 1.260300 0 4.401120 -8.986640 200.956000 1492.630000 -13 1426 1 0 1.000000
0.035635 1.200340 0 -14.475200 -1.551130 213.873000 1492.550000 -13 1427 1 0 1.000000
0.579448 -2.070620 0 -9.054800 7.262470 209.220000 1492.560000 -13 1428 1 0 1.000000
-3.268830 -0.367942 0 10.520000 1.692830 199.883000 1492.470000 -13 1429 1 0 1.000000
1.696460 -2.237150 0 5.975070 5.279700 224.603000 1492.680000 -13 1430 1 0 1.000000
-0.676338 4.367620 0 16.697000 -12.211700 206.521000 1492.480000 -13 1431 1 0 1.000000
-9.927990 -1.909580 0 2.595960 2.344470 219.525000 1492.590000 -13 1432 1 0 1.000000
-0.962237 -5.357190 0 -6.342860 11.590000 215.223000 1492.600000 -13 1433 1 0 1.000000
-8.579130 -0.925622 0 -10.386400 -23.733200 211.110000 1492.680000 -13 1434 1 0 1.000000
2.147480 0.562346 0 -6.000710 11.774600 217.145000 1492.670000 -13 1435 1 0 1.000000
-2.954670 0.040714 0 8.290370 7.201910 214.225000 1492.650000 -13 1436 1 0 1.000000
-6.871930 -2.732960 0 -9.396710 7.472230 201.088000 1492.520000 -13 1437 1 0 1.000000
-3.848490 -4.347650 0 -3.999230 -24.316700 225.766000 1492.640000 -13 1438 1 0 1.000000
-4.653230 -5.368530 0 10.717100 -6.799170 217.810000 1492.760000 -13 1439 1 0 1.000000
-4.967930 -7.532270 0 6.821860 -6.701170 201.614000 1492.620000 -13 1440 1 0 1.000000
-3.883110 -4.309070 0 -24.231000 -2.515070 213.816000 1492.630000 -13 1441 1 0 1.000000
-3.759110 -1.706710 0 4.130990 -9.674170 195.566000 1492.560000 -13 1442 1 0 1.000000
-0.637554 -1.976840 0 12.638700 1.301570 218.027000 1492.640000 -13 1443 1 0 1.000000
-4.692990 -4.596660 0 31.151000 13.818300 213.335000 1492.680000 -13 1444 1 0 1.000000
0.485337 3.475540 0 23.049200 6.126110 220.936000 1492.520000 -13 1445 1 0 1.000000
-4.950640 -1.884520 0 15.362200 9.787600 211.552000 1492.580000 -13 1446 1 0 1.000000
1.053120 1.703600 0 -4.165100 15.448800 217.707000 1492.630000 -13 1447 1 0 1.000000
-4.290870 -3.398640 0 -27.034000 8.323970 210.112000 1492.580000 -13 1448 1 0 1.000000
-3.276220 -6.624080 0 15.329900 0.281724 192.755000 1492.600000 -13 1449 1 0 1.000000
1.357300 0.196703 0 -7.585650 18.313100 218.769000 1492.680000 -13 1450 1 0 1.000000
-4.548260 -6.196310 0 8.071400 20.259700 193.680000 1492.630000 -13 1451 1 0 1.000000
-0.906502 -0.743624 0 6.147870 2.512170 217.010000 1492.510000 -13 1452 1 0 1.000000
-5.507300 -5.951840 0 21.021200 17.522200 221.961000 1492.680000 -13 1453 1 0 1.000000
-4.987050 -7.068400 0 9.929230 -1.806860 201.787000 1492.600000 -13 1454 1 0 1.000000
-0.432638 -1.272980 0 1.184900 -22.357600 209.051000 1492.660000 -13 1455 1 0 1.000000
-2.441100 -3.343950 0 -13.271900 -16.866200 207.530000 1492.790000 -13 1456 1 0 1.000000
-2.812310 -4.590370 0 3.773780 -11.993400 211.460000 1492.660000 -13 1457 1 0 1.000000
-7.305900 2.889780 0 -29.064900 -0.050062 206.424000 1492.550000 -13 1458 1 0 1.000000
-7.612500 -1.861180 0 8.192450 3.763690 209.393000 1492.560000 -13 1459 1 0 1.000000
-1.589400 0.814683 0 -11.488400 -6.528780 210.667000 1492.670000 -13 1460 1 0 1.000000
-0.106739 -4.703530 0 13.481700 21.833200 218.681000 1492.590000 -13 1461 1 0 1.000000
-4.246840 0.053210 0 -12.469900 7.703110 211.845000 1492.580000 -13 1462 1 0 1.000000
4.195180 -5.546260 0 24.485100 -0.916994 205.205000 1492.470000 -13 1463 1 0 1.000000
-4.042310 0.742825 0 -9.858600 16.800000 219.310000 1492.480000 -13 1464 1 0 1.000000
-4.374690 -0.370507 0 4.209100 -7.181960 197.733000 1492.640000 -13 1465 1 0 1.000000
-3.728440 -0.668609 0 12.492600 6.694990 199.724000 1492.510000 -13 1466 1 0 1.000000
-3.554110 -0.373642 0 -20.994300 0.966090 210.955000 1492.680000 -13 1467 1 0 1.000000
-4.051940 -5.892600 0 7.854260 -4.051960 199.485000 1492.510000 -13 1468 1 0 1.000000
-1.942230 -8.210340 0 2.893710 25.513600 220.178000 1492.580000 -13 1469 1 0 1.000000
-1.321090 -0.544996 0 3.539380 10.683700 219.960000 1492.550000 -13 1470 1 0 1.000000
-0.029792 0.541224 0 5.017080 -6.910670 200.155000 1492.610000 -13 1471 1 0 1.000000
-2.018690 -4.398200 0 4.240830 5.084030 210.391000 1492.670000 -13 1472 1 0 1.000000
4.849690 3.821360 0 -7.915400 9.426530 198.573000 1492.640000 -13 1473 1 0 1.000000
-0.402032 3.959310 0 12.017500 -1.781950 205.425000 1492.750000 -13 1474 1 0 1.000000
-3.593490 -6.406700 0 -4.063070 -4.456350 214.004000 1492.520000 -13 1475 1 0 1.000000
-8.160090 -3.108650 0 3.566730 0.495554 192.982000 1492.610000 -13 1476 1 0 1.000000
-0.101020 2.922510 0 0.431895 1.781380 206.070000 1489.810000 -13 1477 1 0 1.000000
-1.870260 -5.527200 0 7.248450 5.324680 214.736000 1489.710000 -13 1478 1 0 1.000000
-2.260990 -1.148950 0 6.909470 2.110800 209.211000 1489.640000 -13 1479 1 0 1.000000
-5.917310 -8.351960 0 18.978100 -4.316920 226.149000 1489.820000 -13 1480 1 0 1.000000
-6.109850 3.286190 0 -3.615850 -2.819700 208.216000 1489.580000 -13 1481 1 0 1.000000
-6.431530 -2.687180 0 -1.072220 1.554830 218.914000 1492.620000 -13 1482 1 0 1.000000
-1.010350 -7.348870 0 6.887930 13.732900 208.491000 1492.480000 -13 1483 1 0 1.000000
-2.736500 -0.190274 0 -16.341100 5.090070 194.306000 1492.600000 -13 1484 1 0 1.000000
4.884120 -4.720560 0 -4.510120 7.234400 215.898000 1492.610000 -13 1485 1 0 1.000000
-1.325220 -4.254930 0 22.637300 -10.797000 217.082000 1492.540000 -13 1486 1 0 1.000000
0.808229 -3.881900 0 2.190060 26.584100 214.593000 1492.520000 -13 1487 1 0 1.000000
-0.989438 1.302670 0 -0.588142 -24.548000 199.060000 1492.790000 -13 1488 1 0 1.000000
-5.269610 -5.113870 0 -3.548840 21.570600 194.611000 1492.510000 -13 1489 1 0 1.000000
1.627390 -4.708010 0 17.392900 -13.319700 195.925000 1492.500000 -13 1490 1 0 1.000000
-10.042300 0.139459 0 -7.505900 -6.429540 215.570000 1492.560000 -13 1491 1 0 1.000000
-0.301523 -5.239800 0 6.361660 -6.688370 200.819000 1492.700000 -13 1492 1 0 1.000000
-2.246630 -4.389650 0 26.165900 -29.053900 209.949000 1492.710000 -13 1493 1 0 1.000000
0.508943 -4.353150 0 -15.325300 -4.681270 195.654000 1492.570000 -13 1494 1 0 1.000000
-2.647890 -2.642320 0 6.025420 -11.213100 201.275000 1492.550000 -13 1495 1 0 1.000000
-5.577760 -6.143830 0 -0.022622 -27.390500 215.115000 1492.670000 -13 1496 1 0 1.000000
-0.083053 -4.995650 0 -1.706560 21.285200 193.599000 1492.690000 -13 1497 1 0 1.000000
-2.849420 1.633860 0 11.939700 -5.005570 206.496000 1492.630000 -13 1498 1 0 1.000000
-4.585230 -0.875843 0 3.524320 0.541332 207.997000 1492.720000 -13 1499 1 0 1.000000
-0.234417 -0.073001 0 0.161686 11.210500 198.913000 1492.600000 -13 1500 1 0 1.000000
4.392440 -2.283650 0 3.559000 28.133400 210.379000 1492.640000 -13 1501 1 0 1.000000
-2.928590 -3.339640 0 -8.231260 -0.394682 215.897000 1492.470000 -13 1502 1 0 1.000000
-0.719762 -0.443009 0 0.888855 -7.262290 215.974000 1492.620000 -13 1503 1 0 1.000000
-3.444920 4.140150 0 0.894954 8.530130 196.987000 1492.550000 -13 1504 1 0 1.000000
2.214190 -0.334356 0 27.260100 14.050900 199.849000 1492.460000 -13 1505 1 0 1.000000
-1.647620 -2.412870 0 -9.911440 12.883100 203.391000 1492.670000 -13 1506 1 0 1.000000
-3.006450 -3.542810 0 0.068747 -13.350000 196.149000 1492.550000 -13 1507 1 0 1.000000
2.077570 -0.643818 0 8.471480 26.093100 203.154000 1492.560000 -13 1508 1 0 1.000000
0.636369 -0.467677 0 -25.148600 20.276400 201.815000 1492.630000 -13 1509 1 0 1.000000
3.529410 -4.222590 0 1.898520 6.271370 205.241000 1492.750000 -13 1510 1 0 1.000000
-3.128460 -2.059190 0 12.842100 13.518100 203.536000 1492.600000 -13 1511 1 0 1.000000
1.390180 -8.921720 0 3.698890 -9.855010 202.855000 1492.770000 -13 1512 1 0 1.000000
-2.652640 -5.153830 0 19.216400 -11.286700 209.672000 1492.680000 -13 1513 1 0 1.000000
0.927682 -4.259200 0 -2.693270 11.697500 216.792000 1492.560000 -13 1514 1 0 1.000000
5.036170 -4.395370 0 6.408820 2.404770 199.204000 1492.690000 -13 1515 1 0 1.000000
-2.844240 -4.150670 0 14.486400 10.429400 199.398000 1492.620000 -13 1516 1 0 1.000000
1.034700 -2.867370 0 2.781900 17.091900 210.333000 1492.520000 -13 1517 1 0 1.000000
-0.186847 -3.026590 0 20.855800 0.115843 199.554000 1492.680000 -13 1518 1 0 1.000000
0.288157 -1.736020 0 -0.396543 -18.236900 197.953000 1492.440000 -13 1519 1 0 1.000000
-2.388900 1.337670 0 2.320930 -6.237870 194.029000 1492.650000 -13 1520 1 0 1.000000
-7.528610 1.929020 0 -2.933880 2.534920 201.838000 1492.500000 -13 1521 1 0 1.000000
-0.452131 -8.509800 0 -13.312600 4.701500 191.010000 1492.540000 -13 1522 1 0 1.000000
1.559060 -4.379680 0 -2.035470 -3.104620 205.048000 1492.520000 -13 1523 1 0 1.000000
-0.456037 -1.570050 0 9.017910 -3.110610 199.119000 1492.620000 -13 1524 1 0 1.000000
-3.853370 -2.430820 0 -8.693390 6.694810 197.982000 1492.660000 -13 1525 1 0 1.000000
-3.398080 -3.105660 0 2.585570 3.789330 203.416000 1492.730000 -13 1526 1 0 1.000000
0.759166 -4.599510 0 -1.866240 11.082500 211.464000 1492.670000 -13 1527 1 0 1.000000
0.100035 -1.891280 0 6.821420 51.280500 222.460000 1492.540000 -13 1528 1 0 1.000000
2.529520 -3.024520 0 -1.941460 9.320910 207.368000 1492.700000 -13 1529 1 0 1.000000
2.338480 -4.462210 0 -17.736900 13.577700 206.125000 1492.740000 -13 1530 1 0 1.000000
-5.844970 -2.641220 0 10.687400 -17.665900 200.322000 1492.780000 -13 1531 1 0 1.000000
-2.599950 -8.724700 0 12.788100 -7.412530 207.597000 1492.630000 -13 1532 1 0 1.000000
-1.279520 -2.789190 0 -26.794200 1.145960 223.481000 1492.630000 -13 1533 1 0 1.000000
-0.719288 -6.132540 0 26.082500 -8.492220 201.307000 1492.780000 -13 1534 1 0 1.000000
-5.250680 1.673180 0 -19.860800 4.074150 203.270000 1492.490000 -13 1535 1 0 1.000000
-7.037630 -2.606460 0 -13.972400 4.098750 209.514000 1492.420000 -13 1536 1 0 1.000000
-3.567100 -3.208900 0 -12.750600 32.305900 208.465000 1492.670000 -13 1537 1 0 1.000000
-4.521020 -0.553757 0 -11.533700 -9.061710 191.376000 1492.540000 -13 1538 1 0 1.000000
4.400170 -2.216050 0 -25.711400 3.487880 219.251000 1492.720000 -13 1539 1 0 1.000000
-3.321140 -0.163051 0 14.350300 -3.007100 207.123000 1492.740000 -13 1540 1 0 1.000000
-0.305031 -6.811170 0 7.695630 -0.151513 204.176000 1492.460000 -13 1541 1 0 1.000000
-2.293370 -0.356169 0 11.049900 -7.299530 211.940000 1492.650000 -13 1542 1 0 1.000000
-0.861637 0.609511 0 -5.034610 23.241700 216.854000 1492.600000 -13 1543 1 0 1.000000
-1.276890 1.105710 0 2.542070 1.858530 202.917000 1492.430000 -13 1544 1 0 1.000000
-0.430147 -4.849320 0 -2.775320 -11.240300 203.261000 1492.570000 -13 1545 1 0 1.000000
-2.516540 -0.378957 0 5.941790 -23.294500 219.857000 1492.490000 -13 1546 1 0 1.000000
-5.894350 -3.979380 0 -3.749310 -2.771610 205.757000 1492.590000 -13 1547 1 0 1.000000
0.062895 1.561480 0 8.230820 0.583081 210.411000 1492.700000 -13 1548 1 0 1.000000
-0.380286 -4.386970 0 -29.807700 14.967100 205.943000 1492.490000 -13 1549 1 0 1.000000
-5.839810 -6.893860 0 -13.044200 22.282300 203.129000 1492.610000 -13 1550 1 0 1.000000
-4.400920 -4.859470 0 -0.280512 -13.496000 200.889000 1492.560000 -13 1551 1 0 1.000000
0.888925 -2.085930 0 -15.930200 11.593400 205.936000 1492.690000 -13 1552 1 0 1.000000
-1.042350 -3.415300 0 10.208500 2.424540 200.661000 1492.490000 -13 1553 1 0 1.000000
-0.902213 -0.375077 0 8.192090 19.383200 221.180000 1492.510000 -13 1554 1 0 1.000000
1.854840 -3.691490 0 11.660900 -26.521500 221.389000 1492.570000 -13 1555 1 0 1.000000
1.437140 -3.353510 0 -9.627870 0.654568 193.648000 1492.630000 -13 1556 1 0 1.000000
1.127500 -0.024121 0 -26.931800 -9.922740 203.865000 1492.660000 -13 1557 1 0 1.000000
-5.766340 -5.596610 0 -5.698160 14.343900 201.176000 1492.490000 -13 1558 1 0 1.000000
-3.843950 -5.593510 0 14.487200 -13.737100 195.677000 1492.530000 -13 1559 1 0 1.000000
-2.972520 -3.207380 0 -13.387800 -12.776600 222.835000 1492.680000 -13 1560 1 0 1.000000
4.019700 -1.628510 0 -23.190900 -8.966380 207.652000 1492.650000 -13 1561 1 0 1.000000
-4.789330 -1.303020 0 5.496630 16.245200 217.239000 1492.660000 -13 1562 1 0 1.000000
0.130746 -0.200835 0 -2.586580 -17.195500 204.485000 1492.590000 -13 1563 1 0 1.000000
-3.070270 0.856489 0 -7.382320 13.424500 225.082000 1492.580000 -13 1564 1 0 1.000000
-1.424430 -2.697950 0 -16.344300 10.982300 208.708000 1492.530000 -13 1565 1 0 1.000000
-0.499365 -4.942130 0 3.611050 -10.059300 196.507000 1492.610000 -13 1566 1 0 1.000000
-0.246360 -5.446510 0 -3.556680 6.014270 208.056000 1492.460000 -13 1567 1 0 1.000000
-2.988230 -4.184500 0 11.944900 -21.302800 216.325000 1492.550000 -13 1568 1 0 1.000000
-3.711760 -3.735840 0 -14.692400 -0.687798 181.592000 1492.620000 -13 1569 1 0 1.000000
0.791091 -0.327560 0 -8.104170 -9.854990 204.492000 1492.660000 -13 1570 1 0 1.000000
0.617661 -5.756200 0 7.288100 -14.676600 204.569000 1492.610000 -13 1571 1 0 1.000000
-2.362800 -5.525990 0 1.414640 -14.224200 217.919000 1492.590000 -13 1572 1 0 1.000000
1.287490 -3.476310 0 -5.804620 8.844500 194.074000 1492.630000 -13 1573 1 0 1.000000
-2.546880 -2.560900 0 -1.136350 14.699400 196.014000 1492.600000 -13 1574 1 0 1.000000
0.737382 0.475574 0 28.362500 -5.163970 208.848000 1492.780000 -13 1575 1 0 1.000000
-4.943340 -2.626280 0 -8.590820 4.965720 214.020000 1492.480000 -13 1576 1 0 1.000000
-5.889970 -0.368268 0 13.280900 8.616670 213.325000 1492.690000 -13 1577 1 0 1.000000
0.928902 -3.022170 0 -2.564660 -10.664800 202.340000 1492.640000 -13 1578 1 0 1.000000
0.948447 0.462025 0 -22.054200 9.520230 196.290000 1492.700000 -13 1579 1 0 1.000000
-4.122880 -2.801870 0 5.552400 -24.014000 211.822000 1492.650000 -13 1580 1 0 1.000000
-1.695230 -7.573110 0 28.081000 5.585200 220.921000 1492.650000 -13 1581 1 0 1.000000
-2.271440 -3.941640 0 -11.004500 3.913380 203.447000 1492.470000 -13 1582 1 0 1.000000
-4.863520 -5.129690 0 19.582000 9.650670 210.006000 1492.720000 -13 1583 1 0 1.000000
-4.518540 0.629115 0 -11.395100 22.113100 227.422000 1492.540000 -13 1584 1 0 1.000000
-3.638890 -2.851890 0 -9.486840 -18.325300 215.286000 1492.610000 -13 1585 1 0 1.000000
-4.381040 1.355000 0 2.096960 -14.750900 193.380000 1492.650000 -13 1586 1 0 1.000000
2.322370 -1.132400 0 3.659650 4.906210 196.882000 1492.640000 -13 1587 1 0 1.000000
-4.264350 -1.732720 0 19.854800 8.928580 217.554000 1492.690000 -13 1588 1 0 1.000000
2.446860 -2.270050 0 -17.110600 -11.068200 205.733000 1492.510000 -13 1589 1 0 1.000000
0.655666 -4.116100 0 -11.676400 30.053900 200.502000 1492.680000 -13 1590 1 0 1.000000
1.013240 2.376480 0 10.151400 2.465740 203.779000 1492.590000 -13 1591 1 0 1.000000
-2.073030 -2.860930 0 20.226000 1.768940 201.163000 1492.540000 -13 1592 1 0 1.000000
4.264800 -7.776700 0 -11.973900 7.208020 192.887000 1492.590000 -13 1593 1 0 1.000000
-0.701970 -3.775140 0 -1.986880 40.727400 217.992000 1492.570000 -13 1594 1 0 1.000000
-0.464970 -5.197470 0 10.575700 -9.212200 191.183000 1492.740000 -13 1595 1 0 1.000000
0.591334 -7.876000 0 25.377800 7.857460 217.508000 1492.620000 -13 1596 1 0 1.000000
-2.157250 -1.415290 0 3.815370 6.667990 206.623000 1492.600000 -13 1597 1 0 1.000000
1.772870 -2.146120 0 -5.507200 8.765500 220.707000 1492.640000 -13 1598 1 0 1.000000
-3.045120 -2.643470 0 14.373600 -1.045570 208.037000 1492.630000 -13 1599 1 0 1.000000
-4.431640 -7.307820 0 9.002430 -0.359255 199.966000 1492.610000 -13 1600 1 0 1.000000
-3.238940 -1.497840 0 9.138740 -6.627290 211.889000 1492.560000 -13 1601 1 0 1.000000
-1.288750 -1.152460 0 0.399898 20.172400 194.813000 1492.490000 -13 1602 1 0 1.000000
0.597500 -4.558290 0 4.386170 10.924200 187.954000 1492.650000 -13 1603 1 0 1.000000
1.194980 -3.276090 0 -23.198600 12.285800 200.823000 1492.400000 -13 1604 1 0 1.000000
-5.889760 0.747120 0 -5.100190 -11.072700 198.801000 1492.670000 -13 1605 1 0 1.000000
-1.873220 1.381970 0 2.570950 -9.207770 183.759000 1492.670000 -13 1606 1 0 1.000000
-1.992020 -1.797150 0 -6.500680 -11.852000 204.879000 1492.470000 -13 1607 1 0 1.000000
-4.782460 -3.331640 0 -15.698000 9.241270 203.233000 1492.580000 -13 1608 1 0 1.000000
-4.264910 -6.367880 0 18.381100 -6.164040 207.905000 1492.480000 -13 1609 1 0 1.000000
-5.787860 -4.705610 0 -22.713800 1.929290 211.871000 1492.480000 -13 1610 1 0 1.000000
-0.575724 -3.023960 0 -9.286960 -0.814412 206.286000 1492.640000 -13 1611 1 0 1.000000
-5.399370 -2.126110 0 10.724800 17.411000 207.309000 1492.740000 -13 1612 1 0 1.000000
-4.982410 -8.206790 0 -8.069480 10.134200 204.536000 1492.580000 -13 1613 1 0 1.000000
3.273590 -1.877290 0 25.521000 -2.229280 214.185000 1492.570000 -13 1614 1 0 1.000000
-2.722070 -2.170440 0 7.795460 -2.051620 206.255000 1492.530000 -13 1615 1 0 1.000000
-0.593815 0.791757 0 0.274080 11.143200 215.933000 1492.540000 -13 1616 1 0 1.000000
-0.776963 1.436530 0 1.730700 -3.222000 197.103000 1492.750000 -13 1617 1 0 1.000000
-4.289870 -1.212200 0 3.977340 17.115100 197.168000 1492.590000 -13 1618 1 0 1.000000
-5.530040 -0.824396 0 -9.010550 -34.398300 204.693000 1492.720000 -13 1619 1 0 1.000000
-0.590754 -1.944700 0 -0.589952 -2.427290 205.193000 1492.600000 -13 1620 1 0 1.000000
-4.319300 -4.647010 0 2.902220 -34.179300 222.904000 1492.620000 -13 1621 1 0 1.000000
-8.602010 -2.547940 0 6.019570 -8.218440 210.565000 1492.530000 -13 1622 1 0 1.000000
-2.923990 -5.360010 0 -10.914500 -10.075500 212.385000 1492.500000 -13 1623 1 0 1.000000
0.927950 -4.214260 0 -18.154200 13.078100 197.170000 1492.510000 -13 1624 1 0 1.000000
-2.248520 -7.520950 0 13.239600 19.391200 196.987000 1492.610000 -13 1625 1 0 1.000000
-2.965120 0.305727 0 14.494800 -30.503100 216.455000 1492.600000 -13 1626 1 0 1.000000
-10.964100 0.308776 0 16.809800 -7.557730 203.758000 1492.750000 -13 1627 1 0 1.000000
-2.252830 -3.664680 0 -12.690800 0.546222 197.137000 1492.550000 -13 1628 1 0 1.000000
-4.710060 -2.154240 0 3.007730 -7.703770 193.994000 1492.540000 -13 1629 1 0 1.000000
-2.892550 -4.698030 0 18.174000 -8.393240 204.084000 1492.620000 -13 1630 1 0 1.000000
-4.360370 0.960162 0 -2.515660 -10.125000 216.010000 1492.510000 -13 1631 1 0 1.000000
-2.354800 -0.246709 0 1.454270 16.869800 212.087000 1492.500000 -13 1632 1 0 1.000000
3.372780 -5.234050 0 8.559020 0.538809 192.675000 1492.710000 -13 1633 1 0 1.000000
-6.850090 -0.641446 0 -23.435800 2.255190 218.827000 1492.610000 -13 1634 1 0 1.000000
-4.875990 -0.978591 0 -36.356800 1.696130 218.998000 1492.610000 -13 1635 1 0 1.000000
-1.600450 4.371940 0 -20.487500 -0.108967 214.115000 1492.790000 -13 1636 1 0 1.000000
2.261200 -5.151540 0 0.731258 -13.248800 200.149000 1492.500000 -13 1637 1 0 1.000000
-4.527020 -1.694050 0 11.599600 6.847300 222.915000 1492.660000 -13 1638 1 0 1.000000
3.345540 -2.919560 0 -9.827600 27.846700 226.921000 1492.590000 -13 1639 1 0 1.000000
-3.391360 0.636360 0 19.064100 6.521700 195.880000 1492.500000 -13 1640 1 0 1.000000
-2.686390 -0.483977 0 -5.832740 5.188280 207.963000 1492.570000 -13 1641 1 0 1.000000
-0.197252 -1.647090 0 -6.344960 -4.271690 208.945000 1492.770000 -13 1642 1 0 1.000000
-4.266030 -5.332750 0 0.675267 -8.635080 203.461000 1492.840000 -13 1643 1 0 1.000000
-1.580510 -4.505030 0 3.389940 7.447240 205.339000 1492.460000 -13 1644 1 0 1.000000
-5.678700 -3.431330 0 -3.602390 -7.268810 205.384000 1492.710000 -13 1645 1 0 1.000000
-3.940240 -4.823340 0 16.745400 -13.158700 209.127000 1492.770000 -13 1646 1 0 1.000000
-3.694640 -1.706990 0 -11.957500 4.165470 219.901000 1492.610000 -13 1647 1 0 1.000000
-8.964520 -3.697390 0 39.559100 -18.415900 215.770000 1492.670000 -13 1648 1 0 1.000000
0.585209 -0.671209 0 7.846450 -27.508800 212.301000 1492.540000 -13 1649 1 0 1.000000
-2.287590 -3.766510 0 -15.518700 -4.466720 209.412000 1492.460000 -13 1650 1 0 1.000000
-3.760090 -3.187850 0 8.911830 -9.412730 196.916000 1492.450000 -13 1651 1 0 1.000000
-4.100340 0.454657 0 -15.106400 -8.977570 217.252000 1492.740000 -13 1652 1 0 1.000000
-3.687560 -1.912760 0 3.646770 -12.564900 220.176000 1492.700000 -13 1653 1 0 1.000000
-0.090174 2.561320 0 4.857710 -9.189890 208.884000 1492.580000 -13 1654 1 0 1.000000
-1.167840 -3.323290 0 -9.142170 -12.548000 205.072000 1492.690000 -13 1655 1 0 1.000000
-2.960090 -1.764520 0 3.428060 -6.538790 215.078000 1492.490000 -13 1656 1 0 1.000000
-0.254733 -0.768560 0 -9.696700 5.686580 218.416000 1492.610000 -13 1657 1 0 1.000000
4.074000 -1.253990 0 -9.660810 -6.912710 191.383000 1492.590000 -13 1658 1 0 1.000000
-3.131440 -2.379670 0 14.846400 12.818200 212.819000 1492.730000 -13 1659 1 0 1.000000
-7.665800 -7.455200 0 -8.925900 2.712750 211.448000 1492.770000 -13 1660 1 0 1.000000
-4.649690 -1.454800 0 -6.649470 13.125000 205.328000 1492.470000 -13 1661 1 0 1.000000
-4.236130 -1.912100 0 0.046212 -4.047660 200.193000 1492.500000 -13 1662 1 0 1.000000
-6.656220 -7.070790 0 16.657400 -2.975110 217.054000 1492.620000 -13 1663 1 0 1.000000
-5.757550 -3.456090 0 3.510660 -4.935770 216.149000 1492.530000 -13 1664 1 0 1.000000
-0.217077 1.694010 0 -14.972800 -7.869670 191.484000 1492.780000 -13 1665 1 0 1.000000
-10.453700 -2.029830 0 7.170850 9.873310 213.397000 1492.430000 -13 1666 1 0 1.000000
-4.963170 -2.033770 0 -5.421410 9.947970 204.465000 1492.590000 -13 1667 1 0 1.000000
1.258110 4.019840 0 -12.526500 -0.697100 200.854000 1492.550000 -13 1668 1 0 1.000000
1.158340 2.038090 0 -21.211200 13.085200 223.638000 1492.540000 -13 1669 1 0 1.000000
-5.026480 -4.729680 0 10.967400 -2.723080 211.448000 1492.460000 -13 1670 1 0 1.000000
-5.387880 1.859750 0 2.861700 12.889300 210.973000 1492.640000 -13 1671 1 0 1.000000
-3.024980 -1.738970 0 -15.778300 -21.410400 193.702000 1492.510000 -13 1672 1 0 1.000000
-1.095200 0.258721 0 -4.774290 12.406000 215.213000 1492.570000 -13 1673 1 0 1.000000
-2.216260 -2.518660 0 -10.763900 -3.270730 218.646000 1492.610000 -13 1674 1 0 1.000000
-4.686070 -3.771330 0 16.560300 -4.884510 191.477000 1492.610000 -13 1675 1 0 1.000000
-0.921312 4.696330 0 -2.141340 -14.269000 197.204000 1492.530000 -13 1676 1 0 1.000000
-2.790050 -0.074353 0 3.544380 -11.102100 202.248000 1492.620000 -13 1677 1 0 1.000000
-2.433680 -3.651410 0 -5.679180 -2.868880 194.663000 1492.530000 -13 1678 1 0 1.000000
-1.586210 -0.422446 0 -10.553100 17.333900 216.871000 1492.680000 -13 1679 1 0 1.000000
-5.604700 -5.167970 0 -23.242400 12.254200 208.267000 1492.650000 -13 1680 1 0 1.000000
1.150110 -7.927290 0 2.130660 10.637100 214.146000 1492.720000 -13 1681 1 0 1.000000
-1.125350 1.025090 0 20.488600 -1.150420 215.161000 1492.540000 -13 1682 1 0 1.000000
-3.308750 -2.323490 0 -14.393900 -2.972340 202.942000 1492.720000 -13 1683 1 0 1.000000
0.837257 2.566190 0 -1.633430 -20.965300 208.796000 1492.510000 -13 1684 1 0 1.000000
-0.079687 -3.905470 0 -0.019888 16.026700 183.985000 1492.660000 -13 1685 1 0 1.000000
-3.348780 -3.686960 0 -0.000789 -10.604700 218.537000 1492.530000 -13 1686 1 0 1.000000
-9.446250 -3.885890 0 -7.584600 12.841100 201.269000 1492.590000 -13 1687 1 0 1.000000
0.494027 -9.770280 0 2.447770 -13.296600 208.127000 1492.680000 -13 1688 1 0 1.000000
2.071630 -2.188500 0 -6.855560 -8.151950 223.013000 1492.510000 -13 1689 1 0 1.000000
0.054602 -0.999312 0 -6.129650 -13.388400 221.082000 1492.670000 -13 1690 1 0 1.000000
2.167650 3.337760 0 22.973300 -2.639280 209.526000 1492.700000 -13 1691 1 0 1.000000
-11.651600 -2.820160 0 2.357420 -12.408600 223.383000 1492.620000 -13 1692 1 0 1.000000
-1.673730 -6.489530 0 -2.238260 -11.511600 219.650000 1492.550000 -13 1693 1 0 1.000000
0.149456 -0.801738 0 -7.097590 24.244300 221.860000 1492.570000 -13 1694 1 0 1.000000
-7.413830 -7.756380 0 6.147630 -5.483430 213.063000 1492.680000 -13 1695 1 0 1.000000
0.513612 -6.994390 0 -20.436900 26.797000 227.265000 1492.660000 -13 1696 1 0 1.000000
1.504310 -2.641040 0 0.666798 4.228140 202.521000 1492.690000 -13 1697 1 0 1.000000
-2.304620 1.778380 0 16.551900 6.714370 217.790000 1492.700000 -13 1698 1 0 1.000000
1.295380 -2.648580 0 -6.480690 -20.395300 200.550000 1492.430000 -13 1699 1 0 1.000000
-9.331630 -2.422200 0 -16.056000 -11.531300 213.932000 1492.570000 -13 1700 1 0 1.000000
-1.770960 -0.936457 0 -12.461500 -0.733053 215.065000 1492.610000 -13 1701 1 0 1.000000
-0.212012 -8.342350 0 6.931790 7.371850 199.862000 1492.700000 -13 1702 1 0 1.000000
3.277080 -3.712430 0 -17.357500 6.042420 185.824000 1492.540000 -13 1703 1 0 1.000000
-6.262140 1.332270 0 -29.318500 6.187260 202.492000 1492.640000 -13 1704 1 0 1.000000
-0.877700 -5.235960 0 3.448750 -11.684000 207.626000 1492.580000 -13 1705 1 0 1.000000
4.889340 -0.855640 0 -11.762600 9.213980 213.574000 1492.610000 -13 1706 1 0 1.000000
-2.831740 -6.388140 0 7.132760 -14.090000 224.628000 1492.510000 -13 1707 1 0 1.000000
-6.659280 0.561967 0 9.651600 3.422100 209.389000 1492.670000 -13 1708 1 0 1.000000
-3.108840 0.903918 0 10.913700 -10.146500 218.908000 1492.600000 -13 1709 1 0 1.000000
3.194040 -6.105660 0 10.274100 12.405600 192.783000 1492.650000 -13 1710 1 0 1.000000
-1.097250 1.265700 0 -0.172314 5.960790 201.848000 1492.690000 -13 1711 1 0 1.000000
-2.228130 -5.462650 0 -7.045410 26.626700 210.914000 1492.700000 -13 1712 1 0 1.000000
-5.236650 -2.463370 0 8.376820 8.385270 196.667000 1492.530000 -13 1713 1 0 1.000000
4.811850 -6.397590 0 26.488100 -0.489174 195.712000 1492.560000 -13 1714 1 0 1.000000
1.804730 -9.111190 0 5.341630 16.107800 213.730000 1492.620000 -13 1715 1 0 1.000000
-3.211390 1.101530 0 19.485400 0.321211 208.044000 1492.650000 -13 1716 1 0 1.000000
-2.162280 -6.352040 0 3.411510 -12.509800 213.947000 1492.580000 -13 1717 1 0 1.000000
-3.023130 -5.221250 0 -0.809036 15.730400 196.745000 1492.670000 -13 1718 1 0 1.000000
-1.920880 0.841370 0 4.438140 0.150740 201.493000 1492.700000 -13 1719 1 0 1.000000
-1.947710 -4.901980 0 0.410369 7.416530 211.885000 1492.580000 -13 1720 1 0 1.000000
-2.460600 -3.558000 0 -11.067000 0.892915 218.012000 1492.560000 -13 1721 1 0 1.000000
-3.658290 -2.259510 0 5.884470 5.384490 211.840000 1492.490000 -13 1722 1 0 1.000000
-4.804560 -5.956990 0 -15.543100 -8.581490 216.619000 1492.670000 -13 1723 1 0 1.000000
-1.677380 -0.741161 0 11.224500 2.416950 208.991000 1492.590000 -13 1724 1 0 1.000000
-1.885260 2.015420 0 -11.876200 16.959400 200.140000 1492.620000 -13 1725 1 0 1.000000
0.782915 0.902247 0 -19.833400 14.005900 225.009000 1492.530000 -13 1726 1 0 1.000000
-3.425630 -1.618070 0 9.157540 17.546600 206.077000 1492.470000 -13 1727 1 0 1.000000
-0.042071 -0.137394 0 9.032610 35.878600 222.422000 1492.550000 -13 1728 1 0 1.000000
-3.784510 -4.718280 0 1.116590 17.930400 219.544000 1492.660000 -13 1729 1 0 1.000000
-9.362100 -4.207840 0 17.059500 -21.517100 203.911000 1492.520000 -13 1730 1 0 1.000000
-5.871240 -2.960200 0 2.210370 5.343560 194.473000 1492.670000 -13 1731 1 0 1.000000
-0.126068 -3.389320 0 -1.120260 -3.907700 197.174000 1492.630000 -13 1732 1 0 1.000000
-1.321570 -5.601800 0 0.798584 22.014400 200.653000 1492.540000 -13 1733 1 0 1.000000
-4.299340 1.534810 0 17.295700 16.581300 194.957000 1492.620000 -13 1734 1 0 1.000000
1.212200 -6.234530 0 -1.536810 -19.728000 210.202000 1492.640000 -13 1735 1 0 1.000000
-1.976030 -5.592340 0 10.714800 -22.196100 198.086000 1492.590000 -13 1736 1 0 1.000000
-4.018570 -4.400080 0 -4.556880 0.361020 220.883000 1492.640000 -13 1737 1 0 1.000000
-2.045460 -4.307690 0 -12.150500 -1.469540 221.250000 1492.490000 -13 1738 1 0 1.000000
0.860112 3.399040 0 3.079130 13.514900 218.483000 1492.520000 -13 1739 1 0 1.000000
-1.249060 -4.254280 0 3.821160 7.479690 224.369000 1492.650000 -13 1740 1 0 1.000000
-5.769210 -0.771005 0 -26.539300 -31.500700 232.809000 1492.630000 -13 1741 1 0 1.000000
-3.405160 -0.183604 0 -0.615900 -16.110500 218.726000 1492.590000 -13 1742 1 0 1.000000
3.113510 -7.587090 0 2.262550 -13.015800 198.507000 1492.490000 -13 1743 1 0 1.000000
-7.208870 -1.842500 0 -9.580050 -5.865150 218.848000 1492.600000 -13 1744 1 0 1.000000
-0.343914 -3.722830 0 8.991880 0.476272 200.603000 1492.630000 -13 1745 1 0 1.000000
-1.847390 4.108220 0 -19.065400 -11.780600 202.484000 1492.560000 -13 1746 1 0 1.000000
-6.830110 -0.208609 0 -0.460441 -18.029500 206.999000 1492.660000 -13 1747 1 0 1.000000
-2.276840 -0.355583 0 12.224100 -6.863340 187.407000 1492.620000 -13 1748 1 0 1.000000
-0.665132 4.832310 0 -4.507530 -6.712610 210.606000 1492.490000 -13 1749 1 0 1.000000
0.526883 -4.373960 0 6.915990 -26.005900 222.027000 1492.660000 -13 1750 1 0 1.000000
-4.068160 -2.599140 0 11.106400 -1.915740 220.674000 1492.550000 -13 1751 1 0 1.000000
-4.345560 -1.276090 0 1.339580 5.013460 216.438000 1492.710000 -13 1752 1 0 1.000000
0.111688 2.940330 0 -19.237000 11.868200 192.008000 1492.650000 -13 1753 1 0 1.000000
-0.597304 -0.688664 0 -8.841360 15.356600 208.310000 1492.730000 -13 1754 1 0 1.000000
-1.969080 -3.919770 0 -27.945700 15.484300 214.667000 1492.600000 -13 1755 1 0 1.000000
-5.326890 -2.702010 0 20.454400 -3.088100 218.742000 1492.710000 -13 1756 1 0 1.000000
-0.741878 -7.143550 0 -12.310700 8.770420 227.206000 1492.460000 -13 1757 1 0 1.000000
0.443058 -3.499950 0 14.684400 -12.061300 188.884000 1492.700000 -13 1758 1 0 1.000000
3.007970 -2.391790 0 -4.252530 19.955900 199.841000 1492.640000 -13 1759 1 0 1.000000
0.639160 -3.505180 0 -12.923800 3.279820 204.094000 1492.710000 -13 1760 1 0 1.000000
-4.129620 -12.817600 0 -5.498520 -12.518600 216.564000 1492.480000 -13 1761 1 0 1.000000
-5.504750 -2.702650 0 -11.954000 4.274460 208.258000 1492.670000 -13 1762 1 0 1.000000
-9.828830 1.040000 0 6.114410 -10.358600 202.167000 1492.710000 -13 1763 1 0 1.000000
0.604101 -2.858410 0 17.985400 -2.649230 215.445000 1492.550000 -13 1764 1 0 1.000000
-6.530350 -2.314170 0 -10.266400 27.780500 216.798000 1492.510000 -13 1765 1 0 1.000000
-9.810640 -5.412750 0 -8.169630 -10.193900 199.816000 1492.550000 -13 1766 1 0 1.000000
3.686050 -1.887850 0 -0.552151 20.871800 212.976000 1492.680000 -13 1767 1 0 1.000000
-2.745940 -4.849850 0 0.590285 -12.880900 204.733000 1492.700000 -13 1768 1 0 1.000000
-2.525250 -0.923103 0 -4.012420 7.098210 198.995000 1492.550000 -13 1769 1 0 1.000000
-6.978380 -0.119762 0 -5.671300 -8.729050 190.834000 1492.660000 -13 1770 1 0 1.000000
-4.592820 -1.591720 0 -2.689030 -8.804230 207.319000 1492.770000 -13 1771 1 0 1.000000
-0.604222 -5.438770 0 -21.654800 -6.746500 206.036000 1492.700000 -13 1772 1 0 1.000000
0.004841 -3.613220 0 -8.408600 19.929300 210.131000 1492.640000 -13 1773 1 0 1.000000
-1.785450 -11.107100 0 7.310870 6.309680 214.230000 1492.450000 -13 1774 1 0 1.000000
0.970756 2.052760 0 -14.478500 1.012600 206.169000 1492.630000 -13 1775 1 0 1.000000
-0.360999 0.928137 0 -0.692582 19.031600 208.077000 1492.560000 -13 1776 1 0 1.000000
3.950790 -5.053270 0 -7.098080 -34.418900 213.361000 1492.540000 -13 1777 1 0 1.000000
-0.692281 1.364280 0 7.615830 -10.685700 199.561000 1492.550000 -13 1778 1 0 1.000000
-4.449620 -6.859690 0 7.015640 9.403740 215.369000 1492.600000 -13 1779 1 0 1.000000
-1.401090 -0.225366 0 -11.085400 7.857460 205.548000 1492.650000 -13 1780 1 0 1.000000
-0.606556 -1.785890 0 14.040700 -9.832300 204.405000 1492.660000 -13 1781 1 0 1.000000
0.466131 -1.037060 0 -36.581200 -12.716600 195.543000 1492.670000 -13 1782 1 0 1.000000
-0.160225 -0.699291 0 10.938300 7.368200 204.998000 1492.510000 -13 1783 1 0 1.000000
0.428807 -2.611840 0 -0.163519 -1.253170 204.658000 1492.360000 -13 1784 1 0 1.000000
-0.123888 -5.253260 0 -10.785400 -10.775500 196.531000 1492.610000 -13 1785 1 0 1.000000
-3.946450 -5.261970 0 3.640290 -16.847300 216.039000 1492.510000 -13 1786 1 0 1.000000
-4.560080 -6.363810 0 -1.914580 -12.230300 207.387000 1492.810000 -13 1787 1 0 1.000000
0.437351 -2.883190 0 -4.450490 20.196100 200.734000 1492.750000 -13 1788 1 0 1.000000
1.091270 -4.585500 0 3.753520 10.394500 196.376000 1492.720000 -13 1789 1 0 1.000000
-0.955935 -2.990130 0 -5.573170 2.647430 203.626000 1492.540000 -13 1790 1 0 1.000000
-1.890480 -4.761870 0 17.552000 4.200720 189.918000 1492.730000 -13 1791 1 0 1.000000
-6.041430 -5.235420 0 -5.311600 11.521200 212.503000 1492.620000 -13 1792 1 0 1.000000
-3.153200 -1.331340 0 6.423370 -5.539610 185.446000 1492.540000 -13 1793 1 0 1.000000
-3.897550 -0.808345 0 -10.250100 11.069000 223.417000 1492.570000 -13 1794 1 0 1.000000
1.776740 -1.796740 0 -9.631430 -2.070880 211.645000 1492.590000 -13 1795 1 0 1.000000
0.814346 -1.379480 0 -10.144500 -2.952750 209.233000 1492.580000 -13 1796 1 0 1.000000
-3.516710 -0.793453 0 -11.498800 -5.325780 202.373000 1492.650000 -13 1797 1 0 1.000000
-0.836056 -2.710620 0 30.004700 -12.984800 200.359000 1492.710000 -13 1798 1 0 1.000000
-1.199850 -6.030270 0 15.980100 0.356136 211.857000 1492.520000 -13 1799 1 0 1.000000
1.038870 -1.417000 0 -8.398000 8.282390 222.377000 1492.520000 -13 1800 1 0 1.000000
-2.788100 2.351250 0 -19.518700 -8.701150 215.833000 1492.630000 -13 1801 1 0 1.000000
-8.333280 0.623267 0 -2.117440 -9.683460 200.739000 1492.610000 -13 1802 1 0 1.000000
-0.500074 -4.728510 0 6.727530 -9.104670 199.737000 1492.620000 -13 1803 1 0 1.000000
-2.611050 -2.656120 0 10.971900 -23.827700 202.816000 1492.810000 -13 1804 1 0 1.000000
4.499690 3.569750 0 7.898330 -14.339100 210.003000 1492.420000 -13 1805 1 0 1.000000
2.867920 -7.126130 0 -6.883410 3.309020 191.056000 1492.720000 -13 1806 1 0 1.000000
-4.193930 -1.706500 0 16.395000 -1.230040 209.095000 1492.580000 -13 1807 1 0 1.000000
-4.045510 -0.483724 0 1.326040 7.233170 214.406000 1492.530000 -13 1808 1 0 1.000000
-3.775390 -4.212990 0 15.558900 -9.875720 206.855000 1492.770000 -13 1809 1 0 1.000000
2.030090 -3.988720 0 -3.272220 2.778580 208.015000 1492.460000 -13 1810 1 0 1.000000
-6.767900 6.549800 0 -2.540650 -11.435800 209.385000 1492.650000 -13 1811 1 0 1.000000
1.211200 -1.718030 0 -8.933570 10.050300 199.547000 1492.460000 -13 1812 1 0 1.000000
2.255400 4.311680 0 -3.046330 -19.651700 218.166000 1492.770000 -13 1813 1 0 1.000000
-4.372700 -0.930637 0 3.059680 -10.546700 208.827000 1492.550000 -13 1814 1 0 1.000000
1.403360 -4.851800 0 -24.957500 -9.075820 223.800000 1492.640000 -13 1815 1 0 1.000000
-1.924380 -1.908690 0 -8.023600 -40.325500 211.064000 1492.750000 -13 1816 1 0 1.000000
-4.296240 -5.974450 0 -1.101790 3.813950 203.842000 1492.550000 -13 1817 1 0 1.000000
-4.894920 -0.659180 0 -3.970130 -2.481310 198.676000 1492.580000 -13 1818 1 0 1.000000
2.110040 -1.325810 0 -4.339100 21.927400 199.160000 1492.600000 -13 1819 1 0 1.000000
2.706760 -3.453590 0 3.478980 9.622330 213.632000 1492.530000 -13 1820 1 0 1.000000
-1.784550 -2.879670 0 -5.605850 1.755930 201.326000 1492.610000 -13 1821 1 0 1.000000
-0.445494 0.099143 0 4.672590 6.410470 214.134000 1492.590000 -13 1822 1 0 1.000000
-2.609080 -5.253790 0 18.822800 1.410960 204.090000 1492.680000 -13 1823 1 0 1.000000
-5.428170 -1.900740 0 7.046440 30.878100 220.566000 1492.590000 -13 1824 1 0 1.000000
1.615160 -5.222600 0 9.309260 13.454400 210.854000 1492.750000 -13 1825 1 0 1.000000
-0.006796 0.970763 0 -5.756380 4.261960 202.343000 1492.580000 -13 1826 1 0 1.000000
-2.572930 4.209440 0 -8.064840 -3.522820 198.852000 1492.570000 -13 1827 1 0 1.000000
1.975950 -7.419890 0 -4.640340 11.264300 185.587000 1492.620000 -13 1828 1 0 1.000000
0.987989 1.099220 0 -10.414600 -11.967100 196.521000 1492.500000 -13 1829 1 0 1.000000
1.218030 -7.903410 0 -19.794900 10.068400 222.524000 1492.670000 -13 1830 1 0 1.000000
0.705127 0.956622 0 -8.360970 -8.401420 207.661000 1492.720000 -13 1831 1 0 1.000000
-1.099620 -6.393550 0 22.256800 13.205300 207.619000 1492.520000 -13 1832 1 0 1.000000
5.262400 -5.553040 0 -4.166520 2.159390 218.351000 1492.550000 -13 1833 1 0 1.000000
-1.474190 0.100750 0 25.907100 7.304590 216.801000 1492.520000 -13 1834 1 0 1.000000
-2.024590 -2.017880 0 12.235400 -0.379694 195.254000 1492.620000 -13 1835 1 0 1.000000
-3.939410 -1.022210 0 4.320920 14.566400 220.596000 1492.700000 -13 1836 1 0 1.000000
1.660080 -4.840580 0 2.117420 13.657900 216.842000 1492.790000 -13 1837 1 0 1.000000
-3.404350 -2.802030 0 4.455210 -1.362680 224.224000 1492.570000 -13 1838 1 0 1.000000
2.780070 -2.558560 0 5.690890 -5.827470 199.014000 1492.680000 -13 1839 1 0 1.000000
-0.003679 -0.982894 0 -5.427660 4.746270 217.774000 1492.670000 -13 1840 1 0 1.000000
6.586350 -0.555903 0 -13.321600 24.898100 198.751000 1492.630000 -13 1841 1 0 1.000000
-4.924580 -5.151460 0 6.985480 -1.277090 207.852000 1492.510000 -13 1842 1 0 1.000000
-2.280730 1.890610 0 -18.480600 -9.112930 220.760000 1492.600000 -13 1843 1 0 1.000000
-4.287090 -4.008580 0 10.915600 -0.648220 209.693000 1492.700000 -13 1844 1 0 1.000000
-7.625420 -0.014255 0 -15.306800 -4.776390 212.476000 1492.480000 -13 1845 1 0 1.000000
0.650957 -3.810450 0 -11.641100 13.191500 220.244000 1492.710000 -13 1846 1 0 1.000000
-6.592660 -3.838800 0 18.369300 -7.216430 192.148000 1492.670000 -13 1847 1 0 1.000000
-3.737590 1.934290 0 -12.997200 5.395720 204.385000 1492.720000 -13 1848 1 0 1.000000
-4.909740 0.133956 0 -7.149810 -4.100370 217.706000 1492.640000 -13 1849 1 0 1.000000
0.096298 -1.857270 0 -3.630490 6.870010 199.395000 1492.800000 -13 1850 1 0 1.000000
-2.793870 -10.348600 0 -8.535850 -11.749300 219.724000 1492.670000 -13 1851 1 0 1.000000
-3.641650 3.408520 0 -3.316440 0.061107 205.779000 1492.430000 -13 1852 1 0 1.000000
-2.625720 1.953950 0 -15.332300 -2.402950 211.779000 1492.560000 -13 1853 1 0 1.000000
5.257360 0.937637 0 20.905200 -14.046800 221.589000 1492.550000 -13 1854 1 0 1.000000
-1.943250 -0.813581 0 -12.494000 0.109480 208.426000 1492.560000 -13 1855 1 0 1.000000
0.197936 -5.012280 0 0.604125 19.451100 219.947000 1492.660000 -13 1856 1 0 1.000000
-7.949340 0.963390 0 4.523450 12.820000 204.687000 1492.610000 -13 1857 1 0 1.000000
-4.296350 1.921830 0 -9.329000 -11.030900 213.708000 1492.520000 -13 1858 1 0 1.000000
-4.927540 -0.995137 0 19.145200 -1.891860 196.168000 1492.480000 -13 1859 1 0 1.000000
-3.410220 -0.373908 0 -13.723500 -14.751200 200.594000 1492.670000 -13 1860 1 0 1.000000
-2.066690 0.027504 0 5.477840 9.231500 207.990000 1492.510000 -13 1861 1 0 1.000000
-1.218090 -3.174140 0 -7.788430 -16.754200 194.031000 1492.670000 -13 1862 1 0 1.000000
-1.283090 -4.131040 0 -13.194900 9.327420 217.961000 1492.550000 -13 1863 1 0 1.000000
-3.766400 2.386930 0 -4.616250 3.806360 210.666000 1492.570000 -13 1864 1 0 1.000000
-2.915710 -0.301202 0 3.429360 12.863500 195.697000 1492.710000 -13 1865 1 0 1.000000
0.552890 1.412990 0 4.708520 -14.332500 200.109000 1492.580000 -13 1866 1 0 1.000000
-1.018640 1.998060 0 35.092100 13.839100 209.896000 1492.700000 -13 1867 1 0 1.000000
-1.598900 -2.040320 0 -12.937700 6.211480 220.729000 1492.680000 -13 1868 1 0 1.000000
-6.008230 -2.370820 0 -6.352710 3.299080 215.756000 1492.500000 -13 1869 1 0 1.000000
-4.912990 -4.498800 0 16.570100 -17.393100 203.100000 1492.540000 -13 1870 1 0 1.000000
1.316090 1.016230 0 9.740260 -2.236950 206.171000 1492.690000 -13 1871 1 0 1.000000
1.149370 -2.922770 0 -9.235670 -22.292500 201.854000 1492.600000 -13 1872 1 0 1.000000
-2.208210 -7.085720 0 -15.134300 3.734370 206.453000 1492.640000 -13 1873 1 0 1.000000
-0.656176 4.485470 0 1.352880 10.806300 211.317000 1492.750000 -13 1874 1 0 1.000000
-1.418630 -4.585420 0 1.730640 -22.416300 216.500000 1492.470000 -13 1875 1 0 1.000000
-2.098110 -7.161090 0 6.929300 -10.893300 203.839000 1492.610000 -13 1876 1 0 1.000000
-1.754090 -1.090610 0 -4.170450 2.975890 208.641000 1492.510000 -13 1877 1 0 1.000000
-2.443050 -3.913520 0 7.474910 2.847520 193.884000 1492.680000 -13 1878 1 0 1.000000
2.097270 -2.714780 0 10.630900 -2.570700 193.579000 1492.490000 -13 1879 1 0 1.000000
-0.010497 2.258450 0 14.958600 -8.696330 195.118000 1492.630000 -13 1880 1 0 1.000000
5.282490 -9.430510 0 -22.443100 -0.918308 206.042000 1492.500000 -13 1881 1 0 1.000000
-2.119830 -3.186670 0 4.878740 10.058800 215.916000 1492.620000 -13 1882 1 0 1.000000
-1.359060 -4.324200 0 -10.838800 4.145290 201.429000 1492.600000 -13 1883 1 0 1.000000
-1.582890 -1.677330 0 -0.474886 -14.270900 191.567000 1492.510000 -13 1884 1 0 1.000000
-8.135140 -1.605980 0 4.259310 -13.606900 214.961000 1492.530000 -13 1885 1 0 1.000000
3.394000 1.779940 0 18.166200 9.653320 202.988000 1492.510000 -13 1886 1 0 1.000000
-4.553090 -2.496690 0 28.516600 -8.903860 211.028000 1492.630000 -13 1887 1 0 1.000000
3.893560 -1.709710 0 -14.247200 4.445290 210.414000 1492.540000 -13 1888 1 0 1.000000
-1.998070 -4.428620 0 -18.129200 0.162441 202.534000 1492.490000 -13 1889 1 0 1.000000
-4.566850 -1.865270 0 8.099790 -3.842570 208.586000 1492.720000 -13 1890 1 0 1.000000
0.080697 1.514030 0 19.218800 1.991710 214.243000 1492.550000 -13 1891 1 0 1.000000
1.156300 -4.271640 0 9.390060 -0.319819 203.786000 1492.700000 -13 1892 1 0 1.000000
-3.965840 -4.018520 0 3.913210 -9.015320 216.083000 1492.560000 -13 1893 1 0 1.000000
-7.113770 -4.659780 0 13.288700 -17.265400 210.994000 1492.590000 -13 1894 1 0 1.000000
-1.932530 -7.809770 0 10.755300 -6.318030 203.969000 1492.640000 -13 1895 1 0 1.000000
-4.679410 2.558060 0 -13.104000 -3.777600 199.619000 1492.560000 -13 1896 1 0 1.000000
-2.985660 -5.184480 0 -5.811630 -13.039300 203.916000 1492.560000 -13 1897 1 0 1.000000
-1.900280 -5.204210 0 2.942650 -1.887140 222.073000 1492.510000 -13 1898 1 0 1.000000
-1.618610 -3.219250 0 7.807190 23.688900 189.540000 1492.510000 -13 1899 1 0 1.000000
-4.997990 -1.521180 0 -1.778680 3.114500 201.022000 1492.520000 -13 1900 1 0 1.000000
-3.673300 1.420360 0 31.062800 -8.238430 197.848000 1492.570000 -13 1901 1 0 1.000000
-2.825630 -3.938860 0 4.030840 8.967580 191.433000 1492.560000 -13 1902 1 0 1.000000
-0.189569 1.907210 0 -11.427500 -0.356379 216.218000 1492.640000 -13 1903 1 0 1.000000
-3.893390 -0.930815 0 7.253100 -7.772780 203.487000 1492.630000 -13 1904 1 0 1.000000
1.229230 -1.717990 0 0.888022 -5.581560 185.737000 1492.590000 -13 1905 1 0 1.000000
-8.402680 0.090135 0 0.397628 12.941700 198.839000 1492.630000 -13 1906 1 0 1.000000
-0.231523 -7.112470 0 -0.164958 8.798880 195.770000 1492.700000 -13 1907 1 0 1.000000
-3.438670 -2.736090 0 -13.037100 11.815200 215.175000 1492.620000 -13 1908 1 0 1.000000
1.681690 -1.653720 0 -3.221590 18.424100 222.381000 1492.540000 -13 1909 1 0 1.000000
2.089300 -8.341690 0 9.332160 1.142450 208.166000 1492.570000 -13 1910 1 0 1.000000
-1.642580 -3.470870 0 -8.307970 -0.992527 195.257000 1492.530000 -13 1911 1 0 1.000000
-2.513220 -3.086350 0 6.535080 7.986530 220.726000 1492.540000 -13 1912 1 0 1.000000
-0.941274 -4.176750 0 -4.211100 12.823900 203.384000 1492.470000 -13 1913 1 0 1.000000
-2.626770 -4.835540 0 -11.669300 17.363900 222.141000 1492.570000 -13 1914 1 0 1.000000
-2.011840 1.507470 0 19.159700 -2.910290 202.929000 1492.530000 -13 1915 1 0 1.000000
-6.687120 -0.789243 0 -12.802600 -12.056100 216.790000 1492.670000 -13 1916 1 0 1.000000
-2.215010 -2.666880 0 5.147800 17.255000 202.259000 1492.700000 -13 1917 1 0 1.000000
-5.034460 -6.611390 0 -7.849310 -10.253200 218.066000 1492.650000 -13 1918 1 0 1.000000
-5.877170 -1.534000 0 -1.527160 -21.720600 189.784000 1492.680000 -13 1919 1 0 1.000000
-2.297020 -4.157960 0 -7.761180 12.898900 219.696000 1492.540000 -13 1920 1 0 1.000000
-2.755770 8.119560 0 13.441200 -1.745560 213.661000 1492.480000 -13 1921 1 0 1.000000
-5.624920 -2.776730 0 -7.250110 3.869380 212.490000 1492.550000 -13 1922 1 0 1.000000
-0.490890 -6.234810 0 -2.087960 23.354000 211.900000 1492.630000 -13 1923 1 0 1.000000
0.782197 1.012190 0 -17.374300 -11.692700 208.008000 1492.670000 -13 1924 1 0 1.000000
3.162610 -1.120070 0 22.791500 -11.007400 213.840000 1492.560000 -13 1925 1 0 1.000000
-3.542060 -1.648310 0 -0.594637 16.269900 213.242000 1492.680000 -13 1926 1 0 1.000000
-6.253670 -2.894350 0 0.138757 -6.406120 220.888000 1492.570000 -13 1927 1 0 1.000000
-4.993580 -2.849560 0 2.183140 10.525400 218.657000 1492.530000 -13 1928 1 0 1.000000
0.561746 1.977040 0 0.585424 10.420800 213.570000 1492.540000 -13 1929 1 0 1.000000
-3.150050 -3.501230 0 -3.866000 -12.782400 213.576000 1492.710000 -13 1930 1 0 1.000000
1.485100 -2.187480 0 -13.346900 26.959700 187.575000 1492.660000 -13 1931 1 0 1.000000
-4.322670 -5.944040 0 -20.485200 -21.154700 211.178000 1492.540000 -13 1932 1 0 1.000000
-3.422160 -2.788350 0 5.202580 1.879580 220.945000 1492.590000 -13 1933 1 0 1.000000
0.492438 -0.460887 0 6.229450 15.803200 193.686000 1492.630000 -13 1934 1 0 1.000000
-3.959760 0.945734 0 0.232480 10.024000 203.473000 1492.560000 -13 1935 1 0 1.000000
1.032130 -2.262960 0 -0.870031 13.712600 201.850000 1492.590000 -13 1936 1 0 1.000000
-6.766000 -8.714990 0 17.385300 -17.787100 211.222000 1492.590000 -13 1937 1 0 1.000000
-1.736830 1.417680 0 -5.059610 -9.471880 199.668000 1492.620000 -13 1938 1 0 1.000000
-0.417741 -0.140113 0 3.321940 9.564230 210.596000 1492.560000 -13 1939 1 0 1.000000
0.451364 -2.799440 0 -9.602780 -13.081900 198.235000 1492.590000 -13 1940 1 0 1.000000
-6.845420 -1.918640 0 8.831200 3.626980 197.567000 1492.750000 -13 1941 1 0 1.000000
1.670520 -8.219970 0 -11.558100 1.951530 224.461000 1492.670000 -13 1942 1 0 1.000000
4.017370 -5.372620 0 -11.178600 9.610650 186.775000 1492.700000 -13 1943 1 0 1.000000
2.156280 -3.546600 0 12.190000 6.216530 205.697000 1492.440000 -13 1944 1 0 1.000000
-2.601580 3.004460 0 6.122030 14.460300 209.335000 1492.460000 -13 1945 1 0 1.000000
-6.016570 -5.229230 0 -15.759200 -18.888900 221.295000 1492.560000 -13 1946 1 0 1.000000
-0.130467 -4.688370 0 10.547600 5.761150 204.729000 1492.590000 -13 1947 1 0 1.000000
0.427925 3.054920 0 -8.390670 -9.626080 204.563000 1492.610000 -13 1948 1 0 1.000000
-7.299410 0.270919 0 7.546250 -6.074900 199.906000 1492.470000 -13 1949 1 0 1.000000
-5.554020 -0.166259 0 -9.595950 -16.555300 201.659000 1492.660000 -13 1950 1 0 1.000000
-5.602830 1.781580 0 2.890180 -3.655690 220.221000 1492.510000 -13 1951 1 0 1.000000
2.006250 -5.470390 0 -6.284680 4.646930 207.255000 1492.680000 -13 1952 1 0 1.000000
-4.448950 -3.542600 0 4.443810 15.341900 215.099000 1492.460000 -13 1953 1 0 1.000000
-0.982976 2.467720 0 9.186840 -14.406100 198.514000 1492.560000 -13 1954 1 0 1.000000
-2.255100 2.492360 0 7.328400 -13.597300 200.219000 1492.410000 -13 1955 1 0 1.000000
-2.968390 -5.495570 0 -2.096250 -8.064450 218.246000 1492.530000 -13 1956 1 0 1.000000
-2.808880 -1.557570 0 10.165900 -12.044600 205.494000 1492.640000 -13 1957 1 0 1.000000
-5.282300 -8.265700 0 3.660850 -17.709800 215.514000 1492.720000 -13 1958 1 0 1.000000
-7.120460 -2.880810 0 -0.614705 -33.688400 221.279000 1492.620000 -13 1959 1 0 1.000000
-7.906020 -6.782630 0 -6.739180 -11.648800 209.765000 1492.700000 -13 1960 1 0 1.000000
