G4BL_DIR=/home/incik/G4beamline-3.08
G4LEDATA=/home/incik/Geant4Data/G4EMLOW8.0
G4ENSDFSTATEDATA=/home/incik/Geant4Data/G4ENSDFSTATE2.3
G4PARTICLEXSDATA=/home/incik/Geant4Data/G4PARTICLEXS4.0
G4LEVELGAMMADATA=/home/incik/Geant4Data/PhotonEvaporation5.7
G4RADIOACTIVEDATA=/home/incik/Geant4Data/RadioactiveDecay5.6
G4beamline Process ID 28013

*************************************************************
 g4beamline version: 3.08                        (Aug 11 2022)
                      Copyright : Tom Roberts, Muons, Inc.
                        License : Gnu Public License
                            WWW : http://g4beamline.muonsinc.com

          ################################
          !!! G4Backtrace is activated !!!
          ################################


**************************************************************
 Geant4 version Name: geant4-11-00-patch-02 [MT]   (25-May-2022)
                       Copyright : Geant4 Collaboration
                      References : NIM A 506 (2003), 250-303
                                 : IEEE-TNS 53 (2006), 270-278
                                 : NIM A 835 (2016), 186-225
                             WWW : http://geant4.org/
**************************************************************

param        viewer        best,1
geometry                   nPoints=100 printGeometry=0 visual=0
                           tolerance=0.002
param        filename      for009
param        last          2000
param        filein        beam_stage4_noerr_upt.txt
G4PhysListFactory::GetReferencePhysList <QGSP_BERT_EMX>  EMoption= 2
<<< Geant4 Physics List simulation engine: QGSP_BERT

G4VModularPhysicsList::ReplacePhysics: G4EmStandard with type : 2 is replaced with G4EmStandard_opt2

physics      QGSP_BERT_EMX disable= inactivate= deactivate= doStochastics=1
                           fluct=1 minRangeCut=1 list=0 gammaToMuPair=0
                           spinTracking=0 synchrotronRadiation=0
                           synchrotronRadiationMuon=0 maxTime=1e+06
param        pi            3.1415926
param        ncells        60
param        cell_length   850
param        coilname1     coil1
param        coilname2     coil2
param        coil_length1  134.62322649233093
param        coil_radius1  120
param        coil_width1   100
param        current1      141.6134846490137
param        solpos1       0.13495361454679736
param        bendpos       0.1
param        angle         1.5
param        coil_length2  246.57513205137496
param        coil_radius2  250
param        coil_width2   180
param        current2      113.40308930638525
param        solpos2       0.3167097423106357
param        angle         1.5
param        bendpos       0.1
param        dipole        0.162
param        dipole_length 100
param        pres          35
param        rf_length     100
param        rf_fre        0.704
param        rf_grad       27.037847343886234
param        rf_ph         26.44610506485106
param        rf_window_length 0.03
param        wallthick     0.03
material H2     Z=1.00 A=1.01
                density=0.003 temperature=273 pressure=35.0
param        cavity_gas    Vacuum
param        pipe_radius   60
param        pipe_diameter 120
param        fringe_length 240
param        pipe_length   224.88
param        wedge_window_length 0.09
param        half_wedge_length 125
param        wedge_apex    120
param        end_z         51860
param        x_last        -6.02
param        y_last        -6.83
param        x_off         -2.9459875
param        y_off         -3.6150189
param        first         1
param        ref_momentum  203
reference                  particle=mu+ beamX=-2.946 beamY=-3.615 beamZ=0
                           beamT=1037 rotation= referenceMomentum=203 beamXp=0
                           beamYp=0 meanMomentum=203 meanXp=0 meanYp=0
                           tuneZ=-3.7e+21 tuneMomentum=-3.7e+21
                           tolerance=0.001 noEfield=1 noBfield=1 noEloss=1
                           P=203
beam    ASCII   nEvents=2147483647 firstEvent=-1 lastEvent=2147483647 beamZ=-3700000000000000000000.0 maxR=1000000.0 renumber=0 weight=1.000000 
		filename=beam_stage4_noerr_upt.txt format=BLTrackFile 
		
trackcuts                  kill= keep= killSecondaries=1 kineticEnergyCut=0
                           kineticEnergyMax=1.798e+308 maxTime=1e+06
                           keepPrimaries=0 steppingVerbose=0
trace                      nTrace=1 format=Trace oneNTuple=0 primaryOnly=0
                           traceTune=1 filename=Ev%dTrk%d file=Ev%dTrk%d
                           require= coordinates=Centerline
genericbend  solbend       fieldWidth=1000 fieldHeight=1000 fieldLength=100
                           ironWidth=-1 ironHeight=-1 ironLength=-1 By=0.162
                           maxStep=100 fieldMaterial=Vacuum fieldColor=
                           ironMaterial=Fe ironColor=1,1,1 kill=1 fringe=0
                           fringeFactor=1 openAperture=1
fieldexpr fringe_left: Map 30000 points  Max Relative Error = 0.0012
fieldexpr fringe_left: Map 178503 points  Max Relative Error = 0.0003
fieldexpr    fringe_left   factorB=1 factorE=1 timeOffset=0 Bx=
                           By=0.162*((1+exp(5*-z/120)*cos(5*y/120))/(1+2*exp(5*-z/120)*cos(5*y/120)+exp(2*5*-z/120)))
                           Bz=-0.162*exp(5*-z/120)*sin(5*y/120)/(1+2*exp(5*-z/120)*cos(5*y/120)+exp(2*5*-z/120))
                           Br= Bphi= Ex= Ey= Ez= Er= time= nX=3 nY=199 nZ=299
                           nR=11 nT=11 tolerance=0.001 length=240 width=120
                           height=120 radius=-1 tmin=0 tmax=0
fieldexpr fringe_right: Map 30000 points  Max Relative Error = 0.0012
fieldexpr fringe_right: Map 178503 points  Max Relative Error = 0.0003
fieldexpr    fringe_right  factorB=1 factorE=1 timeOffset=0 Bx=
                           By=0.162*((1+exp(5*z/120)*cos(5*y/120))/(1+2*exp(5*z/120)*cos(5*y/120)+exp(2*5*z/120)))
                           Bz=-0.162*exp(5*z/120)*sin(5*y/120)/(1+2*exp(5*z/120)*cos(5*y/120)+exp(2*5*z/120))
                           Br= Bphi= Ex= Ey= Ez= Er= time= nX=3 nY=199 nZ=299
                           nR=11 nT=11 tolerance=0.001 length=240 width=120
                           height=120 radius=-1 tmin=0 tmax=0
coil    coil1   innerRadius=120.0 outerRadius=220.0 length=134.6 material=Cu 
		tolerance=0.002 nSheets=0 
		maxR=520.0 maxZ=850.0 dR=0.0 dZ=0.0 filename=coil1.dat 
coilmap coil1   tolerance=0.00200 [fraction of Bz(r=0,z=0)]
coilmap coil1   read file 'coil1.dat'  dR=6.5 dZ=6.5
solenoid     sol1          coilName=coil1 current=141.6 color=1,1,1
                           alternate=0 kill=1 coil=coil1
solenoid     sol2          coilName=coil1 current=-141.6 color=1,1,1
                           alternate=0 kill=1 coil=coil1
coil    coil2   innerRadius=250.0 outerRadius=430.0 length=246.6 material=Cu 
		tolerance=0.002 nSheets=0 
		maxR=970.0 maxZ=850.0 dR=0.0 dZ=0.0 filename=coil2.dat 
coilmap coil2   tolerance=0.00200 [fraction of Bz(r=0,z=0)]
coilmap coil2   read file 'coil2.dat'  dR=12.1 dZ=12.1
solenoid     sol3          coilName=coil2 current=113.4 color=1,1,1
                           alternate=0 kill=1 coil=coil2
solenoid     sol4          coilName=coil2 current=-113.4 color=1,1,1
                           alternate=0 kill=1 coil=coil2
tubs         pipe          innerRadius=60 outerRadius=61 initialPhi=0
                           finalPhi=360 length=224.9 maxStep=100 material=
                           color=1,1,1 kill=1 radius=61
pillbox      cav00         maxGradient=28.09 color=1.0,0.0,0.0 frequency=0.704
                           innerLength=100 innerRadius=163 pipeThick=3
                           wallThick=0.03 irisRadius=60 collarRadialThick=5
                           collarThick=0 win1Thick=0.03 win1OuterRadius=50
                           win2Thick=0.03 winMat=Be phaseAcc=29.56
                           skinDepth=0.002 timingTolerance=0.001 maxStep=100
                           cavityMaterial=Vacuum timeOffset=-4.7e+21
                           timeIncrement=0 fieldMapFile= kill=1
pillbox      cav01         maxGradient=26.3 color=1.0,0.0,0.0 frequency=0.704
                           innerLength=100 innerRadius=163 pipeThick=3
                           wallThick=0.03 irisRadius=60 collarRadialThick=5
                           collarThick=0 win1Thick=0.03 win1OuterRadius=50
                           win2Thick=0.03 winMat=Be phaseAcc=22.73
                           skinDepth=0.002 timingTolerance=0.001 maxStep=100
                           cavityMaterial=Vacuum timeOffset=-4.7e+21
                           timeIncrement=0 fieldMapFile= kill=1
pillbox      cav02         maxGradient=27.05 color=1.0,0.0,0.0 frequency=0.704
                           innerLength=100 innerRadius=163 pipeThick=3
                           wallThick=0.03 irisRadius=60 collarRadialThick=5
                           collarThick=0 win1Thick=0.03 win1OuterRadius=50
                           win2Thick=0.03 winMat=Be phaseAcc=21.63
                           skinDepth=0.002 timingTolerance=0.001 maxStep=100
                           cavityMaterial=Vacuum timeOffset=-4.7e+21
                           timeIncrement=0 fieldMapFile= kill=1
pillbox      cav03         maxGradient=27.43 color=1.0,0.0,0.0 frequency=0.704
                           innerLength=100 innerRadius=163 pipeThick=3
                           wallThick=0.03 irisRadius=60 collarRadialThick=5
                           collarThick=0 win1Thick=0.03 win1OuterRadius=50
                           win2Thick=0.03 winMat=Be phaseAcc=47.66
                           skinDepth=0.002 timingTolerance=0.001 maxStep=100
                           cavityMaterial=Vacuum timeOffset=-4.7e+21
                           timeIncrement=0 fieldMapFile= kill=1
pillbox      cav10         maxGradient=28.17 color=1.0,0.0,0.0 frequency=0.704
                           innerLength=100 innerRadius=163 pipeThick=3
                           wallThick=0.03 irisRadius=60 collarRadialThick=5
                           collarThick=0 win1Thick=0.03 win1OuterRadius=50
                           win2Thick=0.03 winMat=Be phaseAcc=9.582
                           skinDepth=0.002 timingTolerance=0.001 maxStep=100
                           cavityMaterial=Vacuum timeOffset=-4.7e+21
                           timeIncrement=0 fieldMapFile= kill=1
pillbox      cav11         maxGradient=27.64 color=1.0,0.0,0.0 frequency=0.704
                           innerLength=100 innerRadius=163 pipeThick=3
                           wallThick=0.03 irisRadius=60 collarRadialThick=5
                           collarThick=0 win1Thick=0.03 win1OuterRadius=50
                           win2Thick=0.03 winMat=Be phaseAcc=15.35
                           skinDepth=0.002 timingTolerance=0.001 maxStep=100
                           cavityMaterial=Vacuum timeOffset=-4.7e+21
                           timeIncrement=0 fieldMapFile= kill=1
pillbox      cav12         maxGradient=28.76 color=1.0,0.0,0.0 frequency=0.704
                           innerLength=100 innerRadius=163 pipeThick=3
                           wallThick=0.03 irisRadius=60 collarRadialThick=5
                           collarThick=0 win1Thick=0.03 win1OuterRadius=50
                           win2Thick=0.03 winMat=Be phaseAcc=29.07
                           skinDepth=0.002 timingTolerance=0.001 maxStep=100
                           cavityMaterial=Vacuum timeOffset=-4.7e+21
                           timeIncrement=0 fieldMapFile= kill=1
pillbox      cav13         maxGradient=26.79 color=1.0,0.0,0.0 frequency=0.704
                           innerLength=100 innerRadius=163 pipeThick=3
                           wallThick=0.03 irisRadius=60 collarRadialThick=5
                           collarThick=0 win1Thick=0.03 win1OuterRadius=50
                           win2Thick=0.03 winMat=Be phaseAcc=21.68
                           skinDepth=0.002 timingTolerance=0.001 maxStep=100
                           cavityMaterial=Vacuum timeOffset=-4.7e+21
                           timeIncrement=0 fieldMapFile= kill=1
pillbox      cav20         maxGradient=27.34 color=1.0,0.0,0.0 frequency=0.704
                           innerLength=100 innerRadius=163 pipeThick=3
                           wallThick=0.03 irisRadius=60 collarRadialThick=5
                           collarThick=0 win1Thick=0.03 win1OuterRadius=50
                           win2Thick=0.03 winMat=Be phaseAcc=33.54
                           skinDepth=0.002 timingTolerance=0.001 maxStep=100
                           cavityMaterial=Vacuum timeOffset=-4.7e+21
                           timeIncrement=0 fieldMapFile= kill=1
pillbox      cav21         maxGradient=27.76 color=1.0,0.0,0.0 frequency=0.704
                           innerLength=100 innerRadius=163 pipeThick=3
                           wallThick=0.03 irisRadius=60 collarRadialThick=5
                           collarThick=0 win1Thick=0.03 win1OuterRadius=50
                           win2Thick=0.03 winMat=Be phaseAcc=51.05
                           skinDepth=0.002 timingTolerance=0.001 maxStep=100
                           cavityMaterial=Vacuum timeOffset=-4.7e+21
                           timeIncrement=0 fieldMapFile= kill=1
pillbox      cav22         maxGradient=27.49 color=1.0,0.0,0.0 frequency=0.704
                           innerLength=100 innerRadius=163 pipeThick=3
                           wallThick=0.03 irisRadius=60 collarRadialThick=5
                           collarThick=0 win1Thick=0.03 win1OuterRadius=50
                           win2Thick=0.03 winMat=Be phaseAcc=33.26
                           skinDepth=0.002 timingTolerance=0.001 maxStep=100
                           cavityMaterial=Vacuum timeOffset=-4.7e+21
                           timeIncrement=0 fieldMapFile= kill=1
pillbox      cav23         maxGradient=25.45 color=1.0,0.0,0.0 frequency=0.704
                           innerLength=100 innerRadius=163 pipeThick=3
                           wallThick=0.03 irisRadius=60 collarRadialThick=5
                           collarThick=0 win1Thick=0.03 win1OuterRadius=50
                           win2Thick=0.03 winMat=Be phaseAcc=36.43
                           skinDepth=0.002 timingTolerance=0.001 maxStep=100
                           cavityMaterial=Vacuum timeOffset=-4.7e+21
                           timeIncrement=0 fieldMapFile= kill=1
pillbox      cav30         maxGradient=27.32 color=1.0,0.0,0.0 frequency=0.704
                           innerLength=100 innerRadius=163 pipeThick=3
                           wallThick=0.03 irisRadius=60 collarRadialThick=5
                           collarThick=0 win1Thick=0.03 win1OuterRadius=50
                           win2Thick=0.03 winMat=Be phaseAcc=14.32
                           skinDepth=0.002 timingTolerance=0.001 maxStep=100
                           cavityMaterial=Vacuum timeOffset=-4.7e+21
                           timeIncrement=0 fieldMapFile= kill=1
pillbox      cav31         maxGradient=26.82 color=1.0,0.0,0.0 frequency=0.704
                           innerLength=100 innerRadius=163 pipeThick=3
                           wallThick=0.03 irisRadius=60 collarRadialThick=5
                           collarThick=0 win1Thick=0.03 win1OuterRadius=50
                           win2Thick=0.03 winMat=Be phaseAcc=14.37
                           skinDepth=0.002 timingTolerance=0.001 maxStep=100
                           cavityMaterial=Vacuum timeOffset=-4.7e+21
                           timeIncrement=0 fieldMapFile= kill=1
pillbox      cav32         maxGradient=26.86 color=1.0,0.0,0.0 frequency=0.704
                           innerLength=100 innerRadius=163 pipeThick=3
                           wallThick=0.03 irisRadius=60 collarRadialThick=5
                           collarThick=0 win1Thick=0.03 win1OuterRadius=50
                           win2Thick=0.03 winMat=Be phaseAcc=43.03
                           skinDepth=0.002 timingTolerance=0.001 maxStep=100
                           cavityMaterial=Vacuum timeOffset=-4.7e+21
                           timeIncrement=0 fieldMapFile= kill=1
pillbox      cav33         maxGradient=26.14 color=1.0,0.0,0.0 frequency=0.704
                           innerLength=100 innerRadius=163 pipeThick=3
                           wallThick=0.03 irisRadius=60 collarRadialThick=5
                           collarThick=0 win1Thick=0.03 win1OuterRadius=50
                           win2Thick=0.03 winMat=Be phaseAcc=36.29
                           skinDepth=0.002 timingTolerance=0.001 maxStep=100
                           cavityMaterial=Vacuum timeOffset=-4.7e+21
                           timeIncrement=0 fieldMapFile= kill=1
pillbox      cav40         maxGradient=26.58 color=1.0,0.0,0.0 frequency=0.704
                           innerLength=100 innerRadius=163 pipeThick=3
                           wallThick=0.03 irisRadius=60 collarRadialThick=5
                           collarThick=0 win1Thick=0.03 win1OuterRadius=50
                           win2Thick=0.03 winMat=Be phaseAcc=25.02
                           skinDepth=0.002 timingTolerance=0.001 maxStep=100
                           cavityMaterial=Vacuum timeOffset=-4.7e+21
                           timeIncrement=0 fieldMapFile= kill=1
pillbox      cav41         maxGradient=28.05 color=1.0,0.0,0.0 frequency=0.704
                           innerLength=100 innerRadius=163 pipeThick=3
                           wallThick=0.03 irisRadius=60 collarRadialThick=5
                           collarThick=0 win1Thick=0.03 win1OuterRadius=50
                           win2Thick=0.03 winMat=Be phaseAcc=40.67
                           skinDepth=0.002 timingTolerance=0.001 maxStep=100
                           cavityMaterial=Vacuum timeOffset=-4.7e+21
                           timeIncrement=0 fieldMapFile= kill=1
pillbox      cav42         maxGradient=26.86 color=1.0,0.0,0.0 frequency=0.704
                           innerLength=100 innerRadius=163 pipeThick=3
                           wallThick=0.03 irisRadius=60 collarRadialThick=5
                           collarThick=0 win1Thick=0.03 win1OuterRadius=50
                           win2Thick=0.03 winMat=Be phaseAcc=32.4
                           skinDepth=0.002 timingTolerance=0.001 maxStep=100
                           cavityMaterial=Vacuum timeOffset=-4.7e+21
                           timeIncrement=0 fieldMapFile= kill=1
pillbox      cav43         maxGradient=25.78 color=1.0,0.0,0.0 frequency=0.704
                           innerLength=100 innerRadius=163 pipeThick=3
                           wallThick=0.03 irisRadius=60 collarRadialThick=5
                           collarThick=0 win1Thick=0.03 win1OuterRadius=50
                           win2Thick=0.03 winMat=Be phaseAcc=22.68
                           skinDepth=0.002 timingTolerance=0.001 maxStep=100
                           cavityMaterial=Vacuum timeOffset=-4.7e+21
                           timeIncrement=0 fieldMapFile= kill=1
pillbox      cav50         maxGradient=27.7 color=1.0,0.0,0.0 frequency=0.704
                           innerLength=100 innerRadius=163 pipeThick=3
                           wallThick=0.03 irisRadius=60 collarRadialThick=5
                           collarThick=0 win1Thick=0.03 win1OuterRadius=50
                           win2Thick=0.03 winMat=Be phaseAcc=41.37
                           skinDepth=0.002 timingTolerance=0.001 maxStep=100
                           cavityMaterial=Vacuum timeOffset=-4.7e+21
                           timeIncrement=0 fieldMapFile= kill=1
pillbox      cav51         maxGradient=25.69 color=1.0,0.0,0.0 frequency=0.704
                           innerLength=100 innerRadius=163 pipeThick=3
                           wallThick=0.03 irisRadius=60 collarRadialThick=5
                           collarThick=0 win1Thick=0.03 win1OuterRadius=50
                           win2Thick=0.03 winMat=Be phaseAcc=23.12
                           skinDepth=0.002 timingTolerance=0.001 maxStep=100
                           cavityMaterial=Vacuum timeOffset=-4.7e+21
                           timeIncrement=0 fieldMapFile= kill=1
pillbox      cav52         maxGradient=26.4 color=1.0,0.0,0.0 frequency=0.704
                           innerLength=100 innerRadius=163 pipeThick=3
                           wallThick=0.03 irisRadius=60 collarRadialThick=5
                           collarThick=0 win1Thick=0.03 win1OuterRadius=50
                           win2Thick=0.03 winMat=Be phaseAcc=18.96
                           skinDepth=0.002 timingTolerance=0.001 maxStep=100
                           cavityMaterial=Vacuum timeOffset=-4.7e+21
                           timeIncrement=0 fieldMapFile= kill=1
pillbox      cav53         maxGradient=26.49 color=1.0,0.0,0.0 frequency=0.704
                           innerLength=100 innerRadius=163 pipeThick=3
                           wallThick=0.03 irisRadius=60 collarRadialThick=5
                           collarThick=0 win1Thick=0.03 win1OuterRadius=50
                           win2Thick=0.03 winMat=Be phaseAcc=24.08
                           skinDepth=0.002 timingTolerance=0.001 maxStep=100
                           cavityMaterial=Vacuum timeOffset=-4.7e+21
                           timeIncrement=0 fieldMapFile= kill=1
pillbox      cav60         maxGradient=27.1 color=1.0,0.0,0.0 frequency=0.704
                           innerLength=100 innerRadius=163 pipeThick=3
                           wallThick=0.03 irisRadius=60 collarRadialThick=5
                           collarThick=0 win1Thick=0.03 win1OuterRadius=50
                           win2Thick=0.03 winMat=Be phaseAcc=41.3
                           skinDepth=0.002 timingTolerance=0.001 maxStep=100
                           cavityMaterial=Vacuum timeOffset=-4.7e+21
                           timeIncrement=0 fieldMapFile= kill=1
pillbox      cav61         maxGradient=24.52 color=1.0,0.0,0.0 frequency=0.704
                           innerLength=100 innerRadius=163 pipeThick=3
                           wallThick=0.03 irisRadius=60 collarRadialThick=5
                           collarThick=0 win1Thick=0.03 win1OuterRadius=50
                           win2Thick=0.03 winMat=Be phaseAcc=32.45
                           skinDepth=0.002 timingTolerance=0.001 maxStep=100
                           cavityMaterial=Vacuum timeOffset=-4.7e+21
                           timeIncrement=0 fieldMapFile= kill=1
pillbox      cav62         maxGradient=26.47 color=1.0,0.0,0.0 frequency=0.704
                           innerLength=100 innerRadius=163 pipeThick=3
                           wallThick=0.03 irisRadius=60 collarRadialThick=5
                           collarThick=0 win1Thick=0.03 win1OuterRadius=50
                           win2Thick=0.03 winMat=Be phaseAcc=16.75
                           skinDepth=0.002 timingTolerance=0.001 maxStep=100
                           cavityMaterial=Vacuum timeOffset=-4.7e+21
                           timeIncrement=0 fieldMapFile= kill=1
pillbox      cav63         maxGradient=28.13 color=1.0,0.0,0.0 frequency=0.704
                           innerLength=100 innerRadius=163 pipeThick=3
                           wallThick=0.03 irisRadius=60 collarRadialThick=5
                           collarThick=0 win1Thick=0.03 win1OuterRadius=50
                           win2Thick=0.03 winMat=Be phaseAcc=16.05
                           skinDepth=0.002 timingTolerance=0.001 maxStep=100
                           cavityMaterial=Vacuum timeOffset=-4.7e+21
                           timeIncrement=0 fieldMapFile= kill=1
pillbox      cav70         maxGradient=27.82 color=1.0,0.0,0.0 frequency=0.704
                           innerLength=100 innerRadius=163 pipeThick=3
                           wallThick=0.03 irisRadius=60 collarRadialThick=5
                           collarThick=0 win1Thick=0.03 win1OuterRadius=50
                           win2Thick=0.03 winMat=Be phaseAcc=28.9
                           skinDepth=0.002 timingTolerance=0.001 maxStep=100
                           cavityMaterial=Vacuum timeOffset=-4.7e+21
                           timeIncrement=0 fieldMapFile= kill=1
pillbox      cav71         maxGradient=27.98 color=1.0,0.0,0.0 frequency=0.704
                           innerLength=100 innerRadius=163 pipeThick=3
                           wallThick=0.03 irisRadius=60 collarRadialThick=5
                           collarThick=0 win1Thick=0.03 win1OuterRadius=50
                           win2Thick=0.03 winMat=Be phaseAcc=19.71
                           skinDepth=0.002 timingTolerance=0.001 maxStep=100
                           cavityMaterial=Vacuum timeOffset=-4.7e+21
                           timeIncrement=0 fieldMapFile= kill=1
pillbox      cav72         maxGradient=26.03 color=1.0,0.0,0.0 frequency=0.704
                           innerLength=100 innerRadius=163 pipeThick=3
                           wallThick=0.03 irisRadius=60 collarRadialThick=5
                           collarThick=0 win1Thick=0.03 win1OuterRadius=50
                           win2Thick=0.03 winMat=Be phaseAcc=31.05
                           skinDepth=0.002 timingTolerance=0.001 maxStep=100
                           cavityMaterial=Vacuum timeOffset=-4.7e+21
                           timeIncrement=0 fieldMapFile= kill=1
pillbox      cav73         maxGradient=28.5 color=1.0,0.0,0.0 frequency=0.704
                           innerLength=100 innerRadius=163 pipeThick=3
                           wallThick=0.03 irisRadius=60 collarRadialThick=5
                           collarThick=0 win1Thick=0.03 win1OuterRadius=50
                           win2Thick=0.03 winMat=Be phaseAcc=34.61
                           skinDepth=0.002 timingTolerance=0.001 maxStep=100
                           cavityMaterial=Vacuum timeOffset=-4.7e+21
                           timeIncrement=0 fieldMapFile= kill=1
pillbox      cav80         maxGradient=27.6 color=1.0,0.0,0.0 frequency=0.704
                           innerLength=100 innerRadius=163 pipeThick=3
                           wallThick=0.03 irisRadius=60 collarRadialThick=5
                           collarThick=0 win1Thick=0.03 win1OuterRadius=50
                           win2Thick=0.03 winMat=Be phaseAcc=32.56
                           skinDepth=0.002 timingTolerance=0.001 maxStep=100
                           cavityMaterial=Vacuum timeOffset=-4.7e+21
                           timeIncrement=0 fieldMapFile= kill=1
pillbox      cav81         maxGradient=28.91 color=1.0,0.0,0.0 frequency=0.704
                           innerLength=100 innerRadius=163 pipeThick=3
                           wallThick=0.03 irisRadius=60 collarRadialThick=5
                           collarThick=0 win1Thick=0.03 win1OuterRadius=50
                           win2Thick=0.03 winMat=Be phaseAcc=30.57
                           skinDepth=0.002 timingTolerance=0.001 maxStep=100
                           cavityMaterial=Vacuum timeOffset=-4.7e+21
                           timeIncrement=0 fieldMapFile= kill=1
pillbox      cav82         maxGradient=26.83 color=1.0,0.0,0.0 frequency=0.704
                           innerLength=100 innerRadius=163 pipeThick=3
                           wallThick=0.03 irisRadius=60 collarRadialThick=5
                           collarThick=0 win1Thick=0.03 win1OuterRadius=50
                           win2Thick=0.03 winMat=Be phaseAcc=30.64
                           skinDepth=0.002 timingTolerance=0.001 maxStep=100
                           cavityMaterial=Vacuum timeOffset=-4.7e+21
                           timeIncrement=0 fieldMapFile= kill=1
pillbox      cav83         maxGradient=27.78 color=1.0,0.0,0.0 frequency=0.704
                           innerLength=100 innerRadius=163 pipeThick=3
                           wallThick=0.03 irisRadius=60 collarRadialThick=5
                           collarThick=0 win1Thick=0.03 win1OuterRadius=50
                           win2Thick=0.03 winMat=Be phaseAcc=18.99
                           skinDepth=0.002 timingTolerance=0.001 maxStep=100
                           cavityMaterial=Vacuum timeOffset=-4.7e+21
                           timeIncrement=0 fieldMapFile= kill=1
pillbox      cav90         maxGradient=26.64 color=1.0,0.0,0.0 frequency=0.704
                           innerLength=100 innerRadius=163 pipeThick=3
                           wallThick=0.03 irisRadius=60 collarRadialThick=5
                           collarThick=0 win1Thick=0.03 win1OuterRadius=50
                           win2Thick=0.03 winMat=Be phaseAcc=49.74
                           skinDepth=0.002 timingTolerance=0.001 maxStep=100
                           cavityMaterial=Vacuum timeOffset=-4.7e+21
                           timeIncrement=0 fieldMapFile= kill=1
pillbox      cav91         maxGradient=27.36 color=1.0,0.0,0.0 frequency=0.704
                           innerLength=100 innerRadius=163 pipeThick=3
                           wallThick=0.03 irisRadius=60 collarRadialThick=5
                           collarThick=0 win1Thick=0.03 win1OuterRadius=50
                           win2Thick=0.03 winMat=Be phaseAcc=34.57
                           skinDepth=0.002 timingTolerance=0.001 maxStep=100
                           cavityMaterial=Vacuum timeOffset=-4.7e+21
                           timeIncrement=0 fieldMapFile= kill=1
pillbox      cav92         maxGradient=27.07 color=1.0,0.0,0.0 frequency=0.704
                           innerLength=100 innerRadius=163 pipeThick=3
                           wallThick=0.03 irisRadius=60 collarRadialThick=5
                           collarThick=0 win1Thick=0.03 win1OuterRadius=50
                           win2Thick=0.03 winMat=Be phaseAcc=39.42
                           skinDepth=0.002 timingTolerance=0.001 maxStep=100
                           cavityMaterial=Vacuum timeOffset=-4.7e+21
                           timeIncrement=0 fieldMapFile= kill=1
pillbox      cav93         maxGradient=27.36 color=1.0,0.0,0.0 frequency=0.704
                           innerLength=100 innerRadius=163 pipeThick=3
                           wallThick=0.03 irisRadius=60 collarRadialThick=5
                           collarThick=0 win1Thick=0.03 win1OuterRadius=50
                           win2Thick=0.03 winMat=Be phaseAcc=-1.373
                           skinDepth=0.002 timingTolerance=0.001 maxStep=100
                           cavityMaterial=Vacuum timeOffset=-4.7e+21
                           timeIncrement=0 fieldMapFile= kill=1
pillbox      cav100        maxGradient=24.78 color=1.0,0.0,0.0 frequency=0.704
                           innerLength=100 innerRadius=163 pipeThick=3
                           wallThick=0.03 irisRadius=60 collarRadialThick=5
                           collarThick=0 win1Thick=0.03 win1OuterRadius=50
                           win2Thick=0.03 winMat=Be phaseAcc=24.82
                           skinDepth=0.002 timingTolerance=0.001 maxStep=100
                           cavityMaterial=Vacuum timeOffset=-4.7e+21
                           timeIncrement=0 fieldMapFile= kill=1
pillbox      cav101        maxGradient=26.61 color=1.0,0.0,0.0 frequency=0.704
                           innerLength=100 innerRadius=163 pipeThick=3
                           wallThick=0.03 irisRadius=60 collarRadialThick=5
                           collarThick=0 win1Thick=0.03 win1OuterRadius=50
                           win2Thick=0.03 winMat=Be phaseAcc=24.43
                           skinDepth=0.002 timingTolerance=0.001 maxStep=100
                           cavityMaterial=Vacuum timeOffset=-4.7e+21
                           timeIncrement=0 fieldMapFile= kill=1
pillbox      cav102        maxGradient=26.57 color=1.0,0.0,0.0 frequency=0.704
                           innerLength=100 innerRadius=163 pipeThick=3
                           wallThick=0.03 irisRadius=60 collarRadialThick=5
                           collarThick=0 win1Thick=0.03 win1OuterRadius=50
                           win2Thick=0.03 winMat=Be phaseAcc=27.14
                           skinDepth=0.002 timingTolerance=0.001 maxStep=100
                           cavityMaterial=Vacuum timeOffset=-4.7e+21
                           timeIncrement=0 fieldMapFile= kill=1
pillbox      cav103        maxGradient=28.31 color=1.0,0.0,0.0 frequency=0.704
                           innerLength=100 innerRadius=163 pipeThick=3
                           wallThick=0.03 irisRadius=60 collarRadialThick=5
                           collarThick=0 win1Thick=0.03 win1OuterRadius=50
                           win2Thick=0.03 winMat=Be phaseAcc=41.77
                           skinDepth=0.002 timingTolerance=0.001 maxStep=100
                           cavityMaterial=Vacuum timeOffset=-4.7e+21
                           timeIncrement=0 fieldMapFile= kill=1
pillbox      cav110        maxGradient=27.89 color=1.0,0.0,0.0 frequency=0.704
                           innerLength=100 innerRadius=163 pipeThick=3
                           wallThick=0.03 irisRadius=60 collarRadialThick=5
                           collarThick=0 win1Thick=0.03 win1OuterRadius=50
                           win2Thick=0.03 winMat=Be phaseAcc=41.58
                           skinDepth=0.002 timingTolerance=0.001 maxStep=100
                           cavityMaterial=Vacuum timeOffset=-4.7e+21
                           timeIncrement=0 fieldMapFile= kill=1
pillbox      cav111        maxGradient=27.59 color=1.0,0.0,0.0 frequency=0.704
                           innerLength=100 innerRadius=163 pipeThick=3
                           wallThick=0.03 irisRadius=60 collarRadialThick=5
                           collarThick=0 win1Thick=0.03 win1OuterRadius=50
                           win2Thick=0.03 winMat=Be phaseAcc=12.91
                           skinDepth=0.002 timingTolerance=0.001 maxStep=100
                           cavityMaterial=Vacuum timeOffset=-4.7e+21
                           timeIncrement=0 fieldMapFile= kill=1
pillbox      cav112        maxGradient=28.64 color=1.0,0.0,0.0 frequency=0.704
                           innerLength=100 innerRadius=163 pipeThick=3
                           wallThick=0.03 irisRadius=60 collarRadialThick=5
                           collarThick=0 win1Thick=0.03 win1OuterRadius=50
                           win2Thick=0.03 winMat=Be phaseAcc=37.39
                           skinDepth=0.002 timingTolerance=0.001 maxStep=100
                           cavityMaterial=Vacuum timeOffset=-4.7e+21
                           timeIncrement=0 fieldMapFile= kill=1
pillbox      cav113        maxGradient=28.08 color=1.0,0.0,0.0 frequency=0.704
                           innerLength=100 innerRadius=163 pipeThick=3
                           wallThick=0.03 irisRadius=60 collarRadialThick=5
                           collarThick=0 win1Thick=0.03 win1OuterRadius=50
                           win2Thick=0.03 winMat=Be phaseAcc=36.28
                           skinDepth=0.002 timingTolerance=0.001 maxStep=100
                           cavityMaterial=Vacuum timeOffset=-4.7e+21
                           timeIncrement=0 fieldMapFile= kill=1
pillbox      cav120        maxGradient=26.85 color=1.0,0.0,0.0 frequency=0.704
                           innerLength=100 innerRadius=163 pipeThick=3
                           wallThick=0.03 irisRadius=60 collarRadialThick=5
                           collarThick=0 win1Thick=0.03 win1OuterRadius=50
                           win2Thick=0.03 winMat=Be phaseAcc=31.38
                           skinDepth=0.002 timingTolerance=0.001 maxStep=100
                           cavityMaterial=Vacuum timeOffset=-4.7e+21
                           timeIncrement=0 fieldMapFile= kill=1
pillbox      cav121        maxGradient=27.03 color=1.0,0.0,0.0 frequency=0.704
                           innerLength=100 innerRadius=163 pipeThick=3
                           wallThick=0.03 irisRadius=60 collarRadialThick=5
                           collarThick=0 win1Thick=0.03 win1OuterRadius=50
                           win2Thick=0.03 winMat=Be phaseAcc=32.33
                           skinDepth=0.002 timingTolerance=0.001 maxStep=100
                           cavityMaterial=Vacuum timeOffset=-4.7e+21
                           timeIncrement=0 fieldMapFile= kill=1
pillbox      cav122        maxGradient=26.72 color=1.0,0.0,0.0 frequency=0.704
                           innerLength=100 innerRadius=163 pipeThick=3
                           wallThick=0.03 irisRadius=60 collarRadialThick=5
                           collarThick=0 win1Thick=0.03 win1OuterRadius=50
                           win2Thick=0.03 winMat=Be phaseAcc=31.09
                           skinDepth=0.002 timingTolerance=0.001 maxStep=100
                           cavityMaterial=Vacuum timeOffset=-4.7e+21
                           timeIncrement=0 fieldMapFile= kill=1
pillbox      cav123        maxGradient=26.23 color=1.0,0.0,0.0 frequency=0.704
                           innerLength=100 innerRadius=163 pipeThick=3
                           wallThick=0.03 irisRadius=60 collarRadialThick=5
                           collarThick=0 win1Thick=0.03 win1OuterRadius=50
                           win2Thick=0.03 winMat=Be phaseAcc=17.14
                           skinDepth=0.002 timingTolerance=0.001 maxStep=100
                           cavityMaterial=Vacuum timeOffset=-4.7e+21
                           timeIncrement=0 fieldMapFile= kill=1
pillbox      cav130        maxGradient=25.75 color=1.0,0.0,0.0 frequency=0.704
                           innerLength=100 innerRadius=163 pipeThick=3
                           wallThick=0.03 irisRadius=60 collarRadialThick=5
                           collarThick=0 win1Thick=0.03 win1OuterRadius=50
                           win2Thick=0.03 winMat=Be phaseAcc=40.29
                           skinDepth=0.002 timingTolerance=0.001 maxStep=100
                           cavityMaterial=Vacuum timeOffset=-4.7e+21
                           timeIncrement=0 fieldMapFile= kill=1
pillbox      cav131        maxGradient=25.73 color=1.0,0.0,0.0 frequency=0.704
                           innerLength=100 innerRadius=163 pipeThick=3
                           wallThick=0.03 irisRadius=60 collarRadialThick=5
                           collarThick=0 win1Thick=0.03 win1OuterRadius=50
                           win2Thick=0.03 winMat=Be phaseAcc=34.84
                           skinDepth=0.002 timingTolerance=0.001 maxStep=100
                           cavityMaterial=Vacuum timeOffset=-4.7e+21
                           timeIncrement=0 fieldMapFile= kill=1
pillbox      cav132        maxGradient=26.34 color=1.0,0.0,0.0 frequency=0.704
                           innerLength=100 innerRadius=163 pipeThick=3
                           wallThick=0.03 irisRadius=60 collarRadialThick=5
                           collarThick=0 win1Thick=0.03 win1OuterRadius=50
                           win2Thick=0.03 winMat=Be phaseAcc=24.58
                           skinDepth=0.002 timingTolerance=0.001 maxStep=100
                           cavityMaterial=Vacuum timeOffset=-4.7e+21
                           timeIncrement=0 fieldMapFile= kill=1
pillbox      cav133        maxGradient=27.57 color=1.0,0.0,0.0 frequency=0.704
                           innerLength=100 innerRadius=163 pipeThick=3
                           wallThick=0.03 irisRadius=60 collarRadialThick=5
                           collarThick=0 win1Thick=0.03 win1OuterRadius=50
                           win2Thick=0.03 winMat=Be phaseAcc=33.78
                           skinDepth=0.002 timingTolerance=0.001 maxStep=100
                           cavityMaterial=Vacuum timeOffset=-4.7e+21
                           timeIncrement=0 fieldMapFile= kill=1
pillbox      cav140        maxGradient=25.81 color=1.0,0.0,0.0 frequency=0.704
                           innerLength=100 innerRadius=163 pipeThick=3
                           wallThick=0.03 irisRadius=60 collarRadialThick=5
                           collarThick=0 win1Thick=0.03 win1OuterRadius=50
                           win2Thick=0.03 winMat=Be phaseAcc=11.58
                           skinDepth=0.002 timingTolerance=0.001 maxStep=100
                           cavityMaterial=Vacuum timeOffset=-4.7e+21
                           timeIncrement=0 fieldMapFile= kill=1
pillbox      cav141        maxGradient=28.78 color=1.0,0.0,0.0 frequency=0.704
                           innerLength=100 innerRadius=163 pipeThick=3
                           wallThick=0.03 irisRadius=60 collarRadialThick=5
                           collarThick=0 win1Thick=0.03 win1OuterRadius=50
                           win2Thick=0.03 winMat=Be phaseAcc=24.82
                           skinDepth=0.002 timingTolerance=0.001 maxStep=100
                           cavityMaterial=Vacuum timeOffset=-4.7e+21
                           timeIncrement=0 fieldMapFile= kill=1
pillbox      cav142        maxGradient=26.55 color=1.0,0.0,0.0 frequency=0.704
                           innerLength=100 innerRadius=163 pipeThick=3
                           wallThick=0.03 irisRadius=60 collarRadialThick=5
                           collarThick=0 win1Thick=0.03 win1OuterRadius=50
                           win2Thick=0.03 winMat=Be phaseAcc=44.79
                           skinDepth=0.002 timingTolerance=0.001 maxStep=100
                           cavityMaterial=Vacuum timeOffset=-4.7e+21
                           timeIncrement=0 fieldMapFile= kill=1
pillbox      cav143        maxGradient=26.85 color=1.0,0.0,0.0 frequency=0.704
                           innerLength=100 innerRadius=163 pipeThick=3
                           wallThick=0.03 irisRadius=60 collarRadialThick=5
                           collarThick=0 win1Thick=0.03 win1OuterRadius=50
                           win2Thick=0.03 winMat=Be phaseAcc=20.79
                           skinDepth=0.002 timingTolerance=0.001 maxStep=100
                           cavityMaterial=Vacuum timeOffset=-4.7e+21
                           timeIncrement=0 fieldMapFile= kill=1
pillbox      cav150        maxGradient=27.16 color=1.0,0.0,0.0 frequency=0.704
                           innerLength=100 innerRadius=163 pipeThick=3
                           wallThick=0.03 irisRadius=60 collarRadialThick=5
                           collarThick=0 win1Thick=0.03 win1OuterRadius=50
                           win2Thick=0.03 winMat=Be phaseAcc=40.99
                           skinDepth=0.002 timingTolerance=0.001 maxStep=100
                           cavityMaterial=Vacuum timeOffset=-4.7e+21
                           timeIncrement=0 fieldMapFile= kill=1
pillbox      cav151        maxGradient=27.48 color=1.0,0.0,0.0 frequency=0.704
                           innerLength=100 innerRadius=163 pipeThick=3
                           wallThick=0.03 irisRadius=60 collarRadialThick=5
                           collarThick=0 win1Thick=0.03 win1OuterRadius=50
                           win2Thick=0.03 winMat=Be phaseAcc=20.84
                           skinDepth=0.002 timingTolerance=0.001 maxStep=100
                           cavityMaterial=Vacuum timeOffset=-4.7e+21
                           timeIncrement=0 fieldMapFile= kill=1
pillbox      cav152        maxGradient=26.71 color=1.0,0.0,0.0 frequency=0.704
                           innerLength=100 innerRadius=163 pipeThick=3
                           wallThick=0.03 irisRadius=60 collarRadialThick=5
                           collarThick=0 win1Thick=0.03 win1OuterRadius=50
                           win2Thick=0.03 winMat=Be phaseAcc=22.99
                           skinDepth=0.002 timingTolerance=0.001 maxStep=100
                           cavityMaterial=Vacuum timeOffset=-4.7e+21
                           timeIncrement=0 fieldMapFile= kill=1
pillbox      cav153        maxGradient=26.88 color=1.0,0.0,0.0 frequency=0.704
                           innerLength=100 innerRadius=163 pipeThick=3
                           wallThick=0.03 irisRadius=60 collarRadialThick=5
                           collarThick=0 win1Thick=0.03 win1OuterRadius=50
                           win2Thick=0.03 winMat=Be phaseAcc=26.12
                           skinDepth=0.002 timingTolerance=0.001 maxStep=100
                           cavityMaterial=Vacuum timeOffset=-4.7e+21
                           timeIncrement=0 fieldMapFile= kill=1
pillbox      cav160        maxGradient=26.61 color=1.0,0.0,0.0 frequency=0.704
                           innerLength=100 innerRadius=163 pipeThick=3
                           wallThick=0.03 irisRadius=60 collarRadialThick=5
                           collarThick=0 win1Thick=0.03 win1OuterRadius=50
                           win2Thick=0.03 winMat=Be phaseAcc=33.55
                           skinDepth=0.002 timingTolerance=0.001 maxStep=100
                           cavityMaterial=Vacuum timeOffset=-4.7e+21
                           timeIncrement=0 fieldMapFile= kill=1
pillbox      cav161        maxGradient=28.94 color=1.0,0.0,0.0 frequency=0.704
                           innerLength=100 innerRadius=163 pipeThick=3
                           wallThick=0.03 irisRadius=60 collarRadialThick=5
                           collarThick=0 win1Thick=0.03 win1OuterRadius=50
                           win2Thick=0.03 winMat=Be phaseAcc=1.969
                           skinDepth=0.002 timingTolerance=0.001 maxStep=100
                           cavityMaterial=Vacuum timeOffset=-4.7e+21
                           timeIncrement=0 fieldMapFile= kill=1
pillbox      cav162        maxGradient=27.3 color=1.0,0.0,0.0 frequency=0.704
                           innerLength=100 innerRadius=163 pipeThick=3
                           wallThick=0.03 irisRadius=60 collarRadialThick=5
                           collarThick=0 win1Thick=0.03 win1OuterRadius=50
                           win2Thick=0.03 winMat=Be phaseAcc=29.9
                           skinDepth=0.002 timingTolerance=0.001 maxStep=100
                           cavityMaterial=Vacuum timeOffset=-4.7e+21
                           timeIncrement=0 fieldMapFile= kill=1
pillbox      cav163        maxGradient=26.8 color=1.0,0.0,0.0 frequency=0.704
                           innerLength=100 innerRadius=163 pipeThick=3
                           wallThick=0.03 irisRadius=60 collarRadialThick=5
                           collarThick=0 win1Thick=0.03 win1OuterRadius=50
                           win2Thick=0.03 winMat=Be phaseAcc=26.11
                           skinDepth=0.002 timingTolerance=0.001 maxStep=100
                           cavityMaterial=Vacuum timeOffset=-4.7e+21
                           timeIncrement=0 fieldMapFile= kill=1
pillbox      cav170        maxGradient=27.47 color=1.0,0.0,0.0 frequency=0.704
                           innerLength=100 innerRadius=163 pipeThick=3
                           wallThick=0.03 irisRadius=60 collarRadialThick=5
                           collarThick=0 win1Thick=0.03 win1OuterRadius=50
                           win2Thick=0.03 winMat=Be phaseAcc=19.17
                           skinDepth=0.002 timingTolerance=0.001 maxStep=100
                           cavityMaterial=Vacuum timeOffset=-4.7e+21
                           timeIncrement=0 fieldMapFile= kill=1
pillbox      cav171        maxGradient=27.69 color=1.0,0.0,0.0 frequency=0.704
                           innerLength=100 innerRadius=163 pipeThick=3
                           wallThick=0.03 irisRadius=60 collarRadialThick=5
                           collarThick=0 win1Thick=0.03 win1OuterRadius=50
                           win2Thick=0.03 winMat=Be phaseAcc=30.81
                           skinDepth=0.002 timingTolerance=0.001 maxStep=100
                           cavityMaterial=Vacuum timeOffset=-4.7e+21
                           timeIncrement=0 fieldMapFile= kill=1
pillbox      cav172        maxGradient=25.74 color=1.0,0.0,0.0 frequency=0.704
                           innerLength=100 innerRadius=163 pipeThick=3
                           wallThick=0.03 irisRadius=60 collarRadialThick=5
                           collarThick=0 win1Thick=0.03 win1OuterRadius=50
                           win2Thick=0.03 winMat=Be phaseAcc=11.02
                           skinDepth=0.002 timingTolerance=0.001 maxStep=100
                           cavityMaterial=Vacuum timeOffset=-4.7e+21
                           timeIncrement=0 fieldMapFile= kill=1
pillbox      cav173        maxGradient=27.85 color=1.0,0.0,0.0 frequency=0.704
                           innerLength=100 innerRadius=163 pipeThick=3
                           wallThick=0.03 irisRadius=60 collarRadialThick=5
                           collarThick=0 win1Thick=0.03 win1OuterRadius=50
                           win2Thick=0.03 winMat=Be phaseAcc=20.23
                           skinDepth=0.002 timingTolerance=0.001 maxStep=100
                           cavityMaterial=Vacuum timeOffset=-4.7e+21
                           timeIncrement=0 fieldMapFile= kill=1
pillbox      cav180        maxGradient=25.6 color=1.0,0.0,0.0 frequency=0.704
                           innerLength=100 innerRadius=163 pipeThick=3
                           wallThick=0.03 irisRadius=60 collarRadialThick=5
                           collarThick=0 win1Thick=0.03 win1OuterRadius=50
                           win2Thick=0.03 winMat=Be phaseAcc=23.99
                           skinDepth=0.002 timingTolerance=0.001 maxStep=100
                           cavityMaterial=Vacuum timeOffset=-4.7e+21
                           timeIncrement=0 fieldMapFile= kill=1
pillbox      cav181        maxGradient=27.7 color=1.0,0.0,0.0 frequency=0.704
                           innerLength=100 innerRadius=163 pipeThick=3
                           wallThick=0.03 irisRadius=60 collarRadialThick=5
                           collarThick=0 win1Thick=0.03 win1OuterRadius=50
                           win2Thick=0.03 winMat=Be phaseAcc=11
                           skinDepth=0.002 timingTolerance=0.001 maxStep=100
                           cavityMaterial=Vacuum timeOffset=-4.7e+21
                           timeIncrement=0 fieldMapFile= kill=1
pillbox      cav182        maxGradient=26.66 color=1.0,0.0,0.0 frequency=0.704
                           innerLength=100 innerRadius=163 pipeThick=3
                           wallThick=0.03 irisRadius=60 collarRadialThick=5
                           collarThick=0 win1Thick=0.03 win1OuterRadius=50
                           win2Thick=0.03 winMat=Be phaseAcc=30.61
                           skinDepth=0.002 timingTolerance=0.001 maxStep=100
                           cavityMaterial=Vacuum timeOffset=-4.7e+21
                           timeIncrement=0 fieldMapFile= kill=1
pillbox      cav183        maxGradient=26.71 color=1.0,0.0,0.0 frequency=0.704
                           innerLength=100 innerRadius=163 pipeThick=3
                           wallThick=0.03 irisRadius=60 collarRadialThick=5
                           collarThick=0 win1Thick=0.03 win1OuterRadius=50
                           win2Thick=0.03 winMat=Be phaseAcc=32.91
                           skinDepth=0.002 timingTolerance=0.001 maxStep=100
                           cavityMaterial=Vacuum timeOffset=-4.7e+21
                           timeIncrement=0 fieldMapFile= kill=1
pillbox      cav190        maxGradient=28.32 color=1.0,0.0,0.0 frequency=0.704
                           innerLength=100 innerRadius=163 pipeThick=3
                           wallThick=0.03 irisRadius=60 collarRadialThick=5
                           collarThick=0 win1Thick=0.03 win1OuterRadius=50
                           win2Thick=0.03 winMat=Be phaseAcc=21.72
                           skinDepth=0.002 timingTolerance=0.001 maxStep=100
                           cavityMaterial=Vacuum timeOffset=-4.7e+21
                           timeIncrement=0 fieldMapFile= kill=1
pillbox      cav191        maxGradient=28.8 color=1.0,0.0,0.0 frequency=0.704
                           innerLength=100 innerRadius=163 pipeThick=3
                           wallThick=0.03 irisRadius=60 collarRadialThick=5
                           collarThick=0 win1Thick=0.03 win1OuterRadius=50
                           win2Thick=0.03 winMat=Be phaseAcc=29.17
                           skinDepth=0.002 timingTolerance=0.001 maxStep=100
                           cavityMaterial=Vacuum timeOffset=-4.7e+21
                           timeIncrement=0 fieldMapFile= kill=1
pillbox      cav192        maxGradient=26.9 color=1.0,0.0,0.0 frequency=0.704
                           innerLength=100 innerRadius=163 pipeThick=3
                           wallThick=0.03 irisRadius=60 collarRadialThick=5
                           collarThick=0 win1Thick=0.03 win1OuterRadius=50
                           win2Thick=0.03 winMat=Be phaseAcc=28.66
                           skinDepth=0.002 timingTolerance=0.001 maxStep=100
                           cavityMaterial=Vacuum timeOffset=-4.7e+21
                           timeIncrement=0 fieldMapFile= kill=1
pillbox      cav193        maxGradient=25.42 color=1.0,0.0,0.0 frequency=0.704
                           innerLength=100 innerRadius=163 pipeThick=3
                           wallThick=0.03 irisRadius=60 collarRadialThick=5
                           collarThick=0 win1Thick=0.03 win1OuterRadius=50
                           win2Thick=0.03 winMat=Be phaseAcc=46.12
                           skinDepth=0.002 timingTolerance=0.001 maxStep=100
                           cavityMaterial=Vacuum timeOffset=-4.7e+21
                           timeIncrement=0 fieldMapFile= kill=1
pillbox      cav200        maxGradient=27.5 color=1.0,0.0,0.0 frequency=0.704
                           innerLength=100 innerRadius=163 pipeThick=3
                           wallThick=0.03 irisRadius=60 collarRadialThick=5
                           collarThick=0 win1Thick=0.03 win1OuterRadius=50
                           win2Thick=0.03 winMat=Be phaseAcc=9.161
                           skinDepth=0.002 timingTolerance=0.001 maxStep=100
                           cavityMaterial=Vacuum timeOffset=-4.7e+21
                           timeIncrement=0 fieldMapFile= kill=1
pillbox      cav201        maxGradient=26.24 color=1.0,0.0,0.0 frequency=0.704
                           innerLength=100 innerRadius=163 pipeThick=3
                           wallThick=0.03 irisRadius=60 collarRadialThick=5
                           collarThick=0 win1Thick=0.03 win1OuterRadius=50
                           win2Thick=0.03 winMat=Be phaseAcc=42.18
                           skinDepth=0.002 timingTolerance=0.001 maxStep=100
                           cavityMaterial=Vacuum timeOffset=-4.7e+21
                           timeIncrement=0 fieldMapFile= kill=1
pillbox      cav202        maxGradient=27.51 color=1.0,0.0,0.0 frequency=0.704
                           innerLength=100 innerRadius=163 pipeThick=3
                           wallThick=0.03 irisRadius=60 collarRadialThick=5
                           collarThick=0 win1Thick=0.03 win1OuterRadius=50
                           win2Thick=0.03 winMat=Be phaseAcc=23.22
                           skinDepth=0.002 timingTolerance=0.001 maxStep=100
                           cavityMaterial=Vacuum timeOffset=-4.7e+21
                           timeIncrement=0 fieldMapFile= kill=1
pillbox      cav203        maxGradient=27.83 color=1.0,0.0,0.0 frequency=0.704
                           innerLength=100 innerRadius=163 pipeThick=3
                           wallThick=0.03 irisRadius=60 collarRadialThick=5
                           collarThick=0 win1Thick=0.03 win1OuterRadius=50
                           win2Thick=0.03 winMat=Be phaseAcc=20.22
                           skinDepth=0.002 timingTolerance=0.001 maxStep=100
                           cavityMaterial=Vacuum timeOffset=-4.7e+21
                           timeIncrement=0 fieldMapFile= kill=1
pillbox      cav210        maxGradient=27.72 color=1.0,0.0,0.0 frequency=0.704
                           innerLength=100 innerRadius=163 pipeThick=3
                           wallThick=0.03 irisRadius=60 collarRadialThick=5
                           collarThick=0 win1Thick=0.03 win1OuterRadius=50
                           win2Thick=0.03 winMat=Be phaseAcc=15.42
                           skinDepth=0.002 timingTolerance=0.001 maxStep=100
                           cavityMaterial=Vacuum timeOffset=-4.7e+21
                           timeIncrement=0 fieldMapFile= kill=1
pillbox      cav211        maxGradient=27.09 color=1.0,0.0,0.0 frequency=0.704
                           innerLength=100 innerRadius=163 pipeThick=3
                           wallThick=0.03 irisRadius=60 collarRadialThick=5
                           collarThick=0 win1Thick=0.03 win1OuterRadius=50
                           win2Thick=0.03 winMat=Be phaseAcc=35.41
                           skinDepth=0.002 timingTolerance=0.001 maxStep=100
                           cavityMaterial=Vacuum timeOffset=-4.7e+21
                           timeIncrement=0 fieldMapFile= kill=1
pillbox      cav212        maxGradient=29.42 color=1.0,0.0,0.0 frequency=0.704
                           innerLength=100 innerRadius=163 pipeThick=3
                           wallThick=0.03 irisRadius=60 collarRadialThick=5
                           collarThick=0 win1Thick=0.03 win1OuterRadius=50
                           win2Thick=0.03 winMat=Be phaseAcc=24.45
                           skinDepth=0.002 timingTolerance=0.001 maxStep=100
                           cavityMaterial=Vacuum timeOffset=-4.7e+21
                           timeIncrement=0 fieldMapFile= kill=1
pillbox      cav213        maxGradient=26.66 color=1.0,0.0,0.0 frequency=0.704
                           innerLength=100 innerRadius=163 pipeThick=3
                           wallThick=0.03 irisRadius=60 collarRadialThick=5
                           collarThick=0 win1Thick=0.03 win1OuterRadius=50
                           win2Thick=0.03 winMat=Be phaseAcc=22.96
                           skinDepth=0.002 timingTolerance=0.001 maxStep=100
                           cavityMaterial=Vacuum timeOffset=-4.7e+21
                           timeIncrement=0 fieldMapFile= kill=1
pillbox      cav220        maxGradient=28.64 color=1.0,0.0,0.0 frequency=0.704
                           innerLength=100 innerRadius=163 pipeThick=3
                           wallThick=0.03 irisRadius=60 collarRadialThick=5
                           collarThick=0 win1Thick=0.03 win1OuterRadius=50
                           win2Thick=0.03 winMat=Be phaseAcc=6.224
                           skinDepth=0.002 timingTolerance=0.001 maxStep=100
                           cavityMaterial=Vacuum timeOffset=-4.7e+21
                           timeIncrement=0 fieldMapFile= kill=1
pillbox      cav221        maxGradient=27.42 color=1.0,0.0,0.0 frequency=0.704
                           innerLength=100 innerRadius=163 pipeThick=3
                           wallThick=0.03 irisRadius=60 collarRadialThick=5
                           collarThick=0 win1Thick=0.03 win1OuterRadius=50
                           win2Thick=0.03 winMat=Be phaseAcc=27.46
                           skinDepth=0.002 timingTolerance=0.001 maxStep=100
                           cavityMaterial=Vacuum timeOffset=-4.7e+21
                           timeIncrement=0 fieldMapFile= kill=1
pillbox      cav222        maxGradient=26.54 color=1.0,0.0,0.0 frequency=0.704
                           innerLength=100 innerRadius=163 pipeThick=3
                           wallThick=0.03 irisRadius=60 collarRadialThick=5
                           collarThick=0 win1Thick=0.03 win1OuterRadius=50
                           win2Thick=0.03 winMat=Be phaseAcc=38.48
                           skinDepth=0.002 timingTolerance=0.001 maxStep=100
                           cavityMaterial=Vacuum timeOffset=-4.7e+21
                           timeIncrement=0 fieldMapFile= kill=1
pillbox      cav223        maxGradient=27.44 color=1.0,0.0,0.0 frequency=0.704
                           innerLength=100 innerRadius=163 pipeThick=3
                           wallThick=0.03 irisRadius=60 collarRadialThick=5
                           collarThick=0 win1Thick=0.03 win1OuterRadius=50
                           win2Thick=0.03 winMat=Be phaseAcc=20.72
                           skinDepth=0.002 timingTolerance=0.001 maxStep=100
                           cavityMaterial=Vacuum timeOffset=-4.7e+21
                           timeIncrement=0 fieldMapFile= kill=1
pillbox      cav230        maxGradient=25.67 color=1.0,0.0,0.0 frequency=0.704
                           innerLength=100 innerRadius=163 pipeThick=3
                           wallThick=0.03 irisRadius=60 collarRadialThick=5
                           collarThick=0 win1Thick=0.03 win1OuterRadius=50
                           win2Thick=0.03 winMat=Be phaseAcc=33.73
                           skinDepth=0.002 timingTolerance=0.001 maxStep=100
                           cavityMaterial=Vacuum timeOffset=-4.7e+21
                           timeIncrement=0 fieldMapFile= kill=1
pillbox      cav231        maxGradient=27.27 color=1.0,0.0,0.0 frequency=0.704
                           innerLength=100 innerRadius=163 pipeThick=3
                           wallThick=0.03 irisRadius=60 collarRadialThick=5
                           collarThick=0 win1Thick=0.03 win1OuterRadius=50
                           win2Thick=0.03 winMat=Be phaseAcc=42.07
                           skinDepth=0.002 timingTolerance=0.001 maxStep=100
                           cavityMaterial=Vacuum timeOffset=-4.7e+21
                           timeIncrement=0 fieldMapFile= kill=1
pillbox      cav232        maxGradient=28.17 color=1.0,0.0,0.0 frequency=0.704
                           innerLength=100 innerRadius=163 pipeThick=3
                           wallThick=0.03 irisRadius=60 collarRadialThick=5
                           collarThick=0 win1Thick=0.03 win1OuterRadius=50
                           win2Thick=0.03 winMat=Be phaseAcc=31.75
                           skinDepth=0.002 timingTolerance=0.001 maxStep=100
                           cavityMaterial=Vacuum timeOffset=-4.7e+21
                           timeIncrement=0 fieldMapFile= kill=1
pillbox      cav233        maxGradient=27.9 color=1.0,0.0,0.0 frequency=0.704
                           innerLength=100 innerRadius=163 pipeThick=3
                           wallThick=0.03 irisRadius=60 collarRadialThick=5
                           collarThick=0 win1Thick=0.03 win1OuterRadius=50
                           win2Thick=0.03 winMat=Be phaseAcc=24.78
                           skinDepth=0.002 timingTolerance=0.001 maxStep=100
                           cavityMaterial=Vacuum timeOffset=-4.7e+21
                           timeIncrement=0 fieldMapFile= kill=1
pillbox      cav240        maxGradient=27.55 color=1.0,0.0,0.0 frequency=0.704
                           innerLength=100 innerRadius=163 pipeThick=3
                           wallThick=0.03 irisRadius=60 collarRadialThick=5
                           collarThick=0 win1Thick=0.03 win1OuterRadius=50
                           win2Thick=0.03 winMat=Be phaseAcc=19.66
                           skinDepth=0.002 timingTolerance=0.001 maxStep=100
                           cavityMaterial=Vacuum timeOffset=-4.7e+21
                           timeIncrement=0 fieldMapFile= kill=1
pillbox      cav241        maxGradient=26.8 color=1.0,0.0,0.0 frequency=0.704
                           innerLength=100 innerRadius=163 pipeThick=3
                           wallThick=0.03 irisRadius=60 collarRadialThick=5
                           collarThick=0 win1Thick=0.03 win1OuterRadius=50
                           win2Thick=0.03 winMat=Be phaseAcc=25.06
                           skinDepth=0.002 timingTolerance=0.001 maxStep=100
                           cavityMaterial=Vacuum timeOffset=-4.7e+21
                           timeIncrement=0 fieldMapFile= kill=1
pillbox      cav242        maxGradient=27.62 color=1.0,0.0,0.0 frequency=0.704
                           innerLength=100 innerRadius=163 pipeThick=3
                           wallThick=0.03 irisRadius=60 collarRadialThick=5
                           collarThick=0 win1Thick=0.03 win1OuterRadius=50
                           win2Thick=0.03 winMat=Be phaseAcc=36.5
                           skinDepth=0.002 timingTolerance=0.001 maxStep=100
                           cavityMaterial=Vacuum timeOffset=-4.7e+21
                           timeIncrement=0 fieldMapFile= kill=1
pillbox      cav243        maxGradient=28.13 color=1.0,0.0,0.0 frequency=0.704
                           innerLength=100 innerRadius=163 pipeThick=3
                           wallThick=0.03 irisRadius=60 collarRadialThick=5
                           collarThick=0 win1Thick=0.03 win1OuterRadius=50
                           win2Thick=0.03 winMat=Be phaseAcc=34.96
                           skinDepth=0.002 timingTolerance=0.001 maxStep=100
                           cavityMaterial=Vacuum timeOffset=-4.7e+21
                           timeIncrement=0 fieldMapFile= kill=1
pillbox      cav250        maxGradient=26.53 color=1.0,0.0,0.0 frequency=0.704
                           innerLength=100 innerRadius=163 pipeThick=3
                           wallThick=0.03 irisRadius=60 collarRadialThick=5
                           collarThick=0 win1Thick=0.03 win1OuterRadius=50
                           win2Thick=0.03 winMat=Be phaseAcc=32.12
                           skinDepth=0.002 timingTolerance=0.001 maxStep=100
                           cavityMaterial=Vacuum timeOffset=-4.7e+21
                           timeIncrement=0 fieldMapFile= kill=1
pillbox      cav251        maxGradient=27.67 color=1.0,0.0,0.0 frequency=0.704
                           innerLength=100 innerRadius=163 pipeThick=3
                           wallThick=0.03 irisRadius=60 collarRadialThick=5
                           collarThick=0 win1Thick=0.03 win1OuterRadius=50
                           win2Thick=0.03 winMat=Be phaseAcc=4.094
                           skinDepth=0.002 timingTolerance=0.001 maxStep=100
                           cavityMaterial=Vacuum timeOffset=-4.7e+21
                           timeIncrement=0 fieldMapFile= kill=1
pillbox      cav252        maxGradient=28.53 color=1.0,0.0,0.0 frequency=0.704
                           innerLength=100 innerRadius=163 pipeThick=3
                           wallThick=0.03 irisRadius=60 collarRadialThick=5
                           collarThick=0 win1Thick=0.03 win1OuterRadius=50
                           win2Thick=0.03 winMat=Be phaseAcc=42.18
                           skinDepth=0.002 timingTolerance=0.001 maxStep=100
                           cavityMaterial=Vacuum timeOffset=-4.7e+21
                           timeIncrement=0 fieldMapFile= kill=1
pillbox      cav253        maxGradient=25.54 color=1.0,0.0,0.0 frequency=0.704
                           innerLength=100 innerRadius=163 pipeThick=3
                           wallThick=0.03 irisRadius=60 collarRadialThick=5
                           collarThick=0 win1Thick=0.03 win1OuterRadius=50
                           win2Thick=0.03 winMat=Be phaseAcc=30.74
                           skinDepth=0.002 timingTolerance=0.001 maxStep=100
                           cavityMaterial=Vacuum timeOffset=-4.7e+21
                           timeIncrement=0 fieldMapFile= kill=1
pillbox      cav260        maxGradient=25.85 color=1.0,0.0,0.0 frequency=0.704
                           innerLength=100 innerRadius=163 pipeThick=3
                           wallThick=0.03 irisRadius=60 collarRadialThick=5
                           collarThick=0 win1Thick=0.03 win1OuterRadius=50
                           win2Thick=0.03 winMat=Be phaseAcc=51.58
                           skinDepth=0.002 timingTolerance=0.001 maxStep=100
                           cavityMaterial=Vacuum timeOffset=-4.7e+21
                           timeIncrement=0 fieldMapFile= kill=1
pillbox      cav261        maxGradient=27.33 color=1.0,0.0,0.0 frequency=0.704
                           innerLength=100 innerRadius=163 pipeThick=3
                           wallThick=0.03 irisRadius=60 collarRadialThick=5
                           collarThick=0 win1Thick=0.03 win1OuterRadius=50
                           win2Thick=0.03 winMat=Be phaseAcc=3.023
                           skinDepth=0.002 timingTolerance=0.001 maxStep=100
                           cavityMaterial=Vacuum timeOffset=-4.7e+21
                           timeIncrement=0 fieldMapFile= kill=1
pillbox      cav262        maxGradient=25.36 color=1.0,0.0,0.0 frequency=0.704
                           innerLength=100 innerRadius=163 pipeThick=3
                           wallThick=0.03 irisRadius=60 collarRadialThick=5
                           collarThick=0 win1Thick=0.03 win1OuterRadius=50
                           win2Thick=0.03 winMat=Be phaseAcc=24.59
                           skinDepth=0.002 timingTolerance=0.001 maxStep=100
                           cavityMaterial=Vacuum timeOffset=-4.7e+21
                           timeIncrement=0 fieldMapFile= kill=1
pillbox      cav263        maxGradient=28.5 color=1.0,0.0,0.0 frequency=0.704
                           innerLength=100 innerRadius=163 pipeThick=3
                           wallThick=0.03 irisRadius=60 collarRadialThick=5
                           collarThick=0 win1Thick=0.03 win1OuterRadius=50
                           win2Thick=0.03 winMat=Be phaseAcc=1.554
                           skinDepth=0.002 timingTolerance=0.001 maxStep=100
                           cavityMaterial=Vacuum timeOffset=-4.7e+21
                           timeIncrement=0 fieldMapFile= kill=1
pillbox      cav270        maxGradient=26.12 color=1.0,0.0,0.0 frequency=0.704
                           innerLength=100 innerRadius=163 pipeThick=3
                           wallThick=0.03 irisRadius=60 collarRadialThick=5
                           collarThick=0 win1Thick=0.03 win1OuterRadius=50
                           win2Thick=0.03 winMat=Be phaseAcc=27.69
                           skinDepth=0.002 timingTolerance=0.001 maxStep=100
                           cavityMaterial=Vacuum timeOffset=-4.7e+21
                           timeIncrement=0 fieldMapFile= kill=1
pillbox      cav271        maxGradient=28.11 color=1.0,0.0,0.0 frequency=0.704
                           innerLength=100 innerRadius=163 pipeThick=3
                           wallThick=0.03 irisRadius=60 collarRadialThick=5
                           collarThick=0 win1Thick=0.03 win1OuterRadius=50
                           win2Thick=0.03 winMat=Be phaseAcc=8.894
                           skinDepth=0.002 timingTolerance=0.001 maxStep=100
                           cavityMaterial=Vacuum timeOffset=-4.7e+21
                           timeIncrement=0 fieldMapFile= kill=1
pillbox      cav272        maxGradient=28.72 color=1.0,0.0,0.0 frequency=0.704
                           innerLength=100 innerRadius=163 pipeThick=3
                           wallThick=0.03 irisRadius=60 collarRadialThick=5
                           collarThick=0 win1Thick=0.03 win1OuterRadius=50
                           win2Thick=0.03 winMat=Be phaseAcc=6.085
                           skinDepth=0.002 timingTolerance=0.001 maxStep=100
                           cavityMaterial=Vacuum timeOffset=-4.7e+21
                           timeIncrement=0 fieldMapFile= kill=1
pillbox      cav273        maxGradient=26.45 color=1.0,0.0,0.0 frequency=0.704
                           innerLength=100 innerRadius=163 pipeThick=3
                           wallThick=0.03 irisRadius=60 collarRadialThick=5
                           collarThick=0 win1Thick=0.03 win1OuterRadius=50
                           win2Thick=0.03 winMat=Be phaseAcc=24.46
                           skinDepth=0.002 timingTolerance=0.001 maxStep=100
                           cavityMaterial=Vacuum timeOffset=-4.7e+21
                           timeIncrement=0 fieldMapFile= kill=1
pillbox      cav280        maxGradient=27.22 color=1.0,0.0,0.0 frequency=0.704
                           innerLength=100 innerRadius=163 pipeThick=3
                           wallThick=0.03 irisRadius=60 collarRadialThick=5
                           collarThick=0 win1Thick=0.03 win1OuterRadius=50
                           win2Thick=0.03 winMat=Be phaseAcc=42.13
                           skinDepth=0.002 timingTolerance=0.001 maxStep=100
                           cavityMaterial=Vacuum timeOffset=-4.7e+21
                           timeIncrement=0 fieldMapFile= kill=1
pillbox      cav281        maxGradient=27.55 color=1.0,0.0,0.0 frequency=0.704
                           innerLength=100 innerRadius=163 pipeThick=3
                           wallThick=0.03 irisRadius=60 collarRadialThick=5
                           collarThick=0 win1Thick=0.03 win1OuterRadius=50
                           win2Thick=0.03 winMat=Be phaseAcc=-0.4556
                           skinDepth=0.002 timingTolerance=0.001 maxStep=100
                           cavityMaterial=Vacuum timeOffset=-4.7e+21
                           timeIncrement=0 fieldMapFile= kill=1
pillbox      cav282        maxGradient=26.51 color=1.0,0.0,0.0 frequency=0.704
                           innerLength=100 innerRadius=163 pipeThick=3
                           wallThick=0.03 irisRadius=60 collarRadialThick=5
                           collarThick=0 win1Thick=0.03 win1OuterRadius=50
                           win2Thick=0.03 winMat=Be phaseAcc=16.41
                           skinDepth=0.002 timingTolerance=0.001 maxStep=100
                           cavityMaterial=Vacuum timeOffset=-4.7e+21
                           timeIncrement=0 fieldMapFile= kill=1
pillbox      cav283        maxGradient=25.39 color=1.0,0.0,0.0 frequency=0.704
                           innerLength=100 innerRadius=163 pipeThick=3
                           wallThick=0.03 irisRadius=60 collarRadialThick=5
                           collarThick=0 win1Thick=0.03 win1OuterRadius=50
                           win2Thick=0.03 winMat=Be phaseAcc=10.33
                           skinDepth=0.002 timingTolerance=0.001 maxStep=100
                           cavityMaterial=Vacuum timeOffset=-4.7e+21
                           timeIncrement=0 fieldMapFile= kill=1
pillbox      cav290        maxGradient=28.23 color=1.0,0.0,0.0 frequency=0.704
                           innerLength=100 innerRadius=163 pipeThick=3
                           wallThick=0.03 irisRadius=60 collarRadialThick=5
                           collarThick=0 win1Thick=0.03 win1OuterRadius=50
                           win2Thick=0.03 winMat=Be phaseAcc=19.38
                           skinDepth=0.002 timingTolerance=0.001 maxStep=100
                           cavityMaterial=Vacuum timeOffset=-4.7e+21
                           timeIncrement=0 fieldMapFile= kill=1
pillbox      cav291        maxGradient=27.48 color=1.0,0.0,0.0 frequency=0.704
                           innerLength=100 innerRadius=163 pipeThick=3
                           wallThick=0.03 irisRadius=60 collarRadialThick=5
                           collarThick=0 win1Thick=0.03 win1OuterRadius=50
                           win2Thick=0.03 winMat=Be phaseAcc=4.835
                           skinDepth=0.002 timingTolerance=0.001 maxStep=100
                           cavityMaterial=Vacuum timeOffset=-4.7e+21
                           timeIncrement=0 fieldMapFile= kill=1
pillbox      cav292        maxGradient=26.8 color=1.0,0.0,0.0 frequency=0.704
                           innerLength=100 innerRadius=163 pipeThick=3
                           wallThick=0.03 irisRadius=60 collarRadialThick=5
                           collarThick=0 win1Thick=0.03 win1OuterRadius=50
                           win2Thick=0.03 winMat=Be phaseAcc=23.71
                           skinDepth=0.002 timingTolerance=0.001 maxStep=100
                           cavityMaterial=Vacuum timeOffset=-4.7e+21
                           timeIncrement=0 fieldMapFile= kill=1
pillbox      cav293        maxGradient=27.48 color=1.0,0.0,0.0 frequency=0.704
                           innerLength=100 innerRadius=163 pipeThick=3
                           wallThick=0.03 irisRadius=60 collarRadialThick=5
                           collarThick=0 win1Thick=0.03 win1OuterRadius=50
                           win2Thick=0.03 winMat=Be phaseAcc=28.59
                           skinDepth=0.002 timingTolerance=0.001 maxStep=100
                           cavityMaterial=Vacuum timeOffset=-4.7e+21
                           timeIncrement=0 fieldMapFile= kill=1
pillbox      cav300        maxGradient=26.58 color=1.0,0.0,0.0 frequency=0.704
                           innerLength=100 innerRadius=163 pipeThick=3
                           wallThick=0.03 irisRadius=60 collarRadialThick=5
                           collarThick=0 win1Thick=0.03 win1OuterRadius=50
                           win2Thick=0.03 winMat=Be phaseAcc=28.69
                           skinDepth=0.002 timingTolerance=0.001 maxStep=100
                           cavityMaterial=Vacuum timeOffset=-4.7e+21
                           timeIncrement=0 fieldMapFile= kill=1
pillbox      cav301        maxGradient=26.95 color=1.0,0.0,0.0 frequency=0.704
                           innerLength=100 innerRadius=163 pipeThick=3
                           wallThick=0.03 irisRadius=60 collarRadialThick=5
                           collarThick=0 win1Thick=0.03 win1OuterRadius=50
                           win2Thick=0.03 winMat=Be phaseAcc=23.27
                           skinDepth=0.002 timingTolerance=0.001 maxStep=100
                           cavityMaterial=Vacuum timeOffset=-4.7e+21
                           timeIncrement=0 fieldMapFile= kill=1
pillbox      cav302        maxGradient=26.26 color=1.0,0.0,0.0 frequency=0.704
                           innerLength=100 innerRadius=163 pipeThick=3
                           wallThick=0.03 irisRadius=60 collarRadialThick=5
                           collarThick=0 win1Thick=0.03 win1OuterRadius=50
                           win2Thick=0.03 winMat=Be phaseAcc=34.79
                           skinDepth=0.002 timingTolerance=0.001 maxStep=100
                           cavityMaterial=Vacuum timeOffset=-4.7e+21
                           timeIncrement=0 fieldMapFile= kill=1
pillbox      cav303        maxGradient=26.52 color=1.0,0.0,0.0 frequency=0.704
                           innerLength=100 innerRadius=163 pipeThick=3
                           wallThick=0.03 irisRadius=60 collarRadialThick=5
                           collarThick=0 win1Thick=0.03 win1OuterRadius=50
                           win2Thick=0.03 winMat=Be phaseAcc=17.27
                           skinDepth=0.002 timingTolerance=0.001 maxStep=100
                           cavityMaterial=Vacuum timeOffset=-4.7e+21
                           timeIncrement=0 fieldMapFile= kill=1
pillbox      cav310        maxGradient=27.14 color=1.0,0.0,0.0 frequency=0.704
                           innerLength=100 innerRadius=163 pipeThick=3
                           wallThick=0.03 irisRadius=60 collarRadialThick=5
                           collarThick=0 win1Thick=0.03 win1OuterRadius=50
                           win2Thick=0.03 winMat=Be phaseAcc=15.25
                           skinDepth=0.002 timingTolerance=0.001 maxStep=100
                           cavityMaterial=Vacuum timeOffset=-4.7e+21
                           timeIncrement=0 fieldMapFile= kill=1
pillbox      cav311        maxGradient=25.92 color=1.0,0.0,0.0 frequency=0.704
                           innerLength=100 innerRadius=163 pipeThick=3
                           wallThick=0.03 irisRadius=60 collarRadialThick=5
                           collarThick=0 win1Thick=0.03 win1OuterRadius=50
                           win2Thick=0.03 winMat=Be phaseAcc=14.57
                           skinDepth=0.002 timingTolerance=0.001 maxStep=100
                           cavityMaterial=Vacuum timeOffset=-4.7e+21
                           timeIncrement=0 fieldMapFile= kill=1
pillbox      cav312        maxGradient=28.47 color=1.0,0.0,0.0 frequency=0.704
                           innerLength=100 innerRadius=163 pipeThick=3
                           wallThick=0.03 irisRadius=60 collarRadialThick=5
                           collarThick=0 win1Thick=0.03 win1OuterRadius=50
                           win2Thick=0.03 winMat=Be phaseAcc=34.78
                           skinDepth=0.002 timingTolerance=0.001 maxStep=100
                           cavityMaterial=Vacuum timeOffset=-4.7e+21
                           timeIncrement=0 fieldMapFile= kill=1
pillbox      cav313        maxGradient=27.08 color=1.0,0.0,0.0 frequency=0.704
                           innerLength=100 innerRadius=163 pipeThick=3
                           wallThick=0.03 irisRadius=60 collarRadialThick=5
                           collarThick=0 win1Thick=0.03 win1OuterRadius=50
                           win2Thick=0.03 winMat=Be phaseAcc=22.98
                           skinDepth=0.002 timingTolerance=0.001 maxStep=100
                           cavityMaterial=Vacuum timeOffset=-4.7e+21
                           timeIncrement=0 fieldMapFile= kill=1
pillbox      cav320        maxGradient=28.62 color=1.0,0.0,0.0 frequency=0.704
                           innerLength=100 innerRadius=163 pipeThick=3
                           wallThick=0.03 irisRadius=60 collarRadialThick=5
                           collarThick=0 win1Thick=0.03 win1OuterRadius=50
                           win2Thick=0.03 winMat=Be phaseAcc=18.73
                           skinDepth=0.002 timingTolerance=0.001 maxStep=100
                           cavityMaterial=Vacuum timeOffset=-4.7e+21
                           timeIncrement=0 fieldMapFile= kill=1
pillbox      cav321        maxGradient=27.19 color=1.0,0.0,0.0 frequency=0.704
                           innerLength=100 innerRadius=163 pipeThick=3
                           wallThick=0.03 irisRadius=60 collarRadialThick=5
                           collarThick=0 win1Thick=0.03 win1OuterRadius=50
                           win2Thick=0.03 winMat=Be phaseAcc=31.7
                           skinDepth=0.002 timingTolerance=0.001 maxStep=100
                           cavityMaterial=Vacuum timeOffset=-4.7e+21
                           timeIncrement=0 fieldMapFile= kill=1
pillbox      cav322        maxGradient=27.36 color=1.0,0.0,0.0 frequency=0.704
                           innerLength=100 innerRadius=163 pipeThick=3
                           wallThick=0.03 irisRadius=60 collarRadialThick=5
                           collarThick=0 win1Thick=0.03 win1OuterRadius=50
                           win2Thick=0.03 winMat=Be phaseAcc=28.77
                           skinDepth=0.002 timingTolerance=0.001 maxStep=100
                           cavityMaterial=Vacuum timeOffset=-4.7e+21
                           timeIncrement=0 fieldMapFile= kill=1
pillbox      cav323        maxGradient=27.55 color=1.0,0.0,0.0 frequency=0.704
                           innerLength=100 innerRadius=163 pipeThick=3
                           wallThick=0.03 irisRadius=60 collarRadialThick=5
                           collarThick=0 win1Thick=0.03 win1OuterRadius=50
                           win2Thick=0.03 winMat=Be phaseAcc=16.56
                           skinDepth=0.002 timingTolerance=0.001 maxStep=100
                           cavityMaterial=Vacuum timeOffset=-4.7e+21
                           timeIncrement=0 fieldMapFile= kill=1
pillbox      cav330        maxGradient=26.7 color=1.0,0.0,0.0 frequency=0.704
                           innerLength=100 innerRadius=163 pipeThick=3
                           wallThick=0.03 irisRadius=60 collarRadialThick=5
                           collarThick=0 win1Thick=0.03 win1OuterRadius=50
                           win2Thick=0.03 winMat=Be phaseAcc=39.4
                           skinDepth=0.002 timingTolerance=0.001 maxStep=100
                           cavityMaterial=Vacuum timeOffset=-4.7e+21
                           timeIncrement=0 fieldMapFile= kill=1
pillbox      cav331        maxGradient=27.58 color=1.0,0.0,0.0 frequency=0.704
                           innerLength=100 innerRadius=163 pipeThick=3
                           wallThick=0.03 irisRadius=60 collarRadialThick=5
                           collarThick=0 win1Thick=0.03 win1OuterRadius=50
                           win2Thick=0.03 winMat=Be phaseAcc=33.45
                           skinDepth=0.002 timingTolerance=0.001 maxStep=100
                           cavityMaterial=Vacuum timeOffset=-4.7e+21
                           timeIncrement=0 fieldMapFile= kill=1
pillbox      cav332        maxGradient=27.09 color=1.0,0.0,0.0 frequency=0.704
                           innerLength=100 innerRadius=163 pipeThick=3
                           wallThick=0.03 irisRadius=60 collarRadialThick=5
                           collarThick=0 win1Thick=0.03 win1OuterRadius=50
                           win2Thick=0.03 winMat=Be phaseAcc=17.39
                           skinDepth=0.002 timingTolerance=0.001 maxStep=100
                           cavityMaterial=Vacuum timeOffset=-4.7e+21
                           timeIncrement=0 fieldMapFile= kill=1
pillbox      cav333        maxGradient=26.98 color=1.0,0.0,0.0 frequency=0.704
                           innerLength=100 innerRadius=163 pipeThick=3
                           wallThick=0.03 irisRadius=60 collarRadialThick=5
                           collarThick=0 win1Thick=0.03 win1OuterRadius=50
                           win2Thick=0.03 winMat=Be phaseAcc=34.24
                           skinDepth=0.002 timingTolerance=0.001 maxStep=100
                           cavityMaterial=Vacuum timeOffset=-4.7e+21
                           timeIncrement=0 fieldMapFile= kill=1
pillbox      cav340        maxGradient=25.82 color=1.0,0.0,0.0 frequency=0.704
                           innerLength=100 innerRadius=163 pipeThick=3
                           wallThick=0.03 irisRadius=60 collarRadialThick=5
                           collarThick=0 win1Thick=0.03 win1OuterRadius=50
                           win2Thick=0.03 winMat=Be phaseAcc=21.81
                           skinDepth=0.002 timingTolerance=0.001 maxStep=100
                           cavityMaterial=Vacuum timeOffset=-4.7e+21
                           timeIncrement=0 fieldMapFile= kill=1
pillbox      cav341        maxGradient=26.13 color=1.0,0.0,0.0 frequency=0.704
                           innerLength=100 innerRadius=163 pipeThick=3
                           wallThick=0.03 irisRadius=60 collarRadialThick=5
                           collarThick=0 win1Thick=0.03 win1OuterRadius=50
                           win2Thick=0.03 winMat=Be phaseAcc=22.09
                           skinDepth=0.002 timingTolerance=0.001 maxStep=100
                           cavityMaterial=Vacuum timeOffset=-4.7e+21
                           timeIncrement=0 fieldMapFile= kill=1
pillbox      cav342        maxGradient=26.12 color=1.0,0.0,0.0 frequency=0.704
                           innerLength=100 innerRadius=163 pipeThick=3
                           wallThick=0.03 irisRadius=60 collarRadialThick=5
                           collarThick=0 win1Thick=0.03 win1OuterRadius=50
                           win2Thick=0.03 winMat=Be phaseAcc=7.631
                           skinDepth=0.002 timingTolerance=0.001 maxStep=100
                           cavityMaterial=Vacuum timeOffset=-4.7e+21
                           timeIncrement=0 fieldMapFile= kill=1
pillbox      cav343        maxGradient=26.1 color=1.0,0.0,0.0 frequency=0.704
                           innerLength=100 innerRadius=163 pipeThick=3
                           wallThick=0.03 irisRadius=60 collarRadialThick=5
                           collarThick=0 win1Thick=0.03 win1OuterRadius=50
                           win2Thick=0.03 winMat=Be phaseAcc=22.17
                           skinDepth=0.002 timingTolerance=0.001 maxStep=100
                           cavityMaterial=Vacuum timeOffset=-4.7e+21
                           timeIncrement=0 fieldMapFile= kill=1
pillbox      cav350        maxGradient=26.4 color=1.0,0.0,0.0 frequency=0.704
                           innerLength=100 innerRadius=163 pipeThick=3
                           wallThick=0.03 irisRadius=60 collarRadialThick=5
                           collarThick=0 win1Thick=0.03 win1OuterRadius=50
                           win2Thick=0.03 winMat=Be phaseAcc=19.33
                           skinDepth=0.002 timingTolerance=0.001 maxStep=100
                           cavityMaterial=Vacuum timeOffset=-4.7e+21
                           timeIncrement=0 fieldMapFile= kill=1
pillbox      cav351        maxGradient=26.67 color=1.0,0.0,0.0 frequency=0.704
                           innerLength=100 innerRadius=163 pipeThick=3
                           wallThick=0.03 irisRadius=60 collarRadialThick=5
                           collarThick=0 win1Thick=0.03 win1OuterRadius=50
                           win2Thick=0.03 winMat=Be phaseAcc=20.87
                           skinDepth=0.002 timingTolerance=0.001 maxStep=100
                           cavityMaterial=Vacuum timeOffset=-4.7e+21
                           timeIncrement=0 fieldMapFile= kill=1
pillbox      cav352        maxGradient=26.85 color=1.0,0.0,0.0 frequency=0.704
                           innerLength=100 innerRadius=163 pipeThick=3
                           wallThick=0.03 irisRadius=60 collarRadialThick=5
                           collarThick=0 win1Thick=0.03 win1OuterRadius=50
                           win2Thick=0.03 winMat=Be phaseAcc=38.52
                           skinDepth=0.002 timingTolerance=0.001 maxStep=100
                           cavityMaterial=Vacuum timeOffset=-4.7e+21
                           timeIncrement=0 fieldMapFile= kill=1
pillbox      cav353        maxGradient=28.03 color=1.0,0.0,0.0 frequency=0.704
                           innerLength=100 innerRadius=163 pipeThick=3
                           wallThick=0.03 irisRadius=60 collarRadialThick=5
                           collarThick=0 win1Thick=0.03 win1OuterRadius=50
                           win2Thick=0.03 winMat=Be phaseAcc=21.04
                           skinDepth=0.002 timingTolerance=0.001 maxStep=100
                           cavityMaterial=Vacuum timeOffset=-4.7e+21
                           timeIncrement=0 fieldMapFile= kill=1
pillbox      cav360        maxGradient=26.61 color=1.0,0.0,0.0 frequency=0.704
                           innerLength=100 innerRadius=163 pipeThick=3
                           wallThick=0.03 irisRadius=60 collarRadialThick=5
                           collarThick=0 win1Thick=0.03 win1OuterRadius=50
                           win2Thick=0.03 winMat=Be phaseAcc=13.49
                           skinDepth=0.002 timingTolerance=0.001 maxStep=100
                           cavityMaterial=Vacuum timeOffset=-4.7e+21
                           timeIncrement=0 fieldMapFile= kill=1
pillbox      cav361        maxGradient=27.14 color=1.0,0.0,0.0 frequency=0.704
                           innerLength=100 innerRadius=163 pipeThick=3
                           wallThick=0.03 irisRadius=60 collarRadialThick=5
                           collarThick=0 win1Thick=0.03 win1OuterRadius=50
                           win2Thick=0.03 winMat=Be phaseAcc=13.66
                           skinDepth=0.002 timingTolerance=0.001 maxStep=100
                           cavityMaterial=Vacuum timeOffset=-4.7e+21
                           timeIncrement=0 fieldMapFile= kill=1
pillbox      cav362        maxGradient=26.66 color=1.0,0.0,0.0 frequency=0.704
                           innerLength=100 innerRadius=163 pipeThick=3
                           wallThick=0.03 irisRadius=60 collarRadialThick=5
                           collarThick=0 win1Thick=0.03 win1OuterRadius=50
                           win2Thick=0.03 winMat=Be phaseAcc=33.99
                           skinDepth=0.002 timingTolerance=0.001 maxStep=100
                           cavityMaterial=Vacuum timeOffset=-4.7e+21
                           timeIncrement=0 fieldMapFile= kill=1
pillbox      cav363        maxGradient=27.2 color=1.0,0.0,0.0 frequency=0.704
                           innerLength=100 innerRadius=163 pipeThick=3
                           wallThick=0.03 irisRadius=60 collarRadialThick=5
                           collarThick=0 win1Thick=0.03 win1OuterRadius=50
                           win2Thick=0.03 winMat=Be phaseAcc=22.71
                           skinDepth=0.002 timingTolerance=0.001 maxStep=100
                           cavityMaterial=Vacuum timeOffset=-4.7e+21
                           timeIncrement=0 fieldMapFile= kill=1
pillbox      cav370        maxGradient=26.93 color=1.0,0.0,0.0 frequency=0.704
                           innerLength=100 innerRadius=163 pipeThick=3
                           wallThick=0.03 irisRadius=60 collarRadialThick=5
                           collarThick=0 win1Thick=0.03 win1OuterRadius=50
                           win2Thick=0.03 winMat=Be phaseAcc=30.34
                           skinDepth=0.002 timingTolerance=0.001 maxStep=100
                           cavityMaterial=Vacuum timeOffset=-4.7e+21
                           timeIncrement=0 fieldMapFile= kill=1
pillbox      cav371        maxGradient=26.44 color=1.0,0.0,0.0 frequency=0.704
                           innerLength=100 innerRadius=163 pipeThick=3
                           wallThick=0.03 irisRadius=60 collarRadialThick=5
                           collarThick=0 win1Thick=0.03 win1OuterRadius=50
                           win2Thick=0.03 winMat=Be phaseAcc=32.15
                           skinDepth=0.002 timingTolerance=0.001 maxStep=100
                           cavityMaterial=Vacuum timeOffset=-4.7e+21
                           timeIncrement=0 fieldMapFile= kill=1
pillbox      cav372        maxGradient=27.69 color=1.0,0.0,0.0 frequency=0.704
                           innerLength=100 innerRadius=163 pipeThick=3
                           wallThick=0.03 irisRadius=60 collarRadialThick=5
                           collarThick=0 win1Thick=0.03 win1OuterRadius=50
                           win2Thick=0.03 winMat=Be phaseAcc=45.18
                           skinDepth=0.002 timingTolerance=0.001 maxStep=100
                           cavityMaterial=Vacuum timeOffset=-4.7e+21
                           timeIncrement=0 fieldMapFile= kill=1
pillbox      cav373        maxGradient=27.29 color=1.0,0.0,0.0 frequency=0.704
                           innerLength=100 innerRadius=163 pipeThick=3
                           wallThick=0.03 irisRadius=60 collarRadialThick=5
                           collarThick=0 win1Thick=0.03 win1OuterRadius=50
                           win2Thick=0.03 winMat=Be phaseAcc=6.81
                           skinDepth=0.002 timingTolerance=0.001 maxStep=100
                           cavityMaterial=Vacuum timeOffset=-4.7e+21
                           timeIncrement=0 fieldMapFile= kill=1
pillbox      cav380        maxGradient=26.67 color=1.0,0.0,0.0 frequency=0.704
                           innerLength=100 innerRadius=163 pipeThick=3
                           wallThick=0.03 irisRadius=60 collarRadialThick=5
                           collarThick=0 win1Thick=0.03 win1OuterRadius=50
                           win2Thick=0.03 winMat=Be phaseAcc=43.72
                           skinDepth=0.002 timingTolerance=0.001 maxStep=100
                           cavityMaterial=Vacuum timeOffset=-4.7e+21
                           timeIncrement=0 fieldMapFile= kill=1
pillbox      cav381        maxGradient=24.64 color=1.0,0.0,0.0 frequency=0.704
                           innerLength=100 innerRadius=163 pipeThick=3
                           wallThick=0.03 irisRadius=60 collarRadialThick=5
                           collarThick=0 win1Thick=0.03 win1OuterRadius=50
                           win2Thick=0.03 winMat=Be phaseAcc=34.73
                           skinDepth=0.002 timingTolerance=0.001 maxStep=100
                           cavityMaterial=Vacuum timeOffset=-4.7e+21
                           timeIncrement=0 fieldMapFile= kill=1
pillbox      cav382        maxGradient=27.5 color=1.0,0.0,0.0 frequency=0.704
                           innerLength=100 innerRadius=163 pipeThick=3
                           wallThick=0.03 irisRadius=60 collarRadialThick=5
                           collarThick=0 win1Thick=0.03 win1OuterRadius=50
                           win2Thick=0.03 winMat=Be phaseAcc=34.83
                           skinDepth=0.002 timingTolerance=0.001 maxStep=100
                           cavityMaterial=Vacuum timeOffset=-4.7e+21
                           timeIncrement=0 fieldMapFile= kill=1
pillbox      cav383        maxGradient=26.56 color=1.0,0.0,0.0 frequency=0.704
                           innerLength=100 innerRadius=163 pipeThick=3
                           wallThick=0.03 irisRadius=60 collarRadialThick=5
                           collarThick=0 win1Thick=0.03 win1OuterRadius=50
                           win2Thick=0.03 winMat=Be phaseAcc=24.22
                           skinDepth=0.002 timingTolerance=0.001 maxStep=100
                           cavityMaterial=Vacuum timeOffset=-4.7e+21
                           timeIncrement=0 fieldMapFile= kill=1
pillbox      cav390        maxGradient=28.39 color=1.0,0.0,0.0 frequency=0.704
                           innerLength=100 innerRadius=163 pipeThick=3
                           wallThick=0.03 irisRadius=60 collarRadialThick=5
                           collarThick=0 win1Thick=0.03 win1OuterRadius=50
                           win2Thick=0.03 winMat=Be phaseAcc=27.39
                           skinDepth=0.002 timingTolerance=0.001 maxStep=100
                           cavityMaterial=Vacuum timeOffset=-4.7e+21
                           timeIncrement=0 fieldMapFile= kill=1
pillbox      cav391        maxGradient=26.91 color=1.0,0.0,0.0 frequency=0.704
                           innerLength=100 innerRadius=163 pipeThick=3
                           wallThick=0.03 irisRadius=60 collarRadialThick=5
                           collarThick=0 win1Thick=0.03 win1OuterRadius=50
                           win2Thick=0.03 winMat=Be phaseAcc=15.2
                           skinDepth=0.002 timingTolerance=0.001 maxStep=100
                           cavityMaterial=Vacuum timeOffset=-4.7e+21
                           timeIncrement=0 fieldMapFile= kill=1
pillbox      cav392        maxGradient=28.81 color=1.0,0.0,0.0 frequency=0.704
                           innerLength=100 innerRadius=163 pipeThick=3
                           wallThick=0.03 irisRadius=60 collarRadialThick=5
                           collarThick=0 win1Thick=0.03 win1OuterRadius=50
                           win2Thick=0.03 winMat=Be phaseAcc=21.24
                           skinDepth=0.002 timingTolerance=0.001 maxStep=100
                           cavityMaterial=Vacuum timeOffset=-4.7e+21
                           timeIncrement=0 fieldMapFile= kill=1
pillbox      cav393        maxGradient=24.96 color=1.0,0.0,0.0 frequency=0.704
                           innerLength=100 innerRadius=163 pipeThick=3
                           wallThick=0.03 irisRadius=60 collarRadialThick=5
                           collarThick=0 win1Thick=0.03 win1OuterRadius=50
                           win2Thick=0.03 winMat=Be phaseAcc=9.326
                           skinDepth=0.002 timingTolerance=0.001 maxStep=100
                           cavityMaterial=Vacuum timeOffset=-4.7e+21
                           timeIncrement=0 fieldMapFile= kill=1
pillbox      cav400        maxGradient=26.22 color=1.0,0.0,0.0 frequency=0.704
                           innerLength=100 innerRadius=163 pipeThick=3
                           wallThick=0.03 irisRadius=60 collarRadialThick=5
                           collarThick=0 win1Thick=0.03 win1OuterRadius=50
                           win2Thick=0.03 winMat=Be phaseAcc=32.19
                           skinDepth=0.002 timingTolerance=0.001 maxStep=100
                           cavityMaterial=Vacuum timeOffset=-4.7e+21
                           timeIncrement=0 fieldMapFile= kill=1
pillbox      cav401        maxGradient=25.98 color=1.0,0.0,0.0 frequency=0.704
                           innerLength=100 innerRadius=163 pipeThick=3
                           wallThick=0.03 irisRadius=60 collarRadialThick=5
                           collarThick=0 win1Thick=0.03 win1OuterRadius=50
                           win2Thick=0.03 winMat=Be phaseAcc=31.12
                           skinDepth=0.002 timingTolerance=0.001 maxStep=100
                           cavityMaterial=Vacuum timeOffset=-4.7e+21
                           timeIncrement=0 fieldMapFile= kill=1
pillbox      cav402        maxGradient=27.09 color=1.0,0.0,0.0 frequency=0.704
                           innerLength=100 innerRadius=163 pipeThick=3
                           wallThick=0.03 irisRadius=60 collarRadialThick=5
                           collarThick=0 win1Thick=0.03 win1OuterRadius=50
                           win2Thick=0.03 winMat=Be phaseAcc=36.29
                           skinDepth=0.002 timingTolerance=0.001 maxStep=100
                           cavityMaterial=Vacuum timeOffset=-4.7e+21
                           timeIncrement=0 fieldMapFile= kill=1
pillbox      cav403        maxGradient=25.82 color=1.0,0.0,0.0 frequency=0.704
                           innerLength=100 innerRadius=163 pipeThick=3
                           wallThick=0.03 irisRadius=60 collarRadialThick=5
                           collarThick=0 win1Thick=0.03 win1OuterRadius=50
                           win2Thick=0.03 winMat=Be phaseAcc=24.42
                           skinDepth=0.002 timingTolerance=0.001 maxStep=100
                           cavityMaterial=Vacuum timeOffset=-4.7e+21
                           timeIncrement=0 fieldMapFile= kill=1
pillbox      cav410        maxGradient=27.16 color=1.0,0.0,0.0 frequency=0.704
                           innerLength=100 innerRadius=163 pipeThick=3
                           wallThick=0.03 irisRadius=60 collarRadialThick=5
                           collarThick=0 win1Thick=0.03 win1OuterRadius=50
                           win2Thick=0.03 winMat=Be phaseAcc=38.25
                           skinDepth=0.002 timingTolerance=0.001 maxStep=100
                           cavityMaterial=Vacuum timeOffset=-4.7e+21
                           timeIncrement=0 fieldMapFile= kill=1
pillbox      cav411        maxGradient=28.53 color=1.0,0.0,0.0 frequency=0.704
                           innerLength=100 innerRadius=163 pipeThick=3
                           wallThick=0.03 irisRadius=60 collarRadialThick=5
                           collarThick=0 win1Thick=0.03 win1OuterRadius=50
                           win2Thick=0.03 winMat=Be phaseAcc=6.675
                           skinDepth=0.002 timingTolerance=0.001 maxStep=100
                           cavityMaterial=Vacuum timeOffset=-4.7e+21
                           timeIncrement=0 fieldMapFile= kill=1
pillbox      cav412        maxGradient=29.49 color=1.0,0.0,0.0 frequency=0.704
                           innerLength=100 innerRadius=163 pipeThick=3
                           wallThick=0.03 irisRadius=60 collarRadialThick=5
                           collarThick=0 win1Thick=0.03 win1OuterRadius=50
                           win2Thick=0.03 winMat=Be phaseAcc=31.33
                           skinDepth=0.002 timingTolerance=0.001 maxStep=100
                           cavityMaterial=Vacuum timeOffset=-4.7e+21
                           timeIncrement=0 fieldMapFile= kill=1
pillbox      cav413        maxGradient=27.69 color=1.0,0.0,0.0 frequency=0.704
                           innerLength=100 innerRadius=163 pipeThick=3
                           wallThick=0.03 irisRadius=60 collarRadialThick=5
                           collarThick=0 win1Thick=0.03 win1OuterRadius=50
                           win2Thick=0.03 winMat=Be phaseAcc=26.52
                           skinDepth=0.002 timingTolerance=0.001 maxStep=100
                           cavityMaterial=Vacuum timeOffset=-4.7e+21
                           timeIncrement=0 fieldMapFile= kill=1
pillbox      cav420        maxGradient=27.75 color=1.0,0.0,0.0 frequency=0.704
                           innerLength=100 innerRadius=163 pipeThick=3
                           wallThick=0.03 irisRadius=60 collarRadialThick=5
                           collarThick=0 win1Thick=0.03 win1OuterRadius=50
                           win2Thick=0.03 winMat=Be phaseAcc=11.39
                           skinDepth=0.002 timingTolerance=0.001 maxStep=100
                           cavityMaterial=Vacuum timeOffset=-4.7e+21
                           timeIncrement=0 fieldMapFile= kill=1
pillbox      cav421        maxGradient=26.89 color=1.0,0.0,0.0 frequency=0.704
                           innerLength=100 innerRadius=163 pipeThick=3
                           wallThick=0.03 irisRadius=60 collarRadialThick=5
                           collarThick=0 win1Thick=0.03 win1OuterRadius=50
                           win2Thick=0.03 winMat=Be phaseAcc=34.7
                           skinDepth=0.002 timingTolerance=0.001 maxStep=100
                           cavityMaterial=Vacuum timeOffset=-4.7e+21
                           timeIncrement=0 fieldMapFile= kill=1
pillbox      cav422        maxGradient=26.81 color=1.0,0.0,0.0 frequency=0.704
                           innerLength=100 innerRadius=163 pipeThick=3
                           wallThick=0.03 irisRadius=60 collarRadialThick=5
                           collarThick=0 win1Thick=0.03 win1OuterRadius=50
                           win2Thick=0.03 winMat=Be phaseAcc=21.59
                           skinDepth=0.002 timingTolerance=0.001 maxStep=100
                           cavityMaterial=Vacuum timeOffset=-4.7e+21
                           timeIncrement=0 fieldMapFile= kill=1
pillbox      cav423        maxGradient=27.68 color=1.0,0.0,0.0 frequency=0.704
                           innerLength=100 innerRadius=163 pipeThick=3
                           wallThick=0.03 irisRadius=60 collarRadialThick=5
                           collarThick=0 win1Thick=0.03 win1OuterRadius=50
                           win2Thick=0.03 winMat=Be phaseAcc=23.39
                           skinDepth=0.002 timingTolerance=0.001 maxStep=100
                           cavityMaterial=Vacuum timeOffset=-4.7e+21
                           timeIncrement=0 fieldMapFile= kill=1
pillbox      cav430        maxGradient=27.43 color=1.0,0.0,0.0 frequency=0.704
                           innerLength=100 innerRadius=163 pipeThick=3
                           wallThick=0.03 irisRadius=60 collarRadialThick=5
                           collarThick=0 win1Thick=0.03 win1OuterRadius=50
                           win2Thick=0.03 winMat=Be phaseAcc=27.27
                           skinDepth=0.002 timingTolerance=0.001 maxStep=100
                           cavityMaterial=Vacuum timeOffset=-4.7e+21
                           timeIncrement=0 fieldMapFile= kill=1
pillbox      cav431        maxGradient=27.49 color=1.0,0.0,0.0 frequency=0.704
                           innerLength=100 innerRadius=163 pipeThick=3
                           wallThick=0.03 irisRadius=60 collarRadialThick=5
                           collarThick=0 win1Thick=0.03 win1OuterRadius=50
                           win2Thick=0.03 winMat=Be phaseAcc=44.18
                           skinDepth=0.002 timingTolerance=0.001 maxStep=100
                           cavityMaterial=Vacuum timeOffset=-4.7e+21
                           timeIncrement=0 fieldMapFile= kill=1
pillbox      cav432        maxGradient=27.46 color=1.0,0.0,0.0 frequency=0.704
                           innerLength=100 innerRadius=163 pipeThick=3
                           wallThick=0.03 irisRadius=60 collarRadialThick=5
                           collarThick=0 win1Thick=0.03 win1OuterRadius=50
                           win2Thick=0.03 winMat=Be phaseAcc=34.48
                           skinDepth=0.002 timingTolerance=0.001 maxStep=100
                           cavityMaterial=Vacuum timeOffset=-4.7e+21
                           timeIncrement=0 fieldMapFile= kill=1
pillbox      cav433        maxGradient=27.41 color=1.0,0.0,0.0 frequency=0.704
                           innerLength=100 innerRadius=163 pipeThick=3
                           wallThick=0.03 irisRadius=60 collarRadialThick=5
                           collarThick=0 win1Thick=0.03 win1OuterRadius=50
                           win2Thick=0.03 winMat=Be phaseAcc=20.02
                           skinDepth=0.002 timingTolerance=0.001 maxStep=100
                           cavityMaterial=Vacuum timeOffset=-4.7e+21
                           timeIncrement=0 fieldMapFile= kill=1
pillbox      cav440        maxGradient=28.6 color=1.0,0.0,0.0 frequency=0.704
                           innerLength=100 innerRadius=163 pipeThick=3
                           wallThick=0.03 irisRadius=60 collarRadialThick=5
                           collarThick=0 win1Thick=0.03 win1OuterRadius=50
                           win2Thick=0.03 winMat=Be phaseAcc=13.71
                           skinDepth=0.002 timingTolerance=0.001 maxStep=100
                           cavityMaterial=Vacuum timeOffset=-4.7e+21
                           timeIncrement=0 fieldMapFile= kill=1
pillbox      cav441        maxGradient=26.08 color=1.0,0.0,0.0 frequency=0.704
                           innerLength=100 innerRadius=163 pipeThick=3
                           wallThick=0.03 irisRadius=60 collarRadialThick=5
                           collarThick=0 win1Thick=0.03 win1OuterRadius=50
                           win2Thick=0.03 winMat=Be phaseAcc=23.19
                           skinDepth=0.002 timingTolerance=0.001 maxStep=100
                           cavityMaterial=Vacuum timeOffset=-4.7e+21
                           timeIncrement=0 fieldMapFile= kill=1
pillbox      cav442        maxGradient=27.8 color=1.0,0.0,0.0 frequency=0.704
                           innerLength=100 innerRadius=163 pipeThick=3
                           wallThick=0.03 irisRadius=60 collarRadialThick=5
                           collarThick=0 win1Thick=0.03 win1OuterRadius=50
                           win2Thick=0.03 winMat=Be phaseAcc=21.02
                           skinDepth=0.002 timingTolerance=0.001 maxStep=100
                           cavityMaterial=Vacuum timeOffset=-4.7e+21
                           timeIncrement=0 fieldMapFile= kill=1
pillbox      cav443        maxGradient=27.32 color=1.0,0.0,0.0 frequency=0.704
                           innerLength=100 innerRadius=163 pipeThick=3
                           wallThick=0.03 irisRadius=60 collarRadialThick=5
                           collarThick=0 win1Thick=0.03 win1OuterRadius=50
                           win2Thick=0.03 winMat=Be phaseAcc=16.9
                           skinDepth=0.002 timingTolerance=0.001 maxStep=100
                           cavityMaterial=Vacuum timeOffset=-4.7e+21
                           timeIncrement=0 fieldMapFile= kill=1
pillbox      cav450        maxGradient=27.56 color=1.0,0.0,0.0 frequency=0.704
                           innerLength=100 innerRadius=163 pipeThick=3
                           wallThick=0.03 irisRadius=60 collarRadialThick=5
                           collarThick=0 win1Thick=0.03 win1OuterRadius=50
                           win2Thick=0.03 winMat=Be phaseAcc=31.91
                           skinDepth=0.002 timingTolerance=0.001 maxStep=100
                           cavityMaterial=Vacuum timeOffset=-4.7e+21
                           timeIncrement=0 fieldMapFile= kill=1
pillbox      cav451        maxGradient=26.38 color=1.0,0.0,0.0 frequency=0.704
                           innerLength=100 innerRadius=163 pipeThick=3
                           wallThick=0.03 irisRadius=60 collarRadialThick=5
                           collarThick=0 win1Thick=0.03 win1OuterRadius=50
                           win2Thick=0.03 winMat=Be phaseAcc=31.06
                           skinDepth=0.002 timingTolerance=0.001 maxStep=100
                           cavityMaterial=Vacuum timeOffset=-4.7e+21
                           timeIncrement=0 fieldMapFile= kill=1
pillbox      cav452        maxGradient=26.73 color=1.0,0.0,0.0 frequency=0.704
                           innerLength=100 innerRadius=163 pipeThick=3
                           wallThick=0.03 irisRadius=60 collarRadialThick=5
                           collarThick=0 win1Thick=0.03 win1OuterRadius=50
                           win2Thick=0.03 winMat=Be phaseAcc=48.57
                           skinDepth=0.002 timingTolerance=0.001 maxStep=100
                           cavityMaterial=Vacuum timeOffset=-4.7e+21
                           timeIncrement=0 fieldMapFile= kill=1
pillbox      cav453        maxGradient=24.65 color=1.0,0.0,0.0 frequency=0.704
                           innerLength=100 innerRadius=163 pipeThick=3
                           wallThick=0.03 irisRadius=60 collarRadialThick=5
                           collarThick=0 win1Thick=0.03 win1OuterRadius=50
                           win2Thick=0.03 winMat=Be phaseAcc=34.39
                           skinDepth=0.002 timingTolerance=0.001 maxStep=100
                           cavityMaterial=Vacuum timeOffset=-4.7e+21
                           timeIncrement=0 fieldMapFile= kill=1
pillbox      cav460        maxGradient=29.05 color=1.0,0.0,0.0 frequency=0.704
                           innerLength=100 innerRadius=163 pipeThick=3
                           wallThick=0.03 irisRadius=60 collarRadialThick=5
                           collarThick=0 win1Thick=0.03 win1OuterRadius=50
                           win2Thick=0.03 winMat=Be phaseAcc=19.46
                           skinDepth=0.002 timingTolerance=0.001 maxStep=100
                           cavityMaterial=Vacuum timeOffset=-4.7e+21
                           timeIncrement=0 fieldMapFile= kill=1
pillbox      cav461        maxGradient=26.43 color=1.0,0.0,0.0 frequency=0.704
                           innerLength=100 innerRadius=163 pipeThick=3
                           wallThick=0.03 irisRadius=60 collarRadialThick=5
                           collarThick=0 win1Thick=0.03 win1OuterRadius=50
                           win2Thick=0.03 winMat=Be phaseAcc=27.13
                           skinDepth=0.002 timingTolerance=0.001 maxStep=100
                           cavityMaterial=Vacuum timeOffset=-4.7e+21
                           timeIncrement=0 fieldMapFile= kill=1
pillbox      cav462        maxGradient=27.86 color=1.0,0.0,0.0 frequency=0.704
                           innerLength=100 innerRadius=163 pipeThick=3
                           wallThick=0.03 irisRadius=60 collarRadialThick=5
                           collarThick=0 win1Thick=0.03 win1OuterRadius=50
                           win2Thick=0.03 winMat=Be phaseAcc=30.87
                           skinDepth=0.002 timingTolerance=0.001 maxStep=100
                           cavityMaterial=Vacuum timeOffset=-4.7e+21
                           timeIncrement=0 fieldMapFile= kill=1
pillbox      cav463        maxGradient=25.72 color=1.0,0.0,0.0 frequency=0.704
                           innerLength=100 innerRadius=163 pipeThick=3
                           wallThick=0.03 irisRadius=60 collarRadialThick=5
                           collarThick=0 win1Thick=0.03 win1OuterRadius=50
                           win2Thick=0.03 winMat=Be phaseAcc=16.09
                           skinDepth=0.002 timingTolerance=0.001 maxStep=100
                           cavityMaterial=Vacuum timeOffset=-4.7e+21
                           timeIncrement=0 fieldMapFile= kill=1
pillbox      cav470        maxGradient=27.19 color=1.0,0.0,0.0 frequency=0.704
                           innerLength=100 innerRadius=163 pipeThick=3
                           wallThick=0.03 irisRadius=60 collarRadialThick=5
                           collarThick=0 win1Thick=0.03 win1OuterRadius=50
                           win2Thick=0.03 winMat=Be phaseAcc=22.75
                           skinDepth=0.002 timingTolerance=0.001 maxStep=100
                           cavityMaterial=Vacuum timeOffset=-4.7e+21
                           timeIncrement=0 fieldMapFile= kill=1
pillbox      cav471        maxGradient=26.91 color=1.0,0.0,0.0 frequency=0.704
                           innerLength=100 innerRadius=163 pipeThick=3
                           wallThick=0.03 irisRadius=60 collarRadialThick=5
                           collarThick=0 win1Thick=0.03 win1OuterRadius=50
                           win2Thick=0.03 winMat=Be phaseAcc=29.52
                           skinDepth=0.002 timingTolerance=0.001 maxStep=100
                           cavityMaterial=Vacuum timeOffset=-4.7e+21
                           timeIncrement=0 fieldMapFile= kill=1
pillbox      cav472        maxGradient=28.39 color=1.0,0.0,0.0 frequency=0.704
                           innerLength=100 innerRadius=163 pipeThick=3
                           wallThick=0.03 irisRadius=60 collarRadialThick=5
                           collarThick=0 win1Thick=0.03 win1OuterRadius=50
                           win2Thick=0.03 winMat=Be phaseAcc=41.14
                           skinDepth=0.002 timingTolerance=0.001 maxStep=100
                           cavityMaterial=Vacuum timeOffset=-4.7e+21
                           timeIncrement=0 fieldMapFile= kill=1
pillbox      cav473        maxGradient=25.55 color=1.0,0.0,0.0 frequency=0.704
                           innerLength=100 innerRadius=163 pipeThick=3
                           wallThick=0.03 irisRadius=60 collarRadialThick=5
                           collarThick=0 win1Thick=0.03 win1OuterRadius=50
                           win2Thick=0.03 winMat=Be phaseAcc=54.97
                           skinDepth=0.002 timingTolerance=0.001 maxStep=100
                           cavityMaterial=Vacuum timeOffset=-4.7e+21
                           timeIncrement=0 fieldMapFile= kill=1
pillbox      cav480        maxGradient=25.72 color=1.0,0.0,0.0 frequency=0.704
                           innerLength=100 innerRadius=163 pipeThick=3
                           wallThick=0.03 irisRadius=60 collarRadialThick=5
                           collarThick=0 win1Thick=0.03 win1OuterRadius=50
                           win2Thick=0.03 winMat=Be phaseAcc=33.18
                           skinDepth=0.002 timingTolerance=0.001 maxStep=100
                           cavityMaterial=Vacuum timeOffset=-4.7e+21
                           timeIncrement=0 fieldMapFile= kill=1
pillbox      cav481        maxGradient=27.37 color=1.0,0.0,0.0 frequency=0.704
                           innerLength=100 innerRadius=163 pipeThick=3
                           wallThick=0.03 irisRadius=60 collarRadialThick=5
                           collarThick=0 win1Thick=0.03 win1OuterRadius=50
                           win2Thick=0.03 winMat=Be phaseAcc=31.11
                           skinDepth=0.002 timingTolerance=0.001 maxStep=100
                           cavityMaterial=Vacuum timeOffset=-4.7e+21
                           timeIncrement=0 fieldMapFile= kill=1
pillbox      cav482        maxGradient=26.65 color=1.0,0.0,0.0 frequency=0.704
                           innerLength=100 innerRadius=163 pipeThick=3
                           wallThick=0.03 irisRadius=60 collarRadialThick=5
                           collarThick=0 win1Thick=0.03 win1OuterRadius=50
                           win2Thick=0.03 winMat=Be phaseAcc=16.14
                           skinDepth=0.002 timingTolerance=0.001 maxStep=100
                           cavityMaterial=Vacuum timeOffset=-4.7e+21
                           timeIncrement=0 fieldMapFile= kill=1
pillbox      cav483        maxGradient=27.65 color=1.0,0.0,0.0 frequency=0.704
                           innerLength=100 innerRadius=163 pipeThick=3
                           wallThick=0.03 irisRadius=60 collarRadialThick=5
                           collarThick=0 win1Thick=0.03 win1OuterRadius=50
                           win2Thick=0.03 winMat=Be phaseAcc=9.518
                           skinDepth=0.002 timingTolerance=0.001 maxStep=100
                           cavityMaterial=Vacuum timeOffset=-4.7e+21
                           timeIncrement=0 fieldMapFile= kill=1
pillbox      cav490        maxGradient=27.47 color=1.0,0.0,0.0 frequency=0.704
                           innerLength=100 innerRadius=163 pipeThick=3
                           wallThick=0.03 irisRadius=60 collarRadialThick=5
                           collarThick=0 win1Thick=0.03 win1OuterRadius=50
                           win2Thick=0.03 winMat=Be phaseAcc=23.89
                           skinDepth=0.002 timingTolerance=0.001 maxStep=100
                           cavityMaterial=Vacuum timeOffset=-4.7e+21
                           timeIncrement=0 fieldMapFile= kill=1
pillbox      cav491        maxGradient=27.35 color=1.0,0.0,0.0 frequency=0.704
                           innerLength=100 innerRadius=163 pipeThick=3
                           wallThick=0.03 irisRadius=60 collarRadialThick=5
                           collarThick=0 win1Thick=0.03 win1OuterRadius=50
                           win2Thick=0.03 winMat=Be phaseAcc=31.53
                           skinDepth=0.002 timingTolerance=0.001 maxStep=100
                           cavityMaterial=Vacuum timeOffset=-4.7e+21
                           timeIncrement=0 fieldMapFile= kill=1
pillbox      cav492        maxGradient=26.57 color=1.0,0.0,0.0 frequency=0.704
                           innerLength=100 innerRadius=163 pipeThick=3
                           wallThick=0.03 irisRadius=60 collarRadialThick=5
                           collarThick=0 win1Thick=0.03 win1OuterRadius=50
                           win2Thick=0.03 winMat=Be phaseAcc=22.32
                           skinDepth=0.002 timingTolerance=0.001 maxStep=100
                           cavityMaterial=Vacuum timeOffset=-4.7e+21
                           timeIncrement=0 fieldMapFile= kill=1
pillbox      cav493        maxGradient=27.72 color=1.0,0.0,0.0 frequency=0.704
                           innerLength=100 innerRadius=163 pipeThick=3
                           wallThick=0.03 irisRadius=60 collarRadialThick=5
                           collarThick=0 win1Thick=0.03 win1OuterRadius=50
                           win2Thick=0.03 winMat=Be phaseAcc=34.04
                           skinDepth=0.002 timingTolerance=0.001 maxStep=100
                           cavityMaterial=Vacuum timeOffset=-4.7e+21
                           timeIncrement=0 fieldMapFile= kill=1
pillbox      cav500        maxGradient=28.53 color=1.0,0.0,0.0 frequency=0.704
                           innerLength=100 innerRadius=163 pipeThick=3
                           wallThick=0.03 irisRadius=60 collarRadialThick=5
                           collarThick=0 win1Thick=0.03 win1OuterRadius=50
                           win2Thick=0.03 winMat=Be phaseAcc=25.85
                           skinDepth=0.002 timingTolerance=0.001 maxStep=100
                           cavityMaterial=Vacuum timeOffset=-4.7e+21
                           timeIncrement=0 fieldMapFile= kill=1
pillbox      cav501        maxGradient=26.5 color=1.0,0.0,0.0 frequency=0.704
                           innerLength=100 innerRadius=163 pipeThick=3
                           wallThick=0.03 irisRadius=60 collarRadialThick=5
                           collarThick=0 win1Thick=0.03 win1OuterRadius=50
                           win2Thick=0.03 winMat=Be phaseAcc=26.02
                           skinDepth=0.002 timingTolerance=0.001 maxStep=100
                           cavityMaterial=Vacuum timeOffset=-4.7e+21
                           timeIncrement=0 fieldMapFile= kill=1
pillbox      cav502        maxGradient=25.83 color=1.0,0.0,0.0 frequency=0.704
                           innerLength=100 innerRadius=163 pipeThick=3
                           wallThick=0.03 irisRadius=60 collarRadialThick=5
                           collarThick=0 win1Thick=0.03 win1OuterRadius=50
                           win2Thick=0.03 winMat=Be phaseAcc=4.991
                           skinDepth=0.002 timingTolerance=0.001 maxStep=100
                           cavityMaterial=Vacuum timeOffset=-4.7e+21
                           timeIncrement=0 fieldMapFile= kill=1
pillbox      cav503        maxGradient=27.33 color=1.0,0.0,0.0 frequency=0.704
                           innerLength=100 innerRadius=163 pipeThick=3
                           wallThick=0.03 irisRadius=60 collarRadialThick=5
                           collarThick=0 win1Thick=0.03 win1OuterRadius=50
                           win2Thick=0.03 winMat=Be phaseAcc=25.81
                           skinDepth=0.002 timingTolerance=0.001 maxStep=100
                           cavityMaterial=Vacuum timeOffset=-4.7e+21
                           timeIncrement=0 fieldMapFile= kill=1
pillbox      cav510        maxGradient=27.28 color=1.0,0.0,0.0 frequency=0.704
                           innerLength=100 innerRadius=163 pipeThick=3
                           wallThick=0.03 irisRadius=60 collarRadialThick=5
                           collarThick=0 win1Thick=0.03 win1OuterRadius=50
                           win2Thick=0.03 winMat=Be phaseAcc=32.49
                           skinDepth=0.002 timingTolerance=0.001 maxStep=100
                           cavityMaterial=Vacuum timeOffset=-4.7e+21
                           timeIncrement=0 fieldMapFile= kill=1
pillbox      cav511        maxGradient=25.92 color=1.0,0.0,0.0 frequency=0.704
                           innerLength=100 innerRadius=163 pipeThick=3
                           wallThick=0.03 irisRadius=60 collarRadialThick=5
                           collarThick=0 win1Thick=0.03 win1OuterRadius=50
                           win2Thick=0.03 winMat=Be phaseAcc=32.84
                           skinDepth=0.002 timingTolerance=0.001 maxStep=100
                           cavityMaterial=Vacuum timeOffset=-4.7e+21
                           timeIncrement=0 fieldMapFile= kill=1
pillbox      cav512        maxGradient=28.66 color=1.0,0.0,0.0 frequency=0.704
                           innerLength=100 innerRadius=163 pipeThick=3
                           wallThick=0.03 irisRadius=60 collarRadialThick=5
                           collarThick=0 win1Thick=0.03 win1OuterRadius=50
                           win2Thick=0.03 winMat=Be phaseAcc=30.55
                           skinDepth=0.002 timingTolerance=0.001 maxStep=100
                           cavityMaterial=Vacuum timeOffset=-4.7e+21
                           timeIncrement=0 fieldMapFile= kill=1
pillbox      cav513        maxGradient=27.58 color=1.0,0.0,0.0 frequency=0.704
                           innerLength=100 innerRadius=163 pipeThick=3
                           wallThick=0.03 irisRadius=60 collarRadialThick=5
                           collarThick=0 win1Thick=0.03 win1OuterRadius=50
                           win2Thick=0.03 winMat=Be phaseAcc=42.45
                           skinDepth=0.002 timingTolerance=0.001 maxStep=100
                           cavityMaterial=Vacuum timeOffset=-4.7e+21
                           timeIncrement=0 fieldMapFile= kill=1
pillbox      cav520        maxGradient=27.64 color=1.0,0.0,0.0 frequency=0.704
                           innerLength=100 innerRadius=163 pipeThick=3
                           wallThick=0.03 irisRadius=60 collarRadialThick=5
                           collarThick=0 win1Thick=0.03 win1OuterRadius=50
                           win2Thick=0.03 winMat=Be phaseAcc=29.72
                           skinDepth=0.002 timingTolerance=0.001 maxStep=100
                           cavityMaterial=Vacuum timeOffset=-4.7e+21
                           timeIncrement=0 fieldMapFile= kill=1
pillbox      cav521        maxGradient=27.17 color=1.0,0.0,0.0 frequency=0.704
                           innerLength=100 innerRadius=163 pipeThick=3
                           wallThick=0.03 irisRadius=60 collarRadialThick=5
                           collarThick=0 win1Thick=0.03 win1OuterRadius=50
                           win2Thick=0.03 winMat=Be phaseAcc=34.35
                           skinDepth=0.002 timingTolerance=0.001 maxStep=100
                           cavityMaterial=Vacuum timeOffset=-4.7e+21
                           timeIncrement=0 fieldMapFile= kill=1
pillbox      cav522        maxGradient=26.59 color=1.0,0.0,0.0 frequency=0.704
                           innerLength=100 innerRadius=163 pipeThick=3
                           wallThick=0.03 irisRadius=60 collarRadialThick=5
                           collarThick=0 win1Thick=0.03 win1OuterRadius=50
                           win2Thick=0.03 winMat=Be phaseAcc=29.19
                           skinDepth=0.002 timingTolerance=0.001 maxStep=100
                           cavityMaterial=Vacuum timeOffset=-4.7e+21
                           timeIncrement=0 fieldMapFile= kill=1
pillbox      cav523        maxGradient=27.47 color=1.0,0.0,0.0 frequency=0.704
                           innerLength=100 innerRadius=163 pipeThick=3
                           wallThick=0.03 irisRadius=60 collarRadialThick=5
                           collarThick=0 win1Thick=0.03 win1OuterRadius=50
                           win2Thick=0.03 winMat=Be phaseAcc=29.32
                           skinDepth=0.002 timingTolerance=0.001 maxStep=100
                           cavityMaterial=Vacuum timeOffset=-4.7e+21
                           timeIncrement=0 fieldMapFile= kill=1
pillbox      cav530        maxGradient=27.83 color=1.0,0.0,0.0 frequency=0.704
                           innerLength=100 innerRadius=163 pipeThick=3
                           wallThick=0.03 irisRadius=60 collarRadialThick=5
                           collarThick=0 win1Thick=0.03 win1OuterRadius=50
                           win2Thick=0.03 winMat=Be phaseAcc=25.68
                           skinDepth=0.002 timingTolerance=0.001 maxStep=100
                           cavityMaterial=Vacuum timeOffset=-4.7e+21
                           timeIncrement=0 fieldMapFile= kill=1
pillbox      cav531        maxGradient=26.87 color=1.0,0.0,0.0 frequency=0.704
                           innerLength=100 innerRadius=163 pipeThick=3
                           wallThick=0.03 irisRadius=60 collarRadialThick=5
                           collarThick=0 win1Thick=0.03 win1OuterRadius=50
                           win2Thick=0.03 winMat=Be phaseAcc=27.07
                           skinDepth=0.002 timingTolerance=0.001 maxStep=100
                           cavityMaterial=Vacuum timeOffset=-4.7e+21
                           timeIncrement=0 fieldMapFile= kill=1
pillbox      cav532        maxGradient=26.58 color=1.0,0.0,0.0 frequency=0.704
                           innerLength=100 innerRadius=163 pipeThick=3
                           wallThick=0.03 irisRadius=60 collarRadialThick=5
                           collarThick=0 win1Thick=0.03 win1OuterRadius=50
                           win2Thick=0.03 winMat=Be phaseAcc=18.87
                           skinDepth=0.002 timingTolerance=0.001 maxStep=100
                           cavityMaterial=Vacuum timeOffset=-4.7e+21
                           timeIncrement=0 fieldMapFile= kill=1
pillbox      cav533        maxGradient=25.39 color=1.0,0.0,0.0 frequency=0.704
                           innerLength=100 innerRadius=163 pipeThick=3
                           wallThick=0.03 irisRadius=60 collarRadialThick=5
                           collarThick=0 win1Thick=0.03 win1OuterRadius=50
                           win2Thick=0.03 winMat=Be phaseAcc=16.01
                           skinDepth=0.002 timingTolerance=0.001 maxStep=100
                           cavityMaterial=Vacuum timeOffset=-4.7e+21
                           timeIncrement=0 fieldMapFile= kill=1
pillbox      cav540        maxGradient=27.1 color=1.0,0.0,0.0 frequency=0.704
                           innerLength=100 innerRadius=163 pipeThick=3
                           wallThick=0.03 irisRadius=60 collarRadialThick=5
                           collarThick=0 win1Thick=0.03 win1OuterRadius=50
                           win2Thick=0.03 winMat=Be phaseAcc=23.14
                           skinDepth=0.002 timingTolerance=0.001 maxStep=100
                           cavityMaterial=Vacuum timeOffset=-4.7e+21
                           timeIncrement=0 fieldMapFile= kill=1
pillbox      cav541        maxGradient=26.67 color=1.0,0.0,0.0 frequency=0.704
                           innerLength=100 innerRadius=163 pipeThick=3
                           wallThick=0.03 irisRadius=60 collarRadialThick=5
                           collarThick=0 win1Thick=0.03 win1OuterRadius=50
                           win2Thick=0.03 winMat=Be phaseAcc=22.93
                           skinDepth=0.002 timingTolerance=0.001 maxStep=100
                           cavityMaterial=Vacuum timeOffset=-4.7e+21
                           timeIncrement=0 fieldMapFile= kill=1
pillbox      cav542        maxGradient=27.26 color=1.0,0.0,0.0 frequency=0.704
                           innerLength=100 innerRadius=163 pipeThick=3
                           wallThick=0.03 irisRadius=60 collarRadialThick=5
                           collarThick=0 win1Thick=0.03 win1OuterRadius=50
                           win2Thick=0.03 winMat=Be phaseAcc=36.25
                           skinDepth=0.002 timingTolerance=0.001 maxStep=100
                           cavityMaterial=Vacuum timeOffset=-4.7e+21
                           timeIncrement=0 fieldMapFile= kill=1
pillbox      cav543        maxGradient=27.49 color=1.0,0.0,0.0 frequency=0.704
                           innerLength=100 innerRadius=163 pipeThick=3
                           wallThick=0.03 irisRadius=60 collarRadialThick=5
                           collarThick=0 win1Thick=0.03 win1OuterRadius=50
                           win2Thick=0.03 winMat=Be phaseAcc=19.48
                           skinDepth=0.002 timingTolerance=0.001 maxStep=100
                           cavityMaterial=Vacuum timeOffset=-4.7e+21
                           timeIncrement=0 fieldMapFile= kill=1
pillbox      cav550        maxGradient=28.22 color=1.0,0.0,0.0 frequency=0.704
                           innerLength=100 innerRadius=163 pipeThick=3
                           wallThick=0.03 irisRadius=60 collarRadialThick=5
                           collarThick=0 win1Thick=0.03 win1OuterRadius=50
                           win2Thick=0.03 winMat=Be phaseAcc=22.78
                           skinDepth=0.002 timingTolerance=0.001 maxStep=100
                           cavityMaterial=Vacuum timeOffset=-4.7e+21
                           timeIncrement=0 fieldMapFile= kill=1
pillbox      cav551        maxGradient=29.07 color=1.0,0.0,0.0 frequency=0.704
                           innerLength=100 innerRadius=163 pipeThick=3
                           wallThick=0.03 irisRadius=60 collarRadialThick=5
                           collarThick=0 win1Thick=0.03 win1OuterRadius=50
                           win2Thick=0.03 winMat=Be phaseAcc=27.02
                           skinDepth=0.002 timingTolerance=0.001 maxStep=100
                           cavityMaterial=Vacuum timeOffset=-4.7e+21
                           timeIncrement=0 fieldMapFile= kill=1
pillbox      cav552        maxGradient=26.34 color=1.0,0.0,0.0 frequency=0.704
                           innerLength=100 innerRadius=163 pipeThick=3
                           wallThick=0.03 irisRadius=60 collarRadialThick=5
                           collarThick=0 win1Thick=0.03 win1OuterRadius=50
                           win2Thick=0.03 winMat=Be phaseAcc=13.46
                           skinDepth=0.002 timingTolerance=0.001 maxStep=100
                           cavityMaterial=Vacuum timeOffset=-4.7e+21
                           timeIncrement=0 fieldMapFile= kill=1
pillbox      cav553        maxGradient=27.44 color=1.0,0.0,0.0 frequency=0.704
                           innerLength=100 innerRadius=163 pipeThick=3
                           wallThick=0.03 irisRadius=60 collarRadialThick=5
                           collarThick=0 win1Thick=0.03 win1OuterRadius=50
                           win2Thick=0.03 winMat=Be phaseAcc=26.15
                           skinDepth=0.002 timingTolerance=0.001 maxStep=100
                           cavityMaterial=Vacuum timeOffset=-4.7e+21
                           timeIncrement=0 fieldMapFile= kill=1
pillbox      cav560        maxGradient=28.87 color=1.0,0.0,0.0 frequency=0.704
                           innerLength=100 innerRadius=163 pipeThick=3
                           wallThick=0.03 irisRadius=60 collarRadialThick=5
                           collarThick=0 win1Thick=0.03 win1OuterRadius=50
                           win2Thick=0.03 winMat=Be phaseAcc=38.71
                           skinDepth=0.002 timingTolerance=0.001 maxStep=100
                           cavityMaterial=Vacuum timeOffset=-4.7e+21
                           timeIncrement=0 fieldMapFile= kill=1
pillbox      cav561        maxGradient=28.14 color=1.0,0.0,0.0 frequency=0.704
                           innerLength=100 innerRadius=163 pipeThick=3
                           wallThick=0.03 irisRadius=60 collarRadialThick=5
                           collarThick=0 win1Thick=0.03 win1OuterRadius=50
                           win2Thick=0.03 winMat=Be phaseAcc=14.01
                           skinDepth=0.002 timingTolerance=0.001 maxStep=100
                           cavityMaterial=Vacuum timeOffset=-4.7e+21
                           timeIncrement=0 fieldMapFile= kill=1
pillbox      cav562        maxGradient=27.51 color=1.0,0.0,0.0 frequency=0.704
                           innerLength=100 innerRadius=163 pipeThick=3
                           wallThick=0.03 irisRadius=60 collarRadialThick=5
                           collarThick=0 win1Thick=0.03 win1OuterRadius=50
                           win2Thick=0.03 winMat=Be phaseAcc=31.22
                           skinDepth=0.002 timingTolerance=0.001 maxStep=100
                           cavityMaterial=Vacuum timeOffset=-4.7e+21
                           timeIncrement=0 fieldMapFile= kill=1
pillbox      cav563        maxGradient=27 color=1.0,0.0,0.0 frequency=0.704
                           innerLength=100 innerRadius=163 pipeThick=3
                           wallThick=0.03 irisRadius=60 collarRadialThick=5
                           collarThick=0 win1Thick=0.03 win1OuterRadius=50
                           win2Thick=0.03 winMat=Be phaseAcc=33.72
                           skinDepth=0.002 timingTolerance=0.001 maxStep=100
                           cavityMaterial=Vacuum timeOffset=-4.7e+21
                           timeIncrement=0 fieldMapFile= kill=1
pillbox      cav570        maxGradient=28.52 color=1.0,0.0,0.0 frequency=0.704
                           innerLength=100 innerRadius=163 pipeThick=3
                           wallThick=0.03 irisRadius=60 collarRadialThick=5
                           collarThick=0 win1Thick=0.03 win1OuterRadius=50
                           win2Thick=0.03 winMat=Be phaseAcc=31.02
                           skinDepth=0.002 timingTolerance=0.001 maxStep=100
                           cavityMaterial=Vacuum timeOffset=-4.7e+21
                           timeIncrement=0 fieldMapFile= kill=1
pillbox      cav571        maxGradient=27.03 color=1.0,0.0,0.0 frequency=0.704
                           innerLength=100 innerRadius=163 pipeThick=3
                           wallThick=0.03 irisRadius=60 collarRadialThick=5
                           collarThick=0 win1Thick=0.03 win1OuterRadius=50
                           win2Thick=0.03 winMat=Be phaseAcc=11.92
                           skinDepth=0.002 timingTolerance=0.001 maxStep=100
                           cavityMaterial=Vacuum timeOffset=-4.7e+21
                           timeIncrement=0 fieldMapFile= kill=1
pillbox      cav572        maxGradient=26.99 color=1.0,0.0,0.0 frequency=0.704
                           innerLength=100 innerRadius=163 pipeThick=3
                           wallThick=0.03 irisRadius=60 collarRadialThick=5
                           collarThick=0 win1Thick=0.03 win1OuterRadius=50
                           win2Thick=0.03 winMat=Be phaseAcc=18.3
                           skinDepth=0.002 timingTolerance=0.001 maxStep=100
                           cavityMaterial=Vacuum timeOffset=-4.7e+21
                           timeIncrement=0 fieldMapFile= kill=1
pillbox      cav573        maxGradient=27.34 color=1.0,0.0,0.0 frequency=0.704
                           innerLength=100 innerRadius=163 pipeThick=3
                           wallThick=0.03 irisRadius=60 collarRadialThick=5
                           collarThick=0 win1Thick=0.03 win1OuterRadius=50
                           win2Thick=0.03 winMat=Be phaseAcc=16.34
                           skinDepth=0.002 timingTolerance=0.001 maxStep=100
                           cavityMaterial=Vacuum timeOffset=-4.7e+21
                           timeIncrement=0 fieldMapFile= kill=1
pillbox      cav580        maxGradient=26.78 color=1.0,0.0,0.0 frequency=0.704
                           innerLength=100 innerRadius=163 pipeThick=3
                           wallThick=0.03 irisRadius=60 collarRadialThick=5
                           collarThick=0 win1Thick=0.03 win1OuterRadius=50
                           win2Thick=0.03 winMat=Be phaseAcc=42.48
                           skinDepth=0.002 timingTolerance=0.001 maxStep=100
                           cavityMaterial=Vacuum timeOffset=-4.7e+21
                           timeIncrement=0 fieldMapFile= kill=1
pillbox      cav581        maxGradient=27.39 color=1.0,0.0,0.0 frequency=0.704
                           innerLength=100 innerRadius=163 pipeThick=3
                           wallThick=0.03 irisRadius=60 collarRadialThick=5
                           collarThick=0 win1Thick=0.03 win1OuterRadius=50
                           win2Thick=0.03 winMat=Be phaseAcc=18.37
                           skinDepth=0.002 timingTolerance=0.001 maxStep=100
                           cavityMaterial=Vacuum timeOffset=-4.7e+21
                           timeIncrement=0 fieldMapFile= kill=1
pillbox      cav582        maxGradient=27.25 color=1.0,0.0,0.0 frequency=0.704
                           innerLength=100 innerRadius=163 pipeThick=3
                           wallThick=0.03 irisRadius=60 collarRadialThick=5
                           collarThick=0 win1Thick=0.03 win1OuterRadius=50
                           win2Thick=0.03 winMat=Be phaseAcc=32.64
                           skinDepth=0.002 timingTolerance=0.001 maxStep=100
                           cavityMaterial=Vacuum timeOffset=-4.7e+21
                           timeIncrement=0 fieldMapFile= kill=1
pillbox      cav583        maxGradient=27.78 color=1.0,0.0,0.0 frequency=0.704
                           innerLength=100 innerRadius=163 pipeThick=3
                           wallThick=0.03 irisRadius=60 collarRadialThick=5
                           collarThick=0 win1Thick=0.03 win1OuterRadius=50
                           win2Thick=0.03 winMat=Be phaseAcc=20.33
                           skinDepth=0.002 timingTolerance=0.001 maxStep=100
                           cavityMaterial=Vacuum timeOffset=-4.7e+21
                           timeIncrement=0 fieldMapFile= kill=1
pillbox      cav590        maxGradient=26.08 color=1.0,0.0,0.0 frequency=0.704
                           innerLength=100 innerRadius=163 pipeThick=3
                           wallThick=0.03 irisRadius=60 collarRadialThick=5
                           collarThick=0 win1Thick=0.03 win1OuterRadius=50
                           win2Thick=0.03 winMat=Be phaseAcc=36.23
                           skinDepth=0.002 timingTolerance=0.001 maxStep=100
                           cavityMaterial=Vacuum timeOffset=-4.7e+21
                           timeIncrement=0 fieldMapFile= kill=1
pillbox      cav591        maxGradient=26.32 color=1.0,0.0,0.0 frequency=0.704
                           innerLength=100 innerRadius=163 pipeThick=3
                           wallThick=0.03 irisRadius=60 collarRadialThick=5
                           collarThick=0 win1Thick=0.03 win1OuterRadius=50
                           win2Thick=0.03 winMat=Be phaseAcc=35.95
                           skinDepth=0.002 timingTolerance=0.001 maxStep=100
                           cavityMaterial=Vacuum timeOffset=-4.7e+21
                           timeIncrement=0 fieldMapFile= kill=1
pillbox      cav592        maxGradient=26.87 color=1.0,0.0,0.0 frequency=0.704
                           innerLength=100 innerRadius=163 pipeThick=3
                           wallThick=0.03 irisRadius=60 collarRadialThick=5
                           collarThick=0 win1Thick=0.03 win1OuterRadius=50
                           win2Thick=0.03 winMat=Be phaseAcc=35.31
                           skinDepth=0.002 timingTolerance=0.001 maxStep=100
                           cavityMaterial=Vacuum timeOffset=-4.7e+21
                           timeIncrement=0 fieldMapFile= kill=1
pillbox      cav593        maxGradient=26.29 color=1.0,0.0,0.0 frequency=0.704
                           innerLength=100 innerRadius=163 pipeThick=3
                           wallThick=0.03 irisRadius=60 collarRadialThick=5
                           collarThick=0 win1Thick=0.03 win1OuterRadius=50
                           win2Thick=0.03 winMat=Be phaseAcc=23.14
                           skinDepth=0.002 timingTolerance=0.001 maxStep=100
                           cavityMaterial=Vacuum timeOffset=-4.7e+21
                           timeIncrement=0 fieldMapFile= kill=1
pillbox      cav600        maxGradient=27.02 color=1.0,0.0,0.0 frequency=0.704
                           innerLength=100 innerRadius=163 pipeThick=3
                           wallThick=0.03 irisRadius=60 collarRadialThick=5
                           collarThick=0 win1Thick=0.03 win1OuterRadius=50
                           win2Thick=0.03 winMat=Be phaseAcc=22.11
                           skinDepth=0.002 timingTolerance=0.001 maxStep=100
                           cavityMaterial=Vacuum timeOffset=-4.7e+21
                           timeIncrement=0 fieldMapFile= kill=1
pillbox      cav601        maxGradient=28.21 color=1.0,0.0,0.0 frequency=0.704
                           innerLength=100 innerRadius=163 pipeThick=3
                           wallThick=0.03 irisRadius=60 collarRadialThick=5
                           collarThick=0 win1Thick=0.03 win1OuterRadius=50
                           win2Thick=0.03 winMat=Be phaseAcc=38.01
                           skinDepth=0.002 timingTolerance=0.001 maxStep=100
                           cavityMaterial=Vacuum timeOffset=-4.7e+21
                           timeIncrement=0 fieldMapFile= kill=1
pillbox      cav602        maxGradient=27.02 color=1.0,0.0,0.0 frequency=0.704
                           innerLength=100 innerRadius=163 pipeThick=3
                           wallThick=0.03 irisRadius=60 collarRadialThick=5
                           collarThick=0 win1Thick=0.03 win1OuterRadius=50
                           win2Thick=0.03 winMat=Be phaseAcc=25.14
                           skinDepth=0.002 timingTolerance=0.001 maxStep=100
                           cavityMaterial=Vacuum timeOffset=-4.7e+21
                           timeIncrement=0 fieldMapFile= kill=1
pillbox      cav603        maxGradient=27.51 color=1.0,0.0,0.0 frequency=0.704
                           innerLength=100 innerRadius=163 pipeThick=3
                           wallThick=0.03 irisRadius=60 collarRadialThick=5
                           collarThick=0 win1Thick=0.03 win1OuterRadius=50
                           win2Thick=0.03 winMat=Be phaseAcc=27.69
                           skinDepth=0.002 timingTolerance=0.001 maxStep=100
                           cavityMaterial=Vacuum timeOffset=-4.7e+21
                           timeIncrement=0 fieldMapFile= kill=1
box          wedge_window  height=72.17 width=144.3 length=0.09 maxStep=100
                           material=Be color=1,1,1 kill=0
trap         all_wedge     height=72.17 upperWidth=0.001 lowerWidth=250 Xul=0
                           Xur=0 Xll=0 Xlr=0 length=72.17 maxStep=100
                           material=LH2 color=1,1,1 kill=0
do i=-2,60,1
(do i=-2)
place   sol1    copies=1 x=0.0 y=0.0 z=-1585.3 
place   sol3    copies=1 x=0.0 y=0.0 z=-1430.8 
place   sol4    copies=1 x=0.0 y=0.0 z=-1119.2 
place   sol2    copies=1 x=0.0 y=0.0 z=-964.7 
(do i=-1)
place   sol1    copies=1 x=0.0 y=0.0 z=-735.3 
place   sol3    copies=1 x=0.0 y=0.0 z=-580.8 
place   sol4    copies=1 x=0.0 y=0.0 z=-269.2 
place   sol2    copies=1 x=0.0 y=0.0 z=-114.7 
(do i=0)
place   sol1    copies=1 x=0.0 y=0.0 z=114.7 
place   sol3    copies=1 x=0.0 y=0.0 z=269.2 
place   sol4    copies=1 x=0.0 y=0.0 z=580.8 
place   sol2    copies=1 x=0.0 y=0.0 z=735.3 
(do i=1)
place   sol1    copies=1 x=0.0 y=0.0 z=964.7 
place   sol3    copies=1 x=0.0 y=0.0 z=1119.2 
place   sol4    copies=1 x=0.0 y=0.0 z=1430.8 
place   sol2    copies=1 x=0.0 y=0.0 z=1585.3 
(do i=2)
place   sol1    copies=1 x=0.0 y=0.0 z=1814.7 
place   sol3    copies=1 x=0.0 y=0.0 z=1969.2 
place   sol4    copies=1 x=0.0 y=0.0 z=2280.8 
place   sol2    copies=1 x=0.0 y=0.0 z=2435.3 
(do i=3)
place   sol1    copies=1 x=0.0 y=0.0 z=2664.7 
place   sol3    copies=1 x=0.0 y=0.0 z=2819.2 
place   sol4    copies=1 x=0.0 y=0.0 z=3130.8 
place   sol2    copies=1 x=0.0 y=0.0 z=3285.3 
(do i=4)
place   sol1    copies=1 x=0.0 y=0.0 z=3514.7 
place   sol3    copies=1 x=0.0 y=0.0 z=3669.2 
place   sol4    copies=1 x=0.0 y=0.0 z=3980.8 
place   sol2    copies=1 x=0.0 y=0.0 z=4135.3 
(do i=5)
place   sol1    copies=1 x=0.0 y=0.0 z=4364.7 
place   sol3    copies=1 x=0.0 y=0.0 z=4519.2 
place   sol4    copies=1 x=0.0 y=0.0 z=4830.8 
place   sol2    copies=1 x=0.0 y=0.0 z=4985.3 
(do i=6)
place   sol1    copies=1 x=0.0 y=0.0 z=5214.7 
place   sol3    copies=1 x=0.0 y=0.0 z=5369.2 
place   sol4    copies=1 x=0.0 y=0.0 z=5680.8 
place   sol2    copies=1 x=0.0 y=0.0 z=5835.3 
(do i=7)
place   sol1    copies=1 x=0.0 y=0.0 z=6064.7 
place   sol3    copies=1 x=0.0 y=0.0 z=6219.2 
place   sol4    copies=1 x=0.0 y=0.0 z=6530.8 
place   sol2    copies=1 x=0.0 y=0.0 z=6685.3 
(do i=8)
place   sol1    copies=1 x=0.0 y=0.0 z=6914.7 
place   sol3    copies=1 x=0.0 y=0.0 z=7069.2 
place   sol4    copies=1 x=0.0 y=0.0 z=7380.8 
place   sol2    copies=1 x=0.0 y=0.0 z=7535.3 
(do i=9)
place   sol1    copies=1 x=0.0 y=0.0 z=7764.7 
place   sol3    copies=1 x=0.0 y=0.0 z=7919.2 
place   sol4    copies=1 x=0.0 y=0.0 z=8230.8 
place   sol2    copies=1 x=0.0 y=0.0 z=8385.3 
(do i=10)
place   sol1    copies=1 x=0.0 y=0.0 z=8614.7 
place   sol3    copies=1 x=0.0 y=0.0 z=8769.2 
place   sol4    copies=1 x=0.0 y=0.0 z=9080.8 
place   sol2    copies=1 x=0.0 y=0.0 z=9235.3 
(do i=11)
place   sol1    copies=1 x=0.0 y=0.0 z=9464.7 
place   sol3    copies=1 x=0.0 y=0.0 z=9619.2 
place   sol4    copies=1 x=0.0 y=0.0 z=9930.8 
place   sol2    copies=1 x=0.0 y=0.0 z=10085.3 
(do i=12)
place   sol1    copies=1 x=0.0 y=0.0 z=10314.7 
place   sol3    copies=1 x=0.0 y=0.0 z=10469.2 
place   sol4    copies=1 x=0.0 y=0.0 z=10780.8 
place   sol2    copies=1 x=0.0 y=0.0 z=10935.3 
(do i=13)
place   sol1    copies=1 x=0.0 y=0.0 z=11164.7 
place   sol3    copies=1 x=0.0 y=0.0 z=11319.2 
place   sol4    copies=1 x=0.0 y=0.0 z=11630.8 
place   sol2    copies=1 x=0.0 y=0.0 z=11785.3 
(do i=14)
place   sol1    copies=1 x=0.0 y=0.0 z=12014.7 
place   sol3    copies=1 x=0.0 y=0.0 z=12169.2 
place   sol4    copies=1 x=0.0 y=0.0 z=12480.8 
place   sol2    copies=1 x=0.0 y=0.0 z=12635.3 
(do i=15)
place   sol1    copies=1 x=0.0 y=0.0 z=12864.7 
place   sol3    copies=1 x=0.0 y=0.0 z=13019.2 
place   sol4    copies=1 x=0.0 y=0.0 z=13330.8 
place   sol2    copies=1 x=0.0 y=0.0 z=13485.3 
(do i=16)
place   sol1    copies=1 x=0.0 y=0.0 z=13714.7 
place   sol3    copies=1 x=0.0 y=0.0 z=13869.2 
place   sol4    copies=1 x=0.0 y=0.0 z=14180.8 
place   sol2    copies=1 x=0.0 y=0.0 z=14335.3 
(do i=17)
place   sol1    copies=1 x=0.0 y=0.0 z=14564.7 
place   sol3    copies=1 x=0.0 y=0.0 z=14719.2 
place   sol4    copies=1 x=0.0 y=0.0 z=15030.8 
place   sol2    copies=1 x=0.0 y=0.0 z=15185.3 
(do i=18)
place   sol1    copies=1 x=0.0 y=0.0 z=15414.7 
place   sol3    copies=1 x=0.0 y=0.0 z=15569.2 
place   sol4    copies=1 x=0.0 y=0.0 z=15880.8 
place   sol2    copies=1 x=0.0 y=0.0 z=16035.3 
(do i=19)
place   sol1    copies=1 x=0.0 y=0.0 z=16264.7 
place   sol3    copies=1 x=0.0 y=0.0 z=16419.2 
place   sol4    copies=1 x=0.0 y=0.0 z=16730.8 
place   sol2    copies=1 x=0.0 y=0.0 z=16885.3 
(do i=20)
place   sol1    copies=1 x=0.0 y=0.0 z=17114.7 
place   sol3    copies=1 x=0.0 y=0.0 z=17269.2 
place   sol4    copies=1 x=0.0 y=0.0 z=17580.8 
place   sol2    copies=1 x=0.0 y=0.0 z=17735.3 
(do i=21)
place   sol1    copies=1 x=0.0 y=0.0 z=17964.7 
place   sol3    copies=1 x=0.0 y=0.0 z=18119.2 
place   sol4    copies=1 x=0.0 y=0.0 z=18430.8 
place   sol2    copies=1 x=0.0 y=0.0 z=18585.3 
(do i=22)
place   sol1    copies=1 x=0.0 y=0.0 z=18814.7 
place   sol3    copies=1 x=0.0 y=0.0 z=18969.2 
place   sol4    copies=1 x=0.0 y=0.0 z=19280.8 
place   sol2    copies=1 x=0.0 y=0.0 z=19435.3 
(do i=23)
place   sol1    copies=1 x=0.0 y=0.0 z=19664.7 
place   sol3    copies=1 x=0.0 y=0.0 z=19819.2 
place   sol4    copies=1 x=0.0 y=0.0 z=20130.8 
place   sol2    copies=1 x=0.0 y=0.0 z=20285.3 
(do i=24)
place   sol1    copies=1 x=0.0 y=0.0 z=20514.7 
place   sol3    copies=1 x=0.0 y=0.0 z=20669.2 
place   sol4    copies=1 x=0.0 y=0.0 z=20980.8 
place   sol2    copies=1 x=0.0 y=0.0 z=21135.3 
(do i=25)
place   sol1    copies=1 x=0.0 y=0.0 z=21364.7 
place   sol3    copies=1 x=0.0 y=0.0 z=21519.2 
place   sol4    copies=1 x=0.0 y=0.0 z=21830.8 
place   sol2    copies=1 x=0.0 y=0.0 z=21985.3 
(do i=26)
place   sol1    copies=1 x=0.0 y=0.0 z=22214.7 
place   sol3    copies=1 x=0.0 y=0.0 z=22369.2 
place   sol4    copies=1 x=0.0 y=0.0 z=22680.8 
place   sol2    copies=1 x=0.0 y=0.0 z=22835.3 
(do i=27)
place   sol1    copies=1 x=0.0 y=0.0 z=23064.7 
place   sol3    copies=1 x=0.0 y=0.0 z=23219.2 
place   sol4    copies=1 x=0.0 y=0.0 z=23530.8 
place   sol2    copies=1 x=0.0 y=0.0 z=23685.3 
(do i=28)
place   sol1    copies=1 x=0.0 y=0.0 z=23914.7 
place   sol3    copies=1 x=0.0 y=0.0 z=24069.2 
place   sol4    copies=1 x=0.0 y=0.0 z=24380.8 
place   sol2    copies=1 x=0.0 y=0.0 z=24535.3 
(do i=29)
place   sol1    copies=1 x=0.0 y=0.0 z=24764.7 
place   sol3    copies=1 x=0.0 y=0.0 z=24919.2 
place   sol4    copies=1 x=0.0 y=0.0 z=25230.8 
place   sol2    copies=1 x=0.0 y=0.0 z=25385.3 
(do i=30)
place   sol1    copies=1 x=0.0 y=0.0 z=25614.7 
place   sol3    copies=1 x=0.0 y=0.0 z=25769.2 
place   sol4    copies=1 x=0.0 y=0.0 z=26080.8 
place   sol2    copies=1 x=0.0 y=0.0 z=26235.3 
(do i=31)
place   sol1    copies=1 x=0.0 y=0.0 z=26464.7 
place   sol3    copies=1 x=0.0 y=0.0 z=26619.2 
place   sol4    copies=1 x=0.0 y=0.0 z=26930.8 
place   sol2    copies=1 x=0.0 y=0.0 z=27085.3 
(do i=32)
place   sol1    copies=1 x=0.0 y=0.0 z=27314.7 
place   sol3    copies=1 x=0.0 y=0.0 z=27469.2 
place   sol4    copies=1 x=0.0 y=0.0 z=27780.8 
place   sol2    copies=1 x=0.0 y=0.0 z=27935.3 
(do i=33)
place   sol1    copies=1 x=0.0 y=0.0 z=28164.7 
place   sol3    copies=1 x=0.0 y=0.0 z=28319.2 
place   sol4    copies=1 x=0.0 y=0.0 z=28630.8 
place   sol2    copies=1 x=0.0 y=0.0 z=28785.3 
(do i=34)
place   sol1    copies=1 x=0.0 y=0.0 z=29014.7 
place   sol3    copies=1 x=0.0 y=0.0 z=29169.2 
place   sol4    copies=1 x=0.0 y=0.0 z=29480.8 
place   sol2    copies=1 x=0.0 y=0.0 z=29635.3 
(do i=35)
place   sol1    copies=1 x=0.0 y=0.0 z=29864.7 
place   sol3    copies=1 x=0.0 y=0.0 z=30019.2 
place   sol4    copies=1 x=0.0 y=0.0 z=30330.8 
place   sol2    copies=1 x=0.0 y=0.0 z=30485.3 
(do i=36)
place   sol1    copies=1 x=0.0 y=0.0 z=30714.7 
place   sol3    copies=1 x=0.0 y=0.0 z=30869.2 
place   sol4    copies=1 x=0.0 y=0.0 z=31180.8 
place   sol2    copies=1 x=0.0 y=0.0 z=31335.3 
(do i=37)
place   sol1    copies=1 x=0.0 y=0.0 z=31564.7 
place   sol3    copies=1 x=0.0 y=0.0 z=31719.2 
place   sol4    copies=1 x=0.0 y=0.0 z=32030.8 
place   sol2    copies=1 x=0.0 y=0.0 z=32185.3 
(do i=38)
place   sol1    copies=1 x=0.0 y=0.0 z=32414.7 
place   sol3    copies=1 x=0.0 y=0.0 z=32569.2 
place   sol4    copies=1 x=0.0 y=0.0 z=32880.8 
place   sol2    copies=1 x=0.0 y=0.0 z=33035.3 
(do i=39)
place   sol1    copies=1 x=0.0 y=0.0 z=33264.7 
place   sol3    copies=1 x=0.0 y=0.0 z=33419.2 
place   sol4    copies=1 x=0.0 y=0.0 z=33730.8 
place   sol2    copies=1 x=0.0 y=0.0 z=33885.3 
(do i=40)
place   sol1    copies=1 x=0.0 y=0.0 z=34114.7 
place   sol3    copies=1 x=0.0 y=0.0 z=34269.2 
place   sol4    copies=1 x=0.0 y=0.0 z=34580.8 
place   sol2    copies=1 x=0.0 y=0.0 z=34735.3 
(do i=41)
place   sol1    copies=1 x=0.0 y=0.0 z=34964.7 
place   sol3    copies=1 x=0.0 y=0.0 z=35119.2 
place   sol4    copies=1 x=0.0 y=0.0 z=35430.8 
place   sol2    copies=1 x=0.0 y=0.0 z=35585.3 
(do i=42)
place   sol1    copies=1 x=0.0 y=0.0 z=35814.7 
place   sol3    copies=1 x=0.0 y=0.0 z=35969.2 
place   sol4    copies=1 x=0.0 y=0.0 z=36280.8 
place   sol2    copies=1 x=0.0 y=0.0 z=36435.3 
(do i=43)
place   sol1    copies=1 x=0.0 y=0.0 z=36664.7 
place   sol3    copies=1 x=0.0 y=0.0 z=36819.2 
place   sol4    copies=1 x=0.0 y=0.0 z=37130.8 
place   sol2    copies=1 x=0.0 y=0.0 z=37285.3 
(do i=44)
place   sol1    copies=1 x=0.0 y=0.0 z=37514.7 
place   sol3    copies=1 x=0.0 y=0.0 z=37669.2 
place   sol4    copies=1 x=0.0 y=0.0 z=37980.8 
place   sol2    copies=1 x=0.0 y=0.0 z=38135.3 
(do i=45)
place   sol1    copies=1 x=0.0 y=0.0 z=38364.7 
place   sol3    copies=1 x=0.0 y=0.0 z=38519.2 
place   sol4    copies=1 x=0.0 y=0.0 z=38830.8 
place   sol2    copies=1 x=0.0 y=0.0 z=38985.3 
(do i=46)
place   sol1    copies=1 x=0.0 y=0.0 z=39214.7 
place   sol3    copies=1 x=0.0 y=0.0 z=39369.2 
place   sol4    copies=1 x=0.0 y=0.0 z=39680.8 
place   sol2    copies=1 x=0.0 y=0.0 z=39835.3 
(do i=47)
place   sol1    copies=1 x=0.0 y=0.0 z=40064.7 
place   sol3    copies=1 x=0.0 y=0.0 z=40219.2 
place   sol4    copies=1 x=0.0 y=0.0 z=40530.8 
place   sol2    copies=1 x=0.0 y=0.0 z=40685.3 
(do i=48)
place   sol1    copies=1 x=0.0 y=0.0 z=40914.7 
place   sol3    copies=1 x=0.0 y=0.0 z=41069.2 
place   sol4    copies=1 x=0.0 y=0.0 z=41380.8 
place   sol2    copies=1 x=0.0 y=0.0 z=41535.3 
(do i=49)
place   sol1    copies=1 x=0.0 y=0.0 z=41764.7 
place   sol3    copies=1 x=0.0 y=0.0 z=41919.2 
place   sol4    copies=1 x=0.0 y=0.0 z=42230.8 
place   sol2    copies=1 x=0.0 y=0.0 z=42385.3 
(do i=50)
place   sol1    copies=1 x=0.0 y=0.0 z=42614.7 
place   sol3    copies=1 x=0.0 y=0.0 z=42769.2 
place   sol4    copies=1 x=0.0 y=0.0 z=43080.8 
place   sol2    copies=1 x=0.0 y=0.0 z=43235.3 
(do i=51)
place   sol1    copies=1 x=0.0 y=0.0 z=43464.7 
place   sol3    copies=1 x=0.0 y=0.0 z=43619.2 
place   sol4    copies=1 x=0.0 y=0.0 z=43930.8 
place   sol2    copies=1 x=0.0 y=0.0 z=44085.3 
(do i=52)
place   sol1    copies=1 x=0.0 y=0.0 z=44314.7 
place   sol3    copies=1 x=0.0 y=0.0 z=44469.2 
place   sol4    copies=1 x=0.0 y=0.0 z=44780.8 
place   sol2    copies=1 x=0.0 y=0.0 z=44935.3 
(do i=53)
place   sol1    copies=1 x=0.0 y=0.0 z=45164.7 
place   sol3    copies=1 x=0.0 y=0.0 z=45319.2 
place   sol4    copies=1 x=0.0 y=0.0 z=45630.8 
place   sol2    copies=1 x=0.0 y=0.0 z=45785.3 
(do i=54)
place   sol1    copies=1 x=0.0 y=0.0 z=46014.7 
place   sol3    copies=1 x=0.0 y=0.0 z=46169.2 
place   sol4    copies=1 x=0.0 y=0.0 z=46480.8 
place   sol2    copies=1 x=0.0 y=0.0 z=46635.3 
(do i=55)
place   sol1    copies=1 x=0.0 y=0.0 z=46864.7 
place   sol3    copies=1 x=0.0 y=0.0 z=47019.2 
place   sol4    copies=1 x=0.0 y=0.0 z=47330.8 
place   sol2    copies=1 x=0.0 y=0.0 z=47485.3 
(do i=56)
place   sol1    copies=1 x=0.0 y=0.0 z=47714.7 
place   sol3    copies=1 x=0.0 y=0.0 z=47869.2 
place   sol4    copies=1 x=0.0 y=0.0 z=48180.8 
place   sol2    copies=1 x=0.0 y=0.0 z=48335.3 
(do i=57)
place   sol1    copies=1 x=0.0 y=0.0 z=48564.7 
place   sol3    copies=1 x=0.0 y=0.0 z=48719.2 
place   sol4    copies=1 x=0.0 y=0.0 z=49030.8 
place   sol2    copies=1 x=0.0 y=0.0 z=49185.3 
(do i=58)
place   sol1    copies=1 x=0.0 y=0.0 z=49414.7 
place   sol3    copies=1 x=0.0 y=0.0 z=49569.2 
place   sol4    copies=1 x=0.0 y=0.0 z=49880.8 
place   sol2    copies=1 x=0.0 y=0.0 z=50035.3 
(do i=59)
place   sol1    copies=1 x=0.0 y=0.0 z=50264.7 
place   sol3    copies=1 x=0.0 y=0.0 z=50419.2 
place   sol4    copies=1 x=0.0 y=0.0 z=50730.8 
place   sol2    copies=1 x=0.0 y=0.0 z=50885.3 
(do i=60)
place   sol1    copies=1 x=0.0 y=0.0 z=51114.7 
place   sol3    copies=1 x=0.0 y=0.0 z=51269.2 
place   sol4    copies=1 x=0.0 y=0.0 z=51580.8 
place   sol2    copies=1 x=0.0 y=0.0 z=51735.3 
enddo
do i=-2,60,1
(do i=-2)
place   solbend copies=1 x=0.0 y=0.0 z=-1615.0 rename='solbend_a_-2'
place   solbend copies=1 x=0.0 y=0.0 z=-935.0 rename='solbend_b_-2'
(do i=-1)
place   solbend copies=1 x=0.0 y=0.0 z=-765.0 rename='solbend_a_-1'
place   solbend copies=1 x=0.0 y=0.0 z=-85.0 rename='solbend_b_-1'
(do i=0)
place   solbend copies=1 x=0.0 y=0.0 z=85.0 rename='solbend_a_0'
place   solbend copies=1 x=0.0 y=0.0 z=765.0 rename='solbend_b_0'
(do i=1)
place   solbend copies=1 x=0.0 y=0.0 z=935.0 rename='solbend_a_1'
place   solbend copies=1 x=0.0 y=0.0 z=1615.0 rename='solbend_b_1'
(do i=2)
place   solbend copies=1 x=0.0 y=0.0 z=1785.0 rename='solbend_a_2'
place   solbend copies=1 x=0.0 y=0.0 z=2465.0 rename='solbend_b_2'
(do i=3)
place   solbend copies=1 x=0.0 y=0.0 z=2635.0 rename='solbend_a_3'
place   solbend copies=1 x=0.0 y=0.0 z=3315.0 rename='solbend_b_3'
(do i=4)
place   solbend copies=1 x=0.0 y=0.0 z=3485.0 rename='solbend_a_4'
place   solbend copies=1 x=0.0 y=0.0 z=4165.0 rename='solbend_b_4'
(do i=5)
place   solbend copies=1 x=0.0 y=0.0 z=4335.0 rename='solbend_a_5'
place   solbend copies=1 x=0.0 y=0.0 z=5015.0 rename='solbend_b_5'
(do i=6)
place   solbend copies=1 x=0.0 y=0.0 z=5185.0 rename='solbend_a_6'
place   solbend copies=1 x=0.0 y=0.0 z=5865.0 rename='solbend_b_6'
(do i=7)
place   solbend copies=1 x=0.0 y=0.0 z=6035.0 rename='solbend_a_7'
place   solbend copies=1 x=0.0 y=0.0 z=6715.0 rename='solbend_b_7'
(do i=8)
place   solbend copies=1 x=0.0 y=0.0 z=6885.0 rename='solbend_a_8'
place   solbend copies=1 x=0.0 y=0.0 z=7565.0 rename='solbend_b_8'
(do i=9)
place   solbend copies=1 x=0.0 y=0.0 z=7735.0 rename='solbend_a_9'
place   solbend copies=1 x=0.0 y=0.0 z=8415.0 rename='solbend_b_9'
(do i=10)
place   solbend copies=1 x=0.0 y=0.0 z=8585.0 rename='solbend_a_10'
place   solbend copies=1 x=0.0 y=0.0 z=9265.0 rename='solbend_b_10'
(do i=11)
place   solbend copies=1 x=0.0 y=0.0 z=9435.0 rename='solbend_a_11'
place   solbend copies=1 x=0.0 y=0.0 z=10115.0 rename='solbend_b_11'
(do i=12)
place   solbend copies=1 x=0.0 y=0.0 z=10285.0 rename='solbend_a_12'
place   solbend copies=1 x=0.0 y=0.0 z=10965.0 rename='solbend_b_12'
(do i=13)
place   solbend copies=1 x=0.0 y=0.0 z=11135.0 rename='solbend_a_13'
place   solbend copies=1 x=0.0 y=0.0 z=11815.0 rename='solbend_b_13'
(do i=14)
place   solbend copies=1 x=0.0 y=0.0 z=11985.0 rename='solbend_a_14'
place   solbend copies=1 x=0.0 y=0.0 z=12665.0 rename='solbend_b_14'
(do i=15)
place   solbend copies=1 x=0.0 y=0.0 z=12835.0 rename='solbend_a_15'
place   solbend copies=1 x=0.0 y=0.0 z=13515.0 rename='solbend_b_15'
(do i=16)
place   solbend copies=1 x=0.0 y=0.0 z=13685.0 rename='solbend_a_16'
place   solbend copies=1 x=0.0 y=0.0 z=14365.0 rename='solbend_b_16'
(do i=17)
place   solbend copies=1 x=0.0 y=0.0 z=14535.0 rename='solbend_a_17'
place   solbend copies=1 x=0.0 y=0.0 z=15215.0 rename='solbend_b_17'
(do i=18)
place   solbend copies=1 x=0.0 y=0.0 z=15385.0 rename='solbend_a_18'
place   solbend copies=1 x=0.0 y=0.0 z=16065.0 rename='solbend_b_18'
(do i=19)
place   solbend copies=1 x=0.0 y=0.0 z=16235.0 rename='solbend_a_19'
place   solbend copies=1 x=0.0 y=0.0 z=16915.0 rename='solbend_b_19'
(do i=20)
place   solbend copies=1 x=0.0 y=0.0 z=17085.0 rename='solbend_a_20'
place   solbend copies=1 x=0.0 y=0.0 z=17765.0 rename='solbend_b_20'
(do i=21)
place   solbend copies=1 x=0.0 y=0.0 z=17935.0 rename='solbend_a_21'
place   solbend copies=1 x=0.0 y=0.0 z=18615.0 rename='solbend_b_21'
(do i=22)
place   solbend copies=1 x=0.0 y=0.0 z=18785.0 rename='solbend_a_22'
place   solbend copies=1 x=0.0 y=0.0 z=19465.0 rename='solbend_b_22'
(do i=23)
place   solbend copies=1 x=0.0 y=0.0 z=19635.0 rename='solbend_a_23'
place   solbend copies=1 x=0.0 y=0.0 z=20315.0 rename='solbend_b_23'
(do i=24)
place   solbend copies=1 x=0.0 y=0.0 z=20485.0 rename='solbend_a_24'
place   solbend copies=1 x=0.0 y=0.0 z=21165.0 rename='solbend_b_24'
(do i=25)
place   solbend copies=1 x=0.0 y=0.0 z=21335.0 rename='solbend_a_25'
place   solbend copies=1 x=0.0 y=0.0 z=22015.0 rename='solbend_b_25'
(do i=26)
place   solbend copies=1 x=0.0 y=0.0 z=22185.0 rename='solbend_a_26'
place   solbend copies=1 x=0.0 y=0.0 z=22865.0 rename='solbend_b_26'
(do i=27)
place   solbend copies=1 x=0.0 y=0.0 z=23035.0 rename='solbend_a_27'
place   solbend copies=1 x=0.0 y=0.0 z=23715.0 rename='solbend_b_27'
(do i=28)
place   solbend copies=1 x=0.0 y=0.0 z=23885.0 rename='solbend_a_28'
place   solbend copies=1 x=0.0 y=0.0 z=24565.0 rename='solbend_b_28'
(do i=29)
place   solbend copies=1 x=0.0 y=0.0 z=24735.0 rename='solbend_a_29'
place   solbend copies=1 x=0.0 y=0.0 z=25415.0 rename='solbend_b_29'
(do i=30)
place   solbend copies=1 x=0.0 y=0.0 z=25585.0 rename='solbend_a_30'
place   solbend copies=1 x=0.0 y=0.0 z=26265.0 rename='solbend_b_30'
(do i=31)
place   solbend copies=1 x=0.0 y=0.0 z=26435.0 rename='solbend_a_31'
place   solbend copies=1 x=0.0 y=0.0 z=27115.0 rename='solbend_b_31'
(do i=32)
place   solbend copies=1 x=0.0 y=0.0 z=27285.0 rename='solbend_a_32'
place   solbend copies=1 x=0.0 y=0.0 z=27965.0 rename='solbend_b_32'
(do i=33)
place   solbend copies=1 x=0.0 y=0.0 z=28135.0 rename='solbend_a_33'
place   solbend copies=1 x=0.0 y=0.0 z=28815.0 rename='solbend_b_33'
(do i=34)
place   solbend copies=1 x=0.0 y=0.0 z=28985.0 rename='solbend_a_34'
place   solbend copies=1 x=0.0 y=0.0 z=29665.0 rename='solbend_b_34'
(do i=35)
place   solbend copies=1 x=0.0 y=0.0 z=29835.0 rename='solbend_a_35'
place   solbend copies=1 x=0.0 y=0.0 z=30515.0 rename='solbend_b_35'
(do i=36)
place   solbend copies=1 x=0.0 y=0.0 z=30685.0 rename='solbend_a_36'
place   solbend copies=1 x=0.0 y=0.0 z=31365.0 rename='solbend_b_36'
(do i=37)
place   solbend copies=1 x=0.0 y=0.0 z=31535.0 rename='solbend_a_37'
place   solbend copies=1 x=0.0 y=0.0 z=32215.0 rename='solbend_b_37'
(do i=38)
place   solbend copies=1 x=0.0 y=0.0 z=32385.0 rename='solbend_a_38'
place   solbend copies=1 x=0.0 y=0.0 z=33065.0 rename='solbend_b_38'
(do i=39)
place   solbend copies=1 x=0.0 y=0.0 z=33235.0 rename='solbend_a_39'
place   solbend copies=1 x=0.0 y=0.0 z=33915.0 rename='solbend_b_39'
(do i=40)
place   solbend copies=1 x=0.0 y=0.0 z=34085.0 rename='solbend_a_40'
place   solbend copies=1 x=0.0 y=0.0 z=34765.0 rename='solbend_b_40'
(do i=41)
place   solbend copies=1 x=0.0 y=0.0 z=34935.0 rename='solbend_a_41'
place   solbend copies=1 x=0.0 y=0.0 z=35615.0 rename='solbend_b_41'
(do i=42)
place   solbend copies=1 x=0.0 y=0.0 z=35785.0 rename='solbend_a_42'
place   solbend copies=1 x=0.0 y=0.0 z=36465.0 rename='solbend_b_42'
(do i=43)
place   solbend copies=1 x=0.0 y=0.0 z=36635.0 rename='solbend_a_43'
place   solbend copies=1 x=0.0 y=0.0 z=37315.0 rename='solbend_b_43'
(do i=44)
place   solbend copies=1 x=0.0 y=0.0 z=37485.0 rename='solbend_a_44'
place   solbend copies=1 x=0.0 y=0.0 z=38165.0 rename='solbend_b_44'
(do i=45)
place   solbend copies=1 x=0.0 y=0.0 z=38335.0 rename='solbend_a_45'
place   solbend copies=1 x=0.0 y=0.0 z=39015.0 rename='solbend_b_45'
(do i=46)
place   solbend copies=1 x=0.0 y=0.0 z=39185.0 rename='solbend_a_46'
place   solbend copies=1 x=0.0 y=0.0 z=39865.0 rename='solbend_b_46'
(do i=47)
place   solbend copies=1 x=0.0 y=0.0 z=40035.0 rename='solbend_a_47'
place   solbend copies=1 x=0.0 y=0.0 z=40715.0 rename='solbend_b_47'
(do i=48)
place   solbend copies=1 x=0.0 y=0.0 z=40885.0 rename='solbend_a_48'
place   solbend copies=1 x=0.0 y=0.0 z=41565.0 rename='solbend_b_48'
(do i=49)
place   solbend copies=1 x=0.0 y=0.0 z=41735.0 rename='solbend_a_49'
place   solbend copies=1 x=0.0 y=0.0 z=42415.0 rename='solbend_b_49'
(do i=50)
place   solbend copies=1 x=0.0 y=0.0 z=42585.0 rename='solbend_a_50'
place   solbend copies=1 x=0.0 y=0.0 z=43265.0 rename='solbend_b_50'
(do i=51)
place   solbend copies=1 x=0.0 y=0.0 z=43435.0 rename='solbend_a_51'
place   solbend copies=1 x=0.0 y=0.0 z=44115.0 rename='solbend_b_51'
(do i=52)
place   solbend copies=1 x=0.0 y=0.0 z=44285.0 rename='solbend_a_52'
place   solbend copies=1 x=0.0 y=0.0 z=44965.0 rename='solbend_b_52'
(do i=53)
place   solbend copies=1 x=0.0 y=0.0 z=45135.0 rename='solbend_a_53'
place   solbend copies=1 x=0.0 y=0.0 z=45815.0 rename='solbend_b_53'
(do i=54)
place   solbend copies=1 x=0.0 y=0.0 z=45985.0 rename='solbend_a_54'
place   solbend copies=1 x=0.0 y=0.0 z=46665.0 rename='solbend_b_54'
(do i=55)
place   solbend copies=1 x=0.0 y=0.0 z=46835.0 rename='solbend_a_55'
place   solbend copies=1 x=0.0 y=0.0 z=47515.0 rename='solbend_b_55'
(do i=56)
place   solbend copies=1 x=0.0 y=0.0 z=47685.0 rename='solbend_a_56'
place   solbend copies=1 x=0.0 y=0.0 z=48365.0 rename='solbend_b_56'
(do i=57)
place   solbend copies=1 x=0.0 y=0.0 z=48535.0 rename='solbend_a_57'
place   solbend copies=1 x=0.0 y=0.0 z=49215.0 rename='solbend_b_57'
(do i=58)
place   solbend copies=1 x=0.0 y=0.0 z=49385.0 rename='solbend_a_58'
place   solbend copies=1 x=0.0 y=0.0 z=50065.0 rename='solbend_b_58'
(do i=59)
place   solbend copies=1 x=0.0 y=0.0 z=50235.0 rename='solbend_a_59'
place   solbend copies=1 x=0.0 y=0.0 z=50915.0 rename='solbend_b_59'
(do i=60)
place   solbend copies=1 x=0.0 y=0.0 z=51085.0 rename='solbend_a_60'
place   solbend copies=1 x=0.0 y=0.0 z=51765.0 rename='solbend_b_60'
enddo
do i=-2,60,1
(do i=-2)
place   fringe_left copies=1 x=0.0 y=0.0 z=-1785.0 
place   fringe_right copies=1 x=0.0 y=0.0 z=-1445.0 
place   fringe_left copies=1 x=0.0 y=0.0 z=-1105.0 
place   fringe_right copies=1 x=0.0 y=0.0 z=-765.0 
(do i=-1)
place   fringe_left copies=1 x=0.0 y=0.0 z=-935.0 
place   fringe_right copies=1 x=0.0 y=0.0 z=-595.0 
place   fringe_left copies=1 x=0.0 y=0.0 z=-255.0 
place   fringe_right copies=1 x=0.0 y=0.0 z=85.0 
(do i=0)
place   fringe_left copies=1 x=0.0 y=0.0 z=-85.0 
place   fringe_right copies=1 x=0.0 y=0.0 z=255.0 
place   fringe_left copies=1 x=0.0 y=0.0 z=595.0 
place   fringe_right copies=1 x=0.0 y=0.0 z=935.0 
(do i=1)
place   fringe_left copies=1 x=0.0 y=0.0 z=765.0 
place   fringe_right copies=1 x=0.0 y=0.0 z=1105.0 
place   fringe_left copies=1 x=0.0 y=0.0 z=1445.0 
place   fringe_right copies=1 x=0.0 y=0.0 z=1785.0 
(do i=2)
place   fringe_left copies=1 x=0.0 y=0.0 z=1615.0 
place   fringe_right copies=1 x=0.0 y=0.0 z=1955.0 
place   fringe_left copies=1 x=0.0 y=0.0 z=2295.0 
place   fringe_right copies=1 x=0.0 y=0.0 z=2635.0 
(do i=3)
place   fringe_left copies=1 x=0.0 y=0.0 z=2465.0 
place   fringe_right copies=1 x=0.0 y=0.0 z=2805.0 
place   fringe_left copies=1 x=0.0 y=0.0 z=3145.0 
place   fringe_right copies=1 x=0.0 y=0.0 z=3485.0 
(do i=4)
place   fringe_left copies=1 x=0.0 y=0.0 z=3315.0 
place   fringe_right copies=1 x=0.0 y=0.0 z=3655.0 
place   fringe_left copies=1 x=0.0 y=0.0 z=3995.0 
place   fringe_right copies=1 x=0.0 y=0.0 z=4335.0 
(do i=5)
place   fringe_left copies=1 x=0.0 y=0.0 z=4165.0 
place   fringe_right copies=1 x=0.0 y=0.0 z=4505.0 
place   fringe_left copies=1 x=0.0 y=0.0 z=4845.0 
place   fringe_right copies=1 x=0.0 y=0.0 z=5185.0 
(do i=6)
place   fringe_left copies=1 x=0.0 y=0.0 z=5015.0 
place   fringe_right copies=1 x=0.0 y=0.0 z=5355.0 
place   fringe_left copies=1 x=0.0 y=0.0 z=5695.0 
place   fringe_right copies=1 x=0.0 y=0.0 z=6035.0 
(do i=7)
place   fringe_left copies=1 x=0.0 y=0.0 z=5865.0 
place   fringe_right copies=1 x=0.0 y=0.0 z=6205.0 
place   fringe_left copies=1 x=0.0 y=0.0 z=6545.0 
place   fringe_right copies=1 x=0.0 y=0.0 z=6885.0 
(do i=8)
place   fringe_left copies=1 x=0.0 y=0.0 z=6715.0 
place   fringe_right copies=1 x=0.0 y=0.0 z=7055.0 
place   fringe_left copies=1 x=0.0 y=0.0 z=7395.0 
place   fringe_right copies=1 x=0.0 y=0.0 z=7735.0 
(do i=9)
place   fringe_left copies=1 x=0.0 y=0.0 z=7565.0 
place   fringe_right copies=1 x=0.0 y=0.0 z=7905.0 
place   fringe_left copies=1 x=0.0 y=0.0 z=8245.0 
place   fringe_right copies=1 x=0.0 y=0.0 z=8585.0 
(do i=10)
place   fringe_left copies=1 x=0.0 y=0.0 z=8415.0 
place   fringe_right copies=1 x=0.0 y=0.0 z=8755.0 
place   fringe_left copies=1 x=0.0 y=0.0 z=9095.0 
place   fringe_right copies=1 x=0.0 y=0.0 z=9435.0 
(do i=11)
place   fringe_left copies=1 x=0.0 y=0.0 z=9265.0 
place   fringe_right copies=1 x=0.0 y=0.0 z=9605.0 
place   fringe_left copies=1 x=0.0 y=0.0 z=9945.0 
place   fringe_right copies=1 x=0.0 y=0.0 z=10285.0 
(do i=12)
place   fringe_left copies=1 x=0.0 y=0.0 z=10115.0 
place   fringe_right copies=1 x=0.0 y=0.0 z=10455.0 
place   fringe_left copies=1 x=0.0 y=0.0 z=10795.0 
place   fringe_right copies=1 x=0.0 y=0.0 z=11135.0 
(do i=13)
place   fringe_left copies=1 x=0.0 y=0.0 z=10965.0 
place   fringe_right copies=1 x=0.0 y=0.0 z=11305.0 
place   fringe_left copies=1 x=0.0 y=0.0 z=11645.0 
place   fringe_right copies=1 x=0.0 y=0.0 z=11985.0 
(do i=14)
place   fringe_left copies=1 x=0.0 y=0.0 z=11815.0 
place   fringe_right copies=1 x=0.0 y=0.0 z=12155.0 
place   fringe_left copies=1 x=0.0 y=0.0 z=12495.0 
place   fringe_right copies=1 x=0.0 y=0.0 z=12835.0 
(do i=15)
place   fringe_left copies=1 x=0.0 y=0.0 z=12665.0 
place   fringe_right copies=1 x=0.0 y=0.0 z=13005.0 
place   fringe_left copies=1 x=0.0 y=0.0 z=13345.0 
place   fringe_right copies=1 x=0.0 y=0.0 z=13685.0 
(do i=16)
place   fringe_left copies=1 x=0.0 y=0.0 z=13515.0 
place   fringe_right copies=1 x=0.0 y=0.0 z=13855.0 
place   fringe_left copies=1 x=0.0 y=0.0 z=14195.0 
place   fringe_right copies=1 x=0.0 y=0.0 z=14535.0 
(do i=17)
place   fringe_left copies=1 x=0.0 y=0.0 z=14365.0 
place   fringe_right copies=1 x=0.0 y=0.0 z=14705.0 
place   fringe_left copies=1 x=0.0 y=0.0 z=15045.0 
place   fringe_right copies=1 x=0.0 y=0.0 z=15385.0 
(do i=18)
place   fringe_left copies=1 x=0.0 y=0.0 z=15215.0 
place   fringe_right copies=1 x=0.0 y=0.0 z=15555.0 
place   fringe_left copies=1 x=0.0 y=0.0 z=15895.0 
place   fringe_right copies=1 x=0.0 y=0.0 z=16235.0 
(do i=19)
place   fringe_left copies=1 x=0.0 y=0.0 z=16065.0 
place   fringe_right copies=1 x=0.0 y=0.0 z=16405.0 
place   fringe_left copies=1 x=0.0 y=0.0 z=16745.0 
place   fringe_right copies=1 x=0.0 y=0.0 z=17085.0 
(do i=20)
place   fringe_left copies=1 x=0.0 y=0.0 z=16915.0 
place   fringe_right copies=1 x=0.0 y=0.0 z=17255.0 
place   fringe_left copies=1 x=0.0 y=0.0 z=17595.0 
place   fringe_right copies=1 x=0.0 y=0.0 z=17935.0 
(do i=21)
place   fringe_left copies=1 x=0.0 y=0.0 z=17765.0 
place   fringe_right copies=1 x=0.0 y=0.0 z=18105.0 
place   fringe_left copies=1 x=0.0 y=0.0 z=18445.0 
place   fringe_right copies=1 x=0.0 y=0.0 z=18785.0 
(do i=22)
place   fringe_left copies=1 x=0.0 y=0.0 z=18615.0 
place   fringe_right copies=1 x=0.0 y=0.0 z=18955.0 
place   fringe_left copies=1 x=0.0 y=0.0 z=19295.0 
place   fringe_right copies=1 x=0.0 y=0.0 z=19635.0 
(do i=23)
place   fringe_left copies=1 x=0.0 y=0.0 z=19465.0 
place   fringe_right copies=1 x=0.0 y=0.0 z=19805.0 
place   fringe_left copies=1 x=0.0 y=0.0 z=20145.0 
place   fringe_right copies=1 x=0.0 y=0.0 z=20485.0 
(do i=24)
place   fringe_left copies=1 x=0.0 y=0.0 z=20315.0 
place   fringe_right copies=1 x=0.0 y=0.0 z=20655.0 
place   fringe_left copies=1 x=0.0 y=0.0 z=20995.0 
place   fringe_right copies=1 x=0.0 y=0.0 z=21335.0 
(do i=25)
place   fringe_left copies=1 x=0.0 y=0.0 z=21165.0 
place   fringe_right copies=1 x=0.0 y=0.0 z=21505.0 
place   fringe_left copies=1 x=0.0 y=0.0 z=21845.0 
place   fringe_right copies=1 x=0.0 y=0.0 z=22185.0 
(do i=26)
place   fringe_left copies=1 x=0.0 y=0.0 z=22015.0 
place   fringe_right copies=1 x=0.0 y=0.0 z=22355.0 
place   fringe_left copies=1 x=0.0 y=0.0 z=22695.0 
place   fringe_right copies=1 x=0.0 y=0.0 z=23035.0 
(do i=27)
place   fringe_left copies=1 x=0.0 y=0.0 z=22865.0 
place   fringe_right copies=1 x=0.0 y=0.0 z=23205.0 
place   fringe_left copies=1 x=0.0 y=0.0 z=23545.0 
place   fringe_right copies=1 x=0.0 y=0.0 z=23885.0 
(do i=28)
place   fringe_left copies=1 x=0.0 y=0.0 z=23715.0 
place   fringe_right copies=1 x=0.0 y=0.0 z=24055.0 
place   fringe_left copies=1 x=0.0 y=0.0 z=24395.0 
place   fringe_right copies=1 x=0.0 y=0.0 z=24735.0 
(do i=29)
place   fringe_left copies=1 x=0.0 y=0.0 z=24565.0 
place   fringe_right copies=1 x=0.0 y=0.0 z=24905.0 
place   fringe_left copies=1 x=0.0 y=0.0 z=25245.0 
place   fringe_right copies=1 x=0.0 y=0.0 z=25585.0 
(do i=30)
place   fringe_left copies=1 x=0.0 y=0.0 z=25415.0 
place   fringe_right copies=1 x=0.0 y=0.0 z=25755.0 
place   fringe_left copies=1 x=0.0 y=0.0 z=26095.0 
place   fringe_right copies=1 x=0.0 y=0.0 z=26435.0 
(do i=31)
place   fringe_left copies=1 x=0.0 y=0.0 z=26265.0 
place   fringe_right copies=1 x=0.0 y=0.0 z=26605.0 
place   fringe_left copies=1 x=0.0 y=0.0 z=26945.0 
place   fringe_right copies=1 x=0.0 y=0.0 z=27285.0 
(do i=32)
place   fringe_left copies=1 x=0.0 y=0.0 z=27115.0 
place   fringe_right copies=1 x=0.0 y=0.0 z=27455.0 
place   fringe_left copies=1 x=0.0 y=0.0 z=27795.0 
place   fringe_right copies=1 x=0.0 y=0.0 z=28135.0 
(do i=33)
place   fringe_left copies=1 x=0.0 y=0.0 z=27965.0 
place   fringe_right copies=1 x=0.0 y=0.0 z=28305.0 
place   fringe_left copies=1 x=0.0 y=0.0 z=28645.0 
place   fringe_right copies=1 x=0.0 y=0.0 z=28985.0 
(do i=34)
place   fringe_left copies=1 x=0.0 y=0.0 z=28815.0 
place   fringe_right copies=1 x=0.0 y=0.0 z=29155.0 
place   fringe_left copies=1 x=0.0 y=0.0 z=29495.0 
place   fringe_right copies=1 x=0.0 y=0.0 z=29835.0 
(do i=35)
place   fringe_left copies=1 x=0.0 y=0.0 z=29665.0 
place   fringe_right copies=1 x=0.0 y=0.0 z=30005.0 
place   fringe_left copies=1 x=0.0 y=0.0 z=30345.0 
place   fringe_right copies=1 x=0.0 y=0.0 z=30685.0 
(do i=36)
place   fringe_left copies=1 x=0.0 y=0.0 z=30515.0 
place   fringe_right copies=1 x=0.0 y=0.0 z=30855.0 
place   fringe_left copies=1 x=0.0 y=0.0 z=31195.0 
place   fringe_right copies=1 x=0.0 y=0.0 z=31535.0 
(do i=37)
place   fringe_left copies=1 x=0.0 y=0.0 z=31365.0 
place   fringe_right copies=1 x=0.0 y=0.0 z=31705.0 
place   fringe_left copies=1 x=0.0 y=0.0 z=32045.0 
place   fringe_right copies=1 x=0.0 y=0.0 z=32385.0 
(do i=38)
place   fringe_left copies=1 x=0.0 y=0.0 z=32215.0 
place   fringe_right copies=1 x=0.0 y=0.0 z=32555.0 
place   fringe_left copies=1 x=0.0 y=0.0 z=32895.0 
place   fringe_right copies=1 x=0.0 y=0.0 z=33235.0 
(do i=39)
place   fringe_left copies=1 x=0.0 y=0.0 z=33065.0 
place   fringe_right copies=1 x=0.0 y=0.0 z=33405.0 
place   fringe_left copies=1 x=0.0 y=0.0 z=33745.0 
place   fringe_right copies=1 x=0.0 y=0.0 z=34085.0 
(do i=40)
place   fringe_left copies=1 x=0.0 y=0.0 z=33915.0 
place   fringe_right copies=1 x=0.0 y=0.0 z=34255.0 
place   fringe_left copies=1 x=0.0 y=0.0 z=34595.0 
place   fringe_right copies=1 x=0.0 y=0.0 z=34935.0 
(do i=41)
place   fringe_left copies=1 x=0.0 y=0.0 z=34765.0 
place   fringe_right copies=1 x=0.0 y=0.0 z=35105.0 
place   fringe_left copies=1 x=0.0 y=0.0 z=35445.0 
place   fringe_right copies=1 x=0.0 y=0.0 z=35785.0 
(do i=42)
place   fringe_left copies=1 x=0.0 y=0.0 z=35615.0 
place   fringe_right copies=1 x=0.0 y=0.0 z=35955.0 
place   fringe_left copies=1 x=0.0 y=0.0 z=36295.0 
place   fringe_right copies=1 x=0.0 y=0.0 z=36635.0 
(do i=43)
place   fringe_left copies=1 x=0.0 y=0.0 z=36465.0 
place   fringe_right copies=1 x=0.0 y=0.0 z=36805.0 
place   fringe_left copies=1 x=0.0 y=0.0 z=37145.0 
place   fringe_right copies=1 x=0.0 y=0.0 z=37485.0 
(do i=44)
place   fringe_left copies=1 x=0.0 y=0.0 z=37315.0 
place   fringe_right copies=1 x=0.0 y=0.0 z=37655.0 
place   fringe_left copies=1 x=0.0 y=0.0 z=37995.0 
place   fringe_right copies=1 x=0.0 y=0.0 z=38335.0 
(do i=45)
place   fringe_left copies=1 x=0.0 y=0.0 z=38165.0 
place   fringe_right copies=1 x=0.0 y=0.0 z=38505.0 
place   fringe_left copies=1 x=0.0 y=0.0 z=38845.0 
place   fringe_right copies=1 x=0.0 y=0.0 z=39185.0 
(do i=46)
place   fringe_left copies=1 x=0.0 y=0.0 z=39015.0 
place   fringe_right copies=1 x=0.0 y=0.0 z=39355.0 
place   fringe_left copies=1 x=0.0 y=0.0 z=39695.0 
place   fringe_right copies=1 x=0.0 y=0.0 z=40035.0 
(do i=47)
place   fringe_left copies=1 x=0.0 y=0.0 z=39865.0 
place   fringe_right copies=1 x=0.0 y=0.0 z=40205.0 
place   fringe_left copies=1 x=0.0 y=0.0 z=40545.0 
place   fringe_right copies=1 x=0.0 y=0.0 z=40885.0 
(do i=48)
place   fringe_left copies=1 x=0.0 y=0.0 z=40715.0 
place   fringe_right copies=1 x=0.0 y=0.0 z=41055.0 
place   fringe_left copies=1 x=0.0 y=0.0 z=41395.0 
place   fringe_right copies=1 x=0.0 y=0.0 z=41735.0 
(do i=49)
place   fringe_left copies=1 x=0.0 y=0.0 z=41565.0 
place   fringe_right copies=1 x=0.0 y=0.0 z=41905.0 
place   fringe_left copies=1 x=0.0 y=0.0 z=42245.0 
place   fringe_right copies=1 x=0.0 y=0.0 z=42585.0 
(do i=50)
place   fringe_left copies=1 x=0.0 y=0.0 z=42415.0 
place   fringe_right copies=1 x=0.0 y=0.0 z=42755.0 
place   fringe_left copies=1 x=0.0 y=0.0 z=43095.0 
place   fringe_right copies=1 x=0.0 y=0.0 z=43435.0 
(do i=51)
place   fringe_left copies=1 x=0.0 y=0.0 z=43265.0 
place   fringe_right copies=1 x=0.0 y=0.0 z=43605.0 
place   fringe_left copies=1 x=0.0 y=0.0 z=43945.0 
place   fringe_right copies=1 x=0.0 y=0.0 z=44285.0 
(do i=52)
place   fringe_left copies=1 x=0.0 y=0.0 z=44115.0 
place   fringe_right copies=1 x=0.0 y=0.0 z=44455.0 
place   fringe_left copies=1 x=0.0 y=0.0 z=44795.0 
place   fringe_right copies=1 x=0.0 y=0.0 z=45135.0 
(do i=53)
place   fringe_left copies=1 x=0.0 y=0.0 z=44965.0 
place   fringe_right copies=1 x=0.0 y=0.0 z=45305.0 
place   fringe_left copies=1 x=0.0 y=0.0 z=45645.0 
place   fringe_right copies=1 x=0.0 y=0.0 z=45985.0 
(do i=54)
place   fringe_left copies=1 x=0.0 y=0.0 z=45815.0 
place   fringe_right copies=1 x=0.0 y=0.0 z=46155.0 
place   fringe_left copies=1 x=0.0 y=0.0 z=46495.0 
place   fringe_right copies=1 x=0.0 y=0.0 z=46835.0 
(do i=55)
place   fringe_left copies=1 x=0.0 y=0.0 z=46665.0 
place   fringe_right copies=1 x=0.0 y=0.0 z=47005.0 
place   fringe_left copies=1 x=0.0 y=0.0 z=47345.0 
place   fringe_right copies=1 x=0.0 y=0.0 z=47685.0 
(do i=56)
place   fringe_left copies=1 x=0.0 y=0.0 z=47515.0 
place   fringe_right copies=1 x=0.0 y=0.0 z=47855.0 
place   fringe_left copies=1 x=0.0 y=0.0 z=48195.0 
place   fringe_right copies=1 x=0.0 y=0.0 z=48535.0 
(do i=57)
place   fringe_left copies=1 x=0.0 y=0.0 z=48365.0 
place   fringe_right copies=1 x=0.0 y=0.0 z=48705.0 
place   fringe_left copies=1 x=0.0 y=0.0 z=49045.0 
place   fringe_right copies=1 x=0.0 y=0.0 z=49385.0 
(do i=58)
place   fringe_left copies=1 x=0.0 y=0.0 z=49215.0 
place   fringe_right copies=1 x=0.0 y=0.0 z=49555.0 
place   fringe_left copies=1 x=0.0 y=0.0 z=49895.0 
place   fringe_right copies=1 x=0.0 y=0.0 z=50235.0 
(do i=59)
place   fringe_left copies=1 x=0.0 y=0.0 z=50065.0 
place   fringe_right copies=1 x=0.0 y=0.0 z=50405.0 
place   fringe_left copies=1 x=0.0 y=0.0 z=50745.0 
place   fringe_right copies=1 x=0.0 y=0.0 z=51085.0 
(do i=60)
place   fringe_left copies=1 x=0.0 y=0.0 z=50915.0 
place   fringe_right copies=1 x=0.0 y=0.0 z=51255.0 
place   fringe_left copies=1 x=0.0 y=0.0 z=51595.0 
place   fringe_right copies=1 x=0.0 y=0.0 z=51935.0 
enddo
do i=0,60,1
(do i=0)
place   pipe    copies=1 x=0.0 y=0.0 z=112.4 
place   pipe    copies=1 x=0.0 y=0.0 z=737.6 
(do i=1)
place   pipe    copies=1 x=0.0 y=0.0 z=962.4 
place   pipe    copies=1 x=0.0 y=0.0 z=1587.6 
(do i=2)
place   pipe    copies=1 x=0.0 y=0.0 z=1812.4 
place   pipe    copies=1 x=0.0 y=0.0 z=2437.6 
(do i=3)
place   pipe    copies=1 x=0.0 y=0.0 z=2662.4 
place   pipe    copies=1 x=0.0 y=0.0 z=3287.6 
(do i=4)
place   pipe    copies=1 x=0.0 y=0.0 z=3512.4 
place   pipe    copies=1 x=0.0 y=0.0 z=4137.6 
(do i=5)
place   pipe    copies=1 x=0.0 y=0.0 z=4362.4 
place   pipe    copies=1 x=0.0 y=0.0 z=4987.6 
(do i=6)
place   pipe    copies=1 x=0.0 y=0.0 z=5212.4 
place   pipe    copies=1 x=0.0 y=0.0 z=5837.6 
(do i=7)
place   pipe    copies=1 x=0.0 y=0.0 z=6062.4 
place   pipe    copies=1 x=0.0 y=0.0 z=6687.6 
(do i=8)
place   pipe    copies=1 x=0.0 y=0.0 z=6912.4 
place   pipe    copies=1 x=0.0 y=0.0 z=7537.6 
(do i=9)
place   pipe    copies=1 x=0.0 y=0.0 z=7762.4 
place   pipe    copies=1 x=0.0 y=0.0 z=8387.6 
(do i=10)
place   pipe    copies=1 x=0.0 y=0.0 z=8612.4 
place   pipe    copies=1 x=0.0 y=0.0 z=9237.6 
(do i=11)
place   pipe    copies=1 x=0.0 y=0.0 z=9462.4 
place   pipe    copies=1 x=0.0 y=0.0 z=10087.6 
(do i=12)
place   pipe    copies=1 x=0.0 y=0.0 z=10312.4 
place   pipe    copies=1 x=0.0 y=0.0 z=10937.6 
(do i=13)
place   pipe    copies=1 x=0.0 y=0.0 z=11162.4 
place   pipe    copies=1 x=0.0 y=0.0 z=11787.6 
(do i=14)
place   pipe    copies=1 x=0.0 y=0.0 z=12012.4 
place   pipe    copies=1 x=0.0 y=0.0 z=12637.6 
(do i=15)
place   pipe    copies=1 x=0.0 y=0.0 z=12862.4 
place   pipe    copies=1 x=0.0 y=0.0 z=13487.6 
(do i=16)
place   pipe    copies=1 x=0.0 y=0.0 z=13712.4 
place   pipe    copies=1 x=0.0 y=0.0 z=14337.6 
(do i=17)
place   pipe    copies=1 x=0.0 y=0.0 z=14562.4 
place   pipe    copies=1 x=0.0 y=0.0 z=15187.6 
(do i=18)
place   pipe    copies=1 x=0.0 y=0.0 z=15412.4 
place   pipe    copies=1 x=0.0 y=0.0 z=16037.6 
(do i=19)
place   pipe    copies=1 x=0.0 y=0.0 z=16262.4 
place   pipe    copies=1 x=0.0 y=0.0 z=16887.6 
(do i=20)
place   pipe    copies=1 x=0.0 y=0.0 z=17112.4 
place   pipe    copies=1 x=0.0 y=0.0 z=17737.6 
(do i=21)
place   pipe    copies=1 x=0.0 y=0.0 z=17962.4 
place   pipe    copies=1 x=0.0 y=0.0 z=18587.6 
(do i=22)
place   pipe    copies=1 x=0.0 y=0.0 z=18812.4 
place   pipe    copies=1 x=0.0 y=0.0 z=19437.6 
(do i=23)
place   pipe    copies=1 x=0.0 y=0.0 z=19662.4 
place   pipe    copies=1 x=0.0 y=0.0 z=20287.6 
(do i=24)
place   pipe    copies=1 x=0.0 y=0.0 z=20512.4 
place   pipe    copies=1 x=0.0 y=0.0 z=21137.6 
(do i=25)
place   pipe    copies=1 x=0.0 y=0.0 z=21362.4 
place   pipe    copies=1 x=0.0 y=0.0 z=21987.6 
(do i=26)
place   pipe    copies=1 x=0.0 y=0.0 z=22212.4 
place   pipe    copies=1 x=0.0 y=0.0 z=22837.6 
(do i=27)
place   pipe    copies=1 x=0.0 y=0.0 z=23062.4 
place   pipe    copies=1 x=0.0 y=0.0 z=23687.6 
(do i=28)
place   pipe    copies=1 x=0.0 y=0.0 z=23912.4 
place   pipe    copies=1 x=0.0 y=0.0 z=24537.6 
(do i=29)
place   pipe    copies=1 x=0.0 y=0.0 z=24762.4 
place   pipe    copies=1 x=0.0 y=0.0 z=25387.6 
(do i=30)
place   pipe    copies=1 x=0.0 y=0.0 z=25612.4 
place   pipe    copies=1 x=0.0 y=0.0 z=26237.6 
(do i=31)
place   pipe    copies=1 x=0.0 y=0.0 z=26462.4 
place   pipe    copies=1 x=0.0 y=0.0 z=27087.6 
(do i=32)
place   pipe    copies=1 x=0.0 y=0.0 z=27312.4 
place   pipe    copies=1 x=0.0 y=0.0 z=27937.6 
(do i=33)
place   pipe    copies=1 x=0.0 y=0.0 z=28162.4 
place   pipe    copies=1 x=0.0 y=0.0 z=28787.6 
(do i=34)
place   pipe    copies=1 x=0.0 y=0.0 z=29012.4 
place   pipe    copies=1 x=0.0 y=0.0 z=29637.6 
(do i=35)
place   pipe    copies=1 x=0.0 y=0.0 z=29862.4 
place   pipe    copies=1 x=0.0 y=0.0 z=30487.6 
(do i=36)
place   pipe    copies=1 x=0.0 y=0.0 z=30712.4 
place   pipe    copies=1 x=0.0 y=0.0 z=31337.6 
(do i=37)
place   pipe    copies=1 x=0.0 y=0.0 z=31562.4 
place   pipe    copies=1 x=0.0 y=0.0 z=32187.6 
(do i=38)
place   pipe    copies=1 x=0.0 y=0.0 z=32412.4 
place   pipe    copies=1 x=0.0 y=0.0 z=33037.6 
(do i=39)
place   pipe    copies=1 x=0.0 y=0.0 z=33262.4 
place   pipe    copies=1 x=0.0 y=0.0 z=33887.6 
(do i=40)
place   pipe    copies=1 x=0.0 y=0.0 z=34112.4 
place   pipe    copies=1 x=0.0 y=0.0 z=34737.6 
(do i=41)
place   pipe    copies=1 x=0.0 y=0.0 z=34962.4 
place   pipe    copies=1 x=0.0 y=0.0 z=35587.6 
(do i=42)
place   pipe    copies=1 x=0.0 y=0.0 z=35812.4 
place   pipe    copies=1 x=0.0 y=0.0 z=36437.6 
(do i=43)
place   pipe    copies=1 x=0.0 y=0.0 z=36662.4 
place   pipe    copies=1 x=0.0 y=0.0 z=37287.6 
(do i=44)
place   pipe    copies=1 x=0.0 y=0.0 z=37512.4 
place   pipe    copies=1 x=0.0 y=0.0 z=38137.6 
(do i=45)
place   pipe    copies=1 x=0.0 y=0.0 z=38362.4 
place   pipe    copies=1 x=0.0 y=0.0 z=38987.6 
(do i=46)
place   pipe    copies=1 x=0.0 y=0.0 z=39212.4 
place   pipe    copies=1 x=0.0 y=0.0 z=39837.6 
(do i=47)
place   pipe    copies=1 x=0.0 y=0.0 z=40062.4 
place   pipe    copies=1 x=0.0 y=0.0 z=40687.6 
(do i=48)
place   pipe    copies=1 x=0.0 y=0.0 z=40912.4 
place   pipe    copies=1 x=0.0 y=0.0 z=41537.6 
(do i=49)
place   pipe    copies=1 x=0.0 y=0.0 z=41762.4 
place   pipe    copies=1 x=0.0 y=0.0 z=42387.6 
(do i=50)
place   pipe    copies=1 x=0.0 y=0.0 z=42612.4 
place   pipe    copies=1 x=0.0 y=0.0 z=43237.6 
(do i=51)
place   pipe    copies=1 x=0.0 y=0.0 z=43462.4 
place   pipe    copies=1 x=0.0 y=0.0 z=44087.6 
(do i=52)
place   pipe    copies=1 x=0.0 y=0.0 z=44312.4 
place   pipe    copies=1 x=0.0 y=0.0 z=44937.6 
(do i=53)
place   pipe    copies=1 x=0.0 y=0.0 z=45162.4 
place   pipe    copies=1 x=0.0 y=0.0 z=45787.6 
(do i=54)
place   pipe    copies=1 x=0.0 y=0.0 z=46012.4 
place   pipe    copies=1 x=0.0 y=0.0 z=46637.6 
(do i=55)
place   pipe    copies=1 x=0.0 y=0.0 z=46862.4 
place   pipe    copies=1 x=0.0 y=0.0 z=47487.6 
(do i=56)
place   pipe    copies=1 x=0.0 y=0.0 z=47712.4 
place   pipe    copies=1 x=0.0 y=0.0 z=48337.6 
(do i=57)
place   pipe    copies=1 x=0.0 y=0.0 z=48562.4 
place   pipe    copies=1 x=0.0 y=0.0 z=49187.6 
(do i=58)
place   pipe    copies=1 x=0.0 y=0.0 z=49412.4 
place   pipe    copies=1 x=0.0 y=0.0 z=50037.6 
(do i=59)
place   pipe    copies=1 x=0.0 y=0.0 z=50262.4 
place   pipe    copies=1 x=0.0 y=0.0 z=50887.6 
(do i=60)
place   pipe    copies=1 x=0.0 y=0.0 z=51112.4 
place   pipe    copies=1 x=0.0 y=0.0 z=51737.6 
enddo
place   cav00   copies=1 x=0.0 y=0.0 z=274.9 rename='rf_b_00'
place   cav01   copies=1 x=0.0 y=0.0 z=375.0 rename='rf_c_01'
place   cav02   copies=1 x=0.0 y=0.0 z=475.0 rename='rf_d_02'
place   cav03   copies=1 x=0.0 y=0.0 z=575.1 rename='rf_e_03'
place   cav10   copies=1 x=0.0 y=0.0 z=1124.9 rename='rf_b_10'
place   cav11   copies=1 x=0.0 y=0.0 z=1225.0 rename='rf_c_11'
place   cav12   copies=1 x=0.0 y=0.0 z=1325.0 rename='rf_d_12'
place   cav13   copies=1 x=0.0 y=0.0 z=1425.1 rename='rf_e_13'
place   cav20   copies=1 x=0.0 y=0.0 z=1974.9 rename='rf_b_20'
place   cav21   copies=1 x=0.0 y=0.0 z=2075.0 rename='rf_c_21'
place   cav22   copies=1 x=0.0 y=0.0 z=2175.0 rename='rf_d_22'
place   cav23   copies=1 x=0.0 y=0.0 z=2275.1 rename='rf_e_23'
place   cav30   copies=1 x=0.0 y=0.0 z=2824.9 rename='rf_b_30'
place   cav31   copies=1 x=0.0 y=0.0 z=2925.0 rename='rf_c_31'
place   cav32   copies=1 x=0.0 y=0.0 z=3025.0 rename='rf_d_32'
place   cav33   copies=1 x=0.0 y=0.0 z=3125.1 rename='rf_e_33'
place   cav40   copies=1 x=0.0 y=0.0 z=3674.9 rename='rf_b_40'
place   cav41   copies=1 x=0.0 y=0.0 z=3775.0 rename='rf_c_41'
place   cav42   copies=1 x=0.0 y=0.0 z=3875.0 rename='rf_d_42'
place   cav43   copies=1 x=0.0 y=0.0 z=3975.1 rename='rf_e_43'
place   cav50   copies=1 x=0.0 y=0.0 z=4524.9 rename='rf_b_50'
place   cav51   copies=1 x=0.0 y=0.0 z=4625.0 rename='rf_c_51'
place   cav52   copies=1 x=0.0 y=0.0 z=4725.0 rename='rf_d_52'
place   cav53   copies=1 x=0.0 y=0.0 z=4825.1 rename='rf_e_53'
place   cav60   copies=1 x=0.0 y=0.0 z=5374.9 rename='rf_b_60'
place   cav61   copies=1 x=0.0 y=0.0 z=5475.0 rename='rf_c_61'
place   cav62   copies=1 x=0.0 y=0.0 z=5575.0 rename='rf_d_62'
place   cav63   copies=1 x=0.0 y=0.0 z=5675.1 rename='rf_e_63'
place   cav70   copies=1 x=0.0 y=0.0 z=6224.9 rename='rf_b_70'
place   cav71   copies=1 x=0.0 y=0.0 z=6325.0 rename='rf_c_71'
place   cav72   copies=1 x=0.0 y=0.0 z=6425.0 rename='rf_d_72'
place   cav73   copies=1 x=0.0 y=0.0 z=6525.1 rename='rf_e_73'
place   cav80   copies=1 x=0.0 y=0.0 z=7074.9 rename='rf_b_80'
place   cav81   copies=1 x=0.0 y=0.0 z=7175.0 rename='rf_c_81'
place   cav82   copies=1 x=0.0 y=0.0 z=7275.0 rename='rf_d_82'
place   cav83   copies=1 x=0.0 y=0.0 z=7375.1 rename='rf_e_83'
place   cav90   copies=1 x=0.0 y=0.0 z=7924.9 rename='rf_b_90'
place   cav91   copies=1 x=0.0 y=0.0 z=8025.0 rename='rf_c_91'
place   cav92   copies=1 x=0.0 y=0.0 z=8125.0 rename='rf_d_92'
place   cav93   copies=1 x=0.0 y=0.0 z=8225.1 rename='rf_e_93'
place   cav100  copies=1 x=0.0 y=0.0 z=8774.9 rename='rf_b_100'
place   cav101  copies=1 x=0.0 y=0.0 z=8875.0 rename='rf_c_101'
place   cav102  copies=1 x=0.0 y=0.0 z=8975.0 rename='rf_d_102'
place   cav103  copies=1 x=0.0 y=0.0 z=9075.1 rename='rf_e_103'
place   cav110  copies=1 x=0.0 y=0.0 z=9624.9 rename='rf_b_110'
place   cav111  copies=1 x=0.0 y=0.0 z=9725.0 rename='rf_c_111'
place   cav112  copies=1 x=0.0 y=0.0 z=9825.0 rename='rf_d_112'
place   cav113  copies=1 x=0.0 y=0.0 z=9925.1 rename='rf_e_113'
place   cav120  copies=1 x=0.0 y=0.0 z=10474.9 rename='rf_b_120'
place   cav121  copies=1 x=0.0 y=0.0 z=10575.0 rename='rf_c_121'
place   cav122  copies=1 x=0.0 y=0.0 z=10675.0 rename='rf_d_122'
place   cav123  copies=1 x=0.0 y=0.0 z=10775.1 rename='rf_e_123'
place   cav130  copies=1 x=0.0 y=0.0 z=11324.9 rename='rf_b_130'
place   cav131  copies=1 x=0.0 y=0.0 z=11425.0 rename='rf_c_131'
place   cav132  copies=1 x=0.0 y=0.0 z=11525.0 rename='rf_d_132'
place   cav133  copies=1 x=0.0 y=0.0 z=11625.1 rename='rf_e_133'
place   cav140  copies=1 x=0.0 y=0.0 z=12174.9 rename='rf_b_140'
place   cav141  copies=1 x=0.0 y=0.0 z=12275.0 rename='rf_c_141'
place   cav142  copies=1 x=0.0 y=0.0 z=12375.0 rename='rf_d_142'
place   cav143  copies=1 x=0.0 y=0.0 z=12475.1 rename='rf_e_143'
place   cav150  copies=1 x=0.0 y=0.0 z=13024.9 rename='rf_b_150'
place   cav151  copies=1 x=0.0 y=0.0 z=13125.0 rename='rf_c_151'
place   cav152  copies=1 x=0.0 y=0.0 z=13225.0 rename='rf_d_152'
place   cav153  copies=1 x=0.0 y=0.0 z=13325.1 rename='rf_e_153'
place   cav160  copies=1 x=0.0 y=0.0 z=13874.9 rename='rf_b_160'
place   cav161  copies=1 x=0.0 y=0.0 z=13975.0 rename='rf_c_161'
place   cav162  copies=1 x=0.0 y=0.0 z=14075.0 rename='rf_d_162'
place   cav163  copies=1 x=0.0 y=0.0 z=14175.1 rename='rf_e_163'
place   cav170  copies=1 x=0.0 y=0.0 z=14724.9 rename='rf_b_170'
place   cav171  copies=1 x=0.0 y=0.0 z=14825.0 rename='rf_c_171'
place   cav172  copies=1 x=0.0 y=0.0 z=14925.0 rename='rf_d_172'
place   cav173  copies=1 x=0.0 y=0.0 z=15025.1 rename='rf_e_173'
place   cav180  copies=1 x=0.0 y=0.0 z=15574.9 rename='rf_b_180'
place   cav181  copies=1 x=0.0 y=0.0 z=15675.0 rename='rf_c_181'
place   cav182  copies=1 x=0.0 y=0.0 z=15775.0 rename='rf_d_182'
place   cav183  copies=1 x=0.0 y=0.0 z=15875.1 rename='rf_e_183'
place   cav190  copies=1 x=0.0 y=0.0 z=16424.9 rename='rf_b_190'
place   cav191  copies=1 x=0.0 y=0.0 z=16525.0 rename='rf_c_191'
place   cav192  copies=1 x=0.0 y=0.0 z=16625.0 rename='rf_d_192'
place   cav193  copies=1 x=0.0 y=0.0 z=16725.1 rename='rf_e_193'
place   cav200  copies=1 x=0.0 y=0.0 z=17274.9 rename='rf_b_200'
place   cav201  copies=1 x=0.0 y=0.0 z=17375.0 rename='rf_c_201'
place   cav202  copies=1 x=0.0 y=0.0 z=17475.0 rename='rf_d_202'
place   cav203  copies=1 x=0.0 y=0.0 z=17575.1 rename='rf_e_203'
place   cav210  copies=1 x=0.0 y=0.0 z=18124.9 rename='rf_b_210'
place   cav211  copies=1 x=0.0 y=0.0 z=18225.0 rename='rf_c_211'
place   cav212  copies=1 x=0.0 y=0.0 z=18325.0 rename='rf_d_212'
place   cav213  copies=1 x=0.0 y=0.0 z=18425.1 rename='rf_e_213'
place   cav220  copies=1 x=0.0 y=0.0 z=18974.9 rename='rf_b_220'
place   cav221  copies=1 x=0.0 y=0.0 z=19075.0 rename='rf_c_221'
place   cav222  copies=1 x=0.0 y=0.0 z=19175.0 rename='rf_d_222'
place   cav223  copies=1 x=0.0 y=0.0 z=19275.1 rename='rf_e_223'
place   cav230  copies=1 x=0.0 y=0.0 z=19824.9 rename='rf_b_230'
place   cav231  copies=1 x=0.0 y=0.0 z=19925.0 rename='rf_c_231'
place   cav232  copies=1 x=0.0 y=0.0 z=20025.0 rename='rf_d_232'
place   cav233  copies=1 x=0.0 y=0.0 z=20125.1 rename='rf_e_233'
place   cav240  copies=1 x=0.0 y=0.0 z=20674.9 rename='rf_b_240'
place   cav241  copies=1 x=0.0 y=0.0 z=20775.0 rename='rf_c_241'
place   cav242  copies=1 x=0.0 y=0.0 z=20875.0 rename='rf_d_242'
place   cav243  copies=1 x=0.0 y=0.0 z=20975.1 rename='rf_e_243'
place   cav250  copies=1 x=0.0 y=0.0 z=21524.9 rename='rf_b_250'
place   cav251  copies=1 x=0.0 y=0.0 z=21625.0 rename='rf_c_251'
place   cav252  copies=1 x=0.0 y=0.0 z=21725.0 rename='rf_d_252'
place   cav253  copies=1 x=0.0 y=0.0 z=21825.1 rename='rf_e_253'
place   cav260  copies=1 x=0.0 y=0.0 z=22374.9 rename='rf_b_260'
place   cav261  copies=1 x=0.0 y=0.0 z=22475.0 rename='rf_c_261'
place   cav262  copies=1 x=0.0 y=0.0 z=22575.0 rename='rf_d_262'
place   cav263  copies=1 x=0.0 y=0.0 z=22675.1 rename='rf_e_263'
place   cav270  copies=1 x=0.0 y=0.0 z=23224.9 rename='rf_b_270'
place   cav271  copies=1 x=0.0 y=0.0 z=23325.0 rename='rf_c_271'
place   cav272  copies=1 x=0.0 y=0.0 z=23425.0 rename='rf_d_272'
place   cav273  copies=1 x=0.0 y=0.0 z=23525.1 rename='rf_e_273'
place   cav280  copies=1 x=0.0 y=0.0 z=24074.9 rename='rf_b_280'
place   cav281  copies=1 x=0.0 y=0.0 z=24175.0 rename='rf_c_281'
place   cav282  copies=1 x=0.0 y=0.0 z=24275.0 rename='rf_d_282'
place   cav283  copies=1 x=0.0 y=0.0 z=24375.1 rename='rf_e_283'
place   cav290  copies=1 x=0.0 y=0.0 z=24924.9 rename='rf_b_290'
place   cav291  copies=1 x=0.0 y=0.0 z=25025.0 rename='rf_c_291'
place   cav292  copies=1 x=0.0 y=0.0 z=25125.0 rename='rf_d_292'
place   cav293  copies=1 x=0.0 y=0.0 z=25225.1 rename='rf_e_293'
place   cav300  copies=1 x=0.0 y=0.0 z=25774.9 rename='rf_b_300'
place   cav301  copies=1 x=0.0 y=0.0 z=25875.0 rename='rf_c_301'
place   cav302  copies=1 x=0.0 y=0.0 z=25975.0 rename='rf_d_302'
place   cav303  copies=1 x=0.0 y=0.0 z=26075.1 rename='rf_e_303'
place   cav310  copies=1 x=0.0 y=0.0 z=26624.9 rename='rf_b_310'
place   cav311  copies=1 x=0.0 y=0.0 z=26725.0 rename='rf_c_311'
place   cav312  copies=1 x=0.0 y=0.0 z=26825.0 rename='rf_d_312'
place   cav313  copies=1 x=0.0 y=0.0 z=26925.1 rename='rf_e_313'
place   cav320  copies=1 x=0.0 y=0.0 z=27474.9 rename='rf_b_320'
place   cav321  copies=1 x=0.0 y=0.0 z=27575.0 rename='rf_c_321'
place   cav322  copies=1 x=0.0 y=0.0 z=27675.0 rename='rf_d_322'
place   cav323  copies=1 x=0.0 y=0.0 z=27775.1 rename='rf_e_323'
place   cav330  copies=1 x=0.0 y=0.0 z=28324.9 rename='rf_b_330'
place   cav331  copies=1 x=0.0 y=0.0 z=28425.0 rename='rf_c_331'
place   cav332  copies=1 x=0.0 y=0.0 z=28525.0 rename='rf_d_332'
place   cav333  copies=1 x=0.0 y=0.0 z=28625.1 rename='rf_e_333'
place   cav340  copies=1 x=0.0 y=0.0 z=29174.9 rename='rf_b_340'
place   cav341  copies=1 x=0.0 y=0.0 z=29275.0 rename='rf_c_341'
place   cav342  copies=1 x=0.0 y=0.0 z=29375.0 rename='rf_d_342'
place   cav343  copies=1 x=0.0 y=0.0 z=29475.1 rename='rf_e_343'
place   cav350  copies=1 x=0.0 y=0.0 z=30024.9 rename='rf_b_350'
place   cav351  copies=1 x=0.0 y=0.0 z=30125.0 rename='rf_c_351'
place   cav352  copies=1 x=0.0 y=0.0 z=30225.0 rename='rf_d_352'
place   cav353  copies=1 x=0.0 y=0.0 z=30325.1 rename='rf_e_353'
place   cav360  copies=1 x=0.0 y=0.0 z=30874.9 rename='rf_b_360'
place   cav361  copies=1 x=0.0 y=0.0 z=30975.0 rename='rf_c_361'
place   cav362  copies=1 x=0.0 y=0.0 z=31075.0 rename='rf_d_362'
place   cav363  copies=1 x=0.0 y=0.0 z=31175.1 rename='rf_e_363'
place   cav370  copies=1 x=0.0 y=0.0 z=31724.9 rename='rf_b_370'
place   cav371  copies=1 x=0.0 y=0.0 z=31825.0 rename='rf_c_371'
place   cav372  copies=1 x=0.0 y=0.0 z=31925.0 rename='rf_d_372'
place   cav373  copies=1 x=0.0 y=0.0 z=32025.1 rename='rf_e_373'
place   cav380  copies=1 x=0.0 y=0.0 z=32574.9 rename='rf_b_380'
place   cav381  copies=1 x=0.0 y=0.0 z=32675.0 rename='rf_c_381'
place   cav382  copies=1 x=0.0 y=0.0 z=32775.0 rename='rf_d_382'
place   cav383  copies=1 x=0.0 y=0.0 z=32875.1 rename='rf_e_383'
place   cav390  copies=1 x=0.0 y=0.0 z=33424.9 rename='rf_b_390'
place   cav391  copies=1 x=0.0 y=0.0 z=33525.0 rename='rf_c_391'
place   cav392  copies=1 x=0.0 y=0.0 z=33625.0 rename='rf_d_392'
place   cav393  copies=1 x=0.0 y=0.0 z=33725.1 rename='rf_e_393'
place   cav400  copies=1 x=0.0 y=0.0 z=34274.9 rename='rf_b_400'
place   cav401  copies=1 x=0.0 y=0.0 z=34375.0 rename='rf_c_401'
place   cav402  copies=1 x=0.0 y=0.0 z=34475.0 rename='rf_d_402'
place   cav403  copies=1 x=0.0 y=0.0 z=34575.1 rename='rf_e_403'
place   cav410  copies=1 x=0.0 y=0.0 z=35124.9 rename='rf_b_410'
place   cav411  copies=1 x=0.0 y=0.0 z=35225.0 rename='rf_c_411'
place   cav412  copies=1 x=0.0 y=0.0 z=35325.0 rename='rf_d_412'
place   cav413  copies=1 x=0.0 y=0.0 z=35425.1 rename='rf_e_413'
place   cav420  copies=1 x=0.0 y=0.0 z=35974.9 rename='rf_b_420'
place   cav421  copies=1 x=0.0 y=0.0 z=36075.0 rename='rf_c_421'
place   cav422  copies=1 x=0.0 y=0.0 z=36175.0 rename='rf_d_422'
place   cav423  copies=1 x=0.0 y=0.0 z=36275.1 rename='rf_e_423'
place   cav430  copies=1 x=0.0 y=0.0 z=36824.9 rename='rf_b_430'
place   cav431  copies=1 x=0.0 y=0.0 z=36925.0 rename='rf_c_431'
place   cav432  copies=1 x=0.0 y=0.0 z=37025.0 rename='rf_d_432'
place   cav433  copies=1 x=0.0 y=0.0 z=37125.1 rename='rf_e_433'
place   cav440  copies=1 x=0.0 y=0.0 z=37674.9 rename='rf_b_440'
place   cav441  copies=1 x=0.0 y=0.0 z=37775.0 rename='rf_c_441'
place   cav442  copies=1 x=0.0 y=0.0 z=37875.0 rename='rf_d_442'
place   cav443  copies=1 x=0.0 y=0.0 z=37975.1 rename='rf_e_443'
place   cav450  copies=1 x=0.0 y=0.0 z=38524.9 rename='rf_b_450'
place   cav451  copies=1 x=0.0 y=0.0 z=38625.0 rename='rf_c_451'
place   cav452  copies=1 x=0.0 y=0.0 z=38725.0 rename='rf_d_452'
place   cav453  copies=1 x=0.0 y=0.0 z=38825.1 rename='rf_e_453'
place   cav460  copies=1 x=0.0 y=0.0 z=39374.9 rename='rf_b_460'
place   cav461  copies=1 x=0.0 y=0.0 z=39475.0 rename='rf_c_461'
place   cav462  copies=1 x=0.0 y=0.0 z=39575.0 rename='rf_d_462'
place   cav463  copies=1 x=0.0 y=0.0 z=39675.1 rename='rf_e_463'
place   cav470  copies=1 x=0.0 y=0.0 z=40224.9 rename='rf_b_470'
place   cav471  copies=1 x=0.0 y=0.0 z=40325.0 rename='rf_c_471'
place   cav472  copies=1 x=0.0 y=0.0 z=40425.0 rename='rf_d_472'
place   cav473  copies=1 x=0.0 y=0.0 z=40525.1 rename='rf_e_473'
place   cav480  copies=1 x=0.0 y=0.0 z=41074.9 rename='rf_b_480'
place   cav481  copies=1 x=0.0 y=0.0 z=41175.0 rename='rf_c_481'
place   cav482  copies=1 x=0.0 y=0.0 z=41275.0 rename='rf_d_482'
place   cav483  copies=1 x=0.0 y=0.0 z=41375.1 rename='rf_e_483'
place   cav490  copies=1 x=0.0 y=0.0 z=41924.9 rename='rf_b_490'
place   cav491  copies=1 x=0.0 y=0.0 z=42025.0 rename='rf_c_491'
place   cav492  copies=1 x=0.0 y=0.0 z=42125.0 rename='rf_d_492'
place   cav493  copies=1 x=0.0 y=0.0 z=42225.1 rename='rf_e_493'
place   cav500  copies=1 x=0.0 y=0.0 z=42774.9 rename='rf_b_500'
place   cav501  copies=1 x=0.0 y=0.0 z=42875.0 rename='rf_c_501'
place   cav502  copies=1 x=0.0 y=0.0 z=42975.0 rename='rf_d_502'
place   cav503  copies=1 x=0.0 y=0.0 z=43075.1 rename='rf_e_503'
place   cav510  copies=1 x=0.0 y=0.0 z=43624.9 rename='rf_b_510'
place   cav511  copies=1 x=0.0 y=0.0 z=43725.0 rename='rf_c_511'
place   cav512  copies=1 x=0.0 y=0.0 z=43825.0 rename='rf_d_512'
place   cav513  copies=1 x=0.0 y=0.0 z=43925.1 rename='rf_e_513'
place   cav520  copies=1 x=0.0 y=0.0 z=44474.9 rename='rf_b_520'
place   cav521  copies=1 x=0.0 y=0.0 z=44575.0 rename='rf_c_521'
place   cav522  copies=1 x=0.0 y=0.0 z=44675.0 rename='rf_d_522'
place   cav523  copies=1 x=0.0 y=0.0 z=44775.1 rename='rf_e_523'
place   cav530  copies=1 x=0.0 y=0.0 z=45324.9 rename='rf_b_530'
place   cav531  copies=1 x=0.0 y=0.0 z=45425.0 rename='rf_c_531'
place   cav532  copies=1 x=0.0 y=0.0 z=45525.0 rename='rf_d_532'
place   cav533  copies=1 x=0.0 y=0.0 z=45625.1 rename='rf_e_533'
place   cav540  copies=1 x=0.0 y=0.0 z=46174.9 rename='rf_b_540'
place   cav541  copies=1 x=0.0 y=0.0 z=46275.0 rename='rf_c_541'
place   cav542  copies=1 x=0.0 y=0.0 z=46375.0 rename='rf_d_542'
place   cav543  copies=1 x=0.0 y=0.0 z=46475.1 rename='rf_e_543'
place   cav550  copies=1 x=0.0 y=0.0 z=47024.9 rename='rf_b_550'
place   cav551  copies=1 x=0.0 y=0.0 z=47125.0 rename='rf_c_551'
place   cav552  copies=1 x=0.0 y=0.0 z=47225.0 rename='rf_d_552'
place   cav553  copies=1 x=0.0 y=0.0 z=47325.1 rename='rf_e_553'
place   cav560  copies=1 x=0.0 y=0.0 z=47874.9 rename='rf_b_560'
place   cav561  copies=1 x=0.0 y=0.0 z=47975.0 rename='rf_c_561'
place   cav562  copies=1 x=0.0 y=0.0 z=48075.0 rename='rf_d_562'
place   cav563  copies=1 x=0.0 y=0.0 z=48175.1 rename='rf_e_563'
place   cav570  copies=1 x=0.0 y=0.0 z=48724.9 rename='rf_b_570'
place   cav571  copies=1 x=0.0 y=0.0 z=48825.0 rename='rf_c_571'
place   cav572  copies=1 x=0.0 y=0.0 z=48925.0 rename='rf_d_572'
place   cav573  copies=1 x=0.0 y=0.0 z=49025.1 rename='rf_e_573'
place   cav580  copies=1 x=0.0 y=0.0 z=49574.9 rename='rf_b_580'
place   cav581  copies=1 x=0.0 y=0.0 z=49675.0 rename='rf_c_581'
place   cav582  copies=1 x=0.0 y=0.0 z=49775.0 rename='rf_d_582'
place   cav583  copies=1 x=0.0 y=0.0 z=49875.1 rename='rf_e_583'
place   cav590  copies=1 x=0.0 y=0.0 z=50424.9 rename='rf_b_590'
place   cav591  copies=1 x=0.0 y=0.0 z=50525.0 rename='rf_c_591'
place   cav592  copies=1 x=0.0 y=0.0 z=50625.0 rename='rf_d_592'
place   cav593  copies=1 x=0.0 y=0.0 z=50725.1 rename='rf_e_593'
place   cav600  copies=1 x=0.0 y=0.0 z=51274.9 rename='rf_b_600'
place   cav601  copies=1 x=0.0 y=0.0 z=51375.0 rename='rf_c_601'
place   cav602  copies=1 x=0.0 y=0.0 z=51475.0 rename='rf_d_602'
place   cav603  copies=1 x=0.0 y=0.0 z=51575.1 rename='rf_e_603'
do i=0,60,1
(do i=0)
place   all_wedge copies=1 x=-2.9 y=0.0 z=0.0 rename='wedge_0'rotation='X90,Y90'
(do i=1)
place   all_wedge copies=1 x=-2.9 y=0.0 z=850.0 rename='wedge_1'rotation='X90,Y90'
(do i=2)
place   all_wedge copies=1 x=-2.9 y=0.0 z=1700.0 rename='wedge_2'rotation='X90,Y90'
(do i=3)
place   all_wedge copies=1 x=-2.9 y=0.0 z=2550.0 rename='wedge_3'rotation='X90,Y90'
(do i=4)
place   all_wedge copies=1 x=-2.9 y=0.0 z=3400.0 rename='wedge_4'rotation='X90,Y90'
(do i=5)
place   all_wedge copies=1 x=-2.9 y=0.0 z=4250.0 rename='wedge_5'rotation='X90,Y90'
(do i=6)
place   all_wedge copies=1 x=-2.9 y=0.0 z=5100.0 rename='wedge_6'rotation='X90,Y90'
(do i=7)
place   all_wedge copies=1 x=-2.9 y=0.0 z=5950.0 rename='wedge_7'rotation='X90,Y90'
(do i=8)
place   all_wedge copies=1 x=-2.9 y=0.0 z=6800.0 rename='wedge_8'rotation='X90,Y90'
(do i=9)
place   all_wedge copies=1 x=-2.9 y=0.0 z=7650.0 rename='wedge_9'rotation='X90,Y90'
(do i=10)
place   all_wedge copies=1 x=-2.9 y=0.0 z=8500.0 rename='wedge_10'rotation='X90,Y90'
(do i=11)
place   all_wedge copies=1 x=-2.9 y=0.0 z=9350.0 rename='wedge_11'rotation='X90,Y90'
(do i=12)
place   all_wedge copies=1 x=-2.9 y=0.0 z=10200.0 rename='wedge_12'rotation='X90,Y90'
(do i=13)
place   all_wedge copies=1 x=-2.9 y=0.0 z=11050.0 rename='wedge_13'rotation='X90,Y90'
(do i=14)
place   all_wedge copies=1 x=-2.9 y=0.0 z=11900.0 rename='wedge_14'rotation='X90,Y90'
(do i=15)
place   all_wedge copies=1 x=-2.9 y=0.0 z=12750.0 rename='wedge_15'rotation='X90,Y90'
(do i=16)
place   all_wedge copies=1 x=-2.9 y=0.0 z=13600.0 rename='wedge_16'rotation='X90,Y90'
(do i=17)
place   all_wedge copies=1 x=-2.9 y=0.0 z=14450.0 rename='wedge_17'rotation='X90,Y90'
(do i=18)
place   all_wedge copies=1 x=-2.9 y=0.0 z=15300.0 rename='wedge_18'rotation='X90,Y90'
(do i=19)
place   all_wedge copies=1 x=-2.9 y=0.0 z=16150.0 rename='wedge_19'rotation='X90,Y90'
(do i=20)
place   all_wedge copies=1 x=-2.9 y=0.0 z=17000.0 rename='wedge_20'rotation='X90,Y90'
(do i=21)
place   all_wedge copies=1 x=-2.9 y=0.0 z=17850.0 rename='wedge_21'rotation='X90,Y90'
(do i=22)
place   all_wedge copies=1 x=-2.9 y=0.0 z=18700.0 rename='wedge_22'rotation='X90,Y90'
(do i=23)
place   all_wedge copies=1 x=-2.9 y=0.0 z=19550.0 rename='wedge_23'rotation='X90,Y90'
(do i=24)
place   all_wedge copies=1 x=-2.9 y=0.0 z=20400.0 rename='wedge_24'rotation='X90,Y90'
(do i=25)
place   all_wedge copies=1 x=-2.9 y=0.0 z=21250.0 rename='wedge_25'rotation='X90,Y90'
(do i=26)
place   all_wedge copies=1 x=-2.9 y=0.0 z=22100.0 rename='wedge_26'rotation='X90,Y90'
(do i=27)
place   all_wedge copies=1 x=-2.9 y=0.0 z=22950.0 rename='wedge_27'rotation='X90,Y90'
(do i=28)
place   all_wedge copies=1 x=-2.9 y=0.0 z=23800.0 rename='wedge_28'rotation='X90,Y90'
(do i=29)
place   all_wedge copies=1 x=-2.9 y=0.0 z=24650.0 rename='wedge_29'rotation='X90,Y90'
(do i=30)
place   all_wedge copies=1 x=-2.9 y=0.0 z=25500.0 rename='wedge_30'rotation='X90,Y90'
(do i=31)
place   all_wedge copies=1 x=-2.9 y=0.0 z=26350.0 rename='wedge_31'rotation='X90,Y90'
(do i=32)
place   all_wedge copies=1 x=-2.9 y=0.0 z=27200.0 rename='wedge_32'rotation='X90,Y90'
(do i=33)
place   all_wedge copies=1 x=-2.9 y=0.0 z=28050.0 rename='wedge_33'rotation='X90,Y90'
(do i=34)
place   all_wedge copies=1 x=-2.9 y=0.0 z=28900.0 rename='wedge_34'rotation='X90,Y90'
(do i=35)
place   all_wedge copies=1 x=-2.9 y=0.0 z=29750.0 rename='wedge_35'rotation='X90,Y90'
(do i=36)
place   all_wedge copies=1 x=-2.9 y=0.0 z=30600.0 rename='wedge_36'rotation='X90,Y90'
(do i=37)
place   all_wedge copies=1 x=-2.9 y=0.0 z=31450.0 rename='wedge_37'rotation='X90,Y90'
(do i=38)
place   all_wedge copies=1 x=-2.9 y=0.0 z=32300.0 rename='wedge_38'rotation='X90,Y90'
(do i=39)
place   all_wedge copies=1 x=-2.9 y=0.0 z=33150.0 rename='wedge_39'rotation='X90,Y90'
(do i=40)
place   all_wedge copies=1 x=-2.9 y=0.0 z=34000.0 rename='wedge_40'rotation='X90,Y90'
(do i=41)
place   all_wedge copies=1 x=-2.9 y=0.0 z=34850.0 rename='wedge_41'rotation='X90,Y90'
(do i=42)
place   all_wedge copies=1 x=-2.9 y=0.0 z=35700.0 rename='wedge_42'rotation='X90,Y90'
(do i=43)
place   all_wedge copies=1 x=-2.9 y=0.0 z=36550.0 rename='wedge_43'rotation='X90,Y90'
(do i=44)
place   all_wedge copies=1 x=-2.9 y=0.0 z=37400.0 rename='wedge_44'rotation='X90,Y90'
(do i=45)
place   all_wedge copies=1 x=-2.9 y=0.0 z=38250.0 rename='wedge_45'rotation='X90,Y90'
(do i=46)
place   all_wedge copies=1 x=-2.9 y=0.0 z=39100.0 rename='wedge_46'rotation='X90,Y90'
(do i=47)
place   all_wedge copies=1 x=-2.9 y=0.0 z=39950.0 rename='wedge_47'rotation='X90,Y90'
(do i=48)
place   all_wedge copies=1 x=-2.9 y=0.0 z=40800.0 rename='wedge_48'rotation='X90,Y90'
(do i=49)
place   all_wedge copies=1 x=-2.9 y=0.0 z=41650.0 rename='wedge_49'rotation='X90,Y90'
(do i=50)
place   all_wedge copies=1 x=-2.9 y=0.0 z=42500.0 rename='wedge_50'rotation='X90,Y90'
(do i=51)
place   all_wedge copies=1 x=-2.9 y=0.0 z=43350.0 rename='wedge_51'rotation='X90,Y90'
(do i=52)
place   all_wedge copies=1 x=-2.9 y=0.0 z=44200.0 rename='wedge_52'rotation='X90,Y90'
(do i=53)
place   all_wedge copies=1 x=-2.9 y=0.0 z=45050.0 rename='wedge_53'rotation='X90,Y90'
(do i=54)
place   all_wedge copies=1 x=-2.9 y=0.0 z=45900.0 rename='wedge_54'rotation='X90,Y90'
(do i=55)
place   all_wedge copies=1 x=-2.9 y=0.0 z=46750.0 rename='wedge_55'rotation='X90,Y90'
(do i=56)
place   all_wedge copies=1 x=-2.9 y=0.0 z=47600.0 rename='wedge_56'rotation='X90,Y90'
(do i=57)
place   all_wedge copies=1 x=-2.9 y=0.0 z=48450.0 rename='wedge_57'rotation='X90,Y90'
(do i=58)
place   all_wedge copies=1 x=-2.9 y=0.0 z=49300.0 rename='wedge_58'rotation='X90,Y90'
(do i=59)
place   all_wedge copies=1 x=-2.9 y=0.0 z=50150.0 rename='wedge_59'rotation='X90,Y90'
(do i=60)
place   all_wedge copies=1 x=-2.9 y=0.0 z=51000.0 rename='wedge_60'rotation='X90,Y90'
enddo
do i=0,60,1
(do i=0)
place   wedge_window copies=1 x=-2.9 y=0.0 z=-62.7 rotation='Y-120/2'
                color=1,0,1
place   wedge_window copies=1 x=-2.9 y=0.0 z=62.7 rotation='Y120/2'
                color=1,0,1
(do i=1)
place   wedge_window copies=1 x=-2.9 y=0.0 z=787.3 rotation='Y-120/2'
                color=1,0,1
place   wedge_window copies=1 x=-2.9 y=0.0 z=912.7 rotation='Y120/2'
                color=1,0,1
(do i=2)
place   wedge_window copies=1 x=-2.9 y=0.0 z=1637.3 rotation='Y-120/2'
                color=1,0,1
place   wedge_window copies=1 x=-2.9 y=0.0 z=1762.7 rotation='Y120/2'
                color=1,0,1
(do i=3)
place   wedge_window copies=1 x=-2.9 y=0.0 z=2487.3 rotation='Y-120/2'
                color=1,0,1
place   wedge_window copies=1 x=-2.9 y=0.0 z=2612.7 rotation='Y120/2'
                color=1,0,1
(do i=4)
place   wedge_window copies=1 x=-2.9 y=0.0 z=3337.3 rotation='Y-120/2'
                color=1,0,1
place   wedge_window copies=1 x=-2.9 y=0.0 z=3462.7 rotation='Y120/2'
                color=1,0,1
(do i=5)
place   wedge_window copies=1 x=-2.9 y=0.0 z=4187.3 rotation='Y-120/2'
                color=1,0,1
place   wedge_window copies=1 x=-2.9 y=0.0 z=4312.7 rotation='Y120/2'
                color=1,0,1
(do i=6)
place   wedge_window copies=1 x=-2.9 y=0.0 z=5037.3 rotation='Y-120/2'
                color=1,0,1
place   wedge_window copies=1 x=-2.9 y=0.0 z=5162.7 rotation='Y120/2'
                color=1,0,1
(do i=7)
place   wedge_window copies=1 x=-2.9 y=0.0 z=5887.3 rotation='Y-120/2'
                color=1,0,1
place   wedge_window copies=1 x=-2.9 y=0.0 z=6012.7 rotation='Y120/2'
                color=1,0,1
(do i=8)
place   wedge_window copies=1 x=-2.9 y=0.0 z=6737.3 rotation='Y-120/2'
                color=1,0,1
place   wedge_window copies=1 x=-2.9 y=0.0 z=6862.7 rotation='Y120/2'
                color=1,0,1
(do i=9)
place   wedge_window copies=1 x=-2.9 y=0.0 z=7587.3 rotation='Y-120/2'
                color=1,0,1
place   wedge_window copies=1 x=-2.9 y=0.0 z=7712.7 rotation='Y120/2'
                color=1,0,1
(do i=10)
place   wedge_window copies=1 x=-2.9 y=0.0 z=8437.3 rotation='Y-120/2'
                color=1,0,1
place   wedge_window copies=1 x=-2.9 y=0.0 z=8562.7 rotation='Y120/2'
                color=1,0,1
(do i=11)
place   wedge_window copies=1 x=-2.9 y=0.0 z=9287.3 rotation='Y-120/2'
                color=1,0,1
place   wedge_window copies=1 x=-2.9 y=0.0 z=9412.7 rotation='Y120/2'
                color=1,0,1
(do i=12)
place   wedge_window copies=1 x=-2.9 y=0.0 z=10137.3 rotation='Y-120/2'
                color=1,0,1
place   wedge_window copies=1 x=-2.9 y=0.0 z=10262.7 rotation='Y120/2'
                color=1,0,1
(do i=13)
place   wedge_window copies=1 x=-2.9 y=0.0 z=10987.3 rotation='Y-120/2'
                color=1,0,1
place   wedge_window copies=1 x=-2.9 y=0.0 z=11112.7 rotation='Y120/2'
                color=1,0,1
(do i=14)
place   wedge_window copies=1 x=-2.9 y=0.0 z=11837.3 rotation='Y-120/2'
                color=1,0,1
place   wedge_window copies=1 x=-2.9 y=0.0 z=11962.7 rotation='Y120/2'
                color=1,0,1
(do i=15)
place   wedge_window copies=1 x=-2.9 y=0.0 z=12687.3 rotation='Y-120/2'
                color=1,0,1
place   wedge_window copies=1 x=-2.9 y=0.0 z=12812.7 rotation='Y120/2'
                color=1,0,1
(do i=16)
place   wedge_window copies=1 x=-2.9 y=0.0 z=13537.3 rotation='Y-120/2'
                color=1,0,1
place   wedge_window copies=1 x=-2.9 y=0.0 z=13662.7 rotation='Y120/2'
                color=1,0,1
(do i=17)
place   wedge_window copies=1 x=-2.9 y=0.0 z=14387.3 rotation='Y-120/2'
                color=1,0,1
place   wedge_window copies=1 x=-2.9 y=0.0 z=14512.7 rotation='Y120/2'
                color=1,0,1
(do i=18)
place   wedge_window copies=1 x=-2.9 y=0.0 z=15237.3 rotation='Y-120/2'
                color=1,0,1
place   wedge_window copies=1 x=-2.9 y=0.0 z=15362.7 rotation='Y120/2'
                color=1,0,1
(do i=19)
place   wedge_window copies=1 x=-2.9 y=0.0 z=16087.3 rotation='Y-120/2'
                color=1,0,1
place   wedge_window copies=1 x=-2.9 y=0.0 z=16212.7 rotation='Y120/2'
                color=1,0,1
(do i=20)
place   wedge_window copies=1 x=-2.9 y=0.0 z=16937.3 rotation='Y-120/2'
                color=1,0,1
place   wedge_window copies=1 x=-2.9 y=0.0 z=17062.7 rotation='Y120/2'
                color=1,0,1
(do i=21)
place   wedge_window copies=1 x=-2.9 y=0.0 z=17787.3 rotation='Y-120/2'
                color=1,0,1
place   wedge_window copies=1 x=-2.9 y=0.0 z=17912.7 rotation='Y120/2'
                color=1,0,1
(do i=22)
place   wedge_window copies=1 x=-2.9 y=0.0 z=18637.3 rotation='Y-120/2'
                color=1,0,1
place   wedge_window copies=1 x=-2.9 y=0.0 z=18762.7 rotation='Y120/2'
                color=1,0,1
(do i=23)
place   wedge_window copies=1 x=-2.9 y=0.0 z=19487.3 rotation='Y-120/2'
                color=1,0,1
place   wedge_window copies=1 x=-2.9 y=0.0 z=19612.7 rotation='Y120/2'
                color=1,0,1
(do i=24)
place   wedge_window copies=1 x=-2.9 y=0.0 z=20337.3 rotation='Y-120/2'
                color=1,0,1
place   wedge_window copies=1 x=-2.9 y=0.0 z=20462.7 rotation='Y120/2'
                color=1,0,1
(do i=25)
place   wedge_window copies=1 x=-2.9 y=0.0 z=21187.3 rotation='Y-120/2'
                color=1,0,1
place   wedge_window copies=1 x=-2.9 y=0.0 z=21312.7 rotation='Y120/2'
                color=1,0,1
(do i=26)
place   wedge_window copies=1 x=-2.9 y=0.0 z=22037.3 rotation='Y-120/2'
                color=1,0,1
place   wedge_window copies=1 x=-2.9 y=0.0 z=22162.7 rotation='Y120/2'
                color=1,0,1
(do i=27)
place   wedge_window copies=1 x=-2.9 y=0.0 z=22887.3 rotation='Y-120/2'
                color=1,0,1
place   wedge_window copies=1 x=-2.9 y=0.0 z=23012.7 rotation='Y120/2'
                color=1,0,1
(do i=28)
place   wedge_window copies=1 x=-2.9 y=0.0 z=23737.3 rotation='Y-120/2'
                color=1,0,1
place   wedge_window copies=1 x=-2.9 y=0.0 z=23862.7 rotation='Y120/2'
                color=1,0,1
(do i=29)
place   wedge_window copies=1 x=-2.9 y=0.0 z=24587.3 rotation='Y-120/2'
                color=1,0,1
place   wedge_window copies=1 x=-2.9 y=0.0 z=24712.7 rotation='Y120/2'
                color=1,0,1
(do i=30)
place   wedge_window copies=1 x=-2.9 y=0.0 z=25437.3 rotation='Y-120/2'
                color=1,0,1
place   wedge_window copies=1 x=-2.9 y=0.0 z=25562.7 rotation='Y120/2'
                color=1,0,1
(do i=31)
place   wedge_window copies=1 x=-2.9 y=0.0 z=26287.3 rotation='Y-120/2'
                color=1,0,1
place   wedge_window copies=1 x=-2.9 y=0.0 z=26412.7 rotation='Y120/2'
                color=1,0,1
(do i=32)
place   wedge_window copies=1 x=-2.9 y=0.0 z=27137.3 rotation='Y-120/2'
                color=1,0,1
place   wedge_window copies=1 x=-2.9 y=0.0 z=27262.7 rotation='Y120/2'
                color=1,0,1
(do i=33)
place   wedge_window copies=1 x=-2.9 y=0.0 z=27987.3 rotation='Y-120/2'
                color=1,0,1
place   wedge_window copies=1 x=-2.9 y=0.0 z=28112.7 rotation='Y120/2'
                color=1,0,1
(do i=34)
place   wedge_window copies=1 x=-2.9 y=0.0 z=28837.3 rotation='Y-120/2'
                color=1,0,1
place   wedge_window copies=1 x=-2.9 y=0.0 z=28962.7 rotation='Y120/2'
                color=1,0,1
(do i=35)
place   wedge_window copies=1 x=-2.9 y=0.0 z=29687.3 rotation='Y-120/2'
                color=1,0,1
place   wedge_window copies=1 x=-2.9 y=0.0 z=29812.7 rotation='Y120/2'
                color=1,0,1
(do i=36)
place   wedge_window copies=1 x=-2.9 y=0.0 z=30537.3 rotation='Y-120/2'
                color=1,0,1
place   wedge_window copies=1 x=-2.9 y=0.0 z=30662.7 rotation='Y120/2'
                color=1,0,1
(do i=37)
place   wedge_window copies=1 x=-2.9 y=0.0 z=31387.3 rotation='Y-120/2'
                color=1,0,1
place   wedge_window copies=1 x=-2.9 y=0.0 z=31512.7 rotation='Y120/2'
                color=1,0,1
(do i=38)
place   wedge_window copies=1 x=-2.9 y=0.0 z=32237.3 rotation='Y-120/2'
                color=1,0,1
place   wedge_window copies=1 x=-2.9 y=0.0 z=32362.7 rotation='Y120/2'
                color=1,0,1
(do i=39)
place   wedge_window copies=1 x=-2.9 y=0.0 z=33087.3 rotation='Y-120/2'
                color=1,0,1
place   wedge_window copies=1 x=-2.9 y=0.0 z=33212.7 rotation='Y120/2'
                color=1,0,1
(do i=40)
place   wedge_window copies=1 x=-2.9 y=0.0 z=33937.3 rotation='Y-120/2'
                color=1,0,1
place   wedge_window copies=1 x=-2.9 y=0.0 z=34062.7 rotation='Y120/2'
                color=1,0,1
(do i=41)
place   wedge_window copies=1 x=-2.9 y=0.0 z=34787.3 rotation='Y-120/2'
                color=1,0,1
place   wedge_window copies=1 x=-2.9 y=0.0 z=34912.7 rotation='Y120/2'
                color=1,0,1
(do i=42)
place   wedge_window copies=1 x=-2.9 y=0.0 z=35637.3 rotation='Y-120/2'
                color=1,0,1
place   wedge_window copies=1 x=-2.9 y=0.0 z=35762.7 rotation='Y120/2'
                color=1,0,1
(do i=43)
place   wedge_window copies=1 x=-2.9 y=0.0 z=36487.3 rotation='Y-120/2'
                color=1,0,1
place   wedge_window copies=1 x=-2.9 y=0.0 z=36612.7 rotation='Y120/2'
                color=1,0,1
(do i=44)
place   wedge_window copies=1 x=-2.9 y=0.0 z=37337.3 rotation='Y-120/2'
                color=1,0,1
place   wedge_window copies=1 x=-2.9 y=0.0 z=37462.7 rotation='Y120/2'
                color=1,0,1
(do i=45)
place   wedge_window copies=1 x=-2.9 y=0.0 z=38187.3 rotation='Y-120/2'
                color=1,0,1
place   wedge_window copies=1 x=-2.9 y=0.0 z=38312.7 rotation='Y120/2'
                color=1,0,1
(do i=46)
place   wedge_window copies=1 x=-2.9 y=0.0 z=39037.3 rotation='Y-120/2'
                color=1,0,1
place   wedge_window copies=1 x=-2.9 y=0.0 z=39162.7 rotation='Y120/2'
                color=1,0,1
(do i=47)
place   wedge_window copies=1 x=-2.9 y=0.0 z=39887.3 rotation='Y-120/2'
                color=1,0,1
place   wedge_window copies=1 x=-2.9 y=0.0 z=40012.7 rotation='Y120/2'
                color=1,0,1
(do i=48)
place   wedge_window copies=1 x=-2.9 y=0.0 z=40737.3 rotation='Y-120/2'
                color=1,0,1
place   wedge_window copies=1 x=-2.9 y=0.0 z=40862.7 rotation='Y120/2'
                color=1,0,1
(do i=49)
place   wedge_window copies=1 x=-2.9 y=0.0 z=41587.3 rotation='Y-120/2'
                color=1,0,1
place   wedge_window copies=1 x=-2.9 y=0.0 z=41712.7 rotation='Y120/2'
                color=1,0,1
(do i=50)
place   wedge_window copies=1 x=-2.9 y=0.0 z=42437.3 rotation='Y-120/2'
                color=1,0,1
place   wedge_window copies=1 x=-2.9 y=0.0 z=42562.7 rotation='Y120/2'
                color=1,0,1
(do i=51)
place   wedge_window copies=1 x=-2.9 y=0.0 z=43287.3 rotation='Y-120/2'
                color=1,0,1
place   wedge_window copies=1 x=-2.9 y=0.0 z=43412.7 rotation='Y120/2'
                color=1,0,1
(do i=52)
place   wedge_window copies=1 x=-2.9 y=0.0 z=44137.3 rotation='Y-120/2'
                color=1,0,1
place   wedge_window copies=1 x=-2.9 y=0.0 z=44262.7 rotation='Y120/2'
                color=1,0,1
(do i=53)
place   wedge_window copies=1 x=-2.9 y=0.0 z=44987.3 rotation='Y-120/2'
                color=1,0,1
place   wedge_window copies=1 x=-2.9 y=0.0 z=45112.7 rotation='Y120/2'
                color=1,0,1
(do i=54)
place   wedge_window copies=1 x=-2.9 y=0.0 z=45837.3 rotation='Y-120/2'
                color=1,0,1
place   wedge_window copies=1 x=-2.9 y=0.0 z=45962.7 rotation='Y120/2'
                color=1,0,1
(do i=55)
place   wedge_window copies=1 x=-2.9 y=0.0 z=46687.3 rotation='Y-120/2'
                color=1,0,1
place   wedge_window copies=1 x=-2.9 y=0.0 z=46812.7 rotation='Y120/2'
                color=1,0,1
(do i=56)
place   wedge_window copies=1 x=-2.9 y=0.0 z=47537.3 rotation='Y-120/2'
                color=1,0,1
place   wedge_window copies=1 x=-2.9 y=0.0 z=47662.7 rotation='Y120/2'
                color=1,0,1
(do i=57)
place   wedge_window copies=1 x=-2.9 y=0.0 z=48387.3 rotation='Y-120/2'
                color=1,0,1
place   wedge_window copies=1 x=-2.9 y=0.0 z=48512.7 rotation='Y120/2'
                color=1,0,1
(do i=58)
place   wedge_window copies=1 x=-2.9 y=0.0 z=49237.3 rotation='Y-120/2'
                color=1,0,1
place   wedge_window copies=1 x=-2.9 y=0.0 z=49362.7 rotation='Y120/2'
                color=1,0,1
(do i=59)
place   wedge_window copies=1 x=-2.9 y=0.0 z=50087.3 rotation='Y-120/2'
                color=1,0,1
place   wedge_window copies=1 x=-2.9 y=0.0 z=50212.7 rotation='Y120/2'
                color=1,0,1
(do i=60)
place   wedge_window copies=1 x=-2.9 y=0.0 z=50937.3 rotation='Y-120/2'
                color=1,0,1
place   wedge_window copies=1 x=-2.9 y=0.0 z=51062.7 rotation='Y120/2'
                color=1,0,1
enddo
zntuple                    z= zloop=0:60*850:850 noSingles=0 format=for009
                           file=for009 filename=for009 require=PDGid==-13
                           referenceParticle=1 coordinates=Centerline

World size (before incrementing by 201.357 mm): 860.0 H  860.0 W  104110.0 L

PARAMETERS:
            Zcl=51125.2
          angle=1.5
        bendpos=0.1
     cavity_gas=Vacuum
    cell_length=850
   coil_length1=134.62322649233093
   coil_length2=246.57513205137496
   coil_radius1=120
   coil_radius2=250
    coil_width1=100
    coil_width2=180
      coilname1=coil1
      coilname2=coil2
       current1=141.6134846490137
       current2=113.40308930638525
     deltaChord=3.0
deltaIntersection=0.1
   deltaOneStep=0.01
         dipole=0.162
  dipole_length=100
          end_z=51860
         epsMax=0.05
         epsMin=2.5e-7
 eventTimeLimit=30
    fieldVoxels=200,200,200
         filein=beam_stage4_noerr_upt.txt
       filename=for009
          first=1
  fringe_length=240
half_wedge_length=125
      histoFile=g4beamline
    histoUpdate=0
              i=60
           last=2000
        maxStep=100.0
        minStep=0.01
         ncells=60
             pi=3.1415926
  pipe_diameter=120
    pipe_length=224.88
    pipe_radius=60
           pres=35
   ref_momentum=203
         rf_fre=0.704
        rf_grad=27.037847343886234
      rf_length=100
          rf_ph=26.44610506485106
rf_window_length=0.03
        solpos1=0.13495361454679736
        solpos2=0.3167097423106357
 steppingFormat=N GLOBAL CL KE STEP VOL PROCESS
steppingVerbose=0
         viewer=best,1
 wallClockLimit=-1
      wallthick=0.03
     wedge_apex=120
wedge_window_length=0.09
  worldMaterial=Vacuum
         x_last=-6.02
          x_off=-2.9459875
         y_last=-6.83
          y_off=-3.6150189
     zTolerance=2.0
Checking overlaps for volume sol1:0 (G4Tubs) ... OK! 
BLCMDsolenoid::Construct sol1 parent= relZ=-1585.3 globZ=-1585.3
	global pos=0.0,0.0,-1585.3  Checking overlaps for volume sol3:0 (G4Tubs) ... OK! 
BLCMDsolenoid::Construct sol3 parent= relZ=-1430.8 globZ=-1430.8
	global pos=0.0,0.0,-1430.8  Checking overlaps for volume sol4:0 (G4Tubs) ... OK! 
BLCMDsolenoid::Construct sol4 parent= relZ=-1119.2 globZ=-1119.2
	global pos=0.0,0.0,-1119.2  Checking overlaps for volume sol2:0 (G4Tubs) ... OK! 
BLCMDsolenoid::Construct sol2 parent= relZ=-964.7 globZ=-964.7
	global pos=0.0,0.0,-964.7  Checking overlaps for volume sol1:0 (G4Tubs) ... OK! 
BLCMDsolenoid::Construct sol1 parent= relZ=-735.3 globZ=-735.3
	global pos=0.0,0.0,-735.3  Checking overlaps for volume sol3:0 (G4Tubs) ... OK! 
BLCMDsolenoid::Construct sol3 parent= relZ=-580.8 globZ=-580.8
	global pos=0.0,0.0,-580.8  Checking overlaps for volume sol4:0 (G4Tubs) ... OK! 
BLCMDsolenoid::Construct sol4 parent= relZ=-269.2 globZ=-269.2
	global pos=0.0,0.0,-269.2  Checking overlaps for volume sol2:0 (G4Tubs) ... OK! 
BLCMDsolenoid::Construct sol2 parent= relZ=-114.7 globZ=-114.7
	global pos=0.0,0.0,-114.7  Checking overlaps for volume sol1:0 (G4Tubs) ... OK! 
BLCMDsolenoid::Construct sol1 parent= relZ=114.7 globZ=114.7
	global pos=0.0,0.0,114.7  Checking overlaps for volume sol3:0 (G4Tubs) ... OK! 
BLCMDsolenoid::Construct sol3 parent= relZ=269.2 globZ=269.2
	global pos=0.0,0.0,269.2  Checking overlaps for volume sol4:0 (G4Tubs) ... OK! 
BLCMDsolenoid::Construct sol4 parent= relZ=580.8 globZ=580.8
	global pos=0.0,0.0,580.8  Checking overlaps for volume sol2:0 (G4Tubs) ... OK! 
BLCMDsolenoid::Construct sol2 parent= relZ=735.3 globZ=735.3
	global pos=0.0,0.0,735.3  Checking overlaps for volume sol1:0 (G4Tubs) ... OK! 
BLCMDsolenoid::Construct sol1 parent= relZ=964.7 globZ=964.7
	global pos=0.0,0.0,964.7  Checking overlaps for volume sol3:0 (G4Tubs) ... OK! 
BLCMDsolenoid::Construct sol3 parent= relZ=1119.2 globZ=1119.2
	global pos=0.0,0.0,1119.2  Checking overlaps for volume sol4:0 (G4Tubs) ... OK! 
BLCMDsolenoid::Construct sol4 parent= relZ=1430.8 globZ=1430.8
	global pos=0.0,0.0,1430.8  Checking overlaps for volume sol2:0 (G4Tubs) ... OK! 
BLCMDsolenoid::Construct sol2 parent= relZ=1585.3 globZ=1585.3
	global pos=0.0,0.0,1585.3  Checking overlaps for volume sol1:0 (G4Tubs) ... OK! 
BLCMDsolenoid::Construct sol1 parent= relZ=1814.7 globZ=1814.7
	global pos=0.0,0.0,1814.7  Checking overlaps for volume sol3:0 (G4Tubs) ... OK! 
BLCMDsolenoid::Construct sol3 parent= relZ=1969.2 globZ=1969.2
	global pos=0.0,0.0,1969.2  Checking overlaps for volume sol4:0 (G4Tubs) ... OK! 
BLCMDsolenoid::Construct sol4 parent= relZ=2280.8 globZ=2280.8
	global pos=0.0,0.0,2280.8  Checking overlaps for volume sol2:0 (G4Tubs) ... OK! 
BLCMDsolenoid::Construct sol2 parent= relZ=2435.3 globZ=2435.3
	global pos=0.0,0.0,2435.3  Checking overlaps for volume sol1:0 (G4Tubs) ... OK! 
BLCMDsolenoid::Construct sol1 parent= relZ=2664.7 globZ=2664.7
	global pos=0.0,0.0,2664.7  Checking overlaps for volume sol3:0 (G4Tubs) ... OK! 
BLCMDsolenoid::Construct sol3 parent= relZ=2819.2 globZ=2819.2
	global pos=0.0,0.0,2819.2  Checking overlaps for volume sol4:0 (G4Tubs) ... OK! 
BLCMDsolenoid::Construct sol4 parent= relZ=3130.8 globZ=3130.8
	global pos=0.0,0.0,3130.8  Checking overlaps for volume sol2:0 (G4Tubs) ... OK! 
BLCMDsolenoid::Construct sol2 parent= relZ=3285.3 globZ=3285.3
	global pos=0.0,0.0,3285.3  Checking overlaps for volume sol1:0 (G4Tubs) ... OK! 
BLCMDsolenoid::Construct sol1 parent= relZ=3514.7 globZ=3514.7
	global pos=0.0,0.0,3514.7  Checking overlaps for volume sol3:0 (G4Tubs) ... OK! 
BLCMDsolenoid::Construct sol3 parent= relZ=3669.2 globZ=3669.2
	global pos=0.0,0.0,3669.2  Checking overlaps for volume sol4:0 (G4Tubs) ... OK! 
BLCMDsolenoid::Construct sol4 parent= relZ=3980.8 globZ=3980.8
	global pos=0.0,0.0,3980.8  Checking overlaps for volume sol2:0 (G4Tubs) ... OK! 
BLCMDsolenoid::Construct sol2 parent= relZ=4135.3 globZ=4135.3
	global pos=0.0,0.0,4135.3  Checking overlaps for volume sol1:0 (G4Tubs) ... OK! 
BLCMDsolenoid::Construct sol1 parent= relZ=4364.7 globZ=4364.7
	global pos=0.0,0.0,4364.7  Checking overlaps for volume sol3:0 (G4Tubs) ... OK! 
BLCMDsolenoid::Construct sol3 parent= relZ=4519.2 globZ=4519.2
	global pos=0.0,0.0,4519.2  Checking overlaps for volume sol4:0 (G4Tubs) ... OK! 
BLCMDsolenoid::Construct sol4 parent= relZ=4830.8 globZ=4830.8
	global pos=0.0,0.0,4830.8  Checking overlaps for volume sol2:0 (G4Tubs) ... OK! 
BLCMDsolenoid::Construct sol2 parent= relZ=4985.3 globZ=4985.3
	global pos=0.0,0.0,4985.3  Checking overlaps for volume sol1:0 (G4Tubs) ... OK! 
BLCMDsolenoid::Construct sol1 parent= relZ=5214.7 globZ=5214.7
	global pos=0.0,0.0,5214.7  Checking overlaps for volume sol3:0 (G4Tubs) ... OK! 
BLCMDsolenoid::Construct sol3 parent= relZ=5369.2 globZ=5369.2
	global pos=0.0,0.0,5369.2  Checking overlaps for volume sol4:0 (G4Tubs) ... OK! 
BLCMDsolenoid::Construct sol4 parent= relZ=5680.8 globZ=5680.8
	global pos=0.0,0.0,5680.8  Checking overlaps for volume sol2:0 (G4Tubs) ... OK! 
BLCMDsolenoid::Construct sol2 parent= relZ=5835.3 globZ=5835.3
	global pos=0.0,0.0,5835.3  Checking overlaps for volume sol1:0 (G4Tubs) ... OK! 
BLCMDsolenoid::Construct sol1 parent= relZ=6064.7 globZ=6064.7
	global pos=0.0,0.0,6064.7  Checking overlaps for volume sol3:0 (G4Tubs) ... OK! 
BLCMDsolenoid::Construct sol3 parent= relZ=6219.2 globZ=6219.2
	global pos=0.0,0.0,6219.2  Checking overlaps for volume sol4:0 (G4Tubs) ... OK! 
BLCMDsolenoid::Construct sol4 parent= relZ=6530.8 globZ=6530.8
	global pos=0.0,0.0,6530.8  Checking overlaps for volume sol2:0 (G4Tubs) ... OK! 
BLCMDsolenoid::Construct sol2 parent= relZ=6685.3 globZ=6685.3
	global pos=0.0,0.0,6685.3  Checking overlaps for volume sol1:0 (G4Tubs) ... OK! 
BLCMDsolenoid::Construct sol1 parent= relZ=6914.7 globZ=6914.7
	global pos=0.0,0.0,6914.7  Checking overlaps for volume sol3:0 (G4Tubs) ... OK! 
BLCMDsolenoid::Construct sol3 parent= relZ=7069.2 globZ=7069.2
	global pos=0.0,0.0,7069.2  Checking overlaps for volume sol4:0 (G4Tubs) ... OK! 
BLCMDsolenoid::Construct sol4 parent= relZ=7380.8 globZ=7380.8
	global pos=0.0,0.0,7380.8  Checking overlaps for volume sol2:0 (G4Tubs) ... OK! 
BLCMDsolenoid::Construct sol2 parent= relZ=7535.3 globZ=7535.3
	global pos=0.0,0.0,7535.3  Checking overlaps for volume sol1:0 (G4Tubs) ... OK! 
BLCMDsolenoid::Construct sol1 parent= relZ=7764.7 globZ=7764.7
	global pos=0.0,0.0,7764.7  Checking overlaps for volume sol3:0 (G4Tubs) ... OK! 
BLCMDsolenoid::Construct sol3 parent= relZ=7919.2 globZ=7919.2
	global pos=0.0,0.0,7919.2  Checking overlaps for volume sol4:0 (G4Tubs) ... OK! 
BLCMDsolenoid::Construct sol4 parent= relZ=8230.8 globZ=8230.8
	global pos=0.0,0.0,8230.8  Checking overlaps for volume sol2:0 (G4Tubs) ... OK! 
BLCMDsolenoid::Construct sol2 parent= relZ=8385.3 globZ=8385.3
	global pos=0.0,0.0,8385.3  Checking overlaps for volume sol1:0 (G4Tubs) ... OK! 
BLCMDsolenoid::Construct sol1 parent= relZ=8614.7 globZ=8614.7
	global pos=0.0,0.0,8614.7  Checking overlaps for volume sol3:0 (G4Tubs) ... OK! 
BLCMDsolenoid::Construct sol3 parent= relZ=8769.2 globZ=8769.2
	global pos=0.0,0.0,8769.2  Checking overlaps for volume sol4:0 (G4Tubs) ... OK! 
BLCMDsolenoid::Construct sol4 parent= relZ=9080.8 globZ=9080.8
	global pos=0.0,0.0,9080.8  Checking overlaps for volume sol2:0 (G4Tubs) ... OK! 
BLCMDsolenoid::Construct sol2 parent= relZ=9235.3 globZ=9235.3
	global pos=0.0,0.0,9235.3  Checking overlaps for volume sol1:0 (G4Tubs) ... OK! 
BLCMDsolenoid::Construct sol1 parent= relZ=9464.7 globZ=9464.7
	global pos=0.0,0.0,9464.7  Checking overlaps for volume sol3:0 (G4Tubs) ... OK! 
BLCMDsolenoid::Construct sol3 parent= relZ=9619.2 globZ=9619.2
	global pos=0.0,0.0,9619.2  Checking overlaps for volume sol4:0 (G4Tubs) ... OK! 
BLCMDsolenoid::Construct sol4 parent= relZ=9930.8 globZ=9930.8
	global pos=0.0,0.0,9930.8  Checking overlaps for volume sol2:0 (G4Tubs) ... OK! 
BLCMDsolenoid::Construct sol2 parent= relZ=10085.3 globZ=10085.3
	global pos=0.0,0.0,10085.3  Checking overlaps for volume sol1:0 (G4Tubs) ... OK! 
BLCMDsolenoid::Construct sol1 parent= relZ=10314.7 globZ=10314.7
	global pos=0.0,0.0,10314.7  Checking overlaps for volume sol3:0 (G4Tubs) ... OK! 
BLCMDsolenoid::Construct sol3 parent= relZ=10469.2 globZ=10469.2
	global pos=0.0,0.0,10469.2  Checking overlaps for volume sol4:0 (G4Tubs) ... OK! 
BLCMDsolenoid::Construct sol4 parent= relZ=10780.8 globZ=10780.8
	global pos=0.0,0.0,10780.8  Checking overlaps for volume sol2:0 (G4Tubs) ... OK! 
BLCMDsolenoid::Construct sol2 parent= relZ=10935.3 globZ=10935.3
	global pos=0.0,0.0,10935.3  Checking overlaps for volume sol1:0 (G4Tubs) ... OK! 
BLCMDsolenoid::Construct sol1 parent= relZ=11164.7 globZ=11164.7
	global pos=0.0,0.0,11164.7  Checking overlaps for volume sol3:0 (G4Tubs) ... OK! 
BLCMDsolenoid::Construct sol3 parent= relZ=11319.2 globZ=11319.2
	global pos=0.0,0.0,11319.2  Checking overlaps for volume sol4:0 (G4Tubs) ... OK! 
BLCMDsolenoid::Construct sol4 parent= relZ=11630.8 globZ=11630.8
	global pos=0.0,0.0,11630.8  Checking overlaps for volume sol2:0 (G4Tubs) ... OK! 
BLCMDsolenoid::Construct sol2 parent= relZ=11785.3 globZ=11785.3
	global pos=0.0,0.0,11785.3  Checking overlaps for volume sol1:0 (G4Tubs) ... OK! 
BLCMDsolenoid::Construct sol1 parent= relZ=12014.7 globZ=12014.7
	global pos=0.0,0.0,12014.7  Checking overlaps for volume sol3:0 (G4Tubs) ... OK! 
BLCMDsolenoid::Construct sol3 parent= relZ=12169.2 globZ=12169.2
	global pos=0.0,0.0,12169.2  Checking overlaps for volume sol4:0 (G4Tubs) ... OK! 
BLCMDsolenoid::Construct sol4 parent= relZ=12480.8 globZ=12480.8
	global pos=0.0,0.0,12480.8  Checking overlaps for volume sol2:0 (G4Tubs) ... OK! 
BLCMDsolenoid::Construct sol2 parent= relZ=12635.3 globZ=12635.3
	global pos=0.0,0.0,12635.3  Checking overlaps for volume sol1:0 (G4Tubs) ... OK! 
BLCMDsolenoid::Construct sol1 parent= relZ=12864.7 globZ=12864.7
	global pos=0.0,0.0,12864.7  Checking overlaps for volume sol3:0 (G4Tubs) ... OK! 
BLCMDsolenoid::Construct sol3 parent= relZ=13019.2 globZ=13019.2
	global pos=0.0,0.0,13019.2  Checking overlaps for volume sol4:0 (G4Tubs) ... OK! 
BLCMDsolenoid::Construct sol4 parent= relZ=13330.8 globZ=13330.8
	global pos=0.0,0.0,13330.8  Checking overlaps for volume sol2:0 (G4Tubs) ... OK! 
BLCMDsolenoid::Construct sol2 parent= relZ=13485.3 globZ=13485.3
	global pos=0.0,0.0,13485.3  Checking overlaps for volume sol1:0 (G4Tubs) ... OK! 
BLCMDsolenoid::Construct sol1 parent= relZ=13714.7 globZ=13714.7
	global pos=0.0,0.0,13714.7  Checking overlaps for volume sol3:0 (G4Tubs) ... OK! 
BLCMDsolenoid::Construct sol3 parent= relZ=13869.2 globZ=13869.2
	global pos=0.0,0.0,13869.2  Checking overlaps for volume sol4:0 (G4Tubs) ... OK! 
BLCMDsolenoid::Construct sol4 parent= relZ=14180.8 globZ=14180.8
	global pos=0.0,0.0,14180.8  Checking overlaps for volume sol2:0 (G4Tubs) ... OK! 
BLCMDsolenoid::Construct sol2 parent= relZ=14335.3 globZ=14335.3
	global pos=0.0,0.0,14335.3  Checking overlaps for volume sol1:0 (G4Tubs) ... OK! 
BLCMDsolenoid::Construct sol1 parent= relZ=14564.7 globZ=14564.7
	global pos=0.0,0.0,14564.7  Checking overlaps for volume sol3:0 (G4Tubs) ... OK! 
BLCMDsolenoid::Construct sol3 parent= relZ=14719.2 globZ=14719.2
	global pos=0.0,0.0,14719.2  Checking overlaps for volume sol4:0 (G4Tubs) ... OK! 
BLCMDsolenoid::Construct sol4 parent= relZ=15030.8 globZ=15030.8
	global pos=0.0,0.0,15030.8  Checking overlaps for volume sol2:0 (G4Tubs) ... OK! 
BLCMDsolenoid::Construct sol2 parent= relZ=15185.3 globZ=15185.3
	global pos=0.0,0.0,15185.3  Checking overlaps for volume sol1:0 (G4Tubs) ... OK! 
BLCMDsolenoid::Construct sol1 parent= relZ=15414.7 globZ=15414.7
	global pos=0.0,0.0,15414.7  Checking overlaps for volume sol3:0 (G4Tubs) ... OK! 
BLCMDsolenoid::Construct sol3 parent= relZ=15569.2 globZ=15569.2
	global pos=0.0,0.0,15569.2  Checking overlaps for volume sol4:0 (G4Tubs) ... OK! 
BLCMDsolenoid::Construct sol4 parent= relZ=15880.8 globZ=15880.8
	global pos=0.0,0.0,15880.8  Checking overlaps for volume sol2:0 (G4Tubs) ... OK! 
BLCMDsolenoid::Construct sol2 parent= relZ=16035.3 globZ=16035.3
	global pos=0.0,0.0,16035.3  Checking overlaps for volume sol1:0 (G4Tubs) ... OK! 
BLCMDsolenoid::Construct sol1 parent= relZ=16264.7 globZ=16264.7
	global pos=0.0,0.0,16264.7  Checking overlaps for volume sol3:0 (G4Tubs) ... OK! 
BLCMDsolenoid::Construct sol3 parent= relZ=16419.2 globZ=16419.2
	global pos=0.0,0.0,16419.2  Checking overlaps for volume sol4:0 (G4Tubs) ... OK! 
BLCMDsolenoid::Construct sol4 parent= relZ=16730.8 globZ=16730.8
	global pos=0.0,0.0,16730.8  Checking overlaps for volume sol2:0 (G4Tubs) ... OK! 
BLCMDsolenoid::Construct sol2 parent= relZ=16885.3 globZ=16885.3
	global pos=0.0,0.0,16885.3  Checking overlaps for volume sol1:0 (G4Tubs) ... OK! 
BLCMDsolenoid::Construct sol1 parent= relZ=17114.7 globZ=17114.7
	global pos=0.0,0.0,17114.7  Checking overlaps for volume sol3:0 (G4Tubs) ... OK! 
BLCMDsolenoid::Construct sol3 parent= relZ=17269.2 globZ=17269.2
	global pos=0.0,0.0,17269.2  Checking overlaps for volume sol4:0 (G4Tubs) ... OK! 
BLCMDsolenoid::Construct sol4 parent= relZ=17580.8 globZ=17580.8
	global pos=0.0,0.0,17580.8  Checking overlaps for volume sol2:0 (G4Tubs) ... OK! 
BLCMDsolenoid::Construct sol2 parent= relZ=17735.3 globZ=17735.3
	global pos=0.0,0.0,17735.3  Checking overlaps for volume sol1:0 (G4Tubs) ... OK! 
BLCMDsolenoid::Construct sol1 parent= relZ=17964.7 globZ=17964.7
	global pos=0.0,0.0,17964.7  Checking overlaps for volume sol3:0 (G4Tubs) ... OK! 
BLCMDsolenoid::Construct sol3 parent= relZ=18119.2 globZ=18119.2
	global pos=0.0,0.0,18119.2  Checking overlaps for volume sol4:0 (G4Tubs) ... OK! 
BLCMDsolenoid::Construct sol4 parent= relZ=18430.8 globZ=18430.8
	global pos=0.0,0.0,18430.8  Checking overlaps for volume sol2:0 (G4Tubs) ... OK! 
BLCMDsolenoid::Construct sol2 parent= relZ=18585.3 globZ=18585.3
	global pos=0.0,0.0,18585.3  Checking overlaps for volume sol1:0 (G4Tubs) ... OK! 
BLCMDsolenoid::Construct sol1 parent= relZ=18814.7 globZ=18814.7
	global pos=0.0,0.0,18814.7  Checking overlaps for volume sol3:0 (G4Tubs) ... OK! 
BLCMDsolenoid::Construct sol3 parent= relZ=18969.2 globZ=18969.2
	global pos=0.0,0.0,18969.2  Checking overlaps for volume sol4:0 (G4Tubs) ... OK! 
BLCMDsolenoid::Construct sol4 parent= relZ=19280.8 globZ=19280.8
	global pos=0.0,0.0,19280.8  Checking overlaps for volume sol2:0 (G4Tubs) ... OK! 
BLCMDsolenoid::Construct sol2 parent= relZ=19435.3 globZ=19435.3
	global pos=0.0,0.0,19435.3  Checking overlaps for volume sol1:0 (G4Tubs) ... OK! 
BLCMDsolenoid::Construct sol1 parent= relZ=19664.7 globZ=19664.7
	global pos=0.0,0.0,19664.7  Checking overlaps for volume sol3:0 (G4Tubs) ... OK! 
BLCMDsolenoid::Construct sol3 parent= relZ=19819.2 globZ=19819.2
	global pos=0.0,0.0,19819.2  Checking overlaps for volume sol4:0 (G4Tubs) ... OK! 
BLCMDsolenoid::Construct sol4 parent= relZ=20130.8 globZ=20130.8
	global pos=0.0,0.0,20130.8  Checking overlaps for volume sol2:0 (G4Tubs) ... OK! 
BLCMDsolenoid::Construct sol2 parent= relZ=20285.3 globZ=20285.3
	global pos=0.0,0.0,20285.3  Checking overlaps for volume sol1:0 (G4Tubs) ... OK! 
BLCMDsolenoid::Construct sol1 parent= relZ=20514.7 globZ=20514.7
	global pos=0.0,0.0,20514.7  Checking overlaps for volume sol3:0 (G4Tubs) ... OK! 
BLCMDsolenoid::Construct sol3 parent= relZ=20669.2 globZ=20669.2
	global pos=0.0,0.0,20669.2  Checking overlaps for volume sol4:0 (G4Tubs) ... OK! 
BLCMDsolenoid::Construct sol4 parent= relZ=20980.8 globZ=20980.8
	global pos=0.0,0.0,20980.8  Checking overlaps for volume sol2:0 (G4Tubs) ... OK! 
BLCMDsolenoid::Construct sol2 parent= relZ=21135.3 globZ=21135.3
	global pos=0.0,0.0,21135.3  Checking overlaps for volume sol1:0 (G4Tubs) ... OK! 
BLCMDsolenoid::Construct sol1 parent= relZ=21364.7 globZ=21364.7
	global pos=0.0,0.0,21364.7  Checking overlaps for volume sol3:0 (G4Tubs) ... OK! 
BLCMDsolenoid::Construct sol3 parent= relZ=21519.2 globZ=21519.2
	global pos=0.0,0.0,21519.2  Checking overlaps for volume sol4:0 (G4Tubs) ... OK! 
BLCMDsolenoid::Construct sol4 parent= relZ=21830.8 globZ=21830.8
	global pos=0.0,0.0,21830.8  Checking overlaps for volume sol2:0 (G4Tubs) ... OK! 
BLCMDsolenoid::Construct sol2 parent= relZ=21985.3 globZ=21985.3
	global pos=0.0,0.0,21985.3  Checking overlaps for volume sol1:0 (G4Tubs) ... OK! 
BLCMDsolenoid::Construct sol1 parent= relZ=22214.7 globZ=22214.7
	global pos=0.0,0.0,22214.7  Checking overlaps for volume sol3:0 (G4Tubs) ... OK! 
BLCMDsolenoid::Construct sol3 parent= relZ=22369.2 globZ=22369.2
	global pos=0.0,0.0,22369.2  Checking overlaps for volume sol4:0 (G4Tubs) ... OK! 
BLCMDsolenoid::Construct sol4 parent= relZ=22680.8 globZ=22680.8
	global pos=0.0,0.0,22680.8  Checking overlaps for volume sol2:0 (G4Tubs) ... OK! 
BLCMDsolenoid::Construct sol2 parent= relZ=22835.3 globZ=22835.3
	global pos=0.0,0.0,22835.3  Checking overlaps for volume sol1:0 (G4Tubs) ... OK! 
BLCMDsolenoid::Construct sol1 parent= relZ=23064.7 globZ=23064.7
	global pos=0.0,0.0,23064.7  Checking overlaps for volume sol3:0 (G4Tubs) ... OK! 
BLCMDsolenoid::Construct sol3 parent= relZ=23219.2 globZ=23219.2
	global pos=0.0,0.0,23219.2  Checking overlaps for volume sol4:0 (G4Tubs) ... OK! 
BLCMDsolenoid::Construct sol4 parent= relZ=23530.8 globZ=23530.8
	global pos=0.0,0.0,23530.8  Checking overlaps for volume sol2:0 (G4Tubs) ... OK! 
BLCMDsolenoid::Construct sol2 parent= relZ=23685.3 globZ=23685.3
	global pos=0.0,0.0,23685.3  Checking overlaps for volume sol1:0 (G4Tubs) ... OK! 
BLCMDsolenoid::Construct sol1 parent= relZ=23914.7 globZ=23914.7
	global pos=0.0,0.0,23914.7  Checking overlaps for volume sol3:0 (G4Tubs) ... OK! 
BLCMDsolenoid::Construct sol3 parent= relZ=24069.2 globZ=24069.2
	global pos=0.0,0.0,24069.2  Checking overlaps for volume sol4:0 (G4Tubs) ... OK! 
BLCMDsolenoid::Construct sol4 parent= relZ=24380.8 globZ=24380.8
	global pos=0.0,0.0,24380.8  Checking overlaps for volume sol2:0 (G4Tubs) ... OK! 
BLCMDsolenoid::Construct sol2 parent= relZ=24535.3 globZ=24535.3
	global pos=0.0,0.0,24535.3  Checking overlaps for volume sol1:0 (G4Tubs) ... OK! 
BLCMDsolenoid::Construct sol1 parent= relZ=24764.7 globZ=24764.7
	global pos=0.0,0.0,24764.7  Checking overlaps for volume sol3:0 (G4Tubs) ... OK! 
BLCMDsolenoid::Construct sol3 parent= relZ=24919.2 globZ=24919.2
	global pos=0.0,0.0,24919.2  Checking overlaps for volume sol4:0 (G4Tubs) ... OK! 
BLCMDsolenoid::Construct sol4 parent= relZ=25230.8 globZ=25230.8
	global pos=0.0,0.0,25230.8  Checking overlaps for volume sol2:0 (G4Tubs) ... OK! 
BLCMDsolenoid::Construct sol2 parent= relZ=25385.3 globZ=25385.3
	global pos=0.0,0.0,25385.3  Checking overlaps for volume sol1:0 (G4Tubs) ... OK! 
BLCMDsolenoid::Construct sol1 parent= relZ=25614.7 globZ=25614.7
	global pos=0.0,0.0,25614.7  Checking overlaps for volume sol3:0 (G4Tubs) ... OK! 
BLCMDsolenoid::Construct sol3 parent= relZ=25769.2 globZ=25769.2
	global pos=0.0,0.0,25769.2  Checking overlaps for volume sol4:0 (G4Tubs) ... OK! 
BLCMDsolenoid::Construct sol4 parent= relZ=26080.8 globZ=26080.8
	global pos=0.0,0.0,26080.8  Checking overlaps for volume sol2:0 (G4Tubs) ... OK! 
BLCMDsolenoid::Construct sol2 parent= relZ=26235.3 globZ=26235.3
	global pos=0.0,0.0,26235.3  Checking overlaps for volume sol1:0 (G4Tubs) ... OK! 
BLCMDsolenoid::Construct sol1 parent= relZ=26464.7 globZ=26464.7
	global pos=0.0,0.0,26464.7  Checking overlaps for volume sol3:0 (G4Tubs) ... OK! 
BLCMDsolenoid::Construct sol3 parent= relZ=26619.2 globZ=26619.2
	global pos=0.0,0.0,26619.2  Checking overlaps for volume sol4:0 (G4Tubs) ... OK! 
BLCMDsolenoid::Construct sol4 parent= relZ=26930.8 globZ=26930.8
	global pos=0.0,0.0,26930.8  Checking overlaps for volume sol2:0 (G4Tubs) ... OK! 
BLCMDsolenoid::Construct sol2 parent= relZ=27085.3 globZ=27085.3
	global pos=0.0,0.0,27085.3  Checking overlaps for volume sol1:0 (G4Tubs) ... OK! 
BLCMDsolenoid::Construct sol1 parent= relZ=27314.7 globZ=27314.7
	global pos=0.0,0.0,27314.7  Checking overlaps for volume sol3:0 (G4Tubs) ... OK! 
BLCMDsolenoid::Construct sol3 parent= relZ=27469.2 globZ=27469.2
	global pos=0.0,0.0,27469.2  Checking overlaps for volume sol4:0 (G4Tubs) ... OK! 
BLCMDsolenoid::Construct sol4 parent= relZ=27780.8 globZ=27780.8
	global pos=0.0,0.0,27780.8  Checking overlaps for volume sol2:0 (G4Tubs) ... OK! 
BLCMDsolenoid::Construct sol2 parent= relZ=27935.3 globZ=27935.3
	global pos=0.0,0.0,27935.3  Checking overlaps for volume sol1:0 (G4Tubs) ... OK! 
BLCMDsolenoid::Construct sol1 parent= relZ=28164.7 globZ=28164.7
	global pos=0.0,0.0,28164.7  Checking overlaps for volume sol3:0 (G4Tubs) ... OK! 
BLCMDsolenoid::Construct sol3 parent= relZ=28319.2 globZ=28319.2
	global pos=0.0,0.0,28319.2  Checking overlaps for volume sol4:0 (G4Tubs) ... OK! 
BLCMDsolenoid::Construct sol4 parent= relZ=28630.8 globZ=28630.8
	global pos=0.0,0.0,28630.8  Checking overlaps for volume sol2:0 (G4Tubs) ... OK! 
BLCMDsolenoid::Construct sol2 parent= relZ=28785.3 globZ=28785.3
	global pos=0.0,0.0,28785.3  Checking overlaps for volume sol1:0 (G4Tubs) ... OK! 
BLCMDsolenoid::Construct sol1 parent= relZ=29014.7 globZ=29014.7
	global pos=0.0,0.0,29014.7  Checking overlaps for volume sol3:0 (G4Tubs) ... OK! 
BLCMDsolenoid::Construct sol3 parent= relZ=29169.2 globZ=29169.2
	global pos=0.0,0.0,29169.2  Checking overlaps for volume sol4:0 (G4Tubs) ... OK! 
BLCMDsolenoid::Construct sol4 parent= relZ=29480.8 globZ=29480.8
	global pos=0.0,0.0,29480.8  Checking overlaps for volume sol2:0 (G4Tubs) ... OK! 
BLCMDsolenoid::Construct sol2 parent= relZ=29635.3 globZ=29635.3
	global pos=0.0,0.0,29635.3  Checking overlaps for volume sol1:0 (G4Tubs) ... OK! 
BLCMDsolenoid::Construct sol1 parent= relZ=29864.7 globZ=29864.7
	global pos=0.0,0.0,29864.7  Checking overlaps for volume sol3:0 (G4Tubs) ... OK! 
BLCMDsolenoid::Construct sol3 parent= relZ=30019.2 globZ=30019.2
	global pos=0.0,0.0,30019.2  Checking overlaps for volume sol4:0 (G4Tubs) ... OK! 
BLCMDsolenoid::Construct sol4 parent= relZ=30330.8 globZ=30330.8
	global pos=0.0,0.0,30330.8  Checking overlaps for volume sol2:0 (G4Tubs) ... OK! 
BLCMDsolenoid::Construct sol2 parent= relZ=30485.3 globZ=30485.3
	global pos=0.0,0.0,30485.3  Checking overlaps for volume sol1:0 (G4Tubs) ... OK! 
BLCMDsolenoid::Construct sol1 parent= relZ=30714.7 globZ=30714.7
	global pos=0.0,0.0,30714.7  Checking overlaps for volume sol3:0 (G4Tubs) ... OK! 
BLCMDsolenoid::Construct sol3 parent= relZ=30869.2 globZ=30869.2
	global pos=0.0,0.0,30869.2  Checking overlaps for volume sol4:0 (G4Tubs) ... OK! 
BLCMDsolenoid::Construct sol4 parent= relZ=31180.8 globZ=31180.8
	global pos=0.0,0.0,31180.8  Checking overlaps for volume sol2:0 (G4Tubs) ... OK! 
BLCMDsolenoid::Construct sol2 parent= relZ=31335.3 globZ=31335.3
	global pos=0.0,0.0,31335.3  Checking overlaps for volume sol1:0 (G4Tubs) ... OK! 
BLCMDsolenoid::Construct sol1 parent= relZ=31564.7 globZ=31564.7
	global pos=0.0,0.0,31564.7  Checking overlaps for volume sol3:0 (G4Tubs) ... OK! 
BLCMDsolenoid::Construct sol3 parent= relZ=31719.2 globZ=31719.2
	global pos=0.0,0.0,31719.2  Checking overlaps for volume sol4:0 (G4Tubs) ... OK! 
BLCMDsolenoid::Construct sol4 parent= relZ=32030.8 globZ=32030.8
	global pos=0.0,0.0,32030.8  Checking overlaps for volume sol2:0 (G4Tubs) ... OK! 
BLCMDsolenoid::Construct sol2 parent= relZ=32185.3 globZ=32185.3
	global pos=0.0,0.0,32185.3  Checking overlaps for volume sol1:0 (G4Tubs) ... OK! 
BLCMDsolenoid::Construct sol1 parent= relZ=32414.7 globZ=32414.7
	global pos=0.0,0.0,32414.7  Checking overlaps for volume sol3:0 (G4Tubs) ... OK! 
BLCMDsolenoid::Construct sol3 parent= relZ=32569.2 globZ=32569.2
	global pos=0.0,0.0,32569.2  Checking overlaps for volume sol4:0 (G4Tubs) ... OK! 
BLCMDsolenoid::Construct sol4 parent= relZ=32880.8 globZ=32880.8
	global pos=0.0,0.0,32880.8  Checking overlaps for volume sol2:0 (G4Tubs) ... OK! 
BLCMDsolenoid::Construct sol2 parent= relZ=33035.3 globZ=33035.3
	global pos=0.0,0.0,33035.3  Checking overlaps for volume sol1:0 (G4Tubs) ... OK! 
BLCMDsolenoid::Construct sol1 parent= relZ=33264.7 globZ=33264.7
	global pos=0.0,0.0,33264.7  Checking overlaps for volume sol3:0 (G4Tubs) ... OK! 
BLCMDsolenoid::Construct sol3 parent= relZ=33419.2 globZ=33419.2
	global pos=0.0,0.0,33419.2  Checking overlaps for volume sol4:0 (G4Tubs) ... OK! 
BLCMDsolenoid::Construct sol4 parent= relZ=33730.8 globZ=33730.8
	global pos=0.0,0.0,33730.8  Checking overlaps for volume sol2:0 (G4Tubs) ... OK! 
BLCMDsolenoid::Construct sol2 parent= relZ=33885.3 globZ=33885.3
	global pos=0.0,0.0,33885.3  Checking overlaps for volume sol1:0 (G4Tubs) ... OK! 
BLCMDsolenoid::Construct sol1 parent= relZ=34114.7 globZ=34114.7
	global pos=0.0,0.0,34114.7  Checking overlaps for volume sol3:0 (G4Tubs) ... OK! 
BLCMDsolenoid::Construct sol3 parent= relZ=34269.2 globZ=34269.2
	global pos=0.0,0.0,34269.2  Checking overlaps for volume sol4:0 (G4Tubs) ... OK! 
BLCMDsolenoid::Construct sol4 parent= relZ=34580.8 globZ=34580.8
	global pos=0.0,0.0,34580.8  Checking overlaps for volume sol2:0 (G4Tubs) ... OK! 
BLCMDsolenoid::Construct sol2 parent= relZ=34735.3 globZ=34735.3
	global pos=0.0,0.0,34735.3  Checking overlaps for volume sol1:0 (G4Tubs) ... OK! 
BLCMDsolenoid::Construct sol1 parent= relZ=34964.7 globZ=34964.7
	global pos=0.0,0.0,34964.7  Checking overlaps for volume sol3:0 (G4Tubs) ... OK! 
BLCMDsolenoid::Construct sol3 parent= relZ=35119.2 globZ=35119.2
	global pos=0.0,0.0,35119.2  Checking overlaps for volume sol4:0 (G4Tubs) ... OK! 
BLCMDsolenoid::Construct sol4 parent= relZ=35430.8 globZ=35430.8
	global pos=0.0,0.0,35430.8  Checking overlaps for volume sol2:0 (G4Tubs) ... OK! 
BLCMDsolenoid::Construct sol2 parent= relZ=35585.3 globZ=35585.3
	global pos=0.0,0.0,35585.3  Checking overlaps for volume sol1:0 (G4Tubs) ... OK! 
BLCMDsolenoid::Construct sol1 parent= relZ=35814.7 globZ=35814.7
	global pos=0.0,0.0,35814.7  Checking overlaps for volume sol3:0 (G4Tubs) ... OK! 
BLCMDsolenoid::Construct sol3 parent= relZ=35969.2 globZ=35969.2
	global pos=0.0,0.0,35969.2  Checking overlaps for volume sol4:0 (G4Tubs) ... OK! 
BLCMDsolenoid::Construct sol4 parent= relZ=36280.8 globZ=36280.8
	global pos=0.0,0.0,36280.8  Checking overlaps for volume sol2:0 (G4Tubs) ... OK! 
BLCMDsolenoid::Construct sol2 parent= relZ=36435.3 globZ=36435.3
	global pos=0.0,0.0,36435.3  Checking overlaps for volume sol1:0 (G4Tubs) ... OK! 
BLCMDsolenoid::Construct sol1 parent= relZ=36664.7 globZ=36664.7
	global pos=0.0,0.0,36664.7  Checking overlaps for volume sol3:0 (G4Tubs) ... OK! 
BLCMDsolenoid::Construct sol3 parent= relZ=36819.2 globZ=36819.2
	global pos=0.0,0.0,36819.2  Checking overlaps for volume sol4:0 (G4Tubs) ... OK! 
BLCMDsolenoid::Construct sol4 parent= relZ=37130.8 globZ=37130.8
	global pos=0.0,0.0,37130.8  Checking overlaps for volume sol2:0 (G4Tubs) ... OK! 
BLCMDsolenoid::Construct sol2 parent= relZ=37285.3 globZ=37285.3
	global pos=0.0,0.0,37285.3  Checking overlaps for volume sol1:0 (G4Tubs) ... OK! 
BLCMDsolenoid::Construct sol1 parent= relZ=37514.7 globZ=37514.7
	global pos=0.0,0.0,37514.7  Checking overlaps for volume sol3:0 (G4Tubs) ... OK! 
BLCMDsolenoid::Construct sol3 parent= relZ=37669.2 globZ=37669.2
	global pos=0.0,0.0,37669.2  Checking overlaps for volume sol4:0 (G4Tubs) ... OK! 
BLCMDsolenoid::Construct sol4 parent= relZ=37980.8 globZ=37980.8
	global pos=0.0,0.0,37980.8  Checking overlaps for volume sol2:0 (G4Tubs) ... OK! 
BLCMDsolenoid::Construct sol2 parent= relZ=38135.3 globZ=38135.3
	global pos=0.0,0.0,38135.3  Checking overlaps for volume sol1:0 (G4Tubs) ... OK! 
BLCMDsolenoid::Construct sol1 parent= relZ=38364.7 globZ=38364.7
	global pos=0.0,0.0,38364.7  Checking overlaps for volume sol3:0 (G4Tubs) ... OK! 
BLCMDsolenoid::Construct sol3 parent= relZ=38519.2 globZ=38519.2
	global pos=0.0,0.0,38519.2  Checking overlaps for volume sol4:0 (G4Tubs) ... OK! 
BLCMDsolenoid::Construct sol4 parent= relZ=38830.8 globZ=38830.8
	global pos=0.0,0.0,38830.8  Checking overlaps for volume sol2:0 (G4Tubs) ... OK! 
BLCMDsolenoid::Construct sol2 parent= relZ=38985.3 globZ=38985.3
	global pos=0.0,0.0,38985.3  Checking overlaps for volume sol1:0 (G4Tubs) ... OK! 
BLCMDsolenoid::Construct sol1 parent= relZ=39214.7 globZ=39214.7
	global pos=0.0,0.0,39214.7  Checking overlaps for volume sol3:0 (G4Tubs) ... OK! 
BLCMDsolenoid::Construct sol3 parent= relZ=39369.2 globZ=39369.2
	global pos=0.0,0.0,39369.2  Checking overlaps for volume sol4:0 (G4Tubs) ... OK! 
BLCMDsolenoid::Construct sol4 parent= relZ=39680.8 globZ=39680.8
	global pos=0.0,0.0,39680.8  Checking overlaps for volume sol2:0 (G4Tubs) ... OK! 
BLCMDsolenoid::Construct sol2 parent= relZ=39835.3 globZ=39835.3
	global pos=0.0,0.0,39835.3  Checking overlaps for volume sol1:0 (G4Tubs) ... OK! 
BLCMDsolenoid::Construct sol1 parent= relZ=40064.7 globZ=40064.7
	global pos=0.0,0.0,40064.7  Checking overlaps for volume sol3:0 (G4Tubs) ... OK! 
BLCMDsolenoid::Construct sol3 parent= relZ=40219.2 globZ=40219.2
	global pos=0.0,0.0,40219.2  Checking overlaps for volume sol4:0 (G4Tubs) ... OK! 
BLCMDsolenoid::Construct sol4 parent= relZ=40530.8 globZ=40530.8
	global pos=0.0,0.0,40530.8  Checking overlaps for volume sol2:0 (G4Tubs) ... OK! 
BLCMDsolenoid::Construct sol2 parent= relZ=40685.3 globZ=40685.3
	global pos=0.0,0.0,40685.3  Checking overlaps for volume sol1:0 (G4Tubs) ... OK! 
BLCMDsolenoid::Construct sol1 parent= relZ=40914.7 globZ=40914.7
	global pos=0.0,0.0,40914.7  Checking overlaps for volume sol3:0 (G4Tubs) ... OK! 
BLCMDsolenoid::Construct sol3 parent= relZ=41069.2 globZ=41069.2
	global pos=0.0,0.0,41069.2  Checking overlaps for volume sol4:0 (G4Tubs) ... OK! 
BLCMDsolenoid::Construct sol4 parent= relZ=41380.8 globZ=41380.8
	global pos=0.0,0.0,41380.8  Checking overlaps for volume sol2:0 (G4Tubs) ... OK! 
BLCMDsolenoid::Construct sol2 parent= relZ=41535.3 globZ=41535.3
	global pos=0.0,0.0,41535.3  Checking overlaps for volume sol1:0 (G4Tubs) ... OK! 
BLCMDsolenoid::Construct sol1 parent= relZ=41764.7 globZ=41764.7
	global pos=0.0,0.0,41764.7  Checking overlaps for volume sol3:0 (G4Tubs) ... OK! 
BLCMDsolenoid::Construct sol3 parent= relZ=41919.2 globZ=41919.2
	global pos=0.0,0.0,41919.2  Checking overlaps for volume sol4:0 (G4Tubs) ... OK! 
BLCMDsolenoid::Construct sol4 parent= relZ=42230.8 globZ=42230.8
	global pos=0.0,0.0,42230.8  Checking overlaps for volume sol2:0 (G4Tubs) ... OK! 
BLCMDsolenoid::Construct sol2 parent= relZ=42385.3 globZ=42385.3
	global pos=0.0,0.0,42385.3  Checking overlaps for volume sol1:0 (G4Tubs) ... OK! 
BLCMDsolenoid::Construct sol1 parent= relZ=42614.7 globZ=42614.7
	global pos=0.0,0.0,42614.7  Checking overlaps for volume sol3:0 (G4Tubs) ... OK! 
BLCMDsolenoid::Construct sol3 parent= relZ=42769.2 globZ=42769.2
	global pos=0.0,0.0,42769.2  Checking overlaps for volume sol4:0 (G4Tubs) ... OK! 
BLCMDsolenoid::Construct sol4 parent= relZ=43080.8 globZ=43080.8
	global pos=0.0,0.0,43080.8  Checking overlaps for volume sol2:0 (G4Tubs) ... OK! 
BLCMDsolenoid::Construct sol2 parent= relZ=43235.3 globZ=43235.3
	global pos=0.0,0.0,43235.3  Checking overlaps for volume sol1:0 (G4Tubs) ... OK! 
BLCMDsolenoid::Construct sol1 parent= relZ=43464.7 globZ=43464.7
	global pos=0.0,0.0,43464.7  Checking overlaps for volume sol3:0 (G4Tubs) ... OK! 
BLCMDsolenoid::Construct sol3 parent= relZ=43619.2 globZ=43619.2
	global pos=0.0,0.0,43619.2  Checking overlaps for volume sol4:0 (G4Tubs) ... OK! 
BLCMDsolenoid::Construct sol4 parent= relZ=43930.8 globZ=43930.8
	global pos=0.0,0.0,43930.8  Checking overlaps for volume sol2:0 (G4Tubs) ... OK! 
BLCMDsolenoid::Construct sol2 parent= relZ=44085.3 globZ=44085.3
	global pos=0.0,0.0,44085.3  Checking overlaps for volume sol1:0 (G4Tubs) ... OK! 
BLCMDsolenoid::Construct sol1 parent= relZ=44314.7 globZ=44314.7
	global pos=0.0,0.0,44314.7  Checking overlaps for volume sol3:0 (G4Tubs) ... OK! 
BLCMDsolenoid::Construct sol3 parent= relZ=44469.2 globZ=44469.2
	global pos=0.0,0.0,44469.2  Checking overlaps for volume sol4:0 (G4Tubs) ... OK! 
BLCMDsolenoid::Construct sol4 parent= relZ=44780.8 globZ=44780.8
	global pos=0.0,0.0,44780.8  Checking overlaps for volume sol2:0 (G4Tubs) ... OK! 
BLCMDsolenoid::Construct sol2 parent= relZ=44935.3 globZ=44935.3
	global pos=0.0,0.0,44935.3  Checking overlaps for volume sol1:0 (G4Tubs) ... OK! 
BLCMDsolenoid::Construct sol1 parent= relZ=45164.7 globZ=45164.7
	global pos=0.0,0.0,45164.7  Checking overlaps for volume sol3:0 (G4Tubs) ... OK! 
BLCMDsolenoid::Construct sol3 parent= relZ=45319.2 globZ=45319.2
	global pos=0.0,0.0,45319.2  Checking overlaps for volume sol4:0 (G4Tubs) ... OK! 
BLCMDsolenoid::Construct sol4 parent= relZ=45630.8 globZ=45630.8
	global pos=0.0,0.0,45630.8  Checking overlaps for volume sol2:0 (G4Tubs) ... OK! 
BLCMDsolenoid::Construct sol2 parent= relZ=45785.3 globZ=45785.3
	global pos=0.0,0.0,45785.3  Checking overlaps for volume sol1:0 (G4Tubs) ... OK! 
BLCMDsolenoid::Construct sol1 parent= relZ=46014.7 globZ=46014.7
	global pos=0.0,0.0,46014.7  Checking overlaps for volume sol3:0 (G4Tubs) ... OK! 
BLCMDsolenoid::Construct sol3 parent= relZ=46169.2 globZ=46169.2
	global pos=0.0,0.0,46169.2  Checking overlaps for volume sol4:0 (G4Tubs) ... OK! 
BLCMDsolenoid::Construct sol4 parent= relZ=46480.8 globZ=46480.8
	global pos=0.0,0.0,46480.8  Checking overlaps for volume sol2:0 (G4Tubs) ... OK! 
BLCMDsolenoid::Construct sol2 parent= relZ=46635.3 globZ=46635.3
	global pos=0.0,0.0,46635.3  Checking overlaps for volume sol1:0 (G4Tubs) ... OK! 
BLCMDsolenoid::Construct sol1 parent= relZ=46864.7 globZ=46864.7
	global pos=0.0,0.0,46864.7  Checking overlaps for volume sol3:0 (G4Tubs) ... OK! 
BLCMDsolenoid::Construct sol3 parent= relZ=47019.2 globZ=47019.2
	global pos=0.0,0.0,47019.2  Checking overlaps for volume sol4:0 (G4Tubs) ... OK! 
BLCMDsolenoid::Construct sol4 parent= relZ=47330.8 globZ=47330.8
	global pos=0.0,0.0,47330.8  Checking overlaps for volume sol2:0 (G4Tubs) ... OK! 
BLCMDsolenoid::Construct sol2 parent= relZ=47485.3 globZ=47485.3
	global pos=0.0,0.0,47485.3  Checking overlaps for volume sol1:0 (G4Tubs) ... OK! 
BLCMDsolenoid::Construct sol1 parent= relZ=47714.7 globZ=47714.7
	global pos=0.0,0.0,47714.7  Checking overlaps for volume sol3:0 (G4Tubs) ... OK! 
BLCMDsolenoid::Construct sol3 parent= relZ=47869.2 globZ=47869.2
	global pos=0.0,0.0,47869.2  Checking overlaps for volume sol4:0 (G4Tubs) ... OK! 
BLCMDsolenoid::Construct sol4 parent= relZ=48180.8 globZ=48180.8
	global pos=0.0,0.0,48180.8  Checking overlaps for volume sol2:0 (G4Tubs) ... OK! 
BLCMDsolenoid::Construct sol2 parent= relZ=48335.3 globZ=48335.3
	global pos=0.0,0.0,48335.3  Checking overlaps for volume sol1:0 (G4Tubs) ... OK! 
BLCMDsolenoid::Construct sol1 parent= relZ=48564.7 globZ=48564.7
	global pos=0.0,0.0,48564.7  Checking overlaps for volume sol3:0 (G4Tubs) ... OK! 
BLCMDsolenoid::Construct sol3 parent= relZ=48719.2 globZ=48719.2
	global pos=0.0,0.0,48719.2  Checking overlaps for volume sol4:0 (G4Tubs) ... OK! 
BLCMDsolenoid::Construct sol4 parent= relZ=49030.8 globZ=49030.8
	global pos=0.0,0.0,49030.8  Checking overlaps for volume sol2:0 (G4Tubs) ... OK! 
BLCMDsolenoid::Construct sol2 parent= relZ=49185.3 globZ=49185.3
	global pos=0.0,0.0,49185.3  Checking overlaps for volume sol1:0 (G4Tubs) ... OK! 
BLCMDsolenoid::Construct sol1 parent= relZ=49414.7 globZ=49414.7
	global pos=0.0,0.0,49414.7  Checking overlaps for volume sol3:0 (G4Tubs) ... OK! 
BLCMDsolenoid::Construct sol3 parent= relZ=49569.2 globZ=49569.2
	global pos=0.0,0.0,49569.2  Checking overlaps for volume sol4:0 (G4Tubs) ... OK! 
BLCMDsolenoid::Construct sol4 parent= relZ=49880.8 globZ=49880.8
	global pos=0.0,0.0,49880.8  Checking overlaps for volume sol2:0 (G4Tubs) ... OK! 
BLCMDsolenoid::Construct sol2 parent= relZ=50035.3 globZ=50035.3
	global pos=0.0,0.0,50035.3  Checking overlaps for volume sol1:0 (G4Tubs) ... OK! 
BLCMDsolenoid::Construct sol1 parent= relZ=50264.7 globZ=50264.7
	global pos=0.0,0.0,50264.7  Checking overlaps for volume sol3:0 (G4Tubs) ... OK! 
BLCMDsolenoid::Construct sol3 parent= relZ=50419.2 globZ=50419.2
	global pos=0.0,0.0,50419.2  Checking overlaps for volume sol4:0 (G4Tubs) ... OK! 
BLCMDsolenoid::Construct sol4 parent= relZ=50730.8 globZ=50730.8
	global pos=0.0,0.0,50730.8  Checking overlaps for volume sol2:0 (G4Tubs) ... OK! 
BLCMDsolenoid::Construct sol2 parent= relZ=50885.3 globZ=50885.3
	global pos=0.0,0.0,50885.3  Checking overlaps for volume sol1:0 (G4Tubs) ... OK! 
BLCMDsolenoid::Construct sol1 parent= relZ=51114.7 globZ=51114.7
	global pos=0.0,0.0,51114.7  Checking overlaps for volume sol3:0 (G4Tubs) ... OK! 
BLCMDsolenoid::Construct sol3 parent= relZ=51269.2 globZ=51269.2
	global pos=0.0,0.0,51269.2  Checking overlaps for volume sol4:0 (G4Tubs) ... OK! 
BLCMDsolenoid::Construct sol4 parent= relZ=51580.8 globZ=51580.8
	global pos=0.0,0.0,51580.8  Checking overlaps for volume sol2:0 (G4Tubs) ... OK! 
BLCMDsolenoid::Construct sol2 parent= relZ=51735.3 globZ=51735.3
	global pos=0.0,0.0,51735.3  BLCMDgenericbend::Construct solbend_a_-2 parent= relZ=-1615.0 globZ=-1615.0
	zmin=-1665.0 zmax=-1565.0
BLCMDgenericbend::Construct solbend_b_-2 parent= relZ=-935.0 globZ=-935.0
	zmin=-985.0 zmax=-885.0
BLCMDgenericbend::Construct solbend_a_-1 parent= relZ=-765.0 globZ=-765.0
	zmin=-815.0 zmax=-715.0
BLCMDgenericbend::Construct solbend_b_-1 parent= relZ=-85.0 globZ=-85.0
	zmin=-135.0 zmax=-35.0
BLCMDgenericbend::Construct solbend_a_0 parent= relZ=85.0 globZ=85.0
	zmin=35.0 zmax=135.0
BLCMDgenericbend::Construct solbend_b_0 parent= relZ=765.0 globZ=765.0
	zmin=715.0 zmax=815.0
BLCMDgenericbend::Construct solbend_a_1 parent= relZ=935.0 globZ=935.0
	zmin=885.0 zmax=985.0
BLCMDgenericbend::Construct solbend_b_1 parent= relZ=1615.0 globZ=1615.0
	zmin=1565.0 zmax=1665.0
BLCMDgenericbend::Construct solbend_a_2 parent= relZ=1785.0 globZ=1785.0
	zmin=1735.0 zmax=1835.0
BLCMDgenericbend::Construct solbend_b_2 parent= relZ=2465.0 globZ=2465.0
	zmin=2415.0 zmax=2515.0
BLCMDgenericbend::Construct solbend_a_3 parent= relZ=2635.0 globZ=2635.0
	zmin=2585.0 zmax=2685.0
BLCMDgenericbend::Construct solbend_b_3 parent= relZ=3315.0 globZ=3315.0
	zmin=3265.0 zmax=3365.0
BLCMDgenericbend::Construct solbend_a_4 parent= relZ=3485.0 globZ=3485.0
	zmin=3435.0 zmax=3535.0
BLCMDgenericbend::Construct solbend_b_4 parent= relZ=4165.0 globZ=4165.0
	zmin=4115.0 zmax=4215.0
BLCMDgenericbend::Construct solbend_a_5 parent= relZ=4335.0 globZ=4335.0
	zmin=4285.0 zmax=4385.0
BLCMDgenericbend::Construct solbend_b_5 parent= relZ=5015.0 globZ=5015.0
	zmin=4965.0 zmax=5065.0
BLCMDgenericbend::Construct solbend_a_6 parent= relZ=5185.0 globZ=5185.0
	zmin=5135.0 zmax=5235.0
BLCMDgenericbend::Construct solbend_b_6 parent= relZ=5865.0 globZ=5865.0
	zmin=5815.0 zmax=5915.0
BLCMDgenericbend::Construct solbend_a_7 parent= relZ=6035.0 globZ=6035.0
	zmin=5985.0 zmax=6085.0
BLCMDgenericbend::Construct solbend_b_7 parent= relZ=6715.0 globZ=6715.0
	zmin=6665.0 zmax=6765.0
BLCMDgenericbend::Construct solbend_a_8 parent= relZ=6885.0 globZ=6885.0
	zmin=6835.0 zmax=6935.0
BLCMDgenericbend::Construct solbend_b_8 parent= relZ=7565.0 globZ=7565.0
	zmin=7515.0 zmax=7615.0
BLCMDgenericbend::Construct solbend_a_9 parent= relZ=7735.0 globZ=7735.0
	zmin=7685.0 zmax=7785.0
BLCMDgenericbend::Construct solbend_b_9 parent= relZ=8415.0 globZ=8415.0
	zmin=8365.0 zmax=8465.0
BLCMDgenericbend::Construct solbend_a_10 parent= relZ=8585.0 globZ=8585.0
	zmin=8535.0 zmax=8635.0
BLCMDgenericbend::Construct solbend_b_10 parent= relZ=9265.0 globZ=9265.0
	zmin=9215.0 zmax=9315.0
BLCMDgenericbend::Construct solbend_a_11 parent= relZ=9435.0 globZ=9435.0
	zmin=9385.0 zmax=9485.0
BLCMDgenericbend::Construct solbend_b_11 parent= relZ=10115.0 globZ=10115.0
	zmin=10065.0 zmax=10165.0
BLCMDgenericbend::Construct solbend_a_12 parent= relZ=10285.0 globZ=10285.0
	zmin=10235.0 zmax=10335.0
BLCMDgenericbend::Construct solbend_b_12 parent= relZ=10965.0 globZ=10965.0
	zmin=10915.0 zmax=11015.0
BLCMDgenericbend::Construct solbend_a_13 parent= relZ=11135.0 globZ=11135.0
	zmin=11085.0 zmax=11185.0
BLCMDgenericbend::Construct solbend_b_13 parent= relZ=11815.0 globZ=11815.0
	zmin=11765.0 zmax=11865.0
BLCMDgenericbend::Construct solbend_a_14 parent= relZ=11985.0 globZ=11985.0
	zmin=11935.0 zmax=12035.0
BLCMDgenericbend::Construct solbend_b_14 parent= relZ=12665.0 globZ=12665.0
	zmin=12615.0 zmax=12715.0
BLCMDgenericbend::Construct solbend_a_15 parent= relZ=12835.0 globZ=12835.0
	zmin=12785.0 zmax=12885.0
BLCMDgenericbend::Construct solbend_b_15 parent= relZ=13515.0 globZ=13515.0
	zmin=13465.0 zmax=13565.0
BLCMDgenericbend::Construct solbend_a_16 parent= relZ=13685.0 globZ=13685.0
	zmin=13635.0 zmax=13735.0
BLCMDgenericbend::Construct solbend_b_16 parent= relZ=14365.0 globZ=14365.0
	zmin=14315.0 zmax=14415.0
BLCMDgenericbend::Construct solbend_a_17 parent= relZ=14535.0 globZ=14535.0
	zmin=14485.0 zmax=14585.0
BLCMDgenericbend::Construct solbend_b_17 parent= relZ=15215.0 globZ=15215.0
	zmin=15165.0 zmax=15265.0
BLCMDgenericbend::Construct solbend_a_18 parent= relZ=15385.0 globZ=15385.0
	zmin=15335.0 zmax=15435.0
BLCMDgenericbend::Construct solbend_b_18 parent= relZ=16065.0 globZ=16065.0
	zmin=16015.0 zmax=16115.0
BLCMDgenericbend::Construct solbend_a_19 parent= relZ=16235.0 globZ=16235.0
	zmin=16185.0 zmax=16285.0
BLCMDgenericbend::Construct solbend_b_19 parent= relZ=16915.0 globZ=16915.0
	zmin=16865.0 zmax=16965.0
BLCMDgenericbend::Construct solbend_a_20 parent= relZ=17085.0 globZ=17085.0
	zmin=17035.0 zmax=17135.0
BLCMDgenericbend::Construct solbend_b_20 parent= relZ=17765.0 globZ=17765.0
	zmin=17715.0 zmax=17815.0
BLCMDgenericbend::Construct solbend_a_21 parent= relZ=17935.0 globZ=17935.0
	zmin=17885.0 zmax=17985.0
BLCMDgenericbend::Construct solbend_b_21 parent= relZ=18615.0 globZ=18615.0
	zmin=18565.0 zmax=18665.0
BLCMDgenericbend::Construct solbend_a_22 parent= relZ=18785.0 globZ=18785.0
	zmin=18735.0 zmax=18835.0
BLCMDgenericbend::Construct solbend_b_22 parent= relZ=19465.0 globZ=19465.0
	zmin=19415.0 zmax=19515.0
BLCMDgenericbend::Construct solbend_a_23 parent= relZ=19635.0 globZ=19635.0
	zmin=19585.0 zmax=19685.0
BLCMDgenericbend::Construct solbend_b_23 parent= relZ=20315.0 globZ=20315.0
	zmin=20265.0 zmax=20365.0
BLCMDgenericbend::Construct solbend_a_24 parent= relZ=20485.0 globZ=20485.0
	zmin=20435.0 zmax=20535.0
BLCMDgenericbend::Construct solbend_b_24 parent= relZ=21165.0 globZ=21165.0
	zmin=21115.0 zmax=21215.0
BLCMDgenericbend::Construct solbend_a_25 parent= relZ=21335.0 globZ=21335.0
	zmin=21285.0 zmax=21385.0
BLCMDgenericbend::Construct solbend_b_25 parent= relZ=22015.0 globZ=22015.0
	zmin=21965.0 zmax=22065.0
BLCMDgenericbend::Construct solbend_a_26 parent= relZ=22185.0 globZ=22185.0
	zmin=22135.0 zmax=22235.0
BLCMDgenericbend::Construct solbend_b_26 parent= relZ=22865.0 globZ=22865.0
	zmin=22815.0 zmax=22915.0
BLCMDgenericbend::Construct solbend_a_27 parent= relZ=23035.0 globZ=23035.0
	zmin=22985.0 zmax=23085.0
BLCMDgenericbend::Construct solbend_b_27 parent= relZ=23715.0 globZ=23715.0
	zmin=23665.0 zmax=23765.0
BLCMDgenericbend::Construct solbend_a_28 parent= relZ=23885.0 globZ=23885.0
	zmin=23835.0 zmax=23935.0
BLCMDgenericbend::Construct solbend_b_28 parent= relZ=24565.0 globZ=24565.0
	zmin=24515.0 zmax=24615.0
BLCMDgenericbend::Construct solbend_a_29 parent= relZ=24735.0 globZ=24735.0
	zmin=24685.0 zmax=24785.0
BLCMDgenericbend::Construct solbend_b_29 parent= relZ=25415.0 globZ=25415.0
	zmin=25365.0 zmax=25465.0
BLCMDgenericbend::Construct solbend_a_30 parent= relZ=25585.0 globZ=25585.0
	zmin=25535.0 zmax=25635.0
BLCMDgenericbend::Construct solbend_b_30 parent= relZ=26265.0 globZ=26265.0
	zmin=26215.0 zmax=26315.0
BLCMDgenericbend::Construct solbend_a_31 parent= relZ=26435.0 globZ=26435.0
	zmin=26385.0 zmax=26485.0
BLCMDgenericbend::Construct solbend_b_31 parent= relZ=27115.0 globZ=27115.0
	zmin=27065.0 zmax=27165.0
BLCMDgenericbend::Construct solbend_a_32 parent= relZ=27285.0 globZ=27285.0
	zmin=27235.0 zmax=27335.0
BLCMDgenericbend::Construct solbend_b_32 parent= relZ=27965.0 globZ=27965.0
	zmin=27915.0 zmax=28015.0
BLCMDgenericbend::Construct solbend_a_33 parent= relZ=28135.0 globZ=28135.0
	zmin=28085.0 zmax=28185.0
BLCMDgenericbend::Construct solbend_b_33 parent= relZ=28815.0 globZ=28815.0
	zmin=28765.0 zmax=28865.0
BLCMDgenericbend::Construct solbend_a_34 parent= relZ=28985.0 globZ=28985.0
	zmin=28935.0 zmax=29035.0
BLCMDgenericbend::Construct solbend_b_34 parent= relZ=29665.0 globZ=29665.0
	zmin=29615.0 zmax=29715.0
BLCMDgenericbend::Construct solbend_a_35 parent= relZ=29835.0 globZ=29835.0
	zmin=29785.0 zmax=29885.0
BLCMDgenericbend::Construct solbend_b_35 parent= relZ=30515.0 globZ=30515.0
	zmin=30465.0 zmax=30565.0
BLCMDgenericbend::Construct solbend_a_36 parent= relZ=30685.0 globZ=30685.0
	zmin=30635.0 zmax=30735.0
BLCMDgenericbend::Construct solbend_b_36 parent= relZ=31365.0 globZ=31365.0
	zmin=31315.0 zmax=31415.0
BLCMDgenericbend::Construct solbend_a_37 parent= relZ=31535.0 globZ=31535.0
	zmin=31485.0 zmax=31585.0
BLCMDgenericbend::Construct solbend_b_37 parent= relZ=32215.0 globZ=32215.0
	zmin=32165.0 zmax=32265.0
BLCMDgenericbend::Construct solbend_a_38 parent= relZ=32385.0 globZ=32385.0
	zmin=32335.0 zmax=32435.0
BLCMDgenericbend::Construct solbend_b_38 parent= relZ=33065.0 globZ=33065.0
	zmin=33015.0 zmax=33115.0
BLCMDgenericbend::Construct solbend_a_39 parent= relZ=33235.0 globZ=33235.0
	zmin=33185.0 zmax=33285.0
BLCMDgenericbend::Construct solbend_b_39 parent= relZ=33915.0 globZ=33915.0
	zmin=33865.0 zmax=33965.0
BLCMDgenericbend::Construct solbend_a_40 parent= relZ=34085.0 globZ=34085.0
	zmin=34035.0 zmax=34135.0
BLCMDgenericbend::Construct solbend_b_40 parent= relZ=34765.0 globZ=34765.0
	zmin=34715.0 zmax=34815.0
BLCMDgenericbend::Construct solbend_a_41 parent= relZ=34935.0 globZ=34935.0
	zmin=34885.0 zmax=34985.0
BLCMDgenericbend::Construct solbend_b_41 parent= relZ=35615.0 globZ=35615.0
	zmin=35565.0 zmax=35665.0
BLCMDgenericbend::Construct solbend_a_42 parent= relZ=35785.0 globZ=35785.0
	zmin=35735.0 zmax=35835.0
BLCMDgenericbend::Construct solbend_b_42 parent= relZ=36465.0 globZ=36465.0
	zmin=36415.0 zmax=36515.0
BLCMDgenericbend::Construct solbend_a_43 parent= relZ=36635.0 globZ=36635.0
	zmin=36585.0 zmax=36685.0
BLCMDgenericbend::Construct solbend_b_43 parent= relZ=37315.0 globZ=37315.0
	zmin=37265.0 zmax=37365.0
BLCMDgenericbend::Construct solbend_a_44 parent= relZ=37485.0 globZ=37485.0
	zmin=37435.0 zmax=37535.0
BLCMDgenericbend::Construct solbend_b_44 parent= relZ=38165.0 globZ=38165.0
	zmin=38115.0 zmax=38215.0
BLCMDgenericbend::Construct solbend_a_45 parent= relZ=38335.0 globZ=38335.0
	zmin=38285.0 zmax=38385.0
BLCMDgenericbend::Construct solbend_b_45 parent= relZ=39015.0 globZ=39015.0
	zmin=38965.0 zmax=39065.0
BLCMDgenericbend::Construct solbend_a_46 parent= relZ=39185.0 globZ=39185.0
	zmin=39135.0 zmax=39235.0
BLCMDgenericbend::Construct solbend_b_46 parent= relZ=39865.0 globZ=39865.0
	zmin=39815.0 zmax=39915.0
BLCMDgenericbend::Construct solbend_a_47 parent= relZ=40035.0 globZ=40035.0
	zmin=39985.0 zmax=40085.0
BLCMDgenericbend::Construct solbend_b_47 parent= relZ=40715.0 globZ=40715.0
	zmin=40665.0 zmax=40765.0
BLCMDgenericbend::Construct solbend_a_48 parent= relZ=40885.0 globZ=40885.0
	zmin=40835.0 zmax=40935.0
BLCMDgenericbend::Construct solbend_b_48 parent= relZ=41565.0 globZ=41565.0
	zmin=41515.0 zmax=41615.0
BLCMDgenericbend::Construct solbend_a_49 parent= relZ=41735.0 globZ=41735.0
	zmin=41685.0 zmax=41785.0
BLCMDgenericbend::Construct solbend_b_49 parent= relZ=42415.0 globZ=42415.0
	zmin=42365.0 zmax=42465.0
BLCMDgenericbend::Construct solbend_a_50 parent= relZ=42585.0 globZ=42585.0
	zmin=42535.0 zmax=42635.0
BLCMDgenericbend::Construct solbend_b_50 parent= relZ=43265.0 globZ=43265.0
	zmin=43215.0 zmax=43315.0
BLCMDgenericbend::Construct solbend_a_51 parent= relZ=43435.0 globZ=43435.0
	zmin=43385.0 zmax=43485.0
BLCMDgenericbend::Construct solbend_b_51 parent= relZ=44115.0 globZ=44115.0
	zmin=44065.0 zmax=44165.0
BLCMDgenericbend::Construct solbend_a_52 parent= relZ=44285.0 globZ=44285.0
	zmin=44235.0 zmax=44335.0
BLCMDgenericbend::Construct solbend_b_52 parent= relZ=44965.0 globZ=44965.0
	zmin=44915.0 zmax=45015.0
BLCMDgenericbend::Construct solbend_a_53 parent= relZ=45135.0 globZ=45135.0
	zmin=45085.0 zmax=45185.0
BLCMDgenericbend::Construct solbend_b_53 parent= relZ=45815.0 globZ=45815.0
	zmin=45765.0 zmax=45865.0
BLCMDgenericbend::Construct solbend_a_54 parent= relZ=45985.0 globZ=45985.0
	zmin=45935.0 zmax=46035.0
BLCMDgenericbend::Construct solbend_b_54 parent= relZ=46665.0 globZ=46665.0
	zmin=46615.0 zmax=46715.0
BLCMDgenericbend::Construct solbend_a_55 parent= relZ=46835.0 globZ=46835.0
	zmin=46785.0 zmax=46885.0
BLCMDgenericbend::Construct solbend_b_55 parent= relZ=47515.0 globZ=47515.0
	zmin=47465.0 zmax=47565.0
BLCMDgenericbend::Construct solbend_a_56 parent= relZ=47685.0 globZ=47685.0
	zmin=47635.0 zmax=47735.0
BLCMDgenericbend::Construct solbend_b_56 parent= relZ=48365.0 globZ=48365.0
	zmin=48315.0 zmax=48415.0
BLCMDgenericbend::Construct solbend_a_57 parent= relZ=48535.0 globZ=48535.0
	zmin=48485.0 zmax=48585.0
BLCMDgenericbend::Construct solbend_b_57 parent= relZ=49215.0 globZ=49215.0
	zmin=49165.0 zmax=49265.0
BLCMDgenericbend::Construct solbend_a_58 parent= relZ=49385.0 globZ=49385.0
	zmin=49335.0 zmax=49435.0
BLCMDgenericbend::Construct solbend_b_58 parent= relZ=50065.0 globZ=50065.0
	zmin=50015.0 zmax=50115.0
BLCMDgenericbend::Construct solbend_a_59 parent= relZ=50235.0 globZ=50235.0
	zmin=50185.0 zmax=50285.0
BLCMDgenericbend::Construct solbend_b_59 parent= relZ=50915.0 globZ=50915.0
	zmin=50865.0 zmax=50965.0
BLCMDgenericbend::Construct solbend_a_60 parent= relZ=51085.0 globZ=51085.0
	zmin=51035.0 zmax=51135.0
BLCMDgenericbend::Construct solbend_b_60 parent= relZ=51765.0 globZ=51765.0
	zmin=51715.0 zmax=51815.0
BLMappedMagnet::Construct fringe_left parent= relZ=-1785.0
BLMappedMagnet::Construct fringe_right parent= relZ=-1445.0
BLMappedMagnet::Construct fringe_left parent= relZ=-1105.0
BLMappedMagnet::Construct fringe_right parent= relZ=-765.0
BLMappedMagnet::Construct fringe_left parent= relZ=-935.0
BLMappedMagnet::Construct fringe_right parent= relZ=-595.0
BLMappedMagnet::Construct fringe_left parent= relZ=-255.0
BLMappedMagnet::Construct fringe_right parent= relZ=85.0
BLMappedMagnet::Construct fringe_left parent= relZ=-85.0
BLMappedMagnet::Construct fringe_right parent= relZ=255.0
BLMappedMagnet::Construct fringe_left parent= relZ=595.0
BLMappedMagnet::Construct fringe_right parent= relZ=935.0
BLMappedMagnet::Construct fringe_left parent= relZ=765.0
BLMappedMagnet::Construct fringe_right parent= relZ=1105.0
BLMappedMagnet::Construct fringe_left parent= relZ=1445.0
BLMappedMagnet::Construct fringe_right parent= relZ=1785.0
BLMappedMagnet::Construct fringe_left parent= relZ=1615.0
BLMappedMagnet::Construct fringe_right parent= relZ=1955.0
BLMappedMagnet::Construct fringe_left parent= relZ=2295.0
BLMappedMagnet::Construct fringe_right parent= relZ=2635.0
BLMappedMagnet::Construct fringe_left parent= relZ=2465.0
BLMappedMagnet::Construct fringe_right parent= relZ=2805.0
BLMappedMagnet::Construct fringe_left parent= relZ=3145.0
BLMappedMagnet::Construct fringe_right parent= relZ=3485.0
BLMappedMagnet::Construct fringe_left parent= relZ=3315.0
BLMappedMagnet::Construct fringe_right parent= relZ=3655.0
BLMappedMagnet::Construct fringe_left parent= relZ=3995.0
BLMappedMagnet::Construct fringe_right parent= relZ=4335.0
BLMappedMagnet::Construct fringe_left parent= relZ=4165.0
BLMappedMagnet::Construct fringe_right parent= relZ=4505.0
BLMappedMagnet::Construct fringe_left parent= relZ=4845.0
BLMappedMagnet::Construct fringe_right parent= relZ=5185.0
BLMappedMagnet::Construct fringe_left parent= relZ=5015.0
BLMappedMagnet::Construct fringe_right parent= relZ=5355.0
BLMappedMagnet::Construct fringe_left parent= relZ=5695.0
BLMappedMagnet::Construct fringe_right parent= relZ=6035.0
BLMappedMagnet::Construct fringe_left parent= relZ=5865.0
BLMappedMagnet::Construct fringe_right parent= relZ=6205.0
BLMappedMagnet::Construct fringe_left parent= relZ=6545.0
BLMappedMagnet::Construct fringe_right parent= relZ=6885.0
BLMappedMagnet::Construct fringe_left parent= relZ=6715.0
BLMappedMagnet::Construct fringe_right parent= relZ=7055.0
BLMappedMagnet::Construct fringe_left parent= relZ=7395.0
BLMappedMagnet::Construct fringe_right parent= relZ=7735.0
BLMappedMagnet::Construct fringe_left parent= relZ=7565.0
BLMappedMagnet::Construct fringe_right parent= relZ=7905.0
BLMappedMagnet::Construct fringe_left parent= relZ=8245.0
BLMappedMagnet::Construct fringe_right parent= relZ=8585.0
BLMappedMagnet::Construct fringe_left parent= relZ=8415.0
BLMappedMagnet::Construct fringe_right parent= relZ=8755.0
BLMappedMagnet::Construct fringe_left parent= relZ=9095.0
BLMappedMagnet::Construct fringe_right parent= relZ=9435.0
BLMappedMagnet::Construct fringe_left parent= relZ=9265.0
BLMappedMagnet::Construct fringe_right parent= relZ=9605.0
BLMappedMagnet::Construct fringe_left parent= relZ=9945.0
BLMappedMagnet::Construct fringe_right parent= relZ=10285.0
BLMappedMagnet::Construct fringe_left parent= relZ=10115.0
BLMappedMagnet::Construct fringe_right parent= relZ=10455.0
BLMappedMagnet::Construct fringe_left parent= relZ=10795.0
BLMappedMagnet::Construct fringe_right parent= relZ=11135.0
BLMappedMagnet::Construct fringe_left parent= relZ=10965.0
BLMappedMagnet::Construct fringe_right parent= relZ=11305.0
BLMappedMagnet::Construct fringe_left parent= relZ=11645.0
BLMappedMagnet::Construct fringe_right parent= relZ=11985.0
BLMappedMagnet::Construct fringe_left parent= relZ=11815.0
BLMappedMagnet::Construct fringe_right parent= relZ=12155.0
BLMappedMagnet::Construct fringe_left parent= relZ=12495.0
BLMappedMagnet::Construct fringe_right parent= relZ=12835.0
BLMappedMagnet::Construct fringe_left parent= relZ=12665.0
BLMappedMagnet::Construct fringe_right parent= relZ=13005.0
BLMappedMagnet::Construct fringe_left parent= relZ=13345.0
BLMappedMagnet::Construct fringe_right parent= relZ=13685.0
BLMappedMagnet::Construct fringe_left parent= relZ=13515.0
BLMappedMagnet::Construct fringe_right parent= relZ=13855.0
BLMappedMagnet::Construct fringe_left parent= relZ=14195.0
BLMappedMagnet::Construct fringe_right parent= relZ=14535.0
BLMappedMagnet::Construct fringe_left parent= relZ=14365.0
BLMappedMagnet::Construct fringe_right parent= relZ=14705.0
BLMappedMagnet::Construct fringe_left parent= relZ=15045.0
BLMappedMagnet::Construct fringe_right parent= relZ=15385.0
BLMappedMagnet::Construct fringe_left parent= relZ=15215.0
BLMappedMagnet::Construct fringe_right parent= relZ=15555.0
BLMappedMagnet::Construct fringe_left parent= relZ=15895.0
BLMappedMagnet::Construct fringe_right parent= relZ=16235.0
BLMappedMagnet::Construct fringe_left parent= relZ=16065.0
BLMappedMagnet::Construct fringe_right parent= relZ=16405.0
BLMappedMagnet::Construct fringe_left parent= relZ=16745.0
BLMappedMagnet::Construct fringe_right parent= relZ=17085.0
BLMappedMagnet::Construct fringe_left parent= relZ=16915.0
BLMappedMagnet::Construct fringe_right parent= relZ=17255.0
BLMappedMagnet::Construct fringe_left parent= relZ=17595.0
BLMappedMagnet::Construct fringe_right parent= relZ=17935.0
BLMappedMagnet::Construct fringe_left parent= relZ=17765.0
BLMappedMagnet::Construct fringe_right parent= relZ=18105.0
BLMappedMagnet::Construct fringe_left parent= relZ=18445.0
BLMappedMagnet::Construct fringe_right parent= relZ=18785.0
BLMappedMagnet::Construct fringe_left parent= relZ=18615.0
BLMappedMagnet::Construct fringe_right parent= relZ=18955.0
BLMappedMagnet::Construct fringe_left parent= relZ=19295.0
BLMappedMagnet::Construct fringe_right parent= relZ=19635.0
BLMappedMagnet::Construct fringe_left parent= relZ=19465.0
BLMappedMagnet::Construct fringe_right parent= relZ=19805.0
BLMappedMagnet::Construct fringe_left parent= relZ=20145.0
BLMappedMagnet::Construct fringe_right parent= relZ=20485.0
BLMappedMagnet::Construct fringe_left parent= relZ=20315.0
BLMappedMagnet::Construct fringe_right parent= relZ=20655.0
BLMappedMagnet::Construct fringe_left parent= relZ=20995.0
BLMappedMagnet::Construct fringe_right parent= relZ=21335.0
BLMappedMagnet::Construct fringe_left parent= relZ=21165.0
BLMappedMagnet::Construct fringe_right parent= relZ=21505.0
BLMappedMagnet::Construct fringe_left parent= relZ=21845.0
BLMappedMagnet::Construct fringe_right parent= relZ=22185.0
BLMappedMagnet::Construct fringe_left parent= relZ=22015.0
BLMappedMagnet::Construct fringe_right parent= relZ=22355.0
BLMappedMagnet::Construct fringe_left parent= relZ=22695.0
BLMappedMagnet::Construct fringe_right parent= relZ=23035.0
BLMappedMagnet::Construct fringe_left parent= relZ=22865.0
BLMappedMagnet::Construct fringe_right parent= relZ=23205.0
BLMappedMagnet::Construct fringe_left parent= relZ=23545.0
BLMappedMagnet::Construct fringe_right parent= relZ=23885.0
BLMappedMagnet::Construct fringe_left parent= relZ=23715.0
BLMappedMagnet::Construct fringe_right parent= relZ=24055.0
BLMappedMagnet::Construct fringe_left parent= relZ=24395.0
BLMappedMagnet::Construct fringe_right parent= relZ=24735.0
BLMappedMagnet::Construct fringe_left parent= relZ=24565.0
BLMappedMagnet::Construct fringe_right parent= relZ=24905.0
BLMappedMagnet::Construct fringe_left parent= relZ=25245.0
BLMappedMagnet::Construct fringe_right parent= relZ=25585.0
BLMappedMagnet::Construct fringe_left parent= relZ=25415.0
BLMappedMagnet::Construct fringe_right parent= relZ=25755.0
BLMappedMagnet::Construct fringe_left parent= relZ=26095.0
BLMappedMagnet::Construct fringe_right parent= relZ=26435.0
BLMappedMagnet::Construct fringe_left parent= relZ=26265.0
BLMappedMagnet::Construct fringe_right parent= relZ=26605.0
BLMappedMagnet::Construct fringe_left parent= relZ=26945.0
BLMappedMagnet::Construct fringe_right parent= relZ=27285.0
BLMappedMagnet::Construct fringe_left parent= relZ=27115.0
BLMappedMagnet::Construct fringe_right parent= relZ=27455.0
BLMappedMagnet::Construct fringe_left parent= relZ=27795.0
BLMappedMagnet::Construct fringe_right parent= relZ=28135.0
BLMappedMagnet::Construct fringe_left parent= relZ=27965.0
BLMappedMagnet::Construct fringe_right parent= relZ=28305.0
BLMappedMagnet::Construct fringe_left parent= relZ=28645.0
BLMappedMagnet::Construct fringe_right parent= relZ=28985.0
BLMappedMagnet::Construct fringe_left parent= relZ=28815.0
BLMappedMagnet::Construct fringe_right parent= relZ=29155.0
BLMappedMagnet::Construct fringe_left parent= relZ=29495.0
BLMappedMagnet::Construct fringe_right parent= relZ=29835.0
BLMappedMagnet::Construct fringe_left parent= relZ=29665.0
BLMappedMagnet::Construct fringe_right parent= relZ=30005.0
BLMappedMagnet::Construct fringe_left parent= relZ=30345.0
BLMappedMagnet::Construct fringe_right parent= relZ=30685.0
BLMappedMagnet::Construct fringe_left parent= relZ=30515.0
BLMappedMagnet::Construct fringe_right parent= relZ=30855.0
BLMappedMagnet::Construct fringe_left parent= relZ=31195.0
BLMappedMagnet::Construct fringe_right parent= relZ=31535.0
BLMappedMagnet::Construct fringe_left parent= relZ=31365.0
BLMappedMagnet::Construct fringe_right parent= relZ=31705.0
BLMappedMagnet::Construct fringe_left parent= relZ=32045.0
BLMappedMagnet::Construct fringe_right parent= relZ=32385.0
BLMappedMagnet::Construct fringe_left parent= relZ=32215.0
BLMappedMagnet::Construct fringe_right parent= relZ=32555.0
BLMappedMagnet::Construct fringe_left parent= relZ=32895.0
BLMappedMagnet::Construct fringe_right parent= relZ=33235.0
BLMappedMagnet::Construct fringe_left parent= relZ=33065.0
BLMappedMagnet::Construct fringe_right parent= relZ=33405.0
BLMappedMagnet::Construct fringe_left parent= relZ=33745.0
BLMappedMagnet::Construct fringe_right parent= relZ=34085.0
BLMappedMagnet::Construct fringe_left parent= relZ=33915.0
BLMappedMagnet::Construct fringe_right parent= relZ=34255.0
BLMappedMagnet::Construct fringe_left parent= relZ=34595.0
BLMappedMagnet::Construct fringe_right parent= relZ=34935.0
BLMappedMagnet::Construct fringe_left parent= relZ=34765.0
BLMappedMagnet::Construct fringe_right parent= relZ=35105.0
BLMappedMagnet::Construct fringe_left parent= relZ=35445.0
BLMappedMagnet::Construct fringe_right parent= relZ=35785.0
BLMappedMagnet::Construct fringe_left parent= relZ=35615.0
BLMappedMagnet::Construct fringe_right parent= relZ=35955.0
BLMappedMagnet::Construct fringe_left parent= relZ=36295.0
BLMappedMagnet::Construct fringe_right parent= relZ=36635.0
BLMappedMagnet::Construct fringe_left parent= relZ=36465.0
BLMappedMagnet::Construct fringe_right parent= relZ=36805.0
BLMappedMagnet::Construct fringe_left parent= relZ=37145.0
BLMappedMagnet::Construct fringe_right parent= relZ=37485.0
BLMappedMagnet::Construct fringe_left parent= relZ=37315.0
BLMappedMagnet::Construct fringe_right parent= relZ=37655.0
BLMappedMagnet::Construct fringe_left parent= relZ=37995.0
BLMappedMagnet::Construct fringe_right parent= relZ=38335.0
BLMappedMagnet::Construct fringe_left parent= relZ=38165.0
BLMappedMagnet::Construct fringe_right parent= relZ=38505.0
BLMappedMagnet::Construct fringe_left parent= relZ=38845.0
BLMappedMagnet::Construct fringe_right parent= relZ=39185.0
BLMappedMagnet::Construct fringe_left parent= relZ=39015.0
BLMappedMagnet::Construct fringe_right parent= relZ=39355.0
BLMappedMagnet::Construct fringe_left parent= relZ=39695.0
BLMappedMagnet::Construct fringe_right parent= relZ=40035.0
BLMappedMagnet::Construct fringe_left parent= relZ=39865.0
BLMappedMagnet::Construct fringe_right parent= relZ=40205.0
BLMappedMagnet::Construct fringe_left parent= relZ=40545.0
BLMappedMagnet::Construct fringe_right parent= relZ=40885.0
BLMappedMagnet::Construct fringe_left parent= relZ=40715.0
BLMappedMagnet::Construct fringe_right parent= relZ=41055.0
BLMappedMagnet::Construct fringe_left parent= relZ=41395.0
BLMappedMagnet::Construct fringe_right parent= relZ=41735.0
BLMappedMagnet::Construct fringe_left parent= relZ=41565.0
BLMappedMagnet::Construct fringe_right parent= relZ=41905.0
BLMappedMagnet::Construct fringe_left parent= relZ=42245.0
BLMappedMagnet::Construct fringe_right parent= relZ=42585.0
BLMappedMagnet::Construct fringe_left parent= relZ=42415.0
BLMappedMagnet::Construct fringe_right parent= relZ=42755.0
BLMappedMagnet::Construct fringe_left parent= relZ=43095.0
BLMappedMagnet::Construct fringe_right parent= relZ=43435.0
BLMappedMagnet::Construct fringe_left parent= relZ=43265.0
BLMappedMagnet::Construct fringe_right parent= relZ=43605.0
BLMappedMagnet::Construct fringe_left parent= relZ=43945.0
BLMappedMagnet::Construct fringe_right parent= relZ=44285.0
BLMappedMagnet::Construct fringe_left parent= relZ=44115.0
BLMappedMagnet::Construct fringe_right parent= relZ=44455.0
BLMappedMagnet::Construct fringe_left parent= relZ=44795.0
BLMappedMagnet::Construct fringe_right parent= relZ=45135.0
BLMappedMagnet::Construct fringe_left parent= relZ=44965.0
BLMappedMagnet::Construct fringe_right parent= relZ=45305.0
BLMappedMagnet::Construct fringe_left parent= relZ=45645.0
BLMappedMagnet::Construct fringe_right parent= relZ=45985.0
BLMappedMagnet::Construct fringe_left parent= relZ=45815.0
BLMappedMagnet::Construct fringe_right parent= relZ=46155.0
BLMappedMagnet::Construct fringe_left parent= relZ=46495.0
BLMappedMagnet::Construct fringe_right parent= relZ=46835.0
BLMappedMagnet::Construct fringe_left parent= relZ=46665.0
BLMappedMagnet::Construct fringe_right parent= relZ=47005.0
BLMappedMagnet::Construct fringe_left parent= relZ=47345.0
BLMappedMagnet::Construct fringe_right parent= relZ=47685.0
BLMappedMagnet::Construct fringe_left parent= relZ=47515.0
BLMappedMagnet::Construct fringe_right parent= relZ=47855.0
BLMappedMagnet::Construct fringe_left parent= relZ=48195.0
BLMappedMagnet::Construct fringe_right parent= relZ=48535.0
BLMappedMagnet::Construct fringe_left parent= relZ=48365.0
BLMappedMagnet::Construct fringe_right parent= relZ=48705.0
BLMappedMagnet::Construct fringe_left parent= relZ=49045.0
BLMappedMagnet::Construct fringe_right parent= relZ=49385.0
BLMappedMagnet::Construct fringe_left parent= relZ=49215.0
BLMappedMagnet::Construct fringe_right parent= relZ=49555.0
BLMappedMagnet::Construct fringe_left parent= relZ=49895.0
BLMappedMagnet::Construct fringe_right parent= relZ=50235.0
BLMappedMagnet::Construct fringe_left parent= relZ=50065.0
BLMappedMagnet::Construct fringe_right parent= relZ=50405.0
BLMappedMagnet::Construct fringe_left parent= relZ=50745.0
BLMappedMagnet::Construct fringe_right parent= relZ=51085.0
BLMappedMagnet::Construct fringe_left parent= relZ=50915.0
BLMappedMagnet::Construct fringe_right parent= relZ=51255.0
BLMappedMagnet::Construct fringe_left parent= relZ=51595.0
BLMappedMagnet::Construct fringe_right parent= relZ=51935.0
Checking overlaps for volume pipe:0 (G4Tubs) ... OK! 
BLCMDtubs::Construct pipe parent= relZ=112.4 globZ=112.4
	zmin=0.0 zmax=224.9 kill=1
Checking overlaps for volume pipe:0 (G4Tubs) ... OK! 
BLCMDtubs::Construct pipe parent= relZ=737.6 globZ=737.6
	zmin=625.1 zmax=850.0 kill=1
Checking overlaps for volume pipe:0 (G4Tubs) ... OK! 
BLCMDtubs::Construct pipe parent= relZ=962.4 globZ=962.4
	zmin=850.0 zmax=1074.9 kill=1
Checking overlaps for volume pipe:0 (G4Tubs) ... OK! 
BLCMDtubs::Construct pipe parent= relZ=1587.6 globZ=1587.6
	zmin=1475.1 zmax=1700.0 kill=1
Checking overlaps for volume pipe:0 (G4Tubs) ... OK! 
BLCMDtubs::Construct pipe parent= relZ=1812.4 globZ=1812.4
	zmin=1700.0 zmax=1924.9 kill=1
Checking overlaps for volume pipe:0 (G4Tubs) ... OK! 
BLCMDtubs::Construct pipe parent= relZ=2437.6 globZ=2437.6
	zmin=2325.1 zmax=2550.0 kill=1
Checking overlaps for volume pipe:0 (G4Tubs) ... OK! 
BLCMDtubs::Construct pipe parent= relZ=2662.4 globZ=2662.4
	zmin=2550.0 zmax=2774.9 kill=1
Checking overlaps for volume pipe:0 (G4Tubs) ... OK! 
BLCMDtubs::Construct pipe parent= relZ=3287.6 globZ=3287.6
	zmin=3175.1 zmax=3400.0 kill=1
Checking overlaps for volume pipe:0 (G4Tubs) ... OK! 
BLCMDtubs::Construct pipe parent= relZ=3512.4 globZ=3512.4
	zmin=3400.0 zmax=3624.9 kill=1
Checking overlaps for volume pipe:0 (G4Tubs) ... OK! 
BLCMDtubs::Construct pipe parent= relZ=4137.6 globZ=4137.6
	zmin=4025.1 zmax=4250.0 kill=1
Checking overlaps for volume pipe:0 (G4Tubs) ... OK! 
BLCMDtubs::Construct pipe parent= relZ=4362.4 globZ=4362.4
	zmin=4250.0 zmax=4474.9 kill=1
Checking overlaps for volume pipe:0 (G4Tubs) ... OK! 
BLCMDtubs::Construct pipe parent= relZ=4987.6 globZ=4987.6
	zmin=4875.1 zmax=5100.0 kill=1
Checking overlaps for volume pipe:0 (G4Tubs) ... OK! 
BLCMDtubs::Construct pipe parent= relZ=5212.4 globZ=5212.4
	zmin=5100.0 zmax=5324.9 kill=1
Checking overlaps for volume pipe:0 (G4Tubs) ... OK! 
BLCMDtubs::Construct pipe parent= relZ=5837.6 globZ=5837.6
	zmin=5725.1 zmax=5950.0 kill=1
Checking overlaps for volume pipe:0 (G4Tubs) ... OK! 
BLCMDtubs::Construct pipe parent= relZ=6062.4 globZ=6062.4
	zmin=5950.0 zmax=6174.9 kill=1
Checking overlaps for volume pipe:0 (G4Tubs) ... OK! 
BLCMDtubs::Construct pipe parent= relZ=6687.6 globZ=6687.6
	zmin=6575.1 zmax=6800.0 kill=1
Checking overlaps for volume pipe:0 (G4Tubs) ... OK! 
BLCMDtubs::Construct pipe parent= relZ=6912.4 globZ=6912.4
	zmin=6800.0 zmax=7024.9 kill=1
Checking overlaps for volume pipe:0 (G4Tubs) ... OK! 
BLCMDtubs::Construct pipe parent= relZ=7537.6 globZ=7537.6
	zmin=7425.1 zmax=7650.0 kill=1
Checking overlaps for volume pipe:0 (G4Tubs) ... OK! 
BLCMDtubs::Construct pipe parent= relZ=7762.4 globZ=7762.4
	zmin=7650.0 zmax=7874.9 kill=1
Checking overlaps for volume pipe:0 (G4Tubs) ... OK! 
BLCMDtubs::Construct pipe parent= relZ=8387.6 globZ=8387.6
	zmin=8275.1 zmax=8500.0 kill=1
Checking overlaps for volume pipe:0 (G4Tubs) ... OK! 
BLCMDtubs::Construct pipe parent= relZ=8612.4 globZ=8612.4
	zmin=8500.0 zmax=8724.9 kill=1
Checking overlaps for volume pipe:0 (G4Tubs) ... OK! 
BLCMDtubs::Construct pipe parent= relZ=9237.6 globZ=9237.6
	zmin=9125.1 zmax=9350.0 kill=1
Checking overlaps for volume pipe:0 (G4Tubs) ... OK! 
BLCMDtubs::Construct pipe parent= relZ=9462.4 globZ=9462.4
	zmin=9350.0 zmax=9574.9 kill=1
Checking overlaps for volume pipe:0 (G4Tubs) ... OK! 
BLCMDtubs::Construct pipe parent= relZ=10087.6 globZ=10087.6
	zmin=9975.1 zmax=10200.0 kill=1
Checking overlaps for volume pipe:0 (G4Tubs) ... OK! 
BLCMDtubs::Construct pipe parent= relZ=10312.4 globZ=10312.4
	zmin=10200.0 zmax=10424.9 kill=1
Checking overlaps for volume pipe:0 (G4Tubs) ... OK! 
BLCMDtubs::Construct pipe parent= relZ=10937.6 globZ=10937.6
	zmin=10825.1 zmax=11050.0 kill=1
Checking overlaps for volume pipe:0 (G4Tubs) ... OK! 
BLCMDtubs::Construct pipe parent= relZ=11162.4 globZ=11162.4
	zmin=11050.0 zmax=11274.9 kill=1
Checking overlaps for volume pipe:0 (G4Tubs) ... OK! 
BLCMDtubs::Construct pipe parent= relZ=11787.6 globZ=11787.6
	zmin=11675.1 zmax=11900.0 kill=1
Checking overlaps for volume pipe:0 (G4Tubs) ... OK! 
BLCMDtubs::Construct pipe parent= relZ=12012.4 globZ=12012.4
	zmin=11900.0 zmax=12124.9 kill=1
Checking overlaps for volume pipe:0 (G4Tubs) ... OK! 
BLCMDtubs::Construct pipe parent= relZ=12637.6 globZ=12637.6
	zmin=12525.1 zmax=12750.0 kill=1
Checking overlaps for volume pipe:0 (G4Tubs) ... OK! 
BLCMDtubs::Construct pipe parent= relZ=12862.4 globZ=12862.4
	zmin=12750.0 zmax=12974.9 kill=1
Checking overlaps for volume pipe:0 (G4Tubs) ... OK! 
BLCMDtubs::Construct pipe parent= relZ=13487.6 globZ=13487.6
	zmin=13375.1 zmax=13600.0 kill=1
Checking overlaps for volume pipe:0 (G4Tubs) ... OK! 
BLCMDtubs::Construct pipe parent= relZ=13712.4 globZ=13712.4
	zmin=13600.0 zmax=13824.9 kill=1
Checking overlaps for volume pipe:0 (G4Tubs) ... OK! 
BLCMDtubs::Construct pipe parent= relZ=14337.6 globZ=14337.6
	zmin=14225.1 zmax=14450.0 kill=1
Checking overlaps for volume pipe:0 (G4Tubs) ... OK! 
BLCMDtubs::Construct pipe parent= relZ=14562.4 globZ=14562.4
	zmin=14450.0 zmax=14674.9 kill=1
Checking overlaps for volume pipe:0 (G4Tubs) ... OK! 
BLCMDtubs::Construct pipe parent= relZ=15187.6 globZ=15187.6
	zmin=15075.1 zmax=15300.0 kill=1
Checking overlaps for volume pipe:0 (G4Tubs) ... OK! 
BLCMDtubs::Construct pipe parent= relZ=15412.4 globZ=15412.4
	zmin=15300.0 zmax=15524.9 kill=1
Checking overlaps for volume pipe:0 (G4Tubs) ... OK! 
BLCMDtubs::Construct pipe parent= relZ=16037.6 globZ=16037.6
	zmin=15925.1 zmax=16150.0 kill=1
Checking overlaps for volume pipe:0 (G4Tubs) ... OK! 
BLCMDtubs::Construct pipe parent= relZ=16262.4 globZ=16262.4
	zmin=16150.0 zmax=16374.9 kill=1
Checking overlaps for volume pipe:0 (G4Tubs) ... OK! 
BLCMDtubs::Construct pipe parent= relZ=16887.6 globZ=16887.6
	zmin=16775.1 zmax=17000.0 kill=1
Checking overlaps for volume pipe:0 (G4Tubs) ... OK! 
BLCMDtubs::Construct pipe parent= relZ=17112.4 globZ=17112.4
	zmin=17000.0 zmax=17224.9 kill=1
Checking overlaps for volume pipe:0 (G4Tubs) ... OK! 
BLCMDtubs::Construct pipe parent= relZ=17737.6 globZ=17737.6
	zmin=17625.1 zmax=17850.0 kill=1
Checking overlaps for volume pipe:0 (G4Tubs) ... OK! 
BLCMDtubs::Construct pipe parent= relZ=17962.4 globZ=17962.4
	zmin=17850.0 zmax=18074.9 kill=1
Checking overlaps for volume pipe:0 (G4Tubs) ... OK! 
BLCMDtubs::Construct pipe parent= relZ=18587.6 globZ=18587.6
	zmin=18475.1 zmax=18700.0 kill=1
Checking overlaps for volume pipe:0 (G4Tubs) ... OK! 
BLCMDtubs::Construct pipe parent= relZ=18812.4 globZ=18812.4
	zmin=18700.0 zmax=18924.9 kill=1
Checking overlaps for volume pipe:0 (G4Tubs) ... OK! 
BLCMDtubs::Construct pipe parent= relZ=19437.6 globZ=19437.6
	zmin=19325.1 zmax=19550.0 kill=1
Checking overlaps for volume pipe:0 (G4Tubs) ... OK! 
BLCMDtubs::Construct pipe parent= relZ=19662.4 globZ=19662.4
	zmin=19550.0 zmax=19774.9 kill=1
Checking overlaps for volume pipe:0 (G4Tubs) ... OK! 
BLCMDtubs::Construct pipe parent= relZ=20287.6 globZ=20287.6
	zmin=20175.1 zmax=20400.0 kill=1
Checking overlaps for volume pipe:0 (G4Tubs) ... OK! 
BLCMDtubs::Construct pipe parent= relZ=20512.4 globZ=20512.4
	zmin=20400.0 zmax=20624.9 kill=1
Checking overlaps for volume pipe:0 (G4Tubs) ... OK! 
BLCMDtubs::Construct pipe parent= relZ=21137.6 globZ=21137.6
	zmin=21025.1 zmax=21250.0 kill=1
Checking overlaps for volume pipe:0 (G4Tubs) ... OK! 
BLCMDtubs::Construct pipe parent= relZ=21362.4 globZ=21362.4
	zmin=21250.0 zmax=21474.9 kill=1
Checking overlaps for volume pipe:0 (G4Tubs) ... OK! 
BLCMDtubs::Construct pipe parent= relZ=21987.6 globZ=21987.6
	zmin=21875.1 zmax=22100.0 kill=1
Checking overlaps for volume pipe:0 (G4Tubs) ... OK! 
BLCMDtubs::Construct pipe parent= relZ=22212.4 globZ=22212.4
	zmin=22100.0 zmax=22324.9 kill=1
Checking overlaps for volume pipe:0 (G4Tubs) ... OK! 
BLCMDtubs::Construct pipe parent= relZ=22837.6 globZ=22837.6
	zmin=22725.1 zmax=22950.0 kill=1
Checking overlaps for volume pipe:0 (G4Tubs) ... OK! 
BLCMDtubs::Construct pipe parent= relZ=23062.4 globZ=23062.4
	zmin=22950.0 zmax=23174.9 kill=1
Checking overlaps for volume pipe:0 (G4Tubs) ... OK! 
BLCMDtubs::Construct pipe parent= relZ=23687.6 globZ=23687.6
	zmin=23575.1 zmax=23800.0 kill=1
Checking overlaps for volume pipe:0 (G4Tubs) ... OK! 
BLCMDtubs::Construct pipe parent= relZ=23912.4 globZ=23912.4
	zmin=23800.0 zmax=24024.9 kill=1
Checking overlaps for volume pipe:0 (G4Tubs) ... OK! 
BLCMDtubs::Construct pipe parent= relZ=24537.6 globZ=24537.6
	zmin=24425.1 zmax=24650.0 kill=1
Checking overlaps for volume pipe:0 (G4Tubs) ... OK! 
BLCMDtubs::Construct pipe parent= relZ=24762.4 globZ=24762.4
	zmin=24650.0 zmax=24874.9 kill=1
Checking overlaps for volume pipe:0 (G4Tubs) ... OK! 
BLCMDtubs::Construct pipe parent= relZ=25387.6 globZ=25387.6
	zmin=25275.1 zmax=25500.0 kill=1
Checking overlaps for volume pipe:0 (G4Tubs) ... OK! 
BLCMDtubs::Construct pipe parent= relZ=25612.4 globZ=25612.4
	zmin=25500.0 zmax=25724.9 kill=1
Checking overlaps for volume pipe:0 (G4Tubs) ... OK! 
BLCMDtubs::Construct pipe parent= relZ=26237.6 globZ=26237.6
	zmin=26125.1 zmax=26350.0 kill=1
Checking overlaps for volume pipe:0 (G4Tubs) ... OK! 
BLCMDtubs::Construct pipe parent= relZ=26462.4 globZ=26462.4
	zmin=26350.0 zmax=26574.9 kill=1
Checking overlaps for volume pipe:0 (G4Tubs) ... OK! 
BLCMDtubs::Construct pipe parent= relZ=27087.6 globZ=27087.6
	zmin=26975.1 zmax=27200.0 kill=1
Checking overlaps for volume pipe:0 (G4Tubs) ... OK! 
BLCMDtubs::Construct pipe parent= relZ=27312.4 globZ=27312.4
	zmin=27200.0 zmax=27424.9 kill=1
Checking overlaps for volume pipe:0 (G4Tubs) ... OK! 
BLCMDtubs::Construct pipe parent= relZ=27937.6 globZ=27937.6
	zmin=27825.1 zmax=28050.0 kill=1
Checking overlaps for volume pipe:0 (G4Tubs) ... OK! 
BLCMDtubs::Construct pipe parent= relZ=28162.4 globZ=28162.4
	zmin=28050.0 zmax=28274.9 kill=1
Checking overlaps for volume pipe:0 (G4Tubs) ... OK! 
BLCMDtubs::Construct pipe parent= relZ=28787.6 globZ=28787.6
	zmin=28675.1 zmax=28900.0 kill=1
Checking overlaps for volume pipe:0 (G4Tubs) ... OK! 
BLCMDtubs::Construct pipe parent= relZ=29012.4 globZ=29012.4
	zmin=28900.0 zmax=29124.9 kill=1
Checking overlaps for volume pipe:0 (G4Tubs) ... OK! 
BLCMDtubs::Construct pipe parent= relZ=29637.6 globZ=29637.6
	zmin=29525.1 zmax=29750.0 kill=1
Checking overlaps for volume pipe:0 (G4Tubs) ... OK! 
BLCMDtubs::Construct pipe parent= relZ=29862.4 globZ=29862.4
	zmin=29750.0 zmax=29974.9 kill=1
Checking overlaps for volume pipe:0 (G4Tubs) ... OK! 
BLCMDtubs::Construct pipe parent= relZ=30487.6 globZ=30487.6
	zmin=30375.1 zmax=30600.0 kill=1
Checking overlaps for volume pipe:0 (G4Tubs) ... OK! 
BLCMDtubs::Construct pipe parent= relZ=30712.4 globZ=30712.4
	zmin=30600.0 zmax=30824.9 kill=1
Checking overlaps for volume pipe:0 (G4Tubs) ... OK! 
BLCMDtubs::Construct pipe parent= relZ=31337.6 globZ=31337.6
	zmin=31225.1 zmax=31450.0 kill=1
Checking overlaps for volume pipe:0 (G4Tubs) ... OK! 
BLCMDtubs::Construct pipe parent= relZ=31562.4 globZ=31562.4
	zmin=31450.0 zmax=31674.9 kill=1
Checking overlaps for volume pipe:0 (G4Tubs) ... OK! 
BLCMDtubs::Construct pipe parent= relZ=32187.6 globZ=32187.6
	zmin=32075.1 zmax=32300.0 kill=1
Checking overlaps for volume pipe:0 (G4Tubs) ... OK! 
BLCMDtubs::Construct pipe parent= relZ=32412.4 globZ=32412.4
	zmin=32300.0 zmax=32524.9 kill=1
Checking overlaps for volume pipe:0 (G4Tubs) ... OK! 
BLCMDtubs::Construct pipe parent= relZ=33037.6 globZ=33037.6
	zmin=32925.1 zmax=33150.0 kill=1
Checking overlaps for volume pipe:0 (G4Tubs) ... OK! 
BLCMDtubs::Construct pipe parent= relZ=33262.4 globZ=33262.4
	zmin=33150.0 zmax=33374.9 kill=1
Checking overlaps for volume pipe:0 (G4Tubs) ... OK! 
BLCMDtubs::Construct pipe parent= relZ=33887.6 globZ=33887.6
	zmin=33775.1 zmax=34000.0 kill=1
Checking overlaps for volume pipe:0 (G4Tubs) ... OK! 
BLCMDtubs::Construct pipe parent= relZ=34112.4 globZ=34112.4
	zmin=34000.0 zmax=34224.9 kill=1
Checking overlaps for volume pipe:0 (G4Tubs) ... OK! 
BLCMDtubs::Construct pipe parent= relZ=34737.6 globZ=34737.6
	zmin=34625.1 zmax=34850.0 kill=1
Checking overlaps for volume pipe:0 (G4Tubs) ... OK! 
BLCMDtubs::Construct pipe parent= relZ=34962.4 globZ=34962.4
	zmin=34850.0 zmax=35074.9 kill=1
Checking overlaps for volume pipe:0 (G4Tubs) ... OK! 
BLCMDtubs::Construct pipe parent= relZ=35587.6 globZ=35587.6
	zmin=35475.1 zmax=35700.0 kill=1
Checking overlaps for volume pipe:0 (G4Tubs) ... OK! 
BLCMDtubs::Construct pipe parent= relZ=35812.4 globZ=35812.4
	zmin=35700.0 zmax=35924.9 kill=1
Checking overlaps for volume pipe:0 (G4Tubs) ... OK! 
BLCMDtubs::Construct pipe parent= relZ=36437.6 globZ=36437.6
	zmin=36325.1 zmax=36550.0 kill=1
Checking overlaps for volume pipe:0 (G4Tubs) ... OK! 
BLCMDtubs::Construct pipe parent= relZ=36662.4 globZ=36662.4
	zmin=36550.0 zmax=36774.9 kill=1
Checking overlaps for volume pipe:0 (G4Tubs) ... OK! 
BLCMDtubs::Construct pipe parent= relZ=37287.6 globZ=37287.6
	zmin=37175.1 zmax=37400.0 kill=1
Checking overlaps for volume pipe:0 (G4Tubs) ... OK! 
BLCMDtubs::Construct pipe parent= relZ=37512.4 globZ=37512.4
	zmin=37400.0 zmax=37624.9 kill=1
Checking overlaps for volume pipe:0 (G4Tubs) ... OK! 
BLCMDtubs::Construct pipe parent= relZ=38137.6 globZ=38137.6
	zmin=38025.1 zmax=38250.0 kill=1
Checking overlaps for volume pipe:0 (G4Tubs) ... OK! 
BLCMDtubs::Construct pipe parent= relZ=38362.4 globZ=38362.4
	zmin=38250.0 zmax=38474.9 kill=1
Checking overlaps for volume pipe:0 (G4Tubs) ... OK! 
BLCMDtubs::Construct pipe parent= relZ=38987.6 globZ=38987.6
	zmin=38875.1 zmax=39100.0 kill=1
Checking overlaps for volume pipe:0 (G4Tubs) ... OK! 
BLCMDtubs::Construct pipe parent= relZ=39212.4 globZ=39212.4
	zmin=39100.0 zmax=39324.9 kill=1
Checking overlaps for volume pipe:0 (G4Tubs) ... OK! 
BLCMDtubs::Construct pipe parent= relZ=39837.6 globZ=39837.6
	zmin=39725.1 zmax=39950.0 kill=1
Checking overlaps for volume pipe:0 (G4Tubs) ... OK! 
BLCMDtubs::Construct pipe parent= relZ=40062.4 globZ=40062.4
	zmin=39950.0 zmax=40174.9 kill=1
Checking overlaps for volume pipe:0 (G4Tubs) ... OK! 
BLCMDtubs::Construct pipe parent= relZ=40687.6 globZ=40687.6
	zmin=40575.1 zmax=40800.0 kill=1
Checking overlaps for volume pipe:0 (G4Tubs) ... OK! 
BLCMDtubs::Construct pipe parent= relZ=40912.4 globZ=40912.4
	zmin=40800.0 zmax=41024.9 kill=1
Checking overlaps for volume pipe:0 (G4Tubs) ... OK! 
BLCMDtubs::Construct pipe parent= relZ=41537.6 globZ=41537.6
	zmin=41425.1 zmax=41650.0 kill=1
Checking overlaps for volume pipe:0 (G4Tubs) ... OK! 
BLCMDtubs::Construct pipe parent= relZ=41762.4 globZ=41762.4
	zmin=41650.0 zmax=41874.9 kill=1
Checking overlaps for volume pipe:0 (G4Tubs) ... OK! 
BLCMDtubs::Construct pipe parent= relZ=42387.6 globZ=42387.6
	zmin=42275.1 zmax=42500.0 kill=1
Checking overlaps for volume pipe:0 (G4Tubs) ... OK! 
BLCMDtubs::Construct pipe parent= relZ=42612.4 globZ=42612.4
	zmin=42500.0 zmax=42724.9 kill=1
Checking overlaps for volume pipe:0 (G4Tubs) ... OK! 
BLCMDtubs::Construct pipe parent= relZ=43237.6 globZ=43237.6
	zmin=43125.1 zmax=43350.0 kill=1
Checking overlaps for volume pipe:0 (G4Tubs) ... OK! 
BLCMDtubs::Construct pipe parent= relZ=43462.4 globZ=43462.4
	zmin=43350.0 zmax=43574.9 kill=1
Checking overlaps for volume pipe:0 (G4Tubs) ... OK! 
BLCMDtubs::Construct pipe parent= relZ=44087.6 globZ=44087.6
	zmin=43975.1 zmax=44200.0 kill=1
Checking overlaps for volume pipe:0 (G4Tubs) ... OK! 
BLCMDtubs::Construct pipe parent= relZ=44312.4 globZ=44312.4
	zmin=44200.0 zmax=44424.9 kill=1
Checking overlaps for volume pipe:0 (G4Tubs) ... OK! 
BLCMDtubs::Construct pipe parent= relZ=44937.6 globZ=44937.6
	zmin=44825.1 zmax=45050.0 kill=1
Checking overlaps for volume pipe:0 (G4Tubs) ... OK! 
BLCMDtubs::Construct pipe parent= relZ=45162.4 globZ=45162.4
	zmin=45050.0 zmax=45274.9 kill=1
Checking overlaps for volume pipe:0 (G4Tubs) ... OK! 
BLCMDtubs::Construct pipe parent= relZ=45787.6 globZ=45787.6
	zmin=45675.1 zmax=45900.0 kill=1
Checking overlaps for volume pipe:0 (G4Tubs) ... OK! 
BLCMDtubs::Construct pipe parent= relZ=46012.4 globZ=46012.4
	zmin=45900.0 zmax=46124.9 kill=1
Checking overlaps for volume pipe:0 (G4Tubs) ... OK! 
BLCMDtubs::Construct pipe parent= relZ=46637.6 globZ=46637.6
	zmin=46525.1 zmax=46750.0 kill=1
Checking overlaps for volume pipe:0 (G4Tubs) ... OK! 
BLCMDtubs::Construct pipe parent= relZ=46862.4 globZ=46862.4
	zmin=46750.0 zmax=46974.9 kill=1
Checking overlaps for volume pipe:0 (G4Tubs) ... OK! 
BLCMDtubs::Construct pipe parent= relZ=47487.6 globZ=47487.6
	zmin=47375.1 zmax=47600.0 kill=1
Checking overlaps for volume pipe:0 (G4Tubs) ... OK! 
BLCMDtubs::Construct pipe parent= relZ=47712.4 globZ=47712.4
	zmin=47600.0 zmax=47824.9 kill=1
Checking overlaps for volume pipe:0 (G4Tubs) ... OK! 
BLCMDtubs::Construct pipe parent= relZ=48337.6 globZ=48337.6
	zmin=48225.1 zmax=48450.0 kill=1
Checking overlaps for volume pipe:0 (G4Tubs) ... OK! 
BLCMDtubs::Construct pipe parent= relZ=48562.4 globZ=48562.4
	zmin=48450.0 zmax=48674.9 kill=1
Checking overlaps for volume pipe:0 (G4Tubs) ... OK! 
BLCMDtubs::Construct pipe parent= relZ=49187.6 globZ=49187.6
	zmin=49075.1 zmax=49300.0 kill=1
Checking overlaps for volume pipe:0 (G4Tubs) ... OK! 
BLCMDtubs::Construct pipe parent= relZ=49412.4 globZ=49412.4
	zmin=49300.0 zmax=49524.9 kill=1
Checking overlaps for volume pipe:0 (G4Tubs) ... OK! 
BLCMDtubs::Construct pipe parent= relZ=50037.6 globZ=50037.6
	zmin=49925.1 zmax=50150.0 kill=1
Checking overlaps for volume pipe:0 (G4Tubs) ... OK! 
BLCMDtubs::Construct pipe parent= relZ=50262.4 globZ=50262.4
	zmin=50150.0 zmax=50374.9 kill=1
Checking overlaps for volume pipe:0 (G4Tubs) ... OK! 
BLCMDtubs::Construct pipe parent= relZ=50887.6 globZ=50887.6
	zmin=50775.1 zmax=51000.0 kill=1
Checking overlaps for volume pipe:0 (G4Tubs) ... OK! 
BLCMDtubs::Construct pipe parent= relZ=51112.4 globZ=51112.4
	zmin=51000.0 zmax=51224.9 kill=1
Checking overlaps for volume pipe:0 (G4Tubs) ... OK! 
BLCMDtubs::Construct pipe parent= relZ=51737.6 globZ=51737.6
	zmin=51625.1 zmax=51850.0 kill=1
Checking overlaps for volume rf_b_00Pipe:0 (G4Tubs) ... OK! 
Checking overlaps for volume rf_b_00UsWall:0 (G4Tubs) ... OK! 
Checking overlaps for volume rf_b_00DsWall:0 (G4Tubs) ... OK! 
Checking overlaps for volume rf_b_00UsWin1:0 (G4Tubs) ... OK! 
Checking overlaps for volume rf_b_00DsWin1:0 (G4Tubs) ... OK! 
Checking overlaps for volume rf_b_00UsWin2:0 (G4Tubs) ... OK! 
Checking overlaps for volume rf_b_00DsWin2:0 (G4Tubs) ... OK! 
Checking overlaps for volume rf_b_00DsHalf:0 (G4Tubs) ... OK! 
Checking overlaps for volume rf_b_00TimingVol:0 (G4Tubs) ... OK! 
Checking overlaps for volume rf_b_00:0 (G4Tubs) ... OK! 
BLCMDpillbox::construct rf_b_00 parent= relZ=274.9 globZ=274.9
	zmin=224.9 zmax=324.9
Checking overlaps for volume rf_c_01Pipe:0 (G4Tubs) ... OK! 
Checking overlaps for volume rf_c_01UsWall:0 (G4Tubs) ... OK! 
Checking overlaps for volume rf_c_01DsWall:0 (G4Tubs) ... OK! 
Checking overlaps for volume rf_c_01UsWin1:0 (G4Tubs) ... OK! 
Checking overlaps for volume rf_c_01DsWin1:0 (G4Tubs) ... OK! 
Checking overlaps for volume rf_c_01UsWin2:0 (G4Tubs) ... OK! 
Checking overlaps for volume rf_c_01DsWin2:0 (G4Tubs) ... OK! 
Checking overlaps for volume rf_c_01DsHalf:0 (G4Tubs) ... OK! 
Checking overlaps for volume rf_c_01TimingVol:0 (G4Tubs) ... OK! 
Checking overlaps for volume rf_c_01:0 (G4Tubs) ... OK! 
BLCMDpillbox::construct rf_c_01 parent= relZ=375.0 globZ=375.0
	zmin=324.9 zmax=425.0
Checking overlaps for volume rf_d_02Pipe:0 (G4Tubs) ... OK! 
Checking overlaps for volume rf_d_02UsWall:0 (G4Tubs) ... OK! 
Checking overlaps for volume rf_d_02DsWall:0 (G4Tubs) ... OK! 
Checking overlaps for volume rf_d_02UsWin1:0 (G4Tubs) ... OK! 
Checking overlaps for volume rf_d_02DsWin1:0 (G4Tubs) ... OK! 
Checking overlaps for volume rf_d_02UsWin2:0 (G4Tubs) ... OK! 
Checking overlaps for volume rf_d_02DsWin2:0 (G4Tubs) ... OK! 
Checking overlaps for volume rf_d_02DsHalf:0 (G4Tubs) ... OK! 
Checking overlaps for volume rf_d_02TimingVol:0 (G4Tubs) ... OK! 
Checking overlaps for volume rf_d_02:0 (G4Tubs) ... OK! 
BLCMDpillbox::construct rf_d_02 parent= relZ=475.0 globZ=475.0
	zmin=425.0 zmax=525.1
Checking overlaps for volume rf_e_03Pipe:0 (G4Tubs) ... OK! 
Checking overlaps for volume rf_e_03UsWall:0 (G4Tubs) ... OK! 
Checking overlaps for volume rf_e_03DsWall:0 (G4Tubs) ... OK! 
Checking overlaps for volume rf_e_03UsWin1:0 (G4Tubs) ... OK! 
Checking overlaps for volume rf_e_03DsWin1:0 (G4Tubs) ... OK! 
Checking overlaps for volume rf_e_03UsWin2:0 (G4Tubs) ... OK! 
Checking overlaps for volume rf_e_03DsWin2:0 (G4Tubs) ... OK! 
Checking overlaps for volume rf_e_03DsHalf:0 (G4Tubs) ... OK! 
Checking overlaps for volume rf_e_03TimingVol:0 (G4Tubs) ... OK! 
Checking overlaps for volume rf_e_03:0 (G4Tubs) ... OK! 
BLCMDpillbox::construct rf_e_03 parent= relZ=575.1 globZ=575.1
	zmin=525.1 zmax=625.1
Checking overlaps for volume rf_b_10Pipe:0 (G4Tubs) ... OK! 
Checking overlaps for volume rf_b_10UsWall:0 (G4Tubs) ... OK! 
Checking overlaps for volume rf_b_10DsWall:0 (G4Tubs) ... OK! 
Checking overlaps for volume rf_b_10UsWin1:0 (G4Tubs) ... OK! 
Checking overlaps for volume rf_b_10DsWin1:0 (G4Tubs) ... OK! 
Checking overlaps for volume rf_b_10UsWin2:0 (G4Tubs) ... OK! 
Checking overlaps for volume rf_b_10DsWin2:0 (G4Tubs) ... OK! 
Checking overlaps for volume rf_b_10DsHalf:0 (G4Tubs) ... OK! 
Checking overlaps for volume rf_b_10TimingVol:0 (G4Tubs) ... OK! 
Checking overlaps for volume rf_b_10:0 (G4Tubs) ... OK! 
BLCMDpillbox::construct rf_b_10 parent= relZ=1124.9 globZ=1124.9
	zmin=1074.9 zmax=1174.9
Checking overlaps for volume rf_c_11Pipe:0 (G4Tubs) ... OK! 
Checking overlaps for volume rf_c_11UsWall:0 (G4Tubs) ... OK! 
Checking overlaps for volume rf_c_11DsWall:0 (G4Tubs) ... OK! 
Checking overlaps for volume rf_c_11UsWin1:0 (G4Tubs) ... OK! 
Checking overlaps for volume rf_c_11DsWin1:0 (G4Tubs) ... OK! 
Checking overlaps for volume rf_c_11UsWin2:0 (G4Tubs) ... OK! 
Checking overlaps for volume rf_c_11DsWin2:0 (G4Tubs) ... OK! 
Checking overlaps for volume rf_c_11DsHalf:0 (G4Tubs) ... OK! 
Checking overlaps for volume rf_c_11TimingVol:0 (G4Tubs) ... OK! 
Checking overlaps for volume rf_c_11:0 (G4Tubs) ... OK! 
BLCMDpillbox::construct rf_c_11 parent= relZ=1225.0 globZ=1225.0
	zmin=1174.9 zmax=1275.0
Checking overlaps for volume rf_d_12Pipe:0 (G4Tubs) ... OK! 
Checking overlaps for volume rf_d_12UsWall:0 (G4Tubs) ... OK! 
Checking overlaps for volume rf_d_12DsWall:0 (G4Tubs) ... OK! 
Checking overlaps for volume rf_d_12UsWin1:0 (G4Tubs) ... OK! 
Checking overlaps for volume rf_d_12DsWin1:0 (G4Tubs) ... OK! 
Checking overlaps for volume rf_d_12UsWin2:0 (G4Tubs) ... OK! 
Checking overlaps for volume rf_d_12DsWin2:0 (G4Tubs) ... OK! 
Checking overlaps for volume rf_d_12DsHalf:0 (G4Tubs) ... OK! 
Checking overlaps for volume rf_d_12TimingVol:0 (G4Tubs) ... OK! 
Checking overlaps for volume rf_d_12:0 (G4Tubs) ... OK! 
BLCMDpillbox::construct rf_d_12 parent= relZ=1325.0 globZ=1325.0
	zmin=1275.0 zmax=1375.1
Checking overlaps for volume rf_e_13Pipe:0 (G4Tubs) ... OK! 
Checking overlaps for volume rf_e_13UsWall:0 (G4Tubs) ... OK! 
Checking overlaps for volume rf_e_13DsWall:0 (G4Tubs) ... OK! 
Checking overlaps for volume rf_e_13UsWin1:0 (G4Tubs) ... OK! 
Checking overlaps for volume rf_e_13DsWin1:0 (G4Tubs) ... OK! 
Checking overlaps for volume rf_e_13UsWin2:0 (G4Tubs) ... OK! 
Checking overlaps for volume rf_e_13DsWin2:0 (G4Tubs) ... OK! 
Checking overlaps for volume rf_e_13DsHalf:0 (G4Tubs) ... OK! 
Checking overlaps for volume rf_e_13TimingVol:0 (G4Tubs) ... OK! 
Checking overlaps for volume rf_e_13:0 (G4Tubs) ... OK! 
BLCMDpillbox::construct rf_e_13 parent= relZ=1425.1 globZ=1425.1
	zmin=1375.1 zmax=1475.1
Checking overlaps for volume rf_b_20Pipe:0 (G4Tubs) ... OK! 
Checking overlaps for volume rf_b_20UsWall:0 (G4Tubs) ... OK! 
Checking overlaps for volume rf_b_20DsWall:0 (G4Tubs) ... OK! 
Checking overlaps for volume rf_b_20UsWin1:0 (G4Tubs) ... OK! 
Checking overlaps for volume rf_b_20DsWin1:0 (G4Tubs) ... OK! 
Checking overlaps for volume rf_b_20UsWin2:0 (G4Tubs) ... OK! 
Checking overlaps for volume rf_b_20DsWin2:0 (G4Tubs) ... OK! 
Checking overlaps for volume rf_b_20DsHalf:0 (G4Tubs) ... OK! 
Checking overlaps for volume rf_b_20TimingVol:0 (G4Tubs) ... OK! 
Checking overlaps for volume rf_b_20:0 (G4Tubs) ... OK! 
BLCMDpillbox::construct rf_b_20 parent= relZ=1974.9 globZ=1974.9
	zmin=1924.9 zmax=2024.9
Checking overlaps for volume rf_c_21Pipe:0 (G4Tubs) ... OK! 
Checking overlaps for volume rf_c_21UsWall:0 (G4Tubs) ... OK! 
Checking overlaps for volume rf_c_21DsWall:0 (G4Tubs) ... OK! 
Checking overlaps for volume rf_c_21UsWin1:0 (G4Tubs) ... OK! 
Checking overlaps for volume rf_c_21DsWin1:0 (G4Tubs) ... OK! 
Checking overlaps for volume rf_c_21UsWin2:0 (G4Tubs) ... OK! 
Checking overlaps for volume rf_c_21DsWin2:0 (G4Tubs) ... OK! 
Checking overlaps for volume rf_c_21DsHalf:0 (G4Tubs) ... OK! 
Checking overlaps for volume rf_c_21TimingVol:0 (G4Tubs) ... OK! 
Checking overlaps for volume rf_c_21:0 (G4Tubs) ... OK! 
BLCMDpillbox::construct rf_c_21 parent= relZ=2075.0 globZ=2075.0
	zmin=2024.9 zmax=2125.0
Checking overlaps for volume rf_d_22Pipe:0 (G4Tubs) ... OK! 
Checking overlaps for volume rf_d_22UsWall:0 (G4Tubs) ... OK! 
Checking overlaps for volume rf_d_22DsWall:0 (G4Tubs) ... OK! 
Checking overlaps for volume rf_d_22UsWin1:0 (G4Tubs) ... OK! 
Checking overlaps for volume rf_d_22DsWin1:0 (G4Tubs) ... OK! 
Checking overlaps for volume rf_d_22UsWin2:0 (G4Tubs) ... OK! 
Checking overlaps for volume rf_d_22DsWin2:0 (G4Tubs) ... OK! 
Checking overlaps for volume rf_d_22DsHalf:0 (G4Tubs) ... OK! 
Checking overlaps for volume rf_d_22TimingVol:0 (G4Tubs) ... OK! 
Checking overlaps for volume rf_d_22:0 (G4Tubs) ... OK! 
BLCMDpillbox::construct rf_d_22 parent= relZ=2175.0 globZ=2175.0
	zmin=2125.0 zmax=2225.1
Checking overlaps for volume rf_e_23Pipe:0 (G4Tubs) ... OK! 
Checking overlaps for volume rf_e_23UsWall:0 (G4Tubs) ... OK! 
Checking overlaps for volume rf_e_23DsWall:0 (G4Tubs) ... OK! 
Checking overlaps for volume rf_e_23UsWin1:0 (G4Tubs) ... OK! 
Checking overlaps for volume rf_e_23DsWin1:0 (G4Tubs) ... OK! 
Checking overlaps for volume rf_e_23UsWin2:0 (G4Tubs) ... OK! 
Checking overlaps for volume rf_e_23DsWin2:0 (G4Tubs) ... OK! 
Checking overlaps for volume rf_e_23DsHalf:0 (G4Tubs) ... OK! 
Checking overlaps for volume rf_e_23TimingVol:0 (G4Tubs) ... OK! 
Checking overlaps for volume rf_e_23:0 (G4Tubs) ... OK! 
BLCMDpillbox::construct rf_e_23 parent= relZ=2275.1 globZ=2275.1
	zmin=2225.1 zmax=2325.1
Checking overlaps for volume rf_b_30Pipe:0 (G4Tubs) ... OK! 
Checking overlaps for volume rf_b_30UsWall:0 (G4Tubs) ... OK! 
Checking overlaps for volume rf_b_30DsWall:0 (G4Tubs) ... OK! 
Checking overlaps for volume rf_b_30UsWin1:0 (G4Tubs) ... OK! 
Checking overlaps for volume rf_b_30DsWin1:0 (G4Tubs) ... OK! 
Checking overlaps for volume rf_b_30UsWin2:0 (G4Tubs) ... OK! 
Checking overlaps for volume rf_b_30DsWin2:0 (G4Tubs) ... OK! 
Checking overlaps for volume rf_b_30DsHalf:0 (G4Tubs) ... OK! 
Checking overlaps for volume rf_b_30TimingVol:0 (G4Tubs) ... OK! 
Checking overlaps for volume rf_b_30:0 (G4Tubs) ... OK! 
BLCMDpillbox::construct rf_b_30 parent= relZ=2824.9 globZ=2824.9
	zmin=2774.9 zmax=2874.9
Checking overlaps for volume rf_c_31Pipe:0 (G4Tubs) ... OK! 
Checking overlaps for volume rf_c_31UsWall:0 (G4Tubs) ... OK! 
Checking overlaps for volume rf_c_31DsWall:0 (G4Tubs) ... OK! 
Checking overlaps for volume rf_c_31UsWin1:0 (G4Tubs) ... OK! 
Checking overlaps for volume rf_c_31DsWin1:0 (G4Tubs) ... OK! 
Checking overlaps for volume rf_c_31UsWin2:0 (G4Tubs) ... OK! 
Checking overlaps for volume rf_c_31DsWin2:0 (G4Tubs) ... OK! 
Checking overlaps for volume rf_c_31DsHalf:0 (G4Tubs) ... OK! 
Checking overlaps for volume rf_c_31TimingVol:0 (G4Tubs) ... OK! 
Checking overlaps for volume rf_c_31:0 (G4Tubs) ... OK! 
BLCMDpillbox::construct rf_c_31 parent= relZ=2925.0 globZ=2925.0
	zmin=2874.9 zmax=2975.0
Checking overlaps for volume rf_d_32Pipe:0 (G4Tubs) ... OK! 
Checking overlaps for volume rf_d_32UsWall:0 (G4Tubs) ... OK! 
Checking overlaps for volume rf_d_32DsWall:0 (G4Tubs) ... OK! 
Checking overlaps for volume rf_d_32UsWin1:0 (G4Tubs) ... OK! 
Checking overlaps for volume rf_d_32DsWin1:0 (G4Tubs) ... OK! 
Checking overlaps for volume rf_d_32UsWin2:0 (G4Tubs) ... OK! 
Checking overlaps for volume rf_d_32DsWin2:0 (G4Tubs) ... OK! 
Checking overlaps for volume rf_d_32DsHalf:0 (G4Tubs) ... OK! 
Checking overlaps for volume rf_d_32TimingVol:0 (G4Tubs) ... OK! 
Checking overlaps for volume rf_d_32:0 (G4Tubs) ... OK! 
BLCMDpillbox::construct rf_d_32 parent= relZ=3025.0 globZ=3025.0
	zmin=2975.0 zmax=3075.1
Checking overlaps for volume rf_e_33Pipe:0 (G4Tubs) ... OK! 
Checking overlaps for volume rf_e_33UsWall:0 (G4Tubs) ... OK! 
Checking overlaps for volume rf_e_33DsWall:0 (G4Tubs) ... OK! 
Checking overlaps for volume rf_e_33UsWin1:0 (G4Tubs) ... OK! 
Checking overlaps for volume rf_e_33DsWin1:0 (G4Tubs) ... OK! 
Checking overlaps for volume rf_e_33UsWin2:0 (G4Tubs) ... OK! 
Checking overlaps for volume rf_e_33DsWin2:0 (G4Tubs) ... OK! 
Checking overlaps for volume rf_e_33DsHalf:0 (G4Tubs) ... OK! 
Checking overlaps for volume rf_e_33TimingVol:0 (G4Tubs) ... OK! 
Checking overlaps for volume rf_e_33:0 (G4Tubs) ... OK! 
BLCMDpillbox::construct rf_e_33 parent= relZ=3125.1 globZ=3125.1
	zmin=3075.1 zmax=3175.1
Checking overlaps for volume rf_b_40Pipe:0 (G4Tubs) ... OK! 
Checking overlaps for volume rf_b_40UsWall:0 (G4Tubs) ... OK! 
Checking overlaps for volume rf_b_40DsWall:0 (G4Tubs) ... OK! 
Checking overlaps for volume rf_b_40UsWin1:0 (G4Tubs) ... OK! 
Checking overlaps for volume rf_b_40DsWin1:0 (G4Tubs) ... OK! 
Checking overlaps for volume rf_b_40UsWin2:0 (G4Tubs) ... OK! 
Checking overlaps for volume rf_b_40DsWin2:0 (G4Tubs) ... OK! 
Checking overlaps for volume rf_b_40DsHalf:0 (G4Tubs) ... OK! 
Checking overlaps for volume rf_b_40TimingVol:0 (G4Tubs) ... OK! 
Checking overlaps for volume rf_b_40:0 (G4Tubs) ... OK! 
BLCMDpillbox::construct rf_b_40 parent= relZ=3674.9 globZ=3674.9
	zmin=3624.9 zmax=3724.9
Checking overlaps for volume rf_c_41Pipe:0 (G4Tubs) ... OK! 
Checking overlaps for volume rf_c_41UsWall:0 (G4Tubs) ... OK! 
Checking overlaps for volume rf_c_41DsWall:0 (G4Tubs) ... OK! 
Checking overlaps for volume rf_c_41UsWin1:0 (G4Tubs) ... OK! 
Checking overlaps for volume rf_c_41DsWin1:0 (G4Tubs) ... OK! 
Checking overlaps for volume rf_c_41UsWin2:0 (G4Tubs) ... OK! 
Checking overlaps for volume rf_c_41DsWin2:0 (G4Tubs) ... OK! 
Checking overlaps for volume rf_c_41DsHalf:0 (G4Tubs) ... OK! 
Checking overlaps for volume rf_c_41TimingVol:0 (G4Tubs) ... OK! 
Checking overlaps for volume rf_c_41:0 (G4Tubs) ... OK! 
BLCMDpillbox::construct rf_c_41 parent= relZ=3775.0 globZ=3775.0
	zmin=3724.9 zmax=3825.0
Checking overlaps for volume rf_d_42Pipe:0 (G4Tubs) ... OK! 
Checking overlaps for volume rf_d_42UsWall:0 (G4Tubs) ... OK! 
Checking overlaps for volume rf_d_42DsWall:0 (G4Tubs) ... OK! 
Checking overlaps for volume rf_d_42UsWin1:0 (G4Tubs) ... OK! 
Checking overlaps for volume rf_d_42DsWin1:0 (G4Tubs) ... OK! 
Checking overlaps for volume rf_d_42UsWin2:0 (G4Tubs) ... OK! 
Checking overlaps for volume rf_d_42DsWin2:0 (G4Tubs) ... OK! 
Checking overlaps for volume rf_d_42DsHalf:0 (G4Tubs) ... OK! 
Checking overlaps for volume rf_d_42TimingVol:0 (G4Tubs) ... OK! 
Checking overlaps for volume rf_d_42:0 (G4Tubs) ... OK! 
BLCMDpillbox::construct rf_d_42 parent= relZ=3875.0 globZ=3875.0
	zmin=3825.0 zmax=3925.1
Checking overlaps for volume rf_e_43Pipe:0 (G4Tubs) ... OK! 
Checking overlaps for volume rf_e_43UsWall:0 (G4Tubs) ... OK! 
Checking overlaps for volume rf_e_43DsWall:0 (G4Tubs) ... OK! 
Checking overlaps for volume rf_e_43UsWin1:0 (G4Tubs) ... OK! 
Checking overlaps for volume rf_e_43DsWin1:0 (G4Tubs) ... OK! 
Checking overlaps for volume rf_e_43UsWin2:0 (G4Tubs) ... OK! 
Checking overlaps for volume rf_e_43DsWin2:0 (G4Tubs) ... OK! 
Checking overlaps for volume rf_e_43DsHalf:0 (G4Tubs) ... OK! 
Checking overlaps for volume rf_e_43TimingVol:0 (G4Tubs) ... OK! 
Checking overlaps for volume rf_e_43:0 (G4Tubs) ... OK! 
BLCMDpillbox::construct rf_e_43 parent= relZ=3975.1 globZ=3975.1
	zmin=3925.1 zmax=4025.1
Checking overlaps for volume rf_b_50Pipe:0 (G4Tubs) ... OK! 
Checking overlaps for volume rf_b_50UsWall:0 (G4Tubs) ... OK! 
Checking overlaps for volume rf_b_50DsWall:0 (G4Tubs) ... OK! 
Checking overlaps for volume rf_b_50UsWin1:0 (G4Tubs) ... OK! 
Checking overlaps for volume rf_b_50DsWin1:0 (G4Tubs) ... OK! 
Checking overlaps for volume rf_b_50UsWin2:0 (G4Tubs) ... OK! 
Checking overlaps for volume rf_b_50DsWin2:0 (G4Tubs) ... OK! 
Checking overlaps for volume rf_b_50DsHalf:0 (G4Tubs) ... OK! 
Checking overlaps for volume rf_b_50TimingVol:0 (G4Tubs) ... OK! 
Checking overlaps for volume rf_b_50:0 (G4Tubs) ... OK! 
BLCMDpillbox::construct rf_b_50 parent= relZ=4524.9 globZ=4524.9
	zmin=4474.9 zmax=4574.9
Checking overlaps for volume rf_c_51Pipe:0 (G4Tubs) ... OK! 
Checking overlaps for volume rf_c_51UsWall:0 (G4Tubs) ... OK! 
Checking overlaps for volume rf_c_51DsWall:0 (G4Tubs) ... OK! 
Checking overlaps for volume rf_c_51UsWin1:0 (G4Tubs) ... OK! 
Checking overlaps for volume rf_c_51DsWin1:0 (G4Tubs) ... OK! 
Checking overlaps for volume rf_c_51UsWin2:0 (G4Tubs) ... OK! 
Checking overlaps for volume rf_c_51DsWin2:0 (G4Tubs) ... OK! 
Checking overlaps for volume rf_c_51DsHalf:0 (G4Tubs) ... OK! 
Checking overlaps for volume rf_c_51TimingVol:0 (G4Tubs) ... OK! 
Checking overlaps for volume rf_c_51:0 (G4Tubs) ... OK! 
BLCMDpillbox::construct rf_c_51 parent= relZ=4625.0 globZ=4625.0
	zmin=4574.9 zmax=4675.0
Checking overlaps for volume rf_d_52Pipe:0 (G4Tubs) ... OK! 
Checking overlaps for volume rf_d_52UsWall:0 (G4Tubs) ... OK! 
Checking overlaps for volume rf_d_52DsWall:0 (G4Tubs) ... OK! 
Checking overlaps for volume rf_d_52UsWin1:0 (G4Tubs) ... OK! 
Checking overlaps for volume rf_d_52DsWin1:0 (G4Tubs) ... OK! 
Checking overlaps for volume rf_d_52UsWin2:0 (G4Tubs) ... OK! 
Checking overlaps for volume rf_d_52DsWin2:0 (G4Tubs) ... OK! 
Checking overlaps for volume rf_d_52DsHalf:0 (G4Tubs) ... OK! 
Checking overlaps for volume rf_d_52TimingVol:0 (G4Tubs) ... OK! 
Checking overlaps for volume rf_d_52:0 (G4Tubs) ... OK! 
BLCMDpillbox::construct rf_d_52 parent= relZ=4725.0 globZ=4725.0
	zmin=4675.0 zmax=4775.1
Checking overlaps for volume rf_e_53Pipe:0 (G4Tubs) ... OK! 
Checking overlaps for volume rf_e_53UsWall:0 (G4Tubs) ... OK! 
Checking overlaps for volume rf_e_53DsWall:0 (G4Tubs) ... OK! 
Checking overlaps for volume rf_e_53UsWin1:0 (G4Tubs) ... OK! 
Checking overlaps for volume rf_e_53DsWin1:0 (G4Tubs) ... OK! 
Checking overlaps for volume rf_e_53UsWin2:0 (G4Tubs) ... OK! 
Checking overlaps for volume rf_e_53DsWin2:0 (G4Tubs) ... OK! 
Checking overlaps for volume rf_e_53DsHalf:0 (G4Tubs) ... OK! 
Checking overlaps for volume rf_e_53TimingVol:0 (G4Tubs) ... OK! 
Checking overlaps for volume rf_e_53:0 (G4Tubs) ... OK! 
BLCMDpillbox::construct rf_e_53 parent= relZ=4825.1 globZ=4825.1
	zmin=4775.1 zmax=4875.1
Checking overlaps for volume rf_b_60Pipe:0 (G4Tubs) ... OK! 
Checking overlaps for volume rf_b_60UsWall:0 (G4Tubs) ... OK! 
Checking overlaps for volume rf_b_60DsWall:0 (G4Tubs) ... OK! 
Checking overlaps for volume rf_b_60UsWin1:0 (G4Tubs) ... OK! 
Checking overlaps for volume rf_b_60DsWin1:0 (G4Tubs) ... OK! 
Checking overlaps for volume rf_b_60UsWin2:0 (G4Tubs) ... OK! 
Checking overlaps for volume rf_b_60DsWin2:0 (G4Tubs) ... OK! 
Checking overlaps for volume rf_b_60DsHalf:0 (G4Tubs) ... OK! 
Checking overlaps for volume rf_b_60TimingVol:0 (G4Tubs) ... OK! 
Checking overlaps for volume rf_b_60:0 (G4Tubs) ... OK! 
BLCMDpillbox::construct rf_b_60 parent= relZ=5374.9 globZ=5374.9
	zmin=5324.9 zmax=5424.9
Checking overlaps for volume rf_c_61Pipe:0 (G4Tubs) ... OK! 
Checking overlaps for volume rf_c_61UsWall:0 (G4Tubs) ... OK! 
Checking overlaps for volume rf_c_61DsWall:0 (G4Tubs) ... OK! 
Checking overlaps for volume rf_c_61UsWin1:0 (G4Tubs) ... OK! 
Checking overlaps for volume rf_c_61DsWin1:0 (G4Tubs) ... OK! 
Checking overlaps for volume rf_c_61UsWin2:0 (G4Tubs) ... OK! 
Checking overlaps for volume rf_c_61DsWin2:0 (G4Tubs) ... OK! 
Checking overlaps for volume rf_c_61DsHalf:0 (G4Tubs) ... OK! 
Checking overlaps for volume rf_c_61TimingVol:0 (G4Tubs) ... OK! 
Checking overlaps for volume rf_c_61:0 (G4Tubs) ... OK! 
BLCMDpillbox::construct rf_c_61 parent= relZ=5475.0 globZ=5475.0
	zmin=5424.9 zmax=5525.0
Checking overlaps for volume rf_d_62Pipe:0 (G4Tubs) ... OK! 
Checking overlaps for volume rf_d_62UsWall:0 (G4Tubs) ... OK! 
Checking overlaps for volume rf_d_62DsWall:0 (G4Tubs) ... OK! 
Checking overlaps for volume rf_d_62UsWin1:0 (G4Tubs) ... OK! 
Checking overlaps for volume rf_d_62DsWin1:0 (G4Tubs) ... OK! 
Checking overlaps for volume rf_d_62UsWin2:0 (G4Tubs) ... OK! 
Checking overlaps for volume rf_d_62DsWin2:0 (G4Tubs) ... OK! 
Checking overlaps for volume rf_d_62DsHalf:0 (G4Tubs) ... OK! 
Checking overlaps for volume rf_d_62TimingVol:0 (G4Tubs) ... OK! 
Checking overlaps for volume rf_d_62:0 (G4Tubs) ... OK! 
BLCMDpillbox::construct rf_d_62 parent= relZ=5575.0 globZ=5575.0
	zmin=5525.0 zmax=5625.1
Checking overlaps for volume rf_e_63Pipe:0 (G4Tubs) ... OK! 
Checking overlaps for volume rf_e_63UsWall:0 (G4Tubs) ... OK! 
Checking overlaps for volume rf_e_63DsWall:0 (G4Tubs) ... OK! 
Checking overlaps for volume rf_e_63UsWin1:0 (G4Tubs) ... OK! 
Checking overlaps for volume rf_e_63DsWin1:0 (G4Tubs) ... OK! 
Checking overlaps for volume rf_e_63UsWin2:0 (G4Tubs) ... OK! 
Checking overlaps for volume rf_e_63DsWin2:0 (G4Tubs) ... OK! 
Checking overlaps for volume rf_e_63DsHalf:0 (G4Tubs) ... OK! 
Checking overlaps for volume rf_e_63TimingVol:0 (G4Tubs) ... OK! 
Checking overlaps for volume rf_e_63:0 (G4Tubs) ... OK! 
BLCMDpillbox::construct rf_e_63 parent= relZ=5675.1 globZ=5675.1
	zmin=5625.1 zmax=5725.1
Checking overlaps for volume rf_b_70Pipe:0 (G4Tubs) ... OK! 
Checking overlaps for volume rf_b_70UsWall:0 (G4Tubs) ... OK! 
Checking overlaps for volume rf_b_70DsWall:0 (G4Tubs) ... OK! 
Checking overlaps for volume rf_b_70UsWin1:0 (G4Tubs) ... OK! 
Checking overlaps for volume rf_b_70DsWin1:0 (G4Tubs) ... OK! 
Checking overlaps for volume rf_b_70UsWin2:0 (G4Tubs) ... OK! 
Checking overlaps for volume rf_b_70DsWin2:0 (G4Tubs) ... OK! 
Checking overlaps for volume rf_b_70DsHalf:0 (G4Tubs) ... OK! 
Checking overlaps for volume rf_b_70TimingVol:0 (G4Tubs) ... OK! 
Checking overlaps for volume rf_b_70:0 (G4Tubs) ... OK! 
BLCMDpillbox::construct rf_b_70 parent= relZ=6224.9 globZ=6224.9
	zmin=6174.9 zmax=6274.9
Checking overlaps for volume rf_c_71Pipe:0 (G4Tubs) ... OK! 
Checking overlaps for volume rf_c_71UsWall:0 (G4Tubs) ... OK! 
Checking overlaps for volume rf_c_71DsWall:0 (G4Tubs) ... OK! 
Checking overlaps for volume rf_c_71UsWin1:0 (G4Tubs) ... OK! 
Checking overlaps for volume rf_c_71DsWin1:0 (G4Tubs) ... OK! 
Checking overlaps for volume rf_c_71UsWin2:0 (G4Tubs) ... OK! 
Checking overlaps for volume rf_c_71DsWin2:0 (G4Tubs) ... OK! 
Checking overlaps for volume rf_c_71DsHalf:0 (G4Tubs) ... OK! 
Checking overlaps for volume rf_c_71TimingVol:0 (G4Tubs) ... OK! 
Checking overlaps for volume rf_c_71:0 (G4Tubs) ... OK! 
BLCMDpillbox::construct rf_c_71 parent= relZ=6325.0 globZ=6325.0
	zmin=6274.9 zmax=6375.0
Checking overlaps for volume rf_d_72Pipe:0 (G4Tubs) ... OK! 
Checking overlaps for volume rf_d_72UsWall:0 (G4Tubs) ... OK! 
Checking overlaps for volume rf_d_72DsWall:0 (G4Tubs) ... OK! 
Checking overlaps for volume rf_d_72UsWin1:0 (G4Tubs) ... OK! 
Checking overlaps for volume rf_d_72DsWin1:0 (G4Tubs) ... OK! 
Checking overlaps for volume rf_d_72UsWin2:0 (G4Tubs) ... OK! 
Checking overlaps for volume rf_d_72DsWin2:0 (G4Tubs) ... OK! 
Checking overlaps for volume rf_d_72DsHalf:0 (G4Tubs) ... OK! 
Checking overlaps for volume rf_d_72TimingVol:0 (G4Tubs) ... OK! 
Checking overlaps for volume rf_d_72:0 (G4Tubs) ... OK! 
BLCMDpillbox::construct rf_d_72 parent= relZ=6425.0 globZ=6425.0
	zmin=6375.0 zmax=6475.1
Checking overlaps for volume rf_e_73Pipe:0 (G4Tubs) ... OK! 
Checking overlaps for volume rf_e_73UsWall:0 (G4Tubs) ... OK! 
Checking overlaps for volume rf_e_73DsWall:0 (G4Tubs) ... OK! 
Checking overlaps for volume rf_e_73UsWin1:0 (G4Tubs) ... OK! 
Checking overlaps for volume rf_e_73DsWin1:0 (G4Tubs) ... OK! 
Checking overlaps for volume rf_e_73UsWin2:0 (G4Tubs) ... OK! 
Checking overlaps for volume rf_e_73DsWin2:0 (G4Tubs) ... OK! 
Checking overlaps for volume rf_e_73DsHalf:0 (G4Tubs) ... OK! 
Checking overlaps for volume rf_e_73TimingVol:0 (G4Tubs) ... OK! 
Checking overlaps for volume rf_e_73:0 (G4Tubs) ... OK! 
BLCMDpillbox::construct rf_e_73 parent= relZ=6525.1 globZ=6525.1
	zmin=6475.1 zmax=6575.1
Checking overlaps for volume rf_b_80Pipe:0 (G4Tubs) ... OK! 
Checking overlaps for volume rf_b_80UsWall:0 (G4Tubs) ... OK! 
Checking overlaps for volume rf_b_80DsWall:0 (G4Tubs) ... OK! 
Checking overlaps for volume rf_b_80UsWin1:0 (G4Tubs) ... OK! 
Checking overlaps for volume rf_b_80DsWin1:0 (G4Tubs) ... OK! 
Checking overlaps for volume rf_b_80UsWin2:0 (G4Tubs) ... OK! 
Checking overlaps for volume rf_b_80DsWin2:0 (G4Tubs) ... OK! 
Checking overlaps for volume rf_b_80DsHalf:0 (G4Tubs) ... OK! 
Checking overlaps for volume rf_b_80TimingVol:0 (G4Tubs) ... OK! 
Checking overlaps for volume rf_b_80:0 (G4Tubs) ... OK! 
BLCMDpillbox::construct rf_b_80 parent= relZ=7074.9 globZ=7074.9
	zmin=7024.9 zmax=7124.9
Checking overlaps for volume rf_c_81Pipe:0 (G4Tubs) ... OK! 
Checking overlaps for volume rf_c_81UsWall:0 (G4Tubs) ... OK! 
Checking overlaps for volume rf_c_81DsWall:0 (G4Tubs) ... OK! 
Checking overlaps for volume rf_c_81UsWin1:0 (G4Tubs) ... OK! 
Checking overlaps for volume rf_c_81DsWin1:0 (G4Tubs) ... OK! 
Checking overlaps for volume rf_c_81UsWin2:0 (G4Tubs) ... OK! 
Checking overlaps for volume rf_c_81DsWin2:0 (G4Tubs) ... OK! 
Checking overlaps for volume rf_c_81DsHalf:0 (G4Tubs) ... OK! 
Checking overlaps for volume rf_c_81TimingVol:0 (G4Tubs) ... OK! 
Checking overlaps for volume rf_c_81:0 (G4Tubs) ... OK! 
BLCMDpillbox::construct rf_c_81 parent= relZ=7175.0 globZ=7175.0
	zmin=7124.9 zmax=7225.0
Checking overlaps for volume rf_d_82Pipe:0 (G4Tubs) ... OK! 
Checking overlaps for volume rf_d_82UsWall:0 (G4Tubs) ... OK! 
Checking overlaps for volume rf_d_82DsWall:0 (G4Tubs) ... OK! 
Checking overlaps for volume rf_d_82UsWin1:0 (G4Tubs) ... OK! 
Checking overlaps for volume rf_d_82DsWin1:0 (G4Tubs) ... OK! 
Checking overlaps for volume rf_d_82UsWin2:0 (G4Tubs) ... OK! 
Checking overlaps for volume rf_d_82DsWin2:0 (G4Tubs) ... OK! 
Checking overlaps for volume rf_d_82DsHalf:0 (G4Tubs) ... OK! 
Checking overlaps for volume rf_d_82TimingVol:0 (G4Tubs) ... OK! 
Checking overlaps for volume rf_d_82:0 (G4Tubs) ... OK! 
BLCMDpillbox::construct rf_d_82 parent= relZ=7275.0 globZ=7275.0
	zmin=7225.0 zmax=7325.1
Checking overlaps for volume rf_e_83Pipe:0 (G4Tubs) ... OK! 
Checking overlaps for volume rf_e_83UsWall:0 (G4Tubs) ... OK! 
Checking overlaps for volume rf_e_83DsWall:0 (G4Tubs) ... OK! 
Checking overlaps for volume rf_e_83UsWin1:0 (G4Tubs) ... OK! 
Checking overlaps for volume rf_e_83DsWin1:0 (G4Tubs) ... OK! 
Checking overlaps for volume rf_e_83UsWin2:0 (G4Tubs) ... OK! 
Checking overlaps for volume rf_e_83DsWin2:0 (G4Tubs) ... OK! 
Checking overlaps for volume rf_e_83DsHalf:0 (G4Tubs) ... OK! 
Checking overlaps for volume rf_e_83TimingVol:0 (G4Tubs) ... OK! 
Checking overlaps for volume rf_e_83:0 (G4Tubs) ... OK! 
BLCMDpillbox::construct rf_e_83 parent= relZ=7375.1 globZ=7375.1
	zmin=7325.1 zmax=7425.1
Checking overlaps for volume rf_b_90Pipe:0 (G4Tubs) ... OK! 
Checking overlaps for volume rf_b_90UsWall:0 (G4Tubs) ... OK! 
Checking overlaps for volume rf_b_90DsWall:0 (G4Tubs) ... OK! 
Checking overlaps for volume rf_b_90UsWin1:0 (G4Tubs) ... OK! 
Checking overlaps for volume rf_b_90DsWin1:0 (G4Tubs) ... OK! 
Checking overlaps for volume rf_b_90UsWin2:0 (G4Tubs) ... OK! 
Checking overlaps for volume rf_b_90DsWin2:0 (G4Tubs) ... OK! 
Checking overlaps for volume rf_b_90DsHalf:0 (G4Tubs) ... OK! 
Checking overlaps for volume rf_b_90TimingVol:0 (G4Tubs) ... OK! 
Checking overlaps for volume rf_b_90:0 (G4Tubs) ... OK! 
BLCMDpillbox::construct rf_b_90 parent= relZ=7924.9 globZ=7924.9
	zmin=7874.9 zmax=7974.9
Checking overlaps for volume rf_c_91Pipe:0 (G4Tubs) ... OK! 
Checking overlaps for volume rf_c_91UsWall:0 (G4Tubs) ... OK! 
Checking overlaps for volume rf_c_91DsWall:0 (G4Tubs) ... OK! 
Checking overlaps for volume rf_c_91UsWin1:0 (G4Tubs) ... OK! 
Checking overlaps for volume rf_c_91DsWin1:0 (G4Tubs) ... OK! 
Checking overlaps for volume rf_c_91UsWin2:0 (G4Tubs) ... OK! 
Checking overlaps for volume rf_c_91DsWin2:0 (G4Tubs) ... OK! 
Checking overlaps for volume rf_c_91DsHalf:0 (G4Tubs) ... OK! 
Checking overlaps for volume rf_c_91TimingVol:0 (G4Tubs) ... OK! 
Checking overlaps for volume rf_c_91:0 (G4Tubs) ... OK! 
BLCMDpillbox::construct rf_c_91 parent= relZ=8025.0 globZ=8025.0
	zmin=7974.9 zmax=8075.0
Checking overlaps for volume rf_d_92Pipe:0 (G4Tubs) ... OK! 
Checking overlaps for volume rf_d_92UsWall:0 (G4Tubs) ... OK! 
Checking overlaps for volume rf_d_92DsWall:0 (G4Tubs) ... OK! 
Checking overlaps for volume rf_d_92UsWin1:0 (G4Tubs) ... OK! 
Checking overlaps for volume rf_d_92DsWin1:0 (G4Tubs) ... OK! 
Checking overlaps for volume rf_d_92UsWin2:0 (G4Tubs) ... OK! 
Checking overlaps for volume rf_d_92DsWin2:0 (G4Tubs) ... OK! 
Checking overlaps for volume rf_d_92DsHalf:0 (G4Tubs) ... OK! 
Checking overlaps for volume rf_d_92TimingVol:0 (G4Tubs) ... OK! 
Checking overlaps for volume rf_d_92:0 (G4Tubs) ... OK! 
BLCMDpillbox::construct rf_d_92 parent= relZ=8125.0 globZ=8125.0
	zmin=8075.0 zmax=8175.1
Checking overlaps for volume rf_e_93Pipe:0 (G4Tubs) ... OK! 
Checking overlaps for volume rf_e_93UsWall:0 (G4Tubs) ... OK! 
Checking overlaps for volume rf_e_93DsWall:0 (G4Tubs) ... OK! 
Checking overlaps for volume rf_e_93UsWin1:0 (G4Tubs) ... OK! 
Checking overlaps for volume rf_e_93DsWin1:0 (G4Tubs) ... OK! 
Checking overlaps for volume rf_e_93UsWin2:0 (G4Tubs) ... OK! 
Checking overlaps for volume rf_e_93DsWin2:0 (G4Tubs) ... OK! 
Checking overlaps for volume rf_e_93DsHalf:0 (G4Tubs) ... OK! 
Checking overlaps for volume rf_e_93TimingVol:0 (G4Tubs) ... OK! 
Checking overlaps for volume rf_e_93:0 (G4Tubs) ... OK! 
BLCMDpillbox::construct rf_e_93 parent= relZ=8225.1 globZ=8225.1
	zmin=8175.1 zmax=8275.1
Checking overlaps for volume rf_b_100Pipe:0 (G4Tubs) ... OK! 
Checking overlaps for volume rf_b_100UsWall:0 (G4Tubs) ... OK! 
Checking overlaps for volume rf_b_100DsWall:0 (G4Tubs) ... OK! 
Checking overlaps for volume rf_b_100UsWin1:0 (G4Tubs) ... OK! 
Checking overlaps for volume rf_b_100DsWin1:0 (G4Tubs) ... OK! 
Checking overlaps for volume rf_b_100UsWin2:0 (G4Tubs) ... OK! 
Checking overlaps for volume rf_b_100DsWin2:0 (G4Tubs) ... OK! 
Checking overlaps for volume rf_b_100DsHalf:0 (G4Tubs) ... OK! 
Checking overlaps for volume rf_b_100TimingVol:0 (G4Tubs) ... OK! 
Checking overlaps for volume rf_b_100:0 (G4Tubs) ... OK! 
BLCMDpillbox::construct rf_b_100 parent= relZ=8774.9 globZ=8774.9
	zmin=8724.9 zmax=8824.9
Checking overlaps for volume rf_c_101Pipe:0 (G4Tubs) ... OK! 
Checking overlaps for volume rf_c_101UsWall:0 (G4Tubs) ... OK! 
Checking overlaps for volume rf_c_101DsWall:0 (G4Tubs) ... OK! 
Checking overlaps for volume rf_c_101UsWin1:0 (G4Tubs) ... OK! 
Checking overlaps for volume rf_c_101DsWin1:0 (G4Tubs) ... OK! 
Checking overlaps for volume rf_c_101UsWin2:0 (G4Tubs) ... OK! 
Checking overlaps for volume rf_c_101DsWin2:0 (G4Tubs) ... OK! 
Checking overlaps for volume rf_c_101DsHalf:0 (G4Tubs) ... OK! 
Checking overlaps for volume rf_c_101TimingVol:0 (G4Tubs) ... OK! 
Checking overlaps for volume rf_c_101:0 (G4Tubs) ... OK! 
BLCMDpillbox::construct rf_c_101 parent= relZ=8875.0 globZ=8875.0
	zmin=8824.9 zmax=8925.0
Checking overlaps for volume rf_d_102Pipe:0 (G4Tubs) ... OK! 
Checking overlaps for volume rf_d_102UsWall:0 (G4Tubs) ... OK! 
Checking overlaps for volume rf_d_102DsWall:0 (G4Tubs) ... OK! 
Checking overlaps for volume rf_d_102UsWin1:0 (G4Tubs) ... OK! 
Checking overlaps for volume rf_d_102DsWin1:0 (G4Tubs) ... OK! 
Checking overlaps for volume rf_d_102UsWin2:0 (G4Tubs) ... OK! 
Checking overlaps for volume rf_d_102DsWin2:0 (G4Tubs) ... OK! 
Checking overlaps for volume rf_d_102DsHalf:0 (G4Tubs) ... OK! 
Checking overlaps for volume rf_d_102TimingVol:0 (G4Tubs) ... OK! 
Checking overlaps for volume rf_d_102:0 (G4Tubs) ... OK! 
BLCMDpillbox::construct rf_d_102 parent= relZ=8975.0 globZ=8975.0
	zmin=8925.0 zmax=9025.1
Checking overlaps for volume rf_e_103Pipe:0 (G4Tubs) ... OK! 
Checking overlaps for volume rf_e_103UsWall:0 (G4Tubs) ... OK! 
Checking overlaps for volume rf_e_103DsWall:0 (G4Tubs) ... OK! 
Checking overlaps for volume rf_e_103UsWin1:0 (G4Tubs) ... OK! 
Checking overlaps for volume rf_e_103DsWin1:0 (G4Tubs) ... OK! 
Checking overlaps for volume rf_e_103UsWin2:0 (G4Tubs) ... OK! 
Checking overlaps for volume rf_e_103DsWin2:0 (G4Tubs) ... OK! 
Checking overlaps for volume rf_e_103DsHalf:0 (G4Tubs) ... OK! 
Checking overlaps for volume rf_e_103TimingVol:0 (G4Tubs) ... OK! 
Checking overlaps for volume rf_e_103:0 (G4Tubs) ... OK! 
BLCMDpillbox::construct rf_e_103 parent= relZ=9075.1 globZ=9075.1
	zmin=9025.1 zmax=9125.1
Checking overlaps for volume rf_b_110Pipe:0 (G4Tubs) ... OK! 
Checking overlaps for volume rf_b_110UsWall:0 (G4Tubs) ... OK! 
Checking overlaps for volume rf_b_110DsWall:0 (G4Tubs) ... OK! 
Checking overlaps for volume rf_b_110UsWin1:0 (G4Tubs) ... OK! 
Checking overlaps for volume rf_b_110DsWin1:0 (G4Tubs) ... OK! 
Checking overlaps for volume rf_b_110UsWin2:0 (G4Tubs) ... OK! 
Checking overlaps for volume rf_b_110DsWin2:0 (G4Tubs) ... OK! 
Checking overlaps for volume rf_b_110DsHalf:0 (G4Tubs) ... OK! 
Checking overlaps for volume rf_b_110TimingVol:0 (G4Tubs) ... OK! 
Checking overlaps for volume rf_b_110:0 (G4Tubs) ... OK! 
BLCMDpillbox::construct rf_b_110 parent= relZ=9624.9 globZ=9624.9
	zmin=9574.9 zmax=9674.9
Checking overlaps for volume rf_c_111Pipe:0 (G4Tubs) ... OK! 
Checking overlaps for volume rf_c_111UsWall:0 (G4Tubs) ... OK! 
Checking overlaps for volume rf_c_111DsWall:0 (G4Tubs) ... OK! 
Checking overlaps for volume rf_c_111UsWin1:0 (G4Tubs) ... OK! 
Checking overlaps for volume rf_c_111DsWin1:0 (G4Tubs) ... OK! 
Checking overlaps for volume rf_c_111UsWin2:0 (G4Tubs) ... OK! 
Checking overlaps for volume rf_c_111DsWin2:0 (G4Tubs) ... OK! 
Checking overlaps for volume rf_c_111DsHalf:0 (G4Tubs) ... OK! 
Checking overlaps for volume rf_c_111TimingVol:0 (G4Tubs) ... OK! 
Checking overlaps for volume rf_c_111:0 (G4Tubs) ... OK! 
BLCMDpillbox::construct rf_c_111 parent= relZ=9725.0 globZ=9725.0
	zmin=9674.9 zmax=9775.0
Checking overlaps for volume rf_d_112Pipe:0 (G4Tubs) ... OK! 
Checking overlaps for volume rf_d_112UsWall:0 (G4Tubs) ... OK! 
Checking overlaps for volume rf_d_112DsWall:0 (G4Tubs) ... OK! 
Checking overlaps for volume rf_d_112UsWin1:0 (G4Tubs) ... OK! 
Checking overlaps for volume rf_d_112DsWin1:0 (G4Tubs) ... OK! 
Checking overlaps for volume rf_d_112UsWin2:0 (G4Tubs) ... OK! 
Checking overlaps for volume rf_d_112DsWin2:0 (G4Tubs) ... OK! 
Checking overlaps for volume rf_d_112DsHalf:0 (G4Tubs) ... OK! 
Checking overlaps for volume rf_d_112TimingVol:0 (G4Tubs) ... OK! 
Checking overlaps for volume rf_d_112:0 (G4Tubs) ... OK! 
BLCMDpillbox::construct rf_d_112 parent= relZ=9825.0 globZ=9825.0
	zmin=9775.0 zmax=9875.1
Checking overlaps for volume rf_e_113Pipe:0 (G4Tubs) ... OK! 
Checking overlaps for volume rf_e_113UsWall:0 (G4Tubs) ... OK! 
Checking overlaps for volume rf_e_113DsWall:0 (G4Tubs) ... OK! 
Checking overlaps for volume rf_e_113UsWin1:0 (G4Tubs) ... OK! 
Checking overlaps for volume rf_e_113DsWin1:0 (G4Tubs) ... OK! 
Checking overlaps for volume rf_e_113UsWin2:0 (G4Tubs) ... OK! 
Checking overlaps for volume rf_e_113DsWin2:0 (G4Tubs) ... OK! 
Checking overlaps for volume rf_e_113DsHalf:0 (G4Tubs) ... OK! 
Checking overlaps for volume rf_e_113TimingVol:0 (G4Tubs) ... OK! 
Checking overlaps for volume rf_e_113:0 (G4Tubs) ... OK! 
BLCMDpillbox::construct rf_e_113 parent= relZ=9925.1 globZ=9925.1
	zmin=9875.1 zmax=9975.1
Checking overlaps for volume rf_b_120Pipe:0 (G4Tubs) ... OK! 
Checking overlaps for volume rf_b_120UsWall:0 (G4Tubs) ... OK! 
Checking overlaps for volume rf_b_120DsWall:0 (G4Tubs) ... OK! 
Checking overlaps for volume rf_b_120UsWin1:0 (G4Tubs) ... OK! 
Checking overlaps for volume rf_b_120DsWin1:0 (G4Tubs) ... OK! 
Checking overlaps for volume rf_b_120UsWin2:0 (G4Tubs) ... OK! 
Checking overlaps for volume rf_b_120DsWin2:0 (G4Tubs) ... OK! 
Checking overlaps for volume rf_b_120DsHalf:0 (G4Tubs) ... OK! 
Checking overlaps for volume rf_b_120TimingVol:0 (G4Tubs) ... OK! 
Checking overlaps for volume rf_b_120:0 (G4Tubs) ... OK! 
BLCMDpillbox::construct rf_b_120 parent= relZ=10474.9 globZ=10474.9
	zmin=10424.9 zmax=10524.9
Checking overlaps for volume rf_c_121Pipe:0 (G4Tubs) ... OK! 
Checking overlaps for volume rf_c_121UsWall:0 (G4Tubs) ... OK! 
Checking overlaps for volume rf_c_121DsWall:0 (G4Tubs) ... OK! 
Checking overlaps for volume rf_c_121UsWin1:0 (G4Tubs) ... OK! 
Checking overlaps for volume rf_c_121DsWin1:0 (G4Tubs) ... OK! 
Checking overlaps for volume rf_c_121UsWin2:0 (G4Tubs) ... OK! 
Checking overlaps for volume rf_c_121DsWin2:0 (G4Tubs) ... OK! 
Checking overlaps for volume rf_c_121DsHalf:0 (G4Tubs) ... OK! 
Checking overlaps for volume rf_c_121TimingVol:0 (G4Tubs) ... OK! 
Checking overlaps for volume rf_c_121:0 (G4Tubs) ... OK! 
BLCMDpillbox::construct rf_c_121 parent= relZ=10575.0 globZ=10575.0
	zmin=10524.9 zmax=10625.0
Checking overlaps for volume rf_d_122Pipe:0 (G4Tubs) ... OK! 
Checking overlaps for volume rf_d_122UsWall:0 (G4Tubs) ... OK! 
Checking overlaps for volume rf_d_122DsWall:0 (G4Tubs) ... OK! 
Checking overlaps for volume rf_d_122UsWin1:0 (G4Tubs) ... OK! 
Checking overlaps for volume rf_d_122DsWin1:0 (G4Tubs) ... OK! 
Checking overlaps for volume rf_d_122UsWin2:0 (G4Tubs) ... OK! 
Checking overlaps for volume rf_d_122DsWin2:0 (G4Tubs) ... OK! 
Checking overlaps for volume rf_d_122DsHalf:0 (G4Tubs) ... OK! 
Checking overlaps for volume rf_d_122TimingVol:0 (G4Tubs) ... OK! 
Checking overlaps for volume rf_d_122:0 (G4Tubs) ... OK! 
BLCMDpillbox::construct rf_d_122 parent= relZ=10675.0 globZ=10675.0
	zmin=10625.0 zmax=10725.1
Checking overlaps for volume rf_e_123Pipe:0 (G4Tubs) ... OK! 
Checking overlaps for volume rf_e_123UsWall:0 (G4Tubs) ... OK! 
Checking overlaps for volume rf_e_123DsWall:0 (G4Tubs) ... OK! 
Checking overlaps for volume rf_e_123UsWin1:0 (G4Tubs) ... OK! 
Checking overlaps for volume rf_e_123DsWin1:0 (G4Tubs) ... OK! 
Checking overlaps for volume rf_e_123UsWin2:0 (G4Tubs) ... OK! 
Checking overlaps for volume rf_e_123DsWin2:0 (G4Tubs) ... OK! 
Checking overlaps for volume rf_e_123DsHalf:0 (G4Tubs) ... OK! 
Checking overlaps for volume rf_e_123TimingVol:0 (G4Tubs) ... OK! 
Checking overlaps for volume rf_e_123:0 (G4Tubs) ... OK! 
BLCMDpillbox::construct rf_e_123 parent= relZ=10775.1 globZ=10775.1
	zmin=10725.1 zmax=10825.1
Checking overlaps for volume rf_b_130Pipe:0 (G4Tubs) ... OK! 
Checking overlaps for volume rf_b_130UsWall:0 (G4Tubs) ... OK! 
Checking overlaps for volume rf_b_130DsWall:0 (G4Tubs) ... OK! 
Checking overlaps for volume rf_b_130UsWin1:0 (G4Tubs) ... OK! 
Checking overlaps for volume rf_b_130DsWin1:0 (G4Tubs) ... OK! 
Checking overlaps for volume rf_b_130UsWin2:0 (G4Tubs) ... OK! 
Checking overlaps for volume rf_b_130DsWin2:0 (G4Tubs) ... OK! 
Checking overlaps for volume rf_b_130DsHalf:0 (G4Tubs) ... OK! 
Checking overlaps for volume rf_b_130TimingVol:0 (G4Tubs) ... OK! 
Checking overlaps for volume rf_b_130:0 (G4Tubs) ... OK! 
BLCMDpillbox::construct rf_b_130 parent= relZ=11324.9 globZ=11324.9
	zmin=11274.9 zmax=11374.9
Checking overlaps for volume rf_c_131Pipe:0 (G4Tubs) ... OK! 
Checking overlaps for volume rf_c_131UsWall:0 (G4Tubs) ... OK! 
Checking overlaps for volume rf_c_131DsWall:0 (G4Tubs) ... OK! 
Checking overlaps for volume rf_c_131UsWin1:0 (G4Tubs) ... OK! 
Checking overlaps for volume rf_c_131DsWin1:0 (G4Tubs) ... OK! 
Checking overlaps for volume rf_c_131UsWin2:0 (G4Tubs) ... OK! 
Checking overlaps for volume rf_c_131DsWin2:0 (G4Tubs) ... OK! 
Checking overlaps for volume rf_c_131DsHalf:0 (G4Tubs) ... OK! 
Checking overlaps for volume rf_c_131TimingVol:0 (G4Tubs) ... OK! 
Checking overlaps for volume rf_c_131:0 (G4Tubs) ... OK! 
BLCMDpillbox::construct rf_c_131 parent= relZ=11425.0 globZ=11425.0
	zmin=11374.9 zmax=11475.0
Checking overlaps for volume rf_d_132Pipe:0 (G4Tubs) ... OK! 
Checking overlaps for volume rf_d_132UsWall:0 (G4Tubs) ... OK! 
Checking overlaps for volume rf_d_132DsWall:0 (G4Tubs) ... OK! 
Checking overlaps for volume rf_d_132UsWin1:0 (G4Tubs) ... OK! 
Checking overlaps for volume rf_d_132DsWin1:0 (G4Tubs) ... OK! 
Checking overlaps for volume rf_d_132UsWin2:0 (G4Tubs) ... OK! 
Checking overlaps for volume rf_d_132DsWin2:0 (G4Tubs) ... OK! 
Checking overlaps for volume rf_d_132DsHalf:0 (G4Tubs) ... OK! 
Checking overlaps for volume rf_d_132TimingVol:0 (G4Tubs) ... OK! 
Checking overlaps for volume rf_d_132:0 (G4Tubs) ... OK! 
BLCMDpillbox::construct rf_d_132 parent= relZ=11525.0 globZ=11525.0
	zmin=11475.0 zmax=11575.1
Checking overlaps for volume rf_e_133Pipe:0 (G4Tubs) ... OK! 
Checking overlaps for volume rf_e_133UsWall:0 (G4Tubs) ... OK! 
Checking overlaps for volume rf_e_133DsWall:0 (G4Tubs) ... OK! 
Checking overlaps for volume rf_e_133UsWin1:0 (G4Tubs) ... OK! 
Checking overlaps for volume rf_e_133DsWin1:0 (G4Tubs) ... OK! 
Checking overlaps for volume rf_e_133UsWin2:0 (G4Tubs) ... OK! 
Checking overlaps for volume rf_e_133DsWin2:0 (G4Tubs) ... OK! 
Checking overlaps for volume rf_e_133DsHalf:0 (G4Tubs) ... OK! 
Checking overlaps for volume rf_e_133TimingVol:0 (G4Tubs) ... OK! 
Checking overlaps for volume rf_e_133:0 (G4Tubs) ... OK! 
BLCMDpillbox::construct rf_e_133 parent= relZ=11625.1 globZ=11625.1
	zmin=11575.1 zmax=11675.1
Checking overlaps for volume rf_b_140Pipe:0 (G4Tubs) ... OK! 
Checking overlaps for volume rf_b_140UsWall:0 (G4Tubs) ... OK! 
Checking overlaps for volume rf_b_140DsWall:0 (G4Tubs) ... OK! 
Checking overlaps for volume rf_b_140UsWin1:0 (G4Tubs) ... OK! 
Checking overlaps for volume rf_b_140DsWin1:0 (G4Tubs) ... OK! 
Checking overlaps for volume rf_b_140UsWin2:0 (G4Tubs) ... OK! 
Checking overlaps for volume rf_b_140DsWin2:0 (G4Tubs) ... OK! 
Checking overlaps for volume rf_b_140DsHalf:0 (G4Tubs) ... OK! 
Checking overlaps for volume rf_b_140TimingVol:0 (G4Tubs) ... OK! 
Checking overlaps for volume rf_b_140:0 (G4Tubs) ... OK! 
BLCMDpillbox::construct rf_b_140 parent= relZ=12174.9 globZ=12174.9
	zmin=12124.9 zmax=12224.9
Checking overlaps for volume rf_c_141Pipe:0 (G4Tubs) ... OK! 
Checking overlaps for volume rf_c_141UsWall:0 (G4Tubs) ... OK! 
Checking overlaps for volume rf_c_141DsWall:0 (G4Tubs) ... OK! 
Checking overlaps for volume rf_c_141UsWin1:0 (G4Tubs) ... OK! 
Checking overlaps for volume rf_c_141DsWin1:0 (G4Tubs) ... OK! 
Checking overlaps for volume rf_c_141UsWin2:0 (G4Tubs) ... OK! 
Checking overlaps for volume rf_c_141DsWin2:0 (G4Tubs) ... OK! 
Checking overlaps for volume rf_c_141DsHalf:0 (G4Tubs) ... OK! 
Checking overlaps for volume rf_c_141TimingVol:0 (G4Tubs) ... OK! 
Checking overlaps for volume rf_c_141:0 (G4Tubs) ... OK! 
BLCMDpillbox::construct rf_c_141 parent= relZ=12275.0 globZ=12275.0
	zmin=12224.9 zmax=12325.0
Checking overlaps for volume rf_d_142Pipe:0 (G4Tubs) ... OK! 
Checking overlaps for volume rf_d_142UsWall:0 (G4Tubs) ... OK! 
Checking overlaps for volume rf_d_142DsWall:0 (G4Tubs) ... OK! 
Checking overlaps for volume rf_d_142UsWin1:0 (G4Tubs) ... OK! 
Checking overlaps for volume rf_d_142DsWin1:0 (G4Tubs) ... OK! 
Checking overlaps for volume rf_d_142UsWin2:0 (G4Tubs) ... OK! 
Checking overlaps for volume rf_d_142DsWin2:0 (G4Tubs) ... OK! 
Checking overlaps for volume rf_d_142DsHalf:0 (G4Tubs) ... OK! 
Checking overlaps for volume rf_d_142TimingVol:0 (G4Tubs) ... OK! 
Checking overlaps for volume rf_d_142:0 (G4Tubs) ... OK! 
BLCMDpillbox::construct rf_d_142 parent= relZ=12375.0 globZ=12375.0
	zmin=12325.0 zmax=12425.1
Checking overlaps for volume rf_e_143Pipe:0 (G4Tubs) ... OK! 
Checking overlaps for volume rf_e_143UsWall:0 (G4Tubs) ... OK! 
Checking overlaps for volume rf_e_143DsWall:0 (G4Tubs) ... OK! 
Checking overlaps for volume rf_e_143UsWin1:0 (G4Tubs) ... OK! 
Checking overlaps for volume rf_e_143DsWin1:0 (G4Tubs) ... OK! 
Checking overlaps for volume rf_e_143UsWin2:0 (G4Tubs) ... OK! 
Checking overlaps for volume rf_e_143DsWin2:0 (G4Tubs) ... OK! 
Checking overlaps for volume rf_e_143DsHalf:0 (G4Tubs) ... OK! 
Checking overlaps for volume rf_e_143TimingVol:0 (G4Tubs) ... OK! 
Checking overlaps for volume rf_e_143:0 (G4Tubs) ... OK! 
BLCMDpillbox::construct rf_e_143 parent= relZ=12475.1 globZ=12475.1
	zmin=12425.1 zmax=12525.1
Checking overlaps for volume rf_b_150Pipe:0 (G4Tubs) ... OK! 
Checking overlaps for volume rf_b_150UsWall:0 (G4Tubs) ... OK! 
Checking overlaps for volume rf_b_150DsWall:0 (G4Tubs) ... OK! 
Checking overlaps for volume rf_b_150UsWin1:0 (G4Tubs) ... OK! 
Checking overlaps for volume rf_b_150DsWin1:0 (G4Tubs) ... OK! 
Checking overlaps for volume rf_b_150UsWin2:0 (G4Tubs) ... OK! 
Checking overlaps for volume rf_b_150DsWin2:0 (G4Tubs) ... OK! 
Checking overlaps for volume rf_b_150DsHalf:0 (G4Tubs) ... OK! 
Checking overlaps for volume rf_b_150TimingVol:0 (G4Tubs) ... OK! 
Checking overlaps for volume rf_b_150:0 (G4Tubs) ... OK! 
BLCMDpillbox::construct rf_b_150 parent= relZ=13024.9 globZ=13024.9
	zmin=12974.9 zmax=13074.9
Checking overlaps for volume rf_c_151Pipe:0 (G4Tubs) ... OK! 
Checking overlaps for volume rf_c_151UsWall:0 (G4Tubs) ... OK! 
Checking overlaps for volume rf_c_151DsWall:0 (G4Tubs) ... OK! 
Checking overlaps for volume rf_c_151UsWin1:0 (G4Tubs) ... OK! 
Checking overlaps for volume rf_c_151DsWin1:0 (G4Tubs) ... OK! 
Checking overlaps for volume rf_c_151UsWin2:0 (G4Tubs) ... OK! 
Checking overlaps for volume rf_c_151DsWin2:0 (G4Tubs) ... OK! 
Checking overlaps for volume rf_c_151DsHalf:0 (G4Tubs) ... OK! 
Checking overlaps for volume rf_c_151TimingVol:0 (G4Tubs) ... OK! 
Checking overlaps for volume rf_c_151:0 (G4Tubs) ... OK! 
BLCMDpillbox::construct rf_c_151 parent= relZ=13125.0 globZ=13125.0
	zmin=13074.9 zmax=13175.0
Checking overlaps for volume rf_d_152Pipe:0 (G4Tubs) ... OK! 
Checking overlaps for volume rf_d_152UsWall:0 (G4Tubs) ... OK! 
Checking overlaps for volume rf_d_152DsWall:0 (G4Tubs) ... OK! 
Checking overlaps for volume rf_d_152UsWin1:0 (G4Tubs) ... OK! 
Checking overlaps for volume rf_d_152DsWin1:0 (G4Tubs) ... OK! 
Checking overlaps for volume rf_d_152UsWin2:0 (G4Tubs) ... OK! 
Checking overlaps for volume rf_d_152DsWin2:0 (G4Tubs) ... OK! 
Checking overlaps for volume rf_d_152DsHalf:0 (G4Tubs) ... OK! 
Checking overlaps for volume rf_d_152TimingVol:0 (G4Tubs) ... OK! 
Checking overlaps for volume rf_d_152:0 (G4Tubs) ... OK! 
BLCMDpillbox::construct rf_d_152 parent= relZ=13225.0 globZ=13225.0
	zmin=13175.0 zmax=13275.1
Checking overlaps for volume rf_e_153Pipe:0 (G4Tubs) ... OK! 
Checking overlaps for volume rf_e_153UsWall:0 (G4Tubs) ... OK! 
Checking overlaps for volume rf_e_153DsWall:0 (G4Tubs) ... OK! 
Checking overlaps for volume rf_e_153UsWin1:0 (G4Tubs) ... OK! 
Checking overlaps for volume rf_e_153DsWin1:0 (G4Tubs) ... OK! 
Checking overlaps for volume rf_e_153UsWin2:0 (G4Tubs) ... OK! 
Checking overlaps for volume rf_e_153DsWin2:0 (G4Tubs) ... OK! 
Checking overlaps for volume rf_e_153DsHalf:0 (G4Tubs) ... OK! 
Checking overlaps for volume rf_e_153TimingVol:0 (G4Tubs) ... OK! 
Checking overlaps for volume rf_e_153:0 (G4Tubs) ... OK! 
BLCMDpillbox::construct rf_e_153 parent= relZ=13325.1 globZ=13325.1
	zmin=13275.1 zmax=13375.1
Checking overlaps for volume rf_b_160Pipe:0 (G4Tubs) ... OK! 
Checking overlaps for volume rf_b_160UsWall:0 (G4Tubs) ... OK! 
Checking overlaps for volume rf_b_160DsWall:0 (G4Tubs) ... OK! 
Checking overlaps for volume rf_b_160UsWin1:0 (G4Tubs) ... OK! 
Checking overlaps for volume rf_b_160DsWin1:0 (G4Tubs) ... OK! 
Checking overlaps for volume rf_b_160UsWin2:0 (G4Tubs) ... OK! 
Checking overlaps for volume rf_b_160DsWin2:0 (G4Tubs) ... OK! 
Checking overlaps for volume rf_b_160DsHalf:0 (G4Tubs) ... OK! 
Checking overlaps for volume rf_b_160TimingVol:0 (G4Tubs) ... OK! 
Checking overlaps for volume rf_b_160:0 (G4Tubs) ... OK! 
BLCMDpillbox::construct rf_b_160 parent= relZ=13874.9 globZ=13874.9
	zmin=13824.9 zmax=13924.9
Checking overlaps for volume rf_c_161Pipe:0 (G4Tubs) ... OK! 
Checking overlaps for volume rf_c_161UsWall:0 (G4Tubs) ... OK! 
Checking overlaps for volume rf_c_161DsWall:0 (G4Tubs) ... OK! 
Checking overlaps for volume rf_c_161UsWin1:0 (G4Tubs) ... OK! 
Checking overlaps for volume rf_c_161DsWin1:0 (G4Tubs) ... OK! 
Checking overlaps for volume rf_c_161UsWin2:0 (G4Tubs) ... OK! 
Checking overlaps for volume rf_c_161DsWin2:0 (G4Tubs) ... OK! 
Checking overlaps for volume rf_c_161DsHalf:0 (G4Tubs) ... OK! 
Checking overlaps for volume rf_c_161TimingVol:0 (G4Tubs) ... OK! 
Checking overlaps for volume rf_c_161:0 (G4Tubs) ... OK! 
BLCMDpillbox::construct rf_c_161 parent= relZ=13975.0 globZ=13975.0
	zmin=13924.9 zmax=14025.0
Checking overlaps for volume rf_d_162Pipe:0 (G4Tubs) ... OK! 
Checking overlaps for volume rf_d_162UsWall:0 (G4Tubs) ... OK! 
Checking overlaps for volume rf_d_162DsWall:0 (G4Tubs) ... OK! 
Checking overlaps for volume rf_d_162UsWin1:0 (G4Tubs) ... OK! 
Checking overlaps for volume rf_d_162DsWin1:0 (G4Tubs) ... OK! 
Checking overlaps for volume rf_d_162UsWin2:0 (G4Tubs) ... OK! 
Checking overlaps for volume rf_d_162DsWin2:0 (G4Tubs) ... OK! 
Checking overlaps for volume rf_d_162DsHalf:0 (G4Tubs) ... OK! 
Checking overlaps for volume rf_d_162TimingVol:0 (G4Tubs) ... OK! 
Checking overlaps for volume rf_d_162:0 (G4Tubs) ... OK! 
BLCMDpillbox::construct rf_d_162 parent= relZ=14075.0 globZ=14075.0
	zmin=14025.0 zmax=14125.1
Checking overlaps for volume rf_e_163Pipe:0 (G4Tubs) ... OK! 
Checking overlaps for volume rf_e_163UsWall:0 (G4Tubs) ... OK! 
Checking overlaps for volume rf_e_163DsWall:0 (G4Tubs) ... OK! 
Checking overlaps for volume rf_e_163UsWin1:0 (G4Tubs) ... OK! 
Checking overlaps for volume rf_e_163DsWin1:0 (G4Tubs) ... OK! 
Checking overlaps for volume rf_e_163UsWin2:0 (G4Tubs) ... OK! 
Checking overlaps for volume rf_e_163DsWin2:0 (G4Tubs) ... OK! 
Checking overlaps for volume rf_e_163DsHalf:0 (G4Tubs) ... OK! 
Checking overlaps for volume rf_e_163TimingVol:0 (G4Tubs) ... OK! 
Checking overlaps for volume rf_e_163:0 (G4Tubs) ... OK! 
BLCMDpillbox::construct rf_e_163 parent= relZ=14175.1 globZ=14175.1
	zmin=14125.1 zmax=14225.1
Checking overlaps for volume rf_b_170Pipe:0 (G4Tubs) ... OK! 
Checking overlaps for volume rf_b_170UsWall:0 (G4Tubs) ... OK! 
Checking overlaps for volume rf_b_170DsWall:0 (G4Tubs) ... OK! 
Checking overlaps for volume rf_b_170UsWin1:0 (G4Tubs) ... OK! 
Checking overlaps for volume rf_b_170DsWin1:0 (G4Tubs) ... OK! 
Checking overlaps for volume rf_b_170UsWin2:0 (G4Tubs) ... OK! 
Checking overlaps for volume rf_b_170DsWin2:0 (G4Tubs) ... OK! 
Checking overlaps for volume rf_b_170DsHalf:0 (G4Tubs) ... OK! 
Checking overlaps for volume rf_b_170TimingVol:0 (G4Tubs) ... OK! 
Checking overlaps for volume rf_b_170:0 (G4Tubs) ... OK! 
BLCMDpillbox::construct rf_b_170 parent= relZ=14724.9 globZ=14724.9
	zmin=14674.9 zmax=14774.9
Checking overlaps for volume rf_c_171Pipe:0 (G4Tubs) ... OK! 
Checking overlaps for volume rf_c_171UsWall:0 (G4Tubs) ... OK! 
Checking overlaps for volume rf_c_171DsWall:0 (G4Tubs) ... OK! 
Checking overlaps for volume rf_c_171UsWin1:0 (G4Tubs) ... OK! 
Checking overlaps for volume rf_c_171DsWin1:0 (G4Tubs) ... OK! 
Checking overlaps for volume rf_c_171UsWin2:0 (G4Tubs) ... OK! 
Checking overlaps for volume rf_c_171DsWin2:0 (G4Tubs) ... OK! 
Checking overlaps for volume rf_c_171DsHalf:0 (G4Tubs) ... OK! 
Checking overlaps for volume rf_c_171TimingVol:0 (G4Tubs) ... OK! 
Checking overlaps for volume rf_c_171:0 (G4Tubs) ... OK! 
BLCMDpillbox::construct rf_c_171 parent= relZ=14825.0 globZ=14825.0
	zmin=14774.9 zmax=14875.0
Checking overlaps for volume rf_d_172Pipe:0 (G4Tubs) ... OK! 
Checking overlaps for volume rf_d_172UsWall:0 (G4Tubs) ... OK! 
Checking overlaps for volume rf_d_172DsWall:0 (G4Tubs) ... OK! 
Checking overlaps for volume rf_d_172UsWin1:0 (G4Tubs) ... OK! 
Checking overlaps for volume rf_d_172DsWin1:0 (G4Tubs) ... OK! 
Checking overlaps for volume rf_d_172UsWin2:0 (G4Tubs) ... OK! 
Checking overlaps for volume rf_d_172DsWin2:0 (G4Tubs) ... OK! 
Checking overlaps for volume rf_d_172DsHalf:0 (G4Tubs) ... OK! 
Checking overlaps for volume rf_d_172TimingVol:0 (G4Tubs) ... OK! 
Checking overlaps for volume rf_d_172:0 (G4Tubs) ... OK! 
BLCMDpillbox::construct rf_d_172 parent= relZ=14925.0 globZ=14925.0
	zmin=14875.0 zmax=14975.1
Checking overlaps for volume rf_e_173Pipe:0 (G4Tubs) ... OK! 
Checking overlaps for volume rf_e_173UsWall:0 (G4Tubs) ... OK! 
Checking overlaps for volume rf_e_173DsWall:0 (G4Tubs) ... OK! 
Checking overlaps for volume rf_e_173UsWin1:0 (G4Tubs) ... OK! 
Checking overlaps for volume rf_e_173DsWin1:0 (G4Tubs) ... OK! 
Checking overlaps for volume rf_e_173UsWin2:0 (G4Tubs) ... OK! 
Checking overlaps for volume rf_e_173DsWin2:0 (G4Tubs) ... OK! 
Checking overlaps for volume rf_e_173DsHalf:0 (G4Tubs) ... OK! 
Checking overlaps for volume rf_e_173TimingVol:0 (G4Tubs) ... OK! 
Checking overlaps for volume rf_e_173:0 (G4Tubs) ... OK! 
BLCMDpillbox::construct rf_e_173 parent= relZ=15025.1 globZ=15025.1
	zmin=14975.1 zmax=15075.1
Checking overlaps for volume rf_b_180Pipe:0 (G4Tubs) ... OK! 
Checking overlaps for volume rf_b_180UsWall:0 (G4Tubs) ... OK! 
Checking overlaps for volume rf_b_180DsWall:0 (G4Tubs) ... OK! 
Checking overlaps for volume rf_b_180UsWin1:0 (G4Tubs) ... OK! 
Checking overlaps for volume rf_b_180DsWin1:0 (G4Tubs) ... OK! 
Checking overlaps for volume rf_b_180UsWin2:0 (G4Tubs) ... OK! 
Checking overlaps for volume rf_b_180DsWin2:0 (G4Tubs) ... OK! 
Checking overlaps for volume rf_b_180DsHalf:0 (G4Tubs) ... OK! 
Checking overlaps for volume rf_b_180TimingVol:0 (G4Tubs) ... OK! 
Checking overlaps for volume rf_b_180:0 (G4Tubs) ... OK! 
BLCMDpillbox::construct rf_b_180 parent= relZ=15574.9 globZ=15574.9
	zmin=15524.9 zmax=15624.9
Checking overlaps for volume rf_c_181Pipe:0 (G4Tubs) ... OK! 
Checking overlaps for volume rf_c_181UsWall:0 (G4Tubs) ... OK! 
Checking overlaps for volume rf_c_181DsWall:0 (G4Tubs) ... OK! 
Checking overlaps for volume rf_c_181UsWin1:0 (G4Tubs) ... OK! 
Checking overlaps for volume rf_c_181DsWin1:0 (G4Tubs) ... OK! 
Checking overlaps for volume rf_c_181UsWin2:0 (G4Tubs) ... OK! 
Checking overlaps for volume rf_c_181DsWin2:0 (G4Tubs) ... OK! 
Checking overlaps for volume rf_c_181DsHalf:0 (G4Tubs) ... OK! 
Checking overlaps for volume rf_c_181TimingVol:0 (G4Tubs) ... OK! 
Checking overlaps for volume rf_c_181:0 (G4Tubs) ... OK! 
BLCMDpillbox::construct rf_c_181 parent= relZ=15675.0 globZ=15675.0
	zmin=15624.9 zmax=15725.0
Checking overlaps for volume rf_d_182Pipe:0 (G4Tubs) ... OK! 
Checking overlaps for volume rf_d_182UsWall:0 (G4Tubs) ... OK! 
Checking overlaps for volume rf_d_182DsWall:0 (G4Tubs) ... OK! 
Checking overlaps for volume rf_d_182UsWin1:0 (G4Tubs) ... OK! 
Checking overlaps for volume rf_d_182DsWin1:0 (G4Tubs) ... OK! 
Checking overlaps for volume rf_d_182UsWin2:0 (G4Tubs) ... OK! 
Checking overlaps for volume rf_d_182DsWin2:0 (G4Tubs) ... OK! 
Checking overlaps for volume rf_d_182DsHalf:0 (G4Tubs) ... OK! 
Checking overlaps for volume rf_d_182TimingVol:0 (G4Tubs) ... OK! 
Checking overlaps for volume rf_d_182:0 (G4Tubs) ... OK! 
BLCMDpillbox::construct rf_d_182 parent= relZ=15775.0 globZ=15775.0
	zmin=15725.0 zmax=15825.1
Checking overlaps for volume rf_e_183Pipe:0 (G4Tubs) ... OK! 
Checking overlaps for volume rf_e_183UsWall:0 (G4Tubs) ... OK! 
Checking overlaps for volume rf_e_183DsWall:0 (G4Tubs) ... OK! 
Checking overlaps for volume rf_e_183UsWin1:0 (G4Tubs) ... OK! 
Checking overlaps for volume rf_e_183DsWin1:0 (G4Tubs) ... OK! 
Checking overlaps for volume rf_e_183UsWin2:0 (G4Tubs) ... OK! 
Checking overlaps for volume rf_e_183DsWin2:0 (G4Tubs) ... OK! 
Checking overlaps for volume rf_e_183DsHalf:0 (G4Tubs) ... OK! 
Checking overlaps for volume rf_e_183TimingVol:0 (G4Tubs) ... OK! 
Checking overlaps for volume rf_e_183:0 (G4Tubs) ... OK! 
BLCMDpillbox::construct rf_e_183 parent= relZ=15875.1 globZ=15875.1
	zmin=15825.1 zmax=15925.1
Checking overlaps for volume rf_b_190Pipe:0 (G4Tubs) ... OK! 
Checking overlaps for volume rf_b_190UsWall:0 (G4Tubs) ... OK! 
Checking overlaps for volume rf_b_190DsWall:0 (G4Tubs) ... OK! 
Checking overlaps for volume rf_b_190UsWin1:0 (G4Tubs) ... OK! 
Checking overlaps for volume rf_b_190DsWin1:0 (G4Tubs) ... OK! 
Checking overlaps for volume rf_b_190UsWin2:0 (G4Tubs) ... OK! 
Checking overlaps for volume rf_b_190DsWin2:0 (G4Tubs) ... OK! 
Checking overlaps for volume rf_b_190DsHalf:0 (G4Tubs) ... OK! 
Checking overlaps for volume rf_b_190TimingVol:0 (G4Tubs) ... OK! 
Checking overlaps for volume rf_b_190:0 (G4Tubs) ... OK! 
BLCMDpillbox::construct rf_b_190 parent= relZ=16424.9 globZ=16424.9
	zmin=16374.9 zmax=16474.9
Checking overlaps for volume rf_c_191Pipe:0 (G4Tubs) ... OK! 
Checking overlaps for volume rf_c_191UsWall:0 (G4Tubs) ... OK! 
Checking overlaps for volume rf_c_191DsWall:0 (G4Tubs) ... OK! 
Checking overlaps for volume rf_c_191UsWin1:0 (G4Tubs) ... OK! 
Checking overlaps for volume rf_c_191DsWin1:0 (G4Tubs) ... OK! 
Checking overlaps for volume rf_c_191UsWin2:0 (G4Tubs) ... OK! 
Checking overlaps for volume rf_c_191DsWin2:0 (G4Tubs) ... OK! 
Checking overlaps for volume rf_c_191DsHalf:0 (G4Tubs) ... OK! 
Checking overlaps for volume rf_c_191TimingVol:0 (G4Tubs) ... OK! 
Checking overlaps for volume rf_c_191:0 (G4Tubs) ... OK! 
BLCMDpillbox::construct rf_c_191 parent= relZ=16525.0 globZ=16525.0
	zmin=16474.9 zmax=16575.0
Checking overlaps for volume rf_d_192Pipe:0 (G4Tubs) ... OK! 
Checking overlaps for volume rf_d_192UsWall:0 (G4Tubs) ... OK! 
Checking overlaps for volume rf_d_192DsWall:0 (G4Tubs) ... OK! 
Checking overlaps for volume rf_d_192UsWin1:0 (G4Tubs) ... OK! 
Checking overlaps for volume rf_d_192DsWin1:0 (G4Tubs) ... OK! 
Checking overlaps for volume rf_d_192UsWin2:0 (G4Tubs) ... OK! 
Checking overlaps for volume rf_d_192DsWin2:0 (G4Tubs) ... OK! 
Checking overlaps for volume rf_d_192DsHalf:0 (G4Tubs) ... OK! 
Checking overlaps for volume rf_d_192TimingVol:0 (G4Tubs) ... OK! 
Checking overlaps for volume rf_d_192:0 (G4Tubs) ... OK! 
BLCMDpillbox::construct rf_d_192 parent= relZ=16625.0 globZ=16625.0
	zmin=16575.0 zmax=16675.1
Checking overlaps for volume rf_e_193Pipe:0 (G4Tubs) ... OK! 
Checking overlaps for volume rf_e_193UsWall:0 (G4Tubs) ... OK! 
Checking overlaps for volume rf_e_193DsWall:0 (G4Tubs) ... OK! 
Checking overlaps for volume rf_e_193UsWin1:0 (G4Tubs) ... OK! 
Checking overlaps for volume rf_e_193DsWin1:0 (G4Tubs) ... OK! 
Checking overlaps for volume rf_e_193UsWin2:0 (G4Tubs) ... OK! 
Checking overlaps for volume rf_e_193DsWin2:0 (G4Tubs) ... OK! 
Checking overlaps for volume rf_e_193DsHalf:0 (G4Tubs) ... OK! 
Checking overlaps for volume rf_e_193TimingVol:0 (G4Tubs) ... OK! 
Checking overlaps for volume rf_e_193:0 (G4Tubs) ... OK! 
BLCMDpillbox::construct rf_e_193 parent= relZ=16725.1 globZ=16725.1
	zmin=16675.1 zmax=16775.1
Checking overlaps for volume rf_b_200Pipe:0 (G4Tubs) ... OK! 
Checking overlaps for volume rf_b_200UsWall:0 (G4Tubs) ... OK! 
Checking overlaps for volume rf_b_200DsWall:0 (G4Tubs) ... OK! 
Checking overlaps for volume rf_b_200UsWin1:0 (G4Tubs) ... OK! 
Checking overlaps for volume rf_b_200DsWin1:0 (G4Tubs) ... OK! 
Checking overlaps for volume rf_b_200UsWin2:0 (G4Tubs) ... OK! 
Checking overlaps for volume rf_b_200DsWin2:0 (G4Tubs) ... OK! 
Checking overlaps for volume rf_b_200DsHalf:0 (G4Tubs) ... OK! 
Checking overlaps for volume rf_b_200TimingVol:0 (G4Tubs) ... OK! 
Checking overlaps for volume rf_b_200:0 (G4Tubs) ... OK! 
BLCMDpillbox::construct rf_b_200 parent= relZ=17274.9 globZ=17274.9
	zmin=17224.9 zmax=17324.9
Checking overlaps for volume rf_c_201Pipe:0 (G4Tubs) ... OK! 
Checking overlaps for volume rf_c_201UsWall:0 (G4Tubs) ... OK! 
Checking overlaps for volume rf_c_201DsWall:0 (G4Tubs) ... OK! 
Checking overlaps for volume rf_c_201UsWin1:0 (G4Tubs) ... OK! 
Checking overlaps for volume rf_c_201DsWin1:0 (G4Tubs) ... OK! 
Checking overlaps for volume rf_c_201UsWin2:0 (G4Tubs) ... OK! 
Checking overlaps for volume rf_c_201DsWin2:0 (G4Tubs) ... OK! 
Checking overlaps for volume rf_c_201DsHalf:0 (G4Tubs) ... OK! 
Checking overlaps for volume rf_c_201TimingVol:0 (G4Tubs) ... OK! 
Checking overlaps for volume rf_c_201:0 (G4Tubs) ... OK! 
BLCMDpillbox::construct rf_c_201 parent= relZ=17375.0 globZ=17375.0
	zmin=17324.9 zmax=17425.0
Checking overlaps for volume rf_d_202Pipe:0 (G4Tubs) ... OK! 
Checking overlaps for volume rf_d_202UsWall:0 (G4Tubs) ... OK! 
Checking overlaps for volume rf_d_202DsWall:0 (G4Tubs) ... OK! 
Checking overlaps for volume rf_d_202UsWin1:0 (G4Tubs) ... OK! 
Checking overlaps for volume rf_d_202DsWin1:0 (G4Tubs) ... OK! 
Checking overlaps for volume rf_d_202UsWin2:0 (G4Tubs) ... OK! 
Checking overlaps for volume rf_d_202DsWin2:0 (G4Tubs) ... OK! 
Checking overlaps for volume rf_d_202DsHalf:0 (G4Tubs) ... OK! 
Checking overlaps for volume rf_d_202TimingVol:0 (G4Tubs) ... OK! 
Checking overlaps for volume rf_d_202:0 (G4Tubs) ... OK! 
BLCMDpillbox::construct rf_d_202 parent= relZ=17475.0 globZ=17475.0
	zmin=17425.0 zmax=17525.1
Checking overlaps for volume rf_e_203Pipe:0 (G4Tubs) ... OK! 
Checking overlaps for volume rf_e_203UsWall:0 (G4Tubs) ... OK! 
Checking overlaps for volume rf_e_203DsWall:0 (G4Tubs) ... OK! 
Checking overlaps for volume rf_e_203UsWin1:0 (G4Tubs) ... OK! 
Checking overlaps for volume rf_e_203DsWin1:0 (G4Tubs) ... OK! 
Checking overlaps for volume rf_e_203UsWin2:0 (G4Tubs) ... OK! 
Checking overlaps for volume rf_e_203DsWin2:0 (G4Tubs) ... OK! 
Checking overlaps for volume rf_e_203DsHalf:0 (G4Tubs) ... OK! 
Checking overlaps for volume rf_e_203TimingVol:0 (G4Tubs) ... OK! 
Checking overlaps for volume rf_e_203:0 (G4Tubs) ... OK! 
BLCMDpillbox::construct rf_e_203 parent= relZ=17575.1 globZ=17575.1
	zmin=17525.1 zmax=17625.1
Checking overlaps for volume rf_b_210Pipe:0 (G4Tubs) ... OK! 
Checking overlaps for volume rf_b_210UsWall:0 (G4Tubs) ... OK! 
Checking overlaps for volume rf_b_210DsWall:0 (G4Tubs) ... OK! 
Checking overlaps for volume rf_b_210UsWin1:0 (G4Tubs) ... OK! 
Checking overlaps for volume rf_b_210DsWin1:0 (G4Tubs) ... OK! 
Checking overlaps for volume rf_b_210UsWin2:0 (G4Tubs) ... OK! 
Checking overlaps for volume rf_b_210DsWin2:0 (G4Tubs) ... OK! 
Checking overlaps for volume rf_b_210DsHalf:0 (G4Tubs) ... OK! 
Checking overlaps for volume rf_b_210TimingVol:0 (G4Tubs) ... OK! 
Checking overlaps for volume rf_b_210:0 (G4Tubs) ... OK! 
BLCMDpillbox::construct rf_b_210 parent= relZ=18124.9 globZ=18124.9
	zmin=18074.9 zmax=18174.9
Checking overlaps for volume rf_c_211Pipe:0 (G4Tubs) ... OK! 
Checking overlaps for volume rf_c_211UsWall:0 (G4Tubs) ... OK! 
Checking overlaps for volume rf_c_211DsWall:0 (G4Tubs) ... OK! 
Checking overlaps for volume rf_c_211UsWin1:0 (G4Tubs) ... OK! 
Checking overlaps for volume rf_c_211DsWin1:0 (G4Tubs) ... OK! 
Checking overlaps for volume rf_c_211UsWin2:0 (G4Tubs) ... OK! 
Checking overlaps for volume rf_c_211DsWin2:0 (G4Tubs) ... OK! 
Checking overlaps for volume rf_c_211DsHalf:0 (G4Tubs) ... OK! 
Checking overlaps for volume rf_c_211TimingVol:0 (G4Tubs) ... OK! 
Checking overlaps for volume rf_c_211:0 (G4Tubs) ... OK! 
BLCMDpillbox::construct rf_c_211 parent= relZ=18225.0 globZ=18225.0
	zmin=18174.9 zmax=18275.0
Checking overlaps for volume rf_d_212Pipe:0 (G4Tubs) ... OK! 
Checking overlaps for volume rf_d_212UsWall:0 (G4Tubs) ... OK! 
Checking overlaps for volume rf_d_212DsWall:0 (G4Tubs) ... OK! 
Checking overlaps for volume rf_d_212UsWin1:0 (G4Tubs) ... OK! 
Checking overlaps for volume rf_d_212DsWin1:0 (G4Tubs) ... OK! 
Checking overlaps for volume rf_d_212UsWin2:0 (G4Tubs) ... OK! 
Checking overlaps for volume rf_d_212DsWin2:0 (G4Tubs) ... OK! 
Checking overlaps for volume rf_d_212DsHalf:0 (G4Tubs) ... OK! 
Checking overlaps for volume rf_d_212TimingVol:0 (G4Tubs) ... OK! 
Checking overlaps for volume rf_d_212:0 (G4Tubs) ... OK! 
BLCMDpillbox::construct rf_d_212 parent= relZ=18325.0 globZ=18325.0
	zmin=18275.0 zmax=18375.1
Checking overlaps for volume rf_e_213Pipe:0 (G4Tubs) ... OK! 
Checking overlaps for volume rf_e_213UsWall:0 (G4Tubs) ... OK! 
Checking overlaps for volume rf_e_213DsWall:0 (G4Tubs) ... OK! 
Checking overlaps for volume rf_e_213UsWin1:0 (G4Tubs) ... OK! 
Checking overlaps for volume rf_e_213DsWin1:0 (G4Tubs) ... OK! 
Checking overlaps for volume rf_e_213UsWin2:0 (G4Tubs) ... OK! 
Checking overlaps for volume rf_e_213DsWin2:0 (G4Tubs) ... OK! 
Checking overlaps for volume rf_e_213DsHalf:0 (G4Tubs) ... OK! 
Checking overlaps for volume rf_e_213TimingVol:0 (G4Tubs) ... OK! 
Checking overlaps for volume rf_e_213:0 (G4Tubs) ... OK! 
BLCMDpillbox::construct rf_e_213 parent= relZ=18425.1 globZ=18425.1
	zmin=18375.1 zmax=18475.1
Checking overlaps for volume rf_b_220Pipe:0 (G4Tubs) ... OK! 
Checking overlaps for volume rf_b_220UsWall:0 (G4Tubs) ... OK! 
Checking overlaps for volume rf_b_220DsWall:0 (G4Tubs) ... OK! 
Checking overlaps for volume rf_b_220UsWin1:0 (G4Tubs) ... OK! 
Checking overlaps for volume rf_b_220DsWin1:0 (G4Tubs) ... OK! 
Checking overlaps for volume rf_b_220UsWin2:0 (G4Tubs) ... OK! 
Checking overlaps for volume rf_b_220DsWin2:0 (G4Tubs) ... OK! 
Checking overlaps for volume rf_b_220DsHalf:0 (G4Tubs) ... OK! 
Checking overlaps for volume rf_b_220TimingVol:0 (G4Tubs) ... OK! 
Checking overlaps for volume rf_b_220:0 (G4Tubs) ... OK! 
BLCMDpillbox::construct rf_b_220 parent= relZ=18974.9 globZ=18974.9
	zmin=18924.9 zmax=19024.9
Checking overlaps for volume rf_c_221Pipe:0 (G4Tubs) ... OK! 
Checking overlaps for volume rf_c_221UsWall:0 (G4Tubs) ... OK! 
Checking overlaps for volume rf_c_221DsWall:0 (G4Tubs) ... OK! 
Checking overlaps for volume rf_c_221UsWin1:0 (G4Tubs) ... OK! 
Checking overlaps for volume rf_c_221DsWin1:0 (G4Tubs) ... OK! 
Checking overlaps for volume rf_c_221UsWin2:0 (G4Tubs) ... OK! 
Checking overlaps for volume rf_c_221DsWin2:0 (G4Tubs) ... OK! 
Checking overlaps for volume rf_c_221DsHalf:0 (G4Tubs) ... OK! 
Checking overlaps for volume rf_c_221TimingVol:0 (G4Tubs) ... OK! 
Checking overlaps for volume rf_c_221:0 (G4Tubs) ... OK! 
BLCMDpillbox::construct rf_c_221 parent= relZ=19075.0 globZ=19075.0
	zmin=19024.9 zmax=19125.0
Checking overlaps for volume rf_d_222Pipe:0 (G4Tubs) ... OK! 
Checking overlaps for volume rf_d_222UsWall:0 (G4Tubs) ... OK! 
Checking overlaps for volume rf_d_222DsWall:0 (G4Tubs) ... OK! 
Checking overlaps for volume rf_d_222UsWin1:0 (G4Tubs) ... OK! 
Checking overlaps for volume rf_d_222DsWin1:0 (G4Tubs) ... OK! 
Checking overlaps for volume rf_d_222UsWin2:0 (G4Tubs) ... OK! 
Checking overlaps for volume rf_d_222DsWin2:0 (G4Tubs) ... OK! 
Checking overlaps for volume rf_d_222DsHalf:0 (G4Tubs) ... OK! 
Checking overlaps for volume rf_d_222TimingVol:0 (G4Tubs) ... OK! 
Checking overlaps for volume rf_d_222:0 (G4Tubs) ... OK! 
BLCMDpillbox::construct rf_d_222 parent= relZ=19175.0 globZ=19175.0
	zmin=19125.0 zmax=19225.1
Checking overlaps for volume rf_e_223Pipe:0 (G4Tubs) ... OK! 
Checking overlaps for volume rf_e_223UsWall:0 (G4Tubs) ... OK! 
Checking overlaps for volume rf_e_223DsWall:0 (G4Tubs) ... OK! 
Checking overlaps for volume rf_e_223UsWin1:0 (G4Tubs) ... OK! 
Checking overlaps for volume rf_e_223DsWin1:0 (G4Tubs) ... OK! 
Checking overlaps for volume rf_e_223UsWin2:0 (G4Tubs) ... OK! 
Checking overlaps for volume rf_e_223DsWin2:0 (G4Tubs) ... OK! 
Checking overlaps for volume rf_e_223DsHalf:0 (G4Tubs) ... OK! 
Checking overlaps for volume rf_e_223TimingVol:0 (G4Tubs) ... OK! 
Checking overlaps for volume rf_e_223:0 (G4Tubs) ... OK! 
BLCMDpillbox::construct rf_e_223 parent= relZ=19275.1 globZ=19275.1
	zmin=19225.1 zmax=19325.1
Checking overlaps for volume rf_b_230Pipe:0 (G4Tubs) ... OK! 
Checking overlaps for volume rf_b_230UsWall:0 (G4Tubs) ... OK! 
Checking overlaps for volume rf_b_230DsWall:0 (G4Tubs) ... OK! 
Checking overlaps for volume rf_b_230UsWin1:0 (G4Tubs) ... OK! 
Checking overlaps for volume rf_b_230DsWin1:0 (G4Tubs) ... OK! 
Checking overlaps for volume rf_b_230UsWin2:0 (G4Tubs) ... OK! 
Checking overlaps for volume rf_b_230DsWin2:0 (G4Tubs) ... OK! 
Checking overlaps for volume rf_b_230DsHalf:0 (G4Tubs) ... OK! 
Checking overlaps for volume rf_b_230TimingVol:0 (G4Tubs) ... OK! 
Checking overlaps for volume rf_b_230:0 (G4Tubs) ... OK! 
BLCMDpillbox::construct rf_b_230 parent= relZ=19824.9 globZ=19824.9
	zmin=19774.9 zmax=19874.9
Checking overlaps for volume rf_c_231Pipe:0 (G4Tubs) ... OK! 
Checking overlaps for volume rf_c_231UsWall:0 (G4Tubs) ... OK! 
Checking overlaps for volume rf_c_231DsWall:0 (G4Tubs) ... OK! 
Checking overlaps for volume rf_c_231UsWin1:0 (G4Tubs) ... OK! 
Checking overlaps for volume rf_c_231DsWin1:0 (G4Tubs) ... OK! 
Checking overlaps for volume rf_c_231UsWin2:0 (G4Tubs) ... OK! 
Checking overlaps for volume rf_c_231DsWin2:0 (G4Tubs) ... OK! 
Checking overlaps for volume rf_c_231DsHalf:0 (G4Tubs) ... OK! 
Checking overlaps for volume rf_c_231TimingVol:0 (G4Tubs) ... OK! 
Checking overlaps for volume rf_c_231:0 (G4Tubs) ... OK! 
BLCMDpillbox::construct rf_c_231 parent= relZ=19925.0 globZ=19925.0
	zmin=19874.9 zmax=19975.0
Checking overlaps for volume rf_d_232Pipe:0 (G4Tubs) ... OK! 
Checking overlaps for volume rf_d_232UsWall:0 (G4Tubs) ... OK! 
Checking overlaps for volume rf_d_232DsWall:0 (G4Tubs) ... OK! 
Checking overlaps for volume rf_d_232UsWin1:0 (G4Tubs) ... OK! 
Checking overlaps for volume rf_d_232DsWin1:0 (G4Tubs) ... OK! 
Checking overlaps for volume rf_d_232UsWin2:0 (G4Tubs) ... OK! 
Checking overlaps for volume rf_d_232DsWin2:0 (G4Tubs) ... OK! 
Checking overlaps for volume rf_d_232DsHalf:0 (G4Tubs) ... OK! 
Checking overlaps for volume rf_d_232TimingVol:0 (G4Tubs) ... OK! 
Checking overlaps for volume rf_d_232:0 (G4Tubs) ... OK! 
BLCMDpillbox::construct rf_d_232 parent= relZ=20025.0 globZ=20025.0
	zmin=19975.0 zmax=20075.1
Checking overlaps for volume rf_e_233Pipe:0 (G4Tubs) ... OK! 
Checking overlaps for volume rf_e_233UsWall:0 (G4Tubs) ... OK! 
Checking overlaps for volume rf_e_233DsWall:0 (G4Tubs) ... OK! 
Checking overlaps for volume rf_e_233UsWin1:0 (G4Tubs) ... OK! 
Checking overlaps for volume rf_e_233DsWin1:0 (G4Tubs) ... OK! 
Checking overlaps for volume rf_e_233UsWin2:0 (G4Tubs) ... OK! 
Checking overlaps for volume rf_e_233DsWin2:0 (G4Tubs) ... OK! 
Checking overlaps for volume rf_e_233DsHalf:0 (G4Tubs) ... OK! 
Checking overlaps for volume rf_e_233TimingVol:0 (G4Tubs) ... OK! 
Checking overlaps for volume rf_e_233:0 (G4Tubs) ... OK! 
BLCMDpillbox::construct rf_e_233 parent= relZ=20125.1 globZ=20125.1
	zmin=20075.1 zmax=20175.1
Checking overlaps for volume rf_b_240Pipe:0 (G4Tubs) ... OK! 
Checking overlaps for volume rf_b_240UsWall:0 (G4Tubs) ... OK! 
Checking overlaps for volume rf_b_240DsWall:0 (G4Tubs) ... OK! 
Checking overlaps for volume rf_b_240UsWin1:0 (G4Tubs) ... OK! 
Checking overlaps for volume rf_b_240DsWin1:0 (G4Tubs) ... OK! 
Checking overlaps for volume rf_b_240UsWin2:0 (G4Tubs) ... OK! 
Checking overlaps for volume rf_b_240DsWin2:0 (G4Tubs) ... OK! 
Checking overlaps for volume rf_b_240DsHalf:0 (G4Tubs) ... OK! 
Checking overlaps for volume rf_b_240TimingVol:0 (G4Tubs) ... OK! 
Checking overlaps for volume rf_b_240:0 (G4Tubs) ... OK! 
BLCMDpillbox::construct rf_b_240 parent= relZ=20674.9 globZ=20674.9
	zmin=20624.9 zmax=20724.9
Checking overlaps for volume rf_c_241Pipe:0 (G4Tubs) ... OK! 
Checking overlaps for volume rf_c_241UsWall:0 (G4Tubs) ... OK! 
Checking overlaps for volume rf_c_241DsWall:0 (G4Tubs) ... OK! 
Checking overlaps for volume rf_c_241UsWin1:0 (G4Tubs) ... OK! 
Checking overlaps for volume rf_c_241DsWin1:0 (G4Tubs) ... OK! 
Checking overlaps for volume rf_c_241UsWin2:0 (G4Tubs) ... OK! 
Checking overlaps for volume rf_c_241DsWin2:0 (G4Tubs) ... OK! 
Checking overlaps for volume rf_c_241DsHalf:0 (G4Tubs) ... OK! 
Checking overlaps for volume rf_c_241TimingVol:0 (G4Tubs) ... OK! 
Checking overlaps for volume rf_c_241:0 (G4Tubs) ... OK! 
BLCMDpillbox::construct rf_c_241 parent= relZ=20775.0 globZ=20775.0
	zmin=20724.9 zmax=20825.0
Checking overlaps for volume rf_d_242Pipe:0 (G4Tubs) ... OK! 
Checking overlaps for volume rf_d_242UsWall:0 (G4Tubs) ... OK! 
Checking overlaps for volume rf_d_242DsWall:0 (G4Tubs) ... OK! 
Checking overlaps for volume rf_d_242UsWin1:0 (G4Tubs) ... OK! 
Checking overlaps for volume rf_d_242DsWin1:0 (G4Tubs) ... OK! 
Checking overlaps for volume rf_d_242UsWin2:0 (G4Tubs) ... OK! 
Checking overlaps for volume rf_d_242DsWin2:0 (G4Tubs) ... OK! 
Checking overlaps for volume rf_d_242DsHalf:0 (G4Tubs) ... OK! 
Checking overlaps for volume rf_d_242TimingVol:0 (G4Tubs) ... OK! 
Checking overlaps for volume rf_d_242:0 (G4Tubs) ... OK! 
BLCMDpillbox::construct rf_d_242 parent= relZ=20875.0 globZ=20875.0
	zmin=20825.0 zmax=20925.1
Checking overlaps for volume rf_e_243Pipe:0 (G4Tubs) ... OK! 
Checking overlaps for volume rf_e_243UsWall:0 (G4Tubs) ... OK! 
Checking overlaps for volume rf_e_243DsWall:0 (G4Tubs) ... OK! 
Checking overlaps for volume rf_e_243UsWin1:0 (G4Tubs) ... OK! 
Checking overlaps for volume rf_e_243DsWin1:0 (G4Tubs) ... OK! 
Checking overlaps for volume rf_e_243UsWin2:0 (G4Tubs) ... OK! 
Checking overlaps for volume rf_e_243DsWin2:0 (G4Tubs) ... OK! 
Checking overlaps for volume rf_e_243DsHalf:0 (G4Tubs) ... OK! 
Checking overlaps for volume rf_e_243TimingVol:0 (G4Tubs) ... OK! 
Checking overlaps for volume rf_e_243:0 (G4Tubs) ... OK! 
BLCMDpillbox::construct rf_e_243 parent= relZ=20975.1 globZ=20975.1
	zmin=20925.1 zmax=21025.1
Checking overlaps for volume rf_b_250Pipe:0 (G4Tubs) ... OK! 
Checking overlaps for volume rf_b_250UsWall:0 (G4Tubs) ... OK! 
Checking overlaps for volume rf_b_250DsWall:0 (G4Tubs) ... OK! 
Checking overlaps for volume rf_b_250UsWin1:0 (G4Tubs) ... OK! 
Checking overlaps for volume rf_b_250DsWin1:0 (G4Tubs) ... OK! 
Checking overlaps for volume rf_b_250UsWin2:0 (G4Tubs) ... OK! 
Checking overlaps for volume rf_b_250DsWin2:0 (G4Tubs) ... OK! 
Checking overlaps for volume rf_b_250DsHalf:0 (G4Tubs) ... OK! 
Checking overlaps for volume rf_b_250TimingVol:0 (G4Tubs) ... OK! 
Checking overlaps for volume rf_b_250:0 (G4Tubs) ... OK! 
BLCMDpillbox::construct rf_b_250 parent= relZ=21524.9 globZ=21524.9
	zmin=21474.9 zmax=21574.9
Checking overlaps for volume rf_c_251Pipe:0 (G4Tubs) ... OK! 
Checking overlaps for volume rf_c_251UsWall:0 (G4Tubs) ... OK! 
Checking overlaps for volume rf_c_251DsWall:0 (G4Tubs) ... OK! 
Checking overlaps for volume rf_c_251UsWin1:0 (G4Tubs) ... OK! 
Checking overlaps for volume rf_c_251DsWin1:0 (G4Tubs) ... OK! 
Checking overlaps for volume rf_c_251UsWin2:0 (G4Tubs) ... OK! 
Checking overlaps for volume rf_c_251DsWin2:0 (G4Tubs) ... OK! 
Checking overlaps for volume rf_c_251DsHalf:0 (G4Tubs) ... OK! 
Checking overlaps for volume rf_c_251TimingVol:0 (G4Tubs) ... OK! 
Checking overlaps for volume rf_c_251:0 (G4Tubs) ... OK! 
BLCMDpillbox::construct rf_c_251 parent= relZ=21625.0 globZ=21625.0
	zmin=21574.9 zmax=21675.0
Checking overlaps for volume rf_d_252Pipe:0 (G4Tubs) ... OK! 
Checking overlaps for volume rf_d_252UsWall:0 (G4Tubs) ... OK! 
Checking overlaps for volume rf_d_252DsWall:0 (G4Tubs) ... OK! 
Checking overlaps for volume rf_d_252UsWin1:0 (G4Tubs) ... OK! 
Checking overlaps for volume rf_d_252DsWin1:0 (G4Tubs) ... OK! 
Checking overlaps for volume rf_d_252UsWin2:0 (G4Tubs) ... OK! 
Checking overlaps for volume rf_d_252DsWin2:0 (G4Tubs) ... OK! 
Checking overlaps for volume rf_d_252DsHalf:0 (G4Tubs) ... OK! 
Checking overlaps for volume rf_d_252TimingVol:0 (G4Tubs) ... OK! 
Checking overlaps for volume rf_d_252:0 (G4Tubs) ... OK! 
BLCMDpillbox::construct rf_d_252 parent= relZ=21725.0 globZ=21725.0
	zmin=21675.0 zmax=21775.1
Checking overlaps for volume rf_e_253Pipe:0 (G4Tubs) ... OK! 
Checking overlaps for volume rf_e_253UsWall:0 (G4Tubs) ... OK! 
Checking overlaps for volume rf_e_253DsWall:0 (G4Tubs) ... OK! 
Checking overlaps for volume rf_e_253UsWin1:0 (G4Tubs) ... OK! 
Checking overlaps for volume rf_e_253DsWin1:0 (G4Tubs) ... OK! 
Checking overlaps for volume rf_e_253UsWin2:0 (G4Tubs) ... OK! 
Checking overlaps for volume rf_e_253DsWin2:0 (G4Tubs) ... OK! 
Checking overlaps for volume rf_e_253DsHalf:0 (G4Tubs) ... OK! 
Checking overlaps for volume rf_e_253TimingVol:0 (G4Tubs) ... OK! 
Checking overlaps for volume rf_e_253:0 (G4Tubs) ... OK! 
BLCMDpillbox::construct rf_e_253 parent= relZ=21825.1 globZ=21825.1
	zmin=21775.1 zmax=21875.1
Checking overlaps for volume rf_b_260Pipe:0 (G4Tubs) ... OK! 
Checking overlaps for volume rf_b_260UsWall:0 (G4Tubs) ... OK! 
Checking overlaps for volume rf_b_260DsWall:0 (G4Tubs) ... OK! 
Checking overlaps for volume rf_b_260UsWin1:0 (G4Tubs) ... OK! 
Checking overlaps for volume rf_b_260DsWin1:0 (G4Tubs) ... OK! 
Checking overlaps for volume rf_b_260UsWin2:0 (G4Tubs) ... OK! 
Checking overlaps for volume rf_b_260DsWin2:0 (G4Tubs) ... OK! 
Checking overlaps for volume rf_b_260DsHalf:0 (G4Tubs) ... OK! 
Checking overlaps for volume rf_b_260TimingVol:0 (G4Tubs) ... OK! 
Checking overlaps for volume rf_b_260:0 (G4Tubs) ... OK! 
BLCMDpillbox::construct rf_b_260 parent= relZ=22374.9 globZ=22374.9
	zmin=22324.9 zmax=22424.9
Checking overlaps for volume rf_c_261Pipe:0 (G4Tubs) ... OK! 
Checking overlaps for volume rf_c_261UsWall:0 (G4Tubs) ... OK! 
Checking overlaps for volume rf_c_261DsWall:0 (G4Tubs) ... OK! 
Checking overlaps for volume rf_c_261UsWin1:0 (G4Tubs) ... OK! 
Checking overlaps for volume rf_c_261DsWin1:0 (G4Tubs) ... OK! 
Checking overlaps for volume rf_c_261UsWin2:0 (G4Tubs) ... OK! 
Checking overlaps for volume rf_c_261DsWin2:0 (G4Tubs) ... OK! 
Checking overlaps for volume rf_c_261DsHalf:0 (G4Tubs) ... OK! 
Checking overlaps for volume rf_c_261TimingVol:0 (G4Tubs) ... OK! 
Checking overlaps for volume rf_c_261:0 (G4Tubs) ... OK! 
BLCMDpillbox::construct rf_c_261 parent= relZ=22475.0 globZ=22475.0
	zmin=22424.9 zmax=22525.0
Checking overlaps for volume rf_d_262Pipe:0 (G4Tubs) ... OK! 
Checking overlaps for volume rf_d_262UsWall:0 (G4Tubs) ... OK! 
Checking overlaps for volume rf_d_262DsWall:0 (G4Tubs) ... OK! 
Checking overlaps for volume rf_d_262UsWin1:0 (G4Tubs) ... OK! 
Checking overlaps for volume rf_d_262DsWin1:0 (G4Tubs) ... OK! 
Checking overlaps for volume rf_d_262UsWin2:0 (G4Tubs) ... OK! 
Checking overlaps for volume rf_d_262DsWin2:0 (G4Tubs) ... OK! 
Checking overlaps for volume rf_d_262DsHalf:0 (G4Tubs) ... OK! 
Checking overlaps for volume rf_d_262TimingVol:0 (G4Tubs) ... OK! 
Checking overlaps for volume rf_d_262:0 (G4Tubs) ... OK! 
BLCMDpillbox::construct rf_d_262 parent= relZ=22575.0 globZ=22575.0
	zmin=22525.0 zmax=22625.1
Checking overlaps for volume rf_e_263Pipe:0 (G4Tubs) ... OK! 
Checking overlaps for volume rf_e_263UsWall:0 (G4Tubs) ... OK! 
Checking overlaps for volume rf_e_263DsWall:0 (G4Tubs) ... OK! 
Checking overlaps for volume rf_e_263UsWin1:0 (G4Tubs) ... OK! 
Checking overlaps for volume rf_e_263DsWin1:0 (G4Tubs) ... OK! 
Checking overlaps for volume rf_e_263UsWin2:0 (G4Tubs) ... OK! 
Checking overlaps for volume rf_e_263DsWin2:0 (G4Tubs) ... OK! 
Checking overlaps for volume rf_e_263DsHalf:0 (G4Tubs) ... OK! 
Checking overlaps for volume rf_e_263TimingVol:0 (G4Tubs) ... OK! 
Checking overlaps for volume rf_e_263:0 (G4Tubs) ... OK! 
BLCMDpillbox::construct rf_e_263 parent= relZ=22675.1 globZ=22675.1
	zmin=22625.1 zmax=22725.1
Checking overlaps for volume rf_b_270Pipe:0 (G4Tubs) ... OK! 
Checking overlaps for volume rf_b_270UsWall:0 (G4Tubs) ... OK! 
Checking overlaps for volume rf_b_270DsWall:0 (G4Tubs) ... OK! 
Checking overlaps for volume rf_b_270UsWin1:0 (G4Tubs) ... OK! 
Checking overlaps for volume rf_b_270DsWin1:0 (G4Tubs) ... OK! 
Checking overlaps for volume rf_b_270UsWin2:0 (G4Tubs) ... OK! 
Checking overlaps for volume rf_b_270DsWin2:0 (G4Tubs) ... OK! 
Checking overlaps for volume rf_b_270DsHalf:0 (G4Tubs) ... OK! 
Checking overlaps for volume rf_b_270TimingVol:0 (G4Tubs) ... OK! 
Checking overlaps for volume rf_b_270:0 (G4Tubs) ... OK! 
BLCMDpillbox::construct rf_b_270 parent= relZ=23224.9 globZ=23224.9
	zmin=23174.9 zmax=23274.9
Checking overlaps for volume rf_c_271Pipe:0 (G4Tubs) ... OK! 
Checking overlaps for volume rf_c_271UsWall:0 (G4Tubs) ... OK! 
Checking overlaps for volume rf_c_271DsWall:0 (G4Tubs) ... OK! 
Checking overlaps for volume rf_c_271UsWin1:0 (G4Tubs) ... OK! 
Checking overlaps for volume rf_c_271DsWin1:0 (G4Tubs) ... OK! 
Checking overlaps for volume rf_c_271UsWin2:0 (G4Tubs) ... OK! 
Checking overlaps for volume rf_c_271DsWin2:0 (G4Tubs) ... OK! 
Checking overlaps for volume rf_c_271DsHalf:0 (G4Tubs) ... OK! 
Checking overlaps for volume rf_c_271TimingVol:0 (G4Tubs) ... OK! 
Checking overlaps for volume rf_c_271:0 (G4Tubs) ... OK! 
BLCMDpillbox::construct rf_c_271 parent= relZ=23325.0 globZ=23325.0
	zmin=23274.9 zmax=23375.0
Checking overlaps for volume rf_d_272Pipe:0 (G4Tubs) ... OK! 
Checking overlaps for volume rf_d_272UsWall:0 (G4Tubs) ... OK! 
Checking overlaps for volume rf_d_272DsWall:0 (G4Tubs) ... OK! 
Checking overlaps for volume rf_d_272UsWin1:0 (G4Tubs) ... OK! 
Checking overlaps for volume rf_d_272DsWin1:0 (G4Tubs) ... OK! 
Checking overlaps for volume rf_d_272UsWin2:0 (G4Tubs) ... OK! 
Checking overlaps for volume rf_d_272DsWin2:0 (G4Tubs) ... OK! 
Checking overlaps for volume rf_d_272DsHalf:0 (G4Tubs) ... OK! 
Checking overlaps for volume rf_d_272TimingVol:0 (G4Tubs) ... OK! 
Checking overlaps for volume rf_d_272:0 (G4Tubs) ... OK! 
BLCMDpillbox::construct rf_d_272 parent= relZ=23425.0 globZ=23425.0
	zmin=23375.0 zmax=23475.1
Checking overlaps for volume rf_e_273Pipe:0 (G4Tubs) ... OK! 
Checking overlaps for volume rf_e_273UsWall:0 (G4Tubs) ... OK! 
Checking overlaps for volume rf_e_273DsWall:0 (G4Tubs) ... OK! 
Checking overlaps for volume rf_e_273UsWin1:0 (G4Tubs) ... OK! 
Checking overlaps for volume rf_e_273DsWin1:0 (G4Tubs) ... OK! 
Checking overlaps for volume rf_e_273UsWin2:0 (G4Tubs) ... OK! 
Checking overlaps for volume rf_e_273DsWin2:0 (G4Tubs) ... OK! 
Checking overlaps for volume rf_e_273DsHalf:0 (G4Tubs) ... OK! 
Checking overlaps for volume rf_e_273TimingVol:0 (G4Tubs) ... OK! 
Checking overlaps for volume rf_e_273:0 (G4Tubs) ... OK! 
BLCMDpillbox::construct rf_e_273 parent= relZ=23525.1 globZ=23525.1
	zmin=23475.1 zmax=23575.1
Checking overlaps for volume rf_b_280Pipe:0 (G4Tubs) ... OK! 
Checking overlaps for volume rf_b_280UsWall:0 (G4Tubs) ... OK! 
Checking overlaps for volume rf_b_280DsWall:0 (G4Tubs) ... OK! 
Checking overlaps for volume rf_b_280UsWin1:0 (G4Tubs) ... OK! 
Checking overlaps for volume rf_b_280DsWin1:0 (G4Tubs) ... OK! 
Checking overlaps for volume rf_b_280UsWin2:0 (G4Tubs) ... OK! 
Checking overlaps for volume rf_b_280DsWin2:0 (G4Tubs) ... OK! 
Checking overlaps for volume rf_b_280DsHalf:0 (G4Tubs) ... OK! 
Checking overlaps for volume rf_b_280TimingVol:0 (G4Tubs) ... OK! 
Checking overlaps for volume rf_b_280:0 (G4Tubs) ... OK! 
BLCMDpillbox::construct rf_b_280 parent= relZ=24074.9 globZ=24074.9
	zmin=24024.9 zmax=24124.9
Checking overlaps for volume rf_c_281Pipe:0 (G4Tubs) ... OK! 
Checking overlaps for volume rf_c_281UsWall:0 (G4Tubs) ... OK! 
Checking overlaps for volume rf_c_281DsWall:0 (G4Tubs) ... OK! 
Checking overlaps for volume rf_c_281UsWin1:0 (G4Tubs) ... OK! 
Checking overlaps for volume rf_c_281DsWin1:0 (G4Tubs) ... OK! 
Checking overlaps for volume rf_c_281UsWin2:0 (G4Tubs) ... OK! 
Checking overlaps for volume rf_c_281DsWin2:0 (G4Tubs) ... OK! 
Checking overlaps for volume rf_c_281DsHalf:0 (G4Tubs) ... OK! 
Checking overlaps for volume rf_c_281TimingVol:0 (G4Tubs) ... OK! 
Checking overlaps for volume rf_c_281:0 (G4Tubs) ... OK! 
BLCMDpillbox::construct rf_c_281 parent= relZ=24175.0 globZ=24175.0
	zmin=24124.9 zmax=24225.0
Checking overlaps for volume rf_d_282Pipe:0 (G4Tubs) ... OK! 
Checking overlaps for volume rf_d_282UsWall:0 (G4Tubs) ... OK! 
Checking overlaps for volume rf_d_282DsWall:0 (G4Tubs) ... OK! 
Checking overlaps for volume rf_d_282UsWin1:0 (G4Tubs) ... OK! 
Checking overlaps for volume rf_d_282DsWin1:0 (G4Tubs) ... OK! 
Checking overlaps for volume rf_d_282UsWin2:0 (G4Tubs) ... OK! 
Checking overlaps for volume rf_d_282DsWin2:0 (G4Tubs) ... OK! 
Checking overlaps for volume rf_d_282DsHalf:0 (G4Tubs) ... OK! 
Checking overlaps for volume rf_d_282TimingVol:0 (G4Tubs) ... OK! 
Checking overlaps for volume rf_d_282:0 (G4Tubs) ... OK! 
BLCMDpillbox::construct rf_d_282 parent= relZ=24275.0 globZ=24275.0
	zmin=24225.0 zmax=24325.1
Checking overlaps for volume rf_e_283Pipe:0 (G4Tubs) ... OK! 
Checking overlaps for volume rf_e_283UsWall:0 (G4Tubs) ... OK! 
Checking overlaps for volume rf_e_283DsWall:0 (G4Tubs) ... OK! 
Checking overlaps for volume rf_e_283UsWin1:0 (G4Tubs) ... OK! 
Checking overlaps for volume rf_e_283DsWin1:0 (G4Tubs) ... OK! 
Checking overlaps for volume rf_e_283UsWin2:0 (G4Tubs) ... OK! 
Checking overlaps for volume rf_e_283DsWin2:0 (G4Tubs) ... OK! 
Checking overlaps for volume rf_e_283DsHalf:0 (G4Tubs) ... OK! 
Checking overlaps for volume rf_e_283TimingVol:0 (G4Tubs) ... OK! 
Checking overlaps for volume rf_e_283:0 (G4Tubs) ... OK! 
BLCMDpillbox::construct rf_e_283 parent= relZ=24375.1 globZ=24375.1
	zmin=24325.1 zmax=24425.1
Checking overlaps for volume rf_b_290Pipe:0 (G4Tubs) ... OK! 
Checking overlaps for volume rf_b_290UsWall:0 (G4Tubs) ... OK! 
Checking overlaps for volume rf_b_290DsWall:0 (G4Tubs) ... OK! 
Checking overlaps for volume rf_b_290UsWin1:0 (G4Tubs) ... OK! 
Checking overlaps for volume rf_b_290DsWin1:0 (G4Tubs) ... OK! 
Checking overlaps for volume rf_b_290UsWin2:0 (G4Tubs) ... OK! 
Checking overlaps for volume rf_b_290DsWin2:0 (G4Tubs) ... OK! 
Checking overlaps for volume rf_b_290DsHalf:0 (G4Tubs) ... OK! 
Checking overlaps for volume rf_b_290TimingVol:0 (G4Tubs) ... OK! 
Checking overlaps for volume rf_b_290:0 (G4Tubs) ... OK! 
BLCMDpillbox::construct rf_b_290 parent= relZ=24924.9 globZ=24924.9
	zmin=24874.9 zmax=24974.9
Checking overlaps for volume rf_c_291Pipe:0 (G4Tubs) ... OK! 
Checking overlaps for volume rf_c_291UsWall:0 (G4Tubs) ... OK! 
Checking overlaps for volume rf_c_291DsWall:0 (G4Tubs) ... OK! 
Checking overlaps for volume rf_c_291UsWin1:0 (G4Tubs) ... OK! 
Checking overlaps for volume rf_c_291DsWin1:0 (G4Tubs) ... OK! 
Checking overlaps for volume rf_c_291UsWin2:0 (G4Tubs) ... OK! 
Checking overlaps for volume rf_c_291DsWin2:0 (G4Tubs) ... OK! 
Checking overlaps for volume rf_c_291DsHalf:0 (G4Tubs) ... OK! 
Checking overlaps for volume rf_c_291TimingVol:0 (G4Tubs) ... OK! 
Checking overlaps for volume rf_c_291:0 (G4Tubs) ... OK! 
BLCMDpillbox::construct rf_c_291 parent= relZ=25025.0 globZ=25025.0
	zmin=24974.9 zmax=25075.0
Checking overlaps for volume rf_d_292Pipe:0 (G4Tubs) ... OK! 
Checking overlaps for volume rf_d_292UsWall:0 (G4Tubs) ... OK! 
Checking overlaps for volume rf_d_292DsWall:0 (G4Tubs) ... OK! 
Checking overlaps for volume rf_d_292UsWin1:0 (G4Tubs) ... OK! 
Checking overlaps for volume rf_d_292DsWin1:0 (G4Tubs) ... OK! 
Checking overlaps for volume rf_d_292UsWin2:0 (G4Tubs) ... OK! 
Checking overlaps for volume rf_d_292DsWin2:0 (G4Tubs) ... OK! 
Checking overlaps for volume rf_d_292DsHalf:0 (G4Tubs) ... OK! 
Checking overlaps for volume rf_d_292TimingVol:0 (G4Tubs) ... OK! 
Checking overlaps for volume rf_d_292:0 (G4Tubs) ... OK! 
BLCMDpillbox::construct rf_d_292 parent= relZ=25125.0 globZ=25125.0
	zmin=25075.0 zmax=25175.1
Checking overlaps for volume rf_e_293Pipe:0 (G4Tubs) ... OK! 
Checking overlaps for volume rf_e_293UsWall:0 (G4Tubs) ... OK! 
Checking overlaps for volume rf_e_293DsWall:0 (G4Tubs) ... OK! 
Checking overlaps for volume rf_e_293UsWin1:0 (G4Tubs) ... OK! 
Checking overlaps for volume rf_e_293DsWin1:0 (G4Tubs) ... OK! 
Checking overlaps for volume rf_e_293UsWin2:0 (G4Tubs) ... OK! 
Checking overlaps for volume rf_e_293DsWin2:0 (G4Tubs) ... OK! 
Checking overlaps for volume rf_e_293DsHalf:0 (G4Tubs) ... OK! 
Checking overlaps for volume rf_e_293TimingVol:0 (G4Tubs) ... OK! 
Checking overlaps for volume rf_e_293:0 (G4Tubs) ... OK! 
BLCMDpillbox::construct rf_e_293 parent= relZ=25225.1 globZ=25225.1
	zmin=25175.1 zmax=25275.1
Checking overlaps for volume rf_b_300Pipe:0 (G4Tubs) ... OK! 
Checking overlaps for volume rf_b_300UsWall:0 (G4Tubs) ... OK! 
Checking overlaps for volume rf_b_300DsWall:0 (G4Tubs) ... OK! 
Checking overlaps for volume rf_b_300UsWin1:0 (G4Tubs) ... OK! 
Checking overlaps for volume rf_b_300DsWin1:0 (G4Tubs) ... OK! 
Checking overlaps for volume rf_b_300UsWin2:0 (G4Tubs) ... OK! 
Checking overlaps for volume rf_b_300DsWin2:0 (G4Tubs) ... OK! 
Checking overlaps for volume rf_b_300DsHalf:0 (G4Tubs) ... OK! 
Checking overlaps for volume rf_b_300TimingVol:0 (G4Tubs) ... OK! 
Checking overlaps for volume rf_b_300:0 (G4Tubs) ... OK! 
BLCMDpillbox::construct rf_b_300 parent= relZ=25774.9 globZ=25774.9
	zmin=25724.9 zmax=25824.9
Checking overlaps for volume rf_c_301Pipe:0 (G4Tubs) ... OK! 
Checking overlaps for volume rf_c_301UsWall:0 (G4Tubs) ... OK! 
Checking overlaps for volume rf_c_301DsWall:0 (G4Tubs) ... OK! 
Checking overlaps for volume rf_c_301UsWin1:0 (G4Tubs) ... OK! 
Checking overlaps for volume rf_c_301DsWin1:0 (G4Tubs) ... OK! 
Checking overlaps for volume rf_c_301UsWin2:0 (G4Tubs) ... OK! 
Checking overlaps for volume rf_c_301DsWin2:0 (G4Tubs) ... OK! 
Checking overlaps for volume rf_c_301DsHalf:0 (G4Tubs) ... OK! 
Checking overlaps for volume rf_c_301TimingVol:0 (G4Tubs) ... OK! 
Checking overlaps for volume rf_c_301:0 (G4Tubs) ... OK! 
BLCMDpillbox::construct rf_c_301 parent= relZ=25875.0 globZ=25875.0
	zmin=25824.9 zmax=25925.0
Checking overlaps for volume rf_d_302Pipe:0 (G4Tubs) ... OK! 
Checking overlaps for volume rf_d_302UsWall:0 (G4Tubs) ... OK! 
Checking overlaps for volume rf_d_302DsWall:0 (G4Tubs) ... OK! 
Checking overlaps for volume rf_d_302UsWin1:0 (G4Tubs) ... OK! 
Checking overlaps for volume rf_d_302DsWin1:0 (G4Tubs) ... OK! 
Checking overlaps for volume rf_d_302UsWin2:0 (G4Tubs) ... OK! 
Checking overlaps for volume rf_d_302DsWin2:0 (G4Tubs) ... OK! 
Checking overlaps for volume rf_d_302DsHalf:0 (G4Tubs) ... OK! 
Checking overlaps for volume rf_d_302TimingVol:0 (G4Tubs) ... OK! 
Checking overlaps for volume rf_d_302:0 (G4Tubs) ... OK! 
BLCMDpillbox::construct rf_d_302 parent= relZ=25975.0 globZ=25975.0
	zmin=25925.0 zmax=26025.1
Checking overlaps for volume rf_e_303Pipe:0 (G4Tubs) ... OK! 
Checking overlaps for volume rf_e_303UsWall:0 (G4Tubs) ... OK! 
Checking overlaps for volume rf_e_303DsWall:0 (G4Tubs) ... OK! 
Checking overlaps for volume rf_e_303UsWin1:0 (G4Tubs) ... OK! 
Checking overlaps for volume rf_e_303DsWin1:0 (G4Tubs) ... OK! 
Checking overlaps for volume rf_e_303UsWin2:0 (G4Tubs) ... OK! 
Checking overlaps for volume rf_e_303DsWin2:0 (G4Tubs) ... OK! 
Checking overlaps for volume rf_e_303DsHalf:0 (G4Tubs) ... OK! 
Checking overlaps for volume rf_e_303TimingVol:0 (G4Tubs) ... OK! 
Checking overlaps for volume rf_e_303:0 (G4Tubs) ... OK! 
BLCMDpillbox::construct rf_e_303 parent= relZ=26075.1 globZ=26075.1
	zmin=26025.1 zmax=26125.1
Checking overlaps for volume rf_b_310Pipe:0 (G4Tubs) ... OK! 
Checking overlaps for volume rf_b_310UsWall:0 (G4Tubs) ... OK! 
Checking overlaps for volume rf_b_310DsWall:0 (G4Tubs) ... OK! 
Checking overlaps for volume rf_b_310UsWin1:0 (G4Tubs) ... OK! 
Checking overlaps for volume rf_b_310DsWin1:0 (G4Tubs) ... OK! 
Checking overlaps for volume rf_b_310UsWin2:0 (G4Tubs) ... OK! 
Checking overlaps for volume rf_b_310DsWin2:0 (G4Tubs) ... OK! 
Checking overlaps for volume rf_b_310DsHalf:0 (G4Tubs) ... OK! 
Checking overlaps for volume rf_b_310TimingVol:0 (G4Tubs) ... OK! 
Checking overlaps for volume rf_b_310:0 (G4Tubs) ... OK! 
BLCMDpillbox::construct rf_b_310 parent= relZ=26624.9 globZ=26624.9
	zmin=26574.9 zmax=26674.9
Checking overlaps for volume rf_c_311Pipe:0 (G4Tubs) ... OK! 
Checking overlaps for volume rf_c_311UsWall:0 (G4Tubs) ... OK! 
Checking overlaps for volume rf_c_311DsWall:0 (G4Tubs) ... OK! 
Checking overlaps for volume rf_c_311UsWin1:0 (G4Tubs) ... OK! 
Checking overlaps for volume rf_c_311DsWin1:0 (G4Tubs) ... OK! 
Checking overlaps for volume rf_c_311UsWin2:0 (G4Tubs) ... OK! 
Checking overlaps for volume rf_c_311DsWin2:0 (G4Tubs) ... OK! 
Checking overlaps for volume rf_c_311DsHalf:0 (G4Tubs) ... OK! 
Checking overlaps for volume rf_c_311TimingVol:0 (G4Tubs) ... OK! 
Checking overlaps for volume rf_c_311:0 (G4Tubs) ... OK! 
BLCMDpillbox::construct rf_c_311 parent= relZ=26725.0 globZ=26725.0
	zmin=26674.9 zmax=26775.0
Checking overlaps for volume rf_d_312Pipe:0 (G4Tubs) ... OK! 
Checking overlaps for volume rf_d_312UsWall:0 (G4Tubs) ... OK! 
Checking overlaps for volume rf_d_312DsWall:0 (G4Tubs) ... OK! 
Checking overlaps for volume rf_d_312UsWin1:0 (G4Tubs) ... OK! 
Checking overlaps for volume rf_d_312DsWin1:0 (G4Tubs) ... OK! 
Checking overlaps for volume rf_d_312UsWin2:0 (G4Tubs) ... OK! 
Checking overlaps for volume rf_d_312DsWin2:0 (G4Tubs) ... OK! 
Checking overlaps for volume rf_d_312DsHalf:0 (G4Tubs) ... OK! 
Checking overlaps for volume rf_d_312TimingVol:0 (G4Tubs) ... OK! 
Checking overlaps for volume rf_d_312:0 (G4Tubs) ... OK! 
BLCMDpillbox::construct rf_d_312 parent= relZ=26825.0 globZ=26825.0
	zmin=26775.0 zmax=26875.1
Checking overlaps for volume rf_e_313Pipe:0 (G4Tubs) ... OK! 
Checking overlaps for volume rf_e_313UsWall:0 (G4Tubs) ... OK! 
Checking overlaps for volume rf_e_313DsWall:0 (G4Tubs) ... OK! 
Checking overlaps for volume rf_e_313UsWin1:0 (G4Tubs) ... OK! 
Checking overlaps for volume rf_e_313DsWin1:0 (G4Tubs) ... OK! 
Checking overlaps for volume rf_e_313UsWin2:0 (G4Tubs) ... OK! 
Checking overlaps for volume rf_e_313DsWin2:0 (G4Tubs) ... OK! 
Checking overlaps for volume rf_e_313DsHalf:0 (G4Tubs) ... OK! 
Checking overlaps for volume rf_e_313TimingVol:0 (G4Tubs) ... OK! 
Checking overlaps for volume rf_e_313:0 (G4Tubs) ... OK! 
BLCMDpillbox::construct rf_e_313 parent= relZ=26925.1 globZ=26925.1
	zmin=26875.1 zmax=26975.1
Checking overlaps for volume rf_b_320Pipe:0 (G4Tubs) ... OK! 
Checking overlaps for volume rf_b_320UsWall:0 (G4Tubs) ... OK! 
Checking overlaps for volume rf_b_320DsWall:0 (G4Tubs) ... OK! 
Checking overlaps for volume rf_b_320UsWin1:0 (G4Tubs) ... OK! 
Checking overlaps for volume rf_b_320DsWin1:0 (G4Tubs) ... OK! 
Checking overlaps for volume rf_b_320UsWin2:0 (G4Tubs) ... OK! 
Checking overlaps for volume rf_b_320DsWin2:0 (G4Tubs) ... OK! 
Checking overlaps for volume rf_b_320DsHalf:0 (G4Tubs) ... OK! 
Checking overlaps for volume rf_b_320TimingVol:0 (G4Tubs) ... OK! 
Checking overlaps for volume rf_b_320:0 (G4Tubs) ... OK! 
BLCMDpillbox::construct rf_b_320 parent= relZ=27474.9 globZ=27474.9
	zmin=27424.9 zmax=27524.9
Checking overlaps for volume rf_c_321Pipe:0 (G4Tubs) ... OK! 
Checking overlaps for volume rf_c_321UsWall:0 (G4Tubs) ... OK! 
Checking overlaps for volume rf_c_321DsWall:0 (G4Tubs) ... OK! 
Checking overlaps for volume rf_c_321UsWin1:0 (G4Tubs) ... OK! 
Checking overlaps for volume rf_c_321DsWin1:0 (G4Tubs) ... OK! 
Checking overlaps for volume rf_c_321UsWin2:0 (G4Tubs) ... OK! 
Checking overlaps for volume rf_c_321DsWin2:0 (G4Tubs) ... OK! 
Checking overlaps for volume rf_c_321DsHalf:0 (G4Tubs) ... OK! 
Checking overlaps for volume rf_c_321TimingVol:0 (G4Tubs) ... OK! 
Checking overlaps for volume rf_c_321:0 (G4Tubs) ... OK! 
BLCMDpillbox::construct rf_c_321 parent= relZ=27575.0 globZ=27575.0
	zmin=27524.9 zmax=27625.0
Checking overlaps for volume rf_d_322Pipe:0 (G4Tubs) ... OK! 
Checking overlaps for volume rf_d_322UsWall:0 (G4Tubs) ... OK! 
Checking overlaps for volume rf_d_322DsWall:0 (G4Tubs) ... OK! 
Checking overlaps for volume rf_d_322UsWin1:0 (G4Tubs) ... OK! 
Checking overlaps for volume rf_d_322DsWin1:0 (G4Tubs) ... OK! 
Checking overlaps for volume rf_d_322UsWin2:0 (G4Tubs) ... OK! 
Checking overlaps for volume rf_d_322DsWin2:0 (G4Tubs) ... OK! 
Checking overlaps for volume rf_d_322DsHalf:0 (G4Tubs) ... OK! 
Checking overlaps for volume rf_d_322TimingVol:0 (G4Tubs) ... OK! 
Checking overlaps for volume rf_d_322:0 (G4Tubs) ... OK! 
BLCMDpillbox::construct rf_d_322 parent= relZ=27675.0 globZ=27675.0
	zmin=27625.0 zmax=27725.1
Checking overlaps for volume rf_e_323Pipe:0 (G4Tubs) ... OK! 
Checking overlaps for volume rf_e_323UsWall:0 (G4Tubs) ... OK! 
Checking overlaps for volume rf_e_323DsWall:0 (G4Tubs) ... OK! 
Checking overlaps for volume rf_e_323UsWin1:0 (G4Tubs) ... OK! 
Checking overlaps for volume rf_e_323DsWin1:0 (G4Tubs) ... OK! 
Checking overlaps for volume rf_e_323UsWin2:0 (G4Tubs) ... OK! 
Checking overlaps for volume rf_e_323DsWin2:0 (G4Tubs) ... OK! 
Checking overlaps for volume rf_e_323DsHalf:0 (G4Tubs) ... OK! 
Checking overlaps for volume rf_e_323TimingVol:0 (G4Tubs) ... OK! 
Checking overlaps for volume rf_e_323:0 (G4Tubs) ... OK! 
BLCMDpillbox::construct rf_e_323 parent= relZ=27775.1 globZ=27775.1
	zmin=27725.1 zmax=27825.1
Checking overlaps for volume rf_b_330Pipe:0 (G4Tubs) ... OK! 
Checking overlaps for volume rf_b_330UsWall:0 (G4Tubs) ... OK! 
Checking overlaps for volume rf_b_330DsWall:0 (G4Tubs) ... OK! 
Checking overlaps for volume rf_b_330UsWin1:0 (G4Tubs) ... OK! 
Checking overlaps for volume rf_b_330DsWin1:0 (G4Tubs) ... OK! 
Checking overlaps for volume rf_b_330UsWin2:0 (G4Tubs) ... OK! 
Checking overlaps for volume rf_b_330DsWin2:0 (G4Tubs) ... OK! 
Checking overlaps for volume rf_b_330DsHalf:0 (G4Tubs) ... OK! 
Checking overlaps for volume rf_b_330TimingVol:0 (G4Tubs) ... OK! 
Checking overlaps for volume rf_b_330:0 (G4Tubs) ... OK! 
BLCMDpillbox::construct rf_b_330 parent= relZ=28324.9 globZ=28324.9
	zmin=28274.9 zmax=28374.9
Checking overlaps for volume rf_c_331Pipe:0 (G4Tubs) ... OK! 
Checking overlaps for volume rf_c_331UsWall:0 (G4Tubs) ... OK! 
Checking overlaps for volume rf_c_331DsWall:0 (G4Tubs) ... OK! 
Checking overlaps for volume rf_c_331UsWin1:0 (G4Tubs) ... OK! 
Checking overlaps for volume rf_c_331DsWin1:0 (G4Tubs) ... OK! 
Checking overlaps for volume rf_c_331UsWin2:0 (G4Tubs) ... OK! 
Checking overlaps for volume rf_c_331DsWin2:0 (G4Tubs) ... OK! 
Checking overlaps for volume rf_c_331DsHalf:0 (G4Tubs) ... OK! 
Checking overlaps for volume rf_c_331TimingVol:0 (G4Tubs) ... OK! 
Checking overlaps for volume rf_c_331:0 (G4Tubs) ... OK! 
BLCMDpillbox::construct rf_c_331 parent= relZ=28425.0 globZ=28425.0
	zmin=28374.9 zmax=28475.0
Checking overlaps for volume rf_d_332Pipe:0 (G4Tubs) ... OK! 
Checking overlaps for volume rf_d_332UsWall:0 (G4Tubs) ... OK! 
Checking overlaps for volume rf_d_332DsWall:0 (G4Tubs) ... OK! 
Checking overlaps for volume rf_d_332UsWin1:0 (G4Tubs) ... OK! 
Checking overlaps for volume rf_d_332DsWin1:0 (G4Tubs) ... OK! 
Checking overlaps for volume rf_d_332UsWin2:0 (G4Tubs) ... OK! 
Checking overlaps for volume rf_d_332DsWin2:0 (G4Tubs) ... OK! 
Checking overlaps for volume rf_d_332DsHalf:0 (G4Tubs) ... OK! 
Checking overlaps for volume rf_d_332TimingVol:0 (G4Tubs) ... OK! 
Checking overlaps for volume rf_d_332:0 (G4Tubs) ... OK! 
BLCMDpillbox::construct rf_d_332 parent= relZ=28525.0 globZ=28525.0
	zmin=28475.0 zmax=28575.1
Checking overlaps for volume rf_e_333Pipe:0 (G4Tubs) ... OK! 
Checking overlaps for volume rf_e_333UsWall:0 (G4Tubs) ... OK! 
Checking overlaps for volume rf_e_333DsWall:0 (G4Tubs) ... OK! 
Checking overlaps for volume rf_e_333UsWin1:0 (G4Tubs) ... OK! 
Checking overlaps for volume rf_e_333DsWin1:0 (G4Tubs) ... OK! 
Checking overlaps for volume rf_e_333UsWin2:0 (G4Tubs) ... OK! 
Checking overlaps for volume rf_e_333DsWin2:0 (G4Tubs) ... OK! 
Checking overlaps for volume rf_e_333DsHalf:0 (G4Tubs) ... OK! 
Checking overlaps for volume rf_e_333TimingVol:0 (G4Tubs) ... OK! 
Checking overlaps for volume rf_e_333:0 (G4Tubs) ... OK! 
BLCMDpillbox::construct rf_e_333 parent= relZ=28625.1 globZ=28625.1
	zmin=28575.1 zmax=28675.1
Checking overlaps for volume rf_b_340Pipe:0 (G4Tubs) ... OK! 
Checking overlaps for volume rf_b_340UsWall:0 (G4Tubs) ... OK! 
Checking overlaps for volume rf_b_340DsWall:0 (G4Tubs) ... OK! 
Checking overlaps for volume rf_b_340UsWin1:0 (G4Tubs) ... OK! 
Checking overlaps for volume rf_b_340DsWin1:0 (G4Tubs) ... OK! 
Checking overlaps for volume rf_b_340UsWin2:0 (G4Tubs) ... OK! 
Checking overlaps for volume rf_b_340DsWin2:0 (G4Tubs) ... OK! 
Checking overlaps for volume rf_b_340DsHalf:0 (G4Tubs) ... OK! 
Checking overlaps for volume rf_b_340TimingVol:0 (G4Tubs) ... OK! 
Checking overlaps for volume rf_b_340:0 (G4Tubs) ... OK! 
BLCMDpillbox::construct rf_b_340 parent= relZ=29174.9 globZ=29174.9
	zmin=29124.9 zmax=29224.9
Checking overlaps for volume rf_c_341Pipe:0 (G4Tubs) ... OK! 
Checking overlaps for volume rf_c_341UsWall:0 (G4Tubs) ... OK! 
Checking overlaps for volume rf_c_341DsWall:0 (G4Tubs) ... OK! 
Checking overlaps for volume rf_c_341UsWin1:0 (G4Tubs) ... OK! 
Checking overlaps for volume rf_c_341DsWin1:0 (G4Tubs) ... OK! 
Checking overlaps for volume rf_c_341UsWin2:0 (G4Tubs) ... OK! 
Checking overlaps for volume rf_c_341DsWin2:0 (G4Tubs) ... OK! 
Checking overlaps for volume rf_c_341DsHalf:0 (G4Tubs) ... OK! 
Checking overlaps for volume rf_c_341TimingVol:0 (G4Tubs) ... OK! 
Checking overlaps for volume rf_c_341:0 (G4Tubs) ... OK! 
BLCMDpillbox::construct rf_c_341 parent= relZ=29275.0 globZ=29275.0
	zmin=29224.9 zmax=29325.0
Checking overlaps for volume rf_d_342Pipe:0 (G4Tubs) ... OK! 
Checking overlaps for volume rf_d_342UsWall:0 (G4Tubs) ... OK! 
Checking overlaps for volume rf_d_342DsWall:0 (G4Tubs) ... OK! 
Checking overlaps for volume rf_d_342UsWin1:0 (G4Tubs) ... OK! 
Checking overlaps for volume rf_d_342DsWin1:0 (G4Tubs) ... OK! 
Checking overlaps for volume rf_d_342UsWin2:0 (G4Tubs) ... OK! 
Checking overlaps for volume rf_d_342DsWin2:0 (G4Tubs) ... OK! 
Checking overlaps for volume rf_d_342DsHalf:0 (G4Tubs) ... OK! 
Checking overlaps for volume rf_d_342TimingVol:0 (G4Tubs) ... OK! 
Checking overlaps for volume rf_d_342:0 (G4Tubs) ... OK! 
BLCMDpillbox::construct rf_d_342 parent= relZ=29375.0 globZ=29375.0
	zmin=29325.0 zmax=29425.1
Checking overlaps for volume rf_e_343Pipe:0 (G4Tubs) ... OK! 
Checking overlaps for volume rf_e_343UsWall:0 (G4Tubs) ... OK! 
Checking overlaps for volume rf_e_343DsWall:0 (G4Tubs) ... OK! 
Checking overlaps for volume rf_e_343UsWin1:0 (G4Tubs) ... OK! 
Checking overlaps for volume rf_e_343DsWin1:0 (G4Tubs) ... OK! 
Checking overlaps for volume rf_e_343UsWin2:0 (G4Tubs) ... OK! 
Checking overlaps for volume rf_e_343DsWin2:0 (G4Tubs) ... OK! 
Checking overlaps for volume rf_e_343DsHalf:0 (G4Tubs) ... OK! 
Checking overlaps for volume rf_e_343TimingVol:0 (G4Tubs) ... OK! 
Checking overlaps for volume rf_e_343:0 (G4Tubs) ... OK! 
BLCMDpillbox::construct rf_e_343 parent= relZ=29475.1 globZ=29475.1
	zmin=29425.1 zmax=29525.1
Checking overlaps for volume rf_b_350Pipe:0 (G4Tubs) ... OK! 
Checking overlaps for volume rf_b_350UsWall:0 (G4Tubs) ... OK! 
Checking overlaps for volume rf_b_350DsWall:0 (G4Tubs) ... OK! 
Checking overlaps for volume rf_b_350UsWin1:0 (G4Tubs) ... OK! 
Checking overlaps for volume rf_b_350DsWin1:0 (G4Tubs) ... OK! 
Checking overlaps for volume rf_b_350UsWin2:0 (G4Tubs) ... OK! 
Checking overlaps for volume rf_b_350DsWin2:0 (G4Tubs) ... OK! 
Checking overlaps for volume rf_b_350DsHalf:0 (G4Tubs) ... OK! 
Checking overlaps for volume rf_b_350TimingVol:0 (G4Tubs) ... OK! 
Checking overlaps for volume rf_b_350:0 (G4Tubs) ... OK! 
BLCMDpillbox::construct rf_b_350 parent= relZ=30024.9 globZ=30024.9
	zmin=29974.9 zmax=30074.9
Checking overlaps for volume rf_c_351Pipe:0 (G4Tubs) ... OK! 
Checking overlaps for volume rf_c_351UsWall:0 (G4Tubs) ... OK! 
Checking overlaps for volume rf_c_351DsWall:0 (G4Tubs) ... OK! 
Checking overlaps for volume rf_c_351UsWin1:0 (G4Tubs) ... OK! 
Checking overlaps for volume rf_c_351DsWin1:0 (G4Tubs) ... OK! 
Checking overlaps for volume rf_c_351UsWin2:0 (G4Tubs) ... OK! 
Checking overlaps for volume rf_c_351DsWin2:0 (G4Tubs) ... OK! 
Checking overlaps for volume rf_c_351DsHalf:0 (G4Tubs) ... OK! 
Checking overlaps for volume rf_c_351TimingVol:0 (G4Tubs) ... OK! 
Checking overlaps for volume rf_c_351:0 (G4Tubs) ... OK! 
BLCMDpillbox::construct rf_c_351 parent= relZ=30125.0 globZ=30125.0
	zmin=30074.9 zmax=30175.0
Checking overlaps for volume rf_d_352Pipe:0 (G4Tubs) ... OK! 
Checking overlaps for volume rf_d_352UsWall:0 (G4Tubs) ... OK! 
Checking overlaps for volume rf_d_352DsWall:0 (G4Tubs) ... OK! 
Checking overlaps for volume rf_d_352UsWin1:0 (G4Tubs) ... OK! 
Checking overlaps for volume rf_d_352DsWin1:0 (G4Tubs) ... OK! 
Checking overlaps for volume rf_d_352UsWin2:0 (G4Tubs) ... OK! 
Checking overlaps for volume rf_d_352DsWin2:0 (G4Tubs) ... OK! 
Checking overlaps for volume rf_d_352DsHalf:0 (G4Tubs) ... OK! 
Checking overlaps for volume rf_d_352TimingVol:0 (G4Tubs) ... OK! 
Checking overlaps for volume rf_d_352:0 (G4Tubs) ... OK! 
BLCMDpillbox::construct rf_d_352 parent= relZ=30225.0 globZ=30225.0
	zmin=30175.0 zmax=30275.1
Checking overlaps for volume rf_e_353Pipe:0 (G4Tubs) ... OK! 
Checking overlaps for volume rf_e_353UsWall:0 (G4Tubs) ... OK! 
Checking overlaps for volume rf_e_353DsWall:0 (G4Tubs) ... OK! 
Checking overlaps for volume rf_e_353UsWin1:0 (G4Tubs) ... OK! 
Checking overlaps for volume rf_e_353DsWin1:0 (G4Tubs) ... OK! 
Checking overlaps for volume rf_e_353UsWin2:0 (G4Tubs) ... OK! 
Checking overlaps for volume rf_e_353DsWin2:0 (G4Tubs) ... OK! 
Checking overlaps for volume rf_e_353DsHalf:0 (G4Tubs) ... OK! 
Checking overlaps for volume rf_e_353TimingVol:0 (G4Tubs) ... OK! 
Checking overlaps for volume rf_e_353:0 (G4Tubs) ... OK! 
BLCMDpillbox::construct rf_e_353 parent= relZ=30325.1 globZ=30325.1
	zmin=30275.1 zmax=30375.1
Checking overlaps for volume rf_b_360Pipe:0 (G4Tubs) ... OK! 
Checking overlaps for volume rf_b_360UsWall:0 (G4Tubs) ... OK! 
Checking overlaps for volume rf_b_360DsWall:0 (G4Tubs) ... OK! 
Checking overlaps for volume rf_b_360UsWin1:0 (G4Tubs) ... OK! 
Checking overlaps for volume rf_b_360DsWin1:0 (G4Tubs) ... OK! 
Checking overlaps for volume rf_b_360UsWin2:0 (G4Tubs) ... OK! 
Checking overlaps for volume rf_b_360DsWin2:0 (G4Tubs) ... OK! 
Checking overlaps for volume rf_b_360DsHalf:0 (G4Tubs) ... OK! 
Checking overlaps for volume rf_b_360TimingVol:0 (G4Tubs) ... OK! 
Checking overlaps for volume rf_b_360:0 (G4Tubs) ... OK! 
BLCMDpillbox::construct rf_b_360 parent= relZ=30874.9 globZ=30874.9
	zmin=30824.9 zmax=30924.9
Checking overlaps for volume rf_c_361Pipe:0 (G4Tubs) ... OK! 
Checking overlaps for volume rf_c_361UsWall:0 (G4Tubs) ... OK! 
Checking overlaps for volume rf_c_361DsWall:0 (G4Tubs) ... OK! 
Checking overlaps for volume rf_c_361UsWin1:0 (G4Tubs) ... OK! 
Checking overlaps for volume rf_c_361DsWin1:0 (G4Tubs) ... OK! 
Checking overlaps for volume rf_c_361UsWin2:0 (G4Tubs) ... OK! 
Checking overlaps for volume rf_c_361DsWin2:0 (G4Tubs) ... OK! 
Checking overlaps for volume rf_c_361DsHalf:0 (G4Tubs) ... OK! 
Checking overlaps for volume rf_c_361TimingVol:0 (G4Tubs) ... OK! 
Checking overlaps for volume rf_c_361:0 (G4Tubs) ... OK! 
BLCMDpillbox::construct rf_c_361 parent= relZ=30975.0 globZ=30975.0
	zmin=30924.9 zmax=31025.0
Checking overlaps for volume rf_d_362Pipe:0 (G4Tubs) ... OK! 
Checking overlaps for volume rf_d_362UsWall:0 (G4Tubs) ... OK! 
Checking overlaps for volume rf_d_362DsWall:0 (G4Tubs) ... OK! 
Checking overlaps for volume rf_d_362UsWin1:0 (G4Tubs) ... OK! 
Checking overlaps for volume rf_d_362DsWin1:0 (G4Tubs) ... OK! 
Checking overlaps for volume rf_d_362UsWin2:0 (G4Tubs) ... OK! 
Checking overlaps for volume rf_d_362DsWin2:0 (G4Tubs) ... OK! 
Checking overlaps for volume rf_d_362DsHalf:0 (G4Tubs) ... OK! 
Checking overlaps for volume rf_d_362TimingVol:0 (G4Tubs) ... OK! 
Checking overlaps for volume rf_d_362:0 (G4Tubs) ... OK! 
BLCMDpillbox::construct rf_d_362 parent= relZ=31075.0 globZ=31075.0
	zmin=31025.0 zmax=31125.1
Checking overlaps for volume rf_e_363Pipe:0 (G4Tubs) ... OK! 
Checking overlaps for volume rf_e_363UsWall:0 (G4Tubs) ... OK! 
Checking overlaps for volume rf_e_363DsWall:0 (G4Tubs) ... OK! 
Checking overlaps for volume rf_e_363UsWin1:0 (G4Tubs) ... OK! 
Checking overlaps for volume rf_e_363DsWin1:0 (G4Tubs) ... OK! 
Checking overlaps for volume rf_e_363UsWin2:0 (G4Tubs) ... OK! 
Checking overlaps for volume rf_e_363DsWin2:0 (G4Tubs) ... OK! 
Checking overlaps for volume rf_e_363DsHalf:0 (G4Tubs) ... OK! 
Checking overlaps for volume rf_e_363TimingVol:0 (G4Tubs) ... OK! 
Checking overlaps for volume rf_e_363:0 (G4Tubs) ... OK! 
BLCMDpillbox::construct rf_e_363 parent= relZ=31175.1 globZ=31175.1
	zmin=31125.1 zmax=31225.1
Checking overlaps for volume rf_b_370Pipe:0 (G4Tubs) ... OK! 
Checking overlaps for volume rf_b_370UsWall:0 (G4Tubs) ... OK! 
Checking overlaps for volume rf_b_370DsWall:0 (G4Tubs) ... OK! 
Checking overlaps for volume rf_b_370UsWin1:0 (G4Tubs) ... OK! 
Checking overlaps for volume rf_b_370DsWin1:0 (G4Tubs) ... OK! 
Checking overlaps for volume rf_b_370UsWin2:0 (G4Tubs) ... OK! 
Checking overlaps for volume rf_b_370DsWin2:0 (G4Tubs) ... OK! 
Checking overlaps for volume rf_b_370DsHalf:0 (G4Tubs) ... OK! 
Checking overlaps for volume rf_b_370TimingVol:0 (G4Tubs) ... OK! 
Checking overlaps for volume rf_b_370:0 (G4Tubs) ... OK! 
BLCMDpillbox::construct rf_b_370 parent= relZ=31724.9 globZ=31724.9
	zmin=31674.9 zmax=31774.9
Checking overlaps for volume rf_c_371Pipe:0 (G4Tubs) ... OK! 
Checking overlaps for volume rf_c_371UsWall:0 (G4Tubs) ... OK! 
Checking overlaps for volume rf_c_371DsWall:0 (G4Tubs) ... OK! 
Checking overlaps for volume rf_c_371UsWin1:0 (G4Tubs) ... OK! 
Checking overlaps for volume rf_c_371DsWin1:0 (G4Tubs) ... OK! 
Checking overlaps for volume rf_c_371UsWin2:0 (G4Tubs) ... OK! 
Checking overlaps for volume rf_c_371DsWin2:0 (G4Tubs) ... OK! 
Checking overlaps for volume rf_c_371DsHalf:0 (G4Tubs) ... OK! 
Checking overlaps for volume rf_c_371TimingVol:0 (G4Tubs) ... OK! 
Checking overlaps for volume rf_c_371:0 (G4Tubs) ... OK! 
BLCMDpillbox::construct rf_c_371 parent= relZ=31825.0 globZ=31825.0
	zmin=31774.9 zmax=31875.0
Checking overlaps for volume rf_d_372Pipe:0 (G4Tubs) ... OK! 
Checking overlaps for volume rf_d_372UsWall:0 (G4Tubs) ... OK! 
Checking overlaps for volume rf_d_372DsWall:0 (G4Tubs) ... OK! 
Checking overlaps for volume rf_d_372UsWin1:0 (G4Tubs) ... OK! 
Checking overlaps for volume rf_d_372DsWin1:0 (G4Tubs) ... OK! 
Checking overlaps for volume rf_d_372UsWin2:0 (G4Tubs) ... OK! 
Checking overlaps for volume rf_d_372DsWin2:0 (G4Tubs) ... OK! 
Checking overlaps for volume rf_d_372DsHalf:0 (G4Tubs) ... OK! 
Checking overlaps for volume rf_d_372TimingVol:0 (G4Tubs) ... OK! 
Checking overlaps for volume rf_d_372:0 (G4Tubs) ... OK! 
BLCMDpillbox::construct rf_d_372 parent= relZ=31925.0 globZ=31925.0
	zmin=31875.0 zmax=31975.1
Checking overlaps for volume rf_e_373Pipe:0 (G4Tubs) ... OK! 
Checking overlaps for volume rf_e_373UsWall:0 (G4Tubs) ... OK! 
Checking overlaps for volume rf_e_373DsWall:0 (G4Tubs) ... OK! 
Checking overlaps for volume rf_e_373UsWin1:0 (G4Tubs) ... OK! 
Checking overlaps for volume rf_e_373DsWin1:0 (G4Tubs) ... OK! 
Checking overlaps for volume rf_e_373UsWin2:0 (G4Tubs) ... OK! 
Checking overlaps for volume rf_e_373DsWin2:0 (G4Tubs) ... OK! 
Checking overlaps for volume rf_e_373DsHalf:0 (G4Tubs) ... OK! 
Checking overlaps for volume rf_e_373TimingVol:0 (G4Tubs) ... OK! 
Checking overlaps for volume rf_e_373:0 (G4Tubs) ... OK! 
BLCMDpillbox::construct rf_e_373 parent= relZ=32025.1 globZ=32025.1
	zmin=31975.1 zmax=32075.1
Checking overlaps for volume rf_b_380Pipe:0 (G4Tubs) ... OK! 
Checking overlaps for volume rf_b_380UsWall:0 (G4Tubs) ... OK! 
Checking overlaps for volume rf_b_380DsWall:0 (G4Tubs) ... OK! 
Checking overlaps for volume rf_b_380UsWin1:0 (G4Tubs) ... OK! 
Checking overlaps for volume rf_b_380DsWin1:0 (G4Tubs) ... OK! 
Checking overlaps for volume rf_b_380UsWin2:0 (G4Tubs) ... OK! 
Checking overlaps for volume rf_b_380DsWin2:0 (G4Tubs) ... OK! 
Checking overlaps for volume rf_b_380DsHalf:0 (G4Tubs) ... OK! 
Checking overlaps for volume rf_b_380TimingVol:0 (G4Tubs) ... OK! 
Checking overlaps for volume rf_b_380:0 (G4Tubs) ... OK! 
BLCMDpillbox::construct rf_b_380 parent= relZ=32574.9 globZ=32574.9
	zmin=32524.9 zmax=32624.9
Checking overlaps for volume rf_c_381Pipe:0 (G4Tubs) ... OK! 
Checking overlaps for volume rf_c_381UsWall:0 (G4Tubs) ... OK! 
Checking overlaps for volume rf_c_381DsWall:0 (G4Tubs) ... OK! 
Checking overlaps for volume rf_c_381UsWin1:0 (G4Tubs) ... OK! 
Checking overlaps for volume rf_c_381DsWin1:0 (G4Tubs) ... OK! 
Checking overlaps for volume rf_c_381UsWin2:0 (G4Tubs) ... OK! 
Checking overlaps for volume rf_c_381DsWin2:0 (G4Tubs) ... OK! 
Checking overlaps for volume rf_c_381DsHalf:0 (G4Tubs) ... OK! 
Checking overlaps for volume rf_c_381TimingVol:0 (G4Tubs) ... OK! 
Checking overlaps for volume rf_c_381:0 (G4Tubs) ... OK! 
BLCMDpillbox::construct rf_c_381 parent= relZ=32675.0 globZ=32675.0
	zmin=32624.9 zmax=32725.0
Checking overlaps for volume rf_d_382Pipe:0 (G4Tubs) ... OK! 
Checking overlaps for volume rf_d_382UsWall:0 (G4Tubs) ... OK! 
Checking overlaps for volume rf_d_382DsWall:0 (G4Tubs) ... OK! 
Checking overlaps for volume rf_d_382UsWin1:0 (G4Tubs) ... OK! 
Checking overlaps for volume rf_d_382DsWin1:0 (G4Tubs) ... OK! 
Checking overlaps for volume rf_d_382UsWin2:0 (G4Tubs) ... OK! 
Checking overlaps for volume rf_d_382DsWin2:0 (G4Tubs) ... OK! 
Checking overlaps for volume rf_d_382DsHalf:0 (G4Tubs) ... OK! 
Checking overlaps for volume rf_d_382TimingVol:0 (G4Tubs) ... OK! 
Checking overlaps for volume rf_d_382:0 (G4Tubs) ... OK! 
BLCMDpillbox::construct rf_d_382 parent= relZ=32775.0 globZ=32775.0
	zmin=32725.0 zmax=32825.1
Checking overlaps for volume rf_e_383Pipe:0 (G4Tubs) ... OK! 
Checking overlaps for volume rf_e_383UsWall:0 (G4Tubs) ... OK! 
Checking overlaps for volume rf_e_383DsWall:0 (G4Tubs) ... OK! 
Checking overlaps for volume rf_e_383UsWin1:0 (G4Tubs) ... OK! 
Checking overlaps for volume rf_e_383DsWin1:0 (G4Tubs) ... OK! 
Checking overlaps for volume rf_e_383UsWin2:0 (G4Tubs) ... OK! 
Checking overlaps for volume rf_e_383DsWin2:0 (G4Tubs) ... OK! 
Checking overlaps for volume rf_e_383DsHalf:0 (G4Tubs) ... OK! 
Checking overlaps for volume rf_e_383TimingVol:0 (G4Tubs) ... OK! 
Checking overlaps for volume rf_e_383:0 (G4Tubs) ... OK! 
BLCMDpillbox::construct rf_e_383 parent= relZ=32875.1 globZ=32875.1
	zmin=32825.1 zmax=32925.1
Checking overlaps for volume rf_b_390Pipe:0 (G4Tubs) ... OK! 
Checking overlaps for volume rf_b_390UsWall:0 (G4Tubs) ... OK! 
Checking overlaps for volume rf_b_390DsWall:0 (G4Tubs) ... OK! 
Checking overlaps for volume rf_b_390UsWin1:0 (G4Tubs) ... OK! 
Checking overlaps for volume rf_b_390DsWin1:0 (G4Tubs) ... OK! 
Checking overlaps for volume rf_b_390UsWin2:0 (G4Tubs) ... OK! 
Checking overlaps for volume rf_b_390DsWin2:0 (G4Tubs) ... OK! 
Checking overlaps for volume rf_b_390DsHalf:0 (G4Tubs) ... OK! 
Checking overlaps for volume rf_b_390TimingVol:0 (G4Tubs) ... OK! 
Checking overlaps for volume rf_b_390:0 (G4Tubs) ... OK! 
BLCMDpillbox::construct rf_b_390 parent= relZ=33424.9 globZ=33424.9
	zmin=33374.9 zmax=33474.9
Checking overlaps for volume rf_c_391Pipe:0 (G4Tubs) ... OK! 
Checking overlaps for volume rf_c_391UsWall:0 (G4Tubs) ... OK! 
Checking overlaps for volume rf_c_391DsWall:0 (G4Tubs) ... OK! 
Checking overlaps for volume rf_c_391UsWin1:0 (G4Tubs) ... OK! 
Checking overlaps for volume rf_c_391DsWin1:0 (G4Tubs) ... OK! 
Checking overlaps for volume rf_c_391UsWin2:0 (G4Tubs) ... OK! 
Checking overlaps for volume rf_c_391DsWin2:0 (G4Tubs) ... OK! 
Checking overlaps for volume rf_c_391DsHalf:0 (G4Tubs) ... OK! 
Checking overlaps for volume rf_c_391TimingVol:0 (G4Tubs) ... OK! 
Checking overlaps for volume rf_c_391:0 (G4Tubs) ... OK! 
BLCMDpillbox::construct rf_c_391 parent= relZ=33525.0 globZ=33525.0
	zmin=33474.9 zmax=33575.0
Checking overlaps for volume rf_d_392Pipe:0 (G4Tubs) ... OK! 
Checking overlaps for volume rf_d_392UsWall:0 (G4Tubs) ... OK! 
Checking overlaps for volume rf_d_392DsWall:0 (G4Tubs) ... OK! 
Checking overlaps for volume rf_d_392UsWin1:0 (G4Tubs) ... OK! 
Checking overlaps for volume rf_d_392DsWin1:0 (G4Tubs) ... OK! 
Checking overlaps for volume rf_d_392UsWin2:0 (G4Tubs) ... OK! 
Checking overlaps for volume rf_d_392DsWin2:0 (G4Tubs) ... OK! 
Checking overlaps for volume rf_d_392DsHalf:0 (G4Tubs) ... OK! 
Checking overlaps for volume rf_d_392TimingVol:0 (G4Tubs) ... OK! 
Checking overlaps for volume rf_d_392:0 (G4Tubs) ... OK! 
BLCMDpillbox::construct rf_d_392 parent= relZ=33625.0 globZ=33625.0
	zmin=33575.0 zmax=33675.1
Checking overlaps for volume rf_e_393Pipe:0 (G4Tubs) ... OK! 
Checking overlaps for volume rf_e_393UsWall:0 (G4Tubs) ... OK! 
Checking overlaps for volume rf_e_393DsWall:0 (G4Tubs) ... OK! 
Checking overlaps for volume rf_e_393UsWin1:0 (G4Tubs) ... OK! 
Checking overlaps for volume rf_e_393DsWin1:0 (G4Tubs) ... OK! 
Checking overlaps for volume rf_e_393UsWin2:0 (G4Tubs) ... OK! 
Checking overlaps for volume rf_e_393DsWin2:0 (G4Tubs) ... OK! 
Checking overlaps for volume rf_e_393DsHalf:0 (G4Tubs) ... OK! 
Checking overlaps for volume rf_e_393TimingVol:0 (G4Tubs) ... OK! 
Checking overlaps for volume rf_e_393:0 (G4Tubs) ... OK! 
BLCMDpillbox::construct rf_e_393 parent= relZ=33725.1 globZ=33725.1
	zmin=33675.1 zmax=33775.1
Checking overlaps for volume rf_b_400Pipe:0 (G4Tubs) ... OK! 
Checking overlaps for volume rf_b_400UsWall:0 (G4Tubs) ... OK! 
Checking overlaps for volume rf_b_400DsWall:0 (G4Tubs) ... OK! 
Checking overlaps for volume rf_b_400UsWin1:0 (G4Tubs) ... OK! 
Checking overlaps for volume rf_b_400DsWin1:0 (G4Tubs) ... OK! 
Checking overlaps for volume rf_b_400UsWin2:0 (G4Tubs) ... OK! 
Checking overlaps for volume rf_b_400DsWin2:0 (G4Tubs) ... OK! 
Checking overlaps for volume rf_b_400DsHalf:0 (G4Tubs) ... OK! 
Checking overlaps for volume rf_b_400TimingVol:0 (G4Tubs) ... OK! 
Checking overlaps for volume rf_b_400:0 (G4Tubs) ... OK! 
BLCMDpillbox::construct rf_b_400 parent= relZ=34274.9 globZ=34274.9
	zmin=34224.9 zmax=34324.9
Checking overlaps for volume rf_c_401Pipe:0 (G4Tubs) ... OK! 
Checking overlaps for volume rf_c_401UsWall:0 (G4Tubs) ... OK! 
Checking overlaps for volume rf_c_401DsWall:0 (G4Tubs) ... OK! 
Checking overlaps for volume rf_c_401UsWin1:0 (G4Tubs) ... OK! 
Checking overlaps for volume rf_c_401DsWin1:0 (G4Tubs) ... OK! 
Checking overlaps for volume rf_c_401UsWin2:0 (G4Tubs) ... OK! 
Checking overlaps for volume rf_c_401DsWin2:0 (G4Tubs) ... OK! 
Checking overlaps for volume rf_c_401DsHalf:0 (G4Tubs) ... OK! 
Checking overlaps for volume rf_c_401TimingVol:0 (G4Tubs) ... OK! 
Checking overlaps for volume rf_c_401:0 (G4Tubs) ... OK! 
BLCMDpillbox::construct rf_c_401 parent= relZ=34375.0 globZ=34375.0
	zmin=34324.9 zmax=34425.0
Checking overlaps for volume rf_d_402Pipe:0 (G4Tubs) ... OK! 
Checking overlaps for volume rf_d_402UsWall:0 (G4Tubs) ... OK! 
Checking overlaps for volume rf_d_402DsWall:0 (G4Tubs) ... OK! 
Checking overlaps for volume rf_d_402UsWin1:0 (G4Tubs) ... OK! 
Checking overlaps for volume rf_d_402DsWin1:0 (G4Tubs) ... OK! 
Checking overlaps for volume rf_d_402UsWin2:0 (G4Tubs) ... OK! 
Checking overlaps for volume rf_d_402DsWin2:0 (G4Tubs) ... OK! 
Checking overlaps for volume rf_d_402DsHalf:0 (G4Tubs) ... OK! 
Checking overlaps for volume rf_d_402TimingVol:0 (G4Tubs) ... OK! 
Checking overlaps for volume rf_d_402:0 (G4Tubs) ... OK! 
BLCMDpillbox::construct rf_d_402 parent= relZ=34475.0 globZ=34475.0
	zmin=34425.0 zmax=34525.1
Checking overlaps for volume rf_e_403Pipe:0 (G4Tubs) ... OK! 
Checking overlaps for volume rf_e_403UsWall:0 (G4Tubs) ... OK! 
Checking overlaps for volume rf_e_403DsWall:0 (G4Tubs) ... OK! 
Checking overlaps for volume rf_e_403UsWin1:0 (G4Tubs) ... OK! 
Checking overlaps for volume rf_e_403DsWin1:0 (G4Tubs) ... OK! 
Checking overlaps for volume rf_e_403UsWin2:0 (G4Tubs) ... OK! 
Checking overlaps for volume rf_e_403DsWin2:0 (G4Tubs) ... OK! 
Checking overlaps for volume rf_e_403DsHalf:0 (G4Tubs) ... OK! 
Checking overlaps for volume rf_e_403TimingVol:0 (G4Tubs) ... OK! 
Checking overlaps for volume rf_e_403:0 (G4Tubs) ... OK! 
BLCMDpillbox::construct rf_e_403 parent= relZ=34575.1 globZ=34575.1
	zmin=34525.1 zmax=34625.1
Checking overlaps for volume rf_b_410Pipe:0 (G4Tubs) ... OK! 
Checking overlaps for volume rf_b_410UsWall:0 (G4Tubs) ... OK! 
Checking overlaps for volume rf_b_410DsWall:0 (G4Tubs) ... OK! 
Checking overlaps for volume rf_b_410UsWin1:0 (G4Tubs) ... OK! 
Checking overlaps for volume rf_b_410DsWin1:0 (G4Tubs) ... OK! 
Checking overlaps for volume rf_b_410UsWin2:0 (G4Tubs) ... OK! 
Checking overlaps for volume rf_b_410DsWin2:0 (G4Tubs) ... OK! 
Checking overlaps for volume rf_b_410DsHalf:0 (G4Tubs) ... OK! 
Checking overlaps for volume rf_b_410TimingVol:0 (G4Tubs) ... OK! 
Checking overlaps for volume rf_b_410:0 (G4Tubs) ... OK! 
BLCMDpillbox::construct rf_b_410 parent= relZ=35124.9 globZ=35124.9
	zmin=35074.9 zmax=35174.9
Checking overlaps for volume rf_c_411Pipe:0 (G4Tubs) ... OK! 
Checking overlaps for volume rf_c_411UsWall:0 (G4Tubs) ... OK! 
Checking overlaps for volume rf_c_411DsWall:0 (G4Tubs) ... OK! 
Checking overlaps for volume rf_c_411UsWin1:0 (G4Tubs) ... OK! 
Checking overlaps for volume rf_c_411DsWin1:0 (G4Tubs) ... OK! 
Checking overlaps for volume rf_c_411UsWin2:0 (G4Tubs) ... OK! 
Checking overlaps for volume rf_c_411DsWin2:0 (G4Tubs) ... OK! 
Checking overlaps for volume rf_c_411DsHalf:0 (G4Tubs) ... OK! 
Checking overlaps for volume rf_c_411TimingVol:0 (G4Tubs) ... OK! 
Checking overlaps for volume rf_c_411:0 (G4Tubs) ... OK! 
BLCMDpillbox::construct rf_c_411 parent= relZ=35225.0 globZ=35225.0
	zmin=35174.9 zmax=35275.0
Checking overlaps for volume rf_d_412Pipe:0 (G4Tubs) ... OK! 
Checking overlaps for volume rf_d_412UsWall:0 (G4Tubs) ... OK! 
Checking overlaps for volume rf_d_412DsWall:0 (G4Tubs) ... OK! 
Checking overlaps for volume rf_d_412UsWin1:0 (G4Tubs) ... OK! 
Checking overlaps for volume rf_d_412DsWin1:0 (G4Tubs) ... OK! 
Checking overlaps for volume rf_d_412UsWin2:0 (G4Tubs) ... OK! 
Checking overlaps for volume rf_d_412DsWin2:0 (G4Tubs) ... OK! 
Checking overlaps for volume rf_d_412DsHalf:0 (G4Tubs) ... OK! 
Checking overlaps for volume rf_d_412TimingVol:0 (G4Tubs) ... OK! 
Checking overlaps for volume rf_d_412:0 (G4Tubs) ... OK! 
BLCMDpillbox::construct rf_d_412 parent= relZ=35325.0 globZ=35325.0
	zmin=35275.0 zmax=35375.1
Checking overlaps for volume rf_e_413Pipe:0 (G4Tubs) ... OK! 
Checking overlaps for volume rf_e_413UsWall:0 (G4Tubs) ... OK! 
Checking overlaps for volume rf_e_413DsWall:0 (G4Tubs) ... OK! 
Checking overlaps for volume rf_e_413UsWin1:0 (G4Tubs) ... OK! 
Checking overlaps for volume rf_e_413DsWin1:0 (G4Tubs) ... OK! 
Checking overlaps for volume rf_e_413UsWin2:0 (G4Tubs) ... OK! 
Checking overlaps for volume rf_e_413DsWin2:0 (G4Tubs) ... OK! 
Checking overlaps for volume rf_e_413DsHalf:0 (G4Tubs) ... OK! 
Checking overlaps for volume rf_e_413TimingVol:0 (G4Tubs) ... OK! 
Checking overlaps for volume rf_e_413:0 (G4Tubs) ... OK! 
BLCMDpillbox::construct rf_e_413 parent= relZ=35425.1 globZ=35425.1
	zmin=35375.1 zmax=35475.1
Checking overlaps for volume rf_b_420Pipe:0 (G4Tubs) ... OK! 
Checking overlaps for volume rf_b_420UsWall:0 (G4Tubs) ... OK! 
Checking overlaps for volume rf_b_420DsWall:0 (G4Tubs) ... OK! 
Checking overlaps for volume rf_b_420UsWin1:0 (G4Tubs) ... OK! 
Checking overlaps for volume rf_b_420DsWin1:0 (G4Tubs) ... OK! 
Checking overlaps for volume rf_b_420UsWin2:0 (G4Tubs) ... OK! 
Checking overlaps for volume rf_b_420DsWin2:0 (G4Tubs) ... OK! 
Checking overlaps for volume rf_b_420DsHalf:0 (G4Tubs) ... OK! 
Checking overlaps for volume rf_b_420TimingVol:0 (G4Tubs) ... OK! 
Checking overlaps for volume rf_b_420:0 (G4Tubs) ... OK! 
BLCMDpillbox::construct rf_b_420 parent= relZ=35974.9 globZ=35974.9
	zmin=35924.9 zmax=36024.9
Checking overlaps for volume rf_c_421Pipe:0 (G4Tubs) ... OK! 
Checking overlaps for volume rf_c_421UsWall:0 (G4Tubs) ... OK! 
Checking overlaps for volume rf_c_421DsWall:0 (G4Tubs) ... OK! 
Checking overlaps for volume rf_c_421UsWin1:0 (G4Tubs) ... OK! 
Checking overlaps for volume rf_c_421DsWin1:0 (G4Tubs) ... OK! 
Checking overlaps for volume rf_c_421UsWin2:0 (G4Tubs) ... OK! 
Checking overlaps for volume rf_c_421DsWin2:0 (G4Tubs) ... OK! 
Checking overlaps for volume rf_c_421DsHalf:0 (G4Tubs) ... OK! 
Checking overlaps for volume rf_c_421TimingVol:0 (G4Tubs) ... OK! 
Checking overlaps for volume rf_c_421:0 (G4Tubs) ... OK! 
BLCMDpillbox::construct rf_c_421 parent= relZ=36075.0 globZ=36075.0
	zmin=36024.9 zmax=36125.0
Checking overlaps for volume rf_d_422Pipe:0 (G4Tubs) ... OK! 
Checking overlaps for volume rf_d_422UsWall:0 (G4Tubs) ... OK! 
Checking overlaps for volume rf_d_422DsWall:0 (G4Tubs) ... OK! 
Checking overlaps for volume rf_d_422UsWin1:0 (G4Tubs) ... OK! 
Checking overlaps for volume rf_d_422DsWin1:0 (G4Tubs) ... OK! 
Checking overlaps for volume rf_d_422UsWin2:0 (G4Tubs) ... OK! 
Checking overlaps for volume rf_d_422DsWin2:0 (G4Tubs) ... OK! 
Checking overlaps for volume rf_d_422DsHalf:0 (G4Tubs) ... OK! 
Checking overlaps for volume rf_d_422TimingVol:0 (G4Tubs) ... OK! 
Checking overlaps for volume rf_d_422:0 (G4Tubs) ... OK! 
BLCMDpillbox::construct rf_d_422 parent= relZ=36175.0 globZ=36175.0
	zmin=36125.0 zmax=36225.1
Checking overlaps for volume rf_e_423Pipe:0 (G4Tubs) ... OK! 
Checking overlaps for volume rf_e_423UsWall:0 (G4Tubs) ... OK! 
Checking overlaps for volume rf_e_423DsWall:0 (G4Tubs) ... OK! 
Checking overlaps for volume rf_e_423UsWin1:0 (G4Tubs) ... OK! 
Checking overlaps for volume rf_e_423DsWin1:0 (G4Tubs) ... OK! 
Checking overlaps for volume rf_e_423UsWin2:0 (G4Tubs) ... OK! 
Checking overlaps for volume rf_e_423DsWin2:0 (G4Tubs) ... OK! 
Checking overlaps for volume rf_e_423DsHalf:0 (G4Tubs) ... OK! 
Checking overlaps for volume rf_e_423TimingVol:0 (G4Tubs) ... OK! 
Checking overlaps for volume rf_e_423:0 (G4Tubs) ... OK! 
BLCMDpillbox::construct rf_e_423 parent= relZ=36275.1 globZ=36275.1
	zmin=36225.1 zmax=36325.1
Checking overlaps for volume rf_b_430Pipe:0 (G4Tubs) ... OK! 
Checking overlaps for volume rf_b_430UsWall:0 (G4Tubs) ... OK! 
Checking overlaps for volume rf_b_430DsWall:0 (G4Tubs) ... OK! 
Checking overlaps for volume rf_b_430UsWin1:0 (G4Tubs) ... OK! 
Checking overlaps for volume rf_b_430DsWin1:0 (G4Tubs) ... OK! 
Checking overlaps for volume rf_b_430UsWin2:0 (G4Tubs) ... OK! 
Checking overlaps for volume rf_b_430DsWin2:0 (G4Tubs) ... OK! 
Checking overlaps for volume rf_b_430DsHalf:0 (G4Tubs) ... OK! 
Checking overlaps for volume rf_b_430TimingVol:0 (G4Tubs) ... OK! 
Checking overlaps for volume rf_b_430:0 (G4Tubs) ... OK! 
BLCMDpillbox::construct rf_b_430 parent= relZ=36824.9 globZ=36824.9
	zmin=36774.9 zmax=36874.9
Checking overlaps for volume rf_c_431Pipe:0 (G4Tubs) ... OK! 
Checking overlaps for volume rf_c_431UsWall:0 (G4Tubs) ... OK! 
Checking overlaps for volume rf_c_431DsWall:0 (G4Tubs) ... OK! 
Checking overlaps for volume rf_c_431UsWin1:0 (G4Tubs) ... OK! 
Checking overlaps for volume rf_c_431DsWin1:0 (G4Tubs) ... OK! 
Checking overlaps for volume rf_c_431UsWin2:0 (G4Tubs) ... OK! 
Checking overlaps for volume rf_c_431DsWin2:0 (G4Tubs) ... OK! 
Checking overlaps for volume rf_c_431DsHalf:0 (G4Tubs) ... OK! 
Checking overlaps for volume rf_c_431TimingVol:0 (G4Tubs) ... OK! 
Checking overlaps for volume rf_c_431:0 (G4Tubs) ... OK! 
BLCMDpillbox::construct rf_c_431 parent= relZ=36925.0 globZ=36925.0
	zmin=36874.9 zmax=36975.0
Checking overlaps for volume rf_d_432Pipe:0 (G4Tubs) ... OK! 
Checking overlaps for volume rf_d_432UsWall:0 (G4Tubs) ... OK! 
Checking overlaps for volume rf_d_432DsWall:0 (G4Tubs) ... OK! 
Checking overlaps for volume rf_d_432UsWin1:0 (G4Tubs) ... OK! 
Checking overlaps for volume rf_d_432DsWin1:0 (G4Tubs) ... OK! 
Checking overlaps for volume rf_d_432UsWin2:0 (G4Tubs) ... OK! 
Checking overlaps for volume rf_d_432DsWin2:0 (G4Tubs) ... OK! 
Checking overlaps for volume rf_d_432DsHalf:0 (G4Tubs) ... OK! 
Checking overlaps for volume rf_d_432TimingVol:0 (G4Tubs) ... OK! 
Checking overlaps for volume rf_d_432:0 (G4Tubs) ... OK! 
BLCMDpillbox::construct rf_d_432 parent= relZ=37025.0 globZ=37025.0
	zmin=36975.0 zmax=37075.1
Checking overlaps for volume rf_e_433Pipe:0 (G4Tubs) ... OK! 
Checking overlaps for volume rf_e_433UsWall:0 (G4Tubs) ... OK! 
Checking overlaps for volume rf_e_433DsWall:0 (G4Tubs) ... OK! 
Checking overlaps for volume rf_e_433UsWin1:0 (G4Tubs) ... OK! 
Checking overlaps for volume rf_e_433DsWin1:0 (G4Tubs) ... OK! 
Checking overlaps for volume rf_e_433UsWin2:0 (G4Tubs) ... OK! 
Checking overlaps for volume rf_e_433DsWin2:0 (G4Tubs) ... OK! 
Checking overlaps for volume rf_e_433DsHalf:0 (G4Tubs) ... OK! 
Checking overlaps for volume rf_e_433TimingVol:0 (G4Tubs) ... OK! 
Checking overlaps for volume rf_e_433:0 (G4Tubs) ... OK! 
BLCMDpillbox::construct rf_e_433 parent= relZ=37125.1 globZ=37125.1
	zmin=37075.1 zmax=37175.1
Checking overlaps for volume rf_b_440Pipe:0 (G4Tubs) ... OK! 
Checking overlaps for volume rf_b_440UsWall:0 (G4Tubs) ... OK! 
Checking overlaps for volume rf_b_440DsWall:0 (G4Tubs) ... OK! 
Checking overlaps for volume rf_b_440UsWin1:0 (G4Tubs) ... OK! 
Checking overlaps for volume rf_b_440DsWin1:0 (G4Tubs) ... OK! 
Checking overlaps for volume rf_b_440UsWin2:0 (G4Tubs) ... OK! 
Checking overlaps for volume rf_b_440DsWin2:0 (G4Tubs) ... OK! 
Checking overlaps for volume rf_b_440DsHalf:0 (G4Tubs) ... OK! 
Checking overlaps for volume rf_b_440TimingVol:0 (G4Tubs) ... OK! 
Checking overlaps for volume rf_b_440:0 (G4Tubs) ... OK! 
BLCMDpillbox::construct rf_b_440 parent= relZ=37674.9 globZ=37674.9
	zmin=37624.9 zmax=37724.9
Checking overlaps for volume rf_c_441Pipe:0 (G4Tubs) ... OK! 
Checking overlaps for volume rf_c_441UsWall:0 (G4Tubs) ... OK! 
Checking overlaps for volume rf_c_441DsWall:0 (G4Tubs) ... OK! 
Checking overlaps for volume rf_c_441UsWin1:0 (G4Tubs) ... OK! 
Checking overlaps for volume rf_c_441DsWin1:0 (G4Tubs) ... OK! 
Checking overlaps for volume rf_c_441UsWin2:0 (G4Tubs) ... OK! 
Checking overlaps for volume rf_c_441DsWin2:0 (G4Tubs) ... OK! 
Checking overlaps for volume rf_c_441DsHalf:0 (G4Tubs) ... OK! 
Checking overlaps for volume rf_c_441TimingVol:0 (G4Tubs) ... OK! 
Checking overlaps for volume rf_c_441:0 (G4Tubs) ... OK! 
BLCMDpillbox::construct rf_c_441 parent= relZ=37775.0 globZ=37775.0
	zmin=37724.9 zmax=37825.0
Checking overlaps for volume rf_d_442Pipe:0 (G4Tubs) ... OK! 
Checking overlaps for volume rf_d_442UsWall:0 (G4Tubs) ... OK! 
Checking overlaps for volume rf_d_442DsWall:0 (G4Tubs) ... OK! 
Checking overlaps for volume rf_d_442UsWin1:0 (G4Tubs) ... OK! 
Checking overlaps for volume rf_d_442DsWin1:0 (G4Tubs) ... OK! 
Checking overlaps for volume rf_d_442UsWin2:0 (G4Tubs) ... OK! 
Checking overlaps for volume rf_d_442DsWin2:0 (G4Tubs) ... OK! 
Checking overlaps for volume rf_d_442DsHalf:0 (G4Tubs) ... OK! 
Checking overlaps for volume rf_d_442TimingVol:0 (G4Tubs) ... OK! 
Checking overlaps for volume rf_d_442:0 (G4Tubs) ... OK! 
BLCMDpillbox::construct rf_d_442 parent= relZ=37875.0 globZ=37875.0
	zmin=37825.0 zmax=37925.1
Checking overlaps for volume rf_e_443Pipe:0 (G4Tubs) ... OK! 
Checking overlaps for volume rf_e_443UsWall:0 (G4Tubs) ... OK! 
Checking overlaps for volume rf_e_443DsWall:0 (G4Tubs) ... OK! 
Checking overlaps for volume rf_e_443UsWin1:0 (G4Tubs) ... OK! 
Checking overlaps for volume rf_e_443DsWin1:0 (G4Tubs) ... OK! 
Checking overlaps for volume rf_e_443UsWin2:0 (G4Tubs) ... OK! 
Checking overlaps for volume rf_e_443DsWin2:0 (G4Tubs) ... OK! 
Checking overlaps for volume rf_e_443DsHalf:0 (G4Tubs) ... OK! 
Checking overlaps for volume rf_e_443TimingVol:0 (G4Tubs) ... OK! 
Checking overlaps for volume rf_e_443:0 (G4Tubs) ... OK! 
BLCMDpillbox::construct rf_e_443 parent= relZ=37975.1 globZ=37975.1
	zmin=37925.1 zmax=38025.1
Checking overlaps for volume rf_b_450Pipe:0 (G4Tubs) ... OK! 
Checking overlaps for volume rf_b_450UsWall:0 (G4Tubs) ... OK! 
Checking overlaps for volume rf_b_450DsWall:0 (G4Tubs) ... OK! 
Checking overlaps for volume rf_b_450UsWin1:0 (G4Tubs) ... OK! 
Checking overlaps for volume rf_b_450DsWin1:0 (G4Tubs) ... OK! 
Checking overlaps for volume rf_b_450UsWin2:0 (G4Tubs) ... OK! 
Checking overlaps for volume rf_b_450DsWin2:0 (G4Tubs) ... OK! 
Checking overlaps for volume rf_b_450DsHalf:0 (G4Tubs) ... OK! 
Checking overlaps for volume rf_b_450TimingVol:0 (G4Tubs) ... OK! 
Checking overlaps for volume rf_b_450:0 (G4Tubs) ... OK! 
BLCMDpillbox::construct rf_b_450 parent= relZ=38524.9 globZ=38524.9
	zmin=38474.9 zmax=38574.9
Checking overlaps for volume rf_c_451Pipe:0 (G4Tubs) ... OK! 
Checking overlaps for volume rf_c_451UsWall:0 (G4Tubs) ... OK! 
Checking overlaps for volume rf_c_451DsWall:0 (G4Tubs) ... OK! 
Checking overlaps for volume rf_c_451UsWin1:0 (G4Tubs) ... OK! 
Checking overlaps for volume rf_c_451DsWin1:0 (G4Tubs) ... OK! 
Checking overlaps for volume rf_c_451UsWin2:0 (G4Tubs) ... OK! 
Checking overlaps for volume rf_c_451DsWin2:0 (G4Tubs) ... OK! 
Checking overlaps for volume rf_c_451DsHalf:0 (G4Tubs) ... OK! 
Checking overlaps for volume rf_c_451TimingVol:0 (G4Tubs) ... OK! 
Checking overlaps for volume rf_c_451:0 (G4Tubs) ... OK! 
BLCMDpillbox::construct rf_c_451 parent= relZ=38625.0 globZ=38625.0
	zmin=38574.9 zmax=38675.0
Checking overlaps for volume rf_d_452Pipe:0 (G4Tubs) ... OK! 
Checking overlaps for volume rf_d_452UsWall:0 (G4Tubs) ... OK! 
Checking overlaps for volume rf_d_452DsWall:0 (G4Tubs) ... OK! 
Checking overlaps for volume rf_d_452UsWin1:0 (G4Tubs) ... OK! 
Checking overlaps for volume rf_d_452DsWin1:0 (G4Tubs) ... OK! 
Checking overlaps for volume rf_d_452UsWin2:0 (G4Tubs) ... OK! 
Checking overlaps for volume rf_d_452DsWin2:0 (G4Tubs) ... OK! 
Checking overlaps for volume rf_d_452DsHalf:0 (G4Tubs) ... OK! 
Checking overlaps for volume rf_d_452TimingVol:0 (G4Tubs) ... OK! 
Checking overlaps for volume rf_d_452:0 (G4Tubs) ... OK! 
BLCMDpillbox::construct rf_d_452 parent= relZ=38725.0 globZ=38725.0
	zmin=38675.0 zmax=38775.1
Checking overlaps for volume rf_e_453Pipe:0 (G4Tubs) ... OK! 
Checking overlaps for volume rf_e_453UsWall:0 (G4Tubs) ... OK! 
Checking overlaps for volume rf_e_453DsWall:0 (G4Tubs) ... OK! 
Checking overlaps for volume rf_e_453UsWin1:0 (G4Tubs) ... OK! 
Checking overlaps for volume rf_e_453DsWin1:0 (G4Tubs) ... OK! 
Checking overlaps for volume rf_e_453UsWin2:0 (G4Tubs) ... OK! 
Checking overlaps for volume rf_e_453DsWin2:0 (G4Tubs) ... OK! 
Checking overlaps for volume rf_e_453DsHalf:0 (G4Tubs) ... OK! 
Checking overlaps for volume rf_e_453TimingVol:0 (G4Tubs) ... OK! 
Checking overlaps for volume rf_e_453:0 (G4Tubs) ... OK! 
BLCMDpillbox::construct rf_e_453 parent= relZ=38825.1 globZ=38825.1
	zmin=38775.1 zmax=38875.1
Checking overlaps for volume rf_b_460Pipe:0 (G4Tubs) ... OK! 
Checking overlaps for volume rf_b_460UsWall:0 (G4Tubs) ... OK! 
Checking overlaps for volume rf_b_460DsWall:0 (G4Tubs) ... OK! 
Checking overlaps for volume rf_b_460UsWin1:0 (G4Tubs) ... OK! 
Checking overlaps for volume rf_b_460DsWin1:0 (G4Tubs) ... OK! 
Checking overlaps for volume rf_b_460UsWin2:0 (G4Tubs) ... OK! 
Checking overlaps for volume rf_b_460DsWin2:0 (G4Tubs) ... OK! 
Checking overlaps for volume rf_b_460DsHalf:0 (G4Tubs) ... OK! 
Checking overlaps for volume rf_b_460TimingVol:0 (G4Tubs) ... OK! 
Checking overlaps for volume rf_b_460:0 (G4Tubs) ... OK! 
BLCMDpillbox::construct rf_b_460 parent= relZ=39374.9 globZ=39374.9
	zmin=39324.9 zmax=39424.9
Checking overlaps for volume rf_c_461Pipe:0 (G4Tubs) ... OK! 
Checking overlaps for volume rf_c_461UsWall:0 (G4Tubs) ... OK! 
Checking overlaps for volume rf_c_461DsWall:0 (G4Tubs) ... OK! 
Checking overlaps for volume rf_c_461UsWin1:0 (G4Tubs) ... OK! 
Checking overlaps for volume rf_c_461DsWin1:0 (G4Tubs) ... OK! 
Checking overlaps for volume rf_c_461UsWin2:0 (G4Tubs) ... OK! 
Checking overlaps for volume rf_c_461DsWin2:0 (G4Tubs) ... OK! 
Checking overlaps for volume rf_c_461DsHalf:0 (G4Tubs) ... OK! 
Checking overlaps for volume rf_c_461TimingVol:0 (G4Tubs) ... OK! 
Checking overlaps for volume rf_c_461:0 (G4Tubs) ... OK! 
BLCMDpillbox::construct rf_c_461 parent= relZ=39475.0 globZ=39475.0
	zmin=39424.9 zmax=39525.0
Checking overlaps for volume rf_d_462Pipe:0 (G4Tubs) ... OK! 
Checking overlaps for volume rf_d_462UsWall:0 (G4Tubs) ... OK! 
Checking overlaps for volume rf_d_462DsWall:0 (G4Tubs) ... OK! 
Checking overlaps for volume rf_d_462UsWin1:0 (G4Tubs) ... OK! 
Checking overlaps for volume rf_d_462DsWin1:0 (G4Tubs) ... OK! 
Checking overlaps for volume rf_d_462UsWin2:0 (G4Tubs) ... OK! 
Checking overlaps for volume rf_d_462DsWin2:0 (G4Tubs) ... OK! 
Checking overlaps for volume rf_d_462DsHalf:0 (G4Tubs) ... OK! 
Checking overlaps for volume rf_d_462TimingVol:0 (G4Tubs) ... OK! 
Checking overlaps for volume rf_d_462:0 (G4Tubs) ... OK! 
BLCMDpillbox::construct rf_d_462 parent= relZ=39575.0 globZ=39575.0
	zmin=39525.0 zmax=39625.1
Checking overlaps for volume rf_e_463Pipe:0 (G4Tubs) ... OK! 
Checking overlaps for volume rf_e_463UsWall:0 (G4Tubs) ... OK! 
Checking overlaps for volume rf_e_463DsWall:0 (G4Tubs) ... OK! 
Checking overlaps for volume rf_e_463UsWin1:0 (G4Tubs) ... OK! 
Checking overlaps for volume rf_e_463DsWin1:0 (G4Tubs) ... OK! 
Checking overlaps for volume rf_e_463UsWin2:0 (G4Tubs) ... OK! 
Checking overlaps for volume rf_e_463DsWin2:0 (G4Tubs) ... OK! 
Checking overlaps for volume rf_e_463DsHalf:0 (G4Tubs) ... OK! 
Checking overlaps for volume rf_e_463TimingVol:0 (G4Tubs) ... OK! 
Checking overlaps for volume rf_e_463:0 (G4Tubs) ... OK! 
BLCMDpillbox::construct rf_e_463 parent= relZ=39675.1 globZ=39675.1
	zmin=39625.1 zmax=39725.1
Checking overlaps for volume rf_b_470Pipe:0 (G4Tubs) ... OK! 
Checking overlaps for volume rf_b_470UsWall:0 (G4Tubs) ... OK! 
Checking overlaps for volume rf_b_470DsWall:0 (G4Tubs) ... OK! 
Checking overlaps for volume rf_b_470UsWin1:0 (G4Tubs) ... OK! 
Checking overlaps for volume rf_b_470DsWin1:0 (G4Tubs) ... OK! 
Checking overlaps for volume rf_b_470UsWin2:0 (G4Tubs) ... OK! 
Checking overlaps for volume rf_b_470DsWin2:0 (G4Tubs) ... OK! 
Checking overlaps for volume rf_b_470DsHalf:0 (G4Tubs) ... OK! 
Checking overlaps for volume rf_b_470TimingVol:0 (G4Tubs) ... OK! 
Checking overlaps for volume rf_b_470:0 (G4Tubs) ... OK! 
BLCMDpillbox::construct rf_b_470 parent= relZ=40224.9 globZ=40224.9
	zmin=40174.9 zmax=40274.9
Checking overlaps for volume rf_c_471Pipe:0 (G4Tubs) ... OK! 
Checking overlaps for volume rf_c_471UsWall:0 (G4Tubs) ... OK! 
Checking overlaps for volume rf_c_471DsWall:0 (G4Tubs) ... OK! 
Checking overlaps for volume rf_c_471UsWin1:0 (G4Tubs) ... OK! 
Checking overlaps for volume rf_c_471DsWin1:0 (G4Tubs) ... OK! 
Checking overlaps for volume rf_c_471UsWin2:0 (G4Tubs) ... OK! 
Checking overlaps for volume rf_c_471DsWin2:0 (G4Tubs) ... OK! 
Checking overlaps for volume rf_c_471DsHalf:0 (G4Tubs) ... OK! 
Checking overlaps for volume rf_c_471TimingVol:0 (G4Tubs) ... OK! 
Checking overlaps for volume rf_c_471:0 (G4Tubs) ... OK! 
BLCMDpillbox::construct rf_c_471 parent= relZ=40325.0 globZ=40325.0
	zmin=40274.9 zmax=40375.0
Checking overlaps for volume rf_d_472Pipe:0 (G4Tubs) ... OK! 
Checking overlaps for volume rf_d_472UsWall:0 (G4Tubs) ... OK! 
Checking overlaps for volume rf_d_472DsWall:0 (G4Tubs) ... OK! 
Checking overlaps for volume rf_d_472UsWin1:0 (G4Tubs) ... OK! 
Checking overlaps for volume rf_d_472DsWin1:0 (G4Tubs) ... OK! 
Checking overlaps for volume rf_d_472UsWin2:0 (G4Tubs) ... OK! 
Checking overlaps for volume rf_d_472DsWin2:0 (G4Tubs) ... OK! 
Checking overlaps for volume rf_d_472DsHalf:0 (G4Tubs) ... OK! 
Checking overlaps for volume rf_d_472TimingVol:0 (G4Tubs) ... OK! 
Checking overlaps for volume rf_d_472:0 (G4Tubs) ... OK! 
BLCMDpillbox::construct rf_d_472 parent= relZ=40425.0 globZ=40425.0
	zmin=40375.0 zmax=40475.1
Checking overlaps for volume rf_e_473Pipe:0 (G4Tubs) ... OK! 
Checking overlaps for volume rf_e_473UsWall:0 (G4Tubs) ... OK! 
Checking overlaps for volume rf_e_473DsWall:0 (G4Tubs) ... OK! 
Checking overlaps for volume rf_e_473UsWin1:0 (G4Tubs) ... OK! 
Checking overlaps for volume rf_e_473DsWin1:0 (G4Tubs) ... OK! 
Checking overlaps for volume rf_e_473UsWin2:0 (G4Tubs) ... OK! 
Checking overlaps for volume rf_e_473DsWin2:0 (G4Tubs) ... OK! 
Checking overlaps for volume rf_e_473DsHalf:0 (G4Tubs) ... OK! 
Checking overlaps for volume rf_e_473TimingVol:0 (G4Tubs) ... OK! 
Checking overlaps for volume rf_e_473:0 (G4Tubs) ... OK! 
BLCMDpillbox::construct rf_e_473 parent= relZ=40525.1 globZ=40525.1
	zmin=40475.1 zmax=40575.1
Checking overlaps for volume rf_b_480Pipe:0 (G4Tubs) ... OK! 
Checking overlaps for volume rf_b_480UsWall:0 (G4Tubs) ... OK! 
Checking overlaps for volume rf_b_480DsWall:0 (G4Tubs) ... OK! 
Checking overlaps for volume rf_b_480UsWin1:0 (G4Tubs) ... OK! 
Checking overlaps for volume rf_b_480DsWin1:0 (G4Tubs) ... OK! 
Checking overlaps for volume rf_b_480UsWin2:0 (G4Tubs) ... OK! 
Checking overlaps for volume rf_b_480DsWin2:0 (G4Tubs) ... OK! 
Checking overlaps for volume rf_b_480DsHalf:0 (G4Tubs) ... OK! 
Checking overlaps for volume rf_b_480TimingVol:0 (G4Tubs) ... OK! 
Checking overlaps for volume rf_b_480:0 (G4Tubs) ... OK! 
BLCMDpillbox::construct rf_b_480 parent= relZ=41074.9 globZ=41074.9
	zmin=41024.9 zmax=41124.9
Checking overlaps for volume rf_c_481Pipe:0 (G4Tubs) ... OK! 
Checking overlaps for volume rf_c_481UsWall:0 (G4Tubs) ... OK! 
Checking overlaps for volume rf_c_481DsWall:0 (G4Tubs) ... OK! 
Checking overlaps for volume rf_c_481UsWin1:0 (G4Tubs) ... OK! 
Checking overlaps for volume rf_c_481DsWin1:0 (G4Tubs) ... OK! 
Checking overlaps for volume rf_c_481UsWin2:0 (G4Tubs) ... OK! 
Checking overlaps for volume rf_c_481DsWin2:0 (G4Tubs) ... OK! 
Checking overlaps for volume rf_c_481DsHalf:0 (G4Tubs) ... OK! 
Checking overlaps for volume rf_c_481TimingVol:0 (G4Tubs) ... OK! 
Checking overlaps for volume rf_c_481:0 (G4Tubs) ... OK! 
BLCMDpillbox::construct rf_c_481 parent= relZ=41175.0 globZ=41175.0
	zmin=41124.9 zmax=41225.0
Checking overlaps for volume rf_d_482Pipe:0 (G4Tubs) ... OK! 
Checking overlaps for volume rf_d_482UsWall:0 (G4Tubs) ... OK! 
Checking overlaps for volume rf_d_482DsWall:0 (G4Tubs) ... OK! 
Checking overlaps for volume rf_d_482UsWin1:0 (G4Tubs) ... OK! 
Checking overlaps for volume rf_d_482DsWin1:0 (G4Tubs) ... OK! 
Checking overlaps for volume rf_d_482UsWin2:0 (G4Tubs) ... OK! 
Checking overlaps for volume rf_d_482DsWin2:0 (G4Tubs) ... OK! 
Checking overlaps for volume rf_d_482DsHalf:0 (G4Tubs) ... OK! 
Checking overlaps for volume rf_d_482TimingVol:0 (G4Tubs) ... OK! 
Checking overlaps for volume rf_d_482:0 (G4Tubs) ... OK! 
BLCMDpillbox::construct rf_d_482 parent= relZ=41275.0 globZ=41275.0
	zmin=41225.0 zmax=41325.1
Checking overlaps for volume rf_e_483Pipe:0 (G4Tubs) ... OK! 
Checking overlaps for volume rf_e_483UsWall:0 (G4Tubs) ... OK! 
Checking overlaps for volume rf_e_483DsWall:0 (G4Tubs) ... OK! 
Checking overlaps for volume rf_e_483UsWin1:0 (G4Tubs) ... OK! 
Checking overlaps for volume rf_e_483DsWin1:0 (G4Tubs) ... OK! 
Checking overlaps for volume rf_e_483UsWin2:0 (G4Tubs) ... OK! 
Checking overlaps for volume rf_e_483DsWin2:0 (G4Tubs) ... OK! 
Checking overlaps for volume rf_e_483DsHalf:0 (G4Tubs) ... OK! 
Checking overlaps for volume rf_e_483TimingVol:0 (G4Tubs) ... OK! 
Checking overlaps for volume rf_e_483:0 (G4Tubs) ... OK! 
BLCMDpillbox::construct rf_e_483 parent= relZ=41375.1 globZ=41375.1
	zmin=41325.1 zmax=41425.1
Checking overlaps for volume rf_b_490Pipe:0 (G4Tubs) ... OK! 
Checking overlaps for volume rf_b_490UsWall:0 (G4Tubs) ... OK! 
Checking overlaps for volume rf_b_490DsWall:0 (G4Tubs) ... OK! 
Checking overlaps for volume rf_b_490UsWin1:0 (G4Tubs) ... OK! 
Checking overlaps for volume rf_b_490DsWin1:0 (G4Tubs) ... OK! 
Checking overlaps for volume rf_b_490UsWin2:0 (G4Tubs) ... OK! 
Checking overlaps for volume rf_b_490DsWin2:0 (G4Tubs) ... OK! 
Checking overlaps for volume rf_b_490DsHalf:0 (G4Tubs) ... OK! 
Checking overlaps for volume rf_b_490TimingVol:0 (G4Tubs) ... OK! 
Checking overlaps for volume rf_b_490:0 (G4Tubs) ... OK! 
BLCMDpillbox::construct rf_b_490 parent= relZ=41924.9 globZ=41924.9
	zmin=41874.9 zmax=41974.9
Checking overlaps for volume rf_c_491Pipe:0 (G4Tubs) ... OK! 
Checking overlaps for volume rf_c_491UsWall:0 (G4Tubs) ... OK! 
Checking overlaps for volume rf_c_491DsWall:0 (G4Tubs) ... OK! 
Checking overlaps for volume rf_c_491UsWin1:0 (G4Tubs) ... OK! 
Checking overlaps for volume rf_c_491DsWin1:0 (G4Tubs) ... OK! 
Checking overlaps for volume rf_c_491UsWin2:0 (G4Tubs) ... OK! 
Checking overlaps for volume rf_c_491DsWin2:0 (G4Tubs) ... OK! 
Checking overlaps for volume rf_c_491DsHalf:0 (G4Tubs) ... OK! 
Checking overlaps for volume rf_c_491TimingVol:0 (G4Tubs) ... OK! 
Checking overlaps for volume rf_c_491:0 (G4Tubs) ... OK! 
BLCMDpillbox::construct rf_c_491 parent= relZ=42025.0 globZ=42025.0
	zmin=41974.9 zmax=42075.0
Checking overlaps for volume rf_d_492Pipe:0 (G4Tubs) ... OK! 
Checking overlaps for volume rf_d_492UsWall:0 (G4Tubs) ... OK! 
Checking overlaps for volume rf_d_492DsWall:0 (G4Tubs) ... OK! 
Checking overlaps for volume rf_d_492UsWin1:0 (G4Tubs) ... OK! 
Checking overlaps for volume rf_d_492DsWin1:0 (G4Tubs) ... OK! 
Checking overlaps for volume rf_d_492UsWin2:0 (G4Tubs) ... OK! 
Checking overlaps for volume rf_d_492DsWin2:0 (G4Tubs) ... OK! 
Checking overlaps for volume rf_d_492DsHalf:0 (G4Tubs) ... OK! 
Checking overlaps for volume rf_d_492TimingVol:0 (G4Tubs) ... OK! 
Checking overlaps for volume rf_d_492:0 (G4Tubs) ... OK! 
BLCMDpillbox::construct rf_d_492 parent= relZ=42125.0 globZ=42125.0
	zmin=42075.0 zmax=42175.1
Checking overlaps for volume rf_e_493Pipe:0 (G4Tubs) ... OK! 
Checking overlaps for volume rf_e_493UsWall:0 (G4Tubs) ... OK! 
Checking overlaps for volume rf_e_493DsWall:0 (G4Tubs) ... OK! 
Checking overlaps for volume rf_e_493UsWin1:0 (G4Tubs) ... OK! 
Checking overlaps for volume rf_e_493DsWin1:0 (G4Tubs) ... OK! 
Checking overlaps for volume rf_e_493UsWin2:0 (G4Tubs) ... OK! 
Checking overlaps for volume rf_e_493DsWin2:0 (G4Tubs) ... OK! 
Checking overlaps for volume rf_e_493DsHalf:0 (G4Tubs) ... OK! 
Checking overlaps for volume rf_e_493TimingVol:0 (G4Tubs) ... OK! 
Checking overlaps for volume rf_e_493:0 (G4Tubs) ... OK! 
BLCMDpillbox::construct rf_e_493 parent= relZ=42225.1 globZ=42225.1
	zmin=42175.1 zmax=42275.1
Checking overlaps for volume rf_b_500Pipe:0 (G4Tubs) ... OK! 
Checking overlaps for volume rf_b_500UsWall:0 (G4Tubs) ... OK! 
Checking overlaps for volume rf_b_500DsWall:0 (G4Tubs) ... OK! 
Checking overlaps for volume rf_b_500UsWin1:0 (G4Tubs) ... OK! 
Checking overlaps for volume rf_b_500DsWin1:0 (G4Tubs) ... OK! 
Checking overlaps for volume rf_b_500UsWin2:0 (G4Tubs) ... OK! 
Checking overlaps for volume rf_b_500DsWin2:0 (G4Tubs) ... OK! 
Checking overlaps for volume rf_b_500DsHalf:0 (G4Tubs) ... OK! 
Checking overlaps for volume rf_b_500TimingVol:0 (G4Tubs) ... OK! 
Checking overlaps for volume rf_b_500:0 (G4Tubs) ... OK! 
BLCMDpillbox::construct rf_b_500 parent= relZ=42774.9 globZ=42774.9
	zmin=42724.9 zmax=42824.9
Checking overlaps for volume rf_c_501Pipe:0 (G4Tubs) ... OK! 
Checking overlaps for volume rf_c_501UsWall:0 (G4Tubs) ... OK! 
Checking overlaps for volume rf_c_501DsWall:0 (G4Tubs) ... OK! 
Checking overlaps for volume rf_c_501UsWin1:0 (G4Tubs) ... OK! 
Checking overlaps for volume rf_c_501DsWin1:0 (G4Tubs) ... OK! 
Checking overlaps for volume rf_c_501UsWin2:0 (G4Tubs) ... OK! 
Checking overlaps for volume rf_c_501DsWin2:0 (G4Tubs) ... OK! 
Checking overlaps for volume rf_c_501DsHalf:0 (G4Tubs) ... OK! 
Checking overlaps for volume rf_c_501TimingVol:0 (G4Tubs) ... OK! 
Checking overlaps for volume rf_c_501:0 (G4Tubs) ... OK! 
BLCMDpillbox::construct rf_c_501 parent= relZ=42875.0 globZ=42875.0
	zmin=42824.9 zmax=42925.0
Checking overlaps for volume rf_d_502Pipe:0 (G4Tubs) ... OK! 
Checking overlaps for volume rf_d_502UsWall:0 (G4Tubs) ... OK! 
Checking overlaps for volume rf_d_502DsWall:0 (G4Tubs) ... OK! 
Checking overlaps for volume rf_d_502UsWin1:0 (G4Tubs) ... OK! 
Checking overlaps for volume rf_d_502DsWin1:0 (G4Tubs) ... OK! 
Checking overlaps for volume rf_d_502UsWin2:0 (G4Tubs) ... OK! 
Checking overlaps for volume rf_d_502DsWin2:0 (G4Tubs) ... OK! 
Checking overlaps for volume rf_d_502DsHalf:0 (G4Tubs) ... OK! 
Checking overlaps for volume rf_d_502TimingVol:0 (G4Tubs) ... OK! 
Checking overlaps for volume rf_d_502:0 (G4Tubs) ... OK! 
BLCMDpillbox::construct rf_d_502 parent= relZ=42975.0 globZ=42975.0
	zmin=42925.0 zmax=43025.1
Checking overlaps for volume rf_e_503Pipe:0 (G4Tubs) ... OK! 
Checking overlaps for volume rf_e_503UsWall:0 (G4Tubs) ... OK! 
Checking overlaps for volume rf_e_503DsWall:0 (G4Tubs) ... OK! 
Checking overlaps for volume rf_e_503UsWin1:0 (G4Tubs) ... OK! 
Checking overlaps for volume rf_e_503DsWin1:0 (G4Tubs) ... OK! 
Checking overlaps for volume rf_e_503UsWin2:0 (G4Tubs) ... OK! 
Checking overlaps for volume rf_e_503DsWin2:0 (G4Tubs) ... OK! 
Checking overlaps for volume rf_e_503DsHalf:0 (G4Tubs) ... OK! 
Checking overlaps for volume rf_e_503TimingVol:0 (G4Tubs) ... OK! 
Checking overlaps for volume rf_e_503:0 (G4Tubs) ... OK! 
BLCMDpillbox::construct rf_e_503 parent= relZ=43075.1 globZ=43075.1
	zmin=43025.1 zmax=43125.1
Checking overlaps for volume rf_b_510Pipe:0 (G4Tubs) ... OK! 
Checking overlaps for volume rf_b_510UsWall:0 (G4Tubs) ... OK! 
Checking overlaps for volume rf_b_510DsWall:0 (G4Tubs) ... OK! 
Checking overlaps for volume rf_b_510UsWin1:0 (G4Tubs) ... OK! 
Checking overlaps for volume rf_b_510DsWin1:0 (G4Tubs) ... OK! 
Checking overlaps for volume rf_b_510UsWin2:0 (G4Tubs) ... OK! 
Checking overlaps for volume rf_b_510DsWin2:0 (G4Tubs) ... OK! 
Checking overlaps for volume rf_b_510DsHalf:0 (G4Tubs) ... OK! 
Checking overlaps for volume rf_b_510TimingVol:0 (G4Tubs) ... OK! 
Checking overlaps for volume rf_b_510:0 (G4Tubs) ... OK! 
BLCMDpillbox::construct rf_b_510 parent= relZ=43624.9 globZ=43624.9
	zmin=43574.9 zmax=43674.9
Checking overlaps for volume rf_c_511Pipe:0 (G4Tubs) ... OK! 
Checking overlaps for volume rf_c_511UsWall:0 (G4Tubs) ... OK! 
Checking overlaps for volume rf_c_511DsWall:0 (G4Tubs) ... OK! 
Checking overlaps for volume rf_c_511UsWin1:0 (G4Tubs) ... OK! 
Checking overlaps for volume rf_c_511DsWin1:0 (G4Tubs) ... OK! 
Checking overlaps for volume rf_c_511UsWin2:0 (G4Tubs) ... OK! 
Checking overlaps for volume rf_c_511DsWin2:0 (G4Tubs) ... OK! 
Checking overlaps for volume rf_c_511DsHalf:0 (G4Tubs) ... OK! 
Checking overlaps for volume rf_c_511TimingVol:0 (G4Tubs) ... OK! 
Checking overlaps for volume rf_c_511:0 (G4Tubs) ... OK! 
BLCMDpillbox::construct rf_c_511 parent= relZ=43725.0 globZ=43725.0
	zmin=43674.9 zmax=43775.0
Checking overlaps for volume rf_d_512Pipe:0 (G4Tubs) ... OK! 
Checking overlaps for volume rf_d_512UsWall:0 (G4Tubs) ... OK! 
Checking overlaps for volume rf_d_512DsWall:0 (G4Tubs) ... OK! 
Checking overlaps for volume rf_d_512UsWin1:0 (G4Tubs) ... OK! 
Checking overlaps for volume rf_d_512DsWin1:0 (G4Tubs) ... OK! 
Checking overlaps for volume rf_d_512UsWin2:0 (G4Tubs) ... OK! 
Checking overlaps for volume rf_d_512DsWin2:0 (G4Tubs) ... OK! 
Checking overlaps for volume rf_d_512DsHalf:0 (G4Tubs) ... OK! 
Checking overlaps for volume rf_d_512TimingVol:0 (G4Tubs) ... OK! 
Checking overlaps for volume rf_d_512:0 (G4Tubs) ... OK! 
BLCMDpillbox::construct rf_d_512 parent= relZ=43825.0 globZ=43825.0
	zmin=43775.0 zmax=43875.1
Checking overlaps for volume rf_e_513Pipe:0 (G4Tubs) ... OK! 
Checking overlaps for volume rf_e_513UsWall:0 (G4Tubs) ... OK! 
Checking overlaps for volume rf_e_513DsWall:0 (G4Tubs) ... OK! 
Checking overlaps for volume rf_e_513UsWin1:0 (G4Tubs) ... OK! 
Checking overlaps for volume rf_e_513DsWin1:0 (G4Tubs) ... OK! 
Checking overlaps for volume rf_e_513UsWin2:0 (G4Tubs) ... OK! 
Checking overlaps for volume rf_e_513DsWin2:0 (G4Tubs) ... OK! 
Checking overlaps for volume rf_e_513DsHalf:0 (G4Tubs) ... OK! 
Checking overlaps for volume rf_e_513TimingVol:0 (G4Tubs) ... OK! 
Checking overlaps for volume rf_e_513:0 (G4Tubs) ... OK! 
BLCMDpillbox::construct rf_e_513 parent= relZ=43925.1 globZ=43925.1
	zmin=43875.1 zmax=43975.1
Checking overlaps for volume rf_b_520Pipe:0 (G4Tubs) ... OK! 
Checking overlaps for volume rf_b_520UsWall:0 (G4Tubs) ... OK! 
Checking overlaps for volume rf_b_520DsWall:0 (G4Tubs) ... OK! 
Checking overlaps for volume rf_b_520UsWin1:0 (G4Tubs) ... OK! 
Checking overlaps for volume rf_b_520DsWin1:0 (G4Tubs) ... OK! 
Checking overlaps for volume rf_b_520UsWin2:0 (G4Tubs) ... OK! 
Checking overlaps for volume rf_b_520DsWin2:0 (G4Tubs) ... OK! 
Checking overlaps for volume rf_b_520DsHalf:0 (G4Tubs) ... OK! 
Checking overlaps for volume rf_b_520TimingVol:0 (G4Tubs) ... OK! 
Checking overlaps for volume rf_b_520:0 (G4Tubs) ... OK! 
BLCMDpillbox::construct rf_b_520 parent= relZ=44474.9 globZ=44474.9
	zmin=44424.9 zmax=44524.9
Checking overlaps for volume rf_c_521Pipe:0 (G4Tubs) ... OK! 
Checking overlaps for volume rf_c_521UsWall:0 (G4Tubs) ... OK! 
Checking overlaps for volume rf_c_521DsWall:0 (G4Tubs) ... OK! 
Checking overlaps for volume rf_c_521UsWin1:0 (G4Tubs) ... OK! 
Checking overlaps for volume rf_c_521DsWin1:0 (G4Tubs) ... OK! 
Checking overlaps for volume rf_c_521UsWin2:0 (G4Tubs) ... OK! 
Checking overlaps for volume rf_c_521DsWin2:0 (G4Tubs) ... OK! 
Checking overlaps for volume rf_c_521DsHalf:0 (G4Tubs) ... OK! 
Checking overlaps for volume rf_c_521TimingVol:0 (G4Tubs) ... OK! 
Checking overlaps for volume rf_c_521:0 (G4Tubs) ... OK! 
BLCMDpillbox::construct rf_c_521 parent= relZ=44575.0 globZ=44575.0
	zmin=44524.9 zmax=44625.0
Checking overlaps for volume rf_d_522Pipe:0 (G4Tubs) ... OK! 
Checking overlaps for volume rf_d_522UsWall:0 (G4Tubs) ... OK! 
Checking overlaps for volume rf_d_522DsWall:0 (G4Tubs) ... OK! 
Checking overlaps for volume rf_d_522UsWin1:0 (G4Tubs) ... OK! 
Checking overlaps for volume rf_d_522DsWin1:0 (G4Tubs) ... OK! 
Checking overlaps for volume rf_d_522UsWin2:0 (G4Tubs) ... OK! 
Checking overlaps for volume rf_d_522DsWin2:0 (G4Tubs) ... OK! 
Checking overlaps for volume rf_d_522DsHalf:0 (G4Tubs) ... OK! 
Checking overlaps for volume rf_d_522TimingVol:0 (G4Tubs) ... OK! 
Checking overlaps for volume rf_d_522:0 (G4Tubs) ... OK! 
BLCMDpillbox::construct rf_d_522 parent= relZ=44675.0 globZ=44675.0
	zmin=44625.0 zmax=44725.1
Checking overlaps for volume rf_e_523Pipe:0 (G4Tubs) ... OK! 
Checking overlaps for volume rf_e_523UsWall:0 (G4Tubs) ... OK! 
Checking overlaps for volume rf_e_523DsWall:0 (G4Tubs) ... OK! 
Checking overlaps for volume rf_e_523UsWin1:0 (G4Tubs) ... OK! 
Checking overlaps for volume rf_e_523DsWin1:0 (G4Tubs) ... OK! 
Checking overlaps for volume rf_e_523UsWin2:0 (G4Tubs) ... OK! 
Checking overlaps for volume rf_e_523DsWin2:0 (G4Tubs) ... OK! 
Checking overlaps for volume rf_e_523DsHalf:0 (G4Tubs) ... OK! 
Checking overlaps for volume rf_e_523TimingVol:0 (G4Tubs) ... OK! 
Checking overlaps for volume rf_e_523:0 (G4Tubs) ... OK! 
BLCMDpillbox::construct rf_e_523 parent= relZ=44775.1 globZ=44775.1
	zmin=44725.1 zmax=44825.1
Checking overlaps for volume rf_b_530Pipe:0 (G4Tubs) ... OK! 
Checking overlaps for volume rf_b_530UsWall:0 (G4Tubs) ... OK! 
Checking overlaps for volume rf_b_530DsWall:0 (G4Tubs) ... OK! 
Checking overlaps for volume rf_b_530UsWin1:0 (G4Tubs) ... OK! 
Checking overlaps for volume rf_b_530DsWin1:0 (G4Tubs) ... OK! 
Checking overlaps for volume rf_b_530UsWin2:0 (G4Tubs) ... OK! 
Checking overlaps for volume rf_b_530DsWin2:0 (G4Tubs) ... OK! 
Checking overlaps for volume rf_b_530DsHalf:0 (G4Tubs) ... OK! 
Checking overlaps for volume rf_b_530TimingVol:0 (G4Tubs) ... OK! 
Checking overlaps for volume rf_b_530:0 (G4Tubs) ... OK! 
BLCMDpillbox::construct rf_b_530 parent= relZ=45324.9 globZ=45324.9
	zmin=45274.9 zmax=45374.9
Checking overlaps for volume rf_c_531Pipe:0 (G4Tubs) ... OK! 
Checking overlaps for volume rf_c_531UsWall:0 (G4Tubs) ... OK! 
Checking overlaps for volume rf_c_531DsWall:0 (G4Tubs) ... OK! 
Checking overlaps for volume rf_c_531UsWin1:0 (G4Tubs) ... OK! 
Checking overlaps for volume rf_c_531DsWin1:0 (G4Tubs) ... OK! 
Checking overlaps for volume rf_c_531UsWin2:0 (G4Tubs) ... OK! 
Checking overlaps for volume rf_c_531DsWin2:0 (G4Tubs) ... OK! 
Checking overlaps for volume rf_c_531DsHalf:0 (G4Tubs) ... OK! 
Checking overlaps for volume rf_c_531TimingVol:0 (G4Tubs) ... OK! 
Checking overlaps for volume rf_c_531:0 (G4Tubs) ... OK! 
BLCMDpillbox::construct rf_c_531 parent= relZ=45425.0 globZ=45425.0
	zmin=45374.9 zmax=45475.0
Checking overlaps for volume rf_d_532Pipe:0 (G4Tubs) ... OK! 
Checking overlaps for volume rf_d_532UsWall:0 (G4Tubs) ... OK! 
Checking overlaps for volume rf_d_532DsWall:0 (G4Tubs) ... OK! 
Checking overlaps for volume rf_d_532UsWin1:0 (G4Tubs) ... OK! 
Checking overlaps for volume rf_d_532DsWin1:0 (G4Tubs) ... OK! 
Checking overlaps for volume rf_d_532UsWin2:0 (G4Tubs) ... OK! 
Checking overlaps for volume rf_d_532DsWin2:0 (G4Tubs) ... OK! 
Checking overlaps for volume rf_d_532DsHalf:0 (G4Tubs) ... OK! 
Checking overlaps for volume rf_d_532TimingVol:0 (G4Tubs) ... OK! 
Checking overlaps for volume rf_d_532:0 (G4Tubs) ... OK! 
BLCMDpillbox::construct rf_d_532 parent= relZ=45525.0 globZ=45525.0
	zmin=45475.0 zmax=45575.1
Checking overlaps for volume rf_e_533Pipe:0 (G4Tubs) ... OK! 
Checking overlaps for volume rf_e_533UsWall:0 (G4Tubs) ... OK! 
Checking overlaps for volume rf_e_533DsWall:0 (G4Tubs) ... OK! 
Checking overlaps for volume rf_e_533UsWin1:0 (G4Tubs) ... OK! 
Checking overlaps for volume rf_e_533DsWin1:0 (G4Tubs) ... OK! 
Checking overlaps for volume rf_e_533UsWin2:0 (G4Tubs) ... OK! 
Checking overlaps for volume rf_e_533DsWin2:0 (G4Tubs) ... OK! 
Checking overlaps for volume rf_e_533DsHalf:0 (G4Tubs) ... OK! 
Checking overlaps for volume rf_e_533TimingVol:0 (G4Tubs) ... OK! 
Checking overlaps for volume rf_e_533:0 (G4Tubs) ... OK! 
BLCMDpillbox::construct rf_e_533 parent= relZ=45625.1 globZ=45625.1
	zmin=45575.1 zmax=45675.1
Checking overlaps for volume rf_b_540Pipe:0 (G4Tubs) ... OK! 
Checking overlaps for volume rf_b_540UsWall:0 (G4Tubs) ... OK! 
Checking overlaps for volume rf_b_540DsWall:0 (G4Tubs) ... OK! 
Checking overlaps for volume rf_b_540UsWin1:0 (G4Tubs) ... OK! 
Checking overlaps for volume rf_b_540DsWin1:0 (G4Tubs) ... OK! 
Checking overlaps for volume rf_b_540UsWin2:0 (G4Tubs) ... OK! 
Checking overlaps for volume rf_b_540DsWin2:0 (G4Tubs) ... OK! 
Checking overlaps for volume rf_b_540DsHalf:0 (G4Tubs) ... OK! 
Checking overlaps for volume rf_b_540TimingVol:0 (G4Tubs) ... OK! 
Checking overlaps for volume rf_b_540:0 (G4Tubs) ... OK! 
BLCMDpillbox::construct rf_b_540 parent= relZ=46174.9 globZ=46174.9
	zmin=46124.9 zmax=46224.9
Checking overlaps for volume rf_c_541Pipe:0 (G4Tubs) ... OK! 
Checking overlaps for volume rf_c_541UsWall:0 (G4Tubs) ... OK! 
Checking overlaps for volume rf_c_541DsWall:0 (G4Tubs) ... OK! 
Checking overlaps for volume rf_c_541UsWin1:0 (G4Tubs) ... OK! 
Checking overlaps for volume rf_c_541DsWin1:0 (G4Tubs) ... OK! 
Checking overlaps for volume rf_c_541UsWin2:0 (G4Tubs) ... OK! 
Checking overlaps for volume rf_c_541DsWin2:0 (G4Tubs) ... OK! 
Checking overlaps for volume rf_c_541DsHalf:0 (G4Tubs) ... OK! 
Checking overlaps for volume rf_c_541TimingVol:0 (G4Tubs) ... OK! 
Checking overlaps for volume rf_c_541:0 (G4Tubs) ... OK! 
BLCMDpillbox::construct rf_c_541 parent= relZ=46275.0 globZ=46275.0
	zmin=46224.9 zmax=46325.0
Checking overlaps for volume rf_d_542Pipe:0 (G4Tubs) ... OK! 
Checking overlaps for volume rf_d_542UsWall:0 (G4Tubs) ... OK! 
Checking overlaps for volume rf_d_542DsWall:0 (G4Tubs) ... OK! 
Checking overlaps for volume rf_d_542UsWin1:0 (G4Tubs) ... OK! 
Checking overlaps for volume rf_d_542DsWin1:0 (G4Tubs) ... OK! 
Checking overlaps for volume rf_d_542UsWin2:0 (G4Tubs) ... OK! 
Checking overlaps for volume rf_d_542DsWin2:0 (G4Tubs) ... OK! 
Checking overlaps for volume rf_d_542DsHalf:0 (G4Tubs) ... OK! 
Checking overlaps for volume rf_d_542TimingVol:0 (G4Tubs) ... OK! 
Checking overlaps for volume rf_d_542:0 (G4Tubs) ... OK! 
BLCMDpillbox::construct rf_d_542 parent= relZ=46375.0 globZ=46375.0
	zmin=46325.0 zmax=46425.1
Checking overlaps for volume rf_e_543Pipe:0 (G4Tubs) ... OK! 
Checking overlaps for volume rf_e_543UsWall:0 (G4Tubs) ... OK! 
Checking overlaps for volume rf_e_543DsWall:0 (G4Tubs) ... OK! 
Checking overlaps for volume rf_e_543UsWin1:0 (G4Tubs) ... OK! 
Checking overlaps for volume rf_e_543DsWin1:0 (G4Tubs) ... OK! 
Checking overlaps for volume rf_e_543UsWin2:0 (G4Tubs) ... OK! 
Checking overlaps for volume rf_e_543DsWin2:0 (G4Tubs) ... OK! 
Checking overlaps for volume rf_e_543DsHalf:0 (G4Tubs) ... OK! 
Checking overlaps for volume rf_e_543TimingVol:0 (G4Tubs) ... OK! 
Checking overlaps for volume rf_e_543:0 (G4Tubs) ... OK! 
BLCMDpillbox::construct rf_e_543 parent= relZ=46475.1 globZ=46475.1
	zmin=46425.1 zmax=46525.1
Checking overlaps for volume rf_b_550Pipe:0 (G4Tubs) ... OK! 
Checking overlaps for volume rf_b_550UsWall:0 (G4Tubs) ... OK! 
Checking overlaps for volume rf_b_550DsWall:0 (G4Tubs) ... OK! 
Checking overlaps for volume rf_b_550UsWin1:0 (G4Tubs) ... OK! 
Checking overlaps for volume rf_b_550DsWin1:0 (G4Tubs) ... OK! 
Checking overlaps for volume rf_b_550UsWin2:0 (G4Tubs) ... OK! 
Checking overlaps for volume rf_b_550DsWin2:0 (G4Tubs) ... OK! 
Checking overlaps for volume rf_b_550DsHalf:0 (G4Tubs) ... OK! 
Checking overlaps for volume rf_b_550TimingVol:0 (G4Tubs) ... OK! 
Checking overlaps for volume rf_b_550:0 (G4Tubs) ... OK! 
BLCMDpillbox::construct rf_b_550 parent= relZ=47024.9 globZ=47024.9
	zmin=46974.9 zmax=47074.9
Checking overlaps for volume rf_c_551Pipe:0 (G4Tubs) ... OK! 
Checking overlaps for volume rf_c_551UsWall:0 (G4Tubs) ... OK! 
Checking overlaps for volume rf_c_551DsWall:0 (G4Tubs) ... OK! 
Checking overlaps for volume rf_c_551UsWin1:0 (G4Tubs) ... OK! 
Checking overlaps for volume rf_c_551DsWin1:0 (G4Tubs) ... OK! 
Checking overlaps for volume rf_c_551UsWin2:0 (G4Tubs) ... OK! 
Checking overlaps for volume rf_c_551DsWin2:0 (G4Tubs) ... OK! 
Checking overlaps for volume rf_c_551DsHalf:0 (G4Tubs) ... OK! 
Checking overlaps for volume rf_c_551TimingVol:0 (G4Tubs) ... OK! 
Checking overlaps for volume rf_c_551:0 (G4Tubs) ... OK! 
BLCMDpillbox::construct rf_c_551 parent= relZ=47125.0 globZ=47125.0
	zmin=47074.9 zmax=47175.0
Checking overlaps for volume rf_d_552Pipe:0 (G4Tubs) ... OK! 
Checking overlaps for volume rf_d_552UsWall:0 (G4Tubs) ... OK! 
Checking overlaps for volume rf_d_552DsWall:0 (G4Tubs) ... OK! 
Checking overlaps for volume rf_d_552UsWin1:0 (G4Tubs) ... OK! 
Checking overlaps for volume rf_d_552DsWin1:0 (G4Tubs) ... OK! 
Checking overlaps for volume rf_d_552UsWin2:0 (G4Tubs) ... OK! 
Checking overlaps for volume rf_d_552DsWin2:0 (G4Tubs) ... OK! 
Checking overlaps for volume rf_d_552DsHalf:0 (G4Tubs) ... OK! 
Checking overlaps for volume rf_d_552TimingVol:0 (G4Tubs) ... OK! 
Checking overlaps for volume rf_d_552:0 (G4Tubs) ... OK! 
BLCMDpillbox::construct rf_d_552 parent= relZ=47225.0 globZ=47225.0
	zmin=47175.0 zmax=47275.1
Checking overlaps for volume rf_e_553Pipe:0 (G4Tubs) ... OK! 
Checking overlaps for volume rf_e_553UsWall:0 (G4Tubs) ... OK! 
Checking overlaps for volume rf_e_553DsWall:0 (G4Tubs) ... OK! 
Checking overlaps for volume rf_e_553UsWin1:0 (G4Tubs) ... OK! 
Checking overlaps for volume rf_e_553DsWin1:0 (G4Tubs) ... OK! 
Checking overlaps for volume rf_e_553UsWin2:0 (G4Tubs) ... OK! 
Checking overlaps for volume rf_e_553DsWin2:0 (G4Tubs) ... OK! 
Checking overlaps for volume rf_e_553DsHalf:0 (G4Tubs) ... OK! 
Checking overlaps for volume rf_e_553TimingVol:0 (G4Tubs) ... OK! 
Checking overlaps for volume rf_e_553:0 (G4Tubs) ... OK! 
BLCMDpillbox::construct rf_e_553 parent= relZ=47325.1 globZ=47325.1
	zmin=47275.1 zmax=47375.1
Checking overlaps for volume rf_b_560Pipe:0 (G4Tubs) ... OK! 
Checking overlaps for volume rf_b_560UsWall:0 (G4Tubs) ... OK! 
Checking overlaps for volume rf_b_560DsWall:0 (G4Tubs) ... OK! 
Checking overlaps for volume rf_b_560UsWin1:0 (G4Tubs) ... OK! 
Checking overlaps for volume rf_b_560DsWin1:0 (G4Tubs) ... OK! 
Checking overlaps for volume rf_b_560UsWin2:0 (G4Tubs) ... OK! 
Checking overlaps for volume rf_b_560DsWin2:0 (G4Tubs) ... OK! 
Checking overlaps for volume rf_b_560DsHalf:0 (G4Tubs) ... OK! 
Checking overlaps for volume rf_b_560TimingVol:0 (G4Tubs) ... OK! 
Checking overlaps for volume rf_b_560:0 (G4Tubs) ... OK! 
BLCMDpillbox::construct rf_b_560 parent= relZ=47874.9 globZ=47874.9
	zmin=47824.9 zmax=47924.9
Checking overlaps for volume rf_c_561Pipe:0 (G4Tubs) ... OK! 
Checking overlaps for volume rf_c_561UsWall:0 (G4Tubs) ... OK! 
Checking overlaps for volume rf_c_561DsWall:0 (G4Tubs) ... OK! 
Checking overlaps for volume rf_c_561UsWin1:0 (G4Tubs) ... OK! 
Checking overlaps for volume rf_c_561DsWin1:0 (G4Tubs) ... OK! 
Checking overlaps for volume rf_c_561UsWin2:0 (G4Tubs) ... OK! 
Checking overlaps for volume rf_c_561DsWin2:0 (G4Tubs) ... OK! 
Checking overlaps for volume rf_c_561DsHalf:0 (G4Tubs) ... OK! 
Checking overlaps for volume rf_c_561TimingVol:0 (G4Tubs) ... OK! 
Checking overlaps for volume rf_c_561:0 (G4Tubs) ... OK! 
BLCMDpillbox::construct rf_c_561 parent= relZ=47975.0 globZ=47975.0
	zmin=47924.9 zmax=48025.0
Checking overlaps for volume rf_d_562Pipe:0 (G4Tubs) ... OK! 
Checking overlaps for volume rf_d_562UsWall:0 (G4Tubs) ... OK! 
Checking overlaps for volume rf_d_562DsWall:0 (G4Tubs) ... OK! 
Checking overlaps for volume rf_d_562UsWin1:0 (G4Tubs) ... OK! 
Checking overlaps for volume rf_d_562DsWin1:0 (G4Tubs) ... OK! 
Checking overlaps for volume rf_d_562UsWin2:0 (G4Tubs) ... OK! 
Checking overlaps for volume rf_d_562DsWin2:0 (G4Tubs) ... OK! 
Checking overlaps for volume rf_d_562DsHalf:0 (G4Tubs) ... OK! 
Checking overlaps for volume rf_d_562TimingVol:0 (G4Tubs) ... OK! 
Checking overlaps for volume rf_d_562:0 (G4Tubs) ... OK! 
BLCMDpillbox::construct rf_d_562 parent= relZ=48075.0 globZ=48075.0
	zmin=48025.0 zmax=48125.1
Checking overlaps for volume rf_e_563Pipe:0 (G4Tubs) ... OK! 
Checking overlaps for volume rf_e_563UsWall:0 (G4Tubs) ... OK! 
Checking overlaps for volume rf_e_563DsWall:0 (G4Tubs) ... OK! 
Checking overlaps for volume rf_e_563UsWin1:0 (G4Tubs) ... OK! 
Checking overlaps for volume rf_e_563DsWin1:0 (G4Tubs) ... OK! 
Checking overlaps for volume rf_e_563UsWin2:0 (G4Tubs) ... OK! 
Checking overlaps for volume rf_e_563DsWin2:0 (G4Tubs) ... OK! 
Checking overlaps for volume rf_e_563DsHalf:0 (G4Tubs) ... OK! 
Checking overlaps for volume rf_e_563TimingVol:0 (G4Tubs) ... OK! 
Checking overlaps for volume rf_e_563:0 (G4Tubs) ... OK! 
BLCMDpillbox::construct rf_e_563 parent= relZ=48175.1 globZ=48175.1
	zmin=48125.1 zmax=48225.1
Checking overlaps for volume rf_b_570Pipe:0 (G4Tubs) ... OK! 
Checking overlaps for volume rf_b_570UsWall:0 (G4Tubs) ... OK! 
Checking overlaps for volume rf_b_570DsWall:0 (G4Tubs) ... OK! 
Checking overlaps for volume rf_b_570UsWin1:0 (G4Tubs) ... OK! 
Checking overlaps for volume rf_b_570DsWin1:0 (G4Tubs) ... OK! 
Checking overlaps for volume rf_b_570UsWin2:0 (G4Tubs) ... OK! 
Checking overlaps for volume rf_b_570DsWin2:0 (G4Tubs) ... OK! 
Checking overlaps for volume rf_b_570DsHalf:0 (G4Tubs) ... OK! 
Checking overlaps for volume rf_b_570TimingVol:0 (G4Tubs) ... OK! 
Checking overlaps for volume rf_b_570:0 (G4Tubs) ... OK! 
BLCMDpillbox::construct rf_b_570 parent= relZ=48724.9 globZ=48724.9
	zmin=48674.9 zmax=48774.9
Checking overlaps for volume rf_c_571Pipe:0 (G4Tubs) ... OK! 
Checking overlaps for volume rf_c_571UsWall:0 (G4Tubs) ... OK! 
Checking overlaps for volume rf_c_571DsWall:0 (G4Tubs) ... OK! 
Checking overlaps for volume rf_c_571UsWin1:0 (G4Tubs) ... OK! 
Checking overlaps for volume rf_c_571DsWin1:0 (G4Tubs) ... OK! 
Checking overlaps for volume rf_c_571UsWin2:0 (G4Tubs) ... OK! 
Checking overlaps for volume rf_c_571DsWin2:0 (G4Tubs) ... OK! 
Checking overlaps for volume rf_c_571DsHalf:0 (G4Tubs) ... OK! 
Checking overlaps for volume rf_c_571TimingVol:0 (G4Tubs) ... OK! 
Checking overlaps for volume rf_c_571:0 (G4Tubs) ... OK! 
BLCMDpillbox::construct rf_c_571 parent= relZ=48825.0 globZ=48825.0
	zmin=48774.9 zmax=48875.0
Checking overlaps for volume rf_d_572Pipe:0 (G4Tubs) ... OK! 
Checking overlaps for volume rf_d_572UsWall:0 (G4Tubs) ... OK! 
Checking overlaps for volume rf_d_572DsWall:0 (G4Tubs) ... OK! 
Checking overlaps for volume rf_d_572UsWin1:0 (G4Tubs) ... OK! 
Checking overlaps for volume rf_d_572DsWin1:0 (G4Tubs) ... OK! 
Checking overlaps for volume rf_d_572UsWin2:0 (G4Tubs) ... OK! 
Checking overlaps for volume rf_d_572DsWin2:0 (G4Tubs) ... OK! 
Checking overlaps for volume rf_d_572DsHalf:0 (G4Tubs) ... OK! 
Checking overlaps for volume rf_d_572TimingVol:0 (G4Tubs) ... OK! 
Checking overlaps for volume rf_d_572:0 (G4Tubs) ... OK! 
BLCMDpillbox::construct rf_d_572 parent= relZ=48925.0 globZ=48925.0
	zmin=48875.0 zmax=48975.1
Checking overlaps for volume rf_e_573Pipe:0 (G4Tubs) ... OK! 
Checking overlaps for volume rf_e_573UsWall:0 (G4Tubs) ... OK! 
Checking overlaps for volume rf_e_573DsWall:0 (G4Tubs) ... OK! 
Checking overlaps for volume rf_e_573UsWin1:0 (G4Tubs) ... OK! 
Checking overlaps for volume rf_e_573DsWin1:0 (G4Tubs) ... OK! 
Checking overlaps for volume rf_e_573UsWin2:0 (G4Tubs) ... OK! 
Checking overlaps for volume rf_e_573DsWin2:0 (G4Tubs) ... OK! 
Checking overlaps for volume rf_e_573DsHalf:0 (G4Tubs) ... OK! 
Checking overlaps for volume rf_e_573TimingVol:0 (G4Tubs) ... OK! 
Checking overlaps for volume rf_e_573:0 (G4Tubs) ... OK! 
BLCMDpillbox::construct rf_e_573 parent= relZ=49025.1 globZ=49025.1
	zmin=48975.1 zmax=49075.1
Checking overlaps for volume rf_b_580Pipe:0 (G4Tubs) ... OK! 
Checking overlaps for volume rf_b_580UsWall:0 (G4Tubs) ... OK! 
Checking overlaps for volume rf_b_580DsWall:0 (G4Tubs) ... OK! 
Checking overlaps for volume rf_b_580UsWin1:0 (G4Tubs) ... OK! 
Checking overlaps for volume rf_b_580DsWin1:0 (G4Tubs) ... OK! 
Checking overlaps for volume rf_b_580UsWin2:0 (G4Tubs) ... OK! 
Checking overlaps for volume rf_b_580DsWin2:0 (G4Tubs) ... OK! 
Checking overlaps for volume rf_b_580DsHalf:0 (G4Tubs) ... OK! 
Checking overlaps for volume rf_b_580TimingVol:0 (G4Tubs) ... OK! 
Checking overlaps for volume rf_b_580:0 (G4Tubs) ... OK! 
BLCMDpillbox::construct rf_b_580 parent= relZ=49574.9 globZ=49574.9
	zmin=49524.9 zmax=49624.9
Checking overlaps for volume rf_c_581Pipe:0 (G4Tubs) ... OK! 
Checking overlaps for volume rf_c_581UsWall:0 (G4Tubs) ... OK! 
Checking overlaps for volume rf_c_581DsWall:0 (G4Tubs) ... OK! 
Checking overlaps for volume rf_c_581UsWin1:0 (G4Tubs) ... OK! 
Checking overlaps for volume rf_c_581DsWin1:0 (G4Tubs) ... OK! 
Checking overlaps for volume rf_c_581UsWin2:0 (G4Tubs) ... OK! 
Checking overlaps for volume rf_c_581DsWin2:0 (G4Tubs) ... OK! 
Checking overlaps for volume rf_c_581DsHalf:0 (G4Tubs) ... OK! 
Checking overlaps for volume rf_c_581TimingVol:0 (G4Tubs) ... OK! 
Checking overlaps for volume rf_c_581:0 (G4Tubs) ... OK! 
BLCMDpillbox::construct rf_c_581 parent= relZ=49675.0 globZ=49675.0
	zmin=49624.9 zmax=49725.0
Checking overlaps for volume rf_d_582Pipe:0 (G4Tubs) ... OK! 
Checking overlaps for volume rf_d_582UsWall:0 (G4Tubs) ... OK! 
Checking overlaps for volume rf_d_582DsWall:0 (G4Tubs) ... OK! 
Checking overlaps for volume rf_d_582UsWin1:0 (G4Tubs) ... OK! 
Checking overlaps for volume rf_d_582DsWin1:0 (G4Tubs) ... OK! 
Checking overlaps for volume rf_d_582UsWin2:0 (G4Tubs) ... OK! 
Checking overlaps for volume rf_d_582DsWin2:0 (G4Tubs) ... OK! 
Checking overlaps for volume rf_d_582DsHalf:0 (G4Tubs) ... OK! 
Checking overlaps for volume rf_d_582TimingVol:0 (G4Tubs) ... OK! 
Checking overlaps for volume rf_d_582:0 (G4Tubs) ... OK! 
BLCMDpillbox::construct rf_d_582 parent= relZ=49775.0 globZ=49775.0
	zmin=49725.0 zmax=49825.1
Checking overlaps for volume rf_e_583Pipe:0 (G4Tubs) ... OK! 
Checking overlaps for volume rf_e_583UsWall:0 (G4Tubs) ... OK! 
Checking overlaps for volume rf_e_583DsWall:0 (G4Tubs) ... OK! 
Checking overlaps for volume rf_e_583UsWin1:0 (G4Tubs) ... OK! 
Checking overlaps for volume rf_e_583DsWin1:0 (G4Tubs) ... OK! 
Checking overlaps for volume rf_e_583UsWin2:0 (G4Tubs) ... OK! 
Checking overlaps for volume rf_e_583DsWin2:0 (G4Tubs) ... OK! 
Checking overlaps for volume rf_e_583DsHalf:0 (G4Tubs) ... OK! 
Checking overlaps for volume rf_e_583TimingVol:0 (G4Tubs) ... OK! 
Checking overlaps for volume rf_e_583:0 (G4Tubs) ... OK! 
BLCMDpillbox::construct rf_e_583 parent= relZ=49875.1 globZ=49875.1
	zmin=49825.1 zmax=49925.1
Checking overlaps for volume rf_b_590Pipe:0 (G4Tubs) ... OK! 
Checking overlaps for volume rf_b_590UsWall:0 (G4Tubs) ... OK! 
Checking overlaps for volume rf_b_590DsWall:0 (G4Tubs) ... OK! 
Checking overlaps for volume rf_b_590UsWin1:0 (G4Tubs) ... OK! 
Checking overlaps for volume rf_b_590DsWin1:0 (G4Tubs) ... OK! 
Checking overlaps for volume rf_b_590UsWin2:0 (G4Tubs) ... OK! 
Checking overlaps for volume rf_b_590DsWin2:0 (G4Tubs) ... OK! 
Checking overlaps for volume rf_b_590DsHalf:0 (G4Tubs) ... OK! 
Checking overlaps for volume rf_b_590TimingVol:0 (G4Tubs) ... OK! 
Checking overlaps for volume rf_b_590:0 (G4Tubs) ... OK! 
BLCMDpillbox::construct rf_b_590 parent= relZ=50424.9 globZ=50424.9
	zmin=50374.9 zmax=50474.9
Checking overlaps for volume rf_c_591Pipe:0 (G4Tubs) ... OK! 
Checking overlaps for volume rf_c_591UsWall:0 (G4Tubs) ... OK! 
Checking overlaps for volume rf_c_591DsWall:0 (G4Tubs) ... OK! 
Checking overlaps for volume rf_c_591UsWin1:0 (G4Tubs) ... OK! 
Checking overlaps for volume rf_c_591DsWin1:0 (G4Tubs) ... OK! 
Checking overlaps for volume rf_c_591UsWin2:0 (G4Tubs) ... OK! 
Checking overlaps for volume rf_c_591DsWin2:0 (G4Tubs) ... OK! 
Checking overlaps for volume rf_c_591DsHalf:0 (G4Tubs) ... OK! 
Checking overlaps for volume rf_c_591TimingVol:0 (G4Tubs) ... OK! 
Checking overlaps for volume rf_c_591:0 (G4Tubs) ... OK! 
BLCMDpillbox::construct rf_c_591 parent= relZ=50525.0 globZ=50525.0
	zmin=50474.9 zmax=50575.0
Checking overlaps for volume rf_d_592Pipe:0 (G4Tubs) ... OK! 
Checking overlaps for volume rf_d_592UsWall:0 (G4Tubs) ... OK! 
Checking overlaps for volume rf_d_592DsWall:0 (G4Tubs) ... OK! 
Checking overlaps for volume rf_d_592UsWin1:0 (G4Tubs) ... OK! 
Checking overlaps for volume rf_d_592DsWin1:0 (G4Tubs) ... OK! 
Checking overlaps for volume rf_d_592UsWin2:0 (G4Tubs) ... OK! 
Checking overlaps for volume rf_d_592DsWin2:0 (G4Tubs) ... OK! 
Checking overlaps for volume rf_d_592DsHalf:0 (G4Tubs) ... OK! 
Checking overlaps for volume rf_d_592TimingVol:0 (G4Tubs) ... OK! 
Checking overlaps for volume rf_d_592:0 (G4Tubs) ... OK! 
BLCMDpillbox::construct rf_d_592 parent= relZ=50625.0 globZ=50625.0
	zmin=50575.0 zmax=50675.1
Checking overlaps for volume rf_e_593Pipe:0 (G4Tubs) ... OK! 
Checking overlaps for volume rf_e_593UsWall:0 (G4Tubs) ... OK! 
Checking overlaps for volume rf_e_593DsWall:0 (G4Tubs) ... OK! 
Checking overlaps for volume rf_e_593UsWin1:0 (G4Tubs) ... OK! 
Checking overlaps for volume rf_e_593DsWin1:0 (G4Tubs) ... OK! 
Checking overlaps for volume rf_e_593UsWin2:0 (G4Tubs) ... OK! 
Checking overlaps for volume rf_e_593DsWin2:0 (G4Tubs) ... OK! 
Checking overlaps for volume rf_e_593DsHalf:0 (G4Tubs) ... OK! 
Checking overlaps for volume rf_e_593TimingVol:0 (G4Tubs) ... OK! 
Checking overlaps for volume rf_e_593:0 (G4Tubs) ... OK! 
BLCMDpillbox::construct rf_e_593 parent= relZ=50725.1 globZ=50725.1
	zmin=50675.1 zmax=50775.1
Checking overlaps for volume rf_b_600Pipe:0 (G4Tubs) ... OK! 
Checking overlaps for volume rf_b_600UsWall:0 (G4Tubs) ... OK! 
Checking overlaps for volume rf_b_600DsWall:0 (G4Tubs) ... OK! 
Checking overlaps for volume rf_b_600UsWin1:0 (G4Tubs) ... OK! 
Checking overlaps for volume rf_b_600DsWin1:0 (G4Tubs) ... OK! 
Checking overlaps for volume rf_b_600UsWin2:0 (G4Tubs) ... OK! 
Checking overlaps for volume rf_b_600DsWin2:0 (G4Tubs) ... OK! 
Checking overlaps for volume rf_b_600DsHalf:0 (G4Tubs) ... OK! 
Checking overlaps for volume rf_b_600TimingVol:0 (G4Tubs) ... OK! 
Checking overlaps for volume rf_b_600:0 (G4Tubs) ... OK! 
BLCMDpillbox::construct rf_b_600 parent= relZ=51274.9 globZ=51274.9
	zmin=51224.9 zmax=51324.9
Checking overlaps for volume rf_c_601Pipe:0 (G4Tubs) ... OK! 
Checking overlaps for volume rf_c_601UsWall:0 (G4Tubs) ... OK! 
Checking overlaps for volume rf_c_601DsWall:0 (G4Tubs) ... OK! 
Checking overlaps for volume rf_c_601UsWin1:0 (G4Tubs) ... OK! 
Checking overlaps for volume rf_c_601DsWin1:0 (G4Tubs) ... OK! 
Checking overlaps for volume rf_c_601UsWin2:0 (G4Tubs) ... OK! 
Checking overlaps for volume rf_c_601DsWin2:0 (G4Tubs) ... OK! 
Checking overlaps for volume rf_c_601DsHalf:0 (G4Tubs) ... OK! 
Checking overlaps for volume rf_c_601TimingVol:0 (G4Tubs) ... OK! 
Checking overlaps for volume rf_c_601:0 (G4Tubs) ... OK! 
BLCMDpillbox::construct rf_c_601 parent= relZ=51375.0 globZ=51375.0
	zmin=51324.9 zmax=51425.0
Checking overlaps for volume rf_d_602Pipe:0 (G4Tubs) ... OK! 
Checking overlaps for volume rf_d_602UsWall:0 (G4Tubs) ... OK! 
Checking overlaps for volume rf_d_602DsWall:0 (G4Tubs) ... OK! 
Checking overlaps for volume rf_d_602UsWin1:0 (G4Tubs) ... OK! 
Checking overlaps for volume rf_d_602DsWin1:0 (G4Tubs) ... OK! 
Checking overlaps for volume rf_d_602UsWin2:0 (G4Tubs) ... OK! 
Checking overlaps for volume rf_d_602DsWin2:0 (G4Tubs) ... OK! 
Checking overlaps for volume rf_d_602DsHalf:0 (G4Tubs) ... OK! 
Checking overlaps for volume rf_d_602TimingVol:0 (G4Tubs) ... OK! 
Checking overlaps for volume rf_d_602:0 (G4Tubs) ... OK! 
BLCMDpillbox::construct rf_d_602 parent= relZ=51475.0 globZ=51475.0
	zmin=51425.0 zmax=51525.1
Checking overlaps for volume rf_e_603Pipe:0 (G4Tubs) ... OK! 
Checking overlaps for volume rf_e_603UsWall:0 (G4Tubs) ... OK! 
Checking overlaps for volume rf_e_603DsWall:0 (G4Tubs) ... OK! 
Checking overlaps for volume rf_e_603UsWin1:0 (G4Tubs) ... OK! 
Checking overlaps for volume rf_e_603DsWin1:0 (G4Tubs) ... OK! 
Checking overlaps for volume rf_e_603UsWin2:0 (G4Tubs) ... OK! 
Checking overlaps for volume rf_e_603DsWin2:0 (G4Tubs) ... OK! 
Checking overlaps for volume rf_e_603DsHalf:0 (G4Tubs) ... OK! 
Checking overlaps for volume rf_e_603TimingVol:0 (G4Tubs) ... OK! 
Checking overlaps for volume rf_e_603:0 (G4Tubs) ... OK! 
BLCMDpillbox::construct rf_e_603 parent= relZ=51575.1 globZ=51575.1
	zmin=51525.1 zmax=51625.1
Checking overlaps for volume wedge_0:0 (G4Trap) ... OK! 
BLCMDtrap::Construct wedge_0 parent= relZ=0.0 globZ=0.0
	zmin=-36.1 zmax=36.1 kill=0
Checking overlaps for volume wedge_1:0 (G4Trap) ... OK! 
BLCMDtrap::Construct wedge_1 parent= relZ=850.0 globZ=850.0
	zmin=813.9 zmax=886.1 kill=0
Checking overlaps for volume wedge_2:0 (G4Trap) ... OK! 
BLCMDtrap::Construct wedge_2 parent= relZ=1700.0 globZ=1700.0
	zmin=1663.9 zmax=1736.1 kill=0
Checking overlaps for volume wedge_3:0 (G4Trap) ... OK! 
BLCMDtrap::Construct wedge_3 parent= relZ=2550.0 globZ=2550.0
	zmin=2513.9 zmax=2586.1 kill=0
Checking overlaps for volume wedge_4:0 (G4Trap) ... OK! 
BLCMDtrap::Construct wedge_4 parent= relZ=3400.0 globZ=3400.0
	zmin=3363.9 zmax=3436.1 kill=0
Checking overlaps for volume wedge_5:0 (G4Trap) ... OK! 
BLCMDtrap::Construct wedge_5 parent= relZ=4250.0 globZ=4250.0
	zmin=4213.9 zmax=4286.1 kill=0
Checking overlaps for volume wedge_6:0 (G4Trap) ... OK! 
BLCMDtrap::Construct wedge_6 parent= relZ=5100.0 globZ=5100.0
	zmin=5063.9 zmax=5136.1 kill=0
Checking overlaps for volume wedge_7:0 (G4Trap) ... OK! 
BLCMDtrap::Construct wedge_7 parent= relZ=5950.0 globZ=5950.0
	zmin=5913.9 zmax=5986.1 kill=0
Checking overlaps for volume wedge_8:0 (G4Trap) ... OK! 
BLCMDtrap::Construct wedge_8 parent= relZ=6800.0 globZ=6800.0
	zmin=6763.9 zmax=6836.1 kill=0
Checking overlaps for volume wedge_9:0 (G4Trap) ... OK! 
BLCMDtrap::Construct wedge_9 parent= relZ=7650.0 globZ=7650.0
	zmin=7613.9 zmax=7686.1 kill=0
Checking overlaps for volume wedge_10:0 (G4Trap) ... OK! 
BLCMDtrap::Construct wedge_10 parent= relZ=8500.0 globZ=8500.0
	zmin=8463.9 zmax=8536.1 kill=0
Checking overlaps for volume wedge_11:0 (G4Trap) ... OK! 
BLCMDtrap::Construct wedge_11 parent= relZ=9350.0 globZ=9350.0
	zmin=9313.9 zmax=9386.1 kill=0
Checking overlaps for volume wedge_12:0 (G4Trap) ... OK! 
BLCMDtrap::Construct wedge_12 parent= relZ=10200.0 globZ=10200.0
	zmin=10163.9 zmax=10236.1 kill=0
Checking overlaps for volume wedge_13:0 (G4Trap) ... OK! 
BLCMDtrap::Construct wedge_13 parent= relZ=11050.0 globZ=11050.0
	zmin=11013.9 zmax=11086.1 kill=0
Checking overlaps for volume wedge_14:0 (G4Trap) ... OK! 
BLCMDtrap::Construct wedge_14 parent= relZ=11900.0 globZ=11900.0
	zmin=11863.9 zmax=11936.1 kill=0
Checking overlaps for volume wedge_15:0 (G4Trap) ... OK! 
BLCMDtrap::Construct wedge_15 parent= relZ=12750.0 globZ=12750.0
	zmin=12713.9 zmax=12786.1 kill=0
Checking overlaps for volume wedge_16:0 (G4Trap) ... OK! 
BLCMDtrap::Construct wedge_16 parent= relZ=13600.0 globZ=13600.0
	zmin=13563.9 zmax=13636.1 kill=0
Checking overlaps for volume wedge_17:0 (G4Trap) ... OK! 
BLCMDtrap::Construct wedge_17 parent= relZ=14450.0 globZ=14450.0
	zmin=14413.9 zmax=14486.1 kill=0
Checking overlaps for volume wedge_18:0 (G4Trap) ... OK! 
BLCMDtrap::Construct wedge_18 parent= relZ=15300.0 globZ=15300.0
	zmin=15263.9 zmax=15336.1 kill=0
Checking overlaps for volume wedge_19:0 (G4Trap) ... OK! 
BLCMDtrap::Construct wedge_19 parent= relZ=16150.0 globZ=16150.0
	zmin=16113.9 zmax=16186.1 kill=0
Checking overlaps for volume wedge_20:0 (G4Trap) ... OK! 
BLCMDtrap::Construct wedge_20 parent= relZ=17000.0 globZ=17000.0
	zmin=16963.9 zmax=17036.1 kill=0
Checking overlaps for volume wedge_21:0 (G4Trap) ... OK! 
BLCMDtrap::Construct wedge_21 parent= relZ=17850.0 globZ=17850.0
	zmin=17813.9 zmax=17886.1 kill=0
Checking overlaps for volume wedge_22:0 (G4Trap) ... OK! 
BLCMDtrap::Construct wedge_22 parent= relZ=18700.0 globZ=18700.0
	zmin=18663.9 zmax=18736.1 kill=0
Checking overlaps for volume wedge_23:0 (G4Trap) ... OK! 
BLCMDtrap::Construct wedge_23 parent= relZ=19550.0 globZ=19550.0
	zmin=19513.9 zmax=19586.1 kill=0
Checking overlaps for volume wedge_24:0 (G4Trap) ... OK! 
BLCMDtrap::Construct wedge_24 parent= relZ=20400.0 globZ=20400.0
	zmin=20363.9 zmax=20436.1 kill=0
Checking overlaps for volume wedge_25:0 (G4Trap) ... OK! 
BLCMDtrap::Construct wedge_25 parent= relZ=21250.0 globZ=21250.0
	zmin=21213.9 zmax=21286.1 kill=0
Checking overlaps for volume wedge_26:0 (G4Trap) ... OK! 
BLCMDtrap::Construct wedge_26 parent= relZ=22100.0 globZ=22100.0
	zmin=22063.9 zmax=22136.1 kill=0
Checking overlaps for volume wedge_27:0 (G4Trap) ... OK! 
BLCMDtrap::Construct wedge_27 parent= relZ=22950.0 globZ=22950.0
	zmin=22913.9 zmax=22986.1 kill=0
Checking overlaps for volume wedge_28:0 (G4Trap) ... OK! 
BLCMDtrap::Construct wedge_28 parent= relZ=23800.0 globZ=23800.0
	zmin=23763.9 zmax=23836.1 kill=0
Checking overlaps for volume wedge_29:0 (G4Trap) ... OK! 
BLCMDtrap::Construct wedge_29 parent= relZ=24650.0 globZ=24650.0
	zmin=24613.9 zmax=24686.1 kill=0
Checking overlaps for volume wedge_30:0 (G4Trap) ... OK! 
BLCMDtrap::Construct wedge_30 parent= relZ=25500.0 globZ=25500.0
	zmin=25463.9 zmax=25536.1 kill=0
Checking overlaps for volume wedge_31:0 (G4Trap) ... OK! 
BLCMDtrap::Construct wedge_31 parent= relZ=26350.0 globZ=26350.0
	zmin=26313.9 zmax=26386.1 kill=0
Checking overlaps for volume wedge_32:0 (G4Trap) ... OK! 
BLCMDtrap::Construct wedge_32 parent= relZ=27200.0 globZ=27200.0
	zmin=27163.9 zmax=27236.1 kill=0
Checking overlaps for volume wedge_33:0 (G4Trap) ... OK! 
BLCMDtrap::Construct wedge_33 parent= relZ=28050.0 globZ=28050.0
	zmin=28013.9 zmax=28086.1 kill=0
Checking overlaps for volume wedge_34:0 (G4Trap) ... OK! 
BLCMDtrap::Construct wedge_34 parent= relZ=28900.0 globZ=28900.0
	zmin=28863.9 zmax=28936.1 kill=0
Checking overlaps for volume wedge_35:0 (G4Trap) ... OK! 
BLCMDtrap::Construct wedge_35 parent= relZ=29750.0 globZ=29750.0
	zmin=29713.9 zmax=29786.1 kill=0
Checking overlaps for volume wedge_36:0 (G4Trap) ... OK! 
BLCMDtrap::Construct wedge_36 parent= relZ=30600.0 globZ=30600.0
	zmin=30563.9 zmax=30636.1 kill=0
Checking overlaps for volume wedge_37:0 (G4Trap) ... OK! 
BLCMDtrap::Construct wedge_37 parent= relZ=31450.0 globZ=31450.0
	zmin=31413.9 zmax=31486.1 kill=0
Checking overlaps for volume wedge_38:0 (G4Trap) ... OK! 
BLCMDtrap::Construct wedge_38 parent= relZ=32300.0 globZ=32300.0
	zmin=32263.9 zmax=32336.1 kill=0
Checking overlaps for volume wedge_39:0 (G4Trap) ... OK! 
BLCMDtrap::Construct wedge_39 parent= relZ=33150.0 globZ=33150.0
	zmin=33113.9 zmax=33186.1 kill=0
Checking overlaps for volume wedge_40:0 (G4Trap) ... OK! 
BLCMDtrap::Construct wedge_40 parent= relZ=34000.0 globZ=34000.0
	zmin=33963.9 zmax=34036.1 kill=0
Checking overlaps for volume wedge_41:0 (G4Trap) ... OK! 
BLCMDtrap::Construct wedge_41 parent= relZ=34850.0 globZ=34850.0
	zmin=34813.9 zmax=34886.1 kill=0
Checking overlaps for volume wedge_42:0 (G4Trap) ... OK! 
BLCMDtrap::Construct wedge_42 parent= relZ=35700.0 globZ=35700.0
	zmin=35663.9 zmax=35736.1 kill=0
Checking overlaps for volume wedge_43:0 (G4Trap) ... OK! 
BLCMDtrap::Construct wedge_43 parent= relZ=36550.0 globZ=36550.0
	zmin=36513.9 zmax=36586.1 kill=0
Checking overlaps for volume wedge_44:0 (G4Trap) ... OK! 
BLCMDtrap::Construct wedge_44 parent= relZ=37400.0 globZ=37400.0
	zmin=37363.9 zmax=37436.1 kill=0
Checking overlaps for volume wedge_45:0 (G4Trap) ... OK! 
BLCMDtrap::Construct wedge_45 parent= relZ=38250.0 globZ=38250.0
	zmin=38213.9 zmax=38286.1 kill=0
Checking overlaps for volume wedge_46:0 (G4Trap) ... OK! 
BLCMDtrap::Construct wedge_46 parent= relZ=39100.0 globZ=39100.0
	zmin=39063.9 zmax=39136.1 kill=0
Checking overlaps for volume wedge_47:0 (G4Trap) ... OK! 
BLCMDtrap::Construct wedge_47 parent= relZ=39950.0 globZ=39950.0
	zmin=39913.9 zmax=39986.1 kill=0
Checking overlaps for volume wedge_48:0 (G4Trap) ... OK! 
BLCMDtrap::Construct wedge_48 parent= relZ=40800.0 globZ=40800.0
	zmin=40763.9 zmax=40836.1 kill=0
Checking overlaps for volume wedge_49:0 (G4Trap) ... OK! 
BLCMDtrap::Construct wedge_49 parent= relZ=41650.0 globZ=41650.0
	zmin=41613.9 zmax=41686.1 kill=0
Checking overlaps for volume wedge_50:0 (G4Trap) ... OK! 
BLCMDtrap::Construct wedge_50 parent= relZ=42500.0 globZ=42500.0
	zmin=42463.9 zmax=42536.1 kill=0
Checking overlaps for volume wedge_51:0 (G4Trap) ... OK! 
BLCMDtrap::Construct wedge_51 parent= relZ=43350.0 globZ=43350.0
	zmin=43313.9 zmax=43386.1 kill=0
Checking overlaps for volume wedge_52:0 (G4Trap) ... OK! 
BLCMDtrap::Construct wedge_52 parent= relZ=44200.0 globZ=44200.0
	zmin=44163.9 zmax=44236.1 kill=0
Checking overlaps for volume wedge_53:0 (G4Trap) ... OK! 
BLCMDtrap::Construct wedge_53 parent= relZ=45050.0 globZ=45050.0
	zmin=45013.9 zmax=45086.1 kill=0
Checking overlaps for volume wedge_54:0 (G4Trap) ... OK! 
BLCMDtrap::Construct wedge_54 parent= relZ=45900.0 globZ=45900.0
	zmin=45863.9 zmax=45936.1 kill=0
Checking overlaps for volume wedge_55:0 (G4Trap) ... OK! 
BLCMDtrap::Construct wedge_55 parent= relZ=46750.0 globZ=46750.0
	zmin=46713.9 zmax=46786.1 kill=0
Checking overlaps for volume wedge_56:0 (G4Trap) ... OK! 
BLCMDtrap::Construct wedge_56 parent= relZ=47600.0 globZ=47600.0
	zmin=47563.9 zmax=47636.1 kill=0
Checking overlaps for volume wedge_57:0 (G4Trap) ... OK! 
BLCMDtrap::Construct wedge_57 parent= relZ=48450.0 globZ=48450.0
	zmin=48413.9 zmax=48486.1 kill=0
Checking overlaps for volume wedge_58:0 (G4Trap) ... OK! 
BLCMDtrap::Construct wedge_58 parent= relZ=49300.0 globZ=49300.0
	zmin=49263.9 zmax=49336.1 kill=0
Checking overlaps for volume wedge_59:0 (G4Trap) ... OK! 
BLCMDtrap::Construct wedge_59 parent= relZ=50150.0 globZ=50150.0
	zmin=50113.9 zmax=50186.1 kill=0
Checking overlaps for volume wedge_60:0 (G4Trap) ... OK! 
BLCMDtrap::Construct wedge_60 parent= relZ=51000.0 globZ=51000.0
	zmin=50963.9 zmax=51036.1 kill=0
Checking overlaps for volume wedge_window:0 (G4Box) ... OK! 
BLCMDbox::Construct wedge_window parent= relZ=-62.7 globZ=-62.7
	zmin=-62.7 zmax=-62.6
Checking overlaps for volume wedge_window:0 (G4Box) ... OK! 
BLCMDbox::Construct wedge_window parent= relZ=62.7 globZ=62.7
	zmin=62.6 zmax=62.7
Checking overlaps for volume wedge_window:0 (G4Box) ... OK! 
BLCMDbox::Construct wedge_window parent= relZ=787.3 globZ=787.3
	zmin=787.3 zmax=787.4
Checking overlaps for volume wedge_window:0 (G4Box) ... OK! 
BLCMDbox::Construct wedge_window parent= relZ=912.7 globZ=912.7
	zmin=912.6 zmax=912.7
Checking overlaps for volume wedge_window:0 (G4Box) ... OK! 
BLCMDbox::Construct wedge_window parent= relZ=1637.3 globZ=1637.3
	zmin=1637.3 zmax=1637.4
Checking overlaps for volume wedge_window:0 (G4Box) ... OK! 
BLCMDbox::Construct wedge_window parent= relZ=1762.7 globZ=1762.7
	zmin=1762.6 zmax=1762.7
Checking overlaps for volume wedge_window:0 (G4Box) ... OK! 
BLCMDbox::Construct wedge_window parent= relZ=2487.3 globZ=2487.3
	zmin=2487.3 zmax=2487.4
Checking overlaps for volume wedge_window:0 (G4Box) ... OK! 
BLCMDbox::Construct wedge_window parent= relZ=2612.7 globZ=2612.7
	zmin=2612.6 zmax=2612.7
Checking overlaps for volume wedge_window:0 (G4Box) ... OK! 
BLCMDbox::Construct wedge_window parent= relZ=3337.3 globZ=3337.3
	zmin=3337.3 zmax=3337.4
Checking overlaps for volume wedge_window:0 (G4Box) ... OK! 
BLCMDbox::Construct wedge_window parent= relZ=3462.7 globZ=3462.7
	zmin=3462.6 zmax=3462.7
Checking overlaps for volume wedge_window:0 (G4Box) ... OK! 
BLCMDbox::Construct wedge_window parent= relZ=4187.3 globZ=4187.3
	zmin=4187.3 zmax=4187.4
Checking overlaps for volume wedge_window:0 (G4Box) ... OK! 
BLCMDbox::Construct wedge_window parent= relZ=4312.7 globZ=4312.7
	zmin=4312.6 zmax=4312.7
Checking overlaps for volume wedge_window:0 (G4Box) ... OK! 
BLCMDbox::Construct wedge_window parent= relZ=5037.3 globZ=5037.3
	zmin=5037.3 zmax=5037.4
Checking overlaps for volume wedge_window:0 (G4Box) ... OK! 
BLCMDbox::Construct wedge_window parent= relZ=5162.7 globZ=5162.7
	zmin=5162.6 zmax=5162.7
Checking overlaps for volume wedge_window:0 (G4Box) ... OK! 
BLCMDbox::Construct wedge_window parent= relZ=5887.3 globZ=5887.3
	zmin=5887.3 zmax=5887.4
Checking overlaps for volume wedge_window:0 (G4Box) ... OK! 
BLCMDbox::Construct wedge_window parent= relZ=6012.7 globZ=6012.7
	zmin=6012.6 zmax=6012.7
Checking overlaps for volume wedge_window:0 (G4Box) ... OK! 
BLCMDbox::Construct wedge_window parent= relZ=6737.3 globZ=6737.3
	zmin=6737.3 zmax=6737.4
Checking overlaps for volume wedge_window:0 (G4Box) ... OK! 
BLCMDbox::Construct wedge_window parent= relZ=6862.7 globZ=6862.7
	zmin=6862.6 zmax=6862.7
Checking overlaps for volume wedge_window:0 (G4Box) ... OK! 
BLCMDbox::Construct wedge_window parent= relZ=7587.3 globZ=7587.3
	zmin=7587.3 zmax=7587.4
Checking overlaps for volume wedge_window:0 (G4Box) ... OK! 
BLCMDbox::Construct wedge_window parent= relZ=7712.7 globZ=7712.7
	zmin=7712.6 zmax=7712.7
Checking overlaps for volume wedge_window:0 (G4Box) ... OK! 
BLCMDbox::Construct wedge_window parent= relZ=8437.3 globZ=8437.3
	zmin=8437.3 zmax=8437.4
Checking overlaps for volume wedge_window:0 (G4Box) ... OK! 
BLCMDbox::Construct wedge_window parent= relZ=8562.7 globZ=8562.7
	zmin=8562.6 zmax=8562.7
Checking overlaps for volume wedge_window:0 (G4Box) ... OK! 
BLCMDbox::Construct wedge_window parent= relZ=9287.3 globZ=9287.3
	zmin=9287.3 zmax=9287.4
Checking overlaps for volume wedge_window:0 (G4Box) ... OK! 
BLCMDbox::Construct wedge_window parent= relZ=9412.7 globZ=9412.7
	zmin=9412.6 zmax=9412.7
Checking overlaps for volume wedge_window:0 (G4Box) ... OK! 
BLCMDbox::Construct wedge_window parent= relZ=10137.3 globZ=10137.3
	zmin=10137.3 zmax=10137.4
Checking overlaps for volume wedge_window:0 (G4Box) ... OK! 
BLCMDbox::Construct wedge_window parent= relZ=10262.7 globZ=10262.7
	zmin=10262.6 zmax=10262.7
Checking overlaps for volume wedge_window:0 (G4Box) ... OK! 
BLCMDbox::Construct wedge_window parent= relZ=10987.3 globZ=10987.3
	zmin=10987.3 zmax=10987.4
Checking overlaps for volume wedge_window:0 (G4Box) ... OK! 
BLCMDbox::Construct wedge_window parent= relZ=11112.7 globZ=11112.7
	zmin=11112.6 zmax=11112.7
Checking overlaps for volume wedge_window:0 (G4Box) ... OK! 
BLCMDbox::Construct wedge_window parent= relZ=11837.3 globZ=11837.3
	zmin=11837.3 zmax=11837.4
Checking overlaps for volume wedge_window:0 (G4Box) ... OK! 
BLCMDbox::Construct wedge_window parent= relZ=11962.7 globZ=11962.7
	zmin=11962.6 zmax=11962.7
Checking overlaps for volume wedge_window:0 (G4Box) ... OK! 
BLCMDbox::Construct wedge_window parent= relZ=12687.3 globZ=12687.3
	zmin=12687.3 zmax=12687.4
Checking overlaps for volume wedge_window:0 (G4Box) ... OK! 
BLCMDbox::Construct wedge_window parent= relZ=12812.7 globZ=12812.7
	zmin=12812.6 zmax=12812.7
Checking overlaps for volume wedge_window:0 (G4Box) ... OK! 
BLCMDbox::Construct wedge_window parent= relZ=13537.3 globZ=13537.3
	zmin=13537.3 zmax=13537.4
Checking overlaps for volume wedge_window:0 (G4Box) ... OK! 
BLCMDbox::Construct wedge_window parent= relZ=13662.7 globZ=13662.7
	zmin=13662.6 zmax=13662.7
Checking overlaps for volume wedge_window:0 (G4Box) ... OK! 
BLCMDbox::Construct wedge_window parent= relZ=14387.3 globZ=14387.3
	zmin=14387.3 zmax=14387.4
Checking overlaps for volume wedge_window:0 (G4Box) ... OK! 
BLCMDbox::Construct wedge_window parent= relZ=14512.7 globZ=14512.7
	zmin=14512.6 zmax=14512.7
Checking overlaps for volume wedge_window:0 (G4Box) ... OK! 
BLCMDbox::Construct wedge_window parent= relZ=15237.3 globZ=15237.3
	zmin=15237.3 zmax=15237.4
Checking overlaps for volume wedge_window:0 (G4Box) ... OK! 
BLCMDbox::Construct wedge_window parent= relZ=15362.7 globZ=15362.7
	zmin=15362.6 zmax=15362.7
Checking overlaps for volume wedge_window:0 (G4Box) ... OK! 
BLCMDbox::Construct wedge_window parent= relZ=16087.3 globZ=16087.3
	zmin=16087.3 zmax=16087.4
Checking overlaps for volume wedge_window:0 (G4Box) ... OK! 
BLCMDbox::Construct wedge_window parent= relZ=16212.7 globZ=16212.7
	zmin=16212.6 zmax=16212.7
Checking overlaps for volume wedge_window:0 (G4Box) ... OK! 
BLCMDbox::Construct wedge_window parent= relZ=16937.3 globZ=16937.3
	zmin=16937.3 zmax=16937.4
Checking overlaps for volume wedge_window:0 (G4Box) ... OK! 
BLCMDbox::Construct wedge_window parent= relZ=17062.7 globZ=17062.7
	zmin=17062.6 zmax=17062.7
Checking overlaps for volume wedge_window:0 (G4Box) ... OK! 
BLCMDbox::Construct wedge_window parent= relZ=17787.3 globZ=17787.3
	zmin=17787.3 zmax=17787.4
Checking overlaps for volume wedge_window:0 (G4Box) ... OK! 
BLCMDbox::Construct wedge_window parent= relZ=17912.7 globZ=17912.7
	zmin=17912.6 zmax=17912.7
Checking overlaps for volume wedge_window:0 (G4Box) ... OK! 
BLCMDbox::Construct wedge_window parent= relZ=18637.3 globZ=18637.3
	zmin=18637.3 zmax=18637.4
Checking overlaps for volume wedge_window:0 (G4Box) ... OK! 
BLCMDbox::Construct wedge_window parent= relZ=18762.7 globZ=18762.7
	zmin=18762.6 zmax=18762.7
Checking overlaps for volume wedge_window:0 (G4Box) ... OK! 
BLCMDbox::Construct wedge_window parent= relZ=19487.3 globZ=19487.3
	zmin=19487.3 zmax=19487.4
Checking overlaps for volume wedge_window:0 (G4Box) ... OK! 
BLCMDbox::Construct wedge_window parent= relZ=19612.7 globZ=19612.7
	zmin=19612.6 zmax=19612.7
Checking overlaps for volume wedge_window:0 (G4Box) ... OK! 
BLCMDbox::Construct wedge_window parent= relZ=20337.3 globZ=20337.3
	zmin=20337.3 zmax=20337.4
Checking overlaps for volume wedge_window:0 (G4Box) ... OK! 
BLCMDbox::Construct wedge_window parent= relZ=20462.7 globZ=20462.7
	zmin=20462.6 zmax=20462.7
Checking overlaps for volume wedge_window:0 (G4Box) ... OK! 
BLCMDbox::Construct wedge_window parent= relZ=21187.3 globZ=21187.3
	zmin=21187.3 zmax=21187.4
Checking overlaps for volume wedge_window:0 (G4Box) ... OK! 
BLCMDbox::Construct wedge_window parent= relZ=21312.7 globZ=21312.7
	zmin=21312.6 zmax=21312.7
Checking overlaps for volume wedge_window:0 (G4Box) ... OK! 
BLCMDbox::Construct wedge_window parent= relZ=22037.3 globZ=22037.3
	zmin=22037.3 zmax=22037.4
Checking overlaps for volume wedge_window:0 (G4Box) ... OK! 
BLCMDbox::Construct wedge_window parent= relZ=22162.7 globZ=22162.7
	zmin=22162.6 zmax=22162.7
Checking overlaps for volume wedge_window:0 (G4Box) ... OK! 
BLCMDbox::Construct wedge_window parent= relZ=22887.3 globZ=22887.3
	zmin=22887.3 zmax=22887.4
Checking overlaps for volume wedge_window:0 (G4Box) ... OK! 
BLCMDbox::Construct wedge_window parent= relZ=23012.7 globZ=23012.7
	zmin=23012.6 zmax=23012.7
Checking overlaps for volume wedge_window:0 (G4Box) ... OK! 
BLCMDbox::Construct wedge_window parent= relZ=23737.3 globZ=23737.3
	zmin=23737.3 zmax=23737.4
Checking overlaps for volume wedge_window:0 (G4Box) ... OK! 
BLCMDbox::Construct wedge_window parent= relZ=23862.7 globZ=23862.7
	zmin=23862.6 zmax=23862.7
Checking overlaps for volume wedge_window:0 (G4Box) ... OK! 
BLCMDbox::Construct wedge_window parent= relZ=24587.3 globZ=24587.3
	zmin=24587.3 zmax=24587.4
Checking overlaps for volume wedge_window:0 (G4Box) ... OK! 
BLCMDbox::Construct wedge_window parent= relZ=24712.7 globZ=24712.7
	zmin=24712.6 zmax=24712.7
Checking overlaps for volume wedge_window:0 (G4Box) ... OK! 
BLCMDbox::Construct wedge_window parent= relZ=25437.3 globZ=25437.3
	zmin=25437.3 zmax=25437.4
Checking overlaps for volume wedge_window:0 (G4Box) ... OK! 
BLCMDbox::Construct wedge_window parent= relZ=25562.7 globZ=25562.7
	zmin=25562.6 zmax=25562.7
Checking overlaps for volume wedge_window:0 (G4Box) ... OK! 
BLCMDbox::Construct wedge_window parent= relZ=26287.3 globZ=26287.3
	zmin=26287.3 zmax=26287.4
Checking overlaps for volume wedge_window:0 (G4Box) ... OK! 
BLCMDbox::Construct wedge_window parent= relZ=26412.7 globZ=26412.7
	zmin=26412.6 zmax=26412.7
Checking overlaps for volume wedge_window:0 (G4Box) ... OK! 
BLCMDbox::Construct wedge_window parent= relZ=27137.3 globZ=27137.3
	zmin=27137.3 zmax=27137.4
Checking overlaps for volume wedge_window:0 (G4Box) ... OK! 
BLCMDbox::Construct wedge_window parent= relZ=27262.7 globZ=27262.7
	zmin=27262.6 zmax=27262.7
Checking overlaps for volume wedge_window:0 (G4Box) ... OK! 
BLCMDbox::Construct wedge_window parent= relZ=27987.3 globZ=27987.3
	zmin=27987.3 zmax=27987.4
Checking overlaps for volume wedge_window:0 (G4Box) ... OK! 
BLCMDbox::Construct wedge_window parent= relZ=28112.7 globZ=28112.7
	zmin=28112.6 zmax=28112.7
Checking overlaps for volume wedge_window:0 (G4Box) ... OK! 
BLCMDbox::Construct wedge_window parent= relZ=28837.3 globZ=28837.3
	zmin=28837.3 zmax=28837.4
Checking overlaps for volume wedge_window:0 (G4Box) ... OK! 
BLCMDbox::Construct wedge_window parent= relZ=28962.7 globZ=28962.7
	zmin=28962.6 zmax=28962.7
Checking overlaps for volume wedge_window:0 (G4Box) ... OK! 
BLCMDbox::Construct wedge_window parent= relZ=29687.3 globZ=29687.3
	zmin=29687.3 zmax=29687.4
Checking overlaps for volume wedge_window:0 (G4Box) ... OK! 
BLCMDbox::Construct wedge_window parent= relZ=29812.7 globZ=29812.7
	zmin=29812.6 zmax=29812.7
Checking overlaps for volume wedge_window:0 (G4Box) ... OK! 
BLCMDbox::Construct wedge_window parent= relZ=30537.3 globZ=30537.3
	zmin=30537.3 zmax=30537.4
Checking overlaps for volume wedge_window:0 (G4Box) ... OK! 
BLCMDbox::Construct wedge_window parent= relZ=30662.7 globZ=30662.7
	zmin=30662.6 zmax=30662.7
Checking overlaps for volume wedge_window:0 (G4Box) ... OK! 
BLCMDbox::Construct wedge_window parent= relZ=31387.3 globZ=31387.3
	zmin=31387.3 zmax=31387.4
Checking overlaps for volume wedge_window:0 (G4Box) ... OK! 
BLCMDbox::Construct wedge_window parent= relZ=31512.7 globZ=31512.7
	zmin=31512.6 zmax=31512.7
Checking overlaps for volume wedge_window:0 (G4Box) ... OK! 
BLCMDbox::Construct wedge_window parent= relZ=32237.3 globZ=32237.3
	zmin=32237.3 zmax=32237.4
Checking overlaps for volume wedge_window:0 (G4Box) ... OK! 
BLCMDbox::Construct wedge_window parent= relZ=32362.7 globZ=32362.7
	zmin=32362.6 zmax=32362.7
Checking overlaps for volume wedge_window:0 (G4Box) ... OK! 
BLCMDbox::Construct wedge_window parent= relZ=33087.3 globZ=33087.3
	zmin=33087.3 zmax=33087.4
Checking overlaps for volume wedge_window:0 (G4Box) ... OK! 
BLCMDbox::Construct wedge_window parent= relZ=33212.7 globZ=33212.7
	zmin=33212.6 zmax=33212.7
Checking overlaps for volume wedge_window:0 (G4Box) ... OK! 
BLCMDbox::Construct wedge_window parent= relZ=33937.3 globZ=33937.3
	zmin=33937.3 zmax=33937.4
Checking overlaps for volume wedge_window:0 (G4Box) ... OK! 
BLCMDbox::Construct wedge_window parent= relZ=34062.7 globZ=34062.7
	zmin=34062.6 zmax=34062.7
Checking overlaps for volume wedge_window:0 (G4Box) ... OK! 
BLCMDbox::Construct wedge_window parent= relZ=34787.3 globZ=34787.3
	zmin=34787.3 zmax=34787.4
Checking overlaps for volume wedge_window:0 (G4Box) ... OK! 
BLCMDbox::Construct wedge_window parent= relZ=34912.7 globZ=34912.7
	zmin=34912.6 zmax=34912.7
Checking overlaps for volume wedge_window:0 (G4Box) ... OK! 
BLCMDbox::Construct wedge_window parent= relZ=35637.3 globZ=35637.3
	zmin=35637.3 zmax=35637.4
Checking overlaps for volume wedge_window:0 (G4Box) ... OK! 
BLCMDbox::Construct wedge_window parent= relZ=35762.7 globZ=35762.7
	zmin=35762.6 zmax=35762.7
Checking overlaps for volume wedge_window:0 (G4Box) ... OK! 
BLCMDbox::Construct wedge_window parent= relZ=36487.3 globZ=36487.3
	zmin=36487.3 zmax=36487.4
Checking overlaps for volume wedge_window:0 (G4Box) ... OK! 
BLCMDbox::Construct wedge_window parent= relZ=36612.7 globZ=36612.7
	zmin=36612.6 zmax=36612.7
Checking overlaps for volume wedge_window:0 (G4Box) ... OK! 
BLCMDbox::Construct wedge_window parent= relZ=37337.3 globZ=37337.3
	zmin=37337.3 zmax=37337.4
Checking overlaps for volume wedge_window:0 (G4Box) ... OK! 
BLCMDbox::Construct wedge_window parent= relZ=37462.7 globZ=37462.7
	zmin=37462.6 zmax=37462.7
Checking overlaps for volume wedge_window:0 (G4Box) ... OK! 
BLCMDbox::Construct wedge_window parent= relZ=38187.3 globZ=38187.3
	zmin=38187.3 zmax=38187.4
Checking overlaps for volume wedge_window:0 (G4Box) ... OK! 
BLCMDbox::Construct wedge_window parent= relZ=38312.7 globZ=38312.7
	zmin=38312.6 zmax=38312.7
Checking overlaps for volume wedge_window:0 (G4Box) ... OK! 
BLCMDbox::Construct wedge_window parent= relZ=39037.3 globZ=39037.3
	zmin=39037.3 zmax=39037.4
Checking overlaps for volume wedge_window:0 (G4Box) ... OK! 
BLCMDbox::Construct wedge_window parent= relZ=39162.7 globZ=39162.7
	zmin=39162.6 zmax=39162.7
Checking overlaps for volume wedge_window:0 (G4Box) ... OK! 
BLCMDbox::Construct wedge_window parent= relZ=39887.3 globZ=39887.3
	zmin=39887.3 zmax=39887.4
Checking overlaps for volume wedge_window:0 (G4Box) ... OK! 
BLCMDbox::Construct wedge_window parent= relZ=40012.7 globZ=40012.7
	zmin=40012.6 zmax=40012.7
Checking overlaps for volume wedge_window:0 (G4Box) ... OK! 
BLCMDbox::Construct wedge_window parent= relZ=40737.3 globZ=40737.3
	zmin=40737.3 zmax=40737.4
Checking overlaps for volume wedge_window:0 (G4Box) ... OK! 
BLCMDbox::Construct wedge_window parent= relZ=40862.7 globZ=40862.7
	zmin=40862.6 zmax=40862.7
Checking overlaps for volume wedge_window:0 (G4Box) ... OK! 
BLCMDbox::Construct wedge_window parent= relZ=41587.3 globZ=41587.3
	zmin=41587.3 zmax=41587.4
Checking overlaps for volume wedge_window:0 (G4Box) ... OK! 
BLCMDbox::Construct wedge_window parent= relZ=41712.7 globZ=41712.7
	zmin=41712.6 zmax=41712.7
Checking overlaps for volume wedge_window:0 (G4Box) ... OK! 
BLCMDbox::Construct wedge_window parent= relZ=42437.3 globZ=42437.3
	zmin=42437.3 zmax=42437.4
Checking overlaps for volume wedge_window:0 (G4Box) ... OK! 
BLCMDbox::Construct wedge_window parent= relZ=42562.7 globZ=42562.7
	zmin=42562.6 zmax=42562.7
Checking overlaps for volume wedge_window:0 (G4Box) ... OK! 
BLCMDbox::Construct wedge_window parent= relZ=43287.3 globZ=43287.3
	zmin=43287.3 zmax=43287.4
Checking overlaps for volume wedge_window:0 (G4Box) ... OK! 
BLCMDbox::Construct wedge_window parent= relZ=43412.7 globZ=43412.7
	zmin=43412.6 zmax=43412.7
Checking overlaps for volume wedge_window:0 (G4Box) ... OK! 
BLCMDbox::Construct wedge_window parent= relZ=44137.3 globZ=44137.3
	zmin=44137.3 zmax=44137.4
Checking overlaps for volume wedge_window:0 (G4Box) ... OK! 
BLCMDbox::Construct wedge_window parent= relZ=44262.7 globZ=44262.7
	zmin=44262.6 zmax=44262.7
Checking overlaps for volume wedge_window:0 (G4Box) ... OK! 
BLCMDbox::Construct wedge_window parent= relZ=44987.3 globZ=44987.3
	zmin=44987.3 zmax=44987.4
Checking overlaps for volume wedge_window:0 (G4Box) ... OK! 
BLCMDbox::Construct wedge_window parent= relZ=45112.7 globZ=45112.7
	zmin=45112.6 zmax=45112.7
Checking overlaps for volume wedge_window:0 (G4Box) ... OK! 
BLCMDbox::Construct wedge_window parent= relZ=45837.3 globZ=45837.3
	zmin=45837.3 zmax=45837.4
Checking overlaps for volume wedge_window:0 (G4Box) ... OK! 
BLCMDbox::Construct wedge_window parent= relZ=45962.7 globZ=45962.7
	zmin=45962.6 zmax=45962.7
Checking overlaps for volume wedge_window:0 (G4Box) ... OK! 
BLCMDbox::Construct wedge_window parent= relZ=46687.3 globZ=46687.3
	zmin=46687.3 zmax=46687.4
Checking overlaps for volume wedge_window:0 (G4Box) ... OK! 
BLCMDbox::Construct wedge_window parent= relZ=46812.7 globZ=46812.7
	zmin=46812.6 zmax=46812.7
Checking overlaps for volume wedge_window:0 (G4Box) ... OK! 
BLCMDbox::Construct wedge_window parent= relZ=47537.3 globZ=47537.3
	zmin=47537.3 zmax=47537.4
Checking overlaps for volume wedge_window:0 (G4Box) ... OK! 
BLCMDbox::Construct wedge_window parent= relZ=47662.7 globZ=47662.7
	zmin=47662.6 zmax=47662.7
Checking overlaps for volume wedge_window:0 (G4Box) ... OK! 
BLCMDbox::Construct wedge_window parent= relZ=48387.3 globZ=48387.3
	zmin=48387.3 zmax=48387.4
Checking overlaps for volume wedge_window:0 (G4Box) ... OK! 
BLCMDbox::Construct wedge_window parent= relZ=48512.7 globZ=48512.7
	zmin=48512.6 zmax=48512.7
Checking overlaps for volume wedge_window:0 (G4Box) ... OK! 
BLCMDbox::Construct wedge_window parent= relZ=49237.3 globZ=49237.3
	zmin=49237.3 zmax=49237.4
Checking overlaps for volume wedge_window:0 (G4Box) ... OK! 
BLCMDbox::Construct wedge_window parent= relZ=49362.7 globZ=49362.7
	zmin=49362.6 zmax=49362.7
Checking overlaps for volume wedge_window:0 (G4Box) ... OK! 
BLCMDbox::Construct wedge_window parent= relZ=50087.3 globZ=50087.3
	zmin=50087.3 zmax=50087.4
Checking overlaps for volume wedge_window:0 (G4Box) ... OK! 
BLCMDbox::Construct wedge_window parent= relZ=50212.7 globZ=50212.7
	zmin=50212.6 zmax=50212.7
Checking overlaps for volume wedge_window:0 (G4Box) ... OK! 
BLCMDbox::Construct wedge_window parent= relZ=50937.3 globZ=50937.3
	zmin=50937.3 zmax=50937.4
Checking overlaps for volume wedge_window:0 (G4Box) ... OK! 
BLCMDbox::Construct wedge_window parent= relZ=51062.7 globZ=51062.7
	zmin=51062.6 zmax=51062.7
### Adding tracking cuts for neutron  TimeCut(ns)= 10000  KinEnergyCut(MeV)= 0

Geometry test nPoints=100 tolerance=0.002 mm:
Testing geometry for children of group 'World':
Total geometry errors = 0  1 seconds

================= Prepare Tune Particle(s) ===========
================= Begin Tune Particle(s) =============
***  Tune and Reference Particles ignore E fields.
***  Tune and Reference Particles ignore B fields.
***  Tune and Reference Particles ignore Energy loss.
**************************************************************************
*** G4Exception: EM Field Extends Outside World
***    severity: Warning
***   issued by: BLGlobalField
*** description: May give inaccurate tracking near world boundary.
***     EventID: -2     TrackID: 1   mu+  KE=123.2 MeV
**************************************************************************
fieldVoxels: nx=8 ny=8 nz=274, 17536 voxels, 874 fields
fieldVoxels: max field count is 14 fields, # voxels >5: 9620, >10: 3284, >20: 0
**************************************************************************
*** G4Exception: Check number of field voxels
***    severity: Warning
***   issued by: BLGlobalField
*** description: nVoxels = 17536, max fields/voxel = 14
***     EventID: -2     TrackID: 1   mu+  KE=123.2 MeV
**************************************************************************
pillbox rf_b_00: Time OK  timeOffset=1038.5023 ns, incremented to 1038.5023 ns
pillbox rf_c_01: Time OK  timeOffset=1038.9055 ns, incremented to 1038.9055 ns
pillbox rf_d_02: Time OK  timeOffset=1039.2861 ns, incremented to 1039.2861 ns
pillbox rf_e_03: Time OK  timeOffset=1039.5596 ns, incremented to 1039.5596 ns
pillbox rf_b_10: Time OK  timeOffset=1041.7774 ns, incremented to 1041.7774 ns
pillbox rf_c_11: Time OK  timeOffset=1042.1309 ns, incremented to 1042.1309 ns
pillbox rf_d_12: Time OK  timeOffset=1042.4531 ns, incremented to 1042.4531 ns
pillbox rf_e_13: Time OK  timeOffset=1042.8585 ns, incremented to 1042.8585 ns
pillbox rf_b_20: Time OK  timeOffset=1044.8793 ns, incremented to 1044.8793 ns
pillbox rf_c_21: Time OK  timeOffset=1045.1865 ns, incremented to 1045.1865 ns
pillbox rf_d_22: Time OK  timeOffset=1045.6329 ns, incremented to 1045.6329 ns
pillbox rf_e_23: Time OK  timeOffset=1045.9967 ns, incremented to 1045.9967 ns
pillbox rf_b_30: Time OK  timeOffset=1048.1514 ns, incremented to 1048.1514 ns
pillbox rf_c_31: Time OK  timeOffset=1048.5275 ns, incremented to 1048.5275 ns
pillbox rf_d_32: Time OK  timeOffset=1048.7907 ns, incremented to 1048.7907 ns
pillbox rf_e_33: Time OK  timeOffset=1049.1936 ns, incremented to 1049.1936 ns
pillbox rf_b_40: Time OK  timeOffset=1051.3056 ns, incremented to 1051.3056 ns
pillbox rf_c_41: Time OK  timeOffset=1051.6201 ns, incremented to 1051.6201 ns
pillbox rf_d_42: Time OK  timeOffset=1052.0290 ns, incremented to 1052.0290 ns
pillbox rf_e_43: Time OK  timeOffset=1052.4436 ns, incremented to 1052.4436 ns
pillbox rf_b_50: Time OK  timeOffset=1054.4374 ns, incremented to 1054.4374 ns
pillbox rf_c_51: Time OK  timeOffset=1054.8857 ns, incremented to 1054.8857 ns
pillbox rf_d_52: Time OK  timeOffset=1055.2784 ns, incremented to 1055.2784 ns
pillbox rf_e_53: Time OK  timeOffset=1055.6344 ns, incremented to 1055.6344 ns
pillbox rf_b_60: Time OK  timeOffset=1057.6340 ns, incremented to 1057.6340 ns
pillbox rf_c_61: Time OK  timeOffset=1058.0452 ns, incremented to 1058.0452 ns
pillbox rf_d_62: Time OK  timeOffset=1058.4834 ns, incremented to 1058.4834 ns
pillbox rf_e_63: Time OK  timeOffset=1058.8625 ns, incremented to 1058.8625 ns
pillbox rf_b_70: Time OK  timeOffset=1060.8793 ns, incremented to 1060.8793 ns
pillbox rf_c_71: Time OK  timeOffset=1061.2919 ns, incremented to 1061.2919 ns
pillbox rf_d_72: Time OK  timeOffset=1061.6234 ns, incremented to 1061.6234 ns
pillbox rf_e_73: Time OK  timeOffset=1061.9856 ns, incremented to 1061.9856 ns
pillbox rf_b_80: Time OK  timeOffset=1064.0612 ns, incremented to 1064.0612 ns
pillbox rf_c_81: Time OK  timeOffset=1064.4454 ns, incremented to 1064.4454 ns
pillbox rf_d_82: Time OK  timeOffset=1064.8213 ns, incremented to 1064.8213 ns
pillbox rf_e_83: Time OK  timeOffset=1065.2436 ns, incremented to 1065.2436 ns
pillbox rf_b_90: Time OK  timeOffset=1067.1898 ns, incremented to 1067.1898 ns
pillbox rf_c_91: Time OK  timeOffset=1067.6259 ns, incremented to 1067.6259 ns
pillbox rf_d_92: Time OK  timeOffset=1067.9830 ns, incremented to 1067.9830 ns
pillbox rf_e_93: Time OK  timeOffset=1068.5203 ns, incremented to 1068.5203 ns
pillbox rf_b_100: Time OK  timeOffset=1070.4845 ns, incremented to 1070.4845 ns
pillbox rf_c_101: Time OK  timeOffset=1070.8623 ns, incremented to 1070.8623 ns
pillbox rf_d_102: Time OK  timeOffset=1071.2279 ns, incremented to 1071.2279 ns
pillbox rf_e_103: Time OK  timeOffset=1071.5464 ns, incremented to 1071.5464 ns
pillbox rf_b_110: Time OK  timeOffset=1073.6147 ns, incremented to 1073.6147 ns
pillbox rf_c_111: Time OK  timeOffset=1074.1041 ns, incremented to 1074.1041 ns
pillbox rf_d_112: Time OK  timeOffset=1074.3838 ns, incremented to 1074.3838 ns
pillbox rf_e_113: Time OK  timeOffset=1074.7644 ns, incremented to 1074.7644 ns
pillbox rf_b_120: Time OK  timeOffset=1076.8513 ns, incremented to 1076.8513 ns
pillbox rf_c_121: Time OK  timeOffset=1077.2238 ns, incremented to 1077.2238 ns
pillbox rf_d_122: Time OK  timeOffset=1077.6050 ns, incremented to 1077.6050 ns
pillbox rf_e_123: Time OK  timeOffset=1078.0363 ns, incremented to 1078.0363 ns
pillbox rf_b_130: Time OK  timeOffset=1080.0125 ns, incremented to 1080.0125 ns
pillbox rf_c_131: Time OK  timeOffset=1080.4103 ns, incremented to 1080.4103 ns
pillbox rf_d_132: Time OK  timeOffset=1080.8270 ns, incremented to 1080.8270 ns
pillbox rf_e_133: Time OK  timeOffset=1081.1670 ns, incremented to 1081.1670 ns
pillbox rf_b_140: Time OK  timeOffset=1083.3221 ns, incremented to 1083.3221 ns
pillbox rf_c_141: Time OK  timeOffset=1083.6462 ns, incremented to 1083.6462 ns
pillbox rf_d_142: Time OK  timeOffset=1083.9436 ns, incremented to 1083.9436 ns
pillbox rf_e_143: Time OK  timeOffset=1084.4146 ns, incremented to 1084.4146 ns
pillbox rf_b_150: Time OK  timeOffset=1086.4024 ns, incremented to 1086.4024 ns
pillbox rf_c_151: Time OK  timeOffset=1086.8582 ns, incremented to 1086.8582 ns
pillbox rf_d_152: Time OK  timeOffset=1087.2260 ns, incremented to 1087.2260 ns
pillbox rf_e_153: Time OK  timeOffset=1087.5899 ns, incremented to 1087.5899 ns
pillbox rf_b_160: Time OK  timeOffset=1089.6281 ns, incremented to 1089.6281 ns
pillbox rf_c_161: Time OK  timeOffset=1090.1290 ns, incremented to 1090.1290 ns
pillbox rf_d_162: Time OK  timeOffset=1090.3951 ns, incremented to 1090.3951 ns
pillbox rf_e_163: Time OK  timeOffset=1090.7863 ns, incremented to 1090.7863 ns
pillbox rf_b_170: Time OK  timeOffset=1092.8813 ns, incremented to 1092.8813 ns
pillbox rf_c_171: Time OK  timeOffset=1093.2116 ns, incremented to 1093.2116 ns
pillbox rf_d_172: Time OK  timeOffset=1093.6659 ns, incremented to 1093.6659 ns
pillbox rf_e_173: Time OK  timeOffset=1094.0059 ns, incremented to 1094.0059 ns
pillbox rf_b_180: Time OK  timeOffset=1096.0586 ns, incremented to 1096.0586 ns
pillbox rf_c_181: Time OK  timeOffset=1096.4861 ns, incremented to 1096.4861 ns
pillbox rf_d_182: Time OK  timeOffset=1096.7850 ns, incremented to 1096.7850 ns
pillbox rf_e_183: Time OK  timeOffset=1097.1522 ns, incremented to 1097.1522 ns
pillbox rf_b_190: Time OK  timeOffset=1099.2639 ns, incremented to 1099.2639 ns
pillbox rf_c_191: Time OK  timeOffset=1099.6108 ns, incremented to 1099.6108 ns
pillbox rf_d_192: Time OK  timeOffset=1099.9890 ns, incremented to 1099.9890 ns
pillbox rf_e_193: Time OK  timeOffset=1100.2964 ns, incremented to 1100.2964 ns
pillbox rf_b_200: Time OK  timeOffset=1102.5098 ns, incremented to 1102.5098 ns
pillbox rf_c_201: Time OK  timeOffset=1102.7558 ns, incremented to 1102.7558 ns
pillbox rf_d_202: Time OK  timeOffset=1103.2068 ns, incremented to 1103.2068 ns
pillbox rf_e_203: Time OK  timeOffset=1103.5949 ns, incremented to 1103.5949 ns
pillbox rf_b_210: Time OK  timeOffset=1105.6815 ns, incremented to 1105.6815 ns
pillbox rf_c_211: Time OK  timeOffset=1105.9788 ns, incremented to 1105.9788 ns
pillbox rf_d_212: Time OK  timeOffset=1106.3984 ns, incremented to 1106.3984 ns
pillbox rf_e_213: Time OK  timeOffset=1106.7805 ns, incremented to 1106.7805 ns
pillbox rf_b_220: Time OK  timeOffset=1108.9141 ns, incremented to 1108.9141 ns
pillbox rf_c_221: Time OK  timeOffset=1109.2066 ns, incremented to 1109.2066 ns
pillbox rf_d_222: Time OK  timeOffset=1109.5394 ns, incremented to 1109.5394 ns
pillbox rf_e_223: Time OK  timeOffset=1109.9857 ns, incremented to 1109.9857 ns
pillbox rf_b_230: Time OK  timeOffset=1112.0019 ns, incremented to 1112.0019 ns
pillbox rf_c_231: Time OK  timeOffset=1112.3453 ns, incremented to 1112.3453 ns
pillbox rf_d_232: Time OK  timeOffset=1112.7622 ns, incremented to 1112.7622 ns
pillbox rf_e_233: Time OK  timeOffset=1113.1660 ns, incremented to 1113.1660 ns
pillbox rf_b_240: Time OK  timeOffset=1115.2538 ns, incremented to 1115.2538 ns
pillbox rf_c_241: Time OK  timeOffset=1115.6087 ns, incremented to 1115.6087 ns
pillbox rf_d_242: Time OK  timeOffset=1115.9399 ns, incremented to 1115.9399 ns
pillbox rf_e_243: Time OK  timeOffset=1116.3222 ns, incremented to 1116.3222 ns
pillbox rf_b_250: Time OK  timeOffset=1118.4010 ns, incremented to 1118.4010 ns
pillbox rf_c_251: Time OK  timeOffset=1118.8878 ns, incremented to 1118.8878 ns
pillbox rf_d_252: Time OK  timeOffset=1119.1138 ns, incremented to 1119.1138 ns
pillbox rf_e_253: Time OK  timeOffset=1119.5352 ns, incremented to 1119.5352 ns
pillbox rf_b_260: Time OK  timeOffset=1121.5205 ns, incremented to 1121.5205 ns
pillbox rf_c_261: Time OK  timeOffset=1122.0884 ns, incremented to 1122.0884 ns
pillbox rf_d_262: Time OK  timeOffset=1122.3796 ns, incremented to 1122.3796 ns
pillbox rf_e_263: Time OK  timeOffset=1122.8467 ns, incremented to 1122.8467 ns
pillbox rf_b_270: Time OK  timeOffset=1124.8111 ns, incremented to 1124.8111 ns
pillbox rf_c_271: Time OK  timeOffset=1125.2616 ns, incremented to 1125.2616 ns
pillbox rf_d_272: Time OK  timeOffset=1125.6489 ns, incremented to 1125.6489 ns
pillbox rf_e_273: Time OK  timeOffset=1125.9527 ns, incremented to 1125.9527 ns
pillbox rf_b_280: Time OK  timeOffset=1127.9505 ns, incremented to 1127.9505 ns
pillbox rf_c_281: Time OK  timeOffset=1128.4948 ns, incremented to 1128.4948 ns
pillbox rf_d_282: Time OK  timeOffset=1128.8045 ns, incremented to 1128.8045 ns
pillbox rf_e_283: Time OK  timeOffset=1129.2048 ns, incremented to 1129.2048 ns
pillbox rf_b_290: Time OK  timeOffset=1131.2366 ns, incremented to 1131.2366 ns
pillbox rf_c_291: Time OK  timeOffset=1131.6703 ns, incremented to 1131.6703 ns
pillbox rf_d_292: Time OK  timeOffset=1131.9721 ns, incremented to 1131.9721 ns
pillbox rf_e_293: Time OK  timeOffset=1132.3291 ns, incremented to 1132.3291 ns
pillbox rf_b_300: Time OK  timeOffset=1134.3963 ns, incremented to 1134.3963 ns
pillbox rf_c_301: Time OK  timeOffset=1134.7939 ns, incremented to 1134.7939 ns
pillbox rf_d_302: Time OK  timeOffset=1135.1247 ns, incremented to 1135.1247 ns
pillbox rf_e_303: Time OK  timeOffset=1135.5701 ns, incremented to 1135.5701 ns
pillbox rf_b_310: Time OK  timeOffset=1137.6456 ns, incremented to 1137.6456 ns
pillbox rf_c_311: Time OK  timeOffset=1138.0246 ns, incremented to 1138.0246 ns
pillbox rf_d_312: Time OK  timeOffset=1138.3211 ns, incremented to 1138.3211 ns
pillbox rf_e_313: Time OK  timeOffset=1138.7439 ns, incremented to 1138.7439 ns
pillbox rf_b_320: Time OK  timeOffset=1140.8283 ns, incremented to 1140.8283 ns
pillbox rf_c_321: Time OK  timeOffset=1141.1533 ns, incremented to 1141.1533 ns
pillbox rf_d_322: Time OK  timeOffset=1141.5412 ns, incremented to 1141.5412 ns
pillbox rf_e_323: Time OK  timeOffset=1141.9656 ns, incremented to 1141.9656 ns
pillbox rf_b_330: Time OK  timeOffset=1143.9430 ns, incremented to 1143.9430 ns
pillbox rf_c_331: Time OK  timeOffset=1144.3428 ns, incremented to 1144.3428 ns
pillbox rf_d_332: Time OK  timeOffset=1144.7824 ns, incremented to 1144.7824 ns
pillbox rf_e_333: Time OK  timeOffset=1145.0922 ns, incremented to 1145.0922 ns
pillbox rf_b_340: Time OK  timeOffset=1147.2088 ns, incremented to 1147.2088 ns
pillbox rf_c_341: Time OK  timeOffset=1147.5840 ns, incremented to 1147.5840 ns
pillbox rf_d_342: Time OK  timeOffset=1148.0173 ns, incremented to 1148.0173 ns
pillbox rf_e_343: Time OK  timeOffset=1148.3362 ns, incremented to 1148.3362 ns
pillbox rf_b_350: Time OK  timeOffset=1150.4149 ns, incremented to 1150.4149 ns
pillbox rf_c_351: Time OK  timeOffset=1150.7851 ns, incremented to 1150.7851 ns
pillbox rf_d_352: Time OK  timeOffset=1151.0917 ns, incremented to 1151.0917 ns
pillbox rf_e_353: Time OK  timeOffset=1151.5370 ns, incremented to 1151.5370 ns
pillbox rf_b_360: Time OK  timeOffset=1153.6343 ns, incremented to 1153.6343 ns
pillbox rf_c_361: Time OK  timeOffset=1154.0099 ns, incremented to 1154.0099 ns
pillbox rf_d_362: Time OK  timeOffset=1154.3060 ns, incremented to 1154.3060 ns
pillbox rf_e_363: Time OK  timeOffset=1154.7267 ns, incremented to 1154.7267 ns
pillbox rf_b_370: Time OK  timeOffset=1156.7642 ns, incremented to 1156.7642 ns
pillbox rf_c_371: Time OK  timeOffset=1157.1333 ns, incremented to 1157.1333 ns
pillbox rf_d_372: Time OK  timeOffset=1157.4582 ns, incremented to 1157.4582 ns
pillbox rf_e_373: Time OK  timeOffset=1157.9859 ns, incremented to 1157.9859 ns
pillbox rf_b_380: Time OK  timeOffset=1159.9078 ns, incremented to 1159.9078 ns
pillbox rf_c_381: Time OK  timeOffset=1160.3195 ns, incremented to 1160.3195 ns
pillbox rf_d_382: Time OK  timeOffset=1160.6954 ns, incremented to 1160.6954 ns
pillbox rf_e_383: Time OK  timeOffset=1161.1135 ns, incremented to 1161.1135 ns
pillbox rf_b_390: Time OK  timeOffset=1163.1685 ns, incremented to 1163.1685 ns
pillbox rf_c_391: Time OK  timeOffset=1163.5929 ns, incremented to 1163.5929 ns
pillbox rf_d_392: Time OK  timeOffset=1163.9454 ns, incremented to 1163.9454 ns
pillbox rf_e_393: Time OK  timeOffset=1164.3686 ns, incremented to 1164.3686 ns
pillbox rf_b_400: Time OK  timeOffset=1166.3460 ns, incremented to 1166.3460 ns
pillbox rf_c_401: Time OK  timeOffset=1166.7265 ns, incremented to 1166.7265 ns
pillbox rf_d_402: Time OK  timeOffset=1167.0823 ns, incremented to 1167.0823 ns
pillbox rf_e_403: Time OK  timeOffset=1167.5054 ns, incremented to 1167.5054 ns
pillbox rf_b_410: Time OK  timeOffset=1169.5184 ns, incremented to 1169.5184 ns
pillbox rf_c_411: Time OK  timeOffset=1170.0193 ns, incremented to 1170.0193 ns
pillbox rf_d_412: Time OK  timeOffset=1170.2983 ns, incremented to 1170.2983 ns
pillbox rf_e_413: Time OK  timeOffset=1170.6935 ns, incremented to 1170.6935 ns
pillbox rf_b_420: Time OK  timeOffset=1172.8207 ns, incremented to 1172.8207 ns
pillbox rf_c_421: Time OK  timeOffset=1173.1050 ns, incremented to 1173.1050 ns
pillbox rf_d_422: Time OK  timeOffset=1173.5330 ns, incremented to 1173.5330 ns
pillbox rf_e_423: Time OK  timeOffset=1173.9022 ns, incremented to 1173.9022 ns
pillbox rf_b_430: Time OK  timeOffset=1175.9544 ns, incremented to 1175.9544 ns
pillbox rf_c_431: Time OK  timeOffset=1176.2640 ns, incremented to 1176.2640 ns
pillbox rf_d_432: Time OK  timeOffset=1176.6785 ns, incremented to 1176.6785 ns
pillbox rf_e_433: Time OK  timeOffset=1177.1118 ns, incremented to 1177.1118 ns
pillbox rf_b_440: Time OK  timeOffset=1179.2043 ns, incremented to 1179.2043 ns
pillbox rf_c_441: Time OK  timeOffset=1179.5432 ns, incremented to 1179.5432 ns
pillbox rf_d_442: Time OK  timeOffset=1179.9280 ns, incremented to 1179.9280 ns
pillbox rf_e_443: Time OK  timeOffset=1180.3205 ns, incremented to 1180.3205 ns
pillbox rf_b_450: Time OK  timeOffset=1182.3288 ns, incremented to 1182.3288 ns
pillbox rf_c_451: Time OK  timeOffset=1182.7084 ns, incremented to 1182.7084 ns
pillbox rf_d_452: Time OK  timeOffset=1183.0156 ns, incremented to 1183.0156 ns
pillbox rf_e_453: Time OK  timeOffset=1183.4478 ns, incremented to 1183.4478 ns
pillbox rf_b_460: Time OK  timeOffset=1185.5743 ns, incremented to 1185.5743 ns
pillbox rf_c_461: Time OK  timeOffset=1185.9203 ns, incremented to 1185.9203 ns
pillbox rf_d_462: Time OK  timeOffset=1186.2818 ns, incremented to 1186.2818 ns
pillbox rf_e_463: Time OK  timeOffset=1186.7164 ns, incremented to 1186.7164 ns
pillbox rf_b_470: Time OK  timeOffset=1188.7577 ns, incremented to 1188.7577 ns
pillbox rf_c_471: Time OK  timeOffset=1189.1072 ns, incremented to 1189.1072 ns
pillbox rf_d_472: Time OK  timeOffset=1189.4377 ns, incremented to 1189.4377 ns
pillbox rf_e_473: Time OK  timeOffset=1189.7593 ns, incremented to 1189.7593 ns
pillbox rf_b_480: Time OK  timeOffset=1191.9129 ns, incremented to 1191.9129 ns
pillbox rf_c_481: Time OK  timeOffset=1192.2973 ns, incremented to 1192.2973 ns
pillbox rf_d_482: Time OK  timeOffset=1192.7326 ns, incremented to 1192.7326 ns
pillbox rf_e_483: Time OK  timeOffset=1193.1350 ns, incremented to 1193.1350 ns
pillbox rf_b_490: Time OK  timeOffset=1195.1459 ns, incremented to 1195.1459 ns
pillbox rf_c_491: Time OK  timeOffset=1195.4920 ns, incremented to 1195.4920 ns
pillbox rf_d_492: Time OK  timeOffset=1195.9046 ns, incremented to 1195.9046 ns
pillbox rf_e_493: Time OK  timeOffset=1196.2346 ns, incremented to 1196.2346 ns
pillbox rf_b_500: Time OK  timeOffset=1198.3345 ns, incremented to 1198.3345 ns
pillbox rf_c_501: Time OK  timeOffset=1198.7101 ns, incremented to 1198.7101 ns
pillbox rf_d_502: Time OK  timeOffset=1199.1693 ns, incremented to 1199.1693 ns
pillbox rf_e_503: Time OK  timeOffset=1199.4635 ns, incremented to 1199.4635 ns
pillbox rf_b_510: Time OK  timeOffset=1201.5047 ns, incremented to 1201.5047 ns
pillbox rf_c_511: Time OK  timeOffset=1201.8795 ns, incremented to 1201.8795 ns
pillbox rf_d_512: Time OK  timeOffset=1202.2648 ns, incremented to 1202.2648 ns
pillbox rf_e_513: Time OK  timeOffset=1202.5941 ns, incremented to 1202.5941 ns
pillbox rf_b_520: Time OK  timeOffset=1204.7119 ns, incremented to 1204.7119 ns
pillbox rf_c_521: Time OK  timeOffset=1205.0699 ns, incremented to 1205.0699 ns
pillbox rf_d_522: Time OK  timeOffset=1205.4666 ns, incremented to 1205.4666 ns
pillbox rf_e_523: Time OK  timeOffset=1205.8423 ns, incremented to 1205.8423 ns
pillbox rf_b_530: Time OK  timeOffset=1207.9242 ns, incremented to 1207.9242 ns
pillbox rf_c_531: Time OK  timeOffset=1208.2950 ns, incremented to 1208.2950 ns
pillbox rf_d_532: Time OK  timeOffset=1208.7036 ns, incremented to 1208.7036 ns
pillbox rf_e_533: Time OK  timeOffset=1209.0912 ns, incremented to 1209.0912 ns
pillbox rf_b_540: Time OK  timeOffset=1211.1306 ns, incremented to 1211.1306 ns
pillbox rf_c_541: Time OK  timeOffset=1211.5077 ns, incremented to 1211.5077 ns
pillbox rf_d_542: Time OK  timeOffset=1211.8314 ns, incremented to 1211.8314 ns
pillbox rf_e_543: Time OK  timeOffset=1212.2738 ns, incremented to 1212.2738 ns
pillbox rf_b_550: Time OK  timeOffset=1214.3284 ns, incremented to 1214.3284 ns
pillbox rf_c_551: Time OK  timeOffset=1214.6879 ns, incremented to 1214.6879 ns
pillbox rf_d_552: Time OK  timeOffset=1215.1177 ns, incremented to 1215.1177 ns
pillbox rf_e_553: Time OK  timeOffset=1215.4439 ns, incremented to 1215.4439 ns
pillbox rf_b_560: Time OK  timeOffset=1217.4619 ns, incremented to 1217.4619 ns
pillbox rf_c_561: Time OK  timeOffset=1217.9356 ns, incremented to 1217.9356 ns
pillbox rf_d_562: Time OK  timeOffset=1218.2440 ns, incremented to 1218.2440 ns
pillbox rf_e_563: Time OK  timeOffset=1218.6104 ns, incremented to 1218.6104 ns
pillbox rf_b_570: Time OK  timeOffset=1220.6886 ns, incremented to 1220.6886 ns
pillbox rf_c_571: Time OK  timeOffset=1221.1402 ns, incremented to 1221.1402 ns
pillbox rf_d_572: Time OK  timeOffset=1221.4913 ns, incremented to 1221.4913 ns
pillbox rf_e_573: Time OK  timeOffset=1221.8753 ns, incremented to 1221.8753 ns
pillbox rf_b_580: Time OK  timeOffset=1223.8397 ns, incremented to 1223.8397 ns
pillbox rf_c_581: Time OK  timeOffset=1224.3111 ns, incremented to 1224.3111 ns
pillbox rf_d_582: Time OK  timeOffset=1224.6311 ns, incremented to 1224.6311 ns
pillbox rf_e_583: Time OK  timeOffset=1225.0559 ns, incremented to 1225.0559 ns
pillbox rf_b_590: Time OK  timeOffset=1227.0607 ns, incremented to 1227.0607 ns
pillbox rf_c_591: Time OK  timeOffset=1227.4381 ns, incremented to 1227.4381 ns
pillbox rf_d_592: Time OK  timeOffset=1227.8169 ns, incremented to 1227.8169 ns
pillbox rf_e_593: Time OK  timeOffset=1228.2412 ns, incremented to 1228.2412 ns
pillbox rf_b_600: Time OK  timeOffset=1230.3128 ns, incremented to 1230.3128 ns
pillbox rf_c_601: Time OK  timeOffset=1230.6263 ns, incremented to 1230.6263 ns
pillbox rf_d_602: Time OK  timeOffset=1231.0534 ns, incremented to 1231.0534 ns
pillbox rf_e_603: Time OK  timeOffset=1231.4196 ns, incremented to 1231.4196 ns
Run complete  1 Events  0 seconds
================== Begin Reference Particle(s) ===============
***  Tune and Reference Particles ignore E fields.
***  Tune and Reference Particles ignore B fields.
***  Tune and Reference Particles ignore Energy loss.
Run complete  1 Events  0 seconds
================== Prepare Visualization ==================
Stochastic processes are enabled.
Available UI session types: [ Qt, tcsh, csh ]
QStandardPaths: wrong permissions on runtime directory /mnt/wslg/runtime-dir, 0777 instead of 0700
Visualization Manager instantiating with verbosity "warnings (3)"...
Visualization Manager initialising...
Registering graphics systems...

You have successfully registered the following graphics systems.
Registered graphics systems are:
  ASCIITree (ATree)
  DAWNFILE (DAWNFILE)
  G4HepRepFile (HepRepFile)
  RayTracer (RayTracer)
  VRML2FILE (VRML2FILE)
  gMocrenFile (gMocrenFile)
  OpenGLImmediateQt (OGLIQt, OGLI)
  OpenGLStoredQt (OGLSQt, OGL, OGLS)
  OpenGLImmediateX (OGLIX, OGLIQt_FALLBACK)
  OpenGLStoredX (OGLSX, OGLSQt_FALLBACK)
  RayTracerX (RayTracerX)

Registering model factories...

You have successfully registered the following model factories.
Registered model factories:
  generic
  drawByAttribute
  drawByCharge
  drawByOriginVolume
  drawByParticleID
  drawByEncounteredVolume

Registered models:
  None

Registered filter factories:
  attributeFilter
  chargeFilter
  originVolumeFilter
  particleFilter
  encounteredVolumeFilter

Registered filters:
  None

You have successfully registered the following user vis actions.
Run Duration User Vis Actions: none
End of Event User Vis Actions: none
End of Run User Vis Actions: none

Some /vis commands (optionally) take a string to specify colour.
"/vis/list" to see available colours.

Selected visualization viewer: Qt
BLVisManager init: /vis/open OGLSQt
BLVisManager init: /vis/viewer/set/auxiliaryEdge true
BLVisManager init: /vis/viewer/set/style surface
BLVisManager init: /vis/viewer/set/viewpointThetaPhi 0 0 deg
BLVisManager init: /vis/drawVolume
BLVisManager init: /tracking/storeTrajectory 1
BLVisManager init: /vis/scene/add/trajectories
/tracking/storeTrajectory 1
Attributes available for modeling and filtering with
  "/vis/modeling/trajectories/create/drawByAttribute" and
  "/vis/filtering/trajectories/create/attributeFilter" commands:
G4TrajectoriesModel:
  Event ID (EventID): G4int
  Run ID (RunID): G4int
G4Trajectory:
  Charge (Ch): unit: e+ (G4double)
  Track ID (ID): G4int
  Initial kinetic energy (IKE): G4BestUnit (G4double)
  Initial momentum magnitude (IMag): G4BestUnit (G4double)
  Initial momentum (IMom): G4BestUnit (G4ThreeVector)
  No. of points (NTP): G4int
  PDG Encoding (PDG): G4int
  Parent ID (PID): G4int
  Particle Name (PN): G4String
G4TrajectoryPoint:
  Position (Pos): G4BestUnit (G4ThreeVector)
WARNING: Trajectory storing has been requested.  This action may be
  reversed with "/tracking/storeTrajectory 0".
BLVisManager init: /vis/scene/endOfEventAction accumulate -1
WARNING: The vis manager will keep an unlimited number of events.
  This may use a lot of memory.
  It may be changed with, e.g., "/vis/scene/endOfEventAction accumulate 10".
BLVisManager init: /vis/viewer/set/hiddenMarker true

WARNING: No extent set for user vis action "DrawMarkers".
WARNING: User Vis Action "DrawMarkers" extent is null.
 Changing export format to "jpg"
G4VisManager: Using G4TrajectoryDrawByCharge as fallback trajectory model.
See commands in /vis/modeling/trajectories/ for other options.
1 event has been kept for refreshing and/or reviewing.
  "/vis/reviewKeptEvents" to review them one by one.
  "/vis/enable", then "/vis/viewer/flush" or "/vis/viewer/rebuild" to see them accumulated.
1 event has been kept for refreshing and/or reviewing.
  "/vis/reviewKeptEvents" to review them one by one.
  "/vis/enable", then "/vis/viewer/flush" or "/vis/viewer/rebuild" to see them accumulated.
1 event has been kept for refreshing and/or reviewing.
  "/vis/reviewKeptEvents" to review them one by one.
  "/vis/enable", then "/vis/viewer/flush" or "/vis/viewer/rebuild" to see them accumulated.
1 event has been kept for refreshing and/or reviewing.
  "/vis/reviewKeptEvents" to review them one by one.
  "/vis/enable", then "/vis/viewer/flush" or "/vis/viewer/rebuild" to see them accumulated.

Graphics systems deleted.
Visualization Manager deleting...

Exceptions: 0 Fatal, 0 Events Aborted, 0 Stuck Tracks (stopped), 2 Warnings
      1 times: Check number of field voxels
      1 times: EM Field Extends Outside World
g4beamline: simulation complete
