G4BL_DIR=/home/incik/G4beamline-3.08
G4LEDATA=/home/incik/Geant4Data/G4EMLOW8.0
G4ENSDFSTATEDATA=/home/incik/Geant4Data/G4ENSDFSTATE2.3
G4PARTICLEXSDATA=/home/incik/Geant4Data/G4PARTICLEXS4.0
G4LEVELGAMMADATA=/home/incik/Geant4Data/PhotonEvaporation5.7
G4RADIOACTIVEDATA=/home/incik/Geant4Data/RadioactiveDecay5.6
G4beamline Process ID 26856

*************************************************************
 g4beamline version: 3.08                        (Aug 11 2022)
                      Copyright : Tom Roberts, Muons, Inc.
                        License : Gnu Public License
                            WWW : http://g4beamline.muonsinc.com

          ################################
          !!! G4Backtrace is activated !!!
          ################################


**************************************************************
 Geant4 version Name: geant4-11-00-patch-02 [MT]   (25-May-2022)
                       Copyright : Geant4 Collaboration
                      References : NIM A 506 (2003), 250-303
                                 : IEEE-TNS 53 (2006), 270-278
                                 : NIM A 835 (2016), 186-225
                             WWW : http://geant4.org/
**************************************************************

geometry                   nPoints=100 printGeometry=0 visual=0
                           tolerance=0.002
param        filename      for009
param        last          200
param        final_output  beam_stage3_out
G4PhysListFactory::GetReferencePhysList <QGSP_BERT_EMX>  EMoption= 2
<<< Geant4 Physics List simulation engine: QGSP_BERT

G4VModularPhysicsList::ReplacePhysics: G4EmStandard with type : 2 is replaced with G4EmStandard_opt2

physics      QGSP_BERT_EMX disable= inactivate= deactivate= doStochastics=1
                           fluct=1 minRangeCut=1 list=0 gammaToMuPair=0
                           spinTracking=0 synchrotronRadiation=0
                           synchrotronRadiationMuon=0 maxTime=1e+06
param        pi            3.1415926
param        ncells        65
param        cell_length   1500
param        coilname1     coil1
param        coilname2     coil2
param        coil_length1  118.46964522286608
param        coil_radius1  250
param        coil_width1   125
param        current1      84.58579501857774
param        solpos1       0.08808222745578946
param        bendpos       0.1
param        angle         1.5
param        coil_length2  433.24692175022835
param        coil_radius2  450
param        coil_width2   225
param        current2      67.3050092621987
param        solpos2       0.2025930484741105
param        angle         1.5
param        bendpos       0.1
param        dipole        0.12
param        dipole_length 100
param        pres          35
param        rf_length     220
param        rf_fre        0.352
param        rf_grad       23.226115048725177
param        rf_ph         25.519517206533873
param        rf_window_length 0.05
param        wallthick     0.05
material H2     Z=1.00 A=1.01
                density=0.003 temperature=273 pressure=35.0
param        cavity_gas    Vacuum
param        pipe_radius   125
param        pipe_diameter 250
param        fringe_length 500
param        pipe_length   419.85
param        wedge_window_length 0.19
param        half_wedge_length 240
param        wedge_apex    115
param        end_z         99010
param        x_last        -7.11
param        y_last        -10.4
param        x_off         -5.8447445
param        y_off         -8.4742753
param        first         1
param        ref_momentum  203
reference                  particle=mu+ beamX=-5.845 beamY=-8.474 beamZ=0
                           beamT=440.3 rotation= referenceMomentum=203
                           beamXp=0 beamYp=0 meanMomentum=203 meanXp=0
                           meanYp=0 tuneZ=-3.7e+21 tuneMomentum=-3.7e+21
                           tolerance=0.001 noEfield=1 noBfield=1 noEloss=1
                           P=203
beam    ASCII   nEvents=2147483647 firstEvent=1 lastEvent=2147483647 beamZ=-3700000000000000000000.0 maxR=1000000.0 renumber=0 weight=1.000000 
		filename=beam_stage2_upt.txt format=BLTrackFile 
		
trackcuts                  kill= keep= killSecondaries=1 kineticEnergyCut=0
                           kineticEnergyMax=1.798e+308 maxTime=1e+06
                           keepPrimaries=0 steppingVerbose=0
trace                      nTrace=1 format=Trace oneNTuple=0 primaryOnly=0
                           traceTune=1 filename=Ev%dTrk%d file=Ev%dTrk%d
                           require= coordinates=Centerline
virtualdetector beamDet    radius=800 innerRadius=0 height=1600 width=1600
                           length=0.001 maxStep=100 material= color=1,1,1
                           noSingles=0 format=bltrackfile
                           filename=beam_stage3_out file=beam_stage3_out
                           require= referenceParticle=0 coordinates=Centerline
                           kill=0
genericbend  solbend       fieldWidth=1000 fieldHeight=1000 fieldLength=100
                           ironWidth=-1 ironHeight=-1 ironLength=-1 By=0.12
                           maxStep=100 fieldMaterial=Vacuum fieldColor=
                           ironMaterial=Fe ironColor=1,1,1 kill=1 fringe=0
                           fringeFactor=1 openAperture=1
fieldexpr fringe_left: Map 30000 points  Max Relative Error = 0.0012
fieldexpr fringe_left: Map 178503 points  Max Relative Error = 0.0003
fieldexpr    fringe_left   factorB=1 factorE=1 timeOffset=0 Bx=
                           By=0.12*((1+exp(5*-z/250)*cos(5*y/250))/(1+2*exp(5*-z/250)*cos(5*y/250)+exp(2*5*-z/250)))
                           Bz=-0.12*exp(5*-z/250)*sin(5*y/250)/(1+2*exp(5*-z/250)*cos(5*y/250)+exp(2*5*-z/250))
                           Br= Bphi= Ex= Ey= Ez= Er= time= nX=3 nY=199 nZ=299
                           nR=11 nT=11 tolerance=0.001 length=500 width=250
                           height=250 radius=-1 tmin=0 tmax=0
fieldexpr fringe_right: Map 30000 points  Max Relative Error = 0.0012
fieldexpr fringe_right: Map 178503 points  Max Relative Error = 0.0003
fieldexpr    fringe_right  factorB=1 factorE=1 timeOffset=0 Bx=
                           By=0.12*((1+exp(5*z/250)*cos(5*y/250))/(1+2*exp(5*z/250)*cos(5*y/250)+exp(2*5*z/250)))
                           Bz=-0.12*exp(5*z/250)*sin(5*y/250)/(1+2*exp(5*z/250)*cos(5*y/250)+exp(2*5*z/250))
                           Br= Bphi= Ex= Ey= Ez= Er= time= nX=3 nY=199 nZ=299
                           nR=11 nT=11 tolerance=0.001 length=500 width=250
                           height=250 radius=-1 tmin=0 tmax=0
coil    coil1   innerRadius=250.0 outerRadius=375.0 length=118.5 material=Cu 
		tolerance=0.002 nSheets=0 
		maxR=750.0 maxZ=1500.0 dR=0.0 dZ=0.0 filename=coil1.dat 
coilmap coil1   tolerance=0.00200 [fraction of Bz(r=0,z=0)]
coilmap coil1   read file 'coil1.dat'  dR=4.7 dZ=4.7
solenoid     sol1          coilName=coil1 current=84.59 color=1,1,1
                           alternate=0 kill=1 coil=coil1
solenoid     sol2          coilName=coil1 current=-84.59 color=1,1,1
                           alternate=0 kill=1 coil=coil1
coil    coil2   innerRadius=450.0 outerRadius=675.0 length=433.2 material=Cu 
		tolerance=0.002 nSheets=0 
		maxR=1350.0 maxZ=1500.0 dR=0.0 dZ=0.0 filename=coil2.dat 
coilmap coil2   tolerance=0.00200 [fraction of Bz(r=0,z=0)]
coilmap coil2   read file 'coil2.dat'  dR=16.9 dZ=16.9
solenoid     sol3          coilName=coil2 current=67.31 color=1,1,1
                           alternate=0 kill=1 coil=coil2
solenoid     sol4          coilName=coil2 current=-67.31 color=1,1,1
                           alternate=0 kill=1 coil=coil2
tubs         pipe          innerRadius=125 outerRadius=126 initialPhi=0
                           finalPhi=360 length=419.9 maxStep=100 material=
                           color=1,1,1 kill=1 radius=126
pillbox      cav00         maxGradient=22.96 color=1.0,0.0,0.0 frequency=0.352
                           innerLength=220 innerRadius=326 pipeThick=3
                           wallThick=0.05 irisRadius=125 collarRadialThick=5
                           collarThick=0 win1Thick=0.05 win1OuterRadius=50
                           win2Thick=0.05 winMat=Be phaseAcc=27.09
                           skinDepth=0.002 timingTolerance=0.001 maxStep=100
                           cavityMaterial=Vacuum timeOffset=-4.7e+21
                           timeIncrement=0 fieldMapFile= kill=1
pillbox      cav01         maxGradient=22.58 color=1.0,0.0,0.0 frequency=0.352
                           innerLength=220 innerRadius=326 pipeThick=3
                           wallThick=0.05 irisRadius=125 collarRadialThick=5
                           collarThick=0 win1Thick=0.05 win1OuterRadius=50
                           win2Thick=0.05 winMat=Be phaseAcc=28.27
                           skinDepth=0.002 timingTolerance=0.001 maxStep=100
                           cavityMaterial=Vacuum timeOffset=-4.7e+21
                           timeIncrement=0 fieldMapFile= kill=1
pillbox      cav02         maxGradient=22.57 color=1.0,0.0,0.0 frequency=0.352
                           innerLength=220 innerRadius=326 pipeThick=3
                           wallThick=0.05 irisRadius=125 collarRadialThick=5
                           collarThick=0 win1Thick=0.05 win1OuterRadius=50
                           win2Thick=0.05 winMat=Be phaseAcc=28.97
                           skinDepth=0.002 timingTolerance=0.001 maxStep=100
                           cavityMaterial=Vacuum timeOffset=-4.7e+21
                           timeIncrement=0 fieldMapFile= kill=1
pillbox      cav03         maxGradient=22.76 color=1.0,0.0,0.0 frequency=0.352
                           innerLength=220 innerRadius=326 pipeThick=3
                           wallThick=0.05 irisRadius=125 collarRadialThick=5
                           collarThick=0 win1Thick=0.05 win1OuterRadius=50
                           win2Thick=0.05 winMat=Be phaseAcc=23.84
                           skinDepth=0.002 timingTolerance=0.001 maxStep=100
                           cavityMaterial=Vacuum timeOffset=-4.7e+21
                           timeIncrement=0 fieldMapFile= kill=1
pillbox      cav10         maxGradient=23.38 color=1.0,0.0,0.0 frequency=0.352
                           innerLength=220 innerRadius=326 pipeThick=3
                           wallThick=0.05 irisRadius=125 collarRadialThick=5
                           collarThick=0 win1Thick=0.05 win1OuterRadius=50
                           win2Thick=0.05 winMat=Be phaseAcc=21.01
                           skinDepth=0.002 timingTolerance=0.001 maxStep=100
                           cavityMaterial=Vacuum timeOffset=-4.7e+21
                           timeIncrement=0 fieldMapFile= kill=1
pillbox      cav11         maxGradient=24.53 color=1.0,0.0,0.0 frequency=0.352
                           innerLength=220 innerRadius=326 pipeThick=3
                           wallThick=0.05 irisRadius=125 collarRadialThick=5
                           collarThick=0 win1Thick=0.05 win1OuterRadius=50
                           win2Thick=0.05 winMat=Be phaseAcc=32.06
                           skinDepth=0.002 timingTolerance=0.001 maxStep=100
                           cavityMaterial=Vacuum timeOffset=-4.7e+21
                           timeIncrement=0 fieldMapFile= kill=1
pillbox      cav12         maxGradient=23.35 color=1.0,0.0,0.0 frequency=0.352
                           innerLength=220 innerRadius=326 pipeThick=3
                           wallThick=0.05 irisRadius=125 collarRadialThick=5
                           collarThick=0 win1Thick=0.05 win1OuterRadius=50
                           win2Thick=0.05 winMat=Be phaseAcc=28.67
                           skinDepth=0.002 timingTolerance=0.001 maxStep=100
                           cavityMaterial=Vacuum timeOffset=-4.7e+21
                           timeIncrement=0 fieldMapFile= kill=1
pillbox      cav13         maxGradient=23.1 color=1.0,0.0,0.0 frequency=0.352
                           innerLength=220 innerRadius=326 pipeThick=3
                           wallThick=0.05 irisRadius=125 collarRadialThick=5
                           collarThick=0 win1Thick=0.05 win1OuterRadius=50
                           win2Thick=0.05 winMat=Be phaseAcc=8.103
                           skinDepth=0.002 timingTolerance=0.001 maxStep=100
                           cavityMaterial=Vacuum timeOffset=-4.7e+21
                           timeIncrement=0 fieldMapFile= kill=1
pillbox      cav20         maxGradient=22.36 color=1.0,0.0,0.0 frequency=0.352
                           innerLength=220 innerRadius=326 pipeThick=3
                           wallThick=0.05 irisRadius=125 collarRadialThick=5
                           collarThick=0 win1Thick=0.05 win1OuterRadius=50
                           win2Thick=0.05 winMat=Be phaseAcc=38.87
                           skinDepth=0.002 timingTolerance=0.001 maxStep=100
                           cavityMaterial=Vacuum timeOffset=-4.7e+21
                           timeIncrement=0 fieldMapFile= kill=1
pillbox      cav21         maxGradient=22.35 color=1.0,0.0,0.0 frequency=0.352
                           innerLength=220 innerRadius=326 pipeThick=3
                           wallThick=0.05 irisRadius=125 collarRadialThick=5
                           collarThick=0 win1Thick=0.05 win1OuterRadius=50
                           win2Thick=0.05 winMat=Be phaseAcc=25.33
                           skinDepth=0.002 timingTolerance=0.001 maxStep=100
                           cavityMaterial=Vacuum timeOffset=-4.7e+21
                           timeIncrement=0 fieldMapFile= kill=1
pillbox      cav22         maxGradient=25.39 color=1.0,0.0,0.0 frequency=0.352
                           innerLength=220 innerRadius=326 pipeThick=3
                           wallThick=0.05 irisRadius=125 collarRadialThick=5
                           collarThick=0 win1Thick=0.05 win1OuterRadius=50
                           win2Thick=0.05 winMat=Be phaseAcc=26.8
                           skinDepth=0.002 timingTolerance=0.001 maxStep=100
                           cavityMaterial=Vacuum timeOffset=-4.7e+21
                           timeIncrement=0 fieldMapFile= kill=1
pillbox      cav23         maxGradient=23.03 color=1.0,0.0,0.0 frequency=0.352
                           innerLength=220 innerRadius=326 pipeThick=3
                           wallThick=0.05 irisRadius=125 collarRadialThick=5
                           collarThick=0 win1Thick=0.05 win1OuterRadius=50
                           win2Thick=0.05 winMat=Be phaseAcc=15.08
                           skinDepth=0.002 timingTolerance=0.001 maxStep=100
                           cavityMaterial=Vacuum timeOffset=-4.7e+21
                           timeIncrement=0 fieldMapFile= kill=1
pillbox      cav30         maxGradient=24.45 color=1.0,0.0,0.0 frequency=0.352
                           innerLength=220 innerRadius=326 pipeThick=3
                           wallThick=0.05 irisRadius=125 collarRadialThick=5
                           collarThick=0 win1Thick=0.05 win1OuterRadius=50
                           win2Thick=0.05 winMat=Be phaseAcc=27.03
                           skinDepth=0.002 timingTolerance=0.001 maxStep=100
                           cavityMaterial=Vacuum timeOffset=-4.7e+21
                           timeIncrement=0 fieldMapFile= kill=1
pillbox      cav31         maxGradient=24.56 color=1.0,0.0,0.0 frequency=0.352
                           innerLength=220 innerRadius=326 pipeThick=3
                           wallThick=0.05 irisRadius=125 collarRadialThick=5
                           collarThick=0 win1Thick=0.05 win1OuterRadius=50
                           win2Thick=0.05 winMat=Be phaseAcc=29.93
                           skinDepth=0.002 timingTolerance=0.001 maxStep=100
                           cavityMaterial=Vacuum timeOffset=-4.7e+21
                           timeIncrement=0 fieldMapFile= kill=1
pillbox      cav32         maxGradient=22.21 color=1.0,0.0,0.0 frequency=0.352
                           innerLength=220 innerRadius=326 pipeThick=3
                           wallThick=0.05 irisRadius=125 collarRadialThick=5
                           collarThick=0 win1Thick=0.05 win1OuterRadius=50
                           win2Thick=0.05 winMat=Be phaseAcc=17.7
                           skinDepth=0.002 timingTolerance=0.001 maxStep=100
                           cavityMaterial=Vacuum timeOffset=-4.7e+21
                           timeIncrement=0 fieldMapFile= kill=1
pillbox      cav33         maxGradient=22.19 color=1.0,0.0,0.0 frequency=0.352
                           innerLength=220 innerRadius=326 pipeThick=3
                           wallThick=0.05 irisRadius=125 collarRadialThick=5
                           collarThick=0 win1Thick=0.05 win1OuterRadius=50
                           win2Thick=0.05 winMat=Be phaseAcc=23.02
                           skinDepth=0.002 timingTolerance=0.001 maxStep=100
                           cavityMaterial=Vacuum timeOffset=-4.7e+21
                           timeIncrement=0 fieldMapFile= kill=1
pillbox      cav40         maxGradient=23.13 color=1.0,0.0,0.0 frequency=0.352
                           innerLength=220 innerRadius=326 pipeThick=3
                           wallThick=0.05 irisRadius=125 collarRadialThick=5
                           collarThick=0 win1Thick=0.05 win1OuterRadius=50
                           win2Thick=0.05 winMat=Be phaseAcc=13.36
                           skinDepth=0.002 timingTolerance=0.001 maxStep=100
                           cavityMaterial=Vacuum timeOffset=-4.7e+21
                           timeIncrement=0 fieldMapFile= kill=1
pillbox      cav41         maxGradient=23.27 color=1.0,0.0,0.0 frequency=0.352
                           innerLength=220 innerRadius=326 pipeThick=3
                           wallThick=0.05 irisRadius=125 collarRadialThick=5
                           collarThick=0 win1Thick=0.05 win1OuterRadius=50
                           win2Thick=0.05 winMat=Be phaseAcc=34.76
                           skinDepth=0.002 timingTolerance=0.001 maxStep=100
                           cavityMaterial=Vacuum timeOffset=-4.7e+21
                           timeIncrement=0 fieldMapFile= kill=1
pillbox      cav42         maxGradient=23.31 color=1.0,0.0,0.0 frequency=0.352
                           innerLength=220 innerRadius=326 pipeThick=3
                           wallThick=0.05 irisRadius=125 collarRadialThick=5
                           collarThick=0 win1Thick=0.05 win1OuterRadius=50
                           win2Thick=0.05 winMat=Be phaseAcc=17.78
                           skinDepth=0.002 timingTolerance=0.001 maxStep=100
                           cavityMaterial=Vacuum timeOffset=-4.7e+21
                           timeIncrement=0 fieldMapFile= kill=1
pillbox      cav43         maxGradient=23.96 color=1.0,0.0,0.0 frequency=0.352
                           innerLength=220 innerRadius=326 pipeThick=3
                           wallThick=0.05 irisRadius=125 collarRadialThick=5
                           collarThick=0 win1Thick=0.05 win1OuterRadius=50
                           win2Thick=0.05 winMat=Be phaseAcc=23.01
                           skinDepth=0.002 timingTolerance=0.001 maxStep=100
                           cavityMaterial=Vacuum timeOffset=-4.7e+21
                           timeIncrement=0 fieldMapFile= kill=1
pillbox      cav50         maxGradient=22.97 color=1.0,0.0,0.0 frequency=0.352
                           innerLength=220 innerRadius=326 pipeThick=3
                           wallThick=0.05 irisRadius=125 collarRadialThick=5
                           collarThick=0 win1Thick=0.05 win1OuterRadius=50
                           win2Thick=0.05 winMat=Be phaseAcc=30.1
                           skinDepth=0.002 timingTolerance=0.001 maxStep=100
                           cavityMaterial=Vacuum timeOffset=-4.7e+21
                           timeIncrement=0 fieldMapFile= kill=1
pillbox      cav51         maxGradient=22.85 color=1.0,0.0,0.0 frequency=0.352
                           innerLength=220 innerRadius=326 pipeThick=3
                           wallThick=0.05 irisRadius=125 collarRadialThick=5
                           collarThick=0 win1Thick=0.05 win1OuterRadius=50
                           win2Thick=0.05 winMat=Be phaseAcc=21.71
                           skinDepth=0.002 timingTolerance=0.001 maxStep=100
                           cavityMaterial=Vacuum timeOffset=-4.7e+21
                           timeIncrement=0 fieldMapFile= kill=1
pillbox      cav52         maxGradient=22.84 color=1.0,0.0,0.0 frequency=0.352
                           innerLength=220 innerRadius=326 pipeThick=3
                           wallThick=0.05 irisRadius=125 collarRadialThick=5
                           collarThick=0 win1Thick=0.05 win1OuterRadius=50
                           win2Thick=0.05 winMat=Be phaseAcc=18.02
                           skinDepth=0.002 timingTolerance=0.001 maxStep=100
                           cavityMaterial=Vacuum timeOffset=-4.7e+21
                           timeIncrement=0 fieldMapFile= kill=1
pillbox      cav53         maxGradient=23.88 color=1.0,0.0,0.0 frequency=0.352
                           innerLength=220 innerRadius=326 pipeThick=3
                           wallThick=0.05 irisRadius=125 collarRadialThick=5
                           collarThick=0 win1Thick=0.05 win1OuterRadius=50
                           win2Thick=0.05 winMat=Be phaseAcc=18.81
                           skinDepth=0.002 timingTolerance=0.001 maxStep=100
                           cavityMaterial=Vacuum timeOffset=-4.7e+21
                           timeIncrement=0 fieldMapFile= kill=1
pillbox      cav60         maxGradient=21 color=1.0,0.0,0.0 frequency=0.352
                           innerLength=220 innerRadius=326 pipeThick=3
                           wallThick=0.05 irisRadius=125 collarRadialThick=5
                           collarThick=0 win1Thick=0.05 win1OuterRadius=50
                           win2Thick=0.05 winMat=Be phaseAcc=30.23
                           skinDepth=0.002 timingTolerance=0.001 maxStep=100
                           cavityMaterial=Vacuum timeOffset=-4.7e+21
                           timeIncrement=0 fieldMapFile= kill=1
pillbox      cav61         maxGradient=22.66 color=1.0,0.0,0.0 frequency=0.352
                           innerLength=220 innerRadius=326 pipeThick=3
                           wallThick=0.05 irisRadius=125 collarRadialThick=5
                           collarThick=0 win1Thick=0.05 win1OuterRadius=50
                           win2Thick=0.05 winMat=Be phaseAcc=34.65
                           skinDepth=0.002 timingTolerance=0.001 maxStep=100
                           cavityMaterial=Vacuum timeOffset=-4.7e+21
                           timeIncrement=0 fieldMapFile= kill=1
pillbox      cav62         maxGradient=24.89 color=1.0,0.0,0.0 frequency=0.352
                           innerLength=220 innerRadius=326 pipeThick=3
                           wallThick=0.05 irisRadius=125 collarRadialThick=5
                           collarThick=0 win1Thick=0.05 win1OuterRadius=50
                           win2Thick=0.05 winMat=Be phaseAcc=15.32
                           skinDepth=0.002 timingTolerance=0.001 maxStep=100
                           cavityMaterial=Vacuum timeOffset=-4.7e+21
                           timeIncrement=0 fieldMapFile= kill=1
pillbox      cav63         maxGradient=22.53 color=1.0,0.0,0.0 frequency=0.352
                           innerLength=220 innerRadius=326 pipeThick=3
                           wallThick=0.05 irisRadius=125 collarRadialThick=5
                           collarThick=0 win1Thick=0.05 win1OuterRadius=50
                           win2Thick=0.05 winMat=Be phaseAcc=26.97
                           skinDepth=0.002 timingTolerance=0.001 maxStep=100
                           cavityMaterial=Vacuum timeOffset=-4.7e+21
                           timeIncrement=0 fieldMapFile= kill=1
pillbox      cav70         maxGradient=21.31 color=1.0,0.0,0.0 frequency=0.352
                           innerLength=220 innerRadius=326 pipeThick=3
                           wallThick=0.05 irisRadius=125 collarRadialThick=5
                           collarThick=0 win1Thick=0.05 win1OuterRadius=50
                           win2Thick=0.05 winMat=Be phaseAcc=34.29
                           skinDepth=0.002 timingTolerance=0.001 maxStep=100
                           cavityMaterial=Vacuum timeOffset=-4.7e+21
                           timeIncrement=0 fieldMapFile= kill=1
pillbox      cav71         maxGradient=24.77 color=1.0,0.0,0.0 frequency=0.352
                           innerLength=220 innerRadius=326 pipeThick=3
                           wallThick=0.05 irisRadius=125 collarRadialThick=5
                           collarThick=0 win1Thick=0.05 win1OuterRadius=50
                           win2Thick=0.05 winMat=Be phaseAcc=30.38
                           skinDepth=0.002 timingTolerance=0.001 maxStep=100
                           cavityMaterial=Vacuum timeOffset=-4.7e+21
                           timeIncrement=0 fieldMapFile= kill=1
pillbox      cav72         maxGradient=22.43 color=1.0,0.0,0.0 frequency=0.352
                           innerLength=220 innerRadius=326 pipeThick=3
                           wallThick=0.05 irisRadius=125 collarRadialThick=5
                           collarThick=0 win1Thick=0.05 win1OuterRadius=50
                           win2Thick=0.05 winMat=Be phaseAcc=26.45
                           skinDepth=0.002 timingTolerance=0.001 maxStep=100
                           cavityMaterial=Vacuum timeOffset=-4.7e+21
                           timeIncrement=0 fieldMapFile= kill=1
pillbox      cav73         maxGradient=22.57 color=1.0,0.0,0.0 frequency=0.352
                           innerLength=220 innerRadius=326 pipeThick=3
                           wallThick=0.05 irisRadius=125 collarRadialThick=5
                           collarThick=0 win1Thick=0.05 win1OuterRadius=50
                           win2Thick=0.05 winMat=Be phaseAcc=43.01
                           skinDepth=0.002 timingTolerance=0.001 maxStep=100
                           cavityMaterial=Vacuum timeOffset=-4.7e+21
                           timeIncrement=0 fieldMapFile= kill=1
pillbox      cav80         maxGradient=23.03 color=1.0,0.0,0.0 frequency=0.352
                           innerLength=220 innerRadius=326 pipeThick=3
                           wallThick=0.05 irisRadius=125 collarRadialThick=5
                           collarThick=0 win1Thick=0.05 win1OuterRadius=50
                           win2Thick=0.05 winMat=Be phaseAcc=37.25
                           skinDepth=0.002 timingTolerance=0.001 maxStep=100
                           cavityMaterial=Vacuum timeOffset=-4.7e+21
                           timeIncrement=0 fieldMapFile= kill=1
pillbox      cav81         maxGradient=22.58 color=1.0,0.0,0.0 frequency=0.352
                           innerLength=220 innerRadius=326 pipeThick=3
                           wallThick=0.05 irisRadius=125 collarRadialThick=5
                           collarThick=0 win1Thick=0.05 win1OuterRadius=50
                           win2Thick=0.05 winMat=Be phaseAcc=22.93
                           skinDepth=0.002 timingTolerance=0.001 maxStep=100
                           cavityMaterial=Vacuum timeOffset=-4.7e+21
                           timeIncrement=0 fieldMapFile= kill=1
pillbox      cav82         maxGradient=23.29 color=1.0,0.0,0.0 frequency=0.352
                           innerLength=220 innerRadius=326 pipeThick=3
                           wallThick=0.05 irisRadius=125 collarRadialThick=5
                           collarThick=0 win1Thick=0.05 win1OuterRadius=50
                           win2Thick=0.05 winMat=Be phaseAcc=39.96
                           skinDepth=0.002 timingTolerance=0.001 maxStep=100
                           cavityMaterial=Vacuum timeOffset=-4.7e+21
                           timeIncrement=0 fieldMapFile= kill=1
pillbox      cav83         maxGradient=23.1 color=1.0,0.0,0.0 frequency=0.352
                           innerLength=220 innerRadius=326 pipeThick=3
                           wallThick=0.05 irisRadius=125 collarRadialThick=5
                           collarThick=0 win1Thick=0.05 win1OuterRadius=50
                           win2Thick=0.05 winMat=Be phaseAcc=10.35
                           skinDepth=0.002 timingTolerance=0.001 maxStep=100
                           cavityMaterial=Vacuum timeOffset=-4.7e+21
                           timeIncrement=0 fieldMapFile= kill=1
pillbox      cav90         maxGradient=25.02 color=1.0,0.0,0.0 frequency=0.352
                           innerLength=220 innerRadius=326 pipeThick=3
                           wallThick=0.05 irisRadius=125 collarRadialThick=5
                           collarThick=0 win1Thick=0.05 win1OuterRadius=50
                           win2Thick=0.05 winMat=Be phaseAcc=25.78
                           skinDepth=0.002 timingTolerance=0.001 maxStep=100
                           cavityMaterial=Vacuum timeOffset=-4.7e+21
                           timeIncrement=0 fieldMapFile= kill=1
pillbox      cav91         maxGradient=23.6 color=1.0,0.0,0.0 frequency=0.352
                           innerLength=220 innerRadius=326 pipeThick=3
                           wallThick=0.05 irisRadius=125 collarRadialThick=5
                           collarThick=0 win1Thick=0.05 win1OuterRadius=50
                           win2Thick=0.05 winMat=Be phaseAcc=33.96
                           skinDepth=0.002 timingTolerance=0.001 maxStep=100
                           cavityMaterial=Vacuum timeOffset=-4.7e+21
                           timeIncrement=0 fieldMapFile= kill=1
pillbox      cav92         maxGradient=23.68 color=1.0,0.0,0.0 frequency=0.352
                           innerLength=220 innerRadius=326 pipeThick=3
                           wallThick=0.05 irisRadius=125 collarRadialThick=5
                           collarThick=0 win1Thick=0.05 win1OuterRadius=50
                           win2Thick=0.05 winMat=Be phaseAcc=1.552
                           skinDepth=0.002 timingTolerance=0.001 maxStep=100
                           cavityMaterial=Vacuum timeOffset=-4.7e+21
                           timeIncrement=0 fieldMapFile= kill=1
pillbox      cav93         maxGradient=21.59 color=1.0,0.0,0.0 frequency=0.352
                           innerLength=220 innerRadius=326 pipeThick=3
                           wallThick=0.05 irisRadius=125 collarRadialThick=5
                           collarThick=0 win1Thick=0.05 win1OuterRadius=50
                           win2Thick=0.05 winMat=Be phaseAcc=27.63
                           skinDepth=0.002 timingTolerance=0.001 maxStep=100
                           cavityMaterial=Vacuum timeOffset=-4.7e+21
                           timeIncrement=0 fieldMapFile= kill=1
pillbox      cav100        maxGradient=22.66 color=1.0,0.0,0.0 frequency=0.352
                           innerLength=220 innerRadius=326 pipeThick=3
                           wallThick=0.05 irisRadius=125 collarRadialThick=5
                           collarThick=0 win1Thick=0.05 win1OuterRadius=50
                           win2Thick=0.05 winMat=Be phaseAcc=13.71
                           skinDepth=0.002 timingTolerance=0.001 maxStep=100
                           cavityMaterial=Vacuum timeOffset=-4.7e+21
                           timeIncrement=0 fieldMapFile= kill=1
pillbox      cav101        maxGradient=24.46 color=1.0,0.0,0.0 frequency=0.352
                           innerLength=220 innerRadius=326 pipeThick=3
                           wallThick=0.05 irisRadius=125 collarRadialThick=5
                           collarThick=0 win1Thick=0.05 win1OuterRadius=50
                           win2Thick=0.05 winMat=Be phaseAcc=29.19
                           skinDepth=0.002 timingTolerance=0.001 maxStep=100
                           cavityMaterial=Vacuum timeOffset=-4.7e+21
                           timeIncrement=0 fieldMapFile= kill=1
pillbox      cav102        maxGradient=22.37 color=1.0,0.0,0.0 frequency=0.352
                           innerLength=220 innerRadius=326 pipeThick=3
                           wallThick=0.05 irisRadius=125 collarRadialThick=5
                           collarThick=0 win1Thick=0.05 win1OuterRadius=50
                           win2Thick=0.05 winMat=Be phaseAcc=17.5
                           skinDepth=0.002 timingTolerance=0.001 maxStep=100
                           cavityMaterial=Vacuum timeOffset=-4.7e+21
                           timeIncrement=0 fieldMapFile= kill=1
pillbox      cav103        maxGradient=23.02 color=1.0,0.0,0.0 frequency=0.352
                           innerLength=220 innerRadius=326 pipeThick=3
                           wallThick=0.05 irisRadius=125 collarRadialThick=5
                           collarThick=0 win1Thick=0.05 win1OuterRadius=50
                           win2Thick=0.05 winMat=Be phaseAcc=10.96
                           skinDepth=0.002 timingTolerance=0.001 maxStep=100
                           cavityMaterial=Vacuum timeOffset=-4.7e+21
                           timeIncrement=0 fieldMapFile= kill=1
pillbox      cav110        maxGradient=22.86 color=1.0,0.0,0.0 frequency=0.352
                           innerLength=220 innerRadius=326 pipeThick=3
                           wallThick=0.05 irisRadius=125 collarRadialThick=5
                           collarThick=0 win1Thick=0.05 win1OuterRadius=50
                           win2Thick=0.05 winMat=Be phaseAcc=5.693
                           skinDepth=0.002 timingTolerance=0.001 maxStep=100
                           cavityMaterial=Vacuum timeOffset=-4.7e+21
                           timeIncrement=0 fieldMapFile= kill=1
pillbox      cav111        maxGradient=22.91 color=1.0,0.0,0.0 frequency=0.352
                           innerLength=220 innerRadius=326 pipeThick=3
                           wallThick=0.05 irisRadius=125 collarRadialThick=5
                           collarThick=0 win1Thick=0.05 win1OuterRadius=50
                           win2Thick=0.05 winMat=Be phaseAcc=16.79
                           skinDepth=0.002 timingTolerance=0.001 maxStep=100
                           cavityMaterial=Vacuum timeOffset=-4.7e+21
                           timeIncrement=0 fieldMapFile= kill=1
pillbox      cav112        maxGradient=22.27 color=1.0,0.0,0.0 frequency=0.352
                           innerLength=220 innerRadius=326 pipeThick=3
                           wallThick=0.05 irisRadius=125 collarRadialThick=5
                           collarThick=0 win1Thick=0.05 win1OuterRadius=50
                           win2Thick=0.05 winMat=Be phaseAcc=40.04
                           skinDepth=0.002 timingTolerance=0.001 maxStep=100
                           cavityMaterial=Vacuum timeOffset=-4.7e+21
                           timeIncrement=0 fieldMapFile= kill=1
pillbox      cav113        maxGradient=24.81 color=1.0,0.0,0.0 frequency=0.352
                           innerLength=220 innerRadius=326 pipeThick=3
                           wallThick=0.05 irisRadius=125 collarRadialThick=5
                           collarThick=0 win1Thick=0.05 win1OuterRadius=50
                           win2Thick=0.05 winMat=Be phaseAcc=30.65
                           skinDepth=0.002 timingTolerance=0.001 maxStep=100
                           cavityMaterial=Vacuum timeOffset=-4.7e+21
                           timeIncrement=0 fieldMapFile= kill=1
pillbox      cav120        maxGradient=23.35 color=1.0,0.0,0.0 frequency=0.352
                           innerLength=220 innerRadius=326 pipeThick=3
                           wallThick=0.05 irisRadius=125 collarRadialThick=5
                           collarThick=0 win1Thick=0.05 win1OuterRadius=50
                           win2Thick=0.05 winMat=Be phaseAcc=31.57
                           skinDepth=0.002 timingTolerance=0.001 maxStep=100
                           cavityMaterial=Vacuum timeOffset=-4.7e+21
                           timeIncrement=0 fieldMapFile= kill=1
pillbox      cav121        maxGradient=23.17 color=1.0,0.0,0.0 frequency=0.352
                           innerLength=220 innerRadius=326 pipeThick=3
                           wallThick=0.05 irisRadius=125 collarRadialThick=5
                           collarThick=0 win1Thick=0.05 win1OuterRadius=50
                           win2Thick=0.05 winMat=Be phaseAcc=20.64
                           skinDepth=0.002 timingTolerance=0.001 maxStep=100
                           cavityMaterial=Vacuum timeOffset=-4.7e+21
                           timeIncrement=0 fieldMapFile= kill=1
pillbox      cav122        maxGradient=22.79 color=1.0,0.0,0.0 frequency=0.352
                           innerLength=220 innerRadius=326 pipeThick=3
                           wallThick=0.05 irisRadius=125 collarRadialThick=5
                           collarThick=0 win1Thick=0.05 win1OuterRadius=50
                           win2Thick=0.05 winMat=Be phaseAcc=35.37
                           skinDepth=0.002 timingTolerance=0.001 maxStep=100
                           cavityMaterial=Vacuum timeOffset=-4.7e+21
                           timeIncrement=0 fieldMapFile= kill=1
pillbox      cav123        maxGradient=22.52 color=1.0,0.0,0.0 frequency=0.352
                           innerLength=220 innerRadius=326 pipeThick=3
                           wallThick=0.05 irisRadius=125 collarRadialThick=5
                           collarThick=0 win1Thick=0.05 win1OuterRadius=50
                           win2Thick=0.05 winMat=Be phaseAcc=11.1
                           skinDepth=0.002 timingTolerance=0.001 maxStep=100
                           cavityMaterial=Vacuum timeOffset=-4.7e+21
                           timeIncrement=0 fieldMapFile= kill=1
pillbox      cav130        maxGradient=22.72 color=1.0,0.0,0.0 frequency=0.352
                           innerLength=220 innerRadius=326 pipeThick=3
                           wallThick=0.05 irisRadius=125 collarRadialThick=5
                           collarThick=0 win1Thick=0.05 win1OuterRadius=50
                           win2Thick=0.05 winMat=Be phaseAcc=17.23
                           skinDepth=0.002 timingTolerance=0.001 maxStep=100
                           cavityMaterial=Vacuum timeOffset=-4.7e+21
                           timeIncrement=0 fieldMapFile= kill=1
pillbox      cav131        maxGradient=23.65 color=1.0,0.0,0.0 frequency=0.352
                           innerLength=220 innerRadius=326 pipeThick=3
                           wallThick=0.05 irisRadius=125 collarRadialThick=5
                           collarThick=0 win1Thick=0.05 win1OuterRadius=50
                           win2Thick=0.05 winMat=Be phaseAcc=19.54
                           skinDepth=0.002 timingTolerance=0.001 maxStep=100
                           cavityMaterial=Vacuum timeOffset=-4.7e+21
                           timeIncrement=0 fieldMapFile= kill=1
pillbox      cav132        maxGradient=23.11 color=1.0,0.0,0.0 frequency=0.352
                           innerLength=220 innerRadius=326 pipeThick=3
                           wallThick=0.05 irisRadius=125 collarRadialThick=5
                           collarThick=0 win1Thick=0.05 win1OuterRadius=50
                           win2Thick=0.05 winMat=Be phaseAcc=35
                           skinDepth=0.002 timingTolerance=0.001 maxStep=100
                           cavityMaterial=Vacuum timeOffset=-4.7e+21
                           timeIncrement=0 fieldMapFile= kill=1
pillbox      cav133        maxGradient=22.76 color=1.0,0.0,0.0 frequency=0.352
                           innerLength=220 innerRadius=326 pipeThick=3
                           wallThick=0.05 irisRadius=125 collarRadialThick=5
                           collarThick=0 win1Thick=0.05 win1OuterRadius=50
                           win2Thick=0.05 winMat=Be phaseAcc=18.55
                           skinDepth=0.002 timingTolerance=0.001 maxStep=100
                           cavityMaterial=Vacuum timeOffset=-4.7e+21
                           timeIncrement=0 fieldMapFile= kill=1
pillbox      cav140        maxGradient=25.08 color=1.0,0.0,0.0 frequency=0.352
                           innerLength=220 innerRadius=326 pipeThick=3
                           wallThick=0.05 irisRadius=125 collarRadialThick=5
                           collarThick=0 win1Thick=0.05 win1OuterRadius=50
                           win2Thick=0.05 winMat=Be phaseAcc=20.43
                           skinDepth=0.002 timingTolerance=0.001 maxStep=100
                           cavityMaterial=Vacuum timeOffset=-4.7e+21
                           timeIncrement=0 fieldMapFile= kill=1
pillbox      cav141        maxGradient=22.44 color=1.0,0.0,0.0 frequency=0.352
                           innerLength=220 innerRadius=326 pipeThick=3
                           wallThick=0.05 irisRadius=125 collarRadialThick=5
                           collarThick=0 win1Thick=0.05 win1OuterRadius=50
                           win2Thick=0.05 winMat=Be phaseAcc=11.43
                           skinDepth=0.002 timingTolerance=0.001 maxStep=100
                           cavityMaterial=Vacuum timeOffset=-4.7e+21
                           timeIncrement=0 fieldMapFile= kill=1
pillbox      cav142        maxGradient=24.65 color=1.0,0.0,0.0 frequency=0.352
                           innerLength=220 innerRadius=326 pipeThick=3
                           wallThick=0.05 irisRadius=125 collarRadialThick=5
                           collarThick=0 win1Thick=0.05 win1OuterRadius=50
                           win2Thick=0.05 winMat=Be phaseAcc=20.5
                           skinDepth=0.002 timingTolerance=0.001 maxStep=100
                           cavityMaterial=Vacuum timeOffset=-4.7e+21
                           timeIncrement=0 fieldMapFile= kill=1
pillbox      cav143        maxGradient=24.84 color=1.0,0.0,0.0 frequency=0.352
                           innerLength=220 innerRadius=326 pipeThick=3
                           wallThick=0.05 irisRadius=125 collarRadialThick=5
                           collarThick=0 win1Thick=0.05 win1OuterRadius=50
                           win2Thick=0.05 winMat=Be phaseAcc=2.771
                           skinDepth=0.002 timingTolerance=0.001 maxStep=100
                           cavityMaterial=Vacuum timeOffset=-4.7e+21
                           timeIncrement=0 fieldMapFile= kill=1
pillbox      cav150        maxGradient=22.48 color=1.0,0.0,0.0 frequency=0.352
                           innerLength=220 innerRadius=326 pipeThick=3
                           wallThick=0.05 irisRadius=125 collarRadialThick=5
                           collarThick=0 win1Thick=0.05 win1OuterRadius=50
                           win2Thick=0.05 winMat=Be phaseAcc=35.51
                           skinDepth=0.002 timingTolerance=0.001 maxStep=100
                           cavityMaterial=Vacuum timeOffset=-4.7e+21
                           timeIncrement=0 fieldMapFile= kill=1
pillbox      cav151        maxGradient=23.33 color=1.0,0.0,0.0 frequency=0.352
                           innerLength=220 innerRadius=326 pipeThick=3
                           wallThick=0.05 irisRadius=125 collarRadialThick=5
                           collarThick=0 win1Thick=0.05 win1OuterRadius=50
                           win2Thick=0.05 winMat=Be phaseAcc=23.55
                           skinDepth=0.002 timingTolerance=0.001 maxStep=100
                           cavityMaterial=Vacuum timeOffset=-4.7e+21
                           timeIncrement=0 fieldMapFile= kill=1
pillbox      cav152        maxGradient=23.9 color=1.0,0.0,0.0 frequency=0.352
                           innerLength=220 innerRadius=326 pipeThick=3
                           wallThick=0.05 irisRadius=125 collarRadialThick=5
                           collarThick=0 win1Thick=0.05 win1OuterRadius=50
                           win2Thick=0.05 winMat=Be phaseAcc=44.75
                           skinDepth=0.002 timingTolerance=0.001 maxStep=100
                           cavityMaterial=Vacuum timeOffset=-4.7e+21
                           timeIncrement=0 fieldMapFile= kill=1
pillbox      cav153        maxGradient=24.93 color=1.0,0.0,0.0 frequency=0.352
                           innerLength=220 innerRadius=326 pipeThick=3
                           wallThick=0.05 irisRadius=125 collarRadialThick=5
                           collarThick=0 win1Thick=0.05 win1OuterRadius=50
                           win2Thick=0.05 winMat=Be phaseAcc=48.85
                           skinDepth=0.002 timingTolerance=0.001 maxStep=100
                           cavityMaterial=Vacuum timeOffset=-4.7e+21
                           timeIncrement=0 fieldMapFile= kill=1
pillbox      cav160        maxGradient=23.2 color=1.0,0.0,0.0 frequency=0.352
                           innerLength=220 innerRadius=326 pipeThick=3
                           wallThick=0.05 irisRadius=125 collarRadialThick=5
                           collarThick=0 win1Thick=0.05 win1OuterRadius=50
                           win2Thick=0.05 winMat=Be phaseAcc=17.48
                           skinDepth=0.002 timingTolerance=0.001 maxStep=100
                           cavityMaterial=Vacuum timeOffset=-4.7e+21
                           timeIncrement=0 fieldMapFile= kill=1
pillbox      cav161        maxGradient=23.08 color=1.0,0.0,0.0 frequency=0.352
                           innerLength=220 innerRadius=326 pipeThick=3
                           wallThick=0.05 irisRadius=125 collarRadialThick=5
                           collarThick=0 win1Thick=0.05 win1OuterRadius=50
                           win2Thick=0.05 winMat=Be phaseAcc=22.15
                           skinDepth=0.002 timingTolerance=0.001 maxStep=100
                           cavityMaterial=Vacuum timeOffset=-4.7e+21
                           timeIncrement=0 fieldMapFile= kill=1
pillbox      cav162        maxGradient=22.86 color=1.0,0.0,0.0 frequency=0.352
                           innerLength=220 innerRadius=326 pipeThick=3
                           wallThick=0.05 irisRadius=125 collarRadialThick=5
                           collarThick=0 win1Thick=0.05 win1OuterRadius=50
                           win2Thick=0.05 winMat=Be phaseAcc=19.8
                           skinDepth=0.002 timingTolerance=0.001 maxStep=100
                           cavityMaterial=Vacuum timeOffset=-4.7e+21
                           timeIncrement=0 fieldMapFile= kill=1
pillbox      cav163        maxGradient=23.37 color=1.0,0.0,0.0 frequency=0.352
                           innerLength=220 innerRadius=326 pipeThick=3
                           wallThick=0.05 irisRadius=125 collarRadialThick=5
                           collarThick=0 win1Thick=0.05 win1OuterRadius=50
                           win2Thick=0.05 winMat=Be phaseAcc=34.91
                           skinDepth=0.002 timingTolerance=0.001 maxStep=100
                           cavityMaterial=Vacuum timeOffset=-4.7e+21
                           timeIncrement=0 fieldMapFile= kill=1
pillbox      cav170        maxGradient=22.57 color=1.0,0.0,0.0 frequency=0.352
                           innerLength=220 innerRadius=326 pipeThick=3
                           wallThick=0.05 irisRadius=125 collarRadialThick=5
                           collarThick=0 win1Thick=0.05 win1OuterRadius=50
                           win2Thick=0.05 winMat=Be phaseAcc=36.6
                           skinDepth=0.002 timingTolerance=0.001 maxStep=100
                           cavityMaterial=Vacuum timeOffset=-4.7e+21
                           timeIncrement=0 fieldMapFile= kill=1
pillbox      cav171        maxGradient=23.54 color=1.0,0.0,0.0 frequency=0.352
                           innerLength=220 innerRadius=326 pipeThick=3
                           wallThick=0.05 irisRadius=125 collarRadialThick=5
                           collarThick=0 win1Thick=0.05 win1OuterRadius=50
                           win2Thick=0.05 winMat=Be phaseAcc=20.46
                           skinDepth=0.002 timingTolerance=0.001 maxStep=100
                           cavityMaterial=Vacuum timeOffset=-4.7e+21
                           timeIncrement=0 fieldMapFile= kill=1
pillbox      cav172        maxGradient=23.55 color=1.0,0.0,0.0 frequency=0.352
                           innerLength=220 innerRadius=326 pipeThick=3
                           wallThick=0.05 irisRadius=125 collarRadialThick=5
                           collarThick=0 win1Thick=0.05 win1OuterRadius=50
                           win2Thick=0.05 winMat=Be phaseAcc=39.17
                           skinDepth=0.002 timingTolerance=0.001 maxStep=100
                           cavityMaterial=Vacuum timeOffset=-4.7e+21
                           timeIncrement=0 fieldMapFile= kill=1
pillbox      cav173        maxGradient=22.83 color=1.0,0.0,0.0 frequency=0.352
                           innerLength=220 innerRadius=326 pipeThick=3
                           wallThick=0.05 irisRadius=125 collarRadialThick=5
                           collarThick=0 win1Thick=0.05 win1OuterRadius=50
                           win2Thick=0.05 winMat=Be phaseAcc=43.41
                           skinDepth=0.002 timingTolerance=0.001 maxStep=100
                           cavityMaterial=Vacuum timeOffset=-4.7e+21
                           timeIncrement=0 fieldMapFile= kill=1
pillbox      cav180        maxGradient=24.16 color=1.0,0.0,0.0 frequency=0.352
                           innerLength=220 innerRadius=326 pipeThick=3
                           wallThick=0.05 irisRadius=125 collarRadialThick=5
                           collarThick=0 win1Thick=0.05 win1OuterRadius=50
                           win2Thick=0.05 winMat=Be phaseAcc=10.27
                           skinDepth=0.002 timingTolerance=0.001 maxStep=100
                           cavityMaterial=Vacuum timeOffset=-4.7e+21
                           timeIncrement=0 fieldMapFile= kill=1
pillbox      cav181        maxGradient=23.29 color=1.0,0.0,0.0 frequency=0.352
                           innerLength=220 innerRadius=326 pipeThick=3
                           wallThick=0.05 irisRadius=125 collarRadialThick=5
                           collarThick=0 win1Thick=0.05 win1OuterRadius=50
                           win2Thick=0.05 winMat=Be phaseAcc=16.39
                           skinDepth=0.002 timingTolerance=0.001 maxStep=100
                           cavityMaterial=Vacuum timeOffset=-4.7e+21
                           timeIncrement=0 fieldMapFile= kill=1
pillbox      cav182        maxGradient=21.91 color=1.0,0.0,0.0 frequency=0.352
                           innerLength=220 innerRadius=326 pipeThick=3
                           wallThick=0.05 irisRadius=125 collarRadialThick=5
                           collarThick=0 win1Thick=0.05 win1OuterRadius=50
                           win2Thick=0.05 winMat=Be phaseAcc=38.12
                           skinDepth=0.002 timingTolerance=0.001 maxStep=100
                           cavityMaterial=Vacuum timeOffset=-4.7e+21
                           timeIncrement=0 fieldMapFile= kill=1
pillbox      cav183        maxGradient=23.7 color=1.0,0.0,0.0 frequency=0.352
                           innerLength=220 innerRadius=326 pipeThick=3
                           wallThick=0.05 irisRadius=125 collarRadialThick=5
                           collarThick=0 win1Thick=0.05 win1OuterRadius=50
                           win2Thick=0.05 winMat=Be phaseAcc=27.76
                           skinDepth=0.002 timingTolerance=0.001 maxStep=100
                           cavityMaterial=Vacuum timeOffset=-4.7e+21
                           timeIncrement=0 fieldMapFile= kill=1
pillbox      cav190        maxGradient=22.67 color=1.0,0.0,0.0 frequency=0.352
                           innerLength=220 innerRadius=326 pipeThick=3
                           wallThick=0.05 irisRadius=125 collarRadialThick=5
                           collarThick=0 win1Thick=0.05 win1OuterRadius=50
                           win2Thick=0.05 winMat=Be phaseAcc=19.29
                           skinDepth=0.002 timingTolerance=0.001 maxStep=100
                           cavityMaterial=Vacuum timeOffset=-4.7e+21
                           timeIncrement=0 fieldMapFile= kill=1
pillbox      cav191        maxGradient=23.22 color=1.0,0.0,0.0 frequency=0.352
                           innerLength=220 innerRadius=326 pipeThick=3
                           wallThick=0.05 irisRadius=125 collarRadialThick=5
                           collarThick=0 win1Thick=0.05 win1OuterRadius=50
                           win2Thick=0.05 winMat=Be phaseAcc=33.32
                           skinDepth=0.002 timingTolerance=0.001 maxStep=100
                           cavityMaterial=Vacuum timeOffset=-4.7e+21
                           timeIncrement=0 fieldMapFile= kill=1
pillbox      cav192        maxGradient=22.91 color=1.0,0.0,0.0 frequency=0.352
                           innerLength=220 innerRadius=326 pipeThick=3
                           wallThick=0.05 irisRadius=125 collarRadialThick=5
                           collarThick=0 win1Thick=0.05 win1OuterRadius=50
                           win2Thick=0.05 winMat=Be phaseAcc=15.66
                           skinDepth=0.002 timingTolerance=0.001 maxStep=100
                           cavityMaterial=Vacuum timeOffset=-4.7e+21
                           timeIncrement=0 fieldMapFile= kill=1
pillbox      cav193        maxGradient=22.08 color=1.0,0.0,0.0 frequency=0.352
                           innerLength=220 innerRadius=326 pipeThick=3
                           wallThick=0.05 irisRadius=125 collarRadialThick=5
                           collarThick=0 win1Thick=0.05 win1OuterRadius=50
                           win2Thick=0.05 winMat=Be phaseAcc=12.88
                           skinDepth=0.002 timingTolerance=0.001 maxStep=100
                           cavityMaterial=Vacuum timeOffset=-4.7e+21
                           timeIncrement=0 fieldMapFile= kill=1
pillbox      cav200        maxGradient=22.31 color=1.0,0.0,0.0 frequency=0.352
                           innerLength=220 innerRadius=326 pipeThick=3
                           wallThick=0.05 irisRadius=125 collarRadialThick=5
                           collarThick=0 win1Thick=0.05 win1OuterRadius=50
                           win2Thick=0.05 winMat=Be phaseAcc=37.63
                           skinDepth=0.002 timingTolerance=0.001 maxStep=100
                           cavityMaterial=Vacuum timeOffset=-4.7e+21
                           timeIncrement=0 fieldMapFile= kill=1
pillbox      cav201        maxGradient=22.99 color=1.0,0.0,0.0 frequency=0.352
                           innerLength=220 innerRadius=326 pipeThick=3
                           wallThick=0.05 irisRadius=125 collarRadialThick=5
                           collarThick=0 win1Thick=0.05 win1OuterRadius=50
                           win2Thick=0.05 winMat=Be phaseAcc=37.61
                           skinDepth=0.002 timingTolerance=0.001 maxStep=100
                           cavityMaterial=Vacuum timeOffset=-4.7e+21
                           timeIncrement=0 fieldMapFile= kill=1
pillbox      cav202        maxGradient=23.6 color=1.0,0.0,0.0 frequency=0.352
                           innerLength=220 innerRadius=326 pipeThick=3
                           wallThick=0.05 irisRadius=125 collarRadialThick=5
                           collarThick=0 win1Thick=0.05 win1OuterRadius=50
                           win2Thick=0.05 winMat=Be phaseAcc=32.67
                           skinDepth=0.002 timingTolerance=0.001 maxStep=100
                           cavityMaterial=Vacuum timeOffset=-4.7e+21
                           timeIncrement=0 fieldMapFile= kill=1
pillbox      cav203        maxGradient=22.74 color=1.0,0.0,0.0 frequency=0.352
                           innerLength=220 innerRadius=326 pipeThick=3
                           wallThick=0.05 irisRadius=125 collarRadialThick=5
                           collarThick=0 win1Thick=0.05 win1OuterRadius=50
                           win2Thick=0.05 winMat=Be phaseAcc=33.67
                           skinDepth=0.002 timingTolerance=0.001 maxStep=100
                           cavityMaterial=Vacuum timeOffset=-4.7e+21
                           timeIncrement=0 fieldMapFile= kill=1
pillbox      cav210        maxGradient=23.31 color=1.0,0.0,0.0 frequency=0.352
                           innerLength=220 innerRadius=326 pipeThick=3
                           wallThick=0.05 irisRadius=125 collarRadialThick=5
                           collarThick=0 win1Thick=0.05 win1OuterRadius=50
                           win2Thick=0.05 winMat=Be phaseAcc=27.47
                           skinDepth=0.002 timingTolerance=0.001 maxStep=100
                           cavityMaterial=Vacuum timeOffset=-4.7e+21
                           timeIncrement=0 fieldMapFile= kill=1
pillbox      cav211        maxGradient=22.01 color=1.0,0.0,0.0 frequency=0.352
                           innerLength=220 innerRadius=326 pipeThick=3
                           wallThick=0.05 irisRadius=125 collarRadialThick=5
                           collarThick=0 win1Thick=0.05 win1OuterRadius=50
                           win2Thick=0.05 winMat=Be phaseAcc=42.32
                           skinDepth=0.002 timingTolerance=0.001 maxStep=100
                           cavityMaterial=Vacuum timeOffset=-4.7e+21
                           timeIncrement=0 fieldMapFile= kill=1
pillbox      cav212        maxGradient=22.66 color=1.0,0.0,0.0 frequency=0.352
                           innerLength=220 innerRadius=326 pipeThick=3
                           wallThick=0.05 irisRadius=125 collarRadialThick=5
                           collarThick=0 win1Thick=0.05 win1OuterRadius=50
                           win2Thick=0.05 winMat=Be phaseAcc=23.52
                           skinDepth=0.002 timingTolerance=0.001 maxStep=100
                           cavityMaterial=Vacuum timeOffset=-4.7e+21
                           timeIncrement=0 fieldMapFile= kill=1
pillbox      cav213        maxGradient=23.43 color=1.0,0.0,0.0 frequency=0.352
                           innerLength=220 innerRadius=326 pipeThick=3
                           wallThick=0.05 irisRadius=125 collarRadialThick=5
                           collarThick=0 win1Thick=0.05 win1OuterRadius=50
                           win2Thick=0.05 winMat=Be phaseAcc=12.72
                           skinDepth=0.002 timingTolerance=0.001 maxStep=100
                           cavityMaterial=Vacuum timeOffset=-4.7e+21
                           timeIncrement=0 fieldMapFile= kill=1
pillbox      cav220        maxGradient=23.04 color=1.0,0.0,0.0 frequency=0.352
                           innerLength=220 innerRadius=326 pipeThick=3
                           wallThick=0.05 irisRadius=125 collarRadialThick=5
                           collarThick=0 win1Thick=0.05 win1OuterRadius=50
                           win2Thick=0.05 winMat=Be phaseAcc=23.88
                           skinDepth=0.002 timingTolerance=0.001 maxStep=100
                           cavityMaterial=Vacuum timeOffset=-4.7e+21
                           timeIncrement=0 fieldMapFile= kill=1
pillbox      cav221        maxGradient=22.21 color=1.0,0.0,0.0 frequency=0.352
                           innerLength=220 innerRadius=326 pipeThick=3
                           wallThick=0.05 irisRadius=125 collarRadialThick=5
                           collarThick=0 win1Thick=0.05 win1OuterRadius=50
                           win2Thick=0.05 winMat=Be phaseAcc=21.11
                           skinDepth=0.002 timingTolerance=0.001 maxStep=100
                           cavityMaterial=Vacuum timeOffset=-4.7e+21
                           timeIncrement=0 fieldMapFile= kill=1
pillbox      cav222        maxGradient=22.76 color=1.0,0.0,0.0 frequency=0.352
                           innerLength=220 innerRadius=326 pipeThick=3
                           wallThick=0.05 irisRadius=125 collarRadialThick=5
                           collarThick=0 win1Thick=0.05 win1OuterRadius=50
                           win2Thick=0.05 winMat=Be phaseAcc=25.3
                           skinDepth=0.002 timingTolerance=0.001 maxStep=100
                           cavityMaterial=Vacuum timeOffset=-4.7e+21
                           timeIncrement=0 fieldMapFile= kill=1
pillbox      cav223        maxGradient=24.96 color=1.0,0.0,0.0 frequency=0.352
                           innerLength=220 innerRadius=326 pipeThick=3
                           wallThick=0.05 irisRadius=125 collarRadialThick=5
                           collarThick=0 win1Thick=0.05 win1OuterRadius=50
                           win2Thick=0.05 winMat=Be phaseAcc=25.24
                           skinDepth=0.002 timingTolerance=0.001 maxStep=100
                           cavityMaterial=Vacuum timeOffset=-4.7e+21
                           timeIncrement=0 fieldMapFile= kill=1
pillbox      cav230        maxGradient=22.55 color=1.0,0.0,0.0 frequency=0.352
                           innerLength=220 innerRadius=326 pipeThick=3
                           wallThick=0.05 irisRadius=125 collarRadialThick=5
                           collarThick=0 win1Thick=0.05 win1OuterRadius=50
                           win2Thick=0.05 winMat=Be phaseAcc=35.38
                           skinDepth=0.002 timingTolerance=0.001 maxStep=100
                           cavityMaterial=Vacuum timeOffset=-4.7e+21
                           timeIncrement=0 fieldMapFile= kill=1
pillbox      cav231        maxGradient=22.52 color=1.0,0.0,0.0 frequency=0.352
                           innerLength=220 innerRadius=326 pipeThick=3
                           wallThick=0.05 irisRadius=125 collarRadialThick=5
                           collarThick=0 win1Thick=0.05 win1OuterRadius=50
                           win2Thick=0.05 winMat=Be phaseAcc=16.1
                           skinDepth=0.002 timingTolerance=0.001 maxStep=100
                           cavityMaterial=Vacuum timeOffset=-4.7e+21
                           timeIncrement=0 fieldMapFile= kill=1
pillbox      cav232        maxGradient=22.83 color=1.0,0.0,0.0 frequency=0.352
                           innerLength=220 innerRadius=326 pipeThick=3
                           wallThick=0.05 irisRadius=125 collarRadialThick=5
                           collarThick=0 win1Thick=0.05 win1OuterRadius=50
                           win2Thick=0.05 winMat=Be phaseAcc=28.92
                           skinDepth=0.002 timingTolerance=0.001 maxStep=100
                           cavityMaterial=Vacuum timeOffset=-4.7e+21
                           timeIncrement=0 fieldMapFile= kill=1
pillbox      cav233        maxGradient=25.63 color=1.0,0.0,0.0 frequency=0.352
                           innerLength=220 innerRadius=326 pipeThick=3
                           wallThick=0.05 irisRadius=125 collarRadialThick=5
                           collarThick=0 win1Thick=0.05 win1OuterRadius=50
                           win2Thick=0.05 winMat=Be phaseAcc=39.16
                           skinDepth=0.002 timingTolerance=0.001 maxStep=100
                           cavityMaterial=Vacuum timeOffset=-4.7e+21
                           timeIncrement=0 fieldMapFile= kill=1
pillbox      cav240        maxGradient=24.15 color=1.0,0.0,0.0 frequency=0.352
                           innerLength=220 innerRadius=326 pipeThick=3
                           wallThick=0.05 irisRadius=125 collarRadialThick=5
                           collarThick=0 win1Thick=0.05 win1OuterRadius=50
                           win2Thick=0.05 winMat=Be phaseAcc=25.93
                           skinDepth=0.002 timingTolerance=0.001 maxStep=100
                           cavityMaterial=Vacuum timeOffset=-4.7e+21
                           timeIncrement=0 fieldMapFile= kill=1
pillbox      cav241        maxGradient=23.25 color=1.0,0.0,0.0 frequency=0.352
                           innerLength=220 innerRadius=326 pipeThick=3
                           wallThick=0.05 irisRadius=125 collarRadialThick=5
                           collarThick=0 win1Thick=0.05 win1OuterRadius=50
                           win2Thick=0.05 winMat=Be phaseAcc=17.83
                           skinDepth=0.002 timingTolerance=0.001 maxStep=100
                           cavityMaterial=Vacuum timeOffset=-4.7e+21
                           timeIncrement=0 fieldMapFile= kill=1
pillbox      cav242        maxGradient=23.06 color=1.0,0.0,0.0 frequency=0.352
                           innerLength=220 innerRadius=326 pipeThick=3
                           wallThick=0.05 irisRadius=125 collarRadialThick=5
                           collarThick=0 win1Thick=0.05 win1OuterRadius=50
                           win2Thick=0.05 winMat=Be phaseAcc=10.34
                           skinDepth=0.002 timingTolerance=0.001 maxStep=100
                           cavityMaterial=Vacuum timeOffset=-4.7e+21
                           timeIncrement=0 fieldMapFile= kill=1
pillbox      cav243        maxGradient=23.13 color=1.0,0.0,0.0 frequency=0.352
                           innerLength=220 innerRadius=326 pipeThick=3
                           wallThick=0.05 irisRadius=125 collarRadialThick=5
                           collarThick=0 win1Thick=0.05 win1OuterRadius=50
                           win2Thick=0.05 winMat=Be phaseAcc=40.74
                           skinDepth=0.002 timingTolerance=0.001 maxStep=100
                           cavityMaterial=Vacuum timeOffset=-4.7e+21
                           timeIncrement=0 fieldMapFile= kill=1
pillbox      cav250        maxGradient=24.49 color=1.0,0.0,0.0 frequency=0.352
                           innerLength=220 innerRadius=326 pipeThick=3
                           wallThick=0.05 irisRadius=125 collarRadialThick=5
                           collarThick=0 win1Thick=0.05 win1OuterRadius=50
                           win2Thick=0.05 winMat=Be phaseAcc=23.84
                           skinDepth=0.002 timingTolerance=0.001 maxStep=100
                           cavityMaterial=Vacuum timeOffset=-4.7e+21
                           timeIncrement=0 fieldMapFile= kill=1
pillbox      cav251        maxGradient=22.91 color=1.0,0.0,0.0 frequency=0.352
                           innerLength=220 innerRadius=326 pipeThick=3
                           wallThick=0.05 irisRadius=125 collarRadialThick=5
                           collarThick=0 win1Thick=0.05 win1OuterRadius=50
                           win2Thick=0.05 winMat=Be phaseAcc=23.43
                           skinDepth=0.002 timingTolerance=0.001 maxStep=100
                           cavityMaterial=Vacuum timeOffset=-4.7e+21
                           timeIncrement=0 fieldMapFile= kill=1
pillbox      cav252        maxGradient=23.81 color=1.0,0.0,0.0 frequency=0.352
                           innerLength=220 innerRadius=326 pipeThick=3
                           wallThick=0.05 irisRadius=125 collarRadialThick=5
                           collarThick=0 win1Thick=0.05 win1OuterRadius=50
                           win2Thick=0.05 winMat=Be phaseAcc=24.41
                           skinDepth=0.002 timingTolerance=0.001 maxStep=100
                           cavityMaterial=Vacuum timeOffset=-4.7e+21
                           timeIncrement=0 fieldMapFile= kill=1
pillbox      cav253        maxGradient=23.67 color=1.0,0.0,0.0 frequency=0.352
                           innerLength=220 innerRadius=326 pipeThick=3
                           wallThick=0.05 irisRadius=125 collarRadialThick=5
                           collarThick=0 win1Thick=0.05 win1OuterRadius=50
                           win2Thick=0.05 winMat=Be phaseAcc=29.11
                           skinDepth=0.002 timingTolerance=0.001 maxStep=100
                           cavityMaterial=Vacuum timeOffset=-4.7e+21
                           timeIncrement=0 fieldMapFile= kill=1
pillbox      cav260        maxGradient=23.68 color=1.0,0.0,0.0 frequency=0.352
                           innerLength=220 innerRadius=326 pipeThick=3
                           wallThick=0.05 irisRadius=125 collarRadialThick=5
                           collarThick=0 win1Thick=0.05 win1OuterRadius=50
                           win2Thick=0.05 winMat=Be phaseAcc=26.76
                           skinDepth=0.002 timingTolerance=0.001 maxStep=100
                           cavityMaterial=Vacuum timeOffset=-4.7e+21
                           timeIncrement=0 fieldMapFile= kill=1
pillbox      cav261        maxGradient=22.93 color=1.0,0.0,0.0 frequency=0.352
                           innerLength=220 innerRadius=326 pipeThick=3
                           wallThick=0.05 irisRadius=125 collarRadialThick=5
                           collarThick=0 win1Thick=0.05 win1OuterRadius=50
                           win2Thick=0.05 winMat=Be phaseAcc=18.83
                           skinDepth=0.002 timingTolerance=0.001 maxStep=100
                           cavityMaterial=Vacuum timeOffset=-4.7e+21
                           timeIncrement=0 fieldMapFile= kill=1
pillbox      cav262        maxGradient=22.49 color=1.0,0.0,0.0 frequency=0.352
                           innerLength=220 innerRadius=326 pipeThick=3
                           wallThick=0.05 irisRadius=125 collarRadialThick=5
                           collarThick=0 win1Thick=0.05 win1OuterRadius=50
                           win2Thick=0.05 winMat=Be phaseAcc=43.2
                           skinDepth=0.002 timingTolerance=0.001 maxStep=100
                           cavityMaterial=Vacuum timeOffset=-4.7e+21
                           timeIncrement=0 fieldMapFile= kill=1
pillbox      cav263        maxGradient=22.55 color=1.0,0.0,0.0 frequency=0.352
                           innerLength=220 innerRadius=326 pipeThick=3
                           wallThick=0.05 irisRadius=125 collarRadialThick=5
                           collarThick=0 win1Thick=0.05 win1OuterRadius=50
                           win2Thick=0.05 winMat=Be phaseAcc=20.28
                           skinDepth=0.002 timingTolerance=0.001 maxStep=100
                           cavityMaterial=Vacuum timeOffset=-4.7e+21
                           timeIncrement=0 fieldMapFile= kill=1
pillbox      cav270        maxGradient=23.71 color=1.0,0.0,0.0 frequency=0.352
                           innerLength=220 innerRadius=326 pipeThick=3
                           wallThick=0.05 irisRadius=125 collarRadialThick=5
                           collarThick=0 win1Thick=0.05 win1OuterRadius=50
                           win2Thick=0.05 winMat=Be phaseAcc=30.93
                           skinDepth=0.002 timingTolerance=0.001 maxStep=100
                           cavityMaterial=Vacuum timeOffset=-4.7e+21
                           timeIncrement=0 fieldMapFile= kill=1
pillbox      cav271        maxGradient=24.69 color=1.0,0.0,0.0 frequency=0.352
                           innerLength=220 innerRadius=326 pipeThick=3
                           wallThick=0.05 irisRadius=125 collarRadialThick=5
                           collarThick=0 win1Thick=0.05 win1OuterRadius=50
                           win2Thick=0.05 winMat=Be phaseAcc=12.87
                           skinDepth=0.002 timingTolerance=0.001 maxStep=100
                           cavityMaterial=Vacuum timeOffset=-4.7e+21
                           timeIncrement=0 fieldMapFile= kill=1
pillbox      cav272        maxGradient=23.15 color=1.0,0.0,0.0 frequency=0.352
                           innerLength=220 innerRadius=326 pipeThick=3
                           wallThick=0.05 irisRadius=125 collarRadialThick=5
                           collarThick=0 win1Thick=0.05 win1OuterRadius=50
                           win2Thick=0.05 winMat=Be phaseAcc=32.44
                           skinDepth=0.002 timingTolerance=0.001 maxStep=100
                           cavityMaterial=Vacuum timeOffset=-4.7e+21
                           timeIncrement=0 fieldMapFile= kill=1
pillbox      cav273        maxGradient=23.93 color=1.0,0.0,0.0 frequency=0.352
                           innerLength=220 innerRadius=326 pipeThick=3
                           wallThick=0.05 irisRadius=125 collarRadialThick=5
                           collarThick=0 win1Thick=0.05 win1OuterRadius=50
                           win2Thick=0.05 winMat=Be phaseAcc=20.85
                           skinDepth=0.002 timingTolerance=0.001 maxStep=100
                           cavityMaterial=Vacuum timeOffset=-4.7e+21
                           timeIncrement=0 fieldMapFile= kill=1
pillbox      cav280        maxGradient=23.33 color=1.0,0.0,0.0 frequency=0.352
                           innerLength=220 innerRadius=326 pipeThick=3
                           wallThick=0.05 irisRadius=125 collarRadialThick=5
                           collarThick=0 win1Thick=0.05 win1OuterRadius=50
                           win2Thick=0.05 winMat=Be phaseAcc=25.76
                           skinDepth=0.002 timingTolerance=0.001 maxStep=100
                           cavityMaterial=Vacuum timeOffset=-4.7e+21
                           timeIncrement=0 fieldMapFile= kill=1
pillbox      cav281        maxGradient=24.85 color=1.0,0.0,0.0 frequency=0.352
                           innerLength=220 innerRadius=326 pipeThick=3
                           wallThick=0.05 irisRadius=125 collarRadialThick=5
                           collarThick=0 win1Thick=0.05 win1OuterRadius=50
                           win2Thick=0.05 winMat=Be phaseAcc=21.48
                           skinDepth=0.002 timingTolerance=0.001 maxStep=100
                           cavityMaterial=Vacuum timeOffset=-4.7e+21
                           timeIncrement=0 fieldMapFile= kill=1
pillbox      cav282        maxGradient=23.43 color=1.0,0.0,0.0 frequency=0.352
                           innerLength=220 innerRadius=326 pipeThick=3
                           wallThick=0.05 irisRadius=125 collarRadialThick=5
                           collarThick=0 win1Thick=0.05 win1OuterRadius=50
                           win2Thick=0.05 winMat=Be phaseAcc=23.13
                           skinDepth=0.002 timingTolerance=0.001 maxStep=100
                           cavityMaterial=Vacuum timeOffset=-4.7e+21
                           timeIncrement=0 fieldMapFile= kill=1
pillbox      cav283        maxGradient=24.69 color=1.0,0.0,0.0 frequency=0.352
                           innerLength=220 innerRadius=326 pipeThick=3
                           wallThick=0.05 irisRadius=125 collarRadialThick=5
                           collarThick=0 win1Thick=0.05 win1OuterRadius=50
                           win2Thick=0.05 winMat=Be phaseAcc=40.65
                           skinDepth=0.002 timingTolerance=0.001 maxStep=100
                           cavityMaterial=Vacuum timeOffset=-4.7e+21
                           timeIncrement=0 fieldMapFile= kill=1
pillbox      cav290        maxGradient=22.92 color=1.0,0.0,0.0 frequency=0.352
                           innerLength=220 innerRadius=326 pipeThick=3
                           wallThick=0.05 irisRadius=125 collarRadialThick=5
                           collarThick=0 win1Thick=0.05 win1OuterRadius=50
                           win2Thick=0.05 winMat=Be phaseAcc=33.2
                           skinDepth=0.002 timingTolerance=0.001 maxStep=100
                           cavityMaterial=Vacuum timeOffset=-4.7e+21
                           timeIncrement=0 fieldMapFile= kill=1
pillbox      cav291        maxGradient=23.77 color=1.0,0.0,0.0 frequency=0.352
                           innerLength=220 innerRadius=326 pipeThick=3
                           wallThick=0.05 irisRadius=125 collarRadialThick=5
                           collarThick=0 win1Thick=0.05 win1OuterRadius=50
                           win2Thick=0.05 winMat=Be phaseAcc=17.26
                           skinDepth=0.002 timingTolerance=0.001 maxStep=100
                           cavityMaterial=Vacuum timeOffset=-4.7e+21
                           timeIncrement=0 fieldMapFile= kill=1
pillbox      cav292        maxGradient=22.46 color=1.0,0.0,0.0 frequency=0.352
                           innerLength=220 innerRadius=326 pipeThick=3
                           wallThick=0.05 irisRadius=125 collarRadialThick=5
                           collarThick=0 win1Thick=0.05 win1OuterRadius=50
                           win2Thick=0.05 winMat=Be phaseAcc=25.26
                           skinDepth=0.002 timingTolerance=0.001 maxStep=100
                           cavityMaterial=Vacuum timeOffset=-4.7e+21
                           timeIncrement=0 fieldMapFile= kill=1
pillbox      cav293        maxGradient=22.6 color=1.0,0.0,0.0 frequency=0.352
                           innerLength=220 innerRadius=326 pipeThick=3
                           wallThick=0.05 irisRadius=125 collarRadialThick=5
                           collarThick=0 win1Thick=0.05 win1OuterRadius=50
                           win2Thick=0.05 winMat=Be phaseAcc=25.69
                           skinDepth=0.002 timingTolerance=0.001 maxStep=100
                           cavityMaterial=Vacuum timeOffset=-4.7e+21
                           timeIncrement=0 fieldMapFile= kill=1
pillbox      cav300        maxGradient=23.19 color=1.0,0.0,0.0 frequency=0.352
                           innerLength=220 innerRadius=326 pipeThick=3
                           wallThick=0.05 irisRadius=125 collarRadialThick=5
                           collarThick=0 win1Thick=0.05 win1OuterRadius=50
                           win2Thick=0.05 winMat=Be phaseAcc=4.862
                           skinDepth=0.002 timingTolerance=0.001 maxStep=100
                           cavityMaterial=Vacuum timeOffset=-4.7e+21
                           timeIncrement=0 fieldMapFile= kill=1
pillbox      cav301        maxGradient=23.01 color=1.0,0.0,0.0 frequency=0.352
                           innerLength=220 innerRadius=326 pipeThick=3
                           wallThick=0.05 irisRadius=125 collarRadialThick=5
                           collarThick=0 win1Thick=0.05 win1OuterRadius=50
                           win2Thick=0.05 winMat=Be phaseAcc=33.51
                           skinDepth=0.002 timingTolerance=0.001 maxStep=100
                           cavityMaterial=Vacuum timeOffset=-4.7e+21
                           timeIncrement=0 fieldMapFile= kill=1
pillbox      cav302        maxGradient=24 color=1.0,0.0,0.0 frequency=0.352
                           innerLength=220 innerRadius=326 pipeThick=3
                           wallThick=0.05 irisRadius=125 collarRadialThick=5
                           collarThick=0 win1Thick=0.05 win1OuterRadius=50
                           win2Thick=0.05 winMat=Be phaseAcc=21.8
                           skinDepth=0.002 timingTolerance=0.001 maxStep=100
                           cavityMaterial=Vacuum timeOffset=-4.7e+21
                           timeIncrement=0 fieldMapFile= kill=1
pillbox      cav303        maxGradient=23.54 color=1.0,0.0,0.0 frequency=0.352
                           innerLength=220 innerRadius=326 pipeThick=3
                           wallThick=0.05 irisRadius=125 collarRadialThick=5
                           collarThick=0 win1Thick=0.05 win1OuterRadius=50
                           win2Thick=0.05 winMat=Be phaseAcc=33.77
                           skinDepth=0.002 timingTolerance=0.001 maxStep=100
                           cavityMaterial=Vacuum timeOffset=-4.7e+21
                           timeIncrement=0 fieldMapFile= kill=1
pillbox      cav310        maxGradient=22.47 color=1.0,0.0,0.0 frequency=0.352
                           innerLength=220 innerRadius=326 pipeThick=3
                           wallThick=0.05 irisRadius=125 collarRadialThick=5
                           collarThick=0 win1Thick=0.05 win1OuterRadius=50
                           win2Thick=0.05 winMat=Be phaseAcc=29.51
                           skinDepth=0.002 timingTolerance=0.001 maxStep=100
                           cavityMaterial=Vacuum timeOffset=-4.7e+21
                           timeIncrement=0 fieldMapFile= kill=1
pillbox      cav311        maxGradient=23.8 color=1.0,0.0,0.0 frequency=0.352
                           innerLength=220 innerRadius=326 pipeThick=3
                           wallThick=0.05 irisRadius=125 collarRadialThick=5
                           collarThick=0 win1Thick=0.05 win1OuterRadius=50
                           win2Thick=0.05 winMat=Be phaseAcc=13.39
                           skinDepth=0.002 timingTolerance=0.001 maxStep=100
                           cavityMaterial=Vacuum timeOffset=-4.7e+21
                           timeIncrement=0 fieldMapFile= kill=1
pillbox      cav312        maxGradient=22.08 color=1.0,0.0,0.0 frequency=0.352
                           innerLength=220 innerRadius=326 pipeThick=3
                           wallThick=0.05 irisRadius=125 collarRadialThick=5
                           collarThick=0 win1Thick=0.05 win1OuterRadius=50
                           win2Thick=0.05 winMat=Be phaseAcc=30.67
                           skinDepth=0.002 timingTolerance=0.001 maxStep=100
                           cavityMaterial=Vacuum timeOffset=-4.7e+21
                           timeIncrement=0 fieldMapFile= kill=1
pillbox      cav313        maxGradient=24.17 color=1.0,0.0,0.0 frequency=0.352
                           innerLength=220 innerRadius=326 pipeThick=3
                           wallThick=0.05 irisRadius=125 collarRadialThick=5
                           collarThick=0 win1Thick=0.05 win1OuterRadius=50
                           win2Thick=0.05 winMat=Be phaseAcc=18.73
                           skinDepth=0.002 timingTolerance=0.001 maxStep=100
                           cavityMaterial=Vacuum timeOffset=-4.7e+21
                           timeIncrement=0 fieldMapFile= kill=1
pillbox      cav320        maxGradient=23.36 color=1.0,0.0,0.0 frequency=0.352
                           innerLength=220 innerRadius=326 pipeThick=3
                           wallThick=0.05 irisRadius=125 collarRadialThick=5
                           collarThick=0 win1Thick=0.05 win1OuterRadius=50
                           win2Thick=0.05 winMat=Be phaseAcc=7.365
                           skinDepth=0.002 timingTolerance=0.001 maxStep=100
                           cavityMaterial=Vacuum timeOffset=-4.7e+21
                           timeIncrement=0 fieldMapFile= kill=1
pillbox      cav321        maxGradient=21.89 color=1.0,0.0,0.0 frequency=0.352
                           innerLength=220 innerRadius=326 pipeThick=3
                           wallThick=0.05 irisRadius=125 collarRadialThick=5
                           collarThick=0 win1Thick=0.05 win1OuterRadius=50
                           win2Thick=0.05 winMat=Be phaseAcc=10.51
                           skinDepth=0.002 timingTolerance=0.001 maxStep=100
                           cavityMaterial=Vacuum timeOffset=-4.7e+21
                           timeIncrement=0 fieldMapFile= kill=1
pillbox      cav322        maxGradient=22.23 color=1.0,0.0,0.0 frequency=0.352
                           innerLength=220 innerRadius=326 pipeThick=3
                           wallThick=0.05 irisRadius=125 collarRadialThick=5
                           collarThick=0 win1Thick=0.05 win1OuterRadius=50
                           win2Thick=0.05 winMat=Be phaseAcc=-8.354
                           skinDepth=0.002 timingTolerance=0.001 maxStep=100
                           cavityMaterial=Vacuum timeOffset=-4.7e+21
                           timeIncrement=0 fieldMapFile= kill=1
pillbox      cav323        maxGradient=25.37 color=1.0,0.0,0.0 frequency=0.352
                           innerLength=220 innerRadius=326 pipeThick=3
                           wallThick=0.05 irisRadius=125 collarRadialThick=5
                           collarThick=0 win1Thick=0.05 win1OuterRadius=50
                           win2Thick=0.05 winMat=Be phaseAcc=28.63
                           skinDepth=0.002 timingTolerance=0.001 maxStep=100
                           cavityMaterial=Vacuum timeOffset=-4.7e+21
                           timeIncrement=0 fieldMapFile= kill=1
pillbox      cav330        maxGradient=23.21 color=1.0,0.0,0.0 frequency=0.352
                           innerLength=220 innerRadius=326 pipeThick=3
                           wallThick=0.05 irisRadius=125 collarRadialThick=5
                           collarThick=0 win1Thick=0.05 win1OuterRadius=50
                           win2Thick=0.05 winMat=Be phaseAcc=16.73
                           skinDepth=0.002 timingTolerance=0.001 maxStep=100
                           cavityMaterial=Vacuum timeOffset=-4.7e+21
                           timeIncrement=0 fieldMapFile= kill=1
pillbox      cav331        maxGradient=23.21 color=1.0,0.0,0.0 frequency=0.352
                           innerLength=220 innerRadius=326 pipeThick=3
                           wallThick=0.05 irisRadius=125 collarRadialThick=5
                           collarThick=0 win1Thick=0.05 win1OuterRadius=50
                           win2Thick=0.05 winMat=Be phaseAcc=63.25
                           skinDepth=0.002 timingTolerance=0.001 maxStep=100
                           cavityMaterial=Vacuum timeOffset=-4.7e+21
                           timeIncrement=0 fieldMapFile= kill=1
pillbox      cav332        maxGradient=22.97 color=1.0,0.0,0.0 frequency=0.352
                           innerLength=220 innerRadius=326 pipeThick=3
                           wallThick=0.05 irisRadius=125 collarRadialThick=5
                           collarThick=0 win1Thick=0.05 win1OuterRadius=50
                           win2Thick=0.05 winMat=Be phaseAcc=30.62
                           skinDepth=0.002 timingTolerance=0.001 maxStep=100
                           cavityMaterial=Vacuum timeOffset=-4.7e+21
                           timeIncrement=0 fieldMapFile= kill=1
pillbox      cav333        maxGradient=25.07 color=1.0,0.0,0.0 frequency=0.352
                           innerLength=220 innerRadius=326 pipeThick=3
                           wallThick=0.05 irisRadius=125 collarRadialThick=5
                           collarThick=0 win1Thick=0.05 win1OuterRadius=50
                           win2Thick=0.05 winMat=Be phaseAcc=33.9
                           skinDepth=0.002 timingTolerance=0.001 maxStep=100
                           cavityMaterial=Vacuum timeOffset=-4.7e+21
                           timeIncrement=0 fieldMapFile= kill=1
pillbox      cav340        maxGradient=24.31 color=1.0,0.0,0.0 frequency=0.352
                           innerLength=220 innerRadius=326 pipeThick=3
                           wallThick=0.05 irisRadius=125 collarRadialThick=5
                           collarThick=0 win1Thick=0.05 win1OuterRadius=50
                           win2Thick=0.05 winMat=Be phaseAcc=24.81
                           skinDepth=0.002 timingTolerance=0.001 maxStep=100
                           cavityMaterial=Vacuum timeOffset=-4.7e+21
                           timeIncrement=0 fieldMapFile= kill=1
pillbox      cav341        maxGradient=23.64 color=1.0,0.0,0.0 frequency=0.352
                           innerLength=220 innerRadius=326 pipeThick=3
                           wallThick=0.05 irisRadius=125 collarRadialThick=5
                           collarThick=0 win1Thick=0.05 win1OuterRadius=50
                           win2Thick=0.05 winMat=Be phaseAcc=16.21
                           skinDepth=0.002 timingTolerance=0.001 maxStep=100
                           cavityMaterial=Vacuum timeOffset=-4.7e+21
                           timeIncrement=0 fieldMapFile= kill=1
pillbox      cav342        maxGradient=20.75 color=1.0,0.0,0.0 frequency=0.352
                           innerLength=220 innerRadius=326 pipeThick=3
                           wallThick=0.05 irisRadius=125 collarRadialThick=5
                           collarThick=0 win1Thick=0.05 win1OuterRadius=50
                           win2Thick=0.05 winMat=Be phaseAcc=9.881
                           skinDepth=0.002 timingTolerance=0.001 maxStep=100
                           cavityMaterial=Vacuum timeOffset=-4.7e+21
                           timeIncrement=0 fieldMapFile= kill=1
pillbox      cav343        maxGradient=23.3 color=1.0,0.0,0.0 frequency=0.352
                           innerLength=220 innerRadius=326 pipeThick=3
                           wallThick=0.05 irisRadius=125 collarRadialThick=5
                           collarThick=0 win1Thick=0.05 win1OuterRadius=50
                           win2Thick=0.05 winMat=Be phaseAcc=25.68
                           skinDepth=0.002 timingTolerance=0.001 maxStep=100
                           cavityMaterial=Vacuum timeOffset=-4.7e+21
                           timeIncrement=0 fieldMapFile= kill=1
pillbox      cav350        maxGradient=24.3 color=1.0,0.0,0.0 frequency=0.352
                           innerLength=220 innerRadius=326 pipeThick=3
                           wallThick=0.05 irisRadius=125 collarRadialThick=5
                           collarThick=0 win1Thick=0.05 win1OuterRadius=50
                           win2Thick=0.05 winMat=Be phaseAcc=44
                           skinDepth=0.002 timingTolerance=0.001 maxStep=100
                           cavityMaterial=Vacuum timeOffset=-4.7e+21
                           timeIncrement=0 fieldMapFile= kill=1
pillbox      cav351        maxGradient=22.46 color=1.0,0.0,0.0 frequency=0.352
                           innerLength=220 innerRadius=326 pipeThick=3
                           wallThick=0.05 irisRadius=125 collarRadialThick=5
                           collarThick=0 win1Thick=0.05 win1OuterRadius=50
                           win2Thick=0.05 winMat=Be phaseAcc=36.79
                           skinDepth=0.002 timingTolerance=0.001 maxStep=100
                           cavityMaterial=Vacuum timeOffset=-4.7e+21
                           timeIncrement=0 fieldMapFile= kill=1
pillbox      cav352        maxGradient=24.1 color=1.0,0.0,0.0 frequency=0.352
                           innerLength=220 innerRadius=326 pipeThick=3
                           wallThick=0.05 irisRadius=125 collarRadialThick=5
                           collarThick=0 win1Thick=0.05 win1OuterRadius=50
                           win2Thick=0.05 winMat=Be phaseAcc=11.79
                           skinDepth=0.002 timingTolerance=0.001 maxStep=100
                           cavityMaterial=Vacuum timeOffset=-4.7e+21
                           timeIncrement=0 fieldMapFile= kill=1
pillbox      cav353        maxGradient=22.98 color=1.0,0.0,0.0 frequency=0.352
                           innerLength=220 innerRadius=326 pipeThick=3
                           wallThick=0.05 irisRadius=125 collarRadialThick=5
                           collarThick=0 win1Thick=0.05 win1OuterRadius=50
                           win2Thick=0.05 winMat=Be phaseAcc=3.697
                           skinDepth=0.002 timingTolerance=0.001 maxStep=100
                           cavityMaterial=Vacuum timeOffset=-4.7e+21
                           timeIncrement=0 fieldMapFile= kill=1
pillbox      cav360        maxGradient=22.08 color=1.0,0.0,0.0 frequency=0.352
                           innerLength=220 innerRadius=326 pipeThick=3
                           wallThick=0.05 irisRadius=125 collarRadialThick=5
                           collarThick=0 win1Thick=0.05 win1OuterRadius=50
                           win2Thick=0.05 winMat=Be phaseAcc=26.54
                           skinDepth=0.002 timingTolerance=0.001 maxStep=100
                           cavityMaterial=Vacuum timeOffset=-4.7e+21
                           timeIncrement=0 fieldMapFile= kill=1
pillbox      cav361        maxGradient=22.97 color=1.0,0.0,0.0 frequency=0.352
                           innerLength=220 innerRadius=326 pipeThick=3
                           wallThick=0.05 irisRadius=125 collarRadialThick=5
                           collarThick=0 win1Thick=0.05 win1OuterRadius=50
                           win2Thick=0.05 winMat=Be phaseAcc=28.24
                           skinDepth=0.002 timingTolerance=0.001 maxStep=100
                           cavityMaterial=Vacuum timeOffset=-4.7e+21
                           timeIncrement=0 fieldMapFile= kill=1
pillbox      cav362        maxGradient=23.84 color=1.0,0.0,0.0 frequency=0.352
                           innerLength=220 innerRadius=326 pipeThick=3
                           wallThick=0.05 irisRadius=125 collarRadialThick=5
                           collarThick=0 win1Thick=0.05 win1OuterRadius=50
                           win2Thick=0.05 winMat=Be phaseAcc=17.13
                           skinDepth=0.002 timingTolerance=0.001 maxStep=100
                           cavityMaterial=Vacuum timeOffset=-4.7e+21
                           timeIncrement=0 fieldMapFile= kill=1
pillbox      cav363        maxGradient=21.89 color=1.0,0.0,0.0 frequency=0.352
                           innerLength=220 innerRadius=326 pipeThick=3
                           wallThick=0.05 irisRadius=125 collarRadialThick=5
                           collarThick=0 win1Thick=0.05 win1OuterRadius=50
                           win2Thick=0.05 winMat=Be phaseAcc=26.53
                           skinDepth=0.002 timingTolerance=0.001 maxStep=100
                           cavityMaterial=Vacuum timeOffset=-4.7e+21
                           timeIncrement=0 fieldMapFile= kill=1
pillbox      cav370        maxGradient=21.22 color=1.0,0.0,0.0 frequency=0.352
                           innerLength=220 innerRadius=326 pipeThick=3
                           wallThick=0.05 irisRadius=125 collarRadialThick=5
                           collarThick=0 win1Thick=0.05 win1OuterRadius=50
                           win2Thick=0.05 winMat=Be phaseAcc=31.2
                           skinDepth=0.002 timingTolerance=0.001 maxStep=100
                           cavityMaterial=Vacuum timeOffset=-4.7e+21
                           timeIncrement=0 fieldMapFile= kill=1
pillbox      cav371        maxGradient=24.46 color=1.0,0.0,0.0 frequency=0.352
                           innerLength=220 innerRadius=326 pipeThick=3
                           wallThick=0.05 irisRadius=125 collarRadialThick=5
                           collarThick=0 win1Thick=0.05 win1OuterRadius=50
                           win2Thick=0.05 winMat=Be phaseAcc=19.15
                           skinDepth=0.002 timingTolerance=0.001 maxStep=100
                           cavityMaterial=Vacuum timeOffset=-4.7e+21
                           timeIncrement=0 fieldMapFile= kill=1
pillbox      cav372        maxGradient=23.28 color=1.0,0.0,0.0 frequency=0.352
                           innerLength=220 innerRadius=326 pipeThick=3
                           wallThick=0.05 irisRadius=125 collarRadialThick=5
                           collarThick=0 win1Thick=0.05 win1OuterRadius=50
                           win2Thick=0.05 winMat=Be phaseAcc=24.44
                           skinDepth=0.002 timingTolerance=0.001 maxStep=100
                           cavityMaterial=Vacuum timeOffset=-4.7e+21
                           timeIncrement=0 fieldMapFile= kill=1
pillbox      cav373        maxGradient=23.25 color=1.0,0.0,0.0 frequency=0.352
                           innerLength=220 innerRadius=326 pipeThick=3
                           wallThick=0.05 irisRadius=125 collarRadialThick=5
                           collarThick=0 win1Thick=0.05 win1OuterRadius=50
                           win2Thick=0.05 winMat=Be phaseAcc=24.67
                           skinDepth=0.002 timingTolerance=0.001 maxStep=100
                           cavityMaterial=Vacuum timeOffset=-4.7e+21
                           timeIncrement=0 fieldMapFile= kill=1
pillbox      cav380        maxGradient=23.75 color=1.0,0.0,0.0 frequency=0.352
                           innerLength=220 innerRadius=326 pipeThick=3
                           wallThick=0.05 irisRadius=125 collarRadialThick=5
                           collarThick=0 win1Thick=0.05 win1OuterRadius=50
                           win2Thick=0.05 winMat=Be phaseAcc=36.97
                           skinDepth=0.002 timingTolerance=0.001 maxStep=100
                           cavityMaterial=Vacuum timeOffset=-4.7e+21
                           timeIncrement=0 fieldMapFile= kill=1
pillbox      cav381        maxGradient=24.58 color=1.0,0.0,0.0 frequency=0.352
                           innerLength=220 innerRadius=326 pipeThick=3
                           wallThick=0.05 irisRadius=125 collarRadialThick=5
                           collarThick=0 win1Thick=0.05 win1OuterRadius=50
                           win2Thick=0.05 winMat=Be phaseAcc=33.86
                           skinDepth=0.002 timingTolerance=0.001 maxStep=100
                           cavityMaterial=Vacuum timeOffset=-4.7e+21
                           timeIncrement=0 fieldMapFile= kill=1
pillbox      cav382        maxGradient=23.64 color=1.0,0.0,0.0 frequency=0.352
                           innerLength=220 innerRadius=326 pipeThick=3
                           wallThick=0.05 irisRadius=125 collarRadialThick=5
                           collarThick=0 win1Thick=0.05 win1OuterRadius=50
                           win2Thick=0.05 winMat=Be phaseAcc=33.31
                           skinDepth=0.002 timingTolerance=0.001 maxStep=100
                           cavityMaterial=Vacuum timeOffset=-4.7e+21
                           timeIncrement=0 fieldMapFile= kill=1
pillbox      cav383        maxGradient=22.15 color=1.0,0.0,0.0 frequency=0.352
                           innerLength=220 innerRadius=326 pipeThick=3
                           wallThick=0.05 irisRadius=125 collarRadialThick=5
                           collarThick=0 win1Thick=0.05 win1OuterRadius=50
                           win2Thick=0.05 winMat=Be phaseAcc=16.78
                           skinDepth=0.002 timingTolerance=0.001 maxStep=100
                           cavityMaterial=Vacuum timeOffset=-4.7e+21
                           timeIncrement=0 fieldMapFile= kill=1
pillbox      cav390        maxGradient=23.39 color=1.0,0.0,0.0 frequency=0.352
                           innerLength=220 innerRadius=326 pipeThick=3
                           wallThick=0.05 irisRadius=125 collarRadialThick=5
                           collarThick=0 win1Thick=0.05 win1OuterRadius=50
                           win2Thick=0.05 winMat=Be phaseAcc=20.63
                           skinDepth=0.002 timingTolerance=0.001 maxStep=100
                           cavityMaterial=Vacuum timeOffset=-4.7e+21
                           timeIncrement=0 fieldMapFile= kill=1
pillbox      cav391        maxGradient=22.95 color=1.0,0.0,0.0 frequency=0.352
                           innerLength=220 innerRadius=326 pipeThick=3
                           wallThick=0.05 irisRadius=125 collarRadialThick=5
                           collarThick=0 win1Thick=0.05 win1OuterRadius=50
                           win2Thick=0.05 winMat=Be phaseAcc=26.17
                           skinDepth=0.002 timingTolerance=0.001 maxStep=100
                           cavityMaterial=Vacuum timeOffset=-4.7e+21
                           timeIncrement=0 fieldMapFile= kill=1
pillbox      cav392        maxGradient=22.38 color=1.0,0.0,0.0 frequency=0.352
                           innerLength=220 innerRadius=326 pipeThick=3
                           wallThick=0.05 irisRadius=125 collarRadialThick=5
                           collarThick=0 win1Thick=0.05 win1OuterRadius=50
                           win2Thick=0.05 winMat=Be phaseAcc=26.2
                           skinDepth=0.002 timingTolerance=0.001 maxStep=100
                           cavityMaterial=Vacuum timeOffset=-4.7e+21
                           timeIncrement=0 fieldMapFile= kill=1
pillbox      cav393        maxGradient=23.82 color=1.0,0.0,0.0 frequency=0.352
                           innerLength=220 innerRadius=326 pipeThick=3
                           wallThick=0.05 irisRadius=125 collarRadialThick=5
                           collarThick=0 win1Thick=0.05 win1OuterRadius=50
                           win2Thick=0.05 winMat=Be phaseAcc=33.33
                           skinDepth=0.002 timingTolerance=0.001 maxStep=100
                           cavityMaterial=Vacuum timeOffset=-4.7e+21
                           timeIncrement=0 fieldMapFile= kill=1
pillbox      cav400        maxGradient=23.7 color=1.0,0.0,0.0 frequency=0.352
                           innerLength=220 innerRadius=326 pipeThick=3
                           wallThick=0.05 irisRadius=125 collarRadialThick=5
                           collarThick=0 win1Thick=0.05 win1OuterRadius=50
                           win2Thick=0.05 winMat=Be phaseAcc=9.931
                           skinDepth=0.002 timingTolerance=0.001 maxStep=100
                           cavityMaterial=Vacuum timeOffset=-4.7e+21
                           timeIncrement=0 fieldMapFile= kill=1
pillbox      cav401        maxGradient=23.28 color=1.0,0.0,0.0 frequency=0.352
                           innerLength=220 innerRadius=326 pipeThick=3
                           wallThick=0.05 irisRadius=125 collarRadialThick=5
                           collarThick=0 win1Thick=0.05 win1OuterRadius=50
                           win2Thick=0.05 winMat=Be phaseAcc=31.92
                           skinDepth=0.002 timingTolerance=0.001 maxStep=100
                           cavityMaterial=Vacuum timeOffset=-4.7e+21
                           timeIncrement=0 fieldMapFile= kill=1
pillbox      cav402        maxGradient=23 color=1.0,0.0,0.0 frequency=0.352
                           innerLength=220 innerRadius=326 pipeThick=3
                           wallThick=0.05 irisRadius=125 collarRadialThick=5
                           collarThick=0 win1Thick=0.05 win1OuterRadius=50
                           win2Thick=0.05 winMat=Be phaseAcc=20.34
                           skinDepth=0.002 timingTolerance=0.001 maxStep=100
                           cavityMaterial=Vacuum timeOffset=-4.7e+21
                           timeIncrement=0 fieldMapFile= kill=1
pillbox      cav403        maxGradient=22.13 color=1.0,0.0,0.0 frequency=0.352
                           innerLength=220 innerRadius=326 pipeThick=3
                           wallThick=0.05 irisRadius=125 collarRadialThick=5
                           collarThick=0 win1Thick=0.05 win1OuterRadius=50
                           win2Thick=0.05 winMat=Be phaseAcc=43.41
                           skinDepth=0.002 timingTolerance=0.001 maxStep=100
                           cavityMaterial=Vacuum timeOffset=-4.7e+21
                           timeIncrement=0 fieldMapFile= kill=1
pillbox      cav410        maxGradient=22.44 color=1.0,0.0,0.0 frequency=0.352
                           innerLength=220 innerRadius=326 pipeThick=3
                           wallThick=0.05 irisRadius=125 collarRadialThick=5
                           collarThick=0 win1Thick=0.05 win1OuterRadius=50
                           win2Thick=0.05 winMat=Be phaseAcc=22.58
                           skinDepth=0.002 timingTolerance=0.001 maxStep=100
                           cavityMaterial=Vacuum timeOffset=-4.7e+21
                           timeIncrement=0 fieldMapFile= kill=1
pillbox      cav411        maxGradient=22.61 color=1.0,0.0,0.0 frequency=0.352
                           innerLength=220 innerRadius=326 pipeThick=3
                           wallThick=0.05 irisRadius=125 collarRadialThick=5
                           collarThick=0 win1Thick=0.05 win1OuterRadius=50
                           win2Thick=0.05 winMat=Be phaseAcc=32.01
                           skinDepth=0.002 timingTolerance=0.001 maxStep=100
                           cavityMaterial=Vacuum timeOffset=-4.7e+21
                           timeIncrement=0 fieldMapFile= kill=1
pillbox      cav412        maxGradient=22.74 color=1.0,0.0,0.0 frequency=0.352
                           innerLength=220 innerRadius=326 pipeThick=3
                           wallThick=0.05 irisRadius=125 collarRadialThick=5
                           collarThick=0 win1Thick=0.05 win1OuterRadius=50
                           win2Thick=0.05 winMat=Be phaseAcc=42.62
                           skinDepth=0.002 timingTolerance=0.001 maxStep=100
                           cavityMaterial=Vacuum timeOffset=-4.7e+21
                           timeIncrement=0 fieldMapFile= kill=1
pillbox      cav413        maxGradient=24.44 color=1.0,0.0,0.0 frequency=0.352
                           innerLength=220 innerRadius=326 pipeThick=3
                           wallThick=0.05 irisRadius=125 collarRadialThick=5
                           collarThick=0 win1Thick=0.05 win1OuterRadius=50
                           win2Thick=0.05 winMat=Be phaseAcc=7.144
                           skinDepth=0.002 timingTolerance=0.001 maxStep=100
                           cavityMaterial=Vacuum timeOffset=-4.7e+21
                           timeIncrement=0 fieldMapFile= kill=1
pillbox      cav420        maxGradient=22.06 color=1.0,0.0,0.0 frequency=0.352
                           innerLength=220 innerRadius=326 pipeThick=3
                           wallThick=0.05 irisRadius=125 collarRadialThick=5
                           collarThick=0 win1Thick=0.05 win1OuterRadius=50
                           win2Thick=0.05 winMat=Be phaseAcc=40.74
                           skinDepth=0.002 timingTolerance=0.001 maxStep=100
                           cavityMaterial=Vacuum timeOffset=-4.7e+21
                           timeIncrement=0 fieldMapFile= kill=1
pillbox      cav421        maxGradient=23.68 color=1.0,0.0,0.0 frequency=0.352
                           innerLength=220 innerRadius=326 pipeThick=3
                           wallThick=0.05 irisRadius=125 collarRadialThick=5
                           collarThick=0 win1Thick=0.05 win1OuterRadius=50
                           win2Thick=0.05 winMat=Be phaseAcc=44.6
                           skinDepth=0.002 timingTolerance=0.001 maxStep=100
                           cavityMaterial=Vacuum timeOffset=-4.7e+21
                           timeIncrement=0 fieldMapFile= kill=1
pillbox      cav422        maxGradient=24 color=1.0,0.0,0.0 frequency=0.352
                           innerLength=220 innerRadius=326 pipeThick=3
                           wallThick=0.05 irisRadius=125 collarRadialThick=5
                           collarThick=0 win1Thick=0.05 win1OuterRadius=50
                           win2Thick=0.05 winMat=Be phaseAcc=31.56
                           skinDepth=0.002 timingTolerance=0.001 maxStep=100
                           cavityMaterial=Vacuum timeOffset=-4.7e+21
                           timeIncrement=0 fieldMapFile= kill=1
pillbox      cav423        maxGradient=23.36 color=1.0,0.0,0.0 frequency=0.352
                           innerLength=220 innerRadius=326 pipeThick=3
                           wallThick=0.05 irisRadius=125 collarRadialThick=5
                           collarThick=0 win1Thick=0.05 win1OuterRadius=50
                           win2Thick=0.05 winMat=Be phaseAcc=28.37
                           skinDepth=0.002 timingTolerance=0.001 maxStep=100
                           cavityMaterial=Vacuum timeOffset=-4.7e+21
                           timeIncrement=0 fieldMapFile= kill=1
pillbox      cav430        maxGradient=24.47 color=1.0,0.0,0.0 frequency=0.352
                           innerLength=220 innerRadius=326 pipeThick=3
                           wallThick=0.05 irisRadius=125 collarRadialThick=5
                           collarThick=0 win1Thick=0.05 win1OuterRadius=50
                           win2Thick=0.05 winMat=Be phaseAcc=33.53
                           skinDepth=0.002 timingTolerance=0.001 maxStep=100
                           cavityMaterial=Vacuum timeOffset=-4.7e+21
                           timeIncrement=0 fieldMapFile= kill=1
pillbox      cav431        maxGradient=22.49 color=1.0,0.0,0.0 frequency=0.352
                           innerLength=220 innerRadius=326 pipeThick=3
                           wallThick=0.05 irisRadius=125 collarRadialThick=5
                           collarThick=0 win1Thick=0.05 win1OuterRadius=50
                           win2Thick=0.05 winMat=Be phaseAcc=3.836
                           skinDepth=0.002 timingTolerance=0.001 maxStep=100
                           cavityMaterial=Vacuum timeOffset=-4.7e+21
                           timeIncrement=0 fieldMapFile= kill=1
pillbox      cav432        maxGradient=23.66 color=1.0,0.0,0.0 frequency=0.352
                           innerLength=220 innerRadius=326 pipeThick=3
                           wallThick=0.05 irisRadius=125 collarRadialThick=5
                           collarThick=0 win1Thick=0.05 win1OuterRadius=50
                           win2Thick=0.05 winMat=Be phaseAcc=43.65
                           skinDepth=0.002 timingTolerance=0.001 maxStep=100
                           cavityMaterial=Vacuum timeOffset=-4.7e+21
                           timeIncrement=0 fieldMapFile= kill=1
pillbox      cav433        maxGradient=22.22 color=1.0,0.0,0.0 frequency=0.352
                           innerLength=220 innerRadius=326 pipeThick=3
                           wallThick=0.05 irisRadius=125 collarRadialThick=5
                           collarThick=0 win1Thick=0.05 win1OuterRadius=50
                           win2Thick=0.05 winMat=Be phaseAcc=23.33
                           skinDepth=0.002 timingTolerance=0.001 maxStep=100
                           cavityMaterial=Vacuum timeOffset=-4.7e+21
                           timeIncrement=0 fieldMapFile= kill=1
pillbox      cav440        maxGradient=22.27 color=1.0,0.0,0.0 frequency=0.352
                           innerLength=220 innerRadius=326 pipeThick=3
                           wallThick=0.05 irisRadius=125 collarRadialThick=5
                           collarThick=0 win1Thick=0.05 win1OuterRadius=50
                           win2Thick=0.05 winMat=Be phaseAcc=39.21
                           skinDepth=0.002 timingTolerance=0.001 maxStep=100
                           cavityMaterial=Vacuum timeOffset=-4.7e+21
                           timeIncrement=0 fieldMapFile= kill=1
pillbox      cav441        maxGradient=24.01 color=1.0,0.0,0.0 frequency=0.352
                           innerLength=220 innerRadius=326 pipeThick=3
                           wallThick=0.05 irisRadius=125 collarRadialThick=5
                           collarThick=0 win1Thick=0.05 win1OuterRadius=50
                           win2Thick=0.05 winMat=Be phaseAcc=21.67
                           skinDepth=0.002 timingTolerance=0.001 maxStep=100
                           cavityMaterial=Vacuum timeOffset=-4.7e+21
                           timeIncrement=0 fieldMapFile= kill=1
pillbox      cav442        maxGradient=22.74 color=1.0,0.0,0.0 frequency=0.352
                           innerLength=220 innerRadius=326 pipeThick=3
                           wallThick=0.05 irisRadius=125 collarRadialThick=5
                           collarThick=0 win1Thick=0.05 win1OuterRadius=50
                           win2Thick=0.05 winMat=Be phaseAcc=26.23
                           skinDepth=0.002 timingTolerance=0.001 maxStep=100
                           cavityMaterial=Vacuum timeOffset=-4.7e+21
                           timeIncrement=0 fieldMapFile= kill=1
pillbox      cav443        maxGradient=21.41 color=1.0,0.0,0.0 frequency=0.352
                           innerLength=220 innerRadius=326 pipeThick=3
                           wallThick=0.05 irisRadius=125 collarRadialThick=5
                           collarThick=0 win1Thick=0.05 win1OuterRadius=50
                           win2Thick=0.05 winMat=Be phaseAcc=24.81
                           skinDepth=0.002 timingTolerance=0.001 maxStep=100
                           cavityMaterial=Vacuum timeOffset=-4.7e+21
                           timeIncrement=0 fieldMapFile= kill=1
pillbox      cav450        maxGradient=22.19 color=1.0,0.0,0.0 frequency=0.352
                           innerLength=220 innerRadius=326 pipeThick=3
                           wallThick=0.05 irisRadius=125 collarRadialThick=5
                           collarThick=0 win1Thick=0.05 win1OuterRadius=50
                           win2Thick=0.05 winMat=Be phaseAcc=29.48
                           skinDepth=0.002 timingTolerance=0.001 maxStep=100
                           cavityMaterial=Vacuum timeOffset=-4.7e+21
                           timeIncrement=0 fieldMapFile= kill=1
pillbox      cav451        maxGradient=22.68 color=1.0,0.0,0.0 frequency=0.352
                           innerLength=220 innerRadius=326 pipeThick=3
                           wallThick=0.05 irisRadius=125 collarRadialThick=5
                           collarThick=0 win1Thick=0.05 win1OuterRadius=50
                           win2Thick=0.05 winMat=Be phaseAcc=18.98
                           skinDepth=0.002 timingTolerance=0.001 maxStep=100
                           cavityMaterial=Vacuum timeOffset=-4.7e+21
                           timeIncrement=0 fieldMapFile= kill=1
pillbox      cav452        maxGradient=22.62 color=1.0,0.0,0.0 frequency=0.352
                           innerLength=220 innerRadius=326 pipeThick=3
                           wallThick=0.05 irisRadius=125 collarRadialThick=5
                           collarThick=0 win1Thick=0.05 win1OuterRadius=50
                           win2Thick=0.05 winMat=Be phaseAcc=21.17
                           skinDepth=0.002 timingTolerance=0.001 maxStep=100
                           cavityMaterial=Vacuum timeOffset=-4.7e+21
                           timeIncrement=0 fieldMapFile= kill=1
pillbox      cav453        maxGradient=22.61 color=1.0,0.0,0.0 frequency=0.352
                           innerLength=220 innerRadius=326 pipeThick=3
                           wallThick=0.05 irisRadius=125 collarRadialThick=5
                           collarThick=0 win1Thick=0.05 win1OuterRadius=50
                           win2Thick=0.05 winMat=Be phaseAcc=33.17
                           skinDepth=0.002 timingTolerance=0.001 maxStep=100
                           cavityMaterial=Vacuum timeOffset=-4.7e+21
                           timeIncrement=0 fieldMapFile= kill=1
pillbox      cav460        maxGradient=24.05 color=1.0,0.0,0.0 frequency=0.352
                           innerLength=220 innerRadius=326 pipeThick=3
                           wallThick=0.05 irisRadius=125 collarRadialThick=5
                           collarThick=0 win1Thick=0.05 win1OuterRadius=50
                           win2Thick=0.05 winMat=Be phaseAcc=32.88
                           skinDepth=0.002 timingTolerance=0.001 maxStep=100
                           cavityMaterial=Vacuum timeOffset=-4.7e+21
                           timeIncrement=0 fieldMapFile= kill=1
pillbox      cav461        maxGradient=22.93 color=1.0,0.0,0.0 frequency=0.352
                           innerLength=220 innerRadius=326 pipeThick=3
                           wallThick=0.05 irisRadius=125 collarRadialThick=5
                           collarThick=0 win1Thick=0.05 win1OuterRadius=50
                           win2Thick=0.05 winMat=Be phaseAcc=32.97
                           skinDepth=0.002 timingTolerance=0.001 maxStep=100
                           cavityMaterial=Vacuum timeOffset=-4.7e+21
                           timeIncrement=0 fieldMapFile= kill=1
pillbox      cav462        maxGradient=22.72 color=1.0,0.0,0.0 frequency=0.352
                           innerLength=220 innerRadius=326 pipeThick=3
                           wallThick=0.05 irisRadius=125 collarRadialThick=5
                           collarThick=0 win1Thick=0.05 win1OuterRadius=50
                           win2Thick=0.05 winMat=Be phaseAcc=26.92
                           skinDepth=0.002 timingTolerance=0.001 maxStep=100
                           cavityMaterial=Vacuum timeOffset=-4.7e+21
                           timeIncrement=0 fieldMapFile= kill=1
pillbox      cav463        maxGradient=22.67 color=1.0,0.0,0.0 frequency=0.352
                           innerLength=220 innerRadius=326 pipeThick=3
                           wallThick=0.05 irisRadius=125 collarRadialThick=5
                           collarThick=0 win1Thick=0.05 win1OuterRadius=50
                           win2Thick=0.05 winMat=Be phaseAcc=23.75
                           skinDepth=0.002 timingTolerance=0.001 maxStep=100
                           cavityMaterial=Vacuum timeOffset=-4.7e+21
                           timeIncrement=0 fieldMapFile= kill=1
pillbox      cav470        maxGradient=24.41 color=1.0,0.0,0.0 frequency=0.352
                           innerLength=220 innerRadius=326 pipeThick=3
                           wallThick=0.05 irisRadius=125 collarRadialThick=5
                           collarThick=0 win1Thick=0.05 win1OuterRadius=50
                           win2Thick=0.05 winMat=Be phaseAcc=28.73
                           skinDepth=0.002 timingTolerance=0.001 maxStep=100
                           cavityMaterial=Vacuum timeOffset=-4.7e+21
                           timeIncrement=0 fieldMapFile= kill=1
pillbox      cav471        maxGradient=23.02 color=1.0,0.0,0.0 frequency=0.352
                           innerLength=220 innerRadius=326 pipeThick=3
                           wallThick=0.05 irisRadius=125 collarRadialThick=5
                           collarThick=0 win1Thick=0.05 win1OuterRadius=50
                           win2Thick=0.05 winMat=Be phaseAcc=27.78
                           skinDepth=0.002 timingTolerance=0.001 maxStep=100
                           cavityMaterial=Vacuum timeOffset=-4.7e+21
                           timeIncrement=0 fieldMapFile= kill=1
pillbox      cav472        maxGradient=23.18 color=1.0,0.0,0.0 frequency=0.352
                           innerLength=220 innerRadius=326 pipeThick=3
                           wallThick=0.05 irisRadius=125 collarRadialThick=5
                           collarThick=0 win1Thick=0.05 win1OuterRadius=50
                           win2Thick=0.05 winMat=Be phaseAcc=28.62
                           skinDepth=0.002 timingTolerance=0.001 maxStep=100
                           cavityMaterial=Vacuum timeOffset=-4.7e+21
                           timeIncrement=0 fieldMapFile= kill=1
pillbox      cav473        maxGradient=22.67 color=1.0,0.0,0.0 frequency=0.352
                           innerLength=220 innerRadius=326 pipeThick=3
                           wallThick=0.05 irisRadius=125 collarRadialThick=5
                           collarThick=0 win1Thick=0.05 win1OuterRadius=50
                           win2Thick=0.05 winMat=Be phaseAcc=10.55
                           skinDepth=0.002 timingTolerance=0.001 maxStep=100
                           cavityMaterial=Vacuum timeOffset=-4.7e+21
                           timeIncrement=0 fieldMapFile= kill=1
pillbox      cav480        maxGradient=23.53 color=1.0,0.0,0.0 frequency=0.352
                           innerLength=220 innerRadius=326 pipeThick=3
                           wallThick=0.05 irisRadius=125 collarRadialThick=5
                           collarThick=0 win1Thick=0.05 win1OuterRadius=50
                           win2Thick=0.05 winMat=Be phaseAcc=29.14
                           skinDepth=0.002 timingTolerance=0.001 maxStep=100
                           cavityMaterial=Vacuum timeOffset=-4.7e+21
                           timeIncrement=0 fieldMapFile= kill=1
pillbox      cav481        maxGradient=24.22 color=1.0,0.0,0.0 frequency=0.352
                           innerLength=220 innerRadius=326 pipeThick=3
                           wallThick=0.05 irisRadius=125 collarRadialThick=5
                           collarThick=0 win1Thick=0.05 win1OuterRadius=50
                           win2Thick=0.05 winMat=Be phaseAcc=27.31
                           skinDepth=0.002 timingTolerance=0.001 maxStep=100
                           cavityMaterial=Vacuum timeOffset=-4.7e+21
                           timeIncrement=0 fieldMapFile= kill=1
pillbox      cav482        maxGradient=23.13 color=1.0,0.0,0.0 frequency=0.352
                           innerLength=220 innerRadius=326 pipeThick=3
                           wallThick=0.05 irisRadius=125 collarRadialThick=5
                           collarThick=0 win1Thick=0.05 win1OuterRadius=50
                           win2Thick=0.05 winMat=Be phaseAcc=27.78
                           skinDepth=0.002 timingTolerance=0.001 maxStep=100
                           cavityMaterial=Vacuum timeOffset=-4.7e+21
                           timeIncrement=0 fieldMapFile= kill=1
pillbox      cav483        maxGradient=22.54 color=1.0,0.0,0.0 frequency=0.352
                           innerLength=220 innerRadius=326 pipeThick=3
                           wallThick=0.05 irisRadius=125 collarRadialThick=5
                           collarThick=0 win1Thick=0.05 win1OuterRadius=50
                           win2Thick=0.05 winMat=Be phaseAcc=32.54
                           skinDepth=0.002 timingTolerance=0.001 maxStep=100
                           cavityMaterial=Vacuum timeOffset=-4.7e+21
                           timeIncrement=0 fieldMapFile= kill=1
pillbox      cav490        maxGradient=24.53 color=1.0,0.0,0.0 frequency=0.352
                           innerLength=220 innerRadius=326 pipeThick=3
                           wallThick=0.05 irisRadius=125 collarRadialThick=5
                           collarThick=0 win1Thick=0.05 win1OuterRadius=50
                           win2Thick=0.05 winMat=Be phaseAcc=25.71
                           skinDepth=0.002 timingTolerance=0.001 maxStep=100
                           cavityMaterial=Vacuum timeOffset=-4.7e+21
                           timeIncrement=0 fieldMapFile= kill=1
pillbox      cav491        maxGradient=27.93 color=1.0,0.0,0.0 frequency=0.352
                           innerLength=220 innerRadius=326 pipeThick=3
                           wallThick=0.05 irisRadius=125 collarRadialThick=5
                           collarThick=0 win1Thick=0.05 win1OuterRadius=50
                           win2Thick=0.05 winMat=Be phaseAcc=22.63
                           skinDepth=0.002 timingTolerance=0.001 maxStep=100
                           cavityMaterial=Vacuum timeOffset=-4.7e+21
                           timeIncrement=0 fieldMapFile= kill=1
pillbox      cav492        maxGradient=22.82 color=1.0,0.0,0.0 frequency=0.352
                           innerLength=220 innerRadius=326 pipeThick=3
                           wallThick=0.05 irisRadius=125 collarRadialThick=5
                           collarThick=0 win1Thick=0.05 win1OuterRadius=50
                           win2Thick=0.05 winMat=Be phaseAcc=4.911
                           skinDepth=0.002 timingTolerance=0.001 maxStep=100
                           cavityMaterial=Vacuum timeOffset=-4.7e+21
                           timeIncrement=0 fieldMapFile= kill=1
pillbox      cav493        maxGradient=23.54 color=1.0,0.0,0.0 frequency=0.352
                           innerLength=220 innerRadius=326 pipeThick=3
                           wallThick=0.05 irisRadius=125 collarRadialThick=5
                           collarThick=0 win1Thick=0.05 win1OuterRadius=50
                           win2Thick=0.05 winMat=Be phaseAcc=13.79
                           skinDepth=0.002 timingTolerance=0.001 maxStep=100
                           cavityMaterial=Vacuum timeOffset=-4.7e+21
                           timeIncrement=0 fieldMapFile= kill=1
pillbox      cav500        maxGradient=22.39 color=1.0,0.0,0.0 frequency=0.352
                           innerLength=220 innerRadius=326 pipeThick=3
                           wallThick=0.05 irisRadius=125 collarRadialThick=5
                           collarThick=0 win1Thick=0.05 win1OuterRadius=50
                           win2Thick=0.05 winMat=Be phaseAcc=30.37
                           skinDepth=0.002 timingTolerance=0.001 maxStep=100
                           cavityMaterial=Vacuum timeOffset=-4.7e+21
                           timeIncrement=0 fieldMapFile= kill=1
pillbox      cav501        maxGradient=24.01 color=1.0,0.0,0.0 frequency=0.352
                           innerLength=220 innerRadius=326 pipeThick=3
                           wallThick=0.05 irisRadius=125 collarRadialThick=5
                           collarThick=0 win1Thick=0.05 win1OuterRadius=50
                           win2Thick=0.05 winMat=Be phaseAcc=29.53
                           skinDepth=0.002 timingTolerance=0.001 maxStep=100
                           cavityMaterial=Vacuum timeOffset=-4.7e+21
                           timeIncrement=0 fieldMapFile= kill=1
pillbox      cav502        maxGradient=22.53 color=1.0,0.0,0.0 frequency=0.352
                           innerLength=220 innerRadius=326 pipeThick=3
                           wallThick=0.05 irisRadius=125 collarRadialThick=5
                           collarThick=0 win1Thick=0.05 win1OuterRadius=50
                           win2Thick=0.05 winMat=Be phaseAcc=43.37
                           skinDepth=0.002 timingTolerance=0.001 maxStep=100
                           cavityMaterial=Vacuum timeOffset=-4.7e+21
                           timeIncrement=0 fieldMapFile= kill=1
pillbox      cav503        maxGradient=23.38 color=1.0,0.0,0.0 frequency=0.352
                           innerLength=220 innerRadius=326 pipeThick=3
                           wallThick=0.05 irisRadius=125 collarRadialThick=5
                           collarThick=0 win1Thick=0.05 win1OuterRadius=50
                           win2Thick=0.05 winMat=Be phaseAcc=14.55
                           skinDepth=0.002 timingTolerance=0.001 maxStep=100
                           cavityMaterial=Vacuum timeOffset=-4.7e+21
                           timeIncrement=0 fieldMapFile= kill=1
pillbox      cav510        maxGradient=22.63 color=1.0,0.0,0.0 frequency=0.352
                           innerLength=220 innerRadius=326 pipeThick=3
                           wallThick=0.05 irisRadius=125 collarRadialThick=5
                           collarThick=0 win1Thick=0.05 win1OuterRadius=50
                           win2Thick=0.05 winMat=Be phaseAcc=31.01
                           skinDepth=0.002 timingTolerance=0.001 maxStep=100
                           cavityMaterial=Vacuum timeOffset=-4.7e+21
                           timeIncrement=0 fieldMapFile= kill=1
pillbox      cav511        maxGradient=24.26 color=1.0,0.0,0.0 frequency=0.352
                           innerLength=220 innerRadius=326 pipeThick=3
                           wallThick=0.05 irisRadius=125 collarRadialThick=5
                           collarThick=0 win1Thick=0.05 win1OuterRadius=50
                           win2Thick=0.05 winMat=Be phaseAcc=20.28
                           skinDepth=0.002 timingTolerance=0.001 maxStep=100
                           cavityMaterial=Vacuum timeOffset=-4.7e+21
                           timeIncrement=0 fieldMapFile= kill=1
pillbox      cav512        maxGradient=22.69 color=1.0,0.0,0.0 frequency=0.352
                           innerLength=220 innerRadius=326 pipeThick=3
                           wallThick=0.05 irisRadius=125 collarRadialThick=5
                           collarThick=0 win1Thick=0.05 win1OuterRadius=50
                           win2Thick=0.05 winMat=Be phaseAcc=29.11
                           skinDepth=0.002 timingTolerance=0.001 maxStep=100
                           cavityMaterial=Vacuum timeOffset=-4.7e+21
                           timeIncrement=0 fieldMapFile= kill=1
pillbox      cav513        maxGradient=23.12 color=1.0,0.0,0.0 frequency=0.352
                           innerLength=220 innerRadius=326 pipeThick=3
                           wallThick=0.05 irisRadius=125 collarRadialThick=5
                           collarThick=0 win1Thick=0.05 win1OuterRadius=50
                           win2Thick=0.05 winMat=Be phaseAcc=27.96
                           skinDepth=0.002 timingTolerance=0.001 maxStep=100
                           cavityMaterial=Vacuum timeOffset=-4.7e+21
                           timeIncrement=0 fieldMapFile= kill=1
pillbox      cav520        maxGradient=24.88 color=1.0,0.0,0.0 frequency=0.352
                           innerLength=220 innerRadius=326 pipeThick=3
                           wallThick=0.05 irisRadius=125 collarRadialThick=5
                           collarThick=0 win1Thick=0.05 win1OuterRadius=50
                           win2Thick=0.05 winMat=Be phaseAcc=15.9
                           skinDepth=0.002 timingTolerance=0.001 maxStep=100
                           cavityMaterial=Vacuum timeOffset=-4.7e+21
                           timeIncrement=0 fieldMapFile= kill=1
pillbox      cav521        maxGradient=22.51 color=1.0,0.0,0.0 frequency=0.352
                           innerLength=220 innerRadius=326 pipeThick=3
                           wallThick=0.05 irisRadius=125 collarRadialThick=5
                           collarThick=0 win1Thick=0.05 win1OuterRadius=50
                           win2Thick=0.05 winMat=Be phaseAcc=22.18
                           skinDepth=0.002 timingTolerance=0.001 maxStep=100
                           cavityMaterial=Vacuum timeOffset=-4.7e+21
                           timeIncrement=0 fieldMapFile= kill=1
pillbox      cav522        maxGradient=23.86 color=1.0,0.0,0.0 frequency=0.352
                           innerLength=220 innerRadius=326 pipeThick=3
                           wallThick=0.05 irisRadius=125 collarRadialThick=5
                           collarThick=0 win1Thick=0.05 win1OuterRadius=50
                           win2Thick=0.05 winMat=Be phaseAcc=18.99
                           skinDepth=0.002 timingTolerance=0.001 maxStep=100
                           cavityMaterial=Vacuum timeOffset=-4.7e+21
                           timeIncrement=0 fieldMapFile= kill=1
pillbox      cav523        maxGradient=21.9 color=1.0,0.0,0.0 frequency=0.352
                           innerLength=220 innerRadius=326 pipeThick=3
                           wallThick=0.05 irisRadius=125 collarRadialThick=5
                           collarThick=0 win1Thick=0.05 win1OuterRadius=50
                           win2Thick=0.05 winMat=Be phaseAcc=13.08
                           skinDepth=0.002 timingTolerance=0.001 maxStep=100
                           cavityMaterial=Vacuum timeOffset=-4.7e+21
                           timeIncrement=0 fieldMapFile= kill=1
pillbox      cav530        maxGradient=22.86 color=1.0,0.0,0.0 frequency=0.352
                           innerLength=220 innerRadius=326 pipeThick=3
                           wallThick=0.05 irisRadius=125 collarRadialThick=5
                           collarThick=0 win1Thick=0.05 win1OuterRadius=50
                           win2Thick=0.05 winMat=Be phaseAcc=33.93
                           skinDepth=0.002 timingTolerance=0.001 maxStep=100
                           cavityMaterial=Vacuum timeOffset=-4.7e+21
                           timeIncrement=0 fieldMapFile= kill=1
pillbox      cav531        maxGradient=22.02 color=1.0,0.0,0.0 frequency=0.352
                           innerLength=220 innerRadius=326 pipeThick=3
                           wallThick=0.05 irisRadius=125 collarRadialThick=5
                           collarThick=0 win1Thick=0.05 win1OuterRadius=50
                           win2Thick=0.05 winMat=Be phaseAcc=21.26
                           skinDepth=0.002 timingTolerance=0.001 maxStep=100
                           cavityMaterial=Vacuum timeOffset=-4.7e+21
                           timeIncrement=0 fieldMapFile= kill=1
pillbox      cav532        maxGradient=23.13 color=1.0,0.0,0.0 frequency=0.352
                           innerLength=220 innerRadius=326 pipeThick=3
                           wallThick=0.05 irisRadius=125 collarRadialThick=5
                           collarThick=0 win1Thick=0.05 win1OuterRadius=50
                           win2Thick=0.05 winMat=Be phaseAcc=6.741
                           skinDepth=0.002 timingTolerance=0.001 maxStep=100
                           cavityMaterial=Vacuum timeOffset=-4.7e+21
                           timeIncrement=0 fieldMapFile= kill=1
pillbox      cav533        maxGradient=22.15 color=1.0,0.0,0.0 frequency=0.352
                           innerLength=220 innerRadius=326 pipeThick=3
                           wallThick=0.05 irisRadius=125 collarRadialThick=5
                           collarThick=0 win1Thick=0.05 win1OuterRadius=50
                           win2Thick=0.05 winMat=Be phaseAcc=34.24
                           skinDepth=0.002 timingTolerance=0.001 maxStep=100
                           cavityMaterial=Vacuum timeOffset=-4.7e+21
                           timeIncrement=0 fieldMapFile= kill=1
pillbox      cav540        maxGradient=23.6 color=1.0,0.0,0.0 frequency=0.352
                           innerLength=220 innerRadius=326 pipeThick=3
                           wallThick=0.05 irisRadius=125 collarRadialThick=5
                           collarThick=0 win1Thick=0.05 win1OuterRadius=50
                           win2Thick=0.05 winMat=Be phaseAcc=23.72
                           skinDepth=0.002 timingTolerance=0.001 maxStep=100
                           cavityMaterial=Vacuum timeOffset=-4.7e+21
                           timeIncrement=0 fieldMapFile= kill=1
pillbox      cav541        maxGradient=22.99 color=1.0,0.0,0.0 frequency=0.352
                           innerLength=220 innerRadius=326 pipeThick=3
                           wallThick=0.05 irisRadius=125 collarRadialThick=5
                           collarThick=0 win1Thick=0.05 win1OuterRadius=50
                           win2Thick=0.05 winMat=Be phaseAcc=15.07
                           skinDepth=0.002 timingTolerance=0.001 maxStep=100
                           cavityMaterial=Vacuum timeOffset=-4.7e+21
                           timeIncrement=0 fieldMapFile= kill=1
pillbox      cav542        maxGradient=23.42 color=1.0,0.0,0.0 frequency=0.352
                           innerLength=220 innerRadius=326 pipeThick=3
                           wallThick=0.05 irisRadius=125 collarRadialThick=5
                           collarThick=0 win1Thick=0.05 win1OuterRadius=50
                           win2Thick=0.05 winMat=Be phaseAcc=23.12
                           skinDepth=0.002 timingTolerance=0.001 maxStep=100
                           cavityMaterial=Vacuum timeOffset=-4.7e+21
                           timeIncrement=0 fieldMapFile= kill=1
pillbox      cav543        maxGradient=25.25 color=1.0,0.0,0.0 frequency=0.352
                           innerLength=220 innerRadius=326 pipeThick=3
                           wallThick=0.05 irisRadius=125 collarRadialThick=5
                           collarThick=0 win1Thick=0.05 win1OuterRadius=50
                           win2Thick=0.05 winMat=Be phaseAcc=26.93
                           skinDepth=0.002 timingTolerance=0.001 maxStep=100
                           cavityMaterial=Vacuum timeOffset=-4.7e+21
                           timeIncrement=0 fieldMapFile= kill=1
pillbox      cav550        maxGradient=23.24 color=1.0,0.0,0.0 frequency=0.352
                           innerLength=220 innerRadius=326 pipeThick=3
                           wallThick=0.05 irisRadius=125 collarRadialThick=5
                           collarThick=0 win1Thick=0.05 win1OuterRadius=50
                           win2Thick=0.05 winMat=Be phaseAcc=24.71
                           skinDepth=0.002 timingTolerance=0.001 maxStep=100
                           cavityMaterial=Vacuum timeOffset=-4.7e+21
                           timeIncrement=0 fieldMapFile= kill=1
pillbox      cav551        maxGradient=23.65 color=1.0,0.0,0.0 frequency=0.352
                           innerLength=220 innerRadius=326 pipeThick=3
                           wallThick=0.05 irisRadius=125 collarRadialThick=5
                           collarThick=0 win1Thick=0.05 win1OuterRadius=50
                           win2Thick=0.05 winMat=Be phaseAcc=17.36
                           skinDepth=0.002 timingTolerance=0.001 maxStep=100
                           cavityMaterial=Vacuum timeOffset=-4.7e+21
                           timeIncrement=0 fieldMapFile= kill=1
pillbox      cav552        maxGradient=23.22 color=1.0,0.0,0.0 frequency=0.352
                           innerLength=220 innerRadius=326 pipeThick=3
                           wallThick=0.05 irisRadius=125 collarRadialThick=5
                           collarThick=0 win1Thick=0.05 win1OuterRadius=50
                           win2Thick=0.05 winMat=Be phaseAcc=9.805
                           skinDepth=0.002 timingTolerance=0.001 maxStep=100
                           cavityMaterial=Vacuum timeOffset=-4.7e+21
                           timeIncrement=0 fieldMapFile= kill=1
pillbox      cav553        maxGradient=23.29 color=1.0,0.0,0.0 frequency=0.352
                           innerLength=220 innerRadius=326 pipeThick=3
                           wallThick=0.05 irisRadius=125 collarRadialThick=5
                           collarThick=0 win1Thick=0.05 win1OuterRadius=50
                           win2Thick=0.05 winMat=Be phaseAcc=31.4
                           skinDepth=0.002 timingTolerance=0.001 maxStep=100
                           cavityMaterial=Vacuum timeOffset=-4.7e+21
                           timeIncrement=0 fieldMapFile= kill=1
pillbox      cav560        maxGradient=23.09 color=1.0,0.0,0.0 frequency=0.352
                           innerLength=220 innerRadius=326 pipeThick=3
                           wallThick=0.05 irisRadius=125 collarRadialThick=5
                           collarThick=0 win1Thick=0.05 win1OuterRadius=50
                           win2Thick=0.05 winMat=Be phaseAcc=44.28
                           skinDepth=0.002 timingTolerance=0.001 maxStep=100
                           cavityMaterial=Vacuum timeOffset=-4.7e+21
                           timeIncrement=0 fieldMapFile= kill=1
pillbox      cav561        maxGradient=24.45 color=1.0,0.0,0.0 frequency=0.352
                           innerLength=220 innerRadius=326 pipeThick=3
                           wallThick=0.05 irisRadius=125 collarRadialThick=5
                           collarThick=0 win1Thick=0.05 win1OuterRadius=50
                           win2Thick=0.05 winMat=Be phaseAcc=24.05
                           skinDepth=0.002 timingTolerance=0.001 maxStep=100
                           cavityMaterial=Vacuum timeOffset=-4.7e+21
                           timeIncrement=0 fieldMapFile= kill=1
pillbox      cav562        maxGradient=22.82 color=1.0,0.0,0.0 frequency=0.352
                           innerLength=220 innerRadius=326 pipeThick=3
                           wallThick=0.05 irisRadius=125 collarRadialThick=5
                           collarThick=0 win1Thick=0.05 win1OuterRadius=50
                           win2Thick=0.05 winMat=Be phaseAcc=37.78
                           skinDepth=0.002 timingTolerance=0.001 maxStep=100
                           cavityMaterial=Vacuum timeOffset=-4.7e+21
                           timeIncrement=0 fieldMapFile= kill=1
pillbox      cav563        maxGradient=23.1 color=1.0,0.0,0.0 frequency=0.352
                           innerLength=220 innerRadius=326 pipeThick=3
                           wallThick=0.05 irisRadius=125 collarRadialThick=5
                           collarThick=0 win1Thick=0.05 win1OuterRadius=50
                           win2Thick=0.05 winMat=Be phaseAcc=28.31
                           skinDepth=0.002 timingTolerance=0.001 maxStep=100
                           cavityMaterial=Vacuum timeOffset=-4.7e+21
                           timeIncrement=0 fieldMapFile= kill=1
pillbox      cav570        maxGradient=22.97 color=1.0,0.0,0.0 frequency=0.352
                           innerLength=220 innerRadius=326 pipeThick=3
                           wallThick=0.05 irisRadius=125 collarRadialThick=5
                           collarThick=0 win1Thick=0.05 win1OuterRadius=50
                           win2Thick=0.05 winMat=Be phaseAcc=12.57
                           skinDepth=0.002 timingTolerance=0.001 maxStep=100
                           cavityMaterial=Vacuum timeOffset=-4.7e+21
                           timeIncrement=0 fieldMapFile= kill=1
pillbox      cav571        maxGradient=22.67 color=1.0,0.0,0.0 frequency=0.352
                           innerLength=220 innerRadius=326 pipeThick=3
                           wallThick=0.05 irisRadius=125 collarRadialThick=5
                           collarThick=0 win1Thick=0.05 win1OuterRadius=50
                           win2Thick=0.05 winMat=Be phaseAcc=26.62
                           skinDepth=0.002 timingTolerance=0.001 maxStep=100
                           cavityMaterial=Vacuum timeOffset=-4.7e+21
                           timeIncrement=0 fieldMapFile= kill=1
pillbox      cav572        maxGradient=24.98 color=1.0,0.0,0.0 frequency=0.352
                           innerLength=220 innerRadius=326 pipeThick=3
                           wallThick=0.05 irisRadius=125 collarRadialThick=5
                           collarThick=0 win1Thick=0.05 win1OuterRadius=50
                           win2Thick=0.05 winMat=Be phaseAcc=36.11
                           skinDepth=0.002 timingTolerance=0.001 maxStep=100
                           cavityMaterial=Vacuum timeOffset=-4.7e+21
                           timeIncrement=0 fieldMapFile= kill=1
pillbox      cav573        maxGradient=21.58 color=1.0,0.0,0.0 frequency=0.352
                           innerLength=220 innerRadius=326 pipeThick=3
                           wallThick=0.05 irisRadius=125 collarRadialThick=5
                           collarThick=0 win1Thick=0.05 win1OuterRadius=50
                           win2Thick=0.05 winMat=Be phaseAcc=16.12
                           skinDepth=0.002 timingTolerance=0.001 maxStep=100
                           cavityMaterial=Vacuum timeOffset=-4.7e+21
                           timeIncrement=0 fieldMapFile= kill=1
pillbox      cav580        maxGradient=22.36 color=1.0,0.0,0.0 frequency=0.352
                           innerLength=220 innerRadius=326 pipeThick=3
                           wallThick=0.05 irisRadius=125 collarRadialThick=5
                           collarThick=0 win1Thick=0.05 win1OuterRadius=50
                           win2Thick=0.05 winMat=Be phaseAcc=46.15
                           skinDepth=0.002 timingTolerance=0.001 maxStep=100
                           cavityMaterial=Vacuum timeOffset=-4.7e+21
                           timeIncrement=0 fieldMapFile= kill=1
pillbox      cav581        maxGradient=23.05 color=1.0,0.0,0.0 frequency=0.352
                           innerLength=220 innerRadius=326 pipeThick=3
                           wallThick=0.05 irisRadius=125 collarRadialThick=5
                           collarThick=0 win1Thick=0.05 win1OuterRadius=50
                           win2Thick=0.05 winMat=Be phaseAcc=17.12
                           skinDepth=0.002 timingTolerance=0.001 maxStep=100
                           cavityMaterial=Vacuum timeOffset=-4.7e+21
                           timeIncrement=0 fieldMapFile= kill=1
pillbox      cav582        maxGradient=23.05 color=1.0,0.0,0.0 frequency=0.352
                           innerLength=220 innerRadius=326 pipeThick=3
                           wallThick=0.05 irisRadius=125 collarRadialThick=5
                           collarThick=0 win1Thick=0.05 win1OuterRadius=50
                           win2Thick=0.05 winMat=Be phaseAcc=23.49
                           skinDepth=0.002 timingTolerance=0.001 maxStep=100
                           cavityMaterial=Vacuum timeOffset=-4.7e+21
                           timeIncrement=0 fieldMapFile= kill=1
pillbox      cav583        maxGradient=25.72 color=1.0,0.0,0.0 frequency=0.352
                           innerLength=220 innerRadius=326 pipeThick=3
                           wallThick=0.05 irisRadius=125 collarRadialThick=5
                           collarThick=0 win1Thick=0.05 win1OuterRadius=50
                           win2Thick=0.05 winMat=Be phaseAcc=25.43
                           skinDepth=0.002 timingTolerance=0.001 maxStep=100
                           cavityMaterial=Vacuum timeOffset=-4.7e+21
                           timeIncrement=0 fieldMapFile= kill=1
pillbox      cav590        maxGradient=21.55 color=1.0,0.0,0.0 frequency=0.352
                           innerLength=220 innerRadius=326 pipeThick=3
                           wallThick=0.05 irisRadius=125 collarRadialThick=5
                           collarThick=0 win1Thick=0.05 win1OuterRadius=50
                           win2Thick=0.05 winMat=Be phaseAcc=20.49
                           skinDepth=0.002 timingTolerance=0.001 maxStep=100
                           cavityMaterial=Vacuum timeOffset=-4.7e+21
                           timeIncrement=0 fieldMapFile= kill=1
pillbox      cav591        maxGradient=23.46 color=1.0,0.0,0.0 frequency=0.352
                           innerLength=220 innerRadius=326 pipeThick=3
                           wallThick=0.05 irisRadius=125 collarRadialThick=5
                           collarThick=0 win1Thick=0.05 win1OuterRadius=50
                           win2Thick=0.05 winMat=Be phaseAcc=23.57
                           skinDepth=0.002 timingTolerance=0.001 maxStep=100
                           cavityMaterial=Vacuum timeOffset=-4.7e+21
                           timeIncrement=0 fieldMapFile= kill=1
pillbox      cav592        maxGradient=22.56 color=1.0,0.0,0.0 frequency=0.352
                           innerLength=220 innerRadius=326 pipeThick=3
                           wallThick=0.05 irisRadius=125 collarRadialThick=5
                           collarThick=0 win1Thick=0.05 win1OuterRadius=50
                           win2Thick=0.05 winMat=Be phaseAcc=27.15
                           skinDepth=0.002 timingTolerance=0.001 maxStep=100
                           cavityMaterial=Vacuum timeOffset=-4.7e+21
                           timeIncrement=0 fieldMapFile= kill=1
pillbox      cav593        maxGradient=23 color=1.0,0.0,0.0 frequency=0.352
                           innerLength=220 innerRadius=326 pipeThick=3
                           wallThick=0.05 irisRadius=125 collarRadialThick=5
                           collarThick=0 win1Thick=0.05 win1OuterRadius=50
                           win2Thick=0.05 winMat=Be phaseAcc=29
                           skinDepth=0.002 timingTolerance=0.001 maxStep=100
                           cavityMaterial=Vacuum timeOffset=-4.7e+21
                           timeIncrement=0 fieldMapFile= kill=1
pillbox      cav600        maxGradient=22.67 color=1.0,0.0,0.0 frequency=0.352
                           innerLength=220 innerRadius=326 pipeThick=3
                           wallThick=0.05 irisRadius=125 collarRadialThick=5
                           collarThick=0 win1Thick=0.05 win1OuterRadius=50
                           win2Thick=0.05 winMat=Be phaseAcc=29.48
                           skinDepth=0.002 timingTolerance=0.001 maxStep=100
                           cavityMaterial=Vacuum timeOffset=-4.7e+21
                           timeIncrement=0 fieldMapFile= kill=1
pillbox      cav601        maxGradient=22.24 color=1.0,0.0,0.0 frequency=0.352
                           innerLength=220 innerRadius=326 pipeThick=3
                           wallThick=0.05 irisRadius=125 collarRadialThick=5
                           collarThick=0 win1Thick=0.05 win1OuterRadius=50
                           win2Thick=0.05 winMat=Be phaseAcc=23.66
                           skinDepth=0.002 timingTolerance=0.001 maxStep=100
                           cavityMaterial=Vacuum timeOffset=-4.7e+21
                           timeIncrement=0 fieldMapFile= kill=1
pillbox      cav602        maxGradient=22.45 color=1.0,0.0,0.0 frequency=0.352
                           innerLength=220 innerRadius=326 pipeThick=3
                           wallThick=0.05 irisRadius=125 collarRadialThick=5
                           collarThick=0 win1Thick=0.05 win1OuterRadius=50
                           win2Thick=0.05 winMat=Be phaseAcc=12.53
                           skinDepth=0.002 timingTolerance=0.001 maxStep=100
                           cavityMaterial=Vacuum timeOffset=-4.7e+21
                           timeIncrement=0 fieldMapFile= kill=1
pillbox      cav603        maxGradient=21.65 color=1.0,0.0,0.0 frequency=0.352
                           innerLength=220 innerRadius=326 pipeThick=3
                           wallThick=0.05 irisRadius=125 collarRadialThick=5
                           collarThick=0 win1Thick=0.05 win1OuterRadius=50
                           win2Thick=0.05 winMat=Be phaseAcc=32.68
                           skinDepth=0.002 timingTolerance=0.001 maxStep=100
                           cavityMaterial=Vacuum timeOffset=-4.7e+21
                           timeIncrement=0 fieldMapFile= kill=1
pillbox      cav610        maxGradient=23.48 color=1.0,0.0,0.0 frequency=0.352
                           innerLength=220 innerRadius=326 pipeThick=3
                           wallThick=0.05 irisRadius=125 collarRadialThick=5
                           collarThick=0 win1Thick=0.05 win1OuterRadius=50
                           win2Thick=0.05 winMat=Be phaseAcc=25.87
                           skinDepth=0.002 timingTolerance=0.001 maxStep=100
                           cavityMaterial=Vacuum timeOffset=-4.7e+21
                           timeIncrement=0 fieldMapFile= kill=1
pillbox      cav611        maxGradient=23.42 color=1.0,0.0,0.0 frequency=0.352
                           innerLength=220 innerRadius=326 pipeThick=3
                           wallThick=0.05 irisRadius=125 collarRadialThick=5
                           collarThick=0 win1Thick=0.05 win1OuterRadius=50
                           win2Thick=0.05 winMat=Be phaseAcc=18.25
                           skinDepth=0.002 timingTolerance=0.001 maxStep=100
                           cavityMaterial=Vacuum timeOffset=-4.7e+21
                           timeIncrement=0 fieldMapFile= kill=1
pillbox      cav612        maxGradient=23.44 color=1.0,0.0,0.0 frequency=0.352
                           innerLength=220 innerRadius=326 pipeThick=3
                           wallThick=0.05 irisRadius=125 collarRadialThick=5
                           collarThick=0 win1Thick=0.05 win1OuterRadius=50
                           win2Thick=0.05 winMat=Be phaseAcc=22.11
                           skinDepth=0.002 timingTolerance=0.001 maxStep=100
                           cavityMaterial=Vacuum timeOffset=-4.7e+21
                           timeIncrement=0 fieldMapFile= kill=1
pillbox      cav613        maxGradient=22.96 color=1.0,0.0,0.0 frequency=0.352
                           innerLength=220 innerRadius=326 pipeThick=3
                           wallThick=0.05 irisRadius=125 collarRadialThick=5
                           collarThick=0 win1Thick=0.05 win1OuterRadius=50
                           win2Thick=0.05 winMat=Be phaseAcc=15.54
                           skinDepth=0.002 timingTolerance=0.001 maxStep=100
                           cavityMaterial=Vacuum timeOffset=-4.7e+21
                           timeIncrement=0 fieldMapFile= kill=1
pillbox      cav620        maxGradient=24.72 color=1.0,0.0,0.0 frequency=0.352
                           innerLength=220 innerRadius=326 pipeThick=3
                           wallThick=0.05 irisRadius=125 collarRadialThick=5
                           collarThick=0 win1Thick=0.05 win1OuterRadius=50
                           win2Thick=0.05 winMat=Be phaseAcc=22.99
                           skinDepth=0.002 timingTolerance=0.001 maxStep=100
                           cavityMaterial=Vacuum timeOffset=-4.7e+21
                           timeIncrement=0 fieldMapFile= kill=1
pillbox      cav621        maxGradient=22.97 color=1.0,0.0,0.0 frequency=0.352
                           innerLength=220 innerRadius=326 pipeThick=3
                           wallThick=0.05 irisRadius=125 collarRadialThick=5
                           collarThick=0 win1Thick=0.05 win1OuterRadius=50
                           win2Thick=0.05 winMat=Be phaseAcc=26.18
                           skinDepth=0.002 timingTolerance=0.001 maxStep=100
                           cavityMaterial=Vacuum timeOffset=-4.7e+21
                           timeIncrement=0 fieldMapFile= kill=1
pillbox      cav622        maxGradient=23.99 color=1.0,0.0,0.0 frequency=0.352
                           innerLength=220 innerRadius=326 pipeThick=3
                           wallThick=0.05 irisRadius=125 collarRadialThick=5
                           collarThick=0 win1Thick=0.05 win1OuterRadius=50
                           win2Thick=0.05 winMat=Be phaseAcc=32.85
                           skinDepth=0.002 timingTolerance=0.001 maxStep=100
                           cavityMaterial=Vacuum timeOffset=-4.7e+21
                           timeIncrement=0 fieldMapFile= kill=1
pillbox      cav623        maxGradient=22.82 color=1.0,0.0,0.0 frequency=0.352
                           innerLength=220 innerRadius=326 pipeThick=3
                           wallThick=0.05 irisRadius=125 collarRadialThick=5
                           collarThick=0 win1Thick=0.05 win1OuterRadius=50
                           win2Thick=0.05 winMat=Be phaseAcc=19.22
                           skinDepth=0.002 timingTolerance=0.001 maxStep=100
                           cavityMaterial=Vacuum timeOffset=-4.7e+21
                           timeIncrement=0 fieldMapFile= kill=1
pillbox      cav630        maxGradient=23.28 color=1.0,0.0,0.0 frequency=0.352
                           innerLength=220 innerRadius=326 pipeThick=3
                           wallThick=0.05 irisRadius=125 collarRadialThick=5
                           collarThick=0 win1Thick=0.05 win1OuterRadius=50
                           win2Thick=0.05 winMat=Be phaseAcc=25.86
                           skinDepth=0.002 timingTolerance=0.001 maxStep=100
                           cavityMaterial=Vacuum timeOffset=-4.7e+21
                           timeIncrement=0 fieldMapFile= kill=1
pillbox      cav631        maxGradient=22.27 color=1.0,0.0,0.0 frequency=0.352
                           innerLength=220 innerRadius=326 pipeThick=3
                           wallThick=0.05 irisRadius=125 collarRadialThick=5
                           collarThick=0 win1Thick=0.05 win1OuterRadius=50
                           win2Thick=0.05 winMat=Be phaseAcc=36.53
                           skinDepth=0.002 timingTolerance=0.001 maxStep=100
                           cavityMaterial=Vacuum timeOffset=-4.7e+21
                           timeIncrement=0 fieldMapFile= kill=1
pillbox      cav632        maxGradient=21.78 color=1.0,0.0,0.0 frequency=0.352
                           innerLength=220 innerRadius=326 pipeThick=3
                           wallThick=0.05 irisRadius=125 collarRadialThick=5
                           collarThick=0 win1Thick=0.05 win1OuterRadius=50
                           win2Thick=0.05 winMat=Be phaseAcc=39.07
                           skinDepth=0.002 timingTolerance=0.001 maxStep=100
                           cavityMaterial=Vacuum timeOffset=-4.7e+21
                           timeIncrement=0 fieldMapFile= kill=1
pillbox      cav633        maxGradient=22.56 color=1.0,0.0,0.0 frequency=0.352
                           innerLength=220 innerRadius=326 pipeThick=3
                           wallThick=0.05 irisRadius=125 collarRadialThick=5
                           collarThick=0 win1Thick=0.05 win1OuterRadius=50
                           win2Thick=0.05 winMat=Be phaseAcc=9.269
                           skinDepth=0.002 timingTolerance=0.001 maxStep=100
                           cavityMaterial=Vacuum timeOffset=-4.7e+21
                           timeIncrement=0 fieldMapFile= kill=1
pillbox      cav640        maxGradient=23.52 color=1.0,0.0,0.0 frequency=0.352
                           innerLength=220 innerRadius=326 pipeThick=3
                           wallThick=0.05 irisRadius=125 collarRadialThick=5
                           collarThick=0 win1Thick=0.05 win1OuterRadius=50
                           win2Thick=0.05 winMat=Be phaseAcc=25.92
                           skinDepth=0.002 timingTolerance=0.001 maxStep=100
                           cavityMaterial=Vacuum timeOffset=-4.7e+21
                           timeIncrement=0 fieldMapFile= kill=1
pillbox      cav641        maxGradient=20.91 color=1.0,0.0,0.0 frequency=0.352
                           innerLength=220 innerRadius=326 pipeThick=3
                           wallThick=0.05 irisRadius=125 collarRadialThick=5
                           collarThick=0 win1Thick=0.05 win1OuterRadius=50
                           win2Thick=0.05 winMat=Be phaseAcc=10.39
                           skinDepth=0.002 timingTolerance=0.001 maxStep=100
                           cavityMaterial=Vacuum timeOffset=-4.7e+21
                           timeIncrement=0 fieldMapFile= kill=1
pillbox      cav642        maxGradient=21.98 color=1.0,0.0,0.0 frequency=0.352
                           innerLength=220 innerRadius=326 pipeThick=3
                           wallThick=0.05 irisRadius=125 collarRadialThick=5
                           collarThick=0 win1Thick=0.05 win1OuterRadius=50
                           win2Thick=0.05 winMat=Be phaseAcc=39.93
                           skinDepth=0.002 timingTolerance=0.001 maxStep=100
                           cavityMaterial=Vacuum timeOffset=-4.7e+21
                           timeIncrement=0 fieldMapFile= kill=1
pillbox      cav643        maxGradient=22.54 color=1.0,0.0,0.0 frequency=0.352
                           innerLength=220 innerRadius=326 pipeThick=3
                           wallThick=0.05 irisRadius=125 collarRadialThick=5
                           collarThick=0 win1Thick=0.05 win1OuterRadius=50
                           win2Thick=0.05 winMat=Be phaseAcc=29.27
                           skinDepth=0.002 timingTolerance=0.001 maxStep=100
                           cavityMaterial=Vacuum timeOffset=-4.7e+21
                           timeIncrement=0 fieldMapFile= kill=1
pillbox      cav650        maxGradient=22.47 color=1.0,0.0,0.0 frequency=0.352
                           innerLength=220 innerRadius=326 pipeThick=3
                           wallThick=0.05 irisRadius=125 collarRadialThick=5
                           collarThick=0 win1Thick=0.05 win1OuterRadius=50
                           win2Thick=0.05 winMat=Be phaseAcc=40.22
                           skinDepth=0.002 timingTolerance=0.001 maxStep=100
                           cavityMaterial=Vacuum timeOffset=-4.7e+21
                           timeIncrement=0 fieldMapFile= kill=1
pillbox      cav651        maxGradient=23.29 color=1.0,0.0,0.0 frequency=0.352
                           innerLength=220 innerRadius=326 pipeThick=3
                           wallThick=0.05 irisRadius=125 collarRadialThick=5
                           collarThick=0 win1Thick=0.05 win1OuterRadius=50
                           win2Thick=0.05 winMat=Be phaseAcc=14.21
                           skinDepth=0.002 timingTolerance=0.001 maxStep=100
                           cavityMaterial=Vacuum timeOffset=-4.7e+21
                           timeIncrement=0 fieldMapFile= kill=1
pillbox      cav652        maxGradient=23.24 color=1.0,0.0,0.0 frequency=0.352
                           innerLength=220 innerRadius=326 pipeThick=3
                           wallThick=0.05 irisRadius=125 collarRadialThick=5
                           collarThick=0 win1Thick=0.05 win1OuterRadius=50
                           win2Thick=0.05 winMat=Be phaseAcc=12.1
                           skinDepth=0.002 timingTolerance=0.001 maxStep=100
                           cavityMaterial=Vacuum timeOffset=-4.7e+21
                           timeIncrement=0 fieldMapFile= kill=1
pillbox      cav653        maxGradient=23.48 color=1.0,0.0,0.0 frequency=0.352
                           innerLength=220 innerRadius=326 pipeThick=3
                           wallThick=0.05 irisRadius=125 collarRadialThick=5
                           collarThick=0 win1Thick=0.05 win1OuterRadius=50
                           win2Thick=0.05 winMat=Be phaseAcc=37.18
                           skinDepth=0.002 timingTolerance=0.001 maxStep=100
                           cavityMaterial=Vacuum timeOffset=-4.7e+21
                           timeIncrement=0 fieldMapFile= kill=1
box          wedge_window  height=152.9 width=284.6 length=0.19 maxStep=100
                           material=Be color=1,1,1 kill=0
trap         all_wedge     height=152.9 upperWidth=0.001 lowerWidth=480 Xul=0
                           Xur=0 Xll=0 Xlr=0 length=152.9 maxStep=100
                           material=LH2 color=1,1,1 kill=0
do i=-2,65,1
(do i=-2)
place   sol1    copies=1 x=0.0 y=0.0 z=-2867.9 
place   sol3    copies=1 x=0.0 y=0.0 z=-2696.1 
place   sol4    copies=1 x=0.0 y=0.0 z=-1803.9 
place   sol2    copies=1 x=0.0 y=0.0 z=-1632.1 
(do i=-1)
place   sol1    copies=1 x=0.0 y=0.0 z=-1367.9 
place   sol3    copies=1 x=0.0 y=0.0 z=-1196.1 
place   sol4    copies=1 x=0.0 y=0.0 z=-303.9 
place   sol2    copies=1 x=0.0 y=0.0 z=-132.1 
(do i=0)
place   sol1    copies=1 x=0.0 y=0.0 z=132.1 
place   sol3    copies=1 x=0.0 y=0.0 z=303.9 
place   sol4    copies=1 x=0.0 y=0.0 z=1196.1 
place   sol2    copies=1 x=0.0 y=0.0 z=1367.9 
(do i=1)
place   sol1    copies=1 x=0.0 y=0.0 z=1632.1 
place   sol3    copies=1 x=0.0 y=0.0 z=1803.9 
place   sol4    copies=1 x=0.0 y=0.0 z=2696.1 
place   sol2    copies=1 x=0.0 y=0.0 z=2867.9 
(do i=2)
place   sol1    copies=1 x=0.0 y=0.0 z=3132.1 
place   sol3    copies=1 x=0.0 y=0.0 z=3303.9 
place   sol4    copies=1 x=0.0 y=0.0 z=4196.1 
place   sol2    copies=1 x=0.0 y=0.0 z=4367.9 
(do i=3)
place   sol1    copies=1 x=0.0 y=0.0 z=4632.1 
place   sol3    copies=1 x=0.0 y=0.0 z=4803.9 
place   sol4    copies=1 x=0.0 y=0.0 z=5696.1 
place   sol2    copies=1 x=0.0 y=0.0 z=5867.9 
(do i=4)
place   sol1    copies=1 x=0.0 y=0.0 z=6132.1 
place   sol3    copies=1 x=0.0 y=0.0 z=6303.9 
place   sol4    copies=1 x=0.0 y=0.0 z=7196.1 
place   sol2    copies=1 x=0.0 y=0.0 z=7367.9 
(do i=5)
place   sol1    copies=1 x=0.0 y=0.0 z=7632.1 
place   sol3    copies=1 x=0.0 y=0.0 z=7803.9 
place   sol4    copies=1 x=0.0 y=0.0 z=8696.1 
place   sol2    copies=1 x=0.0 y=0.0 z=8867.9 
(do i=6)
place   sol1    copies=1 x=0.0 y=0.0 z=9132.1 
place   sol3    copies=1 x=0.0 y=0.0 z=9303.9 
place   sol4    copies=1 x=0.0 y=0.0 z=10196.1 
place   sol2    copies=1 x=0.0 y=0.0 z=10367.9 
(do i=7)
place   sol1    copies=1 x=0.0 y=0.0 z=10632.1 
place   sol3    copies=1 x=0.0 y=0.0 z=10803.9 
place   sol4    copies=1 x=0.0 y=0.0 z=11696.1 
place   sol2    copies=1 x=0.0 y=0.0 z=11867.9 
(do i=8)
place   sol1    copies=1 x=0.0 y=0.0 z=12132.1 
place   sol3    copies=1 x=0.0 y=0.0 z=12303.9 
place   sol4    copies=1 x=0.0 y=0.0 z=13196.1 
place   sol2    copies=1 x=0.0 y=0.0 z=13367.9 
(do i=9)
place   sol1    copies=1 x=0.0 y=0.0 z=13632.1 
place   sol3    copies=1 x=0.0 y=0.0 z=13803.9 
place   sol4    copies=1 x=0.0 y=0.0 z=14696.1 
place   sol2    copies=1 x=0.0 y=0.0 z=14867.9 
(do i=10)
place   sol1    copies=1 x=0.0 y=0.0 z=15132.1 
place   sol3    copies=1 x=0.0 y=0.0 z=15303.9 
place   sol4    copies=1 x=0.0 y=0.0 z=16196.1 
place   sol2    copies=1 x=0.0 y=0.0 z=16367.9 
(do i=11)
place   sol1    copies=1 x=0.0 y=0.0 z=16632.1 
place   sol3    copies=1 x=0.0 y=0.0 z=16803.9 
place   sol4    copies=1 x=0.0 y=0.0 z=17696.1 
place   sol2    copies=1 x=0.0 y=0.0 z=17867.9 
(do i=12)
place   sol1    copies=1 x=0.0 y=0.0 z=18132.1 
place   sol3    copies=1 x=0.0 y=0.0 z=18303.9 
place   sol4    copies=1 x=0.0 y=0.0 z=19196.1 
place   sol2    copies=1 x=0.0 y=0.0 z=19367.9 
(do i=13)
place   sol1    copies=1 x=0.0 y=0.0 z=19632.1 
place   sol3    copies=1 x=0.0 y=0.0 z=19803.9 
place   sol4    copies=1 x=0.0 y=0.0 z=20696.1 
place   sol2    copies=1 x=0.0 y=0.0 z=20867.9 
(do i=14)
place   sol1    copies=1 x=0.0 y=0.0 z=21132.1 
place   sol3    copies=1 x=0.0 y=0.0 z=21303.9 
place   sol4    copies=1 x=0.0 y=0.0 z=22196.1 
place   sol2    copies=1 x=0.0 y=0.0 z=22367.9 
(do i=15)
place   sol1    copies=1 x=0.0 y=0.0 z=22632.1 
place   sol3    copies=1 x=0.0 y=0.0 z=22803.9 
place   sol4    copies=1 x=0.0 y=0.0 z=23696.1 
place   sol2    copies=1 x=0.0 y=0.0 z=23867.9 
(do i=16)
place   sol1    copies=1 x=0.0 y=0.0 z=24132.1 
place   sol3    copies=1 x=0.0 y=0.0 z=24303.9 
place   sol4    copies=1 x=0.0 y=0.0 z=25196.1 
place   sol2    copies=1 x=0.0 y=0.0 z=25367.9 
(do i=17)
place   sol1    copies=1 x=0.0 y=0.0 z=25632.1 
place   sol3    copies=1 x=0.0 y=0.0 z=25803.9 
place   sol4    copies=1 x=0.0 y=0.0 z=26696.1 
place   sol2    copies=1 x=0.0 y=0.0 z=26867.9 
(do i=18)
place   sol1    copies=1 x=0.0 y=0.0 z=27132.1 
place   sol3    copies=1 x=0.0 y=0.0 z=27303.9 
place   sol4    copies=1 x=0.0 y=0.0 z=28196.1 
place   sol2    copies=1 x=0.0 y=0.0 z=28367.9 
(do i=19)
place   sol1    copies=1 x=0.0 y=0.0 z=28632.1 
place   sol3    copies=1 x=0.0 y=0.0 z=28803.9 
place   sol4    copies=1 x=0.0 y=0.0 z=29696.1 
place   sol2    copies=1 x=0.0 y=0.0 z=29867.9 
(do i=20)
place   sol1    copies=1 x=0.0 y=0.0 z=30132.1 
place   sol3    copies=1 x=0.0 y=0.0 z=30303.9 
place   sol4    copies=1 x=0.0 y=0.0 z=31196.1 
place   sol2    copies=1 x=0.0 y=0.0 z=31367.9 
(do i=21)
place   sol1    copies=1 x=0.0 y=0.0 z=31632.1 
place   sol3    copies=1 x=0.0 y=0.0 z=31803.9 
place   sol4    copies=1 x=0.0 y=0.0 z=32696.1 
place   sol2    copies=1 x=0.0 y=0.0 z=32867.9 
(do i=22)
place   sol1    copies=1 x=0.0 y=0.0 z=33132.1 
place   sol3    copies=1 x=0.0 y=0.0 z=33303.9 
place   sol4    copies=1 x=0.0 y=0.0 z=34196.1 
place   sol2    copies=1 x=0.0 y=0.0 z=34367.9 
(do i=23)
place   sol1    copies=1 x=0.0 y=0.0 z=34632.1 
place   sol3    copies=1 x=0.0 y=0.0 z=34803.9 
place   sol4    copies=1 x=0.0 y=0.0 z=35696.1 
place   sol2    copies=1 x=0.0 y=0.0 z=35867.9 
(do i=24)
place   sol1    copies=1 x=0.0 y=0.0 z=36132.1 
place   sol3    copies=1 x=0.0 y=0.0 z=36303.9 
place   sol4    copies=1 x=0.0 y=0.0 z=37196.1 
place   sol2    copies=1 x=0.0 y=0.0 z=37367.9 
(do i=25)
place   sol1    copies=1 x=0.0 y=0.0 z=37632.1 
place   sol3    copies=1 x=0.0 y=0.0 z=37803.9 
place   sol4    copies=1 x=0.0 y=0.0 z=38696.1 
place   sol2    copies=1 x=0.0 y=0.0 z=38867.9 
(do i=26)
place   sol1    copies=1 x=0.0 y=0.0 z=39132.1 
place   sol3    copies=1 x=0.0 y=0.0 z=39303.9 
place   sol4    copies=1 x=0.0 y=0.0 z=40196.1 
place   sol2    copies=1 x=0.0 y=0.0 z=40367.9 
(do i=27)
place   sol1    copies=1 x=0.0 y=0.0 z=40632.1 
place   sol3    copies=1 x=0.0 y=0.0 z=40803.9 
place   sol4    copies=1 x=0.0 y=0.0 z=41696.1 
place   sol2    copies=1 x=0.0 y=0.0 z=41867.9 
(do i=28)
place   sol1    copies=1 x=0.0 y=0.0 z=42132.1 
place   sol3    copies=1 x=0.0 y=0.0 z=42303.9 
place   sol4    copies=1 x=0.0 y=0.0 z=43196.1 
place   sol2    copies=1 x=0.0 y=0.0 z=43367.9 
(do i=29)
place   sol1    copies=1 x=0.0 y=0.0 z=43632.1 
place   sol3    copies=1 x=0.0 y=0.0 z=43803.9 
place   sol4    copies=1 x=0.0 y=0.0 z=44696.1 
place   sol2    copies=1 x=0.0 y=0.0 z=44867.9 
(do i=30)
place   sol1    copies=1 x=0.0 y=0.0 z=45132.1 
place   sol3    copies=1 x=0.0 y=0.0 z=45303.9 
place   sol4    copies=1 x=0.0 y=0.0 z=46196.1 
place   sol2    copies=1 x=0.0 y=0.0 z=46367.9 
(do i=31)
place   sol1    copies=1 x=0.0 y=0.0 z=46632.1 
place   sol3    copies=1 x=0.0 y=0.0 z=46803.9 
place   sol4    copies=1 x=0.0 y=0.0 z=47696.1 
place   sol2    copies=1 x=0.0 y=0.0 z=47867.9 
(do i=32)
place   sol1    copies=1 x=0.0 y=0.0 z=48132.1 
place   sol3    copies=1 x=0.0 y=0.0 z=48303.9 
place   sol4    copies=1 x=0.0 y=0.0 z=49196.1 
place   sol2    copies=1 x=0.0 y=0.0 z=49367.9 
(do i=33)
place   sol1    copies=1 x=0.0 y=0.0 z=49632.1 
place   sol3    copies=1 x=0.0 y=0.0 z=49803.9 
place   sol4    copies=1 x=0.0 y=0.0 z=50696.1 
place   sol2    copies=1 x=0.0 y=0.0 z=50867.9 
(do i=34)
place   sol1    copies=1 x=0.0 y=0.0 z=51132.1 
place   sol3    copies=1 x=0.0 y=0.0 z=51303.9 
place   sol4    copies=1 x=0.0 y=0.0 z=52196.1 
place   sol2    copies=1 x=0.0 y=0.0 z=52367.9 
(do i=35)
place   sol1    copies=1 x=0.0 y=0.0 z=52632.1 
place   sol3    copies=1 x=0.0 y=0.0 z=52803.9 
place   sol4    copies=1 x=0.0 y=0.0 z=53696.1 
place   sol2    copies=1 x=0.0 y=0.0 z=53867.9 
(do i=36)
place   sol1    copies=1 x=0.0 y=0.0 z=54132.1 
place   sol3    copies=1 x=0.0 y=0.0 z=54303.9 
place   sol4    copies=1 x=0.0 y=0.0 z=55196.1 
place   sol2    copies=1 x=0.0 y=0.0 z=55367.9 
(do i=37)
place   sol1    copies=1 x=0.0 y=0.0 z=55632.1 
place   sol3    copies=1 x=0.0 y=0.0 z=55803.9 
place   sol4    copies=1 x=0.0 y=0.0 z=56696.1 
place   sol2    copies=1 x=0.0 y=0.0 z=56867.9 
(do i=38)
place   sol1    copies=1 x=0.0 y=0.0 z=57132.1 
place   sol3    copies=1 x=0.0 y=0.0 z=57303.9 
place   sol4    copies=1 x=0.0 y=0.0 z=58196.1 
place   sol2    copies=1 x=0.0 y=0.0 z=58367.9 
(do i=39)
place   sol1    copies=1 x=0.0 y=0.0 z=58632.1 
place   sol3    copies=1 x=0.0 y=0.0 z=58803.9 
place   sol4    copies=1 x=0.0 y=0.0 z=59696.1 
place   sol2    copies=1 x=0.0 y=0.0 z=59867.9 
(do i=40)
place   sol1    copies=1 x=0.0 y=0.0 z=60132.1 
place   sol3    copies=1 x=0.0 y=0.0 z=60303.9 
place   sol4    copies=1 x=0.0 y=0.0 z=61196.1 
place   sol2    copies=1 x=0.0 y=0.0 z=61367.9 
(do i=41)
place   sol1    copies=1 x=0.0 y=0.0 z=61632.1 
place   sol3    copies=1 x=0.0 y=0.0 z=61803.9 
place   sol4    copies=1 x=0.0 y=0.0 z=62696.1 
place   sol2    copies=1 x=0.0 y=0.0 z=62867.9 
(do i=42)
place   sol1    copies=1 x=0.0 y=0.0 z=63132.1 
place   sol3    copies=1 x=0.0 y=0.0 z=63303.9 
place   sol4    copies=1 x=0.0 y=0.0 z=64196.1 
place   sol2    copies=1 x=0.0 y=0.0 z=64367.9 
(do i=43)
place   sol1    copies=1 x=0.0 y=0.0 z=64632.1 
place   sol3    copies=1 x=0.0 y=0.0 z=64803.9 
place   sol4    copies=1 x=0.0 y=0.0 z=65696.1 
place   sol2    copies=1 x=0.0 y=0.0 z=65867.9 
(do i=44)
place   sol1    copies=1 x=0.0 y=0.0 z=66132.1 
place   sol3    copies=1 x=0.0 y=0.0 z=66303.9 
place   sol4    copies=1 x=0.0 y=0.0 z=67196.1 
place   sol2    copies=1 x=0.0 y=0.0 z=67367.9 
(do i=45)
place   sol1    copies=1 x=0.0 y=0.0 z=67632.1 
place   sol3    copies=1 x=0.0 y=0.0 z=67803.9 
place   sol4    copies=1 x=0.0 y=0.0 z=68696.1 
place   sol2    copies=1 x=0.0 y=0.0 z=68867.9 
(do i=46)
place   sol1    copies=1 x=0.0 y=0.0 z=69132.1 
place   sol3    copies=1 x=0.0 y=0.0 z=69303.9 
place   sol4    copies=1 x=0.0 y=0.0 z=70196.1 
place   sol2    copies=1 x=0.0 y=0.0 z=70367.9 
(do i=47)
place   sol1    copies=1 x=0.0 y=0.0 z=70632.1 
place   sol3    copies=1 x=0.0 y=0.0 z=70803.9 
place   sol4    copies=1 x=0.0 y=0.0 z=71696.1 
place   sol2    copies=1 x=0.0 y=0.0 z=71867.9 
(do i=48)
place   sol1    copies=1 x=0.0 y=0.0 z=72132.1 
place   sol3    copies=1 x=0.0 y=0.0 z=72303.9 
place   sol4    copies=1 x=0.0 y=0.0 z=73196.1 
place   sol2    copies=1 x=0.0 y=0.0 z=73367.9 
(do i=49)
place   sol1    copies=1 x=0.0 y=0.0 z=73632.1 
place   sol3    copies=1 x=0.0 y=0.0 z=73803.9 
place   sol4    copies=1 x=0.0 y=0.0 z=74696.1 
place   sol2    copies=1 x=0.0 y=0.0 z=74867.9 
(do i=50)
place   sol1    copies=1 x=0.0 y=0.0 z=75132.1 
place   sol3    copies=1 x=0.0 y=0.0 z=75303.9 
place   sol4    copies=1 x=0.0 y=0.0 z=76196.1 
place   sol2    copies=1 x=0.0 y=0.0 z=76367.9 
(do i=51)
place   sol1    copies=1 x=0.0 y=0.0 z=76632.1 
place   sol3    copies=1 x=0.0 y=0.0 z=76803.9 
place   sol4    copies=1 x=0.0 y=0.0 z=77696.1 
place   sol2    copies=1 x=0.0 y=0.0 z=77867.9 
(do i=52)
place   sol1    copies=1 x=0.0 y=0.0 z=78132.1 
place   sol3    copies=1 x=0.0 y=0.0 z=78303.9 
place   sol4    copies=1 x=0.0 y=0.0 z=79196.1 
place   sol2    copies=1 x=0.0 y=0.0 z=79367.9 
(do i=53)
place   sol1    copies=1 x=0.0 y=0.0 z=79632.1 
place   sol3    copies=1 x=0.0 y=0.0 z=79803.9 
place   sol4    copies=1 x=0.0 y=0.0 z=80696.1 
place   sol2    copies=1 x=0.0 y=0.0 z=80867.9 
(do i=54)
place   sol1    copies=1 x=0.0 y=0.0 z=81132.1 
place   sol3    copies=1 x=0.0 y=0.0 z=81303.9 
place   sol4    copies=1 x=0.0 y=0.0 z=82196.1 
place   sol2    copies=1 x=0.0 y=0.0 z=82367.9 
(do i=55)
place   sol1    copies=1 x=0.0 y=0.0 z=82632.1 
place   sol3    copies=1 x=0.0 y=0.0 z=82803.9 
place   sol4    copies=1 x=0.0 y=0.0 z=83696.1 
place   sol2    copies=1 x=0.0 y=0.0 z=83867.9 
(do i=56)
place   sol1    copies=1 x=0.0 y=0.0 z=84132.1 
place   sol3    copies=1 x=0.0 y=0.0 z=84303.9 
place   sol4    copies=1 x=0.0 y=0.0 z=85196.1 
place   sol2    copies=1 x=0.0 y=0.0 z=85367.9 
(do i=57)
place   sol1    copies=1 x=0.0 y=0.0 z=85632.1 
place   sol3    copies=1 x=0.0 y=0.0 z=85803.9 
place   sol4    copies=1 x=0.0 y=0.0 z=86696.1 
place   sol2    copies=1 x=0.0 y=0.0 z=86867.9 
(do i=58)
place   sol1    copies=1 x=0.0 y=0.0 z=87132.1 
place   sol3    copies=1 x=0.0 y=0.0 z=87303.9 
place   sol4    copies=1 x=0.0 y=0.0 z=88196.1 
place   sol2    copies=1 x=0.0 y=0.0 z=88367.9 
(do i=59)
place   sol1    copies=1 x=0.0 y=0.0 z=88632.1 
place   sol3    copies=1 x=0.0 y=0.0 z=88803.9 
place   sol4    copies=1 x=0.0 y=0.0 z=89696.1 
place   sol2    copies=1 x=0.0 y=0.0 z=89867.9 
(do i=60)
place   sol1    copies=1 x=0.0 y=0.0 z=90132.1 
place   sol3    copies=1 x=0.0 y=0.0 z=90303.9 
place   sol4    copies=1 x=0.0 y=0.0 z=91196.1 
place   sol2    copies=1 x=0.0 y=0.0 z=91367.9 
(do i=61)
place   sol1    copies=1 x=0.0 y=0.0 z=91632.1 
place   sol3    copies=1 x=0.0 y=0.0 z=91803.9 
place   sol4    copies=1 x=0.0 y=0.0 z=92696.1 
place   sol2    copies=1 x=0.0 y=0.0 z=92867.9 
(do i=62)
place   sol1    copies=1 x=0.0 y=0.0 z=93132.1 
place   sol3    copies=1 x=0.0 y=0.0 z=93303.9 
place   sol4    copies=1 x=0.0 y=0.0 z=94196.1 
place   sol2    copies=1 x=0.0 y=0.0 z=94367.9 
(do i=63)
place   sol1    copies=1 x=0.0 y=0.0 z=94632.1 
place   sol3    copies=1 x=0.0 y=0.0 z=94803.9 
place   sol4    copies=1 x=0.0 y=0.0 z=95696.1 
place   sol2    copies=1 x=0.0 y=0.0 z=95867.9 
(do i=64)
place   sol1    copies=1 x=0.0 y=0.0 z=96132.1 
place   sol3    copies=1 x=0.0 y=0.0 z=96303.9 
place   sol4    copies=1 x=0.0 y=0.0 z=97196.1 
place   sol2    copies=1 x=0.0 y=0.0 z=97367.9 
(do i=65)
place   sol1    copies=1 x=0.0 y=0.0 z=97632.1 
place   sol3    copies=1 x=0.0 y=0.0 z=97803.9 
place   sol4    copies=1 x=0.0 y=0.0 z=98696.1 
place   sol2    copies=1 x=0.0 y=0.0 z=98867.9 
enddo
do i=-2,65,1
(do i=-2)
place   solbend copies=1 x=0.0 y=0.0 z=-2850.0 rename='solbend_a_-2'
place   solbend copies=1 x=0.0 y=0.0 z=-1650.0 rename='solbend_b_-2'
(do i=-1)
place   solbend copies=1 x=0.0 y=0.0 z=-1350.0 rename='solbend_a_-1'
place   solbend copies=1 x=0.0 y=0.0 z=-150.0 rename='solbend_b_-1'
(do i=0)
place   solbend copies=1 x=0.0 y=0.0 z=150.0 rename='solbend_a_0'
place   solbend copies=1 x=0.0 y=0.0 z=1350.0 rename='solbend_b_0'
(do i=1)
place   solbend copies=1 x=0.0 y=0.0 z=1650.0 rename='solbend_a_1'
place   solbend copies=1 x=0.0 y=0.0 z=2850.0 rename='solbend_b_1'
(do i=2)
place   solbend copies=1 x=0.0 y=0.0 z=3150.0 rename='solbend_a_2'
place   solbend copies=1 x=0.0 y=0.0 z=4350.0 rename='solbend_b_2'
(do i=3)
place   solbend copies=1 x=0.0 y=0.0 z=4650.0 rename='solbend_a_3'
place   solbend copies=1 x=0.0 y=0.0 z=5850.0 rename='solbend_b_3'
(do i=4)
place   solbend copies=1 x=0.0 y=0.0 z=6150.0 rename='solbend_a_4'
place   solbend copies=1 x=0.0 y=0.0 z=7350.0 rename='solbend_b_4'
(do i=5)
place   solbend copies=1 x=0.0 y=0.0 z=7650.0 rename='solbend_a_5'
place   solbend copies=1 x=0.0 y=0.0 z=8850.0 rename='solbend_b_5'
(do i=6)
place   solbend copies=1 x=0.0 y=0.0 z=9150.0 rename='solbend_a_6'
place   solbend copies=1 x=0.0 y=0.0 z=10350.0 rename='solbend_b_6'
(do i=7)
place   solbend copies=1 x=0.0 y=0.0 z=10650.0 rename='solbend_a_7'
place   solbend copies=1 x=0.0 y=0.0 z=11850.0 rename='solbend_b_7'
(do i=8)
place   solbend copies=1 x=0.0 y=0.0 z=12150.0 rename='solbend_a_8'
place   solbend copies=1 x=0.0 y=0.0 z=13350.0 rename='solbend_b_8'
(do i=9)
place   solbend copies=1 x=0.0 y=0.0 z=13650.0 rename='solbend_a_9'
place   solbend copies=1 x=0.0 y=0.0 z=14850.0 rename='solbend_b_9'
(do i=10)
place   solbend copies=1 x=0.0 y=0.0 z=15150.0 rename='solbend_a_10'
place   solbend copies=1 x=0.0 y=0.0 z=16350.0 rename='solbend_b_10'
(do i=11)
place   solbend copies=1 x=0.0 y=0.0 z=16650.0 rename='solbend_a_11'
place   solbend copies=1 x=0.0 y=0.0 z=17850.0 rename='solbend_b_11'
(do i=12)
place   solbend copies=1 x=0.0 y=0.0 z=18150.0 rename='solbend_a_12'
place   solbend copies=1 x=0.0 y=0.0 z=19350.0 rename='solbend_b_12'
(do i=13)
place   solbend copies=1 x=0.0 y=0.0 z=19650.0 rename='solbend_a_13'
place   solbend copies=1 x=0.0 y=0.0 z=20850.0 rename='solbend_b_13'
(do i=14)
place   solbend copies=1 x=0.0 y=0.0 z=21150.0 rename='solbend_a_14'
place   solbend copies=1 x=0.0 y=0.0 z=22350.0 rename='solbend_b_14'
(do i=15)
place   solbend copies=1 x=0.0 y=0.0 z=22650.0 rename='solbend_a_15'
place   solbend copies=1 x=0.0 y=0.0 z=23850.0 rename='solbend_b_15'
(do i=16)
place   solbend copies=1 x=0.0 y=0.0 z=24150.0 rename='solbend_a_16'
place   solbend copies=1 x=0.0 y=0.0 z=25350.0 rename='solbend_b_16'
(do i=17)
place   solbend copies=1 x=0.0 y=0.0 z=25650.0 rename='solbend_a_17'
place   solbend copies=1 x=0.0 y=0.0 z=26850.0 rename='solbend_b_17'
(do i=18)
place   solbend copies=1 x=0.0 y=0.0 z=27150.0 rename='solbend_a_18'
place   solbend copies=1 x=0.0 y=0.0 z=28350.0 rename='solbend_b_18'
(do i=19)
place   solbend copies=1 x=0.0 y=0.0 z=28650.0 rename='solbend_a_19'
place   solbend copies=1 x=0.0 y=0.0 z=29850.0 rename='solbend_b_19'
(do i=20)
place   solbend copies=1 x=0.0 y=0.0 z=30150.0 rename='solbend_a_20'
place   solbend copies=1 x=0.0 y=0.0 z=31350.0 rename='solbend_b_20'
(do i=21)
place   solbend copies=1 x=0.0 y=0.0 z=31650.0 rename='solbend_a_21'
place   solbend copies=1 x=0.0 y=0.0 z=32850.0 rename='solbend_b_21'
(do i=22)
place   solbend copies=1 x=0.0 y=0.0 z=33150.0 rename='solbend_a_22'
place   solbend copies=1 x=0.0 y=0.0 z=34350.0 rename='solbend_b_22'
(do i=23)
place   solbend copies=1 x=0.0 y=0.0 z=34650.0 rename='solbend_a_23'
place   solbend copies=1 x=0.0 y=0.0 z=35850.0 rename='solbend_b_23'
(do i=24)
place   solbend copies=1 x=0.0 y=0.0 z=36150.0 rename='solbend_a_24'
place   solbend copies=1 x=0.0 y=0.0 z=37350.0 rename='solbend_b_24'
(do i=25)
place   solbend copies=1 x=0.0 y=0.0 z=37650.0 rename='solbend_a_25'
place   solbend copies=1 x=0.0 y=0.0 z=38850.0 rename='solbend_b_25'
(do i=26)
place   solbend copies=1 x=0.0 y=0.0 z=39150.0 rename='solbend_a_26'
place   solbend copies=1 x=0.0 y=0.0 z=40350.0 rename='solbend_b_26'
(do i=27)
place   solbend copies=1 x=0.0 y=0.0 z=40650.0 rename='solbend_a_27'
place   solbend copies=1 x=0.0 y=0.0 z=41850.0 rename='solbend_b_27'
(do i=28)
place   solbend copies=1 x=0.0 y=0.0 z=42150.0 rename='solbend_a_28'
place   solbend copies=1 x=0.0 y=0.0 z=43350.0 rename='solbend_b_28'
(do i=29)
place   solbend copies=1 x=0.0 y=0.0 z=43650.0 rename='solbend_a_29'
place   solbend copies=1 x=0.0 y=0.0 z=44850.0 rename='solbend_b_29'
(do i=30)
place   solbend copies=1 x=0.0 y=0.0 z=45150.0 rename='solbend_a_30'
place   solbend copies=1 x=0.0 y=0.0 z=46350.0 rename='solbend_b_30'
(do i=31)
place   solbend copies=1 x=0.0 y=0.0 z=46650.0 rename='solbend_a_31'
place   solbend copies=1 x=0.0 y=0.0 z=47850.0 rename='solbend_b_31'
(do i=32)
place   solbend copies=1 x=0.0 y=0.0 z=48150.0 rename='solbend_a_32'
place   solbend copies=1 x=0.0 y=0.0 z=49350.0 rename='solbend_b_32'
(do i=33)
place   solbend copies=1 x=0.0 y=0.0 z=49650.0 rename='solbend_a_33'
place   solbend copies=1 x=0.0 y=0.0 z=50850.0 rename='solbend_b_33'
(do i=34)
place   solbend copies=1 x=0.0 y=0.0 z=51150.0 rename='solbend_a_34'
place   solbend copies=1 x=0.0 y=0.0 z=52350.0 rename='solbend_b_34'
(do i=35)
place   solbend copies=1 x=0.0 y=0.0 z=52650.0 rename='solbend_a_35'
place   solbend copies=1 x=0.0 y=0.0 z=53850.0 rename='solbend_b_35'
(do i=36)
place   solbend copies=1 x=0.0 y=0.0 z=54150.0 rename='solbend_a_36'
place   solbend copies=1 x=0.0 y=0.0 z=55350.0 rename='solbend_b_36'
(do i=37)
place   solbend copies=1 x=0.0 y=0.0 z=55650.0 rename='solbend_a_37'
place   solbend copies=1 x=0.0 y=0.0 z=56850.0 rename='solbend_b_37'
(do i=38)
place   solbend copies=1 x=0.0 y=0.0 z=57150.0 rename='solbend_a_38'
place   solbend copies=1 x=0.0 y=0.0 z=58350.0 rename='solbend_b_38'
(do i=39)
place   solbend copies=1 x=0.0 y=0.0 z=58650.0 rename='solbend_a_39'
place   solbend copies=1 x=0.0 y=0.0 z=59850.0 rename='solbend_b_39'
(do i=40)
place   solbend copies=1 x=0.0 y=0.0 z=60150.0 rename='solbend_a_40'
place   solbend copies=1 x=0.0 y=0.0 z=61350.0 rename='solbend_b_40'
(do i=41)
place   solbend copies=1 x=0.0 y=0.0 z=61650.0 rename='solbend_a_41'
place   solbend copies=1 x=0.0 y=0.0 z=62850.0 rename='solbend_b_41'
(do i=42)
place   solbend copies=1 x=0.0 y=0.0 z=63150.0 rename='solbend_a_42'
place   solbend copies=1 x=0.0 y=0.0 z=64350.0 rename='solbend_b_42'
(do i=43)
place   solbend copies=1 x=0.0 y=0.0 z=64650.0 rename='solbend_a_43'
place   solbend copies=1 x=0.0 y=0.0 z=65850.0 rename='solbend_b_43'
(do i=44)
place   solbend copies=1 x=0.0 y=0.0 z=66150.0 rename='solbend_a_44'
place   solbend copies=1 x=0.0 y=0.0 z=67350.0 rename='solbend_b_44'
(do i=45)
place   solbend copies=1 x=0.0 y=0.0 z=67650.0 rename='solbend_a_45'
place   solbend copies=1 x=0.0 y=0.0 z=68850.0 rename='solbend_b_45'
(do i=46)
place   solbend copies=1 x=0.0 y=0.0 z=69150.0 rename='solbend_a_46'
place   solbend copies=1 x=0.0 y=0.0 z=70350.0 rename='solbend_b_46'
(do i=47)
place   solbend copies=1 x=0.0 y=0.0 z=70650.0 rename='solbend_a_47'
place   solbend copies=1 x=0.0 y=0.0 z=71850.0 rename='solbend_b_47'
(do i=48)
place   solbend copies=1 x=0.0 y=0.0 z=72150.0 rename='solbend_a_48'
place   solbend copies=1 x=0.0 y=0.0 z=73350.0 rename='solbend_b_48'
(do i=49)
place   solbend copies=1 x=0.0 y=0.0 z=73650.0 rename='solbend_a_49'
place   solbend copies=1 x=0.0 y=0.0 z=74850.0 rename='solbend_b_49'
(do i=50)
place   solbend copies=1 x=0.0 y=0.0 z=75150.0 rename='solbend_a_50'
place   solbend copies=1 x=0.0 y=0.0 z=76350.0 rename='solbend_b_50'
(do i=51)
place   solbend copies=1 x=0.0 y=0.0 z=76650.0 rename='solbend_a_51'
place   solbend copies=1 x=0.0 y=0.0 z=77850.0 rename='solbend_b_51'
(do i=52)
place   solbend copies=1 x=0.0 y=0.0 z=78150.0 rename='solbend_a_52'
place   solbend copies=1 x=0.0 y=0.0 z=79350.0 rename='solbend_b_52'
(do i=53)
place   solbend copies=1 x=0.0 y=0.0 z=79650.0 rename='solbend_a_53'
place   solbend copies=1 x=0.0 y=0.0 z=80850.0 rename='solbend_b_53'
(do i=54)
place   solbend copies=1 x=0.0 y=0.0 z=81150.0 rename='solbend_a_54'
place   solbend copies=1 x=0.0 y=0.0 z=82350.0 rename='solbend_b_54'
(do i=55)
place   solbend copies=1 x=0.0 y=0.0 z=82650.0 rename='solbend_a_55'
place   solbend copies=1 x=0.0 y=0.0 z=83850.0 rename='solbend_b_55'
(do i=56)
place   solbend copies=1 x=0.0 y=0.0 z=84150.0 rename='solbend_a_56'
place   solbend copies=1 x=0.0 y=0.0 z=85350.0 rename='solbend_b_56'
(do i=57)
place   solbend copies=1 x=0.0 y=0.0 z=85650.0 rename='solbend_a_57'
place   solbend copies=1 x=0.0 y=0.0 z=86850.0 rename='solbend_b_57'
(do i=58)
place   solbend copies=1 x=0.0 y=0.0 z=87150.0 rename='solbend_a_58'
place   solbend copies=1 x=0.0 y=0.0 z=88350.0 rename='solbend_b_58'
(do i=59)
place   solbend copies=1 x=0.0 y=0.0 z=88650.0 rename='solbend_a_59'
place   solbend copies=1 x=0.0 y=0.0 z=89850.0 rename='solbend_b_59'
(do i=60)
place   solbend copies=1 x=0.0 y=0.0 z=90150.0 rename='solbend_a_60'
place   solbend copies=1 x=0.0 y=0.0 z=91350.0 rename='solbend_b_60'
(do i=61)
place   solbend copies=1 x=0.0 y=0.0 z=91650.0 rename='solbend_a_61'
place   solbend copies=1 x=0.0 y=0.0 z=92850.0 rename='solbend_b_61'
(do i=62)
place   solbend copies=1 x=0.0 y=0.0 z=93150.0 rename='solbend_a_62'
place   solbend copies=1 x=0.0 y=0.0 z=94350.0 rename='solbend_b_62'
(do i=63)
place   solbend copies=1 x=0.0 y=0.0 z=94650.0 rename='solbend_a_63'
place   solbend copies=1 x=0.0 y=0.0 z=95850.0 rename='solbend_b_63'
(do i=64)
place   solbend copies=1 x=0.0 y=0.0 z=96150.0 rename='solbend_a_64'
place   solbend copies=1 x=0.0 y=0.0 z=97350.0 rename='solbend_b_64'
(do i=65)
place   solbend copies=1 x=0.0 y=0.0 z=97650.0 rename='solbend_a_65'
place   solbend copies=1 x=0.0 y=0.0 z=98850.0 rename='solbend_b_65'
enddo
do i=-2,65,1
(do i=-2)
place   fringe_left copies=1 x=0.0 y=0.0 z=-3150.0 
place   fringe_right copies=1 x=0.0 y=0.0 z=-2550.0 
place   fringe_left copies=1 x=0.0 y=0.0 z=-1950.0 
place   fringe_right copies=1 x=0.0 y=0.0 z=-1350.0 
(do i=-1)
place   fringe_left copies=1 x=0.0 y=0.0 z=-1650.0 
place   fringe_right copies=1 x=0.0 y=0.0 z=-1050.0 
place   fringe_left copies=1 x=0.0 y=0.0 z=-450.0 
place   fringe_right copies=1 x=0.0 y=0.0 z=150.0 
(do i=0)
place   fringe_left copies=1 x=0.0 y=0.0 z=-150.0 
place   fringe_right copies=1 x=0.0 y=0.0 z=450.0 
place   fringe_left copies=1 x=0.0 y=0.0 z=1050.0 
place   fringe_right copies=1 x=0.0 y=0.0 z=1650.0 
(do i=1)
place   fringe_left copies=1 x=0.0 y=0.0 z=1350.0 
place   fringe_right copies=1 x=0.0 y=0.0 z=1950.0 
place   fringe_left copies=1 x=0.0 y=0.0 z=2550.0 
place   fringe_right copies=1 x=0.0 y=0.0 z=3150.0 
(do i=2)
place   fringe_left copies=1 x=0.0 y=0.0 z=2850.0 
place   fringe_right copies=1 x=0.0 y=0.0 z=3450.0 
place   fringe_left copies=1 x=0.0 y=0.0 z=4050.0 
place   fringe_right copies=1 x=0.0 y=0.0 z=4650.0 
(do i=3)
place   fringe_left copies=1 x=0.0 y=0.0 z=4350.0 
place   fringe_right copies=1 x=0.0 y=0.0 z=4950.0 
place   fringe_left copies=1 x=0.0 y=0.0 z=5550.0 
place   fringe_right copies=1 x=0.0 y=0.0 z=6150.0 
(do i=4)
place   fringe_left copies=1 x=0.0 y=0.0 z=5850.0 
place   fringe_right copies=1 x=0.0 y=0.0 z=6450.0 
place   fringe_left copies=1 x=0.0 y=0.0 z=7050.0 
place   fringe_right copies=1 x=0.0 y=0.0 z=7650.0 
(do i=5)
place   fringe_left copies=1 x=0.0 y=0.0 z=7350.0 
place   fringe_right copies=1 x=0.0 y=0.0 z=7950.0 
place   fringe_left copies=1 x=0.0 y=0.0 z=8550.0 
place   fringe_right copies=1 x=0.0 y=0.0 z=9150.0 
(do i=6)
place   fringe_left copies=1 x=0.0 y=0.0 z=8850.0 
place   fringe_right copies=1 x=0.0 y=0.0 z=9450.0 
place   fringe_left copies=1 x=0.0 y=0.0 z=10050.0 
place   fringe_right copies=1 x=0.0 y=0.0 z=10650.0 
(do i=7)
place   fringe_left copies=1 x=0.0 y=0.0 z=10350.0 
place   fringe_right copies=1 x=0.0 y=0.0 z=10950.0 
place   fringe_left copies=1 x=0.0 y=0.0 z=11550.0 
place   fringe_right copies=1 x=0.0 y=0.0 z=12150.0 
(do i=8)
place   fringe_left copies=1 x=0.0 y=0.0 z=11850.0 
place   fringe_right copies=1 x=0.0 y=0.0 z=12450.0 
place   fringe_left copies=1 x=0.0 y=0.0 z=13050.0 
place   fringe_right copies=1 x=0.0 y=0.0 z=13650.0 
(do i=9)
place   fringe_left copies=1 x=0.0 y=0.0 z=13350.0 
place   fringe_right copies=1 x=0.0 y=0.0 z=13950.0 
place   fringe_left copies=1 x=0.0 y=0.0 z=14550.0 
place   fringe_right copies=1 x=0.0 y=0.0 z=15150.0 
(do i=10)
place   fringe_left copies=1 x=0.0 y=0.0 z=14850.0 
place   fringe_right copies=1 x=0.0 y=0.0 z=15450.0 
place   fringe_left copies=1 x=0.0 y=0.0 z=16050.0 
place   fringe_right copies=1 x=0.0 y=0.0 z=16650.0 
(do i=11)
place   fringe_left copies=1 x=0.0 y=0.0 z=16350.0 
place   fringe_right copies=1 x=0.0 y=0.0 z=16950.0 
place   fringe_left copies=1 x=0.0 y=0.0 z=17550.0 
place   fringe_right copies=1 x=0.0 y=0.0 z=18150.0 
(do i=12)
place   fringe_left copies=1 x=0.0 y=0.0 z=17850.0 
place   fringe_right copies=1 x=0.0 y=0.0 z=18450.0 
place   fringe_left copies=1 x=0.0 y=0.0 z=19050.0 
place   fringe_right copies=1 x=0.0 y=0.0 z=19650.0 
(do i=13)
place   fringe_left copies=1 x=0.0 y=0.0 z=19350.0 
place   fringe_right copies=1 x=0.0 y=0.0 z=19950.0 
place   fringe_left copies=1 x=0.0 y=0.0 z=20550.0 
place   fringe_right copies=1 x=0.0 y=0.0 z=21150.0 
(do i=14)
place   fringe_left copies=1 x=0.0 y=0.0 z=20850.0 
place   fringe_right copies=1 x=0.0 y=0.0 z=21450.0 
place   fringe_left copies=1 x=0.0 y=0.0 z=22050.0 
place   fringe_right copies=1 x=0.0 y=0.0 z=22650.0 
(do i=15)
place   fringe_left copies=1 x=0.0 y=0.0 z=22350.0 
place   fringe_right copies=1 x=0.0 y=0.0 z=22950.0 
place   fringe_left copies=1 x=0.0 y=0.0 z=23550.0 
place   fringe_right copies=1 x=0.0 y=0.0 z=24150.0 
(do i=16)
place   fringe_left copies=1 x=0.0 y=0.0 z=23850.0 
place   fringe_right copies=1 x=0.0 y=0.0 z=24450.0 
place   fringe_left copies=1 x=0.0 y=0.0 z=25050.0 
place   fringe_right copies=1 x=0.0 y=0.0 z=25650.0 
(do i=17)
place   fringe_left copies=1 x=0.0 y=0.0 z=25350.0 
place   fringe_right copies=1 x=0.0 y=0.0 z=25950.0 
place   fringe_left copies=1 x=0.0 y=0.0 z=26550.0 
place   fringe_right copies=1 x=0.0 y=0.0 z=27150.0 
(do i=18)
place   fringe_left copies=1 x=0.0 y=0.0 z=26850.0 
place   fringe_right copies=1 x=0.0 y=0.0 z=27450.0 
place   fringe_left copies=1 x=0.0 y=0.0 z=28050.0 
place   fringe_right copies=1 x=0.0 y=0.0 z=28650.0 
(do i=19)
place   fringe_left copies=1 x=0.0 y=0.0 z=28350.0 
place   fringe_right copies=1 x=0.0 y=0.0 z=28950.0 
place   fringe_left copies=1 x=0.0 y=0.0 z=29550.0 
place   fringe_right copies=1 x=0.0 y=0.0 z=30150.0 
(do i=20)
place   fringe_left copies=1 x=0.0 y=0.0 z=29850.0 
place   fringe_right copies=1 x=0.0 y=0.0 z=30450.0 
place   fringe_left copies=1 x=0.0 y=0.0 z=31050.0 
place   fringe_right copies=1 x=0.0 y=0.0 z=31650.0 
(do i=21)
place   fringe_left copies=1 x=0.0 y=0.0 z=31350.0 
place   fringe_right copies=1 x=0.0 y=0.0 z=31950.0 
place   fringe_left copies=1 x=0.0 y=0.0 z=32550.0 
place   fringe_right copies=1 x=0.0 y=0.0 z=33150.0 
(do i=22)
place   fringe_left copies=1 x=0.0 y=0.0 z=32850.0 
place   fringe_right copies=1 x=0.0 y=0.0 z=33450.0 
place   fringe_left copies=1 x=0.0 y=0.0 z=34050.0 
place   fringe_right copies=1 x=0.0 y=0.0 z=34650.0 
(do i=23)
place   fringe_left copies=1 x=0.0 y=0.0 z=34350.0 
place   fringe_right copies=1 x=0.0 y=0.0 z=34950.0 
place   fringe_left copies=1 x=0.0 y=0.0 z=35550.0 
place   fringe_right copies=1 x=0.0 y=0.0 z=36150.0 
(do i=24)
place   fringe_left copies=1 x=0.0 y=0.0 z=35850.0 
place   fringe_right copies=1 x=0.0 y=0.0 z=36450.0 
place   fringe_left copies=1 x=0.0 y=0.0 z=37050.0 
place   fringe_right copies=1 x=0.0 y=0.0 z=37650.0 
(do i=25)
place   fringe_left copies=1 x=0.0 y=0.0 z=37350.0 
place   fringe_right copies=1 x=0.0 y=0.0 z=37950.0 
place   fringe_left copies=1 x=0.0 y=0.0 z=38550.0 
place   fringe_right copies=1 x=0.0 y=0.0 z=39150.0 
(do i=26)
place   fringe_left copies=1 x=0.0 y=0.0 z=38850.0 
place   fringe_right copies=1 x=0.0 y=0.0 z=39450.0 
place   fringe_left copies=1 x=0.0 y=0.0 z=40050.0 
place   fringe_right copies=1 x=0.0 y=0.0 z=40650.0 
(do i=27)
place   fringe_left copies=1 x=0.0 y=0.0 z=40350.0 
place   fringe_right copies=1 x=0.0 y=0.0 z=40950.0 
place   fringe_left copies=1 x=0.0 y=0.0 z=41550.0 
place   fringe_right copies=1 x=0.0 y=0.0 z=42150.0 
(do i=28)
place   fringe_left copies=1 x=0.0 y=0.0 z=41850.0 
place   fringe_right copies=1 x=0.0 y=0.0 z=42450.0 
place   fringe_left copies=1 x=0.0 y=0.0 z=43050.0 
place   fringe_right copies=1 x=0.0 y=0.0 z=43650.0 
(do i=29)
place   fringe_left copies=1 x=0.0 y=0.0 z=43350.0 
place   fringe_right copies=1 x=0.0 y=0.0 z=43950.0 
place   fringe_left copies=1 x=0.0 y=0.0 z=44550.0 
place   fringe_right copies=1 x=0.0 y=0.0 z=45150.0 
(do i=30)
place   fringe_left copies=1 x=0.0 y=0.0 z=44850.0 
place   fringe_right copies=1 x=0.0 y=0.0 z=45450.0 
place   fringe_left copies=1 x=0.0 y=0.0 z=46050.0 
place   fringe_right copies=1 x=0.0 y=0.0 z=46650.0 
(do i=31)
place   fringe_left copies=1 x=0.0 y=0.0 z=46350.0 
place   fringe_right copies=1 x=0.0 y=0.0 z=46950.0 
place   fringe_left copies=1 x=0.0 y=0.0 z=47550.0 
place   fringe_right copies=1 x=0.0 y=0.0 z=48150.0 
(do i=32)
place   fringe_left copies=1 x=0.0 y=0.0 z=47850.0 
place   fringe_right copies=1 x=0.0 y=0.0 z=48450.0 
place   fringe_left copies=1 x=0.0 y=0.0 z=49050.0 
place   fringe_right copies=1 x=0.0 y=0.0 z=49650.0 
(do i=33)
place   fringe_left copies=1 x=0.0 y=0.0 z=49350.0 
place   fringe_right copies=1 x=0.0 y=0.0 z=49950.0 
place   fringe_left copies=1 x=0.0 y=0.0 z=50550.0 
place   fringe_right copies=1 x=0.0 y=0.0 z=51150.0 
(do i=34)
place   fringe_left copies=1 x=0.0 y=0.0 z=50850.0 
place   fringe_right copies=1 x=0.0 y=0.0 z=51450.0 
place   fringe_left copies=1 x=0.0 y=0.0 z=52050.0 
place   fringe_right copies=1 x=0.0 y=0.0 z=52650.0 
(do i=35)
place   fringe_left copies=1 x=0.0 y=0.0 z=52350.0 
place   fringe_right copies=1 x=0.0 y=0.0 z=52950.0 
place   fringe_left copies=1 x=0.0 y=0.0 z=53550.0 
place   fringe_right copies=1 x=0.0 y=0.0 z=54150.0 
(do i=36)
place   fringe_left copies=1 x=0.0 y=0.0 z=53850.0 
place   fringe_right copies=1 x=0.0 y=0.0 z=54450.0 
place   fringe_left copies=1 x=0.0 y=0.0 z=55050.0 
place   fringe_right copies=1 x=0.0 y=0.0 z=55650.0 
(do i=37)
place   fringe_left copies=1 x=0.0 y=0.0 z=55350.0 
place   fringe_right copies=1 x=0.0 y=0.0 z=55950.0 
place   fringe_left copies=1 x=0.0 y=0.0 z=56550.0 
place   fringe_right copies=1 x=0.0 y=0.0 z=57150.0 
(do i=38)
place   fringe_left copies=1 x=0.0 y=0.0 z=56850.0 
place   fringe_right copies=1 x=0.0 y=0.0 z=57450.0 
place   fringe_left copies=1 x=0.0 y=0.0 z=58050.0 
place   fringe_right copies=1 x=0.0 y=0.0 z=58650.0 
(do i=39)
place   fringe_left copies=1 x=0.0 y=0.0 z=58350.0 
place   fringe_right copies=1 x=0.0 y=0.0 z=58950.0 
place   fringe_left copies=1 x=0.0 y=0.0 z=59550.0 
place   fringe_right copies=1 x=0.0 y=0.0 z=60150.0 
(do i=40)
place   fringe_left copies=1 x=0.0 y=0.0 z=59850.0 
place   fringe_right copies=1 x=0.0 y=0.0 z=60450.0 
place   fringe_left copies=1 x=0.0 y=0.0 z=61050.0 
place   fringe_right copies=1 x=0.0 y=0.0 z=61650.0 
(do i=41)
place   fringe_left copies=1 x=0.0 y=0.0 z=61350.0 
place   fringe_right copies=1 x=0.0 y=0.0 z=61950.0 
place   fringe_left copies=1 x=0.0 y=0.0 z=62550.0 
place   fringe_right copies=1 x=0.0 y=0.0 z=63150.0 
(do i=42)
place   fringe_left copies=1 x=0.0 y=0.0 z=62850.0 
place   fringe_right copies=1 x=0.0 y=0.0 z=63450.0 
place   fringe_left copies=1 x=0.0 y=0.0 z=64050.0 
place   fringe_right copies=1 x=0.0 y=0.0 z=64650.0 
(do i=43)
place   fringe_left copies=1 x=0.0 y=0.0 z=64350.0 
place   fringe_right copies=1 x=0.0 y=0.0 z=64950.0 
place   fringe_left copies=1 x=0.0 y=0.0 z=65550.0 
place   fringe_right copies=1 x=0.0 y=0.0 z=66150.0 
(do i=44)
place   fringe_left copies=1 x=0.0 y=0.0 z=65850.0 
place   fringe_right copies=1 x=0.0 y=0.0 z=66450.0 
place   fringe_left copies=1 x=0.0 y=0.0 z=67050.0 
place   fringe_right copies=1 x=0.0 y=0.0 z=67650.0 
(do i=45)
place   fringe_left copies=1 x=0.0 y=0.0 z=67350.0 
place   fringe_right copies=1 x=0.0 y=0.0 z=67950.0 
place   fringe_left copies=1 x=0.0 y=0.0 z=68550.0 
place   fringe_right copies=1 x=0.0 y=0.0 z=69150.0 
(do i=46)
place   fringe_left copies=1 x=0.0 y=0.0 z=68850.0 
place   fringe_right copies=1 x=0.0 y=0.0 z=69450.0 
place   fringe_left copies=1 x=0.0 y=0.0 z=70050.0 
place   fringe_right copies=1 x=0.0 y=0.0 z=70650.0 
(do i=47)
place   fringe_left copies=1 x=0.0 y=0.0 z=70350.0 
place   fringe_right copies=1 x=0.0 y=0.0 z=70950.0 
place   fringe_left copies=1 x=0.0 y=0.0 z=71550.0 
place   fringe_right copies=1 x=0.0 y=0.0 z=72150.0 
(do i=48)
place   fringe_left copies=1 x=0.0 y=0.0 z=71850.0 
place   fringe_right copies=1 x=0.0 y=0.0 z=72450.0 
place   fringe_left copies=1 x=0.0 y=0.0 z=73050.0 
place   fringe_right copies=1 x=0.0 y=0.0 z=73650.0 
(do i=49)
place   fringe_left copies=1 x=0.0 y=0.0 z=73350.0 
place   fringe_right copies=1 x=0.0 y=0.0 z=73950.0 
place   fringe_left copies=1 x=0.0 y=0.0 z=74550.0 
place   fringe_right copies=1 x=0.0 y=0.0 z=75150.0 
(do i=50)
place   fringe_left copies=1 x=0.0 y=0.0 z=74850.0 
place   fringe_right copies=1 x=0.0 y=0.0 z=75450.0 
place   fringe_left copies=1 x=0.0 y=0.0 z=76050.0 
place   fringe_right copies=1 x=0.0 y=0.0 z=76650.0 
(do i=51)
place   fringe_left copies=1 x=0.0 y=0.0 z=76350.0 
place   fringe_right copies=1 x=0.0 y=0.0 z=76950.0 
place   fringe_left copies=1 x=0.0 y=0.0 z=77550.0 
place   fringe_right copies=1 x=0.0 y=0.0 z=78150.0 
(do i=52)
place   fringe_left copies=1 x=0.0 y=0.0 z=77850.0 
place   fringe_right copies=1 x=0.0 y=0.0 z=78450.0 
place   fringe_left copies=1 x=0.0 y=0.0 z=79050.0 
place   fringe_right copies=1 x=0.0 y=0.0 z=79650.0 
(do i=53)
place   fringe_left copies=1 x=0.0 y=0.0 z=79350.0 
place   fringe_right copies=1 x=0.0 y=0.0 z=79950.0 
place   fringe_left copies=1 x=0.0 y=0.0 z=80550.0 
place   fringe_right copies=1 x=0.0 y=0.0 z=81150.0 
(do i=54)
place   fringe_left copies=1 x=0.0 y=0.0 z=80850.0 
place   fringe_right copies=1 x=0.0 y=0.0 z=81450.0 
place   fringe_left copies=1 x=0.0 y=0.0 z=82050.0 
place   fringe_right copies=1 x=0.0 y=0.0 z=82650.0 
(do i=55)
place   fringe_left copies=1 x=0.0 y=0.0 z=82350.0 
place   fringe_right copies=1 x=0.0 y=0.0 z=82950.0 
place   fringe_left copies=1 x=0.0 y=0.0 z=83550.0 
place   fringe_right copies=1 x=0.0 y=0.0 z=84150.0 
(do i=56)
place   fringe_left copies=1 x=0.0 y=0.0 z=83850.0 
place   fringe_right copies=1 x=0.0 y=0.0 z=84450.0 
place   fringe_left copies=1 x=0.0 y=0.0 z=85050.0 
place   fringe_right copies=1 x=0.0 y=0.0 z=85650.0 
(do i=57)
place   fringe_left copies=1 x=0.0 y=0.0 z=85350.0 
place   fringe_right copies=1 x=0.0 y=0.0 z=85950.0 
place   fringe_left copies=1 x=0.0 y=0.0 z=86550.0 
place   fringe_right copies=1 x=0.0 y=0.0 z=87150.0 
(do i=58)
place   fringe_left copies=1 x=0.0 y=0.0 z=86850.0 
place   fringe_right copies=1 x=0.0 y=0.0 z=87450.0 
place   fringe_left copies=1 x=0.0 y=0.0 z=88050.0 
place   fringe_right copies=1 x=0.0 y=0.0 z=88650.0 
(do i=59)
place   fringe_left copies=1 x=0.0 y=0.0 z=88350.0 
place   fringe_right copies=1 x=0.0 y=0.0 z=88950.0 
place   fringe_left copies=1 x=0.0 y=0.0 z=89550.0 
place   fringe_right copies=1 x=0.0 y=0.0 z=90150.0 
(do i=60)
place   fringe_left copies=1 x=0.0 y=0.0 z=89850.0 
place   fringe_right copies=1 x=0.0 y=0.0 z=90450.0 
place   fringe_left copies=1 x=0.0 y=0.0 z=91050.0 
place   fringe_right copies=1 x=0.0 y=0.0 z=91650.0 
(do i=61)
place   fringe_left copies=1 x=0.0 y=0.0 z=91350.0 
place   fringe_right copies=1 x=0.0 y=0.0 z=91950.0 
place   fringe_left copies=1 x=0.0 y=0.0 z=92550.0 
place   fringe_right copies=1 x=0.0 y=0.0 z=93150.0 
(do i=62)
place   fringe_left copies=1 x=0.0 y=0.0 z=92850.0 
place   fringe_right copies=1 x=0.0 y=0.0 z=93450.0 
place   fringe_left copies=1 x=0.0 y=0.0 z=94050.0 
place   fringe_right copies=1 x=0.0 y=0.0 z=94650.0 
(do i=63)
place   fringe_left copies=1 x=0.0 y=0.0 z=94350.0 
place   fringe_right copies=1 x=0.0 y=0.0 z=94950.0 
place   fringe_left copies=1 x=0.0 y=0.0 z=95550.0 
place   fringe_right copies=1 x=0.0 y=0.0 z=96150.0 
(do i=64)
place   fringe_left copies=1 x=0.0 y=0.0 z=95850.0 
place   fringe_right copies=1 x=0.0 y=0.0 z=96450.0 
place   fringe_left copies=1 x=0.0 y=0.0 z=97050.0 
place   fringe_right copies=1 x=0.0 y=0.0 z=97650.0 
(do i=65)
place   fringe_left copies=1 x=0.0 y=0.0 z=97350.0 
place   fringe_right copies=1 x=0.0 y=0.0 z=97950.0 
place   fringe_left copies=1 x=0.0 y=0.0 z=98550.0 
place   fringe_right copies=1 x=0.0 y=0.0 z=99150.0 
enddo
do i=0,65,1
(do i=0)
place   pipe    copies=1 x=0.0 y=0.0 z=209.9 
place   pipe    copies=1 x=0.0 y=0.0 z=1290.1 
(do i=1)
place   pipe    copies=1 x=0.0 y=0.0 z=1709.9 
place   pipe    copies=1 x=0.0 y=0.0 z=2790.1 
(do i=2)
place   pipe    copies=1 x=0.0 y=0.0 z=3209.9 
place   pipe    copies=1 x=0.0 y=0.0 z=4290.1 
(do i=3)
place   pipe    copies=1 x=0.0 y=0.0 z=4709.9 
place   pipe    copies=1 x=0.0 y=0.0 z=5790.1 
(do i=4)
place   pipe    copies=1 x=0.0 y=0.0 z=6209.9 
place   pipe    copies=1 x=0.0 y=0.0 z=7290.1 
(do i=5)
place   pipe    copies=1 x=0.0 y=0.0 z=7709.9 
place   pipe    copies=1 x=0.0 y=0.0 z=8790.1 
(do i=6)
place   pipe    copies=1 x=0.0 y=0.0 z=9209.9 
place   pipe    copies=1 x=0.0 y=0.0 z=10290.1 
(do i=7)
place   pipe    copies=1 x=0.0 y=0.0 z=10709.9 
place   pipe    copies=1 x=0.0 y=0.0 z=11790.1 
(do i=8)
place   pipe    copies=1 x=0.0 y=0.0 z=12209.9 
place   pipe    copies=1 x=0.0 y=0.0 z=13290.1 
(do i=9)
place   pipe    copies=1 x=0.0 y=0.0 z=13709.9 
place   pipe    copies=1 x=0.0 y=0.0 z=14790.1 
(do i=10)
place   pipe    copies=1 x=0.0 y=0.0 z=15209.9 
place   pipe    copies=1 x=0.0 y=0.0 z=16290.1 
(do i=11)
place   pipe    copies=1 x=0.0 y=0.0 z=16709.9 
place   pipe    copies=1 x=0.0 y=0.0 z=17790.1 
(do i=12)
place   pipe    copies=1 x=0.0 y=0.0 z=18209.9 
place   pipe    copies=1 x=0.0 y=0.0 z=19290.1 
(do i=13)
place   pipe    copies=1 x=0.0 y=0.0 z=19709.9 
place   pipe    copies=1 x=0.0 y=0.0 z=20790.1 
(do i=14)
place   pipe    copies=1 x=0.0 y=0.0 z=21209.9 
place   pipe    copies=1 x=0.0 y=0.0 z=22290.1 
(do i=15)
place   pipe    copies=1 x=0.0 y=0.0 z=22709.9 
place   pipe    copies=1 x=0.0 y=0.0 z=23790.1 
(do i=16)
place   pipe    copies=1 x=0.0 y=0.0 z=24209.9 
place   pipe    copies=1 x=0.0 y=0.0 z=25290.1 
(do i=17)
place   pipe    copies=1 x=0.0 y=0.0 z=25709.9 
place   pipe    copies=1 x=0.0 y=0.0 z=26790.1 
(do i=18)
place   pipe    copies=1 x=0.0 y=0.0 z=27209.9 
place   pipe    copies=1 x=0.0 y=0.0 z=28290.1 
(do i=19)
place   pipe    copies=1 x=0.0 y=0.0 z=28709.9 
place   pipe    copies=1 x=0.0 y=0.0 z=29790.1 
(do i=20)
place   pipe    copies=1 x=0.0 y=0.0 z=30209.9 
place   pipe    copies=1 x=0.0 y=0.0 z=31290.1 
(do i=21)
place   pipe    copies=1 x=0.0 y=0.0 z=31709.9 
place   pipe    copies=1 x=0.0 y=0.0 z=32790.1 
(do i=22)
place   pipe    copies=1 x=0.0 y=0.0 z=33209.9 
place   pipe    copies=1 x=0.0 y=0.0 z=34290.1 
(do i=23)
place   pipe    copies=1 x=0.0 y=0.0 z=34709.9 
place   pipe    copies=1 x=0.0 y=0.0 z=35790.1 
(do i=24)
place   pipe    copies=1 x=0.0 y=0.0 z=36209.9 
place   pipe    copies=1 x=0.0 y=0.0 z=37290.1 
(do i=25)
place   pipe    copies=1 x=0.0 y=0.0 z=37709.9 
place   pipe    copies=1 x=0.0 y=0.0 z=38790.1 
(do i=26)
place   pipe    copies=1 x=0.0 y=0.0 z=39209.9 
place   pipe    copies=1 x=0.0 y=0.0 z=40290.1 
(do i=27)
place   pipe    copies=1 x=0.0 y=0.0 z=40709.9 
place   pipe    copies=1 x=0.0 y=0.0 z=41790.1 
(do i=28)
place   pipe    copies=1 x=0.0 y=0.0 z=42209.9 
place   pipe    copies=1 x=0.0 y=0.0 z=43290.1 
(do i=29)
place   pipe    copies=1 x=0.0 y=0.0 z=43709.9 
place   pipe    copies=1 x=0.0 y=0.0 z=44790.1 
(do i=30)
place   pipe    copies=1 x=0.0 y=0.0 z=45209.9 
place   pipe    copies=1 x=0.0 y=0.0 z=46290.1 
(do i=31)
place   pipe    copies=1 x=0.0 y=0.0 z=46709.9 
place   pipe    copies=1 x=0.0 y=0.0 z=47790.1 
(do i=32)
place   pipe    copies=1 x=0.0 y=0.0 z=48209.9 
place   pipe    copies=1 x=0.0 y=0.0 z=49290.1 
(do i=33)
place   pipe    copies=1 x=0.0 y=0.0 z=49709.9 
place   pipe    copies=1 x=0.0 y=0.0 z=50790.1 
(do i=34)
place   pipe    copies=1 x=0.0 y=0.0 z=51209.9 
place   pipe    copies=1 x=0.0 y=0.0 z=52290.1 
(do i=35)
place   pipe    copies=1 x=0.0 y=0.0 z=52709.9 
place   pipe    copies=1 x=0.0 y=0.0 z=53790.1 
(do i=36)
place   pipe    copies=1 x=0.0 y=0.0 z=54209.9 
place   pipe    copies=1 x=0.0 y=0.0 z=55290.1 
(do i=37)
place   pipe    copies=1 x=0.0 y=0.0 z=55709.9 
place   pipe    copies=1 x=0.0 y=0.0 z=56790.1 
(do i=38)
place   pipe    copies=1 x=0.0 y=0.0 z=57209.9 
place   pipe    copies=1 x=0.0 y=0.0 z=58290.1 
(do i=39)
place   pipe    copies=1 x=0.0 y=0.0 z=58709.9 
place   pipe    copies=1 x=0.0 y=0.0 z=59790.1 
(do i=40)
place   pipe    copies=1 x=0.0 y=0.0 z=60209.9 
place   pipe    copies=1 x=0.0 y=0.0 z=61290.1 
(do i=41)
place   pipe    copies=1 x=0.0 y=0.0 z=61709.9 
place   pipe    copies=1 x=0.0 y=0.0 z=62790.1 
(do i=42)
place   pipe    copies=1 x=0.0 y=0.0 z=63209.9 
place   pipe    copies=1 x=0.0 y=0.0 z=64290.1 
(do i=43)
place   pipe    copies=1 x=0.0 y=0.0 z=64709.9 
place   pipe    copies=1 x=0.0 y=0.0 z=65790.1 
(do i=44)
place   pipe    copies=1 x=0.0 y=0.0 z=66209.9 
place   pipe    copies=1 x=0.0 y=0.0 z=67290.1 
(do i=45)
place   pipe    copies=1 x=0.0 y=0.0 z=67709.9 
place   pipe    copies=1 x=0.0 y=0.0 z=68790.1 
(do i=46)
place   pipe    copies=1 x=0.0 y=0.0 z=69209.9 
place   pipe    copies=1 x=0.0 y=0.0 z=70290.1 
(do i=47)
place   pipe    copies=1 x=0.0 y=0.0 z=70709.9 
place   pipe    copies=1 x=0.0 y=0.0 z=71790.1 
(do i=48)
place   pipe    copies=1 x=0.0 y=0.0 z=72209.9 
place   pipe    copies=1 x=0.0 y=0.0 z=73290.1 
(do i=49)
place   pipe    copies=1 x=0.0 y=0.0 z=73709.9 
place   pipe    copies=1 x=0.0 y=0.0 z=74790.1 
(do i=50)
place   pipe    copies=1 x=0.0 y=0.0 z=75209.9 
place   pipe    copies=1 x=0.0 y=0.0 z=76290.1 
(do i=51)
place   pipe    copies=1 x=0.0 y=0.0 z=76709.9 
place   pipe    copies=1 x=0.0 y=0.0 z=77790.1 
(do i=52)
place   pipe    copies=1 x=0.0 y=0.0 z=78209.9 
place   pipe    copies=1 x=0.0 y=0.0 z=79290.1 
(do i=53)
place   pipe    copies=1 x=0.0 y=0.0 z=79709.9 
place   pipe    copies=1 x=0.0 y=0.0 z=80790.1 
(do i=54)
place   pipe    copies=1 x=0.0 y=0.0 z=81209.9 
place   pipe    copies=1 x=0.0 y=0.0 z=82290.1 
(do i=55)
place   pipe    copies=1 x=0.0 y=0.0 z=82709.9 
place   pipe    copies=1 x=0.0 y=0.0 z=83790.1 
(do i=56)
place   pipe    copies=1 x=0.0 y=0.0 z=84209.9 
place   pipe    copies=1 x=0.0 y=0.0 z=85290.1 
(do i=57)
place   pipe    copies=1 x=0.0 y=0.0 z=85709.9 
place   pipe    copies=1 x=0.0 y=0.0 z=86790.1 
(do i=58)
place   pipe    copies=1 x=0.0 y=0.0 z=87209.9 
place   pipe    copies=1 x=0.0 y=0.0 z=88290.1 
(do i=59)
place   pipe    copies=1 x=0.0 y=0.0 z=88709.9 
place   pipe    copies=1 x=0.0 y=0.0 z=89790.1 
(do i=60)
place   pipe    copies=1 x=0.0 y=0.0 z=90209.9 
place   pipe    copies=1 x=0.0 y=0.0 z=91290.1 
(do i=61)
place   pipe    copies=1 x=0.0 y=0.0 z=91709.9 
place   pipe    copies=1 x=0.0 y=0.0 z=92790.1 
(do i=62)
place   pipe    copies=1 x=0.0 y=0.0 z=93209.9 
place   pipe    copies=1 x=0.0 y=0.0 z=94290.1 
(do i=63)
place   pipe    copies=1 x=0.0 y=0.0 z=94709.9 
place   pipe    copies=1 x=0.0 y=0.0 z=95790.1 
(do i=64)
place   pipe    copies=1 x=0.0 y=0.0 z=96209.9 
place   pipe    copies=1 x=0.0 y=0.0 z=97290.1 
(do i=65)
place   pipe    copies=1 x=0.0 y=0.0 z=97709.9 
place   pipe    copies=1 x=0.0 y=0.0 z=98790.1 
enddo
place   cav00   copies=1 x=0.0 y=0.0 z=419.9 rename='rf_b_0'
place   cav01   copies=1 x=0.0 y=0.0 z=640.0 rename='rf_c_0'
place   cav02   copies=1 x=0.0 y=0.0 z=860.0 rename='rf_d_0'
place   cav03   copies=1 x=0.0 y=0.0 z=1080.2 rename='rf_e_0'
place   cav10   copies=1 x=0.0 y=0.0 z=1919.8 rename='rf_b_1'
place   cav11   copies=1 x=0.0 y=0.0 z=2139.9 rename='rf_c_1'
place   cav12   copies=1 x=0.0 y=0.0 z=2360.1 rename='rf_d_1'
place   cav13   copies=1 x=0.0 y=0.0 z=2580.2 rename='rf_e_1'
place   cav20   copies=1 x=0.0 y=0.0 z=3419.8 rename='rf_b_2'
place   cav21   copies=1 x=0.0 y=0.0 z=3639.9 rename='rf_c_2'
place   cav22   copies=1 x=0.0 y=0.0 z=3860.1 rename='rf_d_2'
place   cav23   copies=1 x=0.0 y=0.0 z=4080.2 rename='rf_e_2'
place   cav30   copies=1 x=0.0 y=0.0 z=4919.9 rename='rf_b_3'
place   cav31   copies=1 x=0.0 y=0.0 z=5139.9 rename='rf_c_3'
place   cav32   copies=1 x=0.0 y=0.0 z=5360.1 rename='rf_d_3'
place   cav33   copies=1 x=0.0 y=0.0 z=5580.1 rename='rf_e_3'
place   cav40   copies=1 x=0.0 y=0.0 z=6419.9 rename='rf_b_4'
place   cav41   copies=1 x=0.0 y=0.0 z=6639.9 rename='rf_c_4'
place   cav42   copies=1 x=0.0 y=0.0 z=6860.1 rename='rf_d_4'
place   cav43   copies=1 x=0.0 y=0.0 z=7080.1 rename='rf_e_4'
place   cav50   copies=1 x=0.0 y=0.0 z=7919.9 rename='rf_b_5'
place   cav51   copies=1 x=0.0 y=0.0 z=8139.9 rename='rf_c_5'
place   cav52   copies=1 x=0.0 y=0.0 z=8360.0 rename='rf_d_5'
place   cav53   copies=1 x=0.0 y=0.0 z=8580.1 rename='rf_e_5'
place   cav60   copies=1 x=0.0 y=0.0 z=9419.9 rename='rf_b_6'
place   cav61   copies=1 x=0.0 y=0.0 z=9640.0 rename='rf_c_6'
place   cav62   copies=1 x=0.0 y=0.0 z=9860.0 rename='rf_d_6'
place   cav63   copies=1 x=0.0 y=0.0 z=10080.1 rename='rf_e_6'
place   cav70   copies=1 x=0.0 y=0.0 z=10919.9 rename='rf_b_7'
place   cav71   copies=1 x=0.0 y=0.0 z=11140.0 rename='rf_c_7'
place   cav72   copies=1 x=0.0 y=0.0 z=11360.0 rename='rf_d_7'
place   cav73   copies=1 x=0.0 y=0.0 z=11580.1 rename='rf_e_7'
place   cav80   copies=1 x=0.0 y=0.0 z=12419.9 rename='rf_b_8'
place   cav81   copies=1 x=0.0 y=0.0 z=12640.0 rename='rf_c_8'
place   cav82   copies=1 x=0.0 y=0.0 z=12860.0 rename='rf_d_8'
place   cav83   copies=1 x=0.0 y=0.0 z=13080.1 rename='rf_e_8'
place   cav90   copies=1 x=0.0 y=0.0 z=13919.9 rename='rf_b_9'
place   cav91   copies=1 x=0.0 y=0.0 z=14140.0 rename='rf_c_9'
place   cav92   copies=1 x=0.0 y=0.0 z=14360.0 rename='rf_d_9'
place   cav93   copies=1 x=0.0 y=0.0 z=14580.1 rename='rf_e_9'
place   cav100  copies=1 x=0.0 y=0.0 z=15419.9 rename='rf_b_10'
place   cav101  copies=1 x=0.0 y=0.0 z=15640.0 rename='rf_c_10'
place   cav102  copies=1 x=0.0 y=0.0 z=15860.0 rename='rf_d_10'
place   cav103  copies=1 x=0.0 y=0.0 z=16080.1 rename='rf_e_10'
place   cav110  copies=1 x=0.0 y=0.0 z=16919.8 rename='rf_b_11'
place   cav111  copies=1 x=0.0 y=0.0 z=17140.0 rename='rf_c_11'
place   cav112  copies=1 x=0.0 y=0.0 z=17360.0 rename='rf_d_11'
place   cav113  copies=1 x=0.0 y=0.0 z=17580.2 rename='rf_e_11'
place   cav120  copies=1 x=0.0 y=0.0 z=18419.8 rename='rf_b_12'
place   cav121  copies=1 x=0.0 y=0.0 z=18640.0 rename='rf_c_12'
place   cav122  copies=1 x=0.0 y=0.0 z=18860.0 rename='rf_d_12'
place   cav123  copies=1 x=0.0 y=0.0 z=19080.2 rename='rf_e_12'
place   cav130  copies=1 x=0.0 y=0.0 z=19919.8 rename='rf_b_13'
place   cav131  copies=1 x=0.0 y=0.0 z=20140.0 rename='rf_c_13'
place   cav132  copies=1 x=0.0 y=0.0 z=20360.0 rename='rf_d_13'
place   cav133  copies=1 x=0.0 y=0.0 z=20580.2 rename='rf_e_13'
place   cav140  copies=1 x=0.0 y=0.0 z=21419.8 rename='rf_b_14'
place   cav141  copies=1 x=0.0 y=0.0 z=21640.0 rename='rf_c_14'
place   cav142  copies=1 x=0.0 y=0.0 z=21860.0 rename='rf_d_14'
place   cav143  copies=1 x=0.0 y=0.0 z=22080.2 rename='rf_e_14'
place   cav150  copies=1 x=0.0 y=0.0 z=22919.8 rename='rf_b_15'
place   cav151  copies=1 x=0.0 y=0.0 z=23140.0 rename='rf_c_15'
place   cav152  copies=1 x=0.0 y=0.0 z=23360.0 rename='rf_d_15'
place   cav153  copies=1 x=0.0 y=0.0 z=23580.2 rename='rf_e_15'
place   cav160  copies=1 x=0.0 y=0.0 z=24419.8 rename='rf_b_16'
place   cav161  copies=1 x=0.0 y=0.0 z=24640.0 rename='rf_c_16'
place   cav162  copies=1 x=0.0 y=0.0 z=24860.0 rename='rf_d_16'
place   cav163  copies=1 x=0.0 y=0.0 z=25080.2 rename='rf_e_16'
place   cav170  copies=1 x=0.0 y=0.0 z=25919.8 rename='rf_b_17'
place   cav171  copies=1 x=0.0 y=0.0 z=26140.0 rename='rf_c_17'
place   cav172  copies=1 x=0.0 y=0.0 z=26360.0 rename='rf_d_17'
place   cav173  copies=1 x=0.0 y=0.0 z=26580.2 rename='rf_e_17'
place   cav180  copies=1 x=0.0 y=0.0 z=27419.8 rename='rf_b_18'
place   cav181  copies=1 x=0.0 y=0.0 z=27640.0 rename='rf_c_18'
place   cav182  copies=1 x=0.0 y=0.0 z=27860.0 rename='rf_d_18'
place   cav183  copies=1 x=0.0 y=0.0 z=28080.2 rename='rf_e_18'
place   cav190  copies=1 x=0.0 y=0.0 z=28919.8 rename='rf_b_19'
place   cav191  copies=1 x=0.0 y=0.0 z=29140.0 rename='rf_c_19'
place   cav192  copies=1 x=0.0 y=0.0 z=29360.0 rename='rf_d_19'
place   cav193  copies=1 x=0.0 y=0.0 z=29580.2 rename='rf_e_19'
place   cav200  copies=1 x=0.0 y=0.0 z=30419.8 rename='rf_b_20'
place   cav201  copies=1 x=0.0 y=0.0 z=30640.0 rename='rf_c_20'
place   cav202  copies=1 x=0.0 y=0.0 z=30860.0 rename='rf_d_20'
place   cav203  copies=1 x=0.0 y=0.0 z=31080.2 rename='rf_e_20'
place   cav210  copies=1 x=0.0 y=0.0 z=31919.8 rename='rf_b_21'
place   cav211  copies=1 x=0.0 y=0.0 z=32140.0 rename='rf_c_21'
place   cav212  copies=1 x=0.0 y=0.0 z=32360.0 rename='rf_d_21'
place   cav213  copies=1 x=0.0 y=0.0 z=32580.2 rename='rf_e_21'
place   cav220  copies=1 x=0.0 y=0.0 z=33419.8 rename='rf_b_22'
place   cav221  copies=1 x=0.0 y=0.0 z=33639.9 rename='rf_c_22'
place   cav222  copies=1 x=0.0 y=0.0 z=33860.1 rename='rf_d_22'
place   cav223  copies=1 x=0.0 y=0.0 z=34080.2 rename='rf_e_22'
place   cav230  copies=1 x=0.0 y=0.0 z=34919.8 rename='rf_b_23'
place   cav231  copies=1 x=0.0 y=0.0 z=35139.9 rename='rf_c_23'
place   cav232  copies=1 x=0.0 y=0.0 z=35360.1 rename='rf_d_23'
place   cav233  copies=1 x=0.0 y=0.0 z=35580.2 rename='rf_e_23'
place   cav240  copies=1 x=0.0 y=0.0 z=36419.8 rename='rf_b_24'
place   cav241  copies=1 x=0.0 y=0.0 z=36639.9 rename='rf_c_24'
place   cav242  copies=1 x=0.0 y=0.0 z=36860.1 rename='rf_d_24'
place   cav243  copies=1 x=0.0 y=0.0 z=37080.2 rename='rf_e_24'
place   cav250  copies=1 x=0.0 y=0.0 z=37919.8 rename='rf_b_25'
place   cav251  copies=1 x=0.0 y=0.0 z=38139.9 rename='rf_c_25'
place   cav252  copies=1 x=0.0 y=0.0 z=38360.1 rename='rf_d_25'
place   cav253  copies=1 x=0.0 y=0.0 z=38580.2 rename='rf_e_25'
place   cav260  copies=1 x=0.0 y=0.0 z=39419.8 rename='rf_b_26'
place   cav261  copies=1 x=0.0 y=0.0 z=39639.9 rename='rf_c_26'
place   cav262  copies=1 x=0.0 y=0.0 z=39860.1 rename='rf_d_26'
place   cav263  copies=1 x=0.0 y=0.0 z=40080.2 rename='rf_e_26'
place   cav270  copies=1 x=0.0 y=0.0 z=40919.8 rename='rf_b_27'
place   cav271  copies=1 x=0.0 y=0.0 z=41139.9 rename='rf_c_27'
place   cav272  copies=1 x=0.0 y=0.0 z=41360.1 rename='rf_d_27'
place   cav273  copies=1 x=0.0 y=0.0 z=41580.2 rename='rf_e_27'
place   cav280  copies=1 x=0.0 y=0.0 z=42419.8 rename='rf_b_28'
place   cav281  copies=1 x=0.0 y=0.0 z=42639.9 rename='rf_c_28'
place   cav282  copies=1 x=0.0 y=0.0 z=42860.1 rename='rf_d_28'
place   cav283  copies=1 x=0.0 y=0.0 z=43080.2 rename='rf_e_28'
place   cav290  copies=1 x=0.0 y=0.0 z=43919.8 rename='rf_b_29'
place   cav291  copies=1 x=0.0 y=0.0 z=44139.9 rename='rf_c_29'
place   cav292  copies=1 x=0.0 y=0.0 z=44360.1 rename='rf_d_29'
place   cav293  copies=1 x=0.0 y=0.0 z=44580.2 rename='rf_e_29'
place   cav300  copies=1 x=0.0 y=0.0 z=45419.8 rename='rf_b_30'
place   cav301  copies=1 x=0.0 y=0.0 z=45639.9 rename='rf_c_30'
place   cav302  copies=1 x=0.0 y=0.0 z=45860.1 rename='rf_d_30'
place   cav303  copies=1 x=0.0 y=0.0 z=46080.2 rename='rf_e_30'
place   cav310  copies=1 x=0.0 y=0.0 z=46919.8 rename='rf_b_31'
place   cav311  copies=1 x=0.0 y=0.0 z=47139.9 rename='rf_c_31'
place   cav312  copies=1 x=0.0 y=0.0 z=47360.1 rename='rf_d_31'
place   cav313  copies=1 x=0.0 y=0.0 z=47580.2 rename='rf_e_31'
place   cav320  copies=1 x=0.0 y=0.0 z=48419.8 rename='rf_b_32'
place   cav321  copies=1 x=0.0 y=0.0 z=48639.9 rename='rf_c_32'
place   cav322  copies=1 x=0.0 y=0.0 z=48860.1 rename='rf_d_32'
place   cav323  copies=1 x=0.0 y=0.0 z=49080.2 rename='rf_e_32'
place   cav330  copies=1 x=0.0 y=0.0 z=49919.8 rename='rf_b_33'
place   cav331  copies=1 x=0.0 y=0.0 z=50139.9 rename='rf_c_33'
place   cav332  copies=1 x=0.0 y=0.0 z=50360.1 rename='rf_d_33'
place   cav333  copies=1 x=0.0 y=0.0 z=50580.2 rename='rf_e_33'
place   cav340  copies=1 x=0.0 y=0.0 z=51419.8 rename='rf_b_34'
place   cav341  copies=1 x=0.0 y=0.0 z=51639.9 rename='rf_c_34'
place   cav342  copies=1 x=0.0 y=0.0 z=51860.1 rename='rf_d_34'
place   cav343  copies=1 x=0.0 y=0.0 z=52080.2 rename='rf_e_34'
place   cav350  copies=1 x=0.0 y=0.0 z=52919.8 rename='rf_b_35'
place   cav351  copies=1 x=0.0 y=0.0 z=53139.9 rename='rf_c_35'
place   cav352  copies=1 x=0.0 y=0.0 z=53360.1 rename='rf_d_35'
place   cav353  copies=1 x=0.0 y=0.0 z=53580.2 rename='rf_e_35'
place   cav360  copies=1 x=0.0 y=0.0 z=54419.8 rename='rf_b_36'
place   cav361  copies=1 x=0.0 y=0.0 z=54639.9 rename='rf_c_36'
place   cav362  copies=1 x=0.0 y=0.0 z=54860.1 rename='rf_d_36'
place   cav363  copies=1 x=0.0 y=0.0 z=55080.2 rename='rf_e_36'
place   cav370  copies=1 x=0.0 y=0.0 z=55919.8 rename='rf_b_37'
place   cav371  copies=1 x=0.0 y=0.0 z=56139.9 rename='rf_c_37'
place   cav372  copies=1 x=0.0 y=0.0 z=56360.1 rename='rf_d_37'
place   cav373  copies=1 x=0.0 y=0.0 z=56580.2 rename='rf_e_37'
place   cav380  copies=1 x=0.0 y=0.0 z=57419.8 rename='rf_b_38'
place   cav381  copies=1 x=0.0 y=0.0 z=57639.9 rename='rf_c_38'
place   cav382  copies=1 x=0.0 y=0.0 z=57860.1 rename='rf_d_38'
place   cav383  copies=1 x=0.0 y=0.0 z=58080.2 rename='rf_e_38'
place   cav390  copies=1 x=0.0 y=0.0 z=58919.8 rename='rf_b_39'
place   cav391  copies=1 x=0.0 y=0.0 z=59139.9 rename='rf_c_39'
place   cav392  copies=1 x=0.0 y=0.0 z=59360.1 rename='rf_d_39'
place   cav393  copies=1 x=0.0 y=0.0 z=59580.2 rename='rf_e_39'
place   cav400  copies=1 x=0.0 y=0.0 z=60419.8 rename='rf_b_40'
place   cav401  copies=1 x=0.0 y=0.0 z=60639.9 rename='rf_c_40'
place   cav402  copies=1 x=0.0 y=0.0 z=60860.1 rename='rf_d_40'
place   cav403  copies=1 x=0.0 y=0.0 z=61080.2 rename='rf_e_40'
place   cav410  copies=1 x=0.0 y=0.0 z=61919.8 rename='rf_b_41'
place   cav411  copies=1 x=0.0 y=0.0 z=62139.9 rename='rf_c_41'
place   cav412  copies=1 x=0.0 y=0.0 z=62360.1 rename='rf_d_41'
place   cav413  copies=1 x=0.0 y=0.0 z=62580.2 rename='rf_e_41'
place   cav420  copies=1 x=0.0 y=0.0 z=63419.8 rename='rf_b_42'
place   cav421  copies=1 x=0.0 y=0.0 z=63639.9 rename='rf_c_42'
place   cav422  copies=1 x=0.0 y=0.0 z=63860.1 rename='rf_d_42'
place   cav423  copies=1 x=0.0 y=0.0 z=64080.2 rename='rf_e_42'
place   cav430  copies=1 x=0.0 y=0.0 z=64919.8 rename='rf_b_43'
place   cav431  copies=1 x=0.0 y=0.0 z=65139.9 rename='rf_c_43'
place   cav432  copies=1 x=0.0 y=0.0 z=65360.1 rename='rf_d_43'
place   cav433  copies=1 x=0.0 y=0.0 z=65580.1 rename='rf_e_43'
place   cav440  copies=1 x=0.0 y=0.0 z=66419.9 rename='rf_b_44'
place   cav441  copies=1 x=0.0 y=0.0 z=66639.9 rename='rf_c_44'
place   cav442  copies=1 x=0.0 y=0.0 z=66860.1 rename='rf_d_44'
place   cav443  copies=1 x=0.0 y=0.0 z=67080.1 rename='rf_e_44'
place   cav450  copies=1 x=0.0 y=0.0 z=67919.9 rename='rf_b_45'
place   cav451  copies=1 x=0.0 y=0.0 z=68139.9 rename='rf_c_45'
place   cav452  copies=1 x=0.0 y=0.0 z=68360.1 rename='rf_d_45'
place   cav453  copies=1 x=0.0 y=0.0 z=68580.1 rename='rf_e_45'
place   cav460  copies=1 x=0.0 y=0.0 z=69419.9 rename='rf_b_46'
place   cav461  copies=1 x=0.0 y=0.0 z=69639.9 rename='rf_c_46'
place   cav462  copies=1 x=0.0 y=0.0 z=69860.1 rename='rf_d_46'
place   cav463  copies=1 x=0.0 y=0.0 z=70080.1 rename='rf_e_46'
place   cav470  copies=1 x=0.0 y=0.0 z=70919.9 rename='rf_b_47'
place   cav471  copies=1 x=0.0 y=0.0 z=71139.9 rename='rf_c_47'
place   cav472  copies=1 x=0.0 y=0.0 z=71360.1 rename='rf_d_47'
place   cav473  copies=1 x=0.0 y=0.0 z=71580.1 rename='rf_e_47'
place   cav480  copies=1 x=0.0 y=0.0 z=72419.9 rename='rf_b_48'
place   cav481  copies=1 x=0.0 y=0.0 z=72639.9 rename='rf_c_48'
place   cav482  copies=1 x=0.0 y=0.0 z=72860.1 rename='rf_d_48'
place   cav483  copies=1 x=0.0 y=0.0 z=73080.1 rename='rf_e_48'
place   cav490  copies=1 x=0.0 y=0.0 z=73919.9 rename='rf_b_49'
place   cav491  copies=1 x=0.0 y=0.0 z=74139.9 rename='rf_c_49'
place   cav492  copies=1 x=0.0 y=0.0 z=74360.1 rename='rf_d_49'
place   cav493  copies=1 x=0.0 y=0.0 z=74580.1 rename='rf_e_49'
place   cav500  copies=1 x=0.0 y=0.0 z=75419.9 rename='rf_b_50'
place   cav501  copies=1 x=0.0 y=0.0 z=75639.9 rename='rf_c_50'
place   cav502  copies=1 x=0.0 y=0.0 z=75860.1 rename='rf_d_50'
place   cav503  copies=1 x=0.0 y=0.0 z=76080.1 rename='rf_e_50'
place   cav510  copies=1 x=0.0 y=0.0 z=76919.9 rename='rf_b_51'
place   cav511  copies=1 x=0.0 y=0.0 z=77139.9 rename='rf_c_51'
place   cav512  copies=1 x=0.0 y=0.0 z=77360.1 rename='rf_d_51'
place   cav513  copies=1 x=0.0 y=0.0 z=77580.1 rename='rf_e_51'
place   cav520  copies=1 x=0.0 y=0.0 z=78419.9 rename='rf_b_52'
place   cav521  copies=1 x=0.0 y=0.0 z=78639.9 rename='rf_c_52'
place   cav522  copies=1 x=0.0 y=0.0 z=78860.1 rename='rf_d_52'
place   cav523  copies=1 x=0.0 y=0.0 z=79080.1 rename='rf_e_52'
place   cav530  copies=1 x=0.0 y=0.0 z=79919.9 rename='rf_b_53'
place   cav531  copies=1 x=0.0 y=0.0 z=80139.9 rename='rf_c_53'
place   cav532  copies=1 x=0.0 y=0.0 z=80360.1 rename='rf_d_53'
place   cav533  copies=1 x=0.0 y=0.0 z=80580.1 rename='rf_e_53'
place   cav540  copies=1 x=0.0 y=0.0 z=81419.9 rename='rf_b_54'
place   cav541  copies=1 x=0.0 y=0.0 z=81639.9 rename='rf_c_54'
place   cav542  copies=1 x=0.0 y=0.0 z=81860.1 rename='rf_d_54'
place   cav543  copies=1 x=0.0 y=0.0 z=82080.1 rename='rf_e_54'
place   cav550  copies=1 x=0.0 y=0.0 z=82919.9 rename='rf_b_55'
place   cav551  copies=1 x=0.0 y=0.0 z=83139.9 rename='rf_c_55'
place   cav552  copies=1 x=0.0 y=0.0 z=83360.1 rename='rf_d_55'
place   cav553  copies=1 x=0.0 y=0.0 z=83580.1 rename='rf_e_55'
place   cav560  copies=1 x=0.0 y=0.0 z=84419.9 rename='rf_b_56'
place   cav561  copies=1 x=0.0 y=0.0 z=84639.9 rename='rf_c_56'
place   cav562  copies=1 x=0.0 y=0.0 z=84860.1 rename='rf_d_56'
place   cav563  copies=1 x=0.0 y=0.0 z=85080.1 rename='rf_e_56'
place   cav570  copies=1 x=0.0 y=0.0 z=85919.9 rename='rf_b_57'
place   cav571  copies=1 x=0.0 y=0.0 z=86139.9 rename='rf_c_57'
place   cav572  copies=1 x=0.0 y=0.0 z=86360.1 rename='rf_d_57'
place   cav573  copies=1 x=0.0 y=0.0 z=86580.1 rename='rf_e_57'
place   cav580  copies=1 x=0.0 y=0.0 z=87419.9 rename='rf_b_58'
place   cav581  copies=1 x=0.0 y=0.0 z=87639.9 rename='rf_c_58'
place   cav582  copies=1 x=0.0 y=0.0 z=87860.1 rename='rf_d_58'
place   cav583  copies=1 x=0.0 y=0.0 z=88080.1 rename='rf_e_58'
place   cav590  copies=1 x=0.0 y=0.0 z=88919.9 rename='rf_b_59'
place   cav591  copies=1 x=0.0 y=0.0 z=89139.9 rename='rf_c_59'
place   cav592  copies=1 x=0.0 y=0.0 z=89360.1 rename='rf_d_59'
place   cav593  copies=1 x=0.0 y=0.0 z=89580.1 rename='rf_e_59'
place   cav600  copies=1 x=0.0 y=0.0 z=90419.9 rename='rf_b_60'
place   cav601  copies=1 x=0.0 y=0.0 z=90639.9 rename='rf_c_60'
place   cav602  copies=1 x=0.0 y=0.0 z=90860.1 rename='rf_d_60'
place   cav603  copies=1 x=0.0 y=0.0 z=91080.1 rename='rf_e_60'
place   cav610  copies=1 x=0.0 y=0.0 z=91919.9 rename='rf_b_61'
place   cav611  copies=1 x=0.0 y=0.0 z=92139.9 rename='rf_c_61'
place   cav612  copies=1 x=0.0 y=0.0 z=92360.1 rename='rf_d_61'
place   cav613  copies=1 x=0.0 y=0.0 z=92580.1 rename='rf_e_61'
place   cav620  copies=1 x=0.0 y=0.0 z=93419.9 rename='rf_b_62'
place   cav621  copies=1 x=0.0 y=0.0 z=93639.9 rename='rf_c_62'
place   cav622  copies=1 x=0.0 y=0.0 z=93860.1 rename='rf_d_62'
place   cav623  copies=1 x=0.0 y=0.0 z=94080.1 rename='rf_e_62'
place   cav630  copies=1 x=0.0 y=0.0 z=94919.9 rename='rf_b_63'
place   cav631  copies=1 x=0.0 y=0.0 z=95139.9 rename='rf_c_63'
place   cav632  copies=1 x=0.0 y=0.0 z=95360.1 rename='rf_d_63'
place   cav633  copies=1 x=0.0 y=0.0 z=95580.1 rename='rf_e_63'
place   cav640  copies=1 x=0.0 y=0.0 z=96419.9 rename='rf_b_64'
place   cav641  copies=1 x=0.0 y=0.0 z=96639.9 rename='rf_c_64'
place   cav642  copies=1 x=0.0 y=0.0 z=96860.1 rename='rf_d_64'
place   cav643  copies=1 x=0.0 y=0.0 z=97080.1 rename='rf_e_64'
place   cav650  copies=1 x=0.0 y=0.0 z=97919.9 rename='rf_b_65'
place   cav651  copies=1 x=0.0 y=0.0 z=98139.9 rename='rf_c_65'
place   cav652  copies=1 x=0.0 y=0.0 z=98360.1 rename='rf_d_65'
place   cav653  copies=1 x=0.0 y=0.0 z=98580.1 rename='rf_e_65'
do i=0,65,1
(do i=0)
place   all_wedge copies=1 x=-5.8 y=0.0 z=0.0 rename='wedge_0'rotation='X90,Y90'
(do i=1)
place   all_wedge copies=1 x=-5.8 y=0.0 z=1500.0 rename='wedge_1'rotation='X90,Y90'
(do i=2)
place   all_wedge copies=1 x=-5.8 y=0.0 z=3000.0 rename='wedge_2'rotation='X90,Y90'
(do i=3)
place   all_wedge copies=1 x=-5.8 y=0.0 z=4500.0 rename='wedge_3'rotation='X90,Y90'
(do i=4)
place   all_wedge copies=1 x=-5.8 y=0.0 z=6000.0 rename='wedge_4'rotation='X90,Y90'
(do i=5)
place   all_wedge copies=1 x=-5.8 y=0.0 z=7500.0 rename='wedge_5'rotation='X90,Y90'
(do i=6)
place   all_wedge copies=1 x=-5.8 y=0.0 z=9000.0 rename='wedge_6'rotation='X90,Y90'
(do i=7)
place   all_wedge copies=1 x=-5.8 y=0.0 z=10500.0 rename='wedge_7'rotation='X90,Y90'
(do i=8)
place   all_wedge copies=1 x=-5.8 y=0.0 z=12000.0 rename='wedge_8'rotation='X90,Y90'
(do i=9)
place   all_wedge copies=1 x=-5.8 y=0.0 z=13500.0 rename='wedge_9'rotation='X90,Y90'
(do i=10)
place   all_wedge copies=1 x=-5.8 y=0.0 z=15000.0 rename='wedge_10'rotation='X90,Y90'
(do i=11)
place   all_wedge copies=1 x=-5.8 y=0.0 z=16500.0 rename='wedge_11'rotation='X90,Y90'
(do i=12)
place   all_wedge copies=1 x=-5.8 y=0.0 z=18000.0 rename='wedge_12'rotation='X90,Y90'
(do i=13)
place   all_wedge copies=1 x=-5.8 y=0.0 z=19500.0 rename='wedge_13'rotation='X90,Y90'
(do i=14)
place   all_wedge copies=1 x=-5.8 y=0.0 z=21000.0 rename='wedge_14'rotation='X90,Y90'
(do i=15)
place   all_wedge copies=1 x=-5.8 y=0.0 z=22500.0 rename='wedge_15'rotation='X90,Y90'
(do i=16)
place   all_wedge copies=1 x=-5.8 y=0.0 z=24000.0 rename='wedge_16'rotation='X90,Y90'
(do i=17)
place   all_wedge copies=1 x=-5.8 y=0.0 z=25500.0 rename='wedge_17'rotation='X90,Y90'
(do i=18)
place   all_wedge copies=1 x=-5.8 y=0.0 z=27000.0 rename='wedge_18'rotation='X90,Y90'
(do i=19)
place   all_wedge copies=1 x=-5.8 y=0.0 z=28500.0 rename='wedge_19'rotation='X90,Y90'
(do i=20)
place   all_wedge copies=1 x=-5.8 y=0.0 z=30000.0 rename='wedge_20'rotation='X90,Y90'
(do i=21)
place   all_wedge copies=1 x=-5.8 y=0.0 z=31500.0 rename='wedge_21'rotation='X90,Y90'
(do i=22)
place   all_wedge copies=1 x=-5.8 y=0.0 z=33000.0 rename='wedge_22'rotation='X90,Y90'
(do i=23)
place   all_wedge copies=1 x=-5.8 y=0.0 z=34500.0 rename='wedge_23'rotation='X90,Y90'
(do i=24)
place   all_wedge copies=1 x=-5.8 y=0.0 z=36000.0 rename='wedge_24'rotation='X90,Y90'
(do i=25)
place   all_wedge copies=1 x=-5.8 y=0.0 z=37500.0 rename='wedge_25'rotation='X90,Y90'
(do i=26)
place   all_wedge copies=1 x=-5.8 y=0.0 z=39000.0 rename='wedge_26'rotation='X90,Y90'
(do i=27)
place   all_wedge copies=1 x=-5.8 y=0.0 z=40500.0 rename='wedge_27'rotation='X90,Y90'
(do i=28)
place   all_wedge copies=1 x=-5.8 y=0.0 z=42000.0 rename='wedge_28'rotation='X90,Y90'
(do i=29)
place   all_wedge copies=1 x=-5.8 y=0.0 z=43500.0 rename='wedge_29'rotation='X90,Y90'
(do i=30)
place   all_wedge copies=1 x=-5.8 y=0.0 z=45000.0 rename='wedge_30'rotation='X90,Y90'
(do i=31)
place   all_wedge copies=1 x=-5.8 y=0.0 z=46500.0 rename='wedge_31'rotation='X90,Y90'
(do i=32)
place   all_wedge copies=1 x=-5.8 y=0.0 z=48000.0 rename='wedge_32'rotation='X90,Y90'
(do i=33)
place   all_wedge copies=1 x=-5.8 y=0.0 z=49500.0 rename='wedge_33'rotation='X90,Y90'
(do i=34)
place   all_wedge copies=1 x=-5.8 y=0.0 z=51000.0 rename='wedge_34'rotation='X90,Y90'
(do i=35)
place   all_wedge copies=1 x=-5.8 y=0.0 z=52500.0 rename='wedge_35'rotation='X90,Y90'
(do i=36)
place   all_wedge copies=1 x=-5.8 y=0.0 z=54000.0 rename='wedge_36'rotation='X90,Y90'
(do i=37)
place   all_wedge copies=1 x=-5.8 y=0.0 z=55500.0 rename='wedge_37'rotation='X90,Y90'
(do i=38)
place   all_wedge copies=1 x=-5.8 y=0.0 z=57000.0 rename='wedge_38'rotation='X90,Y90'
(do i=39)
place   all_wedge copies=1 x=-5.8 y=0.0 z=58500.0 rename='wedge_39'rotation='X90,Y90'
(do i=40)
place   all_wedge copies=1 x=-5.8 y=0.0 z=60000.0 rename='wedge_40'rotation='X90,Y90'
(do i=41)
place   all_wedge copies=1 x=-5.8 y=0.0 z=61500.0 rename='wedge_41'rotation='X90,Y90'
(do i=42)
place   all_wedge copies=1 x=-5.8 y=0.0 z=63000.0 rename='wedge_42'rotation='X90,Y90'
(do i=43)
place   all_wedge copies=1 x=-5.8 y=0.0 z=64500.0 rename='wedge_43'rotation='X90,Y90'
(do i=44)
place   all_wedge copies=1 x=-5.8 y=0.0 z=66000.0 rename='wedge_44'rotation='X90,Y90'
(do i=45)
place   all_wedge copies=1 x=-5.8 y=0.0 z=67500.0 rename='wedge_45'rotation='X90,Y90'
(do i=46)
place   all_wedge copies=1 x=-5.8 y=0.0 z=69000.0 rename='wedge_46'rotation='X90,Y90'
(do i=47)
place   all_wedge copies=1 x=-5.8 y=0.0 z=70500.0 rename='wedge_47'rotation='X90,Y90'
(do i=48)
place   all_wedge copies=1 x=-5.8 y=0.0 z=72000.0 rename='wedge_48'rotation='X90,Y90'
(do i=49)
place   all_wedge copies=1 x=-5.8 y=0.0 z=73500.0 rename='wedge_49'rotation='X90,Y90'
(do i=50)
place   all_wedge copies=1 x=-5.8 y=0.0 z=75000.0 rename='wedge_50'rotation='X90,Y90'
(do i=51)
place   all_wedge copies=1 x=-5.8 y=0.0 z=76500.0 rename='wedge_51'rotation='X90,Y90'
(do i=52)
place   all_wedge copies=1 x=-5.8 y=0.0 z=78000.0 rename='wedge_52'rotation='X90,Y90'
(do i=53)
place   all_wedge copies=1 x=-5.8 y=0.0 z=79500.0 rename='wedge_53'rotation='X90,Y90'
(do i=54)
place   all_wedge copies=1 x=-5.8 y=0.0 z=81000.0 rename='wedge_54'rotation='X90,Y90'
(do i=55)
place   all_wedge copies=1 x=-5.8 y=0.0 z=82500.0 rename='wedge_55'rotation='X90,Y90'
(do i=56)
place   all_wedge copies=1 x=-5.8 y=0.0 z=84000.0 rename='wedge_56'rotation='X90,Y90'
(do i=57)
place   all_wedge copies=1 x=-5.8 y=0.0 z=85500.0 rename='wedge_57'rotation='X90,Y90'
(do i=58)
place   all_wedge copies=1 x=-5.8 y=0.0 z=87000.0 rename='wedge_58'rotation='X90,Y90'
(do i=59)
place   all_wedge copies=1 x=-5.8 y=0.0 z=88500.0 rename='wedge_59'rotation='X90,Y90'
(do i=60)
place   all_wedge copies=1 x=-5.8 y=0.0 z=90000.0 rename='wedge_60'rotation='X90,Y90'
(do i=61)
place   all_wedge copies=1 x=-5.8 y=0.0 z=91500.0 rename='wedge_61'rotation='X90,Y90'
(do i=62)
place   all_wedge copies=1 x=-5.8 y=0.0 z=93000.0 rename='wedge_62'rotation='X90,Y90'
(do i=63)
place   all_wedge copies=1 x=-5.8 y=0.0 z=94500.0 rename='wedge_63'rotation='X90,Y90'
(do i=64)
place   all_wedge copies=1 x=-5.8 y=0.0 z=96000.0 rename='wedge_64'rotation='X90,Y90'
(do i=65)
place   all_wedge copies=1 x=-5.8 y=0.0 z=97500.0 rename='wedge_65'rotation='X90,Y90'
enddo
do i=0,65,1
(do i=0)
place   wedge_window copies=1 x=-5.8 y=0.0 z=-120.4 rotation='Y-115/2'
                color=1,0,1
place   wedge_window copies=1 x=-5.8 y=0.0 z=120.4 rotation='Y115/2'
                color=1,0,1
(do i=1)
place   wedge_window copies=1 x=-5.8 y=0.0 z=1379.6 rotation='Y-115/2'
                color=1,0,1
place   wedge_window copies=1 x=-5.8 y=0.0 z=1620.4 rotation='Y115/2'
                color=1,0,1
(do i=2)
place   wedge_window copies=1 x=-5.8 y=0.0 z=2879.6 rotation='Y-115/2'
                color=1,0,1
place   wedge_window copies=1 x=-5.8 y=0.0 z=3120.4 rotation='Y115/2'
                color=1,0,1
(do i=3)
place   wedge_window copies=1 x=-5.8 y=0.0 z=4379.6 rotation='Y-115/2'
                color=1,0,1
place   wedge_window copies=1 x=-5.8 y=0.0 z=4620.4 rotation='Y115/2'
                color=1,0,1
(do i=4)
place   wedge_window copies=1 x=-5.8 y=0.0 z=5879.6 rotation='Y-115/2'
                color=1,0,1
place   wedge_window copies=1 x=-5.8 y=0.0 z=6120.4 rotation='Y115/2'
                color=1,0,1
(do i=5)
place   wedge_window copies=1 x=-5.8 y=0.0 z=7379.6 rotation='Y-115/2'
                color=1,0,1
place   wedge_window copies=1 x=-5.8 y=0.0 z=7620.4 rotation='Y115/2'
                color=1,0,1
(do i=6)
place   wedge_window copies=1 x=-5.8 y=0.0 z=8879.6 rotation='Y-115/2'
                color=1,0,1
place   wedge_window copies=1 x=-5.8 y=0.0 z=9120.4 rotation='Y115/2'
                color=1,0,1
(do i=7)
place   wedge_window copies=1 x=-5.8 y=0.0 z=10379.6 rotation='Y-115/2'
                color=1,0,1
place   wedge_window copies=1 x=-5.8 y=0.0 z=10620.4 rotation='Y115/2'
                color=1,0,1
(do i=8)
place   wedge_window copies=1 x=-5.8 y=0.0 z=11879.6 rotation='Y-115/2'
                color=1,0,1
place   wedge_window copies=1 x=-5.8 y=0.0 z=12120.4 rotation='Y115/2'
                color=1,0,1
(do i=9)
place   wedge_window copies=1 x=-5.8 y=0.0 z=13379.6 rotation='Y-115/2'
                color=1,0,1
place   wedge_window copies=1 x=-5.8 y=0.0 z=13620.4 rotation='Y115/2'
                color=1,0,1
(do i=10)
place   wedge_window copies=1 x=-5.8 y=0.0 z=14879.6 rotation='Y-115/2'
                color=1,0,1
place   wedge_window copies=1 x=-5.8 y=0.0 z=15120.4 rotation='Y115/2'
                color=1,0,1
(do i=11)
place   wedge_window copies=1 x=-5.8 y=0.0 z=16379.6 rotation='Y-115/2'
                color=1,0,1
place   wedge_window copies=1 x=-5.8 y=0.0 z=16620.4 rotation='Y115/2'
                color=1,0,1
(do i=12)
place   wedge_window copies=1 x=-5.8 y=0.0 z=17879.6 rotation='Y-115/2'
                color=1,0,1
place   wedge_window copies=1 x=-5.8 y=0.0 z=18120.4 rotation='Y115/2'
                color=1,0,1
(do i=13)
place   wedge_window copies=1 x=-5.8 y=0.0 z=19379.6 rotation='Y-115/2'
                color=1,0,1
place   wedge_window copies=1 x=-5.8 y=0.0 z=19620.4 rotation='Y115/2'
                color=1,0,1
(do i=14)
place   wedge_window copies=1 x=-5.8 y=0.0 z=20879.6 rotation='Y-115/2'
                color=1,0,1
place   wedge_window copies=1 x=-5.8 y=0.0 z=21120.4 rotation='Y115/2'
                color=1,0,1
(do i=15)
place   wedge_window copies=1 x=-5.8 y=0.0 z=22379.6 rotation='Y-115/2'
                color=1,0,1
place   wedge_window copies=1 x=-5.8 y=0.0 z=22620.4 rotation='Y115/2'
                color=1,0,1
(do i=16)
place   wedge_window copies=1 x=-5.8 y=0.0 z=23879.6 rotation='Y-115/2'
                color=1,0,1
place   wedge_window copies=1 x=-5.8 y=0.0 z=24120.4 rotation='Y115/2'
                color=1,0,1
(do i=17)
place   wedge_window copies=1 x=-5.8 y=0.0 z=25379.6 rotation='Y-115/2'
                color=1,0,1
place   wedge_window copies=1 x=-5.8 y=0.0 z=25620.4 rotation='Y115/2'
                color=1,0,1
(do i=18)
place   wedge_window copies=1 x=-5.8 y=0.0 z=26879.6 rotation='Y-115/2'
                color=1,0,1
place   wedge_window copies=1 x=-5.8 y=0.0 z=27120.4 rotation='Y115/2'
                color=1,0,1
(do i=19)
place   wedge_window copies=1 x=-5.8 y=0.0 z=28379.6 rotation='Y-115/2'
                color=1,0,1
place   wedge_window copies=1 x=-5.8 y=0.0 z=28620.4 rotation='Y115/2'
                color=1,0,1
(do i=20)
place   wedge_window copies=1 x=-5.8 y=0.0 z=29879.6 rotation='Y-115/2'
                color=1,0,1
place   wedge_window copies=1 x=-5.8 y=0.0 z=30120.4 rotation='Y115/2'
                color=1,0,1
(do i=21)
place   wedge_window copies=1 x=-5.8 y=0.0 z=31379.6 rotation='Y-115/2'
                color=1,0,1
place   wedge_window copies=1 x=-5.8 y=0.0 z=31620.4 rotation='Y115/2'
                color=1,0,1
(do i=22)
place   wedge_window copies=1 x=-5.8 y=0.0 z=32879.6 rotation='Y-115/2'
                color=1,0,1
place   wedge_window copies=1 x=-5.8 y=0.0 z=33120.4 rotation='Y115/2'
                color=1,0,1
(do i=23)
place   wedge_window copies=1 x=-5.8 y=0.0 z=34379.6 rotation='Y-115/2'
                color=1,0,1
place   wedge_window copies=1 x=-5.8 y=0.0 z=34620.4 rotation='Y115/2'
                color=1,0,1
(do i=24)
place   wedge_window copies=1 x=-5.8 y=0.0 z=35879.6 rotation='Y-115/2'
                color=1,0,1
place   wedge_window copies=1 x=-5.8 y=0.0 z=36120.4 rotation='Y115/2'
                color=1,0,1
(do i=25)
place   wedge_window copies=1 x=-5.8 y=0.0 z=37379.6 rotation='Y-115/2'
                color=1,0,1
place   wedge_window copies=1 x=-5.8 y=0.0 z=37620.4 rotation='Y115/2'
                color=1,0,1
(do i=26)
place   wedge_window copies=1 x=-5.8 y=0.0 z=38879.6 rotation='Y-115/2'
                color=1,0,1
place   wedge_window copies=1 x=-5.8 y=0.0 z=39120.4 rotation='Y115/2'
                color=1,0,1
(do i=27)
place   wedge_window copies=1 x=-5.8 y=0.0 z=40379.6 rotation='Y-115/2'
                color=1,0,1
place   wedge_window copies=1 x=-5.8 y=0.0 z=40620.4 rotation='Y115/2'
                color=1,0,1
(do i=28)
place   wedge_window copies=1 x=-5.8 y=0.0 z=41879.6 rotation='Y-115/2'
                color=1,0,1
place   wedge_window copies=1 x=-5.8 y=0.0 z=42120.4 rotation='Y115/2'
                color=1,0,1
(do i=29)
place   wedge_window copies=1 x=-5.8 y=0.0 z=43379.6 rotation='Y-115/2'
                color=1,0,1
place   wedge_window copies=1 x=-5.8 y=0.0 z=43620.4 rotation='Y115/2'
                color=1,0,1
(do i=30)
place   wedge_window copies=1 x=-5.8 y=0.0 z=44879.6 rotation='Y-115/2'
                color=1,0,1
place   wedge_window copies=1 x=-5.8 y=0.0 z=45120.4 rotation='Y115/2'
                color=1,0,1
(do i=31)
place   wedge_window copies=1 x=-5.8 y=0.0 z=46379.6 rotation='Y-115/2'
                color=1,0,1
place   wedge_window copies=1 x=-5.8 y=0.0 z=46620.4 rotation='Y115/2'
                color=1,0,1
(do i=32)
place   wedge_window copies=1 x=-5.8 y=0.0 z=47879.6 rotation='Y-115/2'
                color=1,0,1
place   wedge_window copies=1 x=-5.8 y=0.0 z=48120.4 rotation='Y115/2'
                color=1,0,1
(do i=33)
place   wedge_window copies=1 x=-5.8 y=0.0 z=49379.6 rotation='Y-115/2'
                color=1,0,1
place   wedge_window copies=1 x=-5.8 y=0.0 z=49620.4 rotation='Y115/2'
                color=1,0,1
(do i=34)
place   wedge_window copies=1 x=-5.8 y=0.0 z=50879.6 rotation='Y-115/2'
                color=1,0,1
place   wedge_window copies=1 x=-5.8 y=0.0 z=51120.4 rotation='Y115/2'
                color=1,0,1
(do i=35)
place   wedge_window copies=1 x=-5.8 y=0.0 z=52379.6 rotation='Y-115/2'
                color=1,0,1
place   wedge_window copies=1 x=-5.8 y=0.0 z=52620.4 rotation='Y115/2'
                color=1,0,1
(do i=36)
place   wedge_window copies=1 x=-5.8 y=0.0 z=53879.6 rotation='Y-115/2'
                color=1,0,1
place   wedge_window copies=1 x=-5.8 y=0.0 z=54120.4 rotation='Y115/2'
                color=1,0,1
(do i=37)
place   wedge_window copies=1 x=-5.8 y=0.0 z=55379.6 rotation='Y-115/2'
                color=1,0,1
place   wedge_window copies=1 x=-5.8 y=0.0 z=55620.4 rotation='Y115/2'
                color=1,0,1
(do i=38)
place   wedge_window copies=1 x=-5.8 y=0.0 z=56879.6 rotation='Y-115/2'
                color=1,0,1
place   wedge_window copies=1 x=-5.8 y=0.0 z=57120.4 rotation='Y115/2'
                color=1,0,1
(do i=39)
place   wedge_window copies=1 x=-5.8 y=0.0 z=58379.6 rotation='Y-115/2'
                color=1,0,1
place   wedge_window copies=1 x=-5.8 y=0.0 z=58620.4 rotation='Y115/2'
                color=1,0,1
(do i=40)
place   wedge_window copies=1 x=-5.8 y=0.0 z=59879.6 rotation='Y-115/2'
                color=1,0,1
place   wedge_window copies=1 x=-5.8 y=0.0 z=60120.4 rotation='Y115/2'
                color=1,0,1
(do i=41)
place   wedge_window copies=1 x=-5.8 y=0.0 z=61379.6 rotation='Y-115/2'
                color=1,0,1
place   wedge_window copies=1 x=-5.8 y=0.0 z=61620.4 rotation='Y115/2'
                color=1,0,1
(do i=42)
place   wedge_window copies=1 x=-5.8 y=0.0 z=62879.6 rotation='Y-115/2'
                color=1,0,1
place   wedge_window copies=1 x=-5.8 y=0.0 z=63120.4 rotation='Y115/2'
                color=1,0,1
(do i=43)
place   wedge_window copies=1 x=-5.8 y=0.0 z=64379.6 rotation='Y-115/2'
                color=1,0,1
place   wedge_window copies=1 x=-5.8 y=0.0 z=64620.4 rotation='Y115/2'
                color=1,0,1
(do i=44)
place   wedge_window copies=1 x=-5.8 y=0.0 z=65879.6 rotation='Y-115/2'
                color=1,0,1
place   wedge_window copies=1 x=-5.8 y=0.0 z=66120.4 rotation='Y115/2'
                color=1,0,1
(do i=45)
place   wedge_window copies=1 x=-5.8 y=0.0 z=67379.6 rotation='Y-115/2'
                color=1,0,1
place   wedge_window copies=1 x=-5.8 y=0.0 z=67620.4 rotation='Y115/2'
                color=1,0,1
(do i=46)
place   wedge_window copies=1 x=-5.8 y=0.0 z=68879.6 rotation='Y-115/2'
                color=1,0,1
place   wedge_window copies=1 x=-5.8 y=0.0 z=69120.4 rotation='Y115/2'
                color=1,0,1
(do i=47)
place   wedge_window copies=1 x=-5.8 y=0.0 z=70379.6 rotation='Y-115/2'
                color=1,0,1
place   wedge_window copies=1 x=-5.8 y=0.0 z=70620.4 rotation='Y115/2'
                color=1,0,1
(do i=48)
place   wedge_window copies=1 x=-5.8 y=0.0 z=71879.6 rotation='Y-115/2'
                color=1,0,1
place   wedge_window copies=1 x=-5.8 y=0.0 z=72120.4 rotation='Y115/2'
                color=1,0,1
(do i=49)
place   wedge_window copies=1 x=-5.8 y=0.0 z=73379.6 rotation='Y-115/2'
                color=1,0,1
place   wedge_window copies=1 x=-5.8 y=0.0 z=73620.4 rotation='Y115/2'
                color=1,0,1
(do i=50)
place   wedge_window copies=1 x=-5.8 y=0.0 z=74879.6 rotation='Y-115/2'
                color=1,0,1
place   wedge_window copies=1 x=-5.8 y=0.0 z=75120.4 rotation='Y115/2'
                color=1,0,1
(do i=51)
place   wedge_window copies=1 x=-5.8 y=0.0 z=76379.6 rotation='Y-115/2'
                color=1,0,1
place   wedge_window copies=1 x=-5.8 y=0.0 z=76620.4 rotation='Y115/2'
                color=1,0,1
(do i=52)
place   wedge_window copies=1 x=-5.8 y=0.0 z=77879.6 rotation='Y-115/2'
                color=1,0,1
place   wedge_window copies=1 x=-5.8 y=0.0 z=78120.4 rotation='Y115/2'
                color=1,0,1
(do i=53)
place   wedge_window copies=1 x=-5.8 y=0.0 z=79379.6 rotation='Y-115/2'
                color=1,0,1
place   wedge_window copies=1 x=-5.8 y=0.0 z=79620.4 rotation='Y115/2'
                color=1,0,1
(do i=54)
place   wedge_window copies=1 x=-5.8 y=0.0 z=80879.6 rotation='Y-115/2'
                color=1,0,1
place   wedge_window copies=1 x=-5.8 y=0.0 z=81120.4 rotation='Y115/2'
                color=1,0,1
(do i=55)
place   wedge_window copies=1 x=-5.8 y=0.0 z=82379.6 rotation='Y-115/2'
                color=1,0,1
place   wedge_window copies=1 x=-5.8 y=0.0 z=82620.4 rotation='Y115/2'
                color=1,0,1
(do i=56)
place   wedge_window copies=1 x=-5.8 y=0.0 z=83879.6 rotation='Y-115/2'
                color=1,0,1
place   wedge_window copies=1 x=-5.8 y=0.0 z=84120.4 rotation='Y115/2'
                color=1,0,1
(do i=57)
place   wedge_window copies=1 x=-5.8 y=0.0 z=85379.6 rotation='Y-115/2'
                color=1,0,1
place   wedge_window copies=1 x=-5.8 y=0.0 z=85620.4 rotation='Y115/2'
                color=1,0,1
(do i=58)
place   wedge_window copies=1 x=-5.8 y=0.0 z=86879.6 rotation='Y-115/2'
                color=1,0,1
place   wedge_window copies=1 x=-5.8 y=0.0 z=87120.4 rotation='Y115/2'
                color=1,0,1
(do i=59)
place   wedge_window copies=1 x=-5.8 y=0.0 z=88379.6 rotation='Y-115/2'
                color=1,0,1
place   wedge_window copies=1 x=-5.8 y=0.0 z=88620.4 rotation='Y115/2'
                color=1,0,1
(do i=60)
place   wedge_window copies=1 x=-5.8 y=0.0 z=89879.6 rotation='Y-115/2'
                color=1,0,1
place   wedge_window copies=1 x=-5.8 y=0.0 z=90120.4 rotation='Y115/2'
                color=1,0,1
(do i=61)
place   wedge_window copies=1 x=-5.8 y=0.0 z=91379.6 rotation='Y-115/2'
                color=1,0,1
place   wedge_window copies=1 x=-5.8 y=0.0 z=91620.4 rotation='Y115/2'
                color=1,0,1
(do i=62)
place   wedge_window copies=1 x=-5.8 y=0.0 z=92879.6 rotation='Y-115/2'
                color=1,0,1
place   wedge_window copies=1 x=-5.8 y=0.0 z=93120.4 rotation='Y115/2'
                color=1,0,1
(do i=63)
place   wedge_window copies=1 x=-5.8 y=0.0 z=94379.6 rotation='Y-115/2'
                color=1,0,1
place   wedge_window copies=1 x=-5.8 y=0.0 z=94620.4 rotation='Y115/2'
                color=1,0,1
(do i=64)
place   wedge_window copies=1 x=-5.8 y=0.0 z=95879.6 rotation='Y-115/2'
                color=1,0,1
place   wedge_window copies=1 x=-5.8 y=0.0 z=96120.4 rotation='Y115/2'
                color=1,0,1
(do i=65)
place   wedge_window copies=1 x=-5.8 y=0.0 z=97379.6 rotation='Y-115/2'
                color=1,0,1
place   wedge_window copies=1 x=-5.8 y=0.0 z=97620.4 rotation='Y115/2'
                color=1,0,1
enddo
place   beamDet copies=1 x=0.0 y=0.0 z=99010.0 
zntuple                    z= zloop=0:65*1500:1500 noSingles=0 format=for009
                           file=for009 filename=for009 require=PDGid==-13
                           referenceParticle=1 coordinates=Centerline

World size (before incrementing by 201.357 mm): 1600.0 H  1600.0 W  198800.0 L

PARAMETERS:
            Zcl=99010
          angle=1.5
        bendpos=0.1
     cavity_gas=Vacuum
    cell_length=1500
   coil_length1=118.46964522286608
   coil_length2=433.24692175022835
   coil_radius1=250
   coil_radius2=450
    coil_width1=125
    coil_width2=225
      coilname1=coil1
      coilname2=coil2
       current1=84.58579501857774
       current2=67.3050092621987
     deltaChord=3.0
deltaIntersection=0.1
   deltaOneStep=0.01
         dipole=0.12
  dipole_length=100
          end_z=99010
         epsMax=0.05
         epsMin=2.5e-7
 eventTimeLimit=30
    fieldVoxels=200,200,200
       filename=for009
   final_output=beam_stage3_out
          first=1
  fringe_length=500
half_wedge_length=240
      histoFile=g4beamline
    histoUpdate=0
              i=65
           last=200
        maxStep=100.0
        minStep=0.01
         ncells=65
             pi=3.1415926
  pipe_diameter=250
    pipe_length=419.85
    pipe_radius=125
           pres=35
   ref_momentum=203
         rf_fre=0.352
        rf_grad=23.226115048725177
      rf_length=220
          rf_ph=25.519517206533873
rf_window_length=0.05
        solpos1=0.08808222745578946
        solpos2=0.2025930484741105
 steppingFormat=N GLOBAL CL KE STEP VOL PROCESS
steppingVerbose=0
         viewer=none
 wallClockLimit=-1
      wallthick=0.05
     wedge_apex=115
wedge_window_length=0.19
  worldMaterial=Vacuum
         x_last=-7.11
          x_off=-5.8447445
         y_last=-10.4
          y_off=-8.4742753
     zTolerance=2.0
Checking overlaps for volume sol1:0 (G4Tubs) ... OK! 
BLCMDsolenoid::Construct sol1 parent= relZ=-2867.9 globZ=-2867.9
	global pos=0.0,0.0,-2867.9  Checking overlaps for volume sol3:0 (G4Tubs) ... OK! 
BLCMDsolenoid::Construct sol3 parent= relZ=-2696.1 globZ=-2696.1
	global pos=0.0,0.0,-2696.1  Checking overlaps for volume sol4:0 (G4Tubs) ... OK! 
BLCMDsolenoid::Construct sol4 parent= relZ=-1803.9 globZ=-1803.9
	global pos=0.0,0.0,-1803.9  Checking overlaps for volume sol2:0 (G4Tubs) ... OK! 
BLCMDsolenoid::Construct sol2 parent= relZ=-1632.1 globZ=-1632.1
	global pos=0.0,0.0,-1632.1  Checking overlaps for volume sol1:0 (G4Tubs) ... OK! 
BLCMDsolenoid::Construct sol1 parent= relZ=-1367.9 globZ=-1367.9
	global pos=0.0,0.0,-1367.9  Checking overlaps for volume sol3:0 (G4Tubs) ... OK! 
BLCMDsolenoid::Construct sol3 parent= relZ=-1196.1 globZ=-1196.1
	global pos=0.0,0.0,-1196.1  Checking overlaps for volume sol4:0 (G4Tubs) ... OK! 
BLCMDsolenoid::Construct sol4 parent= relZ=-303.9 globZ=-303.9
	global pos=0.0,0.0,-303.9  Checking overlaps for volume sol2:0 (G4Tubs) ... OK! 
BLCMDsolenoid::Construct sol2 parent= relZ=-132.1 globZ=-132.1
	global pos=0.0,0.0,-132.1  Checking overlaps for volume sol1:0 (G4Tubs) ... OK! 
BLCMDsolenoid::Construct sol1 parent= relZ=132.1 globZ=132.1
	global pos=0.0,0.0,132.1  Checking overlaps for volume sol3:0 (G4Tubs) ... OK! 
BLCMDsolenoid::Construct sol3 parent= relZ=303.9 globZ=303.9
	global pos=0.0,0.0,303.9  Checking overlaps for volume sol4:0 (G4Tubs) ... OK! 
BLCMDsolenoid::Construct sol4 parent= relZ=1196.1 globZ=1196.1
	global pos=0.0,0.0,1196.1  Checking overlaps for volume sol2:0 (G4Tubs) ... OK! 
BLCMDsolenoid::Construct sol2 parent= relZ=1367.9 globZ=1367.9
	global pos=0.0,0.0,1367.9  Checking overlaps for volume sol1:0 (G4Tubs) ... OK! 
BLCMDsolenoid::Construct sol1 parent= relZ=1632.1 globZ=1632.1
	global pos=0.0,0.0,1632.1  Checking overlaps for volume sol3:0 (G4Tubs) ... OK! 
BLCMDsolenoid::Construct sol3 parent= relZ=1803.9 globZ=1803.9
	global pos=0.0,0.0,1803.9  Checking overlaps for volume sol4:0 (G4Tubs) ... OK! 
BLCMDsolenoid::Construct sol4 parent= relZ=2696.1 globZ=2696.1
	global pos=0.0,0.0,2696.1  Checking overlaps for volume sol2:0 (G4Tubs) ... OK! 
BLCMDsolenoid::Construct sol2 parent= relZ=2867.9 globZ=2867.9
	global pos=0.0,0.0,2867.9  Checking overlaps for volume sol1:0 (G4Tubs) ... OK! 
BLCMDsolenoid::Construct sol1 parent= relZ=3132.1 globZ=3132.1
	global pos=0.0,0.0,3132.1  Checking overlaps for volume sol3:0 (G4Tubs) ... OK! 
BLCMDsolenoid::Construct sol3 parent= relZ=3303.9 globZ=3303.9
	global pos=0.0,0.0,3303.9  Checking overlaps for volume sol4:0 (G4Tubs) ... OK! 
BLCMDsolenoid::Construct sol4 parent= relZ=4196.1 globZ=4196.1
	global pos=0.0,0.0,4196.1  Checking overlaps for volume sol2:0 (G4Tubs) ... OK! 
BLCMDsolenoid::Construct sol2 parent= relZ=4367.9 globZ=4367.9
	global pos=0.0,0.0,4367.9  Checking overlaps for volume sol1:0 (G4Tubs) ... OK! 
BLCMDsolenoid::Construct sol1 parent= relZ=4632.1 globZ=4632.1
	global pos=0.0,0.0,4632.1  Checking overlaps for volume sol3:0 (G4Tubs) ... OK! 
BLCMDsolenoid::Construct sol3 parent= relZ=4803.9 globZ=4803.9
	global pos=0.0,0.0,4803.9  Checking overlaps for volume sol4:0 (G4Tubs) ... OK! 
BLCMDsolenoid::Construct sol4 parent= relZ=5696.1 globZ=5696.1
	global pos=0.0,0.0,5696.1  Checking overlaps for volume sol2:0 (G4Tubs) ... OK! 
BLCMDsolenoid::Construct sol2 parent= relZ=5867.9 globZ=5867.9
	global pos=0.0,0.0,5867.9  Checking overlaps for volume sol1:0 (G4Tubs) ... OK! 
BLCMDsolenoid::Construct sol1 parent= relZ=6132.1 globZ=6132.1
	global pos=0.0,0.0,6132.1  Checking overlaps for volume sol3:0 (G4Tubs) ... OK! 
BLCMDsolenoid::Construct sol3 parent= relZ=6303.9 globZ=6303.9
	global pos=0.0,0.0,6303.9  Checking overlaps for volume sol4:0 (G4Tubs) ... OK! 
BLCMDsolenoid::Construct sol4 parent= relZ=7196.1 globZ=7196.1
	global pos=0.0,0.0,7196.1  Checking overlaps for volume sol2:0 (G4Tubs) ... OK! 
BLCMDsolenoid::Construct sol2 parent= relZ=7367.9 globZ=7367.9
	global pos=0.0,0.0,7367.9  Checking overlaps for volume sol1:0 (G4Tubs) ... OK! 
BLCMDsolenoid::Construct sol1 parent= relZ=7632.1 globZ=7632.1
	global pos=0.0,0.0,7632.1  Checking overlaps for volume sol3:0 (G4Tubs) ... OK! 
BLCMDsolenoid::Construct sol3 parent= relZ=7803.9 globZ=7803.9
	global pos=0.0,0.0,7803.9  Checking overlaps for volume sol4:0 (G4Tubs) ... OK! 
BLCMDsolenoid::Construct sol4 parent= relZ=8696.1 globZ=8696.1
	global pos=0.0,0.0,8696.1  Checking overlaps for volume sol2:0 (G4Tubs) ... OK! 
BLCMDsolenoid::Construct sol2 parent= relZ=8867.9 globZ=8867.9
	global pos=0.0,0.0,8867.9  Checking overlaps for volume sol1:0 (G4Tubs) ... OK! 
BLCMDsolenoid::Construct sol1 parent= relZ=9132.1 globZ=9132.1
	global pos=0.0,0.0,9132.1  Checking overlaps for volume sol3:0 (G4Tubs) ... OK! 
BLCMDsolenoid::Construct sol3 parent= relZ=9303.9 globZ=9303.9
	global pos=0.0,0.0,9303.9  Checking overlaps for volume sol4:0 (G4Tubs) ... OK! 
BLCMDsolenoid::Construct sol4 parent= relZ=10196.1 globZ=10196.1
	global pos=0.0,0.0,10196.1  Checking overlaps for volume sol2:0 (G4Tubs) ... OK! 
BLCMDsolenoid::Construct sol2 parent= relZ=10367.9 globZ=10367.9
	global pos=0.0,0.0,10367.9  Checking overlaps for volume sol1:0 (G4Tubs) ... OK! 
BLCMDsolenoid::Construct sol1 parent= relZ=10632.1 globZ=10632.1
	global pos=0.0,0.0,10632.1  Checking overlaps for volume sol3:0 (G4Tubs) ... OK! 
BLCMDsolenoid::Construct sol3 parent= relZ=10803.9 globZ=10803.9
	global pos=0.0,0.0,10803.9  Checking overlaps for volume sol4:0 (G4Tubs) ... OK! 
BLCMDsolenoid::Construct sol4 parent= relZ=11696.1 globZ=11696.1
	global pos=0.0,0.0,11696.1  Checking overlaps for volume sol2:0 (G4Tubs) ... OK! 
BLCMDsolenoid::Construct sol2 parent= relZ=11867.9 globZ=11867.9
	global pos=0.0,0.0,11867.9  Checking overlaps for volume sol1:0 (G4Tubs) ... OK! 
BLCMDsolenoid::Construct sol1 parent= relZ=12132.1 globZ=12132.1
	global pos=0.0,0.0,12132.1  Checking overlaps for volume sol3:0 (G4Tubs) ... OK! 
BLCMDsolenoid::Construct sol3 parent= relZ=12303.9 globZ=12303.9
	global pos=0.0,0.0,12303.9  Checking overlaps for volume sol4:0 (G4Tubs) ... OK! 
BLCMDsolenoid::Construct sol4 parent= relZ=13196.1 globZ=13196.1
	global pos=0.0,0.0,13196.1  Checking overlaps for volume sol2:0 (G4Tubs) ... OK! 
BLCMDsolenoid::Construct sol2 parent= relZ=13367.9 globZ=13367.9
	global pos=0.0,0.0,13367.9  Checking overlaps for volume sol1:0 (G4Tubs) ... OK! 
BLCMDsolenoid::Construct sol1 parent= relZ=13632.1 globZ=13632.1
	global pos=0.0,0.0,13632.1  Checking overlaps for volume sol3:0 (G4Tubs) ... OK! 
BLCMDsolenoid::Construct sol3 parent= relZ=13803.9 globZ=13803.9
	global pos=0.0,0.0,13803.9  Checking overlaps for volume sol4:0 (G4Tubs) ... OK! 
BLCMDsolenoid::Construct sol4 parent= relZ=14696.1 globZ=14696.1
	global pos=0.0,0.0,14696.1  Checking overlaps for volume sol2:0 (G4Tubs) ... OK! 
BLCMDsolenoid::Construct sol2 parent= relZ=14867.9 globZ=14867.9
	global pos=0.0,0.0,14867.9  Checking overlaps for volume sol1:0 (G4Tubs) ... OK! 
BLCMDsolenoid::Construct sol1 parent= relZ=15132.1 globZ=15132.1
	global pos=0.0,0.0,15132.1  Checking overlaps for volume sol3:0 (G4Tubs) ... OK! 
BLCMDsolenoid::Construct sol3 parent= relZ=15303.9 globZ=15303.9
	global pos=0.0,0.0,15303.9  Checking overlaps for volume sol4:0 (G4Tubs) ... OK! 
BLCMDsolenoid::Construct sol4 parent= relZ=16196.1 globZ=16196.1
	global pos=0.0,0.0,16196.1  Checking overlaps for volume sol2:0 (G4Tubs) ... OK! 
BLCMDsolenoid::Construct sol2 parent= relZ=16367.9 globZ=16367.9
	global pos=0.0,0.0,16367.9  Checking overlaps for volume sol1:0 (G4Tubs) ... OK! 
BLCMDsolenoid::Construct sol1 parent= relZ=16632.1 globZ=16632.1
	global pos=0.0,0.0,16632.1  Checking overlaps for volume sol3:0 (G4Tubs) ... OK! 
BLCMDsolenoid::Construct sol3 parent= relZ=16803.9 globZ=16803.9
	global pos=0.0,0.0,16803.9  Checking overlaps for volume sol4:0 (G4Tubs) ... OK! 
BLCMDsolenoid::Construct sol4 parent= relZ=17696.1 globZ=17696.1
	global pos=0.0,0.0,17696.1  Checking overlaps for volume sol2:0 (G4Tubs) ... OK! 
BLCMDsolenoid::Construct sol2 parent= relZ=17867.9 globZ=17867.9
	global pos=0.0,0.0,17867.9  Checking overlaps for volume sol1:0 (G4Tubs) ... OK! 
BLCMDsolenoid::Construct sol1 parent= relZ=18132.1 globZ=18132.1
	global pos=0.0,0.0,18132.1  Checking overlaps for volume sol3:0 (G4Tubs) ... OK! 
BLCMDsolenoid::Construct sol3 parent= relZ=18303.9 globZ=18303.9
	global pos=0.0,0.0,18303.9  Checking overlaps for volume sol4:0 (G4Tubs) ... OK! 
BLCMDsolenoid::Construct sol4 parent= relZ=19196.1 globZ=19196.1
	global pos=0.0,0.0,19196.1  Checking overlaps for volume sol2:0 (G4Tubs) ... OK! 
BLCMDsolenoid::Construct sol2 parent= relZ=19367.9 globZ=19367.9
	global pos=0.0,0.0,19367.9  Checking overlaps for volume sol1:0 (G4Tubs) ... OK! 
BLCMDsolenoid::Construct sol1 parent= relZ=19632.1 globZ=19632.1
	global pos=0.0,0.0,19632.1  Checking overlaps for volume sol3:0 (G4Tubs) ... OK! 
BLCMDsolenoid::Construct sol3 parent= relZ=19803.9 globZ=19803.9
	global pos=0.0,0.0,19803.9  Checking overlaps for volume sol4:0 (G4Tubs) ... OK! 
BLCMDsolenoid::Construct sol4 parent= relZ=20696.1 globZ=20696.1
	global pos=0.0,0.0,20696.1  Checking overlaps for volume sol2:0 (G4Tubs) ... OK! 
BLCMDsolenoid::Construct sol2 parent= relZ=20867.9 globZ=20867.9
	global pos=0.0,0.0,20867.9  Checking overlaps for volume sol1:0 (G4Tubs) ... OK! 
BLCMDsolenoid::Construct sol1 parent= relZ=21132.1 globZ=21132.1
	global pos=0.0,0.0,21132.1  Checking overlaps for volume sol3:0 (G4Tubs) ... OK! 
BLCMDsolenoid::Construct sol3 parent= relZ=21303.9 globZ=21303.9
	global pos=0.0,0.0,21303.9  Checking overlaps for volume sol4:0 (G4Tubs) ... OK! 
BLCMDsolenoid::Construct sol4 parent= relZ=22196.1 globZ=22196.1
	global pos=0.0,0.0,22196.1  Checking overlaps for volume sol2:0 (G4Tubs) ... OK! 
BLCMDsolenoid::Construct sol2 parent= relZ=22367.9 globZ=22367.9
	global pos=0.0,0.0,22367.9  Checking overlaps for volume sol1:0 (G4Tubs) ... OK! 
BLCMDsolenoid::Construct sol1 parent= relZ=22632.1 globZ=22632.1
	global pos=0.0,0.0,22632.1  Checking overlaps for volume sol3:0 (G4Tubs) ... OK! 
BLCMDsolenoid::Construct sol3 parent= relZ=22803.9 globZ=22803.9
	global pos=0.0,0.0,22803.9  Checking overlaps for volume sol4:0 (G4Tubs) ... OK! 
BLCMDsolenoid::Construct sol4 parent= relZ=23696.1 globZ=23696.1
	global pos=0.0,0.0,23696.1  Checking overlaps for volume sol2:0 (G4Tubs) ... OK! 
BLCMDsolenoid::Construct sol2 parent= relZ=23867.9 globZ=23867.9
	global pos=0.0,0.0,23867.9  Checking overlaps for volume sol1:0 (G4Tubs) ... OK! 
BLCMDsolenoid::Construct sol1 parent= relZ=24132.1 globZ=24132.1
	global pos=0.0,0.0,24132.1  Checking overlaps for volume sol3:0 (G4Tubs) ... OK! 
BLCMDsolenoid::Construct sol3 parent= relZ=24303.9 globZ=24303.9
	global pos=0.0,0.0,24303.9  Checking overlaps for volume sol4:0 (G4Tubs) ... OK! 
BLCMDsolenoid::Construct sol4 parent= relZ=25196.1 globZ=25196.1
	global pos=0.0,0.0,25196.1  Checking overlaps for volume sol2:0 (G4Tubs) ... OK! 
BLCMDsolenoid::Construct sol2 parent= relZ=25367.9 globZ=25367.9
	global pos=0.0,0.0,25367.9  Checking overlaps for volume sol1:0 (G4Tubs) ... OK! 
BLCMDsolenoid::Construct sol1 parent= relZ=25632.1 globZ=25632.1
	global pos=0.0,0.0,25632.1  Checking overlaps for volume sol3:0 (G4Tubs) ... OK! 
BLCMDsolenoid::Construct sol3 parent= relZ=25803.9 globZ=25803.9
	global pos=0.0,0.0,25803.9  Checking overlaps for volume sol4:0 (G4Tubs) ... OK! 
BLCMDsolenoid::Construct sol4 parent= relZ=26696.1 globZ=26696.1
	global pos=0.0,0.0,26696.1  Checking overlaps for volume sol2:0 (G4Tubs) ... OK! 
BLCMDsolenoid::Construct sol2 parent= relZ=26867.9 globZ=26867.9
	global pos=0.0,0.0,26867.9  Checking overlaps for volume sol1:0 (G4Tubs) ... OK! 
BLCMDsolenoid::Construct sol1 parent= relZ=27132.1 globZ=27132.1
	global pos=0.0,0.0,27132.1  Checking overlaps for volume sol3:0 (G4Tubs) ... OK! 
BLCMDsolenoid::Construct sol3 parent= relZ=27303.9 globZ=27303.9
	global pos=0.0,0.0,27303.9  Checking overlaps for volume sol4:0 (G4Tubs) ... OK! 
BLCMDsolenoid::Construct sol4 parent= relZ=28196.1 globZ=28196.1
	global pos=0.0,0.0,28196.1  Checking overlaps for volume sol2:0 (G4Tubs) ... OK! 
BLCMDsolenoid::Construct sol2 parent= relZ=28367.9 globZ=28367.9
	global pos=0.0,0.0,28367.9  Checking overlaps for volume sol1:0 (G4Tubs) ... OK! 
BLCMDsolenoid::Construct sol1 parent= relZ=28632.1 globZ=28632.1
	global pos=0.0,0.0,28632.1  Checking overlaps for volume sol3:0 (G4Tubs) ... OK! 
BLCMDsolenoid::Construct sol3 parent= relZ=28803.9 globZ=28803.9
	global pos=0.0,0.0,28803.9  Checking overlaps for volume sol4:0 (G4Tubs) ... OK! 
BLCMDsolenoid::Construct sol4 parent= relZ=29696.1 globZ=29696.1
	global pos=0.0,0.0,29696.1  Checking overlaps for volume sol2:0 (G4Tubs) ... OK! 
BLCMDsolenoid::Construct sol2 parent= relZ=29867.9 globZ=29867.9
	global pos=0.0,0.0,29867.9  Checking overlaps for volume sol1:0 (G4Tubs) ... OK! 
BLCMDsolenoid::Construct sol1 parent= relZ=30132.1 globZ=30132.1
	global pos=0.0,0.0,30132.1  Checking overlaps for volume sol3:0 (G4Tubs) ... OK! 
BLCMDsolenoid::Construct sol3 parent= relZ=30303.9 globZ=30303.9
	global pos=0.0,0.0,30303.9  Checking overlaps for volume sol4:0 (G4Tubs) ... OK! 
BLCMDsolenoid::Construct sol4 parent= relZ=31196.1 globZ=31196.1
	global pos=0.0,0.0,31196.1  Checking overlaps for volume sol2:0 (G4Tubs) ... OK! 
BLCMDsolenoid::Construct sol2 parent= relZ=31367.9 globZ=31367.9
	global pos=0.0,0.0,31367.9  Checking overlaps for volume sol1:0 (G4Tubs) ... OK! 
BLCMDsolenoid::Construct sol1 parent= relZ=31632.1 globZ=31632.1
	global pos=0.0,0.0,31632.1  Checking overlaps for volume sol3:0 (G4Tubs) ... OK! 
BLCMDsolenoid::Construct sol3 parent= relZ=31803.9 globZ=31803.9
	global pos=0.0,0.0,31803.9  Checking overlaps for volume sol4:0 (G4Tubs) ... OK! 
BLCMDsolenoid::Construct sol4 parent= relZ=32696.1 globZ=32696.1
	global pos=0.0,0.0,32696.1  Checking overlaps for volume sol2:0 (G4Tubs) ... OK! 
BLCMDsolenoid::Construct sol2 parent= relZ=32867.9 globZ=32867.9
	global pos=0.0,0.0,32867.9  Checking overlaps for volume sol1:0 (G4Tubs) ... OK! 
BLCMDsolenoid::Construct sol1 parent= relZ=33132.1 globZ=33132.1
	global pos=0.0,0.0,33132.1  Checking overlaps for volume sol3:0 (G4Tubs) ... OK! 
BLCMDsolenoid::Construct sol3 parent= relZ=33303.9 globZ=33303.9
	global pos=0.0,0.0,33303.9  Checking overlaps for volume sol4:0 (G4Tubs) ... OK! 
BLCMDsolenoid::Construct sol4 parent= relZ=34196.1 globZ=34196.1
	global pos=0.0,0.0,34196.1  Checking overlaps for volume sol2:0 (G4Tubs) ... OK! 
BLCMDsolenoid::Construct sol2 parent= relZ=34367.9 globZ=34367.9
	global pos=0.0,0.0,34367.9  Checking overlaps for volume sol1:0 (G4Tubs) ... OK! 
BLCMDsolenoid::Construct sol1 parent= relZ=34632.1 globZ=34632.1
	global pos=0.0,0.0,34632.1  Checking overlaps for volume sol3:0 (G4Tubs) ... OK! 
BLCMDsolenoid::Construct sol3 parent= relZ=34803.9 globZ=34803.9
	global pos=0.0,0.0,34803.9  Checking overlaps for volume sol4:0 (G4Tubs) ... OK! 
BLCMDsolenoid::Construct sol4 parent= relZ=35696.1 globZ=35696.1
	global pos=0.0,0.0,35696.1  Checking overlaps for volume sol2:0 (G4Tubs) ... OK! 
BLCMDsolenoid::Construct sol2 parent= relZ=35867.9 globZ=35867.9
	global pos=0.0,0.0,35867.9  Checking overlaps for volume sol1:0 (G4Tubs) ... OK! 
BLCMDsolenoid::Construct sol1 parent= relZ=36132.1 globZ=36132.1
	global pos=0.0,0.0,36132.1  Checking overlaps for volume sol3:0 (G4Tubs) ... OK! 
BLCMDsolenoid::Construct sol3 parent= relZ=36303.9 globZ=36303.9
	global pos=0.0,0.0,36303.9  Checking overlaps for volume sol4:0 (G4Tubs) ... OK! 
BLCMDsolenoid::Construct sol4 parent= relZ=37196.1 globZ=37196.1
	global pos=0.0,0.0,37196.1  Checking overlaps for volume sol2:0 (G4Tubs) ... OK! 
BLCMDsolenoid::Construct sol2 parent= relZ=37367.9 globZ=37367.9
	global pos=0.0,0.0,37367.9  Checking overlaps for volume sol1:0 (G4Tubs) ... OK! 
BLCMDsolenoid::Construct sol1 parent= relZ=37632.1 globZ=37632.1
	global pos=0.0,0.0,37632.1  Checking overlaps for volume sol3:0 (G4Tubs) ... OK! 
BLCMDsolenoid::Construct sol3 parent= relZ=37803.9 globZ=37803.9
	global pos=0.0,0.0,37803.9  Checking overlaps for volume sol4:0 (G4Tubs) ... OK! 
BLCMDsolenoid::Construct sol4 parent= relZ=38696.1 globZ=38696.1
	global pos=0.0,0.0,38696.1  Checking overlaps for volume sol2:0 (G4Tubs) ... OK! 
BLCMDsolenoid::Construct sol2 parent= relZ=38867.9 globZ=38867.9
	global pos=0.0,0.0,38867.9  Checking overlaps for volume sol1:0 (G4Tubs) ... OK! 
BLCMDsolenoid::Construct sol1 parent= relZ=39132.1 globZ=39132.1
	global pos=0.0,0.0,39132.1  Checking overlaps for volume sol3:0 (G4Tubs) ... OK! 
BLCMDsolenoid::Construct sol3 parent= relZ=39303.9 globZ=39303.9
	global pos=0.0,0.0,39303.9  Checking overlaps for volume sol4:0 (G4Tubs) ... OK! 
BLCMDsolenoid::Construct sol4 parent= relZ=40196.1 globZ=40196.1
	global pos=0.0,0.0,40196.1  Checking overlaps for volume sol2:0 (G4Tubs) ... OK! 
BLCMDsolenoid::Construct sol2 parent= relZ=40367.9 globZ=40367.9
	global pos=0.0,0.0,40367.9  Checking overlaps for volume sol1:0 (G4Tubs) ... OK! 
BLCMDsolenoid::Construct sol1 parent= relZ=40632.1 globZ=40632.1
	global pos=0.0,0.0,40632.1  Checking overlaps for volume sol3:0 (G4Tubs) ... OK! 
BLCMDsolenoid::Construct sol3 parent= relZ=40803.9 globZ=40803.9
	global pos=0.0,0.0,40803.9  Checking overlaps for volume sol4:0 (G4Tubs) ... OK! 
BLCMDsolenoid::Construct sol4 parent= relZ=41696.1 globZ=41696.1
	global pos=0.0,0.0,41696.1  Checking overlaps for volume sol2:0 (G4Tubs) ... OK! 
BLCMDsolenoid::Construct sol2 parent= relZ=41867.9 globZ=41867.9
	global pos=0.0,0.0,41867.9  Checking overlaps for volume sol1:0 (G4Tubs) ... OK! 
BLCMDsolenoid::Construct sol1 parent= relZ=42132.1 globZ=42132.1
	global pos=0.0,0.0,42132.1  Checking overlaps for volume sol3:0 (G4Tubs) ... OK! 
BLCMDsolenoid::Construct sol3 parent= relZ=42303.9 globZ=42303.9
	global pos=0.0,0.0,42303.9  Checking overlaps for volume sol4:0 (G4Tubs) ... OK! 
BLCMDsolenoid::Construct sol4 parent= relZ=43196.1 globZ=43196.1
	global pos=0.0,0.0,43196.1  Checking overlaps for volume sol2:0 (G4Tubs) ... OK! 
BLCMDsolenoid::Construct sol2 parent= relZ=43367.9 globZ=43367.9
	global pos=0.0,0.0,43367.9  Checking overlaps for volume sol1:0 (G4Tubs) ... OK! 
BLCMDsolenoid::Construct sol1 parent= relZ=43632.1 globZ=43632.1
	global pos=0.0,0.0,43632.1  Checking overlaps for volume sol3:0 (G4Tubs) ... OK! 
BLCMDsolenoid::Construct sol3 parent= relZ=43803.9 globZ=43803.9
	global pos=0.0,0.0,43803.9  Checking overlaps for volume sol4:0 (G4Tubs) ... OK! 
BLCMDsolenoid::Construct sol4 parent= relZ=44696.1 globZ=44696.1
	global pos=0.0,0.0,44696.1  Checking overlaps for volume sol2:0 (G4Tubs) ... OK! 
BLCMDsolenoid::Construct sol2 parent= relZ=44867.9 globZ=44867.9
	global pos=0.0,0.0,44867.9  Checking overlaps for volume sol1:0 (G4Tubs) ... OK! 
BLCMDsolenoid::Construct sol1 parent= relZ=45132.1 globZ=45132.1
	global pos=0.0,0.0,45132.1  Checking overlaps for volume sol3:0 (G4Tubs) ... OK! 
BLCMDsolenoid::Construct sol3 parent= relZ=45303.9 globZ=45303.9
	global pos=0.0,0.0,45303.9  Checking overlaps for volume sol4:0 (G4Tubs) ... OK! 
BLCMDsolenoid::Construct sol4 parent= relZ=46196.1 globZ=46196.1
	global pos=0.0,0.0,46196.1  Checking overlaps for volume sol2:0 (G4Tubs) ... OK! 
BLCMDsolenoid::Construct sol2 parent= relZ=46367.9 globZ=46367.9
	global pos=0.0,0.0,46367.9  Checking overlaps for volume sol1:0 (G4Tubs) ... OK! 
BLCMDsolenoid::Construct sol1 parent= relZ=46632.1 globZ=46632.1
	global pos=0.0,0.0,46632.1  Checking overlaps for volume sol3:0 (G4Tubs) ... OK! 
BLCMDsolenoid::Construct sol3 parent= relZ=46803.9 globZ=46803.9
	global pos=0.0,0.0,46803.9  Checking overlaps for volume sol4:0 (G4Tubs) ... OK! 
BLCMDsolenoid::Construct sol4 parent= relZ=47696.1 globZ=47696.1
	global pos=0.0,0.0,47696.1  Checking overlaps for volume sol2:0 (G4Tubs) ... OK! 
BLCMDsolenoid::Construct sol2 parent= relZ=47867.9 globZ=47867.9
	global pos=0.0,0.0,47867.9  Checking overlaps for volume sol1:0 (G4Tubs) ... OK! 
BLCMDsolenoid::Construct sol1 parent= relZ=48132.1 globZ=48132.1
	global pos=0.0,0.0,48132.1  Checking overlaps for volume sol3:0 (G4Tubs) ... OK! 
BLCMDsolenoid::Construct sol3 parent= relZ=48303.9 globZ=48303.9
	global pos=0.0,0.0,48303.9  Checking overlaps for volume sol4:0 (G4Tubs) ... OK! 
BLCMDsolenoid::Construct sol4 parent= relZ=49196.1 globZ=49196.1
	global pos=0.0,0.0,49196.1  Checking overlaps for volume sol2:0 (G4Tubs) ... OK! 
BLCMDsolenoid::Construct sol2 parent= relZ=49367.9 globZ=49367.9
	global pos=0.0,0.0,49367.9  Checking overlaps for volume sol1:0 (G4Tubs) ... OK! 
BLCMDsolenoid::Construct sol1 parent= relZ=49632.1 globZ=49632.1
	global pos=0.0,0.0,49632.1  Checking overlaps for volume sol3:0 (G4Tubs) ... OK! 
BLCMDsolenoid::Construct sol3 parent= relZ=49803.9 globZ=49803.9
	global pos=0.0,0.0,49803.9  Checking overlaps for volume sol4:0 (G4Tubs) ... OK! 
BLCMDsolenoid::Construct sol4 parent= relZ=50696.1 globZ=50696.1
	global pos=0.0,0.0,50696.1  Checking overlaps for volume sol2:0 (G4Tubs) ... OK! 
BLCMDsolenoid::Construct sol2 parent= relZ=50867.9 globZ=50867.9
	global pos=0.0,0.0,50867.9  Checking overlaps for volume sol1:0 (G4Tubs) ... OK! 
BLCMDsolenoid::Construct sol1 parent= relZ=51132.1 globZ=51132.1
	global pos=0.0,0.0,51132.1  Checking overlaps for volume sol3:0 (G4Tubs) ... OK! 
BLCMDsolenoid::Construct sol3 parent= relZ=51303.9 globZ=51303.9
	global pos=0.0,0.0,51303.9  Checking overlaps for volume sol4:0 (G4Tubs) ... OK! 
BLCMDsolenoid::Construct sol4 parent= relZ=52196.1 globZ=52196.1
	global pos=0.0,0.0,52196.1  Checking overlaps for volume sol2:0 (G4Tubs) ... OK! 
BLCMDsolenoid::Construct sol2 parent= relZ=52367.9 globZ=52367.9
	global pos=0.0,0.0,52367.9  Checking overlaps for volume sol1:0 (G4Tubs) ... OK! 
BLCMDsolenoid::Construct sol1 parent= relZ=52632.1 globZ=52632.1
	global pos=0.0,0.0,52632.1  Checking overlaps for volume sol3:0 (G4Tubs) ... OK! 
BLCMDsolenoid::Construct sol3 parent= relZ=52803.9 globZ=52803.9
	global pos=0.0,0.0,52803.9  Checking overlaps for volume sol4:0 (G4Tubs) ... OK! 
BLCMDsolenoid::Construct sol4 parent= relZ=53696.1 globZ=53696.1
	global pos=0.0,0.0,53696.1  Checking overlaps for volume sol2:0 (G4Tubs) ... OK! 
BLCMDsolenoid::Construct sol2 parent= relZ=53867.9 globZ=53867.9
	global pos=0.0,0.0,53867.9  Checking overlaps for volume sol1:0 (G4Tubs) ... OK! 
BLCMDsolenoid::Construct sol1 parent= relZ=54132.1 globZ=54132.1
	global pos=0.0,0.0,54132.1  Checking overlaps for volume sol3:0 (G4Tubs) ... OK! 
BLCMDsolenoid::Construct sol3 parent= relZ=54303.9 globZ=54303.9
	global pos=0.0,0.0,54303.9  Checking overlaps for volume sol4:0 (G4Tubs) ... OK! 
BLCMDsolenoid::Construct sol4 parent= relZ=55196.1 globZ=55196.1
	global pos=0.0,0.0,55196.1  Checking overlaps for volume sol2:0 (G4Tubs) ... OK! 
BLCMDsolenoid::Construct sol2 parent= relZ=55367.9 globZ=55367.9
	global pos=0.0,0.0,55367.9  Checking overlaps for volume sol1:0 (G4Tubs) ... OK! 
BLCMDsolenoid::Construct sol1 parent= relZ=55632.1 globZ=55632.1
	global pos=0.0,0.0,55632.1  Checking overlaps for volume sol3:0 (G4Tubs) ... OK! 
BLCMDsolenoid::Construct sol3 parent= relZ=55803.9 globZ=55803.9
	global pos=0.0,0.0,55803.9  Checking overlaps for volume sol4:0 (G4Tubs) ... OK! 
BLCMDsolenoid::Construct sol4 parent= relZ=56696.1 globZ=56696.1
	global pos=0.0,0.0,56696.1  Checking overlaps for volume sol2:0 (G4Tubs) ... OK! 
BLCMDsolenoid::Construct sol2 parent= relZ=56867.9 globZ=56867.9
	global pos=0.0,0.0,56867.9  Checking overlaps for volume sol1:0 (G4Tubs) ... OK! 
BLCMDsolenoid::Construct sol1 parent= relZ=57132.1 globZ=57132.1
	global pos=0.0,0.0,57132.1  Checking overlaps for volume sol3:0 (G4Tubs) ... OK! 
BLCMDsolenoid::Construct sol3 parent= relZ=57303.9 globZ=57303.9
	global pos=0.0,0.0,57303.9  Checking overlaps for volume sol4:0 (G4Tubs) ... OK! 
BLCMDsolenoid::Construct sol4 parent= relZ=58196.1 globZ=58196.1
	global pos=0.0,0.0,58196.1  Checking overlaps for volume sol2:0 (G4Tubs) ... OK! 
BLCMDsolenoid::Construct sol2 parent= relZ=58367.9 globZ=58367.9
	global pos=0.0,0.0,58367.9  Checking overlaps for volume sol1:0 (G4Tubs) ... OK! 
BLCMDsolenoid::Construct sol1 parent= relZ=58632.1 globZ=58632.1
	global pos=0.0,0.0,58632.1  Checking overlaps for volume sol3:0 (G4Tubs) ... OK! 
BLCMDsolenoid::Construct sol3 parent= relZ=58803.9 globZ=58803.9
	global pos=0.0,0.0,58803.9  Checking overlaps for volume sol4:0 (G4Tubs) ... OK! 
BLCMDsolenoid::Construct sol4 parent= relZ=59696.1 globZ=59696.1
	global pos=0.0,0.0,59696.1  Checking overlaps for volume sol2:0 (G4Tubs) ... OK! 
BLCMDsolenoid::Construct sol2 parent= relZ=59867.9 globZ=59867.9
	global pos=0.0,0.0,59867.9  Checking overlaps for volume sol1:0 (G4Tubs) ... OK! 
BLCMDsolenoid::Construct sol1 parent= relZ=60132.1 globZ=60132.1
	global pos=0.0,0.0,60132.1  Checking overlaps for volume sol3:0 (G4Tubs) ... OK! 
BLCMDsolenoid::Construct sol3 parent= relZ=60303.9 globZ=60303.9
	global pos=0.0,0.0,60303.9  Checking overlaps for volume sol4:0 (G4Tubs) ... OK! 
BLCMDsolenoid::Construct sol4 parent= relZ=61196.1 globZ=61196.1
	global pos=0.0,0.0,61196.1  Checking overlaps for volume sol2:0 (G4Tubs) ... OK! 
BLCMDsolenoid::Construct sol2 parent= relZ=61367.9 globZ=61367.9
	global pos=0.0,0.0,61367.9  Checking overlaps for volume sol1:0 (G4Tubs) ... OK! 
BLCMDsolenoid::Construct sol1 parent= relZ=61632.1 globZ=61632.1
	global pos=0.0,0.0,61632.1  Checking overlaps for volume sol3:0 (G4Tubs) ... OK! 
BLCMDsolenoid::Construct sol3 parent= relZ=61803.9 globZ=61803.9
	global pos=0.0,0.0,61803.9  Checking overlaps for volume sol4:0 (G4Tubs) ... OK! 
BLCMDsolenoid::Construct sol4 parent= relZ=62696.1 globZ=62696.1
	global pos=0.0,0.0,62696.1  Checking overlaps for volume sol2:0 (G4Tubs) ... OK! 
BLCMDsolenoid::Construct sol2 parent= relZ=62867.9 globZ=62867.9
	global pos=0.0,0.0,62867.9  Checking overlaps for volume sol1:0 (G4Tubs) ... OK! 
BLCMDsolenoid::Construct sol1 parent= relZ=63132.1 globZ=63132.1
	global pos=0.0,0.0,63132.1  Checking overlaps for volume sol3:0 (G4Tubs) ... OK! 
BLCMDsolenoid::Construct sol3 parent= relZ=63303.9 globZ=63303.9
	global pos=0.0,0.0,63303.9  Checking overlaps for volume sol4:0 (G4Tubs) ... OK! 
BLCMDsolenoid::Construct sol4 parent= relZ=64196.1 globZ=64196.1
	global pos=0.0,0.0,64196.1  Checking overlaps for volume sol2:0 (G4Tubs) ... OK! 
BLCMDsolenoid::Construct sol2 parent= relZ=64367.9 globZ=64367.9
	global pos=0.0,0.0,64367.9  Checking overlaps for volume sol1:0 (G4Tubs) ... OK! 
BLCMDsolenoid::Construct sol1 parent= relZ=64632.1 globZ=64632.1
	global pos=0.0,0.0,64632.1  Checking overlaps for volume sol3:0 (G4Tubs) ... OK! 
BLCMDsolenoid::Construct sol3 parent= relZ=64803.9 globZ=64803.9
	global pos=0.0,0.0,64803.9  Checking overlaps for volume sol4:0 (G4Tubs) ... OK! 
BLCMDsolenoid::Construct sol4 parent= relZ=65696.1 globZ=65696.1
	global pos=0.0,0.0,65696.1  Checking overlaps for volume sol2:0 (G4Tubs) ... OK! 
BLCMDsolenoid::Construct sol2 parent= relZ=65867.9 globZ=65867.9
	global pos=0.0,0.0,65867.9  Checking overlaps for volume sol1:0 (G4Tubs) ... OK! 
BLCMDsolenoid::Construct sol1 parent= relZ=66132.1 globZ=66132.1
	global pos=0.0,0.0,66132.1  Checking overlaps for volume sol3:0 (G4Tubs) ... OK! 
BLCMDsolenoid::Construct sol3 parent= relZ=66303.9 globZ=66303.9
	global pos=0.0,0.0,66303.9  Checking overlaps for volume sol4:0 (G4Tubs) ... OK! 
BLCMDsolenoid::Construct sol4 parent= relZ=67196.1 globZ=67196.1
	global pos=0.0,0.0,67196.1  Checking overlaps for volume sol2:0 (G4Tubs) ... OK! 
BLCMDsolenoid::Construct sol2 parent= relZ=67367.9 globZ=67367.9
	global pos=0.0,0.0,67367.9  Checking overlaps for volume sol1:0 (G4Tubs) ... OK! 
BLCMDsolenoid::Construct sol1 parent= relZ=67632.1 globZ=67632.1
	global pos=0.0,0.0,67632.1  Checking overlaps for volume sol3:0 (G4Tubs) ... OK! 
BLCMDsolenoid::Construct sol3 parent= relZ=67803.9 globZ=67803.9
	global pos=0.0,0.0,67803.9  Checking overlaps for volume sol4:0 (G4Tubs) ... OK! 
BLCMDsolenoid::Construct sol4 parent= relZ=68696.1 globZ=68696.1
	global pos=0.0,0.0,68696.1  Checking overlaps for volume sol2:0 (G4Tubs) ... OK! 
BLCMDsolenoid::Construct sol2 parent= relZ=68867.9 globZ=68867.9
	global pos=0.0,0.0,68867.9  Checking overlaps for volume sol1:0 (G4Tubs) ... OK! 
BLCMDsolenoid::Construct sol1 parent= relZ=69132.1 globZ=69132.1
	global pos=0.0,0.0,69132.1  Checking overlaps for volume sol3:0 (G4Tubs) ... OK! 
BLCMDsolenoid::Construct sol3 parent= relZ=69303.9 globZ=69303.9
	global pos=0.0,0.0,69303.9  Checking overlaps for volume sol4:0 (G4Tubs) ... OK! 
BLCMDsolenoid::Construct sol4 parent= relZ=70196.1 globZ=70196.1
	global pos=0.0,0.0,70196.1  Checking overlaps for volume sol2:0 (G4Tubs) ... OK! 
BLCMDsolenoid::Construct sol2 parent= relZ=70367.9 globZ=70367.9
	global pos=0.0,0.0,70367.9  Checking overlaps for volume sol1:0 (G4Tubs) ... OK! 
BLCMDsolenoid::Construct sol1 parent= relZ=70632.1 globZ=70632.1
	global pos=0.0,0.0,70632.1  Checking overlaps for volume sol3:0 (G4Tubs) ... OK! 
BLCMDsolenoid::Construct sol3 parent= relZ=70803.9 globZ=70803.9
	global pos=0.0,0.0,70803.9  Checking overlaps for volume sol4:0 (G4Tubs) ... OK! 
BLCMDsolenoid::Construct sol4 parent= relZ=71696.1 globZ=71696.1
	global pos=0.0,0.0,71696.1  Checking overlaps for volume sol2:0 (G4Tubs) ... OK! 
BLCMDsolenoid::Construct sol2 parent= relZ=71867.9 globZ=71867.9
	global pos=0.0,0.0,71867.9  Checking overlaps for volume sol1:0 (G4Tubs) ... OK! 
BLCMDsolenoid::Construct sol1 parent= relZ=72132.1 globZ=72132.1
	global pos=0.0,0.0,72132.1  Checking overlaps for volume sol3:0 (G4Tubs) ... OK! 
BLCMDsolenoid::Construct sol3 parent= relZ=72303.9 globZ=72303.9
	global pos=0.0,0.0,72303.9  Checking overlaps for volume sol4:0 (G4Tubs) ... OK! 
BLCMDsolenoid::Construct sol4 parent= relZ=73196.1 globZ=73196.1
	global pos=0.0,0.0,73196.1  Checking overlaps for volume sol2:0 (G4Tubs) ... OK! 
BLCMDsolenoid::Construct sol2 parent= relZ=73367.9 globZ=73367.9
	global pos=0.0,0.0,73367.9  Checking overlaps for volume sol1:0 (G4Tubs) ... OK! 
BLCMDsolenoid::Construct sol1 parent= relZ=73632.1 globZ=73632.1
	global pos=0.0,0.0,73632.1  Checking overlaps for volume sol3:0 (G4Tubs) ... OK! 
BLCMDsolenoid::Construct sol3 parent= relZ=73803.9 globZ=73803.9
	global pos=0.0,0.0,73803.9  Checking overlaps for volume sol4:0 (G4Tubs) ... OK! 
BLCMDsolenoid::Construct sol4 parent= relZ=74696.1 globZ=74696.1
	global pos=0.0,0.0,74696.1  Checking overlaps for volume sol2:0 (G4Tubs) ... OK! 
BLCMDsolenoid::Construct sol2 parent= relZ=74867.9 globZ=74867.9
	global pos=0.0,0.0,74867.9  Checking overlaps for volume sol1:0 (G4Tubs) ... OK! 
BLCMDsolenoid::Construct sol1 parent= relZ=75132.1 globZ=75132.1
	global pos=0.0,0.0,75132.1  Checking overlaps for volume sol3:0 (G4Tubs) ... OK! 
BLCMDsolenoid::Construct sol3 parent= relZ=75303.9 globZ=75303.9
	global pos=0.0,0.0,75303.9  Checking overlaps for volume sol4:0 (G4Tubs) ... OK! 
BLCMDsolenoid::Construct sol4 parent= relZ=76196.1 globZ=76196.1
	global pos=0.0,0.0,76196.1  Checking overlaps for volume sol2:0 (G4Tubs) ... OK! 
BLCMDsolenoid::Construct sol2 parent= relZ=76367.9 globZ=76367.9
	global pos=0.0,0.0,76367.9  Checking overlaps for volume sol1:0 (G4Tubs) ... OK! 
BLCMDsolenoid::Construct sol1 parent= relZ=76632.1 globZ=76632.1
	global pos=0.0,0.0,76632.1  Checking overlaps for volume sol3:0 (G4Tubs) ... OK! 
BLCMDsolenoid::Construct sol3 parent= relZ=76803.9 globZ=76803.9
	global pos=0.0,0.0,76803.9  Checking overlaps for volume sol4:0 (G4Tubs) ... OK! 
BLCMDsolenoid::Construct sol4 parent= relZ=77696.1 globZ=77696.1
	global pos=0.0,0.0,77696.1  Checking overlaps for volume sol2:0 (G4Tubs) ... OK! 
BLCMDsolenoid::Construct sol2 parent= relZ=77867.9 globZ=77867.9
	global pos=0.0,0.0,77867.9  Checking overlaps for volume sol1:0 (G4Tubs) ... OK! 
BLCMDsolenoid::Construct sol1 parent= relZ=78132.1 globZ=78132.1
	global pos=0.0,0.0,78132.1  Checking overlaps for volume sol3:0 (G4Tubs) ... OK! 
BLCMDsolenoid::Construct sol3 parent= relZ=78303.9 globZ=78303.9
	global pos=0.0,0.0,78303.9  Checking overlaps for volume sol4:0 (G4Tubs) ... OK! 
BLCMDsolenoid::Construct sol4 parent= relZ=79196.1 globZ=79196.1
	global pos=0.0,0.0,79196.1  Checking overlaps for volume sol2:0 (G4Tubs) ... OK! 
BLCMDsolenoid::Construct sol2 parent= relZ=79367.9 globZ=79367.9
	global pos=0.0,0.0,79367.9  Checking overlaps for volume sol1:0 (G4Tubs) ... OK! 
BLCMDsolenoid::Construct sol1 parent= relZ=79632.1 globZ=79632.1
	global pos=0.0,0.0,79632.1  Checking overlaps for volume sol3:0 (G4Tubs) ... OK! 
BLCMDsolenoid::Construct sol3 parent= relZ=79803.9 globZ=79803.9
	global pos=0.0,0.0,79803.9  Checking overlaps for volume sol4:0 (G4Tubs) ... OK! 
BLCMDsolenoid::Construct sol4 parent= relZ=80696.1 globZ=80696.1
	global pos=0.0,0.0,80696.1  Checking overlaps for volume sol2:0 (G4Tubs) ... OK! 
BLCMDsolenoid::Construct sol2 parent= relZ=80867.9 globZ=80867.9
	global pos=0.0,0.0,80867.9  Checking overlaps for volume sol1:0 (G4Tubs) ... OK! 
BLCMDsolenoid::Construct sol1 parent= relZ=81132.1 globZ=81132.1
	global pos=0.0,0.0,81132.1  Checking overlaps for volume sol3:0 (G4Tubs) ... OK! 
BLCMDsolenoid::Construct sol3 parent= relZ=81303.9 globZ=81303.9
	global pos=0.0,0.0,81303.9  Checking overlaps for volume sol4:0 (G4Tubs) ... OK! 
BLCMDsolenoid::Construct sol4 parent= relZ=82196.1 globZ=82196.1
	global pos=0.0,0.0,82196.1  Checking overlaps for volume sol2:0 (G4Tubs) ... OK! 
BLCMDsolenoid::Construct sol2 parent= relZ=82367.9 globZ=82367.9
	global pos=0.0,0.0,82367.9  Checking overlaps for volume sol1:0 (G4Tubs) ... OK! 
BLCMDsolenoid::Construct sol1 parent= relZ=82632.1 globZ=82632.1
	global pos=0.0,0.0,82632.1  Checking overlaps for volume sol3:0 (G4Tubs) ... OK! 
BLCMDsolenoid::Construct sol3 parent= relZ=82803.9 globZ=82803.9
	global pos=0.0,0.0,82803.9  Checking overlaps for volume sol4:0 (G4Tubs) ... OK! 
BLCMDsolenoid::Construct sol4 parent= relZ=83696.1 globZ=83696.1
	global pos=0.0,0.0,83696.1  Checking overlaps for volume sol2:0 (G4Tubs) ... OK! 
BLCMDsolenoid::Construct sol2 parent= relZ=83867.9 globZ=83867.9
	global pos=0.0,0.0,83867.9  Checking overlaps for volume sol1:0 (G4Tubs) ... OK! 
BLCMDsolenoid::Construct sol1 parent= relZ=84132.1 globZ=84132.1
	global pos=0.0,0.0,84132.1  Checking overlaps for volume sol3:0 (G4Tubs) ... OK! 
BLCMDsolenoid::Construct sol3 parent= relZ=84303.9 globZ=84303.9
	global pos=0.0,0.0,84303.9  Checking overlaps for volume sol4:0 (G4Tubs) ... OK! 
BLCMDsolenoid::Construct sol4 parent= relZ=85196.1 globZ=85196.1
	global pos=0.0,0.0,85196.1  Checking overlaps for volume sol2:0 (G4Tubs) ... OK! 
BLCMDsolenoid::Construct sol2 parent= relZ=85367.9 globZ=85367.9
	global pos=0.0,0.0,85367.9  Checking overlaps for volume sol1:0 (G4Tubs) ... OK! 
BLCMDsolenoid::Construct sol1 parent= relZ=85632.1 globZ=85632.1
	global pos=0.0,0.0,85632.1  Checking overlaps for volume sol3:0 (G4Tubs) ... OK! 
BLCMDsolenoid::Construct sol3 parent= relZ=85803.9 globZ=85803.9
	global pos=0.0,0.0,85803.9  Checking overlaps for volume sol4:0 (G4Tubs) ... OK! 
BLCMDsolenoid::Construct sol4 parent= relZ=86696.1 globZ=86696.1
	global pos=0.0,0.0,86696.1  Checking overlaps for volume sol2:0 (G4Tubs) ... OK! 
BLCMDsolenoid::Construct sol2 parent= relZ=86867.9 globZ=86867.9
	global pos=0.0,0.0,86867.9  Checking overlaps for volume sol1:0 (G4Tubs) ... OK! 
BLCMDsolenoid::Construct sol1 parent= relZ=87132.1 globZ=87132.1
	global pos=0.0,0.0,87132.1  Checking overlaps for volume sol3:0 (G4Tubs) ... OK! 
BLCMDsolenoid::Construct sol3 parent= relZ=87303.9 globZ=87303.9
	global pos=0.0,0.0,87303.9  Checking overlaps for volume sol4:0 (G4Tubs) ... OK! 
BLCMDsolenoid::Construct sol4 parent= relZ=88196.1 globZ=88196.1
	global pos=0.0,0.0,88196.1  Checking overlaps for volume sol2:0 (G4Tubs) ... OK! 
BLCMDsolenoid::Construct sol2 parent= relZ=88367.9 globZ=88367.9
	global pos=0.0,0.0,88367.9  Checking overlaps for volume sol1:0 (G4Tubs) ... OK! 
BLCMDsolenoid::Construct sol1 parent= relZ=88632.1 globZ=88632.1
	global pos=0.0,0.0,88632.1  Checking overlaps for volume sol3:0 (G4Tubs) ... OK! 
BLCMDsolenoid::Construct sol3 parent= relZ=88803.9 globZ=88803.9
	global pos=0.0,0.0,88803.9  Checking overlaps for volume sol4:0 (G4Tubs) ... OK! 
BLCMDsolenoid::Construct sol4 parent= relZ=89696.1 globZ=89696.1
	global pos=0.0,0.0,89696.1  Checking overlaps for volume sol2:0 (G4Tubs) ... OK! 
BLCMDsolenoid::Construct sol2 parent= relZ=89867.9 globZ=89867.9
	global pos=0.0,0.0,89867.9  Checking overlaps for volume sol1:0 (G4Tubs) ... OK! 
BLCMDsolenoid::Construct sol1 parent= relZ=90132.1 globZ=90132.1
	global pos=0.0,0.0,90132.1  Checking overlaps for volume sol3:0 (G4Tubs) ... OK! 
BLCMDsolenoid::Construct sol3 parent= relZ=90303.9 globZ=90303.9
	global pos=0.0,0.0,90303.9  Checking overlaps for volume sol4:0 (G4Tubs) ... OK! 
BLCMDsolenoid::Construct sol4 parent= relZ=91196.1 globZ=91196.1
	global pos=0.0,0.0,91196.1  Checking overlaps for volume sol2:0 (G4Tubs) ... OK! 
BLCMDsolenoid::Construct sol2 parent= relZ=91367.9 globZ=91367.9
	global pos=0.0,0.0,91367.9  Checking overlaps for volume sol1:0 (G4Tubs) ... OK! 
BLCMDsolenoid::Construct sol1 parent= relZ=91632.1 globZ=91632.1
	global pos=0.0,0.0,91632.1  Checking overlaps for volume sol3:0 (G4Tubs) ... OK! 
BLCMDsolenoid::Construct sol3 parent= relZ=91803.9 globZ=91803.9
	global pos=0.0,0.0,91803.9  Checking overlaps for volume sol4:0 (G4Tubs) ... OK! 
BLCMDsolenoid::Construct sol4 parent= relZ=92696.1 globZ=92696.1
	global pos=0.0,0.0,92696.1  Checking overlaps for volume sol2:0 (G4Tubs) ... OK! 
BLCMDsolenoid::Construct sol2 parent= relZ=92867.9 globZ=92867.9
	global pos=0.0,0.0,92867.9  Checking overlaps for volume sol1:0 (G4Tubs) ... OK! 
BLCMDsolenoid::Construct sol1 parent= relZ=93132.1 globZ=93132.1
	global pos=0.0,0.0,93132.1  Checking overlaps for volume sol3:0 (G4Tubs) ... OK! 
BLCMDsolenoid::Construct sol3 parent= relZ=93303.9 globZ=93303.9
	global pos=0.0,0.0,93303.9  Checking overlaps for volume sol4:0 (G4Tubs) ... OK! 
BLCMDsolenoid::Construct sol4 parent= relZ=94196.1 globZ=94196.1
	global pos=0.0,0.0,94196.1  Checking overlaps for volume sol2:0 (G4Tubs) ... OK! 
BLCMDsolenoid::Construct sol2 parent= relZ=94367.9 globZ=94367.9
	global pos=0.0,0.0,94367.9  Checking overlaps for volume sol1:0 (G4Tubs) ... OK! 
BLCMDsolenoid::Construct sol1 parent= relZ=94632.1 globZ=94632.1
	global pos=0.0,0.0,94632.1  Checking overlaps for volume sol3:0 (G4Tubs) ... OK! 
BLCMDsolenoid::Construct sol3 parent= relZ=94803.9 globZ=94803.9
	global pos=0.0,0.0,94803.9  Checking overlaps for volume sol4:0 (G4Tubs) ... OK! 
BLCMDsolenoid::Construct sol4 parent= relZ=95696.1 globZ=95696.1
	global pos=0.0,0.0,95696.1  Checking overlaps for volume sol2:0 (G4Tubs) ... OK! 
BLCMDsolenoid::Construct sol2 parent= relZ=95867.9 globZ=95867.9
	global pos=0.0,0.0,95867.9  Checking overlaps for volume sol1:0 (G4Tubs) ... OK! 
BLCMDsolenoid::Construct sol1 parent= relZ=96132.1 globZ=96132.1
	global pos=0.0,0.0,96132.1  Checking overlaps for volume sol3:0 (G4Tubs) ... OK! 
BLCMDsolenoid::Construct sol3 parent= relZ=96303.9 globZ=96303.9
	global pos=0.0,0.0,96303.9  Checking overlaps for volume sol4:0 (G4Tubs) ... OK! 
BLCMDsolenoid::Construct sol4 parent= relZ=97196.1 globZ=97196.1
	global pos=0.0,0.0,97196.1  Checking overlaps for volume sol2:0 (G4Tubs) ... OK! 
BLCMDsolenoid::Construct sol2 parent= relZ=97367.9 globZ=97367.9
	global pos=0.0,0.0,97367.9  Checking overlaps for volume sol1:0 (G4Tubs) ... OK! 
BLCMDsolenoid::Construct sol1 parent= relZ=97632.1 globZ=97632.1
	global pos=0.0,0.0,97632.1  Checking overlaps for volume sol3:0 (G4Tubs) ... OK! 
BLCMDsolenoid::Construct sol3 parent= relZ=97803.9 globZ=97803.9
	global pos=0.0,0.0,97803.9  Checking overlaps for volume sol4:0 (G4Tubs) ... OK! 
BLCMDsolenoid::Construct sol4 parent= relZ=98696.1 globZ=98696.1
	global pos=0.0,0.0,98696.1  Checking overlaps for volume sol2:0 (G4Tubs) ... OK! 
BLCMDsolenoid::Construct sol2 parent= relZ=98867.9 globZ=98867.9
	global pos=0.0,0.0,98867.9  BLCMDgenericbend::Construct solbend_a_-2 parent= relZ=-2850.0 globZ=-2850.0
	zmin=-2900.0 zmax=-2800.0
BLCMDgenericbend::Construct solbend_b_-2 parent= relZ=-1650.0 globZ=-1650.0
	zmin=-1700.0 zmax=-1600.0
BLCMDgenericbend::Construct solbend_a_-1 parent= relZ=-1350.0 globZ=-1350.0
	zmin=-1400.0 zmax=-1300.0
BLCMDgenericbend::Construct solbend_b_-1 parent= relZ=-150.0 globZ=-150.0
	zmin=-200.0 zmax=-100.0
BLCMDgenericbend::Construct solbend_a_0 parent= relZ=150.0 globZ=150.0
	zmin=100.0 zmax=200.0
BLCMDgenericbend::Construct solbend_b_0 parent= relZ=1350.0 globZ=1350.0
	zmin=1300.0 zmax=1400.0
BLCMDgenericbend::Construct solbend_a_1 parent= relZ=1650.0 globZ=1650.0
	zmin=1600.0 zmax=1700.0
BLCMDgenericbend::Construct solbend_b_1 parent= relZ=2850.0 globZ=2850.0
	zmin=2800.0 zmax=2900.0
BLCMDgenericbend::Construct solbend_a_2 parent= relZ=3150.0 globZ=3150.0
	zmin=3100.0 zmax=3200.0
BLCMDgenericbend::Construct solbend_b_2 parent= relZ=4350.0 globZ=4350.0
	zmin=4300.0 zmax=4400.0
BLCMDgenericbend::Construct solbend_a_3 parent= relZ=4650.0 globZ=4650.0
	zmin=4600.0 zmax=4700.0
BLCMDgenericbend::Construct solbend_b_3 parent= relZ=5850.0 globZ=5850.0
	zmin=5800.0 zmax=5900.0
BLCMDgenericbend::Construct solbend_a_4 parent= relZ=6150.0 globZ=6150.0
	zmin=6100.0 zmax=6200.0
BLCMDgenericbend::Construct solbend_b_4 parent= relZ=7350.0 globZ=7350.0
	zmin=7300.0 zmax=7400.0
BLCMDgenericbend::Construct solbend_a_5 parent= relZ=7650.0 globZ=7650.0
	zmin=7600.0 zmax=7700.0
BLCMDgenericbend::Construct solbend_b_5 parent= relZ=8850.0 globZ=8850.0
	zmin=8800.0 zmax=8900.0
BLCMDgenericbend::Construct solbend_a_6 parent= relZ=9150.0 globZ=9150.0
	zmin=9100.0 zmax=9200.0
BLCMDgenericbend::Construct solbend_b_6 parent= relZ=10350.0 globZ=10350.0
	zmin=10300.0 zmax=10400.0
BLCMDgenericbend::Construct solbend_a_7 parent= relZ=10650.0 globZ=10650.0
	zmin=10600.0 zmax=10700.0
BLCMDgenericbend::Construct solbend_b_7 parent= relZ=11850.0 globZ=11850.0
	zmin=11800.0 zmax=11900.0
BLCMDgenericbend::Construct solbend_a_8 parent= relZ=12150.0 globZ=12150.0
	zmin=12100.0 zmax=12200.0
BLCMDgenericbend::Construct solbend_b_8 parent= relZ=13350.0 globZ=13350.0
	zmin=13300.0 zmax=13400.0
BLCMDgenericbend::Construct solbend_a_9 parent= relZ=13650.0 globZ=13650.0
	zmin=13600.0 zmax=13700.0
BLCMDgenericbend::Construct solbend_b_9 parent= relZ=14850.0 globZ=14850.0
	zmin=14800.0 zmax=14900.0
BLCMDgenericbend::Construct solbend_a_10 parent= relZ=15150.0 globZ=15150.0
	zmin=15100.0 zmax=15200.0
BLCMDgenericbend::Construct solbend_b_10 parent= relZ=16350.0 globZ=16350.0
	zmin=16300.0 zmax=16400.0
BLCMDgenericbend::Construct solbend_a_11 parent= relZ=16650.0 globZ=16650.0
	zmin=16600.0 zmax=16700.0
BLCMDgenericbend::Construct solbend_b_11 parent= relZ=17850.0 globZ=17850.0
	zmin=17800.0 zmax=17900.0
BLCMDgenericbend::Construct solbend_a_12 parent= relZ=18150.0 globZ=18150.0
	zmin=18100.0 zmax=18200.0
BLCMDgenericbend::Construct solbend_b_12 parent= relZ=19350.0 globZ=19350.0
	zmin=19300.0 zmax=19400.0
BLCMDgenericbend::Construct solbend_a_13 parent= relZ=19650.0 globZ=19650.0
	zmin=19600.0 zmax=19700.0
BLCMDgenericbend::Construct solbend_b_13 parent= relZ=20850.0 globZ=20850.0
	zmin=20800.0 zmax=20900.0
BLCMDgenericbend::Construct solbend_a_14 parent= relZ=21150.0 globZ=21150.0
	zmin=21100.0 zmax=21200.0
BLCMDgenericbend::Construct solbend_b_14 parent= relZ=22350.0 globZ=22350.0
	zmin=22300.0 zmax=22400.0
BLCMDgenericbend::Construct solbend_a_15 parent= relZ=22650.0 globZ=22650.0
	zmin=22600.0 zmax=22700.0
BLCMDgenericbend::Construct solbend_b_15 parent= relZ=23850.0 globZ=23850.0
	zmin=23800.0 zmax=23900.0
BLCMDgenericbend::Construct solbend_a_16 parent= relZ=24150.0 globZ=24150.0
	zmin=24100.0 zmax=24200.0
BLCMDgenericbend::Construct solbend_b_16 parent= relZ=25350.0 globZ=25350.0
	zmin=25300.0 zmax=25400.0
BLCMDgenericbend::Construct solbend_a_17 parent= relZ=25650.0 globZ=25650.0
	zmin=25600.0 zmax=25700.0
BLCMDgenericbend::Construct solbend_b_17 parent= relZ=26850.0 globZ=26850.0
	zmin=26800.0 zmax=26900.0
BLCMDgenericbend::Construct solbend_a_18 parent= relZ=27150.0 globZ=27150.0
	zmin=27100.0 zmax=27200.0
BLCMDgenericbend::Construct solbend_b_18 parent= relZ=28350.0 globZ=28350.0
	zmin=28300.0 zmax=28400.0
BLCMDgenericbend::Construct solbend_a_19 parent= relZ=28650.0 globZ=28650.0
	zmin=28600.0 zmax=28700.0
BLCMDgenericbend::Construct solbend_b_19 parent= relZ=29850.0 globZ=29850.0
	zmin=29800.0 zmax=29900.0
BLCMDgenericbend::Construct solbend_a_20 parent= relZ=30150.0 globZ=30150.0
	zmin=30100.0 zmax=30200.0
BLCMDgenericbend::Construct solbend_b_20 parent= relZ=31350.0 globZ=31350.0
	zmin=31300.0 zmax=31400.0
BLCMDgenericbend::Construct solbend_a_21 parent= relZ=31650.0 globZ=31650.0
	zmin=31600.0 zmax=31700.0
BLCMDgenericbend::Construct solbend_b_21 parent= relZ=32850.0 globZ=32850.0
	zmin=32800.0 zmax=32900.0
BLCMDgenericbend::Construct solbend_a_22 parent= relZ=33150.0 globZ=33150.0
	zmin=33100.0 zmax=33200.0
BLCMDgenericbend::Construct solbend_b_22 parent= relZ=34350.0 globZ=34350.0
	zmin=34300.0 zmax=34400.0
BLCMDgenericbend::Construct solbend_a_23 parent= relZ=34650.0 globZ=34650.0
	zmin=34600.0 zmax=34700.0
BLCMDgenericbend::Construct solbend_b_23 parent= relZ=35850.0 globZ=35850.0
	zmin=35800.0 zmax=35900.0
BLCMDgenericbend::Construct solbend_a_24 parent= relZ=36150.0 globZ=36150.0
	zmin=36100.0 zmax=36200.0
BLCMDgenericbend::Construct solbend_b_24 parent= relZ=37350.0 globZ=37350.0
	zmin=37300.0 zmax=37400.0
BLCMDgenericbend::Construct solbend_a_25 parent= relZ=37650.0 globZ=37650.0
	zmin=37600.0 zmax=37700.0
BLCMDgenericbend::Construct solbend_b_25 parent= relZ=38850.0 globZ=38850.0
	zmin=38800.0 zmax=38900.0
BLCMDgenericbend::Construct solbend_a_26 parent= relZ=39150.0 globZ=39150.0
	zmin=39100.0 zmax=39200.0
BLCMDgenericbend::Construct solbend_b_26 parent= relZ=40350.0 globZ=40350.0
	zmin=40300.0 zmax=40400.0
BLCMDgenericbend::Construct solbend_a_27 parent= relZ=40650.0 globZ=40650.0
	zmin=40600.0 zmax=40700.0
BLCMDgenericbend::Construct solbend_b_27 parent= relZ=41850.0 globZ=41850.0
	zmin=41800.0 zmax=41900.0
BLCMDgenericbend::Construct solbend_a_28 parent= relZ=42150.0 globZ=42150.0
	zmin=42100.0 zmax=42200.0
BLCMDgenericbend::Construct solbend_b_28 parent= relZ=43350.0 globZ=43350.0
	zmin=43300.0 zmax=43400.0
BLCMDgenericbend::Construct solbend_a_29 parent= relZ=43650.0 globZ=43650.0
	zmin=43600.0 zmax=43700.0
BLCMDgenericbend::Construct solbend_b_29 parent= relZ=44850.0 globZ=44850.0
	zmin=44800.0 zmax=44900.0
BLCMDgenericbend::Construct solbend_a_30 parent= relZ=45150.0 globZ=45150.0
	zmin=45100.0 zmax=45200.0
BLCMDgenericbend::Construct solbend_b_30 parent= relZ=46350.0 globZ=46350.0
	zmin=46300.0 zmax=46400.0
BLCMDgenericbend::Construct solbend_a_31 parent= relZ=46650.0 globZ=46650.0
	zmin=46600.0 zmax=46700.0
BLCMDgenericbend::Construct solbend_b_31 parent= relZ=47850.0 globZ=47850.0
	zmin=47800.0 zmax=47900.0
BLCMDgenericbend::Construct solbend_a_32 parent= relZ=48150.0 globZ=48150.0
	zmin=48100.0 zmax=48200.0
BLCMDgenericbend::Construct solbend_b_32 parent= relZ=49350.0 globZ=49350.0
	zmin=49300.0 zmax=49400.0
BLCMDgenericbend::Construct solbend_a_33 parent= relZ=49650.0 globZ=49650.0
	zmin=49600.0 zmax=49700.0
BLCMDgenericbend::Construct solbend_b_33 parent= relZ=50850.0 globZ=50850.0
	zmin=50800.0 zmax=50900.0
BLCMDgenericbend::Construct solbend_a_34 parent= relZ=51150.0 globZ=51150.0
	zmin=51100.0 zmax=51200.0
BLCMDgenericbend::Construct solbend_b_34 parent= relZ=52350.0 globZ=52350.0
	zmin=52300.0 zmax=52400.0
BLCMDgenericbend::Construct solbend_a_35 parent= relZ=52650.0 globZ=52650.0
	zmin=52600.0 zmax=52700.0
BLCMDgenericbend::Construct solbend_b_35 parent= relZ=53850.0 globZ=53850.0
	zmin=53800.0 zmax=53900.0
BLCMDgenericbend::Construct solbend_a_36 parent= relZ=54150.0 globZ=54150.0
	zmin=54100.0 zmax=54200.0
BLCMDgenericbend::Construct solbend_b_36 parent= relZ=55350.0 globZ=55350.0
	zmin=55300.0 zmax=55400.0
BLCMDgenericbend::Construct solbend_a_37 parent= relZ=55650.0 globZ=55650.0
	zmin=55600.0 zmax=55700.0
BLCMDgenericbend::Construct solbend_b_37 parent= relZ=56850.0 globZ=56850.0
	zmin=56800.0 zmax=56900.0
BLCMDgenericbend::Construct solbend_a_38 parent= relZ=57150.0 globZ=57150.0
	zmin=57100.0 zmax=57200.0
BLCMDgenericbend::Construct solbend_b_38 parent= relZ=58350.0 globZ=58350.0
	zmin=58300.0 zmax=58400.0
BLCMDgenericbend::Construct solbend_a_39 parent= relZ=58650.0 globZ=58650.0
	zmin=58600.0 zmax=58700.0
BLCMDgenericbend::Construct solbend_b_39 parent= relZ=59850.0 globZ=59850.0
	zmin=59800.0 zmax=59900.0
BLCMDgenericbend::Construct solbend_a_40 parent= relZ=60150.0 globZ=60150.0
	zmin=60100.0 zmax=60200.0
BLCMDgenericbend::Construct solbend_b_40 parent= relZ=61350.0 globZ=61350.0
	zmin=61300.0 zmax=61400.0
BLCMDgenericbend::Construct solbend_a_41 parent= relZ=61650.0 globZ=61650.0
	zmin=61600.0 zmax=61700.0
BLCMDgenericbend::Construct solbend_b_41 parent= relZ=62850.0 globZ=62850.0
	zmin=62800.0 zmax=62900.0
BLCMDgenericbend::Construct solbend_a_42 parent= relZ=63150.0 globZ=63150.0
	zmin=63100.0 zmax=63200.0
BLCMDgenericbend::Construct solbend_b_42 parent= relZ=64350.0 globZ=64350.0
	zmin=64300.0 zmax=64400.0
BLCMDgenericbend::Construct solbend_a_43 parent= relZ=64650.0 globZ=64650.0
	zmin=64600.0 zmax=64700.0
BLCMDgenericbend::Construct solbend_b_43 parent= relZ=65850.0 globZ=65850.0
	zmin=65800.0 zmax=65900.0
BLCMDgenericbend::Construct solbend_a_44 parent= relZ=66150.0 globZ=66150.0
	zmin=66100.0 zmax=66200.0
BLCMDgenericbend::Construct solbend_b_44 parent= relZ=67350.0 globZ=67350.0
	zmin=67300.0 zmax=67400.0
BLCMDgenericbend::Construct solbend_a_45 parent= relZ=67650.0 globZ=67650.0
	zmin=67600.0 zmax=67700.0
BLCMDgenericbend::Construct solbend_b_45 parent= relZ=68850.0 globZ=68850.0
	zmin=68800.0 zmax=68900.0
BLCMDgenericbend::Construct solbend_a_46 parent= relZ=69150.0 globZ=69150.0
	zmin=69100.0 zmax=69200.0
BLCMDgenericbend::Construct solbend_b_46 parent= relZ=70350.0 globZ=70350.0
	zmin=70300.0 zmax=70400.0
BLCMDgenericbend::Construct solbend_a_47 parent= relZ=70650.0 globZ=70650.0
	zmin=70600.0 zmax=70700.0
BLCMDgenericbend::Construct solbend_b_47 parent= relZ=71850.0 globZ=71850.0
	zmin=71800.0 zmax=71900.0
BLCMDgenericbend::Construct solbend_a_48 parent= relZ=72150.0 globZ=72150.0
	zmin=72100.0 zmax=72200.0
BLCMDgenericbend::Construct solbend_b_48 parent= relZ=73350.0 globZ=73350.0
	zmin=73300.0 zmax=73400.0
BLCMDgenericbend::Construct solbend_a_49 parent= relZ=73650.0 globZ=73650.0
	zmin=73600.0 zmax=73700.0
BLCMDgenericbend::Construct solbend_b_49 parent= relZ=74850.0 globZ=74850.0
	zmin=74800.0 zmax=74900.0
BLCMDgenericbend::Construct solbend_a_50 parent= relZ=75150.0 globZ=75150.0
	zmin=75100.0 zmax=75200.0
BLCMDgenericbend::Construct solbend_b_50 parent= relZ=76350.0 globZ=76350.0
	zmin=76300.0 zmax=76400.0
BLCMDgenericbend::Construct solbend_a_51 parent= relZ=76650.0 globZ=76650.0
	zmin=76600.0 zmax=76700.0
BLCMDgenericbend::Construct solbend_b_51 parent= relZ=77850.0 globZ=77850.0
	zmin=77800.0 zmax=77900.0
BLCMDgenericbend::Construct solbend_a_52 parent= relZ=78150.0 globZ=78150.0
	zmin=78100.0 zmax=78200.0
BLCMDgenericbend::Construct solbend_b_52 parent= relZ=79350.0 globZ=79350.0
	zmin=79300.0 zmax=79400.0
BLCMDgenericbend::Construct solbend_a_53 parent= relZ=79650.0 globZ=79650.0
	zmin=79600.0 zmax=79700.0
BLCMDgenericbend::Construct solbend_b_53 parent= relZ=80850.0 globZ=80850.0
	zmin=80800.0 zmax=80900.0
BLCMDgenericbend::Construct solbend_a_54 parent= relZ=81150.0 globZ=81150.0
	zmin=81100.0 zmax=81200.0
BLCMDgenericbend::Construct solbend_b_54 parent= relZ=82350.0 globZ=82350.0
	zmin=82300.0 zmax=82400.0
BLCMDgenericbend::Construct solbend_a_55 parent= relZ=82650.0 globZ=82650.0
	zmin=82600.0 zmax=82700.0
BLCMDgenericbend::Construct solbend_b_55 parent= relZ=83850.0 globZ=83850.0
	zmin=83800.0 zmax=83900.0
BLCMDgenericbend::Construct solbend_a_56 parent= relZ=84150.0 globZ=84150.0
	zmin=84100.0 zmax=84200.0
BLCMDgenericbend::Construct solbend_b_56 parent= relZ=85350.0 globZ=85350.0
	zmin=85300.0 zmax=85400.0
BLCMDgenericbend::Construct solbend_a_57 parent= relZ=85650.0 globZ=85650.0
	zmin=85600.0 zmax=85700.0
BLCMDgenericbend::Construct solbend_b_57 parent= relZ=86850.0 globZ=86850.0
	zmin=86800.0 zmax=86900.0
BLCMDgenericbend::Construct solbend_a_58 parent= relZ=87150.0 globZ=87150.0
	zmin=87100.0 zmax=87200.0
BLCMDgenericbend::Construct solbend_b_58 parent= relZ=88350.0 globZ=88350.0
	zmin=88300.0 zmax=88400.0
BLCMDgenericbend::Construct solbend_a_59 parent= relZ=88650.0 globZ=88650.0
	zmin=88600.0 zmax=88700.0
BLCMDgenericbend::Construct solbend_b_59 parent= relZ=89850.0 globZ=89850.0
	zmin=89800.0 zmax=89900.0
BLCMDgenericbend::Construct solbend_a_60 parent= relZ=90150.0 globZ=90150.0
	zmin=90100.0 zmax=90200.0
BLCMDgenericbend::Construct solbend_b_60 parent= relZ=91350.0 globZ=91350.0
	zmin=91300.0 zmax=91400.0
BLCMDgenericbend::Construct solbend_a_61 parent= relZ=91650.0 globZ=91650.0
	zmin=91600.0 zmax=91700.0
BLCMDgenericbend::Construct solbend_b_61 parent= relZ=92850.0 globZ=92850.0
	zmin=92800.0 zmax=92900.0
BLCMDgenericbend::Construct solbend_a_62 parent= relZ=93150.0 globZ=93150.0
	zmin=93100.0 zmax=93200.0
BLCMDgenericbend::Construct solbend_b_62 parent= relZ=94350.0 globZ=94350.0
	zmin=94300.0 zmax=94400.0
BLCMDgenericbend::Construct solbend_a_63 parent= relZ=94650.0 globZ=94650.0
	zmin=94600.0 zmax=94700.0
BLCMDgenericbend::Construct solbend_b_63 parent= relZ=95850.0 globZ=95850.0
	zmin=95800.0 zmax=95900.0
BLCMDgenericbend::Construct solbend_a_64 parent= relZ=96150.0 globZ=96150.0
	zmin=96100.0 zmax=96200.0
BLCMDgenericbend::Construct solbend_b_64 parent= relZ=97350.0 globZ=97350.0
	zmin=97300.0 zmax=97400.0
BLCMDgenericbend::Construct solbend_a_65 parent= relZ=97650.0 globZ=97650.0
	zmin=97600.0 zmax=97700.0
BLCMDgenericbend::Construct solbend_b_65 parent= relZ=98850.0 globZ=98850.0
	zmin=98800.0 zmax=98900.0
BLMappedMagnet::Construct fringe_left parent= relZ=-3150.0
BLMappedMagnet::Construct fringe_right parent= relZ=-2550.0
BLMappedMagnet::Construct fringe_left parent= relZ=-1950.0
BLMappedMagnet::Construct fringe_right parent= relZ=-1350.0
BLMappedMagnet::Construct fringe_left parent= relZ=-1650.0
BLMappedMagnet::Construct fringe_right parent= relZ=-1050.0
BLMappedMagnet::Construct fringe_left parent= relZ=-450.0
BLMappedMagnet::Construct fringe_right parent= relZ=150.0
BLMappedMagnet::Construct fringe_left parent= relZ=-150.0
BLMappedMagnet::Construct fringe_right parent= relZ=450.0
BLMappedMagnet::Construct fringe_left parent= relZ=1050.0
BLMappedMagnet::Construct fringe_right parent= relZ=1650.0
BLMappedMagnet::Construct fringe_left parent= relZ=1350.0
BLMappedMagnet::Construct fringe_right parent= relZ=1950.0
BLMappedMagnet::Construct fringe_left parent= relZ=2550.0
BLMappedMagnet::Construct fringe_right parent= relZ=3150.0
BLMappedMagnet::Construct fringe_left parent= relZ=2850.0
BLMappedMagnet::Construct fringe_right parent= relZ=3450.0
BLMappedMagnet::Construct fringe_left parent= relZ=4050.0
BLMappedMagnet::Construct fringe_right parent= relZ=4650.0
BLMappedMagnet::Construct fringe_left parent= relZ=4350.0
BLMappedMagnet::Construct fringe_right parent= relZ=4950.0
BLMappedMagnet::Construct fringe_left parent= relZ=5550.0
BLMappedMagnet::Construct fringe_right parent= relZ=6150.0
BLMappedMagnet::Construct fringe_left parent= relZ=5850.0
BLMappedMagnet::Construct fringe_right parent= relZ=6450.0
BLMappedMagnet::Construct fringe_left parent= relZ=7050.0
BLMappedMagnet::Construct fringe_right parent= relZ=7650.0
BLMappedMagnet::Construct fringe_left parent= relZ=7350.0
BLMappedMagnet::Construct fringe_right parent= relZ=7950.0
BLMappedMagnet::Construct fringe_left parent= relZ=8550.0
BLMappedMagnet::Construct fringe_right parent= relZ=9150.0
BLMappedMagnet::Construct fringe_left parent= relZ=8850.0
BLMappedMagnet::Construct fringe_right parent= relZ=9450.0
BLMappedMagnet::Construct fringe_left parent= relZ=10050.0
BLMappedMagnet::Construct fringe_right parent= relZ=10650.0
BLMappedMagnet::Construct fringe_left parent= relZ=10350.0
BLMappedMagnet::Construct fringe_right parent= relZ=10950.0
BLMappedMagnet::Construct fringe_left parent= relZ=11550.0
BLMappedMagnet::Construct fringe_right parent= relZ=12150.0
BLMappedMagnet::Construct fringe_left parent= relZ=11850.0
BLMappedMagnet::Construct fringe_right parent= relZ=12450.0
BLMappedMagnet::Construct fringe_left parent= relZ=13050.0
BLMappedMagnet::Construct fringe_right parent= relZ=13650.0
BLMappedMagnet::Construct fringe_left parent= relZ=13350.0
BLMappedMagnet::Construct fringe_right parent= relZ=13950.0
BLMappedMagnet::Construct fringe_left parent= relZ=14550.0
BLMappedMagnet::Construct fringe_right parent= relZ=15150.0
BLMappedMagnet::Construct fringe_left parent= relZ=14850.0
BLMappedMagnet::Construct fringe_right parent= relZ=15450.0
BLMappedMagnet::Construct fringe_left parent= relZ=16050.0
BLMappedMagnet::Construct fringe_right parent= relZ=16650.0
BLMappedMagnet::Construct fringe_left parent= relZ=16350.0
BLMappedMagnet::Construct fringe_right parent= relZ=16950.0
BLMappedMagnet::Construct fringe_left parent= relZ=17550.0
BLMappedMagnet::Construct fringe_right parent= relZ=18150.0
BLMappedMagnet::Construct fringe_left parent= relZ=17850.0
BLMappedMagnet::Construct fringe_right parent= relZ=18450.0
BLMappedMagnet::Construct fringe_left parent= relZ=19050.0
BLMappedMagnet::Construct fringe_right parent= relZ=19650.0
BLMappedMagnet::Construct fringe_left parent= relZ=19350.0
BLMappedMagnet::Construct fringe_right parent= relZ=19950.0
BLMappedMagnet::Construct fringe_left parent= relZ=20550.0
BLMappedMagnet::Construct fringe_right parent= relZ=21150.0
BLMappedMagnet::Construct fringe_left parent= relZ=20850.0
BLMappedMagnet::Construct fringe_right parent= relZ=21450.0
BLMappedMagnet::Construct fringe_left parent= relZ=22050.0
BLMappedMagnet::Construct fringe_right parent= relZ=22650.0
BLMappedMagnet::Construct fringe_left parent= relZ=22350.0
BLMappedMagnet::Construct fringe_right parent= relZ=22950.0
BLMappedMagnet::Construct fringe_left parent= relZ=23550.0
BLMappedMagnet::Construct fringe_right parent= relZ=24150.0
BLMappedMagnet::Construct fringe_left parent= relZ=23850.0
BLMappedMagnet::Construct fringe_right parent= relZ=24450.0
BLMappedMagnet::Construct fringe_left parent= relZ=25050.0
BLMappedMagnet::Construct fringe_right parent= relZ=25650.0
BLMappedMagnet::Construct fringe_left parent= relZ=25350.0
BLMappedMagnet::Construct fringe_right parent= relZ=25950.0
BLMappedMagnet::Construct fringe_left parent= relZ=26550.0
BLMappedMagnet::Construct fringe_right parent= relZ=27150.0
BLMappedMagnet::Construct fringe_left parent= relZ=26850.0
BLMappedMagnet::Construct fringe_right parent= relZ=27450.0
BLMappedMagnet::Construct fringe_left parent= relZ=28050.0
BLMappedMagnet::Construct fringe_right parent= relZ=28650.0
BLMappedMagnet::Construct fringe_left parent= relZ=28350.0
BLMappedMagnet::Construct fringe_right parent= relZ=28950.0
BLMappedMagnet::Construct fringe_left parent= relZ=29550.0
BLMappedMagnet::Construct fringe_right parent= relZ=30150.0
BLMappedMagnet::Construct fringe_left parent= relZ=29850.0
BLMappedMagnet::Construct fringe_right parent= relZ=30450.0
BLMappedMagnet::Construct fringe_left parent= relZ=31050.0
BLMappedMagnet::Construct fringe_right parent= relZ=31650.0
BLMappedMagnet::Construct fringe_left parent= relZ=31350.0
BLMappedMagnet::Construct fringe_right parent= relZ=31950.0
BLMappedMagnet::Construct fringe_left parent= relZ=32550.0
BLMappedMagnet::Construct fringe_right parent= relZ=33150.0
BLMappedMagnet::Construct fringe_left parent= relZ=32850.0
BLMappedMagnet::Construct fringe_right parent= relZ=33450.0
BLMappedMagnet::Construct fringe_left parent= relZ=34050.0
BLMappedMagnet::Construct fringe_right parent= relZ=34650.0
BLMappedMagnet::Construct fringe_left parent= relZ=34350.0
BLMappedMagnet::Construct fringe_right parent= relZ=34950.0
BLMappedMagnet::Construct fringe_left parent= relZ=35550.0
BLMappedMagnet::Construct fringe_right parent= relZ=36150.0
BLMappedMagnet::Construct fringe_left parent= relZ=35850.0
BLMappedMagnet::Construct fringe_right parent= relZ=36450.0
BLMappedMagnet::Construct fringe_left parent= relZ=37050.0
BLMappedMagnet::Construct fringe_right parent= relZ=37650.0
BLMappedMagnet::Construct fringe_left parent= relZ=37350.0
BLMappedMagnet::Construct fringe_right parent= relZ=37950.0
BLMappedMagnet::Construct fringe_left parent= relZ=38550.0
BLMappedMagnet::Construct fringe_right parent= relZ=39150.0
BLMappedMagnet::Construct fringe_left parent= relZ=38850.0
BLMappedMagnet::Construct fringe_right parent= relZ=39450.0
BLMappedMagnet::Construct fringe_left parent= relZ=40050.0
BLMappedMagnet::Construct fringe_right parent= relZ=40650.0
BLMappedMagnet::Construct fringe_left parent= relZ=40350.0
BLMappedMagnet::Construct fringe_right parent= relZ=40950.0
BLMappedMagnet::Construct fringe_left parent= relZ=41550.0
BLMappedMagnet::Construct fringe_right parent= relZ=42150.0
BLMappedMagnet::Construct fringe_left parent= relZ=41850.0
BLMappedMagnet::Construct fringe_right parent= relZ=42450.0
BLMappedMagnet::Construct fringe_left parent= relZ=43050.0
BLMappedMagnet::Construct fringe_right parent= relZ=43650.0
BLMappedMagnet::Construct fringe_left parent= relZ=43350.0
BLMappedMagnet::Construct fringe_right parent= relZ=43950.0
BLMappedMagnet::Construct fringe_left parent= relZ=44550.0
BLMappedMagnet::Construct fringe_right parent= relZ=45150.0
BLMappedMagnet::Construct fringe_left parent= relZ=44850.0
BLMappedMagnet::Construct fringe_right parent= relZ=45450.0
BLMappedMagnet::Construct fringe_left parent= relZ=46050.0
BLMappedMagnet::Construct fringe_right parent= relZ=46650.0
BLMappedMagnet::Construct fringe_left parent= relZ=46350.0
BLMappedMagnet::Construct fringe_right parent= relZ=46950.0
BLMappedMagnet::Construct fringe_left parent= relZ=47550.0
BLMappedMagnet::Construct fringe_right parent= relZ=48150.0
BLMappedMagnet::Construct fringe_left parent= relZ=47850.0
BLMappedMagnet::Construct fringe_right parent= relZ=48450.0
BLMappedMagnet::Construct fringe_left parent= relZ=49050.0
BLMappedMagnet::Construct fringe_right parent= relZ=49650.0
BLMappedMagnet::Construct fringe_left parent= relZ=49350.0
BLMappedMagnet::Construct fringe_right parent= relZ=49950.0
BLMappedMagnet::Construct fringe_left parent= relZ=50550.0
BLMappedMagnet::Construct fringe_right parent= relZ=51150.0
BLMappedMagnet::Construct fringe_left parent= relZ=50850.0
BLMappedMagnet::Construct fringe_right parent= relZ=51450.0
BLMappedMagnet::Construct fringe_left parent= relZ=52050.0
BLMappedMagnet::Construct fringe_right parent= relZ=52650.0
BLMappedMagnet::Construct fringe_left parent= relZ=52350.0
BLMappedMagnet::Construct fringe_right parent= relZ=52950.0
BLMappedMagnet::Construct fringe_left parent= relZ=53550.0
BLMappedMagnet::Construct fringe_right parent= relZ=54150.0
BLMappedMagnet::Construct fringe_left parent= relZ=53850.0
BLMappedMagnet::Construct fringe_right parent= relZ=54450.0
BLMappedMagnet::Construct fringe_left parent= relZ=55050.0
BLMappedMagnet::Construct fringe_right parent= relZ=55650.0
BLMappedMagnet::Construct fringe_left parent= relZ=55350.0
BLMappedMagnet::Construct fringe_right parent= relZ=55950.0
BLMappedMagnet::Construct fringe_left parent= relZ=56550.0
BLMappedMagnet::Construct fringe_right parent= relZ=57150.0
BLMappedMagnet::Construct fringe_left parent= relZ=56850.0
BLMappedMagnet::Construct fringe_right parent= relZ=57450.0
BLMappedMagnet::Construct fringe_left parent= relZ=58050.0
BLMappedMagnet::Construct fringe_right parent= relZ=58650.0
BLMappedMagnet::Construct fringe_left parent= relZ=58350.0
BLMappedMagnet::Construct fringe_right parent= relZ=58950.0
BLMappedMagnet::Construct fringe_left parent= relZ=59550.0
BLMappedMagnet::Construct fringe_right parent= relZ=60150.0
BLMappedMagnet::Construct fringe_left parent= relZ=59850.0
BLMappedMagnet::Construct fringe_right parent= relZ=60450.0
BLMappedMagnet::Construct fringe_left parent= relZ=61050.0
BLMappedMagnet::Construct fringe_right parent= relZ=61650.0
BLMappedMagnet::Construct fringe_left parent= relZ=61350.0
BLMappedMagnet::Construct fringe_right parent= relZ=61950.0
BLMappedMagnet::Construct fringe_left parent= relZ=62550.0
BLMappedMagnet::Construct fringe_right parent= relZ=63150.0
BLMappedMagnet::Construct fringe_left parent= relZ=62850.0
BLMappedMagnet::Construct fringe_right parent= relZ=63450.0
BLMappedMagnet::Construct fringe_left parent= relZ=64050.0
BLMappedMagnet::Construct fringe_right parent= relZ=64650.0
BLMappedMagnet::Construct fringe_left parent= relZ=64350.0
BLMappedMagnet::Construct fringe_right parent= relZ=64950.0
BLMappedMagnet::Construct fringe_left parent= relZ=65550.0
BLMappedMagnet::Construct fringe_right parent= relZ=66150.0
BLMappedMagnet::Construct fringe_left parent= relZ=65850.0
BLMappedMagnet::Construct fringe_right parent= relZ=66450.0
BLMappedMagnet::Construct fringe_left parent= relZ=67050.0
BLMappedMagnet::Construct fringe_right parent= relZ=67650.0
BLMappedMagnet::Construct fringe_left parent= relZ=67350.0
BLMappedMagnet::Construct fringe_right parent= relZ=67950.0
BLMappedMagnet::Construct fringe_left parent= relZ=68550.0
BLMappedMagnet::Construct fringe_right parent= relZ=69150.0
BLMappedMagnet::Construct fringe_left parent= relZ=68850.0
BLMappedMagnet::Construct fringe_right parent= relZ=69450.0
BLMappedMagnet::Construct fringe_left parent= relZ=70050.0
BLMappedMagnet::Construct fringe_right parent= relZ=70650.0
BLMappedMagnet::Construct fringe_left parent= relZ=70350.0
BLMappedMagnet::Construct fringe_right parent= relZ=70950.0
BLMappedMagnet::Construct fringe_left parent= relZ=71550.0
BLMappedMagnet::Construct fringe_right parent= relZ=72150.0
BLMappedMagnet::Construct fringe_left parent= relZ=71850.0
BLMappedMagnet::Construct fringe_right parent= relZ=72450.0
BLMappedMagnet::Construct fringe_left parent= relZ=73050.0
BLMappedMagnet::Construct fringe_right parent= relZ=73650.0
BLMappedMagnet::Construct fringe_left parent= relZ=73350.0
BLMappedMagnet::Construct fringe_right parent= relZ=73950.0
BLMappedMagnet::Construct fringe_left parent= relZ=74550.0
BLMappedMagnet::Construct fringe_right parent= relZ=75150.0
BLMappedMagnet::Construct fringe_left parent= relZ=74850.0
BLMappedMagnet::Construct fringe_right parent= relZ=75450.0
BLMappedMagnet::Construct fringe_left parent= relZ=76050.0
BLMappedMagnet::Construct fringe_right parent= relZ=76650.0
BLMappedMagnet::Construct fringe_left parent= relZ=76350.0
BLMappedMagnet::Construct fringe_right parent= relZ=76950.0
BLMappedMagnet::Construct fringe_left parent= relZ=77550.0
BLMappedMagnet::Construct fringe_right parent= relZ=78150.0
BLMappedMagnet::Construct fringe_left parent= relZ=77850.0
BLMappedMagnet::Construct fringe_right parent= relZ=78450.0
BLMappedMagnet::Construct fringe_left parent= relZ=79050.0
BLMappedMagnet::Construct fringe_right parent= relZ=79650.0
BLMappedMagnet::Construct fringe_left parent= relZ=79350.0
BLMappedMagnet::Construct fringe_right parent= relZ=79950.0
BLMappedMagnet::Construct fringe_left parent= relZ=80550.0
BLMappedMagnet::Construct fringe_right parent= relZ=81150.0
BLMappedMagnet::Construct fringe_left parent= relZ=80850.0
BLMappedMagnet::Construct fringe_right parent= relZ=81450.0
BLMappedMagnet::Construct fringe_left parent= relZ=82050.0
BLMappedMagnet::Construct fringe_right parent= relZ=82650.0
BLMappedMagnet::Construct fringe_left parent= relZ=82350.0
BLMappedMagnet::Construct fringe_right parent= relZ=82950.0
BLMappedMagnet::Construct fringe_left parent= relZ=83550.0
BLMappedMagnet::Construct fringe_right parent= relZ=84150.0
BLMappedMagnet::Construct fringe_left parent= relZ=83850.0
BLMappedMagnet::Construct fringe_right parent= relZ=84450.0
BLMappedMagnet::Construct fringe_left parent= relZ=85050.0
BLMappedMagnet::Construct fringe_right parent= relZ=85650.0
BLMappedMagnet::Construct fringe_left parent= relZ=85350.0
BLMappedMagnet::Construct fringe_right parent= relZ=85950.0
BLMappedMagnet::Construct fringe_left parent= relZ=86550.0
BLMappedMagnet::Construct fringe_right parent= relZ=87150.0
BLMappedMagnet::Construct fringe_left parent= relZ=86850.0
BLMappedMagnet::Construct fringe_right parent= relZ=87450.0
BLMappedMagnet::Construct fringe_left parent= relZ=88050.0
BLMappedMagnet::Construct fringe_right parent= relZ=88650.0
BLMappedMagnet::Construct fringe_left parent= relZ=88350.0
BLMappedMagnet::Construct fringe_right parent= relZ=88950.0
BLMappedMagnet::Construct fringe_left parent= relZ=89550.0
BLMappedMagnet::Construct fringe_right parent= relZ=90150.0
BLMappedMagnet::Construct fringe_left parent= relZ=89850.0
BLMappedMagnet::Construct fringe_right parent= relZ=90450.0
BLMappedMagnet::Construct fringe_left parent= relZ=91050.0
BLMappedMagnet::Construct fringe_right parent= relZ=91650.0
BLMappedMagnet::Construct fringe_left parent= relZ=91350.0
BLMappedMagnet::Construct fringe_right parent= relZ=91950.0
BLMappedMagnet::Construct fringe_left parent= relZ=92550.0
BLMappedMagnet::Construct fringe_right parent= relZ=93150.0
BLMappedMagnet::Construct fringe_left parent= relZ=92850.0
BLMappedMagnet::Construct fringe_right parent= relZ=93450.0
BLMappedMagnet::Construct fringe_left parent= relZ=94050.0
BLMappedMagnet::Construct fringe_right parent= relZ=94650.0
BLMappedMagnet::Construct fringe_left parent= relZ=94350.0
BLMappedMagnet::Construct fringe_right parent= relZ=94950.0
BLMappedMagnet::Construct fringe_left parent= relZ=95550.0
BLMappedMagnet::Construct fringe_right parent= relZ=96150.0
BLMappedMagnet::Construct fringe_left parent= relZ=95850.0
BLMappedMagnet::Construct fringe_right parent= relZ=96450.0
BLMappedMagnet::Construct fringe_left parent= relZ=97050.0
BLMappedMagnet::Construct fringe_right parent= relZ=97650.0
BLMappedMagnet::Construct fringe_left parent= relZ=97350.0
BLMappedMagnet::Construct fringe_right parent= relZ=97950.0
BLMappedMagnet::Construct fringe_left parent= relZ=98550.0
BLMappedMagnet::Construct fringe_right parent= relZ=99150.0
Checking overlaps for volume pipe:0 (G4Tubs) ... OK! 
BLCMDtubs::Construct pipe parent= relZ=209.9 globZ=209.9
	zmin=0.0 zmax=419.9 kill=1
Checking overlaps for volume pipe:0 (G4Tubs) ... OK! 
BLCMDtubs::Construct pipe parent= relZ=1290.1 globZ=1290.1
	zmin=1080.2 zmax=1500.0 kill=1
Checking overlaps for volume pipe:0 (G4Tubs) ... OK! 
BLCMDtubs::Construct pipe parent= relZ=1709.9 globZ=1709.9
	zmin=1500.0 zmax=1919.8 kill=1
Checking overlaps for volume pipe:0 (G4Tubs) ... OK! 
BLCMDtubs::Construct pipe parent= relZ=2790.1 globZ=2790.1
	zmin=2580.1 zmax=3000.0 kill=1
Checking overlaps for volume pipe:0 (G4Tubs) ... OK! 
BLCMDtubs::Construct pipe parent= relZ=3209.9 globZ=3209.9
	zmin=3000.0 zmax=3419.9 kill=1
Checking overlaps for volume pipe:0 (G4Tubs) ... OK! 
BLCMDtubs::Construct pipe parent= relZ=4290.1 globZ=4290.1
	zmin=4080.1 zmax=4500.0 kill=1
Checking overlaps for volume pipe:0 (G4Tubs) ... OK! 
BLCMDtubs::Construct pipe parent= relZ=4709.9 globZ=4709.9
	zmin=4500.0 zmax=4919.9 kill=1
Checking overlaps for volume pipe:0 (G4Tubs) ... OK! 
BLCMDtubs::Construct pipe parent= relZ=5790.1 globZ=5790.1
	zmin=5580.1 zmax=6000.0 kill=1
Checking overlaps for volume pipe:0 (G4Tubs) ... OK! 
BLCMDtubs::Construct pipe parent= relZ=6209.9 globZ=6209.9
	zmin=6000.0 zmax=6419.9 kill=1
Checking overlaps for volume pipe:0 (G4Tubs) ... OK! 
BLCMDtubs::Construct pipe parent= relZ=7290.1 globZ=7290.1
	zmin=7080.1 zmax=7500.0 kill=1
Checking overlaps for volume pipe:0 (G4Tubs) ... OK! 
BLCMDtubs::Construct pipe parent= relZ=7709.9 globZ=7709.9
	zmin=7500.0 zmax=7919.9 kill=1
Checking overlaps for volume pipe:0 (G4Tubs) ... OK! 
BLCMDtubs::Construct pipe parent= relZ=8790.1 globZ=8790.1
	zmin=8580.2 zmax=9000.0 kill=1
Checking overlaps for volume pipe:0 (G4Tubs) ... OK! 
BLCMDtubs::Construct pipe parent= relZ=9209.9 globZ=9209.9
	zmin=9000.0 zmax=9419.8 kill=1
Checking overlaps for volume pipe:0 (G4Tubs) ... OK! 
BLCMDtubs::Construct pipe parent= relZ=10290.1 globZ=10290.1
	zmin=10080.2 zmax=10500.0 kill=1
Checking overlaps for volume pipe:0 (G4Tubs) ... OK! 
BLCMDtubs::Construct pipe parent= relZ=10709.9 globZ=10709.9
	zmin=10500.0 zmax=10919.8 kill=1
Checking overlaps for volume pipe:0 (G4Tubs) ... OK! 
BLCMDtubs::Construct pipe parent= relZ=11790.1 globZ=11790.1
	zmin=11580.2 zmax=12000.0 kill=1
Checking overlaps for volume pipe:0 (G4Tubs) ... OK! 
BLCMDtubs::Construct pipe parent= relZ=12209.9 globZ=12209.9
	zmin=12000.0 zmax=12419.8 kill=1
Checking overlaps for volume pipe:0 (G4Tubs) ... OK! 
BLCMDtubs::Construct pipe parent= relZ=13290.1 globZ=13290.1
	zmin=13080.2 zmax=13500.0 kill=1
Checking overlaps for volume pipe:0 (G4Tubs) ... OK! 
BLCMDtubs::Construct pipe parent= relZ=13709.9 globZ=13709.9
	zmin=13500.0 zmax=13919.8 kill=1
Checking overlaps for volume pipe:0 (G4Tubs) ... OK! 
BLCMDtubs::Construct pipe parent= relZ=14790.1 globZ=14790.1
	zmin=14580.2 zmax=15000.0 kill=1
Checking overlaps for volume pipe:0 (G4Tubs) ... OK! 
BLCMDtubs::Construct pipe parent= relZ=15209.9 globZ=15209.9
	zmin=15000.0 zmax=15419.8 kill=1
Checking overlaps for volume pipe:0 (G4Tubs) ... OK! 
BLCMDtubs::Construct pipe parent= relZ=16290.1 globZ=16290.1
	zmin=16080.2 zmax=16500.0 kill=1
Checking overlaps for volume pipe:0 (G4Tubs) ... OK! 
BLCMDtubs::Construct pipe parent= relZ=16709.9 globZ=16709.9
	zmin=16500.0 zmax=16919.8 kill=1
Checking overlaps for volume pipe:0 (G4Tubs) ... OK! 
BLCMDtubs::Construct pipe parent= relZ=17790.1 globZ=17790.1
	zmin=17580.2 zmax=18000.0 kill=1
Checking overlaps for volume pipe:0 (G4Tubs) ... OK! 
BLCMDtubs::Construct pipe parent= relZ=18209.9 globZ=18209.9
	zmin=18000.0 zmax=18419.8 kill=1
Checking overlaps for volume pipe:0 (G4Tubs) ... OK! 
BLCMDtubs::Construct pipe parent= relZ=19290.1 globZ=19290.1
	zmin=19080.2 zmax=19500.0 kill=1
Checking overlaps for volume pipe:0 (G4Tubs) ... OK! 
BLCMDtubs::Construct pipe parent= relZ=19709.9 globZ=19709.9
	zmin=19500.0 zmax=19919.8 kill=1
Checking overlaps for volume pipe:0 (G4Tubs) ... OK! 
BLCMDtubs::Construct pipe parent= relZ=20790.1 globZ=20790.1
	zmin=20580.2 zmax=21000.0 kill=1
Checking overlaps for volume pipe:0 (G4Tubs) ... OK! 
BLCMDtubs::Construct pipe parent= relZ=21209.9 globZ=21209.9
	zmin=21000.0 zmax=21419.8 kill=1
Checking overlaps for volume pipe:0 (G4Tubs) ... OK! 
BLCMDtubs::Construct pipe parent= relZ=22290.1 globZ=22290.1
	zmin=22080.2 zmax=22500.0 kill=1
Checking overlaps for volume pipe:0 (G4Tubs) ... OK! 
BLCMDtubs::Construct pipe parent= relZ=22709.9 globZ=22709.9
	zmin=22500.0 zmax=22919.8 kill=1
Checking overlaps for volume pipe:0 (G4Tubs) ... OK! 
BLCMDtubs::Construct pipe parent= relZ=23790.1 globZ=23790.1
	zmin=23580.2 zmax=24000.0 kill=1
Checking overlaps for volume pipe:0 (G4Tubs) ... OK! 
BLCMDtubs::Construct pipe parent= relZ=24209.9 globZ=24209.9
	zmin=24000.0 zmax=24419.8 kill=1
Checking overlaps for volume pipe:0 (G4Tubs) ... OK! 
BLCMDtubs::Construct pipe parent= relZ=25290.1 globZ=25290.1
	zmin=25080.2 zmax=25500.0 kill=1
Checking overlaps for volume pipe:0 (G4Tubs) ... OK! 
BLCMDtubs::Construct pipe parent= relZ=25709.9 globZ=25709.9
	zmin=25500.0 zmax=25919.8 kill=1
Checking overlaps for volume pipe:0 (G4Tubs) ... OK! 
BLCMDtubs::Construct pipe parent= relZ=26790.1 globZ=26790.1
	zmin=26580.2 zmax=27000.0 kill=1
Checking overlaps for volume pipe:0 (G4Tubs) ... OK! 
BLCMDtubs::Construct pipe parent= relZ=27209.9 globZ=27209.9
	zmin=27000.0 zmax=27419.8 kill=1
Checking overlaps for volume pipe:0 (G4Tubs) ... OK! 
BLCMDtubs::Construct pipe parent= relZ=28290.1 globZ=28290.1
	zmin=28080.2 zmax=28500.0 kill=1
Checking overlaps for volume pipe:0 (G4Tubs) ... OK! 
BLCMDtubs::Construct pipe parent= relZ=28709.9 globZ=28709.9
	zmin=28500.0 zmax=28919.8 kill=1
Checking overlaps for volume pipe:0 (G4Tubs) ... OK! 
BLCMDtubs::Construct pipe parent= relZ=29790.1 globZ=29790.1
	zmin=29580.2 zmax=30000.0 kill=1
Checking overlaps for volume pipe:0 (G4Tubs) ... OK! 
BLCMDtubs::Construct pipe parent= relZ=30209.9 globZ=30209.9
	zmin=30000.0 zmax=30419.8 kill=1
Checking overlaps for volume pipe:0 (G4Tubs) ... OK! 
BLCMDtubs::Construct pipe parent= relZ=31290.1 globZ=31290.1
	zmin=31080.2 zmax=31500.0 kill=1
Checking overlaps for volume pipe:0 (G4Tubs) ... OK! 
BLCMDtubs::Construct pipe parent= relZ=31709.9 globZ=31709.9
	zmin=31500.0 zmax=31919.8 kill=1
Checking overlaps for volume pipe:0 (G4Tubs) ... OK! 
BLCMDtubs::Construct pipe parent= relZ=32790.1 globZ=32790.1
	zmin=32580.1 zmax=33000.0 kill=1
Checking overlaps for volume pipe:0 (G4Tubs) ... OK! 
BLCMDtubs::Construct pipe parent= relZ=33209.9 globZ=33209.9
	zmin=33000.0 zmax=33419.9 kill=1
Checking overlaps for volume pipe:0 (G4Tubs) ... OK! 
BLCMDtubs::Construct pipe parent= relZ=34290.1 globZ=34290.1
	zmin=34080.1 zmax=34500.0 kill=1
Checking overlaps for volume pipe:0 (G4Tubs) ... OK! 
BLCMDtubs::Construct pipe parent= relZ=34709.9 globZ=34709.9
	zmin=34500.0 zmax=34919.9 kill=1
Checking overlaps for volume pipe:0 (G4Tubs) ... OK! 
BLCMDtubs::Construct pipe parent= relZ=35790.1 globZ=35790.1
	zmin=35580.1 zmax=36000.0 kill=1
Checking overlaps for volume pipe:0 (G4Tubs) ... OK! 
BLCMDtubs::Construct pipe parent= relZ=36209.9 globZ=36209.9
	zmin=36000.0 zmax=36419.9 kill=1
Checking overlaps for volume pipe:0 (G4Tubs) ... OK! 
BLCMDtubs::Construct pipe parent= relZ=37290.1 globZ=37290.1
	zmin=37080.1 zmax=37500.0 kill=1
Checking overlaps for volume pipe:0 (G4Tubs) ... OK! 
BLCMDtubs::Construct pipe parent= relZ=37709.9 globZ=37709.9
	zmin=37500.0 zmax=37919.9 kill=1
Checking overlaps for volume pipe:0 (G4Tubs) ... OK! 
BLCMDtubs::Construct pipe parent= relZ=38790.1 globZ=38790.1
	zmin=38580.1 zmax=39000.0 kill=1
Checking overlaps for volume pipe:0 (G4Tubs) ... OK! 
BLCMDtubs::Construct pipe parent= relZ=39209.9 globZ=39209.9
	zmin=39000.0 zmax=39419.9 kill=1
Checking overlaps for volume pipe:0 (G4Tubs) ... OK! 
BLCMDtubs::Construct pipe parent= relZ=40290.1 globZ=40290.1
	zmin=40080.1 zmax=40500.0 kill=1
Checking overlaps for volume pipe:0 (G4Tubs) ... OK! 
BLCMDtubs::Construct pipe parent= relZ=40709.9 globZ=40709.9
	zmin=40500.0 zmax=40919.9 kill=1
Checking overlaps for volume pipe:0 (G4Tubs) ... OK! 
BLCMDtubs::Construct pipe parent= relZ=41790.1 globZ=41790.1
	zmin=41580.1 zmax=42000.0 kill=1
Checking overlaps for volume pipe:0 (G4Tubs) ... OK! 
BLCMDtubs::Construct pipe parent= relZ=42209.9 globZ=42209.9
	zmin=42000.0 zmax=42419.9 kill=1
Checking overlaps for volume pipe:0 (G4Tubs) ... OK! 
BLCMDtubs::Construct pipe parent= relZ=43290.1 globZ=43290.1
	zmin=43080.1 zmax=43500.0 kill=1
Checking overlaps for volume pipe:0 (G4Tubs) ... OK! 
BLCMDtubs::Construct pipe parent= relZ=43709.9 globZ=43709.9
	zmin=43500.0 zmax=43919.9 kill=1
Checking overlaps for volume pipe:0 (G4Tubs) ... OK! 
BLCMDtubs::Construct pipe parent= relZ=44790.1 globZ=44790.1
	zmin=44580.1 zmax=45000.0 kill=1
Checking overlaps for volume pipe:0 (G4Tubs) ... OK! 
BLCMDtubs::Construct pipe parent= relZ=45209.9 globZ=45209.9
	zmin=45000.0 zmax=45419.9 kill=1
Checking overlaps for volume pipe:0 (G4Tubs) ... OK! 
BLCMDtubs::Construct pipe parent= relZ=46290.1 globZ=46290.1
	zmin=46080.1 zmax=46500.0 kill=1
Checking overlaps for volume pipe:0 (G4Tubs) ... OK! 
BLCMDtubs::Construct pipe parent= relZ=46709.9 globZ=46709.9
	zmin=46500.0 zmax=46919.9 kill=1
Checking overlaps for volume pipe:0 (G4Tubs) ... OK! 
BLCMDtubs::Construct pipe parent= relZ=47790.1 globZ=47790.1
	zmin=47580.1 zmax=48000.0 kill=1
Checking overlaps for volume pipe:0 (G4Tubs) ... OK! 
BLCMDtubs::Construct pipe parent= relZ=48209.9 globZ=48209.9
	zmin=48000.0 zmax=48419.9 kill=1
Checking overlaps for volume pipe:0 (G4Tubs) ... OK! 
BLCMDtubs::Construct pipe parent= relZ=49290.1 globZ=49290.1
	zmin=49080.1 zmax=49500.0 kill=1
Checking overlaps for volume pipe:0 (G4Tubs) ... OK! 
BLCMDtubs::Construct pipe parent= relZ=49709.9 globZ=49709.9
	zmin=49500.0 zmax=49919.9 kill=1
Checking overlaps for volume pipe:0 (G4Tubs) ... OK! 
BLCMDtubs::Construct pipe parent= relZ=50790.1 globZ=50790.1
	zmin=50580.1 zmax=51000.0 kill=1
Checking overlaps for volume pipe:0 (G4Tubs) ... OK! 
BLCMDtubs::Construct pipe parent= relZ=51209.9 globZ=51209.9
	zmin=51000.0 zmax=51419.9 kill=1
Checking overlaps for volume pipe:0 (G4Tubs) ... OK! 
BLCMDtubs::Construct pipe parent= relZ=52290.1 globZ=52290.1
	zmin=52080.1 zmax=52500.0 kill=1
Checking overlaps for volume pipe:0 (G4Tubs) ... OK! 
BLCMDtubs::Construct pipe parent= relZ=52709.9 globZ=52709.9
	zmin=52500.0 zmax=52919.9 kill=1
Checking overlaps for volume pipe:0 (G4Tubs) ... OK! 
BLCMDtubs::Construct pipe parent= relZ=53790.1 globZ=53790.1
	zmin=53580.1 zmax=54000.0 kill=1
Checking overlaps for volume pipe:0 (G4Tubs) ... OK! 
BLCMDtubs::Construct pipe parent= relZ=54209.9 globZ=54209.9
	zmin=54000.0 zmax=54419.9 kill=1
Checking overlaps for volume pipe:0 (G4Tubs) ... OK! 
BLCMDtubs::Construct pipe parent= relZ=55290.1 globZ=55290.1
	zmin=55080.1 zmax=55500.0 kill=1
Checking overlaps for volume pipe:0 (G4Tubs) ... OK! 
BLCMDtubs::Construct pipe parent= relZ=55709.9 globZ=55709.9
	zmin=55500.0 zmax=55919.9 kill=1
Checking overlaps for volume pipe:0 (G4Tubs) ... OK! 
BLCMDtubs::Construct pipe parent= relZ=56790.1 globZ=56790.1
	zmin=56580.1 zmax=57000.0 kill=1
Checking overlaps for volume pipe:0 (G4Tubs) ... OK! 
BLCMDtubs::Construct pipe parent= relZ=57209.9 globZ=57209.9
	zmin=57000.0 zmax=57419.9 kill=1
Checking overlaps for volume pipe:0 (G4Tubs) ... OK! 
BLCMDtubs::Construct pipe parent= relZ=58290.1 globZ=58290.1
	zmin=58080.1 zmax=58500.0 kill=1
Checking overlaps for volume pipe:0 (G4Tubs) ... OK! 
BLCMDtubs::Construct pipe parent= relZ=58709.9 globZ=58709.9
	zmin=58500.0 zmax=58919.9 kill=1
Checking overlaps for volume pipe:0 (G4Tubs) ... OK! 
BLCMDtubs::Construct pipe parent= relZ=59790.1 globZ=59790.1
	zmin=59580.1 zmax=60000.0 kill=1
Checking overlaps for volume pipe:0 (G4Tubs) ... OK! 
BLCMDtubs::Construct pipe parent= relZ=60209.9 globZ=60209.9
	zmin=60000.0 zmax=60419.9 kill=1
Checking overlaps for volume pipe:0 (G4Tubs) ... OK! 
BLCMDtubs::Construct pipe parent= relZ=61290.1 globZ=61290.1
	zmin=61080.1 zmax=61500.0 kill=1
Checking overlaps for volume pipe:0 (G4Tubs) ... OK! 
BLCMDtubs::Construct pipe parent= relZ=61709.9 globZ=61709.9
	zmin=61500.0 zmax=61919.9 kill=1
Checking overlaps for volume pipe:0 (G4Tubs) ... OK! 
BLCMDtubs::Construct pipe parent= relZ=62790.1 globZ=62790.1
	zmin=62580.1 zmax=63000.0 kill=1
Checking overlaps for volume pipe:0 (G4Tubs) ... OK! 
BLCMDtubs::Construct pipe parent= relZ=63209.9 globZ=63209.9
	zmin=63000.0 zmax=63419.9 kill=1
Checking overlaps for volume pipe:0 (G4Tubs) ... OK! 
BLCMDtubs::Construct pipe parent= relZ=64290.1 globZ=64290.1
	zmin=64080.1 zmax=64500.0 kill=1
Checking overlaps for volume pipe:0 (G4Tubs) ... OK! 
BLCMDtubs::Construct pipe parent= relZ=64709.9 globZ=64709.9
	zmin=64500.0 zmax=64919.9 kill=1
Checking overlaps for volume pipe:0 (G4Tubs) ... OK! 
BLCMDtubs::Construct pipe parent= relZ=65790.1 globZ=65790.1
	zmin=65580.1 zmax=66000.0 kill=1
Checking overlaps for volume pipe:0 (G4Tubs) ... OK! 
BLCMDtubs::Construct pipe parent= relZ=66209.9 globZ=66209.9
	zmin=66000.0 zmax=66419.9 kill=1
Checking overlaps for volume pipe:0 (G4Tubs) ... OK! 
BLCMDtubs::Construct pipe parent= relZ=67290.1 globZ=67290.1
	zmin=67080.1 zmax=67500.0 kill=1
Checking overlaps for volume pipe:0 (G4Tubs) ... OK! 
BLCMDtubs::Construct pipe parent= relZ=67709.9 globZ=67709.9
	zmin=67500.0 zmax=67919.9 kill=1
Checking overlaps for volume pipe:0 (G4Tubs) ... OK! 
BLCMDtubs::Construct pipe parent= relZ=68790.1 globZ=68790.1
	zmin=68580.1 zmax=69000.0 kill=1
Checking overlaps for volume pipe:0 (G4Tubs) ... OK! 
BLCMDtubs::Construct pipe parent= relZ=69209.9 globZ=69209.9
	zmin=69000.0 zmax=69419.9 kill=1
Checking overlaps for volume pipe:0 (G4Tubs) ... OK! 
BLCMDtubs::Construct pipe parent= relZ=70290.1 globZ=70290.1
	zmin=70080.1 zmax=70500.0 kill=1
Checking overlaps for volume pipe:0 (G4Tubs) ... OK! 
BLCMDtubs::Construct pipe parent= relZ=70709.9 globZ=70709.9
	zmin=70500.0 zmax=70919.9 kill=1
Checking overlaps for volume pipe:0 (G4Tubs) ... OK! 
BLCMDtubs::Construct pipe parent= relZ=71790.1 globZ=71790.1
	zmin=71580.1 zmax=72000.0 kill=1
Checking overlaps for volume pipe:0 (G4Tubs) ... OK! 
BLCMDtubs::Construct pipe parent= relZ=72209.9 globZ=72209.9
	zmin=72000.0 zmax=72419.9 kill=1
Checking overlaps for volume pipe:0 (G4Tubs) ... OK! 
BLCMDtubs::Construct pipe parent= relZ=73290.1 globZ=73290.1
	zmin=73080.1 zmax=73500.0 kill=1
Checking overlaps for volume pipe:0 (G4Tubs) ... OK! 
BLCMDtubs::Construct pipe parent= relZ=73709.9 globZ=73709.9
	zmin=73500.0 zmax=73919.9 kill=1
Checking overlaps for volume pipe:0 (G4Tubs) ... OK! 
BLCMDtubs::Construct pipe parent= relZ=74790.1 globZ=74790.1
	zmin=74580.1 zmax=75000.0 kill=1
Checking overlaps for volume pipe:0 (G4Tubs) ... OK! 
BLCMDtubs::Construct pipe parent= relZ=75209.9 globZ=75209.9
	zmin=75000.0 zmax=75419.9 kill=1
Checking overlaps for volume pipe:0 (G4Tubs) ... OK! 
BLCMDtubs::Construct pipe parent= relZ=76290.1 globZ=76290.1
	zmin=76080.1 zmax=76500.0 kill=1
Checking overlaps for volume pipe:0 (G4Tubs) ... OK! 
BLCMDtubs::Construct pipe parent= relZ=76709.9 globZ=76709.9
	zmin=76500.0 zmax=76919.9 kill=1
Checking overlaps for volume pipe:0 (G4Tubs) ... OK! 
BLCMDtubs::Construct pipe parent= relZ=77790.1 globZ=77790.1
	zmin=77580.1 zmax=78000.0 kill=1
Checking overlaps for volume pipe:0 (G4Tubs) ... OK! 
BLCMDtubs::Construct pipe parent= relZ=78209.9 globZ=78209.9
	zmin=78000.0 zmax=78419.9 kill=1
Checking overlaps for volume pipe:0 (G4Tubs) ... OK! 
BLCMDtubs::Construct pipe parent= relZ=79290.1 globZ=79290.1
	zmin=79080.1 zmax=79500.0 kill=1
Checking overlaps for volume pipe:0 (G4Tubs) ... OK! 
BLCMDtubs::Construct pipe parent= relZ=79709.9 globZ=79709.9
	zmin=79500.0 zmax=79919.9 kill=1
Checking overlaps for volume pipe:0 (G4Tubs) ... OK! 
BLCMDtubs::Construct pipe parent= relZ=80790.1 globZ=80790.1
	zmin=80580.1 zmax=81000.0 kill=1
Checking overlaps for volume pipe:0 (G4Tubs) ... OK! 
BLCMDtubs::Construct pipe parent= relZ=81209.9 globZ=81209.9
	zmin=81000.0 zmax=81419.9 kill=1
Checking overlaps for volume pipe:0 (G4Tubs) ... OK! 
BLCMDtubs::Construct pipe parent= relZ=82290.1 globZ=82290.1
	zmin=82080.1 zmax=82500.0 kill=1
Checking overlaps for volume pipe:0 (G4Tubs) ... OK! 
BLCMDtubs::Construct pipe parent= relZ=82709.9 globZ=82709.9
	zmin=82500.0 zmax=82919.9 kill=1
Checking overlaps for volume pipe:0 (G4Tubs) ... OK! 
BLCMDtubs::Construct pipe parent= relZ=83790.1 globZ=83790.1
	zmin=83580.1 zmax=84000.0 kill=1
Checking overlaps for volume pipe:0 (G4Tubs) ... OK! 
BLCMDtubs::Construct pipe parent= relZ=84209.9 globZ=84209.9
	zmin=84000.0 zmax=84419.9 kill=1
Checking overlaps for volume pipe:0 (G4Tubs) ... OK! 
BLCMDtubs::Construct pipe parent= relZ=85290.1 globZ=85290.1
	zmin=85080.1 zmax=85500.0 kill=1
Checking overlaps for volume pipe:0 (G4Tubs) ... OK! 
BLCMDtubs::Construct pipe parent= relZ=85709.9 globZ=85709.9
	zmin=85500.0 zmax=85919.9 kill=1
Checking overlaps for volume pipe:0 (G4Tubs) ... OK! 
BLCMDtubs::Construct pipe parent= relZ=86790.1 globZ=86790.1
	zmin=86580.1 zmax=87000.0 kill=1
Checking overlaps for volume pipe:0 (G4Tubs) ... OK! 
BLCMDtubs::Construct pipe parent= relZ=87209.9 globZ=87209.9
	zmin=87000.0 zmax=87419.9 kill=1
Checking overlaps for volume pipe:0 (G4Tubs) ... OK! 
BLCMDtubs::Construct pipe parent= relZ=88290.1 globZ=88290.1
	zmin=88080.1 zmax=88500.0 kill=1
Checking overlaps for volume pipe:0 (G4Tubs) ... OK! 
BLCMDtubs::Construct pipe parent= relZ=88709.9 globZ=88709.9
	zmin=88500.0 zmax=88919.9 kill=1
Checking overlaps for volume pipe:0 (G4Tubs) ... OK! 
BLCMDtubs::Construct pipe parent= relZ=89790.1 globZ=89790.1
	zmin=89580.1 zmax=90000.0 kill=1
Checking overlaps for volume pipe:0 (G4Tubs) ... OK! 
BLCMDtubs::Construct pipe parent= relZ=90209.9 globZ=90209.9
	zmin=90000.0 zmax=90419.9 kill=1
Checking overlaps for volume pipe:0 (G4Tubs) ... OK! 
BLCMDtubs::Construct pipe parent= relZ=91290.1 globZ=91290.1
	zmin=91080.1 zmax=91500.0 kill=1
Checking overlaps for volume pipe:0 (G4Tubs) ... OK! 
BLCMDtubs::Construct pipe parent= relZ=91709.9 globZ=91709.9
	zmin=91500.0 zmax=91919.9 kill=1
Checking overlaps for volume pipe:0 (G4Tubs) ... OK! 
BLCMDtubs::Construct pipe parent= relZ=92790.1 globZ=92790.1
	zmin=92580.1 zmax=93000.0 kill=1
Checking overlaps for volume pipe:0 (G4Tubs) ... OK! 
BLCMDtubs::Construct pipe parent= relZ=93209.9 globZ=93209.9
	zmin=93000.0 zmax=93419.9 kill=1
Checking overlaps for volume pipe:0 (G4Tubs) ... OK! 
BLCMDtubs::Construct pipe parent= relZ=94290.1 globZ=94290.1
	zmin=94080.1 zmax=94500.0 kill=1
Checking overlaps for volume pipe:0 (G4Tubs) ... OK! 
BLCMDtubs::Construct pipe parent= relZ=94709.9 globZ=94709.9
	zmin=94500.0 zmax=94919.9 kill=1
Checking overlaps for volume pipe:0 (G4Tubs) ... OK! 
BLCMDtubs::Construct pipe parent= relZ=95790.1 globZ=95790.1
	zmin=95580.1 zmax=96000.0 kill=1
Checking overlaps for volume pipe:0 (G4Tubs) ... OK! 
BLCMDtubs::Construct pipe parent= relZ=96209.9 globZ=96209.9
	zmin=96000.0 zmax=96419.9 kill=1
Checking overlaps for volume pipe:0 (G4Tubs) ... OK! 
BLCMDtubs::Construct pipe parent= relZ=97290.1 globZ=97290.1
	zmin=97080.1 zmax=97500.0 kill=1
Checking overlaps for volume pipe:0 (G4Tubs) ... OK! 
BLCMDtubs::Construct pipe parent= relZ=97709.9 globZ=97709.9
	zmin=97500.0 zmax=97919.9 kill=1
Checking overlaps for volume pipe:0 (G4Tubs) ... OK! 
BLCMDtubs::Construct pipe parent= relZ=98790.1 globZ=98790.1
	zmin=98580.1 zmax=99000.0 kill=1
Checking overlaps for volume rf_b_0Pipe:0 (G4Tubs) ... OK! 
Checking overlaps for volume rf_b_0UsWall:0 (G4Tubs) ... OK! 
Checking overlaps for volume rf_b_0DsWall:0 (G4Tubs) ... OK! 
Checking overlaps for volume rf_b_0UsWin1:0 (G4Tubs) ... OK! 
Checking overlaps for volume rf_b_0DsWin1:0 (G4Tubs) ... OK! 
Checking overlaps for volume rf_b_0UsWin2:0 (G4Tubs) ... OK! 
Checking overlaps for volume rf_b_0DsWin2:0 (G4Tubs) ... OK! 
Checking overlaps for volume rf_b_0DsHalf:0 (G4Tubs) ... OK! 
Checking overlaps for volume rf_b_0TimingVol:0 (G4Tubs) ... OK! 
**************************************************************************
*** G4Exception: GeomVol1002
***    severity: Warning
***   issued by: G4PVPlacement::CheckOverlaps()
*** description: Overlap with volume already placed !
          Overlap is detected for volume rf_b_0:0 (G4Tubs)
          apparently fully encapsulating volume pipe:0 (G4Tubs) at the same level!
NOTE: Reached maximum fixed number -1- of overlaps reports for this volume !
**************************************************************************
BLCMDpillbox::construct rf_b_0 parent= relZ=419.9 globZ=419.9
	zmin=309.8 zmax=529.9
Checking overlaps for volume rf_b_0:0 (G4Tubs) ... Checking overlaps for volume rf_c_0Pipe:0 (G4Tubs) ... OK! 
Checking overlaps for volume rf_c_0UsWall:0 (G4Tubs) ... OK! 
Checking overlaps for volume rf_c_0DsWall:0 (G4Tubs) ... OK! 
Checking overlaps for volume rf_c_0UsWin1:0 (G4Tubs) ... OK! 
Checking overlaps for volume rf_c_0DsWin1:0 (G4Tubs) ... OK! 
Checking overlaps for volume rf_c_0UsWin2:0 (G4Tubs) ... OK! 
Checking overlaps for volume rf_c_0DsWin2:0 (G4Tubs) ... OK! 
Checking overlaps for volume rf_c_0DsHalf:0 (G4Tubs) ... OK! 
Checking overlaps for volume rf_c_0TimingVol:0 (G4Tubs) ... OK! 
Checking overlaps for volume rf_c_0:0 (G4Tubs) ... OK! 
BLCMDpillbox::construct rf_c_0 parent= relZ=640.0 globZ=640.0
	zmin=529.9 zmax=750.0
Checking overlaps for volume rf_d_0Pipe:0 (G4Tubs) ... OK! 
Checking overlaps for volume rf_d_0UsWall:0 (G4Tubs) ... OK! 
Checking overlaps for volume rf_d_0DsWall:0 (G4Tubs) ... OK! 
Checking overlaps for volume rf_d_0UsWin1:0 (G4Tubs) ... OK! 
Checking overlaps for volume rf_d_0DsWin1:0 (G4Tubs) ... OK! 
Checking overlaps for volume rf_d_0UsWin2:0 (G4Tubs) ... OK! 
Checking overlaps for volume rf_d_0DsWin2:0 (G4Tubs) ... OK! 
Checking overlaps for volume rf_d_0DsHalf:0 (G4Tubs) ... OK! 
Checking overlaps for volume rf_d_0TimingVol:0 (G4Tubs) ... OK! 
Checking overlaps for volume rf_d_0:0 (G4Tubs) ... OK! 
BLCMDpillbox::construct rf_d_0 parent= relZ=860.0 globZ=860.0
	zmin=750.0 zmax=970.1
Checking overlaps for volume rf_e_0Pipe:0 (G4Tubs) ... OK! 
Checking overlaps for volume rf_e_0UsWall:0 (G4Tubs) ... OK! 
Checking overlaps for volume rf_e_0DsWall:0 (G4Tubs) ... OK! 
Checking overlaps for volume rf_e_0UsWin1:0 (G4Tubs) ... OK! 
Checking overlaps for volume rf_e_0DsWin1:0 (G4Tubs) ... OK! 
Checking overlaps for volume rf_e_0UsWin2:0 (G4Tubs) ... OK! 
Checking overlaps for volume rf_e_0DsWin2:0 (G4Tubs) ... OK! 
Checking overlaps for volume rf_e_0DsHalf:0 (G4Tubs) ... OK! 
Checking overlaps for volume rf_e_0TimingVol:0 (G4Tubs) ... OK! 
**************************************************************************
*** G4Exception: GeomVol1002
***    severity: Warning
***   issued by: G4PVPlacement::CheckOverlaps()
*** description: Overlap with volume already placed !
          Overlap is detected for volume rf_e_0:0 (G4Tubs) with pipe:0 (G4Tubs)
          overlap at local point (-123.682,21.6492,-99.875) by 437.152 um  (max of 1 cases)
NOTE: Reached maximum fixed number -1- of overlaps reports for this volume !
**************************************************************************
BLCMDpillbox::construct rf_e_0 parent= relZ=1080.2 globZ=1080.2
	zmin=970.1 zmax=1190.2
Checking overlaps for volume rf_e_0:0 (G4Tubs) ... Checking overlaps for volume rf_b_1Pipe:0 (G4Tubs) ... OK! 
Checking overlaps for volume rf_b_1UsWall:0 (G4Tubs) ... OK! 
Checking overlaps for volume rf_b_1DsWall:0 (G4Tubs) ... OK! 
Checking overlaps for volume rf_b_1UsWin1:0 (G4Tubs) ... OK! 
Checking overlaps for volume rf_b_1DsWin1:0 (G4Tubs) ... OK! 
Checking overlaps for volume rf_b_1UsWin2:0 (G4Tubs) ... OK! 
Checking overlaps for volume rf_b_1DsWin2:0 (G4Tubs) ... OK! 
Checking overlaps for volume rf_b_1DsHalf:0 (G4Tubs) ... OK! 
Checking overlaps for volume rf_b_1TimingVol:0 (G4Tubs) ... OK! 
Checking overlaps for volume rf_b_1:0 (G4Tubs) ... OK! 
BLCMDpillbox::construct rf_b_1 parent= relZ=1919.8 globZ=1919.8
	zmin=1809.8 zmax=2029.9
Checking overlaps for volume rf_c_1Pipe:0 (G4Tubs) ... OK! 
Checking overlaps for volume rf_c_1UsWall:0 (G4Tubs) ... OK! 
Checking overlaps for volume rf_c_1DsWall:0 (G4Tubs) ... OK! 
Checking overlaps for volume rf_c_1UsWin1:0 (G4Tubs) ... OK! 
Checking overlaps for volume rf_c_1DsWin1:0 (G4Tubs) ... OK! 
Checking overlaps for volume rf_c_1UsWin2:0 (G4Tubs) ... OK! 
Checking overlaps for volume rf_c_1DsWin2:0 (G4Tubs) ... OK! 
Checking overlaps for volume rf_c_1DsHalf:0 (G4Tubs) ... OK! 
Checking overlaps for volume rf_c_1TimingVol:0 (G4Tubs) ... OK! 
Checking overlaps for volume rf_c_1:0 (G4Tubs) ... OK! 
BLCMDpillbox::construct rf_c_1 parent= relZ=2139.9 globZ=2139.9
	zmin=2029.9 zmax=2250.0
Checking overlaps for volume rf_d_1Pipe:0 (G4Tubs) ... OK! 
Checking overlaps for volume rf_d_1UsWall:0 (G4Tubs) ... OK! 
Checking overlaps for volume rf_d_1DsWall:0 (G4Tubs) ... OK! 
Checking overlaps for volume rf_d_1UsWin1:0 (G4Tubs) ... OK! 
Checking overlaps for volume rf_d_1DsWin1:0 (G4Tubs) ... OK! 
Checking overlaps for volume rf_d_1UsWin2:0 (G4Tubs) ... OK! 
Checking overlaps for volume rf_d_1DsWin2:0 (G4Tubs) ... OK! 
Checking overlaps for volume rf_d_1DsHalf:0 (G4Tubs) ... OK! 
Checking overlaps for volume rf_d_1TimingVol:0 (G4Tubs) ... OK! 
Checking overlaps for volume rf_d_1:0 (G4Tubs) ... OK! 
BLCMDpillbox::construct rf_d_1 parent= relZ=2360.1 globZ=2360.1
	zmin=2250.0 zmax=2470.1
Checking overlaps for volume rf_e_1Pipe:0 (G4Tubs) ... OK! 
Checking overlaps for volume rf_e_1UsWall:0 (G4Tubs) ... OK! 
Checking overlaps for volume rf_e_1DsWall:0 (G4Tubs) ... OK! 
Checking overlaps for volume rf_e_1UsWin1:0 (G4Tubs) ... OK! 
Checking overlaps for volume rf_e_1DsWin1:0 (G4Tubs) ... OK! 
Checking overlaps for volume rf_e_1UsWin2:0 (G4Tubs) ... OK! 
Checking overlaps for volume rf_e_1DsWin2:0 (G4Tubs) ... OK! 
Checking overlaps for volume rf_e_1DsHalf:0 (G4Tubs) ... OK! 
Checking overlaps for volume rf_e_1TimingVol:0 (G4Tubs) ... OK! 
**************************************************************************
*** G4Exception: GeomVol1002
***    severity: Warning
***   issued by: G4PVPlacement::CheckOverlaps()
*** description: Overlap with volume already placed !
          Overlap is detected for volume rf_e_1:0 (G4Tubs) with pipe:0 (G4Tubs)
          overlap at local point (-66.6701,-106.091,-99.875) by 300.533 um  (max of 1 cases)
NOTE: Reached maximum fixed number -1- of overlaps reports for this volume !
**************************************************************************
BLCMDpillbox::construct rf_e_1 parent= relZ=2580.2 globZ=2580.2
	zmin=2470.1 zmax=2690.2
Checking overlaps for volume rf_e_1:0 (G4Tubs) ... Checking overlaps for volume rf_b_2Pipe:0 (G4Tubs) ... OK! 
Checking overlaps for volume rf_b_2UsWall:0 (G4Tubs) ... OK! 
Checking overlaps for volume rf_b_2DsWall:0 (G4Tubs) ... OK! 
Checking overlaps for volume rf_b_2UsWin1:0 (G4Tubs) ... OK! 
Checking overlaps for volume rf_b_2DsWin1:0 (G4Tubs) ... OK! 
Checking overlaps for volume rf_b_2UsWin2:0 (G4Tubs) ... OK! 
Checking overlaps for volume rf_b_2DsWin2:0 (G4Tubs) ... OK! 
Checking overlaps for volume rf_b_2DsHalf:0 (G4Tubs) ... OK! 
Checking overlaps for volume rf_b_2TimingVol:0 (G4Tubs) ... OK! 
**************************************************************************
*** G4Exception: GeomVol1002
***    severity: Warning
***   issued by: G4PVPlacement::CheckOverlaps()
*** description: Overlap with volume already placed !
          Overlap is detected for volume rf_b_2:0 (G4Tubs) with pipe:0 (G4Tubs)
          overlap at local point (-52.8267,-114.161,99.875) by 208.968 um  (max of 1 cases)
NOTE: Reached maximum fixed number -1- of overlaps reports for this volume !
**************************************************************************
BLCMDpillbox::construct rf_b_2 parent= relZ=3419.8 globZ=3419.8
	zmin=3309.8 zmax=3529.9
Checking overlaps for volume rf_b_2:0 (G4Tubs) ... Checking overlaps for volume rf_c_2Pipe:0 (G4Tubs) ... OK! 
Checking overlaps for volume rf_c_2UsWall:0 (G4Tubs) ... OK! 
Checking overlaps for volume rf_c_2DsWall:0 (G4Tubs) ... OK! 
Checking overlaps for volume rf_c_2UsWin1:0 (G4Tubs) ... OK! 
Checking overlaps for volume rf_c_2DsWin1:0 (G4Tubs) ... OK! 
Checking overlaps for volume rf_c_2UsWin2:0 (G4Tubs) ... OK! 
Checking overlaps for volume rf_c_2DsWin2:0 (G4Tubs) ... OK! 
Checking overlaps for volume rf_c_2DsHalf:0 (G4Tubs) ... OK! 
Checking overlaps for volume rf_c_2TimingVol:0 (G4Tubs) ... OK! 
Checking overlaps for volume rf_c_2:0 (G4Tubs) ... OK! 
BLCMDpillbox::construct rf_c_2 parent= relZ=3639.9 globZ=3639.9
	zmin=3529.9 zmax=3750.0
Checking overlaps for volume rf_d_2Pipe:0 (G4Tubs) ... OK! 
Checking overlaps for volume rf_d_2UsWall:0 (G4Tubs) ... OK! 
Checking overlaps for volume rf_d_2DsWall:0 (G4Tubs) ... OK! 
Checking overlaps for volume rf_d_2UsWin1:0 (G4Tubs) ... OK! 
Checking overlaps for volume rf_d_2DsWin1:0 (G4Tubs) ... OK! 
Checking overlaps for volume rf_d_2UsWin2:0 (G4Tubs) ... OK! 
Checking overlaps for volume rf_d_2DsWin2:0 (G4Tubs) ... OK! 
Checking overlaps for volume rf_d_2DsHalf:0 (G4Tubs) ... OK! 
Checking overlaps for volume rf_d_2TimingVol:0 (G4Tubs) ... OK! 
Checking overlaps for volume rf_d_2:0 (G4Tubs) ... OK! 
BLCMDpillbox::construct rf_d_2 parent= relZ=3860.1 globZ=3860.1
	zmin=3750.0 zmax=3970.1
Checking overlaps for volume rf_e_2Pipe:0 (G4Tubs) ... OK! 
Checking overlaps for volume rf_e_2UsWall:0 (G4Tubs) ... OK! 
Checking overlaps for volume rf_e_2DsWall:0 (G4Tubs) ... OK! 
Checking overlaps for volume rf_e_2UsWin1:0 (G4Tubs) ... OK! 
Checking overlaps for volume rf_e_2DsWin1:0 (G4Tubs) ... OK! 
Checking overlaps for volume rf_e_2UsWin2:0 (G4Tubs) ... OK! 
Checking overlaps for volume rf_e_2DsWin2:0 (G4Tubs) ... OK! 
Checking overlaps for volume rf_e_2DsHalf:0 (G4Tubs) ... OK! 
Checking overlaps for volume rf_e_2TimingVol:0 (G4Tubs) ... OK! 
**************************************************************************
*** G4Exception: GeomVol1002
***    severity: Warning
***   issued by: G4PVPlacement::CheckOverlaps()
*** description: Overlap with volume already placed !
          Overlap is detected for volume rf_e_2:0 (G4Tubs) with pipe:0 (G4Tubs)
          overlap at local point (-117.278,-44.6892,-99.875) by 495.793 um  (max of 1 cases)
NOTE: Reached maximum fixed number -1- of overlaps reports for this volume !
**************************************************************************
BLCMDpillbox::construct rf_e_2 parent= relZ=4080.2 globZ=4080.2
	zmin=3970.1 zmax=4190.2
Checking overlaps for volume rf_e_2:0 (G4Tubs) ... Checking overlaps for volume rf_b_3Pipe:0 (G4Tubs) ... OK! 
Checking overlaps for volume rf_b_3UsWall:0 (G4Tubs) ... OK! 
Checking overlaps for volume rf_b_3DsWall:0 (G4Tubs) ... OK! 
Checking overlaps for volume rf_b_3UsWin1:0 (G4Tubs) ... OK! 
Checking overlaps for volume rf_b_3DsWin1:0 (G4Tubs) ... OK! 
Checking overlaps for volume rf_b_3UsWin2:0 (G4Tubs) ... OK! 
Checking overlaps for volume rf_b_3DsWin2:0 (G4Tubs) ... OK! 
Checking overlaps for volume rf_b_3DsHalf:0 (G4Tubs) ... OK! 
Checking overlaps for volume rf_b_3TimingVol:0 (G4Tubs) ... OK! 
**************************************************************************
*** G4Exception: GeomVol1002
***    severity: Warning
***   issued by: G4PVPlacement::CheckOverlaps()
*** description: Overlap with volume already placed !
          Overlap is detected for volume rf_b_3:0 (G4Tubs) with pipe:0 (G4Tubs)
          overlap at local point (43.2715,-118.159,99.875) by 167.219 um  (max of 1 cases)
NOTE: Reached maximum fixed number -1- of overlaps reports for this volume !
**************************************************************************
BLCMDpillbox::construct rf_b_3 parent= relZ=4919.9 globZ=4919.9
	zmin=4809.8 zmax=5029.9
Checking overlaps for volume rf_b_3:0 (G4Tubs) ... Checking overlaps for volume rf_c_3Pipe:0 (G4Tubs) ... OK! 
Checking overlaps for volume rf_c_3UsWall:0 (G4Tubs) ... OK! 
Checking overlaps for volume rf_c_3DsWall:0 (G4Tubs) ... OK! 
Checking overlaps for volume rf_c_3UsWin1:0 (G4Tubs) ... OK! 
Checking overlaps for volume rf_c_3DsWin1:0 (G4Tubs) ... OK! 
Checking overlaps for volume rf_c_3UsWin2:0 (G4Tubs) ... OK! 
Checking overlaps for volume rf_c_3DsWin2:0 (G4Tubs) ... OK! 
Checking overlaps for volume rf_c_3DsHalf:0 (G4Tubs) ... OK! 
Checking overlaps for volume rf_c_3TimingVol:0 (G4Tubs) ... OK! 
Checking overlaps for volume rf_c_3:0 (G4Tubs) ... OK! 
BLCMDpillbox::construct rf_c_3 parent= relZ=5139.9 globZ=5139.9
	zmin=5029.9 zmax=5250.0
Checking overlaps for volume rf_d_3Pipe:0 (G4Tubs) ... OK! 
Checking overlaps for volume rf_d_3UsWall:0 (G4Tubs) ... OK! 
Checking overlaps for volume rf_d_3DsWall:0 (G4Tubs) ... OK! 
Checking overlaps for volume rf_d_3UsWin1:0 (G4Tubs) ... OK! 
Checking overlaps for volume rf_d_3DsWin1:0 (G4Tubs) ... OK! 
Checking overlaps for volume rf_d_3UsWin2:0 (G4Tubs) ... OK! 
Checking overlaps for volume rf_d_3DsWin2:0 (G4Tubs) ... OK! 
Checking overlaps for volume rf_d_3DsHalf:0 (G4Tubs) ... OK! 
Checking overlaps for volume rf_d_3TimingVol:0 (G4Tubs) ... OK! 
Checking overlaps for volume rf_d_3:0 (G4Tubs) ... OK! 
BLCMDpillbox::construct rf_d_3 parent= relZ=5360.1 globZ=5360.1
	zmin=5250.0 zmax=5470.1
Checking overlaps for volume rf_e_3Pipe:0 (G4Tubs) ... OK! 
Checking overlaps for volume rf_e_3UsWall:0 (G4Tubs) ... OK! 
Checking overlaps for volume rf_e_3DsWall:0 (G4Tubs) ... OK! 
Checking overlaps for volume rf_e_3UsWin1:0 (G4Tubs) ... OK! 
Checking overlaps for volume rf_e_3DsWin1:0 (G4Tubs) ... OK! 
Checking overlaps for volume rf_e_3UsWin2:0 (G4Tubs) ... OK! 
Checking overlaps for volume rf_e_3DsWin2:0 (G4Tubs) ... OK! 
Checking overlaps for volume rf_e_3DsHalf:0 (G4Tubs) ... OK! 
Checking overlaps for volume rf_e_3TimingVol:0 (G4Tubs) ... OK! 
**************************************************************************
*** G4Exception: GeomVol1002
***    severity: Warning
***   issued by: G4PVPlacement::CheckOverlaps()
*** description: Overlap with volume already placed !
          Overlap is detected for volume rf_e_3:0 (G4Tubs) with pipe:0 (G4Tubs)
          overlap at local point (56.102,111.96,-99.875) by 229.393 um  (max of 1 cases)
NOTE: Reached maximum fixed number -1- of overlaps reports for this volume !
**************************************************************************
BLCMDpillbox::construct rf_e_3 parent= relZ=5580.1 globZ=5580.1
	zmin=5470.1 zmax=5690.2
Checking overlaps for volume rf_e_3:0 (G4Tubs) ... Checking overlaps for volume rf_b_4Pipe:0 (G4Tubs) ... OK! 
Checking overlaps for volume rf_b_4UsWall:0 (G4Tubs) ... OK! 
Checking overlaps for volume rf_b_4DsWall:0 (G4Tubs) ... OK! 
Checking overlaps for volume rf_b_4UsWin1:0 (G4Tubs) ... OK! 
Checking overlaps for volume rf_b_4DsWin1:0 (G4Tubs) ... OK! 
Checking overlaps for volume rf_b_4UsWin2:0 (G4Tubs) ... OK! 
Checking overlaps for volume rf_b_4DsWin2:0 (G4Tubs) ... OK! 
Checking overlaps for volume rf_b_4DsHalf:0 (G4Tubs) ... OK! 
Checking overlaps for volume rf_b_4TimingVol:0 (G4Tubs) ... OK! 
**************************************************************************
*** G4Exception: GeomVol1002
***    severity: Warning
***   issued by: G4PVPlacement::CheckOverlaps()
*** description: Overlap with volume already placed !
          Overlap is detected for volume rf_b_4:0 (G4Tubs) with pipe:0 (G4Tubs)
          overlap at local point (119.314,-38.7022,99.875) by 434.448 um  (max of 1 cases)
NOTE: Reached maximum fixed number -1- of overlaps reports for this volume !
**************************************************************************
BLCMDpillbox::construct rf_b_4 parent= relZ=6419.9 globZ=6419.9
	zmin=6309.8 zmax=6529.9
Checking overlaps for volume rf_b_4:0 (G4Tubs) ... Checking overlaps for volume rf_c_4Pipe:0 (G4Tubs) ... OK! 
Checking overlaps for volume rf_c_4UsWall:0 (G4Tubs) ... OK! 
Checking overlaps for volume rf_c_4DsWall:0 (G4Tubs) ... OK! 
Checking overlaps for volume rf_c_4UsWin1:0 (G4Tubs) ... OK! 
Checking overlaps for volume rf_c_4DsWin1:0 (G4Tubs) ... OK! 
Checking overlaps for volume rf_c_4UsWin2:0 (G4Tubs) ... OK! 
Checking overlaps for volume rf_c_4DsWin2:0 (G4Tubs) ... OK! 
Checking overlaps for volume rf_c_4DsHalf:0 (G4Tubs) ... OK! 
Checking overlaps for volume rf_c_4TimingVol:0 (G4Tubs) ... OK! 
Checking overlaps for volume rf_c_4:0 (G4Tubs) ... OK! 
BLCMDpillbox::construct rf_c_4 parent= relZ=6639.9 globZ=6639.9
	zmin=6529.9 zmax=6750.0
Checking overlaps for volume rf_d_4Pipe:0 (G4Tubs) ... OK! 
Checking overlaps for volume rf_d_4UsWall:0 (G4Tubs) ... OK! 
Checking overlaps for volume rf_d_4DsWall:0 (G4Tubs) ... OK! 
Checking overlaps for volume rf_d_4UsWin1:0 (G4Tubs) ... OK! 
Checking overlaps for volume rf_d_4DsWin1:0 (G4Tubs) ... OK! 
Checking overlaps for volume rf_d_4UsWin2:0 (G4Tubs) ... OK! 
Checking overlaps for volume rf_d_4DsWin2:0 (G4Tubs) ... OK! 
Checking overlaps for volume rf_d_4DsHalf:0 (G4Tubs) ... OK! 
Checking overlaps for volume rf_d_4TimingVol:0 (G4Tubs) ... OK! 
Checking overlaps for volume rf_d_4:0 (G4Tubs) ... OK! 
BLCMDpillbox::construct rf_d_4 parent= relZ=6860.1 globZ=6860.1
	zmin=6750.0 zmax=6970.1
Checking overlaps for volume rf_e_4Pipe:0 (G4Tubs) ... OK! 
Checking overlaps for volume rf_e_4UsWall:0 (G4Tubs) ... OK! 
Checking overlaps for volume rf_e_4DsWall:0 (G4Tubs) ... OK! 
Checking overlaps for volume rf_e_4UsWin1:0 (G4Tubs) ... OK! 
Checking overlaps for volume rf_e_4DsWin1:0 (G4Tubs) ... OK! 
Checking overlaps for volume rf_e_4UsWin2:0 (G4Tubs) ... OK! 
Checking overlaps for volume rf_e_4DsWin2:0 (G4Tubs) ... OK! 
Checking overlaps for volume rf_e_4DsHalf:0 (G4Tubs) ... OK! 
Checking overlaps for volume rf_e_4TimingVol:0 (G4Tubs) ... OK! 
Checking overlaps for volume rf_e_4:0 (G4Tubs) ... OK! 
BLCMDpillbox::construct rf_e_4 parent= relZ=7080.1 globZ=7080.1
	zmin=6970.1 zmax=7190.2
Checking overlaps for volume rf_b_5Pipe:0 (G4Tubs) ... OK! 
Checking overlaps for volume rf_b_5UsWall:0 (G4Tubs) ... OK! 
Checking overlaps for volume rf_b_5DsWall:0 (G4Tubs) ... OK! 
Checking overlaps for volume rf_b_5UsWin1:0 (G4Tubs) ... OK! 
Checking overlaps for volume rf_b_5DsWin1:0 (G4Tubs) ... OK! 
Checking overlaps for volume rf_b_5UsWin2:0 (G4Tubs) ... OK! 
Checking overlaps for volume rf_b_5DsWin2:0 (G4Tubs) ... OK! 
Checking overlaps for volume rf_b_5DsHalf:0 (G4Tubs) ... OK! 
Checking overlaps for volume rf_b_5TimingVol:0 (G4Tubs) ... OK! 
**************************************************************************
*** G4Exception: GeomVol1002
***    severity: Warning
***   issued by: G4PVPlacement::CheckOverlaps()
*** description: Overlap with volume already placed !
          Overlap is detected for volume rf_b_5:0 (G4Tubs)
          apparently fully encapsulating volume pipe:0 (G4Tubs) at the same level!
NOTE: Reached maximum fixed number -1- of overlaps reports for this volume !
**************************************************************************
BLCMDpillbox::construct rf_b_5 parent= relZ=7919.9 globZ=7919.9
	zmin=7809.8 zmax=8029.9
Checking overlaps for volume rf_b_5:0 (G4Tubs) ... Checking overlaps for volume rf_c_5Pipe:0 (G4Tubs) ... OK! 
Checking overlaps for volume rf_c_5UsWall:0 (G4Tubs) ... OK! 
Checking overlaps for volume rf_c_5DsWall:0 (G4Tubs) ... OK! 
Checking overlaps for volume rf_c_5UsWin1:0 (G4Tubs) ... OK! 
Checking overlaps for volume rf_c_5DsWin1:0 (G4Tubs) ... OK! 
Checking overlaps for volume rf_c_5UsWin2:0 (G4Tubs) ... OK! 
Checking overlaps for volume rf_c_5DsWin2:0 (G4Tubs) ... OK! 
Checking overlaps for volume rf_c_5DsHalf:0 (G4Tubs) ... OK! 
Checking overlaps for volume rf_c_5TimingVol:0 (G4Tubs) ... OK! 
Checking overlaps for volume rf_c_5:0 (G4Tubs) ... OK! 
BLCMDpillbox::construct rf_c_5 parent= relZ=8139.9 globZ=8139.9
	zmin=8029.9 zmax=8250.0
Checking overlaps for volume rf_d_5Pipe:0 (G4Tubs) ... OK! 
Checking overlaps for volume rf_d_5UsWall:0 (G4Tubs) ... OK! 
Checking overlaps for volume rf_d_5DsWall:0 (G4Tubs) ... OK! 
Checking overlaps for volume rf_d_5UsWin1:0 (G4Tubs) ... OK! 
Checking overlaps for volume rf_d_5DsWin1:0 (G4Tubs) ... OK! 
Checking overlaps for volume rf_d_5UsWin2:0 (G4Tubs) ... OK! 
Checking overlaps for volume rf_d_5DsWin2:0 (G4Tubs) ... OK! 
Checking overlaps for volume rf_d_5DsHalf:0 (G4Tubs) ... OK! 
Checking overlaps for volume rf_d_5TimingVol:0 (G4Tubs) ... OK! 
Checking overlaps for volume rf_d_5:0 (G4Tubs) ... OK! 
BLCMDpillbox::construct rf_d_5 parent= relZ=8360.0 globZ=8360.0
	zmin=8250.0 zmax=8470.1
Checking overlaps for volume rf_e_5Pipe:0 (G4Tubs) ... OK! 
Checking overlaps for volume rf_e_5UsWall:0 (G4Tubs) ... OK! 
Checking overlaps for volume rf_e_5DsWall:0 (G4Tubs) ... OK! 
Checking overlaps for volume rf_e_5UsWin1:0 (G4Tubs) ... OK! 
Checking overlaps for volume rf_e_5DsWin1:0 (G4Tubs) ... OK! 
Checking overlaps for volume rf_e_5UsWin2:0 (G4Tubs) ... OK! 
Checking overlaps for volume rf_e_5DsWin2:0 (G4Tubs) ... OK! 
Checking overlaps for volume rf_e_5DsHalf:0 (G4Tubs) ... OK! 
Checking overlaps for volume rf_e_5TimingVol:0 (G4Tubs) ... OK! 
**************************************************************************
*** G4Exception: GeomVol1002
***    severity: Warning
***   issued by: G4PVPlacement::CheckOverlaps()
*** description: Overlap with volume already placed !
          Overlap is detected for volume rf_e_5:0 (G4Tubs) with pipe:0 (G4Tubs)
          overlap at local point (-44.2899,117.77,-99.875) by 177.434 um  (max of 1 cases)
NOTE: Reached maximum fixed number -1- of overlaps reports for this volume !
***    printing: every 10-th occurrence
**************************************************************************
BLCMDpillbox::construct rf_e_5 parent= relZ=8580.1 globZ=8580.1
	zmin=8470.1 zmax=8690.2
Checking overlaps for volume rf_e_5:0 (G4Tubs) ... Checking overlaps for volume rf_b_6Pipe:0 (G4Tubs) ... OK! 
Checking overlaps for volume rf_b_6UsWall:0 (G4Tubs) ... OK! 
Checking overlaps for volume rf_b_6DsWall:0 (G4Tubs) ... OK! 
Checking overlaps for volume rf_b_6UsWin1:0 (G4Tubs) ... OK! 
Checking overlaps for volume rf_b_6DsWin1:0 (G4Tubs) ... OK! 
Checking overlaps for volume rf_b_6UsWin2:0 (G4Tubs) ... OK! 
Checking overlaps for volume rf_b_6DsWin2:0 (G4Tubs) ... OK! 
Checking overlaps for volume rf_b_6DsHalf:0 (G4Tubs) ... OK! 
Checking overlaps for volume rf_b_6TimingVol:0 (G4Tubs) ... OK! 
BLCMDpillbox::construct rf_b_6 parent= relZ=9419.9 globZ=9419.9
	zmin=9309.8 zmax=9529.9
Checking overlaps for volume rf_b_6:0 (G4Tubs) ... Checking overlaps for volume rf_c_6Pipe:0 (G4Tubs) ... OK! 
Checking overlaps for volume rf_c_6UsWall:0 (G4Tubs) ... OK! 
Checking overlaps for volume rf_c_6DsWall:0 (G4Tubs) ... OK! 
Checking overlaps for volume rf_c_6UsWin1:0 (G4Tubs) ... OK! 
Checking overlaps for volume rf_c_6DsWin1:0 (G4Tubs) ... OK! 
Checking overlaps for volume rf_c_6UsWin2:0 (G4Tubs) ... OK! 
Checking overlaps for volume rf_c_6DsWin2:0 (G4Tubs) ... OK! 
Checking overlaps for volume rf_c_6DsHalf:0 (G4Tubs) ... OK! 
Checking overlaps for volume rf_c_6TimingVol:0 (G4Tubs) ... OK! 
Checking overlaps for volume rf_c_6:0 (G4Tubs) ... OK! 
BLCMDpillbox::construct rf_c_6 parent= relZ=9640.0 globZ=9640.0
	zmin=9529.9 zmax=9750.0
Checking overlaps for volume rf_d_6Pipe:0 (G4Tubs) ... OK! 
Checking overlaps for volume rf_d_6UsWall:0 (G4Tubs) ... OK! 
Checking overlaps for volume rf_d_6DsWall:0 (G4Tubs) ... OK! 
Checking overlaps for volume rf_d_6UsWin1:0 (G4Tubs) ... OK! 
Checking overlaps for volume rf_d_6DsWin1:0 (G4Tubs) ... OK! 
Checking overlaps for volume rf_d_6UsWin2:0 (G4Tubs) ... OK! 
Checking overlaps for volume rf_d_6DsWin2:0 (G4Tubs) ... OK! 
Checking overlaps for volume rf_d_6DsHalf:0 (G4Tubs) ... OK! 
Checking overlaps for volume rf_d_6TimingVol:0 (G4Tubs) ... OK! 
Checking overlaps for volume rf_d_6:0 (G4Tubs) ... OK! 
BLCMDpillbox::construct rf_d_6 parent= relZ=9860.0 globZ=9860.0
	zmin=9750.0 zmax=9970.1
Checking overlaps for volume rf_e_6Pipe:0 (G4Tubs) ... OK! 
Checking overlaps for volume rf_e_6UsWall:0 (G4Tubs) ... OK! 
Checking overlaps for volume rf_e_6DsWall:0 (G4Tubs) ... OK! 
Checking overlaps for volume rf_e_6UsWin1:0 (G4Tubs) ... OK! 
Checking overlaps for volume rf_e_6DsWin1:0 (G4Tubs) ... OK! 
Checking overlaps for volume rf_e_6UsWin2:0 (G4Tubs) ... OK! 
Checking overlaps for volume rf_e_6DsWin2:0 (G4Tubs) ... OK! 
Checking overlaps for volume rf_e_6DsHalf:0 (G4Tubs) ... OK! 
Checking overlaps for volume rf_e_6TimingVol:0 (G4Tubs) ... OK! 
BLCMDpillbox::construct rf_e_6 parent= relZ=10080.1 globZ=10080.1
	zmin=9970.1 zmax=10190.2
Checking overlaps for volume rf_e_6:0 (G4Tubs) ... Checking overlaps for volume rf_b_7Pipe:0 (G4Tubs) ... OK! 
Checking overlaps for volume rf_b_7UsWall:0 (G4Tubs) ... OK! 
Checking overlaps for volume rf_b_7DsWall:0 (G4Tubs) ... OK! 
Checking overlaps for volume rf_b_7UsWin1:0 (G4Tubs) ... OK! 
Checking overlaps for volume rf_b_7DsWin1:0 (G4Tubs) ... OK! 
Checking overlaps for volume rf_b_7UsWin2:0 (G4Tubs) ... OK! 
Checking overlaps for volume rf_b_7DsWin2:0 (G4Tubs) ... OK! 
Checking overlaps for volume rf_b_7DsHalf:0 (G4Tubs) ... OK! 
Checking overlaps for volume rf_b_7TimingVol:0 (G4Tubs) ... OK! 
BLCMDpillbox::construct rf_b_7 parent= relZ=10919.9 globZ=10919.9
	zmin=10809.8 zmax=11029.9
Checking overlaps for volume rf_b_7:0 (G4Tubs) ... Checking overlaps for volume rf_c_7Pipe:0 (G4Tubs) ... OK! 
Checking overlaps for volume rf_c_7UsWall:0 (G4Tubs) ... OK! 
Checking overlaps for volume rf_c_7DsWall:0 (G4Tubs) ... OK! 
Checking overlaps for volume rf_c_7UsWin1:0 (G4Tubs) ... OK! 
Checking overlaps for volume rf_c_7DsWin1:0 (G4Tubs) ... OK! 
Checking overlaps for volume rf_c_7UsWin2:0 (G4Tubs) ... OK! 
Checking overlaps for volume rf_c_7DsWin2:0 (G4Tubs) ... OK! 
Checking overlaps for volume rf_c_7DsHalf:0 (G4Tubs) ... OK! 
Checking overlaps for volume rf_c_7TimingVol:0 (G4Tubs) ... OK! 
Checking overlaps for volume rf_c_7:0 (G4Tubs) ... OK! 
BLCMDpillbox::construct rf_c_7 parent= relZ=11140.0 globZ=11140.0
	zmin=11029.9 zmax=11250.0
Checking overlaps for volume rf_d_7Pipe:0 (G4Tubs) ... OK! 
Checking overlaps for volume rf_d_7UsWall:0 (G4Tubs) ... OK! 
Checking overlaps for volume rf_d_7DsWall:0 (G4Tubs) ... OK! 
Checking overlaps for volume rf_d_7UsWin1:0 (G4Tubs) ... OK! 
Checking overlaps for volume rf_d_7DsWin1:0 (G4Tubs) ... OK! 
Checking overlaps for volume rf_d_7UsWin2:0 (G4Tubs) ... OK! 
Checking overlaps for volume rf_d_7DsWin2:0 (G4Tubs) ... OK! 
Checking overlaps for volume rf_d_7DsHalf:0 (G4Tubs) ... OK! 
Checking overlaps for volume rf_d_7TimingVol:0 (G4Tubs) ... OK! 
Checking overlaps for volume rf_d_7:0 (G4Tubs) ... OK! 
BLCMDpillbox::construct rf_d_7 parent= relZ=11360.0 globZ=11360.0
	zmin=11250.0 zmax=11470.1
Checking overlaps for volume rf_e_7Pipe:0 (G4Tubs) ... OK! 
Checking overlaps for volume rf_e_7UsWall:0 (G4Tubs) ... OK! 
Checking overlaps for volume rf_e_7DsWall:0 (G4Tubs) ... OK! 
Checking overlaps for volume rf_e_7UsWin1:0 (G4Tubs) ... OK! 
Checking overlaps for volume rf_e_7DsWin1:0 (G4Tubs) ... OK! 
Checking overlaps for volume rf_e_7UsWin2:0 (G4Tubs) ... OK! 
Checking overlaps for volume rf_e_7DsWin2:0 (G4Tubs) ... OK! 
Checking overlaps for volume rf_e_7DsHalf:0 (G4Tubs) ... OK! 
Checking overlaps for volume rf_e_7TimingVol:0 (G4Tubs) ... OK! 
BLCMDpillbox::construct rf_e_7 parent= relZ=11580.1 globZ=11580.1
	zmin=11470.1 zmax=11690.2
Checking overlaps for volume rf_e_7:0 (G4Tubs) ... Checking overlaps for volume rf_b_8Pipe:0 (G4Tubs) ... OK! 
Checking overlaps for volume rf_b_8UsWall:0 (G4Tubs) ... OK! 
Checking overlaps for volume rf_b_8DsWall:0 (G4Tubs) ... OK! 
Checking overlaps for volume rf_b_8UsWin1:0 (G4Tubs) ... OK! 
Checking overlaps for volume rf_b_8DsWin1:0 (G4Tubs) ... OK! 
Checking overlaps for volume rf_b_8UsWin2:0 (G4Tubs) ... OK! 
Checking overlaps for volume rf_b_8DsWin2:0 (G4Tubs) ... OK! 
Checking overlaps for volume rf_b_8DsHalf:0 (G4Tubs) ... OK! 
Checking overlaps for volume rf_b_8TimingVol:0 (G4Tubs) ... OK! 
Checking overlaps for volume rf_b_8:0 (G4Tubs) ... OK! 
BLCMDpillbox::construct rf_b_8 parent= relZ=12419.9 globZ=12419.9
	zmin=12309.8 zmax=12529.9
Checking overlaps for volume rf_c_8Pipe:0 (G4Tubs) ... OK! 
Checking overlaps for volume rf_c_8UsWall:0 (G4Tubs) ... OK! 
Checking overlaps for volume rf_c_8DsWall:0 (G4Tubs) ... OK! 
Checking overlaps for volume rf_c_8UsWin1:0 (G4Tubs) ... OK! 
Checking overlaps for volume rf_c_8DsWin1:0 (G4Tubs) ... OK! 
Checking overlaps for volume rf_c_8UsWin2:0 (G4Tubs) ... OK! 
Checking overlaps for volume rf_c_8DsWin2:0 (G4Tubs) ... OK! 
Checking overlaps for volume rf_c_8DsHalf:0 (G4Tubs) ... OK! 
Checking overlaps for volume rf_c_8TimingVol:0 (G4Tubs) ... OK! 
Checking overlaps for volume rf_c_8:0 (G4Tubs) ... OK! 
BLCMDpillbox::construct rf_c_8 parent= relZ=12640.0 globZ=12640.0
	zmin=12529.9 zmax=12750.0
Checking overlaps for volume rf_d_8Pipe:0 (G4Tubs) ... OK! 
Checking overlaps for volume rf_d_8UsWall:0 (G4Tubs) ... OK! 
Checking overlaps for volume rf_d_8DsWall:0 (G4Tubs) ... OK! 
Checking overlaps for volume rf_d_8UsWin1:0 (G4Tubs) ... OK! 
Checking overlaps for volume rf_d_8DsWin1:0 (G4Tubs) ... OK! 
Checking overlaps for volume rf_d_8UsWin2:0 (G4Tubs) ... OK! 
Checking overlaps for volume rf_d_8DsWin2:0 (G4Tubs) ... OK! 
Checking overlaps for volume rf_d_8DsHalf:0 (G4Tubs) ... OK! 
Checking overlaps for volume rf_d_8TimingVol:0 (G4Tubs) ... OK! 
Checking overlaps for volume rf_d_8:0 (G4Tubs) ... OK! 
BLCMDpillbox::construct rf_d_8 parent= relZ=12860.0 globZ=12860.0
	zmin=12750.0 zmax=12970.1
Checking overlaps for volume rf_e_8Pipe:0 (G4Tubs) ... OK! 
Checking overlaps for volume rf_e_8UsWall:0 (G4Tubs) ... OK! 
Checking overlaps for volume rf_e_8DsWall:0 (G4Tubs) ... OK! 
Checking overlaps for volume rf_e_8UsWin1:0 (G4Tubs) ... OK! 
Checking overlaps for volume rf_e_8DsWin1:0 (G4Tubs) ... OK! 
Checking overlaps for volume rf_e_8UsWin2:0 (G4Tubs) ... OK! 
Checking overlaps for volume rf_e_8DsWin2:0 (G4Tubs) ... OK! 
Checking overlaps for volume rf_e_8DsHalf:0 (G4Tubs) ... OK! 
Checking overlaps for volume rf_e_8TimingVol:0 (G4Tubs) ... OK! 
BLCMDpillbox::construct rf_e_8 parent= relZ=13080.1 globZ=13080.1
	zmin=12970.1 zmax=13190.2
Checking overlaps for volume rf_e_8:0 (G4Tubs) ... Checking overlaps for volume rf_b_9Pipe:0 (G4Tubs) ... OK! 
Checking overlaps for volume rf_b_9UsWall:0 (G4Tubs) ... OK! 
Checking overlaps for volume rf_b_9DsWall:0 (G4Tubs) ... OK! 
Checking overlaps for volume rf_b_9UsWin1:0 (G4Tubs) ... OK! 
Checking overlaps for volume rf_b_9DsWin1:0 (G4Tubs) ... OK! 
Checking overlaps for volume rf_b_9UsWin2:0 (G4Tubs) ... OK! 
Checking overlaps for volume rf_b_9DsWin2:0 (G4Tubs) ... OK! 
Checking overlaps for volume rf_b_9DsHalf:0 (G4Tubs) ... OK! 
Checking overlaps for volume rf_b_9TimingVol:0 (G4Tubs) ... OK! 
BLCMDpillbox::construct rf_b_9 parent= relZ=13919.9 globZ=13919.9
	zmin=13809.8 zmax=14029.9
Checking overlaps for volume rf_b_9:0 (G4Tubs) ... Checking overlaps for volume rf_c_9Pipe:0 (G4Tubs) ... OK! 
Checking overlaps for volume rf_c_9UsWall:0 (G4Tubs) ... OK! 
Checking overlaps for volume rf_c_9DsWall:0 (G4Tubs) ... OK! 
Checking overlaps for volume rf_c_9UsWin1:0 (G4Tubs) ... OK! 
Checking overlaps for volume rf_c_9DsWin1:0 (G4Tubs) ... OK! 
Checking overlaps for volume rf_c_9UsWin2:0 (G4Tubs) ... OK! 
Checking overlaps for volume rf_c_9DsWin2:0 (G4Tubs) ... OK! 
Checking overlaps for volume rf_c_9DsHalf:0 (G4Tubs) ... OK! 
Checking overlaps for volume rf_c_9TimingVol:0 (G4Tubs) ... OK! 
Checking overlaps for volume rf_c_9:0 (G4Tubs) ... OK! 
BLCMDpillbox::construct rf_c_9 parent= relZ=14140.0 globZ=14140.0
	zmin=14029.9 zmax=14250.0
Checking overlaps for volume rf_d_9Pipe:0 (G4Tubs) ... OK! 
Checking overlaps for volume rf_d_9UsWall:0 (G4Tubs) ... OK! 
Checking overlaps for volume rf_d_9DsWall:0 (G4Tubs) ... OK! 
Checking overlaps for volume rf_d_9UsWin1:0 (G4Tubs) ... OK! 
Checking overlaps for volume rf_d_9DsWin1:0 (G4Tubs) ... OK! 
Checking overlaps for volume rf_d_9UsWin2:0 (G4Tubs) ... OK! 
Checking overlaps for volume rf_d_9DsWin2:0 (G4Tubs) ... OK! 
Checking overlaps for volume rf_d_9DsHalf:0 (G4Tubs) ... OK! 
Checking overlaps for volume rf_d_9TimingVol:0 (G4Tubs) ... OK! 
Checking overlaps for volume rf_d_9:0 (G4Tubs) ... OK! 
BLCMDpillbox::construct rf_d_9 parent= relZ=14360.0 globZ=14360.0
	zmin=14250.0 zmax=14470.1
Checking overlaps for volume rf_e_9Pipe:0 (G4Tubs) ... OK! 
Checking overlaps for volume rf_e_9UsWall:0 (G4Tubs) ... OK! 
Checking overlaps for volume rf_e_9DsWall:0 (G4Tubs) ... OK! 
Checking overlaps for volume rf_e_9UsWin1:0 (G4Tubs) ... OK! 
Checking overlaps for volume rf_e_9DsWin1:0 (G4Tubs) ... OK! 
Checking overlaps for volume rf_e_9UsWin2:0 (G4Tubs) ... OK! 
Checking overlaps for volume rf_e_9DsWin2:0 (G4Tubs) ... OK! 
Checking overlaps for volume rf_e_9DsHalf:0 (G4Tubs) ... OK! 
Checking overlaps for volume rf_e_9TimingVol:0 (G4Tubs) ... OK! 
Checking overlaps for volume rf_e_9:0 (G4Tubs) ... OK! 
BLCMDpillbox::construct rf_e_9 parent= relZ=14580.1 globZ=14580.1
	zmin=14470.1 zmax=14690.2
Checking overlaps for volume rf_b_10Pipe:0 (G4Tubs) ... OK! 
Checking overlaps for volume rf_b_10UsWall:0 (G4Tubs) ... OK! 
Checking overlaps for volume rf_b_10DsWall:0 (G4Tubs) ... OK! 
Checking overlaps for volume rf_b_10UsWin1:0 (G4Tubs) ... OK! 
Checking overlaps for volume rf_b_10DsWin1:0 (G4Tubs) ... OK! 
Checking overlaps for volume rf_b_10UsWin2:0 (G4Tubs) ... OK! 
Checking overlaps for volume rf_b_10DsWin2:0 (G4Tubs) ... OK! 
Checking overlaps for volume rf_b_10DsHalf:0 (G4Tubs) ... OK! 
Checking overlaps for volume rf_b_10TimingVol:0 (G4Tubs) ... OK! 
Checking overlaps for volume rf_b_10:0 (G4Tubs) ... OK! 
BLCMDpillbox::construct rf_b_10 parent= relZ=15419.9 globZ=15419.9
	zmin=15309.8 zmax=15529.9
Checking overlaps for volume rf_c_10Pipe:0 (G4Tubs) ... OK! 
Checking overlaps for volume rf_c_10UsWall:0 (G4Tubs) ... OK! 
Checking overlaps for volume rf_c_10DsWall:0 (G4Tubs) ... OK! 
Checking overlaps for volume rf_c_10UsWin1:0 (G4Tubs) ... OK! 
Checking overlaps for volume rf_c_10DsWin1:0 (G4Tubs) ... OK! 
Checking overlaps for volume rf_c_10UsWin2:0 (G4Tubs) ... OK! 
Checking overlaps for volume rf_c_10DsWin2:0 (G4Tubs) ... OK! 
Checking overlaps for volume rf_c_10DsHalf:0 (G4Tubs) ... OK! 
Checking overlaps for volume rf_c_10TimingVol:0 (G4Tubs) ... OK! 
Checking overlaps for volume rf_c_10:0 (G4Tubs) ... OK! 
BLCMDpillbox::construct rf_c_10 parent= relZ=15640.0 globZ=15640.0
	zmin=15529.9 zmax=15750.0
Checking overlaps for volume rf_d_10Pipe:0 (G4Tubs) ... OK! 
Checking overlaps for volume rf_d_10UsWall:0 (G4Tubs) ... OK! 
Checking overlaps for volume rf_d_10DsWall:0 (G4Tubs) ... OK! 
Checking overlaps for volume rf_d_10UsWin1:0 (G4Tubs) ... OK! 
Checking overlaps for volume rf_d_10DsWin1:0 (G4Tubs) ... OK! 
Checking overlaps for volume rf_d_10UsWin2:0 (G4Tubs) ... OK! 
Checking overlaps for volume rf_d_10DsWin2:0 (G4Tubs) ... OK! 
Checking overlaps for volume rf_d_10DsHalf:0 (G4Tubs) ... OK! 
Checking overlaps for volume rf_d_10TimingVol:0 (G4Tubs) ... OK! 
Checking overlaps for volume rf_d_10:0 (G4Tubs) ... OK! 
BLCMDpillbox::construct rf_d_10 parent= relZ=15860.0 globZ=15860.0
	zmin=15750.0 zmax=15970.1
Checking overlaps for volume rf_e_10Pipe:0 (G4Tubs) ... OK! 
Checking overlaps for volume rf_e_10UsWall:0 (G4Tubs) ... OK! 
Checking overlaps for volume rf_e_10DsWall:0 (G4Tubs) ... OK! 
Checking overlaps for volume rf_e_10UsWin1:0 (G4Tubs) ... OK! 
Checking overlaps for volume rf_e_10DsWin1:0 (G4Tubs) ... OK! 
Checking overlaps for volume rf_e_10UsWin2:0 (G4Tubs) ... OK! 
Checking overlaps for volume rf_e_10DsWin2:0 (G4Tubs) ... OK! 
Checking overlaps for volume rf_e_10DsHalf:0 (G4Tubs) ... OK! 
Checking overlaps for volume rf_e_10TimingVol:0 (G4Tubs) ... OK! 
BLCMDpillbox::construct rf_e_10 parent= relZ=16080.1 globZ=16080.1
	zmin=15970.1 zmax=16190.2
Checking overlaps for volume rf_e_10:0 (G4Tubs) ... Checking overlaps for volume rf_b_11Pipe:0 (G4Tubs) ... OK! 
Checking overlaps for volume rf_b_11UsWall:0 (G4Tubs) ... OK! 
Checking overlaps for volume rf_b_11DsWall:0 (G4Tubs) ... OK! 
Checking overlaps for volume rf_b_11UsWin1:0 (G4Tubs) ... OK! 
Checking overlaps for volume rf_b_11DsWin1:0 (G4Tubs) ... OK! 
Checking overlaps for volume rf_b_11UsWin2:0 (G4Tubs) ... OK! 
Checking overlaps for volume rf_b_11DsWin2:0 (G4Tubs) ... OK! 
Checking overlaps for volume rf_b_11DsHalf:0 (G4Tubs) ... OK! 
Checking overlaps for volume rf_b_11TimingVol:0 (G4Tubs) ... OK! 
BLCMDpillbox::construct rf_b_11 parent= relZ=16919.8 globZ=16919.8
	zmin=16809.8 zmax=17029.9
Checking overlaps for volume rf_b_11:0 (G4Tubs) ... Checking overlaps for volume rf_c_11Pipe:0 (G4Tubs) ... OK! 
Checking overlaps for volume rf_c_11UsWall:0 (G4Tubs) ... OK! 
Checking overlaps for volume rf_c_11DsWall:0 (G4Tubs) ... OK! 
Checking overlaps for volume rf_c_11UsWin1:0 (G4Tubs) ... OK! 
Checking overlaps for volume rf_c_11DsWin1:0 (G4Tubs) ... OK! 
Checking overlaps for volume rf_c_11UsWin2:0 (G4Tubs) ... OK! 
Checking overlaps for volume rf_c_11DsWin2:0 (G4Tubs) ... OK! 
Checking overlaps for volume rf_c_11DsHalf:0 (G4Tubs) ... OK! 
Checking overlaps for volume rf_c_11TimingVol:0 (G4Tubs) ... OK! 
Checking overlaps for volume rf_c_11:0 (G4Tubs) ... OK! 
BLCMDpillbox::construct rf_c_11 parent= relZ=17140.0 globZ=17140.0
	zmin=17029.9 zmax=17250.0
Checking overlaps for volume rf_d_11Pipe:0 (G4Tubs) ... OK! 
Checking overlaps for volume rf_d_11UsWall:0 (G4Tubs) ... OK! 
Checking overlaps for volume rf_d_11DsWall:0 (G4Tubs) ... OK! 
Checking overlaps for volume rf_d_11UsWin1:0 (G4Tubs) ... OK! 
Checking overlaps for volume rf_d_11DsWin1:0 (G4Tubs) ... OK! 
Checking overlaps for volume rf_d_11UsWin2:0 (G4Tubs) ... OK! 
Checking overlaps for volume rf_d_11DsWin2:0 (G4Tubs) ... OK! 
Checking overlaps for volume rf_d_11DsHalf:0 (G4Tubs) ... OK! 
Checking overlaps for volume rf_d_11TimingVol:0 (G4Tubs) ... OK! 
Checking overlaps for volume rf_d_11:0 (G4Tubs) ... OK! 
BLCMDpillbox::construct rf_d_11 parent= relZ=17360.0 globZ=17360.0
	zmin=17250.0 zmax=17470.1
Checking overlaps for volume rf_e_11Pipe:0 (G4Tubs) ... OK! 
Checking overlaps for volume rf_e_11UsWall:0 (G4Tubs) ... OK! 
Checking overlaps for volume rf_e_11DsWall:0 (G4Tubs) ... OK! 
Checking overlaps for volume rf_e_11UsWin1:0 (G4Tubs) ... OK! 
Checking overlaps for volume rf_e_11DsWin1:0 (G4Tubs) ... OK! 
Checking overlaps for volume rf_e_11UsWin2:0 (G4Tubs) ... OK! 
Checking overlaps for volume rf_e_11DsWin2:0 (G4Tubs) ... OK! 
Checking overlaps for volume rf_e_11DsHalf:0 (G4Tubs) ... OK! 
Checking overlaps for volume rf_e_11TimingVol:0 (G4Tubs) ... OK! 
Checking overlaps for volume rf_e_11:0 (G4Tubs) ... OK! 
BLCMDpillbox::construct rf_e_11 parent= relZ=17580.2 globZ=17580.2
	zmin=17470.1 zmax=17690.2
Checking overlaps for volume rf_b_12Pipe:0 (G4Tubs) ... OK! 
Checking overlaps for volume rf_b_12UsWall:0 (G4Tubs) ... OK! 
Checking overlaps for volume rf_b_12DsWall:0 (G4Tubs) ... OK! 
Checking overlaps for volume rf_b_12UsWin1:0 (G4Tubs) ... OK! 
Checking overlaps for volume rf_b_12DsWin1:0 (G4Tubs) ... OK! 
Checking overlaps for volume rf_b_12UsWin2:0 (G4Tubs) ... OK! 
Checking overlaps for volume rf_b_12DsWin2:0 (G4Tubs) ... OK! 
Checking overlaps for volume rf_b_12DsHalf:0 (G4Tubs) ... OK! 
Checking overlaps for volume rf_b_12TimingVol:0 (G4Tubs) ... OK! 
BLCMDpillbox::construct rf_b_12 parent= relZ=18419.8 globZ=18419.8
	zmin=18309.8 zmax=18529.9
Checking overlaps for volume rf_b_12:0 (G4Tubs) ... Checking overlaps for volume rf_c_12Pipe:0 (G4Tubs) ... OK! 
Checking overlaps for volume rf_c_12UsWall:0 (G4Tubs) ... OK! 
Checking overlaps for volume rf_c_12DsWall:0 (G4Tubs) ... OK! 
Checking overlaps for volume rf_c_12UsWin1:0 (G4Tubs) ... OK! 
Checking overlaps for volume rf_c_12DsWin1:0 (G4Tubs) ... OK! 
Checking overlaps for volume rf_c_12UsWin2:0 (G4Tubs) ... OK! 
Checking overlaps for volume rf_c_12DsWin2:0 (G4Tubs) ... OK! 
Checking overlaps for volume rf_c_12DsHalf:0 (G4Tubs) ... OK! 
Checking overlaps for volume rf_c_12TimingVol:0 (G4Tubs) ... OK! 
Checking overlaps for volume rf_c_12:0 (G4Tubs) ... OK! 
BLCMDpillbox::construct rf_c_12 parent= relZ=18640.0 globZ=18640.0
	zmin=18529.9 zmax=18750.0
Checking overlaps for volume rf_d_12Pipe:0 (G4Tubs) ... OK! 
Checking overlaps for volume rf_d_12UsWall:0 (G4Tubs) ... OK! 
Checking overlaps for volume rf_d_12DsWall:0 (G4Tubs) ... OK! 
Checking overlaps for volume rf_d_12UsWin1:0 (G4Tubs) ... OK! 
Checking overlaps for volume rf_d_12DsWin1:0 (G4Tubs) ... OK! 
Checking overlaps for volume rf_d_12UsWin2:0 (G4Tubs) ... OK! 
Checking overlaps for volume rf_d_12DsWin2:0 (G4Tubs) ... OK! 
Checking overlaps for volume rf_d_12DsHalf:0 (G4Tubs) ... OK! 
Checking overlaps for volume rf_d_12TimingVol:0 (G4Tubs) ... OK! 
Checking overlaps for volume rf_d_12:0 (G4Tubs) ... OK! 
BLCMDpillbox::construct rf_d_12 parent= relZ=18860.0 globZ=18860.0
	zmin=18750.0 zmax=18970.1
Checking overlaps for volume rf_e_12Pipe:0 (G4Tubs) ... OK! 
Checking overlaps for volume rf_e_12UsWall:0 (G4Tubs) ... OK! 
Checking overlaps for volume rf_e_12DsWall:0 (G4Tubs) ... OK! 
Checking overlaps for volume rf_e_12UsWin1:0 (G4Tubs) ... OK! 
Checking overlaps for volume rf_e_12DsWin1:0 (G4Tubs) ... OK! 
Checking overlaps for volume rf_e_12UsWin2:0 (G4Tubs) ... OK! 
Checking overlaps for volume rf_e_12DsWin2:0 (G4Tubs) ... OK! 
Checking overlaps for volume rf_e_12DsHalf:0 (G4Tubs) ... OK! 
Checking overlaps for volume rf_e_12TimingVol:0 (G4Tubs) ... OK! 
Checking overlaps for volume rf_e_12:0 (G4Tubs) ... OK! 
BLCMDpillbox::construct rf_e_12 parent= relZ=19080.2 globZ=19080.2
	zmin=18970.1 zmax=19190.2
Checking overlaps for volume rf_b_13Pipe:0 (G4Tubs) ... OK! 
Checking overlaps for volume rf_b_13UsWall:0 (G4Tubs) ... OK! 
Checking overlaps for volume rf_b_13DsWall:0 (G4Tubs) ... OK! 
Checking overlaps for volume rf_b_13UsWin1:0 (G4Tubs) ... OK! 
Checking overlaps for volume rf_b_13DsWin1:0 (G4Tubs) ... OK! 
Checking overlaps for volume rf_b_13UsWin2:0 (G4Tubs) ... OK! 
Checking overlaps for volume rf_b_13DsWin2:0 (G4Tubs) ... OK! 
Checking overlaps for volume rf_b_13DsHalf:0 (G4Tubs) ... OK! 
Checking overlaps for volume rf_b_13TimingVol:0 (G4Tubs) ... OK! 
**************************************************************************
*** G4Exception: GeomVol1002
***    severity: Warning
***   issued by: G4PVPlacement::CheckOverlaps()
*** description: Overlap with volume already placed !
          Overlap is detected for volume rf_b_13:0 (G4Tubs) with pipe:0 (G4Tubs)
          overlap at local point (3.36237,125.028,99.875) by 73.0254 um  (max of 1 cases)
NOTE: Reached maximum fixed number -1- of overlaps reports for this volume !
***    printing: every 10-th occurrence
**************************************************************************
BLCMDpillbox::construct rf_b_13 parent= relZ=19919.8 globZ=19919.8
	zmin=19809.8 zmax=20029.9
Checking overlaps for volume rf_b_13:0 (G4Tubs) ... Checking overlaps for volume rf_c_13Pipe:0 (G4Tubs) ... OK! 
Checking overlaps for volume rf_c_13UsWall:0 (G4Tubs) ... OK! 
Checking overlaps for volume rf_c_13DsWall:0 (G4Tubs) ... OK! 
Checking overlaps for volume rf_c_13UsWin1:0 (G4Tubs) ... OK! 
Checking overlaps for volume rf_c_13DsWin1:0 (G4Tubs) ... OK! 
Checking overlaps for volume rf_c_13UsWin2:0 (G4Tubs) ... OK! 
Checking overlaps for volume rf_c_13DsWin2:0 (G4Tubs) ... OK! 
Checking overlaps for volume rf_c_13DsHalf:0 (G4Tubs) ... OK! 
Checking overlaps for volume rf_c_13TimingVol:0 (G4Tubs) ... OK! 
Checking overlaps for volume rf_c_13:0 (G4Tubs) ... OK! 
BLCMDpillbox::construct rf_c_13 parent= relZ=20140.0 globZ=20140.0
	zmin=20029.9 zmax=20250.0
Checking overlaps for volume rf_d_13Pipe:0 (G4Tubs) ... OK! 
Checking overlaps for volume rf_d_13UsWall:0 (G4Tubs) ... OK! 
Checking overlaps for volume rf_d_13DsWall:0 (G4Tubs) ... OK! 
Checking overlaps for volume rf_d_13UsWin1:0 (G4Tubs) ... OK! 
Checking overlaps for volume rf_d_13DsWin1:0 (G4Tubs) ... OK! 
Checking overlaps for volume rf_d_13UsWin2:0 (G4Tubs) ... OK! 
Checking overlaps for volume rf_d_13DsWin2:0 (G4Tubs) ... OK! 
Checking overlaps for volume rf_d_13DsHalf:0 (G4Tubs) ... OK! 
Checking overlaps for volume rf_d_13TimingVol:0 (G4Tubs) ... OK! 
Checking overlaps for volume rf_d_13:0 (G4Tubs) ... OK! 
BLCMDpillbox::construct rf_d_13 parent= relZ=20360.0 globZ=20360.0
	zmin=20250.0 zmax=20470.1
Checking overlaps for volume rf_e_13Pipe:0 (G4Tubs) ... OK! 
Checking overlaps for volume rf_e_13UsWall:0 (G4Tubs) ... OK! 
Checking overlaps for volume rf_e_13DsWall:0 (G4Tubs) ... OK! 
Checking overlaps for volume rf_e_13UsWin1:0 (G4Tubs) ... OK! 
Checking overlaps for volume rf_e_13DsWin1:0 (G4Tubs) ... OK! 
Checking overlaps for volume rf_e_13UsWin2:0 (G4Tubs) ... OK! 
Checking overlaps for volume rf_e_13DsWin2:0 (G4Tubs) ... OK! 
Checking overlaps for volume rf_e_13DsHalf:0 (G4Tubs) ... OK! 
Checking overlaps for volume rf_e_13TimingVol:0 (G4Tubs) ... OK! 
BLCMDpillbox::construct rf_e_13 parent= relZ=20580.2 globZ=20580.2
	zmin=20470.1 zmax=20690.2
Checking overlaps for volume rf_e_13:0 (G4Tubs) ... Checking overlaps for volume rf_b_14Pipe:0 (G4Tubs) ... OK! 
Checking overlaps for volume rf_b_14UsWall:0 (G4Tubs) ... OK! 
Checking overlaps for volume rf_b_14DsWall:0 (G4Tubs) ... OK! 
Checking overlaps for volume rf_b_14UsWin1:0 (G4Tubs) ... OK! 
Checking overlaps for volume rf_b_14DsWin1:0 (G4Tubs) ... OK! 
Checking overlaps for volume rf_b_14UsWin2:0 (G4Tubs) ... OK! 
Checking overlaps for volume rf_b_14DsWin2:0 (G4Tubs) ... OK! 
Checking overlaps for volume rf_b_14DsHalf:0 (G4Tubs) ... OK! 
Checking overlaps for volume rf_b_14TimingVol:0 (G4Tubs) ... OK! 
BLCMDpillbox::construct rf_b_14 parent= relZ=21419.8 globZ=21419.8
	zmin=21309.8 zmax=21529.9
Checking overlaps for volume rf_b_14:0 (G4Tubs) ... Checking overlaps for volume rf_c_14Pipe:0 (G4Tubs) ... OK! 
Checking overlaps for volume rf_c_14UsWall:0 (G4Tubs) ... OK! 
Checking overlaps for volume rf_c_14DsWall:0 (G4Tubs) ... OK! 
Checking overlaps for volume rf_c_14UsWin1:0 (G4Tubs) ... OK! 
Checking overlaps for volume rf_c_14DsWin1:0 (G4Tubs) ... OK! 
Checking overlaps for volume rf_c_14UsWin2:0 (G4Tubs) ... OK! 
Checking overlaps for volume rf_c_14DsWin2:0 (G4Tubs) ... OK! 
Checking overlaps for volume rf_c_14DsHalf:0 (G4Tubs) ... OK! 
Checking overlaps for volume rf_c_14TimingVol:0 (G4Tubs) ... OK! 
Checking overlaps for volume rf_c_14:0 (G4Tubs) ... OK! 
BLCMDpillbox::construct rf_c_14 parent= relZ=21640.0 globZ=21640.0
	zmin=21529.9 zmax=21750.0
Checking overlaps for volume rf_d_14Pipe:0 (G4Tubs) ... OK! 
Checking overlaps for volume rf_d_14UsWall:0 (G4Tubs) ... OK! 
Checking overlaps for volume rf_d_14DsWall:0 (G4Tubs) ... OK! 
Checking overlaps for volume rf_d_14UsWin1:0 (G4Tubs) ... OK! 
Checking overlaps for volume rf_d_14DsWin1:0 (G4Tubs) ... OK! 
Checking overlaps for volume rf_d_14UsWin2:0 (G4Tubs) ... OK! 
Checking overlaps for volume rf_d_14DsWin2:0 (G4Tubs) ... OK! 
Checking overlaps for volume rf_d_14DsHalf:0 (G4Tubs) ... OK! 
Checking overlaps for volume rf_d_14TimingVol:0 (G4Tubs) ... OK! 
Checking overlaps for volume rf_d_14:0 (G4Tubs) ... OK! 
BLCMDpillbox::construct rf_d_14 parent= relZ=21860.0 globZ=21860.0
	zmin=21750.0 zmax=21970.1
Checking overlaps for volume rf_e_14Pipe:0 (G4Tubs) ... OK! 
Checking overlaps for volume rf_e_14UsWall:0 (G4Tubs) ... OK! 
Checking overlaps for volume rf_e_14DsWall:0 (G4Tubs) ... OK! 
Checking overlaps for volume rf_e_14UsWin1:0 (G4Tubs) ... OK! 
Checking overlaps for volume rf_e_14DsWin1:0 (G4Tubs) ... OK! 
Checking overlaps for volume rf_e_14UsWin2:0 (G4Tubs) ... OK! 
Checking overlaps for volume rf_e_14DsWin2:0 (G4Tubs) ... OK! 
Checking overlaps for volume rf_e_14DsHalf:0 (G4Tubs) ... OK! 
Checking overlaps for volume rf_e_14TimingVol:0 (G4Tubs) ... OK! 
BLCMDpillbox::construct rf_e_14 parent= relZ=22080.2 globZ=22080.2
	zmin=21970.1 zmax=22190.2
Checking overlaps for volume rf_e_14:0 (G4Tubs) ... Checking overlaps for volume rf_b_15Pipe:0 (G4Tubs) ... OK! 
Checking overlaps for volume rf_b_15UsWall:0 (G4Tubs) ... OK! 
Checking overlaps for volume rf_b_15DsWall:0 (G4Tubs) ... OK! 
Checking overlaps for volume rf_b_15UsWin1:0 (G4Tubs) ... OK! 
Checking overlaps for volume rf_b_15DsWin1:0 (G4Tubs) ... OK! 
Checking overlaps for volume rf_b_15UsWin2:0 (G4Tubs) ... OK! 
Checking overlaps for volume rf_b_15DsWin2:0 (G4Tubs) ... OK! 
Checking overlaps for volume rf_b_15DsHalf:0 (G4Tubs) ... OK! 
Checking overlaps for volume rf_b_15TimingVol:0 (G4Tubs) ... OK! 
BLCMDpillbox::construct rf_b_15 parent= relZ=22919.8 globZ=22919.8
	zmin=22809.8 zmax=23029.9
Checking overlaps for volume rf_b_15:0 (G4Tubs) ... Checking overlaps for volume rf_c_15Pipe:0 (G4Tubs) ... OK! 
Checking overlaps for volume rf_c_15UsWall:0 (G4Tubs) ... OK! 
Checking overlaps for volume rf_c_15DsWall:0 (G4Tubs) ... OK! 
Checking overlaps for volume rf_c_15UsWin1:0 (G4Tubs) ... OK! 
Checking overlaps for volume rf_c_15DsWin1:0 (G4Tubs) ... OK! 
Checking overlaps for volume rf_c_15UsWin2:0 (G4Tubs) ... OK! 
Checking overlaps for volume rf_c_15DsWin2:0 (G4Tubs) ... OK! 
Checking overlaps for volume rf_c_15DsHalf:0 (G4Tubs) ... OK! 
Checking overlaps for volume rf_c_15TimingVol:0 (G4Tubs) ... OK! 
Checking overlaps for volume rf_c_15:0 (G4Tubs) ... OK! 
BLCMDpillbox::construct rf_c_15 parent= relZ=23140.0 globZ=23140.0
	zmin=23029.9 zmax=23250.0
Checking overlaps for volume rf_d_15Pipe:0 (G4Tubs) ... OK! 
Checking overlaps for volume rf_d_15UsWall:0 (G4Tubs) ... OK! 
Checking overlaps for volume rf_d_15DsWall:0 (G4Tubs) ... OK! 
Checking overlaps for volume rf_d_15UsWin1:0 (G4Tubs) ... OK! 
Checking overlaps for volume rf_d_15DsWin1:0 (G4Tubs) ... OK! 
Checking overlaps for volume rf_d_15UsWin2:0 (G4Tubs) ... OK! 
Checking overlaps for volume rf_d_15DsWin2:0 (G4Tubs) ... OK! 
Checking overlaps for volume rf_d_15DsHalf:0 (G4Tubs) ... OK! 
Checking overlaps for volume rf_d_15TimingVol:0 (G4Tubs) ... OK! 
Checking overlaps for volume rf_d_15:0 (G4Tubs) ... OK! 
BLCMDpillbox::construct rf_d_15 parent= relZ=23360.0 globZ=23360.0
	zmin=23250.0 zmax=23470.1
Checking overlaps for volume rf_e_15Pipe:0 (G4Tubs) ... OK! 
Checking overlaps for volume rf_e_15UsWall:0 (G4Tubs) ... OK! 
Checking overlaps for volume rf_e_15DsWall:0 (G4Tubs) ... OK! 
Checking overlaps for volume rf_e_15UsWin1:0 (G4Tubs) ... OK! 
Checking overlaps for volume rf_e_15DsWin1:0 (G4Tubs) ... OK! 
Checking overlaps for volume rf_e_15UsWin2:0 (G4Tubs) ... OK! 
Checking overlaps for volume rf_e_15DsWin2:0 (G4Tubs) ... OK! 
Checking overlaps for volume rf_e_15DsHalf:0 (G4Tubs) ... OK! 
Checking overlaps for volume rf_e_15TimingVol:0 (G4Tubs) ... OK! 
BLCMDpillbox::construct rf_e_15 parent= relZ=23580.2 globZ=23580.2
	zmin=23470.1 zmax=23690.2
Checking overlaps for volume rf_e_15:0 (G4Tubs) ... Checking overlaps for volume rf_b_16Pipe:0 (G4Tubs) ... OK! 
Checking overlaps for volume rf_b_16UsWall:0 (G4Tubs) ... OK! 
Checking overlaps for volume rf_b_16DsWall:0 (G4Tubs) ... OK! 
Checking overlaps for volume rf_b_16UsWin1:0 (G4Tubs) ... OK! 
Checking overlaps for volume rf_b_16DsWin1:0 (G4Tubs) ... OK! 
Checking overlaps for volume rf_b_16UsWin2:0 (G4Tubs) ... OK! 
Checking overlaps for volume rf_b_16DsWin2:0 (G4Tubs) ... OK! 
Checking overlaps for volume rf_b_16DsHalf:0 (G4Tubs) ... OK! 
Checking overlaps for volume rf_b_16TimingVol:0 (G4Tubs) ... OK! 
Checking overlaps for volume rf_b_16:0 (G4Tubs) ... OK! 
BLCMDpillbox::construct rf_b_16 parent= relZ=24419.8 globZ=24419.8
	zmin=24309.8 zmax=24529.9
Checking overlaps for volume rf_c_16Pipe:0 (G4Tubs) ... OK! 
Checking overlaps for volume rf_c_16UsWall:0 (G4Tubs) ... OK! 
Checking overlaps for volume rf_c_16DsWall:0 (G4Tubs) ... OK! 
Checking overlaps for volume rf_c_16UsWin1:0 (G4Tubs) ... OK! 
Checking overlaps for volume rf_c_16DsWin1:0 (G4Tubs) ... OK! 
Checking overlaps for volume rf_c_16UsWin2:0 (G4Tubs) ... OK! 
Checking overlaps for volume rf_c_16DsWin2:0 (G4Tubs) ... OK! 
Checking overlaps for volume rf_c_16DsHalf:0 (G4Tubs) ... OK! 
Checking overlaps for volume rf_c_16TimingVol:0 (G4Tubs) ... OK! 
Checking overlaps for volume rf_c_16:0 (G4Tubs) ... OK! 
BLCMDpillbox::construct rf_c_16 parent= relZ=24640.0 globZ=24640.0
	zmin=24529.9 zmax=24750.0
Checking overlaps for volume rf_d_16Pipe:0 (G4Tubs) ... OK! 
Checking overlaps for volume rf_d_16UsWall:0 (G4Tubs) ... OK! 
Checking overlaps for volume rf_d_16DsWall:0 (G4Tubs) ... OK! 
Checking overlaps for volume rf_d_16UsWin1:0 (G4Tubs) ... OK! 
Checking overlaps for volume rf_d_16DsWin1:0 (G4Tubs) ... OK! 
Checking overlaps for volume rf_d_16UsWin2:0 (G4Tubs) ... OK! 
Checking overlaps for volume rf_d_16DsWin2:0 (G4Tubs) ... OK! 
Checking overlaps for volume rf_d_16DsHalf:0 (G4Tubs) ... OK! 
Checking overlaps for volume rf_d_16TimingVol:0 (G4Tubs) ... OK! 
Checking overlaps for volume rf_d_16:0 (G4Tubs) ... OK! 
BLCMDpillbox::construct rf_d_16 parent= relZ=24860.0 globZ=24860.0
	zmin=24750.0 zmax=24970.1
Checking overlaps for volume rf_e_16Pipe:0 (G4Tubs) ... OK! 
Checking overlaps for volume rf_e_16UsWall:0 (G4Tubs) ... OK! 
Checking overlaps for volume rf_e_16DsWall:0 (G4Tubs) ... OK! 
Checking overlaps for volume rf_e_16UsWin1:0 (G4Tubs) ... OK! 
Checking overlaps for volume rf_e_16DsWin1:0 (G4Tubs) ... OK! 
Checking overlaps for volume rf_e_16UsWin2:0 (G4Tubs) ... OK! 
Checking overlaps for volume rf_e_16DsWin2:0 (G4Tubs) ... OK! 
Checking overlaps for volume rf_e_16DsHalf:0 (G4Tubs) ... OK! 
Checking overlaps for volume rf_e_16TimingVol:0 (G4Tubs) ... OK! 
BLCMDpillbox::construct rf_e_16 parent= relZ=25080.2 globZ=25080.2
	zmin=24970.1 zmax=25190.2
Checking overlaps for volume rf_e_16:0 (G4Tubs) ... Checking overlaps for volume rf_b_17Pipe:0 (G4Tubs) ... OK! 
Checking overlaps for volume rf_b_17UsWall:0 (G4Tubs) ... OK! 
Checking overlaps for volume rf_b_17DsWall:0 (G4Tubs) ... OK! 
Checking overlaps for volume rf_b_17UsWin1:0 (G4Tubs) ... OK! 
Checking overlaps for volume rf_b_17DsWin1:0 (G4Tubs) ... OK! 
Checking overlaps for volume rf_b_17UsWin2:0 (G4Tubs) ... OK! 
Checking overlaps for volume rf_b_17DsWin2:0 (G4Tubs) ... OK! 
Checking overlaps for volume rf_b_17DsHalf:0 (G4Tubs) ... OK! 
Checking overlaps for volume rf_b_17TimingVol:0 (G4Tubs) ... OK! 
BLCMDpillbox::construct rf_b_17 parent= relZ=25919.8 globZ=25919.8
	zmin=25809.8 zmax=26029.9
Checking overlaps for volume rf_b_17:0 (G4Tubs) ... Checking overlaps for volume rf_c_17Pipe:0 (G4Tubs) ... OK! 
Checking overlaps for volume rf_c_17UsWall:0 (G4Tubs) ... OK! 
Checking overlaps for volume rf_c_17DsWall:0 (G4Tubs) ... OK! 
Checking overlaps for volume rf_c_17UsWin1:0 (G4Tubs) ... OK! 
Checking overlaps for volume rf_c_17DsWin1:0 (G4Tubs) ... OK! 
Checking overlaps for volume rf_c_17UsWin2:0 (G4Tubs) ... OK! 
Checking overlaps for volume rf_c_17DsWin2:0 (G4Tubs) ... OK! 
Checking overlaps for volume rf_c_17DsHalf:0 (G4Tubs) ... OK! 
Checking overlaps for volume rf_c_17TimingVol:0 (G4Tubs) ... OK! 
Checking overlaps for volume rf_c_17:0 (G4Tubs) ... OK! 
BLCMDpillbox::construct rf_c_17 parent= relZ=26140.0 globZ=26140.0
	zmin=26029.9 zmax=26250.0
Checking overlaps for volume rf_d_17Pipe:0 (G4Tubs) ... OK! 
Checking overlaps for volume rf_d_17UsWall:0 (G4Tubs) ... OK! 
Checking overlaps for volume rf_d_17DsWall:0 (G4Tubs) ... OK! 
Checking overlaps for volume rf_d_17UsWin1:0 (G4Tubs) ... OK! 
Checking overlaps for volume rf_d_17DsWin1:0 (G4Tubs) ... OK! 
Checking overlaps for volume rf_d_17UsWin2:0 (G4Tubs) ... OK! 
Checking overlaps for volume rf_d_17DsWin2:0 (G4Tubs) ... OK! 
Checking overlaps for volume rf_d_17DsHalf:0 (G4Tubs) ... OK! 
Checking overlaps for volume rf_d_17TimingVol:0 (G4Tubs) ... OK! 
Checking overlaps for volume rf_d_17:0 (G4Tubs) ... OK! 
BLCMDpillbox::construct rf_d_17 parent= relZ=26360.0 globZ=26360.0
	zmin=26250.0 zmax=26470.1
Checking overlaps for volume rf_e_17Pipe:0 (G4Tubs) ... OK! 
Checking overlaps for volume rf_e_17UsWall:0 (G4Tubs) ... OK! 
Checking overlaps for volume rf_e_17DsWall:0 (G4Tubs) ... OK! 
Checking overlaps for volume rf_e_17UsWin1:0 (G4Tubs) ... OK! 
Checking overlaps for volume rf_e_17DsWin1:0 (G4Tubs) ... OK! 
Checking overlaps for volume rf_e_17UsWin2:0 (G4Tubs) ... OK! 
Checking overlaps for volume rf_e_17DsWin2:0 (G4Tubs) ... OK! 
Checking overlaps for volume rf_e_17DsHalf:0 (G4Tubs) ... OK! 
Checking overlaps for volume rf_e_17TimingVol:0 (G4Tubs) ... OK! 
BLCMDpillbox::construct rf_e_17 parent= relZ=26580.2 globZ=26580.2
	zmin=26470.1 zmax=26690.2
Checking overlaps for volume rf_e_17:0 (G4Tubs) ... Checking overlaps for volume rf_b_18Pipe:0 (G4Tubs) ... OK! 
Checking overlaps for volume rf_b_18UsWall:0 (G4Tubs) ... OK! 
Checking overlaps for volume rf_b_18DsWall:0 (G4Tubs) ... OK! 
Checking overlaps for volume rf_b_18UsWin1:0 (G4Tubs) ... OK! 
Checking overlaps for volume rf_b_18DsWin1:0 (G4Tubs) ... OK! 
Checking overlaps for volume rf_b_18UsWin2:0 (G4Tubs) ... OK! 
Checking overlaps for volume rf_b_18DsWin2:0 (G4Tubs) ... OK! 
Checking overlaps for volume rf_b_18DsHalf:0 (G4Tubs) ... OK! 
Checking overlaps for volume rf_b_18TimingVol:0 (G4Tubs) ... OK! 
BLCMDpillbox::construct rf_b_18 parent= relZ=27419.8 globZ=27419.8
	zmin=27309.8 zmax=27529.9
Checking overlaps for volume rf_b_18:0 (G4Tubs) ... Checking overlaps for volume rf_c_18Pipe:0 (G4Tubs) ... OK! 
Checking overlaps for volume rf_c_18UsWall:0 (G4Tubs) ... OK! 
Checking overlaps for volume rf_c_18DsWall:0 (G4Tubs) ... OK! 
Checking overlaps for volume rf_c_18UsWin1:0 (G4Tubs) ... OK! 
Checking overlaps for volume rf_c_18DsWin1:0 (G4Tubs) ... OK! 
Checking overlaps for volume rf_c_18UsWin2:0 (G4Tubs) ... OK! 
Checking overlaps for volume rf_c_18DsWin2:0 (G4Tubs) ... OK! 
Checking overlaps for volume rf_c_18DsHalf:0 (G4Tubs) ... OK! 
Checking overlaps for volume rf_c_18TimingVol:0 (G4Tubs) ... OK! 
Checking overlaps for volume rf_c_18:0 (G4Tubs) ... OK! 
BLCMDpillbox::construct rf_c_18 parent= relZ=27640.0 globZ=27640.0
	zmin=27529.9 zmax=27750.0
Checking overlaps for volume rf_d_18Pipe:0 (G4Tubs) ... OK! 
Checking overlaps for volume rf_d_18UsWall:0 (G4Tubs) ... OK! 
Checking overlaps for volume rf_d_18DsWall:0 (G4Tubs) ... OK! 
Checking overlaps for volume rf_d_18UsWin1:0 (G4Tubs) ... OK! 
Checking overlaps for volume rf_d_18DsWin1:0 (G4Tubs) ... OK! 
Checking overlaps for volume rf_d_18UsWin2:0 (G4Tubs) ... OK! 
Checking overlaps for volume rf_d_18DsWin2:0 (G4Tubs) ... OK! 
Checking overlaps for volume rf_d_18DsHalf:0 (G4Tubs) ... OK! 
Checking overlaps for volume rf_d_18TimingVol:0 (G4Tubs) ... OK! 
Checking overlaps for volume rf_d_18:0 (G4Tubs) ... OK! 
BLCMDpillbox::construct rf_d_18 parent= relZ=27860.0 globZ=27860.0
	zmin=27750.0 zmax=27970.1
Checking overlaps for volume rf_e_18Pipe:0 (G4Tubs) ... OK! 
Checking overlaps for volume rf_e_18UsWall:0 (G4Tubs) ... OK! 
Checking overlaps for volume rf_e_18DsWall:0 (G4Tubs) ... OK! 
Checking overlaps for volume rf_e_18UsWin1:0 (G4Tubs) ... OK! 
Checking overlaps for volume rf_e_18DsWin1:0 (G4Tubs) ... OK! 
Checking overlaps for volume rf_e_18UsWin2:0 (G4Tubs) ... OK! 
Checking overlaps for volume rf_e_18DsWin2:0 (G4Tubs) ... OK! 
Checking overlaps for volume rf_e_18DsHalf:0 (G4Tubs) ... OK! 
Checking overlaps for volume rf_e_18TimingVol:0 (G4Tubs) ... OK! 
**************************************************************************
*** G4Exception: GeomVol1002
***    severity: Warning
***   issued by: G4PVPlacement::CheckOverlaps()
*** description: Overlap with volume already placed !
          Overlap is detected for volume rf_e_18:0 (G4Tubs) with pipe:0 (G4Tubs)
          overlap at local point (-110.713,-58.6276,-99.875) by 278.03 um  (max of 2 cases)
NOTE: Reached maximum fixed number -1- of overlaps reports for this volume !
***    printing: every 10-th occurrence
**************************************************************************
BLCMDpillbox::construct rf_e_18 parent= relZ=28080.2 globZ=28080.2
	zmin=27970.1 zmax=28190.2
Checking overlaps for volume rf_e_18:0 (G4Tubs) ... Checking overlaps for volume rf_b_19Pipe:0 (G4Tubs) ... OK! 
Checking overlaps for volume rf_b_19UsWall:0 (G4Tubs) ... OK! 
Checking overlaps for volume rf_b_19DsWall:0 (G4Tubs) ... OK! 
Checking overlaps for volume rf_b_19UsWin1:0 (G4Tubs) ... OK! 
Checking overlaps for volume rf_b_19DsWin1:0 (G4Tubs) ... OK! 
Checking overlaps for volume rf_b_19UsWin2:0 (G4Tubs) ... OK! 
Checking overlaps for volume rf_b_19DsWin2:0 (G4Tubs) ... OK! 
Checking overlaps for volume rf_b_19DsHalf:0 (G4Tubs) ... OK! 
Checking overlaps for volume rf_b_19TimingVol:0 (G4Tubs) ... OK! 
BLCMDpillbox::construct rf_b_19 parent= relZ=28919.8 globZ=28919.8
	zmin=28809.8 zmax=29029.9
Checking overlaps for volume rf_b_19:0 (G4Tubs) ... Checking overlaps for volume rf_c_19Pipe:0 (G4Tubs) ... OK! 
Checking overlaps for volume rf_c_19UsWall:0 (G4Tubs) ... OK! 
Checking overlaps for volume rf_c_19DsWall:0 (G4Tubs) ... OK! 
Checking overlaps for volume rf_c_19UsWin1:0 (G4Tubs) ... OK! 
Checking overlaps for volume rf_c_19DsWin1:0 (G4Tubs) ... OK! 
Checking overlaps for volume rf_c_19UsWin2:0 (G4Tubs) ... OK! 
Checking overlaps for volume rf_c_19DsWin2:0 (G4Tubs) ... OK! 
Checking overlaps for volume rf_c_19DsHalf:0 (G4Tubs) ... OK! 
Checking overlaps for volume rf_c_19TimingVol:0 (G4Tubs) ... OK! 
Checking overlaps for volume rf_c_19:0 (G4Tubs) ... OK! 
BLCMDpillbox::construct rf_c_19 parent= relZ=29140.0 globZ=29140.0
	zmin=29029.9 zmax=29250.0
Checking overlaps for volume rf_d_19Pipe:0 (G4Tubs) ... OK! 
Checking overlaps for volume rf_d_19UsWall:0 (G4Tubs) ... OK! 
Checking overlaps for volume rf_d_19DsWall:0 (G4Tubs) ... OK! 
Checking overlaps for volume rf_d_19UsWin1:0 (G4Tubs) ... OK! 
Checking overlaps for volume rf_d_19DsWin1:0 (G4Tubs) ... OK! 
Checking overlaps for volume rf_d_19UsWin2:0 (G4Tubs) ... OK! 
Checking overlaps for volume rf_d_19DsWin2:0 (G4Tubs) ... OK! 
Checking overlaps for volume rf_d_19DsHalf:0 (G4Tubs) ... OK! 
Checking overlaps for volume rf_d_19TimingVol:0 (G4Tubs) ... OK! 
Checking overlaps for volume rf_d_19:0 (G4Tubs) ... OK! 
BLCMDpillbox::construct rf_d_19 parent= relZ=29360.0 globZ=29360.0
	zmin=29250.0 zmax=29470.1
Checking overlaps for volume rf_e_19Pipe:0 (G4Tubs) ... OK! 
Checking overlaps for volume rf_e_19UsWall:0 (G4Tubs) ... OK! 
Checking overlaps for volume rf_e_19DsWall:0 (G4Tubs) ... OK! 
Checking overlaps for volume rf_e_19UsWin1:0 (G4Tubs) ... OK! 
Checking overlaps for volume rf_e_19DsWin1:0 (G4Tubs) ... OK! 
Checking overlaps for volume rf_e_19UsWin2:0 (G4Tubs) ... OK! 
Checking overlaps for volume rf_e_19DsWin2:0 (G4Tubs) ... OK! 
Checking overlaps for volume rf_e_19DsHalf:0 (G4Tubs) ... OK! 
Checking overlaps for volume rf_e_19TimingVol:0 (G4Tubs) ... OK! 
Checking overlaps for volume rf_e_19:0 (G4Tubs) ... OK! 
BLCMDpillbox::construct rf_e_19 parent= relZ=29580.2 globZ=29580.2
	zmin=29470.1 zmax=29690.2
Checking overlaps for volume rf_b_20Pipe:0 (G4Tubs) ... OK! 
Checking overlaps for volume rf_b_20UsWall:0 (G4Tubs) ... OK! 
Checking overlaps for volume rf_b_20DsWall:0 (G4Tubs) ... OK! 
Checking overlaps for volume rf_b_20UsWin1:0 (G4Tubs) ... OK! 
Checking overlaps for volume rf_b_20DsWin1:0 (G4Tubs) ... OK! 
Checking overlaps for volume rf_b_20UsWin2:0 (G4Tubs) ... OK! 
Checking overlaps for volume rf_b_20DsWin2:0 (G4Tubs) ... OK! 
Checking overlaps for volume rf_b_20DsHalf:0 (G4Tubs) ... OK! 
Checking overlaps for volume rf_b_20TimingVol:0 (G4Tubs) ... OK! 
BLCMDpillbox::construct rf_b_20 parent= relZ=30419.8 globZ=30419.8
	zmin=30309.8 zmax=30529.9
Checking overlaps for volume rf_b_20:0 (G4Tubs) ... Checking overlaps for volume rf_c_20Pipe:0 (G4Tubs) ... OK! 
Checking overlaps for volume rf_c_20UsWall:0 (G4Tubs) ... OK! 
Checking overlaps for volume rf_c_20DsWall:0 (G4Tubs) ... OK! 
Checking overlaps for volume rf_c_20UsWin1:0 (G4Tubs) ... OK! 
Checking overlaps for volume rf_c_20DsWin1:0 (G4Tubs) ... OK! 
Checking overlaps for volume rf_c_20UsWin2:0 (G4Tubs) ... OK! 
Checking overlaps for volume rf_c_20DsWin2:0 (G4Tubs) ... OK! 
Checking overlaps for volume rf_c_20DsHalf:0 (G4Tubs) ... OK! 
Checking overlaps for volume rf_c_20TimingVol:0 (G4Tubs) ... OK! 
Checking overlaps for volume rf_c_20:0 (G4Tubs) ... OK! 
BLCMDpillbox::construct rf_c_20 parent= relZ=30640.0 globZ=30640.0
	zmin=30529.9 zmax=30750.0
Checking overlaps for volume rf_d_20Pipe:0 (G4Tubs) ... OK! 
Checking overlaps for volume rf_d_20UsWall:0 (G4Tubs) ... OK! 
Checking overlaps for volume rf_d_20DsWall:0 (G4Tubs) ... OK! 
Checking overlaps for volume rf_d_20UsWin1:0 (G4Tubs) ... OK! 
Checking overlaps for volume rf_d_20DsWin1:0 (G4Tubs) ... OK! 
Checking overlaps for volume rf_d_20UsWin2:0 (G4Tubs) ... OK! 
Checking overlaps for volume rf_d_20DsWin2:0 (G4Tubs) ... OK! 
Checking overlaps for volume rf_d_20DsHalf:0 (G4Tubs) ... OK! 
Checking overlaps for volume rf_d_20TimingVol:0 (G4Tubs) ... OK! 
Checking overlaps for volume rf_d_20:0 (G4Tubs) ... OK! 
BLCMDpillbox::construct rf_d_20 parent= relZ=30860.0 globZ=30860.0
	zmin=30750.0 zmax=30970.1
Checking overlaps for volume rf_e_20Pipe:0 (G4Tubs) ... OK! 
Checking overlaps for volume rf_e_20UsWall:0 (G4Tubs) ... OK! 
Checking overlaps for volume rf_e_20DsWall:0 (G4Tubs) ... OK! 
Checking overlaps for volume rf_e_20UsWin1:0 (G4Tubs) ... OK! 
Checking overlaps for volume rf_e_20DsWin1:0 (G4Tubs) ... OK! 
Checking overlaps for volume rf_e_20UsWin2:0 (G4Tubs) ... OK! 
Checking overlaps for volume rf_e_20DsWin2:0 (G4Tubs) ... OK! 
Checking overlaps for volume rf_e_20DsHalf:0 (G4Tubs) ... OK! 
Checking overlaps for volume rf_e_20TimingVol:0 (G4Tubs) ... OK! 
BLCMDpillbox::construct rf_e_20 parent= relZ=31080.2 globZ=31080.2
	zmin=30970.1 zmax=31190.2
Checking overlaps for volume rf_e_20:0 (G4Tubs) ... Checking overlaps for volume rf_b_21Pipe:0 (G4Tubs) ... OK! 
Checking overlaps for volume rf_b_21UsWall:0 (G4Tubs) ... OK! 
Checking overlaps for volume rf_b_21DsWall:0 (G4Tubs) ... OK! 
Checking overlaps for volume rf_b_21UsWin1:0 (G4Tubs) ... OK! 
Checking overlaps for volume rf_b_21DsWin1:0 (G4Tubs) ... OK! 
Checking overlaps for volume rf_b_21UsWin2:0 (G4Tubs) ... OK! 
Checking overlaps for volume rf_b_21DsWin2:0 (G4Tubs) ... OK! 
Checking overlaps for volume rf_b_21DsHalf:0 (G4Tubs) ... OK! 
Checking overlaps for volume rf_b_21TimingVol:0 (G4Tubs) ... OK! 
BLCMDpillbox::construct rf_b_21 parent= relZ=31919.8 globZ=31919.8
	zmin=31809.8 zmax=32029.9
Checking overlaps for volume rf_b_21:0 (G4Tubs) ... Checking overlaps for volume rf_c_21Pipe:0 (G4Tubs) ... OK! 
Checking overlaps for volume rf_c_21UsWall:0 (G4Tubs) ... OK! 
Checking overlaps for volume rf_c_21DsWall:0 (G4Tubs) ... OK! 
Checking overlaps for volume rf_c_21UsWin1:0 (G4Tubs) ... OK! 
Checking overlaps for volume rf_c_21DsWin1:0 (G4Tubs) ... OK! 
Checking overlaps for volume rf_c_21UsWin2:0 (G4Tubs) ... OK! 
Checking overlaps for volume rf_c_21DsWin2:0 (G4Tubs) ... OK! 
Checking overlaps for volume rf_c_21DsHalf:0 (G4Tubs) ... OK! 
Checking overlaps for volume rf_c_21TimingVol:0 (G4Tubs) ... OK! 
Checking overlaps for volume rf_c_21:0 (G4Tubs) ... OK! 
BLCMDpillbox::construct rf_c_21 parent= relZ=32140.0 globZ=32140.0
	zmin=32029.9 zmax=32250.0
Checking overlaps for volume rf_d_21Pipe:0 (G4Tubs) ... OK! 
Checking overlaps for volume rf_d_21UsWall:0 (G4Tubs) ... OK! 
Checking overlaps for volume rf_d_21DsWall:0 (G4Tubs) ... OK! 
Checking overlaps for volume rf_d_21UsWin1:0 (G4Tubs) ... OK! 
Checking overlaps for volume rf_d_21DsWin1:0 (G4Tubs) ... OK! 
Checking overlaps for volume rf_d_21UsWin2:0 (G4Tubs) ... OK! 
Checking overlaps for volume rf_d_21DsWin2:0 (G4Tubs) ... OK! 
Checking overlaps for volume rf_d_21DsHalf:0 (G4Tubs) ... OK! 
Checking overlaps for volume rf_d_21TimingVol:0 (G4Tubs) ... OK! 
Checking overlaps for volume rf_d_21:0 (G4Tubs) ... OK! 
BLCMDpillbox::construct rf_d_21 parent= relZ=32360.0 globZ=32360.0
	zmin=32250.0 zmax=32470.1
Checking overlaps for volume rf_e_21Pipe:0 (G4Tubs) ... OK! 
Checking overlaps for volume rf_e_21UsWall:0 (G4Tubs) ... OK! 
Checking overlaps for volume rf_e_21DsWall:0 (G4Tubs) ... OK! 
Checking overlaps for volume rf_e_21UsWin1:0 (G4Tubs) ... OK! 
Checking overlaps for volume rf_e_21DsWin1:0 (G4Tubs) ... OK! 
Checking overlaps for volume rf_e_21UsWin2:0 (G4Tubs) ... OK! 
Checking overlaps for volume rf_e_21DsWin2:0 (G4Tubs) ... OK! 
Checking overlaps for volume rf_e_21DsHalf:0 (G4Tubs) ... OK! 
Checking overlaps for volume rf_e_21TimingVol:0 (G4Tubs) ... OK! 
Checking overlaps for volume rf_e_21:0 (G4Tubs) ... OK! 
BLCMDpillbox::construct rf_e_21 parent= relZ=32580.2 globZ=32580.2
	zmin=32470.1 zmax=32690.2
Checking overlaps for volume rf_b_22Pipe:0 (G4Tubs) ... OK! 
Checking overlaps for volume rf_b_22UsWall:0 (G4Tubs) ... OK! 
Checking overlaps for volume rf_b_22DsWall:0 (G4Tubs) ... OK! 
Checking overlaps for volume rf_b_22UsWin1:0 (G4Tubs) ... OK! 
Checking overlaps for volume rf_b_22DsWin1:0 (G4Tubs) ... OK! 
Checking overlaps for volume rf_b_22UsWin2:0 (G4Tubs) ... OK! 
Checking overlaps for volume rf_b_22DsWin2:0 (G4Tubs) ... OK! 
Checking overlaps for volume rf_b_22DsHalf:0 (G4Tubs) ... OK! 
Checking overlaps for volume rf_b_22TimingVol:0 (G4Tubs) ... OK! 
Checking overlaps for volume rf_b_22:0 (G4Tubs) ... OK! 
BLCMDpillbox::construct rf_b_22 parent= relZ=33419.8 globZ=33419.8
	zmin=33309.8 zmax=33529.9
Checking overlaps for volume rf_c_22Pipe:0 (G4Tubs) ... OK! 
Checking overlaps for volume rf_c_22UsWall:0 (G4Tubs) ... OK! 
Checking overlaps for volume rf_c_22DsWall:0 (G4Tubs) ... OK! 
Checking overlaps for volume rf_c_22UsWin1:0 (G4Tubs) ... OK! 
Checking overlaps for volume rf_c_22DsWin1:0 (G4Tubs) ... OK! 
Checking overlaps for volume rf_c_22UsWin2:0 (G4Tubs) ... OK! 
Checking overlaps for volume rf_c_22DsWin2:0 (G4Tubs) ... OK! 
Checking overlaps for volume rf_c_22DsHalf:0 (G4Tubs) ... OK! 
Checking overlaps for volume rf_c_22TimingVol:0 (G4Tubs) ... OK! 
Checking overlaps for volume rf_c_22:0 (G4Tubs) ... OK! 
BLCMDpillbox::construct rf_c_22 parent= relZ=33639.9 globZ=33639.9
	zmin=33529.9 zmax=33750.0
Checking overlaps for volume rf_d_22Pipe:0 (G4Tubs) ... OK! 
Checking overlaps for volume rf_d_22UsWall:0 (G4Tubs) ... OK! 
Checking overlaps for volume rf_d_22DsWall:0 (G4Tubs) ... OK! 
Checking overlaps for volume rf_d_22UsWin1:0 (G4Tubs) ... OK! 
Checking overlaps for volume rf_d_22DsWin1:0 (G4Tubs) ... OK! 
Checking overlaps for volume rf_d_22UsWin2:0 (G4Tubs) ... OK! 
Checking overlaps for volume rf_d_22DsWin2:0 (G4Tubs) ... OK! 
Checking overlaps for volume rf_d_22DsHalf:0 (G4Tubs) ... OK! 
Checking overlaps for volume rf_d_22TimingVol:0 (G4Tubs) ... OK! 
Checking overlaps for volume rf_d_22:0 (G4Tubs) ... OK! 
BLCMDpillbox::construct rf_d_22 parent= relZ=33860.1 globZ=33860.1
	zmin=33750.0 zmax=33970.1
Checking overlaps for volume rf_e_22Pipe:0 (G4Tubs) ... OK! 
Checking overlaps for volume rf_e_22UsWall:0 (G4Tubs) ... OK! 
Checking overlaps for volume rf_e_22DsWall:0 (G4Tubs) ... OK! 
Checking overlaps for volume rf_e_22UsWin1:0 (G4Tubs) ... OK! 
Checking overlaps for volume rf_e_22DsWin1:0 (G4Tubs) ... OK! 
Checking overlaps for volume rf_e_22UsWin2:0 (G4Tubs) ... OK! 
Checking overlaps for volume rf_e_22DsWin2:0 (G4Tubs) ... OK! 
Checking overlaps for volume rf_e_22DsHalf:0 (G4Tubs) ... OK! 
Checking overlaps for volume rf_e_22TimingVol:0 (G4Tubs) ... OK! 
Checking overlaps for volume rf_e_22:0 (G4Tubs) ... OK! 
BLCMDpillbox::construct rf_e_22 parent= relZ=34080.2 globZ=34080.2
	zmin=33970.1 zmax=34190.2
Checking overlaps for volume rf_b_23Pipe:0 (G4Tubs) ... OK! 
Checking overlaps for volume rf_b_23UsWall:0 (G4Tubs) ... OK! 
Checking overlaps for volume rf_b_23DsWall:0 (G4Tubs) ... OK! 
Checking overlaps for volume rf_b_23UsWin1:0 (G4Tubs) ... OK! 
Checking overlaps for volume rf_b_23DsWin1:0 (G4Tubs) ... OK! 
Checking overlaps for volume rf_b_23UsWin2:0 (G4Tubs) ... OK! 
Checking overlaps for volume rf_b_23DsWin2:0 (G4Tubs) ... OK! 
Checking overlaps for volume rf_b_23DsHalf:0 (G4Tubs) ... OK! 
Checking overlaps for volume rf_b_23TimingVol:0 (G4Tubs) ... OK! 
Checking overlaps for volume rf_b_23:0 (G4Tubs) ... OK! 
BLCMDpillbox::construct rf_b_23 parent= relZ=34919.8 globZ=34919.8
	zmin=34809.8 zmax=35029.9
Checking overlaps for volume rf_c_23Pipe:0 (G4Tubs) ... OK! 
Checking overlaps for volume rf_c_23UsWall:0 (G4Tubs) ... OK! 
Checking overlaps for volume rf_c_23DsWall:0 (G4Tubs) ... OK! 
Checking overlaps for volume rf_c_23UsWin1:0 (G4Tubs) ... OK! 
Checking overlaps for volume rf_c_23DsWin1:0 (G4Tubs) ... OK! 
Checking overlaps for volume rf_c_23UsWin2:0 (G4Tubs) ... OK! 
Checking overlaps for volume rf_c_23DsWin2:0 (G4Tubs) ... OK! 
Checking overlaps for volume rf_c_23DsHalf:0 (G4Tubs) ... OK! 
Checking overlaps for volume rf_c_23TimingVol:0 (G4Tubs) ... OK! 
Checking overlaps for volume rf_c_23:0 (G4Tubs) ... OK! 
BLCMDpillbox::construct rf_c_23 parent= relZ=35139.9 globZ=35139.9
	zmin=35029.9 zmax=35250.0
Checking overlaps for volume rf_d_23Pipe:0 (G4Tubs) ... OK! 
Checking overlaps for volume rf_d_23UsWall:0 (G4Tubs) ... OK! 
Checking overlaps for volume rf_d_23DsWall:0 (G4Tubs) ... OK! 
Checking overlaps for volume rf_d_23UsWin1:0 (G4Tubs) ... OK! 
Checking overlaps for volume rf_d_23DsWin1:0 (G4Tubs) ... OK! 
Checking overlaps for volume rf_d_23UsWin2:0 (G4Tubs) ... OK! 
Checking overlaps for volume rf_d_23DsWin2:0 (G4Tubs) ... OK! 
Checking overlaps for volume rf_d_23DsHalf:0 (G4Tubs) ... OK! 
Checking overlaps for volume rf_d_23TimingVol:0 (G4Tubs) ... OK! 
Checking overlaps for volume rf_d_23:0 (G4Tubs) ... OK! 
BLCMDpillbox::construct rf_d_23 parent= relZ=35360.1 globZ=35360.1
	zmin=35250.0 zmax=35470.1
Checking overlaps for volume rf_e_23Pipe:0 (G4Tubs) ... OK! 
Checking overlaps for volume rf_e_23UsWall:0 (G4Tubs) ... OK! 
Checking overlaps for volume rf_e_23DsWall:0 (G4Tubs) ... OK! 
Checking overlaps for volume rf_e_23UsWin1:0 (G4Tubs) ... OK! 
Checking overlaps for volume rf_e_23DsWin1:0 (G4Tubs) ... OK! 
Checking overlaps for volume rf_e_23UsWin2:0 (G4Tubs) ... OK! 
Checking overlaps for volume rf_e_23DsWin2:0 (G4Tubs) ... OK! 
Checking overlaps for volume rf_e_23DsHalf:0 (G4Tubs) ... OK! 
Checking overlaps for volume rf_e_23TimingVol:0 (G4Tubs) ... OK! 
BLCMDpillbox::construct rf_e_23 parent= relZ=35580.2 globZ=35580.2
	zmin=35470.1 zmax=35690.2
Checking overlaps for volume rf_e_23:0 (G4Tubs) ... Checking overlaps for volume rf_b_24Pipe:0 (G4Tubs) ... OK! 
Checking overlaps for volume rf_b_24UsWall:0 (G4Tubs) ... OK! 
Checking overlaps for volume rf_b_24DsWall:0 (G4Tubs) ... OK! 
Checking overlaps for volume rf_b_24UsWin1:0 (G4Tubs) ... OK! 
Checking overlaps for volume rf_b_24DsWin1:0 (G4Tubs) ... OK! 
Checking overlaps for volume rf_b_24UsWin2:0 (G4Tubs) ... OK! 
Checking overlaps for volume rf_b_24DsWin2:0 (G4Tubs) ... OK! 
Checking overlaps for volume rf_b_24DsHalf:0 (G4Tubs) ... OK! 
Checking overlaps for volume rf_b_24TimingVol:0 (G4Tubs) ... OK! 
BLCMDpillbox::construct rf_b_24 parent= relZ=36419.8 globZ=36419.8
	zmin=36309.8 zmax=36529.9
Checking overlaps for volume rf_b_24:0 (G4Tubs) ... Checking overlaps for volume rf_c_24Pipe:0 (G4Tubs) ... OK! 
Checking overlaps for volume rf_c_24UsWall:0 (G4Tubs) ... OK! 
Checking overlaps for volume rf_c_24DsWall:0 (G4Tubs) ... OK! 
Checking overlaps for volume rf_c_24UsWin1:0 (G4Tubs) ... OK! 
Checking overlaps for volume rf_c_24DsWin1:0 (G4Tubs) ... OK! 
Checking overlaps for volume rf_c_24UsWin2:0 (G4Tubs) ... OK! 
Checking overlaps for volume rf_c_24DsWin2:0 (G4Tubs) ... OK! 
Checking overlaps for volume rf_c_24DsHalf:0 (G4Tubs) ... OK! 
Checking overlaps for volume rf_c_24TimingVol:0 (G4Tubs) ... OK! 
Checking overlaps for volume rf_c_24:0 (G4Tubs) ... OK! 
BLCMDpillbox::construct rf_c_24 parent= relZ=36639.9 globZ=36639.9
	zmin=36529.9 zmax=36750.0
Checking overlaps for volume rf_d_24Pipe:0 (G4Tubs) ... OK! 
Checking overlaps for volume rf_d_24UsWall:0 (G4Tubs) ... OK! 
Checking overlaps for volume rf_d_24DsWall:0 (G4Tubs) ... OK! 
Checking overlaps for volume rf_d_24UsWin1:0 (G4Tubs) ... OK! 
Checking overlaps for volume rf_d_24DsWin1:0 (G4Tubs) ... OK! 
Checking overlaps for volume rf_d_24UsWin2:0 (G4Tubs) ... OK! 
Checking overlaps for volume rf_d_24DsWin2:0 (G4Tubs) ... OK! 
Checking overlaps for volume rf_d_24DsHalf:0 (G4Tubs) ... OK! 
Checking overlaps for volume rf_d_24TimingVol:0 (G4Tubs) ... OK! 
Checking overlaps for volume rf_d_24:0 (G4Tubs) ... OK! 
BLCMDpillbox::construct rf_d_24 parent= relZ=36860.1 globZ=36860.1
	zmin=36750.0 zmax=36970.1
Checking overlaps for volume rf_e_24Pipe:0 (G4Tubs) ... OK! 
Checking overlaps for volume rf_e_24UsWall:0 (G4Tubs) ... OK! 
Checking overlaps for volume rf_e_24DsWall:0 (G4Tubs) ... OK! 
Checking overlaps for volume rf_e_24UsWin1:0 (G4Tubs) ... OK! 
Checking overlaps for volume rf_e_24DsWin1:0 (G4Tubs) ... OK! 
Checking overlaps for volume rf_e_24UsWin2:0 (G4Tubs) ... OK! 
Checking overlaps for volume rf_e_24DsWin2:0 (G4Tubs) ... OK! 
Checking overlaps for volume rf_e_24DsHalf:0 (G4Tubs) ... OK! 
Checking overlaps for volume rf_e_24TimingVol:0 (G4Tubs) ... OK! 
Checking overlaps for volume rf_e_24:0 (G4Tubs) ... OK! 
BLCMDpillbox::construct rf_e_24 parent= relZ=37080.2 globZ=37080.2
	zmin=36970.1 zmax=37190.2
Checking overlaps for volume rf_b_25Pipe:0 (G4Tubs) ... OK! 
Checking overlaps for volume rf_b_25UsWall:0 (G4Tubs) ... OK! 
Checking overlaps for volume rf_b_25DsWall:0 (G4Tubs) ... OK! 
Checking overlaps for volume rf_b_25UsWin1:0 (G4Tubs) ... OK! 
Checking overlaps for volume rf_b_25DsWin1:0 (G4Tubs) ... OK! 
Checking overlaps for volume rf_b_25UsWin2:0 (G4Tubs) ... OK! 
Checking overlaps for volume rf_b_25DsWin2:0 (G4Tubs) ... OK! 
Checking overlaps for volume rf_b_25DsHalf:0 (G4Tubs) ... OK! 
Checking overlaps for volume rf_b_25TimingVol:0 (G4Tubs) ... OK! 
BLCMDpillbox::construct rf_b_25 parent= relZ=37919.8 globZ=37919.8
	zmin=37809.8 zmax=38029.9
Checking overlaps for volume rf_b_25:0 (G4Tubs) ... Checking overlaps for volume rf_c_25Pipe:0 (G4Tubs) ... OK! 
Checking overlaps for volume rf_c_25UsWall:0 (G4Tubs) ... OK! 
Checking overlaps for volume rf_c_25DsWall:0 (G4Tubs) ... OK! 
Checking overlaps for volume rf_c_25UsWin1:0 (G4Tubs) ... OK! 
Checking overlaps for volume rf_c_25DsWin1:0 (G4Tubs) ... OK! 
Checking overlaps for volume rf_c_25UsWin2:0 (G4Tubs) ... OK! 
Checking overlaps for volume rf_c_25DsWin2:0 (G4Tubs) ... OK! 
Checking overlaps for volume rf_c_25DsHalf:0 (G4Tubs) ... OK! 
Checking overlaps for volume rf_c_25TimingVol:0 (G4Tubs) ... OK! 
Checking overlaps for volume rf_c_25:0 (G4Tubs) ... OK! 
BLCMDpillbox::construct rf_c_25 parent= relZ=38139.9 globZ=38139.9
	zmin=38029.9 zmax=38250.0
Checking overlaps for volume rf_d_25Pipe:0 (G4Tubs) ... OK! 
Checking overlaps for volume rf_d_25UsWall:0 (G4Tubs) ... OK! 
Checking overlaps for volume rf_d_25DsWall:0 (G4Tubs) ... OK! 
Checking overlaps for volume rf_d_25UsWin1:0 (G4Tubs) ... OK! 
Checking overlaps for volume rf_d_25DsWin1:0 (G4Tubs) ... OK! 
Checking overlaps for volume rf_d_25UsWin2:0 (G4Tubs) ... OK! 
Checking overlaps for volume rf_d_25DsWin2:0 (G4Tubs) ... OK! 
Checking overlaps for volume rf_d_25DsHalf:0 (G4Tubs) ... OK! 
Checking overlaps for volume rf_d_25TimingVol:0 (G4Tubs) ... OK! 
Checking overlaps for volume rf_d_25:0 (G4Tubs) ... OK! 
BLCMDpillbox::construct rf_d_25 parent= relZ=38360.1 globZ=38360.1
	zmin=38250.0 zmax=38470.1
Checking overlaps for volume rf_e_25Pipe:0 (G4Tubs) ... OK! 
Checking overlaps for volume rf_e_25UsWall:0 (G4Tubs) ... OK! 
Checking overlaps for volume rf_e_25DsWall:0 (G4Tubs) ... OK! 
Checking overlaps for volume rf_e_25UsWin1:0 (G4Tubs) ... OK! 
Checking overlaps for volume rf_e_25DsWin1:0 (G4Tubs) ... OK! 
Checking overlaps for volume rf_e_25UsWin2:0 (G4Tubs) ... OK! 
Checking overlaps for volume rf_e_25DsWin2:0 (G4Tubs) ... OK! 
Checking overlaps for volume rf_e_25DsHalf:0 (G4Tubs) ... OK! 
Checking overlaps for volume rf_e_25TimingVol:0 (G4Tubs) ... OK! 
BLCMDpillbox::construct rf_e_25 parent= relZ=38580.2 globZ=38580.2
	zmin=38470.1 zmax=38690.2
Checking overlaps for volume rf_e_25:0 (G4Tubs) ... Checking overlaps for volume rf_b_26Pipe:0 (G4Tubs) ... OK! 
Checking overlaps for volume rf_b_26UsWall:0 (G4Tubs) ... OK! 
Checking overlaps for volume rf_b_26DsWall:0 (G4Tubs) ... OK! 
Checking overlaps for volume rf_b_26UsWin1:0 (G4Tubs) ... OK! 
Checking overlaps for volume rf_b_26DsWin1:0 (G4Tubs) ... OK! 
Checking overlaps for volume rf_b_26UsWin2:0 (G4Tubs) ... OK! 
Checking overlaps for volume rf_b_26DsWin2:0 (G4Tubs) ... OK! 
Checking overlaps for volume rf_b_26DsHalf:0 (G4Tubs) ... OK! 
Checking overlaps for volume rf_b_26TimingVol:0 (G4Tubs) ... OK! 
Checking overlaps for volume rf_b_26:0 (G4Tubs) ... OK! 
BLCMDpillbox::construct rf_b_26 parent= relZ=39419.8 globZ=39419.8
	zmin=39309.8 zmax=39529.9
Checking overlaps for volume rf_c_26Pipe:0 (G4Tubs) ... OK! 
Checking overlaps for volume rf_c_26UsWall:0 (G4Tubs) ... OK! 
Checking overlaps for volume rf_c_26DsWall:0 (G4Tubs) ... OK! 
Checking overlaps for volume rf_c_26UsWin1:0 (G4Tubs) ... OK! 
Checking overlaps for volume rf_c_26DsWin1:0 (G4Tubs) ... OK! 
Checking overlaps for volume rf_c_26UsWin2:0 (G4Tubs) ... OK! 
Checking overlaps for volume rf_c_26DsWin2:0 (G4Tubs) ... OK! 
Checking overlaps for volume rf_c_26DsHalf:0 (G4Tubs) ... OK! 
Checking overlaps for volume rf_c_26TimingVol:0 (G4Tubs) ... OK! 
Checking overlaps for volume rf_c_26:0 (G4Tubs) ... OK! 
BLCMDpillbox::construct rf_c_26 parent= relZ=39639.9 globZ=39639.9
	zmin=39529.9 zmax=39750.0
Checking overlaps for volume rf_d_26Pipe:0 (G4Tubs) ... OK! 
Checking overlaps for volume rf_d_26UsWall:0 (G4Tubs) ... OK! 
Checking overlaps for volume rf_d_26DsWall:0 (G4Tubs) ... OK! 
Checking overlaps for volume rf_d_26UsWin1:0 (G4Tubs) ... OK! 
Checking overlaps for volume rf_d_26DsWin1:0 (G4Tubs) ... OK! 
Checking overlaps for volume rf_d_26UsWin2:0 (G4Tubs) ... OK! 
Checking overlaps for volume rf_d_26DsWin2:0 (G4Tubs) ... OK! 
Checking overlaps for volume rf_d_26DsHalf:0 (G4Tubs) ... OK! 
Checking overlaps for volume rf_d_26TimingVol:0 (G4Tubs) ... OK! 
Checking overlaps for volume rf_d_26:0 (G4Tubs) ... OK! 
BLCMDpillbox::construct rf_d_26 parent= relZ=39860.1 globZ=39860.1
	zmin=39750.0 zmax=39970.1
Checking overlaps for volume rf_e_26Pipe:0 (G4Tubs) ... OK! 
Checking overlaps for volume rf_e_26UsWall:0 (G4Tubs) ... OK! 
Checking overlaps for volume rf_e_26DsWall:0 (G4Tubs) ... OK! 
Checking overlaps for volume rf_e_26UsWin1:0 (G4Tubs) ... OK! 
Checking overlaps for volume rf_e_26DsWin1:0 (G4Tubs) ... OK! 
Checking overlaps for volume rf_e_26UsWin2:0 (G4Tubs) ... OK! 
Checking overlaps for volume rf_e_26DsWin2:0 (G4Tubs) ... OK! 
Checking overlaps for volume rf_e_26DsHalf:0 (G4Tubs) ... OK! 
Checking overlaps for volume rf_e_26TimingVol:0 (G4Tubs) ... OK! 
BLCMDpillbox::construct rf_e_26 parent= relZ=40080.2 globZ=40080.2
	zmin=39970.1 zmax=40190.2
Checking overlaps for volume rf_e_26:0 (G4Tubs) ... Checking overlaps for volume rf_b_27Pipe:0 (G4Tubs) ... OK! 
Checking overlaps for volume rf_b_27UsWall:0 (G4Tubs) ... OK! 
Checking overlaps for volume rf_b_27DsWall:0 (G4Tubs) ... OK! 
Checking overlaps for volume rf_b_27UsWin1:0 (G4Tubs) ... OK! 
Checking overlaps for volume rf_b_27DsWin1:0 (G4Tubs) ... OK! 
Checking overlaps for volume rf_b_27UsWin2:0 (G4Tubs) ... OK! 
Checking overlaps for volume rf_b_27DsWin2:0 (G4Tubs) ... OK! 
Checking overlaps for volume rf_b_27DsHalf:0 (G4Tubs) ... OK! 
Checking overlaps for volume rf_b_27TimingVol:0 (G4Tubs) ... OK! 
**************************************************************************
*** G4Exception: GeomVol1002
***    severity: Warning
***   issued by: G4PVPlacement::CheckOverlaps()
*** description: Overlap with volume already placed !
          Overlap is detected for volume rf_b_27:0 (G4Tubs) with pipe:0 (G4Tubs)
          overlap at local point (-32.8958,121.373,99.875) by 247.694 um  (max of 1 cases)
NOTE: Reached maximum fixed number -1- of overlaps reports for this volume !
***    printing: every 10-th occurrence
**************************************************************************
BLCMDpillbox::construct rf_b_27 parent= relZ=40919.8 globZ=40919.8
	zmin=40809.8 zmax=41029.9
Checking overlaps for volume rf_b_27:0 (G4Tubs) ... Checking overlaps for volume rf_c_27Pipe:0 (G4Tubs) ... OK! 
Checking overlaps for volume rf_c_27UsWall:0 (G4Tubs) ... OK! 
Checking overlaps for volume rf_c_27DsWall:0 (G4Tubs) ... OK! 
Checking overlaps for volume rf_c_27UsWin1:0 (G4Tubs) ... OK! 
Checking overlaps for volume rf_c_27DsWin1:0 (G4Tubs) ... OK! 
Checking overlaps for volume rf_c_27UsWin2:0 (G4Tubs) ... OK! 
Checking overlaps for volume rf_c_27DsWin2:0 (G4Tubs) ... OK! 
Checking overlaps for volume rf_c_27DsHalf:0 (G4Tubs) ... OK! 
Checking overlaps for volume rf_c_27TimingVol:0 (G4Tubs) ... OK! 
Checking overlaps for volume rf_c_27:0 (G4Tubs) ... OK! 
BLCMDpillbox::construct rf_c_27 parent= relZ=41139.9 globZ=41139.9
	zmin=41029.9 zmax=41250.0
Checking overlaps for volume rf_d_27Pipe:0 (G4Tubs) ... OK! 
Checking overlaps for volume rf_d_27UsWall:0 (G4Tubs) ... OK! 
Checking overlaps for volume rf_d_27DsWall:0 (G4Tubs) ... OK! 
Checking overlaps for volume rf_d_27UsWin1:0 (G4Tubs) ... OK! 
Checking overlaps for volume rf_d_27DsWin1:0 (G4Tubs) ... OK! 
Checking overlaps for volume rf_d_27UsWin2:0 (G4Tubs) ... OK! 
Checking overlaps for volume rf_d_27DsWin2:0 (G4Tubs) ... OK! 
Checking overlaps for volume rf_d_27DsHalf:0 (G4Tubs) ... OK! 
Checking overlaps for volume rf_d_27TimingVol:0 (G4Tubs) ... OK! 
Checking overlaps for volume rf_d_27:0 (G4Tubs) ... OK! 
BLCMDpillbox::construct rf_d_27 parent= relZ=41360.1 globZ=41360.1
	zmin=41250.0 zmax=41470.1
Checking overlaps for volume rf_e_27Pipe:0 (G4Tubs) ... OK! 
Checking overlaps for volume rf_e_27UsWall:0 (G4Tubs) ... OK! 
Checking overlaps for volume rf_e_27DsWall:0 (G4Tubs) ... OK! 
Checking overlaps for volume rf_e_27UsWin1:0 (G4Tubs) ... OK! 
Checking overlaps for volume rf_e_27DsWin1:0 (G4Tubs) ... OK! 
Checking overlaps for volume rf_e_27UsWin2:0 (G4Tubs) ... OK! 
Checking overlaps for volume rf_e_27DsWin2:0 (G4Tubs) ... OK! 
Checking overlaps for volume rf_e_27DsHalf:0 (G4Tubs) ... OK! 
Checking overlaps for volume rf_e_27TimingVol:0 (G4Tubs) ... OK! 
Checking overlaps for volume rf_e_27:0 (G4Tubs) ... OK! 
BLCMDpillbox::construct rf_e_27 parent= relZ=41580.2 globZ=41580.2
	zmin=41470.1 zmax=41690.2
Checking overlaps for volume rf_b_28Pipe:0 (G4Tubs) ... OK! 
Checking overlaps for volume rf_b_28UsWall:0 (G4Tubs) ... OK! 
Checking overlaps for volume rf_b_28DsWall:0 (G4Tubs) ... OK! 
Checking overlaps for volume rf_b_28UsWin1:0 (G4Tubs) ... OK! 
Checking overlaps for volume rf_b_28DsWin1:0 (G4Tubs) ... OK! 
Checking overlaps for volume rf_b_28UsWin2:0 (G4Tubs) ... OK! 
Checking overlaps for volume rf_b_28DsWin2:0 (G4Tubs) ... OK! 
Checking overlaps for volume rf_b_28DsHalf:0 (G4Tubs) ... OK! 
Checking overlaps for volume rf_b_28TimingVol:0 (G4Tubs) ... OK! 
Checking overlaps for volume rf_b_28:0 (G4Tubs) ... OK! 
BLCMDpillbox::construct rf_b_28 parent= relZ=42419.8 globZ=42419.8
	zmin=42309.8 zmax=42529.9
Checking overlaps for volume rf_c_28Pipe:0 (G4Tubs) ... OK! 
Checking overlaps for volume rf_c_28UsWall:0 (G4Tubs) ... OK! 
Checking overlaps for volume rf_c_28DsWall:0 (G4Tubs) ... OK! 
Checking overlaps for volume rf_c_28UsWin1:0 (G4Tubs) ... OK! 
Checking overlaps for volume rf_c_28DsWin1:0 (G4Tubs) ... OK! 
Checking overlaps for volume rf_c_28UsWin2:0 (G4Tubs) ... OK! 
Checking overlaps for volume rf_c_28DsWin2:0 (G4Tubs) ... OK! 
Checking overlaps for volume rf_c_28DsHalf:0 (G4Tubs) ... OK! 
Checking overlaps for volume rf_c_28TimingVol:0 (G4Tubs) ... OK! 
Checking overlaps for volume rf_c_28:0 (G4Tubs) ... OK! 
BLCMDpillbox::construct rf_c_28 parent= relZ=42639.9 globZ=42639.9
	zmin=42529.9 zmax=42750.0
Checking overlaps for volume rf_d_28Pipe:0 (G4Tubs) ... OK! 
Checking overlaps for volume rf_d_28UsWall:0 (G4Tubs) ... OK! 
Checking overlaps for volume rf_d_28DsWall:0 (G4Tubs) ... OK! 
Checking overlaps for volume rf_d_28UsWin1:0 (G4Tubs) ... OK! 
Checking overlaps for volume rf_d_28DsWin1:0 (G4Tubs) ... OK! 
Checking overlaps for volume rf_d_28UsWin2:0 (G4Tubs) ... OK! 
Checking overlaps for volume rf_d_28DsWin2:0 (G4Tubs) ... OK! 
Checking overlaps for volume rf_d_28DsHalf:0 (G4Tubs) ... OK! 
Checking overlaps for volume rf_d_28TimingVol:0 (G4Tubs) ... OK! 
Checking overlaps for volume rf_d_28:0 (G4Tubs) ... OK! 
BLCMDpillbox::construct rf_d_28 parent= relZ=42860.1 globZ=42860.1
	zmin=42750.0 zmax=42970.1
Checking overlaps for volume rf_e_28Pipe:0 (G4Tubs) ... OK! 
Checking overlaps for volume rf_e_28UsWall:0 (G4Tubs) ... OK! 
Checking overlaps for volume rf_e_28DsWall:0 (G4Tubs) ... OK! 
Checking overlaps for volume rf_e_28UsWin1:0 (G4Tubs) ... OK! 
Checking overlaps for volume rf_e_28DsWin1:0 (G4Tubs) ... OK! 
Checking overlaps for volume rf_e_28UsWin2:0 (G4Tubs) ... OK! 
Checking overlaps for volume rf_e_28DsWin2:0 (G4Tubs) ... OK! 
Checking overlaps for volume rf_e_28DsHalf:0 (G4Tubs) ... OK! 
Checking overlaps for volume rf_e_28TimingVol:0 (G4Tubs) ... OK! 
BLCMDpillbox::construct rf_e_28 parent= relZ=43080.2 globZ=43080.2
	zmin=42970.1 zmax=43190.2
Checking overlaps for volume rf_e_28:0 (G4Tubs) ... Checking overlaps for volume rf_b_29Pipe:0 (G4Tubs) ... OK! 
Checking overlaps for volume rf_b_29UsWall:0 (G4Tubs) ... OK! 
Checking overlaps for volume rf_b_29DsWall:0 (G4Tubs) ... OK! 
Checking overlaps for volume rf_b_29UsWin1:0 (G4Tubs) ... OK! 
Checking overlaps for volume rf_b_29DsWin1:0 (G4Tubs) ... OK! 
Checking overlaps for volume rf_b_29UsWin2:0 (G4Tubs) ... OK! 
Checking overlaps for volume rf_b_29DsWin2:0 (G4Tubs) ... OK! 
Checking overlaps for volume rf_b_29DsHalf:0 (G4Tubs) ... OK! 
Checking overlaps for volume rf_b_29TimingVol:0 (G4Tubs) ... OK! 
BLCMDpillbox::construct rf_b_29 parent= relZ=43919.8 globZ=43919.8
	zmin=43809.8 zmax=44029.9
Checking overlaps for volume rf_b_29:0 (G4Tubs) ... Checking overlaps for volume rf_c_29Pipe:0 (G4Tubs) ... OK! 
Checking overlaps for volume rf_c_29UsWall:0 (G4Tubs) ... OK! 
Checking overlaps for volume rf_c_29DsWall:0 (G4Tubs) ... OK! 
Checking overlaps for volume rf_c_29UsWin1:0 (G4Tubs) ... OK! 
Checking overlaps for volume rf_c_29DsWin1:0 (G4Tubs) ... OK! 
Checking overlaps for volume rf_c_29UsWin2:0 (G4Tubs) ... OK! 
Checking overlaps for volume rf_c_29DsWin2:0 (G4Tubs) ... OK! 
Checking overlaps for volume rf_c_29DsHalf:0 (G4Tubs) ... OK! 
Checking overlaps for volume rf_c_29TimingVol:0 (G4Tubs) ... OK! 
Checking overlaps for volume rf_c_29:0 (G4Tubs) ... OK! 
BLCMDpillbox::construct rf_c_29 parent= relZ=44139.9 globZ=44139.9
	zmin=44029.9 zmax=44250.0
Checking overlaps for volume rf_d_29Pipe:0 (G4Tubs) ... OK! 
Checking overlaps for volume rf_d_29UsWall:0 (G4Tubs) ... OK! 
Checking overlaps for volume rf_d_29DsWall:0 (G4Tubs) ... OK! 
Checking overlaps for volume rf_d_29UsWin1:0 (G4Tubs) ... OK! 
Checking overlaps for volume rf_d_29DsWin1:0 (G4Tubs) ... OK! 
Checking overlaps for volume rf_d_29UsWin2:0 (G4Tubs) ... OK! 
Checking overlaps for volume rf_d_29DsWin2:0 (G4Tubs) ... OK! 
Checking overlaps for volume rf_d_29DsHalf:0 (G4Tubs) ... OK! 
Checking overlaps for volume rf_d_29TimingVol:0 (G4Tubs) ... OK! 
Checking overlaps for volume rf_d_29:0 (G4Tubs) ... OK! 
BLCMDpillbox::construct rf_d_29 parent= relZ=44360.1 globZ=44360.1
	zmin=44250.0 zmax=44470.1
Checking overlaps for volume rf_e_29Pipe:0 (G4Tubs) ... OK! 
Checking overlaps for volume rf_e_29UsWall:0 (G4Tubs) ... OK! 
Checking overlaps for volume rf_e_29DsWall:0 (G4Tubs) ... OK! 
Checking overlaps for volume rf_e_29UsWin1:0 (G4Tubs) ... OK! 
Checking overlaps for volume rf_e_29DsWin1:0 (G4Tubs) ... OK! 
Checking overlaps for volume rf_e_29UsWin2:0 (G4Tubs) ... OK! 
Checking overlaps for volume rf_e_29DsWin2:0 (G4Tubs) ... OK! 
Checking overlaps for volume rf_e_29DsHalf:0 (G4Tubs) ... OK! 
Checking overlaps for volume rf_e_29TimingVol:0 (G4Tubs) ... OK! 
BLCMDpillbox::construct rf_e_29 parent= relZ=44580.2 globZ=44580.2
	zmin=44470.1 zmax=44690.2
Checking overlaps for volume rf_e_29:0 (G4Tubs) ... Checking overlaps for volume rf_b_30Pipe:0 (G4Tubs) ... OK! 
Checking overlaps for volume rf_b_30UsWall:0 (G4Tubs) ... OK! 
Checking overlaps for volume rf_b_30DsWall:0 (G4Tubs) ... OK! 
Checking overlaps for volume rf_b_30UsWin1:0 (G4Tubs) ... OK! 
Checking overlaps for volume rf_b_30DsWin1:0 (G4Tubs) ... OK! 
Checking overlaps for volume rf_b_30UsWin2:0 (G4Tubs) ... OK! 
Checking overlaps for volume rf_b_30DsWin2:0 (G4Tubs) ... OK! 
Checking overlaps for volume rf_b_30DsHalf:0 (G4Tubs) ... OK! 
Checking overlaps for volume rf_b_30TimingVol:0 (G4Tubs) ... OK! 
BLCMDpillbox::construct rf_b_30 parent= relZ=45419.8 globZ=45419.8
	zmin=45309.8 zmax=45529.9
Checking overlaps for volume rf_b_30:0 (G4Tubs) ... Checking overlaps for volume rf_c_30Pipe:0 (G4Tubs) ... OK! 
Checking overlaps for volume rf_c_30UsWall:0 (G4Tubs) ... OK! 
Checking overlaps for volume rf_c_30DsWall:0 (G4Tubs) ... OK! 
Checking overlaps for volume rf_c_30UsWin1:0 (G4Tubs) ... OK! 
Checking overlaps for volume rf_c_30DsWin1:0 (G4Tubs) ... OK! 
Checking overlaps for volume rf_c_30UsWin2:0 (G4Tubs) ... OK! 
Checking overlaps for volume rf_c_30DsWin2:0 (G4Tubs) ... OK! 
Checking overlaps for volume rf_c_30DsHalf:0 (G4Tubs) ... OK! 
Checking overlaps for volume rf_c_30TimingVol:0 (G4Tubs) ... OK! 
Checking overlaps for volume rf_c_30:0 (G4Tubs) ... OK! 
BLCMDpillbox::construct rf_c_30 parent= relZ=45639.9 globZ=45639.9
	zmin=45529.9 zmax=45750.0
Checking overlaps for volume rf_d_30Pipe:0 (G4Tubs) ... OK! 
Checking overlaps for volume rf_d_30UsWall:0 (G4Tubs) ... OK! 
Checking overlaps for volume rf_d_30DsWall:0 (G4Tubs) ... OK! 
Checking overlaps for volume rf_d_30UsWin1:0 (G4Tubs) ... OK! 
Checking overlaps for volume rf_d_30DsWin1:0 (G4Tubs) ... OK! 
Checking overlaps for volume rf_d_30UsWin2:0 (G4Tubs) ... OK! 
Checking overlaps for volume rf_d_30DsWin2:0 (G4Tubs) ... OK! 
Checking overlaps for volume rf_d_30DsHalf:0 (G4Tubs) ... OK! 
Checking overlaps for volume rf_d_30TimingVol:0 (G4Tubs) ... OK! 
Checking overlaps for volume rf_d_30:0 (G4Tubs) ... OK! 
BLCMDpillbox::construct rf_d_30 parent= relZ=45860.1 globZ=45860.1
	zmin=45750.0 zmax=45970.1
Checking overlaps for volume rf_e_30Pipe:0 (G4Tubs) ... OK! 
Checking overlaps for volume rf_e_30UsWall:0 (G4Tubs) ... OK! 
Checking overlaps for volume rf_e_30DsWall:0 (G4Tubs) ... OK! 
Checking overlaps for volume rf_e_30UsWin1:0 (G4Tubs) ... OK! 
Checking overlaps for volume rf_e_30DsWin1:0 (G4Tubs) ... OK! 
Checking overlaps for volume rf_e_30UsWin2:0 (G4Tubs) ... OK! 
Checking overlaps for volume rf_e_30DsWin2:0 (G4Tubs) ... OK! 
Checking overlaps for volume rf_e_30DsHalf:0 (G4Tubs) ... OK! 
Checking overlaps for volume rf_e_30TimingVol:0 (G4Tubs) ... OK! 
BLCMDpillbox::construct rf_e_30 parent= relZ=46080.2 globZ=46080.2
	zmin=45970.1 zmax=46190.2
Checking overlaps for volume rf_e_30:0 (G4Tubs) ... Checking overlaps for volume rf_b_31Pipe:0 (G4Tubs) ... OK! 
Checking overlaps for volume rf_b_31UsWall:0 (G4Tubs) ... OK! 
Checking overlaps for volume rf_b_31DsWall:0 (G4Tubs) ... OK! 
Checking overlaps for volume rf_b_31UsWin1:0 (G4Tubs) ... OK! 
Checking overlaps for volume rf_b_31DsWin1:0 (G4Tubs) ... OK! 
Checking overlaps for volume rf_b_31UsWin2:0 (G4Tubs) ... OK! 
Checking overlaps for volume rf_b_31DsWin2:0 (G4Tubs) ... OK! 
Checking overlaps for volume rf_b_31DsHalf:0 (G4Tubs) ... OK! 
Checking overlaps for volume rf_b_31TimingVol:0 (G4Tubs) ... OK! 
Checking overlaps for volume rf_b_31:0 (G4Tubs) ... OK! 
BLCMDpillbox::construct rf_b_31 parent= relZ=46919.8 globZ=46919.8
	zmin=46809.8 zmax=47029.9
Checking overlaps for volume rf_c_31Pipe:0 (G4Tubs) ... OK! 
Checking overlaps for volume rf_c_31UsWall:0 (G4Tubs) ... OK! 
Checking overlaps for volume rf_c_31DsWall:0 (G4Tubs) ... OK! 
Checking overlaps for volume rf_c_31UsWin1:0 (G4Tubs) ... OK! 
Checking overlaps for volume rf_c_31DsWin1:0 (G4Tubs) ... OK! 
Checking overlaps for volume rf_c_31UsWin2:0 (G4Tubs) ... OK! 
Checking overlaps for volume rf_c_31DsWin2:0 (G4Tubs) ... OK! 
Checking overlaps for volume rf_c_31DsHalf:0 (G4Tubs) ... OK! 
Checking overlaps for volume rf_c_31TimingVol:0 (G4Tubs) ... OK! 
Checking overlaps for volume rf_c_31:0 (G4Tubs) ... OK! 
BLCMDpillbox::construct rf_c_31 parent= relZ=47139.9 globZ=47139.9
	zmin=47029.9 zmax=47250.0
Checking overlaps for volume rf_d_31Pipe:0 (G4Tubs) ... OK! 
Checking overlaps for volume rf_d_31UsWall:0 (G4Tubs) ... OK! 
Checking overlaps for volume rf_d_31DsWall:0 (G4Tubs) ... OK! 
Checking overlaps for volume rf_d_31UsWin1:0 (G4Tubs) ... OK! 
Checking overlaps for volume rf_d_31DsWin1:0 (G4Tubs) ... OK! 
Checking overlaps for volume rf_d_31UsWin2:0 (G4Tubs) ... OK! 
Checking overlaps for volume rf_d_31DsWin2:0 (G4Tubs) ... OK! 
Checking overlaps for volume rf_d_31DsHalf:0 (G4Tubs) ... OK! 
Checking overlaps for volume rf_d_31TimingVol:0 (G4Tubs) ... OK! 
Checking overlaps for volume rf_d_31:0 (G4Tubs) ... OK! 
BLCMDpillbox::construct rf_d_31 parent= relZ=47360.1 globZ=47360.1
	zmin=47250.0 zmax=47470.1
Checking overlaps for volume rf_e_31Pipe:0 (G4Tubs) ... OK! 
Checking overlaps for volume rf_e_31UsWall:0 (G4Tubs) ... OK! 
Checking overlaps for volume rf_e_31DsWall:0 (G4Tubs) ... OK! 
Checking overlaps for volume rf_e_31UsWin1:0 (G4Tubs) ... OK! 
Checking overlaps for volume rf_e_31DsWin1:0 (G4Tubs) ... OK! 
Checking overlaps for volume rf_e_31UsWin2:0 (G4Tubs) ... OK! 
Checking overlaps for volume rf_e_31DsWin2:0 (G4Tubs) ... OK! 
Checking overlaps for volume rf_e_31DsHalf:0 (G4Tubs) ... OK! 
Checking overlaps for volume rf_e_31TimingVol:0 (G4Tubs) ... OK! 
BLCMDpillbox::construct rf_e_31 parent= relZ=47580.2 globZ=47580.2
	zmin=47470.1 zmax=47690.2
Checking overlaps for volume rf_e_31:0 (G4Tubs) ... Checking overlaps for volume rf_b_32Pipe:0 (G4Tubs) ... OK! 
Checking overlaps for volume rf_b_32UsWall:0 (G4Tubs) ... OK! 
Checking overlaps for volume rf_b_32DsWall:0 (G4Tubs) ... OK! 
Checking overlaps for volume rf_b_32UsWin1:0 (G4Tubs) ... OK! 
Checking overlaps for volume rf_b_32DsWin1:0 (G4Tubs) ... OK! 
Checking overlaps for volume rf_b_32UsWin2:0 (G4Tubs) ... OK! 
Checking overlaps for volume rf_b_32DsWin2:0 (G4Tubs) ... OK! 
Checking overlaps for volume rf_b_32DsHalf:0 (G4Tubs) ... OK! 
Checking overlaps for volume rf_b_32TimingVol:0 (G4Tubs) ... OK! 
Checking overlaps for volume rf_b_32:0 (G4Tubs) ... OK! 
BLCMDpillbox::construct rf_b_32 parent= relZ=48419.8 globZ=48419.8
	zmin=48309.8 zmax=48529.9
Checking overlaps for volume rf_c_32Pipe:0 (G4Tubs) ... OK! 
Checking overlaps for volume rf_c_32UsWall:0 (G4Tubs) ... OK! 
Checking overlaps for volume rf_c_32DsWall:0 (G4Tubs) ... OK! 
Checking overlaps for volume rf_c_32UsWin1:0 (G4Tubs) ... OK! 
Checking overlaps for volume rf_c_32DsWin1:0 (G4Tubs) ... OK! 
Checking overlaps for volume rf_c_32UsWin2:0 (G4Tubs) ... OK! 
Checking overlaps for volume rf_c_32DsWin2:0 (G4Tubs) ... OK! 
Checking overlaps for volume rf_c_32DsHalf:0 (G4Tubs) ... OK! 
Checking overlaps for volume rf_c_32TimingVol:0 (G4Tubs) ... OK! 
Checking overlaps for volume rf_c_32:0 (G4Tubs) ... OK! 
BLCMDpillbox::construct rf_c_32 parent= relZ=48639.9 globZ=48639.9
	zmin=48529.9 zmax=48750.0
Checking overlaps for volume rf_d_32Pipe:0 (G4Tubs) ... OK! 
Checking overlaps for volume rf_d_32UsWall:0 (G4Tubs) ... OK! 
Checking overlaps for volume rf_d_32DsWall:0 (G4Tubs) ... OK! 
Checking overlaps for volume rf_d_32UsWin1:0 (G4Tubs) ... OK! 
Checking overlaps for volume rf_d_32DsWin1:0 (G4Tubs) ... OK! 
Checking overlaps for volume rf_d_32UsWin2:0 (G4Tubs) ... OK! 
Checking overlaps for volume rf_d_32DsWin2:0 (G4Tubs) ... OK! 
Checking overlaps for volume rf_d_32DsHalf:0 (G4Tubs) ... OK! 
Checking overlaps for volume rf_d_32TimingVol:0 (G4Tubs) ... OK! 
Checking overlaps for volume rf_d_32:0 (G4Tubs) ... OK! 
BLCMDpillbox::construct rf_d_32 parent= relZ=48860.1 globZ=48860.1
	zmin=48750.0 zmax=48970.1
Checking overlaps for volume rf_e_32Pipe:0 (G4Tubs) ... OK! 
Checking overlaps for volume rf_e_32UsWall:0 (G4Tubs) ... OK! 
Checking overlaps for volume rf_e_32DsWall:0 (G4Tubs) ... OK! 
Checking overlaps for volume rf_e_32UsWin1:0 (G4Tubs) ... OK! 
Checking overlaps for volume rf_e_32DsWin1:0 (G4Tubs) ... OK! 
Checking overlaps for volume rf_e_32UsWin2:0 (G4Tubs) ... OK! 
Checking overlaps for volume rf_e_32DsWin2:0 (G4Tubs) ... OK! 
Checking overlaps for volume rf_e_32DsHalf:0 (G4Tubs) ... OK! 
Checking overlaps for volume rf_e_32TimingVol:0 (G4Tubs) ... OK! 
BLCMDpillbox::construct rf_e_32 parent= relZ=49080.2 globZ=49080.2
	zmin=48970.1 zmax=49190.2
Checking overlaps for volume rf_e_32:0 (G4Tubs) ... Checking overlaps for volume rf_b_33Pipe:0 (G4Tubs) ... OK! 
Checking overlaps for volume rf_b_33UsWall:0 (G4Tubs) ... OK! 
Checking overlaps for volume rf_b_33DsWall:0 (G4Tubs) ... OK! 
Checking overlaps for volume rf_b_33UsWin1:0 (G4Tubs) ... OK! 
Checking overlaps for volume rf_b_33DsWin1:0 (G4Tubs) ... OK! 
Checking overlaps for volume rf_b_33UsWin2:0 (G4Tubs) ... OK! 
Checking overlaps for volume rf_b_33DsWin2:0 (G4Tubs) ... OK! 
Checking overlaps for volume rf_b_33DsHalf:0 (G4Tubs) ... OK! 
Checking overlaps for volume rf_b_33TimingVol:0 (G4Tubs) ... OK! 
BLCMDpillbox::construct rf_b_33 parent= relZ=49919.8 globZ=49919.8
	zmin=49809.8 zmax=50029.9
Checking overlaps for volume rf_b_33:0 (G4Tubs) ... Checking overlaps for volume rf_c_33Pipe:0 (G4Tubs) ... OK! 
Checking overlaps for volume rf_c_33UsWall:0 (G4Tubs) ... OK! 
Checking overlaps for volume rf_c_33DsWall:0 (G4Tubs) ... OK! 
Checking overlaps for volume rf_c_33UsWin1:0 (G4Tubs) ... OK! 
Checking overlaps for volume rf_c_33DsWin1:0 (G4Tubs) ... OK! 
Checking overlaps for volume rf_c_33UsWin2:0 (G4Tubs) ... OK! 
Checking overlaps for volume rf_c_33DsWin2:0 (G4Tubs) ... OK! 
Checking overlaps for volume rf_c_33DsHalf:0 (G4Tubs) ... OK! 
Checking overlaps for volume rf_c_33TimingVol:0 (G4Tubs) ... OK! 
Checking overlaps for volume rf_c_33:0 (G4Tubs) ... OK! 
BLCMDpillbox::construct rf_c_33 parent= relZ=50139.9 globZ=50139.9
	zmin=50029.9 zmax=50250.0
Checking overlaps for volume rf_d_33Pipe:0 (G4Tubs) ... OK! 
Checking overlaps for volume rf_d_33UsWall:0 (G4Tubs) ... OK! 
Checking overlaps for volume rf_d_33DsWall:0 (G4Tubs) ... OK! 
Checking overlaps for volume rf_d_33UsWin1:0 (G4Tubs) ... OK! 
Checking overlaps for volume rf_d_33DsWin1:0 (G4Tubs) ... OK! 
Checking overlaps for volume rf_d_33UsWin2:0 (G4Tubs) ... OK! 
Checking overlaps for volume rf_d_33DsWin2:0 (G4Tubs) ... OK! 
Checking overlaps for volume rf_d_33DsHalf:0 (G4Tubs) ... OK! 
Checking overlaps for volume rf_d_33TimingVol:0 (G4Tubs) ... OK! 
Checking overlaps for volume rf_d_33:0 (G4Tubs) ... OK! 
BLCMDpillbox::construct rf_d_33 parent= relZ=50360.1 globZ=50360.1
	zmin=50250.0 zmax=50470.1
Checking overlaps for volume rf_e_33Pipe:0 (G4Tubs) ... OK! 
Checking overlaps for volume rf_e_33UsWall:0 (G4Tubs) ... OK! 
Checking overlaps for volume rf_e_33DsWall:0 (G4Tubs) ... OK! 
Checking overlaps for volume rf_e_33UsWin1:0 (G4Tubs) ... OK! 
Checking overlaps for volume rf_e_33DsWin1:0 (G4Tubs) ... OK! 
Checking overlaps for volume rf_e_33UsWin2:0 (G4Tubs) ... OK! 
Checking overlaps for volume rf_e_33DsWin2:0 (G4Tubs) ... OK! 
Checking overlaps for volume rf_e_33DsHalf:0 (G4Tubs) ... OK! 
Checking overlaps for volume rf_e_33TimingVol:0 (G4Tubs) ... OK! 
Checking overlaps for volume rf_e_33:0 (G4Tubs) ... OK! 
BLCMDpillbox::construct rf_e_33 parent= relZ=50580.2 globZ=50580.2
	zmin=50470.1 zmax=50690.2
Checking overlaps for volume rf_b_34Pipe:0 (G4Tubs) ... OK! 
Checking overlaps for volume rf_b_34UsWall:0 (G4Tubs) ... OK! 
Checking overlaps for volume rf_b_34DsWall:0 (G4Tubs) ... OK! 
Checking overlaps for volume rf_b_34UsWin1:0 (G4Tubs) ... OK! 
Checking overlaps for volume rf_b_34DsWin1:0 (G4Tubs) ... OK! 
Checking overlaps for volume rf_b_34UsWin2:0 (G4Tubs) ... OK! 
Checking overlaps for volume rf_b_34DsWin2:0 (G4Tubs) ... OK! 
Checking overlaps for volume rf_b_34DsHalf:0 (G4Tubs) ... OK! 
Checking overlaps for volume rf_b_34TimingVol:0 (G4Tubs) ... OK! 
BLCMDpillbox::construct rf_b_34 parent= relZ=51419.8 globZ=51419.8
	zmin=51309.8 zmax=51529.9
Checking overlaps for volume rf_b_34:0 (G4Tubs) ... Checking overlaps for volume rf_c_34Pipe:0 (G4Tubs) ... OK! 
Checking overlaps for volume rf_c_34UsWall:0 (G4Tubs) ... OK! 
Checking overlaps for volume rf_c_34DsWall:0 (G4Tubs) ... OK! 
Checking overlaps for volume rf_c_34UsWin1:0 (G4Tubs) ... OK! 
Checking overlaps for volume rf_c_34DsWin1:0 (G4Tubs) ... OK! 
Checking overlaps for volume rf_c_34UsWin2:0 (G4Tubs) ... OK! 
Checking overlaps for volume rf_c_34DsWin2:0 (G4Tubs) ... OK! 
Checking overlaps for volume rf_c_34DsHalf:0 (G4Tubs) ... OK! 
Checking overlaps for volume rf_c_34TimingVol:0 (G4Tubs) ... OK! 
Checking overlaps for volume rf_c_34:0 (G4Tubs) ... OK! 
BLCMDpillbox::construct rf_c_34 parent= relZ=51639.9 globZ=51639.9
	zmin=51529.9 zmax=51750.0
Checking overlaps for volume rf_d_34Pipe:0 (G4Tubs) ... OK! 
Checking overlaps for volume rf_d_34UsWall:0 (G4Tubs) ... OK! 
Checking overlaps for volume rf_d_34DsWall:0 (G4Tubs) ... OK! 
Checking overlaps for volume rf_d_34UsWin1:0 (G4Tubs) ... OK! 
Checking overlaps for volume rf_d_34DsWin1:0 (G4Tubs) ... OK! 
Checking overlaps for volume rf_d_34UsWin2:0 (G4Tubs) ... OK! 
Checking overlaps for volume rf_d_34DsWin2:0 (G4Tubs) ... OK! 
Checking overlaps for volume rf_d_34DsHalf:0 (G4Tubs) ... OK! 
Checking overlaps for volume rf_d_34TimingVol:0 (G4Tubs) ... OK! 
Checking overlaps for volume rf_d_34:0 (G4Tubs) ... OK! 
BLCMDpillbox::construct rf_d_34 parent= relZ=51860.1 globZ=51860.1
	zmin=51750.0 zmax=51970.1
Checking overlaps for volume rf_e_34Pipe:0 (G4Tubs) ... OK! 
Checking overlaps for volume rf_e_34UsWall:0 (G4Tubs) ... OK! 
Checking overlaps for volume rf_e_34DsWall:0 (G4Tubs) ... OK! 
Checking overlaps for volume rf_e_34UsWin1:0 (G4Tubs) ... OK! 
Checking overlaps for volume rf_e_34DsWin1:0 (G4Tubs) ... OK! 
Checking overlaps for volume rf_e_34UsWin2:0 (G4Tubs) ... OK! 
Checking overlaps for volume rf_e_34DsWin2:0 (G4Tubs) ... OK! 
Checking overlaps for volume rf_e_34DsHalf:0 (G4Tubs) ... OK! 
Checking overlaps for volume rf_e_34TimingVol:0 (G4Tubs) ... OK! 
Checking overlaps for volume rf_e_34:0 (G4Tubs) ... OK! 
BLCMDpillbox::construct rf_e_34 parent= relZ=52080.2 globZ=52080.2
	zmin=51970.1 zmax=52190.2
Checking overlaps for volume rf_b_35Pipe:0 (G4Tubs) ... OK! 
Checking overlaps for volume rf_b_35UsWall:0 (G4Tubs) ... OK! 
Checking overlaps for volume rf_b_35DsWall:0 (G4Tubs) ... OK! 
Checking overlaps for volume rf_b_35UsWin1:0 (G4Tubs) ... OK! 
Checking overlaps for volume rf_b_35DsWin1:0 (G4Tubs) ... OK! 
Checking overlaps for volume rf_b_35UsWin2:0 (G4Tubs) ... OK! 
Checking overlaps for volume rf_b_35DsWin2:0 (G4Tubs) ... OK! 
Checking overlaps for volume rf_b_35DsHalf:0 (G4Tubs) ... OK! 
Checking overlaps for volume rf_b_35TimingVol:0 (G4Tubs) ... OK! 
**************************************************************************
*** G4Exception: GeomVol1002
***    severity: Warning
***   issued by: G4PVPlacement::CheckOverlaps()
*** description: Overlap with volume already placed !
          Overlap is detected for volume rf_b_35:0 (G4Tubs) with pipe:0 (G4Tubs)
          overlap at local point (5.82194,125.537,99.875) by 328.341 um  (max of 1 cases)
NOTE: Reached maximum fixed number -1- of overlaps reports for this volume !
***    printing: every 10-th occurrence
**************************************************************************
BLCMDpillbox::construct rf_b_35 parent= relZ=52919.8 globZ=52919.8
	zmin=52809.8 zmax=53029.9
Checking overlaps for volume rf_b_35:0 (G4Tubs) ... Checking overlaps for volume rf_c_35Pipe:0 (G4Tubs) ... OK! 
Checking overlaps for volume rf_c_35UsWall:0 (G4Tubs) ... OK! 
Checking overlaps for volume rf_c_35DsWall:0 (G4Tubs) ... OK! 
Checking overlaps for volume rf_c_35UsWin1:0 (G4Tubs) ... OK! 
Checking overlaps for volume rf_c_35DsWin1:0 (G4Tubs) ... OK! 
Checking overlaps for volume rf_c_35UsWin2:0 (G4Tubs) ... OK! 
Checking overlaps for volume rf_c_35DsWin2:0 (G4Tubs) ... OK! 
Checking overlaps for volume rf_c_35DsHalf:0 (G4Tubs) ... OK! 
Checking overlaps for volume rf_c_35TimingVol:0 (G4Tubs) ... OK! 
Checking overlaps for volume rf_c_35:0 (G4Tubs) ... OK! 
BLCMDpillbox::construct rf_c_35 parent= relZ=53139.9 globZ=53139.9
	zmin=53029.9 zmax=53250.0
Checking overlaps for volume rf_d_35Pipe:0 (G4Tubs) ... OK! 
Checking overlaps for volume rf_d_35UsWall:0 (G4Tubs) ... OK! 
Checking overlaps for volume rf_d_35DsWall:0 (G4Tubs) ... OK! 
Checking overlaps for volume rf_d_35UsWin1:0 (G4Tubs) ... OK! 
Checking overlaps for volume rf_d_35DsWin1:0 (G4Tubs) ... OK! 
Checking overlaps for volume rf_d_35UsWin2:0 (G4Tubs) ... OK! 
Checking overlaps for volume rf_d_35DsWin2:0 (G4Tubs) ... OK! 
Checking overlaps for volume rf_d_35DsHalf:0 (G4Tubs) ... OK! 
Checking overlaps for volume rf_d_35TimingVol:0 (G4Tubs) ... OK! 
Checking overlaps for volume rf_d_35:0 (G4Tubs) ... OK! 
BLCMDpillbox::construct rf_d_35 parent= relZ=53360.1 globZ=53360.1
	zmin=53250.0 zmax=53470.1
Checking overlaps for volume rf_e_35Pipe:0 (G4Tubs) ... OK! 
Checking overlaps for volume rf_e_35UsWall:0 (G4Tubs) ... OK! 
Checking overlaps for volume rf_e_35DsWall:0 (G4Tubs) ... OK! 
Checking overlaps for volume rf_e_35UsWin1:0 (G4Tubs) ... OK! 
Checking overlaps for volume rf_e_35DsWin1:0 (G4Tubs) ... OK! 
Checking overlaps for volume rf_e_35UsWin2:0 (G4Tubs) ... OK! 
Checking overlaps for volume rf_e_35DsWin2:0 (G4Tubs) ... OK! 
Checking overlaps for volume rf_e_35DsHalf:0 (G4Tubs) ... OK! 
Checking overlaps for volume rf_e_35TimingVol:0 (G4Tubs) ... OK! 
Checking overlaps for volume rf_e_35:0 (G4Tubs) ... OK! 
BLCMDpillbox::construct rf_e_35 parent= relZ=53580.2 globZ=53580.2
	zmin=53470.1 zmax=53690.2
Checking overlaps for volume rf_b_36Pipe:0 (G4Tubs) ... OK! 
Checking overlaps for volume rf_b_36UsWall:0 (G4Tubs) ... OK! 
Checking overlaps for volume rf_b_36DsWall:0 (G4Tubs) ... OK! 
Checking overlaps for volume rf_b_36UsWin1:0 (G4Tubs) ... OK! 
Checking overlaps for volume rf_b_36DsWin1:0 (G4Tubs) ... OK! 
Checking overlaps for volume rf_b_36UsWin2:0 (G4Tubs) ... OK! 
Checking overlaps for volume rf_b_36DsWin2:0 (G4Tubs) ... OK! 
Checking overlaps for volume rf_b_36DsHalf:0 (G4Tubs) ... OK! 
Checking overlaps for volume rf_b_36TimingVol:0 (G4Tubs) ... OK! 
BLCMDpillbox::construct rf_b_36 parent= relZ=54419.8 globZ=54419.8
	zmin=54309.8 zmax=54529.9
Checking overlaps for volume rf_b_36:0 (G4Tubs) ... Checking overlaps for volume rf_c_36Pipe:0 (G4Tubs) ... OK! 
Checking overlaps for volume rf_c_36UsWall:0 (G4Tubs) ... OK! 
Checking overlaps for volume rf_c_36DsWall:0 (G4Tubs) ... OK! 
Checking overlaps for volume rf_c_36UsWin1:0 (G4Tubs) ... OK! 
Checking overlaps for volume rf_c_36DsWin1:0 (G4Tubs) ... OK! 
Checking overlaps for volume rf_c_36UsWin2:0 (G4Tubs) ... OK! 
Checking overlaps for volume rf_c_36DsWin2:0 (G4Tubs) ... OK! 
Checking overlaps for volume rf_c_36DsHalf:0 (G4Tubs) ... OK! 
Checking overlaps for volume rf_c_36TimingVol:0 (G4Tubs) ... OK! 
Checking overlaps for volume rf_c_36:0 (G4Tubs) ... OK! 
BLCMDpillbox::construct rf_c_36 parent= relZ=54639.9 globZ=54639.9
	zmin=54529.9 zmax=54750.0
Checking overlaps for volume rf_d_36Pipe:0 (G4Tubs) ... OK! 
Checking overlaps for volume rf_d_36UsWall:0 (G4Tubs) ... OK! 
Checking overlaps for volume rf_d_36DsWall:0 (G4Tubs) ... OK! 
Checking overlaps for volume rf_d_36UsWin1:0 (G4Tubs) ... OK! 
Checking overlaps for volume rf_d_36DsWin1:0 (G4Tubs) ... OK! 
Checking overlaps for volume rf_d_36UsWin2:0 (G4Tubs) ... OK! 
Checking overlaps for volume rf_d_36DsWin2:0 (G4Tubs) ... OK! 
Checking overlaps for volume rf_d_36DsHalf:0 (G4Tubs) ... OK! 
Checking overlaps for volume rf_d_36TimingVol:0 (G4Tubs) ... OK! 
Checking overlaps for volume rf_d_36:0 (G4Tubs) ... OK! 
BLCMDpillbox::construct rf_d_36 parent= relZ=54860.1 globZ=54860.1
	zmin=54750.0 zmax=54970.1
Checking overlaps for volume rf_e_36Pipe:0 (G4Tubs) ... OK! 
Checking overlaps for volume rf_e_36UsWall:0 (G4Tubs) ... OK! 
Checking overlaps for volume rf_e_36DsWall:0 (G4Tubs) ... OK! 
Checking overlaps for volume rf_e_36UsWin1:0 (G4Tubs) ... OK! 
Checking overlaps for volume rf_e_36DsWin1:0 (G4Tubs) ... OK! 
Checking overlaps for volume rf_e_36UsWin2:0 (G4Tubs) ... OK! 
Checking overlaps for volume rf_e_36DsWin2:0 (G4Tubs) ... OK! 
Checking overlaps for volume rf_e_36DsHalf:0 (G4Tubs) ... OK! 
Checking overlaps for volume rf_e_36TimingVol:0 (G4Tubs) ... OK! 
BLCMDpillbox::construct rf_e_36 parent= relZ=55080.2 globZ=55080.2
	zmin=54970.1 zmax=55190.2
Checking overlaps for volume rf_e_36:0 (G4Tubs) ... Checking overlaps for volume rf_b_37Pipe:0 (G4Tubs) ... OK! 
Checking overlaps for volume rf_b_37UsWall:0 (G4Tubs) ... OK! 
Checking overlaps for volume rf_b_37DsWall:0 (G4Tubs) ... OK! 
Checking overlaps for volume rf_b_37UsWin1:0 (G4Tubs) ... OK! 
Checking overlaps for volume rf_b_37DsWin1:0 (G4Tubs) ... OK! 
Checking overlaps for volume rf_b_37UsWin2:0 (G4Tubs) ... OK! 
Checking overlaps for volume rf_b_37DsWin2:0 (G4Tubs) ... OK! 
Checking overlaps for volume rf_b_37DsHalf:0 (G4Tubs) ... OK! 
Checking overlaps for volume rf_b_37TimingVol:0 (G4Tubs) ... OK! 
BLCMDpillbox::construct rf_b_37 parent= relZ=55919.8 globZ=55919.8
	zmin=55809.8 zmax=56029.9
Checking overlaps for volume rf_b_37:0 (G4Tubs) ... Checking overlaps for volume rf_c_37Pipe:0 (G4Tubs) ... OK! 
Checking overlaps for volume rf_c_37UsWall:0 (G4Tubs) ... OK! 
Checking overlaps for volume rf_c_37DsWall:0 (G4Tubs) ... OK! 
Checking overlaps for volume rf_c_37UsWin1:0 (G4Tubs) ... OK! 
Checking overlaps for volume rf_c_37DsWin1:0 (G4Tubs) ... OK! 
Checking overlaps for volume rf_c_37UsWin2:0 (G4Tubs) ... OK! 
Checking overlaps for volume rf_c_37DsWin2:0 (G4Tubs) ... OK! 
Checking overlaps for volume rf_c_37DsHalf:0 (G4Tubs) ... OK! 
Checking overlaps for volume rf_c_37TimingVol:0 (G4Tubs) ... OK! 
Checking overlaps for volume rf_c_37:0 (G4Tubs) ... OK! 
BLCMDpillbox::construct rf_c_37 parent= relZ=56139.9 globZ=56139.9
	zmin=56029.9 zmax=56250.0
Checking overlaps for volume rf_d_37Pipe:0 (G4Tubs) ... OK! 
Checking overlaps for volume rf_d_37UsWall:0 (G4Tubs) ... OK! 
Checking overlaps for volume rf_d_37DsWall:0 (G4Tubs) ... OK! 
Checking overlaps for volume rf_d_37UsWin1:0 (G4Tubs) ... OK! 
Checking overlaps for volume rf_d_37DsWin1:0 (G4Tubs) ... OK! 
Checking overlaps for volume rf_d_37UsWin2:0 (G4Tubs) ... OK! 
Checking overlaps for volume rf_d_37DsWin2:0 (G4Tubs) ... OK! 
Checking overlaps for volume rf_d_37DsHalf:0 (G4Tubs) ... OK! 
Checking overlaps for volume rf_d_37TimingVol:0 (G4Tubs) ... OK! 
Checking overlaps for volume rf_d_37:0 (G4Tubs) ... OK! 
BLCMDpillbox::construct rf_d_37 parent= relZ=56360.1 globZ=56360.1
	zmin=56250.0 zmax=56470.1
Checking overlaps for volume rf_e_37Pipe:0 (G4Tubs) ... OK! 
Checking overlaps for volume rf_e_37UsWall:0 (G4Tubs) ... OK! 
Checking overlaps for volume rf_e_37DsWall:0 (G4Tubs) ... OK! 
Checking overlaps for volume rf_e_37UsWin1:0 (G4Tubs) ... OK! 
Checking overlaps for volume rf_e_37DsWin1:0 (G4Tubs) ... OK! 
Checking overlaps for volume rf_e_37UsWin2:0 (G4Tubs) ... OK! 
Checking overlaps for volume rf_e_37DsWin2:0 (G4Tubs) ... OK! 
Checking overlaps for volume rf_e_37DsHalf:0 (G4Tubs) ... OK! 
Checking overlaps for volume rf_e_37TimingVol:0 (G4Tubs) ... OK! 
BLCMDpillbox::construct rf_e_37 parent= relZ=56580.2 globZ=56580.2
	zmin=56470.1 zmax=56690.2
Checking overlaps for volume rf_e_37:0 (G4Tubs) ... Checking overlaps for volume rf_b_38Pipe:0 (G4Tubs) ... OK! 
Checking overlaps for volume rf_b_38UsWall:0 (G4Tubs) ... OK! 
Checking overlaps for volume rf_b_38DsWall:0 (G4Tubs) ... OK! 
Checking overlaps for volume rf_b_38UsWin1:0 (G4Tubs) ... OK! 
Checking overlaps for volume rf_b_38DsWin1:0 (G4Tubs) ... OK! 
Checking overlaps for volume rf_b_38UsWin2:0 (G4Tubs) ... OK! 
Checking overlaps for volume rf_b_38DsWin2:0 (G4Tubs) ... OK! 
Checking overlaps for volume rf_b_38DsHalf:0 (G4Tubs) ... OK! 
Checking overlaps for volume rf_b_38TimingVol:0 (G4Tubs) ... OK! 
BLCMDpillbox::construct rf_b_38 parent= relZ=57419.8 globZ=57419.8
	zmin=57309.8 zmax=57529.9
Checking overlaps for volume rf_b_38:0 (G4Tubs) ... Checking overlaps for volume rf_c_38Pipe:0 (G4Tubs) ... OK! 
Checking overlaps for volume rf_c_38UsWall:0 (G4Tubs) ... OK! 
Checking overlaps for volume rf_c_38DsWall:0 (G4Tubs) ... OK! 
Checking overlaps for volume rf_c_38UsWin1:0 (G4Tubs) ... OK! 
Checking overlaps for volume rf_c_38DsWin1:0 (G4Tubs) ... OK! 
Checking overlaps for volume rf_c_38UsWin2:0 (G4Tubs) ... OK! 
Checking overlaps for volume rf_c_38DsWin2:0 (G4Tubs) ... OK! 
Checking overlaps for volume rf_c_38DsHalf:0 (G4Tubs) ... OK! 
Checking overlaps for volume rf_c_38TimingVol:0 (G4Tubs) ... OK! 
Checking overlaps for volume rf_c_38:0 (G4Tubs) ... OK! 
BLCMDpillbox::construct rf_c_38 parent= relZ=57639.9 globZ=57639.9
	zmin=57529.9 zmax=57750.0
Checking overlaps for volume rf_d_38Pipe:0 (G4Tubs) ... OK! 
Checking overlaps for volume rf_d_38UsWall:0 (G4Tubs) ... OK! 
Checking overlaps for volume rf_d_38DsWall:0 (G4Tubs) ... OK! 
Checking overlaps for volume rf_d_38UsWin1:0 (G4Tubs) ... OK! 
Checking overlaps for volume rf_d_38DsWin1:0 (G4Tubs) ... OK! 
Checking overlaps for volume rf_d_38UsWin2:0 (G4Tubs) ... OK! 
Checking overlaps for volume rf_d_38DsWin2:0 (G4Tubs) ... OK! 
Checking overlaps for volume rf_d_38DsHalf:0 (G4Tubs) ... OK! 
Checking overlaps for volume rf_d_38TimingVol:0 (G4Tubs) ... OK! 
Checking overlaps for volume rf_d_38:0 (G4Tubs) ... OK! 
BLCMDpillbox::construct rf_d_38 parent= relZ=57860.1 globZ=57860.1
	zmin=57750.0 zmax=57970.1
Checking overlaps for volume rf_e_38Pipe:0 (G4Tubs) ... OK! 
Checking overlaps for volume rf_e_38UsWall:0 (G4Tubs) ... OK! 
Checking overlaps for volume rf_e_38DsWall:0 (G4Tubs) ... OK! 
Checking overlaps for volume rf_e_38UsWin1:0 (G4Tubs) ... OK! 
Checking overlaps for volume rf_e_38DsWin1:0 (G4Tubs) ... OK! 
Checking overlaps for volume rf_e_38UsWin2:0 (G4Tubs) ... OK! 
Checking overlaps for volume rf_e_38DsWin2:0 (G4Tubs) ... OK! 
Checking overlaps for volume rf_e_38DsHalf:0 (G4Tubs) ... OK! 
Checking overlaps for volume rf_e_38TimingVol:0 (G4Tubs) ... OK! 
BLCMDpillbox::construct rf_e_38 parent= relZ=58080.2 globZ=58080.2
	zmin=57970.1 zmax=58190.2
Checking overlaps for volume rf_e_38:0 (G4Tubs) ... Checking overlaps for volume rf_b_39Pipe:0 (G4Tubs) ... OK! 
Checking overlaps for volume rf_b_39UsWall:0 (G4Tubs) ... OK! 
Checking overlaps for volume rf_b_39DsWall:0 (G4Tubs) ... OK! 
Checking overlaps for volume rf_b_39UsWin1:0 (G4Tubs) ... OK! 
Checking overlaps for volume rf_b_39DsWin1:0 (G4Tubs) ... OK! 
Checking overlaps for volume rf_b_39UsWin2:0 (G4Tubs) ... OK! 
Checking overlaps for volume rf_b_39DsWin2:0 (G4Tubs) ... OK! 
Checking overlaps for volume rf_b_39DsHalf:0 (G4Tubs) ... OK! 
Checking overlaps for volume rf_b_39TimingVol:0 (G4Tubs) ... OK! 
Checking overlaps for volume rf_b_39:0 (G4Tubs) ... OK! 
BLCMDpillbox::construct rf_b_39 parent= relZ=58919.8 globZ=58919.8
	zmin=58809.8 zmax=59029.9
Checking overlaps for volume rf_c_39Pipe:0 (G4Tubs) ... OK! 
Checking overlaps for volume rf_c_39UsWall:0 (G4Tubs) ... OK! 
Checking overlaps for volume rf_c_39DsWall:0 (G4Tubs) ... OK! 
Checking overlaps for volume rf_c_39UsWin1:0 (G4Tubs) ... OK! 
Checking overlaps for volume rf_c_39DsWin1:0 (G4Tubs) ... OK! 
Checking overlaps for volume rf_c_39UsWin2:0 (G4Tubs) ... OK! 
Checking overlaps for volume rf_c_39DsWin2:0 (G4Tubs) ... OK! 
Checking overlaps for volume rf_c_39DsHalf:0 (G4Tubs) ... OK! 
Checking overlaps for volume rf_c_39TimingVol:0 (G4Tubs) ... OK! 
Checking overlaps for volume rf_c_39:0 (G4Tubs) ... OK! 
BLCMDpillbox::construct rf_c_39 parent= relZ=59139.9 globZ=59139.9
	zmin=59029.9 zmax=59250.0
Checking overlaps for volume rf_d_39Pipe:0 (G4Tubs) ... OK! 
Checking overlaps for volume rf_d_39UsWall:0 (G4Tubs) ... OK! 
Checking overlaps for volume rf_d_39DsWall:0 (G4Tubs) ... OK! 
Checking overlaps for volume rf_d_39UsWin1:0 (G4Tubs) ... OK! 
Checking overlaps for volume rf_d_39DsWin1:0 (G4Tubs) ... OK! 
Checking overlaps for volume rf_d_39UsWin2:0 (G4Tubs) ... OK! 
Checking overlaps for volume rf_d_39DsWin2:0 (G4Tubs) ... OK! 
Checking overlaps for volume rf_d_39DsHalf:0 (G4Tubs) ... OK! 
Checking overlaps for volume rf_d_39TimingVol:0 (G4Tubs) ... OK! 
Checking overlaps for volume rf_d_39:0 (G4Tubs) ... OK! 
BLCMDpillbox::construct rf_d_39 parent= relZ=59360.1 globZ=59360.1
	zmin=59250.0 zmax=59470.1
Checking overlaps for volume rf_e_39Pipe:0 (G4Tubs) ... OK! 
Checking overlaps for volume rf_e_39UsWall:0 (G4Tubs) ... OK! 
Checking overlaps for volume rf_e_39DsWall:0 (G4Tubs) ... OK! 
Checking overlaps for volume rf_e_39UsWin1:0 (G4Tubs) ... OK! 
Checking overlaps for volume rf_e_39DsWin1:0 (G4Tubs) ... OK! 
Checking overlaps for volume rf_e_39UsWin2:0 (G4Tubs) ... OK! 
Checking overlaps for volume rf_e_39DsWin2:0 (G4Tubs) ... OK! 
Checking overlaps for volume rf_e_39DsHalf:0 (G4Tubs) ... OK! 
Checking overlaps for volume rf_e_39TimingVol:0 (G4Tubs) ... OK! 
Checking overlaps for volume rf_e_39:0 (G4Tubs) ... OK! 
BLCMDpillbox::construct rf_e_39 parent= relZ=59580.2 globZ=59580.2
	zmin=59470.1 zmax=59690.2
Checking overlaps for volume rf_b_40Pipe:0 (G4Tubs) ... OK! 
Checking overlaps for volume rf_b_40UsWall:0 (G4Tubs) ... OK! 
Checking overlaps for volume rf_b_40DsWall:0 (G4Tubs) ... OK! 
Checking overlaps for volume rf_b_40UsWin1:0 (G4Tubs) ... OK! 
Checking overlaps for volume rf_b_40DsWin1:0 (G4Tubs) ... OK! 
Checking overlaps for volume rf_b_40UsWin2:0 (G4Tubs) ... OK! 
Checking overlaps for volume rf_b_40DsWin2:0 (G4Tubs) ... OK! 
Checking overlaps for volume rf_b_40DsHalf:0 (G4Tubs) ... OK! 
Checking overlaps for volume rf_b_40TimingVol:0 (G4Tubs) ... OK! 
Checking overlaps for volume rf_b_40:0 (G4Tubs) ... OK! 
BLCMDpillbox::construct rf_b_40 parent= relZ=60419.8 globZ=60419.8
	zmin=60309.8 zmax=60529.9
Checking overlaps for volume rf_c_40Pipe:0 (G4Tubs) ... OK! 
Checking overlaps for volume rf_c_40UsWall:0 (G4Tubs) ... OK! 
Checking overlaps for volume rf_c_40DsWall:0 (G4Tubs) ... OK! 
Checking overlaps for volume rf_c_40UsWin1:0 (G4Tubs) ... OK! 
Checking overlaps for volume rf_c_40DsWin1:0 (G4Tubs) ... OK! 
Checking overlaps for volume rf_c_40UsWin2:0 (G4Tubs) ... OK! 
Checking overlaps for volume rf_c_40DsWin2:0 (G4Tubs) ... OK! 
Checking overlaps for volume rf_c_40DsHalf:0 (G4Tubs) ... OK! 
Checking overlaps for volume rf_c_40TimingVol:0 (G4Tubs) ... OK! 
Checking overlaps for volume rf_c_40:0 (G4Tubs) ... OK! 
BLCMDpillbox::construct rf_c_40 parent= relZ=60639.9 globZ=60639.9
	zmin=60529.9 zmax=60750.0
Checking overlaps for volume rf_d_40Pipe:0 (G4Tubs) ... OK! 
Checking overlaps for volume rf_d_40UsWall:0 (G4Tubs) ... OK! 
Checking overlaps for volume rf_d_40DsWall:0 (G4Tubs) ... OK! 
Checking overlaps for volume rf_d_40UsWin1:0 (G4Tubs) ... OK! 
Checking overlaps for volume rf_d_40DsWin1:0 (G4Tubs) ... OK! 
Checking overlaps for volume rf_d_40UsWin2:0 (G4Tubs) ... OK! 
Checking overlaps for volume rf_d_40DsWin2:0 (G4Tubs) ... OK! 
Checking overlaps for volume rf_d_40DsHalf:0 (G4Tubs) ... OK! 
Checking overlaps for volume rf_d_40TimingVol:0 (G4Tubs) ... OK! 
Checking overlaps for volume rf_d_40:0 (G4Tubs) ... OK! 
BLCMDpillbox::construct rf_d_40 parent= relZ=60860.1 globZ=60860.1
	zmin=60750.0 zmax=60970.1
Checking overlaps for volume rf_e_40Pipe:0 (G4Tubs) ... OK! 
Checking overlaps for volume rf_e_40UsWall:0 (G4Tubs) ... OK! 
Checking overlaps for volume rf_e_40DsWall:0 (G4Tubs) ... OK! 
Checking overlaps for volume rf_e_40UsWin1:0 (G4Tubs) ... OK! 
Checking overlaps for volume rf_e_40DsWin1:0 (G4Tubs) ... OK! 
Checking overlaps for volume rf_e_40UsWin2:0 (G4Tubs) ... OK! 
Checking overlaps for volume rf_e_40DsWin2:0 (G4Tubs) ... OK! 
Checking overlaps for volume rf_e_40DsHalf:0 (G4Tubs) ... OK! 
Checking overlaps for volume rf_e_40TimingVol:0 (G4Tubs) ... OK! 
BLCMDpillbox::construct rf_e_40 parent= relZ=61080.2 globZ=61080.2
	zmin=60970.1 zmax=61190.2
Checking overlaps for volume rf_e_40:0 (G4Tubs) ... Checking overlaps for volume rf_b_41Pipe:0 (G4Tubs) ... OK! 
Checking overlaps for volume rf_b_41UsWall:0 (G4Tubs) ... OK! 
Checking overlaps for volume rf_b_41DsWall:0 (G4Tubs) ... OK! 
Checking overlaps for volume rf_b_41UsWin1:0 (G4Tubs) ... OK! 
Checking overlaps for volume rf_b_41DsWin1:0 (G4Tubs) ... OK! 
Checking overlaps for volume rf_b_41UsWin2:0 (G4Tubs) ... OK! 
Checking overlaps for volume rf_b_41DsWin2:0 (G4Tubs) ... OK! 
Checking overlaps for volume rf_b_41DsHalf:0 (G4Tubs) ... OK! 
Checking overlaps for volume rf_b_41TimingVol:0 (G4Tubs) ... OK! 
Checking overlaps for volume rf_b_41:0 (G4Tubs) ... OK! 
BLCMDpillbox::construct rf_b_41 parent= relZ=61919.8 globZ=61919.8
	zmin=61809.8 zmax=62029.9
Checking overlaps for volume rf_c_41Pipe:0 (G4Tubs) ... OK! 
Checking overlaps for volume rf_c_41UsWall:0 (G4Tubs) ... OK! 
Checking overlaps for volume rf_c_41DsWall:0 (G4Tubs) ... OK! 
Checking overlaps for volume rf_c_41UsWin1:0 (G4Tubs) ... OK! 
Checking overlaps for volume rf_c_41DsWin1:0 (G4Tubs) ... OK! 
Checking overlaps for volume rf_c_41UsWin2:0 (G4Tubs) ... OK! 
Checking overlaps for volume rf_c_41DsWin2:0 (G4Tubs) ... OK! 
Checking overlaps for volume rf_c_41DsHalf:0 (G4Tubs) ... OK! 
Checking overlaps for volume rf_c_41TimingVol:0 (G4Tubs) ... OK! 
Checking overlaps for volume rf_c_41:0 (G4Tubs) ... OK! 
BLCMDpillbox::construct rf_c_41 parent= relZ=62139.9 globZ=62139.9
	zmin=62029.9 zmax=62250.0
Checking overlaps for volume rf_d_41Pipe:0 (G4Tubs) ... OK! 
Checking overlaps for volume rf_d_41UsWall:0 (G4Tubs) ... OK! 
Checking overlaps for volume rf_d_41DsWall:0 (G4Tubs) ... OK! 
Checking overlaps for volume rf_d_41UsWin1:0 (G4Tubs) ... OK! 
Checking overlaps for volume rf_d_41DsWin1:0 (G4Tubs) ... OK! 
Checking overlaps for volume rf_d_41UsWin2:0 (G4Tubs) ... OK! 
Checking overlaps for volume rf_d_41DsWin2:0 (G4Tubs) ... OK! 
Checking overlaps for volume rf_d_41DsHalf:0 (G4Tubs) ... OK! 
Checking overlaps for volume rf_d_41TimingVol:0 (G4Tubs) ... OK! 
Checking overlaps for volume rf_d_41:0 (G4Tubs) ... OK! 
BLCMDpillbox::construct rf_d_41 parent= relZ=62360.1 globZ=62360.1
	zmin=62250.0 zmax=62470.1
Checking overlaps for volume rf_e_41Pipe:0 (G4Tubs) ... OK! 
Checking overlaps for volume rf_e_41UsWall:0 (G4Tubs) ... OK! 
Checking overlaps for volume rf_e_41DsWall:0 (G4Tubs) ... OK! 
Checking overlaps for volume rf_e_41UsWin1:0 (G4Tubs) ... OK! 
Checking overlaps for volume rf_e_41DsWin1:0 (G4Tubs) ... OK! 
Checking overlaps for volume rf_e_41UsWin2:0 (G4Tubs) ... OK! 
Checking overlaps for volume rf_e_41DsWin2:0 (G4Tubs) ... OK! 
Checking overlaps for volume rf_e_41DsHalf:0 (G4Tubs) ... OK! 
Checking overlaps for volume rf_e_41TimingVol:0 (G4Tubs) ... OK! 
Checking overlaps for volume rf_e_41:0 (G4Tubs) ... OK! 
BLCMDpillbox::construct rf_e_41 parent= relZ=62580.2 globZ=62580.2
	zmin=62470.1 zmax=62690.2
Checking overlaps for volume rf_b_42Pipe:0 (G4Tubs) ... OK! 
Checking overlaps for volume rf_b_42UsWall:0 (G4Tubs) ... OK! 
Checking overlaps for volume rf_b_42DsWall:0 (G4Tubs) ... OK! 
Checking overlaps for volume rf_b_42UsWin1:0 (G4Tubs) ... OK! 
Checking overlaps for volume rf_b_42DsWin1:0 (G4Tubs) ... OK! 
Checking overlaps for volume rf_b_42UsWin2:0 (G4Tubs) ... OK! 
Checking overlaps for volume rf_b_42DsWin2:0 (G4Tubs) ... OK! 
Checking overlaps for volume rf_b_42DsHalf:0 (G4Tubs) ... OK! 
Checking overlaps for volume rf_b_42TimingVol:0 (G4Tubs) ... OK! 
BLCMDpillbox::construct rf_b_42 parent= relZ=63419.8 globZ=63419.8
	zmin=63309.8 zmax=63529.9
Checking overlaps for volume rf_b_42:0 (G4Tubs) ... Checking overlaps for volume rf_c_42Pipe:0 (G4Tubs) ... OK! 
Checking overlaps for volume rf_c_42UsWall:0 (G4Tubs) ... OK! 
Checking overlaps for volume rf_c_42DsWall:0 (G4Tubs) ... OK! 
Checking overlaps for volume rf_c_42UsWin1:0 (G4Tubs) ... OK! 
Checking overlaps for volume rf_c_42DsWin1:0 (G4Tubs) ... OK! 
Checking overlaps for volume rf_c_42UsWin2:0 (G4Tubs) ... OK! 
Checking overlaps for volume rf_c_42DsWin2:0 (G4Tubs) ... OK! 
Checking overlaps for volume rf_c_42DsHalf:0 (G4Tubs) ... OK! 
Checking overlaps for volume rf_c_42TimingVol:0 (G4Tubs) ... OK! 
Checking overlaps for volume rf_c_42:0 (G4Tubs) ... OK! 
BLCMDpillbox::construct rf_c_42 parent= relZ=63639.9 globZ=63639.9
	zmin=63529.9 zmax=63750.0
Checking overlaps for volume rf_d_42Pipe:0 (G4Tubs) ... OK! 
Checking overlaps for volume rf_d_42UsWall:0 (G4Tubs) ... OK! 
Checking overlaps for volume rf_d_42DsWall:0 (G4Tubs) ... OK! 
Checking overlaps for volume rf_d_42UsWin1:0 (G4Tubs) ... OK! 
Checking overlaps for volume rf_d_42DsWin1:0 (G4Tubs) ... OK! 
Checking overlaps for volume rf_d_42UsWin2:0 (G4Tubs) ... OK! 
Checking overlaps for volume rf_d_42DsWin2:0 (G4Tubs) ... OK! 
Checking overlaps for volume rf_d_42DsHalf:0 (G4Tubs) ... OK! 
Checking overlaps for volume rf_d_42TimingVol:0 (G4Tubs) ... OK! 
Checking overlaps for volume rf_d_42:0 (G4Tubs) ... OK! 
BLCMDpillbox::construct rf_d_42 parent= relZ=63860.1 globZ=63860.1
	zmin=63750.0 zmax=63970.1
Checking overlaps for volume rf_e_42Pipe:0 (G4Tubs) ... OK! 
Checking overlaps for volume rf_e_42UsWall:0 (G4Tubs) ... OK! 
Checking overlaps for volume rf_e_42DsWall:0 (G4Tubs) ... OK! 
Checking overlaps for volume rf_e_42UsWin1:0 (G4Tubs) ... OK! 
Checking overlaps for volume rf_e_42DsWin1:0 (G4Tubs) ... OK! 
Checking overlaps for volume rf_e_42UsWin2:0 (G4Tubs) ... OK! 
Checking overlaps for volume rf_e_42DsWin2:0 (G4Tubs) ... OK! 
Checking overlaps for volume rf_e_42DsHalf:0 (G4Tubs) ... OK! 
Checking overlaps for volume rf_e_42TimingVol:0 (G4Tubs) ... OK! 
BLCMDpillbox::construct rf_e_42 parent= relZ=64080.2 globZ=64080.2
	zmin=63970.1 zmax=64190.2
Checking overlaps for volume rf_e_42:0 (G4Tubs) ... Checking overlaps for volume rf_b_43Pipe:0 (G4Tubs) ... OK! 
Checking overlaps for volume rf_b_43UsWall:0 (G4Tubs) ... OK! 
Checking overlaps for volume rf_b_43DsWall:0 (G4Tubs) ... OK! 
Checking overlaps for volume rf_b_43UsWin1:0 (G4Tubs) ... OK! 
Checking overlaps for volume rf_b_43DsWin1:0 (G4Tubs) ... OK! 
Checking overlaps for volume rf_b_43UsWin2:0 (G4Tubs) ... OK! 
Checking overlaps for volume rf_b_43DsWin2:0 (G4Tubs) ... OK! 
Checking overlaps for volume rf_b_43DsHalf:0 (G4Tubs) ... OK! 
Checking overlaps for volume rf_b_43TimingVol:0 (G4Tubs) ... OK! 
**************************************************************************
*** G4Exception: GeomVol1002
***    severity: Warning
***   issued by: G4PVPlacement::CheckOverlaps()
*** description: Overlap with volume already placed !
          Overlap is detected for volume rf_b_43:0 (G4Tubs) with pipe:0 (G4Tubs)
          overlap at local point (-113.817,-51.9969,99.875) by 131.705 um  (max of 3 cases)
NOTE: Reached maximum fixed number -1- of overlaps reports for this volume !
***    printing: every 10-th occurrence
**************************************************************************
BLCMDpillbox::construct rf_b_43 parent= relZ=64919.8 globZ=64919.8
	zmin=64809.8 zmax=65029.9
Checking overlaps for volume rf_b_43:0 (G4Tubs) ... Checking overlaps for volume rf_c_43Pipe:0 (G4Tubs) ... OK! 
Checking overlaps for volume rf_c_43UsWall:0 (G4Tubs) ... OK! 
Checking overlaps for volume rf_c_43DsWall:0 (G4Tubs) ... OK! 
Checking overlaps for volume rf_c_43UsWin1:0 (G4Tubs) ... OK! 
Checking overlaps for volume rf_c_43DsWin1:0 (G4Tubs) ... OK! 
Checking overlaps for volume rf_c_43UsWin2:0 (G4Tubs) ... OK! 
Checking overlaps for volume rf_c_43DsWin2:0 (G4Tubs) ... OK! 
Checking overlaps for volume rf_c_43DsHalf:0 (G4Tubs) ... OK! 
Checking overlaps for volume rf_c_43TimingVol:0 (G4Tubs) ... OK! 
Checking overlaps for volume rf_c_43:0 (G4Tubs) ... OK! 
BLCMDpillbox::construct rf_c_43 parent= relZ=65139.9 globZ=65139.9
	zmin=65029.9 zmax=65250.0
Checking overlaps for volume rf_d_43Pipe:0 (G4Tubs) ... OK! 
Checking overlaps for volume rf_d_43UsWall:0 (G4Tubs) ... OK! 
Checking overlaps for volume rf_d_43DsWall:0 (G4Tubs) ... OK! 
Checking overlaps for volume rf_d_43UsWin1:0 (G4Tubs) ... OK! 
Checking overlaps for volume rf_d_43DsWin1:0 (G4Tubs) ... OK! 
Checking overlaps for volume rf_d_43UsWin2:0 (G4Tubs) ... OK! 
Checking overlaps for volume rf_d_43DsWin2:0 (G4Tubs) ... OK! 
Checking overlaps for volume rf_d_43DsHalf:0 (G4Tubs) ... OK! 
Checking overlaps for volume rf_d_43TimingVol:0 (G4Tubs) ... OK! 
Checking overlaps for volume rf_d_43:0 (G4Tubs) ... OK! 
BLCMDpillbox::construct rf_d_43 parent= relZ=65360.1 globZ=65360.1
	zmin=65250.0 zmax=65470.1
Checking overlaps for volume rf_e_43Pipe:0 (G4Tubs) ... OK! 
Checking overlaps for volume rf_e_43UsWall:0 (G4Tubs) ... OK! 
Checking overlaps for volume rf_e_43DsWall:0 (G4Tubs) ... OK! 
Checking overlaps for volume rf_e_43UsWin1:0 (G4Tubs) ... OK! 
Checking overlaps for volume rf_e_43DsWin1:0 (G4Tubs) ... OK! 
Checking overlaps for volume rf_e_43UsWin2:0 (G4Tubs) ... OK! 
Checking overlaps for volume rf_e_43DsWin2:0 (G4Tubs) ... OK! 
Checking overlaps for volume rf_e_43DsHalf:0 (G4Tubs) ... OK! 
Checking overlaps for volume rf_e_43TimingVol:0 (G4Tubs) ... OK! 
BLCMDpillbox::construct rf_e_43 parent= relZ=65580.1 globZ=65580.1
	zmin=65470.1 zmax=65690.2
Checking overlaps for volume rf_e_43:0 (G4Tubs) ... Checking overlaps for volume rf_b_44Pipe:0 (G4Tubs) ... OK! 
Checking overlaps for volume rf_b_44UsWall:0 (G4Tubs) ... OK! 
Checking overlaps for volume rf_b_44DsWall:0 (G4Tubs) ... OK! 
Checking overlaps for volume rf_b_44UsWin1:0 (G4Tubs) ... OK! 
Checking overlaps for volume rf_b_44DsWin1:0 (G4Tubs) ... OK! 
Checking overlaps for volume rf_b_44UsWin2:0 (G4Tubs) ... OK! 
Checking overlaps for volume rf_b_44DsWin2:0 (G4Tubs) ... OK! 
Checking overlaps for volume rf_b_44DsHalf:0 (G4Tubs) ... OK! 
Checking overlaps for volume rf_b_44TimingVol:0 (G4Tubs) ... OK! 
Checking overlaps for volume rf_b_44:0 (G4Tubs) ... OK! 
BLCMDpillbox::construct rf_b_44 parent= relZ=66419.9 globZ=66419.9
	zmin=66309.8 zmax=66529.9
Checking overlaps for volume rf_c_44Pipe:0 (G4Tubs) ... OK! 
Checking overlaps for volume rf_c_44UsWall:0 (G4Tubs) ... OK! 
Checking overlaps for volume rf_c_44DsWall:0 (G4Tubs) ... OK! 
Checking overlaps for volume rf_c_44UsWin1:0 (G4Tubs) ... OK! 
Checking overlaps for volume rf_c_44DsWin1:0 (G4Tubs) ... OK! 
Checking overlaps for volume rf_c_44UsWin2:0 (G4Tubs) ... OK! 
Checking overlaps for volume rf_c_44DsWin2:0 (G4Tubs) ... OK! 
Checking overlaps for volume rf_c_44DsHalf:0 (G4Tubs) ... OK! 
Checking overlaps for volume rf_c_44TimingVol:0 (G4Tubs) ... OK! 
Checking overlaps for volume rf_c_44:0 (G4Tubs) ... OK! 
BLCMDpillbox::construct rf_c_44 parent= relZ=66639.9 globZ=66639.9
	zmin=66529.9 zmax=66750.0
Checking overlaps for volume rf_d_44Pipe:0 (G4Tubs) ... OK! 
Checking overlaps for volume rf_d_44UsWall:0 (G4Tubs) ... OK! 
Checking overlaps for volume rf_d_44DsWall:0 (G4Tubs) ... OK! 
Checking overlaps for volume rf_d_44UsWin1:0 (G4Tubs) ... OK! 
Checking overlaps for volume rf_d_44DsWin1:0 (G4Tubs) ... OK! 
Checking overlaps for volume rf_d_44UsWin2:0 (G4Tubs) ... OK! 
Checking overlaps for volume rf_d_44DsWin2:0 (G4Tubs) ... OK! 
Checking overlaps for volume rf_d_44DsHalf:0 (G4Tubs) ... OK! 
Checking overlaps for volume rf_d_44TimingVol:0 (G4Tubs) ... OK! 
Checking overlaps for volume rf_d_44:0 (G4Tubs) ... OK! 
BLCMDpillbox::construct rf_d_44 parent= relZ=66860.1 globZ=66860.1
	zmin=66750.0 zmax=66970.1
Checking overlaps for volume rf_e_44Pipe:0 (G4Tubs) ... OK! 
Checking overlaps for volume rf_e_44UsWall:0 (G4Tubs) ... OK! 
Checking overlaps for volume rf_e_44DsWall:0 (G4Tubs) ... OK! 
Checking overlaps for volume rf_e_44UsWin1:0 (G4Tubs) ... OK! 
Checking overlaps for volume rf_e_44DsWin1:0 (G4Tubs) ... OK! 
Checking overlaps for volume rf_e_44UsWin2:0 (G4Tubs) ... OK! 
Checking overlaps for volume rf_e_44DsWin2:0 (G4Tubs) ... OK! 
Checking overlaps for volume rf_e_44DsHalf:0 (G4Tubs) ... OK! 
Checking overlaps for volume rf_e_44TimingVol:0 (G4Tubs) ... OK! 
BLCMDpillbox::construct rf_e_44 parent= relZ=67080.1 globZ=67080.1
	zmin=66970.1 zmax=67190.2
Checking overlaps for volume rf_e_44:0 (G4Tubs) ... Checking overlaps for volume rf_b_45Pipe:0 (G4Tubs) ... OK! 
Checking overlaps for volume rf_b_45UsWall:0 (G4Tubs) ... OK! 
Checking overlaps for volume rf_b_45DsWall:0 (G4Tubs) ... OK! 
Checking overlaps for volume rf_b_45UsWin1:0 (G4Tubs) ... OK! 
Checking overlaps for volume rf_b_45DsWin1:0 (G4Tubs) ... OK! 
Checking overlaps for volume rf_b_45UsWin2:0 (G4Tubs) ... OK! 
Checking overlaps for volume rf_b_45DsWin2:0 (G4Tubs) ... OK! 
Checking overlaps for volume rf_b_45DsHalf:0 (G4Tubs) ... OK! 
Checking overlaps for volume rf_b_45TimingVol:0 (G4Tubs) ... OK! 
Checking overlaps for volume rf_b_45:0 (G4Tubs) ... OK! 
BLCMDpillbox::construct rf_b_45 parent= relZ=67919.9 globZ=67919.9
	zmin=67809.8 zmax=68029.9
Checking overlaps for volume rf_c_45Pipe:0 (G4Tubs) ... OK! 
Checking overlaps for volume rf_c_45UsWall:0 (G4Tubs) ... OK! 
Checking overlaps for volume rf_c_45DsWall:0 (G4Tubs) ... OK! 
Checking overlaps for volume rf_c_45UsWin1:0 (G4Tubs) ... OK! 
Checking overlaps for volume rf_c_45DsWin1:0 (G4Tubs) ... OK! 
Checking overlaps for volume rf_c_45UsWin2:0 (G4Tubs) ... OK! 
Checking overlaps for volume rf_c_45DsWin2:0 (G4Tubs) ... OK! 
Checking overlaps for volume rf_c_45DsHalf:0 (G4Tubs) ... OK! 
Checking overlaps for volume rf_c_45TimingVol:0 (G4Tubs) ... OK! 
Checking overlaps for volume rf_c_45:0 (G4Tubs) ... OK! 
BLCMDpillbox::construct rf_c_45 parent= relZ=68139.9 globZ=68139.9
	zmin=68029.9 zmax=68250.0
Checking overlaps for volume rf_d_45Pipe:0 (G4Tubs) ... OK! 
Checking overlaps for volume rf_d_45UsWall:0 (G4Tubs) ... OK! 
Checking overlaps for volume rf_d_45DsWall:0 (G4Tubs) ... OK! 
Checking overlaps for volume rf_d_45UsWin1:0 (G4Tubs) ... OK! 
Checking overlaps for volume rf_d_45DsWin1:0 (G4Tubs) ... OK! 
Checking overlaps for volume rf_d_45UsWin2:0 (G4Tubs) ... OK! 
Checking overlaps for volume rf_d_45DsWin2:0 (G4Tubs) ... OK! 
Checking overlaps for volume rf_d_45DsHalf:0 (G4Tubs) ... OK! 
Checking overlaps for volume rf_d_45TimingVol:0 (G4Tubs) ... OK! 
Checking overlaps for volume rf_d_45:0 (G4Tubs) ... OK! 
BLCMDpillbox::construct rf_d_45 parent= relZ=68360.1 globZ=68360.1
	zmin=68250.0 zmax=68470.1
Checking overlaps for volume rf_e_45Pipe:0 (G4Tubs) ... OK! 
Checking overlaps for volume rf_e_45UsWall:0 (G4Tubs) ... OK! 
Checking overlaps for volume rf_e_45DsWall:0 (G4Tubs) ... OK! 
Checking overlaps for volume rf_e_45UsWin1:0 (G4Tubs) ... OK! 
Checking overlaps for volume rf_e_45DsWin1:0 (G4Tubs) ... OK! 
Checking overlaps for volume rf_e_45UsWin2:0 (G4Tubs) ... OK! 
Checking overlaps for volume rf_e_45DsWin2:0 (G4Tubs) ... OK! 
Checking overlaps for volume rf_e_45DsHalf:0 (G4Tubs) ... OK! 
Checking overlaps for volume rf_e_45TimingVol:0 (G4Tubs) ... OK! 
Checking overlaps for volume rf_e_45:0 (G4Tubs) ... OK! 
BLCMDpillbox::construct rf_e_45 parent= relZ=68580.1 globZ=68580.1
	zmin=68470.1 zmax=68690.2
Checking overlaps for volume rf_b_46Pipe:0 (G4Tubs) ... OK! 
Checking overlaps for volume rf_b_46UsWall:0 (G4Tubs) ... OK! 
Checking overlaps for volume rf_b_46DsWall:0 (G4Tubs) ... OK! 
Checking overlaps for volume rf_b_46UsWin1:0 (G4Tubs) ... OK! 
Checking overlaps for volume rf_b_46DsWin1:0 (G4Tubs) ... OK! 
Checking overlaps for volume rf_b_46UsWin2:0 (G4Tubs) ... OK! 
Checking overlaps for volume rf_b_46DsWin2:0 (G4Tubs) ... OK! 
Checking overlaps for volume rf_b_46DsHalf:0 (G4Tubs) ... OK! 
Checking overlaps for volume rf_b_46TimingVol:0 (G4Tubs) ... OK! 
BLCMDpillbox::construct rf_b_46 parent= relZ=69419.9 globZ=69419.9
	zmin=69309.8 zmax=69529.9
Checking overlaps for volume rf_b_46:0 (G4Tubs) ... Checking overlaps for volume rf_c_46Pipe:0 (G4Tubs) ... OK! 
Checking overlaps for volume rf_c_46UsWall:0 (G4Tubs) ... OK! 
Checking overlaps for volume rf_c_46DsWall:0 (G4Tubs) ... OK! 
Checking overlaps for volume rf_c_46UsWin1:0 (G4Tubs) ... OK! 
Checking overlaps for volume rf_c_46DsWin1:0 (G4Tubs) ... OK! 
Checking overlaps for volume rf_c_46UsWin2:0 (G4Tubs) ... OK! 
Checking overlaps for volume rf_c_46DsWin2:0 (G4Tubs) ... OK! 
Checking overlaps for volume rf_c_46DsHalf:0 (G4Tubs) ... OK! 
Checking overlaps for volume rf_c_46TimingVol:0 (G4Tubs) ... OK! 
Checking overlaps for volume rf_c_46:0 (G4Tubs) ... OK! 
BLCMDpillbox::construct rf_c_46 parent= relZ=69639.9 globZ=69639.9
	zmin=69529.9 zmax=69750.0
Checking overlaps for volume rf_d_46Pipe:0 (G4Tubs) ... OK! 
Checking overlaps for volume rf_d_46UsWall:0 (G4Tubs) ... OK! 
Checking overlaps for volume rf_d_46DsWall:0 (G4Tubs) ... OK! 
Checking overlaps for volume rf_d_46UsWin1:0 (G4Tubs) ... OK! 
Checking overlaps for volume rf_d_46DsWin1:0 (G4Tubs) ... OK! 
Checking overlaps for volume rf_d_46UsWin2:0 (G4Tubs) ... OK! 
Checking overlaps for volume rf_d_46DsWin2:0 (G4Tubs) ... OK! 
Checking overlaps for volume rf_d_46DsHalf:0 (G4Tubs) ... OK! 
Checking overlaps for volume rf_d_46TimingVol:0 (G4Tubs) ... OK! 
Checking overlaps for volume rf_d_46:0 (G4Tubs) ... OK! 
BLCMDpillbox::construct rf_d_46 parent= relZ=69860.1 globZ=69860.1
	zmin=69750.0 zmax=69970.1
Checking overlaps for volume rf_e_46Pipe:0 (G4Tubs) ... OK! 
Checking overlaps for volume rf_e_46UsWall:0 (G4Tubs) ... OK! 
Checking overlaps for volume rf_e_46DsWall:0 (G4Tubs) ... OK! 
Checking overlaps for volume rf_e_46UsWin1:0 (G4Tubs) ... OK! 
Checking overlaps for volume rf_e_46DsWin1:0 (G4Tubs) ... OK! 
Checking overlaps for volume rf_e_46UsWin2:0 (G4Tubs) ... OK! 
Checking overlaps for volume rf_e_46DsWin2:0 (G4Tubs) ... OK! 
Checking overlaps for volume rf_e_46DsHalf:0 (G4Tubs) ... OK! 
Checking overlaps for volume rf_e_46TimingVol:0 (G4Tubs) ... OK! 
Checking overlaps for volume rf_e_46:0 (G4Tubs) ... OK! 
BLCMDpillbox::construct rf_e_46 parent= relZ=70080.1 globZ=70080.1
	zmin=69970.1 zmax=70190.2
Checking overlaps for volume rf_b_47Pipe:0 (G4Tubs) ... OK! 
Checking overlaps for volume rf_b_47UsWall:0 (G4Tubs) ... OK! 
Checking overlaps for volume rf_b_47DsWall:0 (G4Tubs) ... OK! 
Checking overlaps for volume rf_b_47UsWin1:0 (G4Tubs) ... OK! 
Checking overlaps for volume rf_b_47DsWin1:0 (G4Tubs) ... OK! 
Checking overlaps for volume rf_b_47UsWin2:0 (G4Tubs) ... OK! 
Checking overlaps for volume rf_b_47DsWin2:0 (G4Tubs) ... OK! 
Checking overlaps for volume rf_b_47DsHalf:0 (G4Tubs) ... OK! 
Checking overlaps for volume rf_b_47TimingVol:0 (G4Tubs) ... OK! 
BLCMDpillbox::construct rf_b_47 parent= relZ=70919.9 globZ=70919.9
	zmin=70809.8 zmax=71029.9
Checking overlaps for volume rf_b_47:0 (G4Tubs) ... Checking overlaps for volume rf_c_47Pipe:0 (G4Tubs) ... OK! 
Checking overlaps for volume rf_c_47UsWall:0 (G4Tubs) ... OK! 
Checking overlaps for volume rf_c_47DsWall:0 (G4Tubs) ... OK! 
Checking overlaps for volume rf_c_47UsWin1:0 (G4Tubs) ... OK! 
Checking overlaps for volume rf_c_47DsWin1:0 (G4Tubs) ... OK! 
Checking overlaps for volume rf_c_47UsWin2:0 (G4Tubs) ... OK! 
Checking overlaps for volume rf_c_47DsWin2:0 (G4Tubs) ... OK! 
Checking overlaps for volume rf_c_47DsHalf:0 (G4Tubs) ... OK! 
Checking overlaps for volume rf_c_47TimingVol:0 (G4Tubs) ... OK! 
Checking overlaps for volume rf_c_47:0 (G4Tubs) ... OK! 
BLCMDpillbox::construct rf_c_47 parent= relZ=71139.9 globZ=71139.9
	zmin=71029.9 zmax=71250.0
Checking overlaps for volume rf_d_47Pipe:0 (G4Tubs) ... OK! 
Checking overlaps for volume rf_d_47UsWall:0 (G4Tubs) ... OK! 
Checking overlaps for volume rf_d_47DsWall:0 (G4Tubs) ... OK! 
Checking overlaps for volume rf_d_47UsWin1:0 (G4Tubs) ... OK! 
Checking overlaps for volume rf_d_47DsWin1:0 (G4Tubs) ... OK! 
Checking overlaps for volume rf_d_47UsWin2:0 (G4Tubs) ... OK! 
Checking overlaps for volume rf_d_47DsWin2:0 (G4Tubs) ... OK! 
Checking overlaps for volume rf_d_47DsHalf:0 (G4Tubs) ... OK! 
Checking overlaps for volume rf_d_47TimingVol:0 (G4Tubs) ... OK! 
Checking overlaps for volume rf_d_47:0 (G4Tubs) ... OK! 
BLCMDpillbox::construct rf_d_47 parent= relZ=71360.1 globZ=71360.1
	zmin=71250.0 zmax=71470.1
Checking overlaps for volume rf_e_47Pipe:0 (G4Tubs) ... OK! 
Checking overlaps for volume rf_e_47UsWall:0 (G4Tubs) ... OK! 
Checking overlaps for volume rf_e_47DsWall:0 (G4Tubs) ... OK! 
Checking overlaps for volume rf_e_47UsWin1:0 (G4Tubs) ... OK! 
Checking overlaps for volume rf_e_47DsWin1:0 (G4Tubs) ... OK! 
Checking overlaps for volume rf_e_47UsWin2:0 (G4Tubs) ... OK! 
Checking overlaps for volume rf_e_47DsWin2:0 (G4Tubs) ... OK! 
Checking overlaps for volume rf_e_47DsHalf:0 (G4Tubs) ... OK! 
Checking overlaps for volume rf_e_47TimingVol:0 (G4Tubs) ... OK! 
BLCMDpillbox::construct rf_e_47 parent= relZ=71580.1 globZ=71580.1
	zmin=71470.1 zmax=71690.2
Checking overlaps for volume rf_e_47:0 (G4Tubs) ... Checking overlaps for volume rf_b_48Pipe:0 (G4Tubs) ... OK! 
Checking overlaps for volume rf_b_48UsWall:0 (G4Tubs) ... OK! 
Checking overlaps for volume rf_b_48DsWall:0 (G4Tubs) ... OK! 
Checking overlaps for volume rf_b_48UsWin1:0 (G4Tubs) ... OK! 
Checking overlaps for volume rf_b_48DsWin1:0 (G4Tubs) ... OK! 
Checking overlaps for volume rf_b_48UsWin2:0 (G4Tubs) ... OK! 
Checking overlaps for volume rf_b_48DsWin2:0 (G4Tubs) ... OK! 
Checking overlaps for volume rf_b_48DsHalf:0 (G4Tubs) ... OK! 
Checking overlaps for volume rf_b_48TimingVol:0 (G4Tubs) ... OK! 
Checking overlaps for volume rf_b_48:0 (G4Tubs) ... OK! 
BLCMDpillbox::construct rf_b_48 parent= relZ=72419.9 globZ=72419.9
	zmin=72309.8 zmax=72529.9
Checking overlaps for volume rf_c_48Pipe:0 (G4Tubs) ... OK! 
Checking overlaps for volume rf_c_48UsWall:0 (G4Tubs) ... OK! 
Checking overlaps for volume rf_c_48DsWall:0 (G4Tubs) ... OK! 
Checking overlaps for volume rf_c_48UsWin1:0 (G4Tubs) ... OK! 
Checking overlaps for volume rf_c_48DsWin1:0 (G4Tubs) ... OK! 
Checking overlaps for volume rf_c_48UsWin2:0 (G4Tubs) ... OK! 
Checking overlaps for volume rf_c_48DsWin2:0 (G4Tubs) ... OK! 
Checking overlaps for volume rf_c_48DsHalf:0 (G4Tubs) ... OK! 
Checking overlaps for volume rf_c_48TimingVol:0 (G4Tubs) ... OK! 
Checking overlaps for volume rf_c_48:0 (G4Tubs) ... OK! 
BLCMDpillbox::construct rf_c_48 parent= relZ=72639.9 globZ=72639.9
	zmin=72529.9 zmax=72750.0
Checking overlaps for volume rf_d_48Pipe:0 (G4Tubs) ... OK! 
Checking overlaps for volume rf_d_48UsWall:0 (G4Tubs) ... OK! 
Checking overlaps for volume rf_d_48DsWall:0 (G4Tubs) ... OK! 
Checking overlaps for volume rf_d_48UsWin1:0 (G4Tubs) ... OK! 
Checking overlaps for volume rf_d_48DsWin1:0 (G4Tubs) ... OK! 
Checking overlaps for volume rf_d_48UsWin2:0 (G4Tubs) ... OK! 
Checking overlaps for volume rf_d_48DsWin2:0 (G4Tubs) ... OK! 
Checking overlaps for volume rf_d_48DsHalf:0 (G4Tubs) ... OK! 
Checking overlaps for volume rf_d_48TimingVol:0 (G4Tubs) ... OK! 
Checking overlaps for volume rf_d_48:0 (G4Tubs) ... OK! 
BLCMDpillbox::construct rf_d_48 parent= relZ=72860.1 globZ=72860.1
	zmin=72750.0 zmax=72970.1
Checking overlaps for volume rf_e_48Pipe:0 (G4Tubs) ... OK! 
Checking overlaps for volume rf_e_48UsWall:0 (G4Tubs) ... OK! 
Checking overlaps for volume rf_e_48DsWall:0 (G4Tubs) ... OK! 
Checking overlaps for volume rf_e_48UsWin1:0 (G4Tubs) ... OK! 
Checking overlaps for volume rf_e_48DsWin1:0 (G4Tubs) ... OK! 
Checking overlaps for volume rf_e_48UsWin2:0 (G4Tubs) ... OK! 
Checking overlaps for volume rf_e_48DsWin2:0 (G4Tubs) ... OK! 
Checking overlaps for volume rf_e_48DsHalf:0 (G4Tubs) ... OK! 
Checking overlaps for volume rf_e_48TimingVol:0 (G4Tubs) ... OK! 
BLCMDpillbox::construct rf_e_48 parent= relZ=73080.1 globZ=73080.1
	zmin=72970.1 zmax=73190.2
Checking overlaps for volume rf_e_48:0 (G4Tubs) ... Checking overlaps for volume rf_b_49Pipe:0 (G4Tubs) ... OK! 
Checking overlaps for volume rf_b_49UsWall:0 (G4Tubs) ... OK! 
Checking overlaps for volume rf_b_49DsWall:0 (G4Tubs) ... OK! 
Checking overlaps for volume rf_b_49UsWin1:0 (G4Tubs) ... OK! 
Checking overlaps for volume rf_b_49DsWin1:0 (G4Tubs) ... OK! 
Checking overlaps for volume rf_b_49UsWin2:0 (G4Tubs) ... OK! 
Checking overlaps for volume rf_b_49DsWin2:0 (G4Tubs) ... OK! 
Checking overlaps for volume rf_b_49DsHalf:0 (G4Tubs) ... OK! 
Checking overlaps for volume rf_b_49TimingVol:0 (G4Tubs) ... OK! 
BLCMDpillbox::construct rf_b_49 parent= relZ=73919.9 globZ=73919.9
	zmin=73809.8 zmax=74029.9
Checking overlaps for volume rf_b_49:0 (G4Tubs) ... Checking overlaps for volume rf_c_49Pipe:0 (G4Tubs) ... OK! 
Checking overlaps for volume rf_c_49UsWall:0 (G4Tubs) ... OK! 
Checking overlaps for volume rf_c_49DsWall:0 (G4Tubs) ... OK! 
Checking overlaps for volume rf_c_49UsWin1:0 (G4Tubs) ... OK! 
Checking overlaps for volume rf_c_49DsWin1:0 (G4Tubs) ... OK! 
Checking overlaps for volume rf_c_49UsWin2:0 (G4Tubs) ... OK! 
Checking overlaps for volume rf_c_49DsWin2:0 (G4Tubs) ... OK! 
Checking overlaps for volume rf_c_49DsHalf:0 (G4Tubs) ... OK! 
Checking overlaps for volume rf_c_49TimingVol:0 (G4Tubs) ... OK! 
Checking overlaps for volume rf_c_49:0 (G4Tubs) ... OK! 
BLCMDpillbox::construct rf_c_49 parent= relZ=74139.9 globZ=74139.9
	zmin=74029.9 zmax=74250.0
Checking overlaps for volume rf_d_49Pipe:0 (G4Tubs) ... OK! 
Checking overlaps for volume rf_d_49UsWall:0 (G4Tubs) ... OK! 
Checking overlaps for volume rf_d_49DsWall:0 (G4Tubs) ... OK! 
Checking overlaps for volume rf_d_49UsWin1:0 (G4Tubs) ... OK! 
Checking overlaps for volume rf_d_49DsWin1:0 (G4Tubs) ... OK! 
Checking overlaps for volume rf_d_49UsWin2:0 (G4Tubs) ... OK! 
Checking overlaps for volume rf_d_49DsWin2:0 (G4Tubs) ... OK! 
Checking overlaps for volume rf_d_49DsHalf:0 (G4Tubs) ... OK! 
Checking overlaps for volume rf_d_49TimingVol:0 (G4Tubs) ... OK! 
Checking overlaps for volume rf_d_49:0 (G4Tubs) ... OK! 
BLCMDpillbox::construct rf_d_49 parent= relZ=74360.1 globZ=74360.1
	zmin=74250.0 zmax=74470.1
Checking overlaps for volume rf_e_49Pipe:0 (G4Tubs) ... OK! 
Checking overlaps for volume rf_e_49UsWall:0 (G4Tubs) ... OK! 
Checking overlaps for volume rf_e_49DsWall:0 (G4Tubs) ... OK! 
Checking overlaps for volume rf_e_49UsWin1:0 (G4Tubs) ... OK! 
Checking overlaps for volume rf_e_49DsWin1:0 (G4Tubs) ... OK! 
Checking overlaps for volume rf_e_49UsWin2:0 (G4Tubs) ... OK! 
Checking overlaps for volume rf_e_49DsWin2:0 (G4Tubs) ... OK! 
Checking overlaps for volume rf_e_49DsHalf:0 (G4Tubs) ... OK! 
Checking overlaps for volume rf_e_49TimingVol:0 (G4Tubs) ... OK! 
Checking overlaps for volume rf_e_49:0 (G4Tubs) ... OK! 
BLCMDpillbox::construct rf_e_49 parent= relZ=74580.1 globZ=74580.1
	zmin=74470.1 zmax=74690.2
Checking overlaps for volume rf_b_50Pipe:0 (G4Tubs) ... OK! 
Checking overlaps for volume rf_b_50UsWall:0 (G4Tubs) ... OK! 
Checking overlaps for volume rf_b_50DsWall:0 (G4Tubs) ... OK! 
Checking overlaps for volume rf_b_50UsWin1:0 (G4Tubs) ... OK! 
Checking overlaps for volume rf_b_50DsWin1:0 (G4Tubs) ... OK! 
Checking overlaps for volume rf_b_50UsWin2:0 (G4Tubs) ... OK! 
Checking overlaps for volume rf_b_50DsWin2:0 (G4Tubs) ... OK! 
Checking overlaps for volume rf_b_50DsHalf:0 (G4Tubs) ... OK! 
Checking overlaps for volume rf_b_50TimingVol:0 (G4Tubs) ... OK! 
Checking overlaps for volume rf_b_50:0 (G4Tubs) ... OK! 
BLCMDpillbox::construct rf_b_50 parent= relZ=75419.9 globZ=75419.9
	zmin=75309.8 zmax=75529.9
Checking overlaps for volume rf_c_50Pipe:0 (G4Tubs) ... OK! 
Checking overlaps for volume rf_c_50UsWall:0 (G4Tubs) ... OK! 
Checking overlaps for volume rf_c_50DsWall:0 (G4Tubs) ... OK! 
Checking overlaps for volume rf_c_50UsWin1:0 (G4Tubs) ... OK! 
Checking overlaps for volume rf_c_50DsWin1:0 (G4Tubs) ... OK! 
Checking overlaps for volume rf_c_50UsWin2:0 (G4Tubs) ... OK! 
Checking overlaps for volume rf_c_50DsWin2:0 (G4Tubs) ... OK! 
Checking overlaps for volume rf_c_50DsHalf:0 (G4Tubs) ... OK! 
Checking overlaps for volume rf_c_50TimingVol:0 (G4Tubs) ... OK! 
Checking overlaps for volume rf_c_50:0 (G4Tubs) ... OK! 
BLCMDpillbox::construct rf_c_50 parent= relZ=75639.9 globZ=75639.9
	zmin=75529.9 zmax=75750.0
Checking overlaps for volume rf_d_50Pipe:0 (G4Tubs) ... OK! 
Checking overlaps for volume rf_d_50UsWall:0 (G4Tubs) ... OK! 
Checking overlaps for volume rf_d_50DsWall:0 (G4Tubs) ... OK! 
Checking overlaps for volume rf_d_50UsWin1:0 (G4Tubs) ... OK! 
Checking overlaps for volume rf_d_50DsWin1:0 (G4Tubs) ... OK! 
Checking overlaps for volume rf_d_50UsWin2:0 (G4Tubs) ... OK! 
Checking overlaps for volume rf_d_50DsWin2:0 (G4Tubs) ... OK! 
Checking overlaps for volume rf_d_50DsHalf:0 (G4Tubs) ... OK! 
Checking overlaps for volume rf_d_50TimingVol:0 (G4Tubs) ... OK! 
Checking overlaps for volume rf_d_50:0 (G4Tubs) ... OK! 
BLCMDpillbox::construct rf_d_50 parent= relZ=75860.1 globZ=75860.1
	zmin=75750.0 zmax=75970.1
Checking overlaps for volume rf_e_50Pipe:0 (G4Tubs) ... OK! 
Checking overlaps for volume rf_e_50UsWall:0 (G4Tubs) ... OK! 
Checking overlaps for volume rf_e_50DsWall:0 (G4Tubs) ... OK! 
Checking overlaps for volume rf_e_50UsWin1:0 (G4Tubs) ... OK! 
Checking overlaps for volume rf_e_50DsWin1:0 (G4Tubs) ... OK! 
Checking overlaps for volume rf_e_50UsWin2:0 (G4Tubs) ... OK! 
Checking overlaps for volume rf_e_50DsWin2:0 (G4Tubs) ... OK! 
Checking overlaps for volume rf_e_50DsHalf:0 (G4Tubs) ... OK! 
Checking overlaps for volume rf_e_50TimingVol:0 (G4Tubs) ... OK! 
Checking overlaps for volume rf_e_50:0 (G4Tubs) ... OK! 
BLCMDpillbox::construct rf_e_50 parent= relZ=76080.1 globZ=76080.1
	zmin=75970.1 zmax=76190.2
Checking overlaps for volume rf_b_51Pipe:0 (G4Tubs) ... OK! 
Checking overlaps for volume rf_b_51UsWall:0 (G4Tubs) ... OK! 
Checking overlaps for volume rf_b_51DsWall:0 (G4Tubs) ... OK! 
Checking overlaps for volume rf_b_51UsWin1:0 (G4Tubs) ... OK! 
Checking overlaps for volume rf_b_51DsWin1:0 (G4Tubs) ... OK! 
Checking overlaps for volume rf_b_51UsWin2:0 (G4Tubs) ... OK! 
Checking overlaps for volume rf_b_51DsWin2:0 (G4Tubs) ... OK! 
Checking overlaps for volume rf_b_51DsHalf:0 (G4Tubs) ... OK! 
Checking overlaps for volume rf_b_51TimingVol:0 (G4Tubs) ... OK! 
BLCMDpillbox::construct rf_b_51 parent= relZ=76919.9 globZ=76919.9
	zmin=76809.8 zmax=77029.9
Checking overlaps for volume rf_b_51:0 (G4Tubs) ... Checking overlaps for volume rf_c_51Pipe:0 (G4Tubs) ... OK! 
Checking overlaps for volume rf_c_51UsWall:0 (G4Tubs) ... OK! 
Checking overlaps for volume rf_c_51DsWall:0 (G4Tubs) ... OK! 
Checking overlaps for volume rf_c_51UsWin1:0 (G4Tubs) ... OK! 
Checking overlaps for volume rf_c_51DsWin1:0 (G4Tubs) ... OK! 
Checking overlaps for volume rf_c_51UsWin2:0 (G4Tubs) ... OK! 
Checking overlaps for volume rf_c_51DsWin2:0 (G4Tubs) ... OK! 
Checking overlaps for volume rf_c_51DsHalf:0 (G4Tubs) ... OK! 
Checking overlaps for volume rf_c_51TimingVol:0 (G4Tubs) ... OK! 
Checking overlaps for volume rf_c_51:0 (G4Tubs) ... OK! 
BLCMDpillbox::construct rf_c_51 parent= relZ=77139.9 globZ=77139.9
	zmin=77029.9 zmax=77250.0
Checking overlaps for volume rf_d_51Pipe:0 (G4Tubs) ... OK! 
Checking overlaps for volume rf_d_51UsWall:0 (G4Tubs) ... OK! 
Checking overlaps for volume rf_d_51DsWall:0 (G4Tubs) ... OK! 
Checking overlaps for volume rf_d_51UsWin1:0 (G4Tubs) ... OK! 
Checking overlaps for volume rf_d_51DsWin1:0 (G4Tubs) ... OK! 
Checking overlaps for volume rf_d_51UsWin2:0 (G4Tubs) ... OK! 
Checking overlaps for volume rf_d_51DsWin2:0 (G4Tubs) ... OK! 
Checking overlaps for volume rf_d_51DsHalf:0 (G4Tubs) ... OK! 
Checking overlaps for volume rf_d_51TimingVol:0 (G4Tubs) ... OK! 
Checking overlaps for volume rf_d_51:0 (G4Tubs) ... OK! 
BLCMDpillbox::construct rf_d_51 parent= relZ=77360.1 globZ=77360.1
	zmin=77250.0 zmax=77470.1
Checking overlaps for volume rf_e_51Pipe:0 (G4Tubs) ... OK! 
Checking overlaps for volume rf_e_51UsWall:0 (G4Tubs) ... OK! 
Checking overlaps for volume rf_e_51DsWall:0 (G4Tubs) ... OK! 
Checking overlaps for volume rf_e_51UsWin1:0 (G4Tubs) ... OK! 
Checking overlaps for volume rf_e_51DsWin1:0 (G4Tubs) ... OK! 
Checking overlaps for volume rf_e_51UsWin2:0 (G4Tubs) ... OK! 
Checking overlaps for volume rf_e_51DsWin2:0 (G4Tubs) ... OK! 
Checking overlaps for volume rf_e_51DsHalf:0 (G4Tubs) ... OK! 
Checking overlaps for volume rf_e_51TimingVol:0 (G4Tubs) ... OK! 
BLCMDpillbox::construct rf_e_51 parent= relZ=77580.1 globZ=77580.1
	zmin=77470.1 zmax=77690.2
Checking overlaps for volume rf_e_51:0 (G4Tubs) ... Checking overlaps for volume rf_b_52Pipe:0 (G4Tubs) ... OK! 
Checking overlaps for volume rf_b_52UsWall:0 (G4Tubs) ... OK! 
Checking overlaps for volume rf_b_52DsWall:0 (G4Tubs) ... OK! 
Checking overlaps for volume rf_b_52UsWin1:0 (G4Tubs) ... OK! 
Checking overlaps for volume rf_b_52DsWin1:0 (G4Tubs) ... OK! 
Checking overlaps for volume rf_b_52UsWin2:0 (G4Tubs) ... OK! 
Checking overlaps for volume rf_b_52DsWin2:0 (G4Tubs) ... OK! 
Checking overlaps for volume rf_b_52DsHalf:0 (G4Tubs) ... OK! 
Checking overlaps for volume rf_b_52TimingVol:0 (G4Tubs) ... OK! 
**************************************************************************
*** G4Exception: GeomVol1002
***    severity: Warning
***   issued by: G4PVPlacement::CheckOverlaps()
*** description: Overlap with volume already placed !
          Overlap is detected for volume rf_b_52:0 (G4Tubs) with pipe:0 (G4Tubs)
          overlap at local point (119.326,-38.6098,99.875) by 416.824 um  (max of 2 cases)
NOTE: Reached maximum fixed number -1- of overlaps reports for this volume !
***    printing: every 10-th occurrence
**************************************************************************
BLCMDpillbox::construct rf_b_52 parent= relZ=78419.9 globZ=78419.9
	zmin=78309.8 zmax=78529.9
Checking overlaps for volume rf_b_52:0 (G4Tubs) ... Checking overlaps for volume rf_c_52Pipe:0 (G4Tubs) ... OK! 
Checking overlaps for volume rf_c_52UsWall:0 (G4Tubs) ... OK! 
Checking overlaps for volume rf_c_52DsWall:0 (G4Tubs) ... OK! 
Checking overlaps for volume rf_c_52UsWin1:0 (G4Tubs) ... OK! 
Checking overlaps for volume rf_c_52DsWin1:0 (G4Tubs) ... OK! 
Checking overlaps for volume rf_c_52UsWin2:0 (G4Tubs) ... OK! 
Checking overlaps for volume rf_c_52DsWin2:0 (G4Tubs) ... OK! 
Checking overlaps for volume rf_c_52DsHalf:0 (G4Tubs) ... OK! 
Checking overlaps for volume rf_c_52TimingVol:0 (G4Tubs) ... OK! 
Checking overlaps for volume rf_c_52:0 (G4Tubs) ... OK! 
BLCMDpillbox::construct rf_c_52 parent= relZ=78639.9 globZ=78639.9
	zmin=78529.9 zmax=78750.0
Checking overlaps for volume rf_d_52Pipe:0 (G4Tubs) ... OK! 
Checking overlaps for volume rf_d_52UsWall:0 (G4Tubs) ... OK! 
Checking overlaps for volume rf_d_52DsWall:0 (G4Tubs) ... OK! 
Checking overlaps for volume rf_d_52UsWin1:0 (G4Tubs) ... OK! 
Checking overlaps for volume rf_d_52DsWin1:0 (G4Tubs) ... OK! 
Checking overlaps for volume rf_d_52UsWin2:0 (G4Tubs) ... OK! 
Checking overlaps for volume rf_d_52DsWin2:0 (G4Tubs) ... OK! 
Checking overlaps for volume rf_d_52DsHalf:0 (G4Tubs) ... OK! 
Checking overlaps for volume rf_d_52TimingVol:0 (G4Tubs) ... OK! 
Checking overlaps for volume rf_d_52:0 (G4Tubs) ... OK! 
BLCMDpillbox::construct rf_d_52 parent= relZ=78860.1 globZ=78860.1
	zmin=78750.0 zmax=78970.1
Checking overlaps for volume rf_e_52Pipe:0 (G4Tubs) ... OK! 
Checking overlaps for volume rf_e_52UsWall:0 (G4Tubs) ... OK! 
Checking overlaps for volume rf_e_52DsWall:0 (G4Tubs) ... OK! 
Checking overlaps for volume rf_e_52UsWin1:0 (G4Tubs) ... OK! 
Checking overlaps for volume rf_e_52DsWin1:0 (G4Tubs) ... OK! 
Checking overlaps for volume rf_e_52UsWin2:0 (G4Tubs) ... OK! 
Checking overlaps for volume rf_e_52DsWin2:0 (G4Tubs) ... OK! 
Checking overlaps for volume rf_e_52DsHalf:0 (G4Tubs) ... OK! 
Checking overlaps for volume rf_e_52TimingVol:0 (G4Tubs) ... OK! 
Checking overlaps for volume rf_e_52:0 (G4Tubs) ... OK! 
BLCMDpillbox::construct rf_e_52 parent= relZ=79080.1 globZ=79080.1
	zmin=78970.1 zmax=79190.2
Checking overlaps for volume rf_b_53Pipe:0 (G4Tubs) ... OK! 
Checking overlaps for volume rf_b_53UsWall:0 (G4Tubs) ... OK! 
Checking overlaps for volume rf_b_53DsWall:0 (G4Tubs) ... OK! 
Checking overlaps for volume rf_b_53UsWin1:0 (G4Tubs) ... OK! 
Checking overlaps for volume rf_b_53DsWin1:0 (G4Tubs) ... OK! 
Checking overlaps for volume rf_b_53UsWin2:0 (G4Tubs) ... OK! 
Checking overlaps for volume rf_b_53DsWin2:0 (G4Tubs) ... OK! 
Checking overlaps for volume rf_b_53DsHalf:0 (G4Tubs) ... OK! 
Checking overlaps for volume rf_b_53TimingVol:0 (G4Tubs) ... OK! 
BLCMDpillbox::construct rf_b_53 parent= relZ=79919.9 globZ=79919.9
	zmin=79809.8 zmax=80029.9
Checking overlaps for volume rf_b_53:0 (G4Tubs) ... Checking overlaps for volume rf_c_53Pipe:0 (G4Tubs) ... OK! 
Checking overlaps for volume rf_c_53UsWall:0 (G4Tubs) ... OK! 
Checking overlaps for volume rf_c_53DsWall:0 (G4Tubs) ... OK! 
Checking overlaps for volume rf_c_53UsWin1:0 (G4Tubs) ... OK! 
Checking overlaps for volume rf_c_53DsWin1:0 (G4Tubs) ... OK! 
Checking overlaps for volume rf_c_53UsWin2:0 (G4Tubs) ... OK! 
Checking overlaps for volume rf_c_53DsWin2:0 (G4Tubs) ... OK! 
Checking overlaps for volume rf_c_53DsHalf:0 (G4Tubs) ... OK! 
Checking overlaps for volume rf_c_53TimingVol:0 (G4Tubs) ... OK! 
Checking overlaps for volume rf_c_53:0 (G4Tubs) ... OK! 
BLCMDpillbox::construct rf_c_53 parent= relZ=80139.9 globZ=80139.9
	zmin=80029.9 zmax=80250.0
Checking overlaps for volume rf_d_53Pipe:0 (G4Tubs) ... OK! 
Checking overlaps for volume rf_d_53UsWall:0 (G4Tubs) ... OK! 
Checking overlaps for volume rf_d_53DsWall:0 (G4Tubs) ... OK! 
Checking overlaps for volume rf_d_53UsWin1:0 (G4Tubs) ... OK! 
Checking overlaps for volume rf_d_53DsWin1:0 (G4Tubs) ... OK! 
Checking overlaps for volume rf_d_53UsWin2:0 (G4Tubs) ... OK! 
Checking overlaps for volume rf_d_53DsWin2:0 (G4Tubs) ... OK! 
Checking overlaps for volume rf_d_53DsHalf:0 (G4Tubs) ... OK! 
Checking overlaps for volume rf_d_53TimingVol:0 (G4Tubs) ... OK! 
Checking overlaps for volume rf_d_53:0 (G4Tubs) ... OK! 
BLCMDpillbox::construct rf_d_53 parent= relZ=80360.1 globZ=80360.1
	zmin=80250.0 zmax=80470.1
Checking overlaps for volume rf_e_53Pipe:0 (G4Tubs) ... OK! 
Checking overlaps for volume rf_e_53UsWall:0 (G4Tubs) ... OK! 
Checking overlaps for volume rf_e_53DsWall:0 (G4Tubs) ... OK! 
Checking overlaps for volume rf_e_53UsWin1:0 (G4Tubs) ... OK! 
Checking overlaps for volume rf_e_53DsWin1:0 (G4Tubs) ... OK! 
Checking overlaps for volume rf_e_53UsWin2:0 (G4Tubs) ... OK! 
Checking overlaps for volume rf_e_53DsWin2:0 (G4Tubs) ... OK! 
Checking overlaps for volume rf_e_53DsHalf:0 (G4Tubs) ... OK! 
Checking overlaps for volume rf_e_53TimingVol:0 (G4Tubs) ... OK! 
BLCMDpillbox::construct rf_e_53 parent= relZ=80580.1 globZ=80580.1
	zmin=80470.1 zmax=80690.2
Checking overlaps for volume rf_e_53:0 (G4Tubs) ... Checking overlaps for volume rf_b_54Pipe:0 (G4Tubs) ... OK! 
Checking overlaps for volume rf_b_54UsWall:0 (G4Tubs) ... OK! 
Checking overlaps for volume rf_b_54DsWall:0 (G4Tubs) ... OK! 
Checking overlaps for volume rf_b_54UsWin1:0 (G4Tubs) ... OK! 
Checking overlaps for volume rf_b_54DsWin1:0 (G4Tubs) ... OK! 
Checking overlaps for volume rf_b_54UsWin2:0 (G4Tubs) ... OK! 
Checking overlaps for volume rf_b_54DsWin2:0 (G4Tubs) ... OK! 
Checking overlaps for volume rf_b_54DsHalf:0 (G4Tubs) ... OK! 
Checking overlaps for volume rf_b_54TimingVol:0 (G4Tubs) ... OK! 
BLCMDpillbox::construct rf_b_54 parent= relZ=81419.9 globZ=81419.9
	zmin=81309.8 zmax=81529.9
Checking overlaps for volume rf_b_54:0 (G4Tubs) ... Checking overlaps for volume rf_c_54Pipe:0 (G4Tubs) ... OK! 
Checking overlaps for volume rf_c_54UsWall:0 (G4Tubs) ... OK! 
Checking overlaps for volume rf_c_54DsWall:0 (G4Tubs) ... OK! 
Checking overlaps for volume rf_c_54UsWin1:0 (G4Tubs) ... OK! 
Checking overlaps for volume rf_c_54DsWin1:0 (G4Tubs) ... OK! 
Checking overlaps for volume rf_c_54UsWin2:0 (G4Tubs) ... OK! 
Checking overlaps for volume rf_c_54DsWin2:0 (G4Tubs) ... OK! 
Checking overlaps for volume rf_c_54DsHalf:0 (G4Tubs) ... OK! 
Checking overlaps for volume rf_c_54TimingVol:0 (G4Tubs) ... OK! 
Checking overlaps for volume rf_c_54:0 (G4Tubs) ... OK! 
BLCMDpillbox::construct rf_c_54 parent= relZ=81639.9 globZ=81639.9
	zmin=81529.9 zmax=81750.0
Checking overlaps for volume rf_d_54Pipe:0 (G4Tubs) ... OK! 
Checking overlaps for volume rf_d_54UsWall:0 (G4Tubs) ... OK! 
Checking overlaps for volume rf_d_54DsWall:0 (G4Tubs) ... OK! 
Checking overlaps for volume rf_d_54UsWin1:0 (G4Tubs) ... OK! 
Checking overlaps for volume rf_d_54DsWin1:0 (G4Tubs) ... OK! 
Checking overlaps for volume rf_d_54UsWin2:0 (G4Tubs) ... OK! 
Checking overlaps for volume rf_d_54DsWin2:0 (G4Tubs) ... OK! 
Checking overlaps for volume rf_d_54DsHalf:0 (G4Tubs) ... OK! 
Checking overlaps for volume rf_d_54TimingVol:0 (G4Tubs) ... OK! 
Checking overlaps for volume rf_d_54:0 (G4Tubs) ... OK! 
BLCMDpillbox::construct rf_d_54 parent= relZ=81860.1 globZ=81860.1
	zmin=81750.0 zmax=81970.1
Checking overlaps for volume rf_e_54Pipe:0 (G4Tubs) ... OK! 
Checking overlaps for volume rf_e_54UsWall:0 (G4Tubs) ... OK! 
Checking overlaps for volume rf_e_54DsWall:0 (G4Tubs) ... OK! 
Checking overlaps for volume rf_e_54UsWin1:0 (G4Tubs) ... OK! 
Checking overlaps for volume rf_e_54DsWin1:0 (G4Tubs) ... OK! 
Checking overlaps for volume rf_e_54UsWin2:0 (G4Tubs) ... OK! 
Checking overlaps for volume rf_e_54DsWin2:0 (G4Tubs) ... OK! 
Checking overlaps for volume rf_e_54DsHalf:0 (G4Tubs) ... OK! 
Checking overlaps for volume rf_e_54TimingVol:0 (G4Tubs) ... OK! 
Checking overlaps for volume rf_e_54:0 (G4Tubs) ... OK! 
BLCMDpillbox::construct rf_e_54 parent= relZ=82080.1 globZ=82080.1
	zmin=81970.1 zmax=82190.2
Checking overlaps for volume rf_b_55Pipe:0 (G4Tubs) ... OK! 
Checking overlaps for volume rf_b_55UsWall:0 (G4Tubs) ... OK! 
Checking overlaps for volume rf_b_55DsWall:0 (G4Tubs) ... OK! 
Checking overlaps for volume rf_b_55UsWin1:0 (G4Tubs) ... OK! 
Checking overlaps for volume rf_b_55DsWin1:0 (G4Tubs) ... OK! 
Checking overlaps for volume rf_b_55UsWin2:0 (G4Tubs) ... OK! 
Checking overlaps for volume rf_b_55DsWin2:0 (G4Tubs) ... OK! 
Checking overlaps for volume rf_b_55DsHalf:0 (G4Tubs) ... OK! 
Checking overlaps for volume rf_b_55TimingVol:0 (G4Tubs) ... OK! 
BLCMDpillbox::construct rf_b_55 parent= relZ=82919.9 globZ=82919.9
	zmin=82809.8 zmax=83029.9
Checking overlaps for volume rf_b_55:0 (G4Tubs) ... Checking overlaps for volume rf_c_55Pipe:0 (G4Tubs) ... OK! 
Checking overlaps for volume rf_c_55UsWall:0 (G4Tubs) ... OK! 
Checking overlaps for volume rf_c_55DsWall:0 (G4Tubs) ... OK! 
Checking overlaps for volume rf_c_55UsWin1:0 (G4Tubs) ... OK! 
Checking overlaps for volume rf_c_55DsWin1:0 (G4Tubs) ... OK! 
Checking overlaps for volume rf_c_55UsWin2:0 (G4Tubs) ... OK! 
Checking overlaps for volume rf_c_55DsWin2:0 (G4Tubs) ... OK! 
Checking overlaps for volume rf_c_55DsHalf:0 (G4Tubs) ... OK! 
Checking overlaps for volume rf_c_55TimingVol:0 (G4Tubs) ... OK! 
Checking overlaps for volume rf_c_55:0 (G4Tubs) ... OK! 
BLCMDpillbox::construct rf_c_55 parent= relZ=83139.9 globZ=83139.9
	zmin=83029.9 zmax=83250.0
Checking overlaps for volume rf_d_55Pipe:0 (G4Tubs) ... OK! 
Checking overlaps for volume rf_d_55UsWall:0 (G4Tubs) ... OK! 
Checking overlaps for volume rf_d_55DsWall:0 (G4Tubs) ... OK! 
Checking overlaps for volume rf_d_55UsWin1:0 (G4Tubs) ... OK! 
Checking overlaps for volume rf_d_55DsWin1:0 (G4Tubs) ... OK! 
Checking overlaps for volume rf_d_55UsWin2:0 (G4Tubs) ... OK! 
Checking overlaps for volume rf_d_55DsWin2:0 (G4Tubs) ... OK! 
Checking overlaps for volume rf_d_55DsHalf:0 (G4Tubs) ... OK! 
Checking overlaps for volume rf_d_55TimingVol:0 (G4Tubs) ... OK! 
Checking overlaps for volume rf_d_55:0 (G4Tubs) ... OK! 
BLCMDpillbox::construct rf_d_55 parent= relZ=83360.1 globZ=83360.1
	zmin=83250.0 zmax=83470.1
Checking overlaps for volume rf_e_55Pipe:0 (G4Tubs) ... OK! 
Checking overlaps for volume rf_e_55UsWall:0 (G4Tubs) ... OK! 
Checking overlaps for volume rf_e_55DsWall:0 (G4Tubs) ... OK! 
Checking overlaps for volume rf_e_55UsWin1:0 (G4Tubs) ... OK! 
Checking overlaps for volume rf_e_55DsWin1:0 (G4Tubs) ... OK! 
Checking overlaps for volume rf_e_55UsWin2:0 (G4Tubs) ... OK! 
Checking overlaps for volume rf_e_55DsWin2:0 (G4Tubs) ... OK! 
Checking overlaps for volume rf_e_55DsHalf:0 (G4Tubs) ... OK! 
Checking overlaps for volume rf_e_55TimingVol:0 (G4Tubs) ... OK! 
Checking overlaps for volume rf_e_55:0 (G4Tubs) ... OK! 
BLCMDpillbox::construct rf_e_55 parent= relZ=83580.1 globZ=83580.1
	zmin=83470.1 zmax=83690.2
Checking overlaps for volume rf_b_56Pipe:0 (G4Tubs) ... OK! 
Checking overlaps for volume rf_b_56UsWall:0 (G4Tubs) ... OK! 
Checking overlaps for volume rf_b_56DsWall:0 (G4Tubs) ... OK! 
Checking overlaps for volume rf_b_56UsWin1:0 (G4Tubs) ... OK! 
Checking overlaps for volume rf_b_56DsWin1:0 (G4Tubs) ... OK! 
Checking overlaps for volume rf_b_56UsWin2:0 (G4Tubs) ... OK! 
Checking overlaps for volume rf_b_56DsWin2:0 (G4Tubs) ... OK! 
Checking overlaps for volume rf_b_56DsHalf:0 (G4Tubs) ... OK! 
Checking overlaps for volume rf_b_56TimingVol:0 (G4Tubs) ... OK! 
BLCMDpillbox::construct rf_b_56 parent= relZ=84419.9 globZ=84419.9
	zmin=84309.8 zmax=84529.9
Checking overlaps for volume rf_b_56:0 (G4Tubs) ... Checking overlaps for volume rf_c_56Pipe:0 (G4Tubs) ... OK! 
Checking overlaps for volume rf_c_56UsWall:0 (G4Tubs) ... OK! 
Checking overlaps for volume rf_c_56DsWall:0 (G4Tubs) ... OK! 
Checking overlaps for volume rf_c_56UsWin1:0 (G4Tubs) ... OK! 
Checking overlaps for volume rf_c_56DsWin1:0 (G4Tubs) ... OK! 
Checking overlaps for volume rf_c_56UsWin2:0 (G4Tubs) ... OK! 
Checking overlaps for volume rf_c_56DsWin2:0 (G4Tubs) ... OK! 
Checking overlaps for volume rf_c_56DsHalf:0 (G4Tubs) ... OK! 
Checking overlaps for volume rf_c_56TimingVol:0 (G4Tubs) ... OK! 
Checking overlaps for volume rf_c_56:0 (G4Tubs) ... OK! 
BLCMDpillbox::construct rf_c_56 parent= relZ=84639.9 globZ=84639.9
	zmin=84529.9 zmax=84750.0
Checking overlaps for volume rf_d_56Pipe:0 (G4Tubs) ... OK! 
Checking overlaps for volume rf_d_56UsWall:0 (G4Tubs) ... OK! 
Checking overlaps for volume rf_d_56DsWall:0 (G4Tubs) ... OK! 
Checking overlaps for volume rf_d_56UsWin1:0 (G4Tubs) ... OK! 
Checking overlaps for volume rf_d_56DsWin1:0 (G4Tubs) ... OK! 
Checking overlaps for volume rf_d_56UsWin2:0 (G4Tubs) ... OK! 
Checking overlaps for volume rf_d_56DsWin2:0 (G4Tubs) ... OK! 
Checking overlaps for volume rf_d_56DsHalf:0 (G4Tubs) ... OK! 
Checking overlaps for volume rf_d_56TimingVol:0 (G4Tubs) ... OK! 
Checking overlaps for volume rf_d_56:0 (G4Tubs) ... OK! 
BLCMDpillbox::construct rf_d_56 parent= relZ=84860.1 globZ=84860.1
	zmin=84750.0 zmax=84970.1
Checking overlaps for volume rf_e_56Pipe:0 (G4Tubs) ... OK! 
Checking overlaps for volume rf_e_56UsWall:0 (G4Tubs) ... OK! 
Checking overlaps for volume rf_e_56DsWall:0 (G4Tubs) ... OK! 
Checking overlaps for volume rf_e_56UsWin1:0 (G4Tubs) ... OK! 
Checking overlaps for volume rf_e_56DsWin1:0 (G4Tubs) ... OK! 
Checking overlaps for volume rf_e_56UsWin2:0 (G4Tubs) ... OK! 
Checking overlaps for volume rf_e_56DsWin2:0 (G4Tubs) ... OK! 
Checking overlaps for volume rf_e_56DsHalf:0 (G4Tubs) ... OK! 
Checking overlaps for volume rf_e_56TimingVol:0 (G4Tubs) ... OK! 
Checking overlaps for volume rf_e_56:0 (G4Tubs) ... OK! 
BLCMDpillbox::construct rf_e_56 parent= relZ=85080.1 globZ=85080.1
	zmin=84970.1 zmax=85190.2
Checking overlaps for volume rf_b_57Pipe:0 (G4Tubs) ... OK! 
Checking overlaps for volume rf_b_57UsWall:0 (G4Tubs) ... OK! 
Checking overlaps for volume rf_b_57DsWall:0 (G4Tubs) ... OK! 
Checking overlaps for volume rf_b_57UsWin1:0 (G4Tubs) ... OK! 
Checking overlaps for volume rf_b_57DsWin1:0 (G4Tubs) ... OK! 
Checking overlaps for volume rf_b_57UsWin2:0 (G4Tubs) ... OK! 
Checking overlaps for volume rf_b_57DsWin2:0 (G4Tubs) ... OK! 
Checking overlaps for volume rf_b_57DsHalf:0 (G4Tubs) ... OK! 
Checking overlaps for volume rf_b_57TimingVol:0 (G4Tubs) ... OK! 
Checking overlaps for volume rf_b_57:0 (G4Tubs) ... OK! 
BLCMDpillbox::construct rf_b_57 parent= relZ=85919.9 globZ=85919.9
	zmin=85809.8 zmax=86029.9
Checking overlaps for volume rf_c_57Pipe:0 (G4Tubs) ... OK! 
Checking overlaps for volume rf_c_57UsWall:0 (G4Tubs) ... OK! 
Checking overlaps for volume rf_c_57DsWall:0 (G4Tubs) ... OK! 
Checking overlaps for volume rf_c_57UsWin1:0 (G4Tubs) ... OK! 
Checking overlaps for volume rf_c_57DsWin1:0 (G4Tubs) ... OK! 
Checking overlaps for volume rf_c_57UsWin2:0 (G4Tubs) ... OK! 
Checking overlaps for volume rf_c_57DsWin2:0 (G4Tubs) ... OK! 
Checking overlaps for volume rf_c_57DsHalf:0 (G4Tubs) ... OK! 
Checking overlaps for volume rf_c_57TimingVol:0 (G4Tubs) ... OK! 
Checking overlaps for volume rf_c_57:0 (G4Tubs) ... OK! 
BLCMDpillbox::construct rf_c_57 parent= relZ=86139.9 globZ=86139.9
	zmin=86029.9 zmax=86250.0
Checking overlaps for volume rf_d_57Pipe:0 (G4Tubs) ... OK! 
Checking overlaps for volume rf_d_57UsWall:0 (G4Tubs) ... OK! 
Checking overlaps for volume rf_d_57DsWall:0 (G4Tubs) ... OK! 
Checking overlaps for volume rf_d_57UsWin1:0 (G4Tubs) ... OK! 
Checking overlaps for volume rf_d_57DsWin1:0 (G4Tubs) ... OK! 
Checking overlaps for volume rf_d_57UsWin2:0 (G4Tubs) ... OK! 
Checking overlaps for volume rf_d_57DsWin2:0 (G4Tubs) ... OK! 
Checking overlaps for volume rf_d_57DsHalf:0 (G4Tubs) ... OK! 
Checking overlaps for volume rf_d_57TimingVol:0 (G4Tubs) ... OK! 
Checking overlaps for volume rf_d_57:0 (G4Tubs) ... OK! 
BLCMDpillbox::construct rf_d_57 parent= relZ=86360.1 globZ=86360.1
	zmin=86250.0 zmax=86470.1
Checking overlaps for volume rf_e_57Pipe:0 (G4Tubs) ... OK! 
Checking overlaps for volume rf_e_57UsWall:0 (G4Tubs) ... OK! 
Checking overlaps for volume rf_e_57DsWall:0 (G4Tubs) ... OK! 
Checking overlaps for volume rf_e_57UsWin1:0 (G4Tubs) ... OK! 
Checking overlaps for volume rf_e_57DsWin1:0 (G4Tubs) ... OK! 
Checking overlaps for volume rf_e_57UsWin2:0 (G4Tubs) ... OK! 
Checking overlaps for volume rf_e_57DsWin2:0 (G4Tubs) ... OK! 
Checking overlaps for volume rf_e_57DsHalf:0 (G4Tubs) ... OK! 
Checking overlaps for volume rf_e_57TimingVol:0 (G4Tubs) ... OK! 
BLCMDpillbox::construct rf_e_57 parent= relZ=86580.1 globZ=86580.1
	zmin=86470.1 zmax=86690.2
Checking overlaps for volume rf_e_57:0 (G4Tubs) ... Checking overlaps for volume rf_b_58Pipe:0 (G4Tubs) ... OK! 
Checking overlaps for volume rf_b_58UsWall:0 (G4Tubs) ... OK! 
Checking overlaps for volume rf_b_58DsWall:0 (G4Tubs) ... OK! 
Checking overlaps for volume rf_b_58UsWin1:0 (G4Tubs) ... OK! 
Checking overlaps for volume rf_b_58DsWin1:0 (G4Tubs) ... OK! 
Checking overlaps for volume rf_b_58UsWin2:0 (G4Tubs) ... OK! 
Checking overlaps for volume rf_b_58DsWin2:0 (G4Tubs) ... OK! 
Checking overlaps for volume rf_b_58DsHalf:0 (G4Tubs) ... OK! 
Checking overlaps for volume rf_b_58TimingVol:0 (G4Tubs) ... OK! 
BLCMDpillbox::construct rf_b_58 parent= relZ=87419.9 globZ=87419.9
	zmin=87309.8 zmax=87529.9
Checking overlaps for volume rf_b_58:0 (G4Tubs) ... Checking overlaps for volume rf_c_58Pipe:0 (G4Tubs) ... OK! 
Checking overlaps for volume rf_c_58UsWall:0 (G4Tubs) ... OK! 
Checking overlaps for volume rf_c_58DsWall:0 (G4Tubs) ... OK! 
Checking overlaps for volume rf_c_58UsWin1:0 (G4Tubs) ... OK! 
Checking overlaps for volume rf_c_58DsWin1:0 (G4Tubs) ... OK! 
Checking overlaps for volume rf_c_58UsWin2:0 (G4Tubs) ... OK! 
Checking overlaps for volume rf_c_58DsWin2:0 (G4Tubs) ... OK! 
Checking overlaps for volume rf_c_58DsHalf:0 (G4Tubs) ... OK! 
Checking overlaps for volume rf_c_58TimingVol:0 (G4Tubs) ... OK! 
Checking overlaps for volume rf_c_58:0 (G4Tubs) ... OK! 
BLCMDpillbox::construct rf_c_58 parent= relZ=87639.9 globZ=87639.9
	zmin=87529.9 zmax=87750.0
Checking overlaps for volume rf_d_58Pipe:0 (G4Tubs) ... OK! 
Checking overlaps for volume rf_d_58UsWall:0 (G4Tubs) ... OK! 
Checking overlaps for volume rf_d_58DsWall:0 (G4Tubs) ... OK! 
Checking overlaps for volume rf_d_58UsWin1:0 (G4Tubs) ... OK! 
Checking overlaps for volume rf_d_58DsWin1:0 (G4Tubs) ... OK! 
Checking overlaps for volume rf_d_58UsWin2:0 (G4Tubs) ... OK! 
Checking overlaps for volume rf_d_58DsWin2:0 (G4Tubs) ... OK! 
Checking overlaps for volume rf_d_58DsHalf:0 (G4Tubs) ... OK! 
Checking overlaps for volume rf_d_58TimingVol:0 (G4Tubs) ... OK! 
Checking overlaps for volume rf_d_58:0 (G4Tubs) ... OK! 
BLCMDpillbox::construct rf_d_58 parent= relZ=87860.1 globZ=87860.1
	zmin=87750.0 zmax=87970.1
Checking overlaps for volume rf_e_58Pipe:0 (G4Tubs) ... OK! 
Checking overlaps for volume rf_e_58UsWall:0 (G4Tubs) ... OK! 
Checking overlaps for volume rf_e_58DsWall:0 (G4Tubs) ... OK! 
Checking overlaps for volume rf_e_58UsWin1:0 (G4Tubs) ... OK! 
Checking overlaps for volume rf_e_58DsWin1:0 (G4Tubs) ... OK! 
Checking overlaps for volume rf_e_58UsWin2:0 (G4Tubs) ... OK! 
Checking overlaps for volume rf_e_58DsWin2:0 (G4Tubs) ... OK! 
Checking overlaps for volume rf_e_58DsHalf:0 (G4Tubs) ... OK! 
Checking overlaps for volume rf_e_58TimingVol:0 (G4Tubs) ... OK! 
BLCMDpillbox::construct rf_e_58 parent= relZ=88080.1 globZ=88080.1
	zmin=87970.1 zmax=88190.2
Checking overlaps for volume rf_e_58:0 (G4Tubs) ... Checking overlaps for volume rf_b_59Pipe:0 (G4Tubs) ... OK! 
Checking overlaps for volume rf_b_59UsWall:0 (G4Tubs) ... OK! 
Checking overlaps for volume rf_b_59DsWall:0 (G4Tubs) ... OK! 
Checking overlaps for volume rf_b_59UsWin1:0 (G4Tubs) ... OK! 
Checking overlaps for volume rf_b_59DsWin1:0 (G4Tubs) ... OK! 
Checking overlaps for volume rf_b_59UsWin2:0 (G4Tubs) ... OK! 
Checking overlaps for volume rf_b_59DsWin2:0 (G4Tubs) ... OK! 
Checking overlaps for volume rf_b_59DsHalf:0 (G4Tubs) ... OK! 
Checking overlaps for volume rf_b_59TimingVol:0 (G4Tubs) ... OK! 
BLCMDpillbox::construct rf_b_59 parent= relZ=88919.9 globZ=88919.9
	zmin=88809.8 zmax=89029.9
Checking overlaps for volume rf_b_59:0 (G4Tubs) ... Checking overlaps for volume rf_c_59Pipe:0 (G4Tubs) ... OK! 
Checking overlaps for volume rf_c_59UsWall:0 (G4Tubs) ... OK! 
Checking overlaps for volume rf_c_59DsWall:0 (G4Tubs) ... OK! 
Checking overlaps for volume rf_c_59UsWin1:0 (G4Tubs) ... OK! 
Checking overlaps for volume rf_c_59DsWin1:0 (G4Tubs) ... OK! 
Checking overlaps for volume rf_c_59UsWin2:0 (G4Tubs) ... OK! 
Checking overlaps for volume rf_c_59DsWin2:0 (G4Tubs) ... OK! 
Checking overlaps for volume rf_c_59DsHalf:0 (G4Tubs) ... OK! 
Checking overlaps for volume rf_c_59TimingVol:0 (G4Tubs) ... OK! 
Checking overlaps for volume rf_c_59:0 (G4Tubs) ... OK! 
BLCMDpillbox::construct rf_c_59 parent= relZ=89139.9 globZ=89139.9
	zmin=89029.9 zmax=89250.0
Checking overlaps for volume rf_d_59Pipe:0 (G4Tubs) ... OK! 
Checking overlaps for volume rf_d_59UsWall:0 (G4Tubs) ... OK! 
Checking overlaps for volume rf_d_59DsWall:0 (G4Tubs) ... OK! 
Checking overlaps for volume rf_d_59UsWin1:0 (G4Tubs) ... OK! 
Checking overlaps for volume rf_d_59DsWin1:0 (G4Tubs) ... OK! 
Checking overlaps for volume rf_d_59UsWin2:0 (G4Tubs) ... OK! 
Checking overlaps for volume rf_d_59DsWin2:0 (G4Tubs) ... OK! 
Checking overlaps for volume rf_d_59DsHalf:0 (G4Tubs) ... OK! 
Checking overlaps for volume rf_d_59TimingVol:0 (G4Tubs) ... OK! 
Checking overlaps for volume rf_d_59:0 (G4Tubs) ... OK! 
BLCMDpillbox::construct rf_d_59 parent= relZ=89360.1 globZ=89360.1
	zmin=89250.0 zmax=89470.1
Checking overlaps for volume rf_e_59Pipe:0 (G4Tubs) ... OK! 
Checking overlaps for volume rf_e_59UsWall:0 (G4Tubs) ... OK! 
Checking overlaps for volume rf_e_59DsWall:0 (G4Tubs) ... OK! 
Checking overlaps for volume rf_e_59UsWin1:0 (G4Tubs) ... OK! 
Checking overlaps for volume rf_e_59DsWin1:0 (G4Tubs) ... OK! 
Checking overlaps for volume rf_e_59UsWin2:0 (G4Tubs) ... OK! 
Checking overlaps for volume rf_e_59DsWin2:0 (G4Tubs) ... OK! 
Checking overlaps for volume rf_e_59DsHalf:0 (G4Tubs) ... OK! 
Checking overlaps for volume rf_e_59TimingVol:0 (G4Tubs) ... OK! 
**************************************************************************
*** G4Exception: GeomVol1002
***    severity: Warning
***   issued by: G4PVPlacement::CheckOverlaps()
*** description: Overlap with volume already placed !
          Overlap is detected for volume rf_e_59:0 (G4Tubs) with pipe:0 (G4Tubs)
          overlap at local point (-40.3921,119.045,-99.875) by 289.265 um  (max of 3 cases)
NOTE: Reached maximum fixed number -1- of overlaps reports for this volume !
***    printing: every 10-th occurrence
**************************************************************************
BLCMDpillbox::construct rf_e_59 parent= relZ=89580.1 globZ=89580.1
	zmin=89470.1 zmax=89690.2
Checking overlaps for volume rf_e_59:0 (G4Tubs) ... Checking overlaps for volume rf_b_60Pipe:0 (G4Tubs) ... OK! 
Checking overlaps for volume rf_b_60UsWall:0 (G4Tubs) ... OK! 
Checking overlaps for volume rf_b_60DsWall:0 (G4Tubs) ... OK! 
Checking overlaps for volume rf_b_60UsWin1:0 (G4Tubs) ... OK! 
Checking overlaps for volume rf_b_60DsWin1:0 (G4Tubs) ... OK! 
Checking overlaps for volume rf_b_60UsWin2:0 (G4Tubs) ... OK! 
Checking overlaps for volume rf_b_60DsWin2:0 (G4Tubs) ... OK! 
Checking overlaps for volume rf_b_60DsHalf:0 (G4Tubs) ... OK! 
Checking overlaps for volume rf_b_60TimingVol:0 (G4Tubs) ... OK! 
BLCMDpillbox::construct rf_b_60 parent= relZ=90419.9 globZ=90419.9
	zmin=90309.8 zmax=90529.9
Checking overlaps for volume rf_b_60:0 (G4Tubs) ... Checking overlaps for volume rf_c_60Pipe:0 (G4Tubs) ... OK! 
Checking overlaps for volume rf_c_60UsWall:0 (G4Tubs) ... OK! 
Checking overlaps for volume rf_c_60DsWall:0 (G4Tubs) ... OK! 
Checking overlaps for volume rf_c_60UsWin1:0 (G4Tubs) ... OK! 
Checking overlaps for volume rf_c_60DsWin1:0 (G4Tubs) ... OK! 
Checking overlaps for volume rf_c_60UsWin2:0 (G4Tubs) ... OK! 
Checking overlaps for volume rf_c_60DsWin2:0 (G4Tubs) ... OK! 
Checking overlaps for volume rf_c_60DsHalf:0 (G4Tubs) ... OK! 
Checking overlaps for volume rf_c_60TimingVol:0 (G4Tubs) ... OK! 
Checking overlaps for volume rf_c_60:0 (G4Tubs) ... OK! 
BLCMDpillbox::construct rf_c_60 parent= relZ=90639.9 globZ=90639.9
	zmin=90529.9 zmax=90750.0
Checking overlaps for volume rf_d_60Pipe:0 (G4Tubs) ... OK! 
Checking overlaps for volume rf_d_60UsWall:0 (G4Tubs) ... OK! 
Checking overlaps for volume rf_d_60DsWall:0 (G4Tubs) ... OK! 
Checking overlaps for volume rf_d_60UsWin1:0 (G4Tubs) ... OK! 
Checking overlaps for volume rf_d_60DsWin1:0 (G4Tubs) ... OK! 
Checking overlaps for volume rf_d_60UsWin2:0 (G4Tubs) ... OK! 
Checking overlaps for volume rf_d_60DsWin2:0 (G4Tubs) ... OK! 
Checking overlaps for volume rf_d_60DsHalf:0 (G4Tubs) ... OK! 
Checking overlaps for volume rf_d_60TimingVol:0 (G4Tubs) ... OK! 
Checking overlaps for volume rf_d_60:0 (G4Tubs) ... OK! 
BLCMDpillbox::construct rf_d_60 parent= relZ=90860.1 globZ=90860.1
	zmin=90750.0 zmax=90970.1
Checking overlaps for volume rf_e_60Pipe:0 (G4Tubs) ... OK! 
Checking overlaps for volume rf_e_60UsWall:0 (G4Tubs) ... OK! 
Checking overlaps for volume rf_e_60DsWall:0 (G4Tubs) ... OK! 
Checking overlaps for volume rf_e_60UsWin1:0 (G4Tubs) ... OK! 
Checking overlaps for volume rf_e_60DsWin1:0 (G4Tubs) ... OK! 
Checking overlaps for volume rf_e_60UsWin2:0 (G4Tubs) ... OK! 
Checking overlaps for volume rf_e_60DsWin2:0 (G4Tubs) ... OK! 
Checking overlaps for volume rf_e_60DsHalf:0 (G4Tubs) ... OK! 
Checking overlaps for volume rf_e_60TimingVol:0 (G4Tubs) ... OK! 
BLCMDpillbox::construct rf_e_60 parent= relZ=91080.1 globZ=91080.1
	zmin=90970.1 zmax=91190.2
Checking overlaps for volume rf_e_60:0 (G4Tubs) ... Checking overlaps for volume rf_b_61Pipe:0 (G4Tubs) ... OK! 
Checking overlaps for volume rf_b_61UsWall:0 (G4Tubs) ... OK! 
Checking overlaps for volume rf_b_61DsWall:0 (G4Tubs) ... OK! 
Checking overlaps for volume rf_b_61UsWin1:0 (G4Tubs) ... OK! 
Checking overlaps for volume rf_b_61DsWin1:0 (G4Tubs) ... OK! 
Checking overlaps for volume rf_b_61UsWin2:0 (G4Tubs) ... OK! 
Checking overlaps for volume rf_b_61DsWin2:0 (G4Tubs) ... OK! 
Checking overlaps for volume rf_b_61DsHalf:0 (G4Tubs) ... OK! 
Checking overlaps for volume rf_b_61TimingVol:0 (G4Tubs) ... OK! 
Checking overlaps for volume rf_b_61:0 (G4Tubs) ... OK! 
BLCMDpillbox::construct rf_b_61 parent= relZ=91919.9 globZ=91919.9
	zmin=91809.8 zmax=92029.9
Checking overlaps for volume rf_c_61Pipe:0 (G4Tubs) ... OK! 
Checking overlaps for volume rf_c_61UsWall:0 (G4Tubs) ... OK! 
Checking overlaps for volume rf_c_61DsWall:0 (G4Tubs) ... OK! 
Checking overlaps for volume rf_c_61UsWin1:0 (G4Tubs) ... OK! 
Checking overlaps for volume rf_c_61DsWin1:0 (G4Tubs) ... OK! 
Checking overlaps for volume rf_c_61UsWin2:0 (G4Tubs) ... OK! 
Checking overlaps for volume rf_c_61DsWin2:0 (G4Tubs) ... OK! 
Checking overlaps for volume rf_c_61DsHalf:0 (G4Tubs) ... OK! 
Checking overlaps for volume rf_c_61TimingVol:0 (G4Tubs) ... OK! 
Checking overlaps for volume rf_c_61:0 (G4Tubs) ... OK! 
BLCMDpillbox::construct rf_c_61 parent= relZ=92139.9 globZ=92139.9
	zmin=92029.9 zmax=92250.0
Checking overlaps for volume rf_d_61Pipe:0 (G4Tubs) ... OK! 
Checking overlaps for volume rf_d_61UsWall:0 (G4Tubs) ... OK! 
Checking overlaps for volume rf_d_61DsWall:0 (G4Tubs) ... OK! 
Checking overlaps for volume rf_d_61UsWin1:0 (G4Tubs) ... OK! 
Checking overlaps for volume rf_d_61DsWin1:0 (G4Tubs) ... OK! 
Checking overlaps for volume rf_d_61UsWin2:0 (G4Tubs) ... OK! 
Checking overlaps for volume rf_d_61DsWin2:0 (G4Tubs) ... OK! 
Checking overlaps for volume rf_d_61DsHalf:0 (G4Tubs) ... OK! 
Checking overlaps for volume rf_d_61TimingVol:0 (G4Tubs) ... OK! 
Checking overlaps for volume rf_d_61:0 (G4Tubs) ... OK! 
BLCMDpillbox::construct rf_d_61 parent= relZ=92360.1 globZ=92360.1
	zmin=92250.0 zmax=92470.1
Checking overlaps for volume rf_e_61Pipe:0 (G4Tubs) ... OK! 
Checking overlaps for volume rf_e_61UsWall:0 (G4Tubs) ... OK! 
Checking overlaps for volume rf_e_61DsWall:0 (G4Tubs) ... OK! 
Checking overlaps for volume rf_e_61UsWin1:0 (G4Tubs) ... OK! 
Checking overlaps for volume rf_e_61DsWin1:0 (G4Tubs) ... OK! 
Checking overlaps for volume rf_e_61UsWin2:0 (G4Tubs) ... OK! 
Checking overlaps for volume rf_e_61DsWin2:0 (G4Tubs) ... OK! 
Checking overlaps for volume rf_e_61DsHalf:0 (G4Tubs) ... OK! 
Checking overlaps for volume rf_e_61TimingVol:0 (G4Tubs) ... OK! 
BLCMDpillbox::construct rf_e_61 parent= relZ=92580.1 globZ=92580.1
	zmin=92470.1 zmax=92690.2
Checking overlaps for volume rf_e_61:0 (G4Tubs) ... Checking overlaps for volume rf_b_62Pipe:0 (G4Tubs) ... OK! 
Checking overlaps for volume rf_b_62UsWall:0 (G4Tubs) ... OK! 
Checking overlaps for volume rf_b_62DsWall:0 (G4Tubs) ... OK! 
Checking overlaps for volume rf_b_62UsWin1:0 (G4Tubs) ... OK! 
Checking overlaps for volume rf_b_62DsWin1:0 (G4Tubs) ... OK! 
Checking overlaps for volume rf_b_62UsWin2:0 (G4Tubs) ... OK! 
Checking overlaps for volume rf_b_62DsWin2:0 (G4Tubs) ... OK! 
Checking overlaps for volume rf_b_62DsHalf:0 (G4Tubs) ... OK! 
Checking overlaps for volume rf_b_62TimingVol:0 (G4Tubs) ... OK! 
BLCMDpillbox::construct rf_b_62 parent= relZ=93419.9 globZ=93419.9
	zmin=93309.8 zmax=93529.9
Checking overlaps for volume rf_b_62:0 (G4Tubs) ... Checking overlaps for volume rf_c_62Pipe:0 (G4Tubs) ... OK! 
Checking overlaps for volume rf_c_62UsWall:0 (G4Tubs) ... OK! 
Checking overlaps for volume rf_c_62DsWall:0 (G4Tubs) ... OK! 
Checking overlaps for volume rf_c_62UsWin1:0 (G4Tubs) ... OK! 
Checking overlaps for volume rf_c_62DsWin1:0 (G4Tubs) ... OK! 
Checking overlaps for volume rf_c_62UsWin2:0 (G4Tubs) ... OK! 
Checking overlaps for volume rf_c_62DsWin2:0 (G4Tubs) ... OK! 
Checking overlaps for volume rf_c_62DsHalf:0 (G4Tubs) ... OK! 
Checking overlaps for volume rf_c_62TimingVol:0 (G4Tubs) ... OK! 
Checking overlaps for volume rf_c_62:0 (G4Tubs) ... OK! 
BLCMDpillbox::construct rf_c_62 parent= relZ=93639.9 globZ=93639.9
	zmin=93529.9 zmax=93750.0
Checking overlaps for volume rf_d_62Pipe:0 (G4Tubs) ... OK! 
Checking overlaps for volume rf_d_62UsWall:0 (G4Tubs) ... OK! 
Checking overlaps for volume rf_d_62DsWall:0 (G4Tubs) ... OK! 
Checking overlaps for volume rf_d_62UsWin1:0 (G4Tubs) ... OK! 
Checking overlaps for volume rf_d_62DsWin1:0 (G4Tubs) ... OK! 
Checking overlaps for volume rf_d_62UsWin2:0 (G4Tubs) ... OK! 
Checking overlaps for volume rf_d_62DsWin2:0 (G4Tubs) ... OK! 
Checking overlaps for volume rf_d_62DsHalf:0 (G4Tubs) ... OK! 
Checking overlaps for volume rf_d_62TimingVol:0 (G4Tubs) ... OK! 
Checking overlaps for volume rf_d_62:0 (G4Tubs) ... OK! 
BLCMDpillbox::construct rf_d_62 parent= relZ=93860.1 globZ=93860.1
	zmin=93750.0 zmax=93970.1
Checking overlaps for volume rf_e_62Pipe:0 (G4Tubs) ... OK! 
Checking overlaps for volume rf_e_62UsWall:0 (G4Tubs) ... OK! 
Checking overlaps for volume rf_e_62DsWall:0 (G4Tubs) ... OK! 
Checking overlaps for volume rf_e_62UsWin1:0 (G4Tubs) ... OK! 
Checking overlaps for volume rf_e_62DsWin1:0 (G4Tubs) ... OK! 
Checking overlaps for volume rf_e_62UsWin2:0 (G4Tubs) ... OK! 
Checking overlaps for volume rf_e_62DsWin2:0 (G4Tubs) ... OK! 
Checking overlaps for volume rf_e_62DsHalf:0 (G4Tubs) ... OK! 
Checking overlaps for volume rf_e_62TimingVol:0 (G4Tubs) ... OK! 
BLCMDpillbox::construct rf_e_62 parent= relZ=94080.1 globZ=94080.1
	zmin=93970.1 zmax=94190.2
Checking overlaps for volume rf_e_62:0 (G4Tubs) ... Checking overlaps for volume rf_b_63Pipe:0 (G4Tubs) ... OK! 
Checking overlaps for volume rf_b_63UsWall:0 (G4Tubs) ... OK! 
Checking overlaps for volume rf_b_63DsWall:0 (G4Tubs) ... OK! 
Checking overlaps for volume rf_b_63UsWin1:0 (G4Tubs) ... OK! 
Checking overlaps for volume rf_b_63DsWin1:0 (G4Tubs) ... OK! 
Checking overlaps for volume rf_b_63UsWin2:0 (G4Tubs) ... OK! 
Checking overlaps for volume rf_b_63DsWin2:0 (G4Tubs) ... OK! 
Checking overlaps for volume rf_b_63DsHalf:0 (G4Tubs) ... OK! 
Checking overlaps for volume rf_b_63TimingVol:0 (G4Tubs) ... OK! 
BLCMDpillbox::construct rf_b_63 parent= relZ=94919.9 globZ=94919.9
	zmin=94809.8 zmax=95029.9
Checking overlaps for volume rf_b_63:0 (G4Tubs) ... Checking overlaps for volume rf_c_63Pipe:0 (G4Tubs) ... OK! 
Checking overlaps for volume rf_c_63UsWall:0 (G4Tubs) ... OK! 
Checking overlaps for volume rf_c_63DsWall:0 (G4Tubs) ... OK! 
Checking overlaps for volume rf_c_63UsWin1:0 (G4Tubs) ... OK! 
Checking overlaps for volume rf_c_63DsWin1:0 (G4Tubs) ... OK! 
Checking overlaps for volume rf_c_63UsWin2:0 (G4Tubs) ... OK! 
Checking overlaps for volume rf_c_63DsWin2:0 (G4Tubs) ... OK! 
Checking overlaps for volume rf_c_63DsHalf:0 (G4Tubs) ... OK! 
Checking overlaps for volume rf_c_63TimingVol:0 (G4Tubs) ... OK! 
Checking overlaps for volume rf_c_63:0 (G4Tubs) ... OK! 
BLCMDpillbox::construct rf_c_63 parent= relZ=95139.9 globZ=95139.9
	zmin=95029.9 zmax=95250.0
Checking overlaps for volume rf_d_63Pipe:0 (G4Tubs) ... OK! 
Checking overlaps for volume rf_d_63UsWall:0 (G4Tubs) ... OK! 
Checking overlaps for volume rf_d_63DsWall:0 (G4Tubs) ... OK! 
Checking overlaps for volume rf_d_63UsWin1:0 (G4Tubs) ... OK! 
Checking overlaps for volume rf_d_63DsWin1:0 (G4Tubs) ... OK! 
Checking overlaps for volume rf_d_63UsWin2:0 (G4Tubs) ... OK! 
Checking overlaps for volume rf_d_63DsWin2:0 (G4Tubs) ... OK! 
Checking overlaps for volume rf_d_63DsHalf:0 (G4Tubs) ... OK! 
Checking overlaps for volume rf_d_63TimingVol:0 (G4Tubs) ... OK! 
Checking overlaps for volume rf_d_63:0 (G4Tubs) ... OK! 
BLCMDpillbox::construct rf_d_63 parent= relZ=95360.1 globZ=95360.1
	zmin=95250.0 zmax=95470.1
Checking overlaps for volume rf_e_63Pipe:0 (G4Tubs) ... OK! 
Checking overlaps for volume rf_e_63UsWall:0 (G4Tubs) ... OK! 
Checking overlaps for volume rf_e_63DsWall:0 (G4Tubs) ... OK! 
Checking overlaps for volume rf_e_63UsWin1:0 (G4Tubs) ... OK! 
Checking overlaps for volume rf_e_63DsWin1:0 (G4Tubs) ... OK! 
Checking overlaps for volume rf_e_63UsWin2:0 (G4Tubs) ... OK! 
Checking overlaps for volume rf_e_63DsWin2:0 (G4Tubs) ... OK! 
Checking overlaps for volume rf_e_63DsHalf:0 (G4Tubs) ... OK! 
Checking overlaps for volume rf_e_63TimingVol:0 (G4Tubs) ... OK! 
BLCMDpillbox::construct rf_e_63 parent= relZ=95580.1 globZ=95580.1
	zmin=95470.1 zmax=95690.2
Checking overlaps for volume rf_e_63:0 (G4Tubs) ... Checking overlaps for volume rf_b_64Pipe:0 (G4Tubs) ... OK! 
Checking overlaps for volume rf_b_64UsWall:0 (G4Tubs) ... OK! 
Checking overlaps for volume rf_b_64DsWall:0 (G4Tubs) ... OK! 
Checking overlaps for volume rf_b_64UsWin1:0 (G4Tubs) ... OK! 
Checking overlaps for volume rf_b_64DsWin1:0 (G4Tubs) ... OK! 
Checking overlaps for volume rf_b_64UsWin2:0 (G4Tubs) ... OK! 
Checking overlaps for volume rf_b_64DsWin2:0 (G4Tubs) ... OK! 
Checking overlaps for volume rf_b_64DsHalf:0 (G4Tubs) ... OK! 
Checking overlaps for volume rf_b_64TimingVol:0 (G4Tubs) ... OK! 
Checking overlaps for volume rf_b_64:0 (G4Tubs) ... OK! 
BLCMDpillbox::construct rf_b_64 parent= relZ=96419.9 globZ=96419.9
	zmin=96309.8 zmax=96529.9
Checking overlaps for volume rf_c_64Pipe:0 (G4Tubs) ... OK! 
Checking overlaps for volume rf_c_64UsWall:0 (G4Tubs) ... OK! 
Checking overlaps for volume rf_c_64DsWall:0 (G4Tubs) ... OK! 
Checking overlaps for volume rf_c_64UsWin1:0 (G4Tubs) ... OK! 
Checking overlaps for volume rf_c_64DsWin1:0 (G4Tubs) ... OK! 
Checking overlaps for volume rf_c_64UsWin2:0 (G4Tubs) ... OK! 
Checking overlaps for volume rf_c_64DsWin2:0 (G4Tubs) ... OK! 
Checking overlaps for volume rf_c_64DsHalf:0 (G4Tubs) ... OK! 
Checking overlaps for volume rf_c_64TimingVol:0 (G4Tubs) ... OK! 
Checking overlaps for volume rf_c_64:0 (G4Tubs) ... OK! 
BLCMDpillbox::construct rf_c_64 parent= relZ=96639.9 globZ=96639.9
	zmin=96529.9 zmax=96750.0
Checking overlaps for volume rf_d_64Pipe:0 (G4Tubs) ... OK! 
Checking overlaps for volume rf_d_64UsWall:0 (G4Tubs) ... OK! 
Checking overlaps for volume rf_d_64DsWall:0 (G4Tubs) ... OK! 
Checking overlaps for volume rf_d_64UsWin1:0 (G4Tubs) ... OK! 
Checking overlaps for volume rf_d_64DsWin1:0 (G4Tubs) ... OK! 
Checking overlaps for volume rf_d_64UsWin2:0 (G4Tubs) ... OK! 
Checking overlaps for volume rf_d_64DsWin2:0 (G4Tubs) ... OK! 
Checking overlaps for volume rf_d_64DsHalf:0 (G4Tubs) ... OK! 
Checking overlaps for volume rf_d_64TimingVol:0 (G4Tubs) ... OK! 
Checking overlaps for volume rf_d_64:0 (G4Tubs) ... OK! 
BLCMDpillbox::construct rf_d_64 parent= relZ=96860.1 globZ=96860.1
	zmin=96750.0 zmax=96970.1
Checking overlaps for volume rf_e_64Pipe:0 (G4Tubs) ... OK! 
Checking overlaps for volume rf_e_64UsWall:0 (G4Tubs) ... OK! 
Checking overlaps for volume rf_e_64DsWall:0 (G4Tubs) ... OK! 
Checking overlaps for volume rf_e_64UsWin1:0 (G4Tubs) ... OK! 
Checking overlaps for volume rf_e_64DsWin1:0 (G4Tubs) ... OK! 
Checking overlaps for volume rf_e_64UsWin2:0 (G4Tubs) ... OK! 
Checking overlaps for volume rf_e_64DsWin2:0 (G4Tubs) ... OK! 
Checking overlaps for volume rf_e_64DsHalf:0 (G4Tubs) ... OK! 
Checking overlaps for volume rf_e_64TimingVol:0 (G4Tubs) ... OK! 
BLCMDpillbox::construct rf_e_64 parent= relZ=97080.1 globZ=97080.1
	zmin=96970.1 zmax=97190.2
Checking overlaps for volume rf_e_64:0 (G4Tubs) ... Checking overlaps for volume rf_b_65Pipe:0 (G4Tubs) ... OK! 
Checking overlaps for volume rf_b_65UsWall:0 (G4Tubs) ... OK! 
Checking overlaps for volume rf_b_65DsWall:0 (G4Tubs) ... OK! 
Checking overlaps for volume rf_b_65UsWin1:0 (G4Tubs) ... OK! 
Checking overlaps for volume rf_b_65DsWin1:0 (G4Tubs) ... OK! 
Checking overlaps for volume rf_b_65UsWin2:0 (G4Tubs) ... OK! 
Checking overlaps for volume rf_b_65DsWin2:0 (G4Tubs) ... OK! 
Checking overlaps for volume rf_b_65DsHalf:0 (G4Tubs) ... OK! 
Checking overlaps for volume rf_b_65TimingVol:0 (G4Tubs) ... OK! 
BLCMDpillbox::construct rf_b_65 parent= relZ=97919.9 globZ=97919.9
	zmin=97809.8 zmax=98029.9
Checking overlaps for volume rf_b_65:0 (G4Tubs) ... Checking overlaps for volume rf_c_65Pipe:0 (G4Tubs) ... OK! 
Checking overlaps for volume rf_c_65UsWall:0 (G4Tubs) ... OK! 
Checking overlaps for volume rf_c_65DsWall:0 (G4Tubs) ... OK! 
Checking overlaps for volume rf_c_65UsWin1:0 (G4Tubs) ... OK! 
Checking overlaps for volume rf_c_65DsWin1:0 (G4Tubs) ... OK! 
Checking overlaps for volume rf_c_65UsWin2:0 (G4Tubs) ... OK! 
Checking overlaps for volume rf_c_65DsWin2:0 (G4Tubs) ... OK! 
Checking overlaps for volume rf_c_65DsHalf:0 (G4Tubs) ... OK! 
Checking overlaps for volume rf_c_65TimingVol:0 (G4Tubs) ... OK! 
Checking overlaps for volume rf_c_65:0 (G4Tubs) ... OK! 
BLCMDpillbox::construct rf_c_65 parent= relZ=98139.9 globZ=98139.9
	zmin=98029.9 zmax=98250.0
Checking overlaps for volume rf_d_65Pipe:0 (G4Tubs) ... OK! 
Checking overlaps for volume rf_d_65UsWall:0 (G4Tubs) ... OK! 
Checking overlaps for volume rf_d_65DsWall:0 (G4Tubs) ... OK! 
Checking overlaps for volume rf_d_65UsWin1:0 (G4Tubs) ... OK! 
Checking overlaps for volume rf_d_65DsWin1:0 (G4Tubs) ... OK! 
Checking overlaps for volume rf_d_65UsWin2:0 (G4Tubs) ... OK! 
Checking overlaps for volume rf_d_65DsWin2:0 (G4Tubs) ... OK! 
Checking overlaps for volume rf_d_65DsHalf:0 (G4Tubs) ... OK! 
Checking overlaps for volume rf_d_65TimingVol:0 (G4Tubs) ... OK! 
Checking overlaps for volume rf_d_65:0 (G4Tubs) ... OK! 
BLCMDpillbox::construct rf_d_65 parent= relZ=98360.1 globZ=98360.1
	zmin=98250.0 zmax=98470.1
Checking overlaps for volume rf_e_65Pipe:0 (G4Tubs) ... OK! 
Checking overlaps for volume rf_e_65UsWall:0 (G4Tubs) ... OK! 
Checking overlaps for volume rf_e_65DsWall:0 (G4Tubs) ... OK! 
Checking overlaps for volume rf_e_65UsWin1:0 (G4Tubs) ... OK! 
Checking overlaps for volume rf_e_65DsWin1:0 (G4Tubs) ... OK! 
Checking overlaps for volume rf_e_65UsWin2:0 (G4Tubs) ... OK! 
Checking overlaps for volume rf_e_65DsWin2:0 (G4Tubs) ... OK! 
Checking overlaps for volume rf_e_65DsHalf:0 (G4Tubs) ... OK! 
Checking overlaps for volume rf_e_65TimingVol:0 (G4Tubs) ... OK! 
Checking overlaps for volume rf_e_65:0 (G4Tubs) ... OK! 
BLCMDpillbox::construct rf_e_65 parent= relZ=98580.1 globZ=98580.1
	zmin=98470.1 zmax=98690.2
Checking overlaps for volume wedge_0:0 (G4Trap) ... OK! 
BLCMDtrap::Construct wedge_0 parent= relZ=0.0 globZ=0.0
	zmin=-76.4 zmax=76.4 kill=0
Checking overlaps for volume wedge_1:0 (G4Trap) ... OK! 
BLCMDtrap::Construct wedge_1 parent= relZ=1500.0 globZ=1500.0
	zmin=1423.6 zmax=1576.4 kill=0
Checking overlaps for volume wedge_2:0 (G4Trap) ... OK! 
BLCMDtrap::Construct wedge_2 parent= relZ=3000.0 globZ=3000.0
	zmin=2923.6 zmax=3076.4 kill=0
Checking overlaps for volume wedge_3:0 (G4Trap) ... OK! 
BLCMDtrap::Construct wedge_3 parent= relZ=4500.0 globZ=4500.0
	zmin=4423.6 zmax=4576.4 kill=0
Checking overlaps for volume wedge_4:0 (G4Trap) ... OK! 
BLCMDtrap::Construct wedge_4 parent= relZ=6000.0 globZ=6000.0
	zmin=5923.6 zmax=6076.4 kill=0
Checking overlaps for volume wedge_5:0 (G4Trap) ... OK! 
BLCMDtrap::Construct wedge_5 parent= relZ=7500.0 globZ=7500.0
	zmin=7423.6 zmax=7576.4 kill=0
Checking overlaps for volume wedge_6:0 (G4Trap) ... OK! 
BLCMDtrap::Construct wedge_6 parent= relZ=9000.0 globZ=9000.0
	zmin=8923.6 zmax=9076.4 kill=0
Checking overlaps for volume wedge_7:0 (G4Trap) ... OK! 
BLCMDtrap::Construct wedge_7 parent= relZ=10500.0 globZ=10500.0
	zmin=10423.6 zmax=10576.4 kill=0
Checking overlaps for volume wedge_8:0 (G4Trap) ... OK! 
BLCMDtrap::Construct wedge_8 parent= relZ=12000.0 globZ=12000.0
	zmin=11923.6 zmax=12076.4 kill=0
Checking overlaps for volume wedge_9:0 (G4Trap) ... OK! 
BLCMDtrap::Construct wedge_9 parent= relZ=13500.0 globZ=13500.0
	zmin=13423.6 zmax=13576.4 kill=0
Checking overlaps for volume wedge_10:0 (G4Trap) ... OK! 
BLCMDtrap::Construct wedge_10 parent= relZ=15000.0 globZ=15000.0
	zmin=14923.6 zmax=15076.4 kill=0
Checking overlaps for volume wedge_11:0 (G4Trap) ... OK! 
BLCMDtrap::Construct wedge_11 parent= relZ=16500.0 globZ=16500.0
	zmin=16423.6 zmax=16576.4 kill=0
Checking overlaps for volume wedge_12:0 (G4Trap) ... OK! 
BLCMDtrap::Construct wedge_12 parent= relZ=18000.0 globZ=18000.0
	zmin=17923.6 zmax=18076.4 kill=0
Checking overlaps for volume wedge_13:0 (G4Trap) ... OK! 
BLCMDtrap::Construct wedge_13 parent= relZ=19500.0 globZ=19500.0
	zmin=19423.6 zmax=19576.4 kill=0
Checking overlaps for volume wedge_14:0 (G4Trap) ... OK! 
BLCMDtrap::Construct wedge_14 parent= relZ=21000.0 globZ=21000.0
	zmin=20923.6 zmax=21076.4 kill=0
Checking overlaps for volume wedge_15:0 (G4Trap) ... OK! 
BLCMDtrap::Construct wedge_15 parent= relZ=22500.0 globZ=22500.0
	zmin=22423.6 zmax=22576.4 kill=0
Checking overlaps for volume wedge_16:0 (G4Trap) ... OK! 
BLCMDtrap::Construct wedge_16 parent= relZ=24000.0 globZ=24000.0
	zmin=23923.6 zmax=24076.4 kill=0
Checking overlaps for volume wedge_17:0 (G4Trap) ... OK! 
BLCMDtrap::Construct wedge_17 parent= relZ=25500.0 globZ=25500.0
	zmin=25423.6 zmax=25576.4 kill=0
Checking overlaps for volume wedge_18:0 (G4Trap) ... OK! 
BLCMDtrap::Construct wedge_18 parent= relZ=27000.0 globZ=27000.0
	zmin=26923.6 zmax=27076.4 kill=0
Checking overlaps for volume wedge_19:0 (G4Trap) ... OK! 
BLCMDtrap::Construct wedge_19 parent= relZ=28500.0 globZ=28500.0
	zmin=28423.6 zmax=28576.4 kill=0
Checking overlaps for volume wedge_20:0 (G4Trap) ... OK! 
BLCMDtrap::Construct wedge_20 parent= relZ=30000.0 globZ=30000.0
	zmin=29923.6 zmax=30076.4 kill=0
Checking overlaps for volume wedge_21:0 (G4Trap) ... OK! 
BLCMDtrap::Construct wedge_21 parent= relZ=31500.0 globZ=31500.0
	zmin=31423.6 zmax=31576.4 kill=0
Checking overlaps for volume wedge_22:0 (G4Trap) ... OK! 
BLCMDtrap::Construct wedge_22 parent= relZ=33000.0 globZ=33000.0
	zmin=32923.6 zmax=33076.4 kill=0
Checking overlaps for volume wedge_23:0 (G4Trap) ... OK! 
BLCMDtrap::Construct wedge_23 parent= relZ=34500.0 globZ=34500.0
	zmin=34423.6 zmax=34576.4 kill=0
Checking overlaps for volume wedge_24:0 (G4Trap) ... OK! 
BLCMDtrap::Construct wedge_24 parent= relZ=36000.0 globZ=36000.0
	zmin=35923.6 zmax=36076.4 kill=0
Checking overlaps for volume wedge_25:0 (G4Trap) ... OK! 
BLCMDtrap::Construct wedge_25 parent= relZ=37500.0 globZ=37500.0
	zmin=37423.6 zmax=37576.4 kill=0
Checking overlaps for volume wedge_26:0 (G4Trap) ... OK! 
BLCMDtrap::Construct wedge_26 parent= relZ=39000.0 globZ=39000.0
	zmin=38923.6 zmax=39076.4 kill=0
Checking overlaps for volume wedge_27:0 (G4Trap) ... OK! 
BLCMDtrap::Construct wedge_27 parent= relZ=40500.0 globZ=40500.0
	zmin=40423.6 zmax=40576.4 kill=0
Checking overlaps for volume wedge_28:0 (G4Trap) ... OK! 
BLCMDtrap::Construct wedge_28 parent= relZ=42000.0 globZ=42000.0
	zmin=41923.6 zmax=42076.4 kill=0
Checking overlaps for volume wedge_29:0 (G4Trap) ... OK! 
BLCMDtrap::Construct wedge_29 parent= relZ=43500.0 globZ=43500.0
	zmin=43423.6 zmax=43576.4 kill=0
Checking overlaps for volume wedge_30:0 (G4Trap) ... OK! 
BLCMDtrap::Construct wedge_30 parent= relZ=45000.0 globZ=45000.0
	zmin=44923.6 zmax=45076.4 kill=0
Checking overlaps for volume wedge_31:0 (G4Trap) ... OK! 
BLCMDtrap::Construct wedge_31 parent= relZ=46500.0 globZ=46500.0
	zmin=46423.6 zmax=46576.4 kill=0
Checking overlaps for volume wedge_32:0 (G4Trap) ... OK! 
BLCMDtrap::Construct wedge_32 parent= relZ=48000.0 globZ=48000.0
	zmin=47923.6 zmax=48076.4 kill=0
Checking overlaps for volume wedge_33:0 (G4Trap) ... OK! 
BLCMDtrap::Construct wedge_33 parent= relZ=49500.0 globZ=49500.0
	zmin=49423.6 zmax=49576.4 kill=0
Checking overlaps for volume wedge_34:0 (G4Trap) ... OK! 
BLCMDtrap::Construct wedge_34 parent= relZ=51000.0 globZ=51000.0
	zmin=50923.6 zmax=51076.4 kill=0
Checking overlaps for volume wedge_35:0 (G4Trap) ... OK! 
BLCMDtrap::Construct wedge_35 parent= relZ=52500.0 globZ=52500.0
	zmin=52423.6 zmax=52576.4 kill=0
Checking overlaps for volume wedge_36:0 (G4Trap) ... OK! 
BLCMDtrap::Construct wedge_36 parent= relZ=54000.0 globZ=54000.0
	zmin=53923.6 zmax=54076.4 kill=0
Checking overlaps for volume wedge_37:0 (G4Trap) ... OK! 
BLCMDtrap::Construct wedge_37 parent= relZ=55500.0 globZ=55500.0
	zmin=55423.6 zmax=55576.4 kill=0
Checking overlaps for volume wedge_38:0 (G4Trap) ... OK! 
BLCMDtrap::Construct wedge_38 parent= relZ=57000.0 globZ=57000.0
	zmin=56923.6 zmax=57076.4 kill=0
Checking overlaps for volume wedge_39:0 (G4Trap) ... OK! 
BLCMDtrap::Construct wedge_39 parent= relZ=58500.0 globZ=58500.0
	zmin=58423.6 zmax=58576.4 kill=0
Checking overlaps for volume wedge_40:0 (G4Trap) ... OK! 
BLCMDtrap::Construct wedge_40 parent= relZ=60000.0 globZ=60000.0
	zmin=59923.6 zmax=60076.4 kill=0
Checking overlaps for volume wedge_41:0 (G4Trap) ... OK! 
BLCMDtrap::Construct wedge_41 parent= relZ=61500.0 globZ=61500.0
	zmin=61423.6 zmax=61576.4 kill=0
Checking overlaps for volume wedge_42:0 (G4Trap) ... OK! 
BLCMDtrap::Construct wedge_42 parent= relZ=63000.0 globZ=63000.0
	zmin=62923.6 zmax=63076.4 kill=0
Checking overlaps for volume wedge_43:0 (G4Trap) ... OK! 
BLCMDtrap::Construct wedge_43 parent= relZ=64500.0 globZ=64500.0
	zmin=64423.6 zmax=64576.4 kill=0
Checking overlaps for volume wedge_44:0 (G4Trap) ... OK! 
BLCMDtrap::Construct wedge_44 parent= relZ=66000.0 globZ=66000.0
	zmin=65923.6 zmax=66076.4 kill=0
Checking overlaps for volume wedge_45:0 (G4Trap) ... OK! 
BLCMDtrap::Construct wedge_45 parent= relZ=67500.0 globZ=67500.0
	zmin=67423.6 zmax=67576.4 kill=0
Checking overlaps for volume wedge_46:0 (G4Trap) ... OK! 
BLCMDtrap::Construct wedge_46 parent= relZ=69000.0 globZ=69000.0
	zmin=68923.6 zmax=69076.4 kill=0
Checking overlaps for volume wedge_47:0 (G4Trap) ... OK! 
BLCMDtrap::Construct wedge_47 parent= relZ=70500.0 globZ=70500.0
	zmin=70423.6 zmax=70576.4 kill=0
Checking overlaps for volume wedge_48:0 (G4Trap) ... OK! 
BLCMDtrap::Construct wedge_48 parent= relZ=72000.0 globZ=72000.0
	zmin=71923.6 zmax=72076.4 kill=0
Checking overlaps for volume wedge_49:0 (G4Trap) ... OK! 
BLCMDtrap::Construct wedge_49 parent= relZ=73500.0 globZ=73500.0
	zmin=73423.6 zmax=73576.4 kill=0
Checking overlaps for volume wedge_50:0 (G4Trap) ... OK! 
BLCMDtrap::Construct wedge_50 parent= relZ=75000.0 globZ=75000.0
	zmin=74923.6 zmax=75076.4 kill=0
Checking overlaps for volume wedge_51:0 (G4Trap) ... OK! 
BLCMDtrap::Construct wedge_51 parent= relZ=76500.0 globZ=76500.0
	zmin=76423.6 zmax=76576.4 kill=0
Checking overlaps for volume wedge_52:0 (G4Trap) ... OK! 
BLCMDtrap::Construct wedge_52 parent= relZ=78000.0 globZ=78000.0
	zmin=77923.6 zmax=78076.4 kill=0
Checking overlaps for volume wedge_53:0 (G4Trap) ... OK! 
BLCMDtrap::Construct wedge_53 parent= relZ=79500.0 globZ=79500.0
	zmin=79423.6 zmax=79576.4 kill=0
Checking overlaps for volume wedge_54:0 (G4Trap) ... OK! 
BLCMDtrap::Construct wedge_54 parent= relZ=81000.0 globZ=81000.0
	zmin=80923.6 zmax=81076.4 kill=0
Checking overlaps for volume wedge_55:0 (G4Trap) ... OK! 
BLCMDtrap::Construct wedge_55 parent= relZ=82500.0 globZ=82500.0
	zmin=82423.6 zmax=82576.4 kill=0
Checking overlaps for volume wedge_56:0 (G4Trap) ... OK! 
BLCMDtrap::Construct wedge_56 parent= relZ=84000.0 globZ=84000.0
	zmin=83923.6 zmax=84076.4 kill=0
Checking overlaps for volume wedge_57:0 (G4Trap) ... OK! 
BLCMDtrap::Construct wedge_57 parent= relZ=85500.0 globZ=85500.0
	zmin=85423.6 zmax=85576.4 kill=0
Checking overlaps for volume wedge_58:0 (G4Trap) ... OK! 
BLCMDtrap::Construct wedge_58 parent= relZ=87000.0 globZ=87000.0
	zmin=86923.6 zmax=87076.4 kill=0
Checking overlaps for volume wedge_59:0 (G4Trap) ... OK! 
BLCMDtrap::Construct wedge_59 parent= relZ=88500.0 globZ=88500.0
	zmin=88423.6 zmax=88576.4 kill=0
Checking overlaps for volume wedge_60:0 (G4Trap) ... OK! 
BLCMDtrap::Construct wedge_60 parent= relZ=90000.0 globZ=90000.0
	zmin=89923.6 zmax=90076.4 kill=0
Checking overlaps for volume wedge_61:0 (G4Trap) ... OK! 
BLCMDtrap::Construct wedge_61 parent= relZ=91500.0 globZ=91500.0
	zmin=91423.6 zmax=91576.4 kill=0
Checking overlaps for volume wedge_62:0 (G4Trap) ... OK! 
BLCMDtrap::Construct wedge_62 parent= relZ=93000.0 globZ=93000.0
	zmin=92923.6 zmax=93076.4 kill=0
Checking overlaps for volume wedge_63:0 (G4Trap) ... OK! 
BLCMDtrap::Construct wedge_63 parent= relZ=94500.0 globZ=94500.0
	zmin=94423.6 zmax=94576.4 kill=0
Checking overlaps for volume wedge_64:0 (G4Trap) ... OK! 
BLCMDtrap::Construct wedge_64 parent= relZ=96000.0 globZ=96000.0
	zmin=95923.6 zmax=96076.4 kill=0
Checking overlaps for volume wedge_65:0 (G4Trap) ... OK! 
BLCMDtrap::Construct wedge_65 parent= relZ=97500.0 globZ=97500.0
	zmin=97423.6 zmax=97576.4 kill=0
Checking overlaps for volume wedge_window:0 (G4Box) ... OK! 
BLCMDbox::Construct wedge_window parent= relZ=-120.4 globZ=-120.4
	zmin=-120.4 zmax=-120.3
Checking overlaps for volume wedge_window:0 (G4Box) ... OK! 
BLCMDbox::Construct wedge_window parent= relZ=120.4 globZ=120.4
	zmin=120.3 zmax=120.4
Checking overlaps for volume wedge_window:0 (G4Box) ... OK! 
BLCMDbox::Construct wedge_window parent= relZ=1379.6 globZ=1379.6
	zmin=1379.6 zmax=1379.7
Checking overlaps for volume wedge_window:0 (G4Box) ... OK! 
BLCMDbox::Construct wedge_window parent= relZ=1620.4 globZ=1620.4
	zmin=1620.3 zmax=1620.4
Checking overlaps for volume wedge_window:0 (G4Box) ... OK! 
BLCMDbox::Construct wedge_window parent= relZ=2879.6 globZ=2879.6
	zmin=2879.6 zmax=2879.7
Checking overlaps for volume wedge_window:0 (G4Box) ... OK! 
BLCMDbox::Construct wedge_window parent= relZ=3120.4 globZ=3120.4
	zmin=3120.3 zmax=3120.4
Checking overlaps for volume wedge_window:0 (G4Box) ... OK! 
BLCMDbox::Construct wedge_window parent= relZ=4379.6 globZ=4379.6
	zmin=4379.6 zmax=4379.7
Checking overlaps for volume wedge_window:0 (G4Box) ... OK! 
BLCMDbox::Construct wedge_window parent= relZ=4620.4 globZ=4620.4
	zmin=4620.3 zmax=4620.4
Checking overlaps for volume wedge_window:0 (G4Box) ... OK! 
BLCMDbox::Construct wedge_window parent= relZ=5879.6 globZ=5879.6
	zmin=5879.6 zmax=5879.7
Checking overlaps for volume wedge_window:0 (G4Box) ... OK! 
BLCMDbox::Construct wedge_window parent= relZ=6120.4 globZ=6120.4
	zmin=6120.3 zmax=6120.4
Checking overlaps for volume wedge_window:0 (G4Box) ... OK! 
BLCMDbox::Construct wedge_window parent= relZ=7379.6 globZ=7379.6
	zmin=7379.6 zmax=7379.7
Checking overlaps for volume wedge_window:0 (G4Box) ... OK! 
BLCMDbox::Construct wedge_window parent= relZ=7620.4 globZ=7620.4
	zmin=7620.3 zmax=7620.4
Checking overlaps for volume wedge_window:0 (G4Box) ... OK! 
BLCMDbox::Construct wedge_window parent= relZ=8879.6 globZ=8879.6
	zmin=8879.6 zmax=8879.7
Checking overlaps for volume wedge_window:0 (G4Box) ... OK! 
BLCMDbox::Construct wedge_window parent= relZ=9120.4 globZ=9120.4
	zmin=9120.3 zmax=9120.4
Checking overlaps for volume wedge_window:0 (G4Box) ... OK! 
BLCMDbox::Construct wedge_window parent= relZ=10379.6 globZ=10379.6
	zmin=10379.6 zmax=10379.7
Checking overlaps for volume wedge_window:0 (G4Box) ... OK! 
BLCMDbox::Construct wedge_window parent= relZ=10620.4 globZ=10620.4
	zmin=10620.3 zmax=10620.4
Checking overlaps for volume wedge_window:0 (G4Box) ... OK! 
BLCMDbox::Construct wedge_window parent= relZ=11879.6 globZ=11879.6
	zmin=11879.6 zmax=11879.7
Checking overlaps for volume wedge_window:0 (G4Box) ... OK! 
BLCMDbox::Construct wedge_window parent= relZ=12120.4 globZ=12120.4
	zmin=12120.3 zmax=12120.4
Checking overlaps for volume wedge_window:0 (G4Box) ... OK! 
BLCMDbox::Construct wedge_window parent= relZ=13379.6 globZ=13379.6
	zmin=13379.6 zmax=13379.7
Checking overlaps for volume wedge_window:0 (G4Box) ... OK! 
BLCMDbox::Construct wedge_window parent= relZ=13620.4 globZ=13620.4
	zmin=13620.3 zmax=13620.4
Checking overlaps for volume wedge_window:0 (G4Box) ... OK! 
BLCMDbox::Construct wedge_window parent= relZ=14879.6 globZ=14879.6
	zmin=14879.6 zmax=14879.7
Checking overlaps for volume wedge_window:0 (G4Box) ... OK! 
BLCMDbox::Construct wedge_window parent= relZ=15120.4 globZ=15120.4
	zmin=15120.3 zmax=15120.4
Checking overlaps for volume wedge_window:0 (G4Box) ... OK! 
BLCMDbox::Construct wedge_window parent= relZ=16379.6 globZ=16379.6
	zmin=16379.6 zmax=16379.7
Checking overlaps for volume wedge_window:0 (G4Box) ... OK! 
BLCMDbox::Construct wedge_window parent= relZ=16620.4 globZ=16620.4
	zmin=16620.3 zmax=16620.4
Checking overlaps for volume wedge_window:0 (G4Box) ... OK! 
BLCMDbox::Construct wedge_window parent= relZ=17879.6 globZ=17879.6
	zmin=17879.6 zmax=17879.7
Checking overlaps for volume wedge_window:0 (G4Box) ... OK! 
BLCMDbox::Construct wedge_window parent= relZ=18120.4 globZ=18120.4
	zmin=18120.3 zmax=18120.4
Checking overlaps for volume wedge_window:0 (G4Box) ... OK! 
BLCMDbox::Construct wedge_window parent= relZ=19379.6 globZ=19379.6
	zmin=19379.6 zmax=19379.7
Checking overlaps for volume wedge_window:0 (G4Box) ... OK! 
BLCMDbox::Construct wedge_window parent= relZ=19620.4 globZ=19620.4
	zmin=19620.3 zmax=19620.4
Checking overlaps for volume wedge_window:0 (G4Box) ... OK! 
BLCMDbox::Construct wedge_window parent= relZ=20879.6 globZ=20879.6
	zmin=20879.6 zmax=20879.7
Checking overlaps for volume wedge_window:0 (G4Box) ... OK! 
BLCMDbox::Construct wedge_window parent= relZ=21120.4 globZ=21120.4
	zmin=21120.3 zmax=21120.4
Checking overlaps for volume wedge_window:0 (G4Box) ... OK! 
BLCMDbox::Construct wedge_window parent= relZ=22379.6 globZ=22379.6
	zmin=22379.6 zmax=22379.7
Checking overlaps for volume wedge_window:0 (G4Box) ... OK! 
BLCMDbox::Construct wedge_window parent= relZ=22620.4 globZ=22620.4
	zmin=22620.3 zmax=22620.4
Checking overlaps for volume wedge_window:0 (G4Box) ... OK! 
BLCMDbox::Construct wedge_window parent= relZ=23879.6 globZ=23879.6
	zmin=23879.6 zmax=23879.7
Checking overlaps for volume wedge_window:0 (G4Box) ... OK! 
BLCMDbox::Construct wedge_window parent= relZ=24120.4 globZ=24120.4
	zmin=24120.3 zmax=24120.4
Checking overlaps for volume wedge_window:0 (G4Box) ... OK! 
BLCMDbox::Construct wedge_window parent= relZ=25379.6 globZ=25379.6
	zmin=25379.6 zmax=25379.7
Checking overlaps for volume wedge_window:0 (G4Box) ... OK! 
BLCMDbox::Construct wedge_window parent= relZ=25620.4 globZ=25620.4
	zmin=25620.3 zmax=25620.4
Checking overlaps for volume wedge_window:0 (G4Box) ... OK! 
BLCMDbox::Construct wedge_window parent= relZ=26879.6 globZ=26879.6
	zmin=26879.6 zmax=26879.7
Checking overlaps for volume wedge_window:0 (G4Box) ... OK! 
BLCMDbox::Construct wedge_window parent= relZ=27120.4 globZ=27120.4
	zmin=27120.3 zmax=27120.4
Checking overlaps for volume wedge_window:0 (G4Box) ... OK! 
BLCMDbox::Construct wedge_window parent= relZ=28379.6 globZ=28379.6
	zmin=28379.6 zmax=28379.7
Checking overlaps for volume wedge_window:0 (G4Box) ... OK! 
BLCMDbox::Construct wedge_window parent= relZ=28620.4 globZ=28620.4
	zmin=28620.3 zmax=28620.4
Checking overlaps for volume wedge_window:0 (G4Box) ... OK! 
BLCMDbox::Construct wedge_window parent= relZ=29879.6 globZ=29879.6
	zmin=29879.6 zmax=29879.7
Checking overlaps for volume wedge_window:0 (G4Box) ... OK! 
BLCMDbox::Construct wedge_window parent= relZ=30120.4 globZ=30120.4
	zmin=30120.3 zmax=30120.4
Checking overlaps for volume wedge_window:0 (G4Box) ... OK! 
BLCMDbox::Construct wedge_window parent= relZ=31379.6 globZ=31379.6
	zmin=31379.6 zmax=31379.7
Checking overlaps for volume wedge_window:0 (G4Box) ... OK! 
BLCMDbox::Construct wedge_window parent= relZ=31620.4 globZ=31620.4
	zmin=31620.3 zmax=31620.4
Checking overlaps for volume wedge_window:0 (G4Box) ... OK! 
BLCMDbox::Construct wedge_window parent= relZ=32879.6 globZ=32879.6
	zmin=32879.6 zmax=32879.7
Checking overlaps for volume wedge_window:0 (G4Box) ... OK! 
BLCMDbox::Construct wedge_window parent= relZ=33120.4 globZ=33120.4
	zmin=33120.3 zmax=33120.4
Checking overlaps for volume wedge_window:0 (G4Box) ... OK! 
BLCMDbox::Construct wedge_window parent= relZ=34379.6 globZ=34379.6
	zmin=34379.6 zmax=34379.7
Checking overlaps for volume wedge_window:0 (G4Box) ... OK! 
BLCMDbox::Construct wedge_window parent= relZ=34620.4 globZ=34620.4
	zmin=34620.3 zmax=34620.4
Checking overlaps for volume wedge_window:0 (G4Box) ... OK! 
BLCMDbox::Construct wedge_window parent= relZ=35879.6 globZ=35879.6
	zmin=35879.6 zmax=35879.7
Checking overlaps for volume wedge_window:0 (G4Box) ... OK! 
BLCMDbox::Construct wedge_window parent= relZ=36120.4 globZ=36120.4
	zmin=36120.3 zmax=36120.4
Checking overlaps for volume wedge_window:0 (G4Box) ... OK! 
BLCMDbox::Construct wedge_window parent= relZ=37379.6 globZ=37379.6
	zmin=37379.6 zmax=37379.7
Checking overlaps for volume wedge_window:0 (G4Box) ... OK! 
BLCMDbox::Construct wedge_window parent= relZ=37620.4 globZ=37620.4
	zmin=37620.3 zmax=37620.4
Checking overlaps for volume wedge_window:0 (G4Box) ... OK! 
BLCMDbox::Construct wedge_window parent= relZ=38879.6 globZ=38879.6
	zmin=38879.6 zmax=38879.7
Checking overlaps for volume wedge_window:0 (G4Box) ... OK! 
BLCMDbox::Construct wedge_window parent= relZ=39120.4 globZ=39120.4
	zmin=39120.3 zmax=39120.4
Checking overlaps for volume wedge_window:0 (G4Box) ... OK! 
BLCMDbox::Construct wedge_window parent= relZ=40379.6 globZ=40379.6
	zmin=40379.6 zmax=40379.7
Checking overlaps for volume wedge_window:0 (G4Box) ... OK! 
BLCMDbox::Construct wedge_window parent= relZ=40620.4 globZ=40620.4
	zmin=40620.3 zmax=40620.4
Checking overlaps for volume wedge_window:0 (G4Box) ... OK! 
BLCMDbox::Construct wedge_window parent= relZ=41879.6 globZ=41879.6
	zmin=41879.6 zmax=41879.7
Checking overlaps for volume wedge_window:0 (G4Box) ... OK! 
BLCMDbox::Construct wedge_window parent= relZ=42120.4 globZ=42120.4
	zmin=42120.3 zmax=42120.4
Checking overlaps for volume wedge_window:0 (G4Box) ... OK! 
BLCMDbox::Construct wedge_window parent= relZ=43379.6 globZ=43379.6
	zmin=43379.6 zmax=43379.7
Checking overlaps for volume wedge_window:0 (G4Box) ... OK! 
BLCMDbox::Construct wedge_window parent= relZ=43620.4 globZ=43620.4
	zmin=43620.3 zmax=43620.4
Checking overlaps for volume wedge_window:0 (G4Box) ... OK! 
BLCMDbox::Construct wedge_window parent= relZ=44879.6 globZ=44879.6
	zmin=44879.6 zmax=44879.7
Checking overlaps for volume wedge_window:0 (G4Box) ... OK! 
BLCMDbox::Construct wedge_window parent= relZ=45120.4 globZ=45120.4
	zmin=45120.3 zmax=45120.4
Checking overlaps for volume wedge_window:0 (G4Box) ... OK! 
BLCMDbox::Construct wedge_window parent= relZ=46379.6 globZ=46379.6
	zmin=46379.6 zmax=46379.7
Checking overlaps for volume wedge_window:0 (G4Box) ... OK! 
BLCMDbox::Construct wedge_window parent= relZ=46620.4 globZ=46620.4
	zmin=46620.3 zmax=46620.4
Checking overlaps for volume wedge_window:0 (G4Box) ... OK! 
BLCMDbox::Construct wedge_window parent= relZ=47879.6 globZ=47879.6
	zmin=47879.6 zmax=47879.7
Checking overlaps for volume wedge_window:0 (G4Box) ... OK! 
BLCMDbox::Construct wedge_window parent= relZ=48120.4 globZ=48120.4
	zmin=48120.3 zmax=48120.4
Checking overlaps for volume wedge_window:0 (G4Box) ... OK! 
BLCMDbox::Construct wedge_window parent= relZ=49379.6 globZ=49379.6
	zmin=49379.6 zmax=49379.7
Checking overlaps for volume wedge_window:0 (G4Box) ... OK! 
BLCMDbox::Construct wedge_window parent= relZ=49620.4 globZ=49620.4
	zmin=49620.3 zmax=49620.4
Checking overlaps for volume wedge_window:0 (G4Box) ... OK! 
BLCMDbox::Construct wedge_window parent= relZ=50879.6 globZ=50879.6
	zmin=50879.6 zmax=50879.7
Checking overlaps for volume wedge_window:0 (G4Box) ... OK! 
BLCMDbox::Construct wedge_window parent= relZ=51120.4 globZ=51120.4
	zmin=51120.3 zmax=51120.4
Checking overlaps for volume wedge_window:0 (G4Box) ... OK! 
BLCMDbox::Construct wedge_window parent= relZ=52379.6 globZ=52379.6
	zmin=52379.6 zmax=52379.7
Checking overlaps for volume wedge_window:0 (G4Box) ... OK! 
BLCMDbox::Construct wedge_window parent= relZ=52620.4 globZ=52620.4
	zmin=52620.3 zmax=52620.4
Checking overlaps for volume wedge_window:0 (G4Box) ... OK! 
BLCMDbox::Construct wedge_window parent= relZ=53879.6 globZ=53879.6
	zmin=53879.6 zmax=53879.7
Checking overlaps for volume wedge_window:0 (G4Box) ... OK! 
BLCMDbox::Construct wedge_window parent= relZ=54120.4 globZ=54120.4
	zmin=54120.3 zmax=54120.4
Checking overlaps for volume wedge_window:0 (G4Box) ... OK! 
BLCMDbox::Construct wedge_window parent= relZ=55379.6 globZ=55379.6
	zmin=55379.6 zmax=55379.7
Checking overlaps for volume wedge_window:0 (G4Box) ... OK! 
BLCMDbox::Construct wedge_window parent= relZ=55620.4 globZ=55620.4
	zmin=55620.3 zmax=55620.4
Checking overlaps for volume wedge_window:0 (G4Box) ... OK! 
BLCMDbox::Construct wedge_window parent= relZ=56879.6 globZ=56879.6
	zmin=56879.6 zmax=56879.7
Checking overlaps for volume wedge_window:0 (G4Box) ... OK! 
BLCMDbox::Construct wedge_window parent= relZ=57120.4 globZ=57120.4
	zmin=57120.3 zmax=57120.4
Checking overlaps for volume wedge_window:0 (G4Box) ... OK! 
BLCMDbox::Construct wedge_window parent= relZ=58379.6 globZ=58379.6
	zmin=58379.6 zmax=58379.7
Checking overlaps for volume wedge_window:0 (G4Box) ... OK! 
BLCMDbox::Construct wedge_window parent= relZ=58620.4 globZ=58620.4
	zmin=58620.3 zmax=58620.4
Checking overlaps for volume wedge_window:0 (G4Box) ... OK! 
BLCMDbox::Construct wedge_window parent= relZ=59879.6 globZ=59879.6
	zmin=59879.6 zmax=59879.7
Checking overlaps for volume wedge_window:0 (G4Box) ... OK! 
BLCMDbox::Construct wedge_window parent= relZ=60120.4 globZ=60120.4
	zmin=60120.3 zmax=60120.4
Checking overlaps for volume wedge_window:0 (G4Box) ... OK! 
BLCMDbox::Construct wedge_window parent= relZ=61379.6 globZ=61379.6
	zmin=61379.6 zmax=61379.7
Checking overlaps for volume wedge_window:0 (G4Box) ... OK! 
BLCMDbox::Construct wedge_window parent= relZ=61620.4 globZ=61620.4
	zmin=61620.3 zmax=61620.4
Checking overlaps for volume wedge_window:0 (G4Box) ... OK! 
BLCMDbox::Construct wedge_window parent= relZ=62879.6 globZ=62879.6
	zmin=62879.6 zmax=62879.7
Checking overlaps for volume wedge_window:0 (G4Box) ... OK! 
BLCMDbox::Construct wedge_window parent= relZ=63120.4 globZ=63120.4
	zmin=63120.3 zmax=63120.4
Checking overlaps for volume wedge_window:0 (G4Box) ... OK! 
BLCMDbox::Construct wedge_window parent= relZ=64379.6 globZ=64379.6
	zmin=64379.6 zmax=64379.7
Checking overlaps for volume wedge_window:0 (G4Box) ... OK! 
BLCMDbox::Construct wedge_window parent= relZ=64620.4 globZ=64620.4
	zmin=64620.3 zmax=64620.4
Checking overlaps for volume wedge_window:0 (G4Box) ... OK! 
BLCMDbox::Construct wedge_window parent= relZ=65879.6 globZ=65879.6
	zmin=65879.6 zmax=65879.7
Checking overlaps for volume wedge_window:0 (G4Box) ... OK! 
BLCMDbox::Construct wedge_window parent= relZ=66120.4 globZ=66120.4
	zmin=66120.3 zmax=66120.4
Checking overlaps for volume wedge_window:0 (G4Box) ... OK! 
BLCMDbox::Construct wedge_window parent= relZ=67379.6 globZ=67379.6
	zmin=67379.6 zmax=67379.7
Checking overlaps for volume wedge_window:0 (G4Box) ... OK! 
BLCMDbox::Construct wedge_window parent= relZ=67620.4 globZ=67620.4
	zmin=67620.3 zmax=67620.4
Checking overlaps for volume wedge_window:0 (G4Box) ... OK! 
BLCMDbox::Construct wedge_window parent= relZ=68879.6 globZ=68879.6
	zmin=68879.6 zmax=68879.7
Checking overlaps for volume wedge_window:0 (G4Box) ... OK! 
BLCMDbox::Construct wedge_window parent= relZ=69120.4 globZ=69120.4
	zmin=69120.3 zmax=69120.4
Checking overlaps for volume wedge_window:0 (G4Box) ... OK! 
BLCMDbox::Construct wedge_window parent= relZ=70379.6 globZ=70379.6
	zmin=70379.6 zmax=70379.7
Checking overlaps for volume wedge_window:0 (G4Box) ... OK! 
BLCMDbox::Construct wedge_window parent= relZ=70620.4 globZ=70620.4
	zmin=70620.3 zmax=70620.4
Checking overlaps for volume wedge_window:0 (G4Box) ... OK! 
BLCMDbox::Construct wedge_window parent= relZ=71879.6 globZ=71879.6
	zmin=71879.6 zmax=71879.7
Checking overlaps for volume wedge_window:0 (G4Box) ... OK! 
BLCMDbox::Construct wedge_window parent= relZ=72120.4 globZ=72120.4
	zmin=72120.3 zmax=72120.4
Checking overlaps for volume wedge_window:0 (G4Box) ... OK! 
BLCMDbox::Construct wedge_window parent= relZ=73379.6 globZ=73379.6
	zmin=73379.6 zmax=73379.7
Checking overlaps for volume wedge_window:0 (G4Box) ... OK! 
BLCMDbox::Construct wedge_window parent= relZ=73620.4 globZ=73620.4
	zmin=73620.3 zmax=73620.4
Checking overlaps for volume wedge_window:0 (G4Box) ... OK! 
BLCMDbox::Construct wedge_window parent= relZ=74879.6 globZ=74879.6
	zmin=74879.6 zmax=74879.7
Checking overlaps for volume wedge_window:0 (G4Box) ... OK! 
BLCMDbox::Construct wedge_window parent= relZ=75120.4 globZ=75120.4
	zmin=75120.3 zmax=75120.4
Checking overlaps for volume wedge_window:0 (G4Box) ... OK! 
BLCMDbox::Construct wedge_window parent= relZ=76379.6 globZ=76379.6
	zmin=76379.6 zmax=76379.7
Checking overlaps for volume wedge_window:0 (G4Box) ... OK! 
BLCMDbox::Construct wedge_window parent= relZ=76620.4 globZ=76620.4
	zmin=76620.3 zmax=76620.4
Checking overlaps for volume wedge_window:0 (G4Box) ... OK! 
BLCMDbox::Construct wedge_window parent= relZ=77879.6 globZ=77879.6
	zmin=77879.6 zmax=77879.7
Checking overlaps for volume wedge_window:0 (G4Box) ... OK! 
BLCMDbox::Construct wedge_window parent= relZ=78120.4 globZ=78120.4
	zmin=78120.3 zmax=78120.4
Checking overlaps for volume wedge_window:0 (G4Box) ... OK! 
BLCMDbox::Construct wedge_window parent= relZ=79379.6 globZ=79379.6
	zmin=79379.6 zmax=79379.7
Checking overlaps for volume wedge_window:0 (G4Box) ... OK! 
BLCMDbox::Construct wedge_window parent= relZ=79620.4 globZ=79620.4
	zmin=79620.3 zmax=79620.4
Checking overlaps for volume wedge_window:0 (G4Box) ... OK! 
BLCMDbox::Construct wedge_window parent= relZ=80879.6 globZ=80879.6
	zmin=80879.6 zmax=80879.7
Checking overlaps for volume wedge_window:0 (G4Box) ... OK! 
BLCMDbox::Construct wedge_window parent= relZ=81120.4 globZ=81120.4
	zmin=81120.3 zmax=81120.4
Checking overlaps for volume wedge_window:0 (G4Box) ... OK! 
BLCMDbox::Construct wedge_window parent= relZ=82379.6 globZ=82379.6
	zmin=82379.6 zmax=82379.7
Checking overlaps for volume wedge_window:0 (G4Box) ... OK! 
BLCMDbox::Construct wedge_window parent= relZ=82620.4 globZ=82620.4
	zmin=82620.3 zmax=82620.4
Checking overlaps for volume wedge_window:0 (G4Box) ... OK! 
BLCMDbox::Construct wedge_window parent= relZ=83879.6 globZ=83879.6
	zmin=83879.6 zmax=83879.7
Checking overlaps for volume wedge_window:0 (G4Box) ... OK! 
BLCMDbox::Construct wedge_window parent= relZ=84120.4 globZ=84120.4
	zmin=84120.3 zmax=84120.4
Checking overlaps for volume wedge_window:0 (G4Box) ... OK! 
BLCMDbox::Construct wedge_window parent= relZ=85379.6 globZ=85379.6
	zmin=85379.6 zmax=85379.7
Checking overlaps for volume wedge_window:0 (G4Box) ... OK! 
BLCMDbox::Construct wedge_window parent= relZ=85620.4 globZ=85620.4
	zmin=85620.3 zmax=85620.4
Checking overlaps for volume wedge_window:0 (G4Box) ... OK! 
BLCMDbox::Construct wedge_window parent= relZ=86879.6 globZ=86879.6
	zmin=86879.6 zmax=86879.7
Checking overlaps for volume wedge_window:0 (G4Box) ... OK! 
BLCMDbox::Construct wedge_window parent= relZ=87120.4 globZ=87120.4
	zmin=87120.3 zmax=87120.4
Checking overlaps for volume wedge_window:0 (G4Box) ... OK! 
BLCMDbox::Construct wedge_window parent= relZ=88379.6 globZ=88379.6
	zmin=88379.6 zmax=88379.7
Checking overlaps for volume wedge_window:0 (G4Box) ... OK! 
BLCMDbox::Construct wedge_window parent= relZ=88620.4 globZ=88620.4
	zmin=88620.3 zmax=88620.4
Checking overlaps for volume wedge_window:0 (G4Box) ... OK! 
BLCMDbox::Construct wedge_window parent= relZ=89879.6 globZ=89879.6
	zmin=89879.6 zmax=89879.7
Checking overlaps for volume wedge_window:0 (G4Box) ... OK! 
BLCMDbox::Construct wedge_window parent= relZ=90120.4 globZ=90120.4
	zmin=90120.3 zmax=90120.4
Checking overlaps for volume wedge_window:0 (G4Box) ... OK! 
BLCMDbox::Construct wedge_window parent= relZ=91379.6 globZ=91379.6
	zmin=91379.6 zmax=91379.7
Checking overlaps for volume wedge_window:0 (G4Box) ... OK! 
BLCMDbox::Construct wedge_window parent= relZ=91620.4 globZ=91620.4
	zmin=91620.3 zmax=91620.4
Checking overlaps for volume wedge_window:0 (G4Box) ... OK! 
BLCMDbox::Construct wedge_window parent= relZ=92879.6 globZ=92879.6
	zmin=92879.6 zmax=92879.7
Checking overlaps for volume wedge_window:0 (G4Box) ... OK! 
BLCMDbox::Construct wedge_window parent= relZ=93120.4 globZ=93120.4
	zmin=93120.3 zmax=93120.4
Checking overlaps for volume wedge_window:0 (G4Box) ... OK! 
BLCMDbox::Construct wedge_window parent= relZ=94379.6 globZ=94379.6
	zmin=94379.6 zmax=94379.7
Checking overlaps for volume wedge_window:0 (G4Box) ... OK! 
BLCMDbox::Construct wedge_window parent= relZ=94620.4 globZ=94620.4
	zmin=94620.3 zmax=94620.4
Checking overlaps for volume wedge_window:0 (G4Box) ... OK! 
BLCMDbox::Construct wedge_window parent= relZ=95879.6 globZ=95879.6
	zmin=95879.6 zmax=95879.7
Checking overlaps for volume wedge_window:0 (G4Box) ... OK! 
BLCMDbox::Construct wedge_window parent= relZ=96120.4 globZ=96120.4
	zmin=96120.3 zmax=96120.4
Checking overlaps for volume wedge_window:0 (G4Box) ... OK! 
BLCMDbox::Construct wedge_window parent= relZ=97379.6 globZ=97379.6
	zmin=97379.6 zmax=97379.7
Checking overlaps for volume wedge_window:0 (G4Box) ... OK! 
BLCMDbox::Construct wedge_window parent= relZ=97620.4 globZ=97620.4
	zmin=97620.3 zmax=97620.4
Checking overlaps for volume beamDet:0 (G4Tubs) ... OK! 
BLCMDvirtualdetector::Construct beamDet parent= relZ=99010.0 globZ=99010.0
### Adding tracking cuts for neutron  TimeCut(ns)= 10000  KinEnergyCut(MeV)= 0

Geometry test nPoints=100 tolerance=0.002 mm:
Testing geometry for children of group 'World':
**************************************************************************
*** G4Exception: Geometry Error
***    severity: Warning
***   issued by: geometry
*** description: tubs 'pipe' intersects pillbox 'rf_b_0'
**************************************************************************
**************************************************************************
*** G4Exception: Geometry Error
***    severity: Warning
***   issued by: geometry
*** description: tubs 'pipe' intersects pillbox 'rf_e_0'
**************************************************************************
**************************************************************************
*** G4Exception: Geometry Error
***    severity: Warning
***   issued by: geometry
*** description: tubs 'pipe' intersects pillbox 'rf_b_1'
**************************************************************************
**************************************************************************
*** G4Exception: Geometry Error
***    severity: Warning
***   issued by: geometry
*** description: tubs 'pipe' intersects pillbox 'rf_e_1'
**************************************************************************
**************************************************************************
*** G4Exception: Geometry Error
***    severity: Warning
***   issued by: geometry
*** description: tubs 'pipe' intersects pillbox 'rf_b_2'
**************************************************************************
**************************************************************************
*** G4Exception: Geometry Error
***    severity: Warning
***   issued by: geometry
*** description: tubs 'pipe' intersects pillbox 'rf_e_2'
**************************************************************************
**************************************************************************
*** G4Exception: Geometry Error
***    severity: Warning
***   issued by: geometry
*** description: tubs 'pipe' intersects pillbox 'rf_b_3'
**************************************************************************
**************************************************************************
*** G4Exception: Geometry Error
***    severity: Warning
***   issued by: geometry
*** description: tubs 'pipe' intersects pillbox 'rf_e_3'
**************************************************************************
**************************************************************************
*** G4Exception: Geometry Error
***    severity: Warning
***   issued by: geometry
*** description: tubs 'pipe' intersects pillbox 'rf_b_4'
**************************************************************************
**************************************************************************
*** G4Exception: Geometry Error
***    severity: Warning
***   issued by: geometry
*** description: tubs 'pipe' intersects pillbox 'rf_e_4'
***    printing: every 10-th occurrence
**************************************************************************
**************************************************************************
*** G4Exception: Geometry Error
***    severity: Warning
***   issued by: geometry
*** description: tubs 'pipe' intersects pillbox 'rf_e_9'
***    printing: every 10-th occurrence
**************************************************************************
**************************************************************************
*** G4Exception: Geometry Error
***    severity: Warning
***   issued by: geometry
*** description: tubs 'pipe' intersects pillbox 'rf_e_14'
***    printing: every 10-th occurrence
**************************************************************************
**************************************************************************
*** G4Exception: Geometry Error
***    severity: Warning
***   issued by: geometry
*** description: tubs 'pipe' intersects pillbox 'rf_e_19'
***    printing: every 10-th occurrence
**************************************************************************
**************************************************************************
*** G4Exception: Geometry Error
***    severity: Warning
***   issued by: geometry
*** description: tubs 'pipe' intersects pillbox 'rf_e_24'
***    printing: every 10-th occurrence
**************************************************************************
**************************************************************************
*** G4Exception: Geometry Error
***    severity: Warning
***   issued by: geometry
*** description: tubs 'pipe' intersects pillbox 'rf_e_29'
***    printing: every 10-th occurrence
**************************************************************************
**************************************************************************
*** G4Exception: Geometry Error
***    severity: Warning
***   issued by: geometry
*** description: tubs 'pipe' intersects pillbox 'rf_e_34'
***    printing: every 10-th occurrence
**************************************************************************
**************************************************************************
*** G4Exception: Geometry Error
***    severity: Warning
***   issued by: geometry
*** description: tubs 'pipe' intersects pillbox 'rf_e_39'
***    printing: every 10-th occurrence
**************************************************************************
**************************************************************************
*** G4Exception: Geometry Error
***    severity: Warning
***   issued by: geometry
*** description: tubs 'pipe' intersects pillbox 'rf_e_44'
***    printing: every 10-th occurrence
**************************************************************************
**************************************************************************
*** G4Exception: Geometry Error
***    severity: Warning
***   issued by: geometry
*** description: tubs 'pipe' intersects pillbox 'rf_e_49'
***    printing: every 100-th occurrence
**************************************************************************
Total geometry errors = 136  1 seconds

================= Prepare Tune Particle(s) ===========
================= Begin Tune Particle(s) =============
***  Tune and Reference Particles ignore E fields.
***  Tune and Reference Particles ignore B fields.
***  Tune and Reference Particles ignore Energy loss.
**************************************************************************
*** G4Exception: EM Field Extends Outside World
***    severity: Warning
***   issued by: BLGlobalField
*** description: May give inaccurate tracking near world boundary.
***     EventID: -2     TrackID: 1   mu+  KE=123.2 MeV
**************************************************************************
fieldVoxels: nx=12 ny=12 nz=521, 75024 voxels, 944 fields
fieldVoxels: max field count is 14 fields, # voxels >5: 50872, >10: 3188, >20: 0
**************************************************************************
*** G4Exception: Check number of field voxels
***    severity: Warning
***   issued by: BLGlobalField
*** description: nVoxels = 75024, max fields/voxel = 14
***     EventID: -2     TrackID: 1   mu+  KE=123.2 MeV
**************************************************************************
pillbox rf_b_0: Time OK  timeOffset=442.3362 ns, incremented to 442.3362 ns
pillbox rf_c_0: Time OK  timeOffset=443.1546 ns, incremented to 443.1546 ns
pillbox rf_d_0: Time OK  timeOffset=443.9768 ns, incremented to 443.9768 ns
pillbox rf_e_0: Time OK  timeOffset=444.8449 ns, incremented to 444.8449 ns
pillbox rf_b_1: Time OK  timeOffset=448.0249 ns, incremented to 448.0249 ns
pillbox rf_c_1: Time OK  timeOffset=448.7654 ns, incremented to 448.7654 ns
pillbox rf_d_1: Time OK  timeOffset=449.6197 ns, incremented to 449.6197 ns
pillbox rf_e_1: Time OK  timeOffset=450.6097 ns, incremented to 450.6097 ns
pillbox rf_b_2: Time OK  timeOffset=453.5245 ns, incremented to 453.5245 ns
pillbox rf_c_2: Time OK  timeOffset=454.4591 ns, incremented to 454.4591 ns
pillbox rf_d_2: Time OK  timeOffset=455.2752 ns, incremented to 455.2752 ns
pillbox rf_e_2: Time OK  timeOffset=456.1953 ns, incremented to 456.1953 ns
pillbox rf_b_3: Time OK  timeOffset=459.2586 ns, incremented to 459.2586 ns
pillbox rf_c_3: Time OK  timeOffset=460.0634 ns, incremented to 460.0634 ns
pillbox rf_d_3: Time OK  timeOffset=460.9876 ns, incremented to 460.9876 ns
pillbox rf_e_3: Time OK  timeOffset=461.7732 ns, incremented to 461.7732 ns
pillbox rf_b_4: Time OK  timeOffset=465.0071 ns, incremented to 465.0071 ns
pillbox rf_c_4: Time OK  timeOffset=465.6659 ns, incremented to 465.6659 ns
pillbox rf_d_4: Time OK  timeOffset=466.6276 ns, incremented to 466.6276 ns
pillbox rf_e_4: Time OK  timeOffset=467.4140 ns, incremented to 467.4140 ns
pillbox rf_b_5: Time OK  timeOffset=470.5156 ns, incremented to 470.5156 ns
pillbox rf_c_5: Time OK  timeOffset=471.4095 ns, incremented to 471.4095 ns
pillbox rf_d_5: Time OK  timeOffset=472.2662 ns, incremented to 472.2662 ns
pillbox rf_e_5: Time OK  timeOffset=473.0877 ns, incremented to 473.0877 ns
pillbox rf_b_6: Time OK  timeOffset=476.1552 ns, incremented to 476.1552 ns
pillbox rf_c_6: Time OK  timeOffset=476.9480 ns, incremented to 476.9480 ns
pillbox rf_d_6: Time OK  timeOffset=477.9282 ns, incremented to 477.9282 ns
pillbox rf_e_6: Time OK  timeOffset=478.6640 ns, incremented to 478.6640 ns
pillbox rf_b_7: Time OK  timeOffset=481.7638 ns, incremented to 481.7638 ns
pillbox rf_c_7: Time OK  timeOffset=482.6223 ns, incremented to 482.6223 ns
pillbox rf_d_7: Time OK  timeOffset=483.4810 ns, incremented to 483.4810 ns
pillbox rf_e_7: Time OK  timeOffset=484.1780 ns, incremented to 484.1780 ns
pillbox rf_b_8: Time OK  timeOffset=487.3811 ns, incremented to 487.3811 ns
pillbox rf_c_8: Time OK  timeOffset=488.3217 ns, incremented to 488.3217 ns
pillbox rf_d_8: Time OK  timeOffset=489.0150 ns, incremented to 489.0150 ns
pillbox rf_e_8: Time OK  timeOffset=490.0764 ns, incremented to 490.0764 ns
pillbox rf_b_9: Time OK  timeOffset=493.1122 ns, incremented to 493.1122 ns
pillbox rf_c_9: Time OK  timeOffset=493.8753 ns, incremented to 493.8753 ns
pillbox rf_d_9: Time OK  timeOffset=494.9587 ns, incremented to 494.9587 ns
pillbox rf_e_9: Time OK  timeOffset=495.5806 ns, incremented to 495.5806 ns
pillbox rf_b_10: Time OK  timeOffset=498.8481 ns, incremented to 498.8481 ns
pillbox rf_c_10: Time OK  timeOffset=499.5536 ns, incremented to 499.5536 ns
pillbox rf_d_10: Time OK  timeOffset=500.4734 ns, incremented to 500.4734 ns
pillbox rf_e_10: Time OK  timeOffset=501.3527 ns, incremented to 501.3527 ns
pillbox rf_b_11: Time OK  timeOffset=504.5520 ns, incremented to 504.5520 ns
pillbox rf_c_11: Time OK  timeOffset=505.2920 ns, incremented to 505.2920 ns
pillbox rf_d_11: Time OK  timeOffset=505.9363 ns, incremented to 505.9363 ns
pillbox rf_e_11: Time OK  timeOffset=506.8380 ns, incremented to 506.8380 ns
pillbox rf_b_12: Time OK  timeOffset=509.9884 ns, incremented to 509.9884 ns
pillbox rf_c_12: Time OK  timeOffset=510.9022 ns, incremented to 510.9022 ns
pillbox rf_d_12: Time OK  timeOffset=511.6137 ns, incremented to 511.6137 ns
pillbox rf_e_12: Time OK  timeOffset=512.6329 ns, incremented to 512.6329 ns
pillbox rf_b_13: Time OK  timeOffset=515.7422 ns, incremented to 515.7422 ns
pillbox rf_c_13: Time OK  timeOffset=516.5516 ns, incremented to 516.5516 ns
pillbox rf_d_13: Time OK  timeOffset=517.2573 ns, incremented to 517.2573 ns
pillbox rf_e_13: Time OK  timeOffset=518.2147 ns, incremented to 518.2147 ns
pillbox rf_b_14: Time OK  timeOffset=521.3575 ns, incremented to 521.3575 ns
pillbox rf_c_14: Time OK  timeOffset=522.2562 ns, incremented to 522.2562 ns
pillbox rf_d_14: Time OK  timeOffset=523.0123 ns, incremented to 523.0123 ns
pillbox rf_e_14: Time OK  timeOffset=523.9799 ns, incremented to 523.9799 ns
pillbox rf_b_15: Time OK  timeOffset=526.8792 ns, incremented to 526.8792 ns
pillbox rf_c_15: Time OK  timeOffset=527.8012 ns, incremented to 527.8012 ns
pillbox rf_d_15: Time OK  timeOffset=528.4616 ns, incremented to 528.4616 ns
pillbox rf_e_15: Time OK  timeOffset=529.2569 ns, incremented to 529.2569 ns
pillbox rf_b_16: Time OK  timeOffset=532.6620 ns, incremented to 532.6620 ns
pillbox rf_c_16: Time OK  timeOffset=533.4529 ns, incremented to 533.4529 ns
pillbox rf_d_16: Time OK  timeOffset=534.2991 ns, incremented to 534.2991 ns
pillbox rf_e_16: Time OK  timeOffset=535.0075 ns, incremented to 535.0075 ns
pillbox rf_b_17: Time OK  timeOffset=538.1518 ns, incremented to 538.1518 ns
pillbox rf_c_17: Time OK  timeOffset=539.1068 ns, incremented to 539.1068 ns
pillbox rf_d_17: Time OK  timeOffset=539.7868 ns, incremented to 539.7868 ns
pillbox rf_e_17: Time OK  timeOffset=540.5811 ns, incremented to 540.5811 ns
pillbox rf_b_18: Time OK  timeOffset=544.0002 ns, incremented to 544.0002 ns
pillbox rf_c_18: Time OK  timeOffset=544.7796 ns, incremented to 544.7796 ns
pillbox rf_d_18: Time OK  timeOffset=545.4358 ns, incremented to 545.4358 ns
pillbox rf_e_18: Time OK  timeOffset=546.3452 ns, incremented to 546.3452 ns
pillbox rf_b_19: Time OK  timeOffset=549.5696 ns, incremented to 549.5696 ns
pillbox rf_c_19: Time OK  timeOffset=550.2866 ns, incremented to 550.2866 ns
pillbox rf_d_19: Time OK  timeOffset=551.2536 ns, incremented to 551.2536 ns
pillbox rf_e_19: Time OK  timeOffset=552.1032 ns, incremented to 552.1032 ns
pillbox rf_b_20: Time OK  timeOffset=555.0655 ns, incremented to 555.0655 ns
pillbox rf_c_20: Time OK  timeOffset=555.8934 ns, incremented to 555.8934 ns
pillbox rf_d_20: Time OK  timeOffset=556.7600 ns, incremented to 556.7600 ns
pillbox rf_e_20: Time OK  timeOffset=557.5798 ns, incremented to 557.5798 ns
pillbox rf_b_21: Time OK  timeOffset=560.7863 ns, incremented to 560.7863 ns
pillbox rf_c_21: Time OK  timeOffset=561.4968 ns, incremented to 561.4968 ns
pillbox rf_d_21: Time OK  timeOffset=562.4728 ns, incremented to 562.4728 ns
pillbox rf_e_21: Time OK  timeOffset=563.3857 ns, incremented to 563.3857 ns
pillbox rf_b_22: Time OK  timeOffset=566.4552 ns, incremented to 566.4552 ns
pillbox rf_c_22: Time OK  timeOffset=567.3048 ns, incremented to 567.3048 ns
pillbox rf_d_22: Time OK  timeOffset=568.0994 ns, incremented to 568.0994 ns
pillbox rf_e_22: Time OK  timeOffset=568.9275 ns, incremented to 568.9275 ns
pillbox rf_b_23: Time OK  timeOffset=572.0051 ns, incremented to 572.0051 ns
pillbox rf_c_23: Time OK  timeOffset=572.9850 ns, incremented to 572.9850 ns
pillbox rf_d_23: Time OK  timeOffset=573.7114 ns, incremented to 573.7114 ns
pillbox rf_e_23: Time OK  timeOffset=574.4583 ns, incremented to 574.4583 ns
pillbox rf_b_24: Time OK  timeOffset=577.7203 ns, incremented to 577.7203 ns
pillbox rf_c_24: Time OK  timeOffset=578.6119 ns, incremented to 578.6119 ns
pillbox rf_d_24: Time OK  timeOffset=579.4987 ns, incremented to 579.4987 ns
pillbox rf_e_24: Time OK  timeOffset=580.0865 ns, incremented to 580.0865 ns
pillbox rf_b_25: Time OK  timeOffset=583.3775 ns, incremented to 583.3775 ns
pillbox rf_c_25: Time OK  timeOffset=584.2084 ns, incremented to 584.2084 ns
pillbox rf_d_25: Time OK  timeOffset=585.0283 ns, incremented to 585.0283 ns
pillbox rf_e_25: Time OK  timeOffset=585.8189 ns, incremented to 585.8189 ns
pillbox rf_b_26: Time OK  timeOffset=588.9951 ns, incremented to 588.9951 ns
pillbox rf_c_26: Time OK  timeOffset=589.8853 ns, incremented to 589.8853 ns
pillbox rf_d_26: Time OK  timeOffset=590.5206 ns, incremented to 590.5206 ns
pillbox rf_e_26: Time OK  timeOffset=591.5291 ns, incremented to 591.5291 ns
pillbox rf_b_27: Time OK  timeOffset=594.6028 ns, incremented to 594.6028 ns
pillbox rf_c_27: Time OK  timeOffset=595.5730 ns, incremented to 595.5730 ns
pillbox rf_d_27: Time OK  timeOffset=596.2461 ns, incremented to 596.2461 ns
pillbox rf_e_27: Time OK  timeOffset=597.1653 ns, incremented to 597.1653 ns
pillbox rf_b_28: Time OK  timeOffset=600.2842 ns, incremented to 600.2842 ns
pillbox rf_c_28: Time OK  timeOffset=601.1456 ns, incremented to 601.1456 ns
pillbox rf_d_28: Time OK  timeOffset=601.9602 ns, incremented to 601.9602 ns
pillbox rf_e_28: Time OK  timeOffset=602.6497 ns, incremented to 602.6497 ns
pillbox rf_b_29: Time OK  timeOffset=605.8661 ns, incremented to 605.8661 ns
pillbox rf_c_29: Time OK  timeOffset=606.8195 ns, incremented to 606.8195 ns
pillbox rf_d_29: Time OK  timeOffset=607.5840 ns, incremented to 607.5840 ns
pillbox rf_e_29: Time OK  timeOffset=608.4083 ns, incremented to 608.4083 ns
pillbox rf_b_30: Time OK  timeOffset=611.7303 ns, incremented to 611.7303 ns
pillbox rf_c_30: Time OK  timeOffset=612.3319 ns, incremented to 612.3319 ns
pillbox rf_d_30: Time OK  timeOffset=613.2520 ns, incremented to 613.2520 ns
pillbox rf_e_30: Time OK  timeOffset=613.9852 ns, incremented to 613.9852 ns
pillbox rf_b_31: Time OK  timeOffset=617.1764 ns, incremented to 617.1764 ns
pillbox rf_c_31: Time OK  timeOffset=618.1313 ns, incremented to 618.1313 ns
pillbox rf_d_31: Time OK  timeOffset=618.8226 ns, incremented to 618.8226 ns
pillbox rf_e_31: Time OK  timeOffset=619.7445 ns, incremented to 619.7445 ns
pillbox rf_b_32: Time OK  timeOffset=622.9918 ns, incremented to 622.9918 ns
pillbox rf_c_32: Time OK  timeOffset=623.7947 ns, incremented to 623.7947 ns
pillbox rf_d_32: Time OK  timeOffset=624.7712 ns, incremented to 624.7712 ns
pillbox rf_e_32: Time OK  timeOffset=625.3070 ns, incremented to 625.3070 ns
pillbox rf_b_33: Time OK  timeOffset=628.5585 ns, incremented to 628.5585 ns
pillbox rf_c_33: Time OK  timeOffset=629.0191 ns, incremented to 629.0191 ns
pillbox rf_d_33: Time OK  timeOffset=630.1043 ns, incremented to 630.1043 ns
pillbox rf_e_33: Time OK  timeOffset=630.9060 ns, incremented to 630.9060 ns
pillbox rf_b_34: Time OK  timeOffset=634.1354 ns, incremented to 634.1354 ns
pillbox rf_c_34: Time OK  timeOffset=635.0310 ns, incremented to 635.0310 ns
pillbox rf_d_34: Time OK  timeOffset=635.9085 ns, incremented to 635.9085 ns
pillbox rf_e_34: Time OK  timeOffset=636.6115 ns, incremented to 636.6115 ns
pillbox rf_b_35: Time OK  timeOffset=639.6246 ns, incremented to 639.6246 ns
pillbox rf_c_35: Time OK  timeOffset=640.5091 ns, incremented to 640.5091 ns
pillbox rf_d_35: Time OK  timeOffset=641.5341 ns, incremented to 641.5341 ns
pillbox rf_e_35: Time OK  timeOffset=642.4256 ns, incremented to 642.4256 ns
pillbox rf_b_36: Time OK  timeOffset=645.4029 ns, incremented to 645.4029 ns
pillbox rf_c_36: Time OK  timeOffset=646.2172 ns, incremented to 646.2172 ns
pillbox rf_d_36: Time OK  timeOffset=647.1326 ns, incremented to 647.1326 ns
pillbox rf_e_36: Time OK  timeOffset=647.8860 ns, incremented to 647.8860 ns
pillbox rf_b_37: Time OK  timeOffset=651.0068 ns, incremented to 651.0068 ns
pillbox rf_c_37: Time OK  timeOffset=651.9296 ns, incremented to 651.9296 ns
pillbox rf_d_37: Time OK  timeOffset=652.7155 ns, incremented to 652.7155 ns
pillbox rf_e_37: Time OK  timeOffset=653.5413 ns, incremented to 653.5413 ns
pillbox rf_b_38: Time OK  timeOffset=656.6019 ns, incremented to 656.6019 ns
pillbox rf_c_38: Time OK  timeOffset=657.4541 ns, incremented to 657.4541 ns
pillbox rf_d_38: Time OK  timeOffset=658.2861 ns, incremented to 658.2861 ns
pillbox rf_e_38: Time OK  timeOffset=659.2443 ns, incremented to 659.2443 ns
pillbox rf_b_39: Time OK  timeOffset=662.3714 ns, incremented to 662.3714 ns
pillbox rf_c_39: Time OK  timeOffset=663.1555 ns, incremented to 663.1555 ns
pillbox rf_d_39: Time OK  timeOffset=663.9828 ns, incremented to 663.9828 ns
pillbox rf_e_39: Time OK  timeOffset=664.7543 ns, incremented to 664.7543 ns
pillbox rf_b_40: Time OK  timeOffset=668.0965 ns, incremented to 668.0965 ns
pillbox rf_c_40: Time OK  timeOffset=668.7507 ns, incremented to 668.7507 ns
pillbox rf_d_40: Time OK  timeOffset=669.6698 ns, incremented to 669.6698 ns
pillbox rf_e_40: Time OK  timeOffset=670.3153 ns, incremented to 670.3153 ns
pillbox rf_b_41: Time OK  timeOffset=673.6373 ns, incremented to 673.6373 ns
pillbox rf_c_41: Time OK  timeOffset=674.3906 ns, incremented to 674.3906 ns
pillbox rf_d_41: Time OK  timeOffset=675.1345 ns, incremented to 675.1345 ns
pillbox rf_e_41: Time OK  timeOffset=676.2421 ns, incremented to 676.2421 ns
pillbox rf_b_42: Time OK  timeOffset=679.1347 ns, incremented to 679.1347 ns
pillbox rf_c_42: Time OK  timeOffset=679.9318 ns, incremented to 679.9318 ns
pillbox rf_d_42: Time OK  timeOffset=680.8624 ns, incremented to 680.8624 ns
pillbox rf_e_42: Time OK  timeOffset=681.7153 ns, incremented to 681.7153 ns
pillbox rf_b_43: Time OK  timeOffset=684.8322 ns, incremented to 684.8322 ns
pillbox rf_c_43: Time OK  timeOffset=685.8942 ns, incremented to 685.8942 ns
pillbox rf_d_43: Time OK  timeOffset=686.4076 ns, incremented to 686.4076 ns
pillbox rf_e_43: Time OK  timeOffset=687.3956 ns, incremented to 687.3956 ns
pillbox rf_b_44: Time OK  timeOffset=690.4280 ns, incremented to 690.4280 ns
pillbox rf_c_44: Time OK  timeOffset=691.3940 ns, incremented to 691.3940 ns
pillbox rf_d_44: Time OK  timeOffset=692.1857 ns, incremented to 692.1857 ns
pillbox rf_e_44: Time OK  timeOffset=693.0246 ns, incremented to 693.0246 ns
pillbox rf_b_45: Time OK  timeOffset=696.1453 ns, incremented to 696.1453 ns
pillbox rf_c_45: Time OK  timeOffset=697.0559 ns, incremented to 697.0559 ns
pillbox rf_d_45: Time OK  timeOffset=697.8662 ns, incremented to 697.8662 ns
pillbox rf_e_45: Time OK  timeOffset=698.5993 ns, incremented to 698.5993 ns
pillbox rf_b_46: Time OK  timeOffset=701.7591 ns, incremented to 701.7591 ns
pillbox rf_c_46: Time OK  timeOffset=702.5861 ns, incremented to 702.5861 ns
pillbox rf_d_46: Time OK  timeOffset=703.4616 ns, incremented to 703.4616 ns
pillbox rf_e_46: Time OK  timeOffset=704.3142 ns, incremented to 704.3142 ns
pillbox rf_b_47: Time OK  timeOffset=707.4326 ns, incremented to 707.4326 ns
pillbox rf_c_47: Time OK  timeOffset=708.2677 ns, incremented to 708.2677 ns
pillbox rf_d_47: Time OK  timeOffset=709.0887 ns, incremented to 709.0887 ns
pillbox rf_e_47: Time OK  timeOffset=710.0590 ns, incremented to 710.0590 ns
pillbox rf_b_48: Time OK  timeOffset=713.0699 ns, incremented to 713.0699 ns
pillbox rf_c_48: Time OK  timeOffset=713.9120 ns, incremented to 713.9120 ns
pillbox rf_d_48: Time OK  timeOffset=714.7359 ns, incremented to 714.7359 ns
pillbox rf_e_48: Time OK  timeOffset=715.5261 ns, incremented to 715.5261 ns
pillbox rf_b_49: Time OK  timeOffset=718.7376 ns, incremented to 718.7376 ns
pillbox rf_c_49: Time OK  timeOffset=719.5896 ns, incremented to 719.5896 ns
pillbox rf_d_49: Time OK  timeOffset=720.5571 ns, incremented to 720.5571 ns
pillbox rf_e_49: Time OK  timeOffset=721.3147 ns, incremented to 721.3147 ns
pillbox rf_b_50: Time OK  timeOffset=724.3414 ns, incremented to 724.3414 ns
pillbox rf_c_50: Time OK  timeOffset=725.1758 ns, incremented to 725.1758 ns
pillbox rf_d_50: Time OK  timeOffset=725.8942 ns, incremented to 725.8942 ns
pillbox rf_e_50: Time OK  timeOffset=726.9493 ns, incremented to 726.9493 ns
pillbox rf_b_51: Time OK  timeOffset=729.9770 ns, incremented to 729.9770 ns
pillbox rf_c_51: Time OK  timeOffset=730.8893 ns, incremented to 730.8893 ns
pillbox rf_d_51: Time OK  timeOffset=731.6474 ns, incremented to 731.6474 ns
pillbox rf_e_51: Time OK  timeOffset=732.4841 ns, incremented to 732.4841 ns
pillbox rf_b_52: Time OK  timeOffset=735.7369 ns, incremented to 735.7369 ns
pillbox rf_c_52: Time OK  timeOffset=736.5150 ns, incremented to 736.5150 ns
pillbox rf_d_52: Time OK  timeOffset=737.3678 ns, incremented to 737.3678 ns
pillbox rf_e_52: Time OK  timeOffset=738.2421 ns, incremented to 738.2421 ns
pillbox rf_b_53: Time OK  timeOffset=741.2352 ns, incremented to 741.2352 ns
pillbox rf_c_53: Time OK  timeOffset=742.1629 ns, incremented to 742.1629 ns
pillbox rf_d_53: Time OK  timeOffset=743.1051 ns, incremented to 743.1051 ns
pillbox rf_e_53: Time OK  timeOffset=743.7158 ns, incremented to 743.7158 ns
pillbox rf_b_54: Time OK  timeOffset=746.9564 ns, incremented to 746.9564 ns
pillbox rf_c_54: Time OK  timeOffset=747.8524 ns, incremented to 747.8524 ns
pillbox rf_d_54: Time OK  timeOffset=748.6165 ns, incremented to 748.6165 ns
pillbox rf_e_54: Time OK  timeOffset=749.4141 ns, incremented to 749.4141 ns
pillbox rf_b_55: Time OK  timeOffset=752.5893 ns, incremented to 752.5893 ns
pillbox rf_c_55: Time OK  timeOffset=753.4749 ns, incremented to 753.4749 ns
pillbox rf_d_55: Time OK  timeOffset=754.3622 ns, incremented to 754.3622 ns
pillbox rf_e_55: Time OK  timeOffset=755.0195 ns, incremented to 755.0195 ns
pillbox rf_b_56: Time OK  timeOffset=758.0754 ns, incremented to 758.0754 ns
pillbox rf_c_56: Time OK  timeOffset=759.0627 ns, incremented to 759.0627 ns
pillbox rf_d_56: Time OK  timeOffset=759.7820 ns, incremented to 759.7820 ns
pillbox rf_e_56: Time OK  timeOffset=760.6844 ns, incremented to 760.6844 ns
pillbox rf_b_57: Time OK  timeOffset=763.9662 ns, incremented to 763.9662 ns
pillbox rf_c_57: Time OK  timeOffset=764.6830 ns, incremented to 764.6830 ns
pillbox rf_d_57: Time OK  timeOffset=765.4359 ns, incremented to 765.4359 ns
pillbox rf_e_57: Time OK  timeOffset=766.4213 ns, incremented to 766.4213 ns
pillbox rf_b_58: Time OK  timeOffset=769.3419 ns, incremented to 769.3419 ns
pillbox rf_c_58: Time OK  timeOffset=770.3986 ns, incremented to 770.3986 ns
pillbox rf_d_58: Time OK  timeOffset=771.1760 ns, incremented to 771.1760 ns
pillbox rf_e_58: Time OK  timeOffset=771.9884 ns, incremented to 771.9884 ns
pillbox rf_b_59: Time OK  timeOffset=775.1850 ns, incremented to 775.1850 ns
pillbox rf_c_59: Time OK  timeOffset=775.9883 ns, incremented to 775.9883 ns
pillbox rf_d_59: Time OK  timeOffset=776.7878 ns, incremented to 776.7878 ns
pillbox rf_e_59: Time OK  timeOffset=777.6009 ns, incremented to 777.6009 ns
pillbox rf_b_60: Time OK  timeOffset=780.7547 ns, incremented to 780.7547 ns
pillbox rf_c_60: Time OK  timeOffset=781.6283 ns, incremented to 781.6283 ns
pillbox rf_d_60: Time OK  timeOffset=782.5438 ns, incremented to 782.5438 ns
pillbox rf_e_60: Time OK  timeOffset=783.2124 ns, incremented to 783.2124 ns
pillbox rf_b_61: Time OK  timeOffset=786.4238 ns, incremented to 786.4238 ns
pillbox rf_c_61: Time OK  timeOffset=787.3116 ns, incremented to 787.3116 ns
pillbox rf_d_61: Time OK  timeOffset=788.1088 ns, incremented to 788.1088 ns
pillbox rf_e_61: Time OK  timeOffset=788.9883 ns, incremented to 788.9883 ns
pillbox rf_b_62: Time OK  timeOffset=792.0872 ns, incremented to 792.0872 ns
pillbox rf_c_62: Time OK  timeOffset=792.8897 ns, incremented to 792.8897 ns
pillbox rf_d_62: Time OK  timeOffset=793.6647 ns, incremented to 793.6647 ns
pillbox rf_e_62: Time OK  timeOffset=794.5999 ns, incremented to 794.5999 ns
pillbox rf_b_63: Time OK  timeOffset=797.7051 ns, incremented to 797.7051 ns
pillbox rf_c_63: Time OK  timeOffset=798.4486 ns, incremented to 798.4486 ns
pillbox rf_d_63: Time OK  timeOffset=799.2562 ns, incremented to 799.2562 ns
pillbox rf_e_63: Time OK  timeOffset=800.3191 ns, incremented to 800.3191 ns
pillbox rf_b_64: Time OK  timeOffset=803.3453 ns, incremented to 803.3453 ns
pillbox rf_c_64: Time OK  timeOffset=804.2955 ns, incremented to 804.2955 ns
pillbox rf_d_64: Time OK  timeOffset=804.8901 ns, incremented to 804.8901 ns
pillbox rf_e_64: Time OK  timeOffset=805.8019 ns, incremented to 805.8019 ns
pillbox rf_b_65: Time OK  timeOffset=808.8730 ns, incremented to 808.8730 ns
pillbox rf_c_65: Time OK  timeOffset=809.9059 ns, incremented to 809.9059 ns
pillbox rf_d_65: Time OK  timeOffset=810.7503 ns, incremented to 810.7503 ns
pillbox rf_e_65: Time OK  timeOffset=811.3800 ns, incremented to 811.3800 ns
Run complete  1 Events  1 seconds
================== Begin Reference Particle(s) ===============
***  Tune and Reference Particles ignore E fields.
***  Tune and Reference Particles ignore B fields.
***  Tune and Reference Particles ignore Energy loss.
Run complete  1 Events  0 seconds
================== Prepare Tracking Beam ==================
Stochastic processes are enabled.
================== Begin Tracking Beam ===============
Event 5 Completed  1 events  realTime=1 sec  1.0 ev/sec
Event 7 Completed  2 events  realTime=1 sec  2.0 ev/sec
Event 8 Completed  3 events  realTime=1 sec  3.0 ev/sec
Event 10 Completed  4 events  realTime=1 sec  4.0 ev/sec
Event 12 Completed  5 events  realTime=1 sec  5.0 ev/sec
Event 20 Completed  6 events  realTime=1 sec  6.0 ev/sec
Event 26 Completed  7 events  realTime=1 sec  7.0 ev/sec
Event 29 Completed  8 events  realTime=1 sec  8.0 ev/sec
Event 33 Completed  9 events  realTime=1 sec  9.0 ev/sec
Event 40 Completed  10 events  realTime=1 sec  10.0 ev/sec
Event 86 Completed  20 events  realTime=1 sec  20.0 ev/sec
Event 121 Completed  30 events  realTime=1 sec  30.0 ev/sec
Event 141 Completed  40 events  realTime=1 sec  40.0 ev/sec
Event 172 Completed  50 events  realTime=1 sec  50.0 ev/sec
Event 190 Completed  60 events  realTime=1 sec  60.0 ev/sec
Event 229 Completed  70 events  realTime=1 sec  70.0 ev/sec
Event 272 Completed  80 events  realTime=1 sec  80.0 ev/sec
Event 288 Completed  90 events  realTime=1 sec  90.0 ev/sec
Event 337 Completed  100 events  realTime=1 sec  100.0 ev/sec
Event 641 Completed  200 events  realTime=2 sec  100.0 ev/sec
Event 892 Completed  300 events  realTime=3 sec  100.0 ev/sec
Event 1247 Completed  400 events  realTime=3 sec  133.3 ev/sec
Event 1607 Completed  500 events  realTime=4 sec  125.0 ev/sec
Event 1891 Completed  600 events  realTime=5 sec  120.0 ev/sec
Event 2180 Completed  700 events  realTime=6 sec  116.7 ev/sec
Event 2513 Completed  800 events  realTime=7 sec  114.3 ev/sec
Event 2710 Completed  900 events  realTime=8 sec  112.5 ev/sec
Event 3108 Completed  1000 events  realTime=9 sec  111.1 ev/sec
Run complete  1652 Events  15 seconds
NTuple beamDet               12 entries
NTuple TuneParticle        2318 entries
NTuple ReferenceParticle     2449 entries
NTuple Ev5Trk1              163 entries
FOR009.DAT Region 1 z=0.0  1653 tracks,  0 unsupported particles ignored
FOR009.DAT Region 2 z=1500.0  1469 tracks,  0 unsupported particles ignored
FOR009.DAT Region 3 z=3000.0  1391 tracks,  0 unsupported particles ignored
FOR009.DAT Region 4 z=4500.0  1132 tracks,  0 unsupported particles ignored
FOR009.DAT Region 5 z=6000.0  648 tracks,  0 unsupported particles ignored
FOR009.DAT Region 6 z=7500.0  342 tracks,  0 unsupported particles ignored
FOR009.DAT Region 7 z=9000.0  200 tracks,  0 unsupported particles ignored
FOR009.DAT Region 8 z=10500.0  138 tracks,  0 unsupported particles ignored
FOR009.DAT Region 9 z=12000.0  95 tracks,  0 unsupported particles ignored
FOR009.DAT Region 10 z=13500.0  68 tracks,  0 unsupported particles ignored
FOR009.DAT Region 11 z=15000.0  51 tracks,  0 unsupported particles ignored
FOR009.DAT Region 12 z=16500.0  40 tracks,  0 unsupported particles ignored
FOR009.DAT Region 13 z=18000.0  35 tracks,  0 unsupported particles ignored
FOR009.DAT Region 14 z=19500.0  30 tracks,  0 unsupported particles ignored
FOR009.DAT Region 15 z=21000.0  27 tracks,  0 unsupported particles ignored
FOR009.DAT Region 16 z=22500.0  24 tracks,  0 unsupported particles ignored
FOR009.DAT Region 17 z=24000.0  22 tracks,  0 unsupported particles ignored
FOR009.DAT Region 18 z=25500.0  22 tracks,  0 unsupported particles ignored
FOR009.DAT Region 19 z=27000.0  19 tracks,  0 unsupported particles ignored
FOR009.DAT Region 20 z=28500.0  19 tracks,  0 unsupported particles ignored
FOR009.DAT Region 21 z=30000.0  19 tracks,  0 unsupported particles ignored
FOR009.DAT Region 22 z=31500.0  18 tracks,  0 unsupported particles ignored
FOR009.DAT Region 23 z=33000.0  18 tracks,  0 unsupported particles ignored
FOR009.DAT Region 24 z=34500.0  18 tracks,  0 unsupported particles ignored
FOR009.DAT Region 25 z=36000.0  18 tracks,  0 unsupported particles ignored
FOR009.DAT Region 26 z=37500.0  17 tracks,  0 unsupported particles ignored
FOR009.DAT Region 27 z=39000.0  16 tracks,  0 unsupported particles ignored
FOR009.DAT Region 28 z=40500.0  16 tracks,  0 unsupported particles ignored
FOR009.DAT Region 29 z=42000.0  16 tracks,  0 unsupported particles ignored
FOR009.DAT Region 30 z=43500.0  15 tracks,  0 unsupported particles ignored
FOR009.DAT Region 31 z=45000.0  15 tracks,  0 unsupported particles ignored
FOR009.DAT Region 32 z=46500.0  15 tracks,  0 unsupported particles ignored
FOR009.DAT Region 33 z=48000.0  14 tracks,  0 unsupported particles ignored
FOR009.DAT Region 34 z=49500.0  14 tracks,  0 unsupported particles ignored
FOR009.DAT Region 35 z=51000.0  14 tracks,  0 unsupported particles ignored
FOR009.DAT Region 36 z=52500.0  14 tracks,  0 unsupported particles ignored
FOR009.DAT Region 37 z=54000.0  14 tracks,  0 unsupported particles ignored
FOR009.DAT Region 38 z=55500.0  14 tracks,  0 unsupported particles ignored
FOR009.DAT Region 39 z=57000.0  14 tracks,  0 unsupported particles ignored
FOR009.DAT Region 40 z=58500.0  14 tracks,  0 unsupported particles ignored
FOR009.DAT Region 41 z=60000.0  14 tracks,  0 unsupported particles ignored
FOR009.DAT Region 42 z=61500.0  14 tracks,  0 unsupported particles ignored
FOR009.DAT Region 43 z=63000.0  14 tracks,  0 unsupported particles ignored
FOR009.DAT Region 44 z=64500.0  14 tracks,  0 unsupported particles ignored
FOR009.DAT Region 45 z=66000.0  14 tracks,  0 unsupported particles ignored
FOR009.DAT Region 46 z=67500.0  14 tracks,  0 unsupported particles ignored
FOR009.DAT Region 47 z=69000.0  14 tracks,  0 unsupported particles ignored
FOR009.DAT Region 48 z=70500.0  14 tracks,  0 unsupported particles ignored
FOR009.DAT Region 49 z=72000.0  14 tracks,  0 unsupported particles ignored
FOR009.DAT Region 50 z=73500.0  14 tracks,  0 unsupported particles ignored
FOR009.DAT Region 51 z=75000.0  14 tracks,  0 unsupported particles ignored
FOR009.DAT Region 52 z=76500.0  14 tracks,  0 unsupported particles ignored
FOR009.DAT Region 53 z=78000.0  14 tracks,  0 unsupported particles ignored
FOR009.DAT Region 54 z=79500.0  14 tracks,  0 unsupported particles ignored
FOR009.DAT Region 55 z=81000.0  14 tracks,  0 unsupported particles ignored
FOR009.DAT Region 56 z=82500.0  14 tracks,  0 unsupported particles ignored
FOR009.DAT Region 57 z=84000.0  14 tracks,  0 unsupported particles ignored
FOR009.DAT Region 58 z=85500.0  14 tracks,  0 unsupported particles ignored
FOR009.DAT Region 59 z=87000.0  14 tracks,  0 unsupported particles ignored
FOR009.DAT Region 60 z=88500.0  14 tracks,  0 unsupported particles ignored
FOR009.DAT Region 61 z=90000.0  14 tracks,  0 unsupported particles ignored
FOR009.DAT Region 62 z=91500.0  14 tracks,  0 unsupported particles ignored
FOR009.DAT Region 63 z=93000.0  13 tracks,  0 unsupported particles ignored
FOR009.DAT Region 64 z=94500.0  13 tracks,  0 unsupported particles ignored
FOR009.DAT Region 65 z=96000.0  13 tracks,  0 unsupported particles ignored
FOR009.DAT Region 66 z=97500.0  13 tracks,  0 unsupported particles ignored
NTuple wrote Root File 'g4beamline.root'

Exceptions: 0 Fatal, 0 Events Aborted, 0 Stuck Tracks (stopped), 227 Warnings
      1 times: Check number of field voxels
      1 times: EM Field Extends Outside World
     89 times: GeomVol1002
    136 times: Geometry Error
g4beamline: simulation complete
