G4BL_DIR=/home/incik/G4beamline-3.08
G4LEDATA=/home/incik/Geant4Data/G4EMLOW8.0
G4ENSDFSTATEDATA=/home/incik/Geant4Data/G4ENSDFSTATE2.3
G4PARTICLEXSDATA=/home/incik/Geant4Data/G4PARTICLEXS4.0
G4LEVELGAMMADATA=/home/incik/Geant4Data/PhotonEvaporation5.7
G4RADIOACTIVEDATA=/home/incik/Geant4Data/RadioactiveDecay5.6
G4beamline Process ID 11355

*************************************************************
 g4beamline version: 3.08                        (Aug 11 2022)
                      Copyright : Tom Roberts, Muons, Inc.
                        License : Gnu Public License
                            WWW : http://g4beamline.muonsinc.com

          ################################
          !!! G4Backtrace is activated !!!
          ################################


**************************************************************
 Geant4 version Name: geant4-11-00-patch-02 [MT]   (25-May-2022)
                       Copyright : Geant4 Collaboration
                      References : NIM A 506 (2003), 250-303
                                 : IEEE-TNS 53 (2006), 270-278
                                 : NIM A 835 (2016), 186-225
                             WWW : http://geant4.org/
**************************************************************

geometry                   nPoints=100 printGeometry=0 visual=0
                           tolerance=0.002
param        filename      for009
param        last          2000
param        filein        beam_stage5_noerr_upt.txt
G4PhysListFactory::GetReferencePhysList <QGSP_BERT_EMX>  EMoption= 2
<<< Geant4 Physics List simulation engine: QGSP_BERT

G4VModularPhysicsList::ReplacePhysics: G4EmStandard with type : 2 is replaced with G4EmStandard_opt2

physics      QGSP_BERT_EMX disable= inactivate= deactivate= doStochastics=1
                           fluct=1 minRangeCut=1 list=0 gammaToMuPair=0
                           spinTracking=0 synchrotronRadiation=0
                           synchrotronRadiationMuon=0 maxTime=1e+06
param        pi            3.1415926
param        ncells        60
param        cell_length   800
param        coilname1     coil1
param        coilname2     coil2
param        coilname3     coil3
param        coil_length1  101.49703909799953
param        coil_radius1  80
param        coil_width1   60
param        current1      183.41122994358668
param        solpos1       0.12426644595192099
param        bendpos       0.1
param        angle         1.5
param        solpos2       0.13055139812162478
param        coil_length2  164.82356346704634
param        coil_radius2  170
param        coil_width2   100
param        current2      132.83417805913234
param        angle         1.5
param        bendpos       0.1
param        solpos3       0.28401129929809593
param        coil_length3  166.74942251561055
param        coil_radius3  300
param        coil_width3   200
param        current3      136.29309795104126
param        dipole        0.142
param        dipole_length 100
param        pres          35
param        rf_length     80
param        rf_fre        0.704
param        rf_grad       31.765190206205563
param        rf_ph         25.612120590078483
param        rf_window_length 0.02
param        wallthick     0.02
material H2     Z=1.00 A=1.01
                density=0.003 temperature=273 pressure=35.0
param        cavity_gas    Vacuum
param        pipe_radius   45
param        win1out_radius 44.999999
param        pipe_diameter 90
param        fringe_length 180
param        pipe_length   199.9
param        wedge_window_length 0.075
param        half_wedge_length 110
param        wedge_apex    130
param        end_z         48010
param        x_last        -3.22
param        y_last        -3.49
param        x_off         -1.7961095
param        y_off         -2.3514067
param        first         1
param        ref_momentum  203
reference                  particle=mu+ beamX=-1.796 beamY=-2.351 beamZ=0
                           beamT=1210 rotation= referenceMomentum=203 beamXp=0
                           beamYp=0 meanMomentum=203 meanXp=0 meanYp=0
                           tuneZ=-3.7e+21 tuneMomentum=-3.7e+21
                           tolerance=0.001 noEfield=1 noBfield=1 noEloss=1
                           P=203
beam    ASCII   nEvents=2147483647 firstEvent=-1 lastEvent=2147483647 beamZ=-3700000000000000000000.0 maxR=1000000.0 renumber=0 weight=1.000000 
		filename=beam_stage5_noerr_upt.txt format=BLTrackFile 
		
trackcuts                  kill= keep= killSecondaries=1 kineticEnergyCut=0
                           kineticEnergyMax=1.798e+308 maxTime=1e+06
                           keepPrimaries=0 steppingVerbose=0
trace                      nTrace=1 format=Trace oneNTuple=0 primaryOnly=0
                           traceTune=1 filename=Ev%dTrk%d file=Ev%dTrk%d
                           require= coordinates=Centerline
genericbend  solbend       fieldWidth=1000 fieldHeight=1000 fieldLength=100
                           ironWidth=-1 ironHeight=-1 ironLength=-1 By=0.142
                           maxStep=100 fieldMaterial=Vacuum fieldColor=
                           ironMaterial=Fe ironColor=1,1,1 kill=1 fringe=0
                           fringeFactor=1 openAperture=1
fieldexpr fringe_left: Map 30000 points  Max Relative Error = 0.0012
fieldexpr fringe_left: Map 178503 points  Max Relative Error = 0.0003
fieldexpr    fringe_left   factorB=1 factorE=1 timeOffset=0 Bx=
                           By=0.142*((1+exp(5*-z/90)*cos(5*y/90))/(1+2*exp(5*-z/90)*cos(5*y/90)+exp(2*5*-z/90)))
                           Bz=-0.142*exp(5*-z/90)*sin(5*y/90)/(1+2*exp(5*-z/90)*cos(5*y/90)+exp(2*5*-z/90))
                           Br= Bphi= Ex= Ey= Ez= Er= time= nX=3 nY=199 nZ=299
                           nR=11 nT=11 tolerance=0.001 length=180 width=90
                           height=90 radius=-1 tmin=0 tmax=0
fieldexpr fringe_right: Map 30000 points  Max Relative Error = 0.0012
fieldexpr fringe_right: Map 178503 points  Max Relative Error = 0.0003
fieldexpr    fringe_right  factorB=1 factorE=1 timeOffset=0 Bx=
                           By=0.142*((1+exp(5*z/90)*cos(5*y/90))/(1+2*exp(5*z/90)*cos(5*y/90)+exp(2*5*z/90)))
                           Bz=-0.142*exp(5*z/90)*sin(5*y/90)/(1+2*exp(5*z/90)*cos(5*y/90)+exp(2*5*z/90))
                           Br= Bphi= Ex= Ey= Ez= Er= time= nX=3 nY=199 nZ=299
                           nR=11 nT=11 tolerance=0.001 length=180 width=90
                           height=90 radius=-1 tmin=0 tmax=0
coil    coil1   innerRadius=80.0 outerRadius=140.0 length=101.5 material=Cu 
		tolerance=0.002 nSheets=0 
		maxR=320.0 maxZ=800.0 dR=0.0 dZ=0.0 filename=coil1.dat 
coilmap coil1   tolerance=0.00200 [fraction of Bz(r=0,z=0)]
coilmap coil1   read file 'coil1.dat'  dR=4.0 dZ=4.0
solenoid     sol1          coilName=coil1 current=183.4 color=1,1,1
                           alternate=0 kill=1 coil=coil1
solenoid     sol2          coilName=coil1 current=-183.4 color=1,1,1
                           alternate=0 kill=1 coil=coil1
coil    coil2   innerRadius=170.0 outerRadius=270.0 length=164.8 material=Cu 
		tolerance=0.002 nSheets=0 
		maxR=570.0 maxZ=800.0 dR=0.0 dZ=0.0 filename=coil2.dat 
coilmap coil2   tolerance=0.00200 [fraction of Bz(r=0,z=0)]
coilmap coil2   read file 'coil2.dat'  dR=7.1 dZ=7.1
solenoid     sol3          coilName=coil2 current=132.8 color=1,1,1
                           alternate=0 kill=1 coil=coil2
solenoid     sol4          coilName=coil2 current=-132.8 color=1,1,1
                           alternate=0 kill=1 coil=coil2
coil    coil3   innerRadius=300.0 outerRadius=500.0 length=166.7 material=Cu 
		tolerance=0.002 nSheets=0 
		maxR=1100.0 maxZ=800.0 dR=0.0 dZ=0.0 filename=coil3.dat 
coilmap coil3   tolerance=0.00200 [fraction of Bz(r=0,z=0)]
coilmap coil3   read file 'coil3.dat'  dR=13.8 dZ=13.8
solenoid     sol5          coilName=coil3 current=136.3 color=1,1,1
                           alternate=0 kill=1 coil=coil3
solenoid     sol6          coilName=coil3 current=-136.3 color=1,1,1
                           alternate=0 kill=1 coil=coil3
tubs         pipe          innerRadius=45 outerRadius=46 initialPhi=0
                           finalPhi=360 length=199.9 maxStep=100 material=
                           color=1,1,1 kill=1 radius=46
pillbox      cav00         maxGradient=31.37 color=1.0,0.0,0.0 frequency=0.704
                           innerLength=80 innerRadius=163 pipeThick=3
                           wallThick=0.02 irisRadius=45 collarRadialThick=5
                           collarThick=0 win1Thick=0.02 win1OuterRadius=45
                           win2Thick=0.02 winMat=Be phaseAcc=30.38
                           skinDepth=0.002 timingTolerance=0.001 maxStep=100
                           cavityMaterial=Vacuum timeOffset=-4.7e+21
                           timeIncrement=0 fieldMapFile= kill=1
pillbox      cav01         maxGradient=31.63 color=1.0,0.0,0.0 frequency=0.704
                           innerLength=80 innerRadius=163 pipeThick=3
                           wallThick=0.02 irisRadius=45 collarRadialThick=5
                           collarThick=0 win1Thick=0.02 win1OuterRadius=50
                           win2Thick=0.02 winMat=Be phaseAcc=21.23
                           skinDepth=0.002 timingTolerance=0.001 maxStep=100
                           cavityMaterial=Vacuum timeOffset=-4.7e+21
                           timeIncrement=0 fieldMapFile= kill=1
pillbox      cav02         maxGradient=33.21 color=1.0,0.0,0.0 frequency=0.704
                           innerLength=80 innerRadius=163 pipeThick=3
                           wallThick=0.02 irisRadius=45 collarRadialThick=5
                           collarThick=0 win1Thick=0.02 win1OuterRadius=50
                           win2Thick=0.02 winMat=Be phaseAcc=14.92
                           skinDepth=0.002 timingTolerance=0.001 maxStep=100
                           cavityMaterial=Vacuum timeOffset=-4.7e+21
                           timeIncrement=0 fieldMapFile= kill=1
pillbox      cav03         maxGradient=31.56 color=1.0,0.0,0.0 frequency=0.704
                           innerLength=80 innerRadius=163 pipeThick=3
                           wallThick=0.02 irisRadius=45 collarRadialThick=5
                           collarThick=0 win1Thick=0.02 win1OuterRadius=50
                           win2Thick=0.02 winMat=Be phaseAcc=32.31
                           skinDepth=0.002 timingTolerance=0.001 maxStep=100
                           cavityMaterial=Vacuum timeOffset=-4.7e+21
                           timeIncrement=0 fieldMapFile= kill=1
pillbox      cav10         maxGradient=31.55 color=1.0,0.0,0.0 frequency=0.704
                           innerLength=80 innerRadius=163 pipeThick=3
                           wallThick=0.02 irisRadius=45 collarRadialThick=5
                           collarThick=0 win1Thick=0.02 win1OuterRadius=50
                           win2Thick=0.02 winMat=Be phaseAcc=31.37
                           skinDepth=0.002 timingTolerance=0.001 maxStep=100
                           cavityMaterial=Vacuum timeOffset=-4.7e+21
                           timeIncrement=0 fieldMapFile= kill=1
pillbox      cav11         maxGradient=33.68 color=1.0,0.0,0.0 frequency=0.704
                           innerLength=80 innerRadius=163 pipeThick=3
                           wallThick=0.02 irisRadius=45 collarRadialThick=5
                           collarThick=0 win1Thick=0.02 win1OuterRadius=50
                           win2Thick=0.02 winMat=Be phaseAcc=28.64
                           skinDepth=0.002 timingTolerance=0.001 maxStep=100
                           cavityMaterial=Vacuum timeOffset=-4.7e+21
                           timeIncrement=0 fieldMapFile= kill=1
pillbox      cav12         maxGradient=33.03 color=1.0,0.0,0.0 frequency=0.704
                           innerLength=80 innerRadius=163 pipeThick=3
                           wallThick=0.02 irisRadius=45 collarRadialThick=5
                           collarThick=0 win1Thick=0.02 win1OuterRadius=50
                           win2Thick=0.02 winMat=Be phaseAcc=42.05
                           skinDepth=0.002 timingTolerance=0.001 maxStep=100
                           cavityMaterial=Vacuum timeOffset=-4.7e+21
                           timeIncrement=0 fieldMapFile= kill=1
pillbox      cav13         maxGradient=33.25 color=1.0,0.0,0.0 frequency=0.704
                           innerLength=80 innerRadius=163 pipeThick=3
                           wallThick=0.02 irisRadius=45 collarRadialThick=5
                           collarThick=0 win1Thick=0.02 win1OuterRadius=50
                           win2Thick=0.02 winMat=Be phaseAcc=24.62
                           skinDepth=0.002 timingTolerance=0.001 maxStep=100
                           cavityMaterial=Vacuum timeOffset=-4.7e+21
                           timeIncrement=0 fieldMapFile= kill=1
pillbox      cav20         maxGradient=32.45 color=1.0,0.0,0.0 frequency=0.704
                           innerLength=80 innerRadius=163 pipeThick=3
                           wallThick=0.02 irisRadius=45 collarRadialThick=5
                           collarThick=0 win1Thick=0.02 win1OuterRadius=50
                           win2Thick=0.02 winMat=Be phaseAcc=36.02
                           skinDepth=0.002 timingTolerance=0.001 maxStep=100
                           cavityMaterial=Vacuum timeOffset=-4.7e+21
                           timeIncrement=0 fieldMapFile= kill=1
pillbox      cav21         maxGradient=31.23 color=1.0,0.0,0.0 frequency=0.704
                           innerLength=80 innerRadius=163 pipeThick=3
                           wallThick=0.02 irisRadius=45 collarRadialThick=5
                           collarThick=0 win1Thick=0.02 win1OuterRadius=50
                           win2Thick=0.02 winMat=Be phaseAcc=10.47
                           skinDepth=0.002 timingTolerance=0.001 maxStep=100
                           cavityMaterial=Vacuum timeOffset=-4.7e+21
                           timeIncrement=0 fieldMapFile= kill=1
pillbox      cav22         maxGradient=30.92 color=1.0,0.0,0.0 frequency=0.704
                           innerLength=80 innerRadius=163 pipeThick=3
                           wallThick=0.02 irisRadius=45 collarRadialThick=5
                           collarThick=0 win1Thick=0.02 win1OuterRadius=50
                           win2Thick=0.02 winMat=Be phaseAcc=25.67
                           skinDepth=0.002 timingTolerance=0.001 maxStep=100
                           cavityMaterial=Vacuum timeOffset=-4.7e+21
                           timeIncrement=0 fieldMapFile= kill=1
pillbox      cav23         maxGradient=32.49 color=1.0,0.0,0.0 frequency=0.704
                           innerLength=80 innerRadius=163 pipeThick=3
                           wallThick=0.02 irisRadius=45 collarRadialThick=5
                           collarThick=0 win1Thick=0.02 win1OuterRadius=50
                           win2Thick=0.02 winMat=Be phaseAcc=44.53
                           skinDepth=0.002 timingTolerance=0.001 maxStep=100
                           cavityMaterial=Vacuum timeOffset=-4.7e+21
                           timeIncrement=0 fieldMapFile= kill=1
pillbox      cav30         maxGradient=30.62 color=1.0,0.0,0.0 frequency=0.704
                           innerLength=80 innerRadius=163 pipeThick=3
                           wallThick=0.02 irisRadius=45 collarRadialThick=5
                           collarThick=0 win1Thick=0.02 win1OuterRadius=50
                           win2Thick=0.02 winMat=Be phaseAcc=37.75
                           skinDepth=0.002 timingTolerance=0.001 maxStep=100
                           cavityMaterial=Vacuum timeOffset=-4.7e+21
                           timeIncrement=0 fieldMapFile= kill=1
pillbox      cav31         maxGradient=31.11 color=1.0,0.0,0.0 frequency=0.704
                           innerLength=80 innerRadius=163 pipeThick=3
                           wallThick=0.02 irisRadius=45 collarRadialThick=5
                           collarThick=0 win1Thick=0.02 win1OuterRadius=50
                           win2Thick=0.02 winMat=Be phaseAcc=30.66
                           skinDepth=0.002 timingTolerance=0.001 maxStep=100
                           cavityMaterial=Vacuum timeOffset=-4.7e+21
                           timeIncrement=0 fieldMapFile= kill=1
pillbox      cav32         maxGradient=32.42 color=1.0,0.0,0.0 frequency=0.704
                           innerLength=80 innerRadius=163 pipeThick=3
                           wallThick=0.02 irisRadius=45 collarRadialThick=5
                           collarThick=0 win1Thick=0.02 win1OuterRadius=50
                           win2Thick=0.02 winMat=Be phaseAcc=24.59
                           skinDepth=0.002 timingTolerance=0.001 maxStep=100
                           cavityMaterial=Vacuum timeOffset=-4.7e+21
                           timeIncrement=0 fieldMapFile= kill=1
pillbox      cav33         maxGradient=31.3 color=1.0,0.0,0.0 frequency=0.704
                           innerLength=80 innerRadius=163 pipeThick=3
                           wallThick=0.02 irisRadius=45 collarRadialThick=5
                           collarThick=0 win1Thick=0.02 win1OuterRadius=50
                           win2Thick=0.02 winMat=Be phaseAcc=40.6
                           skinDepth=0.002 timingTolerance=0.001 maxStep=100
                           cavityMaterial=Vacuum timeOffset=-4.7e+21
                           timeIncrement=0 fieldMapFile= kill=1
pillbox      cav40         maxGradient=28.77 color=1.0,0.0,0.0 frequency=0.704
                           innerLength=80 innerRadius=163 pipeThick=3
                           wallThick=0.02 irisRadius=45 collarRadialThick=5
                           collarThick=0 win1Thick=0.02 win1OuterRadius=50
                           win2Thick=0.02 winMat=Be phaseAcc=36.2
                           skinDepth=0.002 timingTolerance=0.001 maxStep=100
                           cavityMaterial=Vacuum timeOffset=-4.7e+21
                           timeIncrement=0 fieldMapFile= kill=1
pillbox      cav41         maxGradient=30.58 color=1.0,0.0,0.0 frequency=0.704
                           innerLength=80 innerRadius=163 pipeThick=3
                           wallThick=0.02 irisRadius=45 collarRadialThick=5
                           collarThick=0 win1Thick=0.02 win1OuterRadius=50
                           win2Thick=0.02 winMat=Be phaseAcc=12.91
                           skinDepth=0.002 timingTolerance=0.001 maxStep=100
                           cavityMaterial=Vacuum timeOffset=-4.7e+21
                           timeIncrement=0 fieldMapFile= kill=1
pillbox      cav42         maxGradient=29.58 color=1.0,0.0,0.0 frequency=0.704
                           innerLength=80 innerRadius=163 pipeThick=3
                           wallThick=0.02 irisRadius=45 collarRadialThick=5
                           collarThick=0 win1Thick=0.02 win1OuterRadius=50
                           win2Thick=0.02 winMat=Be phaseAcc=32.7
                           skinDepth=0.002 timingTolerance=0.001 maxStep=100
                           cavityMaterial=Vacuum timeOffset=-4.7e+21
                           timeIncrement=0 fieldMapFile= kill=1
pillbox      cav43         maxGradient=32.12 color=1.0,0.0,0.0 frequency=0.704
                           innerLength=80 innerRadius=163 pipeThick=3
                           wallThick=0.02 irisRadius=45 collarRadialThick=5
                           collarThick=0 win1Thick=0.02 win1OuterRadius=50
                           win2Thick=0.02 winMat=Be phaseAcc=27.62
                           skinDepth=0.002 timingTolerance=0.001 maxStep=100
                           cavityMaterial=Vacuum timeOffset=-4.7e+21
                           timeIncrement=0 fieldMapFile= kill=1
pillbox      cav50         maxGradient=30.75 color=1.0,0.0,0.0 frequency=0.704
                           innerLength=80 innerRadius=163 pipeThick=3
                           wallThick=0.02 irisRadius=45 collarRadialThick=5
                           collarThick=0 win1Thick=0.02 win1OuterRadius=50
                           win2Thick=0.02 winMat=Be phaseAcc=20.81
                           skinDepth=0.002 timingTolerance=0.001 maxStep=100
                           cavityMaterial=Vacuum timeOffset=-4.7e+21
                           timeIncrement=0 fieldMapFile= kill=1
pillbox      cav51         maxGradient=31.63 color=1.0,0.0,0.0 frequency=0.704
                           innerLength=80 innerRadius=163 pipeThick=3
                           wallThick=0.02 irisRadius=45 collarRadialThick=5
                           collarThick=0 win1Thick=0.02 win1OuterRadius=50
                           win2Thick=0.02 winMat=Be phaseAcc=22.85
                           skinDepth=0.002 timingTolerance=0.001 maxStep=100
                           cavityMaterial=Vacuum timeOffset=-4.7e+21
                           timeIncrement=0 fieldMapFile= kill=1
pillbox      cav52         maxGradient=31.88 color=1.0,0.0,0.0 frequency=0.704
                           innerLength=80 innerRadius=163 pipeThick=3
                           wallThick=0.02 irisRadius=45 collarRadialThick=5
                           collarThick=0 win1Thick=0.02 win1OuterRadius=50
                           win2Thick=0.02 winMat=Be phaseAcc=32.08
                           skinDepth=0.002 timingTolerance=0.001 maxStep=100
                           cavityMaterial=Vacuum timeOffset=-4.7e+21
                           timeIncrement=0 fieldMapFile= kill=1
pillbox      cav53         maxGradient=31.77 color=1.0,0.0,0.0 frequency=0.704
                           innerLength=80 innerRadius=163 pipeThick=3
                           wallThick=0.02 irisRadius=45 collarRadialThick=5
                           collarThick=0 win1Thick=0.02 win1OuterRadius=50
                           win2Thick=0.02 winMat=Be phaseAcc=37.94
                           skinDepth=0.002 timingTolerance=0.001 maxStep=100
                           cavityMaterial=Vacuum timeOffset=-4.7e+21
                           timeIncrement=0 fieldMapFile= kill=1
pillbox      cav60         maxGradient=32.08 color=1.0,0.0,0.0 frequency=0.704
                           innerLength=80 innerRadius=163 pipeThick=3
                           wallThick=0.02 irisRadius=45 collarRadialThick=5
                           collarThick=0 win1Thick=0.02 win1OuterRadius=50
                           win2Thick=0.02 winMat=Be phaseAcc=23.37
                           skinDepth=0.002 timingTolerance=0.001 maxStep=100
                           cavityMaterial=Vacuum timeOffset=-4.7e+21
                           timeIncrement=0 fieldMapFile= kill=1
pillbox      cav61         maxGradient=32.69 color=1.0,0.0,0.0 frequency=0.704
                           innerLength=80 innerRadius=163 pipeThick=3
                           wallThick=0.02 irisRadius=45 collarRadialThick=5
                           collarThick=0 win1Thick=0.02 win1OuterRadius=50
                           win2Thick=0.02 winMat=Be phaseAcc=29.88
                           skinDepth=0.002 timingTolerance=0.001 maxStep=100
                           cavityMaterial=Vacuum timeOffset=-4.7e+21
                           timeIncrement=0 fieldMapFile= kill=1
pillbox      cav62         maxGradient=31.49 color=1.0,0.0,0.0 frequency=0.704
                           innerLength=80 innerRadius=163 pipeThick=3
                           wallThick=0.02 irisRadius=45 collarRadialThick=5
                           collarThick=0 win1Thick=0.02 win1OuterRadius=50
                           win2Thick=0.02 winMat=Be phaseAcc=26.84
                           skinDepth=0.002 timingTolerance=0.001 maxStep=100
                           cavityMaterial=Vacuum timeOffset=-4.7e+21
                           timeIncrement=0 fieldMapFile= kill=1
pillbox      cav63         maxGradient=30.99 color=1.0,0.0,0.0 frequency=0.704
                           innerLength=80 innerRadius=163 pipeThick=3
                           wallThick=0.02 irisRadius=45 collarRadialThick=5
                           collarThick=0 win1Thick=0.02 win1OuterRadius=50
                           win2Thick=0.02 winMat=Be phaseAcc=21.65
                           skinDepth=0.002 timingTolerance=0.001 maxStep=100
                           cavityMaterial=Vacuum timeOffset=-4.7e+21
                           timeIncrement=0 fieldMapFile= kill=1
pillbox      cav70         maxGradient=32.23 color=1.0,0.0,0.0 frequency=0.704
                           innerLength=80 innerRadius=163 pipeThick=3
                           wallThick=0.02 irisRadius=45 collarRadialThick=5
                           collarThick=0 win1Thick=0.02 win1OuterRadius=50
                           win2Thick=0.02 winMat=Be phaseAcc=26.14
                           skinDepth=0.002 timingTolerance=0.001 maxStep=100
                           cavityMaterial=Vacuum timeOffset=-4.7e+21
                           timeIncrement=0 fieldMapFile= kill=1
pillbox      cav71         maxGradient=30.94 color=1.0,0.0,0.0 frequency=0.704
                           innerLength=80 innerRadius=163 pipeThick=3
                           wallThick=0.02 irisRadius=45 collarRadialThick=5
                           collarThick=0 win1Thick=0.02 win1OuterRadius=50
                           win2Thick=0.02 winMat=Be phaseAcc=12.03
                           skinDepth=0.002 timingTolerance=0.001 maxStep=100
                           cavityMaterial=Vacuum timeOffset=-4.7e+21
                           timeIncrement=0 fieldMapFile= kill=1
pillbox      cav72         maxGradient=30.81 color=1.0,0.0,0.0 frequency=0.704
                           innerLength=80 innerRadius=163 pipeThick=3
                           wallThick=0.02 irisRadius=45 collarRadialThick=5
                           collarThick=0 win1Thick=0.02 win1OuterRadius=50
                           win2Thick=0.02 winMat=Be phaseAcc=32.68
                           skinDepth=0.002 timingTolerance=0.001 maxStep=100
                           cavityMaterial=Vacuum timeOffset=-4.7e+21
                           timeIncrement=0 fieldMapFile= kill=1
pillbox      cav73         maxGradient=29.76 color=1.0,0.0,0.0 frequency=0.704
                           innerLength=80 innerRadius=163 pipeThick=3
                           wallThick=0.02 irisRadius=45 collarRadialThick=5
                           collarThick=0 win1Thick=0.02 win1OuterRadius=50
                           win2Thick=0.02 winMat=Be phaseAcc=42.97
                           skinDepth=0.002 timingTolerance=0.001 maxStep=100
                           cavityMaterial=Vacuum timeOffset=-4.7e+21
                           timeIncrement=0 fieldMapFile= kill=1
pillbox      cav80         maxGradient=30.92 color=1.0,0.0,0.0 frequency=0.704
                           innerLength=80 innerRadius=163 pipeThick=3
                           wallThick=0.02 irisRadius=45 collarRadialThick=5
                           collarThick=0 win1Thick=0.02 win1OuterRadius=50
                           win2Thick=0.02 winMat=Be phaseAcc=28.02
                           skinDepth=0.002 timingTolerance=0.001 maxStep=100
                           cavityMaterial=Vacuum timeOffset=-4.7e+21
                           timeIncrement=0 fieldMapFile= kill=1
pillbox      cav81         maxGradient=33.42 color=1.0,0.0,0.0 frequency=0.704
                           innerLength=80 innerRadius=163 pipeThick=3
                           wallThick=0.02 irisRadius=45 collarRadialThick=5
                           collarThick=0 win1Thick=0.02 win1OuterRadius=50
                           win2Thick=0.02 winMat=Be phaseAcc=38.07
                           skinDepth=0.002 timingTolerance=0.001 maxStep=100
                           cavityMaterial=Vacuum timeOffset=-4.7e+21
                           timeIncrement=0 fieldMapFile= kill=1
pillbox      cav82         maxGradient=32.23 color=1.0,0.0,0.0 frequency=0.704
                           innerLength=80 innerRadius=163 pipeThick=3
                           wallThick=0.02 irisRadius=45 collarRadialThick=5
                           collarThick=0 win1Thick=0.02 win1OuterRadius=50
                           win2Thick=0.02 winMat=Be phaseAcc=20.63
                           skinDepth=0.002 timingTolerance=0.001 maxStep=100
                           cavityMaterial=Vacuum timeOffset=-4.7e+21
                           timeIncrement=0 fieldMapFile= kill=1
pillbox      cav83         maxGradient=32.99 color=1.0,0.0,0.0 frequency=0.704
                           innerLength=80 innerRadius=163 pipeThick=3
                           wallThick=0.02 irisRadius=45 collarRadialThick=5
                           collarThick=0 win1Thick=0.02 win1OuterRadius=50
                           win2Thick=0.02 winMat=Be phaseAcc=16.96
                           skinDepth=0.002 timingTolerance=0.001 maxStep=100
                           cavityMaterial=Vacuum timeOffset=-4.7e+21
                           timeIncrement=0 fieldMapFile= kill=1
pillbox      cav90         maxGradient=32.6 color=1.0,0.0,0.0 frequency=0.704
                           innerLength=80 innerRadius=163 pipeThick=3
                           wallThick=0.02 irisRadius=45 collarRadialThick=5
                           collarThick=0 win1Thick=0.02 win1OuterRadius=50
                           win2Thick=0.02 winMat=Be phaseAcc=26.06
                           skinDepth=0.002 timingTolerance=0.001 maxStep=100
                           cavityMaterial=Vacuum timeOffset=-4.7e+21
                           timeIncrement=0 fieldMapFile= kill=1
pillbox      cav91         maxGradient=32.5 color=1.0,0.0,0.0 frequency=0.704
                           innerLength=80 innerRadius=163 pipeThick=3
                           wallThick=0.02 irisRadius=45 collarRadialThick=5
                           collarThick=0 win1Thick=0.02 win1OuterRadius=50
                           win2Thick=0.02 winMat=Be phaseAcc=14.15
                           skinDepth=0.002 timingTolerance=0.001 maxStep=100
                           cavityMaterial=Vacuum timeOffset=-4.7e+21
                           timeIncrement=0 fieldMapFile= kill=1
pillbox      cav92         maxGradient=30.26 color=1.0,0.0,0.0 frequency=0.704
                           innerLength=80 innerRadius=163 pipeThick=3
                           wallThick=0.02 irisRadius=45 collarRadialThick=5
                           collarThick=0 win1Thick=0.02 win1OuterRadius=50
                           win2Thick=0.02 winMat=Be phaseAcc=15.91
                           skinDepth=0.002 timingTolerance=0.001 maxStep=100
                           cavityMaterial=Vacuum timeOffset=-4.7e+21
                           timeIncrement=0 fieldMapFile= kill=1
pillbox      cav93         maxGradient=32.89 color=1.0,0.0,0.0 frequency=0.704
                           innerLength=80 innerRadius=163 pipeThick=3
                           wallThick=0.02 irisRadius=45 collarRadialThick=5
                           collarThick=0 win1Thick=0.02 win1OuterRadius=50
                           win2Thick=0.02 winMat=Be phaseAcc=14.98
                           skinDepth=0.002 timingTolerance=0.001 maxStep=100
                           cavityMaterial=Vacuum timeOffset=-4.7e+21
                           timeIncrement=0 fieldMapFile= kill=1
pillbox      cav100        maxGradient=32.2 color=1.0,0.0,0.0 frequency=0.704
                           innerLength=80 innerRadius=163 pipeThick=3
                           wallThick=0.02 irisRadius=45 collarRadialThick=5
                           collarThick=0 win1Thick=0.02 win1OuterRadius=50
                           win2Thick=0.02 winMat=Be phaseAcc=1.766
                           skinDepth=0.002 timingTolerance=0.001 maxStep=100
                           cavityMaterial=Vacuum timeOffset=-4.7e+21
                           timeIncrement=0 fieldMapFile= kill=1
pillbox      cav101        maxGradient=29.47 color=1.0,0.0,0.0 frequency=0.704
                           innerLength=80 innerRadius=163 pipeThick=3
                           wallThick=0.02 irisRadius=45 collarRadialThick=5
                           collarThick=0 win1Thick=0.02 win1OuterRadius=50
                           win2Thick=0.02 winMat=Be phaseAcc=35.09
                           skinDepth=0.002 timingTolerance=0.001 maxStep=100
                           cavityMaterial=Vacuum timeOffset=-4.7e+21
                           timeIncrement=0 fieldMapFile= kill=1
pillbox      cav102        maxGradient=31.66 color=1.0,0.0,0.0 frequency=0.704
                           innerLength=80 innerRadius=163 pipeThick=3
                           wallThick=0.02 irisRadius=45 collarRadialThick=5
                           collarThick=0 win1Thick=0.02 win1OuterRadius=50
                           win2Thick=0.02 winMat=Be phaseAcc=35.15
                           skinDepth=0.002 timingTolerance=0.001 maxStep=100
                           cavityMaterial=Vacuum timeOffset=-4.7e+21
                           timeIncrement=0 fieldMapFile= kill=1
pillbox      cav103        maxGradient=32.11 color=1.0,0.0,0.0 frequency=0.704
                           innerLength=80 innerRadius=163 pipeThick=3
                           wallThick=0.02 irisRadius=45 collarRadialThick=5
                           collarThick=0 win1Thick=0.02 win1OuterRadius=50
                           win2Thick=0.02 winMat=Be phaseAcc=42.92
                           skinDepth=0.002 timingTolerance=0.001 maxStep=100
                           cavityMaterial=Vacuum timeOffset=-4.7e+21
                           timeIncrement=0 fieldMapFile= kill=1
pillbox      cav110        maxGradient=31.4 color=1.0,0.0,0.0 frequency=0.704
                           innerLength=80 innerRadius=163 pipeThick=3
                           wallThick=0.02 irisRadius=45 collarRadialThick=5
                           collarThick=0 win1Thick=0.02 win1OuterRadius=50
                           win2Thick=0.02 winMat=Be phaseAcc=22.24
                           skinDepth=0.002 timingTolerance=0.001 maxStep=100
                           cavityMaterial=Vacuum timeOffset=-4.7e+21
                           timeIncrement=0 fieldMapFile= kill=1
pillbox      cav111        maxGradient=30.46 color=1.0,0.0,0.0 frequency=0.704
                           innerLength=80 innerRadius=163 pipeThick=3
                           wallThick=0.02 irisRadius=45 collarRadialThick=5
                           collarThick=0 win1Thick=0.02 win1OuterRadius=50
                           win2Thick=0.02 winMat=Be phaseAcc=22.43
                           skinDepth=0.002 timingTolerance=0.001 maxStep=100
                           cavityMaterial=Vacuum timeOffset=-4.7e+21
                           timeIncrement=0 fieldMapFile= kill=1
pillbox      cav112        maxGradient=32.39 color=1.0,0.0,0.0 frequency=0.704
                           innerLength=80 innerRadius=163 pipeThick=3
                           wallThick=0.02 irisRadius=45 collarRadialThick=5
                           collarThick=0 win1Thick=0.02 win1OuterRadius=50
                           win2Thick=0.02 winMat=Be phaseAcc=23.48
                           skinDepth=0.002 timingTolerance=0.001 maxStep=100
                           cavityMaterial=Vacuum timeOffset=-4.7e+21
                           timeIncrement=0 fieldMapFile= kill=1
pillbox      cav113        maxGradient=33.33 color=1.0,0.0,0.0 frequency=0.704
                           innerLength=80 innerRadius=163 pipeThick=3
                           wallThick=0.02 irisRadius=45 collarRadialThick=5
                           collarThick=0 win1Thick=0.02 win1OuterRadius=50
                           win2Thick=0.02 winMat=Be phaseAcc=29.67
                           skinDepth=0.002 timingTolerance=0.001 maxStep=100
                           cavityMaterial=Vacuum timeOffset=-4.7e+21
                           timeIncrement=0 fieldMapFile= kill=1
pillbox      cav120        maxGradient=30.31 color=1.0,0.0,0.0 frequency=0.704
                           innerLength=80 innerRadius=163 pipeThick=3
                           wallThick=0.02 irisRadius=45 collarRadialThick=5
                           collarThick=0 win1Thick=0.02 win1OuterRadius=50
                           win2Thick=0.02 winMat=Be phaseAcc=35.68
                           skinDepth=0.002 timingTolerance=0.001 maxStep=100
                           cavityMaterial=Vacuum timeOffset=-4.7e+21
                           timeIncrement=0 fieldMapFile= kill=1
pillbox      cav121        maxGradient=31.09 color=1.0,0.0,0.0 frequency=0.704
                           innerLength=80 innerRadius=163 pipeThick=3
                           wallThick=0.02 irisRadius=45 collarRadialThick=5
                           collarThick=0 win1Thick=0.02 win1OuterRadius=50
                           win2Thick=0.02 winMat=Be phaseAcc=34.14
                           skinDepth=0.002 timingTolerance=0.001 maxStep=100
                           cavityMaterial=Vacuum timeOffset=-4.7e+21
                           timeIncrement=0 fieldMapFile= kill=1
pillbox      cav122        maxGradient=33.43 color=1.0,0.0,0.0 frequency=0.704
                           innerLength=80 innerRadius=163 pipeThick=3
                           wallThick=0.02 irisRadius=45 collarRadialThick=5
                           collarThick=0 win1Thick=0.02 win1OuterRadius=50
                           win2Thick=0.02 winMat=Be phaseAcc=26.01
                           skinDepth=0.002 timingTolerance=0.001 maxStep=100
                           cavityMaterial=Vacuum timeOffset=-4.7e+21
                           timeIncrement=0 fieldMapFile= kill=1
pillbox      cav123        maxGradient=31.13 color=1.0,0.0,0.0 frequency=0.704
                           innerLength=80 innerRadius=163 pipeThick=3
                           wallThick=0.02 irisRadius=45 collarRadialThick=5
                           collarThick=0 win1Thick=0.02 win1OuterRadius=50
                           win2Thick=0.02 winMat=Be phaseAcc=26.37
                           skinDepth=0.002 timingTolerance=0.001 maxStep=100
                           cavityMaterial=Vacuum timeOffset=-4.7e+21
                           timeIncrement=0 fieldMapFile= kill=1
pillbox      cav130        maxGradient=32.82 color=1.0,0.0,0.0 frequency=0.704
                           innerLength=80 innerRadius=163 pipeThick=3
                           wallThick=0.02 irisRadius=45 collarRadialThick=5
                           collarThick=0 win1Thick=0.02 win1OuterRadius=50
                           win2Thick=0.02 winMat=Be phaseAcc=26.8
                           skinDepth=0.002 timingTolerance=0.001 maxStep=100
                           cavityMaterial=Vacuum timeOffset=-4.7e+21
                           timeIncrement=0 fieldMapFile= kill=1
pillbox      cav131        maxGradient=33.41 color=1.0,0.0,0.0 frequency=0.704
                           innerLength=80 innerRadius=163 pipeThick=3
                           wallThick=0.02 irisRadius=45 collarRadialThick=5
                           collarThick=0 win1Thick=0.02 win1OuterRadius=50
                           win2Thick=0.02 winMat=Be phaseAcc=6.42
                           skinDepth=0.002 timingTolerance=0.001 maxStep=100
                           cavityMaterial=Vacuum timeOffset=-4.7e+21
                           timeIncrement=0 fieldMapFile= kill=1
pillbox      cav132        maxGradient=31.22 color=1.0,0.0,0.0 frequency=0.704
                           innerLength=80 innerRadius=163 pipeThick=3
                           wallThick=0.02 irisRadius=45 collarRadialThick=5
                           collarThick=0 win1Thick=0.02 win1OuterRadius=50
                           win2Thick=0.02 winMat=Be phaseAcc=28.74
                           skinDepth=0.002 timingTolerance=0.001 maxStep=100
                           cavityMaterial=Vacuum timeOffset=-4.7e+21
                           timeIncrement=0 fieldMapFile= kill=1
pillbox      cav133        maxGradient=30.29 color=1.0,0.0,0.0 frequency=0.704
                           innerLength=80 innerRadius=163 pipeThick=3
                           wallThick=0.02 irisRadius=45 collarRadialThick=5
                           collarThick=0 win1Thick=0.02 win1OuterRadius=50
                           win2Thick=0.02 winMat=Be phaseAcc=27.67
                           skinDepth=0.002 timingTolerance=0.001 maxStep=100
                           cavityMaterial=Vacuum timeOffset=-4.7e+21
                           timeIncrement=0 fieldMapFile= kill=1
pillbox      cav140        maxGradient=31.44 color=1.0,0.0,0.0 frequency=0.704
                           innerLength=80 innerRadius=163 pipeThick=3
                           wallThick=0.02 irisRadius=45 collarRadialThick=5
                           collarThick=0 win1Thick=0.02 win1OuterRadius=50
                           win2Thick=0.02 winMat=Be phaseAcc=24.94
                           skinDepth=0.002 timingTolerance=0.001 maxStep=100
                           cavityMaterial=Vacuum timeOffset=-4.7e+21
                           timeIncrement=0 fieldMapFile= kill=1
pillbox      cav141        maxGradient=30.92 color=1.0,0.0,0.0 frequency=0.704
                           innerLength=80 innerRadius=163 pipeThick=3
                           wallThick=0.02 irisRadius=45 collarRadialThick=5
                           collarThick=0 win1Thick=0.02 win1OuterRadius=50
                           win2Thick=0.02 winMat=Be phaseAcc=26.11
                           skinDepth=0.002 timingTolerance=0.001 maxStep=100
                           cavityMaterial=Vacuum timeOffset=-4.7e+21
                           timeIncrement=0 fieldMapFile= kill=1
pillbox      cav142        maxGradient=32.86 color=1.0,0.0,0.0 frequency=0.704
                           innerLength=80 innerRadius=163 pipeThick=3
                           wallThick=0.02 irisRadius=45 collarRadialThick=5
                           collarThick=0 win1Thick=0.02 win1OuterRadius=50
                           win2Thick=0.02 winMat=Be phaseAcc=25.4
                           skinDepth=0.002 timingTolerance=0.001 maxStep=100
                           cavityMaterial=Vacuum timeOffset=-4.7e+21
                           timeIncrement=0 fieldMapFile= kill=1
pillbox      cav143        maxGradient=32.58 color=1.0,0.0,0.0 frequency=0.704
                           innerLength=80 innerRadius=163 pipeThick=3
                           wallThick=0.02 irisRadius=45 collarRadialThick=5
                           collarThick=0 win1Thick=0.02 win1OuterRadius=50
                           win2Thick=0.02 winMat=Be phaseAcc=3.613
                           skinDepth=0.002 timingTolerance=0.001 maxStep=100
                           cavityMaterial=Vacuum timeOffset=-4.7e+21
                           timeIncrement=0 fieldMapFile= kill=1
pillbox      cav150        maxGradient=31.49 color=1.0,0.0,0.0 frequency=0.704
                           innerLength=80 innerRadius=163 pipeThick=3
                           wallThick=0.02 irisRadius=45 collarRadialThick=5
                           collarThick=0 win1Thick=0.02 win1OuterRadius=50
                           win2Thick=0.02 winMat=Be phaseAcc=26.16
                           skinDepth=0.002 timingTolerance=0.001 maxStep=100
                           cavityMaterial=Vacuum timeOffset=-4.7e+21
                           timeIncrement=0 fieldMapFile= kill=1
pillbox      cav151        maxGradient=30.23 color=1.0,0.0,0.0 frequency=0.704
                           innerLength=80 innerRadius=163 pipeThick=3
                           wallThick=0.02 irisRadius=45 collarRadialThick=5
                           collarThick=0 win1Thick=0.02 win1OuterRadius=50
                           win2Thick=0.02 winMat=Be phaseAcc=25.02
                           skinDepth=0.002 timingTolerance=0.001 maxStep=100
                           cavityMaterial=Vacuum timeOffset=-4.7e+21
                           timeIncrement=0 fieldMapFile= kill=1
pillbox      cav152        maxGradient=31.02 color=1.0,0.0,0.0 frequency=0.704
                           innerLength=80 innerRadius=163 pipeThick=3
                           wallThick=0.02 irisRadius=45 collarRadialThick=5
                           collarThick=0 win1Thick=0.02 win1OuterRadius=50
                           win2Thick=0.02 winMat=Be phaseAcc=29.51
                           skinDepth=0.002 timingTolerance=0.001 maxStep=100
                           cavityMaterial=Vacuum timeOffset=-4.7e+21
                           timeIncrement=0 fieldMapFile= kill=1
pillbox      cav153        maxGradient=33.47 color=1.0,0.0,0.0 frequency=0.704
                           innerLength=80 innerRadius=163 pipeThick=3
                           wallThick=0.02 irisRadius=45 collarRadialThick=5
                           collarThick=0 win1Thick=0.02 win1OuterRadius=50
                           win2Thick=0.02 winMat=Be phaseAcc=27.1
                           skinDepth=0.002 timingTolerance=0.001 maxStep=100
                           cavityMaterial=Vacuum timeOffset=-4.7e+21
                           timeIncrement=0 fieldMapFile= kill=1
pillbox      cav160        maxGradient=32.29 color=1.0,0.0,0.0 frequency=0.704
                           innerLength=80 innerRadius=163 pipeThick=3
                           wallThick=0.02 irisRadius=45 collarRadialThick=5
                           collarThick=0 win1Thick=0.02 win1OuterRadius=50
                           win2Thick=0.02 winMat=Be phaseAcc=28.43
                           skinDepth=0.002 timingTolerance=0.001 maxStep=100
                           cavityMaterial=Vacuum timeOffset=-4.7e+21
                           timeIncrement=0 fieldMapFile= kill=1
pillbox      cav161        maxGradient=33.22 color=1.0,0.0,0.0 frequency=0.704
                           innerLength=80 innerRadius=163 pipeThick=3
                           wallThick=0.02 irisRadius=45 collarRadialThick=5
                           collarThick=0 win1Thick=0.02 win1OuterRadius=50
                           win2Thick=0.02 winMat=Be phaseAcc=25.33
                           skinDepth=0.002 timingTolerance=0.001 maxStep=100
                           cavityMaterial=Vacuum timeOffset=-4.7e+21
                           timeIncrement=0 fieldMapFile= kill=1
pillbox      cav162        maxGradient=32.93 color=1.0,0.0,0.0 frequency=0.704
                           innerLength=80 innerRadius=163 pipeThick=3
                           wallThick=0.02 irisRadius=45 collarRadialThick=5
                           collarThick=0 win1Thick=0.02 win1OuterRadius=50
                           win2Thick=0.02 winMat=Be phaseAcc=6.797
                           skinDepth=0.002 timingTolerance=0.001 maxStep=100
                           cavityMaterial=Vacuum timeOffset=-4.7e+21
                           timeIncrement=0 fieldMapFile= kill=1
pillbox      cav163        maxGradient=31.53 color=1.0,0.0,0.0 frequency=0.704
                           innerLength=80 innerRadius=163 pipeThick=3
                           wallThick=0.02 irisRadius=45 collarRadialThick=5
                           collarThick=0 win1Thick=0.02 win1OuterRadius=50
                           win2Thick=0.02 winMat=Be phaseAcc=23.11
                           skinDepth=0.002 timingTolerance=0.001 maxStep=100
                           cavityMaterial=Vacuum timeOffset=-4.7e+21
                           timeIncrement=0 fieldMapFile= kill=1
pillbox      cav170        maxGradient=32.82 color=1.0,0.0,0.0 frequency=0.704
                           innerLength=80 innerRadius=163 pipeThick=3
                           wallThick=0.02 irisRadius=45 collarRadialThick=5
                           collarThick=0 win1Thick=0.02 win1OuterRadius=50
                           win2Thick=0.02 winMat=Be phaseAcc=43.8
                           skinDepth=0.002 timingTolerance=0.001 maxStep=100
                           cavityMaterial=Vacuum timeOffset=-4.7e+21
                           timeIncrement=0 fieldMapFile= kill=1
pillbox      cav171        maxGradient=32.4 color=1.0,0.0,0.0 frequency=0.704
                           innerLength=80 innerRadius=163 pipeThick=3
                           wallThick=0.02 irisRadius=45 collarRadialThick=5
                           collarThick=0 win1Thick=0.02 win1OuterRadius=50
                           win2Thick=0.02 winMat=Be phaseAcc=47.19
                           skinDepth=0.002 timingTolerance=0.001 maxStep=100
                           cavityMaterial=Vacuum timeOffset=-4.7e+21
                           timeIncrement=0 fieldMapFile= kill=1
pillbox      cav172        maxGradient=31.98 color=1.0,0.0,0.0 frequency=0.704
                           innerLength=80 innerRadius=163 pipeThick=3
                           wallThick=0.02 irisRadius=45 collarRadialThick=5
                           collarThick=0 win1Thick=0.02 win1OuterRadius=50
                           win2Thick=0.02 winMat=Be phaseAcc=26.39
                           skinDepth=0.002 timingTolerance=0.001 maxStep=100
                           cavityMaterial=Vacuum timeOffset=-4.7e+21
                           timeIncrement=0 fieldMapFile= kill=1
pillbox      cav173        maxGradient=28.86 color=1.0,0.0,0.0 frequency=0.704
                           innerLength=80 innerRadius=163 pipeThick=3
                           wallThick=0.02 irisRadius=45 collarRadialThick=5
                           collarThick=0 win1Thick=0.02 win1OuterRadius=50
                           win2Thick=0.02 winMat=Be phaseAcc=22.42
                           skinDepth=0.002 timingTolerance=0.001 maxStep=100
                           cavityMaterial=Vacuum timeOffset=-4.7e+21
                           timeIncrement=0 fieldMapFile= kill=1
pillbox      cav180        maxGradient=31.52 color=1.0,0.0,0.0 frequency=0.704
                           innerLength=80 innerRadius=163 pipeThick=3
                           wallThick=0.02 irisRadius=45 collarRadialThick=5
                           collarThick=0 win1Thick=0.02 win1OuterRadius=50
                           win2Thick=0.02 winMat=Be phaseAcc=26.41
                           skinDepth=0.002 timingTolerance=0.001 maxStep=100
                           cavityMaterial=Vacuum timeOffset=-4.7e+21
                           timeIncrement=0 fieldMapFile= kill=1
pillbox      cav181        maxGradient=32.65 color=1.0,0.0,0.0 frequency=0.704
                           innerLength=80 innerRadius=163 pipeThick=3
                           wallThick=0.02 irisRadius=45 collarRadialThick=5
                           collarThick=0 win1Thick=0.02 win1OuterRadius=50
                           win2Thick=0.02 winMat=Be phaseAcc=11.78
                           skinDepth=0.002 timingTolerance=0.001 maxStep=100
                           cavityMaterial=Vacuum timeOffset=-4.7e+21
                           timeIncrement=0 fieldMapFile= kill=1
pillbox      cav182        maxGradient=32.43 color=1.0,0.0,0.0 frequency=0.704
                           innerLength=80 innerRadius=163 pipeThick=3
                           wallThick=0.02 irisRadius=45 collarRadialThick=5
                           collarThick=0 win1Thick=0.02 win1OuterRadius=50
                           win2Thick=0.02 winMat=Be phaseAcc=28.42
                           skinDepth=0.002 timingTolerance=0.001 maxStep=100
                           cavityMaterial=Vacuum timeOffset=-4.7e+21
                           timeIncrement=0 fieldMapFile= kill=1
pillbox      cav183        maxGradient=31.33 color=1.0,0.0,0.0 frequency=0.704
                           innerLength=80 innerRadius=163 pipeThick=3
                           wallThick=0.02 irisRadius=45 collarRadialThick=5
                           collarThick=0 win1Thick=0.02 win1OuterRadius=50
                           win2Thick=0.02 winMat=Be phaseAcc=31.7
                           skinDepth=0.002 timingTolerance=0.001 maxStep=100
                           cavityMaterial=Vacuum timeOffset=-4.7e+21
                           timeIncrement=0 fieldMapFile= kill=1
pillbox      cav190        maxGradient=32.61 color=1.0,0.0,0.0 frequency=0.704
                           innerLength=80 innerRadius=163 pipeThick=3
                           wallThick=0.02 irisRadius=45 collarRadialThick=5
                           collarThick=0 win1Thick=0.02 win1OuterRadius=50
                           win2Thick=0.02 winMat=Be phaseAcc=19.38
                           skinDepth=0.002 timingTolerance=0.001 maxStep=100
                           cavityMaterial=Vacuum timeOffset=-4.7e+21
                           timeIncrement=0 fieldMapFile= kill=1
pillbox      cav191        maxGradient=31.04 color=1.0,0.0,0.0 frequency=0.704
                           innerLength=80 innerRadius=163 pipeThick=3
                           wallThick=0.02 irisRadius=45 collarRadialThick=5
                           collarThick=0 win1Thick=0.02 win1OuterRadius=50
                           win2Thick=0.02 winMat=Be phaseAcc=25.9
                           skinDepth=0.002 timingTolerance=0.001 maxStep=100
                           cavityMaterial=Vacuum timeOffset=-4.7e+21
                           timeIncrement=0 fieldMapFile= kill=1
pillbox      cav192        maxGradient=32.57 color=1.0,0.0,0.0 frequency=0.704
                           innerLength=80 innerRadius=163 pipeThick=3
                           wallThick=0.02 irisRadius=45 collarRadialThick=5
                           collarThick=0 win1Thick=0.02 win1OuterRadius=50
                           win2Thick=0.02 winMat=Be phaseAcc=16.45
                           skinDepth=0.002 timingTolerance=0.001 maxStep=100
                           cavityMaterial=Vacuum timeOffset=-4.7e+21
                           timeIncrement=0 fieldMapFile= kill=1
pillbox      cav193        maxGradient=29.7 color=1.0,0.0,0.0 frequency=0.704
                           innerLength=80 innerRadius=163 pipeThick=3
                           wallThick=0.02 irisRadius=45 collarRadialThick=5
                           collarThick=0 win1Thick=0.02 win1OuterRadius=50
                           win2Thick=0.02 winMat=Be phaseAcc=16.21
                           skinDepth=0.002 timingTolerance=0.001 maxStep=100
                           cavityMaterial=Vacuum timeOffset=-4.7e+21
                           timeIncrement=0 fieldMapFile= kill=1
pillbox      cav200        maxGradient=31.99 color=1.0,0.0,0.0 frequency=0.704
                           innerLength=80 innerRadius=163 pipeThick=3
                           wallThick=0.02 irisRadius=45 collarRadialThick=5
                           collarThick=0 win1Thick=0.02 win1OuterRadius=50
                           win2Thick=0.02 winMat=Be phaseAcc=13.83
                           skinDepth=0.002 timingTolerance=0.001 maxStep=100
                           cavityMaterial=Vacuum timeOffset=-4.7e+21
                           timeIncrement=0 fieldMapFile= kill=1
pillbox      cav201        maxGradient=31.61 color=1.0,0.0,0.0 frequency=0.704
                           innerLength=80 innerRadius=163 pipeThick=3
                           wallThick=0.02 irisRadius=45 collarRadialThick=5
                           collarThick=0 win1Thick=0.02 win1OuterRadius=50
                           win2Thick=0.02 winMat=Be phaseAcc=24.43
                           skinDepth=0.002 timingTolerance=0.001 maxStep=100
                           cavityMaterial=Vacuum timeOffset=-4.7e+21
                           timeIncrement=0 fieldMapFile= kill=1
pillbox      cav202        maxGradient=32.6 color=1.0,0.0,0.0 frequency=0.704
                           innerLength=80 innerRadius=163 pipeThick=3
                           wallThick=0.02 irisRadius=45 collarRadialThick=5
                           collarThick=0 win1Thick=0.02 win1OuterRadius=50
                           win2Thick=0.02 winMat=Be phaseAcc=14.17
                           skinDepth=0.002 timingTolerance=0.001 maxStep=100
                           cavityMaterial=Vacuum timeOffset=-4.7e+21
                           timeIncrement=0 fieldMapFile= kill=1
pillbox      cav203        maxGradient=32.06 color=1.0,0.0,0.0 frequency=0.704
                           innerLength=80 innerRadius=163 pipeThick=3
                           wallThick=0.02 irisRadius=45 collarRadialThick=5
                           collarThick=0 win1Thick=0.02 win1OuterRadius=50
                           win2Thick=0.02 winMat=Be phaseAcc=23.03
                           skinDepth=0.002 timingTolerance=0.001 maxStep=100
                           cavityMaterial=Vacuum timeOffset=-4.7e+21
                           timeIncrement=0 fieldMapFile= kill=1
pillbox      cav210        maxGradient=31.19 color=1.0,0.0,0.0 frequency=0.704
                           innerLength=80 innerRadius=163 pipeThick=3
                           wallThick=0.02 irisRadius=45 collarRadialThick=5
                           collarThick=0 win1Thick=0.02 win1OuterRadius=50
                           win2Thick=0.02 winMat=Be phaseAcc=15.34
                           skinDepth=0.002 timingTolerance=0.001 maxStep=100
                           cavityMaterial=Vacuum timeOffset=-4.7e+21
                           timeIncrement=0 fieldMapFile= kill=1
pillbox      cav211        maxGradient=30.34 color=1.0,0.0,0.0 frequency=0.704
                           innerLength=80 innerRadius=163 pipeThick=3
                           wallThick=0.02 irisRadius=45 collarRadialThick=5
                           collarThick=0 win1Thick=0.02 win1OuterRadius=50
                           win2Thick=0.02 winMat=Be phaseAcc=20.7
                           skinDepth=0.002 timingTolerance=0.001 maxStep=100
                           cavityMaterial=Vacuum timeOffset=-4.7e+21
                           timeIncrement=0 fieldMapFile= kill=1
pillbox      cav212        maxGradient=31.94 color=1.0,0.0,0.0 frequency=0.704
                           innerLength=80 innerRadius=163 pipeThick=3
                           wallThick=0.02 irisRadius=45 collarRadialThick=5
                           collarThick=0 win1Thick=0.02 win1OuterRadius=50
                           win2Thick=0.02 winMat=Be phaseAcc=34.36
                           skinDepth=0.002 timingTolerance=0.001 maxStep=100
                           cavityMaterial=Vacuum timeOffset=-4.7e+21
                           timeIncrement=0 fieldMapFile= kill=1
pillbox      cav213        maxGradient=31.73 color=1.0,0.0,0.0 frequency=0.704
                           innerLength=80 innerRadius=163 pipeThick=3
                           wallThick=0.02 irisRadius=45 collarRadialThick=5
                           collarThick=0 win1Thick=0.02 win1OuterRadius=50
                           win2Thick=0.02 winMat=Be phaseAcc=20.4
                           skinDepth=0.002 timingTolerance=0.001 maxStep=100
                           cavityMaterial=Vacuum timeOffset=-4.7e+21
                           timeIncrement=0 fieldMapFile= kill=1
pillbox      cav220        maxGradient=32.08 color=1.0,0.0,0.0 frequency=0.704
                           innerLength=80 innerRadius=163 pipeThick=3
                           wallThick=0.02 irisRadius=45 collarRadialThick=5
                           collarThick=0 win1Thick=0.02 win1OuterRadius=50
                           win2Thick=0.02 winMat=Be phaseAcc=29.73
                           skinDepth=0.002 timingTolerance=0.001 maxStep=100
                           cavityMaterial=Vacuum timeOffset=-4.7e+21
                           timeIncrement=0 fieldMapFile= kill=1
pillbox      cav221        maxGradient=32.77 color=1.0,0.0,0.0 frequency=0.704
                           innerLength=80 innerRadius=163 pipeThick=3
                           wallThick=0.02 irisRadius=45 collarRadialThick=5
                           collarThick=0 win1Thick=0.02 win1OuterRadius=50
                           win2Thick=0.02 winMat=Be phaseAcc=30.08
                           skinDepth=0.002 timingTolerance=0.001 maxStep=100
                           cavityMaterial=Vacuum timeOffset=-4.7e+21
                           timeIncrement=0 fieldMapFile= kill=1
pillbox      cav222        maxGradient=31.14 color=1.0,0.0,0.0 frequency=0.704
                           innerLength=80 innerRadius=163 pipeThick=3
                           wallThick=0.02 irisRadius=45 collarRadialThick=5
                           collarThick=0 win1Thick=0.02 win1OuterRadius=50
                           win2Thick=0.02 winMat=Be phaseAcc=22.95
                           skinDepth=0.002 timingTolerance=0.001 maxStep=100
                           cavityMaterial=Vacuum timeOffset=-4.7e+21
                           timeIncrement=0 fieldMapFile= kill=1
pillbox      cav223        maxGradient=32.98 color=1.0,0.0,0.0 frequency=0.704
                           innerLength=80 innerRadius=163 pipeThick=3
                           wallThick=0.02 irisRadius=45 collarRadialThick=5
                           collarThick=0 win1Thick=0.02 win1OuterRadius=50
                           win2Thick=0.02 winMat=Be phaseAcc=11.93
                           skinDepth=0.002 timingTolerance=0.001 maxStep=100
                           cavityMaterial=Vacuum timeOffset=-4.7e+21
                           timeIncrement=0 fieldMapFile= kill=1
pillbox      cav230        maxGradient=32.76 color=1.0,0.0,0.0 frequency=0.704
                           innerLength=80 innerRadius=163 pipeThick=3
                           wallThick=0.02 irisRadius=45 collarRadialThick=5
                           collarThick=0 win1Thick=0.02 win1OuterRadius=50
                           win2Thick=0.02 winMat=Be phaseAcc=28.33
                           skinDepth=0.002 timingTolerance=0.001 maxStep=100
                           cavityMaterial=Vacuum timeOffset=-4.7e+21
                           timeIncrement=0 fieldMapFile= kill=1
pillbox      cav231        maxGradient=31.33 color=1.0,0.0,0.0 frequency=0.704
                           innerLength=80 innerRadius=163 pipeThick=3
                           wallThick=0.02 irisRadius=45 collarRadialThick=5
                           collarThick=0 win1Thick=0.02 win1OuterRadius=50
                           win2Thick=0.02 winMat=Be phaseAcc=11.93
                           skinDepth=0.002 timingTolerance=0.001 maxStep=100
                           cavityMaterial=Vacuum timeOffset=-4.7e+21
                           timeIncrement=0 fieldMapFile= kill=1
pillbox      cav232        maxGradient=30.47 color=1.0,0.0,0.0 frequency=0.704
                           innerLength=80 innerRadius=163 pipeThick=3
                           wallThick=0.02 irisRadius=45 collarRadialThick=5
                           collarThick=0 win1Thick=0.02 win1OuterRadius=50
                           win2Thick=0.02 winMat=Be phaseAcc=24.37
                           skinDepth=0.002 timingTolerance=0.001 maxStep=100
                           cavityMaterial=Vacuum timeOffset=-4.7e+21
                           timeIncrement=0 fieldMapFile= kill=1
pillbox      cav233        maxGradient=33.27 color=1.0,0.0,0.0 frequency=0.704
                           innerLength=80 innerRadius=163 pipeThick=3
                           wallThick=0.02 irisRadius=45 collarRadialThick=5
                           collarThick=0 win1Thick=0.02 win1OuterRadius=50
                           win2Thick=0.02 winMat=Be phaseAcc=28.69
                           skinDepth=0.002 timingTolerance=0.001 maxStep=100
                           cavityMaterial=Vacuum timeOffset=-4.7e+21
                           timeIncrement=0 fieldMapFile= kill=1
pillbox      cav240        maxGradient=30.72 color=1.0,0.0,0.0 frequency=0.704
                           innerLength=80 innerRadius=163 pipeThick=3
                           wallThick=0.02 irisRadius=45 collarRadialThick=5
                           collarThick=0 win1Thick=0.02 win1OuterRadius=50
                           win2Thick=0.02 winMat=Be phaseAcc=44.48
                           skinDepth=0.002 timingTolerance=0.001 maxStep=100
                           cavityMaterial=Vacuum timeOffset=-4.7e+21
                           timeIncrement=0 fieldMapFile= kill=1
pillbox      cav241        maxGradient=32.45 color=1.0,0.0,0.0 frequency=0.704
                           innerLength=80 innerRadius=163 pipeThick=3
                           wallThick=0.02 irisRadius=45 collarRadialThick=5
                           collarThick=0 win1Thick=0.02 win1OuterRadius=50
                           win2Thick=0.02 winMat=Be phaseAcc=24.29
                           skinDepth=0.002 timingTolerance=0.001 maxStep=100
                           cavityMaterial=Vacuum timeOffset=-4.7e+21
                           timeIncrement=0 fieldMapFile= kill=1
pillbox      cav242        maxGradient=31.47 color=1.0,0.0,0.0 frequency=0.704
                           innerLength=80 innerRadius=163 pipeThick=3
                           wallThick=0.02 irisRadius=45 collarRadialThick=5
                           collarThick=0 win1Thick=0.02 win1OuterRadius=50
                           win2Thick=0.02 winMat=Be phaseAcc=19.14
                           skinDepth=0.002 timingTolerance=0.001 maxStep=100
                           cavityMaterial=Vacuum timeOffset=-4.7e+21
                           timeIncrement=0 fieldMapFile= kill=1
pillbox      cav243        maxGradient=32.92 color=1.0,0.0,0.0 frequency=0.704
                           innerLength=80 innerRadius=163 pipeThick=3
                           wallThick=0.02 irisRadius=45 collarRadialThick=5
                           collarThick=0 win1Thick=0.02 win1OuterRadius=50
                           win2Thick=0.02 winMat=Be phaseAcc=22.39
                           skinDepth=0.002 timingTolerance=0.001 maxStep=100
                           cavityMaterial=Vacuum timeOffset=-4.7e+21
                           timeIncrement=0 fieldMapFile= kill=1
pillbox      cav250        maxGradient=30.42 color=1.0,0.0,0.0 frequency=0.704
                           innerLength=80 innerRadius=163 pipeThick=3
                           wallThick=0.02 irisRadius=45 collarRadialThick=5
                           collarThick=0 win1Thick=0.02 win1OuterRadius=50
                           win2Thick=0.02 winMat=Be phaseAcc=21.95
                           skinDepth=0.002 timingTolerance=0.001 maxStep=100
                           cavityMaterial=Vacuum timeOffset=-4.7e+21
                           timeIncrement=0 fieldMapFile= kill=1
pillbox      cav251        maxGradient=30.77 color=1.0,0.0,0.0 frequency=0.704
                           innerLength=80 innerRadius=163 pipeThick=3
                           wallThick=0.02 irisRadius=45 collarRadialThick=5
                           collarThick=0 win1Thick=0.02 win1OuterRadius=50
                           win2Thick=0.02 winMat=Be phaseAcc=24.05
                           skinDepth=0.002 timingTolerance=0.001 maxStep=100
                           cavityMaterial=Vacuum timeOffset=-4.7e+21
                           timeIncrement=0 fieldMapFile= kill=1
pillbox      cav252        maxGradient=31.03 color=1.0,0.0,0.0 frequency=0.704
                           innerLength=80 innerRadius=163 pipeThick=3
                           wallThick=0.02 irisRadius=45 collarRadialThick=5
                           collarThick=0 win1Thick=0.02 win1OuterRadius=50
                           win2Thick=0.02 winMat=Be phaseAcc=37.07
                           skinDepth=0.002 timingTolerance=0.001 maxStep=100
                           cavityMaterial=Vacuum timeOffset=-4.7e+21
                           timeIncrement=0 fieldMapFile= kill=1
pillbox      cav253        maxGradient=32.99 color=1.0,0.0,0.0 frequency=0.704
                           innerLength=80 innerRadius=163 pipeThick=3
                           wallThick=0.02 irisRadius=45 collarRadialThick=5
                           collarThick=0 win1Thick=0.02 win1OuterRadius=50
                           win2Thick=0.02 winMat=Be phaseAcc=19.16
                           skinDepth=0.002 timingTolerance=0.001 maxStep=100
                           cavityMaterial=Vacuum timeOffset=-4.7e+21
                           timeIncrement=0 fieldMapFile= kill=1
pillbox      cav260        maxGradient=30.94 color=1.0,0.0,0.0 frequency=0.704
                           innerLength=80 innerRadius=163 pipeThick=3
                           wallThick=0.02 irisRadius=45 collarRadialThick=5
                           collarThick=0 win1Thick=0.02 win1OuterRadius=50
                           win2Thick=0.02 winMat=Be phaseAcc=36.65
                           skinDepth=0.002 timingTolerance=0.001 maxStep=100
                           cavityMaterial=Vacuum timeOffset=-4.7e+21
                           timeIncrement=0 fieldMapFile= kill=1
pillbox      cav261        maxGradient=31.56 color=1.0,0.0,0.0 frequency=0.704
                           innerLength=80 innerRadius=163 pipeThick=3
                           wallThick=0.02 irisRadius=45 collarRadialThick=5
                           collarThick=0 win1Thick=0.02 win1OuterRadius=50
                           win2Thick=0.02 winMat=Be phaseAcc=26.93
                           skinDepth=0.002 timingTolerance=0.001 maxStep=100
                           cavityMaterial=Vacuum timeOffset=-4.7e+21
                           timeIncrement=0 fieldMapFile= kill=1
pillbox      cav262        maxGradient=33.19 color=1.0,0.0,0.0 frequency=0.704
                           innerLength=80 innerRadius=163 pipeThick=3
                           wallThick=0.02 irisRadius=45 collarRadialThick=5
                           collarThick=0 win1Thick=0.02 win1OuterRadius=50
                           win2Thick=0.02 winMat=Be phaseAcc=28.79
                           skinDepth=0.002 timingTolerance=0.001 maxStep=100
                           cavityMaterial=Vacuum timeOffset=-4.7e+21
                           timeIncrement=0 fieldMapFile= kill=1
pillbox      cav263        maxGradient=30.33 color=1.0,0.0,0.0 frequency=0.704
                           innerLength=80 innerRadius=163 pipeThick=3
                           wallThick=0.02 irisRadius=45 collarRadialThick=5
                           collarThick=0 win1Thick=0.02 win1OuterRadius=50
                           win2Thick=0.02 winMat=Be phaseAcc=13.2
                           skinDepth=0.002 timingTolerance=0.001 maxStep=100
                           cavityMaterial=Vacuum timeOffset=-4.7e+21
                           timeIncrement=0 fieldMapFile= kill=1
pillbox      cav270        maxGradient=31.97 color=1.0,0.0,0.0 frequency=0.704
                           innerLength=80 innerRadius=163 pipeThick=3
                           wallThick=0.02 irisRadius=45 collarRadialThick=5
                           collarThick=0 win1Thick=0.02 win1OuterRadius=50
                           win2Thick=0.02 winMat=Be phaseAcc=26.71
                           skinDepth=0.002 timingTolerance=0.001 maxStep=100
                           cavityMaterial=Vacuum timeOffset=-4.7e+21
                           timeIncrement=0 fieldMapFile= kill=1
pillbox      cav271        maxGradient=30.39 color=1.0,0.0,0.0 frequency=0.704
                           innerLength=80 innerRadius=163 pipeThick=3
                           wallThick=0.02 irisRadius=45 collarRadialThick=5
                           collarThick=0 win1Thick=0.02 win1OuterRadius=50
                           win2Thick=0.02 winMat=Be phaseAcc=31.68
                           skinDepth=0.002 timingTolerance=0.001 maxStep=100
                           cavityMaterial=Vacuum timeOffset=-4.7e+21
                           timeIncrement=0 fieldMapFile= kill=1
pillbox      cav272        maxGradient=31.25 color=1.0,0.0,0.0 frequency=0.704
                           innerLength=80 innerRadius=163 pipeThick=3
                           wallThick=0.02 irisRadius=45 collarRadialThick=5
                           collarThick=0 win1Thick=0.02 win1OuterRadius=50
                           win2Thick=0.02 winMat=Be phaseAcc=12.6
                           skinDepth=0.002 timingTolerance=0.001 maxStep=100
                           cavityMaterial=Vacuum timeOffset=-4.7e+21
                           timeIncrement=0 fieldMapFile= kill=1
pillbox      cav273        maxGradient=31.4 color=1.0,0.0,0.0 frequency=0.704
                           innerLength=80 innerRadius=163 pipeThick=3
                           wallThick=0.02 irisRadius=45 collarRadialThick=5
                           collarThick=0 win1Thick=0.02 win1OuterRadius=50
                           win2Thick=0.02 winMat=Be phaseAcc=29.97
                           skinDepth=0.002 timingTolerance=0.001 maxStep=100
                           cavityMaterial=Vacuum timeOffset=-4.7e+21
                           timeIncrement=0 fieldMapFile= kill=1
pillbox      cav280        maxGradient=30.32 color=1.0,0.0,0.0 frequency=0.704
                           innerLength=80 innerRadius=163 pipeThick=3
                           wallThick=0.02 irisRadius=45 collarRadialThick=5
                           collarThick=0 win1Thick=0.02 win1OuterRadius=50
                           win2Thick=0.02 winMat=Be phaseAcc=11.11
                           skinDepth=0.002 timingTolerance=0.001 maxStep=100
                           cavityMaterial=Vacuum timeOffset=-4.7e+21
                           timeIncrement=0 fieldMapFile= kill=1
pillbox      cav281        maxGradient=32.44 color=1.0,0.0,0.0 frequency=0.704
                           innerLength=80 innerRadius=163 pipeThick=3
                           wallThick=0.02 irisRadius=45 collarRadialThick=5
                           collarThick=0 win1Thick=0.02 win1OuterRadius=50
                           win2Thick=0.02 winMat=Be phaseAcc=39.52
                           skinDepth=0.002 timingTolerance=0.001 maxStep=100
                           cavityMaterial=Vacuum timeOffset=-4.7e+21
                           timeIncrement=0 fieldMapFile= kill=1
pillbox      cav282        maxGradient=32.63 color=1.0,0.0,0.0 frequency=0.704
                           innerLength=80 innerRadius=163 pipeThick=3
                           wallThick=0.02 irisRadius=45 collarRadialThick=5
                           collarThick=0 win1Thick=0.02 win1OuterRadius=50
                           win2Thick=0.02 winMat=Be phaseAcc=26.78
                           skinDepth=0.002 timingTolerance=0.001 maxStep=100
                           cavityMaterial=Vacuum timeOffset=-4.7e+21
                           timeIncrement=0 fieldMapFile= kill=1
pillbox      cav283        maxGradient=33.11 color=1.0,0.0,0.0 frequency=0.704
                           innerLength=80 innerRadius=163 pipeThick=3
                           wallThick=0.02 irisRadius=45 collarRadialThick=5
                           collarThick=0 win1Thick=0.02 win1OuterRadius=50
                           win2Thick=0.02 winMat=Be phaseAcc=26.7
                           skinDepth=0.002 timingTolerance=0.001 maxStep=100
                           cavityMaterial=Vacuum timeOffset=-4.7e+21
                           timeIncrement=0 fieldMapFile= kill=1
pillbox      cav290        maxGradient=29.87 color=1.0,0.0,0.0 frequency=0.704
                           innerLength=80 innerRadius=163 pipeThick=3
                           wallThick=0.02 irisRadius=45 collarRadialThick=5
                           collarThick=0 win1Thick=0.02 win1OuterRadius=50
                           win2Thick=0.02 winMat=Be phaseAcc=36.53
                           skinDepth=0.002 timingTolerance=0.001 maxStep=100
                           cavityMaterial=Vacuum timeOffset=-4.7e+21
                           timeIncrement=0 fieldMapFile= kill=1
pillbox      cav291        maxGradient=32.26 color=1.0,0.0,0.0 frequency=0.704
                           innerLength=80 innerRadius=163 pipeThick=3
                           wallThick=0.02 irisRadius=45 collarRadialThick=5
                           collarThick=0 win1Thick=0.02 win1OuterRadius=50
                           win2Thick=0.02 winMat=Be phaseAcc=29.69
                           skinDepth=0.002 timingTolerance=0.001 maxStep=100
                           cavityMaterial=Vacuum timeOffset=-4.7e+21
                           timeIncrement=0 fieldMapFile= kill=1
pillbox      cav292        maxGradient=31.53 color=1.0,0.0,0.0 frequency=0.704
                           innerLength=80 innerRadius=163 pipeThick=3
                           wallThick=0.02 irisRadius=45 collarRadialThick=5
                           collarThick=0 win1Thick=0.02 win1OuterRadius=50
                           win2Thick=0.02 winMat=Be phaseAcc=18.37
                           skinDepth=0.002 timingTolerance=0.001 maxStep=100
                           cavityMaterial=Vacuum timeOffset=-4.7e+21
                           timeIncrement=0 fieldMapFile= kill=1
pillbox      cav293        maxGradient=32.75 color=1.0,0.0,0.0 frequency=0.704
                           innerLength=80 innerRadius=163 pipeThick=3
                           wallThick=0.02 irisRadius=45 collarRadialThick=5
                           collarThick=0 win1Thick=0.02 win1OuterRadius=50
                           win2Thick=0.02 winMat=Be phaseAcc=24.37
                           skinDepth=0.002 timingTolerance=0.001 maxStep=100
                           cavityMaterial=Vacuum timeOffset=-4.7e+21
                           timeIncrement=0 fieldMapFile= kill=1
pillbox      cav300        maxGradient=31.77 color=1.0,0.0,0.0 frequency=0.704
                           innerLength=80 innerRadius=163 pipeThick=3
                           wallThick=0.02 irisRadius=45 collarRadialThick=5
                           collarThick=0 win1Thick=0.02 win1OuterRadius=50
                           win2Thick=0.02 winMat=Be phaseAcc=32.58
                           skinDepth=0.002 timingTolerance=0.001 maxStep=100
                           cavityMaterial=Vacuum timeOffset=-4.7e+21
                           timeIncrement=0 fieldMapFile= kill=1
pillbox      cav301        maxGradient=32.69 color=1.0,0.0,0.0 frequency=0.704
                           innerLength=80 innerRadius=163 pipeThick=3
                           wallThick=0.02 irisRadius=45 collarRadialThick=5
                           collarThick=0 win1Thick=0.02 win1OuterRadius=50
                           win2Thick=0.02 winMat=Be phaseAcc=13.62
                           skinDepth=0.002 timingTolerance=0.001 maxStep=100
                           cavityMaterial=Vacuum timeOffset=-4.7e+21
                           timeIncrement=0 fieldMapFile= kill=1
pillbox      cav302        maxGradient=31.67 color=1.0,0.0,0.0 frequency=0.704
                           innerLength=80 innerRadius=163 pipeThick=3
                           wallThick=0.02 irisRadius=45 collarRadialThick=5
                           collarThick=0 win1Thick=0.02 win1OuterRadius=50
                           win2Thick=0.02 winMat=Be phaseAcc=24.66
                           skinDepth=0.002 timingTolerance=0.001 maxStep=100
                           cavityMaterial=Vacuum timeOffset=-4.7e+21
                           timeIncrement=0 fieldMapFile= kill=1
pillbox      cav303        maxGradient=30.68 color=1.0,0.0,0.0 frequency=0.704
                           innerLength=80 innerRadius=163 pipeThick=3
                           wallThick=0.02 irisRadius=45 collarRadialThick=5
                           collarThick=0 win1Thick=0.02 win1OuterRadius=50
                           win2Thick=0.02 winMat=Be phaseAcc=40.12
                           skinDepth=0.002 timingTolerance=0.001 maxStep=100
                           cavityMaterial=Vacuum timeOffset=-4.7e+21
                           timeIncrement=0 fieldMapFile= kill=1
pillbox      cav310        maxGradient=31.33 color=1.0,0.0,0.0 frequency=0.704
                           innerLength=80 innerRadius=163 pipeThick=3
                           wallThick=0.02 irisRadius=45 collarRadialThick=5
                           collarThick=0 win1Thick=0.02 win1OuterRadius=50
                           win2Thick=0.02 winMat=Be phaseAcc=15.65
                           skinDepth=0.002 timingTolerance=0.001 maxStep=100
                           cavityMaterial=Vacuum timeOffset=-4.7e+21
                           timeIncrement=0 fieldMapFile= kill=1
pillbox      cav311        maxGradient=32.23 color=1.0,0.0,0.0 frequency=0.704
                           innerLength=80 innerRadius=163 pipeThick=3
                           wallThick=0.02 irisRadius=45 collarRadialThick=5
                           collarThick=0 win1Thick=0.02 win1OuterRadius=50
                           win2Thick=0.02 winMat=Be phaseAcc=31.27
                           skinDepth=0.002 timingTolerance=0.001 maxStep=100
                           cavityMaterial=Vacuum timeOffset=-4.7e+21
                           timeIncrement=0 fieldMapFile= kill=1
pillbox      cav312        maxGradient=31.65 color=1.0,0.0,0.0 frequency=0.704
                           innerLength=80 innerRadius=163 pipeThick=3
                           wallThick=0.02 irisRadius=45 collarRadialThick=5
                           collarThick=0 win1Thick=0.02 win1OuterRadius=50
                           win2Thick=0.02 winMat=Be phaseAcc=33.67
                           skinDepth=0.002 timingTolerance=0.001 maxStep=100
                           cavityMaterial=Vacuum timeOffset=-4.7e+21
                           timeIncrement=0 fieldMapFile= kill=1
pillbox      cav313        maxGradient=30.07 color=1.0,0.0,0.0 frequency=0.704
                           innerLength=80 innerRadius=163 pipeThick=3
                           wallThick=0.02 irisRadius=45 collarRadialThick=5
                           collarThick=0 win1Thick=0.02 win1OuterRadius=50
                           win2Thick=0.02 winMat=Be phaseAcc=21.59
                           skinDepth=0.002 timingTolerance=0.001 maxStep=100
                           cavityMaterial=Vacuum timeOffset=-4.7e+21
                           timeIncrement=0 fieldMapFile= kill=1
pillbox      cav320        maxGradient=32.71 color=1.0,0.0,0.0 frequency=0.704
                           innerLength=80 innerRadius=163 pipeThick=3
                           wallThick=0.02 irisRadius=45 collarRadialThick=5
                           collarThick=0 win1Thick=0.02 win1OuterRadius=50
                           win2Thick=0.02 winMat=Be phaseAcc=16.55
                           skinDepth=0.002 timingTolerance=0.001 maxStep=100
                           cavityMaterial=Vacuum timeOffset=-4.7e+21
                           timeIncrement=0 fieldMapFile= kill=1
pillbox      cav321        maxGradient=31.03 color=1.0,0.0,0.0 frequency=0.704
                           innerLength=80 innerRadius=163 pipeThick=3
                           wallThick=0.02 irisRadius=45 collarRadialThick=5
                           collarThick=0 win1Thick=0.02 win1OuterRadius=50
                           win2Thick=0.02 winMat=Be phaseAcc=24.52
                           skinDepth=0.002 timingTolerance=0.001 maxStep=100
                           cavityMaterial=Vacuum timeOffset=-4.7e+21
                           timeIncrement=0 fieldMapFile= kill=1
pillbox      cav322        maxGradient=32.63 color=1.0,0.0,0.0 frequency=0.704
                           innerLength=80 innerRadius=163 pipeThick=3
                           wallThick=0.02 irisRadius=45 collarRadialThick=5
                           collarThick=0 win1Thick=0.02 win1OuterRadius=50
                           win2Thick=0.02 winMat=Be phaseAcc=15.58
                           skinDepth=0.002 timingTolerance=0.001 maxStep=100
                           cavityMaterial=Vacuum timeOffset=-4.7e+21
                           timeIncrement=0 fieldMapFile= kill=1
pillbox      cav323        maxGradient=31.09 color=1.0,0.0,0.0 frequency=0.704
                           innerLength=80 innerRadius=163 pipeThick=3
                           wallThick=0.02 irisRadius=45 collarRadialThick=5
                           collarThick=0 win1Thick=0.02 win1OuterRadius=50
                           win2Thick=0.02 winMat=Be phaseAcc=20.78
                           skinDepth=0.002 timingTolerance=0.001 maxStep=100
                           cavityMaterial=Vacuum timeOffset=-4.7e+21
                           timeIncrement=0 fieldMapFile= kill=1
pillbox      cav330        maxGradient=31.81 color=1.0,0.0,0.0 frequency=0.704
                           innerLength=80 innerRadius=163 pipeThick=3
                           wallThick=0.02 irisRadius=45 collarRadialThick=5
                           collarThick=0 win1Thick=0.02 win1OuterRadius=50
                           win2Thick=0.02 winMat=Be phaseAcc=16.74
                           skinDepth=0.002 timingTolerance=0.001 maxStep=100
                           cavityMaterial=Vacuum timeOffset=-4.7e+21
                           timeIncrement=0 fieldMapFile= kill=1
pillbox      cav331        maxGradient=30.54 color=1.0,0.0,0.0 frequency=0.704
                           innerLength=80 innerRadius=163 pipeThick=3
                           wallThick=0.02 irisRadius=45 collarRadialThick=5
                           collarThick=0 win1Thick=0.02 win1OuterRadius=50
                           win2Thick=0.02 winMat=Be phaseAcc=18.96
                           skinDepth=0.002 timingTolerance=0.001 maxStep=100
                           cavityMaterial=Vacuum timeOffset=-4.7e+21
                           timeIncrement=0 fieldMapFile= kill=1
pillbox      cav332        maxGradient=31.67 color=1.0,0.0,0.0 frequency=0.704
                           innerLength=80 innerRadius=163 pipeThick=3
                           wallThick=0.02 irisRadius=45 collarRadialThick=5
                           collarThick=0 win1Thick=0.02 win1OuterRadius=50
                           win2Thick=0.02 winMat=Be phaseAcc=23.93
                           skinDepth=0.002 timingTolerance=0.001 maxStep=100
                           cavityMaterial=Vacuum timeOffset=-4.7e+21
                           timeIncrement=0 fieldMapFile= kill=1
pillbox      cav333        maxGradient=32.3 color=1.0,0.0,0.0 frequency=0.704
                           innerLength=80 innerRadius=163 pipeThick=3
                           wallThick=0.02 irisRadius=45 collarRadialThick=5
                           collarThick=0 win1Thick=0.02 win1OuterRadius=50
                           win2Thick=0.02 winMat=Be phaseAcc=20.96
                           skinDepth=0.002 timingTolerance=0.001 maxStep=100
                           cavityMaterial=Vacuum timeOffset=-4.7e+21
                           timeIncrement=0 fieldMapFile= kill=1
pillbox      cav340        maxGradient=32.87 color=1.0,0.0,0.0 frequency=0.704
                           innerLength=80 innerRadius=163 pipeThick=3
                           wallThick=0.02 irisRadius=45 collarRadialThick=5
                           collarThick=0 win1Thick=0.02 win1OuterRadius=50
                           win2Thick=0.02 winMat=Be phaseAcc=26.27
                           skinDepth=0.002 timingTolerance=0.001 maxStep=100
                           cavityMaterial=Vacuum timeOffset=-4.7e+21
                           timeIncrement=0 fieldMapFile= kill=1
pillbox      cav341        maxGradient=31.97 color=1.0,0.0,0.0 frequency=0.704
                           innerLength=80 innerRadius=163 pipeThick=3
                           wallThick=0.02 irisRadius=45 collarRadialThick=5
                           collarThick=0 win1Thick=0.02 win1OuterRadius=50
                           win2Thick=0.02 winMat=Be phaseAcc=40.67
                           skinDepth=0.002 timingTolerance=0.001 maxStep=100
                           cavityMaterial=Vacuum timeOffset=-4.7e+21
                           timeIncrement=0 fieldMapFile= kill=1
pillbox      cav342        maxGradient=31.65 color=1.0,0.0,0.0 frequency=0.704
                           innerLength=80 innerRadius=163 pipeThick=3
                           wallThick=0.02 irisRadius=45 collarRadialThick=5
                           collarThick=0 win1Thick=0.02 win1OuterRadius=50
                           win2Thick=0.02 winMat=Be phaseAcc=39.6
                           skinDepth=0.002 timingTolerance=0.001 maxStep=100
                           cavityMaterial=Vacuum timeOffset=-4.7e+21
                           timeIncrement=0 fieldMapFile= kill=1
pillbox      cav343        maxGradient=30.97 color=1.0,0.0,0.0 frequency=0.704
                           innerLength=80 innerRadius=163 pipeThick=3
                           wallThick=0.02 irisRadius=45 collarRadialThick=5
                           collarThick=0 win1Thick=0.02 win1OuterRadius=50
                           win2Thick=0.02 winMat=Be phaseAcc=10.4
                           skinDepth=0.002 timingTolerance=0.001 maxStep=100
                           cavityMaterial=Vacuum timeOffset=-4.7e+21
                           timeIncrement=0 fieldMapFile= kill=1
pillbox      cav350        maxGradient=31.6 color=1.0,0.0,0.0 frequency=0.704
                           innerLength=80 innerRadius=163 pipeThick=3
                           wallThick=0.02 irisRadius=45 collarRadialThick=5
                           collarThick=0 win1Thick=0.02 win1OuterRadius=50
                           win2Thick=0.02 winMat=Be phaseAcc=27.75
                           skinDepth=0.002 timingTolerance=0.001 maxStep=100
                           cavityMaterial=Vacuum timeOffset=-4.7e+21
                           timeIncrement=0 fieldMapFile= kill=1
pillbox      cav351        maxGradient=30.86 color=1.0,0.0,0.0 frequency=0.704
                           innerLength=80 innerRadius=163 pipeThick=3
                           wallThick=0.02 irisRadius=45 collarRadialThick=5
                           collarThick=0 win1Thick=0.02 win1OuterRadius=50
                           win2Thick=0.02 winMat=Be phaseAcc=11.74
                           skinDepth=0.002 timingTolerance=0.001 maxStep=100
                           cavityMaterial=Vacuum timeOffset=-4.7e+21
                           timeIncrement=0 fieldMapFile= kill=1
pillbox      cav352        maxGradient=32.99 color=1.0,0.0,0.0 frequency=0.704
                           innerLength=80 innerRadius=163 pipeThick=3
                           wallThick=0.02 irisRadius=45 collarRadialThick=5
                           collarThick=0 win1Thick=0.02 win1OuterRadius=50
                           win2Thick=0.02 winMat=Be phaseAcc=23.02
                           skinDepth=0.002 timingTolerance=0.001 maxStep=100
                           cavityMaterial=Vacuum timeOffset=-4.7e+21
                           timeIncrement=0 fieldMapFile= kill=1
pillbox      cav353        maxGradient=33.05 color=1.0,0.0,0.0 frequency=0.704
                           innerLength=80 innerRadius=163 pipeThick=3
                           wallThick=0.02 irisRadius=45 collarRadialThick=5
                           collarThick=0 win1Thick=0.02 win1OuterRadius=50
                           win2Thick=0.02 winMat=Be phaseAcc=31.09
                           skinDepth=0.002 timingTolerance=0.001 maxStep=100
                           cavityMaterial=Vacuum timeOffset=-4.7e+21
                           timeIncrement=0 fieldMapFile= kill=1
pillbox      cav360        maxGradient=30.83 color=1.0,0.0,0.0 frequency=0.704
                           innerLength=80 innerRadius=163 pipeThick=3
                           wallThick=0.02 irisRadius=45 collarRadialThick=5
                           collarThick=0 win1Thick=0.02 win1OuterRadius=50
                           win2Thick=0.02 winMat=Be phaseAcc=32.17
                           skinDepth=0.002 timingTolerance=0.001 maxStep=100
                           cavityMaterial=Vacuum timeOffset=-4.7e+21
                           timeIncrement=0 fieldMapFile= kill=1
pillbox      cav361        maxGradient=33.04 color=1.0,0.0,0.0 frequency=0.704
                           innerLength=80 innerRadius=163 pipeThick=3
                           wallThick=0.02 irisRadius=45 collarRadialThick=5
                           collarThick=0 win1Thick=0.02 win1OuterRadius=50
                           win2Thick=0.02 winMat=Be phaseAcc=18.53
                           skinDepth=0.002 timingTolerance=0.001 maxStep=100
                           cavityMaterial=Vacuum timeOffset=-4.7e+21
                           timeIncrement=0 fieldMapFile= kill=1
pillbox      cav362        maxGradient=31.95 color=1.0,0.0,0.0 frequency=0.704
                           innerLength=80 innerRadius=163 pipeThick=3
                           wallThick=0.02 irisRadius=45 collarRadialThick=5
                           collarThick=0 win1Thick=0.02 win1OuterRadius=50
                           win2Thick=0.02 winMat=Be phaseAcc=25.39
                           skinDepth=0.002 timingTolerance=0.001 maxStep=100
                           cavityMaterial=Vacuum timeOffset=-4.7e+21
                           timeIncrement=0 fieldMapFile= kill=1
pillbox      cav363        maxGradient=32.61 color=1.0,0.0,0.0 frequency=0.704
                           innerLength=80 innerRadius=163 pipeThick=3
                           wallThick=0.02 irisRadius=45 collarRadialThick=5
                           collarThick=0 win1Thick=0.02 win1OuterRadius=50
                           win2Thick=0.02 winMat=Be phaseAcc=25.87
                           skinDepth=0.002 timingTolerance=0.001 maxStep=100
                           cavityMaterial=Vacuum timeOffset=-4.7e+21
                           timeIncrement=0 fieldMapFile= kill=1
pillbox      cav370        maxGradient=31.77 color=1.0,0.0,0.0 frequency=0.704
                           innerLength=80 innerRadius=163 pipeThick=3
                           wallThick=0.02 irisRadius=45 collarRadialThick=5
                           collarThick=0 win1Thick=0.02 win1OuterRadius=50
                           win2Thick=0.02 winMat=Be phaseAcc=47.91
                           skinDepth=0.002 timingTolerance=0.001 maxStep=100
                           cavityMaterial=Vacuum timeOffset=-4.7e+21
                           timeIncrement=0 fieldMapFile= kill=1
pillbox      cav371        maxGradient=32.05 color=1.0,0.0,0.0 frequency=0.704
                           innerLength=80 innerRadius=163 pipeThick=3
                           wallThick=0.02 irisRadius=45 collarRadialThick=5
                           collarThick=0 win1Thick=0.02 win1OuterRadius=50
                           win2Thick=0.02 winMat=Be phaseAcc=19.95
                           skinDepth=0.002 timingTolerance=0.001 maxStep=100
                           cavityMaterial=Vacuum timeOffset=-4.7e+21
                           timeIncrement=0 fieldMapFile= kill=1
pillbox      cav372        maxGradient=32.11 color=1.0,0.0,0.0 frequency=0.704
                           innerLength=80 innerRadius=163 pipeThick=3
                           wallThick=0.02 irisRadius=45 collarRadialThick=5
                           collarThick=0 win1Thick=0.02 win1OuterRadius=50
                           win2Thick=0.02 winMat=Be phaseAcc=21.68
                           skinDepth=0.002 timingTolerance=0.001 maxStep=100
                           cavityMaterial=Vacuum timeOffset=-4.7e+21
                           timeIncrement=0 fieldMapFile= kill=1
pillbox      cav373        maxGradient=31.59 color=1.0,0.0,0.0 frequency=0.704
                           innerLength=80 innerRadius=163 pipeThick=3
                           wallThick=0.02 irisRadius=45 collarRadialThick=5
                           collarThick=0 win1Thick=0.02 win1OuterRadius=50
                           win2Thick=0.02 winMat=Be phaseAcc=35.19
                           skinDepth=0.002 timingTolerance=0.001 maxStep=100
                           cavityMaterial=Vacuum timeOffset=-4.7e+21
                           timeIncrement=0 fieldMapFile= kill=1
pillbox      cav380        maxGradient=30.75 color=1.0,0.0,0.0 frequency=0.704
                           innerLength=80 innerRadius=163 pipeThick=3
                           wallThick=0.02 irisRadius=45 collarRadialThick=5
                           collarThick=0 win1Thick=0.02 win1OuterRadius=50
                           win2Thick=0.02 winMat=Be phaseAcc=9.301
                           skinDepth=0.002 timingTolerance=0.001 maxStep=100
                           cavityMaterial=Vacuum timeOffset=-4.7e+21
                           timeIncrement=0 fieldMapFile= kill=1
pillbox      cav381        maxGradient=32.87 color=1.0,0.0,0.0 frequency=0.704
                           innerLength=80 innerRadius=163 pipeThick=3
                           wallThick=0.02 irisRadius=45 collarRadialThick=5
                           collarThick=0 win1Thick=0.02 win1OuterRadius=50
                           win2Thick=0.02 winMat=Be phaseAcc=31.12
                           skinDepth=0.002 timingTolerance=0.001 maxStep=100
                           cavityMaterial=Vacuum timeOffset=-4.7e+21
                           timeIncrement=0 fieldMapFile= kill=1
pillbox      cav382        maxGradient=32.56 color=1.0,0.0,0.0 frequency=0.704
                           innerLength=80 innerRadius=163 pipeThick=3
                           wallThick=0.02 irisRadius=45 collarRadialThick=5
                           collarThick=0 win1Thick=0.02 win1OuterRadius=50
                           win2Thick=0.02 winMat=Be phaseAcc=29.23
                           skinDepth=0.002 timingTolerance=0.001 maxStep=100
                           cavityMaterial=Vacuum timeOffset=-4.7e+21
                           timeIncrement=0 fieldMapFile= kill=1
pillbox      cav383        maxGradient=32.34 color=1.0,0.0,0.0 frequency=0.704
                           innerLength=80 innerRadius=163 pipeThick=3
                           wallThick=0.02 irisRadius=45 collarRadialThick=5
                           collarThick=0 win1Thick=0.02 win1OuterRadius=50
                           win2Thick=0.02 winMat=Be phaseAcc=32.67
                           skinDepth=0.002 timingTolerance=0.001 maxStep=100
                           cavityMaterial=Vacuum timeOffset=-4.7e+21
                           timeIncrement=0 fieldMapFile= kill=1
pillbox      cav390        maxGradient=31.86 color=1.0,0.0,0.0 frequency=0.704
                           innerLength=80 innerRadius=163 pipeThick=3
                           wallThick=0.02 irisRadius=45 collarRadialThick=5
                           collarThick=0 win1Thick=0.02 win1OuterRadius=50
                           win2Thick=0.02 winMat=Be phaseAcc=30.27
                           skinDepth=0.002 timingTolerance=0.001 maxStep=100
                           cavityMaterial=Vacuum timeOffset=-4.7e+21
                           timeIncrement=0 fieldMapFile= kill=1
pillbox      cav391        maxGradient=31.13 color=1.0,0.0,0.0 frequency=0.704
                           innerLength=80 innerRadius=163 pipeThick=3
                           wallThick=0.02 irisRadius=45 collarRadialThick=5
                           collarThick=0 win1Thick=0.02 win1OuterRadius=50
                           win2Thick=0.02 winMat=Be phaseAcc=33.95
                           skinDepth=0.002 timingTolerance=0.001 maxStep=100
                           cavityMaterial=Vacuum timeOffset=-4.7e+21
                           timeIncrement=0 fieldMapFile= kill=1
pillbox      cav392        maxGradient=31.83 color=1.0,0.0,0.0 frequency=0.704
                           innerLength=80 innerRadius=163 pipeThick=3
                           wallThick=0.02 irisRadius=45 collarRadialThick=5
                           collarThick=0 win1Thick=0.02 win1OuterRadius=50
                           win2Thick=0.02 winMat=Be phaseAcc=11.8
                           skinDepth=0.002 timingTolerance=0.001 maxStep=100
                           cavityMaterial=Vacuum timeOffset=-4.7e+21
                           timeIncrement=0 fieldMapFile= kill=1
pillbox      cav393        maxGradient=30.84 color=1.0,0.0,0.0 frequency=0.704
                           innerLength=80 innerRadius=163 pipeThick=3
                           wallThick=0.02 irisRadius=45 collarRadialThick=5
                           collarThick=0 win1Thick=0.02 win1OuterRadius=50
                           win2Thick=0.02 winMat=Be phaseAcc=34.86
                           skinDepth=0.002 timingTolerance=0.001 maxStep=100
                           cavityMaterial=Vacuum timeOffset=-4.7e+21
                           timeIncrement=0 fieldMapFile= kill=1
pillbox      cav400        maxGradient=33.3 color=1.0,0.0,0.0 frequency=0.704
                           innerLength=80 innerRadius=163 pipeThick=3
                           wallThick=0.02 irisRadius=45 collarRadialThick=5
                           collarThick=0 win1Thick=0.02 win1OuterRadius=50
                           win2Thick=0.02 winMat=Be phaseAcc=42.96
                           skinDepth=0.002 timingTolerance=0.001 maxStep=100
                           cavityMaterial=Vacuum timeOffset=-4.7e+21
                           timeIncrement=0 fieldMapFile= kill=1
pillbox      cav401        maxGradient=32.04 color=1.0,0.0,0.0 frequency=0.704
                           innerLength=80 innerRadius=163 pipeThick=3
                           wallThick=0.02 irisRadius=45 collarRadialThick=5
                           collarThick=0 win1Thick=0.02 win1OuterRadius=50
                           win2Thick=0.02 winMat=Be phaseAcc=20.39
                           skinDepth=0.002 timingTolerance=0.001 maxStep=100
                           cavityMaterial=Vacuum timeOffset=-4.7e+21
                           timeIncrement=0 fieldMapFile= kill=1
pillbox      cav402        maxGradient=32.85 color=1.0,0.0,0.0 frequency=0.704
                           innerLength=80 innerRadius=163 pipeThick=3
                           wallThick=0.02 irisRadius=45 collarRadialThick=5
                           collarThick=0 win1Thick=0.02 win1OuterRadius=50
                           win2Thick=0.02 winMat=Be phaseAcc=29.87
                           skinDepth=0.002 timingTolerance=0.001 maxStep=100
                           cavityMaterial=Vacuum timeOffset=-4.7e+21
                           timeIncrement=0 fieldMapFile= kill=1
pillbox      cav403        maxGradient=33.1 color=1.0,0.0,0.0 frequency=0.704
                           innerLength=80 innerRadius=163 pipeThick=3
                           wallThick=0.02 irisRadius=45 collarRadialThick=5
                           collarThick=0 win1Thick=0.02 win1OuterRadius=50
                           win2Thick=0.02 winMat=Be phaseAcc=25.65
                           skinDepth=0.002 timingTolerance=0.001 maxStep=100
                           cavityMaterial=Vacuum timeOffset=-4.7e+21
                           timeIncrement=0 fieldMapFile= kill=1
pillbox      cav410        maxGradient=31.15 color=1.0,0.0,0.0 frequency=0.704
                           innerLength=80 innerRadius=163 pipeThick=3
                           wallThick=0.02 irisRadius=45 collarRadialThick=5
                           collarThick=0 win1Thick=0.02 win1OuterRadius=50
                           win2Thick=0.02 winMat=Be phaseAcc=23.47
                           skinDepth=0.002 timingTolerance=0.001 maxStep=100
                           cavityMaterial=Vacuum timeOffset=-4.7e+21
                           timeIncrement=0 fieldMapFile= kill=1
pillbox      cav411        maxGradient=32.85 color=1.0,0.0,0.0 frequency=0.704
                           innerLength=80 innerRadius=163 pipeThick=3
                           wallThick=0.02 irisRadius=45 collarRadialThick=5
                           collarThick=0 win1Thick=0.02 win1OuterRadius=50
                           win2Thick=0.02 winMat=Be phaseAcc=12.69
                           skinDepth=0.002 timingTolerance=0.001 maxStep=100
                           cavityMaterial=Vacuum timeOffset=-4.7e+21
                           timeIncrement=0 fieldMapFile= kill=1
pillbox      cav412        maxGradient=30.24 color=1.0,0.0,0.0 frequency=0.704
                           innerLength=80 innerRadius=163 pipeThick=3
                           wallThick=0.02 irisRadius=45 collarRadialThick=5
                           collarThick=0 win1Thick=0.02 win1OuterRadius=50
                           win2Thick=0.02 winMat=Be phaseAcc=28.92
                           skinDepth=0.002 timingTolerance=0.001 maxStep=100
                           cavityMaterial=Vacuum timeOffset=-4.7e+21
                           timeIncrement=0 fieldMapFile= kill=1
pillbox      cav413        maxGradient=31.11 color=1.0,0.0,0.0 frequency=0.704
                           innerLength=80 innerRadius=163 pipeThick=3
                           wallThick=0.02 irisRadius=45 collarRadialThick=5
                           collarThick=0 win1Thick=0.02 win1OuterRadius=50
                           win2Thick=0.02 winMat=Be phaseAcc=21.62
                           skinDepth=0.002 timingTolerance=0.001 maxStep=100
                           cavityMaterial=Vacuum timeOffset=-4.7e+21
                           timeIncrement=0 fieldMapFile= kill=1
pillbox      cav420        maxGradient=31.45 color=1.0,0.0,0.0 frequency=0.704
                           innerLength=80 innerRadius=163 pipeThick=3
                           wallThick=0.02 irisRadius=45 collarRadialThick=5
                           collarThick=0 win1Thick=0.02 win1OuterRadius=50
                           win2Thick=0.02 winMat=Be phaseAcc=46.21
                           skinDepth=0.002 timingTolerance=0.001 maxStep=100
                           cavityMaterial=Vacuum timeOffset=-4.7e+21
                           timeIncrement=0 fieldMapFile= kill=1
pillbox      cav421        maxGradient=33.17 color=1.0,0.0,0.0 frequency=0.704
                           innerLength=80 innerRadius=163 pipeThick=3
                           wallThick=0.02 irisRadius=45 collarRadialThick=5
                           collarThick=0 win1Thick=0.02 win1OuterRadius=50
                           win2Thick=0.02 winMat=Be phaseAcc=22.4
                           skinDepth=0.002 timingTolerance=0.001 maxStep=100
                           cavityMaterial=Vacuum timeOffset=-4.7e+21
                           timeIncrement=0 fieldMapFile= kill=1
pillbox      cav422        maxGradient=31.43 color=1.0,0.0,0.0 frequency=0.704
                           innerLength=80 innerRadius=163 pipeThick=3
                           wallThick=0.02 irisRadius=45 collarRadialThick=5
                           collarThick=0 win1Thick=0.02 win1OuterRadius=50
                           win2Thick=0.02 winMat=Be phaseAcc=37.34
                           skinDepth=0.002 timingTolerance=0.001 maxStep=100
                           cavityMaterial=Vacuum timeOffset=-4.7e+21
                           timeIncrement=0 fieldMapFile= kill=1
pillbox      cav423        maxGradient=30.59 color=1.0,0.0,0.0 frequency=0.704
                           innerLength=80 innerRadius=163 pipeThick=3
                           wallThick=0.02 irisRadius=45 collarRadialThick=5
                           collarThick=0 win1Thick=0.02 win1OuterRadius=50
                           win2Thick=0.02 winMat=Be phaseAcc=26.16
                           skinDepth=0.002 timingTolerance=0.001 maxStep=100
                           cavityMaterial=Vacuum timeOffset=-4.7e+21
                           timeIncrement=0 fieldMapFile= kill=1
pillbox      cav430        maxGradient=32.4 color=1.0,0.0,0.0 frequency=0.704
                           innerLength=80 innerRadius=163 pipeThick=3
                           wallThick=0.02 irisRadius=45 collarRadialThick=5
                           collarThick=0 win1Thick=0.02 win1OuterRadius=50
                           win2Thick=0.02 winMat=Be phaseAcc=11.14
                           skinDepth=0.002 timingTolerance=0.001 maxStep=100
                           cavityMaterial=Vacuum timeOffset=-4.7e+21
                           timeIncrement=0 fieldMapFile= kill=1
pillbox      cav431        maxGradient=32.32 color=1.0,0.0,0.0 frequency=0.704
                           innerLength=80 innerRadius=163 pipeThick=3
                           wallThick=0.02 irisRadius=45 collarRadialThick=5
                           collarThick=0 win1Thick=0.02 win1OuterRadius=50
                           win2Thick=0.02 winMat=Be phaseAcc=22.52
                           skinDepth=0.002 timingTolerance=0.001 maxStep=100
                           cavityMaterial=Vacuum timeOffset=-4.7e+21
                           timeIncrement=0 fieldMapFile= kill=1
pillbox      cav432        maxGradient=32.86 color=1.0,0.0,0.0 frequency=0.704
                           innerLength=80 innerRadius=163 pipeThick=3
                           wallThick=0.02 irisRadius=45 collarRadialThick=5
                           collarThick=0 win1Thick=0.02 win1OuterRadius=50
                           win2Thick=0.02 winMat=Be phaseAcc=39.51
                           skinDepth=0.002 timingTolerance=0.001 maxStep=100
                           cavityMaterial=Vacuum timeOffset=-4.7e+21
                           timeIncrement=0 fieldMapFile= kill=1
pillbox      cav433        maxGradient=31.73 color=1.0,0.0,0.0 frequency=0.704
                           innerLength=80 innerRadius=163 pipeThick=3
                           wallThick=0.02 irisRadius=45 collarRadialThick=5
                           collarThick=0 win1Thick=0.02 win1OuterRadius=50
                           win2Thick=0.02 winMat=Be phaseAcc=42.51
                           skinDepth=0.002 timingTolerance=0.001 maxStep=100
                           cavityMaterial=Vacuum timeOffset=-4.7e+21
                           timeIncrement=0 fieldMapFile= kill=1
pillbox      cav440        maxGradient=30.48 color=1.0,0.0,0.0 frequency=0.704
                           innerLength=80 innerRadius=163 pipeThick=3
                           wallThick=0.02 irisRadius=45 collarRadialThick=5
                           collarThick=0 win1Thick=0.02 win1OuterRadius=50
                           win2Thick=0.02 winMat=Be phaseAcc=36.6
                           skinDepth=0.002 timingTolerance=0.001 maxStep=100
                           cavityMaterial=Vacuum timeOffset=-4.7e+21
                           timeIncrement=0 fieldMapFile= kill=1
pillbox      cav441        maxGradient=31.32 color=1.0,0.0,0.0 frequency=0.704
                           innerLength=80 innerRadius=163 pipeThick=3
                           wallThick=0.02 irisRadius=45 collarRadialThick=5
                           collarThick=0 win1Thick=0.02 win1OuterRadius=50
                           win2Thick=0.02 winMat=Be phaseAcc=26.65
                           skinDepth=0.002 timingTolerance=0.001 maxStep=100
                           cavityMaterial=Vacuum timeOffset=-4.7e+21
                           timeIncrement=0 fieldMapFile= kill=1
pillbox      cav442        maxGradient=31.79 color=1.0,0.0,0.0 frequency=0.704
                           innerLength=80 innerRadius=163 pipeThick=3
                           wallThick=0.02 irisRadius=45 collarRadialThick=5
                           collarThick=0 win1Thick=0.02 win1OuterRadius=50
                           win2Thick=0.02 winMat=Be phaseAcc=35.09
                           skinDepth=0.002 timingTolerance=0.001 maxStep=100
                           cavityMaterial=Vacuum timeOffset=-4.7e+21
                           timeIncrement=0 fieldMapFile= kill=1
pillbox      cav443        maxGradient=31.01 color=1.0,0.0,0.0 frequency=0.704
                           innerLength=80 innerRadius=163 pipeThick=3
                           wallThick=0.02 irisRadius=45 collarRadialThick=5
                           collarThick=0 win1Thick=0.02 win1OuterRadius=50
                           win2Thick=0.02 winMat=Be phaseAcc=38.25
                           skinDepth=0.002 timingTolerance=0.001 maxStep=100
                           cavityMaterial=Vacuum timeOffset=-4.7e+21
                           timeIncrement=0 fieldMapFile= kill=1
pillbox      cav450        maxGradient=32.15 color=1.0,0.0,0.0 frequency=0.704
                           innerLength=80 innerRadius=163 pipeThick=3
                           wallThick=0.02 irisRadius=45 collarRadialThick=5
                           collarThick=0 win1Thick=0.02 win1OuterRadius=50
                           win2Thick=0.02 winMat=Be phaseAcc=23.88
                           skinDepth=0.002 timingTolerance=0.001 maxStep=100
                           cavityMaterial=Vacuum timeOffset=-4.7e+21
                           timeIncrement=0 fieldMapFile= kill=1
pillbox      cav451        maxGradient=31.61 color=1.0,0.0,0.0 frequency=0.704
                           innerLength=80 innerRadius=163 pipeThick=3
                           wallThick=0.02 irisRadius=45 collarRadialThick=5
                           collarThick=0 win1Thick=0.02 win1OuterRadius=50
                           win2Thick=0.02 winMat=Be phaseAcc=29.58
                           skinDepth=0.002 timingTolerance=0.001 maxStep=100
                           cavityMaterial=Vacuum timeOffset=-4.7e+21
                           timeIncrement=0 fieldMapFile= kill=1
pillbox      cav452        maxGradient=31.16 color=1.0,0.0,0.0 frequency=0.704
                           innerLength=80 innerRadius=163 pipeThick=3
                           wallThick=0.02 irisRadius=45 collarRadialThick=5
                           collarThick=0 win1Thick=0.02 win1OuterRadius=50
                           win2Thick=0.02 winMat=Be phaseAcc=31.42
                           skinDepth=0.002 timingTolerance=0.001 maxStep=100
                           cavityMaterial=Vacuum timeOffset=-4.7e+21
                           timeIncrement=0 fieldMapFile= kill=1
pillbox      cav453        maxGradient=30.08 color=1.0,0.0,0.0 frequency=0.704
                           innerLength=80 innerRadius=163 pipeThick=3
                           wallThick=0.02 irisRadius=45 collarRadialThick=5
                           collarThick=0 win1Thick=0.02 win1OuterRadius=50
                           win2Thick=0.02 winMat=Be phaseAcc=18.69
                           skinDepth=0.002 timingTolerance=0.001 maxStep=100
                           cavityMaterial=Vacuum timeOffset=-4.7e+21
                           timeIncrement=0 fieldMapFile= kill=1
pillbox      cav460        maxGradient=32.09 color=1.0,0.0,0.0 frequency=0.704
                           innerLength=80 innerRadius=163 pipeThick=3
                           wallThick=0.02 irisRadius=45 collarRadialThick=5
                           collarThick=0 win1Thick=0.02 win1OuterRadius=50
                           win2Thick=0.02 winMat=Be phaseAcc=34.06
                           skinDepth=0.002 timingTolerance=0.001 maxStep=100
                           cavityMaterial=Vacuum timeOffset=-4.7e+21
                           timeIncrement=0 fieldMapFile= kill=1
pillbox      cav461        maxGradient=32.11 color=1.0,0.0,0.0 frequency=0.704
                           innerLength=80 innerRadius=163 pipeThick=3
                           wallThick=0.02 irisRadius=45 collarRadialThick=5
                           collarThick=0 win1Thick=0.02 win1OuterRadius=50
                           win2Thick=0.02 winMat=Be phaseAcc=8.83
                           skinDepth=0.002 timingTolerance=0.001 maxStep=100
                           cavityMaterial=Vacuum timeOffset=-4.7e+21
                           timeIncrement=0 fieldMapFile= kill=1
pillbox      cav462        maxGradient=31.08 color=1.0,0.0,0.0 frequency=0.704
                           innerLength=80 innerRadius=163 pipeThick=3
                           wallThick=0.02 irisRadius=45 collarRadialThick=5
                           collarThick=0 win1Thick=0.02 win1OuterRadius=50
                           win2Thick=0.02 winMat=Be phaseAcc=43.33
                           skinDepth=0.002 timingTolerance=0.001 maxStep=100
                           cavityMaterial=Vacuum timeOffset=-4.7e+21
                           timeIncrement=0 fieldMapFile= kill=1
pillbox      cav463        maxGradient=33.54 color=1.0,0.0,0.0 frequency=0.704
                           innerLength=80 innerRadius=163 pipeThick=3
                           wallThick=0.02 irisRadius=45 collarRadialThick=5
                           collarThick=0 win1Thick=0.02 win1OuterRadius=50
                           win2Thick=0.02 winMat=Be phaseAcc=7.829
                           skinDepth=0.002 timingTolerance=0.001 maxStep=100
                           cavityMaterial=Vacuum timeOffset=-4.7e+21
                           timeIncrement=0 fieldMapFile= kill=1
pillbox      cav470        maxGradient=33.14 color=1.0,0.0,0.0 frequency=0.704
                           innerLength=80 innerRadius=163 pipeThick=3
                           wallThick=0.02 irisRadius=45 collarRadialThick=5
                           collarThick=0 win1Thick=0.02 win1OuterRadius=50
                           win2Thick=0.02 winMat=Be phaseAcc=25.28
                           skinDepth=0.002 timingTolerance=0.001 maxStep=100
                           cavityMaterial=Vacuum timeOffset=-4.7e+21
                           timeIncrement=0 fieldMapFile= kill=1
pillbox      cav471        maxGradient=32.88 color=1.0,0.0,0.0 frequency=0.704
                           innerLength=80 innerRadius=163 pipeThick=3
                           wallThick=0.02 irisRadius=45 collarRadialThick=5
                           collarThick=0 win1Thick=0.02 win1OuterRadius=50
                           win2Thick=0.02 winMat=Be phaseAcc=31.9
                           skinDepth=0.002 timingTolerance=0.001 maxStep=100
                           cavityMaterial=Vacuum timeOffset=-4.7e+21
                           timeIncrement=0 fieldMapFile= kill=1
pillbox      cav472        maxGradient=31.03 color=1.0,0.0,0.0 frequency=0.704
                           innerLength=80 innerRadius=163 pipeThick=3
                           wallThick=0.02 irisRadius=45 collarRadialThick=5
                           collarThick=0 win1Thick=0.02 win1OuterRadius=50
                           win2Thick=0.02 winMat=Be phaseAcc=21.42
                           skinDepth=0.002 timingTolerance=0.001 maxStep=100
                           cavityMaterial=Vacuum timeOffset=-4.7e+21
                           timeIncrement=0 fieldMapFile= kill=1
pillbox      cav473        maxGradient=31.21 color=1.0,0.0,0.0 frequency=0.704
                           innerLength=80 innerRadius=163 pipeThick=3
                           wallThick=0.02 irisRadius=45 collarRadialThick=5
                           collarThick=0 win1Thick=0.02 win1OuterRadius=50
                           win2Thick=0.02 winMat=Be phaseAcc=8.812
                           skinDepth=0.002 timingTolerance=0.001 maxStep=100
                           cavityMaterial=Vacuum timeOffset=-4.7e+21
                           timeIncrement=0 fieldMapFile= kill=1
pillbox      cav480        maxGradient=32.47 color=1.0,0.0,0.0 frequency=0.704
                           innerLength=80 innerRadius=163 pipeThick=3
                           wallThick=0.02 irisRadius=45 collarRadialThick=5
                           collarThick=0 win1Thick=0.02 win1OuterRadius=50
                           win2Thick=0.02 winMat=Be phaseAcc=31.26
                           skinDepth=0.002 timingTolerance=0.001 maxStep=100
                           cavityMaterial=Vacuum timeOffset=-4.7e+21
                           timeIncrement=0 fieldMapFile= kill=1
pillbox      cav481        maxGradient=31.77 color=1.0,0.0,0.0 frequency=0.704
                           innerLength=80 innerRadius=163 pipeThick=3
                           wallThick=0.02 irisRadius=45 collarRadialThick=5
                           collarThick=0 win1Thick=0.02 win1OuterRadius=50
                           win2Thick=0.02 winMat=Be phaseAcc=1.545
                           skinDepth=0.002 timingTolerance=0.001 maxStep=100
                           cavityMaterial=Vacuum timeOffset=-4.7e+21
                           timeIncrement=0 fieldMapFile= kill=1
pillbox      cav482        maxGradient=31.89 color=1.0,0.0,0.0 frequency=0.704
                           innerLength=80 innerRadius=163 pipeThick=3
                           wallThick=0.02 irisRadius=45 collarRadialThick=5
                           collarThick=0 win1Thick=0.02 win1OuterRadius=50
                           win2Thick=0.02 winMat=Be phaseAcc=42.08
                           skinDepth=0.002 timingTolerance=0.001 maxStep=100
                           cavityMaterial=Vacuum timeOffset=-4.7e+21
                           timeIncrement=0 fieldMapFile= kill=1
pillbox      cav483        maxGradient=33.23 color=1.0,0.0,0.0 frequency=0.704
                           innerLength=80 innerRadius=163 pipeThick=3
                           wallThick=0.02 irisRadius=45 collarRadialThick=5
                           collarThick=0 win1Thick=0.02 win1OuterRadius=50
                           win2Thick=0.02 winMat=Be phaseAcc=25.32
                           skinDepth=0.002 timingTolerance=0.001 maxStep=100
                           cavityMaterial=Vacuum timeOffset=-4.7e+21
                           timeIncrement=0 fieldMapFile= kill=1
pillbox      cav490        maxGradient=31.39 color=1.0,0.0,0.0 frequency=0.704
                           innerLength=80 innerRadius=163 pipeThick=3
                           wallThick=0.02 irisRadius=45 collarRadialThick=5
                           collarThick=0 win1Thick=0.02 win1OuterRadius=50
                           win2Thick=0.02 winMat=Be phaseAcc=39
                           skinDepth=0.002 timingTolerance=0.001 maxStep=100
                           cavityMaterial=Vacuum timeOffset=-4.7e+21
                           timeIncrement=0 fieldMapFile= kill=1
pillbox      cav491        maxGradient=30.18 color=1.0,0.0,0.0 frequency=0.704
                           innerLength=80 innerRadius=163 pipeThick=3
                           wallThick=0.02 irisRadius=45 collarRadialThick=5
                           collarThick=0 win1Thick=0.02 win1OuterRadius=50
                           win2Thick=0.02 winMat=Be phaseAcc=30.01
                           skinDepth=0.002 timingTolerance=0.001 maxStep=100
                           cavityMaterial=Vacuum timeOffset=-4.7e+21
                           timeIncrement=0 fieldMapFile= kill=1
pillbox      cav492        maxGradient=29.35 color=1.0,0.0,0.0 frequency=0.704
                           innerLength=80 innerRadius=163 pipeThick=3
                           wallThick=0.02 irisRadius=45 collarRadialThick=5
                           collarThick=0 win1Thick=0.02 win1OuterRadius=50
                           win2Thick=0.02 winMat=Be phaseAcc=29.6
                           skinDepth=0.002 timingTolerance=0.001 maxStep=100
                           cavityMaterial=Vacuum timeOffset=-4.7e+21
                           timeIncrement=0 fieldMapFile= kill=1
pillbox      cav493        maxGradient=32.52 color=1.0,0.0,0.0 frequency=0.704
                           innerLength=80 innerRadius=163 pipeThick=3
                           wallThick=0.02 irisRadius=45 collarRadialThick=5
                           collarThick=0 win1Thick=0.02 win1OuterRadius=50
                           win2Thick=0.02 winMat=Be phaseAcc=4.856
                           skinDepth=0.002 timingTolerance=0.001 maxStep=100
                           cavityMaterial=Vacuum timeOffset=-4.7e+21
                           timeIncrement=0 fieldMapFile= kill=1
pillbox      cav500        maxGradient=31.27 color=1.0,0.0,0.0 frequency=0.704
                           innerLength=80 innerRadius=163 pipeThick=3
                           wallThick=0.02 irisRadius=45 collarRadialThick=5
                           collarThick=0 win1Thick=0.02 win1OuterRadius=50
                           win2Thick=0.02 winMat=Be phaseAcc=13.88
                           skinDepth=0.002 timingTolerance=0.001 maxStep=100
                           cavityMaterial=Vacuum timeOffset=-4.7e+21
                           timeIncrement=0 fieldMapFile= kill=1
pillbox      cav501        maxGradient=32.15 color=1.0,0.0,0.0 frequency=0.704
                           innerLength=80 innerRadius=163 pipeThick=3
                           wallThick=0.02 irisRadius=45 collarRadialThick=5
                           collarThick=0 win1Thick=0.02 win1OuterRadius=50
                           win2Thick=0.02 winMat=Be phaseAcc=27.86
                           skinDepth=0.002 timingTolerance=0.001 maxStep=100
                           cavityMaterial=Vacuum timeOffset=-4.7e+21
                           timeIncrement=0 fieldMapFile= kill=1
pillbox      cav502        maxGradient=33.07 color=1.0,0.0,0.0 frequency=0.704
                           innerLength=80 innerRadius=163 pipeThick=3
                           wallThick=0.02 irisRadius=45 collarRadialThick=5
                           collarThick=0 win1Thick=0.02 win1OuterRadius=50
                           win2Thick=0.02 winMat=Be phaseAcc=29.03
                           skinDepth=0.002 timingTolerance=0.001 maxStep=100
                           cavityMaterial=Vacuum timeOffset=-4.7e+21
                           timeIncrement=0 fieldMapFile= kill=1
pillbox      cav503        maxGradient=31.2 color=1.0,0.0,0.0 frequency=0.704
                           innerLength=80 innerRadius=163 pipeThick=3
                           wallThick=0.02 irisRadius=45 collarRadialThick=5
                           collarThick=0 win1Thick=0.02 win1OuterRadius=50
                           win2Thick=0.02 winMat=Be phaseAcc=23.99
                           skinDepth=0.002 timingTolerance=0.001 maxStep=100
                           cavityMaterial=Vacuum timeOffset=-4.7e+21
                           timeIncrement=0 fieldMapFile= kill=1
pillbox      cav510        maxGradient=30.87 color=1.0,0.0,0.0 frequency=0.704
                           innerLength=80 innerRadius=163 pipeThick=3
                           wallThick=0.02 irisRadius=45 collarRadialThick=5
                           collarThick=0 win1Thick=0.02 win1OuterRadius=50
                           win2Thick=0.02 winMat=Be phaseAcc=24.23
                           skinDepth=0.002 timingTolerance=0.001 maxStep=100
                           cavityMaterial=Vacuum timeOffset=-4.7e+21
                           timeIncrement=0 fieldMapFile= kill=1
pillbox      cav511        maxGradient=31.75 color=1.0,0.0,0.0 frequency=0.704
                           innerLength=80 innerRadius=163 pipeThick=3
                           wallThick=0.02 irisRadius=45 collarRadialThick=5
                           collarThick=0 win1Thick=0.02 win1OuterRadius=50
                           win2Thick=0.02 winMat=Be phaseAcc=17.21
                           skinDepth=0.002 timingTolerance=0.001 maxStep=100
                           cavityMaterial=Vacuum timeOffset=-4.7e+21
                           timeIncrement=0 fieldMapFile= kill=1
pillbox      cav512        maxGradient=31.83 color=1.0,0.0,0.0 frequency=0.704
                           innerLength=80 innerRadius=163 pipeThick=3
                           wallThick=0.02 irisRadius=45 collarRadialThick=5
                           collarThick=0 win1Thick=0.02 win1OuterRadius=50
                           win2Thick=0.02 winMat=Be phaseAcc=30.12
                           skinDepth=0.002 timingTolerance=0.001 maxStep=100
                           cavityMaterial=Vacuum timeOffset=-4.7e+21
                           timeIncrement=0 fieldMapFile= kill=1
pillbox      cav513        maxGradient=30.65 color=1.0,0.0,0.0 frequency=0.704
                           innerLength=80 innerRadius=163 pipeThick=3
                           wallThick=0.02 irisRadius=45 collarRadialThick=5
                           collarThick=0 win1Thick=0.02 win1OuterRadius=50
                           win2Thick=0.02 winMat=Be phaseAcc=32.08
                           skinDepth=0.002 timingTolerance=0.001 maxStep=100
                           cavityMaterial=Vacuum timeOffset=-4.7e+21
                           timeIncrement=0 fieldMapFile= kill=1
pillbox      cav520        maxGradient=31.72 color=1.0,0.0,0.0 frequency=0.704
                           innerLength=80 innerRadius=163 pipeThick=3
                           wallThick=0.02 irisRadius=45 collarRadialThick=5
                           collarThick=0 win1Thick=0.02 win1OuterRadius=50
                           win2Thick=0.02 winMat=Be phaseAcc=36.54
                           skinDepth=0.002 timingTolerance=0.001 maxStep=100
                           cavityMaterial=Vacuum timeOffset=-4.7e+21
                           timeIncrement=0 fieldMapFile= kill=1
pillbox      cav521        maxGradient=32.49 color=1.0,0.0,0.0 frequency=0.704
                           innerLength=80 innerRadius=163 pipeThick=3
                           wallThick=0.02 irisRadius=45 collarRadialThick=5
                           collarThick=0 win1Thick=0.02 win1OuterRadius=50
                           win2Thick=0.02 winMat=Be phaseAcc=28.55
                           skinDepth=0.002 timingTolerance=0.001 maxStep=100
                           cavityMaterial=Vacuum timeOffset=-4.7e+21
                           timeIncrement=0 fieldMapFile= kill=1
pillbox      cav522        maxGradient=32.76 color=1.0,0.0,0.0 frequency=0.704
                           innerLength=80 innerRadius=163 pipeThick=3
                           wallThick=0.02 irisRadius=45 collarRadialThick=5
                           collarThick=0 win1Thick=0.02 win1OuterRadius=50
                           win2Thick=0.02 winMat=Be phaseAcc=41.26
                           skinDepth=0.002 timingTolerance=0.001 maxStep=100
                           cavityMaterial=Vacuum timeOffset=-4.7e+21
                           timeIncrement=0 fieldMapFile= kill=1
pillbox      cav523        maxGradient=32.79 color=1.0,0.0,0.0 frequency=0.704
                           innerLength=80 innerRadius=163 pipeThick=3
                           wallThick=0.02 irisRadius=45 collarRadialThick=5
                           collarThick=0 win1Thick=0.02 win1OuterRadius=50
                           win2Thick=0.02 winMat=Be phaseAcc=18.23
                           skinDepth=0.002 timingTolerance=0.001 maxStep=100
                           cavityMaterial=Vacuum timeOffset=-4.7e+21
                           timeIncrement=0 fieldMapFile= kill=1
pillbox      cav530        maxGradient=30.83 color=1.0,0.0,0.0 frequency=0.704
                           innerLength=80 innerRadius=163 pipeThick=3
                           wallThick=0.02 irisRadius=45 collarRadialThick=5
                           collarThick=0 win1Thick=0.02 win1OuterRadius=50
                           win2Thick=0.02 winMat=Be phaseAcc=36.24
                           skinDepth=0.002 timingTolerance=0.001 maxStep=100
                           cavityMaterial=Vacuum timeOffset=-4.7e+21
                           timeIncrement=0 fieldMapFile= kill=1
pillbox      cav531        maxGradient=31.32 color=1.0,0.0,0.0 frequency=0.704
                           innerLength=80 innerRadius=163 pipeThick=3
                           wallThick=0.02 irisRadius=45 collarRadialThick=5
                           collarThick=0 win1Thick=0.02 win1OuterRadius=50
                           win2Thick=0.02 winMat=Be phaseAcc=35.45
                           skinDepth=0.002 timingTolerance=0.001 maxStep=100
                           cavityMaterial=Vacuum timeOffset=-4.7e+21
                           timeIncrement=0 fieldMapFile= kill=1
pillbox      cav532        maxGradient=32.77 color=1.0,0.0,0.0 frequency=0.704
                           innerLength=80 innerRadius=163 pipeThick=3
                           wallThick=0.02 irisRadius=45 collarRadialThick=5
                           collarThick=0 win1Thick=0.02 win1OuterRadius=50
                           win2Thick=0.02 winMat=Be phaseAcc=35.51
                           skinDepth=0.002 timingTolerance=0.001 maxStep=100
                           cavityMaterial=Vacuum timeOffset=-4.7e+21
                           timeIncrement=0 fieldMapFile= kill=1
pillbox      cav533        maxGradient=31.97 color=1.0,0.0,0.0 frequency=0.704
                           innerLength=80 innerRadius=163 pipeThick=3
                           wallThick=0.02 irisRadius=45 collarRadialThick=5
                           collarThick=0 win1Thick=0.02 win1OuterRadius=50
                           win2Thick=0.02 winMat=Be phaseAcc=28.89
                           skinDepth=0.002 timingTolerance=0.001 maxStep=100
                           cavityMaterial=Vacuum timeOffset=-4.7e+21
                           timeIncrement=0 fieldMapFile= kill=1
pillbox      cav540        maxGradient=32.93 color=1.0,0.0,0.0 frequency=0.704
                           innerLength=80 innerRadius=163 pipeThick=3
                           wallThick=0.02 irisRadius=45 collarRadialThick=5
                           collarThick=0 win1Thick=0.02 win1OuterRadius=50
                           win2Thick=0.02 winMat=Be phaseAcc=20.12
                           skinDepth=0.002 timingTolerance=0.001 maxStep=100
                           cavityMaterial=Vacuum timeOffset=-4.7e+21
                           timeIncrement=0 fieldMapFile= kill=1
pillbox      cav541        maxGradient=32.81 color=1.0,0.0,0.0 frequency=0.704
                           innerLength=80 innerRadius=163 pipeThick=3
                           wallThick=0.02 irisRadius=45 collarRadialThick=5
                           collarThick=0 win1Thick=0.02 win1OuterRadius=50
                           win2Thick=0.02 winMat=Be phaseAcc=13.96
                           skinDepth=0.002 timingTolerance=0.001 maxStep=100
                           cavityMaterial=Vacuum timeOffset=-4.7e+21
                           timeIncrement=0 fieldMapFile= kill=1
pillbox      cav542        maxGradient=31.84 color=1.0,0.0,0.0 frequency=0.704
                           innerLength=80 innerRadius=163 pipeThick=3
                           wallThick=0.02 irisRadius=45 collarRadialThick=5
                           collarThick=0 win1Thick=0.02 win1OuterRadius=50
                           win2Thick=0.02 winMat=Be phaseAcc=18.58
                           skinDepth=0.002 timingTolerance=0.001 maxStep=100
                           cavityMaterial=Vacuum timeOffset=-4.7e+21
                           timeIncrement=0 fieldMapFile= kill=1
pillbox      cav543        maxGradient=30.44 color=1.0,0.0,0.0 frequency=0.704
                           innerLength=80 innerRadius=163 pipeThick=3
                           wallThick=0.02 irisRadius=45 collarRadialThick=5
                           collarThick=0 win1Thick=0.02 win1OuterRadius=50
                           win2Thick=0.02 winMat=Be phaseAcc=21.93
                           skinDepth=0.002 timingTolerance=0.001 maxStep=100
                           cavityMaterial=Vacuum timeOffset=-4.7e+21
                           timeIncrement=0 fieldMapFile= kill=1
pillbox      cav550        maxGradient=31.93 color=1.0,0.0,0.0 frequency=0.704
                           innerLength=80 innerRadius=163 pipeThick=3
                           wallThick=0.02 irisRadius=45 collarRadialThick=5
                           collarThick=0 win1Thick=0.02 win1OuterRadius=50
                           win2Thick=0.02 winMat=Be phaseAcc=45.68
                           skinDepth=0.002 timingTolerance=0.001 maxStep=100
                           cavityMaterial=Vacuum timeOffset=-4.7e+21
                           timeIncrement=0 fieldMapFile= kill=1
pillbox      cav551        maxGradient=31.24 color=1.0,0.0,0.0 frequency=0.704
                           innerLength=80 innerRadius=163 pipeThick=3
                           wallThick=0.02 irisRadius=45 collarRadialThick=5
                           collarThick=0 win1Thick=0.02 win1OuterRadius=50
                           win2Thick=0.02 winMat=Be phaseAcc=23.89
                           skinDepth=0.002 timingTolerance=0.001 maxStep=100
                           cavityMaterial=Vacuum timeOffset=-4.7e+21
                           timeIncrement=0 fieldMapFile= kill=1
pillbox      cav552        maxGradient=32.41 color=1.0,0.0,0.0 frequency=0.704
                           innerLength=80 innerRadius=163 pipeThick=3
                           wallThick=0.02 irisRadius=45 collarRadialThick=5
                           collarThick=0 win1Thick=0.02 win1OuterRadius=50
                           win2Thick=0.02 winMat=Be phaseAcc=15.62
                           skinDepth=0.002 timingTolerance=0.001 maxStep=100
                           cavityMaterial=Vacuum timeOffset=-4.7e+21
                           timeIncrement=0 fieldMapFile= kill=1
pillbox      cav553        maxGradient=32.55 color=1.0,0.0,0.0 frequency=0.704
                           innerLength=80 innerRadius=163 pipeThick=3
                           wallThick=0.02 irisRadius=45 collarRadialThick=5
                           collarThick=0 win1Thick=0.02 win1OuterRadius=50
                           win2Thick=0.02 winMat=Be phaseAcc=20.79
                           skinDepth=0.002 timingTolerance=0.001 maxStep=100
                           cavityMaterial=Vacuum timeOffset=-4.7e+21
                           timeIncrement=0 fieldMapFile= kill=1
pillbox      cav560        maxGradient=33.58 color=1.0,0.0,0.0 frequency=0.704
                           innerLength=80 innerRadius=163 pipeThick=3
                           wallThick=0.02 irisRadius=45 collarRadialThick=5
                           collarThick=0 win1Thick=0.02 win1OuterRadius=50
                           win2Thick=0.02 winMat=Be phaseAcc=30.25
                           skinDepth=0.002 timingTolerance=0.001 maxStep=100
                           cavityMaterial=Vacuum timeOffset=-4.7e+21
                           timeIncrement=0 fieldMapFile= kill=1
pillbox      cav561        maxGradient=29.59 color=1.0,0.0,0.0 frequency=0.704
                           innerLength=80 innerRadius=163 pipeThick=3
                           wallThick=0.02 irisRadius=45 collarRadialThick=5
                           collarThick=0 win1Thick=0.02 win1OuterRadius=50
                           win2Thick=0.02 winMat=Be phaseAcc=32.26
                           skinDepth=0.002 timingTolerance=0.001 maxStep=100
                           cavityMaterial=Vacuum timeOffset=-4.7e+21
                           timeIncrement=0 fieldMapFile= kill=1
pillbox      cav562        maxGradient=32.65 color=1.0,0.0,0.0 frequency=0.704
                           innerLength=80 innerRadius=163 pipeThick=3
                           wallThick=0.02 irisRadius=45 collarRadialThick=5
                           collarThick=0 win1Thick=0.02 win1OuterRadius=50
                           win2Thick=0.02 winMat=Be phaseAcc=14.98
                           skinDepth=0.002 timingTolerance=0.001 maxStep=100
                           cavityMaterial=Vacuum timeOffset=-4.7e+21
                           timeIncrement=0 fieldMapFile= kill=1
pillbox      cav563        maxGradient=29.67 color=1.0,0.0,0.0 frequency=0.704
                           innerLength=80 innerRadius=163 pipeThick=3
                           wallThick=0.02 irisRadius=45 collarRadialThick=5
                           collarThick=0 win1Thick=0.02 win1OuterRadius=50
                           win2Thick=0.02 winMat=Be phaseAcc=7.05
                           skinDepth=0.002 timingTolerance=0.001 maxStep=100
                           cavityMaterial=Vacuum timeOffset=-4.7e+21
                           timeIncrement=0 fieldMapFile= kill=1
pillbox      cav570        maxGradient=32.34 color=1.0,0.0,0.0 frequency=0.704
                           innerLength=80 innerRadius=163 pipeThick=3
                           wallThick=0.02 irisRadius=45 collarRadialThick=5
                           collarThick=0 win1Thick=0.02 win1OuterRadius=50
                           win2Thick=0.02 winMat=Be phaseAcc=44.35
                           skinDepth=0.002 timingTolerance=0.001 maxStep=100
                           cavityMaterial=Vacuum timeOffset=-4.7e+21
                           timeIncrement=0 fieldMapFile= kill=1
pillbox      cav571        maxGradient=31.21 color=1.0,0.0,0.0 frequency=0.704
                           innerLength=80 innerRadius=163 pipeThick=3
                           wallThick=0.02 irisRadius=45 collarRadialThick=5
                           collarThick=0 win1Thick=0.02 win1OuterRadius=50
                           win2Thick=0.02 winMat=Be phaseAcc=33.58
                           skinDepth=0.002 timingTolerance=0.001 maxStep=100
                           cavityMaterial=Vacuum timeOffset=-4.7e+21
                           timeIncrement=0 fieldMapFile= kill=1
pillbox      cav572        maxGradient=30.57 color=1.0,0.0,0.0 frequency=0.704
                           innerLength=80 innerRadius=163 pipeThick=3
                           wallThick=0.02 irisRadius=45 collarRadialThick=5
                           collarThick=0 win1Thick=0.02 win1OuterRadius=50
                           win2Thick=0.02 winMat=Be phaseAcc=15.57
                           skinDepth=0.002 timingTolerance=0.001 maxStep=100
                           cavityMaterial=Vacuum timeOffset=-4.7e+21
                           timeIncrement=0 fieldMapFile= kill=1
pillbox      cav573        maxGradient=32.72 color=1.0,0.0,0.0 frequency=0.704
                           innerLength=80 innerRadius=163 pipeThick=3
                           wallThick=0.02 irisRadius=45 collarRadialThick=5
                           collarThick=0 win1Thick=0.02 win1OuterRadius=50
                           win2Thick=0.02 winMat=Be phaseAcc=15.6
                           skinDepth=0.002 timingTolerance=0.001 maxStep=100
                           cavityMaterial=Vacuum timeOffset=-4.7e+21
                           timeIncrement=0 fieldMapFile= kill=1
pillbox      cav580        maxGradient=32.47 color=1.0,0.0,0.0 frequency=0.704
                           innerLength=80 innerRadius=163 pipeThick=3
                           wallThick=0.02 irisRadius=45 collarRadialThick=5
                           collarThick=0 win1Thick=0.02 win1OuterRadius=50
                           win2Thick=0.02 winMat=Be phaseAcc=25.76
                           skinDepth=0.002 timingTolerance=0.001 maxStep=100
                           cavityMaterial=Vacuum timeOffset=-4.7e+21
                           timeIncrement=0 fieldMapFile= kill=1
pillbox      cav581        maxGradient=31 color=1.0,0.0,0.0 frequency=0.704
                           innerLength=80 innerRadius=163 pipeThick=3
                           wallThick=0.02 irisRadius=45 collarRadialThick=5
                           collarThick=0 win1Thick=0.02 win1OuterRadius=50
                           win2Thick=0.02 winMat=Be phaseAcc=16.01
                           skinDepth=0.002 timingTolerance=0.001 maxStep=100
                           cavityMaterial=Vacuum timeOffset=-4.7e+21
                           timeIncrement=0 fieldMapFile= kill=1
pillbox      cav582        maxGradient=32.69 color=1.0,0.0,0.0 frequency=0.704
                           innerLength=80 innerRadius=163 pipeThick=3
                           wallThick=0.02 irisRadius=45 collarRadialThick=5
                           collarThick=0 win1Thick=0.02 win1OuterRadius=50
                           win2Thick=0.02 winMat=Be phaseAcc=19.18
                           skinDepth=0.002 timingTolerance=0.001 maxStep=100
                           cavityMaterial=Vacuum timeOffset=-4.7e+21
                           timeIncrement=0 fieldMapFile= kill=1
pillbox      cav583        maxGradient=33.22 color=1.0,0.0,0.0 frequency=0.704
                           innerLength=80 innerRadius=163 pipeThick=3
                           wallThick=0.02 irisRadius=45 collarRadialThick=5
                           collarThick=0 win1Thick=0.02 win1OuterRadius=50
                           win2Thick=0.02 winMat=Be phaseAcc=25.48
                           skinDepth=0.002 timingTolerance=0.001 maxStep=100
                           cavityMaterial=Vacuum timeOffset=-4.7e+21
                           timeIncrement=0 fieldMapFile= kill=1
pillbox      cav590        maxGradient=33.37 color=1.0,0.0,0.0 frequency=0.704
                           innerLength=80 innerRadius=163 pipeThick=3
                           wallThick=0.02 irisRadius=45 collarRadialThick=5
                           collarThick=0 win1Thick=0.02 win1OuterRadius=50
                           win2Thick=0.02 winMat=Be phaseAcc=20.78
                           skinDepth=0.002 timingTolerance=0.001 maxStep=100
                           cavityMaterial=Vacuum timeOffset=-4.7e+21
                           timeIncrement=0 fieldMapFile= kill=1
pillbox      cav591        maxGradient=31.91 color=1.0,0.0,0.0 frequency=0.704
                           innerLength=80 innerRadius=163 pipeThick=3
                           wallThick=0.02 irisRadius=45 collarRadialThick=5
                           collarThick=0 win1Thick=0.02 win1OuterRadius=50
                           win2Thick=0.02 winMat=Be phaseAcc=13.6
                           skinDepth=0.002 timingTolerance=0.001 maxStep=100
                           cavityMaterial=Vacuum timeOffset=-4.7e+21
                           timeIncrement=0 fieldMapFile= kill=1
pillbox      cav592        maxGradient=30.79 color=1.0,0.0,0.0 frequency=0.704
                           innerLength=80 innerRadius=163 pipeThick=3
                           wallThick=0.02 irisRadius=45 collarRadialThick=5
                           collarThick=0 win1Thick=0.02 win1OuterRadius=50
                           win2Thick=0.02 winMat=Be phaseAcc=29.74
                           skinDepth=0.002 timingTolerance=0.001 maxStep=100
                           cavityMaterial=Vacuum timeOffset=-4.7e+21
                           timeIncrement=0 fieldMapFile= kill=1
pillbox      cav593        maxGradient=31.3 color=1.0,0.0,0.0 frequency=0.704
                           innerLength=80 innerRadius=163 pipeThick=3
                           wallThick=0.02 irisRadius=45 collarRadialThick=5
                           collarThick=0 win1Thick=0.02 win1OuterRadius=50
                           win2Thick=0.02 winMat=Be phaseAcc=35.66
                           skinDepth=0.002 timingTolerance=0.001 maxStep=100
                           cavityMaterial=Vacuum timeOffset=-4.7e+21
                           timeIncrement=0 fieldMapFile= kill=1
pillbox      cav600        maxGradient=31.29 color=1.0,0.0,0.0 frequency=0.704
                           innerLength=80 innerRadius=163 pipeThick=3
                           wallThick=0.02 irisRadius=45 collarRadialThick=5
                           collarThick=0 win1Thick=0.02 win1OuterRadius=50
                           win2Thick=0.02 winMat=Be phaseAcc=42.47
                           skinDepth=0.002 timingTolerance=0.001 maxStep=100
                           cavityMaterial=Vacuum timeOffset=-4.7e+21
                           timeIncrement=0 fieldMapFile= kill=1
pillbox      cav601        maxGradient=31.95 color=1.0,0.0,0.0 frequency=0.704
                           innerLength=80 innerRadius=163 pipeThick=3
                           wallThick=0.02 irisRadius=45 collarRadialThick=5
                           collarThick=0 win1Thick=0.02 win1OuterRadius=50
                           win2Thick=0.02 winMat=Be phaseAcc=21.44
                           skinDepth=0.002 timingTolerance=0.001 maxStep=100
                           cavityMaterial=Vacuum timeOffset=-4.7e+21
                           timeIncrement=0 fieldMapFile= kill=1
pillbox      cav602        maxGradient=31.17 color=1.0,0.0,0.0 frequency=0.704
                           innerLength=80 innerRadius=163 pipeThick=3
                           wallThick=0.02 irisRadius=45 collarRadialThick=5
                           collarThick=0 win1Thick=0.02 win1OuterRadius=50
                           win2Thick=0.02 winMat=Be phaseAcc=19.57
                           skinDepth=0.002 timingTolerance=0.001 maxStep=100
                           cavityMaterial=Vacuum timeOffset=-4.7e+21
                           timeIncrement=0 fieldMapFile= kill=1
pillbox      cav603        maxGradient=32.83 color=1.0,0.0,0.0 frequency=0.704
                           innerLength=80 innerRadius=163 pipeThick=3
                           wallThick=0.02 irisRadius=45 collarRadialThick=5
                           collarThick=0 win1Thick=0.02 win1OuterRadius=50
                           win2Thick=0.02 winMat=Be phaseAcc=17.41
                           skinDepth=0.002 timingTolerance=0.001 maxStep=100
                           cavityMaterial=Vacuum timeOffset=-4.7e+21
                           timeIncrement=0 fieldMapFile= kill=1
box          wedge_window  height=51.29 width=121.4 length=0.075 maxStep=100
                           material=Be color=1,1,1 kill=0
trap         all_wedge     height=51.29 upperWidth=0.001 lowerWidth=220 Xul=0
                           Xur=0 Xll=0 Xlr=0 length=51.29 maxStep=100
                           material=LH2 color=1,1,1 kill=0
do i=-2,60,1
(do i=-2)
place   sol1    copies=1 x=0.0 y=0.0 z=-1500.6 
place   sol3    copies=1 x=0.0 y=0.0 z=-1495.6 
place   sol5    copies=1 x=0.0 y=0.0 z=-1372.8 
place   sol6    copies=1 x=0.0 y=0.0 z=-1027.2 
place   sol4    copies=1 x=0.0 y=0.0 z=-904.4 
place   sol2    copies=1 x=0.0 y=0.0 z=-899.4 
(do i=-1)
place   sol1    copies=1 x=0.0 y=0.0 z=-700.6 
place   sol3    copies=1 x=0.0 y=0.0 z=-695.6 
place   sol5    copies=1 x=0.0 y=0.0 z=-572.8 
place   sol6    copies=1 x=0.0 y=0.0 z=-227.2 
place   sol4    copies=1 x=0.0 y=0.0 z=-104.4 
place   sol2    copies=1 x=0.0 y=0.0 z=-99.4 
(do i=0)
place   sol1    copies=1 x=0.0 y=0.0 z=99.4 
place   sol3    copies=1 x=0.0 y=0.0 z=104.4 
place   sol5    copies=1 x=0.0 y=0.0 z=227.2 
place   sol6    copies=1 x=0.0 y=0.0 z=572.8 
place   sol4    copies=1 x=0.0 y=0.0 z=695.6 
place   sol2    copies=1 x=0.0 y=0.0 z=700.6 
(do i=1)
place   sol1    copies=1 x=0.0 y=0.0 z=899.4 
place   sol3    copies=1 x=0.0 y=0.0 z=904.4 
place   sol5    copies=1 x=0.0 y=0.0 z=1027.2 
place   sol6    copies=1 x=0.0 y=0.0 z=1372.8 
place   sol4    copies=1 x=0.0 y=0.0 z=1495.6 
place   sol2    copies=1 x=0.0 y=0.0 z=1500.6 
(do i=2)
place   sol1    copies=1 x=0.0 y=0.0 z=1699.4 
place   sol3    copies=1 x=0.0 y=0.0 z=1704.4 
place   sol5    copies=1 x=0.0 y=0.0 z=1827.2 
place   sol6    copies=1 x=0.0 y=0.0 z=2172.8 
place   sol4    copies=1 x=0.0 y=0.0 z=2295.6 
place   sol2    copies=1 x=0.0 y=0.0 z=2300.6 
(do i=3)
place   sol1    copies=1 x=0.0 y=0.0 z=2499.4 
place   sol3    copies=1 x=0.0 y=0.0 z=2504.4 
place   sol5    copies=1 x=0.0 y=0.0 z=2627.2 
place   sol6    copies=1 x=0.0 y=0.0 z=2972.8 
place   sol4    copies=1 x=0.0 y=0.0 z=3095.6 
place   sol2    copies=1 x=0.0 y=0.0 z=3100.6 
(do i=4)
place   sol1    copies=1 x=0.0 y=0.0 z=3299.4 
place   sol3    copies=1 x=0.0 y=0.0 z=3304.4 
place   sol5    copies=1 x=0.0 y=0.0 z=3427.2 
place   sol6    copies=1 x=0.0 y=0.0 z=3772.8 
place   sol4    copies=1 x=0.0 y=0.0 z=3895.6 
place   sol2    copies=1 x=0.0 y=0.0 z=3900.6 
(do i=5)
place   sol1    copies=1 x=0.0 y=0.0 z=4099.4 
place   sol3    copies=1 x=0.0 y=0.0 z=4104.4 
place   sol5    copies=1 x=0.0 y=0.0 z=4227.2 
place   sol6    copies=1 x=0.0 y=0.0 z=4572.8 
place   sol4    copies=1 x=0.0 y=0.0 z=4695.6 
place   sol2    copies=1 x=0.0 y=0.0 z=4700.6 
(do i=6)
place   sol1    copies=1 x=0.0 y=0.0 z=4899.4 
place   sol3    copies=1 x=0.0 y=0.0 z=4904.4 
place   sol5    copies=1 x=0.0 y=0.0 z=5027.2 
place   sol6    copies=1 x=0.0 y=0.0 z=5372.8 
place   sol4    copies=1 x=0.0 y=0.0 z=5495.6 
place   sol2    copies=1 x=0.0 y=0.0 z=5500.6 
(do i=7)
place   sol1    copies=1 x=0.0 y=0.0 z=5699.4 
place   sol3    copies=1 x=0.0 y=0.0 z=5704.4 
place   sol5    copies=1 x=0.0 y=0.0 z=5827.2 
place   sol6    copies=1 x=0.0 y=0.0 z=6172.8 
place   sol4    copies=1 x=0.0 y=0.0 z=6295.6 
place   sol2    copies=1 x=0.0 y=0.0 z=6300.6 
(do i=8)
place   sol1    copies=1 x=0.0 y=0.0 z=6499.4 
place   sol3    copies=1 x=0.0 y=0.0 z=6504.4 
place   sol5    copies=1 x=0.0 y=0.0 z=6627.2 
place   sol6    copies=1 x=0.0 y=0.0 z=6972.8 
place   sol4    copies=1 x=0.0 y=0.0 z=7095.6 
place   sol2    copies=1 x=0.0 y=0.0 z=7100.6 
(do i=9)
place   sol1    copies=1 x=0.0 y=0.0 z=7299.4 
place   sol3    copies=1 x=0.0 y=0.0 z=7304.4 
place   sol5    copies=1 x=0.0 y=0.0 z=7427.2 
place   sol6    copies=1 x=0.0 y=0.0 z=7772.8 
place   sol4    copies=1 x=0.0 y=0.0 z=7895.6 
place   sol2    copies=1 x=0.0 y=0.0 z=7900.6 
(do i=10)
place   sol1    copies=1 x=0.0 y=0.0 z=8099.4 
place   sol3    copies=1 x=0.0 y=0.0 z=8104.4 
place   sol5    copies=1 x=0.0 y=0.0 z=8227.2 
place   sol6    copies=1 x=0.0 y=0.0 z=8572.8 
place   sol4    copies=1 x=0.0 y=0.0 z=8695.6 
place   sol2    copies=1 x=0.0 y=0.0 z=8700.6 
(do i=11)
place   sol1    copies=1 x=0.0 y=0.0 z=8899.4 
place   sol3    copies=1 x=0.0 y=0.0 z=8904.4 
place   sol5    copies=1 x=0.0 y=0.0 z=9027.2 
place   sol6    copies=1 x=0.0 y=0.0 z=9372.8 
place   sol4    copies=1 x=0.0 y=0.0 z=9495.6 
place   sol2    copies=1 x=0.0 y=0.0 z=9500.6 
(do i=12)
place   sol1    copies=1 x=0.0 y=0.0 z=9699.4 
place   sol3    copies=1 x=0.0 y=0.0 z=9704.4 
place   sol5    copies=1 x=0.0 y=0.0 z=9827.2 
place   sol6    copies=1 x=0.0 y=0.0 z=10172.8 
place   sol4    copies=1 x=0.0 y=0.0 z=10295.6 
place   sol2    copies=1 x=0.0 y=0.0 z=10300.6 
(do i=13)
place   sol1    copies=1 x=0.0 y=0.0 z=10499.4 
place   sol3    copies=1 x=0.0 y=0.0 z=10504.4 
place   sol5    copies=1 x=0.0 y=0.0 z=10627.2 
place   sol6    copies=1 x=0.0 y=0.0 z=10972.8 
place   sol4    copies=1 x=0.0 y=0.0 z=11095.6 
place   sol2    copies=1 x=0.0 y=0.0 z=11100.6 
(do i=14)
place   sol1    copies=1 x=0.0 y=0.0 z=11299.4 
place   sol3    copies=1 x=0.0 y=0.0 z=11304.4 
place   sol5    copies=1 x=0.0 y=0.0 z=11427.2 
place   sol6    copies=1 x=0.0 y=0.0 z=11772.8 
place   sol4    copies=1 x=0.0 y=0.0 z=11895.6 
place   sol2    copies=1 x=0.0 y=0.0 z=11900.6 
(do i=15)
place   sol1    copies=1 x=0.0 y=0.0 z=12099.4 
place   sol3    copies=1 x=0.0 y=0.0 z=12104.4 
place   sol5    copies=1 x=0.0 y=0.0 z=12227.2 
place   sol6    copies=1 x=0.0 y=0.0 z=12572.8 
place   sol4    copies=1 x=0.0 y=0.0 z=12695.6 
place   sol2    copies=1 x=0.0 y=0.0 z=12700.6 
(do i=16)
place   sol1    copies=1 x=0.0 y=0.0 z=12899.4 
place   sol3    copies=1 x=0.0 y=0.0 z=12904.4 
place   sol5    copies=1 x=0.0 y=0.0 z=13027.2 
place   sol6    copies=1 x=0.0 y=0.0 z=13372.8 
place   sol4    copies=1 x=0.0 y=0.0 z=13495.6 
place   sol2    copies=1 x=0.0 y=0.0 z=13500.6 
(do i=17)
place   sol1    copies=1 x=0.0 y=0.0 z=13699.4 
place   sol3    copies=1 x=0.0 y=0.0 z=13704.4 
place   sol5    copies=1 x=0.0 y=0.0 z=13827.2 
place   sol6    copies=1 x=0.0 y=0.0 z=14172.8 
place   sol4    copies=1 x=0.0 y=0.0 z=14295.6 
place   sol2    copies=1 x=0.0 y=0.0 z=14300.6 
(do i=18)
place   sol1    copies=1 x=0.0 y=0.0 z=14499.4 
place   sol3    copies=1 x=0.0 y=0.0 z=14504.4 
place   sol5    copies=1 x=0.0 y=0.0 z=14627.2 
place   sol6    copies=1 x=0.0 y=0.0 z=14972.8 
place   sol4    copies=1 x=0.0 y=0.0 z=15095.6 
place   sol2    copies=1 x=0.0 y=0.0 z=15100.6 
(do i=19)
place   sol1    copies=1 x=0.0 y=0.0 z=15299.4 
place   sol3    copies=1 x=0.0 y=0.0 z=15304.4 
place   sol5    copies=1 x=0.0 y=0.0 z=15427.2 
place   sol6    copies=1 x=0.0 y=0.0 z=15772.8 
place   sol4    copies=1 x=0.0 y=0.0 z=15895.6 
place   sol2    copies=1 x=0.0 y=0.0 z=15900.6 
(do i=20)
place   sol1    copies=1 x=0.0 y=0.0 z=16099.4 
place   sol3    copies=1 x=0.0 y=0.0 z=16104.4 
place   sol5    copies=1 x=0.0 y=0.0 z=16227.2 
place   sol6    copies=1 x=0.0 y=0.0 z=16572.8 
place   sol4    copies=1 x=0.0 y=0.0 z=16695.6 
place   sol2    copies=1 x=0.0 y=0.0 z=16700.6 
(do i=21)
place   sol1    copies=1 x=0.0 y=0.0 z=16899.4 
place   sol3    copies=1 x=0.0 y=0.0 z=16904.4 
place   sol5    copies=1 x=0.0 y=0.0 z=17027.2 
place   sol6    copies=1 x=0.0 y=0.0 z=17372.8 
place   sol4    copies=1 x=0.0 y=0.0 z=17495.6 
place   sol2    copies=1 x=0.0 y=0.0 z=17500.6 
(do i=22)
place   sol1    copies=1 x=0.0 y=0.0 z=17699.4 
place   sol3    copies=1 x=0.0 y=0.0 z=17704.4 
place   sol5    copies=1 x=0.0 y=0.0 z=17827.2 
place   sol6    copies=1 x=0.0 y=0.0 z=18172.8 
place   sol4    copies=1 x=0.0 y=0.0 z=18295.6 
place   sol2    copies=1 x=0.0 y=0.0 z=18300.6 
(do i=23)
place   sol1    copies=1 x=0.0 y=0.0 z=18499.4 
place   sol3    copies=1 x=0.0 y=0.0 z=18504.4 
place   sol5    copies=1 x=0.0 y=0.0 z=18627.2 
place   sol6    copies=1 x=0.0 y=0.0 z=18972.8 
place   sol4    copies=1 x=0.0 y=0.0 z=19095.6 
place   sol2    copies=1 x=0.0 y=0.0 z=19100.6 
(do i=24)
place   sol1    copies=1 x=0.0 y=0.0 z=19299.4 
place   sol3    copies=1 x=0.0 y=0.0 z=19304.4 
place   sol5    copies=1 x=0.0 y=0.0 z=19427.2 
place   sol6    copies=1 x=0.0 y=0.0 z=19772.8 
place   sol4    copies=1 x=0.0 y=0.0 z=19895.6 
place   sol2    copies=1 x=0.0 y=0.0 z=19900.6 
(do i=25)
place   sol1    copies=1 x=0.0 y=0.0 z=20099.4 
place   sol3    copies=1 x=0.0 y=0.0 z=20104.4 
place   sol5    copies=1 x=0.0 y=0.0 z=20227.2 
place   sol6    copies=1 x=0.0 y=0.0 z=20572.8 
place   sol4    copies=1 x=0.0 y=0.0 z=20695.6 
place   sol2    copies=1 x=0.0 y=0.0 z=20700.6 
(do i=26)
place   sol1    copies=1 x=0.0 y=0.0 z=20899.4 
place   sol3    copies=1 x=0.0 y=0.0 z=20904.4 
place   sol5    copies=1 x=0.0 y=0.0 z=21027.2 
place   sol6    copies=1 x=0.0 y=0.0 z=21372.8 
place   sol4    copies=1 x=0.0 y=0.0 z=21495.6 
place   sol2    copies=1 x=0.0 y=0.0 z=21500.6 
(do i=27)
place   sol1    copies=1 x=0.0 y=0.0 z=21699.4 
place   sol3    copies=1 x=0.0 y=0.0 z=21704.4 
place   sol5    copies=1 x=0.0 y=0.0 z=21827.2 
place   sol6    copies=1 x=0.0 y=0.0 z=22172.8 
place   sol4    copies=1 x=0.0 y=0.0 z=22295.6 
place   sol2    copies=1 x=0.0 y=0.0 z=22300.6 
(do i=28)
place   sol1    copies=1 x=0.0 y=0.0 z=22499.4 
place   sol3    copies=1 x=0.0 y=0.0 z=22504.4 
place   sol5    copies=1 x=0.0 y=0.0 z=22627.2 
place   sol6    copies=1 x=0.0 y=0.0 z=22972.8 
place   sol4    copies=1 x=0.0 y=0.0 z=23095.6 
place   sol2    copies=1 x=0.0 y=0.0 z=23100.6 
(do i=29)
place   sol1    copies=1 x=0.0 y=0.0 z=23299.4 
place   sol3    copies=1 x=0.0 y=0.0 z=23304.4 
place   sol5    copies=1 x=0.0 y=0.0 z=23427.2 
place   sol6    copies=1 x=0.0 y=0.0 z=23772.8 
place   sol4    copies=1 x=0.0 y=0.0 z=23895.6 
place   sol2    copies=1 x=0.0 y=0.0 z=23900.6 
(do i=30)
place   sol1    copies=1 x=0.0 y=0.0 z=24099.4 
place   sol3    copies=1 x=0.0 y=0.0 z=24104.4 
place   sol5    copies=1 x=0.0 y=0.0 z=24227.2 
place   sol6    copies=1 x=0.0 y=0.0 z=24572.8 
place   sol4    copies=1 x=0.0 y=0.0 z=24695.6 
place   sol2    copies=1 x=0.0 y=0.0 z=24700.6 
(do i=31)
place   sol1    copies=1 x=0.0 y=0.0 z=24899.4 
place   sol3    copies=1 x=0.0 y=0.0 z=24904.4 
place   sol5    copies=1 x=0.0 y=0.0 z=25027.2 
place   sol6    copies=1 x=0.0 y=0.0 z=25372.8 
place   sol4    copies=1 x=0.0 y=0.0 z=25495.6 
place   sol2    copies=1 x=0.0 y=0.0 z=25500.6 
(do i=32)
place   sol1    copies=1 x=0.0 y=0.0 z=25699.4 
place   sol3    copies=1 x=0.0 y=0.0 z=25704.4 
place   sol5    copies=1 x=0.0 y=0.0 z=25827.2 
place   sol6    copies=1 x=0.0 y=0.0 z=26172.8 
place   sol4    copies=1 x=0.0 y=0.0 z=26295.6 
place   sol2    copies=1 x=0.0 y=0.0 z=26300.6 
(do i=33)
place   sol1    copies=1 x=0.0 y=0.0 z=26499.4 
place   sol3    copies=1 x=0.0 y=0.0 z=26504.4 
place   sol5    copies=1 x=0.0 y=0.0 z=26627.2 
place   sol6    copies=1 x=0.0 y=0.0 z=26972.8 
place   sol4    copies=1 x=0.0 y=0.0 z=27095.6 
place   sol2    copies=1 x=0.0 y=0.0 z=27100.6 
(do i=34)
place   sol1    copies=1 x=0.0 y=0.0 z=27299.4 
place   sol3    copies=1 x=0.0 y=0.0 z=27304.4 
place   sol5    copies=1 x=0.0 y=0.0 z=27427.2 
place   sol6    copies=1 x=0.0 y=0.0 z=27772.8 
place   sol4    copies=1 x=0.0 y=0.0 z=27895.6 
place   sol2    copies=1 x=0.0 y=0.0 z=27900.6 
(do i=35)
place   sol1    copies=1 x=0.0 y=0.0 z=28099.4 
place   sol3    copies=1 x=0.0 y=0.0 z=28104.4 
place   sol5    copies=1 x=0.0 y=0.0 z=28227.2 
place   sol6    copies=1 x=0.0 y=0.0 z=28572.8 
place   sol4    copies=1 x=0.0 y=0.0 z=28695.6 
place   sol2    copies=1 x=0.0 y=0.0 z=28700.6 
(do i=36)
place   sol1    copies=1 x=0.0 y=0.0 z=28899.4 
place   sol3    copies=1 x=0.0 y=0.0 z=28904.4 
place   sol5    copies=1 x=0.0 y=0.0 z=29027.2 
place   sol6    copies=1 x=0.0 y=0.0 z=29372.8 
place   sol4    copies=1 x=0.0 y=0.0 z=29495.6 
place   sol2    copies=1 x=0.0 y=0.0 z=29500.6 
(do i=37)
place   sol1    copies=1 x=0.0 y=0.0 z=29699.4 
place   sol3    copies=1 x=0.0 y=0.0 z=29704.4 
place   sol5    copies=1 x=0.0 y=0.0 z=29827.2 
place   sol6    copies=1 x=0.0 y=0.0 z=30172.8 
place   sol4    copies=1 x=0.0 y=0.0 z=30295.6 
place   sol2    copies=1 x=0.0 y=0.0 z=30300.6 
(do i=38)
place   sol1    copies=1 x=0.0 y=0.0 z=30499.4 
place   sol3    copies=1 x=0.0 y=0.0 z=30504.4 
place   sol5    copies=1 x=0.0 y=0.0 z=30627.2 
place   sol6    copies=1 x=0.0 y=0.0 z=30972.8 
place   sol4    copies=1 x=0.0 y=0.0 z=31095.6 
place   sol2    copies=1 x=0.0 y=0.0 z=31100.6 
(do i=39)
place   sol1    copies=1 x=0.0 y=0.0 z=31299.4 
place   sol3    copies=1 x=0.0 y=0.0 z=31304.4 
place   sol5    copies=1 x=0.0 y=0.0 z=31427.2 
place   sol6    copies=1 x=0.0 y=0.0 z=31772.8 
place   sol4    copies=1 x=0.0 y=0.0 z=31895.6 
place   sol2    copies=1 x=0.0 y=0.0 z=31900.6 
(do i=40)
place   sol1    copies=1 x=0.0 y=0.0 z=32099.4 
place   sol3    copies=1 x=0.0 y=0.0 z=32104.4 
place   sol5    copies=1 x=0.0 y=0.0 z=32227.2 
place   sol6    copies=1 x=0.0 y=0.0 z=32572.8 
place   sol4    copies=1 x=0.0 y=0.0 z=32695.6 
place   sol2    copies=1 x=0.0 y=0.0 z=32700.6 
(do i=41)
place   sol1    copies=1 x=0.0 y=0.0 z=32899.4 
place   sol3    copies=1 x=0.0 y=0.0 z=32904.4 
place   sol5    copies=1 x=0.0 y=0.0 z=33027.2 
place   sol6    copies=1 x=0.0 y=0.0 z=33372.8 
place   sol4    copies=1 x=0.0 y=0.0 z=33495.6 
place   sol2    copies=1 x=0.0 y=0.0 z=33500.6 
(do i=42)
place   sol1    copies=1 x=0.0 y=0.0 z=33699.4 
place   sol3    copies=1 x=0.0 y=0.0 z=33704.4 
place   sol5    copies=1 x=0.0 y=0.0 z=33827.2 
place   sol6    copies=1 x=0.0 y=0.0 z=34172.8 
place   sol4    copies=1 x=0.0 y=0.0 z=34295.6 
place   sol2    copies=1 x=0.0 y=0.0 z=34300.6 
(do i=43)
place   sol1    copies=1 x=0.0 y=0.0 z=34499.4 
place   sol3    copies=1 x=0.0 y=0.0 z=34504.4 
place   sol5    copies=1 x=0.0 y=0.0 z=34627.2 
place   sol6    copies=1 x=0.0 y=0.0 z=34972.8 
place   sol4    copies=1 x=0.0 y=0.0 z=35095.6 
place   sol2    copies=1 x=0.0 y=0.0 z=35100.6 
(do i=44)
place   sol1    copies=1 x=0.0 y=0.0 z=35299.4 
place   sol3    copies=1 x=0.0 y=0.0 z=35304.4 
place   sol5    copies=1 x=0.0 y=0.0 z=35427.2 
place   sol6    copies=1 x=0.0 y=0.0 z=35772.8 
place   sol4    copies=1 x=0.0 y=0.0 z=35895.6 
place   sol2    copies=1 x=0.0 y=0.0 z=35900.6 
(do i=45)
place   sol1    copies=1 x=0.0 y=0.0 z=36099.4 
place   sol3    copies=1 x=0.0 y=0.0 z=36104.4 
place   sol5    copies=1 x=0.0 y=0.0 z=36227.2 
place   sol6    copies=1 x=0.0 y=0.0 z=36572.8 
place   sol4    copies=1 x=0.0 y=0.0 z=36695.6 
place   sol2    copies=1 x=0.0 y=0.0 z=36700.6 
(do i=46)
place   sol1    copies=1 x=0.0 y=0.0 z=36899.4 
place   sol3    copies=1 x=0.0 y=0.0 z=36904.4 
place   sol5    copies=1 x=0.0 y=0.0 z=37027.2 
place   sol6    copies=1 x=0.0 y=0.0 z=37372.8 
place   sol4    copies=1 x=0.0 y=0.0 z=37495.6 
place   sol2    copies=1 x=0.0 y=0.0 z=37500.6 
(do i=47)
place   sol1    copies=1 x=0.0 y=0.0 z=37699.4 
place   sol3    copies=1 x=0.0 y=0.0 z=37704.4 
place   sol5    copies=1 x=0.0 y=0.0 z=37827.2 
place   sol6    copies=1 x=0.0 y=0.0 z=38172.8 
place   sol4    copies=1 x=0.0 y=0.0 z=38295.6 
place   sol2    copies=1 x=0.0 y=0.0 z=38300.6 
(do i=48)
place   sol1    copies=1 x=0.0 y=0.0 z=38499.4 
place   sol3    copies=1 x=0.0 y=0.0 z=38504.4 
place   sol5    copies=1 x=0.0 y=0.0 z=38627.2 
place   sol6    copies=1 x=0.0 y=0.0 z=38972.8 
place   sol4    copies=1 x=0.0 y=0.0 z=39095.6 
place   sol2    copies=1 x=0.0 y=0.0 z=39100.6 
(do i=49)
place   sol1    copies=1 x=0.0 y=0.0 z=39299.4 
place   sol3    copies=1 x=0.0 y=0.0 z=39304.4 
place   sol5    copies=1 x=0.0 y=0.0 z=39427.2 
place   sol6    copies=1 x=0.0 y=0.0 z=39772.8 
place   sol4    copies=1 x=0.0 y=0.0 z=39895.6 
place   sol2    copies=1 x=0.0 y=0.0 z=39900.6 
(do i=50)
place   sol1    copies=1 x=0.0 y=0.0 z=40099.4 
place   sol3    copies=1 x=0.0 y=0.0 z=40104.4 
place   sol5    copies=1 x=0.0 y=0.0 z=40227.2 
place   sol6    copies=1 x=0.0 y=0.0 z=40572.8 
place   sol4    copies=1 x=0.0 y=0.0 z=40695.6 
place   sol2    copies=1 x=0.0 y=0.0 z=40700.6 
(do i=51)
place   sol1    copies=1 x=0.0 y=0.0 z=40899.4 
place   sol3    copies=1 x=0.0 y=0.0 z=40904.4 
place   sol5    copies=1 x=0.0 y=0.0 z=41027.2 
place   sol6    copies=1 x=0.0 y=0.0 z=41372.8 
place   sol4    copies=1 x=0.0 y=0.0 z=41495.6 
place   sol2    copies=1 x=0.0 y=0.0 z=41500.6 
(do i=52)
place   sol1    copies=1 x=0.0 y=0.0 z=41699.4 
place   sol3    copies=1 x=0.0 y=0.0 z=41704.4 
place   sol5    copies=1 x=0.0 y=0.0 z=41827.2 
place   sol6    copies=1 x=0.0 y=0.0 z=42172.8 
place   sol4    copies=1 x=0.0 y=0.0 z=42295.6 
place   sol2    copies=1 x=0.0 y=0.0 z=42300.6 
(do i=53)
place   sol1    copies=1 x=0.0 y=0.0 z=42499.4 
place   sol3    copies=1 x=0.0 y=0.0 z=42504.4 
place   sol5    copies=1 x=0.0 y=0.0 z=42627.2 
place   sol6    copies=1 x=0.0 y=0.0 z=42972.8 
place   sol4    copies=1 x=0.0 y=0.0 z=43095.6 
place   sol2    copies=1 x=0.0 y=0.0 z=43100.6 
(do i=54)
place   sol1    copies=1 x=0.0 y=0.0 z=43299.4 
place   sol3    copies=1 x=0.0 y=0.0 z=43304.4 
place   sol5    copies=1 x=0.0 y=0.0 z=43427.2 
place   sol6    copies=1 x=0.0 y=0.0 z=43772.8 
place   sol4    copies=1 x=0.0 y=0.0 z=43895.6 
place   sol2    copies=1 x=0.0 y=0.0 z=43900.6 
(do i=55)
place   sol1    copies=1 x=0.0 y=0.0 z=44099.4 
place   sol3    copies=1 x=0.0 y=0.0 z=44104.4 
place   sol5    copies=1 x=0.0 y=0.0 z=44227.2 
place   sol6    copies=1 x=0.0 y=0.0 z=44572.8 
place   sol4    copies=1 x=0.0 y=0.0 z=44695.6 
place   sol2    copies=1 x=0.0 y=0.0 z=44700.6 
(do i=56)
place   sol1    copies=1 x=0.0 y=0.0 z=44899.4 
place   sol3    copies=1 x=0.0 y=0.0 z=44904.4 
place   sol5    copies=1 x=0.0 y=0.0 z=45027.2 
place   sol6    copies=1 x=0.0 y=0.0 z=45372.8 
place   sol4    copies=1 x=0.0 y=0.0 z=45495.6 
place   sol2    copies=1 x=0.0 y=0.0 z=45500.6 
(do i=57)
place   sol1    copies=1 x=0.0 y=0.0 z=45699.4 
place   sol3    copies=1 x=0.0 y=0.0 z=45704.4 
place   sol5    copies=1 x=0.0 y=0.0 z=45827.2 
place   sol6    copies=1 x=0.0 y=0.0 z=46172.8 
place   sol4    copies=1 x=0.0 y=0.0 z=46295.6 
place   sol2    copies=1 x=0.0 y=0.0 z=46300.6 
(do i=58)
place   sol1    copies=1 x=0.0 y=0.0 z=46499.4 
place   sol3    copies=1 x=0.0 y=0.0 z=46504.4 
place   sol5    copies=1 x=0.0 y=0.0 z=46627.2 
place   sol6    copies=1 x=0.0 y=0.0 z=46972.8 
place   sol4    copies=1 x=0.0 y=0.0 z=47095.6 
place   sol2    copies=1 x=0.0 y=0.0 z=47100.6 
(do i=59)
place   sol1    copies=1 x=0.0 y=0.0 z=47299.4 
place   sol3    copies=1 x=0.0 y=0.0 z=47304.4 
place   sol5    copies=1 x=0.0 y=0.0 z=47427.2 
place   sol6    copies=1 x=0.0 y=0.0 z=47772.8 
place   sol4    copies=1 x=0.0 y=0.0 z=47895.6 
place   sol2    copies=1 x=0.0 y=0.0 z=47900.6 
(do i=60)
place   sol1    copies=1 x=0.0 y=0.0 z=48099.4 
place   sol3    copies=1 x=0.0 y=0.0 z=48104.4 
place   sol5    copies=1 x=0.0 y=0.0 z=48227.2 
place   sol6    copies=1 x=0.0 y=0.0 z=48572.8 
place   sol4    copies=1 x=0.0 y=0.0 z=48695.6 
place   sol2    copies=1 x=0.0 y=0.0 z=48700.6 
enddo
do i=-2,60,1
(do i=-2)
place   solbend copies=1 x=0.0 y=0.0 z=-1520.0 rename='solbend_a_-2'
place   solbend copies=1 x=0.0 y=0.0 z=-880.0 rename='solbend_b_-2'
(do i=-1)
place   solbend copies=1 x=0.0 y=0.0 z=-720.0 rename='solbend_a_-1'
place   solbend copies=1 x=0.0 y=0.0 z=-80.0 rename='solbend_b_-1'
(do i=0)
place   solbend copies=1 x=0.0 y=0.0 z=80.0 rename='solbend_a_0'
place   solbend copies=1 x=0.0 y=0.0 z=720.0 rename='solbend_b_0'
(do i=1)
place   solbend copies=1 x=0.0 y=0.0 z=880.0 rename='solbend_a_1'
place   solbend copies=1 x=0.0 y=0.0 z=1520.0 rename='solbend_b_1'
(do i=2)
place   solbend copies=1 x=0.0 y=0.0 z=1680.0 rename='solbend_a_2'
place   solbend copies=1 x=0.0 y=0.0 z=2320.0 rename='solbend_b_2'
(do i=3)
place   solbend copies=1 x=0.0 y=0.0 z=2480.0 rename='solbend_a_3'
place   solbend copies=1 x=0.0 y=0.0 z=3120.0 rename='solbend_b_3'
(do i=4)
place   solbend copies=1 x=0.0 y=0.0 z=3280.0 rename='solbend_a_4'
place   solbend copies=1 x=0.0 y=0.0 z=3920.0 rename='solbend_b_4'
(do i=5)
place   solbend copies=1 x=0.0 y=0.0 z=4080.0 rename='solbend_a_5'
place   solbend copies=1 x=0.0 y=0.0 z=4720.0 rename='solbend_b_5'
(do i=6)
place   solbend copies=1 x=0.0 y=0.0 z=4880.0 rename='solbend_a_6'
place   solbend copies=1 x=0.0 y=0.0 z=5520.0 rename='solbend_b_6'
(do i=7)
place   solbend copies=1 x=0.0 y=0.0 z=5680.0 rename='solbend_a_7'
place   solbend copies=1 x=0.0 y=0.0 z=6320.0 rename='solbend_b_7'
(do i=8)
place   solbend copies=1 x=0.0 y=0.0 z=6480.0 rename='solbend_a_8'
place   solbend copies=1 x=0.0 y=0.0 z=7120.0 rename='solbend_b_8'
(do i=9)
place   solbend copies=1 x=0.0 y=0.0 z=7280.0 rename='solbend_a_9'
place   solbend copies=1 x=0.0 y=0.0 z=7920.0 rename='solbend_b_9'
(do i=10)
place   solbend copies=1 x=0.0 y=0.0 z=8080.0 rename='solbend_a_10'
place   solbend copies=1 x=0.0 y=0.0 z=8720.0 rename='solbend_b_10'
(do i=11)
place   solbend copies=1 x=0.0 y=0.0 z=8880.0 rename='solbend_a_11'
place   solbend copies=1 x=0.0 y=0.0 z=9520.0 rename='solbend_b_11'
(do i=12)
place   solbend copies=1 x=0.0 y=0.0 z=9680.0 rename='solbend_a_12'
place   solbend copies=1 x=0.0 y=0.0 z=10320.0 rename='solbend_b_12'
(do i=13)
place   solbend copies=1 x=0.0 y=0.0 z=10480.0 rename='solbend_a_13'
place   solbend copies=1 x=0.0 y=0.0 z=11120.0 rename='solbend_b_13'
(do i=14)
place   solbend copies=1 x=0.0 y=0.0 z=11280.0 rename='solbend_a_14'
place   solbend copies=1 x=0.0 y=0.0 z=11920.0 rename='solbend_b_14'
(do i=15)
place   solbend copies=1 x=0.0 y=0.0 z=12080.0 rename='solbend_a_15'
place   solbend copies=1 x=0.0 y=0.0 z=12720.0 rename='solbend_b_15'
(do i=16)
place   solbend copies=1 x=0.0 y=0.0 z=12880.0 rename='solbend_a_16'
place   solbend copies=1 x=0.0 y=0.0 z=13520.0 rename='solbend_b_16'
(do i=17)
place   solbend copies=1 x=0.0 y=0.0 z=13680.0 rename='solbend_a_17'
place   solbend copies=1 x=0.0 y=0.0 z=14320.0 rename='solbend_b_17'
(do i=18)
place   solbend copies=1 x=0.0 y=0.0 z=14480.0 rename='solbend_a_18'
place   solbend copies=1 x=0.0 y=0.0 z=15120.0 rename='solbend_b_18'
(do i=19)
place   solbend copies=1 x=0.0 y=0.0 z=15280.0 rename='solbend_a_19'
place   solbend copies=1 x=0.0 y=0.0 z=15920.0 rename='solbend_b_19'
(do i=20)
place   solbend copies=1 x=0.0 y=0.0 z=16080.0 rename='solbend_a_20'
place   solbend copies=1 x=0.0 y=0.0 z=16720.0 rename='solbend_b_20'
(do i=21)
place   solbend copies=1 x=0.0 y=0.0 z=16880.0 rename='solbend_a_21'
place   solbend copies=1 x=0.0 y=0.0 z=17520.0 rename='solbend_b_21'
(do i=22)
place   solbend copies=1 x=0.0 y=0.0 z=17680.0 rename='solbend_a_22'
place   solbend copies=1 x=0.0 y=0.0 z=18320.0 rename='solbend_b_22'
(do i=23)
place   solbend copies=1 x=0.0 y=0.0 z=18480.0 rename='solbend_a_23'
place   solbend copies=1 x=0.0 y=0.0 z=19120.0 rename='solbend_b_23'
(do i=24)
place   solbend copies=1 x=0.0 y=0.0 z=19280.0 rename='solbend_a_24'
place   solbend copies=1 x=0.0 y=0.0 z=19920.0 rename='solbend_b_24'
(do i=25)
place   solbend copies=1 x=0.0 y=0.0 z=20080.0 rename='solbend_a_25'
place   solbend copies=1 x=0.0 y=0.0 z=20720.0 rename='solbend_b_25'
(do i=26)
place   solbend copies=1 x=0.0 y=0.0 z=20880.0 rename='solbend_a_26'
place   solbend copies=1 x=0.0 y=0.0 z=21520.0 rename='solbend_b_26'
(do i=27)
place   solbend copies=1 x=0.0 y=0.0 z=21680.0 rename='solbend_a_27'
place   solbend copies=1 x=0.0 y=0.0 z=22320.0 rename='solbend_b_27'
(do i=28)
place   solbend copies=1 x=0.0 y=0.0 z=22480.0 rename='solbend_a_28'
place   solbend copies=1 x=0.0 y=0.0 z=23120.0 rename='solbend_b_28'
(do i=29)
place   solbend copies=1 x=0.0 y=0.0 z=23280.0 rename='solbend_a_29'
place   solbend copies=1 x=0.0 y=0.0 z=23920.0 rename='solbend_b_29'
(do i=30)
place   solbend copies=1 x=0.0 y=0.0 z=24080.0 rename='solbend_a_30'
place   solbend copies=1 x=0.0 y=0.0 z=24720.0 rename='solbend_b_30'
(do i=31)
place   solbend copies=1 x=0.0 y=0.0 z=24880.0 rename='solbend_a_31'
place   solbend copies=1 x=0.0 y=0.0 z=25520.0 rename='solbend_b_31'
(do i=32)
place   solbend copies=1 x=0.0 y=0.0 z=25680.0 rename='solbend_a_32'
place   solbend copies=1 x=0.0 y=0.0 z=26320.0 rename='solbend_b_32'
(do i=33)
place   solbend copies=1 x=0.0 y=0.0 z=26480.0 rename='solbend_a_33'
place   solbend copies=1 x=0.0 y=0.0 z=27120.0 rename='solbend_b_33'
(do i=34)
place   solbend copies=1 x=0.0 y=0.0 z=27280.0 rename='solbend_a_34'
place   solbend copies=1 x=0.0 y=0.0 z=27920.0 rename='solbend_b_34'
(do i=35)
place   solbend copies=1 x=0.0 y=0.0 z=28080.0 rename='solbend_a_35'
place   solbend copies=1 x=0.0 y=0.0 z=28720.0 rename='solbend_b_35'
(do i=36)
place   solbend copies=1 x=0.0 y=0.0 z=28880.0 rename='solbend_a_36'
place   solbend copies=1 x=0.0 y=0.0 z=29520.0 rename='solbend_b_36'
(do i=37)
place   solbend copies=1 x=0.0 y=0.0 z=29680.0 rename='solbend_a_37'
place   solbend copies=1 x=0.0 y=0.0 z=30320.0 rename='solbend_b_37'
(do i=38)
place   solbend copies=1 x=0.0 y=0.0 z=30480.0 rename='solbend_a_38'
place   solbend copies=1 x=0.0 y=0.0 z=31120.0 rename='solbend_b_38'
(do i=39)
place   solbend copies=1 x=0.0 y=0.0 z=31280.0 rename='solbend_a_39'
place   solbend copies=1 x=0.0 y=0.0 z=31920.0 rename='solbend_b_39'
(do i=40)
place   solbend copies=1 x=0.0 y=0.0 z=32080.0 rename='solbend_a_40'
place   solbend copies=1 x=0.0 y=0.0 z=32720.0 rename='solbend_b_40'
(do i=41)
place   solbend copies=1 x=0.0 y=0.0 z=32880.0 rename='solbend_a_41'
place   solbend copies=1 x=0.0 y=0.0 z=33520.0 rename='solbend_b_41'
(do i=42)
place   solbend copies=1 x=0.0 y=0.0 z=33680.0 rename='solbend_a_42'
place   solbend copies=1 x=0.0 y=0.0 z=34320.0 rename='solbend_b_42'
(do i=43)
place   solbend copies=1 x=0.0 y=0.0 z=34480.0 rename='solbend_a_43'
place   solbend copies=1 x=0.0 y=0.0 z=35120.0 rename='solbend_b_43'
(do i=44)
place   solbend copies=1 x=0.0 y=0.0 z=35280.0 rename='solbend_a_44'
place   solbend copies=1 x=0.0 y=0.0 z=35920.0 rename='solbend_b_44'
(do i=45)
place   solbend copies=1 x=0.0 y=0.0 z=36080.0 rename='solbend_a_45'
place   solbend copies=1 x=0.0 y=0.0 z=36720.0 rename='solbend_b_45'
(do i=46)
place   solbend copies=1 x=0.0 y=0.0 z=36880.0 rename='solbend_a_46'
place   solbend copies=1 x=0.0 y=0.0 z=37520.0 rename='solbend_b_46'
(do i=47)
place   solbend copies=1 x=0.0 y=0.0 z=37680.0 rename='solbend_a_47'
place   solbend copies=1 x=0.0 y=0.0 z=38320.0 rename='solbend_b_47'
(do i=48)
place   solbend copies=1 x=0.0 y=0.0 z=38480.0 rename='solbend_a_48'
place   solbend copies=1 x=0.0 y=0.0 z=39120.0 rename='solbend_b_48'
(do i=49)
place   solbend copies=1 x=0.0 y=0.0 z=39280.0 rename='solbend_a_49'
place   solbend copies=1 x=0.0 y=0.0 z=39920.0 rename='solbend_b_49'
(do i=50)
place   solbend copies=1 x=0.0 y=0.0 z=40080.0 rename='solbend_a_50'
place   solbend copies=1 x=0.0 y=0.0 z=40720.0 rename='solbend_b_50'
(do i=51)
place   solbend copies=1 x=0.0 y=0.0 z=40880.0 rename='solbend_a_51'
place   solbend copies=1 x=0.0 y=0.0 z=41520.0 rename='solbend_b_51'
(do i=52)
place   solbend copies=1 x=0.0 y=0.0 z=41680.0 rename='solbend_a_52'
place   solbend copies=1 x=0.0 y=0.0 z=42320.0 rename='solbend_b_52'
(do i=53)
place   solbend copies=1 x=0.0 y=0.0 z=42480.0 rename='solbend_a_53'
place   solbend copies=1 x=0.0 y=0.0 z=43120.0 rename='solbend_b_53'
(do i=54)
place   solbend copies=1 x=0.0 y=0.0 z=43280.0 rename='solbend_a_54'
place   solbend copies=1 x=0.0 y=0.0 z=43920.0 rename='solbend_b_54'
(do i=55)
place   solbend copies=1 x=0.0 y=0.0 z=44080.0 rename='solbend_a_55'
place   solbend copies=1 x=0.0 y=0.0 z=44720.0 rename='solbend_b_55'
(do i=56)
place   solbend copies=1 x=0.0 y=0.0 z=44880.0 rename='solbend_a_56'
place   solbend copies=1 x=0.0 y=0.0 z=45520.0 rename='solbend_b_56'
(do i=57)
place   solbend copies=1 x=0.0 y=0.0 z=45680.0 rename='solbend_a_57'
place   solbend copies=1 x=0.0 y=0.0 z=46320.0 rename='solbend_b_57'
(do i=58)
place   solbend copies=1 x=0.0 y=0.0 z=46480.0 rename='solbend_a_58'
place   solbend copies=1 x=0.0 y=0.0 z=47120.0 rename='solbend_b_58'
(do i=59)
place   solbend copies=1 x=0.0 y=0.0 z=47280.0 rename='solbend_a_59'
place   solbend copies=1 x=0.0 y=0.0 z=47920.0 rename='solbend_b_59'
(do i=60)
place   solbend copies=1 x=0.0 y=0.0 z=48080.0 rename='solbend_a_60'
place   solbend copies=1 x=0.0 y=0.0 z=48720.0 rename='solbend_b_60'
enddo
do i=-2,60,1
(do i=-2)
place   fringe_left copies=1 x=0.0 y=0.0 z=-1660.0 
place   fringe_right copies=1 x=0.0 y=0.0 z=-1380.0 
place   fringe_left copies=1 x=0.0 y=0.0 z=-1020.0 
place   fringe_right copies=1 x=0.0 y=0.0 z=-740.0 
(do i=-1)
place   fringe_left copies=1 x=0.0 y=0.0 z=-860.0 
place   fringe_right copies=1 x=0.0 y=0.0 z=-580.0 
place   fringe_left copies=1 x=0.0 y=0.0 z=-220.0 
place   fringe_right copies=1 x=0.0 y=0.0 z=60.0 
(do i=0)
place   fringe_left copies=1 x=0.0 y=0.0 z=-60.0 
place   fringe_right copies=1 x=0.0 y=0.0 z=220.0 
place   fringe_left copies=1 x=0.0 y=0.0 z=580.0 
place   fringe_right copies=1 x=0.0 y=0.0 z=860.0 
(do i=1)
place   fringe_left copies=1 x=0.0 y=0.0 z=740.0 
place   fringe_right copies=1 x=0.0 y=0.0 z=1020.0 
place   fringe_left copies=1 x=0.0 y=0.0 z=1380.0 
place   fringe_right copies=1 x=0.0 y=0.0 z=1660.0 
(do i=2)
place   fringe_left copies=1 x=0.0 y=0.0 z=1540.0 
place   fringe_right copies=1 x=0.0 y=0.0 z=1820.0 
place   fringe_left copies=1 x=0.0 y=0.0 z=2180.0 
place   fringe_right copies=1 x=0.0 y=0.0 z=2460.0 
(do i=3)
place   fringe_left copies=1 x=0.0 y=0.0 z=2340.0 
place   fringe_right copies=1 x=0.0 y=0.0 z=2620.0 
place   fringe_left copies=1 x=0.0 y=0.0 z=2980.0 
place   fringe_right copies=1 x=0.0 y=0.0 z=3260.0 
(do i=4)
place   fringe_left copies=1 x=0.0 y=0.0 z=3140.0 
place   fringe_right copies=1 x=0.0 y=0.0 z=3420.0 
place   fringe_left copies=1 x=0.0 y=0.0 z=3780.0 
place   fringe_right copies=1 x=0.0 y=0.0 z=4060.0 
(do i=5)
place   fringe_left copies=1 x=0.0 y=0.0 z=3940.0 
place   fringe_right copies=1 x=0.0 y=0.0 z=4220.0 
place   fringe_left copies=1 x=0.0 y=0.0 z=4580.0 
place   fringe_right copies=1 x=0.0 y=0.0 z=4860.0 
(do i=6)
place   fringe_left copies=1 x=0.0 y=0.0 z=4740.0 
place   fringe_right copies=1 x=0.0 y=0.0 z=5020.0 
place   fringe_left copies=1 x=0.0 y=0.0 z=5380.0 
place   fringe_right copies=1 x=0.0 y=0.0 z=5660.0 
(do i=7)
place   fringe_left copies=1 x=0.0 y=0.0 z=5540.0 
place   fringe_right copies=1 x=0.0 y=0.0 z=5820.0 
place   fringe_left copies=1 x=0.0 y=0.0 z=6180.0 
place   fringe_right copies=1 x=0.0 y=0.0 z=6460.0 
(do i=8)
place   fringe_left copies=1 x=0.0 y=0.0 z=6340.0 
place   fringe_right copies=1 x=0.0 y=0.0 z=6620.0 
place   fringe_left copies=1 x=0.0 y=0.0 z=6980.0 
place   fringe_right copies=1 x=0.0 y=0.0 z=7260.0 
(do i=9)
place   fringe_left copies=1 x=0.0 y=0.0 z=7140.0 
place   fringe_right copies=1 x=0.0 y=0.0 z=7420.0 
place   fringe_left copies=1 x=0.0 y=0.0 z=7780.0 
place   fringe_right copies=1 x=0.0 y=0.0 z=8060.0 
(do i=10)
place   fringe_left copies=1 x=0.0 y=0.0 z=7940.0 
place   fringe_right copies=1 x=0.0 y=0.0 z=8220.0 
place   fringe_left copies=1 x=0.0 y=0.0 z=8580.0 
place   fringe_right copies=1 x=0.0 y=0.0 z=8860.0 
(do i=11)
place   fringe_left copies=1 x=0.0 y=0.0 z=8740.0 
place   fringe_right copies=1 x=0.0 y=0.0 z=9020.0 
place   fringe_left copies=1 x=0.0 y=0.0 z=9380.0 
place   fringe_right copies=1 x=0.0 y=0.0 z=9660.0 
(do i=12)
place   fringe_left copies=1 x=0.0 y=0.0 z=9540.0 
place   fringe_right copies=1 x=0.0 y=0.0 z=9820.0 
place   fringe_left copies=1 x=0.0 y=0.0 z=10180.0 
place   fringe_right copies=1 x=0.0 y=0.0 z=10460.0 
(do i=13)
place   fringe_left copies=1 x=0.0 y=0.0 z=10340.0 
place   fringe_right copies=1 x=0.0 y=0.0 z=10620.0 
place   fringe_left copies=1 x=0.0 y=0.0 z=10980.0 
place   fringe_right copies=1 x=0.0 y=0.0 z=11260.0 
(do i=14)
place   fringe_left copies=1 x=0.0 y=0.0 z=11140.0 
place   fringe_right copies=1 x=0.0 y=0.0 z=11420.0 
place   fringe_left copies=1 x=0.0 y=0.0 z=11780.0 
place   fringe_right copies=1 x=0.0 y=0.0 z=12060.0 
(do i=15)
place   fringe_left copies=1 x=0.0 y=0.0 z=11940.0 
place   fringe_right copies=1 x=0.0 y=0.0 z=12220.0 
place   fringe_left copies=1 x=0.0 y=0.0 z=12580.0 
place   fringe_right copies=1 x=0.0 y=0.0 z=12860.0 
(do i=16)
place   fringe_left copies=1 x=0.0 y=0.0 z=12740.0 
place   fringe_right copies=1 x=0.0 y=0.0 z=13020.0 
place   fringe_left copies=1 x=0.0 y=0.0 z=13380.0 
place   fringe_right copies=1 x=0.0 y=0.0 z=13660.0 
(do i=17)
place   fringe_left copies=1 x=0.0 y=0.0 z=13540.0 
place   fringe_right copies=1 x=0.0 y=0.0 z=13820.0 
place   fringe_left copies=1 x=0.0 y=0.0 z=14180.0 
place   fringe_right copies=1 x=0.0 y=0.0 z=14460.0 
(do i=18)
place   fringe_left copies=1 x=0.0 y=0.0 z=14340.0 
place   fringe_right copies=1 x=0.0 y=0.0 z=14620.0 
place   fringe_left copies=1 x=0.0 y=0.0 z=14980.0 
place   fringe_right copies=1 x=0.0 y=0.0 z=15260.0 
(do i=19)
place   fringe_left copies=1 x=0.0 y=0.0 z=15140.0 
place   fringe_right copies=1 x=0.0 y=0.0 z=15420.0 
place   fringe_left copies=1 x=0.0 y=0.0 z=15780.0 
place   fringe_right copies=1 x=0.0 y=0.0 z=16060.0 
(do i=20)
place   fringe_left copies=1 x=0.0 y=0.0 z=15940.0 
place   fringe_right copies=1 x=0.0 y=0.0 z=16220.0 
place   fringe_left copies=1 x=0.0 y=0.0 z=16580.0 
place   fringe_right copies=1 x=0.0 y=0.0 z=16860.0 
(do i=21)
place   fringe_left copies=1 x=0.0 y=0.0 z=16740.0 
place   fringe_right copies=1 x=0.0 y=0.0 z=17020.0 
place   fringe_left copies=1 x=0.0 y=0.0 z=17380.0 
place   fringe_right copies=1 x=0.0 y=0.0 z=17660.0 
(do i=22)
place   fringe_left copies=1 x=0.0 y=0.0 z=17540.0 
place   fringe_right copies=1 x=0.0 y=0.0 z=17820.0 
place   fringe_left copies=1 x=0.0 y=0.0 z=18180.0 
place   fringe_right copies=1 x=0.0 y=0.0 z=18460.0 
(do i=23)
place   fringe_left copies=1 x=0.0 y=0.0 z=18340.0 
place   fringe_right copies=1 x=0.0 y=0.0 z=18620.0 
place   fringe_left copies=1 x=0.0 y=0.0 z=18980.0 
place   fringe_right copies=1 x=0.0 y=0.0 z=19260.0 
(do i=24)
place   fringe_left copies=1 x=0.0 y=0.0 z=19140.0 
place   fringe_right copies=1 x=0.0 y=0.0 z=19420.0 
place   fringe_left copies=1 x=0.0 y=0.0 z=19780.0 
place   fringe_right copies=1 x=0.0 y=0.0 z=20060.0 
(do i=25)
place   fringe_left copies=1 x=0.0 y=0.0 z=19940.0 
place   fringe_right copies=1 x=0.0 y=0.0 z=20220.0 
place   fringe_left copies=1 x=0.0 y=0.0 z=20580.0 
place   fringe_right copies=1 x=0.0 y=0.0 z=20860.0 
(do i=26)
place   fringe_left copies=1 x=0.0 y=0.0 z=20740.0 
place   fringe_right copies=1 x=0.0 y=0.0 z=21020.0 
place   fringe_left copies=1 x=0.0 y=0.0 z=21380.0 
place   fringe_right copies=1 x=0.0 y=0.0 z=21660.0 
(do i=27)
place   fringe_left copies=1 x=0.0 y=0.0 z=21540.0 
place   fringe_right copies=1 x=0.0 y=0.0 z=21820.0 
place   fringe_left copies=1 x=0.0 y=0.0 z=22180.0 
place   fringe_right copies=1 x=0.0 y=0.0 z=22460.0 
(do i=28)
place   fringe_left copies=1 x=0.0 y=0.0 z=22340.0 
place   fringe_right copies=1 x=0.0 y=0.0 z=22620.0 
place   fringe_left copies=1 x=0.0 y=0.0 z=22980.0 
place   fringe_right copies=1 x=0.0 y=0.0 z=23260.0 
(do i=29)
place   fringe_left copies=1 x=0.0 y=0.0 z=23140.0 
place   fringe_right copies=1 x=0.0 y=0.0 z=23420.0 
place   fringe_left copies=1 x=0.0 y=0.0 z=23780.0 
place   fringe_right copies=1 x=0.0 y=0.0 z=24060.0 
(do i=30)
place   fringe_left copies=1 x=0.0 y=0.0 z=23940.0 
place   fringe_right copies=1 x=0.0 y=0.0 z=24220.0 
place   fringe_left copies=1 x=0.0 y=0.0 z=24580.0 
place   fringe_right copies=1 x=0.0 y=0.0 z=24860.0 
(do i=31)
place   fringe_left copies=1 x=0.0 y=0.0 z=24740.0 
place   fringe_right copies=1 x=0.0 y=0.0 z=25020.0 
place   fringe_left copies=1 x=0.0 y=0.0 z=25380.0 
place   fringe_right copies=1 x=0.0 y=0.0 z=25660.0 
(do i=32)
place   fringe_left copies=1 x=0.0 y=0.0 z=25540.0 
place   fringe_right copies=1 x=0.0 y=0.0 z=25820.0 
place   fringe_left copies=1 x=0.0 y=0.0 z=26180.0 
place   fringe_right copies=1 x=0.0 y=0.0 z=26460.0 
(do i=33)
place   fringe_left copies=1 x=0.0 y=0.0 z=26340.0 
place   fringe_right copies=1 x=0.0 y=0.0 z=26620.0 
place   fringe_left copies=1 x=0.0 y=0.0 z=26980.0 
place   fringe_right copies=1 x=0.0 y=0.0 z=27260.0 
(do i=34)
place   fringe_left copies=1 x=0.0 y=0.0 z=27140.0 
place   fringe_right copies=1 x=0.0 y=0.0 z=27420.0 
place   fringe_left copies=1 x=0.0 y=0.0 z=27780.0 
place   fringe_right copies=1 x=0.0 y=0.0 z=28060.0 
(do i=35)
place   fringe_left copies=1 x=0.0 y=0.0 z=27940.0 
place   fringe_right copies=1 x=0.0 y=0.0 z=28220.0 
place   fringe_left copies=1 x=0.0 y=0.0 z=28580.0 
place   fringe_right copies=1 x=0.0 y=0.0 z=28860.0 
(do i=36)
place   fringe_left copies=1 x=0.0 y=0.0 z=28740.0 
place   fringe_right copies=1 x=0.0 y=0.0 z=29020.0 
place   fringe_left copies=1 x=0.0 y=0.0 z=29380.0 
place   fringe_right copies=1 x=0.0 y=0.0 z=29660.0 
(do i=37)
place   fringe_left copies=1 x=0.0 y=0.0 z=29540.0 
place   fringe_right copies=1 x=0.0 y=0.0 z=29820.0 
place   fringe_left copies=1 x=0.0 y=0.0 z=30180.0 
place   fringe_right copies=1 x=0.0 y=0.0 z=30460.0 
(do i=38)
place   fringe_left copies=1 x=0.0 y=0.0 z=30340.0 
place   fringe_right copies=1 x=0.0 y=0.0 z=30620.0 
place   fringe_left copies=1 x=0.0 y=0.0 z=30980.0 
place   fringe_right copies=1 x=0.0 y=0.0 z=31260.0 
(do i=39)
place   fringe_left copies=1 x=0.0 y=0.0 z=31140.0 
place   fringe_right copies=1 x=0.0 y=0.0 z=31420.0 
place   fringe_left copies=1 x=0.0 y=0.0 z=31780.0 
place   fringe_right copies=1 x=0.0 y=0.0 z=32060.0 
(do i=40)
place   fringe_left copies=1 x=0.0 y=0.0 z=31940.0 
place   fringe_right copies=1 x=0.0 y=0.0 z=32220.0 
place   fringe_left copies=1 x=0.0 y=0.0 z=32580.0 
place   fringe_right copies=1 x=0.0 y=0.0 z=32860.0 
(do i=41)
place   fringe_left copies=1 x=0.0 y=0.0 z=32740.0 
place   fringe_right copies=1 x=0.0 y=0.0 z=33020.0 
place   fringe_left copies=1 x=0.0 y=0.0 z=33380.0 
place   fringe_right copies=1 x=0.0 y=0.0 z=33660.0 
(do i=42)
place   fringe_left copies=1 x=0.0 y=0.0 z=33540.0 
place   fringe_right copies=1 x=0.0 y=0.0 z=33820.0 
place   fringe_left copies=1 x=0.0 y=0.0 z=34180.0 
place   fringe_right copies=1 x=0.0 y=0.0 z=34460.0 
(do i=43)
place   fringe_left copies=1 x=0.0 y=0.0 z=34340.0 
place   fringe_right copies=1 x=0.0 y=0.0 z=34620.0 
place   fringe_left copies=1 x=0.0 y=0.0 z=34980.0 
place   fringe_right copies=1 x=0.0 y=0.0 z=35260.0 
(do i=44)
place   fringe_left copies=1 x=0.0 y=0.0 z=35140.0 
place   fringe_right copies=1 x=0.0 y=0.0 z=35420.0 
place   fringe_left copies=1 x=0.0 y=0.0 z=35780.0 
place   fringe_right copies=1 x=0.0 y=0.0 z=36060.0 
(do i=45)
place   fringe_left copies=1 x=0.0 y=0.0 z=35940.0 
place   fringe_right copies=1 x=0.0 y=0.0 z=36220.0 
place   fringe_left copies=1 x=0.0 y=0.0 z=36580.0 
place   fringe_right copies=1 x=0.0 y=0.0 z=36860.0 
(do i=46)
place   fringe_left copies=1 x=0.0 y=0.0 z=36740.0 
place   fringe_right copies=1 x=0.0 y=0.0 z=37020.0 
place   fringe_left copies=1 x=0.0 y=0.0 z=37380.0 
place   fringe_right copies=1 x=0.0 y=0.0 z=37660.0 
(do i=47)
place   fringe_left copies=1 x=0.0 y=0.0 z=37540.0 
place   fringe_right copies=1 x=0.0 y=0.0 z=37820.0 
place   fringe_left copies=1 x=0.0 y=0.0 z=38180.0 
place   fringe_right copies=1 x=0.0 y=0.0 z=38460.0 
(do i=48)
place   fringe_left copies=1 x=0.0 y=0.0 z=38340.0 
place   fringe_right copies=1 x=0.0 y=0.0 z=38620.0 
place   fringe_left copies=1 x=0.0 y=0.0 z=38980.0 
place   fringe_right copies=1 x=0.0 y=0.0 z=39260.0 
(do i=49)
place   fringe_left copies=1 x=0.0 y=0.0 z=39140.0 
place   fringe_right copies=1 x=0.0 y=0.0 z=39420.0 
place   fringe_left copies=1 x=0.0 y=0.0 z=39780.0 
place   fringe_right copies=1 x=0.0 y=0.0 z=40060.0 
(do i=50)
place   fringe_left copies=1 x=0.0 y=0.0 z=39940.0 
place   fringe_right copies=1 x=0.0 y=0.0 z=40220.0 
place   fringe_left copies=1 x=0.0 y=0.0 z=40580.0 
place   fringe_right copies=1 x=0.0 y=0.0 z=40860.0 
(do i=51)
place   fringe_left copies=1 x=0.0 y=0.0 z=40740.0 
place   fringe_right copies=1 x=0.0 y=0.0 z=41020.0 
place   fringe_left copies=1 x=0.0 y=0.0 z=41380.0 
place   fringe_right copies=1 x=0.0 y=0.0 z=41660.0 
(do i=52)
place   fringe_left copies=1 x=0.0 y=0.0 z=41540.0 
place   fringe_right copies=1 x=0.0 y=0.0 z=41820.0 
place   fringe_left copies=1 x=0.0 y=0.0 z=42180.0 
place   fringe_right copies=1 x=0.0 y=0.0 z=42460.0 
(do i=53)
place   fringe_left copies=1 x=0.0 y=0.0 z=42340.0 
place   fringe_right copies=1 x=0.0 y=0.0 z=42620.0 
place   fringe_left copies=1 x=0.0 y=0.0 z=42980.0 
place   fringe_right copies=1 x=0.0 y=0.0 z=43260.0 
(do i=54)
place   fringe_left copies=1 x=0.0 y=0.0 z=43140.0 
place   fringe_right copies=1 x=0.0 y=0.0 z=43420.0 
place   fringe_left copies=1 x=0.0 y=0.0 z=43780.0 
place   fringe_right copies=1 x=0.0 y=0.0 z=44060.0 
(do i=55)
place   fringe_left copies=1 x=0.0 y=0.0 z=43940.0 
place   fringe_right copies=1 x=0.0 y=0.0 z=44220.0 
place   fringe_left copies=1 x=0.0 y=0.0 z=44580.0 
place   fringe_right copies=1 x=0.0 y=0.0 z=44860.0 
(do i=56)
place   fringe_left copies=1 x=0.0 y=0.0 z=44740.0 
place   fringe_right copies=1 x=0.0 y=0.0 z=45020.0 
place   fringe_left copies=1 x=0.0 y=0.0 z=45380.0 
place   fringe_right copies=1 x=0.0 y=0.0 z=45660.0 
(do i=57)
place   fringe_left copies=1 x=0.0 y=0.0 z=45540.0 
place   fringe_right copies=1 x=0.0 y=0.0 z=45820.0 
place   fringe_left copies=1 x=0.0 y=0.0 z=46180.0 
place   fringe_right copies=1 x=0.0 y=0.0 z=46460.0 
(do i=58)
place   fringe_left copies=1 x=0.0 y=0.0 z=46340.0 
place   fringe_right copies=1 x=0.0 y=0.0 z=46620.0 
place   fringe_left copies=1 x=0.0 y=0.0 z=46980.0 
place   fringe_right copies=1 x=0.0 y=0.0 z=47260.0 
(do i=59)
place   fringe_left copies=1 x=0.0 y=0.0 z=47140.0 
place   fringe_right copies=1 x=0.0 y=0.0 z=47420.0 
place   fringe_left copies=1 x=0.0 y=0.0 z=47780.0 
place   fringe_right copies=1 x=0.0 y=0.0 z=48060.0 
(do i=60)
place   fringe_left copies=1 x=0.0 y=0.0 z=47940.0 
place   fringe_right copies=1 x=0.0 y=0.0 z=48220.0 
place   fringe_left copies=1 x=0.0 y=0.0 z=48580.0 
place   fringe_right copies=1 x=0.0 y=0.0 z=48860.0 
enddo
do i=0,60,1
(do i=0)
place   pipe    copies=1 x=0.0 y=0.0 z=100.0 
place   pipe    copies=1 x=0.0 y=0.0 z=700.0 
(do i=1)
place   pipe    copies=1 x=0.0 y=0.0 z=900.0 
place   pipe    copies=1 x=0.0 y=0.0 z=1500.0 
(do i=2)
place   pipe    copies=1 x=0.0 y=0.0 z=1700.0 
place   pipe    copies=1 x=0.0 y=0.0 z=2300.1 
(do i=3)
place   pipe    copies=1 x=0.0 y=0.0 z=2499.9 
place   pipe    copies=1 x=0.0 y=0.0 z=3100.1 
(do i=4)
place   pipe    copies=1 x=0.0 y=0.0 z=3299.9 
place   pipe    copies=1 x=0.0 y=0.0 z=3900.1 
(do i=5)
place   pipe    copies=1 x=0.0 y=0.0 z=4099.9 
place   pipe    copies=1 x=0.0 y=0.0 z=4700.1 
(do i=6)
place   pipe    copies=1 x=0.0 y=0.0 z=4899.9 
place   pipe    copies=1 x=0.0 y=0.0 z=5500.1 
(do i=7)
place   pipe    copies=1 x=0.0 y=0.0 z=5699.9 
place   pipe    copies=1 x=0.0 y=0.0 z=6300.1 
(do i=8)
place   pipe    copies=1 x=0.0 y=0.0 z=6499.9 
place   pipe    copies=1 x=0.0 y=0.0 z=7100.1 
(do i=9)
place   pipe    copies=1 x=0.0 y=0.0 z=7299.9 
place   pipe    copies=1 x=0.0 y=0.0 z=7900.1 
(do i=10)
place   pipe    copies=1 x=0.0 y=0.0 z=8099.9 
place   pipe    copies=1 x=0.0 y=0.0 z=8700.0 
(do i=11)
place   pipe    copies=1 x=0.0 y=0.0 z=8900.0 
place   pipe    copies=1 x=0.0 y=0.0 z=9500.0 
(do i=12)
place   pipe    copies=1 x=0.0 y=0.0 z=9700.0 
place   pipe    copies=1 x=0.0 y=0.0 z=10300.0 
(do i=13)
place   pipe    copies=1 x=0.0 y=0.0 z=10500.0 
place   pipe    copies=1 x=0.0 y=0.0 z=11100.0 
(do i=14)
place   pipe    copies=1 x=0.0 y=0.0 z=11300.0 
place   pipe    copies=1 x=0.0 y=0.0 z=11900.0 
(do i=15)
place   pipe    copies=1 x=0.0 y=0.0 z=12100.0 
place   pipe    copies=1 x=0.0 y=0.0 z=12700.0 
(do i=16)
place   pipe    copies=1 x=0.0 y=0.0 z=12900.0 
place   pipe    copies=1 x=0.0 y=0.0 z=13500.0 
(do i=17)
place   pipe    copies=1 x=0.0 y=0.0 z=13700.0 
place   pipe    copies=1 x=0.0 y=0.0 z=14300.0 
(do i=18)
place   pipe    copies=1 x=0.0 y=0.0 z=14500.0 
place   pipe    copies=1 x=0.0 y=0.0 z=15100.0 
(do i=19)
place   pipe    copies=1 x=0.0 y=0.0 z=15300.0 
place   pipe    copies=1 x=0.0 y=0.0 z=15900.0 
(do i=20)
place   pipe    copies=1 x=0.0 y=0.0 z=16100.0 
place   pipe    copies=1 x=0.0 y=0.0 z=16700.0 
(do i=21)
place   pipe    copies=1 x=0.0 y=0.0 z=16900.0 
place   pipe    copies=1 x=0.0 y=0.0 z=17500.0 
(do i=22)
place   pipe    copies=1 x=0.0 y=0.0 z=17700.0 
place   pipe    copies=1 x=0.0 y=0.0 z=18300.0 
(do i=23)
place   pipe    copies=1 x=0.0 y=0.0 z=18500.0 
place   pipe    copies=1 x=0.0 y=0.0 z=19100.0 
(do i=24)
place   pipe    copies=1 x=0.0 y=0.0 z=19300.0 
place   pipe    copies=1 x=0.0 y=0.0 z=19900.0 
(do i=25)
place   pipe    copies=1 x=0.0 y=0.0 z=20100.0 
place   pipe    copies=1 x=0.0 y=0.0 z=20700.0 
(do i=26)
place   pipe    copies=1 x=0.0 y=0.0 z=20900.0 
place   pipe    copies=1 x=0.0 y=0.0 z=21500.0 
(do i=27)
place   pipe    copies=1 x=0.0 y=0.0 z=21700.0 
place   pipe    copies=1 x=0.0 y=0.0 z=22300.0 
(do i=28)
place   pipe    copies=1 x=0.0 y=0.0 z=22500.0 
place   pipe    copies=1 x=0.0 y=0.0 z=23100.0 
(do i=29)
place   pipe    copies=1 x=0.0 y=0.0 z=23300.0 
place   pipe    copies=1 x=0.0 y=0.0 z=23900.0 
(do i=30)
place   pipe    copies=1 x=0.0 y=0.0 z=24100.0 
place   pipe    copies=1 x=0.0 y=0.0 z=24700.0 
(do i=31)
place   pipe    copies=1 x=0.0 y=0.0 z=24900.0 
place   pipe    copies=1 x=0.0 y=0.0 z=25500.0 
(do i=32)
place   pipe    copies=1 x=0.0 y=0.0 z=25700.0 
place   pipe    copies=1 x=0.0 y=0.0 z=26300.0 
(do i=33)
place   pipe    copies=1 x=0.0 y=0.0 z=26500.0 
place   pipe    copies=1 x=0.0 y=0.0 z=27100.0 
(do i=34)
place   pipe    copies=1 x=0.0 y=0.0 z=27300.0 
place   pipe    copies=1 x=0.0 y=0.0 z=27900.0 
(do i=35)
place   pipe    copies=1 x=0.0 y=0.0 z=28100.0 
place   pipe    copies=1 x=0.0 y=0.0 z=28700.0 
(do i=36)
place   pipe    copies=1 x=0.0 y=0.0 z=28900.0 
place   pipe    copies=1 x=0.0 y=0.0 z=29500.0 
(do i=37)
place   pipe    copies=1 x=0.0 y=0.0 z=29700.0 
place   pipe    copies=1 x=0.0 y=0.0 z=30300.0 
(do i=38)
place   pipe    copies=1 x=0.0 y=0.0 z=30500.0 
place   pipe    copies=1 x=0.0 y=0.0 z=31100.0 
(do i=39)
place   pipe    copies=1 x=0.0 y=0.0 z=31300.0 
place   pipe    copies=1 x=0.0 y=0.0 z=31900.0 
(do i=40)
place   pipe    copies=1 x=0.0 y=0.0 z=32100.0 
place   pipe    copies=1 x=0.0 y=0.0 z=32700.0 
(do i=41)
place   pipe    copies=1 x=0.0 y=0.0 z=32899.9 
place   pipe    copies=1 x=0.0 y=0.0 z=33500.1 
(do i=42)
place   pipe    copies=1 x=0.0 y=0.0 z=33699.9 
place   pipe    copies=1 x=0.0 y=0.0 z=34300.1 
(do i=43)
place   pipe    copies=1 x=0.0 y=0.0 z=34499.9 
place   pipe    copies=1 x=0.0 y=0.0 z=35100.1 
(do i=44)
place   pipe    copies=1 x=0.0 y=0.0 z=35299.9 
place   pipe    copies=1 x=0.0 y=0.0 z=35900.1 
(do i=45)
place   pipe    copies=1 x=0.0 y=0.0 z=36099.9 
place   pipe    copies=1 x=0.0 y=0.0 z=36700.1 
(do i=46)
place   pipe    copies=1 x=0.0 y=0.0 z=36899.9 
place   pipe    copies=1 x=0.0 y=0.0 z=37500.1 
(do i=47)
place   pipe    copies=1 x=0.0 y=0.0 z=37699.9 
place   pipe    copies=1 x=0.0 y=0.0 z=38300.1 
(do i=48)
place   pipe    copies=1 x=0.0 y=0.0 z=38499.9 
place   pipe    copies=1 x=0.0 y=0.0 z=39100.1 
(do i=49)
place   pipe    copies=1 x=0.0 y=0.0 z=39299.9 
place   pipe    copies=1 x=0.0 y=0.0 z=39900.1 
(do i=50)
place   pipe    copies=1 x=0.0 y=0.0 z=40099.9 
place   pipe    copies=1 x=0.0 y=0.0 z=40700.1 
(do i=51)
place   pipe    copies=1 x=0.0 y=0.0 z=40899.9 
place   pipe    copies=1 x=0.0 y=0.0 z=41500.1 
(do i=52)
place   pipe    copies=1 x=0.0 y=0.0 z=41699.9 
place   pipe    copies=1 x=0.0 y=0.0 z=42300.1 
(do i=53)
place   pipe    copies=1 x=0.0 y=0.0 z=42499.9 
place   pipe    copies=1 x=0.0 y=0.0 z=43100.1 
(do i=54)
place   pipe    copies=1 x=0.0 y=0.0 z=43299.9 
place   pipe    copies=1 x=0.0 y=0.0 z=43900.1 
(do i=55)
place   pipe    copies=1 x=0.0 y=0.0 z=44099.9 
place   pipe    copies=1 x=0.0 y=0.0 z=44700.1 
(do i=56)
place   pipe    copies=1 x=0.0 y=0.0 z=44899.9 
place   pipe    copies=1 x=0.0 y=0.0 z=45500.1 
(do i=57)
place   pipe    copies=1 x=0.0 y=0.0 z=45699.9 
place   pipe    copies=1 x=0.0 y=0.0 z=46300.1 
(do i=58)
place   pipe    copies=1 x=0.0 y=0.0 z=46499.9 
place   pipe    copies=1 x=0.0 y=0.0 z=47100.1 
(do i=59)
place   pipe    copies=1 x=0.0 y=0.0 z=47299.9 
place   pipe    copies=1 x=0.0 y=0.0 z=47900.1 
(do i=60)
place   pipe    copies=1 x=0.0 y=0.0 z=48099.9 
place   pipe    copies=1 x=0.0 y=0.0 z=48700.1 
enddo
place   cav00   copies=1 x=0.0 y=0.0 z=279.9 rename='rf_b_00'
place   cav01   copies=1 x=0.0 y=0.0 z=360.0 rename='rf_c_01'
place   cav02   copies=1 x=0.0 y=0.0 z=440.0 rename='rf_d_02'
place   cav03   copies=1 x=0.0 y=0.0 z=520.1 rename='rf_e_03'
place   cav10   copies=1 x=0.0 y=0.0 z=1079.9 rename='rf_b_10'
place   cav11   copies=1 x=0.0 y=0.0 z=1160.0 rename='rf_c_11'
place   cav12   copies=1 x=0.0 y=0.0 z=1240.0 rename='rf_d_12'
place   cav13   copies=1 x=0.0 y=0.0 z=1320.1 rename='rf_e_13'
place   cav20   copies=1 x=0.0 y=0.0 z=1879.9 rename='rf_b_20'
place   cav21   copies=1 x=0.0 y=0.0 z=1960.0 rename='rf_c_21'
place   cav22   copies=1 x=0.0 y=0.0 z=2040.0 rename='rf_d_22'
place   cav23   copies=1 x=0.0 y=0.0 z=2120.1 rename='rf_e_23'
place   cav30   copies=1 x=0.0 y=0.0 z=2679.9 rename='rf_b_30'
place   cav31   copies=1 x=0.0 y=0.0 z=2760.0 rename='rf_c_31'
place   cav32   copies=1 x=0.0 y=0.0 z=2840.0 rename='rf_d_32'
place   cav33   copies=1 x=0.0 y=0.0 z=2920.1 rename='rf_e_33'
place   cav40   copies=1 x=0.0 y=0.0 z=3479.9 rename='rf_b_40'
place   cav41   copies=1 x=0.0 y=0.0 z=3560.0 rename='rf_c_41'
place   cav42   copies=1 x=0.0 y=0.0 z=3640.0 rename='rf_d_42'
place   cav43   copies=1 x=0.0 y=0.0 z=3720.1 rename='rf_e_43'
place   cav50   copies=1 x=0.0 y=0.0 z=4279.9 rename='rf_b_50'
place   cav51   copies=1 x=0.0 y=0.0 z=4360.0 rename='rf_c_51'
place   cav52   copies=1 x=0.0 y=0.0 z=4440.0 rename='rf_d_52'
place   cav53   copies=1 x=0.0 y=0.0 z=4520.1 rename='rf_e_53'
place   cav60   copies=1 x=0.0 y=0.0 z=5079.9 rename='rf_b_60'
place   cav61   copies=1 x=0.0 y=0.0 z=5160.0 rename='rf_c_61'
place   cav62   copies=1 x=0.0 y=0.0 z=5240.0 rename='rf_d_62'
place   cav63   copies=1 x=0.0 y=0.0 z=5320.1 rename='rf_e_63'
place   cav70   copies=1 x=0.0 y=0.0 z=5879.9 rename='rf_b_70'
place   cav71   copies=1 x=0.0 y=0.0 z=5960.0 rename='rf_c_71'
place   cav72   copies=1 x=0.0 y=0.0 z=6040.0 rename='rf_d_72'
place   cav73   copies=1 x=0.0 y=0.0 z=6120.1 rename='rf_e_73'
place   cav80   copies=1 x=0.0 y=0.0 z=6679.9 rename='rf_b_80'
place   cav81   copies=1 x=0.0 y=0.0 z=6760.0 rename='rf_c_81'
place   cav82   copies=1 x=0.0 y=0.0 z=6840.0 rename='rf_d_82'
place   cav83   copies=1 x=0.0 y=0.0 z=6920.1 rename='rf_e_83'
place   cav90   copies=1 x=0.0 y=0.0 z=7479.9 rename='rf_b_90'
place   cav91   copies=1 x=0.0 y=0.0 z=7560.0 rename='rf_c_91'
place   cav92   copies=1 x=0.0 y=0.0 z=7640.0 rename='rf_d_92'
place   cav93   copies=1 x=0.0 y=0.0 z=7720.1 rename='rf_e_93'
place   cav100  copies=1 x=0.0 y=0.0 z=8279.9 rename='rf_b_100'
place   cav101  copies=1 x=0.0 y=0.0 z=8360.0 rename='rf_c_101'
place   cav102  copies=1 x=0.0 y=0.0 z=8440.0 rename='rf_d_102'
place   cav103  copies=1 x=0.0 y=0.0 z=8520.1 rename='rf_e_103'
place   cav110  copies=1 x=0.0 y=0.0 z=9079.9 rename='rf_b_110'
place   cav111  copies=1 x=0.0 y=0.0 z=9160.0 rename='rf_c_111'
place   cav112  copies=1 x=0.0 y=0.0 z=9240.0 rename='rf_d_112'
place   cav113  copies=1 x=0.0 y=0.0 z=9320.1 rename='rf_e_113'
place   cav120  copies=1 x=0.0 y=0.0 z=9879.9 rename='rf_b_120'
place   cav121  copies=1 x=0.0 y=0.0 z=9960.0 rename='rf_c_121'
place   cav122  copies=1 x=0.0 y=0.0 z=10040.0 rename='rf_d_122'
place   cav123  copies=1 x=0.0 y=0.0 z=10120.1 rename='rf_e_123'
place   cav130  copies=1 x=0.0 y=0.0 z=10679.9 rename='rf_b_130'
place   cav131  copies=1 x=0.0 y=0.0 z=10760.0 rename='rf_c_131'
place   cav132  copies=1 x=0.0 y=0.0 z=10840.0 rename='rf_d_132'
place   cav133  copies=1 x=0.0 y=0.0 z=10920.1 rename='rf_e_133'
place   cav140  copies=1 x=0.0 y=0.0 z=11479.9 rename='rf_b_140'
place   cav141  copies=1 x=0.0 y=0.0 z=11560.0 rename='rf_c_141'
place   cav142  copies=1 x=0.0 y=0.0 z=11640.0 rename='rf_d_142'
place   cav143  copies=1 x=0.0 y=0.0 z=11720.1 rename='rf_e_143'
place   cav150  copies=1 x=0.0 y=0.0 z=12279.9 rename='rf_b_150'
place   cav151  copies=1 x=0.0 y=0.0 z=12360.0 rename='rf_c_151'
place   cav152  copies=1 x=0.0 y=0.0 z=12440.0 rename='rf_d_152'
place   cav153  copies=1 x=0.0 y=0.0 z=12520.1 rename='rf_e_153'
place   cav160  copies=1 x=0.0 y=0.0 z=13079.9 rename='rf_b_160'
place   cav161  copies=1 x=0.0 y=0.0 z=13160.0 rename='rf_c_161'
place   cav162  copies=1 x=0.0 y=0.0 z=13240.0 rename='rf_d_162'
place   cav163  copies=1 x=0.0 y=0.0 z=13320.1 rename='rf_e_163'
place   cav170  copies=1 x=0.0 y=0.0 z=13879.9 rename='rf_b_170'
place   cav171  copies=1 x=0.0 y=0.0 z=13960.0 rename='rf_c_171'
place   cav172  copies=1 x=0.0 y=0.0 z=14040.0 rename='rf_d_172'
place   cav173  copies=1 x=0.0 y=0.0 z=14120.1 rename='rf_e_173'
place   cav180  copies=1 x=0.0 y=0.0 z=14679.9 rename='rf_b_180'
place   cav181  copies=1 x=0.0 y=0.0 z=14760.0 rename='rf_c_181'
place   cav182  copies=1 x=0.0 y=0.0 z=14840.0 rename='rf_d_182'
place   cav183  copies=1 x=0.0 y=0.0 z=14920.1 rename='rf_e_183'
place   cav190  copies=1 x=0.0 y=0.0 z=15479.9 rename='rf_b_190'
place   cav191  copies=1 x=0.0 y=0.0 z=15560.0 rename='rf_c_191'
place   cav192  copies=1 x=0.0 y=0.0 z=15640.0 rename='rf_d_192'
place   cav193  copies=1 x=0.0 y=0.0 z=15720.1 rename='rf_e_193'
place   cav200  copies=1 x=0.0 y=0.0 z=16279.9 rename='rf_b_200'
place   cav201  copies=1 x=0.0 y=0.0 z=16360.0 rename='rf_c_201'
place   cav202  copies=1 x=0.0 y=0.0 z=16440.0 rename='rf_d_202'
place   cav203  copies=1 x=0.0 y=0.0 z=16520.1 rename='rf_e_203'
place   cav210  copies=1 x=0.0 y=0.0 z=17079.9 rename='rf_b_210'
place   cav211  copies=1 x=0.0 y=0.0 z=17160.0 rename='rf_c_211'
place   cav212  copies=1 x=0.0 y=0.0 z=17240.0 rename='rf_d_212'
place   cav213  copies=1 x=0.0 y=0.0 z=17320.1 rename='rf_e_213'
place   cav220  copies=1 x=0.0 y=0.0 z=17879.9 rename='rf_b_220'
place   cav221  copies=1 x=0.0 y=0.0 z=17960.0 rename='rf_c_221'
place   cav222  copies=1 x=0.0 y=0.0 z=18040.0 rename='rf_d_222'
place   cav223  copies=1 x=0.0 y=0.0 z=18120.1 rename='rf_e_223'
place   cav230  copies=1 x=0.0 y=0.0 z=18679.9 rename='rf_b_230'
place   cav231  copies=1 x=0.0 y=0.0 z=18760.0 rename='rf_c_231'
place   cav232  copies=1 x=0.0 y=0.0 z=18840.0 rename='rf_d_232'
place   cav233  copies=1 x=0.0 y=0.0 z=18920.1 rename='rf_e_233'
place   cav240  copies=1 x=0.0 y=0.0 z=19479.9 rename='rf_b_240'
place   cav241  copies=1 x=0.0 y=0.0 z=19560.0 rename='rf_c_241'
place   cav242  copies=1 x=0.0 y=0.0 z=19640.0 rename='rf_d_242'
place   cav243  copies=1 x=0.0 y=0.0 z=19720.1 rename='rf_e_243'
place   cav250  copies=1 x=0.0 y=0.0 z=20279.9 rename='rf_b_250'
place   cav251  copies=1 x=0.0 y=0.0 z=20360.0 rename='rf_c_251'
place   cav252  copies=1 x=0.0 y=0.0 z=20440.0 rename='rf_d_252'
place   cav253  copies=1 x=0.0 y=0.0 z=20520.1 rename='rf_e_253'
place   cav260  copies=1 x=0.0 y=0.0 z=21079.9 rename='rf_b_260'
place   cav261  copies=1 x=0.0 y=0.0 z=21160.0 rename='rf_c_261'
place   cav262  copies=1 x=0.0 y=0.0 z=21240.0 rename='rf_d_262'
place   cav263  copies=1 x=0.0 y=0.0 z=21320.1 rename='rf_e_263'
place   cav270  copies=1 x=0.0 y=0.0 z=21879.9 rename='rf_b_270'
place   cav271  copies=1 x=0.0 y=0.0 z=21960.0 rename='rf_c_271'
place   cav272  copies=1 x=0.0 y=0.0 z=22040.0 rename='rf_d_272'
place   cav273  copies=1 x=0.0 y=0.0 z=22120.1 rename='rf_e_273'
place   cav280  copies=1 x=0.0 y=0.0 z=22679.9 rename='rf_b_280'
place   cav281  copies=1 x=0.0 y=0.0 z=22760.0 rename='rf_c_281'
place   cav282  copies=1 x=0.0 y=0.0 z=22840.0 rename='rf_d_282'
place   cav283  copies=1 x=0.0 y=0.0 z=22920.1 rename='rf_e_283'
place   cav290  copies=1 x=0.0 y=0.0 z=23479.9 rename='rf_b_290'
place   cav291  copies=1 x=0.0 y=0.0 z=23560.0 rename='rf_c_291'
place   cav292  copies=1 x=0.0 y=0.0 z=23640.0 rename='rf_d_292'
place   cav293  copies=1 x=0.0 y=0.0 z=23720.1 rename='rf_e_293'
place   cav300  copies=1 x=0.0 y=0.0 z=24279.9 rename='rf_b_300'
place   cav301  copies=1 x=0.0 y=0.0 z=24360.0 rename='rf_c_301'
place   cav302  copies=1 x=0.0 y=0.0 z=24440.0 rename='rf_d_302'
place   cav303  copies=1 x=0.0 y=0.0 z=24520.1 rename='rf_e_303'
place   cav310  copies=1 x=0.0 y=0.0 z=25079.9 rename='rf_b_310'
place   cav311  copies=1 x=0.0 y=0.0 z=25160.0 rename='rf_c_311'
place   cav312  copies=1 x=0.0 y=0.0 z=25240.0 rename='rf_d_312'
place   cav313  copies=1 x=0.0 y=0.0 z=25320.1 rename='rf_e_313'
place   cav320  copies=1 x=0.0 y=0.0 z=25879.9 rename='rf_b_320'
place   cav321  copies=1 x=0.0 y=0.0 z=25960.0 rename='rf_c_321'
place   cav322  copies=1 x=0.0 y=0.0 z=26040.0 rename='rf_d_322'
place   cav323  copies=1 x=0.0 y=0.0 z=26120.1 rename='rf_e_323'
place   cav330  copies=1 x=0.0 y=0.0 z=26679.9 rename='rf_b_330'
place   cav331  copies=1 x=0.0 y=0.0 z=26760.0 rename='rf_c_331'
place   cav332  copies=1 x=0.0 y=0.0 z=26840.0 rename='rf_d_332'
place   cav333  copies=1 x=0.0 y=0.0 z=26920.1 rename='rf_e_333'
place   cav340  copies=1 x=0.0 y=0.0 z=27479.9 rename='rf_b_340'
place   cav341  copies=1 x=0.0 y=0.0 z=27560.0 rename='rf_c_341'
place   cav342  copies=1 x=0.0 y=0.0 z=27640.0 rename='rf_d_342'
place   cav343  copies=1 x=0.0 y=0.0 z=27720.1 rename='rf_e_343'
place   cav350  copies=1 x=0.0 y=0.0 z=28279.9 rename='rf_b_350'
place   cav351  copies=1 x=0.0 y=0.0 z=28360.0 rename='rf_c_351'
place   cav352  copies=1 x=0.0 y=0.0 z=28440.0 rename='rf_d_352'
place   cav353  copies=1 x=0.0 y=0.0 z=28520.1 rename='rf_e_353'
place   cav360  copies=1 x=0.0 y=0.0 z=29079.9 rename='rf_b_360'
place   cav361  copies=1 x=0.0 y=0.0 z=29160.0 rename='rf_c_361'
place   cav362  copies=1 x=0.0 y=0.0 z=29240.0 rename='rf_d_362'
place   cav363  copies=1 x=0.0 y=0.0 z=29320.1 rename='rf_e_363'
place   cav370  copies=1 x=0.0 y=0.0 z=29879.9 rename='rf_b_370'
place   cav371  copies=1 x=0.0 y=0.0 z=29960.0 rename='rf_c_371'
place   cav372  copies=1 x=0.0 y=0.0 z=30040.0 rename='rf_d_372'
place   cav373  copies=1 x=0.0 y=0.0 z=30120.1 rename='rf_e_373'
place   cav380  copies=1 x=0.0 y=0.0 z=30679.9 rename='rf_b_380'
place   cav381  copies=1 x=0.0 y=0.0 z=30760.0 rename='rf_c_381'
place   cav382  copies=1 x=0.0 y=0.0 z=30840.0 rename='rf_d_382'
place   cav383  copies=1 x=0.0 y=0.0 z=30920.1 rename='rf_e_383'
place   cav390  copies=1 x=0.0 y=0.0 z=31479.9 rename='rf_b_390'
place   cav391  copies=1 x=0.0 y=0.0 z=31560.0 rename='rf_c_391'
place   cav392  copies=1 x=0.0 y=0.0 z=31640.0 rename='rf_d_392'
place   cav393  copies=1 x=0.0 y=0.0 z=31720.1 rename='rf_e_393'
place   cav400  copies=1 x=0.0 y=0.0 z=32279.9 rename='rf_b_400'
place   cav401  copies=1 x=0.0 y=0.0 z=32360.0 rename='rf_c_401'
place   cav402  copies=1 x=0.0 y=0.0 z=32440.0 rename='rf_d_402'
place   cav403  copies=1 x=0.0 y=0.0 z=32520.1 rename='rf_e_403'
place   cav410  copies=1 x=0.0 y=0.0 z=33079.9 rename='rf_b_410'
place   cav411  copies=1 x=0.0 y=0.0 z=33160.0 rename='rf_c_411'
place   cav412  copies=1 x=0.0 y=0.0 z=33240.0 rename='rf_d_412'
place   cav413  copies=1 x=0.0 y=0.0 z=33320.1 rename='rf_e_413'
place   cav420  copies=1 x=0.0 y=0.0 z=33879.9 rename='rf_b_420'
place   cav421  copies=1 x=0.0 y=0.0 z=33960.0 rename='rf_c_421'
place   cav422  copies=1 x=0.0 y=0.0 z=34040.0 rename='rf_d_422'
place   cav423  copies=1 x=0.0 y=0.0 z=34120.1 rename='rf_e_423'
place   cav430  copies=1 x=0.0 y=0.0 z=34679.9 rename='rf_b_430'
place   cav431  copies=1 x=0.0 y=0.0 z=34760.0 rename='rf_c_431'
place   cav432  copies=1 x=0.0 y=0.0 z=34840.0 rename='rf_d_432'
place   cav433  copies=1 x=0.0 y=0.0 z=34920.1 rename='rf_e_433'
place   cav440  copies=1 x=0.0 y=0.0 z=35479.9 rename='rf_b_440'
place   cav441  copies=1 x=0.0 y=0.0 z=35560.0 rename='rf_c_441'
place   cav442  copies=1 x=0.0 y=0.0 z=35640.0 rename='rf_d_442'
place   cav443  copies=1 x=0.0 y=0.0 z=35720.1 rename='rf_e_443'
place   cav450  copies=1 x=0.0 y=0.0 z=36279.9 rename='rf_b_450'
place   cav451  copies=1 x=0.0 y=0.0 z=36360.0 rename='rf_c_451'
place   cav452  copies=1 x=0.0 y=0.0 z=36440.0 rename='rf_d_452'
place   cav453  copies=1 x=0.0 y=0.0 z=36520.1 rename='rf_e_453'
place   cav460  copies=1 x=0.0 y=0.0 z=37079.9 rename='rf_b_460'
place   cav461  copies=1 x=0.0 y=0.0 z=37160.0 rename='rf_c_461'
place   cav462  copies=1 x=0.0 y=0.0 z=37240.0 rename='rf_d_462'
place   cav463  copies=1 x=0.0 y=0.0 z=37320.1 rename='rf_e_463'
place   cav470  copies=1 x=0.0 y=0.0 z=37879.9 rename='rf_b_470'
place   cav471  copies=1 x=0.0 y=0.0 z=37960.0 rename='rf_c_471'
place   cav472  copies=1 x=0.0 y=0.0 z=38040.0 rename='rf_d_472'
place   cav473  copies=1 x=0.0 y=0.0 z=38120.1 rename='rf_e_473'
place   cav480  copies=1 x=0.0 y=0.0 z=38679.9 rename='rf_b_480'
place   cav481  copies=1 x=0.0 y=0.0 z=38760.0 rename='rf_c_481'
place   cav482  copies=1 x=0.0 y=0.0 z=38840.0 rename='rf_d_482'
place   cav483  copies=1 x=0.0 y=0.0 z=38920.1 rename='rf_e_483'
place   cav490  copies=1 x=0.0 y=0.0 z=39479.9 rename='rf_b_490'
place   cav491  copies=1 x=0.0 y=0.0 z=39560.0 rename='rf_c_491'
place   cav492  copies=1 x=0.0 y=0.0 z=39640.0 rename='rf_d_492'
place   cav493  copies=1 x=0.0 y=0.0 z=39720.1 rename='rf_e_493'
place   cav500  copies=1 x=0.0 y=0.0 z=40279.9 rename='rf_b_500'
place   cav501  copies=1 x=0.0 y=0.0 z=40360.0 rename='rf_c_501'
place   cav502  copies=1 x=0.0 y=0.0 z=40440.0 rename='rf_d_502'
place   cav503  copies=1 x=0.0 y=0.0 z=40520.1 rename='rf_e_503'
place   cav510  copies=1 x=0.0 y=0.0 z=41079.9 rename='rf_b_510'
place   cav511  copies=1 x=0.0 y=0.0 z=41160.0 rename='rf_c_511'
place   cav512  copies=1 x=0.0 y=0.0 z=41240.0 rename='rf_d_512'
place   cav513  copies=1 x=0.0 y=0.0 z=41320.1 rename='rf_e_513'
place   cav520  copies=1 x=0.0 y=0.0 z=41879.9 rename='rf_b_520'
place   cav521  copies=1 x=0.0 y=0.0 z=41960.0 rename='rf_c_521'
place   cav522  copies=1 x=0.0 y=0.0 z=42040.0 rename='rf_d_522'
place   cav523  copies=1 x=0.0 y=0.0 z=42120.1 rename='rf_e_523'
place   cav530  copies=1 x=0.0 y=0.0 z=42679.9 rename='rf_b_530'
place   cav531  copies=1 x=0.0 y=0.0 z=42760.0 rename='rf_c_531'
place   cav532  copies=1 x=0.0 y=0.0 z=42840.0 rename='rf_d_532'
place   cav533  copies=1 x=0.0 y=0.0 z=42920.1 rename='rf_e_533'
place   cav540  copies=1 x=0.0 y=0.0 z=43479.9 rename='rf_b_540'
place   cav541  copies=1 x=0.0 y=0.0 z=43560.0 rename='rf_c_541'
place   cav542  copies=1 x=0.0 y=0.0 z=43640.0 rename='rf_d_542'
place   cav543  copies=1 x=0.0 y=0.0 z=43720.1 rename='rf_e_543'
place   cav550  copies=1 x=0.0 y=0.0 z=44279.9 rename='rf_b_550'
place   cav551  copies=1 x=0.0 y=0.0 z=44360.0 rename='rf_c_551'
place   cav552  copies=1 x=0.0 y=0.0 z=44440.0 rename='rf_d_552'
place   cav553  copies=1 x=0.0 y=0.0 z=44520.1 rename='rf_e_553'
place   cav560  copies=1 x=0.0 y=0.0 z=45079.9 rename='rf_b_560'
place   cav561  copies=1 x=0.0 y=0.0 z=45160.0 rename='rf_c_561'
place   cav562  copies=1 x=0.0 y=0.0 z=45240.0 rename='rf_d_562'
place   cav563  copies=1 x=0.0 y=0.0 z=45320.1 rename='rf_e_563'
place   cav570  copies=1 x=0.0 y=0.0 z=45879.9 rename='rf_b_570'
place   cav571  copies=1 x=0.0 y=0.0 z=45960.0 rename='rf_c_571'
place   cav572  copies=1 x=0.0 y=0.0 z=46040.0 rename='rf_d_572'
place   cav573  copies=1 x=0.0 y=0.0 z=46120.1 rename='rf_e_573'
place   cav580  copies=1 x=0.0 y=0.0 z=46679.9 rename='rf_b_580'
place   cav581  copies=1 x=0.0 y=0.0 z=46760.0 rename='rf_c_581'
place   cav582  copies=1 x=0.0 y=0.0 z=46840.0 rename='rf_d_582'
place   cav583  copies=1 x=0.0 y=0.0 z=46920.1 rename='rf_e_583'
place   cav590  copies=1 x=0.0 y=0.0 z=47479.9 rename='rf_b_590'
place   cav591  copies=1 x=0.0 y=0.0 z=47560.0 rename='rf_c_591'
place   cav592  copies=1 x=0.0 y=0.0 z=47640.0 rename='rf_d_592'
place   cav593  copies=1 x=0.0 y=0.0 z=47720.1 rename='rf_e_593'
place   cav600  copies=1 x=0.0 y=0.0 z=48279.9 rename='rf_b_600'
place   cav601  copies=1 x=0.0 y=0.0 z=48360.0 rename='rf_c_601'
place   cav602  copies=1 x=0.0 y=0.0 z=48440.0 rename='rf_d_602'
place   cav603  copies=1 x=0.0 y=0.0 z=48520.1 rename='rf_e_603'
do i=0,60,1
(do i=0)
place   all_wedge copies=1 x=-1.8 y=0.0 z=0.0 rename='wedge_0'rotation='X90,Y90'
(do i=1)
place   all_wedge copies=1 x=-1.8 y=0.0 z=800.0 rename='wedge_1'rotation='X90,Y90'
(do i=2)
place   all_wedge copies=1 x=-1.8 y=0.0 z=1600.0 rename='wedge_2'rotation='X90,Y90'
(do i=3)
place   all_wedge copies=1 x=-1.8 y=0.0 z=2400.0 rename='wedge_3'rotation='X90,Y90'
(do i=4)
place   all_wedge copies=1 x=-1.8 y=0.0 z=3200.0 rename='wedge_4'rotation='X90,Y90'
(do i=5)
place   all_wedge copies=1 x=-1.8 y=0.0 z=4000.0 rename='wedge_5'rotation='X90,Y90'
(do i=6)
place   all_wedge copies=1 x=-1.8 y=0.0 z=4800.0 rename='wedge_6'rotation='X90,Y90'
(do i=7)
place   all_wedge copies=1 x=-1.8 y=0.0 z=5600.0 rename='wedge_7'rotation='X90,Y90'
(do i=8)
place   all_wedge copies=1 x=-1.8 y=0.0 z=6400.0 rename='wedge_8'rotation='X90,Y90'
(do i=9)
place   all_wedge copies=1 x=-1.8 y=0.0 z=7200.0 rename='wedge_9'rotation='X90,Y90'
(do i=10)
place   all_wedge copies=1 x=-1.8 y=0.0 z=8000.0 rename='wedge_10'rotation='X90,Y90'
(do i=11)
place   all_wedge copies=1 x=-1.8 y=0.0 z=8800.0 rename='wedge_11'rotation='X90,Y90'
(do i=12)
place   all_wedge copies=1 x=-1.8 y=0.0 z=9600.0 rename='wedge_12'rotation='X90,Y90'
(do i=13)
place   all_wedge copies=1 x=-1.8 y=0.0 z=10400.0 rename='wedge_13'rotation='X90,Y90'
(do i=14)
place   all_wedge copies=1 x=-1.8 y=0.0 z=11200.0 rename='wedge_14'rotation='X90,Y90'
(do i=15)
place   all_wedge copies=1 x=-1.8 y=0.0 z=12000.0 rename='wedge_15'rotation='X90,Y90'
(do i=16)
place   all_wedge copies=1 x=-1.8 y=0.0 z=12800.0 rename='wedge_16'rotation='X90,Y90'
(do i=17)
place   all_wedge copies=1 x=-1.8 y=0.0 z=13600.0 rename='wedge_17'rotation='X90,Y90'
(do i=18)
place   all_wedge copies=1 x=-1.8 y=0.0 z=14400.0 rename='wedge_18'rotation='X90,Y90'
(do i=19)
place   all_wedge copies=1 x=-1.8 y=0.0 z=15200.0 rename='wedge_19'rotation='X90,Y90'
(do i=20)
place   all_wedge copies=1 x=-1.8 y=0.0 z=16000.0 rename='wedge_20'rotation='X90,Y90'
(do i=21)
place   all_wedge copies=1 x=-1.8 y=0.0 z=16800.0 rename='wedge_21'rotation='X90,Y90'
(do i=22)
place   all_wedge copies=1 x=-1.8 y=0.0 z=17600.0 rename='wedge_22'rotation='X90,Y90'
(do i=23)
place   all_wedge copies=1 x=-1.8 y=0.0 z=18400.0 rename='wedge_23'rotation='X90,Y90'
(do i=24)
place   all_wedge copies=1 x=-1.8 y=0.0 z=19200.0 rename='wedge_24'rotation='X90,Y90'
(do i=25)
place   all_wedge copies=1 x=-1.8 y=0.0 z=20000.0 rename='wedge_25'rotation='X90,Y90'
(do i=26)
place   all_wedge copies=1 x=-1.8 y=0.0 z=20800.0 rename='wedge_26'rotation='X90,Y90'
(do i=27)
place   all_wedge copies=1 x=-1.8 y=0.0 z=21600.0 rename='wedge_27'rotation='X90,Y90'
(do i=28)
place   all_wedge copies=1 x=-1.8 y=0.0 z=22400.0 rename='wedge_28'rotation='X90,Y90'
(do i=29)
place   all_wedge copies=1 x=-1.8 y=0.0 z=23200.0 rename='wedge_29'rotation='X90,Y90'
(do i=30)
place   all_wedge copies=1 x=-1.8 y=0.0 z=24000.0 rename='wedge_30'rotation='X90,Y90'
(do i=31)
place   all_wedge copies=1 x=-1.8 y=0.0 z=24800.0 rename='wedge_31'rotation='X90,Y90'
(do i=32)
place   all_wedge copies=1 x=-1.8 y=0.0 z=25600.0 rename='wedge_32'rotation='X90,Y90'
(do i=33)
place   all_wedge copies=1 x=-1.8 y=0.0 z=26400.0 rename='wedge_33'rotation='X90,Y90'
(do i=34)
place   all_wedge copies=1 x=-1.8 y=0.0 z=27200.0 rename='wedge_34'rotation='X90,Y90'
(do i=35)
place   all_wedge copies=1 x=-1.8 y=0.0 z=28000.0 rename='wedge_35'rotation='X90,Y90'
(do i=36)
place   all_wedge copies=1 x=-1.8 y=0.0 z=28800.0 rename='wedge_36'rotation='X90,Y90'
(do i=37)
place   all_wedge copies=1 x=-1.8 y=0.0 z=29600.0 rename='wedge_37'rotation='X90,Y90'
(do i=38)
place   all_wedge copies=1 x=-1.8 y=0.0 z=30400.0 rename='wedge_38'rotation='X90,Y90'
(do i=39)
place   all_wedge copies=1 x=-1.8 y=0.0 z=31200.0 rename='wedge_39'rotation='X90,Y90'
(do i=40)
place   all_wedge copies=1 x=-1.8 y=0.0 z=32000.0 rename='wedge_40'rotation='X90,Y90'
(do i=41)
place   all_wedge copies=1 x=-1.8 y=0.0 z=32800.0 rename='wedge_41'rotation='X90,Y90'
(do i=42)
place   all_wedge copies=1 x=-1.8 y=0.0 z=33600.0 rename='wedge_42'rotation='X90,Y90'
(do i=43)
place   all_wedge copies=1 x=-1.8 y=0.0 z=34400.0 rename='wedge_43'rotation='X90,Y90'
(do i=44)
place   all_wedge copies=1 x=-1.8 y=0.0 z=35200.0 rename='wedge_44'rotation='X90,Y90'
(do i=45)
place   all_wedge copies=1 x=-1.8 y=0.0 z=36000.0 rename='wedge_45'rotation='X90,Y90'
(do i=46)
place   all_wedge copies=1 x=-1.8 y=0.0 z=36800.0 rename='wedge_46'rotation='X90,Y90'
(do i=47)
place   all_wedge copies=1 x=-1.8 y=0.0 z=37600.0 rename='wedge_47'rotation='X90,Y90'
(do i=48)
place   all_wedge copies=1 x=-1.8 y=0.0 z=38400.0 rename='wedge_48'rotation='X90,Y90'
(do i=49)
place   all_wedge copies=1 x=-1.8 y=0.0 z=39200.0 rename='wedge_49'rotation='X90,Y90'
(do i=50)
place   all_wedge copies=1 x=-1.8 y=0.0 z=40000.0 rename='wedge_50'rotation='X90,Y90'
(do i=51)
place   all_wedge copies=1 x=-1.8 y=0.0 z=40800.0 rename='wedge_51'rotation='X90,Y90'
(do i=52)
place   all_wedge copies=1 x=-1.8 y=0.0 z=41600.0 rename='wedge_52'rotation='X90,Y90'
(do i=53)
place   all_wedge copies=1 x=-1.8 y=0.0 z=42400.0 rename='wedge_53'rotation='X90,Y90'
(do i=54)
place   all_wedge copies=1 x=-1.8 y=0.0 z=43200.0 rename='wedge_54'rotation='X90,Y90'
(do i=55)
place   all_wedge copies=1 x=-1.8 y=0.0 z=44000.0 rename='wedge_55'rotation='X90,Y90'
(do i=56)
place   all_wedge copies=1 x=-1.8 y=0.0 z=44800.0 rename='wedge_56'rotation='X90,Y90'
(do i=57)
place   all_wedge copies=1 x=-1.8 y=0.0 z=45600.0 rename='wedge_57'rotation='X90,Y90'
(do i=58)
place   all_wedge copies=1 x=-1.8 y=0.0 z=46400.0 rename='wedge_58'rotation='X90,Y90'
(do i=59)
place   all_wedge copies=1 x=-1.8 y=0.0 z=47200.0 rename='wedge_59'rotation='X90,Y90'
(do i=60)
place   all_wedge copies=1 x=-1.8 y=0.0 z=48000.0 rename='wedge_60'rotation='X90,Y90'
enddo
do i=0,60,1
(do i=0)
place   wedge_window copies=1 x=-1.8 y=0.0 z=-55.2 rotation='Y-130/2'
                color=1,0,1
place   wedge_window copies=1 x=-1.8 y=0.0 z=55.2 rotation='Y130/2'
                color=1,0,1
(do i=1)
place   wedge_window copies=1 x=-1.8 y=0.0 z=744.8 rotation='Y-130/2'
                color=1,0,1
place   wedge_window copies=1 x=-1.8 y=0.0 z=855.2 rotation='Y130/2'
                color=1,0,1
(do i=2)
place   wedge_window copies=1 x=-1.8 y=0.0 z=1544.8 rotation='Y-130/2'
                color=1,0,1
place   wedge_window copies=1 x=-1.8 y=0.0 z=1655.2 rotation='Y130/2'
                color=1,0,1
(do i=3)
place   wedge_window copies=1 x=-1.8 y=0.0 z=2344.8 rotation='Y-130/2'
                color=1,0,1
place   wedge_window copies=1 x=-1.8 y=0.0 z=2455.2 rotation='Y130/2'
                color=1,0,1
(do i=4)
place   wedge_window copies=1 x=-1.8 y=0.0 z=3144.8 rotation='Y-130/2'
                color=1,0,1
place   wedge_window copies=1 x=-1.8 y=0.0 z=3255.2 rotation='Y130/2'
                color=1,0,1
(do i=5)
place   wedge_window copies=1 x=-1.8 y=0.0 z=3944.8 rotation='Y-130/2'
                color=1,0,1
place   wedge_window copies=1 x=-1.8 y=0.0 z=4055.2 rotation='Y130/2'
                color=1,0,1
(do i=6)
place   wedge_window copies=1 x=-1.8 y=0.0 z=4744.8 rotation='Y-130/2'
                color=1,0,1
place   wedge_window copies=1 x=-1.8 y=0.0 z=4855.2 rotation='Y130/2'
                color=1,0,1
(do i=7)
place   wedge_window copies=1 x=-1.8 y=0.0 z=5544.8 rotation='Y-130/2'
                color=1,0,1
place   wedge_window copies=1 x=-1.8 y=0.0 z=5655.2 rotation='Y130/2'
                color=1,0,1
(do i=8)
place   wedge_window copies=1 x=-1.8 y=0.0 z=6344.8 rotation='Y-130/2'
                color=1,0,1
place   wedge_window copies=1 x=-1.8 y=0.0 z=6455.2 rotation='Y130/2'
                color=1,0,1
(do i=9)
place   wedge_window copies=1 x=-1.8 y=0.0 z=7144.8 rotation='Y-130/2'
                color=1,0,1
place   wedge_window copies=1 x=-1.8 y=0.0 z=7255.2 rotation='Y130/2'
                color=1,0,1
(do i=10)
place   wedge_window copies=1 x=-1.8 y=0.0 z=7944.8 rotation='Y-130/2'
                color=1,0,1
place   wedge_window copies=1 x=-1.8 y=0.0 z=8055.2 rotation='Y130/2'
                color=1,0,1
(do i=11)
place   wedge_window copies=1 x=-1.8 y=0.0 z=8744.8 rotation='Y-130/2'
                color=1,0,1
place   wedge_window copies=1 x=-1.8 y=0.0 z=8855.2 rotation='Y130/2'
                color=1,0,1
(do i=12)
place   wedge_window copies=1 x=-1.8 y=0.0 z=9544.8 rotation='Y-130/2'
                color=1,0,1
place   wedge_window copies=1 x=-1.8 y=0.0 z=9655.2 rotation='Y130/2'
                color=1,0,1
(do i=13)
place   wedge_window copies=1 x=-1.8 y=0.0 z=10344.8 rotation='Y-130/2'
                color=1,0,1
place   wedge_window copies=1 x=-1.8 y=0.0 z=10455.2 rotation='Y130/2'
                color=1,0,1
(do i=14)
place   wedge_window copies=1 x=-1.8 y=0.0 z=11144.8 rotation='Y-130/2'
                color=1,0,1
place   wedge_window copies=1 x=-1.8 y=0.0 z=11255.2 rotation='Y130/2'
                color=1,0,1
(do i=15)
place   wedge_window copies=1 x=-1.8 y=0.0 z=11944.8 rotation='Y-130/2'
                color=1,0,1
place   wedge_window copies=1 x=-1.8 y=0.0 z=12055.2 rotation='Y130/2'
                color=1,0,1
(do i=16)
place   wedge_window copies=1 x=-1.8 y=0.0 z=12744.8 rotation='Y-130/2'
                color=1,0,1
place   wedge_window copies=1 x=-1.8 y=0.0 z=12855.2 rotation='Y130/2'
                color=1,0,1
(do i=17)
place   wedge_window copies=1 x=-1.8 y=0.0 z=13544.8 rotation='Y-130/2'
                color=1,0,1
place   wedge_window copies=1 x=-1.8 y=0.0 z=13655.2 rotation='Y130/2'
                color=1,0,1
(do i=18)
place   wedge_window copies=1 x=-1.8 y=0.0 z=14344.8 rotation='Y-130/2'
                color=1,0,1
place   wedge_window copies=1 x=-1.8 y=0.0 z=14455.2 rotation='Y130/2'
                color=1,0,1
(do i=19)
place   wedge_window copies=1 x=-1.8 y=0.0 z=15144.8 rotation='Y-130/2'
                color=1,0,1
place   wedge_window copies=1 x=-1.8 y=0.0 z=15255.2 rotation='Y130/2'
                color=1,0,1
(do i=20)
place   wedge_window copies=1 x=-1.8 y=0.0 z=15944.8 rotation='Y-130/2'
                color=1,0,1
place   wedge_window copies=1 x=-1.8 y=0.0 z=16055.2 rotation='Y130/2'
                color=1,0,1
(do i=21)
place   wedge_window copies=1 x=-1.8 y=0.0 z=16744.8 rotation='Y-130/2'
                color=1,0,1
place   wedge_window copies=1 x=-1.8 y=0.0 z=16855.2 rotation='Y130/2'
                color=1,0,1
(do i=22)
place   wedge_window copies=1 x=-1.8 y=0.0 z=17544.8 rotation='Y-130/2'
                color=1,0,1
place   wedge_window copies=1 x=-1.8 y=0.0 z=17655.2 rotation='Y130/2'
                color=1,0,1
(do i=23)
place   wedge_window copies=1 x=-1.8 y=0.0 z=18344.8 rotation='Y-130/2'
                color=1,0,1
place   wedge_window copies=1 x=-1.8 y=0.0 z=18455.2 rotation='Y130/2'
                color=1,0,1
(do i=24)
place   wedge_window copies=1 x=-1.8 y=0.0 z=19144.8 rotation='Y-130/2'
                color=1,0,1
place   wedge_window copies=1 x=-1.8 y=0.0 z=19255.2 rotation='Y130/2'
                color=1,0,1
(do i=25)
place   wedge_window copies=1 x=-1.8 y=0.0 z=19944.8 rotation='Y-130/2'
                color=1,0,1
place   wedge_window copies=1 x=-1.8 y=0.0 z=20055.2 rotation='Y130/2'
                color=1,0,1
(do i=26)
place   wedge_window copies=1 x=-1.8 y=0.0 z=20744.8 rotation='Y-130/2'
                color=1,0,1
place   wedge_window copies=1 x=-1.8 y=0.0 z=20855.2 rotation='Y130/2'
                color=1,0,1
(do i=27)
place   wedge_window copies=1 x=-1.8 y=0.0 z=21544.8 rotation='Y-130/2'
                color=1,0,1
place   wedge_window copies=1 x=-1.8 y=0.0 z=21655.2 rotation='Y130/2'
                color=1,0,1
(do i=28)
place   wedge_window copies=1 x=-1.8 y=0.0 z=22344.8 rotation='Y-130/2'
                color=1,0,1
place   wedge_window copies=1 x=-1.8 y=0.0 z=22455.2 rotation='Y130/2'
                color=1,0,1
(do i=29)
place   wedge_window copies=1 x=-1.8 y=0.0 z=23144.8 rotation='Y-130/2'
                color=1,0,1
place   wedge_window copies=1 x=-1.8 y=0.0 z=23255.2 rotation='Y130/2'
                color=1,0,1
(do i=30)
place   wedge_window copies=1 x=-1.8 y=0.0 z=23944.8 rotation='Y-130/2'
                color=1,0,1
place   wedge_window copies=1 x=-1.8 y=0.0 z=24055.2 rotation='Y130/2'
                color=1,0,1
(do i=31)
place   wedge_window copies=1 x=-1.8 y=0.0 z=24744.8 rotation='Y-130/2'
                color=1,0,1
place   wedge_window copies=1 x=-1.8 y=0.0 z=24855.2 rotation='Y130/2'
                color=1,0,1
(do i=32)
place   wedge_window copies=1 x=-1.8 y=0.0 z=25544.8 rotation='Y-130/2'
                color=1,0,1
place   wedge_window copies=1 x=-1.8 y=0.0 z=25655.2 rotation='Y130/2'
                color=1,0,1
(do i=33)
place   wedge_window copies=1 x=-1.8 y=0.0 z=26344.8 rotation='Y-130/2'
                color=1,0,1
place   wedge_window copies=1 x=-1.8 y=0.0 z=26455.2 rotation='Y130/2'
                color=1,0,1
(do i=34)
place   wedge_window copies=1 x=-1.8 y=0.0 z=27144.8 rotation='Y-130/2'
                color=1,0,1
place   wedge_window copies=1 x=-1.8 y=0.0 z=27255.2 rotation='Y130/2'
                color=1,0,1
(do i=35)
place   wedge_window copies=1 x=-1.8 y=0.0 z=27944.8 rotation='Y-130/2'
                color=1,0,1
place   wedge_window copies=1 x=-1.8 y=0.0 z=28055.2 rotation='Y130/2'
                color=1,0,1
(do i=36)
place   wedge_window copies=1 x=-1.8 y=0.0 z=28744.8 rotation='Y-130/2'
                color=1,0,1
place   wedge_window copies=1 x=-1.8 y=0.0 z=28855.2 rotation='Y130/2'
                color=1,0,1
(do i=37)
place   wedge_window copies=1 x=-1.8 y=0.0 z=29544.8 rotation='Y-130/2'
                color=1,0,1
place   wedge_window copies=1 x=-1.8 y=0.0 z=29655.2 rotation='Y130/2'
                color=1,0,1
(do i=38)
place   wedge_window copies=1 x=-1.8 y=0.0 z=30344.8 rotation='Y-130/2'
                color=1,0,1
place   wedge_window copies=1 x=-1.8 y=0.0 z=30455.2 rotation='Y130/2'
                color=1,0,1
(do i=39)
place   wedge_window copies=1 x=-1.8 y=0.0 z=31144.8 rotation='Y-130/2'
                color=1,0,1
place   wedge_window copies=1 x=-1.8 y=0.0 z=31255.2 rotation='Y130/2'
                color=1,0,1
(do i=40)
place   wedge_window copies=1 x=-1.8 y=0.0 z=31944.8 rotation='Y-130/2'
                color=1,0,1
place   wedge_window copies=1 x=-1.8 y=0.0 z=32055.2 rotation='Y130/2'
                color=1,0,1
(do i=41)
place   wedge_window copies=1 x=-1.8 y=0.0 z=32744.8 rotation='Y-130/2'
                color=1,0,1
place   wedge_window copies=1 x=-1.8 y=0.0 z=32855.2 rotation='Y130/2'
                color=1,0,1
(do i=42)
place   wedge_window copies=1 x=-1.8 y=0.0 z=33544.8 rotation='Y-130/2'
                color=1,0,1
place   wedge_window copies=1 x=-1.8 y=0.0 z=33655.2 rotation='Y130/2'
                color=1,0,1
(do i=43)
place   wedge_window copies=1 x=-1.8 y=0.0 z=34344.8 rotation='Y-130/2'
                color=1,0,1
place   wedge_window copies=1 x=-1.8 y=0.0 z=34455.2 rotation='Y130/2'
                color=1,0,1
(do i=44)
place   wedge_window copies=1 x=-1.8 y=0.0 z=35144.8 rotation='Y-130/2'
                color=1,0,1
place   wedge_window copies=1 x=-1.8 y=0.0 z=35255.2 rotation='Y130/2'
                color=1,0,1
(do i=45)
place   wedge_window copies=1 x=-1.8 y=0.0 z=35944.8 rotation='Y-130/2'
                color=1,0,1
place   wedge_window copies=1 x=-1.8 y=0.0 z=36055.2 rotation='Y130/2'
                color=1,0,1
(do i=46)
place   wedge_window copies=1 x=-1.8 y=0.0 z=36744.8 rotation='Y-130/2'
                color=1,0,1
place   wedge_window copies=1 x=-1.8 y=0.0 z=36855.2 rotation='Y130/2'
                color=1,0,1
(do i=47)
place   wedge_window copies=1 x=-1.8 y=0.0 z=37544.8 rotation='Y-130/2'
                color=1,0,1
place   wedge_window copies=1 x=-1.8 y=0.0 z=37655.2 rotation='Y130/2'
                color=1,0,1
(do i=48)
place   wedge_window copies=1 x=-1.8 y=0.0 z=38344.8 rotation='Y-130/2'
                color=1,0,1
place   wedge_window copies=1 x=-1.8 y=0.0 z=38455.2 rotation='Y130/2'
                color=1,0,1
(do i=49)
place   wedge_window copies=1 x=-1.8 y=0.0 z=39144.8 rotation='Y-130/2'
                color=1,0,1
place   wedge_window copies=1 x=-1.8 y=0.0 z=39255.2 rotation='Y130/2'
                color=1,0,1
(do i=50)
place   wedge_window copies=1 x=-1.8 y=0.0 z=39944.8 rotation='Y-130/2'
                color=1,0,1
place   wedge_window copies=1 x=-1.8 y=0.0 z=40055.2 rotation='Y130/2'
                color=1,0,1
(do i=51)
place   wedge_window copies=1 x=-1.8 y=0.0 z=40744.8 rotation='Y-130/2'
                color=1,0,1
place   wedge_window copies=1 x=-1.8 y=0.0 z=40855.2 rotation='Y130/2'
                color=1,0,1
(do i=52)
place   wedge_window copies=1 x=-1.8 y=0.0 z=41544.8 rotation='Y-130/2'
                color=1,0,1
place   wedge_window copies=1 x=-1.8 y=0.0 z=41655.2 rotation='Y130/2'
                color=1,0,1
(do i=53)
place   wedge_window copies=1 x=-1.8 y=0.0 z=42344.8 rotation='Y-130/2'
                color=1,0,1
place   wedge_window copies=1 x=-1.8 y=0.0 z=42455.2 rotation='Y130/2'
                color=1,0,1
(do i=54)
place   wedge_window copies=1 x=-1.8 y=0.0 z=43144.8 rotation='Y-130/2'
                color=1,0,1
place   wedge_window copies=1 x=-1.8 y=0.0 z=43255.2 rotation='Y130/2'
                color=1,0,1
(do i=55)
place   wedge_window copies=1 x=-1.8 y=0.0 z=43944.8 rotation='Y-130/2'
                color=1,0,1
place   wedge_window copies=1 x=-1.8 y=0.0 z=44055.2 rotation='Y130/2'
                color=1,0,1
(do i=56)
place   wedge_window copies=1 x=-1.8 y=0.0 z=44744.8 rotation='Y-130/2'
                color=1,0,1
place   wedge_window copies=1 x=-1.8 y=0.0 z=44855.2 rotation='Y130/2'
                color=1,0,1
(do i=57)
place   wedge_window copies=1 x=-1.8 y=0.0 z=45544.8 rotation='Y-130/2'
                color=1,0,1
place   wedge_window copies=1 x=-1.8 y=0.0 z=45655.2 rotation='Y130/2'
                color=1,0,1
(do i=58)
place   wedge_window copies=1 x=-1.8 y=0.0 z=46344.8 rotation='Y-130/2'
                color=1,0,1
place   wedge_window copies=1 x=-1.8 y=0.0 z=46455.2 rotation='Y130/2'
                color=1,0,1
(do i=59)
place   wedge_window copies=1 x=-1.8 y=0.0 z=47144.8 rotation='Y-130/2'
                color=1,0,1
place   wedge_window copies=1 x=-1.8 y=0.0 z=47255.2 rotation='Y130/2'
                color=1,0,1
(do i=60)
place   wedge_window copies=1 x=-1.8 y=0.0 z=47944.8 rotation='Y-130/2'
                color=1,0,1
place   wedge_window copies=1 x=-1.8 y=0.0 z=48055.2 rotation='Y130/2'
                color=1,0,1
enddo
zntuple                    z= zloop=0:60*800:800 noSingles=0 format=for009
                           file=for009 filename=for009 require=PDGid==-13
                           referenceParticle=1 coordinates=Centerline

World size (before incrementing by 201.357 mm): 1000.0 H  1000.0 W  97900.0 L

PARAMETERS:
            Zcl=48110.2
          angle=1.5
        bendpos=0.1
     cavity_gas=Vacuum
    cell_length=800
   coil_length1=101.49703909799953
   coil_length2=164.82356346704634
   coil_length3=166.74942251561055
   coil_radius1=80
   coil_radius2=170
   coil_radius3=300
    coil_width1=60
    coil_width2=100
    coil_width3=200
      coilname1=coil1
      coilname2=coil2
      coilname3=coil3
       current1=183.41122994358668
       current2=132.83417805913234
       current3=136.29309795104126
     deltaChord=3.0
deltaIntersection=0.1
   deltaOneStep=0.01
         dipole=0.142
  dipole_length=100
          end_z=48010
         epsMax=0.05
         epsMin=2.5e-7
 eventTimeLimit=30
    fieldVoxels=200,200,200
         filein=beam_stage5_noerr_upt.txt
       filename=for009
          first=1
  fringe_length=180
half_wedge_length=110
      histoFile=g4beamline
    histoUpdate=0
              i=60
           last=2000
        maxStep=100.0
        minStep=0.01
         ncells=60
             pi=3.1415926
  pipe_diameter=90
    pipe_length=199.9
    pipe_radius=45
           pres=35
   ref_momentum=203
         rf_fre=0.704
        rf_grad=31.765190206205563
      rf_length=80
          rf_ph=25.612120590078483
rf_window_length=0.02
        solpos1=0.12426644595192099
        solpos2=0.13055139812162478
        solpos3=0.28401129929809593
 steppingFormat=N GLOBAL CL KE STEP VOL PROCESS
steppingVerbose=0
         viewer=none
 wallClockLimit=-1
      wallthick=0.02
     wedge_apex=130
wedge_window_length=0.075
 win1out_radius=44.999999
  worldMaterial=Vacuum
         x_last=-3.22
          x_off=-1.7961095
         y_last=-3.49
          y_off=-2.3514067
     zTolerance=2.0
Checking overlaps for volume sol1:0 (G4Tubs) ... OK! 
BLCMDsolenoid::Construct sol1 parent= relZ=-1500.6 globZ=-1500.6
	global pos=0.0,0.0,-1500.6  Checking overlaps for volume sol3:0 (G4Tubs) ... OK! 
BLCMDsolenoid::Construct sol3 parent= relZ=-1495.6 globZ=-1495.6
	global pos=0.0,0.0,-1495.6  Checking overlaps for volume sol5:0 (G4Tubs) ... OK! 
BLCMDsolenoid::Construct sol5 parent= relZ=-1372.8 globZ=-1372.8
	global pos=0.0,0.0,-1372.8  Checking overlaps for volume sol6:0 (G4Tubs) ... OK! 
BLCMDsolenoid::Construct sol6 parent= relZ=-1027.2 globZ=-1027.2
	global pos=0.0,0.0,-1027.2  Checking overlaps for volume sol4:0 (G4Tubs) ... OK! 
BLCMDsolenoid::Construct sol4 parent= relZ=-904.4 globZ=-904.4
	global pos=0.0,0.0,-904.4  Checking overlaps for volume sol2:0 (G4Tubs) ... OK! 
BLCMDsolenoid::Construct sol2 parent= relZ=-899.4 globZ=-899.4
	global pos=0.0,0.0,-899.4  Checking overlaps for volume sol1:0 (G4Tubs) ... OK! 
BLCMDsolenoid::Construct sol1 parent= relZ=-700.6 globZ=-700.6
	global pos=0.0,0.0,-700.6  Checking overlaps for volume sol3:0 (G4Tubs) ... OK! 
BLCMDsolenoid::Construct sol3 parent= relZ=-695.6 globZ=-695.6
	global pos=0.0,0.0,-695.6  Checking overlaps for volume sol5:0 (G4Tubs) ... OK! 
BLCMDsolenoid::Construct sol5 parent= relZ=-572.8 globZ=-572.8
	global pos=0.0,0.0,-572.8  Checking overlaps for volume sol6:0 (G4Tubs) ... OK! 
BLCMDsolenoid::Construct sol6 parent= relZ=-227.2 globZ=-227.2
	global pos=0.0,0.0,-227.2  Checking overlaps for volume sol4:0 (G4Tubs) ... OK! 
BLCMDsolenoid::Construct sol4 parent= relZ=-104.4 globZ=-104.4
	global pos=0.0,0.0,-104.4  Checking overlaps for volume sol2:0 (G4Tubs) ... OK! 
BLCMDsolenoid::Construct sol2 parent= relZ=-99.4 globZ=-99.4
	global pos=0.0,0.0,-99.4  Checking overlaps for volume sol1:0 (G4Tubs) ... OK! 
BLCMDsolenoid::Construct sol1 parent= relZ=99.4 globZ=99.4
	global pos=0.0,0.0,99.4  Checking overlaps for volume sol3:0 (G4Tubs) ... OK! 
BLCMDsolenoid::Construct sol3 parent= relZ=104.4 globZ=104.4
	global pos=0.0,0.0,104.4  Checking overlaps for volume sol5:0 (G4Tubs) ... OK! 
BLCMDsolenoid::Construct sol5 parent= relZ=227.2 globZ=227.2
	global pos=0.0,0.0,227.2  Checking overlaps for volume sol6:0 (G4Tubs) ... OK! 
BLCMDsolenoid::Construct sol6 parent= relZ=572.8 globZ=572.8
	global pos=0.0,0.0,572.8  Checking overlaps for volume sol4:0 (G4Tubs) ... OK! 
BLCMDsolenoid::Construct sol4 parent= relZ=695.6 globZ=695.6
	global pos=0.0,0.0,695.6  Checking overlaps for volume sol2:0 (G4Tubs) ... OK! 
BLCMDsolenoid::Construct sol2 parent= relZ=700.6 globZ=700.6
	global pos=0.0,0.0,700.6  Checking overlaps for volume sol1:0 (G4Tubs) ... OK! 
BLCMDsolenoid::Construct sol1 parent= relZ=899.4 globZ=899.4
	global pos=0.0,0.0,899.4  Checking overlaps for volume sol3:0 (G4Tubs) ... OK! 
BLCMDsolenoid::Construct sol3 parent= relZ=904.4 globZ=904.4
	global pos=0.0,0.0,904.4  Checking overlaps for volume sol5:0 (G4Tubs) ... OK! 
BLCMDsolenoid::Construct sol5 parent= relZ=1027.2 globZ=1027.2
	global pos=0.0,0.0,1027.2  Checking overlaps for volume sol6:0 (G4Tubs) ... OK! 
BLCMDsolenoid::Construct sol6 parent= relZ=1372.8 globZ=1372.8
	global pos=0.0,0.0,1372.8  Checking overlaps for volume sol4:0 (G4Tubs) ... OK! 
BLCMDsolenoid::Construct sol4 parent= relZ=1495.6 globZ=1495.6
	global pos=0.0,0.0,1495.6  Checking overlaps for volume sol2:0 (G4Tubs) ... OK! 
BLCMDsolenoid::Construct sol2 parent= relZ=1500.6 globZ=1500.6
	global pos=0.0,0.0,1500.6  Checking overlaps for volume sol1:0 (G4Tubs) ... OK! 
BLCMDsolenoid::Construct sol1 parent= relZ=1699.4 globZ=1699.4
	global pos=0.0,0.0,1699.4  Checking overlaps for volume sol3:0 (G4Tubs) ... OK! 
BLCMDsolenoid::Construct sol3 parent= relZ=1704.4 globZ=1704.4
	global pos=0.0,0.0,1704.4  Checking overlaps for volume sol5:0 (G4Tubs) ... OK! 
BLCMDsolenoid::Construct sol5 parent= relZ=1827.2 globZ=1827.2
	global pos=0.0,0.0,1827.2  Checking overlaps for volume sol6:0 (G4Tubs) ... OK! 
BLCMDsolenoid::Construct sol6 parent= relZ=2172.8 globZ=2172.8
	global pos=0.0,0.0,2172.8  Checking overlaps for volume sol4:0 (G4Tubs) ... OK! 
BLCMDsolenoid::Construct sol4 parent= relZ=2295.6 globZ=2295.6
	global pos=0.0,0.0,2295.6  Checking overlaps for volume sol2:0 (G4Tubs) ... OK! 
BLCMDsolenoid::Construct sol2 parent= relZ=2300.6 globZ=2300.6
	global pos=0.0,0.0,2300.6  Checking overlaps for volume sol1:0 (G4Tubs) ... OK! 
BLCMDsolenoid::Construct sol1 parent= relZ=2499.4 globZ=2499.4
	global pos=0.0,0.0,2499.4  Checking overlaps for volume sol3:0 (G4Tubs) ... OK! 
BLCMDsolenoid::Construct sol3 parent= relZ=2504.4 globZ=2504.4
	global pos=0.0,0.0,2504.4  Checking overlaps for volume sol5:0 (G4Tubs) ... OK! 
BLCMDsolenoid::Construct sol5 parent= relZ=2627.2 globZ=2627.2
	global pos=0.0,0.0,2627.2  Checking overlaps for volume sol6:0 (G4Tubs) ... OK! 
BLCMDsolenoid::Construct sol6 parent= relZ=2972.8 globZ=2972.8
	global pos=0.0,0.0,2972.8  Checking overlaps for volume sol4:0 (G4Tubs) ... OK! 
BLCMDsolenoid::Construct sol4 parent= relZ=3095.6 globZ=3095.6
	global pos=0.0,0.0,3095.6  Checking overlaps for volume sol2:0 (G4Tubs) ... OK! 
BLCMDsolenoid::Construct sol2 parent= relZ=3100.6 globZ=3100.6
	global pos=0.0,0.0,3100.6  Checking overlaps for volume sol1:0 (G4Tubs) ... OK! 
BLCMDsolenoid::Construct sol1 parent= relZ=3299.4 globZ=3299.4
	global pos=0.0,0.0,3299.4  Checking overlaps for volume sol3:0 (G4Tubs) ... OK! 
BLCMDsolenoid::Construct sol3 parent= relZ=3304.4 globZ=3304.4
	global pos=0.0,0.0,3304.4  Checking overlaps for volume sol5:0 (G4Tubs) ... OK! 
BLCMDsolenoid::Construct sol5 parent= relZ=3427.2 globZ=3427.2
	global pos=0.0,0.0,3427.2  Checking overlaps for volume sol6:0 (G4Tubs) ... OK! 
BLCMDsolenoid::Construct sol6 parent= relZ=3772.8 globZ=3772.8
	global pos=0.0,0.0,3772.8  Checking overlaps for volume sol4:0 (G4Tubs) ... OK! 
BLCMDsolenoid::Construct sol4 parent= relZ=3895.6 globZ=3895.6
	global pos=0.0,0.0,3895.6  Checking overlaps for volume sol2:0 (G4Tubs) ... OK! 
BLCMDsolenoid::Construct sol2 parent= relZ=3900.6 globZ=3900.6
	global pos=0.0,0.0,3900.6  Checking overlaps for volume sol1:0 (G4Tubs) ... OK! 
BLCMDsolenoid::Construct sol1 parent= relZ=4099.4 globZ=4099.4
	global pos=0.0,0.0,4099.4  Checking overlaps for volume sol3:0 (G4Tubs) ... OK! 
BLCMDsolenoid::Construct sol3 parent= relZ=4104.4 globZ=4104.4
	global pos=0.0,0.0,4104.4  Checking overlaps for volume sol5:0 (G4Tubs) ... OK! 
BLCMDsolenoid::Construct sol5 parent= relZ=4227.2 globZ=4227.2
	global pos=0.0,0.0,4227.2  Checking overlaps for volume sol6:0 (G4Tubs) ... OK! 
BLCMDsolenoid::Construct sol6 parent= relZ=4572.8 globZ=4572.8
	global pos=0.0,0.0,4572.8  Checking overlaps for volume sol4:0 (G4Tubs) ... OK! 
BLCMDsolenoid::Construct sol4 parent= relZ=4695.6 globZ=4695.6
	global pos=0.0,0.0,4695.6  Checking overlaps for volume sol2:0 (G4Tubs) ... OK! 
BLCMDsolenoid::Construct sol2 parent= relZ=4700.6 globZ=4700.6
	global pos=0.0,0.0,4700.6  Checking overlaps for volume sol1:0 (G4Tubs) ... OK! 
BLCMDsolenoid::Construct sol1 parent= relZ=4899.4 globZ=4899.4
	global pos=0.0,0.0,4899.4  Checking overlaps for volume sol3:0 (G4Tubs) ... OK! 
BLCMDsolenoid::Construct sol3 parent= relZ=4904.4 globZ=4904.4
	global pos=0.0,0.0,4904.4  Checking overlaps for volume sol5:0 (G4Tubs) ... OK! 
BLCMDsolenoid::Construct sol5 parent= relZ=5027.2 globZ=5027.2
	global pos=0.0,0.0,5027.2  Checking overlaps for volume sol6:0 (G4Tubs) ... OK! 
BLCMDsolenoid::Construct sol6 parent= relZ=5372.8 globZ=5372.8
	global pos=0.0,0.0,5372.8  Checking overlaps for volume sol4:0 (G4Tubs) ... OK! 
BLCMDsolenoid::Construct sol4 parent= relZ=5495.6 globZ=5495.6
	global pos=0.0,0.0,5495.6  Checking overlaps for volume sol2:0 (G4Tubs) ... OK! 
BLCMDsolenoid::Construct sol2 parent= relZ=5500.6 globZ=5500.6
	global pos=0.0,0.0,5500.6  Checking overlaps for volume sol1:0 (G4Tubs) ... OK! 
BLCMDsolenoid::Construct sol1 parent= relZ=5699.4 globZ=5699.4
	global pos=0.0,0.0,5699.4  Checking overlaps for volume sol3:0 (G4Tubs) ... OK! 
BLCMDsolenoid::Construct sol3 parent= relZ=5704.4 globZ=5704.4
	global pos=0.0,0.0,5704.4  Checking overlaps for volume sol5:0 (G4Tubs) ... OK! 
BLCMDsolenoid::Construct sol5 parent= relZ=5827.2 globZ=5827.2
	global pos=0.0,0.0,5827.2  Checking overlaps for volume sol6:0 (G4Tubs) ... OK! 
BLCMDsolenoid::Construct sol6 parent= relZ=6172.8 globZ=6172.8
	global pos=0.0,0.0,6172.8  Checking overlaps for volume sol4:0 (G4Tubs) ... OK! 
BLCMDsolenoid::Construct sol4 parent= relZ=6295.6 globZ=6295.6
	global pos=0.0,0.0,6295.6  Checking overlaps for volume sol2:0 (G4Tubs) ... OK! 
BLCMDsolenoid::Construct sol2 parent= relZ=6300.6 globZ=6300.6
	global pos=0.0,0.0,6300.6  Checking overlaps for volume sol1:0 (G4Tubs) ... OK! 
BLCMDsolenoid::Construct sol1 parent= relZ=6499.4 globZ=6499.4
	global pos=0.0,0.0,6499.4  Checking overlaps for volume sol3:0 (G4Tubs) ... OK! 
BLCMDsolenoid::Construct sol3 parent= relZ=6504.4 globZ=6504.4
	global pos=0.0,0.0,6504.4  Checking overlaps for volume sol5:0 (G4Tubs) ... OK! 
BLCMDsolenoid::Construct sol5 parent= relZ=6627.2 globZ=6627.2
	global pos=0.0,0.0,6627.2  Checking overlaps for volume sol6:0 (G4Tubs) ... OK! 
BLCMDsolenoid::Construct sol6 parent= relZ=6972.8 globZ=6972.8
	global pos=0.0,0.0,6972.8  Checking overlaps for volume sol4:0 (G4Tubs) ... OK! 
BLCMDsolenoid::Construct sol4 parent= relZ=7095.6 globZ=7095.6
	global pos=0.0,0.0,7095.6  Checking overlaps for volume sol2:0 (G4Tubs) ... OK! 
BLCMDsolenoid::Construct sol2 parent= relZ=7100.6 globZ=7100.6
	global pos=0.0,0.0,7100.6  Checking overlaps for volume sol1:0 (G4Tubs) ... OK! 
BLCMDsolenoid::Construct sol1 parent= relZ=7299.4 globZ=7299.4
	global pos=0.0,0.0,7299.4  Checking overlaps for volume sol3:0 (G4Tubs) ... OK! 
BLCMDsolenoid::Construct sol3 parent= relZ=7304.4 globZ=7304.4
	global pos=0.0,0.0,7304.4  Checking overlaps for volume sol5:0 (G4Tubs) ... OK! 
BLCMDsolenoid::Construct sol5 parent= relZ=7427.2 globZ=7427.2
	global pos=0.0,0.0,7427.2  Checking overlaps for volume sol6:0 (G4Tubs) ... OK! 
BLCMDsolenoid::Construct sol6 parent= relZ=7772.8 globZ=7772.8
	global pos=0.0,0.0,7772.8  Checking overlaps for volume sol4:0 (G4Tubs) ... OK! 
BLCMDsolenoid::Construct sol4 parent= relZ=7895.6 globZ=7895.6
	global pos=0.0,0.0,7895.6  Checking overlaps for volume sol2:0 (G4Tubs) ... OK! 
BLCMDsolenoid::Construct sol2 parent= relZ=7900.6 globZ=7900.6
	global pos=0.0,0.0,7900.6  Checking overlaps for volume sol1:0 (G4Tubs) ... OK! 
BLCMDsolenoid::Construct sol1 parent= relZ=8099.4 globZ=8099.4
	global pos=0.0,0.0,8099.4  Checking overlaps for volume sol3:0 (G4Tubs) ... OK! 
BLCMDsolenoid::Construct sol3 parent= relZ=8104.4 globZ=8104.4
	global pos=0.0,0.0,8104.4  Checking overlaps for volume sol5:0 (G4Tubs) ... OK! 
BLCMDsolenoid::Construct sol5 parent= relZ=8227.2 globZ=8227.2
	global pos=0.0,0.0,8227.2  Checking overlaps for volume sol6:0 (G4Tubs) ... OK! 
BLCMDsolenoid::Construct sol6 parent= relZ=8572.8 globZ=8572.8
	global pos=0.0,0.0,8572.8  Checking overlaps for volume sol4:0 (G4Tubs) ... OK! 
BLCMDsolenoid::Construct sol4 parent= relZ=8695.6 globZ=8695.6
	global pos=0.0,0.0,8695.6  Checking overlaps for volume sol2:0 (G4Tubs) ... OK! 
BLCMDsolenoid::Construct sol2 parent= relZ=8700.6 globZ=8700.6
	global pos=0.0,0.0,8700.6  Checking overlaps for volume sol1:0 (G4Tubs) ... OK! 
BLCMDsolenoid::Construct sol1 parent= relZ=8899.4 globZ=8899.4
	global pos=0.0,0.0,8899.4  Checking overlaps for volume sol3:0 (G4Tubs) ... OK! 
BLCMDsolenoid::Construct sol3 parent= relZ=8904.4 globZ=8904.4
	global pos=0.0,0.0,8904.4  Checking overlaps for volume sol5:0 (G4Tubs) ... OK! 
BLCMDsolenoid::Construct sol5 parent= relZ=9027.2 globZ=9027.2
	global pos=0.0,0.0,9027.2  Checking overlaps for volume sol6:0 (G4Tubs) ... OK! 
BLCMDsolenoid::Construct sol6 parent= relZ=9372.8 globZ=9372.8
	global pos=0.0,0.0,9372.8  Checking overlaps for volume sol4:0 (G4Tubs) ... OK! 
BLCMDsolenoid::Construct sol4 parent= relZ=9495.6 globZ=9495.6
	global pos=0.0,0.0,9495.6  Checking overlaps for volume sol2:0 (G4Tubs) ... OK! 
BLCMDsolenoid::Construct sol2 parent= relZ=9500.6 globZ=9500.6
	global pos=0.0,0.0,9500.6  Checking overlaps for volume sol1:0 (G4Tubs) ... OK! 
BLCMDsolenoid::Construct sol1 parent= relZ=9699.4 globZ=9699.4
	global pos=0.0,0.0,9699.4  Checking overlaps for volume sol3:0 (G4Tubs) ... OK! 
BLCMDsolenoid::Construct sol3 parent= relZ=9704.4 globZ=9704.4
	global pos=0.0,0.0,9704.4  Checking overlaps for volume sol5:0 (G4Tubs) ... OK! 
BLCMDsolenoid::Construct sol5 parent= relZ=9827.2 globZ=9827.2
	global pos=0.0,0.0,9827.2  Checking overlaps for volume sol6:0 (G4Tubs) ... OK! 
BLCMDsolenoid::Construct sol6 parent= relZ=10172.8 globZ=10172.8
	global pos=0.0,0.0,10172.8  Checking overlaps for volume sol4:0 (G4Tubs) ... OK! 
BLCMDsolenoid::Construct sol4 parent= relZ=10295.6 globZ=10295.6
	global pos=0.0,0.0,10295.6  Checking overlaps for volume sol2:0 (G4Tubs) ... OK! 
BLCMDsolenoid::Construct sol2 parent= relZ=10300.6 globZ=10300.6
	global pos=0.0,0.0,10300.6  Checking overlaps for volume sol1:0 (G4Tubs) ... OK! 
BLCMDsolenoid::Construct sol1 parent= relZ=10499.4 globZ=10499.4
	global pos=0.0,0.0,10499.4  Checking overlaps for volume sol3:0 (G4Tubs) ... OK! 
BLCMDsolenoid::Construct sol3 parent= relZ=10504.4 globZ=10504.4
	global pos=0.0,0.0,10504.4  Checking overlaps for volume sol5:0 (G4Tubs) ... OK! 
BLCMDsolenoid::Construct sol5 parent= relZ=10627.2 globZ=10627.2
	global pos=0.0,0.0,10627.2  Checking overlaps for volume sol6:0 (G4Tubs) ... OK! 
BLCMDsolenoid::Construct sol6 parent= relZ=10972.8 globZ=10972.8
	global pos=0.0,0.0,10972.8  Checking overlaps for volume sol4:0 (G4Tubs) ... OK! 
BLCMDsolenoid::Construct sol4 parent= relZ=11095.6 globZ=11095.6
	global pos=0.0,0.0,11095.6  Checking overlaps for volume sol2:0 (G4Tubs) ... OK! 
BLCMDsolenoid::Construct sol2 parent= relZ=11100.6 globZ=11100.6
	global pos=0.0,0.0,11100.6  Checking overlaps for volume sol1:0 (G4Tubs) ... OK! 
BLCMDsolenoid::Construct sol1 parent= relZ=11299.4 globZ=11299.4
	global pos=0.0,0.0,11299.4  Checking overlaps for volume sol3:0 (G4Tubs) ... OK! 
BLCMDsolenoid::Construct sol3 parent= relZ=11304.4 globZ=11304.4
	global pos=0.0,0.0,11304.4  Checking overlaps for volume sol5:0 (G4Tubs) ... OK! 
BLCMDsolenoid::Construct sol5 parent= relZ=11427.2 globZ=11427.2
	global pos=0.0,0.0,11427.2  Checking overlaps for volume sol6:0 (G4Tubs) ... OK! 
BLCMDsolenoid::Construct sol6 parent= relZ=11772.8 globZ=11772.8
	global pos=0.0,0.0,11772.8  Checking overlaps for volume sol4:0 (G4Tubs) ... OK! 
BLCMDsolenoid::Construct sol4 parent= relZ=11895.6 globZ=11895.6
	global pos=0.0,0.0,11895.6  Checking overlaps for volume sol2:0 (G4Tubs) ... OK! 
BLCMDsolenoid::Construct sol2 parent= relZ=11900.6 globZ=11900.6
	global pos=0.0,0.0,11900.6  Checking overlaps for volume sol1:0 (G4Tubs) ... OK! 
BLCMDsolenoid::Construct sol1 parent= relZ=12099.4 globZ=12099.4
	global pos=0.0,0.0,12099.4  Checking overlaps for volume sol3:0 (G4Tubs) ... OK! 
BLCMDsolenoid::Construct sol3 parent= relZ=12104.4 globZ=12104.4
	global pos=0.0,0.0,12104.4  Checking overlaps for volume sol5:0 (G4Tubs) ... OK! 
BLCMDsolenoid::Construct sol5 parent= relZ=12227.2 globZ=12227.2
	global pos=0.0,0.0,12227.2  Checking overlaps for volume sol6:0 (G4Tubs) ... OK! 
BLCMDsolenoid::Construct sol6 parent= relZ=12572.8 globZ=12572.8
	global pos=0.0,0.0,12572.8  Checking overlaps for volume sol4:0 (G4Tubs) ... OK! 
BLCMDsolenoid::Construct sol4 parent= relZ=12695.6 globZ=12695.6
	global pos=0.0,0.0,12695.6  Checking overlaps for volume sol2:0 (G4Tubs) ... OK! 
BLCMDsolenoid::Construct sol2 parent= relZ=12700.6 globZ=12700.6
	global pos=0.0,0.0,12700.6  Checking overlaps for volume sol1:0 (G4Tubs) ... OK! 
BLCMDsolenoid::Construct sol1 parent= relZ=12899.4 globZ=12899.4
	global pos=0.0,0.0,12899.4  Checking overlaps for volume sol3:0 (G4Tubs) ... OK! 
BLCMDsolenoid::Construct sol3 parent= relZ=12904.4 globZ=12904.4
	global pos=0.0,0.0,12904.4  Checking overlaps for volume sol5:0 (G4Tubs) ... OK! 
BLCMDsolenoid::Construct sol5 parent= relZ=13027.2 globZ=13027.2
	global pos=0.0,0.0,13027.2  Checking overlaps for volume sol6:0 (G4Tubs) ... OK! 
BLCMDsolenoid::Construct sol6 parent= relZ=13372.8 globZ=13372.8
	global pos=0.0,0.0,13372.8  Checking overlaps for volume sol4:0 (G4Tubs) ... OK! 
BLCMDsolenoid::Construct sol4 parent= relZ=13495.6 globZ=13495.6
	global pos=0.0,0.0,13495.6  Checking overlaps for volume sol2:0 (G4Tubs) ... OK! 
BLCMDsolenoid::Construct sol2 parent= relZ=13500.6 globZ=13500.6
	global pos=0.0,0.0,13500.6  Checking overlaps for volume sol1:0 (G4Tubs) ... OK! 
BLCMDsolenoid::Construct sol1 parent= relZ=13699.4 globZ=13699.4
	global pos=0.0,0.0,13699.4  Checking overlaps for volume sol3:0 (G4Tubs) ... OK! 
BLCMDsolenoid::Construct sol3 parent= relZ=13704.4 globZ=13704.4
	global pos=0.0,0.0,13704.4  Checking overlaps for volume sol5:0 (G4Tubs) ... OK! 
BLCMDsolenoid::Construct sol5 parent= relZ=13827.2 globZ=13827.2
	global pos=0.0,0.0,13827.2  Checking overlaps for volume sol6:0 (G4Tubs) ... OK! 
BLCMDsolenoid::Construct sol6 parent= relZ=14172.8 globZ=14172.8
	global pos=0.0,0.0,14172.8  Checking overlaps for volume sol4:0 (G4Tubs) ... OK! 
BLCMDsolenoid::Construct sol4 parent= relZ=14295.6 globZ=14295.6
	global pos=0.0,0.0,14295.6  Checking overlaps for volume sol2:0 (G4Tubs) ... OK! 
BLCMDsolenoid::Construct sol2 parent= relZ=14300.6 globZ=14300.6
	global pos=0.0,0.0,14300.6  Checking overlaps for volume sol1:0 (G4Tubs) ... OK! 
BLCMDsolenoid::Construct sol1 parent= relZ=14499.4 globZ=14499.4
	global pos=0.0,0.0,14499.4  Checking overlaps for volume sol3:0 (G4Tubs) ... OK! 
BLCMDsolenoid::Construct sol3 parent= relZ=14504.4 globZ=14504.4
	global pos=0.0,0.0,14504.4  Checking overlaps for volume sol5:0 (G4Tubs) ... OK! 
BLCMDsolenoid::Construct sol5 parent= relZ=14627.2 globZ=14627.2
	global pos=0.0,0.0,14627.2  Checking overlaps for volume sol6:0 (G4Tubs) ... OK! 
BLCMDsolenoid::Construct sol6 parent= relZ=14972.8 globZ=14972.8
	global pos=0.0,0.0,14972.8  Checking overlaps for volume sol4:0 (G4Tubs) ... OK! 
BLCMDsolenoid::Construct sol4 parent= relZ=15095.6 globZ=15095.6
	global pos=0.0,0.0,15095.6  Checking overlaps for volume sol2:0 (G4Tubs) ... OK! 
BLCMDsolenoid::Construct sol2 parent= relZ=15100.6 globZ=15100.6
	global pos=0.0,0.0,15100.6  Checking overlaps for volume sol1:0 (G4Tubs) ... OK! 
BLCMDsolenoid::Construct sol1 parent= relZ=15299.4 globZ=15299.4
	global pos=0.0,0.0,15299.4  Checking overlaps for volume sol3:0 (G4Tubs) ... OK! 
BLCMDsolenoid::Construct sol3 parent= relZ=15304.4 globZ=15304.4
	global pos=0.0,0.0,15304.4  Checking overlaps for volume sol5:0 (G4Tubs) ... OK! 
BLCMDsolenoid::Construct sol5 parent= relZ=15427.2 globZ=15427.2
	global pos=0.0,0.0,15427.2  Checking overlaps for volume sol6:0 (G4Tubs) ... OK! 
BLCMDsolenoid::Construct sol6 parent= relZ=15772.8 globZ=15772.8
	global pos=0.0,0.0,15772.8  Checking overlaps for volume sol4:0 (G4Tubs) ... OK! 
BLCMDsolenoid::Construct sol4 parent= relZ=15895.6 globZ=15895.6
	global pos=0.0,0.0,15895.6  Checking overlaps for volume sol2:0 (G4Tubs) ... OK! 
BLCMDsolenoid::Construct sol2 parent= relZ=15900.6 globZ=15900.6
	global pos=0.0,0.0,15900.6  Checking overlaps for volume sol1:0 (G4Tubs) ... OK! 
BLCMDsolenoid::Construct sol1 parent= relZ=16099.4 globZ=16099.4
	global pos=0.0,0.0,16099.4  Checking overlaps for volume sol3:0 (G4Tubs) ... OK! 
BLCMDsolenoid::Construct sol3 parent= relZ=16104.4 globZ=16104.4
	global pos=0.0,0.0,16104.4  Checking overlaps for volume sol5:0 (G4Tubs) ... OK! 
BLCMDsolenoid::Construct sol5 parent= relZ=16227.2 globZ=16227.2
	global pos=0.0,0.0,16227.2  Checking overlaps for volume sol6:0 (G4Tubs) ... OK! 
BLCMDsolenoid::Construct sol6 parent= relZ=16572.8 globZ=16572.8
	global pos=0.0,0.0,16572.8  Checking overlaps for volume sol4:0 (G4Tubs) ... OK! 
BLCMDsolenoid::Construct sol4 parent= relZ=16695.6 globZ=16695.6
	global pos=0.0,0.0,16695.6  Checking overlaps for volume sol2:0 (G4Tubs) ... OK! 
BLCMDsolenoid::Construct sol2 parent= relZ=16700.6 globZ=16700.6
	global pos=0.0,0.0,16700.6  Checking overlaps for volume sol1:0 (G4Tubs) ... OK! 
BLCMDsolenoid::Construct sol1 parent= relZ=16899.4 globZ=16899.4
	global pos=0.0,0.0,16899.4  Checking overlaps for volume sol3:0 (G4Tubs) ... OK! 
BLCMDsolenoid::Construct sol3 parent= relZ=16904.4 globZ=16904.4
	global pos=0.0,0.0,16904.4  Checking overlaps for volume sol5:0 (G4Tubs) ... OK! 
BLCMDsolenoid::Construct sol5 parent= relZ=17027.2 globZ=17027.2
	global pos=0.0,0.0,17027.2  Checking overlaps for volume sol6:0 (G4Tubs) ... OK! 
BLCMDsolenoid::Construct sol6 parent= relZ=17372.8 globZ=17372.8
	global pos=0.0,0.0,17372.8  Checking overlaps for volume sol4:0 (G4Tubs) ... OK! 
BLCMDsolenoid::Construct sol4 parent= relZ=17495.6 globZ=17495.6
	global pos=0.0,0.0,17495.6  Checking overlaps for volume sol2:0 (G4Tubs) ... OK! 
BLCMDsolenoid::Construct sol2 parent= relZ=17500.6 globZ=17500.6
	global pos=0.0,0.0,17500.6  Checking overlaps for volume sol1:0 (G4Tubs) ... OK! 
BLCMDsolenoid::Construct sol1 parent= relZ=17699.4 globZ=17699.4
	global pos=0.0,0.0,17699.4  Checking overlaps for volume sol3:0 (G4Tubs) ... OK! 
BLCMDsolenoid::Construct sol3 parent= relZ=17704.4 globZ=17704.4
	global pos=0.0,0.0,17704.4  Checking overlaps for volume sol5:0 (G4Tubs) ... OK! 
BLCMDsolenoid::Construct sol5 parent= relZ=17827.2 globZ=17827.2
	global pos=0.0,0.0,17827.2  Checking overlaps for volume sol6:0 (G4Tubs) ... OK! 
BLCMDsolenoid::Construct sol6 parent= relZ=18172.8 globZ=18172.8
	global pos=0.0,0.0,18172.8  Checking overlaps for volume sol4:0 (G4Tubs) ... OK! 
BLCMDsolenoid::Construct sol4 parent= relZ=18295.6 globZ=18295.6
	global pos=0.0,0.0,18295.6  Checking overlaps for volume sol2:0 (G4Tubs) ... OK! 
BLCMDsolenoid::Construct sol2 parent= relZ=18300.6 globZ=18300.6
	global pos=0.0,0.0,18300.6  Checking overlaps for volume sol1:0 (G4Tubs) ... OK! 
BLCMDsolenoid::Construct sol1 parent= relZ=18499.4 globZ=18499.4
	global pos=0.0,0.0,18499.4  Checking overlaps for volume sol3:0 (G4Tubs) ... OK! 
BLCMDsolenoid::Construct sol3 parent= relZ=18504.4 globZ=18504.4
	global pos=0.0,0.0,18504.4  Checking overlaps for volume sol5:0 (G4Tubs) ... OK! 
BLCMDsolenoid::Construct sol5 parent= relZ=18627.2 globZ=18627.2
	global pos=0.0,0.0,18627.2  Checking overlaps for volume sol6:0 (G4Tubs) ... OK! 
BLCMDsolenoid::Construct sol6 parent= relZ=18972.8 globZ=18972.8
	global pos=0.0,0.0,18972.8  Checking overlaps for volume sol4:0 (G4Tubs) ... OK! 
BLCMDsolenoid::Construct sol4 parent= relZ=19095.6 globZ=19095.6
	global pos=0.0,0.0,19095.6  Checking overlaps for volume sol2:0 (G4Tubs) ... OK! 
BLCMDsolenoid::Construct sol2 parent= relZ=19100.6 globZ=19100.6
	global pos=0.0,0.0,19100.6  Checking overlaps for volume sol1:0 (G4Tubs) ... OK! 
BLCMDsolenoid::Construct sol1 parent= relZ=19299.4 globZ=19299.4
	global pos=0.0,0.0,19299.4  Checking overlaps for volume sol3:0 (G4Tubs) ... OK! 
BLCMDsolenoid::Construct sol3 parent= relZ=19304.4 globZ=19304.4
	global pos=0.0,0.0,19304.4  Checking overlaps for volume sol5:0 (G4Tubs) ... OK! 
BLCMDsolenoid::Construct sol5 parent= relZ=19427.2 globZ=19427.2
	global pos=0.0,0.0,19427.2  Checking overlaps for volume sol6:0 (G4Tubs) ... OK! 
BLCMDsolenoid::Construct sol6 parent= relZ=19772.8 globZ=19772.8
	global pos=0.0,0.0,19772.8  Checking overlaps for volume sol4:0 (G4Tubs) ... OK! 
BLCMDsolenoid::Construct sol4 parent= relZ=19895.6 globZ=19895.6
	global pos=0.0,0.0,19895.6  Checking overlaps for volume sol2:0 (G4Tubs) ... OK! 
BLCMDsolenoid::Construct sol2 parent= relZ=19900.6 globZ=19900.6
	global pos=0.0,0.0,19900.6  Checking overlaps for volume sol1:0 (G4Tubs) ... OK! 
BLCMDsolenoid::Construct sol1 parent= relZ=20099.4 globZ=20099.4
	global pos=0.0,0.0,20099.4  Checking overlaps for volume sol3:0 (G4Tubs) ... OK! 
BLCMDsolenoid::Construct sol3 parent= relZ=20104.4 globZ=20104.4
	global pos=0.0,0.0,20104.4  Checking overlaps for volume sol5:0 (G4Tubs) ... OK! 
BLCMDsolenoid::Construct sol5 parent= relZ=20227.2 globZ=20227.2
	global pos=0.0,0.0,20227.2  Checking overlaps for volume sol6:0 (G4Tubs) ... OK! 
BLCMDsolenoid::Construct sol6 parent= relZ=20572.8 globZ=20572.8
	global pos=0.0,0.0,20572.8  Checking overlaps for volume sol4:0 (G4Tubs) ... OK! 
BLCMDsolenoid::Construct sol4 parent= relZ=20695.6 globZ=20695.6
	global pos=0.0,0.0,20695.6  Checking overlaps for volume sol2:0 (G4Tubs) ... OK! 
BLCMDsolenoid::Construct sol2 parent= relZ=20700.6 globZ=20700.6
	global pos=0.0,0.0,20700.6  Checking overlaps for volume sol1:0 (G4Tubs) ... OK! 
BLCMDsolenoid::Construct sol1 parent= relZ=20899.4 globZ=20899.4
	global pos=0.0,0.0,20899.4  Checking overlaps for volume sol3:0 (G4Tubs) ... OK! 
BLCMDsolenoid::Construct sol3 parent= relZ=20904.4 globZ=20904.4
	global pos=0.0,0.0,20904.4  Checking overlaps for volume sol5:0 (G4Tubs) ... OK! 
BLCMDsolenoid::Construct sol5 parent= relZ=21027.2 globZ=21027.2
	global pos=0.0,0.0,21027.2  Checking overlaps for volume sol6:0 (G4Tubs) ... OK! 
BLCMDsolenoid::Construct sol6 parent= relZ=21372.8 globZ=21372.8
	global pos=0.0,0.0,21372.8  Checking overlaps for volume sol4:0 (G4Tubs) ... OK! 
BLCMDsolenoid::Construct sol4 parent= relZ=21495.6 globZ=21495.6
	global pos=0.0,0.0,21495.6  Checking overlaps for volume sol2:0 (G4Tubs) ... OK! 
BLCMDsolenoid::Construct sol2 parent= relZ=21500.6 globZ=21500.6
	global pos=0.0,0.0,21500.6  Checking overlaps for volume sol1:0 (G4Tubs) ... OK! 
BLCMDsolenoid::Construct sol1 parent= relZ=21699.4 globZ=21699.4
	global pos=0.0,0.0,21699.4  Checking overlaps for volume sol3:0 (G4Tubs) ... OK! 
BLCMDsolenoid::Construct sol3 parent= relZ=21704.4 globZ=21704.4
	global pos=0.0,0.0,21704.4  Checking overlaps for volume sol5:0 (G4Tubs) ... OK! 
BLCMDsolenoid::Construct sol5 parent= relZ=21827.2 globZ=21827.2
	global pos=0.0,0.0,21827.2  Checking overlaps for volume sol6:0 (G4Tubs) ... OK! 
BLCMDsolenoid::Construct sol6 parent= relZ=22172.8 globZ=22172.8
	global pos=0.0,0.0,22172.8  Checking overlaps for volume sol4:0 (G4Tubs) ... OK! 
BLCMDsolenoid::Construct sol4 parent= relZ=22295.6 globZ=22295.6
	global pos=0.0,0.0,22295.6  Checking overlaps for volume sol2:0 (G4Tubs) ... OK! 
BLCMDsolenoid::Construct sol2 parent= relZ=22300.6 globZ=22300.6
	global pos=0.0,0.0,22300.6  Checking overlaps for volume sol1:0 (G4Tubs) ... OK! 
BLCMDsolenoid::Construct sol1 parent= relZ=22499.4 globZ=22499.4
	global pos=0.0,0.0,22499.4  Checking overlaps for volume sol3:0 (G4Tubs) ... OK! 
BLCMDsolenoid::Construct sol3 parent= relZ=22504.4 globZ=22504.4
	global pos=0.0,0.0,22504.4  Checking overlaps for volume sol5:0 (G4Tubs) ... OK! 
BLCMDsolenoid::Construct sol5 parent= relZ=22627.2 globZ=22627.2
	global pos=0.0,0.0,22627.2  Checking overlaps for volume sol6:0 (G4Tubs) ... OK! 
BLCMDsolenoid::Construct sol6 parent= relZ=22972.8 globZ=22972.8
	global pos=0.0,0.0,22972.8  Checking overlaps for volume sol4:0 (G4Tubs) ... OK! 
BLCMDsolenoid::Construct sol4 parent= relZ=23095.6 globZ=23095.6
	global pos=0.0,0.0,23095.6  Checking overlaps for volume sol2:0 (G4Tubs) ... OK! 
BLCMDsolenoid::Construct sol2 parent= relZ=23100.6 globZ=23100.6
	global pos=0.0,0.0,23100.6  Checking overlaps for volume sol1:0 (G4Tubs) ... OK! 
BLCMDsolenoid::Construct sol1 parent= relZ=23299.4 globZ=23299.4
	global pos=0.0,0.0,23299.4  Checking overlaps for volume sol3:0 (G4Tubs) ... OK! 
BLCMDsolenoid::Construct sol3 parent= relZ=23304.4 globZ=23304.4
	global pos=0.0,0.0,23304.4  Checking overlaps for volume sol5:0 (G4Tubs) ... OK! 
BLCMDsolenoid::Construct sol5 parent= relZ=23427.2 globZ=23427.2
	global pos=0.0,0.0,23427.2  Checking overlaps for volume sol6:0 (G4Tubs) ... OK! 
BLCMDsolenoid::Construct sol6 parent= relZ=23772.8 globZ=23772.8
	global pos=0.0,0.0,23772.8  Checking overlaps for volume sol4:0 (G4Tubs) ... OK! 
BLCMDsolenoid::Construct sol4 parent= relZ=23895.6 globZ=23895.6
	global pos=0.0,0.0,23895.6  Checking overlaps for volume sol2:0 (G4Tubs) ... OK! 
BLCMDsolenoid::Construct sol2 parent= relZ=23900.6 globZ=23900.6
	global pos=0.0,0.0,23900.6  Checking overlaps for volume sol1:0 (G4Tubs) ... OK! 
BLCMDsolenoid::Construct sol1 parent= relZ=24099.4 globZ=24099.4
	global pos=0.0,0.0,24099.4  Checking overlaps for volume sol3:0 (G4Tubs) ... OK! 
BLCMDsolenoid::Construct sol3 parent= relZ=24104.4 globZ=24104.4
	global pos=0.0,0.0,24104.4  Checking overlaps for volume sol5:0 (G4Tubs) ... OK! 
BLCMDsolenoid::Construct sol5 parent= relZ=24227.2 globZ=24227.2
	global pos=0.0,0.0,24227.2  Checking overlaps for volume sol6:0 (G4Tubs) ... OK! 
BLCMDsolenoid::Construct sol6 parent= relZ=24572.8 globZ=24572.8
	global pos=0.0,0.0,24572.8  Checking overlaps for volume sol4:0 (G4Tubs) ... OK! 
BLCMDsolenoid::Construct sol4 parent= relZ=24695.6 globZ=24695.6
	global pos=0.0,0.0,24695.6  Checking overlaps for volume sol2:0 (G4Tubs) ... OK! 
BLCMDsolenoid::Construct sol2 parent= relZ=24700.6 globZ=24700.6
	global pos=0.0,0.0,24700.6  Checking overlaps for volume sol1:0 (G4Tubs) ... OK! 
BLCMDsolenoid::Construct sol1 parent= relZ=24899.4 globZ=24899.4
	global pos=0.0,0.0,24899.4  Checking overlaps for volume sol3:0 (G4Tubs) ... OK! 
BLCMDsolenoid::Construct sol3 parent= relZ=24904.4 globZ=24904.4
	global pos=0.0,0.0,24904.4  Checking overlaps for volume sol5:0 (G4Tubs) ... OK! 
BLCMDsolenoid::Construct sol5 parent= relZ=25027.2 globZ=25027.2
	global pos=0.0,0.0,25027.2  Checking overlaps for volume sol6:0 (G4Tubs) ... OK! 
BLCMDsolenoid::Construct sol6 parent= relZ=25372.8 globZ=25372.8
	global pos=0.0,0.0,25372.8  Checking overlaps for volume sol4:0 (G4Tubs) ... OK! 
BLCMDsolenoid::Construct sol4 parent= relZ=25495.6 globZ=25495.6
	global pos=0.0,0.0,25495.6  Checking overlaps for volume sol2:0 (G4Tubs) ... OK! 
BLCMDsolenoid::Construct sol2 parent= relZ=25500.6 globZ=25500.6
	global pos=0.0,0.0,25500.6  Checking overlaps for volume sol1:0 (G4Tubs) ... OK! 
BLCMDsolenoid::Construct sol1 parent= relZ=25699.4 globZ=25699.4
	global pos=0.0,0.0,25699.4  Checking overlaps for volume sol3:0 (G4Tubs) ... OK! 
BLCMDsolenoid::Construct sol3 parent= relZ=25704.4 globZ=25704.4
	global pos=0.0,0.0,25704.4  Checking overlaps for volume sol5:0 (G4Tubs) ... OK! 
BLCMDsolenoid::Construct sol5 parent= relZ=25827.2 globZ=25827.2
	global pos=0.0,0.0,25827.2  Checking overlaps for volume sol6:0 (G4Tubs) ... OK! 
BLCMDsolenoid::Construct sol6 parent= relZ=26172.8 globZ=26172.8
	global pos=0.0,0.0,26172.8  Checking overlaps for volume sol4:0 (G4Tubs) ... OK! 
BLCMDsolenoid::Construct sol4 parent= relZ=26295.6 globZ=26295.6
	global pos=0.0,0.0,26295.6  Checking overlaps for volume sol2:0 (G4Tubs) ... OK! 
BLCMDsolenoid::Construct sol2 parent= relZ=26300.6 globZ=26300.6
	global pos=0.0,0.0,26300.6  Checking overlaps for volume sol1:0 (G4Tubs) ... OK! 
BLCMDsolenoid::Construct sol1 parent= relZ=26499.4 globZ=26499.4
	global pos=0.0,0.0,26499.4  Checking overlaps for volume sol3:0 (G4Tubs) ... OK! 
BLCMDsolenoid::Construct sol3 parent= relZ=26504.4 globZ=26504.4
	global pos=0.0,0.0,26504.4  Checking overlaps for volume sol5:0 (G4Tubs) ... OK! 
BLCMDsolenoid::Construct sol5 parent= relZ=26627.2 globZ=26627.2
	global pos=0.0,0.0,26627.2  Checking overlaps for volume sol6:0 (G4Tubs) ... OK! 
BLCMDsolenoid::Construct sol6 parent= relZ=26972.8 globZ=26972.8
	global pos=0.0,0.0,26972.8  Checking overlaps for volume sol4:0 (G4Tubs) ... OK! 
BLCMDsolenoid::Construct sol4 parent= relZ=27095.6 globZ=27095.6
	global pos=0.0,0.0,27095.6  Checking overlaps for volume sol2:0 (G4Tubs) ... OK! 
BLCMDsolenoid::Construct sol2 parent= relZ=27100.6 globZ=27100.6
	global pos=0.0,0.0,27100.6  Checking overlaps for volume sol1:0 (G4Tubs) ... OK! 
BLCMDsolenoid::Construct sol1 parent= relZ=27299.4 globZ=27299.4
	global pos=0.0,0.0,27299.4  Checking overlaps for volume sol3:0 (G4Tubs) ... OK! 
BLCMDsolenoid::Construct sol3 parent= relZ=27304.4 globZ=27304.4
	global pos=0.0,0.0,27304.4  Checking overlaps for volume sol5:0 (G4Tubs) ... OK! 
BLCMDsolenoid::Construct sol5 parent= relZ=27427.2 globZ=27427.2
	global pos=0.0,0.0,27427.2  Checking overlaps for volume sol6:0 (G4Tubs) ... OK! 
BLCMDsolenoid::Construct sol6 parent= relZ=27772.8 globZ=27772.8
	global pos=0.0,0.0,27772.8  Checking overlaps for volume sol4:0 (G4Tubs) ... OK! 
BLCMDsolenoid::Construct sol4 parent= relZ=27895.6 globZ=27895.6
	global pos=0.0,0.0,27895.6  Checking overlaps for volume sol2:0 (G4Tubs) ... OK! 
BLCMDsolenoid::Construct sol2 parent= relZ=27900.6 globZ=27900.6
	global pos=0.0,0.0,27900.6  Checking overlaps for volume sol1:0 (G4Tubs) ... OK! 
BLCMDsolenoid::Construct sol1 parent= relZ=28099.4 globZ=28099.4
	global pos=0.0,0.0,28099.4  Checking overlaps for volume sol3:0 (G4Tubs) ... OK! 
BLCMDsolenoid::Construct sol3 parent= relZ=28104.4 globZ=28104.4
	global pos=0.0,0.0,28104.4  Checking overlaps for volume sol5:0 (G4Tubs) ... OK! 
BLCMDsolenoid::Construct sol5 parent= relZ=28227.2 globZ=28227.2
	global pos=0.0,0.0,28227.2  Checking overlaps for volume sol6:0 (G4Tubs) ... OK! 
BLCMDsolenoid::Construct sol6 parent= relZ=28572.8 globZ=28572.8
	global pos=0.0,0.0,28572.8  Checking overlaps for volume sol4:0 (G4Tubs) ... OK! 
BLCMDsolenoid::Construct sol4 parent= relZ=28695.6 globZ=28695.6
	global pos=0.0,0.0,28695.6  Checking overlaps for volume sol2:0 (G4Tubs) ... OK! 
BLCMDsolenoid::Construct sol2 parent= relZ=28700.6 globZ=28700.6
	global pos=0.0,0.0,28700.6  Checking overlaps for volume sol1:0 (G4Tubs) ... OK! 
BLCMDsolenoid::Construct sol1 parent= relZ=28899.4 globZ=28899.4
	global pos=0.0,0.0,28899.4  Checking overlaps for volume sol3:0 (G4Tubs) ... OK! 
BLCMDsolenoid::Construct sol3 parent= relZ=28904.4 globZ=28904.4
	global pos=0.0,0.0,28904.4  Checking overlaps for volume sol5:0 (G4Tubs) ... OK! 
BLCMDsolenoid::Construct sol5 parent= relZ=29027.2 globZ=29027.2
	global pos=0.0,0.0,29027.2  Checking overlaps for volume sol6:0 (G4Tubs) ... OK! 
BLCMDsolenoid::Construct sol6 parent= relZ=29372.8 globZ=29372.8
	global pos=0.0,0.0,29372.8  Checking overlaps for volume sol4:0 (G4Tubs) ... OK! 
BLCMDsolenoid::Construct sol4 parent= relZ=29495.6 globZ=29495.6
	global pos=0.0,0.0,29495.6  Checking overlaps for volume sol2:0 (G4Tubs) ... OK! 
BLCMDsolenoid::Construct sol2 parent= relZ=29500.6 globZ=29500.6
	global pos=0.0,0.0,29500.6  Checking overlaps for volume sol1:0 (G4Tubs) ... OK! 
BLCMDsolenoid::Construct sol1 parent= relZ=29699.4 globZ=29699.4
	global pos=0.0,0.0,29699.4  Checking overlaps for volume sol3:0 (G4Tubs) ... OK! 
BLCMDsolenoid::Construct sol3 parent= relZ=29704.4 globZ=29704.4
	global pos=0.0,0.0,29704.4  Checking overlaps for volume sol5:0 (G4Tubs) ... OK! 
BLCMDsolenoid::Construct sol5 parent= relZ=29827.2 globZ=29827.2
	global pos=0.0,0.0,29827.2  Checking overlaps for volume sol6:0 (G4Tubs) ... OK! 
BLCMDsolenoid::Construct sol6 parent= relZ=30172.8 globZ=30172.8
	global pos=0.0,0.0,30172.8  Checking overlaps for volume sol4:0 (G4Tubs) ... OK! 
BLCMDsolenoid::Construct sol4 parent= relZ=30295.6 globZ=30295.6
	global pos=0.0,0.0,30295.6  Checking overlaps for volume sol2:0 (G4Tubs) ... OK! 
BLCMDsolenoid::Construct sol2 parent= relZ=30300.6 globZ=30300.6
	global pos=0.0,0.0,30300.6  Checking overlaps for volume sol1:0 (G4Tubs) ... OK! 
BLCMDsolenoid::Construct sol1 parent= relZ=30499.4 globZ=30499.4
	global pos=0.0,0.0,30499.4  Checking overlaps for volume sol3:0 (G4Tubs) ... OK! 
BLCMDsolenoid::Construct sol3 parent= relZ=30504.4 globZ=30504.4
	global pos=0.0,0.0,30504.4  Checking overlaps for volume sol5:0 (G4Tubs) ... OK! 
BLCMDsolenoid::Construct sol5 parent= relZ=30627.2 globZ=30627.2
	global pos=0.0,0.0,30627.2  Checking overlaps for volume sol6:0 (G4Tubs) ... OK! 
BLCMDsolenoid::Construct sol6 parent= relZ=30972.8 globZ=30972.8
	global pos=0.0,0.0,30972.8  Checking overlaps for volume sol4:0 (G4Tubs) ... OK! 
BLCMDsolenoid::Construct sol4 parent= relZ=31095.6 globZ=31095.6
	global pos=0.0,0.0,31095.6  Checking overlaps for volume sol2:0 (G4Tubs) ... OK! 
BLCMDsolenoid::Construct sol2 parent= relZ=31100.6 globZ=31100.6
	global pos=0.0,0.0,31100.6  Checking overlaps for volume sol1:0 (G4Tubs) ... OK! 
BLCMDsolenoid::Construct sol1 parent= relZ=31299.4 globZ=31299.4
	global pos=0.0,0.0,31299.4  Checking overlaps for volume sol3:0 (G4Tubs) ... OK! 
BLCMDsolenoid::Construct sol3 parent= relZ=31304.4 globZ=31304.4
	global pos=0.0,0.0,31304.4  Checking overlaps for volume sol5:0 (G4Tubs) ... OK! 
BLCMDsolenoid::Construct sol5 parent= relZ=31427.2 globZ=31427.2
	global pos=0.0,0.0,31427.2  Checking overlaps for volume sol6:0 (G4Tubs) ... OK! 
BLCMDsolenoid::Construct sol6 parent= relZ=31772.8 globZ=31772.8
	global pos=0.0,0.0,31772.8  Checking overlaps for volume sol4:0 (G4Tubs) ... OK! 
BLCMDsolenoid::Construct sol4 parent= relZ=31895.6 globZ=31895.6
	global pos=0.0,0.0,31895.6  Checking overlaps for volume sol2:0 (G4Tubs) ... OK! 
BLCMDsolenoid::Construct sol2 parent= relZ=31900.6 globZ=31900.6
	global pos=0.0,0.0,31900.6  Checking overlaps for volume sol1:0 (G4Tubs) ... OK! 
BLCMDsolenoid::Construct sol1 parent= relZ=32099.4 globZ=32099.4
	global pos=0.0,0.0,32099.4  Checking overlaps for volume sol3:0 (G4Tubs) ... OK! 
BLCMDsolenoid::Construct sol3 parent= relZ=32104.4 globZ=32104.4
	global pos=0.0,0.0,32104.4  Checking overlaps for volume sol5:0 (G4Tubs) ... OK! 
BLCMDsolenoid::Construct sol5 parent= relZ=32227.2 globZ=32227.2
	global pos=0.0,0.0,32227.2  Checking overlaps for volume sol6:0 (G4Tubs) ... OK! 
BLCMDsolenoid::Construct sol6 parent= relZ=32572.8 globZ=32572.8
	global pos=0.0,0.0,32572.8  Checking overlaps for volume sol4:0 (G4Tubs) ... OK! 
BLCMDsolenoid::Construct sol4 parent= relZ=32695.6 globZ=32695.6
	global pos=0.0,0.0,32695.6  Checking overlaps for volume sol2:0 (G4Tubs) ... OK! 
BLCMDsolenoid::Construct sol2 parent= relZ=32700.6 globZ=32700.6
	global pos=0.0,0.0,32700.6  Checking overlaps for volume sol1:0 (G4Tubs) ... OK! 
BLCMDsolenoid::Construct sol1 parent= relZ=32899.4 globZ=32899.4
	global pos=0.0,0.0,32899.4  Checking overlaps for volume sol3:0 (G4Tubs) ... OK! 
BLCMDsolenoid::Construct sol3 parent= relZ=32904.4 globZ=32904.4
	global pos=0.0,0.0,32904.4  Checking overlaps for volume sol5:0 (G4Tubs) ... OK! 
BLCMDsolenoid::Construct sol5 parent= relZ=33027.2 globZ=33027.2
	global pos=0.0,0.0,33027.2  Checking overlaps for volume sol6:0 (G4Tubs) ... OK! 
BLCMDsolenoid::Construct sol6 parent= relZ=33372.8 globZ=33372.8
	global pos=0.0,0.0,33372.8  Checking overlaps for volume sol4:0 (G4Tubs) ... OK! 
BLCMDsolenoid::Construct sol4 parent= relZ=33495.6 globZ=33495.6
	global pos=0.0,0.0,33495.6  Checking overlaps for volume sol2:0 (G4Tubs) ... OK! 
BLCMDsolenoid::Construct sol2 parent= relZ=33500.6 globZ=33500.6
	global pos=0.0,0.0,33500.6  Checking overlaps for volume sol1:0 (G4Tubs) ... OK! 
BLCMDsolenoid::Construct sol1 parent= relZ=33699.4 globZ=33699.4
	global pos=0.0,0.0,33699.4  Checking overlaps for volume sol3:0 (G4Tubs) ... OK! 
BLCMDsolenoid::Construct sol3 parent= relZ=33704.4 globZ=33704.4
	global pos=0.0,0.0,33704.4  Checking overlaps for volume sol5:0 (G4Tubs) ... OK! 
BLCMDsolenoid::Construct sol5 parent= relZ=33827.2 globZ=33827.2
	global pos=0.0,0.0,33827.2  Checking overlaps for volume sol6:0 (G4Tubs) ... OK! 
BLCMDsolenoid::Construct sol6 parent= relZ=34172.8 globZ=34172.8
	global pos=0.0,0.0,34172.8  Checking overlaps for volume sol4:0 (G4Tubs) ... OK! 
BLCMDsolenoid::Construct sol4 parent= relZ=34295.6 globZ=34295.6
	global pos=0.0,0.0,34295.6  Checking overlaps for volume sol2:0 (G4Tubs) ... OK! 
BLCMDsolenoid::Construct sol2 parent= relZ=34300.6 globZ=34300.6
	global pos=0.0,0.0,34300.6  Checking overlaps for volume sol1:0 (G4Tubs) ... OK! 
BLCMDsolenoid::Construct sol1 parent= relZ=34499.4 globZ=34499.4
	global pos=0.0,0.0,34499.4  Checking overlaps for volume sol3:0 (G4Tubs) ... OK! 
BLCMDsolenoid::Construct sol3 parent= relZ=34504.4 globZ=34504.4
	global pos=0.0,0.0,34504.4  Checking overlaps for volume sol5:0 (G4Tubs) ... OK! 
BLCMDsolenoid::Construct sol5 parent= relZ=34627.2 globZ=34627.2
	global pos=0.0,0.0,34627.2  Checking overlaps for volume sol6:0 (G4Tubs) ... OK! 
BLCMDsolenoid::Construct sol6 parent= relZ=34972.8 globZ=34972.8
	global pos=0.0,0.0,34972.8  Checking overlaps for volume sol4:0 (G4Tubs) ... OK! 
BLCMDsolenoid::Construct sol4 parent= relZ=35095.6 globZ=35095.6
	global pos=0.0,0.0,35095.6  Checking overlaps for volume sol2:0 (G4Tubs) ... OK! 
BLCMDsolenoid::Construct sol2 parent= relZ=35100.6 globZ=35100.6
	global pos=0.0,0.0,35100.6  Checking overlaps for volume sol1:0 (G4Tubs) ... OK! 
BLCMDsolenoid::Construct sol1 parent= relZ=35299.4 globZ=35299.4
	global pos=0.0,0.0,35299.4  Checking overlaps for volume sol3:0 (G4Tubs) ... OK! 
BLCMDsolenoid::Construct sol3 parent= relZ=35304.4 globZ=35304.4
	global pos=0.0,0.0,35304.4  Checking overlaps for volume sol5:0 (G4Tubs) ... OK! 
BLCMDsolenoid::Construct sol5 parent= relZ=35427.2 globZ=35427.2
	global pos=0.0,0.0,35427.2  Checking overlaps for volume sol6:0 (G4Tubs) ... OK! 
BLCMDsolenoid::Construct sol6 parent= relZ=35772.8 globZ=35772.8
	global pos=0.0,0.0,35772.8  Checking overlaps for volume sol4:0 (G4Tubs) ... OK! 
BLCMDsolenoid::Construct sol4 parent= relZ=35895.6 globZ=35895.6
	global pos=0.0,0.0,35895.6  Checking overlaps for volume sol2:0 (G4Tubs) ... OK! 
BLCMDsolenoid::Construct sol2 parent= relZ=35900.6 globZ=35900.6
	global pos=0.0,0.0,35900.6  Checking overlaps for volume sol1:0 (G4Tubs) ... OK! 
BLCMDsolenoid::Construct sol1 parent= relZ=36099.4 globZ=36099.4
	global pos=0.0,0.0,36099.4  Checking overlaps for volume sol3:0 (G4Tubs) ... OK! 
BLCMDsolenoid::Construct sol3 parent= relZ=36104.4 globZ=36104.4
	global pos=0.0,0.0,36104.4  Checking overlaps for volume sol5:0 (G4Tubs) ... OK! 
BLCMDsolenoid::Construct sol5 parent= relZ=36227.2 globZ=36227.2
	global pos=0.0,0.0,36227.2  Checking overlaps for volume sol6:0 (G4Tubs) ... OK! 
BLCMDsolenoid::Construct sol6 parent= relZ=36572.8 globZ=36572.8
	global pos=0.0,0.0,36572.8  Checking overlaps for volume sol4:0 (G4Tubs) ... OK! 
BLCMDsolenoid::Construct sol4 parent= relZ=36695.6 globZ=36695.6
	global pos=0.0,0.0,36695.6  Checking overlaps for volume sol2:0 (G4Tubs) ... OK! 
BLCMDsolenoid::Construct sol2 parent= relZ=36700.6 globZ=36700.6
	global pos=0.0,0.0,36700.6  Checking overlaps for volume sol1:0 (G4Tubs) ... OK! 
BLCMDsolenoid::Construct sol1 parent= relZ=36899.4 globZ=36899.4
	global pos=0.0,0.0,36899.4  Checking overlaps for volume sol3:0 (G4Tubs) ... OK! 
BLCMDsolenoid::Construct sol3 parent= relZ=36904.4 globZ=36904.4
	global pos=0.0,0.0,36904.4  Checking overlaps for volume sol5:0 (G4Tubs) ... OK! 
BLCMDsolenoid::Construct sol5 parent= relZ=37027.2 globZ=37027.2
	global pos=0.0,0.0,37027.2  Checking overlaps for volume sol6:0 (G4Tubs) ... OK! 
BLCMDsolenoid::Construct sol6 parent= relZ=37372.8 globZ=37372.8
	global pos=0.0,0.0,37372.8  Checking overlaps for volume sol4:0 (G4Tubs) ... OK! 
BLCMDsolenoid::Construct sol4 parent= relZ=37495.6 globZ=37495.6
	global pos=0.0,0.0,37495.6  Checking overlaps for volume sol2:0 (G4Tubs) ... OK! 
BLCMDsolenoid::Construct sol2 parent= relZ=37500.6 globZ=37500.6
	global pos=0.0,0.0,37500.6  Checking overlaps for volume sol1:0 (G4Tubs) ... OK! 
BLCMDsolenoid::Construct sol1 parent= relZ=37699.4 globZ=37699.4
	global pos=0.0,0.0,37699.4  Checking overlaps for volume sol3:0 (G4Tubs) ... OK! 
BLCMDsolenoid::Construct sol3 parent= relZ=37704.4 globZ=37704.4
	global pos=0.0,0.0,37704.4  Checking overlaps for volume sol5:0 (G4Tubs) ... OK! 
BLCMDsolenoid::Construct sol5 parent= relZ=37827.2 globZ=37827.2
	global pos=0.0,0.0,37827.2  Checking overlaps for volume sol6:0 (G4Tubs) ... OK! 
BLCMDsolenoid::Construct sol6 parent= relZ=38172.8 globZ=38172.8
	global pos=0.0,0.0,38172.8  Checking overlaps for volume sol4:0 (G4Tubs) ... OK! 
BLCMDsolenoid::Construct sol4 parent= relZ=38295.6 globZ=38295.6
	global pos=0.0,0.0,38295.6  Checking overlaps for volume sol2:0 (G4Tubs) ... OK! 
BLCMDsolenoid::Construct sol2 parent= relZ=38300.6 globZ=38300.6
	global pos=0.0,0.0,38300.6  Checking overlaps for volume sol1:0 (G4Tubs) ... OK! 
BLCMDsolenoid::Construct sol1 parent= relZ=38499.4 globZ=38499.4
	global pos=0.0,0.0,38499.4  Checking overlaps for volume sol3:0 (G4Tubs) ... OK! 
BLCMDsolenoid::Construct sol3 parent= relZ=38504.4 globZ=38504.4
	global pos=0.0,0.0,38504.4  Checking overlaps for volume sol5:0 (G4Tubs) ... OK! 
BLCMDsolenoid::Construct sol5 parent= relZ=38627.2 globZ=38627.2
	global pos=0.0,0.0,38627.2  Checking overlaps for volume sol6:0 (G4Tubs) ... OK! 
BLCMDsolenoid::Construct sol6 parent= relZ=38972.8 globZ=38972.8
	global pos=0.0,0.0,38972.8  Checking overlaps for volume sol4:0 (G4Tubs) ... OK! 
BLCMDsolenoid::Construct sol4 parent= relZ=39095.6 globZ=39095.6
	global pos=0.0,0.0,39095.6  Checking overlaps for volume sol2:0 (G4Tubs) ... OK! 
BLCMDsolenoid::Construct sol2 parent= relZ=39100.6 globZ=39100.6
	global pos=0.0,0.0,39100.6  Checking overlaps for volume sol1:0 (G4Tubs) ... OK! 
BLCMDsolenoid::Construct sol1 parent= relZ=39299.4 globZ=39299.4
	global pos=0.0,0.0,39299.4  Checking overlaps for volume sol3:0 (G4Tubs) ... OK! 
BLCMDsolenoid::Construct sol3 parent= relZ=39304.4 globZ=39304.4
	global pos=0.0,0.0,39304.4  Checking overlaps for volume sol5:0 (G4Tubs) ... OK! 
BLCMDsolenoid::Construct sol5 parent= relZ=39427.2 globZ=39427.2
	global pos=0.0,0.0,39427.2  Checking overlaps for volume sol6:0 (G4Tubs) ... OK! 
BLCMDsolenoid::Construct sol6 parent= relZ=39772.8 globZ=39772.8
	global pos=0.0,0.0,39772.8  Checking overlaps for volume sol4:0 (G4Tubs) ... OK! 
BLCMDsolenoid::Construct sol4 parent= relZ=39895.6 globZ=39895.6
	global pos=0.0,0.0,39895.6  Checking overlaps for volume sol2:0 (G4Tubs) ... OK! 
BLCMDsolenoid::Construct sol2 parent= relZ=39900.6 globZ=39900.6
	global pos=0.0,0.0,39900.6  Checking overlaps for volume sol1:0 (G4Tubs) ... OK! 
BLCMDsolenoid::Construct sol1 parent= relZ=40099.4 globZ=40099.4
	global pos=0.0,0.0,40099.4  Checking overlaps for volume sol3:0 (G4Tubs) ... OK! 
BLCMDsolenoid::Construct sol3 parent= relZ=40104.4 globZ=40104.4
	global pos=0.0,0.0,40104.4  Checking overlaps for volume sol5:0 (G4Tubs) ... OK! 
BLCMDsolenoid::Construct sol5 parent= relZ=40227.2 globZ=40227.2
	global pos=0.0,0.0,40227.2  Checking overlaps for volume sol6:0 (G4Tubs) ... OK! 
BLCMDsolenoid::Construct sol6 parent= relZ=40572.8 globZ=40572.8
	global pos=0.0,0.0,40572.8  Checking overlaps for volume sol4:0 (G4Tubs) ... OK! 
BLCMDsolenoid::Construct sol4 parent= relZ=40695.6 globZ=40695.6
	global pos=0.0,0.0,40695.6  Checking overlaps for volume sol2:0 (G4Tubs) ... OK! 
BLCMDsolenoid::Construct sol2 parent= relZ=40700.6 globZ=40700.6
	global pos=0.0,0.0,40700.6  Checking overlaps for volume sol1:0 (G4Tubs) ... OK! 
BLCMDsolenoid::Construct sol1 parent= relZ=40899.4 globZ=40899.4
	global pos=0.0,0.0,40899.4  Checking overlaps for volume sol3:0 (G4Tubs) ... OK! 
BLCMDsolenoid::Construct sol3 parent= relZ=40904.4 globZ=40904.4
	global pos=0.0,0.0,40904.4  Checking overlaps for volume sol5:0 (G4Tubs) ... OK! 
BLCMDsolenoid::Construct sol5 parent= relZ=41027.2 globZ=41027.2
	global pos=0.0,0.0,41027.2  Checking overlaps for volume sol6:0 (G4Tubs) ... OK! 
BLCMDsolenoid::Construct sol6 parent= relZ=41372.8 globZ=41372.8
	global pos=0.0,0.0,41372.8  Checking overlaps for volume sol4:0 (G4Tubs) ... OK! 
BLCMDsolenoid::Construct sol4 parent= relZ=41495.6 globZ=41495.6
	global pos=0.0,0.0,41495.6  Checking overlaps for volume sol2:0 (G4Tubs) ... OK! 
BLCMDsolenoid::Construct sol2 parent= relZ=41500.6 globZ=41500.6
	global pos=0.0,0.0,41500.6  Checking overlaps for volume sol1:0 (G4Tubs) ... OK! 
BLCMDsolenoid::Construct sol1 parent= relZ=41699.4 globZ=41699.4
	global pos=0.0,0.0,41699.4  Checking overlaps for volume sol3:0 (G4Tubs) ... OK! 
BLCMDsolenoid::Construct sol3 parent= relZ=41704.4 globZ=41704.4
	global pos=0.0,0.0,41704.4  Checking overlaps for volume sol5:0 (G4Tubs) ... OK! 
BLCMDsolenoid::Construct sol5 parent= relZ=41827.2 globZ=41827.2
	global pos=0.0,0.0,41827.2  Checking overlaps for volume sol6:0 (G4Tubs) ... OK! 
BLCMDsolenoid::Construct sol6 parent= relZ=42172.8 globZ=42172.8
	global pos=0.0,0.0,42172.8  Checking overlaps for volume sol4:0 (G4Tubs) ... OK! 
BLCMDsolenoid::Construct sol4 parent= relZ=42295.6 globZ=42295.6
	global pos=0.0,0.0,42295.6  Checking overlaps for volume sol2:0 (G4Tubs) ... OK! 
BLCMDsolenoid::Construct sol2 parent= relZ=42300.6 globZ=42300.6
	global pos=0.0,0.0,42300.6  Checking overlaps for volume sol1:0 (G4Tubs) ... OK! 
BLCMDsolenoid::Construct sol1 parent= relZ=42499.4 globZ=42499.4
	global pos=0.0,0.0,42499.4  Checking overlaps for volume sol3:0 (G4Tubs) ... OK! 
BLCMDsolenoid::Construct sol3 parent= relZ=42504.4 globZ=42504.4
	global pos=0.0,0.0,42504.4  Checking overlaps for volume sol5:0 (G4Tubs) ... OK! 
BLCMDsolenoid::Construct sol5 parent= relZ=42627.2 globZ=42627.2
	global pos=0.0,0.0,42627.2  Checking overlaps for volume sol6:0 (G4Tubs) ... OK! 
BLCMDsolenoid::Construct sol6 parent= relZ=42972.8 globZ=42972.8
	global pos=0.0,0.0,42972.8  Checking overlaps for volume sol4:0 (G4Tubs) ... OK! 
BLCMDsolenoid::Construct sol4 parent= relZ=43095.6 globZ=43095.6
	global pos=0.0,0.0,43095.6  Checking overlaps for volume sol2:0 (G4Tubs) ... OK! 
BLCMDsolenoid::Construct sol2 parent= relZ=43100.6 globZ=43100.6
	global pos=0.0,0.0,43100.6  Checking overlaps for volume sol1:0 (G4Tubs) ... OK! 
BLCMDsolenoid::Construct sol1 parent= relZ=43299.4 globZ=43299.4
	global pos=0.0,0.0,43299.4  Checking overlaps for volume sol3:0 (G4Tubs) ... OK! 
BLCMDsolenoid::Construct sol3 parent= relZ=43304.4 globZ=43304.4
	global pos=0.0,0.0,43304.4  Checking overlaps for volume sol5:0 (G4Tubs) ... OK! 
BLCMDsolenoid::Construct sol5 parent= relZ=43427.2 globZ=43427.2
	global pos=0.0,0.0,43427.2  Checking overlaps for volume sol6:0 (G4Tubs) ... OK! 
BLCMDsolenoid::Construct sol6 parent= relZ=43772.8 globZ=43772.8
	global pos=0.0,0.0,43772.8  Checking overlaps for volume sol4:0 (G4Tubs) ... OK! 
BLCMDsolenoid::Construct sol4 parent= relZ=43895.6 globZ=43895.6
	global pos=0.0,0.0,43895.6  Checking overlaps for volume sol2:0 (G4Tubs) ... OK! 
BLCMDsolenoid::Construct sol2 parent= relZ=43900.6 globZ=43900.6
	global pos=0.0,0.0,43900.6  Checking overlaps for volume sol1:0 (G4Tubs) ... OK! 
BLCMDsolenoid::Construct sol1 parent= relZ=44099.4 globZ=44099.4
	global pos=0.0,0.0,44099.4  Checking overlaps for volume sol3:0 (G4Tubs) ... OK! 
BLCMDsolenoid::Construct sol3 parent= relZ=44104.4 globZ=44104.4
	global pos=0.0,0.0,44104.4  Checking overlaps for volume sol5:0 (G4Tubs) ... OK! 
BLCMDsolenoid::Construct sol5 parent= relZ=44227.2 globZ=44227.2
	global pos=0.0,0.0,44227.2  Checking overlaps for volume sol6:0 (G4Tubs) ... OK! 
BLCMDsolenoid::Construct sol6 parent= relZ=44572.8 globZ=44572.8
	global pos=0.0,0.0,44572.8  Checking overlaps for volume sol4:0 (G4Tubs) ... OK! 
BLCMDsolenoid::Construct sol4 parent= relZ=44695.6 globZ=44695.6
	global pos=0.0,0.0,44695.6  Checking overlaps for volume sol2:0 (G4Tubs) ... OK! 
BLCMDsolenoid::Construct sol2 parent= relZ=44700.6 globZ=44700.6
	global pos=0.0,0.0,44700.6  Checking overlaps for volume sol1:0 (G4Tubs) ... OK! 
BLCMDsolenoid::Construct sol1 parent= relZ=44899.4 globZ=44899.4
	global pos=0.0,0.0,44899.4  Checking overlaps for volume sol3:0 (G4Tubs) ... OK! 
BLCMDsolenoid::Construct sol3 parent= relZ=44904.4 globZ=44904.4
	global pos=0.0,0.0,44904.4  Checking overlaps for volume sol5:0 (G4Tubs) ... OK! 
BLCMDsolenoid::Construct sol5 parent= relZ=45027.2 globZ=45027.2
	global pos=0.0,0.0,45027.2  Checking overlaps for volume sol6:0 (G4Tubs) ... OK! 
BLCMDsolenoid::Construct sol6 parent= relZ=45372.8 globZ=45372.8
	global pos=0.0,0.0,45372.8  Checking overlaps for volume sol4:0 (G4Tubs) ... OK! 
BLCMDsolenoid::Construct sol4 parent= relZ=45495.6 globZ=45495.6
	global pos=0.0,0.0,45495.6  Checking overlaps for volume sol2:0 (G4Tubs) ... OK! 
BLCMDsolenoid::Construct sol2 parent= relZ=45500.6 globZ=45500.6
	global pos=0.0,0.0,45500.6  Checking overlaps for volume sol1:0 (G4Tubs) ... OK! 
BLCMDsolenoid::Construct sol1 parent= relZ=45699.4 globZ=45699.4
	global pos=0.0,0.0,45699.4  Checking overlaps for volume sol3:0 (G4Tubs) ... OK! 
BLCMDsolenoid::Construct sol3 parent= relZ=45704.4 globZ=45704.4
	global pos=0.0,0.0,45704.4  Checking overlaps for volume sol5:0 (G4Tubs) ... OK! 
BLCMDsolenoid::Construct sol5 parent= relZ=45827.2 globZ=45827.2
	global pos=0.0,0.0,45827.2  Checking overlaps for volume sol6:0 (G4Tubs) ... OK! 
BLCMDsolenoid::Construct sol6 parent= relZ=46172.8 globZ=46172.8
	global pos=0.0,0.0,46172.8  Checking overlaps for volume sol4:0 (G4Tubs) ... OK! 
BLCMDsolenoid::Construct sol4 parent= relZ=46295.6 globZ=46295.6
	global pos=0.0,0.0,46295.6  Checking overlaps for volume sol2:0 (G4Tubs) ... OK! 
BLCMDsolenoid::Construct sol2 parent= relZ=46300.6 globZ=46300.6
	global pos=0.0,0.0,46300.6  Checking overlaps for volume sol1:0 (G4Tubs) ... OK! 
BLCMDsolenoid::Construct sol1 parent= relZ=46499.4 globZ=46499.4
	global pos=0.0,0.0,46499.4  Checking overlaps for volume sol3:0 (G4Tubs) ... OK! 
BLCMDsolenoid::Construct sol3 parent= relZ=46504.4 globZ=46504.4
	global pos=0.0,0.0,46504.4  Checking overlaps for volume sol5:0 (G4Tubs) ... OK! 
BLCMDsolenoid::Construct sol5 parent= relZ=46627.2 globZ=46627.2
	global pos=0.0,0.0,46627.2  Checking overlaps for volume sol6:0 (G4Tubs) ... OK! 
BLCMDsolenoid::Construct sol6 parent= relZ=46972.8 globZ=46972.8
	global pos=0.0,0.0,46972.8  Checking overlaps for volume sol4:0 (G4Tubs) ... OK! 
BLCMDsolenoid::Construct sol4 parent= relZ=47095.6 globZ=47095.6
	global pos=0.0,0.0,47095.6  Checking overlaps for volume sol2:0 (G4Tubs) ... OK! 
BLCMDsolenoid::Construct sol2 parent= relZ=47100.6 globZ=47100.6
	global pos=0.0,0.0,47100.6  Checking overlaps for volume sol1:0 (G4Tubs) ... OK! 
BLCMDsolenoid::Construct sol1 parent= relZ=47299.4 globZ=47299.4
	global pos=0.0,0.0,47299.4  Checking overlaps for volume sol3:0 (G4Tubs) ... OK! 
BLCMDsolenoid::Construct sol3 parent= relZ=47304.4 globZ=47304.4
	global pos=0.0,0.0,47304.4  Checking overlaps for volume sol5:0 (G4Tubs) ... OK! 
BLCMDsolenoid::Construct sol5 parent= relZ=47427.2 globZ=47427.2
	global pos=0.0,0.0,47427.2  Checking overlaps for volume sol6:0 (G4Tubs) ... OK! 
BLCMDsolenoid::Construct sol6 parent= relZ=47772.8 globZ=47772.8
	global pos=0.0,0.0,47772.8  Checking overlaps for volume sol4:0 (G4Tubs) ... OK! 
BLCMDsolenoid::Construct sol4 parent= relZ=47895.6 globZ=47895.6
	global pos=0.0,0.0,47895.6  Checking overlaps for volume sol2:0 (G4Tubs) ... OK! 
BLCMDsolenoid::Construct sol2 parent= relZ=47900.6 globZ=47900.6
	global pos=0.0,0.0,47900.6  Checking overlaps for volume sol1:0 (G4Tubs) ... OK! 
BLCMDsolenoid::Construct sol1 parent= relZ=48099.4 globZ=48099.4
	global pos=0.0,0.0,48099.4  Checking overlaps for volume sol3:0 (G4Tubs) ... OK! 
BLCMDsolenoid::Construct sol3 parent= relZ=48104.4 globZ=48104.4
	global pos=0.0,0.0,48104.4  Checking overlaps for volume sol5:0 (G4Tubs) ... OK! 
BLCMDsolenoid::Construct sol5 parent= relZ=48227.2 globZ=48227.2
	global pos=0.0,0.0,48227.2  Checking overlaps for volume sol6:0 (G4Tubs) ... OK! 
BLCMDsolenoid::Construct sol6 parent= relZ=48572.8 globZ=48572.8
	global pos=0.0,0.0,48572.8  Checking overlaps for volume sol4:0 (G4Tubs) ... OK! 
BLCMDsolenoid::Construct sol4 parent= relZ=48695.6 globZ=48695.6
	global pos=0.0,0.0,48695.6  Checking overlaps for volume sol2:0 (G4Tubs) ... OK! 
BLCMDsolenoid::Construct sol2 parent= relZ=48700.6 globZ=48700.6
	global pos=0.0,0.0,48700.6  BLCMDgenericbend::Construct solbend_a_-2 parent= relZ=-1520.0 globZ=-1520.0
	zmin=-1570.0 zmax=-1470.0
BLCMDgenericbend::Construct solbend_b_-2 parent= relZ=-880.0 globZ=-880.0
	zmin=-930.0 zmax=-830.0
BLCMDgenericbend::Construct solbend_a_-1 parent= relZ=-720.0 globZ=-720.0
	zmin=-770.0 zmax=-670.0
BLCMDgenericbend::Construct solbend_b_-1 parent= relZ=-80.0 globZ=-80.0
	zmin=-130.0 zmax=-30.0
BLCMDgenericbend::Construct solbend_a_0 parent= relZ=80.0 globZ=80.0
	zmin=30.0 zmax=130.0
BLCMDgenericbend::Construct solbend_b_0 parent= relZ=720.0 globZ=720.0
	zmin=670.0 zmax=770.0
BLCMDgenericbend::Construct solbend_a_1 parent= relZ=880.0 globZ=880.0
	zmin=830.0 zmax=930.0
BLCMDgenericbend::Construct solbend_b_1 parent= relZ=1520.0 globZ=1520.0
	zmin=1470.0 zmax=1570.0
BLCMDgenericbend::Construct solbend_a_2 parent= relZ=1680.0 globZ=1680.0
	zmin=1630.0 zmax=1730.0
BLCMDgenericbend::Construct solbend_b_2 parent= relZ=2320.0 globZ=2320.0
	zmin=2270.0 zmax=2370.0
BLCMDgenericbend::Construct solbend_a_3 parent= relZ=2480.0 globZ=2480.0
	zmin=2430.0 zmax=2530.0
BLCMDgenericbend::Construct solbend_b_3 parent= relZ=3120.0 globZ=3120.0
	zmin=3070.0 zmax=3170.0
BLCMDgenericbend::Construct solbend_a_4 parent= relZ=3280.0 globZ=3280.0
	zmin=3230.0 zmax=3330.0
BLCMDgenericbend::Construct solbend_b_4 parent= relZ=3920.0 globZ=3920.0
	zmin=3870.0 zmax=3970.0
BLCMDgenericbend::Construct solbend_a_5 parent= relZ=4080.0 globZ=4080.0
	zmin=4030.0 zmax=4130.0
BLCMDgenericbend::Construct solbend_b_5 parent= relZ=4720.0 globZ=4720.0
	zmin=4670.0 zmax=4770.0
BLCMDgenericbend::Construct solbend_a_6 parent= relZ=4880.0 globZ=4880.0
	zmin=4830.0 zmax=4930.0
BLCMDgenericbend::Construct solbend_b_6 parent= relZ=5520.0 globZ=5520.0
	zmin=5470.0 zmax=5570.0
BLCMDgenericbend::Construct solbend_a_7 parent= relZ=5680.0 globZ=5680.0
	zmin=5630.0 zmax=5730.0
BLCMDgenericbend::Construct solbend_b_7 parent= relZ=6320.0 globZ=6320.0
	zmin=6270.0 zmax=6370.0
BLCMDgenericbend::Construct solbend_a_8 parent= relZ=6480.0 globZ=6480.0
	zmin=6430.0 zmax=6530.0
BLCMDgenericbend::Construct solbend_b_8 parent= relZ=7120.0 globZ=7120.0
	zmin=7070.0 zmax=7170.0
BLCMDgenericbend::Construct solbend_a_9 parent= relZ=7280.0 globZ=7280.0
	zmin=7230.0 zmax=7330.0
BLCMDgenericbend::Construct solbend_b_9 parent= relZ=7920.0 globZ=7920.0
	zmin=7870.0 zmax=7970.0
BLCMDgenericbend::Construct solbend_a_10 parent= relZ=8080.0 globZ=8080.0
	zmin=8030.0 zmax=8130.0
BLCMDgenericbend::Construct solbend_b_10 parent= relZ=8720.0 globZ=8720.0
	zmin=8670.0 zmax=8770.0
BLCMDgenericbend::Construct solbend_a_11 parent= relZ=8880.0 globZ=8880.0
	zmin=8830.0 zmax=8930.0
BLCMDgenericbend::Construct solbend_b_11 parent= relZ=9520.0 globZ=9520.0
	zmin=9470.0 zmax=9570.0
BLCMDgenericbend::Construct solbend_a_12 parent= relZ=9680.0 globZ=9680.0
	zmin=9630.0 zmax=9730.0
BLCMDgenericbend::Construct solbend_b_12 parent= relZ=10320.0 globZ=10320.0
	zmin=10270.0 zmax=10370.0
BLCMDgenericbend::Construct solbend_a_13 parent= relZ=10480.0 globZ=10480.0
	zmin=10430.0 zmax=10530.0
BLCMDgenericbend::Construct solbend_b_13 parent= relZ=11120.0 globZ=11120.0
	zmin=11070.0 zmax=11170.0
BLCMDgenericbend::Construct solbend_a_14 parent= relZ=11280.0 globZ=11280.0
	zmin=11230.0 zmax=11330.0
BLCMDgenericbend::Construct solbend_b_14 parent= relZ=11920.0 globZ=11920.0
	zmin=11870.0 zmax=11970.0
BLCMDgenericbend::Construct solbend_a_15 parent= relZ=12080.0 globZ=12080.0
	zmin=12030.0 zmax=12130.0
BLCMDgenericbend::Construct solbend_b_15 parent= relZ=12720.0 globZ=12720.0
	zmin=12670.0 zmax=12770.0
BLCMDgenericbend::Construct solbend_a_16 parent= relZ=12880.0 globZ=12880.0
	zmin=12830.0 zmax=12930.0
BLCMDgenericbend::Construct solbend_b_16 parent= relZ=13520.0 globZ=13520.0
	zmin=13470.0 zmax=13570.0
BLCMDgenericbend::Construct solbend_a_17 parent= relZ=13680.0 globZ=13680.0
	zmin=13630.0 zmax=13730.0
BLCMDgenericbend::Construct solbend_b_17 parent= relZ=14320.0 globZ=14320.0
	zmin=14270.0 zmax=14370.0
BLCMDgenericbend::Construct solbend_a_18 parent= relZ=14480.0 globZ=14480.0
	zmin=14430.0 zmax=14530.0
BLCMDgenericbend::Construct solbend_b_18 parent= relZ=15120.0 globZ=15120.0
	zmin=15070.0 zmax=15170.0
BLCMDgenericbend::Construct solbend_a_19 parent= relZ=15280.0 globZ=15280.0
	zmin=15230.0 zmax=15330.0
BLCMDgenericbend::Construct solbend_b_19 parent= relZ=15920.0 globZ=15920.0
	zmin=15870.0 zmax=15970.0
BLCMDgenericbend::Construct solbend_a_20 parent= relZ=16080.0 globZ=16080.0
	zmin=16030.0 zmax=16130.0
BLCMDgenericbend::Construct solbend_b_20 parent= relZ=16720.0 globZ=16720.0
	zmin=16670.0 zmax=16770.0
BLCMDgenericbend::Construct solbend_a_21 parent= relZ=16880.0 globZ=16880.0
	zmin=16830.0 zmax=16930.0
BLCMDgenericbend::Construct solbend_b_21 parent= relZ=17520.0 globZ=17520.0
	zmin=17470.0 zmax=17570.0
BLCMDgenericbend::Construct solbend_a_22 parent= relZ=17680.0 globZ=17680.0
	zmin=17630.0 zmax=17730.0
BLCMDgenericbend::Construct solbend_b_22 parent= relZ=18320.0 globZ=18320.0
	zmin=18270.0 zmax=18370.0
BLCMDgenericbend::Construct solbend_a_23 parent= relZ=18480.0 globZ=18480.0
	zmin=18430.0 zmax=18530.0
BLCMDgenericbend::Construct solbend_b_23 parent= relZ=19120.0 globZ=19120.0
	zmin=19070.0 zmax=19170.0
BLCMDgenericbend::Construct solbend_a_24 parent= relZ=19280.0 globZ=19280.0
	zmin=19230.0 zmax=19330.0
BLCMDgenericbend::Construct solbend_b_24 parent= relZ=19920.0 globZ=19920.0
	zmin=19870.0 zmax=19970.0
BLCMDgenericbend::Construct solbend_a_25 parent= relZ=20080.0 globZ=20080.0
	zmin=20030.0 zmax=20130.0
BLCMDgenericbend::Construct solbend_b_25 parent= relZ=20720.0 globZ=20720.0
	zmin=20670.0 zmax=20770.0
BLCMDgenericbend::Construct solbend_a_26 parent= relZ=20880.0 globZ=20880.0
	zmin=20830.0 zmax=20930.0
BLCMDgenericbend::Construct solbend_b_26 parent= relZ=21520.0 globZ=21520.0
	zmin=21470.0 zmax=21570.0
BLCMDgenericbend::Construct solbend_a_27 parent= relZ=21680.0 globZ=21680.0
	zmin=21630.0 zmax=21730.0
BLCMDgenericbend::Construct solbend_b_27 parent= relZ=22320.0 globZ=22320.0
	zmin=22270.0 zmax=22370.0
BLCMDgenericbend::Construct solbend_a_28 parent= relZ=22480.0 globZ=22480.0
	zmin=22430.0 zmax=22530.0
BLCMDgenericbend::Construct solbend_b_28 parent= relZ=23120.0 globZ=23120.0
	zmin=23070.0 zmax=23170.0
BLCMDgenericbend::Construct solbend_a_29 parent= relZ=23280.0 globZ=23280.0
	zmin=23230.0 zmax=23330.0
BLCMDgenericbend::Construct solbend_b_29 parent= relZ=23920.0 globZ=23920.0
	zmin=23870.0 zmax=23970.0
BLCMDgenericbend::Construct solbend_a_30 parent= relZ=24080.0 globZ=24080.0
	zmin=24030.0 zmax=24130.0
BLCMDgenericbend::Construct solbend_b_30 parent= relZ=24720.0 globZ=24720.0
	zmin=24670.0 zmax=24770.0
BLCMDgenericbend::Construct solbend_a_31 parent= relZ=24880.0 globZ=24880.0
	zmin=24830.0 zmax=24930.0
BLCMDgenericbend::Construct solbend_b_31 parent= relZ=25520.0 globZ=25520.0
	zmin=25470.0 zmax=25570.0
BLCMDgenericbend::Construct solbend_a_32 parent= relZ=25680.0 globZ=25680.0
	zmin=25630.0 zmax=25730.0
BLCMDgenericbend::Construct solbend_b_32 parent= relZ=26320.0 globZ=26320.0
	zmin=26270.0 zmax=26370.0
BLCMDgenericbend::Construct solbend_a_33 parent= relZ=26480.0 globZ=26480.0
	zmin=26430.0 zmax=26530.0
BLCMDgenericbend::Construct solbend_b_33 parent= relZ=27120.0 globZ=27120.0
	zmin=27070.0 zmax=27170.0
BLCMDgenericbend::Construct solbend_a_34 parent= relZ=27280.0 globZ=27280.0
	zmin=27230.0 zmax=27330.0
BLCMDgenericbend::Construct solbend_b_34 parent= relZ=27920.0 globZ=27920.0
	zmin=27870.0 zmax=27970.0
BLCMDgenericbend::Construct solbend_a_35 parent= relZ=28080.0 globZ=28080.0
	zmin=28030.0 zmax=28130.0
BLCMDgenericbend::Construct solbend_b_35 parent= relZ=28720.0 globZ=28720.0
	zmin=28670.0 zmax=28770.0
BLCMDgenericbend::Construct solbend_a_36 parent= relZ=28880.0 globZ=28880.0
	zmin=28830.0 zmax=28930.0
BLCMDgenericbend::Construct solbend_b_36 parent= relZ=29520.0 globZ=29520.0
	zmin=29470.0 zmax=29570.0
BLCMDgenericbend::Construct solbend_a_37 parent= relZ=29680.0 globZ=29680.0
	zmin=29630.0 zmax=29730.0
BLCMDgenericbend::Construct solbend_b_37 parent= relZ=30320.0 globZ=30320.0
	zmin=30270.0 zmax=30370.0
BLCMDgenericbend::Construct solbend_a_38 parent= relZ=30480.0 globZ=30480.0
	zmin=30430.0 zmax=30530.0
BLCMDgenericbend::Construct solbend_b_38 parent= relZ=31120.0 globZ=31120.0
	zmin=31070.0 zmax=31170.0
BLCMDgenericbend::Construct solbend_a_39 parent= relZ=31280.0 globZ=31280.0
	zmin=31230.0 zmax=31330.0
BLCMDgenericbend::Construct solbend_b_39 parent= relZ=31920.0 globZ=31920.0
	zmin=31870.0 zmax=31970.0
BLCMDgenericbend::Construct solbend_a_40 parent= relZ=32080.0 globZ=32080.0
	zmin=32030.0 zmax=32130.0
BLCMDgenericbend::Construct solbend_b_40 parent= relZ=32720.0 globZ=32720.0
	zmin=32670.0 zmax=32770.0
BLCMDgenericbend::Construct solbend_a_41 parent= relZ=32880.0 globZ=32880.0
	zmin=32830.0 zmax=32930.0
BLCMDgenericbend::Construct solbend_b_41 parent= relZ=33520.0 globZ=33520.0
	zmin=33470.0 zmax=33570.0
BLCMDgenericbend::Construct solbend_a_42 parent= relZ=33680.0 globZ=33680.0
	zmin=33630.0 zmax=33730.0
BLCMDgenericbend::Construct solbend_b_42 parent= relZ=34320.0 globZ=34320.0
	zmin=34270.0 zmax=34370.0
BLCMDgenericbend::Construct solbend_a_43 parent= relZ=34480.0 globZ=34480.0
	zmin=34430.0 zmax=34530.0
BLCMDgenericbend::Construct solbend_b_43 parent= relZ=35120.0 globZ=35120.0
	zmin=35070.0 zmax=35170.0
BLCMDgenericbend::Construct solbend_a_44 parent= relZ=35280.0 globZ=35280.0
	zmin=35230.0 zmax=35330.0
BLCMDgenericbend::Construct solbend_b_44 parent= relZ=35920.0 globZ=35920.0
	zmin=35870.0 zmax=35970.0
BLCMDgenericbend::Construct solbend_a_45 parent= relZ=36080.0 globZ=36080.0
	zmin=36030.0 zmax=36130.0
BLCMDgenericbend::Construct solbend_b_45 parent= relZ=36720.0 globZ=36720.0
	zmin=36670.0 zmax=36770.0
BLCMDgenericbend::Construct solbend_a_46 parent= relZ=36880.0 globZ=36880.0
	zmin=36830.0 zmax=36930.0
BLCMDgenericbend::Construct solbend_b_46 parent= relZ=37520.0 globZ=37520.0
	zmin=37470.0 zmax=37570.0
BLCMDgenericbend::Construct solbend_a_47 parent= relZ=37680.0 globZ=37680.0
	zmin=37630.0 zmax=37730.0
BLCMDgenericbend::Construct solbend_b_47 parent= relZ=38320.0 globZ=38320.0
	zmin=38270.0 zmax=38370.0
BLCMDgenericbend::Construct solbend_a_48 parent= relZ=38480.0 globZ=38480.0
	zmin=38430.0 zmax=38530.0
BLCMDgenericbend::Construct solbend_b_48 parent= relZ=39120.0 globZ=39120.0
	zmin=39070.0 zmax=39170.0
BLCMDgenericbend::Construct solbend_a_49 parent= relZ=39280.0 globZ=39280.0
	zmin=39230.0 zmax=39330.0
BLCMDgenericbend::Construct solbend_b_49 parent= relZ=39920.0 globZ=39920.0
	zmin=39870.0 zmax=39970.0
BLCMDgenericbend::Construct solbend_a_50 parent= relZ=40080.0 globZ=40080.0
	zmin=40030.0 zmax=40130.0
BLCMDgenericbend::Construct solbend_b_50 parent= relZ=40720.0 globZ=40720.0
	zmin=40670.0 zmax=40770.0
BLCMDgenericbend::Construct solbend_a_51 parent= relZ=40880.0 globZ=40880.0
	zmin=40830.0 zmax=40930.0
BLCMDgenericbend::Construct solbend_b_51 parent= relZ=41520.0 globZ=41520.0
	zmin=41470.0 zmax=41570.0
BLCMDgenericbend::Construct solbend_a_52 parent= relZ=41680.0 globZ=41680.0
	zmin=41630.0 zmax=41730.0
BLCMDgenericbend::Construct solbend_b_52 parent= relZ=42320.0 globZ=42320.0
	zmin=42270.0 zmax=42370.0
BLCMDgenericbend::Construct solbend_a_53 parent= relZ=42480.0 globZ=42480.0
	zmin=42430.0 zmax=42530.0
BLCMDgenericbend::Construct solbend_b_53 parent= relZ=43120.0 globZ=43120.0
	zmin=43070.0 zmax=43170.0
BLCMDgenericbend::Construct solbend_a_54 parent= relZ=43280.0 globZ=43280.0
	zmin=43230.0 zmax=43330.0
BLCMDgenericbend::Construct solbend_b_54 parent= relZ=43920.0 globZ=43920.0
	zmin=43870.0 zmax=43970.0
BLCMDgenericbend::Construct solbend_a_55 parent= relZ=44080.0 globZ=44080.0
	zmin=44030.0 zmax=44130.0
BLCMDgenericbend::Construct solbend_b_55 parent= relZ=44720.0 globZ=44720.0
	zmin=44670.0 zmax=44770.0
BLCMDgenericbend::Construct solbend_a_56 parent= relZ=44880.0 globZ=44880.0
	zmin=44830.0 zmax=44930.0
BLCMDgenericbend::Construct solbend_b_56 parent= relZ=45520.0 globZ=45520.0
	zmin=45470.0 zmax=45570.0
BLCMDgenericbend::Construct solbend_a_57 parent= relZ=45680.0 globZ=45680.0
	zmin=45630.0 zmax=45730.0
BLCMDgenericbend::Construct solbend_b_57 parent= relZ=46320.0 globZ=46320.0
	zmin=46270.0 zmax=46370.0
BLCMDgenericbend::Construct solbend_a_58 parent= relZ=46480.0 globZ=46480.0
	zmin=46430.0 zmax=46530.0
BLCMDgenericbend::Construct solbend_b_58 parent= relZ=47120.0 globZ=47120.0
	zmin=47070.0 zmax=47170.0
BLCMDgenericbend::Construct solbend_a_59 parent= relZ=47280.0 globZ=47280.0
	zmin=47230.0 zmax=47330.0
BLCMDgenericbend::Construct solbend_b_59 parent= relZ=47920.0 globZ=47920.0
	zmin=47870.0 zmax=47970.0
BLCMDgenericbend::Construct solbend_a_60 parent= relZ=48080.0 globZ=48080.0
	zmin=48030.0 zmax=48130.0
BLCMDgenericbend::Construct solbend_b_60 parent= relZ=48720.0 globZ=48720.0
	zmin=48670.0 zmax=48770.0
BLMappedMagnet::Construct fringe_left parent= relZ=-1660.0
BLMappedMagnet::Construct fringe_right parent= relZ=-1380.0
BLMappedMagnet::Construct fringe_left parent= relZ=-1020.0
BLMappedMagnet::Construct fringe_right parent= relZ=-740.0
BLMappedMagnet::Construct fringe_left parent= relZ=-860.0
BLMappedMagnet::Construct fringe_right parent= relZ=-580.0
BLMappedMagnet::Construct fringe_left parent= relZ=-220.0
BLMappedMagnet::Construct fringe_right parent= relZ=60.0
BLMappedMagnet::Construct fringe_left parent= relZ=-60.0
BLMappedMagnet::Construct fringe_right parent= relZ=220.0
BLMappedMagnet::Construct fringe_left parent= relZ=580.0
BLMappedMagnet::Construct fringe_right parent= relZ=860.0
BLMappedMagnet::Construct fringe_left parent= relZ=740.0
BLMappedMagnet::Construct fringe_right parent= relZ=1020.0
BLMappedMagnet::Construct fringe_left parent= relZ=1380.0
BLMappedMagnet::Construct fringe_right parent= relZ=1660.0
BLMappedMagnet::Construct fringe_left parent= relZ=1540.0
BLMappedMagnet::Construct fringe_right parent= relZ=1820.0
BLMappedMagnet::Construct fringe_left parent= relZ=2180.0
BLMappedMagnet::Construct fringe_right parent= relZ=2460.0
BLMappedMagnet::Construct fringe_left parent= relZ=2340.0
BLMappedMagnet::Construct fringe_right parent= relZ=2620.0
BLMappedMagnet::Construct fringe_left parent= relZ=2980.0
BLMappedMagnet::Construct fringe_right parent= relZ=3260.0
BLMappedMagnet::Construct fringe_left parent= relZ=3140.0
BLMappedMagnet::Construct fringe_right parent= relZ=3420.0
BLMappedMagnet::Construct fringe_left parent= relZ=3780.0
BLMappedMagnet::Construct fringe_right parent= relZ=4060.0
BLMappedMagnet::Construct fringe_left parent= relZ=3940.0
BLMappedMagnet::Construct fringe_right parent= relZ=4220.0
BLMappedMagnet::Construct fringe_left parent= relZ=4580.0
BLMappedMagnet::Construct fringe_right parent= relZ=4860.0
BLMappedMagnet::Construct fringe_left parent= relZ=4740.0
BLMappedMagnet::Construct fringe_right parent= relZ=5020.0
BLMappedMagnet::Construct fringe_left parent= relZ=5380.0
BLMappedMagnet::Construct fringe_right parent= relZ=5660.0
BLMappedMagnet::Construct fringe_left parent= relZ=5540.0
BLMappedMagnet::Construct fringe_right parent= relZ=5820.0
BLMappedMagnet::Construct fringe_left parent= relZ=6180.0
BLMappedMagnet::Construct fringe_right parent= relZ=6460.0
BLMappedMagnet::Construct fringe_left parent= relZ=6340.0
BLMappedMagnet::Construct fringe_right parent= relZ=6620.0
BLMappedMagnet::Construct fringe_left parent= relZ=6980.0
BLMappedMagnet::Construct fringe_right parent= relZ=7260.0
BLMappedMagnet::Construct fringe_left parent= relZ=7140.0
BLMappedMagnet::Construct fringe_right parent= relZ=7420.0
BLMappedMagnet::Construct fringe_left parent= relZ=7780.0
BLMappedMagnet::Construct fringe_right parent= relZ=8060.0
BLMappedMagnet::Construct fringe_left parent= relZ=7940.0
BLMappedMagnet::Construct fringe_right parent= relZ=8220.0
BLMappedMagnet::Construct fringe_left parent= relZ=8580.0
BLMappedMagnet::Construct fringe_right parent= relZ=8860.0
BLMappedMagnet::Construct fringe_left parent= relZ=8740.0
BLMappedMagnet::Construct fringe_right parent= relZ=9020.0
BLMappedMagnet::Construct fringe_left parent= relZ=9380.0
BLMappedMagnet::Construct fringe_right parent= relZ=9660.0
BLMappedMagnet::Construct fringe_left parent= relZ=9540.0
BLMappedMagnet::Construct fringe_right parent= relZ=9820.0
BLMappedMagnet::Construct fringe_left parent= relZ=10180.0
BLMappedMagnet::Construct fringe_right parent= relZ=10460.0
BLMappedMagnet::Construct fringe_left parent= relZ=10340.0
BLMappedMagnet::Construct fringe_right parent= relZ=10620.0
BLMappedMagnet::Construct fringe_left parent= relZ=10980.0
BLMappedMagnet::Construct fringe_right parent= relZ=11260.0
BLMappedMagnet::Construct fringe_left parent= relZ=11140.0
BLMappedMagnet::Construct fringe_right parent= relZ=11420.0
BLMappedMagnet::Construct fringe_left parent= relZ=11780.0
BLMappedMagnet::Construct fringe_right parent= relZ=12060.0
BLMappedMagnet::Construct fringe_left parent= relZ=11940.0
BLMappedMagnet::Construct fringe_right parent= relZ=12220.0
BLMappedMagnet::Construct fringe_left parent= relZ=12580.0
BLMappedMagnet::Construct fringe_right parent= relZ=12860.0
BLMappedMagnet::Construct fringe_left parent= relZ=12740.0
BLMappedMagnet::Construct fringe_right parent= relZ=13020.0
BLMappedMagnet::Construct fringe_left parent= relZ=13380.0
BLMappedMagnet::Construct fringe_right parent= relZ=13660.0
BLMappedMagnet::Construct fringe_left parent= relZ=13540.0
BLMappedMagnet::Construct fringe_right parent= relZ=13820.0
BLMappedMagnet::Construct fringe_left parent= relZ=14180.0
BLMappedMagnet::Construct fringe_right parent= relZ=14460.0
BLMappedMagnet::Construct fringe_left parent= relZ=14340.0
BLMappedMagnet::Construct fringe_right parent= relZ=14620.0
BLMappedMagnet::Construct fringe_left parent= relZ=14980.0
BLMappedMagnet::Construct fringe_right parent= relZ=15260.0
BLMappedMagnet::Construct fringe_left parent= relZ=15140.0
BLMappedMagnet::Construct fringe_right parent= relZ=15420.0
BLMappedMagnet::Construct fringe_left parent= relZ=15780.0
BLMappedMagnet::Construct fringe_right parent= relZ=16060.0
BLMappedMagnet::Construct fringe_left parent= relZ=15940.0
BLMappedMagnet::Construct fringe_right parent= relZ=16220.0
BLMappedMagnet::Construct fringe_left parent= relZ=16580.0
BLMappedMagnet::Construct fringe_right parent= relZ=16860.0
BLMappedMagnet::Construct fringe_left parent= relZ=16740.0
BLMappedMagnet::Construct fringe_right parent= relZ=17020.0
BLMappedMagnet::Construct fringe_left parent= relZ=17380.0
BLMappedMagnet::Construct fringe_right parent= relZ=17660.0
BLMappedMagnet::Construct fringe_left parent= relZ=17540.0
BLMappedMagnet::Construct fringe_right parent= relZ=17820.0
BLMappedMagnet::Construct fringe_left parent= relZ=18180.0
BLMappedMagnet::Construct fringe_right parent= relZ=18460.0
BLMappedMagnet::Construct fringe_left parent= relZ=18340.0
BLMappedMagnet::Construct fringe_right parent= relZ=18620.0
BLMappedMagnet::Construct fringe_left parent= relZ=18980.0
BLMappedMagnet::Construct fringe_right parent= relZ=19260.0
BLMappedMagnet::Construct fringe_left parent= relZ=19140.0
BLMappedMagnet::Construct fringe_right parent= relZ=19420.0
BLMappedMagnet::Construct fringe_left parent= relZ=19780.0
BLMappedMagnet::Construct fringe_right parent= relZ=20060.0
BLMappedMagnet::Construct fringe_left parent= relZ=19940.0
BLMappedMagnet::Construct fringe_right parent= relZ=20220.0
BLMappedMagnet::Construct fringe_left parent= relZ=20580.0
BLMappedMagnet::Construct fringe_right parent= relZ=20860.0
BLMappedMagnet::Construct fringe_left parent= relZ=20740.0
BLMappedMagnet::Construct fringe_right parent= relZ=21020.0
BLMappedMagnet::Construct fringe_left parent= relZ=21380.0
BLMappedMagnet::Construct fringe_right parent= relZ=21660.0
BLMappedMagnet::Construct fringe_left parent= relZ=21540.0
BLMappedMagnet::Construct fringe_right parent= relZ=21820.0
BLMappedMagnet::Construct fringe_left parent= relZ=22180.0
BLMappedMagnet::Construct fringe_right parent= relZ=22460.0
BLMappedMagnet::Construct fringe_left parent= relZ=22340.0
BLMappedMagnet::Construct fringe_right parent= relZ=22620.0
BLMappedMagnet::Construct fringe_left parent= relZ=22980.0
BLMappedMagnet::Construct fringe_right parent= relZ=23260.0
BLMappedMagnet::Construct fringe_left parent= relZ=23140.0
BLMappedMagnet::Construct fringe_right parent= relZ=23420.0
BLMappedMagnet::Construct fringe_left parent= relZ=23780.0
BLMappedMagnet::Construct fringe_right parent= relZ=24060.0
BLMappedMagnet::Construct fringe_left parent= relZ=23940.0
BLMappedMagnet::Construct fringe_right parent= relZ=24220.0
BLMappedMagnet::Construct fringe_left parent= relZ=24580.0
BLMappedMagnet::Construct fringe_right parent= relZ=24860.0
BLMappedMagnet::Construct fringe_left parent= relZ=24740.0
BLMappedMagnet::Construct fringe_right parent= relZ=25020.0
BLMappedMagnet::Construct fringe_left parent= relZ=25380.0
BLMappedMagnet::Construct fringe_right parent= relZ=25660.0
BLMappedMagnet::Construct fringe_left parent= relZ=25540.0
BLMappedMagnet::Construct fringe_right parent= relZ=25820.0
BLMappedMagnet::Construct fringe_left parent= relZ=26180.0
BLMappedMagnet::Construct fringe_right parent= relZ=26460.0
BLMappedMagnet::Construct fringe_left parent= relZ=26340.0
BLMappedMagnet::Construct fringe_right parent= relZ=26620.0
BLMappedMagnet::Construct fringe_left parent= relZ=26980.0
BLMappedMagnet::Construct fringe_right parent= relZ=27260.0
BLMappedMagnet::Construct fringe_left parent= relZ=27140.0
BLMappedMagnet::Construct fringe_right parent= relZ=27420.0
BLMappedMagnet::Construct fringe_left parent= relZ=27780.0
BLMappedMagnet::Construct fringe_right parent= relZ=28060.0
BLMappedMagnet::Construct fringe_left parent= relZ=27940.0
BLMappedMagnet::Construct fringe_right parent= relZ=28220.0
BLMappedMagnet::Construct fringe_left parent= relZ=28580.0
BLMappedMagnet::Construct fringe_right parent= relZ=28860.0
BLMappedMagnet::Construct fringe_left parent= relZ=28740.0
BLMappedMagnet::Construct fringe_right parent= relZ=29020.0
BLMappedMagnet::Construct fringe_left parent= relZ=29380.0
BLMappedMagnet::Construct fringe_right parent= relZ=29660.0
BLMappedMagnet::Construct fringe_left parent= relZ=29540.0
BLMappedMagnet::Construct fringe_right parent= relZ=29820.0
BLMappedMagnet::Construct fringe_left parent= relZ=30180.0
BLMappedMagnet::Construct fringe_right parent= relZ=30460.0
BLMappedMagnet::Construct fringe_left parent= relZ=30340.0
BLMappedMagnet::Construct fringe_right parent= relZ=30620.0
BLMappedMagnet::Construct fringe_left parent= relZ=30980.0
BLMappedMagnet::Construct fringe_right parent= relZ=31260.0
BLMappedMagnet::Construct fringe_left parent= relZ=31140.0
BLMappedMagnet::Construct fringe_right parent= relZ=31420.0
BLMappedMagnet::Construct fringe_left parent= relZ=31780.0
BLMappedMagnet::Construct fringe_right parent= relZ=32060.0
BLMappedMagnet::Construct fringe_left parent= relZ=31940.0
BLMappedMagnet::Construct fringe_right parent= relZ=32220.0
BLMappedMagnet::Construct fringe_left parent= relZ=32580.0
BLMappedMagnet::Construct fringe_right parent= relZ=32860.0
BLMappedMagnet::Construct fringe_left parent= relZ=32740.0
BLMappedMagnet::Construct fringe_right parent= relZ=33020.0
BLMappedMagnet::Construct fringe_left parent= relZ=33380.0
BLMappedMagnet::Construct fringe_right parent= relZ=33660.0
BLMappedMagnet::Construct fringe_left parent= relZ=33540.0
BLMappedMagnet::Construct fringe_right parent= relZ=33820.0
BLMappedMagnet::Construct fringe_left parent= relZ=34180.0
BLMappedMagnet::Construct fringe_right parent= relZ=34460.0
BLMappedMagnet::Construct fringe_left parent= relZ=34340.0
BLMappedMagnet::Construct fringe_right parent= relZ=34620.0
BLMappedMagnet::Construct fringe_left parent= relZ=34980.0
BLMappedMagnet::Construct fringe_right parent= relZ=35260.0
BLMappedMagnet::Construct fringe_left parent= relZ=35140.0
BLMappedMagnet::Construct fringe_right parent= relZ=35420.0
BLMappedMagnet::Construct fringe_left parent= relZ=35780.0
BLMappedMagnet::Construct fringe_right parent= relZ=36060.0
BLMappedMagnet::Construct fringe_left parent= relZ=35940.0
BLMappedMagnet::Construct fringe_right parent= relZ=36220.0
BLMappedMagnet::Construct fringe_left parent= relZ=36580.0
BLMappedMagnet::Construct fringe_right parent= relZ=36860.0
BLMappedMagnet::Construct fringe_left parent= relZ=36740.0
BLMappedMagnet::Construct fringe_right parent= relZ=37020.0
BLMappedMagnet::Construct fringe_left parent= relZ=37380.0
BLMappedMagnet::Construct fringe_right parent= relZ=37660.0
BLMappedMagnet::Construct fringe_left parent= relZ=37540.0
BLMappedMagnet::Construct fringe_right parent= relZ=37820.0
BLMappedMagnet::Construct fringe_left parent= relZ=38180.0
BLMappedMagnet::Construct fringe_right parent= relZ=38460.0
BLMappedMagnet::Construct fringe_left parent= relZ=38340.0
BLMappedMagnet::Construct fringe_right parent= relZ=38620.0
BLMappedMagnet::Construct fringe_left parent= relZ=38980.0
BLMappedMagnet::Construct fringe_right parent= relZ=39260.0
BLMappedMagnet::Construct fringe_left parent= relZ=39140.0
BLMappedMagnet::Construct fringe_right parent= relZ=39420.0
BLMappedMagnet::Construct fringe_left parent= relZ=39780.0
BLMappedMagnet::Construct fringe_right parent= relZ=40060.0
BLMappedMagnet::Construct fringe_left parent= relZ=39940.0
BLMappedMagnet::Construct fringe_right parent= relZ=40220.0
BLMappedMagnet::Construct fringe_left parent= relZ=40580.0
BLMappedMagnet::Construct fringe_right parent= relZ=40860.0
BLMappedMagnet::Construct fringe_left parent= relZ=40740.0
BLMappedMagnet::Construct fringe_right parent= relZ=41020.0
BLMappedMagnet::Construct fringe_left parent= relZ=41380.0
BLMappedMagnet::Construct fringe_right parent= relZ=41660.0
BLMappedMagnet::Construct fringe_left parent= relZ=41540.0
BLMappedMagnet::Construct fringe_right parent= relZ=41820.0
BLMappedMagnet::Construct fringe_left parent= relZ=42180.0
BLMappedMagnet::Construct fringe_right parent= relZ=42460.0
BLMappedMagnet::Construct fringe_left parent= relZ=42340.0
BLMappedMagnet::Construct fringe_right parent= relZ=42620.0
BLMappedMagnet::Construct fringe_left parent= relZ=42980.0
BLMappedMagnet::Construct fringe_right parent= relZ=43260.0
BLMappedMagnet::Construct fringe_left parent= relZ=43140.0
BLMappedMagnet::Construct fringe_right parent= relZ=43420.0
BLMappedMagnet::Construct fringe_left parent= relZ=43780.0
BLMappedMagnet::Construct fringe_right parent= relZ=44060.0
BLMappedMagnet::Construct fringe_left parent= relZ=43940.0
BLMappedMagnet::Construct fringe_right parent= relZ=44220.0
BLMappedMagnet::Construct fringe_left parent= relZ=44580.0
BLMappedMagnet::Construct fringe_right parent= relZ=44860.0
BLMappedMagnet::Construct fringe_left parent= relZ=44740.0
BLMappedMagnet::Construct fringe_right parent= relZ=45020.0
BLMappedMagnet::Construct fringe_left parent= relZ=45380.0
BLMappedMagnet::Construct fringe_right parent= relZ=45660.0
BLMappedMagnet::Construct fringe_left parent= relZ=45540.0
BLMappedMagnet::Construct fringe_right parent= relZ=45820.0
BLMappedMagnet::Construct fringe_left parent= relZ=46180.0
BLMappedMagnet::Construct fringe_right parent= relZ=46460.0
BLMappedMagnet::Construct fringe_left parent= relZ=46340.0
BLMappedMagnet::Construct fringe_right parent= relZ=46620.0
BLMappedMagnet::Construct fringe_left parent= relZ=46980.0
BLMappedMagnet::Construct fringe_right parent= relZ=47260.0
BLMappedMagnet::Construct fringe_left parent= relZ=47140.0
BLMappedMagnet::Construct fringe_right parent= relZ=47420.0
BLMappedMagnet::Construct fringe_left parent= relZ=47780.0
BLMappedMagnet::Construct fringe_right parent= relZ=48060.0
BLMappedMagnet::Construct fringe_left parent= relZ=47940.0
BLMappedMagnet::Construct fringe_right parent= relZ=48220.0
BLMappedMagnet::Construct fringe_left parent= relZ=48580.0
BLMappedMagnet::Construct fringe_right parent= relZ=48860.0
Checking overlaps for volume pipe:0 (G4Tubs) ... OK! 
BLCMDtubs::Construct pipe parent= relZ=100.0 globZ=100.0
	zmin=0.0 zmax=199.9 kill=1
Checking overlaps for volume pipe:0 (G4Tubs) ... OK! 
BLCMDtubs::Construct pipe parent= relZ=700.0 globZ=700.0
	zmin=600.1 zmax=800.0 kill=1
Checking overlaps for volume pipe:0 (G4Tubs) ... OK! 
BLCMDtubs::Construct pipe parent= relZ=900.0 globZ=900.0
	zmin=800.0 zmax=999.9 kill=1
Checking overlaps for volume pipe:0 (G4Tubs) ... OK! 
BLCMDtubs::Construct pipe parent= relZ=1500.0 globZ=1500.0
	zmin=1400.1 zmax=1600.0 kill=1
Checking overlaps for volume pipe:0 (G4Tubs) ... OK! 
BLCMDtubs::Construct pipe parent= relZ=1700.0 globZ=1700.0
	zmin=1600.0 zmax=1799.9 kill=1
Checking overlaps for volume pipe:0 (G4Tubs) ... OK! 
BLCMDtubs::Construct pipe parent= relZ=2300.1 globZ=2300.1
	zmin=2200.1 zmax=2400.0 kill=1
Checking overlaps for volume pipe:0 (G4Tubs) ... OK! 
BLCMDtubs::Construct pipe parent= relZ=2499.9 globZ=2499.9
	zmin=2400.0 zmax=2599.9 kill=1
Checking overlaps for volume pipe:0 (G4Tubs) ... OK! 
BLCMDtubs::Construct pipe parent= relZ=3100.1 globZ=3100.1
	zmin=3000.1 zmax=3200.0 kill=1
Checking overlaps for volume pipe:0 (G4Tubs) ... OK! 
BLCMDtubs::Construct pipe parent= relZ=3299.9 globZ=3299.9
	zmin=3200.0 zmax=3399.9 kill=1
Checking overlaps for volume pipe:0 (G4Tubs) ... OK! 
BLCMDtubs::Construct pipe parent= relZ=3900.1 globZ=3900.1
	zmin=3800.1 zmax=4000.0 kill=1
Checking overlaps for volume pipe:0 (G4Tubs) ... OK! 
BLCMDtubs::Construct pipe parent= relZ=4099.9 globZ=4099.9
	zmin=4000.0 zmax=4199.9 kill=1
Checking overlaps for volume pipe:0 (G4Tubs) ... OK! 
BLCMDtubs::Construct pipe parent= relZ=4700.1 globZ=4700.1
	zmin=4600.1 zmax=4800.0 kill=1
Checking overlaps for volume pipe:0 (G4Tubs) ... OK! 
BLCMDtubs::Construct pipe parent= relZ=4899.9 globZ=4899.9
	zmin=4800.0 zmax=4999.9 kill=1
Checking overlaps for volume pipe:0 (G4Tubs) ... OK! 
BLCMDtubs::Construct pipe parent= relZ=5500.1 globZ=5500.1
	zmin=5400.1 zmax=5600.0 kill=1
Checking overlaps for volume pipe:0 (G4Tubs) ... OK! 
BLCMDtubs::Construct pipe parent= relZ=5699.9 globZ=5699.9
	zmin=5600.0 zmax=5799.9 kill=1
Checking overlaps for volume pipe:0 (G4Tubs) ... OK! 
BLCMDtubs::Construct pipe parent= relZ=6300.1 globZ=6300.1
	zmin=6200.1 zmax=6400.0 kill=1
Checking overlaps for volume pipe:0 (G4Tubs) ... OK! 
BLCMDtubs::Construct pipe parent= relZ=6499.9 globZ=6499.9
	zmin=6400.0 zmax=6599.9 kill=1
Checking overlaps for volume pipe:0 (G4Tubs) ... OK! 
BLCMDtubs::Construct pipe parent= relZ=7100.1 globZ=7100.1
	zmin=7000.1 zmax=7200.0 kill=1
Checking overlaps for volume pipe:0 (G4Tubs) ... OK! 
BLCMDtubs::Construct pipe parent= relZ=7299.9 globZ=7299.9
	zmin=7200.0 zmax=7399.9 kill=1
Checking overlaps for volume pipe:0 (G4Tubs) ... OK! 
BLCMDtubs::Construct pipe parent= relZ=7900.1 globZ=7900.1
	zmin=7800.1 zmax=8000.0 kill=1
Checking overlaps for volume pipe:0 (G4Tubs) ... OK! 
BLCMDtubs::Construct pipe parent= relZ=8099.9 globZ=8099.9
	zmin=8000.0 zmax=8199.9 kill=1
Checking overlaps for volume pipe:0 (G4Tubs) ... OK! 
BLCMDtubs::Construct pipe parent= relZ=8700.0 globZ=8700.0
	zmin=8600.1 zmax=8800.0 kill=1
Checking overlaps for volume pipe:0 (G4Tubs) ... OK! 
BLCMDtubs::Construct pipe parent= relZ=8900.0 globZ=8900.0
	zmin=8800.0 zmax=8999.9 kill=1
Checking overlaps for volume pipe:0 (G4Tubs) ... OK! 
BLCMDtubs::Construct pipe parent= relZ=9500.0 globZ=9500.0
	zmin=9400.1 zmax=9600.0 kill=1
Checking overlaps for volume pipe:0 (G4Tubs) ... OK! 
BLCMDtubs::Construct pipe parent= relZ=9700.0 globZ=9700.0
	zmin=9600.0 zmax=9799.9 kill=1
Checking overlaps for volume pipe:0 (G4Tubs) ... OK! 
BLCMDtubs::Construct pipe parent= relZ=10300.0 globZ=10300.0
	zmin=10200.1 zmax=10400.0 kill=1
Checking overlaps for volume pipe:0 (G4Tubs) ... OK! 
BLCMDtubs::Construct pipe parent= relZ=10500.0 globZ=10500.0
	zmin=10400.0 zmax=10599.9 kill=1
Checking overlaps for volume pipe:0 (G4Tubs) ... OK! 
BLCMDtubs::Construct pipe parent= relZ=11100.0 globZ=11100.0
	zmin=11000.1 zmax=11200.0 kill=1
Checking overlaps for volume pipe:0 (G4Tubs) ... OK! 
BLCMDtubs::Construct pipe parent= relZ=11300.0 globZ=11300.0
	zmin=11200.0 zmax=11399.9 kill=1
Checking overlaps for volume pipe:0 (G4Tubs) ... OK! 
BLCMDtubs::Construct pipe parent= relZ=11900.0 globZ=11900.0
	zmin=11800.1 zmax=12000.0 kill=1
Checking overlaps for volume pipe:0 (G4Tubs) ... OK! 
BLCMDtubs::Construct pipe parent= relZ=12100.0 globZ=12100.0
	zmin=12000.0 zmax=12199.9 kill=1
Checking overlaps for volume pipe:0 (G4Tubs) ... OK! 
BLCMDtubs::Construct pipe parent= relZ=12700.0 globZ=12700.0
	zmin=12600.1 zmax=12800.0 kill=1
Checking overlaps for volume pipe:0 (G4Tubs) ... OK! 
BLCMDtubs::Construct pipe parent= relZ=12900.0 globZ=12900.0
	zmin=12800.0 zmax=12999.9 kill=1
Checking overlaps for volume pipe:0 (G4Tubs) ... OK! 
BLCMDtubs::Construct pipe parent= relZ=13500.0 globZ=13500.0
	zmin=13400.1 zmax=13600.0 kill=1
Checking overlaps for volume pipe:0 (G4Tubs) ... OK! 
BLCMDtubs::Construct pipe parent= relZ=13700.0 globZ=13700.0
	zmin=13600.0 zmax=13799.9 kill=1
Checking overlaps for volume pipe:0 (G4Tubs) ... OK! 
BLCMDtubs::Construct pipe parent= relZ=14300.0 globZ=14300.0
	zmin=14200.1 zmax=14400.0 kill=1
Checking overlaps for volume pipe:0 (G4Tubs) ... OK! 
BLCMDtubs::Construct pipe parent= relZ=14500.0 globZ=14500.0
	zmin=14400.0 zmax=14599.9 kill=1
Checking overlaps for volume pipe:0 (G4Tubs) ... OK! 
BLCMDtubs::Construct pipe parent= relZ=15100.0 globZ=15100.0
	zmin=15000.1 zmax=15200.0 kill=1
Checking overlaps for volume pipe:0 (G4Tubs) ... OK! 
BLCMDtubs::Construct pipe parent= relZ=15300.0 globZ=15300.0
	zmin=15200.0 zmax=15399.9 kill=1
Checking overlaps for volume pipe:0 (G4Tubs) ... OK! 
BLCMDtubs::Construct pipe parent= relZ=15900.0 globZ=15900.0
	zmin=15800.1 zmax=16000.0 kill=1
Checking overlaps for volume pipe:0 (G4Tubs) ... OK! 
BLCMDtubs::Construct pipe parent= relZ=16100.0 globZ=16100.0
	zmin=16000.0 zmax=16199.9 kill=1
Checking overlaps for volume pipe:0 (G4Tubs) ... OK! 
BLCMDtubs::Construct pipe parent= relZ=16700.0 globZ=16700.0
	zmin=16600.1 zmax=16800.0 kill=1
Checking overlaps for volume pipe:0 (G4Tubs) ... OK! 
BLCMDtubs::Construct pipe parent= relZ=16900.0 globZ=16900.0
	zmin=16800.0 zmax=16999.9 kill=1
Checking overlaps for volume pipe:0 (G4Tubs) ... OK! 
BLCMDtubs::Construct pipe parent= relZ=17500.0 globZ=17500.0
	zmin=17400.1 zmax=17600.0 kill=1
Checking overlaps for volume pipe:0 (G4Tubs) ... OK! 
BLCMDtubs::Construct pipe parent= relZ=17700.0 globZ=17700.0
	zmin=17600.0 zmax=17799.9 kill=1
Checking overlaps for volume pipe:0 (G4Tubs) ... OK! 
BLCMDtubs::Construct pipe parent= relZ=18300.0 globZ=18300.0
	zmin=18200.1 zmax=18400.0 kill=1
Checking overlaps for volume pipe:0 (G4Tubs) ... OK! 
BLCMDtubs::Construct pipe parent= relZ=18500.0 globZ=18500.0
	zmin=18400.0 zmax=18599.9 kill=1
Checking overlaps for volume pipe:0 (G4Tubs) ... OK! 
BLCMDtubs::Construct pipe parent= relZ=19100.0 globZ=19100.0
	zmin=19000.1 zmax=19200.0 kill=1
Checking overlaps for volume pipe:0 (G4Tubs) ... OK! 
BLCMDtubs::Construct pipe parent= relZ=19300.0 globZ=19300.0
	zmin=19200.0 zmax=19399.9 kill=1
Checking overlaps for volume pipe:0 (G4Tubs) ... OK! 
BLCMDtubs::Construct pipe parent= relZ=19900.0 globZ=19900.0
	zmin=19800.1 zmax=20000.0 kill=1
Checking overlaps for volume pipe:0 (G4Tubs) ... OK! 
BLCMDtubs::Construct pipe parent= relZ=20100.0 globZ=20100.0
	zmin=20000.0 zmax=20199.9 kill=1
Checking overlaps for volume pipe:0 (G4Tubs) ... OK! 
BLCMDtubs::Construct pipe parent= relZ=20700.0 globZ=20700.0
	zmin=20600.1 zmax=20800.0 kill=1
Checking overlaps for volume pipe:0 (G4Tubs) ... OK! 
BLCMDtubs::Construct pipe parent= relZ=20900.0 globZ=20900.0
	zmin=20800.0 zmax=20999.9 kill=1
Checking overlaps for volume pipe:0 (G4Tubs) ... OK! 
BLCMDtubs::Construct pipe parent= relZ=21500.0 globZ=21500.0
	zmin=21400.1 zmax=21600.0 kill=1
Checking overlaps for volume pipe:0 (G4Tubs) ... OK! 
BLCMDtubs::Construct pipe parent= relZ=21700.0 globZ=21700.0
	zmin=21600.0 zmax=21799.9 kill=1
Checking overlaps for volume pipe:0 (G4Tubs) ... OK! 
BLCMDtubs::Construct pipe parent= relZ=22300.0 globZ=22300.0
	zmin=22200.1 zmax=22400.0 kill=1
Checking overlaps for volume pipe:0 (G4Tubs) ... OK! 
BLCMDtubs::Construct pipe parent= relZ=22500.0 globZ=22500.0
	zmin=22400.0 zmax=22599.9 kill=1
Checking overlaps for volume pipe:0 (G4Tubs) ... OK! 
BLCMDtubs::Construct pipe parent= relZ=23100.0 globZ=23100.0
	zmin=23000.1 zmax=23200.0 kill=1
Checking overlaps for volume pipe:0 (G4Tubs) ... OK! 
BLCMDtubs::Construct pipe parent= relZ=23300.0 globZ=23300.0
	zmin=23200.0 zmax=23399.9 kill=1
Checking overlaps for volume pipe:0 (G4Tubs) ... OK! 
BLCMDtubs::Construct pipe parent= relZ=23900.0 globZ=23900.0
	zmin=23800.1 zmax=24000.0 kill=1
Checking overlaps for volume pipe:0 (G4Tubs) ... OK! 
BLCMDtubs::Construct pipe parent= relZ=24100.0 globZ=24100.0
	zmin=24000.0 zmax=24199.9 kill=1
Checking overlaps for volume pipe:0 (G4Tubs) ... OK! 
BLCMDtubs::Construct pipe parent= relZ=24700.0 globZ=24700.0
	zmin=24600.1 zmax=24800.0 kill=1
Checking overlaps for volume pipe:0 (G4Tubs) ... OK! 
BLCMDtubs::Construct pipe parent= relZ=24900.0 globZ=24900.0
	zmin=24800.0 zmax=24999.9 kill=1
Checking overlaps for volume pipe:0 (G4Tubs) ... OK! 
BLCMDtubs::Construct pipe parent= relZ=25500.0 globZ=25500.0
	zmin=25400.1 zmax=25600.0 kill=1
Checking overlaps for volume pipe:0 (G4Tubs) ... OK! 
BLCMDtubs::Construct pipe parent= relZ=25700.0 globZ=25700.0
	zmin=25600.0 zmax=25799.9 kill=1
Checking overlaps for volume pipe:0 (G4Tubs) ... OK! 
BLCMDtubs::Construct pipe parent= relZ=26300.0 globZ=26300.0
	zmin=26200.1 zmax=26400.0 kill=1
Checking overlaps for volume pipe:0 (G4Tubs) ... OK! 
BLCMDtubs::Construct pipe parent= relZ=26500.0 globZ=26500.0
	zmin=26400.0 zmax=26599.9 kill=1
Checking overlaps for volume pipe:0 (G4Tubs) ... OK! 
BLCMDtubs::Construct pipe parent= relZ=27100.0 globZ=27100.0
	zmin=27000.1 zmax=27200.0 kill=1
Checking overlaps for volume pipe:0 (G4Tubs) ... OK! 
BLCMDtubs::Construct pipe parent= relZ=27300.0 globZ=27300.0
	zmin=27200.0 zmax=27399.9 kill=1
Checking overlaps for volume pipe:0 (G4Tubs) ... OK! 
BLCMDtubs::Construct pipe parent= relZ=27900.0 globZ=27900.0
	zmin=27800.1 zmax=28000.0 kill=1
Checking overlaps for volume pipe:0 (G4Tubs) ... OK! 
BLCMDtubs::Construct pipe parent= relZ=28100.0 globZ=28100.0
	zmin=28000.0 zmax=28199.9 kill=1
Checking overlaps for volume pipe:0 (G4Tubs) ... OK! 
BLCMDtubs::Construct pipe parent= relZ=28700.0 globZ=28700.0
	zmin=28600.1 zmax=28800.0 kill=1
Checking overlaps for volume pipe:0 (G4Tubs) ... OK! 
BLCMDtubs::Construct pipe parent= relZ=28900.0 globZ=28900.0
	zmin=28800.0 zmax=28999.9 kill=1
Checking overlaps for volume pipe:0 (G4Tubs) ... OK! 
BLCMDtubs::Construct pipe parent= relZ=29500.0 globZ=29500.0
	zmin=29400.1 zmax=29600.0 kill=1
Checking overlaps for volume pipe:0 (G4Tubs) ... OK! 
BLCMDtubs::Construct pipe parent= relZ=29700.0 globZ=29700.0
	zmin=29600.0 zmax=29799.9 kill=1
Checking overlaps for volume pipe:0 (G4Tubs) ... OK! 
BLCMDtubs::Construct pipe parent= relZ=30300.0 globZ=30300.0
	zmin=30200.1 zmax=30400.0 kill=1
Checking overlaps for volume pipe:0 (G4Tubs) ... OK! 
BLCMDtubs::Construct pipe parent= relZ=30500.0 globZ=30500.0
	zmin=30400.0 zmax=30599.9 kill=1
Checking overlaps for volume pipe:0 (G4Tubs) ... OK! 
BLCMDtubs::Construct pipe parent= relZ=31100.0 globZ=31100.0
	zmin=31000.1 zmax=31200.0 kill=1
Checking overlaps for volume pipe:0 (G4Tubs) ... OK! 
BLCMDtubs::Construct pipe parent= relZ=31300.0 globZ=31300.0
	zmin=31200.0 zmax=31399.9 kill=1
Checking overlaps for volume pipe:0 (G4Tubs) ... OK! 
BLCMDtubs::Construct pipe parent= relZ=31900.0 globZ=31900.0
	zmin=31800.1 zmax=32000.0 kill=1
Checking overlaps for volume pipe:0 (G4Tubs) ... OK! 
BLCMDtubs::Construct pipe parent= relZ=32100.0 globZ=32100.0
	zmin=32000.0 zmax=32199.9 kill=1
Checking overlaps for volume pipe:0 (G4Tubs) ... OK! 
BLCMDtubs::Construct pipe parent= relZ=32700.0 globZ=32700.0
	zmin=32600.1 zmax=32800.0 kill=1
Checking overlaps for volume pipe:0 (G4Tubs) ... OK! 
BLCMDtubs::Construct pipe parent= relZ=32899.9 globZ=32899.9
	zmin=32800.0 zmax=32999.9 kill=1
Checking overlaps for volume pipe:0 (G4Tubs) ... OK! 
BLCMDtubs::Construct pipe parent= relZ=33500.1 globZ=33500.1
	zmin=33400.1 zmax=33600.0 kill=1
Checking overlaps for volume pipe:0 (G4Tubs) ... OK! 
BLCMDtubs::Construct pipe parent= relZ=33699.9 globZ=33699.9
	zmin=33600.0 zmax=33799.9 kill=1
Checking overlaps for volume pipe:0 (G4Tubs) ... OK! 
BLCMDtubs::Construct pipe parent= relZ=34300.1 globZ=34300.1
	zmin=34200.1 zmax=34400.0 kill=1
Checking overlaps for volume pipe:0 (G4Tubs) ... OK! 
BLCMDtubs::Construct pipe parent= relZ=34499.9 globZ=34499.9
	zmin=34400.0 zmax=34599.9 kill=1
Checking overlaps for volume pipe:0 (G4Tubs) ... OK! 
BLCMDtubs::Construct pipe parent= relZ=35100.1 globZ=35100.1
	zmin=35000.1 zmax=35200.0 kill=1
Checking overlaps for volume pipe:0 (G4Tubs) ... OK! 
BLCMDtubs::Construct pipe parent= relZ=35299.9 globZ=35299.9
	zmin=35200.0 zmax=35399.9 kill=1
Checking overlaps for volume pipe:0 (G4Tubs) ... OK! 
BLCMDtubs::Construct pipe parent= relZ=35900.1 globZ=35900.1
	zmin=35800.1 zmax=36000.0 kill=1
Checking overlaps for volume pipe:0 (G4Tubs) ... OK! 
BLCMDtubs::Construct pipe parent= relZ=36099.9 globZ=36099.9
	zmin=36000.0 zmax=36199.9 kill=1
Checking overlaps for volume pipe:0 (G4Tubs) ... OK! 
BLCMDtubs::Construct pipe parent= relZ=36700.1 globZ=36700.1
	zmin=36600.1 zmax=36800.0 kill=1
Checking overlaps for volume pipe:0 (G4Tubs) ... OK! 
BLCMDtubs::Construct pipe parent= relZ=36899.9 globZ=36899.9
	zmin=36800.0 zmax=36999.9 kill=1
Checking overlaps for volume pipe:0 (G4Tubs) ... OK! 
BLCMDtubs::Construct pipe parent= relZ=37500.1 globZ=37500.1
	zmin=37400.1 zmax=37600.0 kill=1
Checking overlaps for volume pipe:0 (G4Tubs) ... OK! 
BLCMDtubs::Construct pipe parent= relZ=37699.9 globZ=37699.9
	zmin=37600.0 zmax=37799.9 kill=1
Checking overlaps for volume pipe:0 (G4Tubs) ... OK! 
BLCMDtubs::Construct pipe parent= relZ=38300.1 globZ=38300.1
	zmin=38200.1 zmax=38400.0 kill=1
Checking overlaps for volume pipe:0 (G4Tubs) ... OK! 
BLCMDtubs::Construct pipe parent= relZ=38499.9 globZ=38499.9
	zmin=38400.0 zmax=38599.9 kill=1
Checking overlaps for volume pipe:0 (G4Tubs) ... OK! 
BLCMDtubs::Construct pipe parent= relZ=39100.1 globZ=39100.1
	zmin=39000.1 zmax=39200.0 kill=1
Checking overlaps for volume pipe:0 (G4Tubs) ... OK! 
BLCMDtubs::Construct pipe parent= relZ=39299.9 globZ=39299.9
	zmin=39200.0 zmax=39399.9 kill=1
Checking overlaps for volume pipe:0 (G4Tubs) ... OK! 
BLCMDtubs::Construct pipe parent= relZ=39900.1 globZ=39900.1
	zmin=39800.1 zmax=40000.0 kill=1
Checking overlaps for volume pipe:0 (G4Tubs) ... OK! 
BLCMDtubs::Construct pipe parent= relZ=40099.9 globZ=40099.9
	zmin=40000.0 zmax=40199.9 kill=1
Checking overlaps for volume pipe:0 (G4Tubs) ... OK! 
BLCMDtubs::Construct pipe parent= relZ=40700.1 globZ=40700.1
	zmin=40600.1 zmax=40800.0 kill=1
Checking overlaps for volume pipe:0 (G4Tubs) ... OK! 
BLCMDtubs::Construct pipe parent= relZ=40899.9 globZ=40899.9
	zmin=40800.0 zmax=40999.9 kill=1
Checking overlaps for volume pipe:0 (G4Tubs) ... OK! 
BLCMDtubs::Construct pipe parent= relZ=41500.1 globZ=41500.1
	zmin=41400.1 zmax=41600.0 kill=1
Checking overlaps for volume pipe:0 (G4Tubs) ... OK! 
BLCMDtubs::Construct pipe parent= relZ=41699.9 globZ=41699.9
	zmin=41600.0 zmax=41799.9 kill=1
Checking overlaps for volume pipe:0 (G4Tubs) ... OK! 
BLCMDtubs::Construct pipe parent= relZ=42300.1 globZ=42300.1
	zmin=42200.1 zmax=42400.0 kill=1
Checking overlaps for volume pipe:0 (G4Tubs) ... OK! 
BLCMDtubs::Construct pipe parent= relZ=42499.9 globZ=42499.9
	zmin=42400.0 zmax=42599.9 kill=1
Checking overlaps for volume pipe:0 (G4Tubs) ... OK! 
BLCMDtubs::Construct pipe parent= relZ=43100.1 globZ=43100.1
	zmin=43000.1 zmax=43200.0 kill=1
Checking overlaps for volume pipe:0 (G4Tubs) ... OK! 
BLCMDtubs::Construct pipe parent= relZ=43299.9 globZ=43299.9
	zmin=43200.0 zmax=43399.9 kill=1
Checking overlaps for volume pipe:0 (G4Tubs) ... OK! 
BLCMDtubs::Construct pipe parent= relZ=43900.1 globZ=43900.1
	zmin=43800.1 zmax=44000.0 kill=1
Checking overlaps for volume pipe:0 (G4Tubs) ... OK! 
BLCMDtubs::Construct pipe parent= relZ=44099.9 globZ=44099.9
	zmin=44000.0 zmax=44199.9 kill=1
Checking overlaps for volume pipe:0 (G4Tubs) ... OK! 
BLCMDtubs::Construct pipe parent= relZ=44700.1 globZ=44700.1
	zmin=44600.1 zmax=44800.0 kill=1
Checking overlaps for volume pipe:0 (G4Tubs) ... OK! 
BLCMDtubs::Construct pipe parent= relZ=44899.9 globZ=44899.9
	zmin=44800.0 zmax=44999.9 kill=1
Checking overlaps for volume pipe:0 (G4Tubs) ... OK! 
BLCMDtubs::Construct pipe parent= relZ=45500.1 globZ=45500.1
	zmin=45400.1 zmax=45600.0 kill=1
Checking overlaps for volume pipe:0 (G4Tubs) ... OK! 
BLCMDtubs::Construct pipe parent= relZ=45699.9 globZ=45699.9
	zmin=45600.0 zmax=45799.9 kill=1
Checking overlaps for volume pipe:0 (G4Tubs) ... OK! 
BLCMDtubs::Construct pipe parent= relZ=46300.1 globZ=46300.1
	zmin=46200.1 zmax=46400.0 kill=1
Checking overlaps for volume pipe:0 (G4Tubs) ... OK! 
BLCMDtubs::Construct pipe parent= relZ=46499.9 globZ=46499.9
	zmin=46400.0 zmax=46599.9 kill=1
Checking overlaps for volume pipe:0 (G4Tubs) ... OK! 
BLCMDtubs::Construct pipe parent= relZ=47100.1 globZ=47100.1
	zmin=47000.1 zmax=47200.0 kill=1
Checking overlaps for volume pipe:0 (G4Tubs) ... OK! 
BLCMDtubs::Construct pipe parent= relZ=47299.9 globZ=47299.9
	zmin=47200.0 zmax=47399.9 kill=1
Checking overlaps for volume pipe:0 (G4Tubs) ... OK! 
BLCMDtubs::Construct pipe parent= relZ=47900.1 globZ=47900.1
	zmin=47800.1 zmax=48000.0 kill=1
Checking overlaps for volume pipe:0 (G4Tubs) ... OK! 
BLCMDtubs::Construct pipe parent= relZ=48099.9 globZ=48099.9
	zmin=48000.0 zmax=48199.9 kill=1
Checking overlaps for volume pipe:0 (G4Tubs) ... OK! 
BLCMDtubs::Construct pipe parent= relZ=48700.1 globZ=48700.1
	zmin=48600.1 zmax=48800.0 kill=1
Checking overlaps for volume rf_b_00Pipe:0 (G4Tubs) ... OK! 
Checking overlaps for volume rf_b_00UsWall:0 (G4Tubs) ... OK! 
Checking overlaps for volume rf_b_00DsWall:0 (G4Tubs) ... OK! 
Checking overlaps for volume rf_b_00UsWin1:0 (G4Tubs) ... OK! 
Checking overlaps for volume rf_b_00DsWin1:0 (G4Tubs) ... OK! 
Checking overlaps for volume rf_b_00UsWin2:0 (G4Tubs) ... OK! 
Checking overlaps for volume rf_b_00DsWin2:0 (G4Tubs) ... OK! 
Checking overlaps for volume rf_b_00DsHalf:0 (G4Tubs) ... OK! 
Checking overlaps for volume rf_b_00TimingVol:0 (G4Tubs) ... OK! 
Checking overlaps for volume rf_b_00:0 (G4Tubs) ... OK! 
BLCMDpillbox::construct rf_b_00 parent= relZ=279.9 globZ=279.9
	zmin=239.9 zmax=320.0
Checking overlaps for volume rf_c_01Pipe:0 (G4Tubs) ... OK! 
Checking overlaps for volume rf_c_01UsWall:0 (G4Tubs) ... OK! 
Checking overlaps for volume rf_c_01DsWall:0 (G4Tubs) ... OK! 
Checking overlaps for volume rf_c_01UsWin1:0 (G4Tubs) ... OK! 
Checking overlaps for volume rf_c_01DsWin1:0 (G4Tubs) ... OK! 
**************************************************************************
*** G4Exception: GeomSolids0002
***    severity: Fatal Exception
***   issued by: G4Tubs::G4Tubs()
*** description: Invalid values for radii in solid: rf_c_01win2
        pRMin = 50, pRMax = 45
**************************************************************************
g4beamline: attempting to close up after fatal G4Exception...

Exceptions: 1 Fatal, 0 Events Aborted, 0 Stuck Tracks (stopped), 0 Warnings
      1 times: GeomSolids0002
g4beamline: simulation aborted
