G4BL_DIR=/home/incik/G4beamline-3.08
G4LEDATA=/home/incik/Geant4Data/G4EMLOW8.0
G4ENSDFSTATEDATA=/home/incik/Geant4Data/G4ENSDFSTATE2.3
G4PARTICLEXSDATA=/home/incik/Geant4Data/G4PARTICLEXS4.0
G4LEVELGAMMADATA=/home/incik/Geant4Data/PhotonEvaporation5.7
G4RADIOACTIVEDATA=/home/incik/Geant4Data/RadioactiveDecay5.6
G4beamline Process ID 30346

*************************************************************
 g4beamline version: 3.08                        (Aug 11 2022)
                      Copyright : Tom Roberts, Muons, Inc.
                        License : Gnu Public License
                            WWW : http://g4beamline.muonsinc.com

          ################################
          !!! G4Backtrace is activated !!!
          ################################


**************************************************************
 Geant4 version Name: geant4-11-00-patch-02 [MT]   (25-May-2022)
                       Copyright : Geant4 Collaboration
                      References : NIM A 506 (2003), 250-303
                                 : IEEE-TNS 53 (2006), 270-278
                                 : NIM A 835 (2016), 186-225
                             WWW : http://geant4.org/
**************************************************************

geometry                   nPoints=100 printGeometry=0 visual=0
                           tolerance=0.002
param        filename      for009
param        last          200
param        final_output  beam_stage4_noerrout
G4PhysListFactory::GetReferencePhysList <QGSP_BERT_EMX>  EMoption= 2
<<< Geant4 Physics List simulation engine: QGSP_BERT

G4VModularPhysicsList::ReplacePhysics: G4EmStandard with type : 2 is replaced with G4EmStandard_opt2

physics      QGSP_BERT_EMX disable= inactivate= deactivate= doStochastics=1
                           fluct=1 minRangeCut=1 list=0 gammaToMuPair=0
                           spinTracking=0 synchrotronRadiation=0
                           synchrotronRadiationMuon=0 maxTime=1e+06
param        pi            3.1415926
param        ncells        60
param        cell_length   1250
param        coilname1     coil1
param        coilname2     coil2
param        coil_length1  80.49590188750338
param        coil_radius1  175
param        coil_width1   200
param        solpos1       0.10805325236026425
param        current1      115.20255175888389
param        bendpos       0.1
param        angle         1.5
param        coil_length2  305.2462411020286
param        coil_radius2  450
param        coil_width2   225
param        current2      110.06448256765512
param        solpos2       0.2904738502730546
param        angle         1.5
param        bendpos       0.1
param        dipole        0.155
param        dipole_length 100
param        pres          35
param        rf_length     220
param        rf_fre        0.352
param        rf_grad       24.083104149360217
param        rf_ph         27.906663869941873
param        rf_window_length 0.045
param        wallthick     0.045
param        cavity_gas    Vacuum
param        pipe_radius   95
param        pipe_diameter 190
param        fringe_length 380
param        pipe_length   294.865
param        wedge_window_length 0.15
param        half_wedge_length 200
param        wedge_apex    120
param        end_z         76260
param        x_last        -6.4
param        y_last        -7.97
param        x_off         -5.4550871
param        y_off         -7.1383074
param        first         1
param        ref_momentum  203
reference                  particle=mu+ beamX=-5.455 beamY=-7.138 beamZ=0
                           beamT=778.7 rotation= referenceMomentum=203
                           beamXp=0 beamYp=0 meanMomentum=203 meanXp=0
                           meanYp=0 tuneZ=-3.7e+21 tuneMomentum=-3.7e+21
                           tolerance=0.001 noEfield=1 noBfield=1 noEloss=1
                           P=203
beam    ASCII   nEvents=200 firstEvent=1 lastEvent=200 beamZ=-3700000000000000000000.0 maxR=1000000.0 renumber=0 weight=1.000000 
		filename=beam_stage4.beam format=BLTrackFile 
		
trackcuts                  kill= keep= killSecondaries=1 kineticEnergyCut=0
                           kineticEnergyMax=1.798e+308 maxTime=1e+06
                           keepPrimaries=0 steppingVerbose=0
trace                      nTrace=1 format=Trace oneNTuple=0 primaryOnly=0
                           traceTune=1 filename=Ev%dTrk%d file=Ev%dTrk%d
                           require= coordinates=Centerline
virtualdetector beamDet    radius=800 innerRadius=0 height=1600 width=1600
                           length=0.001 maxStep=100 material= color=1,1,1
                           noSingles=0 format=bltrackfile
                           filename=beam_stage4_noerrout
                           file=beam_stage4_noerrout require=
                           referenceParticle=0 coordinates=Centerline kill=0
genericbend  solbend       fieldWidth=1000 fieldHeight=1000 fieldLength=100
                           ironWidth=-1 ironHeight=-1 ironLength=-1 By=0.155
                           maxStep=100 fieldMaterial=Vacuum fieldColor=
                           ironMaterial=Fe ironColor=1,1,1 kill=1 fringe=0
                           fringeFactor=1 openAperture=1
fieldexpr fringe_left: Map 30000 points  Max Relative Error = 0.0012
fieldexpr fringe_left: Map 178503 points  Max Relative Error = 0.0003
fieldexpr    fringe_left   factorB=1 factorE=1 timeOffset=0 Bx=
                           By=0.155*((1+exp(5*-z/190)*cos(5*y/190))/(1+2*exp(5*-z/190)*cos(5*y/190)+exp(2*5*-z/190)))
                           Bz=-0.155*exp(5*-z/190)*sin(5*y/190)/(1+2*exp(5*-z/190)*cos(5*y/190)+exp(2*5*-z/190))
                           Br= Bphi= Ex= Ey= Ez= Er= time= nX=3 nY=199 nZ=299
                           nR=11 nT=11 tolerance=0.001 length=380 width=190
                           height=190 radius=-1 tmin=0 tmax=0
fieldexpr fringe_right: Map 30000 points  Max Relative Error = 0.0012
fieldexpr fringe_right: Map 178503 points  Max Relative Error = 0.0003
fieldexpr    fringe_right  factorB=1 factorE=1 timeOffset=0 Bx=
                           By=0.155*((1+exp(5*z/190)*cos(5*y/190))/(1+2*exp(5*z/190)*cos(5*y/190)+exp(2*5*z/190)))
                           Bz=-0.155*exp(5*z/190)*sin(5*y/190)/(1+2*exp(5*z/190)*cos(5*y/190)+exp(2*5*z/190))
                           Br= Bphi= Ex= Ey= Ez= Er= time= nX=3 nY=199 nZ=299
                           nR=11 nT=11 tolerance=0.001 length=380 width=190
                           height=190 radius=-1 tmin=0 tmax=0
coil    coil1   innerRadius=175.0 outerRadius=375.0 length=80.5 material=Cu 
		tolerance=0.002 nSheets=0 
		maxR=975.0 maxZ=1250.0 dR=0.0 dZ=0.0 filename=coil1.dat 
coilmap coil1   tolerance=0.00200 [fraction of Bz(r=0,z=0)]
BLCoil::determineNsheets 'coil1'  nSheets=30 err=0.000452
coilmap coil1   nR=162 nZ=207 dR=6.1 dZ=6.1 error=0.001495
coilmap coil1    DONE 2 seconds
coilmap coil1   wrote file 'coil1.dat'   268352 bytes
solenoid     sol1          coilName=coil1 current=115.2 color=1,1,1
                           alternate=0 kill=1 coil=coil1
solenoid     sol2          coilName=coil1 current=-115.2 color=1,1,1
                           alternate=0 kill=1 coil=coil1
coil    coil2   innerRadius=450.0 outerRadius=675.0 length=305.2 material=Cu 
		tolerance=0.002 nSheets=0 
		maxR=1350.0 maxZ=1250.0 dR=0.0 dZ=0.0 filename=coil2.dat 
coilmap coil2   tolerance=0.00200 [fraction of Bz(r=0,z=0)]
BLCoil::determineNsheets 'coil2'  nSheets=16 err=0.000449
coilmap coil2   nR=82 nZ=76 dR=16.9 dZ=16.9 error=0.001358
coilmap coil2    DONE 1 seconds
coilmap coil2   wrote file 'coil2.dat'   49936 bytes
solenoid     sol3          coilName=coil2 current=110.1 color=1,1,1
                           alternate=0 kill=1 coil=coil2
solenoid     sol4          coilName=coil2 current=-110.1 color=1,1,1
                           alternate=0 kill=1 coil=coil2
tubs         pipe          innerRadius=95 outerRadius=96 initialPhi=0
                           finalPhi=360 length=294.9 maxStep=100 material=
                           color=1,1,1 kill=1 radius=96
pillbox      cavity        maxGradient=24.08 color=1.0,0.0,0.0 frequency=0.352
                           innerLength=220 innerRadius=326 pipeThick=3
                           wallThick=0.045 irisRadius=95 collarRadialThick=5
                           collarThick=0 win1Thick=0.045 win1OuterRadius=50
                           win2Thick=0.045 winMat=Be phaseAcc=27.91
                           skinDepth=0.002 timingTolerance=0.001 maxStep=100
                           cavityMaterial=Vacuum timeOffset=-4.7e+21
                           timeIncrement=0 fieldMapFile= kill=1
box          wedge_window  height=115.5 width=230.9 length=0.15 maxStep=100
                           material=Be color=1,1,1 kill=0
trap         all_wedge     height=115.5 upperWidth=0.001 lowerWidth=400 Xul=0
                           Xur=0 Xll=0 Xlr=0 length=115.5 maxStep=100
                           material=LH2 color=1,1,1 kill=0
do i=-2,60,1
(do i=-2)
place   sol1    copies=1 x=0.0 y=0.0 z=-2364.9 
place   sol3    copies=1 x=0.0 y=0.0 z=-2136.9 
place   sol4    copies=1 x=0.0 y=0.0 z=-1613.1 
place   sol2    copies=1 x=0.0 y=0.0 z=-1385.1 
(do i=-1)
place   sol1    copies=1 x=0.0 y=0.0 z=-1114.9 
place   sol3    copies=1 x=0.0 y=0.0 z=-886.9 
place   sol4    copies=1 x=0.0 y=0.0 z=-363.1 
place   sol2    copies=1 x=0.0 y=0.0 z=-135.1 
(do i=0)
place   sol1    copies=1 x=0.0 y=0.0 z=135.1 
place   sol3    copies=1 x=0.0 y=0.0 z=363.1 
place   sol4    copies=1 x=0.0 y=0.0 z=886.9 
place   sol2    copies=1 x=0.0 y=0.0 z=1114.9 
(do i=1)
place   sol1    copies=1 x=0.0 y=0.0 z=1385.1 
place   sol3    copies=1 x=0.0 y=0.0 z=1613.1 
place   sol4    copies=1 x=0.0 y=0.0 z=2136.9 
place   sol2    copies=1 x=0.0 y=0.0 z=2364.9 
(do i=2)
place   sol1    copies=1 x=0.0 y=0.0 z=2635.1 
place   sol3    copies=1 x=0.0 y=0.0 z=2863.1 
place   sol4    copies=1 x=0.0 y=0.0 z=3386.9 
place   sol2    copies=1 x=0.0 y=0.0 z=3614.9 
(do i=3)
place   sol1    copies=1 x=0.0 y=0.0 z=3885.1 
place   sol3    copies=1 x=0.0 y=0.0 z=4113.1 
place   sol4    copies=1 x=0.0 y=0.0 z=4636.9 
place   sol2    copies=1 x=0.0 y=0.0 z=4864.9 
(do i=4)
place   sol1    copies=1 x=0.0 y=0.0 z=5135.1 
place   sol3    copies=1 x=0.0 y=0.0 z=5363.1 
place   sol4    copies=1 x=0.0 y=0.0 z=5886.9 
place   sol2    copies=1 x=0.0 y=0.0 z=6114.9 
(do i=5)
place   sol1    copies=1 x=0.0 y=0.0 z=6385.1 
place   sol3    copies=1 x=0.0 y=0.0 z=6613.1 
place   sol4    copies=1 x=0.0 y=0.0 z=7136.9 
place   sol2    copies=1 x=0.0 y=0.0 z=7364.9 
(do i=6)
place   sol1    copies=1 x=0.0 y=0.0 z=7635.1 
place   sol3    copies=1 x=0.0 y=0.0 z=7863.1 
place   sol4    copies=1 x=0.0 y=0.0 z=8386.9 
place   sol2    copies=1 x=0.0 y=0.0 z=8614.9 
(do i=7)
place   sol1    copies=1 x=0.0 y=0.0 z=8885.1 
place   sol3    copies=1 x=0.0 y=0.0 z=9113.1 
place   sol4    copies=1 x=0.0 y=0.0 z=9636.9 
place   sol2    copies=1 x=0.0 y=0.0 z=9864.9 
(do i=8)
place   sol1    copies=1 x=0.0 y=0.0 z=10135.1 
place   sol3    copies=1 x=0.0 y=0.0 z=10363.1 
place   sol4    copies=1 x=0.0 y=0.0 z=10886.9 
place   sol2    copies=1 x=0.0 y=0.0 z=11114.9 
(do i=9)
place   sol1    copies=1 x=0.0 y=0.0 z=11385.1 
place   sol3    copies=1 x=0.0 y=0.0 z=11613.1 
place   sol4    copies=1 x=0.0 y=0.0 z=12136.9 
place   sol2    copies=1 x=0.0 y=0.0 z=12364.9 
(do i=10)
place   sol1    copies=1 x=0.0 y=0.0 z=12635.1 
place   sol3    copies=1 x=0.0 y=0.0 z=12863.1 
place   sol4    copies=1 x=0.0 y=0.0 z=13386.9 
place   sol2    copies=1 x=0.0 y=0.0 z=13614.9 
(do i=11)
place   sol1    copies=1 x=0.0 y=0.0 z=13885.1 
place   sol3    copies=1 x=0.0 y=0.0 z=14113.1 
place   sol4    copies=1 x=0.0 y=0.0 z=14636.9 
place   sol2    copies=1 x=0.0 y=0.0 z=14864.9 
(do i=12)
place   sol1    copies=1 x=0.0 y=0.0 z=15135.1 
place   sol3    copies=1 x=0.0 y=0.0 z=15363.1 
place   sol4    copies=1 x=0.0 y=0.0 z=15886.9 
place   sol2    copies=1 x=0.0 y=0.0 z=16114.9 
(do i=13)
place   sol1    copies=1 x=0.0 y=0.0 z=16385.1 
place   sol3    copies=1 x=0.0 y=0.0 z=16613.1 
place   sol4    copies=1 x=0.0 y=0.0 z=17136.9 
place   sol2    copies=1 x=0.0 y=0.0 z=17364.9 
(do i=14)
place   sol1    copies=1 x=0.0 y=0.0 z=17635.1 
place   sol3    copies=1 x=0.0 y=0.0 z=17863.1 
place   sol4    copies=1 x=0.0 y=0.0 z=18386.9 
place   sol2    copies=1 x=0.0 y=0.0 z=18614.9 
(do i=15)
place   sol1    copies=1 x=0.0 y=0.0 z=18885.1 
place   sol3    copies=1 x=0.0 y=0.0 z=19113.1 
place   sol4    copies=1 x=0.0 y=0.0 z=19636.9 
place   sol2    copies=1 x=0.0 y=0.0 z=19864.9 
(do i=16)
place   sol1    copies=1 x=0.0 y=0.0 z=20135.1 
place   sol3    copies=1 x=0.0 y=0.0 z=20363.1 
place   sol4    copies=1 x=0.0 y=0.0 z=20886.9 
place   sol2    copies=1 x=0.0 y=0.0 z=21114.9 
(do i=17)
place   sol1    copies=1 x=0.0 y=0.0 z=21385.1 
place   sol3    copies=1 x=0.0 y=0.0 z=21613.1 
place   sol4    copies=1 x=0.0 y=0.0 z=22136.9 
place   sol2    copies=1 x=0.0 y=0.0 z=22364.9 
(do i=18)
place   sol1    copies=1 x=0.0 y=0.0 z=22635.1 
place   sol3    copies=1 x=0.0 y=0.0 z=22863.1 
place   sol4    copies=1 x=0.0 y=0.0 z=23386.9 
place   sol2    copies=1 x=0.0 y=0.0 z=23614.9 
(do i=19)
place   sol1    copies=1 x=0.0 y=0.0 z=23885.1 
place   sol3    copies=1 x=0.0 y=0.0 z=24113.1 
place   sol4    copies=1 x=0.0 y=0.0 z=24636.9 
place   sol2    copies=1 x=0.0 y=0.0 z=24864.9 
(do i=20)
place   sol1    copies=1 x=0.0 y=0.0 z=25135.1 
place   sol3    copies=1 x=0.0 y=0.0 z=25363.1 
place   sol4    copies=1 x=0.0 y=0.0 z=25886.9 
place   sol2    copies=1 x=0.0 y=0.0 z=26114.9 
(do i=21)
place   sol1    copies=1 x=0.0 y=0.0 z=26385.1 
place   sol3    copies=1 x=0.0 y=0.0 z=26613.1 
place   sol4    copies=1 x=0.0 y=0.0 z=27136.9 
place   sol2    copies=1 x=0.0 y=0.0 z=27364.9 
(do i=22)
place   sol1    copies=1 x=0.0 y=0.0 z=27635.1 
place   sol3    copies=1 x=0.0 y=0.0 z=27863.1 
place   sol4    copies=1 x=0.0 y=0.0 z=28386.9 
place   sol2    copies=1 x=0.0 y=0.0 z=28614.9 
(do i=23)
place   sol1    copies=1 x=0.0 y=0.0 z=28885.1 
place   sol3    copies=1 x=0.0 y=0.0 z=29113.1 
place   sol4    copies=1 x=0.0 y=0.0 z=29636.9 
place   sol2    copies=1 x=0.0 y=0.0 z=29864.9 
(do i=24)
place   sol1    copies=1 x=0.0 y=0.0 z=30135.1 
place   sol3    copies=1 x=0.0 y=0.0 z=30363.1 
place   sol4    copies=1 x=0.0 y=0.0 z=30886.9 
place   sol2    copies=1 x=0.0 y=0.0 z=31114.9 
(do i=25)
place   sol1    copies=1 x=0.0 y=0.0 z=31385.1 
place   sol3    copies=1 x=0.0 y=0.0 z=31613.1 
place   sol4    copies=1 x=0.0 y=0.0 z=32136.9 
place   sol2    copies=1 x=0.0 y=0.0 z=32364.9 
(do i=26)
place   sol1    copies=1 x=0.0 y=0.0 z=32635.1 
place   sol3    copies=1 x=0.0 y=0.0 z=32863.1 
place   sol4    copies=1 x=0.0 y=0.0 z=33386.9 
place   sol2    copies=1 x=0.0 y=0.0 z=33614.9 
(do i=27)
place   sol1    copies=1 x=0.0 y=0.0 z=33885.1 
place   sol3    copies=1 x=0.0 y=0.0 z=34113.1 
place   sol4    copies=1 x=0.0 y=0.0 z=34636.9 
place   sol2    copies=1 x=0.0 y=0.0 z=34864.9 
(do i=28)
place   sol1    copies=1 x=0.0 y=0.0 z=35135.1 
place   sol3    copies=1 x=0.0 y=0.0 z=35363.1 
place   sol4    copies=1 x=0.0 y=0.0 z=35886.9 
place   sol2    copies=1 x=0.0 y=0.0 z=36114.9 
(do i=29)
place   sol1    copies=1 x=0.0 y=0.0 z=36385.1 
place   sol3    copies=1 x=0.0 y=0.0 z=36613.1 
place   sol4    copies=1 x=0.0 y=0.0 z=37136.9 
place   sol2    copies=1 x=0.0 y=0.0 z=37364.9 
(do i=30)
place   sol1    copies=1 x=0.0 y=0.0 z=37635.1 
place   sol3    copies=1 x=0.0 y=0.0 z=37863.1 
place   sol4    copies=1 x=0.0 y=0.0 z=38386.9 
place   sol2    copies=1 x=0.0 y=0.0 z=38614.9 
(do i=31)
place   sol1    copies=1 x=0.0 y=0.0 z=38885.1 
place   sol3    copies=1 x=0.0 y=0.0 z=39113.1 
place   sol4    copies=1 x=0.0 y=0.0 z=39636.9 
place   sol2    copies=1 x=0.0 y=0.0 z=39864.9 
(do i=32)
place   sol1    copies=1 x=0.0 y=0.0 z=40135.1 
place   sol3    copies=1 x=0.0 y=0.0 z=40363.1 
place   sol4    copies=1 x=0.0 y=0.0 z=40886.9 
place   sol2    copies=1 x=0.0 y=0.0 z=41114.9 
(do i=33)
place   sol1    copies=1 x=0.0 y=0.0 z=41385.1 
place   sol3    copies=1 x=0.0 y=0.0 z=41613.1 
place   sol4    copies=1 x=0.0 y=0.0 z=42136.9 
place   sol2    copies=1 x=0.0 y=0.0 z=42364.9 
(do i=34)
place   sol1    copies=1 x=0.0 y=0.0 z=42635.1 
place   sol3    copies=1 x=0.0 y=0.0 z=42863.1 
place   sol4    copies=1 x=0.0 y=0.0 z=43386.9 
place   sol2    copies=1 x=0.0 y=0.0 z=43614.9 
(do i=35)
place   sol1    copies=1 x=0.0 y=0.0 z=43885.1 
place   sol3    copies=1 x=0.0 y=0.0 z=44113.1 
place   sol4    copies=1 x=0.0 y=0.0 z=44636.9 
place   sol2    copies=1 x=0.0 y=0.0 z=44864.9 
(do i=36)
place   sol1    copies=1 x=0.0 y=0.0 z=45135.1 
place   sol3    copies=1 x=0.0 y=0.0 z=45363.1 
place   sol4    copies=1 x=0.0 y=0.0 z=45886.9 
place   sol2    copies=1 x=0.0 y=0.0 z=46114.9 
(do i=37)
place   sol1    copies=1 x=0.0 y=0.0 z=46385.1 
place   sol3    copies=1 x=0.0 y=0.0 z=46613.1 
place   sol4    copies=1 x=0.0 y=0.0 z=47136.9 
place   sol2    copies=1 x=0.0 y=0.0 z=47364.9 
(do i=38)
place   sol1    copies=1 x=0.0 y=0.0 z=47635.1 
place   sol3    copies=1 x=0.0 y=0.0 z=47863.1 
place   sol4    copies=1 x=0.0 y=0.0 z=48386.9 
place   sol2    copies=1 x=0.0 y=0.0 z=48614.9 
(do i=39)
place   sol1    copies=1 x=0.0 y=0.0 z=48885.1 
place   sol3    copies=1 x=0.0 y=0.0 z=49113.1 
place   sol4    copies=1 x=0.0 y=0.0 z=49636.9 
place   sol2    copies=1 x=0.0 y=0.0 z=49864.9 
(do i=40)
place   sol1    copies=1 x=0.0 y=0.0 z=50135.1 
place   sol3    copies=1 x=0.0 y=0.0 z=50363.1 
place   sol4    copies=1 x=0.0 y=0.0 z=50886.9 
place   sol2    copies=1 x=0.0 y=0.0 z=51114.9 
(do i=41)
place   sol1    copies=1 x=0.0 y=0.0 z=51385.1 
place   sol3    copies=1 x=0.0 y=0.0 z=51613.1 
place   sol4    copies=1 x=0.0 y=0.0 z=52136.9 
place   sol2    copies=1 x=0.0 y=0.0 z=52364.9 
(do i=42)
place   sol1    copies=1 x=0.0 y=0.0 z=52635.1 
place   sol3    copies=1 x=0.0 y=0.0 z=52863.1 
place   sol4    copies=1 x=0.0 y=0.0 z=53386.9 
place   sol2    copies=1 x=0.0 y=0.0 z=53614.9 
(do i=43)
place   sol1    copies=1 x=0.0 y=0.0 z=53885.1 
place   sol3    copies=1 x=0.0 y=0.0 z=54113.1 
place   sol4    copies=1 x=0.0 y=0.0 z=54636.9 
place   sol2    copies=1 x=0.0 y=0.0 z=54864.9 
(do i=44)
place   sol1    copies=1 x=0.0 y=0.0 z=55135.1 
place   sol3    copies=1 x=0.0 y=0.0 z=55363.1 
place   sol4    copies=1 x=0.0 y=0.0 z=55886.9 
place   sol2    copies=1 x=0.0 y=0.0 z=56114.9 
(do i=45)
place   sol1    copies=1 x=0.0 y=0.0 z=56385.1 
place   sol3    copies=1 x=0.0 y=0.0 z=56613.1 
place   sol4    copies=1 x=0.0 y=0.0 z=57136.9 
place   sol2    copies=1 x=0.0 y=0.0 z=57364.9 
(do i=46)
place   sol1    copies=1 x=0.0 y=0.0 z=57635.1 
place   sol3    copies=1 x=0.0 y=0.0 z=57863.1 
place   sol4    copies=1 x=0.0 y=0.0 z=58386.9 
place   sol2    copies=1 x=0.0 y=0.0 z=58614.9 
(do i=47)
place   sol1    copies=1 x=0.0 y=0.0 z=58885.1 
place   sol3    copies=1 x=0.0 y=0.0 z=59113.1 
place   sol4    copies=1 x=0.0 y=0.0 z=59636.9 
place   sol2    copies=1 x=0.0 y=0.0 z=59864.9 
(do i=48)
place   sol1    copies=1 x=0.0 y=0.0 z=60135.1 
place   sol3    copies=1 x=0.0 y=0.0 z=60363.1 
place   sol4    copies=1 x=0.0 y=0.0 z=60886.9 
place   sol2    copies=1 x=0.0 y=0.0 z=61114.9 
(do i=49)
place   sol1    copies=1 x=0.0 y=0.0 z=61385.1 
place   sol3    copies=1 x=0.0 y=0.0 z=61613.1 
place   sol4    copies=1 x=0.0 y=0.0 z=62136.9 
place   sol2    copies=1 x=0.0 y=0.0 z=62364.9 
(do i=50)
place   sol1    copies=1 x=0.0 y=0.0 z=62635.1 
place   sol3    copies=1 x=0.0 y=0.0 z=62863.1 
place   sol4    copies=1 x=0.0 y=0.0 z=63386.9 
place   sol2    copies=1 x=0.0 y=0.0 z=63614.9 
(do i=51)
place   sol1    copies=1 x=0.0 y=0.0 z=63885.1 
place   sol3    copies=1 x=0.0 y=0.0 z=64113.1 
place   sol4    copies=1 x=0.0 y=0.0 z=64636.9 
place   sol2    copies=1 x=0.0 y=0.0 z=64864.9 
(do i=52)
place   sol1    copies=1 x=0.0 y=0.0 z=65135.1 
place   sol3    copies=1 x=0.0 y=0.0 z=65363.1 
place   sol4    copies=1 x=0.0 y=0.0 z=65886.9 
place   sol2    copies=1 x=0.0 y=0.0 z=66114.9 
(do i=53)
place   sol1    copies=1 x=0.0 y=0.0 z=66385.1 
place   sol3    copies=1 x=0.0 y=0.0 z=66613.1 
place   sol4    copies=1 x=0.0 y=0.0 z=67136.9 
place   sol2    copies=1 x=0.0 y=0.0 z=67364.9 
(do i=54)
place   sol1    copies=1 x=0.0 y=0.0 z=67635.1 
place   sol3    copies=1 x=0.0 y=0.0 z=67863.1 
place   sol4    copies=1 x=0.0 y=0.0 z=68386.9 
place   sol2    copies=1 x=0.0 y=0.0 z=68614.9 
(do i=55)
place   sol1    copies=1 x=0.0 y=0.0 z=68885.1 
place   sol3    copies=1 x=0.0 y=0.0 z=69113.1 
place   sol4    copies=1 x=0.0 y=0.0 z=69636.9 
place   sol2    copies=1 x=0.0 y=0.0 z=69864.9 
(do i=56)
place   sol1    copies=1 x=0.0 y=0.0 z=70135.1 
place   sol3    copies=1 x=0.0 y=0.0 z=70363.1 
place   sol4    copies=1 x=0.0 y=0.0 z=70886.9 
place   sol2    copies=1 x=0.0 y=0.0 z=71114.9 
(do i=57)
place   sol1    copies=1 x=0.0 y=0.0 z=71385.1 
place   sol3    copies=1 x=0.0 y=0.0 z=71613.1 
place   sol4    copies=1 x=0.0 y=0.0 z=72136.9 
place   sol2    copies=1 x=0.0 y=0.0 z=72364.9 
(do i=58)
place   sol1    copies=1 x=0.0 y=0.0 z=72635.1 
place   sol3    copies=1 x=0.0 y=0.0 z=72863.1 
place   sol4    copies=1 x=0.0 y=0.0 z=73386.9 
place   sol2    copies=1 x=0.0 y=0.0 z=73614.9 
(do i=59)
place   sol1    copies=1 x=0.0 y=0.0 z=73885.1 
place   sol3    copies=1 x=0.0 y=0.0 z=74113.1 
place   sol4    copies=1 x=0.0 y=0.0 z=74636.9 
place   sol2    copies=1 x=0.0 y=0.0 z=74864.9 
(do i=60)
place   sol1    copies=1 x=0.0 y=0.0 z=75135.1 
place   sol3    copies=1 x=0.0 y=0.0 z=75363.1 
place   sol4    copies=1 x=0.0 y=0.0 z=75886.9 
place   sol2    copies=1 x=0.0 y=0.0 z=76114.9 
enddo
do i=-2,60,1
(do i=-2)
place   solbend copies=1 x=0.0 y=0.0 z=-2375.0 rename='solbend_a_-2'
place   solbend copies=1 x=0.0 y=0.0 z=-1375.0 rename='solbend_b_-2'
(do i=-1)
place   solbend copies=1 x=0.0 y=0.0 z=-1125.0 rename='solbend_a_-1'
place   solbend copies=1 x=0.0 y=0.0 z=-125.0 rename='solbend_b_-1'
(do i=0)
place   solbend copies=1 x=0.0 y=0.0 z=125.0 rename='solbend_a_0'
place   solbend copies=1 x=0.0 y=0.0 z=1125.0 rename='solbend_b_0'
(do i=1)
place   solbend copies=1 x=0.0 y=0.0 z=1375.0 rename='solbend_a_1'
place   solbend copies=1 x=0.0 y=0.0 z=2375.0 rename='solbend_b_1'
(do i=2)
place   solbend copies=1 x=0.0 y=0.0 z=2625.0 rename='solbend_a_2'
place   solbend copies=1 x=0.0 y=0.0 z=3625.0 rename='solbend_b_2'
(do i=3)
place   solbend copies=1 x=0.0 y=0.0 z=3875.0 rename='solbend_a_3'
place   solbend copies=1 x=0.0 y=0.0 z=4875.0 rename='solbend_b_3'
(do i=4)
place   solbend copies=1 x=0.0 y=0.0 z=5125.0 rename='solbend_a_4'
place   solbend copies=1 x=0.0 y=0.0 z=6125.0 rename='solbend_b_4'
(do i=5)
place   solbend copies=1 x=0.0 y=0.0 z=6375.0 rename='solbend_a_5'
place   solbend copies=1 x=0.0 y=0.0 z=7375.0 rename='solbend_b_5'
(do i=6)
place   solbend copies=1 x=0.0 y=0.0 z=7625.0 rename='solbend_a_6'
place   solbend copies=1 x=0.0 y=0.0 z=8625.0 rename='solbend_b_6'
(do i=7)
place   solbend copies=1 x=0.0 y=0.0 z=8875.0 rename='solbend_a_7'
place   solbend copies=1 x=0.0 y=0.0 z=9875.0 rename='solbend_b_7'
(do i=8)
place   solbend copies=1 x=0.0 y=0.0 z=10125.0 rename='solbend_a_8'
place   solbend copies=1 x=0.0 y=0.0 z=11125.0 rename='solbend_b_8'
(do i=9)
place   solbend copies=1 x=0.0 y=0.0 z=11375.0 rename='solbend_a_9'
place   solbend copies=1 x=0.0 y=0.0 z=12375.0 rename='solbend_b_9'
(do i=10)
place   solbend copies=1 x=0.0 y=0.0 z=12625.0 rename='solbend_a_10'
place   solbend copies=1 x=0.0 y=0.0 z=13625.0 rename='solbend_b_10'
(do i=11)
place   solbend copies=1 x=0.0 y=0.0 z=13875.0 rename='solbend_a_11'
place   solbend copies=1 x=0.0 y=0.0 z=14875.0 rename='solbend_b_11'
(do i=12)
place   solbend copies=1 x=0.0 y=0.0 z=15125.0 rename='solbend_a_12'
place   solbend copies=1 x=0.0 y=0.0 z=16125.0 rename='solbend_b_12'
(do i=13)
place   solbend copies=1 x=0.0 y=0.0 z=16375.0 rename='solbend_a_13'
place   solbend copies=1 x=0.0 y=0.0 z=17375.0 rename='solbend_b_13'
(do i=14)
place   solbend copies=1 x=0.0 y=0.0 z=17625.0 rename='solbend_a_14'
place   solbend copies=1 x=0.0 y=0.0 z=18625.0 rename='solbend_b_14'
(do i=15)
place   solbend copies=1 x=0.0 y=0.0 z=18875.0 rename='solbend_a_15'
place   solbend copies=1 x=0.0 y=0.0 z=19875.0 rename='solbend_b_15'
(do i=16)
place   solbend copies=1 x=0.0 y=0.0 z=20125.0 rename='solbend_a_16'
place   solbend copies=1 x=0.0 y=0.0 z=21125.0 rename='solbend_b_16'
(do i=17)
place   solbend copies=1 x=0.0 y=0.0 z=21375.0 rename='solbend_a_17'
place   solbend copies=1 x=0.0 y=0.0 z=22375.0 rename='solbend_b_17'
(do i=18)
place   solbend copies=1 x=0.0 y=0.0 z=22625.0 rename='solbend_a_18'
place   solbend copies=1 x=0.0 y=0.0 z=23625.0 rename='solbend_b_18'
(do i=19)
place   solbend copies=1 x=0.0 y=0.0 z=23875.0 rename='solbend_a_19'
place   solbend copies=1 x=0.0 y=0.0 z=24875.0 rename='solbend_b_19'
(do i=20)
place   solbend copies=1 x=0.0 y=0.0 z=25125.0 rename='solbend_a_20'
place   solbend copies=1 x=0.0 y=0.0 z=26125.0 rename='solbend_b_20'
(do i=21)
place   solbend copies=1 x=0.0 y=0.0 z=26375.0 rename='solbend_a_21'
place   solbend copies=1 x=0.0 y=0.0 z=27375.0 rename='solbend_b_21'
(do i=22)
place   solbend copies=1 x=0.0 y=0.0 z=27625.0 rename='solbend_a_22'
place   solbend copies=1 x=0.0 y=0.0 z=28625.0 rename='solbend_b_22'
(do i=23)
place   solbend copies=1 x=0.0 y=0.0 z=28875.0 rename='solbend_a_23'
place   solbend copies=1 x=0.0 y=0.0 z=29875.0 rename='solbend_b_23'
(do i=24)
place   solbend copies=1 x=0.0 y=0.0 z=30125.0 rename='solbend_a_24'
place   solbend copies=1 x=0.0 y=0.0 z=31125.0 rename='solbend_b_24'
(do i=25)
place   solbend copies=1 x=0.0 y=0.0 z=31375.0 rename='solbend_a_25'
place   solbend copies=1 x=0.0 y=0.0 z=32375.0 rename='solbend_b_25'
(do i=26)
place   solbend copies=1 x=0.0 y=0.0 z=32625.0 rename='solbend_a_26'
place   solbend copies=1 x=0.0 y=0.0 z=33625.0 rename='solbend_b_26'
(do i=27)
place   solbend copies=1 x=0.0 y=0.0 z=33875.0 rename='solbend_a_27'
place   solbend copies=1 x=0.0 y=0.0 z=34875.0 rename='solbend_b_27'
(do i=28)
place   solbend copies=1 x=0.0 y=0.0 z=35125.0 rename='solbend_a_28'
place   solbend copies=1 x=0.0 y=0.0 z=36125.0 rename='solbend_b_28'
(do i=29)
place   solbend copies=1 x=0.0 y=0.0 z=36375.0 rename='solbend_a_29'
place   solbend copies=1 x=0.0 y=0.0 z=37375.0 rename='solbend_b_29'
(do i=30)
place   solbend copies=1 x=0.0 y=0.0 z=37625.0 rename='solbend_a_30'
place   solbend copies=1 x=0.0 y=0.0 z=38625.0 rename='solbend_b_30'
(do i=31)
place   solbend copies=1 x=0.0 y=0.0 z=38875.0 rename='solbend_a_31'
place   solbend copies=1 x=0.0 y=0.0 z=39875.0 rename='solbend_b_31'
(do i=32)
place   solbend copies=1 x=0.0 y=0.0 z=40125.0 rename='solbend_a_32'
place   solbend copies=1 x=0.0 y=0.0 z=41125.0 rename='solbend_b_32'
(do i=33)
place   solbend copies=1 x=0.0 y=0.0 z=41375.0 rename='solbend_a_33'
place   solbend copies=1 x=0.0 y=0.0 z=42375.0 rename='solbend_b_33'
(do i=34)
place   solbend copies=1 x=0.0 y=0.0 z=42625.0 rename='solbend_a_34'
place   solbend copies=1 x=0.0 y=0.0 z=43625.0 rename='solbend_b_34'
(do i=35)
place   solbend copies=1 x=0.0 y=0.0 z=43875.0 rename='solbend_a_35'
place   solbend copies=1 x=0.0 y=0.0 z=44875.0 rename='solbend_b_35'
(do i=36)
place   solbend copies=1 x=0.0 y=0.0 z=45125.0 rename='solbend_a_36'
place   solbend copies=1 x=0.0 y=0.0 z=46125.0 rename='solbend_b_36'
(do i=37)
place   solbend copies=1 x=0.0 y=0.0 z=46375.0 rename='solbend_a_37'
place   solbend copies=1 x=0.0 y=0.0 z=47375.0 rename='solbend_b_37'
(do i=38)
place   solbend copies=1 x=0.0 y=0.0 z=47625.0 rename='solbend_a_38'
place   solbend copies=1 x=0.0 y=0.0 z=48625.0 rename='solbend_b_38'
(do i=39)
place   solbend copies=1 x=0.0 y=0.0 z=48875.0 rename='solbend_a_39'
place   solbend copies=1 x=0.0 y=0.0 z=49875.0 rename='solbend_b_39'
(do i=40)
place   solbend copies=1 x=0.0 y=0.0 z=50125.0 rename='solbend_a_40'
place   solbend copies=1 x=0.0 y=0.0 z=51125.0 rename='solbend_b_40'
(do i=41)
place   solbend copies=1 x=0.0 y=0.0 z=51375.0 rename='solbend_a_41'
place   solbend copies=1 x=0.0 y=0.0 z=52375.0 rename='solbend_b_41'
(do i=42)
place   solbend copies=1 x=0.0 y=0.0 z=52625.0 rename='solbend_a_42'
place   solbend copies=1 x=0.0 y=0.0 z=53625.0 rename='solbend_b_42'
(do i=43)
place   solbend copies=1 x=0.0 y=0.0 z=53875.0 rename='solbend_a_43'
place   solbend copies=1 x=0.0 y=0.0 z=54875.0 rename='solbend_b_43'
(do i=44)
place   solbend copies=1 x=0.0 y=0.0 z=55125.0 rename='solbend_a_44'
place   solbend copies=1 x=0.0 y=0.0 z=56125.0 rename='solbend_b_44'
(do i=45)
place   solbend copies=1 x=0.0 y=0.0 z=56375.0 rename='solbend_a_45'
place   solbend copies=1 x=0.0 y=0.0 z=57375.0 rename='solbend_b_45'
(do i=46)
place   solbend copies=1 x=0.0 y=0.0 z=57625.0 rename='solbend_a_46'
place   solbend copies=1 x=0.0 y=0.0 z=58625.0 rename='solbend_b_46'
(do i=47)
place   solbend copies=1 x=0.0 y=0.0 z=58875.0 rename='solbend_a_47'
place   solbend copies=1 x=0.0 y=0.0 z=59875.0 rename='solbend_b_47'
(do i=48)
place   solbend copies=1 x=0.0 y=0.0 z=60125.0 rename='solbend_a_48'
place   solbend copies=1 x=0.0 y=0.0 z=61125.0 rename='solbend_b_48'
(do i=49)
place   solbend copies=1 x=0.0 y=0.0 z=61375.0 rename='solbend_a_49'
place   solbend copies=1 x=0.0 y=0.0 z=62375.0 rename='solbend_b_49'
(do i=50)
place   solbend copies=1 x=0.0 y=0.0 z=62625.0 rename='solbend_a_50'
place   solbend copies=1 x=0.0 y=0.0 z=63625.0 rename='solbend_b_50'
(do i=51)
place   solbend copies=1 x=0.0 y=0.0 z=63875.0 rename='solbend_a_51'
place   solbend copies=1 x=0.0 y=0.0 z=64875.0 rename='solbend_b_51'
(do i=52)
place   solbend copies=1 x=0.0 y=0.0 z=65125.0 rename='solbend_a_52'
place   solbend copies=1 x=0.0 y=0.0 z=66125.0 rename='solbend_b_52'
(do i=53)
place   solbend copies=1 x=0.0 y=0.0 z=66375.0 rename='solbend_a_53'
place   solbend copies=1 x=0.0 y=0.0 z=67375.0 rename='solbend_b_53'
(do i=54)
place   solbend copies=1 x=0.0 y=0.0 z=67625.0 rename='solbend_a_54'
place   solbend copies=1 x=0.0 y=0.0 z=68625.0 rename='solbend_b_54'
(do i=55)
place   solbend copies=1 x=0.0 y=0.0 z=68875.0 rename='solbend_a_55'
place   solbend copies=1 x=0.0 y=0.0 z=69875.0 rename='solbend_b_55'
(do i=56)
place   solbend copies=1 x=0.0 y=0.0 z=70125.0 rename='solbend_a_56'
place   solbend copies=1 x=0.0 y=0.0 z=71125.0 rename='solbend_b_56'
(do i=57)
place   solbend copies=1 x=0.0 y=0.0 z=71375.0 rename='solbend_a_57'
place   solbend copies=1 x=0.0 y=0.0 z=72375.0 rename='solbend_b_57'
(do i=58)
place   solbend copies=1 x=0.0 y=0.0 z=72625.0 rename='solbend_a_58'
place   solbend copies=1 x=0.0 y=0.0 z=73625.0 rename='solbend_b_58'
(do i=59)
place   solbend copies=1 x=0.0 y=0.0 z=73875.0 rename='solbend_a_59'
place   solbend copies=1 x=0.0 y=0.0 z=74875.0 rename='solbend_b_59'
(do i=60)
place   solbend copies=1 x=0.0 y=0.0 z=75125.0 rename='solbend_a_60'
place   solbend copies=1 x=0.0 y=0.0 z=76125.0 rename='solbend_b_60'
enddo
do i=-2,60,1
(do i=-2)
place   fringe_left copies=1 x=0.0 y=0.0 z=-2615.0 
place   fringe_right copies=1 x=0.0 y=0.0 z=-2135.0 
place   fringe_left copies=1 x=0.0 y=0.0 z=-1615.0 
place   fringe_right copies=1 x=0.0 y=0.0 z=-1135.0 
(do i=-1)
place   fringe_left copies=1 x=0.0 y=0.0 z=-1365.0 
place   fringe_right copies=1 x=0.0 y=0.0 z=-885.0 
place   fringe_left copies=1 x=0.0 y=0.0 z=-365.0 
place   fringe_right copies=1 x=0.0 y=0.0 z=115.0 
(do i=0)
place   fringe_left copies=1 x=0.0 y=0.0 z=-115.0 
place   fringe_right copies=1 x=0.0 y=0.0 z=365.0 
place   fringe_left copies=1 x=0.0 y=0.0 z=885.0 
place   fringe_right copies=1 x=0.0 y=0.0 z=1365.0 
(do i=1)
place   fringe_left copies=1 x=0.0 y=0.0 z=1135.0 
place   fringe_right copies=1 x=0.0 y=0.0 z=1615.0 
place   fringe_left copies=1 x=0.0 y=0.0 z=2135.0 
place   fringe_right copies=1 x=0.0 y=0.0 z=2615.0 
(do i=2)
place   fringe_left copies=1 x=0.0 y=0.0 z=2385.0 
place   fringe_right copies=1 x=0.0 y=0.0 z=2865.0 
place   fringe_left copies=1 x=0.0 y=0.0 z=3385.0 
place   fringe_right copies=1 x=0.0 y=0.0 z=3865.0 
(do i=3)
place   fringe_left copies=1 x=0.0 y=0.0 z=3635.0 
place   fringe_right copies=1 x=0.0 y=0.0 z=4115.0 
place   fringe_left copies=1 x=0.0 y=0.0 z=4635.0 
place   fringe_right copies=1 x=0.0 y=0.0 z=5115.0 
(do i=4)
place   fringe_left copies=1 x=0.0 y=0.0 z=4885.0 
place   fringe_right copies=1 x=0.0 y=0.0 z=5365.0 
place   fringe_left copies=1 x=0.0 y=0.0 z=5885.0 
place   fringe_right copies=1 x=0.0 y=0.0 z=6365.0 
(do i=5)
place   fringe_left copies=1 x=0.0 y=0.0 z=6135.0 
place   fringe_right copies=1 x=0.0 y=0.0 z=6615.0 
place   fringe_left copies=1 x=0.0 y=0.0 z=7135.0 
place   fringe_right copies=1 x=0.0 y=0.0 z=7615.0 
(do i=6)
place   fringe_left copies=1 x=0.0 y=0.0 z=7385.0 
place   fringe_right copies=1 x=0.0 y=0.0 z=7865.0 
place   fringe_left copies=1 x=0.0 y=0.0 z=8385.0 
place   fringe_right copies=1 x=0.0 y=0.0 z=8865.0 
(do i=7)
place   fringe_left copies=1 x=0.0 y=0.0 z=8635.0 
place   fringe_right copies=1 x=0.0 y=0.0 z=9115.0 
place   fringe_left copies=1 x=0.0 y=0.0 z=9635.0 
place   fringe_right copies=1 x=0.0 y=0.0 z=10115.0 
(do i=8)
place   fringe_left copies=1 x=0.0 y=0.0 z=9885.0 
place   fringe_right copies=1 x=0.0 y=0.0 z=10365.0 
place   fringe_left copies=1 x=0.0 y=0.0 z=10885.0 
place   fringe_right copies=1 x=0.0 y=0.0 z=11365.0 
(do i=9)
place   fringe_left copies=1 x=0.0 y=0.0 z=11135.0 
place   fringe_right copies=1 x=0.0 y=0.0 z=11615.0 
place   fringe_left copies=1 x=0.0 y=0.0 z=12135.0 
place   fringe_right copies=1 x=0.0 y=0.0 z=12615.0 
(do i=10)
place   fringe_left copies=1 x=0.0 y=0.0 z=12385.0 
place   fringe_right copies=1 x=0.0 y=0.0 z=12865.0 
place   fringe_left copies=1 x=0.0 y=0.0 z=13385.0 
place   fringe_right copies=1 x=0.0 y=0.0 z=13865.0 
(do i=11)
place   fringe_left copies=1 x=0.0 y=0.0 z=13635.0 
place   fringe_right copies=1 x=0.0 y=0.0 z=14115.0 
place   fringe_left copies=1 x=0.0 y=0.0 z=14635.0 
place   fringe_right copies=1 x=0.0 y=0.0 z=15115.0 
(do i=12)
place   fringe_left copies=1 x=0.0 y=0.0 z=14885.0 
place   fringe_right copies=1 x=0.0 y=0.0 z=15365.0 
place   fringe_left copies=1 x=0.0 y=0.0 z=15885.0 
place   fringe_right copies=1 x=0.0 y=0.0 z=16365.0 
(do i=13)
place   fringe_left copies=1 x=0.0 y=0.0 z=16135.0 
place   fringe_right copies=1 x=0.0 y=0.0 z=16615.0 
place   fringe_left copies=1 x=0.0 y=0.0 z=17135.0 
place   fringe_right copies=1 x=0.0 y=0.0 z=17615.0 
(do i=14)
place   fringe_left copies=1 x=0.0 y=0.0 z=17385.0 
place   fringe_right copies=1 x=0.0 y=0.0 z=17865.0 
place   fringe_left copies=1 x=0.0 y=0.0 z=18385.0 
place   fringe_right copies=1 x=0.0 y=0.0 z=18865.0 
(do i=15)
place   fringe_left copies=1 x=0.0 y=0.0 z=18635.0 
place   fringe_right copies=1 x=0.0 y=0.0 z=19115.0 
place   fringe_left copies=1 x=0.0 y=0.0 z=19635.0 
place   fringe_right copies=1 x=0.0 y=0.0 z=20115.0 
(do i=16)
place   fringe_left copies=1 x=0.0 y=0.0 z=19885.0 
place   fringe_right copies=1 x=0.0 y=0.0 z=20365.0 
place   fringe_left copies=1 x=0.0 y=0.0 z=20885.0 
place   fringe_right copies=1 x=0.0 y=0.0 z=21365.0 
(do i=17)
place   fringe_left copies=1 x=0.0 y=0.0 z=21135.0 
place   fringe_right copies=1 x=0.0 y=0.0 z=21615.0 
place   fringe_left copies=1 x=0.0 y=0.0 z=22135.0 
place   fringe_right copies=1 x=0.0 y=0.0 z=22615.0 
(do i=18)
place   fringe_left copies=1 x=0.0 y=0.0 z=22385.0 
place   fringe_right copies=1 x=0.0 y=0.0 z=22865.0 
place   fringe_left copies=1 x=0.0 y=0.0 z=23385.0 
place   fringe_right copies=1 x=0.0 y=0.0 z=23865.0 
(do i=19)
place   fringe_left copies=1 x=0.0 y=0.0 z=23635.0 
place   fringe_right copies=1 x=0.0 y=0.0 z=24115.0 
place   fringe_left copies=1 x=0.0 y=0.0 z=24635.0 
place   fringe_right copies=1 x=0.0 y=0.0 z=25115.0 
(do i=20)
place   fringe_left copies=1 x=0.0 y=0.0 z=24885.0 
place   fringe_right copies=1 x=0.0 y=0.0 z=25365.0 
place   fringe_left copies=1 x=0.0 y=0.0 z=25885.0 
place   fringe_right copies=1 x=0.0 y=0.0 z=26365.0 
(do i=21)
place   fringe_left copies=1 x=0.0 y=0.0 z=26135.0 
place   fringe_right copies=1 x=0.0 y=0.0 z=26615.0 
place   fringe_left copies=1 x=0.0 y=0.0 z=27135.0 
place   fringe_right copies=1 x=0.0 y=0.0 z=27615.0 
(do i=22)
place   fringe_left copies=1 x=0.0 y=0.0 z=27385.0 
place   fringe_right copies=1 x=0.0 y=0.0 z=27865.0 
place   fringe_left copies=1 x=0.0 y=0.0 z=28385.0 
place   fringe_right copies=1 x=0.0 y=0.0 z=28865.0 
(do i=23)
place   fringe_left copies=1 x=0.0 y=0.0 z=28635.0 
place   fringe_right copies=1 x=0.0 y=0.0 z=29115.0 
place   fringe_left copies=1 x=0.0 y=0.0 z=29635.0 
place   fringe_right copies=1 x=0.0 y=0.0 z=30115.0 
(do i=24)
place   fringe_left copies=1 x=0.0 y=0.0 z=29885.0 
place   fringe_right copies=1 x=0.0 y=0.0 z=30365.0 
place   fringe_left copies=1 x=0.0 y=0.0 z=30885.0 
place   fringe_right copies=1 x=0.0 y=0.0 z=31365.0 
(do i=25)
place   fringe_left copies=1 x=0.0 y=0.0 z=31135.0 
place   fringe_right copies=1 x=0.0 y=0.0 z=31615.0 
place   fringe_left copies=1 x=0.0 y=0.0 z=32135.0 
place   fringe_right copies=1 x=0.0 y=0.0 z=32615.0 
(do i=26)
place   fringe_left copies=1 x=0.0 y=0.0 z=32385.0 
place   fringe_right copies=1 x=0.0 y=0.0 z=32865.0 
place   fringe_left copies=1 x=0.0 y=0.0 z=33385.0 
place   fringe_right copies=1 x=0.0 y=0.0 z=33865.0 
(do i=27)
place   fringe_left copies=1 x=0.0 y=0.0 z=33635.0 
place   fringe_right copies=1 x=0.0 y=0.0 z=34115.0 
place   fringe_left copies=1 x=0.0 y=0.0 z=34635.0 
place   fringe_right copies=1 x=0.0 y=0.0 z=35115.0 
(do i=28)
place   fringe_left copies=1 x=0.0 y=0.0 z=34885.0 
place   fringe_right copies=1 x=0.0 y=0.0 z=35365.0 
place   fringe_left copies=1 x=0.0 y=0.0 z=35885.0 
place   fringe_right copies=1 x=0.0 y=0.0 z=36365.0 
(do i=29)
place   fringe_left copies=1 x=0.0 y=0.0 z=36135.0 
place   fringe_right copies=1 x=0.0 y=0.0 z=36615.0 
place   fringe_left copies=1 x=0.0 y=0.0 z=37135.0 
place   fringe_right copies=1 x=0.0 y=0.0 z=37615.0 
(do i=30)
place   fringe_left copies=1 x=0.0 y=0.0 z=37385.0 
place   fringe_right copies=1 x=0.0 y=0.0 z=37865.0 
place   fringe_left copies=1 x=0.0 y=0.0 z=38385.0 
place   fringe_right copies=1 x=0.0 y=0.0 z=38865.0 
(do i=31)
place   fringe_left copies=1 x=0.0 y=0.0 z=38635.0 
place   fringe_right copies=1 x=0.0 y=0.0 z=39115.0 
place   fringe_left copies=1 x=0.0 y=0.0 z=39635.0 
place   fringe_right copies=1 x=0.0 y=0.0 z=40115.0 
(do i=32)
place   fringe_left copies=1 x=0.0 y=0.0 z=39885.0 
place   fringe_right copies=1 x=0.0 y=0.0 z=40365.0 
place   fringe_left copies=1 x=0.0 y=0.0 z=40885.0 
place   fringe_right copies=1 x=0.0 y=0.0 z=41365.0 
(do i=33)
place   fringe_left copies=1 x=0.0 y=0.0 z=41135.0 
place   fringe_right copies=1 x=0.0 y=0.0 z=41615.0 
place   fringe_left copies=1 x=0.0 y=0.0 z=42135.0 
place   fringe_right copies=1 x=0.0 y=0.0 z=42615.0 
(do i=34)
place   fringe_left copies=1 x=0.0 y=0.0 z=42385.0 
place   fringe_right copies=1 x=0.0 y=0.0 z=42865.0 
place   fringe_left copies=1 x=0.0 y=0.0 z=43385.0 
place   fringe_right copies=1 x=0.0 y=0.0 z=43865.0 
(do i=35)
place   fringe_left copies=1 x=0.0 y=0.0 z=43635.0 
place   fringe_right copies=1 x=0.0 y=0.0 z=44115.0 
place   fringe_left copies=1 x=0.0 y=0.0 z=44635.0 
place   fringe_right copies=1 x=0.0 y=0.0 z=45115.0 
(do i=36)
place   fringe_left copies=1 x=0.0 y=0.0 z=44885.0 
place   fringe_right copies=1 x=0.0 y=0.0 z=45365.0 
place   fringe_left copies=1 x=0.0 y=0.0 z=45885.0 
place   fringe_right copies=1 x=0.0 y=0.0 z=46365.0 
(do i=37)
place   fringe_left copies=1 x=0.0 y=0.0 z=46135.0 
place   fringe_right copies=1 x=0.0 y=0.0 z=46615.0 
place   fringe_left copies=1 x=0.0 y=0.0 z=47135.0 
place   fringe_right copies=1 x=0.0 y=0.0 z=47615.0 
(do i=38)
place   fringe_left copies=1 x=0.0 y=0.0 z=47385.0 
place   fringe_right copies=1 x=0.0 y=0.0 z=47865.0 
place   fringe_left copies=1 x=0.0 y=0.0 z=48385.0 
place   fringe_right copies=1 x=0.0 y=0.0 z=48865.0 
(do i=39)
place   fringe_left copies=1 x=0.0 y=0.0 z=48635.0 
place   fringe_right copies=1 x=0.0 y=0.0 z=49115.0 
place   fringe_left copies=1 x=0.0 y=0.0 z=49635.0 
place   fringe_right copies=1 x=0.0 y=0.0 z=50115.0 
(do i=40)
place   fringe_left copies=1 x=0.0 y=0.0 z=49885.0 
place   fringe_right copies=1 x=0.0 y=0.0 z=50365.0 
place   fringe_left copies=1 x=0.0 y=0.0 z=50885.0 
place   fringe_right copies=1 x=0.0 y=0.0 z=51365.0 
(do i=41)
place   fringe_left copies=1 x=0.0 y=0.0 z=51135.0 
place   fringe_right copies=1 x=0.0 y=0.0 z=51615.0 
place   fringe_left copies=1 x=0.0 y=0.0 z=52135.0 
place   fringe_right copies=1 x=0.0 y=0.0 z=52615.0 
(do i=42)
place   fringe_left copies=1 x=0.0 y=0.0 z=52385.0 
place   fringe_right copies=1 x=0.0 y=0.0 z=52865.0 
place   fringe_left copies=1 x=0.0 y=0.0 z=53385.0 
place   fringe_right copies=1 x=0.0 y=0.0 z=53865.0 
(do i=43)
place   fringe_left copies=1 x=0.0 y=0.0 z=53635.0 
place   fringe_right copies=1 x=0.0 y=0.0 z=54115.0 
place   fringe_left copies=1 x=0.0 y=0.0 z=54635.0 
place   fringe_right copies=1 x=0.0 y=0.0 z=55115.0 
(do i=44)
place   fringe_left copies=1 x=0.0 y=0.0 z=54885.0 
place   fringe_right copies=1 x=0.0 y=0.0 z=55365.0 
place   fringe_left copies=1 x=0.0 y=0.0 z=55885.0 
place   fringe_right copies=1 x=0.0 y=0.0 z=56365.0 
(do i=45)
place   fringe_left copies=1 x=0.0 y=0.0 z=56135.0 
place   fringe_right copies=1 x=0.0 y=0.0 z=56615.0 
place   fringe_left copies=1 x=0.0 y=0.0 z=57135.0 
place   fringe_right copies=1 x=0.0 y=0.0 z=57615.0 
(do i=46)
place   fringe_left copies=1 x=0.0 y=0.0 z=57385.0 
place   fringe_right copies=1 x=0.0 y=0.0 z=57865.0 
place   fringe_left copies=1 x=0.0 y=0.0 z=58385.0 
place   fringe_right copies=1 x=0.0 y=0.0 z=58865.0 
(do i=47)
place   fringe_left copies=1 x=0.0 y=0.0 z=58635.0 
place   fringe_right copies=1 x=0.0 y=0.0 z=59115.0 
place   fringe_left copies=1 x=0.0 y=0.0 z=59635.0 
place   fringe_right copies=1 x=0.0 y=0.0 z=60115.0 
(do i=48)
place   fringe_left copies=1 x=0.0 y=0.0 z=59885.0 
place   fringe_right copies=1 x=0.0 y=0.0 z=60365.0 
place   fringe_left copies=1 x=0.0 y=0.0 z=60885.0 
place   fringe_right copies=1 x=0.0 y=0.0 z=61365.0 
(do i=49)
place   fringe_left copies=1 x=0.0 y=0.0 z=61135.0 
place   fringe_right copies=1 x=0.0 y=0.0 z=61615.0 
place   fringe_left copies=1 x=0.0 y=0.0 z=62135.0 
place   fringe_right copies=1 x=0.0 y=0.0 z=62615.0 
(do i=50)
place   fringe_left copies=1 x=0.0 y=0.0 z=62385.0 
place   fringe_right copies=1 x=0.0 y=0.0 z=62865.0 
place   fringe_left copies=1 x=0.0 y=0.0 z=63385.0 
place   fringe_right copies=1 x=0.0 y=0.0 z=63865.0 
(do i=51)
place   fringe_left copies=1 x=0.0 y=0.0 z=63635.0 
place   fringe_right copies=1 x=0.0 y=0.0 z=64115.0 
place   fringe_left copies=1 x=0.0 y=0.0 z=64635.0 
place   fringe_right copies=1 x=0.0 y=0.0 z=65115.0 
(do i=52)
place   fringe_left copies=1 x=0.0 y=0.0 z=64885.0 
place   fringe_right copies=1 x=0.0 y=0.0 z=65365.0 
place   fringe_left copies=1 x=0.0 y=0.0 z=65885.0 
place   fringe_right copies=1 x=0.0 y=0.0 z=66365.0 
(do i=53)
place   fringe_left copies=1 x=0.0 y=0.0 z=66135.0 
place   fringe_right copies=1 x=0.0 y=0.0 z=66615.0 
place   fringe_left copies=1 x=0.0 y=0.0 z=67135.0 
place   fringe_right copies=1 x=0.0 y=0.0 z=67615.0 
(do i=54)
place   fringe_left copies=1 x=0.0 y=0.0 z=67385.0 
place   fringe_right copies=1 x=0.0 y=0.0 z=67865.0 
place   fringe_left copies=1 x=0.0 y=0.0 z=68385.0 
place   fringe_right copies=1 x=0.0 y=0.0 z=68865.0 
(do i=55)
place   fringe_left copies=1 x=0.0 y=0.0 z=68635.0 
place   fringe_right copies=1 x=0.0 y=0.0 z=69115.0 
place   fringe_left copies=1 x=0.0 y=0.0 z=69635.0 
place   fringe_right copies=1 x=0.0 y=0.0 z=70115.0 
(do i=56)
place   fringe_left copies=1 x=0.0 y=0.0 z=69885.0 
place   fringe_right copies=1 x=0.0 y=0.0 z=70365.0 
place   fringe_left copies=1 x=0.0 y=0.0 z=70885.0 
place   fringe_right copies=1 x=0.0 y=0.0 z=71365.0 
(do i=57)
place   fringe_left copies=1 x=0.0 y=0.0 z=71135.0 
place   fringe_right copies=1 x=0.0 y=0.0 z=71615.0 
place   fringe_left copies=1 x=0.0 y=0.0 z=72135.0 
place   fringe_right copies=1 x=0.0 y=0.0 z=72615.0 
(do i=58)
place   fringe_left copies=1 x=0.0 y=0.0 z=72385.0 
place   fringe_right copies=1 x=0.0 y=0.0 z=72865.0 
place   fringe_left copies=1 x=0.0 y=0.0 z=73385.0 
place   fringe_right copies=1 x=0.0 y=0.0 z=73865.0 
(do i=59)
place   fringe_left copies=1 x=0.0 y=0.0 z=73635.0 
place   fringe_right copies=1 x=0.0 y=0.0 z=74115.0 
place   fringe_left copies=1 x=0.0 y=0.0 z=74635.0 
place   fringe_right copies=1 x=0.0 y=0.0 z=75115.0 
(do i=60)
place   fringe_left copies=1 x=0.0 y=0.0 z=74885.0 
place   fringe_right copies=1 x=0.0 y=0.0 z=75365.0 
place   fringe_left copies=1 x=0.0 y=0.0 z=75885.0 
place   fringe_right copies=1 x=0.0 y=0.0 z=76365.0 
enddo
do i=0,60,1
(do i=0)
place   pipe    copies=1 x=0.0 y=0.0 z=147.4 
place   pipe    copies=1 x=0.0 y=0.0 z=1102.6 
(do i=1)
place   pipe    copies=1 x=0.0 y=0.0 z=1397.4 
place   pipe    copies=1 x=0.0 y=0.0 z=2352.6 
(do i=2)
place   pipe    copies=1 x=0.0 y=0.0 z=2647.4 
place   pipe    copies=1 x=0.0 y=0.0 z=3602.6 
(do i=3)
place   pipe    copies=1 x=0.0 y=0.0 z=3897.4 
place   pipe    copies=1 x=0.0 y=0.0 z=4852.6 
(do i=4)
place   pipe    copies=1 x=0.0 y=0.0 z=5147.4 
place   pipe    copies=1 x=0.0 y=0.0 z=6102.6 
(do i=5)
place   pipe    copies=1 x=0.0 y=0.0 z=6397.4 
place   pipe    copies=1 x=0.0 y=0.0 z=7352.6 
(do i=6)
place   pipe    copies=1 x=0.0 y=0.0 z=7647.4 
place   pipe    copies=1 x=0.0 y=0.0 z=8602.6 
(do i=7)
place   pipe    copies=1 x=0.0 y=0.0 z=8897.4 
place   pipe    copies=1 x=0.0 y=0.0 z=9852.6 
(do i=8)
place   pipe    copies=1 x=0.0 y=0.0 z=10147.4 
place   pipe    copies=1 x=0.0 y=0.0 z=11102.6 
(do i=9)
place   pipe    copies=1 x=0.0 y=0.0 z=11397.4 
place   pipe    copies=1 x=0.0 y=0.0 z=12352.6 
(do i=10)
place   pipe    copies=1 x=0.0 y=0.0 z=12647.4 
place   pipe    copies=1 x=0.0 y=0.0 z=13602.6 
(do i=11)
place   pipe    copies=1 x=0.0 y=0.0 z=13897.4 
place   pipe    copies=1 x=0.0 y=0.0 z=14852.6 
(do i=12)
place   pipe    copies=1 x=0.0 y=0.0 z=15147.4 
place   pipe    copies=1 x=0.0 y=0.0 z=16102.6 
(do i=13)
place   pipe    copies=1 x=0.0 y=0.0 z=16397.4 
place   pipe    copies=1 x=0.0 y=0.0 z=17352.6 
(do i=14)
place   pipe    copies=1 x=0.0 y=0.0 z=17647.4 
place   pipe    copies=1 x=0.0 y=0.0 z=18602.6 
(do i=15)
place   pipe    copies=1 x=0.0 y=0.0 z=18897.4 
place   pipe    copies=1 x=0.0 y=0.0 z=19852.6 
(do i=16)
place   pipe    copies=1 x=0.0 y=0.0 z=20147.4 
place   pipe    copies=1 x=0.0 y=0.0 z=21102.6 
(do i=17)
place   pipe    copies=1 x=0.0 y=0.0 z=21397.4 
place   pipe    copies=1 x=0.0 y=0.0 z=22352.6 
(do i=18)
place   pipe    copies=1 x=0.0 y=0.0 z=22647.4 
place   pipe    copies=1 x=0.0 y=0.0 z=23602.6 
(do i=19)
place   pipe    copies=1 x=0.0 y=0.0 z=23897.4 
place   pipe    copies=1 x=0.0 y=0.0 z=24852.6 
(do i=20)
place   pipe    copies=1 x=0.0 y=0.0 z=25147.4 
place   pipe    copies=1 x=0.0 y=0.0 z=26102.6 
(do i=21)
place   pipe    copies=1 x=0.0 y=0.0 z=26397.4 
place   pipe    copies=1 x=0.0 y=0.0 z=27352.6 
(do i=22)
place   pipe    copies=1 x=0.0 y=0.0 z=27647.4 
place   pipe    copies=1 x=0.0 y=0.0 z=28602.6 
(do i=23)
place   pipe    copies=1 x=0.0 y=0.0 z=28897.4 
place   pipe    copies=1 x=0.0 y=0.0 z=29852.6 
(do i=24)
place   pipe    copies=1 x=0.0 y=0.0 z=30147.4 
place   pipe    copies=1 x=0.0 y=0.0 z=31102.6 
(do i=25)
place   pipe    copies=1 x=0.0 y=0.0 z=31397.4 
place   pipe    copies=1 x=0.0 y=0.0 z=32352.6 
(do i=26)
place   pipe    copies=1 x=0.0 y=0.0 z=32647.4 
place   pipe    copies=1 x=0.0 y=0.0 z=33602.6 
(do i=27)
place   pipe    copies=1 x=0.0 y=0.0 z=33897.4 
place   pipe    copies=1 x=0.0 y=0.0 z=34852.6 
(do i=28)
place   pipe    copies=1 x=0.0 y=0.0 z=35147.4 
place   pipe    copies=1 x=0.0 y=0.0 z=36102.6 
(do i=29)
place   pipe    copies=1 x=0.0 y=0.0 z=36397.4 
place   pipe    copies=1 x=0.0 y=0.0 z=37352.6 
(do i=30)
place   pipe    copies=1 x=0.0 y=0.0 z=37647.4 
place   pipe    copies=1 x=0.0 y=0.0 z=38602.6 
(do i=31)
place   pipe    copies=1 x=0.0 y=0.0 z=38897.4 
place   pipe    copies=1 x=0.0 y=0.0 z=39852.6 
(do i=32)
place   pipe    copies=1 x=0.0 y=0.0 z=40147.4 
place   pipe    copies=1 x=0.0 y=0.0 z=41102.6 
(do i=33)
place   pipe    copies=1 x=0.0 y=0.0 z=41397.4 
place   pipe    copies=1 x=0.0 y=0.0 z=42352.6 
(do i=34)
place   pipe    copies=1 x=0.0 y=0.0 z=42647.4 
place   pipe    copies=1 x=0.0 y=0.0 z=43602.6 
(do i=35)
place   pipe    copies=1 x=0.0 y=0.0 z=43897.4 
place   pipe    copies=1 x=0.0 y=0.0 z=44852.6 
(do i=36)
place   pipe    copies=1 x=0.0 y=0.0 z=45147.4 
place   pipe    copies=1 x=0.0 y=0.0 z=46102.6 
(do i=37)
place   pipe    copies=1 x=0.0 y=0.0 z=46397.4 
place   pipe    copies=1 x=0.0 y=0.0 z=47352.6 
(do i=38)
place   pipe    copies=1 x=0.0 y=0.0 z=47647.4 
place   pipe    copies=1 x=0.0 y=0.0 z=48602.6 
(do i=39)
place   pipe    copies=1 x=0.0 y=0.0 z=48897.4 
place   pipe    copies=1 x=0.0 y=0.0 z=49852.6 
(do i=40)
place   pipe    copies=1 x=0.0 y=0.0 z=50147.4 
place   pipe    copies=1 x=0.0 y=0.0 z=51102.6 
(do i=41)
place   pipe    copies=1 x=0.0 y=0.0 z=51397.4 
place   pipe    copies=1 x=0.0 y=0.0 z=52352.6 
(do i=42)
place   pipe    copies=1 x=0.0 y=0.0 z=52647.4 
place   pipe    copies=1 x=0.0 y=0.0 z=53602.6 
(do i=43)
place   pipe    copies=1 x=0.0 y=0.0 z=53897.4 
place   pipe    copies=1 x=0.0 y=0.0 z=54852.6 
(do i=44)
place   pipe    copies=1 x=0.0 y=0.0 z=55147.4 
place   pipe    copies=1 x=0.0 y=0.0 z=56102.6 
(do i=45)
place   pipe    copies=1 x=0.0 y=0.0 z=56397.4 
place   pipe    copies=1 x=0.0 y=0.0 z=57352.6 
(do i=46)
place   pipe    copies=1 x=0.0 y=0.0 z=57647.4 
place   pipe    copies=1 x=0.0 y=0.0 z=58602.6 
(do i=47)
place   pipe    copies=1 x=0.0 y=0.0 z=58897.4 
place   pipe    copies=1 x=0.0 y=0.0 z=59852.6 
(do i=48)
place   pipe    copies=1 x=0.0 y=0.0 z=60147.4 
place   pipe    copies=1 x=0.0 y=0.0 z=61102.6 
(do i=49)
place   pipe    copies=1 x=0.0 y=0.0 z=61397.4 
place   pipe    copies=1 x=0.0 y=0.0 z=62352.6 
(do i=50)
place   pipe    copies=1 x=0.0 y=0.0 z=62647.4 
place   pipe    copies=1 x=0.0 y=0.0 z=63602.6 
(do i=51)
place   pipe    copies=1 x=0.0 y=0.0 z=63897.4 
place   pipe    copies=1 x=0.0 y=0.0 z=64852.6 
(do i=52)
place   pipe    copies=1 x=0.0 y=0.0 z=65147.4 
place   pipe    copies=1 x=0.0 y=0.0 z=66102.6 
(do i=53)
place   pipe    copies=1 x=0.0 y=0.0 z=66397.4 
place   pipe    copies=1 x=0.0 y=0.0 z=67352.6 
(do i=54)
place   pipe    copies=1 x=0.0 y=0.0 z=67647.4 
place   pipe    copies=1 x=0.0 y=0.0 z=68602.6 
(do i=55)
place   pipe    copies=1 x=0.0 y=0.0 z=68897.4 
place   pipe    copies=1 x=0.0 y=0.0 z=69852.6 
(do i=56)
place   pipe    copies=1 x=0.0 y=0.0 z=70147.4 
place   pipe    copies=1 x=0.0 y=0.0 z=71102.6 
(do i=57)
place   pipe    copies=1 x=0.0 y=0.0 z=71397.4 
place   pipe    copies=1 x=0.0 y=0.0 z=72352.6 
(do i=58)
place   pipe    copies=1 x=0.0 y=0.0 z=72647.4 
place   pipe    copies=1 x=0.0 y=0.0 z=73602.6 
(do i=59)
place   pipe    copies=1 x=0.0 y=0.0 z=73897.4 
place   pipe    copies=1 x=0.0 y=0.0 z=74852.6 
(do i=60)
place   pipe    copies=1 x=0.0 y=0.0 z=75147.4 
place   pipe    copies=1 x=0.0 y=0.0 z=76102.6 
enddo
do i=0,60,1
(do i=0)
place   cavity  copies=1 x=0.0 y=0.0 z=404.9 rename='rf_c_0'
place   cavity  copies=1 x=0.0 y=0.0 z=625.0 rename='rf_d_0'
place   cavity  copies=1 x=0.0 y=0.0 z=845.1 rename='rf_e_0'
(do i=1)
place   cavity  copies=1 x=0.0 y=0.0 z=1654.9 rename='rf_c_1'
place   cavity  copies=1 x=0.0 y=0.0 z=1875.0 rename='rf_d_1'
place   cavity  copies=1 x=0.0 y=0.0 z=2095.1 rename='rf_e_1'
(do i=2)
place   cavity  copies=1 x=0.0 y=0.0 z=2904.9 rename='rf_c_2'
place   cavity  copies=1 x=0.0 y=0.0 z=3125.0 rename='rf_d_2'
place   cavity  copies=1 x=0.0 y=0.0 z=3345.1 rename='rf_e_2'
(do i=3)
place   cavity  copies=1 x=0.0 y=0.0 z=4154.9 rename='rf_c_3'
place   cavity  copies=1 x=0.0 y=0.0 z=4375.0 rename='rf_d_3'
place   cavity  copies=1 x=0.0 y=0.0 z=4595.1 rename='rf_e_3'
(do i=4)
place   cavity  copies=1 x=0.0 y=0.0 z=5404.9 rename='rf_c_4'
place   cavity  copies=1 x=0.0 y=0.0 z=5625.0 rename='rf_d_4'
place   cavity  copies=1 x=0.0 y=0.0 z=5845.1 rename='rf_e_4'
(do i=5)
place   cavity  copies=1 x=0.0 y=0.0 z=6654.9 rename='rf_c_5'
place   cavity  copies=1 x=0.0 y=0.0 z=6875.0 rename='rf_d_5'
place   cavity  copies=1 x=0.0 y=0.0 z=7095.1 rename='rf_e_5'
(do i=6)
place   cavity  copies=1 x=0.0 y=0.0 z=7904.9 rename='rf_c_6'
place   cavity  copies=1 x=0.0 y=0.0 z=8125.0 rename='rf_d_6'
place   cavity  copies=1 x=0.0 y=0.0 z=8345.1 rename='rf_e_6'
(do i=7)
place   cavity  copies=1 x=0.0 y=0.0 z=9154.9 rename='rf_c_7'
place   cavity  copies=1 x=0.0 y=0.0 z=9375.0 rename='rf_d_7'
place   cavity  copies=1 x=0.0 y=0.0 z=9595.1 rename='rf_e_7'
(do i=8)
place   cavity  copies=1 x=0.0 y=0.0 z=10404.9 rename='rf_c_8'
place   cavity  copies=1 x=0.0 y=0.0 z=10625.0 rename='rf_d_8'
place   cavity  copies=1 x=0.0 y=0.0 z=10845.1 rename='rf_e_8'
(do i=9)
place   cavity  copies=1 x=0.0 y=0.0 z=11654.9 rename='rf_c_9'
place   cavity  copies=1 x=0.0 y=0.0 z=11875.0 rename='rf_d_9'
place   cavity  copies=1 x=0.0 y=0.0 z=12095.1 rename='rf_e_9'
(do i=10)
place   cavity  copies=1 x=0.0 y=0.0 z=12904.9 rename='rf_c_10'
place   cavity  copies=1 x=0.0 y=0.0 z=13125.0 rename='rf_d_10'
place   cavity  copies=1 x=0.0 y=0.0 z=13345.1 rename='rf_e_10'
(do i=11)
place   cavity  copies=1 x=0.0 y=0.0 z=14154.9 rename='rf_c_11'
place   cavity  copies=1 x=0.0 y=0.0 z=14375.0 rename='rf_d_11'
place   cavity  copies=1 x=0.0 y=0.0 z=14595.1 rename='rf_e_11'
(do i=12)
place   cavity  copies=1 x=0.0 y=0.0 z=15404.9 rename='rf_c_12'
place   cavity  copies=1 x=0.0 y=0.0 z=15625.0 rename='rf_d_12'
place   cavity  copies=1 x=0.0 y=0.0 z=15845.1 rename='rf_e_12'
(do i=13)
place   cavity  copies=1 x=0.0 y=0.0 z=16654.9 rename='rf_c_13'
place   cavity  copies=1 x=0.0 y=0.0 z=16875.0 rename='rf_d_13'
place   cavity  copies=1 x=0.0 y=0.0 z=17095.1 rename='rf_e_13'
(do i=14)
place   cavity  copies=1 x=0.0 y=0.0 z=17904.9 rename='rf_c_14'
place   cavity  copies=1 x=0.0 y=0.0 z=18125.0 rename='rf_d_14'
place   cavity  copies=1 x=0.0 y=0.0 z=18345.1 rename='rf_e_14'
(do i=15)
place   cavity  copies=1 x=0.0 y=0.0 z=19154.9 rename='rf_c_15'
place   cavity  copies=1 x=0.0 y=0.0 z=19375.0 rename='rf_d_15'
place   cavity  copies=1 x=0.0 y=0.0 z=19595.1 rename='rf_e_15'
(do i=16)
place   cavity  copies=1 x=0.0 y=0.0 z=20404.9 rename='rf_c_16'
place   cavity  copies=1 x=0.0 y=0.0 z=20625.0 rename='rf_d_16'
place   cavity  copies=1 x=0.0 y=0.0 z=20845.1 rename='rf_e_16'
(do i=17)
place   cavity  copies=1 x=0.0 y=0.0 z=21654.9 rename='rf_c_17'
place   cavity  copies=1 x=0.0 y=0.0 z=21875.0 rename='rf_d_17'
place   cavity  copies=1 x=0.0 y=0.0 z=22095.1 rename='rf_e_17'
(do i=18)
place   cavity  copies=1 x=0.0 y=0.0 z=22904.9 rename='rf_c_18'
place   cavity  copies=1 x=0.0 y=0.0 z=23125.0 rename='rf_d_18'
place   cavity  copies=1 x=0.0 y=0.0 z=23345.1 rename='rf_e_18'
(do i=19)
place   cavity  copies=1 x=0.0 y=0.0 z=24154.9 rename='rf_c_19'
place   cavity  copies=1 x=0.0 y=0.0 z=24375.0 rename='rf_d_19'
place   cavity  copies=1 x=0.0 y=0.0 z=24595.1 rename='rf_e_19'
(do i=20)
place   cavity  copies=1 x=0.0 y=0.0 z=25404.9 rename='rf_c_20'
place   cavity  copies=1 x=0.0 y=0.0 z=25625.0 rename='rf_d_20'
place   cavity  copies=1 x=0.0 y=0.0 z=25845.1 rename='rf_e_20'
(do i=21)
place   cavity  copies=1 x=0.0 y=0.0 z=26654.9 rename='rf_c_21'
place   cavity  copies=1 x=0.0 y=0.0 z=26875.0 rename='rf_d_21'
place   cavity  copies=1 x=0.0 y=0.0 z=27095.1 rename='rf_e_21'
(do i=22)
place   cavity  copies=1 x=0.0 y=0.0 z=27904.9 rename='rf_c_22'
place   cavity  copies=1 x=0.0 y=0.0 z=28125.0 rename='rf_d_22'
place   cavity  copies=1 x=0.0 y=0.0 z=28345.1 rename='rf_e_22'
(do i=23)
place   cavity  copies=1 x=0.0 y=0.0 z=29154.9 rename='rf_c_23'
place   cavity  copies=1 x=0.0 y=0.0 z=29375.0 rename='rf_d_23'
place   cavity  copies=1 x=0.0 y=0.0 z=29595.1 rename='rf_e_23'
(do i=24)
place   cavity  copies=1 x=0.0 y=0.0 z=30404.9 rename='rf_c_24'
place   cavity  copies=1 x=0.0 y=0.0 z=30625.0 rename='rf_d_24'
place   cavity  copies=1 x=0.0 y=0.0 z=30845.1 rename='rf_e_24'
(do i=25)
place   cavity  copies=1 x=0.0 y=0.0 z=31654.9 rename='rf_c_25'
place   cavity  copies=1 x=0.0 y=0.0 z=31875.0 rename='rf_d_25'
place   cavity  copies=1 x=0.0 y=0.0 z=32095.1 rename='rf_e_25'
(do i=26)
place   cavity  copies=1 x=0.0 y=0.0 z=32904.9 rename='rf_c_26'
place   cavity  copies=1 x=0.0 y=0.0 z=33125.0 rename='rf_d_26'
place   cavity  copies=1 x=0.0 y=0.0 z=33345.1 rename='rf_e_26'
(do i=27)
place   cavity  copies=1 x=0.0 y=0.0 z=34154.9 rename='rf_c_27'
place   cavity  copies=1 x=0.0 y=0.0 z=34375.0 rename='rf_d_27'
place   cavity  copies=1 x=0.0 y=0.0 z=34595.1 rename='rf_e_27'
(do i=28)
place   cavity  copies=1 x=0.0 y=0.0 z=35404.9 rename='rf_c_28'
place   cavity  copies=1 x=0.0 y=0.0 z=35625.0 rename='rf_d_28'
place   cavity  copies=1 x=0.0 y=0.0 z=35845.1 rename='rf_e_28'
(do i=29)
place   cavity  copies=1 x=0.0 y=0.0 z=36654.9 rename='rf_c_29'
place   cavity  copies=1 x=0.0 y=0.0 z=36875.0 rename='rf_d_29'
place   cavity  copies=1 x=0.0 y=0.0 z=37095.1 rename='rf_e_29'
(do i=30)
place   cavity  copies=1 x=0.0 y=0.0 z=37904.9 rename='rf_c_30'
place   cavity  copies=1 x=0.0 y=0.0 z=38125.0 rename='rf_d_30'
place   cavity  copies=1 x=0.0 y=0.0 z=38345.1 rename='rf_e_30'
(do i=31)
place   cavity  copies=1 x=0.0 y=0.0 z=39154.9 rename='rf_c_31'
place   cavity  copies=1 x=0.0 y=0.0 z=39375.0 rename='rf_d_31'
place   cavity  copies=1 x=0.0 y=0.0 z=39595.1 rename='rf_e_31'
(do i=32)
place   cavity  copies=1 x=0.0 y=0.0 z=40404.9 rename='rf_c_32'
place   cavity  copies=1 x=0.0 y=0.0 z=40625.0 rename='rf_d_32'
place   cavity  copies=1 x=0.0 y=0.0 z=40845.1 rename='rf_e_32'
(do i=33)
place   cavity  copies=1 x=0.0 y=0.0 z=41654.9 rename='rf_c_33'
place   cavity  copies=1 x=0.0 y=0.0 z=41875.0 rename='rf_d_33'
place   cavity  copies=1 x=0.0 y=0.0 z=42095.1 rename='rf_e_33'
(do i=34)
place   cavity  copies=1 x=0.0 y=0.0 z=42904.9 rename='rf_c_34'
place   cavity  copies=1 x=0.0 y=0.0 z=43125.0 rename='rf_d_34'
place   cavity  copies=1 x=0.0 y=0.0 z=43345.1 rename='rf_e_34'
(do i=35)
place   cavity  copies=1 x=0.0 y=0.0 z=44154.9 rename='rf_c_35'
place   cavity  copies=1 x=0.0 y=0.0 z=44375.0 rename='rf_d_35'
place   cavity  copies=1 x=0.0 y=0.0 z=44595.1 rename='rf_e_35'
(do i=36)
place   cavity  copies=1 x=0.0 y=0.0 z=45404.9 rename='rf_c_36'
place   cavity  copies=1 x=0.0 y=0.0 z=45625.0 rename='rf_d_36'
place   cavity  copies=1 x=0.0 y=0.0 z=45845.1 rename='rf_e_36'
(do i=37)
place   cavity  copies=1 x=0.0 y=0.0 z=46654.9 rename='rf_c_37'
place   cavity  copies=1 x=0.0 y=0.0 z=46875.0 rename='rf_d_37'
place   cavity  copies=1 x=0.0 y=0.0 z=47095.1 rename='rf_e_37'
(do i=38)
place   cavity  copies=1 x=0.0 y=0.0 z=47904.9 rename='rf_c_38'
place   cavity  copies=1 x=0.0 y=0.0 z=48125.0 rename='rf_d_38'
place   cavity  copies=1 x=0.0 y=0.0 z=48345.1 rename='rf_e_38'
(do i=39)
place   cavity  copies=1 x=0.0 y=0.0 z=49154.9 rename='rf_c_39'
place   cavity  copies=1 x=0.0 y=0.0 z=49375.0 rename='rf_d_39'
place   cavity  copies=1 x=0.0 y=0.0 z=49595.1 rename='rf_e_39'
(do i=40)
place   cavity  copies=1 x=0.0 y=0.0 z=50404.9 rename='rf_c_40'
place   cavity  copies=1 x=0.0 y=0.0 z=50625.0 rename='rf_d_40'
place   cavity  copies=1 x=0.0 y=0.0 z=50845.1 rename='rf_e_40'
(do i=41)
place   cavity  copies=1 x=0.0 y=0.0 z=51654.9 rename='rf_c_41'
place   cavity  copies=1 x=0.0 y=0.0 z=51875.0 rename='rf_d_41'
place   cavity  copies=1 x=0.0 y=0.0 z=52095.1 rename='rf_e_41'
(do i=42)
place   cavity  copies=1 x=0.0 y=0.0 z=52904.9 rename='rf_c_42'
place   cavity  copies=1 x=0.0 y=0.0 z=53125.0 rename='rf_d_42'
place   cavity  copies=1 x=0.0 y=0.0 z=53345.1 rename='rf_e_42'
(do i=43)
place   cavity  copies=1 x=0.0 y=0.0 z=54154.9 rename='rf_c_43'
place   cavity  copies=1 x=0.0 y=0.0 z=54375.0 rename='rf_d_43'
place   cavity  copies=1 x=0.0 y=0.0 z=54595.1 rename='rf_e_43'
(do i=44)
place   cavity  copies=1 x=0.0 y=0.0 z=55404.9 rename='rf_c_44'
place   cavity  copies=1 x=0.0 y=0.0 z=55625.0 rename='rf_d_44'
place   cavity  copies=1 x=0.0 y=0.0 z=55845.1 rename='rf_e_44'
(do i=45)
place   cavity  copies=1 x=0.0 y=0.0 z=56654.9 rename='rf_c_45'
place   cavity  copies=1 x=0.0 y=0.0 z=56875.0 rename='rf_d_45'
place   cavity  copies=1 x=0.0 y=0.0 z=57095.1 rename='rf_e_45'
(do i=46)
place   cavity  copies=1 x=0.0 y=0.0 z=57904.9 rename='rf_c_46'
place   cavity  copies=1 x=0.0 y=0.0 z=58125.0 rename='rf_d_46'
place   cavity  copies=1 x=0.0 y=0.0 z=58345.1 rename='rf_e_46'
(do i=47)
place   cavity  copies=1 x=0.0 y=0.0 z=59154.9 rename='rf_c_47'
place   cavity  copies=1 x=0.0 y=0.0 z=59375.0 rename='rf_d_47'
place   cavity  copies=1 x=0.0 y=0.0 z=59595.1 rename='rf_e_47'
(do i=48)
place   cavity  copies=1 x=0.0 y=0.0 z=60404.9 rename='rf_c_48'
place   cavity  copies=1 x=0.0 y=0.0 z=60625.0 rename='rf_d_48'
place   cavity  copies=1 x=0.0 y=0.0 z=60845.1 rename='rf_e_48'
(do i=49)
place   cavity  copies=1 x=0.0 y=0.0 z=61654.9 rename='rf_c_49'
place   cavity  copies=1 x=0.0 y=0.0 z=61875.0 rename='rf_d_49'
place   cavity  copies=1 x=0.0 y=0.0 z=62095.1 rename='rf_e_49'
(do i=50)
place   cavity  copies=1 x=0.0 y=0.0 z=62904.9 rename='rf_c_50'
place   cavity  copies=1 x=0.0 y=0.0 z=63125.0 rename='rf_d_50'
place   cavity  copies=1 x=0.0 y=0.0 z=63345.1 rename='rf_e_50'
(do i=51)
place   cavity  copies=1 x=0.0 y=0.0 z=64154.9 rename='rf_c_51'
place   cavity  copies=1 x=0.0 y=0.0 z=64375.0 rename='rf_d_51'
place   cavity  copies=1 x=0.0 y=0.0 z=64595.1 rename='rf_e_51'
(do i=52)
place   cavity  copies=1 x=0.0 y=0.0 z=65404.9 rename='rf_c_52'
place   cavity  copies=1 x=0.0 y=0.0 z=65625.0 rename='rf_d_52'
place   cavity  copies=1 x=0.0 y=0.0 z=65845.1 rename='rf_e_52'
(do i=53)
place   cavity  copies=1 x=0.0 y=0.0 z=66654.9 rename='rf_c_53'
place   cavity  copies=1 x=0.0 y=0.0 z=66875.0 rename='rf_d_53'
place   cavity  copies=1 x=0.0 y=0.0 z=67095.1 rename='rf_e_53'
(do i=54)
place   cavity  copies=1 x=0.0 y=0.0 z=67904.9 rename='rf_c_54'
place   cavity  copies=1 x=0.0 y=0.0 z=68125.0 rename='rf_d_54'
place   cavity  copies=1 x=0.0 y=0.0 z=68345.1 rename='rf_e_54'
(do i=55)
place   cavity  copies=1 x=0.0 y=0.0 z=69154.9 rename='rf_c_55'
place   cavity  copies=1 x=0.0 y=0.0 z=69375.0 rename='rf_d_55'
place   cavity  copies=1 x=0.0 y=0.0 z=69595.1 rename='rf_e_55'
(do i=56)
place   cavity  copies=1 x=0.0 y=0.0 z=70404.9 rename='rf_c_56'
place   cavity  copies=1 x=0.0 y=0.0 z=70625.0 rename='rf_d_56'
place   cavity  copies=1 x=0.0 y=0.0 z=70845.1 rename='rf_e_56'
(do i=57)
place   cavity  copies=1 x=0.0 y=0.0 z=71654.9 rename='rf_c_57'
place   cavity  copies=1 x=0.0 y=0.0 z=71875.0 rename='rf_d_57'
place   cavity  copies=1 x=0.0 y=0.0 z=72095.1 rename='rf_e_57'
(do i=58)
place   cavity  copies=1 x=0.0 y=0.0 z=72904.9 rename='rf_c_58'
place   cavity  copies=1 x=0.0 y=0.0 z=73125.0 rename='rf_d_58'
place   cavity  copies=1 x=0.0 y=0.0 z=73345.1 rename='rf_e_58'
(do i=59)
place   cavity  copies=1 x=0.0 y=0.0 z=74154.9 rename='rf_c_59'
place   cavity  copies=1 x=0.0 y=0.0 z=74375.0 rename='rf_d_59'
place   cavity  copies=1 x=0.0 y=0.0 z=74595.1 rename='rf_e_59'
(do i=60)
place   cavity  copies=1 x=0.0 y=0.0 z=75404.9 rename='rf_c_60'
place   cavity  copies=1 x=0.0 y=0.0 z=75625.0 rename='rf_d_60'
place   cavity  copies=1 x=0.0 y=0.0 z=75845.1 rename='rf_e_60'
enddo
do i=0,60,1
(do i=0)
place   all_wedge copies=1 x=-5.5 y=0.0 z=0.0 rename='wedge_0'rotation='X90,Y90'
(do i=1)
place   all_wedge copies=1 x=-5.5 y=0.0 z=1250.0 rename='wedge_1'rotation='X90,Y90'
(do i=2)
place   all_wedge copies=1 x=-5.5 y=0.0 z=2500.0 rename='wedge_2'rotation='X90,Y90'
(do i=3)
place   all_wedge copies=1 x=-5.5 y=0.0 z=3750.0 rename='wedge_3'rotation='X90,Y90'
(do i=4)
place   all_wedge copies=1 x=-5.5 y=0.0 z=5000.0 rename='wedge_4'rotation='X90,Y90'
(do i=5)
place   all_wedge copies=1 x=-5.5 y=0.0 z=6250.0 rename='wedge_5'rotation='X90,Y90'
(do i=6)
place   all_wedge copies=1 x=-5.5 y=0.0 z=7500.0 rename='wedge_6'rotation='X90,Y90'
(do i=7)
place   all_wedge copies=1 x=-5.5 y=0.0 z=8750.0 rename='wedge_7'rotation='X90,Y90'
(do i=8)
place   all_wedge copies=1 x=-5.5 y=0.0 z=10000.0 rename='wedge_8'rotation='X90,Y90'
(do i=9)
place   all_wedge copies=1 x=-5.5 y=0.0 z=11250.0 rename='wedge_9'rotation='X90,Y90'
(do i=10)
place   all_wedge copies=1 x=-5.5 y=0.0 z=12500.0 rename='wedge_10'rotation='X90,Y90'
(do i=11)
place   all_wedge copies=1 x=-5.5 y=0.0 z=13750.0 rename='wedge_11'rotation='X90,Y90'
(do i=12)
place   all_wedge copies=1 x=-5.5 y=0.0 z=15000.0 rename='wedge_12'rotation='X90,Y90'
(do i=13)
place   all_wedge copies=1 x=-5.5 y=0.0 z=16250.0 rename='wedge_13'rotation='X90,Y90'
(do i=14)
place   all_wedge copies=1 x=-5.5 y=0.0 z=17500.0 rename='wedge_14'rotation='X90,Y90'
(do i=15)
place   all_wedge copies=1 x=-5.5 y=0.0 z=18750.0 rename='wedge_15'rotation='X90,Y90'
(do i=16)
place   all_wedge copies=1 x=-5.5 y=0.0 z=20000.0 rename='wedge_16'rotation='X90,Y90'
(do i=17)
place   all_wedge copies=1 x=-5.5 y=0.0 z=21250.0 rename='wedge_17'rotation='X90,Y90'
(do i=18)
place   all_wedge copies=1 x=-5.5 y=0.0 z=22500.0 rename='wedge_18'rotation='X90,Y90'
(do i=19)
place   all_wedge copies=1 x=-5.5 y=0.0 z=23750.0 rename='wedge_19'rotation='X90,Y90'
(do i=20)
place   all_wedge copies=1 x=-5.5 y=0.0 z=25000.0 rename='wedge_20'rotation='X90,Y90'
(do i=21)
place   all_wedge copies=1 x=-5.5 y=0.0 z=26250.0 rename='wedge_21'rotation='X90,Y90'
(do i=22)
place   all_wedge copies=1 x=-5.5 y=0.0 z=27500.0 rename='wedge_22'rotation='X90,Y90'
(do i=23)
place   all_wedge copies=1 x=-5.5 y=0.0 z=28750.0 rename='wedge_23'rotation='X90,Y90'
(do i=24)
place   all_wedge copies=1 x=-5.5 y=0.0 z=30000.0 rename='wedge_24'rotation='X90,Y90'
(do i=25)
place   all_wedge copies=1 x=-5.5 y=0.0 z=31250.0 rename='wedge_25'rotation='X90,Y90'
(do i=26)
place   all_wedge copies=1 x=-5.5 y=0.0 z=32500.0 rename='wedge_26'rotation='X90,Y90'
(do i=27)
place   all_wedge copies=1 x=-5.5 y=0.0 z=33750.0 rename='wedge_27'rotation='X90,Y90'
(do i=28)
place   all_wedge copies=1 x=-5.5 y=0.0 z=35000.0 rename='wedge_28'rotation='X90,Y90'
(do i=29)
place   all_wedge copies=1 x=-5.5 y=0.0 z=36250.0 rename='wedge_29'rotation='X90,Y90'
(do i=30)
place   all_wedge copies=1 x=-5.5 y=0.0 z=37500.0 rename='wedge_30'rotation='X90,Y90'
(do i=31)
place   all_wedge copies=1 x=-5.5 y=0.0 z=38750.0 rename='wedge_31'rotation='X90,Y90'
(do i=32)
place   all_wedge copies=1 x=-5.5 y=0.0 z=40000.0 rename='wedge_32'rotation='X90,Y90'
(do i=33)
place   all_wedge copies=1 x=-5.5 y=0.0 z=41250.0 rename='wedge_33'rotation='X90,Y90'
(do i=34)
place   all_wedge copies=1 x=-5.5 y=0.0 z=42500.0 rename='wedge_34'rotation='X90,Y90'
(do i=35)
place   all_wedge copies=1 x=-5.5 y=0.0 z=43750.0 rename='wedge_35'rotation='X90,Y90'
(do i=36)
place   all_wedge copies=1 x=-5.5 y=0.0 z=45000.0 rename='wedge_36'rotation='X90,Y90'
(do i=37)
place   all_wedge copies=1 x=-5.5 y=0.0 z=46250.0 rename='wedge_37'rotation='X90,Y90'
(do i=38)
place   all_wedge copies=1 x=-5.5 y=0.0 z=47500.0 rename='wedge_38'rotation='X90,Y90'
(do i=39)
place   all_wedge copies=1 x=-5.5 y=0.0 z=48750.0 rename='wedge_39'rotation='X90,Y90'
(do i=40)
place   all_wedge copies=1 x=-5.5 y=0.0 z=50000.0 rename='wedge_40'rotation='X90,Y90'
(do i=41)
place   all_wedge copies=1 x=-5.5 y=0.0 z=51250.0 rename='wedge_41'rotation='X90,Y90'
(do i=42)
place   all_wedge copies=1 x=-5.5 y=0.0 z=52500.0 rename='wedge_42'rotation='X90,Y90'
(do i=43)
place   all_wedge copies=1 x=-5.5 y=0.0 z=53750.0 rename='wedge_43'rotation='X90,Y90'
(do i=44)
place   all_wedge copies=1 x=-5.5 y=0.0 z=55000.0 rename='wedge_44'rotation='X90,Y90'
(do i=45)
place   all_wedge copies=1 x=-5.5 y=0.0 z=56250.0 rename='wedge_45'rotation='X90,Y90'
(do i=46)
place   all_wedge copies=1 x=-5.5 y=0.0 z=57500.0 rename='wedge_46'rotation='X90,Y90'
(do i=47)
place   all_wedge copies=1 x=-5.5 y=0.0 z=58750.0 rename='wedge_47'rotation='X90,Y90'
(do i=48)
place   all_wedge copies=1 x=-5.5 y=0.0 z=60000.0 rename='wedge_48'rotation='X90,Y90'
(do i=49)
place   all_wedge copies=1 x=-5.5 y=0.0 z=61250.0 rename='wedge_49'rotation='X90,Y90'
(do i=50)
place   all_wedge copies=1 x=-5.5 y=0.0 z=62500.0 rename='wedge_50'rotation='X90,Y90'
(do i=51)
place   all_wedge copies=1 x=-5.5 y=0.0 z=63750.0 rename='wedge_51'rotation='X90,Y90'
(do i=52)
place   all_wedge copies=1 x=-5.5 y=0.0 z=65000.0 rename='wedge_52'rotation='X90,Y90'
(do i=53)
place   all_wedge copies=1 x=-5.5 y=0.0 z=66250.0 rename='wedge_53'rotation='X90,Y90'
(do i=54)
place   all_wedge copies=1 x=-5.5 y=0.0 z=67500.0 rename='wedge_54'rotation='X90,Y90'
(do i=55)
place   all_wedge copies=1 x=-5.5 y=0.0 z=68750.0 rename='wedge_55'rotation='X90,Y90'
(do i=56)
place   all_wedge copies=1 x=-5.5 y=0.0 z=70000.0 rename='wedge_56'rotation='X90,Y90'
(do i=57)
place   all_wedge copies=1 x=-5.5 y=0.0 z=71250.0 rename='wedge_57'rotation='X90,Y90'
(do i=58)
place   all_wedge copies=1 x=-5.5 y=0.0 z=72500.0 rename='wedge_58'rotation='X90,Y90'
(do i=59)
place   all_wedge copies=1 x=-5.5 y=0.0 z=73750.0 rename='wedge_59'rotation='X90,Y90'
(do i=60)
place   all_wedge copies=1 x=-5.5 y=0.0 z=75000.0 rename='wedge_60'rotation='X90,Y90'
enddo
do i=0,60,1
(do i=0)
place   wedge_window copies=1 x=-5.5 y=0.0 z=-100.3 rotation='Y-120/2'
                color=1,0,1
place   wedge_window copies=1 x=-5.5 y=0.0 z=100.3 rotation='Y120/2'
                color=1,0,1
(do i=1)
place   wedge_window copies=1 x=-5.5 y=0.0 z=1149.7 rotation='Y-120/2'
                color=1,0,1
place   wedge_window copies=1 x=-5.5 y=0.0 z=1350.3 rotation='Y120/2'
                color=1,0,1
(do i=2)
place   wedge_window copies=1 x=-5.5 y=0.0 z=2399.7 rotation='Y-120/2'
                color=1,0,1
place   wedge_window copies=1 x=-5.5 y=0.0 z=2600.3 rotation='Y120/2'
                color=1,0,1
(do i=3)
place   wedge_window copies=1 x=-5.5 y=0.0 z=3649.7 rotation='Y-120/2'
                color=1,0,1
place   wedge_window copies=1 x=-5.5 y=0.0 z=3850.3 rotation='Y120/2'
                color=1,0,1
(do i=4)
place   wedge_window copies=1 x=-5.5 y=0.0 z=4899.7 rotation='Y-120/2'
                color=1,0,1
place   wedge_window copies=1 x=-5.5 y=0.0 z=5100.3 rotation='Y120/2'
                color=1,0,1
(do i=5)
place   wedge_window copies=1 x=-5.5 y=0.0 z=6149.7 rotation='Y-120/2'
                color=1,0,1
place   wedge_window copies=1 x=-5.5 y=0.0 z=6350.3 rotation='Y120/2'
                color=1,0,1
(do i=6)
place   wedge_window copies=1 x=-5.5 y=0.0 z=7399.7 rotation='Y-120/2'
                color=1,0,1
place   wedge_window copies=1 x=-5.5 y=0.0 z=7600.3 rotation='Y120/2'
                color=1,0,1
(do i=7)
place   wedge_window copies=1 x=-5.5 y=0.0 z=8649.7 rotation='Y-120/2'
                color=1,0,1
place   wedge_window copies=1 x=-5.5 y=0.0 z=8850.3 rotation='Y120/2'
                color=1,0,1
(do i=8)
place   wedge_window copies=1 x=-5.5 y=0.0 z=9899.7 rotation='Y-120/2'
                color=1,0,1
place   wedge_window copies=1 x=-5.5 y=0.0 z=10100.3 rotation='Y120/2'
                color=1,0,1
(do i=9)
place   wedge_window copies=1 x=-5.5 y=0.0 z=11149.7 rotation='Y-120/2'
                color=1,0,1
place   wedge_window copies=1 x=-5.5 y=0.0 z=11350.3 rotation='Y120/2'
                color=1,0,1
(do i=10)
place   wedge_window copies=1 x=-5.5 y=0.0 z=12399.7 rotation='Y-120/2'
                color=1,0,1
place   wedge_window copies=1 x=-5.5 y=0.0 z=12600.3 rotation='Y120/2'
                color=1,0,1
(do i=11)
place   wedge_window copies=1 x=-5.5 y=0.0 z=13649.7 rotation='Y-120/2'
                color=1,0,1
place   wedge_window copies=1 x=-5.5 y=0.0 z=13850.3 rotation='Y120/2'
                color=1,0,1
(do i=12)
place   wedge_window copies=1 x=-5.5 y=0.0 z=14899.7 rotation='Y-120/2'
                color=1,0,1
place   wedge_window copies=1 x=-5.5 y=0.0 z=15100.3 rotation='Y120/2'
                color=1,0,1
(do i=13)
place   wedge_window copies=1 x=-5.5 y=0.0 z=16149.7 rotation='Y-120/2'
                color=1,0,1
place   wedge_window copies=1 x=-5.5 y=0.0 z=16350.3 rotation='Y120/2'
                color=1,0,1
(do i=14)
place   wedge_window copies=1 x=-5.5 y=0.0 z=17399.7 rotation='Y-120/2'
                color=1,0,1
place   wedge_window copies=1 x=-5.5 y=0.0 z=17600.3 rotation='Y120/2'
                color=1,0,1
(do i=15)
place   wedge_window copies=1 x=-5.5 y=0.0 z=18649.7 rotation='Y-120/2'
                color=1,0,1
place   wedge_window copies=1 x=-5.5 y=0.0 z=18850.3 rotation='Y120/2'
                color=1,0,1
(do i=16)
place   wedge_window copies=1 x=-5.5 y=0.0 z=19899.7 rotation='Y-120/2'
                color=1,0,1
place   wedge_window copies=1 x=-5.5 y=0.0 z=20100.3 rotation='Y120/2'
                color=1,0,1
(do i=17)
place   wedge_window copies=1 x=-5.5 y=0.0 z=21149.7 rotation='Y-120/2'
                color=1,0,1
place   wedge_window copies=1 x=-5.5 y=0.0 z=21350.3 rotation='Y120/2'
                color=1,0,1
(do i=18)
place   wedge_window copies=1 x=-5.5 y=0.0 z=22399.7 rotation='Y-120/2'
                color=1,0,1
place   wedge_window copies=1 x=-5.5 y=0.0 z=22600.3 rotation='Y120/2'
                color=1,0,1
(do i=19)
place   wedge_window copies=1 x=-5.5 y=0.0 z=23649.7 rotation='Y-120/2'
                color=1,0,1
place   wedge_window copies=1 x=-5.5 y=0.0 z=23850.3 rotation='Y120/2'
                color=1,0,1
(do i=20)
place   wedge_window copies=1 x=-5.5 y=0.0 z=24899.7 rotation='Y-120/2'
                color=1,0,1
place   wedge_window copies=1 x=-5.5 y=0.0 z=25100.3 rotation='Y120/2'
                color=1,0,1
(do i=21)
place   wedge_window copies=1 x=-5.5 y=0.0 z=26149.7 rotation='Y-120/2'
                color=1,0,1
place   wedge_window copies=1 x=-5.5 y=0.0 z=26350.3 rotation='Y120/2'
                color=1,0,1
(do i=22)
place   wedge_window copies=1 x=-5.5 y=0.0 z=27399.7 rotation='Y-120/2'
                color=1,0,1
place   wedge_window copies=1 x=-5.5 y=0.0 z=27600.3 rotation='Y120/2'
                color=1,0,1
(do i=23)
place   wedge_window copies=1 x=-5.5 y=0.0 z=28649.7 rotation='Y-120/2'
                color=1,0,1
place   wedge_window copies=1 x=-5.5 y=0.0 z=28850.3 rotation='Y120/2'
                color=1,0,1
(do i=24)
place   wedge_window copies=1 x=-5.5 y=0.0 z=29899.7 rotation='Y-120/2'
                color=1,0,1
place   wedge_window copies=1 x=-5.5 y=0.0 z=30100.3 rotation='Y120/2'
                color=1,0,1
(do i=25)
place   wedge_window copies=1 x=-5.5 y=0.0 z=31149.7 rotation='Y-120/2'
                color=1,0,1
place   wedge_window copies=1 x=-5.5 y=0.0 z=31350.3 rotation='Y120/2'
                color=1,0,1
(do i=26)
place   wedge_window copies=1 x=-5.5 y=0.0 z=32399.7 rotation='Y-120/2'
                color=1,0,1
place   wedge_window copies=1 x=-5.5 y=0.0 z=32600.3 rotation='Y120/2'
                color=1,0,1
(do i=27)
place   wedge_window copies=1 x=-5.5 y=0.0 z=33649.7 rotation='Y-120/2'
                color=1,0,1
place   wedge_window copies=1 x=-5.5 y=0.0 z=33850.3 rotation='Y120/2'
                color=1,0,1
(do i=28)
place   wedge_window copies=1 x=-5.5 y=0.0 z=34899.7 rotation='Y-120/2'
                color=1,0,1
place   wedge_window copies=1 x=-5.5 y=0.0 z=35100.3 rotation='Y120/2'
                color=1,0,1
(do i=29)
place   wedge_window copies=1 x=-5.5 y=0.0 z=36149.7 rotation='Y-120/2'
                color=1,0,1
place   wedge_window copies=1 x=-5.5 y=0.0 z=36350.3 rotation='Y120/2'
                color=1,0,1
(do i=30)
place   wedge_window copies=1 x=-5.5 y=0.0 z=37399.7 rotation='Y-120/2'
                color=1,0,1
place   wedge_window copies=1 x=-5.5 y=0.0 z=37600.3 rotation='Y120/2'
                color=1,0,1
(do i=31)
place   wedge_window copies=1 x=-5.5 y=0.0 z=38649.7 rotation='Y-120/2'
                color=1,0,1
place   wedge_window copies=1 x=-5.5 y=0.0 z=38850.3 rotation='Y120/2'
                color=1,0,1
(do i=32)
place   wedge_window copies=1 x=-5.5 y=0.0 z=39899.7 rotation='Y-120/2'
                color=1,0,1
place   wedge_window copies=1 x=-5.5 y=0.0 z=40100.3 rotation='Y120/2'
                color=1,0,1
(do i=33)
place   wedge_window copies=1 x=-5.5 y=0.0 z=41149.7 rotation='Y-120/2'
                color=1,0,1
place   wedge_window copies=1 x=-5.5 y=0.0 z=41350.3 rotation='Y120/2'
                color=1,0,1
(do i=34)
place   wedge_window copies=1 x=-5.5 y=0.0 z=42399.7 rotation='Y-120/2'
                color=1,0,1
place   wedge_window copies=1 x=-5.5 y=0.0 z=42600.3 rotation='Y120/2'
                color=1,0,1
(do i=35)
place   wedge_window copies=1 x=-5.5 y=0.0 z=43649.7 rotation='Y-120/2'
                color=1,0,1
place   wedge_window copies=1 x=-5.5 y=0.0 z=43850.3 rotation='Y120/2'
                color=1,0,1
(do i=36)
place   wedge_window copies=1 x=-5.5 y=0.0 z=44899.7 rotation='Y-120/2'
                color=1,0,1
place   wedge_window copies=1 x=-5.5 y=0.0 z=45100.3 rotation='Y120/2'
                color=1,0,1
(do i=37)
place   wedge_window copies=1 x=-5.5 y=0.0 z=46149.7 rotation='Y-120/2'
                color=1,0,1
place   wedge_window copies=1 x=-5.5 y=0.0 z=46350.3 rotation='Y120/2'
                color=1,0,1
(do i=38)
place   wedge_window copies=1 x=-5.5 y=0.0 z=47399.7 rotation='Y-120/2'
                color=1,0,1
place   wedge_window copies=1 x=-5.5 y=0.0 z=47600.3 rotation='Y120/2'
                color=1,0,1
(do i=39)
place   wedge_window copies=1 x=-5.5 y=0.0 z=48649.7 rotation='Y-120/2'
                color=1,0,1
place   wedge_window copies=1 x=-5.5 y=0.0 z=48850.3 rotation='Y120/2'
                color=1,0,1
(do i=40)
place   wedge_window copies=1 x=-5.5 y=0.0 z=49899.7 rotation='Y-120/2'
                color=1,0,1
place   wedge_window copies=1 x=-5.5 y=0.0 z=50100.3 rotation='Y120/2'
                color=1,0,1
(do i=41)
place   wedge_window copies=1 x=-5.5 y=0.0 z=51149.7 rotation='Y-120/2'
                color=1,0,1
place   wedge_window copies=1 x=-5.5 y=0.0 z=51350.3 rotation='Y120/2'
                color=1,0,1
(do i=42)
place   wedge_window copies=1 x=-5.5 y=0.0 z=52399.7 rotation='Y-120/2'
                color=1,0,1
place   wedge_window copies=1 x=-5.5 y=0.0 z=52600.3 rotation='Y120/2'
                color=1,0,1
(do i=43)
place   wedge_window copies=1 x=-5.5 y=0.0 z=53649.7 rotation='Y-120/2'
                color=1,0,1
place   wedge_window copies=1 x=-5.5 y=0.0 z=53850.3 rotation='Y120/2'
                color=1,0,1
(do i=44)
place   wedge_window copies=1 x=-5.5 y=0.0 z=54899.7 rotation='Y-120/2'
                color=1,0,1
place   wedge_window copies=1 x=-5.5 y=0.0 z=55100.3 rotation='Y120/2'
                color=1,0,1
(do i=45)
place   wedge_window copies=1 x=-5.5 y=0.0 z=56149.7 rotation='Y-120/2'
                color=1,0,1
place   wedge_window copies=1 x=-5.5 y=0.0 z=56350.3 rotation='Y120/2'
                color=1,0,1
(do i=46)
place   wedge_window copies=1 x=-5.5 y=0.0 z=57399.7 rotation='Y-120/2'
                color=1,0,1
place   wedge_window copies=1 x=-5.5 y=0.0 z=57600.3 rotation='Y120/2'
                color=1,0,1
(do i=47)
place   wedge_window copies=1 x=-5.5 y=0.0 z=58649.7 rotation='Y-120/2'
                color=1,0,1
place   wedge_window copies=1 x=-5.5 y=0.0 z=58850.3 rotation='Y120/2'
                color=1,0,1
(do i=48)
place   wedge_window copies=1 x=-5.5 y=0.0 z=59899.7 rotation='Y-120/2'
                color=1,0,1
place   wedge_window copies=1 x=-5.5 y=0.0 z=60100.3 rotation='Y120/2'
                color=1,0,1
(do i=49)
place   wedge_window copies=1 x=-5.5 y=0.0 z=61149.7 rotation='Y-120/2'
                color=1,0,1
place   wedge_window copies=1 x=-5.5 y=0.0 z=61350.3 rotation='Y120/2'
                color=1,0,1
(do i=50)
place   wedge_window copies=1 x=-5.5 y=0.0 z=62399.7 rotation='Y-120/2'
                color=1,0,1
place   wedge_window copies=1 x=-5.5 y=0.0 z=62600.3 rotation='Y120/2'
                color=1,0,1
(do i=51)
place   wedge_window copies=1 x=-5.5 y=0.0 z=63649.7 rotation='Y-120/2'
                color=1,0,1
place   wedge_window copies=1 x=-5.5 y=0.0 z=63850.3 rotation='Y120/2'
                color=1,0,1
(do i=52)
place   wedge_window copies=1 x=-5.5 y=0.0 z=64899.7 rotation='Y-120/2'
                color=1,0,1
place   wedge_window copies=1 x=-5.5 y=0.0 z=65100.3 rotation='Y120/2'
                color=1,0,1
(do i=53)
place   wedge_window copies=1 x=-5.5 y=0.0 z=66149.7 rotation='Y-120/2'
                color=1,0,1
place   wedge_window copies=1 x=-5.5 y=0.0 z=66350.3 rotation='Y120/2'
                color=1,0,1
(do i=54)
place   wedge_window copies=1 x=-5.5 y=0.0 z=67399.7 rotation='Y-120/2'
                color=1,0,1
place   wedge_window copies=1 x=-5.5 y=0.0 z=67600.3 rotation='Y120/2'
                color=1,0,1
(do i=55)
place   wedge_window copies=1 x=-5.5 y=0.0 z=68649.7 rotation='Y-120/2'
                color=1,0,1
place   wedge_window copies=1 x=-5.5 y=0.0 z=68850.3 rotation='Y120/2'
                color=1,0,1
(do i=56)
place   wedge_window copies=1 x=-5.5 y=0.0 z=69899.7 rotation='Y-120/2'
                color=1,0,1
place   wedge_window copies=1 x=-5.5 y=0.0 z=70100.3 rotation='Y120/2'
                color=1,0,1
(do i=57)
place   wedge_window copies=1 x=-5.5 y=0.0 z=71149.7 rotation='Y-120/2'
                color=1,0,1
place   wedge_window copies=1 x=-5.5 y=0.0 z=71350.3 rotation='Y120/2'
                color=1,0,1
(do i=58)
place   wedge_window copies=1 x=-5.5 y=0.0 z=72399.7 rotation='Y-120/2'
                color=1,0,1
place   wedge_window copies=1 x=-5.5 y=0.0 z=72600.3 rotation='Y120/2'
                color=1,0,1
(do i=59)
place   wedge_window copies=1 x=-5.5 y=0.0 z=73649.7 rotation='Y-120/2'
                color=1,0,1
place   wedge_window copies=1 x=-5.5 y=0.0 z=73850.3 rotation='Y120/2'
                color=1,0,1
(do i=60)
place   wedge_window copies=1 x=-5.5 y=0.0 z=74899.7 rotation='Y-120/2'
                color=1,0,1
place   wedge_window copies=1 x=-5.5 y=0.0 z=75100.3 rotation='Y120/2'
                color=1,0,1
enddo
place   beamDet copies=1 x=0.0 y=0.0 z=76260.0 
zntuple                    z= zloop=0:60*1250:1250 noSingles=0 format=for009
                           file=for009 filename=for009 require=PDGid==-13
                           referenceParticle=1 coordinates=Centerline

World size (before incrementing by 201.357 mm): 1600.0 H  1600.0 W  153110.0 L

PARAMETERS:
            Zcl=76260
          angle=1.5
        bendpos=0.1
     cavity_gas=Vacuum
    cell_length=1250
   coil_length1=80.49590188750338
   coil_length2=305.2462411020286
   coil_radius1=175
   coil_radius2=450
    coil_width1=200
    coil_width2=225
      coilname1=coil1
      coilname2=coil2
       current1=115.20255175888389
       current2=110.06448256765512
     deltaChord=3.0
deltaIntersection=0.1
   deltaOneStep=0.01
         dipole=0.155
  dipole_length=100
          end_z=76260
         epsMax=0.05
         epsMin=2.5e-7
 eventTimeLimit=30
    fieldVoxels=200,200,200
       filename=for009
   final_output=beam_stage4_noerrout
          first=1
  fringe_length=380
half_wedge_length=200
      histoFile=g4beamline
    histoUpdate=0
              i=60
           last=200
        maxStep=100.0
        minStep=0.01
         ncells=60
             pi=3.1415926
  pipe_diameter=190
    pipe_length=294.865
    pipe_radius=95
           pres=35
   ref_momentum=203
         rf_fre=0.352
        rf_grad=24.083104149360217
      rf_length=220
          rf_ph=27.906663869941873
rf_window_length=0.045
        solpos1=0.10805325236026425
        solpos2=0.2904738502730546
 steppingFormat=N GLOBAL CL KE STEP VOL PROCESS
steppingVerbose=0
         viewer=none
 wallClockLimit=-1
      wallthick=0.045
     wedge_apex=120
wedge_window_length=0.15
  worldMaterial=Vacuum
         x_last=-6.4
          x_off=-5.4550871
         y_last=-7.97
          y_off=-7.1383074
     zTolerance=2.0
Checking overlaps for volume sol1:0 (G4Tubs) ... OK! 
BLCMDsolenoid::Construct sol1 parent= relZ=-2364.9 globZ=-2364.9
	global pos=0.0,0.0,-2364.9  Checking overlaps for volume sol3:0 (G4Tubs) ... OK! 
BLCMDsolenoid::Construct sol3 parent= relZ=-2136.9 globZ=-2136.9
	global pos=0.0,0.0,-2136.9  Checking overlaps for volume sol4:0 (G4Tubs) ... OK! 
BLCMDsolenoid::Construct sol4 parent= relZ=-1613.1 globZ=-1613.1
	global pos=0.0,0.0,-1613.1  Checking overlaps for volume sol2:0 (G4Tubs) ... OK! 
BLCMDsolenoid::Construct sol2 parent= relZ=-1385.1 globZ=-1385.1
	global pos=0.0,0.0,-1385.1  Checking overlaps for volume sol1:0 (G4Tubs) ... OK! 
BLCMDsolenoid::Construct sol1 parent= relZ=-1114.9 globZ=-1114.9
	global pos=0.0,0.0,-1114.9  Checking overlaps for volume sol3:0 (G4Tubs) ... OK! 
BLCMDsolenoid::Construct sol3 parent= relZ=-886.9 globZ=-886.9
	global pos=0.0,0.0,-886.9  Checking overlaps for volume sol4:0 (G4Tubs) ... OK! 
BLCMDsolenoid::Construct sol4 parent= relZ=-363.1 globZ=-363.1
	global pos=0.0,0.0,-363.1  Checking overlaps for volume sol2:0 (G4Tubs) ... OK! 
BLCMDsolenoid::Construct sol2 parent= relZ=-135.1 globZ=-135.1
	global pos=0.0,0.0,-135.1  Checking overlaps for volume sol1:0 (G4Tubs) ... OK! 
BLCMDsolenoid::Construct sol1 parent= relZ=135.1 globZ=135.1
	global pos=0.0,0.0,135.1  Checking overlaps for volume sol3:0 (G4Tubs) ... OK! 
BLCMDsolenoid::Construct sol3 parent= relZ=363.1 globZ=363.1
	global pos=0.0,0.0,363.1  Checking overlaps for volume sol4:0 (G4Tubs) ... OK! 
BLCMDsolenoid::Construct sol4 parent= relZ=886.9 globZ=886.9
	global pos=0.0,0.0,886.9  Checking overlaps for volume sol2:0 (G4Tubs) ... OK! 
BLCMDsolenoid::Construct sol2 parent= relZ=1114.9 globZ=1114.9
	global pos=0.0,0.0,1114.9  Checking overlaps for volume sol1:0 (G4Tubs) ... OK! 
BLCMDsolenoid::Construct sol1 parent= relZ=1385.1 globZ=1385.1
	global pos=0.0,0.0,1385.1  Checking overlaps for volume sol3:0 (G4Tubs) ... OK! 
BLCMDsolenoid::Construct sol3 parent= relZ=1613.1 globZ=1613.1
	global pos=0.0,0.0,1613.1  Checking overlaps for volume sol4:0 (G4Tubs) ... OK! 
BLCMDsolenoid::Construct sol4 parent= relZ=2136.9 globZ=2136.9
	global pos=0.0,0.0,2136.9  Checking overlaps for volume sol2:0 (G4Tubs) ... OK! 
BLCMDsolenoid::Construct sol2 parent= relZ=2364.9 globZ=2364.9
	global pos=0.0,0.0,2364.9  Checking overlaps for volume sol1:0 (G4Tubs) ... OK! 
BLCMDsolenoid::Construct sol1 parent= relZ=2635.1 globZ=2635.1
	global pos=0.0,0.0,2635.1  Checking overlaps for volume sol3:0 (G4Tubs) ... OK! 
BLCMDsolenoid::Construct sol3 parent= relZ=2863.1 globZ=2863.1
	global pos=0.0,0.0,2863.1  Checking overlaps for volume sol4:0 (G4Tubs) ... OK! 
BLCMDsolenoid::Construct sol4 parent= relZ=3386.9 globZ=3386.9
	global pos=0.0,0.0,3386.9  Checking overlaps for volume sol2:0 (G4Tubs) ... OK! 
BLCMDsolenoid::Construct sol2 parent= relZ=3614.9 globZ=3614.9
	global pos=0.0,0.0,3614.9  Checking overlaps for volume sol1:0 (G4Tubs) ... OK! 
BLCMDsolenoid::Construct sol1 parent= relZ=3885.1 globZ=3885.1
	global pos=0.0,0.0,3885.1  Checking overlaps for volume sol3:0 (G4Tubs) ... OK! 
BLCMDsolenoid::Construct sol3 parent= relZ=4113.1 globZ=4113.1
	global pos=0.0,0.0,4113.1  Checking overlaps for volume sol4:0 (G4Tubs) ... OK! 
BLCMDsolenoid::Construct sol4 parent= relZ=4636.9 globZ=4636.9
	global pos=0.0,0.0,4636.9  Checking overlaps for volume sol2:0 (G4Tubs) ... OK! 
BLCMDsolenoid::Construct sol2 parent= relZ=4864.9 globZ=4864.9
	global pos=0.0,0.0,4864.9  Checking overlaps for volume sol1:0 (G4Tubs) ... OK! 
BLCMDsolenoid::Construct sol1 parent= relZ=5135.1 globZ=5135.1
	global pos=0.0,0.0,5135.1  Checking overlaps for volume sol3:0 (G4Tubs) ... OK! 
BLCMDsolenoid::Construct sol3 parent= relZ=5363.1 globZ=5363.1
	global pos=0.0,0.0,5363.1  Checking overlaps for volume sol4:0 (G4Tubs) ... OK! 
BLCMDsolenoid::Construct sol4 parent= relZ=5886.9 globZ=5886.9
	global pos=0.0,0.0,5886.9  Checking overlaps for volume sol2:0 (G4Tubs) ... OK! 
BLCMDsolenoid::Construct sol2 parent= relZ=6114.9 globZ=6114.9
	global pos=0.0,0.0,6114.9  Checking overlaps for volume sol1:0 (G4Tubs) ... OK! 
BLCMDsolenoid::Construct sol1 parent= relZ=6385.1 globZ=6385.1
	global pos=0.0,0.0,6385.1  Checking overlaps for volume sol3:0 (G4Tubs) ... OK! 
BLCMDsolenoid::Construct sol3 parent= relZ=6613.1 globZ=6613.1
	global pos=0.0,0.0,6613.1  Checking overlaps for volume sol4:0 (G4Tubs) ... OK! 
BLCMDsolenoid::Construct sol4 parent= relZ=7136.9 globZ=7136.9
	global pos=0.0,0.0,7136.9  Checking overlaps for volume sol2:0 (G4Tubs) ... OK! 
BLCMDsolenoid::Construct sol2 parent= relZ=7364.9 globZ=7364.9
	global pos=0.0,0.0,7364.9  Checking overlaps for volume sol1:0 (G4Tubs) ... OK! 
BLCMDsolenoid::Construct sol1 parent= relZ=7635.1 globZ=7635.1
	global pos=0.0,0.0,7635.1  Checking overlaps for volume sol3:0 (G4Tubs) ... OK! 
BLCMDsolenoid::Construct sol3 parent= relZ=7863.1 globZ=7863.1
	global pos=0.0,0.0,7863.1  Checking overlaps for volume sol4:0 (G4Tubs) ... OK! 
BLCMDsolenoid::Construct sol4 parent= relZ=8386.9 globZ=8386.9
	global pos=0.0,0.0,8386.9  Checking overlaps for volume sol2:0 (G4Tubs) ... OK! 
BLCMDsolenoid::Construct sol2 parent= relZ=8614.9 globZ=8614.9
	global pos=0.0,0.0,8614.9  Checking overlaps for volume sol1:0 (G4Tubs) ... OK! 
BLCMDsolenoid::Construct sol1 parent= relZ=8885.1 globZ=8885.1
	global pos=0.0,0.0,8885.1  Checking overlaps for volume sol3:0 (G4Tubs) ... OK! 
BLCMDsolenoid::Construct sol3 parent= relZ=9113.1 globZ=9113.1
	global pos=0.0,0.0,9113.1  Checking overlaps for volume sol4:0 (G4Tubs) ... OK! 
BLCMDsolenoid::Construct sol4 parent= relZ=9636.9 globZ=9636.9
	global pos=0.0,0.0,9636.9  Checking overlaps for volume sol2:0 (G4Tubs) ... OK! 
BLCMDsolenoid::Construct sol2 parent= relZ=9864.9 globZ=9864.9
	global pos=0.0,0.0,9864.9  Checking overlaps for volume sol1:0 (G4Tubs) ... OK! 
BLCMDsolenoid::Construct sol1 parent= relZ=10135.1 globZ=10135.1
	global pos=0.0,0.0,10135.1  Checking overlaps for volume sol3:0 (G4Tubs) ... OK! 
BLCMDsolenoid::Construct sol3 parent= relZ=10363.1 globZ=10363.1
	global pos=0.0,0.0,10363.1  Checking overlaps for volume sol4:0 (G4Tubs) ... OK! 
BLCMDsolenoid::Construct sol4 parent= relZ=10886.9 globZ=10886.9
	global pos=0.0,0.0,10886.9  Checking overlaps for volume sol2:0 (G4Tubs) ... OK! 
BLCMDsolenoid::Construct sol2 parent= relZ=11114.9 globZ=11114.9
	global pos=0.0,0.0,11114.9  Checking overlaps for volume sol1:0 (G4Tubs) ... OK! 
BLCMDsolenoid::Construct sol1 parent= relZ=11385.1 globZ=11385.1
	global pos=0.0,0.0,11385.1  Checking overlaps for volume sol3:0 (G4Tubs) ... OK! 
BLCMDsolenoid::Construct sol3 parent= relZ=11613.1 globZ=11613.1
	global pos=0.0,0.0,11613.1  Checking overlaps for volume sol4:0 (G4Tubs) ... OK! 
BLCMDsolenoid::Construct sol4 parent= relZ=12136.9 globZ=12136.9
	global pos=0.0,0.0,12136.9  Checking overlaps for volume sol2:0 (G4Tubs) ... OK! 
BLCMDsolenoid::Construct sol2 parent= relZ=12364.9 globZ=12364.9
	global pos=0.0,0.0,12364.9  Checking overlaps for volume sol1:0 (G4Tubs) ... OK! 
BLCMDsolenoid::Construct sol1 parent= relZ=12635.1 globZ=12635.1
	global pos=0.0,0.0,12635.1  Checking overlaps for volume sol3:0 (G4Tubs) ... OK! 
BLCMDsolenoid::Construct sol3 parent= relZ=12863.1 globZ=12863.1
	global pos=0.0,0.0,12863.1  Checking overlaps for volume sol4:0 (G4Tubs) ... OK! 
BLCMDsolenoid::Construct sol4 parent= relZ=13386.9 globZ=13386.9
	global pos=0.0,0.0,13386.9  Checking overlaps for volume sol2:0 (G4Tubs) ... OK! 
BLCMDsolenoid::Construct sol2 parent= relZ=13614.9 globZ=13614.9
	global pos=0.0,0.0,13614.9  Checking overlaps for volume sol1:0 (G4Tubs) ... OK! 
BLCMDsolenoid::Construct sol1 parent= relZ=13885.1 globZ=13885.1
	global pos=0.0,0.0,13885.1  Checking overlaps for volume sol3:0 (G4Tubs) ... OK! 
BLCMDsolenoid::Construct sol3 parent= relZ=14113.1 globZ=14113.1
	global pos=0.0,0.0,14113.1  Checking overlaps for volume sol4:0 (G4Tubs) ... OK! 
BLCMDsolenoid::Construct sol4 parent= relZ=14636.9 globZ=14636.9
	global pos=0.0,0.0,14636.9  Checking overlaps for volume sol2:0 (G4Tubs) ... OK! 
BLCMDsolenoid::Construct sol2 parent= relZ=14864.9 globZ=14864.9
	global pos=0.0,0.0,14864.9  Checking overlaps for volume sol1:0 (G4Tubs) ... OK! 
BLCMDsolenoid::Construct sol1 parent= relZ=15135.1 globZ=15135.1
	global pos=0.0,0.0,15135.1  Checking overlaps for volume sol3:0 (G4Tubs) ... OK! 
BLCMDsolenoid::Construct sol3 parent= relZ=15363.1 globZ=15363.1
	global pos=0.0,0.0,15363.1  Checking overlaps for volume sol4:0 (G4Tubs) ... OK! 
BLCMDsolenoid::Construct sol4 parent= relZ=15886.9 globZ=15886.9
	global pos=0.0,0.0,15886.9  Checking overlaps for volume sol2:0 (G4Tubs) ... OK! 
BLCMDsolenoid::Construct sol2 parent= relZ=16114.9 globZ=16114.9
	global pos=0.0,0.0,16114.9  Checking overlaps for volume sol1:0 (G4Tubs) ... OK! 
BLCMDsolenoid::Construct sol1 parent= relZ=16385.1 globZ=16385.1
	global pos=0.0,0.0,16385.1  Checking overlaps for volume sol3:0 (G4Tubs) ... OK! 
BLCMDsolenoid::Construct sol3 parent= relZ=16613.1 globZ=16613.1
	global pos=0.0,0.0,16613.1  Checking overlaps for volume sol4:0 (G4Tubs) ... OK! 
BLCMDsolenoid::Construct sol4 parent= relZ=17136.9 globZ=17136.9
	global pos=0.0,0.0,17136.9  Checking overlaps for volume sol2:0 (G4Tubs) ... OK! 
BLCMDsolenoid::Construct sol2 parent= relZ=17364.9 globZ=17364.9
	global pos=0.0,0.0,17364.9  Checking overlaps for volume sol1:0 (G4Tubs) ... OK! 
BLCMDsolenoid::Construct sol1 parent= relZ=17635.1 globZ=17635.1
	global pos=0.0,0.0,17635.1  Checking overlaps for volume sol3:0 (G4Tubs) ... OK! 
BLCMDsolenoid::Construct sol3 parent= relZ=17863.1 globZ=17863.1
	global pos=0.0,0.0,17863.1  Checking overlaps for volume sol4:0 (G4Tubs) ... OK! 
BLCMDsolenoid::Construct sol4 parent= relZ=18386.9 globZ=18386.9
	global pos=0.0,0.0,18386.9  Checking overlaps for volume sol2:0 (G4Tubs) ... OK! 
BLCMDsolenoid::Construct sol2 parent= relZ=18614.9 globZ=18614.9
	global pos=0.0,0.0,18614.9  Checking overlaps for volume sol1:0 (G4Tubs) ... OK! 
BLCMDsolenoid::Construct sol1 parent= relZ=18885.1 globZ=18885.1
	global pos=0.0,0.0,18885.1  Checking overlaps for volume sol3:0 (G4Tubs) ... OK! 
BLCMDsolenoid::Construct sol3 parent= relZ=19113.1 globZ=19113.1
	global pos=0.0,0.0,19113.1  Checking overlaps for volume sol4:0 (G4Tubs) ... OK! 
BLCMDsolenoid::Construct sol4 parent= relZ=19636.9 globZ=19636.9
	global pos=0.0,0.0,19636.9  Checking overlaps for volume sol2:0 (G4Tubs) ... OK! 
BLCMDsolenoid::Construct sol2 parent= relZ=19864.9 globZ=19864.9
	global pos=0.0,0.0,19864.9  Checking overlaps for volume sol1:0 (G4Tubs) ... OK! 
BLCMDsolenoid::Construct sol1 parent= relZ=20135.1 globZ=20135.1
	global pos=0.0,0.0,20135.1  Checking overlaps for volume sol3:0 (G4Tubs) ... OK! 
BLCMDsolenoid::Construct sol3 parent= relZ=20363.1 globZ=20363.1
	global pos=0.0,0.0,20363.1  Checking overlaps for volume sol4:0 (G4Tubs) ... OK! 
BLCMDsolenoid::Construct sol4 parent= relZ=20886.9 globZ=20886.9
	global pos=0.0,0.0,20886.9  Checking overlaps for volume sol2:0 (G4Tubs) ... OK! 
BLCMDsolenoid::Construct sol2 parent= relZ=21114.9 globZ=21114.9
	global pos=0.0,0.0,21114.9  Checking overlaps for volume sol1:0 (G4Tubs) ... OK! 
BLCMDsolenoid::Construct sol1 parent= relZ=21385.1 globZ=21385.1
	global pos=0.0,0.0,21385.1  Checking overlaps for volume sol3:0 (G4Tubs) ... OK! 
BLCMDsolenoid::Construct sol3 parent= relZ=21613.1 globZ=21613.1
	global pos=0.0,0.0,21613.1  Checking overlaps for volume sol4:0 (G4Tubs) ... OK! 
BLCMDsolenoid::Construct sol4 parent= relZ=22136.9 globZ=22136.9
	global pos=0.0,0.0,22136.9  Checking overlaps for volume sol2:0 (G4Tubs) ... OK! 
BLCMDsolenoid::Construct sol2 parent= relZ=22364.9 globZ=22364.9
	global pos=0.0,0.0,22364.9  Checking overlaps for volume sol1:0 (G4Tubs) ... OK! 
BLCMDsolenoid::Construct sol1 parent= relZ=22635.1 globZ=22635.1
	global pos=0.0,0.0,22635.1  Checking overlaps for volume sol3:0 (G4Tubs) ... OK! 
BLCMDsolenoid::Construct sol3 parent= relZ=22863.1 globZ=22863.1
	global pos=0.0,0.0,22863.1  Checking overlaps for volume sol4:0 (G4Tubs) ... OK! 
BLCMDsolenoid::Construct sol4 parent= relZ=23386.9 globZ=23386.9
	global pos=0.0,0.0,23386.9  Checking overlaps for volume sol2:0 (G4Tubs) ... OK! 
BLCMDsolenoid::Construct sol2 parent= relZ=23614.9 globZ=23614.9
	global pos=0.0,0.0,23614.9  Checking overlaps for volume sol1:0 (G4Tubs) ... OK! 
BLCMDsolenoid::Construct sol1 parent= relZ=23885.1 globZ=23885.1
	global pos=0.0,0.0,23885.1  Checking overlaps for volume sol3:0 (G4Tubs) ... OK! 
BLCMDsolenoid::Construct sol3 parent= relZ=24113.1 globZ=24113.1
	global pos=0.0,0.0,24113.1  Checking overlaps for volume sol4:0 (G4Tubs) ... OK! 
BLCMDsolenoid::Construct sol4 parent= relZ=24636.9 globZ=24636.9
	global pos=0.0,0.0,24636.9  Checking overlaps for volume sol2:0 (G4Tubs) ... OK! 
BLCMDsolenoid::Construct sol2 parent= relZ=24864.9 globZ=24864.9
	global pos=0.0,0.0,24864.9  Checking overlaps for volume sol1:0 (G4Tubs) ... OK! 
BLCMDsolenoid::Construct sol1 parent= relZ=25135.1 globZ=25135.1
	global pos=0.0,0.0,25135.1  Checking overlaps for volume sol3:0 (G4Tubs) ... OK! 
BLCMDsolenoid::Construct sol3 parent= relZ=25363.1 globZ=25363.1
	global pos=0.0,0.0,25363.1  Checking overlaps for volume sol4:0 (G4Tubs) ... OK! 
BLCMDsolenoid::Construct sol4 parent= relZ=25886.9 globZ=25886.9
	global pos=0.0,0.0,25886.9  Checking overlaps for volume sol2:0 (G4Tubs) ... OK! 
BLCMDsolenoid::Construct sol2 parent= relZ=26114.9 globZ=26114.9
	global pos=0.0,0.0,26114.9  Checking overlaps for volume sol1:0 (G4Tubs) ... OK! 
BLCMDsolenoid::Construct sol1 parent= relZ=26385.1 globZ=26385.1
	global pos=0.0,0.0,26385.1  Checking overlaps for volume sol3:0 (G4Tubs) ... OK! 
BLCMDsolenoid::Construct sol3 parent= relZ=26613.1 globZ=26613.1
	global pos=0.0,0.0,26613.1  Checking overlaps for volume sol4:0 (G4Tubs) ... OK! 
BLCMDsolenoid::Construct sol4 parent= relZ=27136.9 globZ=27136.9
	global pos=0.0,0.0,27136.9  Checking overlaps for volume sol2:0 (G4Tubs) ... OK! 
BLCMDsolenoid::Construct sol2 parent= relZ=27364.9 globZ=27364.9
	global pos=0.0,0.0,27364.9  Checking overlaps for volume sol1:0 (G4Tubs) ... OK! 
BLCMDsolenoid::Construct sol1 parent= relZ=27635.1 globZ=27635.1
	global pos=0.0,0.0,27635.1  Checking overlaps for volume sol3:0 (G4Tubs) ... OK! 
BLCMDsolenoid::Construct sol3 parent= relZ=27863.1 globZ=27863.1
	global pos=0.0,0.0,27863.1  Checking overlaps for volume sol4:0 (G4Tubs) ... OK! 
BLCMDsolenoid::Construct sol4 parent= relZ=28386.9 globZ=28386.9
	global pos=0.0,0.0,28386.9  Checking overlaps for volume sol2:0 (G4Tubs) ... OK! 
BLCMDsolenoid::Construct sol2 parent= relZ=28614.9 globZ=28614.9
	global pos=0.0,0.0,28614.9  Checking overlaps for volume sol1:0 (G4Tubs) ... OK! 
BLCMDsolenoid::Construct sol1 parent= relZ=28885.1 globZ=28885.1
	global pos=0.0,0.0,28885.1  Checking overlaps for volume sol3:0 (G4Tubs) ... OK! 
BLCMDsolenoid::Construct sol3 parent= relZ=29113.1 globZ=29113.1
	global pos=0.0,0.0,29113.1  Checking overlaps for volume sol4:0 (G4Tubs) ... OK! 
BLCMDsolenoid::Construct sol4 parent= relZ=29636.9 globZ=29636.9
	global pos=0.0,0.0,29636.9  Checking overlaps for volume sol2:0 (G4Tubs) ... OK! 
BLCMDsolenoid::Construct sol2 parent= relZ=29864.9 globZ=29864.9
	global pos=0.0,0.0,29864.9  Checking overlaps for volume sol1:0 (G4Tubs) ... OK! 
BLCMDsolenoid::Construct sol1 parent= relZ=30135.1 globZ=30135.1
	global pos=0.0,0.0,30135.1  Checking overlaps for volume sol3:0 (G4Tubs) ... OK! 
BLCMDsolenoid::Construct sol3 parent= relZ=30363.1 globZ=30363.1
	global pos=0.0,0.0,30363.1  Checking overlaps for volume sol4:0 (G4Tubs) ... OK! 
BLCMDsolenoid::Construct sol4 parent= relZ=30886.9 globZ=30886.9
	global pos=0.0,0.0,30886.9  Checking overlaps for volume sol2:0 (G4Tubs) ... OK! 
BLCMDsolenoid::Construct sol2 parent= relZ=31114.9 globZ=31114.9
	global pos=0.0,0.0,31114.9  Checking overlaps for volume sol1:0 (G4Tubs) ... OK! 
BLCMDsolenoid::Construct sol1 parent= relZ=31385.1 globZ=31385.1
	global pos=0.0,0.0,31385.1  Checking overlaps for volume sol3:0 (G4Tubs) ... OK! 
BLCMDsolenoid::Construct sol3 parent= relZ=31613.1 globZ=31613.1
	global pos=0.0,0.0,31613.1  Checking overlaps for volume sol4:0 (G4Tubs) ... OK! 
BLCMDsolenoid::Construct sol4 parent= relZ=32136.9 globZ=32136.9
	global pos=0.0,0.0,32136.9  Checking overlaps for volume sol2:0 (G4Tubs) ... OK! 
BLCMDsolenoid::Construct sol2 parent= relZ=32364.9 globZ=32364.9
	global pos=0.0,0.0,32364.9  Checking overlaps for volume sol1:0 (G4Tubs) ... OK! 
BLCMDsolenoid::Construct sol1 parent= relZ=32635.1 globZ=32635.1
	global pos=0.0,0.0,32635.1  Checking overlaps for volume sol3:0 (G4Tubs) ... OK! 
BLCMDsolenoid::Construct sol3 parent= relZ=32863.1 globZ=32863.1
	global pos=0.0,0.0,32863.1  Checking overlaps for volume sol4:0 (G4Tubs) ... OK! 
BLCMDsolenoid::Construct sol4 parent= relZ=33386.9 globZ=33386.9
	global pos=0.0,0.0,33386.9  Checking overlaps for volume sol2:0 (G4Tubs) ... OK! 
BLCMDsolenoid::Construct sol2 parent= relZ=33614.9 globZ=33614.9
	global pos=0.0,0.0,33614.9  Checking overlaps for volume sol1:0 (G4Tubs) ... OK! 
BLCMDsolenoid::Construct sol1 parent= relZ=33885.1 globZ=33885.1
	global pos=0.0,0.0,33885.1  Checking overlaps for volume sol3:0 (G4Tubs) ... OK! 
BLCMDsolenoid::Construct sol3 parent= relZ=34113.1 globZ=34113.1
	global pos=0.0,0.0,34113.1  Checking overlaps for volume sol4:0 (G4Tubs) ... OK! 
BLCMDsolenoid::Construct sol4 parent= relZ=34636.9 globZ=34636.9
	global pos=0.0,0.0,34636.9  Checking overlaps for volume sol2:0 (G4Tubs) ... OK! 
BLCMDsolenoid::Construct sol2 parent= relZ=34864.9 globZ=34864.9
	global pos=0.0,0.0,34864.9  Checking overlaps for volume sol1:0 (G4Tubs) ... OK! 
BLCMDsolenoid::Construct sol1 parent= relZ=35135.1 globZ=35135.1
	global pos=0.0,0.0,35135.1  Checking overlaps for volume sol3:0 (G4Tubs) ... OK! 
BLCMDsolenoid::Construct sol3 parent= relZ=35363.1 globZ=35363.1
	global pos=0.0,0.0,35363.1  Checking overlaps for volume sol4:0 (G4Tubs) ... OK! 
BLCMDsolenoid::Construct sol4 parent= relZ=35886.9 globZ=35886.9
	global pos=0.0,0.0,35886.9  Checking overlaps for volume sol2:0 (G4Tubs) ... OK! 
BLCMDsolenoid::Construct sol2 parent= relZ=36114.9 globZ=36114.9
	global pos=0.0,0.0,36114.9  Checking overlaps for volume sol1:0 (G4Tubs) ... OK! 
BLCMDsolenoid::Construct sol1 parent= relZ=36385.1 globZ=36385.1
	global pos=0.0,0.0,36385.1  Checking overlaps for volume sol3:0 (G4Tubs) ... OK! 
BLCMDsolenoid::Construct sol3 parent= relZ=36613.1 globZ=36613.1
	global pos=0.0,0.0,36613.1  Checking overlaps for volume sol4:0 (G4Tubs) ... OK! 
BLCMDsolenoid::Construct sol4 parent= relZ=37136.9 globZ=37136.9
	global pos=0.0,0.0,37136.9  Checking overlaps for volume sol2:0 (G4Tubs) ... OK! 
BLCMDsolenoid::Construct sol2 parent= relZ=37364.9 globZ=37364.9
	global pos=0.0,0.0,37364.9  Checking overlaps for volume sol1:0 (G4Tubs) ... OK! 
BLCMDsolenoid::Construct sol1 parent= relZ=37635.1 globZ=37635.1
	global pos=0.0,0.0,37635.1  Checking overlaps for volume sol3:0 (G4Tubs) ... OK! 
BLCMDsolenoid::Construct sol3 parent= relZ=37863.1 globZ=37863.1
	global pos=0.0,0.0,37863.1  Checking overlaps for volume sol4:0 (G4Tubs) ... OK! 
BLCMDsolenoid::Construct sol4 parent= relZ=38386.9 globZ=38386.9
	global pos=0.0,0.0,38386.9  Checking overlaps for volume sol2:0 (G4Tubs) ... OK! 
BLCMDsolenoid::Construct sol2 parent= relZ=38614.9 globZ=38614.9
	global pos=0.0,0.0,38614.9  Checking overlaps for volume sol1:0 (G4Tubs) ... OK! 
BLCMDsolenoid::Construct sol1 parent= relZ=38885.1 globZ=38885.1
	global pos=0.0,0.0,38885.1  Checking overlaps for volume sol3:0 (G4Tubs) ... OK! 
BLCMDsolenoid::Construct sol3 parent= relZ=39113.1 globZ=39113.1
	global pos=0.0,0.0,39113.1  Checking overlaps for volume sol4:0 (G4Tubs) ... OK! 
BLCMDsolenoid::Construct sol4 parent= relZ=39636.9 globZ=39636.9
	global pos=0.0,0.0,39636.9  Checking overlaps for volume sol2:0 (G4Tubs) ... OK! 
BLCMDsolenoid::Construct sol2 parent= relZ=39864.9 globZ=39864.9
	global pos=0.0,0.0,39864.9  Checking overlaps for volume sol1:0 (G4Tubs) ... OK! 
BLCMDsolenoid::Construct sol1 parent= relZ=40135.1 globZ=40135.1
	global pos=0.0,0.0,40135.1  Checking overlaps for volume sol3:0 (G4Tubs) ... OK! 
BLCMDsolenoid::Construct sol3 parent= relZ=40363.1 globZ=40363.1
	global pos=0.0,0.0,40363.1  Checking overlaps for volume sol4:0 (G4Tubs) ... OK! 
BLCMDsolenoid::Construct sol4 parent= relZ=40886.9 globZ=40886.9
	global pos=0.0,0.0,40886.9  Checking overlaps for volume sol2:0 (G4Tubs) ... OK! 
BLCMDsolenoid::Construct sol2 parent= relZ=41114.9 globZ=41114.9
	global pos=0.0,0.0,41114.9  Checking overlaps for volume sol1:0 (G4Tubs) ... OK! 
BLCMDsolenoid::Construct sol1 parent= relZ=41385.1 globZ=41385.1
	global pos=0.0,0.0,41385.1  Checking overlaps for volume sol3:0 (G4Tubs) ... OK! 
BLCMDsolenoid::Construct sol3 parent= relZ=41613.1 globZ=41613.1
	global pos=0.0,0.0,41613.1  Checking overlaps for volume sol4:0 (G4Tubs) ... OK! 
BLCMDsolenoid::Construct sol4 parent= relZ=42136.9 globZ=42136.9
	global pos=0.0,0.0,42136.9  Checking overlaps for volume sol2:0 (G4Tubs) ... OK! 
BLCMDsolenoid::Construct sol2 parent= relZ=42364.9 globZ=42364.9
	global pos=0.0,0.0,42364.9  Checking overlaps for volume sol1:0 (G4Tubs) ... OK! 
BLCMDsolenoid::Construct sol1 parent= relZ=42635.1 globZ=42635.1
	global pos=0.0,0.0,42635.1  Checking overlaps for volume sol3:0 (G4Tubs) ... OK! 
BLCMDsolenoid::Construct sol3 parent= relZ=42863.1 globZ=42863.1
	global pos=0.0,0.0,42863.1  Checking overlaps for volume sol4:0 (G4Tubs) ... OK! 
BLCMDsolenoid::Construct sol4 parent= relZ=43386.9 globZ=43386.9
	global pos=0.0,0.0,43386.9  Checking overlaps for volume sol2:0 (G4Tubs) ... OK! 
BLCMDsolenoid::Construct sol2 parent= relZ=43614.9 globZ=43614.9
	global pos=0.0,0.0,43614.9  Checking overlaps for volume sol1:0 (G4Tubs) ... OK! 
BLCMDsolenoid::Construct sol1 parent= relZ=43885.1 globZ=43885.1
	global pos=0.0,0.0,43885.1  Checking overlaps for volume sol3:0 (G4Tubs) ... OK! 
BLCMDsolenoid::Construct sol3 parent= relZ=44113.1 globZ=44113.1
	global pos=0.0,0.0,44113.1  Checking overlaps for volume sol4:0 (G4Tubs) ... OK! 
BLCMDsolenoid::Construct sol4 parent= relZ=44636.9 globZ=44636.9
	global pos=0.0,0.0,44636.9  Checking overlaps for volume sol2:0 (G4Tubs) ... OK! 
BLCMDsolenoid::Construct sol2 parent= relZ=44864.9 globZ=44864.9
	global pos=0.0,0.0,44864.9  Checking overlaps for volume sol1:0 (G4Tubs) ... OK! 
BLCMDsolenoid::Construct sol1 parent= relZ=45135.1 globZ=45135.1
	global pos=0.0,0.0,45135.1  Checking overlaps for volume sol3:0 (G4Tubs) ... OK! 
BLCMDsolenoid::Construct sol3 parent= relZ=45363.1 globZ=45363.1
	global pos=0.0,0.0,45363.1  Checking overlaps for volume sol4:0 (G4Tubs) ... OK! 
BLCMDsolenoid::Construct sol4 parent= relZ=45886.9 globZ=45886.9
	global pos=0.0,0.0,45886.9  Checking overlaps for volume sol2:0 (G4Tubs) ... OK! 
BLCMDsolenoid::Construct sol2 parent= relZ=46114.9 globZ=46114.9
	global pos=0.0,0.0,46114.9  Checking overlaps for volume sol1:0 (G4Tubs) ... OK! 
BLCMDsolenoid::Construct sol1 parent= relZ=46385.1 globZ=46385.1
	global pos=0.0,0.0,46385.1  Checking overlaps for volume sol3:0 (G4Tubs) ... OK! 
BLCMDsolenoid::Construct sol3 parent= relZ=46613.1 globZ=46613.1
	global pos=0.0,0.0,46613.1  Checking overlaps for volume sol4:0 (G4Tubs) ... OK! 
BLCMDsolenoid::Construct sol4 parent= relZ=47136.9 globZ=47136.9
	global pos=0.0,0.0,47136.9  Checking overlaps for volume sol2:0 (G4Tubs) ... OK! 
BLCMDsolenoid::Construct sol2 parent= relZ=47364.9 globZ=47364.9
	global pos=0.0,0.0,47364.9  Checking overlaps for volume sol1:0 (G4Tubs) ... OK! 
BLCMDsolenoid::Construct sol1 parent= relZ=47635.1 globZ=47635.1
	global pos=0.0,0.0,47635.1  Checking overlaps for volume sol3:0 (G4Tubs) ... OK! 
BLCMDsolenoid::Construct sol3 parent= relZ=47863.1 globZ=47863.1
	global pos=0.0,0.0,47863.1  Checking overlaps for volume sol4:0 (G4Tubs) ... OK! 
BLCMDsolenoid::Construct sol4 parent= relZ=48386.9 globZ=48386.9
	global pos=0.0,0.0,48386.9  Checking overlaps for volume sol2:0 (G4Tubs) ... OK! 
BLCMDsolenoid::Construct sol2 parent= relZ=48614.9 globZ=48614.9
	global pos=0.0,0.0,48614.9  Checking overlaps for volume sol1:0 (G4Tubs) ... OK! 
BLCMDsolenoid::Construct sol1 parent= relZ=48885.1 globZ=48885.1
	global pos=0.0,0.0,48885.1  Checking overlaps for volume sol3:0 (G4Tubs) ... OK! 
BLCMDsolenoid::Construct sol3 parent= relZ=49113.1 globZ=49113.1
	global pos=0.0,0.0,49113.1  Checking overlaps for volume sol4:0 (G4Tubs) ... OK! 
BLCMDsolenoid::Construct sol4 parent= relZ=49636.9 globZ=49636.9
	global pos=0.0,0.0,49636.9  Checking overlaps for volume sol2:0 (G4Tubs) ... OK! 
BLCMDsolenoid::Construct sol2 parent= relZ=49864.9 globZ=49864.9
	global pos=0.0,0.0,49864.9  Checking overlaps for volume sol1:0 (G4Tubs) ... OK! 
BLCMDsolenoid::Construct sol1 parent= relZ=50135.1 globZ=50135.1
	global pos=0.0,0.0,50135.1  Checking overlaps for volume sol3:0 (G4Tubs) ... OK! 
BLCMDsolenoid::Construct sol3 parent= relZ=50363.1 globZ=50363.1
	global pos=0.0,0.0,50363.1  Checking overlaps for volume sol4:0 (G4Tubs) ... OK! 
BLCMDsolenoid::Construct sol4 parent= relZ=50886.9 globZ=50886.9
	global pos=0.0,0.0,50886.9  Checking overlaps for volume sol2:0 (G4Tubs) ... OK! 
BLCMDsolenoid::Construct sol2 parent= relZ=51114.9 globZ=51114.9
	global pos=0.0,0.0,51114.9  Checking overlaps for volume sol1:0 (G4Tubs) ... OK! 
BLCMDsolenoid::Construct sol1 parent= relZ=51385.1 globZ=51385.1
	global pos=0.0,0.0,51385.1  Checking overlaps for volume sol3:0 (G4Tubs) ... OK! 
BLCMDsolenoid::Construct sol3 parent= relZ=51613.1 globZ=51613.1
	global pos=0.0,0.0,51613.1  Checking overlaps for volume sol4:0 (G4Tubs) ... OK! 
BLCMDsolenoid::Construct sol4 parent= relZ=52136.9 globZ=52136.9
	global pos=0.0,0.0,52136.9  Checking overlaps for volume sol2:0 (G4Tubs) ... OK! 
BLCMDsolenoid::Construct sol2 parent= relZ=52364.9 globZ=52364.9
	global pos=0.0,0.0,52364.9  Checking overlaps for volume sol1:0 (G4Tubs) ... OK! 
BLCMDsolenoid::Construct sol1 parent= relZ=52635.1 globZ=52635.1
	global pos=0.0,0.0,52635.1  Checking overlaps for volume sol3:0 (G4Tubs) ... OK! 
BLCMDsolenoid::Construct sol3 parent= relZ=52863.1 globZ=52863.1
	global pos=0.0,0.0,52863.1  Checking overlaps for volume sol4:0 (G4Tubs) ... OK! 
BLCMDsolenoid::Construct sol4 parent= relZ=53386.9 globZ=53386.9
	global pos=0.0,0.0,53386.9  Checking overlaps for volume sol2:0 (G4Tubs) ... OK! 
BLCMDsolenoid::Construct sol2 parent= relZ=53614.9 globZ=53614.9
	global pos=0.0,0.0,53614.9  Checking overlaps for volume sol1:0 (G4Tubs) ... OK! 
BLCMDsolenoid::Construct sol1 parent= relZ=53885.1 globZ=53885.1
	global pos=0.0,0.0,53885.1  Checking overlaps for volume sol3:0 (G4Tubs) ... OK! 
BLCMDsolenoid::Construct sol3 parent= relZ=54113.1 globZ=54113.1
	global pos=0.0,0.0,54113.1  Checking overlaps for volume sol4:0 (G4Tubs) ... OK! 
BLCMDsolenoid::Construct sol4 parent= relZ=54636.9 globZ=54636.9
	global pos=0.0,0.0,54636.9  Checking overlaps for volume sol2:0 (G4Tubs) ... OK! 
BLCMDsolenoid::Construct sol2 parent= relZ=54864.9 globZ=54864.9
	global pos=0.0,0.0,54864.9  Checking overlaps for volume sol1:0 (G4Tubs) ... OK! 
BLCMDsolenoid::Construct sol1 parent= relZ=55135.1 globZ=55135.1
	global pos=0.0,0.0,55135.1  Checking overlaps for volume sol3:0 (G4Tubs) ... OK! 
BLCMDsolenoid::Construct sol3 parent= relZ=55363.1 globZ=55363.1
	global pos=0.0,0.0,55363.1  Checking overlaps for volume sol4:0 (G4Tubs) ... OK! 
BLCMDsolenoid::Construct sol4 parent= relZ=55886.9 globZ=55886.9
	global pos=0.0,0.0,55886.9  Checking overlaps for volume sol2:0 (G4Tubs) ... OK! 
BLCMDsolenoid::Construct sol2 parent= relZ=56114.9 globZ=56114.9
	global pos=0.0,0.0,56114.9  Checking overlaps for volume sol1:0 (G4Tubs) ... OK! 
BLCMDsolenoid::Construct sol1 parent= relZ=56385.1 globZ=56385.1
	global pos=0.0,0.0,56385.1  Checking overlaps for volume sol3:0 (G4Tubs) ... OK! 
BLCMDsolenoid::Construct sol3 parent= relZ=56613.1 globZ=56613.1
	global pos=0.0,0.0,56613.1  Checking overlaps for volume sol4:0 (G4Tubs) ... OK! 
BLCMDsolenoid::Construct sol4 parent= relZ=57136.9 globZ=57136.9
	global pos=0.0,0.0,57136.9  Checking overlaps for volume sol2:0 (G4Tubs) ... OK! 
BLCMDsolenoid::Construct sol2 parent= relZ=57364.9 globZ=57364.9
	global pos=0.0,0.0,57364.9  Checking overlaps for volume sol1:0 (G4Tubs) ... OK! 
BLCMDsolenoid::Construct sol1 parent= relZ=57635.1 globZ=57635.1
	global pos=0.0,0.0,57635.1  Checking overlaps for volume sol3:0 (G4Tubs) ... OK! 
BLCMDsolenoid::Construct sol3 parent= relZ=57863.1 globZ=57863.1
	global pos=0.0,0.0,57863.1  Checking overlaps for volume sol4:0 (G4Tubs) ... OK! 
BLCMDsolenoid::Construct sol4 parent= relZ=58386.9 globZ=58386.9
	global pos=0.0,0.0,58386.9  Checking overlaps for volume sol2:0 (G4Tubs) ... OK! 
BLCMDsolenoid::Construct sol2 parent= relZ=58614.9 globZ=58614.9
	global pos=0.0,0.0,58614.9  Checking overlaps for volume sol1:0 (G4Tubs) ... OK! 
BLCMDsolenoid::Construct sol1 parent= relZ=58885.1 globZ=58885.1
	global pos=0.0,0.0,58885.1  Checking overlaps for volume sol3:0 (G4Tubs) ... OK! 
BLCMDsolenoid::Construct sol3 parent= relZ=59113.1 globZ=59113.1
	global pos=0.0,0.0,59113.1  Checking overlaps for volume sol4:0 (G4Tubs) ... OK! 
BLCMDsolenoid::Construct sol4 parent= relZ=59636.9 globZ=59636.9
	global pos=0.0,0.0,59636.9  Checking overlaps for volume sol2:0 (G4Tubs) ... OK! 
BLCMDsolenoid::Construct sol2 parent= relZ=59864.9 globZ=59864.9
	global pos=0.0,0.0,59864.9  Checking overlaps for volume sol1:0 (G4Tubs) ... OK! 
BLCMDsolenoid::Construct sol1 parent= relZ=60135.1 globZ=60135.1
	global pos=0.0,0.0,60135.1  Checking overlaps for volume sol3:0 (G4Tubs) ... OK! 
BLCMDsolenoid::Construct sol3 parent= relZ=60363.1 globZ=60363.1
	global pos=0.0,0.0,60363.1  Checking overlaps for volume sol4:0 (G4Tubs) ... OK! 
BLCMDsolenoid::Construct sol4 parent= relZ=60886.9 globZ=60886.9
	global pos=0.0,0.0,60886.9  Checking overlaps for volume sol2:0 (G4Tubs) ... OK! 
BLCMDsolenoid::Construct sol2 parent= relZ=61114.9 globZ=61114.9
	global pos=0.0,0.0,61114.9  Checking overlaps for volume sol1:0 (G4Tubs) ... OK! 
BLCMDsolenoid::Construct sol1 parent= relZ=61385.1 globZ=61385.1
	global pos=0.0,0.0,61385.1  Checking overlaps for volume sol3:0 (G4Tubs) ... OK! 
BLCMDsolenoid::Construct sol3 parent= relZ=61613.1 globZ=61613.1
	global pos=0.0,0.0,61613.1  Checking overlaps for volume sol4:0 (G4Tubs) ... OK! 
BLCMDsolenoid::Construct sol4 parent= relZ=62136.9 globZ=62136.9
	global pos=0.0,0.0,62136.9  Checking overlaps for volume sol2:0 (G4Tubs) ... OK! 
BLCMDsolenoid::Construct sol2 parent= relZ=62364.9 globZ=62364.9
	global pos=0.0,0.0,62364.9  Checking overlaps for volume sol1:0 (G4Tubs) ... OK! 
BLCMDsolenoid::Construct sol1 parent= relZ=62635.1 globZ=62635.1
	global pos=0.0,0.0,62635.1  Checking overlaps for volume sol3:0 (G4Tubs) ... OK! 
BLCMDsolenoid::Construct sol3 parent= relZ=62863.1 globZ=62863.1
	global pos=0.0,0.0,62863.1  Checking overlaps for volume sol4:0 (G4Tubs) ... OK! 
BLCMDsolenoid::Construct sol4 parent= relZ=63386.9 globZ=63386.9
	global pos=0.0,0.0,63386.9  Checking overlaps for volume sol2:0 (G4Tubs) ... OK! 
BLCMDsolenoid::Construct sol2 parent= relZ=63614.9 globZ=63614.9
	global pos=0.0,0.0,63614.9  Checking overlaps for volume sol1:0 (G4Tubs) ... OK! 
BLCMDsolenoid::Construct sol1 parent= relZ=63885.1 globZ=63885.1
	global pos=0.0,0.0,63885.1  Checking overlaps for volume sol3:0 (G4Tubs) ... OK! 
BLCMDsolenoid::Construct sol3 parent= relZ=64113.1 globZ=64113.1
	global pos=0.0,0.0,64113.1  Checking overlaps for volume sol4:0 (G4Tubs) ... OK! 
BLCMDsolenoid::Construct sol4 parent= relZ=64636.9 globZ=64636.9
	global pos=0.0,0.0,64636.9  Checking overlaps for volume sol2:0 (G4Tubs) ... OK! 
BLCMDsolenoid::Construct sol2 parent= relZ=64864.9 globZ=64864.9
	global pos=0.0,0.0,64864.9  Checking overlaps for volume sol1:0 (G4Tubs) ... OK! 
BLCMDsolenoid::Construct sol1 parent= relZ=65135.1 globZ=65135.1
	global pos=0.0,0.0,65135.1  Checking overlaps for volume sol3:0 (G4Tubs) ... OK! 
BLCMDsolenoid::Construct sol3 parent= relZ=65363.1 globZ=65363.1
	global pos=0.0,0.0,65363.1  Checking overlaps for volume sol4:0 (G4Tubs) ... OK! 
BLCMDsolenoid::Construct sol4 parent= relZ=65886.9 globZ=65886.9
	global pos=0.0,0.0,65886.9  Checking overlaps for volume sol2:0 (G4Tubs) ... OK! 
BLCMDsolenoid::Construct sol2 parent= relZ=66114.9 globZ=66114.9
	global pos=0.0,0.0,66114.9  Checking overlaps for volume sol1:0 (G4Tubs) ... OK! 
BLCMDsolenoid::Construct sol1 parent= relZ=66385.1 globZ=66385.1
	global pos=0.0,0.0,66385.1  Checking overlaps for volume sol3:0 (G4Tubs) ... OK! 
BLCMDsolenoid::Construct sol3 parent= relZ=66613.1 globZ=66613.1
	global pos=0.0,0.0,66613.1  Checking overlaps for volume sol4:0 (G4Tubs) ... OK! 
BLCMDsolenoid::Construct sol4 parent= relZ=67136.9 globZ=67136.9
	global pos=0.0,0.0,67136.9  Checking overlaps for volume sol2:0 (G4Tubs) ... OK! 
BLCMDsolenoid::Construct sol2 parent= relZ=67364.9 globZ=67364.9
	global pos=0.0,0.0,67364.9  Checking overlaps for volume sol1:0 (G4Tubs) ... OK! 
BLCMDsolenoid::Construct sol1 parent= relZ=67635.1 globZ=67635.1
	global pos=0.0,0.0,67635.1  Checking overlaps for volume sol3:0 (G4Tubs) ... OK! 
BLCMDsolenoid::Construct sol3 parent= relZ=67863.1 globZ=67863.1
	global pos=0.0,0.0,67863.1  Checking overlaps for volume sol4:0 (G4Tubs) ... OK! 
BLCMDsolenoid::Construct sol4 parent= relZ=68386.9 globZ=68386.9
	global pos=0.0,0.0,68386.9  Checking overlaps for volume sol2:0 (G4Tubs) ... OK! 
BLCMDsolenoid::Construct sol2 parent= relZ=68614.9 globZ=68614.9
	global pos=0.0,0.0,68614.9  Checking overlaps for volume sol1:0 (G4Tubs) ... OK! 
BLCMDsolenoid::Construct sol1 parent= relZ=68885.1 globZ=68885.1
	global pos=0.0,0.0,68885.1  Checking overlaps for volume sol3:0 (G4Tubs) ... OK! 
BLCMDsolenoid::Construct sol3 parent= relZ=69113.1 globZ=69113.1
	global pos=0.0,0.0,69113.1  Checking overlaps for volume sol4:0 (G4Tubs) ... OK! 
BLCMDsolenoid::Construct sol4 parent= relZ=69636.9 globZ=69636.9
	global pos=0.0,0.0,69636.9  Checking overlaps for volume sol2:0 (G4Tubs) ... OK! 
BLCMDsolenoid::Construct sol2 parent= relZ=69864.9 globZ=69864.9
	global pos=0.0,0.0,69864.9  Checking overlaps for volume sol1:0 (G4Tubs) ... OK! 
BLCMDsolenoid::Construct sol1 parent= relZ=70135.1 globZ=70135.1
	global pos=0.0,0.0,70135.1  Checking overlaps for volume sol3:0 (G4Tubs) ... OK! 
BLCMDsolenoid::Construct sol3 parent= relZ=70363.1 globZ=70363.1
	global pos=0.0,0.0,70363.1  Checking overlaps for volume sol4:0 (G4Tubs) ... OK! 
BLCMDsolenoid::Construct sol4 parent= relZ=70886.9 globZ=70886.9
	global pos=0.0,0.0,70886.9  Checking overlaps for volume sol2:0 (G4Tubs) ... OK! 
BLCMDsolenoid::Construct sol2 parent= relZ=71114.9 globZ=71114.9
	global pos=0.0,0.0,71114.9  Checking overlaps for volume sol1:0 (G4Tubs) ... OK! 
BLCMDsolenoid::Construct sol1 parent= relZ=71385.1 globZ=71385.1
	global pos=0.0,0.0,71385.1  Checking overlaps for volume sol3:0 (G4Tubs) ... OK! 
BLCMDsolenoid::Construct sol3 parent= relZ=71613.1 globZ=71613.1
	global pos=0.0,0.0,71613.1  Checking overlaps for volume sol4:0 (G4Tubs) ... OK! 
BLCMDsolenoid::Construct sol4 parent= relZ=72136.9 globZ=72136.9
	global pos=0.0,0.0,72136.9  Checking overlaps for volume sol2:0 (G4Tubs) ... OK! 
BLCMDsolenoid::Construct sol2 parent= relZ=72364.9 globZ=72364.9
	global pos=0.0,0.0,72364.9  Checking overlaps for volume sol1:0 (G4Tubs) ... OK! 
BLCMDsolenoid::Construct sol1 parent= relZ=72635.1 globZ=72635.1
	global pos=0.0,0.0,72635.1  Checking overlaps for volume sol3:0 (G4Tubs) ... OK! 
BLCMDsolenoid::Construct sol3 parent= relZ=72863.1 globZ=72863.1
	global pos=0.0,0.0,72863.1  Checking overlaps for volume sol4:0 (G4Tubs) ... OK! 
BLCMDsolenoid::Construct sol4 parent= relZ=73386.9 globZ=73386.9
	global pos=0.0,0.0,73386.9  Checking overlaps for volume sol2:0 (G4Tubs) ... OK! 
BLCMDsolenoid::Construct sol2 parent= relZ=73614.9 globZ=73614.9
	global pos=0.0,0.0,73614.9  Checking overlaps for volume sol1:0 (G4Tubs) ... OK! 
BLCMDsolenoid::Construct sol1 parent= relZ=73885.1 globZ=73885.1
	global pos=0.0,0.0,73885.1  Checking overlaps for volume sol3:0 (G4Tubs) ... OK! 
BLCMDsolenoid::Construct sol3 parent= relZ=74113.1 globZ=74113.1
	global pos=0.0,0.0,74113.1  Checking overlaps for volume sol4:0 (G4Tubs) ... OK! 
BLCMDsolenoid::Construct sol4 parent= relZ=74636.9 globZ=74636.9
	global pos=0.0,0.0,74636.9  Checking overlaps for volume sol2:0 (G4Tubs) ... OK! 
BLCMDsolenoid::Construct sol2 parent= relZ=74864.9 globZ=74864.9
	global pos=0.0,0.0,74864.9  Checking overlaps for volume sol1:0 (G4Tubs) ... OK! 
BLCMDsolenoid::Construct sol1 parent= relZ=75135.1 globZ=75135.1
	global pos=0.0,0.0,75135.1  Checking overlaps for volume sol3:0 (G4Tubs) ... OK! 
BLCMDsolenoid::Construct sol3 parent= relZ=75363.1 globZ=75363.1
	global pos=0.0,0.0,75363.1  Checking overlaps for volume sol4:0 (G4Tubs) ... OK! 
BLCMDsolenoid::Construct sol4 parent= relZ=75886.9 globZ=75886.9
	global pos=0.0,0.0,75886.9  Checking overlaps for volume sol2:0 (G4Tubs) ... OK! 
BLCMDsolenoid::Construct sol2 parent= relZ=76114.9 globZ=76114.9
	global pos=0.0,0.0,76114.9  BLCMDgenericbend::Construct solbend_a_-2 parent= relZ=-2375.0 globZ=-2375.0
	zmin=-2425.0 zmax=-2325.0
BLCMDgenericbend::Construct solbend_b_-2 parent= relZ=-1375.0 globZ=-1375.0
	zmin=-1425.0 zmax=-1325.0
BLCMDgenericbend::Construct solbend_a_-1 parent= relZ=-1125.0 globZ=-1125.0
	zmin=-1175.0 zmax=-1075.0
BLCMDgenericbend::Construct solbend_b_-1 parent= relZ=-125.0 globZ=-125.0
	zmin=-175.0 zmax=-75.0
BLCMDgenericbend::Construct solbend_a_0 parent= relZ=125.0 globZ=125.0
	zmin=75.0 zmax=175.0
BLCMDgenericbend::Construct solbend_b_0 parent= relZ=1125.0 globZ=1125.0
	zmin=1075.0 zmax=1175.0
BLCMDgenericbend::Construct solbend_a_1 parent= relZ=1375.0 globZ=1375.0
	zmin=1325.0 zmax=1425.0
BLCMDgenericbend::Construct solbend_b_1 parent= relZ=2375.0 globZ=2375.0
	zmin=2325.0 zmax=2425.0
BLCMDgenericbend::Construct solbend_a_2 parent= relZ=2625.0 globZ=2625.0
	zmin=2575.0 zmax=2675.0
BLCMDgenericbend::Construct solbend_b_2 parent= relZ=3625.0 globZ=3625.0
	zmin=3575.0 zmax=3675.0
BLCMDgenericbend::Construct solbend_a_3 parent= relZ=3875.0 globZ=3875.0
	zmin=3825.0 zmax=3925.0
BLCMDgenericbend::Construct solbend_b_3 parent= relZ=4875.0 globZ=4875.0
	zmin=4825.0 zmax=4925.0
BLCMDgenericbend::Construct solbend_a_4 parent= relZ=5125.0 globZ=5125.0
	zmin=5075.0 zmax=5175.0
BLCMDgenericbend::Construct solbend_b_4 parent= relZ=6125.0 globZ=6125.0
	zmin=6075.0 zmax=6175.0
BLCMDgenericbend::Construct solbend_a_5 parent= relZ=6375.0 globZ=6375.0
	zmin=6325.0 zmax=6425.0
BLCMDgenericbend::Construct solbend_b_5 parent= relZ=7375.0 globZ=7375.0
	zmin=7325.0 zmax=7425.0
BLCMDgenericbend::Construct solbend_a_6 parent= relZ=7625.0 globZ=7625.0
	zmin=7575.0 zmax=7675.0
BLCMDgenericbend::Construct solbend_b_6 parent= relZ=8625.0 globZ=8625.0
	zmin=8575.0 zmax=8675.0
BLCMDgenericbend::Construct solbend_a_7 parent= relZ=8875.0 globZ=8875.0
	zmin=8825.0 zmax=8925.0
BLCMDgenericbend::Construct solbend_b_7 parent= relZ=9875.0 globZ=9875.0
	zmin=9825.0 zmax=9925.0
BLCMDgenericbend::Construct solbend_a_8 parent= relZ=10125.0 globZ=10125.0
	zmin=10075.0 zmax=10175.0
BLCMDgenericbend::Construct solbend_b_8 parent= relZ=11125.0 globZ=11125.0
	zmin=11075.0 zmax=11175.0
BLCMDgenericbend::Construct solbend_a_9 parent= relZ=11375.0 globZ=11375.0
	zmin=11325.0 zmax=11425.0
BLCMDgenericbend::Construct solbend_b_9 parent= relZ=12375.0 globZ=12375.0
	zmin=12325.0 zmax=12425.0
BLCMDgenericbend::Construct solbend_a_10 parent= relZ=12625.0 globZ=12625.0
	zmin=12575.0 zmax=12675.0
BLCMDgenericbend::Construct solbend_b_10 parent= relZ=13625.0 globZ=13625.0
	zmin=13575.0 zmax=13675.0
BLCMDgenericbend::Construct solbend_a_11 parent= relZ=13875.0 globZ=13875.0
	zmin=13825.0 zmax=13925.0
BLCMDgenericbend::Construct solbend_b_11 parent= relZ=14875.0 globZ=14875.0
	zmin=14825.0 zmax=14925.0
BLCMDgenericbend::Construct solbend_a_12 parent= relZ=15125.0 globZ=15125.0
	zmin=15075.0 zmax=15175.0
BLCMDgenericbend::Construct solbend_b_12 parent= relZ=16125.0 globZ=16125.0
	zmin=16075.0 zmax=16175.0
BLCMDgenericbend::Construct solbend_a_13 parent= relZ=16375.0 globZ=16375.0
	zmin=16325.0 zmax=16425.0
BLCMDgenericbend::Construct solbend_b_13 parent= relZ=17375.0 globZ=17375.0
	zmin=17325.0 zmax=17425.0
BLCMDgenericbend::Construct solbend_a_14 parent= relZ=17625.0 globZ=17625.0
	zmin=17575.0 zmax=17675.0
BLCMDgenericbend::Construct solbend_b_14 parent= relZ=18625.0 globZ=18625.0
	zmin=18575.0 zmax=18675.0
BLCMDgenericbend::Construct solbend_a_15 parent= relZ=18875.0 globZ=18875.0
	zmin=18825.0 zmax=18925.0
BLCMDgenericbend::Construct solbend_b_15 parent= relZ=19875.0 globZ=19875.0
	zmin=19825.0 zmax=19925.0
BLCMDgenericbend::Construct solbend_a_16 parent= relZ=20125.0 globZ=20125.0
	zmin=20075.0 zmax=20175.0
BLCMDgenericbend::Construct solbend_b_16 parent= relZ=21125.0 globZ=21125.0
	zmin=21075.0 zmax=21175.0
BLCMDgenericbend::Construct solbend_a_17 parent= relZ=21375.0 globZ=21375.0
	zmin=21325.0 zmax=21425.0
BLCMDgenericbend::Construct solbend_b_17 parent= relZ=22375.0 globZ=22375.0
	zmin=22325.0 zmax=22425.0
BLCMDgenericbend::Construct solbend_a_18 parent= relZ=22625.0 globZ=22625.0
	zmin=22575.0 zmax=22675.0
BLCMDgenericbend::Construct solbend_b_18 parent= relZ=23625.0 globZ=23625.0
	zmin=23575.0 zmax=23675.0
BLCMDgenericbend::Construct solbend_a_19 parent= relZ=23875.0 globZ=23875.0
	zmin=23825.0 zmax=23925.0
BLCMDgenericbend::Construct solbend_b_19 parent= relZ=24875.0 globZ=24875.0
	zmin=24825.0 zmax=24925.0
BLCMDgenericbend::Construct solbend_a_20 parent= relZ=25125.0 globZ=25125.0
	zmin=25075.0 zmax=25175.0
BLCMDgenericbend::Construct solbend_b_20 parent= relZ=26125.0 globZ=26125.0
	zmin=26075.0 zmax=26175.0
BLCMDgenericbend::Construct solbend_a_21 parent= relZ=26375.0 globZ=26375.0
	zmin=26325.0 zmax=26425.0
BLCMDgenericbend::Construct solbend_b_21 parent= relZ=27375.0 globZ=27375.0
	zmin=27325.0 zmax=27425.0
BLCMDgenericbend::Construct solbend_a_22 parent= relZ=27625.0 globZ=27625.0
	zmin=27575.0 zmax=27675.0
BLCMDgenericbend::Construct solbend_b_22 parent= relZ=28625.0 globZ=28625.0
	zmin=28575.0 zmax=28675.0
BLCMDgenericbend::Construct solbend_a_23 parent= relZ=28875.0 globZ=28875.0
	zmin=28825.0 zmax=28925.0
BLCMDgenericbend::Construct solbend_b_23 parent= relZ=29875.0 globZ=29875.0
	zmin=29825.0 zmax=29925.0
BLCMDgenericbend::Construct solbend_a_24 parent= relZ=30125.0 globZ=30125.0
	zmin=30075.0 zmax=30175.0
BLCMDgenericbend::Construct solbend_b_24 parent= relZ=31125.0 globZ=31125.0
	zmin=31075.0 zmax=31175.0
BLCMDgenericbend::Construct solbend_a_25 parent= relZ=31375.0 globZ=31375.0
	zmin=31325.0 zmax=31425.0
BLCMDgenericbend::Construct solbend_b_25 parent= relZ=32375.0 globZ=32375.0
	zmin=32325.0 zmax=32425.0
BLCMDgenericbend::Construct solbend_a_26 parent= relZ=32625.0 globZ=32625.0
	zmin=32575.0 zmax=32675.0
BLCMDgenericbend::Construct solbend_b_26 parent= relZ=33625.0 globZ=33625.0
	zmin=33575.0 zmax=33675.0
BLCMDgenericbend::Construct solbend_a_27 parent= relZ=33875.0 globZ=33875.0
	zmin=33825.0 zmax=33925.0
BLCMDgenericbend::Construct solbend_b_27 parent= relZ=34875.0 globZ=34875.0
	zmin=34825.0 zmax=34925.0
BLCMDgenericbend::Construct solbend_a_28 parent= relZ=35125.0 globZ=35125.0
	zmin=35075.0 zmax=35175.0
BLCMDgenericbend::Construct solbend_b_28 parent= relZ=36125.0 globZ=36125.0
	zmin=36075.0 zmax=36175.0
BLCMDgenericbend::Construct solbend_a_29 parent= relZ=36375.0 globZ=36375.0
	zmin=36325.0 zmax=36425.0
BLCMDgenericbend::Construct solbend_b_29 parent= relZ=37375.0 globZ=37375.0
	zmin=37325.0 zmax=37425.0
BLCMDgenericbend::Construct solbend_a_30 parent= relZ=37625.0 globZ=37625.0
	zmin=37575.0 zmax=37675.0
BLCMDgenericbend::Construct solbend_b_30 parent= relZ=38625.0 globZ=38625.0
	zmin=38575.0 zmax=38675.0
BLCMDgenericbend::Construct solbend_a_31 parent= relZ=38875.0 globZ=38875.0
	zmin=38825.0 zmax=38925.0
BLCMDgenericbend::Construct solbend_b_31 parent= relZ=39875.0 globZ=39875.0
	zmin=39825.0 zmax=39925.0
BLCMDgenericbend::Construct solbend_a_32 parent= relZ=40125.0 globZ=40125.0
	zmin=40075.0 zmax=40175.0
BLCMDgenericbend::Construct solbend_b_32 parent= relZ=41125.0 globZ=41125.0
	zmin=41075.0 zmax=41175.0
BLCMDgenericbend::Construct solbend_a_33 parent= relZ=41375.0 globZ=41375.0
	zmin=41325.0 zmax=41425.0
BLCMDgenericbend::Construct solbend_b_33 parent= relZ=42375.0 globZ=42375.0
	zmin=42325.0 zmax=42425.0
BLCMDgenericbend::Construct solbend_a_34 parent= relZ=42625.0 globZ=42625.0
	zmin=42575.0 zmax=42675.0
BLCMDgenericbend::Construct solbend_b_34 parent= relZ=43625.0 globZ=43625.0
	zmin=43575.0 zmax=43675.0
BLCMDgenericbend::Construct solbend_a_35 parent= relZ=43875.0 globZ=43875.0
	zmin=43825.0 zmax=43925.0
BLCMDgenericbend::Construct solbend_b_35 parent= relZ=44875.0 globZ=44875.0
	zmin=44825.0 zmax=44925.0
BLCMDgenericbend::Construct solbend_a_36 parent= relZ=45125.0 globZ=45125.0
	zmin=45075.0 zmax=45175.0
BLCMDgenericbend::Construct solbend_b_36 parent= relZ=46125.0 globZ=46125.0
	zmin=46075.0 zmax=46175.0
BLCMDgenericbend::Construct solbend_a_37 parent= relZ=46375.0 globZ=46375.0
	zmin=46325.0 zmax=46425.0
BLCMDgenericbend::Construct solbend_b_37 parent= relZ=47375.0 globZ=47375.0
	zmin=47325.0 zmax=47425.0
BLCMDgenericbend::Construct solbend_a_38 parent= relZ=47625.0 globZ=47625.0
	zmin=47575.0 zmax=47675.0
BLCMDgenericbend::Construct solbend_b_38 parent= relZ=48625.0 globZ=48625.0
	zmin=48575.0 zmax=48675.0
BLCMDgenericbend::Construct solbend_a_39 parent= relZ=48875.0 globZ=48875.0
	zmin=48825.0 zmax=48925.0
BLCMDgenericbend::Construct solbend_b_39 parent= relZ=49875.0 globZ=49875.0
	zmin=49825.0 zmax=49925.0
BLCMDgenericbend::Construct solbend_a_40 parent= relZ=50125.0 globZ=50125.0
	zmin=50075.0 zmax=50175.0
BLCMDgenericbend::Construct solbend_b_40 parent= relZ=51125.0 globZ=51125.0
	zmin=51075.0 zmax=51175.0
BLCMDgenericbend::Construct solbend_a_41 parent= relZ=51375.0 globZ=51375.0
	zmin=51325.0 zmax=51425.0
BLCMDgenericbend::Construct solbend_b_41 parent= relZ=52375.0 globZ=52375.0
	zmin=52325.0 zmax=52425.0
BLCMDgenericbend::Construct solbend_a_42 parent= relZ=52625.0 globZ=52625.0
	zmin=52575.0 zmax=52675.0
BLCMDgenericbend::Construct solbend_b_42 parent= relZ=53625.0 globZ=53625.0
	zmin=53575.0 zmax=53675.0
BLCMDgenericbend::Construct solbend_a_43 parent= relZ=53875.0 globZ=53875.0
	zmin=53825.0 zmax=53925.0
BLCMDgenericbend::Construct solbend_b_43 parent= relZ=54875.0 globZ=54875.0
	zmin=54825.0 zmax=54925.0
BLCMDgenericbend::Construct solbend_a_44 parent= relZ=55125.0 globZ=55125.0
	zmin=55075.0 zmax=55175.0
BLCMDgenericbend::Construct solbend_b_44 parent= relZ=56125.0 globZ=56125.0
	zmin=56075.0 zmax=56175.0
BLCMDgenericbend::Construct solbend_a_45 parent= relZ=56375.0 globZ=56375.0
	zmin=56325.0 zmax=56425.0
BLCMDgenericbend::Construct solbend_b_45 parent= relZ=57375.0 globZ=57375.0
	zmin=57325.0 zmax=57425.0
BLCMDgenericbend::Construct solbend_a_46 parent= relZ=57625.0 globZ=57625.0
	zmin=57575.0 zmax=57675.0
BLCMDgenericbend::Construct solbend_b_46 parent= relZ=58625.0 globZ=58625.0
	zmin=58575.0 zmax=58675.0
BLCMDgenericbend::Construct solbend_a_47 parent= relZ=58875.0 globZ=58875.0
	zmin=58825.0 zmax=58925.0
BLCMDgenericbend::Construct solbend_b_47 parent= relZ=59875.0 globZ=59875.0
	zmin=59825.0 zmax=59925.0
BLCMDgenericbend::Construct solbend_a_48 parent= relZ=60125.0 globZ=60125.0
	zmin=60075.0 zmax=60175.0
BLCMDgenericbend::Construct solbend_b_48 parent= relZ=61125.0 globZ=61125.0
	zmin=61075.0 zmax=61175.0
BLCMDgenericbend::Construct solbend_a_49 parent= relZ=61375.0 globZ=61375.0
	zmin=61325.0 zmax=61425.0
BLCMDgenericbend::Construct solbend_b_49 parent= relZ=62375.0 globZ=62375.0
	zmin=62325.0 zmax=62425.0
BLCMDgenericbend::Construct solbend_a_50 parent= relZ=62625.0 globZ=62625.0
	zmin=62575.0 zmax=62675.0
BLCMDgenericbend::Construct solbend_b_50 parent= relZ=63625.0 globZ=63625.0
	zmin=63575.0 zmax=63675.0
BLCMDgenericbend::Construct solbend_a_51 parent= relZ=63875.0 globZ=63875.0
	zmin=63825.0 zmax=63925.0
BLCMDgenericbend::Construct solbend_b_51 parent= relZ=64875.0 globZ=64875.0
	zmin=64825.0 zmax=64925.0
BLCMDgenericbend::Construct solbend_a_52 parent= relZ=65125.0 globZ=65125.0
	zmin=65075.0 zmax=65175.0
BLCMDgenericbend::Construct solbend_b_52 parent= relZ=66125.0 globZ=66125.0
	zmin=66075.0 zmax=66175.0
BLCMDgenericbend::Construct solbend_a_53 parent= relZ=66375.0 globZ=66375.0
	zmin=66325.0 zmax=66425.0
BLCMDgenericbend::Construct solbend_b_53 parent= relZ=67375.0 globZ=67375.0
	zmin=67325.0 zmax=67425.0
BLCMDgenericbend::Construct solbend_a_54 parent= relZ=67625.0 globZ=67625.0
	zmin=67575.0 zmax=67675.0
BLCMDgenericbend::Construct solbend_b_54 parent= relZ=68625.0 globZ=68625.0
	zmin=68575.0 zmax=68675.0
BLCMDgenericbend::Construct solbend_a_55 parent= relZ=68875.0 globZ=68875.0
	zmin=68825.0 zmax=68925.0
BLCMDgenericbend::Construct solbend_b_55 parent= relZ=69875.0 globZ=69875.0
	zmin=69825.0 zmax=69925.0
BLCMDgenericbend::Construct solbend_a_56 parent= relZ=70125.0 globZ=70125.0
	zmin=70075.0 zmax=70175.0
BLCMDgenericbend::Construct solbend_b_56 parent= relZ=71125.0 globZ=71125.0
	zmin=71075.0 zmax=71175.0
BLCMDgenericbend::Construct solbend_a_57 parent= relZ=71375.0 globZ=71375.0
	zmin=71325.0 zmax=71425.0
BLCMDgenericbend::Construct solbend_b_57 parent= relZ=72375.0 globZ=72375.0
	zmin=72325.0 zmax=72425.0
BLCMDgenericbend::Construct solbend_a_58 parent= relZ=72625.0 globZ=72625.0
	zmin=72575.0 zmax=72675.0
BLCMDgenericbend::Construct solbend_b_58 parent= relZ=73625.0 globZ=73625.0
	zmin=73575.0 zmax=73675.0
BLCMDgenericbend::Construct solbend_a_59 parent= relZ=73875.0 globZ=73875.0
	zmin=73825.0 zmax=73925.0
BLCMDgenericbend::Construct solbend_b_59 parent= relZ=74875.0 globZ=74875.0
	zmin=74825.0 zmax=74925.0
BLCMDgenericbend::Construct solbend_a_60 parent= relZ=75125.0 globZ=75125.0
	zmin=75075.0 zmax=75175.0
BLCMDgenericbend::Construct solbend_b_60 parent= relZ=76125.0 globZ=76125.0
	zmin=76075.0 zmax=76175.0
BLMappedMagnet::Construct fringe_left parent= relZ=-2615.0
BLMappedMagnet::Construct fringe_right parent= relZ=-2135.0
BLMappedMagnet::Construct fringe_left parent= relZ=-1615.0
BLMappedMagnet::Construct fringe_right parent= relZ=-1135.0
BLMappedMagnet::Construct fringe_left parent= relZ=-1365.0
BLMappedMagnet::Construct fringe_right parent= relZ=-885.0
BLMappedMagnet::Construct fringe_left parent= relZ=-365.0
BLMappedMagnet::Construct fringe_right parent= relZ=115.0
BLMappedMagnet::Construct fringe_left parent= relZ=-115.0
BLMappedMagnet::Construct fringe_right parent= relZ=365.0
BLMappedMagnet::Construct fringe_left parent= relZ=885.0
BLMappedMagnet::Construct fringe_right parent= relZ=1365.0
BLMappedMagnet::Construct fringe_left parent= relZ=1135.0
BLMappedMagnet::Construct fringe_right parent= relZ=1615.0
BLMappedMagnet::Construct fringe_left parent= relZ=2135.0
BLMappedMagnet::Construct fringe_right parent= relZ=2615.0
BLMappedMagnet::Construct fringe_left parent= relZ=2385.0
BLMappedMagnet::Construct fringe_right parent= relZ=2865.0
BLMappedMagnet::Construct fringe_left parent= relZ=3385.0
BLMappedMagnet::Construct fringe_right parent= relZ=3865.0
BLMappedMagnet::Construct fringe_left parent= relZ=3635.0
BLMappedMagnet::Construct fringe_right parent= relZ=4115.0
BLMappedMagnet::Construct fringe_left parent= relZ=4635.0
BLMappedMagnet::Construct fringe_right parent= relZ=5115.0
BLMappedMagnet::Construct fringe_left parent= relZ=4885.0
BLMappedMagnet::Construct fringe_right parent= relZ=5365.0
BLMappedMagnet::Construct fringe_left parent= relZ=5885.0
BLMappedMagnet::Construct fringe_right parent= relZ=6365.0
BLMappedMagnet::Construct fringe_left parent= relZ=6135.0
BLMappedMagnet::Construct fringe_right parent= relZ=6615.0
BLMappedMagnet::Construct fringe_left parent= relZ=7135.0
BLMappedMagnet::Construct fringe_right parent= relZ=7615.0
BLMappedMagnet::Construct fringe_left parent= relZ=7385.0
BLMappedMagnet::Construct fringe_right parent= relZ=7865.0
BLMappedMagnet::Construct fringe_left parent= relZ=8385.0
BLMappedMagnet::Construct fringe_right parent= relZ=8865.0
BLMappedMagnet::Construct fringe_left parent= relZ=8635.0
BLMappedMagnet::Construct fringe_right parent= relZ=9115.0
BLMappedMagnet::Construct fringe_left parent= relZ=9635.0
BLMappedMagnet::Construct fringe_right parent= relZ=10115.0
BLMappedMagnet::Construct fringe_left parent= relZ=9885.0
BLMappedMagnet::Construct fringe_right parent= relZ=10365.0
BLMappedMagnet::Construct fringe_left parent= relZ=10885.0
BLMappedMagnet::Construct fringe_right parent= relZ=11365.0
BLMappedMagnet::Construct fringe_left parent= relZ=11135.0
BLMappedMagnet::Construct fringe_right parent= relZ=11615.0
BLMappedMagnet::Construct fringe_left parent= relZ=12135.0
BLMappedMagnet::Construct fringe_right parent= relZ=12615.0
BLMappedMagnet::Construct fringe_left parent= relZ=12385.0
BLMappedMagnet::Construct fringe_right parent= relZ=12865.0
BLMappedMagnet::Construct fringe_left parent= relZ=13385.0
BLMappedMagnet::Construct fringe_right parent= relZ=13865.0
BLMappedMagnet::Construct fringe_left parent= relZ=13635.0
BLMappedMagnet::Construct fringe_right parent= relZ=14115.0
BLMappedMagnet::Construct fringe_left parent= relZ=14635.0
BLMappedMagnet::Construct fringe_right parent= relZ=15115.0
BLMappedMagnet::Construct fringe_left parent= relZ=14885.0
BLMappedMagnet::Construct fringe_right parent= relZ=15365.0
BLMappedMagnet::Construct fringe_left parent= relZ=15885.0
BLMappedMagnet::Construct fringe_right parent= relZ=16365.0
BLMappedMagnet::Construct fringe_left parent= relZ=16135.0
BLMappedMagnet::Construct fringe_right parent= relZ=16615.0
BLMappedMagnet::Construct fringe_left parent= relZ=17135.0
BLMappedMagnet::Construct fringe_right parent= relZ=17615.0
BLMappedMagnet::Construct fringe_left parent= relZ=17385.0
BLMappedMagnet::Construct fringe_right parent= relZ=17865.0
BLMappedMagnet::Construct fringe_left parent= relZ=18385.0
BLMappedMagnet::Construct fringe_right parent= relZ=18865.0
BLMappedMagnet::Construct fringe_left parent= relZ=18635.0
BLMappedMagnet::Construct fringe_right parent= relZ=19115.0
BLMappedMagnet::Construct fringe_left parent= relZ=19635.0
BLMappedMagnet::Construct fringe_right parent= relZ=20115.0
BLMappedMagnet::Construct fringe_left parent= relZ=19885.0
BLMappedMagnet::Construct fringe_right parent= relZ=20365.0
BLMappedMagnet::Construct fringe_left parent= relZ=20885.0
BLMappedMagnet::Construct fringe_right parent= relZ=21365.0
BLMappedMagnet::Construct fringe_left parent= relZ=21135.0
BLMappedMagnet::Construct fringe_right parent= relZ=21615.0
BLMappedMagnet::Construct fringe_left parent= relZ=22135.0
BLMappedMagnet::Construct fringe_right parent= relZ=22615.0
BLMappedMagnet::Construct fringe_left parent= relZ=22385.0
BLMappedMagnet::Construct fringe_right parent= relZ=22865.0
BLMappedMagnet::Construct fringe_left parent= relZ=23385.0
BLMappedMagnet::Construct fringe_right parent= relZ=23865.0
BLMappedMagnet::Construct fringe_left parent= relZ=23635.0
BLMappedMagnet::Construct fringe_right parent= relZ=24115.0
BLMappedMagnet::Construct fringe_left parent= relZ=24635.0
BLMappedMagnet::Construct fringe_right parent= relZ=25115.0
BLMappedMagnet::Construct fringe_left parent= relZ=24885.0
BLMappedMagnet::Construct fringe_right parent= relZ=25365.0
BLMappedMagnet::Construct fringe_left parent= relZ=25885.0
BLMappedMagnet::Construct fringe_right parent= relZ=26365.0
BLMappedMagnet::Construct fringe_left parent= relZ=26135.0
BLMappedMagnet::Construct fringe_right parent= relZ=26615.0
BLMappedMagnet::Construct fringe_left parent= relZ=27135.0
BLMappedMagnet::Construct fringe_right parent= relZ=27615.0
BLMappedMagnet::Construct fringe_left parent= relZ=27385.0
BLMappedMagnet::Construct fringe_right parent= relZ=27865.0
BLMappedMagnet::Construct fringe_left parent= relZ=28385.0
BLMappedMagnet::Construct fringe_right parent= relZ=28865.0
BLMappedMagnet::Construct fringe_left parent= relZ=28635.0
BLMappedMagnet::Construct fringe_right parent= relZ=29115.0
BLMappedMagnet::Construct fringe_left parent= relZ=29635.0
BLMappedMagnet::Construct fringe_right parent= relZ=30115.0
BLMappedMagnet::Construct fringe_left parent= relZ=29885.0
BLMappedMagnet::Construct fringe_right parent= relZ=30365.0
BLMappedMagnet::Construct fringe_left parent= relZ=30885.0
BLMappedMagnet::Construct fringe_right parent= relZ=31365.0
BLMappedMagnet::Construct fringe_left parent= relZ=31135.0
BLMappedMagnet::Construct fringe_right parent= relZ=31615.0
BLMappedMagnet::Construct fringe_left parent= relZ=32135.0
BLMappedMagnet::Construct fringe_right parent= relZ=32615.0
BLMappedMagnet::Construct fringe_left parent= relZ=32385.0
BLMappedMagnet::Construct fringe_right parent= relZ=32865.0
BLMappedMagnet::Construct fringe_left parent= relZ=33385.0
BLMappedMagnet::Construct fringe_right parent= relZ=33865.0
BLMappedMagnet::Construct fringe_left parent= relZ=33635.0
BLMappedMagnet::Construct fringe_right parent= relZ=34115.0
BLMappedMagnet::Construct fringe_left parent= relZ=34635.0
BLMappedMagnet::Construct fringe_right parent= relZ=35115.0
BLMappedMagnet::Construct fringe_left parent= relZ=34885.0
BLMappedMagnet::Construct fringe_right parent= relZ=35365.0
BLMappedMagnet::Construct fringe_left parent= relZ=35885.0
BLMappedMagnet::Construct fringe_right parent= relZ=36365.0
BLMappedMagnet::Construct fringe_left parent= relZ=36135.0
BLMappedMagnet::Construct fringe_right parent= relZ=36615.0
BLMappedMagnet::Construct fringe_left parent= relZ=37135.0
BLMappedMagnet::Construct fringe_right parent= relZ=37615.0
BLMappedMagnet::Construct fringe_left parent= relZ=37385.0
BLMappedMagnet::Construct fringe_right parent= relZ=37865.0
BLMappedMagnet::Construct fringe_left parent= relZ=38385.0
BLMappedMagnet::Construct fringe_right parent= relZ=38865.0
BLMappedMagnet::Construct fringe_left parent= relZ=38635.0
BLMappedMagnet::Construct fringe_right parent= relZ=39115.0
BLMappedMagnet::Construct fringe_left parent= relZ=39635.0
BLMappedMagnet::Construct fringe_right parent= relZ=40115.0
BLMappedMagnet::Construct fringe_left parent= relZ=39885.0
BLMappedMagnet::Construct fringe_right parent= relZ=40365.0
BLMappedMagnet::Construct fringe_left parent= relZ=40885.0
BLMappedMagnet::Construct fringe_right parent= relZ=41365.0
BLMappedMagnet::Construct fringe_left parent= relZ=41135.0
BLMappedMagnet::Construct fringe_right parent= relZ=41615.0
BLMappedMagnet::Construct fringe_left parent= relZ=42135.0
BLMappedMagnet::Construct fringe_right parent= relZ=42615.0
BLMappedMagnet::Construct fringe_left parent= relZ=42385.0
BLMappedMagnet::Construct fringe_right parent= relZ=42865.0
BLMappedMagnet::Construct fringe_left parent= relZ=43385.0
BLMappedMagnet::Construct fringe_right parent= relZ=43865.0
BLMappedMagnet::Construct fringe_left parent= relZ=43635.0
BLMappedMagnet::Construct fringe_right parent= relZ=44115.0
BLMappedMagnet::Construct fringe_left parent= relZ=44635.0
BLMappedMagnet::Construct fringe_right parent= relZ=45115.0
BLMappedMagnet::Construct fringe_left parent= relZ=44885.0
BLMappedMagnet::Construct fringe_right parent= relZ=45365.0
BLMappedMagnet::Construct fringe_left parent= relZ=45885.0
BLMappedMagnet::Construct fringe_right parent= relZ=46365.0
BLMappedMagnet::Construct fringe_left parent= relZ=46135.0
BLMappedMagnet::Construct fringe_right parent= relZ=46615.0
BLMappedMagnet::Construct fringe_left parent= relZ=47135.0
BLMappedMagnet::Construct fringe_right parent= relZ=47615.0
BLMappedMagnet::Construct fringe_left parent= relZ=47385.0
BLMappedMagnet::Construct fringe_right parent= relZ=47865.0
BLMappedMagnet::Construct fringe_left parent= relZ=48385.0
BLMappedMagnet::Construct fringe_right parent= relZ=48865.0
BLMappedMagnet::Construct fringe_left parent= relZ=48635.0
BLMappedMagnet::Construct fringe_right parent= relZ=49115.0
BLMappedMagnet::Construct fringe_left parent= relZ=49635.0
BLMappedMagnet::Construct fringe_right parent= relZ=50115.0
BLMappedMagnet::Construct fringe_left parent= relZ=49885.0
BLMappedMagnet::Construct fringe_right parent= relZ=50365.0
BLMappedMagnet::Construct fringe_left parent= relZ=50885.0
BLMappedMagnet::Construct fringe_right parent= relZ=51365.0
BLMappedMagnet::Construct fringe_left parent= relZ=51135.0
BLMappedMagnet::Construct fringe_right parent= relZ=51615.0
BLMappedMagnet::Construct fringe_left parent= relZ=52135.0
BLMappedMagnet::Construct fringe_right parent= relZ=52615.0
BLMappedMagnet::Construct fringe_left parent= relZ=52385.0
BLMappedMagnet::Construct fringe_right parent= relZ=52865.0
BLMappedMagnet::Construct fringe_left parent= relZ=53385.0
BLMappedMagnet::Construct fringe_right parent= relZ=53865.0
BLMappedMagnet::Construct fringe_left parent= relZ=53635.0
BLMappedMagnet::Construct fringe_right parent= relZ=54115.0
BLMappedMagnet::Construct fringe_left parent= relZ=54635.0
BLMappedMagnet::Construct fringe_right parent= relZ=55115.0
BLMappedMagnet::Construct fringe_left parent= relZ=54885.0
BLMappedMagnet::Construct fringe_right parent= relZ=55365.0
BLMappedMagnet::Construct fringe_left parent= relZ=55885.0
BLMappedMagnet::Construct fringe_right parent= relZ=56365.0
BLMappedMagnet::Construct fringe_left parent= relZ=56135.0
BLMappedMagnet::Construct fringe_right parent= relZ=56615.0
BLMappedMagnet::Construct fringe_left parent= relZ=57135.0
BLMappedMagnet::Construct fringe_right parent= relZ=57615.0
BLMappedMagnet::Construct fringe_left parent= relZ=57385.0
BLMappedMagnet::Construct fringe_right parent= relZ=57865.0
BLMappedMagnet::Construct fringe_left parent= relZ=58385.0
BLMappedMagnet::Construct fringe_right parent= relZ=58865.0
BLMappedMagnet::Construct fringe_left parent= relZ=58635.0
BLMappedMagnet::Construct fringe_right parent= relZ=59115.0
BLMappedMagnet::Construct fringe_left parent= relZ=59635.0
BLMappedMagnet::Construct fringe_right parent= relZ=60115.0
BLMappedMagnet::Construct fringe_left parent= relZ=59885.0
BLMappedMagnet::Construct fringe_right parent= relZ=60365.0
BLMappedMagnet::Construct fringe_left parent= relZ=60885.0
BLMappedMagnet::Construct fringe_right parent= relZ=61365.0
BLMappedMagnet::Construct fringe_left parent= relZ=61135.0
BLMappedMagnet::Construct fringe_right parent= relZ=61615.0
BLMappedMagnet::Construct fringe_left parent= relZ=62135.0
BLMappedMagnet::Construct fringe_right parent= relZ=62615.0
BLMappedMagnet::Construct fringe_left parent= relZ=62385.0
BLMappedMagnet::Construct fringe_right parent= relZ=62865.0
BLMappedMagnet::Construct fringe_left parent= relZ=63385.0
BLMappedMagnet::Construct fringe_right parent= relZ=63865.0
BLMappedMagnet::Construct fringe_left parent= relZ=63635.0
BLMappedMagnet::Construct fringe_right parent= relZ=64115.0
BLMappedMagnet::Construct fringe_left parent= relZ=64635.0
BLMappedMagnet::Construct fringe_right parent= relZ=65115.0
BLMappedMagnet::Construct fringe_left parent= relZ=64885.0
BLMappedMagnet::Construct fringe_right parent= relZ=65365.0
BLMappedMagnet::Construct fringe_left parent= relZ=65885.0
BLMappedMagnet::Construct fringe_right parent= relZ=66365.0
BLMappedMagnet::Construct fringe_left parent= relZ=66135.0
BLMappedMagnet::Construct fringe_right parent= relZ=66615.0
BLMappedMagnet::Construct fringe_left parent= relZ=67135.0
BLMappedMagnet::Construct fringe_right parent= relZ=67615.0
BLMappedMagnet::Construct fringe_left parent= relZ=67385.0
BLMappedMagnet::Construct fringe_right parent= relZ=67865.0
BLMappedMagnet::Construct fringe_left parent= relZ=68385.0
BLMappedMagnet::Construct fringe_right parent= relZ=68865.0
BLMappedMagnet::Construct fringe_left parent= relZ=68635.0
BLMappedMagnet::Construct fringe_right parent= relZ=69115.0
BLMappedMagnet::Construct fringe_left parent= relZ=69635.0
BLMappedMagnet::Construct fringe_right parent= relZ=70115.0
BLMappedMagnet::Construct fringe_left parent= relZ=69885.0
BLMappedMagnet::Construct fringe_right parent= relZ=70365.0
BLMappedMagnet::Construct fringe_left parent= relZ=70885.0
BLMappedMagnet::Construct fringe_right parent= relZ=71365.0
BLMappedMagnet::Construct fringe_left parent= relZ=71135.0
BLMappedMagnet::Construct fringe_right parent= relZ=71615.0
BLMappedMagnet::Construct fringe_left parent= relZ=72135.0
BLMappedMagnet::Construct fringe_right parent= relZ=72615.0
BLMappedMagnet::Construct fringe_left parent= relZ=72385.0
BLMappedMagnet::Construct fringe_right parent= relZ=72865.0
BLMappedMagnet::Construct fringe_left parent= relZ=73385.0
BLMappedMagnet::Construct fringe_right parent= relZ=73865.0
BLMappedMagnet::Construct fringe_left parent= relZ=73635.0
BLMappedMagnet::Construct fringe_right parent= relZ=74115.0
BLMappedMagnet::Construct fringe_left parent= relZ=74635.0
BLMappedMagnet::Construct fringe_right parent= relZ=75115.0
BLMappedMagnet::Construct fringe_left parent= relZ=74885.0
BLMappedMagnet::Construct fringe_right parent= relZ=75365.0
BLMappedMagnet::Construct fringe_left parent= relZ=75885.0
BLMappedMagnet::Construct fringe_right parent= relZ=76365.0
Checking overlaps for volume pipe:0 (G4Tubs) ... OK! 
BLCMDtubs::Construct pipe parent= relZ=147.4 globZ=147.4
	zmin=0.0 zmax=294.9 kill=1
Checking overlaps for volume pipe:0 (G4Tubs) ... OK! 
BLCMDtubs::Construct pipe parent= relZ=1102.6 globZ=1102.6
	zmin=955.1 zmax=1250.0 kill=1
Checking overlaps for volume pipe:0 (G4Tubs) ... OK! 
BLCMDtubs::Construct pipe parent= relZ=1397.4 globZ=1397.4
	zmin=1250.0 zmax=1544.9 kill=1
Checking overlaps for volume pipe:0 (G4Tubs) ... OK! 
BLCMDtubs::Construct pipe parent= relZ=2352.6 globZ=2352.6
	zmin=2205.1 zmax=2500.0 kill=1
Checking overlaps for volume pipe:0 (G4Tubs) ... OK! 
BLCMDtubs::Construct pipe parent= relZ=2647.4 globZ=2647.4
	zmin=2500.0 zmax=2794.9 kill=1
Checking overlaps for volume pipe:0 (G4Tubs) ... OK! 
BLCMDtubs::Construct pipe parent= relZ=3602.6 globZ=3602.6
	zmin=3455.1 zmax=3750.0 kill=1
Checking overlaps for volume pipe:0 (G4Tubs) ... OK! 
BLCMDtubs::Construct pipe parent= relZ=3897.4 globZ=3897.4
	zmin=3750.0 zmax=4044.9 kill=1
Checking overlaps for volume pipe:0 (G4Tubs) ... OK! 
BLCMDtubs::Construct pipe parent= relZ=4852.6 globZ=4852.6
	zmin=4705.1 zmax=5000.0 kill=1
Checking overlaps for volume pipe:0 (G4Tubs) ... OK! 
BLCMDtubs::Construct pipe parent= relZ=5147.4 globZ=5147.4
	zmin=5000.0 zmax=5294.9 kill=1
Checking overlaps for volume pipe:0 (G4Tubs) ... OK! 
BLCMDtubs::Construct pipe parent= relZ=6102.6 globZ=6102.6
	zmin=5955.1 zmax=6250.0 kill=1
Checking overlaps for volume pipe:0 (G4Tubs) ... OK! 
BLCMDtubs::Construct pipe parent= relZ=6397.4 globZ=6397.4
	zmin=6250.0 zmax=6544.9 kill=1
Checking overlaps for volume pipe:0 (G4Tubs) ... OK! 
BLCMDtubs::Construct pipe parent= relZ=7352.6 globZ=7352.6
	zmin=7205.1 zmax=7500.0 kill=1
Checking overlaps for volume pipe:0 (G4Tubs) ... OK! 
BLCMDtubs::Construct pipe parent= relZ=7647.4 globZ=7647.4
	zmin=7500.0 zmax=7794.9 kill=1
Checking overlaps for volume pipe:0 (G4Tubs) ... OK! 
BLCMDtubs::Construct pipe parent= relZ=8602.6 globZ=8602.6
	zmin=8455.1 zmax=8750.0 kill=1
Checking overlaps for volume pipe:0 (G4Tubs) ... OK! 
BLCMDtubs::Construct pipe parent= relZ=8897.4 globZ=8897.4
	zmin=8750.0 zmax=9044.9 kill=1
Checking overlaps for volume pipe:0 (G4Tubs) ... OK! 
BLCMDtubs::Construct pipe parent= relZ=9852.6 globZ=9852.6
	zmin=9705.1 zmax=10000.0 kill=1
Checking overlaps for volume pipe:0 (G4Tubs) ... OK! 
BLCMDtubs::Construct pipe parent= relZ=10147.4 globZ=10147.4
	zmin=10000.0 zmax=10294.9 kill=1
Checking overlaps for volume pipe:0 (G4Tubs) ... OK! 
BLCMDtubs::Construct pipe parent= relZ=11102.6 globZ=11102.6
	zmin=10955.1 zmax=11250.0 kill=1
Checking overlaps for volume pipe:0 (G4Tubs) ... OK! 
BLCMDtubs::Construct pipe parent= relZ=11397.4 globZ=11397.4
	zmin=11250.0 zmax=11544.9 kill=1
Checking overlaps for volume pipe:0 (G4Tubs) ... OK! 
BLCMDtubs::Construct pipe parent= relZ=12352.6 globZ=12352.6
	zmin=12205.1 zmax=12500.0 kill=1
Checking overlaps for volume pipe:0 (G4Tubs) ... OK! 
BLCMDtubs::Construct pipe parent= relZ=12647.4 globZ=12647.4
	zmin=12500.0 zmax=12794.9 kill=1
Checking overlaps for volume pipe:0 (G4Tubs) ... OK! 
BLCMDtubs::Construct pipe parent= relZ=13602.6 globZ=13602.6
	zmin=13455.1 zmax=13750.0 kill=1
Checking overlaps for volume pipe:0 (G4Tubs) ... OK! 
BLCMDtubs::Construct pipe parent= relZ=13897.4 globZ=13897.4
	zmin=13750.0 zmax=14044.9 kill=1
Checking overlaps for volume pipe:0 (G4Tubs) ... OK! 
BLCMDtubs::Construct pipe parent= relZ=14852.6 globZ=14852.6
	zmin=14705.1 zmax=15000.0 kill=1
Checking overlaps for volume pipe:0 (G4Tubs) ... OK! 
BLCMDtubs::Construct pipe parent= relZ=15147.4 globZ=15147.4
	zmin=15000.0 zmax=15294.9 kill=1
Checking overlaps for volume pipe:0 (G4Tubs) ... OK! 
BLCMDtubs::Construct pipe parent= relZ=16102.6 globZ=16102.6
	zmin=15955.1 zmax=16250.0 kill=1
Checking overlaps for volume pipe:0 (G4Tubs) ... OK! 
BLCMDtubs::Construct pipe parent= relZ=16397.4 globZ=16397.4
	zmin=16250.0 zmax=16544.9 kill=1
Checking overlaps for volume pipe:0 (G4Tubs) ... OK! 
BLCMDtubs::Construct pipe parent= relZ=17352.6 globZ=17352.6
	zmin=17205.1 zmax=17500.0 kill=1
Checking overlaps for volume pipe:0 (G4Tubs) ... OK! 
BLCMDtubs::Construct pipe parent= relZ=17647.4 globZ=17647.4
	zmin=17500.0 zmax=17794.9 kill=1
Checking overlaps for volume pipe:0 (G4Tubs) ... OK! 
BLCMDtubs::Construct pipe parent= relZ=18602.6 globZ=18602.6
	zmin=18455.1 zmax=18750.0 kill=1
Checking overlaps for volume pipe:0 (G4Tubs) ... OK! 
BLCMDtubs::Construct pipe parent= relZ=18897.4 globZ=18897.4
	zmin=18750.0 zmax=19044.9 kill=1
Checking overlaps for volume pipe:0 (G4Tubs) ... OK! 
BLCMDtubs::Construct pipe parent= relZ=19852.6 globZ=19852.6
	zmin=19705.1 zmax=20000.0 kill=1
Checking overlaps for volume pipe:0 (G4Tubs) ... OK! 
BLCMDtubs::Construct pipe parent= relZ=20147.4 globZ=20147.4
	zmin=20000.0 zmax=20294.9 kill=1
Checking overlaps for volume pipe:0 (G4Tubs) ... OK! 
BLCMDtubs::Construct pipe parent= relZ=21102.6 globZ=21102.6
	zmin=20955.1 zmax=21250.0 kill=1
Checking overlaps for volume pipe:0 (G4Tubs) ... OK! 
BLCMDtubs::Construct pipe parent= relZ=21397.4 globZ=21397.4
	zmin=21250.0 zmax=21544.9 kill=1
Checking overlaps for volume pipe:0 (G4Tubs) ... OK! 
BLCMDtubs::Construct pipe parent= relZ=22352.6 globZ=22352.6
	zmin=22205.1 zmax=22500.0 kill=1
Checking overlaps for volume pipe:0 (G4Tubs) ... OK! 
BLCMDtubs::Construct pipe parent= relZ=22647.4 globZ=22647.4
	zmin=22500.0 zmax=22794.9 kill=1
Checking overlaps for volume pipe:0 (G4Tubs) ... OK! 
BLCMDtubs::Construct pipe parent= relZ=23602.6 globZ=23602.6
	zmin=23455.1 zmax=23750.0 kill=1
Checking overlaps for volume pipe:0 (G4Tubs) ... OK! 
BLCMDtubs::Construct pipe parent= relZ=23897.4 globZ=23897.4
	zmin=23750.0 zmax=24044.9 kill=1
Checking overlaps for volume pipe:0 (G4Tubs) ... OK! 
BLCMDtubs::Construct pipe parent= relZ=24852.6 globZ=24852.6
	zmin=24705.1 zmax=25000.0 kill=1
Checking overlaps for volume pipe:0 (G4Tubs) ... OK! 
BLCMDtubs::Construct pipe parent= relZ=25147.4 globZ=25147.4
	zmin=25000.0 zmax=25294.9 kill=1
Checking overlaps for volume pipe:0 (G4Tubs) ... OK! 
BLCMDtubs::Construct pipe parent= relZ=26102.6 globZ=26102.6
	zmin=25955.1 zmax=26250.0 kill=1
Checking overlaps for volume pipe:0 (G4Tubs) ... OK! 
BLCMDtubs::Construct pipe parent= relZ=26397.4 globZ=26397.4
	zmin=26250.0 zmax=26544.9 kill=1
Checking overlaps for volume pipe:0 (G4Tubs) ... OK! 
BLCMDtubs::Construct pipe parent= relZ=27352.6 globZ=27352.6
	zmin=27205.1 zmax=27500.0 kill=1
Checking overlaps for volume pipe:0 (G4Tubs) ... OK! 
BLCMDtubs::Construct pipe parent= relZ=27647.4 globZ=27647.4
	zmin=27500.0 zmax=27794.9 kill=1
Checking overlaps for volume pipe:0 (G4Tubs) ... OK! 
BLCMDtubs::Construct pipe parent= relZ=28602.6 globZ=28602.6
	zmin=28455.1 zmax=28750.0 kill=1
Checking overlaps for volume pipe:0 (G4Tubs) ... OK! 
BLCMDtubs::Construct pipe parent= relZ=28897.4 globZ=28897.4
	zmin=28750.0 zmax=29044.9 kill=1
Checking overlaps for volume pipe:0 (G4Tubs) ... OK! 
BLCMDtubs::Construct pipe parent= relZ=29852.6 globZ=29852.6
	zmin=29705.1 zmax=30000.0 kill=1
Checking overlaps for volume pipe:0 (G4Tubs) ... OK! 
BLCMDtubs::Construct pipe parent= relZ=30147.4 globZ=30147.4
	zmin=30000.0 zmax=30294.9 kill=1
Checking overlaps for volume pipe:0 (G4Tubs) ... OK! 
BLCMDtubs::Construct pipe parent= relZ=31102.6 globZ=31102.6
	zmin=30955.1 zmax=31250.0 kill=1
Checking overlaps for volume pipe:0 (G4Tubs) ... OK! 
BLCMDtubs::Construct pipe parent= relZ=31397.4 globZ=31397.4
	zmin=31250.0 zmax=31544.9 kill=1
Checking overlaps for volume pipe:0 (G4Tubs) ... OK! 
BLCMDtubs::Construct pipe parent= relZ=32352.6 globZ=32352.6
	zmin=32205.1 zmax=32500.0 kill=1
Checking overlaps for volume pipe:0 (G4Tubs) ... OK! 
BLCMDtubs::Construct pipe parent= relZ=32647.4 globZ=32647.4
	zmin=32500.0 zmax=32794.9 kill=1
Checking overlaps for volume pipe:0 (G4Tubs) ... OK! 
BLCMDtubs::Construct pipe parent= relZ=33602.6 globZ=33602.6
	zmin=33455.1 zmax=33750.0 kill=1
Checking overlaps for volume pipe:0 (G4Tubs) ... OK! 
BLCMDtubs::Construct pipe parent= relZ=33897.4 globZ=33897.4
	zmin=33750.0 zmax=34044.9 kill=1
Checking overlaps for volume pipe:0 (G4Tubs) ... OK! 
BLCMDtubs::Construct pipe parent= relZ=34852.6 globZ=34852.6
	zmin=34705.1 zmax=35000.0 kill=1
Checking overlaps for volume pipe:0 (G4Tubs) ... OK! 
BLCMDtubs::Construct pipe parent= relZ=35147.4 globZ=35147.4
	zmin=35000.0 zmax=35294.9 kill=1
Checking overlaps for volume pipe:0 (G4Tubs) ... OK! 
BLCMDtubs::Construct pipe parent= relZ=36102.6 globZ=36102.6
	zmin=35955.1 zmax=36250.0 kill=1
Checking overlaps for volume pipe:0 (G4Tubs) ... OK! 
BLCMDtubs::Construct pipe parent= relZ=36397.4 globZ=36397.4
	zmin=36250.0 zmax=36544.9 kill=1
Checking overlaps for volume pipe:0 (G4Tubs) ... OK! 
BLCMDtubs::Construct pipe parent= relZ=37352.6 globZ=37352.6
	zmin=37205.1 zmax=37500.0 kill=1
Checking overlaps for volume pipe:0 (G4Tubs) ... OK! 
BLCMDtubs::Construct pipe parent= relZ=37647.4 globZ=37647.4
	zmin=37500.0 zmax=37794.9 kill=1
Checking overlaps for volume pipe:0 (G4Tubs) ... OK! 
BLCMDtubs::Construct pipe parent= relZ=38602.6 globZ=38602.6
	zmin=38455.1 zmax=38750.0 kill=1
Checking overlaps for volume pipe:0 (G4Tubs) ... OK! 
BLCMDtubs::Construct pipe parent= relZ=38897.4 globZ=38897.4
	zmin=38750.0 zmax=39044.9 kill=1
Checking overlaps for volume pipe:0 (G4Tubs) ... OK! 
BLCMDtubs::Construct pipe parent= relZ=39852.6 globZ=39852.6
	zmin=39705.1 zmax=40000.0 kill=1
Checking overlaps for volume pipe:0 (G4Tubs) ... OK! 
BLCMDtubs::Construct pipe parent= relZ=40147.4 globZ=40147.4
	zmin=40000.0 zmax=40294.9 kill=1
Checking overlaps for volume pipe:0 (G4Tubs) ... OK! 
BLCMDtubs::Construct pipe parent= relZ=41102.6 globZ=41102.6
	zmin=40955.1 zmax=41250.0 kill=1
Checking overlaps for volume pipe:0 (G4Tubs) ... OK! 
BLCMDtubs::Construct pipe parent= relZ=41397.4 globZ=41397.4
	zmin=41250.0 zmax=41544.9 kill=1
Checking overlaps for volume pipe:0 (G4Tubs) ... OK! 
BLCMDtubs::Construct pipe parent= relZ=42352.6 globZ=42352.6
	zmin=42205.1 zmax=42500.0 kill=1
Checking overlaps for volume pipe:0 (G4Tubs) ... OK! 
BLCMDtubs::Construct pipe parent= relZ=42647.4 globZ=42647.4
	zmin=42500.0 zmax=42794.9 kill=1
Checking overlaps for volume pipe:0 (G4Tubs) ... OK! 
BLCMDtubs::Construct pipe parent= relZ=43602.6 globZ=43602.6
	zmin=43455.1 zmax=43750.0 kill=1
Checking overlaps for volume pipe:0 (G4Tubs) ... OK! 
BLCMDtubs::Construct pipe parent= relZ=43897.4 globZ=43897.4
	zmin=43750.0 zmax=44044.9 kill=1
Checking overlaps for volume pipe:0 (G4Tubs) ... OK! 
BLCMDtubs::Construct pipe parent= relZ=44852.6 globZ=44852.6
	zmin=44705.1 zmax=45000.0 kill=1
Checking overlaps for volume pipe:0 (G4Tubs) ... OK! 
BLCMDtubs::Construct pipe parent= relZ=45147.4 globZ=45147.4
	zmin=45000.0 zmax=45294.9 kill=1
Checking overlaps for volume pipe:0 (G4Tubs) ... OK! 
BLCMDtubs::Construct pipe parent= relZ=46102.6 globZ=46102.6
	zmin=45955.1 zmax=46250.0 kill=1
Checking overlaps for volume pipe:0 (G4Tubs) ... OK! 
BLCMDtubs::Construct pipe parent= relZ=46397.4 globZ=46397.4
	zmin=46250.0 zmax=46544.9 kill=1
Checking overlaps for volume pipe:0 (G4Tubs) ... OK! 
BLCMDtubs::Construct pipe parent= relZ=47352.6 globZ=47352.6
	zmin=47205.1 zmax=47500.0 kill=1
Checking overlaps for volume pipe:0 (G4Tubs) ... OK! 
BLCMDtubs::Construct pipe parent= relZ=47647.4 globZ=47647.4
	zmin=47500.0 zmax=47794.9 kill=1
Checking overlaps for volume pipe:0 (G4Tubs) ... OK! 
BLCMDtubs::Construct pipe parent= relZ=48602.6 globZ=48602.6
	zmin=48455.1 zmax=48750.0 kill=1
Checking overlaps for volume pipe:0 (G4Tubs) ... OK! 
BLCMDtubs::Construct pipe parent= relZ=48897.4 globZ=48897.4
	zmin=48750.0 zmax=49044.9 kill=1
Checking overlaps for volume pipe:0 (G4Tubs) ... OK! 
BLCMDtubs::Construct pipe parent= relZ=49852.6 globZ=49852.6
	zmin=49705.1 zmax=50000.0 kill=1
Checking overlaps for volume pipe:0 (G4Tubs) ... OK! 
BLCMDtubs::Construct pipe parent= relZ=50147.4 globZ=50147.4
	zmin=50000.0 zmax=50294.9 kill=1
Checking overlaps for volume pipe:0 (G4Tubs) ... OK! 
BLCMDtubs::Construct pipe parent= relZ=51102.6 globZ=51102.6
	zmin=50955.1 zmax=51250.0 kill=1
Checking overlaps for volume pipe:0 (G4Tubs) ... OK! 
BLCMDtubs::Construct pipe parent= relZ=51397.4 globZ=51397.4
	zmin=51250.0 zmax=51544.9 kill=1
Checking overlaps for volume pipe:0 (G4Tubs) ... OK! 
BLCMDtubs::Construct pipe parent= relZ=52352.6 globZ=52352.6
	zmin=52205.1 zmax=52500.0 kill=1
Checking overlaps for volume pipe:0 (G4Tubs) ... OK! 
BLCMDtubs::Construct pipe parent= relZ=52647.4 globZ=52647.4
	zmin=52500.0 zmax=52794.9 kill=1
Checking overlaps for volume pipe:0 (G4Tubs) ... OK! 
BLCMDtubs::Construct pipe parent= relZ=53602.6 globZ=53602.6
	zmin=53455.1 zmax=53750.0 kill=1
Checking overlaps for volume pipe:0 (G4Tubs) ... OK! 
BLCMDtubs::Construct pipe parent= relZ=53897.4 globZ=53897.4
	zmin=53750.0 zmax=54044.9 kill=1
Checking overlaps for volume pipe:0 (G4Tubs) ... OK! 
BLCMDtubs::Construct pipe parent= relZ=54852.6 globZ=54852.6
	zmin=54705.1 zmax=55000.0 kill=1
Checking overlaps for volume pipe:0 (G4Tubs) ... OK! 
BLCMDtubs::Construct pipe parent= relZ=55147.4 globZ=55147.4
	zmin=55000.0 zmax=55294.9 kill=1
Checking overlaps for volume pipe:0 (G4Tubs) ... OK! 
BLCMDtubs::Construct pipe parent= relZ=56102.6 globZ=56102.6
	zmin=55955.1 zmax=56250.0 kill=1
Checking overlaps for volume pipe:0 (G4Tubs) ... OK! 
BLCMDtubs::Construct pipe parent= relZ=56397.4 globZ=56397.4
	zmin=56250.0 zmax=56544.9 kill=1
Checking overlaps for volume pipe:0 (G4Tubs) ... OK! 
BLCMDtubs::Construct pipe parent= relZ=57352.6 globZ=57352.6
	zmin=57205.1 zmax=57500.0 kill=1
Checking overlaps for volume pipe:0 (G4Tubs) ... OK! 
BLCMDtubs::Construct pipe parent= relZ=57647.4 globZ=57647.4
	zmin=57500.0 zmax=57794.9 kill=1
Checking overlaps for volume pipe:0 (G4Tubs) ... OK! 
BLCMDtubs::Construct pipe parent= relZ=58602.6 globZ=58602.6
	zmin=58455.1 zmax=58750.0 kill=1
Checking overlaps for volume pipe:0 (G4Tubs) ... OK! 
BLCMDtubs::Construct pipe parent= relZ=58897.4 globZ=58897.4
	zmin=58750.0 zmax=59044.9 kill=1
Checking overlaps for volume pipe:0 (G4Tubs) ... OK! 
BLCMDtubs::Construct pipe parent= relZ=59852.6 globZ=59852.6
	zmin=59705.1 zmax=60000.0 kill=1
Checking overlaps for volume pipe:0 (G4Tubs) ... OK! 
BLCMDtubs::Construct pipe parent= relZ=60147.4 globZ=60147.4
	zmin=60000.0 zmax=60294.9 kill=1
Checking overlaps for volume pipe:0 (G4Tubs) ... OK! 
BLCMDtubs::Construct pipe parent= relZ=61102.6 globZ=61102.6
	zmin=60955.1 zmax=61250.0 kill=1
Checking overlaps for volume pipe:0 (G4Tubs) ... OK! 
BLCMDtubs::Construct pipe parent= relZ=61397.4 globZ=61397.4
	zmin=61250.0 zmax=61544.9 kill=1
Checking overlaps for volume pipe:0 (G4Tubs) ... OK! 
BLCMDtubs::Construct pipe parent= relZ=62352.6 globZ=62352.6
	zmin=62205.1 zmax=62500.0 kill=1
Checking overlaps for volume pipe:0 (G4Tubs) ... OK! 
BLCMDtubs::Construct pipe parent= relZ=62647.4 globZ=62647.4
	zmin=62500.0 zmax=62794.9 kill=1
Checking overlaps for volume pipe:0 (G4Tubs) ... OK! 
BLCMDtubs::Construct pipe parent= relZ=63602.6 globZ=63602.6
	zmin=63455.1 zmax=63750.0 kill=1
Checking overlaps for volume pipe:0 (G4Tubs) ... OK! 
BLCMDtubs::Construct pipe parent= relZ=63897.4 globZ=63897.4
	zmin=63750.0 zmax=64044.9 kill=1
Checking overlaps for volume pipe:0 (G4Tubs) ... OK! 
BLCMDtubs::Construct pipe parent= relZ=64852.6 globZ=64852.6
	zmin=64705.1 zmax=65000.0 kill=1
Checking overlaps for volume pipe:0 (G4Tubs) ... OK! 
BLCMDtubs::Construct pipe parent= relZ=65147.4 globZ=65147.4
	zmin=65000.0 zmax=65294.9 kill=1
Checking overlaps for volume pipe:0 (G4Tubs) ... OK! 
BLCMDtubs::Construct pipe parent= relZ=66102.6 globZ=66102.6
	zmin=65955.1 zmax=66250.0 kill=1
Checking overlaps for volume pipe:0 (G4Tubs) ... OK! 
BLCMDtubs::Construct pipe parent= relZ=66397.4 globZ=66397.4
	zmin=66250.0 zmax=66544.9 kill=1
Checking overlaps for volume pipe:0 (G4Tubs) ... OK! 
BLCMDtubs::Construct pipe parent= relZ=67352.6 globZ=67352.6
	zmin=67205.1 zmax=67500.0 kill=1
Checking overlaps for volume pipe:0 (G4Tubs) ... OK! 
BLCMDtubs::Construct pipe parent= relZ=67647.4 globZ=67647.4
	zmin=67500.0 zmax=67794.9 kill=1
Checking overlaps for volume pipe:0 (G4Tubs) ... OK! 
BLCMDtubs::Construct pipe parent= relZ=68602.6 globZ=68602.6
	zmin=68455.1 zmax=68750.0 kill=1
Checking overlaps for volume pipe:0 (G4Tubs) ... OK! 
BLCMDtubs::Construct pipe parent= relZ=68897.4 globZ=68897.4
	zmin=68750.0 zmax=69044.9 kill=1
Checking overlaps for volume pipe:0 (G4Tubs) ... OK! 
BLCMDtubs::Construct pipe parent= relZ=69852.6 globZ=69852.6
	zmin=69705.1 zmax=70000.0 kill=1
Checking overlaps for volume pipe:0 (G4Tubs) ... OK! 
BLCMDtubs::Construct pipe parent= relZ=70147.4 globZ=70147.4
	zmin=70000.0 zmax=70294.9 kill=1
Checking overlaps for volume pipe:0 (G4Tubs) ... OK! 
BLCMDtubs::Construct pipe parent= relZ=71102.6 globZ=71102.6
	zmin=70955.1 zmax=71250.0 kill=1
Checking overlaps for volume pipe:0 (G4Tubs) ... OK! 
BLCMDtubs::Construct pipe parent= relZ=71397.4 globZ=71397.4
	zmin=71250.0 zmax=71544.9 kill=1
Checking overlaps for volume pipe:0 (G4Tubs) ... OK! 
BLCMDtubs::Construct pipe parent= relZ=72352.6 globZ=72352.6
	zmin=72205.1 zmax=72500.0 kill=1
Checking overlaps for volume pipe:0 (G4Tubs) ... OK! 
BLCMDtubs::Construct pipe parent= relZ=72647.4 globZ=72647.4
	zmin=72500.0 zmax=72794.9 kill=1
Checking overlaps for volume pipe:0 (G4Tubs) ... OK! 
BLCMDtubs::Construct pipe parent= relZ=73602.6 globZ=73602.6
	zmin=73455.1 zmax=73750.0 kill=1
Checking overlaps for volume pipe:0 (G4Tubs) ... OK! 
BLCMDtubs::Construct pipe parent= relZ=73897.4 globZ=73897.4
	zmin=73750.0 zmax=74044.9 kill=1
Checking overlaps for volume pipe:0 (G4Tubs) ... OK! 
BLCMDtubs::Construct pipe parent= relZ=74852.6 globZ=74852.6
	zmin=74705.1 zmax=75000.0 kill=1
Checking overlaps for volume pipe:0 (G4Tubs) ... OK! 
BLCMDtubs::Construct pipe parent= relZ=75147.4 globZ=75147.4
	zmin=75000.0 zmax=75294.9 kill=1
Checking overlaps for volume pipe:0 (G4Tubs) ... OK! 
BLCMDtubs::Construct pipe parent= relZ=76102.6 globZ=76102.6
	zmin=75955.1 zmax=76250.0 kill=1
Checking overlaps for volume rf_c_0Pipe:0 (G4Tubs) ... OK! 
Checking overlaps for volume rf_c_0UsWall:0 (G4Tubs) ... OK! 
Checking overlaps for volume rf_c_0DsWall:0 (G4Tubs) ... OK! 
Checking overlaps for volume rf_c_0UsWin1:0 (G4Tubs) ... OK! 
Checking overlaps for volume rf_c_0DsWin1:0 (G4Tubs) ... OK! 
Checking overlaps for volume rf_c_0UsWin2:0 (G4Tubs) ... OK! 
Checking overlaps for volume rf_c_0DsWin2:0 (G4Tubs) ... OK! 
Checking overlaps for volume rf_c_0DsHalf:0 (G4Tubs) ... OK! 
Checking overlaps for volume rf_c_0TimingVol:0 (G4Tubs) ... OK! 
Checking overlaps for volume rf_c_0:0 (G4Tubs) ... OK! 
BLCMDpillbox::construct rf_c_0 parent= relZ=404.9 globZ=404.9
	zmin=294.9 zmax=515.0
Checking overlaps for volume rf_d_0Pipe:0 (G4Tubs) ... OK! 
Checking overlaps for volume rf_d_0UsWall:0 (G4Tubs) ... OK! 
Checking overlaps for volume rf_d_0DsWall:0 (G4Tubs) ... OK! 
Checking overlaps for volume rf_d_0UsWin1:0 (G4Tubs) ... OK! 
Checking overlaps for volume rf_d_0DsWin1:0 (G4Tubs) ... OK! 
Checking overlaps for volume rf_d_0UsWin2:0 (G4Tubs) ... OK! 
Checking overlaps for volume rf_d_0DsWin2:0 (G4Tubs) ... OK! 
Checking overlaps for volume rf_d_0DsHalf:0 (G4Tubs) ... OK! 
Checking overlaps for volume rf_d_0TimingVol:0 (G4Tubs) ... OK! 
Checking overlaps for volume rf_d_0:0 (G4Tubs) ... OK! 
BLCMDpillbox::construct rf_d_0 parent= relZ=625.0 globZ=625.0
	zmin=515.0 zmax=735.0
Checking overlaps for volume rf_e_0Pipe:0 (G4Tubs) ... OK! 
Checking overlaps for volume rf_e_0UsWall:0 (G4Tubs) ... OK! 
Checking overlaps for volume rf_e_0DsWall:0 (G4Tubs) ... OK! 
Checking overlaps for volume rf_e_0UsWin1:0 (G4Tubs) ... OK! 
Checking overlaps for volume rf_e_0DsWin1:0 (G4Tubs) ... OK! 
Checking overlaps for volume rf_e_0UsWin2:0 (G4Tubs) ... OK! 
Checking overlaps for volume rf_e_0DsWin2:0 (G4Tubs) ... OK! 
Checking overlaps for volume rf_e_0DsHalf:0 (G4Tubs) ... OK! 
Checking overlaps for volume rf_e_0TimingVol:0 (G4Tubs) ... OK! 
Checking overlaps for volume rf_e_0:0 (G4Tubs) ... OK! 
BLCMDpillbox::construct rf_e_0 parent= relZ=845.1 globZ=845.1
	zmin=735.0 zmax=955.1
Checking overlaps for volume rf_c_1Pipe:0 (G4Tubs) ... OK! 
Checking overlaps for volume rf_c_1UsWall:0 (G4Tubs) ... OK! 
Checking overlaps for volume rf_c_1DsWall:0 (G4Tubs) ... OK! 
Checking overlaps for volume rf_c_1UsWin1:0 (G4Tubs) ... OK! 
Checking overlaps for volume rf_c_1DsWin1:0 (G4Tubs) ... OK! 
Checking overlaps for volume rf_c_1UsWin2:0 (G4Tubs) ... OK! 
Checking overlaps for volume rf_c_1DsWin2:0 (G4Tubs) ... OK! 
Checking overlaps for volume rf_c_1DsHalf:0 (G4Tubs) ... OK! 
Checking overlaps for volume rf_c_1TimingVol:0 (G4Tubs) ... OK! 
Checking overlaps for volume rf_c_1:0 (G4Tubs) ... OK! 
BLCMDpillbox::construct rf_c_1 parent= relZ=1654.9 globZ=1654.9
	zmin=1544.9 zmax=1765.0
Checking overlaps for volume rf_d_1Pipe:0 (G4Tubs) ... OK! 
Checking overlaps for volume rf_d_1UsWall:0 (G4Tubs) ... OK! 
Checking overlaps for volume rf_d_1DsWall:0 (G4Tubs) ... OK! 
Checking overlaps for volume rf_d_1UsWin1:0 (G4Tubs) ... OK! 
Checking overlaps for volume rf_d_1DsWin1:0 (G4Tubs) ... OK! 
Checking overlaps for volume rf_d_1UsWin2:0 (G4Tubs) ... OK! 
Checking overlaps for volume rf_d_1DsWin2:0 (G4Tubs) ... OK! 
Checking overlaps for volume rf_d_1DsHalf:0 (G4Tubs) ... OK! 
Checking overlaps for volume rf_d_1TimingVol:0 (G4Tubs) ... OK! 
Checking overlaps for volume rf_d_1:0 (G4Tubs) ... OK! 
BLCMDpillbox::construct rf_d_1 parent= relZ=1875.0 globZ=1875.0
	zmin=1765.0 zmax=1985.0
Checking overlaps for volume rf_e_1Pipe:0 (G4Tubs) ... OK! 
Checking overlaps for volume rf_e_1UsWall:0 (G4Tubs) ... OK! 
Checking overlaps for volume rf_e_1DsWall:0 (G4Tubs) ... OK! 
Checking overlaps for volume rf_e_1UsWin1:0 (G4Tubs) ... OK! 
Checking overlaps for volume rf_e_1DsWin1:0 (G4Tubs) ... OK! 
Checking overlaps for volume rf_e_1UsWin2:0 (G4Tubs) ... OK! 
Checking overlaps for volume rf_e_1DsWin2:0 (G4Tubs) ... OK! 
Checking overlaps for volume rf_e_1DsHalf:0 (G4Tubs) ... OK! 
Checking overlaps for volume rf_e_1TimingVol:0 (G4Tubs) ... OK! 
Checking overlaps for volume rf_e_1:0 (G4Tubs) ... OK! 
BLCMDpillbox::construct rf_e_1 parent= relZ=2095.1 globZ=2095.1
	zmin=1985.0 zmax=2205.1
Checking overlaps for volume rf_c_2Pipe:0 (G4Tubs) ... OK! 
Checking overlaps for volume rf_c_2UsWall:0 (G4Tubs) ... OK! 
Checking overlaps for volume rf_c_2DsWall:0 (G4Tubs) ... OK! 
Checking overlaps for volume rf_c_2UsWin1:0 (G4Tubs) ... OK! 
Checking overlaps for volume rf_c_2DsWin1:0 (G4Tubs) ... OK! 
Checking overlaps for volume rf_c_2UsWin2:0 (G4Tubs) ... OK! 
Checking overlaps for volume rf_c_2DsWin2:0 (G4Tubs) ... OK! 
Checking overlaps for volume rf_c_2DsHalf:0 (G4Tubs) ... OK! 
Checking overlaps for volume rf_c_2TimingVol:0 (G4Tubs) ... OK! 
Checking overlaps for volume rf_c_2:0 (G4Tubs) ... OK! 
BLCMDpillbox::construct rf_c_2 parent= relZ=2904.9 globZ=2904.9
	zmin=2794.9 zmax=3015.0
Checking overlaps for volume rf_d_2Pipe:0 (G4Tubs) ... OK! 
Checking overlaps for volume rf_d_2UsWall:0 (G4Tubs) ... OK! 
Checking overlaps for volume rf_d_2DsWall:0 (G4Tubs) ... OK! 
Checking overlaps for volume rf_d_2UsWin1:0 (G4Tubs) ... OK! 
Checking overlaps for volume rf_d_2DsWin1:0 (G4Tubs) ... OK! 
Checking overlaps for volume rf_d_2UsWin2:0 (G4Tubs) ... OK! 
Checking overlaps for volume rf_d_2DsWin2:0 (G4Tubs) ... OK! 
Checking overlaps for volume rf_d_2DsHalf:0 (G4Tubs) ... OK! 
Checking overlaps for volume rf_d_2TimingVol:0 (G4Tubs) ... OK! 
Checking overlaps for volume rf_d_2:0 (G4Tubs) ... OK! 
BLCMDpillbox::construct rf_d_2 parent= relZ=3125.0 globZ=3125.0
	zmin=3015.0 zmax=3235.0
Checking overlaps for volume rf_e_2Pipe:0 (G4Tubs) ... OK! 
Checking overlaps for volume rf_e_2UsWall:0 (G4Tubs) ... OK! 
Checking overlaps for volume rf_e_2DsWall:0 (G4Tubs) ... OK! 
Checking overlaps for volume rf_e_2UsWin1:0 (G4Tubs) ... OK! 
Checking overlaps for volume rf_e_2DsWin1:0 (G4Tubs) ... OK! 
Checking overlaps for volume rf_e_2UsWin2:0 (G4Tubs) ... OK! 
Checking overlaps for volume rf_e_2DsWin2:0 (G4Tubs) ... OK! 
Checking overlaps for volume rf_e_2DsHalf:0 (G4Tubs) ... OK! 
Checking overlaps for volume rf_e_2TimingVol:0 (G4Tubs) ... OK! 
Checking overlaps for volume rf_e_2:0 (G4Tubs) ... OK! 
BLCMDpillbox::construct rf_e_2 parent= relZ=3345.1 globZ=3345.1
	zmin=3235.0 zmax=3455.1
Checking overlaps for volume rf_c_3Pipe:0 (G4Tubs) ... OK! 
Checking overlaps for volume rf_c_3UsWall:0 (G4Tubs) ... OK! 
Checking overlaps for volume rf_c_3DsWall:0 (G4Tubs) ... OK! 
Checking overlaps for volume rf_c_3UsWin1:0 (G4Tubs) ... OK! 
Checking overlaps for volume rf_c_3DsWin1:0 (G4Tubs) ... OK! 
Checking overlaps for volume rf_c_3UsWin2:0 (G4Tubs) ... OK! 
Checking overlaps for volume rf_c_3DsWin2:0 (G4Tubs) ... OK! 
Checking overlaps for volume rf_c_3DsHalf:0 (G4Tubs) ... OK! 
Checking overlaps for volume rf_c_3TimingVol:0 (G4Tubs) ... OK! 
Checking overlaps for volume rf_c_3:0 (G4Tubs) ... OK! 
BLCMDpillbox::construct rf_c_3 parent= relZ=4154.9 globZ=4154.9
	zmin=4044.9 zmax=4265.0
Checking overlaps for volume rf_d_3Pipe:0 (G4Tubs) ... OK! 
Checking overlaps for volume rf_d_3UsWall:0 (G4Tubs) ... OK! 
Checking overlaps for volume rf_d_3DsWall:0 (G4Tubs) ... OK! 
Checking overlaps for volume rf_d_3UsWin1:0 (G4Tubs) ... OK! 
Checking overlaps for volume rf_d_3DsWin1:0 (G4Tubs) ... OK! 
Checking overlaps for volume rf_d_3UsWin2:0 (G4Tubs) ... OK! 
Checking overlaps for volume rf_d_3DsWin2:0 (G4Tubs) ... OK! 
Checking overlaps for volume rf_d_3DsHalf:0 (G4Tubs) ... OK! 
Checking overlaps for volume rf_d_3TimingVol:0 (G4Tubs) ... OK! 
Checking overlaps for volume rf_d_3:0 (G4Tubs) ... OK! 
BLCMDpillbox::construct rf_d_3 parent= relZ=4375.0 globZ=4375.0
	zmin=4265.0 zmax=4485.0
Checking overlaps for volume rf_e_3Pipe:0 (G4Tubs) ... OK! 
Checking overlaps for volume rf_e_3UsWall:0 (G4Tubs) ... OK! 
Checking overlaps for volume rf_e_3DsWall:0 (G4Tubs) ... OK! 
Checking overlaps for volume rf_e_3UsWin1:0 (G4Tubs) ... OK! 
Checking overlaps for volume rf_e_3DsWin1:0 (G4Tubs) ... OK! 
Checking overlaps for volume rf_e_3UsWin2:0 (G4Tubs) ... OK! 
Checking overlaps for volume rf_e_3DsWin2:0 (G4Tubs) ... OK! 
Checking overlaps for volume rf_e_3DsHalf:0 (G4Tubs) ... OK! 
Checking overlaps for volume rf_e_3TimingVol:0 (G4Tubs) ... OK! 
Checking overlaps for volume rf_e_3:0 (G4Tubs) ... OK! 
BLCMDpillbox::construct rf_e_3 parent= relZ=4595.1 globZ=4595.1
	zmin=4485.0 zmax=4705.1
Checking overlaps for volume rf_c_4Pipe:0 (G4Tubs) ... OK! 
Checking overlaps for volume rf_c_4UsWall:0 (G4Tubs) ... OK! 
Checking overlaps for volume rf_c_4DsWall:0 (G4Tubs) ... OK! 
Checking overlaps for volume rf_c_4UsWin1:0 (G4Tubs) ... OK! 
Checking overlaps for volume rf_c_4DsWin1:0 (G4Tubs) ... OK! 
Checking overlaps for volume rf_c_4UsWin2:0 (G4Tubs) ... OK! 
Checking overlaps for volume rf_c_4DsWin2:0 (G4Tubs) ... OK! 
Checking overlaps for volume rf_c_4DsHalf:0 (G4Tubs) ... OK! 
Checking overlaps for volume rf_c_4TimingVol:0 (G4Tubs) ... OK! 
Checking overlaps for volume rf_c_4:0 (G4Tubs) ... OK! 
BLCMDpillbox::construct rf_c_4 parent= relZ=5404.9 globZ=5404.9
	zmin=5294.9 zmax=5515.0
Checking overlaps for volume rf_d_4Pipe:0 (G4Tubs) ... OK! 
Checking overlaps for volume rf_d_4UsWall:0 (G4Tubs) ... OK! 
Checking overlaps for volume rf_d_4DsWall:0 (G4Tubs) ... OK! 
Checking overlaps for volume rf_d_4UsWin1:0 (G4Tubs) ... OK! 
Checking overlaps for volume rf_d_4DsWin1:0 (G4Tubs) ... OK! 
Checking overlaps for volume rf_d_4UsWin2:0 (G4Tubs) ... OK! 
Checking overlaps for volume rf_d_4DsWin2:0 (G4Tubs) ... OK! 
Checking overlaps for volume rf_d_4DsHalf:0 (G4Tubs) ... OK! 
Checking overlaps for volume rf_d_4TimingVol:0 (G4Tubs) ... OK! 
Checking overlaps for volume rf_d_4:0 (G4Tubs) ... OK! 
BLCMDpillbox::construct rf_d_4 parent= relZ=5625.0 globZ=5625.0
	zmin=5515.0 zmax=5735.0
Checking overlaps for volume rf_e_4Pipe:0 (G4Tubs) ... OK! 
Checking overlaps for volume rf_e_4UsWall:0 (G4Tubs) ... OK! 
Checking overlaps for volume rf_e_4DsWall:0 (G4Tubs) ... OK! 
Checking overlaps for volume rf_e_4UsWin1:0 (G4Tubs) ... OK! 
Checking overlaps for volume rf_e_4DsWin1:0 (G4Tubs) ... OK! 
Checking overlaps for volume rf_e_4UsWin2:0 (G4Tubs) ... OK! 
Checking overlaps for volume rf_e_4DsWin2:0 (G4Tubs) ... OK! 
Checking overlaps for volume rf_e_4DsHalf:0 (G4Tubs) ... OK! 
Checking overlaps for volume rf_e_4TimingVol:0 (G4Tubs) ... OK! 
Checking overlaps for volume rf_e_4:0 (G4Tubs) ... OK! 
BLCMDpillbox::construct rf_e_4 parent= relZ=5845.1 globZ=5845.1
	zmin=5735.0 zmax=5955.1
Checking overlaps for volume rf_c_5Pipe:0 (G4Tubs) ... OK! 
Checking overlaps for volume rf_c_5UsWall:0 (G4Tubs) ... OK! 
Checking overlaps for volume rf_c_5DsWall:0 (G4Tubs) ... OK! 
Checking overlaps for volume rf_c_5UsWin1:0 (G4Tubs) ... OK! 
Checking overlaps for volume rf_c_5DsWin1:0 (G4Tubs) ... OK! 
Checking overlaps for volume rf_c_5UsWin2:0 (G4Tubs) ... OK! 
Checking overlaps for volume rf_c_5DsWin2:0 (G4Tubs) ... OK! 
Checking overlaps for volume rf_c_5DsHalf:0 (G4Tubs) ... OK! 
Checking overlaps for volume rf_c_5TimingVol:0 (G4Tubs) ... OK! 
Checking overlaps for volume rf_c_5:0 (G4Tubs) ... OK! 
BLCMDpillbox::construct rf_c_5 parent= relZ=6654.9 globZ=6654.9
	zmin=6544.9 zmax=6765.0
Checking overlaps for volume rf_d_5Pipe:0 (G4Tubs) ... OK! 
Checking overlaps for volume rf_d_5UsWall:0 (G4Tubs) ... OK! 
Checking overlaps for volume rf_d_5DsWall:0 (G4Tubs) ... OK! 
Checking overlaps for volume rf_d_5UsWin1:0 (G4Tubs) ... OK! 
Checking overlaps for volume rf_d_5DsWin1:0 (G4Tubs) ... OK! 
Checking overlaps for volume rf_d_5UsWin2:0 (G4Tubs) ... OK! 
Checking overlaps for volume rf_d_5DsWin2:0 (G4Tubs) ... OK! 
Checking overlaps for volume rf_d_5DsHalf:0 (G4Tubs) ... OK! 
Checking overlaps for volume rf_d_5TimingVol:0 (G4Tubs) ... OK! 
Checking overlaps for volume rf_d_5:0 (G4Tubs) ... OK! 
BLCMDpillbox::construct rf_d_5 parent= relZ=6875.0 globZ=6875.0
	zmin=6765.0 zmax=6985.0
Checking overlaps for volume rf_e_5Pipe:0 (G4Tubs) ... OK! 
Checking overlaps for volume rf_e_5UsWall:0 (G4Tubs) ... OK! 
Checking overlaps for volume rf_e_5DsWall:0 (G4Tubs) ... OK! 
Checking overlaps for volume rf_e_5UsWin1:0 (G4Tubs) ... OK! 
Checking overlaps for volume rf_e_5DsWin1:0 (G4Tubs) ... OK! 
Checking overlaps for volume rf_e_5UsWin2:0 (G4Tubs) ... OK! 
Checking overlaps for volume rf_e_5DsWin2:0 (G4Tubs) ... OK! 
Checking overlaps for volume rf_e_5DsHalf:0 (G4Tubs) ... OK! 
Checking overlaps for volume rf_e_5TimingVol:0 (G4Tubs) ... OK! 
Checking overlaps for volume rf_e_5:0 (G4Tubs) ... OK! 
BLCMDpillbox::construct rf_e_5 parent= relZ=7095.1 globZ=7095.1
	zmin=6985.0 zmax=7205.1
Checking overlaps for volume rf_c_6Pipe:0 (G4Tubs) ... OK! 
Checking overlaps for volume rf_c_6UsWall:0 (G4Tubs) ... OK! 
Checking overlaps for volume rf_c_6DsWall:0 (G4Tubs) ... OK! 
Checking overlaps for volume rf_c_6UsWin1:0 (G4Tubs) ... OK! 
Checking overlaps for volume rf_c_6DsWin1:0 (G4Tubs) ... OK! 
Checking overlaps for volume rf_c_6UsWin2:0 (G4Tubs) ... OK! 
Checking overlaps for volume rf_c_6DsWin2:0 (G4Tubs) ... OK! 
Checking overlaps for volume rf_c_6DsHalf:0 (G4Tubs) ... OK! 
Checking overlaps for volume rf_c_6TimingVol:0 (G4Tubs) ... OK! 
Checking overlaps for volume rf_c_6:0 (G4Tubs) ... OK! 
BLCMDpillbox::construct rf_c_6 parent= relZ=7904.9 globZ=7904.9
	zmin=7794.9 zmax=8015.0
Checking overlaps for volume rf_d_6Pipe:0 (G4Tubs) ... OK! 
Checking overlaps for volume rf_d_6UsWall:0 (G4Tubs) ... OK! 
Checking overlaps for volume rf_d_6DsWall:0 (G4Tubs) ... OK! 
Checking overlaps for volume rf_d_6UsWin1:0 (G4Tubs) ... OK! 
Checking overlaps for volume rf_d_6DsWin1:0 (G4Tubs) ... OK! 
Checking overlaps for volume rf_d_6UsWin2:0 (G4Tubs) ... OK! 
Checking overlaps for volume rf_d_6DsWin2:0 (G4Tubs) ... OK! 
Checking overlaps for volume rf_d_6DsHalf:0 (G4Tubs) ... OK! 
Checking overlaps for volume rf_d_6TimingVol:0 (G4Tubs) ... OK! 
Checking overlaps for volume rf_d_6:0 (G4Tubs) ... OK! 
BLCMDpillbox::construct rf_d_6 parent= relZ=8125.0 globZ=8125.0
	zmin=8015.0 zmax=8235.0
Checking overlaps for volume rf_e_6Pipe:0 (G4Tubs) ... OK! 
Checking overlaps for volume rf_e_6UsWall:0 (G4Tubs) ... OK! 
Checking overlaps for volume rf_e_6DsWall:0 (G4Tubs) ... OK! 
Checking overlaps for volume rf_e_6UsWin1:0 (G4Tubs) ... OK! 
Checking overlaps for volume rf_e_6DsWin1:0 (G4Tubs) ... OK! 
Checking overlaps for volume rf_e_6UsWin2:0 (G4Tubs) ... OK! 
Checking overlaps for volume rf_e_6DsWin2:0 (G4Tubs) ... OK! 
Checking overlaps for volume rf_e_6DsHalf:0 (G4Tubs) ... OK! 
Checking overlaps for volume rf_e_6TimingVol:0 (G4Tubs) ... OK! 
Checking overlaps for volume rf_e_6:0 (G4Tubs) ... OK! 
BLCMDpillbox::construct rf_e_6 parent= relZ=8345.1 globZ=8345.1
	zmin=8235.0 zmax=8455.1
Checking overlaps for volume rf_c_7Pipe:0 (G4Tubs) ... OK! 
Checking overlaps for volume rf_c_7UsWall:0 (G4Tubs) ... OK! 
Checking overlaps for volume rf_c_7DsWall:0 (G4Tubs) ... OK! 
Checking overlaps for volume rf_c_7UsWin1:0 (G4Tubs) ... OK! 
Checking overlaps for volume rf_c_7DsWin1:0 (G4Tubs) ... OK! 
Checking overlaps for volume rf_c_7UsWin2:0 (G4Tubs) ... OK! 
Checking overlaps for volume rf_c_7DsWin2:0 (G4Tubs) ... OK! 
Checking overlaps for volume rf_c_7DsHalf:0 (G4Tubs) ... OK! 
Checking overlaps for volume rf_c_7TimingVol:0 (G4Tubs) ... OK! 
Checking overlaps for volume rf_c_7:0 (G4Tubs) ... OK! 
BLCMDpillbox::construct rf_c_7 parent= relZ=9154.9 globZ=9154.9
	zmin=9044.9 zmax=9265.0
Checking overlaps for volume rf_d_7Pipe:0 (G4Tubs) ... OK! 
Checking overlaps for volume rf_d_7UsWall:0 (G4Tubs) ... OK! 
Checking overlaps for volume rf_d_7DsWall:0 (G4Tubs) ... OK! 
Checking overlaps for volume rf_d_7UsWin1:0 (G4Tubs) ... OK! 
Checking overlaps for volume rf_d_7DsWin1:0 (G4Tubs) ... OK! 
Checking overlaps for volume rf_d_7UsWin2:0 (G4Tubs) ... OK! 
Checking overlaps for volume rf_d_7DsWin2:0 (G4Tubs) ... OK! 
Checking overlaps for volume rf_d_7DsHalf:0 (G4Tubs) ... OK! 
Checking overlaps for volume rf_d_7TimingVol:0 (G4Tubs) ... OK! 
Checking overlaps for volume rf_d_7:0 (G4Tubs) ... OK! 
BLCMDpillbox::construct rf_d_7 parent= relZ=9375.0 globZ=9375.0
	zmin=9265.0 zmax=9485.0
Checking overlaps for volume rf_e_7Pipe:0 (G4Tubs) ... OK! 
Checking overlaps for volume rf_e_7UsWall:0 (G4Tubs) ... OK! 
Checking overlaps for volume rf_e_7DsWall:0 (G4Tubs) ... OK! 
Checking overlaps for volume rf_e_7UsWin1:0 (G4Tubs) ... OK! 
Checking overlaps for volume rf_e_7DsWin1:0 (G4Tubs) ... OK! 
Checking overlaps for volume rf_e_7UsWin2:0 (G4Tubs) ... OK! 
Checking overlaps for volume rf_e_7DsWin2:0 (G4Tubs) ... OK! 
Checking overlaps for volume rf_e_7DsHalf:0 (G4Tubs) ... OK! 
Checking overlaps for volume rf_e_7TimingVol:0 (G4Tubs) ... OK! 
Checking overlaps for volume rf_e_7:0 (G4Tubs) ... OK! 
BLCMDpillbox::construct rf_e_7 parent= relZ=9595.1 globZ=9595.1
	zmin=9485.0 zmax=9705.1
Checking overlaps for volume rf_c_8Pipe:0 (G4Tubs) ... OK! 
Checking overlaps for volume rf_c_8UsWall:0 (G4Tubs) ... OK! 
Checking overlaps for volume rf_c_8DsWall:0 (G4Tubs) ... OK! 
Checking overlaps for volume rf_c_8UsWin1:0 (G4Tubs) ... OK! 
Checking overlaps for volume rf_c_8DsWin1:0 (G4Tubs) ... OK! 
Checking overlaps for volume rf_c_8UsWin2:0 (G4Tubs) ... OK! 
Checking overlaps for volume rf_c_8DsWin2:0 (G4Tubs) ... OK! 
Checking overlaps for volume rf_c_8DsHalf:0 (G4Tubs) ... OK! 
Checking overlaps for volume rf_c_8TimingVol:0 (G4Tubs) ... OK! 
Checking overlaps for volume rf_c_8:0 (G4Tubs) ... OK! 
BLCMDpillbox::construct rf_c_8 parent= relZ=10404.9 globZ=10404.9
	zmin=10294.9 zmax=10515.0
Checking overlaps for volume rf_d_8Pipe:0 (G4Tubs) ... OK! 
Checking overlaps for volume rf_d_8UsWall:0 (G4Tubs) ... OK! 
Checking overlaps for volume rf_d_8DsWall:0 (G4Tubs) ... OK! 
Checking overlaps for volume rf_d_8UsWin1:0 (G4Tubs) ... OK! 
Checking overlaps for volume rf_d_8DsWin1:0 (G4Tubs) ... OK! 
Checking overlaps for volume rf_d_8UsWin2:0 (G4Tubs) ... OK! 
Checking overlaps for volume rf_d_8DsWin2:0 (G4Tubs) ... OK! 
Checking overlaps for volume rf_d_8DsHalf:0 (G4Tubs) ... OK! 
Checking overlaps for volume rf_d_8TimingVol:0 (G4Tubs) ... OK! 
Checking overlaps for volume rf_d_8:0 (G4Tubs) ... OK! 
BLCMDpillbox::construct rf_d_8 parent= relZ=10625.0 globZ=10625.0
	zmin=10515.0 zmax=10735.0
Checking overlaps for volume rf_e_8Pipe:0 (G4Tubs) ... OK! 
Checking overlaps for volume rf_e_8UsWall:0 (G4Tubs) ... OK! 
Checking overlaps for volume rf_e_8DsWall:0 (G4Tubs) ... OK! 
Checking overlaps for volume rf_e_8UsWin1:0 (G4Tubs) ... OK! 
Checking overlaps for volume rf_e_8DsWin1:0 (G4Tubs) ... OK! 
Checking overlaps for volume rf_e_8UsWin2:0 (G4Tubs) ... OK! 
Checking overlaps for volume rf_e_8DsWin2:0 (G4Tubs) ... OK! 
Checking overlaps for volume rf_e_8DsHalf:0 (G4Tubs) ... OK! 
Checking overlaps for volume rf_e_8TimingVol:0 (G4Tubs) ... OK! 
Checking overlaps for volume rf_e_8:0 (G4Tubs) ... OK! 
BLCMDpillbox::construct rf_e_8 parent= relZ=10845.1 globZ=10845.1
	zmin=10735.0 zmax=10955.1
Checking overlaps for volume rf_c_9Pipe:0 (G4Tubs) ... OK! 
Checking overlaps for volume rf_c_9UsWall:0 (G4Tubs) ... OK! 
Checking overlaps for volume rf_c_9DsWall:0 (G4Tubs) ... OK! 
Checking overlaps for volume rf_c_9UsWin1:0 (G4Tubs) ... OK! 
Checking overlaps for volume rf_c_9DsWin1:0 (G4Tubs) ... OK! 
Checking overlaps for volume rf_c_9UsWin2:0 (G4Tubs) ... OK! 
Checking overlaps for volume rf_c_9DsWin2:0 (G4Tubs) ... OK! 
Checking overlaps for volume rf_c_9DsHalf:0 (G4Tubs) ... OK! 
Checking overlaps for volume rf_c_9TimingVol:0 (G4Tubs) ... OK! 
Checking overlaps for volume rf_c_9:0 (G4Tubs) ... OK! 
BLCMDpillbox::construct rf_c_9 parent= relZ=11654.9 globZ=11654.9
	zmin=11544.9 zmax=11765.0
Checking overlaps for volume rf_d_9Pipe:0 (G4Tubs) ... OK! 
Checking overlaps for volume rf_d_9UsWall:0 (G4Tubs) ... OK! 
Checking overlaps for volume rf_d_9DsWall:0 (G4Tubs) ... OK! 
Checking overlaps for volume rf_d_9UsWin1:0 (G4Tubs) ... OK! 
Checking overlaps for volume rf_d_9DsWin1:0 (G4Tubs) ... OK! 
Checking overlaps for volume rf_d_9UsWin2:0 (G4Tubs) ... OK! 
Checking overlaps for volume rf_d_9DsWin2:0 (G4Tubs) ... OK! 
Checking overlaps for volume rf_d_9DsHalf:0 (G4Tubs) ... OK! 
Checking overlaps for volume rf_d_9TimingVol:0 (G4Tubs) ... OK! 
Checking overlaps for volume rf_d_9:0 (G4Tubs) ... OK! 
BLCMDpillbox::construct rf_d_9 parent= relZ=11875.0 globZ=11875.0
	zmin=11765.0 zmax=11985.0
Checking overlaps for volume rf_e_9Pipe:0 (G4Tubs) ... OK! 
Checking overlaps for volume rf_e_9UsWall:0 (G4Tubs) ... OK! 
Checking overlaps for volume rf_e_9DsWall:0 (G4Tubs) ... OK! 
Checking overlaps for volume rf_e_9UsWin1:0 (G4Tubs) ... OK! 
Checking overlaps for volume rf_e_9DsWin1:0 (G4Tubs) ... OK! 
Checking overlaps for volume rf_e_9UsWin2:0 (G4Tubs) ... OK! 
Checking overlaps for volume rf_e_9DsWin2:0 (G4Tubs) ... OK! 
Checking overlaps for volume rf_e_9DsHalf:0 (G4Tubs) ... OK! 
Checking overlaps for volume rf_e_9TimingVol:0 (G4Tubs) ... OK! 
Checking overlaps for volume rf_e_9:0 (G4Tubs) ... OK! 
BLCMDpillbox::construct rf_e_9 parent= relZ=12095.1 globZ=12095.1
	zmin=11985.0 zmax=12205.1
Checking overlaps for volume rf_c_10Pipe:0 (G4Tubs) ... OK! 
Checking overlaps for volume rf_c_10UsWall:0 (G4Tubs) ... OK! 
Checking overlaps for volume rf_c_10DsWall:0 (G4Tubs) ... OK! 
Checking overlaps for volume rf_c_10UsWin1:0 (G4Tubs) ... OK! 
Checking overlaps for volume rf_c_10DsWin1:0 (G4Tubs) ... OK! 
Checking overlaps for volume rf_c_10UsWin2:0 (G4Tubs) ... OK! 
Checking overlaps for volume rf_c_10DsWin2:0 (G4Tubs) ... OK! 
Checking overlaps for volume rf_c_10DsHalf:0 (G4Tubs) ... OK! 
Checking overlaps for volume rf_c_10TimingVol:0 (G4Tubs) ... OK! 
Checking overlaps for volume rf_c_10:0 (G4Tubs) ... OK! 
BLCMDpillbox::construct rf_c_10 parent= relZ=12904.9 globZ=12904.9
	zmin=12794.9 zmax=13015.0
Checking overlaps for volume rf_d_10Pipe:0 (G4Tubs) ... OK! 
Checking overlaps for volume rf_d_10UsWall:0 (G4Tubs) ... OK! 
Checking overlaps for volume rf_d_10DsWall:0 (G4Tubs) ... OK! 
Checking overlaps for volume rf_d_10UsWin1:0 (G4Tubs) ... OK! 
Checking overlaps for volume rf_d_10DsWin1:0 (G4Tubs) ... OK! 
Checking overlaps for volume rf_d_10UsWin2:0 (G4Tubs) ... OK! 
Checking overlaps for volume rf_d_10DsWin2:0 (G4Tubs) ... OK! 
Checking overlaps for volume rf_d_10DsHalf:0 (G4Tubs) ... OK! 
Checking overlaps for volume rf_d_10TimingVol:0 (G4Tubs) ... OK! 
Checking overlaps for volume rf_d_10:0 (G4Tubs) ... OK! 
BLCMDpillbox::construct rf_d_10 parent= relZ=13125.0 globZ=13125.0
	zmin=13015.0 zmax=13235.0
Checking overlaps for volume rf_e_10Pipe:0 (G4Tubs) ... OK! 
Checking overlaps for volume rf_e_10UsWall:0 (G4Tubs) ... OK! 
Checking overlaps for volume rf_e_10DsWall:0 (G4Tubs) ... OK! 
Checking overlaps for volume rf_e_10UsWin1:0 (G4Tubs) ... OK! 
Checking overlaps for volume rf_e_10DsWin1:0 (G4Tubs) ... OK! 
Checking overlaps for volume rf_e_10UsWin2:0 (G4Tubs) ... OK! 
Checking overlaps for volume rf_e_10DsWin2:0 (G4Tubs) ... OK! 
Checking overlaps for volume rf_e_10DsHalf:0 (G4Tubs) ... OK! 
Checking overlaps for volume rf_e_10TimingVol:0 (G4Tubs) ... OK! 
Checking overlaps for volume rf_e_10:0 (G4Tubs) ... OK! 
BLCMDpillbox::construct rf_e_10 parent= relZ=13345.1 globZ=13345.1
	zmin=13235.0 zmax=13455.1
Checking overlaps for volume rf_c_11Pipe:0 (G4Tubs) ... OK! 
Checking overlaps for volume rf_c_11UsWall:0 (G4Tubs) ... OK! 
Checking overlaps for volume rf_c_11DsWall:0 (G4Tubs) ... OK! 
Checking overlaps for volume rf_c_11UsWin1:0 (G4Tubs) ... OK! 
Checking overlaps for volume rf_c_11DsWin1:0 (G4Tubs) ... OK! 
Checking overlaps for volume rf_c_11UsWin2:0 (G4Tubs) ... OK! 
Checking overlaps for volume rf_c_11DsWin2:0 (G4Tubs) ... OK! 
Checking overlaps for volume rf_c_11DsHalf:0 (G4Tubs) ... OK! 
Checking overlaps for volume rf_c_11TimingVol:0 (G4Tubs) ... OK! 
Checking overlaps for volume rf_c_11:0 (G4Tubs) ... OK! 
BLCMDpillbox::construct rf_c_11 parent= relZ=14154.9 globZ=14154.9
	zmin=14044.9 zmax=14265.0
Checking overlaps for volume rf_d_11Pipe:0 (G4Tubs) ... OK! 
Checking overlaps for volume rf_d_11UsWall:0 (G4Tubs) ... OK! 
Checking overlaps for volume rf_d_11DsWall:0 (G4Tubs) ... OK! 
Checking overlaps for volume rf_d_11UsWin1:0 (G4Tubs) ... OK! 
Checking overlaps for volume rf_d_11DsWin1:0 (G4Tubs) ... OK! 
Checking overlaps for volume rf_d_11UsWin2:0 (G4Tubs) ... OK! 
Checking overlaps for volume rf_d_11DsWin2:0 (G4Tubs) ... OK! 
Checking overlaps for volume rf_d_11DsHalf:0 (G4Tubs) ... OK! 
Checking overlaps for volume rf_d_11TimingVol:0 (G4Tubs) ... OK! 
Checking overlaps for volume rf_d_11:0 (G4Tubs) ... OK! 
BLCMDpillbox::construct rf_d_11 parent= relZ=14375.0 globZ=14375.0
	zmin=14265.0 zmax=14485.0
Checking overlaps for volume rf_e_11Pipe:0 (G4Tubs) ... OK! 
Checking overlaps for volume rf_e_11UsWall:0 (G4Tubs) ... OK! 
Checking overlaps for volume rf_e_11DsWall:0 (G4Tubs) ... OK! 
Checking overlaps for volume rf_e_11UsWin1:0 (G4Tubs) ... OK! 
Checking overlaps for volume rf_e_11DsWin1:0 (G4Tubs) ... OK! 
Checking overlaps for volume rf_e_11UsWin2:0 (G4Tubs) ... OK! 
Checking overlaps for volume rf_e_11DsWin2:0 (G4Tubs) ... OK! 
Checking overlaps for volume rf_e_11DsHalf:0 (G4Tubs) ... OK! 
Checking overlaps for volume rf_e_11TimingVol:0 (G4Tubs) ... OK! 
Checking overlaps for volume rf_e_11:0 (G4Tubs) ... OK! 
BLCMDpillbox::construct rf_e_11 parent= relZ=14595.1 globZ=14595.1
	zmin=14485.0 zmax=14705.1
Checking overlaps for volume rf_c_12Pipe:0 (G4Tubs) ... OK! 
Checking overlaps for volume rf_c_12UsWall:0 (G4Tubs) ... OK! 
Checking overlaps for volume rf_c_12DsWall:0 (G4Tubs) ... OK! 
Checking overlaps for volume rf_c_12UsWin1:0 (G4Tubs) ... OK! 
Checking overlaps for volume rf_c_12DsWin1:0 (G4Tubs) ... OK! 
Checking overlaps for volume rf_c_12UsWin2:0 (G4Tubs) ... OK! 
Checking overlaps for volume rf_c_12DsWin2:0 (G4Tubs) ... OK! 
Checking overlaps for volume rf_c_12DsHalf:0 (G4Tubs) ... OK! 
Checking overlaps for volume rf_c_12TimingVol:0 (G4Tubs) ... OK! 
Checking overlaps for volume rf_c_12:0 (G4Tubs) ... OK! 
BLCMDpillbox::construct rf_c_12 parent= relZ=15404.9 globZ=15404.9
	zmin=15294.9 zmax=15515.0
Checking overlaps for volume rf_d_12Pipe:0 (G4Tubs) ... OK! 
Checking overlaps for volume rf_d_12UsWall:0 (G4Tubs) ... OK! 
Checking overlaps for volume rf_d_12DsWall:0 (G4Tubs) ... OK! 
Checking overlaps for volume rf_d_12UsWin1:0 (G4Tubs) ... OK! 
Checking overlaps for volume rf_d_12DsWin1:0 (G4Tubs) ... OK! 
Checking overlaps for volume rf_d_12UsWin2:0 (G4Tubs) ... OK! 
Checking overlaps for volume rf_d_12DsWin2:0 (G4Tubs) ... OK! 
Checking overlaps for volume rf_d_12DsHalf:0 (G4Tubs) ... OK! 
Checking overlaps for volume rf_d_12TimingVol:0 (G4Tubs) ... OK! 
Checking overlaps for volume rf_d_12:0 (G4Tubs) ... OK! 
BLCMDpillbox::construct rf_d_12 parent= relZ=15625.0 globZ=15625.0
	zmin=15515.0 zmax=15735.0
Checking overlaps for volume rf_e_12Pipe:0 (G4Tubs) ... OK! 
Checking overlaps for volume rf_e_12UsWall:0 (G4Tubs) ... OK! 
Checking overlaps for volume rf_e_12DsWall:0 (G4Tubs) ... OK! 
Checking overlaps for volume rf_e_12UsWin1:0 (G4Tubs) ... OK! 
Checking overlaps for volume rf_e_12DsWin1:0 (G4Tubs) ... OK! 
Checking overlaps for volume rf_e_12UsWin2:0 (G4Tubs) ... OK! 
Checking overlaps for volume rf_e_12DsWin2:0 (G4Tubs) ... OK! 
Checking overlaps for volume rf_e_12DsHalf:0 (G4Tubs) ... OK! 
Checking overlaps for volume rf_e_12TimingVol:0 (G4Tubs) ... OK! 
Checking overlaps for volume rf_e_12:0 (G4Tubs) ... OK! 
BLCMDpillbox::construct rf_e_12 parent= relZ=15845.1 globZ=15845.1
	zmin=15735.0 zmax=15955.1
Checking overlaps for volume rf_c_13Pipe:0 (G4Tubs) ... OK! 
Checking overlaps for volume rf_c_13UsWall:0 (G4Tubs) ... OK! 
Checking overlaps for volume rf_c_13DsWall:0 (G4Tubs) ... OK! 
Checking overlaps for volume rf_c_13UsWin1:0 (G4Tubs) ... OK! 
Checking overlaps for volume rf_c_13DsWin1:0 (G4Tubs) ... OK! 
Checking overlaps for volume rf_c_13UsWin2:0 (G4Tubs) ... OK! 
Checking overlaps for volume rf_c_13DsWin2:0 (G4Tubs) ... OK! 
Checking overlaps for volume rf_c_13DsHalf:0 (G4Tubs) ... OK! 
Checking overlaps for volume rf_c_13TimingVol:0 (G4Tubs) ... OK! 
Checking overlaps for volume rf_c_13:0 (G4Tubs) ... OK! 
BLCMDpillbox::construct rf_c_13 parent= relZ=16654.9 globZ=16654.9
	zmin=16544.9 zmax=16765.0
Checking overlaps for volume rf_d_13Pipe:0 (G4Tubs) ... OK! 
Checking overlaps for volume rf_d_13UsWall:0 (G4Tubs) ... OK! 
Checking overlaps for volume rf_d_13DsWall:0 (G4Tubs) ... OK! 
Checking overlaps for volume rf_d_13UsWin1:0 (G4Tubs) ... OK! 
Checking overlaps for volume rf_d_13DsWin1:0 (G4Tubs) ... OK! 
Checking overlaps for volume rf_d_13UsWin2:0 (G4Tubs) ... OK! 
Checking overlaps for volume rf_d_13DsWin2:0 (G4Tubs) ... OK! 
Checking overlaps for volume rf_d_13DsHalf:0 (G4Tubs) ... OK! 
Checking overlaps for volume rf_d_13TimingVol:0 (G4Tubs) ... OK! 
Checking overlaps for volume rf_d_13:0 (G4Tubs) ... OK! 
BLCMDpillbox::construct rf_d_13 parent= relZ=16875.0 globZ=16875.0
	zmin=16765.0 zmax=16985.0
Checking overlaps for volume rf_e_13Pipe:0 (G4Tubs) ... OK! 
Checking overlaps for volume rf_e_13UsWall:0 (G4Tubs) ... OK! 
Checking overlaps for volume rf_e_13DsWall:0 (G4Tubs) ... OK! 
Checking overlaps for volume rf_e_13UsWin1:0 (G4Tubs) ... OK! 
Checking overlaps for volume rf_e_13DsWin1:0 (G4Tubs) ... OK! 
Checking overlaps for volume rf_e_13UsWin2:0 (G4Tubs) ... OK! 
Checking overlaps for volume rf_e_13DsWin2:0 (G4Tubs) ... OK! 
Checking overlaps for volume rf_e_13DsHalf:0 (G4Tubs) ... OK! 
Checking overlaps for volume rf_e_13TimingVol:0 (G4Tubs) ... OK! 
Checking overlaps for volume rf_e_13:0 (G4Tubs) ... OK! 
BLCMDpillbox::construct rf_e_13 parent= relZ=17095.1 globZ=17095.1
	zmin=16985.0 zmax=17205.1
Checking overlaps for volume rf_c_14Pipe:0 (G4Tubs) ... OK! 
Checking overlaps for volume rf_c_14UsWall:0 (G4Tubs) ... OK! 
Checking overlaps for volume rf_c_14DsWall:0 (G4Tubs) ... OK! 
Checking overlaps for volume rf_c_14UsWin1:0 (G4Tubs) ... OK! 
Checking overlaps for volume rf_c_14DsWin1:0 (G4Tubs) ... OK! 
Checking overlaps for volume rf_c_14UsWin2:0 (G4Tubs) ... OK! 
Checking overlaps for volume rf_c_14DsWin2:0 (G4Tubs) ... OK! 
Checking overlaps for volume rf_c_14DsHalf:0 (G4Tubs) ... OK! 
Checking overlaps for volume rf_c_14TimingVol:0 (G4Tubs) ... OK! 
Checking overlaps for volume rf_c_14:0 (G4Tubs) ... OK! 
BLCMDpillbox::construct rf_c_14 parent= relZ=17904.9 globZ=17904.9
	zmin=17794.9 zmax=18015.0
Checking overlaps for volume rf_d_14Pipe:0 (G4Tubs) ... OK! 
Checking overlaps for volume rf_d_14UsWall:0 (G4Tubs) ... OK! 
Checking overlaps for volume rf_d_14DsWall:0 (G4Tubs) ... OK! 
Checking overlaps for volume rf_d_14UsWin1:0 (G4Tubs) ... OK! 
Checking overlaps for volume rf_d_14DsWin1:0 (G4Tubs) ... OK! 
Checking overlaps for volume rf_d_14UsWin2:0 (G4Tubs) ... OK! 
Checking overlaps for volume rf_d_14DsWin2:0 (G4Tubs) ... OK! 
Checking overlaps for volume rf_d_14DsHalf:0 (G4Tubs) ... OK! 
Checking overlaps for volume rf_d_14TimingVol:0 (G4Tubs) ... OK! 
Checking overlaps for volume rf_d_14:0 (G4Tubs) ... OK! 
BLCMDpillbox::construct rf_d_14 parent= relZ=18125.0 globZ=18125.0
	zmin=18015.0 zmax=18235.0
Checking overlaps for volume rf_e_14Pipe:0 (G4Tubs) ... OK! 
Checking overlaps for volume rf_e_14UsWall:0 (G4Tubs) ... OK! 
Checking overlaps for volume rf_e_14DsWall:0 (G4Tubs) ... OK! 
Checking overlaps for volume rf_e_14UsWin1:0 (G4Tubs) ... OK! 
Checking overlaps for volume rf_e_14DsWin1:0 (G4Tubs) ... OK! 
Checking overlaps for volume rf_e_14UsWin2:0 (G4Tubs) ... OK! 
Checking overlaps for volume rf_e_14DsWin2:0 (G4Tubs) ... OK! 
Checking overlaps for volume rf_e_14DsHalf:0 (G4Tubs) ... OK! 
Checking overlaps for volume rf_e_14TimingVol:0 (G4Tubs) ... OK! 
Checking overlaps for volume rf_e_14:0 (G4Tubs) ... OK! 
BLCMDpillbox::construct rf_e_14 parent= relZ=18345.1 globZ=18345.1
	zmin=18235.0 zmax=18455.1
Checking overlaps for volume rf_c_15Pipe:0 (G4Tubs) ... OK! 
Checking overlaps for volume rf_c_15UsWall:0 (G4Tubs) ... OK! 
Checking overlaps for volume rf_c_15DsWall:0 (G4Tubs) ... OK! 
Checking overlaps for volume rf_c_15UsWin1:0 (G4Tubs) ... OK! 
Checking overlaps for volume rf_c_15DsWin1:0 (G4Tubs) ... OK! 
Checking overlaps for volume rf_c_15UsWin2:0 (G4Tubs) ... OK! 
Checking overlaps for volume rf_c_15DsWin2:0 (G4Tubs) ... OK! 
Checking overlaps for volume rf_c_15DsHalf:0 (G4Tubs) ... OK! 
Checking overlaps for volume rf_c_15TimingVol:0 (G4Tubs) ... OK! 
Checking overlaps for volume rf_c_15:0 (G4Tubs) ... OK! 
BLCMDpillbox::construct rf_c_15 parent= relZ=19154.9 globZ=19154.9
	zmin=19044.9 zmax=19265.0
Checking overlaps for volume rf_d_15Pipe:0 (G4Tubs) ... OK! 
Checking overlaps for volume rf_d_15UsWall:0 (G4Tubs) ... OK! 
Checking overlaps for volume rf_d_15DsWall:0 (G4Tubs) ... OK! 
Checking overlaps for volume rf_d_15UsWin1:0 (G4Tubs) ... OK! 
Checking overlaps for volume rf_d_15DsWin1:0 (G4Tubs) ... OK! 
Checking overlaps for volume rf_d_15UsWin2:0 (G4Tubs) ... OK! 
Checking overlaps for volume rf_d_15DsWin2:0 (G4Tubs) ... OK! 
Checking overlaps for volume rf_d_15DsHalf:0 (G4Tubs) ... OK! 
Checking overlaps for volume rf_d_15TimingVol:0 (G4Tubs) ... OK! 
Checking overlaps for volume rf_d_15:0 (G4Tubs) ... OK! 
BLCMDpillbox::construct rf_d_15 parent= relZ=19375.0 globZ=19375.0
	zmin=19265.0 zmax=19485.0
Checking overlaps for volume rf_e_15Pipe:0 (G4Tubs) ... OK! 
Checking overlaps for volume rf_e_15UsWall:0 (G4Tubs) ... OK! 
Checking overlaps for volume rf_e_15DsWall:0 (G4Tubs) ... OK! 
Checking overlaps for volume rf_e_15UsWin1:0 (G4Tubs) ... OK! 
Checking overlaps for volume rf_e_15DsWin1:0 (G4Tubs) ... OK! 
Checking overlaps for volume rf_e_15UsWin2:0 (G4Tubs) ... OK! 
Checking overlaps for volume rf_e_15DsWin2:0 (G4Tubs) ... OK! 
Checking overlaps for volume rf_e_15DsHalf:0 (G4Tubs) ... OK! 
Checking overlaps for volume rf_e_15TimingVol:0 (G4Tubs) ... OK! 
Checking overlaps for volume rf_e_15:0 (G4Tubs) ... OK! 
BLCMDpillbox::construct rf_e_15 parent= relZ=19595.1 globZ=19595.1
	zmin=19485.0 zmax=19705.1
Checking overlaps for volume rf_c_16Pipe:0 (G4Tubs) ... OK! 
Checking overlaps for volume rf_c_16UsWall:0 (G4Tubs) ... OK! 
Checking overlaps for volume rf_c_16DsWall:0 (G4Tubs) ... OK! 
Checking overlaps for volume rf_c_16UsWin1:0 (G4Tubs) ... OK! 
Checking overlaps for volume rf_c_16DsWin1:0 (G4Tubs) ... OK! 
Checking overlaps for volume rf_c_16UsWin2:0 (G4Tubs) ... OK! 
Checking overlaps for volume rf_c_16DsWin2:0 (G4Tubs) ... OK! 
Checking overlaps for volume rf_c_16DsHalf:0 (G4Tubs) ... OK! 
Checking overlaps for volume rf_c_16TimingVol:0 (G4Tubs) ... OK! 
Checking overlaps for volume rf_c_16:0 (G4Tubs) ... OK! 
BLCMDpillbox::construct rf_c_16 parent= relZ=20404.9 globZ=20404.9
	zmin=20294.9 zmax=20515.0
Checking overlaps for volume rf_d_16Pipe:0 (G4Tubs) ... OK! 
Checking overlaps for volume rf_d_16UsWall:0 (G4Tubs) ... OK! 
Checking overlaps for volume rf_d_16DsWall:0 (G4Tubs) ... OK! 
Checking overlaps for volume rf_d_16UsWin1:0 (G4Tubs) ... OK! 
Checking overlaps for volume rf_d_16DsWin1:0 (G4Tubs) ... OK! 
Checking overlaps for volume rf_d_16UsWin2:0 (G4Tubs) ... OK! 
Checking overlaps for volume rf_d_16DsWin2:0 (G4Tubs) ... OK! 
Checking overlaps for volume rf_d_16DsHalf:0 (G4Tubs) ... OK! 
Checking overlaps for volume rf_d_16TimingVol:0 (G4Tubs) ... OK! 
Checking overlaps for volume rf_d_16:0 (G4Tubs) ... OK! 
BLCMDpillbox::construct rf_d_16 parent= relZ=20625.0 globZ=20625.0
	zmin=20515.0 zmax=20735.0
Checking overlaps for volume rf_e_16Pipe:0 (G4Tubs) ... OK! 
Checking overlaps for volume rf_e_16UsWall:0 (G4Tubs) ... OK! 
Checking overlaps for volume rf_e_16DsWall:0 (G4Tubs) ... OK! 
Checking overlaps for volume rf_e_16UsWin1:0 (G4Tubs) ... OK! 
Checking overlaps for volume rf_e_16DsWin1:0 (G4Tubs) ... OK! 
Checking overlaps for volume rf_e_16UsWin2:0 (G4Tubs) ... OK! 
Checking overlaps for volume rf_e_16DsWin2:0 (G4Tubs) ... OK! 
Checking overlaps for volume rf_e_16DsHalf:0 (G4Tubs) ... OK! 
Checking overlaps for volume rf_e_16TimingVol:0 (G4Tubs) ... OK! 
Checking overlaps for volume rf_e_16:0 (G4Tubs) ... OK! 
BLCMDpillbox::construct rf_e_16 parent= relZ=20845.1 globZ=20845.1
	zmin=20735.0 zmax=20955.1
Checking overlaps for volume rf_c_17Pipe:0 (G4Tubs) ... OK! 
Checking overlaps for volume rf_c_17UsWall:0 (G4Tubs) ... OK! 
Checking overlaps for volume rf_c_17DsWall:0 (G4Tubs) ... OK! 
Checking overlaps for volume rf_c_17UsWin1:0 (G4Tubs) ... OK! 
Checking overlaps for volume rf_c_17DsWin1:0 (G4Tubs) ... OK! 
Checking overlaps for volume rf_c_17UsWin2:0 (G4Tubs) ... OK! 
Checking overlaps for volume rf_c_17DsWin2:0 (G4Tubs) ... OK! 
Checking overlaps for volume rf_c_17DsHalf:0 (G4Tubs) ... OK! 
Checking overlaps for volume rf_c_17TimingVol:0 (G4Tubs) ... OK! 
Checking overlaps for volume rf_c_17:0 (G4Tubs) ... OK! 
BLCMDpillbox::construct rf_c_17 parent= relZ=21654.9 globZ=21654.9
	zmin=21544.9 zmax=21765.0
Checking overlaps for volume rf_d_17Pipe:0 (G4Tubs) ... OK! 
Checking overlaps for volume rf_d_17UsWall:0 (G4Tubs) ... OK! 
Checking overlaps for volume rf_d_17DsWall:0 (G4Tubs) ... OK! 
Checking overlaps for volume rf_d_17UsWin1:0 (G4Tubs) ... OK! 
Checking overlaps for volume rf_d_17DsWin1:0 (G4Tubs) ... OK! 
Checking overlaps for volume rf_d_17UsWin2:0 (G4Tubs) ... OK! 
Checking overlaps for volume rf_d_17DsWin2:0 (G4Tubs) ... OK! 
Checking overlaps for volume rf_d_17DsHalf:0 (G4Tubs) ... OK! 
Checking overlaps for volume rf_d_17TimingVol:0 (G4Tubs) ... OK! 
Checking overlaps for volume rf_d_17:0 (G4Tubs) ... OK! 
BLCMDpillbox::construct rf_d_17 parent= relZ=21875.0 globZ=21875.0
	zmin=21765.0 zmax=21985.0
Checking overlaps for volume rf_e_17Pipe:0 (G4Tubs) ... OK! 
Checking overlaps for volume rf_e_17UsWall:0 (G4Tubs) ... OK! 
Checking overlaps for volume rf_e_17DsWall:0 (G4Tubs) ... OK! 
Checking overlaps for volume rf_e_17UsWin1:0 (G4Tubs) ... OK! 
Checking overlaps for volume rf_e_17DsWin1:0 (G4Tubs) ... OK! 
Checking overlaps for volume rf_e_17UsWin2:0 (G4Tubs) ... OK! 
Checking overlaps for volume rf_e_17DsWin2:0 (G4Tubs) ... OK! 
Checking overlaps for volume rf_e_17DsHalf:0 (G4Tubs) ... OK! 
Checking overlaps for volume rf_e_17TimingVol:0 (G4Tubs) ... OK! 
Checking overlaps for volume rf_e_17:0 (G4Tubs) ... OK! 
BLCMDpillbox::construct rf_e_17 parent= relZ=22095.1 globZ=22095.1
	zmin=21985.0 zmax=22205.1
Checking overlaps for volume rf_c_18Pipe:0 (G4Tubs) ... OK! 
Checking overlaps for volume rf_c_18UsWall:0 (G4Tubs) ... OK! 
Checking overlaps for volume rf_c_18DsWall:0 (G4Tubs) ... OK! 
Checking overlaps for volume rf_c_18UsWin1:0 (G4Tubs) ... OK! 
Checking overlaps for volume rf_c_18DsWin1:0 (G4Tubs) ... OK! 
Checking overlaps for volume rf_c_18UsWin2:0 (G4Tubs) ... OK! 
Checking overlaps for volume rf_c_18DsWin2:0 (G4Tubs) ... OK! 
Checking overlaps for volume rf_c_18DsHalf:0 (G4Tubs) ... OK! 
Checking overlaps for volume rf_c_18TimingVol:0 (G4Tubs) ... OK! 
Checking overlaps for volume rf_c_18:0 (G4Tubs) ... OK! 
BLCMDpillbox::construct rf_c_18 parent= relZ=22904.9 globZ=22904.9
	zmin=22794.9 zmax=23015.0
Checking overlaps for volume rf_d_18Pipe:0 (G4Tubs) ... OK! 
Checking overlaps for volume rf_d_18UsWall:0 (G4Tubs) ... OK! 
Checking overlaps for volume rf_d_18DsWall:0 (G4Tubs) ... OK! 
Checking overlaps for volume rf_d_18UsWin1:0 (G4Tubs) ... OK! 
Checking overlaps for volume rf_d_18DsWin1:0 (G4Tubs) ... OK! 
Checking overlaps for volume rf_d_18UsWin2:0 (G4Tubs) ... OK! 
Checking overlaps for volume rf_d_18DsWin2:0 (G4Tubs) ... OK! 
Checking overlaps for volume rf_d_18DsHalf:0 (G4Tubs) ... OK! 
Checking overlaps for volume rf_d_18TimingVol:0 (G4Tubs) ... OK! 
Checking overlaps for volume rf_d_18:0 (G4Tubs) ... OK! 
BLCMDpillbox::construct rf_d_18 parent= relZ=23125.0 globZ=23125.0
	zmin=23015.0 zmax=23235.0
Checking overlaps for volume rf_e_18Pipe:0 (G4Tubs) ... OK! 
Checking overlaps for volume rf_e_18UsWall:0 (G4Tubs) ... OK! 
Checking overlaps for volume rf_e_18DsWall:0 (G4Tubs) ... OK! 
Checking overlaps for volume rf_e_18UsWin1:0 (G4Tubs) ... OK! 
Checking overlaps for volume rf_e_18DsWin1:0 (G4Tubs) ... OK! 
Checking overlaps for volume rf_e_18UsWin2:0 (G4Tubs) ... OK! 
Checking overlaps for volume rf_e_18DsWin2:0 (G4Tubs) ... OK! 
Checking overlaps for volume rf_e_18DsHalf:0 (G4Tubs) ... OK! 
Checking overlaps for volume rf_e_18TimingVol:0 (G4Tubs) ... OK! 
Checking overlaps for volume rf_e_18:0 (G4Tubs) ... OK! 
BLCMDpillbox::construct rf_e_18 parent= relZ=23345.1 globZ=23345.1
	zmin=23235.0 zmax=23455.1
Checking overlaps for volume rf_c_19Pipe:0 (G4Tubs) ... OK! 
Checking overlaps for volume rf_c_19UsWall:0 (G4Tubs) ... OK! 
Checking overlaps for volume rf_c_19DsWall:0 (G4Tubs) ... OK! 
Checking overlaps for volume rf_c_19UsWin1:0 (G4Tubs) ... OK! 
Checking overlaps for volume rf_c_19DsWin1:0 (G4Tubs) ... OK! 
Checking overlaps for volume rf_c_19UsWin2:0 (G4Tubs) ... OK! 
Checking overlaps for volume rf_c_19DsWin2:0 (G4Tubs) ... OK! 
Checking overlaps for volume rf_c_19DsHalf:0 (G4Tubs) ... OK! 
Checking overlaps for volume rf_c_19TimingVol:0 (G4Tubs) ... OK! 
Checking overlaps for volume rf_c_19:0 (G4Tubs) ... OK! 
BLCMDpillbox::construct rf_c_19 parent= relZ=24154.9 globZ=24154.9
	zmin=24044.9 zmax=24265.0
Checking overlaps for volume rf_d_19Pipe:0 (G4Tubs) ... OK! 
Checking overlaps for volume rf_d_19UsWall:0 (G4Tubs) ... OK! 
Checking overlaps for volume rf_d_19DsWall:0 (G4Tubs) ... OK! 
Checking overlaps for volume rf_d_19UsWin1:0 (G4Tubs) ... OK! 
Checking overlaps for volume rf_d_19DsWin1:0 (G4Tubs) ... OK! 
Checking overlaps for volume rf_d_19UsWin2:0 (G4Tubs) ... OK! 
Checking overlaps for volume rf_d_19DsWin2:0 (G4Tubs) ... OK! 
Checking overlaps for volume rf_d_19DsHalf:0 (G4Tubs) ... OK! 
Checking overlaps for volume rf_d_19TimingVol:0 (G4Tubs) ... OK! 
Checking overlaps for volume rf_d_19:0 (G4Tubs) ... OK! 
BLCMDpillbox::construct rf_d_19 parent= relZ=24375.0 globZ=24375.0
	zmin=24265.0 zmax=24485.0
Checking overlaps for volume rf_e_19Pipe:0 (G4Tubs) ... OK! 
Checking overlaps for volume rf_e_19UsWall:0 (G4Tubs) ... OK! 
Checking overlaps for volume rf_e_19DsWall:0 (G4Tubs) ... OK! 
Checking overlaps for volume rf_e_19UsWin1:0 (G4Tubs) ... OK! 
Checking overlaps for volume rf_e_19DsWin1:0 (G4Tubs) ... OK! 
Checking overlaps for volume rf_e_19UsWin2:0 (G4Tubs) ... OK! 
Checking overlaps for volume rf_e_19DsWin2:0 (G4Tubs) ... OK! 
Checking overlaps for volume rf_e_19DsHalf:0 (G4Tubs) ... OK! 
Checking overlaps for volume rf_e_19TimingVol:0 (G4Tubs) ... OK! 
Checking overlaps for volume rf_e_19:0 (G4Tubs) ... OK! 
BLCMDpillbox::construct rf_e_19 parent= relZ=24595.1 globZ=24595.1
	zmin=24485.0 zmax=24705.1
Checking overlaps for volume rf_c_20Pipe:0 (G4Tubs) ... OK! 
Checking overlaps for volume rf_c_20UsWall:0 (G4Tubs) ... OK! 
Checking overlaps for volume rf_c_20DsWall:0 (G4Tubs) ... OK! 
Checking overlaps for volume rf_c_20UsWin1:0 (G4Tubs) ... OK! 
Checking overlaps for volume rf_c_20DsWin1:0 (G4Tubs) ... OK! 
Checking overlaps for volume rf_c_20UsWin2:0 (G4Tubs) ... OK! 
Checking overlaps for volume rf_c_20DsWin2:0 (G4Tubs) ... OK! 
Checking overlaps for volume rf_c_20DsHalf:0 (G4Tubs) ... OK! 
Checking overlaps for volume rf_c_20TimingVol:0 (G4Tubs) ... OK! 
Checking overlaps for volume rf_c_20:0 (G4Tubs) ... OK! 
BLCMDpillbox::construct rf_c_20 parent= relZ=25404.9 globZ=25404.9
	zmin=25294.9 zmax=25515.0
Checking overlaps for volume rf_d_20Pipe:0 (G4Tubs) ... OK! 
Checking overlaps for volume rf_d_20UsWall:0 (G4Tubs) ... OK! 
Checking overlaps for volume rf_d_20DsWall:0 (G4Tubs) ... OK! 
Checking overlaps for volume rf_d_20UsWin1:0 (G4Tubs) ... OK! 
Checking overlaps for volume rf_d_20DsWin1:0 (G4Tubs) ... OK! 
Checking overlaps for volume rf_d_20UsWin2:0 (G4Tubs) ... OK! 
Checking overlaps for volume rf_d_20DsWin2:0 (G4Tubs) ... OK! 
Checking overlaps for volume rf_d_20DsHalf:0 (G4Tubs) ... OK! 
Checking overlaps for volume rf_d_20TimingVol:0 (G4Tubs) ... OK! 
Checking overlaps for volume rf_d_20:0 (G4Tubs) ... OK! 
BLCMDpillbox::construct rf_d_20 parent= relZ=25625.0 globZ=25625.0
	zmin=25515.0 zmax=25735.0
Checking overlaps for volume rf_e_20Pipe:0 (G4Tubs) ... OK! 
Checking overlaps for volume rf_e_20UsWall:0 (G4Tubs) ... OK! 
Checking overlaps for volume rf_e_20DsWall:0 (G4Tubs) ... OK! 
Checking overlaps for volume rf_e_20UsWin1:0 (G4Tubs) ... OK! 
Checking overlaps for volume rf_e_20DsWin1:0 (G4Tubs) ... OK! 
Checking overlaps for volume rf_e_20UsWin2:0 (G4Tubs) ... OK! 
Checking overlaps for volume rf_e_20DsWin2:0 (G4Tubs) ... OK! 
Checking overlaps for volume rf_e_20DsHalf:0 (G4Tubs) ... OK! 
Checking overlaps for volume rf_e_20TimingVol:0 (G4Tubs) ... OK! 
Checking overlaps for volume rf_e_20:0 (G4Tubs) ... OK! 
BLCMDpillbox::construct rf_e_20 parent= relZ=25845.1 globZ=25845.1
	zmin=25735.0 zmax=25955.1
Checking overlaps for volume rf_c_21Pipe:0 (G4Tubs) ... OK! 
Checking overlaps for volume rf_c_21UsWall:0 (G4Tubs) ... OK! 
Checking overlaps for volume rf_c_21DsWall:0 (G4Tubs) ... OK! 
Checking overlaps for volume rf_c_21UsWin1:0 (G4Tubs) ... OK! 
Checking overlaps for volume rf_c_21DsWin1:0 (G4Tubs) ... OK! 
Checking overlaps for volume rf_c_21UsWin2:0 (G4Tubs) ... OK! 
Checking overlaps for volume rf_c_21DsWin2:0 (G4Tubs) ... OK! 
Checking overlaps for volume rf_c_21DsHalf:0 (G4Tubs) ... OK! 
Checking overlaps for volume rf_c_21TimingVol:0 (G4Tubs) ... OK! 
Checking overlaps for volume rf_c_21:0 (G4Tubs) ... OK! 
BLCMDpillbox::construct rf_c_21 parent= relZ=26654.9 globZ=26654.9
	zmin=26544.9 zmax=26765.0
Checking overlaps for volume rf_d_21Pipe:0 (G4Tubs) ... OK! 
Checking overlaps for volume rf_d_21UsWall:0 (G4Tubs) ... OK! 
Checking overlaps for volume rf_d_21DsWall:0 (G4Tubs) ... OK! 
Checking overlaps for volume rf_d_21UsWin1:0 (G4Tubs) ... OK! 
Checking overlaps for volume rf_d_21DsWin1:0 (G4Tubs) ... OK! 
Checking overlaps for volume rf_d_21UsWin2:0 (G4Tubs) ... OK! 
Checking overlaps for volume rf_d_21DsWin2:0 (G4Tubs) ... OK! 
Checking overlaps for volume rf_d_21DsHalf:0 (G4Tubs) ... OK! 
Checking overlaps for volume rf_d_21TimingVol:0 (G4Tubs) ... OK! 
Checking overlaps for volume rf_d_21:0 (G4Tubs) ... OK! 
BLCMDpillbox::construct rf_d_21 parent= relZ=26875.0 globZ=26875.0
	zmin=26765.0 zmax=26985.0
Checking overlaps for volume rf_e_21Pipe:0 (G4Tubs) ... OK! 
Checking overlaps for volume rf_e_21UsWall:0 (G4Tubs) ... OK! 
Checking overlaps for volume rf_e_21DsWall:0 (G4Tubs) ... OK! 
Checking overlaps for volume rf_e_21UsWin1:0 (G4Tubs) ... OK! 
Checking overlaps for volume rf_e_21DsWin1:0 (G4Tubs) ... OK! 
Checking overlaps for volume rf_e_21UsWin2:0 (G4Tubs) ... OK! 
Checking overlaps for volume rf_e_21DsWin2:0 (G4Tubs) ... OK! 
Checking overlaps for volume rf_e_21DsHalf:0 (G4Tubs) ... OK! 
Checking overlaps for volume rf_e_21TimingVol:0 (G4Tubs) ... OK! 
Checking overlaps for volume rf_e_21:0 (G4Tubs) ... OK! 
BLCMDpillbox::construct rf_e_21 parent= relZ=27095.1 globZ=27095.1
	zmin=26985.0 zmax=27205.1
Checking overlaps for volume rf_c_22Pipe:0 (G4Tubs) ... OK! 
Checking overlaps for volume rf_c_22UsWall:0 (G4Tubs) ... OK! 
Checking overlaps for volume rf_c_22DsWall:0 (G4Tubs) ... OK! 
Checking overlaps for volume rf_c_22UsWin1:0 (G4Tubs) ... OK! 
Checking overlaps for volume rf_c_22DsWin1:0 (G4Tubs) ... OK! 
Checking overlaps for volume rf_c_22UsWin2:0 (G4Tubs) ... OK! 
Checking overlaps for volume rf_c_22DsWin2:0 (G4Tubs) ... OK! 
Checking overlaps for volume rf_c_22DsHalf:0 (G4Tubs) ... OK! 
Checking overlaps for volume rf_c_22TimingVol:0 (G4Tubs) ... OK! 
Checking overlaps for volume rf_c_22:0 (G4Tubs) ... OK! 
BLCMDpillbox::construct rf_c_22 parent= relZ=27904.9 globZ=27904.9
	zmin=27794.9 zmax=28015.0
Checking overlaps for volume rf_d_22Pipe:0 (G4Tubs) ... OK! 
Checking overlaps for volume rf_d_22UsWall:0 (G4Tubs) ... OK! 
Checking overlaps for volume rf_d_22DsWall:0 (G4Tubs) ... OK! 
Checking overlaps for volume rf_d_22UsWin1:0 (G4Tubs) ... OK! 
Checking overlaps for volume rf_d_22DsWin1:0 (G4Tubs) ... OK! 
Checking overlaps for volume rf_d_22UsWin2:0 (G4Tubs) ... OK! 
Checking overlaps for volume rf_d_22DsWin2:0 (G4Tubs) ... OK! 
Checking overlaps for volume rf_d_22DsHalf:0 (G4Tubs) ... OK! 
Checking overlaps for volume rf_d_22TimingVol:0 (G4Tubs) ... OK! 
Checking overlaps for volume rf_d_22:0 (G4Tubs) ... OK! 
BLCMDpillbox::construct rf_d_22 parent= relZ=28125.0 globZ=28125.0
	zmin=28015.0 zmax=28235.0
Checking overlaps for volume rf_e_22Pipe:0 (G4Tubs) ... OK! 
Checking overlaps for volume rf_e_22UsWall:0 (G4Tubs) ... OK! 
Checking overlaps for volume rf_e_22DsWall:0 (G4Tubs) ... OK! 
Checking overlaps for volume rf_e_22UsWin1:0 (G4Tubs) ... OK! 
Checking overlaps for volume rf_e_22DsWin1:0 (G4Tubs) ... OK! 
Checking overlaps for volume rf_e_22UsWin2:0 (G4Tubs) ... OK! 
Checking overlaps for volume rf_e_22DsWin2:0 (G4Tubs) ... OK! 
Checking overlaps for volume rf_e_22DsHalf:0 (G4Tubs) ... OK! 
Checking overlaps for volume rf_e_22TimingVol:0 (G4Tubs) ... OK! 
Checking overlaps for volume rf_e_22:0 (G4Tubs) ... OK! 
BLCMDpillbox::construct rf_e_22 parent= relZ=28345.1 globZ=28345.1
	zmin=28235.0 zmax=28455.1
Checking overlaps for volume rf_c_23Pipe:0 (G4Tubs) ... OK! 
Checking overlaps for volume rf_c_23UsWall:0 (G4Tubs) ... OK! 
Checking overlaps for volume rf_c_23DsWall:0 (G4Tubs) ... OK! 
Checking overlaps for volume rf_c_23UsWin1:0 (G4Tubs) ... OK! 
Checking overlaps for volume rf_c_23DsWin1:0 (G4Tubs) ... OK! 
Checking overlaps for volume rf_c_23UsWin2:0 (G4Tubs) ... OK! 
Checking overlaps for volume rf_c_23DsWin2:0 (G4Tubs) ... OK! 
Checking overlaps for volume rf_c_23DsHalf:0 (G4Tubs) ... OK! 
Checking overlaps for volume rf_c_23TimingVol:0 (G4Tubs) ... OK! 
Checking overlaps for volume rf_c_23:0 (G4Tubs) ... OK! 
BLCMDpillbox::construct rf_c_23 parent= relZ=29154.9 globZ=29154.9
	zmin=29044.9 zmax=29265.0
Checking overlaps for volume rf_d_23Pipe:0 (G4Tubs) ... OK! 
Checking overlaps for volume rf_d_23UsWall:0 (G4Tubs) ... OK! 
Checking overlaps for volume rf_d_23DsWall:0 (G4Tubs) ... OK! 
Checking overlaps for volume rf_d_23UsWin1:0 (G4Tubs) ... OK! 
Checking overlaps for volume rf_d_23DsWin1:0 (G4Tubs) ... OK! 
Checking overlaps for volume rf_d_23UsWin2:0 (G4Tubs) ... OK! 
Checking overlaps for volume rf_d_23DsWin2:0 (G4Tubs) ... OK! 
Checking overlaps for volume rf_d_23DsHalf:0 (G4Tubs) ... OK! 
Checking overlaps for volume rf_d_23TimingVol:0 (G4Tubs) ... OK! 
Checking overlaps for volume rf_d_23:0 (G4Tubs) ... OK! 
BLCMDpillbox::construct rf_d_23 parent= relZ=29375.0 globZ=29375.0
	zmin=29265.0 zmax=29485.0
Checking overlaps for volume rf_e_23Pipe:0 (G4Tubs) ... OK! 
Checking overlaps for volume rf_e_23UsWall:0 (G4Tubs) ... OK! 
Checking overlaps for volume rf_e_23DsWall:0 (G4Tubs) ... OK! 
Checking overlaps for volume rf_e_23UsWin1:0 (G4Tubs) ... OK! 
Checking overlaps for volume rf_e_23DsWin1:0 (G4Tubs) ... OK! 
Checking overlaps for volume rf_e_23UsWin2:0 (G4Tubs) ... OK! 
Checking overlaps for volume rf_e_23DsWin2:0 (G4Tubs) ... OK! 
Checking overlaps for volume rf_e_23DsHalf:0 (G4Tubs) ... OK! 
Checking overlaps for volume rf_e_23TimingVol:0 (G4Tubs) ... OK! 
Checking overlaps for volume rf_e_23:0 (G4Tubs) ... OK! 
BLCMDpillbox::construct rf_e_23 parent= relZ=29595.1 globZ=29595.1
	zmin=29485.0 zmax=29705.1
Checking overlaps for volume rf_c_24Pipe:0 (G4Tubs) ... OK! 
Checking overlaps for volume rf_c_24UsWall:0 (G4Tubs) ... OK! 
Checking overlaps for volume rf_c_24DsWall:0 (G4Tubs) ... OK! 
Checking overlaps for volume rf_c_24UsWin1:0 (G4Tubs) ... OK! 
Checking overlaps for volume rf_c_24DsWin1:0 (G4Tubs) ... OK! 
Checking overlaps for volume rf_c_24UsWin2:0 (G4Tubs) ... OK! 
Checking overlaps for volume rf_c_24DsWin2:0 (G4Tubs) ... OK! 
Checking overlaps for volume rf_c_24DsHalf:0 (G4Tubs) ... OK! 
Checking overlaps for volume rf_c_24TimingVol:0 (G4Tubs) ... OK! 
Checking overlaps for volume rf_c_24:0 (G4Tubs) ... OK! 
BLCMDpillbox::construct rf_c_24 parent= relZ=30404.9 globZ=30404.9
	zmin=30294.9 zmax=30515.0
Checking overlaps for volume rf_d_24Pipe:0 (G4Tubs) ... OK! 
Checking overlaps for volume rf_d_24UsWall:0 (G4Tubs) ... OK! 
Checking overlaps for volume rf_d_24DsWall:0 (G4Tubs) ... OK! 
Checking overlaps for volume rf_d_24UsWin1:0 (G4Tubs) ... OK! 
Checking overlaps for volume rf_d_24DsWin1:0 (G4Tubs) ... OK! 
Checking overlaps for volume rf_d_24UsWin2:0 (G4Tubs) ... OK! 
Checking overlaps for volume rf_d_24DsWin2:0 (G4Tubs) ... OK! 
Checking overlaps for volume rf_d_24DsHalf:0 (G4Tubs) ... OK! 
Checking overlaps for volume rf_d_24TimingVol:0 (G4Tubs) ... OK! 
Checking overlaps for volume rf_d_24:0 (G4Tubs) ... OK! 
BLCMDpillbox::construct rf_d_24 parent= relZ=30625.0 globZ=30625.0
	zmin=30515.0 zmax=30735.0
Checking overlaps for volume rf_e_24Pipe:0 (G4Tubs) ... OK! 
Checking overlaps for volume rf_e_24UsWall:0 (G4Tubs) ... OK! 
Checking overlaps for volume rf_e_24DsWall:0 (G4Tubs) ... OK! 
Checking overlaps for volume rf_e_24UsWin1:0 (G4Tubs) ... OK! 
Checking overlaps for volume rf_e_24DsWin1:0 (G4Tubs) ... OK! 
Checking overlaps for volume rf_e_24UsWin2:0 (G4Tubs) ... OK! 
Checking overlaps for volume rf_e_24DsWin2:0 (G4Tubs) ... OK! 
Checking overlaps for volume rf_e_24DsHalf:0 (G4Tubs) ... OK! 
Checking overlaps for volume rf_e_24TimingVol:0 (G4Tubs) ... OK! 
Checking overlaps for volume rf_e_24:0 (G4Tubs) ... OK! 
BLCMDpillbox::construct rf_e_24 parent= relZ=30845.1 globZ=30845.1
	zmin=30735.0 zmax=30955.1
Checking overlaps for volume rf_c_25Pipe:0 (G4Tubs) ... OK! 
Checking overlaps for volume rf_c_25UsWall:0 (G4Tubs) ... OK! 
Checking overlaps for volume rf_c_25DsWall:0 (G4Tubs) ... OK! 
Checking overlaps for volume rf_c_25UsWin1:0 (G4Tubs) ... OK! 
Checking overlaps for volume rf_c_25DsWin1:0 (G4Tubs) ... OK! 
Checking overlaps for volume rf_c_25UsWin2:0 (G4Tubs) ... OK! 
Checking overlaps for volume rf_c_25DsWin2:0 (G4Tubs) ... OK! 
Checking overlaps for volume rf_c_25DsHalf:0 (G4Tubs) ... OK! 
Checking overlaps for volume rf_c_25TimingVol:0 (G4Tubs) ... OK! 
Checking overlaps for volume rf_c_25:0 (G4Tubs) ... OK! 
BLCMDpillbox::construct rf_c_25 parent= relZ=31654.9 globZ=31654.9
	zmin=31544.9 zmax=31765.0
Checking overlaps for volume rf_d_25Pipe:0 (G4Tubs) ... OK! 
Checking overlaps for volume rf_d_25UsWall:0 (G4Tubs) ... OK! 
Checking overlaps for volume rf_d_25DsWall:0 (G4Tubs) ... OK! 
Checking overlaps for volume rf_d_25UsWin1:0 (G4Tubs) ... OK! 
Checking overlaps for volume rf_d_25DsWin1:0 (G4Tubs) ... OK! 
Checking overlaps for volume rf_d_25UsWin2:0 (G4Tubs) ... OK! 
Checking overlaps for volume rf_d_25DsWin2:0 (G4Tubs) ... OK! 
Checking overlaps for volume rf_d_25DsHalf:0 (G4Tubs) ... OK! 
Checking overlaps for volume rf_d_25TimingVol:0 (G4Tubs) ... OK! 
Checking overlaps for volume rf_d_25:0 (G4Tubs) ... OK! 
BLCMDpillbox::construct rf_d_25 parent= relZ=31875.0 globZ=31875.0
	zmin=31765.0 zmax=31985.0
Checking overlaps for volume rf_e_25Pipe:0 (G4Tubs) ... OK! 
Checking overlaps for volume rf_e_25UsWall:0 (G4Tubs) ... OK! 
Checking overlaps for volume rf_e_25DsWall:0 (G4Tubs) ... OK! 
Checking overlaps for volume rf_e_25UsWin1:0 (G4Tubs) ... OK! 
Checking overlaps for volume rf_e_25DsWin1:0 (G4Tubs) ... OK! 
Checking overlaps for volume rf_e_25UsWin2:0 (G4Tubs) ... OK! 
Checking overlaps for volume rf_e_25DsWin2:0 (G4Tubs) ... OK! 
Checking overlaps for volume rf_e_25DsHalf:0 (G4Tubs) ... OK! 
Checking overlaps for volume rf_e_25TimingVol:0 (G4Tubs) ... OK! 
Checking overlaps for volume rf_e_25:0 (G4Tubs) ... OK! 
BLCMDpillbox::construct rf_e_25 parent= relZ=32095.1 globZ=32095.1
	zmin=31985.0 zmax=32205.1
Checking overlaps for volume rf_c_26Pipe:0 (G4Tubs) ... OK! 
Checking overlaps for volume rf_c_26UsWall:0 (G4Tubs) ... OK! 
Checking overlaps for volume rf_c_26DsWall:0 (G4Tubs) ... OK! 
Checking overlaps for volume rf_c_26UsWin1:0 (G4Tubs) ... OK! 
Checking overlaps for volume rf_c_26DsWin1:0 (G4Tubs) ... OK! 
Checking overlaps for volume rf_c_26UsWin2:0 (G4Tubs) ... OK! 
Checking overlaps for volume rf_c_26DsWin2:0 (G4Tubs) ... OK! 
Checking overlaps for volume rf_c_26DsHalf:0 (G4Tubs) ... OK! 
Checking overlaps for volume rf_c_26TimingVol:0 (G4Tubs) ... OK! 
Checking overlaps for volume rf_c_26:0 (G4Tubs) ... OK! 
BLCMDpillbox::construct rf_c_26 parent= relZ=32904.9 globZ=32904.9
	zmin=32794.9 zmax=33015.0
Checking overlaps for volume rf_d_26Pipe:0 (G4Tubs) ... OK! 
Checking overlaps for volume rf_d_26UsWall:0 (G4Tubs) ... OK! 
Checking overlaps for volume rf_d_26DsWall:0 (G4Tubs) ... OK! 
Checking overlaps for volume rf_d_26UsWin1:0 (G4Tubs) ... OK! 
Checking overlaps for volume rf_d_26DsWin1:0 (G4Tubs) ... OK! 
Checking overlaps for volume rf_d_26UsWin2:0 (G4Tubs) ... OK! 
Checking overlaps for volume rf_d_26DsWin2:0 (G4Tubs) ... OK! 
Checking overlaps for volume rf_d_26DsHalf:0 (G4Tubs) ... OK! 
Checking overlaps for volume rf_d_26TimingVol:0 (G4Tubs) ... OK! 
Checking overlaps for volume rf_d_26:0 (G4Tubs) ... OK! 
BLCMDpillbox::construct rf_d_26 parent= relZ=33125.0 globZ=33125.0
	zmin=33015.0 zmax=33235.0
Checking overlaps for volume rf_e_26Pipe:0 (G4Tubs) ... OK! 
Checking overlaps for volume rf_e_26UsWall:0 (G4Tubs) ... OK! 
Checking overlaps for volume rf_e_26DsWall:0 (G4Tubs) ... OK! 
Checking overlaps for volume rf_e_26UsWin1:0 (G4Tubs) ... OK! 
Checking overlaps for volume rf_e_26DsWin1:0 (G4Tubs) ... OK! 
Checking overlaps for volume rf_e_26UsWin2:0 (G4Tubs) ... OK! 
Checking overlaps for volume rf_e_26DsWin2:0 (G4Tubs) ... OK! 
Checking overlaps for volume rf_e_26DsHalf:0 (G4Tubs) ... OK! 
Checking overlaps for volume rf_e_26TimingVol:0 (G4Tubs) ... OK! 
Checking overlaps for volume rf_e_26:0 (G4Tubs) ... OK! 
BLCMDpillbox::construct rf_e_26 parent= relZ=33345.1 globZ=33345.1
	zmin=33235.0 zmax=33455.1
Checking overlaps for volume rf_c_27Pipe:0 (G4Tubs) ... OK! 
Checking overlaps for volume rf_c_27UsWall:0 (G4Tubs) ... OK! 
Checking overlaps for volume rf_c_27DsWall:0 (G4Tubs) ... OK! 
Checking overlaps for volume rf_c_27UsWin1:0 (G4Tubs) ... OK! 
Checking overlaps for volume rf_c_27DsWin1:0 (G4Tubs) ... OK! 
Checking overlaps for volume rf_c_27UsWin2:0 (G4Tubs) ... OK! 
Checking overlaps for volume rf_c_27DsWin2:0 (G4Tubs) ... OK! 
Checking overlaps for volume rf_c_27DsHalf:0 (G4Tubs) ... OK! 
Checking overlaps for volume rf_c_27TimingVol:0 (G4Tubs) ... OK! 
Checking overlaps for volume rf_c_27:0 (G4Tubs) ... OK! 
BLCMDpillbox::construct rf_c_27 parent= relZ=34154.9 globZ=34154.9
	zmin=34044.9 zmax=34265.0
Checking overlaps for volume rf_d_27Pipe:0 (G4Tubs) ... OK! 
Checking overlaps for volume rf_d_27UsWall:0 (G4Tubs) ... OK! 
Checking overlaps for volume rf_d_27DsWall:0 (G4Tubs) ... OK! 
Checking overlaps for volume rf_d_27UsWin1:0 (G4Tubs) ... OK! 
Checking overlaps for volume rf_d_27DsWin1:0 (G4Tubs) ... OK! 
Checking overlaps for volume rf_d_27UsWin2:0 (G4Tubs) ... OK! 
Checking overlaps for volume rf_d_27DsWin2:0 (G4Tubs) ... OK! 
Checking overlaps for volume rf_d_27DsHalf:0 (G4Tubs) ... OK! 
Checking overlaps for volume rf_d_27TimingVol:0 (G4Tubs) ... OK! 
Checking overlaps for volume rf_d_27:0 (G4Tubs) ... OK! 
BLCMDpillbox::construct rf_d_27 parent= relZ=34375.0 globZ=34375.0
	zmin=34265.0 zmax=34485.0
Checking overlaps for volume rf_e_27Pipe:0 (G4Tubs) ... OK! 
Checking overlaps for volume rf_e_27UsWall:0 (G4Tubs) ... OK! 
Checking overlaps for volume rf_e_27DsWall:0 (G4Tubs) ... OK! 
Checking overlaps for volume rf_e_27UsWin1:0 (G4Tubs) ... OK! 
Checking overlaps for volume rf_e_27DsWin1:0 (G4Tubs) ... OK! 
Checking overlaps for volume rf_e_27UsWin2:0 (G4Tubs) ... OK! 
Checking overlaps for volume rf_e_27DsWin2:0 (G4Tubs) ... OK! 
Checking overlaps for volume rf_e_27DsHalf:0 (G4Tubs) ... OK! 
Checking overlaps for volume rf_e_27TimingVol:0 (G4Tubs) ... OK! 
Checking overlaps for volume rf_e_27:0 (G4Tubs) ... OK! 
BLCMDpillbox::construct rf_e_27 parent= relZ=34595.1 globZ=34595.1
	zmin=34485.0 zmax=34705.1
Checking overlaps for volume rf_c_28Pipe:0 (G4Tubs) ... OK! 
Checking overlaps for volume rf_c_28UsWall:0 (G4Tubs) ... OK! 
Checking overlaps for volume rf_c_28DsWall:0 (G4Tubs) ... OK! 
Checking overlaps for volume rf_c_28UsWin1:0 (G4Tubs) ... OK! 
Checking overlaps for volume rf_c_28DsWin1:0 (G4Tubs) ... OK! 
Checking overlaps for volume rf_c_28UsWin2:0 (G4Tubs) ... OK! 
Checking overlaps for volume rf_c_28DsWin2:0 (G4Tubs) ... OK! 
Checking overlaps for volume rf_c_28DsHalf:0 (G4Tubs) ... OK! 
Checking overlaps for volume rf_c_28TimingVol:0 (G4Tubs) ... OK! 
Checking overlaps for volume rf_c_28:0 (G4Tubs) ... OK! 
BLCMDpillbox::construct rf_c_28 parent= relZ=35404.9 globZ=35404.9
	zmin=35294.9 zmax=35515.0
Checking overlaps for volume rf_d_28Pipe:0 (G4Tubs) ... OK! 
Checking overlaps for volume rf_d_28UsWall:0 (G4Tubs) ... OK! 
Checking overlaps for volume rf_d_28DsWall:0 (G4Tubs) ... OK! 
Checking overlaps for volume rf_d_28UsWin1:0 (G4Tubs) ... OK! 
Checking overlaps for volume rf_d_28DsWin1:0 (G4Tubs) ... OK! 
Checking overlaps for volume rf_d_28UsWin2:0 (G4Tubs) ... OK! 
Checking overlaps for volume rf_d_28DsWin2:0 (G4Tubs) ... OK! 
Checking overlaps for volume rf_d_28DsHalf:0 (G4Tubs) ... OK! 
Checking overlaps for volume rf_d_28TimingVol:0 (G4Tubs) ... OK! 
Checking overlaps for volume rf_d_28:0 (G4Tubs) ... OK! 
BLCMDpillbox::construct rf_d_28 parent= relZ=35625.0 globZ=35625.0
	zmin=35515.0 zmax=35735.0
Checking overlaps for volume rf_e_28Pipe:0 (G4Tubs) ... OK! 
Checking overlaps for volume rf_e_28UsWall:0 (G4Tubs) ... OK! 
Checking overlaps for volume rf_e_28DsWall:0 (G4Tubs) ... OK! 
Checking overlaps for volume rf_e_28UsWin1:0 (G4Tubs) ... OK! 
Checking overlaps for volume rf_e_28DsWin1:0 (G4Tubs) ... OK! 
Checking overlaps for volume rf_e_28UsWin2:0 (G4Tubs) ... OK! 
Checking overlaps for volume rf_e_28DsWin2:0 (G4Tubs) ... OK! 
Checking overlaps for volume rf_e_28DsHalf:0 (G4Tubs) ... OK! 
Checking overlaps for volume rf_e_28TimingVol:0 (G4Tubs) ... OK! 
Checking overlaps for volume rf_e_28:0 (G4Tubs) ... OK! 
BLCMDpillbox::construct rf_e_28 parent= relZ=35845.1 globZ=35845.1
	zmin=35735.0 zmax=35955.1
Checking overlaps for volume rf_c_29Pipe:0 (G4Tubs) ... OK! 
Checking overlaps for volume rf_c_29UsWall:0 (G4Tubs) ... OK! 
Checking overlaps for volume rf_c_29DsWall:0 (G4Tubs) ... OK! 
Checking overlaps for volume rf_c_29UsWin1:0 (G4Tubs) ... OK! 
Checking overlaps for volume rf_c_29DsWin1:0 (G4Tubs) ... OK! 
Checking overlaps for volume rf_c_29UsWin2:0 (G4Tubs) ... OK! 
Checking overlaps for volume rf_c_29DsWin2:0 (G4Tubs) ... OK! 
Checking overlaps for volume rf_c_29DsHalf:0 (G4Tubs) ... OK! 
Checking overlaps for volume rf_c_29TimingVol:0 (G4Tubs) ... OK! 
Checking overlaps for volume rf_c_29:0 (G4Tubs) ... OK! 
BLCMDpillbox::construct rf_c_29 parent= relZ=36654.9 globZ=36654.9
	zmin=36544.9 zmax=36765.0
Checking overlaps for volume rf_d_29Pipe:0 (G4Tubs) ... OK! 
Checking overlaps for volume rf_d_29UsWall:0 (G4Tubs) ... OK! 
Checking overlaps for volume rf_d_29DsWall:0 (G4Tubs) ... OK! 
Checking overlaps for volume rf_d_29UsWin1:0 (G4Tubs) ... OK! 
Checking overlaps for volume rf_d_29DsWin1:0 (G4Tubs) ... OK! 
Checking overlaps for volume rf_d_29UsWin2:0 (G4Tubs) ... OK! 
Checking overlaps for volume rf_d_29DsWin2:0 (G4Tubs) ... OK! 
Checking overlaps for volume rf_d_29DsHalf:0 (G4Tubs) ... OK! 
Checking overlaps for volume rf_d_29TimingVol:0 (G4Tubs) ... OK! 
Checking overlaps for volume rf_d_29:0 (G4Tubs) ... OK! 
BLCMDpillbox::construct rf_d_29 parent= relZ=36875.0 globZ=36875.0
	zmin=36765.0 zmax=36985.0
Checking overlaps for volume rf_e_29Pipe:0 (G4Tubs) ... OK! 
Checking overlaps for volume rf_e_29UsWall:0 (G4Tubs) ... OK! 
Checking overlaps for volume rf_e_29DsWall:0 (G4Tubs) ... OK! 
Checking overlaps for volume rf_e_29UsWin1:0 (G4Tubs) ... OK! 
Checking overlaps for volume rf_e_29DsWin1:0 (G4Tubs) ... OK! 
Checking overlaps for volume rf_e_29UsWin2:0 (G4Tubs) ... OK! 
Checking overlaps for volume rf_e_29DsWin2:0 (G4Tubs) ... OK! 
Checking overlaps for volume rf_e_29DsHalf:0 (G4Tubs) ... OK! 
Checking overlaps for volume rf_e_29TimingVol:0 (G4Tubs) ... OK! 
Checking overlaps for volume rf_e_29:0 (G4Tubs) ... OK! 
BLCMDpillbox::construct rf_e_29 parent= relZ=37095.1 globZ=37095.1
	zmin=36985.0 zmax=37205.1
Checking overlaps for volume rf_c_30Pipe:0 (G4Tubs) ... OK! 
Checking overlaps for volume rf_c_30UsWall:0 (G4Tubs) ... OK! 
Checking overlaps for volume rf_c_30DsWall:0 (G4Tubs) ... OK! 
Checking overlaps for volume rf_c_30UsWin1:0 (G4Tubs) ... OK! 
Checking overlaps for volume rf_c_30DsWin1:0 (G4Tubs) ... OK! 
Checking overlaps for volume rf_c_30UsWin2:0 (G4Tubs) ... OK! 
Checking overlaps for volume rf_c_30DsWin2:0 (G4Tubs) ... OK! 
Checking overlaps for volume rf_c_30DsHalf:0 (G4Tubs) ... OK! 
Checking overlaps for volume rf_c_30TimingVol:0 (G4Tubs) ... OK! 
Checking overlaps for volume rf_c_30:0 (G4Tubs) ... OK! 
BLCMDpillbox::construct rf_c_30 parent= relZ=37904.9 globZ=37904.9
	zmin=37794.9 zmax=38015.0
Checking overlaps for volume rf_d_30Pipe:0 (G4Tubs) ... OK! 
Checking overlaps for volume rf_d_30UsWall:0 (G4Tubs) ... OK! 
Checking overlaps for volume rf_d_30DsWall:0 (G4Tubs) ... OK! 
Checking overlaps for volume rf_d_30UsWin1:0 (G4Tubs) ... OK! 
Checking overlaps for volume rf_d_30DsWin1:0 (G4Tubs) ... OK! 
Checking overlaps for volume rf_d_30UsWin2:0 (G4Tubs) ... OK! 
Checking overlaps for volume rf_d_30DsWin2:0 (G4Tubs) ... OK! 
Checking overlaps for volume rf_d_30DsHalf:0 (G4Tubs) ... OK! 
Checking overlaps for volume rf_d_30TimingVol:0 (G4Tubs) ... OK! 
Checking overlaps for volume rf_d_30:0 (G4Tubs) ... OK! 
BLCMDpillbox::construct rf_d_30 parent= relZ=38125.0 globZ=38125.0
	zmin=38015.0 zmax=38235.0
Checking overlaps for volume rf_e_30Pipe:0 (G4Tubs) ... OK! 
Checking overlaps for volume rf_e_30UsWall:0 (G4Tubs) ... OK! 
Checking overlaps for volume rf_e_30DsWall:0 (G4Tubs) ... OK! 
Checking overlaps for volume rf_e_30UsWin1:0 (G4Tubs) ... OK! 
Checking overlaps for volume rf_e_30DsWin1:0 (G4Tubs) ... OK! 
Checking overlaps for volume rf_e_30UsWin2:0 (G4Tubs) ... OK! 
Checking overlaps for volume rf_e_30DsWin2:0 (G4Tubs) ... OK! 
Checking overlaps for volume rf_e_30DsHalf:0 (G4Tubs) ... OK! 
Checking overlaps for volume rf_e_30TimingVol:0 (G4Tubs) ... OK! 
Checking overlaps for volume rf_e_30:0 (G4Tubs) ... OK! 
BLCMDpillbox::construct rf_e_30 parent= relZ=38345.1 globZ=38345.1
	zmin=38235.0 zmax=38455.1
Checking overlaps for volume rf_c_31Pipe:0 (G4Tubs) ... OK! 
Checking overlaps for volume rf_c_31UsWall:0 (G4Tubs) ... OK! 
Checking overlaps for volume rf_c_31DsWall:0 (G4Tubs) ... OK! 
Checking overlaps for volume rf_c_31UsWin1:0 (G4Tubs) ... OK! 
Checking overlaps for volume rf_c_31DsWin1:0 (G4Tubs) ... OK! 
Checking overlaps for volume rf_c_31UsWin2:0 (G4Tubs) ... OK! 
Checking overlaps for volume rf_c_31DsWin2:0 (G4Tubs) ... OK! 
Checking overlaps for volume rf_c_31DsHalf:0 (G4Tubs) ... OK! 
Checking overlaps for volume rf_c_31TimingVol:0 (G4Tubs) ... OK! 
Checking overlaps for volume rf_c_31:0 (G4Tubs) ... OK! 
BLCMDpillbox::construct rf_c_31 parent= relZ=39154.9 globZ=39154.9
	zmin=39044.9 zmax=39265.0
Checking overlaps for volume rf_d_31Pipe:0 (G4Tubs) ... OK! 
Checking overlaps for volume rf_d_31UsWall:0 (G4Tubs) ... OK! 
Checking overlaps for volume rf_d_31DsWall:0 (G4Tubs) ... OK! 
Checking overlaps for volume rf_d_31UsWin1:0 (G4Tubs) ... OK! 
Checking overlaps for volume rf_d_31DsWin1:0 (G4Tubs) ... OK! 
Checking overlaps for volume rf_d_31UsWin2:0 (G4Tubs) ... OK! 
Checking overlaps for volume rf_d_31DsWin2:0 (G4Tubs) ... OK! 
Checking overlaps for volume rf_d_31DsHalf:0 (G4Tubs) ... OK! 
Checking overlaps for volume rf_d_31TimingVol:0 (G4Tubs) ... OK! 
Checking overlaps for volume rf_d_31:0 (G4Tubs) ... OK! 
BLCMDpillbox::construct rf_d_31 parent= relZ=39375.0 globZ=39375.0
	zmin=39265.0 zmax=39485.0
Checking overlaps for volume rf_e_31Pipe:0 (G4Tubs) ... OK! 
Checking overlaps for volume rf_e_31UsWall:0 (G4Tubs) ... OK! 
Checking overlaps for volume rf_e_31DsWall:0 (G4Tubs) ... OK! 
Checking overlaps for volume rf_e_31UsWin1:0 (G4Tubs) ... OK! 
Checking overlaps for volume rf_e_31DsWin1:0 (G4Tubs) ... OK! 
Checking overlaps for volume rf_e_31UsWin2:0 (G4Tubs) ... OK! 
Checking overlaps for volume rf_e_31DsWin2:0 (G4Tubs) ... OK! 
Checking overlaps for volume rf_e_31DsHalf:0 (G4Tubs) ... OK! 
Checking overlaps for volume rf_e_31TimingVol:0 (G4Tubs) ... OK! 
Checking overlaps for volume rf_e_31:0 (G4Tubs) ... OK! 
BLCMDpillbox::construct rf_e_31 parent= relZ=39595.1 globZ=39595.1
	zmin=39485.0 zmax=39705.1
Checking overlaps for volume rf_c_32Pipe:0 (G4Tubs) ... OK! 
Checking overlaps for volume rf_c_32UsWall:0 (G4Tubs) ... OK! 
Checking overlaps for volume rf_c_32DsWall:0 (G4Tubs) ... OK! 
Checking overlaps for volume rf_c_32UsWin1:0 (G4Tubs) ... OK! 
Checking overlaps for volume rf_c_32DsWin1:0 (G4Tubs) ... OK! 
Checking overlaps for volume rf_c_32UsWin2:0 (G4Tubs) ... OK! 
Checking overlaps for volume rf_c_32DsWin2:0 (G4Tubs) ... OK! 
Checking overlaps for volume rf_c_32DsHalf:0 (G4Tubs) ... OK! 
Checking overlaps for volume rf_c_32TimingVol:0 (G4Tubs) ... OK! 
Checking overlaps for volume rf_c_32:0 (G4Tubs) ... OK! 
BLCMDpillbox::construct rf_c_32 parent= relZ=40404.9 globZ=40404.9
	zmin=40294.9 zmax=40515.0
Checking overlaps for volume rf_d_32Pipe:0 (G4Tubs) ... OK! 
Checking overlaps for volume rf_d_32UsWall:0 (G4Tubs) ... OK! 
Checking overlaps for volume rf_d_32DsWall:0 (G4Tubs) ... OK! 
Checking overlaps for volume rf_d_32UsWin1:0 (G4Tubs) ... OK! 
Checking overlaps for volume rf_d_32DsWin1:0 (G4Tubs) ... OK! 
Checking overlaps for volume rf_d_32UsWin2:0 (G4Tubs) ... OK! 
Checking overlaps for volume rf_d_32DsWin2:0 (G4Tubs) ... OK! 
Checking overlaps for volume rf_d_32DsHalf:0 (G4Tubs) ... OK! 
Checking overlaps for volume rf_d_32TimingVol:0 (G4Tubs) ... OK! 
Checking overlaps for volume rf_d_32:0 (G4Tubs) ... OK! 
BLCMDpillbox::construct rf_d_32 parent= relZ=40625.0 globZ=40625.0
	zmin=40515.0 zmax=40735.0
Checking overlaps for volume rf_e_32Pipe:0 (G4Tubs) ... OK! 
Checking overlaps for volume rf_e_32UsWall:0 (G4Tubs) ... OK! 
Checking overlaps for volume rf_e_32DsWall:0 (G4Tubs) ... OK! 
Checking overlaps for volume rf_e_32UsWin1:0 (G4Tubs) ... OK! 
Checking overlaps for volume rf_e_32DsWin1:0 (G4Tubs) ... OK! 
Checking overlaps for volume rf_e_32UsWin2:0 (G4Tubs) ... OK! 
Checking overlaps for volume rf_e_32DsWin2:0 (G4Tubs) ... OK! 
Checking overlaps for volume rf_e_32DsHalf:0 (G4Tubs) ... OK! 
Checking overlaps for volume rf_e_32TimingVol:0 (G4Tubs) ... OK! 
Checking overlaps for volume rf_e_32:0 (G4Tubs) ... OK! 
BLCMDpillbox::construct rf_e_32 parent= relZ=40845.1 globZ=40845.1
	zmin=40735.0 zmax=40955.1
Checking overlaps for volume rf_c_33Pipe:0 (G4Tubs) ... OK! 
Checking overlaps for volume rf_c_33UsWall:0 (G4Tubs) ... OK! 
Checking overlaps for volume rf_c_33DsWall:0 (G4Tubs) ... OK! 
Checking overlaps for volume rf_c_33UsWin1:0 (G4Tubs) ... OK! 
Checking overlaps for volume rf_c_33DsWin1:0 (G4Tubs) ... OK! 
Checking overlaps for volume rf_c_33UsWin2:0 (G4Tubs) ... OK! 
Checking overlaps for volume rf_c_33DsWin2:0 (G4Tubs) ... OK! 
Checking overlaps for volume rf_c_33DsHalf:0 (G4Tubs) ... OK! 
Checking overlaps for volume rf_c_33TimingVol:0 (G4Tubs) ... OK! 
Checking overlaps for volume rf_c_33:0 (G4Tubs) ... OK! 
BLCMDpillbox::construct rf_c_33 parent= relZ=41654.9 globZ=41654.9
	zmin=41544.9 zmax=41765.0
Checking overlaps for volume rf_d_33Pipe:0 (G4Tubs) ... OK! 
Checking overlaps for volume rf_d_33UsWall:0 (G4Tubs) ... OK! 
Checking overlaps for volume rf_d_33DsWall:0 (G4Tubs) ... OK! 
Checking overlaps for volume rf_d_33UsWin1:0 (G4Tubs) ... OK! 
Checking overlaps for volume rf_d_33DsWin1:0 (G4Tubs) ... OK! 
Checking overlaps for volume rf_d_33UsWin2:0 (G4Tubs) ... OK! 
Checking overlaps for volume rf_d_33DsWin2:0 (G4Tubs) ... OK! 
Checking overlaps for volume rf_d_33DsHalf:0 (G4Tubs) ... OK! 
Checking overlaps for volume rf_d_33TimingVol:0 (G4Tubs) ... OK! 
Checking overlaps for volume rf_d_33:0 (G4Tubs) ... OK! 
BLCMDpillbox::construct rf_d_33 parent= relZ=41875.0 globZ=41875.0
	zmin=41765.0 zmax=41985.0
Checking overlaps for volume rf_e_33Pipe:0 (G4Tubs) ... OK! 
Checking overlaps for volume rf_e_33UsWall:0 (G4Tubs) ... OK! 
Checking overlaps for volume rf_e_33DsWall:0 (G4Tubs) ... OK! 
Checking overlaps for volume rf_e_33UsWin1:0 (G4Tubs) ... OK! 
Checking overlaps for volume rf_e_33DsWin1:0 (G4Tubs) ... OK! 
Checking overlaps for volume rf_e_33UsWin2:0 (G4Tubs) ... OK! 
Checking overlaps for volume rf_e_33DsWin2:0 (G4Tubs) ... OK! 
Checking overlaps for volume rf_e_33DsHalf:0 (G4Tubs) ... OK! 
Checking overlaps for volume rf_e_33TimingVol:0 (G4Tubs) ... OK! 
Checking overlaps for volume rf_e_33:0 (G4Tubs) ... OK! 
BLCMDpillbox::construct rf_e_33 parent= relZ=42095.1 globZ=42095.1
	zmin=41985.0 zmax=42205.1
Checking overlaps for volume rf_c_34Pipe:0 (G4Tubs) ... OK! 
Checking overlaps for volume rf_c_34UsWall:0 (G4Tubs) ... OK! 
Checking overlaps for volume rf_c_34DsWall:0 (G4Tubs) ... OK! 
Checking overlaps for volume rf_c_34UsWin1:0 (G4Tubs) ... OK! 
Checking overlaps for volume rf_c_34DsWin1:0 (G4Tubs) ... OK! 
Checking overlaps for volume rf_c_34UsWin2:0 (G4Tubs) ... OK! 
Checking overlaps for volume rf_c_34DsWin2:0 (G4Tubs) ... OK! 
Checking overlaps for volume rf_c_34DsHalf:0 (G4Tubs) ... OK! 
Checking overlaps for volume rf_c_34TimingVol:0 (G4Tubs) ... OK! 
Checking overlaps for volume rf_c_34:0 (G4Tubs) ... OK! 
BLCMDpillbox::construct rf_c_34 parent= relZ=42904.9 globZ=42904.9
	zmin=42794.9 zmax=43015.0
Checking overlaps for volume rf_d_34Pipe:0 (G4Tubs) ... OK! 
Checking overlaps for volume rf_d_34UsWall:0 (G4Tubs) ... OK! 
Checking overlaps for volume rf_d_34DsWall:0 (G4Tubs) ... OK! 
Checking overlaps for volume rf_d_34UsWin1:0 (G4Tubs) ... OK! 
Checking overlaps for volume rf_d_34DsWin1:0 (G4Tubs) ... OK! 
Checking overlaps for volume rf_d_34UsWin2:0 (G4Tubs) ... OK! 
Checking overlaps for volume rf_d_34DsWin2:0 (G4Tubs) ... OK! 
Checking overlaps for volume rf_d_34DsHalf:0 (G4Tubs) ... OK! 
Checking overlaps for volume rf_d_34TimingVol:0 (G4Tubs) ... OK! 
Checking overlaps for volume rf_d_34:0 (G4Tubs) ... OK! 
BLCMDpillbox::construct rf_d_34 parent= relZ=43125.0 globZ=43125.0
	zmin=43015.0 zmax=43235.0
Checking overlaps for volume rf_e_34Pipe:0 (G4Tubs) ... OK! 
Checking overlaps for volume rf_e_34UsWall:0 (G4Tubs) ... OK! 
Checking overlaps for volume rf_e_34DsWall:0 (G4Tubs) ... OK! 
Checking overlaps for volume rf_e_34UsWin1:0 (G4Tubs) ... OK! 
Checking overlaps for volume rf_e_34DsWin1:0 (G4Tubs) ... OK! 
Checking overlaps for volume rf_e_34UsWin2:0 (G4Tubs) ... OK! 
Checking overlaps for volume rf_e_34DsWin2:0 (G4Tubs) ... OK! 
Checking overlaps for volume rf_e_34DsHalf:0 (G4Tubs) ... OK! 
Checking overlaps for volume rf_e_34TimingVol:0 (G4Tubs) ... OK! 
Checking overlaps for volume rf_e_34:0 (G4Tubs) ... OK! 
BLCMDpillbox::construct rf_e_34 parent= relZ=43345.1 globZ=43345.1
	zmin=43235.0 zmax=43455.1
Checking overlaps for volume rf_c_35Pipe:0 (G4Tubs) ... OK! 
Checking overlaps for volume rf_c_35UsWall:0 (G4Tubs) ... OK! 
Checking overlaps for volume rf_c_35DsWall:0 (G4Tubs) ... OK! 
Checking overlaps for volume rf_c_35UsWin1:0 (G4Tubs) ... OK! 
Checking overlaps for volume rf_c_35DsWin1:0 (G4Tubs) ... OK! 
Checking overlaps for volume rf_c_35UsWin2:0 (G4Tubs) ... OK! 
Checking overlaps for volume rf_c_35DsWin2:0 (G4Tubs) ... OK! 
Checking overlaps for volume rf_c_35DsHalf:0 (G4Tubs) ... OK! 
Checking overlaps for volume rf_c_35TimingVol:0 (G4Tubs) ... OK! 
Checking overlaps for volume rf_c_35:0 (G4Tubs) ... OK! 
BLCMDpillbox::construct rf_c_35 parent= relZ=44154.9 globZ=44154.9
	zmin=44044.9 zmax=44265.0
Checking overlaps for volume rf_d_35Pipe:0 (G4Tubs) ... OK! 
Checking overlaps for volume rf_d_35UsWall:0 (G4Tubs) ... OK! 
Checking overlaps for volume rf_d_35DsWall:0 (G4Tubs) ... OK! 
Checking overlaps for volume rf_d_35UsWin1:0 (G4Tubs) ... OK! 
Checking overlaps for volume rf_d_35DsWin1:0 (G4Tubs) ... OK! 
Checking overlaps for volume rf_d_35UsWin2:0 (G4Tubs) ... OK! 
Checking overlaps for volume rf_d_35DsWin2:0 (G4Tubs) ... OK! 
Checking overlaps for volume rf_d_35DsHalf:0 (G4Tubs) ... OK! 
Checking overlaps for volume rf_d_35TimingVol:0 (G4Tubs) ... OK! 
Checking overlaps for volume rf_d_35:0 (G4Tubs) ... OK! 
BLCMDpillbox::construct rf_d_35 parent= relZ=44375.0 globZ=44375.0
	zmin=44265.0 zmax=44485.0
Checking overlaps for volume rf_e_35Pipe:0 (G4Tubs) ... OK! 
Checking overlaps for volume rf_e_35UsWall:0 (G4Tubs) ... OK! 
Checking overlaps for volume rf_e_35DsWall:0 (G4Tubs) ... OK! 
Checking overlaps for volume rf_e_35UsWin1:0 (G4Tubs) ... OK! 
Checking overlaps for volume rf_e_35DsWin1:0 (G4Tubs) ... OK! 
Checking overlaps for volume rf_e_35UsWin2:0 (G4Tubs) ... OK! 
Checking overlaps for volume rf_e_35DsWin2:0 (G4Tubs) ... OK! 
Checking overlaps for volume rf_e_35DsHalf:0 (G4Tubs) ... OK! 
Checking overlaps for volume rf_e_35TimingVol:0 (G4Tubs) ... OK! 
Checking overlaps for volume rf_e_35:0 (G4Tubs) ... OK! 
BLCMDpillbox::construct rf_e_35 parent= relZ=44595.1 globZ=44595.1
	zmin=44485.0 zmax=44705.1
Checking overlaps for volume rf_c_36Pipe:0 (G4Tubs) ... OK! 
Checking overlaps for volume rf_c_36UsWall:0 (G4Tubs) ... OK! 
Checking overlaps for volume rf_c_36DsWall:0 (G4Tubs) ... OK! 
Checking overlaps for volume rf_c_36UsWin1:0 (G4Tubs) ... OK! 
Checking overlaps for volume rf_c_36DsWin1:0 (G4Tubs) ... OK! 
Checking overlaps for volume rf_c_36UsWin2:0 (G4Tubs) ... OK! 
Checking overlaps for volume rf_c_36DsWin2:0 (G4Tubs) ... OK! 
Checking overlaps for volume rf_c_36DsHalf:0 (G4Tubs) ... OK! 
Checking overlaps for volume rf_c_36TimingVol:0 (G4Tubs) ... OK! 
Checking overlaps for volume rf_c_36:0 (G4Tubs) ... OK! 
BLCMDpillbox::construct rf_c_36 parent= relZ=45404.9 globZ=45404.9
	zmin=45294.9 zmax=45515.0
Checking overlaps for volume rf_d_36Pipe:0 (G4Tubs) ... OK! 
Checking overlaps for volume rf_d_36UsWall:0 (G4Tubs) ... OK! 
Checking overlaps for volume rf_d_36DsWall:0 (G4Tubs) ... OK! 
Checking overlaps for volume rf_d_36UsWin1:0 (G4Tubs) ... OK! 
Checking overlaps for volume rf_d_36DsWin1:0 (G4Tubs) ... OK! 
Checking overlaps for volume rf_d_36UsWin2:0 (G4Tubs) ... OK! 
Checking overlaps for volume rf_d_36DsWin2:0 (G4Tubs) ... OK! 
Checking overlaps for volume rf_d_36DsHalf:0 (G4Tubs) ... OK! 
Checking overlaps for volume rf_d_36TimingVol:0 (G4Tubs) ... OK! 
Checking overlaps for volume rf_d_36:0 (G4Tubs) ... OK! 
BLCMDpillbox::construct rf_d_36 parent= relZ=45625.0 globZ=45625.0
	zmin=45515.0 zmax=45735.0
Checking overlaps for volume rf_e_36Pipe:0 (G4Tubs) ... OK! 
Checking overlaps for volume rf_e_36UsWall:0 (G4Tubs) ... OK! 
Checking overlaps for volume rf_e_36DsWall:0 (G4Tubs) ... OK! 
Checking overlaps for volume rf_e_36UsWin1:0 (G4Tubs) ... OK! 
Checking overlaps for volume rf_e_36DsWin1:0 (G4Tubs) ... OK! 
Checking overlaps for volume rf_e_36UsWin2:0 (G4Tubs) ... OK! 
Checking overlaps for volume rf_e_36DsWin2:0 (G4Tubs) ... OK! 
Checking overlaps for volume rf_e_36DsHalf:0 (G4Tubs) ... OK! 
Checking overlaps for volume rf_e_36TimingVol:0 (G4Tubs) ... OK! 
Checking overlaps for volume rf_e_36:0 (G4Tubs) ... OK! 
BLCMDpillbox::construct rf_e_36 parent= relZ=45845.1 globZ=45845.1
	zmin=45735.0 zmax=45955.1
Checking overlaps for volume rf_c_37Pipe:0 (G4Tubs) ... OK! 
Checking overlaps for volume rf_c_37UsWall:0 (G4Tubs) ... OK! 
Checking overlaps for volume rf_c_37DsWall:0 (G4Tubs) ... OK! 
Checking overlaps for volume rf_c_37UsWin1:0 (G4Tubs) ... OK! 
Checking overlaps for volume rf_c_37DsWin1:0 (G4Tubs) ... OK! 
Checking overlaps for volume rf_c_37UsWin2:0 (G4Tubs) ... OK! 
Checking overlaps for volume rf_c_37DsWin2:0 (G4Tubs) ... OK! 
Checking overlaps for volume rf_c_37DsHalf:0 (G4Tubs) ... OK! 
Checking overlaps for volume rf_c_37TimingVol:0 (G4Tubs) ... OK! 
Checking overlaps for volume rf_c_37:0 (G4Tubs) ... OK! 
BLCMDpillbox::construct rf_c_37 parent= relZ=46654.9 globZ=46654.9
	zmin=46544.9 zmax=46765.0
Checking overlaps for volume rf_d_37Pipe:0 (G4Tubs) ... OK! 
Checking overlaps for volume rf_d_37UsWall:0 (G4Tubs) ... OK! 
Checking overlaps for volume rf_d_37DsWall:0 (G4Tubs) ... OK! 
Checking overlaps for volume rf_d_37UsWin1:0 (G4Tubs) ... OK! 
Checking overlaps for volume rf_d_37DsWin1:0 (G4Tubs) ... OK! 
Checking overlaps for volume rf_d_37UsWin2:0 (G4Tubs) ... OK! 
Checking overlaps for volume rf_d_37DsWin2:0 (G4Tubs) ... OK! 
Checking overlaps for volume rf_d_37DsHalf:0 (G4Tubs) ... OK! 
Checking overlaps for volume rf_d_37TimingVol:0 (G4Tubs) ... OK! 
Checking overlaps for volume rf_d_37:0 (G4Tubs) ... OK! 
BLCMDpillbox::construct rf_d_37 parent= relZ=46875.0 globZ=46875.0
	zmin=46765.0 zmax=46985.0
Checking overlaps for volume rf_e_37Pipe:0 (G4Tubs) ... OK! 
Checking overlaps for volume rf_e_37UsWall:0 (G4Tubs) ... OK! 
Checking overlaps for volume rf_e_37DsWall:0 (G4Tubs) ... OK! 
Checking overlaps for volume rf_e_37UsWin1:0 (G4Tubs) ... OK! 
Checking overlaps for volume rf_e_37DsWin1:0 (G4Tubs) ... OK! 
Checking overlaps for volume rf_e_37UsWin2:0 (G4Tubs) ... OK! 
Checking overlaps for volume rf_e_37DsWin2:0 (G4Tubs) ... OK! 
Checking overlaps for volume rf_e_37DsHalf:0 (G4Tubs) ... OK! 
Checking overlaps for volume rf_e_37TimingVol:0 (G4Tubs) ... OK! 
Checking overlaps for volume rf_e_37:0 (G4Tubs) ... OK! 
BLCMDpillbox::construct rf_e_37 parent= relZ=47095.1 globZ=47095.1
	zmin=46985.0 zmax=47205.1
Checking overlaps for volume rf_c_38Pipe:0 (G4Tubs) ... OK! 
Checking overlaps for volume rf_c_38UsWall:0 (G4Tubs) ... OK! 
Checking overlaps for volume rf_c_38DsWall:0 (G4Tubs) ... OK! 
Checking overlaps for volume rf_c_38UsWin1:0 (G4Tubs) ... OK! 
Checking overlaps for volume rf_c_38DsWin1:0 (G4Tubs) ... OK! 
Checking overlaps for volume rf_c_38UsWin2:0 (G4Tubs) ... OK! 
Checking overlaps for volume rf_c_38DsWin2:0 (G4Tubs) ... OK! 
Checking overlaps for volume rf_c_38DsHalf:0 (G4Tubs) ... OK! 
Checking overlaps for volume rf_c_38TimingVol:0 (G4Tubs) ... OK! 
Checking overlaps for volume rf_c_38:0 (G4Tubs) ... OK! 
BLCMDpillbox::construct rf_c_38 parent= relZ=47904.9 globZ=47904.9
	zmin=47794.9 zmax=48015.0
Checking overlaps for volume rf_d_38Pipe:0 (G4Tubs) ... OK! 
Checking overlaps for volume rf_d_38UsWall:0 (G4Tubs) ... OK! 
Checking overlaps for volume rf_d_38DsWall:0 (G4Tubs) ... OK! 
Checking overlaps for volume rf_d_38UsWin1:0 (G4Tubs) ... OK! 
Checking overlaps for volume rf_d_38DsWin1:0 (G4Tubs) ... OK! 
Checking overlaps for volume rf_d_38UsWin2:0 (G4Tubs) ... OK! 
Checking overlaps for volume rf_d_38DsWin2:0 (G4Tubs) ... OK! 
Checking overlaps for volume rf_d_38DsHalf:0 (G4Tubs) ... OK! 
Checking overlaps for volume rf_d_38TimingVol:0 (G4Tubs) ... OK! 
Checking overlaps for volume rf_d_38:0 (G4Tubs) ... OK! 
BLCMDpillbox::construct rf_d_38 parent= relZ=48125.0 globZ=48125.0
	zmin=48015.0 zmax=48235.0
Checking overlaps for volume rf_e_38Pipe:0 (G4Tubs) ... OK! 
Checking overlaps for volume rf_e_38UsWall:0 (G4Tubs) ... OK! 
Checking overlaps for volume rf_e_38DsWall:0 (G4Tubs) ... OK! 
Checking overlaps for volume rf_e_38UsWin1:0 (G4Tubs) ... OK! 
Checking overlaps for volume rf_e_38DsWin1:0 (G4Tubs) ... OK! 
Checking overlaps for volume rf_e_38UsWin2:0 (G4Tubs) ... OK! 
Checking overlaps for volume rf_e_38DsWin2:0 (G4Tubs) ... OK! 
Checking overlaps for volume rf_e_38DsHalf:0 (G4Tubs) ... OK! 
Checking overlaps for volume rf_e_38TimingVol:0 (G4Tubs) ... OK! 
Checking overlaps for volume rf_e_38:0 (G4Tubs) ... OK! 
BLCMDpillbox::construct rf_e_38 parent= relZ=48345.1 globZ=48345.1
	zmin=48235.0 zmax=48455.1
Checking overlaps for volume rf_c_39Pipe:0 (G4Tubs) ... OK! 
Checking overlaps for volume rf_c_39UsWall:0 (G4Tubs) ... OK! 
Checking overlaps for volume rf_c_39DsWall:0 (G4Tubs) ... OK! 
Checking overlaps for volume rf_c_39UsWin1:0 (G4Tubs) ... OK! 
Checking overlaps for volume rf_c_39DsWin1:0 (G4Tubs) ... OK! 
Checking overlaps for volume rf_c_39UsWin2:0 (G4Tubs) ... OK! 
Checking overlaps for volume rf_c_39DsWin2:0 (G4Tubs) ... OK! 
Checking overlaps for volume rf_c_39DsHalf:0 (G4Tubs) ... OK! 
Checking overlaps for volume rf_c_39TimingVol:0 (G4Tubs) ... OK! 
Checking overlaps for volume rf_c_39:0 (G4Tubs) ... OK! 
BLCMDpillbox::construct rf_c_39 parent= relZ=49154.9 globZ=49154.9
	zmin=49044.9 zmax=49265.0
Checking overlaps for volume rf_d_39Pipe:0 (G4Tubs) ... OK! 
Checking overlaps for volume rf_d_39UsWall:0 (G4Tubs) ... OK! 
Checking overlaps for volume rf_d_39DsWall:0 (G4Tubs) ... OK! 
Checking overlaps for volume rf_d_39UsWin1:0 (G4Tubs) ... OK! 
Checking overlaps for volume rf_d_39DsWin1:0 (G4Tubs) ... OK! 
Checking overlaps for volume rf_d_39UsWin2:0 (G4Tubs) ... OK! 
Checking overlaps for volume rf_d_39DsWin2:0 (G4Tubs) ... OK! 
Checking overlaps for volume rf_d_39DsHalf:0 (G4Tubs) ... OK! 
Checking overlaps for volume rf_d_39TimingVol:0 (G4Tubs) ... OK! 
Checking overlaps for volume rf_d_39:0 (G4Tubs) ... OK! 
BLCMDpillbox::construct rf_d_39 parent= relZ=49375.0 globZ=49375.0
	zmin=49265.0 zmax=49485.0
Checking overlaps for volume rf_e_39Pipe:0 (G4Tubs) ... OK! 
Checking overlaps for volume rf_e_39UsWall:0 (G4Tubs) ... OK! 
Checking overlaps for volume rf_e_39DsWall:0 (G4Tubs) ... OK! 
Checking overlaps for volume rf_e_39UsWin1:0 (G4Tubs) ... OK! 
Checking overlaps for volume rf_e_39DsWin1:0 (G4Tubs) ... OK! 
Checking overlaps for volume rf_e_39UsWin2:0 (G4Tubs) ... OK! 
Checking overlaps for volume rf_e_39DsWin2:0 (G4Tubs) ... OK! 
Checking overlaps for volume rf_e_39DsHalf:0 (G4Tubs) ... OK! 
Checking overlaps for volume rf_e_39TimingVol:0 (G4Tubs) ... OK! 
Checking overlaps for volume rf_e_39:0 (G4Tubs) ... OK! 
BLCMDpillbox::construct rf_e_39 parent= relZ=49595.1 globZ=49595.1
	zmin=49485.0 zmax=49705.1
Checking overlaps for volume rf_c_40Pipe:0 (G4Tubs) ... OK! 
Checking overlaps for volume rf_c_40UsWall:0 (G4Tubs) ... OK! 
Checking overlaps for volume rf_c_40DsWall:0 (G4Tubs) ... OK! 
Checking overlaps for volume rf_c_40UsWin1:0 (G4Tubs) ... OK! 
Checking overlaps for volume rf_c_40DsWin1:0 (G4Tubs) ... OK! 
Checking overlaps for volume rf_c_40UsWin2:0 (G4Tubs) ... OK! 
Checking overlaps for volume rf_c_40DsWin2:0 (G4Tubs) ... OK! 
Checking overlaps for volume rf_c_40DsHalf:0 (G4Tubs) ... OK! 
Checking overlaps for volume rf_c_40TimingVol:0 (G4Tubs) ... OK! 
Checking overlaps for volume rf_c_40:0 (G4Tubs) ... OK! 
BLCMDpillbox::construct rf_c_40 parent= relZ=50404.9 globZ=50404.9
	zmin=50294.9 zmax=50515.0
Checking overlaps for volume rf_d_40Pipe:0 (G4Tubs) ... OK! 
Checking overlaps for volume rf_d_40UsWall:0 (G4Tubs) ... OK! 
Checking overlaps for volume rf_d_40DsWall:0 (G4Tubs) ... OK! 
Checking overlaps for volume rf_d_40UsWin1:0 (G4Tubs) ... OK! 
Checking overlaps for volume rf_d_40DsWin1:0 (G4Tubs) ... OK! 
Checking overlaps for volume rf_d_40UsWin2:0 (G4Tubs) ... OK! 
Checking overlaps for volume rf_d_40DsWin2:0 (G4Tubs) ... OK! 
Checking overlaps for volume rf_d_40DsHalf:0 (G4Tubs) ... OK! 
Checking overlaps for volume rf_d_40TimingVol:0 (G4Tubs) ... OK! 
Checking overlaps for volume rf_d_40:0 (G4Tubs) ... OK! 
BLCMDpillbox::construct rf_d_40 parent= relZ=50625.0 globZ=50625.0
	zmin=50515.0 zmax=50735.0
Checking overlaps for volume rf_e_40Pipe:0 (G4Tubs) ... OK! 
Checking overlaps for volume rf_e_40UsWall:0 (G4Tubs) ... OK! 
Checking overlaps for volume rf_e_40DsWall:0 (G4Tubs) ... OK! 
Checking overlaps for volume rf_e_40UsWin1:0 (G4Tubs) ... OK! 
Checking overlaps for volume rf_e_40DsWin1:0 (G4Tubs) ... OK! 
Checking overlaps for volume rf_e_40UsWin2:0 (G4Tubs) ... OK! 
Checking overlaps for volume rf_e_40DsWin2:0 (G4Tubs) ... OK! 
Checking overlaps for volume rf_e_40DsHalf:0 (G4Tubs) ... OK! 
Checking overlaps for volume rf_e_40TimingVol:0 (G4Tubs) ... OK! 
Checking overlaps for volume rf_e_40:0 (G4Tubs) ... OK! 
BLCMDpillbox::construct rf_e_40 parent= relZ=50845.1 globZ=50845.1
	zmin=50735.0 zmax=50955.1
Checking overlaps for volume rf_c_41Pipe:0 (G4Tubs) ... OK! 
Checking overlaps for volume rf_c_41UsWall:0 (G4Tubs) ... OK! 
Checking overlaps for volume rf_c_41DsWall:0 (G4Tubs) ... OK! 
Checking overlaps for volume rf_c_41UsWin1:0 (G4Tubs) ... OK! 
Checking overlaps for volume rf_c_41DsWin1:0 (G4Tubs) ... OK! 
Checking overlaps for volume rf_c_41UsWin2:0 (G4Tubs) ... OK! 
Checking overlaps for volume rf_c_41DsWin2:0 (G4Tubs) ... OK! 
Checking overlaps for volume rf_c_41DsHalf:0 (G4Tubs) ... OK! 
Checking overlaps for volume rf_c_41TimingVol:0 (G4Tubs) ... OK! 
Checking overlaps for volume rf_c_41:0 (G4Tubs) ... OK! 
BLCMDpillbox::construct rf_c_41 parent= relZ=51654.9 globZ=51654.9
	zmin=51544.9 zmax=51765.0
Checking overlaps for volume rf_d_41Pipe:0 (G4Tubs) ... OK! 
Checking overlaps for volume rf_d_41UsWall:0 (G4Tubs) ... OK! 
Checking overlaps for volume rf_d_41DsWall:0 (G4Tubs) ... OK! 
Checking overlaps for volume rf_d_41UsWin1:0 (G4Tubs) ... OK! 
Checking overlaps for volume rf_d_41DsWin1:0 (G4Tubs) ... OK! 
Checking overlaps for volume rf_d_41UsWin2:0 (G4Tubs) ... OK! 
Checking overlaps for volume rf_d_41DsWin2:0 (G4Tubs) ... OK! 
Checking overlaps for volume rf_d_41DsHalf:0 (G4Tubs) ... OK! 
Checking overlaps for volume rf_d_41TimingVol:0 (G4Tubs) ... OK! 
Checking overlaps for volume rf_d_41:0 (G4Tubs) ... OK! 
BLCMDpillbox::construct rf_d_41 parent= relZ=51875.0 globZ=51875.0
	zmin=51765.0 zmax=51985.0
Checking overlaps for volume rf_e_41Pipe:0 (G4Tubs) ... OK! 
Checking overlaps for volume rf_e_41UsWall:0 (G4Tubs) ... OK! 
Checking overlaps for volume rf_e_41DsWall:0 (G4Tubs) ... OK! 
Checking overlaps for volume rf_e_41UsWin1:0 (G4Tubs) ... OK! 
Checking overlaps for volume rf_e_41DsWin1:0 (G4Tubs) ... OK! 
Checking overlaps for volume rf_e_41UsWin2:0 (G4Tubs) ... OK! 
Checking overlaps for volume rf_e_41DsWin2:0 (G4Tubs) ... OK! 
Checking overlaps for volume rf_e_41DsHalf:0 (G4Tubs) ... OK! 
Checking overlaps for volume rf_e_41TimingVol:0 (G4Tubs) ... OK! 
Checking overlaps for volume rf_e_41:0 (G4Tubs) ... OK! 
BLCMDpillbox::construct rf_e_41 parent= relZ=52095.1 globZ=52095.1
	zmin=51985.0 zmax=52205.1
Checking overlaps for volume rf_c_42Pipe:0 (G4Tubs) ... OK! 
Checking overlaps for volume rf_c_42UsWall:0 (G4Tubs) ... OK! 
Checking overlaps for volume rf_c_42DsWall:0 (G4Tubs) ... OK! 
Checking overlaps for volume rf_c_42UsWin1:0 (G4Tubs) ... OK! 
Checking overlaps for volume rf_c_42DsWin1:0 (G4Tubs) ... OK! 
Checking overlaps for volume rf_c_42UsWin2:0 (G4Tubs) ... OK! 
Checking overlaps for volume rf_c_42DsWin2:0 (G4Tubs) ... OK! 
Checking overlaps for volume rf_c_42DsHalf:0 (G4Tubs) ... OK! 
Checking overlaps for volume rf_c_42TimingVol:0 (G4Tubs) ... OK! 
Checking overlaps for volume rf_c_42:0 (G4Tubs) ... OK! 
BLCMDpillbox::construct rf_c_42 parent= relZ=52904.9 globZ=52904.9
	zmin=52794.9 zmax=53015.0
Checking overlaps for volume rf_d_42Pipe:0 (G4Tubs) ... OK! 
Checking overlaps for volume rf_d_42UsWall:0 (G4Tubs) ... OK! 
Checking overlaps for volume rf_d_42DsWall:0 (G4Tubs) ... OK! 
Checking overlaps for volume rf_d_42UsWin1:0 (G4Tubs) ... OK! 
Checking overlaps for volume rf_d_42DsWin1:0 (G4Tubs) ... OK! 
Checking overlaps for volume rf_d_42UsWin2:0 (G4Tubs) ... OK! 
Checking overlaps for volume rf_d_42DsWin2:0 (G4Tubs) ... OK! 
Checking overlaps for volume rf_d_42DsHalf:0 (G4Tubs) ... OK! 
Checking overlaps for volume rf_d_42TimingVol:0 (G4Tubs) ... OK! 
Checking overlaps for volume rf_d_42:0 (G4Tubs) ... OK! 
BLCMDpillbox::construct rf_d_42 parent= relZ=53125.0 globZ=53125.0
	zmin=53015.0 zmax=53235.0
Checking overlaps for volume rf_e_42Pipe:0 (G4Tubs) ... OK! 
Checking overlaps for volume rf_e_42UsWall:0 (G4Tubs) ... OK! 
Checking overlaps for volume rf_e_42DsWall:0 (G4Tubs) ... OK! 
Checking overlaps for volume rf_e_42UsWin1:0 (G4Tubs) ... OK! 
Checking overlaps for volume rf_e_42DsWin1:0 (G4Tubs) ... OK! 
Checking overlaps for volume rf_e_42UsWin2:0 (G4Tubs) ... OK! 
Checking overlaps for volume rf_e_42DsWin2:0 (G4Tubs) ... OK! 
Checking overlaps for volume rf_e_42DsHalf:0 (G4Tubs) ... OK! 
Checking overlaps for volume rf_e_42TimingVol:0 (G4Tubs) ... OK! 
Checking overlaps for volume rf_e_42:0 (G4Tubs) ... OK! 
BLCMDpillbox::construct rf_e_42 parent= relZ=53345.1 globZ=53345.1
	zmin=53235.0 zmax=53455.1
Checking overlaps for volume rf_c_43Pipe:0 (G4Tubs) ... OK! 
Checking overlaps for volume rf_c_43UsWall:0 (G4Tubs) ... OK! 
Checking overlaps for volume rf_c_43DsWall:0 (G4Tubs) ... OK! 
Checking overlaps for volume rf_c_43UsWin1:0 (G4Tubs) ... OK! 
Checking overlaps for volume rf_c_43DsWin1:0 (G4Tubs) ... OK! 
Checking overlaps for volume rf_c_43UsWin2:0 (G4Tubs) ... OK! 
Checking overlaps for volume rf_c_43DsWin2:0 (G4Tubs) ... OK! 
Checking overlaps for volume rf_c_43DsHalf:0 (G4Tubs) ... OK! 
Checking overlaps for volume rf_c_43TimingVol:0 (G4Tubs) ... OK! 
Checking overlaps for volume rf_c_43:0 (G4Tubs) ... OK! 
BLCMDpillbox::construct rf_c_43 parent= relZ=54154.9 globZ=54154.9
	zmin=54044.9 zmax=54265.0
Checking overlaps for volume rf_d_43Pipe:0 (G4Tubs) ... OK! 
Checking overlaps for volume rf_d_43UsWall:0 (G4Tubs) ... OK! 
Checking overlaps for volume rf_d_43DsWall:0 (G4Tubs) ... OK! 
Checking overlaps for volume rf_d_43UsWin1:0 (G4Tubs) ... OK! 
Checking overlaps for volume rf_d_43DsWin1:0 (G4Tubs) ... OK! 
Checking overlaps for volume rf_d_43UsWin2:0 (G4Tubs) ... OK! 
Checking overlaps for volume rf_d_43DsWin2:0 (G4Tubs) ... OK! 
Checking overlaps for volume rf_d_43DsHalf:0 (G4Tubs) ... OK! 
Checking overlaps for volume rf_d_43TimingVol:0 (G4Tubs) ... OK! 
Checking overlaps for volume rf_d_43:0 (G4Tubs) ... OK! 
BLCMDpillbox::construct rf_d_43 parent= relZ=54375.0 globZ=54375.0
	zmin=54265.0 zmax=54485.0
Checking overlaps for volume rf_e_43Pipe:0 (G4Tubs) ... OK! 
Checking overlaps for volume rf_e_43UsWall:0 (G4Tubs) ... OK! 
Checking overlaps for volume rf_e_43DsWall:0 (G4Tubs) ... OK! 
Checking overlaps for volume rf_e_43UsWin1:0 (G4Tubs) ... OK! 
Checking overlaps for volume rf_e_43DsWin1:0 (G4Tubs) ... OK! 
Checking overlaps for volume rf_e_43UsWin2:0 (G4Tubs) ... OK! 
Checking overlaps for volume rf_e_43DsWin2:0 (G4Tubs) ... OK! 
Checking overlaps for volume rf_e_43DsHalf:0 (G4Tubs) ... OK! 
Checking overlaps for volume rf_e_43TimingVol:0 (G4Tubs) ... OK! 
Checking overlaps for volume rf_e_43:0 (G4Tubs) ... OK! 
BLCMDpillbox::construct rf_e_43 parent= relZ=54595.1 globZ=54595.1
	zmin=54485.0 zmax=54705.1
Checking overlaps for volume rf_c_44Pipe:0 (G4Tubs) ... OK! 
Checking overlaps for volume rf_c_44UsWall:0 (G4Tubs) ... OK! 
Checking overlaps for volume rf_c_44DsWall:0 (G4Tubs) ... OK! 
Checking overlaps for volume rf_c_44UsWin1:0 (G4Tubs) ... OK! 
Checking overlaps for volume rf_c_44DsWin1:0 (G4Tubs) ... OK! 
Checking overlaps for volume rf_c_44UsWin2:0 (G4Tubs) ... OK! 
Checking overlaps for volume rf_c_44DsWin2:0 (G4Tubs) ... OK! 
Checking overlaps for volume rf_c_44DsHalf:0 (G4Tubs) ... OK! 
Checking overlaps for volume rf_c_44TimingVol:0 (G4Tubs) ... OK! 
Checking overlaps for volume rf_c_44:0 (G4Tubs) ... OK! 
BLCMDpillbox::construct rf_c_44 parent= relZ=55404.9 globZ=55404.9
	zmin=55294.9 zmax=55515.0
Checking overlaps for volume rf_d_44Pipe:0 (G4Tubs) ... OK! 
Checking overlaps for volume rf_d_44UsWall:0 (G4Tubs) ... OK! 
Checking overlaps for volume rf_d_44DsWall:0 (G4Tubs) ... OK! 
Checking overlaps for volume rf_d_44UsWin1:0 (G4Tubs) ... OK! 
Checking overlaps for volume rf_d_44DsWin1:0 (G4Tubs) ... OK! 
Checking overlaps for volume rf_d_44UsWin2:0 (G4Tubs) ... OK! 
Checking overlaps for volume rf_d_44DsWin2:0 (G4Tubs) ... OK! 
Checking overlaps for volume rf_d_44DsHalf:0 (G4Tubs) ... OK! 
Checking overlaps for volume rf_d_44TimingVol:0 (G4Tubs) ... OK! 
Checking overlaps for volume rf_d_44:0 (G4Tubs) ... OK! 
BLCMDpillbox::construct rf_d_44 parent= relZ=55625.0 globZ=55625.0
	zmin=55515.0 zmax=55735.0
Checking overlaps for volume rf_e_44Pipe:0 (G4Tubs) ... OK! 
Checking overlaps for volume rf_e_44UsWall:0 (G4Tubs) ... OK! 
Checking overlaps for volume rf_e_44DsWall:0 (G4Tubs) ... OK! 
Checking overlaps for volume rf_e_44UsWin1:0 (G4Tubs) ... OK! 
Checking overlaps for volume rf_e_44DsWin1:0 (G4Tubs) ... OK! 
Checking overlaps for volume rf_e_44UsWin2:0 (G4Tubs) ... OK! 
Checking overlaps for volume rf_e_44DsWin2:0 (G4Tubs) ... OK! 
Checking overlaps for volume rf_e_44DsHalf:0 (G4Tubs) ... OK! 
Checking overlaps for volume rf_e_44TimingVol:0 (G4Tubs) ... OK! 
Checking overlaps for volume rf_e_44:0 (G4Tubs) ... OK! 
BLCMDpillbox::construct rf_e_44 parent= relZ=55845.1 globZ=55845.1
	zmin=55735.0 zmax=55955.1
Checking overlaps for volume rf_c_45Pipe:0 (G4Tubs) ... OK! 
Checking overlaps for volume rf_c_45UsWall:0 (G4Tubs) ... OK! 
Checking overlaps for volume rf_c_45DsWall:0 (G4Tubs) ... OK! 
Checking overlaps for volume rf_c_45UsWin1:0 (G4Tubs) ... OK! 
Checking overlaps for volume rf_c_45DsWin1:0 (G4Tubs) ... OK! 
Checking overlaps for volume rf_c_45UsWin2:0 (G4Tubs) ... OK! 
Checking overlaps for volume rf_c_45DsWin2:0 (G4Tubs) ... OK! 
Checking overlaps for volume rf_c_45DsHalf:0 (G4Tubs) ... OK! 
Checking overlaps for volume rf_c_45TimingVol:0 (G4Tubs) ... OK! 
Checking overlaps for volume rf_c_45:0 (G4Tubs) ... OK! 
BLCMDpillbox::construct rf_c_45 parent= relZ=56654.9 globZ=56654.9
	zmin=56544.9 zmax=56765.0
Checking overlaps for volume rf_d_45Pipe:0 (G4Tubs) ... OK! 
Checking overlaps for volume rf_d_45UsWall:0 (G4Tubs) ... OK! 
Checking overlaps for volume rf_d_45DsWall:0 (G4Tubs) ... OK! 
Checking overlaps for volume rf_d_45UsWin1:0 (G4Tubs) ... OK! 
Checking overlaps for volume rf_d_45DsWin1:0 (G4Tubs) ... OK! 
Checking overlaps for volume rf_d_45UsWin2:0 (G4Tubs) ... OK! 
Checking overlaps for volume rf_d_45DsWin2:0 (G4Tubs) ... OK! 
Checking overlaps for volume rf_d_45DsHalf:0 (G4Tubs) ... OK! 
Checking overlaps for volume rf_d_45TimingVol:0 (G4Tubs) ... OK! 
Checking overlaps for volume rf_d_45:0 (G4Tubs) ... OK! 
BLCMDpillbox::construct rf_d_45 parent= relZ=56875.0 globZ=56875.0
	zmin=56765.0 zmax=56985.0
Checking overlaps for volume rf_e_45Pipe:0 (G4Tubs) ... OK! 
Checking overlaps for volume rf_e_45UsWall:0 (G4Tubs) ... OK! 
Checking overlaps for volume rf_e_45DsWall:0 (G4Tubs) ... OK! 
Checking overlaps for volume rf_e_45UsWin1:0 (G4Tubs) ... OK! 
Checking overlaps for volume rf_e_45DsWin1:0 (G4Tubs) ... OK! 
Checking overlaps for volume rf_e_45UsWin2:0 (G4Tubs) ... OK! 
Checking overlaps for volume rf_e_45DsWin2:0 (G4Tubs) ... OK! 
Checking overlaps for volume rf_e_45DsHalf:0 (G4Tubs) ... OK! 
Checking overlaps for volume rf_e_45TimingVol:0 (G4Tubs) ... OK! 
Checking overlaps for volume rf_e_45:0 (G4Tubs) ... OK! 
BLCMDpillbox::construct rf_e_45 parent= relZ=57095.1 globZ=57095.1
	zmin=56985.0 zmax=57205.1
Checking overlaps for volume rf_c_46Pipe:0 (G4Tubs) ... OK! 
Checking overlaps for volume rf_c_46UsWall:0 (G4Tubs) ... OK! 
Checking overlaps for volume rf_c_46DsWall:0 (G4Tubs) ... OK! 
Checking overlaps for volume rf_c_46UsWin1:0 (G4Tubs) ... OK! 
Checking overlaps for volume rf_c_46DsWin1:0 (G4Tubs) ... OK! 
Checking overlaps for volume rf_c_46UsWin2:0 (G4Tubs) ... OK! 
Checking overlaps for volume rf_c_46DsWin2:0 (G4Tubs) ... OK! 
Checking overlaps for volume rf_c_46DsHalf:0 (G4Tubs) ... OK! 
Checking overlaps for volume rf_c_46TimingVol:0 (G4Tubs) ... OK! 
Checking overlaps for volume rf_c_46:0 (G4Tubs) ... OK! 
BLCMDpillbox::construct rf_c_46 parent= relZ=57904.9 globZ=57904.9
	zmin=57794.9 zmax=58015.0
Checking overlaps for volume rf_d_46Pipe:0 (G4Tubs) ... OK! 
Checking overlaps for volume rf_d_46UsWall:0 (G4Tubs) ... OK! 
Checking overlaps for volume rf_d_46DsWall:0 (G4Tubs) ... OK! 
Checking overlaps for volume rf_d_46UsWin1:0 (G4Tubs) ... OK! 
Checking overlaps for volume rf_d_46DsWin1:0 (G4Tubs) ... OK! 
Checking overlaps for volume rf_d_46UsWin2:0 (G4Tubs) ... OK! 
Checking overlaps for volume rf_d_46DsWin2:0 (G4Tubs) ... OK! 
Checking overlaps for volume rf_d_46DsHalf:0 (G4Tubs) ... OK! 
Checking overlaps for volume rf_d_46TimingVol:0 (G4Tubs) ... OK! 
Checking overlaps for volume rf_d_46:0 (G4Tubs) ... OK! 
BLCMDpillbox::construct rf_d_46 parent= relZ=58125.0 globZ=58125.0
	zmin=58015.0 zmax=58235.0
Checking overlaps for volume rf_e_46Pipe:0 (G4Tubs) ... OK! 
Checking overlaps for volume rf_e_46UsWall:0 (G4Tubs) ... OK! 
Checking overlaps for volume rf_e_46DsWall:0 (G4Tubs) ... OK! 
Checking overlaps for volume rf_e_46UsWin1:0 (G4Tubs) ... OK! 
Checking overlaps for volume rf_e_46DsWin1:0 (G4Tubs) ... OK! 
Checking overlaps for volume rf_e_46UsWin2:0 (G4Tubs) ... OK! 
Checking overlaps for volume rf_e_46DsWin2:0 (G4Tubs) ... OK! 
Checking overlaps for volume rf_e_46DsHalf:0 (G4Tubs) ... OK! 
Checking overlaps for volume rf_e_46TimingVol:0 (G4Tubs) ... OK! 
Checking overlaps for volume rf_e_46:0 (G4Tubs) ... OK! 
BLCMDpillbox::construct rf_e_46 parent= relZ=58345.1 globZ=58345.1
	zmin=58235.0 zmax=58455.1
Checking overlaps for volume rf_c_47Pipe:0 (G4Tubs) ... OK! 
Checking overlaps for volume rf_c_47UsWall:0 (G4Tubs) ... OK! 
Checking overlaps for volume rf_c_47DsWall:0 (G4Tubs) ... OK! 
Checking overlaps for volume rf_c_47UsWin1:0 (G4Tubs) ... OK! 
Checking overlaps for volume rf_c_47DsWin1:0 (G4Tubs) ... OK! 
Checking overlaps for volume rf_c_47UsWin2:0 (G4Tubs) ... OK! 
Checking overlaps for volume rf_c_47DsWin2:0 (G4Tubs) ... OK! 
Checking overlaps for volume rf_c_47DsHalf:0 (G4Tubs) ... OK! 
Checking overlaps for volume rf_c_47TimingVol:0 (G4Tubs) ... OK! 
Checking overlaps for volume rf_c_47:0 (G4Tubs) ... OK! 
BLCMDpillbox::construct rf_c_47 parent= relZ=59154.9 globZ=59154.9
	zmin=59044.9 zmax=59265.0
Checking overlaps for volume rf_d_47Pipe:0 (G4Tubs) ... OK! 
Checking overlaps for volume rf_d_47UsWall:0 (G4Tubs) ... OK! 
Checking overlaps for volume rf_d_47DsWall:0 (G4Tubs) ... OK! 
Checking overlaps for volume rf_d_47UsWin1:0 (G4Tubs) ... OK! 
Checking overlaps for volume rf_d_47DsWin1:0 (G4Tubs) ... OK! 
Checking overlaps for volume rf_d_47UsWin2:0 (G4Tubs) ... OK! 
Checking overlaps for volume rf_d_47DsWin2:0 (G4Tubs) ... OK! 
Checking overlaps for volume rf_d_47DsHalf:0 (G4Tubs) ... OK! 
Checking overlaps for volume rf_d_47TimingVol:0 (G4Tubs) ... OK! 
Checking overlaps for volume rf_d_47:0 (G4Tubs) ... OK! 
BLCMDpillbox::construct rf_d_47 parent= relZ=59375.0 globZ=59375.0
	zmin=59265.0 zmax=59485.0
Checking overlaps for volume rf_e_47Pipe:0 (G4Tubs) ... OK! 
Checking overlaps for volume rf_e_47UsWall:0 (G4Tubs) ... OK! 
Checking overlaps for volume rf_e_47DsWall:0 (G4Tubs) ... OK! 
Checking overlaps for volume rf_e_47UsWin1:0 (G4Tubs) ... OK! 
Checking overlaps for volume rf_e_47DsWin1:0 (G4Tubs) ... OK! 
Checking overlaps for volume rf_e_47UsWin2:0 (G4Tubs) ... OK! 
Checking overlaps for volume rf_e_47DsWin2:0 (G4Tubs) ... OK! 
Checking overlaps for volume rf_e_47DsHalf:0 (G4Tubs) ... OK! 
Checking overlaps for volume rf_e_47TimingVol:0 (G4Tubs) ... OK! 
Checking overlaps for volume rf_e_47:0 (G4Tubs) ... OK! 
BLCMDpillbox::construct rf_e_47 parent= relZ=59595.1 globZ=59595.1
	zmin=59485.0 zmax=59705.1
Checking overlaps for volume rf_c_48Pipe:0 (G4Tubs) ... OK! 
Checking overlaps for volume rf_c_48UsWall:0 (G4Tubs) ... OK! 
Checking overlaps for volume rf_c_48DsWall:0 (G4Tubs) ... OK! 
Checking overlaps for volume rf_c_48UsWin1:0 (G4Tubs) ... OK! 
Checking overlaps for volume rf_c_48DsWin1:0 (G4Tubs) ... OK! 
Checking overlaps for volume rf_c_48UsWin2:0 (G4Tubs) ... OK! 
Checking overlaps for volume rf_c_48DsWin2:0 (G4Tubs) ... OK! 
Checking overlaps for volume rf_c_48DsHalf:0 (G4Tubs) ... OK! 
Checking overlaps for volume rf_c_48TimingVol:0 (G4Tubs) ... OK! 
Checking overlaps for volume rf_c_48:0 (G4Tubs) ... OK! 
BLCMDpillbox::construct rf_c_48 parent= relZ=60404.9 globZ=60404.9
	zmin=60294.9 zmax=60515.0
Checking overlaps for volume rf_d_48Pipe:0 (G4Tubs) ... OK! 
Checking overlaps for volume rf_d_48UsWall:0 (G4Tubs) ... OK! 
Checking overlaps for volume rf_d_48DsWall:0 (G4Tubs) ... OK! 
Checking overlaps for volume rf_d_48UsWin1:0 (G4Tubs) ... OK! 
Checking overlaps for volume rf_d_48DsWin1:0 (G4Tubs) ... OK! 
Checking overlaps for volume rf_d_48UsWin2:0 (G4Tubs) ... OK! 
Checking overlaps for volume rf_d_48DsWin2:0 (G4Tubs) ... OK! 
Checking overlaps for volume rf_d_48DsHalf:0 (G4Tubs) ... OK! 
Checking overlaps for volume rf_d_48TimingVol:0 (G4Tubs) ... OK! 
Checking overlaps for volume rf_d_48:0 (G4Tubs) ... OK! 
BLCMDpillbox::construct rf_d_48 parent= relZ=60625.0 globZ=60625.0
	zmin=60515.0 zmax=60735.0
Checking overlaps for volume rf_e_48Pipe:0 (G4Tubs) ... OK! 
Checking overlaps for volume rf_e_48UsWall:0 (G4Tubs) ... OK! 
Checking overlaps for volume rf_e_48DsWall:0 (G4Tubs) ... OK! 
Checking overlaps for volume rf_e_48UsWin1:0 (G4Tubs) ... OK! 
Checking overlaps for volume rf_e_48DsWin1:0 (G4Tubs) ... OK! 
Checking overlaps for volume rf_e_48UsWin2:0 (G4Tubs) ... OK! 
Checking overlaps for volume rf_e_48DsWin2:0 (G4Tubs) ... OK! 
Checking overlaps for volume rf_e_48DsHalf:0 (G4Tubs) ... OK! 
Checking overlaps for volume rf_e_48TimingVol:0 (G4Tubs) ... OK! 
Checking overlaps for volume rf_e_48:0 (G4Tubs) ... OK! 
BLCMDpillbox::construct rf_e_48 parent= relZ=60845.1 globZ=60845.1
	zmin=60735.0 zmax=60955.1
Checking overlaps for volume rf_c_49Pipe:0 (G4Tubs) ... OK! 
Checking overlaps for volume rf_c_49UsWall:0 (G4Tubs) ... OK! 
Checking overlaps for volume rf_c_49DsWall:0 (G4Tubs) ... OK! 
Checking overlaps for volume rf_c_49UsWin1:0 (G4Tubs) ... OK! 
Checking overlaps for volume rf_c_49DsWin1:0 (G4Tubs) ... OK! 
Checking overlaps for volume rf_c_49UsWin2:0 (G4Tubs) ... OK! 
Checking overlaps for volume rf_c_49DsWin2:0 (G4Tubs) ... OK! 
Checking overlaps for volume rf_c_49DsHalf:0 (G4Tubs) ... OK! 
Checking overlaps for volume rf_c_49TimingVol:0 (G4Tubs) ... OK! 
Checking overlaps for volume rf_c_49:0 (G4Tubs) ... OK! 
BLCMDpillbox::construct rf_c_49 parent= relZ=61654.9 globZ=61654.9
	zmin=61544.9 zmax=61765.0
Checking overlaps for volume rf_d_49Pipe:0 (G4Tubs) ... OK! 
Checking overlaps for volume rf_d_49UsWall:0 (G4Tubs) ... OK! 
Checking overlaps for volume rf_d_49DsWall:0 (G4Tubs) ... OK! 
Checking overlaps for volume rf_d_49UsWin1:0 (G4Tubs) ... OK! 
Checking overlaps for volume rf_d_49DsWin1:0 (G4Tubs) ... OK! 
Checking overlaps for volume rf_d_49UsWin2:0 (G4Tubs) ... OK! 
Checking overlaps for volume rf_d_49DsWin2:0 (G4Tubs) ... OK! 
Checking overlaps for volume rf_d_49DsHalf:0 (G4Tubs) ... OK! 
Checking overlaps for volume rf_d_49TimingVol:0 (G4Tubs) ... OK! 
Checking overlaps for volume rf_d_49:0 (G4Tubs) ... OK! 
BLCMDpillbox::construct rf_d_49 parent= relZ=61875.0 globZ=61875.0
	zmin=61765.0 zmax=61985.0
Checking overlaps for volume rf_e_49Pipe:0 (G4Tubs) ... OK! 
Checking overlaps for volume rf_e_49UsWall:0 (G4Tubs) ... OK! 
Checking overlaps for volume rf_e_49DsWall:0 (G4Tubs) ... OK! 
Checking overlaps for volume rf_e_49UsWin1:0 (G4Tubs) ... OK! 
Checking overlaps for volume rf_e_49DsWin1:0 (G4Tubs) ... OK! 
Checking overlaps for volume rf_e_49UsWin2:0 (G4Tubs) ... OK! 
Checking overlaps for volume rf_e_49DsWin2:0 (G4Tubs) ... OK! 
Checking overlaps for volume rf_e_49DsHalf:0 (G4Tubs) ... OK! 
Checking overlaps for volume rf_e_49TimingVol:0 (G4Tubs) ... OK! 
Checking overlaps for volume rf_e_49:0 (G4Tubs) ... OK! 
BLCMDpillbox::construct rf_e_49 parent= relZ=62095.1 globZ=62095.1
	zmin=61985.0 zmax=62205.1
Checking overlaps for volume rf_c_50Pipe:0 (G4Tubs) ... OK! 
Checking overlaps for volume rf_c_50UsWall:0 (G4Tubs) ... OK! 
Checking overlaps for volume rf_c_50DsWall:0 (G4Tubs) ... OK! 
Checking overlaps for volume rf_c_50UsWin1:0 (G4Tubs) ... OK! 
Checking overlaps for volume rf_c_50DsWin1:0 (G4Tubs) ... OK! 
Checking overlaps for volume rf_c_50UsWin2:0 (G4Tubs) ... OK! 
Checking overlaps for volume rf_c_50DsWin2:0 (G4Tubs) ... OK! 
Checking overlaps for volume rf_c_50DsHalf:0 (G4Tubs) ... OK! 
Checking overlaps for volume rf_c_50TimingVol:0 (G4Tubs) ... OK! 
Checking overlaps for volume rf_c_50:0 (G4Tubs) ... OK! 
BLCMDpillbox::construct rf_c_50 parent= relZ=62904.9 globZ=62904.9
	zmin=62794.9 zmax=63015.0
Checking overlaps for volume rf_d_50Pipe:0 (G4Tubs) ... OK! 
Checking overlaps for volume rf_d_50UsWall:0 (G4Tubs) ... OK! 
Checking overlaps for volume rf_d_50DsWall:0 (G4Tubs) ... OK! 
Checking overlaps for volume rf_d_50UsWin1:0 (G4Tubs) ... OK! 
Checking overlaps for volume rf_d_50DsWin1:0 (G4Tubs) ... OK! 
Checking overlaps for volume rf_d_50UsWin2:0 (G4Tubs) ... OK! 
Checking overlaps for volume rf_d_50DsWin2:0 (G4Tubs) ... OK! 
Checking overlaps for volume rf_d_50DsHalf:0 (G4Tubs) ... OK! 
Checking overlaps for volume rf_d_50TimingVol:0 (G4Tubs) ... OK! 
Checking overlaps for volume rf_d_50:0 (G4Tubs) ... OK! 
BLCMDpillbox::construct rf_d_50 parent= relZ=63125.0 globZ=63125.0
	zmin=63015.0 zmax=63235.0
Checking overlaps for volume rf_e_50Pipe:0 (G4Tubs) ... OK! 
Checking overlaps for volume rf_e_50UsWall:0 (G4Tubs) ... OK! 
Checking overlaps for volume rf_e_50DsWall:0 (G4Tubs) ... OK! 
Checking overlaps for volume rf_e_50UsWin1:0 (G4Tubs) ... OK! 
Checking overlaps for volume rf_e_50DsWin1:0 (G4Tubs) ... OK! 
Checking overlaps for volume rf_e_50UsWin2:0 (G4Tubs) ... OK! 
Checking overlaps for volume rf_e_50DsWin2:0 (G4Tubs) ... OK! 
Checking overlaps for volume rf_e_50DsHalf:0 (G4Tubs) ... OK! 
Checking overlaps for volume rf_e_50TimingVol:0 (G4Tubs) ... OK! 
Checking overlaps for volume rf_e_50:0 (G4Tubs) ... OK! 
BLCMDpillbox::construct rf_e_50 parent= relZ=63345.1 globZ=63345.1
	zmin=63235.0 zmax=63455.1
Checking overlaps for volume rf_c_51Pipe:0 (G4Tubs) ... OK! 
Checking overlaps for volume rf_c_51UsWall:0 (G4Tubs) ... OK! 
Checking overlaps for volume rf_c_51DsWall:0 (G4Tubs) ... OK! 
Checking overlaps for volume rf_c_51UsWin1:0 (G4Tubs) ... OK! 
Checking overlaps for volume rf_c_51DsWin1:0 (G4Tubs) ... OK! 
Checking overlaps for volume rf_c_51UsWin2:0 (G4Tubs) ... OK! 
Checking overlaps for volume rf_c_51DsWin2:0 (G4Tubs) ... OK! 
Checking overlaps for volume rf_c_51DsHalf:0 (G4Tubs) ... OK! 
Checking overlaps for volume rf_c_51TimingVol:0 (G4Tubs) ... OK! 
Checking overlaps for volume rf_c_51:0 (G4Tubs) ... OK! 
BLCMDpillbox::construct rf_c_51 parent= relZ=64154.9 globZ=64154.9
	zmin=64044.9 zmax=64265.0
Checking overlaps for volume rf_d_51Pipe:0 (G4Tubs) ... OK! 
Checking overlaps for volume rf_d_51UsWall:0 (G4Tubs) ... OK! 
Checking overlaps for volume rf_d_51DsWall:0 (G4Tubs) ... OK! 
Checking overlaps for volume rf_d_51UsWin1:0 (G4Tubs) ... OK! 
Checking overlaps for volume rf_d_51DsWin1:0 (G4Tubs) ... OK! 
Checking overlaps for volume rf_d_51UsWin2:0 (G4Tubs) ... OK! 
Checking overlaps for volume rf_d_51DsWin2:0 (G4Tubs) ... OK! 
Checking overlaps for volume rf_d_51DsHalf:0 (G4Tubs) ... OK! 
Checking overlaps for volume rf_d_51TimingVol:0 (G4Tubs) ... OK! 
Checking overlaps for volume rf_d_51:0 (G4Tubs) ... OK! 
BLCMDpillbox::construct rf_d_51 parent= relZ=64375.0 globZ=64375.0
	zmin=64265.0 zmax=64485.0
Checking overlaps for volume rf_e_51Pipe:0 (G4Tubs) ... OK! 
Checking overlaps for volume rf_e_51UsWall:0 (G4Tubs) ... OK! 
Checking overlaps for volume rf_e_51DsWall:0 (G4Tubs) ... OK! 
Checking overlaps for volume rf_e_51UsWin1:0 (G4Tubs) ... OK! 
Checking overlaps for volume rf_e_51DsWin1:0 (G4Tubs) ... OK! 
Checking overlaps for volume rf_e_51UsWin2:0 (G4Tubs) ... OK! 
Checking overlaps for volume rf_e_51DsWin2:0 (G4Tubs) ... OK! 
Checking overlaps for volume rf_e_51DsHalf:0 (G4Tubs) ... OK! 
Checking overlaps for volume rf_e_51TimingVol:0 (G4Tubs) ... OK! 
Checking overlaps for volume rf_e_51:0 (G4Tubs) ... OK! 
BLCMDpillbox::construct rf_e_51 parent= relZ=64595.1 globZ=64595.1
	zmin=64485.0 zmax=64705.1
Checking overlaps for volume rf_c_52Pipe:0 (G4Tubs) ... OK! 
Checking overlaps for volume rf_c_52UsWall:0 (G4Tubs) ... OK! 
Checking overlaps for volume rf_c_52DsWall:0 (G4Tubs) ... OK! 
Checking overlaps for volume rf_c_52UsWin1:0 (G4Tubs) ... OK! 
Checking overlaps for volume rf_c_52DsWin1:0 (G4Tubs) ... OK! 
Checking overlaps for volume rf_c_52UsWin2:0 (G4Tubs) ... OK! 
Checking overlaps for volume rf_c_52DsWin2:0 (G4Tubs) ... OK! 
Checking overlaps for volume rf_c_52DsHalf:0 (G4Tubs) ... OK! 
Checking overlaps for volume rf_c_52TimingVol:0 (G4Tubs) ... OK! 
Checking overlaps for volume rf_c_52:0 (G4Tubs) ... OK! 
BLCMDpillbox::construct rf_c_52 parent= relZ=65404.9 globZ=65404.9
	zmin=65294.9 zmax=65515.0
Checking overlaps for volume rf_d_52Pipe:0 (G4Tubs) ... OK! 
Checking overlaps for volume rf_d_52UsWall:0 (G4Tubs) ... OK! 
Checking overlaps for volume rf_d_52DsWall:0 (G4Tubs) ... OK! 
Checking overlaps for volume rf_d_52UsWin1:0 (G4Tubs) ... OK! 
Checking overlaps for volume rf_d_52DsWin1:0 (G4Tubs) ... OK! 
Checking overlaps for volume rf_d_52UsWin2:0 (G4Tubs) ... OK! 
Checking overlaps for volume rf_d_52DsWin2:0 (G4Tubs) ... OK! 
Checking overlaps for volume rf_d_52DsHalf:0 (G4Tubs) ... OK! 
Checking overlaps for volume rf_d_52TimingVol:0 (G4Tubs) ... OK! 
Checking overlaps for volume rf_d_52:0 (G4Tubs) ... OK! 
BLCMDpillbox::construct rf_d_52 parent= relZ=65625.0 globZ=65625.0
	zmin=65515.0 zmax=65735.0
Checking overlaps for volume rf_e_52Pipe:0 (G4Tubs) ... OK! 
Checking overlaps for volume rf_e_52UsWall:0 (G4Tubs) ... OK! 
Checking overlaps for volume rf_e_52DsWall:0 (G4Tubs) ... OK! 
Checking overlaps for volume rf_e_52UsWin1:0 (G4Tubs) ... OK! 
Checking overlaps for volume rf_e_52DsWin1:0 (G4Tubs) ... OK! 
Checking overlaps for volume rf_e_52UsWin2:0 (G4Tubs) ... OK! 
Checking overlaps for volume rf_e_52DsWin2:0 (G4Tubs) ... OK! 
Checking overlaps for volume rf_e_52DsHalf:0 (G4Tubs) ... OK! 
Checking overlaps for volume rf_e_52TimingVol:0 (G4Tubs) ... OK! 
Checking overlaps for volume rf_e_52:0 (G4Tubs) ... OK! 
BLCMDpillbox::construct rf_e_52 parent= relZ=65845.1 globZ=65845.1
	zmin=65735.0 zmax=65955.1
Checking overlaps for volume rf_c_53Pipe:0 (G4Tubs) ... OK! 
Checking overlaps for volume rf_c_53UsWall:0 (G4Tubs) ... OK! 
Checking overlaps for volume rf_c_53DsWall:0 (G4Tubs) ... OK! 
Checking overlaps for volume rf_c_53UsWin1:0 (G4Tubs) ... OK! 
Checking overlaps for volume rf_c_53DsWin1:0 (G4Tubs) ... OK! 
Checking overlaps for volume rf_c_53UsWin2:0 (G4Tubs) ... OK! 
Checking overlaps for volume rf_c_53DsWin2:0 (G4Tubs) ... OK! 
Checking overlaps for volume rf_c_53DsHalf:0 (G4Tubs) ... OK! 
Checking overlaps for volume rf_c_53TimingVol:0 (G4Tubs) ... OK! 
Checking overlaps for volume rf_c_53:0 (G4Tubs) ... OK! 
BLCMDpillbox::construct rf_c_53 parent= relZ=66654.9 globZ=66654.9
	zmin=66544.9 zmax=66765.0
Checking overlaps for volume rf_d_53Pipe:0 (G4Tubs) ... OK! 
Checking overlaps for volume rf_d_53UsWall:0 (G4Tubs) ... OK! 
Checking overlaps for volume rf_d_53DsWall:0 (G4Tubs) ... OK! 
Checking overlaps for volume rf_d_53UsWin1:0 (G4Tubs) ... OK! 
Checking overlaps for volume rf_d_53DsWin1:0 (G4Tubs) ... OK! 
Checking overlaps for volume rf_d_53UsWin2:0 (G4Tubs) ... OK! 
Checking overlaps for volume rf_d_53DsWin2:0 (G4Tubs) ... OK! 
Checking overlaps for volume rf_d_53DsHalf:0 (G4Tubs) ... OK! 
Checking overlaps for volume rf_d_53TimingVol:0 (G4Tubs) ... OK! 
Checking overlaps for volume rf_d_53:0 (G4Tubs) ... OK! 
BLCMDpillbox::construct rf_d_53 parent= relZ=66875.0 globZ=66875.0
	zmin=66765.0 zmax=66985.0
Checking overlaps for volume rf_e_53Pipe:0 (G4Tubs) ... OK! 
Checking overlaps for volume rf_e_53UsWall:0 (G4Tubs) ... OK! 
Checking overlaps for volume rf_e_53DsWall:0 (G4Tubs) ... OK! 
Checking overlaps for volume rf_e_53UsWin1:0 (G4Tubs) ... OK! 
Checking overlaps for volume rf_e_53DsWin1:0 (G4Tubs) ... OK! 
Checking overlaps for volume rf_e_53UsWin2:0 (G4Tubs) ... OK! 
Checking overlaps for volume rf_e_53DsWin2:0 (G4Tubs) ... OK! 
Checking overlaps for volume rf_e_53DsHalf:0 (G4Tubs) ... OK! 
Checking overlaps for volume rf_e_53TimingVol:0 (G4Tubs) ... OK! 
Checking overlaps for volume rf_e_53:0 (G4Tubs) ... OK! 
BLCMDpillbox::construct rf_e_53 parent= relZ=67095.1 globZ=67095.1
	zmin=66985.0 zmax=67205.1
Checking overlaps for volume rf_c_54Pipe:0 (G4Tubs) ... OK! 
Checking overlaps for volume rf_c_54UsWall:0 (G4Tubs) ... OK! 
Checking overlaps for volume rf_c_54DsWall:0 (G4Tubs) ... OK! 
Checking overlaps for volume rf_c_54UsWin1:0 (G4Tubs) ... OK! 
Checking overlaps for volume rf_c_54DsWin1:0 (G4Tubs) ... OK! 
Checking overlaps for volume rf_c_54UsWin2:0 (G4Tubs) ... OK! 
Checking overlaps for volume rf_c_54DsWin2:0 (G4Tubs) ... OK! 
Checking overlaps for volume rf_c_54DsHalf:0 (G4Tubs) ... OK! 
Checking overlaps for volume rf_c_54TimingVol:0 (G4Tubs) ... OK! 
Checking overlaps for volume rf_c_54:0 (G4Tubs) ... OK! 
BLCMDpillbox::construct rf_c_54 parent= relZ=67904.9 globZ=67904.9
	zmin=67794.9 zmax=68015.0
Checking overlaps for volume rf_d_54Pipe:0 (G4Tubs) ... OK! 
Checking overlaps for volume rf_d_54UsWall:0 (G4Tubs) ... OK! 
Checking overlaps for volume rf_d_54DsWall:0 (G4Tubs) ... OK! 
Checking overlaps for volume rf_d_54UsWin1:0 (G4Tubs) ... OK! 
Checking overlaps for volume rf_d_54DsWin1:0 (G4Tubs) ... OK! 
Checking overlaps for volume rf_d_54UsWin2:0 (G4Tubs) ... OK! 
Checking overlaps for volume rf_d_54DsWin2:0 (G4Tubs) ... OK! 
Checking overlaps for volume rf_d_54DsHalf:0 (G4Tubs) ... OK! 
Checking overlaps for volume rf_d_54TimingVol:0 (G4Tubs) ... OK! 
Checking overlaps for volume rf_d_54:0 (G4Tubs) ... OK! 
BLCMDpillbox::construct rf_d_54 parent= relZ=68125.0 globZ=68125.0
	zmin=68015.0 zmax=68235.0
Checking overlaps for volume rf_e_54Pipe:0 (G4Tubs) ... OK! 
Checking overlaps for volume rf_e_54UsWall:0 (G4Tubs) ... OK! 
Checking overlaps for volume rf_e_54DsWall:0 (G4Tubs) ... OK! 
Checking overlaps for volume rf_e_54UsWin1:0 (G4Tubs) ... OK! 
Checking overlaps for volume rf_e_54DsWin1:0 (G4Tubs) ... OK! 
Checking overlaps for volume rf_e_54UsWin2:0 (G4Tubs) ... OK! 
Checking overlaps for volume rf_e_54DsWin2:0 (G4Tubs) ... OK! 
Checking overlaps for volume rf_e_54DsHalf:0 (G4Tubs) ... OK! 
Checking overlaps for volume rf_e_54TimingVol:0 (G4Tubs) ... OK! 
Checking overlaps for volume rf_e_54:0 (G4Tubs) ... OK! 
BLCMDpillbox::construct rf_e_54 parent= relZ=68345.1 globZ=68345.1
	zmin=68235.0 zmax=68455.1
Checking overlaps for volume rf_c_55Pipe:0 (G4Tubs) ... OK! 
Checking overlaps for volume rf_c_55UsWall:0 (G4Tubs) ... OK! 
Checking overlaps for volume rf_c_55DsWall:0 (G4Tubs) ... OK! 
Checking overlaps for volume rf_c_55UsWin1:0 (G4Tubs) ... OK! 
Checking overlaps for volume rf_c_55DsWin1:0 (G4Tubs) ... OK! 
Checking overlaps for volume rf_c_55UsWin2:0 (G4Tubs) ... OK! 
Checking overlaps for volume rf_c_55DsWin2:0 (G4Tubs) ... OK! 
Checking overlaps for volume rf_c_55DsHalf:0 (G4Tubs) ... OK! 
Checking overlaps for volume rf_c_55TimingVol:0 (G4Tubs) ... OK! 
Checking overlaps for volume rf_c_55:0 (G4Tubs) ... OK! 
BLCMDpillbox::construct rf_c_55 parent= relZ=69154.9 globZ=69154.9
	zmin=69044.9 zmax=69265.0
Checking overlaps for volume rf_d_55Pipe:0 (G4Tubs) ... OK! 
Checking overlaps for volume rf_d_55UsWall:0 (G4Tubs) ... OK! 
Checking overlaps for volume rf_d_55DsWall:0 (G4Tubs) ... OK! 
Checking overlaps for volume rf_d_55UsWin1:0 (G4Tubs) ... OK! 
Checking overlaps for volume rf_d_55DsWin1:0 (G4Tubs) ... OK! 
Checking overlaps for volume rf_d_55UsWin2:0 (G4Tubs) ... OK! 
Checking overlaps for volume rf_d_55DsWin2:0 (G4Tubs) ... OK! 
Checking overlaps for volume rf_d_55DsHalf:0 (G4Tubs) ... OK! 
Checking overlaps for volume rf_d_55TimingVol:0 (G4Tubs) ... OK! 
Checking overlaps for volume rf_d_55:0 (G4Tubs) ... OK! 
BLCMDpillbox::construct rf_d_55 parent= relZ=69375.0 globZ=69375.0
	zmin=69265.0 zmax=69485.0
Checking overlaps for volume rf_e_55Pipe:0 (G4Tubs) ... OK! 
Checking overlaps for volume rf_e_55UsWall:0 (G4Tubs) ... OK! 
Checking overlaps for volume rf_e_55DsWall:0 (G4Tubs) ... OK! 
Checking overlaps for volume rf_e_55UsWin1:0 (G4Tubs) ... OK! 
Checking overlaps for volume rf_e_55DsWin1:0 (G4Tubs) ... OK! 
Checking overlaps for volume rf_e_55UsWin2:0 (G4Tubs) ... OK! 
Checking overlaps for volume rf_e_55DsWin2:0 (G4Tubs) ... OK! 
Checking overlaps for volume rf_e_55DsHalf:0 (G4Tubs) ... OK! 
Checking overlaps for volume rf_e_55TimingVol:0 (G4Tubs) ... OK! 
Checking overlaps for volume rf_e_55:0 (G4Tubs) ... OK! 
BLCMDpillbox::construct rf_e_55 parent= relZ=69595.1 globZ=69595.1
	zmin=69485.0 zmax=69705.1
Checking overlaps for volume rf_c_56Pipe:0 (G4Tubs) ... OK! 
Checking overlaps for volume rf_c_56UsWall:0 (G4Tubs) ... OK! 
Checking overlaps for volume rf_c_56DsWall:0 (G4Tubs) ... OK! 
Checking overlaps for volume rf_c_56UsWin1:0 (G4Tubs) ... OK! 
Checking overlaps for volume rf_c_56DsWin1:0 (G4Tubs) ... OK! 
Checking overlaps for volume rf_c_56UsWin2:0 (G4Tubs) ... OK! 
Checking overlaps for volume rf_c_56DsWin2:0 (G4Tubs) ... OK! 
Checking overlaps for volume rf_c_56DsHalf:0 (G4Tubs) ... OK! 
Checking overlaps for volume rf_c_56TimingVol:0 (G4Tubs) ... OK! 
Checking overlaps for volume rf_c_56:0 (G4Tubs) ... OK! 
BLCMDpillbox::construct rf_c_56 parent= relZ=70404.9 globZ=70404.9
	zmin=70294.9 zmax=70515.0
Checking overlaps for volume rf_d_56Pipe:0 (G4Tubs) ... OK! 
Checking overlaps for volume rf_d_56UsWall:0 (G4Tubs) ... OK! 
Checking overlaps for volume rf_d_56DsWall:0 (G4Tubs) ... OK! 
Checking overlaps for volume rf_d_56UsWin1:0 (G4Tubs) ... OK! 
Checking overlaps for volume rf_d_56DsWin1:0 (G4Tubs) ... OK! 
Checking overlaps for volume rf_d_56UsWin2:0 (G4Tubs) ... OK! 
Checking overlaps for volume rf_d_56DsWin2:0 (G4Tubs) ... OK! 
Checking overlaps for volume rf_d_56DsHalf:0 (G4Tubs) ... OK! 
Checking overlaps for volume rf_d_56TimingVol:0 (G4Tubs) ... OK! 
Checking overlaps for volume rf_d_56:0 (G4Tubs) ... OK! 
BLCMDpillbox::construct rf_d_56 parent= relZ=70625.0 globZ=70625.0
	zmin=70515.0 zmax=70735.0
Checking overlaps for volume rf_e_56Pipe:0 (G4Tubs) ... OK! 
Checking overlaps for volume rf_e_56UsWall:0 (G4Tubs) ... OK! 
Checking overlaps for volume rf_e_56DsWall:0 (G4Tubs) ... OK! 
Checking overlaps for volume rf_e_56UsWin1:0 (G4Tubs) ... OK! 
Checking overlaps for volume rf_e_56DsWin1:0 (G4Tubs) ... OK! 
Checking overlaps for volume rf_e_56UsWin2:0 (G4Tubs) ... OK! 
Checking overlaps for volume rf_e_56DsWin2:0 (G4Tubs) ... OK! 
Checking overlaps for volume rf_e_56DsHalf:0 (G4Tubs) ... OK! 
Checking overlaps for volume rf_e_56TimingVol:0 (G4Tubs) ... OK! 
Checking overlaps for volume rf_e_56:0 (G4Tubs) ... OK! 
BLCMDpillbox::construct rf_e_56 parent= relZ=70845.1 globZ=70845.1
	zmin=70735.0 zmax=70955.1
Checking overlaps for volume rf_c_57Pipe:0 (G4Tubs) ... OK! 
Checking overlaps for volume rf_c_57UsWall:0 (G4Tubs) ... OK! 
Checking overlaps for volume rf_c_57DsWall:0 (G4Tubs) ... OK! 
Checking overlaps for volume rf_c_57UsWin1:0 (G4Tubs) ... OK! 
Checking overlaps for volume rf_c_57DsWin1:0 (G4Tubs) ... OK! 
Checking overlaps for volume rf_c_57UsWin2:0 (G4Tubs) ... OK! 
Checking overlaps for volume rf_c_57DsWin2:0 (G4Tubs) ... OK! 
Checking overlaps for volume rf_c_57DsHalf:0 (G4Tubs) ... OK! 
Checking overlaps for volume rf_c_57TimingVol:0 (G4Tubs) ... OK! 
Checking overlaps for volume rf_c_57:0 (G4Tubs) ... OK! 
BLCMDpillbox::construct rf_c_57 parent= relZ=71654.9 globZ=71654.9
	zmin=71544.9 zmax=71765.0
Checking overlaps for volume rf_d_57Pipe:0 (G4Tubs) ... OK! 
Checking overlaps for volume rf_d_57UsWall:0 (G4Tubs) ... OK! 
Checking overlaps for volume rf_d_57DsWall:0 (G4Tubs) ... OK! 
Checking overlaps for volume rf_d_57UsWin1:0 (G4Tubs) ... OK! 
Checking overlaps for volume rf_d_57DsWin1:0 (G4Tubs) ... OK! 
Checking overlaps for volume rf_d_57UsWin2:0 (G4Tubs) ... OK! 
Checking overlaps for volume rf_d_57DsWin2:0 (G4Tubs) ... OK! 
Checking overlaps for volume rf_d_57DsHalf:0 (G4Tubs) ... OK! 
Checking overlaps for volume rf_d_57TimingVol:0 (G4Tubs) ... OK! 
Checking overlaps for volume rf_d_57:0 (G4Tubs) ... OK! 
BLCMDpillbox::construct rf_d_57 parent= relZ=71875.0 globZ=71875.0
	zmin=71765.0 zmax=71985.0
Checking overlaps for volume rf_e_57Pipe:0 (G4Tubs) ... OK! 
Checking overlaps for volume rf_e_57UsWall:0 (G4Tubs) ... OK! 
Checking overlaps for volume rf_e_57DsWall:0 (G4Tubs) ... OK! 
Checking overlaps for volume rf_e_57UsWin1:0 (G4Tubs) ... OK! 
Checking overlaps for volume rf_e_57DsWin1:0 (G4Tubs) ... OK! 
Checking overlaps for volume rf_e_57UsWin2:0 (G4Tubs) ... OK! 
Checking overlaps for volume rf_e_57DsWin2:0 (G4Tubs) ... OK! 
Checking overlaps for volume rf_e_57DsHalf:0 (G4Tubs) ... OK! 
Checking overlaps for volume rf_e_57TimingVol:0 (G4Tubs) ... OK! 
Checking overlaps for volume rf_e_57:0 (G4Tubs) ... OK! 
BLCMDpillbox::construct rf_e_57 parent= relZ=72095.1 globZ=72095.1
	zmin=71985.0 zmax=72205.1
Checking overlaps for volume rf_c_58Pipe:0 (G4Tubs) ... OK! 
Checking overlaps for volume rf_c_58UsWall:0 (G4Tubs) ... OK! 
Checking overlaps for volume rf_c_58DsWall:0 (G4Tubs) ... OK! 
Checking overlaps for volume rf_c_58UsWin1:0 (G4Tubs) ... OK! 
Checking overlaps for volume rf_c_58DsWin1:0 (G4Tubs) ... OK! 
Checking overlaps for volume rf_c_58UsWin2:0 (G4Tubs) ... OK! 
Checking overlaps for volume rf_c_58DsWin2:0 (G4Tubs) ... OK! 
Checking overlaps for volume rf_c_58DsHalf:0 (G4Tubs) ... OK! 
Checking overlaps for volume rf_c_58TimingVol:0 (G4Tubs) ... OK! 
Checking overlaps for volume rf_c_58:0 (G4Tubs) ... OK! 
BLCMDpillbox::construct rf_c_58 parent= relZ=72904.9 globZ=72904.9
	zmin=72794.9 zmax=73015.0
Checking overlaps for volume rf_d_58Pipe:0 (G4Tubs) ... OK! 
Checking overlaps for volume rf_d_58UsWall:0 (G4Tubs) ... OK! 
Checking overlaps for volume rf_d_58DsWall:0 (G4Tubs) ... OK! 
Checking overlaps for volume rf_d_58UsWin1:0 (G4Tubs) ... OK! 
Checking overlaps for volume rf_d_58DsWin1:0 (G4Tubs) ... OK! 
Checking overlaps for volume rf_d_58UsWin2:0 (G4Tubs) ... OK! 
Checking overlaps for volume rf_d_58DsWin2:0 (G4Tubs) ... OK! 
Checking overlaps for volume rf_d_58DsHalf:0 (G4Tubs) ... OK! 
Checking overlaps for volume rf_d_58TimingVol:0 (G4Tubs) ... OK! 
Checking overlaps for volume rf_d_58:0 (G4Tubs) ... OK! 
BLCMDpillbox::construct rf_d_58 parent= relZ=73125.0 globZ=73125.0
	zmin=73015.0 zmax=73235.0
Checking overlaps for volume rf_e_58Pipe:0 (G4Tubs) ... OK! 
Checking overlaps for volume rf_e_58UsWall:0 (G4Tubs) ... OK! 
Checking overlaps for volume rf_e_58DsWall:0 (G4Tubs) ... OK! 
Checking overlaps for volume rf_e_58UsWin1:0 (G4Tubs) ... OK! 
Checking overlaps for volume rf_e_58DsWin1:0 (G4Tubs) ... OK! 
Checking overlaps for volume rf_e_58UsWin2:0 (G4Tubs) ... OK! 
Checking overlaps for volume rf_e_58DsWin2:0 (G4Tubs) ... OK! 
Checking overlaps for volume rf_e_58DsHalf:0 (G4Tubs) ... OK! 
Checking overlaps for volume rf_e_58TimingVol:0 (G4Tubs) ... OK! 
Checking overlaps for volume rf_e_58:0 (G4Tubs) ... OK! 
BLCMDpillbox::construct rf_e_58 parent= relZ=73345.1 globZ=73345.1
	zmin=73235.0 zmax=73455.1
Checking overlaps for volume rf_c_59Pipe:0 (G4Tubs) ... OK! 
Checking overlaps for volume rf_c_59UsWall:0 (G4Tubs) ... OK! 
Checking overlaps for volume rf_c_59DsWall:0 (G4Tubs) ... OK! 
Checking overlaps for volume rf_c_59UsWin1:0 (G4Tubs) ... OK! 
Checking overlaps for volume rf_c_59DsWin1:0 (G4Tubs) ... OK! 
Checking overlaps for volume rf_c_59UsWin2:0 (G4Tubs) ... OK! 
Checking overlaps for volume rf_c_59DsWin2:0 (G4Tubs) ... OK! 
Checking overlaps for volume rf_c_59DsHalf:0 (G4Tubs) ... OK! 
Checking overlaps for volume rf_c_59TimingVol:0 (G4Tubs) ... OK! 
Checking overlaps for volume rf_c_59:0 (G4Tubs) ... OK! 
BLCMDpillbox::construct rf_c_59 parent= relZ=74154.9 globZ=74154.9
	zmin=74044.9 zmax=74265.0
Checking overlaps for volume rf_d_59Pipe:0 (G4Tubs) ... OK! 
Checking overlaps for volume rf_d_59UsWall:0 (G4Tubs) ... OK! 
Checking overlaps for volume rf_d_59DsWall:0 (G4Tubs) ... OK! 
Checking overlaps for volume rf_d_59UsWin1:0 (G4Tubs) ... OK! 
Checking overlaps for volume rf_d_59DsWin1:0 (G4Tubs) ... OK! 
Checking overlaps for volume rf_d_59UsWin2:0 (G4Tubs) ... OK! 
Checking overlaps for volume rf_d_59DsWin2:0 (G4Tubs) ... OK! 
Checking overlaps for volume rf_d_59DsHalf:0 (G4Tubs) ... OK! 
Checking overlaps for volume rf_d_59TimingVol:0 (G4Tubs) ... OK! 
Checking overlaps for volume rf_d_59:0 (G4Tubs) ... OK! 
BLCMDpillbox::construct rf_d_59 parent= relZ=74375.0 globZ=74375.0
	zmin=74265.0 zmax=74485.0
Checking overlaps for volume rf_e_59Pipe:0 (G4Tubs) ... OK! 
Checking overlaps for volume rf_e_59UsWall:0 (G4Tubs) ... OK! 
Checking overlaps for volume rf_e_59DsWall:0 (G4Tubs) ... OK! 
Checking overlaps for volume rf_e_59UsWin1:0 (G4Tubs) ... OK! 
Checking overlaps for volume rf_e_59DsWin1:0 (G4Tubs) ... OK! 
Checking overlaps for volume rf_e_59UsWin2:0 (G4Tubs) ... OK! 
Checking overlaps for volume rf_e_59DsWin2:0 (G4Tubs) ... OK! 
Checking overlaps for volume rf_e_59DsHalf:0 (G4Tubs) ... OK! 
Checking overlaps for volume rf_e_59TimingVol:0 (G4Tubs) ... OK! 
Checking overlaps for volume rf_e_59:0 (G4Tubs) ... OK! 
BLCMDpillbox::construct rf_e_59 parent= relZ=74595.1 globZ=74595.1
	zmin=74485.0 zmax=74705.1
Checking overlaps for volume rf_c_60Pipe:0 (G4Tubs) ... OK! 
Checking overlaps for volume rf_c_60UsWall:0 (G4Tubs) ... OK! 
Checking overlaps for volume rf_c_60DsWall:0 (G4Tubs) ... OK! 
Checking overlaps for volume rf_c_60UsWin1:0 (G4Tubs) ... OK! 
Checking overlaps for volume rf_c_60DsWin1:0 (G4Tubs) ... OK! 
Checking overlaps for volume rf_c_60UsWin2:0 (G4Tubs) ... OK! 
Checking overlaps for volume rf_c_60DsWin2:0 (G4Tubs) ... OK! 
Checking overlaps for volume rf_c_60DsHalf:0 (G4Tubs) ... OK! 
Checking overlaps for volume rf_c_60TimingVol:0 (G4Tubs) ... OK! 
Checking overlaps for volume rf_c_60:0 (G4Tubs) ... OK! 
BLCMDpillbox::construct rf_c_60 parent= relZ=75404.9 globZ=75404.9
	zmin=75294.9 zmax=75515.0
Checking overlaps for volume rf_d_60Pipe:0 (G4Tubs) ... OK! 
Checking overlaps for volume rf_d_60UsWall:0 (G4Tubs) ... OK! 
Checking overlaps for volume rf_d_60DsWall:0 (G4Tubs) ... OK! 
Checking overlaps for volume rf_d_60UsWin1:0 (G4Tubs) ... OK! 
Checking overlaps for volume rf_d_60DsWin1:0 (G4Tubs) ... OK! 
Checking overlaps for volume rf_d_60UsWin2:0 (G4Tubs) ... OK! 
Checking overlaps for volume rf_d_60DsWin2:0 (G4Tubs) ... OK! 
Checking overlaps for volume rf_d_60DsHalf:0 (G4Tubs) ... OK! 
Checking overlaps for volume rf_d_60TimingVol:0 (G4Tubs) ... OK! 
Checking overlaps for volume rf_d_60:0 (G4Tubs) ... OK! 
BLCMDpillbox::construct rf_d_60 parent= relZ=75625.0 globZ=75625.0
	zmin=75515.0 zmax=75735.0
Checking overlaps for volume rf_e_60Pipe:0 (G4Tubs) ... OK! 
Checking overlaps for volume rf_e_60UsWall:0 (G4Tubs) ... OK! 
Checking overlaps for volume rf_e_60DsWall:0 (G4Tubs) ... OK! 
Checking overlaps for volume rf_e_60UsWin1:0 (G4Tubs) ... OK! 
Checking overlaps for volume rf_e_60DsWin1:0 (G4Tubs) ... OK! 
Checking overlaps for volume rf_e_60UsWin2:0 (G4Tubs) ... OK! 
Checking overlaps for volume rf_e_60DsWin2:0 (G4Tubs) ... OK! 
Checking overlaps for volume rf_e_60DsHalf:0 (G4Tubs) ... OK! 
Checking overlaps for volume rf_e_60TimingVol:0 (G4Tubs) ... OK! 
Checking overlaps for volume rf_e_60:0 (G4Tubs) ... OK! 
BLCMDpillbox::construct rf_e_60 parent= relZ=75845.1 globZ=75845.1
	zmin=75735.0 zmax=75955.1
Checking overlaps for volume wedge_0:0 (G4Trap) ... OK! 
BLCMDtrap::Construct wedge_0 parent= relZ=0.0 globZ=0.0
	zmin=-57.7 zmax=57.7 kill=0
Checking overlaps for volume wedge_1:0 (G4Trap) ... OK! 
BLCMDtrap::Construct wedge_1 parent= relZ=1250.0 globZ=1250.0
	zmin=1192.3 zmax=1307.7 kill=0
Checking overlaps for volume wedge_2:0 (G4Trap) ... OK! 
BLCMDtrap::Construct wedge_2 parent= relZ=2500.0 globZ=2500.0
	zmin=2442.3 zmax=2557.7 kill=0
Checking overlaps for volume wedge_3:0 (G4Trap) ... OK! 
BLCMDtrap::Construct wedge_3 parent= relZ=3750.0 globZ=3750.0
	zmin=3692.3 zmax=3807.7 kill=0
Checking overlaps for volume wedge_4:0 (G4Trap) ... OK! 
BLCMDtrap::Construct wedge_4 parent= relZ=5000.0 globZ=5000.0
	zmin=4942.3 zmax=5057.7 kill=0
Checking overlaps for volume wedge_5:0 (G4Trap) ... OK! 
BLCMDtrap::Construct wedge_5 parent= relZ=6250.0 globZ=6250.0
	zmin=6192.3 zmax=6307.7 kill=0
Checking overlaps for volume wedge_6:0 (G4Trap) ... OK! 
BLCMDtrap::Construct wedge_6 parent= relZ=7500.0 globZ=7500.0
	zmin=7442.3 zmax=7557.7 kill=0
Checking overlaps for volume wedge_7:0 (G4Trap) ... OK! 
BLCMDtrap::Construct wedge_7 parent= relZ=8750.0 globZ=8750.0
	zmin=8692.3 zmax=8807.7 kill=0
Checking overlaps for volume wedge_8:0 (G4Trap) ... OK! 
BLCMDtrap::Construct wedge_8 parent= relZ=10000.0 globZ=10000.0
	zmin=9942.3 zmax=10057.7 kill=0
Checking overlaps for volume wedge_9:0 (G4Trap) ... OK! 
BLCMDtrap::Construct wedge_9 parent= relZ=11250.0 globZ=11250.0
	zmin=11192.3 zmax=11307.7 kill=0
Checking overlaps for volume wedge_10:0 (G4Trap) ... OK! 
BLCMDtrap::Construct wedge_10 parent= relZ=12500.0 globZ=12500.0
	zmin=12442.3 zmax=12557.7 kill=0
Checking overlaps for volume wedge_11:0 (G4Trap) ... OK! 
BLCMDtrap::Construct wedge_11 parent= relZ=13750.0 globZ=13750.0
	zmin=13692.3 zmax=13807.7 kill=0
Checking overlaps for volume wedge_12:0 (G4Trap) ... OK! 
BLCMDtrap::Construct wedge_12 parent= relZ=15000.0 globZ=15000.0
	zmin=14942.3 zmax=15057.7 kill=0
Checking overlaps for volume wedge_13:0 (G4Trap) ... OK! 
BLCMDtrap::Construct wedge_13 parent= relZ=16250.0 globZ=16250.0
	zmin=16192.3 zmax=16307.7 kill=0
Checking overlaps for volume wedge_14:0 (G4Trap) ... OK! 
BLCMDtrap::Construct wedge_14 parent= relZ=17500.0 globZ=17500.0
	zmin=17442.3 zmax=17557.7 kill=0
Checking overlaps for volume wedge_15:0 (G4Trap) ... OK! 
BLCMDtrap::Construct wedge_15 parent= relZ=18750.0 globZ=18750.0
	zmin=18692.3 zmax=18807.7 kill=0
Checking overlaps for volume wedge_16:0 (G4Trap) ... OK! 
BLCMDtrap::Construct wedge_16 parent= relZ=20000.0 globZ=20000.0
	zmin=19942.3 zmax=20057.7 kill=0
Checking overlaps for volume wedge_17:0 (G4Trap) ... OK! 
BLCMDtrap::Construct wedge_17 parent= relZ=21250.0 globZ=21250.0
	zmin=21192.3 zmax=21307.7 kill=0
Checking overlaps for volume wedge_18:0 (G4Trap) ... OK! 
BLCMDtrap::Construct wedge_18 parent= relZ=22500.0 globZ=22500.0
	zmin=22442.3 zmax=22557.7 kill=0
Checking overlaps for volume wedge_19:0 (G4Trap) ... OK! 
BLCMDtrap::Construct wedge_19 parent= relZ=23750.0 globZ=23750.0
	zmin=23692.3 zmax=23807.7 kill=0
Checking overlaps for volume wedge_20:0 (G4Trap) ... OK! 
BLCMDtrap::Construct wedge_20 parent= relZ=25000.0 globZ=25000.0
	zmin=24942.3 zmax=25057.7 kill=0
Checking overlaps for volume wedge_21:0 (G4Trap) ... OK! 
BLCMDtrap::Construct wedge_21 parent= relZ=26250.0 globZ=26250.0
	zmin=26192.3 zmax=26307.7 kill=0
Checking overlaps for volume wedge_22:0 (G4Trap) ... OK! 
BLCMDtrap::Construct wedge_22 parent= relZ=27500.0 globZ=27500.0
	zmin=27442.3 zmax=27557.7 kill=0
Checking overlaps for volume wedge_23:0 (G4Trap) ... OK! 
BLCMDtrap::Construct wedge_23 parent= relZ=28750.0 globZ=28750.0
	zmin=28692.3 zmax=28807.7 kill=0
Checking overlaps for volume wedge_24:0 (G4Trap) ... OK! 
BLCMDtrap::Construct wedge_24 parent= relZ=30000.0 globZ=30000.0
	zmin=29942.3 zmax=30057.7 kill=0
Checking overlaps for volume wedge_25:0 (G4Trap) ... OK! 
BLCMDtrap::Construct wedge_25 parent= relZ=31250.0 globZ=31250.0
	zmin=31192.3 zmax=31307.7 kill=0
Checking overlaps for volume wedge_26:0 (G4Trap) ... OK! 
BLCMDtrap::Construct wedge_26 parent= relZ=32500.0 globZ=32500.0
	zmin=32442.3 zmax=32557.7 kill=0
Checking overlaps for volume wedge_27:0 (G4Trap) ... OK! 
BLCMDtrap::Construct wedge_27 parent= relZ=33750.0 globZ=33750.0
	zmin=33692.3 zmax=33807.7 kill=0
Checking overlaps for volume wedge_28:0 (G4Trap) ... OK! 
BLCMDtrap::Construct wedge_28 parent= relZ=35000.0 globZ=35000.0
	zmin=34942.3 zmax=35057.7 kill=0
Checking overlaps for volume wedge_29:0 (G4Trap) ... OK! 
BLCMDtrap::Construct wedge_29 parent= relZ=36250.0 globZ=36250.0
	zmin=36192.3 zmax=36307.7 kill=0
Checking overlaps for volume wedge_30:0 (G4Trap) ... OK! 
BLCMDtrap::Construct wedge_30 parent= relZ=37500.0 globZ=37500.0
	zmin=37442.3 zmax=37557.7 kill=0
Checking overlaps for volume wedge_31:0 (G4Trap) ... OK! 
BLCMDtrap::Construct wedge_31 parent= relZ=38750.0 globZ=38750.0
	zmin=38692.3 zmax=38807.7 kill=0
Checking overlaps for volume wedge_32:0 (G4Trap) ... OK! 
BLCMDtrap::Construct wedge_32 parent= relZ=40000.0 globZ=40000.0
	zmin=39942.3 zmax=40057.7 kill=0
Checking overlaps for volume wedge_33:0 (G4Trap) ... OK! 
BLCMDtrap::Construct wedge_33 parent= relZ=41250.0 globZ=41250.0
	zmin=41192.3 zmax=41307.7 kill=0
Checking overlaps for volume wedge_34:0 (G4Trap) ... OK! 
BLCMDtrap::Construct wedge_34 parent= relZ=42500.0 globZ=42500.0
	zmin=42442.3 zmax=42557.7 kill=0
Checking overlaps for volume wedge_35:0 (G4Trap) ... OK! 
BLCMDtrap::Construct wedge_35 parent= relZ=43750.0 globZ=43750.0
	zmin=43692.3 zmax=43807.7 kill=0
Checking overlaps for volume wedge_36:0 (G4Trap) ... OK! 
BLCMDtrap::Construct wedge_36 parent= relZ=45000.0 globZ=45000.0
	zmin=44942.3 zmax=45057.7 kill=0
Checking overlaps for volume wedge_37:0 (G4Trap) ... OK! 
BLCMDtrap::Construct wedge_37 parent= relZ=46250.0 globZ=46250.0
	zmin=46192.3 zmax=46307.7 kill=0
Checking overlaps for volume wedge_38:0 (G4Trap) ... OK! 
BLCMDtrap::Construct wedge_38 parent= relZ=47500.0 globZ=47500.0
	zmin=47442.3 zmax=47557.7 kill=0
Checking overlaps for volume wedge_39:0 (G4Trap) ... OK! 
BLCMDtrap::Construct wedge_39 parent= relZ=48750.0 globZ=48750.0
	zmin=48692.3 zmax=48807.7 kill=0
Checking overlaps for volume wedge_40:0 (G4Trap) ... OK! 
BLCMDtrap::Construct wedge_40 parent= relZ=50000.0 globZ=50000.0
	zmin=49942.3 zmax=50057.7 kill=0
Checking overlaps for volume wedge_41:0 (G4Trap) ... OK! 
BLCMDtrap::Construct wedge_41 parent= relZ=51250.0 globZ=51250.0
	zmin=51192.3 zmax=51307.7 kill=0
Checking overlaps for volume wedge_42:0 (G4Trap) ... OK! 
BLCMDtrap::Construct wedge_42 parent= relZ=52500.0 globZ=52500.0
	zmin=52442.3 zmax=52557.7 kill=0
Checking overlaps for volume wedge_43:0 (G4Trap) ... OK! 
BLCMDtrap::Construct wedge_43 parent= relZ=53750.0 globZ=53750.0
	zmin=53692.3 zmax=53807.7 kill=0
Checking overlaps for volume wedge_44:0 (G4Trap) ... OK! 
BLCMDtrap::Construct wedge_44 parent= relZ=55000.0 globZ=55000.0
	zmin=54942.3 zmax=55057.7 kill=0
Checking overlaps for volume wedge_45:0 (G4Trap) ... OK! 
BLCMDtrap::Construct wedge_45 parent= relZ=56250.0 globZ=56250.0
	zmin=56192.3 zmax=56307.7 kill=0
Checking overlaps for volume wedge_46:0 (G4Trap) ... OK! 
BLCMDtrap::Construct wedge_46 parent= relZ=57500.0 globZ=57500.0
	zmin=57442.3 zmax=57557.7 kill=0
Checking overlaps for volume wedge_47:0 (G4Trap) ... OK! 
BLCMDtrap::Construct wedge_47 parent= relZ=58750.0 globZ=58750.0
	zmin=58692.3 zmax=58807.7 kill=0
Checking overlaps for volume wedge_48:0 (G4Trap) ... OK! 
BLCMDtrap::Construct wedge_48 parent= relZ=60000.0 globZ=60000.0
	zmin=59942.3 zmax=60057.7 kill=0
Checking overlaps for volume wedge_49:0 (G4Trap) ... OK! 
BLCMDtrap::Construct wedge_49 parent= relZ=61250.0 globZ=61250.0
	zmin=61192.3 zmax=61307.7 kill=0
Checking overlaps for volume wedge_50:0 (G4Trap) ... OK! 
BLCMDtrap::Construct wedge_50 parent= relZ=62500.0 globZ=62500.0
	zmin=62442.3 zmax=62557.7 kill=0
Checking overlaps for volume wedge_51:0 (G4Trap) ... OK! 
BLCMDtrap::Construct wedge_51 parent= relZ=63750.0 globZ=63750.0
	zmin=63692.3 zmax=63807.7 kill=0
Checking overlaps for volume wedge_52:0 (G4Trap) ... OK! 
BLCMDtrap::Construct wedge_52 parent= relZ=65000.0 globZ=65000.0
	zmin=64942.3 zmax=65057.7 kill=0
Checking overlaps for volume wedge_53:0 (G4Trap) ... OK! 
BLCMDtrap::Construct wedge_53 parent= relZ=66250.0 globZ=66250.0
	zmin=66192.3 zmax=66307.7 kill=0
Checking overlaps for volume wedge_54:0 (G4Trap) ... OK! 
BLCMDtrap::Construct wedge_54 parent= relZ=67500.0 globZ=67500.0
	zmin=67442.3 zmax=67557.7 kill=0
Checking overlaps for volume wedge_55:0 (G4Trap) ... OK! 
BLCMDtrap::Construct wedge_55 parent= relZ=68750.0 globZ=68750.0
	zmin=68692.3 zmax=68807.7 kill=0
Checking overlaps for volume wedge_56:0 (G4Trap) ... OK! 
BLCMDtrap::Construct wedge_56 parent= relZ=70000.0 globZ=70000.0
	zmin=69942.3 zmax=70057.7 kill=0
Checking overlaps for volume wedge_57:0 (G4Trap) ... OK! 
BLCMDtrap::Construct wedge_57 parent= relZ=71250.0 globZ=71250.0
	zmin=71192.3 zmax=71307.7 kill=0
Checking overlaps for volume wedge_58:0 (G4Trap) ... OK! 
BLCMDtrap::Construct wedge_58 parent= relZ=72500.0 globZ=72500.0
	zmin=72442.3 zmax=72557.7 kill=0
Checking overlaps for volume wedge_59:0 (G4Trap) ... OK! 
BLCMDtrap::Construct wedge_59 parent= relZ=73750.0 globZ=73750.0
	zmin=73692.3 zmax=73807.7 kill=0
Checking overlaps for volume wedge_60:0 (G4Trap) ... OK! 
BLCMDtrap::Construct wedge_60 parent= relZ=75000.0 globZ=75000.0
	zmin=74942.3 zmax=75057.7 kill=0
Checking overlaps for volume wedge_window:0 (G4Box) ... OK! 
BLCMDbox::Construct wedge_window parent= relZ=-100.3 globZ=-100.3
	zmin=-100.4 zmax=-100.2
Checking overlaps for volume wedge_window:0 (G4Box) ... OK! 
BLCMDbox::Construct wedge_window parent= relZ=100.3 globZ=100.3
	zmin=100.2 zmax=100.4
Checking overlaps for volume wedge_window:0 (G4Box) ... OK! 
BLCMDbox::Construct wedge_window parent= relZ=1149.7 globZ=1149.7
	zmin=1149.6 zmax=1149.8
Checking overlaps for volume wedge_window:0 (G4Box) ... OK! 
BLCMDbox::Construct wedge_window parent= relZ=1350.3 globZ=1350.3
	zmin=1350.2 zmax=1350.4
Checking overlaps for volume wedge_window:0 (G4Box) ... OK! 
BLCMDbox::Construct wedge_window parent= relZ=2399.7 globZ=2399.7
	zmin=2399.6 zmax=2399.8
Checking overlaps for volume wedge_window:0 (G4Box) ... OK! 
BLCMDbox::Construct wedge_window parent= relZ=2600.3 globZ=2600.3
	zmin=2600.2 zmax=2600.4
Checking overlaps for volume wedge_window:0 (G4Box) ... OK! 
BLCMDbox::Construct wedge_window parent= relZ=3649.7 globZ=3649.7
	zmin=3649.6 zmax=3649.8
Checking overlaps for volume wedge_window:0 (G4Box) ... OK! 
BLCMDbox::Construct wedge_window parent= relZ=3850.3 globZ=3850.3
	zmin=3850.2 zmax=3850.4
Checking overlaps for volume wedge_window:0 (G4Box) ... OK! 
BLCMDbox::Construct wedge_window parent= relZ=4899.7 globZ=4899.7
	zmin=4899.6 zmax=4899.8
Checking overlaps for volume wedge_window:0 (G4Box) ... OK! 
BLCMDbox::Construct wedge_window parent= relZ=5100.3 globZ=5100.3
	zmin=5100.2 zmax=5100.4
Checking overlaps for volume wedge_window:0 (G4Box) ... OK! 
BLCMDbox::Construct wedge_window parent= relZ=6149.7 globZ=6149.7
	zmin=6149.6 zmax=6149.8
Checking overlaps for volume wedge_window:0 (G4Box) ... OK! 
BLCMDbox::Construct wedge_window parent= relZ=6350.3 globZ=6350.3
	zmin=6350.2 zmax=6350.4
Checking overlaps for volume wedge_window:0 (G4Box) ... OK! 
BLCMDbox::Construct wedge_window parent= relZ=7399.7 globZ=7399.7
	zmin=7399.6 zmax=7399.8
Checking overlaps for volume wedge_window:0 (G4Box) ... OK! 
BLCMDbox::Construct wedge_window parent= relZ=7600.3 globZ=7600.3
	zmin=7600.2 zmax=7600.4
Checking overlaps for volume wedge_window:0 (G4Box) ... OK! 
BLCMDbox::Construct wedge_window parent= relZ=8649.7 globZ=8649.7
	zmin=8649.6 zmax=8649.8
Checking overlaps for volume wedge_window:0 (G4Box) ... OK! 
BLCMDbox::Construct wedge_window parent= relZ=8850.3 globZ=8850.3
	zmin=8850.2 zmax=8850.4
Checking overlaps for volume wedge_window:0 (G4Box) ... OK! 
BLCMDbox::Construct wedge_window parent= relZ=9899.7 globZ=9899.7
	zmin=9899.6 zmax=9899.8
Checking overlaps for volume wedge_window:0 (G4Box) ... OK! 
BLCMDbox::Construct wedge_window parent= relZ=10100.3 globZ=10100.3
	zmin=10100.2 zmax=10100.4
Checking overlaps for volume wedge_window:0 (G4Box) ... OK! 
BLCMDbox::Construct wedge_window parent= relZ=11149.7 globZ=11149.7
	zmin=11149.6 zmax=11149.8
Checking overlaps for volume wedge_window:0 (G4Box) ... OK! 
BLCMDbox::Construct wedge_window parent= relZ=11350.3 globZ=11350.3
	zmin=11350.2 zmax=11350.4
Checking overlaps for volume wedge_window:0 (G4Box) ... OK! 
BLCMDbox::Construct wedge_window parent= relZ=12399.7 globZ=12399.7
	zmin=12399.6 zmax=12399.8
Checking overlaps for volume wedge_window:0 (G4Box) ... OK! 
BLCMDbox::Construct wedge_window parent= relZ=12600.3 globZ=12600.3
	zmin=12600.2 zmax=12600.4
Checking overlaps for volume wedge_window:0 (G4Box) ... OK! 
BLCMDbox::Construct wedge_window parent= relZ=13649.7 globZ=13649.7
	zmin=13649.6 zmax=13649.8
Checking overlaps for volume wedge_window:0 (G4Box) ... OK! 
BLCMDbox::Construct wedge_window parent= relZ=13850.3 globZ=13850.3
	zmin=13850.2 zmax=13850.4
Checking overlaps for volume wedge_window:0 (G4Box) ... OK! 
BLCMDbox::Construct wedge_window parent= relZ=14899.7 globZ=14899.7
	zmin=14899.6 zmax=14899.8
Checking overlaps for volume wedge_window:0 (G4Box) ... OK! 
BLCMDbox::Construct wedge_window parent= relZ=15100.3 globZ=15100.3
	zmin=15100.2 zmax=15100.4
Checking overlaps for volume wedge_window:0 (G4Box) ... OK! 
BLCMDbox::Construct wedge_window parent= relZ=16149.7 globZ=16149.7
	zmin=16149.6 zmax=16149.8
Checking overlaps for volume wedge_window:0 (G4Box) ... OK! 
BLCMDbox::Construct wedge_window parent= relZ=16350.3 globZ=16350.3
	zmin=16350.2 zmax=16350.4
Checking overlaps for volume wedge_window:0 (G4Box) ... OK! 
BLCMDbox::Construct wedge_window parent= relZ=17399.7 globZ=17399.7
	zmin=17399.6 zmax=17399.8
Checking overlaps for volume wedge_window:0 (G4Box) ... OK! 
BLCMDbox::Construct wedge_window parent= relZ=17600.3 globZ=17600.3
	zmin=17600.2 zmax=17600.4
Checking overlaps for volume wedge_window:0 (G4Box) ... OK! 
BLCMDbox::Construct wedge_window parent= relZ=18649.7 globZ=18649.7
	zmin=18649.6 zmax=18649.8
Checking overlaps for volume wedge_window:0 (G4Box) ... OK! 
BLCMDbox::Construct wedge_window parent= relZ=18850.3 globZ=18850.3
	zmin=18850.2 zmax=18850.4
Checking overlaps for volume wedge_window:0 (G4Box) ... OK! 
BLCMDbox::Construct wedge_window parent= relZ=19899.7 globZ=19899.7
	zmin=19899.6 zmax=19899.8
Checking overlaps for volume wedge_window:0 (G4Box) ... OK! 
BLCMDbox::Construct wedge_window parent= relZ=20100.3 globZ=20100.3
	zmin=20100.2 zmax=20100.4
Checking overlaps for volume wedge_window:0 (G4Box) ... OK! 
BLCMDbox::Construct wedge_window parent= relZ=21149.7 globZ=21149.7
	zmin=21149.6 zmax=21149.8
Checking overlaps for volume wedge_window:0 (G4Box) ... OK! 
BLCMDbox::Construct wedge_window parent= relZ=21350.3 globZ=21350.3
	zmin=21350.2 zmax=21350.4
Checking overlaps for volume wedge_window:0 (G4Box) ... OK! 
BLCMDbox::Construct wedge_window parent= relZ=22399.7 globZ=22399.7
	zmin=22399.6 zmax=22399.8
Checking overlaps for volume wedge_window:0 (G4Box) ... OK! 
BLCMDbox::Construct wedge_window parent= relZ=22600.3 globZ=22600.3
	zmin=22600.2 zmax=22600.4
Checking overlaps for volume wedge_window:0 (G4Box) ... OK! 
BLCMDbox::Construct wedge_window parent= relZ=23649.7 globZ=23649.7
	zmin=23649.6 zmax=23649.8
Checking overlaps for volume wedge_window:0 (G4Box) ... OK! 
BLCMDbox::Construct wedge_window parent= relZ=23850.3 globZ=23850.3
	zmin=23850.2 zmax=23850.4
Checking overlaps for volume wedge_window:0 (G4Box) ... OK! 
BLCMDbox::Construct wedge_window parent= relZ=24899.7 globZ=24899.7
	zmin=24899.6 zmax=24899.8
Checking overlaps for volume wedge_window:0 (G4Box) ... OK! 
BLCMDbox::Construct wedge_window parent= relZ=25100.3 globZ=25100.3
	zmin=25100.2 zmax=25100.4
Checking overlaps for volume wedge_window:0 (G4Box) ... OK! 
BLCMDbox::Construct wedge_window parent= relZ=26149.7 globZ=26149.7
	zmin=26149.6 zmax=26149.8
Checking overlaps for volume wedge_window:0 (G4Box) ... OK! 
BLCMDbox::Construct wedge_window parent= relZ=26350.3 globZ=26350.3
	zmin=26350.2 zmax=26350.4
Checking overlaps for volume wedge_window:0 (G4Box) ... OK! 
BLCMDbox::Construct wedge_window parent= relZ=27399.7 globZ=27399.7
	zmin=27399.6 zmax=27399.8
Checking overlaps for volume wedge_window:0 (G4Box) ... OK! 
BLCMDbox::Construct wedge_window parent= relZ=27600.3 globZ=27600.3
	zmin=27600.2 zmax=27600.4
Checking overlaps for volume wedge_window:0 (G4Box) ... OK! 
BLCMDbox::Construct wedge_window parent= relZ=28649.7 globZ=28649.7
	zmin=28649.6 zmax=28649.8
Checking overlaps for volume wedge_window:0 (G4Box) ... OK! 
BLCMDbox::Construct wedge_window parent= relZ=28850.3 globZ=28850.3
	zmin=28850.2 zmax=28850.4
Checking overlaps for volume wedge_window:0 (G4Box) ... OK! 
BLCMDbox::Construct wedge_window parent= relZ=29899.7 globZ=29899.7
	zmin=29899.6 zmax=29899.8
Checking overlaps for volume wedge_window:0 (G4Box) ... OK! 
BLCMDbox::Construct wedge_window parent= relZ=30100.3 globZ=30100.3
	zmin=30100.2 zmax=30100.4
Checking overlaps for volume wedge_window:0 (G4Box) ... OK! 
BLCMDbox::Construct wedge_window parent= relZ=31149.7 globZ=31149.7
	zmin=31149.6 zmax=31149.8
Checking overlaps for volume wedge_window:0 (G4Box) ... OK! 
BLCMDbox::Construct wedge_window parent= relZ=31350.3 globZ=31350.3
	zmin=31350.2 zmax=31350.4
Checking overlaps for volume wedge_window:0 (G4Box) ... OK! 
BLCMDbox::Construct wedge_window parent= relZ=32399.7 globZ=32399.7
	zmin=32399.6 zmax=32399.8
Checking overlaps for volume wedge_window:0 (G4Box) ... OK! 
BLCMDbox::Construct wedge_window parent= relZ=32600.3 globZ=32600.3
	zmin=32600.2 zmax=32600.4
Checking overlaps for volume wedge_window:0 (G4Box) ... OK! 
BLCMDbox::Construct wedge_window parent= relZ=33649.7 globZ=33649.7
	zmin=33649.6 zmax=33649.8
Checking overlaps for volume wedge_window:0 (G4Box) ... OK! 
BLCMDbox::Construct wedge_window parent= relZ=33850.3 globZ=33850.3
	zmin=33850.2 zmax=33850.4
Checking overlaps for volume wedge_window:0 (G4Box) ... OK! 
BLCMDbox::Construct wedge_window parent= relZ=34899.7 globZ=34899.7
	zmin=34899.6 zmax=34899.8
Checking overlaps for volume wedge_window:0 (G4Box) ... OK! 
BLCMDbox::Construct wedge_window parent= relZ=35100.3 globZ=35100.3
	zmin=35100.2 zmax=35100.4
Checking overlaps for volume wedge_window:0 (G4Box) ... OK! 
BLCMDbox::Construct wedge_window parent= relZ=36149.7 globZ=36149.7
	zmin=36149.6 zmax=36149.8
Checking overlaps for volume wedge_window:0 (G4Box) ... OK! 
BLCMDbox::Construct wedge_window parent= relZ=36350.3 globZ=36350.3
	zmin=36350.2 zmax=36350.4
Checking overlaps for volume wedge_window:0 (G4Box) ... OK! 
BLCMDbox::Construct wedge_window parent= relZ=37399.7 globZ=37399.7
	zmin=37399.6 zmax=37399.8
Checking overlaps for volume wedge_window:0 (G4Box) ... OK! 
BLCMDbox::Construct wedge_window parent= relZ=37600.3 globZ=37600.3
	zmin=37600.2 zmax=37600.4
Checking overlaps for volume wedge_window:0 (G4Box) ... OK! 
BLCMDbox::Construct wedge_window parent= relZ=38649.7 globZ=38649.7
	zmin=38649.6 zmax=38649.8
Checking overlaps for volume wedge_window:0 (G4Box) ... OK! 
BLCMDbox::Construct wedge_window parent= relZ=38850.3 globZ=38850.3
	zmin=38850.2 zmax=38850.4
Checking overlaps for volume wedge_window:0 (G4Box) ... OK! 
BLCMDbox::Construct wedge_window parent= relZ=39899.7 globZ=39899.7
	zmin=39899.6 zmax=39899.8
Checking overlaps for volume wedge_window:0 (G4Box) ... OK! 
BLCMDbox::Construct wedge_window parent= relZ=40100.3 globZ=40100.3
	zmin=40100.2 zmax=40100.4
Checking overlaps for volume wedge_window:0 (G4Box) ... OK! 
BLCMDbox::Construct wedge_window parent= relZ=41149.7 globZ=41149.7
	zmin=41149.6 zmax=41149.8
Checking overlaps for volume wedge_window:0 (G4Box) ... OK! 
BLCMDbox::Construct wedge_window parent= relZ=41350.3 globZ=41350.3
	zmin=41350.2 zmax=41350.4
Checking overlaps for volume wedge_window:0 (G4Box) ... OK! 
BLCMDbox::Construct wedge_window parent= relZ=42399.7 globZ=42399.7
	zmin=42399.6 zmax=42399.8
Checking overlaps for volume wedge_window:0 (G4Box) ... OK! 
BLCMDbox::Construct wedge_window parent= relZ=42600.3 globZ=42600.3
	zmin=42600.2 zmax=42600.4
Checking overlaps for volume wedge_window:0 (G4Box) ... OK! 
BLCMDbox::Construct wedge_window parent= relZ=43649.7 globZ=43649.7
	zmin=43649.6 zmax=43649.8
Checking overlaps for volume wedge_window:0 (G4Box) ... OK! 
BLCMDbox::Construct wedge_window parent= relZ=43850.3 globZ=43850.3
	zmin=43850.2 zmax=43850.4
Checking overlaps for volume wedge_window:0 (G4Box) ... OK! 
BLCMDbox::Construct wedge_window parent= relZ=44899.7 globZ=44899.7
	zmin=44899.6 zmax=44899.8
Checking overlaps for volume wedge_window:0 (G4Box) ... OK! 
BLCMDbox::Construct wedge_window parent= relZ=45100.3 globZ=45100.3
	zmin=45100.2 zmax=45100.4
Checking overlaps for volume wedge_window:0 (G4Box) ... OK! 
BLCMDbox::Construct wedge_window parent= relZ=46149.7 globZ=46149.7
	zmin=46149.6 zmax=46149.8
Checking overlaps for volume wedge_window:0 (G4Box) ... OK! 
BLCMDbox::Construct wedge_window parent= relZ=46350.3 globZ=46350.3
	zmin=46350.2 zmax=46350.4
Checking overlaps for volume wedge_window:0 (G4Box) ... OK! 
BLCMDbox::Construct wedge_window parent= relZ=47399.7 globZ=47399.7
	zmin=47399.6 zmax=47399.8
Checking overlaps for volume wedge_window:0 (G4Box) ... OK! 
BLCMDbox::Construct wedge_window parent= relZ=47600.3 globZ=47600.3
	zmin=47600.2 zmax=47600.4
Checking overlaps for volume wedge_window:0 (G4Box) ... OK! 
BLCMDbox::Construct wedge_window parent= relZ=48649.7 globZ=48649.7
	zmin=48649.6 zmax=48649.8
Checking overlaps for volume wedge_window:0 (G4Box) ... OK! 
BLCMDbox::Construct wedge_window parent= relZ=48850.3 globZ=48850.3
	zmin=48850.2 zmax=48850.4
Checking overlaps for volume wedge_window:0 (G4Box) ... OK! 
BLCMDbox::Construct wedge_window parent= relZ=49899.7 globZ=49899.7
	zmin=49899.6 zmax=49899.8
Checking overlaps for volume wedge_window:0 (G4Box) ... OK! 
BLCMDbox::Construct wedge_window parent= relZ=50100.3 globZ=50100.3
	zmin=50100.2 zmax=50100.4
Checking overlaps for volume wedge_window:0 (G4Box) ... OK! 
BLCMDbox::Construct wedge_window parent= relZ=51149.7 globZ=51149.7
	zmin=51149.6 zmax=51149.8
Checking overlaps for volume wedge_window:0 (G4Box) ... OK! 
BLCMDbox::Construct wedge_window parent= relZ=51350.3 globZ=51350.3
	zmin=51350.2 zmax=51350.4
Checking overlaps for volume wedge_window:0 (G4Box) ... OK! 
BLCMDbox::Construct wedge_window parent= relZ=52399.7 globZ=52399.7
	zmin=52399.6 zmax=52399.8
Checking overlaps for volume wedge_window:0 (G4Box) ... OK! 
BLCMDbox::Construct wedge_window parent= relZ=52600.3 globZ=52600.3
	zmin=52600.2 zmax=52600.4
Checking overlaps for volume wedge_window:0 (G4Box) ... OK! 
BLCMDbox::Construct wedge_window parent= relZ=53649.7 globZ=53649.7
	zmin=53649.6 zmax=53649.8
Checking overlaps for volume wedge_window:0 (G4Box) ... OK! 
BLCMDbox::Construct wedge_window parent= relZ=53850.3 globZ=53850.3
	zmin=53850.2 zmax=53850.4
Checking overlaps for volume wedge_window:0 (G4Box) ... OK! 
BLCMDbox::Construct wedge_window parent= relZ=54899.7 globZ=54899.7
	zmin=54899.6 zmax=54899.8
Checking overlaps for volume wedge_window:0 (G4Box) ... OK! 
BLCMDbox::Construct wedge_window parent= relZ=55100.3 globZ=55100.3
	zmin=55100.2 zmax=55100.4
Checking overlaps for volume wedge_window:0 (G4Box) ... OK! 
BLCMDbox::Construct wedge_window parent= relZ=56149.7 globZ=56149.7
	zmin=56149.6 zmax=56149.8
Checking overlaps for volume wedge_window:0 (G4Box) ... OK! 
BLCMDbox::Construct wedge_window parent= relZ=56350.3 globZ=56350.3
	zmin=56350.2 zmax=56350.4
Checking overlaps for volume wedge_window:0 (G4Box) ... OK! 
BLCMDbox::Construct wedge_window parent= relZ=57399.7 globZ=57399.7
	zmin=57399.6 zmax=57399.8
Checking overlaps for volume wedge_window:0 (G4Box) ... OK! 
BLCMDbox::Construct wedge_window parent= relZ=57600.3 globZ=57600.3
	zmin=57600.2 zmax=57600.4
Checking overlaps for volume wedge_window:0 (G4Box) ... OK! 
BLCMDbox::Construct wedge_window parent= relZ=58649.7 globZ=58649.7
	zmin=58649.6 zmax=58649.8
Checking overlaps for volume wedge_window:0 (G4Box) ... OK! 
BLCMDbox::Construct wedge_window parent= relZ=58850.3 globZ=58850.3
	zmin=58850.2 zmax=58850.4
Checking overlaps for volume wedge_window:0 (G4Box) ... OK! 
BLCMDbox::Construct wedge_window parent= relZ=59899.7 globZ=59899.7
	zmin=59899.6 zmax=59899.8
Checking overlaps for volume wedge_window:0 (G4Box) ... OK! 
BLCMDbox::Construct wedge_window parent= relZ=60100.3 globZ=60100.3
	zmin=60100.2 zmax=60100.4
Checking overlaps for volume wedge_window:0 (G4Box) ... OK! 
BLCMDbox::Construct wedge_window parent= relZ=61149.7 globZ=61149.7
	zmin=61149.6 zmax=61149.8
Checking overlaps for volume wedge_window:0 (G4Box) ... OK! 
BLCMDbox::Construct wedge_window parent= relZ=61350.3 globZ=61350.3
	zmin=61350.2 zmax=61350.4
Checking overlaps for volume wedge_window:0 (G4Box) ... OK! 
BLCMDbox::Construct wedge_window parent= relZ=62399.7 globZ=62399.7
	zmin=62399.6 zmax=62399.8
Checking overlaps for volume wedge_window:0 (G4Box) ... OK! 
BLCMDbox::Construct wedge_window parent= relZ=62600.3 globZ=62600.3
	zmin=62600.2 zmax=62600.4
Checking overlaps for volume wedge_window:0 (G4Box) ... OK! 
BLCMDbox::Construct wedge_window parent= relZ=63649.7 globZ=63649.7
	zmin=63649.6 zmax=63649.8
Checking overlaps for volume wedge_window:0 (G4Box) ... OK! 
BLCMDbox::Construct wedge_window parent= relZ=63850.3 globZ=63850.3
	zmin=63850.2 zmax=63850.4
Checking overlaps for volume wedge_window:0 (G4Box) ... OK! 
BLCMDbox::Construct wedge_window parent= relZ=64899.7 globZ=64899.7
	zmin=64899.6 zmax=64899.8
Checking overlaps for volume wedge_window:0 (G4Box) ... OK! 
BLCMDbox::Construct wedge_window parent= relZ=65100.3 globZ=65100.3
	zmin=65100.2 zmax=65100.4
Checking overlaps for volume wedge_window:0 (G4Box) ... OK! 
BLCMDbox::Construct wedge_window parent= relZ=66149.7 globZ=66149.7
	zmin=66149.6 zmax=66149.8
Checking overlaps for volume wedge_window:0 (G4Box) ... OK! 
BLCMDbox::Construct wedge_window parent= relZ=66350.3 globZ=66350.3
	zmin=66350.2 zmax=66350.4
Checking overlaps for volume wedge_window:0 (G4Box) ... OK! 
BLCMDbox::Construct wedge_window parent= relZ=67399.7 globZ=67399.7
	zmin=67399.6 zmax=67399.8
Checking overlaps for volume wedge_window:0 (G4Box) ... OK! 
BLCMDbox::Construct wedge_window parent= relZ=67600.3 globZ=67600.3
	zmin=67600.2 zmax=67600.4
Checking overlaps for volume wedge_window:0 (G4Box) ... OK! 
BLCMDbox::Construct wedge_window parent= relZ=68649.7 globZ=68649.7
	zmin=68649.6 zmax=68649.8
Checking overlaps for volume wedge_window:0 (G4Box) ... OK! 
BLCMDbox::Construct wedge_window parent= relZ=68850.3 globZ=68850.3
	zmin=68850.2 zmax=68850.4
Checking overlaps for volume wedge_window:0 (G4Box) ... OK! 
BLCMDbox::Construct wedge_window parent= relZ=69899.7 globZ=69899.7
	zmin=69899.6 zmax=69899.8
Checking overlaps for volume wedge_window:0 (G4Box) ... OK! 
BLCMDbox::Construct wedge_window parent= relZ=70100.3 globZ=70100.3
	zmin=70100.2 zmax=70100.4
Checking overlaps for volume wedge_window:0 (G4Box) ... OK! 
BLCMDbox::Construct wedge_window parent= relZ=71149.7 globZ=71149.7
	zmin=71149.6 zmax=71149.8
Checking overlaps for volume wedge_window:0 (G4Box) ... OK! 
BLCMDbox::Construct wedge_window parent= relZ=71350.3 globZ=71350.3
	zmin=71350.2 zmax=71350.4
Checking overlaps for volume wedge_window:0 (G4Box) ... OK! 
BLCMDbox::Construct wedge_window parent= relZ=72399.7 globZ=72399.7
	zmin=72399.6 zmax=72399.8
Checking overlaps for volume wedge_window:0 (G4Box) ... OK! 
BLCMDbox::Construct wedge_window parent= relZ=72600.3 globZ=72600.3
	zmin=72600.2 zmax=72600.4
Checking overlaps for volume wedge_window:0 (G4Box) ... OK! 
BLCMDbox::Construct wedge_window parent= relZ=73649.7 globZ=73649.7
	zmin=73649.6 zmax=73649.8
Checking overlaps for volume wedge_window:0 (G4Box) ... OK! 
BLCMDbox::Construct wedge_window parent= relZ=73850.3 globZ=73850.3
	zmin=73850.2 zmax=73850.4
Checking overlaps for volume wedge_window:0 (G4Box) ... OK! 
BLCMDbox::Construct wedge_window parent= relZ=74899.7 globZ=74899.7
	zmin=74899.6 zmax=74899.8
Checking overlaps for volume wedge_window:0 (G4Box) ... OK! 
BLCMDbox::Construct wedge_window parent= relZ=75100.3 globZ=75100.3
	zmin=75100.2 zmax=75100.4
Checking overlaps for volume beamDet:0 (G4Tubs) ... OK! 
BLCMDvirtualdetector::Construct beamDet parent= relZ=76260.0 globZ=76260.0
### Adding tracking cuts for neutron  TimeCut(ns)= 10000  KinEnergyCut(MeV)= 0

Geometry test nPoints=100 tolerance=0.002 mm:
Testing geometry for children of group 'World':
Total geometry errors = 0  1 seconds

================= Prepare Tune Particle(s) ===========
================= Begin Tune Particle(s) =============
***  Tune and Reference Particles ignore E fields.
***  Tune and Reference Particles ignore B fields.
***  Tune and Reference Particles ignore Energy loss.
**************************************************************************
*** G4Exception: EM Field Extends Outside World
***    severity: Warning
***   issued by: BLGlobalField
*** description: May give inaccurate tracking near world boundary.
***     EventID: -2     TrackID: 1   mu+  KE=123.2 MeV
**************************************************************************
fieldVoxels: nx=12 ny=12 nz=403, 58032 voxels, 813 fields
fieldVoxels: max field count is 13 fields, # voxels >5: 56524, >10: 2272, >20: 0
**************************************************************************
*** G4Exception: Check number of field voxels
***    severity: Warning
***   issued by: BLGlobalField
*** description: nVoxels = 58032, max fields/voxel = 13
***     EventID: -2     TrackID: 1   mu+  KE=123.2 MeV
**************************************************************************
pillbox rf_c_0: Time OK  timeOffset=780.7106 ns, incremented to 780.7106 ns
pillbox rf_d_0: Time OK  timeOffset=781.5383 ns, incremented to 781.5383 ns
pillbox rf_e_0: Time OK  timeOffset=782.3659 ns, incremented to 782.3659 ns
pillbox rf_c_1: Time OK  timeOffset=785.4112 ns, incremented to 785.4112 ns
pillbox rf_d_1: Time OK  timeOffset=786.2388 ns, incremented to 786.2388 ns
pillbox rf_e_1: Time OK  timeOffset=787.0664 ns, incremented to 787.0664 ns
pillbox rf_c_2: Time OK  timeOffset=790.1117 ns, incremented to 790.1117 ns
pillbox rf_d_2: Time OK  timeOffset=790.9393 ns, incremented to 790.9393 ns
pillbox rf_e_2: Time OK  timeOffset=791.7669 ns, incremented to 791.7669 ns
pillbox rf_c_3: Time OK  timeOffset=794.8122 ns, incremented to 794.8122 ns
pillbox rf_d_3: Time OK  timeOffset=795.6398 ns, incremented to 795.6398 ns
pillbox rf_e_3: Time OK  timeOffset=796.4674 ns, incremented to 796.4674 ns
pillbox rf_c_4: Time OK  timeOffset=799.5127 ns, incremented to 799.5127 ns
pillbox rf_d_4: Time OK  timeOffset=800.3403 ns, incremented to 800.3403 ns
pillbox rf_e_4: Time OK  timeOffset=801.1680 ns, incremented to 801.1680 ns
pillbox rf_c_5: Time OK  timeOffset=804.2132 ns, incremented to 804.2132 ns
pillbox rf_d_5: Time OK  timeOffset=805.0409 ns, incremented to 805.0409 ns
pillbox rf_e_5: Time OK  timeOffset=805.8685 ns, incremented to 805.8685 ns
pillbox rf_c_6: Time OK  timeOffset=808.9137 ns, incremented to 808.9137 ns
pillbox rf_d_6: Time OK  timeOffset=809.7414 ns, incremented to 809.7414 ns
pillbox rf_e_6: Time OK  timeOffset=810.5690 ns, incremented to 810.5690 ns
pillbox rf_c_7: Time OK  timeOffset=813.6143 ns, incremented to 813.6143 ns
pillbox rf_d_7: Time OK  timeOffset=814.4419 ns, incremented to 814.4419 ns
pillbox rf_e_7: Time OK  timeOffset=815.2695 ns, incremented to 815.2695 ns
pillbox rf_c_8: Time OK  timeOffset=818.3148 ns, incremented to 818.3148 ns
pillbox rf_d_8: Time OK  timeOffset=819.1424 ns, incremented to 819.1424 ns
pillbox rf_e_8: Time OK  timeOffset=819.9700 ns, incremented to 819.9700 ns
pillbox rf_c_9: Time OK  timeOffset=823.0153 ns, incremented to 823.0153 ns
pillbox rf_d_9: Time OK  timeOffset=823.8429 ns, incremented to 823.8429 ns
pillbox rf_e_9: Time OK  timeOffset=824.6706 ns, incremented to 824.6706 ns
pillbox rf_c_10: Time OK  timeOffset=827.7158 ns, incremented to 827.7158 ns
pillbox rf_d_10: Time OK  timeOffset=828.5434 ns, incremented to 828.5434 ns
pillbox rf_e_10: Time OK  timeOffset=829.3711 ns, incremented to 829.3711 ns
pillbox rf_c_11: Time OK  timeOffset=832.4163 ns, incremented to 832.4163 ns
pillbox rf_d_11: Time OK  timeOffset=833.2440 ns, incremented to 833.2440 ns
pillbox rf_e_11: Time OK  timeOffset=834.0716 ns, incremented to 834.0716 ns
pillbox rf_c_12: Time OK  timeOffset=837.1168 ns, incremented to 837.1168 ns
pillbox rf_d_12: Time OK  timeOffset=837.9445 ns, incremented to 837.9445 ns
pillbox rf_e_12: Time OK  timeOffset=838.7721 ns, incremented to 838.7721 ns
pillbox rf_c_13: Time OK  timeOffset=841.8174 ns, incremented to 841.8174 ns
pillbox rf_d_13: Time OK  timeOffset=842.6450 ns, incremented to 842.6450 ns
pillbox rf_e_13: Time OK  timeOffset=843.4726 ns, incremented to 843.4726 ns
pillbox rf_c_14: Time OK  timeOffset=846.5179 ns, incremented to 846.5179 ns
pillbox rf_d_14: Time OK  timeOffset=847.3455 ns, incremented to 847.3455 ns
pillbox rf_e_14: Time OK  timeOffset=848.1731 ns, incremented to 848.1731 ns
pillbox rf_c_15: Time OK  timeOffset=851.2184 ns, incremented to 851.2184 ns
pillbox rf_d_15: Time OK  timeOffset=852.0460 ns, incremented to 852.0460 ns
pillbox rf_e_15: Time OK  timeOffset=852.8737 ns, incremented to 852.8737 ns
pillbox rf_c_16: Time OK  timeOffset=855.9189 ns, incremented to 855.9189 ns
pillbox rf_d_16: Time OK  timeOffset=856.7466 ns, incremented to 856.7466 ns
pillbox rf_e_16: Time OK  timeOffset=857.5742 ns, incremented to 857.5742 ns
pillbox rf_c_17: Time OK  timeOffset=860.6194 ns, incremented to 860.6194 ns
pillbox rf_d_17: Time OK  timeOffset=861.4471 ns, incremented to 861.4471 ns
pillbox rf_e_17: Time OK  timeOffset=862.2747 ns, incremented to 862.2747 ns
pillbox rf_c_18: Time OK  timeOffset=865.3200 ns, incremented to 865.3200 ns
pillbox rf_d_18: Time OK  timeOffset=866.1476 ns, incremented to 866.1476 ns
pillbox rf_e_18: Time OK  timeOffset=866.9752 ns, incremented to 866.9752 ns
pillbox rf_c_19: Time OK  timeOffset=870.0205 ns, incremented to 870.0205 ns
pillbox rf_d_19: Time OK  timeOffset=870.8481 ns, incremented to 870.8481 ns
pillbox rf_e_19: Time OK  timeOffset=871.6757 ns, incremented to 871.6757 ns
pillbox rf_c_20: Time OK  timeOffset=874.7210 ns, incremented to 874.7210 ns
pillbox rf_d_20: Time OK  timeOffset=875.5486 ns, incremented to 875.5486 ns
pillbox rf_e_20: Time OK  timeOffset=876.3763 ns, incremented to 876.3763 ns
pillbox rf_c_21: Time OK  timeOffset=879.4215 ns, incremented to 879.4215 ns
pillbox rf_d_21: Time OK  timeOffset=880.2491 ns, incremented to 880.2491 ns
pillbox rf_e_21: Time OK  timeOffset=881.0768 ns, incremented to 881.0768 ns
pillbox rf_c_22: Time OK  timeOffset=884.1220 ns, incremented to 884.1220 ns
pillbox rf_d_22: Time OK  timeOffset=884.9497 ns, incremented to 884.9497 ns
pillbox rf_e_22: Time OK  timeOffset=885.7773 ns, incremented to 885.7773 ns
pillbox rf_c_23: Time OK  timeOffset=888.8225 ns, incremented to 888.8225 ns
pillbox rf_d_23: Time OK  timeOffset=889.6502 ns, incremented to 889.6502 ns
pillbox rf_e_23: Time OK  timeOffset=890.4778 ns, incremented to 890.4778 ns
pillbox rf_c_24: Time OK  timeOffset=893.5231 ns, incremented to 893.5231 ns
pillbox rf_d_24: Time OK  timeOffset=894.3507 ns, incremented to 894.3507 ns
pillbox rf_e_24: Time OK  timeOffset=895.1783 ns, incremented to 895.1783 ns
pillbox rf_c_25: Time OK  timeOffset=898.2236 ns, incremented to 898.2236 ns
pillbox rf_d_25: Time OK  timeOffset=899.0512 ns, incremented to 899.0512 ns
pillbox rf_e_25: Time OK  timeOffset=899.8788 ns, incremented to 899.8788 ns
pillbox rf_c_26: Time OK  timeOffset=902.9241 ns, incremented to 902.9241 ns
pillbox rf_d_26: Time OK  timeOffset=903.7517 ns, incremented to 903.7517 ns
pillbox rf_e_26: Time OK  timeOffset=904.5794 ns, incremented to 904.5794 ns
pillbox rf_c_27: Time OK  timeOffset=907.6246 ns, incremented to 907.6246 ns
pillbox rf_d_27: Time OK  timeOffset=908.4522 ns, incremented to 908.4522 ns
pillbox rf_e_27: Time OK  timeOffset=909.2799 ns, incremented to 909.2799 ns
pillbox rf_c_28: Time OK  timeOffset=912.3251 ns, incremented to 912.3251 ns
pillbox rf_d_28: Time OK  timeOffset=913.1528 ns, incremented to 913.1528 ns
pillbox rf_e_28: Time OK  timeOffset=913.9804 ns, incremented to 913.9804 ns
pillbox rf_c_29: Time OK  timeOffset=917.0257 ns, incremented to 917.0257 ns
pillbox rf_d_29: Time OK  timeOffset=917.8533 ns, incremented to 917.8533 ns
pillbox rf_e_29: Time OK  timeOffset=918.6809 ns, incremented to 918.6809 ns
pillbox rf_c_30: Time OK  timeOffset=921.7262 ns, incremented to 921.7262 ns
pillbox rf_d_30: Time OK  timeOffset=922.5538 ns, incremented to 922.5538 ns
pillbox rf_e_30: Time OK  timeOffset=923.3814 ns, incremented to 923.3814 ns
pillbox rf_c_31: Time OK  timeOffset=926.4267 ns, incremented to 926.4267 ns
pillbox rf_d_31: Time OK  timeOffset=927.2543 ns, incremented to 927.2543 ns
pillbox rf_e_31: Time OK  timeOffset=928.0820 ns, incremented to 928.0820 ns
pillbox rf_c_32: Time OK  timeOffset=931.1272 ns, incremented to 931.1272 ns
pillbox rf_d_32: Time OK  timeOffset=931.9548 ns, incremented to 931.9548 ns
pillbox rf_e_32: Time OK  timeOffset=932.7825 ns, incremented to 932.7825 ns
pillbox rf_c_33: Time OK  timeOffset=935.8277 ns, incremented to 935.8277 ns
pillbox rf_d_33: Time OK  timeOffset=936.6554 ns, incremented to 936.6554 ns
pillbox rf_e_33: Time OK  timeOffset=937.4830 ns, incremented to 937.4830 ns
pillbox rf_c_34: Time OK  timeOffset=940.5282 ns, incremented to 940.5282 ns
pillbox rf_d_34: Time OK  timeOffset=941.3559 ns, incremented to 941.3559 ns
pillbox rf_e_34: Time OK  timeOffset=942.1835 ns, incremented to 942.1835 ns
pillbox rf_c_35: Time OK  timeOffset=945.2288 ns, incremented to 945.2288 ns
pillbox rf_d_35: Time OK  timeOffset=946.0564 ns, incremented to 946.0564 ns
pillbox rf_e_35: Time OK  timeOffset=946.8840 ns, incremented to 946.8840 ns
pillbox rf_c_36: Time OK  timeOffset=949.9293 ns, incremented to 949.9293 ns
pillbox rf_d_36: Time OK  timeOffset=950.7569 ns, incremented to 950.7569 ns
pillbox rf_e_36: Time OK  timeOffset=951.5845 ns, incremented to 951.5845 ns
pillbox rf_c_37: Time OK  timeOffset=954.6298 ns, incremented to 954.6298 ns
pillbox rf_d_37: Time OK  timeOffset=955.4574 ns, incremented to 955.4574 ns
pillbox rf_e_37: Time OK  timeOffset=956.2851 ns, incremented to 956.2851 ns
pillbox rf_c_38: Time OK  timeOffset=959.3303 ns, incremented to 959.3303 ns
pillbox rf_d_38: Time OK  timeOffset=960.1579 ns, incremented to 960.1579 ns
pillbox rf_e_38: Time OK  timeOffset=960.9856 ns, incremented to 960.9856 ns
pillbox rf_c_39: Time OK  timeOffset=964.0308 ns, incremented to 964.0308 ns
pillbox rf_d_39: Time OK  timeOffset=964.8585 ns, incremented to 964.8585 ns
pillbox rf_e_39: Time OK  timeOffset=965.6861 ns, incremented to 965.6861 ns
pillbox rf_c_40: Time OK  timeOffset=968.7314 ns, incremented to 968.7314 ns
pillbox rf_d_40: Time OK  timeOffset=969.5590 ns, incremented to 969.5590 ns
pillbox rf_e_40: Time OK  timeOffset=970.3866 ns, incremented to 970.3866 ns
pillbox rf_c_41: Time OK  timeOffset=973.4319 ns, incremented to 973.4319 ns
pillbox rf_d_41: Time OK  timeOffset=974.2595 ns, incremented to 974.2595 ns
pillbox rf_e_41: Time OK  timeOffset=975.0871 ns, incremented to 975.0871 ns
pillbox rf_c_42: Time OK  timeOffset=978.1324 ns, incremented to 978.1324 ns
pillbox rf_d_42: Time OK  timeOffset=978.9600 ns, incremented to 978.9600 ns
pillbox rf_e_42: Time OK  timeOffset=979.7876 ns, incremented to 979.7876 ns
pillbox rf_c_43: Time OK  timeOffset=982.8329 ns, incremented to 982.8329 ns
pillbox rf_d_43: Time OK  timeOffset=983.6605 ns, incremented to 983.6605 ns
pillbox rf_e_43: Time OK  timeOffset=984.4882 ns, incremented to 984.4882 ns
pillbox rf_c_44: Time OK  timeOffset=987.5334 ns, incremented to 987.5334 ns
pillbox rf_d_44: Time OK  timeOffset=988.3611 ns, incremented to 988.3611 ns
pillbox rf_e_44: Time OK  timeOffset=989.1887 ns, incremented to 989.1887 ns
pillbox rf_c_45: Time OK  timeOffset=992.2339 ns, incremented to 992.2339 ns
pillbox rf_d_45: Time OK  timeOffset=993.0616 ns, incremented to 993.0616 ns
pillbox rf_e_45: Time OK  timeOffset=993.8892 ns, incremented to 993.8892 ns
pillbox rf_c_46: Time OK  timeOffset=996.9345 ns, incremented to 996.9345 ns
pillbox rf_d_46: Time OK  timeOffset=997.7621 ns, incremented to 997.7621 ns
pillbox rf_e_46: Time OK  timeOffset=998.5897 ns, incremented to 998.5897 ns
pillbox rf_c_47: Time OK  timeOffset=1001.6350 ns, incremented to 1001.6350 ns
pillbox rf_d_47: Time OK  timeOffset=1002.4626 ns, incremented to 1002.4626 ns
pillbox rf_e_47: Time OK  timeOffset=1003.2902 ns, incremented to 1003.2902 ns
pillbox rf_c_48: Time OK  timeOffset=1006.3355 ns, incremented to 1006.3355 ns
pillbox rf_d_48: Time OK  timeOffset=1007.1631 ns, incremented to 1007.1631 ns
pillbox rf_e_48: Time OK  timeOffset=1007.9908 ns, incremented to 1007.9908 ns
pillbox rf_c_49: Time OK  timeOffset=1011.0360 ns, incremented to 1011.0360 ns
pillbox rf_d_49: Time OK  timeOffset=1011.8636 ns, incremented to 1011.8636 ns
pillbox rf_e_49: Time OK  timeOffset=1012.6913 ns, incremented to 1012.6913 ns
pillbox rf_c_50: Time OK  timeOffset=1015.7365 ns, incremented to 1015.7365 ns
pillbox rf_d_50: Time OK  timeOffset=1016.5642 ns, incremented to 1016.5642 ns
pillbox rf_e_50: Time OK  timeOffset=1017.3918 ns, incremented to 1017.3918 ns
pillbox rf_c_51: Time OK  timeOffset=1020.4371 ns, incremented to 1020.4371 ns
pillbox rf_d_51: Time OK  timeOffset=1021.2647 ns, incremented to 1021.2647 ns
pillbox rf_e_51: Time OK  timeOffset=1022.0923 ns, incremented to 1022.0923 ns
pillbox rf_c_52: Time OK  timeOffset=1025.1376 ns, incremented to 1025.1376 ns
pillbox rf_d_52: Time OK  timeOffset=1025.9652 ns, incremented to 1025.9652 ns
pillbox rf_e_52: Time OK  timeOffset=1026.7928 ns, incremented to 1026.7928 ns
pillbox rf_c_53: Time OK  timeOffset=1029.8381 ns, incremented to 1029.8381 ns
pillbox rf_d_53: Time OK  timeOffset=1030.6657 ns, incremented to 1030.6657 ns
pillbox rf_e_53: Time OK  timeOffset=1031.4933 ns, incremented to 1031.4933 ns
pillbox rf_c_54: Time OK  timeOffset=1034.5386 ns, incremented to 1034.5386 ns
pillbox rf_d_54: Time OK  timeOffset=1035.3662 ns, incremented to 1035.3662 ns
pillbox rf_e_54: Time OK  timeOffset=1036.1939 ns, incremented to 1036.1939 ns
pillbox rf_c_55: Time OK  timeOffset=1039.2391 ns, incremented to 1039.2391 ns
pillbox rf_d_55: Time OK  timeOffset=1040.0668 ns, incremented to 1040.0668 ns
pillbox rf_e_55: Time OK  timeOffset=1040.8944 ns, incremented to 1040.8944 ns
pillbox rf_c_56: Time OK  timeOffset=1043.9396 ns, incremented to 1043.9396 ns
pillbox rf_d_56: Time OK  timeOffset=1044.7673 ns, incremented to 1044.7673 ns
pillbox rf_e_56: Time OK  timeOffset=1045.5949 ns, incremented to 1045.5949 ns
pillbox rf_c_57: Time OK  timeOffset=1048.6402 ns, incremented to 1048.6402 ns
pillbox rf_d_57: Time OK  timeOffset=1049.4678 ns, incremented to 1049.4678 ns
pillbox rf_e_57: Time OK  timeOffset=1050.2954 ns, incremented to 1050.2954 ns
pillbox rf_c_58: Time OK  timeOffset=1053.3407 ns, incremented to 1053.3407 ns
pillbox rf_d_58: Time OK  timeOffset=1054.1683 ns, incremented to 1054.1683 ns
pillbox rf_e_58: Time OK  timeOffset=1054.9959 ns, incremented to 1054.9959 ns
pillbox rf_c_59: Time OK  timeOffset=1058.0412 ns, incremented to 1058.0412 ns
pillbox rf_d_59: Time OK  timeOffset=1058.8688 ns, incremented to 1058.8688 ns
pillbox rf_e_59: Time OK  timeOffset=1059.6965 ns, incremented to 1059.6965 ns
pillbox rf_c_60: Time OK  timeOffset=1062.7417 ns, incremented to 1062.7417 ns
pillbox rf_d_60: Time OK  timeOffset=1063.5693 ns, incremented to 1063.5693 ns
pillbox rf_e_60: Time OK  timeOffset=1064.3970 ns, incremented to 1064.3970 ns
Run complete  1 Events  0 seconds
================== Begin Reference Particle(s) ===============
***  Tune and Reference Particles ignore E fields.
***  Tune and Reference Particles ignore B fields.
***  Tune and Reference Particles ignore Energy loss.
Run complete  1 Events  0 seconds
================== Prepare Tracking Beam ==================
Stochastic processes are enabled.
================== Begin Tracking Beam ===============
Event 1 Completed  1 events  realTime=1 sec  1.0 ev/sec
Event 2 Completed  2 events  realTime=1 sec  2.0 ev/sec
Event 3 Completed  3 events  realTime=1 sec  3.0 ev/sec
Event 4 Completed  4 events  realTime=1 sec  4.0 ev/sec
Event 5 Completed  5 events  realTime=1 sec  5.0 ev/sec
Event 6 Completed  6 events  realTime=1 sec  6.0 ev/sec
Event 7 Completed  7 events  realTime=1 sec  7.0 ev/sec
Event 8 Completed  8 events  realTime=1 sec  8.0 ev/sec
Event 9 Completed  9 events  realTime=1 sec  9.0 ev/sec
Event 10 Completed  10 events  realTime=1 sec  10.0 ev/sec
Event 20 Completed  20 events  realTime=2 sec  10.0 ev/sec
Event 30 Completed  30 events  realTime=2 sec  15.0 ev/sec
Event 40 Completed  40 events  realTime=3 sec  13.3 ev/sec
Event 50 Completed  50 events  realTime=4 sec  12.5 ev/sec
Event 60 Completed  60 events  realTime=5 sec  12.0 ev/sec
Event 70 Completed  70 events  realTime=6 sec  11.7 ev/sec
Event 80 Completed  80 events  realTime=7 sec  11.4 ev/sec
Event 90 Completed  90 events  realTime=7 sec  12.9 ev/sec
Event 100 Completed  100 events  realTime=8 sec  12.5 ev/sec
Event 200 Completed  200 events  realTime=16 sec  12.5 ev/sec
Run complete  200 Events  16 seconds
NTuple beamDet              174 entries
NTuple TuneParticle        1776 entries
NTuple ReferenceParticle     1776 entries
NTuple Ev1Trk1             1257 entries
FOR009.DAT Region 1 z=0.0  201 tracks,  0 unsupported particles ignored
FOR009.DAT Region 2 z=1250.0  201 tracks,  0 unsupported particles ignored
FOR009.DAT Region 3 z=2500.0  200 tracks,  0 unsupported particles ignored
FOR009.DAT Region 4 z=3750.0  199 tracks,  0 unsupported particles ignored
FOR009.DAT Region 5 z=5000.0  196 tracks,  0 unsupported particles ignored
FOR009.DAT Region 6 z=6250.0  196 tracks,  0 unsupported particles ignored
FOR009.DAT Region 7 z=7500.0  196 tracks,  0 unsupported particles ignored
FOR009.DAT Region 8 z=8750.0  196 tracks,  0 unsupported particles ignored
FOR009.DAT Region 9 z=10000.0  196 tracks,  0 unsupported particles ignored
FOR009.DAT Region 10 z=11250.0  196 tracks,  0 unsupported particles ignored
FOR009.DAT Region 11 z=12500.0  195 tracks,  0 unsupported particles ignored
FOR009.DAT Region 12 z=13750.0  195 tracks,  0 unsupported particles ignored
FOR009.DAT Region 13 z=15000.0  195 tracks,  0 unsupported particles ignored
FOR009.DAT Region 14 z=16250.0  192 tracks,  0 unsupported particles ignored
FOR009.DAT Region 15 z=17500.0  192 tracks,  0 unsupported particles ignored
FOR009.DAT Region 16 z=18750.0  192 tracks,  0 unsupported particles ignored
FOR009.DAT Region 17 z=20000.0  192 tracks,  0 unsupported particles ignored
FOR009.DAT Region 18 z=21250.0  191 tracks,  0 unsupported particles ignored
FOR009.DAT Region 19 z=22500.0  190 tracks,  0 unsupported particles ignored
FOR009.DAT Region 20 z=23750.0  190 tracks,  0 unsupported particles ignored
FOR009.DAT Region 21 z=25000.0  190 tracks,  0 unsupported particles ignored
FOR009.DAT Region 22 z=26250.0  190 tracks,  0 unsupported particles ignored
FOR009.DAT Region 23 z=27500.0  189 tracks,  0 unsupported particles ignored
FOR009.DAT Region 24 z=28750.0  189 tracks,  0 unsupported particles ignored
FOR009.DAT Region 25 z=30000.0  189 tracks,  0 unsupported particles ignored
FOR009.DAT Region 26 z=31250.0  189 tracks,  0 unsupported particles ignored
FOR009.DAT Region 27 z=32500.0  188 tracks,  0 unsupported particles ignored
FOR009.DAT Region 28 z=33750.0  188 tracks,  0 unsupported particles ignored
FOR009.DAT Region 29 z=35000.0  188 tracks,  0 unsupported particles ignored
FOR009.DAT Region 30 z=36250.0  188 tracks,  0 unsupported particles ignored
FOR009.DAT Region 31 z=37500.0  188 tracks,  0 unsupported particles ignored
FOR009.DAT Region 32 z=38750.0  187 tracks,  0 unsupported particles ignored
FOR009.DAT Region 33 z=40000.0  186 tracks,  0 unsupported particles ignored
FOR009.DAT Region 34 z=41250.0  185 tracks,  0 unsupported particles ignored
FOR009.DAT Region 35 z=42500.0  185 tracks,  0 unsupported particles ignored
FOR009.DAT Region 36 z=43750.0  185 tracks,  0 unsupported particles ignored
FOR009.DAT Region 37 z=45000.0  185 tracks,  0 unsupported particles ignored
FOR009.DAT Region 38 z=46250.0  185 tracks,  0 unsupported particles ignored
FOR009.DAT Region 39 z=47500.0  184 tracks,  0 unsupported particles ignored
FOR009.DAT Region 40 z=48750.0  184 tracks,  0 unsupported particles ignored
FOR009.DAT Region 41 z=50000.0  183 tracks,  0 unsupported particles ignored
FOR009.DAT Region 42 z=51250.0  182 tracks,  0 unsupported particles ignored
FOR009.DAT Region 43 z=52500.0  180 tracks,  0 unsupported particles ignored
FOR009.DAT Region 44 z=53750.0  180 tracks,  0 unsupported particles ignored
FOR009.DAT Region 45 z=55000.0  179 tracks,  0 unsupported particles ignored
FOR009.DAT Region 46 z=56250.0  179 tracks,  0 unsupported particles ignored
FOR009.DAT Region 47 z=57500.0  179 tracks,  0 unsupported particles ignored
FOR009.DAT Region 48 z=58750.0  179 tracks,  0 unsupported particles ignored
FOR009.DAT Region 49 z=60000.0  179 tracks,  0 unsupported particles ignored
FOR009.DAT Region 50 z=61250.0  179 tracks,  0 unsupported particles ignored
FOR009.DAT Region 51 z=62500.0  179 tracks,  0 unsupported particles ignored
FOR009.DAT Region 52 z=63750.0  176 tracks,  0 unsupported particles ignored
FOR009.DAT Region 53 z=65000.0  176 tracks,  0 unsupported particles ignored
FOR009.DAT Region 54 z=66250.0  176 tracks,  0 unsupported particles ignored
FOR009.DAT Region 55 z=67500.0  176 tracks,  0 unsupported particles ignored
FOR009.DAT Region 56 z=68750.0  176 tracks,  0 unsupported particles ignored
FOR009.DAT Region 57 z=70000.0  176 tracks,  0 unsupported particles ignored
FOR009.DAT Region 58 z=71250.0  176 tracks,  0 unsupported particles ignored
FOR009.DAT Region 59 z=72500.0  175 tracks,  0 unsupported particles ignored
FOR009.DAT Region 60 z=73750.0  175 tracks,  0 unsupported particles ignored
FOR009.DAT Region 61 z=75000.0  175 tracks,  0 unsupported particles ignored
NTuple wrote Root File 'g4beamline.root'

Exceptions: 0 Fatal, 0 Events Aborted, 0 Stuck Tracks (stopped), 2 Warnings
      1 times: Check number of field voxels
      1 times: EM Field Extends Outside World
g4beamline: simulation complete
