#BLTrackFile solenoid_cooling_channel
#x y z Px Py Pz t PDGid EvNum TrkId Parent weight
-1.796110 -2.351410 0 0.000000 0.000000 203.000000 1372.280000 -13 1 1 0 1.000000
-0.818618 -5.122540 0 3.587210 0.322862 200.244000 1372.320000 -13 2 1 0 1.000000
-6.868300 2.559270 0 -9.490580 14.048100 221.804000 1372.360000 -13 3 1 0 1.000000
-3.425780 -5.457560 0 2.050500 21.403200 216.708000 1372.270000 -13 4 1 0 1.000000
0.222623 -3.350090 0 -1.741050 7.790070 214.471000 1372.270000 -13 5 1 0 1.000000
2.330750 -10.042000 0 -6.693200 -6.506720 207.775000 1372.290000 -13 6 1 0 1.000000
-0.009079 8.969680 0 -13.393700 14.023000 216.487000 1372.220000 -13 7 1 0 1.000000
1.152950 -2.975750 0 19.719000 6.545640 198.931000 1372.290000 -13 8 1 0 1.000000
-6.920320 -4.257160 0 12.679700 -0.571255 190.915000 1372.160000 -13 9 1 0 1.000000
-4.161090 5.520910 0 -14.854000 13.655500 213.704000 1372.110000 -13 10 1 0 1.000000
1.706310 -0.109229 0 -0.749110 -16.185600 190.025000 1372.310000 -13 11 1 0 1.000000
-5.061740 4.508780 0 1.184960 4.921070 220.382000 1372.210000 -13 12 1 0 1.000000
-10.101600 -3.356170 0 1.181880 -1.752970 215.392000 1372.330000 -13 13 1 0 1.000000
4.903740 -7.030720 0 -1.194780 1.931380 203.835000 1372.380000 -13 14 1 0 1.000000
0.979818 -7.907600 0 19.570400 -12.391700 206.092000 1372.390000 -13 15 1 0 1.000000
-2.647490 -4.397600 0 -4.338840 6.296540 185.382000 1372.250000 -13 16 1 0 1.000000
-2.628350 -3.017560 0 -7.520000 -9.434460 203.727000 1372.150000 -13 17 1 0 1.000000
-2.659250 1.665000 0 4.770610 6.245310 188.492000 1372.360000 -13 18 1 0 1.000000
-9.555170 -9.417780 0 -7.218450 -3.244710 195.930000 1372.280000 -13 19 1 0 1.000000
-2.227930 4.587320 0 -6.172580 -7.310240 202.824000 1372.270000 -13 20 1 0 1.000000
0.618109 1.038510 0 -24.216600 -16.201400 209.029000 1372.190000 -13 21 1 0 1.000000
2.167930 -10.193800 0 4.537530 -11.078700 214.256000 1372.230000 -13 22 1 0 1.000000
0.319160 -5.222000 0 -7.011530 -8.609900 200.284000 1372.200000 -13 23 1 0 1.000000
-3.994180 -3.534470 0 22.453900 -4.203890 212.408000 1372.390000 -13 24 1 0 1.000000
-4.150210 -4.270600 0 2.719920 2.857940 187.136000 1372.250000 -13 25 1 0 1.000000
-1.357550 5.141900 0 -19.370400 -20.413300 201.433000 1372.160000 -13 26 1 0 1.000000
-2.925860 -0.435167 0 3.797340 -32.607700 226.662000 1372.340000 -13 27 1 0 1.000000
-3.862370 -2.926580 0 -2.704830 -8.171670 198.203000 1372.320000 -13 28 1 0 1.000000
-10.118300 -7.073780 0 -10.545000 -1.477280 213.212000 1372.150000 -13 29 1 0 1.000000
0.945275 -10.333900 0 1.360760 -42.495300 220.544000 1372.200000 -13 30 1 0 1.000000
-6.574330 -2.456180 0 0.276704 -19.641300 224.259000 1372.360000 -13 31 1 0 1.000000
-1.474780 -2.616900 0 3.771970 11.621800 200.882000 1372.240000 -13 32 1 0 1.000000
-5.857440 -6.931660 0 -1.386510 7.148570 193.748000 1372.090000 -13 33 1 0 1.000000
-0.753345 -9.839080 0 11.785300 -26.138700 211.595000 1372.420000 -13 34 1 0 1.000000
-3.426190 -5.245220 0 -14.988800 4.886480 196.712000 1372.080000 -13 35 1 0 1.000000
-2.787830 -5.410410 0 -0.104637 15.355100 206.188000 1372.510000 -13 36 1 0 1.000000
-4.101510 5.942180 0 2.350290 0.379128 219.252000 1372.230000 -13 37 1 0 1.000000
-0.937679 -5.464290 0 1.512390 -7.664640 199.489000 1372.300000 -13 38 1 0 1.000000
-6.395010 2.426770 0 -6.127200 6.085410 211.564000 1372.360000 -13 39 1 0 1.000000
0.542433 -8.570650 0 -2.406430 5.304120 202.028000 1372.430000 -13 40 1 0 1.000000
-2.088360 -4.700950 0 9.355130 -17.240300 215.775000 1372.380000 -13 41 1 0 1.000000
-1.004750 2.277090 0 -26.573000 -10.217700 217.992000 1372.220000 -13 42 1 0 1.000000
1.437440 -0.971638 0 -15.574800 22.758700 184.168000 1372.290000 -13 43 1 0 1.000000
-4.521670 -3.878100 0 -6.129400 12.249500 209.523000 1372.390000 -13 44 1 0 1.000000
0.830025 2.020660 0 -10.709600 -1.929340 193.391000 1372.300000 -13 45 1 0 1.000000
-4.052100 4.079840 0 15.377600 15.149000 208.444000 1372.260000 -13 46 1 0 1.000000
-9.965600 -4.026460 0 -6.049510 14.777800 206.039000 1372.220000 -13 47 1 0 1.000000
3.003070 0.093236 0 -15.288000 20.492400 195.754000 1372.260000 -13 48 1 0 1.000000
-0.942107 -4.203230 0 -5.707190 -1.076220 199.311000 1372.160000 -13 49 1 0 1.000000
1.633240 -0.627607 0 -10.437700 -1.817840 198.186000 1372.430000 -13 50 1 0 1.000000
6.823870 -8.145020 0 11.622300 -5.563290 191.755000 1372.320000 -13 51 1 0 1.000000
3.317160 2.739000 0 -31.055200 -24.031800 194.248000 1372.360000 -13 52 1 0 1.000000
-5.778420 -2.658230 0 -11.524800 14.011500 223.058000 1372.180000 -13 53 1 0 1.000000
-3.911230 -4.675230 0 3.553840 -20.607600 205.297000 1372.300000 -13 54 1 0 1.000000
-0.854789 -1.582680 0 -1.856750 -15.590100 198.100000 1372.300000 -13 55 1 0 1.000000
2.127470 -8.991510 0 -14.586000 7.906260 195.380000 1372.240000 -13 56 1 0 1.000000
-2.904680 -4.100400 0 -0.896928 16.334100 211.772000 1372.380000 -13 57 1 0 1.000000
-5.131660 4.173760 0 -6.157970 12.121500 207.562000 1372.340000 -13 58 1 0 1.000000
-1.930360 -4.449180 0 -2.488490 -1.182720 207.054000 1372.270000 -13 59 1 0 1.000000
-4.518320 -2.436990 0 8.972540 -11.269200 210.887000 1372.260000 -13 60 1 0 1.000000
-11.345200 -2.266160 0 -6.876640 -2.302220 200.832000 1372.450000 -13 61 1 0 1.000000
-10.931000 -1.324730 0 25.894300 -15.403300 206.965000 1372.180000 -13 62 1 0 1.000000
-3.611950 -3.048970 0 3.932500 10.152800 193.176000 1372.330000 -13 63 1 0 1.000000
1.746690 -10.026400 0 18.277400 24.008300 198.246000 1372.320000 -13 64 1 0 1.000000
-1.480380 -4.818120 0 18.579600 -24.649000 186.836000 1372.170000 -13 65 1 0 1.000000
-4.167030 -3.943090 0 -22.106800 5.072640 225.660000 1372.230000 -13 66 1 0 1.000000
-0.405377 2.586200 0 7.883520 14.585000 199.692000 1372.300000 -13 67 1 0 1.000000
4.898100 -0.449047 0 -0.353899 -3.466160 215.706000 1372.210000 -13 68 1 0 1.000000
-4.949020 0.380681 0 -5.051270 -8.117910 202.100000 1372.500000 -13 69 1 0 1.000000
-8.738140 5.920100 0 -4.419450 -5.987920 205.376000 1372.320000 -13 70 1 0 1.000000
-1.434810 -0.412622 0 3.068580 -16.744700 209.534000 1372.480000 -13 71 1 0 1.000000
-2.934450 1.791520 0 8.015810 -16.145100 200.631000 1372.380000 -13 72 1 0 1.000000
-1.963620 -6.056480 0 2.728350 -7.284230 206.330000 1372.350000 -13 73 1 0 1.000000
-6.520080 -3.798590 0 -5.921910 20.038500 213.914000 1372.230000 -13 74 1 0 1.000000
-10.218600 1.391720 0 -10.200400 -7.700590 196.325000 1372.380000 -13 75 1 0 1.000000
1.243950 1.579510 0 -8.240180 17.970400 201.471000 1372.290000 -13 76 1 0 1.000000
6.518670 -4.273560 0 12.018800 -3.960870 214.380000 1372.130000 -13 77 1 0 1.000000
1.375840 -4.102710 0 2.206760 12.764300 204.187000 1372.390000 -13 78 1 0 1.000000
-6.278500 2.769300 0 -17.746800 -3.943730 198.917000 1372.470000 -13 79 1 0 1.000000
4.669280 1.418210 0 38.369600 21.489100 218.244000 1372.230000 -13 80 1 0 1.000000
0.494317 0.945887 0 -6.447210 -4.203910 197.058000 1372.170000 -13 81 1 0 1.000000
-0.750622 -4.991340 0 21.802200 -27.490900 219.478000 1372.250000 -13 82 1 0 1.000000
-5.193910 -0.857490 0 11.835300 -18.042400 211.610000 1372.330000 -13 83 1 0 1.000000
2.523670 1.917490 0 -5.776690 8.544860 191.812000 1372.360000 -13 84 1 0 1.000000
0.265125 -4.001760 0 -5.877420 7.113620 213.487000 1372.310000 -13 85 1 0 1.000000
1.346440 -9.685270 0 -24.935000 3.933280 203.202000 1372.270000 -13 86 1 0 1.000000
0.488171 -4.078510 0 0.826704 -11.641700 213.818000 1372.280000 -13 87 1 0 1.000000
1.091560 -2.335260 0 -2.891100 -5.630120 204.026000 1372.280000 -13 88 1 0 1.000000
-3.376770 2.459000 0 8.168230 7.342500 204.231000 1372.030000 -13 89 1 0 1.000000
8.126610 1.339500 0 -6.642300 -11.939800 190.397000 1372.260000 -13 90 1 0 1.000000
3.212310 -5.490330 0 7.535310 -1.147010 208.422000 1372.360000 -13 91 1 0 1.000000
-3.294300 2.062570 0 0.554992 3.127140 209.198000 1372.270000 -13 92 1 0 1.000000
-8.820970 0.679690 0 9.638530 0.829611 206.625000 1372.430000 -13 93 1 0 1.000000
-8.289950 -0.086518 0 3.718580 -13.118300 213.693000 1372.300000 -13 94 1 0 1.000000
-2.863270 0.891957 0 -21.358600 19.763800 188.364000 1372.150000 -13 95 1 0 1.000000
-4.310610 5.639590 0 -8.317300 -8.344320 209.295000 1372.350000 -13 96 1 0 1.000000
-7.123410 2.651470 0 15.711300 -1.761380 189.015000 1372.220000 -13 97 1 0 1.000000
-0.076611 -3.383500 0 -10.272900 5.186620 190.903000 1372.260000 -13 98 1 0 1.000000
4.104950 -11.959900 0 4.971720 0.347232 210.053000 1372.150000 -13 99 1 0 1.000000
4.878930 -8.468670 0 12.332500 -7.772950 197.772000 1372.380000 -13 100 1 0 1.000000
-0.086308 -1.061190 0 -28.050800 -1.429790 198.398000 1372.420000 -13 101 1 0 1.000000
-1.093580 4.648620 0 -8.959660 13.971100 209.984000 1372.300000 -13 102 1 0 1.000000
-10.543700 -1.988200 0 -18.233200 -1.216790 212.640000 1372.370000 -13 103 1 0 1.000000
3.016450 -5.824500 0 -14.770500 10.806300 189.188000 1372.260000 -13 104 1 0 1.000000
-8.646960 -3.465360 0 6.704040 -0.722547 188.254000 1372.320000 -13 105 1 0 1.000000
-0.378255 -11.399000 0 14.510300 -0.128583 196.948000 1372.340000 -13 106 1 0 1.000000
-2.749360 3.721440 0 4.425300 14.684200 216.081000 1372.160000 -13 107 1 0 1.000000
-6.034110 -0.655043 0 11.783100 -17.440500 215.289000 1372.350000 -13 108 1 0 1.000000
-6.993040 -9.362980 0 12.740700 -26.046500 214.459000 1372.290000 -13 109 1 0 1.000000
-6.967190 -4.053030 0 -5.797790 -14.230700 205.312000 1372.370000 -13 110 1 0 1.000000
2.897680 -6.233390 0 -13.859000 10.945800 205.566000 1372.240000 -13 111 1 0 1.000000
5.639940 -3.787920 0 -18.044600 -4.030190 188.934000 1372.250000 -13 112 1 0 1.000000
-3.905900 -4.052810 0 -2.743850 9.028950 202.609000 1372.350000 -13 113 1 0 1.000000
2.060160 0.970688 0 31.542700 3.014650 230.570000 1372.200000 -13 114 1 0 1.000000
2.784390 3.735920 0 -0.724968 -8.417380 198.842000 1372.110000 -13 115 1 0 1.000000
4.065760 2.109500 0 -22.355600 -23.789900 188.759000 1372.380000 -13 116 1 0 1.000000
-5.672170 -3.436540 0 -4.521560 -12.400800 221.661000 1372.210000 -13 117 1 0 1.000000
-0.672377 0.606330 0 -10.308400 22.897400 212.150000 1372.320000 -13 118 1 0 1.000000
-1.499670 -2.310140 0 -2.375620 15.742300 214.881000 1372.300000 -13 119 1 0 1.000000
-3.772460 -2.253830 0 7.763710 0.079012 188.170000 1372.250000 -13 120 1 0 1.000000
0.324342 -6.417890 0 0.454653 5.039160 206.974000 1372.200000 -13 121 1 0 1.000000
-5.440530 -7.385240 0 -9.642260 -4.914840 190.866000 1372.310000 -13 122 1 0 1.000000
-1.142070 -2.630220 0 -5.890950 -2.037660 210.928000 1372.230000 -13 123 1 0 1.000000
5.326060 -2.787140 0 -4.259510 0.177496 213.583000 1372.100000 -13 124 1 0 1.000000
-2.438730 -1.199620 0 -14.040900 -11.312000 203.660000 1372.480000 -13 125 1 0 1.000000
-7.485660 0.423740 0 -1.239060 -6.263090 205.111000 1372.350000 -13 126 1 0 1.000000
-2.903980 -3.732830 0 -11.578800 -2.570090 193.677000 1372.350000 -13 127 1 0 1.000000
3.484080 -2.655550 0 4.273790 3.734360 214.866000 1372.320000 -13 128 1 0 1.000000
0.596992 0.078008 0 -6.503650 10.788600 195.088000 1372.320000 -13 129 1 0 1.000000
0.058859 4.002940 0 -1.756170 0.100864 206.151000 1372.260000 -13 130 1 0 1.000000
-4.080530 -3.267590 0 -10.518100 -1.549140 228.298000 1372.210000 -13 131 1 0 1.000000
-2.327000 -1.187940 0 8.463410 0.579185 207.439000 1372.290000 -13 132 1 0 1.000000
-6.476670 -2.685170 0 8.315140 7.842340 200.436000 1372.430000 -13 133 1 0 1.000000
-2.561850 0.518821 0 5.856710 5.808030 212.552000 1372.310000 -13 134 1 0 1.000000
5.935580 3.555620 0 -10.500800 19.008400 204.497000 1372.360000 -13 135 1 0 1.000000
-5.914090 1.947180 0 12.315900 16.223500 212.842000 1372.250000 -13 136 1 0 1.000000
-0.280099 0.263884 0 -12.889900 6.867580 201.482000 1372.130000 -13 137 1 0 1.000000
1.870070 -2.651750 0 -1.039150 5.724950 198.768000 1372.410000 -13 138 1 0 1.000000
1.246640 -5.603550 0 14.583600 -5.855240 205.064000 1372.300000 -13 139 1 0 1.000000
0.034721 1.470140 0 2.822450 7.087810 205.805000 1372.130000 -13 140 1 0 1.000000
-3.606480 2.844400 0 -15.341200 -14.665300 232.360000 1372.210000 -13 141 1 0 1.000000
-1.935180 -4.223960 0 20.019800 -3.300000 221.120000 1372.110000 -13 142 1 0 1.000000
-7.050430 3.168710 0 -6.537650 3.229590 207.375000 1372.380000 -13 143 1 0 1.000000
-1.866570 -1.532530 0 16.744500 -13.906300 205.985000 1372.200000 -13 144 1 0 1.000000
-1.361290 -2.841030 0 20.992300 -9.997630 183.562000 1372.420000 -13 145 1 0 1.000000
-2.123920 -7.156050 0 1.489110 14.426200 213.011000 1372.370000 -13 146 1 0 1.000000
-2.681020 -0.013738 0 -8.537890 0.853527 201.701000 1372.360000 -13 147 1 0 1.000000
-3.957300 -7.208720 0 8.957140 -11.133300 218.063000 1372.310000 -13 148 1 0 1.000000
-2.308740 -3.850950 0 7.908940 -1.499880 197.385000 1372.260000 -13 149 1 0 1.000000
2.024610 -6.899180 0 -6.069820 -5.693640 187.815000 1372.310000 -13 150 1 0 1.000000
-2.015530 -1.723160 0 7.858730 -19.836100 204.268000 1372.390000 -13 151 1 0 1.000000
-2.749830 -2.806820 0 16.357500 8.381330 206.110000 1372.400000 -13 152 1 0 1.000000
-1.924050 -5.035820 0 -0.804524 1.991640 202.424000 1372.410000 -13 153 1 0 1.000000
2.350520 -2.992330 0 7.116270 -8.519030 201.871000 1372.380000 -13 154 1 0 1.000000
0.249296 -1.576780 0 1.792580 14.597500 188.343000 1372.250000 -13 155 1 0 1.000000
-3.356440 -5.423080 0 4.088760 -3.986660 194.127000 1372.360000 -13 156 1 0 1.000000
-0.590730 -1.239290 0 -4.479820 5.945460 222.281000 1372.180000 -13 157 1 0 1.000000
2.868140 -2.406460 0 -0.097221 9.983830 211.309000 1372.300000 -13 158 1 0 1.000000
-10.720200 -1.932440 0 10.761200 -17.021400 198.248000 1372.410000 -13 159 1 0 1.000000
-3.730130 0.349174 0 7.334850 15.082000 191.738000 1372.160000 -13 160 1 0 1.000000
0.220551 -5.292150 0 -12.695400 -0.252524 208.464000 1372.330000 -13 161 1 0 1.000000
-5.769170 -7.465160 0 16.486300 1.915570 203.579000 1372.300000 -13 162 1 0 1.000000
-8.524590 -3.795050 0 -4.297730 4.870510 202.452000 1372.220000 -13 163 1 0 1.000000
-2.959160 -0.821909 0 0.113599 5.111860 203.767000 1372.370000 -13 164 1 0 1.000000
0.911847 -2.868220 0 -1.011170 -9.132860 195.886000 1372.400000 -13 165 1 0 1.000000
0.175990 -0.091939 0 6.452250 8.412680 194.773000 1372.290000 -13 166 1 0 1.000000
-1.364480 -8.248980 0 9.306590 21.382400 196.352000 1372.180000 -13 167 1 0 1.000000
-3.487630 -1.906430 0 7.396510 -5.251460 207.682000 1372.380000 -13 168 1 0 1.000000
-1.850910 -2.770670 0 13.916100 2.333450 199.643000 1372.340000 -13 169 1 0 1.000000
-3.470930 -2.502770 0 12.203000 8.232220 211.272000 1372.190000 -13 170 1 0 1.000000
-0.517634 -5.828700 0 10.058100 -8.256630 215.684000 1372.360000 -13 171 1 0 1.000000
-2.637360 -2.482040 0 8.601020 7.528330 208.260000 1372.220000 -13 172 1 0 1.000000
0.539482 -9.895330 0 10.671500 -4.722270 206.284000 1372.230000 -13 173 1 0 1.000000
-5.114190 -4.438340 0 -7.579290 0.872377 194.149000 1372.420000 -13 174 1 0 1.000000
-1.993720 5.752430 0 -11.215700 -12.443200 205.353000 1372.290000 -13 175 1 0 1.000000
-4.532960 3.727450 0 -8.547850 -2.060390 215.417000 1372.470000 -13 176 1 0 1.000000
-3.921930 -6.005370 0 -11.657300 -7.939170 194.275000 1372.400000 -13 177 1 0 1.000000
-3.771340 -0.136781 0 4.801800 -2.578330 195.556000 1372.130000 -13 178 1 0 1.000000
5.530510 -3.791030 0 -12.694900 8.214690 194.710000 1372.080000 -13 179 1 0 1.000000
-0.406042 -8.292620 0 -5.032980 19.948400 196.475000 1372.090000 -13 180 1 0 1.000000
-2.447610 -1.767590 0 -8.212830 7.109520 206.727000 1372.340000 -13 181 1 0 1.000000
-0.314193 -3.665790 0 -17.014200 2.347670 217.578000 1372.200000 -13 182 1 0 1.000000
-0.837890 -5.092760 0 14.475300 -7.895000 194.778000 1372.270000 -13 183 1 0 1.000000
-1.496450 -2.961030 0 9.465590 19.131300 192.178000 1372.390000 -13 184 1 0 1.000000
-1.022070 0.929809 0 -0.858850 -9.084780 206.634000 1372.250000 -13 185 1 0 1.000000
-2.234280 1.957640 0 -11.924700 6.565080 200.655000 1372.150000 -13 186 1 0 1.000000
-1.600810 -0.577368 0 -15.927300 1.273640 216.502000 1372.300000 -13 187 1 0 1.000000
1.958620 -3.180970 0 4.680270 -13.096500 201.733000 1372.400000 -13 188 1 0 1.000000
-3.778120 -2.169270 0 -2.530920 0.331274 191.080000 1372.220000 -13 189 1 0 1.000000
1.846510 3.308230 0 -24.591800 10.266000 226.265000 1372.300000 -13 190 1 0 1.000000
-2.353300 -2.098150 0 7.407130 1.524090 202.212000 1372.330000 -13 191 1 0 1.000000
3.367490 -5.081820 0 -19.912700 -1.672800 191.057000 1372.250000 -13 192 1 0 1.000000
-6.137410 -1.049160 0 5.113910 -13.881100 223.556000 1372.180000 -13 193 1 0 1.000000
-2.663120 -6.082640 0 1.977780 13.493500 216.436000 1372.270000 -13 194 1 0 1.000000
-6.458680 -2.171850 0 5.317750 -4.122170 196.803000 1372.170000 -13 195 1 0 1.000000
-0.427126 -2.801070 0 13.704000 -19.421000 204.224000 1372.170000 -13 196 1 0 1.000000
-5.893620 -0.287631 0 -8.827640 21.397800 206.338000 1372.460000 -13 197 1 0 1.000000
6.076750 -1.050050 0 31.909600 6.091750 208.997000 1372.280000 -13 198 1 0 1.000000
-0.108018 -3.267760 0 19.559600 1.028600 211.886000 1372.380000 -13 199 1 0 1.000000
5.210340 -1.461540 0 0.464496 13.726300 218.222000 1372.360000 -13 200 1 0 1.000000
0.150748 -3.301650 0 3.827090 -3.708200 202.473000 1372.100000 -13 201 1 0 1.000000
-3.352630 -2.308920 0 -6.642900 4.401790 202.236000 1372.340000 -13 202 1 0 1.000000
-0.766398 1.053770 0 7.653470 3.628700 203.603000 1372.330000 -13 203 1 0 1.000000
-0.252807 -2.967190 0 -5.671200 -5.098050 216.342000 1372.290000 -13 204 1 0 1.000000
-0.842369 -0.341613 0 -1.722860 4.822130 204.118000 1372.340000 -13 205 1 0 1.000000
2.760200 -1.151580 0 0.330152 -11.265400 189.960000 1372.200000 -13 206 1 0 1.000000
-4.940510 -3.984810 0 -15.063100 -7.468030 198.016000 1372.410000 -13 207 1 0 1.000000
1.730900 -2.440990 0 -37.805400 3.539290 230.164000 1372.420000 -13 208 1 0 1.000000
-1.663760 0.937201 0 -2.475740 4.425590 189.741000 1372.280000 -13 209 1 0 1.000000
3.558790 -4.513340 0 4.096420 0.358637 186.936000 1372.370000 -13 210 1 0 1.000000
-2.652590 0.461630 0 -3.646540 12.350600 225.311000 1372.340000 -13 211 1 0 1.000000
4.204360 2.044700 0 -33.459000 4.340640 210.243000 1372.120000 -13 212 1 0 1.000000
-4.549310 -3.610930 0 17.723300 -17.588000 223.603000 1372.230000 -13 213 1 0 1.000000
-6.095440 3.177130 0 13.721700 19.314900 198.845000 1372.300000 -13 214 1 0 1.000000
-6.489770 6.034600 0 -2.309750 -22.419700 192.336000 1372.350000 -13 215 1 0 1.000000
-1.206570 -0.644245 0 -15.266700 -14.014700 216.278000 1372.120000 -13 216 1 0 1.000000
2.697220 1.223550 0 16.687100 -8.683290 221.907000 1372.360000 -13 217 1 0 1.000000
-4.605020 -1.145510 0 -6.217000 -38.685300 210.903000 1372.300000 -13 218 1 0 1.000000
2.591760 -4.233000 0 -14.768600 15.069600 189.548000 1372.210000 -13 219 1 0 1.000000
0.849161 0.857679 0 5.685930 3.976670 210.546000 1372.420000 -13 220 1 0 1.000000
3.315570 -2.916990 0 -14.657300 5.337030 202.090000 1372.320000 -13 221 1 0 1.000000
-1.494750 -0.741937 0 15.361900 4.665530 195.010000 1372.250000 -13 222 1 0 1.000000
2.632640 -3.637980 0 -0.862524 6.487420 229.752000 1372.350000 -13 223 1 0 1.000000
5.853160 -5.972420 0 16.808500 1.503680 189.387000 1372.300000 -13 224 1 0 1.000000
2.025420 -7.256970 0 0.379413 -0.799201 206.907000 1372.370000 -13 225 1 0 1.000000
-4.218970 -7.783750 0 -10.151200 -7.756250 226.778000 1372.280000 -13 226 1 0 1.000000
0.669574 -5.139490 0 -8.957740 -26.492900 217.105000 1372.270000 -13 227 1 0 1.000000
-6.554100 -5.680180 0 11.497800 2.824840 192.276000 1372.240000 -13 228 1 0 1.000000
-0.698177 3.077100 0 -2.855280 -4.586890 201.889000 1372.290000 -13 229 1 0 1.000000
2.563120 -1.961890 0 6.805660 -1.736060 192.824000 1372.300000 -13 230 1 0 1.000000
-9.484610 -4.683130 0 0.182284 -8.920080 216.917000 1372.290000 -13 231 1 0 1.000000
-2.697790 -0.465531 0 27.884100 -11.431900 214.428000 1372.350000 -13 232 1 0 1.000000
-5.985860 5.671920 0 -0.084563 -1.119100 219.954000 1372.240000 -13 233 1 0 1.000000
-2.858680 -1.476560 0 -6.189820 7.668520 216.542000 1372.280000 -13 234 1 0 1.000000
-2.333670 -5.806500 0 5.106920 1.718630 215.449000 1372.370000 -13 235 1 0 1.000000
0.042671 0.719398 0 -3.911460 5.673440 216.898000 1372.400000 -13 236 1 0 1.000000
-5.428260 -4.556250 0 4.604700 -7.299990 203.026000 1372.350000 -13 237 1 0 1.000000
-7.622240 2.826520 0 -13.107500 1.809600 216.880000 1372.280000 -13 238 1 0 1.000000
-0.587147 1.330860 0 2.624020 13.402700 201.800000 1372.200000 -13 239 1 0 1.000000
2.924450 -4.702810 0 11.621100 -16.303800 212.477000 1372.310000 -13 240 1 0 1.000000
-1.791580 -5.889060 0 -13.808900 2.111980 225.533000 1372.430000 -13 241 1 0 1.000000
0.790437 -2.029820 0 4.596140 5.505480 180.643000 1372.270000 -13 242 1 0 1.000000
-5.644860 1.803290 0 20.113500 -9.308610 202.630000 1372.340000 -13 243 1 0 1.000000
-3.397890 -6.400400 0 -3.153590 -10.174600 196.000000 1372.260000 -13 244 1 0 1.000000
-8.282510 -0.604740 0 -13.237900 -10.338200 210.152000 1372.420000 -13 245 1 0 1.000000
-2.568510 -0.312846 0 4.943530 7.643440 209.020000 1372.460000 -13 246 1 0 1.000000
-0.978738 -5.620390 0 -1.025080 -7.040350 193.370000 1372.460000 -13 247 1 0 1.000000
-1.758480 0.220532 0 -2.385120 -0.695338 203.282000 1372.430000 -13 248 1 0 1.000000
-8.426640 -1.505770 0 -15.097300 1.020050 200.620000 1372.380000 -13 249 1 0 1.000000
-8.305780 6.620120 0 -3.841220 6.377440 195.987000 1372.140000 -13 250 1 0 1.000000
2.187240 0.437860 0 -27.409400 5.572790 218.101000 1372.380000 -13 251 1 0 1.000000
-1.924730 -4.768180 0 16.314300 7.424140 200.158000 1372.280000 -13 252 1 0 1.000000
-3.064450 -0.472732 0 -19.083300 24.050300 196.319000 1372.160000 -13 253 1 0 1.000000
-0.849944 -4.163700 0 1.091780 -12.612100 216.977000 1372.290000 -13 254 1 0 1.000000
2.612070 -0.449156 0 -21.485900 3.718780 205.396000 1372.430000 -13 255 1 0 1.000000
3.252770 1.294770 0 1.816540 12.856700 183.535000 1372.170000 -13 256 1 0 1.000000
3.409870 3.809700 0 -7.527910 -14.903300 202.000000 1372.340000 -13 257 1 0 1.000000
4.189690 5.304790 0 6.031550 6.062510 206.105000 1372.390000 -13 258 1 0 1.000000
-3.154990 1.034070 0 5.132280 18.672200 188.446000 1372.250000 -13 259 1 0 1.000000
-5.583990 3.429430 0 8.743380 -26.634700 206.313000 1372.220000 -13 260 1 0 1.000000
-1.354100 -0.539839 0 1.377770 1.154110 204.465000 1372.420000 -13 261 1 0 1.000000
-2.827940 -8.313610 0 -14.892900 0.903843 208.587000 1372.340000 -13 262 1 0 1.000000
1.880310 -2.769370 0 21.229300 -12.810500 200.580000 1372.310000 -13 263 1 0 1.000000
-2.903720 -2.080940 0 -26.978400 20.387600 213.402000 1372.340000 -13 264 1 0 1.000000
0.805080 -6.100770 0 21.311600 -2.883450 198.371000 1372.340000 -13 265 1 0 1.000000
1.716380 -4.239290 0 -8.860000 -9.267920 211.815000 1372.420000 -13 266 1 0 1.000000
-2.104890 -2.740100 0 17.064100 -1.750590 209.730000 1372.390000 -13 267 1 0 1.000000
-2.497300 -4.876090 0 15.366700 2.518060 196.535000 1372.150000 -13 268 1 0 1.000000
0.816773 -3.327500 0 9.458670 -7.314530 205.790000 1372.180000 -13 269 1 0 1.000000
-8.425710 1.679280 0 2.566420 -0.442463 203.838000 1372.120000 -13 270 1 0 1.000000
1.277140 -6.844890 0 -14.347400 -21.130800 213.234000 1372.170000 -13 271 1 0 1.000000
-3.552490 3.006480 0 -12.615900 7.071090 219.873000 1372.330000 -13 272 1 0 1.000000
-0.833914 -1.997540 0 -3.994820 19.860900 213.410000 1372.390000 -13 273 1 0 1.000000
0.610948 -3.294840 0 7.397610 26.599900 226.171000 1372.270000 -13 274 1 0 1.000000
-5.349970 -4.991640 0 2.602840 12.873000 210.130000 1372.260000 -13 275 1 0 1.000000
-0.534205 -7.642160 0 10.887200 -18.437100 191.135000 1372.290000 -13 276 1 0 1.000000
-8.669090 -6.400080 0 -4.005680 13.758000 217.236000 1372.390000 -13 277 1 0 1.000000
-6.479020 -2.501860 0 -3.913210 -5.055540 209.848000 1372.330000 -13 278 1 0 1.000000
0.552877 -11.271300 0 6.413090 20.961000 207.990000 1372.380000 -13 279 1 0 1.000000
-2.090510 -3.582760 0 0.899069 -5.080880 207.710000 1372.260000 -13 280 1 0 1.000000
-0.726791 -7.036190 0 15.601400 1.120420 183.347000 1372.280000 -13 281 1 0 1.000000
-2.036970 -6.343110 0 0.728313 -6.936910 202.218000 1372.410000 -13 282 1 0 1.000000
-3.672920 -0.875370 0 -20.771500 13.892600 195.943000 1372.290000 -13 283 1 0 1.000000
-7.229470 -2.957730 0 -2.704610 -11.672100 212.872000 1372.320000 -13 284 1 0 1.000000
5.297160 1.202210 0 -43.281600 -12.861300 196.517000 1372.430000 -13 285 1 0 1.000000
2.452890 -9.611730 0 6.412870 1.050000 201.762000 1372.380000 -13 286 1 0 1.000000
2.071480 4.280340 0 -16.883400 -4.157390 206.464000 1372.470000 -13 287 1 0 1.000000
-1.868260 -6.987610 0 20.145000 -2.112220 203.550000 1372.350000 -13 288 1 0 1.000000
0.432084 -4.860450 0 -9.751070 8.212240 199.260000 1372.370000 -13 289 1 0 1.000000
2.538780 -2.423160 0 -8.501820 3.141030 200.812000 1372.440000 -13 290 1 0 1.000000
0.894225 -1.579220 0 -15.084100 6.803690 201.874000 1372.250000 -13 291 1 0 1.000000
-0.233635 -7.278270 0 17.394600 5.499420 187.856000 1372.260000 -13 292 1 0 1.000000
-2.449940 -1.176060 0 -11.171200 -11.283400 194.397000 1372.320000 -13 293 1 0 1.000000
-10.504600 -2.656550 0 2.081580 -6.180930 195.315000 1372.200000 -13 294 1 0 1.000000
1.591770 2.536620 0 -25.261600 10.085200 217.533000 1372.360000 -13 295 1 0 1.000000
2.906560 -3.866500 0 4.842060 -12.890600 225.454000 1372.070000 -13 296 1 0 1.000000
1.780010 -5.414160 0 29.868800 -7.796130 203.827000 1372.340000 -13 297 1 0 1.000000
-1.802030 0.261839 0 -7.831730 -18.811300 188.321000 1372.330000 -13 298 1 0 1.000000
-2.092130 -7.332660 0 7.041290 -37.000000 213.902000 1372.270000 -13 299 1 0 1.000000
-0.453896 -0.899667 0 19.297700 14.708600 183.683000 1372.270000 -13 300 1 0 1.000000
2.883430 3.274790 0 1.518170 -3.052720 195.814000 1372.470000 -13 301 1 0 1.000000
-1.756440 -6.794680 0 -26.162000 11.373300 221.709000 1372.280000 -13 302 1 0 1.000000
4.292010 -0.976460 0 15.247400 -0.608660 197.496000 1372.280000 -13 303 1 0 1.000000
1.423430 -1.346490 0 2.659680 -1.549570 209.277000 1372.260000 -13 304 1 0 1.000000
-2.237130 2.363750 0 6.367920 3.700760 203.144000 1372.140000 -13 305 1 0 1.000000
-0.016707 -7.250420 0 -4.878540 9.974990 207.158000 1372.140000 -13 306 1 0 1.000000
-10.709800 -1.717140 0 -21.020700 2.313980 192.552000 1372.370000 -13 307 1 0 1.000000
-6.383960 -6.110650 0 -12.262200 4.070410 206.320000 1372.270000 -13 308 1 0 1.000000
-6.531000 5.522120 0 2.918830 1.974300 219.472000 1372.090000 -13 309 1 0 1.000000
3.586640 -6.216110 0 20.109200 -3.963310 189.608000 1372.280000 -13 310 1 0 1.000000
-5.522810 -2.914760 0 -5.433530 -6.720510 201.557000 1372.130000 -13 311 1 0 1.000000
1.158470 -3.655590 0 -9.420650 3.894410 196.307000 1372.260000 -13 312 1 0 1.000000
-5.294410 -2.592850 0 -1.980660 4.267520 194.778000 1372.460000 -13 313 1 0 1.000000
-0.920751 -4.275300 0 13.189700 -10.482400 214.205000 1372.360000 -13 314 1 0 1.000000
-3.596640 0.648322 0 -4.945500 16.978900 219.224000 1372.320000 -13 315 1 0 1.000000
-12.508300 0.337341 0 10.189900 -11.810800 202.451000 1372.200000 -13 316 1 0 1.000000
-1.034430 -0.285395 0 5.284480 1.266210 213.646000 1372.400000 -13 317 1 0 1.000000
7.095440 -9.307140 0 27.052500 -2.572160 202.414000 1372.260000 -13 318 1 0 1.000000
-7.322310 -4.687110 0 -0.164985 -4.219820 227.330000 1372.120000 -13 319 1 0 1.000000
6.440340 4.404050 0 -3.923470 -12.906000 216.503000 1372.150000 -13 320 1 0 1.000000
4.629180 -5.677700 0 -5.122790 2.262330 207.037000 1372.130000 -13 321 1 0 1.000000
6.125750 -13.132100 0 11.831400 2.434200 196.539000 1372.330000 -13 322 1 0 1.000000
-1.243230 2.621940 0 -1.356310 -15.459100 229.598000 1372.230000 -13 323 1 0 1.000000
0.469936 -0.949581 0 7.309200 -0.531278 203.884000 1372.420000 -13 324 1 0 1.000000
-10.480100 -3.451060 0 5.655430 -10.397900 196.309000 1372.330000 -13 325 1 0 1.000000
0.119516 -2.698530 0 -14.166400 -5.221100 205.352000 1372.360000 -13 326 1 0 1.000000
-1.068140 -4.011700 0 -9.319560 -25.308500 212.135000 1372.290000 -13 327 1 0 1.000000
-3.359000 -3.115230 0 -4.016570 5.441850 194.317000 1372.430000 -13 328 1 0 1.000000
-11.028900 -2.129460 0 -5.991570 14.967400 216.349000 1372.100000 -13 329 1 0 1.000000
-3.113830 2.328470 0 -6.694540 3.154330 191.147000 1372.140000 -13 330 1 0 1.000000
0.126109 -0.949090 0 -35.110000 5.080500 185.217000 1372.280000 -13 331 1 0 1.000000
2.611840 2.162680 0 6.224630 7.925900 217.279000 1372.160000 -13 332 1 0 1.000000
0.348506 -0.223519 0 -6.992540 -9.355130 208.730000 1372.190000 -13 333 1 0 1.000000
-2.429310 2.402390 0 -8.956560 2.292870 206.295000 1372.270000 -13 334 1 0 1.000000
-8.922430 -12.057900 0 7.351970 27.428400 207.436000 1372.150000 -13 335 1 0 1.000000
-8.386450 0.777901 0 5.191190 7.767260 203.388000 1372.220000 -13 336 1 0 1.000000
6.435230 1.809440 0 0.739158 5.347170 212.413000 1372.260000 -13 337 1 0 1.000000
-0.070087 2.524860 0 -20.125800 17.766700 188.889000 1372.280000 -13 338 1 0 1.000000
-1.264790 -3.751170 0 3.742820 -23.176500 206.068000 1372.340000 -13 339 1 0 1.000000
-2.371300 -3.627690 0 -1.148870 -3.587550 214.410000 1372.270000 -13 340 1 0 1.000000
10.214600 -8.130180 0 -4.398740 3.442470 205.652000 1372.350000 -13 341 1 0 1.000000
1.888340 -6.199760 0 -10.071200 -2.421970 206.498000 1372.460000 -13 342 1 0 1.000000
2.469190 -3.573450 0 -6.518740 7.458910 200.740000 1372.200000 -13 343 1 0 1.000000
5.488700 -6.903450 0 -3.531240 1.045260 197.856000 1372.360000 -13 344 1 0 1.000000
-11.013600 0.734163 0 -2.022560 11.763400 195.407000 1372.240000 -13 345 1 0 1.000000
-3.151030 -5.153240 0 3.925080 -10.180600 198.734000 1372.270000 -13 346 1 0 1.000000
-3.717370 -4.065670 0 -11.905300 16.129800 196.951000 1372.250000 -13 347 1 0 1.000000
-0.710736 1.738750 0 6.918470 2.269340 214.201000 1372.250000 -13 348 1 0 1.000000
-4.137580 -0.209766 0 -6.914350 -13.799500 216.623000 1372.280000 -13 349 1 0 1.000000
1.464390 -2.576400 0 4.447030 18.494300 202.117000 1372.410000 -13 350 1 0 1.000000
-0.758966 -3.976230 0 9.635510 6.550710 194.711000 1372.420000 -13 351 1 0 1.000000
-3.618840 -4.325430 0 3.462940 -1.449660 207.955000 1372.360000 -13 352 1 0 1.000000
1.267170 -5.280490 0 -1.343710 25.077700 200.111000 1372.190000 -13 353 1 0 1.000000
-3.692690 0.530110 0 13.242300 3.889290 213.579000 1372.150000 -13 354 1 0 1.000000
-4.965340 -2.182540 0 3.582220 2.093830 190.527000 1372.250000 -13 355 1 0 1.000000
-2.070300 0.923036 0 -18.708700 8.857020 192.769000 1372.130000 -13 356 1 0 1.000000
-4.486960 -0.028796 0 -2.736390 0.990199 202.041000 1372.260000 -13 357 1 0 1.000000
2.178590 1.152760 0 21.401200 0.872634 199.466000 1372.310000 -13 358 1 0 1.000000
-3.570030 0.030462 0 -3.822740 -0.307563 194.482000 1372.200000 -13 359 1 0 1.000000
-4.111650 -3.906180 0 3.976220 -11.994900 220.279000 1372.280000 -13 360 1 0 1.000000
-1.188450 -1.261950 0 12.356600 0.812876 203.831000 1372.320000 -13 361 1 0 1.000000
-0.451412 -3.018770 0 14.205000 -3.424580 211.018000 1372.240000 -13 362 1 0 1.000000
-0.707463 3.033610 0 -28.031400 -16.658800 194.333000 1372.390000 -13 363 1 0 1.000000
-4.674630 2.597310 0 -6.966730 -7.655170 188.985000 1372.280000 -13 364 1 0 1.000000
-1.015130 -0.224014 0 16.442800 4.093760 215.918000 1372.220000 -13 365 1 0 1.000000
-7.677260 -7.654970 0 -8.637850 -26.386600 197.394000 1372.270000 -13 366 1 0 1.000000
-0.472882 -6.807930 0 14.175900 -2.540550 211.785000 1372.320000 -13 367 1 0 1.000000
-0.621879 -7.845240 0 -6.108090 -1.242220 203.581000 1372.330000 -13 368 1 0 1.000000
-6.116200 -4.054860 0 8.356470 -34.632500 191.092000 1372.310000 -13 369 1 0 1.000000
-0.101643 6.364020 0 -0.315185 -5.775060 192.112000 1372.460000 -13 370 1 0 1.000000
-3.643120 1.629740 0 6.249230 7.130070 210.062000 1372.350000 -13 371 1 0 1.000000
-2.402130 -3.950940 0 0.088029 9.310960 181.897000 1372.250000 -13 372 1 0 1.000000
-1.818270 3.191360 0 15.738900 -3.663500 198.399000 1372.420000 -13 373 1 0 1.000000
-0.969443 -7.905830 0 -13.672200 -3.166820 193.148000 1372.440000 -13 374 1 0 1.000000
-1.520950 -4.135880 0 9.954890 8.588250 195.519000 1372.290000 -13 375 1 0 1.000000
-4.861560 -0.834853 0 1.195930 -26.723500 204.018000 1372.400000 -13 376 1 0 1.000000
-7.781330 -4.133820 0 0.032128 -3.445320 199.958000 1372.130000 -13 377 1 0 1.000000
0.109172 0.905963 0 -5.314500 -3.001120 222.605000 1372.210000 -13 378 1 0 1.000000
-9.096000 -9.631760 0 -5.550100 -8.176930 196.328000 1372.280000 -13 379 1 0 1.000000
0.326409 -2.648430 0 14.718600 7.754170 206.877000 1372.400000 -13 380 1 0 1.000000
2.589140 -0.557936 0 -6.441990 9.526630 223.643000 1372.340000 -13 381 1 0 1.000000
-1.921640 4.585860 0 -15.015900 0.685226 218.878000 1372.420000 -13 382 1 0 1.000000
3.674060 -5.809180 0 16.586100 11.836000 205.704000 1372.360000 -13 383 1 0 1.000000
-3.656980 -7.894750 0 19.812900 -1.760600 214.524000 1372.300000 -13 384 1 0 1.000000
3.925380 -6.333000 0 12.502000 -10.923200 204.077000 1372.390000 -13 385 1 0 1.000000
-0.685694 -2.560580 0 15.132600 21.475500 190.027000 1372.330000 -13 386 1 0 1.000000
-0.769361 0.624432 0 3.624750 -1.492420 204.442000 1372.420000 -13 387 1 0 1.000000
-4.870720 3.859970 0 -0.141121 -4.306110 200.707000 1372.250000 -13 388 1 0 1.000000
-2.154020 -7.281610 0 10.568200 -12.923000 208.730000 1372.370000 -13 389 1 0 1.000000
-7.284240 -4.010450 0 -9.047650 14.512400 218.605000 1372.210000 -13 390 1 0 1.000000
-3.225120 -5.232070 0 12.408400 3.723200 213.101000 1372.420000 -13 391 1 0 1.000000
-2.348110 -0.341313 0 13.499100 6.765650 213.320000 1372.540000 -13 392 1 0 1.000000
3.389560 -7.303160 0 1.739840 -22.843200 212.714000 1372.230000 -13 393 1 0 1.000000
3.236040 1.523710 0 -3.226660 1.530220 206.052000 1372.320000 -13 394 1 0 1.000000
-7.634370 6.189140 0 -2.833390 -20.373100 192.897000 1372.200000 -13 395 1 0 1.000000
-4.707170 -6.984320 0 -6.278970 13.269900 220.754000 1372.320000 -13 396 1 0 1.000000
-0.741010 -11.789900 0 8.708520 6.462210 202.079000 1372.130000 -13 397 1 0 1.000000
-10.977600 2.453090 0 4.114370 0.992483 215.183000 1372.150000 -13 398 1 0 1.000000
-0.067795 7.585610 0 8.869420 -2.450160 208.729000 1372.330000 -13 399 1 0 1.000000
-7.079830 -6.537280 0 -7.017570 -13.463600 209.723000 1372.360000 -13 400 1 0 1.000000
-0.301665 -0.077940 0 -6.241070 -2.757250 201.070000 1372.320000 -13 401 1 0 1.000000
8.659640 -5.537230 0 -11.932000 2.447510 192.563000 1372.180000 -13 402 1 0 1.000000
0.697420 -3.337060 0 1.295020 -24.085000 183.846000 1372.240000 -13 403 1 0 1.000000
-1.239580 -3.447500 0 16.052200 -6.813110 197.395000 1372.450000 -13 404 1 0 1.000000
-0.601793 -1.904110 0 -17.534400 -10.095500 202.801000 1372.190000 -13 405 1 0 1.000000
-4.008580 -0.878969 0 -25.533900 -5.871680 221.856000 1372.190000 -13 406 1 0 1.000000
0.947765 -2.637640 0 19.113700 16.398900 207.526000 1372.380000 -13 407 1 0 1.000000
-4.053080 -4.595000 0 -14.755200 3.578990 217.911000 1372.140000 -13 408 1 0 1.000000
-1.566860 0.155962 0 -1.025570 -16.040600 189.779000 1372.420000 -13 409 1 0 1.000000
-0.415910 -3.552270 0 -1.336730 7.801800 210.519000 1372.270000 -13 410 1 0 1.000000
-4.706550 3.549880 0 4.701430 -10.793300 210.963000 1372.360000 -13 411 1 0 1.000000
-1.754100 -1.218300 0 16.744000 -2.810920 205.160000 1372.280000 -13 412 1 0 1.000000
-7.819110 -9.378040 0 4.258570 -6.748050 201.106000 1372.380000 -13 413 1 0 1.000000
-5.050030 -4.611830 0 26.976600 -4.444520 198.243000 1372.300000 -13 414 1 0 1.000000
-5.882500 -6.785650 0 -2.468820 3.024160 192.528000 1372.180000 -13 415 1 0 1.000000
0.824851 -3.019230 0 15.292300 26.757500 194.459000 1372.380000 -13 416 1 0 1.000000
-6.493190 3.299920 0 -7.631270 22.965200 201.254000 1372.260000 -13 417 1 0 1.000000
-2.912990 -4.996160 0 4.171010 28.311900 224.889000 1372.170000 -13 418 1 0 1.000000
-2.319420 2.974970 0 2.541630 -27.894900 211.236000 1372.340000 -13 419 1 0 1.000000
-0.938466 -3.408210 0 1.355650 -0.537662 213.553000 1372.320000 -13 420 1 0 1.000000
-4.402270 -1.264590 0 -17.816500 -12.862400 210.976000 1372.270000 -13 421 1 0 1.000000
5.698330 -9.206910 0 12.657300 19.477200 200.477000 1372.290000 -13 422 1 0 1.000000
-10.038700 -2.951370 0 -9.932070 -10.193800 238.339000 1372.240000 -13 423 1 0 1.000000
4.403650 -8.968380 0 -9.571180 -3.698940 190.563000 1372.200000 -13 424 1 0 1.000000
-11.084300 2.424930 0 13.385700 -3.035360 185.987000 1372.280000 -13 425 1 0 1.000000
-5.212870 -3.962300 0 -2.647610 7.701150 203.070000 1372.300000 -13 426 1 0 1.000000
-0.127552 -0.856403 0 -22.406700 -15.118800 191.349000 1372.220000 -13 427 1 0 1.000000
-3.512250 -7.889200 0 -6.614930 18.325500 211.273000 1372.350000 -13 428 1 0 1.000000
-5.806120 -1.820200 0 -22.722900 -24.146300 205.115000 1372.140000 -13 429 1 0 1.000000
0.772009 -1.879360 0 11.752200 1.528830 212.711000 1372.240000 -13 430 1 0 1.000000
-1.229140 -1.984970 0 -10.938900 -5.916650 193.802000 1372.280000 -13 431 1 0 1.000000
-0.498308 1.389570 0 22.156600 -27.184700 217.717000 1372.340000 -13 432 1 0 1.000000
-7.490930 -2.852140 0 2.486720 0.293794 210.482000 1372.380000 -13 433 1 0 1.000000
-0.167024 -5.787620 0 -19.986400 10.198300 211.772000 1372.210000 -13 434 1 0 1.000000
2.773820 -5.521820 0 -10.120500 16.472300 201.360000 1372.150000 -13 435 1 0 1.000000
-1.966560 -3.035370 0 -5.999320 -3.466480 210.207000 1372.290000 -13 436 1 0 1.000000
-4.203710 8.987100 0 -2.353510 -21.222200 192.771000 1372.270000 -13 437 1 0 1.000000
-4.317890 -3.892800 0 -11.318000 8.469220 194.065000 1372.290000 -13 438 1 0 1.000000
-0.725208 -8.146950 0 -5.389930 1.974810 192.912000 1372.300000 -13 439 1 0 1.000000
-4.066690 3.309430 0 -6.159540 22.051900 201.717000 1372.200000 -13 440 1 0 1.000000
-6.452080 0.770084 0 1.737500 -8.646470 196.874000 1372.430000 -13 441 1 0 1.000000
-0.321397 -0.289375 0 7.504540 37.534400 191.047000 1372.230000 -13 442 1 0 1.000000
-0.762745 0.680322 0 -2.711590 11.386100 206.988000 1372.340000 -13 443 1 0 1.000000
-1.758620 -10.802500 0 -17.352400 18.711300 208.460000 1372.270000 -13 444 1 0 1.000000
-3.852830 -4.561230 0 -17.370700 -2.068560 193.801000 1372.400000 -13 445 1 0 1.000000
3.618180 -0.603733 0 8.089170 -5.048230 213.653000 1372.230000 -13 446 1 0 1.000000
-0.695657 11.087600 0 -17.639700 -0.692079 204.995000 1372.320000 -13 447 1 0 1.000000
2.191090 -4.455000 0 -1.072320 -2.366070 197.878000 1372.250000 -13 448 1 0 1.000000
-4.743140 -6.216720 0 14.358300 19.650500 224.879000 1372.210000 -13 449 1 0 1.000000
-8.600440 -3.339790 0 -14.289300 -6.310940 207.232000 1372.330000 -13 450 1 0 1.000000
-3.395100 -6.941150 0 -0.058413 -12.813800 208.323000 1372.390000 -13 451 1 0 1.000000
0.650418 0.779196 0 3.903500 -4.640160 211.650000 1372.310000 -13 452 1 0 1.000000
1.755910 -9.375750 0 -18.080800 -3.180870 212.190000 1372.350000 -13 453 1 0 1.000000
-3.265130 -2.552750 0 -8.636890 -3.010890 214.775000 1372.410000 -13 454 1 0 1.000000
-2.952440 -2.426090 0 3.105790 -4.561370 192.724000 1372.220000 -13 455 1 0 1.000000
-3.598880 2.867640 0 21.613200 9.651280 188.571000 1372.250000 -13 456 1 0 1.000000
3.020610 -4.482170 0 22.015700 9.114830 194.906000 1372.180000 -13 457 1 0 1.000000
-3.502370 -1.461910 0 -1.407310 -11.260600 195.852000 1372.280000 -13 458 1 0 1.000000
0.274525 -3.210390 0 0.744807 -14.900800 193.413000 1372.410000 -13 459 1 0 1.000000
3.633580 1.087610 0 -9.018290 -16.701000 201.285000 1372.220000 -13 460 1 0 1.000000
1.789320 -10.891700 0 5.686820 15.531800 202.358000 1372.240000 -13 461 1 0 1.000000
1.630070 -5.206560 0 -13.288300 -0.857750 194.629000 1372.350000 -13 462 1 0 1.000000
3.437640 -3.789220 0 -4.125780 -8.186060 203.546000 1372.140000 -13 463 1 0 1.000000
2.728260 -2.031450 0 18.710200 10.073800 205.117000 1372.150000 -13 464 1 0 1.000000
1.350950 -6.944120 0 -20.946400 23.095300 190.238000 1372.320000 -13 465 1 0 1.000000
-1.633230 -5.230130 0 -0.930283 -9.358790 190.474000 1372.180000 -13 466 1 0 1.000000
0.723692 -6.568990 0 -7.074010 9.224750 197.740000 1372.380000 -13 467 1 0 1.000000
-5.255580 -2.389790 0 -5.936440 -32.390800 214.465000 1372.330000 -13 468 1 0 1.000000
3.733310 -3.543560 0 3.410900 -9.898860 197.323000 1372.300000 -13 469 1 0 1.000000
1.662800 4.352250 0 11.431300 -12.262300 205.516000 1372.360000 -13 470 1 0 1.000000
-4.381000 -4.179960 0 -8.339370 -4.179500 208.607000 1372.450000 -13 471 1 0 1.000000
-2.906230 2.141590 0 -6.923960 -17.608800 205.224000 1372.400000 -13 472 1 0 1.000000
-1.347730 2.152900 0 3.180980 6.636710 217.508000 1372.280000 -13 473 1 0 1.000000
-5.189140 -4.872640 0 18.394200 2.050370 208.426000 1372.470000 -13 474 1 0 1.000000
-5.100360 -4.381490 0 5.575840 -0.581672 206.209000 1372.380000 -13 475 1 0 1.000000
-0.919776 2.884810 0 -2.224820 -22.535100 227.349000 1372.230000 -13 476 1 0 1.000000
-3.215400 -5.116370 0 0.902082 6.724390 193.977000 1372.440000 -13 477 1 0 1.000000
-3.695080 -9.133760 0 31.256200 2.715470 208.002000 1372.330000 -13 478 1 0 1.000000
-2.058780 2.025930 0 10.476200 -11.561900 191.034000 1372.320000 -13 479 1 0 1.000000
3.046930 2.063200 0 -21.334700 -28.740900 203.595000 1372.410000 -13 480 1 0 1.000000
4.404850 -1.889710 0 -4.547070 9.495530 186.876000 1372.190000 -13 481 1 0 1.000000
-3.585390 -3.604980 0 -14.368100 -1.173620 202.122000 1372.270000 -13 482 1 0 1.000000
1.956770 2.565740 0 -0.523984 -8.986830 196.513000 1372.310000 -13 483 1 0 1.000000
0.762525 -2.046620 0 21.417100 -4.981710 196.340000 1372.410000 -13 484 1 0 1.000000
-2.598860 -9.883450 0 0.199660 -1.155450 183.139000 1372.200000 -13 485 1 0 1.000000
-0.459462 2.038580 0 -29.505300 7.883230 193.191000 1372.280000 -13 486 1 0 1.000000
-6.205800 -4.872290 0 -18.223400 -30.705600 214.664000 1372.390000 -13 487 1 0 1.000000
-9.802910 -3.223830 0 -2.184470 -4.465780 206.360000 1372.080000 -13 488 1 0 1.000000
-1.827550 -6.807160 0 14.029200 -20.988200 203.532000 1372.130000 -13 489 1 0 1.000000
6.835370 1.569940 0 -10.202600 13.236300 198.230000 1372.240000 -13 490 1 0 1.000000
-1.094720 -4.677880 0 -3.656410 -0.017819 204.526000 1372.440000 -13 491 1 0 1.000000
-4.223750 -3.650410 0 -3.560000 -5.089360 211.169000 1372.230000 -13 492 1 0 1.000000
-7.682110 -3.995180 0 10.679600 -34.549900 215.071000 1372.230000 -13 493 1 0 1.000000
-2.378860 -3.245730 0 20.655900 -3.825580 204.861000 1372.170000 -13 494 1 0 1.000000
-0.065604 -1.950350 0 -0.225867 -10.243600 197.327000 1372.290000 -13 495 1 0 1.000000
0.503289 -10.432400 0 -4.423050 12.752700 199.258000 1372.250000 -13 496 1 0 1.000000
-2.805720 -6.524670 0 -15.486400 25.180900 204.084000 1372.310000 -13 497 1 0 1.000000
0.464959 -6.673690 0 -11.045600 -5.210530 210.633000 1372.390000 -13 498 1 0 1.000000
0.347396 -4.283800 0 12.237200 -3.082310 198.119000 1372.290000 -13 499 1 0 1.000000
-2.623920 -0.369665 0 -5.025590 -1.996670 196.416000 1372.360000 -13 500 1 0 1.000000
-2.095930 4.491490 0 24.013500 -4.806880 190.946000 1372.260000 -13 501 1 0 1.000000
-9.095700 -0.339860 0 1.381020 1.585530 210.154000 1372.390000 -13 502 1 0 1.000000
3.067010 -4.074140 0 -2.978250 3.224780 202.700000 1372.270000 -13 503 1 0 1.000000
-1.821470 5.510950 0 -21.880900 6.570460 211.221000 1372.200000 -13 504 1 0 1.000000
-1.952730 0.590310 0 -2.515280 -29.657000 183.650000 1372.440000 -13 505 1 0 1.000000
-3.998690 0.791918 0 -1.402200 4.720620 201.276000 1372.140000 -13 506 1 0 1.000000
-3.420310 -5.618780 0 13.595500 2.260260 207.012000 1372.370000 -13 507 1 0 1.000000
-1.486190 -4.694530 0 7.439940 12.696100 207.305000 1372.300000 -13 508 1 0 1.000000
0.467552 0.643553 0 -6.168250 1.861610 201.763000 1372.340000 -13 509 1 0 1.000000
-5.988650 -0.607414 0 2.425080 19.614600 207.108000 1372.280000 -13 510 1 0 1.000000
-6.017180 -2.044830 0 -16.810800 -5.054120 210.650000 1372.420000 -13 511 1 0 1.000000
-3.611990 -5.503640 0 -16.025200 7.539280 207.006000 1372.350000 -13 512 1 0 1.000000
0.179017 0.247840 0 -17.791500 4.655020 199.817000 1372.460000 -13 513 1 0 1.000000
-9.407840 -1.973160 0 -15.633700 4.753570 210.370000 1372.400000 -13 514 1 0 1.000000
-4.901890 -4.309980 0 9.271890 0.893195 217.570000 1372.210000 -13 515 1 0 1.000000
-4.071010 -2.838510 0 -2.125920 -7.441110 204.710000 1372.130000 -13 516 1 0 1.000000
-0.690507 -8.443840 0 -14.514100 -15.948300 204.064000 1372.250000 -13 517 1 0 1.000000
-6.896470 -0.172815 0 -25.373200 8.364660 206.934000 1372.320000 -13 518 1 0 1.000000
-8.039290 -5.125610 0 7.645920 3.111890 211.031000 1372.330000 -13 519 1 0 1.000000
0.110088 -1.688110 0 -12.330700 13.453500 191.574000 1372.360000 -13 520 1 0 1.000000
-4.164070 -5.029840 0 0.280621 -9.781080 221.032000 1372.180000 -13 521 1 0 1.000000
-2.566300 -5.329070 0 -6.530920 5.228060 211.586000 1372.400000 -13 522 1 0 1.000000
-9.732010 1.246520 0 35.872600 -10.739800 229.283000 1372.230000 -13 523 1 0 1.000000
3.394550 -3.560670 0 -1.222890 26.124300 195.104000 1372.270000 -13 524 1 0 1.000000
1.995110 -1.590560 0 14.558400 4.424330 183.460000 1372.220000 -13 525 1 0 1.000000
-0.763950 0.280753 0 -25.439200 8.655530 202.984000 1372.490000 -13 526 1 0 1.000000
-0.800649 -1.327040 0 1.136670 -1.726110 183.630000 1372.220000 -13 527 1 0 1.000000
-4.849120 -4.014360 0 2.350880 0.957982 204.343000 1372.300000 -13 528 1 0 1.000000
2.439490 -4.164200 0 16.208300 -12.237600 200.046000 1372.320000 -13 529 1 0 1.000000
-7.660230 1.347780 0 4.657910 -12.053400 209.722000 1372.350000 -13 530 1 0 1.000000
-1.042540 -9.210600 0 12.167900 -14.653800 199.521000 1372.260000 -13 531 1 0 1.000000
4.581760 -3.220340 0 -1.043610 1.931380 192.984000 1372.260000 -13 532 1 0 1.000000
-5.141190 -6.301020 0 -0.369515 -2.983330 218.391000 1372.190000 -13 533 1 0 1.000000
-1.589500 -1.660800 0 36.589800 -8.699910 197.763000 1372.490000 -13 534 1 0 1.000000
-1.884920 -0.374615 0 5.055070 -6.840600 210.305000 1372.360000 -13 535 1 0 1.000000
2.871960 -3.560960 0 13.794500 -8.756350 209.450000 1372.190000 -13 536 1 0 1.000000
-1.894860 -9.010550 0 5.283290 3.788970 204.639000 1372.190000 -13 537 1 0 1.000000
-1.849470 2.720940 0 4.430260 -28.460500 194.545000 1372.400000 -13 538 1 0 1.000000
1.339660 -4.967100 0 -3.640900 15.554400 205.074000 1372.140000 -13 539 1 0 1.000000
-5.193410 -5.415990 0 8.699820 -4.596160 201.123000 1372.090000 -13 540 1 0 1.000000
1.402210 -5.210500 0 -11.645700 -19.425800 222.613000 1372.200000 -13 541 1 0 1.000000
-0.460245 -0.909533 0 12.619200 -5.682350 203.279000 1372.350000 -13 542 1 0 1.000000
1.765690 -3.630800 0 -7.818570 3.501810 190.534000 1372.350000 -13 543 1 0 1.000000
-1.624600 -1.423820 0 -17.651500 -9.518810 202.236000 1372.480000 -13 544 1 0 1.000000
-2.822370 -4.761330 0 1.543410 9.339140 196.392000 1372.370000 -13 545 1 0 1.000000
-6.297510 0.315172 0 -2.405920 19.880800 220.363000 1372.230000 -13 546 1 0 1.000000
-7.155250 -0.086819 0 -1.699170 -0.762005 195.632000 1372.370000 -13 547 1 0 1.000000
-5.255240 3.542530 0 1.406700 -1.502890 214.455000 1372.390000 -13 548 1 0 1.000000
0.111426 -5.755330 0 -9.636000 -8.110920 220.637000 1372.150000 -13 549 1 0 1.000000
-0.848730 1.399560 0 -8.761160 18.534400 191.436000 1372.280000 -13 550 1 0 1.000000
-1.123010 -8.934020 0 5.868570 3.795180 190.008000 1372.280000 -13 551 1 0 1.000000
-12.992400 0.359218 0 -1.619530 -7.625200 206.790000 1372.190000 -13 552 1 0 1.000000
-1.555450 -9.610920 0 -19.505400 7.729890 205.113000 1372.440000 -13 553 1 0 1.000000
-7.885890 -4.399800 0 -2.752940 -3.145960 202.523000 1372.390000 -13 554 1 0 1.000000
5.175410 0.538243 0 2.185630 -9.958540 198.573000 1372.370000 -13 555 1 0 1.000000
-3.820820 -3.375460 0 8.935520 14.250900 186.457000 1372.380000 -13 556 1 0 1.000000
6.329010 -0.723666 0 12.054500 -6.760800 207.062000 1372.290000 -13 557 1 0 1.000000
2.465210 -5.367200 0 6.740740 10.535300 213.324000 1372.420000 -13 558 1 0 1.000000
0.549410 -4.093220 0 13.525700 -22.314900 199.549000 1372.460000 -13 559 1 0 1.000000
-2.630780 -1.228920 0 -37.102100 -6.772140 225.678000 1372.190000 -13 560 1 0 1.000000
-6.121090 -7.941150 0 -20.812600 9.731940 200.309000 1372.150000 -13 561 1 0 1.000000
-2.421690 -6.222550 0 -0.653228 -4.110030 197.521000 1372.350000 -13 562 1 0 1.000000
3.828790 -2.908070 0 -5.601990 7.644250 214.950000 1372.330000 -13 563 1 0 1.000000
-8.686820 -10.373400 0 19.578600 -11.535800 215.110000 1372.300000 -13 564 1 0 1.000000
3.224780 1.388730 0 4.702810 -0.450244 198.505000 1372.380000 -13 565 1 0 1.000000
0.428876 3.691580 0 -8.517520 5.682810 209.252000 1372.300000 -13 566 1 0 1.000000
-8.717330 0.209209 0 7.703630 8.757470 214.017000 1372.420000 -13 567 1 0 1.000000
-4.323240 -1.099340 0 18.352500 15.006000 204.491000 1372.040000 -13 568 1 0 1.000000
0.404240 -4.673550 0 -4.027990 1.395770 203.830000 1372.460000 -13 569 1 0 1.000000
2.047090 1.248690 0 -9.999430 -3.492270 209.104000 1372.280000 -13 570 1 0 1.000000
-2.824360 2.672280 0 -2.575000 11.663600 220.701000 1372.320000 -13 571 1 0 1.000000
-3.965780 -10.112900 0 21.282200 -7.483410 212.471000 1372.260000 -13 572 1 0 1.000000
-9.019150 1.476830 0 -11.597200 -9.996290 205.969000 1372.420000 -13 573 1 0 1.000000
2.150670 -7.990980 0 -2.678420 -2.475720 198.880000 1372.270000 -13 574 1 0 1.000000
7.770950 -2.371190 0 12.656400 2.842700 197.491000 1372.420000 -13 575 1 0 1.000000
-2.261920 -4.290520 0 -9.000940 -0.227654 210.986000 1372.440000 -13 576 1 0 1.000000
4.685030 8.224520 0 -12.166000 11.873200 203.785000 1372.360000 -13 577 1 0 1.000000
-2.544700 0.834360 0 -11.493900 -1.864370 212.950000 1372.470000 -13 578 1 0 1.000000
-1.319950 -2.528190 0 -17.516500 3.043760 209.603000 1372.240000 -13 579 1 0 1.000000
-12.407900 -4.292670 0 6.373770 -34.767100 212.908000 1372.300000 -13 580 1 0 1.000000
-6.387880 -1.706070 0 -6.579580 -2.067850 199.807000 1372.280000 -13 581 1 0 1.000000
-2.053300 1.771310 0 -1.179340 15.823700 211.368000 1372.320000 -13 582 1 0 1.000000
0.475057 -3.483720 0 10.575000 2.064760 189.214000 1372.200000 -13 583 1 0 1.000000
1.740540 -14.172100 0 -2.187110 8.542900 201.366000 1372.390000 -13 584 1 0 1.000000
-6.750250 5.592920 0 12.510500 -13.437400 192.236000 1372.200000 -13 585 1 0 1.000000
-6.118950 2.841480 0 2.109400 -2.240540 213.364000 1372.360000 -13 586 1 0 1.000000
3.065520 -3.030580 0 -3.996850 -9.621810 185.649000 1372.340000 -13 587 1 0 1.000000
-6.545390 3.383560 0 7.253730 -0.745139 189.885000 1372.290000 -13 588 1 0 1.000000
-7.130840 2.438890 0 -7.939830 0.920686 195.110000 1372.230000 -13 589 1 0 1.000000
-0.634323 -4.930680 0 20.799400 -10.156300 211.684000 1372.370000 -13 590 1 0 1.000000
-4.372610 -4.868200 0 -6.242320 6.910180 194.488000 1372.320000 -13 591 1 0 1.000000
-0.382050 4.217390 0 13.635900 -2.330050 195.153000 1372.310000 -13 592 1 0 1.000000
-2.021840 -1.565260 0 1.904680 -24.096000 187.726000 1372.230000 -13 593 1 0 1.000000
-0.701847 1.669560 0 -0.052603 -10.002300 202.992000 1372.390000 -13 594 1 0 1.000000
3.410260 -4.092120 0 2.914080 1.169740 201.689000 1372.470000 -13 595 1 0 1.000000
2.122070 -2.923480 0 -3.858060 -1.547650 207.360000 1372.410000 -13 596 1 0 1.000000
-1.619160 0.841421 0 10.920400 6.950080 218.886000 1372.150000 -13 597 1 0 1.000000
-9.749370 -3.177200 0 15.514400 7.342370 193.457000 1372.190000 -13 598 1 0 1.000000
0.072932 -7.208390 0 -16.981600 -5.953920 216.222000 1372.270000 -13 599 1 0 1.000000
1.038350 -2.077160 0 -44.549900 -20.183700 217.404000 1372.370000 -13 600 1 0 1.000000
4.453010 -5.286800 0 -16.098100 6.262770 204.979000 1372.430000 -13 601 1 0 1.000000
-3.144220 -1.685000 0 3.966440 10.002100 210.811000 1372.320000 -13 602 1 0 1.000000
-1.812000 2.536130 0 21.432700 0.053106 214.661000 1372.320000 -13 603 1 0 1.000000
-7.640780 2.434880 0 22.767800 16.138700 219.328000 1372.140000 -13 604 1 0 1.000000
-2.439070 -12.200400 0 -19.685300 -0.851630 193.943000 1372.190000 -13 605 1 0 1.000000
-5.144480 -5.129990 0 -16.782600 13.831400 192.700000 1372.310000 -13 606 1 0 1.000000
1.624780 0.673055 0 12.922700 -16.139600 203.475000 1372.120000 -13 607 1 0 1.000000
-4.623790 -0.216890 0 10.238300 41.209700 200.652000 1372.360000 -13 608 1 0 1.000000
2.774260 1.153530 0 -21.181600 -21.062200 198.420000 1372.400000 -13 609 1 0 1.000000
-2.292180 -0.854724 0 1.823370 9.826640 205.449000 1372.210000 -13 610 1 0 1.000000
-5.178140 -1.350230 0 18.541300 -8.138850 216.238000 1372.220000 -13 611 1 0 1.000000
-2.222770 -3.081410 0 -5.481320 -0.641653 207.193000 1372.360000 -13 612 1 0 1.000000
-4.282120 -4.128270 0 16.323100 5.191390 191.600000 1372.270000 -13 613 1 0 1.000000
-8.903260 -5.154380 0 -17.801500 -10.267100 211.755000 1372.410000 -13 614 1 0 1.000000
-1.174290 -2.793080 0 -14.455200 -23.785000 193.138000 1372.290000 -13 615 1 0 1.000000
-12.131300 3.091430 0 0.098593 -23.752200 205.521000 1372.180000 -13 616 1 0 1.000000
1.389370 -0.967607 0 -11.250900 7.055990 198.026000 1372.020000 -13 617 1 0 1.000000
-7.417800 3.046230 0 -9.221170 -19.230200 227.545000 1372.190000 -13 618 1 0 1.000000
-1.931700 -1.060390 0 9.330410 -13.464500 223.355000 1372.150000 -13 619 1 0 1.000000
-0.257688 -0.291908 0 6.299830 2.090480 195.892000 1372.190000 -13 620 1 0 1.000000
-4.692400 -3.743460 0 2.813670 -10.190400 192.629000 1372.360000 -13 621 1 0 1.000000
1.889420 -12.993700 0 -1.732080 -6.047390 209.840000 1372.340000 -13 622 1 0 1.000000
-3.486470 -4.119580 0 -5.969840 -17.756500 196.639000 1372.440000 -13 623 1 0 1.000000
9.867580 -3.486730 0 13.153800 22.321900 227.391000 1372.240000 -13 624 1 0 1.000000
-1.931480 -1.230580 0 15.063800 -25.523600 200.398000 1372.120000 -13 625 1 0 1.000000
1.681320 3.584970 0 -2.083340 -9.249070 199.238000 1372.430000 -13 626 1 0 1.000000
-1.941340 -1.666930 0 2.400190 -18.902800 194.352000 1372.280000 -13 627 1 0 1.000000
3.876500 -3.017210 0 -15.022100 -3.672860 206.058000 1372.180000 -13 628 1 0 1.000000
-3.542390 -11.886500 0 -8.139010 -14.467500 212.222000 1372.190000 -13 629 1 0 1.000000
-3.716110 -3.859430 0 12.047800 25.096200 219.783000 1372.230000 -13 630 1 0 1.000000
-3.886060 -0.657625 0 5.096470 -15.782200 180.737000 1372.350000 -13 631 1 0 1.000000
-2.374350 -7.094890 0 -7.295430 3.849500 213.129000 1372.180000 -13 632 1 0 1.000000
-4.618670 4.317270 0 -19.373200 -10.612000 203.883000 1372.200000 -13 633 1 0 1.000000
-0.347753 2.165130 0 -11.196000 1.798290 184.129000 1372.290000 -13 634 1 0 1.000000
1.570710 0.000151 0 -10.283800 -4.665690 207.091000 1372.370000 -13 635 1 0 1.000000
-5.074230 -5.128340 0 1.705440 4.539200 200.522000 1372.430000 -13 636 1 0 1.000000
-0.173814 6.889280 0 -20.545600 22.976900 219.448000 1372.200000 -13 637 1 0 1.000000
-2.249400 3.012600 0 35.661600 -34.461800 212.497000 1372.460000 -13 638 1 0 1.000000
-0.014875 -6.028150 0 -14.018700 15.506800 197.105000 1372.400000 -13 639 1 0 1.000000
0.340761 -3.804520 0 -24.586400 13.888300 198.220000 1372.280000 -13 640 1 0 1.000000
-5.082120 -2.662050 0 17.306700 -6.014830 207.063000 1372.380000 -13 641 1 0 1.000000
5.643420 0.903633 0 10.759100 8.775990 214.026000 1372.360000 -13 642 1 0 1.000000
-9.216780 -5.368220 0 -2.387260 -13.640600 211.023000 1372.390000 -13 643 1 0 1.000000
3.353790 0.508595 0 6.806790 -9.497730 185.840000 1372.280000 -13 644 1 0 1.000000
-1.781560 -3.651730 0 -2.486700 -3.408930 214.388000 1372.210000 -13 645 1 0 1.000000
-2.907240 -4.734250 0 -5.099590 13.931500 188.429000 1372.420000 -13 646 1 0 1.000000
-8.297980 1.987380 0 -1.519970 -10.593700 200.707000 1372.340000 -13 647 1 0 1.000000
-1.883510 -6.611720 0 3.602840 4.441140 203.648000 1372.240000 -13 648 1 0 1.000000
-3.261500 -11.177600 0 15.719300 26.623700 206.383000 1372.160000 -13 649 1 0 1.000000
1.346050 -3.738190 0 -6.269360 3.476700 192.239000 1372.360000 -13 650 1 0 1.000000
-3.833040 3.068490 0 21.548900 -8.777060 202.267000 1372.350000 -13 651 1 0 1.000000
3.786410 -0.151970 0 23.975000 24.021100 225.825000 1372.400000 -13 652 1 0 1.000000
-3.370700 -10.979100 0 33.488700 22.155300 213.357000 1372.390000 -13 653 1 0 1.000000
-2.972960 -2.556340 0 -25.841100 -9.715220 201.279000 1372.390000 -13 654 1 0 1.000000
-0.476480 -8.960300 0 -18.773300 -1.404370 205.210000 1372.250000 -13 655 1 0 1.000000
-4.245280 1.283240 0 -4.263350 11.592300 194.009000 1372.370000 -13 656 1 0 1.000000
1.573550 -1.684760 0 4.557010 7.756930 202.133000 1372.410000 -13 657 1 0 1.000000
-7.780330 1.985330 0 8.644950 9.247540 202.658000 1372.320000 -13 658 1 0 1.000000
2.504550 -1.326290 0 17.626000 -12.948200 206.052000 1372.200000 -13 659 1 0 1.000000
-3.237970 -0.249557 0 -1.707390 -16.608000 221.170000 1372.260000 -13 660 1 0 1.000000
0.240942 -8.464510 0 9.130690 3.814100 194.948000 1372.240000 -13 661 1 0 1.000000
-1.349450 -0.819825 0 30.930200 0.188345 209.584000 1372.420000 -13 662 1 0 1.000000
-0.306753 -3.411770 0 1.341490 19.156000 199.736000 1372.400000 -13 663 1 0 1.000000
-3.591700 2.431930 0 15.362000 10.747100 218.874000 1372.350000 -13 664 1 0 1.000000
-12.061200 -4.409110 0 5.303490 -13.424200 202.560000 1372.280000 -13 665 1 0 1.000000
-1.342480 -3.522660 0 4.163750 -10.435000 214.154000 1372.380000 -13 666 1 0 1.000000
-4.223510 1.438960 0 22.917700 -12.458600 229.385000 1372.270000 -13 667 1 0 1.000000
-0.218895 -5.922930 0 -13.454500 10.641200 200.295000 1372.450000 -13 668 1 0 1.000000
-2.913370 -5.478210 0 -29.447000 -17.114000 209.485000 1372.330000 -13 669 1 0 1.000000
-1.433530 -1.375710 0 -13.369800 -7.401220 212.139000 1372.370000 -13 670 1 0 1.000000
-3.093960 -5.045880 0 -1.833510 -19.532600 188.091000 1372.160000 -13 671 1 0 1.000000
-4.643760 -10.666500 0 -1.909260 -8.509630 201.242000 1372.130000 -13 672 1 0 1.000000
2.259670 -1.547490 0 11.146700 -2.346740 193.743000 1372.260000 -13 673 1 0 1.000000
2.656780 -4.021090 0 -6.192360 12.015400 212.716000 1372.210000 -13 674 1 0 1.000000
-5.144070 0.586527 0 -5.241150 -18.860600 227.371000 1372.280000 -13 675 1 0 1.000000
4.860370 -2.568080 0 16.860600 0.221660 195.767000 1372.490000 -13 676 1 0 1.000000
-0.119289 -1.602080 0 1.827900 2.820070 212.797000 1372.150000 -13 677 1 0 1.000000
-0.670121 -2.513160 0 19.392800 6.799040 187.037000 1372.440000 -13 678 1 0 1.000000
2.447500 -3.049540 0 -30.473000 8.492260 210.222000 1372.190000 -13 679 1 0 1.000000
-4.113630 -2.152690 0 -0.958077 5.218420 183.923000 1372.310000 -13 680 1 0 1.000000
-3.071440 -3.047100 0 8.922120 13.565800 217.347000 1372.410000 -13 681 1 0 1.000000
-4.407160 -6.984410 0 -21.212200 6.887710 208.125000 1372.470000 -13 682 1 0 1.000000
-1.004640 1.961340 0 9.038570 -19.383000 219.390000 1372.230000 -13 683 1 0 1.000000
-2.344220 -2.978480 0 -6.157630 -14.260900 205.586000 1372.260000 -13 684 1 0 1.000000
6.092040 -3.444060 0 -22.779900 18.089700 202.332000 1372.360000 -13 685 1 0 1.000000
-1.933490 -3.510580 0 16.681700 -5.137650 198.630000 1372.240000 -13 686 1 0 1.000000
-5.352450 -8.411800 0 24.673300 -18.529200 205.130000 1372.580000 -13 687 1 0 1.000000
-2.839880 -3.140020 0 -5.184750 -2.470370 204.209000 1372.300000 -13 688 1 0 1.000000
-3.271070 -0.668074 0 -19.521900 -1.330250 213.577000 1372.330000 -13 689 1 0 1.000000
-2.648930 -5.056680 0 -8.682070 -23.777200 194.563000 1372.280000 -13 690 1 0 1.000000
-2.656260 0.962447 0 11.757500 14.605300 208.591000 1372.190000 -13 691 1 0 1.000000
2.528980 -3.296290 0 19.440500 -7.195900 206.640000 1372.470000 -13 692 1 0 1.000000
2.473640 -1.028810 0 -10.670000 6.427810 206.494000 1372.400000 -13 693 1 0 1.000000
3.072750 -0.011933 0 20.073800 20.695800 215.835000 1372.100000 -13 694 1 0 1.000000
-4.228140 0.044207 0 -17.926000 2.330360 207.050000 1372.410000 -13 695 1 0 1.000000
-2.364610 2.585530 0 18.453100 -10.556200 195.323000 1372.090000 -13 696 1 0 1.000000
-5.237350 -4.740000 0 -8.786430 -5.086740 212.151000 1372.230000 -13 697 1 0 1.000000
1.749070 -2.690380 0 3.413550 35.839400 213.832000 1372.180000 -13 698 1 0 1.000000
-7.541370 0.450599 0 -17.690100 11.755800 202.353000 1372.150000 -13 699 1 0 1.000000
5.180300 -16.137800 0 6.315350 -0.183244 218.037000 1372.150000 -13 700 1 0 1.000000
-8.114340 5.479620 0 -14.928300 11.973600 202.366000 1372.180000 -13 701 1 0 1.000000
-1.949940 -4.818390 0 10.295500 -0.170941 204.386000 1372.270000 -13 702 1 0 1.000000
-4.276670 -2.641230 0 -1.221590 4.967400 211.304000 1372.300000 -13 703 1 0 1.000000
-5.796440 6.786640 0 2.876570 -8.896860 203.894000 1372.360000 -13 704 1 0 1.000000
-4.613740 -4.199390 0 -0.657702 -7.792100 210.515000 1372.200000 -13 705 1 0 1.000000
0.973429 -8.128260 0 1.894100 -2.152090 195.567000 1372.200000 -13 706 1 0 1.000000
-1.900430 -3.281670 0 7.497260 -1.209530 194.502000 1372.330000 -13 707 1 0 1.000000
5.394370 -3.592780 0 -5.060880 -4.736000 193.828000 1372.350000 -13 708 1 0 1.000000
-4.217890 0.315000 0 -11.242400 6.709660 199.958000 1372.360000 -13 709 1 0 1.000000
-1.526510 -5.498100 0 -14.282400 -8.509100 188.682000 1372.200000 -13 710 1 0 1.000000
-3.741690 5.560660 0 -7.120910 15.411000 196.745000 1372.120000 -13 711 1 0 1.000000
-1.529430 -10.732100 0 32.580900 5.545430 192.871000 1372.370000 -13 712 1 0 1.000000
-0.464692 -6.534810 0 4.090650 1.312190 200.594000 1372.350000 -13 713 1 0 1.000000
-1.070000 5.764720 0 -18.304400 -4.221610 207.160000 1372.480000 -13 714 1 0 1.000000
-3.439940 -1.993760 0 -9.765800 -9.289820 205.590000 1372.320000 -13 715 1 0 1.000000
-1.554190 -5.402310 0 6.287180 -5.638910 219.138000 1372.230000 -13 716 1 0 1.000000
0.144530 4.014690 0 -1.651320 2.084870 188.144000 1372.150000 -13 717 1 0 1.000000
2.049550 -4.658940 0 7.038060 5.186280 207.505000 1372.340000 -13 718 1 0 1.000000
-1.978630 -3.827760 0 7.223140 7.100760 190.564000 1372.270000 -13 719 1 0 1.000000
-1.615900 -1.281560 0 7.623270 2.586020 190.353000 1372.330000 -13 720 1 0 1.000000
-3.636900 0.277057 0 -38.040500 -21.578000 217.579000 1372.520000 -13 721 1 0 1.000000
3.780260 -3.746120 0 6.364600 18.465900 206.017000 1372.290000 -13 722 1 0 1.000000
-3.424900 1.535100 0 -17.048500 9.659190 196.754000 1372.330000 -13 723 1 0 1.000000
-5.794210 2.550720 0 -19.457400 -0.239446 201.791000 1372.260000 -13 724 1 0 1.000000
-0.192459 -5.017490 0 -3.137490 11.866900 191.343000 1372.370000 -13 725 1 0 1.000000
-3.489280 -0.808731 0 -14.660600 12.068100 215.978000 1372.190000 -13 726 1 0 1.000000
0.576458 -4.471930 0 -17.790800 28.815100 199.858000 1372.370000 -13 727 1 0 1.000000
-1.399670 3.453130 0 -3.117420 -2.628960 201.398000 1372.230000 -13 728 1 0 1.000000
-0.435204 -2.309120 0 -3.726650 -3.531120 194.530000 1372.410000 -13 729 1 0 1.000000
-1.124600 -5.029010 0 -11.235100 -5.632150 204.828000 1372.470000 -13 730 1 0 1.000000
-4.578590 2.032190 0 19.398700 19.227700 201.948000 1372.310000 -13 731 1 0 1.000000
-3.953150 3.546560 0 5.529990 -12.905900 207.846000 1372.350000 -13 732 1 0 1.000000
0.424234 -7.504190 0 -6.971360 -2.331770 208.978000 1372.200000 -13 733 1 0 1.000000
-4.558310 -4.932480 0 -26.732900 -6.134330 200.738000 1372.210000 -13 734 1 0 1.000000
-2.454270 -4.871820 0 -9.848480 0.871661 197.027000 1372.350000 -13 735 1 0 1.000000
-0.252254 -7.496050 0 -2.705810 -16.490100 195.746000 1372.480000 -13 736 1 0 1.000000
-7.681830 -1.586420 0 4.489140 7.159420 209.885000 1372.270000 -13 737 1 0 1.000000
6.854290 -4.807080 0 3.568220 -4.216290 187.729000 1372.350000 -13 738 1 0 1.000000
3.728330 3.202020 0 16.579100 -6.819300 216.561000 1372.410000 -13 739 1 0 1.000000
0.721654 1.761180 0 6.665920 6.928890 195.548000 1372.120000 -13 740 1 0 1.000000
-7.113680 -2.901620 0 -12.411600 -5.496320 196.568000 1372.410000 -13 741 1 0 1.000000
-1.587060 0.346993 0 -13.339500 -4.126380 221.955000 1372.330000 -13 742 1 0 1.000000
3.941330 -3.993290 0 0.631253 8.682640 192.204000 1372.180000 -13 743 1 0 1.000000
1.386540 -7.499340 0 11.046100 9.767840 199.994000 1372.170000 -13 744 1 0 1.000000
-2.541170 -6.984570 0 7.087790 -15.867600 199.273000 1372.310000 -13 745 1 0 1.000000
-3.767890 -0.187547 0 -4.849430 6.928300 202.747000 1372.220000 -13 746 1 0 1.000000
-2.293800 0.555239 0 3.527900 -2.864010 190.749000 1372.350000 -13 747 1 0 1.000000
-2.632840 -6.568120 0 29.451900 -13.187300 216.800000 1372.250000 -13 748 1 0 1.000000
0.471250 6.671500 0 -7.454730 16.468700 215.520000 1372.340000 -13 749 1 0 1.000000
-3.253830 -4.486630 0 -5.076560 -14.835600 183.622000 1372.280000 -13 750 1 0 1.000000
-2.722940 3.611530 0 -4.468850 5.928530 209.499000 1372.400000 -13 751 1 0 1.000000
-3.160130 -6.366630 0 20.941500 14.994900 203.689000 1372.360000 -13 752 1 0 1.000000
-7.980370 -5.146670 0 13.694300 4.771560 209.277000 1372.360000 -13 753 1 0 1.000000
-4.163530 1.060220 0 -2.467640 -31.468700 190.563000 1372.280000 -13 754 1 0 1.000000
-2.660440 -5.850630 0 20.952400 -3.623090 207.427000 1372.370000 -13 755 1 0 1.000000
3.074450 -0.395302 0 -18.453500 6.233280 198.689000 1372.350000 -13 756 1 0 1.000000
-12.708400 -5.490690 0 28.170700 11.053300 219.358000 1372.420000 -13 757 1 0 1.000000
-2.377330 1.779760 0 -13.232000 -5.684530 194.315000 1372.330000 -13 758 1 0 1.000000
-4.517030 -3.760030 0 -0.556005 4.264490 196.655000 1372.290000 -13 759 1 0 1.000000
-12.262800 -3.465980 0 11.959600 14.325900 219.030000 1372.230000 -13 760 1 0 1.000000
2.052980 0.741289 0 -4.313900 2.772740 213.061000 1372.210000 -13 761 1 0 1.000000
-5.773710 0.724322 0 -0.983499 -14.602700 197.235000 1372.390000 -13 762 1 0 1.000000
-2.277490 -1.874170 0 -15.331200 -1.163230 213.010000 1372.360000 -13 763 1 0 1.000000
-2.147650 2.435940 0 -29.819800 -9.220390 204.369000 1372.190000 -13 764 1 0 1.000000
1.599440 0.974253 0 9.036010 -10.058300 211.708000 1372.360000 -13 765 1 0 1.000000
-4.827830 -0.363184 0 -11.022000 -19.147100 194.310000 1372.320000 -13 766 1 0 1.000000
4.118750 7.973140 0 -11.548300 -8.616040 210.238000 1372.230000 -13 767 1 0 1.000000
-4.222490 -4.659460 0 30.356700 -12.489800 187.597000 1372.270000 -13 768 1 0 1.000000
2.195460 3.382600 0 4.771800 15.001500 200.208000 1372.480000 -13 769 1 0 1.000000
-0.360665 -0.713352 0 -3.456740 3.898650 188.166000 1372.270000 -13 770 1 0 1.000000
0.543598 3.348540 0 -21.844900 -10.868000 188.054000 1372.310000 -13 771 1 0 1.000000
3.154000 0.155527 0 26.054700 10.771900 200.733000 1372.360000 -13 772 1 0 1.000000
-5.484580 1.081840 0 -14.496600 0.797264 195.659000 1372.320000 -13 773 1 0 1.000000
2.055410 0.709204 0 1.260860 -1.498850 194.398000 1372.280000 -13 774 1 0 1.000000
-0.479756 -1.715130 0 -3.438510 3.734130 201.149000 1372.310000 -13 775 1 0 1.000000
-6.187210 5.803870 0 26.116900 -8.286520 206.954000 1372.090000 -13 776 1 0 1.000000
-3.206020 -4.502300 0 -3.949140 20.429700 202.945000 1372.100000 -13 777 1 0 1.000000
-2.666850 -4.269230 0 14.421800 8.229630 214.435000 1372.310000 -13 778 1 0 1.000000
-2.445160 3.789630 0 3.412360 -13.034000 201.072000 1372.400000 -13 779 1 0 1.000000
-1.474450 -2.757310 0 -10.926500 6.458570 200.778000 1372.360000 -13 780 1 0 1.000000
-1.020050 -9.039340 0 3.744300 -18.227800 210.052000 1372.330000 -13 781 1 0 1.000000
-6.628980 -4.161920 0 24.143700 17.003800 200.628000 1372.400000 -13 782 1 0 1.000000
-3.223960 3.062820 0 2.651380 18.125800 214.633000 1372.270000 -13 783 1 0 1.000000
-5.436690 -1.064190 0 12.145100 8.504500 197.082000 1372.220000 -13 784 1 0 1.000000
1.941030 8.060730 0 -13.705300 11.484900 199.824000 1372.220000 -13 785 1 0 1.000000
3.757790 -5.293110 0 -14.069700 16.321400 203.742000 1372.350000 -13 786 1 0 1.000000
-2.515310 -4.536600 0 -3.159610 6.495420 184.315000 1372.190000 -13 787 1 0 1.000000
0.358135 2.763810 0 -4.225680 -5.044490 202.547000 1372.460000 -13 788 1 0 1.000000
-1.425150 -5.578920 0 -20.114500 -8.411370 209.507000 1372.390000 -13 789 1 0 1.000000
-3.107190 -2.982710 0 10.873800 2.191930 201.794000 1372.380000 -13 790 1 0 1.000000
0.308051 -3.163010 0 3.258110 -18.460200 191.516000 1372.260000 -13 791 1 0 1.000000
1.957700 -5.290790 0 15.040100 -13.478600 204.790000 1372.150000 -13 792 1 0 1.000000
-0.950789 -8.220970 0 11.384300 1.746130 187.173000 1372.230000 -13 793 1 0 1.000000
-3.333270 -3.799330 0 1.118380 -6.251790 214.372000 1372.280000 -13 794 1 0 1.000000
-4.364630 -2.347500 0 12.555600 -4.278090 204.576000 1372.230000 -13 795 1 0 1.000000
-1.957990 -3.532770 0 -10.393500 -28.588700 200.331000 1372.210000 -13 796 1 0 1.000000
-3.063360 2.655890 0 -14.355200 -19.823900 234.996000 1372.270000 -13 797 1 0 1.000000
-3.592140 0.305207 0 8.696830 -11.951900 210.768000 1372.430000 -13 798 1 0 1.000000
-3.011660 -9.401000 0 19.737800 15.599300 211.765000 1372.540000 -13 799 1 0 1.000000
-3.338830 5.202620 0 -5.352560 -23.909200 199.758000 1372.120000 -13 800 1 0 1.000000
3.376080 1.663030 0 -18.696500 -1.629940 208.220000 1372.230000 -13 801 1 0 1.000000
-6.396410 -0.797945 0 2.574910 -1.753180 195.351000 1372.260000 -13 802 1 0 1.000000
-1.263950 -2.366420 0 12.462400 7.778720 198.654000 1372.480000 -13 803 1 0 1.000000
-13.047300 -5.473020 0 20.990000 -3.446900 195.900000 1372.240000 -13 804 1 0 1.000000
3.158170 -4.311950 0 6.434510 6.542930 194.816000 1372.370000 -13 805 1 0 1.000000
-6.129770 -2.286260 0 10.905400 -1.178450 220.576000 1372.140000 -13 806 1 0 1.000000
-1.204800 -1.451390 0 -0.593063 26.108900 218.099000 1372.280000 -13 807 1 0 1.000000
-4.640380 -6.639350 0 -2.338600 0.538517 210.463000 1372.440000 -13 808 1 0 1.000000
-1.375740 -3.587030 0 21.660200 -40.866900 219.900000 1372.180000 -13 809 1 0 1.000000
-10.073200 0.132354 0 0.362056 -24.519500 213.532000 1372.090000 -13 810 1 0 1.000000
-1.431730 -6.321960 0 9.930360 -2.638220 201.381000 1372.200000 -13 811 1 0 1.000000
-4.489120 -6.328990 0 -2.356750 -24.560300 207.933000 1372.130000 -13 812 1 0 1.000000
-5.941480 -1.046070 0 7.098750 13.453100 187.809000 1372.290000 -13 813 1 0 1.000000
0.958871 -0.945809 0 -21.551500 15.194500 202.465000 1372.440000 -13 814 1 0 1.000000
-11.059900 -6.422890 0 -13.561000 -5.881490 198.627000 1372.290000 -13 815 1 0 1.000000
-0.947258 -6.465050 0 -10.088600 19.665000 236.468000 1372.310000 -13 816 1 0 1.000000
1.350230 -3.361160 0 9.108880 -2.866600 208.910000 1372.400000 -13 817 1 0 1.000000
-0.428020 -6.633270 0 -13.032600 6.477670 209.608000 1372.180000 -13 818 1 0 1.000000
-4.984350 -5.011160 0 3.848260 8.533230 205.913000 1372.190000 -13 819 1 0 1.000000
-4.888590 -7.092520 0 -2.734380 -8.383340 191.889000 1372.460000 -13 820 1 0 1.000000
1.587320 -4.735460 0 -4.554310 -23.012400 196.795000 1372.280000 -13 821 1 0 1.000000
-2.820920 3.180060 0 -1.668630 10.762300 200.621000 1372.480000 -13 822 1 0 1.000000
0.273854 -4.803810 0 -13.217800 -12.475500 191.586000 1372.230000 -13 823 1 0 1.000000
-6.900510 -7.970960 0 -3.736320 -8.535190 214.674000 1372.140000 -13 824 1 0 1.000000
-1.174290 -8.081570 0 -0.306751 14.344300 206.982000 1372.450000 -13 825 1 0 1.000000
-0.408079 2.112920 0 9.472960 3.741520 198.561000 1372.370000 -13 826 1 0 1.000000
-7.184880 2.649730 0 6.370340 -14.513800 201.158000 1372.340000 -13 827 1 0 1.000000
-5.091520 -2.026860 0 -6.142120 8.535050 211.732000 1372.340000 -13 828 1 0 1.000000
4.708600 -5.051940 0 -8.705810 0.393312 209.849000 1372.170000 -13 829 1 0 1.000000
-4.449500 -0.166101 0 -16.844800 -0.545882 195.923000 1372.420000 -13 830 1 0 1.000000
-2.776030 -1.556010 0 2.968160 8.164830 218.788000 1372.410000 -13 831 1 0 1.000000
-5.094460 -3.631810 0 3.108720 -11.627600 224.444000 1372.400000 -13 832 1 0 1.000000
-4.688020 -8.323460 0 -9.167620 -13.838800 206.359000 1372.350000 -13 833 1 0 1.000000
3.854480 -4.304440 0 -4.325790 4.010800 214.255000 1372.380000 -13 834 1 0 1.000000
1.302410 -4.904640 0 -3.679320 14.596600 187.826000 1372.350000 -13 835 1 0 1.000000
3.625580 -9.166600 0 -4.027490 7.677750 188.499000 1372.370000 -13 836 1 0 1.000000
0.956584 -3.361290 0 -2.350160 1.301350 198.451000 1372.450000 -13 837 1 0 1.000000
3.295870 -3.115290 0 1.793840 -14.450700 199.880000 1372.280000 -13 838 1 0 1.000000
-11.919000 -4.591580 0 -11.693000 -14.789700 209.427000 1372.190000 -13 839 1 0 1.000000
-2.208900 -0.239539 0 17.207300 -11.179300 206.536000 1372.250000 -13 840 1 0 1.000000
0.918662 -2.896710 0 -17.065600 1.565280 210.312000 1372.330000 -13 841 1 0 1.000000
3.086500 -3.305230 0 1.585410 5.385390 191.703000 1372.220000 -13 842 1 0 1.000000
-5.711280 1.454410 0 -7.572970 -14.337600 227.503000 1372.260000 -13 843 1 0 1.000000
-7.861330 3.102920 0 -22.486200 6.339060 205.042000 1372.340000 -13 844 1 0 1.000000
0.336564 0.706064 0 4.699020 -1.446950 207.703000 1372.210000 -13 845 1 0 1.000000
-2.227510 1.523130 0 11.708100 12.513700 192.233000 1372.100000 -13 846 1 0 1.000000
-3.354780 -1.909250 0 6.554840 -8.524100 211.076000 1372.350000 -13 847 1 0 1.000000
-1.478080 2.176620 0 13.745400 22.799600 206.947000 1372.040000 -13 848 1 0 1.000000
8.985090 -12.246600 0 15.735700 -17.588500 211.138000 1372.320000 -13 849 1 0 1.000000
-9.016780 -3.796930 0 -3.260990 -14.794800 210.436000 1372.250000 -13 850 1 0 1.000000
-2.770190 -3.626750 0 5.896600 -22.976300 209.550000 1372.290000 -13 851 1 0 1.000000
-5.499310 -3.260310 0 -18.416600 27.796900 201.129000 1372.310000 -13 852 1 0 1.000000
-2.223310 -5.257270 0 12.080700 4.801120 209.744000 1372.340000 -13 853 1 0 1.000000
0.682280 -2.310470 0 29.343900 -10.077400 221.043000 1372.310000 -13 854 1 0 1.000000
-3.944160 0.663283 0 11.192100 33.726700 201.045000 1372.230000 -13 855 1 0 1.000000
-4.311710 -1.488160 0 17.488300 7.723680 204.534000 1372.330000 -13 856 1 0 1.000000
-1.961210 -0.349599 0 4.930610 17.762900 216.280000 1372.110000 -13 857 1 0 1.000000
-2.406600 1.335640 0 -0.438760 -16.085100 191.185000 1372.440000 -13 858 1 0 1.000000
3.442060 -1.269580 0 9.085160 -14.059200 189.914000 1372.410000 -13 859 1 0 1.000000
-3.577520 0.004613 0 -16.773400 -11.266100 206.953000 1372.330000 -13 860 1 0 1.000000
-5.517450 1.076390 0 -7.811360 -6.799510 186.961000 1372.320000 -13 861 1 0 1.000000
9.235030 -9.599220 0 7.619430 7.277040 200.756000 1372.270000 -13 862 1 0 1.000000
1.976650 -8.013400 0 22.121500 1.070480 197.601000 1372.260000 -13 863 1 0 1.000000
3.282980 2.134250 0 -11.605500 8.064070 212.978000 1372.360000 -13 864 1 0 1.000000
-0.801424 3.143180 0 -6.807020 -18.248700 189.180000 1372.380000 -13 865 1 0 1.000000
1.582620 -3.045260 0 3.522430 -7.339150 196.936000 1372.430000 -13 866 1 0 1.000000
-1.776270 -4.766910 0 4.572930 18.810000 203.114000 1372.250000 -13 867 1 0 1.000000
-7.720090 1.650790 0 -11.255700 -0.842566 190.355000 1372.250000 -13 868 1 0 1.000000
0.934553 -6.773740 0 5.295550 -6.757610 216.752000 1372.380000 -13 869 1 0 1.000000
0.999151 -1.634600 0 8.472130 -9.309240 203.680000 1372.480000 -13 870 1 0 1.000000
-9.961910 -3.851310 0 6.210980 -14.387300 214.930000 1372.280000 -13 871 1 0 1.000000
-7.891350 -3.208200 0 3.811900 -0.037881 213.936000 1372.250000 -13 872 1 0 1.000000
2.371010 -3.412360 0 -0.910993 -12.412200 202.633000 1372.400000 -13 873 1 0 1.000000
-2.695530 0.050639 0 -9.909150 4.802680 204.557000 1372.180000 -13 874 1 0 1.000000
8.247060 2.602460 0 -29.978100 -0.742562 202.204000 1372.400000 -13 875 1 0 1.000000
-2.432630 -10.448800 0 10.332500 -7.051740 196.370000 1372.390000 -13 876 1 0 1.000000
-0.148536 -4.944340 0 30.746900 -19.677400 214.357000 1372.320000 -13 877 1 0 1.000000
-1.149890 -7.470550 0 3.519340 -6.624760 208.488000 1372.100000 -13 878 1 0 1.000000
-1.755570 -9.473510 0 9.546080 29.207600 207.409000 1372.360000 -13 879 1 0 1.000000
0.174827 0.168731 0 12.950500 -12.159100 196.061000 1372.450000 -13 880 1 0 1.000000
9.656020 3.191390 0 -7.147590 -3.291300 193.816000 1372.200000 -13 881 1 0 1.000000
-3.064870 0.298895 0 -17.209400 -3.407820 199.255000 1372.410000 -13 882 1 0 1.000000
-3.205010 2.903940 0 -16.436600 -13.868000 213.932000 1372.430000 -13 883 1 0 1.000000
1.528930 -3.615940 0 -3.193610 7.390990 203.297000 1372.320000 -13 884 1 0 1.000000
0.694031 -5.574020 0 -18.075200 3.821790 196.451000 1372.370000 -13 885 1 0 1.000000
-0.773829 -3.526520 0 -0.024169 -0.093205 195.975000 1372.210000 -13 886 1 0 1.000000
-2.910470 -7.950060 0 -7.755650 -1.506710 215.164000 1372.140000 -13 887 1 0 1.000000
-2.013890 -1.370990 0 17.379300 5.812990 204.482000 1372.140000 -13 888 1 0 1.000000
-5.192260 -5.017330 0 3.189910 -7.294590 206.461000 1372.420000 -13 889 1 0 1.000000
5.322670 -4.644820 0 3.357520 -3.140070 190.958000 1372.200000 -13 890 1 0 1.000000
4.634690 -2.236010 0 10.724600 -18.438200 200.618000 1372.380000 -13 891 1 0 1.000000
7.469720 -4.916150 0 -15.820100 2.153760 203.117000 1372.110000 -13 892 1 0 1.000000
-1.867110 -3.360110 0 4.426660 0.875981 198.125000 1372.240000 -13 893 1 0 1.000000
4.752630 -0.215006 0 -0.016382 10.074800 202.131000 1372.210000 -13 894 1 0 1.000000
-3.166800 -5.786370 0 -11.660300 -4.297810 188.956000 1372.290000 -13 895 1 0 1.000000
-4.646720 -3.136860 0 8.222920 -23.513200 227.923000 1372.190000 -13 896 1 0 1.000000
-2.597740 -6.700140 0 2.321650 9.733280 189.939000 1372.400000 -13 897 1 0 1.000000
7.280840 -8.509240 0 21.166500 -13.115400 200.121000 1372.190000 -13 898 1 0 1.000000
5.324370 4.713040 0 18.391900 36.182800 201.611000 1372.450000 -13 899 1 0 1.000000
-3.596760 -1.968750 0 -21.319500 8.413750 210.052000 1372.480000 -13 900 1 0 1.000000
1.431610 -5.555120 0 -10.409600 3.028960 204.130000 1372.310000 -13 901 1 0 1.000000
-3.651690 -5.690420 0 12.096900 3.280800 184.096000 1372.200000 -13 902 1 0 1.000000
-4.970620 2.490060 0 -17.507300 2.606910 209.531000 1372.350000 -13 903 1 0 1.000000
-5.538390 -2.020730 0 -4.827270 -6.246770 218.865000 1372.250000 -13 904 1 0 1.000000
3.634030 -2.985390 0 -0.172910 -2.505480 195.128000 1372.370000 -13 905 1 0 1.000000
-2.324090 -0.682687 0 4.430050 18.082800 207.371000 1372.060000 -13 906 1 0 1.000000
-0.400006 -4.743190 0 -10.853500 -0.585729 199.505000 1372.490000 -13 907 1 0 1.000000
-2.602740 0.363574 0 0.272746 -11.270200 197.202000 1372.230000 -13 908 1 0 1.000000
-0.880862 -5.398520 0 -0.623201 -13.293900 201.242000 1372.380000 -13 909 1 0 1.000000
4.771170 -5.992300 0 -9.749320 -1.522640 191.662000 1372.320000 -13 910 1 0 1.000000
-1.716050 -6.766520 0 -10.582800 6.194160 204.747000 1372.240000 -13 911 1 0 1.000000
-1.182390 0.227198 0 9.737000 -13.696800 196.478000 1372.250000 -13 912 1 0 1.000000
-6.889110 -9.363720 0 15.022500 -7.817170 197.810000 1372.380000 -13 913 1 0 1.000000
-12.341800 -3.475600 0 6.447420 -4.791790 198.701000 1372.170000 -13 914 1 0 1.000000
-1.685110 2.250280 0 5.459730 3.312970 210.746000 1372.350000 -13 915 1 0 1.000000
-3.555570 -5.677190 0 18.692000 -1.772620 202.705000 1372.300000 -13 916 1 0 1.000000
0.806044 -4.943510 0 5.932170 -1.670970 209.211000 1372.190000 -13 917 1 0 1.000000
-3.133160 -3.356840 0 -7.928290 4.397320 207.546000 1372.260000 -13 918 1 0 1.000000
-1.876810 5.825090 0 5.418530 -6.450220 190.219000 1372.190000 -13 919 1 0 1.000000
1.363670 -3.531780 0 -5.753240 -4.230000 203.939000 1372.300000 -13 920 1 0 1.000000
-2.306730 -6.175690 0 -17.341700 -7.177010 206.989000 1372.410000 -13 921 1 0 1.000000
-0.543995 4.911830 0 -5.445150 -1.468700 186.580000 1372.320000 -13 922 1 0 1.000000
-5.035210 -5.508280 0 -2.702150 2.922280 192.204000 1372.370000 -13 923 1 0 1.000000
0.892639 -0.696613 0 26.200600 -18.309900 193.480000 1372.200000 -13 924 1 0 1.000000
-4.789450 6.093170 0 -0.940497 -1.106460 186.637000 1372.210000 -13 925 1 0 1.000000
0.985008 -2.364500 0 14.190100 -16.994800 198.032000 1372.080000 -13 926 1 0 1.000000
2.712710 -2.877790 0 -0.460317 -4.454650 187.027000 1372.200000 -13 927 1 0 1.000000
-5.277530 2.214560 0 2.574570 5.591690 226.215000 1372.280000 -13 928 1 0 1.000000
2.283660 1.330580 0 18.878700 11.347800 206.772000 1372.050000 -13 929 1 0 1.000000
2.278860 -10.089800 0 -10.868500 14.232300 193.172000 1372.360000 -13 930 1 0 1.000000
-4.179830 -1.555700 0 2.708620 6.455390 212.518000 1372.130000 -13 931 1 0 1.000000
-4.925880 2.329360 0 -8.286160 7.211930 194.611000 1372.290000 -13 932 1 0 1.000000
-3.915730 -7.447220 0 -15.783800 -4.597650 208.592000 1372.270000 -13 933 1 0 1.000000
1.713290 -11.247500 0 4.143090 8.584590 220.603000 1372.180000 -13 934 1 0 1.000000
-8.882670 -5.698680 0 -11.470500 -11.729400 203.968000 1372.220000 -13 935 1 0 1.000000
-5.787620 2.395110 0 -9.219650 -32.472800 224.869000 1372.230000 -13 936 1 0 1.000000
0.897015 -6.195780 0 21.624500 7.627880 209.857000 1372.350000 -13 937 1 0 1.000000
-5.193730 -4.362690 0 -0.688410 15.215900 227.916000 1372.330000 -13 938 1 0 1.000000
-6.330810 -4.005260 0 -14.530900 1.146020 206.772000 1372.150000 -13 939 1 0 1.000000
-0.665462 1.149260 0 2.534330 -19.240800 202.604000 1372.420000 -13 940 1 0 1.000000
-0.342197 -2.751430 0 3.445050 8.759010 211.197000 1372.280000 -13 941 1 0 1.000000
-1.760470 -4.913050 0 -3.644840 7.070000 197.524000 1372.300000 -13 942 1 0 1.000000
-4.314630 -6.618490 0 -8.877520 -16.173300 211.056000 1372.430000 -13 943 1 0 1.000000
-9.117590 1.329240 0 7.645220 3.091770 195.212000 1372.230000 -13 944 1 0 1.000000
-1.911610 -5.827900 0 -1.860370 -9.364060 198.943000 1372.390000 -13 945 1 0 1.000000
-2.267040 -1.163470 0 4.542020 -10.858200 196.867000 1372.430000 -13 946 1 0 1.000000
-1.473040 -4.194480 0 -5.155650 2.317100 203.477000 1372.470000 -13 947 1 0 1.000000
0.125976 -1.383780 0 10.623200 -1.585950 193.924000 1372.310000 -13 948 1 0 1.000000
-1.725250 -0.405665 0 11.627000 -22.635600 210.423000 1372.390000 -13 949 1 0 1.000000
-7.071780 7.259840 0 -4.890490 -8.946080 205.614000 1372.230000 -13 950 1 0 1.000000
-4.182230 0.470983 0 -1.891190 -31.804100 218.256000 1372.250000 -13 951 1 0 1.000000
2.964670 -1.663480 0 9.895790 -15.388900 206.666000 1372.470000 -13 952 1 0 1.000000
-4.280200 -1.096140 0 -21.838900 7.029040 207.159000 1372.320000 -13 953 1 0 1.000000
-3.376360 -5.725140 0 11.977500 -5.120120 193.823000 1372.230000 -13 954 1 0 1.000000
1.705730 -5.036810 0 4.675490 -10.719600 203.405000 1372.220000 -13 955 1 0 1.000000
4.662880 -3.201090 0 5.501810 -19.876700 193.561000 1372.390000 -13 956 1 0 1.000000
-2.581350 -4.334250 0 -10.977300 16.672300 191.833000 1372.300000 -13 957 1 0 1.000000
-7.574430 -4.063450 0 7.557590 12.061500 215.580000 1372.270000 -13 958 1 0 1.000000
-6.727390 -4.325120 0 5.041700 3.416850 207.913000 1372.380000 -13 959 1 0 1.000000
3.798070 -7.209460 0 10.566900 20.520600 212.144000 1372.340000 -13 960 1 0 1.000000
1.039980 2.273780 0 -15.112200 -31.000900 217.130000 1372.330000 -13 961 1 0 1.000000
-3.808560 0.897026 0 16.264300 -1.505870 196.503000 1372.390000 -13 962 1 0 1.000000
-6.188760 -3.503780 0 16.599500 -22.838400 201.161000 1372.300000 -13 963 1 0 1.000000
-2.867030 -12.350900 0 -19.849600 6.395150 194.166000 1372.310000 -13 964 1 0 1.000000
-0.354695 -4.596330 0 31.424900 -20.860200 212.426000 1372.250000 -13 965 1 0 1.000000
4.186280 -2.480700 0 11.561500 -5.549090 193.224000 1372.360000 -13 966 1 0 1.000000
-5.668400 -1.528250 0 4.473030 -1.202780 185.841000 1372.260000 -13 967 1 0 1.000000
5.736660 3.797860 0 -8.474290 -1.951480 212.565000 1372.410000 -13 968 1 0 1.000000
1.846540 -4.719790 0 -7.397940 -2.553510 211.282000 1372.190000 -13 969 1 0 1.000000
-3.167010 -9.462790 0 9.469520 -29.119300 189.826000 1372.200000 -13 970 1 0 1.000000
-2.749510 -1.594440 0 28.479200 11.705400 208.368000 1372.380000 -13 971 1 0 1.000000
-4.593380 -5.367240 0 -6.071550 -19.230000 216.407000 1372.410000 -13 972 1 0 1.000000
-1.372280 -4.412160 0 -3.890730 4.819630 202.397000 1372.260000 -13 973 1 0 1.000000
-5.238650 -4.545770 0 -5.284530 19.934000 204.535000 1372.180000 -13 974 1 0 1.000000
-0.236505 -4.382910 0 -21.936300 1.762330 197.582000 1372.240000 -13 975 1 0 1.000000
1.457950 -3.640920 0 -0.208005 -5.019570 204.257000 1372.120000 -13 976 1 0 1.000000
-1.441990 4.680540 0 18.135000 13.306100 215.442000 1372.170000 -13 977 1 0 1.000000
-1.869250 -6.571490 0 20.158400 5.397390 211.444000 1372.220000 -13 978 1 0 1.000000
7.009180 -10.966700 0 -2.138830 -0.613393 189.466000 1372.850000 -13 979 1 0 1.000000
-6.845790 -4.364850 0 -0.179502 -15.556900 199.712000 1372.320000 -13 980 1 0 1.000000
-5.309790 -8.930550 0 -2.079700 -12.958600 209.255000 1372.250000 -13 981 1 0 1.000000
0.991212 -5.387560 0 6.847780 -2.707110 204.933000 1372.470000 -13 982 1 0 1.000000
-4.031370 -4.607590 0 25.811300 -20.988000 209.478000 1372.300000 -13 983 1 0 1.000000
-4.419180 1.991230 0 1.295620 7.783750 206.549000 1372.410000 -13 984 1 0 1.000000
-1.831700 -8.580470 0 17.356700 13.103300 212.765000 1372.340000 -13 985 1 0 1.000000
-1.101850 -1.106570 0 2.846350 9.638520 208.586000 1372.450000 -13 986 1 0 1.000000
-1.170300 -1.824180 0 -44.290300 2.755090 231.035000 1372.430000 -13 987 1 0 1.000000
1.830280 -1.635790 0 6.977300 5.614620 227.421000 1372.400000 -13 988 1 0 1.000000
-5.882200 3.302510 0 26.539200 -24.064200 214.260000 1372.250000 -13 989 1 0 1.000000
-2.551510 2.529190 0 -2.037920 -9.643930 201.984000 1372.370000 -13 990 1 0 1.000000
2.408320 -0.876361 0 -18.303600 -3.508860 190.035000 1372.420000 -13 991 1 0 1.000000
5.205580 -1.823780 0 6.889750 6.144120 184.669000 1372.170000 -13 992 1 0 1.000000
-10.069700 -7.473990 0 7.949900 -7.888590 195.920000 1372.380000 -13 993 1 0 1.000000
-2.274240 -4.579490 0 -27.091300 36.458400 232.723000 1372.190000 -13 994 1 0 1.000000
-4.271690 -7.202130 0 4.003870 3.124140 218.562000 1372.270000 -13 995 1 0 1.000000
-6.185050 0.713720 0 -21.530300 5.065910 199.224000 1372.310000 -13 996 1 0 1.000000
2.145020 -3.943470 0 10.586700 -18.511200 224.180000 1372.240000 -13 997 1 0 1.000000
-5.612740 1.970090 0 -22.407200 1.854440 208.845000 1372.350000 -13 998 1 0 1.000000
-1.811430 -4.773900 0 40.965200 -21.008400 210.441000 1372.290000 -13 999 1 0 1.000000
-1.875790 -6.947920 0 -8.127370 -21.251300 215.596000 1372.210000 -13 1000 1 0 1.000000
1.913600 -3.992790 0 4.503480 -0.503923 218.815000 1372.410000 -13 1001 1 0 1.000000
-0.718117 -2.075690 0 0.326324 -6.927820 202.873000 1372.410000 -13 1002 1 0 1.000000
-8.338760 -6.955360 0 -14.569900 10.248300 216.730000 1372.400000 -13 1003 1 0 1.000000
5.025730 -7.238680 0 -0.356977 14.925100 205.354000 1372.310000 -13 1004 1 0 1.000000
-2.945640 -5.549810 0 4.615270 12.247700 187.445000 1372.240000 -13 1005 1 0 1.000000
2.272660 -5.156280 0 5.116900 9.217190 190.253000 1372.250000 -13 1006 1 0 1.000000
-8.775650 -0.215681 0 9.469560 1.663710 194.997000 1372.320000 -13 1007 1 0 1.000000
1.932580 0.520102 0 4.226020 18.282700 193.640000 1372.160000 -13 1008 1 0 1.000000
-2.354220 -0.917844 0 -10.306400 3.044590 214.939000 1372.160000 -13 1009 1 0 1.000000
-3.468190 -6.846740 0 3.260760 7.636790 207.406000 1372.270000 -13 1010 1 0 1.000000
0.312829 2.576720 0 -11.820700 4.063710 196.799000 1372.350000 -13 1011 1 0 1.000000
-2.887970 -2.324330 0 6.498100 -10.036400 210.027000 1372.400000 -13 1012 1 0 1.000000
5.074770 -5.891680 0 -11.859900 3.066310 196.161000 1372.320000 -13 1013 1 0 1.000000
-0.834444 -0.668753 0 7.218800 19.728600 205.987000 1372.110000 -13 1014 1 0 1.000000
-1.055580 -5.931620 0 -10.659000 10.062000 204.852000 1372.340000 -13 1015 1 0 1.000000
-1.997140 2.945620 0 -13.813200 6.066430 198.458000 1372.480000 -13 1016 1 0 1.000000
-3.045500 -1.411600 0 -11.003600 -36.983800 226.969000 1372.170000 -13 1017 1 0 1.000000
-4.490670 -6.628500 0 7.017550 6.747170 204.883000 1372.400000 -13 1018 1 0 1.000000
-6.598000 -2.972650 0 13.915000 9.724660 201.647000 1372.440000 -13 1019 1 0 1.000000
3.183910 -2.929330 0 -1.051800 -6.508770 207.251000 1372.270000 -13 1020 1 0 1.000000
-0.296132 -0.759535 0 12.854500 2.348060 212.560000 1372.320000 -13 1021 1 0 1.000000
-5.078140 3.152710 0 6.721950 33.676700 201.190000 1372.310000 -13 1022 1 0 1.000000
-0.210671 -6.497530 0 -18.349900 3.355740 198.042000 1372.210000 -13 1023 1 0 1.000000
-4.890550 -5.355570 0 13.610600 -0.801445 211.403000 1372.350000 -13 1024 1 0 1.000000
4.094090 -4.892630 0 -6.319870 -17.437600 198.674000 1372.370000 -13 1025 1 0 1.000000
-2.846130 3.161810 0 8.611400 -10.543200 197.258000 1372.180000 -13 1026 1 0 1.000000
3.733140 -1.020590 0 -16.304100 -9.708560 198.571000 1372.310000 -13 1027 1 0 1.000000
0.464649 -4.781260 0 -16.642200 -12.203200 217.333000 1372.260000 -13 1028 1 0 1.000000
-3.840880 -5.909030 0 14.004500 19.367200 214.414000 1372.260000 -13 1029 1 0 1.000000
-1.313460 1.722430 0 -4.495960 -3.832020 205.457000 1372.410000 -13 1030 1 0 1.000000
1.306550 -0.993274 0 4.969100 0.167981 187.177000 1372.460000 -13 1031 1 0 1.000000
-7.356540 0.321627 0 3.837600 -3.042400 226.426000 1372.260000 -13 1032 1 0 1.000000
-2.852900 3.147450 0 -15.174100 -3.688550 210.351000 1372.320000 -13 1033 1 0 1.000000
-5.041540 -2.260480 0 -6.379810 4.102270 212.935000 1372.300000 -13 1034 1 0 1.000000
-2.534570 -6.303860 0 -13.680300 -0.654781 192.075000 1372.130000 -13 1035 1 0 1.000000
-1.363770 -11.162700 0 6.540550 -18.229600 203.348000 1372.360000 -13 1036 1 0 1.000000
3.664860 -1.864800 0 -5.127360 4.427410 207.952000 1372.390000 -13 1037 1 0 1.000000
-4.128870 -0.079435 0 11.619900 -19.291900 211.400000 1372.320000 -13 1038 1 0 1.000000
1.622940 -3.508160 0 0.901506 29.710900 203.164000 1372.330000 -13 1039 1 0 1.000000
9.458870 -14.374500 0 -28.388600 15.848500 198.326000 1372.390000 -13 1040 1 0 1.000000
2.581190 1.900520 0 18.446900 12.855900 200.309000 1372.390000 -13 1041 1 0 1.000000
-2.443620 -7.497480 0 10.573200 30.759900 225.125000 1372.510000 -13 1042 1 0 1.000000
-5.696620 4.451970 0 -2.640480 -19.411900 195.194000 1372.360000 -13 1043 1 0 1.000000
-12.423000 -2.180160 0 2.270160 -25.693700 215.981000 1372.180000 -13 1044 1 0 1.000000
-0.948622 -1.863170 0 -11.362800 15.960000 199.449000 1372.150000 -13 1045 1 0 1.000000
-1.066350 -1.326060 0 -12.688300 7.298400 185.673000 1372.370000 -13 1046 1 0 1.000000
-5.957370 -1.195440 0 42.435900 2.981640 217.292000 1372.100000 -13 1047 1 0 1.000000
-0.596370 0.211723 0 -0.836618 -12.944400 194.493000 1372.400000 -13 1048 1 0 1.000000
1.016260 1.579200 0 -19.411200 -19.186500 200.238000 1372.400000 -13 1049 1 0 1.000000
-0.604934 3.473280 0 17.498000 -19.990300 199.917000 1372.190000 -13 1050 1 0 1.000000
-12.306200 -4.786060 0 12.059500 2.509730 208.705000 1372.310000 -13 1051 1 0 1.000000
-1.639300 3.178640 0 -19.909000 -12.469100 202.658000 1372.430000 -13 1052 1 0 1.000000
-8.697600 0.921314 0 -21.441800 9.552600 210.396000 1372.240000 -13 1053 1 0 1.000000
-2.504730 3.351590 0 2.571790 -2.218630 210.623000 1372.310000 -13 1054 1 0 1.000000
-4.340140 -1.690430 0 2.889240 40.492400 205.789000 1372.440000 -13 1055 1 0 1.000000
-0.492737 1.514480 0 -19.322200 -12.196300 197.961000 1372.420000 -13 1056 1 0 1.000000
-3.230230 -2.418680 0 -1.828300 -14.214100 215.055000 1372.370000 -13 1057 1 0 1.000000
1.072910 -0.658077 0 -2.885720 -7.311180 205.592000 1372.390000 -13 1058 1 0 1.000000
-6.135480 -1.646390 0 -7.458470 -5.214280 212.015000 1372.290000 -13 1059 1 0 1.000000
-1.126650 -4.336890 0 -3.352260 1.762760 213.624000 1372.310000 -13 1060 1 0 1.000000
0.838555 9.000830 0 5.855370 -3.183910 211.510000 1372.150000 -13 1061 1 0 1.000000
-6.621310 -2.354830 0 -8.923600 4.154260 218.599000 1372.240000 -13 1062 1 0 1.000000
-3.347740 -3.115230 0 -5.970400 -6.471090 205.974000 1372.310000 -13 1063 1 0 1.000000
1.126640 -2.175780 0 37.382800 10.552600 186.417000 1372.310000 -13 1064 1 0 1.000000
-5.399900 -3.175740 0 13.317200 6.513510 196.441000 1372.230000 -13 1065 1 0 1.000000
0.472642 -0.390665 0 -1.687570 5.132620 197.174000 1372.340000 -13 1066 1 0 1.000000
-5.863520 4.016040 0 -4.815730 -15.302100 189.798000 1372.380000 -13 1067 1 0 1.000000
-7.520730 -1.358290 0 -3.060690 -2.668790 187.427000 1372.220000 -13 1068 1 0 1.000000
-0.057637 -4.405330 0 5.707550 50.307400 216.232000 1372.070000 -13 1069 1 0 1.000000
-6.494460 1.307770 0 -12.321600 -12.264600 222.465000 1372.300000 -13 1070 1 0 1.000000
-5.708500 -4.036680 0 9.671790 4.779000 191.497000 1372.250000 -13 1071 1 0 1.000000
0.630712 -8.441750 0 -1.570390 -23.240700 205.068000 1372.320000 -13 1072 1 0 1.000000
-1.609850 -0.028787 0 -7.023700 19.148200 203.958000 1372.420000 -13 1073 1 0 1.000000
-3.318670 -2.308960 0 -10.670800 -9.787040 186.227000 1372.320000 -13 1074 1 0 1.000000
5.863130 -6.036410 0 7.153500 9.741910 197.173000 1372.370000 -13 1075 1 0 1.000000
4.946490 -3.315780 0 7.276880 7.247950 199.495000 1372.190000 -13 1076 1 0 1.000000
-6.908090 2.792230 0 17.541500 -8.274130 207.021000 1372.220000 -13 1077 1 0 1.000000
-0.314372 -2.736550 0 -15.627400 14.017800 190.323000 1372.110000 -13 1078 1 0 1.000000
4.477260 0.413457 0 3.174300 -14.288000 214.603000 1372.360000 -13 1079 1 0 1.000000
-0.456000 1.835650 0 -9.200980 5.471670 186.857000 1372.390000 -13 1080 1 0 1.000000
-4.308580 1.454580 0 7.612520 -4.589150 199.730000 1372.360000 -13 1081 1 0 1.000000
3.827800 -2.004880 0 4.662010 -11.724300 194.284000 1372.150000 -13 1082 1 0 1.000000
3.810780 -7.740170 0 4.858520 0.240775 199.490000 1372.260000 -13 1083 1 0 1.000000
-3.610060 -9.763600 0 -10.829500 -26.453700 225.415000 1372.260000 -13 1084 1 0 1.000000
2.106430 4.788890 0 -5.684160 -0.228807 190.206000 1372.200000 -13 1085 1 0 1.000000
3.023930 -7.814020 0 -22.166000 -2.819850 215.434000 1372.130000 -13 1086 1 0 1.000000
-9.401760 3.744670 0 -14.092600 -7.568260 221.110000 1372.400000 -13 1087 1 0 1.000000
-1.445250 -6.679180 0 -10.018100 7.890530 201.340000 1372.210000 -13 1088 1 0 1.000000
2.907920 7.028710 0 9.344520 -15.943600 207.613000 1372.350000 -13 1089 1 0 1.000000
-6.782690 -1.177700 0 -0.219537 -12.579700 195.171000 1372.340000 -13 1090 1 0 1.000000
-10.633800 -5.305420 0 -6.677040 -7.236950 214.842000 1372.410000 -13 1091 1 0 1.000000
1.302990 2.088590 0 -11.614900 -26.798500 204.508000 1372.380000 -13 1092 1 0 1.000000
-0.203611 -0.092777 0 -7.537440 2.395920 204.589000 1372.260000 -13 1093 1 0 1.000000
6.928680 -6.314510 0 -7.406940 -2.298840 195.944000 1372.210000 -13 1094 1 0 1.000000
3.357130 -3.602650 0 7.564080 12.535600 202.170000 1372.390000 -13 1095 1 0 1.000000
-4.018310 -1.889950 0 -22.818500 -3.154360 216.437000 1372.350000 -13 1096 1 0 1.000000
1.226660 -4.926420 0 -2.250500 12.762000 206.678000 1372.380000 -13 1097 1 0 1.000000
-3.250040 -2.490860 0 3.962540 2.957480 206.821000 1372.220000 -13 1098 1 0 1.000000
-3.300670 -1.744220 0 7.906900 6.811420 211.291000 1372.340000 -13 1099 1 0 1.000000
-8.857760 1.394080 0 2.357700 -4.441840 197.904000 1372.360000 -13 1100 1 0 1.000000
-2.467570 0.844459 0 24.627300 2.559200 193.298000 1372.400000 -13 1101 1 0 1.000000
-3.812530 1.727610 0 -7.534750 -21.267900 190.946000 1372.360000 -13 1102 1 0 1.000000
-7.830800 -2.293240 0 -3.717230 7.039990 209.579000 1372.410000 -13 1103 1 0 1.000000
-5.503270 -7.328540 0 -4.937680 7.817410 224.168000 1372.270000 -13 1104 1 0 1.000000
-4.845350 4.205650 0 -8.176660 8.148610 207.429000 1372.410000 -13 1105 1 0 1.000000
-2.952760 -2.533850 0 5.950310 -3.175020 200.287000 1372.240000 -13 1106 1 0 1.000000
0.028997 -5.775470 0 18.070700 -3.509000 209.831000 1372.250000 -13 1107 1 0 1.000000
-1.349480 -4.796180 0 8.614690 6.745730 196.197000 1372.430000 -13 1108 1 0 1.000000
0.893547 -1.974710 0 12.365300 5.937790 207.965000 1372.390000 -13 1109 1 0 1.000000
1.725070 -11.135800 0 -8.339200 20.033400 218.077000 1372.100000 -13 1110 1 0 1.000000
-8.209500 -3.985360 0 3.139670 41.372700 205.603000 1372.130000 -13 1111 1 0 1.000000
-5.484520 -5.990520 0 10.467300 -2.081440 207.036000 1372.220000 -13 1112 1 0 1.000000
-0.886856 -2.654230 0 3.269770 6.073150 205.535000 1372.270000 -13 1113 1 0 1.000000
-2.391960 -4.064220 0 3.152970 -9.280700 206.489000 1372.290000 -13 1114 1 0 1.000000
-2.170680 -2.593510 0 1.562320 -4.539460 207.057000 1372.230000 -13 1115 1 0 1.000000
-2.561750 2.450080 0 25.894700 -20.567900 202.262000 1372.360000 -13 1116 1 0 1.000000
-1.684940 -4.913090 0 -4.528970 -24.418300 212.481000 1372.300000 -13 1117 1 0 1.000000
-2.608710 -0.394228 0 -7.180270 -2.486230 208.447000 1372.380000 -13 1118 1 0 1.000000
-3.647050 -5.767720 0 -16.354100 17.612900 191.362000 1372.310000 -13 1119 1 0 1.000000
1.728220 6.468840 0 -30.407500 -10.835000 229.156000 1372.200000 -13 1120 1 0 1.000000
-5.369660 -2.904240 0 -4.273740 -13.270300 192.545000 1372.290000 -13 1121 1 0 1.000000
0.414173 2.002120 0 -0.325619 -21.396600 193.426000 1372.350000 -13 1122 1 0 1.000000
-2.822610 -2.875500 0 14.334900 4.078820 227.984000 1372.210000 -13 1123 1 0 1.000000
-2.615600 -5.114560 0 9.449580 26.588900 213.521000 1372.320000 -13 1124 1 0 1.000000
8.009360 -2.991880 0 -23.067700 8.653640 191.102000 1372.260000 -13 1125 1 0 1.000000
-2.680270 1.610460 0 -5.716380 -2.576350 204.993000 1372.270000 -13 1126 1 0 1.000000
-5.351250 -3.015530 0 11.781300 -9.798230 207.759000 1372.270000 -13 1127 1 0 1.000000
1.659330 1.400390 0 10.559000 4.603760 200.215000 1372.240000 -13 1128 1 0 1.000000
-4.665010 -2.572140 0 16.473100 11.838000 228.093000 1372.230000 -13 1129 1 0 1.000000
0.511748 -5.510630 0 -0.341420 10.485200 202.777000 1372.320000 -13 1130 1 0 1.000000
2.248110 -1.625340 0 -29.493900 -11.842300 221.572000 1372.180000 -13 1131 1 0 1.000000
-0.622323 -4.491150 0 1.613790 -5.889430 191.150000 1372.290000 -13 1132 1 0 1.000000
0.371211 -0.649462 0 -13.743500 18.182900 210.370000 1372.380000 -13 1133 1 0 1.000000
-6.330310 7.490420 0 3.011060 7.458200 202.523000 1372.240000 -13 1134 1 0 1.000000
2.636470 -0.706314 0 18.201500 1.036620 192.251000 1372.280000 -13 1135 1 0 1.000000
-1.645700 1.409420 0 -4.008670 -19.586800 206.906000 1372.220000 -13 1136 1 0 1.000000
2.527560 -10.524800 0 1.543150 -25.375500 227.818000 1372.210000 -13 1137 1 0 1.000000
0.583024 -7.354090 0 -0.569891 -6.600240 209.717000 1372.270000 -13 1138 1 0 1.000000
-3.646350 -1.436150 0 -5.210120 -15.701000 187.450000 1372.290000 -13 1139 1 0 1.000000
-11.127100 -5.192420 0 -8.298250 13.329100 215.790000 1372.210000 -13 1140 1 0 1.000000
-2.915830 -2.188440 0 7.504760 26.186600 217.386000 1372.250000 -13 1141 1 0 1.000000
-9.394440 2.398940 0 1.194220 0.948526 212.263000 1372.380000 -13 1142 1 0 1.000000
3.591350 1.883300 0 8.975410 5.072710 198.152000 1372.400000 -13 1143 1 0 1.000000
-8.218950 3.089500 0 10.844900 8.087230 220.508000 1372.490000 -13 1144 1 0 1.000000
3.706990 1.687340 0 12.085700 -14.786700 201.784000 1372.320000 -13 1145 1 0 1.000000
-2.735610 -4.470480 0 16.568600 24.836300 211.871000 1372.430000 -13 1146 1 0 1.000000
0.752066 -10.385400 0 -6.762760 27.630800 210.963000 1372.210000 -13 1147 1 0 1.000000
-4.500760 -2.943820 0 -4.389690 -6.084810 209.480000 1372.320000 -13 1148 1 0 1.000000
-3.892360 -13.685700 0 -2.754760 -7.592130 200.859000 1372.260000 -13 1149 1 0 1.000000
-8.335010 6.569010 0 21.444500 -8.342930 206.727000 1372.490000 -13 1150 1 0 1.000000
0.996825 -2.897090 0 -5.524150 18.010300 219.205000 1372.210000 -13 1151 1 0 1.000000
-6.281750 -6.182850 0 -8.530080 -0.066239 186.282000 1372.390000 -13 1152 1 0 1.000000
-1.261380 -2.370340 0 -1.384710 -1.162570 207.097000 1372.210000 -13 1153 1 0 1.000000
-0.619103 -3.154550 0 -6.020830 13.996000 208.121000 1372.220000 -13 1154 1 0 1.000000
-7.048490 -4.754280 0 13.472800 11.763200 207.451000 1372.310000 -13 1155 1 0 1.000000
-7.047870 -11.416100 0 0.527276 13.899700 203.300000 1372.470000 -13 1156 1 0 1.000000
9.238600 0.970317 0 -28.615700 0.189513 197.211000 1372.230000 -13 1157 1 0 1.000000
-3.402830 -2.375190 0 6.441200 -0.296714 188.330000 1372.180000 -13 1158 1 0 1.000000
4.816930 -7.427660 0 10.143000 -3.216710 199.137000 1372.400000 -13 1159 1 0 1.000000
-0.136726 -0.291877 0 -5.976780 -10.281000 196.728000 1372.060000 -13 1160 1 0 1.000000
-4.666720 -2.571430 0 15.583700 8.832260 213.167000 1372.180000 -13 1161 1 0 1.000000
3.151670 -1.209940 0 -4.625100 10.119900 213.479000 1372.340000 -13 1162 1 0 1.000000
-3.485840 3.347440 0 21.904700 5.608310 215.689000 1372.330000 -13 1163 1 0 1.000000
-11.194000 2.016610 0 4.598000 9.623930 201.699000 1372.180000 -13 1164 1 0 1.000000
-5.610500 -1.932870 0 -8.143840 8.487520 190.921000 1372.290000 -13 1165 1 0 1.000000
-3.646080 -7.164930 0 -31.488700 6.769590 210.347000 1372.320000 -13 1166 1 0 1.000000
-1.474480 -0.069562 0 8.173120 -24.863600 202.145000 1372.210000 -13 1167 1 0 1.000000
0.852685 -5.072940 0 -5.404820 1.142930 198.663000 1372.350000 -13 1168 1 0 1.000000
-0.809782 -0.527833 0 11.886000 5.981430 192.653000 1372.340000 -13 1169 1 0 1.000000
-4.150170 -11.041800 0 15.119500 -9.750990 231.340000 1372.400000 -13 1170 1 0 1.000000
0.836639 -4.654100 0 -19.784200 27.338700 227.822000 1372.420000 -13 1171 1 0 1.000000
4.642130 7.750230 0 -6.159830 -8.144210 205.331000 1372.360000 -13 1172 1 0 1.000000
1.646950 -2.382090 0 -2.690950 -8.027550 210.678000 1372.140000 -13 1173 1 0 1.000000
0.154996 -2.851890 0 -9.235230 9.120280 200.000000 1372.340000 -13 1174 1 0 1.000000
1.209670 -3.525930 0 -7.138740 18.696400 207.072000 1372.260000 -13 1175 1 0 1.000000
3.829720 0.582612 0 4.585390 -31.005700 199.018000 1372.350000 -13 1176 1 0 1.000000
-8.441750 -3.961840 0 -14.616000 5.818850 187.457000 1372.230000 -13 1177 1 0 1.000000
3.634080 -8.944860 0 15.610400 11.775800 201.561000 1372.130000 -13 1178 1 0 1.000000
-1.825680 -4.209060 0 -1.485490 0.274926 205.561000 1372.250000 -13 1179 1 0 1.000000
0.275030 -5.894310 0 -1.068980 -4.352990 194.972000 1372.380000 -13 1180 1 0 1.000000
3.983550 -1.670910 0 -15.540800 6.392410 202.925000 1372.240000 -13 1181 1 0 1.000000
-4.767380 -5.995840 0 4.905610 13.330800 212.626000 1372.360000 -13 1182 1 0 1.000000
-1.850510 -3.947210 0 -4.038580 -6.983590 196.254000 1372.390000 -13 1183 1 0 1.000000
-1.947890 -0.260694 0 -17.000900 20.055300 199.408000 1372.170000 -13 1184 1 0 1.000000
-5.184530 5.613530 0 0.071686 -11.786200 208.873000 1372.430000 -13 1185 1 0 1.000000
-9.748690 6.244350 0 -1.451710 -12.334400 218.171000 1372.340000 -13 1186 1 0 1.000000
0.011483 -6.422150 0 11.036900 25.509000 204.760000 1372.280000 -13 1187 1 0 1.000000
2.826460 0.809590 0 -1.224220 12.160000 195.814000 1372.350000 -13 1188 1 0 1.000000
-3.070420 3.059670 0 0.097320 -6.326040 191.108000 1372.360000 -13 1189 1 0 1.000000
1.768240 -2.324670 0 -16.563100 -11.681900 208.018000 1372.200000 -13 1190 1 0 1.000000
-14.053400 0.182498 0 -19.314200 -23.596200 200.190000 1372.260000 -13 1191 1 0 1.000000
6.900710 -0.134173 0 -9.196310 -3.688840 194.337000 1372.250000 -13 1192 1 0 1.000000
3.382620 -7.415370 0 0.040283 -10.909600 202.239000 1372.340000 -13 1193 1 0 1.000000
-1.008480 -0.889179 0 5.455000 -18.531100 204.272000 1372.340000 -13 1194 1 0 1.000000
-0.249679 -4.024550 0 -27.503200 -2.052800 206.449000 1372.080000 -13 1195 1 0 1.000000
-5.397850 -4.018570 0 0.038209 -5.343500 192.380000 1372.290000 -13 1196 1 0 1.000000
1.664310 3.970070 0 5.950920 -12.558700 209.148000 1372.360000 -13 1197 1 0 1.000000
-3.516150 -4.612840 0 -1.132440 -27.313600 204.844000 1372.150000 -13 1198 1 0 1.000000
0.701799 -3.235710 0 -1.508870 -7.429940 196.194000 1372.310000 -13 1199 1 0 1.000000
-0.684861 -12.585300 0 4.763580 -1.598510 204.122000 1372.440000 -13 1200 1 0 1.000000
-6.837890 -5.539150 0 -14.688200 -30.144300 190.707000 1372.230000 -13 1201 1 0 1.000000
5.227900 -0.161224 0 28.269500 -3.214390 188.674000 1372.290000 -13 1202 1 0 1.000000
-6.503260 4.571490 0 0.393944 -15.949900 210.309000 1372.380000 -13 1203 1 0 1.000000
-3.944030 2.618420 0 20.362500 8.142150 199.994000 1372.350000 -13 1204 1 0 1.000000
-4.915970 -8.042860 0 8.865800 -8.025790 206.162000 1372.380000 -13 1205 1 0 1.000000
-7.524680 2.532730 0 17.728800 11.131900 190.555000 1372.330000 -13 1206 1 0 1.000000
-3.206400 -4.686990 0 5.787220 -4.768690 199.395000 1372.310000 -13 1207 1 0 1.000000
-3.839850 -5.621830 0 -29.032300 -8.374690 219.818000 1372.180000 -13 1208 1 0 1.000000
5.428960 -1.202720 0 9.214250 12.598900 197.896000 1372.280000 -13 1209 1 0 1.000000
5.898980 -5.592890 0 11.559900 -15.486300 192.218000 1372.300000 -13 1210 1 0 1.000000
-0.136273 -8.264320 0 -16.623700 -2.926430 208.204000 1372.360000 -13 1211 1 0 1.000000
-2.991870 -2.494800 0 9.296630 14.410000 214.596000 1372.280000 -13 1212 1 0 1.000000
6.024170 -3.290810 0 -25.380500 -8.709680 200.606000 1372.340000 -13 1213 1 0 1.000000
1.548040 0.779320 0 -3.407770 10.050200 191.645000 1372.330000 -13 1214 1 0 1.000000
4.810640 -3.771790 0 -23.735700 9.978100 220.766000 1372.260000 -13 1215 1 0 1.000000
-1.564710 1.977670 0 18.930800 -14.032600 210.378000 1372.330000 -13 1216 1 0 1.000000
-4.408350 -0.604477 0 6.707730 1.037010 207.999000 1372.310000 -13 1217 1 0 1.000000
0.207989 2.783650 0 7.375770 -3.817410 186.634000 1372.320000 -13 1218 1 0 1.000000
-0.853973 -2.103380 0 -1.701510 6.291940 208.933000 1372.380000 -13 1219 1 0 1.000000
-9.214560 -3.087030 0 5.823090 13.966300 220.875000 1372.290000 -13 1220 1 0 1.000000
-8.213270 2.665790 0 -16.314400 -0.141232 200.472000 1372.420000 -13 1221 1 0 1.000000
-1.880770 2.319310 0 -0.199620 4.710780 200.094000 1372.230000 -13 1222 1 0 1.000000
2.897770 -2.501980 0 -2.086720 23.549300 187.885000 1372.150000 -13 1223 1 0 1.000000
-2.674550 -12.275700 0 4.639240 -4.216590 208.562000 1372.130000 -13 1224 1 0 1.000000
6.436120 -3.817930 0 12.689100 -0.008409 208.966000 1372.470000 -13 1225 1 0 1.000000
-2.548070 6.615070 0 -16.963500 -8.237600 209.056000 1372.340000 -13 1226 1 0 1.000000
2.694450 -4.818330 0 9.094940 -7.650430 217.317000 1372.190000 -13 1227 1 0 1.000000
1.114190 -3.968780 0 -3.043720 3.098450 178.891000 1372.260000 -13 1228 1 0 1.000000
-5.230040 -1.034390 0 -8.794500 -5.711070 208.743000 1372.440000 -13 1229 1 0 1.000000
1.650870 0.600942 0 -54.609100 31.062800 228.346000 1372.290000 -13 1230 1 0 1.000000
-5.701060 -7.413920 0 -19.436300 -5.912310 204.409000 1372.350000 -13 1231 1 0 1.000000
-3.522300 -2.909440 0 -25.380900 -1.068760 202.472000 1372.450000 -13 1232 1 0 1.000000
-2.504530 -1.237290 0 -1.888520 -2.486900 194.754000 1372.390000 -13 1233 1 0 1.000000
-3.961850 -0.764913 0 -2.500650 -2.503210 191.311000 1372.350000 -13 1234 1 0 1.000000
1.516860 5.649390 0 -0.861120 18.324800 195.011000 1372.220000 -13 1235 1 0 1.000000
5.203530 -6.505110 0 -5.663680 23.960000 190.486000 1372.250000 -13 1236 1 0 1.000000
-2.847000 -1.362000 0 7.097990 -4.184350 200.920000 1372.310000 -13 1237 1 0 1.000000
-2.724300 -7.285150 0 13.608300 -20.500900 224.872000 1372.370000 -13 1238 1 0 1.000000
-0.321355 3.824210 0 -9.127670 -4.433590 203.299000 1372.300000 -13 1239 1 0 1.000000
-4.483630 3.819430 0 -15.911900 4.285530 233.715000 1372.220000 -13 1240 1 0 1.000000
-2.150270 2.120710 0 0.692510 -4.786570 200.751000 1372.390000 -13 1241 1 0 1.000000
-2.704210 -4.887660 0 6.047100 -5.319300 209.594000 1372.200000 -13 1242 1 0 1.000000
-2.266730 1.062570 0 4.505210 10.722100 197.689000 1372.340000 -13 1243 1 0 1.000000
-1.559080 -7.168660 0 -9.058420 -12.416900 196.136000 1372.210000 -13 1244 1 0 1.000000
-5.779270 -1.744610 0 -13.402100 -9.045330 193.609000 1372.130000 -13 1245 1 0 1.000000
-0.955733 5.267980 0 -1.057330 3.405600 197.882000 1372.190000 -13 1246 1 0 1.000000
-13.152900 -2.672220 0 22.656600 -1.054040 214.077000 1372.320000 -13 1247 1 0 1.000000
-12.230500 -8.073960 0 6.453020 -18.083100 213.610000 1372.220000 -13 1248 1 0 1.000000
-0.516132 -4.744310 0 -11.149500 -2.689170 184.015000 1372.250000 -13 1249 1 0 1.000000
-5.807190 -2.278830 0 13.634700 -6.018410 197.871000 1372.310000 -13 1250 1 0 1.000000
-5.599360 -0.758598 0 18.329000 -37.306100 211.158000 1372.360000 -13 1251 1 0 1.000000
-1.854990 0.800498 0 -25.864800 8.075710 236.339000 1372.230000 -13 1252 1 0 1.000000
-1.583350 -5.958480 0 -10.139200 17.255000 206.794000 1372.220000 -13 1253 1 0 1.000000
1.881080 -0.929353 0 -6.455330 -25.028100 208.394000 1372.150000 -13 1254 1 0 1.000000
-5.061160 -8.179020 0 4.752450 -25.653200 215.445000 1372.080000 -13 1255 1 0 1.000000
-4.677880 2.956860 0 -35.992700 -0.801962 235.057000 1372.380000 -13 1256 1 0 1.000000
-3.600450 0.215105 0 -10.525500 -14.232500 205.288000 1372.320000 -13 1257 1 0 1.000000
-13.242100 -2.131570 0 -10.630600 -4.825360 196.997000 1372.310000 -13 1258 1 0 1.000000
0.082258 1.509320 0 -2.546720 -30.414700 196.333000 1372.320000 -13 1259 1 0 1.000000
-5.399610 -0.280882 0 4.256500 16.243100 216.986000 1372.330000 -13 1260 1 0 1.000000
-3.962040 0.299592 0 -6.478410 14.617100 210.490000 1372.260000 -13 1261 1 0 1.000000
-1.454070 -0.754672 0 2.746770 -16.343900 205.760000 1372.400000 -13 1262 1 0 1.000000
-1.560870 -7.037600 0 15.346000 4.558930 225.583000 1372.210000 -13 1263 1 0 1.000000
-1.807260 -1.325420 0 -7.382860 5.317170 202.200000 1372.400000 -13 1264 1 0 1.000000
-3.331640 -5.071880 0 -13.477500 1.898610 223.738000 1372.280000 -13 1265 1 0 1.000000
-3.514950 -6.861300 0 -5.013720 -19.699500 203.492000 1372.280000 -13 1266 1 0 1.000000
-1.776530 -1.520720 0 3.949740 -18.978100 204.943000 1372.250000 -13 1267 1 0 1.000000
-2.112260 -4.572340 0 11.355200 -8.565260 193.872000 1372.220000 -13 1268 1 0 1.000000
-2.608720 -3.280880 0 15.622400 -9.118020 207.406000 1372.390000 -13 1269 1 0 1.000000
-6.418520 -3.796400 0 -17.896400 -28.894200 213.454000 1372.240000 -13 1270 1 0 1.000000
-6.710790 -1.876890 0 9.182880 0.607345 205.922000 1372.340000 -13 1271 1 0 1.000000
-1.082390 -8.173600 0 10.571700 6.683400 195.910000 1372.360000 -13 1272 1 0 1.000000
-2.228950 -6.114450 0 -38.882000 -3.105370 212.631000 1372.250000 -13 1273 1 0 1.000000
-13.294900 -3.719880 0 -16.618800 0.166123 199.334000 1372.180000 -13 1274 1 0 1.000000
4.592520 -5.188550 0 4.523190 -4.050020 193.881000 1372.260000 -13 1275 1 0 1.000000
-13.719300 -1.344750 0 -8.886180 6.442950 220.574000 1372.150000 -13 1276 1 0 1.000000
-7.609270 -7.426090 0 -13.202700 -12.479600 209.790000 1372.270000 -13 1277 1 0 1.000000
2.003820 0.089379 0 -18.810400 -21.063600 214.233000 1372.230000 -13 1278 1 0 1.000000
-0.067209 -4.828590 0 11.235400 -15.099100 217.813000 1372.350000 -13 1279 1 0 1.000000
-3.699930 -2.655510 0 21.541600 5.785730 224.114000 1372.330000 -13 1280 1 0 1.000000
-0.132928 -4.035570 0 -5.337960 7.059460 191.419000 1372.220000 -13 1281 1 0 1.000000
-1.947290 -2.546690 0 -3.251370 -15.979600 192.318000 1372.160000 -13 1282 1 0 1.000000
-3.498140 -3.154570 0 6.003700 16.181900 198.668000 1372.500000 -13 1283 1 0 1.000000
-4.933310 -4.961430 0 -10.541500 -2.311950 186.559000 1372.200000 -13 1284 1 0 1.000000
2.672660 1.269770 0 5.581120 -33.711400 201.385000 1372.250000 -13 1285 1 0 1.000000
-3.625460 -3.723750 0 5.652270 -23.225100 207.051000 1372.320000 -13 1286 1 0 1.000000
6.009820 -5.067980 0 0.330949 -28.290700 203.591000 1372.400000 -13 1287 1 0 1.000000
-0.654968 -6.980050 0 0.686057 -6.108530 219.551000 1372.110000 -13 1288 1 0 1.000000
0.134415 -0.575961 0 -4.058010 -7.086190 184.707000 1372.170000 -13 1289 1 0 1.000000
-1.200430 -2.978430 0 -17.757800 -22.508500 197.423000 1372.360000 -13 1290 1 0 1.000000
-0.526506 -4.710470 0 -1.189890 22.165500 196.552000 1372.320000 -13 1291 1 0 1.000000
-4.071730 5.450850 0 -17.630700 15.121900 197.484000 1372.190000 -13 1292 1 0 1.000000
0.081086 0.140395 0 0.947200 -24.828500 215.891000 1372.270000 -13 1293 1 0 1.000000
-0.471997 -0.957949 0 4.410330 10.621000 196.844000 1372.190000 -13 1294 1 0 1.000000
2.847880 -1.747660 0 4.392310 -1.609290 208.949000 1372.350000 -13 1295 1 0 1.000000
2.808350 -0.319395 0 -0.414062 12.612800 199.548000 1372.240000 -13 1296 1 0 1.000000
-6.653460 -3.106290 0 4.760750 -13.662300 220.418000 1372.320000 -13 1297 1 0 1.000000
-5.654590 -2.915550 0 -3.377200 -11.473500 214.757000 1372.270000 -13 1298 1 0 1.000000
-1.139200 -2.834380 0 8.496440 -12.522800 207.430000 1372.400000 -13 1299 1 0 1.000000
1.456990 -0.733684 0 -1.820630 -30.336000 226.828000 1372.340000 -13 1300 1 0 1.000000
-9.049320 -0.836732 0 2.653740 22.889300 210.379000 1372.170000 -13 1301 1 0 1.000000
6.395130 1.550010 0 11.630200 0.018038 193.420000 1372.140000 -13 1302 1 0 1.000000
-1.599630 -0.636980 0 -20.587600 -22.718600 221.103000 1372.150000 -13 1303 1 0 1.000000
-4.827700 5.878420 0 -3.016940 -3.326720 188.939000 1372.340000 -13 1304 1 0 1.000000
-2.165560 -3.085870 0 8.002280 2.857930 193.295000 1372.330000 -13 1305 1 0 1.000000
-4.639180 -9.452930 0 18.590800 -12.579500 203.631000 1372.290000 -13 1306 1 0 1.000000
-3.821410 -4.928210 0 -1.303550 -0.315395 210.796000 1372.280000 -13 1307 1 0 1.000000
-11.146800 -1.863150 0 -7.536240 -6.087000 188.896000 1372.180000 -13 1308 1 0 1.000000
1.136530 -6.631080 0 3.093640 16.134500 201.421000 1372.220000 -13 1309 1 0 1.000000
4.314850 -9.706860 0 20.815500 -12.670700 202.141000 1372.120000 -13 1310 1 0 1.000000
-4.860300 0.730516 0 -10.454400 3.712670 224.114000 1372.250000 -13 1311 1 0 1.000000
-0.064867 -4.966820 0 5.648530 16.657900 192.423000 1372.170000 -13 1312 1 0 1.000000
-0.987819 -2.845330 0 -9.829280 -19.764200 214.489000 1372.170000 -13 1313 1 0 1.000000
-3.656240 -2.732260 0 -30.401700 -14.651000 214.222000 1372.210000 -13 1314 1 0 1.000000
-0.454972 -10.433100 0 15.529400 0.331848 205.007000 1372.410000 -13 1315 1 0 1.000000
-4.477800 -5.592840 0 -1.966160 0.634556 207.159000 1372.290000 -13 1316 1 0 1.000000
-1.224520 1.816390 0 -10.776700 4.295300 185.805000 1372.210000 -13 1317 1 0 1.000000
-1.257460 0.880347 0 2.880880 -2.192220 211.854000 1372.360000 -13 1318 1 0 1.000000
0.898950 9.228170 0 5.017680 -10.869900 209.760000 1372.170000 -13 1319 1 0 1.000000
11.266800 -9.405440 0 23.061300 7.527810 220.948000 1372.200000 -13 1320 1 0 1.000000
-6.340060 4.119950 0 0.905799 9.888190 208.717000 1372.290000 -13 1321 1 0 1.000000
-2.351100 -4.021650 0 13.115400 -3.648230 189.314000 1372.200000 -13 1322 1 0 1.000000
2.096750 -7.044100 0 10.981700 -17.113100 209.381000 1372.150000 -13 1323 1 0 1.000000
2.058960 -6.911640 0 2.206310 -13.539800 209.667000 1372.370000 -13 1324 1 0 1.000000
-1.278150 -3.874310 0 -10.606600 -12.005700 197.111000 1372.270000 -13 1325 1 0 1.000000
-7.718220 2.666170 0 -10.763400 -15.417300 193.416000 1372.320000 -13 1326 1 0 1.000000
1.942330 -2.305180 0 -2.628250 -0.520065 209.569000 1372.310000 -13 1327 1 0 1.000000
-7.107590 5.943140 0 8.751010 -24.459300 205.168000 1372.410000 -13 1328 1 0 1.000000
0.047532 -2.931980 0 4.213920 0.188696 188.184000 1372.330000 -13 1329 1 0 1.000000
0.466263 -0.548954 0 -15.049100 8.885680 198.224000 1372.410000 -13 1330 1 0 1.000000
-3.666290 -5.692040 0 18.093100 -7.022680 214.215000 1372.150000 -13 1331 1 0 1.000000
-5.010820 -7.277340 0 -7.378970 -22.652600 198.451000 1372.120000 -13 1332 1 0 1.000000
0.715005 -4.001660 0 -1.617820 3.993930 200.586000 1372.380000 -13 1333 1 0 1.000000
-2.442390 3.558870 0 -10.546700 14.802800 210.894000 1372.170000 -13 1334 1 0 1.000000
-3.462630 -4.918290 0 -0.728802 -3.971370 195.606000 1372.150000 -13 1335 1 0 1.000000
4.691920 -2.850890 0 4.346980 4.724760 202.624000 1372.270000 -13 1336 1 0 1.000000
-1.278710 9.357050 0 -23.053000 -26.030800 207.096000 1372.410000 -13 1337 1 0 1.000000
0.252061 -1.803450 0 10.515100 13.433200 181.194000 1372.230000 -13 1338 1 0 1.000000
-7.230010 3.033910 0 4.033350 17.600300 210.410000 1372.110000 -13 1339 1 0 1.000000
-7.212520 -7.851160 0 -7.439480 -21.479900 227.281000 1372.180000 -13 1340 1 0 1.000000
0.660190 -14.929300 0 -8.631130 11.285700 214.901000 1372.260000 -13 1341 1 0 1.000000
-2.319970 0.642632 0 -7.615810 -18.341100 217.167000 1372.320000 -13 1342 1 0 1.000000
5.700850 -1.878240 0 -0.920061 1.468440 195.804000 1372.220000 -13 1343 1 0 1.000000
-4.583900 -4.413420 0 11.287700 -8.572110 204.892000 1372.150000 -13 1344 1 0 1.000000
-4.279470 -8.878970 0 30.278300 32.882500 213.798000 1372.440000 -13 1345 1 0 1.000000
4.081420 0.123347 0 5.301850 4.198330 195.498000 1372.480000 -13 1346 1 0 1.000000
-1.289850 -8.953690 0 -8.696310 3.880470 192.878000 1372.350000 -13 1347 1 0 1.000000
-0.696775 -6.517930 0 -11.952500 8.679500 203.446000 1372.350000 -13 1348 1 0 1.000000
0.125130 -2.963950 0 15.586600 5.262490 202.648000 1372.250000 -13 1349 1 0 1.000000
-0.935566 -1.280410 0 9.905360 -5.344220 202.640000 1372.270000 -13 1350 1 0 1.000000
-1.600680 -3.209520 0 5.895590 -11.458300 204.098000 1372.410000 -13 1351 1 0 1.000000
-7.291900 0.223951 0 -3.126220 4.949940 219.087000 1372.360000 -13 1352 1 0 1.000000
-3.968360 -1.757260 0 -12.182800 9.280270 185.121000 1372.280000 -13 1353 1 0 1.000000
-0.056923 -0.300870 0 -0.888662 10.096000 202.037000 1372.330000 -13 1354 1 0 1.000000
3.103940 -3.680650 0 10.844800 -6.209890 198.844000 1372.450000 -13 1355 1 0 1.000000
-12.945300 -0.345203 0 1.959510 -15.721700 211.131000 1372.390000 -13 1356 1 0 1.000000
4.101970 -3.789570 0 -6.691130 -4.721350 199.709000 1372.090000 -13 1357 1 0 1.000000
-7.421120 -1.380130 0 -9.081450 2.751480 187.313000 1372.290000 -13 1358 1 0 1.000000
-2.465910 -8.789750 0 -8.477900 2.409460 222.201000 1372.280000 -13 1359 1 0 1.000000
-6.256920 -3.981260 0 17.694600 -3.906320 214.827000 1372.220000 -13 1360 1 0 1.000000
-5.727940 -2.012970 0 30.182100 6.258690 211.820000 1372.390000 -13 1361 1 0 1.000000
-13.645000 -1.482600 0 -8.801980 -19.305400 214.041000 1372.170000 -13 1362 1 0 1.000000
-4.814010 2.923020 0 -2.158340 -2.242190 205.782000 1372.340000 -13 1363 1 0 1.000000
-5.011590 -4.660150 0 -1.495900 3.838410 203.649000 1372.420000 -13 1364 1 0 1.000000
-4.055150 -2.713000 0 18.032300 -1.740870 229.309000 1372.240000 -13 1365 1 0 1.000000
-1.780730 -4.038480 0 7.882410 23.776700 187.701000 1372.370000 -13 1366 1 0 1.000000
-0.074446 8.966700 0 -23.681000 17.551100 203.708000 1372.250000 -13 1367 1 0 1.000000
-4.647950 -4.613800 0 -14.161400 -7.928550 199.976000 1372.360000 -13 1368 1 0 1.000000
4.150000 -3.176420 0 -6.678310 5.003600 203.640000 1372.270000 -13 1369 1 0 1.000000
-0.419487 0.558808 0 -9.982560 -7.330120 201.358000 1372.370000 -13 1370 1 0 1.000000
0.764364 2.355730 0 -25.759000 -9.163260 213.394000 1372.260000 -13 1371 1 0 1.000000
-5.147460 -9.785120 0 14.619500 -0.977971 207.137000 1372.270000 -13 1372 1 0 1.000000
-4.023540 -1.246060 0 6.585260 -9.303430 203.589000 1372.340000 -13 1373 1 0 1.000000
-4.330830 1.250520 0 -2.853200 12.527900 206.358000 1372.250000 -13 1374 1 0 1.000000
-6.334160 -1.600680 0 -4.051550 -9.115580 193.212000 1372.300000 -13 1375 1 0 1.000000
-4.974770 -2.534100 0 -2.335840 -1.956490 217.166000 1372.230000 -13 1376 1 0 1.000000
-1.208010 -6.824490 0 -21.960900 -6.636560 218.188000 1372.340000 -13 1377 1 0 1.000000
-4.961830 -5.208570 0 9.600900 16.808700 222.577000 1372.280000 -13 1378 1 0 1.000000
-6.547310 -7.025100 0 -0.006357 0.903725 203.315000 1372.460000 -13 1379 1 0 1.000000
-1.983100 2.566930 0 -6.894440 1.108030 209.843000 1372.310000 -13 1380 1 0 1.000000
-2.713750 -2.308400 0 25.969500 18.675500 206.944000 1372.360000 -13 1381 1 0 1.000000
1.345580 -7.614630 0 5.554200 3.040640 210.639000 1372.190000 -13 1382 1 0 1.000000
-2.097670 -5.276680 0 -18.935200 -0.820257 211.173000 1372.160000 -13 1383 1 0 1.000000
-6.581170 -7.842240 0 -0.452932 6.212730 215.286000 1372.290000 -13 1384 1 0 1.000000
2.778040 -4.936890 0 -10.282300 9.077740 197.242000 1372.240000 -13 1385 1 0 1.000000
-1.230620 -6.979910 0 20.964300 8.674900 208.090000 1372.170000 -13 1386 1 0 1.000000
-2.266380 -1.108810 0 -13.097800 -12.016200 186.811000 1372.280000 -13 1387 1 0 1.000000
-10.206700 -6.366870 0 5.094110 -3.553230 222.053000 1372.290000 -13 1388 1 0 1.000000
1.176420 -4.870940 0 -11.781500 3.501600 206.639000 1372.310000 -13 1389 1 0 1.000000
-2.617770 -1.052030 0 3.535860 12.133500 207.891000 1372.480000 -13 1390 1 0 1.000000
2.375880 1.866190 0 4.264330 -6.168400 197.803000 1372.470000 -13 1391 1 0 1.000000
3.863560 -2.870620 0 -10.357900 -15.824400 189.378000 1372.150000 -13 1392 1 0 1.000000
-4.357230 0.166014 0 -22.241500 4.328110 212.506000 1372.220000 -13 1393 1 0 1.000000
-1.561200 -5.859790 0 -3.060460 -10.862600 208.356000 1372.250000 -13 1394 1 0 1.000000
-6.796600 -5.472390 0 -7.077650 7.624690 206.408000 1372.300000 -13 1395 1 0 1.000000
-1.729800 -0.367349 0 -24.720300 19.782400 194.646000 1372.100000 -13 1396 1 0 1.000000
1.228250 4.539120 0 2.682110 21.698700 200.347000 1372.270000 -13 1397 1 0 1.000000
-8.809310 -6.787130 0 -7.125990 20.032600 206.152000 1372.340000 -13 1398 1 0 1.000000
-0.232958 -0.474351 0 3.207260 2.547380 193.868000 1372.380000 -13 1399 1 0 1.000000
4.055930 -7.348800 0 -7.996650 -1.743310 203.428000 1372.330000 -13 1400 1 0 1.000000
3.802340 -1.734890 0 -8.072550 15.354300 183.414000 1372.290000 -13 1401 1 0 1.000000
1.081610 -8.981450 0 2.090150 3.217790 210.748000 1372.330000 -13 1402 1 0 1.000000
-7.651340 -1.243910 0 -10.547400 7.717650 215.243000 1372.320000 -13 1403 1 0 1.000000
4.409750 -6.432640 0 41.243800 -5.911370 227.420000 1372.320000 -13 1404 1 0 1.000000
-1.823670 -3.305200 0 -6.108150 -15.943200 194.388000 1372.370000 -13 1405 1 0 1.000000
0.117365 -0.879886 0 -10.797000 -1.080110 198.153000 1372.280000 -13 1406 1 0 1.000000
-1.458100 -0.226230 0 -12.118800 -5.707270 208.227000 1372.380000 -13 1407 1 0 1.000000
-7.601830 -4.989090 0 -6.641440 10.449400 200.890000 1372.440000 -13 1408 1 0 1.000000
-2.062560 7.909390 0 5.293610 -13.493900 213.352000 1372.310000 -13 1409 1 0 1.000000
-6.148850 -0.409044 0 0.809085 -1.835060 216.722000 1372.180000 -13 1410 1 0 1.000000
-3.616340 -4.897720 0 -5.867790 -7.266450 196.435000 1372.300000 -13 1411 1 0 1.000000
0.078362 -8.384450 0 9.137190 -2.319450 216.500000 1372.320000 -13 1412 1 0 1.000000
4.001410 -0.477943 0 8.662120 17.011600 190.185000 1372.260000 -13 1413 1 0 1.000000
-7.263360 1.986980 0 13.819100 -14.593300 211.305000 1372.410000 -13 1414 1 0 1.000000
-2.485800 -0.926548 0 14.348200 -9.522550 193.827000 1372.140000 -13 1415 1 0 1.000000
-2.273770 -0.201907 0 23.110200 4.664930 213.971000 1372.280000 -13 1416 1 0 1.000000
-5.987070 -4.031620 0 5.305420 10.790500 215.245000 1372.150000 -13 1417 1 0 1.000000
-9.358110 -3.223460 0 1.350320 -8.638440 216.970000 1372.290000 -13 1418 1 0 1.000000
-0.542629 -3.603190 0 3.528820 20.040800 204.629000 1372.380000 -13 1419 1 0 1.000000
-7.572080 7.031230 0 14.965800 -23.673100 205.634000 1372.170000 -13 1420 1 0 1.000000
2.966170 -7.354040 0 9.502840 35.462500 225.436000 1372.340000 -13 1421 1 0 1.000000
-2.906900 -2.356670 0 6.111760 16.425800 192.154000 1372.220000 -13 1422 1 0 1.000000
-4.919510 1.958160 0 -10.112300 -20.110400 210.307000 1372.400000 -13 1423 1 0 1.000000
-6.817950 1.089190 0 -4.017550 -14.138800 205.627000 1372.280000 -13 1424 1 0 1.000000
-1.887700 -9.237590 0 10.777700 -2.735350 191.702000 1372.330000 -13 1425 1 0 1.000000
-4.330580 6.296100 0 1.215380 -10.356400 206.977000 1372.300000 -13 1426 1 0 1.000000
-6.055930 -2.354620 0 1.740630 -9.261420 223.991000 1372.230000 -13 1427 1 0 1.000000
0.505397 -6.834330 0 -22.938300 7.847410 223.470000 1372.310000 -13 1428 1 0 1.000000
-7.013250 -2.344020 0 -4.629610 8.289750 202.694000 1372.410000 -13 1429 1 0 1.000000
-2.461170 -0.384601 0 0.843860 -10.573900 187.054000 1372.340000 -13 1430 1 0 1.000000
2.165880 4.716740 0 8.958940 6.033450 206.862000 1372.250000 -13 1431 1 0 1.000000
-0.290974 -4.508590 0 -25.326400 -0.320011 210.435000 1372.340000 -13 1432 1 0 1.000000
-0.105853 0.743802 0 -7.535000 -0.343916 202.981000 1372.430000 -13 1433 1 0 1.000000
-5.837060 -4.357720 0 0.595740 -7.375470 215.388000 1372.270000 -13 1434 1 0 1.000000
-0.517123 1.891400 0 -9.690050 -15.380500 214.244000 1372.360000 -13 1435 1 0 1.000000
-2.583580 -2.342190 0 -14.931200 20.257600 210.731000 1372.330000 -13 1436 1 0 1.000000
0.582651 -5.803040 0 -1.877160 -18.761500 198.496000 1372.370000 -13 1437 1 0 1.000000
-0.888475 -2.127450 0 16.938500 -6.993250 189.514000 1372.160000 -13 1438 1 0 1.000000
-1.747600 0.627424 0 -8.140370 0.425754 212.386000 1372.330000 -13 1439 1 0 1.000000
2.602180 0.967248 0 -9.079780 3.200170 191.111000 1372.280000 -13 1440 1 0 1.000000
-5.866890 0.317375 0 4.197190 -4.975050 199.524000 1372.320000 -13 1441 1 0 1.000000
0.303923 -1.323020 0 1.706790 -38.695300 215.957000 1372.280000 -13 1442 1 0 1.000000
-0.946808 4.128330 0 -10.109500 -29.945200 191.149000 1372.260000 -13 1443 1 0 1.000000
2.063460 -2.406720 0 -2.615760 27.519900 205.915000 1372.130000 -13 1444 1 0 1.000000
0.044096 -2.269540 0 3.794400 2.899280 205.469000 1372.260000 -13 1445 1 0 1.000000
-8.936560 0.086696 0 -11.156300 -7.975610 220.552000 1372.420000 -13 1446 1 0 1.000000
4.076750 -2.674580 0 21.522300 -13.264200 198.104000 1372.290000 -13 1447 1 0 1.000000
-3.292140 2.920210 0 -2.790940 -14.692400 190.716000 1372.310000 -13 1448 1 0 1.000000
-2.943020 -5.411550 0 -12.581700 3.300640 204.843000 1372.490000 -13 1449 1 0 1.000000
-4.145970 -1.977890 0 14.329900 19.151600 192.964000 1372.310000 -13 1450 1 0 1.000000
-3.609300 -6.738330 0 10.506900 3.067850 196.439000 1372.390000 -13 1451 1 0 1.000000
0.005552 -3.505400 0 -0.501863 0.002397 209.598000 1372.470000 -13 1452 1 0 1.000000
-2.226560 -4.661310 0 3.740310 -4.372630 194.245000 1372.280000 -13 1453 1 0 1.000000
9.687840 0.980828 0 -26.209100 -11.159600 225.807000 1372.280000 -13 1454 1 0 1.000000
2.276300 0.692788 0 18.476600 -22.139300 189.312000 1372.280000 -13 1455 1 0 1.000000
-3.693660 -0.132622 0 -2.808270 -9.777630 197.860000 1372.290000 -13 1456 1 0 1.000000
-10.161100 -7.502740 0 -0.873010 -19.395400 214.085000 1372.270000 -13 1457 1 0 1.000000
-1.826050 0.004478 0 13.093200 3.013280 223.409000 1372.330000 -13 1458 1 0 1.000000
0.907062 -2.519560 0 -9.124610 -13.712100 206.512000 1372.260000 -13 1459 1 0 1.000000
-3.396830 -2.561050 0 9.298770 -10.975900 209.004000 1372.360000 -13 1460 1 0 1.000000
-4.544320 0.411968 0 13.874600 -21.690100 218.356000 1372.390000 -13 1461 1 0 1.000000
-1.033590 2.182250 0 -16.368600 14.667900 188.386000 1372.380000 -13 1462 1 0 1.000000
-6.369980 -4.145300 0 6.808290 11.238000 192.140000 1372.440000 -13 1463 1 0 1.000000
-0.552116 -5.097940 0 7.788580 -9.691970 190.649000 1372.240000 -13 1464 1 0 1.000000
5.016470 -3.145280 0 3.862290 -7.100060 201.138000 1372.390000 -13 1465 1 0 1.000000
4.777210 -8.131960 0 14.428000 2.634160 195.229000 1372.200000 -13 1466 1 0 1.000000
-2.901350 -8.558380 0 34.082600 -12.528100 211.913000 1372.350000 -13 1467 1 0 1.000000
-4.389180 -1.636650 0 -9.314160 -3.539260 186.007000 1372.190000 -13 1468 1 0 1.000000
-8.987750 -2.522370 0 -7.345450 -18.777200 207.472000 1372.240000 -13 1469 1 0 1.000000
4.790630 1.075840 0 -9.974640 -13.418300 198.452000 1372.200000 -13 1470 1 0 1.000000
3.963760 -7.855970 0 8.364560 9.923970 207.288000 1372.250000 -13 1471 1 0 1.000000
-4.061490 -6.400650 0 39.199100 -13.627600 203.573000 1372.170000 -13 1472 1 0 1.000000
2.004030 -0.409267 0 32.708300 5.242580 194.693000 1372.230000 -13 1473 1 0 1.000000
4.348190 2.179310 0 13.594000 -4.908230 214.086000 1372.430000 -13 1474 1 0 1.000000
-0.169098 -1.015160 0 8.978750 -25.756600 213.495000 1372.290000 -13 1475 1 0 1.000000
-0.239104 0.868954 0 -14.054000 -4.604680 205.598000 1372.170000 -13 1476 1 0 1.000000
-6.135310 1.498310 0 -10.505400 6.580770 219.026000 1372.220000 -13 1477 1 0 1.000000
4.871440 -8.842690 0 -13.281300 16.223500 204.856000 1372.330000 -13 1478 1 0 1.000000
3.982060 0.558459 0 -6.880250 -5.017230 197.185000 1372.390000 -13 1479 1 0 1.000000
7.299510 -6.961400 0 9.724360 7.615990 199.611000 1372.460000 -13 1480 1 0 1.000000
-2.323530 1.438060 0 -3.889760 7.927340 193.922000 1372.330000 -13 1481 1 0 1.000000
-1.769680 -7.081420 0 -15.283500 1.089170 204.500000 1372.260000 -13 1482 1 0 1.000000
-2.232110 -3.184040 0 -4.017010 -5.184660 206.854000 1372.250000 -13 1483 1 0 1.000000
2.360290 -1.664940 0 -2.426710 11.627100 193.616000 1372.430000 -13 1484 1 0 1.000000
-6.420210 5.655830 0 -37.280300 12.078000 220.241000 1372.210000 -13 1485 1 0 1.000000
-1.979740 -0.488047 0 -10.873400 -16.074300 193.233000 1372.250000 -13 1486 1 0 1.000000
1.244490 -2.571590 0 8.774740 -25.848100 227.745000 1372.160000 -13 1487 1 0 1.000000
2.615270 1.740470 0 -0.561508 5.298860 202.620000 1372.260000 -13 1488 1 0 1.000000
5.088390 -1.212150 0 -6.378640 -21.337800 204.379000 1372.380000 -13 1489 1 0 1.000000
-5.479290 -5.520370 0 1.354730 -2.583520 213.818000 1372.300000 -13 1490 1 0 1.000000
1.393630 -1.482480 0 -3.839950 -4.730870 195.000000 1372.330000 -13 1491 1 0 1.000000
-3.943370 -3.846470 0 7.432010 3.254360 209.834000 1372.410000 -13 1492 1 0 1.000000
-3.778320 -3.797980 0 0.230654 -3.403730 201.871000 1372.170000 -13 1493 1 0 1.000000
5.418320 -0.145726 0 22.673100 -15.806700 206.462000 1372.350000 -13 1494 1 0 1.000000
-1.529320 -5.263220 0 -4.954660 8.362930 203.454000 1372.220000 -13 1495 1 0 1.000000
-0.506277 -2.394120 0 -2.891850 3.707770 196.354000 1372.360000 -13 1496 1 0 1.000000
-0.730610 -8.972830 0 1.536910 -28.471000 207.513000 1372.280000 -13 1497 1 0 1.000000
2.858300 -6.683590 0 6.182690 3.693240 200.323000 1372.420000 -13 1498 1 0 1.000000
-3.410000 -2.248110 0 -18.647900 -11.091000 219.135000 1372.310000 -13 1499 1 0 1.000000
0.076155 -5.218500 0 -10.665400 -5.383430 205.274000 1372.280000 -13 1500 1 0 1.000000
-3.976060 3.568660 0 -9.328230 -11.382000 199.011000 1372.390000 -13 1501 1 0 1.000000
7.343250 -2.838270 0 -18.646300 5.437600 214.511000 1372.250000 -13 1502 1 0 1.000000
-6.721550 -6.060580 0 10.883700 16.029500 207.535000 1372.190000 -13 1503 1 0 1.000000
-3.510130 -1.221250 0 4.549540 14.789700 214.304000 1372.120000 -13 1504 1 0 1.000000
-0.570145 -4.389340 0 35.683100 5.339650 206.255000 1372.320000 -13 1505 1 0 1.000000
4.366130 -1.788700 0 5.862220 -4.706400 227.983000 1372.340000 -13 1506 1 0 1.000000
-6.559330 -6.357430 0 1.453130 14.962700 218.637000 1372.230000 -13 1507 1 0 1.000000
0.504278 -2.750810 0 -7.166050 -22.594400 207.899000 1372.310000 -13 1508 1 0 1.000000
-4.604520 -3.075110 0 -1.205250 -15.338000 214.827000 1372.200000 -13 1509 1 0 1.000000
-6.719850 0.336667 0 -21.351100 -20.977700 203.423000 1372.330000 -13 1510 1 0 1.000000
0.607519 -4.047550 0 12.449000 6.799340 202.611000 1372.310000 -13 1511 1 0 1.000000
-4.612260 -5.869740 0 -20.123100 30.080800 193.172000 1372.210000 -13 1512 1 0 1.000000
4.697380 -7.428940 0 12.424800 -5.016800 205.914000 1372.440000 -13 1513 1 0 1.000000
-7.296390 -3.544850 0 -8.603020 -5.917910 195.439000 1372.250000 -13 1514 1 0 1.000000
0.996701 -10.548600 0 -35.233100 11.708200 230.057000 1372.210000 -13 1515 1 0 1.000000
-2.862280 -5.144400 0 -8.198260 -7.624970 197.335000 1372.350000 -13 1516 1 0 1.000000
-1.550940 0.168121 0 22.043900 6.857440 188.401000 1372.400000 -13 1517 1 0 1.000000
-0.512056 -2.808660 0 -2.611210 -5.333500 205.160000 1372.380000 -13 1518 1 0 1.000000
-6.777270 1.035870 0 11.966400 4.274220 195.373000 1372.380000 -13 1519 1 0 1.000000
-12.179600 7.568630 0 -15.552600 -3.362620 220.583000 1372.280000 -13 1520 1 0 1.000000
-7.536300 2.917290 0 -5.668360 -0.287593 213.753000 1372.280000 -13 1521 1 0 1.000000
-1.788240 1.877190 0 -14.626300 -6.437260 218.236000 1372.420000 -13 1522 1 0 1.000000
-0.321321 -6.673300 0 30.237200 -16.143800 222.861000 1372.290000 -13 1523 1 0 1.000000
-8.639770 -6.266840 0 -14.555600 15.833100 223.541000 1372.120000 -13 1524 1 0 1.000000
0.475359 -4.410260 0 10.949800 -2.345140 203.225000 1372.370000 -13 1525 1 0 1.000000
0.446156 -2.931780 0 -3.107850 12.353300 183.187000 1372.220000 -13 1526 1 0 1.000000
2.886720 -6.820510 0 3.190810 -12.313400 196.150000 1372.280000 -13 1527 1 0 1.000000
-3.109540 1.531540 0 -13.274000 -9.731250 200.331000 1372.400000 -13 1528 1 0 1.000000
-5.307270 -0.301698 0 5.685030 2.832340 207.931000 1372.110000 -13 1529 1 0 1.000000
-5.730480 -0.287881 0 -20.657600 7.878050 215.344000 1372.350000 -13 1530 1 0 1.000000
0.337886 -3.720260 0 4.343570 6.267130 211.092000 1372.210000 -13 1531 1 0 1.000000
2.765510 -4.334830 0 13.312400 -2.956160 187.439000 1372.290000 -13 1532 1 0 1.000000
-2.460340 -4.533400 0 -40.134100 32.528500 231.161000 1372.190000 -13 1533 1 0 1.000000
-6.389890 3.834070 0 -16.455400 -5.012750 207.723000 1372.200000 -13 1534 1 0 1.000000
-1.950830 -2.386170 0 2.972980 -4.019820 211.279000 1372.310000 -13 1535 1 0 1.000000
-8.030070 -7.328220 0 12.363400 -22.078500 223.811000 1372.350000 -13 1536 1 0 1.000000
-1.254730 2.934660 0 8.211250 -12.405400 180.924000 1372.280000 -13 1537 1 0 1.000000
0.930695 -4.127100 0 6.244750 18.242900 211.589000 1372.300000 -13 1538 1 0 1.000000
-4.111840 -3.103810 0 15.861700 -7.392330 189.500000 1372.160000 -13 1539 1 0 1.000000
-1.527490 -3.903840 0 14.583600 6.217910 204.163000 1372.460000 -13 1540 1 0 1.000000
-4.513260 -6.844960 0 15.236200 -10.733600 219.418000 1372.300000 -13 1541 1 0 1.000000
-9.231440 3.105360 0 3.221890 -15.213400 194.288000 1372.390000 -13 1542 1 0 1.000000
-0.107996 -0.424598 0 -8.417140 -20.871000 203.382000 1372.230000 -13 1543 1 0 1.000000
-7.299360 -3.377060 0 0.463945 -21.433900 188.035000 1372.200000 -13 1544 1 0 1.000000
-2.781690 -7.011530 0 5.460690 -13.398500 197.700000 1372.140000 -13 1545 1 0 1.000000
-2.309400 0.837180 0 -7.269900 -11.418300 179.946000 1372.240000 -13 1546 1 0 1.000000
-6.316260 -5.564240 0 13.775800 39.522200 210.114000 1372.470000 -13 1547 1 0 1.000000
-2.331890 -3.787340 0 20.289900 -13.775800 203.988000 1372.450000 -13 1548 1 0 1.000000
-7.522840 0.546254 0 10.311000 -12.326000 229.429000 1372.340000 -13 1549 1 0 1.000000
-3.174090 -5.372710 0 -8.735870 1.099380 208.088000 1372.330000 -13 1550 1 0 1.000000
9.239900 0.932446 0 -22.062700 -3.818880 213.978000 1372.430000 -13 1551 1 0 1.000000
-1.420220 -7.677790 0 -12.357300 0.368650 210.199000 1372.180000 -13 1552 1 0 1.000000
-4.692880 -3.580730 0 21.929800 21.625600 219.153000 1372.180000 -13 1553 1 0 1.000000
-0.135509 0.441830 0 11.066300 5.268260 210.389000 1372.060000 -13 1554 1 0 1.000000
2.811770 -0.116007 0 -1.168510 18.492900 195.784000 1372.370000 -13 1555 1 0 1.000000
6.053820 -3.900670 0 -30.453100 -11.180100 204.656000 1372.440000 -13 1556 1 0 1.000000
0.447654 -4.998170 0 3.707470 3.915830 200.313000 1372.210000 -13 1557 1 0 1.000000
-9.084010 10.168900 0 -8.708490 -4.289340 224.517000 1372.300000 -13 1558 1 0 1.000000
-4.349550 -3.470170 0 -10.326800 -3.839130 209.574000 1372.390000 -13 1559 1 0 1.000000
-7.455530 -8.820010 0 -9.391690 1.852240 196.413000 1372.250000 -13 1560 1 0 1.000000
1.323740 -8.743890 0 -9.129160 17.629400 203.096000 1372.360000 -13 1561 1 0 1.000000
-2.939950 -2.500490 0 -12.290000 0.339360 200.607000 1372.390000 -13 1562 1 0 1.000000
-1.296500 -4.932820 0 -18.772200 13.809300 217.003000 1372.380000 -13 1563 1 0 1.000000
-0.440925 4.491850 0 6.490770 9.010570 197.752000 1372.370000 -13 1564 1 0 1.000000
-4.403930 2.876280 0 19.794700 -14.086600 198.103000 1372.140000 -13 1565 1 0 1.000000
-6.523130 3.899180 0 -17.183200 3.334320 197.260000 1372.270000 -13 1566 1 0 1.000000
-2.286430 2.177370 0 16.984600 -7.782560 203.554000 1372.350000 -13 1567 1 0 1.000000
-8.083230 -4.561370 0 0.385479 -8.952700 216.238000 1372.300000 -13 1568 1 0 1.000000
-5.920770 -2.595090 0 -3.212780 -3.780220 195.435000 1372.360000 -13 1569 1 0 1.000000
-5.493330 -6.940770 0 -7.508760 -11.831700 208.005000 1372.380000 -13 1570 1 0 1.000000
3.115860 -6.049860 0 -17.523300 -0.966674 200.148000 1372.130000 -13 1571 1 0 1.000000
-3.406770 -2.082970 0 20.420900 -11.491900 188.850000 1372.190000 -13 1572 1 0 1.000000
-0.750111 -1.115620 0 3.264920 -7.614650 193.170000 1372.280000 -13 1573 1 0 1.000000
-1.508430 0.340430 0 8.440130 1.653590 219.817000 1372.290000 -13 1574 1 0 1.000000
1.408960 1.805640 0 0.094279 6.178550 209.713000 1372.100000 -13 1575 1 0 1.000000
-4.381290 2.564680 0 7.548200 4.848520 194.200000 1372.370000 -13 1576 1 0 1.000000
-4.394420 -0.166349 0 -0.161750 0.571979 196.471000 1372.470000 -13 1577 1 0 1.000000
2.374860 -0.988378 0 5.722680 7.170490 200.071000 1372.410000 -13 1578 1 0 1.000000
-3.603530 -3.123540 0 5.199950 -7.551680 193.492000 1372.450000 -13 1579 1 0 1.000000
7.300680 -5.083060 0 0.381222 5.262440 208.267000 1372.340000 -13 1580 1 0 1.000000
-0.508745 -0.142832 0 -17.830600 -2.765790 182.428000 1372.300000 -13 1581 1 0 1.000000
-1.783030 -4.465170 0 -6.732240 -15.114600 188.320000 1372.350000 -13 1582 1 0 1.000000
-4.573470 -3.606760 0 -11.195800 -7.317000 198.493000 1372.130000 -13 1583 1 0 1.000000
-1.137770 -8.393870 0 2.983230 -1.305450 196.070000 1372.190000 -13 1584 1 0 1.000000
-6.686210 -0.969117 0 -7.021560 -5.555600 198.213000 1372.280000 -13 1585 1 0 1.000000
1.538940 1.713160 0 -33.368600 3.570490 206.460000 1372.450000 -13 1586 1 0 1.000000
1.262700 -4.737270 0 18.337300 1.729540 187.207000 1372.230000 -13 1587 1 0 1.000000
0.366549 0.448109 0 -10.790300 1.578840 204.167000 1372.170000 -13 1588 1 0 1.000000
1.543290 -3.959400 0 -4.132530 20.329200 204.158000 1372.300000 -13 1589 1 0 1.000000
-3.946870 -3.485180 0 8.028260 2.944300 199.923000 1372.180000 -13 1590 1 0 1.000000
2.311720 -6.186000 0 17.850700 8.328950 197.716000 1372.280000 -13 1591 1 0 1.000000
4.921530 2.119400 0 0.186354 -3.091070 225.728000 1372.420000 -13 1592 1 0 1.000000
-5.303130 -6.295100 0 -7.630650 9.821260 200.846000 1372.110000 -13 1593 1 0 1.000000
-2.569600 -9.195910 0 -4.001870 -13.860300 203.220000 1372.110000 -13 1594 1 0 1.000000
4.484440 -9.330860 0 5.255260 -12.836900 201.171000 1372.340000 -13 1595 1 0 1.000000
-3.047080 -4.133810 0 -19.596400 13.249700 224.256000 1372.250000 -13 1596 1 0 1.000000
-0.052971 0.080978 0 -10.622300 -3.611890 193.639000 1372.190000 -13 1597 1 0 1.000000
-2.459330 -3.213180 0 -4.746840 -10.488600 212.451000 1372.370000 -13 1598 1 0 1.000000
3.148410 -7.633270 0 -21.621300 7.182370 189.583000 1372.450000 -13 1599 1 0 1.000000
-1.829360 -3.566030 0 -2.316980 -12.226200 207.810000 1372.360000 -13 1600 1 0 1.000000
-0.949121 -4.707890 0 -22.745300 -0.523665 189.056000 1372.330000 -13 1601 1 0 1.000000
5.203500 -6.373960 0 -9.120500 6.478210 194.193000 1372.220000 -13 1602 1 0 1.000000
-3.044820 -3.177080 0 -18.783200 7.890350 210.391000 1372.150000 -13 1603 1 0 1.000000
-2.086940 -2.486690 0 -9.377840 18.302900 189.182000 1372.340000 -13 1604 1 0 1.000000
-6.040440 0.577022 0 -5.111850 10.130400 189.649000 1372.190000 -13 1605 1 0 1.000000
1.012910 -2.398110 0 2.079030 -10.059700 211.376000 1372.270000 -13 1606 1 0 1.000000
-0.240468 -1.984090 0 0.947025 1.480080 215.458000 1372.240000 -13 1607 1 0 1.000000
-0.569770 -8.456770 0 1.926020 2.097640 213.109000 1372.210000 -13 1608 1 0 1.000000
4.488860 -3.103120 0 9.625930 9.855080 206.922000 1372.240000 -13 1609 1 0 1.000000
-2.086570 -3.114060 0 1.880930 1.879490 214.166000 1372.050000 -13 1610 1 0 1.000000
-0.713551 -6.022320 0 15.420600 -2.600450 210.251000 1372.420000 -13 1611 1 0 1.000000
-1.137860 4.502240 0 -11.990900 -19.078500 190.360000 1372.090000 -13 1612 1 0 1.000000
-3.552460 -7.024920 0 5.131490 15.065900 200.653000 1372.500000 -13 1613 1 0 1.000000
-1.838580 -1.014380 0 -8.719640 14.966000 196.161000 1372.350000 -13 1614 1 0 1.000000
3.183430 -5.719540 0 22.797600 7.809330 220.749000 1372.310000 -13 1615 1 0 1.000000
-4.112290 -1.800090 0 -2.321510 -4.710330 190.666000 1372.280000 -13 1616 1 0 1.000000
-1.415880 -3.160430 0 -25.327500 8.428220 192.354000 1372.200000 -13 1617 1 0 1.000000
-7.282790 -1.704070 0 1.262290 7.107510 217.185000 1372.220000 -13 1618 1 0 1.000000
4.728560 -3.519910 0 17.268300 1.963560 220.458000 1372.160000 -13 1619 1 0 1.000000
-0.285986 1.976290 0 23.136400 -18.930000 225.880000 1372.320000 -13 1620 1 0 1.000000
0.477409 -1.466520 0 13.413000 -13.387100 185.626000 1372.280000 -13 1621 1 0 1.000000
-2.450470 -12.909500 0 -0.165816 9.107320 222.049000 1372.370000 -13 1622 1 0 1.000000
4.056720 -1.619800 0 -13.483800 -0.598200 209.270000 1372.240000 -13 1623 1 0 1.000000
-1.644750 -1.551200 0 12.590600 18.821000 195.509000 1372.250000 -13 1624 1 0 1.000000
2.945330 -1.692550 0 1.861740 17.203700 199.496000 1372.110000 -13 1625 1 0 1.000000
-2.895040 -2.858320 0 19.909900 3.938750 224.335000 1372.270000 -13 1626 1 0 1.000000
-5.119600 -3.195560 0 12.266700 -1.041350 202.287000 1372.460000 -13 1627 1 0 1.000000
3.881390 -1.215890 0 -8.889580 13.974000 202.453000 1372.260000 -13 1628 1 0 1.000000
0.738794 2.585250 0 0.240958 -24.664500 225.917000 1372.280000 -13 1629 1 0 1.000000
-2.864700 -0.177022 0 -6.299340 -6.277100 202.053000 1372.220000 -13 1630 1 0 1.000000
-0.638658 -1.363000 0 7.790130 11.113500 202.558000 1372.340000 -13 1631 1 0 1.000000
2.138400 -8.067200 0 -13.670600 7.914790 201.651000 1372.350000 -13 1632 1 0 1.000000
-6.549050 -8.276450 0 1.605790 12.950000 203.507000 1372.300000 -13 1633 1 0 1.000000
6.757420 4.324090 0 8.424130 2.936130 218.061000 1372.220000 -13 1634 1 0 1.000000
-3.199590 -0.843739 0 -5.327740 -9.691420 196.181000 1372.380000 -13 1635 1 0 1.000000
-8.308120 -4.182320 0 5.896460 -13.986000 193.818000 1372.260000 -13 1636 1 0 1.000000
-0.832385 -4.019730 0 10.700800 10.796600 195.212000 1372.250000 -13 1637 1 0 1.000000
-0.986820 -0.772547 0 5.845970 6.868900 200.754000 1372.410000 -13 1638 1 0 1.000000
1.487540 0.089689 0 2.632860 -4.233630 210.331000 1372.340000 -13 1639 1 0 1.000000
0.053284 -3.266490 0 22.839300 -33.141500 215.091000 1372.120000 -13 1640 1 0 1.000000
1.526170 -11.846900 0 -8.697940 10.859400 195.718000 1372.200000 -13 1641 1 0 1.000000
1.635590 -6.350040 0 -18.641900 -13.405500 204.653000 1372.320000 -13 1642 1 0 1.000000
4.687270 -1.190380 0 15.287700 16.042300 203.168000 1372.350000 -13 1643 1 0 1.000000
4.406770 1.464700 0 -7.580320 -1.072370 211.814000 1372.270000 -13 1644 1 0 1.000000
9.333390 -8.803340 0 -6.357470 -1.346330 211.916000 1372.120000 -13 1645 1 0 1.000000
-10.609200 2.710620 0 -24.790500 -26.019000 209.979000 1372.190000 -13 1646 1 0 1.000000
6.516900 -1.879400 0 10.908500 9.666930 196.908000 1372.450000 -13 1647 1 0 1.000000
0.931573 -1.540220 0 -27.302600 22.945500 215.280000 1372.200000 -13 1648 1 0 1.000000
-2.035850 -7.877820 0 -7.943620 9.629960 197.997000 1372.350000 -13 1649 1 0 1.000000
0.317615 -1.015960 0 -5.571330 1.581340 206.791000 1372.390000 -13 1650 1 0 1.000000
2.383410 -2.314790 0 5.692370 21.148700 194.280000 1372.190000 -13 1651 1 0 1.000000
2.902630 -5.203650 0 -7.133710 -3.203400 187.298000 1372.200000 -13 1652 1 0 1.000000
-5.266110 -4.661590 0 -6.936950 -5.966330 214.306000 1372.230000 -13 1653 1 0 1.000000
-1.797320 -0.577911 0 -34.239300 29.493600 219.395000 1372.260000 -13 1654 1 0 1.000000
1.155190 -1.199440 0 14.612700 -15.781400 201.706000 1372.280000 -13 1655 1 0 1.000000
3.312870 -4.369640 0 -4.021860 19.835900 189.011000 1372.260000 -13 1656 1 0 1.000000
-1.907590 -3.781520 0 8.550700 -16.462400 220.575000 1372.190000 -13 1657 1 0 1.000000
-9.072420 -8.610960 0 -0.803508 -3.541360 217.740000 1372.120000 -13 1658 1 0 1.000000
-5.792330 2.354280 0 17.278400 4.654790 215.913000 1372.230000 -13 1659 1 0 1.000000
-1.181040 -0.450669 0 -7.889720 -19.702300 193.188000 1372.170000 -13 1660 1 0 1.000000
-6.872790 -3.386050 0 7.684830 -18.851900 207.217000 1372.360000 -13 1661 1 0 1.000000
-0.161185 -7.560040 0 3.725280 -17.180800 210.088000 1372.200000 -13 1662 1 0 1.000000
-1.261870 -1.631320 0 -8.248180 -24.668300 191.248000 1372.250000 -13 1663 1 0 1.000000
-6.110600 -2.377760 0 -3.255920 -6.449180 208.341000 1372.280000 -13 1664 1 0 1.000000
0.997330 -0.243874 0 5.606570 4.838830 221.012000 1372.310000 -13 1665 1 0 1.000000
-1.841010 -10.812900 0 -6.088680 12.225300 189.806000 1372.270000 -13 1666 1 0 1.000000
4.845450 0.505066 0 -2.877390 4.146360 202.922000 1369.600000 -13 1667 1 0 1.000000
1.060760 1.524200 0 -0.901872 -8.751680 189.656000 1369.500000 -13 1668 1 0 1.000000
-2.262320 -5.089000 0 -24.644200 -8.150180 182.192000 1369.500000 -13 1669 1 0 1.000000
-1.705240 1.116760 0 -2.107850 -18.899200 226.360000 1372.250000 -13 1670 1 0 1.000000
-1.656660 -4.333820 0 15.314500 -9.271010 217.783000 1372.350000 -13 1671 1 0 1.000000
1.779710 0.598410 0 -8.064170 -20.950200 202.227000 1372.120000 -13 1672 1 0 1.000000
-11.201400 6.671090 0 -7.737700 -6.193550 198.258000 1372.290000 -13 1673 1 0 1.000000
1.369800 -6.239260 0 19.149900 -12.453000 191.621000 1372.190000 -13 1674 1 0 1.000000
-1.580300 3.528710 0 -16.096000 -22.250700 202.597000 1372.380000 -13 1675 1 0 1.000000
3.305870 1.795380 0 7.619140 -19.508900 211.115000 1372.350000 -13 1676 1 0 1.000000
-3.782690 4.448190 0 -27.270700 10.184500 210.163000 1372.280000 -13 1677 1 0 1.000000
3.077350 -2.841390 0 -9.304540 -24.320600 187.988000 1372.350000 -13 1678 1 0 1.000000
2.607100 -6.025590 0 6.582370 4.560920 198.665000 1372.270000 -13 1679 1 0 1.000000
-13.727000 -8.612770 0 7.224580 -7.057290 199.553000 1372.420000 -13 1680 1 0 1.000000
1.502190 -7.450200 0 10.838900 5.104360 203.965000 1372.210000 -13 1681 1 0 1.000000
-5.926090 -1.471730 0 7.578510 -10.513000 196.358000 1372.340000 -13 1682 1 0 1.000000
-7.834940 1.592950 0 -12.935000 -6.477160 196.650000 1372.300000 -13 1683 1 0 1.000000
-0.422482 2.099410 0 -9.027260 -1.087320 189.579000 1372.300000 -13 1684 1 0 1.000000
-1.853550 1.245890 0 11.527900 9.254090 204.630000 1372.280000 -13 1685 1 0 1.000000
1.934090 -7.648970 0 18.299700 -4.695280 191.190000 1372.390000 -13 1686 1 0 1.000000
-5.455240 1.459410 0 -0.448740 -6.881120 188.859000 1372.260000 -13 1687 1 0 1.000000
-3.398120 -2.527490 0 12.994900 -27.771200 204.083000 1372.340000 -13 1688 1 0 1.000000
-0.737729 -5.403580 0 -24.094900 24.498600 228.156000 1372.240000 -13 1689 1 0 1.000000
0.003267 -7.788370 0 -4.127830 17.512500 222.007000 1372.190000 -13 1690 1 0 1.000000
-5.807710 2.954850 0 -7.866460 -6.939630 187.200000 1372.100000 -13 1691 1 0 1.000000
-3.932850 2.011830 0 2.744660 -14.996900 206.562000 1372.280000 -13 1692 1 0 1.000000
-4.136160 4.989190 0 4.560550 -1.999330 203.595000 1372.240000 -13 1693 1 0 1.000000
-10.370700 -5.269030 0 9.552830 -6.025240 208.087000 1372.420000 -13 1694 1 0 1.000000
2.779410 -2.450970 0 -11.607300 6.399700 227.092000 1372.300000 -13 1695 1 0 1.000000
-8.350430 -10.846100 0 0.392744 0.128717 193.923000 1372.400000 -13 1696 1 0 1.000000
-4.639790 -0.716770 0 -2.426780 -11.468700 214.963000 1372.310000 -13 1697 1 0 1.000000
-2.256200 -5.705380 0 14.648900 3.005650 215.310000 1372.480000 -13 1698 1 0 1.000000
-6.887430 0.967955 0 -33.255800 -18.068300 220.613000 1372.140000 -13 1699 1 0 1.000000
-6.414010 -1.370720 0 1.707060 -0.650018 211.662000 1372.370000 -13 1700 1 0 1.000000
0.996972 -11.972800 0 8.449530 -0.314555 192.183000 1372.320000 -13 1701 1 0 1.000000
-1.715840 4.749110 0 -27.581500 -24.562000 191.856000 1372.320000 -13 1702 1 0 1.000000
-0.925386 -7.775470 0 19.293000 11.861000 202.149000 1372.310000 -13 1703 1 0 1.000000
4.167290 2.328110 0 8.672960 -5.549550 208.768000 1372.350000 -13 1704 1 0 1.000000
-3.209200 -0.858134 0 -5.016340 15.224000 204.680000 1372.310000 -13 1705 1 0 1.000000
-1.100390 -9.101600 0 11.284100 -15.818100 204.929000 1372.380000 -13 1706 1 0 1.000000
-4.112760 5.537770 0 8.478420 -8.202970 202.346000 1372.420000 -13 1707 1 0 1.000000
-5.164910 -4.060460 0 9.592690 -8.685480 194.955000 1372.170000 -13 1708 1 0 1.000000
-1.514340 -4.367440 0 -5.164980 -4.936860 205.036000 1372.370000 -13 1709 1 0 1.000000
1.716360 -2.503910 0 2.057850 6.643340 202.286000 1372.210000 -13 1710 1 0 1.000000
-4.106910 0.945139 0 1.437760 10.384200 226.988000 1372.360000 -13 1711 1 0 1.000000
-1.822400 -1.164720 0 5.562960 -2.428220 201.739000 1372.320000 -13 1712 1 0 1.000000
0.464805 0.219027 0 40.889200 -15.598300 207.266000 1372.270000 -13 1713 1 0 1.000000
3.885050 1.527540 0 2.559860 1.630220 202.974000 1372.210000 -13 1714 1 0 1.000000
-3.433760 -9.483160 0 -11.298800 -16.826400 199.898000 1372.320000 -13 1715 1 0 1.000000
6.197540 -2.533740 0 -17.101200 8.310280 203.027000 1372.090000 -13 1716 1 0 1.000000
-3.733580 -17.566500 0 -12.888200 19.011400 227.291000 1372.340000 -13 1717 1 0 1.000000
-0.127979 -2.883060 0 -0.516733 -12.573400 200.905000 1372.530000 -13 1718 1 0 1.000000
-0.081416 0.257340 0 10.493700 3.447450 193.840000 1372.270000 -13 1719 1 0 1.000000
-4.959950 -6.422410 0 -15.860000 9.779270 204.889000 1372.410000 -13 1720 1 0 1.000000
-1.836540 -1.203810 0 -3.516580 -14.307300 208.734000 1372.430000 -13 1721 1 0 1.000000
4.233840 -0.171394 0 -27.057400 17.325600 197.048000 1372.120000 -13 1722 1 0 1.000000
-4.737760 -8.546440 0 4.950100 15.878200 197.727000 1372.210000 -13 1723 1 0 1.000000
-2.844430 -3.504570 0 13.092800 -6.278730 210.431000 1372.340000 -13 1724 1 0 1.000000
-0.950778 0.446935 0 22.044300 1.709110 210.240000 1372.390000 -13 1725 1 0 1.000000
-7.521100 -2.763760 0 -8.208060 6.166450 198.284000 1372.330000 -13 1726 1 0 1.000000
0.720231 -11.065300 0 6.541900 -1.635300 217.756000 1372.380000 -13 1727 1 0 1.000000
-1.224170 0.940924 0 -10.249900 -2.574340 184.709000 1372.250000 -13 1728 1 0 1.000000
2.011290 -5.423290 0 -2.636700 5.907240 208.679000 1372.300000 -13 1729 1 0 1.000000
-3.725830 -4.550570 0 7.480620 0.750980 214.314000 1372.370000 -13 1730 1 0 1.000000
-1.960160 -5.621750 0 2.581080 7.257190 204.260000 1372.530000 -13 1731 1 0 1.000000
-3.176590 -4.172680 0 -0.298285 0.604682 190.824000 1372.390000 -13 1732 1 0 1.000000
-4.439380 -1.058910 0 -0.578759 -17.381600 209.104000 1372.280000 -13 1733 1 0 1.000000
-1.016340 -1.408070 0 2.017650 9.071770 208.203000 1372.280000 -13 1734 1 0 1.000000
3.237550 -4.601260 0 6.130240 -1.780930 211.358000 1372.440000 -13 1735 1 0 1.000000
2.597230 1.252940 0 2.629610 -0.462527 207.317000 1372.250000 -13 1736 1 0 1.000000
-2.955950 -2.152750 0 -13.505200 10.572500 225.784000 1372.250000 -13 1737 1 0 1.000000
1.154560 6.981560 0 -9.408120 4.399850 203.675000 1372.170000 -13 1738 1 0 1.000000
-3.726790 -2.818030 0 6.830660 17.018800 206.602000 1372.220000 -13 1739 1 0 1.000000
0.717809 8.083680 0 -6.646110 -21.480800 204.705000 1372.370000 -13 1740 1 0 1.000000
4.503510 0.530079 0 0.955049 -1.575460 185.513000 1372.380000 -13 1741 1 0 1.000000
6.704770 -1.386810 0 3.084470 5.558640 214.400000 1372.360000 -13 1742 1 0 1.000000
4.766910 3.541970 0 -24.178600 -23.752700 203.007000 1372.410000 -13 1743 1 0 1.000000
1.436080 -6.095930 0 12.955900 4.175590 210.555000 1372.430000 -13 1744 1 0 1.000000
-0.691818 -4.620860 0 3.533530 -10.839000 200.651000 1372.300000 -13 1745 1 0 1.000000
7.543520 -11.503300 0 7.530660 6.025700 212.810000 1372.170000 -13 1746 1 0 1.000000
-4.198120 -0.425589 0 -22.993700 7.891780 208.359000 1372.500000 -13 1747 1 0 1.000000
-7.643980 -1.464300 0 -15.661200 5.709810 214.497000 1372.230000 -13 1748 1 0 1.000000
0.919690 -0.488340 0 14.549900 23.304000 201.920000 1372.300000 -13 1749 1 0 1.000000
-2.486680 0.056412 0 0.559247 5.542850 195.460000 1372.360000 -13 1750 1 0 1.000000
-2.667050 2.359780 0 -12.739900 -7.274270 192.390000 1372.280000 -13 1751 1 0 1.000000
-5.564840 -2.924260 0 3.052610 -5.778860 195.682000 1372.430000 -13 1752 1 0 1.000000
-2.509600 -3.517600 0 0.708195 -3.866490 217.594000 1372.230000 -13 1753 1 0 1.000000
1.562510 -5.509930 0 20.057500 -4.765840 206.329000 1372.310000 -13 1754 1 0 1.000000
-0.023542 -3.367400 0 16.427000 -0.841470 206.791000 1372.380000 -13 1755 1 0 1.000000
4.191030 -5.914110 0 -14.477200 -4.746650 205.343000 1372.160000 -13 1756 1 0 1.000000
-4.337240 0.922036 0 -19.725900 5.763780 209.256000 1372.450000 -13 1757 1 0 1.000000
-3.701810 0.839184 0 -15.792900 20.065600 207.546000 1372.250000 -13 1758 1 0 1.000000
0.691858 0.954365 0 -3.221080 8.967910 194.459000 1372.250000 -13 1759 1 0 1.000000
-3.848560 -3.192330 0 9.853700 -0.538817 211.409000 1372.310000 -13 1760 1 0 1.000000
-0.551954 -6.411150 0 23.073700 -1.290020 217.386000 1372.250000 -13 1761 1 0 1.000000
1.081710 -4.300710 0 -8.949560 -1.222430 201.201000 1372.510000 -13 1762 1 0 1.000000
-1.686680 -9.930680 0 -13.246900 -3.317210 193.464000 1372.370000 -13 1763 1 0 1.000000
1.891170 -5.423870 0 23.860000 38.962800 200.536000 1372.270000 -13 1764 1 0 1.000000
-3.527010 1.682840 0 4.954690 -16.879700 220.998000 1372.220000 -13 1765 1 0 1.000000
-5.441760 0.998771 0 -4.245220 9.708410 213.454000 1372.130000 -13 1766 1 0 1.000000
-2.286980 -5.636760 0 5.698270 -6.747450 207.625000 1372.390000 -13 1767 1 0 1.000000
-6.222160 -2.880390 0 34.562200 22.765900 226.834000 1372.270000 -13 1768 1 0 1.000000
-3.348480 -4.017380 0 17.468200 -3.328230 196.039000 1372.320000 -13 1769 1 0 1.000000
-3.714400 0.542199 0 -14.095100 -3.181430 210.384000 1372.160000 -13 1770 1 0 1.000000
1.234350 -5.005670 0 24.014900 -2.193160 205.755000 1372.400000 -13 1771 1 0 1.000000
-2.823880 -6.683850 0 -2.854620 -3.048730 214.277000 1372.490000 -13 1772 1 0 1.000000
-2.102700 3.269510 0 -15.964200 8.333410 223.781000 1372.370000 -13 1773 1 0 1.000000
-4.390590 -11.474300 0 10.525000 2.411610 198.156000 1372.350000 -13 1774 1 0 1.000000
-5.243580 -1.688210 0 7.585590 -7.333150 194.122000 1372.380000 -13 1775 1 0 1.000000
-1.240830 3.940310 0 -1.513890 20.001900 199.308000 1372.280000 -13 1776 1 0 1.000000
-2.573490 -8.308650 0 -1.249930 -7.037120 196.168000 1372.190000 -13 1777 1 0 1.000000
-1.714230 -8.813210 0 41.403300 -12.904500 201.696000 1372.210000 -13 1778 1 0 1.000000
-11.080300 -4.606580 0 -13.560500 -25.074500 208.532000 1372.360000 -13 1779 1 0 1.000000
-0.281116 -6.940690 0 -31.441300 -1.733510 214.123000 1372.280000 -13 1780 1 0 1.000000
4.746740 -1.884580 0 -0.090281 -1.868040 207.790000 1372.320000 -13 1781 1 0 1.000000
-10.657000 -1.826430 0 20.887900 8.115760 216.383000 1372.280000 -13 1782 1 0 1.000000
4.388870 -1.996980 0 0.839922 6.735200 184.724000 1372.340000 -13 1783 1 0 1.000000
4.248760 -3.652160 0 34.385700 2.762820 195.446000 1372.300000 -13 1784 1 0 1.000000
-6.785880 -3.736580 0 -13.548700 -5.902200 216.834000 1372.280000 -13 1785 1 0 1.000000
-1.875180 -4.018780 0 17.024900 -2.602190 201.599000 1372.340000 -13 1786 1 0 1.000000
-8.467810 -3.036530 0 -8.614750 3.371090 217.070000 1372.200000 -13 1787 1 0 1.000000
-1.101740 -0.867285 0 -13.735000 1.980700 197.689000 1372.400000 -13 1788 1 0 1.000000
-0.761515 -9.197240 0 1.883230 -8.185020 190.334000 1372.190000 -13 1789 1 0 1.000000
-7.601200 -2.281530 0 33.736700 -24.260000 222.948000 1372.290000 -13 1790 1 0 1.000000
-5.811030 2.248650 0 1.174630 -24.961500 218.434000 1372.220000 -13 1791 1 0 1.000000
-7.395030 -9.127020 0 3.072110 3.948430 194.885000 1372.130000 -13 1792 1 0 1.000000
2.863520 -2.935550 0 -15.910600 3.795960 195.970000 1372.360000 -13 1793 1 0 1.000000
-1.865690 -1.665870 0 6.524340 -9.120940 211.612000 1372.230000 -13 1794 1 0 1.000000
0.192712 5.102430 0 -15.760100 -2.831920 211.493000 1372.390000 -13 1795 1 0 1.000000
-0.151678 -2.712160 0 -8.469970 7.131850 194.859000 1372.340000 -13 1796 1 0 1.000000
0.021892 4.314840 0 -8.775390 5.295450 203.675000 1372.140000 -13 1797 1 0 1.000000
-8.581010 -4.205000 0 32.967500 7.633500 216.714000 1372.140000 -13 1798 1 0 1.000000
-0.828480 -2.843090 0 -15.517800 5.606810 205.457000 1372.140000 -13 1799 1 0 1.000000
-7.160550 -3.261310 0 -1.450050 -7.035690 188.119000 1372.250000 -13 1800 1 0 1.000000
-5.442580 -3.147930 0 2.569750 -2.218620 211.980000 1372.230000 -13 1801 1 0 1.000000
-1.131910 -3.172780 0 -13.775600 -20.183600 221.484000 1372.240000 -13 1802 1 0 1.000000
-3.071490 -1.098410 0 18.797800 -35.854000 221.755000 1372.260000 -13 1803 1 0 1.000000
2.336860 -2.920910 0 -0.491964 3.271210 204.989000 1372.450000 -13 1804 1 0 1.000000
5.196790 -1.033070 0 -2.055660 1.440310 205.033000 1372.320000 -13 1805 1 0 1.000000
3.435960 -11.067500 0 7.062240 -3.666800 209.171000 1372.310000 -13 1806 1 0 1.000000
-2.861520 -3.167160 0 19.117900 20.198900 196.446000 1372.250000 -13 1807 1 0 1.000000
-4.451230 4.531600 0 -17.485300 36.111300 215.546000 1372.160000 -13 1808 1 0 1.000000
-1.965890 -0.221117 0 -26.607100 14.291100 201.632000 1372.450000 -13 1809 1 0 1.000000
1.522530 -12.309300 0 18.969500 -9.639590 208.885000 1372.270000 -13 1810 1 0 1.000000
-2.061360 -1.170400 0 -21.108200 8.884800 198.345000 1372.210000 -13 1811 1 0 1.000000
-3.740890 -8.177110 0 19.526200 10.071100 220.092000 1372.310000 -13 1812 1 0 1.000000
1.447940 -2.928830 0 -17.334200 13.624600 204.177000 1372.350000 -13 1813 1 0 1.000000
-0.309741 -4.163720 0 8.321860 -1.811720 184.123000 1372.210000 -13 1814 1 0 1.000000
-3.560350 -0.723774 0 -10.985500 7.470830 212.567000 1372.340000 -13 1815 1 0 1.000000
-8.320800 -3.251790 0 -42.933500 -1.030970 227.676000 1372.280000 -13 1816 1 0 1.000000
-3.903510 -3.294260 0 -1.543500 -5.485860 198.512000 1372.190000 -13 1817 1 0 1.000000
0.763246 9.991910 0 -12.437300 -6.053890 208.518000 1372.250000 -13 1818 1 0 1.000000
-0.453821 -6.034270 0 -3.177400 -3.573990 205.090000 1372.390000 -13 1819 1 0 1.000000
1.741840 -3.291740 0 -22.581000 10.650600 218.618000 1372.280000 -13 1820 1 0 1.000000
2.129550 -3.523850 0 -2.603640 3.114260 201.262000 1372.410000 -13 1821 1 0 1.000000
11.902300 -4.389310 0 -12.960000 13.730700 218.465000 1372.450000 -13 1822 1 0 1.000000
0.269477 -8.823740 0 -3.235420 -15.323200 194.156000 1372.340000 -13 1823 1 0 1.000000
0.779947 -1.028850 0 1.973050 -14.167100 200.401000 1372.210000 -13 1824 1 0 1.000000
-0.295562 -2.945850 0 8.337480 -2.612170 197.862000 1372.320000 -13 1825 1 0 1.000000
-1.841760 -0.804190 0 -11.665600 29.662600 215.553000 1372.410000 -13 1826 1 0 1.000000
-0.508355 -7.537490 0 -25.568800 -9.528390 214.604000 1372.300000 -13 1827 1 0 1.000000
-9.184960 5.002940 0 -0.110395 -15.483100 193.990000 1372.400000 -13 1828 1 0 1.000000
-2.210900 5.059520 0 -0.639648 -25.773900 199.983000 1372.340000 -13 1829 1 0 1.000000
-6.541800 0.244159 0 9.948670 -21.537900 208.406000 1372.200000 -13 1830 1 0 1.000000
-1.984930 8.575660 0 -7.066030 15.658900 217.496000 1372.390000 -13 1831 1 0 1.000000
-4.301890 3.409020 0 -4.649620 -7.427580 213.799000 1372.410000 -13 1832 1 0 1.000000
-4.209560 10.511000 0 -18.421800 -5.011160 206.285000 1372.370000 -13 1833 1 0 1.000000
-3.322630 -1.184290 0 -2.592610 20.900900 210.742000 1372.220000 -13 1834 1 0 1.000000
1.573440 -1.131360 0 -16.110800 -16.411700 197.608000 1372.390000 -13 1835 1 0 1.000000
0.616863 -5.589580 0 -13.699300 22.895700 213.352000 1372.330000 -13 1836 1 0 1.000000
-1.688490 0.124845 0 3.826830 11.799000 192.868000 1372.340000 -13 1837 1 0 1.000000
-2.467550 1.762120 0 9.989320 -1.131440 192.998000 1372.300000 -13 1838 1 0 1.000000
-1.013210 -5.961590 0 13.211500 18.604500 202.237000 1372.250000 -13 1839 1 0 1.000000
-7.107430 -5.204790 0 -5.834800 -0.187451 211.499000 1372.360000 -13 1840 1 0 1.000000
0.540822 -0.620276 0 10.304800 10.201900 199.564000 1372.180000 -13 1841 1 0 1.000000
-5.302300 -2.506290 0 15.087500 10.522600 199.865000 1372.380000 -13 1842 1 0 1.000000
1.844270 1.373520 0 -10.314100 6.619770 181.263000 1372.220000 -13 1843 1 0 1.000000
3.811430 0.123001 0 6.525110 12.660500 221.689000 1372.340000 -13 1844 1 0 1.000000
-1.972680 -0.206902 0 7.420320 0.804377 216.164000 1372.430000 -13 1845 1 0 1.000000
-2.843700 2.182620 0 6.651630 -19.905500 203.587000 1372.470000 -13 1846 1 0 1.000000
-5.481280 -2.134400 0 -5.763940 -0.643260 199.474000 1372.350000 -13 1847 1 0 1.000000
0.491895 -10.329000 0 2.257700 13.535400 209.779000 1372.320000 -13 1848 1 0 1.000000
3.963040 -1.043030 0 -21.352900 2.386600 212.012000 1372.370000 -13 1849 1 0 1.000000
-1.529400 -4.413990 0 7.859140 -7.772300 210.176000 1372.290000 -13 1850 1 0 1.000000
3.196500 -3.642540 0 -10.800000 2.014500 203.149000 1372.410000 -13 1851 1 0 1.000000
1.725450 -2.234940 0 -5.809550 9.064960 211.470000 1372.340000 -13 1852 1 0 1.000000
-10.939000 -10.238000 0 20.524900 6.972500 207.059000 1372.340000 -13 1853 1 0 1.000000
1.550850 -1.899430 0 -28.253400 14.717800 191.652000 1372.350000 -13 1854 1 0 1.000000
-0.954610 -10.868400 0 14.664100 5.300390 186.056000 1372.400000 -13 1855 1 0 1.000000
-0.511588 -0.115473 0 -4.951150 20.062700 199.792000 1372.370000 -13 1856 1 0 1.000000
-3.089830 -5.220050 0 4.078340 -5.275540 200.125000 1372.090000 -13 1857 1 0 1.000000
-2.564160 -6.922870 0 18.898200 -1.448930 200.730000 1372.120000 -13 1858 1 0 1.000000
-0.418590 -0.300124 0 1.238640 -13.567000 213.255000 1372.290000 -13 1859 1 0 1.000000
-6.647860 2.181910 0 18.028300 24.013200 222.871000 1372.310000 -13 1860 1 0 1.000000
-9.681550 -0.169811 0 21.011600 2.524360 228.711000 1372.200000 -13 1861 1 0 1.000000
-1.488030 -8.666460 0 -1.270550 -11.296300 212.974000 1372.110000 -13 1862 1 0 1.000000
5.267860 -3.634410 0 3.924880 23.829300 196.125000 1372.310000 -13 1863 1 0 1.000000
-8.722130 -8.476660 0 5.783550 -37.551200 210.022000 1372.290000 -13 1864 1 0 1.000000
7.747560 -2.718140 0 -11.635100 8.765270 226.763000 1372.420000 -13 1865 1 0 1.000000
-0.789668 -3.173120 0 10.412800 -11.170100 213.813000 1372.220000 -13 1866 1 0 1.000000
-4.867050 -6.072300 0 9.199090 -23.592800 190.500000 1372.260000 -13 1867 1 0 1.000000
-0.465287 2.251900 0 -4.324430 -1.857920 192.818000 1372.290000 -13 1868 1 0 1.000000
-1.535230 -0.278456 0 14.606600 -11.023800 180.974000 1372.220000 -13 1869 1 0 1.000000
-0.862136 -5.935200 0 -1.595850 12.297500 205.172000 1372.420000 -13 1870 1 0 1.000000
-3.243910 -2.756960 0 20.462900 -23.320200 224.211000 1372.290000 -13 1871 1 0 1.000000
-2.294840 -8.666020 0 4.861420 6.912790 207.711000 1372.190000 -13 1872 1 0 1.000000
-4.948040 -1.225630 0 -3.180550 8.199390 189.857000 1372.210000 -13 1873 1 0 1.000000
2.332170 0.082901 0 -15.546100 13.636100 196.859000 1372.380000 -13 1874 1 0 1.000000
6.393280 -8.606910 0 -1.647720 12.235300 208.174000 1372.200000 -13 1875 1 0 1.000000
-6.227930 -3.815310 0 7.891690 -4.995530 202.161000 1372.160000 -13 1876 1 0 1.000000
2.272660 -5.165680 0 -0.753839 9.054760 223.504000 1372.120000 -13 1877 1 0 1.000000
-3.274810 -3.730520 0 5.338700 16.740200 193.961000 1372.350000 -13 1878 1 0 1.000000
-3.152410 -5.567760 0 -2.277920 4.253070 202.251000 1372.330000 -13 1879 1 0 1.000000
1.234670 -0.138498 0 -11.730700 -5.998090 198.217000 1372.230000 -13 1880 1 0 1.000000
-1.661300 -5.546120 0 12.124500 25.828600 220.375000 1372.140000 -13 1881 1 0 1.000000
1.866150 -2.621070 0 15.221500 -28.080100 209.135000 1372.110000 -13 1882 1 0 1.000000
4.455690 1.386190 0 12.586000 15.307900 215.042000 1372.410000 -13 1883 1 0 1.000000
1.591910 -3.250630 0 -2.938940 -21.214300 189.080000 1372.370000 -13 1884 1 0 1.000000
-6.929280 3.191900 0 13.942000 2.391200 185.298000 1372.380000 -13 1885 1 0 1.000000
-2.492670 -1.789230 0 2.121430 -2.917460 193.198000 1372.090000 -13 1886 1 0 1.000000
-1.961360 -3.243510 0 7.258410 13.111300 218.654000 1372.280000 -13 1887 1 0 1.000000
-1.170950 -4.377140 0 18.218700 8.805360 196.701000 1372.330000 -13 1888 1 0 1.000000
-4.365290 -0.625393 0 22.128900 4.810870 211.549000 1372.330000 -13 1889 1 0 1.000000
3.440730 -0.956014 0 -19.979100 -0.198364 215.852000 1372.190000 -13 1890 1 0 1.000000
-0.670486 -3.334650 0 -10.191700 -11.009500 222.296000 1372.320000 -13 1891 1 0 1.000000
-4.067010 -1.227580 0 19.660400 -9.822430 215.807000 1372.220000 -13 1892 1 0 1.000000
2.338530 -2.541980 0 -21.127900 -11.921400 215.573000 1372.050000 -13 1893 1 0 1.000000
2.093060 -11.879500 0 8.856200 12.954600 186.255000 1372.290000 -13 1894 1 0 1.000000
-10.885100 -4.288980 0 -4.955600 -12.107500 200.060000 1372.360000 -13 1895 1 0 1.000000
0.962345 -9.506840 0 17.637600 37.970600 213.454000 1372.400000 -13 1896 1 0 1.000000
-5.967590 -3.447650 0 3.759380 -7.616700 211.887000 1372.440000 -13 1897 1 0 1.000000
0.147480 -3.314520 0 -8.349060 14.067400 214.537000 1372.380000 -13 1898 1 0 1.000000
-4.200260 -0.598782 0 -14.545800 -2.981440 205.143000 1372.300000 -13 1899 1 0 1.000000
-5.867490 5.130790 0 -0.539230 1.371740 207.880000 1372.130000 -13 1900 1 0 1.000000
-7.162970 -1.311580 0 4.843990 4.998360 186.587000 1372.270000 -13 1901 1 0 1.000000
-6.154210 1.727940 0 -17.954100 -11.093500 209.688000 1372.420000 -13 1902 1 0 1.000000
-7.884730 1.170230 0 0.542662 7.549710 196.997000 1372.260000 -13 1903 1 0 1.000000
-5.391950 -2.274400 0 11.275600 -0.981348 214.021000 1372.340000 -13 1904 1 0 1.000000
-7.355160 0.175096 0 1.238730 0.328307 203.412000 1372.410000 -13 1905 1 0 1.000000
-2.216190 -4.622330 0 9.847810 -4.212710 207.423000 1372.470000 -13 1906 1 0 1.000000
3.701740 3.623650 0 -16.382400 6.098750 190.758000 1372.310000 -13 1907 1 0 1.000000
-3.448690 2.001340 0 0.473476 -17.004900 193.485000 1372.280000 -13 1908 1 0 1.000000
-1.986780 -2.326100 0 13.149900 -0.783459 225.878000 1372.290000 -13 1909 1 0 1.000000
3.481190 -3.318750 0 6.672790 4.802060 195.661000 1372.400000 -13 1910 1 0 1.000000
-9.063730 -4.742780 0 -4.071190 2.896980 209.968000 1372.170000 -13 1911 1 0 1.000000
-2.553640 -5.653770 0 -8.542690 7.790430 205.629000 1372.120000 -13 1912 1 0 1.000000
-1.565890 2.030690 0 8.720580 -2.341930 192.705000 1372.370000 -13 1913 1 0 1.000000
1.778690 -5.652230 0 -1.041590 0.757487 215.285000 1372.220000 -13 1914 1 0 1.000000
-1.197210 -3.753020 0 20.368000 -16.207700 190.391000 1372.410000 -13 1915 1 0 1.000000
1.068460 -3.356130 0 1.968870 -15.293500 220.419000 1372.290000 -13 1916 1 0 1.000000
-1.900630 -2.668150 0 9.365750 13.394000 202.269000 1372.370000 -13 1917 1 0 1.000000
-12.095200 -1.001870 0 0.721581 -3.268080 188.223000 1372.220000 -13 1918 1 0 1.000000
4.300800 -3.837470 0 -4.983460 0.940348 204.824000 1372.460000 -13 1919 1 0 1.000000
-0.155643 1.356250 0 3.525820 -14.728800 198.685000 1372.390000 -13 1920 1 0 1.000000
6.563820 -7.839550 0 -0.912837 1.807270 201.939000 1372.290000 -13 1921 1 0 1.000000
-2.757630 -1.437010 0 7.725030 -13.396500 192.559000 1372.320000 -13 1922 1 0 1.000000
-6.970270 3.367740 0 6.460550 6.914770 208.289000 1372.380000 -13 1923 1 0 1.000000
-4.110220 -5.561260 0 -2.735750 3.797070 215.583000 1372.290000 -13 1924 1 0 1.000000
-4.434970 3.248990 0 11.601100 8.549280 206.317000 1372.340000 -13 1925 1 0 1.000000
-0.266145 3.884120 0 0.788140 -11.299300 229.925000 1372.290000 -13 1926 1 0 1.000000
-8.652790 -5.692060 0 0.557373 5.700010 209.341000 1372.400000 -13 1927 1 0 1.000000
0.559265 -1.265450 0 -4.089420 22.715600 201.744000 1372.370000 -13 1928 1 0 1.000000
-6.405320 -7.834800 0 -10.888700 -19.780800 205.431000 1372.320000 -13 1929 1 0 1.000000
-1.867990 -4.184920 0 14.030300 -13.512900 190.138000 1372.280000 -13 1930 1 0 1.000000
1.343350 -2.839430 0 -9.972330 -1.705710 194.346000 1372.160000 -13 1931 1 0 1.000000
-6.797740 -8.019880 0 16.113500 -20.330000 221.478000 1372.270000 -13 1932 1 0 1.000000
-4.427900 -2.893310 0 -18.460600 -5.202290 198.890000 1372.250000 -13 1933 1 0 1.000000
2.827300 -2.433580 0 -1.739080 28.605900 199.941000 1372.220000 -13 1934 1 0 1.000000
-3.076370 1.607360 0 3.458790 2.352750 183.624000 1372.320000 -13 1935 1 0 1.000000
-3.544870 -6.234820 0 21.159000 25.920400 197.747000 1372.170000 -13 1936 1 0 1.000000
-4.095400 -0.764019 0 -23.552700 31.271400 197.835000 1372.140000 -13 1937 1 0 1.000000
-11.694400 -1.313730 0 -31.349800 9.612630 226.352000 1372.170000 -13 1938 1 0 1.000000
0.415693 -0.150983 0 6.050770 23.188800 192.035000 1372.400000 -13 1939 1 0 1.000000
1.209140 -6.550980 0 -5.764240 -14.430400 200.023000 1372.300000 -13 1940 1 0 1.000000
-2.602870 -1.002860 0 26.125300 -0.111455 217.699000 1372.230000 -13 1941 1 0 1.000000
2.435940 -7.398290 0 4.728020 10.629900 229.823000 1372.200000 -13 1942 1 0 1.000000
-12.474700 -6.631040 0 6.594820 32.920400 219.328000 1372.300000 -13 1943 1 0 1.000000
-1.809970 -2.425690 0 -0.913863 -8.526670 199.012000 1372.290000 -13 1944 1 0 1.000000
3.255360 -9.080090 0 -11.933100 -7.016370 202.975000 1372.210000 -13 1945 1 0 1.000000
-2.272750 -4.673190 0 -0.930973 -12.919100 209.561000 1372.290000 -13 1946 1 0 1.000000
1.423780 -2.291280 0 -8.246370 13.407900 209.751000 1372.210000 -13 1947 1 0 1.000000
-4.312710 1.205510 0 10.932000 -16.418200 208.859000 1372.300000 -13 1948 1 0 1.000000
1.965080 0.473962 0 19.259900 30.640700 197.408000 1372.380000 -13 1949 1 0 1.000000
-1.688870 2.401110 0 19.015900 -6.814930 189.078000 1372.440000 -13 1950 1 0 1.000000
-0.460128 2.207810 0 2.893920 4.898420 186.712000 1372.300000 -13 1951 1 0 1.000000
-12.024800 -0.661277 0 25.520500 -32.133300 217.365000 1372.250000 -13 1952 1 0 1.000000
-2.889500 1.355280 0 -4.750570 6.929040 199.936000 1372.340000 -13 1953 1 0 1.000000
2.288810 -0.664836 0 -15.093300 -10.493000 186.675000 1372.210000 -13 1954 1 0 1.000000
6.156890 -0.370648 0 -18.783800 10.178600 194.576000 1372.240000 -13 1955 1 0 1.000000
-6.080740 0.914764 0 -7.134920 -11.337300 205.397000 1372.430000 -13 1956 1 0 1.000000
0.508632 2.319200 0 4.098460 -6.109760 217.071000 1372.330000 -13 1957 1 0 1.000000
4.970630 -0.573131 0 2.332680 -32.427700 195.660000 1372.380000 -13 1958 1 0 1.000000
-3.932440 6.478980 0 -2.008340 3.970640 207.470000 1372.110000 -13 1959 1 0 1.000000
-4.347330 -4.467540 0 -7.563440 -23.185400 217.381000 1372.390000 -13 1960 1 0 1.000000
-0.838494 0.364838 0 7.819320 -3.324090 201.770000 1372.240000 -13 1961 1 0 1.000000
-1.997420 -0.177256 0 6.807060 -10.455300 205.968000 1372.470000 -13 1962 1 0 1.000000
0.872987 -2.916760 0 14.886000 2.053170 192.612000 1372.340000 -13 1963 1 0 1.000000
-0.172901 -0.566845 0 3.568090 9.340660 221.571000 1372.420000 -13 1964 1 0 1.000000
-1.995590 0.087295 0 2.117970 -20.600700 201.423000 1372.270000 -13 1965 1 0 1.000000
-1.599960 -1.819650 0 -10.815900 -14.011800 207.519000 1372.250000 -13 1966 1 0 1.000000
4.343370 0.040469 0 -4.290230 -9.727850 218.397000 1372.310000 -13 1967 1 0 1.000000
-5.517050 -5.747180 0 -1.410700 -11.523400 207.246000 1372.320000 -13 1968 1 0 1.000000
-3.716580 1.041500 0 -1.896270 0.967818 206.928000 1372.220000 -13 1969 1 0 1.000000
-4.476320 -5.670660 0 -22.042000 -26.326800 193.587000 1372.130000 -13 1970 1 0 1.000000
-2.072840 -4.886030 0 9.813200 -17.007400 202.808000 1372.400000 -13 1971 1 0 1.000000
-6.818420 0.211455 0 20.517800 -19.313100 220.629000 1372.190000 -13 1972 1 0 1.000000
-3.307690 -4.608050 0 -22.188300 -5.186990 218.916000 1372.180000 -13 1973 1 0 1.000000
-6.350710 7.763200 0 -9.561730 -4.641620 198.938000 1372.180000 -13 1974 1 0 1.000000
-0.651075 -2.114910 0 -16.663200 21.333800 220.915000 1372.160000 -13 1975 1 0 1.000000
-1.993450 -1.042280 0 14.343500 12.967300 194.058000 1372.440000 -13 1976 1 0 1.000000
-5.286830 2.221660 0 6.195270 14.294600 202.441000 1372.460000 -13 1977 1 0 1.000000
-6.840870 4.845800 0 -5.109280 19.307500 185.014000 1372.340000 -13 1978 1 0 1.000000
-2.019510 4.125460 0 -18.915200 0.048260 204.634000 1372.210000 -13 1979 1 0 1.000000
1.344850 -9.934000 0 -3.745540 -14.590200 196.488000 1372.090000 -13 1980 1 0 1.000000
-9.694910 -1.483860 0 -4.307570 -0.973253 225.031000 1372.100000 -13 1981 1 0 1.000000
4.632800 1.166610 0 5.155340 -11.848500 207.262000 1372.240000 -13 1982 1 0 1.000000
-2.973430 1.337460 0 -16.763200 -11.946700 192.981000 1372.200000 -13 1983 1 0 1.000000
-1.195760 -8.901870 0 -4.637100 4.277200 185.104000 1372.210000 -13 1984 1 0 1.000000
0.785064 -2.921090 0 -5.465990 3.485990 194.803000 1372.420000 -13 1985 1 0 1.000000
-4.598600 -13.051500 0 11.852000 -2.648390 222.777000 1372.230000 -13 1986 1 0 1.000000
-6.375170 2.192190 0 4.381190 18.099200 210.904000 1372.270000 -13 1987 1 0 1.000000
-0.075640 -5.489380 0 -0.119762 5.443160 209.827000 1372.310000 -13 1988 1 0 1.000000
3.089390 -1.019350 0 -6.463770 -0.127697 190.919000 1372.290000 -13 1989 1 0 1.000000
3.067480 -2.680880 0 -10.289900 -12.460300 210.107000 1372.360000 -13 1990 1 0 1.000000
-6.653240 -0.897417 0 4.377950 0.639667 201.631000 1372.070000 -13 1991 1 0 1.000000
-0.066327 -4.091580 0 -3.771240 -21.556800 189.419000 1372.320000 -13 1992 1 0 1.000000
0.657437 1.433750 0 2.002910 -11.446900 194.572000 1372.320000 -13 1993 1 0 1.000000
-5.191700 -6.970950 0 25.600500 -1.607180 204.751000 1372.390000 -13 1994 1 0 1.000000
-3.037700 -3.458330 0 8.680990 -15.644600 192.522000 1372.360000 -13 1995 1 0 1.000000
-2.746130 0.528517 0 -0.102928 -4.184130 207.363000 1372.240000 -13 1996 1 0 1.000000
-13.373000 1.928950 0 -21.887200 -6.710060 223.096000 1372.180000 -13 1997 1 0 1.000000
-10.126600 -3.676010 0 51.312200 8.826920 224.307000 1372.230000 -13 1998 1 0 1.000000
-9.468380 0.093221 0 -0.491151 5.097240 210.941000 1372.130000 -13 1999 1 0 1.000000
5.636420 1.517010 0 -2.535870 -14.760200 192.910000 1372.360000 -13 2000 1 0 1.000000
0.271017 0.448903 0 34.523700 -0.001106 210.604000 1372.190000 -13 2001 1 0 1.000000
-0.725852 -3.761880 0 -5.248160 -15.651700 209.462000 1372.310000 -13 2002 1 0 1.000000
-4.689630 -0.619441 0 -9.685000 11.008100 226.018000 1372.200000 -13 2003 1 0 1.000000
-4.254880 -0.577816 0 -5.495190 2.518880 188.078000 1372.280000 -13 2004 1 0 1.000000
0.351884 -3.466640 0 -8.470770 -4.737470 182.468000 1372.210000 -13 2005 1 0 1.000000
-5.709610 -0.798377 0 12.518800 -11.543000 216.260000 1372.360000 -13 2006 1 0 1.000000
0.423827 -2.612780 0 13.996300 26.232100 210.857000 1372.460000 -13 2007 1 0 1.000000
0.109474 -8.937390 0 -2.643940 -2.268040 194.303000 1372.260000 -13 2008 1 0 1.000000
6.171170 3.083050 0 -7.722900 -8.520090 201.249000 1372.320000 -13 2009 1 0 1.000000
1.274830 -0.904183 0 -0.899180 5.394630 190.753000 1372.330000 -13 2010 1 0 1.000000
-2.511010 2.724880 0 4.398070 -15.705100 198.807000 1372.410000 -13 2011 1 0 1.000000
-4.773890 -9.114120 0 -3.294660 -5.215270 203.855000 1372.490000 -13 2012 1 0 1.000000
1.437100 4.688750 0 0.243200 15.415500 208.386000 1372.370000 -13 2013 1 0 1.000000
3.179960 -3.939280 0 8.965240 -16.713400 190.689000 1372.410000 -13 2014 1 0 1.000000
-5.518600 -7.526080 0 -14.623100 0.211397 201.966000 1372.060000 -13 2015 1 0 1.000000
-3.455250 -6.394130 0 7.857960 1.927650 208.609000 1372.420000 -13 2016 1 0 1.000000
-1.934500 4.569540 0 -15.545600 14.589700 199.698000 1372.350000 -13 2017 1 0 1.000000
-6.844700 -0.442494 0 -6.389080 5.281520 198.517000 1372.020000 -13 2018 1 0 1.000000
-0.539311 -3.206430 0 -1.484390 23.217000 205.253000 1372.310000 -13 2019 1 0 1.000000
-3.514510 -5.799070 0 -4.821870 -9.620440 188.206000 1372.220000 -13 2020 1 0 1.000000
-8.182870 -9.055490 0 -20.693300 -12.935000 193.417000 1372.200000 -13 2021 1 0 1.000000
-3.031700 -1.498670 0 -17.695100 11.140000 195.598000 1372.250000 -13 2022 1 0 1.000000
-0.870333 -0.506681 0 -17.600800 -1.106090 184.904000 1372.380000 -13 2023 1 0 1.000000
-3.078960 -1.231330 0 4.563290 -17.614900 208.682000 1372.370000 -13 2024 1 0 1.000000
-2.459660 -6.151580 0 -3.464510 3.999860 224.226000 1372.290000 -13 2025 1 0 1.000000
-1.050740 0.653334 0 0.336305 10.033200 216.911000 1372.360000 -13 2026 1 0 1.000000
-1.806680 -5.250850 0 -12.617800 2.884620 192.639000 1372.360000 -13 2027 1 0 1.000000
1.036430 -5.159270 0 3.499110 -21.061200 203.492000 1372.210000 -13 2028 1 0 1.000000
1.904470 4.101790 0 8.844890 15.141800 200.314000 1372.300000 -13 2029 1 0 1.000000
0.022873 -5.971510 0 1.016050 2.509500 198.172000 1372.520000 -13 2030 1 0 1.000000
-7.085270 -3.594120 0 -9.807900 10.378400 193.356000 1372.330000 -13 2031 1 0 1.000000
-10.601000 -3.713260 0 15.896800 17.004500 209.409000 1372.320000 -13 2032 1 0 1.000000
-5.658040 1.523130 0 3.717240 1.969180 210.041000 1372.390000 -13 2033 1 0 1.000000
0.329922 1.453540 0 5.875380 2.285640 208.186000 1372.230000 -13 2034 1 0 1.000000
-6.192750 -3.681940 0 5.437670 -19.985000 204.052000 1372.230000 -13 2035 1 0 1.000000
-5.735710 -6.470650 0 -14.809000 -7.119540 209.441000 1372.360000 -13 2036 1 0 1.000000
-2.912040 -4.436810 0 -3.621790 11.125100 202.509000 1372.190000 -13 2037 1 0 1.000000
2.838850 3.478700 0 -21.324500 2.277180 201.833000 1372.360000 -13 2038 1 0 1.000000
-0.915867 0.944526 0 15.584000 -16.513300 207.899000 1372.260000 -13 2039 1 0 1.000000
0.641660 -2.588900 0 22.053200 -7.202390 201.229000 1372.320000 -13 2040 1 0 1.000000
2.611150 -2.648920 0 -20.456900 -4.939220 188.721000 1372.290000 -13 2041 1 0 1.000000
-5.718520 0.675454 0 -19.861100 -16.643600 203.129000 1372.340000 -13 2042 1 0 1.000000
0.098754 -4.102010 0 11.814000 -3.073620 192.863000 1372.180000 -13 2043 1 0 1.000000
-2.749980 -4.071460 0 -5.928500 -6.869990 191.395000 1372.210000 -13 2044 1 0 1.000000
1.265030 -4.233200 0 9.164260 -17.302700 214.535000 1372.320000 -13 2045 1 0 1.000000
-8.870390 -4.149930 0 -12.440100 -1.785650 201.539000 1372.360000 -13 2046 1 0 1.000000
-8.262700 -2.037210 0 9.379520 7.678170 204.273000 1372.290000 -13 2047 1 0 1.000000
-5.288940 0.894280 0 0.335637 -7.945600 219.853000 1372.290000 -13 2048 1 0 1.000000
1.064630 -4.659250 0 22.811100 20.833400 201.340000 1372.450000 -13 2049 1 0 1.000000
4.050160 -0.471902 0 2.439470 -3.216350 201.175000 1372.250000 -13 2050 1 0 1.000000
-0.579458 -2.164930 0 -19.544000 11.301200 196.244000 1372.300000 -13 2051 1 0 1.000000
1.030140 2.256630 0 -26.774700 2.267460 186.878000 1372.240000 -13 2052 1 0 1.000000
1.920440 1.507570 0 5.271280 4.547370 201.479000 1372.360000 -13 2053 1 0 1.000000
-9.100690 2.750390 0 6.153670 9.113630 201.245000 1372.400000 -13 2054 1 0 1.000000
-10.682600 -4.001820 0 -33.061300 -11.692300 207.793000 1372.400000 -13 2055 1 0 1.000000
-1.549190 -4.468370 0 -2.259820 -12.285900 220.601000 1372.160000 -13 2056 1 0 1.000000
-9.056380 0.981029 0 -20.939800 3.987360 209.434000 1372.140000 -13 2057 1 0 1.000000
-1.492770 -4.795120 0 33.875600 10.398000 195.832000 1372.350000 -13 2058 1 0 1.000000
-1.758720 1.598920 0 -10.691100 -8.589100 199.655000 1372.260000 -13 2059 1 0 1.000000
7.558980 -0.199945 0 18.461100 1.320100 196.668000 1372.140000 -13 2060 1 0 1.000000
3.183310 -3.172800 0 4.061420 -0.349799 198.338000 1372.440000 -13 2061 1 0 1.000000
2.550520 -9.015220 0 3.612400 4.366290 203.651000 1372.240000 -13 2062 1 0 1.000000
-3.872830 -0.703537 0 -13.787400 25.871300 192.849000 1372.420000 -13 2063 1 0 1.000000
-1.206390 3.687920 0 -0.489041 -18.379700 186.684000 1372.200000 -13 2064 1 0 1.000000
-4.418190 -1.476370 0 -3.170810 -6.736150 212.533000 1372.330000 -13 2065 1 0 1.000000
-0.871368 -1.091490 0 -11.320000 21.310500 189.346000 1372.190000 -13 2066 1 0 1.000000
-7.358850 -6.656650 0 1.298830 18.130700 197.546000 1372.240000 -13 2067 1 0 1.000000
-8.545150 -1.775660 0 0.032721 -18.645000 199.596000 1372.380000 -13 2068 1 0 1.000000
-3.786590 1.008710 0 -5.688370 -3.904640 196.881000 1372.460000 -13 2069 1 0 1.000000
-3.572590 -8.821070 0 8.763330 0.693389 213.597000 1372.440000 -13 2070 1 0 1.000000
2.006630 -4.118570 0 17.223200 -4.027970 210.900000 1372.360000 -13 2071 1 0 1.000000
-0.726304 7.109520 0 3.349030 -4.713400 204.712000 1372.430000 -13 2072 1 0 1.000000
2.004510 -5.595890 0 -0.175106 -5.101540 211.032000 1372.130000 -13 2073 1 0 1.000000
-7.995400 -1.411100 0 8.115100 20.781600 232.296000 1372.190000 -13 2074 1 0 1.000000
5.551810 -3.854680 0 -7.395750 2.966180 186.146000 1372.180000 -13 2075 1 0 1.000000
1.708530 -1.983360 0 4.539650 8.797480 204.282000 1372.390000 -13 2076 1 0 1.000000
-1.596710 -0.583442 0 2.979520 9.218580 202.298000 1372.170000 -13 2077 1 0 1.000000
-2.128360 -2.484970 0 0.795411 -10.816800 182.191000 1372.340000 -13 2078 1 0 1.000000
-5.740590 -3.281270 0 33.143300 9.978140 210.173000 1372.230000 -13 2079 1 0 1.000000
-6.833220 -2.784380 0 -5.488580 4.982480 194.176000 1372.290000 -13 2080 1 0 1.000000
-0.651240 -4.981840 0 -14.125800 -22.349800 207.948000 1372.270000 -13 2081 1 0 1.000000
1.704830 12.280100 0 -9.818520 -27.853900 208.933000 1372.410000 -13 2082 1 0 1.000000
-6.428220 -4.888220 0 -9.248170 -11.671100 189.912000 1372.310000 -13 2083 1 0 1.000000
-1.691080 -9.095440 0 -9.569350 24.666200 193.809000 1372.300000 -13 2084 1 0 1.000000
-2.066960 3.282800 0 9.144380 -4.262730 212.318000 1372.210000 -13 2085 1 0 1.000000
-5.479020 -4.245120 0 4.766770 30.333700 238.562000 1372.170000 -13 2086 1 0 1.000000
-4.945370 -3.373170 0 -16.449500 -20.796100 202.482000 1372.120000 -13 2087 1 0 1.000000
-7.369100 5.176460 0 9.700340 -10.910900 195.353000 1372.300000 -13 2088 1 0 1.000000
-3.640510 3.030530 0 -6.678820 12.023000 211.976000 1372.350000 -13 2089 1 0 1.000000
0.124270 -0.256859 0 25.242000 -27.741100 217.509000 1372.110000 -13 2090 1 0 1.000000
-4.475350 -0.780981 0 -0.922544 8.310210 204.626000 1372.290000 -13 2091 1 0 1.000000
-3.913230 -3.459280 0 -22.558000 -3.246960 215.087000 1372.120000 -13 2092 1 0 1.000000
-7.386190 -3.004440 0 7.381000 12.109900 204.601000 1372.200000 -13 2093 1 0 1.000000
-6.860190 -0.048014 0 -18.365700 -8.562190 192.234000 1372.180000 -13 2094 1 0 1.000000
-0.513635 -4.578690 0 21.457800 6.413030 218.323000 1372.320000 -13 2095 1 0 1.000000
6.019120 -7.369320 0 0.634014 6.606260 198.823000 1372.440000 -13 2096 1 0 1.000000
-2.558010 1.651870 0 -17.461000 -5.065420 199.601000 1372.180000 -13 2097 1 0 1.000000
-1.822510 -4.176850 0 22.060500 -6.243900 221.365000 1372.250000 -13 2098 1 0 1.000000
-7.443850 -5.236300 0 39.267800 -3.604940 237.280000 1372.350000 -13 2099 1 0 1.000000
-4.316330 1.470120 0 3.613170 -13.958100 202.430000 1372.290000 -13 2100 1 0 1.000000
3.868490 4.970460 0 -6.543460 -0.981555 197.700000 1372.370000 -13 2101 1 0 1.000000
-9.506470 -0.053704 0 9.461030 -0.263052 209.881000 1372.160000 -13 2102 1 0 1.000000
-3.116550 -6.296330 0 -2.001720 0.835102 207.160000 1372.380000 -13 2103 1 0 1.000000
-7.075170 -0.427128 0 4.847300 -8.030930 217.169000 1372.360000 -13 2104 1 0 1.000000
-3.725430 -2.477690 0 1.232330 3.968880 219.797000 1372.280000 -13 2105 1 0 1.000000
-3.256280 -4.798380 0 6.899160 3.010660 202.602000 1372.440000 -13 2106 1 0 1.000000
3.479250 -7.411010 0 20.955500 46.053300 206.532000 1372.410000 -13 2107 1 0 1.000000
1.016870 -9.842880 0 -13.055500 -17.072600 214.858000 1372.320000 -13 2108 1 0 1.000000
-1.672150 0.830514 0 -1.504730 -13.044000 196.708000 1372.260000 -13 2109 1 0 1.000000
-1.538650 -7.502790 0 -8.299100 -11.459700 192.941000 1372.340000 -13 2110 1 0 1.000000
0.683076 -2.594520 0 -15.582300 28.444000 200.722000 1372.370000 -13 2111 1 0 1.000000
-0.392187 -0.868786 0 19.317100 9.455240 201.622000 1372.230000 -13 2112 1 0 1.000000
-1.502420 -4.001420 0 -15.245300 17.214800 202.571000 1372.230000 -13 2113 1 0 1.000000
0.067961 -2.492570 0 15.679300 -21.616600 204.609000 1372.070000 -13 2114 1 0 1.000000
-3.409250 -0.508090 0 27.854800 -31.918400 223.530000 1372.180000 -13 2115 1 0 1.000000
-4.264680 -6.829630 0 7.588280 8.147010 194.422000 1372.420000 -13 2116 1 0 1.000000
-2.014540 -5.980710 0 -1.128210 -21.799400 211.734000 1372.370000 -13 2117 1 0 1.000000
-1.629830 1.848290 0 -1.162640 -1.030620 189.998000 1372.270000 -13 2118 1 0 1.000000
1.295130 -1.876400 0 -7.840910 -2.391900 209.926000 1372.380000 -13 2119 1 0 1.000000
-3.731730 -3.326500 0 -5.026390 -11.811600 204.705000 1372.430000 -13 2120 1 0 1.000000
-2.240010 -2.783550 0 12.103600 27.920700 200.296000 1372.300000 -13 2121 1 0 1.000000
-5.359750 -8.769840 0 -10.122900 -26.301600 198.943000 1372.250000 -13 2122 1 0 1.000000
4.176830 -2.780900 0 -15.203800 12.805700 229.209000 1372.320000 -13 2123 1 0 1.000000
-1.885830 2.871470 0 -3.481350 -20.899300 201.608000 1372.450000 -13 2124 1 0 1.000000
-1.734820 -5.612920 0 -0.522563 8.874270 209.664000 1372.240000 -13 2125 1 0 1.000000
-0.773830 -4.085740 0 28.968600 -13.713800 222.814000 1372.190000 -13 2126 1 0 1.000000
1.495000 -6.833100 0 -7.540820 1.776250 189.910000 1372.320000 -13 2127 1 0 1.000000
-3.414270 3.074030 0 -26.187400 4.643230 222.510000 1372.330000 -13 2128 1 0 1.000000
-8.252890 1.539750 0 -6.754580 28.026700 203.610000 1372.090000 -13 2129 1 0 1.000000
-6.338350 -3.921500 0 -3.854120 5.963420 187.461000 1372.140000 -13 2130 1 0 1.000000
-0.330473 4.413390 0 1.881830 15.941600 225.396000 1372.360000 -13 2131 1 0 1.000000
1.190290 -3.485160 0 0.921411 14.482600 189.449000 1372.230000 -13 2132 1 0 1.000000
-5.483580 1.865940 0 7.210460 -4.529460 213.931000 1372.300000 -13 2133 1 0 1.000000
-3.196420 -2.789750 0 14.816300 19.019300 215.983000 1372.390000 -13 2134 1 0 1.000000
-6.982400 -2.064150 0 8.335580 -10.294500 212.094000 1372.200000 -13 2135 1 0 1.000000
-0.219904 -6.180440 0 11.072500 -2.596420 197.238000 1372.260000 -13 2136 1 0 1.000000
-4.962670 -5.434020 0 -2.631920 -8.249380 210.160000 1372.380000 -13 2137 1 0 1.000000
-0.299967 -5.271100 0 -7.019630 -7.122020 205.957000 1372.390000 -13 2138 1 0 1.000000
0.289867 1.847340 0 -18.103000 -13.084400 198.183000 1372.310000 -13 2139 1 0 1.000000
-1.800350 -7.047900 0 -0.876000 1.599020 212.953000 1372.290000 -13 2140 1 0 1.000000
-3.088720 -3.778680 0 6.761470 -4.859560 202.802000 1372.320000 -13 2141 1 0 1.000000
-1.969060 -4.248850 0 -3.557000 -2.020040 194.032000 1372.280000 -13 2142 1 0 1.000000
-2.115580 -8.160960 0 -7.901740 5.781170 202.438000 1372.290000 -13 2143 1 0 1.000000
0.283750 -4.116280 0 16.237300 -5.036780 212.725000 1372.240000 -13 2144 1 0 1.000000
-4.955480 -3.891040 0 -25.548700 -19.623900 195.486000 1372.240000 -13 2145 1 0 1.000000
2.863350 -2.018020 0 24.975000 20.014800 192.080000 1372.420000 -13 2146 1 0 1.000000
-0.740738 -12.266200 0 4.894850 11.565000 223.835000 1372.260000 -13 2147 1 0 1.000000
1.714420 -8.728520 0 -2.176010 -1.952900 209.933000 1372.250000 -13 2148 1 0 1.000000
-1.230000 -4.337810 0 17.386200 -4.999820 177.204000 1372.350000 -13 2149 1 0 1.000000
-2.943050 -1.098700 0 2.371540 -9.759280 212.638000 1372.290000 -13 2150 1 0 1.000000
-3.911070 -6.646270 0 4.626800 18.976200 201.166000 1372.300000 -13 2151 1 0 1.000000
-2.174550 -11.239000 0 -21.051000 -5.210810 197.074000 1372.200000 -13 2152 1 0 1.000000
-1.930220 -9.502790 0 30.578800 7.417130 205.712000 1372.150000 -13 2153 1 0 1.000000
-0.259688 -6.254970 0 -7.768840 -13.398200 199.238000 1372.360000 -13 2154 1 0 1.000000
-4.336510 -4.760390 0 -12.864000 0.589421 186.518000 1372.310000 -13 2155 1 0 1.000000
-2.255570 -4.667340 0 5.264240 13.888500 209.680000 1372.310000 -13 2156 1 0 1.000000
-2.724090 -2.800430 0 -11.675700 -8.244560 204.564000 1372.170000 -13 2157 1 0 1.000000
0.139616 1.613630 0 -9.386730 7.320820 203.467000 1372.230000 -13 2158 1 0 1.000000
-6.545720 -4.588690 0 5.754820 -12.918800 217.162000 1372.350000 -13 2159 1 0 1.000000
-6.297120 -7.294460 0 2.093310 4.196190 199.677000 1372.340000 -13 2160 1 0 1.000000
0.356028 -1.753730 0 12.079300 -10.843900 219.476000 1372.360000 -13 2161 1 0 1.000000
1.336120 -2.429390 0 -12.898100 5.132290 190.023000 1372.230000 -13 2162 1 0 1.000000
-5.071960 3.276130 0 -20.011400 7.045380 206.985000 1372.270000 -13 2163 1 0 1.000000
0.909489 -2.456320 0 -6.899200 -0.416157 200.309000 1372.170000 -13 2164 1 0 1.000000
-5.715590 -6.458630 0 13.207500 -1.790190 213.574000 1372.170000 -13 2165 1 0 1.000000
3.670070 -3.955180 0 9.838360 -9.595380 181.975000 1372.300000 -13 2166 1 0 1.000000
-7.136110 -3.003250 0 -12.839900 -10.444100 187.148000 1372.310000 -13 2167 1 0 1.000000
2.274140 -0.763822 0 -2.985720 11.345000 188.408000 1372.190000 -13 2168 1 0 1.000000
-4.167230 1.411780 0 3.782330 -19.904200 192.681000 1372.400000 -13 2169 1 0 1.000000
-5.186780 -5.441220 0 8.470760 8.194060 209.383000 1372.280000 -13 2170 1 0 1.000000
-1.091970 -2.913730 0 -6.002810 -7.347200 206.358000 1372.470000 -13 2171 1 0 1.000000
-5.755620 4.533690 0 -8.934610 2.752330 193.559000 1372.190000 -13 2172 1 0 1.000000
-7.237500 -8.632920 0 -7.241930 -9.708360 199.279000 1372.180000 -13 2173 1 0 1.000000
1.805410 -5.003260 0 0.075356 6.929450 213.687000 1372.330000 -13 2174 1 0 1.000000
-6.702700 0.246203 0 -8.338880 -4.300470 199.333000 1372.400000 -13 2175 1 0 1.000000
2.732960 2.159390 0 31.097000 3.261540 192.730000 1372.310000 -13 2176 1 0 1.000000
8.675750 -3.320410 0 -10.193900 -11.940000 197.930000 1372.220000 -13 2177 1 0 1.000000
4.136100 -5.592570 0 -0.494022 3.736070 188.828000 1372.260000 -13 2178 1 0 1.000000
3.661970 -5.770650 0 -13.283600 18.687200 207.194000 1372.360000 -13 2179 1 0 1.000000
-6.653400 -4.135490 0 9.995280 7.066950 200.180000 1372.320000 -13 2180 1 0 1.000000
-7.497050 -7.667410 0 5.974270 11.081200 200.194000 1372.190000 -13 2181 1 0 1.000000
-6.804520 -4.040620 0 1.430910 1.173470 211.605000 1372.270000 -13 2182 1 0 1.000000
0.591819 -4.720560 0 2.271170 -12.989800 208.449000 1372.400000 -13 2183 1 0 1.000000
1.291430 -2.825100 0 21.045900 -13.656000 206.251000 1372.420000 -13 2184 1 0 1.000000
0.367391 1.690900 0 1.335310 11.293000 188.918000 1372.230000 -13 2185 1 0 1.000000
-9.160880 -3.528910 0 -11.530000 16.128200 204.711000 1372.330000 -13 2186 1 0 1.000000
-8.677170 -6.346190 0 -5.468450 -15.468200 229.597000 1372.440000 -13 2187 1 0 1.000000
-4.139500 -7.336300 0 -1.358190 -4.378170 208.481000 1372.200000 -13 2188 1 0 1.000000
-8.716390 -0.760891 0 31.624800 -17.692200 210.589000 1372.360000 -13 2189 1 0 1.000000
-2.276300 -4.731750 0 -15.312200 6.329050 200.809000 1372.270000 -13 2190 1 0 1.000000
7.751880 -2.457040 0 2.449660 -1.868410 214.783000 1372.110000 -13 2191 1 0 1.000000
-5.554610 -5.683010 0 -9.919120 15.790900 211.872000 1372.280000 -13 2192 1 0 1.000000
-9.499560 -2.935580 0 27.577200 5.848590 200.020000 1372.190000 -13 2193 1 0 1.000000
-1.408220 -2.954040 0 -6.098620 -1.749490 207.097000 1372.320000 -13 2194 1 0 1.000000
-3.685520 -4.419500 0 -24.272100 -27.587400 200.014000 1372.130000 -13 2195 1 0 1.000000
4.319950 -2.376530 0 25.894400 17.731400 199.634000 1372.110000 -13 2196 1 0 1.000000
-1.146290 -3.361500 0 -6.494500 14.586100 209.193000 1372.110000 -13 2197 1 0 1.000000
-5.514290 -5.335630 0 3.755660 -1.578460 217.778000 1372.230000 -13 2198 1 0 1.000000
1.508000 -12.019500 0 -17.280800 1.874250 209.857000 1372.380000 -13 2199 1 0 1.000000
-3.705050 -3.601600 0 17.789100 27.914900 195.743000 1372.300000 -13 2200 1 0 1.000000
-3.540590 -1.448520 0 1.644130 -23.209500 225.505000 1372.480000 -13 2201 1 0 1.000000
0.117916 -7.635900 0 7.620420 -13.863700 209.476000 1372.300000 -13 2202 1 0 1.000000
-5.307060 -3.163390 0 -4.288290 13.822500 194.055000 1372.130000 -13 2203 1 0 1.000000
0.922557 -7.354740 0 0.499228 -9.471610 204.386000 1372.190000 -13 2204 1 0 1.000000
0.380190 -5.882570 0 4.125870 7.475190 197.561000 1372.400000 -13 2205 1 0 1.000000
-1.013990 -11.666200 0 8.910980 3.161860 192.953000 1372.340000 -13 2206 1 0 1.000000
0.884503 -0.057410 0 7.759920 -1.704720 206.554000 1372.290000 -13 2207 1 0 1.000000
0.501786 -0.173798 0 -12.431000 -6.980870 213.288000 1372.460000 -13 2208 1 0 1.000000
-0.974042 -7.321420 0 6.993400 14.328700 202.551000 1372.100000 -13 2209 1 0 1.000000
-12.902700 -6.790450 0 -5.599970 -7.075550 194.367000 1372.210000 -13 2210 1 0 1.000000
-2.504970 -3.178410 0 3.021560 5.382440 198.053000 1372.420000 -13 2211 1 0 1.000000
-5.939490 -1.257410 0 -5.102290 -27.954400 209.318000 1372.260000 -13 2212 1 0 1.000000
-11.130000 -8.984470 0 9.950760 -4.242750 229.331000 1372.390000 -13 2213 1 0 1.000000
-5.709720 1.567040 0 -36.785100 -3.387180 219.405000 1372.480000 -13 2214 1 0 1.000000
