#BLTrackFile solenoid_cooling_channel
#x y z Px Py Pz t PDGid EvNum TrkId Parent weight
-5.455090 -7.138310 0 0.000000 0.000000 203.000000 1037.230000 -13 1 1 0 1.000000
0.980683 -15.814900 0 6.774030 -6.494760 211.812000 1037.340000 -13 2 1 0 1.000000
-21.510400 -15.800200 0 7.280840 -18.471600 216.040000 1037.360000 -13 3 1 0 1.000000
-1.498650 -12.693600 0 8.484160 -18.170100 216.071000 1037.130000 -13 4 1 0 1.000000
-18.896000 -11.611000 0 1.542140 -8.080740 209.132000 1037.190000 -13 5 1 0 1.000000
-13.415100 5.826050 0 13.529600 4.856470 218.604000 1037.350000 -13 6 1 0 1.000000
-6.030920 -0.287815 0 3.713000 0.479285 212.962000 1037.270000 -13 7 1 0 1.000000
-5.788690 -10.967700 0 0.771055 -6.258810 214.383000 1037.370000 -13 8 1 0 1.000000
-1.899060 -13.643000 0 -11.515700 -28.357500 218.005000 1037.390000 -13 9 1 0 1.000000
-12.774900 -13.589700 0 0.843658 14.141600 207.778000 1037.120000 -13 10 1 0 1.000000
-10.569700 5.318240 0 -3.973350 -6.253760 208.520000 1037.130000 -13 11 1 0 1.000000
4.765280 -1.725140 0 -4.557810 1.712390 199.189000 1037.370000 -13 12 1 0 1.000000
-4.870910 1.019700 0 3.862760 -4.435040 203.630000 1037.350000 -13 13 1 0 1.000000
-13.886500 -6.731150 0 3.813820 -12.617700 209.362000 1037.130000 -13 14 1 0 1.000000
-12.048000 -4.913500 0 -11.369200 1.606700 205.029000 1037.260000 -13 15 1 0 1.000000
-26.837200 6.583420 0 13.072300 -3.276110 215.488000 1037.330000 -13 16 1 0 1.000000
-30.013100 -2.028410 0 -7.307440 11.323500 197.062000 1037.440000 -13 17 1 0 1.000000
-1.627360 -16.440900 0 -18.375300 15.064100 220.897000 1037.120000 -13 18 1 0 1.000000
-8.564130 -1.650420 0 -15.376800 8.310640 214.455000 1037.250000 -13 19 1 0 1.000000
1.004630 11.304700 0 1.134130 -9.458900 202.651000 1037.450000 -13 20 1 0 1.000000
-15.328200 2.551660 0 3.218190 4.591040 213.554000 1037.060000 -13 21 1 0 1.000000
-9.639030 9.513920 0 9.914160 0.339020 188.561000 1037.490000 -13 22 1 0 1.000000
5.812580 -16.787900 0 -9.612820 -8.796260 212.215000 1037.450000 -13 23 1 0 1.000000
-9.797200 -11.502300 0 15.763900 2.322610 200.188000 1037.400000 -13 24 1 0 1.000000
-15.320400 -10.069300 0 33.097000 8.273880 218.128000 1037.230000 -13 25 1 0 1.000000
-5.043290 -13.171300 0 -6.975300 9.800400 203.017000 1037.540000 -13 26 1 0 1.000000
-7.596580 -14.884600 0 1.305540 9.745470 210.176000 1037.300000 -13 27 1 0 1.000000
-4.057640 0.609504 0 -16.038000 0.942982 211.066000 1037.360000 -13 28 1 0 1.000000
8.869890 -1.279450 0 12.520700 3.779790 221.112000 1037.410000 -13 29 1 0 1.000000
4.200410 -11.973700 0 -5.659170 11.346500 185.225000 1037.410000 -13 30 1 0 1.000000
-4.078800 -14.022400 0 -14.326900 3.008460 194.715000 1037.120000 -13 31 1 0 1.000000
-6.836100 -5.540970 0 0.747243 8.539910 216.254000 1037.270000 -13 32 1 0 1.000000
-6.350360 -2.971880 0 14.054000 3.842510 186.909000 1037.310000 -13 33 1 0 1.000000
-5.184790 -6.444900 0 -8.823910 4.796320 218.137000 1037.320000 -13 34 1 0 1.000000
6.092690 -10.208000 0 8.521070 -27.816400 196.002000 1037.060000 -13 35 1 0 1.000000
13.707100 -8.234240 0 6.255760 16.051200 223.850000 1037.220000 -13 36 1 0 1.000000
-12.667700 -16.135900 0 2.078730 -8.782990 205.945000 1037.060000 -13 37 1 0 1.000000
2.563830 -7.312240 0 16.004800 -12.636300 223.286000 1037.190000 -13 38 1 0 1.000000
3.436370 -3.570120 0 2.610600 -11.026000 222.287000 1037.410000 -13 39 1 0 1.000000
-5.086060 -9.344410 0 20.571800 -0.762812 201.896000 1037.220000 -13 40 1 0 1.000000
-5.416240 -8.350360 0 16.975800 14.800500 210.817000 1037.170000 -13 41 1 0 1.000000
-6.374070 -6.045020 0 -6.420550 -0.750032 228.028000 1037.300000 -13 42 1 0 1.000000
-9.647720 -19.296000 0 5.911320 1.326410 217.530000 1037.080000 -13 43 1 0 1.000000
0.810110 -7.013920 0 -11.208400 -2.910360 200.103000 1037.100000 -13 44 1 0 1.000000
-2.146780 -1.642640 0 -2.565850 2.483950 211.068000 1037.000000 -13 45 1 0 1.000000
-7.750630 -1.100750 0 -16.865700 7.075650 206.774000 1037.220000 -13 46 1 0 1.000000
-9.440150 -13.790200 0 -6.166150 12.129200 199.979000 1037.260000 -13 47 1 0 1.000000
-8.314350 -15.554300 0 -10.961500 0.776344 205.218000 1037.130000 -13 48 1 0 1.000000
-5.220100 -24.366600 0 -15.727200 11.223600 218.165000 1037.450000 -13 49 1 0 1.000000
1.505790 -18.562200 0 12.826300 -0.762663 208.247000 1037.300000 -13 50 1 0 1.000000
-6.956650 -2.099060 0 4.708010 -15.538100 192.881000 1037.310000 -13 51 1 0 1.000000
-14.192000 -2.138460 0 9.634700 -1.098470 214.057000 1037.180000 -13 52 1 0 1.000000
-6.941030 -8.066160 0 17.109500 -2.877950 199.360000 1037.220000 -13 53 1 0 1.000000
-5.038930 -9.682510 0 3.841210 -3.818020 213.156000 1037.030000 -13 54 1 0 1.000000
-9.521700 -25.921800 0 -9.374910 -10.103000 208.649000 1037.070000 -13 55 1 0 1.000000
-21.208700 -5.955130 0 -6.100330 8.881180 202.437000 1037.360000 -13 56 1 0 1.000000
-11.691100 -12.206200 0 5.777280 22.796300 218.250000 1037.230000 -13 57 1 0 1.000000
-5.924040 -11.431400 0 5.942170 10.593100 200.492000 1037.190000 -13 58 1 0 1.000000
-3.179110 -4.922940 0 5.227720 20.216800 187.883000 1037.410000 -13 59 1 0 1.000000
-11.219000 -7.594760 0 13.084300 9.241170 204.597000 1037.260000 -13 60 1 0 1.000000
-5.421110 -29.600700 0 -35.571900 -3.181910 201.673000 1037.100000 -13 61 1 0 1.000000
-14.335700 -1.950830 0 -3.205370 5.767440 207.382000 1037.210000 -13 62 1 0 1.000000
-7.456150 -0.998062 0 10.188600 -6.757030 201.619000 1037.250000 -13 63 1 0 1.000000
-10.324600 1.208380 0 5.762010 -6.853270 217.965000 1037.210000 -13 64 1 0 1.000000
14.399100 -5.168360 0 -0.524323 -3.337290 199.998000 1037.310000 -13 65 1 0 1.000000
-7.805190 -5.192750 0 -8.664030 7.981160 204.327000 1037.070000 -13 66 1 0 1.000000
-3.958140 -6.766270 0 -7.654020 -5.892530 213.775000 1037.320000 -13 67 1 0 1.000000
-13.622100 -3.912370 0 10.428200 13.204600 209.396000 1037.470000 -13 68 1 0 1.000000
-16.585100 -0.588636 0 0.165291 18.319000 228.959000 1036.950000 -13 69 1 0 1.000000
-3.418670 -14.816500 0 -3.382200 -17.102300 214.358000 1037.140000 -13 70 1 0 1.000000
-1.511680 -2.130270 0 -10.858700 -0.047381 202.197000 1037.230000 -13 71 1 0 1.000000
4.378070 -12.955000 0 -14.539100 -7.705840 207.797000 1037.060000 -13 72 1 0 1.000000
-11.941100 -4.227380 0 -26.398000 -42.466200 228.594000 1037.390000 -13 73 1 0 1.000000
-16.345200 -7.653780 0 -1.508990 4.434090 219.199000 1037.220000 -13 74 1 0 1.000000
-11.991800 -13.282600 0 0.460827 15.191900 211.371000 1037.360000 -13 75 1 0 1.000000
0.012495 -7.721060 0 -2.874010 -9.068000 209.783000 1037.030000 -13 76 1 0 1.000000
-5.243400 -13.322900 0 16.179700 5.585820 210.100000 1037.500000 -13 77 1 0 1.000000
-10.081400 -14.867700 0 1.260190 -17.899500 210.389000 1037.270000 -13 78 1 0 1.000000
3.730890 5.126070 0 -11.234300 -5.400640 221.364000 1037.500000 -13 79 1 0 1.000000
-4.628840 -21.661100 0 -18.162300 18.286500 186.350000 1037.260000 -13 80 1 0 1.000000
-14.590200 -6.600150 0 -3.308760 11.740200 214.986000 1037.070000 -13 81 1 0 1.000000
2.079700 7.465990 0 -1.552780 -2.760320 216.766000 1037.220000 -13 82 1 0 1.000000
-3.036310 -27.591900 0 -9.745750 -9.362530 214.837000 1037.620000 -13 83 1 0 1.000000
1.362330 -16.036100 0 -1.770520 -11.314300 209.818000 1037.610000 -13 84 1 0 1.000000
11.373100 -3.820810 0 32.654000 14.719100 214.793000 1037.300000 -13 85 1 0 1.000000
-7.984190 0.329816 0 -2.416790 -6.450300 203.035000 1037.380000 -13 86 1 0 1.000000
14.029500 0.136104 0 -10.558400 1.721180 200.139000 1037.290000 -13 87 1 0 1.000000
6.324450 2.628500 0 1.476370 -8.540380 205.094000 1037.230000 -13 88 1 0 1.000000
-0.377203 -11.352100 0 -10.043600 -4.450500 206.520000 1037.310000 -13 89 1 0 1.000000
-2.911160 -8.638590 0 12.766200 -6.353560 197.495000 1037.060000 -13 90 1 0 1.000000
-4.224120 -17.047000 0 -15.507200 -3.470330 197.188000 1037.340000 -13 91 1 0 1.000000
9.403360 -23.165000 0 -8.336140 -11.692900 213.963000 1037.160000 -13 92 1 0 1.000000
7.582950 0.270192 0 11.289300 1.298100 200.395000 1037.180000 -13 93 1 0 1.000000
3.310880 -8.783460 0 6.024580 -15.647000 202.355000 1037.090000 -13 94 1 0 1.000000
-7.707550 -9.084920 0 9.557060 -14.007600 200.863000 1037.190000 -13 95 1 0 1.000000
-10.565800 -12.747400 0 -12.605600 -9.411430 199.577000 1037.100000 -13 96 1 0 1.000000
-7.887870 -4.635730 0 12.199900 2.003970 200.575000 1037.250000 -13 97 1 0 1.000000
6.327170 -14.833200 0 3.143170 -5.067070 198.661000 1037.250000 -13 98 1 0 1.000000
-1.153660 4.016340 0 -3.978470 -1.669490 197.006000 1036.960000 -13 99 1 0 1.000000
-7.874550 -6.784040 0 -7.699180 -7.525690 212.096000 1037.240000 -13 100 1 0 1.000000
0.672519 -5.375090 0 -1.315190 0.307471 213.458000 1037.130000 -13 101 1 0 1.000000
-11.293300 2.613630 0 1.427350 -0.494636 213.079000 1037.200000 -13 102 1 0 1.000000
-5.618170 -16.992600 0 -10.143200 13.661100 208.725000 1037.150000 -13 103 1 0 1.000000
-24.101200 8.044280 0 10.690300 3.187240 217.630000 1037.380000 -13 104 1 0 1.000000
-1.813490 -8.723750 0 -16.508000 3.086820 211.217000 1037.310000 -13 105 1 0 1.000000
-11.200800 1.570370 0 -2.427080 1.622370 211.662000 1037.260000 -13 106 1 0 1.000000
-9.072620 0.534464 0 -12.104100 0.224607 211.326000 1037.330000 -13 107 1 0 1.000000
-6.733160 3.178160 0 -7.190860 -7.962620 199.135000 1037.160000 -13 108 1 0 1.000000
-24.902700 -5.917260 0 13.236100 10.090100 220.838000 1037.150000 -13 109 1 0 1.000000
-8.134780 -8.464570 0 10.029800 8.121840 206.481000 1037.160000 -13 110 1 0 1.000000
-5.793090 -12.144300 0 -9.206860 -8.152700 224.665000 1037.240000 -13 111 1 0 1.000000
-6.847330 -13.315500 0 0.172606 -3.103170 218.004000 1037.240000 -13 112 1 0 1.000000
-11.009600 -13.024400 0 4.063390 7.348650 208.288000 1037.160000 -13 113 1 0 1.000000
-13.891900 -7.664060 0 8.158110 9.797290 200.081000 1037.380000 -13 114 1 0 1.000000
5.656100 -1.838430 0 -8.635200 -0.981373 199.787000 1037.310000 -13 115 1 0 1.000000
-21.295700 -17.561700 0 26.103800 12.029700 210.039000 1037.070000 -13 116 1 0 1.000000
-17.529000 -11.408000 0 8.097440 -3.083770 215.558000 1037.170000 -13 117 1 0 1.000000
-9.735120 2.437440 0 22.333200 3.502180 226.298000 1037.190000 -13 118 1 0 1.000000
-0.855912 -6.351350 0 13.092500 -14.016400 197.595000 1037.290000 -13 119 1 0 1.000000
-12.949800 -14.810700 0 -13.752500 -18.199900 217.867000 1037.120000 -13 120 1 0 1.000000
-13.188800 7.133130 0 -3.021250 14.378000 209.581000 1037.300000 -13 121 1 0 1.000000
-14.828000 -0.274255 0 10.028000 12.340400 202.243000 1037.070000 -13 122 1 0 1.000000
-3.920210 -6.432460 0 -13.958100 -2.887950 200.138000 1037.490000 -13 123 1 0 1.000000
-6.301960 -16.017400 0 11.902800 -11.734100 205.495000 1037.180000 -13 124 1 0 1.000000
-5.352270 -14.331600 0 -9.642340 -3.202160 210.986000 1037.280000 -13 125 1 0 1.000000
-6.470310 -12.023200 0 -8.415280 4.844630 221.453000 1037.290000 -13 126 1 0 1.000000
-2.142060 -2.790630 0 21.839600 -12.089000 204.470000 1037.360000 -13 127 1 0 1.000000
-2.350620 -9.412610 0 -25.249900 -5.764590 223.537000 1037.410000 -13 128 1 0 1.000000
-14.751800 -11.135400 0 7.055840 8.660560 217.428000 1037.210000 -13 129 1 0 1.000000
4.425060 -21.377000 0 -22.792800 -9.215610 204.309000 1036.990000 -13 130 1 0 1.000000
4.533430 1.296240 0 -11.051900 -0.993282 229.912000 1037.080000 -13 131 1 0 1.000000
-3.966300 1.702850 0 -8.526940 -3.952190 217.469000 1037.110000 -13 132 1 0 1.000000
-10.384500 0.121045 0 -22.041200 2.343850 205.167000 1037.180000 -13 133 1 0 1.000000
-10.016500 -1.157030 0 -4.246010 5.773710 194.612000 1036.950000 -13 134 1 0 1.000000
-13.692600 -13.055300 0 -6.334510 14.118600 210.245000 1036.890000 -13 135 1 0 1.000000
-2.118100 0.732581 0 10.688400 2.074160 207.623000 1036.990000 -13 136 1 0 1.000000
-6.564180 -10.980300 0 -0.428133 17.400700 212.022000 1037.330000 -13 137 1 0 1.000000
3.680250 -11.403300 0 19.882300 2.222510 186.924000 1037.150000 -13 138 1 0 1.000000
-11.204500 10.413500 0 -2.246810 1.734460 202.166000 1037.190000 -13 139 1 0 1.000000
4.706980 0.106267 0 -18.653100 -13.291200 187.409000 1037.260000 -13 140 1 0 1.000000
-0.932434 5.135220 0 -2.619380 1.086990 219.262000 1037.340000 -13 141 1 0 1.000000
-13.158100 5.230630 0 20.507600 19.002100 212.235000 1036.950000 -13 142 1 0 1.000000
-8.627710 -14.546500 0 11.688400 3.820160 205.560000 1037.210000 -13 143 1 0 1.000000
3.119360 -11.274100 0 -7.963540 5.156760 208.884000 1037.530000 -13 144 1 0 1.000000
-0.576775 -3.976400 0 2.629570 -37.602900 223.150000 1037.430000 -13 145 1 0 1.000000
-6.377140 -14.858000 0 -10.376300 -9.785000 213.443000 1037.380000 -13 146 1 0 1.000000
-8.108920 -0.599160 0 -7.276610 17.093800 199.465000 1037.300000 -13 147 1 0 1.000000
9.454180 -19.715800 0 17.452700 1.783350 201.399000 1037.300000 -13 148 1 0 1.000000
10.829400 -2.503240 0 -20.693700 -13.587600 221.083000 1037.250000 -13 149 1 0 1.000000
-10.597500 -13.885700 0 -17.506200 -5.591960 218.589000 1037.390000 -13 150 1 0 1.000000
-15.004200 -8.151040 0 5.135670 3.531170 210.977000 1037.610000 -13 151 1 0 1.000000
-8.299780 -10.921800 0 -3.604000 -8.394580 211.742000 1037.150000 -13 152 1 0 1.000000
-7.685750 -7.257840 0 -0.948927 3.422600 213.979000 1037.250000 -13 153 1 0 1.000000
-12.690800 -16.505600 0 17.016000 11.048800 216.166000 1037.280000 -13 154 1 0 1.000000
-11.622200 -11.876300 0 13.969400 -2.333140 218.397000 1037.250000 -13 155 1 0 1.000000
-17.342900 -3.778870 0 4.726080 -15.300500 202.216000 1037.310000 -13 156 1 0 1.000000
-13.316700 -3.652330 0 11.893300 10.363100 216.395000 1037.200000 -13 157 1 0 1.000000
-18.352200 -13.386200 0 2.098870 -5.386580 218.632000 1037.420000 -13 158 1 0 1.000000
-10.380400 -13.031400 0 14.231500 19.224300 215.888000 1037.360000 -13 159 1 0 1.000000
-5.342070 2.066020 0 -14.525700 -15.862600 212.268000 1037.400000 -13 160 1 0 1.000000
-9.925050 4.597270 0 10.811200 2.731290 208.570000 1037.170000 -13 161 1 0 1.000000
-15.682000 -10.728000 0 -12.687300 -8.497320 221.859000 1036.980000 -13 162 1 0 1.000000
-3.126370 -15.352300 0 -9.567150 27.297400 197.329000 1037.240000 -13 163 1 0 1.000000
-11.633700 -8.514510 0 -14.174400 18.289000 212.639000 1037.000000 -13 164 1 0 1.000000
1.651260 -13.204300 0 4.917480 5.729070 200.129000 1037.250000 -13 165 1 0 1.000000
11.913000 0.837578 0 -4.176800 8.444700 204.027000 1037.170000 -13 166 1 0 1.000000
-8.241960 -10.981200 0 -10.791700 -10.698900 216.987000 1037.630000 -13 167 1 0 1.000000
0.160919 -10.519500 0 12.048500 -4.327050 204.310000 1037.110000 -13 168 1 0 1.000000
2.223480 -7.090010 0 -10.886200 0.197893 222.622000 1037.200000 -13 169 1 0 1.000000
1.988860 -1.188560 0 -10.781000 0.791889 212.261000 1037.450000 -13 170 1 0 1.000000
-2.765820 -1.197520 0 -6.392360 -12.148200 215.128000 1037.420000 -13 171 1 0 1.000000
-11.503700 -16.871400 0 -10.910900 3.945700 208.083000 1037.290000 -13 172 1 0 1.000000
-15.761600 -5.175870 0 -24.022600 19.325100 194.528000 1037.190000 -13 173 1 0 1.000000
-2.717690 -12.559000 0 -40.557300 0.529003 219.385000 1037.510000 -13 174 1 0 1.000000
-11.309300 -16.229600 0 13.618800 -0.204967 216.667000 1037.330000 -13 175 1 0 1.000000
-21.912400 -13.409800 0 -18.289000 -1.933300 220.408000 1037.120000 -13 176 1 0 1.000000
-1.270700 5.039140 0 19.901800 4.839030 212.055000 1037.070000 -13 177 1 0 1.000000
-13.015900 7.531320 0 -2.896830 -5.335320 201.261000 1037.540000 -13 178 1 0 1.000000
-14.197400 -2.502350 0 -4.093410 7.059470 194.634000 1037.410000 -13 179 1 0 1.000000
-14.682500 -1.009140 0 0.727003 2.463390 208.173000 1037.070000 -13 180 1 0 1.000000
0.352422 -13.331500 0 -3.250220 -10.218400 201.574000 1037.240000 -13 181 1 0 1.000000
-22.250900 -2.933530 0 -9.814160 4.179310 222.714000 1037.350000 -13 182 1 0 1.000000
3.526930 -3.878440 0 21.368500 -8.888070 224.725000 1037.210000 -13 183 1 0 1.000000
-6.221280 -12.220800 0 -5.047720 7.245200 203.040000 1037.140000 -13 184 1 0 1.000000
-17.518300 -6.913960 0 -15.843600 -12.941100 208.009000 1037.120000 -13 185 1 0 1.000000
-7.222590 -18.103600 0 -4.231730 -2.352800 214.706000 1037.240000 -13 186 1 0 1.000000
-18.085200 11.483100 0 17.610400 -11.385300 220.742000 1037.260000 -13 187 1 0 1.000000
-4.132500 -13.267000 0 -6.581310 -8.929520 200.182000 1037.210000 -13 188 1 0 1.000000
-1.290920 -4.881290 0 -18.645200 -20.431000 218.531000 1037.330000 -13 189 1 0 1.000000
-11.308600 -9.489850 0 8.310700 11.643700 200.479000 1037.300000 -13 190 1 0 1.000000
-12.750700 3.870510 0 7.666880 -2.998610 218.803000 1037.360000 -13 191 1 0 1.000000
-6.977200 3.443150 0 4.812420 -19.107400 196.396000 1037.140000 -13 192 1 0 1.000000
-4.415220 -2.856440 0 1.767900 15.520200 213.539000 1036.990000 -13 193 1 0 1.000000
3.253650 -5.562040 0 -20.926400 7.728530 213.010000 1037.160000 -13 194 1 0 1.000000
-4.150530 -9.657060 0 -10.973900 -0.146612 204.263000 1037.180000 -13 195 1 0 1.000000
11.292000 10.031800 0 -2.699990 1.579310 209.903000 1037.340000 -13 196 1 0 1.000000
-3.585580 -22.056900 0 -15.233000 8.065820 235.511000 1037.170000 -13 197 1 0 1.000000
-2.193200 -15.277600 0 24.526600 -2.304550 204.065000 1037.110000 -13 198 1 0 1.000000
-26.921100 -7.794840 0 -9.939430 -28.824800 229.302000 1037.010000 -13 199 1 0 1.000000
-4.254790 -20.643500 0 12.473800 -15.711600 203.305000 1036.990000 -13 200 1 0 1.000000
-11.348300 -16.269300 0 -5.603630 6.841660 200.530000 1037.250000 -13 201 1 0 1.000000
2.678520 -1.465870 0 3.616840 8.815750 205.693000 1036.960000 -13 202 1 0 1.000000
-16.258900 -15.209100 0 13.463900 9.085430 209.549000 1037.140000 -13 203 1 0 1.000000
-5.220580 -4.412530 0 4.607320 9.588490 209.515000 1037.220000 -13 204 1 0 1.000000
-0.584505 5.281370 0 10.615500 14.952600 223.845000 1037.260000 -13 205 1 0 1.000000
-13.115900 -10.546700 0 -11.867200 -5.035880 212.378000 1037.220000 -13 206 1 0 1.000000
-5.345410 -6.479880 0 -12.714300 7.380540 202.276000 1037.160000 -13 207 1 0 1.000000
-4.093030 -5.572400 0 3.122920 -5.898340 202.973000 1037.120000 -13 208 1 0 1.000000
6.347260 -18.995200 0 2.681250 -0.569226 214.635000 1037.310000 -13 209 1 0 1.000000
-15.505100 2.068520 0 15.230900 -0.554688 211.420000 1037.290000 -13 210 1 0 1.000000
-27.468800 -2.673910 0 -0.312422 26.545000 214.959000 1037.320000 -13 211 1 0 1.000000
0.811219 -10.484500 0 -12.909200 10.717800 225.647000 1037.430000 -13 212 1 0 1.000000
-3.359630 -24.932400 0 -6.284250 -13.842100 197.740000 1037.240000 -13 213 1 0 1.000000
-10.866700 12.279400 0 -3.541240 -3.892580 201.295000 1037.020000 -13 214 1 0 1.000000
-18.870800 0.045202 0 -6.525730 -7.640220 206.724000 1037.130000 -13 215 1 0 1.000000
-25.213200 -13.002600 0 2.210680 -7.770970 220.718000 1037.260000 -13 216 1 0 1.000000
-4.250270 3.469660 0 1.356640 5.866380 201.060000 1037.090000 -13 217 1 0 1.000000
-12.634200 -7.652490 0 1.407550 -17.577500 202.224000 1037.190000 -13 218 1 0 1.000000
-3.146680 -13.895900 0 19.551100 -31.907500 225.570000 1037.050000 -13 219 1 0 1.000000
-4.027630 -5.835300 0 -11.722400 5.677580 217.958000 1037.380000 -13 220 1 0 1.000000
-15.459000 -1.275570 0 -8.012260 -15.057300 204.042000 1037.270000 -13 221 1 0 1.000000
-8.873590 -18.526000 0 5.554470 7.479080 205.143000 1037.070000 -13 222 1 0 1.000000
-2.637560 -4.898410 0 18.947000 -5.044640 194.260000 1037.170000 -13 223 1 0 1.000000
-9.434510 0.525937 0 -7.037950 9.019160 221.906000 1037.000000 -13 224 1 0 1.000000
-18.505700 -7.632060 0 -7.688500 -2.094020 206.389000 1037.250000 -13 225 1 0 1.000000
-8.431760 -23.793300 0 -13.225700 -10.345800 222.729000 1037.180000 -13 226 1 0 1.000000
-16.012100 -5.129320 0 5.342590 -12.709000 209.772000 1037.090000 -13 227 1 0 1.000000
-6.801040 11.897100 0 0.200283 -7.977130 205.993000 1037.380000 -13 228 1 0 1.000000
-0.997687 -11.807000 0 16.132600 -8.274380 214.023000 1037.230000 -13 229 1 0 1.000000
-9.490790 -5.425590 0 -7.004900 1.294140 204.139000 1037.130000 -13 230 1 0 1.000000
1.509550 -17.061400 0 -18.780000 2.431360 218.065000 1037.360000 -13 231 1 0 1.000000
-7.907220 -7.588460 0 -1.619910 -0.025619 209.467000 1037.080000 -13 232 1 0 1.000000
-3.177690 -20.488300 0 -1.395830 22.666600 224.123000 1037.350000 -13 233 1 0 1.000000
-8.072690 -6.138860 0 -10.885800 -5.143710 214.299000 1037.200000 -13 234 1 0 1.000000
-5.749360 2.851810 0 3.351850 12.533700 206.328000 1036.940000 -13 235 1 0 1.000000
-25.688500 1.408190 0 15.718300 -11.818400 201.217000 1037.350000 -13 236 1 0 1.000000
-1.577980 -8.694790 0 -9.638660 -14.068500 213.634000 1037.160000 -13 237 1 0 1.000000
-0.545209 -13.436200 0 -15.799000 0.485908 200.664000 1037.410000 -13 238 1 0 1.000000
-13.003600 -17.863800 0 9.807510 2.455380 200.130000 1037.150000 -13 239 1 0 1.000000
-6.114460 -0.758290 0 0.515841 5.212300 213.396000 1037.050000 -13 240 1 0 1.000000
-15.014100 -1.043220 0 3.916590 8.796980 210.093000 1037.030000 -13 241 1 0 1.000000
-6.458170 -14.813100 0 14.124100 0.305580 205.589000 1037.500000 -13 242 1 0 1.000000
-12.441900 -7.916870 0 -3.801940 3.352050 209.468000 1037.180000 -13 243 1 0 1.000000
11.564200 1.981090 0 -6.823730 -12.450000 207.711000 1037.230000 -13 244 1 0 1.000000
0.149083 -5.319790 0 3.024450 -0.477455 214.562000 1037.340000 -13 245 1 0 1.000000
-5.922500 -13.477900 0 -9.200820 7.712380 219.607000 1037.180000 -13 246 1 0 1.000000
-9.182880 -2.794830 0 -0.111225 3.569060 210.473000 1037.280000 -13 247 1 0 1.000000
0.166015 -2.379430 0 9.604150 1.588020 213.731000 1037.270000 -13 248 1 0 1.000000
-11.159400 9.050320 0 10.815700 -3.881340 208.998000 1037.300000 -13 249 1 0 1.000000
-10.914300 -8.378720 0 -8.288720 -0.611634 214.645000 1037.270000 -13 250 1 0 1.000000
-23.229900 0.267416 0 12.581700 -8.432270 214.020000 1037.320000 -13 251 1 0 1.000000
-3.290340 -0.463911 0 -3.143140 -1.738420 194.071000 1037.160000 -13 252 1 0 1.000000
-0.986339 -6.636290 0 15.179700 2.554220 214.970000 1037.110000 -13 253 1 0 1.000000
-11.224100 -6.733060 0 9.383870 7.588060 213.961000 1037.290000 -13 254 1 0 1.000000
-6.161940 -3.739710 0 -0.854526 4.091700 207.936000 1037.050000 -13 255 1 0 1.000000
-3.972220 -14.479300 0 -14.311900 -9.065120 215.118000 1037.210000 -13 256 1 0 1.000000
-7.508920 -6.593980 0 -33.362100 14.652900 223.999000 1037.110000 -13 257 1 0 1.000000
6.202430 -8.825080 0 -19.963800 -3.606000 206.605000 1037.170000 -13 258 1 0 1.000000
-4.927960 6.053640 0 -0.509920 -5.141650 207.343000 1037.290000 -13 259 1 0 1.000000
9.635930 3.978120 0 -3.253910 -32.277800 195.183000 1037.400000 -13 260 1 0 1.000000
-14.288600 -11.962900 0 0.497853 1.358410 207.848000 1037.340000 -13 261 1 0 1.000000
-10.880400 -14.950500 0 7.742750 4.541950 195.089000 1037.200000 -13 262 1 0 1.000000
-7.534790 -15.509100 0 -8.186070 5.280950 227.592000 1037.260000 -13 263 1 0 1.000000
-9.927110 -19.348100 0 2.028520 1.718110 220.687000 1037.160000 -13 264 1 0 1.000000
-17.417100 1.254170 0 13.324900 9.921230 205.105000 1037.030000 -13 265 1 0 1.000000
4.543350 -13.002100 0 29.001400 -18.474800 190.842000 1037.510000 -13 266 1 0 1.000000
-6.795100 -1.136510 0 -0.757696 -18.997200 212.567000 1037.290000 -13 267 1 0 1.000000
5.950760 -8.485320 0 -22.694900 -28.962000 227.361000 1037.060000 -13 268 1 0 1.000000
-12.124900 -4.401250 0 -3.333750 1.254550 195.807000 1037.270000 -13 269 1 0 1.000000
-11.417500 -17.038900 0 -21.120300 -4.402720 207.970000 1037.030000 -13 270 1 0 1.000000
-0.045518 4.157180 0 -5.329220 -18.396300 209.750000 1037.120000 -13 271 1 0 1.000000
-10.719700 -2.814950 0 2.071410 3.743380 191.288000 1037.150000 -13 272 1 0 1.000000
4.162800 -3.165530 0 3.270890 0.646930 187.773000 1037.220000 -13 273 1 0 1.000000
-10.958300 0.216669 0 -10.520400 5.126050 211.568000 1037.220000 -13 274 1 0 1.000000
-2.977020 -5.865330 0 -3.663860 3.403890 208.779000 1037.090000 -13 275 1 0 1.000000
-6.326430 -12.856100 0 12.344100 4.179170 208.833000 1037.230000 -13 276 1 0 1.000000
-10.261800 -1.940800 0 -0.989093 -0.117183 206.277000 1037.180000 -13 277 1 0 1.000000
-12.795200 -18.264100 0 -3.329100 0.406815 207.246000 1037.080000 -13 278 1 0 1.000000
-7.983630 -10.005600 0 -11.233900 8.416910 208.445000 1037.270000 -13 279 1 0 1.000000
-8.203770 -6.955660 0 -19.781500 2.627200 205.937000 1037.230000 -13 280 1 0 1.000000
-13.576200 -10.954400 0 1.581660 25.132500 223.231000 1037.300000 -13 281 1 0 1.000000
-4.195500 4.429320 0 -3.837300 6.624010 204.056000 1037.410000 -13 282 1 0 1.000000
3.832190 -16.843200 0 -14.283100 2.764500 213.669000 1037.240000 -13 283 1 0 1.000000
-14.572400 -13.478000 0 -8.153070 10.396200 206.674000 1037.050000 -13 284 1 0 1.000000
-20.072400 15.247700 0 10.498800 -12.234100 213.107000 1037.290000 -13 285 1 0 1.000000
-14.407000 -4.173570 0 0.106749 -5.788200 187.511000 1037.220000 -13 286 1 0 1.000000
-26.786900 9.108750 0 4.044000 11.493900 212.646000 1037.340000 -13 287 1 0 1.000000
-5.610610 -10.561000 0 -11.678700 -11.112300 210.506000 1037.210000 -13 288 1 0 1.000000
-6.514010 -1.478740 0 -5.682230 4.160050 196.088000 1037.210000 -13 289 1 0 1.000000
-0.603736 4.276600 0 15.565100 20.423500 217.631000 1037.060000 -13 290 1 0 1.000000
-4.920070 3.186460 0 5.782960 1.155460 200.126000 1037.310000 -13 291 1 0 1.000000
9.495940 -15.201700 0 1.450450 8.720190 218.592000 1037.250000 -13 292 1 0 1.000000
9.206360 -7.877730 0 -5.321000 25.682300 199.583000 1037.220000 -13 293 1 0 1.000000
-15.125400 -0.619195 0 2.864640 -0.054207 206.555000 1037.260000 -13 294 1 0 1.000000
-6.602320 -7.439310 0 7.087500 1.710480 210.694000 1037.160000 -13 295 1 0 1.000000
-12.000200 0.057664 0 26.961700 -32.201200 232.965000 1037.100000 -13 296 1 0 1.000000
-5.293240 -8.268490 0 -0.590983 -17.382400 204.304000 1037.220000 -13 297 1 0 1.000000
11.730700 -10.738300 0 11.405300 8.341910 211.711000 1037.160000 -13 298 1 0 1.000000
-5.204280 -11.567800 0 -3.709790 3.058140 203.655000 1037.280000 -13 299 1 0 1.000000
-10.574700 8.121610 0 -1.494770 -7.479920 206.130000 1037.100000 -13 300 1 0 1.000000
-13.187800 -0.405431 0 -1.512150 11.800000 210.108000 1037.230000 -13 301 1 0 1.000000
-8.265360 -10.956600 0 1.056220 15.118800 208.677000 1037.370000 -13 302 1 0 1.000000
-19.237200 6.570080 0 3.286100 -9.632470 221.145000 1037.360000 -13 303 1 0 1.000000
-2.908020 -21.905000 0 1.837510 -4.149870 214.210000 1037.210000 -13 304 1 0 1.000000
-0.471722 -9.756430 0 15.858800 4.366510 203.495000 1037.180000 -13 305 1 0 1.000000
-3.661540 3.427940 0 2.469240 11.672800 212.957000 1037.270000 -13 306 1 0 1.000000
-4.442580 -6.832800 0 3.697420 10.700200 210.542000 1037.280000 -13 307 1 0 1.000000
0.379018 -12.145600 0 -3.729260 -20.835400 225.309000 1037.110000 -13 308 1 0 1.000000
-8.317200 -10.545800 0 -13.549500 -4.127400 221.148000 1037.180000 -13 309 1 0 1.000000
-11.080300 -1.583290 0 5.398210 -12.078000 193.899000 1037.300000 -13 310 1 0 1.000000
7.947820 -8.875130 0 0.206623 -6.579040 208.523000 1037.340000 -13 311 1 0 1.000000
-8.241800 -5.224750 0 3.205120 6.567390 213.980000 1037.080000 -13 312 1 0 1.000000
-15.260400 -15.961500 0 -14.155200 -23.404900 213.330000 1037.580000 -13 313 1 0 1.000000
4.224550 -19.764900 0 -22.455300 26.686100 219.998000 1037.410000 -13 314 1 0 1.000000
-8.243260 -13.798800 0 -3.033850 8.728760 219.751000 1037.210000 -13 315 1 0 1.000000
8.819270 7.811690 0 -11.427900 -17.742700 222.349000 1037.100000 -13 316 1 0 1.000000
-10.151300 -16.173200 0 -10.630200 -8.496650 198.801000 1037.110000 -13 317 1 0 1.000000
9.185160 -5.034970 0 -6.757230 14.079700 203.960000 1037.110000 -13 318 1 0 1.000000
-11.335800 -1.887350 0 4.976670 -13.766900 211.903000 1037.320000 -13 319 1 0 1.000000
-10.896000 -8.682560 0 6.657590 -0.928939 191.421000 1037.180000 -13 320 1 0 1.000000
-5.057660 -3.606520 0 28.073800 8.888220 198.781000 1037.200000 -13 321 1 0 1.000000
-12.869800 -10.699000 0 -15.194700 -1.307510 214.048000 1037.200000 -13 322 1 0 1.000000
-2.616790 -5.196350 0 -2.194340 -5.076260 208.679000 1037.400000 -13 323 1 0 1.000000
-5.029310 -16.921300 0 -6.993180 3.845500 207.467000 1037.400000 -13 324 1 0 1.000000
-4.512320 -0.107245 0 -3.782200 5.786670 212.711000 1037.250000 -13 325 1 0 1.000000
-24.574200 0.484291 0 20.517800 10.839700 223.831000 1037.340000 -13 326 1 0 1.000000
-20.740600 -4.082310 0 -5.184660 -2.004420 212.724000 1037.410000 -13 327 1 0 1.000000
-7.112120 -10.389100 0 -13.102800 2.099590 208.026000 1037.100000 -13 328 1 0 1.000000
1.581840 -4.462210 0 1.199150 1.052350 210.333000 1037.220000 -13 329 1 0 1.000000
-19.428000 -8.768320 0 -5.775620 1.376280 223.804000 1037.250000 -13 330 1 0 1.000000
-3.683860 -2.048380 0 -1.389440 -13.728400 206.513000 1037.260000 -13 331 1 0 1.000000
-16.783300 -10.064600 0 -7.166190 14.423200 182.639000 1037.250000 -13 332 1 0 1.000000
2.741890 -16.736400 0 -17.786900 -0.376174 219.157000 1037.300000 -13 333 1 0 1.000000
2.611600 -13.716600 0 -2.166140 2.604560 214.073000 1037.280000 -13 334 1 0 1.000000
-9.271510 -7.535770 0 3.222220 -0.977686 202.740000 1037.410000 -13 335 1 0 1.000000
-16.046400 -18.408800 0 13.122700 24.918500 219.987000 1037.200000 -13 336 1 0 1.000000
-17.422400 -6.391530 0 1.676680 -13.920700 213.874000 1037.140000 -13 337 1 0 1.000000
-10.106800 -3.014330 0 1.326380 -2.017780 206.950000 1037.180000 -13 338 1 0 1.000000
1.657680 -4.832130 0 -1.150310 -6.421490 198.249000 1037.130000 -13 339 1 0 1.000000
12.063300 6.165630 0 16.033700 7.443960 209.065000 1037.310000 -13 340 1 0 1.000000
-18.691800 -5.477570 0 6.033690 9.373470 210.973000 1037.260000 -13 341 1 0 1.000000
-9.453750 -0.557736 0 8.664000 0.765475 223.583000 1037.150000 -13 342 1 0 1.000000
-3.098990 -17.688500 0 -23.487400 6.861780 217.477000 1037.240000 -13 343 1 0 1.000000
-11.350100 -15.718800 0 -11.191800 6.130430 218.737000 1037.240000 -13 344 1 0 1.000000
-17.885800 9.237280 0 6.895050 -8.786980 218.883000 1037.220000 -13 345 1 0 1.000000
-2.854430 8.745150 0 -3.185320 0.865295 207.142000 1037.090000 -13 346 1 0 1.000000
-24.216400 3.162750 0 -6.630480 31.693800 220.251000 1037.050000 -13 347 1 0 1.000000
-6.407640 -1.787970 0 21.626600 -16.684500 224.100000 1037.820000 -13 348 1 0 1.000000
-2.095970 -12.760800 0 -0.646027 -0.478585 203.866000 1037.240000 -13 349 1 0 1.000000
-7.305980 -10.545700 0 12.482800 4.497450 206.733000 1037.130000 -13 350 1 0 1.000000
-7.047130 6.787270 0 21.756200 8.733810 199.966000 1037.260000 -13 351 1 0 1.000000
0.182379 -8.090400 0 -9.190300 -14.754700 201.211000 1037.210000 -13 352 1 0 1.000000
-4.193630 -8.284620 0 -10.286700 -9.847150 203.467000 1037.310000 -13 353 1 0 1.000000
-17.256000 -6.976810 0 -30.066300 8.683860 210.801000 1037.400000 -13 354 1 0 1.000000
-5.114140 -6.117130 0 -10.487000 4.433760 213.198000 1037.330000 -13 355 1 0 1.000000
-0.703290 -3.758060 0 -5.848010 2.127210 210.507000 1037.330000 -13 356 1 0 1.000000
-9.664990 5.847130 0 -6.385700 -12.137000 230.436000 1037.100000 -13 357 1 0 1.000000
-2.355090 0.440078 0 8.191880 -0.217777 222.777000 1037.230000 -13 358 1 0 1.000000
-10.932400 -3.223090 0 -19.712300 -5.659540 214.165000 1037.330000 -13 359 1 0 1.000000
-17.026400 8.620190 0 -6.424540 -1.737560 221.364000 1037.120000 -13 360 1 0 1.000000
-7.782500 -3.027600 0 15.232500 7.764570 198.157000 1037.260000 -13 361 1 0 1.000000
-13.167300 -4.415000 0 7.340120 9.213950 204.403000 1037.160000 -13 362 1 0 1.000000
-5.379920 -5.864170 0 -0.731727 -15.137300 194.850000 1037.100000 -13 363 1 0 1.000000
-5.393140 -7.600940 0 -28.935400 8.304850 220.106000 1037.190000 -13 364 1 0 1.000000
-11.656000 -5.330530 0 -18.659100 -5.802790 213.486000 1036.990000 -13 365 1 0 1.000000
-18.481100 -10.461500 0 3.154590 -4.051620 218.927000 1037.330000 -13 366 1 0 1.000000
-17.719500 -6.782270 0 2.398150 -4.835120 213.761000 1037.420000 -13 367 1 0 1.000000
-4.656050 -7.837160 0 -3.313930 -11.653700 188.023000 1037.390000 -13 368 1 0 1.000000
4.980400 -2.432130 0 2.894470 -0.284161 203.007000 1037.150000 -13 369 1 0 1.000000
2.791310 -19.469100 0 2.569510 8.858940 209.416000 1037.250000 -13 370 1 0 1.000000
14.949700 -10.623300 0 3.870960 -6.480130 214.426000 1037.230000 -13 371 1 0 1.000000
-14.341900 1.260670 0 -0.475339 6.492320 191.544000 1037.220000 -13 372 1 0 1.000000
7.214970 -5.332120 0 -25.889200 -4.374260 230.167000 1037.110000 -13 373 1 0 1.000000
-19.097700 -11.817600 0 9.333900 -7.683570 216.832000 1037.300000 -13 374 1 0 1.000000
-4.896070 3.074200 0 -6.389700 -2.816970 203.784000 1037.250000 -13 375 1 0 1.000000
4.510520 -12.995600 0 -18.899400 -9.135420 214.580000 1037.390000 -13 376 1 0 1.000000
-1.815430 -11.779200 0 -2.209160 -11.945400 199.235000 1037.160000 -13 377 1 0 1.000000
-13.528000 -9.470280 0 8.202510 15.422800 195.035000 1037.160000 -13 378 1 0 1.000000
-3.871660 -19.840600 0 -11.941200 -9.361330 223.304000 1037.000000 -13 379 1 0 1.000000
-0.081673 -4.239120 0 10.633900 -1.118260 201.815000 1037.350000 -13 380 1 0 1.000000
-7.690340 -0.756256 0 -3.771620 8.204710 209.683000 1037.390000 -13 381 1 0 1.000000
-7.277780 -4.952380 0 4.474730 3.132900 214.285000 1037.080000 -13 382 1 0 1.000000
-10.354200 -4.599600 0 8.210550 17.633100 221.017000 1037.070000 -13 383 1 0 1.000000
-15.008200 -16.904300 0 -14.263300 7.428050 220.413000 1037.360000 -13 384 1 0 1.000000
0.313900 -5.107360 0 -6.236500 -14.751300 211.033000 1037.330000 -13 385 1 0 1.000000
4.842060 -0.043996 0 31.499700 -3.981520 199.172000 1037.320000 -13 386 1 0 1.000000
-29.139700 -10.554100 0 -5.460300 1.368590 202.822000 1037.330000 -13 387 1 0 1.000000
-18.460800 -9.162180 0 8.459910 -5.643990 230.295000 1037.360000 -13 388 1 0 1.000000
3.723970 -11.731300 0 -19.706500 9.882330 212.200000 1037.550000 -13 389 1 0 1.000000
0.242667 9.252780 0 -14.769400 -0.226192 195.196000 1037.130000 -13 390 1 0 1.000000
-20.261300 15.336800 0 3.791580 10.413500 211.374000 1037.140000 -13 391 1 0 1.000000
-7.398650 -0.192709 0 14.186300 -5.468100 193.948000 1037.390000 -13 392 1 0 1.000000
3.044410 -16.556900 0 -13.156000 -17.224100 202.393000 1037.100000 -13 393 1 0 1.000000
-2.317230 -3.255050 0 13.352800 -21.076500 199.446000 1037.360000 -13 394 1 0 1.000000
-0.451792 -13.993300 0 -8.724610 -1.655230 200.577000 1037.190000 -13 395 1 0 1.000000
7.908880 7.183690 0 12.891800 8.282110 217.618000 1037.110000 -13 396 1 0 1.000000
-6.347650 -3.556700 0 4.496910 0.910533 232.838000 1037.190000 -13 397 1 0 1.000000
-17.988700 -3.564500 0 1.821840 8.308610 203.714000 1037.170000 -13 398 1 0 1.000000
15.236000 4.356720 0 -18.265400 10.674100 212.938000 1037.260000 -13 399 1 0 1.000000
-2.015380 -10.578500 0 -1.627630 0.623251 203.976000 1037.510000 -13 400 1 0 1.000000
-0.025533 1.405600 0 -16.571000 -1.759620 231.142000 1037.250000 -13 401 1 0 1.000000
-6.306640 -8.274050 0 -22.078600 14.736800 226.731000 1037.190000 -13 402 1 0 1.000000
-4.707730 -6.824640 0 0.480510 2.250510 204.563000 1037.220000 -13 403 1 0 1.000000
-16.285700 -8.852240 0 -18.471800 -14.054600 196.336000 1037.290000 -13 404 1 0 1.000000
16.181400 -3.120520 0 5.540000 -14.196200 185.421000 1037.270000 -13 405 1 0 1.000000
-18.172100 -15.945800 0 19.874100 -2.299100 242.123000 1037.240000 -13 406 1 0 1.000000
0.337532 -2.129900 0 2.172750 -4.198930 213.641000 1037.470000 -13 407 1 0 1.000000
-5.997910 -2.218390 0 -9.261770 -25.398800 219.680000 1037.440000 -13 408 1 0 1.000000
-13.544100 -20.906100 0 -6.772310 1.758370 221.908000 1037.350000 -13 409 1 0 1.000000
-1.908540 -12.287900 0 -17.062700 9.205310 210.408000 1037.090000 -13 410 1 0 1.000000
-8.418770 -0.749532 0 27.812300 -6.164390 218.905000 1037.380000 -13 411 1 0 1.000000
-18.905100 -16.160400 0 15.479400 -10.620200 204.764000 1037.120000 -13 412 1 0 1.000000
-9.870800 -6.342820 0 -1.993740 -14.991000 194.469000 1037.110000 -13 413 1 0 1.000000
14.590300 -6.312070 0 1.921190 17.448800 209.605000 1037.080000 -13 414 1 0 1.000000
-4.833330 -16.097600 0 -12.206300 12.327900 221.774000 1037.280000 -13 415 1 0 1.000000
-1.434480 -16.072600 0 -6.137070 5.582720 221.238000 1037.080000 -13 416 1 0 1.000000
-3.169410 -11.285300 0 -15.022800 4.563580 204.429000 1037.080000 -13 417 1 0 1.000000
-0.222166 -13.630100 0 18.531300 -15.580300 203.076000 1037.280000 -13 418 1 0 1.000000
-2.656620 -6.652860 0 -21.279300 0.762018 218.669000 1037.210000 -13 419 1 0 1.000000
-9.447880 -14.942900 0 -17.683700 4.646880 210.105000 1037.310000 -13 420 1 0 1.000000
3.681390 -2.792290 0 11.071100 5.151610 196.143000 1037.290000 -13 421 1 0 1.000000
-12.498900 -7.647160 0 -4.955110 0.736390 207.021000 1037.170000 -13 422 1 0 1.000000
-4.229670 -16.211300 0 1.187800 -4.656230 200.918000 1037.300000 -13 423 1 0 1.000000
-15.999300 -1.798010 0 -7.891100 -12.136200 206.851000 1037.180000 -13 424 1 0 1.000000
-10.443100 -21.880700 0 -8.365310 12.295500 211.816000 1037.200000 -13 425 1 0 1.000000
0.048102 -5.091430 0 2.710510 -10.561900 210.400000 1037.290000 -13 426 1 0 1.000000
0.987757 -3.294210 0 -0.445602 13.758500 212.836000 1037.150000 -13 427 1 0 1.000000
-0.948622 -6.873740 0 -9.281930 -8.421770 213.553000 1037.460000 -13 428 1 0 1.000000
-9.557480 4.812910 0 -5.773470 7.078190 206.283000 1037.140000 -13 429 1 0 1.000000
-3.970210 -9.858240 0 3.433820 -7.786130 197.994000 1037.290000 -13 430 1 0 1.000000
-7.226330 -2.308730 0 -11.382000 5.482240 199.984000 1037.260000 -13 431 1 0 1.000000
-12.483200 -11.404900 0 -4.384960 -4.732360 219.784000 1037.250000 -13 432 1 0 1.000000
6.137970 6.956460 0 12.977200 -28.017600 190.194000 1037.250000 -13 433 1 0 1.000000
2.331870 -3.152520 0 28.104600 -16.138400 211.436000 1037.220000 -13 434 1 0 1.000000
-13.003500 -7.885690 0 -3.678820 7.144090 202.995000 1037.240000 -13 435 1 0 1.000000
2.777970 3.943110 0 5.248090 -7.711990 213.746000 1037.050000 -13 436 1 0 1.000000
8.799150 -10.638800 0 0.497404 -24.973600 215.300000 1037.250000 -13 437 1 0 1.000000
1.712930 -8.578350 0 -17.370300 -3.581680 205.463000 1037.310000 -13 438 1 0 1.000000
-15.950100 -6.284860 0 6.322960 0.701504 198.540000 1037.070000 -13 439 1 0 1.000000
-9.704270 -3.880360 0 -7.873540 -12.057700 215.603000 1037.120000 -13 440 1 0 1.000000
-6.013890 -0.346898 0 0.467452 -1.894290 211.254000 1037.190000 -13 441 1 0 1.000000
-8.954530 -3.751610 0 -1.383820 -7.921630 214.528000 1036.930000 -13 442 1 0 1.000000
-5.255900 -16.045300 0 -3.838900 25.727400 203.795000 1037.360000 -13 443 1 0 1.000000
-20.083300 -4.209230 0 -13.580000 -8.795250 204.238000 1037.150000 -13 444 1 0 1.000000
-1.040350 -20.029700 0 13.632900 25.383200 204.679000 1037.050000 -13 445 1 0 1.000000
1.514620 -9.949890 0 10.614400 18.697900 211.701000 1037.080000 -13 446 1 0 1.000000
-11.947800 -15.203500 0 15.739700 -2.938820 199.558000 1037.140000 -13 447 1 0 1.000000
-12.264000 5.175280 0 12.404000 -5.593550 205.565000 1037.190000 -13 448 1 0 1.000000
-9.517320 -15.758300 0 -18.793000 9.226250 214.144000 1037.190000 -13 449 1 0 1.000000
-10.186800 -0.770575 0 -8.798170 1.767330 214.334000 1037.280000 -13 450 1 0 1.000000
-11.276900 -19.093600 0 2.530980 -6.686570 215.310000 1037.080000 -13 451 1 0 1.000000
1.230200 2.351250 0 -1.775820 -4.648010 207.702000 1037.290000 -13 452 1 0 1.000000
5.130120 -5.095880 0 -8.645430 -8.617820 201.728000 1037.280000 -13 453 1 0 1.000000
-8.114390 -13.884400 0 8.809870 -11.944200 208.464000 1037.250000 -13 454 1 0 1.000000
-9.900830 -4.876360 0 2.814730 6.142880 196.607000 1037.240000 -13 455 1 0 1.000000
-2.554490 -11.737100 0 -16.067900 5.340230 204.319000 1037.220000 -13 456 1 0 1.000000
-8.057570 -0.240761 0 -5.039850 15.026400 219.839000 1037.490000 -13 457 1 0 1.000000
-0.215232 -10.747500 0 0.826719 7.248450 207.586000 1037.220000 -13 458 1 0 1.000000
6.323930 -17.159000 0 -17.206600 -2.080350 215.693000 1037.250000 -13 459 1 0 1.000000
-34.225400 11.419600 0 33.886100 10.684000 214.483000 1037.460000 -13 460 1 0 1.000000
-16.491700 -5.791030 0 6.581190 -6.838210 195.074000 1037.150000 -13 461 1 0 1.000000
16.238100 -11.648400 0 7.068860 -2.947340 207.723000 1037.090000 -13 462 1 0 1.000000
5.146190 -6.066350 0 7.909800 -4.710990 190.728000 1037.130000 -13 463 1 0 1.000000
9.599610 -7.984540 0 2.938070 0.095608 190.003000 1037.090000 -13 464 1 0 1.000000
-13.094600 2.022170 0 -9.801770 5.425030 199.505000 1037.320000 -13 465 1 0 1.000000
-4.756040 -11.210800 0 9.041040 -14.399000 207.004000 1037.410000 -13 466 1 0 1.000000
-8.951050 -15.585000 0 -14.124700 25.140300 205.071000 1037.350000 -13 467 1 0 1.000000
-10.273200 -21.071000 0 0.602392 -0.291264 208.752000 1037.070000 -13 468 1 0 1.000000
-4.416110 -0.951194 0 -0.098637 -0.768602 207.381000 1037.180000 -13 469 1 0 1.000000
-7.721620 2.686080 0 -10.122900 -3.120690 207.311000 1037.360000 -13 470 1 0 1.000000
1.835250 -12.901000 0 -8.183470 7.255670 214.302000 1037.310000 -13 471 1 0 1.000000
-6.406670 -8.734030 0 2.085880 -2.556120 197.694000 1037.220000 -13 472 1 0 1.000000
-13.384600 -5.224960 0 5.952080 1.330260 209.352000 1037.280000 -13 473 1 0 1.000000
-3.019790 -0.586965 0 8.460600 8.290740 207.719000 1037.170000 -13 474 1 0 1.000000
-1.406430 -16.010600 0 -6.957760 -10.894500 217.130000 1037.260000 -13 475 1 0 1.000000
-5.850130 13.104800 0 30.172900 0.522219 211.755000 1037.410000 -13 476 1 0 1.000000
-6.330800 -17.643300 0 6.799170 -2.907980 215.219000 1037.480000 -13 477 1 0 1.000000
-15.561900 -11.954800 0 -13.433300 12.508600 226.225000 1037.280000 -13 478 1 0 1.000000
-1.646140 -4.732060 0 -30.368300 -11.905100 225.958000 1037.260000 -13 479 1 0 1.000000
-7.923720 -17.404300 0 -20.949800 7.317720 206.949000 1037.100000 -13 480 1 0 1.000000
-13.296900 -7.894600 0 -15.062500 8.261660 213.396000 1036.970000 -13 481 1 0 1.000000
-5.251280 0.708337 0 -4.518690 -0.234812 206.883000 1036.960000 -13 482 1 0 1.000000
3.998580 12.404500 0 -6.837430 12.462600 203.114000 1037.250000 -13 483 1 0 1.000000
-2.800630 -18.793000 0 -7.017460 -12.123400 212.443000 1037.090000 -13 484 1 0 1.000000
-19.138700 -4.090900 0 -5.704770 4.099880 214.546000 1037.200000 -13 485 1 0 1.000000
-12.234000 -0.635105 0 14.513200 0.379898 220.062000 1037.110000 -13 486 1 0 1.000000
-17.177100 -3.868830 0 41.379100 4.505650 200.757000 1037.360000 -13 487 1 0 1.000000
-5.890140 -10.832500 0 13.521700 0.747622 218.667000 1037.300000 -13 488 1 0 1.000000
-0.671814 -6.775220 0 -16.728300 5.206340 209.493000 1037.270000 -13 489 1 0 1.000000
-4.210620 -7.731200 0 8.220300 1.837560 213.774000 1037.050000 -13 490 1 0 1.000000
-12.759800 0.228641 0 31.154200 8.649810 208.456000 1037.160000 -13 491 1 0 1.000000
-9.317950 -6.480920 0 -5.473370 0.194231 199.627000 1037.330000 -13 492 1 0 1.000000
-6.419730 -15.604900 0 17.364200 2.146770 211.830000 1037.320000 -13 493 1 0 1.000000
-16.472500 -10.168000 0 3.198680 11.351700 214.622000 1037.500000 -13 494 1 0 1.000000
-12.332100 -0.829318 0 4.916650 0.313115 210.779000 1037.390000 -13 495 1 0 1.000000
-9.277790 -4.709660 0 16.632000 -0.900871 200.211000 1037.200000 -13 496 1 0 1.000000
-6.356830 -4.337240 0 4.838910 4.843410 207.148000 1037.270000 -13 497 1 0 1.000000
-10.697300 -8.415080 0 -13.957900 18.505000 212.749000 1037.430000 -13 498 1 0 1.000000
-1.486410 7.193210 0 7.026990 -14.683500 233.289000 1037.320000 -13 499 1 0 1.000000
14.201200 -4.968600 0 -4.796790 10.645300 199.391000 1037.230000 -13 500 1 0 1.000000
-3.710170 11.627100 0 12.443500 -14.699300 199.206000 1037.310000 -13 501 1 0 1.000000
-16.897800 -6.021510 0 2.500960 -11.525300 209.860000 1037.450000 -13 502 1 0 1.000000
-12.052400 -21.154500 0 -2.509670 1.469640 202.565000 1037.010000 -13 503 1 0 1.000000
-10.093000 -2.895660 0 -5.419090 4.093770 198.424000 1037.330000 -13 504 1 0 1.000000
-13.989200 -3.690380 0 -1.382500 15.412800 205.238000 1037.020000 -13 505 1 0 1.000000
-4.324440 -13.936300 0 -2.303740 -0.993127 192.400000 1037.270000 -13 506 1 0 1.000000
-10.658800 -17.715700 0 -6.027390 -9.903230 211.603000 1037.040000 -13 507 1 0 1.000000
-10.074700 -8.554650 0 5.397010 3.410100 207.001000 1037.380000 -13 508 1 0 1.000000
-0.358029 -1.038430 0 -1.292030 -10.942800 195.952000 1037.450000 -13 509 1 0 1.000000
-5.668320 3.380900 0 -15.708300 6.651350 205.041000 1037.180000 -13 510 1 0 1.000000
-10.142600 -14.004800 0 17.248400 3.713270 197.219000 1037.110000 -13 511 1 0 1.000000
-7.312640 0.776230 0 13.086300 -4.021610 214.655000 1037.190000 -13 512 1 0 1.000000
-3.985410 -6.826070 0 28.246200 2.398640 205.359000 1037.420000 -13 513 1 0 1.000000
-3.228590 5.004210 0 -7.980460 11.669800 207.754000 1037.120000 -13 514 1 0 1.000000
-10.183400 -7.061260 0 -0.771999 13.411500 217.024000 1037.260000 -13 515 1 0 1.000000
-7.905920 11.703700 0 9.332790 0.050222 199.773000 1037.200000 -13 516 1 0 1.000000
-13.395900 -15.982700 0 4.869050 1.245880 210.329000 1037.220000 -13 517 1 0 1.000000
-1.967670 -22.343600 0 -11.979200 -6.877100 215.208000 1037.180000 -13 518 1 0 1.000000
-2.426120 -8.994660 0 6.426460 0.496291 210.299000 1037.390000 -13 519 1 0 1.000000
-5.282500 -15.206400 0 -7.194560 0.318032 199.070000 1037.260000 -13 520 1 0 1.000000
1.083020 -9.228810 0 4.557800 -11.507700 204.629000 1037.200000 -13 521 1 0 1.000000
-10.896900 -15.557700 0 -6.975920 -5.145110 206.985000 1037.380000 -13 522 1 0 1.000000
-13.489200 -5.738000 0 -1.612540 7.093680 211.031000 1037.120000 -13 523 1 0 1.000000
-19.517500 -1.534660 0 15.390000 -10.722600 216.653000 1037.020000 -13 524 1 0 1.000000
-7.062860 -10.166700 0 1.593700 5.048740 209.101000 1037.130000 -13 525 1 0 1.000000
-6.288960 -4.139260 0 -21.253700 9.841720 218.514000 1037.520000 -13 526 1 0 1.000000
-3.517210 -1.395540 0 2.065020 -7.390010 192.499000 1037.080000 -13 527 1 0 1.000000
-10.568200 -6.091560 0 -14.352800 -11.550000 225.774000 1037.210000 -13 528 1 0 1.000000
-8.348570 -7.878000 0 10.951000 -18.575800 202.955000 1037.350000 -13 529 1 0 1.000000
4.002330 -10.239900 0 -4.412260 -5.748160 197.549000 1037.160000 -13 530 1 0 1.000000
2.876920 10.248700 0 11.943000 -6.217460 211.241000 1037.120000 -13 531 1 0 1.000000
-21.834700 -21.795300 0 17.386900 2.973400 216.667000 1037.450000 -13 532 1 0 1.000000
0.843548 -13.663000 0 3.376210 -15.628100 218.868000 1037.330000 -13 533 1 0 1.000000
-3.854400 8.610370 0 -5.540630 -1.136840 208.846000 1037.160000 -13 534 1 0 1.000000
-11.927900 -3.406390 0 -10.907400 -0.329245 207.713000 1037.140000 -13 535 1 0 1.000000
0.069902 -0.186657 0 12.309400 -13.520500 191.783000 1037.110000 -13 536 1 0 1.000000
-14.101300 -5.131390 0 -12.583600 -9.506380 209.629000 1037.240000 -13 537 1 0 1.000000
-9.097170 -13.729500 0 -10.330900 -15.615900 200.843000 1037.340000 -13 538 1 0 1.000000
-4.577240 0.204411 0 -9.959490 -1.348060 216.802000 1037.310000 -13 539 1 0 1.000000
-24.623200 7.883740 0 9.435410 -21.895600 207.041000 1037.290000 -13 540 1 0 1.000000
-0.562512 -10.134800 0 4.168030 -0.280172 207.464000 1037.490000 -13 541 1 0 1.000000
-8.320570 -7.750400 0 -13.250600 -3.721500 202.584000 1037.430000 -13 542 1 0 1.000000
-3.879510 -1.539840 0 32.285300 8.609300 194.609000 1037.430000 -13 543 1 0 1.000000
-27.446800 -14.276100 0 -4.344840 6.205280 222.615000 1037.240000 -13 544 1 0 1.000000
8.709060 -12.476500 0 -14.788200 -18.307600 225.694000 1037.240000 -13 545 1 0 1.000000
-7.734150 -17.300200 0 -11.553000 -5.051980 213.114000 1037.040000 -13 546 1 0 1.000000
1.421220 6.601840 0 -1.428680 -3.576990 216.077000 1037.150000 -13 547 1 0 1.000000
12.628900 -8.796490 0 -22.854700 -15.378000 176.421000 1037.410000 -13 548 1 0 1.000000
-15.630000 -10.944000 0 -9.656390 -0.074014 183.348000 1037.120000 -13 549 1 0 1.000000
-16.333100 -2.449920 0 18.569400 -5.451960 230.157000 1037.220000 -13 550 1 0 1.000000
-16.869800 -6.183310 0 -29.546400 22.195500 231.880000 1037.160000 -13 551 1 0 1.000000
-26.058800 -5.660650 0 7.697740 13.489700 226.261000 1037.460000 -13 552 1 0 1.000000
-7.064860 -8.943940 0 -7.469960 2.360180 205.425000 1037.270000 -13 553 1 0 1.000000
-4.721080 -2.523050 0 -9.155600 -6.099710 200.967000 1037.220000 -13 554 1 0 1.000000
8.928960 -9.964080 0 -7.258840 -20.911500 205.150000 1037.110000 -13 555 1 0 1.000000
-12.891000 -7.086960 0 -4.988390 23.278400 205.555000 1037.480000 -13 556 1 0 1.000000
-4.458160 -11.917200 0 4.695480 -8.594570 209.508000 1036.970000 -13 557 1 0 1.000000
-9.810340 -14.684000 0 -13.754600 1.129810 210.392000 1037.090000 -13 558 1 0 1.000000
-11.554600 -3.500370 0 1.166510 13.580300 210.249000 1037.160000 -13 559 1 0 1.000000
22.845900 -0.260020 0 -11.012100 -5.915960 199.994000 1037.110000 -13 560 1 0 1.000000
-10.140300 17.622600 0 25.448600 -9.834910 212.120000 1037.150000 -13 561 1 0 1.000000
10.698700 -1.885800 0 31.006200 14.955700 215.602000 1037.080000 -13 562 1 0 1.000000
-16.644500 -5.511030 0 4.008570 -14.394400 205.684000 1037.400000 -13 563 1 0 1.000000
-10.780400 -8.718140 0 -1.488020 -21.422600 191.713000 1037.270000 -13 564 1 0 1.000000
-20.899300 -5.625910 0 4.957590 20.078200 219.640000 1037.360000 -13 565 1 0 1.000000
-6.548950 9.642490 0 18.575800 -12.534400 206.508000 1037.380000 -13 566 1 0 1.000000
3.944360 -5.460550 0 -3.171660 -11.496300 214.042000 1037.310000 -13 567 1 0 1.000000
-6.459720 6.881440 0 13.640600 10.551400 219.131000 1037.470000 -13 568 1 0 1.000000
-11.773300 -10.371300 0 -14.106800 -18.257800 199.463000 1037.300000 -13 569 1 0 1.000000
-5.629830 1.298100 0 9.086580 -15.490000 203.752000 1037.150000 -13 570 1 0 1.000000
5.945300 19.857800 0 1.089360 11.792100 188.909000 1037.190000 -13 571 1 0 1.000000
-17.200900 -6.994750 0 -0.134497 -18.492300 207.132000 1037.340000 -13 572 1 0 1.000000
6.953380 -9.283380 0 -4.297830 -1.970090 208.369000 1037.030000 -13 573 1 0 1.000000
-4.468530 -6.354790 0 4.517740 -7.102670 204.178000 1037.490000 -13 574 1 0 1.000000
-6.240870 -6.265830 0 -2.695050 -13.712500 194.770000 1037.180000 -13 575 1 0 1.000000
0.933391 -9.523130 0 9.185800 10.988200 215.756000 1037.280000 -13 576 1 0 1.000000
-14.674700 -12.534500 0 -24.937200 0.595701 226.284000 1037.130000 -13 577 1 0 1.000000
11.274000 -9.358750 0 13.467300 -2.221040 203.179000 1037.260000 -13 578 1 0 1.000000
0.876012 -0.785402 0 -14.252200 -12.578100 206.232000 1037.210000 -13 579 1 0 1.000000
-8.674260 -2.577100 0 6.082910 0.380348 220.474000 1037.230000 -13 580 1 0 1.000000
18.091200 1.183660 0 -14.168400 -0.766870 201.865000 1037.390000 -13 581 1 0 1.000000
-2.169220 13.653700 0 7.195850 2.267950 218.181000 1037.330000 -13 582 1 0 1.000000
-14.012600 -3.844520 0 17.637600 8.941250 197.462000 1037.210000 -13 583 1 0 1.000000
-0.246291 -14.823600 0 12.951000 -14.483500 199.242000 1037.080000 -13 584 1 0 1.000000
-9.787670 5.233930 0 -3.336940 3.815460 205.853000 1037.230000 -13 585 1 0 1.000000
-2.860960 -19.006100 0 8.723790 -0.140474 211.313000 1037.210000 -13 586 1 0 1.000000
-4.390840 5.634950 0 -9.559940 10.585800 221.939000 1037.280000 -13 587 1 0 1.000000
-0.027016 -8.536850 0 5.284990 5.275650 207.636000 1037.270000 -13 588 1 0 1.000000
-6.723670 -21.256700 0 1.400140 -3.606670 216.485000 1037.200000 -13 589 1 0 1.000000
-7.257250 0.273117 0 -20.815400 -7.157480 213.764000 1037.440000 -13 590 1 0 1.000000
-5.150480 -3.761380 0 -18.488600 27.190700 204.552000 1037.370000 -13 591 1 0 1.000000
-10.239700 -2.193340 0 -6.097350 -7.853010 212.345000 1037.250000 -13 592 1 0 1.000000
-14.366400 -21.466600 0 9.639180 -1.078030 216.320000 1037.310000 -13 593 1 0 1.000000
-10.297500 -3.584590 0 12.814600 -13.190300 198.630000 1037.520000 -13 594 1 0 1.000000
-2.437200 0.386564 0 19.383600 -8.340540 214.289000 1037.330000 -13 595 1 0 1.000000
-16.151900 -8.178820 0 -29.486100 -19.352700 209.748000 1037.460000 -13 596 1 0 1.000000
-18.165200 8.330700 0 -13.296100 2.721520 223.652000 1037.180000 -13 597 1 0 1.000000
4.055320 -12.617400 0 -6.758660 2.726960 209.577000 1037.250000 -13 598 1 0 1.000000
-3.100980 -1.487070 0 10.843000 6.148480 206.112000 1037.210000 -13 599 1 0 1.000000
-13.359800 -2.812810 0 1.102150 -0.287789 219.581000 1037.310000 -13 600 1 0 1.000000
-11.268100 -8.493020 0 8.502240 2.460740 214.376000 1037.270000 -13 601 1 0 1.000000
3.765840 2.740960 0 22.909000 8.996920 222.376000 1037.200000 -13 602 1 0 1.000000
-13.225500 -17.725100 0 -8.222010 -10.751400 211.512000 1037.230000 -13 603 1 0 1.000000
-20.585100 10.376500 0 40.639700 2.094230 203.090000 1037.170000 -13 604 1 0 1.000000
2.524960 -8.181390 0 -4.425870 -1.235340 208.745000 1037.090000 -13 605 1 0 1.000000
11.789600 -4.504460 0 -7.846390 -5.558150 186.990000 1037.250000 -13 606 1 0 1.000000
-12.159600 -11.888600 0 12.251300 -6.352030 208.675000 1037.350000 -13 607 1 0 1.000000
-15.521100 -8.946170 0 12.325800 -5.787740 201.377000 1037.290000 -13 608 1 0 1.000000
-18.185300 -4.007750 0 -1.322190 -16.858600 206.096000 1037.220000 -13 609 1 0 1.000000
-20.341500 4.877280 0 -1.722320 1.546460 199.002000 1037.220000 -13 610 1 0 1.000000
-1.111660 -9.921360 0 -5.678280 -12.244100 218.986000 1037.230000 -13 611 1 0 1.000000
-18.689500 -0.282142 0 -1.374310 -32.360600 213.589000 1037.430000 -13 612 1 0 1.000000
-3.838570 -12.325100 0 -12.161100 -5.324830 195.307000 1036.990000 -13 613 1 0 1.000000
-4.963720 -5.575780 0 7.019640 -5.993430 198.296000 1037.330000 -13 614 1 0 1.000000
13.042000 10.050300 0 16.991900 -6.169830 215.040000 1037.180000 -13 615 1 0 1.000000
-3.687830 2.268040 0 4.658520 6.350530 203.522000 1037.160000 -13 616 1 0 1.000000
3.910280 -1.571050 0 7.429220 1.182030 218.192000 1037.040000 -13 617 1 0 1.000000
-7.570810 3.209680 0 3.482020 -3.752930 193.167000 1037.130000 -13 618 1 0 1.000000
-5.481960 6.259540 0 -9.123470 -11.577900 214.590000 1037.270000 -13 619 1 0 1.000000
-4.838070 -14.046900 0 -1.195800 -8.224080 207.799000 1037.170000 -13 620 1 0 1.000000
-1.882640 -9.673810 0 -2.155780 7.531700 195.142000 1037.200000 -13 621 1 0 1.000000
3.832740 -24.897000 0 -8.850930 0.457466 200.972000 1037.330000 -13 622 1 0 1.000000
-8.438510 -2.297320 0 8.481560 25.763400 202.133000 1037.060000 -13 623 1 0 1.000000
-16.069600 1.991900 0 9.741070 -0.352339 217.723000 1037.170000 -13 624 1 0 1.000000
-16.323800 -16.461600 0 1.198200 3.898000 204.900000 1037.140000 -13 625 1 0 1.000000
0.603775 -12.671000 0 -1.252200 5.086300 205.850000 1037.270000 -13 626 1 0 1.000000
-13.162600 1.827660 0 26.226400 -12.055400 206.341000 1037.460000 -13 627 1 0 1.000000
-6.598110 -14.026900 0 13.197100 -2.787070 224.526000 1037.170000 -13 628 1 0 1.000000
15.554000 -15.885700 0 -32.363200 -10.742600 206.781000 1037.220000 -13 629 1 0 1.000000
-12.470100 -0.018269 0 6.357760 13.147400 189.992000 1037.350000 -13 630 1 0 1.000000
6.585770 -2.064760 0 12.550900 -14.939300 215.038000 1037.090000 -13 631 1 0 1.000000
-3.874260 -12.918200 0 -12.402300 1.924940 236.171000 1037.220000 -13 632 1 0 1.000000
-6.739010 -8.657820 0 -1.455800 0.868579 190.548000 1037.230000 -13 633 1 0 1.000000
-4.721870 -10.780000 0 19.567200 2.336860 210.722000 1037.220000 -13 634 1 0 1.000000
19.999200 -9.123280 0 16.752900 -23.536900 226.800000 1037.130000 -13 635 1 0 1.000000
1.019650 3.083020 0 -0.348955 -1.108020 208.605000 1037.300000 -13 636 1 0 1.000000
-9.640890 -4.079700 0 -2.535880 -2.346180 227.323000 1037.450000 -13 637 1 0 1.000000
-7.765890 -4.843430 0 -9.202200 6.877620 220.827000 1037.280000 -13 638 1 0 1.000000
-11.773300 -14.715700 0 -16.058700 -3.131790 198.983000 1037.200000 -13 639 1 0 1.000000
-3.957040 -5.593040 0 -9.509240 -6.323170 190.641000 1037.160000 -13 640 1 0 1.000000
-15.242000 -6.599220 0 14.085900 6.632380 210.579000 1037.380000 -13 641 1 0 1.000000
-5.709440 -1.333230 0 -3.308810 12.610800 210.730000 1037.280000 -13 642 1 0 1.000000
-2.116590 -1.292560 0 -18.594300 9.493790 215.145000 1037.380000 -13 643 1 0 1.000000
-10.577000 -23.804200 0 -15.000600 7.426820 223.521000 1037.360000 -13 644 1 0 1.000000
-12.561800 -11.997200 0 8.565520 -7.664450 206.024000 1037.130000 -13 645 1 0 1.000000
-4.078250 -4.255470 0 0.306574 -1.570820 207.384000 1037.520000 -13 646 1 0 1.000000
-11.656100 -13.472100 0 -1.092710 -11.151700 209.478000 1037.260000 -13 647 1 0 1.000000
-3.147620 -0.488121 0 -8.612380 -4.879970 214.066000 1037.490000 -13 648 1 0 1.000000
-4.456260 -26.146000 0 -7.205640 8.903160 217.597000 1037.360000 -13 649 1 0 1.000000
1.369770 -2.275480 0 3.056090 -12.311600 212.701000 1037.210000 -13 650 1 0 1.000000
-8.901500 -13.675300 0 -4.236970 15.555700 210.249000 1037.230000 -13 651 1 0 1.000000
-17.850600 -2.584380 0 13.704400 -3.636670 204.532000 1037.150000 -13 652 1 0 1.000000
-11.690300 -16.688400 0 -18.980200 20.379200 212.373000 1037.410000 -13 653 1 0 1.000000
-1.656490 -11.200200 0 11.934800 -27.753200 217.973000 1037.330000 -13 654 1 0 1.000000
1.884160 -6.114140 0 -16.465400 10.724000 195.598000 1037.270000 -13 655 1 0 1.000000
1.060790 -24.161100 0 -25.323000 14.255300 208.368000 1037.220000 -13 656 1 0 1.000000
-2.637700 -1.863020 0 6.934170 9.777510 216.726000 1037.310000 -13 657 1 0 1.000000
-14.515200 -8.809930 0 -2.310950 -30.986100 238.652000 1037.290000 -13 658 1 0 1.000000
-3.927460 -7.556970 0 4.414910 2.241270 214.960000 1037.060000 -13 659 1 0 1.000000
-4.185860 -11.099000 0 -12.941200 -4.504710 207.348000 1037.380000 -13 660 1 0 1.000000
-9.121020 -2.018720 0 20.934500 16.111200 211.454000 1037.170000 -13 661 1 0 1.000000
5.102740 -0.010482 0 -5.599040 0.211661 212.230000 1037.280000 -13 662 1 0 1.000000
-7.535490 -19.406100 0 -6.186820 9.191930 202.939000 1037.300000 -13 663 1 0 1.000000
-8.529870 -6.554140 0 -6.097620 -10.474800 224.676000 1037.200000 -13 664 1 0 1.000000
-14.001700 1.443950 0 13.192400 -13.057500 234.591000 1037.310000 -13 665 1 0 1.000000
-18.098300 -10.999500 0 -5.893820 0.708597 203.893000 1037.180000 -13 666 1 0 1.000000
-9.014810 1.640460 0 12.905800 -18.211600 204.679000 1037.390000 -13 667 1 0 1.000000
-27.408600 -2.822840 0 8.961640 2.756990 202.290000 1037.250000 -13 668 1 0 1.000000
8.573150 -7.056020 0 -8.296920 21.424400 202.542000 1037.360000 -13 669 1 0 1.000000
-16.600500 -1.934300 0 20.215900 5.217710 198.274000 1037.310000 -13 670 1 0 1.000000
4.034780 -1.648920 0 -4.754520 -8.933130 212.680000 1037.110000 -13 671 1 0 1.000000
3.384240 -20.001700 0 -14.485200 2.885340 212.107000 1037.180000 -13 672 1 0 1.000000
-13.063500 -7.653200 0 -17.644300 -13.373300 200.528000 1037.220000 -13 673 1 0 1.000000
-8.726530 -12.015700 0 -13.535000 -9.599980 222.460000 1037.030000 -13 674 1 0 1.000000
5.538420 7.970990 0 -10.218800 2.405010 211.705000 1037.110000 -13 675 1 0 1.000000
-3.430480 -12.238900 0 -18.555200 1.852380 209.573000 1037.360000 -13 676 1 0 1.000000
-13.628900 -0.104845 0 -4.961800 1.301050 221.398000 1037.260000 -13 677 1 0 1.000000
-12.653600 1.683970 0 -10.902400 25.102100 215.477000 1037.280000 -13 678 1 0 1.000000
-10.928300 -3.227160 0 -3.861950 11.130300 211.082000 1037.350000 -13 679 1 0 1.000000
-8.557350 -10.185000 0 -7.414870 4.646100 202.673000 1037.180000 -13 680 1 0 1.000000
-5.218010 -18.441400 0 -14.535500 16.110500 226.314000 1037.340000 -13 681 1 0 1.000000
-10.538500 -5.002450 0 -8.014040 1.336120 213.253000 1037.150000 -13 682 1 0 1.000000
-13.346000 -1.960890 0 28.993000 0.874156 211.395000 1037.520000 -13 683 1 0 1.000000
9.281250 -1.381070 0 -7.060490 8.966270 214.523000 1037.260000 -13 684 1 0 1.000000
-10.381000 -0.019809 0 2.607420 0.811215 219.283000 1036.980000 -13 685 1 0 1.000000
-14.853600 -8.997180 0 5.337510 15.359500 208.516000 1037.530000 -13 686 1 0 1.000000
-15.780300 -6.101420 0 -1.658520 -8.265970 212.797000 1037.260000 -13 687 1 0 1.000000
5.824390 -7.829680 0 14.466000 8.779440 203.872000 1037.210000 -13 688 1 0 1.000000
9.820480 0.661865 0 -18.875800 0.046557 236.238000 1037.220000 -13 689 1 0 1.000000
-13.377800 -1.538460 0 -8.279220 -6.389500 210.734000 1037.100000 -13 690 1 0 1.000000
-14.056100 -0.339547 0 -4.897080 -1.506280 213.068000 1037.270000 -13 691 1 0 1.000000
-15.389300 -14.934800 0 -12.238700 0.648282 211.311000 1037.370000 -13 692 1 0 1.000000
-6.647060 7.749990 0 24.325600 3.524580 202.404000 1037.170000 -13 693 1 0 1.000000
-18.624700 -7.896530 0 -2.109830 -2.881400 214.163000 1037.370000 -13 694 1 0 1.000000
-23.860900 -12.854300 0 -18.743100 -5.824790 201.095000 1037.180000 -13 695 1 0 1.000000
-4.956580 -4.539210 0 -17.928800 -3.977110 197.738000 1037.150000 -13 696 1 0 1.000000
-9.623340 -12.201300 0 -12.255100 -5.121890 214.665000 1037.070000 -13 697 1 0 1.000000
-12.118700 -5.166000 0 6.136530 14.471200 215.784000 1037.030000 -13 698 1 0 1.000000
-5.806730 -10.545100 0 -12.241800 -5.515400 221.038000 1037.330000 -13 699 1 0 1.000000
-1.726400 2.049220 0 13.209300 -27.356300 220.319000 1037.060000 -13 700 1 0 1.000000
-1.874970 -9.537560 0 10.942400 -22.368800 221.860000 1037.160000 -13 701 1 0 1.000000
-16.109200 -9.723200 0 -17.346600 10.641100 207.512000 1037.240000 -13 702 1 0 1.000000
-8.350470 -13.516400 0 -12.226200 14.772100 222.139000 1037.310000 -13 703 1 0 1.000000
-8.371540 -4.878840 0 -20.021500 17.079600 199.342000 1037.220000 -13 704 1 0 1.000000
-17.209700 -12.712500 0 12.013100 18.008100 205.955000 1037.390000 -13 705 1 0 1.000000
-31.976900 -5.284360 0 17.304900 11.202700 211.203000 1037.460000 -13 706 1 0 1.000000
-8.984450 -4.174320 0 -1.937370 -22.562400 235.582000 1037.280000 -13 707 1 0 1.000000
-9.191790 -4.460400 0 -18.180100 -4.297360 217.199000 1037.000000 -13 708 1 0 1.000000
2.413480 -1.896850 0 -3.606850 2.532810 202.866000 1037.300000 -13 709 1 0 1.000000
-15.188300 -17.890800 0 -0.047896 -10.609700 198.429000 1037.350000 -13 710 1 0 1.000000
-9.496940 -0.567491 0 10.493600 -5.164580 212.982000 1037.190000 -13 711 1 0 1.000000
0.661391 -14.168700 0 -7.262150 -21.616800 222.153000 1037.060000 -13 712 1 0 1.000000
1.712390 -8.423800 0 -35.448900 17.842600 211.884000 1037.180000 -13 713 1 0 1.000000
-5.377360 4.747240 0 13.876500 -8.083550 201.153000 1037.360000 -13 714 1 0 1.000000
-25.465700 -21.923700 0 -2.227150 -18.762400 235.921000 1037.310000 -13 715 1 0 1.000000
-6.401600 2.578470 0 2.465730 -12.271100 198.644000 1037.300000 -13 716 1 0 1.000000
-7.174400 0.193926 0 9.414200 -10.001300 200.176000 1037.430000 -13 717 1 0 1.000000
-12.595000 -5.315250 0 -3.278590 -3.686120 212.913000 1037.340000 -13 718 1 0 1.000000
-5.775390 -13.300100 0 3.580050 -4.559170 202.534000 1037.460000 -13 719 1 0 1.000000
-2.873660 -4.017240 0 -14.619700 -8.828780 214.813000 1037.210000 -13 720 1 0 1.000000
2.506060 -15.981100 0 -5.841320 12.825100 208.313000 1037.320000 -13 721 1 0 1.000000
-27.604600 -10.937300 0 -4.022280 -3.765610 202.761000 1037.350000 -13 722 1 0 1.000000
-7.003350 -13.407700 0 12.532600 17.300500 206.546000 1037.350000 -13 723 1 0 1.000000
-3.015360 -5.019580 0 -11.235800 -19.398600 203.517000 1037.220000 -13 724 1 0 1.000000
-7.144680 -14.389300 0 3.663250 -10.575900 203.082000 1037.090000 -13 725 1 0 1.000000
-6.085110 -6.855950 0 -18.979000 21.909000 203.396000 1037.110000 -13 726 1 0 1.000000
4.657280 9.258400 0 -8.477740 10.193600 219.371000 1037.310000 -13 727 1 0 1.000000
-11.370700 -10.079200 0 -4.282200 7.644430 199.858000 1037.240000 -13 728 1 0 1.000000
-3.082590 1.819960 0 12.571600 10.875400 212.337000 1037.520000 -13 729 1 0 1.000000
0.339112 -7.480650 0 -7.304530 -3.752600 219.003000 1037.250000 -13 730 1 0 1.000000
-19.548300 -12.517600 0 -1.648180 25.076400 219.279000 1037.080000 -13 731 1 0 1.000000
-14.629800 -10.238000 0 -3.964290 2.651050 200.475000 1037.150000 -13 732 1 0 1.000000
-8.305180 19.902900 0 -3.756920 9.346640 214.555000 1037.340000 -13 733 1 0 1.000000
-24.020100 -12.511400 0 19.376000 -16.960500 223.183000 1037.080000 -13 734 1 0 1.000000
-5.424080 1.637120 0 8.379420 -7.138140 207.298000 1037.250000 -13 735 1 0 1.000000
21.160900 -16.925400 0 -1.583120 -15.556000 241.691000 1037.510000 -13 736 1 0 1.000000
-6.849400 -3.135230 0 2.978490 -1.423290 199.838000 1037.420000 -13 737 1 0 1.000000
1.826860 -3.149580 0 -10.105800 8.075740 200.872000 1037.080000 -13 738 1 0 1.000000
-12.976300 -3.390110 0 27.074200 -2.902160 209.299000 1037.520000 -13 739 1 0 1.000000
3.735030 -9.398220 0 -24.614400 -2.782680 222.520000 1037.160000 -13 740 1 0 1.000000
-5.820220 -7.687660 0 -5.598810 -12.687000 205.456000 1037.380000 -13 741 1 0 1.000000
-4.793740 3.228450 0 -2.546840 -12.621400 202.156000 1037.240000 -13 742 1 0 1.000000
-11.739600 -11.282700 0 -4.246130 -3.416130 199.754000 1037.380000 -13 743 1 0 1.000000
-20.128100 -4.522070 0 7.601670 13.486400 202.087000 1037.430000 -13 744 1 0 1.000000
3.803090 -19.940300 0 -7.720760 -22.576300 207.978000 1037.470000 -13 745 1 0 1.000000
-7.703500 2.073980 0 -4.591980 1.726230 218.294000 1037.220000 -13 746 1 0 1.000000
5.575620 -7.634340 0 -12.048500 -4.908260 217.352000 1037.280000 -13 747 1 0 1.000000
-4.683780 -1.314580 0 -6.325530 -0.103676 188.957000 1037.290000 -13 748 1 0 1.000000
-2.434360 -22.880300 0 -17.936000 -3.253180 195.455000 1037.300000 -13 749 1 0 1.000000
-0.650646 -8.215850 0 -12.605200 -0.559875 191.010000 1037.240000 -13 750 1 0 1.000000
-15.856400 -4.405130 0 2.422420 -10.912700 194.920000 1037.300000 -13 751 1 0 1.000000
-12.326300 7.783480 0 3.772320 -20.573000 220.874000 1037.280000 -13 752 1 0 1.000000
2.295170 -8.459620 0 -21.984800 -18.030800 208.905000 1037.180000 -13 753 1 0 1.000000
-1.291020 -11.837000 0 6.095900 1.053090 204.216000 1037.390000 -13 754 1 0 1.000000
-14.321300 -11.685000 0 -5.242380 -13.495400 198.235000 1037.370000 -13 755 1 0 1.000000
-14.320900 -1.356210 0 7.752020 -7.327150 206.355000 1037.290000 -13 756 1 0 1.000000
0.183752 -0.988281 0 5.066630 -10.054600 207.416000 1037.160000 -13 757 1 0 1.000000
-8.976880 -2.262590 0 -0.787790 -11.125500 187.505000 1037.290000 -13 758 1 0 1.000000
-14.726600 -13.093700 0 3.442170 6.718780 203.991000 1037.140000 -13 759 1 0 1.000000
-13.272000 -0.611333 0 -3.240760 1.110070 204.827000 1037.650000 -13 760 1 0 1.000000
-7.297920 -9.337800 0 -5.446320 -7.235980 210.184000 1036.950000 -13 761 1 0 1.000000
17.007400 -14.760800 0 10.812500 -4.390350 211.560000 1037.000000 -13 762 1 0 1.000000
3.549640 9.284460 0 -5.639870 -13.488800 221.645000 1037.300000 -13 763 1 0 1.000000
-11.440700 7.514040 0 8.767520 8.469470 203.168000 1037.250000 -13 764 1 0 1.000000
2.197270 -9.234250 0 -3.498850 18.471500 211.767000 1037.320000 -13 765 1 0 1.000000
-8.173170 -7.963640 0 -0.541166 5.178050 209.553000 1037.250000 -13 766 1 0 1.000000
8.354390 -11.421300 0 8.837620 1.112810 199.500000 1037.090000 -13 767 1 0 1.000000
-1.395270 -0.505193 0 5.134770 -14.310700 223.526000 1037.100000 -13 768 1 0 1.000000
-21.354400 -9.398060 0 8.637680 12.722200 210.299000 1037.370000 -13 769 1 0 1.000000
-9.585900 -13.800900 0 0.543772 9.005870 206.668000 1037.150000 -13 770 1 0 1.000000
-8.212400 -1.848450 0 6.888510 -3.687610 215.560000 1037.290000 -13 771 1 0 1.000000
1.164980 4.718670 0 12.337400 -10.349300 220.364000 1037.060000 -13 772 1 0 1.000000
-8.084310 -13.439300 0 -3.145160 4.238470 216.006000 1037.350000 -13 773 1 0 1.000000
-31.661900 -9.208590 0 -4.447490 4.276670 226.385000 1037.450000 -13 774 1 0 1.000000
-9.036760 -6.792970 0 -17.282200 11.599300 201.867000 1037.320000 -13 775 1 0 1.000000
0.092848 -22.669300 0 -3.286950 15.018800 207.864000 1037.340000 -13 776 1 0 1.000000
-6.723370 -4.626440 0 9.028710 -6.982890 211.272000 1037.300000 -13 777 1 0 1.000000
-5.192390 -4.901170 0 -0.631068 10.521800 202.720000 1037.310000 -13 778 1 0 1.000000
-8.072360 5.057490 0 -6.504950 7.043800 213.887000 1037.460000 -13 779 1 0 1.000000
-9.380510 -12.533800 0 -1.635910 19.933400 207.588000 1037.250000 -13 780 1 0 1.000000
-6.102710 -18.343100 0 31.021100 3.526780 215.457000 1037.130000 -13 781 1 0 1.000000
-1.125380 -23.967700 0 7.774530 27.987900 220.712000 1037.300000 -13 782 1 0 1.000000
8.846430 1.217940 0 -1.699260 -8.287080 222.850000 1037.130000 -13 783 1 0 1.000000
3.473600 -13.261200 0 23.840300 -23.691900 209.381000 1037.030000 -13 784 1 0 1.000000
-16.206700 -5.985900 0 7.394040 15.952000 205.671000 1037.180000 -13 785 1 0 1.000000
-1.125010 -8.793730 0 -2.231040 -3.629730 202.482000 1037.220000 -13 786 1 0 1.000000
-6.015790 1.351640 0 -7.565450 1.066690 206.498000 1037.370000 -13 787 1 0 1.000000
-7.014170 -7.305670 0 -9.685600 4.878280 199.435000 1037.340000 -13 788 1 0 1.000000
-2.098730 -8.808250 0 -13.472300 -7.968840 206.372000 1037.330000 -13 789 1 0 1.000000
-3.786630 -11.337200 0 -0.589839 -4.569480 208.775000 1037.150000 -13 790 1 0 1.000000
-9.607860 -3.359400 0 5.244500 -14.831700 210.134000 1037.310000 -13 791 1 0 1.000000
-0.373644 -1.902440 0 -8.078970 -8.880370 211.408000 1037.100000 -13 792 1 0 1.000000
-4.483570 -5.872350 0 -1.469160 -5.452490 195.946000 1037.330000 -13 793 1 0 1.000000
-2.828840 -15.790900 0 20.544000 -5.553010 212.646000 1037.200000 -13 794 1 0 1.000000
-2.849790 -4.573390 0 12.301000 -9.230850 208.811000 1037.220000 -13 795 1 0 1.000000
-14.682200 -4.425670 0 9.313710 10.260000 210.412000 1037.300000 -13 796 1 0 1.000000
-11.420100 -5.763690 0 16.185200 -18.490100 206.355000 1037.380000 -13 797 1 0 1.000000
-13.925100 6.607440 0 -13.318400 -7.683930 203.335000 1037.280000 -13 798 1 0 1.000000
-7.996310 -8.072260 0 3.189540 -2.817650 195.827000 1037.280000 -13 799 1 0 1.000000
-16.114900 -2.988220 0 1.424670 5.335990 204.458000 1037.280000 -13 800 1 0 1.000000
-16.291200 -0.343136 0 20.253000 1.879640 208.016000 1037.410000 -13 801 1 0 1.000000
-11.127900 -17.209500 0 -8.579320 19.505500 212.221000 1037.210000 -13 802 1 0 1.000000
-6.714340 -3.057270 0 -3.330440 -2.926810 200.198000 1037.170000 -13 803 1 0 1.000000
-5.245720 4.049070 0 -2.709040 -16.771400 211.922000 1037.370000 -13 804 1 0 1.000000
8.273990 -9.975110 0 2.519890 -3.497620 198.993000 1037.180000 -13 805 1 0 1.000000
-2.517730 -22.985600 0 -28.052500 -1.202020 227.364000 1037.200000 -13 806 1 0 1.000000
-4.961600 -5.474550 0 -1.072460 5.380730 219.292000 1037.250000 -13 807 1 0 1.000000
-0.998946 1.709570 0 -1.402250 2.230670 188.546000 1037.250000 -13 808 1 0 1.000000
-19.749400 -10.295200 0 11.121500 23.891300 215.382000 1037.460000 -13 809 1 0 1.000000
-4.794760 -15.645400 0 -5.925920 9.552860 204.118000 1037.330000 -13 810 1 0 1.000000
-5.503990 -3.245370 0 3.902320 3.486380 192.647000 1037.350000 -13 811 1 0 1.000000
-0.029416 12.853300 0 11.313100 -27.410900 213.760000 1037.180000 -13 812 1 0 1.000000
-2.403100 -7.759200 0 -2.944910 0.619649 208.107000 1037.120000 -13 813 1 0 1.000000
10.151000 -13.687800 0 6.923130 5.371150 204.244000 1037.160000 -13 814 1 0 1.000000
-14.206700 -1.518820 0 -2.469460 -5.567670 214.519000 1037.350000 -13 815 1 0 1.000000
-8.550400 -17.919200 0 -11.724000 -1.259520 205.078000 1037.070000 -13 816 1 0 1.000000
13.820800 -7.771140 0 3.927420 -11.568900 202.052000 1037.450000 -13 817 1 0 1.000000
7.038980 -10.688200 0 -5.958910 0.243510 196.199000 1037.260000 -13 818 1 0 1.000000
-4.293920 -6.838790 0 -2.095560 -18.512400 204.747000 1037.500000 -13 819 1 0 1.000000
-7.680710 -10.771600 0 -3.772930 -6.609130 211.845000 1037.370000 -13 820 1 0 1.000000
-25.383200 -3.914850 0 -10.086900 12.093200 215.171000 1037.280000 -13 821 1 0 1.000000
-26.381900 -1.457260 0 -13.523900 -4.194430 203.040000 1036.960000 -13 822 1 0 1.000000
1.006060 12.225400 0 5.311010 -9.781360 224.520000 1037.300000 -13 823 1 0 1.000000
-4.576120 -12.377800 0 -5.942200 3.296150 195.318000 1037.370000 -13 824 1 0 1.000000
-21.741900 3.362340 0 -4.372060 12.319200 196.655000 1037.150000 -13 825 1 0 1.000000
5.235000 -25.932300 0 -3.651650 2.159220 224.750000 1037.360000 -13 826 1 0 1.000000
-15.036600 -5.827850 0 4.185360 4.524580 202.267000 1037.530000 -13 827 1 0 1.000000
-25.474400 -3.892560 0 -7.141950 7.124610 199.512000 1037.290000 -13 828 1 0 1.000000
-7.519480 -10.338000 0 -12.324900 -5.060810 204.981000 1037.100000 -13 829 1 0 1.000000
18.556600 -3.580270 0 2.625140 -7.291450 202.499000 1037.460000 -13 830 1 0 1.000000
-0.180597 -17.363700 0 1.959780 -9.315120 218.010000 1037.450000 -13 831 1 0 1.000000
-10.036900 -10.195800 0 -1.857710 0.529633 212.418000 1037.120000 -13 832 1 0 1.000000
-10.838600 -13.610400 0 6.420000 14.830600 211.489000 1037.190000 -13 833 1 0 1.000000
-6.521820 -3.165610 0 -1.094440 25.213000 195.882000 1037.120000 -13 834 1 0 1.000000
-7.785490 -15.566800 0 5.345050 14.623500 209.758000 1037.370000 -13 835 1 0 1.000000
-20.188100 -18.172700 0 -7.643600 12.256700 218.680000 1037.180000 -13 836 1 0 1.000000
-9.174170 -10.695700 0 12.456300 9.545920 194.647000 1037.200000 -13 837 1 0 1.000000
-14.519400 -2.141920 0 3.037820 7.102070 199.066000 1037.440000 -13 838 1 0 1.000000
-3.533300 -4.596930 0 -4.409630 9.920190 213.154000 1037.210000 -13 839 1 0 1.000000
-10.705600 -21.993200 0 -3.933840 11.457200 207.871000 1037.100000 -13 840 1 0 1.000000
6.131180 -17.061900 0 24.763700 6.226040 218.467000 1037.260000 -13 841 1 0 1.000000
-7.825530 -5.144020 0 -12.171700 -10.505400 195.206000 1037.190000 -13 842 1 0 1.000000
5.735060 -15.751700 0 -0.153608 1.728060 211.945000 1037.180000 -13 843 1 0 1.000000
-7.470250 -23.263300 0 3.186340 2.692870 209.273000 1037.100000 -13 844 1 0 1.000000
-4.195770 -7.391960 0 -0.513821 -16.006600 223.144000 1037.240000 -13 845 1 0 1.000000
-5.123760 -7.933490 0 -6.857830 -8.089540 213.646000 1037.210000 -13 846 1 0 1.000000
-9.799150 -6.069170 0 0.485696 12.277300 231.113000 1037.250000 -13 847 1 0 1.000000
14.812800 -4.578800 0 6.884900 -6.376940 226.980000 1037.310000 -13 848 1 0 1.000000
-12.069300 -17.216100 0 0.129632 -12.252500 215.209000 1037.330000 -13 849 1 0 1.000000
-14.103700 -3.604090 0 4.823710 -11.637700 211.150000 1037.140000 -13 850 1 0 1.000000
-9.129630 -10.534100 0 -20.191700 2.575140 200.547000 1037.300000 -13 851 1 0 1.000000
5.217040 -9.370000 0 -13.082000 -6.997550 201.230000 1037.370000 -13 852 1 0 1.000000
-17.058500 -10.246500 0 0.997630 1.613760 197.915000 1037.120000 -13 853 1 0 1.000000
-19.947000 10.515200 0 12.227400 -3.771530 206.005000 1037.250000 -13 854 1 0 1.000000
-13.363500 -3.323780 0 -1.607040 -2.405760 193.838000 1037.120000 -13 855 1 0 1.000000
-12.451300 -15.102200 0 8.455670 2.679320 210.458000 1037.200000 -13 856 1 0 1.000000
-9.513620 -11.245300 0 6.782010 -15.118400 198.043000 1037.320000 -13 857 1 0 1.000000
-8.139050 -3.035840 0 -5.471090 9.235780 211.450000 1037.120000 -13 858 1 0 1.000000
-16.159200 -6.495160 0 5.053260 -15.595400 199.778000 1037.090000 -13 859 1 0 1.000000
-7.150560 -8.015940 0 -7.837120 -10.293700 228.597000 1037.250000 -13 860 1 0 1.000000
-17.633300 -6.118850 0 -1.465400 -14.481300 218.439000 1037.260000 -13 861 1 0 1.000000
4.312660 -9.345330 0 -8.301370 -13.315500 197.213000 1037.420000 -13 862 1 0 1.000000
-2.807440 -9.770900 0 -4.762050 3.491640 205.641000 1037.360000 -13 863 1 0 1.000000
-4.907710 -4.251700 0 -3.504850 -5.058940 203.633000 1037.100000 -13 864 1 0 1.000000
-9.900620 6.428790 0 -18.395600 14.079700 216.857000 1037.300000 -13 865 1 0 1.000000
2.316530 -2.001350 0 -7.414750 -23.383400 224.614000 1037.280000 -13 866 1 0 1.000000
-8.120800 -7.603600 0 -7.816260 7.770080 198.761000 1037.460000 -13 867 1 0 1.000000
1.376290 -2.545180 0 -12.082800 -7.644920 212.903000 1036.960000 -13 868 1 0 1.000000
-4.107830 -14.797700 0 -18.687000 -6.698450 205.140000 1037.280000 -13 869 1 0 1.000000
-9.812760 -5.838190 0 3.879260 -32.982700 223.345000 1037.310000 -13 870 1 0 1.000000
-0.871665 -10.250000 0 -30.345900 -1.823900 202.747000 1037.530000 -13 871 1 0 1.000000
-4.525960 -4.418430 0 -2.239290 7.932960 225.985000 1037.280000 -13 872 1 0 1.000000
-1.913110 -13.296100 0 -5.653740 -2.236630 214.067000 1037.470000 -13 873 1 0 1.000000
-1.828140 -3.456450 0 -7.380080 4.183020 203.163000 1037.180000 -13 874 1 0 1.000000
-17.136100 -6.532760 0 -21.135900 0.094922 208.709000 1037.370000 -13 875 1 0 1.000000
-1.014270 -12.915200 0 6.933410 5.064690 191.352000 1037.170000 -13 876 1 0 1.000000
-27.522400 7.740400 0 14.624900 -10.028700 220.508000 1037.380000 -13 877 1 0 1.000000
-6.487710 -10.228200 0 -5.251810 -18.099500 201.864000 1037.350000 -13 878 1 0 1.000000
-20.376800 -12.482300 0 22.671400 -14.298100 213.966000 1037.160000 -13 879 1 0 1.000000
-8.667610 0.507275 0 8.900120 18.478800 199.033000 1037.100000 -13 880 1 0 1.000000
9.436800 -16.401300 0 -4.788210 5.731110 208.485000 1037.310000 -13 881 1 0 1.000000
-13.169400 -15.183300 0 -3.728100 -7.056660 223.925000 1036.970000 -13 882 1 0 1.000000
-0.295201 -8.864850 0 7.385030 -13.490200 209.203000 1037.400000 -13 883 1 0 1.000000
-11.052900 -4.900410 0 -6.625740 3.781950 214.061000 1037.160000 -13 884 1 0 1.000000
-14.048600 0.888969 0 -8.412040 -6.688910 221.998000 1037.310000 -13 885 1 0 1.000000
-2.917170 -10.381600 0 9.132890 -5.766300 213.245000 1037.040000 -13 886 1 0 1.000000
-17.453200 -5.655410 0 -4.574890 4.379840 217.614000 1037.360000 -13 887 1 0 1.000000
-6.175430 -10.124300 0 8.320720 -5.388530 213.931000 1037.210000 -13 888 1 0 1.000000
-0.361703 -15.327200 0 -13.347200 0.645268 208.696000 1037.240000 -13 889 1 0 1.000000
-5.504630 -18.965600 0 -21.644400 -7.267930 206.433000 1037.360000 -13 890 1 0 1.000000
-10.554800 -0.876176 0 3.406200 -7.998840 208.417000 1037.430000 -13 891 1 0 1.000000
-7.726260 -10.821800 0 2.255040 1.638950 211.062000 1037.320000 -13 892 1 0 1.000000
-25.206900 -1.072960 0 1.341590 -12.224800 220.161000 1037.210000 -13 893 1 0 1.000000
1.893160 -16.150500 0 -9.378750 8.132600 200.745000 1037.460000 -13 894 1 0 1.000000
-5.104760 7.161900 0 -4.033750 -19.408500 209.045000 1037.310000 -13 895 1 0 1.000000
-20.145800 -9.834510 0 -3.977130 -10.431100 208.635000 1037.350000 -13 896 1 0 1.000000
-7.061180 -15.789500 0 4.854200 -1.861960 202.155000 1037.170000 -13 897 1 0 1.000000
-1.775700 -17.739500 0 1.116740 19.673400 227.083000 1037.340000 -13 898 1 0 1.000000
2.224190 -15.614000 0 -5.017560 -8.368550 199.732000 1037.190000 -13 899 1 0 1.000000
-5.387750 8.521280 0 16.100800 -3.763470 214.238000 1037.350000 -13 900 1 0 1.000000
-9.315290 -9.483100 0 14.280600 -3.775810 211.269000 1037.390000 -13 901 1 0 1.000000
-21.611800 -14.688200 0 -6.188040 -0.895642 195.983000 1037.270000 -13 902 1 0 1.000000
1.206590 -10.817100 0 -17.409500 25.277300 227.022000 1037.020000 -13 903 1 0 1.000000
-4.643750 -4.361250 0 -13.174100 1.895930 201.331000 1037.110000 -13 904 1 0 1.000000
-2.547470 -0.813180 0 -7.219120 -23.126300 211.742000 1037.160000 -13 905 1 0 1.000000
-10.929300 -10.913500 0 -18.007700 17.088900 216.397000 1037.170000 -13 906 1 0 1.000000
2.768820 -0.285255 0 21.230600 -16.737200 199.660000 1037.080000 -13 907 1 0 1.000000
-14.491400 -10.819400 0 1.873570 -7.455250 216.407000 1037.320000 -13 908 1 0 1.000000
-2.482350 -5.351350 0 -1.888210 -4.255800 205.098000 1037.010000 -13 909 1 0 1.000000
-2.311800 -5.262200 0 -4.592000 9.470370 199.757000 1037.270000 -13 910 1 0 1.000000
-12.964600 -0.137576 0 5.358150 -3.974210 212.276000 1037.310000 -13 911 1 0 1.000000
-27.699600 -2.388650 0 7.779000 16.978300 216.573000 1037.370000 -13 912 1 0 1.000000
-0.335719 -3.486380 0 -7.023640 1.416520 212.503000 1037.020000 -13 913 1 0 1.000000
-4.852150 -0.954373 0 -10.714200 11.448700 201.756000 1037.310000 -13 914 1 0 1.000000
-20.972000 -5.880570 0 6.101310 -9.826460 215.174000 1037.330000 -13 915 1 0 1.000000
-6.851840 -3.609350 0 -16.525000 -6.937420 210.312000 1037.240000 -13 916 1 0 1.000000
-19.898200 -17.072000 0 5.143190 -16.215800 220.214000 1037.190000 -13 917 1 0 1.000000
6.019440 -15.765800 0 -21.721900 4.792670 228.593000 1037.310000 -13 918 1 0 1.000000
-11.101000 -15.632700 0 16.915400 -36.018600 220.106000 1037.300000 -13 919 1 0 1.000000
-11.906900 -10.989900 0 -8.994270 -9.825850 220.585000 1037.040000 -13 920 1 0 1.000000
-7.154890 -10.910800 0 6.768260 -13.200900 214.757000 1037.220000 -13 921 1 0 1.000000
-4.284330 -22.773900 0 13.273700 16.324500 212.431000 1037.270000 -13 922 1 0 1.000000
6.413440 -1.719650 0 -2.030090 -4.022460 199.832000 1037.190000 -13 923 1 0 1.000000
-10.914500 -16.739500 0 16.458400 2.317780 217.789000 1037.310000 -13 924 1 0 1.000000
6.572060 -5.500290 0 -14.820700 -6.061350 203.605000 1037.170000 -13 925 1 0 1.000000
6.280500 4.442770 0 10.307600 -18.102400 217.368000 1037.370000 -13 926 1 0 1.000000
-3.765770 0.485961 0 -3.169160 -14.896700 207.355000 1037.150000 -13 927 1 0 1.000000
-0.527126 -18.038900 0 -13.702400 -5.615500 201.464000 1036.920000 -13 928 1 0 1.000000
-14.721900 -12.389900 0 -0.352273 -8.263100 216.168000 1036.960000 -13 929 1 0 1.000000
-16.013900 3.685120 0 5.636970 -2.944830 211.005000 1037.220000 -13 930 1 0 1.000000
7.799530 -17.724700 0 -23.787200 -1.982570 238.016000 1037.110000 -13 931 1 0 1.000000
-31.775800 -19.305700 0 -32.640600 -22.349800 209.177000 1037.340000 -13 932 1 0 1.000000
-2.556240 -3.196480 0 4.786520 -13.144900 200.985000 1037.270000 -13 933 1 0 1.000000
-11.067100 -13.846200 0 12.136300 -6.796360 212.760000 1037.170000 -13 934 1 0 1.000000
-9.753090 12.783300 0 13.924900 -20.254200 204.603000 1037.150000 -13 935 1 0 1.000000
3.607990 -10.722200 0 4.692250 3.419370 201.749000 1037.240000 -13 936 1 0 1.000000
-5.022090 0.949379 0 2.815830 1.751190 191.554000 1037.490000 -13 937 1 0 1.000000
-22.059700 -6.943130 0 14.530900 -8.497410 221.619000 1037.450000 -13 938 1 0 1.000000
8.715680 -0.268528 0 -2.256960 25.394100 196.809000 1036.910000 -13 939 1 0 1.000000
-10.152000 -15.386300 0 -7.405170 -3.076850 208.677000 1037.220000 -13 940 1 0 1.000000
5.523270 2.156200 0 3.056250 7.899420 194.854000 1037.180000 -13 941 1 0 1.000000
1.448920 1.897560 0 -10.931100 -13.060500 219.720000 1037.330000 -13 942 1 0 1.000000
-0.160313 -8.085630 0 -16.120700 -0.219187 206.628000 1037.070000 -13 943 1 0 1.000000
-2.236850 0.000770 0 -16.765800 -0.233936 185.457000 1037.270000 -13 944 1 0 1.000000
-19.644800 -28.332700 0 0.755857 -7.709520 193.999000 1037.280000 -13 945 1 0 1.000000
-1.905270 -11.788900 0 -9.211950 13.160000 198.604000 1037.430000 -13 946 1 0 1.000000
-18.311900 -1.759990 0 2.175300 9.876680 207.246000 1037.220000 -13 947 1 0 1.000000
-1.105150 3.578280 0 5.129800 -9.635360 209.659000 1037.210000 -13 948 1 0 1.000000
-9.226830 7.534660 0 19.899900 3.110660 199.455000 1037.210000 -13 949 1 0 1.000000
-18.833100 -0.312894 0 -11.430600 21.541300 209.823000 1037.150000 -13 950 1 0 1.000000
-2.334650 -3.067230 0 19.903700 -2.772830 217.842000 1037.140000 -13 951 1 0 1.000000
-1.808550 -17.201100 0 1.042030 -17.053900 218.227000 1037.440000 -13 952 1 0 1.000000
-1.723270 -17.654300 0 -13.869500 7.751050 226.492000 1037.100000 -13 953 1 0 1.000000
-17.278400 -7.809950 0 -10.024900 8.299820 206.008000 1037.190000 -13 954 1 0 1.000000
-20.497300 9.989550 0 -4.196370 1.789010 206.629000 1037.600000 -13 955 1 0 1.000000
3.686640 -15.435800 0 -10.210100 -1.030500 224.813000 1037.340000 -13 956 1 0 1.000000
-3.088790 -2.924470 0 9.453480 -7.439370 224.414000 1037.300000 -13 957 1 0 1.000000
-23.423200 -8.223750 0 12.040000 -6.728690 220.484000 1037.260000 -13 958 1 0 1.000000
0.209552 -11.116000 0 9.971060 3.106200 215.850000 1037.230000 -13 959 1 0 1.000000
-21.339400 -1.434250 0 8.500890 -1.188220 220.631000 1037.350000 -13 960 1 0 1.000000
-5.790190 -14.236000 0 -8.892060 -0.977609 222.130000 1037.100000 -13 961 1 0 1.000000
-2.158320 -2.776720 0 31.052100 13.893800 195.949000 1037.300000 -13 962 1 0 1.000000
-4.005690 2.174340 0 1.404820 -17.496400 197.284000 1037.290000 -13 963 1 0 1.000000
-19.248600 -4.572750 0 -25.104900 2.142780 214.827000 1037.050000 -13 964 1 0 1.000000
-1.790690 -28.712000 0 -9.139050 -0.174939 204.889000 1036.990000 -13 965 1 0 1.000000
-7.779170 5.358280 0 0.422557 12.429200 207.360000 1037.250000 -13 966 1 0 1.000000
2.037750 -4.817680 0 21.152500 10.236000 204.065000 1037.260000 -13 967 1 0 1.000000
8.219890 -0.883477 0 8.810770 -8.971880 207.491000 1037.360000 -13 968 1 0 1.000000
-9.662380 1.837880 0 -28.826600 15.456500 207.403000 1036.880000 -13 969 1 0 1.000000
-23.500700 -17.557200 0 -13.385400 5.332270 225.828000 1037.220000 -13 970 1 0 1.000000
-2.070230 -2.004410 0 -18.849200 15.870300 211.521000 1037.280000 -13 971 1 0 1.000000
-7.936270 -19.435100 0 2.313780 -9.230560 195.703000 1037.200000 -13 972 1 0 1.000000
-15.613000 -9.602330 0 -2.264970 4.356070 208.105000 1037.140000 -13 973 1 0 1.000000
-1.962330 -10.627700 0 16.674100 -5.713690 204.482000 1037.150000 -13 974 1 0 1.000000
-11.901400 0.227712 0 -10.877400 -2.771950 223.739000 1037.200000 -13 975 1 0 1.000000
-9.803500 -5.396360 0 8.484350 -12.105700 213.631000 1037.060000 -13 976 1 0 1.000000
5.481250 -21.399700 0 4.436860 -10.288600 212.984000 1037.430000 -13 977 1 0 1.000000
0.248533 -8.589610 0 -9.898760 -0.303349 200.367000 1037.340000 -13 978 1 0 1.000000
-4.649080 -9.424420 0 -17.490800 -5.024790 201.039000 1037.250000 -13 979 1 0 1.000000
-16.340400 -0.863187 0 19.845300 -5.876100 192.820000 1037.230000 -13 980 1 0 1.000000
-10.061700 -6.918590 0 -14.036900 15.883800 205.571000 1037.310000 -13 981 1 0 1.000000
2.230530 -23.850300 0 7.908250 -2.979640 201.714000 1037.090000 -13 982 1 0 1.000000
-8.704280 -18.457200 0 10.738500 3.747210 207.632000 1037.110000 -13 983 1 0 1.000000
10.607000 -22.500200 0 -5.367830 -17.329000 198.988000 1037.160000 -13 984 1 0 1.000000
-14.142700 -2.355180 0 6.983950 22.082000 209.003000 1037.060000 -13 985 1 0 1.000000
-8.097690 -11.299000 0 14.238500 3.932290 186.483000 1037.190000 -13 986 1 0 1.000000
-13.556800 -8.763500 0 25.566100 -1.841060 219.716000 1037.450000 -13 987 1 0 1.000000
-11.318200 -2.038000 0 -5.005840 24.331200 204.212000 1037.350000 -13 988 1 0 1.000000
2.685440 -24.279200 0 -11.296900 9.535740 207.838000 1037.180000 -13 989 1 0 1.000000
-10.995400 -4.034650 0 19.388500 -24.029900 216.845000 1037.210000 -13 990 1 0 1.000000
-3.258970 -7.006270 0 3.500610 11.735000 218.177000 1037.070000 -13 991 1 0 1.000000
-8.483120 -19.208400 0 -26.046700 -1.062810 205.394000 1037.230000 -13 992 1 0 1.000000
9.385650 -14.607500 0 -41.264500 2.876810 232.750000 1037.050000 -13 993 1 0 1.000000
4.378090 -10.543500 0 -4.936500 -6.820730 203.496000 1037.050000 -13 994 1 0 1.000000
-4.668090 -9.295080 0 -2.934230 -11.844100 202.811000 1037.150000 -13 995 1 0 1.000000
-3.424670 -10.374800 0 16.452300 10.824000 198.987000 1037.090000 -13 996 1 0 1.000000
-2.674680 -14.274700 0 -16.154300 -17.121800 203.920000 1037.350000 -13 997 1 0 1.000000
1.728980 -11.222500 0 -11.305300 0.535676 221.190000 1037.090000 -13 998 1 0 1.000000
-1.529830 -19.605200 0 -15.574900 9.189250 210.978000 1037.280000 -13 999 1 0 1.000000
3.873630 -7.230700 0 -10.532900 3.289450 210.866000 1037.220000 -13 1000 1 0 1.000000
3.321480 -13.774700 0 6.139230 14.438000 186.208000 1037.150000 -13 1001 1 0 1.000000
-7.576130 -8.357270 0 -5.250690 -28.384200 231.636000 1037.310000 -13 1002 1 0 1.000000
-27.945500 -10.962000 0 -2.765570 -0.142050 211.946000 1037.310000 -13 1003 1 0 1.000000
-2.959380 -16.163800 0 -8.592670 -17.305500 196.139000 1037.170000 -13 1004 1 0 1.000000
-0.511909 -4.291090 0 -20.525500 4.052380 212.092000 1037.250000 -13 1005 1 0 1.000000
-1.690210 14.283300 0 1.054190 -3.633580 213.159000 1037.330000 -13 1006 1 0 1.000000
-7.817740 -16.451300 0 -10.293800 20.651200 217.027000 1037.230000 -13 1007 1 0 1.000000
-3.220860 -1.441740 0 -8.505240 -13.660000 203.015000 1037.230000 -13 1008 1 0 1.000000
3.942500 -18.461500 0 -7.957470 1.263640 215.214000 1037.310000 -13 1009 1 0 1.000000
3.410400 -13.638000 0 -13.807800 -13.258500 204.964000 1037.330000 -13 1010 1 0 1.000000
-10.698900 3.815960 0 16.290000 -5.817000 202.667000 1037.250000 -13 1011 1 0 1.000000
-7.832610 4.769860 0 11.464100 -4.409090 203.599000 1037.080000 -13 1012 1 0 1.000000
-11.161100 -11.974900 0 -10.012100 15.621800 204.882000 1037.100000 -13 1013 1 0 1.000000
-14.778900 -15.138300 0 16.305300 -4.092960 211.352000 1037.360000 -13 1014 1 0 1.000000
-16.576100 0.659044 0 8.362030 2.267720 215.971000 1037.270000 -13 1015 1 0 1.000000
-1.485280 -11.269900 0 -25.244600 -0.570517 198.991000 1037.110000 -13 1016 1 0 1.000000
3.950150 -8.149700 0 -2.239030 -9.361160 197.409000 1037.300000 -13 1017 1 0 1.000000
-8.097980 -11.496800 0 11.364200 -13.469800 207.116000 1037.330000 -13 1018 1 0 1.000000
-15.252100 -5.464710 0 21.822700 -8.826010 218.554000 1037.310000 -13 1019 1 0 1.000000
-23.473800 -8.184600 0 -6.890890 -5.643320 198.283000 1037.200000 -13 1020 1 0 1.000000
-28.144800 -12.915200 0 -10.202600 -1.808470 212.521000 1037.090000 -13 1021 1 0 1.000000
-11.730500 -8.879250 0 9.969240 6.785780 219.643000 1037.060000 -13 1022 1 0 1.000000
-1.485180 -14.183800 0 9.818260 -22.444200 208.775000 1037.110000 -13 1023 1 0 1.000000
-14.349400 -11.178900 0 10.412600 1.556910 215.368000 1037.290000 -13 1024 1 0 1.000000
-15.621900 -1.617320 0 -2.565390 2.094080 214.514000 1037.180000 -13 1025 1 0 1.000000
-6.339530 -4.220040 0 -6.163080 4.369050 211.922000 1036.980000 -13 1026 1 0 1.000000
-13.664600 -12.728700 0 21.627900 10.436300 220.329000 1037.310000 -13 1027 1 0 1.000000
-17.438100 6.132410 0 3.746140 -1.753540 209.314000 1037.130000 -13 1028 1 0 1.000000
-27.284400 1.051550 0 7.572570 -10.597300 215.847000 1037.260000 -13 1029 1 0 1.000000
-5.647530 -16.018100 0 -2.436650 2.840550 207.523000 1037.060000 -13 1030 1 0 1.000000
17.844100 -19.322200 0 4.613960 -9.173240 190.869000 1037.250000 -13 1031 1 0 1.000000
-5.242810 0.530021 0 -7.862720 -2.760330 207.136000 1037.340000 -13 1032 1 0 1.000000
-12.783700 -10.389100 0 8.070850 5.356990 209.826000 1037.130000 -13 1033 1 0 1.000000
-1.036830 -3.289200 0 -14.092100 5.071680 205.537000 1037.210000 -13 1034 1 0 1.000000
-24.222500 9.356980 0 6.265490 5.376650 206.876000 1037.150000 -13 1035 1 0 1.000000
-11.535700 -6.706800 0 9.731450 22.642400 196.822000 1037.370000 -13 1036 1 0 1.000000
-7.734340 -8.649070 0 -3.050270 12.362000 195.718000 1037.390000 -13 1037 1 0 1.000000
12.451700 -3.650160 0 -0.027309 -3.101640 206.018000 1037.330000 -13 1038 1 0 1.000000
-3.124720 -19.081700 0 -12.024200 35.650100 230.957000 1037.200000 -13 1039 1 0 1.000000
0.871481 -8.094280 0 2.423850 6.604480 206.723000 1037.280000 -13 1040 1 0 1.000000
6.459690 -22.471200 0 -14.669500 -8.136690 215.268000 1037.150000 -13 1041 1 0 1.000000
-9.895940 6.833330 0 19.640100 -0.909508 224.903000 1037.260000 -13 1042 1 0 1.000000
-5.282530 -2.739910 0 -0.306464 13.711700 192.489000 1037.070000 -13 1043 1 0 1.000000
14.722200 -16.307500 0 -18.692200 -9.000230 198.825000 1037.080000 -13 1044 1 0 1.000000
-6.794050 2.534640 0 -15.778900 -10.486500 225.595000 1037.350000 -13 1045 1 0 1.000000
3.903560 -11.912800 0 3.998220 -4.453980 207.726000 1037.350000 -13 1046 1 0 1.000000
-0.013531 -15.322800 0 -2.839570 11.483600 205.192000 1037.260000 -13 1047 1 0 1.000000
-3.588150 -0.394764 0 6.617100 0.058269 219.340000 1037.350000 -13 1048 1 0 1.000000
-17.704600 -0.224013 0 1.209630 8.384240 212.200000 1037.120000 -13 1049 1 0 1.000000
-8.449030 -3.445390 0 -0.457998 7.779410 211.267000 1037.270000 -13 1050 1 0 1.000000
-10.924000 -3.603390 0 -3.479160 5.118800 205.879000 1037.250000 -13 1051 1 0 1.000000
-2.717190 -28.945600 0 1.816030 -7.527880 210.561000 1037.300000 -13 1052 1 0 1.000000
-7.129500 -5.213720 0 -0.491975 0.224993 203.332000 1037.470000 -13 1053 1 0 1.000000
-15.521600 -1.613800 0 -12.309400 4.625860 203.116000 1037.360000 -13 1054 1 0 1.000000
-9.786110 -9.519270 0 12.016200 1.334550 211.582000 1037.330000 -13 1055 1 0 1.000000
-5.304230 -10.128000 0 9.944590 6.995550 238.959000 1037.400000 -13 1056 1 0 1.000000
1.325560 -16.955700 0 -8.495860 13.201100 207.183000 1037.240000 -13 1057 1 0 1.000000
-7.568840 -13.179800 0 11.300200 -19.662100 196.950000 1037.200000 -13 1058 1 0 1.000000
0.136998 -13.476600 0 2.921670 0.195211 202.648000 1037.400000 -13 1059 1 0 1.000000
-3.262020 -3.663340 0 -23.714200 1.295110 204.519000 1037.340000 -13 1060 1 0 1.000000
-5.368980 7.414380 0 -14.421500 -6.432640 207.461000 1037.060000 -13 1061 1 0 1.000000
-8.600440 1.062380 0 9.291540 1.493390 209.533000 1037.050000 -13 1062 1 0 1.000000
10.231800 -11.348200 0 -14.592500 -10.439800 230.379000 1037.290000 -13 1063 1 0 1.000000
-9.653640 10.580400 0 10.269500 -35.401900 232.944000 1037.230000 -13 1064 1 0 1.000000
-9.969700 -5.087710 0 10.444500 8.320240 223.416000 1037.150000 -13 1065 1 0 1.000000
-0.608679 -7.576460 0 15.060700 -17.893300 220.883000 1037.280000 -13 1066 1 0 1.000000
-8.602590 -3.421630 0 -16.638900 6.393730 222.710000 1037.040000 -13 1067 1 0 1.000000
1.606750 -5.365220 0 24.820900 -7.505960 211.062000 1037.310000 -13 1068 1 0 1.000000
-12.184800 -15.951900 0 11.538800 -13.879400 213.567000 1037.340000 -13 1069 1 0 1.000000
9.799790 -20.825900 0 1.717270 -13.691300 185.446000 1037.210000 -13 1070 1 0 1.000000
-6.319310 -8.573700 0 -19.275100 1.012740 206.152000 1037.310000 -13 1071 1 0 1.000000
-11.270400 -7.938310 0 -5.627890 6.063980 193.328000 1037.510000 -13 1072 1 0 1.000000
-11.225900 -10.767400 0 -25.322000 8.604100 220.772000 1037.070000 -13 1073 1 0 1.000000
-12.945400 -10.010400 0 -8.171160 26.004100 215.210000 1037.220000 -13 1074 1 0 1.000000
-7.656730 15.893700 0 17.480100 3.338740 219.982000 1037.210000 -13 1075 1 0 1.000000
-12.515600 -18.731000 0 7.428640 -15.842700 213.730000 1037.110000 -13 1076 1 0 1.000000
-9.759220 13.614100 0 24.066700 -11.151500 194.101000 1037.230000 -13 1077 1 0 1.000000
2.625790 -7.154280 0 5.724340 -8.401850 217.086000 1037.050000 -13 1078 1 0 1.000000
-4.429370 -9.287590 0 3.729980 2.942960 222.228000 1037.190000 -13 1079 1 0 1.000000
-1.765200 -10.451100 0 -8.723290 0.172349 203.349000 1037.460000 -13 1080 1 0 1.000000
-17.982800 -10.052700 0 -10.005800 -3.576470 217.848000 1037.390000 -13 1081 1 0 1.000000
9.148930 -5.510230 0 2.991090 -6.309460 214.649000 1037.340000 -13 1082 1 0 1.000000
-10.556200 -9.555570 0 7.074440 -28.224600 207.936000 1036.920000 -13 1083 1 0 1.000000
-4.811950 -19.126800 0 -5.375620 13.429800 200.713000 1037.110000 -13 1084 1 0 1.000000
-17.579800 -15.852400 0 -12.349300 -8.618730 212.712000 1037.360000 -13 1085 1 0 1.000000
-8.373670 -15.645400 0 1.858120 10.516600 228.164000 1037.200000 -13 1086 1 0 1.000000
1.364830 -15.524300 0 -4.727680 14.709800 191.573000 1037.280000 -13 1087 1 0 1.000000
-0.023984 3.415920 0 -9.034330 9.107790 194.369000 1037.580000 -13 1088 1 0 1.000000
-4.543900 2.005890 0 7.351060 -25.084300 214.366000 1037.420000 -13 1089 1 0 1.000000
-5.123950 -1.846750 0 -8.136990 -1.682870 212.347000 1037.330000 -13 1090 1 0 1.000000
-20.641200 -13.912300 0 7.825640 -0.254999 223.898000 1037.180000 -13 1091 1 0 1.000000
-14.666800 -9.198630 0 5.642000 -1.002010 196.787000 1037.400000 -13 1092 1 0 1.000000
-5.592250 -3.342790 0 1.185970 22.765900 211.236000 1037.390000 -13 1093 1 0 1.000000
5.865830 -11.989000 0 -5.733230 5.806060 207.891000 1037.380000 -13 1094 1 0 1.000000
-7.710970 -13.421600 0 18.239500 12.211100 222.508000 1037.250000 -13 1095 1 0 1.000000
-2.707250 -13.749400 0 0.993048 -2.595310 193.159000 1037.440000 -13 1096 1 0 1.000000
-1.342240 -8.993210 0 -8.328630 -6.483420 213.660000 1037.110000 -13 1097 1 0 1.000000
-6.666810 -8.544760 0 -5.047500 0.381427 204.666000 1037.420000 -13 1098 1 0 1.000000
-0.444461 1.979800 0 -52.760800 -19.902900 235.823000 1037.180000 -13 1099 1 0 1.000000
-9.110410 -3.740950 0 9.632930 1.303650 223.237000 1037.180000 -13 1100 1 0 1.000000
-0.271110 -18.434700 0 8.666330 -4.648600 211.375000 1037.230000 -13 1101 1 0 1.000000
-14.151900 -10.848300 0 -7.046950 -7.929680 213.534000 1037.350000 -13 1102 1 0 1.000000
-7.952600 -13.667500 0 -12.783400 -14.579400 212.531000 1037.120000 -13 1103 1 0 1.000000
-13.403500 -22.421100 0 9.648590 -15.952500 202.012000 1037.190000 -13 1104 1 0 1.000000
-6.635520 -3.115550 0 2.469850 1.511870 207.465000 1037.240000 -13 1105 1 0 1.000000
-5.317330 -5.218150 0 7.242540 18.521300 205.098000 1037.170000 -13 1106 1 0 1.000000
-7.427590 -9.533620 0 -1.245280 -1.959600 203.227000 1037.280000 -13 1107 1 0 1.000000
-11.442800 8.079580 0 1.949860 2.201370 200.569000 1037.220000 -13 1108 1 0 1.000000
-6.688230 6.308460 0 -1.374200 7.274390 211.175000 1037.070000 -13 1109 1 0 1.000000
4.915100 -9.112840 0 7.999670 -4.176920 212.850000 1037.170000 -13 1110 1 0 1.000000
-18.972900 -4.953060 0 9.564080 -1.255150 206.839000 1037.470000 -13 1111 1 0 1.000000
0.612287 -3.156390 0 7.830070 -9.646710 191.870000 1037.270000 -13 1112 1 0 1.000000
4.699830 -12.645300 0 -19.569200 11.251500 214.763000 1037.230000 -13 1113 1 0 1.000000
-9.078000 -9.697350 0 -11.450900 17.493700 202.781000 1037.270000 -13 1114 1 0 1.000000
-1.845730 -15.703100 0 5.617930 2.558440 221.222000 1037.270000 -13 1115 1 0 1.000000
13.411200 -17.662500 0 -16.730900 20.999400 219.391000 1037.220000 -13 1116 1 0 1.000000
-3.775110 -12.680400 0 -2.967570 3.902840 208.632000 1037.270000 -13 1117 1 0 1.000000
-3.359090 -5.436400 0 1.877770 4.519940 191.953000 1037.200000 -13 1118 1 0 1.000000
-17.117600 -1.144230 0 9.164000 -16.554100 215.665000 1037.180000 -13 1119 1 0 1.000000
3.575140 -14.312900 0 -8.844630 4.944020 197.598000 1037.270000 -13 1120 1 0 1.000000
-6.307150 -13.512600 0 -8.695880 1.071990 206.367000 1037.110000 -13 1121 1 0 1.000000
-7.756880 -0.917284 0 -9.176300 -0.763646 204.050000 1037.190000 -13 1122 1 0 1.000000
-0.605294 -14.429900 0 0.200664 -29.757800 207.522000 1037.380000 -13 1123 1 0 1.000000
-9.969570 -15.325200 0 -3.907940 46.487100 219.853000 1037.090000 -13 1124 1 0 1.000000
11.653700 -15.048700 0 9.101050 22.099000 209.322000 1037.480000 -13 1125 1 0 1.000000
-6.201110 -14.721100 0 8.176910 -6.685980 203.916000 1037.180000 -13 1126 1 0 1.000000
4.965370 -6.538130 0 2.923870 16.021500 214.757000 1037.230000 -13 1127 1 0 1.000000
0.177702 -20.960200 0 -10.977500 1.420560 201.658000 1037.260000 -13 1128 1 0 1.000000
-6.256420 -9.588370 0 0.706321 -15.321400 210.591000 1037.260000 -13 1129 1 0 1.000000
-4.409880 5.942590 0 4.879700 -9.568290 198.063000 1037.280000 -13 1130 1 0 1.000000
-6.640090 -8.404940 0 -29.633700 -2.763240 210.213000 1037.230000 -13 1131 1 0 1.000000
-2.596710 -4.616060 0 5.240500 -1.213210 207.399000 1037.190000 -13 1132 1 0 1.000000
-10.514800 -9.534510 0 8.678390 2.648280 200.643000 1037.200000 -13 1133 1 0 1.000000
-2.330790 -3.373310 0 -7.136650 7.524410 218.485000 1037.120000 -13 1134 1 0 1.000000
5.263700 -5.485360 0 6.010680 0.403796 203.229000 1037.270000 -13 1135 1 0 1.000000
-5.556360 7.043900 0 12.084200 17.891200 201.709000 1037.490000 -13 1136 1 0 1.000000
-18.692000 -1.714060 0 -3.256410 8.502830 205.492000 1037.280000 -13 1137 1 0 1.000000
-3.198540 -11.732800 0 -12.545300 6.642110 216.374000 1037.110000 -13 1138 1 0 1.000000
-4.790110 -15.268400 0 -15.236700 1.942010 219.586000 1037.130000 -13 1139 1 0 1.000000
2.017470 -3.119360 0 -10.703000 1.788440 200.280000 1037.150000 -13 1140 1 0 1.000000
-5.023670 -2.240490 0 -11.171400 -6.816640 200.725000 1037.120000 -13 1141 1 0 1.000000
-19.469700 0.925701 0 -17.950000 12.158600 207.051000 1037.160000 -13 1142 1 0 1.000000
-13.219300 -11.375700 0 0.250817 24.225400 206.406000 1037.250000 -13 1143 1 0 1.000000
-15.131700 -15.880300 0 -14.876500 6.166630 202.423000 1037.210000 -13 1144 1 0 1.000000
-5.202560 3.610970 0 -3.043360 8.877470 204.057000 1037.240000 -13 1145 1 0 1.000000
-0.065929 -22.839100 0 -16.853900 -8.973290 220.799000 1037.310000 -13 1146 1 0 1.000000
-12.003300 9.204540 0 17.528500 -0.923037 200.498000 1037.140000 -13 1147 1 0 1.000000
-20.101100 -12.483500 0 11.652400 0.630884 215.428000 1037.420000 -13 1148 1 0 1.000000
-7.649250 -4.348820 0 2.268110 1.687120 204.265000 1037.460000 -13 1149 1 0 1.000000
-8.957780 -8.574420 0 -8.180240 6.626360 214.579000 1037.280000 -13 1150 1 0 1.000000
-5.197310 -6.266490 0 -12.660400 8.499870 196.492000 1037.050000 -13 1151 1 0 1.000000
-10.955600 -1.293550 0 -18.703400 11.311400 207.561000 1037.220000 -13 1152 1 0 1.000000
0.153970 -4.314180 0 -21.278900 -3.430690 196.201000 1037.270000 -13 1153 1 0 1.000000
-2.425920 -5.099750 0 2.085340 -25.113800 204.142000 1037.410000 -13 1154 1 0 1.000000
-23.243900 0.117986 0 6.536710 -1.132400 207.232000 1037.410000 -13 1155 1 0 1.000000
16.048400 3.828080 0 -19.906000 -0.814474 203.714000 1037.520000 -13 1156 1 0 1.000000
-6.356540 -16.560000 0 -16.375300 3.489770 206.109000 1037.180000 -13 1157 1 0 1.000000
-8.793670 -5.661570 0 -18.751300 13.616000 224.760000 1037.230000 -13 1158 1 0 1.000000
3.567510 16.124600 0 -13.607900 -9.203400 204.069000 1037.230000 -13 1159 1 0 1.000000
-5.958020 -3.564990 0 10.318000 6.321160 218.038000 1037.190000 -13 1160 1 0 1.000000
-15.761100 -14.004300 0 5.205910 7.334710 199.296000 1037.220000 -13 1161 1 0 1.000000
4.315330 -17.837800 0 18.073300 5.123540 213.331000 1036.980000 -13 1162 1 0 1.000000
-2.648560 2.399350 0 -2.126050 6.804190 202.843000 1037.540000 -13 1163 1 0 1.000000
-20.848400 -9.141390 0 -2.148710 14.330200 224.536000 1037.430000 -13 1164 1 0 1.000000
-1.179070 -12.926000 0 15.133200 7.037230 197.348000 1037.260000 -13 1165 1 0 1.000000
-13.965700 -5.601770 0 23.886000 -5.985140 223.262000 1037.480000 -13 1166 1 0 1.000000
-9.758780 -16.359900 0 12.870200 -3.420590 206.086000 1037.170000 -13 1167 1 0 1.000000
-2.543060 -0.707336 0 3.060780 -5.740220 216.041000 1037.220000 -13 1168 1 0 1.000000
-20.793700 -5.285520 0 -6.807120 4.807990 209.643000 1037.150000 -13 1169 1 0 1.000000
-7.320200 2.123030 0 7.013110 -13.110900 218.673000 1037.520000 -13 1170 1 0 1.000000
1.803830 -13.272900 0 -9.582650 -16.923900 187.606000 1037.340000 -13 1171 1 0 1.000000
-6.178300 -5.280180 0 8.913910 5.534780 208.312000 1037.210000 -13 1172 1 0 1.000000
-23.045400 -6.874620 0 18.238200 -3.299550 210.970000 1037.420000 -13 1173 1 0 1.000000
-2.739050 7.378790 0 12.897900 -15.369200 219.497000 1037.310000 -13 1174 1 0 1.000000
-9.543110 -7.944550 0 -1.057850 0.607228 206.548000 1037.520000 -13 1175 1 0 1.000000
-15.987900 -9.737090 0 2.573990 11.066200 204.161000 1037.290000 -13 1176 1 0 1.000000
-14.999800 -6.361660 0 13.516700 -12.737200 207.605000 1037.190000 -13 1177 1 0 1.000000
-0.813192 -17.626700 0 -1.065830 -9.158110 210.551000 1037.330000 -13 1178 1 0 1.000000
0.088214 -12.434400 0 -2.137090 -1.512480 213.946000 1037.310000 -13 1179 1 0 1.000000
-19.772800 -19.436200 0 -12.389700 0.231606 193.370000 1037.220000 -13 1180 1 0 1.000000
-9.974600 -9.008850 0 -1.517530 5.361690 215.558000 1037.370000 -13 1181 1 0 1.000000
0.935934 -12.737900 0 -3.096800 -9.412910 199.065000 1037.180000 -13 1182 1 0 1.000000
-6.308420 -8.310920 0 -9.920520 8.548460 208.883000 1037.350000 -13 1183 1 0 1.000000
7.584450 -5.338560 0 -1.361070 10.981400 185.381000 1037.130000 -13 1184 1 0 1.000000
-13.223400 -6.746470 0 12.800700 -6.041650 218.245000 1037.160000 -13 1185 1 0 1.000000
14.277800 -3.226910 0 3.164690 -10.559700 216.521000 1037.100000 -13 1186 1 0 1.000000
-9.570960 -11.834700 0 -5.970540 -2.857280 212.280000 1037.000000 -13 1187 1 0 1.000000
-2.648690 -2.743370 0 2.824390 -7.750520 203.574000 1037.150000 -13 1188 1 0 1.000000
-18.625900 -2.616800 0 6.332280 -12.252400 217.132000 1037.260000 -13 1189 1 0 1.000000
9.725220 -4.979310 0 16.847600 2.217800 221.198000 1037.240000 -13 1190 1 0 1.000000
-11.474000 -15.245800 0 -0.311400 9.246640 205.699000 1037.150000 -13 1191 1 0 1.000000
-15.084800 -2.024970 0 19.512900 16.913500 216.449000 1037.340000 -13 1192 1 0 1.000000
-6.969700 -8.560740 0 25.888400 -1.299350 205.491000 1037.400000 -13 1193 1 0 1.000000
10.737100 -0.411292 0 -2.082160 -12.820100 224.862000 1037.130000 -13 1194 1 0 1.000000
-14.413500 8.030050 0 2.428340 11.071300 216.812000 1037.280000 -13 1195 1 0 1.000000
-7.907800 -7.109540 0 -17.638500 -5.553820 220.310000 1037.260000 -13 1196 1 0 1.000000
-10.271900 -15.580000 0 -10.064700 -7.933210 195.423000 1037.120000 -13 1197 1 0 1.000000
-23.947700 2.545890 0 42.432900 -35.213600 231.042000 1037.140000 -13 1198 1 0 1.000000
-9.249760 -6.017900 0 2.008480 -9.562090 204.709000 1037.150000 -13 1199 1 0 1.000000
-13.667100 -13.133100 0 -7.780750 11.952000 206.700000 1037.140000 -13 1200 1 0 1.000000
-4.881940 -11.319600 0 10.726700 0.552012 217.378000 1037.190000 -13 1201 1 0 1.000000
1.796870 -5.550590 0 -3.297850 10.823100 193.530000 1037.150000 -13 1202 1 0 1.000000
-6.362090 -17.723400 0 -11.402200 -9.810010 223.321000 1037.380000 -13 1203 1 0 1.000000
-3.415590 -10.272400 0 0.188071 -6.088150 201.198000 1037.280000 -13 1204 1 0 1.000000
-0.670683 -8.686850 0 5.426110 1.024480 226.388000 1037.120000 -13 1205 1 0 1.000000
-2.205380 -8.482080 0 -15.143100 -6.798630 221.749000 1037.420000 -13 1206 1 0 1.000000
-20.499600 -13.883900 0 -17.468100 -5.770170 208.278000 1037.070000 -13 1207 1 0 1.000000
2.504170 -3.003380 0 8.502820 -14.103500 184.434000 1037.230000 -13 1208 1 0 1.000000
-19.122700 -0.737775 0 9.741730 0.705257 212.026000 1037.080000 -13 1209 1 0 1.000000
-0.092342 -8.160790 0 -0.949070 -5.278100 214.490000 1037.020000 -13 1210 1 0 1.000000
-2.906250 -22.321000 0 -15.092800 -6.669150 202.367000 1037.440000 -13 1211 1 0 1.000000
-9.974400 -10.229300 0 -4.787970 3.414600 214.081000 1037.320000 -13 1212 1 0 1.000000
-11.624000 -4.535190 0 6.519490 -12.882500 199.975000 1037.420000 -13 1213 1 0 1.000000
-9.974790 -2.700670 0 -6.729700 8.750680 194.370000 1036.980000 -13 1214 1 0 1.000000
-6.496360 -14.784300 0 11.581500 -25.298600 223.669000 1037.110000 -13 1215 1 0 1.000000
-21.456200 1.124240 0 -2.063810 -0.899272 217.759000 1037.290000 -13 1216 1 0 1.000000
-0.530233 -6.123820 0 -3.095190 -10.283100 185.906000 1037.180000 -13 1217 1 0 1.000000
-6.955880 -21.302800 0 -6.086970 20.079200 208.200000 1037.250000 -13 1218 1 0 1.000000
-8.688510 -16.190800 0 8.472590 -15.128200 192.959000 1037.410000 -13 1219 1 0 1.000000
-21.590800 -21.420400 0 -11.790400 33.112800 215.331000 1037.300000 -13 1220 1 0 1.000000
-8.109880 -13.286700 0 12.917100 -16.932600 214.965000 1037.500000 -13 1221 1 0 1.000000
-11.751800 -7.756040 0 1.202930 -12.538200 199.925000 1037.320000 -13 1222 1 0 1.000000
-16.329100 -5.784150 0 -10.723900 12.565900 208.046000 1037.140000 -13 1223 1 0 1.000000
-17.878800 -13.271000 0 14.209700 7.874800 214.388000 1037.260000 -13 1224 1 0 1.000000
-1.771950 -4.669400 0 14.350400 -11.788900 214.537000 1037.270000 -13 1225 1 0 1.000000
-9.432460 -0.824849 0 -8.425290 1.266390 205.869000 1037.150000 -13 1226 1 0 1.000000
-1.007370 -5.340060 0 -6.562380 -0.072234 219.467000 1037.280000 -13 1227 1 0 1.000000
-1.046400 -9.047750 0 1.618530 -8.567970 211.454000 1037.060000 -13 1228 1 0 1.000000
-13.447500 -3.127100 0 7.032500 17.637300 188.826000 1037.290000 -13 1229 1 0 1.000000
-12.984500 -15.646600 0 -7.354670 3.191970 201.339000 1037.280000 -13 1230 1 0 1.000000
-19.299300 -8.849020 0 -12.348800 10.567700 219.192000 1037.020000 -13 1231 1 0 1.000000
-0.881729 -21.387000 0 -20.764800 -2.956740 206.722000 1037.210000 -13 1232 1 0 1.000000
-0.183662 -16.929000 0 3.024130 -6.110200 211.595000 1037.410000 -13 1233 1 0 1.000000
-17.351100 -11.248400 0 3.151830 6.432280 221.548000 1037.130000 -13 1234 1 0 1.000000
-22.461500 -4.926780 0 4.422450 9.380070 216.592000 1037.170000 -13 1235 1 0 1.000000
-11.014100 -1.555770 0 9.373400 11.463500 210.224000 1037.320000 -13 1236 1 0 1.000000
-7.830910 9.290460 0 -0.876317 6.579460 210.826000 1037.220000 -13 1237 1 0 1.000000
-2.267060 -17.699400 0 6.418900 -2.119710 201.485000 1037.150000 -13 1238 1 0 1.000000
-4.187080 -11.011300 0 6.483960 1.141040 215.873000 1037.260000 -13 1239 1 0 1.000000
2.025470 -14.440000 0 -20.962800 -7.106480 220.339000 1037.370000 -13 1240 1 0 1.000000
-3.446830 -13.362400 0 -23.266000 -6.711910 217.197000 1037.400000 -13 1241 1 0 1.000000
-11.154300 -10.854300 0 0.800095 19.892200 208.786000 1037.360000 -13 1242 1 0 1.000000
6.897170 0.277796 0 -3.872240 5.198940 205.635000 1037.240000 -13 1243 1 0 1.000000
-17.900700 -11.628900 0 -0.341163 8.497530 216.350000 1037.250000 -13 1244 1 0 1.000000
-9.723390 -14.097400 0 2.504240 3.507130 201.532000 1037.140000 -13 1245 1 0 1.000000
7.863260 -11.767800 0 -10.850600 -7.913970 194.487000 1037.400000 -13 1246 1 0 1.000000
3.430550 -5.652420 0 -3.218550 -13.141500 213.164000 1037.410000 -13 1247 1 0 1.000000
-19.193800 4.755860 0 -0.545374 10.803500 212.650000 1037.040000 -13 1248 1 0 1.000000
-1.752880 -10.038100 0 -1.818160 4.978480 209.380000 1037.430000 -13 1249 1 0 1.000000
-8.336070 -10.381400 0 -3.414410 15.178500 213.628000 1037.220000 -13 1250 1 0 1.000000
-2.517510 -12.975300 0 5.203600 6.549730 189.751000 1037.060000 -13 1251 1 0 1.000000
-19.429500 7.104150 0 11.409800 -7.218360 208.750000 1037.490000 -13 1252 1 0 1.000000
-12.516400 5.354090 0 -4.720960 -12.138400 202.100000 1037.090000 -13 1253 1 0 1.000000
4.788040 -11.234900 0 -3.351740 27.476500 193.675000 1037.280000 -13 1254 1 0 1.000000
-21.830500 -3.994260 0 -20.443600 3.472860 208.898000 1037.400000 -13 1255 1 0 1.000000
-22.379700 -3.833520 0 32.792500 10.040600 206.341000 1037.360000 -13 1256 1 0 1.000000
-18.944200 -16.449600 0 1.193160 5.810830 213.107000 1037.270000 -13 1257 1 0 1.000000
-25.225700 -18.548400 0 7.870310 -0.318802 196.305000 1037.330000 -13 1258 1 0 1.000000
5.029790 -12.478600 0 -3.899400 -8.679110 221.906000 1037.090000 -13 1259 1 0 1.000000
-8.980260 -9.094450 0 -36.758700 15.173200 216.841000 1037.250000 -13 1260 1 0 1.000000
-11.879000 -5.841960 0 -0.193640 -2.470930 198.779000 1037.080000 -13 1261 1 0 1.000000
-0.901002 -10.059000 0 0.154871 -1.683330 202.650000 1037.580000 -13 1262 1 0 1.000000
-6.714890 -8.475710 0 -20.592600 -8.327470 227.284000 1037.030000 -13 1263 1 0 1.000000
-15.546000 -10.146600 0 -14.644200 -9.436160 222.065000 1037.180000 -13 1264 1 0 1.000000
-17.958300 0.671232 0 -1.877970 19.140700 210.480000 1037.340000 -13 1265 1 0 1.000000
-0.261540 -20.626000 0 0.956817 5.660030 197.029000 1037.360000 -13 1266 1 0 1.000000
8.779160 7.195020 0 -12.843200 -10.090200 230.891000 1037.520000 -13 1267 1 0 1.000000
-4.789820 -1.009760 0 -13.488200 -11.781300 227.068000 1037.430000 -13 1268 1 0 1.000000
3.573450 -25.455800 0 -11.497900 -26.436400 219.621000 1037.640000 -13 1269 1 0 1.000000
-1.733820 1.199780 0 -15.369500 -20.473900 222.950000 1037.160000 -13 1270 1 0 1.000000
-31.174900 -1.974720 0 -0.340190 1.106160 204.043000 1037.020000 -13 1271 1 0 1.000000
-7.376710 -3.764330 0 3.926680 9.057510 200.425000 1037.070000 -13 1272 1 0 1.000000
-6.215270 -11.344700 0 -5.779550 1.092460 224.055000 1037.220000 -13 1273 1 0 1.000000
-4.912740 -11.718200 0 -20.108600 18.396400 226.290000 1037.250000 -13 1274 1 0 1.000000
-3.002650 -13.012000 0 -4.873220 -1.863720 222.840000 1037.080000 -13 1275 1 0 1.000000
-7.086690 -5.211280 0 5.202140 20.152700 200.933000 1037.130000 -13 1276 1 0 1.000000
-11.234400 1.075600 0 14.371500 -23.583400 209.832000 1037.390000 -13 1277 1 0 1.000000
-14.868200 -0.630658 0 6.746310 9.658080 222.399000 1037.260000 -13 1278 1 0 1.000000
9.581080 -15.254300 0 -2.789250 -21.435100 205.574000 1037.240000 -13 1279 1 0 1.000000
-6.056360 -6.090660 0 -10.406400 7.729860 222.490000 1037.420000 -13 1280 1 0 1.000000
0.254127 -2.128330 0 -3.588050 13.036600 212.322000 1037.290000 -13 1281 1 0 1.000000
-5.517220 -6.236820 0 2.802940 16.935700 219.457000 1037.380000 -13 1282 1 0 1.000000
-11.059400 -17.609300 0 -3.807430 -4.329460 221.408000 1037.310000 -13 1283 1 0 1.000000
-11.266700 -1.593800 0 -4.284530 -7.979630 207.977000 1037.280000 -13 1284 1 0 1.000000
1.481310 -7.204940 0 15.633800 3.292780 219.418000 1037.190000 -13 1285 1 0 1.000000
-1.752990 -7.573310 0 -6.358930 -3.830500 229.334000 1037.170000 -13 1286 1 0 1.000000
-12.321800 0.200758 0 -7.041660 -21.034100 219.281000 1037.200000 -13 1287 1 0 1.000000
-13.404600 1.964600 0 18.791600 4.501270 202.101000 1037.260000 -13 1288 1 0 1.000000
-4.014550 -13.771300 0 23.221100 -10.525600 193.173000 1037.140000 -13 1289 1 0 1.000000
-25.211400 -12.724200 0 -5.695030 12.995200 204.853000 1037.130000 -13 1290 1 0 1.000000
-9.072430 -1.842260 0 16.678800 -26.147400 207.411000 1037.310000 -13 1291 1 0 1.000000
3.290460 -9.711250 0 -8.711410 -7.672260 209.782000 1037.260000 -13 1292 1 0 1.000000
-6.630100 -10.521900 0 -6.467900 -5.028480 206.035000 1037.310000 -13 1293 1 0 1.000000
-15.827500 -3.828110 0 13.614000 -0.183015 200.075000 1037.140000 -13 1294 1 0 1.000000
2.242190 -8.026210 0 -4.038650 -6.656070 216.914000 1037.100000 -13 1295 1 0 1.000000
-9.666030 -6.636500 0 1.937040 10.587900 207.144000 1037.110000 -13 1296 1 0 1.000000
1.281150 -13.702000 0 7.884160 -5.115870 212.585000 1037.190000 -13 1297 1 0 1.000000
-25.614800 6.314510 0 10.123900 7.287370 203.778000 1037.100000 -13 1298 1 0 1.000000
-20.400200 -5.279210 0 17.027600 1.760530 210.468000 1037.260000 -13 1299 1 0 1.000000
-8.101000 4.989170 0 14.398600 -1.655980 210.518000 1037.420000 -13 1300 1 0 1.000000
-13.355900 -1.763440 0 6.095070 -5.338960 203.768000 1037.080000 -13 1301 1 0 1.000000
-11.057500 -5.912450 0 17.024100 -32.274900 218.484000 1037.090000 -13 1302 1 0 1.000000
-5.582790 -9.769960 0 -6.872690 -10.142900 210.821000 1037.100000 -13 1303 1 0 1.000000
-1.900390 -22.446200 0 19.666700 11.418200 199.719000 1037.400000 -13 1304 1 0 1.000000
-15.203400 -7.546420 0 -4.404650 -8.819920 200.665000 1037.260000 -13 1305 1 0 1.000000
-18.214000 4.417030 0 14.667700 3.072200 208.190000 1037.140000 -13 1306 1 0 1.000000
-5.782950 0.953193 0 12.593100 -3.050710 210.688000 1037.430000 -13 1307 1 0 1.000000
4.883490 -21.219900 0 5.930320 14.401200 205.007000 1037.030000 -13 1308 1 0 1.000000
2.347760 -8.005210 0 14.878100 7.385640 201.423000 1037.230000 -13 1309 1 0 1.000000
8.517740 -6.739800 0 8.232340 -0.769161 217.018000 1037.080000 -13 1310 1 0 1.000000
-4.807490 -8.246950 0 -2.927980 -8.186660 192.428000 1037.410000 -13 1311 1 0 1.000000
1.797900 -12.335100 0 -0.649607 4.714670 186.812000 1037.340000 -13 1312 1 0 1.000000
-15.171600 -8.589580 0 -21.908000 -0.147248 222.250000 1037.190000 -13 1313 1 0 1.000000
-7.107940 -17.709500 0 2.437330 8.408020 220.305000 1037.330000 -13 1314 1 0 1.000000
2.181350 -15.122700 0 10.191600 2.872940 200.034000 1037.340000 -13 1315 1 0 1.000000
-2.346200 -5.008910 0 -17.786100 -43.052100 240.143000 1037.270000 -13 1316 1 0 1.000000
-7.236440 -7.516440 0 5.933500 -22.365100 218.060000 1037.350000 -13 1317 1 0 1.000000
1.697930 -13.690300 0 -1.128420 -4.793010 208.401000 1037.350000 -13 1318 1 0 1.000000
-0.464273 -1.468190 0 -0.664300 1.509510 197.314000 1037.220000 -13 1319 1 0 1.000000
3.962950 11.259200 0 5.451510 -14.066000 194.070000 1037.270000 -13 1320 1 0 1.000000
-12.844200 -8.013600 0 -13.179600 2.698240 213.887000 1037.140000 -13 1321 1 0 1.000000
-3.534670 -12.158600 0 -24.074900 9.082000 220.959000 1037.210000 -13 1322 1 0 1.000000
0.361655 -9.287160 0 -3.948790 -8.696030 188.258000 1037.170000 -13 1323 1 0 1.000000
-2.109020 2.280370 0 0.324409 -0.511869 192.759000 1037.230000 -13 1324 1 0 1.000000
-9.587160 -1.039470 0 0.190256 4.339140 200.275000 1037.230000 -13 1325 1 0 1.000000
-18.289600 11.441300 0 2.227090 12.777500 214.329000 1037.160000 -13 1326 1 0 1.000000
-26.218500 7.980540 0 8.238160 -9.342540 215.684000 1037.240000 -13 1327 1 0 1.000000
-12.227100 -0.509859 0 4.528850 2.057210 207.297000 1037.430000 -13 1328 1 0 1.000000
6.278950 -12.202100 0 8.935960 3.077960 208.722000 1037.230000 -13 1329 1 0 1.000000
-6.587980 6.032250 0 8.760970 -20.985300 192.758000 1037.120000 -13 1330 1 0 1.000000
-1.857730 -17.043400 0 -18.961800 4.152320 224.803000 1037.620000 -13 1331 1 0 1.000000
-2.189510 -8.470950 0 33.146000 23.378400 218.758000 1037.260000 -13 1332 1 0 1.000000
-11.685900 -15.540600 0 -14.722200 -5.691090 222.928000 1037.060000 -13 1333 1 0 1.000000
-12.100100 2.220000 0 -12.225800 -8.685560 205.546000 1037.160000 -13 1334 1 0 1.000000
2.414930 -13.323600 0 8.874290 4.898320 218.991000 1037.330000 -13 1335 1 0 1.000000
9.961310 -4.921280 0 12.290700 -10.259100 215.687000 1037.250000 -13 1336 1 0 1.000000
5.147990 -17.924400 0 -3.179020 2.330570 202.952000 1037.390000 -13 1337 1 0 1.000000
-13.637200 10.036600 0 12.213900 -8.487490 222.677000 1037.400000 -13 1338 1 0 1.000000
-12.824100 0.511202 0 15.345700 5.171410 212.755000 1037.360000 -13 1339 1 0 1.000000
-3.311390 -8.579830 0 -2.214370 -8.658850 197.605000 1037.260000 -13 1340 1 0 1.000000
-8.849110 -14.035700 0 -11.559500 -2.671170 209.737000 1037.270000 -13 1341 1 0 1.000000
-6.722980 -5.336340 0 -0.549653 -7.473190 217.160000 1036.930000 -13 1342 1 0 1.000000
-3.603800 -20.261200 0 6.416380 -7.538010 206.190000 1037.140000 -13 1343 1 0 1.000000
-1.069030 -9.649230 0 -3.104220 -3.584820 197.234000 1037.500000 -13 1344 1 0 1.000000
-23.316700 -2.633420 0 -4.739120 -25.487600 214.793000 1037.030000 -13 1345 1 0 1.000000
-6.688610 -7.621260 0 -3.062400 23.711100 202.267000 1037.170000 -13 1346 1 0 1.000000
-1.119030 2.585240 0 5.570430 11.105300 214.186000 1037.260000 -13 1347 1 0 1.000000
-11.609400 -10.063000 0 -10.069900 -6.487270 210.481000 1037.330000 -13 1348 1 0 1.000000
2.388950 -11.609300 0 -8.902740 -1.719640 203.254000 1037.350000 -13 1349 1 0 1.000000
-10.115600 -4.866840 0 12.749500 1.332420 220.464000 1037.280000 -13 1350 1 0 1.000000
-7.298580 -11.594500 0 -4.860280 2.285470 218.009000 1037.220000 -13 1351 1 0 1.000000
6.466950 -11.059100 0 12.804600 11.365400 199.139000 1037.180000 -13 1352 1 0 1.000000
-10.975600 -24.398700 0 -0.661128 20.461400 222.082000 1037.230000 -13 1353 1 0 1.000000
-1.779810 -12.209600 0 13.038100 -4.746980 198.143000 1036.990000 -13 1354 1 0 1.000000
-9.653970 -9.433520 0 -7.702170 -1.248790 200.114000 1037.020000 -13 1355 1 0 1.000000
-7.602700 -19.402900 0 -12.885400 26.473100 218.853000 1037.540000 -13 1356 1 0 1.000000
-1.190270 1.539370 0 21.081600 -19.749200 222.960000 1037.220000 -13 1357 1 0 1.000000
-7.008970 -1.661060 0 -8.015650 13.664000 200.814000 1037.170000 -13 1358 1 0 1.000000
-12.119000 2.059340 0 -3.740110 -2.060570 209.692000 1037.080000 -13 1359 1 0 1.000000
-15.123700 -11.003600 0 -13.167200 3.237660 229.052000 1037.140000 -13 1360 1 0 1.000000
3.258240 -1.119990 0 -10.759600 -13.087100 188.060000 1037.230000 -13 1361 1 0 1.000000
6.619820 -17.501100 0 8.355850 5.022950 193.965000 1037.300000 -13 1362 1 0 1.000000
-5.687030 12.453200 0 16.120800 -13.699200 212.509000 1037.530000 -13 1363 1 0 1.000000
-1.555250 -0.329587 0 -2.288190 45.705700 212.382000 1037.450000 -13 1364 1 0 1.000000
-0.947026 -3.824760 0 -24.743000 17.420800 216.987000 1036.940000 -13 1365 1 0 1.000000
-8.066160 -12.565000 0 -9.675990 -1.458230 231.207000 1037.410000 -13 1366 1 0 1.000000
-10.060200 -13.302400 0 -2.384200 3.082680 198.057000 1037.320000 -13 1367 1 0 1.000000
-6.798540 -9.938390 0 11.449800 -26.289400 203.550000 1037.180000 -13 1368 1 0 1.000000
-12.540400 -19.861600 0 1.197450 5.121060 229.589000 1037.400000 -13 1369 1 0 1.000000
-8.465510 -4.023160 0 -0.580649 6.181500 211.667000 1037.170000 -13 1370 1 0 1.000000
-4.326400 2.618670 0 8.846770 -19.760500 200.020000 1037.250000 -13 1371 1 0 1.000000
-21.682100 1.243450 0 -6.567770 -7.605730 213.521000 1037.330000 -13 1372 1 0 1.000000
-23.293200 6.638790 0 -12.859300 -11.474700 223.327000 1037.170000 -13 1373 1 0 1.000000
-7.478220 -4.983620 0 -7.172100 -3.488530 202.742000 1037.190000 -13 1374 1 0 1.000000
-11.740300 -3.042720 0 55.375300 -8.306690 208.989000 1037.790000 -13 1375 1 0 1.000000
-2.309200 -4.124790 0 -0.133337 1.180610 228.967000 1037.330000 -13 1376 1 0 1.000000
-8.274730 1.702370 0 15.177500 -9.277800 206.357000 1037.450000 -13 1377 1 0 1.000000
-11.700800 -23.314900 0 0.211755 -7.668270 223.697000 1037.270000 -13 1378 1 0 1.000000
-1.042260 -0.300132 0 13.740300 1.613260 214.624000 1037.430000 -13 1379 1 0 1.000000
-27.876600 9.153610 0 14.161100 -6.049930 205.542000 1037.080000 -13 1380 1 0 1.000000
0.395481 -9.773910 0 19.248200 7.793950 219.640000 1037.350000 -13 1381 1 0 1.000000
-4.532300 -9.264370 0 1.800830 -12.720400 223.154000 1037.260000 -13 1382 1 0 1.000000
5.980260 -22.048300 0 -7.210550 -1.556500 203.730000 1037.420000 -13 1383 1 0 1.000000
-11.913600 4.914450 0 4.963270 -5.296410 201.990000 1037.220000 -13 1384 1 0 1.000000
-6.609800 -12.367000 0 0.608112 -2.021010 202.422000 1037.090000 -13 1385 1 0 1.000000
-10.129000 -6.274170 0 8.407820 -7.855640 208.715000 1037.220000 -13 1386 1 0 1.000000
-20.816900 14.947600 0 -10.272200 7.981620 234.786000 1037.340000 -13 1387 1 0 1.000000
-6.939070 -10.964400 0 -2.425680 15.457600 187.894000 1037.150000 -13 1388 1 0 1.000000
-10.326300 -14.043600 0 3.809280 -19.016100 206.882000 1037.210000 -13 1389 1 0 1.000000
-4.320230 -13.887300 0 2.709180 -11.364700 219.206000 1037.320000 -13 1390 1 0 1.000000
-13.178100 -15.405900 0 6.397610 0.172835 216.137000 1037.250000 -13 1391 1 0 1.000000
-7.146630 -3.756250 0 -6.251940 -0.721688 207.793000 1037.230000 -13 1392 1 0 1.000000
-6.064350 0.898637 0 -10.435800 -5.359170 228.999000 1037.440000 -13 1393 1 0 1.000000
1.929630 -4.859840 0 4.272100 -3.323480 213.451000 1037.120000 -13 1394 1 0 1.000000
-7.133160 -0.595973 0 -4.337570 -2.816300 221.521000 1037.360000 -13 1395 1 0 1.000000
-6.256280 -0.564181 0 7.441630 -8.267430 197.754000 1036.970000 -13 1396 1 0 1.000000
-22.509700 2.853580 0 2.308120 3.272220 209.850000 1037.360000 -13 1397 1 0 1.000000
5.126820 -15.441600 0 -0.336656 5.981930 208.155000 1037.360000 -13 1398 1 0 1.000000
-12.964000 -10.641600 0 1.079340 2.236820 210.813000 1037.310000 -13 1399 1 0 1.000000
2.092590 -17.572900 0 -5.785990 4.392950 209.146000 1037.330000 -13 1400 1 0 1.000000
-14.530300 -17.526600 0 -21.128400 -9.327390 214.732000 1037.220000 -13 1401 1 0 1.000000
-18.818300 -10.227200 0 -9.139220 -1.639090 213.459000 1037.190000 -13 1402 1 0 1.000000
8.567040 -13.977600 0 -2.377110 -1.082510 212.886000 1037.370000 -13 1403 1 0 1.000000
6.743250 2.017400 0 -4.032320 0.231641 200.185000 1037.210000 -13 1404 1 0 1.000000
-7.997350 -1.868440 0 3.748320 6.289340 210.922000 1037.100000 -13 1405 1 0 1.000000
-7.099550 -7.885640 0 -14.050200 7.506960 225.544000 1037.120000 -13 1406 1 0 1.000000
-2.708940 -7.784120 0 -11.047900 -16.046800 222.805000 1037.430000 -13 1407 1 0 1.000000
-6.301970 -14.550900 0 -19.381700 18.226500 209.912000 1037.320000 -13 1408 1 0 1.000000
-13.282500 -35.490800 0 -14.505200 -10.124400 225.643000 1037.470000 -13 1409 1 0 1.000000
-21.763500 6.399060 0 3.479460 8.296470 211.789000 1037.090000 -13 1410 1 0 1.000000
-6.425880 -18.784300 0 -3.543880 -4.345270 203.025000 1037.210000 -13 1411 1 0 1.000000
-5.037260 -6.976750 0 -16.962000 -9.483210 208.404000 1037.310000 -13 1412 1 0 1.000000
-7.205350 -7.468880 0 12.646600 10.852400 197.093000 1037.220000 -13 1413 1 0 1.000000
-22.757900 6.938040 0 4.699750 24.329200 217.165000 1037.050000 -13 1414 1 0 1.000000
-8.533820 -3.511130 0 4.259660 -3.793920 204.520000 1037.060000 -13 1415 1 0 1.000000
1.577730 -6.231730 0 0.951472 7.344730 210.529000 1037.210000 -13 1416 1 0 1.000000
0.416114 -11.262400 0 7.353180 -17.205300 203.634000 1037.170000 -13 1417 1 0 1.000000
-13.487000 -6.602000 0 16.087400 -14.697700 213.286000 1037.200000 -13 1418 1 0 1.000000
-4.900090 -6.872270 0 -9.179840 6.319290 215.339000 1037.450000 -13 1419 1 0 1.000000
-9.383710 -6.030570 0 -21.950000 -0.080301 215.840000 1037.150000 -13 1420 1 0 1.000000
-6.930150 -11.879400 0 -2.201660 -2.233720 198.268000 1037.190000 -13 1421 1 0 1.000000
-1.517020 -17.108900 0 18.457900 8.518880 207.908000 1037.240000 -13 1422 1 0 1.000000
-13.984200 -5.356160 0 2.937220 -0.249816 198.586000 1037.500000 -13 1423 1 0 1.000000
-12.568900 -12.534500 0 11.409500 24.119900 224.698000 1037.300000 -13 1424 1 0 1.000000
-10.072800 -7.542750 0 -1.423350 -1.660740 210.022000 1037.230000 -13 1425 1 0 1.000000
1.294620 -10.835000 0 10.222100 -20.154800 203.221000 1037.310000 -13 1426 1 0 1.000000
-5.366180 -14.812700 0 -15.536200 6.682770 210.338000 1037.260000 -13 1427 1 0 1.000000
-21.015700 5.130110 0 22.403300 11.820600 213.003000 1037.470000 -13 1428 1 0 1.000000
-15.011100 -4.915070 0 8.483500 0.044935 206.469000 1037.090000 -13 1429 1 0 1.000000
-1.830880 -8.643550 0 2.836070 -1.978790 217.916000 1037.550000 -13 1430 1 0 1.000000
-3.072920 -3.278370 0 27.156900 13.286600 205.374000 1037.160000 -13 1431 1 0 1.000000
7.687870 -5.860270 0 18.192600 -1.336010 208.549000 1037.290000 -13 1432 1 0 1.000000
5.646550 3.418200 0 -2.901220 6.686930 217.084000 1037.050000 -13 1433 1 0 1.000000
-15.679100 -20.390900 0 15.145400 11.008200 211.920000 1037.210000 -13 1434 1 0 1.000000
-7.272040 -10.824800 0 6.955720 -3.496310 204.257000 1037.070000 -13 1435 1 0 1.000000
0.933313 -6.222710 0 0.911729 -1.598790 210.013000 1037.390000 -13 1436 1 0 1.000000
7.161850 -3.654930 0 -6.621960 -14.965200 222.806000 1037.610000 -13 1437 1 0 1.000000
11.897800 -0.853299 0 -14.876700 -11.671800 202.441000 1037.190000 -13 1438 1 0 1.000000
-10.303600 -14.901000 0 5.399340 6.948420 210.503000 1037.140000 -13 1439 1 0 1.000000
-4.621660 -9.726680 0 17.940300 12.739900 199.220000 1037.300000 -13 1440 1 0 1.000000
-1.101130 1.785780 0 -15.887400 -12.214200 217.206000 1037.350000 -13 1441 1 0 1.000000
2.590810 -9.904860 0 -3.853830 -0.634091 204.576000 1037.370000 -13 1442 1 0 1.000000
-4.792180 -19.892600 0 -6.659240 -8.887450 204.827000 1037.250000 -13 1443 1 0 1.000000
0.890715 -5.770140 0 -14.737100 -12.019400 221.876000 1037.320000 -13 1444 1 0 1.000000
-27.742100 -9.010590 0 -7.120290 4.432470 214.316000 1037.550000 -13 1445 1 0 1.000000
-14.035600 5.707870 0 1.177600 -7.409590 210.540000 1037.230000 -13 1446 1 0 1.000000
1.727890 -5.919860 0 12.217100 -1.650060 205.059000 1037.250000 -13 1447 1 0 1.000000
-15.112400 -15.463300 0 -16.807200 22.299800 214.040000 1037.370000 -13 1448 1 0 1.000000
-26.176200 -8.785080 0 -6.671020 -9.563090 202.189000 1037.360000 -13 1449 1 0 1.000000
-5.817710 -6.409480 0 -0.923718 -2.136700 211.292000 1037.080000 -13 1450 1 0 1.000000
5.985270 -10.534800 0 8.599720 -6.071880 217.054000 1037.300000 -13 1451 1 0 1.000000
-9.611430 -2.538230 0 -5.671440 -14.285400 209.705000 1037.160000 -13 1452 1 0 1.000000
-14.838100 -6.939480 0 2.339790 2.437790 212.144000 1037.160000 -13 1453 1 0 1.000000
0.966150 -6.512820 0 17.552200 14.723300 191.390000 1037.400000 -13 1454 1 0 1.000000
-6.961480 -1.497440 0 -3.098400 -8.450260 211.223000 1037.230000 -13 1455 1 0 1.000000
-19.445500 -1.980830 0 -27.193700 18.255500 219.340000 1037.270000 -13 1456 1 0 1.000000
-7.629210 -5.909450 0 4.337090 -6.060490 216.962000 1037.020000 -13 1457 1 0 1.000000
-4.199610 -21.236300 0 22.805800 19.918400 198.771000 1037.100000 -13 1458 1 0 1.000000
-19.380900 -0.034065 0 24.245500 1.448680 216.084000 1037.090000 -13 1459 1 0 1.000000
-11.923700 -6.438470 0 3.590470 17.174400 223.936000 1037.310000 -13 1460 1 0 1.000000
10.510200 -4.914640 0 -14.705200 -6.854940 202.889000 1037.380000 -13 1461 1 0 1.000000
-9.265120 -6.464930 0 13.236100 3.389820 206.505000 1037.060000 -13 1462 1 0 1.000000
-8.140990 -1.335660 0 13.974700 -2.815410 214.672000 1037.140000 -13 1463 1 0 1.000000
-11.647200 -15.571600 0 -17.435400 14.772200 221.091000 1037.190000 -13 1464 1 0 1.000000
0.699648 -12.257000 0 6.706140 -6.485540 213.825000 1037.260000 -13 1465 1 0 1.000000
-7.191220 9.790840 0 11.311600 -2.411440 213.084000 1037.240000 -13 1466 1 0 1.000000
-0.370762 0.301209 0 -3.478950 0.058461 205.513000 1037.390000 -13 1467 1 0 1.000000
-0.708257 -6.433460 0 -1.875060 9.817550 206.804000 1037.100000 -13 1468 1 0 1.000000
-12.879000 -16.820800 0 4.297790 8.622700 203.027000 1037.380000 -13 1469 1 0 1.000000
-1.637110 2.694680 0 1.515210 -5.406500 214.953000 1037.210000 -13 1470 1 0 1.000000
7.824550 -2.085940 0 -11.776200 -7.211500 217.546000 1037.370000 -13 1471 1 0 1.000000
0.937894 -11.795800 0 8.780820 -17.007500 189.951000 1037.250000 -13 1472 1 0 1.000000
-6.504070 -17.268700 0 -2.647310 9.536670 219.051000 1037.330000 -13 1473 1 0 1.000000
-10.283500 -0.635844 0 -2.688380 5.658420 201.668000 1037.120000 -13 1474 1 0 1.000000
-2.614590 -13.296500 0 2.622460 -8.608570 219.858000 1037.140000 -13 1475 1 0 1.000000
-9.859460 -13.422400 0 8.079420 2.527930 197.123000 1037.160000 -13 1476 1 0 1.000000
-17.230600 -16.447900 0 20.922200 -0.325829 213.867000 1037.140000 -13 1477 1 0 1.000000
-15.072000 -1.709140 0 11.537100 -6.291760 213.466000 1037.300000 -13 1478 1 0 1.000000
-15.969700 -2.348250 0 11.629000 16.573400 190.168000 1037.370000 -13 1479 1 0 1.000000
-6.332570 -5.936400 0 -1.699970 -1.662920 207.101000 1037.150000 -13 1480 1 0 1.000000
-23.781700 -4.823980 0 23.845200 1.497920 213.809000 1037.270000 -13 1481 1 0 1.000000
-9.907940 -6.959190 0 -3.461080 -11.730900 225.488000 1037.190000 -13 1482 1 0 1.000000
-14.321300 -6.199820 0 -0.248905 11.802500 214.672000 1037.220000 -13 1483 1 0 1.000000
-1.971500 -10.549800 0 6.460900 -7.217480 203.394000 1037.230000 -13 1484 1 0 1.000000
-2.625710 3.528280 0 -10.584200 7.898870 205.496000 1037.130000 -13 1485 1 0 1.000000
7.067540 -13.100300 0 -2.000730 7.324090 192.329000 1037.240000 -13 1486 1 0 1.000000
-1.182660 -4.012120 0 2.484480 0.856499 210.871000 1037.130000 -13 1487 1 0 1.000000
-7.854250 -15.107000 0 5.669760 -11.240200 207.154000 1037.200000 -13 1488 1 0 1.000000
-14.613800 -20.158300 0 -18.535500 -5.178430 202.863000 1037.160000 -13 1489 1 0 1.000000
-9.177290 -12.136100 0 -0.537447 0.717174 205.162000 1037.240000 -13 1490 1 0 1.000000
0.114614 -3.450030 0 -10.650200 -13.568000 217.933000 1037.310000 -13 1491 1 0 1.000000
-1.757930 -3.301690 0 0.362952 1.046730 214.643000 1037.410000 -13 1492 1 0 1.000000
-5.202970 -14.748200 0 -1.280880 1.011880 215.578000 1037.370000 -13 1493 1 0 1.000000
6.212920 -20.278800 0 -19.823200 -1.172870 200.284000 1037.150000 -13 1494 1 0 1.000000
-6.958320 -17.928600 0 8.284300 8.713420 209.291000 1037.290000 -13 1495 1 0 1.000000
-11.291100 -12.903700 0 37.981200 -0.567703 202.007000 1037.380000 -13 1496 1 0 1.000000
2.233380 -8.537210 0 1.417740 1.686300 204.870000 1037.340000 -13 1497 1 0 1.000000
6.196860 -20.783400 0 -3.249000 1.893130 219.614000 1037.100000 -13 1498 1 0 1.000000
-4.239580 -8.497940 0 13.056400 -15.801100 190.798000 1037.270000 -13 1499 1 0 1.000000
-2.572560 -20.349100 0 3.075680 -6.559590 201.155000 1037.210000 -13 1500 1 0 1.000000
-0.438823 -5.261820 0 -6.521330 2.502580 207.395000 1037.280000 -13 1501 1 0 1.000000
11.278400 -3.304750 0 -9.220590 4.936000 194.062000 1037.170000 -13 1502 1 0 1.000000
-4.046540 -6.350210 0 16.369700 4.486380 198.590000 1037.290000 -13 1503 1 0 1.000000
-7.060270 -11.374100 0 0.409427 10.397200 208.572000 1037.220000 -13 1504 1 0 1.000000
-18.712000 -8.839060 0 -10.260500 12.481600 216.967000 1037.030000 -13 1505 1 0 1.000000
8.962130 -9.204240 0 -2.265840 -12.548800 223.802000 1037.170000 -13 1506 1 0 1.000000
-16.560800 -0.191403 0 1.489760 -14.167200 216.043000 1037.240000 -13 1507 1 0 1.000000
-9.794410 1.916040 0 9.724790 -1.189480 213.548000 1037.210000 -13 1508 1 0 1.000000
-3.464630 7.478750 0 -9.833730 23.394600 222.070000 1037.040000 -13 1509 1 0 1.000000
-14.334800 -2.499280 0 2.720450 -3.768710 222.585000 1037.220000 -13 1510 1 0 1.000000
-9.675370 -1.748300 0 -1.884260 -13.943900 209.726000 1037.120000 -13 1511 1 0 1.000000
-2.185600 1.977490 0 -5.580320 8.977720 204.185000 1037.320000 -13 1512 1 0 1.000000
-6.508010 -21.144500 0 10.947600 14.949000 208.405000 1037.230000 -13 1513 1 0 1.000000
3.264700 -8.497240 0 -3.964520 -10.002100 202.332000 1037.150000 -13 1514 1 0 1.000000
-5.465950 -10.914300 0 -5.284580 -1.687160 200.632000 1037.250000 -13 1515 1 0 1.000000
-13.348800 9.878390 0 2.015880 -9.381370 205.122000 1037.310000 -13 1516 1 0 1.000000
9.054290 -13.477500 0 -6.459940 -7.227570 198.081000 1037.290000 -13 1517 1 0 1.000000
-17.846600 -11.059600 0 8.975790 11.884800 218.599000 1037.170000 -13 1518 1 0 1.000000
-14.663100 3.886350 0 1.819150 -12.670900 216.712000 1037.350000 -13 1519 1 0 1.000000
1.525070 -8.511320 0 17.104400 -13.237600 218.134000 1037.090000 -13 1520 1 0 1.000000
-4.401450 -17.550700 0 -18.784300 5.420150 226.265000 1037.110000 -13 1521 1 0 1.000000
-6.036220 -2.434400 0 20.291900 0.075535 208.799000 1037.020000 -13 1522 1 0 1.000000
-10.930000 -11.061500 0 2.594240 -3.884260 205.430000 1037.060000 -13 1523 1 0 1.000000
1.118570 -12.288400 0 -2.076310 -8.315750 217.958000 1037.490000 -13 1524 1 0 1.000000
-15.822900 -6.099160 0 -24.944200 45.532500 221.158000 1036.980000 -13 1525 1 0 1.000000
-6.866210 -4.416940 0 -7.712510 -17.163100 222.115000 1037.240000 -13 1526 1 0 1.000000
-14.002300 -3.598730 0 -9.772760 8.538860 198.932000 1036.870000 -13 1527 1 0 1.000000
-4.281570 -4.383330 0 5.109950 -7.274090 205.002000 1037.420000 -13 1528 1 0 1.000000
-19.854100 6.015330 0 1.731860 2.283440 210.803000 1037.370000 -13 1529 1 0 1.000000
0.582170 -12.226300 0 2.211080 5.107180 191.628000 1037.390000 -13 1530 1 0 1.000000
-14.740900 -7.387570 0 1.508950 7.086110 204.081000 1037.270000 -13 1531 1 0 1.000000
-7.084400 -6.172600 0 -19.664100 0.832046 218.827000 1037.070000 -13 1532 1 0 1.000000
-3.027040 -8.556900 0 -10.615600 -12.442000 207.345000 1037.310000 -13 1533 1 0 1.000000
6.927770 -27.680700 0 4.251420 -17.169700 228.527000 1037.150000 -13 1534 1 0 1.000000
-16.582500 12.002200 0 -6.645310 -1.247460 204.160000 1037.360000 -13 1535 1 0 1.000000
-11.483600 -14.784700 0 -10.251100 -1.684820 204.037000 1036.920000 -13 1536 1 0 1.000000
2.618700 4.459060 0 1.161210 2.024110 191.444000 1037.180000 -13 1537 1 0 1.000000
-0.430106 -8.037300 0 -13.800000 27.559400 220.051000 1037.180000 -13 1538 1 0 1.000000
-3.759380 -5.900950 0 6.139200 -3.308030 213.748000 1037.050000 -13 1539 1 0 1.000000
-14.878900 -17.217900 0 6.822100 9.070310 212.574000 1037.290000 -13 1540 1 0 1.000000
-10.817800 -3.672980 0 12.573700 10.636200 204.785000 1037.100000 -13 1541 1 0 1.000000
-3.942320 -9.010180 0 16.070000 -7.226100 218.660000 1037.320000 -13 1542 1 0 1.000000
-5.111340 -14.274200 0 -16.685900 4.963530 209.603000 1037.140000 -13 1543 1 0 1.000000
-3.307420 4.853040 0 -0.431733 11.037700 215.661000 1037.090000 -13 1544 1 0 1.000000
-7.937570 6.006670 0 3.116180 -30.744400 198.715000 1037.640000 -13 1545 1 0 1.000000
-2.600140 -15.374000 0 7.154410 -22.550000 190.050000 1037.230000 -13 1546 1 0 1.000000
-5.512700 0.197232 0 19.515200 -2.641620 209.960000 1037.250000 -13 1547 1 0 1.000000
-12.748300 -9.641090 0 19.464500 32.850700 211.650000 1037.310000 -13 1548 1 0 1.000000
0.810060 -15.650400 0 6.076600 -9.333230 197.838000 1037.390000 -13 1549 1 0 1.000000
-1.553830 -23.335300 0 -29.911500 0.922954 212.888000 1037.350000 -13 1550 1 0 1.000000
-11.929600 -6.033740 0 1.401020 26.099200 198.618000 1037.260000 -13 1551 1 0 1.000000
-9.108730 -14.219000 0 0.598897 18.189600 208.103000 1037.140000 -13 1552 1 0 1.000000
-6.394920 -10.285400 0 -9.712240 11.242500 214.426000 1037.060000 -13 1553 1 0 1.000000
-7.221750 -14.802800 0 -7.593010 8.398900 222.496000 1037.250000 -13 1554 1 0 1.000000
-9.589270 -24.804500 0 -0.446680 2.728110 219.573000 1037.240000 -13 1555 1 0 1.000000
2.861900 -16.426300 0 0.597285 19.763900 205.293000 1037.110000 -13 1556 1 0 1.000000
-2.236110 -10.665400 0 -2.518510 15.440400 219.738000 1037.360000 -13 1557 1 0 1.000000
6.902660 -5.525120 0 -15.061400 -11.841800 199.427000 1037.240000 -13 1558 1 0 1.000000
-0.186320 -13.529300 0 9.167370 0.674422 196.397000 1037.350000 -13 1559 1 0 1.000000
-14.897800 -9.167010 0 7.480750 -2.980090 206.721000 1037.080000 -13 1560 1 0 1.000000
-16.302200 3.310960 0 14.871200 6.939760 222.034000 1037.380000 -13 1561 1 0 1.000000
-17.083900 -7.629800 0 -20.261700 7.857180 203.651000 1037.040000 -13 1562 1 0 1.000000
-14.546500 -14.246300 0 -19.335900 15.784100 211.425000 1037.400000 -13 1563 1 0 1.000000
-11.445600 -10.323900 0 2.876510 -12.415900 205.207000 1037.070000 -13 1564 1 0 1.000000
-0.391206 8.046200 0 -0.953023 -6.171450 201.834000 1037.250000 -13 1565 1 0 1.000000
-14.694400 8.451960 0 49.370200 14.780600 219.930000 1037.170000 -13 1566 1 0 1.000000
-2.432910 1.786450 0 -0.527777 -16.034300 187.734000 1037.220000 -13 1567 1 0 1.000000
14.381900 -12.336400 0 8.399960 -31.966000 229.725000 1037.230000 -13 1568 1 0 1.000000
-3.271260 -10.300200 0 7.880550 23.480900 200.468000 1037.480000 -13 1569 1 0 1.000000
-2.208310 -13.794700 0 8.706510 -0.983801 215.690000 1037.240000 -13 1570 1 0 1.000000
-14.777100 -8.731390 0 -2.547740 -5.020160 205.583000 1037.240000 -13 1571 1 0 1.000000
-9.019250 -14.078600 0 11.919900 -17.643300 213.365000 1037.340000 -13 1572 1 0 1.000000
-5.900400 0.470692 0 0.474127 7.880780 215.016000 1037.190000 -13 1573 1 0 1.000000
-3.654470 -7.878030 0 -1.915640 10.443000 214.805000 1037.290000 -13 1574 1 0 1.000000
0.719733 -21.815500 0 7.534940 -5.450990 209.091000 1037.230000 -13 1575 1 0 1.000000
-5.799340 -5.447580 0 9.859330 -5.708870 206.496000 1037.290000 -13 1576 1 0 1.000000
-20.011400 -14.777800 0 -9.991150 -0.111467 206.665000 1037.220000 -13 1577 1 0 1.000000
-1.662270 6.146510 0 -15.565500 -21.089000 205.650000 1037.130000 -13 1578 1 0 1.000000
-20.035600 -11.931100 0 10.372400 -3.457830 215.625000 1037.020000 -13 1579 1 0 1.000000
-9.667420 -16.326800 0 8.346710 -1.413690 200.728000 1037.120000 -13 1580 1 0 1.000000
1.027320 -0.910008 0 6.582140 13.028600 216.406000 1037.170000 -13 1581 1 0 1.000000
-2.406140 1.093840 0 10.034500 3.547750 203.536000 1037.020000 -13 1582 1 0 1.000000
-8.783040 -0.319149 0 1.401920 -15.205700 219.298000 1037.530000 -13 1583 1 0 1.000000
-7.325470 -26.170200 0 -4.865190 1.513630 198.267000 1037.520000 -13 1584 1 0 1.000000
-16.886000 22.330400 0 35.253400 -19.160300 232.259000 1037.240000 -13 1585 1 0 1.000000
-3.830570 -17.469200 0 5.332090 -5.088500 216.124000 1037.100000 -13 1586 1 0 1.000000
-19.142000 -18.016200 0 -0.062591 -2.295060 204.850000 1037.130000 -13 1587 1 0 1.000000
-4.108470 -6.965420 0 -13.890700 -10.679500 216.613000 1037.120000 -13 1588 1 0 1.000000
-3.594170 -5.495660 0 -3.908370 12.251200 203.813000 1037.180000 -13 1589 1 0 1.000000
-12.282300 -7.565560 0 2.228600 0.212984 207.624000 1037.060000 -13 1590 1 0 1.000000
-1.486470 -7.814070 0 -1.576560 -20.293500 218.655000 1037.190000 -13 1591 1 0 1.000000
-17.004300 -8.213920 0 19.781700 9.899590 216.958000 1037.390000 -13 1592 1 0 1.000000
-14.895600 -0.096119 0 -4.685320 5.531900 211.623000 1037.200000 -13 1593 1 0 1.000000
-15.742700 -3.996070 0 1.481850 2.139430 196.777000 1037.090000 -13 1594 1 0 1.000000
-7.037530 -9.236610 0 18.454400 0.933678 208.339000 1037.130000 -13 1595 1 0 1.000000
4.004910 -4.559090 0 19.261900 13.560800 218.836000 1037.300000 -13 1596 1 0 1.000000
-8.979200 -15.531100 0 -22.778700 -17.914800 204.056000 1037.410000 -13 1597 1 0 1.000000
1.558390 -33.463700 0 -33.599900 20.107200 221.492000 1037.340000 -13 1598 1 0 1.000000
1.664150 -4.375110 0 -0.060252 -1.178120 214.906000 1037.230000 -13 1599 1 0 1.000000
-13.379100 -5.695960 0 2.478690 4.896920 198.132000 1037.370000 -13 1600 1 0 1.000000
-14.047300 8.542330 0 6.620660 -18.962700 228.081000 1037.120000 -13 1601 1 0 1.000000
-13.284300 -15.316600 0 4.952780 -2.664110 200.821000 1037.500000 -13 1602 1 0 1.000000
-9.733500 -4.164680 0 -3.302890 11.197000 207.343000 1037.410000 -13 1603 1 0 1.000000
2.903860 -10.402000 0 6.095780 15.150800 206.571000 1037.030000 -13 1604 1 0 1.000000
-7.498060 -8.551490 0 10.069800 5.555890 205.795000 1037.140000 -13 1605 1 0 1.000000
-10.007800 -6.530070 0 -6.946600 3.097950 201.479000 1037.110000 -13 1606 1 0 1.000000
-18.444300 -15.614700 0 -11.616900 6.116830 220.279000 1037.140000 -13 1607 1 0 1.000000
-1.297680 -10.330300 0 -11.875700 17.059900 211.881000 1037.160000 -13 1608 1 0 1.000000
-6.122800 -1.427830 0 8.085590 -3.951540 198.141000 1037.270000 -13 1609 1 0 1.000000
-6.107210 -2.584580 0 -4.500840 13.813600 209.850000 1037.240000 -13 1610 1 0 1.000000
-5.586980 4.988550 0 10.194800 -0.716154 202.895000 1037.070000 -13 1611 1 0 1.000000
-14.101500 -14.422200 0 6.768630 -10.468000 217.019000 1037.110000 -13 1612 1 0 1.000000
-3.367400 1.782210 0 -12.742700 14.808200 206.794000 1037.210000 -13 1613 1 0 1.000000
-13.737100 -7.857090 0 -7.682290 -4.359870 199.330000 1037.320000 -13 1614 1 0 1.000000
-21.897400 -9.044080 0 7.169450 -5.003560 214.613000 1037.090000 -13 1615 1 0 1.000000
12.921400 -9.524140 0 10.279500 -5.724200 197.843000 1037.040000 -13 1616 1 0 1.000000
-14.471500 -17.163700 0 39.720300 7.704410 204.693000 1037.260000 -13 1617 1 0 1.000000
-13.695700 -1.739680 0 0.939057 4.929690 203.760000 1037.450000 -13 1618 1 0 1.000000
-15.995700 -10.174600 0 -19.125000 7.172880 211.818000 1037.250000 -13 1619 1 0 1.000000
-4.381780 -14.515400 0 -10.040000 -8.434060 212.581000 1037.450000 -13 1620 1 0 1.000000
-4.662630 -0.306509 0 -14.646900 5.696240 204.558000 1037.360000 -13 1621 1 0 1.000000
-6.916190 -5.729170 0 3.554440 3.379900 211.464000 1037.200000 -13 1622 1 0 1.000000
-5.467960 -8.247460 0 0.753941 5.050830 203.040000 1037.310000 -13 1623 1 0 1.000000
-4.314530 -4.597320 0 -13.422900 -7.347350 189.722000 1037.130000 -13 1624 1 0 1.000000
0.826761 -18.095900 0 14.782200 -6.227920 219.073000 1037.120000 -13 1625 1 0 1.000000
1.255510 -23.398000 0 -13.866900 -4.510350 213.155000 1037.010000 -13 1626 1 0 1.000000
-7.453580 -6.248110 0 1.837900 9.737050 203.431000 1037.130000 -13 1627 1 0 1.000000
-6.381580 -8.480910 0 1.510640 3.292510 215.851000 1037.080000 -13 1628 1 0 1.000000
-4.817970 -1.913460 0 2.922220 -5.372180 228.517000 1037.190000 -13 1629 1 0 1.000000
-16.575800 2.318760 0 4.954210 4.499980 212.101000 1037.070000 -13 1630 1 0 1.000000
-2.667610 -1.815840 0 -7.375730 1.965830 229.614000 1037.330000 -13 1631 1 0 1.000000
-0.090719 -29.189100 0 14.831600 5.761680 207.816000 1037.180000 -13 1632 1 0 1.000000
3.573670 -14.321700 0 10.267800 8.177510 194.698000 1037.360000 -13 1633 1 0 1.000000
-1.096500 -10.972900 0 17.344800 -4.398730 211.033000 1037.190000 -13 1634 1 0 1.000000
-14.614300 -8.741020 0 -3.976380 0.740097 203.592000 1036.940000 -13 1635 1 0 1.000000
25.157000 17.385100 0 -20.567500 2.296640 206.226000 1037.400000 -13 1636 1 0 1.000000
-13.260500 1.196530 0 -8.227920 -0.920079 199.501000 1037.270000 -13 1637 1 0 1.000000
-4.199370 -20.967500 0 5.713600 -20.196700 214.982000 1037.270000 -13 1638 1 0 1.000000
4.951890 -14.906700 0 -9.854990 -6.285550 209.871000 1037.190000 -13 1639 1 0 1.000000
-21.818300 0.758872 0 -12.380600 9.964160 222.137000 1037.210000 -13 1640 1 0 1.000000
-12.936500 -11.251100 0 -10.934200 2.028300 202.749000 1037.370000 -13 1641 1 0 1.000000
-7.070170 -10.095000 0 -5.618090 -12.722700 204.684000 1037.170000 -13 1642 1 0 1.000000
-17.495100 -2.067810 0 -12.855800 11.527200 200.732000 1037.200000 -13 1643 1 0 1.000000
-8.830580 5.293190 0 -2.839080 10.722100 203.239000 1037.010000 -13 1644 1 0 1.000000
-4.814730 -6.501000 0 -9.178680 -1.183050 196.558000 1037.160000 -13 1645 1 0 1.000000
-5.163660 0.584346 0 -0.357547 -1.893230 204.012000 1037.310000 -13 1646 1 0 1.000000
0.750017 -14.954800 0 -5.460760 10.842500 224.301000 1037.210000 -13 1647 1 0 1.000000
-30.966700 0.693404 0 26.995800 5.932140 216.220000 1037.450000 -13 1648 1 0 1.000000
-11.366800 -18.185600 0 -0.013507 -0.214152 206.700000 1037.220000 -13 1649 1 0 1.000000
14.410100 -11.844500 0 -12.831400 14.171000 206.579000 1037.420000 -13 1650 1 0 1.000000
0.587503 1.329200 0 4.149000 -21.331000 195.592000 1037.200000 -13 1651 1 0 1.000000
2.462810 4.706360 0 6.185630 -24.246800 200.034000 1037.450000 -13 1652 1 0 1.000000
0.866249 0.843228 0 14.949000 -6.301180 212.718000 1037.180000 -13 1653 1 0 1.000000
-5.004680 -4.246750 0 7.666660 -6.377420 201.473000 1037.180000 -13 1654 1 0 1.000000
-2.603700 -9.719730 0 3.682500 -16.948000 211.064000 1037.110000 -13 1655 1 0 1.000000
-10.007500 -7.101010 0 -4.462120 -3.544660 215.713000 1037.150000 -13 1656 1 0 1.000000
-4.058290 -21.921600 0 -18.679700 12.761000 211.943000 1037.300000 -13 1657 1 0 1.000000
-3.736120 -15.766500 0 19.388200 3.230100 210.839000 1037.330000 -13 1658 1 0 1.000000
-13.796100 -11.187400 0 0.076304 0.947230 189.796000 1037.480000 -13 1659 1 0 1.000000
-1.371020 -1.738150 0 -19.825700 -8.641340 211.220000 1037.240000 -13 1660 1 0 1.000000
-11.718900 -19.988000 0 11.966300 -5.427610 205.387000 1037.210000 -13 1661 1 0 1.000000
-3.236650 -0.837651 0 -19.862500 11.084100 199.065000 1037.050000 -13 1662 1 0 1.000000
6.538460 1.999630 0 -0.507222 -21.622000 200.919000 1037.370000 -13 1663 1 0 1.000000
-20.180100 4.238080 0 -24.499200 -1.778550 212.373000 1037.280000 -13 1664 1 0 1.000000
2.970970 0.362616 0 -9.460270 8.206940 212.102000 1037.080000 -13 1665 1 0 1.000000
-14.568200 -10.850700 0 12.765300 28.632000 208.414000 1037.290000 -13 1666 1 0 1.000000
-15.130200 -1.946170 0 -4.559210 6.738470 201.358000 1037.070000 -13 1667 1 0 1.000000
17.282900 -1.297860 0 -21.874500 -14.213100 203.935000 1037.340000 -13 1668 1 0 1.000000
-8.551280 -8.558230 0 -10.272300 9.352270 196.726000 1037.120000 -13 1669 1 0 1.000000
-1.100130 -5.727110 0 -0.257242 22.062400 219.211000 1037.050000 -13 1670 1 0 1.000000
-4.257320 -5.910650 0 6.188840 -1.313720 207.626000 1037.380000 -13 1671 1 0 1.000000
-21.037400 3.392300 0 -20.057900 -7.816010 203.513000 1037.260000 -13 1672 1 0 1.000000
-9.536230 -9.567330 0 -6.563640 -4.749250 211.031000 1037.010000 -13 1673 1 0 1.000000
-24.231000 0.300687 0 9.284930 -15.035700 223.527000 1037.190000 -13 1674 1 0 1.000000
2.119280 -1.254830 0 4.542050 10.857400 196.558000 1037.340000 -13 1675 1 0 1.000000
-12.284700 -6.570510 0 -8.078810 6.690340 200.639000 1037.140000 -13 1676 1 0 1.000000
2.354240 -3.224880 0 -4.335760 2.267500 197.025000 1037.240000 -13 1677 1 0 1.000000
4.688960 -6.375980 0 -5.068810 -13.047500 218.776000 1037.290000 -13 1678 1 0 1.000000
-1.063000 -21.545500 0 4.725680 24.788300 211.906000 1037.380000 -13 1679 1 0 1.000000
6.837730 -2.564760 0 3.246820 -6.196500 200.478000 1037.230000 -13 1680 1 0 1.000000
-14.991600 -18.996700 0 -22.501600 -7.810050 220.656000 1037.310000 -13 1681 1 0 1.000000
3.012470 -22.872400 0 4.437430 8.678090 238.271000 1037.140000 -13 1682 1 0 1.000000
1.149100 -6.225590 0 -0.081319 -1.573470 206.341000 1037.160000 -13 1683 1 0 1.000000
-3.367830 -8.680970 0 1.084540 2.332440 218.655000 1037.180000 -13 1684 1 0 1.000000
-10.328900 -4.757740 0 -11.551500 -3.484960 203.911000 1037.380000 -13 1685 1 0 1.000000
-17.741100 -5.270680 0 -2.585770 -1.792190 208.910000 1037.070000 -13 1686 1 0 1.000000
-16.918800 -8.097350 0 16.512600 11.383500 206.370000 1037.370000 -13 1687 1 0 1.000000
11.469600 2.665180 0 17.547500 -2.053500 203.618000 1037.540000 -13 1688 1 0 1.000000
-1.619700 -2.444400 0 11.736800 6.086910 207.706000 1037.250000 -13 1689 1 0 1.000000
-24.745800 -5.725310 0 0.868037 22.642000 223.760000 1037.250000 -13 1690 1 0 1.000000
-8.047640 6.883170 0 3.464550 -17.751700 215.766000 1037.100000 -13 1691 1 0 1.000000
-14.508200 -19.118200 0 13.458800 13.895000 221.048000 1037.270000 -13 1692 1 0 1.000000
2.873160 -3.799430 0 19.215500 3.461620 190.581000 1037.450000 -13 1693 1 0 1.000000
-8.117000 -12.496800 0 -19.743500 9.176170 207.297000 1037.110000 -13 1694 1 0 1.000000
4.955780 -9.749390 0 -24.440800 -16.754100 213.867000 1037.150000 -13 1695 1 0 1.000000
-8.269100 -0.248592 0 14.084600 -35.866200 211.314000 1037.350000 -13 1696 1 0 1.000000
-16.076700 -11.875700 0 -10.619300 -9.052960 224.382000 1037.050000 -13 1697 1 0 1.000000
-1.498040 -8.763740 0 -3.631950 -20.073900 194.170000 1037.360000 -13 1698 1 0 1.000000
-10.755600 4.569260 0 -1.921680 -3.076580 195.614000 1037.340000 -13 1699 1 0 1.000000
-7.596240 -6.815100 0 -2.971530 -6.325350 215.330000 1037.220000 -13 1700 1 0 1.000000
-7.574910 -7.591570 0 -6.807800 -15.066600 199.299000 1037.380000 -13 1701 1 0 1.000000
-15.015000 -16.481800 0 0.035153 2.528480 211.445000 1037.140000 -13 1702 1 0 1.000000
0.765366 -7.440900 0 -1.441400 8.078350 201.371000 1037.200000 -13 1703 1 0 1.000000
-11.621700 -5.093700 0 -4.987060 1.679940 216.687000 1037.290000 -13 1704 1 0 1.000000
6.202460 -11.546500 0 -2.106860 1.608990 215.949000 1037.390000 -13 1705 1 0 1.000000
-12.807100 -0.113100 0 9.068130 -0.222535 212.850000 1037.280000 -13 1706 1 0 1.000000
-14.687100 -18.250700 0 10.155100 8.309090 211.456000 1037.180000 -13 1707 1 0 1.000000
-4.910990 9.008590 0 17.964900 0.611127 215.349000 1037.310000 -13 1708 1 0 1.000000
-11.617100 -0.172353 0 -2.535000 -6.826280 217.507000 1037.310000 -13 1709 1 0 1.000000
4.607150 -13.065600 0 -8.205860 11.656800 214.031000 1037.350000 -13 1710 1 0 1.000000
-16.542900 -0.253738 0 -2.059490 6.246380 213.477000 1037.340000 -13 1711 1 0 1.000000
1.996860 -2.664590 0 -11.008200 -0.936722 213.123000 1037.420000 -13 1712 1 0 1.000000
-8.760360 -13.350200 0 -15.219500 3.740940 223.532000 1037.120000 -13 1713 1 0 1.000000
-14.792000 -15.078100 0 14.303100 -2.129620 203.324000 1037.090000 -13 1714 1 0 1.000000
-21.065600 -11.135000 0 -13.409000 1.706820 199.994000 1037.310000 -13 1715 1 0 1.000000
-24.022500 -2.479370 0 13.509000 21.726500 209.913000 1037.280000 -13 1716 1 0 1.000000
-7.360780 -2.459970 0 28.877000 -2.483950 201.580000 1037.310000 -13 1717 1 0 1.000000
-8.527420 -21.848600 0 -15.078000 2.173210 215.274000 1037.200000 -13 1718 1 0 1.000000
-7.067950 -6.460620 0 12.837800 -26.035700 200.872000 1037.410000 -13 1719 1 0 1.000000
4.078640 -2.599180 0 20.035100 2.777370 205.491000 1037.240000 -13 1720 1 0 1.000000
-1.338150 9.222570 0 14.348400 -5.622270 215.531000 1037.450000 -13 1721 1 0 1.000000
-9.660450 -2.688570 0 -7.441860 -4.972550 216.042000 1037.270000 -13 1722 1 0 1.000000
-3.405370 -12.553300 0 -3.062330 -22.794100 211.045000 1037.330000 -13 1723 1 0 1.000000
13.077900 -10.031900 0 -10.875800 -6.866270 224.114000 1037.400000 -13 1724 1 0 1.000000
-20.644300 -7.107770 0 0.665296 -2.473680 209.544000 1037.420000 -13 1725 1 0 1.000000
-8.572400 -3.915640 0 4.125670 2.145670 194.879000 1037.350000 -13 1726 1 0 1.000000
1.573080 -7.614010 0 -2.440010 -12.511500 201.201000 1037.260000 -13 1727 1 0 1.000000
-11.950600 -15.782700 0 4.264150 6.284580 207.587000 1037.370000 -13 1728 1 0 1.000000
1.466290 -6.175570 0 -6.284480 4.075950 217.021000 1037.110000 -13 1729 1 0 1.000000
4.851000 -6.091780 0 0.374955 -1.327200 194.194000 1037.260000 -13 1730 1 0 1.000000
-9.074390 -18.752100 0 5.078200 -12.800100 202.544000 1036.970000 -13 1731 1 0 1.000000
-1.678700 -23.920500 0 -10.394900 1.432210 208.796000 1037.170000 -13 1732 1 0 1.000000
-4.930260 -6.135220 0 -13.288700 -5.512810 206.622000 1037.120000 -13 1733 1 0 1.000000
-9.639560 -14.057300 0 2.043840 -10.367900 222.665000 1037.270000 -13 1734 1 0 1.000000
2.033160 -12.791600 0 -6.620030 5.632030 210.927000 1037.510000 -13 1735 1 0 1.000000
1.272730 -6.058240 0 1.065170 3.374020 214.917000 1037.150000 -13 1736 1 0 1.000000
-3.786700 -4.626910 0 11.849100 6.301530 215.032000 1037.210000 -13 1737 1 0 1.000000
-2.793260 -6.859260 0 18.529700 -8.559930 216.111000 1037.290000 -13 1738 1 0 1.000000
-8.684600 -13.023600 0 8.720210 8.733850 207.450000 1037.040000 -13 1739 1 0 1.000000
4.227130 1.572720 0 6.345300 18.697800 218.363000 1037.260000 -13 1740 1 0 1.000000
-12.330200 -12.791200 0 10.982200 -0.703136 213.465000 1037.230000 -13 1741 1 0 1.000000
-1.484130 -1.907920 0 -8.408010 -17.798900 214.447000 1037.190000 -13 1742 1 0 1.000000
-13.128900 -2.749670 0 -7.120970 -0.257024 208.608000 1037.230000 -13 1743 1 0 1.000000
-17.772500 -12.943000 0 -15.132200 14.359200 211.362000 1037.510000 -13 1744 1 0 1.000000
-6.227380 -3.784280 0 13.125100 -7.898290 214.705000 1037.240000 -13 1745 1 0 1.000000
0.604143 -18.085800 0 -21.306900 19.061800 221.801000 1037.360000 -13 1746 1 0 1.000000
-12.626800 -9.744550 0 3.157800 -1.759620 198.481000 1037.300000 -13 1747 1 0 1.000000
10.170600 -0.119833 0 13.823300 7.961390 199.244000 1037.210000 -13 1748 1 0 1.000000
-8.490180 -11.075000 0 -10.808200 -19.537700 205.853000 1037.130000 -13 1749 1 0 1.000000
-5.213850 -6.940850 0 11.546300 -11.779100 203.268000 1037.180000 -13 1750 1 0 1.000000
-3.184090 -9.375400 0 -2.624590 -10.062400 221.215000 1037.030000 -13 1751 1 0 1.000000
-5.379140 -8.960410 0 -3.937230 -5.025730 207.705000 1037.280000 -13 1752 1 0 1.000000
-5.932610 -11.022200 0 7.012360 -9.799610 204.484000 1037.060000 -13 1753 1 0 1.000000
-0.846285 -6.321580 0 -5.433320 -2.372090 219.346000 1037.330000 -13 1754 1 0 1.000000
9.891720 3.534170 0 -11.307800 2.281120 204.578000 1037.330000 -13 1755 1 0 1.000000
-0.471319 -3.989380 0 6.168130 -9.756020 200.392000 1037.400000 -13 1756 1 0 1.000000
-9.969710 -2.689500 0 -13.623400 4.629690 202.119000 1037.100000 -13 1757 1 0 1.000000
-2.051610 -10.000500 0 -0.598437 -0.034645 204.745000 1036.970000 -13 1758 1 0 1.000000
-5.853890 -9.277620 0 -9.538770 -28.468500 206.653000 1037.280000 -13 1759 1 0 1.000000
-25.990700 -12.016500 0 7.995440 18.124700 205.504000 1037.250000 -13 1760 1 0 1.000000
-8.576660 -7.643630 0 9.033920 -7.132440 216.387000 1037.360000 -13 1761 1 0 1.000000
-26.414100 -8.660360 0 0.922303 -8.088580 218.463000 1036.990000 -13 1762 1 0 1.000000
-13.363800 -13.202900 0 19.289400 10.461000 213.538000 1037.260000 -13 1763 1 0 1.000000
1.316270 -7.625710 0 -1.215150 13.504400 196.040000 1037.220000 -13 1764 1 0 1.000000
-13.219100 -4.917220 0 -2.752040 -0.157165 197.553000 1037.190000 -13 1765 1 0 1.000000
-24.598400 13.091200 0 23.555200 14.311300 207.845000 1037.260000 -13 1766 1 0 1.000000
1.790030 -9.692600 0 -17.435800 5.642260 210.437000 1037.370000 -13 1767 1 0 1.000000
-20.225000 -9.152050 0 4.286130 19.662600 221.411000 1037.090000 -13 1768 1 0 1.000000
-6.431800 -17.157000 0 -6.537700 -4.338410 211.809000 1037.120000 -13 1769 1 0 1.000000
-15.265900 -6.898360 0 0.987261 -4.510050 201.463000 1037.320000 -13 1770 1 0 1.000000
-29.823000 -45.311200 0 -8.303280 -23.635000 213.485000 1037.310000 -13 1771 1 0 1.000000
-9.158650 -8.717320 0 4.061020 9.327940 216.765000 1037.260000 -13 1772 1 0 1.000000
-16.005100 -15.181400 0 -16.013000 -7.430920 213.829000 1037.080000 -13 1773 1 0 1.000000
2.280230 -6.438640 0 7.819540 -20.358000 191.853000 1037.350000 -13 1774 1 0 1.000000
-17.842100 -12.229900 0 -11.090100 16.505600 224.374000 1037.430000 -13 1775 1 0 1.000000
-2.605570 -11.906700 0 -2.083320 -3.107780 203.378000 1037.180000 -13 1776 1 0 1.000000
-9.556830 -13.579600 0 -4.635550 1.978890 200.831000 1037.100000 -13 1777 1 0 1.000000
-4.269990 -11.328900 0 11.510600 10.005200 206.537000 1037.180000 -13 1778 1 0 1.000000
-10.289300 -5.343320 0 -9.050780 -4.831110 219.812000 1037.240000 -13 1779 1 0 1.000000
-21.447900 1.811360 0 9.084060 -0.873482 202.767000 1037.370000 -13 1780 1 0 1.000000
11.553000 1.788640 0 3.471410 -21.601900 196.974000 1037.340000 -13 1781 1 0 1.000000
-10.816800 -1.420340 0 -7.984040 -3.746890 204.211000 1037.080000 -13 1782 1 0 1.000000
-11.848500 -8.133030 0 -3.017020 28.947100 207.690000 1037.150000 -13 1783 1 0 1.000000
-2.217570 -2.464500 0 -1.494420 -16.375200 195.134000 1037.160000 -13 1784 1 0 1.000000
-6.370380 -4.955170 0 5.702040 -11.613800 199.983000 1037.190000 -13 1785 1 0 1.000000
-5.428800 -10.375200 0 -15.519300 -22.826200 208.922000 1037.200000 -13 1786 1 0 1.000000
-8.395980 -9.490470 0 -4.209540 -9.288190 214.011000 1037.280000 -13 1787 1 0 1.000000
-26.950100 1.961750 0 16.377200 -3.447890 219.421000 1037.220000 -13 1788 1 0 1.000000
-7.040260 2.975240 0 12.953800 13.116700 220.930000 1037.300000 -13 1789 1 0 1.000000
-5.204050 -17.098000 0 -4.776310 19.353700 199.096000 1037.070000 -13 1790 1 0 1.000000
-8.499590 -17.193600 0 6.279500 8.745530 201.438000 1037.230000 -13 1791 1 0 1.000000
-1.865840 -6.243380 0 -12.810500 1.551140 205.137000 1037.140000 -13 1792 1 0 1.000000
1.307140 2.216110 0 13.402300 -0.489865 205.528000 1037.420000 -13 1793 1 0 1.000000
5.392860 3.663810 0 4.473230 4.461970 209.415000 1037.340000 -13 1794 1 0 1.000000
-17.276300 -21.783600 0 2.970950 13.402600 210.465000 1037.370000 -13 1795 1 0 1.000000
-9.572680 -10.246100 0 4.640460 -7.551150 207.742000 1037.310000 -13 1796 1 0 1.000000
-12.134900 -10.512000 0 -11.269000 -10.583100 225.471000 1037.260000 -13 1797 1 0 1.000000
-10.590200 -19.177300 0 -2.120900 4.594550 201.927000 1037.220000 -13 1798 1 0 1.000000
-13.176600 7.026870 0 7.231760 18.014200 204.656000 1037.200000 -13 1799 1 0 1.000000
2.137640 -20.931400 0 -7.965960 -18.085100 215.213000 1037.260000 -13 1800 1 0 1.000000
-14.613700 -7.457530 0 13.156200 -3.682740 219.445000 1037.170000 -13 1801 1 0 1.000000
-18.573600 -14.284900 0 -17.132000 6.683700 213.521000 1037.530000 -13 1802 1 0 1.000000
-5.002280 -6.879010 0 -11.972600 -7.425040 212.290000 1037.260000 -13 1803 1 0 1.000000
-0.230380 2.876080 0 -1.256160 -17.416800 203.220000 1037.300000 -13 1804 1 0 1.000000
1.114210 -5.566450 0 12.363600 9.254760 199.649000 1037.370000 -13 1805 1 0 1.000000
-6.198010 -18.206100 0 -2.953220 -13.043900 201.103000 1036.870000 -13 1806 1 0 1.000000
-10.254200 -4.496830 0 -15.428400 -1.754470 197.401000 1037.140000 -13 1807 1 0 1.000000
-2.056030 -15.298800 0 3.754100 -17.289000 201.169000 1037.330000 -13 1808 1 0 1.000000
-14.678300 -5.869580 0 -11.595600 -8.209920 206.114000 1037.440000 -13 1809 1 0 1.000000
1.769400 -13.589400 0 -10.032300 -12.868500 212.176000 1037.070000 -13 1810 1 0 1.000000
-2.036490 -3.758600 0 -5.220640 -13.079700 199.451000 1037.060000 -13 1811 1 0 1.000000
-6.523020 -16.022300 0 11.043300 11.853200 220.325000 1037.520000 -13 1812 1 0 1.000000
19.236000 -11.139000 0 2.531300 -3.396080 208.068000 1037.340000 -13 1813 1 0 1.000000
3.354760 -12.663700 0 -5.414720 -11.653700 200.398000 1037.120000 -13 1814 1 0 1.000000
-1.174370 0.403821 0 12.071100 11.474900 215.613000 1037.170000 -13 1815 1 0 1.000000
-9.421200 -7.241490 0 28.930100 -17.602700 219.334000 1037.380000 -13 1816 1 0 1.000000
-6.716730 -4.889860 0 -2.239970 1.673150 214.105000 1037.090000 -13 1817 1 0 1.000000
-24.037100 -0.697908 0 -7.118080 8.686630 210.114000 1037.170000 -13 1818 1 0 1.000000
-0.603574 -4.782100 0 16.599900 -0.766488 191.224000 1037.350000 -13 1819 1 0 1.000000
1.303080 -10.697700 0 8.230990 -8.281790 202.775000 1037.520000 -13 1820 1 0 1.000000
-11.449400 7.583040 0 5.183060 -3.399820 200.697000 1037.130000 -13 1821 1 0 1.000000
0.094866 -8.743850 0 5.430760 12.332200 218.007000 1037.180000 -13 1822 1 0 1.000000
-7.586440 -7.980230 0 -10.942600 4.004800 220.236000 1037.390000 -13 1823 1 0 1.000000
-10.272200 -6.799600 0 4.754270 -12.417200 194.864000 1037.220000 -13 1824 1 0 1.000000
-11.726100 -18.315700 0 6.119530 -7.556640 187.080000 1037.420000 -13 1825 1 0 1.000000
-12.982000 -19.097700 0 2.312390 -20.102300 224.374000 1037.390000 -13 1826 1 0 1.000000
13.114800 -8.479530 0 2.029300 -5.036710 211.774000 1037.340000 -13 1827 1 0 1.000000
-3.841460 11.691200 0 17.253500 1.631640 203.146000 1037.170000 -13 1828 1 0 1.000000
-5.043780 -10.872000 0 -3.680810 6.280930 196.920000 1036.980000 -13 1829 1 0 1.000000
-20.784200 -25.833600 0 1.403140 -20.463900 216.161000 1037.200000 -13 1830 1 0 1.000000
-19.971900 -20.064400 0 4.800180 9.971500 202.118000 1037.340000 -13 1831 1 0 1.000000
-6.647880 -20.442900 0 4.186540 -1.772280 211.545000 1037.180000 -13 1832 1 0 1.000000
-21.777100 -0.016011 0 -6.392690 17.614000 207.092000 1037.170000 -13 1833 1 0 1.000000
-12.849200 -10.764600 0 -14.370600 -13.631700 205.666000 1037.180000 -13 1834 1 0 1.000000
-9.987430 -5.789260 0 0.326468 -3.058380 202.446000 1037.210000 -13 1835 1 0 1.000000
1.175690 -10.492800 0 11.090300 -2.001950 198.616000 1037.520000 -13 1836 1 0 1.000000
4.266850 -11.100000 0 5.804200 -5.784890 205.750000 1037.090000 -13 1837 1 0 1.000000
-3.002950 -11.669800 0 -13.057700 -6.269540 208.085000 1037.150000 -13 1838 1 0 1.000000
-9.552320 -21.803300 0 -14.280500 4.336280 214.483000 1037.270000 -13 1839 1 0 1.000000
-5.665400 8.825450 0 1.017940 -20.408500 191.910000 1037.400000 -13 1840 1 0 1.000000
3.183340 1.588670 0 20.267400 -22.134700 206.317000 1037.200000 -13 1841 1 0 1.000000
4.042670 -16.363400 0 1.497070 2.879790 217.486000 1037.280000 -13 1842 1 0 1.000000
-19.641100 1.407130 0 -20.430600 15.939000 211.344000 1036.990000 -13 1843 1 0 1.000000
-2.201210 -1.650720 0 5.285470 5.438850 205.065000 1037.330000 -13 1844 1 0 1.000000
-18.343600 4.349180 0 27.288300 -15.683400 214.321000 1037.280000 -13 1845 1 0 1.000000
-11.193200 -5.614160 0 -13.251300 15.037500 208.617000 1037.320000 -13 1846 1 0 1.000000
-26.635000 -7.890970 0 -15.565100 38.027200 222.276000 1037.340000 -13 1847 1 0 1.000000
-0.008067 -4.625790 0 33.867900 -19.272800 201.379000 1037.430000 -13 1848 1 0 1.000000
1.656480 -5.241970 0 3.898540 -11.839800 197.566000 1037.100000 -13 1849 1 0 1.000000
0.370083 -5.218250 0 4.271800 5.261910 189.037000 1037.190000 -13 1850 1 0 1.000000
-14.048400 -7.577600 0 2.071550 -3.066390 222.477000 1037.210000 -13 1851 1 0 1.000000
-16.094400 -7.049380 0 -23.693700 -17.248200 211.054000 1037.210000 -13 1852 1 0 1.000000
-13.870600 -19.407100 0 14.676800 -7.727620 201.607000 1037.230000 -13 1853 1 0 1.000000
-1.044150 -2.156900 0 16.719200 13.105800 226.487000 1037.120000 -13 1854 1 0 1.000000
-23.859600 -3.855300 0 -4.567540 -9.312140 197.019000 1037.130000 -13 1855 1 0 1.000000
-12.773300 -12.159400 0 4.615980 6.565730 194.055000 1037.260000 -13 1856 1 0 1.000000
-15.603200 -9.259200 0 14.600300 27.108600 212.746000 1037.490000 -13 1857 1 0 1.000000
3.986860 10.805500 0 23.103400 7.449570 218.787000 1037.120000 -13 1858 1 0 1.000000
-9.867630 -5.969860 0 -13.301900 17.553000 209.891000 1037.120000 -13 1859 1 0 1.000000
-0.761222 -12.447300 0 14.612600 3.332480 201.433000 1037.250000 -13 1860 1 0 1.000000
-3.777970 -20.889100 0 -7.067220 7.545240 207.429000 1037.340000 -13 1861 1 0 1.000000
2.240940 -16.955800 0 -6.714330 14.977800 206.294000 1037.330000 -13 1862 1 0 1.000000
-6.389740 -0.279507 0 -10.460800 -4.887390 215.146000 1037.280000 -13 1863 1 0 1.000000
-1.751690 -7.278750 0 -9.147840 -3.106780 206.994000 1037.280000 -13 1864 1 0 1.000000
6.031190 10.690100 0 3.976040 3.112430 206.312000 1037.290000 -13 1865 1 0 1.000000
-8.852030 -12.015400 0 -3.746820 -12.867200 211.392000 1037.020000 -13 1866 1 0 1.000000
-4.944020 -7.388380 0 0.077889 4.347620 221.948000 1037.060000 -13 1867 1 0 1.000000
-1.249580 -5.817530 0 -22.104700 5.410810 216.281000 1037.030000 -13 1868 1 0 1.000000
-4.936660 -1.731460 0 -7.980560 9.813770 215.816000 1037.170000 -13 1869 1 0 1.000000
-2.119180 -2.491870 0 -5.704710 -11.862500 210.236000 1037.250000 -13 1870 1 0 1.000000
-1.021950 0.061046 0 16.178600 19.165900 217.141000 1037.250000 -13 1871 1 0 1.000000
-12.914700 5.437110 0 14.703500 -15.196700 217.474000 1037.210000 -13 1872 1 0 1.000000
-1.812790 -9.902720 0 13.108900 -4.208740 202.510000 1037.290000 -13 1873 1 0 1.000000
-8.425570 8.667400 0 -2.464590 14.473200 207.423000 1037.030000 -13 1874 1 0 1.000000
-14.091700 -1.259560 0 -8.047290 9.829610 221.728000 1037.230000 -13 1875 1 0 1.000000
-9.608700 -15.174500 0 13.728400 -0.819330 224.967000 1037.430000 -13 1876 1 0 1.000000
-9.179680 -16.026000 0 -5.173380 -3.731710 200.523000 1037.220000 -13 1877 1 0 1.000000
-9.262640 -11.423900 0 6.965860 -6.439360 217.750000 1037.100000 -13 1878 1 0 1.000000
-6.141140 -4.324200 0 -4.637950 -7.044030 207.581000 1037.310000 -13 1879 1 0 1.000000
-1.264560 0.255851 0 -10.096300 -0.904362 202.642000 1037.200000 -13 1880 1 0 1.000000
2.004220 -5.179020 0 -14.298800 10.410700 200.185000 1037.010000 -13 1881 1 0 1.000000
-6.876570 -10.331000 0 -1.623180 5.213190 197.222000 1037.240000 -13 1882 1 0 1.000000
-1.406550 -8.284930 0 -10.552600 -5.375930 209.849000 1037.110000 -13 1883 1 0 1.000000
5.108170 4.471710 0 17.010000 1.975080 201.621000 1037.290000 -13 1884 1 0 1.000000
-7.507400 -0.853941 0 -0.645062 -2.692910 198.416000 1037.230000 -13 1885 1 0 1.000000
-12.679400 0.114167 0 2.745860 -15.696200 219.512000 1037.220000 -13 1886 1 0 1.000000
-4.072270 -21.970100 0 -11.573300 -3.533290 219.642000 1037.180000 -13 1887 1 0 1.000000
-13.640400 -5.566650 0 2.485080 -18.534300 208.359000 1037.080000 -13 1888 1 0 1.000000
-15.294400 -7.143510 0 11.164000 8.723980 225.103000 1037.380000 -13 1889 1 0 1.000000
10.018600 -6.771970 0 -1.736060 -15.718600 208.563000 1037.330000 -13 1890 1 0 1.000000
11.671700 -4.340430 0 -7.793490 1.097990 210.456000 1037.080000 -13 1891 1 0 1.000000
-22.303700 -14.287800 0 -30.473500 29.535800 218.806000 1037.020000 -13 1892 1 0 1.000000
-0.395089 -9.471350 0 9.078940 -11.029400 209.178000 1037.340000 -13 1893 1 0 1.000000
-10.790000 4.562430 0 0.916832 7.729610 216.699000 1037.100000 -13 1894 1 0 1.000000
-12.441300 -15.737300 0 -2.205430 -9.004100 207.628000 1037.270000 -13 1895 1 0 1.000000
4.751510 -3.417510 0 -0.970730 -17.599000 196.476000 1037.060000 -13 1896 1 0 1.000000
-1.562390 -12.893700 0 0.576296 3.201230 194.548000 1037.100000 -13 1897 1 0 1.000000
1.073050 -9.790660 0 -7.009740 -16.491200 197.805000 1037.050000 -13 1898 1 0 1.000000
-20.891300 1.174760 0 2.252260 2.494530 216.329000 1037.110000 -13 1899 1 0 1.000000
-17.386900 3.940150 0 -0.045498 1.257550 198.714000 1037.110000 -13 1900 1 0 1.000000
9.132110 -10.931600 0 -25.661800 -19.316300 207.768000 1037.120000 -13 1901 1 0 1.000000
-22.272200 -3.617720 0 -7.906020 4.247330 219.479000 1037.020000 -13 1902 1 0 1.000000
-15.525300 -1.221440 0 12.335300 -0.739311 207.820000 1037.430000 -13 1903 1 0 1.000000
-15.620900 -13.971300 0 -11.585500 16.061100 230.555000 1037.210000 -13 1904 1 0 1.000000
-23.590800 -10.503000 0 -2.213280 -8.581590 214.714000 1037.350000 -13 1905 1 0 1.000000
15.639700 -18.363100 0 -16.578800 8.735610 203.060000 1037.310000 -13 1906 1 0 1.000000
0.420164 -10.065500 0 13.187200 -1.688340 206.843000 1037.150000 -13 1907 1 0 1.000000
-8.991680 1.165870 0 -2.513640 -4.232630 201.568000 1037.040000 -13 1908 1 0 1.000000
-17.325300 -8.097100 0 -6.771330 11.071000 206.730000 1037.280000 -13 1909 1 0 1.000000
-9.172580 -9.899500 0 8.485190 3.323850 215.671000 1037.290000 -13 1910 1 0 1.000000
-11.348500 -12.613600 0 -0.493900 13.356300 207.559000 1037.260000 -13 1911 1 0 1.000000
5.728110 -5.642370 0 8.101370 -12.644900 202.534000 1037.190000 -13 1912 1 0 1.000000
0.618024 -1.854400 0 -5.158610 -5.495370 223.526000 1037.330000 -13 1913 1 0 1.000000
-4.466020 -18.271900 0 1.394570 -12.781300 196.699000 1037.480000 -13 1914 1 0 1.000000
-0.570515 -20.380500 0 -30.838800 8.539460 219.012000 1037.590000 -13 1915 1 0 1.000000
-8.009980 -16.389000 0 10.494000 -1.536940 209.993000 1037.270000 -13 1916 1 0 1.000000
-8.149350 -4.473430 0 -7.072410 29.450100 219.633000 1037.430000 -13 1917 1 0 1.000000
-4.165660 3.500650 0 -8.039340 -1.670170 216.907000 1037.200000 -13 1918 1 0 1.000000
-0.997294 2.670400 0 2.252080 6.618650 221.275000 1037.240000 -13 1919 1 0 1.000000
-11.815600 -7.421620 0 -13.567000 0.249323 213.049000 1037.100000 -13 1920 1 0 1.000000
-9.346760 -8.350940 0 -6.009310 2.933360 208.353000 1037.420000 -13 1921 1 0 1.000000
19.190000 0.106078 0 8.197680 -29.491000 200.299000 1037.130000 -13 1922 1 0 1.000000
-9.298540 -6.408960 0 -16.460700 1.969240 205.258000 1037.250000 -13 1923 1 0 1.000000
-0.940195 -6.281130 0 11.397400 17.351100 201.567000 1037.310000 -13 1924 1 0 1.000000
0.929588 -10.664600 0 3.564120 -19.394200 201.912000 1037.240000 -13 1925 1 0 1.000000
-13.541000 -13.648800 0 -11.387500 12.792800 220.090000 1037.280000 -13 1926 1 0 1.000000
-10.729600 2.597320 0 29.872000 -2.880160 194.656000 1037.120000 -13 1927 1 0 1.000000
3.564790 -19.345400 0 -7.717810 4.335590 210.375000 1037.150000 -13 1928 1 0 1.000000
-13.101100 4.757260 0 29.328500 9.590730 196.264000 1037.390000 -13 1929 1 0 1.000000
-8.650620 -16.187700 0 6.747030 -10.553700 210.090000 1037.440000 -13 1930 1 0 1.000000
-7.158480 -11.792000 0 -19.427000 29.148000 206.840000 1036.990000 -13 1931 1 0 1.000000
-10.472900 -12.745600 0 -8.931060 3.884590 204.447000 1037.370000 -13 1932 1 0 1.000000
-9.765650 -1.896060 0 -8.853390 -4.817700 206.261000 1037.280000 -13 1933 1 0 1.000000
-16.395900 2.724440 0 4.380260 11.794200 219.618000 1037.210000 -13 1934 1 0 1.000000
2.102400 -8.016470 0 -16.613300 -4.607610 204.740000 1037.370000 -13 1935 1 0 1.000000
0.166655 -16.299900 0 -5.270370 20.970500 204.553000 1037.280000 -13 1936 1 0 1.000000
-5.643220 -1.291780 0 -7.382550 -4.919460 214.609000 1037.310000 -13 1937 1 0 1.000000
-11.305500 -6.299930 0 -13.951200 0.391262 204.649000 1037.110000 -13 1938 1 0 1.000000
-9.381500 -9.804950 0 16.198200 11.480900 207.289000 1037.180000 -13 1939 1 0 1.000000
-6.256690 -13.644500 0 24.530600 0.467196 219.477000 1037.100000 -13 1940 1 0 1.000000
-8.252470 -5.932370 0 0.690088 4.522690 195.393000 1037.050000 -13 1941 1 0 1.000000
6.051390 -22.380500 0 -18.024600 -4.054480 219.226000 1037.230000 -13 1942 1 0 1.000000
-13.939200 -4.404600 0 18.143900 3.615160 193.864000 1037.140000 -13 1943 1 0 1.000000
-3.388030 -17.821600 0 -4.945800 7.531850 202.155000 1037.140000 -13 1944 1 0 1.000000
2.839090 -13.384000 0 -1.547900 2.445850 209.688000 1037.100000 -13 1945 1 0 1.000000
-10.463900 0.051764 0 -5.919090 2.469780 214.292000 1037.420000 -13 1946 1 0 1.000000
-12.400500 -8.647850 0 -6.045280 -14.611300 214.476000 1037.050000 -13 1947 1 0 1.000000
-10.631900 -8.129440 0 9.948540 8.865980 224.728000 1037.230000 -13 1948 1 0 1.000000
-17.488100 1.538670 0 8.915620 -7.894650 207.226000 1037.340000 -13 1949 1 0 1.000000
-9.218990 -13.537800 0 17.042000 4.778290 202.545000 1037.320000 -13 1950 1 0 1.000000
-10.990100 -7.577290 0 -25.031600 15.967600 199.554000 1037.340000 -13 1951 1 0 1.000000
0.459933 -21.507300 0 -2.330420 11.541700 222.609000 1037.330000 -13 1952 1 0 1.000000
-12.795200 -9.155320 0 -8.701400 9.187660 213.069000 1037.370000 -13 1953 1 0 1.000000
-7.340930 3.779610 0 19.985800 -7.145950 216.019000 1037.280000 -13 1954 1 0 1.000000
-20.260200 -12.019200 0 1.962190 -5.179740 200.188000 1037.440000 -13 1955 1 0 1.000000
-8.809260 -9.399620 0 15.838700 6.383340 223.159000 1037.340000 -13 1956 1 0 1.000000
-17.701900 -3.935960 0 4.372560 2.001800 231.970000 1037.360000 -13 1957 1 0 1.000000
-12.677400 -1.058480 0 -3.680310 1.540550 212.939000 1037.100000 -13 1958 1 0 1.000000
-9.928000 -5.479700 0 -11.192400 9.710940 210.507000 1037.160000 -13 1959 1 0 1.000000
-6.223320 -11.460700 0 20.218500 -8.695620 201.644000 1037.360000 -13 1960 1 0 1.000000
-4.467130 0.697520 0 10.115100 -10.449300 198.066000 1037.110000 -13 1961 1 0 1.000000
-13.409400 -10.953600 0 -6.109760 -7.221690 213.931000 1037.050000 -13 1962 1 0 1.000000
-7.044760 -9.475750 0 -5.793880 0.446248 207.324000 1037.320000 -13 1963 1 0 1.000000
-12.423100 -13.511300 0 -14.722400 -8.122320 215.876000 1037.180000 -13 1964 1 0 1.000000
5.007630 1.259730 0 -13.174700 7.443540 224.834000 1037.190000 -13 1965 1 0 1.000000
-16.676900 -4.313510 0 1.119230 4.283080 215.884000 1037.250000 -13 1966 1 0 1.000000
-12.711300 -6.106310 0 -2.448380 2.491950 208.678000 1037.420000 -13 1967 1 0 1.000000
-16.451400 -8.803640 0 3.181480 -1.074810 210.512000 1037.210000 -13 1968 1 0 1.000000
-12.697100 -0.322471 0 -24.658900 9.869730 222.335000 1037.280000 -13 1969 1 0 1.000000
-11.574200 -11.807800 0 0.085399 -17.038900 207.052000 1037.210000 -13 1970 1 0 1.000000
-14.234500 5.356240 0 10.206100 -7.491100 222.549000 1037.300000 -13 1971 1 0 1.000000
-7.021070 -2.950940 0 4.066800 -18.677100 213.093000 1037.130000 -13 1972 1 0 1.000000
-13.155200 -3.474200 0 13.357600 -7.900030 213.826000 1037.270000 -13 1973 1 0 1.000000
-13.065200 -1.531160 0 -0.609049 3.143480 215.235000 1037.340000 -13 1974 1 0 1.000000
4.309950 -2.845670 0 -7.285320 -12.387400 227.214000 1037.150000 -13 1975 1 0 1.000000
0.820742 7.780730 0 9.524130 -25.344200 202.312000 1037.160000 -13 1976 1 0 1.000000
7.341910 -8.340880 0 -2.281310 12.070800 206.980000 1037.060000 -13 1977 1 0 1.000000
-9.266260 3.324090 0 -0.087734 9.582930 206.041000 1037.230000 -13 1978 1 0 1.000000
2.771660 -4.741940 0 -3.280550 6.321520 211.968000 1037.490000 -13 1979 1 0 1.000000
-11.029300 -8.161440 0 0.215813 -0.725581 217.681000 1037.210000 -13 1980 1 0 1.000000
-10.866200 -9.532200 0 13.899600 -26.837100 221.509000 1037.320000 -13 1981 1 0 1.000000
-6.590750 -8.952990 0 8.814410 -0.391492 211.188000 1037.140000 -13 1982 1 0 1.000000
4.849930 -9.812590 0 -2.322890 9.558290 204.732000 1037.140000 -13 1983 1 0 1.000000
-6.522110 -7.566450 0 -8.088130 -8.207400 201.827000 1037.190000 -13 1984 1 0 1.000000
0.070834 -16.606700 0 -5.706060 -2.747590 199.602000 1037.040000 -13 1985 1 0 1.000000
-13.942500 -4.285050 0 7.042690 -10.098200 207.432000 1037.250000 -13 1986 1 0 1.000000
-1.959350 -13.639500 0 -20.448800 -18.657600 213.923000 1037.030000 -13 1987 1 0 1.000000
-0.271200 -5.000980 0 -1.300260 3.243790 213.874000 1037.090000 -13 1988 1 0 1.000000
-11.463800 -8.425300 0 5.197580 7.634900 206.740000 1037.150000 -13 1989 1 0 1.000000
-2.562510 -1.376410 0 -0.897693 -5.547150 203.390000 1037.130000 -13 1990 1 0 1.000000
-5.197780 0.570630 0 0.162164 -3.456320 198.400000 1036.990000 -13 1991 1 0 1.000000
3.547780 0.784573 0 -11.010300 -1.907900 203.547000 1037.300000 -13 1992 1 0 1.000000
-20.076000 -1.622590 0 -0.261403 -6.701910 201.430000 1037.440000 -13 1993 1 0 1.000000
8.755930 -2.351620 0 -16.460700 -6.259780 208.666000 1037.530000 -13 1994 1 0 1.000000
-4.490800 -2.103240 0 -7.119730 -12.896400 197.987000 1037.090000 -13 1995 1 0 1.000000
-20.664100 -7.973340 0 -11.105400 17.566500 210.613000 1037.300000 -13 1996 1 0 1.000000
-4.009880 0.536934 0 -4.153570 -7.032210 213.499000 1037.120000 -13 1997 1 0 1.000000
-12.781200 -12.397600 0 -5.845550 10.785100 224.826000 1037.190000 -13 1998 1 0 1.000000
-0.190982 -11.403000 0 -1.421540 -6.502530 194.138000 1037.440000 -13 1999 1 0 1.000000
-15.274300 -17.942900 0 3.808920 -18.185100 218.351000 1037.350000 -13 2000 1 0 1.000000
-16.429700 -5.305380 0 19.243000 -2.299990 200.324000 1037.100000 -13 2001 1 0 1.000000
-9.654380 2.951580 0 -1.137760 18.108800 210.600000 1037.190000 -13 2002 1 0 1.000000
-16.413300 -2.093490 0 16.499500 -7.986070 198.735000 1037.330000 -13 2003 1 0 1.000000
5.801700 -14.261700 0 27.947600 -9.513550 204.048000 1037.650000 -13 2004 1 0 1.000000
0.979505 -15.063100 0 2.739660 17.252400 203.214000 1037.080000 -13 2005 1 0 1.000000
2.850540 -16.467100 0 -9.919820 -6.113710 191.862000 1037.170000 -13 2006 1 0 1.000000
-3.560120 -19.358100 0 -17.430400 13.196800 204.459000 1037.260000 -13 2007 1 0 1.000000
-14.852100 1.078070 0 -16.092700 -23.461300 198.118000 1037.190000 -13 2008 1 0 1.000000
-9.050180 -4.353490 0 5.143490 7.642850 197.997000 1037.150000 -13 2009 1 0 1.000000
-16.643300 0.955036 0 30.568000 1.899310 222.911000 1037.320000 -13 2010 1 0 1.000000
-22.892800 12.067900 0 1.374520 -4.555880 211.987000 1037.130000 -13 2011 1 0 1.000000
-3.337670 -5.258240 0 -0.177632 -7.552430 226.057000 1037.190000 -13 2012 1 0 1.000000
-9.684610 -8.228020 0 -12.659500 7.772100 203.608000 1037.260000 -13 2013 1 0 1.000000
-19.439800 -15.590700 0 3.238040 2.388170 220.759000 1037.330000 -13 2014 1 0 1.000000
-11.157400 -15.076100 0 -3.427050 12.262300 204.012000 1037.280000 -13 2015 1 0 1.000000
-2.511290 -3.680200 0 -10.410200 6.392830 207.263000 1037.400000 -13 2016 1 0 1.000000
-0.326961 -10.331300 0 -12.405200 -11.292300 199.148000 1037.040000 -13 2017 1 0 1.000000
-6.992050 -10.219300 0 -0.212297 -8.933460 200.156000 1037.320000 -13 2018 1 0 1.000000
8.454860 -8.020330 0 8.847840 -0.976788 208.168000 1037.350000 -13 2019 1 0 1.000000
-13.737500 -2.545310 0 6.644330 19.443300 204.765000 1037.360000 -13 2020 1 0 1.000000
4.186960 -4.961180 0 2.327650 -6.536100 193.260000 1037.230000 -13 2021 1 0 1.000000
-10.674100 -19.455300 0 -29.605100 -3.102610 227.942000 1037.160000 -13 2022 1 0 1.000000
-17.835200 -13.949000 0 -15.744500 4.922050 200.032000 1037.310000 -13 2023 1 0 1.000000
-16.070600 1.496270 0 17.950300 -0.237374 214.408000 1037.420000 -13 2024 1 0 1.000000
-5.476550 -11.847200 0 21.242800 -10.862000 197.707000 1037.210000 -13 2025 1 0 1.000000
4.153240 -14.535500 0 -3.140190 3.674700 189.389000 1037.100000 -13 2026 1 0 1.000000
-7.578740 -7.404170 0 16.088900 2.443460 193.580000 1037.310000 -13 2027 1 0 1.000000
1.537700 -10.664200 0 6.198800 -10.841900 216.357000 1037.310000 -13 2028 1 0 1.000000
-3.634950 -1.122760 0 -14.897700 -16.534100 220.574000 1037.110000 -13 2029 1 0 1.000000
-9.048430 -10.315700 0 4.796530 16.914100 217.522000 1037.020000 -13 2030 1 0 1.000000
-10.165900 10.370500 0 12.101700 0.042083 206.382000 1037.070000 -13 2031 1 0 1.000000
-1.456430 0.740049 0 -5.536210 -3.926110 208.997000 1037.150000 -13 2032 1 0 1.000000
-10.260600 -16.338600 0 -4.980010 8.017520 206.400000 1037.070000 -13 2033 1 0 1.000000
1.423640 -14.781000 0 3.698380 -2.904500 198.138000 1037.050000 -13 2034 1 0 1.000000
5.366490 -11.921400 0 4.489980 -10.011500 199.657000 1037.110000 -13 2035 1 0 1.000000
-15.509500 -5.942310 0 -4.838550 2.770620 230.409000 1037.150000 -13 2036 1 0 1.000000
3.674360 -19.933200 0 0.756658 2.007250 197.260000 1037.410000 -13 2037 1 0 1.000000
12.810500 -10.199200 0 -14.364000 -2.080220 204.684000 1037.450000 -13 2038 1 0 1.000000
-7.304140 -4.385240 0 4.120010 -8.374790 209.821000 1037.370000 -13 2039 1 0 1.000000
7.441520 -0.717152 0 15.957600 21.681600 217.473000 1037.070000 -13 2040 1 0 1.000000
-8.801720 -7.377130 0 -2.783970 17.765500 202.847000 1037.260000 -13 2041 1 0 1.000000
-7.334550 -12.107900 0 18.771400 3.118470 213.097000 1037.260000 -13 2042 1 0 1.000000
-13.401500 -7.573660 0 27.846300 -9.889600 215.373000 1037.160000 -13 2043 1 0 1.000000
-11.878800 -10.392100 0 -20.549700 -7.636500 222.802000 1037.370000 -13 2044 1 0 1.000000
-10.005000 -11.626900 0 -10.725300 21.472300 221.877000 1037.210000 -13 2045 1 0 1.000000
-1.738520 7.754470 0 23.298100 -0.951803 205.935000 1037.340000 -13 2046 1 0 1.000000
-26.610400 -7.824480 0 1.965390 7.752430 219.923000 1037.340000 -13 2047 1 0 1.000000
-1.150160 -6.323190 0 -1.577860 -15.507600 214.154000 1037.340000 -13 2048 1 0 1.000000
8.662150 4.092870 0 -11.094900 -18.822600 221.909000 1037.460000 -13 2049 1 0 1.000000
-1.289010 3.827870 0 -13.470400 -5.694140 205.082000 1037.230000 -13 2050 1 0 1.000000
-13.580300 -6.237290 0 -6.630080 -3.680780 209.150000 1037.430000 -13 2051 1 0 1.000000
-7.636790 -6.180170 0 -20.142400 13.683300 208.526000 1037.440000 -13 2052 1 0 1.000000
7.700510 -17.188900 0 -6.578250 -9.668940 212.725000 1037.350000 -13 2053 1 0 1.000000
-7.217130 -5.086450 0 2.066070 -10.171400 192.481000 1037.300000 -13 2054 1 0 1.000000
-1.284640 -7.733850 0 -1.456660 -6.094330 213.317000 1037.310000 -13 2055 1 0 1.000000
-1.539680 -11.283000 0 6.433100 -2.986320 211.170000 1037.320000 -13 2056 1 0 1.000000
-5.421330 -2.707760 0 6.170850 2.702180 207.744000 1037.510000 -13 2057 1 0 1.000000
-3.766140 -10.332200 0 -8.567600 -17.490900 220.940000 1037.340000 -13 2058 1 0 1.000000
-17.500600 -15.912700 0 3.180530 -5.607980 214.550000 1037.060000 -13 2059 1 0 1.000000
-21.742900 -1.512980 0 18.778300 0.319443 215.401000 1037.320000 -13 2060 1 0 1.000000
8.134600 -13.869500 0 3.113730 23.278700 208.909000 1037.070000 -13 2061 1 0 1.000000
0.405668 -6.715220 0 3.962060 -6.648740 218.966000 1037.600000 -13 2062 1 0 1.000000
-4.240910 -3.372930 0 -5.634610 3.544570 205.793000 1037.220000 -13 2063 1 0 1.000000
-4.608290 -8.443130 0 23.881800 16.603000 215.494000 1037.340000 -13 2064 1 0 1.000000
-30.456900 -11.677700 0 19.502200 3.882220 214.678000 1037.500000 -13 2065 1 0 1.000000
-4.015610 -18.580300 0 2.808980 29.845600 201.062000 1037.300000 -13 2066 1 0 1.000000
1.821880 -7.663110 0 -0.590631 1.026290 211.017000 1037.430000 -13 2067 1 0 1.000000
-7.282320 -7.466040 0 4.801830 -6.735160 199.534000 1037.330000 -13 2068 1 0 1.000000
-2.857810 -0.514045 0 15.538700 -12.097600 216.557000 1037.300000 -13 2069 1 0 1.000000
-15.132300 -9.747050 0 -2.633630 8.955870 209.139000 1037.210000 -13 2070 1 0 1.000000
-8.732690 -1.507770 0 -4.462970 14.221800 198.744000 1037.060000 -13 2071 1 0 1.000000
9.960950 -9.237910 0 4.533500 -17.570800 203.069000 1037.320000 -13 2072 1 0 1.000000
-3.980830 -12.612200 0 9.839740 6.263340 192.691000 1037.030000 -13 2073 1 0 1.000000
-2.794920 -5.978110 0 2.497110 -3.602370 198.039000 1037.160000 -13 2074 1 0 1.000000
-1.194260 -21.785000 0 -2.379790 2.172620 213.017000 1037.210000 -13 2075 1 0 1.000000
-4.319780 -6.904480 0 6.613770 4.942770 199.347000 1037.400000 -13 2076 1 0 1.000000
4.768720 -5.586680 0 1.334430 -24.742300 209.132000 1037.120000 -13 2077 1 0 1.000000
-0.338352 -10.432600 0 -2.175080 23.974200 192.493000 1037.340000 -13 2078 1 0 1.000000
-8.297960 3.695910 0 2.328130 -0.359065 204.434000 1037.390000 -13 2079 1 0 1.000000
-5.905010 -7.486380 0 -8.533470 8.796650 231.727000 1037.390000 -13 2080 1 0 1.000000
-5.176290 -12.263100 0 1.804820 -14.697200 207.888000 1037.330000 -13 2081 1 0 1.000000
-8.312020 -8.470140 0 -13.538600 -6.205820 199.601000 1037.010000 -13 2082 1 0 1.000000
-0.903614 -23.366600 0 -12.626700 6.655340 211.442000 1037.230000 -13 2083 1 0 1.000000
10.075300 -15.615700 0 -5.719190 17.645900 192.351000 1037.200000 -13 2084 1 0 1.000000
-13.732500 -24.155800 0 -12.677500 4.647240 219.566000 1037.420000 -13 2085 1 0 1.000000
1.073540 -12.567400 0 16.454600 3.168050 194.688000 1037.220000 -13 2086 1 0 1.000000
-9.080450 -2.008600 0 -1.848760 -7.705600 210.583000 1037.350000 -13 2087 1 0 1.000000
-14.717000 -9.846470 0 9.703570 7.732960 210.521000 1037.260000 -13 2088 1 0 1.000000
-12.508700 -7.763260 0 2.095160 -3.878990 192.958000 1037.210000 -13 2089 1 0 1.000000
-2.097860 -13.114000 0 6.584300 -5.733560 214.930000 1037.160000 -13 2090 1 0 1.000000
-6.414210 4.902690 0 -8.444820 6.955400 209.415000 1037.200000 -13 2091 1 0 1.000000
-8.285100 -11.462800 0 6.657020 9.757150 208.834000 1037.400000 -13 2092 1 0 1.000000
-16.597700 -1.740430 0 3.459420 -8.661370 203.716000 1037.290000 -13 2093 1 0 1.000000
5.792380 -10.611000 0 -5.395810 -5.811050 191.921000 1037.220000 -13 2094 1 0 1.000000
-7.372760 -14.901600 0 -0.683882 -11.137000 205.765000 1037.410000 -13 2095 1 0 1.000000
2.909270 -3.002800 0 -9.857830 3.051100 197.161000 1037.240000 -13 2096 1 0 1.000000
-27.355100 1.418520 0 15.218500 -5.656110 236.081000 1037.260000 -13 2097 1 0 1.000000
-11.165300 -13.457100 0 1.861870 -13.185000 210.725000 1037.170000 -13 2098 1 0 1.000000
-5.570830 -2.363740 0 -10.766100 -9.827200 211.917000 1037.350000 -13 2099 1 0 1.000000
-0.303139 -21.475300 0 2.096070 2.498400 205.975000 1037.200000 -13 2100 1 0 1.000000
-3.073230 -2.069140 0 -3.319540 -19.221800 199.535000 1037.070000 -13 2101 1 0 1.000000
-14.055900 -21.321900 0 -0.869308 5.257240 214.930000 1037.140000 -13 2102 1 0 1.000000
-16.826200 -19.170500 0 -5.516450 20.451200 219.403000 1037.100000 -13 2103 1 0 1.000000
-10.322700 4.833390 0 11.460900 -2.180640 214.863000 1037.270000 -13 2104 1 0 1.000000
-9.582610 0.806112 0 12.627600 4.439980 209.267000 1037.230000 -13 2105 1 0 1.000000
-8.483450 -1.358500 0 3.574030 7.487370 206.907000 1037.530000 -13 2106 1 0 1.000000
-33.297400 -2.995150 0 9.934060 -8.816060 212.240000 1037.380000 -13 2107 1 0 1.000000
4.578870 -0.619761 0 -2.802340 -5.728890 212.977000 1037.260000 -13 2108 1 0 1.000000
10.153400 -28.946800 0 -14.862600 -5.934430 202.685000 1037.420000 -13 2109 1 0 1.000000
-12.482700 -10.106300 0 -13.411600 -3.084050 217.403000 1037.200000 -13 2110 1 0 1.000000
-18.734200 -3.938790 0 7.125010 6.319050 215.449000 1037.240000 -13 2111 1 0 1.000000
14.075200 2.395960 0 -34.238000 -17.482400 228.743000 1037.450000 -13 2112 1 0 1.000000
-5.646350 -2.882780 0 9.368670 4.826060 200.115000 1037.160000 -13 2113 1 0 1.000000
-7.278130 -7.162530 0 23.579700 1.696530 208.380000 1037.470000 -13 2114 1 0 1.000000
-15.907000 -10.130400 0 -9.613690 30.866300 226.033000 1037.200000 -13 2115 1 0 1.000000
-5.975850 11.964000 0 -8.234210 7.504140 203.656000 1037.150000 -13 2116 1 0 1.000000
-22.898500 2.037880 0 14.518000 -4.002620 226.569000 1037.290000 -13 2117 1 0 1.000000
3.212000 3.248260 0 1.853510 -4.951440 220.974000 1037.450000 -13 2118 1 0 1.000000
-1.070390 -2.150200 0 45.469100 9.803310 228.180000 1037.270000 -13 2119 1 0 1.000000
-7.471330 1.576810 0 22.802900 -5.724450 210.708000 1037.080000 -13 2120 1 0 1.000000
-6.527150 -2.022760 0 23.097200 -5.366790 203.361000 1037.450000 -13 2121 1 0 1.000000
0.345929 5.261640 0 20.468100 -7.706600 211.022000 1037.220000 -13 2122 1 0 1.000000
-5.671380 -0.653050 0 -7.239570 2.991500 190.844000 1037.270000 -13 2123 1 0 1.000000
-15.128900 -11.034200 0 1.704160 -0.167712 197.029000 1037.210000 -13 2124 1 0 1.000000
-2.180160 -7.068410 0 -25.376200 -22.605100 219.103000 1037.400000 -13 2125 1 0 1.000000
-3.139400 -1.716060 0 -0.869828 -3.138660 208.194000 1037.270000 -13 2126 1 0 1.000000
-18.507400 -3.105090 0 7.210880 17.681700 222.579000 1036.990000 -13 2127 1 0 1.000000
7.589990 -9.757380 0 2.186750 -10.934700 212.294000 1037.050000 -13 2128 1 0 1.000000
-0.723684 -7.123910 0 -2.190730 -13.337700 212.540000 1037.170000 -13 2129 1 0 1.000000
-6.327700 -7.791380 0 -9.622200 -18.675000 204.704000 1037.320000 -13 2130 1 0 1.000000
3.259160 -4.562150 0 -2.833340 -5.528430 196.116000 1037.230000 -13 2131 1 0 1.000000
3.967940 -8.366280 0 -12.557500 10.561100 206.419000 1037.160000 -13 2132 1 0 1.000000
-12.709500 -3.100780 0 6.038050 -2.184170 211.987000 1037.180000 -13 2133 1 0 1.000000
-3.979170 -17.610400 0 -4.888360 -13.327000 207.148000 1037.310000 -13 2134 1 0 1.000000
5.641450 -7.994120 0 8.370120 6.242720 198.841000 1037.210000 -13 2135 1 0 1.000000
5.787090 -0.592724 0 13.886900 5.832880 212.340000 1037.130000 -13 2136 1 0 1.000000
-8.297600 -20.163900 0 9.930310 3.490190 215.621000 1037.250000 -13 2137 1 0 1.000000
-12.782400 1.970060 0 0.202306 8.592860 209.643000 1037.620000 -13 2138 1 0 1.000000
-8.154960 -4.442380 0 -7.373820 5.138200 198.112000 1037.320000 -13 2139 1 0 1.000000
-14.508100 -3.809090 0 4.153330 0.303328 216.093000 1037.150000 -13 2140 1 0 1.000000
-1.099840 -14.992700 0 -4.925480 -10.888900 205.247000 1037.420000 -13 2141 1 0 1.000000
-7.527650 -13.388800 0 3.107250 7.148400 215.674000 1037.310000 -13 2142 1 0 1.000000
-11.624300 -3.696040 0 -1.468360 -1.832520 199.108000 1037.270000 -13 2143 1 0 1.000000
-20.232300 -9.212670 0 3.281200 -15.871600 210.849000 1037.150000 -13 2144 1 0 1.000000
-32.111900 -4.872210 0 -3.782210 20.144800 197.782000 1037.360000 -13 2145 1 0 1.000000
-6.859970 -4.493160 0 20.829100 -5.958730 213.054000 1037.270000 -13 2146 1 0 1.000000
7.455930 -3.913890 0 7.323220 -19.975100 202.221000 1037.170000 -13 2147 1 0 1.000000
4.408150 -7.644960 0 4.264480 -9.737630 214.733000 1037.190000 -13 2148 1 0 1.000000
-13.161400 -8.495580 0 9.316540 -9.841380 208.661000 1037.410000 -13 2149 1 0 1.000000
-5.203270 -2.944190 0 -16.312300 -10.225200 228.660000 1037.040000 -13 2150 1 0 1.000000
18.737400 -7.849820 0 -38.287800 -8.629050 201.042000 1037.120000 -13 2151 1 0 1.000000
-3.126510 -7.162210 0 -14.373500 0.350346 202.073000 1037.180000 -13 2152 1 0 1.000000
-4.458940 -3.039600 0 -3.614860 5.174420 199.045000 1037.320000 -13 2153 1 0 1.000000
-2.800540 -13.962200 0 -14.129200 16.526600 218.621000 1037.320000 -13 2154 1 0 1.000000
-8.398260 -3.448430 0 4.675810 -6.187500 200.399000 1037.270000 -13 2155 1 0 1.000000
-7.832700 -6.257300 0 10.559800 -10.923300 210.754000 1037.310000 -13 2156 1 0 1.000000
-13.317100 -5.626890 0 -13.199200 6.488200 200.973000 1037.240000 -13 2157 1 0 1.000000
-15.693600 7.648360 0 26.515200 -36.656200 222.675000 1037.270000 -13 2158 1 0 1.000000
-12.763600 1.305600 0 -13.409800 -16.076800 219.674000 1037.400000 -13 2159 1 0 1.000000
-13.764900 -21.120700 0 18.576900 9.901730 208.245000 1037.440000 -13 2160 1 0 1.000000
-5.087960 8.398390 0 5.985550 6.250580 207.774000 1037.340000 -13 2161 1 0 1.000000
7.709360 -7.035950 0 5.240770 -21.284300 209.078000 1037.400000 -13 2162 1 0 1.000000
-3.158250 -27.616400 0 0.092240 0.291057 207.575000 1037.090000 -13 2163 1 0 1.000000
6.779530 -22.575800 0 -5.389280 8.126010 208.657000 1037.370000 -13 2164 1 0 1.000000
3.337500 -6.026720 0 -13.251000 2.941230 207.568000 1037.270000 -13 2165 1 0 1.000000
8.023460 8.703270 0 -3.610150 -13.164600 204.108000 1037.270000 -13 2166 1 0 1.000000
4.351220 -4.862270 0 18.072700 -3.132750 196.227000 1037.250000 -13 2167 1 0 1.000000
-2.263890 -12.617100 0 -19.538800 -2.149970 211.325000 1037.340000 -13 2168 1 0 1.000000
12.455800 3.240570 0 4.475390 2.140660 195.731000 1037.330000 -13 2169 1 0 1.000000
-6.210670 -6.850580 0 3.163750 -14.978500 213.524000 1037.060000 -13 2170 1 0 1.000000
-10.945800 6.284940 0 16.541900 9.723250 209.504000 1037.240000 -13 2171 1 0 1.000000
-5.717240 -3.906490 0 -7.402310 -15.056700 206.070000 1037.250000 -13 2172 1 0 1.000000
-14.215600 -6.817770 0 -10.850400 12.697600 224.167000 1037.020000 -13 2173 1 0 1.000000
2.216000 -11.525500 0 -4.086880 3.318330 205.091000 1037.100000 -13 2174 1 0 1.000000
4.861960 -1.779690 0 5.166040 0.398444 204.623000 1037.030000 -13 2175 1 0 1.000000
-9.096480 -18.893900 0 -13.277200 -2.657690 226.068000 1037.380000 -13 2176 1 0 1.000000
-34.573300 -15.352800 0 -2.758100 14.547100 222.685000 1037.120000 -13 2177 1 0 1.000000
-6.003560 6.738180 0 15.047000 -11.210100 213.162000 1037.110000 -13 2178 1 0 1.000000
-12.439700 -8.139740 0 29.096900 -32.158600 202.757000 1037.390000 -13 2179 1 0 1.000000
-20.329400 -7.640980 0 -13.677200 10.396200 209.613000 1037.180000 -13 2180 1 0 1.000000
-12.456800 -3.153260 0 -6.819250 12.075600 213.174000 1037.140000 -13 2181 1 0 1.000000
4.063810 -4.659180 0 -6.454440 3.493460 206.790000 1037.480000 -13 2182 1 0 1.000000
-6.317710 9.480310 0 -4.536000 -4.249770 229.797000 1037.450000 -13 2183 1 0 1.000000
-19.688100 -7.039480 0 -3.977000 -1.689130 216.546000 1037.270000 -13 2184 1 0 1.000000
-1.888240 -7.413240 0 19.334300 0.868463 203.865000 1037.400000 -13 2185 1 0 1.000000
5.301670 -12.138000 0 11.603500 -16.603100 235.840000 1037.420000 -13 2186 1 0 1.000000
-2.333980 -6.759370 0 12.750400 -5.479820 200.676000 1037.470000 -13 2187 1 0 1.000000
-8.006900 8.717520 0 16.220900 -1.635440 214.906000 1037.130000 -13 2188 1 0 1.000000
-17.621600 -10.400300 0 10.200300 8.523170 210.072000 1037.460000 -13 2189 1 0 1.000000
-8.919700 -8.457360 0 9.872030 -8.733280 210.739000 1037.130000 -13 2190 1 0 1.000000
-5.481740 10.442300 0 20.153500 -15.292900 198.957000 1037.540000 -13 2191 1 0 1.000000
-1.020560 -2.022940 0 36.197600 2.325070 197.998000 1037.430000 -13 2192 1 0 1.000000
-8.054240 -14.706400 0 -7.349790 -5.199750 202.476000 1036.990000 -13 2193 1 0 1.000000
2.463500 -21.564300 0 16.595400 -7.004100 213.867000 1036.990000 -13 2194 1 0 1.000000
-4.105200 -2.386480 0 -7.854920 -0.383516 193.591000 1037.180000 -13 2195 1 0 1.000000
-3.417370 -4.061290 0 -17.826900 4.877850 211.038000 1037.460000 -13 2196 1 0 1.000000
-1.642610 -0.480845 0 0.991475 1.760000 200.611000 1037.100000 -13 2197 1 0 1.000000
-8.789770 2.487560 0 3.548240 -6.312590 197.202000 1037.130000 -13 2198 1 0 1.000000
-11.151900 5.695460 0 -6.688860 -22.440900 204.966000 1037.080000 -13 2199 1 0 1.000000
-3.983460 -15.588100 0 -24.328500 4.907650 226.813000 1037.070000 -13 2200 1 0 1.000000
-0.744353 -10.165900 0 -0.255715 5.218090 220.345000 1037.430000 -13 2201 1 0 1.000000
-24.356000 -7.604640 0 -4.749630 -0.580101 215.019000 1037.250000 -13 2202 1 0 1.000000
-10.795500 7.278810 0 4.468980 9.762740 197.237000 1037.110000 -13 2203 1 0 1.000000
-10.440000 -5.529850 0 -9.308130 -0.023505 216.957000 1037.410000 -13 2204 1 0 1.000000
-2.806730 -0.546178 0 5.375570 3.464780 206.129000 1037.200000 -13 2205 1 0 1.000000
-2.723400 -9.127740 0 -16.787600 -1.902300 212.657000 1037.200000 -13 2206 1 0 1.000000
0.070543 -5.809260 0 -0.408885 -5.810050 209.561000 1037.150000 -13 2207 1 0 1.000000
-17.023300 -0.468319 0 -2.583190 1.232500 219.182000 1037.150000 -13 2208 1 0 1.000000
-6.760690 -0.905577 0 7.490480 -0.250178 206.811000 1037.230000 -13 2209 1 0 1.000000
10.486800 -2.408050 0 3.859600 -17.633300 210.726000 1037.480000 -13 2210 1 0 1.000000
-10.278300 -11.968400 0 -12.677600 -13.823600 212.507000 1037.140000 -13 2211 1 0 1.000000
-5.605800 -5.383200 0 21.079900 -10.552600 188.157000 1037.430000 -13 2212 1 0 1.000000
-5.629040 -17.445500 0 5.052950 0.307989 200.834000 1037.220000 -13 2213 1 0 1.000000
0.039699 -0.652895 0 16.351700 7.907720 207.558000 1034.300000 -13 2214 1 0 1.000000
-9.140540 0.113861 0 -27.378000 1.496430 215.105000 1034.230000 -13 2215 1 0 1.000000
-0.204858 -1.287410 0 1.720410 18.058200 214.404000 1034.430000 -13 2216 1 0 1.000000
-4.582730 -1.910520 0 -9.174000 9.736080 223.299000 1037.030000 -13 2217 1 0 1.000000
-10.307100 -11.419000 0 -17.931600 5.256480 214.274000 1037.530000 -13 2218 1 0 1.000000
0.376021 4.892450 0 10.760900 -10.765000 233.789000 1037.180000 -13 2219 1 0 1.000000
11.868000 -4.721670 0 -1.051480 -12.304400 210.736000 1037.520000 -13 2220 1 0 1.000000
5.199590 -0.058485 0 -9.568250 -6.235800 218.149000 1037.300000 -13 2221 1 0 1.000000
4.072970 -10.584600 0 -24.564300 -13.992400 226.093000 1037.230000 -13 2222 1 0 1.000000
-11.408700 0.597008 0 6.161860 -12.256300 207.006000 1037.490000 -13 2223 1 0 1.000000
4.102660 0.257183 0 -5.638980 -1.912420 210.886000 1037.430000 -13 2224 1 0 1.000000
-3.856580 -6.211430 0 36.137100 -15.065200 197.218000 1037.630000 -13 2225 1 0 1.000000
-13.107500 -6.905590 0 5.505940 -19.053600 212.097000 1037.230000 -13 2226 1 0 1.000000
-13.093000 2.928350 0 -10.222300 -7.362120 199.072000 1037.360000 -13 2227 1 0 1.000000
-4.267320 -4.609100 0 8.786530 -0.865995 203.372000 1037.380000 -13 2228 1 0 1.000000
3.255000 -5.491000 0 31.456800 11.371300 195.608000 1037.270000 -13 2229 1 0 1.000000
-23.698400 0.002775 0 5.459310 -2.708870 219.366000 1037.040000 -13 2230 1 0 1.000000
-8.228040 -7.251790 0 7.903520 15.633600 184.812000 1037.140000 -13 2231 1 0 1.000000
-12.277900 -7.769180 0 -9.867670 5.523670 209.713000 1037.010000 -13 2232 1 0 1.000000
-1.354630 1.422410 0 11.242200 -10.149200 198.723000 1037.100000 -13 2233 1 0 1.000000
-3.462070 -2.813180 0 -5.993550 -10.649900 229.362000 1037.300000 -13 2234 1 0 1.000000
-11.411100 0.419758 0 14.826800 -7.851460 211.960000 1037.340000 -13 2235 1 0 1.000000
-11.358300 4.372010 0 -10.843300 4.806660 209.097000 1037.110000 -13 2236 1 0 1.000000
-2.713000 -19.709100 0 3.131900 10.345300 204.105000 1037.290000 -13 2237 1 0 1.000000
-13.970200 -5.348520 0 17.563200 -17.650800 220.480000 1037.430000 -13 2238 1 0 1.000000
-6.768950 -15.093300 0 -15.809500 -3.391510 208.321000 1037.120000 -13 2239 1 0 1.000000
-33.397100 14.163400 0 30.256200 1.181120 221.932000 1037.600000 -13 2240 1 0 1.000000
-11.528800 3.422700 0 -4.205130 -11.032800 198.117000 1037.100000 -13 2241 1 0 1.000000
-8.940750 -4.303450 0 -6.570030 -7.023850 216.068000 1037.270000 -13 2242 1 0 1.000000
-10.733800 19.102100 0 -0.646445 11.228800 211.789000 1036.990000 -13 2243 1 0 1.000000
-15.872600 2.684220 0 9.804380 -0.193780 210.212000 1037.150000 -13 2244 1 0 1.000000
1.668130 -12.842000 0 26.567900 5.163020 205.568000 1037.400000 -13 2245 1 0 1.000000
-16.787100 1.300410 0 19.851100 -3.168520 223.083000 1037.300000 -13 2246 1 0 1.000000
-5.119450 -21.194100 0 -17.607400 7.813950 216.718000 1037.210000 -13 2247 1 0 1.000000
-10.834400 -8.911580 0 5.690120 -11.511000 217.207000 1037.160000 -13 2248 1 0 1.000000
-12.964100 -13.921500 0 -16.938000 12.383900 203.349000 1037.030000 -13 2249 1 0 1.000000
-0.259329 -11.614300 0 7.976050 3.760470 205.804000 1037.110000 -13 2250 1 0 1.000000
2.799340 -7.794880 0 -23.781500 5.847830 218.069000 1037.050000 -13 2251 1 0 1.000000
-12.406700 2.193640 0 12.465800 -17.418800 203.629000 1037.280000 -13 2252 1 0 1.000000
-10.997600 -18.547000 0 -15.297300 -1.343830 195.218000 1037.120000 -13 2253 1 0 1.000000
-19.151300 -1.843570 0 6.938560 14.729900 217.362000 1037.220000 -13 2254 1 0 1.000000
-7.046050 2.631010 0 4.615440 -20.980500 199.787000 1037.290000 -13 2255 1 0 1.000000
-9.998240 -14.028100 0 -12.220700 -4.400820 205.075000 1037.260000 -13 2256 1 0 1.000000
-12.251400 -5.623850 0 4.348040 17.022700 217.240000 1037.360000 -13 2257 1 0 1.000000
-6.087770 1.586720 0 -5.093650 -9.607300 205.978000 1037.180000 -13 2258 1 0 1.000000
-8.455010 -12.755400 0 1.322020 1.878590 196.766000 1037.260000 -13 2259 1 0 1.000000
-12.398100 -1.988410 0 -9.906110 -1.723300 200.584000 1037.360000 -13 2260 1 0 1.000000
-0.728590 -14.532700 0 5.329190 -7.328100 201.269000 1037.300000 -13 2261 1 0 1.000000
6.090730 5.720290 0 -0.451652 5.040080 204.304000 1037.290000 -13 2262 1 0 1.000000
-15.514000 -7.938150 0 -2.887900 3.952230 190.939000 1037.270000 -13 2263 1 0 1.000000
-9.936340 4.045360 0 15.785200 2.032560 197.181000 1037.450000 -13 2264 1 0 1.000000
-29.616400 -9.219480 0 2.710380 5.162320 221.442000 1037.180000 -13 2265 1 0 1.000000
-16.900500 -1.680070 0 14.139800 6.781160 206.537000 1037.420000 -13 2266 1 0 1.000000
-26.157900 -15.484700 0 -2.331120 6.594910 211.097000 1037.290000 -13 2267 1 0 1.000000
-12.286800 -5.395400 0 0.500888 15.337700 208.887000 1037.400000 -13 2268 1 0 1.000000
-3.498560 3.310940 0 9.873330 -14.881900 204.511000 1037.220000 -13 2269 1 0 1.000000
-12.184500 -7.481350 0 2.813940 -4.807420 214.816000 1037.340000 -13 2270 1 0 1.000000
-19.433000 -16.045800 0 51.737100 17.701000 229.901000 1037.270000 -13 2271 1 0 1.000000
-8.851590 -4.858290 0 -3.866830 -5.943450 194.376000 1037.160000 -13 2272 1 0 1.000000
1.943970 -5.320880 0 -6.004020 -10.787200 210.033000 1037.250000 -13 2273 1 0 1.000000
5.352270 -2.863780 0 20.347200 4.533500 211.901000 1037.320000 -13 2274 1 0 1.000000
-18.338900 -7.380120 0 2.550070 18.255400 211.554000 1037.460000 -13 2275 1 0 1.000000
-20.736300 -11.514100 0 -5.431010 4.491290 205.746000 1037.280000 -13 2276 1 0 1.000000
-8.579970 -2.286340 0 -3.663740 -25.416000 235.265000 1037.320000 -13 2277 1 0 1.000000
9.955880 -17.797800 0 -23.114200 -5.510400 223.505000 1037.050000 -13 2278 1 0 1.000000
-13.227000 -9.515390 0 -8.899760 0.043569 201.009000 1037.120000 -13 2279 1 0 1.000000
-8.957710 -18.565000 0 -9.287810 18.068800 224.548000 1037.270000 -13 2280 1 0 1.000000
1.398340 -13.519100 0 -4.098980 -6.097170 206.147000 1037.380000 -13 2281 1 0 1.000000
-10.915600 -6.992570 0 0.582965 8.670450 199.110000 1037.190000 -13 2282 1 0 1.000000
-11.749300 -3.052370 0 -10.952600 1.073260 217.858000 1037.120000 -13 2283 1 0 1.000000
-1.135090 -12.171400 0 3.478970 -0.473246 231.771000 1037.220000 -13 2284 1 0 1.000000
-3.831180 -4.724950 0 -20.666700 4.443790 223.283000 1037.180000 -13 2285 1 0 1.000000
-11.323700 -2.413750 0 -13.225100 -10.750100 216.987000 1037.310000 -13 2286 1 0 1.000000
-2.671520 -9.937960 0 0.489320 0.820104 215.731000 1037.210000 -13 2287 1 0 1.000000
-10.366000 -29.501400 0 19.911800 -27.319100 225.258000 1037.170000 -13 2288 1 0 1.000000
12.198400 -5.581670 0 -7.732520 -19.673200 199.237000 1037.560000 -13 2289 1 0 1.000000
0.634359 -4.913940 0 6.326420 26.726700 194.956000 1037.430000 -13 2290 1 0 1.000000
-2.933540 -1.930190 0 5.479120 -5.774230 198.189000 1037.450000 -13 2291 1 0 1.000000
-16.200100 6.880940 0 16.679700 -2.202770 210.548000 1037.330000 -13 2292 1 0 1.000000
2.894960 -6.103180 0 6.316980 12.138000 213.284000 1036.960000 -13 2293 1 0 1.000000
-4.614870 -17.265000 0 -10.153600 -2.086590 199.781000 1037.730000 -13 2294 1 0 1.000000
-3.148000 -11.103000 0 -4.944680 4.674970 198.986000 1037.130000 -13 2295 1 0 1.000000
-8.784480 -1.857850 0 0.466322 -5.443940 196.397000 1037.300000 -13 2296 1 0 1.000000
-1.182930 -13.293400 0 2.992130 -4.686420 200.600000 1037.000000 -13 2297 1 0 1.000000
7.420090 2.362610 0 -15.661900 1.160980 215.187000 1037.150000 -13 2298 1 0 1.000000
-20.500000 -13.721100 0 -15.417400 28.529500 213.048000 1037.220000 -13 2299 1 0 1.000000
0.820407 -3.403140 0 -1.749110 -13.016100 198.085000 1037.340000 -13 2300 1 0 1.000000
-12.209100 -6.835370 0 -24.916400 3.320760 210.767000 1037.190000 -13 2301 1 0 1.000000
-9.372030 -4.702970 0 -8.185160 1.264080 209.271000 1037.110000 -13 2302 1 0 1.000000
-3.693330 -1.980860 0 1.574640 -0.063847 203.840000 1037.430000 -13 2303 1 0 1.000000
-7.667200 -14.421700 0 -3.359540 -21.191400 222.568000 1037.210000 -13 2304 1 0 1.000000
-12.828700 -9.293340 0 -5.189260 13.608300 201.187000 1037.160000 -13 2305 1 0 1.000000
-10.741400 -6.749550 0 -10.164600 3.691430 215.967000 1037.220000 -13 2306 1 0 1.000000
-12.623400 -3.714370 0 0.774940 15.799700 206.036000 1037.290000 -13 2307 1 0 1.000000
-16.693400 -7.550690 0 4.155610 -0.920019 213.043000 1037.320000 -13 2308 1 0 1.000000
-12.512200 -10.230000 0 6.894920 -2.483420 216.465000 1037.260000 -13 2309 1 0 1.000000
-7.461400 -5.039090 0 -2.122640 -1.279200 202.329000 1037.150000 -13 2310 1 0 1.000000
-11.176500 -10.055500 0 -19.288300 -21.851100 224.386000 1037.300000 -13 2311 1 0 1.000000
-8.625900 -0.363063 0 9.846250 -14.418300 211.135000 1037.360000 -13 2312 1 0 1.000000
-6.490950 0.640929 0 0.109075 -6.564820 224.230000 1037.470000 -13 2313 1 0 1.000000
5.097410 -6.451990 0 -7.008610 -21.915400 204.664000 1037.250000 -13 2314 1 0 1.000000
3.266470 -10.964000 0 -13.048700 4.551410 220.019000 1037.280000 -13 2315 1 0 1.000000
-21.466900 2.567380 0 -3.525720 -20.813400 207.806000 1037.430000 -13 2316 1 0 1.000000
-14.256600 -8.394600 0 13.642100 -1.937960 213.647000 1037.400000 -13 2317 1 0 1.000000
2.946670 -4.310580 0 23.581800 6.701140 203.262000 1037.160000 -13 2318 1 0 1.000000
-3.512540 -3.679650 0 11.944600 -10.212400 203.399000 1037.340000 -13 2319 1 0 1.000000
-1.223950 -12.368800 0 7.744990 -9.871480 211.823000 1037.220000 -13 2320 1 0 1.000000
-10.367800 4.128480 0 -3.011230 4.723150 208.490000 1037.070000 -13 2321 1 0 1.000000
-33.759100 -0.137607 0 25.219200 -10.191900 235.209000 1037.740000 -13 2322 1 0 1.000000
-9.001100 -21.126600 0 -6.010480 7.638170 213.275000 1037.110000 -13 2323 1 0 1.000000
-14.090600 -4.343850 0 -16.279100 10.774700 209.307000 1037.150000 -13 2324 1 0 1.000000
-26.236700 -14.971000 0 -21.105200 4.082350 188.475000 1037.220000 -13 2325 1 0 1.000000
-11.078700 -7.149210 0 -3.610970 4.929350 217.061000 1037.040000 -13 2326 1 0 1.000000
-7.234770 -11.205000 0 -9.810030 -7.160880 208.625000 1037.510000 -13 2327 1 0 1.000000
-14.934500 -10.802700 0 3.658110 -3.039020 221.973000 1037.250000 -13 2328 1 0 1.000000
-7.426030 -12.677900 0 -4.636190 9.029050 220.211000 1037.250000 -13 2329 1 0 1.000000
-4.057410 -13.892700 0 1.886320 10.968700 207.677000 1037.250000 -13 2330 1 0 1.000000
-5.439350 -6.724940 0 4.321880 -20.347800 216.580000 1037.170000 -13 2331 1 0 1.000000
-2.739020 -1.247590 0 1.639370 2.154250 210.620000 1037.310000 -13 2332 1 0 1.000000
2.888200 -16.535400 0 -10.995100 3.653370 221.889000 1037.110000 -13 2333 1 0 1.000000
-0.592723 4.122770 0 -6.279060 -7.885500 223.393000 1037.230000 -13 2334 1 0 1.000000
-0.437706 -3.975580 0 -8.249080 28.339700 209.280000 1037.270000 -13 2335 1 0 1.000000
-7.649360 -12.526100 0 -17.374200 6.989510 209.537000 1037.060000 -13 2336 1 0 1.000000
-10.821200 -15.008500 0 -4.443070 -23.984600 201.626000 1037.180000 -13 2337 1 0 1.000000
-10.604800 -0.397613 0 -14.345200 -3.463190 221.997000 1037.310000 -13 2338 1 0 1.000000
-3.526090 -14.404400 0 -1.871770 -16.768200 207.098000 1037.130000 -13 2339 1 0 1.000000
9.173230 -7.079710 0 4.348160 -18.532400 201.895000 1037.180000 -13 2340 1 0 1.000000
-11.175900 -1.386250 0 0.147383 -32.838100 201.127000 1037.130000 -13 2341 1 0 1.000000
-1.345220 -13.471200 0 -3.601010 3.439700 211.457000 1037.180000 -13 2342 1 0 1.000000
-22.516400 -10.698900 0 2.919300 -11.677200 199.432000 1037.160000 -13 2343 1 0 1.000000
-9.280610 -3.811710 0 9.160000 28.319800 201.934000 1037.130000 -13 2344 1 0 1.000000
-3.678680 0.576657 0 6.152590 -12.673700 209.734000 1037.350000 -13 2345 1 0 1.000000
3.999240 11.005600 0 9.938020 14.832200 219.523000 1037.370000 -13 2346 1 0 1.000000
-19.045800 -18.612400 0 0.034002 35.907800 202.791000 1037.250000 -13 2347 1 0 1.000000
-2.991050 -2.340950 0 30.914400 -23.829900 194.359000 1037.290000 -13 2348 1 0 1.000000
8.526580 -4.978150 0 25.975200 9.514850 198.975000 1037.120000 -13 2349 1 0 1.000000
5.755660 -13.426600 0 39.013400 -25.305700 217.529000 1037.150000 -13 2350 1 0 1.000000
-3.462180 -8.366190 0 1.095660 2.315540 218.778000 1037.350000 -13 2351 1 0 1.000000
-5.907030 -12.250300 0 -3.326140 -9.589600 208.141000 1037.230000 -13 2352 1 0 1.000000
-15.477500 -17.118600 0 17.020400 -13.355000 200.339000 1037.510000 -13 2353 1 0 1.000000
-14.299900 1.291340 0 -14.340900 5.174410 207.806000 1037.140000 -13 2354 1 0 1.000000
-15.803100 -33.502100 0 -4.950340 24.075700 218.039000 1037.470000 -13 2355 1 0 1.000000
-4.337610 -0.454634 0 -4.338710 6.051150 206.099000 1037.410000 -13 2356 1 0 1.000000
0.688140 -4.613040 0 4.240540 -9.204600 199.869000 1037.170000 -13 2357 1 0 1.000000
-2.161660 -8.765110 0 -12.771500 9.804040 209.876000 1037.350000 -13 2358 1 0 1.000000
-7.257630 -12.765800 0 -4.347260 -4.473750 214.831000 1037.250000 -13 2359 1 0 1.000000
-11.724100 -7.244140 0 -0.229926 -22.213100 220.674000 1037.240000 -13 2360 1 0 1.000000
-8.464160 -15.143300 0 -3.652600 7.466790 200.591000 1037.140000 -13 2361 1 0 1.000000
-5.528450 -2.843540 0 -2.278340 -4.104170 203.431000 1037.120000 -13 2362 1 0 1.000000
-2.509210 -13.965300 0 -14.243600 -8.429170 206.659000 1037.120000 -13 2363 1 0 1.000000
5.880580 -11.093500 0 -4.346860 1.999720 214.167000 1037.490000 -13 2364 1 0 1.000000
-14.969100 1.490010 0 7.831160 9.558280 216.926000 1037.270000 -13 2365 1 0 1.000000
-0.804412 -6.427220 0 11.180600 5.128410 198.660000 1037.200000 -13 2366 1 0 1.000000
-7.361360 -16.545100 0 -16.463000 -6.764840 190.188000 1037.380000 -13 2367 1 0 1.000000
-18.516400 -2.795590 0 7.223170 -4.852070 208.988000 1037.260000 -13 2368 1 0 1.000000
-6.577020 -2.449530 0 -6.597570 7.080120 196.564000 1037.350000 -13 2369 1 0 1.000000
-2.440050 -6.872410 0 13.329000 3.015630 207.989000 1037.270000 -13 2370 1 0 1.000000
-11.357400 -5.554670 0 -13.027700 45.171000 230.510000 1037.410000 -13 2371 1 0 1.000000
-10.405600 -16.769600 0 3.188620 -25.389200 218.349000 1037.210000 -13 2372 1 0 1.000000
-4.818590 -3.046080 0 -1.129180 -15.723700 220.817000 1037.300000 -13 2373 1 0 1.000000
-11.707200 -3.720040 0 1.144310 -6.527220 225.631000 1037.160000 -13 2374 1 0 1.000000
-6.355170 -5.692060 0 -4.581930 -7.285500 216.197000 1037.130000 -13 2375 1 0 1.000000
-10.417100 -7.992430 0 -7.678210 -4.654030 227.167000 1037.290000 -13 2376 1 0 1.000000
-21.008900 -1.017560 0 7.627990 -11.509800 227.967000 1037.170000 -13 2377 1 0 1.000000
-16.299900 -18.895500 0 25.736400 -24.761700 220.146000 1037.260000 -13 2378 1 0 1.000000
-16.590800 0.562252 0 0.488728 10.727800 200.809000 1037.400000 -13 2379 1 0 1.000000
-6.229790 -7.998410 0 -3.320210 -6.066090 212.448000 1036.960000 -13 2380 1 0 1.000000
-3.476360 -7.867320 0 -2.145740 -15.942100 198.069000 1037.360000 -13 2381 1 0 1.000000
-6.467030 -14.785000 0 9.692960 13.570400 201.261000 1037.370000 -13 2382 1 0 1.000000
-14.341700 5.414500 0 -8.719300 12.191600 197.845000 1037.350000 -13 2383 1 0 1.000000
-3.309780 -24.796700 0 -2.215720 22.607500 205.082000 1037.490000 -13 2384 1 0 1.000000
-11.434800 -12.712000 0 -19.605100 -15.697100 207.208000 1037.390000 -13 2385 1 0 1.000000
3.711860 -12.876000 0 15.488400 -17.729900 192.862000 1037.490000 -13 2386 1 0 1.000000
4.455900 2.383700 0 21.476400 -26.533900 191.103000 1037.220000 -13 2387 1 0 1.000000
-0.044554 -0.389591 0 31.811400 34.087500 204.200000 1037.190000 -13 2388 1 0 1.000000
-5.313270 -4.563890 0 20.871200 -5.978860 206.781000 1037.160000 -13 2389 1 0 1.000000
-13.436600 -10.808900 0 7.546310 5.635570 198.918000 1037.180000 -13 2390 1 0 1.000000
-0.774066 -3.432040 0 -22.153600 -8.097260 204.548000 1037.300000 -13 2391 1 0 1.000000
10.330300 0.656505 0 2.552940 -0.954648 201.584000 1037.320000 -13 2392 1 0 1.000000
-9.552150 7.359140 0 0.133634 -26.236000 198.617000 1037.010000 -13 2393 1 0 1.000000
2.927550 6.675790 0 8.957120 -6.192750 209.973000 1037.320000 -13 2394 1 0 1.000000
-2.445300 -18.080800 0 18.008300 -5.628170 222.713000 1037.290000 -13 2395 1 0 1.000000
0.821056 -15.394100 0 11.635400 -3.427260 219.905000 1037.160000 -13 2396 1 0 1.000000
-16.913700 -8.814370 0 -21.565300 10.726700 195.664000 1037.180000 -13 2397 1 0 1.000000
-2.304850 3.102910 0 -7.332590 -20.734000 217.965000 1037.340000 -13 2398 1 0 1.000000
-6.067640 -3.554030 0 -17.245000 0.065553 210.258000 1037.120000 -13 2399 1 0 1.000000
-5.906070 4.030370 0 -14.076000 12.963000 216.698000 1037.010000 -13 2400 1 0 1.000000
-6.904660 -14.939100 0 -6.497010 6.282870 212.794000 1037.110000 -13 2401 1 0 1.000000
-8.777390 -1.696250 0 -3.448200 0.667824 222.909000 1037.310000 -13 2402 1 0 1.000000
-17.651800 -10.835700 0 11.034200 9.985640 194.269000 1037.200000 -13 2403 1 0 1.000000
-14.469600 -9.460650 0 -10.380100 7.526880 199.990000 1037.140000 -13 2404 1 0 1.000000
-8.348700 -17.174200 0 9.022530 2.749420 213.873000 1037.130000 -13 2405 1 0 1.000000
-14.349500 -10.522800 0 -1.175070 -21.339500 210.812000 1037.510000 -13 2406 1 0 1.000000
2.275260 2.955450 0 -13.054000 -9.423740 227.270000 1037.090000 -13 2407 1 0 1.000000
-8.340650 -5.106850 0 10.534100 -14.337700 229.893000 1037.270000 -13 2408 1 0 1.000000
7.738790 -17.738000 0 -8.919860 -42.341200 207.627000 1037.190000 -13 2409 1 0 1.000000
-1.237760 3.933780 0 -3.730700 15.934900 205.107000 1037.170000 -13 2410 1 0 1.000000
-13.673400 -8.199390 0 17.921800 6.631000 213.907000 1037.220000 -13 2411 1 0 1.000000
-6.557060 -11.673200 0 -2.329540 2.149530 196.983000 1037.020000 -13 2412 1 0 1.000000
-0.804937 -4.833860 0 8.866780 -17.267600 205.091000 1037.210000 -13 2413 1 0 1.000000
-5.649170 -0.365121 0 10.780000 0.655419 198.696000 1037.160000 -13 2414 1 0 1.000000
-25.005300 11.932500 0 -21.235100 48.476500 242.957000 1037.320000 -13 2415 1 0 1.000000
-2.677120 4.165720 0 -3.365360 3.175870 200.091000 1037.310000 -13 2416 1 0 1.000000
-8.905340 -7.465650 0 12.444600 12.865600 200.140000 1037.360000 -13 2417 1 0 1.000000
-12.250600 -1.583300 0 5.060140 4.179390 206.487000 1037.300000 -13 2418 1 0 1.000000
-2.358130 -10.272900 0 -11.319000 -0.021287 226.820000 1037.270000 -13 2419 1 0 1.000000
4.193470 -10.578900 0 7.805340 7.209750 220.597000 1037.440000 -13 2420 1 0 1.000000
-12.488300 -7.378720 0 -9.800150 19.844500 215.624000 1037.340000 -13 2421 1 0 1.000000
-11.778900 -14.800800 0 -1.315060 11.573700 207.297000 1037.290000 -13 2422 1 0 1.000000
-11.136400 -10.621800 0 -3.395970 -0.353949 208.584000 1037.490000 -13 2423 1 0 1.000000
-5.999920 5.701870 0 18.391300 -1.197240 202.935000 1037.270000 -13 2424 1 0 1.000000
-5.430140 -4.920510 0 15.731100 4.410220 220.699000 1037.050000 -13 2425 1 0 1.000000
-17.217800 2.317260 0 -8.655760 0.213400 213.722000 1037.250000 -13 2426 1 0 1.000000
5.270110 -14.757900 0 -13.380000 -0.844077 218.330000 1037.260000 -13 2427 1 0 1.000000
-16.443800 -10.349700 0 -14.063500 3.918920 208.426000 1037.130000 -13 2428 1 0 1.000000
-14.866800 -8.956800 0 -9.503260 5.117150 208.233000 1037.150000 -13 2429 1 0 1.000000
-5.761070 -12.051400 0 -3.744370 8.357030 196.606000 1037.320000 -13 2430 1 0 1.000000
1.111860 -7.783180 0 2.027690 1.368980 215.198000 1037.280000 -13 2431 1 0 1.000000
2.376050 -11.928400 0 -2.633820 1.365020 205.983000 1037.350000 -13 2432 1 0 1.000000
1.379250 -4.928780 0 2.048840 -2.529560 199.188000 1037.190000 -13 2433 1 0 1.000000
-3.333890 -12.850700 0 -4.282150 -2.059230 213.755000 1037.320000 -13 2434 1 0 1.000000
-2.522190 -0.679657 0 0.667435 19.145900 218.846000 1037.410000 -13 2435 1 0 1.000000
-17.500600 -9.415190 0 -8.915130 28.633400 216.780000 1037.150000 -13 2436 1 0 1.000000
-0.921174 -7.695390 0 2.793730 7.197730 211.399000 1037.170000 -13 2437 1 0 1.000000
0.171532 -11.952300 0 -12.880200 -4.326470 211.167000 1037.280000 -13 2438 1 0 1.000000
-14.336400 -1.266590 0 -9.594320 2.673720 207.110000 1037.070000 -13 2439 1 0 1.000000
-4.361070 -3.973770 0 9.272540 -13.982200 201.704000 1037.100000 -13 2440 1 0 1.000000
-1.633910 -0.523327 0 -7.288830 4.138120 208.597000 1037.280000 -13 2441 1 0 1.000000
-5.274400 -23.327500 0 -4.656210 4.582280 226.304000 1037.160000 -13 2442 1 0 1.000000
-12.066300 -8.897590 0 3.858420 -3.091850 204.021000 1037.310000 -13 2443 1 0 1.000000
9.191620 -9.388000 0 -0.021828 -20.933900 222.110000 1037.290000 -13 2444 1 0 1.000000
-1.393030 -4.445350 0 16.271500 -5.298000 208.386000 1037.140000 -13 2445 1 0 1.000000
3.946100 1.307000 0 11.678700 -17.336800 197.773000 1037.260000 -13 2446 1 0 1.000000
-14.881500 -6.021040 0 -16.146900 -6.605500 192.241000 1037.250000 -13 2447 1 0 1.000000
-7.942640 0.650948 0 11.973700 2.823880 226.486000 1037.220000 -13 2448 1 0 1.000000
-8.044140 -11.951200 0 -2.233470 -25.373700 220.391000 1037.100000 -13 2449 1 0 1.000000
-20.066100 -8.077770 0 20.552700 18.709900 219.446000 1037.290000 -13 2450 1 0 1.000000
-8.705850 -13.622700 0 -27.319700 0.830741 202.383000 1037.400000 -13 2451 1 0 1.000000
8.251730 -10.104900 0 -2.544010 4.067150 209.751000 1037.030000 -13 2452 1 0 1.000000
4.520050 -0.026713 0 -17.619700 -10.734000 203.185000 1037.080000 -13 2453 1 0 1.000000
-13.866900 -2.956510 0 8.231300 -2.072320 206.688000 1037.160000 -13 2454 1 0 1.000000
-8.199470 -4.570920 0 -7.545750 -11.029900 215.446000 1037.320000 -13 2455 1 0 1.000000
-7.590870 -9.377580 0 1.453040 -0.797623 202.224000 1037.240000 -13 2456 1 0 1.000000
-7.442240 -14.498700 0 13.210700 1.770700 209.006000 1037.210000 -13 2457 1 0 1.000000
2.706970 -14.806400 0 -0.102325 -11.910900 221.045000 1037.280000 -13 2458 1 0 1.000000
5.563390 -0.131928 0 -19.007700 -0.402462 207.191000 1037.400000 -13 2459 1 0 1.000000
2.415380 9.969690 0 3.577770 -5.307600 210.450000 1037.490000 -13 2460 1 0 1.000000
-13.122200 -2.610720 0 7.431760 -5.700290 199.852000 1037.060000 -13 2461 1 0 1.000000
-1.784910 1.937580 0 -6.193200 3.127030 205.920000 1037.200000 -13 2462 1 0 1.000000
-5.343560 -10.319900 0 -6.180510 9.699230 209.661000 1037.150000 -13 2463 1 0 1.000000
-5.485270 -17.265500 0 -5.407250 0.832799 204.902000 1037.140000 -13 2464 1 0 1.000000
4.923780 -20.676500 0 -9.974580 -3.685860 204.886000 1037.060000 -13 2465 1 0 1.000000
-12.016300 9.238830 0 8.296600 -7.249950 212.696000 1037.140000 -13 2466 1 0 1.000000
1.150280 -5.927550 0 1.769760 -4.414450 212.461000 1037.290000 -13 2467 1 0 1.000000
-6.563000 9.896540 0 8.133840 -0.857655 193.271000 1037.380000 -13 2468 1 0 1.000000
-20.190700 -11.042500 0 -6.127950 14.548800 201.807000 1037.160000 -13 2469 1 0 1.000000
1.708630 -14.534600 0 12.855800 -15.565500 208.120000 1037.000000 -13 2470 1 0 1.000000
9.456890 3.443540 0 10.299900 -7.621550 207.265000 1037.250000 -13 2471 1 0 1.000000
-12.112100 -7.799670 0 3.920730 -0.384385 212.581000 1037.290000 -13 2472 1 0 1.000000
0.795209 -4.364670 0 3.653630 -6.856170 195.847000 1037.240000 -13 2473 1 0 1.000000
8.135190 -6.088130 0 -0.716712 -0.087659 203.091000 1037.120000 -13 2474 1 0 1.000000
-9.198570 -19.312200 0 -18.346600 -3.816340 213.715000 1037.230000 -13 2475 1 0 1.000000
-0.845127 -12.625200 0 -8.622310 -12.763300 208.779000 1037.280000 -13 2476 1 0 1.000000
-5.791050 0.420154 0 12.397800 8.085910 211.252000 1037.340000 -13 2477 1 0 1.000000
-17.711800 -40.658500 0 -0.974190 -1.811240 227.786000 1037.390000 -13 2478 1 0 1.000000
-10.617100 -12.903000 0 -15.930200 16.943200 202.639000 1037.270000 -13 2479 1 0 1.000000
-4.334490 -10.972400 0 1.991620 -12.103500 203.173000 1037.300000 -13 2480 1 0 1.000000
0.411320 -8.532810 0 -2.760420 -13.480500 197.638000 1037.430000 -13 2481 1 0 1.000000
-5.313590 -16.548900 0 8.229520 -9.299070 196.095000 1037.200000 -13 2482 1 0 1.000000
-20.702400 -11.334500 0 7.636370 -25.256300 203.401000 1037.250000 -13 2483 1 0 1.000000
-1.553140 -1.750000 0 -16.835900 4.449670 209.640000 1037.470000 -13 2484 1 0 1.000000
-1.077040 -13.348700 0 5.155410 -21.045500 222.840000 1037.120000 -13 2485 1 0 1.000000
1.768730 -12.441100 0 2.268570 2.044850 198.715000 1037.060000 -13 2486 1 0 1.000000
-18.970100 -2.969880 0 -10.715800 4.719010 198.640000 1037.240000 -13 2487 1 0 1.000000
-1.513620 -13.360900 0 15.882600 -21.226000 213.832000 1037.090000 -13 2488 1 0 1.000000
-11.392100 -10.050800 0 -11.847100 -17.430000 218.989000 1036.880000 -13 2489 1 0 1.000000
-3.210080 -6.942520 0 -7.630000 -7.296930 201.790000 1037.040000 -13 2490 1 0 1.000000
-36.600400 -1.000620 0 3.687530 0.212807 215.950000 1037.250000 -13 2491 1 0 1.000000
-7.405080 -32.907900 0 -10.784100 3.697990 210.504000 1037.100000 -13 2492 1 0 1.000000
-6.673820 -1.449620 0 6.863560 -9.642300 202.141000 1037.260000 -13 2493 1 0 1.000000
-0.726775 9.864240 0 -7.849900 3.400810 213.843000 1037.100000 -13 2494 1 0 1.000000
-3.151680 -12.940600 0 -24.676900 5.219530 204.455000 1037.430000 -13 2495 1 0 1.000000
1.912110 -23.691300 0 12.205000 -15.205500 214.211000 1037.100000 -13 2496 1 0 1.000000
12.509900 -8.738980 0 -7.371010 2.180980 207.588000 1037.340000 -13 2497 1 0 1.000000
-18.296500 1.420170 0 1.402830 -2.367890 219.788000 1037.120000 -13 2498 1 0 1.000000
-3.436620 -16.193800 0 -2.891520 8.389810 208.197000 1037.300000 -13 2499 1 0 1.000000
3.362410 -19.487200 0 9.412760 10.834700 198.223000 1037.300000 -13 2500 1 0 1.000000
-28.520500 -3.545110 0 16.999700 15.014800 213.065000 1037.470000 -13 2501 1 0 1.000000
-9.423550 10.282600 0 7.738850 9.882400 219.801000 1037.330000 -13 2502 1 0 1.000000
-7.430950 -3.121870 0 5.080990 2.452260 202.102000 1037.310000 -13 2503 1 0 1.000000
-27.320100 -5.535550 0 12.456300 5.804180 216.474000 1037.540000 -13 2504 1 0 1.000000
3.176310 -22.222200 0 -11.846200 -10.086700 213.702000 1037.360000 -13 2505 1 0 1.000000
-17.106600 -5.610280 0 0.514222 -2.720970 197.938000 1037.430000 -13 2506 1 0 1.000000
-12.381200 -4.761440 0 21.742600 8.263260 220.740000 1037.200000 -13 2507 1 0 1.000000
-3.797990 -27.858300 0 -21.982500 30.057700 240.735000 1037.210000 -13 2508 1 0 1.000000
-20.544500 -3.294700 0 0.515246 -2.290620 209.340000 1037.140000 -13 2509 1 0 1.000000
-18.153100 -3.776580 0 0.128579 -12.137600 226.759000 1037.330000 -13 2510 1 0 1.000000
-8.487500 4.924430 0 -9.498190 -4.281600 198.015000 1037.460000 -13 2511 1 0 1.000000
-5.412930 -4.899510 0 14.930900 23.293100 215.258000 1037.130000 -13 2512 1 0 1.000000
-3.598860 2.603960 0 13.751200 -27.489400 225.918000 1037.220000 -13 2513 1 0 1.000000
-10.181400 15.975400 0 2.253960 4.159070 207.874000 1037.040000 -13 2514 1 0 1.000000
-10.414300 -4.657390 0 20.763700 -9.349410 207.276000 1037.240000 -13 2515 1 0 1.000000
6.290960 12.356500 0 -23.464800 -6.937040 191.565000 1037.320000 -13 2516 1 0 1.000000
5.379490 -16.255600 0 -25.132000 -5.392140 212.963000 1037.280000 -13 2517 1 0 1.000000
-9.474280 0.053648 0 3.011280 -8.579630 205.714000 1037.340000 -13 2518 1 0 1.000000
-9.489720 -5.203630 0 18.262400 -10.252800 217.482000 1037.290000 -13 2519 1 0 1.000000
-1.339100 -6.548330 0 -18.390600 -8.033390 224.519000 1037.210000 -13 2520 1 0 1.000000
-6.968870 -0.482843 0 -5.040290 17.456800 217.122000 1037.040000 -13 2521 1 0 1.000000
-4.523460 -9.792170 0 7.717200 -5.315490 214.637000 1037.270000 -13 2522 1 0 1.000000
-13.966600 -0.813790 0 13.102500 -16.279100 209.818000 1037.250000 -13 2523 1 0 1.000000
23.509300 -2.778040 0 -9.105060 -7.744600 239.454000 1037.400000 -13 2524 1 0 1.000000
-6.133690 -0.339837 0 -16.644200 -5.674380 216.453000 1037.210000 -13 2525 1 0 1.000000
-5.353020 -9.788860 0 -5.841430 -3.495070 206.480000 1037.170000 -13 2526 1 0 1.000000
12.858300 -8.568240 0 -25.486600 -7.003290 214.283000 1037.260000 -13 2527 1 0 1.000000
-24.679700 -12.932100 0 -7.899890 7.221790 205.387000 1037.420000 -13 2528 1 0 1.000000
-1.875940 0.972828 0 1.144320 -4.687510 213.872000 1037.390000 -13 2529 1 0 1.000000
-12.373800 -14.567100 0 10.355700 22.660300 221.491000 1037.240000 -13 2530 1 0 1.000000
-10.758100 2.717300 0 2.711990 -10.435400 207.288000 1037.440000 -13 2531 1 0 1.000000
-8.322870 -4.190280 0 -0.119573 -3.962320 215.508000 1037.340000 -13 2532 1 0 1.000000
-1.280280 -7.328390 0 -5.363380 10.165100 208.035000 1037.250000 -13 2533 1 0 1.000000
-5.320740 -10.487300 0 -10.882600 -14.292900 213.507000 1037.390000 -13 2534 1 0 1.000000
1.771720 -10.456900 0 -6.339070 8.966390 208.205000 1037.280000 -13 2535 1 0 1.000000
-13.600500 -6.808890 0 25.184300 8.489390 203.669000 1037.190000 -13 2536 1 0 1.000000
-9.925120 -15.765400 0 -2.679500 -12.266800 215.801000 1037.220000 -13 2537 1 0 1.000000
-6.322400 -5.370730 0 -21.994200 3.679530 206.586000 1037.460000 -13 2538 1 0 1.000000
-9.141750 -7.823770 0 0.383403 -6.882940 202.526000 1037.070000 -13 2539 1 0 1.000000
-8.846120 4.064220 0 -4.390750 -0.087969 211.287000 1037.410000 -13 2540 1 0 1.000000
-11.707700 -3.484040 0 4.256740 9.437000 211.596000 1037.190000 -13 2541 1 0 1.000000
3.204560 -8.688520 0 -11.840200 17.437400 194.024000 1037.310000 -13 2542 1 0 1.000000
13.253700 -1.868930 0 11.299600 4.360830 199.495000 1037.380000 -13 2543 1 0 1.000000
2.194120 -9.433830 0 2.053380 -6.365920 213.717000 1037.250000 -13 2544 1 0 1.000000
0.023513 -13.292100 0 -0.480300 -9.530590 216.752000 1037.290000 -13 2545 1 0 1.000000
1.794600 -15.491000 0 -12.931500 17.746200 198.689000 1037.400000 -13 2546 1 0 1.000000
-5.294630 -4.492600 0 -0.752848 8.436040 200.902000 1037.430000 -13 2547 1 0 1.000000
-12.597100 -5.871330 0 -2.914650 6.003070 212.699000 1037.210000 -13 2548 1 0 1.000000
3.737060 -7.203500 0 15.361500 13.401900 191.123000 1037.320000 -13 2549 1 0 1.000000
-0.765720 -3.115680 0 -1.793060 -8.730030 215.388000 1037.070000 -13 2550 1 0 1.000000
-14.074700 -3.711350 0 -3.373180 -5.644200 217.953000 1037.110000 -13 2551 1 0 1.000000
-11.489200 16.501500 0 22.827000 -19.215900 219.579000 1037.260000 -13 2552 1 0 1.000000
-14.064800 -8.027380 0 -13.674700 8.059020 214.351000 1037.350000 -13 2553 1 0 1.000000
-6.197920 -3.738440 0 0.483468 -0.695937 199.268000 1037.190000 -13 2554 1 0 1.000000
-4.605280 3.789990 0 6.438490 -11.899200 204.587000 1037.510000 -13 2555 1 0 1.000000
-4.682830 0.233661 0 -7.210380 -14.330400 213.206000 1037.200000 -13 2556 1 0 1.000000
-6.711680 -11.451000 0 -6.505690 3.777360 217.647000 1037.380000 -13 2557 1 0 1.000000
-0.518955 -17.781200 0 -5.729080 5.018980 209.853000 1037.340000 -13 2558 1 0 1.000000
-10.840100 -3.550330 0 15.283900 -1.942630 210.123000 1037.330000 -13 2559 1 0 1.000000
-6.745520 -15.617200 0 -18.064700 3.510980 193.593000 1037.370000 -13 2560 1 0 1.000000
-16.007500 -7.187720 0 -10.811600 5.216440 214.942000 1037.050000 -13 2561 1 0 1.000000
-12.187900 9.189180 0 -7.498810 2.290080 202.579000 1036.980000 -13 2562 1 0 1.000000
-7.979030 -0.957332 0 2.600810 1.510330 206.316000 1037.460000 -13 2563 1 0 1.000000
-13.568000 -11.352300 0 -0.178431 -14.573900 216.318000 1037.300000 -13 2564 1 0 1.000000
1.524720 -14.422500 0 -1.457090 -0.921535 201.514000 1037.230000 -13 2565 1 0 1.000000
-4.451960 -25.257300 0 1.513960 1.584630 203.490000 1037.050000 -13 2566 1 0 1.000000
-8.979440 -0.716707 0 32.269400 13.257300 218.149000 1037.190000 -13 2567 1 0 1.000000
-16.463900 -19.162000 0 -7.417660 27.262000 213.893000 1037.100000 -13 2568 1 0 1.000000
4.317910 -9.312210 0 -7.943940 3.578640 202.573000 1037.170000 -13 2569 1 0 1.000000
-23.322000 0.992878 0 13.540600 20.028500 234.773000 1037.220000 -13 2570 1 0 1.000000
-14.689300 -0.128218 0 -9.331430 10.539500 198.452000 1037.150000 -13 2571 1 0 1.000000
-8.764580 -22.225900 0 -12.218500 13.739900 209.933000 1037.160000 -13 2572 1 0 1.000000
12.273500 -1.122650 0 -14.310800 4.124650 200.649000 1037.590000 -13 2573 1 0 1.000000
-5.541430 -2.433830 0 7.142730 -0.833510 212.078000 1037.120000 -13 2574 1 0 1.000000
-4.299510 -22.239000 0 -26.057500 37.031700 216.161000 1037.580000 -13 2575 1 0 1.000000
-12.277500 1.201620 0 17.307100 7.402320 205.660000 1037.340000 -13 2576 1 0 1.000000
-2.108900 -3.117310 0 0.460703 7.722210 208.601000 1037.110000 -13 2577 1 0 1.000000
-4.348160 -12.608600 0 -6.063600 15.893000 204.166000 1037.100000 -13 2578 1 0 1.000000
4.855220 -4.873560 0 -8.834510 4.846610 199.168000 1037.240000 -13 2579 1 0 1.000000
-6.752020 4.345260 0 0.232544 9.660240 198.960000 1037.190000 -13 2580 1 0 1.000000
-5.367120 -2.960250 0 -10.203300 -0.905031 209.983000 1037.250000 -13 2581 1 0 1.000000
-11.055400 -15.364300 0 4.229480 10.358900 206.725000 1037.300000 -13 2582 1 0 1.000000
-3.722420 -20.537100 0 4.516280 -8.703930 204.018000 1037.260000 -13 2583 1 0 1.000000
1.566830 -15.356900 0 7.050540 6.888340 196.953000 1037.170000 -13 2584 1 0 1.000000
-9.389140 -16.795900 0 -0.596701 5.623030 215.061000 1037.160000 -13 2585 1 0 1.000000
-9.827420 0.850514 0 -0.750408 -10.355800 224.688000 1037.080000 -13 2586 1 0 1.000000
-12.835900 -9.790820 0 1.329750 5.434160 201.180000 1037.250000 -13 2587 1 0 1.000000
-29.958300 -7.142680 0 -4.003320 -10.871100 207.610000 1037.550000 -13 2588 1 0 1.000000
8.035940 -20.684000 0 -15.520900 -0.083725 206.623000 1037.420000 -13 2589 1 0 1.000000
-19.057600 10.464100 0 -13.367300 6.255550 214.204000 1037.200000 -13 2590 1 0 1.000000
5.983510 -3.756400 0 7.005030 -20.982200 202.631000 1037.460000 -13 2591 1 0 1.000000
-14.606000 -12.834100 0 -11.211300 -14.707800 207.501000 1037.530000 -13 2592 1 0 1.000000
-9.612790 -20.705000 0 12.445100 -9.748720 191.626000 1037.310000 -13 2593 1 0 1.000000
-7.372330 -12.627000 0 7.030440 -13.237900 205.305000 1037.450000 -13 2594 1 0 1.000000
11.973000 -14.667700 0 9.072550 3.496520 193.950000 1037.200000 -13 2595 1 0 1.000000
-9.068830 -9.738080 0 -11.181700 -12.415000 222.895000 1037.320000 -13 2596 1 0 1.000000
-3.163910 -13.619500 0 -0.226022 -5.879480 201.949000 1037.230000 -13 2597 1 0 1.000000
-24.792200 -6.999180 0 17.820800 10.844600 226.174000 1037.260000 -13 2598 1 0 1.000000
0.948105 -12.142400 0 -15.165100 -15.676900 217.857000 1037.280000 -13 2599 1 0 1.000000
-28.338000 1.000710 0 8.957860 16.941800 219.468000 1036.970000 -13 2600 1 0 1.000000
-11.728800 -11.038500 0 27.363600 5.920640 211.590000 1037.340000 -13 2601 1 0 1.000000
2.726530 -9.599240 0 4.408950 -14.113800 214.290000 1037.070000 -13 2602 1 0 1.000000
-17.659700 -3.824850 0 -1.051300 3.277790 197.706000 1037.110000 -13 2603 1 0 1.000000
-8.753400 3.270470 0 3.607660 7.652010 214.311000 1037.050000 -13 2604 1 0 1.000000
-8.433270 -11.770500 0 11.143300 -14.166600 190.899000 1037.310000 -13 2605 1 0 1.000000
-18.321500 -6.116020 0 -17.111500 1.031920 208.808000 1037.000000 -13 2606 1 0 1.000000
-27.688000 -6.097750 0 -6.867880 13.073000 216.892000 1037.090000 -13 2607 1 0 1.000000
-6.785610 -3.834620 0 10.525100 12.260800 211.535000 1037.060000 -13 2608 1 0 1.000000
-2.272510 -7.387050 0 12.489500 -11.235600 214.403000 1037.410000 -13 2609 1 0 1.000000
-7.578880 -8.420420 0 7.579710 3.267990 205.980000 1037.230000 -13 2610 1 0 1.000000
-13.527900 -10.184200 0 2.157300 6.346260 196.870000 1037.320000 -13 2611 1 0 1.000000
-11.605900 -16.049500 0 2.660720 1.766730 217.014000 1037.440000 -13 2612 1 0 1.000000
2.238140 19.848200 0 -6.102770 -12.831200 207.230000 1037.370000 -13 2613 1 0 1.000000
-25.548700 -3.674050 0 13.052200 -2.547820 223.577000 1037.300000 -13 2614 1 0 1.000000
-12.188400 -5.981860 0 1.595330 -3.880210 214.142000 1037.190000 -13 2615 1 0 1.000000
9.695590 6.417240 0 -4.596620 -16.870500 217.373000 1037.260000 -13 2616 1 0 1.000000
-9.407410 -5.420810 0 -1.356920 -24.104600 223.410000 1037.160000 -13 2617 1 0 1.000000
-42.844900 -22.997800 0 18.157000 -2.897990 228.157000 1037.540000 -13 2618 1 0 1.000000
-2.791130 -5.309250 0 0.035539 2.015270 217.035000 1037.170000 -13 2619 1 0 1.000000
-16.457100 -7.381420 0 -1.719180 -4.227370 192.828000 1037.060000 -13 2620 1 0 1.000000
-9.469650 -14.352700 0 -24.879200 -21.051100 240.668000 1037.280000 -13 2621 1 0 1.000000
-2.727540 -6.296530 0 -4.196930 -30.703900 233.599000 1037.280000 -13 2622 1 0 1.000000
-8.436320 -27.470900 0 -17.423300 15.460800 211.998000 1037.140000 -13 2623 1 0 1.000000
-3.069760 -12.163500 0 12.808800 4.459300 203.635000 1037.090000 -13 2624 1 0 1.000000
-9.221680 -7.904870 0 1.886920 -0.407448 228.202000 1037.160000 -13 2625 1 0 1.000000
2.157320 -13.658800 0 31.835600 -7.367050 217.724000 1037.280000 -13 2626 1 0 1.000000
-23.144800 -11.250800 0 -13.216900 14.835100 222.897000 1037.270000 -13 2627 1 0 1.000000
-13.808700 2.739220 0 28.430000 -41.488500 223.498000 1037.370000 -13 2628 1 0 1.000000
-7.935010 -16.548000 0 -10.950200 -5.347840 199.827000 1037.410000 -13 2629 1 0 1.000000
-21.066100 -9.541640 0 3.129630 9.002730 219.501000 1037.410000 -13 2630 1 0 1.000000
-7.185860 -17.565200 0 0.656870 9.177600 219.648000 1037.210000 -13 2631 1 0 1.000000
-7.397370 -0.247760 0 3.362370 6.680530 192.141000 1037.190000 -13 2632 1 0 1.000000
-0.857750 -6.890590 0 1.523530 16.915100 215.868000 1037.160000 -13 2633 1 0 1.000000
-10.484100 -11.113800 0 -17.440100 -0.480326 207.128000 1037.370000 -13 2634 1 0 1.000000
-5.358980 -14.361500 0 -3.009530 3.667680 207.335000 1036.970000 -13 2635 1 0 1.000000
-17.510700 -6.613990 0 5.913670 2.322160 206.583000 1037.300000 -13 2636 1 0 1.000000
-0.664123 -10.682300 0 21.575100 19.457000 197.839000 1037.410000 -13 2637 1 0 1.000000
-30.319300 -6.420450 0 -2.202580 -5.115950 233.057000 1037.230000 -13 2638 1 0 1.000000
-5.620330 -19.499400 0 -3.215780 -0.555121 224.473000 1037.270000 -13 2639 1 0 1.000000
-6.878790 -12.216000 0 0.736045 -5.592810 199.938000 1037.000000 -13 2640 1 0 1.000000
-3.307970 -21.524800 0 6.810730 -2.666820 195.477000 1037.030000 -13 2641 1 0 1.000000
7.230390 -17.114700 0 -4.748350 6.607260 205.686000 1037.340000 -13 2642 1 0 1.000000
-9.379020 -2.417190 0 2.406250 22.453300 222.862000 1037.120000 -13 2643 1 0 1.000000
-12.409800 -3.987730 0 7.742310 1.119570 188.916000 1037.130000 -13 2644 1 0 1.000000
4.657220 -23.759300 0 -1.567220 17.748400 201.857000 1037.330000 -13 2645 1 0 1.000000
-19.234400 -8.952300 0 6.805660 12.892700 203.573000 1037.230000 -13 2646 1 0 1.000000
0.797279 -1.656820 0 -4.500180 -26.107700 210.075000 1037.150000 -13 2647 1 0 1.000000
-27.690600 -2.996260 0 21.029300 3.635550 213.460000 1037.220000 -13 2648 1 0 1.000000
14.383700 -14.384800 0 5.008340 -8.357000 209.715000 1037.100000 -13 2649 1 0 1.000000
4.060770 -5.337160 0 -5.440550 0.371542 196.000000 1037.240000 -13 2650 1 0 1.000000
-9.728840 0.283654 0 -12.922700 1.004190 200.680000 1037.290000 -13 2651 1 0 1.000000
-0.023215 4.533950 0 8.165630 -2.856050 209.534000 1037.430000 -13 2652 1 0 1.000000
-30.642300 11.120900 0 18.745300 -2.453710 235.733000 1037.190000 -13 2653 1 0 1.000000
-17.310700 -15.670400 0 -16.080800 3.848800 203.073000 1037.170000 -13 2654 1 0 1.000000
-2.695580 10.993300 0 4.570380 2.317510 230.314000 1037.310000 -13 2655 1 0 1.000000
-1.951250 -6.868910 0 -12.451200 -17.010900 217.400000 1037.400000 -13 2656 1 0 1.000000
0.617575 -11.545900 0 -5.294460 -1.448720 195.248000 1037.470000 -13 2657 1 0 1.000000
-10.388000 -11.793500 0 -2.802340 22.106600 200.772000 1037.280000 -13 2658 1 0 1.000000
-5.233520 -9.059220 0 -5.460450 6.061300 196.382000 1037.360000 -13 2659 1 0 1.000000
-1.886260 2.625600 0 -0.143969 -13.547500 200.293000 1037.030000 -13 2660 1 0 1.000000
2.324600 17.349600 0 2.099240 -0.667118 209.155000 1037.150000 -13 2661 1 0 1.000000
-6.075660 -9.659490 0 -15.612800 -5.807640 213.700000 1037.190000 -13 2662 1 0 1.000000
-8.326840 -12.759800 0 3.875230 5.854160 215.980000 1037.180000 -13 2663 1 0 1.000000
-3.291370 -2.235550 0 -6.428900 4.431360 203.129000 1037.260000 -13 2664 1 0 1.000000
-9.897410 13.216800 0 1.136480 -4.524740 208.729000 1037.070000 -13 2665 1 0 1.000000
-16.816500 -11.518100 0 -4.922330 -0.212939 210.944000 1036.960000 -13 2666 1 0 1.000000
-2.299930 -7.647040 0 -18.958000 4.212220 218.023000 1037.190000 -13 2667 1 0 1.000000
-18.810400 -3.753620 0 21.556900 3.059380 211.513000 1037.440000 -13 2668 1 0 1.000000
-6.821100 -20.986100 0 20.857800 9.750610 216.938000 1037.620000 -13 2669 1 0 1.000000
-19.644200 5.592920 0 16.659800 4.691120 216.505000 1037.100000 -13 2670 1 0 1.000000
-1.274920 -3.289940 0 9.007970 -6.093040 219.964000 1037.420000 -13 2671 1 0 1.000000
-3.608770 -5.174010 0 9.117000 -3.606800 185.683000 1037.320000 -13 2672 1 0 1.000000
-2.055210 -5.151120 0 4.034180 7.288420 206.060000 1037.110000 -13 2673 1 0 1.000000
-7.615870 -10.297500 0 -5.287190 14.550700 198.735000 1037.290000 -13 2674 1 0 1.000000
2.793800 -16.177700 0 7.453450 3.486810 222.146000 1037.270000 -13 2675 1 0 1.000000
-8.595350 -9.373460 0 -29.747000 -5.971490 203.887000 1037.240000 -13 2676 1 0 1.000000
-19.974800 -17.877900 0 -10.922000 16.024800 194.453000 1037.440000 -13 2677 1 0 1.000000
-15.529300 1.653210 0 -12.186100 1.909380 223.088000 1037.330000 -13 2678 1 0 1.000000
-8.044650 -24.479600 0 -8.828020 -44.858900 215.821000 1037.040000 -13 2679 1 0 1.000000
-3.207370 -20.808100 0 -0.767775 -16.849300 203.199000 1037.320000 -13 2680 1 0 1.000000
-6.914890 -22.347500 0 5.715800 -4.513660 206.760000 1037.410000 -13 2681 1 0 1.000000
-24.767400 -5.830750 0 -8.094920 -9.763730 206.356000 1037.370000 -13 2682 1 0 1.000000
0.163095 -6.561160 0 1.603210 3.392010 202.727000 1037.210000 -13 2683 1 0 1.000000
-6.808870 -18.352700 0 4.486250 -11.227000 200.032000 1037.220000 -13 2684 1 0 1.000000
-11.705500 -10.408500 0 7.748590 -10.272100 205.349000 1037.270000 -13 2685 1 0 1.000000
-6.440070 -13.309900 0 -17.940200 -3.498200 224.004000 1037.000000 -13 2686 1 0 1.000000
10.612700 -14.935000 0 9.521680 8.121400 196.526000 1037.230000 -13 2687 1 0 1.000000
-6.414600 -10.812900 0 -8.655410 12.205500 201.885000 1037.350000 -13 2688 1 0 1.000000
-3.322580 -7.661790 0 20.095100 -14.175000 190.941000 1037.560000 -13 2689 1 0 1.000000
0.031993 -11.792400 0 -13.469800 -4.540350 205.442000 1037.380000 -13 2690 1 0 1.000000
-12.959000 1.174450 0 28.292600 -7.597970 203.488000 1037.280000 -13 2691 1 0 1.000000
-12.446900 -19.701900 0 -10.363000 -3.440070 215.780000 1037.320000 -13 2692 1 0 1.000000
-14.524400 8.369560 0 1.450340 2.424630 207.668000 1037.450000 -13 2693 1 0 1.000000
-8.938040 -3.252990 0 7.952870 17.706300 201.458000 1037.400000 -13 2694 1 0 1.000000
-5.347150 2.848420 0 20.843100 -10.350900 192.835000 1037.160000 -13 2695 1 0 1.000000
-12.706600 2.963740 0 -0.242612 0.887956 202.784000 1037.190000 -13 2696 1 0 1.000000
6.491330 -5.061000 0 -21.991000 5.044480 218.597000 1037.120000 -13 2697 1 0 1.000000
-14.315700 -10.670000 0 3.850710 -24.324800 225.690000 1037.340000 -13 2698 1 0 1.000000
-16.732000 -4.718870 0 6.433590 5.706540 217.639000 1037.310000 -13 2699 1 0 1.000000
-21.442100 -4.026070 0 0.201716 -5.858110 220.579000 1037.130000 -13 2700 1 0 1.000000
-17.724400 -6.034980 0 4.997640 6.596730 211.106000 1037.160000 -13 2701 1 0 1.000000
-2.086260 -7.200790 0 0.398992 14.655600 207.390000 1037.320000 -13 2702 1 0 1.000000
-6.531720 2.328640 0 -3.640980 -11.462000 209.238000 1037.410000 -13 2703 1 0 1.000000
4.893560 -14.663200 0 1.221010 5.230680 196.206000 1037.200000 -13 2704 1 0 1.000000
-11.761300 -13.265600 0 -7.500480 -9.996430 198.192000 1037.380000 -13 2705 1 0 1.000000
-2.347970 -12.328400 0 3.060740 -6.982910 212.799000 1037.300000 -13 2706 1 0 1.000000
-16.690600 -19.429300 0 -0.769520 23.939800 231.444000 1037.220000 -13 2707 1 0 1.000000
2.747500 -7.574260 0 -9.409080 1.445250 215.655000 1037.260000 -13 2708 1 0 1.000000
-6.230280 -9.146060 0 8.007600 5.991310 204.984000 1037.370000 -13 2709 1 0 1.000000
-10.484700 0.430794 0 1.229600 6.185700 199.914000 1037.150000 -13 2710 1 0 1.000000
-9.088630 -5.533330 0 5.055420 -10.244100 207.268000 1037.230000 -13 2711 1 0 1.000000
-7.832660 -7.608120 0 -5.946150 -9.704270 217.592000 1037.390000 -13 2712 1 0 1.000000
-9.985480 -6.315340 0 -3.375380 7.871570 214.478000 1037.340000 -13 2713 1 0 1.000000
-10.698700 -3.768560 0 -5.953660 -5.807650 201.150000 1037.280000 -13 2714 1 0 1.000000
-22.093100 1.787920 0 8.831840 1.809890 216.254000 1037.180000 -13 2715 1 0 1.000000
-10.331100 -8.622480 0 -9.347350 -10.083500 212.522000 1037.270000 -13 2716 1 0 1.000000
-0.809531 33.193300 0 7.987680 -17.517700 235.200000 1037.230000 -13 2717 1 0 1.000000
-14.145300 -3.807940 0 13.208100 -4.031060 224.745000 1037.160000 -13 2718 1 0 1.000000
-12.469500 -14.287300 0 -5.785730 -7.757530 230.117000 1037.290000 -13 2719 1 0 1.000000
-7.057310 0.468190 0 0.753443 13.218900 224.595000 1037.210000 -13 2720 1 0 1.000000
-10.254200 -17.135800 0 3.792220 0.767156 211.904000 1037.290000 -13 2721 1 0 1.000000
-2.752290 -18.482500 0 -20.660900 16.247300 213.982000 1037.220000 -13 2722 1 0 1.000000
-16.032900 -1.189310 0 0.922382 -1.468340 219.524000 1037.230000 -13 2723 1 0 1.000000
-7.610010 -6.302640 0 -2.501080 0.455169 203.035000 1037.210000 -13 2724 1 0 1.000000
12.202100 -20.807700 0 0.016392 1.421480 208.904000 1037.170000 -13 2725 1 0 1.000000
-13.862100 -5.159790 0 -16.313000 -10.849500 228.893000 1037.280000 -13 2726 1 0 1.000000
-0.167607 -16.976200 0 -0.219733 -8.016340 195.570000 1037.240000 -13 2727 1 0 1.000000
-1.215040 -5.011330 0 -5.224620 -9.775650 195.163000 1037.360000 -13 2728 1 0 1.000000
6.371880 -4.895990 0 -17.493900 5.422180 221.651000 1037.330000 -13 2729 1 0 1.000000
-3.309260 -9.981520 0 10.151900 -12.156800 209.752000 1037.300000 -13 2730 1 0 1.000000
-8.811480 -13.956900 0 11.102200 24.622200 205.488000 1037.140000 -13 2731 1 0 1.000000
2.163700 11.261500 0 6.260080 2.408360 211.651000 1037.480000 -13 2732 1 0 1.000000
1.147800 -15.815800 0 -0.079747 9.207610 207.856000 1037.210000 -13 2733 1 0 1.000000
3.966220 -11.107300 0 9.483390 2.598560 195.901000 1037.170000 -13 2734 1 0 1.000000
-8.439740 -19.098800 0 9.691430 3.418730 205.438000 1037.340000 -13 2735 1 0 1.000000
-17.653600 -17.440900 0 -10.328100 17.398500 217.903000 1037.280000 -13 2736 1 0 1.000000
3.093220 -5.985920 0 4.311740 6.010520 201.320000 1037.120000 -13 2737 1 0 1.000000
-12.735000 12.043600 0 4.611810 -9.268570 227.962000 1037.250000 -13 2738 1 0 1.000000
-27.709200 4.510920 0 3.568040 16.617700 227.590000 1037.250000 -13 2739 1 0 1.000000
4.910540 -8.276440 0 7.600070 4.227790 209.247000 1037.260000 -13 2740 1 0 1.000000
-19.908800 -1.007070 0 4.752000 -12.308700 214.543000 1037.530000 -13 2741 1 0 1.000000
-22.045600 -7.990140 0 4.821820 11.276800 209.774000 1037.230000 -13 2742 1 0 1.000000
0.516071 -8.826710 0 0.179908 -1.199030 196.045000 1037.130000 -13 2743 1 0 1.000000
-3.784230 -13.174600 0 5.975550 -8.463130 207.452000 1037.430000 -13 2744 1 0 1.000000
-11.840800 -0.956621 0 -6.699680 1.057700 207.429000 1037.070000 -13 2745 1 0 1.000000
0.880175 5.673980 0 -0.534676 3.329360 204.277000 1037.190000 -13 2746 1 0 1.000000
8.996510 -1.130830 0 -15.914600 -2.358940 210.183000 1037.170000 -13 2747 1 0 1.000000
-4.560230 -4.638530 0 13.028500 -1.192400 209.492000 1037.290000 -13 2748 1 0 1.000000
-12.480500 -16.064500 0 14.154300 -28.679000 215.733000 1036.950000 -13 2749 1 0 1.000000
-15.326900 -10.630900 0 -21.761000 -1.968300 222.225000 1037.340000 -13 2750 1 0 1.000000
-16.261100 -1.379320 0 -4.166940 4.431930 203.625000 1037.310000 -13 2751 1 0 1.000000
-11.859200 -10.730700 0 13.775300 -11.653700 232.022000 1037.200000 -13 2752 1 0 1.000000
-4.370790 -7.356180 0 0.732597 3.568400 197.631000 1037.360000 -13 2753 1 0 1.000000
-18.707300 -3.466080 0 11.349000 10.993100 216.596000 1037.310000 -13 2754 1 0 1.000000
-11.471600 -19.209000 0 3.314180 7.547580 219.015000 1037.180000 -13 2755 1 0 1.000000
-8.396490 -8.837250 0 1.989050 -13.064400 221.755000 1037.190000 -13 2756 1 0 1.000000
13.801700 -11.261100 0 -9.013210 4.307230 212.704000 1037.410000 -13 2757 1 0 1.000000
-7.278430 0.309288 0 -20.960500 20.434000 192.838000 1037.180000 -13 2758 1 0 1.000000
-5.593740 -6.510860 0 3.803610 -10.633400 217.969000 1037.480000 -13 2759 1 0 1.000000
-1.157750 -2.970350 0 -6.332920 2.206570 201.130000 1037.310000 -13 2760 1 0 1.000000
-11.272800 -13.987900 0 15.685100 -9.063260 216.872000 1037.180000 -13 2761 1 0 1.000000
-11.634800 0.610983 0 11.177600 2.944030 192.902000 1037.220000 -13 2762 1 0 1.000000
-7.415210 -0.298269 0 -8.356450 16.384800 210.273000 1037.010000 -13 2763 1 0 1.000000
-6.238210 -10.365300 0 -21.790700 12.292200 219.079000 1037.450000 -13 2764 1 0 1.000000
-7.754750 -1.928590 0 18.747600 0.386011 213.575000 1037.340000 -13 2765 1 0 1.000000
-2.572090 -4.662830 0 -14.936600 17.045500 221.417000 1037.460000 -13 2766 1 0 1.000000
-0.189135 -4.721600 0 11.336100 5.926430 219.854000 1037.190000 -13 2767 1 0 1.000000
-12.648700 -4.403330 0 8.829700 2.155990 212.289000 1037.390000 -13 2768 1 0 1.000000
-26.956900 -17.174900 0 6.360500 1.552820 202.581000 1037.300000 -13 2769 1 0 1.000000
-4.044960 -1.856260 0 -4.463140 -9.609680 220.644000 1037.200000 -13 2770 1 0 1.000000
-13.723300 -3.857730 0 5.408200 -0.985839 209.372000 1037.270000 -13 2771 1 0 1.000000
-3.989510 -9.240350 0 -5.871410 7.936370 214.174000 1037.350000 -13 2772 1 0 1.000000
-3.147490 -21.152200 0 -8.443480 7.139970 230.424000 1037.320000 -13 2773 1 0 1.000000
-15.020100 10.200600 0 15.240400 -10.877900 214.245000 1037.220000 -13 2774 1 0 1.000000
2.734110 -12.383800 0 -4.620900 13.485300 216.958000 1037.180000 -13 2775 1 0 1.000000
-13.433800 -13.977300 0 -9.400210 -0.159893 199.027000 1037.200000 -13 2776 1 0 1.000000
-29.702900 0.644630 0 32.904000 0.817260 236.002000 1037.080000 -13 2777 1 0 1.000000
-11.896200 -4.450540 0 11.552500 -4.425870 212.765000 1037.220000 -13 2778 1 0 1.000000
-9.111400 -12.321000 0 14.288200 -6.423570 207.001000 1037.190000 -13 2779 1 0 1.000000
-4.228080 -3.029560 0 13.286300 -9.673890 221.131000 1037.190000 -13 2780 1 0 1.000000
-14.656200 -17.591600 0 -22.694900 -3.390420 205.105000 1037.280000 -13 2781 1 0 1.000000
-20.247500 -11.601200 0 14.929400 4.579790 226.811000 1037.160000 -13 2782 1 0 1.000000
-10.380500 4.392270 0 39.824600 15.261800 194.330000 1037.170000 -13 2783 1 0 1.000000
-2.544370 -10.663300 0 -3.022140 -24.634600 203.237000 1037.220000 -13 2784 1 0 1.000000
4.534640 0.553397 0 -3.413800 7.649370 204.586000 1037.180000 -13 2785 1 0 1.000000
-15.023800 -4.822480 0 25.144200 0.291995 219.514000 1037.250000 -13 2786 1 0 1.000000
-2.502160 -16.761300 0 -3.707360 -10.109500 210.296000 1037.320000 -13 2787 1 0 1.000000
-2.365600 0.782818 0 10.373900 -7.535350 204.947000 1037.240000 -13 2788 1 0 1.000000
-3.105980 -1.485210 0 10.244200 -10.571600 214.949000 1037.370000 -13 2789 1 0 1.000000
5.972000 -9.282320 0 1.348330 2.492820 187.695000 1037.210000 -13 2790 1 0 1.000000
-8.440760 -7.465980 0 7.228030 -19.921800 201.178000 1037.170000 -13 2791 1 0 1.000000
-16.555000 3.376340 0 -5.851930 -16.274400 206.136000 1037.300000 -13 2792 1 0 1.000000
7.216120 -7.832870 0 3.041160 5.542540 217.638000 1037.290000 -13 2793 1 0 1.000000
-16.943600 -7.464230 0 10.736500 4.972030 210.402000 1037.110000 -13 2794 1 0 1.000000
-10.946600 -13.404700 0 7.424650 28.081300 202.663000 1037.140000 -13 2795 1 0 1.000000
-22.078600 -11.539700 0 -9.904290 -0.249803 205.293000 1037.100000 -13 2796 1 0 1.000000
-3.249640 -5.836710 0 -7.257010 1.269350 210.401000 1037.240000 -13 2797 1 0 1.000000
-7.715800 -1.350900 0 26.149900 -8.075880 230.588000 1037.110000 -13 2798 1 0 1.000000
1.377540 -4.466910 0 2.690900 -1.486400 199.808000 1037.200000 -13 2799 1 0 1.000000
-17.543900 -24.341400 0 -5.749180 11.117900 211.645000 1037.100000 -13 2800 1 0 1.000000
-11.471400 -9.226940 0 -6.583990 -2.163430 211.334000 1037.010000 -13 2801 1 0 1.000000
-19.709800 -10.815100 0 -8.135120 0.433794 203.462000 1037.260000 -13 2802 1 0 1.000000
-1.350380 -8.889120 0 -0.495729 -0.153370 209.215000 1037.460000 -13 2803 1 0 1.000000
-12.706400 -4.118590 0 7.623630 -2.213060 211.418000 1037.350000 -13 2804 1 0 1.000000
-20.311700 -6.292210 0 -16.212600 -15.101400 207.295000 1037.530000 -13 2805 1 0 1.000000
0.603503 -5.252530 0 17.435300 13.980800 210.138000 1037.520000 -13 2806 1 0 1.000000
-0.150760 -6.780070 0 -3.236570 -7.301640 202.673000 1037.260000 -13 2807 1 0 1.000000
-14.233900 -29.217300 0 2.740970 1.026070 209.033000 1037.000000 -13 2808 1 0 1.000000
3.229690 9.926880 0 -3.721700 -17.287000 213.247000 1037.270000 -13 2809 1 0 1.000000
0.390691 -11.291900 0 2.174490 2.404610 210.350000 1037.170000 -13 2810 1 0 1.000000
16.975100 -1.690410 0 8.849040 -5.521640 210.207000 1037.280000 -13 2811 1 0 1.000000
-5.340470 5.256180 0 12.211900 9.791370 192.329000 1037.340000 -13 2812 1 0 1.000000
3.196920 -10.471700 0 -16.302400 -6.840780 202.677000 1037.230000 -13 2813 1 0 1.000000
0.156466 -11.338100 0 0.879670 -1.730240 208.638000 1037.110000 -13 2814 1 0 1.000000
-16.803000 -30.104300 0 -3.464290 10.287400 223.360000 1037.350000 -13 2815 1 0 1.000000
26.640400 -1.399970 0 -12.254800 -11.568900 222.201000 1037.310000 -13 2816 1 0 1.000000
-13.759500 -1.268970 0 -12.680000 -15.534500 230.545000 1037.300000 -13 2817 1 0 1.000000
-15.513700 -5.736250 0 8.798750 21.186300 198.583000 1037.280000 -13 2818 1 0 1.000000
1.432660 2.567680 0 -0.954762 2.622180 194.380000 1037.150000 -13 2819 1 0 1.000000
3.137460 -8.338570 0 4.586840 -4.293880 198.774000 1037.140000 -13 2820 1 0 1.000000
-9.154970 -16.098600 0 10.984500 -11.667900 208.322000 1037.320000 -13 2821 1 0 1.000000
-2.043270 -12.997400 0 -0.143181 -2.811830 224.333000 1037.140000 -13 2822 1 0 1.000000
-8.002340 -14.366300 0 -12.314700 13.432800 217.271000 1037.340000 -13 2823 1 0 1.000000
0.237859 -9.580330 0 8.628440 -2.672300 212.876000 1037.430000 -13 2824 1 0 1.000000
-8.574370 -1.200460 0 -4.074370 -8.764560 206.249000 1037.390000 -13 2825 1 0 1.000000
-13.805300 -3.546600 0 -15.445200 -10.863900 215.912000 1037.430000 -13 2826 1 0 1.000000
-6.403620 -6.618040 0 -14.705600 -5.115340 220.908000 1037.010000 -13 2827 1 0 1.000000
-3.857920 2.747170 0 2.171760 9.777980 211.402000 1037.100000 -13 2828 1 0 1.000000
3.162960 -15.996900 0 -2.631770 5.675160 206.769000 1037.120000 -13 2829 1 0 1.000000
-10.913700 -19.780100 0 -16.077200 0.404004 218.976000 1037.230000 -13 2830 1 0 1.000000
-2.115290 -11.273600 0 3.075680 -11.977100 203.862000 1037.150000 -13 2831 1 0 1.000000
-14.592400 -4.595630 0 -9.847920 -11.058900 213.531000 1037.360000 -13 2832 1 0 1.000000
1.317470 -12.522600 0 -2.065450 -2.771450 212.137000 1037.270000 -13 2833 1 0 1.000000
4.312840 7.791430 0 6.063460 -15.846700 193.444000 1037.270000 -13 2834 1 0 1.000000
3.931710 -2.920030 0 -9.066300 -7.803490 207.672000 1037.190000 -13 2835 1 0 1.000000
-11.378100 0.428537 0 5.115980 -0.181411 209.387000 1037.170000 -13 2836 1 0 1.000000
-1.257190 -0.817322 0 -11.539500 1.438000 206.887000 1037.430000 -13 2837 1 0 1.000000
3.772400 -5.917720 0 0.647266 2.205920 214.749000 1037.300000 -13 2838 1 0 1.000000
-0.402511 -10.595000 0 16.150300 -6.560250 195.851000 1037.480000 -13 2839 1 0 1.000000
-2.465690 1.756630 0 -13.054400 -19.252200 214.296000 1037.040000 -13 2840 1 0 1.000000
-16.777600 4.745440 0 2.771060 11.534100 224.084000 1037.330000 -13 2841 1 0 1.000000
-11.612100 3.359740 0 13.669300 4.452780 222.102000 1037.270000 -13 2842 1 0 1.000000
-8.689510 -2.501570 0 -0.551702 4.883710 209.683000 1037.080000 -13 2843 1 0 1.000000
-8.387590 -15.813800 0 -5.749380 18.689300 211.134000 1037.220000 -13 2844 1 0 1.000000
-12.902000 -4.520590 0 9.517680 -0.408591 211.306000 1037.100000 -13 2845 1 0 1.000000
-4.545160 -10.157700 0 7.754670 7.814000 209.619000 1037.030000 -13 2846 1 0 1.000000
1.401480 -1.381280 0 13.717100 0.885509 205.871000 1036.990000 -13 2847 1 0 1.000000
-7.195370 -3.633440 0 -25.206200 16.167200 223.586000 1037.140000 -13 2848 1 0 1.000000
-6.375560 25.050500 0 11.931000 -4.609990 216.817000 1037.360000 -13 2849 1 0 1.000000
-10.871600 -10.593100 0 6.372550 -2.350140 203.282000 1037.140000 -13 2850 1 0 1.000000
7.032850 -5.544750 0 4.863000 -2.387320 193.160000 1037.120000 -13 2851 1 0 1.000000
-4.643390 2.143950 0 10.243300 -32.650000 212.647000 1037.380000 -13 2852 1 0 1.000000
2.853810 -2.602490 0 -64.373400 -31.993700 204.818000 1036.960000 -13 2853 1 0 1.000000
-15.371300 1.656720 0 2.758060 -1.997170 205.716000 1037.020000 -13 2854 1 0 1.000000
-6.816920 -6.498570 0 16.953800 -3.262550 215.787000 1037.170000 -13 2855 1 0 1.000000
-21.057800 -12.090900 0 33.558700 0.936038 225.066000 1037.410000 -13 2856 1 0 1.000000
-16.418500 -8.670310 0 7.394860 6.869870 205.390000 1037.460000 -13 2857 1 0 1.000000
-15.071600 -5.668570 0 16.991100 -11.180900 216.188000 1037.370000 -13 2858 1 0 1.000000
-2.244060 -11.561500 0 -7.135400 0.612813 217.006000 1037.050000 -13 2859 1 0 1.000000
7.628270 -0.690031 0 4.370040 -2.465080 214.022000 1037.360000 -13 2860 1 0 1.000000
-23.005700 -13.383300 0 5.990460 -1.886410 197.315000 1037.170000 -13 2861 1 0 1.000000
-11.605900 -10.767100 0 8.734010 -8.566230 214.978000 1037.300000 -13 2862 1 0 1.000000
-12.315800 8.328770 0 6.690250 1.459520 214.884000 1037.290000 -13 2863 1 0 1.000000
-13.468900 -0.591345 0 22.666400 -11.168500 216.803000 1037.050000 -13 2864 1 0 1.000000
-2.783730 2.462470 0 0.377764 -13.240500 204.839000 1037.060000 -13 2865 1 0 1.000000
-5.259230 -17.083600 0 -0.591615 10.818100 205.732000 1037.240000 -13 2866 1 0 1.000000
1.467030 -7.568580 0 -5.564250 9.211700 207.784000 1037.220000 -13 2867 1 0 1.000000
1.021120 -12.381800 0 2.187430 -15.022200 199.800000 1037.140000 -13 2868 1 0 1.000000
-7.332480 -13.927300 0 -11.435100 -22.399100 212.200000 1037.300000 -13 2869 1 0 1.000000
-7.292010 -13.115900 0 2.585000 6.531350 212.528000 1037.160000 -13 2870 1 0 1.000000
-12.746000 -13.843400 0 -18.557600 -6.974910 210.775000 1037.570000 -13 2871 1 0 1.000000
-6.396150 1.684530 0 1.883830 -6.615720 188.102000 1037.120000 -13 2872 1 0 1.000000
-1.201700 -1.807320 0 2.508010 12.711200 197.154000 1037.380000 -13 2873 1 0 1.000000
-11.254900 -6.828570 0 -15.360300 3.452590 225.611000 1037.430000 -13 2874 1 0 1.000000
-30.549700 9.575940 0 -6.052090 -2.509540 204.339000 1037.380000 -13 2875 1 0 1.000000
-13.305800 -10.248000 0 9.312170 -5.970390 215.497000 1037.210000 -13 2876 1 0 1.000000
-0.818113 -16.945200 0 -14.640800 -1.120780 202.892000 1037.420000 -13 2877 1 0 1.000000
-2.202110 -9.756180 0 4.463760 -12.024200 195.956000 1037.270000 -13 2878 1 0 1.000000
0.539744 -6.331900 0 12.767800 6.274340 190.626000 1037.190000 -13 2879 1 0 1.000000
4.737680 -8.425740 0 -12.786700 6.518900 217.824000 1037.200000 -13 2880 1 0 1.000000
-1.343610 -19.399600 0 -5.749230 -6.001820 226.852000 1037.210000 -13 2881 1 0 1.000000
-15.733600 -30.458900 0 10.119600 28.874600 210.716000 1037.410000 -13 2882 1 0 1.000000
-8.802020 -3.918940 0 -7.723100 -1.573400 215.465000 1037.460000 -13 2883 1 0 1.000000
-12.875200 0.369430 0 31.992100 -14.788100 210.807000 1037.540000 -13 2884 1 0 1.000000
-7.609460 -0.830662 0 -9.513120 -4.279080 198.742000 1037.200000 -13 2885 1 0 1.000000
-0.651471 0.436659 0 -19.551400 4.358830 199.935000 1037.180000 -13 2886 1 0 1.000000
13.299300 -11.646100 0 -2.683570 9.176000 224.579000 1037.440000 -13 2887 1 0 1.000000
-13.619900 -2.826680 0 -20.500200 -1.486940 199.589000 1037.220000 -13 2888 1 0 1.000000
-27.159600 -17.146100 0 -7.990580 -6.690430 208.102000 1037.380000 -13 2889 1 0 1.000000
-15.603400 -16.181900 0 2.888140 -1.984970 203.343000 1037.600000 -13 2890 1 0 1.000000
-8.513640 -10.467300 0 -22.140700 12.978600 233.256000 1037.290000 -13 2891 1 0 1.000000
3.823970 -6.412420 0 -16.554700 -11.274900 213.317000 1037.140000 -13 2892 1 0 1.000000
3.101610 -5.024160 0 -14.964000 -4.665590 231.127000 1037.360000 -13 2893 1 0 1.000000
-12.938400 -6.260060 0 20.015500 7.649480 218.533000 1037.360000 -13 2894 1 0 1.000000
-11.100300 0.252440 0 -2.064160 -1.671930 216.019000 1037.170000 -13 2895 1 0 1.000000
-12.319500 -5.597310 0 -0.268215 0.578872 205.063000 1037.440000 -13 2896 1 0 1.000000
-13.811900 -11.349300 0 22.160200 13.101700 226.528000 1037.290000 -13 2897 1 0 1.000000
-6.486370 -2.113440 0 12.008500 4.218190 198.838000 1037.130000 -13 2898 1 0 1.000000
-4.144150 -9.466590 0 8.118740 7.677850 203.508000 1037.180000 -13 2899 1 0 1.000000
-5.205730 -2.143590 0 24.672700 -7.679000 216.719000 1037.140000 -13 2900 1 0 1.000000
-4.414330 1.373090 0 14.759700 -1.415900 226.230000 1037.180000 -13 2901 1 0 1.000000
-5.119910 -3.002310 0 15.520100 -23.227800 214.324000 1037.240000 -13 2902 1 0 1.000000
-9.307230 -11.875200 0 -4.826330 11.035500 224.942000 1037.240000 -13 2903 1 0 1.000000
-9.630340 -6.436190 0 -11.311700 -4.273430 195.791000 1037.310000 -13 2904 1 0 1.000000
-10.312000 0.589888 0 -1.936880 9.614430 193.319000 1037.050000 -13 2905 1 0 1.000000
-14.208000 -4.826360 0 -4.605240 13.795600 220.502000 1037.080000 -13 2906 1 0 1.000000
-5.836080 -1.011950 0 9.964120 -17.027500 204.197000 1037.540000 -13 2907 1 0 1.000000
-11.742800 1.182740 0 -9.700720 -11.426500 201.404000 1037.090000 -13 2908 1 0 1.000000
-17.694700 -2.287550 0 -8.158990 -9.706620 212.894000 1037.110000 -13 2909 1 0 1.000000
-12.711100 6.509030 0 -10.126300 -15.011300 218.156000 1037.260000 -13 2910 1 0 1.000000
-13.503900 -19.854800 0 12.600000 -9.206920 201.931000 1037.160000 -13 2911 1 0 1.000000
-6.094450 -3.633620 0 2.725340 -9.590600 206.302000 1037.290000 -13 2912 1 0 1.000000
-5.876020 -16.591000 0 -1.965820 -10.677400 197.953000 1037.370000 -13 2913 1 0 1.000000
-22.511300 0.954993 0 2.257630 10.766800 205.225000 1037.270000 -13 2914 1 0 1.000000
-2.584800 -16.025800 0 -5.723250 -2.942600 206.117000 1037.150000 -13 2915 1 0 1.000000
4.216260 6.536310 0 -10.821900 -13.843400 203.016000 1037.260000 -13 2916 1 0 1.000000
-26.162400 -10.410800 0 -0.165518 -15.304300 217.083000 1037.330000 -13 2917 1 0 1.000000
-3.296410 -14.146300 0 7.886110 -13.620900 207.247000 1037.360000 -13 2918 1 0 1.000000
-2.903910 -10.106200 0 -7.054340 -2.600070 196.051000 1037.270000 -13 2919 1 0 1.000000
-6.873930 -12.722200 0 1.163700 2.983160 224.855000 1037.160000 -13 2920 1 0 1.000000
-19.770000 -6.731180 0 -21.754800 4.010190 222.437000 1037.260000 -13 2921 1 0 1.000000
-14.057100 10.994500 0 32.888500 -2.834810 222.072000 1037.110000 -13 2922 1 0 1.000000
-14.400500 -15.906500 0 -9.533270 6.422150 220.302000 1037.160000 -13 2923 1 0 1.000000
-13.330700 -13.197200 0 -17.102800 -0.400063 218.215000 1037.160000 -13 2924 1 0 1.000000
2.377670 -9.649040 0 2.722050 0.744912 218.872000 1037.200000 -13 2925 1 0 1.000000
-2.491500 -3.061150 0 -2.494250 14.724800 210.955000 1037.580000 -13 2926 1 0 1.000000
7.401350 -1.084570 0 20.865700 -4.211010 189.279000 1037.400000 -13 2927 1 0 1.000000
10.157000 -4.429630 0 3.158020 -11.637100 200.442000 1037.210000 -13 2928 1 0 1.000000
-0.162617 -10.975700 0 5.589220 2.719320 224.114000 1037.330000 -13 2929 1 0 1.000000
-19.414100 -4.643100 0 -2.977160 7.606650 221.309000 1037.130000 -13 2930 1 0 1.000000
-15.323600 -11.000500 0 2.834980 -1.132310 222.905000 1037.130000 -13 2931 1 0 1.000000
3.372900 -1.788100 0 -15.822500 -2.937470 201.849000 1037.490000 -13 2932 1 0 1.000000
0.417769 -6.739770 0 -15.230400 9.970110 193.642000 1037.210000 -13 2933 1 0 1.000000
-10.780600 -9.279580 0 -4.163730 20.866100 192.742000 1037.170000 -13 2934 1 0 1.000000
10.700600 -11.087800 0 -1.429720 -14.899800 203.929000 1037.320000 -13 2935 1 0 1.000000
-11.224300 -6.055450 0 -5.971560 -1.797190 216.717000 1037.420000 -13 2936 1 0 1.000000
-11.590600 -3.692020 0 3.614050 16.281100 210.471000 1037.520000 -13 2937 1 0 1.000000
-12.831500 0.617049 0 -3.900660 29.195800 203.181000 1037.220000 -13 2938 1 0 1.000000
0.231633 -8.242070 0 3.057840 -1.086650 210.543000 1037.200000 -13 2939 1 0 1.000000
2.411460 -6.340850 0 3.751170 -4.172940 208.806000 1037.040000 -13 2940 1 0 1.000000
-5.100380 -15.316300 0 -26.451200 10.322500 222.093000 1037.220000 -13 2941 1 0 1.000000
-7.110790 -22.837600 0 -8.312700 -15.790000 202.260000 1037.050000 -13 2942 1 0 1.000000
-0.484784 -12.196400 0 -14.004800 -2.936730 196.645000 1037.220000 -13 2943 1 0 1.000000
-5.824470 9.395250 0 -5.020910 -13.913800 218.705000 1037.300000 -13 2944 1 0 1.000000
-0.080861 -3.807550 0 4.163680 -4.011640 197.091000 1037.510000 -13 2945 1 0 1.000000
4.703300 -9.395000 0 -1.007680 -17.238000 191.330000 1037.290000 -13 2946 1 0 1.000000
-8.894450 9.569890 0 12.205000 6.074460 203.748000 1037.280000 -13 2947 1 0 1.000000
-14.714800 -9.134480 0 -1.527050 -2.966720 212.136000 1037.310000 -13 2948 1 0 1.000000
-6.355770 0.108467 0 12.638500 0.103792 212.979000 1037.250000 -13 2949 1 0 1.000000
-9.982300 -5.845180 0 -10.856900 -4.640420 206.449000 1037.250000 -13 2950 1 0 1.000000
-7.229020 -3.851620 0 18.695400 24.324100 230.817000 1037.250000 -13 2951 1 0 1.000000
-17.681600 -6.522520 0 -25.469000 -4.986360 222.073000 1037.300000 -13 2952 1 0 1.000000
0.135386 -1.652600 0 6.523480 6.184700 215.364000 1037.140000 -13 2953 1 0 1.000000
-14.188200 -11.946400 0 -6.026830 -6.377740 194.732000 1037.350000 -13 2954 1 0 1.000000
10.444000 -7.139720 0 11.916400 -13.421000 204.564000 1037.210000 -13 2955 1 0 1.000000
-0.457155 -4.777140 0 -25.613400 -5.444850 201.025000 1037.320000 -13 2956 1 0 1.000000
-8.852580 -13.469300 0 3.104110 18.156500 204.971000 1037.310000 -13 2957 1 0 1.000000
-8.513720 -5.164470 0 -11.577800 12.229200 208.803000 1037.250000 -13 2958 1 0 1.000000
-7.384740 -10.836400 0 22.787100 -10.164400 230.795000 1037.180000 -13 2959 1 0 1.000000
-2.738090 8.728140 0 -17.922600 -16.203500 202.843000 1037.310000 -13 2960 1 0 1.000000
-23.061600 5.047030 0 2.529870 -1.236720 217.532000 1037.400000 -13 2961 1 0 1.000000
1.363180 -8.723200 0 -17.875500 10.348100 198.171000 1037.430000 -13 2962 1 0 1.000000
-21.190200 -11.934200 0 -6.632850 -15.707500 225.245000 1037.150000 -13 2963 1 0 1.000000
1.051650 6.715630 0 11.938700 -24.259700 199.548000 1037.220000 -13 2964 1 0 1.000000
-2.750360 -0.721381 0 27.092900 -15.002800 245.198000 1037.510000 -13 2965 1 0 1.000000
-9.219540 5.656150 0 0.028780 -10.406700 219.282000 1037.310000 -13 2966 1 0 1.000000
-16.358900 -4.828350 0 -11.887000 -3.315200 214.432000 1037.120000 -13 2967 1 0 1.000000
