#BLTrackFile solenoid_cooling_channel
#x y z Px Py Pz t PDGid EvNum TrkId Parent weight
-6.321090 -11.071200 0 0.000000 0.000000 204.000000 190.079000 -13 1 1 0 1.000000
-17.845000 -44.442600 0 7.858770 -19.424400 217.567000 189.952000 -13 2 1 0 1.000000
-53.372700 -31.480100 0 2.377760 -13.304600 222.239000 189.969000 -13 3 1 0 1.000000
-23.657500 -12.984500 0 -11.129700 -20.752700 237.042000 189.920000 -13 4 1 0 1.000000
-15.755300 -45.458400 0 -6.738130 -9.420340 218.310000 189.785000 -13 5 1 0 1.000000
-32.820300 -29.339200 0 -7.756360 -8.370890 219.796000 189.818000 -13 6 1 0 1.000000
-33.053400 -30.381600 0 1.946270 -16.534400 234.112000 189.933000 -13 7 1 0 1.000000
3.059270 51.229900 0 -5.872900 -22.600000 224.724000 190.407000 -13 8 1 0 1.000000
-23.772400 -5.613760 0 -1.473210 -16.027600 227.563000 189.859000 -13 9 1 0 1.000000
-28.331000 -22.986800 0 -0.171525 -2.914950 207.382000 189.841000 -13 10 1 0 1.000000
26.584100 29.597100 0 26.905100 15.495000 212.529000 190.181000 -13 11 1 0 1.000000
23.292000 -27.907100 0 -5.228180 27.295300 216.893000 190.184000 -13 12 1 0 1.000000
41.361100 -66.205800 0 -7.842090 11.154700 220.579000 190.359000 -13 13 1 0 1.000000
-11.422700 -39.702000 0 -12.350900 22.715900 221.823000 190.320000 -13 14 1 0 1.000000
32.190100 -49.935100 0 -0.398699 14.380200 219.582000 190.175000 -13 15 1 0 1.000000
42.512400 -64.892300 0 12.959300 -12.593600 208.458000 190.236000 -13 16 1 0 1.000000
-7.798250 -14.419600 0 -14.409100 32.265600 215.286000 190.185000 -13 17 1 0 1.000000
-17.294100 -12.512300 0 -0.895865 22.246500 213.283000 190.189000 -13 18 1 0 1.000000
23.997600 -2.501400 0 -13.752300 21.164500 211.032000 190.208000 -13 19 1 0 1.000000
-15.098600 -9.954600 0 14.271700 0.700339 198.520000 189.863000 -13 20 1 0 1.000000
-31.870800 11.355700 0 -9.530010 16.241600 208.248000 189.732000 -13 21 1 0 1.000000
0.624910 -15.542200 0 -7.607240 27.499900 218.903000 189.754000 -13 22 1 0 1.000000
-25.313400 -2.564610 0 0.324210 -2.381900 199.375000 189.760000 -13 23 1 0 1.000000
-44.675800 -20.059400 0 7.443890 22.187000 190.640000 190.002000 -13 24 1 0 1.000000
-19.594000 -13.936000 0 -5.966070 -2.552160 196.206000 189.846000 -13 25 1 0 1.000000
-11.642200 -15.959100 0 -4.053620 -17.586000 188.513000 189.936000 -13 26 1 0 1.000000
5.776940 31.011900 0 0.573386 7.291410 215.934000 189.756000 -13 27 1 0 1.000000
-0.077119 10.665300 0 7.223800 -13.932400 210.290000 189.810000 -13 28 1 0 1.000000
-11.195400 16.103500 0 9.879430 -4.421180 184.572000 189.928000 -13 29 1 0 1.000000
-35.487700 9.440560 0 -0.955481 -13.036700 228.991000 190.221000 -13 30 1 0 1.000000
-23.386300 4.194870 0 1.024290 -8.094730 229.294000 190.351000 -13 31 1 0 1.000000
-40.213900 32.411400 0 14.015100 -7.161280 229.739000 190.296000 -13 32 1 0 1.000000
-22.167400 -9.352680 0 18.185900 -9.420040 222.189000 190.564000 -13 33 1 0 1.000000
-35.020600 -23.405900 0 0.802397 -24.801300 221.764000 190.474000 -13 34 1 0 1.000000
-40.818100 -24.525200 0 9.801060 -3.593540 213.900000 190.575000 -13 35 1 0 1.000000
-48.416000 28.457200 0 3.671720 -1.473920 221.559000 190.362000 -13 36 1 0 1.000000
-39.452600 -2.123900 0 3.102170 2.615990 220.793000 190.440000 -13 37 1 0 1.000000
-2.669710 14.777400 0 5.959200 -2.813250 228.161000 190.243000 -13 38 1 0 1.000000
-16.257600 -16.798300 0 11.313300 -4.173940 198.166000 190.752000 -13 39 1 0 1.000000
-175.866000 -100.551000 0 -61.857700 -25.156700 50.285500 204.855000 -13 40 1 0 1.000000
38.007600 18.749900 0 -15.100800 -11.929600 169.291000 191.561000 -13 41 1 0 1.000000
1.693960 9.747680 0 4.002830 24.105100 219.317000 189.696000 -13 42 1 0 1.000000
13.777300 20.268300 0 7.955620 -10.745700 183.340000 189.823000 -13 43 1 0 1.000000
17.760700 -24.186800 0 11.163900 -5.169100 227.209000 189.608000 -13 44 1 0 1.000000
4.709360 -11.207100 0 -31.275900 16.826800 179.957000 189.994000 -13 45 1 0 1.000000
-59.852100 16.427000 0 7.711850 -2.187140 198.163000 190.394000 -13 46 1 0 1.000000
-19.614500 -10.698400 0 12.595700 -6.434460 179.986000 190.365000 -13 47 1 0 1.000000
39.515500 -15.832200 0 23.286900 -14.084000 213.352000 189.782000 -13 48 1 0 1.000000
-34.365500 10.198400 0 6.519320 5.348710 197.370000 190.203000 -13 49 1 0 1.000000
-52.489000 12.828300 0 11.801500 0.304196 199.494000 190.183000 -13 50 1 0 1.000000
6.104370 13.493900 0 12.302700 -17.465900 197.578000 190.462000 -13 51 1 0 1.000000
-65.053300 21.272200 0 -3.938160 -11.039000 203.914000 190.422000 -13 52 1 0 1.000000
-10.680500 -14.504700 0 34.814300 12.765100 256.780000 190.070000 -13 53 1 0 1.000000
-4.007390 -34.796800 0 2.713540 -0.256823 178.273000 190.254000 -13 54 1 0 1.000000
-42.885300 -15.088300 0 38.508800 19.699200 235.751000 190.017000 -13 55 1 0 1.000000
47.336000 -8.618620 0 -4.077360 -11.559900 252.537000 189.858000 -13 56 1 0 1.000000
21.375000 28.312100 0 -6.685800 -11.836800 182.466000 189.896000 -13 57 1 0 1.000000
-77.995700 -22.254800 0 46.210800 -1.734610 252.833000 190.411000 -13 58 1 0 1.000000
-11.343800 -42.361900 0 4.635200 -15.428500 198.030000 189.859000 -13 59 1 0 1.000000
11.279700 -36.693600 0 3.645900 -8.653130 194.409000 189.926000 -13 60 1 0 1.000000
10.943800 -30.468900 0 12.335400 1.332610 194.488000 189.951000 -13 61 1 0 1.000000
-5.840230 1.033610 0 -4.947100 -13.771400 201.098000 189.808000 -13 62 1 0 1.000000
5.500910 -1.102760 0 7.698850 2.625030 195.333000 189.929000 -13 63 1 0 1.000000
10.467400 -9.979310 0 9.543680 -1.028770 189.411000 189.985000 -13 64 1 0 1.000000
16.734600 -32.186400 0 1.914700 -1.590880 193.028000 189.933000 -13 65 1 0 1.000000
-55.366800 6.921200 0 10.557100 -25.454800 219.339000 189.801000 -13 66 1 0 1.000000
17.886200 -26.973000 0 10.429500 9.180730 195.640000 190.017000 -13 67 1 0 1.000000
-28.255900 -7.407170 0 -13.651700 21.587700 178.769000 189.938000 -13 68 1 0 1.000000
32.330700 -80.864300 0 -22.128600 -19.295700 203.944000 189.916000 -13 69 1 0 1.000000
-12.298800 -0.199191 0 4.472770 24.705700 186.883000 190.123000 -13 70 1 0 1.000000
6.264720 2.783190 0 10.260500 -7.940860 197.969000 190.304000 -13 71 1 0 1.000000
-31.851700 5.471330 0 11.616100 13.922700 195.017000 190.162000 -13 72 1 0 1.000000
-16.606300 37.649400 0 -1.532590 -0.339713 205.127000 190.288000 -13 73 1 0 1.000000
8.910140 27.735700 0 -2.550000 -1.496040 199.752000 190.373000 -13 74 1 0 1.000000
9.662150 -53.157000 0 12.178700 -45.304100 210.694000 189.855000 -13 75 1 0 1.000000
9.591690 -22.941700 0 7.252950 33.900800 182.095000 190.202000 -13 76 1 0 1.000000
-4.074870 34.645600 0 8.489160 -15.271700 205.015000 190.293000 -13 77 1 0 1.000000
-22.938200 -15.783700 0 -2.522040 -2.788210 201.302000 189.903000 -13 78 1 0 1.000000
-36.340700 6.117450 0 -2.523950 -1.459720 212.442000 189.927000 -13 79 1 0 1.000000
-18.593900 -5.295680 0 -4.361830 -9.611900 209.261000 189.892000 -13 80 1 0 1.000000
-17.552700 -9.526780 0 19.811300 3.830170 215.003000 189.895000 -13 81 1 0 1.000000
-19.247000 1.342770 0 -11.988900 -17.238700 216.852000 189.933000 -13 82 1 0 1.000000
-29.066000 -14.926100 0 -2.380670 -2.314710 213.847000 190.000000 -13 83 1 0 1.000000
9.256760 -1.947640 0 -5.823110 -9.093240 202.212000 189.964000 -13 84 1 0 1.000000
-27.800000 -2.392410 0 6.863420 0.772469 218.666000 189.901000 -13 85 1 0 1.000000
-1.293630 -21.508500 0 -0.345420 -8.220690 214.573000 189.908000 -13 86 1 0 1.000000
-9.460630 -10.089700 0 2.405160 -5.176270 210.767000 189.872000 -13 87 1 0 1.000000
-12.703800 -13.306400 0 -9.775490 7.405850 189.093000 189.843000 -13 88 1 0 1.000000
-3.602240 -27.834700 0 -10.290000 2.568690 191.521000 189.782000 -13 89 1 0 1.000000
23.999200 12.003400 0 -21.383500 3.448650 199.915000 189.921000 -13 90 1 0 1.000000
3.576660 -4.447230 0 -1.924650 1.561420 198.282000 189.789000 -13 91 1 0 1.000000
4.796370 -6.065520 0 -10.578600 -5.915370 186.414000 189.979000 -13 92 1 0 1.000000
-16.400600 -3.790990 0 2.888850 5.327080 192.387000 190.097000 -13 93 1 0 1.000000
-9.267200 -21.097800 0 -11.787400 6.325680 189.670000 189.885000 -13 94 1 0 1.000000
-19.545400 -13.572800 0 -4.931730 6.197340 195.049000 189.852000 -13 95 1 0 1.000000
-3.984470 -3.810370 0 -0.158460 1.269740 194.718000 189.966000 -13 96 1 0 1.000000
0.542000 1.319380 0 -3.141900 0.489587 205.379000 189.973000 -13 97 1 0 1.000000
-5.781950 -3.491140 0 8.225460 10.852000 211.001000 189.883000 -13 98 1 0 1.000000
-59.578800 -8.570220 0 21.691800 8.506990 233.680000 189.893000 -13 99 1 0 1.000000
-18.580200 -9.635840 0 28.144900 -0.734669 218.688000 189.931000 -13 100 1 0 1.000000
10.536200 16.069000 0 1.440390 13.273900 209.555000 189.946000 -13 101 1 0 1.000000
-55.834800 -3.629010 0 15.846500 7.084100 216.421000 189.955000 -13 102 1 0 1.000000
-24.336800 3.940060 0 11.228300 0.144199 209.302000 189.946000 -13 103 1 0 1.000000
-7.068730 7.808800 0 13.290700 -3.534110 217.638000 189.981000 -13 104 1 0 1.000000
-12.725500 -10.877700 0 31.613700 3.313510 217.915000 189.999000 -13 105 1 0 1.000000
28.820100 -28.724200 0 -13.803100 -7.700580 179.835000 190.744000 -13 106 1 0 1.000000
7.860790 -45.812200 0 17.572400 5.125320 207.698000 190.448000 -13 107 1 0 1.000000
-9.123820 -18.179800 0 0.097475 11.101000 201.920000 190.492000 -13 108 1 0 1.000000
18.008000 -13.987400 0 15.228800 9.616990 204.871000 190.566000 -13 109 1 0 1.000000
11.067000 -24.534700 0 10.063100 0.946626 196.431000 190.555000 -13 110 1 0 1.000000
-37.755100 -12.204100 0 20.510700 -10.203300 193.455000 190.456000 -13 111 1 0 1.000000
-42.826800 -36.292800 0 7.236140 -19.950800 184.774000 190.318000 -13 112 1 0 1.000000
-10.910000 -41.475500 0 13.034500 -2.423590 184.756000 190.480000 -13 113 1 0 1.000000
17.976300 -53.190500 0 3.440500 0.991425 195.307000 190.574000 -13 114 1 0 1.000000
-14.077100 35.073500 0 2.116240 -32.203600 180.605000 190.066000 -13 115 1 0 1.000000
-13.722800 -20.609700 0 16.216300 -10.646500 196.347000 190.475000 -13 116 1 0 1.000000
-25.671800 36.845000 0 -13.178900 -2.810150 207.900000 190.281000 -13 117 1 0 1.000000
2.540990 -26.975200 0 -9.264710 14.992800 181.452000 189.871000 -13 118 1 0 1.000000
-3.560950 7.657970 0 7.487220 -14.447900 195.410000 190.298000 -13 119 1 0 1.000000
-19.302100 30.474100 0 -2.044120 -0.310748 200.465000 190.310000 -13 120 1 0 1.000000
16.127100 3.822110 0 -23.154700 15.645900 181.433000 190.115000 -13 121 1 0 1.000000
-3.059910 8.569140 0 0.127794 1.752940 185.329000 190.244000 -13 122 1 0 1.000000
-17.484700 21.624100 0 9.172480 -15.095400 189.210000 190.254000 -13 123 1 0 1.000000
-16.672700 24.576600 0 -4.602050 -5.281780 196.468000 190.160000 -13 124 1 0 1.000000
18.260500 -1.196190 0 -13.878600 27.120800 181.783000 189.997000 -13 125 1 0 1.000000
31.252300 -14.755100 0 29.790800 11.405000 197.575000 190.743000 -13 126 1 0 1.000000
-12.162600 -13.913300 0 9.001790 5.289250 190.662000 190.333000 -13 127 1 0 1.000000
-13.597200 -22.191700 0 11.335000 -4.950530 188.465000 190.344000 -13 128 1 0 1.000000
8.636930 -17.847000 0 -6.295820 -0.601013 195.249000 190.352000 -13 129 1 0 1.000000
14.762900 -18.492800 0 3.016910 -2.321670 178.992000 190.359000 -13 130 1 0 1.000000
14.645500 -3.384860 0 4.652720 -12.512200 200.159000 190.361000 -13 131 1 0 1.000000
-6.637310 -1.728680 0 4.929010 -5.230570 196.123000 190.408000 -13 132 1 0 1.000000
17.713200 -7.386830 0 -18.749400 8.871030 187.365000 190.380000 -13 133 1 0 1.000000
-7.606090 -10.266100 0 14.168200 9.366270 187.389000 190.266000 -13 134 1 0 1.000000
13.683200 -13.277400 0 -1.588630 -2.289220 198.444000 190.365000 -13 135 1 0 1.000000
-44.612200 -31.900900 0 8.497040 -13.601900 217.980000 190.233000 -13 136 1 0 1.000000
-29.001900 3.747850 0 -11.211900 -20.331300 220.362000 190.227000 -13 137 1 0 1.000000
-35.868100 5.085310 0 -3.887960 -8.802060 208.162000 190.104000 -13 138 1 0 1.000000
-24.183100 -26.679900 0 -5.635560 -22.259100 214.940000 190.091000 -13 139 1 0 1.000000
-52.016600 -16.812500 0 3.325090 -18.102200 223.079000 190.217000 -13 140 1 0 1.000000
-25.642600 5.960710 0 11.121500 -15.602800 215.876000 190.146000 -13 141 1 0 1.000000
-43.710400 -12.087400 0 11.507400 -9.095130 231.308000 190.187000 -13 142 1 0 1.000000
-30.117100 -28.239000 0 15.408200 -3.852470 219.051000 190.150000 -13 143 1 0 1.000000
-42.768700 14.674400 0 -16.287600 -25.820200 224.100000 190.262000 -13 144 1 0 1.000000
-42.350100 0.672019 0 -5.332790 2.360830 220.211000 190.200000 -13 145 1 0 1.000000
-13.555400 1.876170 0 9.363040 13.044700 214.906000 189.865000 -13 146 1 0 1.000000
1.294010 -27.264400 0 2.688050 -3.548940 211.318000 189.833000 -13 147 1 0 1.000000
-7.762350 -4.593880 0 15.984000 4.971650 221.716000 189.939000 -13 148 1 0 1.000000
-15.259100 1.464220 0 11.608500 0.401795 220.346000 189.810000 -13 149 1 0 1.000000
-28.976100 -11.119600 0 13.567500 0.068886 222.888000 189.862000 -13 150 1 0 1.000000
-16.725900 -32.076200 0 15.554700 2.812040 218.611000 189.951000 -13 151 1 0 1.000000
7.853110 -0.739647 0 14.334900 -5.903860 222.679000 189.982000 -13 152 1 0 1.000000
-14.278600 -10.350900 0 11.822500 5.863740 214.665000 189.846000 -13 153 1 0 1.000000
-3.307270 -6.148870 0 7.702210 6.288680 222.620000 189.895000 -13 154 1 0 1.000000
-11.285400 -8.169740 0 17.639100 11.776700 216.074000 189.939000 -13 155 1 0 1.000000
-23.638700 0.184385 0 13.198200 -9.979340 198.630000 190.447000 -13 156 1 0 1.000000
-5.155710 3.015580 0 -15.052100 -3.068480 189.900000 190.258000 -13 157 1 0 1.000000
-11.916000 16.467300 0 -1.397670 7.842380 184.517000 190.211000 -13 158 1 0 1.000000
26.012500 -6.373330 0 -13.777600 14.065400 180.590000 189.822000 -13 159 1 0 1.000000
37.745900 13.434900 0 -11.469000 21.296600 200.461000 190.183000 -13 160 1 0 1.000000
-8.874380 13.998200 0 -11.719000 8.806880 196.210000 190.336000 -13 161 1 0 1.000000
6.749290 8.346080 0 -6.526370 -4.458660 192.299000 190.317000 -13 162 1 0 1.000000
24.889300 -2.838740 0 -13.211500 34.509800 192.092000 190.193000 -13 163 1 0 1.000000
14.379200 23.069800 0 -21.513600 -13.438700 187.400000 190.313000 -13 164 1 0 1.000000
17.332700 -36.424600 0 11.795600 21.673600 182.481000 190.004000 -13 165 1 0 1.000000
5.992130 -1.207660 0 -13.609100 6.956620 224.502000 190.121000 -13 166 1 0 1.000000
8.857090 11.593800 0 -10.069500 -2.620200 230.979000 190.259000 -13 167 1 0 1.000000
-8.123020 20.757600 0 -0.818047 7.011520 229.252000 190.193000 -13 168 1 0 1.000000
-15.195100 11.122200 0 1.761170 6.762460 221.671000 190.295000 -13 169 1 0 1.000000
-17.930700 6.408300 0 -14.461600 -4.849750 228.185000 190.266000 -13 170 1 0 1.000000
-10.589100 2.123960 0 -10.277000 -3.957820 222.793000 190.119000 -13 171 1 0 1.000000
-17.552000 -2.353280 0 -11.068300 -6.726940 220.419000 190.415000 -13 172 1 0 1.000000
-18.326800 13.058500 0 -15.261600 3.016050 232.201000 190.112000 -13 173 1 0 1.000000
-8.791690 -3.295870 0 -9.553470 -10.799000 224.484000 190.213000 -13 174 1 0 1.000000
2.933300 5.167720 0 -18.406900 -5.973370 225.498000 190.138000 -13 175 1 0 1.000000
-30.350800 2.265120 0 16.958000 -16.324000 197.803000 190.449000 -13 176 1 0 1.000000
-21.841300 19.524300 0 -14.224400 -20.506900 193.103000 190.312000 -13 177 1 0 1.000000
-24.894500 -14.723700 0 14.717300 -10.825100 201.980000 190.345000 -13 178 1 0 1.000000
-45.526600 4.253970 0 -5.395550 -22.147400 204.697000 190.343000 -13 179 1 0 1.000000
-1.040550 7.876690 0 -24.178100 -4.347860 179.652000 190.065000 -13 180 1 0 1.000000
-32.898200 -14.040900 0 2.496080 -14.638800 194.833000 190.453000 -13 181 1 0 1.000000
-45.421400 11.205900 0 -12.707900 -26.211000 198.107000 190.298000 -13 182 1 0 1.000000
13.791700 -64.776500 0 -4.642740 27.017500 259.025000 190.084000 -13 183 1 0 1.000000
-23.638000 -19.584800 0 -4.776320 8.288390 227.123000 190.305000 -13 184 1 0 1.000000
-5.754520 -15.749600 0 -5.185900 3.342540 227.389000 190.265000 -13 185 1 0 1.000000
-17.657000 -39.934100 0 -15.441600 8.623420 227.075000 190.122000 -13 186 1 0 1.000000
-17.525800 -23.941700 0 -1.711080 3.388090 228.130000 190.398000 -13 187 1 0 1.000000
-37.074600 -21.430500 0 -14.946800 12.531700 218.922000 190.416000 -13 188 1 0 1.000000
-11.777600 -14.727300 0 -13.114400 -0.728258 229.967000 190.138000 -13 189 1 0 1.000000
-35.673500 -41.920000 0 10.956900 18.888600 226.626000 190.363000 -13 190 1 0 1.000000
-20.566400 -10.840700 0 -1.919690 1.438430 225.077000 190.192000 -13 191 1 0 1.000000
14.367500 -6.408040 0 -0.095692 3.757590 227.790000 190.400000 -13 192 1 0 1.000000
-21.373700 -17.375100 0 -5.045980 -15.965000 206.837000 190.336000 -13 193 1 0 1.000000
-1.339800 -22.861300 0 -5.204610 7.000440 206.607000 190.482000 -13 194 1 0 1.000000
-24.260300 -9.297950 0 1.646020 -11.576700 218.658000 190.282000 -13 195 1 0 1.000000
-30.978000 -26.699700 0 -4.718690 -2.948250 211.991000 190.321000 -13 196 1 0 1.000000
-23.789800 -21.128900 0 -7.822290 -12.702700 220.480000 190.117000 -13 197 1 0 1.000000
-5.518180 -0.576600 0 -11.381600 -16.277000 217.752000 190.305000 -13 198 1 0 1.000000
-3.861920 -32.400800 0 -9.721920 -1.889480 222.308000 190.214000 -13 199 1 0 1.000000
-16.751500 -32.042000 0 -14.268400 -10.496800 216.761000 190.314000 -13 200 1 0 1.000000
6.189970 -38.266200 0 -1.379830 -5.611110 219.746000 190.356000 -13 201 1 0 1.000000
-30.110000 -24.192000 0 11.409800 -7.493960 217.202000 190.274000 -13 202 1 0 1.000000
-10.297900 -68.054200 0 -7.640010 -5.343280 232.056000 190.072000 -13 203 1 0 1.000000
-24.663200 -27.977900 0 -2.179920 -19.117000 223.592000 190.293000 -13 204 1 0 1.000000
-4.583050 -18.353600 0 5.464590 -12.716200 224.560000 190.152000 -13 205 1 0 1.000000
-35.812300 -27.889800 0 0.400557 2.457350 230.279000 190.264000 -13 206 1 0 1.000000
-20.982600 -13.966200 0 -2.573850 -21.086600 221.571000 190.276000 -13 207 1 0 1.000000
10.941700 -14.589800 0 -5.349320 -27.265500 223.761000 190.126000 -13 208 1 0 1.000000
-23.366400 -18.877500 0 4.384820 0.562060 229.822000 190.112000 -13 209 1 0 1.000000
-22.671000 -24.651700 0 -10.589900 -5.325750 224.017000 190.200000 -13 210 1 0 1.000000
-3.530660 -43.590200 0 -5.522850 -2.564600 214.462000 190.141000 -13 211 1 0 1.000000
16.884000 -8.564040 0 -20.594800 -21.137100 226.403000 190.117000 -13 212 1 0 1.000000
15.376200 -16.857200 0 -25.001200 -22.961500 181.755000 190.120000 -13 213 1 0 1.000000
16.258700 28.694800 0 34.566600 6.534840 209.090000 189.788000 -13 214 1 0 1.000000
-30.351800 -47.003500 0 -15.316000 -0.001795 183.188000 190.090000 -13 215 1 0 1.000000
57.333100 -3.902340 0 4.254610 -15.552600 213.848000 189.805000 -13 216 1 0 1.000000
50.444600 29.378300 0 -30.548300 -34.257100 197.510000 190.340000 -13 217 1 0 1.000000
-18.136300 0.587939 0 16.237700 2.053610 200.705000 190.404000 -13 218 1 0 1.000000
-24.906700 -42.471400 0 -18.245500 4.094660 200.315000 190.148000 -13 219 1 0 1.000000
1.597700 -63.345500 0 -9.328790 2.010760 182.379000 189.933000 -13 220 1 0 1.000000
53.741800 44.607700 0 -12.881700 -16.803800 202.104000 190.118000 -13 221 1 0 1.000000
-37.195700 -52.003300 0 -23.304900 -4.190820 211.096000 190.167000 -13 222 1 0 1.000000
-10.939100 18.904800 0 -8.673290 8.033310 197.367000 190.271000 -13 223 1 0 1.000000
24.546700 -0.052267 0 -1.496660 -1.467080 203.118000 190.195000 -13 224 1 0 1.000000
6.039300 -5.764970 0 -6.578540 6.498720 184.168000 190.114000 -13 225 1 0 1.000000
-17.340500 17.081000 0 -2.407280 4.895070 192.286000 190.175000 -13 226 1 0 1.000000
-4.819410 -7.915030 0 -0.430489 -3.368180 190.432000 190.305000 -13 227 1 0 1.000000
-34.223500 -1.647380 0 -7.617220 7.972330 198.552000 190.220000 -13 228 1 0 1.000000
-1.108700 0.727667 0 7.229240 -12.751500 196.824000 190.390000 -13 229 1 0 1.000000
13.974800 -0.572849 0 -26.631200 -6.314970 177.864000 190.198000 -13 230 1 0 1.000000
7.925600 30.187500 0 14.740800 15.906500 203.589000 190.158000 -13 231 1 0 1.000000
-2.621710 7.077420 0 6.637130 -8.515180 220.526000 190.046000 -13 232 1 0 1.000000
-51.534400 26.448900 0 -2.417980 -18.514400 232.733000 190.131000 -13 233 1 0 1.000000
-28.000200 10.886400 0 26.462300 3.456410 222.459000 190.070000 -13 234 1 0 1.000000
-7.777130 18.427600 0 11.334500 -5.216810 229.536000 190.097000 -13 235 1 0 1.000000
-17.735800 6.042370 0 9.793280 -15.054300 230.958000 190.217000 -13 236 1 0 1.000000
-31.717000 17.830300 0 11.604700 -9.916010 231.264000 190.153000 -13 237 1 0 1.000000
-24.595200 22.736100 0 -12.575900 25.095700 230.300000 190.201000 -13 238 1 0 1.000000
-3.624900 14.172600 0 12.343200 0.570619 221.892000 189.964000 -13 239 1 0 1.000000
-21.903500 30.196400 0 -1.639150 -15.059700 230.494000 190.307000 -13 240 1 0 1.000000
-56.625700 -5.302660 0 3.553090 24.351400 227.286000 190.090000 -13 241 1 0 1.000000
8.542210 -52.108600 0 -2.794480 5.110620 207.250000 189.750000 -13 242 1 0 1.000000
-6.546790 -42.573800 0 24.744100 -8.758760 211.290000 189.896000 -13 243 1 0 1.000000
-5.245120 -41.939300 0 -11.759700 17.058400 219.563000 189.847000 -13 244 1 0 1.000000
3.950960 -36.234900 0 -3.222310 14.077900 217.091000 189.937000 -13 245 1 0 1.000000
-25.302900 -52.040200 0 14.866800 -15.638300 235.998000 190.060000 -13 246 1 0 1.000000
15.503700 -64.172200 0 0.539810 6.150110 221.116000 189.963000 -13 247 1 0 1.000000
-6.349100 -19.892200 0 -4.410230 20.323900 204.451000 189.919000 -13 248 1 0 1.000000
12.460100 -26.336200 0 16.057900 -29.452000 225.555000 190.036000 -13 249 1 0 1.000000
9.041300 -49.175500 0 -2.514570 -6.315910 220.112000 189.899000 -13 250 1 0 1.000000
-15.407100 -8.055640 0 -18.286800 2.540160 218.642000 190.010000 -13 251 1 0 1.000000
-34.118700 -7.643470 0 -19.014300 15.536500 208.089000 190.016000 -13 252 1 0 1.000000
-35.129000 9.782570 0 -6.573810 9.108140 211.791000 190.021000 -13 253 1 0 1.000000
16.329000 34.320100 0 -13.692000 22.341000 222.853000 189.979000 -13 254 1 0 1.000000
21.730300 -46.240500 0 -17.340200 23.340300 222.352000 190.018000 -13 255 1 0 1.000000
3.971280 -22.772800 0 -22.566400 14.119900 203.703000 189.909000 -13 256 1 0 1.000000
-12.091000 10.094400 0 -15.765500 3.668530 206.216000 190.014000 -13 257 1 0 1.000000
16.754600 -23.274900 0 -23.289500 15.369800 211.467000 189.913000 -13 258 1 0 1.000000
-13.672900 -24.587900 0 -5.454120 11.488700 207.471000 189.868000 -13 259 1 0 1.000000
16.012800 -23.206400 0 7.300310 3.436270 217.290000 190.446000 -13 260 1 0 1.000000
-4.602080 -10.766400 0 27.944400 -11.931200 210.555000 190.369000 -13 261 1 0 1.000000
-31.276000 2.315190 0 32.062700 -20.675200 189.353000 190.399000 -13 262 1 0 1.000000
27.314000 -12.475800 0 -10.161700 2.441820 211.311000 190.385000 -13 263 1 0 1.000000
59.355600 -34.994100 0 2.122710 -13.883000 190.839000 190.876000 -13 264 1 0 1.000000
10.442000 -3.110480 0 27.677600 -4.936790 207.653000 190.378000 -13 265 1 0 1.000000
41.371900 -18.666200 0 6.861820 2.210510 192.024000 190.754000 -13 266 1 0 1.000000
59.555500 -18.156600 0 15.999000 0.032504 195.590000 190.824000 -13 267 1 0 1.000000
-6.860020 -19.694500 0 26.333800 -10.653100 210.634000 190.423000 -13 268 1 0 1.000000
17.332500 -27.278600 0 -8.448290 9.110830 223.514000 190.461000 -13 269 1 0 1.000000
-33.643200 12.463100 0 -1.086430 -11.417700 205.423000 190.385000 -13 270 1 0 1.000000
-8.827700 4.372730 0 -11.229800 1.519650 197.579000 190.204000 -13 271 1 0 1.000000
3.856210 15.950400 0 -23.015800 8.170020 184.803000 190.081000 -13 272 1 0 1.000000
-9.995840 -9.135870 0 4.324690 -13.922000 196.176000 190.465000 -13 273 1 0 1.000000
-2.945440 5.635060 0 -32.507700 0.700189 185.362000 190.114000 -13 274 1 0 1.000000
53.065000 19.439300 0 -4.378040 15.397200 194.637000 189.878000 -13 275 1 0 1.000000
-33.782400 14.495800 0 -4.630710 -14.566200 204.289000 190.431000 -13 276 1 0 1.000000
-30.470800 14.596600 0 -1.438840 -7.967190 188.898000 190.221000 -13 277 1 0 1.000000
-17.134500 34.501300 0 -15.073300 -20.622300 197.093000 190.440000 -13 278 1 0 1.000000
-37.468900 -34.992900 0 -9.925460 -13.820300 204.368000 190.357000 -13 279 1 0 1.000000
-16.059200 -23.868200 0 -18.701900 9.168740 212.865000 189.937000 -13 280 1 0 1.000000
-24.884800 8.276880 0 -0.341858 18.474600 228.755000 190.092000 -13 281 1 0 1.000000
-22.181200 -19.026900 0 -12.445700 8.490970 215.727000 190.049000 -13 282 1 0 1.000000
6.133080 -6.104410 0 -19.651400 9.555310 218.866000 190.073000 -13 283 1 0 1.000000
11.498900 -8.751350 0 -18.347800 25.768500 217.440000 190.100000 -13 284 1 0 1.000000
10.283100 -4.604790 0 -16.576800 -1.014490 215.345000 190.029000 -13 285 1 0 1.000000
-28.015000 -10.963100 0 4.051720 -1.701270 220.105000 189.985000 -13 286 1 0 1.000000
25.228300 1.438960 0 -6.445280 19.128100 236.157000 190.197000 -13 287 1 0 1.000000
37.353500 -48.479300 0 -9.567800 -25.795200 193.312000 189.728000 -13 288 1 0 1.000000
-2.885400 -9.334560 0 18.539300 -8.357400 198.673000 190.563000 -13 289 1 0 1.000000
-7.469800 21.976600 0 2.016490 -10.228300 211.922000 190.442000 -13 290 1 0 1.000000
-5.480570 0.784098 0 7.467350 -4.725300 189.836000 190.424000 -13 291 1 0 1.000000
-50.852300 -7.845470 0 1.547670 7.087200 204.658000 190.284000 -13 292 1 0 1.000000
9.270620 13.834200 0 -3.459640 20.668400 192.705000 190.370000 -13 293 1 0 1.000000
-24.009000 16.897700 0 -7.863980 14.755700 182.625000 190.155000 -13 294 1 0 1.000000
-16.241300 -11.370100 0 -6.212900 17.061600 180.550000 190.153000 -13 295 1 0 1.000000
-15.953700 6.532520 0 0.490475 2.287670 197.982000 190.425000 -13 296 1 0 1.000000
1.631000 -2.536660 0 0.362972 -5.855420 200.924000 189.979000 -13 297 1 0 1.000000
-38.426900 -7.398930 0 12.249000 -7.053910 221.733000 189.915000 -13 298 1 0 1.000000
16.554700 -3.258270 0 -0.952252 -16.235100 218.752000 189.943000 -13 299 1 0 1.000000
10.087500 -21.647300 0 -0.389677 -12.251100 219.049000 190.075000 -13 300 1 0 1.000000
-0.590777 -2.730110 0 -0.304279 -3.770440 222.066000 189.960000 -13 301 1 0 1.000000
-2.441490 19.317500 0 3.624990 -3.590570 220.045000 189.970000 -13 302 1 0 1.000000
-18.620900 -32.149200 0 10.043700 -19.821800 219.036000 189.972000 -13 303 1 0 1.000000
-16.008900 9.376030 0 12.590600 -23.011600 226.020000 190.218000 -13 304 1 0 1.000000
-3.654600 16.786700 0 1.366290 -13.038500 218.491000 189.997000 -13 305 1 0 1.000000
-12.700800 7.925110 0 -0.433804 -10.318000 228.637000 189.975000 -13 306 1 0 1.000000
-19.423200 10.801100 0 -19.692700 -4.952070 207.594000 190.063000 -13 307 1 0 1.000000
4.534450 -7.926690 0 -31.793700 10.028500 198.520000 189.886000 -13 308 1 0 1.000000
13.717800 7.926160 0 -9.115840 0.130535 192.313000 189.913000 -13 309 1 0 1.000000
12.143200 32.226300 0 -17.510200 3.160560 202.162000 189.965000 -13 310 1 0 1.000000
-32.426700 12.168700 0 -23.380100 -1.586560 205.681000 189.998000 -13 311 1 0 1.000000
-23.224500 -4.408900 0 -14.043300 -8.535810 200.293000 189.958000 -13 312 1 0 1.000000
-46.017600 -11.343000 0 -3.758680 1.342730 199.666000 190.043000 -13 313 1 0 1.000000
-31.678300 -9.731980 0 -17.153400 -7.495340 203.873000 189.977000 -13 314 1 0 1.000000
-32.718800 9.366450 0 -0.962886 -13.681200 206.156000 190.097000 -13 315 1 0 1.000000
-37.221700 18.181800 0 -17.484500 2.954870 214.688000 189.946000 -13 316 1 0 1.000000
-13.530900 -31.159300 0 15.713900 6.233730 219.041000 189.777000 -13 317 1 0 1.000000
-29.318700 -38.481800 0 4.507380 -6.040030 227.233000 189.633000 -13 318 1 0 1.000000
8.696180 -47.201100 0 6.558430 4.459910 213.152000 189.869000 -13 319 1 0 1.000000
-19.762400 -31.077600 0 -10.818000 9.861800 216.083000 189.700000 -13 320 1 0 1.000000
-3.437750 -17.348000 0 13.681000 -44.612100 228.069000 190.024000 -13 321 1 0 1.000000
-23.841200 -55.958000 0 0.887912 11.718000 213.664000 189.771000 -13 322 1 0 1.000000
-2.954110 -55.462000 0 11.763700 -14.108000 218.519000 189.770000 -13 323 1 0 1.000000
8.340260 53.619300 0 -3.470170 -15.693300 229.630000 190.008000 -13 324 1 0 1.000000
-21.746400 -23.541500 0 -9.989100 9.881380 207.033000 189.755000 -13 325 1 0 1.000000
-16.219300 -25.816600 0 1.681450 5.750720 202.236000 189.753000 -13 326 1 0 1.000000
-11.921100 -67.747800 0 -5.497140 27.970000 223.744000 190.152000 -13 327 1 0 1.000000
4.037510 -28.962900 0 5.849480 24.118700 213.214000 190.012000 -13 328 1 0 1.000000
26.660300 -73.010300 0 9.861420 3.613500 227.916000 190.168000 -13 329 1 0 1.000000
8.194350 -7.474870 0 -9.549020 20.238100 220.210000 190.090000 -13 330 1 0 1.000000
2.837620 -54.381000 0 -2.233850 27.969800 207.949000 190.136000 -13 331 1 0 1.000000
40.196700 -29.583400 0 2.389090 15.130500 212.814000 190.020000 -13 332 1 0 1.000000
13.403800 -61.081300 0 -2.839730 24.860200 215.104000 190.012000 -13 333 1 0 1.000000
69.433400 -47.100600 0 -19.512000 26.289000 219.500000 190.363000 -13 334 1 0 1.000000
-9.886440 22.005900 0 -8.195340 12.888900 212.656000 190.034000 -13 335 1 0 1.000000
29.021200 -13.537600 0 -11.022300 8.986070 207.794000 190.045000 -13 336 1 0 1.000000
-16.455800 -10.263400 0 15.035700 -19.797900 218.524000 190.078000 -13 337 1 0 1.000000
-18.959300 15.004600 0 14.327800 -24.090400 220.138000 190.120000 -13 338 1 0 1.000000
-10.170600 -15.644800 0 14.762600 -10.548400 208.970000 189.897000 -13 339 1 0 1.000000
-16.261500 -6.599480 0 8.616340 -14.929000 211.041000 189.959000 -13 340 1 0 1.000000
-36.949400 0.627936 0 -5.972050 -5.618510 212.351000 189.935000 -13 341 1 0 1.000000
-53.023100 14.469500 0 -2.413420 -11.788400 221.935000 190.006000 -13 342 1 0 1.000000
-53.262500 6.953470 0 -3.736160 -5.642950 229.602000 189.972000 -13 343 1 0 1.000000
-19.082200 0.940028 0 0.720460 -10.663700 205.139000 189.940000 -13 344 1 0 1.000000
-35.382600 47.272900 0 7.551810 -6.121910 233.291000 189.998000 -13 345 1 0 1.000000
-11.746500 11.091600 0 9.672320 -14.953400 215.069000 189.996000 -13 346 1 0 1.000000
-30.080300 -53.736200 0 -15.360000 13.295900 258.783000 189.963000 -13 347 1 0 1.000000
-33.317800 -34.219600 0 -38.924100 0.913575 206.197000 189.745000 -13 348 1 0 1.000000
-12.546600 -28.689200 0 -35.680500 5.641210 240.441000 189.874000 -13 349 1 0 1.000000
-12.014200 24.482700 0 28.007400 10.933100 200.754000 190.485000 -13 350 1 0 1.000000
-16.018700 -42.713000 0 -43.500800 1.913280 229.552000 190.812000 -13 351 1 0 1.000000
3.420280 -22.494300 0 -13.294400 -4.006720 193.282000 190.362000 -13 352 1 0 1.000000
-40.571200 -13.275200 0 -0.677531 4.060390 201.568000 190.356000 -13 353 1 0 1.000000
-18.069400 -7.860140 0 -7.871430 -30.146600 192.796000 190.402000 -13 354 1 0 1.000000
-5.488350 -7.134350 0 -2.469610 0.702043 193.795000 190.413000 -13 355 1 0 1.000000
-5.927060 -18.788800 0 -11.517600 16.051600 195.718000 190.377000 -13 356 1 0 1.000000
-28.181800 -41.954900 0 -7.142770 -7.595520 191.451000 190.427000 -13 357 1 0 1.000000
-27.070900 -37.089200 0 -0.000881 6.088980 210.377000 190.330000 -13 358 1 0 1.000000
-12.140000 -20.046200 0 13.192100 -8.308980 204.943000 190.326000 -13 359 1 0 1.000000
11.716500 -15.203400 0 -6.686070 0.203525 197.932000 190.384000 -13 360 1 0 1.000000
-6.368080 6.030040 0 -2.104050 -4.726420 217.361000 190.234000 -13 361 1 0 1.000000
7.209780 -50.368800 0 2.428370 2.697890 196.322000 190.364000 -13 362 1 0 1.000000
10.198400 3.973670 0 -14.311600 23.454300 199.333000 190.434000 -13 363 1 0 1.000000
10.395700 1.022950 0 -2.005780 4.311560 195.190000 190.350000 -13 364 1 0 1.000000
20.102200 -58.123300 0 -4.971910 1.477580 197.773000 190.335000 -13 365 1 0 1.000000
25.520400 -28.192700 0 -2.661410 -29.903900 193.950000 190.331000 -13 366 1 0 1.000000
4.846970 -35.047800 0 -16.854100 9.617880 178.718000 190.454000 -13 367 1 0 1.000000
-14.321500 -14.521300 0 -7.923560 14.498600 205.691000 190.224000 -13 368 1 0 1.000000
16.824600 -49.039000 0 -13.608900 -6.917750 192.519000 190.251000 -13 369 1 0 1.000000
-19.900900 11.047900 0 0.591172 2.227720 197.194000 190.628000 -13 370 1 0 1.000000
-8.431210 -37.016800 0 -8.522060 8.712890 175.106000 189.823000 -13 371 1 0 1.000000
-10.665400 31.822700 0 1.301590 11.732700 195.175000 189.624000 -13 372 1 0 1.000000
-5.811630 -5.363920 0 3.239400 -5.376030 172.843000 190.265000 -13 373 1 0 1.000000
-5.485030 6.812520 0 -7.813760 -14.976600 182.930000 190.421000 -13 374 1 0 1.000000
-12.910900 -21.914500 0 12.282600 -15.307100 191.060000 190.444000 -13 375 1 0 1.000000
-31.039900 3.367190 0 7.609580 -7.715550 196.965000 190.508000 -13 376 1 0 1.000000
-14.513500 36.599000 0 -2.908530 -3.795580 207.018000 190.357000 -13 377 1 0 1.000000
-27.568000 32.738100 0 4.190040 0.926679 192.821000 190.349000 -13 378 1 0 1.000000
-21.302600 9.375490 0 -4.126380 5.564840 208.339000 190.419000 -13 379 1 0 1.000000
-20.442300 -14.182600 0 3.483610 3.211290 195.942000 190.374000 -13 380 1 0 1.000000
-22.805600 -33.499200 0 14.115700 1.958200 197.382000 190.569000 -13 381 1 0 1.000000
10.923100 -33.600900 0 -20.250900 9.330310 191.764000 190.385000 -13 382 1 0 1.000000
-39.163400 -0.876628 0 10.461700 -1.901750 200.706000 190.431000 -13 383 1 0 1.000000
-30.211000 -5.039130 0 1.623000 5.941180 206.725000 190.440000 -13 384 1 0 1.000000
-16.851100 12.693600 0 12.161700 -5.622910 203.459000 190.480000 -13 385 1 0 1.000000
-4.583840 -8.027840 0 -11.968900 -8.331430 184.369000 190.411000 -13 386 1 0 1.000000
8.739210 -18.342700 0 -8.666330 -5.391560 171.603000 190.270000 -13 387 1 0 1.000000
-20.218800 -24.083800 0 -4.302080 -2.702840 198.564000 190.456000 -13 388 1 0 1.000000
17.520800 16.013900 0 -12.705200 -1.003590 215.435000 190.027000 -13 389 1 0 1.000000
19.299200 39.452500 0 -20.297900 8.761700 208.960000 190.221000 -13 390 1 0 1.000000
-43.842400 -2.603110 0 -4.120070 -15.995600 211.945000 190.247000 -13 391 1 0 1.000000
2.790160 -2.156340 0 -13.486700 21.386800 199.249000 190.242000 -13 392 1 0 1.000000
-1.185930 29.534000 0 -15.811500 -3.107200 222.177000 190.205000 -13 393 1 0 1.000000
6.973370 40.217000 0 -20.444700 1.421200 220.632000 190.212000 -13 394 1 0 1.000000
-29.591700 25.966200 0 -30.692100 5.160360 210.916000 190.175000 -13 395 1 0 1.000000
-20.237500 21.328800 0 -16.513600 7.777960 213.022000 190.175000 -13 396 1 0 1.000000
-4.094860 37.627200 0 -13.474800 2.884520 221.910000 190.244000 -13 397 1 0 1.000000
10.511100 38.478500 0 -15.535000 -8.573920 202.697000 190.231000 -13 398 1 0 1.000000
-1.346480 -9.142500 0 -0.533801 1.018160 227.348000 190.115000 -13 399 1 0 1.000000
2.237310 8.083640 0 -8.266050 12.512500 221.018000 190.107000 -13 400 1 0 1.000000
-5.948360 25.928700 0 -4.813010 -3.933200 229.508000 190.325000 -13 401 1 0 1.000000
9.529100 -2.120450 0 -3.822970 -1.069770 222.638000 190.350000 -13 402 1 0 1.000000
-10.861700 -14.395800 0 -19.591800 -3.608990 224.421000 190.501000 -13 403 1 0 1.000000
3.282670 -10.767000 0 -10.549900 5.575560 229.696000 190.245000 -13 404 1 0 1.000000
36.368200 -67.153900 0 4.466590 -1.366860 226.986000 190.395000 -13 405 1 0 1.000000
-1.506770 -23.916600 0 -7.935460 6.921860 220.605000 190.173000 -13 406 1 0 1.000000
14.412900 -3.067950 0 -11.682500 -10.822000 229.987000 190.268000 -13 407 1 0 1.000000
14.717700 14.313200 0 12.662400 -9.040770 225.001000 190.174000 -13 408 1 0 1.000000
-27.943700 -16.734800 0 -1.476180 0.598193 217.928000 190.174000 -13 409 1 0 1.000000
-59.996700 -19.054400 0 1.307790 -11.935800 201.229000 189.934000 -13 410 1 0 1.000000
-14.873900 -29.608900 0 12.608300 -20.183500 199.871000 190.162000 -13 411 1 0 1.000000
-9.682530 -21.567000 0 8.503530 2.337650 205.610000 190.228000 -13 412 1 0 1.000000
64.435900 21.236500 0 -29.482600 -26.384500 202.829000 190.403000 -13 413 1 0 1.000000
-47.678700 31.580200 0 -31.662800 -15.675500 216.845000 190.182000 -13 414 1 0 1.000000
-8.225550 -7.483940 0 -13.322400 -15.701000 217.613000 190.163000 -13 415 1 0 1.000000
-44.734200 -30.453700 0 3.428450 -23.732300 203.192000 190.103000 -13 416 1 0 1.000000
-49.863300 -1.027360 0 -41.533900 -21.665600 231.457000 190.364000 -13 417 1 0 1.000000
-40.939800 -39.783200 0 4.506040 -5.653190 204.525000 190.161000 -13 418 1 0 1.000000
-15.723000 1.599380 0 -25.261200 -10.665100 218.450000 190.206000 -13 419 1 0 1.000000
-20.136900 -14.482300 0 -48.201200 -4.434440 225.927000 190.361000 -13 420 1 0 1.000000
-14.611500 -18.021200 0 -8.187370 -8.089650 204.447000 190.166000 -13 421 1 0 1.000000
-18.730300 10.529700 0 -3.695850 -14.784000 223.434000 190.167000 -13 422 1 0 1.000000
30.090200 -23.293000 0 -15.742400 -13.817200 215.516000 190.106000 -13 423 1 0 1.000000
23.309000 -8.899150 0 -26.640100 -7.710220 218.199000 190.074000 -13 424 1 0 1.000000
-13.864800 -25.913500 0 -17.474900 -12.823700 220.454000 190.177000 -13 425 1 0 1.000000
10.346700 -13.152100 0 -25.719800 -17.466900 219.972000 190.107000 -13 426 1 0 1.000000
-25.456100 -16.521600 0 -16.131900 -10.083400 220.985000 190.225000 -13 427 1 0 1.000000
7.567990 -8.724870 0 -26.859800 2.373810 214.346000 190.123000 -13 428 1 0 1.000000
-3.580710 -29.985800 0 -11.217500 -5.290720 212.497000 190.302000 -13 429 1 0 1.000000
-0.778909 -29.124800 0 2.627060 -11.268200 205.298000 190.328000 -13 430 1 0 1.000000
-19.245300 -3.580590 0 -12.044400 -13.658600 209.997000 190.223000 -13 431 1 0 1.000000
-29.209900 -2.807200 0 -3.235020 -11.662300 199.043000 190.282000 -13 432 1 0 1.000000
-28.987300 -14.017200 0 -6.152550 -8.198840 206.420000 190.311000 -13 433 1 0 1.000000
-41.997500 -9.093360 0 -6.750730 -12.836500 210.131000 190.351000 -13 434 1 0 1.000000
-21.201700 8.177560 0 -12.329900 -9.569860 207.052000 190.161000 -13 435 1 0 1.000000
2.550420 41.734300 0 -0.115613 -6.353270 197.615000 190.245000 -13 436 1 0 1.000000
-13.393000 -35.748100 0 -37.405600 -6.323460 206.681000 190.299000 -13 437 1 0 1.000000
-4.163030 -19.436100 0 -17.830800 -51.178400 233.266000 189.775000 -13 438 1 0 1.000000
-13.949700 -22.217200 0 7.228280 46.457300 197.442000 190.221000 -13 439 1 0 1.000000
36.003600 17.044800 0 9.233690 9.481700 197.083000 190.392000 -13 440 1 0 1.000000
-14.546100 -71.816700 0 25.672500 43.442300 208.883000 190.387000 -13 441 1 0 1.000000
21.052700 1.515060 0 -43.344000 -34.019600 247.398000 190.025000 -13 442 1 0 1.000000
1.354150 17.367500 0 15.277800 16.786200 201.887000 190.375000 -13 443 1 0 1.000000
26.659500 0.507045 0 -13.252100 -12.285900 201.492000 190.382000 -13 444 1 0 1.000000
-24.164400 -54.855600 0 1.415160 24.168400 196.411000 189.860000 -13 445 1 0 1.000000
23.375500 -25.153300 0 23.378200 -2.685380 189.971000 190.052000 -13 446 1 0 1.000000
27.027800 9.912860 0 7.655180 -16.494600 191.700000 190.311000 -13 447 1 0 1.000000
35.669700 -31.406300 0 -1.489130 3.420270 199.581000 190.192000 -13 448 1 0 1.000000
-1.811600 -3.795890 0 5.706540 -12.307300 182.561000 189.892000 -13 449 1 0 1.000000
15.878000 -5.032460 0 18.693600 -13.468200 184.790000 189.937000 -13 450 1 0 1.000000
14.782700 13.774600 0 1.925210 -13.255700 185.580000 189.866000 -13 451 1 0 1.000000
-16.089400 -21.393800 0 -12.042100 0.875355 190.725000 190.218000 -13 452 1 0 1.000000
-59.773700 21.565600 0 -14.496500 7.643770 203.163000 189.770000 -13 453 1 0 1.000000
41.893800 -31.227000 0 0.493598 -3.749120 198.139000 190.291000 -13 454 1 0 1.000000
-5.512030 39.026000 0 14.473800 -11.261100 193.749000 189.899000 -13 455 1 0 1.000000
9.698410 -44.587900 0 19.388500 -2.538060 203.921000 189.910000 -13 456 1 0 1.000000
-12.694500 -21.273000 0 14.767000 7.001330 209.164000 189.857000 -13 457 1 0 1.000000
-46.263600 -26.092000 0 -15.843600 6.293660 212.892000 189.688000 -13 458 1 0 1.000000
-7.680460 -5.246980 0 9.967850 -4.035810 208.478000 189.771000 -13 459 1 0 1.000000
-70.997500 -16.794700 0 11.540400 -7.301120 225.209000 189.994000 -13 460 1 0 1.000000
-51.660400 1.548270 0 11.426700 1.764990 214.962000 189.927000 -13 461 1 0 1.000000
-42.009600 -5.383050 0 10.449000 13.877700 221.834000 189.787000 -13 462 1 0 1.000000
-5.224540 0.941957 0 12.415200 13.111900 232.545000 189.856000 -13 463 1 0 1.000000
-30.058000 -11.518800 0 21.541500 3.663170 214.586000 189.856000 -13 464 1 0 1.000000
-14.254400 -16.105400 0 5.019340 -7.479070 207.300000 189.808000 -13 465 1 0 1.000000
-10.151600 -9.442900 0 -22.480600 7.349640 219.541000 190.036000 -13 466 1 0 1.000000
-22.778600 -10.613300 0 -23.718800 5.783140 232.740000 190.207000 -13 467 1 0 1.000000
-17.210400 -7.420860 0 -13.059200 2.419450 228.596000 190.112000 -13 468 1 0 1.000000
-39.539700 -4.949470 0 -7.209150 5.687830 225.237000 190.131000 -13 469 1 0 1.000000
-3.336680 -21.375000 0 -22.867200 3.941870 230.723000 190.253000 -13 470 1 0 1.000000
-17.794900 -1.940630 0 -21.539600 5.732800 227.515000 190.246000 -13 471 1 0 1.000000
-38.074200 -7.527710 0 -5.180790 7.556320 221.111000 190.361000 -13 472 1 0 1.000000
-26.074400 3.398320 0 -3.101590 -6.705580 227.003000 190.373000 -13 473 1 0 1.000000
-5.253570 5.391420 0 -14.740200 9.717330 224.450000 190.062000 -13 474 1 0 1.000000
-7.409510 -13.122000 0 -7.393150 9.675590 235.185000 190.178000 -13 475 1 0 1.000000
-25.453400 8.388490 0 -3.755160 -1.211870 202.484000 190.011000 -13 476 1 0 1.000000
-11.508700 -18.283800 0 -18.109000 -12.797300 202.252000 189.924000 -13 477 1 0 1.000000
-18.133300 -20.539800 0 -15.377800 0.971255 191.475000 189.924000 -13 478 1 0 1.000000
-33.785600 0.871595 0 -13.824500 1.198650 205.846000 189.968000 -13 479 1 0 1.000000
-15.880200 -26.721800 0 -7.028340 7.329740 204.868000 189.893000 -13 480 1 0 1.000000
-33.420700 -16.515500 0 -26.256400 -0.449205 207.075000 190.084000 -13 481 1 0 1.000000
-18.141700 -7.847900 0 -28.761700 -2.190680 209.159000 189.991000 -13 482 1 0 1.000000
-13.328600 -10.815900 0 -24.129100 0.178738 209.865000 189.899000 -13 483 1 0 1.000000
-20.001400 -16.793400 0 -9.316660 6.621090 202.051000 190.038000 -13 484 1 0 1.000000
0.854247 -20.224900 0 -31.087200 -2.357860 216.292000 190.025000 -13 485 1 0 1.000000
18.993600 -5.455650 0 -17.663300 -18.666200 203.087000 190.319000 -13 486 1 0 1.000000
16.532800 -28.310800 0 8.270370 -10.936300 200.732000 190.205000 -13 487 1 0 1.000000
0.859765 -37.943600 0 -7.705680 -16.422100 207.819000 190.167000 -13 488 1 0 1.000000
26.652800 -11.982400 0 -12.613200 -13.876800 201.718000 190.346000 -13 489 1 0 1.000000
28.162600 1.360820 0 -17.631900 -22.579400 201.354000 190.265000 -13 490 1 0 1.000000
31.751900 -35.595500 0 0.004178 -14.074000 196.924000 190.276000 -13 491 1 0 1.000000
1.181070 -20.322100 0 -3.772560 -1.204050 206.352000 190.186000 -13 492 1 0 1.000000
4.133780 7.903610 0 15.808400 -15.378100 190.290000 190.152000 -13 493 1 0 1.000000
4.333480 -17.544400 0 2.464350 -13.135200 196.728000 190.293000 -13 494 1 0 1.000000
-44.339500 -32.650000 0 10.845700 25.009500 215.194000 190.398000 -13 495 1 0 1.000000
9.959920 -40.250100 0 -16.810400 28.469200 208.787000 190.279000 -13 496 1 0 1.000000
-48.137700 -5.063940 0 9.196420 13.613400 216.892000 190.275000 -13 497 1 0 1.000000
-35.315200 -42.787000 0 -30.801200 -6.249700 216.017000 190.240000 -13 498 1 0 1.000000
-28.211500 -12.524100 0 2.654430 23.878600 219.146000 190.359000 -13 499 1 0 1.000000
-33.050400 15.499800 0 10.983400 7.083000 218.096000 190.250000 -13 500 1 0 1.000000
-42.677600 -4.151780 0 -0.525594 23.139100 213.165000 190.388000 -13 501 1 0 1.000000
-54.727000 14.564900 0 -0.582099 2.222040 218.767000 190.433000 -13 502 1 0 1.000000
-15.402900 -4.530170 0 4.127320 14.691900 213.267000 190.395000 -13 503 1 0 1.000000
3.611030 -21.842900 0 -3.292580 10.105400 192.632000 190.275000 -13 504 1 0 1.000000
11.409400 -38.177600 0 -16.319900 -5.686740 191.811000 190.272000 -13 505 1 0 1.000000
13.511000 -50.815200 0 11.031600 -15.136900 194.067000 190.179000 -13 506 1 0 1.000000
18.972600 -31.115600 0 14.350100 -15.173500 186.323000 190.176000 -13 507 1 0 1.000000
12.349300 -32.006200 0 -9.609750 3.042100 183.375000 190.321000 -13 508 1 0 1.000000
19.001400 -29.558700 0 -6.163090 8.397390 191.006000 190.278000 -13 509 1 0 1.000000
0.445170 -3.345250 0 21.598600 -28.079900 190.784000 190.128000 -13 510 1 0 1.000000
1.733710 -18.691100 0 11.110200 8.891680 174.904000 190.065000 -13 511 1 0 1.000000
-29.311700 0.024686 0 10.382500 8.437800 219.024000 190.192000 -13 512 1 0 1.000000
-10.032800 -46.142800 0 -15.344400 27.731800 205.760000 190.382000 -13 513 1 0 1.000000
32.603700 11.839700 0 0.031322 -0.513171 224.932000 190.242000 -13 514 1 0 1.000000
1.317850 -26.330200 0 -18.294600 17.823100 199.628000 190.481000 -13 515 1 0 1.000000
-19.197400 -11.141200 0 -16.881400 12.968700 224.223000 190.320000 -13 516 1 0 1.000000
-16.453300 8.072050 0 0.771547 8.792290 213.887000 190.231000 -13 517 1 0 1.000000
19.890600 -46.205100 0 -10.291200 23.402500 225.422000 190.402000 -13 518 1 0 1.000000
-38.069000 -2.641060 0 1.047460 -1.433150 224.135000 190.222000 -13 519 1 0 1.000000
-18.809200 -6.996440 0 -2.882130 12.442100 210.006000 190.241000 -13 520 1 0 1.000000
-7.317120 -24.714000 0 -9.198290 7.103140 205.833000 190.018000 -13 521 1 0 1.000000
-24.345500 -20.307100 0 -13.789600 -18.834600 196.579000 190.028000 -13 522 1 0 1.000000
8.725080 -35.033800 0 -5.937860 4.385920 202.006000 190.029000 -13 523 1 0 1.000000
-3.149320 -16.284800 0 -10.856200 -8.855750 191.125000 190.086000 -13 524 1 0 1.000000
-28.657400 -5.411070 0 -8.223230 -3.343560 205.508000 190.062000 -13 525 1 0 1.000000
-29.803800 11.588600 0 -3.052320 -2.892240 202.396000 190.009000 -13 526 1 0 1.000000
36.883700 -14.688600 0 2.272830 12.312200 203.963000 190.046000 -13 527 1 0 1.000000
2.912790 -18.534200 0 -12.245700 6.638700 200.844000 190.078000 -13 528 1 0 1.000000
-24.000700 -11.554900 0 -16.207300 2.147320 207.708000 190.005000 -13 529 1 0 1.000000
-13.858900 1.747060 0 -5.386450 -2.723410 211.467000 190.419000 -13 530 1 0 1.000000
17.468100 -17.312900 0 -4.452340 25.430600 178.890000 190.228000 -13 531 1 0 1.000000
9.775340 37.408000 0 -26.419600 -7.815080 202.253000 190.482000 -13 532 1 0 1.000000
25.458500 -1.844760 0 -4.245340 9.872170 181.623000 190.378000 -13 533 1 0 1.000000
-13.368400 -2.038420 0 -13.877100 5.245000 184.561000 190.343000 -13 534 1 0 1.000000
3.248770 0.924362 0 -4.155700 -6.252350 199.356000 190.519000 -13 535 1 0 1.000000
-0.653371 20.003500 0 -10.353500 0.119607 187.405000 190.531000 -13 536 1 0 1.000000
24.368000 -52.376800 0 -3.916820 0.920799 180.051000 189.957000 -13 537 1 0 1.000000
-13.029600 6.506320 0 6.516010 -15.610400 191.493000 190.638000 -13 538 1 0 1.000000
-11.152400 -19.008100 0 -2.669720 15.338600 196.173000 190.351000 -13 539 1 0 1.000000
42.689700 -7.450540 0 -34.278500 -12.988200 191.403000 190.437000 -13 540 1 0 1.000000
-14.917100 -39.371500 0 -4.163550 17.009800 207.718000 190.511000 -13 541 1 0 1.000000
4.345340 11.838700 0 -21.677100 -14.803300 188.228000 190.461000 -13 542 1 0 1.000000
18.192800 19.559200 0 -4.054790 -4.426910 176.401000 189.972000 -13 543 1 0 1.000000
21.315200 -18.846900 0 -19.555500 -0.641340 201.344000 190.402000 -13 544 1 0 1.000000
7.551140 -3.742330 0 -24.362900 -8.773730 219.704000 190.432000 -13 545 1 0 1.000000
38.135100 3.609900 0 -20.123800 -8.862640 213.273000 190.409000 -13 546 1 0 1.000000
30.561900 -37.187700 0 -21.724500 1.888700 209.821000 190.345000 -13 547 1 0 1.000000
78.626900 16.139800 0 -12.433800 -3.504200 221.588000 190.470000 -13 548 1 0 1.000000
24.841900 -11.791800 0 -29.305900 -20.614500 186.138000 190.640000 -13 549 1 0 1.000000
-21.397200 -9.391770 0 -8.031450 12.689000 176.988000 190.143000 -13 550 1 0 1.000000
5.946470 -12.144700 0 16.796200 7.718710 197.343000 190.410000 -13 551 1 0 1.000000
-9.237560 14.904100 0 -7.597490 2.528670 196.953000 190.353000 -13 552 1 0 1.000000
-41.719300 -46.006300 0 -0.072190 -3.070640 189.167000 190.223000 -13 553 1 0 1.000000
-17.334100 -37.929300 0 19.479300 4.895630 193.504000 190.249000 -13 554 1 0 1.000000
-24.129000 -27.480600 0 14.864800 5.195370 202.913000 190.324000 -13 555 1 0 1.000000
-35.284900 -24.384100 0 -22.763200 8.674570 200.758000 190.158000 -13 556 1 0 1.000000
-18.587100 -50.905400 0 -13.086100 11.960800 189.918000 190.193000 -13 557 1 0 1.000000
-55.607700 -34.008500 0 -2.785370 -5.760720 202.704000 190.234000 -13 558 1 0 1.000000
-28.881200 -12.733600 0 3.349520 2.446240 186.631000 190.271000 -13 559 1 0 1.000000
-19.886200 -9.517180 0 3.089330 -17.353000 204.757000 190.576000 -13 560 1 0 1.000000
-16.061000 -18.127200 0 24.433800 -11.406100 210.265000 190.484000 -13 561 1 0 1.000000
24.455300 4.214120 0 -5.492580 5.017640 197.165000 190.678000 -13 562 1 0 1.000000
-20.477700 35.031200 0 18.469000 -13.881600 208.957000 190.564000 -13 563 1 0 1.000000
-33.804300 -4.607050 0 17.193900 1.780350 213.474000 190.458000 -13 564 1 0 1.000000
-1.776730 -11.022400 0 14.855000 -12.556200 218.410000 190.466000 -13 565 1 0 1.000000
-1.221130 7.083060 0 7.984290 -14.429700 204.808000 190.608000 -13 566 1 0 1.000000
-22.538100 -3.056130 0 20.880500 -10.265800 213.556000 190.408000 -13 567 1 0 1.000000
17.100100 -31.893900 0 16.221500 -18.528500 220.419000 190.373000 -13 568 1 0 1.000000
-33.943200 -8.924840 0 28.283700 21.736500 210.063000 190.607000 -13 569 1 0 1.000000
13.088100 -5.866750 0 -25.519600 -16.541500 226.819000 189.929000 -13 570 1 0 1.000000
-32.619400 -0.096217 0 -20.951400 -1.809870 233.523000 190.145000 -13 571 1 0 1.000000
13.073800 -7.641250 0 -32.208700 -10.005000 234.478000 190.136000 -13 572 1 0 1.000000
-13.614600 10.496000 0 -31.717500 1.471530 226.100000 190.104000 -13 573 1 0 1.000000
-20.495200 -48.008500 0 -15.501400 -11.539100 225.756000 189.912000 -13 574 1 0 1.000000
-26.402900 -1.067030 0 -7.311350 -0.732322 222.289000 189.951000 -13 575 1 0 1.000000
-19.624100 -8.974690 0 -22.990800 -11.085800 223.822000 190.305000 -13 576 1 0 1.000000
-12.316800 -20.403900 0 0.931317 -4.748030 217.131000 189.897000 -13 577 1 0 1.000000
8.861560 3.262780 0 -27.055300 -4.195500 220.930000 190.015000 -13 578 1 0 1.000000
-16.250300 -18.133400 0 -14.767200 -18.025200 233.460000 189.953000 -13 579 1 0 1.000000
27.896300 -1.803740 0 6.623420 -0.196816 185.436000 189.660000 -13 580 1 0 1.000000
7.354770 -7.990010 0 4.633670 -26.807400 184.340000 190.213000 -13 581 1 0 1.000000
17.755600 -22.550000 0 -0.705710 -25.797700 189.741000 190.275000 -13 582 1 0 1.000000
1.518470 -47.118400 0 4.979350 2.320090 190.090000 190.482000 -13 583 1 0 1.000000
-2.197470 -42.660500 0 -13.170500 -7.034670 189.000000 190.351000 -13 584 1 0 1.000000
-11.279900 -49.775700 0 -7.718770 -0.648375 207.721000 190.425000 -13 585 1 0 1.000000
20.302200 -43.555800 0 -22.287500 -14.902000 188.602000 190.441000 -13 586 1 0 1.000000
-66.134800 -36.933000 0 -17.321500 -10.073700 204.902000 190.320000 -13 587 1 0 1.000000
56.015400 -31.062800 0 -13.285300 -4.467340 218.955000 190.199000 -13 588 1 0 1.000000
25.244100 1.862980 0 -20.591000 -0.933427 213.323000 190.015000 -13 589 1 0 1.000000
58.339900 -1.702430 0 -9.831310 15.905900 203.859000 190.194000 -13 590 1 0 1.000000
36.683200 -20.869400 0 -6.825820 1.434870 213.942000 190.141000 -13 591 1 0 1.000000
11.451700 13.300400 0 -11.764600 -15.799200 204.002000 190.097000 -13 592 1 0 1.000000
35.785500 -3.590460 0 -23.633700 0.334714 204.773000 190.097000 -13 593 1 0 1.000000
6.576220 -15.723900 0 -25.349700 11.772300 208.038000 190.337000 -13 594 1 0 1.000000
30.688600 1.584020 0 -19.736500 -5.320030 208.448000 190.225000 -13 595 1 0 1.000000
-19.729800 9.317810 0 -22.277800 4.521690 215.191000 190.019000 -13 596 1 0 1.000000
-3.586970 -24.475200 0 5.900210 26.925600 208.882000 190.529000 -13 597 1 0 1.000000
3.143310 20.388800 0 6.840100 -0.148221 205.784000 190.591000 -13 598 1 0 1.000000
22.997800 -50.728700 0 3.161390 19.817600 213.556000 190.509000 -13 599 1 0 1.000000
-1.850560 9.932860 0 -11.064900 8.596890 212.321000 190.528000 -13 600 1 0 1.000000
-0.474829 -13.556300 0 -0.578015 27.755400 203.962000 190.423000 -13 601 1 0 1.000000
-18.032100 2.300170 0 12.702900 -2.131890 224.201000 190.263000 -13 602 1 0 1.000000
-16.379000 16.483400 0 10.022000 5.034210 206.780000 190.695000 -13 603 1 0 1.000000
19.639600 -21.346500 0 -3.884730 30.752200 211.180000 190.456000 -13 604 1 0 1.000000
0.464554 -7.045460 0 3.935740 -7.296330 208.964000 190.441000 -13 605 1 0 1.000000
15.688200 -9.191790 0 -6.728110 16.832800 209.669000 190.431000 -13 606 1 0 1.000000
-21.061100 -28.970300 0 17.476500 9.743670 208.703000 190.101000 -13 607 1 0 1.000000
-52.924100 -42.449600 0 -0.325165 -2.811290 216.775000 190.069000 -13 608 1 0 1.000000
-18.658100 -41.038200 0 14.489700 -0.662754 215.032000 190.074000 -13 609 1 0 1.000000
-12.596000 -39.123700 0 17.379200 9.426920 203.870000 190.174000 -13 610 1 0 1.000000
-61.512600 -41.012700 0 5.757810 7.693040 213.646000 189.978000 -13 611 1 0 1.000000
29.341200 -27.844200 0 8.831420 32.794000 219.416000 190.353000 -13 612 1 0 1.000000
-27.975700 -17.638200 0 8.129810 10.251100 221.723000 190.034000 -13 613 1 0 1.000000
-17.878900 -57.355300 0 9.248490 10.550300 206.273000 190.122000 -13 614 1 0 1.000000
-57.573900 -38.587500 0 0.396654 -8.922600 221.922000 190.036000 -13 615 1 0 1.000000
-53.777000 -53.394200 0 16.972100 -3.026870 211.352000 190.109000 -13 616 1 0 1.000000
6.124240 1.428480 0 -9.200160 -0.117525 189.563000 190.227000 -13 617 1 0 1.000000
-56.453200 -35.449400 0 -4.222290 -15.470900 207.154000 189.673000 -13 618 1 0 1.000000
-1.124410 -4.193030 0 32.737900 15.400000 184.055000 190.118000 -13 619 1 0 1.000000
1.399800 -8.158410 0 50.293600 22.516700 198.881000 190.449000 -13 620 1 0 1.000000
-79.460300 -58.797000 0 -26.675300 -2.837380 224.944000 189.826000 -13 621 1 0 1.000000
65.741800 -19.978900 0 6.433450 6.720210 195.552000 190.781000 -13 622 1 0 1.000000
4.454080 -34.157100 0 -19.202300 -4.658740 205.255000 190.308000 -13 623 1 0 1.000000
40.291800 -17.092200 0 2.713640 -16.403000 193.556000 190.502000 -13 624 1 0 1.000000
9.460010 -18.079500 0 -1.912610 1.451960 172.511000 190.169000 -13 625 1 0 1.000000
29.141900 -3.996950 0 7.530910 -1.285900 186.588000 190.330000 -13 626 1 0 1.000000
-38.746300 8.221310 0 -7.020680 -16.543200 210.273000 190.527000 -13 627 1 0 1.000000
-13.216700 28.861300 0 -23.769000 -16.745300 194.046000 190.540000 -13 628 1 0 1.000000
-42.895100 -10.447700 0 2.142100 0.243838 193.033000 190.526000 -13 629 1 0 1.000000
-40.637800 -17.541800 0 10.331000 3.251880 199.915000 190.838000 -13 630 1 0 1.000000
-21.469100 -37.300700 0 1.621030 -5.183970 186.787000 190.625000 -13 631 1 0 1.000000
-23.718700 -2.974930 0 8.254250 -3.820230 209.405000 190.571000 -13 632 1 0 1.000000
-37.479900 -8.892950 0 -5.929510 1.640500 210.050000 190.629000 -13 633 1 0 1.000000
-16.864700 -7.610910 0 -11.176500 -7.663330 208.475000 190.554000 -13 634 1 0 1.000000
-1.222960 5.464270 0 -17.937500 -17.188600 216.823000 190.056000 -13 635 1 0 1.000000
-31.206200 -5.091080 0 1.295630 -11.582400 208.282000 190.148000 -13 636 1 0 1.000000
-32.675900 -24.785000 0 6.220300 1.347890 214.598000 190.110000 -13 637 1 0 1.000000
-31.668800 -12.256800 0 -6.325340 -16.636200 212.187000 190.143000 -13 638 1 0 1.000000
-23.189800 -20.049400 0 -6.788990 -0.929811 205.036000 190.012000 -13 639 1 0 1.000000
-26.666400 -26.573000 0 -22.353300 -15.266700 207.611000 189.969000 -13 640 1 0 1.000000
-39.476600 -18.552900 0 -10.222700 0.275101 208.476000 190.036000 -13 641 1 0 1.000000
-31.239800 -5.130700 0 7.467380 -28.528400 209.443000 189.998000 -13 642 1 0 1.000000
-42.677200 -10.189400 0 -12.136500 -14.310600 210.154000 190.087000 -13 643 1 0 1.000000
-46.938300 -15.573500 0 1.149370 -10.211600 218.300000 190.094000 -13 644 1 0 1.000000
24.069000 -19.670800 0 11.416300 -10.137300 193.140000 190.602000 -13 645 1 0 1.000000
-8.839880 -0.295808 0 2.090740 -17.705900 170.556000 190.027000 -13 646 1 0 1.000000
16.037400 -5.631740 0 -18.991300 -6.445310 185.339000 190.515000 -13 647 1 0 1.000000
-6.371830 -23.101400 0 8.023040 8.998590 195.994000 190.408000 -13 648 1 0 1.000000
-18.812800 -6.416270 0 11.550300 -7.106790 204.778000 190.446000 -13 649 1 0 1.000000
35.320200 21.523600 0 12.613700 7.758990 201.259000 189.724000 -13 650 1 0 1.000000
-18.115900 -4.194960 0 3.900170 3.083390 203.371000 190.378000 -13 651 1 0 1.000000
0.492735 -23.245700 0 -0.530471 -5.324390 173.262000 189.854000 -13 652 1 0 1.000000
6.862600 -3.840470 0 7.374180 -4.913600 182.896000 190.391000 -13 653 1 0 1.000000
20.089200 -16.587500 0 0.891072 0.729733 201.713000 190.076000 -13 654 1 0 1.000000
-17.620600 2.233520 0 10.564700 -9.779770 198.930000 190.010000 -13 655 1 0 1.000000
-8.032820 -25.349500 0 3.214410 -2.565560 215.806000 190.042000 -13 656 1 0 1.000000
-9.296430 -22.165700 0 26.741600 -18.176300 208.907000 189.960000 -13 657 1 0 1.000000
14.835800 -41.278400 0 6.712820 -13.523500 202.675000 190.117000 -13 658 1 0 1.000000
14.741500 -14.875800 0 10.906500 1.551470 214.694000 190.157000 -13 659 1 0 1.000000
1.327190 -26.923700 0 8.835960 -9.270810 204.741000 190.155000 -13 660 1 0 1.000000
0.258793 -32.426800 0 -2.723550 -21.980000 203.032000 190.124000 -13 661 1 0 1.000000
23.267500 -36.899800 0 14.018000 -6.975360 203.786000 190.162000 -13 662 1 0 1.000000
-3.410960 -30.408800 0 -1.351030 4.059940 201.962000 190.107000 -13 663 1 0 1.000000
18.458400 -4.931690 0 -4.911830 -9.371170 222.408000 190.065000 -13 664 1 0 1.000000
-35.676900 29.702600 0 19.143100 8.167950 224.223000 190.076000 -13 665 1 0 1.000000
1.842850 -16.608100 0 -4.258340 -5.219520 224.664000 190.098000 -13 666 1 0 1.000000
19.239300 18.575700 0 15.869700 -22.508700 214.723000 190.132000 -13 667 1 0 1.000000
13.327300 0.319980 0 5.675800 -16.209100 223.081000 190.173000 -13 668 1 0 1.000000
-9.907280 -13.389400 0 0.028398 -15.590000 219.952000 190.234000 -13 669 1 0 1.000000
28.332700 -35.534700 0 -0.113685 -6.513920 218.907000 190.248000 -13 670 1 0 1.000000
4.686590 -20.463100 0 -10.793300 2.378280 216.255000 190.036000 -13 671 1 0 1.000000
6.592820 1.597640 0 9.099560 -30.045900 221.486000 190.184000 -13 672 1 0 1.000000
6.490460 28.921000 0 -16.333400 5.863340 189.415000 189.776000 -13 673 1 0 1.000000
-39.194300 -43.975600 0 22.177100 -19.446500 198.876000 190.298000 -13 674 1 0 1.000000
-18.785900 -9.043270 0 -18.712200 -16.593700 188.577000 190.110000 -13 675 1 0 1.000000
-45.616800 -7.256120 0 -23.496200 -12.919800 199.547000 190.148000 -13 676 1 0 1.000000
-46.758800 1.957190 0 -11.645600 -5.681110 186.531000 190.097000 -13 677 1 0 1.000000
-38.375700 -12.325400 0 8.244120 -12.672700 189.745000 190.267000 -13 678 1 0 1.000000
-4.530110 -68.088900 0 20.309000 27.514000 221.272000 190.045000 -13 679 1 0 1.000000
-6.675940 30.394000 0 -17.913700 -7.793530 185.304000 189.924000 -13 680 1 0 1.000000
3.398430 -45.100100 0 12.630600 21.018600 233.116000 190.203000 -13 681 1 0 1.000000
-41.264100 -9.583600 0 10.843200 -17.987500 193.187000 190.311000 -13 682 1 0 1.000000
-64.939200 6.077140 0 0.883949 -7.961140 219.154000 190.166000 -13 683 1 0 1.000000
-19.255700 23.273000 0 14.896400 -5.290680 221.953000 190.182000 -13 684 1 0 1.000000
-22.372500 12.635400 0 7.203660 -8.121050 192.806000 190.360000 -13 685 1 0 1.000000
-33.736800 -6.513590 0 18.427900 -16.955100 197.597000 190.321000 -13 686 1 0 1.000000
-13.913500 25.586400 0 33.855100 1.394060 202.183000 190.408000 -13 687 1 0 1.000000
-16.149300 -1.603460 0 7.938190 -10.456000 208.886000 190.392000 -13 688 1 0 1.000000
-30.363300 -11.214900 0 12.886900 -3.343550 205.735000 190.320000 -13 689 1 0 1.000000
2.126760 -31.512300 0 18.057000 -1.100510 204.054000 190.370000 -13 690 1 0 1.000000
5.446150 -20.918700 0 15.141200 -5.848340 210.099000 190.290000 -13 691 1 0 1.000000
-17.922400 -12.058700 0 22.006800 3.464480 200.443000 190.208000 -13 692 1 0 1.000000
-46.796900 -31.334700 0 6.664800 4.155760 202.193000 190.285000 -13 693 1 0 1.000000
-16.965800 -11.765900 0 1.070830 16.632200 206.459000 190.349000 -13 694 1 0 1.000000
-15.577100 -3.592900 0 5.813980 6.706060 199.242000 190.350000 -13 695 1 0 1.000000
2.796570 -25.277300 0 13.867000 15.031400 173.070000 190.211000 -13 696 1 0 1.000000
-17.917100 -27.087000 0 10.572000 8.464350 198.689000 190.394000 -13 697 1 0 1.000000
-31.508900 2.533590 0 3.823140 18.314700 200.441000 190.277000 -13 698 1 0 1.000000
5.451900 -19.910800 0 0.204038 2.090030 193.903000 190.345000 -13 699 1 0 1.000000
21.024100 -8.346720 0 8.185530 1.344510 202.975000 190.296000 -13 700 1 0 1.000000
7.208950 -5.790100 0 4.249420 6.698820 193.760000 190.430000 -13 701 1 0 1.000000
-12.434500 -16.866700 0 -4.505960 -18.876600 194.939000 190.384000 -13 702 1 0 1.000000
-32.294900 -15.140600 0 -12.709500 0.411676 209.433000 190.367000 -13 703 1 0 1.000000
18.308000 -1.852870 0 -20.524800 22.411800 184.423000 190.327000 -13 704 1 0 1.000000
-15.453800 8.984020 0 1.126800 7.421610 198.302000 190.323000 -13 705 1 0 1.000000
8.238770 -49.113900 0 3.088850 -13.368100 184.199000 189.747000 -13 706 1 0 1.000000
-26.191900 -7.871790 0 -12.942800 9.912600 195.347000 190.277000 -13 707 1 0 1.000000
14.938200 -12.781800 0 -13.735800 30.857600 184.396000 190.217000 -13 708 1 0 1.000000
17.316300 -0.130063 0 -34.587700 22.869300 174.757000 190.348000 -13 709 1 0 1.000000
-2.896140 1.852140 0 -11.242900 22.643000 189.178000 190.354000 -13 710 1 0 1.000000
19.049900 -3.715590 0 -13.634200 15.525500 182.572000 190.216000 -13 711 1 0 1.000000
-24.314700 -18.367400 0 18.767200 13.062300 207.642000 190.261000 -13 712 1 0 1.000000
-3.218420 -10.775200 0 -4.837640 4.033620 200.912000 190.137000 -13 713 1 0 1.000000
-6.110140 -6.276980 0 9.933930 -8.143200 211.912000 190.174000 -13 714 1 0 1.000000
-17.616100 -6.854540 0 0.180196 -0.979753 207.199000 190.165000 -13 715 1 0 1.000000
-27.832200 -0.386725 0 15.622800 3.576440 220.414000 190.163000 -13 716 1 0 1.000000
-8.673750 -20.534800 0 9.173000 7.831260 211.136000 190.222000 -13 717 1 0 1.000000
-27.036000 -9.001780 0 -3.932950 6.102960 208.493000 190.084000 -13 718 1 0 1.000000
-30.653400 -2.888010 0 17.750900 -5.805240 216.526000 190.344000 -13 719 1 0 1.000000
24.135700 9.832510 0 -6.435880 0.834846 206.636000 190.045000 -13 720 1 0 1.000000
7.336190 -15.120000 0 -2.823660 -12.890800 213.837000 190.039000 -13 721 1 0 1.000000
6.551230 -11.737500 0 -6.999310 5.778140 220.903000 190.048000 -13 722 1 0 1.000000
17.035300 -9.567950 0 9.798170 -1.018820 218.237000 190.053000 -13 723 1 0 1.000000
21.832700 -22.879400 0 -0.363643 5.662910 207.594000 190.076000 -13 724 1 0 1.000000
-50.065000 -52.102200 0 -13.575700 16.972000 235.149000 189.700000 -13 725 1 0 1.000000
13.641900 -7.194460 0 -8.605800 4.901210 207.151000 190.071000 -13 726 1 0 1.000000
13.365700 -0.033002 0 13.003400 -11.533700 218.596000 190.051000 -13 727 1 0 1.000000
17.826400 -6.861600 0 -5.690940 4.382380 213.526000 190.080000 -13 728 1 0 1.000000
32.915100 35.898600 0 11.220900 -11.710400 236.682000 190.264000 -13 729 1 0 1.000000
-16.678900 -13.546000 0 -12.099700 -11.111700 205.223000 190.007000 -13 730 1 0 1.000000
-8.777980 -19.005900 0 -20.174200 -14.087500 206.144000 189.954000 -13 731 1 0 1.000000
-12.987800 -34.810500 0 2.162890 -3.780810 199.993000 190.064000 -13 732 1 0 1.000000
-3.710510 -30.486400 0 -1.056450 -27.985300 206.990000 190.093000 -13 733 1 0 1.000000
4.809030 -27.452600 0 4.992950 -16.627200 207.117000 189.976000 -13 734 1 0 1.000000
-18.454000 -3.304480 0 -3.876280 -15.456200 206.595000 190.013000 -13 735 1 0 1.000000
3.751150 -26.439000 0 3.736010 -4.662240 208.780000 190.013000 -13 736 1 0 1.000000
19.545300 4.758100 0 -7.914450 -23.613100 207.720000 189.958000 -13 737 1 0 1.000000
5.162740 -8.718450 0 -11.035300 -11.675500 212.199000 190.035000 -13 738 1 0 1.000000
-32.162400 -23.661300 0 1.052000 -31.010500 193.731000 190.213000 -13 739 1 0 1.000000
-46.829800 -14.740400 0 18.288200 -30.995200 199.410000 190.429000 -13 740 1 0 1.000000
-17.205000 -5.893140 0 -16.930800 -18.275500 195.923000 190.209000 -13 741 1 0 1.000000
-29.303300 -7.399110 0 -2.160410 -29.511100 203.168000 190.283000 -13 742 1 0 1.000000
-45.503200 2.207230 0 11.290300 -36.796800 205.150000 190.234000 -13 743 1 0 1.000000
-12.863300 -28.669400 0 11.047000 -29.139500 207.530000 190.188000 -13 744 1 0 1.000000
11.833800 42.677400 0 -28.280000 -28.202000 199.836000 190.355000 -13 745 1 0 1.000000
-11.560200 -5.717380 0 -10.719600 -31.550600 180.909000 190.259000 -13 746 1 0 1.000000
-23.646900 -19.705700 0 -15.954300 0.995417 220.591000 190.011000 -13 747 1 0 1.000000
-7.049100 -0.959878 0 -3.576140 14.065700 229.373000 190.169000 -13 748 1 0 1.000000
-16.295700 -23.057500 0 -11.454500 -1.649980 221.689000 190.049000 -13 749 1 0 1.000000
-4.917510 -27.701200 0 -13.788400 14.508000 218.973000 190.162000 -13 750 1 0 1.000000
-2.971370 -27.922000 0 -15.198600 0.108179 214.909000 190.092000 -13 751 1 0 1.000000
-5.113970 -33.520500 0 -18.611800 -2.772710 222.582000 190.091000 -13 752 1 0 1.000000
-14.900500 -35.123900 0 -12.917000 -4.902950 221.651000 190.110000 -13 753 1 0 1.000000
-1.127720 -42.147600 0 2.307530 -7.637360 219.290000 190.012000 -13 754 1 0 1.000000
-3.766390 -19.914700 0 -6.640840 18.342800 212.074000 189.988000 -13 755 1 0 1.000000
11.554700 -40.180000 0 -2.849470 3.766160 230.480000 189.992000 -13 756 1 0 1.000000
-35.254500 -27.362300 0 -3.685570 -18.738300 224.503000 189.948000 -13 757 1 0 1.000000
-9.486730 -37.605100 0 1.252930 -9.266150 216.443000 189.906000 -13 758 1 0 1.000000
-44.815400 -29.150100 0 -15.628900 7.101320 220.899000 189.888000 -13 759 1 0 1.000000
-12.994000 -7.938350 0 4.548310 0.002141 214.288000 189.849000 -13 760 1 0 1.000000
-29.618900 -23.320200 0 -3.922240 -11.113700 227.351000 189.947000 -13 761 1 0 1.000000
-56.595500 -4.070830 0 -7.393810 -24.570700 237.741000 190.012000 -13 762 1 0 1.000000
-14.530800 -14.448600 0 -13.251000 -6.066610 234.017000 189.919000 -13 763 1 0 1.000000
-31.134300 -4.360200 0 -22.746900 -16.270500 246.374000 190.093000 -13 764 1 0 1.000000
-29.488800 -16.625900 0 8.618290 -4.601440 221.979000 189.906000 -13 765 1 0 1.000000
-49.454800 -33.523000 0 -8.286720 -7.829100 224.523000 189.939000 -13 766 1 0 1.000000
24.789200 3.430910 0 -12.433900 8.114350 180.681000 190.120000 -13 767 1 0 1.000000
-2.229960 -4.803710 0 -16.083200 5.123500 173.595000 190.081000 -13 768 1 0 1.000000
33.697100 -7.879490 0 5.231040 17.418000 189.554000 190.223000 -13 769 1 0 1.000000
9.242030 -27.566500 0 -3.594530 -2.252860 175.004000 190.207000 -13 770 1 0 1.000000
7.043610 1.782910 0 0.261888 8.785280 188.635000 190.285000 -13 771 1 0 1.000000
17.923000 -7.145970 0 -3.061590 19.794700 175.623000 190.066000 -13 772 1 0 1.000000
20.111500 -10.858400 0 5.382960 4.764400 178.412000 189.819000 -13 773 1 0 1.000000
5.797620 -25.107400 0 -15.650400 19.007400 180.927000 190.098000 -13 774 1 0 1.000000
-2.308910 -6.597840 0 -18.912500 21.167900 172.686000 190.101000 -13 775 1 0 1.000000
30.891700 -16.263100 0 12.341200 13.105600 181.195000 190.013000 -13 776 1 0 1.000000
32.437000 -40.282200 0 -31.040500 5.230380 205.781000 190.378000 -13 777 1 0 1.000000
-13.717500 -24.348000 0 -8.938550 -5.124550 213.429000 190.229000 -13 778 1 0 1.000000
-37.908400 -18.964900 0 -27.659700 14.207100 218.753000 190.269000 -13 779 1 0 1.000000
-47.872200 -28.276900 0 6.965190 8.499730 215.167000 190.434000 -13 780 1 0 1.000000
5.216010 -39.532400 0 -25.364200 9.268510 215.635000 190.295000 -13 781 1 0 1.000000
-24.668600 -8.960500 0 -18.952900 -12.164900 214.996000 190.293000 -13 782 1 0 1.000000
2.729180 -35.314900 0 -19.582500 -6.901730 202.736000 190.267000 -13 783 1 0 1.000000
18.058100 -17.208400 0 -24.560700 1.733290 195.011000 190.378000 -13 784 1 0 1.000000
-16.528200 -28.674500 0 -19.397700 -7.504500 202.610000 190.236000 -13 785 1 0 1.000000
-28.162100 -22.087800 0 -19.705000 -1.302840 224.449000 190.242000 -13 786 1 0 1.000000
20.170200 -24.527400 0 -12.053000 12.999600 211.119000 190.287000 -13 787 1 0 1.000000
24.704200 -15.931100 0 -10.706200 13.728700 205.505000 190.207000 -13 788 1 0 1.000000
-17.892800 -34.473700 0 -8.485960 16.440300 205.850000 190.148000 -13 789 1 0 1.000000
-11.324900 22.523000 0 -16.161200 11.100300 209.923000 190.173000 -13 790 1 0 1.000000
-2.931480 -10.905100 0 -7.681380 11.700600 206.651000 190.179000 -13 791 1 0 1.000000
17.092700 -14.414300 0 -5.823530 10.170000 206.017000 190.157000 -13 792 1 0 1.000000
-6.120510 17.877000 0 9.839740 4.147320 214.512000 190.176000 -13 793 1 0 1.000000
-0.866086 15.392900 0 5.097290 12.301900 209.056000 190.108000 -13 794 1 0 1.000000
26.705200 -9.386000 0 -11.994800 13.148200 199.017000 190.115000 -13 795 1 0 1.000000
17.932800 -11.499700 0 -6.522730 -16.736600 175.795000 190.153000 -13 796 1 0 1.000000
21.057500 -17.056500 0 0.675683 17.898300 196.964000 189.633000 -13 797 1 0 1.000000
-14.377000 -14.710700 0 -18.905100 -8.513570 184.250000 190.077000 -13 798 1 0 1.000000
21.047700 -31.164900 0 -9.670480 4.584420 174.960000 189.999000 -13 799 1 0 1.000000
-16.318600 -4.811150 0 -7.392740 -3.604770 174.905000 190.074000 -13 800 1 0 1.000000
2.674250 -27.866600 0 -11.991000 0.885503 168.528000 190.097000 -13 801 1 0 1.000000
-17.892700 -15.790700 0 -9.644420 1.822010 173.463000 189.939000 -13 802 1 0 1.000000
-7.564420 -13.510100 0 -4.638600 7.406690 173.285000 190.104000 -13 803 1 0 1.000000
9.665400 -44.280000 0 -4.994370 14.674200 230.115000 189.618000 -13 804 1 0 1.000000
-19.242900 -9.101670 0 14.387300 -18.408400 225.149000 190.311000 -13 805 1 0 1.000000
-21.171700 -4.957530 0 27.679600 -12.737400 216.499000 190.489000 -13 806 1 0 1.000000
19.771800 -24.974600 0 3.505440 2.538880 216.563000 190.363000 -13 807 1 0 1.000000
-27.933300 -2.970360 0 24.170400 -18.903700 216.831000 190.399000 -13 808 1 0 1.000000
4.903390 -20.212800 0 28.682400 0.442318 213.779000 190.413000 -13 809 1 0 1.000000
15.288600 -26.651500 0 7.389990 10.946500 212.859000 190.524000 -13 810 1 0 1.000000
19.419100 -0.091823 0 3.899970 -13.350700 217.236000 190.469000 -13 811 1 0 1.000000
3.467510 -10.748700 0 9.901190 3.693240 214.449000 190.347000 -13 812 1 0 1.000000
12.834800 -39.514200 0 0.928326 -0.776552 218.928000 190.453000 -13 813 1 0 1.000000
4.866080 -16.010200 0 9.394340 0.606138 211.122000 190.428000 -13 814 1 0 1.000000
0.049861 -8.279540 0 14.377700 -16.268700 212.918000 190.071000 -13 815 1 0 1.000000
27.357900 -4.578610 0 5.759900 3.092790 213.772000 190.168000 -13 816 1 0 1.000000
24.102100 -18.786000 0 1.700300 7.165090 204.061000 190.018000 -13 817 1 0 1.000000
16.239800 -27.182500 0 2.288450 12.350900 202.376000 190.076000 -13 818 1 0 1.000000
8.421080 -12.430500 0 -4.611420 0.206581 217.327000 190.098000 -13 819 1 0 1.000000
3.302550 7.710520 0 -8.629160 3.740040 209.826000 190.022000 -13 820 1 0 1.000000
2.218270 -48.039800 0 4.359890 10.771500 219.104000 190.188000 -13 821 1 0 1.000000
28.504800 -5.774170 0 5.390460 1.226230 217.210000 190.137000 -13 822 1 0 1.000000
17.358200 -3.630670 0 1.426610 0.566520 216.467000 190.229000 -13 823 1 0 1.000000
10.166000 -26.463700 0 1.666140 -2.085870 216.946000 190.153000 -13 824 1 0 1.000000
25.875800 -30.709700 0 -9.158980 5.550450 213.580000 190.240000 -13 825 1 0 1.000000
-26.133900 -28.907800 0 13.604900 3.073850 213.903000 190.150000 -13 826 1 0 1.000000
15.410000 -13.218900 0 2.689360 -5.579870 216.016000 190.175000 -13 827 1 0 1.000000
7.871170 -11.793200 0 2.050620 -4.454460 208.814000 190.160000 -13 828 1 0 1.000000
-6.800780 -25.088600 0 1.879910 -10.275900 210.990000 190.381000 -13 829 1 0 1.000000
-23.579900 -2.351070 0 21.339400 -15.594000 214.190000 190.316000 -13 830 1 0 1.000000
-4.361510 -74.064100 0 -4.775390 -15.733800 213.694000 190.382000 -13 831 1 0 1.000000
18.467900 -34.848100 0 -6.951050 -3.011950 221.719000 190.283000 -13 832 1 0 1.000000
-15.846900 5.230530 0 9.382710 -0.905217 224.484000 190.207000 -13 833 1 0 1.000000
7.824200 2.507570 0 12.949500 -20.925900 223.382000 190.172000 -13 834 1 0 1.000000
-0.135678 -18.809800 0 0.717286 -6.067300 207.000000 190.029000 -13 835 1 0 1.000000
19.287000 -1.949990 0 -11.672200 -14.907400 225.839000 190.140000 -13 836 1 0 1.000000
-10.201400 -40.494800 0 3.100080 -11.165600 209.458000 190.170000 -13 837 1 0 1.000000
3.366870 -41.296800 0 -7.742580 -15.600100 219.141000 190.190000 -13 838 1 0 1.000000
-19.761500 -19.667500 0 10.625200 -1.712400 207.954000 190.117000 -13 839 1 0 1.000000
-16.671300 -30.657700 0 2.478630 -1.842090 214.238000 190.068000 -13 840 1 0 1.000000
2.315610 -30.045600 0 -3.542680 -8.698970 209.622000 190.039000 -13 841 1 0 1.000000
-14.820800 -33.630300 0 -0.605706 -8.856790 213.255000 190.171000 -13 842 1 0 1.000000
-37.811400 -42.011600 0 7.111400 -3.330010 217.744000 190.147000 -13 843 1 0 1.000000
-17.837000 -32.587200 0 2.217250 8.808850 205.159000 190.098000 -13 844 1 0 1.000000
-4.189460 -9.892760 0 2.933340 -4.712260 193.462000 190.676000 -13 845 1 0 1.000000
2.723880 28.640400 0 -8.269620 -12.173300 188.529000 190.469000 -13 846 1 0 1.000000
6.967340 1.207720 0 16.841000 -9.017790 178.649000 190.174000 -13 847 1 0 1.000000
2.997940 -4.515310 0 9.219900 -15.210600 188.510000 190.665000 -13 848 1 0 1.000000
10.891800 12.355100 0 3.168930 31.898900 173.533000 190.190000 -13 849 1 0 1.000000
7.464060 14.284400 0 -0.715449 -4.060260 192.954000 190.463000 -13 850 1 0 1.000000
15.255500 -7.394320 0 -8.851510 10.144800 192.965000 190.553000 -13 851 1 0 1.000000
-8.638010 -4.061410 0 -9.033850 -17.508800 229.556000 190.291000 -13 852 1 0 1.000000
20.309800 21.890900 0 1.575660 -13.105800 216.729000 190.348000 -13 853 1 0 1.000000
-4.364160 1.027530 0 -5.315580 -8.958900 219.858000 190.282000 -13 854 1 0 1.000000
10.369300 20.820300 0 11.589900 -7.564000 235.958000 190.372000 -13 855 1 0 1.000000
-8.878520 6.604540 0 -15.574100 -16.502500 228.190000 190.298000 -13 856 1 0 1.000000
12.090400 -24.708400 0 -2.012250 -15.463700 224.713000 190.421000 -13 857 1 0 1.000000
32.518700 -10.687200 0 0.340692 -3.063940 234.397000 190.353000 -13 858 1 0 1.000000
20.483900 -2.920980 0 -11.873300 -9.785670 223.622000 190.335000 -13 859 1 0 1.000000
24.466800 20.378200 0 1.995980 -11.249800 209.942000 190.489000 -13 860 1 0 1.000000
29.357200 -5.287130 0 1.396450 -0.154789 223.504000 190.331000 -13 861 1 0 1.000000
-9.960130 9.498150 0 1.927090 -2.485450 215.569000 190.019000 -13 862 1 0 1.000000
-6.304300 4.448830 0 16.722800 6.656850 217.965000 190.042000 -13 863 1 0 1.000000
7.556370 20.549500 0 12.418400 0.326106 220.658000 190.124000 -13 864 1 0 1.000000
-4.595140 -1.483080 0 -6.495110 -0.639112 210.648000 189.934000 -13 865 1 0 1.000000
-17.381300 -14.973400 0 17.376700 -9.628630 212.644000 190.014000 -13 866 1 0 1.000000
3.611630 18.619600 0 8.346350 -1.976660 207.472000 189.911000 -13 867 1 0 1.000000
-9.387070 3.410340 0 4.005280 -6.572430 215.797000 190.068000 -13 868 1 0 1.000000
6.635020 -14.231300 0 10.715200 1.602520 206.025000 190.038000 -13 869 1 0 1.000000
7.683600 0.922613 0 13.388100 -0.654493 212.173000 190.052000 -13 870 1 0 1.000000
12.431300 9.024590 0 1.684280 2.564310 196.594000 190.450000 -13 871 1 0 1.000000
32.776600 9.588760 0 8.407980 -0.838000 202.028000 190.270000 -13 872 1 0 1.000000
12.929400 13.951500 0 0.566970 4.586290 199.651000 190.274000 -13 873 1 0 1.000000
-2.565470 -7.669590 0 0.834511 -5.609980 197.154000 190.395000 -13 874 1 0 1.000000
11.169100 16.192100 0 -20.298400 -4.593840 208.489000 190.426000 -13 875 1 0 1.000000
3.112030 -0.277080 0 7.123030 -16.611000 198.763000 190.372000 -13 876 1 0 1.000000
9.623180 22.035600 0 -1.058040 -0.909777 204.938000 190.405000 -13 877 1 0 1.000000
-11.748600 -1.910210 0 3.090940 -3.171370 198.062000 190.377000 -13 878 1 0 1.000000
-12.195300 -5.493060 0 -11.066700 -12.165400 211.614000 190.386000 -13 879 1 0 1.000000
-17.292400 27.146200 0 -22.758900 -3.043150 177.630000 189.941000 -13 880 1 0 1.000000
-19.401700 24.118000 0 2.465340 -25.762700 248.383000 190.413000 -13 881 1 0 1.000000
-14.914300 -6.501960 0 -14.689300 14.981800 211.742000 189.517000 -13 882 1 0 1.000000
22.301900 -21.188500 0 2.236950 -23.697500 192.884000 190.612000 -13 883 1 0 1.000000
5.678300 -2.562910 0 27.156300 -4.611690 183.909000 190.263000 -13 884 1 0 1.000000
-55.472900 2.048100 0 -7.351850 5.798830 178.279000 189.872000 -13 885 1 0 1.000000
-36.845600 3.091920 0 19.897700 -11.173800 182.751000 189.961000 -13 886 1 0 1.000000
8.281260 -32.995400 0 -6.352170 -3.203990 195.852000 190.411000 -13 887 1 0 1.000000
6.852450 -26.968100 0 15.740900 -0.070766 184.206000 190.425000 -13 888 1 0 1.000000
25.819900 -9.004760 0 -5.940120 22.177300 220.745000 189.961000 -13 889 1 0 1.000000
2.505480 -10.298300 0 -10.161800 14.215100 210.178000 190.008000 -13 890 1 0 1.000000
19.590100 -42.522600 0 -7.833060 9.962460 214.406000 189.972000 -13 891 1 0 1.000000
21.220200 -36.557700 0 2.489430 19.210900 229.722000 189.993000 -13 892 1 0 1.000000
-9.603550 -30.904200 0 3.138720 10.863900 213.816000 189.909000 -13 893 1 0 1.000000
9.657020 -52.658600 0 -14.387900 3.226200 235.837000 189.923000 -13 894 1 0 1.000000
-9.966800 -35.274700 0 -0.285077 20.213700 217.871000 189.879000 -13 895 1 0 1.000000
19.514800 -21.887400 0 -8.136310 8.908890 219.225000 189.860000 -13 896 1 0 1.000000
17.751200 -5.091750 0 2.041470 15.567100 212.883000 189.953000 -13 897 1 0 1.000000
-8.775400 -34.189900 0 -19.888700 3.291520 238.106000 190.103000 -13 898 1 0 1.000000
-46.483600 -20.683000 0 -14.951300 -7.356140 220.536000 190.767000 -13 899 1 0 1.000000
-8.447130 -38.869700 0 -4.852980 -0.653103 242.650000 190.115000 -13 900 1 0 1.000000
-47.788200 -18.698100 0 -21.405600 -1.949250 232.007000 189.982000 -13 901 1 0 1.000000
-9.295570 -32.276800 0 -17.663800 -7.458210 243.606000 190.320000 -13 902 1 0 1.000000
-6.059190 -0.974493 0 -11.441100 -12.689400 229.647000 189.854000 -13 903 1 0 1.000000
-16.730400 -17.975800 0 -11.809100 -12.797000 233.281000 189.936000 -13 904 1 0 1.000000
-30.237200 -19.502800 0 -13.890700 -8.688310 237.276000 190.018000 -13 905 1 0 1.000000
3.265500 17.949800 0 -10.686900 -14.277200 218.889000 190.203000 -13 906 1 0 1.000000
19.697000 -47.480400 0 -30.601000 15.102900 225.482000 190.310000 -13 907 1 0 1.000000
4.922420 17.647400 0 -20.200000 -4.298190 213.651000 190.407000 -13 908 1 0 1.000000
11.292000 -18.100300 0 -18.875600 -1.397420 214.135000 190.220000 -13 909 1 0 1.000000
-31.359200 -21.771400 0 -5.653600 -11.804400 224.723000 190.276000 -13 910 1 0 1.000000
-32.337200 -24.916000 0 -26.813800 8.053450 224.036000 190.418000 -13 911 1 0 1.000000
-25.979200 10.326800 0 -23.960400 0.219914 223.769000 190.364000 -13 912 1 0 1.000000
-12.559600 -18.804800 0 -14.557100 -15.074000 224.846000 190.362000 -13 913 1 0 1.000000
-7.163290 11.222500 0 -16.695700 -4.074660 222.493000 190.215000 -13 914 1 0 1.000000
-22.552600 -17.545800 0 -16.370200 -8.611670 219.371000 190.376000 -13 915 1 0 1.000000
-5.011820 10.736700 0 -0.027539 21.814800 217.524000 189.978000 -13 916 1 0 1.000000
-0.491953 -3.168870 0 17.795500 28.120100 227.505000 190.014000 -13 917 1 0 1.000000
5.512690 -12.121100 0 -1.035180 14.570200 227.322000 190.014000 -13 918 1 0 1.000000
30.486900 -24.340800 0 31.554500 31.020900 230.841000 190.118000 -13 919 1 0 1.000000
8.830830 25.145800 0 -14.211800 -3.243860 209.794000 190.018000 -13 920 1 0 1.000000
15.437400 -12.104500 0 -14.840700 8.269500 219.437000 189.898000 -13 921 1 0 1.000000
28.247700 -8.253560 0 8.353530 30.303400 223.522000 190.013000 -13 922 1 0 1.000000
-3.008750 -64.973300 0 26.665900 6.327260 240.308000 190.208000 -13 923 1 0 1.000000
-6.168100 -48.019000 0 18.681400 23.672900 234.428000 190.056000 -13 924 1 0 1.000000
40.446100 -17.681500 0 37.223400 -32.619500 205.472000 190.620000 -13 925 1 0 1.000000
5.532850 -30.819800 0 -15.521300 28.467400 210.287000 190.811000 -13 926 1 0 1.000000
-8.838600 -20.589900 0 -17.252900 18.508900 216.036000 190.311000 -13 927 1 0 1.000000
5.732410 -29.032800 0 -24.345600 19.232700 223.157000 190.312000 -13 928 1 0 1.000000
-12.232000 -62.287100 0 -10.233300 18.634800 224.531000 190.395000 -13 929 1 0 1.000000
-35.563500 -17.418400 0 -76.374000 -38.986300 211.341000 190.124000 -13 930 1 0 1.000000
0.714442 -34.257900 0 -12.409400 18.619900 227.577000 190.226000 -13 931 1 0 1.000000
-11.430200 -15.323300 0 -6.844300 21.247300 225.593000 190.281000 -13 932 1 0 1.000000
-25.460700 -30.614500 0 -17.477000 18.223800 219.835000 190.380000 -13 933 1 0 1.000000
-8.601510 -23.048100 0 -5.694640 12.295400 218.029000 190.358000 -13 934 1 0 1.000000
-13.155600 36.754600 0 2.981190 -18.964100 191.959000 189.914000 -13 935 1 0 1.000000
6.757690 -19.707200 0 -8.555160 -4.039600 185.813000 190.187000 -13 936 1 0 1.000000
14.571400 -18.117000 0 9.403200 -3.897220 186.474000 190.258000 -13 937 1 0 1.000000
18.886000 -15.348000 0 -8.524790 -2.369640 190.847000 190.293000 -13 938 1 0 1.000000
20.483600 -25.881000 0 15.275000 -5.307290 187.615000 190.118000 -13 939 1 0 1.000000
-66.642400 10.222700 0 -17.250600 12.171200 197.704000 189.835000 -13 940 1 0 1.000000
31.584100 3.001270 0 -11.300400 -20.075500 185.826000 190.205000 -13 941 1 0 1.000000
46.636600 -21.082600 0 -15.261900 -0.199606 206.885000 190.264000 -13 942 1 0 1.000000
13.192600 15.018700 0 13.285800 -16.808200 183.055000 189.925000 -13 943 1 0 1.000000
33.506600 -20.833400 0 -15.723300 0.552626 218.763000 190.337000 -13 944 1 0 1.000000
10.996600 -22.007000 0 15.553800 -13.643300 203.371000 190.406000 -13 945 1 0 1.000000
15.783900 -14.732200 0 1.255280 -16.509300 201.394000 190.379000 -13 946 1 0 1.000000
-8.443270 -21.767900 0 -5.416510 3.501870 197.174000 190.283000 -13 947 1 0 1.000000
16.736200 -22.071100 0 0.338401 -10.672400 211.977000 190.247000 -13 948 1 0 1.000000
29.076400 -33.413100 0 16.471800 -3.771920 202.107000 190.482000 -13 949 1 0 1.000000
-16.301000 17.497100 0 -8.682630 -3.316980 211.316000 190.276000 -13 950 1 0 1.000000
24.625900 -11.189400 0 -5.282130 -11.561500 209.571000 190.233000 -13 951 1 0 1.000000
-0.206618 -18.971300 0 -18.694100 1.090600 207.350000 190.355000 -13 952 1 0 1.000000
17.784800 -26.787800 0 -11.998100 4.771250 206.704000 190.308000 -13 953 1 0 1.000000
-23.782000 -36.618500 0 -1.475020 -8.326880 209.871000 189.934000 -13 954 1 0 1.000000
-11.297100 -39.175900 0 10.447800 -8.310140 197.208000 189.978000 -13 955 1 0 1.000000
-41.897000 -2.649090 0 -4.546910 -3.366180 211.289000 189.891000 -13 956 1 0 1.000000
-19.525300 -37.330900 0 4.629480 -1.215900 202.472000 189.945000 -13 957 1 0 1.000000
-18.864800 -1.705530 0 6.464190 -1.425290 209.316000 189.827000 -13 958 1 0 1.000000
-34.253000 -25.356900 0 11.052300 -11.993700 202.858000 189.995000 -13 959 1 0 1.000000
-4.931800 -8.604510 0 -3.142660 -13.492700 202.652000 189.907000 -13 960 1 0 1.000000
-20.227900 -29.224600 0 -5.555980 9.994870 201.967000 189.951000 -13 961 1 0 1.000000
-8.121300 6.117470 0 14.860800 -3.374940 202.500000 190.000000 -13 962 1 0 1.000000
-33.390200 -40.785400 0 -5.299390 9.484070 208.356000 189.835000 -13 963 1 0 1.000000
13.305600 -38.083600 0 -28.940500 25.295300 219.028000 190.285000 -13 964 1 0 1.000000
-22.300100 -15.882300 0 -20.637300 19.675100 221.653000 190.267000 -13 965 1 0 1.000000
37.121700 -42.980800 0 -16.742200 12.447400 211.488000 190.366000 -13 966 1 0 1.000000
26.290300 -28.183700 0 28.140600 -19.221000 205.480000 190.110000 -13 967 1 0 1.000000
-18.060400 -7.617280 0 -16.075200 -2.733620 213.618000 190.242000 -13 968 1 0 1.000000
-15.804800 3.795530 0 -22.051600 8.899540 224.591000 190.116000 -13 969 1 0 1.000000
-19.443200 -9.687050 0 -8.294460 17.961200 212.438000 190.256000 -13 970 1 0 1.000000
-31.347900 -0.960708 0 -7.318950 9.653060 225.221000 190.261000 -13 971 1 0 1.000000
-11.917400 -14.172900 0 -9.897320 21.644600 217.269000 190.494000 -13 972 1 0 1.000000
-14.680000 -14.675200 0 -27.770600 14.489100 216.049000 190.354000 -13 973 1 0 1.000000
-18.714300 21.965100 0 3.707760 -11.428300 188.326000 189.744000 -13 974 1 0 1.000000
32.723100 -0.306302 0 -13.846300 -11.301700 182.758000 190.260000 -13 975 1 0 1.000000
-18.451800 -9.548380 0 -9.498640 -6.768960 188.671000 190.344000 -13 976 1 0 1.000000
-5.641420 19.022500 0 15.909500 -17.431200 254.213000 190.039000 -13 977 1 0 1.000000
-4.755640 -5.987940 0 -13.240200 9.833670 178.413000 190.071000 -13 978 1 0 1.000000
-16.255900 -10.899200 0 -13.723000 -5.583110 190.553000 190.343000 -13 979 1 0 1.000000
18.382100 -0.941764 0 -30.302300 -29.779100 178.161000 190.272000 -13 980 1 0 1.000000
-11.786900 -1.180320 0 15.613400 17.587900 211.516000 189.553000 -13 981 1 0 1.000000
15.612700 -14.005300 0 -13.146500 -8.511440 182.301000 190.304000 -13 982 1 0 1.000000
-9.918270 -0.797469 0 18.068300 -8.601570 223.400000 189.610000 -13 983 1 0 1.000000
10.482800 18.879000 0 19.903000 -11.327100 185.059000 189.788000 -13 984 1 0 1.000000
20.356000 -30.707800 0 -39.201900 -2.696990 233.643000 190.660000 -13 985 1 0 1.000000
-22.686000 -33.375400 0 -23.667500 5.123250 211.483000 189.876000 -13 986 1 0 1.000000
65.592000 -35.741400 0 -19.883500 0.402998 246.841000 190.337000 -13 987 1 0 1.000000
-5.726630 -30.231100 0 -17.800500 5.848970 213.981000 189.826000 -13 988 1 0 1.000000
-9.098380 -2.629910 0 -0.797181 5.314890 207.253000 189.791000 -13 989 1 0 1.000000
15.243600 -59.056300 0 -21.721800 8.621160 231.549000 189.973000 -13 990 1 0 1.000000
-34.217100 -21.500900 0 -19.954100 -0.441616 215.021000 189.863000 -13 991 1 0 1.000000
52.888300 -24.378500 0 14.657300 -11.489000 228.686000 189.923000 -13 992 1 0 1.000000
-2.421550 -60.519000 0 -33.097300 8.657880 237.636000 190.201000 -13 993 1 0 1.000000
29.038900 -9.090450 0 -9.813480 -6.079380 244.713000 190.061000 -13 994 1 0 1.000000
13.338600 -32.494300 0 10.057200 7.985970 173.651000 189.997000 -13 995 1 0 1.000000
-30.761200 33.995100 0 3.662130 -21.040900 244.367000 190.443000 -13 996 1 0 1.000000
-1.436180 -53.693100 0 18.078200 -5.538590 185.880000 190.055000 -13 997 1 0 1.000000
-28.888300 31.541100 0 6.535500 -2.006600 205.906000 189.607000 -13 998 1 0 1.000000
-10.357000 -19.939700 0 20.025300 -20.270800 183.901000 190.067000 -13 999 1 0 1.000000
-26.262400 25.671200 0 -20.253100 5.503690 245.956000 189.791000 -13 1000 1 0 1.000000
-12.749000 25.452700 0 -2.082550 -0.558982 196.913000 189.653000 -13 1001 1 0 1.000000
21.896800 -40.486300 0 0.934777 -16.418500 187.588000 190.249000 -13 1002 1 0 1.000000
35.728900 -37.990200 0 -7.290820 9.057500 189.727000 190.379000 -13 1003 1 0 1.000000
-15.518200 -46.977700 0 16.920900 -12.448000 179.308000 189.916000 -13 1004 1 0 1.000000
-8.622490 -9.216340 0 -2.793040 17.595900 172.905000 189.965000 -13 1005 1 0 1.000000
-30.818000 -25.834400 0 5.697720 -16.570200 259.105000 190.015000 -13 1006 1 0 1.000000
20.819900 -5.154850 0 -21.328300 9.981790 173.845000 190.025000 -13 1007 1 0 1.000000
0.855091 -5.903940 0 0.723586 -6.457770 185.322000 190.366000 -13 1008 1 0 1.000000
-0.739101 -18.516400 0 -17.356700 -1.172400 176.533000 189.689000 -13 1009 1 0 1.000000
1.053800 -8.821570 0 -10.239000 -12.141300 180.322000 190.352000 -13 1010 1 0 1.000000
44.251700 7.892440 0 -8.610600 5.969940 235.299000 189.962000 -13 1011 1 0 1.000000
22.802700 15.730300 0 -2.207530 -4.486310 218.417000 189.911000 -13 1012 1 0 1.000000
-7.979360 -15.357800 0 27.308500 26.874400 230.584000 190.044000 -13 1013 1 0 1.000000
37.161300 -5.439920 0 2.492020 2.430610 225.445000 189.913000 -13 1014 1 0 1.000000
30.771400 7.504910 0 -3.959690 -0.686059 206.096000 189.831000 -13 1015 1 0 1.000000
31.408400 -27.689700 0 12.556200 27.407700 225.877000 190.073000 -13 1016 1 0 1.000000
40.359000 -4.971600 0 -2.020480 -3.660500 221.795000 189.946000 -13 1017 1 0 1.000000
38.767700 -13.646800 0 13.982600 12.497000 242.770000 189.909000 -13 1018 1 0 1.000000
33.347200 -3.749560 0 -5.853310 12.627000 212.635000 189.933000 -13 1019 1 0 1.000000
23.116200 8.244760 0 -10.538000 10.825300 210.250000 189.951000 -13 1020 1 0 1.000000
-37.391000 -5.617430 0 10.603700 -4.981440 205.632000 190.585000 -13 1021 1 0 1.000000
-48.704600 18.881100 0 5.130870 -7.374690 206.435000 190.493000 -13 1022 1 0 1.000000
17.009000 10.810500 0 -26.449600 21.666700 177.544000 190.283000 -13 1023 1 0 1.000000
-67.734800 15.390300 0 11.218000 -6.065340 204.682000 190.767000 -13 1024 1 0 1.000000
-21.303800 -27.455900 0 0.358237 -0.475821 206.485000 190.493000 -13 1025 1 0 1.000000
-30.464800 22.300700 0 -11.704000 -14.871000 191.329000 190.402000 -13 1026 1 0 1.000000
-34.966500 -25.396300 0 13.056800 4.947010 208.621000 190.529000 -13 1027 1 0 1.000000
7.598480 -15.489800 0 -6.037460 4.441270 243.231000 189.708000 -13 1028 1 0 1.000000
25.032100 -14.747900 0 -15.488800 2.747070 185.669000 189.947000 -13 1029 1 0 1.000000
19.041700 -15.482400 0 15.984300 -22.736600 210.341000 189.607000 -13 1030 1 0 1.000000
43.540800 -35.302900 0 -8.310010 -10.978200 184.062000 189.835000 -13 1031 1 0 1.000000
-43.376100 8.745890 0 14.172900 -1.982280 201.235000 190.470000 -13 1032 1 0 1.000000
38.022400 -26.847600 0 -20.741600 12.153000 184.071000 190.022000 -13 1033 1 0 1.000000
58.295800 -32.435700 0 -23.671900 -2.511820 193.043000 190.050000 -13 1034 1 0 1.000000
34.068000 -22.849700 0 22.928900 -26.416400 204.990000 189.736000 -13 1035 1 0 1.000000
9.593320 -17.614200 0 -27.411000 25.685500 182.507000 190.128000 -13 1036 1 0 1.000000
11.764300 7.848520 0 -0.733601 2.396610 197.989000 190.390000 -13 1037 1 0 1.000000
6.589420 -53.289300 0 -0.813092 -30.640400 189.203000 189.765000 -13 1038 1 0 1.000000
-12.188400 30.580000 0 -0.951118 9.058720 197.548000 190.424000 -13 1039 1 0 1.000000
-19.419300 -16.821000 0 -7.377290 2.801630 174.758000 189.814000 -13 1040 1 0 1.000000
-10.598200 -38.457200 0 -14.532200 3.913810 188.407000 189.575000 -13 1041 1 0 1.000000
-10.598600 -9.966810 0 4.258380 9.983220 175.115000 190.174000 -13 1042 1 0 1.000000
19.470600 -35.990000 0 -15.229000 -17.085700 232.768000 189.636000 -13 1043 1 0 1.000000
0.376677 -14.581200 0 -6.792190 12.775200 173.593000 190.076000 -13 1044 1 0 1.000000
-1.185530 -6.740080 0 2.917870 25.741600 179.386000 190.056000 -13 1045 1 0 1.000000
8.884500 18.485800 0 -0.825895 -1.732100 191.990000 190.315000 -13 1046 1 0 1.000000
-13.888200 -3.049330 0 7.386010 -8.057930 219.976000 190.364000 -13 1047 1 0 1.000000
-31.160300 -0.789153 0 10.717500 5.360250 216.132000 190.281000 -13 1048 1 0 1.000000
-24.078400 -28.123700 0 1.607700 11.429100 223.268000 190.180000 -13 1049 1 0 1.000000
-21.761100 -24.650800 0 -13.906100 13.925600 212.050000 190.253000 -13 1050 1 0 1.000000
-33.519500 6.704290 0 7.675680 -0.151804 223.182000 190.353000 -13 1051 1 0 1.000000
-30.964200 -3.452620 0 5.165480 11.362200 221.555000 190.294000 -13 1052 1 0 1.000000
-13.059800 -12.409200 0 -31.870100 21.805100 226.353000 190.228000 -13 1053 1 0 1.000000
-38.971900 -20.270400 0 0.019053 7.604710 222.743000 190.277000 -13 1054 1 0 1.000000
-32.439900 22.910300 0 -4.795810 -7.355750 223.755000 190.344000 -13 1055 1 0 1.000000
23.877200 -11.181900 0 -18.158900 -19.608900 195.935000 190.385000 -13 1056 1 0 1.000000
12.152200 -33.608400 0 -9.156350 2.861390 185.493000 190.375000 -13 1057 1 0 1.000000
41.581700 -10.440000 0 -16.093300 -16.492800 211.094000 190.167000 -13 1058 1 0 1.000000
-9.187190 36.561200 0 21.146300 -0.046390 183.625000 190.140000 -13 1059 1 0 1.000000
-6.381190 -18.879300 0 -6.402620 -18.298200 192.457000 190.335000 -13 1060 1 0 1.000000
16.512900 -36.851200 0 -22.911300 -9.622430 205.116000 190.244000 -13 1061 1 0 1.000000
-23.395200 -32.292000 0 -2.434880 -2.646190 212.347000 190.268000 -13 1062 1 0 1.000000
-39.356200 -17.537200 0 0.231648 -1.985210 198.219000 190.451000 -13 1063 1 0 1.000000
46.160700 6.072990 0 -11.979500 -9.835580 210.359000 190.191000 -13 1064 1 0 1.000000
23.288600 -12.292900 0 -30.128300 -16.931300 195.397000 190.211000 -13 1065 1 0 1.000000
-10.137300 0.781688 0 -5.643420 -13.121800 223.954000 190.346000 -13 1066 1 0 1.000000
5.888380 35.150600 0 -2.413800 -16.530600 225.731000 190.276000 -13 1067 1 0 1.000000
27.064500 -0.083210 0 1.143450 -14.756800 223.778000 190.228000 -13 1068 1 0 1.000000
17.802000 20.331400 0 -3.370910 -16.043900 225.450000 190.330000 -13 1069 1 0 1.000000
-6.157630 -20.587100 0 -21.573800 -9.033410 224.233000 190.470000 -13 1070 1 0 1.000000
-7.341700 18.529200 0 -0.173022 -11.857300 221.333000 190.212000 -13 1071 1 0 1.000000
2.983630 9.143420 0 -6.672000 -12.492500 224.656000 190.241000 -13 1072 1 0 1.000000
-0.893041 -7.513810 0 -12.892800 -4.065910 221.422000 190.324000 -13 1073 1 0 1.000000
7.278750 -17.077200 0 -2.280980 -15.454100 226.667000 190.271000 -13 1074 1 0 1.000000
20.383100 19.181600 0 -20.535300 -6.610750 219.081000 190.340000 -13 1075 1 0 1.000000
-18.196300 15.231800 0 1.827980 6.485190 225.978000 190.341000 -13 1076 1 0 1.000000
23.557700 -1.970200 0 -22.476800 -0.170384 217.911000 190.476000 -13 1077 1 0 1.000000
49.833800 -30.154100 0 -11.619900 7.185400 223.686000 190.399000 -13 1078 1 0 1.000000
6.641410 -23.811300 0 -8.898740 -1.949990 219.714000 190.148000 -13 1079 1 0 1.000000
-31.517100 -12.723300 0 -9.378980 2.124100 223.016000 190.411000 -13 1080 1 0 1.000000
-5.968500 25.911000 0 -16.585700 -2.587190 231.948000 190.337000 -13 1081 1 0 1.000000
-17.995400 12.625300 0 -45.577100 -19.829000 213.481000 190.893000 -13 1082 1 0 1.000000
-19.348600 -13.381700 0 -14.307700 -3.080930 219.097000 190.423000 -13 1083 1 0 1.000000
50.998000 21.188700 0 -19.052500 1.775450 223.054000 190.414000 -13 1084 1 0 1.000000
13.326900 -34.634700 0 -17.151500 -6.888260 223.116000 190.392000 -13 1085 1 0 1.000000
-3.714220 36.123600 0 6.772810 -42.239300 236.731000 190.177000 -13 1086 1 0 1.000000
34.697400 -37.164200 0 -2.907980 -18.693800 220.513000 189.947000 -13 1087 1 0 1.000000
-13.961700 -27.298100 0 -2.889060 -18.685900 221.076000 189.959000 -13 1088 1 0 1.000000
-9.189540 -8.022010 0 -9.074450 -20.630400 227.470000 189.967000 -13 1089 1 0 1.000000
-16.001000 -39.454000 0 -10.263100 -9.858210 216.373000 189.921000 -13 1090 1 0 1.000000
-10.883800 -33.930000 0 1.038590 -12.130200 218.878000 190.012000 -13 1091 1 0 1.000000
-0.481101 -48.141200 0 -8.633910 -8.918110 211.168000 189.937000 -13 1092 1 0 1.000000
-17.658100 -41.876300 0 -14.704500 -4.030690 216.207000 189.905000 -13 1093 1 0 1.000000
-20.394600 -37.000600 0 5.727400 -7.390180 224.680000 189.867000 -13 1094 1 0 1.000000
-4.977810 -29.942500 0 1.480210 4.282220 209.419000 189.886000 -13 1095 1 0 1.000000
-50.039000 49.160000 0 0.632224 -6.766590 213.008000 190.454000 -13 1096 1 0 1.000000
9.332410 -27.927300 0 -0.124233 -6.721840 216.483000 190.418000 -13 1097 1 0 1.000000
-6.790830 4.902900 0 13.287100 -12.661000 201.402000 190.559000 -13 1098 1 0 1.000000
-3.250460 -12.046700 0 -9.941010 -13.670000 220.814000 190.358000 -13 1099 1 0 1.000000
-12.470100 -24.042000 0 -4.676590 -4.563130 212.348000 190.520000 -13 1100 1 0 1.000000
-17.609100 2.988490 0 -4.950630 -20.585100 221.678000 190.197000 -13 1101 1 0 1.000000
-20.018800 43.168500 0 3.768340 -7.591490 216.524000 190.381000 -13 1102 1 0 1.000000
-11.652600 41.328700 0 6.083150 -14.456600 218.930000 190.305000 -13 1103 1 0 1.000000
0.488642 -28.594100 0 -2.189470 -4.121670 220.679000 190.447000 -13 1104 1 0 1.000000
-3.913260 17.660200 0 8.827580 -4.449900 218.791000 190.211000 -13 1105 1 0 1.000000
-27.282500 -32.910300 0 -4.472150 27.852400 222.093000 190.330000 -13 1106 1 0 1.000000
-21.925800 -5.703080 0 -6.448820 10.239000 209.222000 190.407000 -13 1107 1 0 1.000000
-38.536700 10.917800 0 2.329640 -4.979630 220.757000 190.396000 -13 1108 1 0 1.000000
-45.188400 27.906500 0 -5.223190 3.816810 230.394000 190.214000 -13 1109 1 0 1.000000
32.355500 -1.402810 0 -33.121700 2.210240 206.266000 190.361000 -13 1110 1 0 1.000000
-31.731700 5.664540 0 -0.635857 8.195600 223.005000 190.373000 -13 1111 1 0 1.000000
-29.062400 -1.625800 0 -10.517000 8.200470 215.532000 190.242000 -13 1112 1 0 1.000000
-42.488500 11.656100 0 -2.652470 6.437370 217.555000 190.434000 -13 1113 1 0 1.000000
-1.376300 -14.482500 0 -4.905410 19.932700 218.230000 190.377000 -13 1114 1 0 1.000000
23.171900 -5.295990 0 -39.453600 6.055160 184.642000 190.339000 -13 1115 1 0 1.000000
0.496584 -19.114900 0 -8.980170 -5.511150 193.322000 190.336000 -13 1116 1 0 1.000000
-36.389400 12.041000 0 -10.211000 -4.092020 211.815000 190.394000 -13 1117 1 0 1.000000
-21.052300 54.344400 0 -9.520590 2.877450 190.669000 190.343000 -13 1118 1 0 1.000000
-32.076600 -10.116500 0 -5.378980 -1.021600 207.386000 190.330000 -13 1119 1 0 1.000000
0.748392 16.839600 0 1.185570 3.691460 204.150000 190.446000 -13 1120 1 0 1.000000
-6.044580 -11.290100 0 -4.887030 -6.768880 206.259000 190.236000 -13 1121 1 0 1.000000
53.855700 -44.252400 0 -22.617700 5.167530 192.019000 189.955000 -13 1122 1 0 1.000000
-0.787273 -11.297800 0 1.775090 -12.562800 209.285000 190.306000 -13 1123 1 0 1.000000
-21.906600 -8.653820 0 -1.230540 3.448620 206.115000 190.311000 -13 1124 1 0 1.000000
-15.891600 -1.074600 0 -8.425790 -10.497100 198.228000 190.208000 -13 1125 1 0 1.000000
-66.254000 -0.985689 0 -4.194990 -2.574560 204.069000 190.278000 -13 1126 1 0 1.000000
-37.232000 -13.622800 0 0.831650 2.362980 187.363000 190.143000 -13 1127 1 0 1.000000
-12.012900 -7.646160 0 12.663500 -6.776410 203.373000 190.372000 -13 1128 1 0 1.000000
-14.101400 -22.064900 0 7.189560 -5.551600 209.271000 190.323000 -13 1129 1 0 1.000000
-69.707000 -16.284100 0 -9.988910 -5.126970 204.218000 190.304000 -13 1130 1 0 1.000000
-24.250700 -9.398720 0 12.104800 -9.316120 198.529000 190.347000 -13 1131 1 0 1.000000
-25.546900 7.863290 0 -19.246300 -14.173600 192.873000 190.230000 -13 1132 1 0 1.000000
-76.169500 5.055220 0 -4.760360 -9.563410 217.876000 190.306000 -13 1133 1 0 1.000000
-64.109900 -27.686500 0 -8.126470 -2.389070 191.328000 190.154000 -13 1134 1 0 1.000000
-35.486800 20.863100 0 0.389084 -27.395300 201.669000 190.680000 -13 1135 1 0 1.000000
44.799700 9.353440 0 -11.184000 35.910400 203.790000 190.400000 -13 1136 1 0 1.000000
14.099100 -60.506100 0 -6.350490 46.798600 210.266000 190.117000 -13 1137 1 0 1.000000
6.960860 -39.185200 0 31.560800 -50.591000 211.396000 189.848000 -13 1138 1 0 1.000000
-41.025700 -81.008200 0 22.323100 -63.741300 218.838000 191.303000 -13 1139 1 0 1.000000
-9.992530 52.366500 0 -8.562470 -10.346500 211.267000 190.369000 -13 1140 1 0 1.000000
-0.829589 57.587000 0 -10.013000 6.851080 215.180000 190.454000 -13 1141 1 0 1.000000
22.652200 -34.983200 0 -12.553800 41.631100 190.303000 190.095000 -13 1142 1 0 1.000000
37.613700 7.489390 0 -3.325760 30.467400 213.181000 190.251000 -13 1143 1 0 1.000000
1.784090 10.050500 0 13.514700 -13.483700 215.445000 190.066000 -13 1144 1 0 1.000000
-6.596970 32.456500 0 17.502600 -8.709790 209.984000 190.034000 -13 1145 1 0 1.000000
-32.322800 52.542300 0 20.423300 -4.055170 219.686000 190.112000 -13 1146 1 0 1.000000
4.795510 -11.044700 0 11.118800 -12.304600 211.148000 190.138000 -13 1147 1 0 1.000000
-15.565400 15.165800 0 2.587700 -17.983800 212.112000 190.037000 -13 1148 1 0 1.000000
-23.416900 20.548600 0 8.799210 -2.514200 205.574000 190.099000 -13 1149 1 0 1.000000
-32.930700 19.098900 0 8.857750 -1.224350 205.697000 190.133000 -13 1150 1 0 1.000000
-19.696300 7.072760 0 9.537740 -10.449700 213.085000 190.077000 -13 1151 1 0 1.000000
1.236890 1.595970 0 3.902340 -16.910300 206.231000 190.105000 -13 1152 1 0 1.000000
-12.479300 7.723270 0 8.053080 -9.369930 201.809000 190.074000 -13 1153 1 0 1.000000
-28.186600 28.256000 0 1.227820 -15.600100 214.975000 189.774000 -13 1154 1 0 1.000000
-14.279900 32.058900 0 -6.741270 -21.115400 223.012000 189.763000 -13 1155 1 0 1.000000
-8.639140 12.527600 0 -18.917900 29.723700 247.073000 190.138000 -13 1156 1 0 1.000000
-16.668800 9.002530 0 12.831700 -10.971900 223.203000 189.799000 -13 1157 1 0 1.000000
-12.820400 28.067300 0 -10.017900 -4.551240 217.632000 189.827000 -13 1158 1 0 1.000000
-13.891700 20.421500 0 -10.747100 -13.238600 229.012000 189.748000 -13 1159 1 0 1.000000
-8.243310 33.739700 0 -6.525620 -1.736300 208.949000 189.788000 -13 1160 1 0 1.000000
-32.851300 28.389300 0 -7.802170 7.157290 246.658000 190.159000 -13 1161 1 0 1.000000
-3.350910 50.665500 0 14.602800 4.922320 239.350000 189.824000 -13 1162 1 0 1.000000
-12.478900 16.650900 0 2.403100 -22.234600 236.737000 190.570000 -13 1163 1 0 1.000000
-17.785800 0.664381 0 14.580400 0.158729 212.401000 189.813000 -13 1164 1 0 1.000000
-11.953200 -17.610400 0 -13.223500 -8.406430 208.778000 189.763000 -13 1165 1 0 1.000000
-29.966900 -16.062600 0 13.682500 1.870120 203.973000 189.770000 -13 1166 1 0 1.000000
-19.986100 -17.347800 0 6.253750 -7.675270 212.765000 189.742000 -13 1167 1 0 1.000000
-28.746700 -10.247300 0 6.883290 -7.616720 205.489000 189.737000 -13 1168 1 0 1.000000
-26.353900 -11.554800 0 -13.618900 -10.349500 212.089000 189.800000 -13 1169 1 0 1.000000
-5.758830 1.328040 0 -1.429690 -13.127800 215.327000 189.804000 -13 1170 1 0 1.000000
-14.272000 6.251030 0 10.555800 -3.222270 235.531000 189.808000 -13 1171 1 0 1.000000
20.878800 -15.463900 0 2.869810 -5.349290 198.016000 189.861000 -13 1172 1 0 1.000000
-28.934500 -58.768600 0 9.623390 -8.464310 223.192000 190.029000 -13 1173 1 0 1.000000
8.565630 -34.522000 0 3.626190 1.371800 226.678000 190.171000 -13 1174 1 0 1.000000
16.702900 -34.997300 0 5.009500 0.151547 225.664000 190.010000 -13 1175 1 0 1.000000
-1.327940 -47.341600 0 6.647070 -2.433300 223.738000 189.991000 -13 1176 1 0 1.000000
17.638900 -19.836800 0 5.000160 -11.772500 218.358000 189.951000 -13 1177 1 0 1.000000
-16.312800 -52.699100 0 15.752300 -15.836700 231.697000 190.121000 -13 1178 1 0 1.000000
-0.240430 -48.829300 0 11.618200 -11.187600 215.572000 190.008000 -13 1179 1 0 1.000000
14.716400 -46.482300 0 16.430700 -9.554440 219.482000 190.106000 -13 1180 1 0 1.000000
1.198230 -46.490000 0 10.239400 -7.865120 219.742000 190.019000 -13 1181 1 0 1.000000
-39.579300 26.736500 0 15.148400 -49.656700 251.245000 189.937000 -13 1182 1 0 1.000000
-69.334800 -39.199800 0 -14.790900 -52.793900 225.678000 191.085000 -13 1183 1 0 1.000000
0.544002 -12.558900 0 -12.447700 3.201740 209.591000 189.951000 -13 1184 1 0 1.000000
-7.261770 -25.272100 0 2.602940 -11.242000 211.302000 189.898000 -13 1185 1 0 1.000000
3.904590 8.733900 0 -6.286460 -15.840700 200.992000 189.938000 -13 1186 1 0 1.000000
-20.776000 -24.753100 0 4.085500 -2.612090 210.993000 190.020000 -13 1187 1 0 1.000000
-2.782110 -32.480600 0 0.050322 -22.661800 216.712000 190.002000 -13 1188 1 0 1.000000
-0.401301 -21.618700 0 -7.377700 -1.982550 209.169000 189.956000 -13 1189 1 0 1.000000
-0.290636 -23.446500 0 3.761020 -4.537780 208.494000 189.981000 -13 1190 1 0 1.000000
-6.346210 -25.802000 0 -7.667220 -1.917020 212.067000 189.931000 -13 1191 1 0 1.000000
11.289400 -6.718870 0 -5.066310 3.727480 211.930000 189.965000 -13 1192 1 0 1.000000
-16.110400 -41.771100 0 -13.851300 -1.684400 218.638000 190.010000 -13 1193 1 0 1.000000
-31.049100 -30.464600 0 17.304500 -14.506300 202.609000 190.421000 -13 1194 1 0 1.000000
-7.586580 -28.170500 0 4.256560 -6.812400 196.612000 190.382000 -13 1195 1 0 1.000000
-45.964500 -9.889660 0 8.909810 -0.892247 206.776000 190.497000 -13 1196 1 0 1.000000
16.423500 -33.398000 0 -3.123500 -3.685360 195.735000 190.304000 -13 1197 1 0 1.000000
-2.041880 -13.566200 0 6.184700 -12.050600 203.212000 190.442000 -13 1198 1 0 1.000000
-15.305200 -29.949600 0 18.357400 -0.167209 201.118000 190.393000 -13 1199 1 0 1.000000
8.231400 -25.466000 0 15.047100 1.963370 191.126000 190.416000 -13 1200 1 0 1.000000
-16.898800 -10.002300 0 13.627300 -3.754760 198.143000 190.444000 -13 1201 1 0 1.000000
-16.751500 12.661000 0 8.199720 -11.306600 203.256000 190.288000 -13 1202 1 0 1.000000
4.750590 7.806680 0 6.907680 1.383150 194.321000 190.421000 -13 1203 1 0 1.000000
-0.745386 -14.052300 0 7.041650 12.850800 191.889000 190.862000 -13 1204 1 0 1.000000
-32.246100 -8.128750 0 6.006440 11.581500 197.581000 190.876000 -13 1205 1 0 1.000000
-9.489380 67.685400 0 6.325310 -20.703800 193.439000 190.074000 -13 1206 1 0 1.000000
-27.778100 -29.008900 0 3.339190 10.119300 210.218000 190.705000 -13 1207 1 0 1.000000
-6.758690 -12.322800 0 -21.534400 -21.533700 219.088000 190.439000 -13 1208 1 0 1.000000
-10.762100 -50.988900 0 -13.055100 -16.861500 227.434000 190.507000 -13 1209 1 0 1.000000
-8.539450 12.330700 0 6.866520 8.814190 137.395000 191.926000 -13 1210 1 0 1.000000
-16.791900 -1.497240 0 -32.157100 27.369300 202.287000 189.659000 -13 1211 1 0 1.000000
-5.396360 -21.890600 0 12.249100 -12.625800 192.337000 190.399000 -13 1212 1 0 1.000000
-5.155440 -7.307220 0 -22.660800 16.070800 210.892000 189.618000 -13 1213 1 0 1.000000
-1.864380 -5.295390 0 -3.222020 4.662200 187.496000 189.635000 -13 1214 1 0 1.000000
10.073800 -22.341100 0 7.207830 -6.330100 179.364000 190.277000 -13 1215 1 0 1.000000
18.390200 -27.562600 0 -9.516610 -15.514100 194.333000 190.379000 -13 1216 1 0 1.000000
-2.409680 -2.856530 0 18.319700 -21.935300 181.482000 191.343000 -13 1217 1 0 1.000000
17.666300 -29.688400 0 -18.229200 19.994100 238.575000 189.701000 -13 1218 1 0 1.000000
-34.238000 6.301030 0 5.102130 -9.668560 178.986000 190.096000 -13 1219 1 0 1.000000
-18.026400 -25.202000 0 10.756300 -6.388960 177.208000 190.165000 -13 1220 1 0 1.000000
-14.941100 8.448130 0 -39.693400 23.718100 203.500000 189.689000 -13 1221 1 0 1.000000
-3.493980 -27.727500 0 21.767400 6.540080 193.092000 190.276000 -13 1222 1 0 1.000000
8.515720 -50.076500 0 30.206700 -7.441360 195.336000 190.515000 -13 1223 1 0 1.000000
-24.921700 -18.220200 0 19.561100 -11.339500 183.767000 190.164000 -13 1224 1 0 1.000000
-13.355000 -11.117800 0 8.121450 1.252400 172.680000 190.062000 -13 1225 1 0 1.000000
-20.259800 -38.432500 0 10.394900 -4.564090 186.898000 190.385000 -13 1226 1 0 1.000000
6.551740 -27.663700 0 29.565700 -4.318860 201.244000 190.455000 -13 1227 1 0 1.000000
16.301100 -43.108700 0 11.156400 14.965800 219.033000 189.654000 -13 1228 1 0 1.000000
35.144900 -54.081100 0 -1.250970 2.556310 194.078000 189.864000 -13 1229 1 0 1.000000
-28.084700 -51.184000 0 20.880300 -1.607510 257.352000 190.118000 -13 1230 1 0 1.000000
-6.221730 -13.641000 0 29.058000 -30.590400 235.498000 189.769000 -13 1231 1 0 1.000000
18.028100 -42.399200 0 -14.345300 13.278800 248.658000 189.919000 -13 1232 1 0 1.000000
10.721000 -15.858600 0 -12.562600 -1.168620 180.551000 189.597000 -13 1233 1 0 1.000000
1.671410 -51.807400 0 -26.759500 24.316400 235.383000 190.335000 -13 1234 1 0 1.000000
-13.216400 -4.801560 0 -28.858400 11.074200 176.566000 189.942000 -13 1235 1 0 1.000000
33.138800 4.018430 0 -3.114570 17.381400 221.397000 190.042000 -13 1236 1 0 1.000000
17.642700 8.748530 0 -4.158320 7.237500 216.591000 190.096000 -13 1237 1 0 1.000000
33.618800 -13.948800 0 -18.824700 0.883121 216.434000 190.069000 -13 1238 1 0 1.000000
6.772970 9.224660 0 -7.672490 5.894960 216.105000 189.981000 -13 1239 1 0 1.000000
2.500340 -6.589850 0 -5.259150 -4.149950 216.722000 190.014000 -13 1240 1 0 1.000000
27.074100 19.483900 0 -6.231340 9.460650 223.585000 190.018000 -13 1241 1 0 1.000000
8.196590 6.769830 0 -11.991700 23.918500 225.512000 190.061000 -13 1242 1 0 1.000000
13.344900 15.647200 0 -8.377970 -5.649150 225.049000 190.005000 -13 1243 1 0 1.000000
-14.081100 3.010970 0 -11.980100 -10.697100 217.581000 190.175000 -13 1244 1 0 1.000000
-14.717600 -16.188400 0 18.400200 -20.418400 224.044000 189.876000 -13 1245 1 0 1.000000
-60.299800 13.945200 0 13.233300 -15.862500 225.013000 189.737000 -13 1246 1 0 1.000000
-12.307700 -30.284900 0 6.917560 -13.315700 209.669000 189.925000 -13 1247 1 0 1.000000
-41.675200 -26.729900 0 -3.391080 -0.087863 208.296000 189.838000 -13 1248 1 0 1.000000
-17.942700 -24.614500 0 14.833500 -16.116000 217.166000 189.902000 -13 1249 1 0 1.000000
-20.596600 6.317490 0 -3.898190 2.596290 209.778000 189.812000 -13 1250 1 0 1.000000
0.343450 -13.191200 0 3.010520 2.751600 213.187000 190.080000 -13 1251 1 0 1.000000
-7.575460 -19.851000 0 10.466400 -10.268200 211.102000 189.999000 -13 1252 1 0 1.000000
-43.869000 -10.044600 0 5.562850 -11.077800 202.113000 189.937000 -13 1253 1 0 1.000000
-34.364800 -6.363210 0 6.620300 8.535650 218.795000 190.184000 -13 1254 1 0 1.000000
-0.559540 9.947570 0 -8.988510 0.148332 218.027000 190.249000 -13 1255 1 0 1.000000
-15.002000 -16.384300 0 -3.235280 10.848200 221.282000 190.268000 -13 1256 1 0 1.000000
-12.161500 -8.430480 0 0.605815 1.635980 218.148000 190.136000 -13 1257 1 0 1.000000
-28.638400 5.356180 0 8.577400 -10.337900 220.064000 190.218000 -13 1258 1 0 1.000000
-21.748500 -21.644100 0 -13.033500 6.912410 222.739000 190.257000 -13 1259 1 0 1.000000
-27.697700 -20.401000 0 -8.458040 -0.019579 223.002000 190.275000 -13 1260 1 0 1.000000
-25.334100 -20.980100 0 -5.484640 8.953820 219.307000 190.075000 -13 1261 1 0 1.000000
3.046590 -21.686900 0 2.403450 -6.028990 218.742000 190.173000 -13 1262 1 0 1.000000
-8.754210 -33.793900 0 -10.673700 -1.959860 218.124000 190.225000 -13 1263 1 0 1.000000
3.252790 -34.685100 0 -5.461050 -16.547800 219.092000 190.200000 -13 1264 1 0 1.000000
7.403540 -4.002920 0 7.228450 11.766000 217.408000 190.150000 -13 1265 1 0 1.000000
-7.199940 -23.020400 0 15.419900 -17.501200 214.005000 190.335000 -13 1266 1 0 1.000000
-34.787700 17.165200 0 21.195700 -27.746700 229.117000 190.397000 -13 1267 1 0 1.000000
-1.351210 -23.201700 0 5.735130 -16.820600 223.281000 190.125000 -13 1268 1 0 1.000000
-4.926170 -16.457000 0 -8.968240 -7.832340 220.188000 190.161000 -13 1269 1 0 1.000000
-15.624800 -31.211400 0 -5.505610 -6.501240 218.285000 190.302000 -13 1270 1 0 1.000000
6.656310 -51.377900 0 -1.413290 -2.577940 223.929000 190.392000 -13 1271 1 0 1.000000
20.250600 -11.949900 0 -2.061850 7.451760 202.412000 190.129000 -13 1272 1 0 1.000000
-4.745640 -5.388620 0 22.280900 -3.238060 206.242000 190.170000 -13 1273 1 0 1.000000
1.286210 -13.776500 0 15.130100 6.030880 200.825000 190.044000 -13 1274 1 0 1.000000
-0.927298 8.709090 0 8.638500 -1.655490 197.593000 190.177000 -13 1275 1 0 1.000000
-22.157200 -41.944400 0 14.554500 7.267300 191.493000 190.110000 -13 1276 1 0 1.000000
-7.722860 -3.546810 0 13.311100 -0.211386 206.053000 190.066000 -13 1277 1 0 1.000000
-6.067000 -37.766800 0 4.349020 9.845930 202.729000 190.062000 -13 1278 1 0 1.000000
16.626000 -1.254330 0 15.240600 7.443010 210.396000 190.119000 -13 1279 1 0 1.000000
-27.635100 -78.729100 0 -10.696600 10.094200 220.082000 190.135000 -13 1280 1 0 1.000000
-24.752600 -11.077400 0 -3.300360 2.474180 203.533000 190.004000 -13 1281 1 0 1.000000
-21.447300 -26.265200 0 -3.136240 10.005000 205.229000 189.980000 -13 1282 1 0 1.000000
-30.419200 -36.137400 0 2.029400 -2.099170 204.693000 189.932000 -13 1283 1 0 1.000000
0.128217 -20.411300 0 -5.299220 6.018760 207.258000 190.040000 -13 1284 1 0 1.000000
21.134300 -36.294600 0 -4.079930 -2.558590 202.823000 190.128000 -13 1285 1 0 1.000000
-20.945100 -22.851400 0 -12.767800 -5.945670 213.929000 190.032000 -13 1286 1 0 1.000000
-0.839023 0.953429 0 6.227280 2.773050 203.924000 190.029000 -13 1287 1 0 1.000000
-4.140690 -26.153000 0 -10.751600 -1.174180 196.816000 189.979000 -13 1288 1 0 1.000000
-32.617300 -18.528900 0 -10.509800 8.565240 203.707000 189.943000 -13 1289 1 0 1.000000
-2.669970 -38.333000 0 -3.048600 3.230530 199.086000 190.044000 -13 1290 1 0 1.000000
-31.882900 -7.566160 0 -19.589800 2.789280 210.381000 190.078000 -13 1291 1 0 1.000000
14.873800 -26.989100 0 -14.628700 28.520500 214.162000 190.265000 -13 1292 1 0 1.000000
-10.076600 5.489770 0 -4.211690 16.383700 212.102000 190.272000 -13 1293 1 0 1.000000
5.240160 -9.035210 0 -12.470800 20.782100 212.593000 190.072000 -13 1294 1 0 1.000000
7.093420 -4.613370 0 -17.720100 17.680900 206.521000 190.102000 -13 1295 1 0 1.000000
-17.425700 1.441710 0 -11.318000 0.732228 211.390000 190.279000 -13 1296 1 0 1.000000
12.558400 -14.205300 0 -21.724000 12.304500 211.602000 190.100000 -13 1297 1 0 1.000000
8.555630 20.708600 0 -18.053100 3.936760 214.617000 190.116000 -13 1298 1 0 1.000000
-1.889420 3.182740 0 -23.561700 0.622930 221.674000 190.130000 -13 1299 1 0 1.000000
-6.766900 -16.056900 0 -12.961800 -0.353010 188.533000 190.591000 -13 1300 1 0 1.000000
55.655700 -26.407300 0 -16.642200 -8.466440 188.099000 190.786000 -13 1301 1 0 1.000000
20.295600 -15.958800 0 -9.775890 -17.526200 189.496000 190.456000 -13 1302 1 0 1.000000
-20.448100 -7.484950 0 31.890100 19.979500 190.408000 190.119000 -13 1303 1 0 1.000000
28.906600 -9.825910 0 -14.748800 -9.278250 202.086000 190.465000 -13 1304 1 0 1.000000
14.602600 -2.069420 0 -10.445200 -12.892700 196.062000 190.378000 -13 1305 1 0 1.000000
42.053300 -17.226000 0 10.372400 -14.446600 196.311000 190.350000 -13 1306 1 0 1.000000
30.568200 -0.499847 0 -6.365070 3.702580 201.990000 190.427000 -13 1307 1 0 1.000000
42.326800 -12.706800 0 10.812600 -14.650300 193.070000 190.554000 -13 1308 1 0 1.000000
2.705970 -6.899040 0 0.144960 9.502980 218.540000 190.221000 -13 1309 1 0 1.000000
22.302100 -11.884500 0 10.077600 18.014200 226.381000 190.143000 -13 1310 1 0 1.000000
24.598600 -25.763900 0 -1.922750 23.839900 222.990000 190.127000 -13 1311 1 0 1.000000
9.008390 -3.324860 0 -8.300850 18.223700 222.124000 190.101000 -13 1312 1 0 1.000000
8.327800 -10.441000 0 -8.512270 10.422500 218.728000 190.032000 -13 1313 1 0 1.000000
0.317745 11.615900 0 -17.902100 13.434100 228.182000 190.044000 -13 1314 1 0 1.000000
35.521300 26.720900 0 -15.879800 16.285900 223.352000 190.683000 -13 1315 1 0 1.000000
8.015920 -34.713300 0 -5.608150 25.179600 221.530000 189.972000 -13 1316 1 0 1.000000
23.127200 -16.612200 0 -5.376020 18.088100 227.658000 190.100000 -13 1317 1 0 1.000000
34.448600 -38.866700 0 5.255400 18.383200 231.350000 190.226000 -13 1318 1 0 1.000000
0.194880 -25.255600 0 -3.548560 -2.112640 208.128000 189.917000 -13 1319 1 0 1.000000
6.102580 -21.459100 0 1.922350 -27.097300 221.006000 189.981000 -13 1320 1 0 1.000000
-29.763700 -51.364800 0 -10.490700 -8.884840 230.837000 190.008000 -13 1321 1 0 1.000000
-7.643810 -50.153900 0 -3.480840 3.955010 216.548000 189.937000 -13 1322 1 0 1.000000
-2.736110 -26.129300 0 4.450130 -30.787700 217.123000 189.922000 -13 1323 1 0 1.000000
-33.248300 -47.835600 0 -4.052990 -9.732950 221.357000 189.959000 -13 1324 1 0 1.000000
-7.940530 -9.381760 0 -12.842800 -31.630000 230.604000 190.165000 -13 1325 1 0 1.000000
30.322900 18.213400 0 -7.763220 -24.377200 222.205000 189.931000 -13 1326 1 0 1.000000
-21.629500 -37.517000 0 -5.953740 -13.725000 221.546000 189.929000 -13 1327 1 0 1.000000
2.765530 -35.932500 0 -11.909500 -18.144300 214.493000 190.136000 -13 1328 1 0 1.000000
-21.459100 -14.808100 0 -17.147700 -12.925300 177.521000 190.260000 -13 1329 1 0 1.000000
-28.391800 -5.441040 0 -9.047780 -6.069860 194.066000 190.338000 -13 1330 1 0 1.000000
-25.817800 -26.395800 0 -0.484722 -2.455630 199.707000 190.336000 -13 1331 1 0 1.000000
-10.637500 -8.983090 0 55.607900 36.331000 225.445000 189.890000 -13 1332 1 0 1.000000
-10.369600 -26.021000 0 -16.462400 -4.187540 181.761000 190.183000 -13 1333 1 0 1.000000
5.334940 -31.493400 0 -20.689100 -4.340350 186.516000 190.340000 -13 1334 1 0 1.000000
-21.358200 -27.064000 0 3.422380 4.019690 186.706000 190.403000 -13 1335 1 0 1.000000
-22.310900 -19.480600 0 2.116310 -3.548120 201.238000 190.321000 -13 1336 1 0 1.000000
-22.605500 -32.111300 0 -19.823600 -8.611780 187.894000 190.186000 -13 1337 1 0 1.000000
-11.860900 -0.659332 0 -17.305200 -15.642400 184.797000 190.194000 -13 1338 1 0 1.000000
2.208270 17.730300 0 9.153240 -12.775100 214.897000 190.445000 -13 1339 1 0 1.000000
21.359600 23.835700 0 -0.091925 -10.926900 227.874000 190.277000 -13 1340 1 0 1.000000
-43.677400 27.224800 0 27.525100 9.676650 208.987000 190.623000 -13 1341 1 0 1.000000
-30.924000 21.170700 0 13.300600 17.594100 219.569000 190.415000 -13 1342 1 0 1.000000
-4.750270 16.744800 0 11.034100 15.765400 205.706000 190.636000 -13 1343 1 0 1.000000
1.735630 -10.688900 0 -2.736230 5.522070 225.192000 190.259000 -13 1344 1 0 1.000000
7.685150 16.547900 0 -2.116230 7.577900 217.725000 190.443000 -13 1345 1 0 1.000000
-3.009230 30.699900 0 4.164400 -2.831360 217.100000 190.266000 -13 1346 1 0 1.000000
16.424400 57.669700 0 4.331050 -2.679640 224.298000 190.464000 -13 1347 1 0 1.000000
9.662990 9.416660 0 20.418400 8.357990 196.434000 190.147000 -13 1348 1 0 1.000000
-22.556800 12.612200 0 -8.946560 -6.658330 204.200000 190.114000 -13 1349 1 0 1.000000
-10.719100 -15.448300 0 -8.982080 9.959390 197.521000 190.087000 -13 1350 1 0 1.000000
6.340210 -20.022000 0 -18.612600 15.463300 191.655000 190.153000 -13 1351 1 0 1.000000
16.569300 -10.132300 0 -16.648400 9.771350 195.313000 190.108000 -13 1352 1 0 1.000000
-14.716500 -2.475150 0 -7.182770 14.690400 199.737000 190.198000 -13 1353 1 0 1.000000
10.331100 -52.298300 0 5.213350 26.269900 212.093000 190.148000 -13 1354 1 0 1.000000
21.878900 -4.804520 0 -4.555780 9.733070 206.261000 190.118000 -13 1355 1 0 1.000000
6.540430 -3.928860 0 2.053730 10.881100 207.188000 190.157000 -13 1356 1 0 1.000000
-17.587900 8.641080 0 -2.605680 6.505550 208.586000 190.205000 -13 1357 1 0 1.000000
-21.138800 4.614130 0 10.014000 -19.475200 203.380000 190.346000 -13 1358 1 0 1.000000
46.587700 -31.166300 0 43.097000 -16.159800 139.324000 192.244000 -13 1359 1 0 1.000000
-12.669500 -32.189000 0 1.144750 -30.727500 194.493000 190.200000 -13 1360 1 0 1.000000
-11.834600 -27.203100 0 4.099170 -7.364530 197.541000 190.323000 -13 1361 1 0 1.000000
-2.596610 -48.861000 0 6.339150 -9.488950 186.414000 190.322000 -13 1362 1 0 1.000000
-39.314900 -36.084100 0 17.268800 -9.658090 194.176000 190.317000 -13 1363 1 0 1.000000
5.322710 -22.856300 0 -4.662540 -21.877800 194.681000 190.218000 -13 1364 1 0 1.000000
-7.328230 -32.829700 0 1.193450 -16.136800 202.783000 190.197000 -13 1365 1 0 1.000000
-18.854400 -27.542200 0 3.956710 -23.433400 204.179000 190.286000 -13 1366 1 0 1.000000
9.981840 -31.323300 0 5.784430 5.425320 194.879000 190.372000 -13 1367 1 0 1.000000
32.281000 -16.236600 0 17.653700 -16.671000 197.830000 189.649000 -13 1368 1 0 1.000000
-4.714540 -2.041870 0 -9.675200 8.367810 189.652000 190.222000 -13 1369 1 0 1.000000
-13.057700 14.986000 0 11.192400 -8.258440 204.652000 190.508000 -13 1370 1 0 1.000000
6.452040 -15.376900 0 -35.756900 22.225100 178.340000 190.189000 -13 1371 1 0 1.000000
39.268700 -20.288700 0 -4.145280 -5.907890 180.320000 189.988000 -13 1372 1 0 1.000000
-8.828510 -25.185800 0 -35.785100 7.032010 176.733000 190.108000 -13 1373 1 0 1.000000
14.320700 -31.125600 0 -27.067100 -5.110330 176.257000 190.258000 -13 1374 1 0 1.000000
-15.230200 -2.503250 0 41.646500 -14.010100 228.713000 189.768000 -13 1375 1 0 1.000000
15.557500 -60.241600 0 4.925390 20.436300 202.249000 190.407000 -13 1376 1 0 1.000000
4.810840 -3.701920 0 -1.630090 4.415670 212.784000 190.444000 -13 1377 1 0 1.000000
14.560700 -1.231110 0 -2.419060 8.327310 217.136000 190.246000 -13 1378 1 0 1.000000
-4.899530 21.383700 0 -1.440680 -5.031370 201.172000 190.515000 -13 1379 1 0 1.000000
8.222850 10.345300 0 -0.742821 -3.412420 213.150000 190.415000 -13 1380 1 0 1.000000
4.340330 2.290810 0 -14.637000 9.947580 224.128000 190.208000 -13 1381 1 0 1.000000
-5.900060 11.006300 0 6.104970 22.694700 208.163000 190.689000 -13 1382 1 0 1.000000
17.092700 14.844000 0 -16.646100 17.835300 213.575000 190.311000 -13 1383 1 0 1.000000
41.413400 -2.334710 0 0.048214 1.174900 195.078000 190.610000 -13 1384 1 0 1.000000
-13.051600 -66.298400 0 12.620600 0.434171 211.389000 190.235000 -13 1385 1 0 1.000000
-1.775440 -12.123600 0 12.607900 -14.646100 197.287000 189.919000 -13 1386 1 0 1.000000
-31.254500 -26.529800 0 26.597200 -8.454550 217.074000 189.922000 -13 1387 1 0 1.000000
2.723530 -2.506410 0 15.643800 -19.070400 211.893000 189.953000 -13 1388 1 0 1.000000
3.716180 -3.223550 0 10.840500 -4.659380 203.846000 189.830000 -13 1389 1 0 1.000000
23.722300 -33.143500 0 13.169800 -21.060900 208.616000 189.967000 -13 1390 1 0 1.000000
6.627800 -28.415300 0 17.915000 -11.418300 200.853000 189.987000 -13 1391 1 0 1.000000
-64.865900 26.031700 0 -2.581980 -1.580430 224.063000 189.741000 -13 1392 1 0 1.000000
23.385700 -32.689400 0 17.717600 9.653270 190.986000 190.045000 -13 1393 1 0 1.000000
-10.038800 14.598000 0 18.076300 -11.143700 214.319000 189.836000 -13 1394 1 0 1.000000
5.329280 -9.147240 0 14.869200 2.651310 200.051000 189.943000 -13 1395 1 0 1.000000
-17.389900 8.455290 0 11.214700 5.564170 196.099000 190.012000 -13 1396 1 0 1.000000
-17.380700 17.449800 0 15.837800 0.840382 202.877000 190.107000 -13 1397 1 0 1.000000
0.101434 -0.869029 0 11.807200 1.481500 201.300000 189.984000 -13 1398 1 0 1.000000
1.095020 -11.008800 0 11.641000 8.410890 198.186000 189.945000 -13 1399 1 0 1.000000
-19.304300 -39.913500 0 5.956250 9.123410 196.311000 189.885000 -13 1400 1 0 1.000000
7.652310 1.230060 0 9.094620 12.343900 190.406000 189.975000 -13 1401 1 0 1.000000
-26.484800 -27.200700 0 7.791390 30.281100 207.152000 190.037000 -13 1402 1 0 1.000000
-32.863100 -59.201800 0 -7.704690 25.365500 208.890000 190.013000 -13 1403 1 0 1.000000
-20.257600 0.168475 0 13.555300 9.727030 205.921000 189.907000 -13 1404 1 0 1.000000
-4.953430 -10.483400 0 7.722220 14.387700 196.443000 189.878000 -13 1405 1 0 1.000000
-14.545600 13.817500 0 1.057420 11.975400 206.800000 189.939000 -13 1406 1 0 1.000000
-21.025500 8.343320 0 -0.332012 6.883120 201.218000 189.946000 -13 1407 1 0 1.000000
10.166000 22.951800 0 6.447140 -2.610660 210.171000 190.170000 -13 1408 1 0 1.000000
0.743644 11.769500 0 6.776460 -6.523010 206.832000 190.057000 -13 1409 1 0 1.000000
-18.675600 5.790010 0 3.173420 -0.218727 196.260000 190.045000 -13 1410 1 0 1.000000
4.939670 -0.973637 0 -2.842150 1.815800 202.976000 190.054000 -13 1411 1 0 1.000000
11.881600 14.756300 0 -5.223490 -0.427081 200.334000 190.068000 -13 1412 1 0 1.000000
25.402600 29.182500 0 0.744629 -7.647500 207.813000 190.172000 -13 1413 1 0 1.000000
2.895840 4.760270 0 8.986980 -2.485430 204.028000 190.162000 -13 1414 1 0 1.000000
-16.662300 7.656460 0 3.291000 -6.017370 218.095000 189.949000 -13 1415 1 0 1.000000
-39.898300 16.413800 0 8.001350 6.473430 197.826000 189.905000 -13 1416 1 0 1.000000
-14.984000 -7.547360 0 11.850300 -4.300210 193.563000 189.887000 -13 1417 1 0 1.000000
3.005440 -6.635790 0 -3.959420 -5.675890 198.656000 189.998000 -13 1418 1 0 1.000000
10.827900 -41.203200 0 8.078570 -7.487040 197.098000 189.837000 -13 1419 1 0 1.000000
-27.654600 -7.790980 0 1.158300 5.993090 199.176000 189.931000 -13 1420 1 0 1.000000
14.779600 -12.345900 0 15.374600 1.969460 193.149000 189.997000 -13 1421 1 0 1.000000
8.357780 -8.066700 0 11.341900 5.922390 189.672000 190.031000 -13 1422 1 0 1.000000
-7.955910 -16.198200 0 -6.368690 -8.855750 195.408000 190.008000 -13 1423 1 0 1.000000
-25.605300 -1.100090 0 15.768700 13.014400 205.660000 189.785000 -13 1424 1 0 1.000000
-4.578740 -0.533897 0 17.572200 0.561822 190.434000 189.964000 -13 1425 1 0 1.000000
-50.347700 10.327300 0 29.682700 -5.559460 209.918000 190.267000 -13 1426 1 0 1.000000
4.621570 -27.073200 0 0.533735 -5.613580 205.921000 190.379000 -13 1427 1 0 1.000000
0.926167 -16.303100 0 52.985600 0.090432 198.156000 190.468000 -13 1428 1 0 1.000000
11.194700 -28.892300 0 -6.520750 22.297100 204.870000 190.302000 -13 1429 1 0 1.000000
-13.409000 -8.829360 0 10.756600 -15.887700 192.731000 190.339000 -13 1430 1 0 1.000000
-5.820630 26.893500 0 2.610350 -11.435800 205.898000 190.391000 -13 1431 1 0 1.000000
10.008100 -24.756700 0 -12.495400 -3.530860 205.938000 190.395000 -13 1432 1 0 1.000000
10.872200 -16.263600 0 24.657400 -0.237862 199.145000 190.504000 -13 1433 1 0 1.000000
3.893220 6.740530 0 2.619090 0.379114 196.638000 190.219000 -13 1434 1 0 1.000000
4.860970 -14.166200 0 -1.022730 -9.975030 200.473000 190.285000 -13 1435 1 0 1.000000
54.722800 -25.851100 0 -37.373900 -0.312965 242.904000 190.253000 -13 1436 1 0 1.000000
2.092690 -41.798400 0 -2.344340 -55.635400 218.288000 189.845000 -13 1437 1 0 1.000000
3.448910 -54.785900 0 -34.447500 8.923000 217.741000 190.894000 -13 1438 1 0 1.000000
-8.102260 -43.375300 0 -22.455300 -8.197260 251.681000 189.843000 -13 1439 1 0 1.000000
23.226300 -17.036300 0 -18.580300 -0.860441 215.656000 189.645000 -13 1440 1 0 1.000000
0.394469 -21.901300 0 -8.796020 14.175100 177.610000 190.148000 -13 1441 1 0 1.000000
20.324200 -19.268400 0 -3.901080 -13.746300 181.114000 189.850000 -13 1442 1 0 1.000000
26.921300 -25.890100 0 -14.804600 -13.234600 180.906000 189.873000 -13 1443 1 0 1.000000
-6.113840 9.861910 0 -4.634280 4.857650 182.298000 190.115000 -13 1444 1 0 1.000000
-18.303000 0.734420 0 -5.836900 -5.324820 180.904000 190.104000 -13 1445 1 0 1.000000
10.686200 -15.995400 0 -7.877520 1.026500 176.736000 190.078000 -13 1446 1 0 1.000000
-23.960700 -9.124620 0 5.498040 -9.443870 197.464000 190.169000 -13 1447 1 0 1.000000
-23.767200 -12.900200 0 14.438700 -7.069590 191.453000 190.231000 -13 1448 1 0 1.000000
6.566860 -7.450660 0 6.183640 1.016730 173.253000 190.033000 -13 1449 1 0 1.000000
14.488400 7.553250 0 -22.043200 -7.149720 188.695000 190.220000 -13 1450 1 0 1.000000
-12.016400 1.074040 0 -10.993600 -19.846900 195.444000 190.343000 -13 1451 1 0 1.000000
-29.946600 -7.086030 0 -7.680520 -7.746960 189.459000 190.427000 -13 1452 1 0 1.000000
-22.757000 -3.549120 0 -7.074920 -6.807660 196.135000 190.367000 -13 1453 1 0 1.000000
-41.845400 14.864400 0 -13.063300 -18.111400 203.413000 190.427000 -13 1454 1 0 1.000000
-22.185800 -26.707300 0 -13.626200 -8.371520 191.192000 190.297000 -13 1455 1 0 1.000000
4.624390 21.292100 0 -24.967100 -12.861100 191.115000 190.317000 -13 1456 1 0 1.000000
-31.642300 16.701400 0 -1.910660 -4.262820 195.417000 190.333000 -13 1457 1 0 1.000000
-14.210300 -16.356400 0 -13.894500 -3.186850 221.171000 190.236000 -13 1458 1 0 1.000000
-11.631000 -27.227500 0 -12.314700 9.450420 219.927000 190.087000 -13 1459 1 0 1.000000
25.817000 -48.759700 0 -27.208900 -1.848790 206.130000 190.251000 -13 1460 1 0 1.000000
-15.672100 -19.083300 0 -9.524360 5.408440 225.609000 190.114000 -13 1461 1 0 1.000000
-21.504500 -11.155100 0 -18.257400 -8.461560 216.328000 190.114000 -13 1462 1 0 1.000000
-8.484140 -31.165200 0 -2.233750 10.848600 206.549000 190.167000 -13 1463 1 0 1.000000
-19.120200 -12.354000 0 -8.683780 2.619020 225.966000 190.082000 -13 1464 1 0 1.000000
-2.046930 -15.790400 0 -18.805700 22.434300 221.924000 190.234000 -13 1465 1 0 1.000000
-42.528500 22.098500 0 -15.960100 21.368000 206.078000 190.147000 -13 1466 1 0 1.000000
-3.682060 -0.980634 0 -32.942400 10.227400 187.891000 190.096000 -13 1467 1 0 1.000000
33.767400 -21.458200 0 -40.703900 18.503300 195.489000 190.016000 -13 1468 1 0 1.000000
-19.476900 20.471400 0 -21.266100 -2.429170 187.580000 190.125000 -13 1469 1 0 1.000000
-9.862280 0.588535 0 2.769510 16.870100 179.323000 190.103000 -13 1470 1 0 1.000000
9.691170 -10.561500 0 57.109100 -40.110000 223.415000 190.022000 -13 1471 1 0 1.000000
-26.874500 39.151300 0 2.075710 8.073000 208.890000 190.314000 -13 1472 1 0 1.000000
2.216390 -11.832300 0 -36.536200 21.783700 204.914000 190.111000 -13 1473 1 0 1.000000
-22.842100 49.485500 0 4.675490 16.393000 211.570000 190.291000 -13 1474 1 0 1.000000
5.995950 -13.894000 0 1.781960 20.691800 184.759000 189.804000 -13 1475 1 0 1.000000
18.406000 -24.388300 0 16.724600 -3.769660 186.388000 189.673000 -13 1476 1 0 1.000000
5.316690 -27.376900 0 0.949841 -6.731300 175.390000 189.768000 -13 1477 1 0 1.000000
17.582000 6.639360 0 6.070440 -10.200000 187.320000 190.122000 -13 1478 1 0 1.000000
14.863700 7.308170 0 1.143500 9.906720 181.823000 190.073000 -13 1479 1 0 1.000000
14.064500 -10.569800 0 9.903690 22.762500 182.634000 190.001000 -13 1480 1 0 1.000000
22.661600 -4.854290 0 -14.365700 17.661400 188.169000 190.068000 -13 1481 1 0 1.000000
36.269300 4.815420 0 -10.197800 -6.881220 190.797000 190.149000 -13 1482 1 0 1.000000
10.581200 -1.115070 0 17.183900 10.694000 180.452000 190.094000 -13 1483 1 0 1.000000
-6.616860 -11.465500 0 -10.431500 5.340800 219.195000 190.104000 -13 1484 1 0 1.000000
26.728700 -8.922780 0 -17.764100 0.499145 223.849000 190.385000 -13 1485 1 0 1.000000
8.730380 -9.111930 0 -18.602500 7.607240 229.865000 190.155000 -13 1486 1 0 1.000000
8.987890 -4.298600 0 -5.800010 6.150230 217.774000 190.062000 -13 1487 1 0 1.000000
24.219100 4.867980 0 -12.818300 0.421710 222.752000 190.296000 -13 1488 1 0 1.000000
3.852610 17.820900 0 -11.757400 22.905600 230.434000 190.267000 -13 1489 1 0 1.000000
-27.182400 -10.473600 0 -17.375500 3.661410 222.948000 190.150000 -13 1490 1 0 1.000000
14.947000 -7.098440 0 -14.523400 13.911900 224.525000 190.358000 -13 1491 1 0 1.000000
6.167620 -36.660000 0 -3.636120 14.986800 235.869000 190.153000 -13 1492 1 0 1.000000
-4.225960 -6.921020 0 -0.342442 -2.593920 226.661000 190.094000 -13 1493 1 0 1.000000
15.801900 -13.565200 0 30.896700 -4.065510 181.505000 190.074000 -13 1494 1 0 1.000000
-16.270900 -18.811900 0 0.551307 -11.227500 242.821000 190.283000 -13 1495 1 0 1.000000
8.046740 -18.990000 0 18.595900 -7.877750 177.016000 189.934000 -13 1496 1 0 1.000000
17.877700 -35.480700 0 -6.217510 -2.281700 172.714000 190.006000 -13 1497 1 0 1.000000
22.072800 -6.528550 0 -2.704680 12.060800 175.260000 190.175000 -13 1498 1 0 1.000000
-48.335800 -6.092720 0 -4.226550 1.432370 207.920000 189.563000 -13 1499 1 0 1.000000
1.927170 -16.723200 0 17.996900 -4.755590 173.638000 190.022000 -13 1500 1 0 1.000000
-32.268300 -20.806200 0 -6.514930 -10.592800 196.491000 189.621000 -13 1501 1 0 1.000000
1.284970 -17.228800 0 1.546720 3.271680 191.649000 189.692000 -13 1502 1 0 1.000000
-35.501600 -5.945670 0 2.626520 6.852980 207.024000 189.576000 -13 1503 1 0 1.000000
-15.440400 7.885400 0 -8.866040 4.576660 233.706000 190.193000 -13 1504 1 0 1.000000
-1.511000 -4.391780 0 -32.403600 9.778900 230.053000 190.649000 -13 1505 1 0 1.000000
-14.179600 22.056100 0 -5.995580 -0.831906 233.601000 190.341000 -13 1506 1 0 1.000000
-4.634220 35.412900 0 -5.652580 10.680400 229.914000 190.655000 -13 1507 1 0 1.000000
-18.889500 -8.730340 0 -9.168620 -15.647300 213.691000 190.728000 -13 1508 1 0 1.000000
16.872100 -72.055400 0 -0.685916 23.796200 194.704000 190.101000 -13 1509 1 0 1.000000
-26.047500 32.475000 0 -8.031750 4.312490 228.363000 190.532000 -13 1510 1 0 1.000000
-35.790500 17.071600 0 -7.893240 -4.584050 202.181000 190.806000 -13 1511 1 0 1.000000
-9.235060 5.144570 0 -21.164300 14.242800 234.962000 190.382000 -13 1512 1 0 1.000000
-40.138700 8.727950 0 9.350590 -20.944600 183.951000 191.180000 -13 1513 1 0 1.000000
42.459300 -16.244700 0 18.465200 6.056040 235.018000 190.210000 -13 1514 1 0 1.000000
15.350600 -35.568000 0 12.287300 10.006300 227.944000 190.102000 -13 1515 1 0 1.000000
13.185900 -29.734700 0 -0.113559 -1.534590 225.936000 189.959000 -13 1516 1 0 1.000000
36.231800 -22.413100 0 9.057280 7.403480 231.294000 190.484000 -13 1517 1 0 1.000000
-38.477200 9.727650 0 36.862100 -5.361780 226.276000 189.903000 -13 1518 1 0 1.000000
27.825600 -4.506900 0 -15.264000 7.124110 227.453000 190.578000 -13 1519 1 0 1.000000
37.432700 -9.939700 0 3.346600 -10.905700 225.358000 190.180000 -13 1520 1 0 1.000000
22.156700 -21.534700 0 18.979800 7.109790 233.088000 190.117000 -13 1521 1 0 1.000000
24.319000 -34.145600 0 -1.332600 -2.106650 223.854000 189.976000 -13 1522 1 0 1.000000
28.398600 1.899470 0 12.753200 -0.126568 236.330000 190.233000 -13 1523 1 0 1.000000
-7.306660 12.130200 0 -6.603200 10.646800 213.325000 189.792000 -13 1524 1 0 1.000000
22.552900 9.456110 0 -1.324960 6.627450 223.882000 189.866000 -13 1525 1 0 1.000000
6.222660 6.131050 0 -1.819510 15.198900 211.404000 189.867000 -13 1526 1 0 1.000000
-4.421130 4.318290 0 6.732790 -0.505941 217.609000 189.832000 -13 1527 1 0 1.000000
7.942650 6.404010 0 -1.137170 -5.651850 224.225000 189.799000 -13 1528 1 0 1.000000
-2.007640 -1.794030 0 -0.120017 -1.211960 211.064000 189.747000 -13 1529 1 0 1.000000
-11.242400 22.876200 0 -4.983870 1.087010 211.580000 189.888000 -13 1530 1 0 1.000000
-1.114320 22.989900 0 -13.887800 16.680100 214.152000 189.808000 -13 1531 1 0 1.000000
-1.852720 -8.404450 0 -8.366610 -5.349290 202.247000 189.873000 -13 1532 1 0 1.000000
-31.796700 4.134800 0 9.100800 -12.083300 210.588000 190.077000 -13 1533 1 0 1.000000
11.231000 -9.225660 0 10.714900 -2.855750 210.033000 190.068000 -13 1534 1 0 1.000000
-0.349430 -17.994800 0 24.609200 1.555050 198.283000 190.111000 -13 1535 1 0 1.000000
-14.789500 3.161900 0 6.980810 4.532980 205.002000 190.068000 -13 1536 1 0 1.000000
-16.163500 -2.205210 0 11.081700 -10.055900 209.689000 190.019000 -13 1537 1 0 1.000000
-10.679800 -9.390530 0 0.707075 12.440900 196.603000 190.018000 -13 1538 1 0 1.000000
-26.497800 7.654570 0 0.469164 1.398430 201.928000 189.960000 -13 1539 1 0 1.000000
14.292000 -18.747100 0 -1.601660 -10.735100 198.728000 190.125000 -13 1540 1 0 1.000000
-36.931900 -25.327500 0 6.487650 -24.338800 200.951000 191.081000 -13 1541 1 0 1.000000
-33.585600 -17.471300 0 -5.605610 1.133720 203.373000 189.916000 -13 1542 1 0 1.000000
9.698550 -24.156900 0 -2.688440 3.238600 221.013000 190.060000 -13 1543 1 0 1.000000
-1.408950 -21.150500 0 16.798100 2.986230 215.169000 190.073000 -13 1544 1 0 1.000000
40.426300 -36.203500 0 1.451090 9.457490 225.867000 190.253000 -13 1545 1 0 1.000000
15.171100 -14.235600 0 24.905300 -6.745910 223.323000 190.187000 -13 1546 1 0 1.000000
-10.116300 0.180852 0 -5.467820 -2.418740 221.876000 190.356000 -13 1547 1 0 1.000000
7.056130 -12.307900 0 14.611000 3.509180 213.286000 190.216000 -13 1548 1 0 1.000000
14.957200 -21.085600 0 1.750810 12.249400 216.371000 190.188000 -13 1549 1 0 1.000000
3.082920 0.624881 0 -5.202970 3.749100 221.122000 190.194000 -13 1550 1 0 1.000000
11.509400 -9.225200 0 1.617010 11.568500 217.832000 190.043000 -13 1551 1 0 1.000000
12.803800 -20.122500 0 3.022500 6.350440 207.769000 190.156000 -13 1552 1 0 1.000000
8.435880 -24.608600 0 1.613020 -14.524200 199.824000 190.039000 -13 1553 1 0 1.000000
1.900250 1.883150 0 11.402500 -7.996360 202.155000 190.003000 -13 1554 1 0 1.000000
19.045100 23.433900 0 4.664060 -11.406600 216.346000 190.035000 -13 1555 1 0 1.000000
28.945800 -14.317000 0 -5.959430 -9.660310 203.056000 190.083000 -13 1556 1 0 1.000000
4.423840 -9.907530 0 8.629400 -5.605910 199.300000 190.008000 -13 1557 1 0 1.000000
-4.270790 -15.278800 0 0.882528 5.670080 210.567000 190.098000 -13 1558 1 0 1.000000
-15.716300 11.989700 0 -0.017514 -8.517580 200.299000 190.089000 -13 1559 1 0 1.000000
32.487900 -16.542200 0 11.443100 -4.283220 212.978000 190.182000 -13 1560 1 0 1.000000
-6.769030 11.967200 0 9.103530 -13.874400 217.011000 189.982000 -13 1561 1 0 1.000000
15.764400 -29.532900 0 6.315570 -11.676300 211.908000 189.895000 -13 1562 1 0 1.000000
-26.273300 -32.021100 0 20.008600 0.604346 204.894000 190.090000 -13 1563 1 0 1.000000
-14.450100 -2.107450 0 17.909600 -4.945060 198.548000 190.040000 -13 1564 1 0 1.000000
-1.944430 -4.631090 0 11.722600 -12.696300 206.980000 190.022000 -13 1565 1 0 1.000000
-52.140100 -1.365890 0 -37.574000 3.242990 221.013000 190.073000 -13 1566 1 0 1.000000
-33.184600 -11.098700 0 11.858300 -13.168400 203.800000 190.064000 -13 1567 1 0 1.000000
-64.433800 5.518970 0 -15.447500 6.722490 215.136000 190.014000 -13 1568 1 0 1.000000
-12.897900 -8.860040 0 18.092600 -1.651500 194.156000 189.962000 -13 1569 1 0 1.000000
-33.012600 -4.041660 0 12.919400 -2.426890 203.683000 190.028000 -13 1570 1 0 1.000000
-44.136300 -29.724300 0 10.696900 -9.999930 211.215000 190.055000 -13 1571 1 0 1.000000
-24.203700 -29.546400 0 7.241910 15.369900 210.090000 190.093000 -13 1572 1 0 1.000000
13.390300 -19.750600 0 8.041050 -16.565300 214.475000 190.068000 -13 1573 1 0 1.000000
5.222900 -33.024900 0 0.350200 -1.782890 215.196000 190.011000 -13 1574 1 0 1.000000
-24.929600 12.085500 0 19.406900 -21.216200 211.965000 190.111000 -13 1575 1 0 1.000000
22.294800 -60.969000 0 1.451530 -7.699500 217.072000 190.015000 -13 1576 1 0 1.000000
-37.693500 1.868100 0 31.710100 -16.112100 213.651000 190.119000 -13 1577 1 0 1.000000
41.035500 -23.440000 0 -6.023800 -11.380800 216.123000 190.186000 -13 1578 1 0 1.000000
8.596440 -26.225200 0 10.968100 -10.616500 214.535000 190.151000 -13 1579 1 0 1.000000
41.998800 -28.692500 0 5.900150 1.715190 214.532000 190.117000 -13 1580 1 0 1.000000
-3.588110 12.810300 0 19.881400 -22.062000 219.619000 190.162000 -13 1581 1 0 1.000000
-8.991410 -11.243400 0 16.568300 -21.962400 221.591000 190.063000 -13 1582 1 0 1.000000
-7.918890 -47.278000 0 19.432500 -11.497200 208.338000 190.170000 -13 1583 1 0 1.000000
-35.504700 -45.589900 0 4.068130 -0.542878 202.056000 190.110000 -13 1584 1 0 1.000000
-50.640000 34.984600 0 4.863270 0.499358 218.564000 190.001000 -13 1585 1 0 1.000000
-34.177600 -20.165100 0 -2.589830 -14.417200 196.903000 189.892000 -13 1586 1 0 1.000000
-7.240120 -16.705900 0 14.774500 6.704700 193.237000 189.978000 -13 1587 1 0 1.000000
-7.796820 -10.399500 0 15.768700 -21.694900 201.527000 190.001000 -13 1588 1 0 1.000000
-22.798000 -16.760100 0 4.943490 -2.674770 210.276000 189.969000 -13 1589 1 0 1.000000
2.603300 -36.991500 0 4.786050 -4.795100 205.600000 190.200000 -13 1590 1 0 1.000000
-36.912600 -39.881200 0 9.541180 -13.273100 208.625000 190.101000 -13 1591 1 0 1.000000
17.550500 21.953100 0 -12.352700 8.499000 225.843000 190.236000 -13 1592 1 0 1.000000
30.454600 13.724200 0 -15.890300 10.744100 215.280000 190.265000 -13 1593 1 0 1.000000
13.926500 17.500600 0 -25.091900 15.335400 218.502000 190.187000 -13 1594 1 0 1.000000
14.192200 15.800900 0 -15.814800 24.137100 225.849000 190.285000 -13 1595 1 0 1.000000
26.524700 16.743200 0 -6.195550 26.193400 226.758000 190.243000 -13 1596 1 0 1.000000
-8.833920 7.620940 0 -18.675400 5.402210 219.011000 190.074000 -13 1597 1 0 1.000000
-6.084400 14.057000 0 -13.631600 7.427190 228.422000 190.349000 -13 1598 1 0 1.000000
1.579350 -12.615800 0 -11.248000 -1.320940 219.397000 190.195000 -13 1599 1 0 1.000000
0.007645 14.461500 0 -8.398660 16.774800 230.143000 190.271000 -13 1600 1 0 1.000000
-52.616400 -31.442200 0 7.935070 1.926050 232.809000 190.245000 -13 1601 1 0 1.000000
-25.070500 -27.961200 0 6.948380 -8.178850 230.407000 190.386000 -13 1602 1 0 1.000000
-26.751200 -21.446100 0 9.708020 -0.188805 228.634000 190.070000 -13 1603 1 0 1.000000
-4.053690 -24.208500 0 21.620400 0.191400 209.556000 190.820000 -13 1604 1 0 1.000000
15.481400 -36.739500 0 -6.617660 -6.008180 214.914000 190.587000 -13 1605 1 0 1.000000
-40.533400 -24.851100 0 12.628200 -22.566400 233.775000 190.267000 -13 1606 1 0 1.000000
-33.159500 -14.687300 0 17.953600 5.309070 232.390000 190.256000 -13 1607 1 0 1.000000
-0.650425 -16.648200 0 -2.976170 -1.856940 234.596000 190.205000 -13 1608 1 0 1.000000
-42.036400 -1.979930 0 -0.490789 -36.378100 224.120000 190.601000 -13 1609 1 0 1.000000
8.716300 -32.701300 0 -2.917250 -9.033590 235.293000 190.356000 -13 1610 1 0 1.000000
-43.829000 41.878500 0 18.239700 -19.358600 220.277000 190.342000 -13 1611 1 0 1.000000
8.768400 -95.464800 0 -17.617500 20.895600 210.393000 190.035000 -13 1612 1 0 1.000000
49.515300 -80.111200 0 -2.600890 -27.569400 223.705000 189.864000 -13 1613 1 0 1.000000
-41.903100 40.852400 0 7.342310 9.849520 209.141000 190.451000 -13 1614 1 0 1.000000
-29.022800 26.328700 0 13.592400 -16.981800 212.119000 190.420000 -13 1615 1 0 1.000000
-55.498300 17.488700 0 21.252800 -12.205800 225.447000 190.303000 -13 1616 1 0 1.000000
-15.339800 -13.064000 0 -31.720000 29.130200 211.840000 190.442000 -13 1617 1 0 1.000000
27.325000 -85.777900 0 -4.497140 -21.474500 207.771000 189.832000 -13 1618 1 0 1.000000
-22.703800 33.827000 0 60.567300 -66.762300 240.341000 190.821000 -13 1619 1 0 1.000000
-57.043700 -0.338688 0 -2.282710 1.243710 192.054000 189.630000 -13 1620 1 0 1.000000
11.067500 -8.027410 0 -31.022600 -2.111650 177.404000 190.247000 -13 1621 1 0 1.000000
26.050300 -3.970260 0 -15.642900 -11.772000 192.686000 190.387000 -13 1622 1 0 1.000000
-25.292700 -3.063970 0 -0.623503 -37.436100 214.181000 189.701000 -13 1623 1 0 1.000000
3.233170 -17.268200 0 -23.398200 4.611560 175.866000 190.240000 -13 1624 1 0 1.000000
28.785400 1.808410 0 -38.560500 9.140620 177.456000 190.221000 -13 1625 1 0 1.000000
43.545200 -11.754900 0 4.065880 3.794810 197.063000 190.242000 -13 1626 1 0 1.000000
19.543400 -0.148725 0 -14.433900 26.694200 183.690000 191.379000 -13 1627 1 0 1.000000
13.480700 -15.145100 0 -22.094100 -2.048730 179.214000 190.206000 -13 1628 1 0 1.000000
15.916800 2.705230 0 -38.887400 16.140700 178.136000 190.331000 -13 1629 1 0 1.000000
22.137400 -10.585500 0 -11.803900 -12.028200 210.296000 189.957000 -13 1630 1 0 1.000000
0.366703 9.239660 0 -13.785700 -18.137000 226.497000 189.980000 -13 1631 1 0 1.000000
-24.777000 5.280150 0 -4.355060 -27.385700 218.554000 190.090000 -13 1632 1 0 1.000000
-1.395350 9.343240 0 -27.774300 4.406220 220.518000 189.836000 -13 1633 1 0 1.000000
-16.108800 -11.657800 0 -5.371750 -11.210400 213.007000 189.937000 -13 1634 1 0 1.000000
-13.411200 15.982400 0 4.089160 1.419690 209.377000 189.938000 -13 1635 1 0 1.000000
-22.826200 19.721200 0 -22.268200 9.501020 217.911000 189.854000 -13 1636 1 0 1.000000
-24.902000 -2.896480 0 7.935600 -12.601200 217.001000 189.826000 -13 1637 1 0 1.000000
-7.063580 12.446800 0 4.617020 4.254330 214.431000 189.839000 -13 1638 1 0 1.000000
-26.260300 10.948900 0 -13.812800 -4.580450 207.948000 189.818000 -13 1639 1 0 1.000000
18.397300 -14.646700 0 21.574100 -9.612210 219.364000 190.125000 -13 1640 1 0 1.000000
33.286300 -15.610800 0 -9.080310 2.836330 214.537000 190.449000 -13 1641 1 0 1.000000
22.837800 -3.179840 0 0.613109 9.629980 226.702000 190.203000 -13 1642 1 0 1.000000
2.967430 4.669560 0 15.899500 10.269700 214.783000 190.162000 -13 1643 1 0 1.000000
16.413600 -23.916300 0 -1.769510 6.683260 222.815000 190.079000 -13 1644 1 0 1.000000
-23.767800 -44.033400 0 27.674400 12.579800 220.175000 190.396000 -13 1645 1 0 1.000000
12.672500 -2.967960 0 5.024630 -6.597900 216.455000 190.071000 -13 1646 1 0 1.000000
56.163900 -29.691400 0 -11.879200 -0.047350 219.865000 190.583000 -13 1647 1 0 1.000000
31.476200 -36.124200 0 9.699010 -2.407570 222.039000 190.171000 -13 1648 1 0 1.000000
-6.393860 -34.443500 0 22.688900 9.105090 216.641000 190.354000 -13 1649 1 0 1.000000
0.731125 -9.730170 0 4.781580 25.306900 192.193000 190.005000 -13 1650 1 0 1.000000
-58.690200 -7.224700 0 0.060327 10.678900 207.817000 189.898000 -13 1651 1 0 1.000000
-18.501500 0.891443 0 7.873600 1.379550 187.845000 189.879000 -13 1652 1 0 1.000000
-44.337400 -43.457400 0 -6.889330 11.132800 202.416000 189.821000 -13 1653 1 0 1.000000
-14.688000 -15.006200 0 11.577000 0.005886 193.136000 189.982000 -13 1654 1 0 1.000000
17.771400 -28.799200 0 -5.973450 15.393700 192.261000 190.036000 -13 1655 1 0 1.000000
12.741200 -2.084630 0 2.335920 11.920900 190.437000 189.942000 -13 1656 1 0 1.000000
-11.427200 -1.076900 0 -3.622760 -15.601500 207.830000 189.995000 -13 1657 1 0 1.000000
14.817300 10.338700 0 -6.720650 2.145030 217.229000 190.155000 -13 1658 1 0 1.000000
50.789600 7.888460 0 -0.488708 1.191610 221.090000 190.099000 -13 1659 1 0 1.000000
26.389100 4.300460 0 19.754400 -0.659616 232.783000 190.229000 -13 1660 1 0 1.000000
10.811100 -6.402210 0 -8.966530 -7.023600 225.497000 190.069000 -13 1661 1 0 1.000000
21.245600 -6.052520 0 -9.893910 -1.656930 206.566000 189.971000 -13 1662 1 0 1.000000
48.684800 -14.499700 0 -15.854300 6.980500 231.457000 189.934000 -13 1663 1 0 1.000000
28.126000 4.439280 0 -5.114390 -7.128080 216.051000 190.054000 -13 1664 1 0 1.000000
33.039700 -6.459560 0 -13.957000 2.949490 230.350000 189.987000 -13 1665 1 0 1.000000
47.870400 10.868300 0 -2.256170 -9.705020 225.374000 190.063000 -13 1666 1 0 1.000000
2.638770 -13.365400 0 -7.586150 -5.863860 225.220000 190.042000 -13 1667 1 0 1.000000
6.717580 7.183000 0 -11.249900 0.844984 195.683000 190.116000 -13 1668 1 0 1.000000
27.874700 -22.764400 0 -0.613288 9.982280 186.484000 190.106000 -13 1669 1 0 1.000000
11.836200 -15.512300 0 6.452270 15.830800 197.525000 190.000000 -13 1670 1 0 1.000000
24.746900 -14.344400 0 -4.460270 20.413000 193.590000 189.999000 -13 1671 1 0 1.000000
6.809150 -33.591000 0 1.172080 32.520200 201.367000 190.060000 -13 1672 1 0 1.000000
-5.207250 -11.339100 0 4.653510 22.659300 191.935000 190.047000 -13 1673 1 0 1.000000
15.101700 -3.081430 0 -3.730780 12.711600 194.608000 190.145000 -13 1674 1 0 1.000000
39.638600 -8.404090 0 -11.221900 2.731840 206.963000 190.133000 -13 1675 1 0 1.000000
18.049600 -0.841903 0 4.202160 7.205760 195.007000 190.062000 -13 1676 1 0 1.000000
41.990100 -32.459000 0 -3.074620 -2.909890 191.725000 190.506000 -13 1677 1 0 1.000000
23.176800 -24.180400 0 -12.029800 2.147040 191.699000 190.450000 -13 1678 1 0 1.000000
-41.166800 0.885187 0 17.213700 10.010800 183.052000 189.929000 -13 1679 1 0 1.000000
13.724600 -49.091300 0 -4.326350 3.071420 179.966000 190.496000 -13 1680 1 0 1.000000
-11.097100 14.146200 0 9.852320 -3.006930 186.261000 190.276000 -13 1681 1 0 1.000000
15.668400 -27.674000 0 6.863920 4.920440 181.147000 190.458000 -13 1682 1 0 1.000000
17.161500 -1.716520 0 1.204760 -12.978400 194.434000 190.340000 -13 1683 1 0 1.000000
14.932500 -23.338800 0 8.774080 -7.292700 196.800000 190.472000 -13 1684 1 0 1.000000
33.265800 -10.083500 0 11.453400 -5.758040 192.565000 190.388000 -13 1685 1 0 1.000000
23.137600 7.140220 0 1.673350 -11.599600 194.134000 190.407000 -13 1686 1 0 1.000000
41.580800 -32.036900 0 -20.952900 -1.032030 193.740000 189.884000 -13 1687 1 0 1.000000
-8.033040 43.450200 0 -24.440200 12.775800 212.530000 190.292000 -13 1688 1 0 1.000000
-13.298000 2.027830 0 3.832930 -2.302480 199.386000 190.363000 -13 1689 1 0 1.000000
-5.590140 -3.478820 0 3.129120 -9.946890 206.487000 190.409000 -13 1690 1 0 1.000000
-39.562500 2.130980 0 -3.714950 3.246250 186.209000 190.309000 -13 1691 1 0 1.000000
-31.488600 -16.122600 0 8.829110 8.839370 191.149000 190.275000 -13 1692 1 0 1.000000
-30.405800 -15.191600 0 -2.026410 7.576160 188.876000 190.210000 -13 1693 1 0 1.000000
-14.391300 5.081120 0 23.639200 -11.194300 200.312000 190.687000 -13 1694 1 0 1.000000
-2.680680 -0.230551 0 12.579500 -16.440000 195.434000 190.542000 -13 1695 1 0 1.000000
13.574600 -43.646500 0 11.961700 13.660900 207.772000 190.322000 -13 1696 1 0 1.000000
27.761000 -33.882600 0 -13.663100 14.247200 206.554000 190.306000 -13 1697 1 0 1.000000
17.980000 -8.018440 0 9.829780 -0.312294 210.353000 190.237000 -13 1698 1 0 1.000000
-10.875100 -38.860700 0 13.787800 9.475760 215.790000 190.272000 -13 1699 1 0 1.000000
-1.066590 -60.585000 0 15.234300 -9.212050 215.140000 190.177000 -13 1700 1 0 1.000000
-24.815800 -17.678500 0 12.890100 22.357700 214.578000 190.424000 -13 1701 1 0 1.000000
-1.540030 -34.848700 0 15.910100 9.167580 209.875000 190.245000 -13 1702 1 0 1.000000
17.525300 -19.041800 0 2.002140 22.129000 215.220000 190.268000 -13 1703 1 0 1.000000
3.707420 -35.318200 0 1.540420 9.183820 209.495000 190.303000 -13 1704 1 0 1.000000
22.129300 -3.819230 0 -8.697940 -9.162580 204.328000 190.010000 -13 1705 1 0 1.000000
38.216700 9.757520 0 12.329200 0.429232 206.598000 189.912000 -13 1706 1 0 1.000000
34.040800 -15.378100 0 5.284140 -10.209300 202.618000 189.926000 -13 1707 1 0 1.000000
14.542400 -2.180480 0 27.864300 -20.795800 211.249000 190.030000 -13 1708 1 0 1.000000
39.641600 -23.990200 0 -1.396110 -1.173420 220.833000 190.076000 -13 1709 1 0 1.000000
47.415300 6.343810 0 5.308960 5.131950 212.477000 189.983000 -13 1710 1 0 1.000000
23.560800 10.459500 0 0.594901 2.657770 211.504000 189.954000 -13 1711 1 0 1.000000
6.055970 -15.174900 0 -5.217580 3.980420 199.299000 190.010000 -13 1712 1 0 1.000000
21.083200 -25.713200 0 19.239900 -12.705200 216.893000 190.201000 -13 1713 1 0 1.000000
6.454370 -16.312600 0 -13.612600 -5.852050 202.521000 189.965000 -13 1714 1 0 1.000000
29.479100 -44.461900 0 -7.771660 3.903710 215.569000 190.132000 -13 1715 1 0 1.000000
-2.112860 -31.304200 0 -8.429540 17.426700 211.943000 189.997000 -13 1716 1 0 1.000000
0.199955 -52.607900 0 -7.546420 -1.515380 219.994000 189.978000 -13 1717 1 0 1.000000
15.426100 -48.654700 0 0.407359 -5.017870 217.145000 189.995000 -13 1718 1 0 1.000000
18.922500 -27.570500 0 -14.370100 -4.213560 219.788000 189.897000 -13 1719 1 0 1.000000
10.256800 -26.072800 0 -13.539100 10.415700 199.787000 189.991000 -13 1720 1 0 1.000000
3.733430 -50.907500 0 15.003300 0.031298 219.054000 189.935000 -13 1721 1 0 1.000000
13.132600 -24.095400 0 -17.132000 10.121400 203.235000 190.008000 -13 1722 1 0 1.000000
21.513800 -13.155500 0 12.117900 -19.114100 222.344000 189.917000 -13 1723 1 0 1.000000
-26.279100 -8.191450 0 8.927480 -18.737500 204.795000 190.041000 -13 1724 1 0 1.000000
56.348800 17.862500 0 -35.717400 -18.972900 247.165000 189.886000 -13 1725 1 0 1.000000
-17.319300 -4.512050 0 -32.787900 -24.393800 185.688000 189.788000 -13 1726 1 0 1.000000
81.505400 45.791600 0 -44.903600 -11.625800 254.354000 189.603000 -13 1727 1 0 1.000000
-65.971900 -41.961500 0 -15.541900 -8.745420 210.687000 189.802000 -13 1728 1 0 1.000000
-8.655370 -8.554220 0 9.159810 8.597570 167.752000 189.819000 -13 1729 1 0 1.000000
7.685040 2.360840 0 -49.951400 -28.828800 260.492000 190.341000 -13 1730 1 0 1.000000
-63.081400 -49.365900 0 -17.238000 -11.682600 208.695000 189.831000 -13 1731 1 0 1.000000
-33.674100 -3.295390 0 -7.882600 19.272600 224.593000 190.330000 -13 1732 1 0 1.000000
-24.232500 5.683160 0 11.057100 -4.515830 214.392000 190.543000 -13 1733 1 0 1.000000
-21.857100 -25.234200 0 9.699580 11.704400 218.682000 190.374000 -13 1734 1 0 1.000000
-31.351600 -28.976100 0 0.635100 9.507790 218.709000 190.341000 -13 1735 1 0 1.000000
-9.027450 -49.548500 0 -5.575080 26.559400 220.895000 190.274000 -13 1736 1 0 1.000000
-12.244000 -32.141100 0 1.933940 8.009530 219.108000 190.459000 -13 1737 1 0 1.000000
-7.276230 -12.483400 0 -0.510390 11.094100 216.273000 190.154000 -13 1738 1 0 1.000000
-5.982110 -44.335100 0 4.431240 22.502000 214.763000 190.621000 -13 1739 1 0 1.000000
-17.133600 -36.254800 0 -2.072870 14.403500 217.512000 190.313000 -13 1740 1 0 1.000000
-15.282200 -22.218200 0 7.045210 12.941500 215.493000 190.324000 -13 1741 1 0 1.000000
-8.932530 0.577952 0 3.297250 2.779970 191.079000 190.303000 -13 1742 1 0 1.000000
-27.065300 -19.579900 0 5.602540 0.430817 192.784000 190.242000 -13 1743 1 0 1.000000
-8.287700 -11.791600 0 -10.696800 -13.003100 181.094000 190.212000 -13 1744 1 0 1.000000
-28.812600 12.649300 0 2.909410 -27.670200 194.540000 190.172000 -13 1745 1 0 1.000000
-19.186000 -27.633100 0 -18.830300 -15.260600 187.340000 190.069000 -13 1746 1 0 1.000000
-49.897700 -7.421380 0 -17.698400 -3.606610 203.822000 190.242000 -13 1747 1 0 1.000000
-5.846060 -19.756700 0 -17.678300 3.228400 189.516000 190.184000 -13 1748 1 0 1.000000
-29.471700 -1.665200 0 -4.071960 -8.133670 199.238000 190.234000 -13 1749 1 0 1.000000
-13.345400 -21.014400 0 -3.221350 8.278440 188.359000 190.270000 -13 1750 1 0 1.000000
-8.137940 -8.141980 0 -59.030900 4.687220 152.889000 191.818000 -13 1751 1 0 1.000000
7.912780 -19.338900 0 -13.496700 -7.959990 227.817000 190.529000 -13 1752 1 0 1.000000
2.013460 -11.755900 0 46.420800 2.194740 237.166000 190.484000 -13 1753 1 0 1.000000
33.725200 -15.388000 0 18.240400 9.831350 233.307000 190.547000 -13 1754 1 0 1.000000
11.384500 -2.243520 0 9.436690 13.759800 231.299000 190.157000 -13 1755 1 0 1.000000
3.121020 -20.723100 0 -6.611070 3.935680 240.072000 190.122000 -13 1756 1 0 1.000000
9.248420 -11.389200 0 -10.395200 0.029913 233.655000 190.159000 -13 1757 1 0 1.000000
18.615600 -15.867300 0 -3.175960 20.688800 240.629000 190.297000 -13 1758 1 0 1.000000
8.742260 -19.834300 0 -13.952400 -4.333810 221.014000 190.610000 -13 1759 1 0 1.000000
-2.919310 -7.954220 0 4.841360 15.691400 238.501000 190.169000 -13 1760 1 0 1.000000
29.903700 -7.320860 0 -13.591400 29.366000 260.308000 190.111000 -13 1761 1 0 1.000000
-2.923480 6.417400 0 -2.797860 -10.865700 191.154000 189.670000 -13 1762 1 0 1.000000
-3.607980 15.193200 0 -7.601510 31.895100 228.977000 189.789000 -13 1763 1 0 1.000000
3.648380 55.038700 0 6.560840 9.784760 210.129000 189.677000 -13 1764 1 0 1.000000
-4.536960 -21.830000 0 14.512800 -7.906790 178.472000 190.066000 -13 1765 1 0 1.000000
-73.297900 22.127300 0 30.573500 4.280910 249.060000 189.765000 -13 1766 1 0 1.000000
10.780000 -2.170060 0 3.478870 19.386300 186.955000 190.250000 -13 1767 1 0 1.000000
-15.625600 8.496150 0 -6.962260 19.997700 233.833000 189.714000 -13 1768 1 0 1.000000
8.657440 21.684600 0 -6.025730 10.419800 241.031000 189.678000 -13 1769 1 0 1.000000
7.387270 34.694700 0 -1.662400 -14.273500 239.062000 189.696000 -13 1770 1 0 1.000000
-42.463400 30.891700 0 -12.919600 -16.819600 225.860000 189.997000 -13 1771 1 0 1.000000
-46.563500 25.682600 0 -17.165900 -12.542900 229.961000 190.021000 -13 1772 1 0 1.000000
-46.069800 33.803000 0 -8.063620 -16.996600 239.620000 190.111000 -13 1773 1 0 1.000000
-30.334900 -3.753770 0 -1.686600 -16.975600 222.710000 189.978000 -13 1774 1 0 1.000000
-28.732600 -22.334600 0 14.470300 -10.212500 217.147000 189.983000 -13 1775 1 0 1.000000
-43.917900 37.373000 0 3.114540 -15.273400 222.988000 189.942000 -13 1776 1 0 1.000000
-8.131280 55.845600 0 -21.079700 -9.448570 241.276000 190.155000 -13 1777 1 0 1.000000
-2.597840 -16.200400 0 7.777300 -18.137400 218.828000 189.961000 -13 1778 1 0 1.000000
-35.039800 21.676500 0 -17.982200 -26.104300 226.538000 190.059000 -13 1779 1 0 1.000000
-34.894500 38.502600 0 -8.116750 2.631450 215.035000 189.953000 -13 1780 1 0 1.000000
10.756200 23.072000 0 4.648640 -23.222900 219.540000 190.270000 -13 1781 1 0 1.000000
-11.999700 33.443000 0 -11.016900 -12.498300 213.360000 190.128000 -13 1782 1 0 1.000000
-0.986621 -18.848700 0 11.856600 -15.920200 222.189000 190.182000 -13 1783 1 0 1.000000
15.503600 26.393600 0 12.041900 -30.847800 229.001000 190.283000 -13 1784 1 0 1.000000
0.702399 -9.496910 0 -13.248400 -17.638600 216.107000 190.327000 -13 1785 1 0 1.000000
20.606100 -9.628210 0 -0.867552 -24.742600 228.705000 190.243000 -13 1786 1 0 1.000000
-21.132200 -22.516100 0 -2.244540 -20.369000 223.210000 190.180000 -13 1787 1 0 1.000000
-14.691900 -11.481300 0 -5.379770 -13.177800 220.575000 190.349000 -13 1788 1 0 1.000000
28.710100 22.262500 0 -9.224020 -15.478100 229.008000 190.213000 -13 1789 1 0 1.000000
-11.958700 1.458540 0 -8.824790 -22.700500 229.136000 190.308000 -13 1790 1 0 1.000000
-23.494000 -9.459320 0 12.009000 3.704570 186.726000 190.142000 -13 1791 1 0 1.000000
19.576300 -4.407390 0 3.532880 -8.431790 199.610000 190.315000 -13 1792 1 0 1.000000
-33.462200 11.751100 0 -19.956000 8.069590 190.360000 189.687000 -13 1793 1 0 1.000000
-26.294500 -13.150900 0 9.116450 -16.721100 192.733000 190.165000 -13 1794 1 0 1.000000
-46.124300 6.809040 0 -4.794980 -5.961410 190.458000 190.179000 -13 1795 1 0 1.000000
3.926890 1.552780 0 -48.445800 0.959971 214.519000 190.125000 -13 1796 1 0 1.000000
11.286300 -1.847290 0 17.758000 -4.627820 199.257000 190.313000 -13 1797 1 0 1.000000
-42.011200 23.157100 0 9.109680 17.567400 204.297000 190.250000 -13 1798 1 0 1.000000
-21.316300 -11.545300 0 18.797100 -10.879500 199.486000 190.287000 -13 1799 1 0 1.000000
-7.380400 -15.682300 0 8.227600 -20.501800 202.960000 190.364000 -13 1800 1 0 1.000000
-8.611200 -23.267300 0 -11.723300 2.362070 230.932000 189.897000 -13 1801 1 0 1.000000
-78.335400 -10.001200 0 15.479600 -10.978100 232.298000 190.603000 -13 1802 1 0 1.000000
-7.557930 4.566680 0 5.914920 11.619300 202.345000 189.917000 -13 1803 1 0 1.000000
-49.623100 -7.967030 0 8.017770 8.297190 205.963000 189.860000 -13 1804 1 0 1.000000
5.985340 -4.559140 0 0.203989 3.802250 212.845000 189.946000 -13 1805 1 0 1.000000
-46.752800 -3.071620 0 5.267190 11.671100 220.010000 189.876000 -13 1806 1 0 1.000000
-39.184800 -29.101600 0 2.629520 -7.593550 232.103000 189.987000 -13 1807 1 0 1.000000
-11.252300 -13.447700 0 7.768830 -9.299590 214.444000 189.887000 -13 1808 1 0 1.000000
-42.871500 -19.778700 0 -1.098380 -6.438470 215.244000 189.805000 -13 1809 1 0 1.000000
-47.507000 -19.744900 0 7.696440 18.073900 228.807000 189.891000 -13 1810 1 0 1.000000
-6.266840 -7.958230 0 5.475950 -4.647890 205.050000 190.071000 -13 1811 1 0 1.000000
-3.750110 6.468610 0 -8.456230 18.637900 215.631000 190.082000 -13 1812 1 0 1.000000
5.180870 -7.208770 0 1.925480 -8.530570 213.032000 190.038000 -13 1813 1 0 1.000000
-27.550100 -27.319900 0 10.398400 -6.528600 210.386000 190.083000 -13 1814 1 0 1.000000
-13.234200 -4.172150 0 13.299600 16.203000 211.688000 190.163000 -13 1815 1 0 1.000000
-29.002600 20.677800 0 -0.235197 0.572058 216.703000 190.037000 -13 1816 1 0 1.000000
5.479230 32.226700 0 -3.980200 -4.267250 213.934000 190.137000 -13 1817 1 0 1.000000
-11.497700 -21.456500 0 3.140360 25.222700 209.475000 190.120000 -13 1818 1 0 1.000000
5.151230 3.492270 0 7.075560 -4.386230 201.963000 190.114000 -13 1819 1 0 1.000000
30.775200 -19.518200 0 -17.426400 38.107600 203.546000 190.102000 -13 1820 1 0 1.000000
-29.819800 29.349300 0 -0.569270 2.979150 209.426000 190.154000 -13 1821 1 0 1.000000
-4.501860 14.403000 0 -8.096580 11.904500 209.421000 190.248000 -13 1822 1 0 1.000000
36.539100 -33.830900 0 -23.339300 21.695700 207.890000 190.168000 -13 1823 1 0 1.000000
24.402500 -72.404500 0 -22.756800 17.122000 202.023000 190.092000 -13 1824 1 0 1.000000
-18.633800 44.803000 0 -2.828680 -2.332870 205.740000 190.187000 -13 1825 1 0 1.000000
-1.372310 13.759100 0 -12.915000 9.793630 200.352000 190.041000 -13 1826 1 0 1.000000
-6.728360 22.976900 0 -15.357800 -13.247700 203.157000 190.289000 -13 1827 1 0 1.000000
-10.945600 30.214300 0 3.856890 -6.033480 206.418000 190.277000 -13 1828 1 0 1.000000
-27.372600 -11.936800 0 -14.062900 33.387200 199.289000 189.890000 -13 1829 1 0 1.000000
-59.859200 -8.144350 0 -20.473500 3.457600 240.775000 190.064000 -13 1830 1 0 1.000000
-26.459800 0.280772 0 9.313890 10.381800 230.762000 190.015000 -13 1831 1 0 1.000000
-28.178900 1.750040 0 17.169300 5.715010 219.785000 189.994000 -13 1832 1 0 1.000000
-45.835800 9.982590 0 -0.188001 2.269920 241.980000 190.017000 -13 1833 1 0 1.000000
-51.869400 -15.583600 0 -0.890093 25.187200 239.563000 190.334000 -13 1834 1 0 1.000000
-48.416400 -33.350600 0 -1.618180 -0.407657 236.274000 190.132000 -13 1835 1 0 1.000000
-31.876900 -36.509200 0 -14.117800 20.533700 239.386000 190.365000 -13 1836 1 0 1.000000
-43.784400 -26.875400 0 -13.339700 19.157900 240.050000 190.246000 -13 1837 1 0 1.000000
-49.231000 -5.880480 0 -8.034130 5.689360 234.563000 189.978000 -13 1838 1 0 1.000000
-58.193500 -2.319460 0 3.240200 9.702890 232.605000 190.062000 -13 1839 1 0 1.000000
-11.120300 10.230200 0 13.773700 -10.412100 221.529000 190.223000 -13 1840 1 0 1.000000
-7.610110 -2.369980 0 7.869860 -0.864104 217.769000 190.175000 -13 1841 1 0 1.000000
21.733600 3.383140 0 -11.240200 -19.816500 213.775000 190.449000 -13 1842 1 0 1.000000
-4.630850 -23.017400 0 -4.657270 -1.000000 222.996000 190.205000 -13 1843 1 0 1.000000
-7.688920 -14.624500 0 16.574700 -11.207700 219.913000 190.256000 -13 1844 1 0 1.000000
-31.440200 -35.208300 0 30.917800 -5.861110 220.662000 190.350000 -13 1845 1 0 1.000000
11.335500 -21.563700 0 -5.404850 2.024030 221.027000 190.362000 -13 1846 1 0 1.000000
-45.643600 13.684400 0 14.789800 -7.617490 216.879000 190.383000 -13 1847 1 0 1.000000
5.653880 -11.614900 0 9.492200 -12.175700 233.097000 190.256000 -13 1848 1 0 1.000000
-12.124000 -15.149400 0 11.818300 3.207950 210.682000 189.917000 -13 1849 1 0 1.000000
8.850970 -25.031800 0 8.902420 2.972770 218.640000 189.843000 -13 1850 1 0 1.000000
-4.631200 -18.094200 0 9.113580 -8.317070 235.418000 189.900000 -13 1851 1 0 1.000000
-1.016690 -44.205500 0 -4.263930 7.597190 217.517000 189.802000 -13 1852 1 0 1.000000
-13.634200 -14.085700 0 20.932400 10.897300 197.841000 189.898000 -13 1853 1 0 1.000000
3.589230 -17.483300 0 4.307120 10.648100 213.081000 189.812000 -13 1854 1 0 1.000000
-3.119640 -0.713670 0 4.335450 7.411250 201.870000 189.781000 -13 1855 1 0 1.000000
-16.949000 -11.746700 0 23.879100 14.542800 219.121000 189.843000 -13 1856 1 0 1.000000
-1.907130 -34.068200 0 8.333350 -6.028740 224.862000 189.819000 -13 1857 1 0 1.000000
25.944600 9.096490 0 -3.759950 -6.562930 194.577000 190.245000 -13 1858 1 0 1.000000
36.563400 -11.966100 0 -3.927370 -9.328030 202.517000 190.287000 -13 1859 1 0 1.000000
15.471600 -13.619000 0 1.426130 4.651400 198.697000 190.384000 -13 1860 1 0 1.000000
13.444300 -35.105700 0 1.440770 -5.803570 204.186000 190.317000 -13 1861 1 0 1.000000
29.235600 -6.123410 0 8.461670 -19.053300 194.738000 190.458000 -13 1862 1 0 1.000000
30.402200 -55.824200 0 3.672150 -6.035670 194.944000 190.469000 -13 1863 1 0 1.000000
32.192400 23.747400 0 -6.662370 -25.631300 203.444000 190.412000 -13 1864 1 0 1.000000
-20.254800 1.301790 0 -3.468520 -13.048300 207.213000 190.408000 -13 1865 1 0 1.000000
34.781800 -6.655350 0 -12.567600 0.771925 205.109000 190.273000 -13 1866 1 0 1.000000
-0.983526 17.767900 0 29.368600 -1.623530 199.590000 190.293000 -13 1867 1 0 1.000000
35.110500 9.758540 0 6.185610 -5.677640 219.423000 190.201000 -13 1868 1 0 1.000000
26.388700 -3.542450 0 0.595912 -11.619800 225.845000 190.156000 -13 1869 1 0 1.000000
-1.508520 25.564700 0 14.091600 7.217660 216.383000 190.125000 -13 1870 1 0 1.000000
-27.740200 4.632310 0 12.612500 11.547600 215.137000 190.078000 -13 1871 1 0 1.000000
-51.187100 -6.745260 0 13.940400 5.930900 217.173000 190.187000 -13 1872 1 0 1.000000
-17.676700 8.581080 0 15.202700 4.596890 208.992000 190.094000 -13 1873 1 0 1.000000
-21.445600 -3.617050 0 10.869400 7.973630 221.886000 190.117000 -13 1874 1 0 1.000000
-14.827800 9.154370 0 10.462300 11.044500 211.494000 190.004000 -13 1875 1 0 1.000000
5.301850 -2.052070 0 18.238600 29.530900 198.030000 190.278000 -13 1876 1 0 1.000000
40.839500 26.936400 0 -20.345800 -15.637800 201.400000 190.431000 -13 1877 1 0 1.000000
-49.714800 -33.789700 0 19.057800 32.748900 206.620000 190.072000 -13 1878 1 0 1.000000
5.574440 21.893300 0 -4.236300 -19.576500 192.803000 190.409000 -13 1879 1 0 1.000000
2.250760 -47.871200 0 0.078861 16.833600 180.131000 189.954000 -13 1880 1 0 1.000000
15.083100 19.123000 0 7.831290 8.934930 200.105000 190.364000 -13 1881 1 0 1.000000
16.812400 -4.811680 0 21.931400 23.498000 190.933000 190.154000 -13 1882 1 0 1.000000
-4.980780 -32.205400 0 -15.931400 -4.357840 231.044000 189.971000 -13 1883 1 0 1.000000
-2.013530 -26.043300 0 -7.282050 -1.873880 238.404000 189.991000 -13 1884 1 0 1.000000
17.869500 -38.715400 0 -3.828580 -7.020910 237.118000 190.219000 -13 1885 1 0 1.000000
-38.854200 -33.873200 0 -22.176800 -2.997740 242.324000 190.215000 -13 1886 1 0 1.000000
-23.292900 -14.484400 0 -7.591960 -6.394920 222.012000 189.933000 -13 1887 1 0 1.000000
-13.451300 -8.581820 0 -12.170700 -22.066700 239.668000 189.986000 -13 1888 1 0 1.000000
6.794100 -31.175200 0 -7.160800 -13.096500 245.830000 190.025000 -13 1889 1 0 1.000000
-6.965890 -31.021200 0 -1.216760 8.028000 239.729000 190.077000 -13 1890 1 0 1.000000
-7.918010 -47.884500 0 -16.016200 -7.173480 248.086000 190.247000 -13 1891 1 0 1.000000
-32.695200 -24.440700 0 -7.670500 4.629250 234.259000 189.997000 -13 1892 1 0 1.000000
20.034400 -25.238600 0 -15.417000 26.636700 211.994000 190.045000 -13 1893 1 0 1.000000
-17.349300 4.235700 0 4.734330 12.769900 204.955000 190.044000 -13 1894 1 0 1.000000
0.010072 -1.693200 0 -2.705010 16.414800 208.243000 190.085000 -13 1895 1 0 1.000000
-7.021820 20.848200 0 0.396665 9.746180 200.524000 190.089000 -13 1896 1 0 1.000000
6.004890 4.337610 0 7.558310 26.955400 211.422000 190.065000 -13 1897 1 0 1.000000
14.904600 0.491719 0 -16.829400 5.287870 209.320000 190.053000 -13 1898 1 0 1.000000
30.078900 19.712600 0 3.745310 0.703109 213.724000 190.314000 -13 1899 1 0 1.000000
3.723430 23.726200 0 3.768360 -2.686480 208.256000 190.081000 -13 1900 1 0 1.000000
0.752581 7.136910 0 7.196300 1.013870 208.870000 190.044000 -13 1901 1 0 1.000000
-13.936600 14.675300 0 -23.988200 27.485200 193.753000 189.902000 -13 1902 1 0 1.000000
-5.779470 14.380000 0 -10.920400 20.414600 232.052000 189.694000 -13 1903 1 0 1.000000
12.146600 22.634700 0 1.414520 45.035500 223.995000 189.800000 -13 1904 1 0 1.000000
-1.878280 -15.313700 0 6.611250 26.905100 182.710000 190.253000 -13 1905 1 0 1.000000
46.380300 -23.968700 0 -14.225200 20.636900 190.337000 189.913000 -13 1906 1 0 1.000000
3.601740 -39.134100 0 0.465096 31.862700 185.369000 189.951000 -13 1907 1 0 1.000000
42.210800 -101.958000 0 14.142400 -10.539100 218.256000 189.983000 -13 1908 1 0 1.000000
-36.386900 -43.577900 0 -8.570570 14.620300 186.111000 189.810000 -13 1909 1 0 1.000000
24.772300 -54.308500 0 -11.348500 14.063400 186.011000 190.017000 -13 1910 1 0 1.000000
5.302060 13.698500 0 -11.394400 10.614300 193.762000 190.247000 -13 1911 1 0 1.000000
-4.553480 9.805250 0 0.243987 -16.158400 182.700000 190.268000 -13 1912 1 0 1.000000
-9.423090 13.709600 0 7.073860 -13.043700 204.193000 190.320000 -13 1913 1 0 1.000000
-1.339460 -32.518200 0 -1.368580 22.283100 184.807000 189.969000 -13 1914 1 0 1.000000
-27.533400 -16.697500 0 23.357700 -16.001300 220.659000 190.086000 -13 1915 1 0 1.000000
2.575790 -12.950600 0 6.563690 -13.150000 211.345000 190.426000 -13 1916 1 0 1.000000
-12.924600 -14.786200 0 9.313930 -2.741790 218.204000 190.266000 -13 1917 1 0 1.000000
-20.349700 -5.329870 0 11.327800 5.209270 228.030000 190.285000 -13 1918 1 0 1.000000
-32.983000 -32.142900 0 13.297900 1.273900 220.398000 190.191000 -13 1919 1 0 1.000000
21.783800 -17.962100 0 2.018690 -3.420910 228.434000 190.198000 -13 1920 1 0 1.000000
-21.995900 10.012500 0 14.371900 -6.913390 222.739000 190.181000 -13 1921 1 0 1.000000
-18.582500 17.246100 0 18.801400 -6.469040 212.974000 190.247000 -13 1922 1 0 1.000000
-2.734500 -13.455000 0 9.683970 -9.024330 228.614000 190.325000 -13 1923 1 0 1.000000
6.209580 4.580630 0 2.497630 -16.594400 222.631000 190.325000 -13 1924 1 0 1.000000
3.146390 -49.878700 0 4.062660 11.185500 231.982000 190.278000 -13 1925 1 0 1.000000
-7.891980 -44.910700 0 5.961370 -1.825930 218.801000 189.941000 -13 1926 1 0 1.000000
-24.502800 -34.103700 0 -5.734600 15.786700 224.973000 189.948000 -13 1927 1 0 1.000000
-28.855900 -39.257100 0 -10.865500 -47.176100 216.908000 190.233000 -13 1928 1 0 1.000000
-16.346700 -42.948300 0 -12.582200 -3.542850 231.128000 189.963000 -13 1929 1 0 1.000000
-32.735300 18.346300 0 -0.358748 7.207290 235.045000 190.110000 -13 1930 1 0 1.000000
-9.227040 -4.833630 0 1.913910 19.661800 227.110000 190.084000 -13 1931 1 0 1.000000
-18.182000 -41.601700 0 -17.766400 -2.728620 229.270000 189.935000 -13 1932 1 0 1.000000
-18.954100 -47.544400 0 2.990900 1.456850 217.788000 190.003000 -13 1933 1 0 1.000000
-18.311500 -42.927900 0 -17.578900 11.443100 236.317000 190.084000 -13 1934 1 0 1.000000
27.997600 2.255710 0 -8.218610 -3.376550 205.394000 190.051000 -13 1935 1 0 1.000000
42.200100 -9.805480 0 -4.071090 3.493960 205.388000 190.156000 -13 1936 1 0 1.000000
32.147000 -12.378900 0 -10.686800 -7.134240 199.927000 190.206000 -13 1937 1 0 1.000000
3.758930 -5.629180 0 9.971470 3.845020 205.626000 190.020000 -13 1938 1 0 1.000000
7.327340 -1.540380 0 10.273900 -1.464760 202.311000 190.136000 -13 1939 1 0 1.000000
4.097080 -13.542300 0 1.532740 -1.722120 204.641000 190.069000 -13 1940 1 0 1.000000
2.163400 -14.585100 0 -4.197910 -2.819760 203.675000 190.156000 -13 1941 1 0 1.000000
-22.116500 -17.034600 0 4.599880 8.827190 204.964000 190.064000 -13 1942 1 0 1.000000
-2.100420 -13.768300 0 23.833400 -7.781720 204.261000 190.211000 -13 1943 1 0 1.000000
17.104100 -19.340700 0 -2.970960 -1.185600 203.980000 190.168000 -13 1944 1 0 1.000000
-4.021350 -30.848800 0 7.373740 4.245760 241.602000 190.149000 -13 1945 1 0 1.000000
-4.705320 -16.210200 0 -9.577260 -9.626980 227.818000 189.864000 -13 1946 1 0 1.000000
-45.606200 -30.661800 0 -5.391200 -4.543080 247.333000 190.251000 -13 1947 1 0 1.000000
-7.625490 12.824300 0 -4.891300 -12.660700 238.829000 190.026000 -13 1948 1 0 1.000000
3.836700 -23.502800 0 -23.544000 -10.053300 248.992000 190.062000 -13 1949 1 0 1.000000
-22.570500 -20.517900 0 7.750510 11.878400 234.394000 190.545000 -13 1950 1 0 1.000000
-4.865430 -18.599200 0 -7.254040 -13.675300 247.082000 190.059000 -13 1951 1 0 1.000000
-35.933600 -55.566500 0 -1.432660 2.863170 243.025000 190.386000 -13 1952 1 0 1.000000
-38.609700 2.491820 0 12.170600 0.586877 219.957000 190.679000 -13 1953 1 0 1.000000
-1.610830 -16.272000 0 -18.292000 1.532920 229.904000 189.928000 -13 1954 1 0 1.000000
-8.051650 3.176740 0 -0.018131 -0.466999 206.975000 189.953000 -13 1955 1 0 1.000000
-15.465700 -39.800800 0 3.405780 6.726560 209.704000 189.936000 -13 1956 1 0 1.000000
-17.526900 6.714650 0 6.726920 7.806050 204.728000 189.946000 -13 1957 1 0 1.000000
6.451420 -32.665600 0 2.595190 1.000670 209.246000 189.898000 -13 1958 1 0 1.000000
6.558580 -22.269700 0 -13.024600 4.854330 216.740000 189.848000 -13 1959 1 0 1.000000
-11.041300 -22.477300 0 -3.719260 1.973340 223.905000 189.962000 -13 1960 1 0 1.000000
-28.814300 -32.025600 0 4.434280 11.615400 209.292000 190.014000 -13 1961 1 0 1.000000
-16.456300 -48.137800 0 7.041480 3.324370 208.070000 190.086000 -13 1962 1 0 1.000000
-8.454220 -6.412580 0 -3.407400 9.080230 208.593000 189.928000 -13 1963 1 0 1.000000
-8.672900 -33.672200 0 -9.889980 1.295470 206.091000 189.941000 -13 1964 1 0 1.000000
3.535170 -1.071560 0 7.081070 7.237380 194.504000 190.461000 -13 1965 1 0 1.000000
-6.956260 -33.451700 0 -13.925500 -2.500720 182.236000 190.298000 -13 1966 1 0 1.000000
23.999900 -11.185000 0 14.628700 -2.940660 185.538000 189.710000 -13 1967 1 0 1.000000
-6.472410 -27.090300 0 -5.469580 -17.352300 173.197000 190.051000 -13 1968 1 0 1.000000
-1.540030 -12.717500 0 -6.614100 -7.768530 168.963000 189.800000 -13 1969 1 0 1.000000
-24.375500 -5.463470 0 12.117700 -7.258190 189.005000 190.451000 -13 1970 1 0 1.000000
5.731590 -17.754500 0 15.819300 -5.700050 172.442000 190.053000 -13 1971 1 0 1.000000
13.251500 -23.048300 0 2.069510 -5.934740 186.663000 190.471000 -13 1972 1 0 1.000000
9.000140 18.319000 0 -2.420260 17.244200 217.487000 189.657000 -13 1973 1 0 1.000000
-27.915600 -24.065000 0 -12.331100 -2.739890 175.612000 190.124000 -13 1974 1 0 1.000000
19.988500 -24.585200 0 -7.034380 -3.340680 190.976000 190.354000 -13 1975 1 0 1.000000
16.394000 -34.163200 0 -12.537900 -17.765900 182.876000 190.292000 -13 1976 1 0 1.000000
-0.783067 -6.912300 0 9.131030 14.961300 193.501000 190.292000 -13 1977 1 0 1.000000
12.551600 -27.487600 0 -5.883210 6.592420 175.982000 190.225000 -13 1978 1 0 1.000000
6.689280 -21.917000 0 10.658200 -16.402100 174.886000 190.135000 -13 1979 1 0 1.000000
7.721120 -49.580600 0 -5.581810 -12.208900 195.200000 190.293000 -13 1980 1 0 1.000000
18.517700 -32.945100 0 -3.805580 0.789954 182.403000 190.481000 -13 1981 1 0 1.000000
17.251900 -25.643700 0 -1.635160 -0.405020 178.463000 190.337000 -13 1982 1 0 1.000000
3.795560 -13.935900 0 -13.182600 -9.333600 180.762000 190.356000 -13 1983 1 0 1.000000
4.868330 -23.287700 0 -10.694200 -23.690800 174.756000 190.191000 -13 1984 1 0 1.000000
-33.335100 -6.672500 0 -16.587800 -10.731600 214.717000 190.185000 -13 1985 1 0 1.000000
-2.210210 -5.136030 0 -9.044980 -16.094100 219.000000 190.047000 -13 1986 1 0 1.000000
-20.247400 13.809800 0 -5.169480 -10.093700 218.646000 190.079000 -13 1987 1 0 1.000000
30.929800 -18.136200 0 -16.815000 -28.599200 217.894000 190.166000 -13 1988 1 0 1.000000
-17.350700 -6.937530 0 -21.751400 -1.387400 221.669000 190.144000 -13 1989 1 0 1.000000
-3.195090 -8.328260 0 -21.208200 -4.927010 221.361000 190.206000 -13 1990 1 0 1.000000
-33.167100 -13.010600 0 0.771651 -6.935920 217.910000 190.132000 -13 1991 1 0 1.000000
-23.513000 20.902900 0 7.104520 -2.827620 211.762000 190.167000 -13 1992 1 0 1.000000
-24.940000 -6.674670 0 -11.286400 -11.165200 212.457000 190.078000 -13 1993 1 0 1.000000
14.542800 26.399400 0 -10.853700 -15.581900 219.070000 190.138000 -13 1994 1 0 1.000000
12.281100 -32.575500 0 6.325180 8.216510 213.478000 190.048000 -13 1995 1 0 1.000000
4.394400 -18.758300 0 1.080740 11.698200 210.086000 190.088000 -13 1996 1 0 1.000000
-6.372880 -36.575600 0 -0.044877 2.298320 217.650000 189.963000 -13 1997 1 0 1.000000
2.263200 -44.882900 0 18.628400 -0.704331 225.747000 190.038000 -13 1998 1 0 1.000000
25.519600 -12.269900 0 1.435010 12.636900 215.252000 190.056000 -13 1999 1 0 1.000000
-1.413130 -28.935700 0 0.344931 4.157790 214.395000 190.052000 -13 2000 1 0 1.000000
-2.643750 -15.927800 0 -0.983013 2.115010 212.641000 190.015000 -13 2001 1 0 1.000000
6.800260 -19.556200 0 6.922870 7.078210 211.873000 190.151000 -13 2002 1 0 1.000000
14.665000 -6.059220 0 12.476600 9.208520 216.449000 189.987000 -13 2003 1 0 1.000000
10.473700 -22.595200 0 8.323330 8.932260 205.441000 190.027000 -13 2004 1 0 1.000000
-18.869000 0.717521 0 10.412300 14.596300 230.441000 190.018000 -13 2005 1 0 1.000000
5.553110 36.761000 0 7.239870 10.477600 221.929000 189.899000 -13 2006 1 0 1.000000
3.019950 7.199170 0 15.287500 2.446190 224.794000 189.931000 -13 2007 1 0 1.000000
-16.849800 -1.571090 0 25.681800 12.521800 227.309000 190.073000 -13 2008 1 0 1.000000
13.303000 -22.741500 0 1.869930 -2.833910 235.591000 189.989000 -13 2009 1 0 1.000000
-14.429200 -25.380500 0 15.708600 21.488500 236.753000 190.296000 -13 2010 1 0 1.000000
9.794840 -13.511900 0 -1.121420 12.087800 224.813000 189.974000 -13 2011 1 0 1.000000
-7.554040 9.163820 0 -6.313730 21.469200 221.872000 189.900000 -13 2012 1 0 1.000000
-5.804650 -8.377960 0 7.705210 2.691460 230.476000 189.983000 -13 2013 1 0 1.000000
-0.238871 2.604260 0 -8.403310 -13.667600 228.043000 190.173000 -13 2014 1 0 1.000000
7.597510 -16.918000 0 -7.987340 -4.529200 224.802000 190.038000 -13 2015 1 0 1.000000
22.243500 -14.382400 0 -10.788200 -12.438700 224.541000 190.101000 -13 2016 1 0 1.000000
13.046400 -11.311000 0 -17.303400 -11.409600 230.883000 190.117000 -13 2017 1 0 1.000000
13.438300 -4.227250 0 -11.555300 3.818240 231.782000 190.056000 -13 2018 1 0 1.000000
32.233700 -20.501300 0 -6.324910 -12.433300 234.184000 190.186000 -13 2019 1 0 1.000000
10.688400 -28.727200 0 -15.383100 -5.277730 230.162000 190.128000 -13 2020 1 0 1.000000
-8.258470 -28.270300 0 -3.813470 -9.427550 227.283000 190.088000 -13 2021 1 0 1.000000
9.060710 12.307100 0 1.989290 -25.283100 235.688000 190.063000 -13 2022 1 0 1.000000
13.729400 -0.923990 0 -3.040030 -23.630100 223.429000 189.808000 -13 2023 1 0 1.000000
4.032980 -11.005700 0 -17.414400 0.078727 224.032000 189.772000 -13 2024 1 0 1.000000
10.293200 -6.141240 0 -2.262440 -18.663800 238.749000 190.002000 -13 2025 1 0 1.000000
-28.156000 -14.009400 0 -12.940300 1.343870 212.176000 189.866000 -13 2026 1 0 1.000000
-15.105400 -16.524700 0 -15.483900 0.024532 213.534000 189.811000 -13 2027 1 0 1.000000
-0.763266 -23.717600 0 5.440700 -16.847100 223.799000 189.840000 -13 2028 1 0 1.000000
-6.596640 -36.426000 0 -6.267910 9.971000 206.762000 189.825000 -13 2029 1 0 1.000000
-27.093100 -32.188100 0 -9.613980 -9.759620 229.665000 189.965000 -13 2030 1 0 1.000000
-18.255200 -13.719500 0 -17.116500 10.467600 206.632000 189.791000 -13 2031 1 0 1.000000
10.223000 -47.129000 0 5.708070 -22.093600 224.578000 189.936000 -13 2032 1 0 1.000000
-9.594830 -10.056600 0 -13.962200 40.149100 195.148000 190.165000 -13 2033 1 0 1.000000
-5.946330 -3.000450 0 -7.793960 31.627600 179.555000 190.031000 -13 2034 1 0 1.000000
0.495392 -29.111500 0 -19.223100 19.361200 185.820000 189.895000 -13 2035 1 0 1.000000
4.575120 8.760350 0 -3.375230 -24.489000 191.464000 190.410000 -13 2036 1 0 1.000000
-18.095100 -17.541900 0 -14.148500 25.578400 175.748000 190.056000 -13 2037 1 0 1.000000
24.403600 -50.005900 0 -1.703040 -2.971210 199.576000 189.696000 -13 2038 1 0 1.000000
-5.051510 26.103100 0 -9.537230 18.762500 183.545000 190.066000 -13 2039 1 0 1.000000
2.813300 0.673314 0 -7.148000 31.323000 181.392000 190.099000 -13 2040 1 0 1.000000
1.333490 -13.695800 0 2.424360 -22.212000 222.845000 189.630000 -13 2041 1 0 1.000000
10.160900 -35.828700 0 -14.178300 -4.522580 205.471000 189.539000 -13 2042 1 0 1.000000
4.869960 -26.086000 0 -7.168570 2.747090 207.866000 189.551000 -13 2043 1 0 1.000000
-43.934000 -37.486300 0 -6.483370 2.945140 185.566000 191.167000 -13 2044 1 0 1.000000
8.320400 -16.684000 0 -0.673380 -21.291200 222.135000 190.230000 -13 2045 1 0 1.000000
12.958100 -24.075400 0 -10.492700 -5.164900 219.385000 190.035000 -13 2046 1 0 1.000000
13.462400 -26.054600 0 -6.924490 0.088081 227.885000 190.134000 -13 2047 1 0 1.000000
-6.946610 -29.645600 0 -19.302700 -10.333500 229.635000 190.110000 -13 2048 1 0 1.000000
-4.627740 -10.187900 0 3.931730 -14.972100 224.493000 190.081000 -13 2049 1 0 1.000000
9.450730 -27.384200 0 -6.305360 0.936524 227.587000 190.217000 -13 2050 1 0 1.000000
23.000100 -11.728000 0 -0.306982 -14.185300 226.113000 190.210000 -13 2051 1 0 1.000000
9.098260 1.545540 0 11.978300 -16.597000 220.428000 190.119000 -13 2052 1 0 1.000000
-9.954910 -15.651400 0 -10.019400 -3.243520 226.102000 189.993000 -13 2053 1 0 1.000000
-8.313590 -21.278600 0 -8.319000 -10.908200 223.074000 190.098000 -13 2054 1 0 1.000000
-18.454900 -28.127300 0 9.565690 9.104100 175.469000 190.029000 -13 2055 1 0 1.000000
5.675230 0.750694 0 -9.464020 -0.220650 195.730000 190.351000 -13 2056 1 0 1.000000
-18.133700 2.465060 0 9.822420 -4.996870 177.826000 190.124000 -13 2057 1 0 1.000000
11.685200 -13.740500 0 2.823730 -8.676310 194.713000 190.495000 -13 2058 1 0 1.000000
13.309900 -25.705100 0 11.802900 -3.268810 186.633000 190.449000 -13 2059 1 0 1.000000
-0.624895 -7.603060 0 -34.277000 11.656200 214.715000 189.673000 -13 2060 1 0 1.000000
-7.178770 -11.177300 0 6.910270 -12.610500 190.091000 190.548000 -13 2061 1 0 1.000000
-7.905800 -8.077540 0 -30.901800 -3.259370 192.540000 189.630000 -13 2062 1 0 1.000000
8.108220 -13.964000 0 -36.613000 7.435850 165.156000 190.308000 -13 2063 1 0 1.000000
8.864050 -24.451300 0 5.865180 1.529020 185.891000 190.280000 -13 2064 1 0 1.000000
-34.117600 35.408700 0 3.082320 -10.104400 187.995000 189.875000 -13 2065 1 0 1.000000
17.523000 -22.196300 0 17.779700 1.214320 175.933000 190.222000 -13 2066 1 0 1.000000
-6.947040 -23.558400 0 13.278800 -21.439200 183.655000 189.678000 -13 2067 1 0 1.000000
-29.962900 26.618500 0 4.890670 -34.209100 193.089000 190.012000 -13 2068 1 0 1.000000
3.169790 -33.114700 0 10.473400 -20.250700 183.691000 190.172000 -13 2069 1 0 1.000000
-23.086000 23.594700 0 -13.262600 12.769500 226.559000 189.569000 -13 2070 1 0 1.000000
11.774600 -25.496100 0 -6.529190 4.599580 180.182000 190.247000 -13 2071 1 0 1.000000
-36.575800 46.591200 0 10.674500 -17.160500 253.204000 190.358000 -13 2072 1 0 1.000000
1.031800 -15.850900 0 -19.793600 18.492300 216.783000 189.935000 -13 2073 1 0 1.000000
-24.992400 -12.534100 0 8.503780 7.978280 217.766000 190.012000 -13 2074 1 0 1.000000
53.348900 -23.101600 0 -13.724800 16.479200 212.256000 190.035000 -13 2075 1 0 1.000000
-13.891800 -9.967440 0 -4.015880 2.423260 204.840000 189.911000 -13 2076 1 0 1.000000
-18.415800 -14.458800 0 -6.591750 11.637500 205.480000 189.959000 -13 2077 1 0 1.000000
-65.807000 -27.976900 0 50.661700 28.607000 230.591000 190.462000 -13 2078 1 0 1.000000
7.031970 1.609210 0 -18.458100 6.534540 215.208000 189.901000 -13 2079 1 0 1.000000
-36.273000 0.698316 0 -10.786600 6.837970 216.287000 189.904000 -13 2080 1 0 1.000000
-19.210600 -3.286150 0 -18.709400 8.532520 210.724000 189.954000 -13 2081 1 0 1.000000
5.655840 11.203300 0 7.580890 -12.051200 214.180000 190.151000 -13 2082 1 0 1.000000
16.939700 -10.073400 0 3.874240 2.642950 220.132000 189.991000 -13 2083 1 0 1.000000
27.430300 -13.079200 0 -3.891430 -1.638570 224.117000 190.193000 -13 2084 1 0 1.000000
4.312300 -10.399400 0 8.422980 5.313060 209.693000 190.037000 -13 2085 1 0 1.000000
33.922200 -5.784670 0 6.551750 8.678270 224.442000 190.204000 -13 2086 1 0 1.000000
5.037430 -17.838700 0 -5.756920 -5.965610 218.478000 190.174000 -13 2087 1 0 1.000000
-8.923630 -14.856400 0 20.101900 -12.304300 213.614000 190.010000 -13 2088 1 0 1.000000
-10.853800 -26.237500 0 21.001800 5.611540 207.403000 190.280000 -13 2089 1 0 1.000000
7.499290 -14.676600 0 -2.801840 4.343580 219.641000 190.038000 -13 2090 1 0 1.000000
2.017450 8.628090 0 -5.916890 7.531960 214.934000 190.034000 -13 2091 1 0 1.000000
-32.919100 -24.526700 0 2.157550 -2.865170 190.405000 190.327000 -13 2092 1 0 1.000000
-23.500100 -30.615000 0 -12.582500 9.244780 190.144000 190.303000 -13 2093 1 0 1.000000
2.867960 -14.994000 0 -7.743050 -1.272200 200.480000 190.302000 -13 2094 1 0 1.000000
3.315510 -18.976500 0 -9.863840 -14.995800 195.416000 190.278000 -13 2095 1 0 1.000000
-10.942500 -18.249000 0 -11.071600 -3.631570 177.104000 190.154000 -13 2096 1 0 1.000000
-12.879600 -8.309350 0 3.321160 1.230170 203.326000 190.375000 -13 2097 1 0 1.000000
-12.306400 -26.727200 0 -15.169000 2.442510 181.152000 190.174000 -13 2098 1 0 1.000000
-28.030100 5.052000 0 4.577620 -0.880684 197.726000 190.279000 -13 2099 1 0 1.000000
-21.086900 -11.967700 0 -11.017900 -5.838900 196.676000 190.216000 -13 2100 1 0 1.000000
-6.161000 -15.977200 0 -4.313390 -1.338440 190.108000 190.249000 -13 2101 1 0 1.000000
1.878350 9.300190 0 -6.473850 -8.758870 203.757000 190.037000 -13 2102 1 0 1.000000
-47.981200 -38.994700 0 9.733450 32.982200 218.659000 189.926000 -13 2103 1 0 1.000000
-3.538140 -12.240900 0 -15.781700 2.385990 215.675000 190.049000 -13 2104 1 0 1.000000
34.343100 -28.312300 0 -3.258260 -2.707820 219.871000 190.103000 -13 2105 1 0 1.000000
43.504300 -48.775000 0 -9.180630 -0.556570 219.303000 190.102000 -13 2106 1 0 1.000000
2.402510 -25.291800 0 -19.732700 5.213840 215.934000 190.005000 -13 2107 1 0 1.000000
46.218300 -17.635600 0 -5.366340 5.398320 210.226000 190.203000 -13 2108 1 0 1.000000
17.894800 25.749300 0 15.372800 19.967900 248.472000 189.930000 -13 2109 1 0 1.000000
58.304800 -14.463300 0 -4.001980 -7.827200 223.263000 190.180000 -13 2110 1 0 1.000000
22.481200 1.095990 0 -5.331600 -4.820350 218.723000 190.048000 -13 2111 1 0 1.000000
-31.338500 -2.098300 0 -22.183400 -14.523900 203.152000 190.004000 -13 2112 1 0 1.000000
-43.110000 -33.902000 0 -1.367250 -5.278350 207.145000 189.948000 -13 2113 1 0 1.000000
-33.600100 -31.291900 0 0.300248 -9.086530 209.299000 190.017000 -13 2114 1 0 1.000000
-21.179500 -9.911980 0 -12.989500 -6.910300 204.287000 190.118000 -13 2115 1 0 1.000000
-15.709500 -21.599200 0 -15.633000 9.652760 203.821000 189.989000 -13 2116 1 0 1.000000
-37.900800 5.228070 0 -13.269100 -7.770130 218.853000 190.007000 -13 2117 1 0 1.000000
-43.164800 -11.658900 0 4.774940 4.359130 214.804000 190.082000 -13 2118 1 0 1.000000
-33.288000 -27.570900 0 -19.407300 2.076040 215.142000 190.008000 -13 2119 1 0 1.000000
-39.908300 -33.110400 0 -5.064480 13.008800 210.813000 190.157000 -13 2120 1 0 1.000000
-21.388600 -33.806300 0 -17.817500 -5.219720 210.347000 190.108000 -13 2121 1 0 1.000000
-9.536010 -1.641810 0 -5.698660 8.490270 183.583000 190.234000 -13 2122 1 0 1.000000
-1.987090 -16.876800 0 -8.961980 15.006600 182.073000 190.203000 -13 2123 1 0 1.000000
6.586290 -19.038300 0 -13.687100 16.829400 171.884000 190.077000 -13 2124 1 0 1.000000
15.009700 -8.135230 0 7.919540 3.864290 176.971000 189.986000 -13 2125 1 0 1.000000
-24.454900 -7.301240 0 2.336120 7.078810 185.801000 190.198000 -13 2126 1 0 1.000000
15.390900 1.903180 0 12.551600 14.093000 190.118000 190.246000 -13 2127 1 0 1.000000
-34.392500 -28.389500 0 1.871900 8.247760 179.436000 190.077000 -13 2128 1 0 1.000000
-0.332316 -28.034500 0 -27.255500 13.207700 177.672000 190.059000 -13 2129 1 0 1.000000
20.611200 -31.705500 0 -32.755800 0.854013 179.493000 190.029000 -13 2130 1 0 1.000000
-15.614600 -10.701000 0 -18.050100 13.742400 183.558000 190.420000 -13 2131 1 0 1.000000
-29.155100 11.169800 0 -7.734000 10.839000 207.976000 190.544000 -13 2132 1 0 1.000000
-15.227500 -14.772700 0 -17.163400 13.172800 221.055000 190.227000 -13 2133 1 0 1.000000
-22.334700 -8.710720 0 -12.330000 13.492600 225.817000 190.368000 -13 2134 1 0 1.000000
-18.857300 -5.882910 0 0.458916 -8.284660 215.808000 190.381000 -13 2135 1 0 1.000000
-30.934400 7.534910 0 -18.134200 0.485330 214.804000 190.365000 -13 2136 1 0 1.000000
-29.723500 -1.865950 0 1.124350 12.349000 222.923000 190.368000 -13 2137 1 0 1.000000
-14.323600 19.392200 0 -12.968400 -1.381720 211.780000 190.389000 -13 2138 1 0 1.000000
28.141100 -17.548600 0 -18.045400 0.541922 188.608000 190.413000 -13 2139 1 0 1.000000
-20.321500 -6.615610 0 -7.130380 24.622900 203.179000 190.397000 -13 2140 1 0 1.000000
-11.633800 -3.777380 0 8.350280 1.797240 205.599000 190.490000 -13 2141 1 0 1.000000
-0.575437 -17.483200 0 15.056100 -6.525800 203.920000 190.462000 -13 2142 1 0 1.000000
6.070820 10.223700 0 0.702359 -10.672000 204.475000 190.446000 -13 2143 1 0 1.000000
-9.044380 5.520620 0 11.006400 -10.785000 204.978000 190.402000 -13 2144 1 0 1.000000
3.837470 -31.525100 0 5.446610 -5.130670 207.823000 190.486000 -13 2145 1 0 1.000000
-2.451950 9.603940 0 17.504700 -11.718400 195.337000 190.650000 -13 2146 1 0 1.000000
-13.232600 -27.318200 0 13.936000 -17.564100 204.382000 190.418000 -13 2147 1 0 1.000000
-6.925220 -21.365400 0 12.918600 1.808280 204.710000 190.479000 -13 2148 1 0 1.000000
-16.136800 -2.424120 0 5.197130 -7.470270 192.363000 190.348000 -13 2149 1 0 1.000000
-18.594900 5.666010 0 1.959330 -12.710200 199.415000 190.452000 -13 2150 1 0 1.000000
-16.426600 0.784450 0 -0.255644 -11.045900 223.065000 190.136000 -13 2151 1 0 1.000000
-11.159200 -16.296200 0 -7.267320 -3.732220 221.898000 190.098000 -13 2152 1 0 1.000000
-2.012990 -8.604550 0 -13.602600 -8.427330 216.398000 190.053000 -13 2153 1 0 1.000000
-33.826000 3.074910 0 -6.462650 -1.455080 212.411000 190.182000 -13 2154 1 0 1.000000
-11.571700 -31.007500 0 -12.999900 5.736010 213.166000 190.230000 -13 2155 1 0 1.000000
-3.365360 -16.774600 0 -6.026070 -4.108390 213.567000 190.194000 -13 2156 1 0 1.000000
-22.135700 -0.854355 0 16.298600 -5.733490 210.166000 190.307000 -13 2157 1 0 1.000000
-15.886600 -21.298100 0 -4.927160 -2.484520 221.870000 190.184000 -13 2158 1 0 1.000000
-29.033800 -18.496800 0 7.060120 -10.176700 213.960000 190.241000 -13 2159 1 0 1.000000
-6.119190 -26.741000 0 -3.118980 -0.466280 211.543000 190.213000 -13 2160 1 0 1.000000
27.452600 -30.060900 0 12.197300 -1.623410 218.935000 190.007000 -13 2161 1 0 1.000000
-21.832700 1.990600 0 4.617880 7.914260 215.548000 190.061000 -13 2162 1 0 1.000000
-21.385400 -10.413500 0 -13.483900 -5.511710 215.736000 190.111000 -13 2163 1 0 1.000000
-27.177700 10.675500 0 4.450460 -3.577810 215.663000 190.012000 -13 2164 1 0 1.000000
10.932800 -18.000100 0 3.299160 8.008830 214.449000 189.964000 -13 2165 1 0 1.000000
-9.606770 -23.854700 0 11.837300 -19.316900 219.346000 190.004000 -13 2166 1 0 1.000000
-5.372720 4.177650 0 8.849960 -2.954560 219.455000 190.101000 -13 2167 1 0 1.000000
-36.866400 3.595530 0 -7.905930 0.841291 217.422000 189.966000 -13 2168 1 0 1.000000
-16.965200 -8.255280 0 -5.916040 2.262970 212.194000 189.953000 -13 2169 1 0 1.000000
-17.491100 -36.883400 0 -8.223650 8.423800 222.747000 189.993000 -13 2170 1 0 1.000000
-28.549200 15.517000 0 -17.771800 10.411600 220.464000 190.124000 -13 2171 1 0 1.000000
-40.113600 17.137300 0 0.556546 -5.211180 212.465000 190.161000 -13 2172 1 0 1.000000
47.596300 -54.434200 0 -5.128370 13.958800 234.792000 189.958000 -13 2173 1 0 1.000000
-30.092100 2.338050 0 -3.231070 3.778700 214.145000 190.044000 -13 2174 1 0 1.000000
-22.964900 28.062500 0 2.677770 2.948920 211.444000 190.203000 -13 2175 1 0 1.000000
-19.407600 -1.681660 0 -13.777000 4.786540 200.662000 190.112000 -13 2176 1 0 1.000000
-19.333400 16.729200 0 -4.748520 12.312100 205.972000 190.096000 -13 2177 1 0 1.000000
-25.511200 15.909900 0 -17.471300 1.364570 211.907000 190.090000 -13 2178 1 0 1.000000
7.224730 -30.211400 0 -12.163200 14.145900 198.885000 190.046000 -13 2179 1 0 1.000000
-6.398170 22.834000 0 19.628100 13.818600 187.959000 189.707000 -13 2180 1 0 1.000000
36.044500 -31.831900 0 -37.944300 -8.155560 183.685000 190.386000 -13 2181 1 0 1.000000
-2.180880 -22.739100 0 1.274620 -15.726500 197.480000 190.453000 -13 2182 1 0 1.000000
2.542800 5.451150 0 26.132000 -29.872700 194.928000 190.324000 -13 2183 1 0 1.000000
0.727852 -2.285910 0 -18.503600 -6.549730 185.899000 190.256000 -13 2184 1 0 1.000000
-0.802522 -40.338600 0 -2.447630 -7.364600 187.787000 190.477000 -13 2185 1 0 1.000000
17.923000 -31.577600 0 -4.913770 -10.923100 189.727000 190.396000 -13 2186 1 0 1.000000
11.198200 14.952500 0 14.628100 -37.264400 187.057000 190.305000 -13 2187 1 0 1.000000
26.444600 11.799700 0 13.615700 0.210680 191.767000 190.015000 -13 2188 1 0 1.000000
34.141800 13.532100 0 10.134100 -8.305050 179.333000 189.820000 -13 2189 1 0 1.000000
-30.685200 -40.130900 0 3.818560 -4.829700 213.392000 190.077000 -13 2190 1 0 1.000000
-47.416500 -17.139500 0 -6.120160 6.590980 219.192000 190.099000 -13 2191 1 0 1.000000
10.661700 -37.726700 0 -5.323270 5.003040 218.768000 190.290000 -13 2192 1 0 1.000000
0.399840 -37.395300 0 -6.315280 -9.023110 222.711000 190.400000 -13 2193 1 0 1.000000
9.559420 -24.100400 0 -0.056530 -0.884773 215.950000 190.132000 -13 2194 1 0 1.000000
-42.540600 4.137140 0 -2.951100 -25.506000 222.844000 190.120000 -13 2195 1 0 1.000000
-17.615400 -27.836500 0 11.050100 -3.256280 216.140000 190.131000 -13 2196 1 0 1.000000
-15.960400 -31.613800 0 -9.647870 0.824577 210.614000 190.149000 -13 2197 1 0 1.000000
-7.383030 -19.241700 0 -8.116770 -12.615100 219.453000 190.068000 -13 2198 1 0 1.000000
-45.874900 -22.909600 0 -5.025610 -5.458250 216.263000 190.130000 -13 2199 1 0 1.000000
13.561800 7.800650 0 12.691700 8.164810 184.263000 189.702000 -13 2200 1 0 1.000000
-8.651740 -7.252830 0 8.256980 -8.099990 173.700000 190.109000 -13 2201 1 0 1.000000
-5.239480 -20.077500 0 -14.292200 -14.119000 177.584000 189.782000 -13 2202 1 0 1.000000
1.975870 -7.443070 0 -4.768660 -0.733286 184.281000 190.020000 -13 2203 1 0 1.000000
-25.083200 22.585500 0 -5.048410 19.601700 192.345000 189.710000 -13 2204 1 0 1.000000
4.072430 -7.058760 0 -7.724340 14.250500 184.321000 190.012000 -13 2205 1 0 1.000000
-9.822830 -3.767820 0 5.214340 -0.277446 178.739000 190.027000 -13 2206 1 0 1.000000
2.404010 -3.445800 0 -4.234850 1.645180 170.918000 189.950000 -13 2207 1 0 1.000000
7.054460 -2.253930 0 -2.764570 13.191200 179.181000 189.806000 -13 2208 1 0 1.000000
-7.232470 0.568927 0 -19.678600 -9.433150 236.119000 190.150000 -13 2209 1 0 1.000000
1.283120 4.719940 0 -8.563470 -13.576700 227.516000 190.262000 -13 2210 1 0 1.000000
-29.177500 -39.048100 0 1.954260 -9.729320 225.542000 189.958000 -13 2211 1 0 1.000000
-0.015227 -16.233800 0 -9.306760 -16.441000 232.761000 190.053000 -13 2212 1 0 1.000000
-18.595000 -22.245800 0 -10.445000 -6.988050 220.067000 190.008000 -13 2213 1 0 1.000000
-4.795910 -6.816860 0 -10.181800 -21.592700 219.936000 190.053000 -13 2214 1 0 1.000000
-21.929000 -0.240093 0 -16.951200 -9.857210 225.556000 190.130000 -13 2215 1 0 1.000000
-9.622100 -9.903760 0 -11.846800 -8.139750 224.165000 190.019000 -13 2216 1 0 1.000000
11.265900 1.720450 0 -16.295400 -1.784600 233.361000 190.078000 -13 2217 1 0 1.000000
3.168860 -12.308500 0 -4.204470 -18.040400 217.972000 189.935000 -13 2218 1 0 1.000000
-15.301100 -24.081200 0 16.242900 14.949400 197.268000 190.327000 -13 2219 1 0 1.000000
-23.679200 -24.711300 0 1.200170 -35.876600 205.197000 190.240000 -13 2220 1 0 1.000000
-0.558952 -67.199500 0 13.349000 -8.669710 190.993000 190.384000 -13 2221 1 0 1.000000
-10.447900 -38.868000 0 1.043920 -33.461500 197.543000 190.252000 -13 2222 1 0 1.000000
7.551300 -12.606200 0 -15.024600 -33.634900 207.164000 190.189000 -13 2223 1 0 1.000000
-24.843800 -40.459900 0 -0.913208 -4.772410 202.586000 190.256000 -13 2224 1 0 1.000000
-21.341200 -40.550700 0 -3.998170 -19.565600 200.333000 190.116000 -13 2225 1 0 1.000000
1.898760 -59.467700 0 -4.101310 7.050000 191.382000 190.262000 -13 2226 1 0 1.000000
-8.470700 -29.501500 0 12.205800 -33.085000 199.156000 190.141000 -13 2227 1 0 1.000000
-1.731850 -35.332100 0 -2.032490 -23.529500 200.576000 190.239000 -13 2228 1 0 1.000000
12.053500 -0.042155 0 3.353950 14.683900 176.332000 189.973000 -13 2229 1 0 1.000000
3.406110 -71.289000 0 5.238110 2.176360 198.557000 189.833000 -13 2230 1 0 1.000000
-3.524680 -33.259900 0 25.821500 25.338600 192.074000 190.108000 -13 2231 1 0 1.000000
13.666200 -42.169800 0 26.954500 21.696500 194.905000 190.101000 -13 2232 1 0 1.000000
44.237000 -34.630800 0 -1.804740 15.069500 197.198000 190.365000 -13 2233 1 0 1.000000
11.427500 31.747000 0 -2.609410 -2.470270 192.688000 190.290000 -13 2234 1 0 1.000000
33.028500 -9.722590 0 22.682200 26.170200 200.852000 190.255000 -13 2235 1 0 1.000000
-6.122350 6.071550 0 -8.255300 -4.826630 187.668000 190.353000 -13 2236 1 0 1.000000
22.358200 8.103880 0 -13.700800 23.493700 189.986000 190.138000 -13 2237 1 0 1.000000
-0.082690 7.053790 0 -1.441180 2.156980 186.175000 190.304000 -13 2238 1 0 1.000000
17.142700 -7.083300 0 9.582990 4.860470 210.522000 190.276000 -13 2239 1 0 1.000000
-7.838660 8.105730 0 20.844600 2.923530 211.312000 190.271000 -13 2240 1 0 1.000000
-4.227600 -25.625800 0 20.815600 10.045400 205.030000 190.201000 -13 2241 1 0 1.000000
11.626900 -49.982800 0 15.350700 6.835130 210.496000 190.345000 -13 2242 1 0 1.000000
9.173350 -24.533200 0 13.704000 -12.206800 212.041000 190.199000 -13 2243 1 0 1.000000
16.789600 -0.659505 0 8.428660 2.388940 209.598000 190.114000 -13 2244 1 0 1.000000
11.111700 -42.539600 0 -1.102120 -3.563010 201.027000 190.227000 -13 2245 1 0 1.000000
-14.262300 -33.727800 0 12.223900 6.995970 210.395000 190.125000 -13 2246 1 0 1.000000
13.610200 -6.659990 0 11.983600 13.905500 199.298000 190.271000 -13 2247 1 0 1.000000
6.236390 -27.564400 0 9.689220 -7.233800 199.553000 190.169000 -13 2248 1 0 1.000000
-9.013580 -25.348600 0 4.653630 -10.632600 239.476000 189.642000 -13 2249 1 0 1.000000
42.825800 -25.554800 0 0.796875 -13.478700 192.028000 189.630000 -13 2250 1 0 1.000000
16.338600 -42.934600 0 -16.369900 1.414330 184.803000 189.825000 -13 2251 1 0 1.000000
-31.503400 -4.104990 0 -7.095290 16.596900 191.391000 190.169000 -13 2252 1 0 1.000000
45.762000 -39.193500 0 15.583900 -24.512200 207.943000 189.763000 -13 2253 1 0 1.000000
-1.972050 3.382800 0 33.182600 -25.690200 244.801000 189.874000 -13 2254 1 0 1.000000
20.741800 -0.906357 0 12.455900 -20.624000 228.132000 190.059000 -13 2255 1 0 1.000000
2.225130 -14.266800 0 18.648500 -20.226100 222.821000 189.929000 -13 2256 1 0 1.000000
20.154300 -9.202770 0 0.782613 -14.376800 236.145000 190.044000 -13 2257 1 0 1.000000
20.446700 1.629330 0 -12.683000 -4.045600 222.308000 190.135000 -13 2258 1 0 1.000000
15.434100 -10.767900 0 15.712000 -5.691460 218.565000 190.021000 -13 2259 1 0 1.000000
24.198100 -42.141500 0 -7.254900 4.639400 237.996000 190.020000 -13 2260 1 0 1.000000
44.841200 -5.448110 0 -13.140300 -4.966710 224.442000 190.044000 -13 2261 1 0 1.000000
20.407900 18.600400 0 16.247700 4.248430 230.312000 190.131000 -13 2262 1 0 1.000000
55.297500 0.365893 0 17.422700 0.323222 234.667000 190.488000 -13 2263 1 0 1.000000
30.185500 7.544410 0 -9.130850 10.618700 229.798000 190.128000 -13 2264 1 0 1.000000
-12.635500 -8.665350 0 -6.826440 -0.185565 199.339000 190.573000 -13 2265 1 0 1.000000
-13.165400 -8.921910 0 -2.549840 2.930150 189.059000 190.613000 -13 2266 1 0 1.000000
-9.879970 -2.526870 0 -10.475400 7.802190 190.880000 190.386000 -13 2267 1 0 1.000000
8.629410 12.722000 0 5.719340 1.337900 189.524000 190.883000 -13 2268 1 0 1.000000
-1.138310 12.634200 0 -5.247780 6.099950 182.156000 190.361000 -13 2269 1 0 1.000000
10.212800 -21.114800 0 -8.786710 -16.048100 169.615000 190.138000 -13 2270 1 0 1.000000
-27.005200 27.738900 0 3.580320 -16.063600 206.095000 190.415000 -13 2271 1 0 1.000000
36.424400 -52.469700 0 -14.958000 27.270400 198.941000 190.072000 -13 2272 1 0 1.000000
-21.032200 44.631900 0 -16.736900 1.486840 206.535000 190.410000 -13 2273 1 0 1.000000
-20.169300 16.801600 0 -18.653100 20.782300 212.582000 190.300000 -13 2274 1 0 1.000000
22.430400 4.325470 0 -24.264700 33.148400 201.820000 190.383000 -13 2275 1 0 1.000000
-44.288500 15.936900 0 -9.911850 -11.117600 225.751000 190.309000 -13 2276 1 0 1.000000
-12.068100 13.607300 0 -15.450400 23.202800 194.434000 190.188000 -13 2277 1 0 1.000000
-18.997600 19.930500 0 -17.081600 23.109800 202.878000 190.189000 -13 2278 1 0 1.000000
-23.983200 51.105200 0 -7.572510 -11.714400 204.347000 190.510000 -13 2279 1 0 1.000000
-43.856000 36.466100 0 0.625925 -3.725130 205.897000 190.670000 -13 2280 1 0 1.000000
-23.964300 -21.139500 0 22.251200 0.289655 212.005000 190.240000 -13 2281 1 0 1.000000
15.621200 -38.043000 0 2.703190 -9.808040 215.999000 190.046000 -13 2282 1 0 1.000000
-71.196500 36.498800 0 8.495470 5.400630 224.159000 190.157000 -13 2283 1 0 1.000000
31.579600 8.760000 0 10.236100 -20.463500 215.685000 190.244000 -13 2284 1 0 1.000000
17.856700 -15.618800 0 0.757519 -9.664400 202.938000 190.165000 -13 2285 1 0 1.000000
17.106400 -41.930600 0 -1.388540 -4.618000 220.580000 190.201000 -13 2286 1 0 1.000000
11.164300 -11.644600 0 28.741800 -16.511100 209.804000 190.313000 -13 2287 1 0 1.000000
7.121450 -5.938130 0 -27.473900 -6.575860 215.119000 190.523000 -13 2288 1 0 1.000000
-30.941000 -50.738700 0 -4.088750 8.341540 244.153000 189.814000 -13 2289 1 0 1.000000
-0.750987 17.942000 0 -15.828100 -16.486000 198.050000 190.603000 -13 2290 1 0 1.000000
13.326600 -2.103200 0 -4.222960 -29.403500 201.183000 190.501000 -13 2291 1 0 1.000000
4.943210 -40.166700 0 13.953000 -6.367640 212.609000 190.464000 -13 2292 1 0 1.000000
9.903230 15.229100 0 -8.355020 -19.981800 216.036000 190.301000 -13 2293 1 0 1.000000
-4.496560 -105.984000 0 -13.292000 -12.434000 221.064000 189.877000 -13 2294 1 0 1.000000
4.679730 24.689400 0 18.341600 -20.622200 192.139000 190.386000 -13 2295 1 0 1.000000
-23.338400 -29.746700 0 -4.762000 34.256000 181.777000 190.123000 -13 2296 1 0 1.000000
-5.349440 -2.997150 0 -4.655280 -13.993600 210.335000 190.472000 -13 2297 1 0 1.000000
-38.612500 24.408000 0 -10.007800 -4.528560 215.345000 190.373000 -13 2298 1 0 1.000000
-33.172300 9.310660 0 8.198770 -5.201410 222.461000 190.341000 -13 2299 1 0 1.000000
-18.475700 14.492300 0 3.628230 -5.872190 235.687000 190.377000 -13 2300 1 0 1.000000
-35.053500 1.122570 0 1.312890 1.197150 221.124000 190.143000 -13 2301 1 0 1.000000
-50.693800 7.893580 0 -2.315560 -3.723190 221.332000 190.378000 -13 2302 1 0 1.000000
12.802900 -11.093100 0 22.382500 2.404900 207.801000 190.546000 -13 2303 1 0 1.000000
-23.540200 4.600240 0 15.725800 15.178900 210.783000 190.544000 -13 2304 1 0 1.000000
-58.939900 4.546760 0 7.197950 10.993900 219.904000 190.418000 -13 2305 1 0 1.000000
-51.438200 6.910920 0 8.168240 4.098670 196.494000 190.903000 -13 2306 1 0 1.000000
-40.534400 -22.512100 0 14.817700 21.996700 216.792000 190.401000 -13 2307 1 0 1.000000
-32.542400 23.853700 0 0.331743 -4.445260 226.741000 189.912000 -13 2308 1 0 1.000000
-36.125600 31.012100 0 2.022370 -10.553700 223.407000 189.925000 -13 2309 1 0 1.000000
-18.576200 -19.515400 0 -17.041800 32.571900 197.675000 189.845000 -13 2310 1 0 1.000000
9.344340 -5.413620 0 12.768400 -11.453800 214.501000 190.077000 -13 2311 1 0 1.000000
-25.486500 -0.416980 0 -2.617110 -5.475330 226.117000 189.970000 -13 2312 1 0 1.000000
-38.753300 -7.842750 0 17.047600 -1.647460 222.580000 190.002000 -13 2313 1 0 1.000000
2.415010 -6.625560 0 21.681900 -12.855900 227.337000 190.099000 -13 2314 1 0 1.000000
-6.143160 6.233630 0 -2.271490 -13.018100 223.207000 189.907000 -13 2315 1 0 1.000000
-14.643500 -14.179200 0 3.232410 -3.344760 228.119000 189.997000 -13 2316 1 0 1.000000
-52.509600 18.536200 0 -11.267900 -8.008430 224.506000 190.134000 -13 2317 1 0 1.000000
-21.231600 5.152480 0 7.570850 -10.517500 226.289000 189.972000 -13 2318 1 0 1.000000
-26.455900 0.696399 0 14.214400 -3.739670 218.078000 190.089000 -13 2319 1 0 1.000000
-4.260250 28.503500 0 16.400200 -14.306100 230.147000 189.977000 -13 2320 1 0 1.000000
-30.466400 -5.876540 0 20.405600 -10.798400 218.688000 190.219000 -13 2321 1 0 1.000000
-16.787700 25.609500 0 2.303630 -8.266370 220.626000 190.088000 -13 2322 1 0 1.000000
1.713000 12.088100 0 8.677660 -13.013000 229.519000 190.148000 -13 2323 1 0 1.000000
-23.843700 2.361190 0 14.159300 -6.961710 231.263000 190.084000 -13 2324 1 0 1.000000
-23.457000 -14.984600 0 1.627640 -6.020750 200.331000 190.102000 -13 2325 1 0 1.000000
-7.763710 -9.601430 0 -11.415200 2.572490 206.349000 190.170000 -13 2326 1 0 1.000000
-10.900200 -11.935400 0 -6.686660 11.415300 199.286000 190.104000 -13 2327 1 0 1.000000
11.660900 -23.330500 0 -3.417310 7.102340 211.467000 190.108000 -13 2328 1 0 1.000000
-13.318600 -38.518400 0 0.850791 3.844250 207.559000 190.056000 -13 2329 1 0 1.000000
11.004100 -14.898600 0 0.110384 5.140560 199.777000 190.144000 -13 2330 1 0 1.000000
16.840500 -30.919400 0 6.933260 11.873300 197.140000 190.062000 -13 2331 1 0 1.000000
-3.522590 -58.574700 0 1.403280 -5.632420 196.903000 190.173000 -13 2332 1 0 1.000000
8.233250 -10.711300 0 -0.170666 0.821945 192.289000 190.188000 -13 2333 1 0 1.000000
18.573300 -15.821400 0 7.648160 12.379800 201.943000 190.210000 -13 2334 1 0 1.000000
-11.670700 -11.032900 0 1.083400 -0.314553 207.948000 190.405000 -13 2335 1 0 1.000000
-6.913500 -29.274000 0 17.486600 -14.029800 194.655000 190.458000 -13 2336 1 0 1.000000
-35.725700 -11.460300 0 -4.880890 -27.182800 197.752000 190.446000 -13 2337 1 0 1.000000
-28.666700 10.119000 0 -5.649780 -25.505000 200.714000 190.384000 -13 2338 1 0 1.000000
-6.408010 -14.438400 0 -8.020760 -7.029370 191.254000 190.373000 -13 2339 1 0 1.000000
-8.163530 -55.314400 0 -1.176670 -2.558980 192.049000 190.397000 -13 2340 1 0 1.000000
6.035020 17.132800 0 -19.353000 -18.705800 184.820000 190.389000 -13 2341 1 0 1.000000
3.386460 9.592850 0 -20.185300 -16.762300 194.847000 190.271000 -13 2342 1 0 1.000000
-28.109800 -17.359200 0 -4.311690 -7.669880 197.419000 190.429000 -13 2343 1 0 1.000000
-40.970600 -31.694200 0 -9.056700 -24.569800 206.181000 190.442000 -13 2344 1 0 1.000000
-40.451500 0.551394 0 -3.239340 -15.019100 221.120000 190.025000 -13 2345 1 0 1.000000
-21.747700 -14.277700 0 5.215950 -12.614600 221.452000 190.182000 -13 2346 1 0 1.000000
-11.926100 -2.440200 0 6.697170 -8.660140 217.571000 190.005000 -13 2347 1 0 1.000000
-12.696400 -3.339220 0 -4.809100 -13.941000 223.790000 189.967000 -13 2348 1 0 1.000000
-46.626400 1.545230 0 8.923220 -16.576600 227.732000 190.185000 -13 2349 1 0 1.000000
-36.306100 -2.885650 0 0.453640 -6.585160 224.795000 190.110000 -13 2350 1 0 1.000000
-30.366900 -7.909350 0 -0.822205 -5.929290 216.771000 190.011000 -13 2351 1 0 1.000000
-14.629800 -13.837900 0 -2.359600 11.094500 227.636000 190.174000 -13 2352 1 0 1.000000
-13.016800 -4.789890 0 -3.522180 12.128500 223.889000 190.112000 -13 2353 1 0 1.000000
9.198290 -75.409000 0 -6.003600 0.387048 226.246000 189.949000 -13 2354 1 0 1.000000
-7.633390 -36.240600 0 6.360980 4.699020 218.292000 190.030000 -13 2355 1 0 1.000000
4.428660 -43.901600 0 -1.206500 18.132200 224.015000 190.271000 -13 2356 1 0 1.000000
-38.705800 -78.077200 0 -3.452410 2.476510 238.529000 190.157000 -13 2357 1 0 1.000000
-22.938300 -40.906500 0 5.091340 17.569300 228.057000 190.149000 -13 2358 1 0 1.000000
-19.460200 -21.882800 0 1.802100 11.416600 221.076000 190.255000 -13 2359 1 0 1.000000
-26.122300 5.442670 0 1.803850 8.273880 228.081000 190.089000 -13 2360 1 0 1.000000
-9.749140 -14.290700 0 19.370800 5.700310 225.508000 190.028000 -13 2361 1 0 1.000000
38.473900 -1.046220 0 1.058580 4.198230 232.744000 190.193000 -13 2362 1 0 1.000000
-21.720200 -0.599424 0 -15.858300 2.655280 224.583000 190.041000 -13 2363 1 0 1.000000
-4.083870 -3.643940 0 -17.692800 3.286200 224.617000 190.179000 -13 2364 1 0 1.000000
-20.893100 27.264600 0 -18.862900 -7.498450 236.320000 190.183000 -13 2365 1 0 1.000000
25.014700 20.181900 0 -18.899200 0.049373 223.873000 190.078000 -13 2366 1 0 1.000000
1.471210 -6.364270 0 -15.081100 -4.234220 229.639000 190.034000 -13 2367 1 0 1.000000
-9.099340 21.672000 0 3.119310 3.132380 232.708000 190.070000 -13 2368 1 0 1.000000
24.040100 -9.199970 0 -23.649600 22.218200 239.442000 190.315000 -13 2369 1 0 1.000000
13.082400 23.271300 0 -15.426500 0.241795 228.353000 190.097000 -13 2370 1 0 1.000000
-11.658100 3.965800 0 22.143500 -11.943600 229.172000 190.181000 -13 2371 1 0 1.000000
13.796900 -1.066880 0 6.989170 -14.645000 225.918000 190.020000 -13 2372 1 0 1.000000
27.826900 14.633300 0 8.127260 17.321600 230.460000 190.219000 -13 2373 1 0 1.000000
-13.854800 24.247000 0 12.550500 -0.760315 215.079000 189.924000 -13 2374 1 0 1.000000
-10.997700 -4.543170 0 17.117300 -14.615200 217.846000 189.966000 -13 2375 1 0 1.000000
2.375830 -9.636260 0 1.594980 -2.769250 216.978000 189.966000 -13 2376 1 0 1.000000
-47.414300 -1.395530 0 12.638800 -9.746890 226.603000 190.265000 -13 2377 1 0 1.000000
-7.087730 4.688520 0 8.802340 -4.924930 218.170000 190.102000 -13 2378 1 0 1.000000
-4.365410 2.809700 0 6.954200 -2.321840 222.696000 190.016000 -13 2379 1 0 1.000000
-82.875000 41.100400 0 12.726800 -6.112250 201.183000 191.095000 -13 2380 1 0 1.000000
-7.141030 -5.571900 0 21.878800 15.092900 203.843000 190.242000 -13 2381 1 0 1.000000
9.579730 -1.232340 0 5.149600 -7.446800 217.223000 190.324000 -13 2382 1 0 1.000000
-3.394970 -7.099940 0 11.227600 4.270150 214.996000 190.335000 -13 2383 1 0 1.000000
32.858000 -7.408700 0 11.869100 -8.205940 216.428000 190.385000 -13 2384 1 0 1.000000
1.194710 2.761710 0 18.579900 5.941760 222.126000 190.084000 -13 2385 1 0 1.000000
-54.627100 12.430900 0 22.323300 -0.385661 229.691000 190.212000 -13 2386 1 0 1.000000
6.409140 -17.557100 0 18.622200 5.855860 219.482000 190.077000 -13 2387 1 0 1.000000
9.307320 -0.772881 0 14.738200 -4.725890 212.190000 190.184000 -13 2388 1 0 1.000000
10.673100 -12.467500 0 -3.616690 -5.795500 224.605000 190.208000 -13 2389 1 0 1.000000
3.579870 11.280300 0 6.628540 -10.672800 228.260000 190.291000 -13 2390 1 0 1.000000
-24.431200 -6.207560 0 -11.671800 -1.401980 219.448000 190.061000 -13 2391 1 0 1.000000
-13.488200 -18.526900 0 -16.704100 -1.330100 228.999000 190.079000 -13 2392 1 0 1.000000
-19.184800 -4.808670 0 -15.032000 4.866420 222.642000 190.064000 -13 2393 1 0 1.000000
-11.977100 -34.911700 0 -16.918900 1.096550 218.860000 189.966000 -13 2394 1 0 1.000000
7.687960 -17.023000 0 -15.487600 0.339103 233.103000 189.994000 -13 2395 1 0 1.000000
-21.255500 32.578700 0 -0.219940 -0.034904 230.182000 190.176000 -13 2396 1 0 1.000000
31.977500 12.048200 0 -31.667400 13.779000 228.336000 190.086000 -13 2397 1 0 1.000000
-25.824500 -10.581800 0 -13.562800 0.940901 219.314000 190.003000 -13 2398 1 0 1.000000
26.542000 -21.159200 0 -26.374700 -15.351900 229.724000 190.006000 -13 2399 1 0 1.000000
-16.411600 -5.134560 0 -15.192700 -2.257730 225.356000 190.069000 -13 2400 1 0 1.000000
-41.142400 -18.480400 0 -15.848300 12.177300 212.059000 189.705000 -13 2401 1 0 1.000000
-16.159700 -14.960800 0 -15.139200 35.870100 246.009000 190.120000 -13 2402 1 0 1.000000
-23.195000 -11.891000 0 -6.605250 7.806020 244.631000 190.128000 -13 2403 1 0 1.000000
-12.274700 -48.720300 0 -16.866800 18.049200 239.319000 189.828000 -13 2404 1 0 1.000000
49.978000 -64.276000 0 4.365800 -15.525000 226.972000 190.539000 -13 2405 1 0 1.000000
-22.736200 4.988880 0 17.344300 4.764420 182.866000 191.290000 -13 2406 1 0 1.000000
10.989500 -15.999200 0 -22.045600 2.265290 221.830000 190.127000 -13 2407 1 0 1.000000
27.459900 5.946430 0 -18.358700 -4.864140 224.668000 190.442000 -13 2408 1 0 1.000000
25.729700 -11.197300 0 -19.051200 -4.339840 221.806000 190.161000 -13 2409 1 0 1.000000
-23.538800 12.204200 0 -17.189100 -12.637400 225.882000 190.108000 -13 2410 1 0 1.000000
29.008100 -9.046480 0 -6.600870 -3.996830 225.384000 190.209000 -13 2411 1 0 1.000000
5.399600 19.850400 0 15.152700 -6.864120 219.647000 190.226000 -13 2412 1 0 1.000000
9.151800 -7.069040 0 -3.584510 -14.011500 230.004000 190.302000 -13 2413 1 0 1.000000
30.525300 18.925000 0 13.778300 -12.777100 227.154000 190.215000 -13 2414 1 0 1.000000
2.858780 -2.563860 0 -12.436900 -11.274600 229.748000 190.276000 -13 2415 1 0 1.000000
-11.409300 3.852350 0 -12.574900 -3.575710 204.053000 190.601000 -13 2416 1 0 1.000000
-24.576600 -9.398420 0 -6.249770 -3.302410 217.067000 190.491000 -13 2417 1 0 1.000000
3.949490 -1.389150 0 -13.008400 -3.974120 216.922000 190.510000 -13 2418 1 0 1.000000
39.937200 3.091510 0 -15.292300 -3.732080 212.829000 190.381000 -13 2419 1 0 1.000000
1.965540 25.844500 0 -10.169000 -14.558300 210.002000 190.517000 -13 2420 1 0 1.000000
-16.717200 25.162500 0 -15.931900 6.955310 209.670000 190.647000 -13 2421 1 0 1.000000
9.946060 16.741700 0 -26.806700 5.604440 219.705000 190.512000 -13 2422 1 0 1.000000
25.346300 -13.447700 0 -26.183400 -9.423190 172.374000 190.476000 -13 2423 1 0 1.000000
-82.985500 5.241600 0 18.597400 -0.481848 199.732000 190.137000 -13 2424 1 0 1.000000
0.798486 -54.614400 0 -19.188400 25.572200 215.831000 190.138000 -13 2425 1 0 1.000000
-13.709900 -16.257500 0 -5.996840 23.558300 204.481000 189.980000 -13 2426 1 0 1.000000
13.114300 -52.783000 0 -5.493680 18.002700 206.117000 189.768000 -13 2427 1 0 1.000000
-36.018800 -1.033000 0 -7.270630 23.346500 208.597000 189.807000 -13 2428 1 0 1.000000
-4.287960 -40.946600 0 -13.019300 12.977500 223.234000 189.893000 -13 2429 1 0 1.000000
-27.946800 2.467230 0 14.333600 -9.130240 196.541000 190.032000 -13 2430 1 0 1.000000
-13.388300 -21.226100 0 -23.044100 17.737600 198.156000 189.825000 -13 2431 1 0 1.000000
-24.748000 20.203100 0 15.496600 13.770100 153.777000 191.793000 -13 2432 1 0 1.000000
-21.887300 25.949000 0 -6.623340 11.351400 197.651000 190.073000 -13 2433 1 0 1.000000
-5.829850 -31.449500 0 -10.142100 21.389700 226.096000 190.524000 -13 2434 1 0 1.000000
-1.140350 -29.150600 0 -10.695900 3.883040 236.240000 189.968000 -13 2435 1 0 1.000000
8.597450 -27.228200 0 -1.844400 -2.083550 236.018000 190.167000 -13 2436 1 0 1.000000
-0.110904 -42.119200 0 7.680960 -15.143800 240.585000 190.376000 -13 2437 1 0 1.000000
1.402990 -18.823000 0 8.113890 5.155530 236.269000 190.279000 -13 2438 1 0 1.000000
-21.323100 -31.324600 0 -12.674700 2.099420 229.711000 190.623000 -13 2439 1 0 1.000000
7.182320 -13.163900 0 1.083430 27.417500 239.244000 190.195000 -13 2440 1 0 1.000000
-10.760200 -1.246870 0 -16.775500 14.117600 222.839000 189.904000 -13 2441 1 0 1.000000
35.639700 -40.894400 0 -11.997800 -2.956160 240.270000 190.111000 -13 2442 1 0 1.000000
4.398140 -11.792800 0 40.396800 -5.827400 189.893000 189.927000 -13 2443 1 0 1.000000
11.867400 -33.753500 0 -21.514500 12.115500 193.679000 190.273000 -13 2444 1 0 1.000000
32.122700 -23.058500 0 -22.122200 13.869100 185.511000 190.274000 -13 2445 1 0 1.000000
-30.092900 2.602720 0 24.982900 2.096770 189.853000 189.801000 -13 2446 1 0 1.000000
9.133380 -25.383900 0 -24.023800 -13.438800 193.690000 190.141000 -13 2447 1 0 1.000000
21.453900 -40.540900 0 -3.035710 8.883930 190.750000 190.148000 -13 2448 1 0 1.000000
68.910300 23.727100 0 -23.768400 -18.440000 177.246000 191.758000 -13 2449 1 0 1.000000
-78.636900 4.604460 0 28.045300 10.877800 244.301000 189.763000 -13 2450 1 0 1.000000
27.022900 -13.279800 0 -20.969400 -4.373930 191.587000 190.188000 -13 2451 1 0 1.000000
-91.540600 -24.527300 0 5.225550 5.946160 236.836000 189.645000 -13 2452 1 0 1.000000
23.572100 -22.568300 0 46.403800 7.976520 181.361000 191.473000 -13 2453 1 0 1.000000
-39.149100 14.649200 0 -3.784830 -15.264100 241.869000 190.323000 -13 2454 1 0 1.000000
-28.913200 1.243860 0 7.100110 -23.344900 234.697000 190.287000 -13 2455 1 0 1.000000
-46.331500 14.045000 0 -11.650200 -10.829300 239.320000 190.011000 -13 2456 1 0 1.000000
-56.006600 -18.728900 0 18.429200 -11.588300 237.269000 190.447000 -13 2457 1 0 1.000000
-27.894300 -32.368900 0 6.016160 -2.025600 230.605000 189.942000 -13 2458 1 0 1.000000
-8.982900 -31.925800 0 -4.036290 -6.543620 241.382000 190.027000 -13 2459 1 0 1.000000
-22.908200 -4.417610 0 1.106880 -13.166400 226.800000 189.903000 -13 2460 1 0 1.000000
-45.190400 16.305500 0 0.133889 -18.156700 235.388000 190.524000 -13 2461 1 0 1.000000
4.074780 0.888116 0 -3.208180 5.260970 188.739000 189.617000 -13 2462 1 0 1.000000
-41.372000 -15.956700 0 -4.128320 -33.954700 228.611000 190.168000 -13 2463 1 0 1.000000
-47.201600 -21.747000 0 15.571200 -5.010160 212.244000 190.156000 -13 2464 1 0 1.000000
-40.745300 3.676220 0 -35.293400 -10.416000 223.670000 190.207000 -13 2465 1 0 1.000000
-39.459700 -11.002900 0 2.503290 3.903560 215.311000 190.018000 -13 2466 1 0 1.000000
-25.122300 -29.771500 0 0.980267 0.526629 222.929000 190.085000 -13 2467 1 0 1.000000
-13.380600 -35.143400 0 16.217700 1.240980 217.942000 190.216000 -13 2468 1 0 1.000000
-27.809000 -42.622500 0 8.688730 -0.512156 225.167000 190.064000 -13 2469 1 0 1.000000
-40.485700 -32.102800 0 10.589600 2.093800 226.852000 190.209000 -13 2470 1 0 1.000000
-12.976700 -14.093400 0 -10.259600 -21.007700 221.304000 190.103000 -13 2471 1 0 1.000000
-11.670900 -7.133530 0 5.365590 -13.657500 224.530000 190.013000 -13 2472 1 0 1.000000
-0.907465 -14.445000 0 -3.793690 -5.579270 216.284000 189.913000 -13 2473 1 0 1.000000
-7.165600 3.735990 0 15.284900 -2.661400 219.843000 189.988000 -13 2474 1 0 1.000000
-8.537700 -16.375000 0 1.892440 -5.980900 213.298000 189.907000 -13 2475 1 0 1.000000
1.693650 -18.967500 0 2.521130 -1.786980 230.239000 190.329000 -13 2476 1 0 1.000000
-5.420360 -20.139100 0 -1.290060 0.665691 223.186000 190.055000 -13 2477 1 0 1.000000
-7.513980 -4.116910 0 6.162930 2.863850 206.809000 189.903000 -13 2478 1 0 1.000000
2.188160 -19.317800 0 6.773920 -4.287140 220.175000 189.963000 -13 2479 1 0 1.000000
10.689600 -11.606500 0 -12.474600 4.759560 222.879000 190.002000 -13 2480 1 0 1.000000
-6.199810 2.897200 0 2.359680 18.961200 231.073000 190.069000 -13 2481 1 0 1.000000
7.618970 3.923560 0 -1.271040 7.010660 201.649000 190.405000 -13 2482 1 0 1.000000
0.946682 -4.326450 0 19.684000 -20.762500 172.246000 190.032000 -13 2483 1 0 1.000000
18.078200 -9.844060 0 0.526630 8.223530 180.984000 190.355000 -13 2484 1 0 1.000000
7.436420 -2.703290 0 -15.677200 -2.565930 183.409000 190.434000 -13 2485 1 0 1.000000
-37.012900 3.972690 0 -26.835700 -16.826200 212.143000 189.618000 -13 2486 1 0 1.000000
20.011500 -40.627800 0 5.534380 -10.506000 186.484000 189.753000 -13 2487 1 0 1.000000
18.873200 -44.020800 0 1.631780 5.864470 181.741000 189.867000 -13 2488 1 0 1.000000
-19.747800 7.003970 0 25.889400 -3.832030 218.265000 190.164000 -13 2489 1 0 1.000000
4.739770 27.687800 0 5.410340 4.802510 207.921000 190.051000 -13 2490 1 0 1.000000
-11.484800 2.580300 0 3.610400 13.073800 204.695000 190.084000 -13 2491 1 0 1.000000
18.823100 1.652630 0 10.522200 -1.905770 214.243000 190.014000 -13 2492 1 0 1.000000
-18.766200 -26.190500 0 -4.807340 19.001300 209.268000 190.153000 -13 2493 1 0 1.000000
-6.525490 4.596280 0 8.325940 -1.426720 207.605000 190.109000 -13 2494 1 0 1.000000
-24.708400 -48.119900 0 25.929600 17.076900 206.067000 190.117000 -13 2495 1 0 1.000000
1.181770 -3.454400 0 1.790530 18.897900 213.848000 190.054000 -13 2496 1 0 1.000000
-8.806510 0.854867 0 4.662720 5.979890 207.748000 190.135000 -13 2497 1 0 1.000000
-22.207600 11.368000 0 4.164430 19.202900 207.917000 190.185000 -13 2498 1 0 1.000000
-20.786200 -5.740980 0 -4.135940 18.456100 212.164000 189.748000 -13 2499 1 0 1.000000
-21.687200 -12.347300 0 -0.423853 13.982800 194.659000 189.901000 -13 2500 1 0 1.000000
2.759790 -11.586500 0 0.931135 3.081030 195.038000 189.943000 -13 2501 1 0 1.000000
-37.335200 11.017700 0 -2.825280 22.761000 211.407000 189.957000 -13 2502 1 0 1.000000
-23.939000 -12.555700 0 4.660560 3.183800 197.538000 189.841000 -13 2503 1 0 1.000000
-20.217200 -8.943800 0 2.246640 21.242400 201.002000 189.858000 -13 2504 1 0 1.000000
0.419668 9.152800 0 1.887510 -2.788670 192.309000 189.878000 -13 2505 1 0 1.000000
-23.148700 15.339700 0 -6.583610 8.742470 201.549000 189.848000 -13 2506 1 0 1.000000
-16.424100 -8.753630 0 -3.027720 13.024700 201.859000 189.850000 -13 2507 1 0 1.000000
-26.050100 -8.785840 0 -4.842340 16.814600 209.452000 189.870000 -13 2508 1 0 1.000000
-22.388700 -11.202300 0 -17.299300 -0.856768 219.132000 189.838000 -13 2509 1 0 1.000000
-9.558230 3.344040 0 -26.446100 -6.569640 231.486000 189.952000 -13 2510 1 0 1.000000
-45.648600 2.766930 0 -12.515500 8.884280 238.072000 190.009000 -13 2511 1 0 1.000000
-22.536900 -21.657600 0 -25.313300 3.972290 217.143000 189.756000 -13 2512 1 0 1.000000
-15.922100 -16.560300 0 -14.188200 2.430830 226.883000 189.858000 -13 2513 1 0 1.000000
-35.081800 -21.966800 0 -17.257600 -8.276090 226.502000 189.876000 -13 2514 1 0 1.000000
-13.253900 3.058680 0 -28.731900 -4.976040 222.227000 190.007000 -13 2515 1 0 1.000000
-11.288400 -27.510800 0 -8.403630 5.861100 215.046000 189.929000 -13 2516 1 0 1.000000
-28.742900 -0.776041 0 -16.406700 -0.466271 227.995000 189.929000 -13 2517 1 0 1.000000
-5.539320 -14.165000 0 3.573530 21.685600 217.556000 190.146000 -13 2518 1 0 1.000000
29.018600 -22.653800 0 0.702927 0.640251 226.156000 190.279000 -13 2519 1 0 1.000000
7.541390 -12.162000 0 0.396648 3.319090 228.605000 190.140000 -13 2520 1 0 1.000000
11.414800 -19.848700 0 9.798200 2.356930 229.304000 190.199000 -13 2521 1 0 1.000000
0.912550 -2.267740 0 4.361660 0.733233 228.341000 190.262000 -13 2522 1 0 1.000000
-3.403990 -13.220300 0 -9.410180 -1.452770 223.447000 190.207000 -13 2523 1 0 1.000000
14.948200 -7.849780 0 6.231450 0.323385 222.969000 190.243000 -13 2524 1 0 1.000000
24.199300 -14.657200 0 -13.391600 -8.315750 223.443000 190.381000 -13 2525 1 0 1.000000
-1.101660 -20.439700 0 -4.784670 -3.877900 222.739000 190.125000 -13 2526 1 0 1.000000
-15.008400 -33.743400 0 -7.144050 26.343600 197.365000 190.341000 -13 2527 1 0 1.000000
3.527280 10.458400 0 -20.923800 -20.358900 183.230000 189.920000 -13 2528 1 0 1.000000
-4.997240 -55.202200 0 -25.516200 -17.627700 207.314000 190.207000 -13 2529 1 0 1.000000
-0.243432 -23.044400 0 -18.195200 -9.224910 167.515000 190.043000 -13 2530 1 0 1.000000
10.684400 -26.058300 0 -19.326900 -8.467850 176.154000 190.147000 -13 2531 1 0 1.000000
-36.737500 -17.827100 0 16.568300 -7.231860 207.909000 190.402000 -13 2532 1 0 1.000000
14.960800 -34.992500 0 -16.985500 -22.401100 172.903000 189.974000 -13 2533 1 0 1.000000
-15.338300 -43.109300 0 6.442010 6.445920 192.621000 190.384000 -13 2534 1 0 1.000000
66.191700 -6.783920 0 -9.365210 -16.868500 196.343000 189.949000 -13 2535 1 0 1.000000
35.025700 35.402900 0 -8.306000 -20.236800 189.149000 189.991000 -13 2536 1 0 1.000000
-33.467100 -7.073120 0 -0.621919 -5.361800 191.328000 190.490000 -13 2537 1 0 1.000000
-41.153900 -2.151950 0 13.538800 1.952480 201.033000 190.677000 -13 2538 1 0 1.000000
-17.147200 -2.838040 0 -25.006500 -5.102940 195.963000 190.289000 -13 2539 1 0 1.000000
-39.299700 1.647030 0 12.274200 -11.181800 205.251000 190.596000 -13 2540 1 0 1.000000
-41.107100 11.749200 0 -6.996510 1.780380 209.526000 190.499000 -13 2541 1 0 1.000000
-24.159900 -9.041500 0 -19.765000 -2.398020 211.820000 190.309000 -13 2542 1 0 1.000000
22.284100 -24.147500 0 -26.784300 -7.315400 183.685000 190.460000 -13 2543 1 0 1.000000
-5.608320 24.755400 0 -28.580200 -21.193700 201.251000 190.696000 -13 2544 1 0 1.000000
8.367250 -0.672011 0 -13.874400 -14.436000 191.570000 190.340000 -13 2545 1 0 1.000000
-12.356900 -19.356300 0 0.927129 8.868970 213.747000 189.841000 -13 2546 1 0 1.000000
0.845138 -9.538200 0 13.602700 18.786000 216.787000 189.817000 -13 2547 1 0 1.000000
-51.206600 3.241010 0 5.371590 7.811900 224.813000 189.880000 -13 2548 1 0 1.000000
-41.072700 -18.926200 0 10.945800 8.859680 218.817000 189.946000 -13 2549 1 0 1.000000
-14.638200 -1.487260 0 12.754900 -2.439840 201.903000 189.857000 -13 2550 1 0 1.000000
-41.605500 -9.259700 0 -0.744525 14.476200 225.677000 189.934000 -13 2551 1 0 1.000000
-8.055360 -9.263980 0 7.973440 2.469220 208.072000 189.909000 -13 2552 1 0 1.000000
-38.808200 -14.181900 0 31.651600 -5.868940 220.005000 189.960000 -13 2553 1 0 1.000000
-26.514100 -2.018170 0 11.444700 13.350400 218.149000 189.865000 -13 2554 1 0 1.000000
-43.366000 12.056100 0 -3.631470 4.550910 233.344000 189.972000 -13 2555 1 0 1.000000
-17.547500 -61.287800 0 7.356710 6.236350 231.273000 190.170000 -13 2556 1 0 1.000000
-7.265320 -27.204400 0 12.761300 17.621600 226.173000 190.040000 -13 2557 1 0 1.000000
16.025800 -9.643310 0 -10.318500 12.675300 221.585000 190.165000 -13 2558 1 0 1.000000
5.141720 -0.092315 0 -4.572290 18.050600 218.011000 190.164000 -13 2559 1 0 1.000000
0.825985 -27.311500 0 -8.144530 5.089670 216.721000 190.010000 -13 2560 1 0 1.000000
-12.776300 -67.578700 0 7.753760 4.642650 235.560000 190.338000 -13 2561 1 0 1.000000
16.385800 -37.162100 0 12.269500 5.367430 220.376000 190.136000 -13 2562 1 0 1.000000
36.900300 -21.668800 0 16.778900 19.277200 220.963000 190.164000 -13 2563 1 0 1.000000
-12.628900 -64.153600 0 22.847100 20.657700 225.411000 190.351000 -13 2564 1 0 1.000000
9.223200 -44.150900 0 -4.906990 16.249400 222.324000 190.409000 -13 2565 1 0 1.000000
0.497841 -5.275830 0 7.741840 -3.289990 216.941000 190.175000 -13 2566 1 0 1.000000
22.879200 -36.649900 0 -7.195580 8.149990 214.494000 190.319000 -13 2567 1 0 1.000000
23.791700 14.235100 0 10.584100 -3.756470 228.546000 190.306000 -13 2568 1 0 1.000000
-9.060380 17.908700 0 12.469900 -6.783340 212.125000 190.107000 -13 2569 1 0 1.000000
9.273880 11.832800 0 19.636600 -11.755600 221.016000 190.225000 -13 2570 1 0 1.000000
-9.320060 -9.608280 0 19.112900 -6.128740 216.848000 190.305000 -13 2571 1 0 1.000000
23.085800 -12.901900 0 3.401290 0.182977 220.404000 190.212000 -13 2572 1 0 1.000000
9.254100 -26.907100 0 -2.807170 0.706480 224.773000 190.271000 -13 2573 1 0 1.000000
14.786000 -7.954900 0 6.196020 3.008960 217.285000 190.136000 -13 2574 1 0 1.000000
0.305637 -72.622900 0 -27.758100 14.944200 222.735000 190.458000 -13 2575 1 0 1.000000
-17.781800 -10.743100 0 -15.080600 8.108240 200.327000 190.500000 -13 2576 1 0 1.000000
-27.004300 18.967700 0 12.369200 8.180680 213.913000 190.377000 -13 2577 1 0 1.000000
-12.609400 -45.534800 0 -20.259900 22.555200 215.354000 190.210000 -13 2578 1 0 1.000000
34.684800 -11.248600 0 30.619200 -15.789600 179.109000 190.057000 -13 2579 1 0 1.000000
-28.958200 -3.750690 0 -23.877800 13.715400 211.410000 190.682000 -13 2580 1 0 1.000000
44.743300 -36.875400 0 -13.105800 9.918930 193.963000 190.353000 -13 2581 1 0 1.000000
24.378000 -17.356800 0 -9.574890 -3.735900 196.538000 190.287000 -13 2582 1 0 1.000000
4.966330 -35.081800 0 -4.958560 3.743920 184.587000 190.294000 -13 2583 1 0 1.000000
24.951400 -20.391100 0 -4.970960 -13.909100 192.440000 190.372000 -13 2584 1 0 1.000000
-12.382000 -13.865700 0 -1.007040 -27.247100 188.215000 190.126000 -13 2585 1 0 1.000000
17.109300 -28.641900 0 -6.200350 0.320580 198.269000 190.356000 -13 2586 1 0 1.000000
-10.184600 -21.869500 0 -7.516050 -7.398740 185.512000 190.420000 -13 2587 1 0 1.000000
21.236100 -34.116600 0 -10.334100 -18.090000 194.992000 190.282000 -13 2588 1 0 1.000000
0.404783 -9.620220 0 -4.667060 -2.126290 193.284000 190.437000 -13 2589 1 0 1.000000
27.793400 -32.634000 0 -8.614030 -13.556500 200.896000 190.217000 -13 2590 1 0 1.000000
-36.515500 -8.810850 0 -4.600550 -2.716110 209.181000 190.427000 -13 2591 1 0 1.000000
-5.568210 -5.159940 0 -12.482300 -4.269310 200.341000 190.397000 -13 2592 1 0 1.000000
-25.811000 -10.448400 0 6.362830 4.579160 204.748000 190.255000 -13 2593 1 0 1.000000
3.454090 -5.461370 0 -13.919100 -7.255110 194.492000 190.447000 -13 2594 1 0 1.000000
16.757700 -29.392400 0 -17.018900 -1.965970 197.565000 190.410000 -13 2595 1 0 1.000000
-6.408240 9.275870 0 -1.914100 -12.643100 200.580000 190.510000 -13 2596 1 0 1.000000
3.678940 -13.704100 0 2.946050 2.711010 200.753000 190.350000 -13 2597 1 0 1.000000
5.328860 -16.919800 0 -8.623210 7.393620 202.489000 190.407000 -13 2598 1 0 1.000000
24.746800 -9.248410 0 -10.473900 -3.415860 205.820000 190.437000 -13 2599 1 0 1.000000
-13.512000 5.970540 0 -9.377480 -9.761920 204.714000 190.391000 -13 2600 1 0 1.000000
-0.280157 -39.830800 0 5.866800 4.802950 204.038000 190.431000 -13 2601 1 0 1.000000
16.678200 -26.964100 0 -6.551230 5.842550 200.594000 190.552000 -13 2602 1 0 1.000000
12.244100 -29.734600 0 1.628430 -0.134955 194.023000 190.477000 -13 2603 1 0 1.000000
-0.661386 -39.511900 0 17.407400 5.695530 179.554000 190.374000 -13 2604 1 0 1.000000
-12.954000 26.095200 0 -6.093810 8.605720 193.596000 189.623000 -13 2605 1 0 1.000000
20.001500 -25.573300 0 -8.545450 13.590800 185.805000 190.492000 -13 2606 1 0 1.000000
-35.029200 36.104100 0 -17.812600 18.560700 204.382000 189.683000 -13 2607 1 0 1.000000
11.524500 -21.363200 0 3.718190 -3.115410 184.585000 190.306000 -13 2608 1 0 1.000000
25.336900 -16.760400 0 -3.980920 -2.114430 194.368000 190.573000 -13 2609 1 0 1.000000
12.910900 -20.082500 0 -7.283730 -2.471050 195.101000 190.612000 -13 2610 1 0 1.000000
4.833430 -19.456200 0 18.440600 16.628500 179.672000 190.033000 -13 2611 1 0 1.000000
-3.772010 -23.565000 0 6.989960 2.485750 190.165000 189.661000 -13 2612 1 0 1.000000
5.024990 -7.299530 0 -6.830460 4.759340 175.509000 190.150000 -13 2613 1 0 1.000000
5.603060 -3.632810 0 -11.045500 -3.210720 173.379000 190.101000 -13 2614 1 0 1.000000
-0.799541 -5.538270 0 -0.216726 25.038700 173.476000 190.051000 -13 2615 1 0 1.000000
8.338160 -0.809227 0 -2.550390 16.867100 178.293000 190.117000 -13 2616 1 0 1.000000
19.271600 -36.011900 0 -2.671900 15.314100 179.311000 189.913000 -13 2617 1 0 1.000000
3.212850 -31.768400 0 -10.123800 18.986000 184.044000 189.832000 -13 2618 1 0 1.000000
23.198300 -12.127500 0 0.778039 1.019660 188.151000 190.219000 -13 2619 1 0 1.000000
6.297870 1.641290 0 -2.040620 19.359000 174.646000 189.916000 -13 2620 1 0 1.000000
16.257000 -19.819900 0 5.274270 12.019000 217.518000 190.128000 -13 2621 1 0 1.000000
21.292500 -2.936920 0 -4.728350 6.938680 205.849000 190.062000 -13 2622 1 0 1.000000
39.194800 -15.858200 0 5.002000 -3.955650 214.494000 190.250000 -13 2623 1 0 1.000000
33.272000 -16.881900 0 21.533200 0.535825 214.874000 190.063000 -13 2624 1 0 1.000000
-10.335700 -13.785800 0 7.891280 28.639900 207.890000 190.135000 -13 2625 1 0 1.000000
-83.734600 23.923300 0 13.558800 2.586000 233.981000 190.018000 -13 2626 1 0 1.000000
15.598100 -36.253100 0 3.907910 5.197440 214.564000 190.068000 -13 2627 1 0 1.000000
-33.539000 -21.153000 0 29.992500 4.623810 213.145000 190.007000 -13 2628 1 0 1.000000
-7.342420 -26.199800 0 16.659100 10.965600 208.054000 190.059000 -13 2629 1 0 1.000000
-6.419720 -32.817900 0 3.672570 13.937000 209.378000 190.028000 -13 2630 1 0 1.000000
31.411500 10.431400 0 -3.277510 -43.134900 210.658000 190.247000 -13 2631 1 0 1.000000
20.434200 -8.412600 0 -4.930560 -36.170900 194.416000 190.290000 -13 2632 1 0 1.000000
25.787100 -50.968800 0 -20.508000 -0.860004 186.537000 190.489000 -13 2633 1 0 1.000000
24.424600 29.784600 0 -1.971830 -34.880600 197.980000 190.338000 -13 2634 1 0 1.000000
16.695300 20.875700 0 8.251170 -36.047900 195.224000 190.395000 -13 2635 1 0 1.000000
8.167280 -59.877800 0 8.137620 -12.662800 199.390000 190.497000 -13 2636 1 0 1.000000
9.733010 11.271000 0 -16.887700 -29.001300 203.781000 190.324000 -13 2637 1 0 1.000000
17.658100 -51.665100 0 -14.174900 -16.577800 207.044000 190.219000 -13 2638 1 0 1.000000
-4.163630 57.193600 0 7.028150 -37.450900 202.172000 190.237000 -13 2639 1 0 1.000000
-1.772180 -44.085600 0 0.201409 -19.296400 209.957000 190.340000 -13 2640 1 0 1.000000
-28.398600 4.218360 0 -0.798739 -8.029600 208.738000 190.020000 -13 2641 1 0 1.000000
-2.469050 15.056700 0 6.696320 -13.809600 214.360000 190.032000 -13 2642 1 0 1.000000
-1.790120 -19.002400 0 -3.071920 2.894970 204.175000 190.058000 -13 2643 1 0 1.000000
-31.187000 -2.194710 0 -3.179320 -3.130400 199.219000 190.107000 -13 2644 1 0 1.000000
-19.132600 2.827160 0 11.531900 -7.209840 207.871000 190.077000 -13 2645 1 0 1.000000
22.346700 -8.792560 0 -4.801860 -5.170880 212.853000 190.043000 -13 2646 1 0 1.000000
-16.621900 -13.529600 0 -17.121400 -18.924300 212.695000 190.098000 -13 2647 1 0 1.000000
-2.645850 -13.157000 0 -5.400710 -8.970820 208.127000 189.942000 -13 2648 1 0 1.000000
6.429520 -3.164840 0 -2.220290 -4.063530 202.882000 190.065000 -13 2649 1 0 1.000000
-12.100900 -8.439700 0 2.919990 -8.265930 206.706000 190.120000 -13 2650 1 0 1.000000
2.482750 -27.032800 0 26.377900 -4.617920 191.011000 190.232000 -13 2651 1 0 1.000000
-13.878400 -34.699900 0 9.315670 6.093140 191.781000 190.153000 -13 2652 1 0 1.000000
-23.914000 -51.293300 0 19.465500 -23.153200 199.384000 190.036000 -13 2653 1 0 1.000000
17.228600 -46.287300 0 9.338740 1.835520 198.825000 190.109000 -13 2654 1 0 1.000000
7.416450 -33.417400 0 0.882133 1.648300 187.046000 190.235000 -13 2655 1 0 1.000000
-31.011300 -43.176400 0 0.577111 -2.271980 197.524000 190.170000 -13 2656 1 0 1.000000
-14.359500 -40.817300 0 7.132810 3.963900 183.340000 190.184000 -13 2657 1 0 1.000000
5.359680 -38.910400 0 11.577000 -4.564350 210.082000 190.229000 -13 2658 1 0 1.000000
-14.168000 -36.235100 0 11.540400 10.831300 192.464000 190.210000 -13 2659 1 0 1.000000
64.731100 -2.347550 0 -1.797980 13.402900 251.300000 190.497000 -13 2660 1 0 1.000000
-18.573500 10.039400 0 2.308370 -12.324800 214.148000 190.503000 -13 2661 1 0 1.000000
-8.107470 20.003300 0 -16.128500 -5.571130 208.872000 190.382000 -13 2662 1 0 1.000000
30.757700 14.830400 0 -6.714670 4.999290 206.108000 190.634000 -13 2663 1 0 1.000000
-13.936600 -8.238160 0 -1.456620 -20.292400 220.242000 190.251000 -13 2664 1 0 1.000000
44.720100 -10.685300 0 -5.624010 -1.989070 218.341000 190.415000 -13 2665 1 0 1.000000
-19.804900 -11.761700 0 4.983250 -20.216800 217.512000 190.479000 -13 2666 1 0 1.000000
16.587700 14.194900 0 -22.290900 -13.566100 210.323000 190.430000 -13 2667 1 0 1.000000
-7.144850 12.929700 0 -2.353990 -18.535800 216.642000 190.347000 -13 2668 1 0 1.000000
10.639700 3.850180 0 -5.306060 -17.853800 211.987000 190.267000 -13 2669 1 0 1.000000
4.720930 18.677900 0 -13.598400 -20.965500 205.428000 190.407000 -13 2670 1 0 1.000000
-1.988360 1.685460 0 5.873620 -14.186600 222.026000 189.946000 -13 2671 1 0 1.000000
-1.038270 -11.585400 0 17.484500 -15.049100 220.657000 189.935000 -13 2672 1 0 1.000000
-19.571200 12.531600 0 21.619200 -43.785900 235.555000 190.135000 -13 2673 1 0 1.000000
-13.065900 -12.640100 0 11.220300 -11.622200 206.318000 189.869000 -13 2674 1 0 1.000000
-5.188430 -15.897500 0 19.888900 -16.601800 222.561000 189.937000 -13 2675 1 0 1.000000
4.383060 -19.221400 0 17.440000 -18.611800 223.446000 190.131000 -13 2676 1 0 1.000000
10.323700 -14.300800 0 2.691290 -9.842340 218.616000 189.961000 -13 2677 1 0 1.000000
-25.510800 -16.743600 0 17.214200 -7.745180 222.308000 189.886000 -13 2678 1 0 1.000000
-39.403700 7.111370 0 6.885420 -0.901382 215.188000 189.994000 -13 2679 1 0 1.000000
-8.326620 -3.029740 0 12.116800 1.206720 210.355000 189.855000 -13 2680 1 0 1.000000
46.675100 -7.140490 0 2.592440 5.195430 224.524000 190.274000 -13 2681 1 0 1.000000
-0.312630 -7.882120 0 -12.194100 -1.646300 215.348000 190.078000 -13 2682 1 0 1.000000
10.457600 -7.751010 0 0.183903 -8.400810 210.317000 190.050000 -13 2683 1 0 1.000000
6.113550 15.016600 0 -10.554500 -5.617060 217.232000 190.248000 -13 2684 1 0 1.000000
4.632090 17.082900 0 -3.142560 -6.394130 225.651000 190.116000 -13 2685 1 0 1.000000
-0.565473 -1.975760 0 8.218740 4.335940 216.322000 190.088000 -13 2686 1 0 1.000000
6.468910 -28.022700 0 15.733200 -8.165200 212.934000 190.198000 -13 2687 1 0 1.000000
16.032600 -7.838460 0 14.085400 -14.512200 221.065000 190.228000 -13 2688 1 0 1.000000
25.682400 -7.542340 0 13.783300 4.512710 214.646000 190.276000 -13 2689 1 0 1.000000
-11.846800 -1.080130 0 25.757200 19.263600 213.573000 190.477000 -13 2690 1 0 1.000000
8.147860 3.297460 0 12.413700 -0.305053 226.792000 190.235000 -13 2691 1 0 1.000000
-32.969700 -3.350280 0 17.779400 8.106210 224.011000 190.168000 -13 2692 1 0 1.000000
-42.939600 -26.003900 0 21.601000 19.601500 216.120000 190.453000 -13 2693 1 0 1.000000
4.926130 -21.008700 0 31.869900 12.559200 208.855000 190.655000 -13 2694 1 0 1.000000
-2.033480 -2.979150 0 3.254350 0.950990 216.453000 190.349000 -13 2695 1 0 1.000000
16.269600 -12.662400 0 23.891700 19.651400 209.361000 190.487000 -13 2696 1 0 1.000000
20.937100 -6.584750 0 -9.479200 -2.927840 221.355000 190.474000 -13 2697 1 0 1.000000
23.571800 -1.537550 0 -4.594320 -4.655550 220.144000 190.354000 -13 2698 1 0 1.000000
-19.754700 3.330100 0 16.910900 9.931780 190.803000 190.501000 -13 2699 1 0 1.000000
7.965450 -11.669000 0 6.345420 -15.043000 188.215000 190.515000 -13 2700 1 0 1.000000
2.173390 -29.039900 0 -7.430620 -9.834410 192.751000 190.462000 -13 2701 1 0 1.000000
28.396200 -35.000100 0 -21.789800 -20.580900 187.173000 190.464000 -13 2702 1 0 1.000000
-3.827150 -36.056900 0 -9.525810 -5.998690 193.034000 190.355000 -13 2703 1 0 1.000000
2.785500 -17.019800 0 9.162150 -20.337700 194.785000 190.443000 -13 2704 1 0 1.000000
20.357200 -29.757900 0 -2.002000 -0.587252 199.977000 190.415000 -13 2705 1 0 1.000000
19.665500 -22.614700 0 5.140760 -8.963840 189.483000 190.520000 -13 2706 1 0 1.000000
-0.286789 -16.645400 0 -9.296370 2.835120 192.023000 190.484000 -13 2707 1 0 1.000000
3.302110 5.840940 0 -0.824753 -5.281860 202.701000 190.366000 -13 2708 1 0 1.000000
0.657039 6.009530 0 -10.411500 -23.175700 195.435000 190.384000 -13 2709 1 0 1.000000
-35.787100 -35.082300 0 0.491755 -1.733680 190.385000 190.213000 -13 2710 1 0 1.000000
13.773900 -14.314800 0 -22.543600 -23.195100 187.195000 190.148000 -13 2711 1 0 1.000000
12.390300 -14.917600 0 -3.944030 -33.290000 193.307000 190.172000 -13 2712 1 0 1.000000
17.478100 -20.403700 0 -11.706000 -13.732100 177.067000 190.145000 -13 2713 1 0 1.000000
27.248700 23.268400 0 -0.041046 -12.161100 193.462000 189.963000 -13 2714 1 0 1.000000
12.303900 -32.455100 0 -31.446300 -3.119550 175.904000 190.209000 -13 2715 1 0 1.000000
-2.856110 37.845100 0 7.734820 0.091206 208.648000 189.860000 -13 2716 1 0 1.000000
-39.041100 -97.264400 0 15.617300 12.251800 222.619000 189.943000 -13 2717 1 0 1.000000
8.278330 -15.460900 0 -0.941523 -34.017300 198.159000 190.158000 -13 2718 1 0 1.000000
16.539000 -40.328800 0 -1.697260 -18.956400 198.871000 190.185000 -13 2719 1 0 1.000000
-0.920795 -23.963800 0 5.301200 -0.576383 223.028000 190.033000 -13 2720 1 0 1.000000
2.132220 -9.350040 0 8.323420 2.757940 223.668000 189.982000 -13 2721 1 0 1.000000
-1.485350 -11.452500 0 -7.123210 12.827700 226.741000 189.984000 -13 2722 1 0 1.000000
1.196850 17.007900 0 27.025100 -9.763770 237.899000 190.266000 -13 2723 1 0 1.000000
-41.370600 -3.178640 0 16.314300 -1.980080 222.099000 190.040000 -13 2724 1 0 1.000000
-10.315300 -6.822430 0 6.456940 0.978395 219.891000 189.985000 -13 2725 1 0 1.000000
2.575820 -8.084470 0 11.357900 -6.671550 223.534000 189.967000 -13 2726 1 0 1.000000
-22.917500 -33.207700 0 16.473500 -9.852580 232.136000 190.105000 -13 2727 1 0 1.000000
-12.241700 6.839280 0 17.577100 15.506700 230.923000 190.032000 -13 2728 1 0 1.000000
-12.390100 -22.606400 0 -12.006300 -4.847410 188.450000 190.051000 -13 2729 1 0 1.000000
-10.425200 -26.656800 0 -11.003500 -5.709390 184.584000 190.175000 -13 2730 1 0 1.000000
-41.164500 9.774590 0 -5.379710 5.708340 190.119000 190.266000 -13 2731 1 0 1.000000
-9.989990 -15.585700 0 -8.987260 0.150153 183.043000 190.131000 -13 2732 1 0 1.000000
-18.676700 -32.453100 0 1.525890 2.592500 189.680000 190.249000 -13 2733 1 0 1.000000
3.588880 -6.438610 0 4.371750 -17.642100 180.984000 190.049000 -13 2734 1 0 1.000000
11.809300 -23.914400 0 3.039350 -4.925890 192.481000 190.340000 -13 2735 1 0 1.000000
-34.415900 -36.225200 0 2.277870 -0.490357 194.213000 190.228000 -13 2736 1 0 1.000000
-13.350200 -36.143400 0 6.106520 9.039840 197.736000 190.391000 -13 2737 1 0 1.000000
-11.773700 -34.885900 0 4.659670 1.285060 192.529000 190.282000 -13 2738 1 0 1.000000
-1.939040 -19.206300 0 -5.132210 12.127700 220.434000 189.900000 -13 2739 1 0 1.000000
-24.479100 -22.792700 0 -12.149500 10.961100 222.880000 189.857000 -13 2740 1 0 1.000000
12.211100 -31.947700 0 -3.010280 -2.542570 210.670000 189.971000 -13 2741 1 0 1.000000
-17.499000 -26.297000 0 6.309440 4.849760 231.452000 189.953000 -13 2742 1 0 1.000000
-21.925500 -16.322600 0 4.537890 7.078240 218.555000 189.876000 -13 2743 1 0 1.000000
-3.406420 -25.156800 0 3.808200 7.103400 204.761000 189.846000 -13 2744 1 0 1.000000
-2.619730 -22.795900 0 -6.776320 10.377700 217.888000 189.949000 -13 2745 1 0 1.000000
16.542600 -21.290000 0 -27.255700 21.125400 243.282000 190.177000 -13 2746 1 0 1.000000
-41.515100 -27.498200 0 9.842910 10.453700 219.382000 189.938000 -13 2747 1 0 1.000000
-2.823150 -2.380480 0 9.447700 2.202540 200.097000 190.500000 -13 2748 1 0 1.000000
23.679700 -8.810730 0 -35.356800 -9.677600 214.515000 189.617000 -13 2749 1 0 1.000000
8.291400 -36.608500 0 3.118020 1.733780 189.566000 190.484000 -13 2750 1 0 1.000000
11.559600 -12.800700 0 16.585000 10.729200 192.181000 190.644000 -13 2751 1 0 1.000000
-23.784300 -25.107900 0 -0.793832 -5.145440 168.963000 190.060000 -13 2752 1 0 1.000000
19.259200 6.903780 0 -7.616930 -16.916900 194.800000 190.683000 -13 2753 1 0 1.000000
-4.967240 -26.538500 0 17.339800 -12.620500 180.485000 190.358000 -13 2754 1 0 1.000000
21.603100 2.458240 0 6.330180 -4.196570 186.119000 190.459000 -13 2755 1 0 1.000000
35.864400 13.716400 0 26.256900 23.122100 220.668000 189.745000 -13 2756 1 0 1.000000
39.286600 -14.065000 0 6.201970 -17.787100 185.140000 190.876000 -13 2757 1 0 1.000000
-17.439500 -12.489200 0 19.989200 -9.320310 204.817000 190.071000 -13 2758 1 0 1.000000
-17.020600 -20.603200 0 4.843850 -8.972930 196.075000 189.969000 -13 2759 1 0 1.000000
-24.963000 -18.100400 0 27.770400 -2.756770 210.055000 190.036000 -13 2760 1 0 1.000000
-33.233400 -31.660300 0 13.297400 -15.018300 208.427000 189.859000 -13 2761 1 0 1.000000
-5.380330 -5.095910 0 9.956240 -16.127900 205.227000 189.967000 -13 2762 1 0 1.000000
-22.276900 -17.300300 0 9.413560 7.766880 204.341000 189.927000 -13 2763 1 0 1.000000
-56.292100 -5.724580 0 -7.227020 -3.009800 200.633000 189.912000 -13 2764 1 0 1.000000
-31.849800 -6.023120 0 16.170000 -12.984700 209.226000 189.926000 -13 2765 1 0 1.000000
31.471900 -0.760268 0 2.706170 -5.110790 192.780000 190.598000 -13 2766 1 0 1.000000
27.119600 8.740810 0 -5.295100 -16.203300 209.856000 190.501000 -13 2767 1 0 1.000000
-6.893550 -27.859000 0 3.111390 8.113290 217.736000 190.149000 -13 2768 1 0 1.000000
7.692330 -4.857810 0 -2.632570 -11.403400 218.601000 190.323000 -13 2769 1 0 1.000000
50.405300 27.757700 0 4.782060 -9.297450 192.045000 190.858000 -13 2770 1 0 1.000000
25.629600 17.794500 0 3.396900 -17.175500 193.999000 190.792000 -13 2771 1 0 1.000000
7.434110 1.490890 0 5.118050 -13.754800 227.416000 190.298000 -13 2772 1 0 1.000000
5.552860 23.744700 0 -0.472538 70.893900 175.082000 191.468000 -13 2773 1 0 1.000000
-6.771860 20.822700 0 0.270401 -15.346400 217.531000 190.320000 -13 2774 1 0 1.000000
31.071100 12.498000 0 -2.320690 -4.581040 199.843000 190.495000 -13 2775 1 0 1.000000
-41.736500 24.825700 0 -9.587510 6.323570 176.248000 189.873000 -13 2776 1 0 1.000000
-1.999840 10.602600 0 1.708800 -2.150170 192.140000 190.541000 -13 2777 1 0 1.000000
3.449700 -23.588100 0 -9.386300 -18.393300 191.239000 190.671000 -13 2778 1 0 1.000000
-18.670000 13.320500 0 1.229360 -8.381070 180.794000 190.263000 -13 2779 1 0 1.000000
-28.510300 -12.754800 0 12.677900 -12.630700 202.340000 190.560000 -13 2780 1 0 1.000000
8.742620 4.953650 0 1.449410 -18.429400 216.277000 190.334000 -13 2781 1 0 1.000000
-16.761400 -1.839400 0 1.623170 -18.549200 195.438000 190.698000 -13 2782 1 0 1.000000
5.830590 -16.946900 0 -0.009331 -14.773100 203.914000 190.442000 -13 2783 1 0 1.000000
-22.871900 -21.761600 0 13.875200 7.377090 181.297000 189.969000 -13 2784 1 0 1.000000
1.004990 -8.703460 0 11.393800 -2.260980 172.026000 189.998000 -13 2785 1 0 1.000000
-25.271400 -5.383080 0 -34.997700 7.673150 211.839000 189.625000 -13 2786 1 0 1.000000
-16.319500 6.449730 0 8.915080 8.686190 174.939000 189.961000 -13 2787 1 0 1.000000
-63.680800 -21.437600 0 -0.470611 -3.821610 256.458000 190.020000 -13 2788 1 0 1.000000
-5.519040 -11.927800 0 -15.331600 -0.039838 168.674000 189.972000 -13 2789 1 0 1.000000
-37.133500 -26.381000 0 -12.439200 -0.794274 199.767000 189.630000 -13 2790 1 0 1.000000
14.017500 -18.337900 0 14.908200 12.474000 182.243000 190.189000 -13 2791 1 0 1.000000
-31.166800 -18.221100 0 5.063580 -10.760000 199.730000 189.548000 -13 2792 1 0 1.000000
-10.173600 -6.853770 0 -1.339000 12.520600 222.869000 189.580000 -13 2793 1 0 1.000000
-12.175300 -59.012500 0 -7.869600 29.591300 203.946000 190.187000 -13 2794 1 0 1.000000
23.014000 -14.339900 0 8.299550 -36.006400 184.631000 190.034000 -13 2795 1 0 1.000000
0.725075 111.921000 0 7.789280 -24.263800 241.762000 190.087000 -13 2796 1 0 1.000000
-21.749500 -80.774600 0 -19.029200 -23.561400 220.491000 189.859000 -13 2797 1 0 1.000000
25.660100 83.465200 0 3.512160 5.202460 225.784000 189.781000 -13 2798 1 0 1.000000
-21.403400 -32.075100 0 -2.695950 16.285300 185.408000 190.240000 -13 2799 1 0 1.000000
6.591200 15.034700 0 -0.186146 -44.880000 197.102000 189.852000 -13 2800 1 0 1.000000
3.344440 94.831300 0 4.524560 0.988187 237.995000 189.949000 -13 2801 1 0 1.000000
2.477820 -110.067000 0 -11.036900 -17.532900 212.647000 190.120000 -13 2802 1 0 1.000000
-23.434700 -33.258500 0 14.581100 3.820110 203.848000 190.469000 -13 2803 1 0 1.000000
5.822150 0.653759 0 -25.590900 -24.554100 188.680000 190.504000 -13 2804 1 0 1.000000
-33.605600 -37.069600 0 6.984270 -6.490480 192.305000 190.375000 -13 2805 1 0 1.000000
-26.531200 -7.995200 0 1.778170 -16.350900 194.037000 190.455000 -13 2806 1 0 1.000000
-26.805600 -6.818540 0 14.509700 3.594320 196.601000 190.463000 -13 2807 1 0 1.000000
42.928900 44.746200 0 -42.805300 -34.171100 199.300000 190.346000 -13 2808 1 0 1.000000
-28.985900 -17.349400 0 7.354630 -7.080030 202.178000 190.440000 -13 2809 1 0 1.000000
-5.958140 1.275910 0 -11.172500 -16.473000 173.921000 190.082000 -13 2810 1 0 1.000000
-43.942800 -13.730300 0 -15.648800 -2.580290 195.793000 190.461000 -13 2811 1 0 1.000000
-31.617300 -43.726200 0 -2.398940 -10.065900 197.299000 190.449000 -13 2812 1 0 1.000000
-17.308700 -46.745500 0 -1.569480 -11.039900 203.036000 190.405000 -13 2813 1 0 1.000000
-2.541100 -28.620500 0 -5.110940 0.356561 206.235000 190.248000 -13 2814 1 0 1.000000
16.262400 -38.136500 0 -11.650200 -0.700558 196.790000 190.256000 -13 2815 1 0 1.000000
-24.159300 -6.172990 0 -11.134700 -4.247190 193.081000 190.348000 -13 2816 1 0 1.000000
-16.363400 -37.143600 0 5.465510 -4.637180 189.352000 190.306000 -13 2817 1 0 1.000000
-7.990830 -45.310700 0 -5.809790 -15.515500 196.150000 190.208000 -13 2818 1 0 1.000000
-23.958800 -20.152300 0 0.235940 8.994450 202.419000 190.364000 -13 2819 1 0 1.000000
2.858890 -47.673400 0 0.421646 -13.204700 189.456000 190.218000 -13 2820 1 0 1.000000
-19.901100 -21.048500 0 4.786530 -1.739290 191.768000 190.258000 -13 2821 1 0 1.000000
-3.364180 -36.291500 0 -4.423750 -2.993870 198.149000 190.394000 -13 2822 1 0 1.000000
59.279000 -4.348210 0 3.394090 -13.925000 220.431000 190.094000 -13 2823 1 0 1.000000
61.332500 -16.608500 0 -8.941060 -3.283110 241.301000 190.017000 -13 2824 1 0 1.000000
68.265900 -16.533600 0 -10.859200 -18.022800 233.730000 190.541000 -13 2825 1 0 1.000000
42.850000 -2.501490 0 -4.639670 -6.727820 239.033000 190.099000 -13 2826 1 0 1.000000
48.350400 -20.155900 0 -15.700100 -10.886200 230.782000 190.215000 -13 2827 1 0 1.000000
-61.910600 -18.826400 0 -57.952200 -11.215300 178.835000 191.575000 -13 2828 1 0 1.000000
42.896700 -12.875800 0 -39.115400 2.134420 220.205000 190.791000 -13 2829 1 0 1.000000
60.227100 -2.005200 0 -27.327100 -37.383200 242.944000 190.201000 -13 2830 1 0 1.000000
90.518600 -17.157900 0 -17.488600 0.327000 254.860000 190.249000 -13 2831 1 0 1.000000
24.971800 -13.412800 0 -4.050250 -32.143900 229.184000 190.069000 -13 2832 1 0 1.000000
9.521020 16.298400 0 0.373463 3.254160 173.864000 190.170000 -13 2833 1 0 1.000000
15.652400 20.917600 0 -11.642000 21.677200 202.028000 190.251000 -13 2834 1 0 1.000000
-1.647400 20.944400 0 -11.212800 -11.675200 191.747000 190.394000 -13 2835 1 0 1.000000
12.749100 -65.492300 0 21.545800 -20.294700 215.080000 189.767000 -13 2836 1 0 1.000000
14.983800 31.873700 0 -28.759600 -3.394130 201.285000 190.356000 -13 2837 1 0 1.000000
-20.551700 -48.787800 0 4.560010 -59.282500 234.726000 189.975000 -13 2838 1 0 1.000000
1.585850 -15.087000 0 0.285764 31.239000 182.191000 189.910000 -13 2839 1 0 1.000000
46.615000 36.715800 0 -3.296950 -4.442950 219.102000 190.324000 -13 2840 1 0 1.000000
-3.689570 4.491480 0 -15.231300 6.293440 184.641000 190.212000 -13 2841 1 0 1.000000
-15.556900 -11.788500 0 -0.645340 -13.396300 188.213000 190.391000 -13 2842 1 0 1.000000
17.278400 9.372420 0 -10.989300 15.927100 191.186000 190.107000 -13 2843 1 0 1.000000
-24.910800 -32.743500 0 -3.129810 31.664100 188.224000 189.994000 -13 2844 1 0 1.000000
-27.072200 4.314610 0 1.805640 18.138900 191.555000 189.966000 -13 2845 1 0 1.000000
-52.150000 -34.605300 0 3.906150 27.490400 205.805000 190.058000 -13 2846 1 0 1.000000
13.573600 16.979200 0 6.591510 -11.015500 189.866000 190.207000 -13 2847 1 0 1.000000
9.915310 19.253900 0 11.449600 -10.725100 198.520000 190.181000 -13 2848 1 0 1.000000
0.139672 13.234800 0 1.864830 -13.787000 197.706000 190.196000 -13 2849 1 0 1.000000
7.815530 15.707300 0 4.989590 -3.391400 191.052000 190.089000 -13 2850 1 0 1.000000
-4.797220 -9.988910 0 17.408400 -9.092490 179.488000 190.099000 -13 2851 1 0 1.000000
-12.080900 18.998900 0 12.080500 -9.575060 198.436000 190.111000 -13 2852 1 0 1.000000
4.232720 -1.343570 0 -2.740500 5.032730 214.978000 190.255000 -13 2853 1 0 1.000000
27.073600 2.061940 0 -12.631200 14.447300 222.721000 190.252000 -13 2854 1 0 1.000000
24.731400 -11.228500 0 -8.105360 2.324090 226.676000 190.160000 -13 2855 1 0 1.000000
18.148400 8.606470 0 -1.817490 13.110200 213.768000 190.443000 -13 2856 1 0 1.000000
10.023400 -9.688110 0 -4.805000 11.382900 214.385000 190.292000 -13 2857 1 0 1.000000
7.915070 -35.347300 0 -11.414300 26.579500 221.736000 190.239000 -13 2858 1 0 1.000000
33.174500 -35.617500 0 4.589870 29.010600 209.734000 190.403000 -13 2859 1 0 1.000000
-1.730370 17.134900 0 0.364381 8.663020 219.786000 190.146000 -13 2860 1 0 1.000000
-0.006410 -10.350200 0 -0.902994 28.091600 211.785000 190.554000 -13 2861 1 0 1.000000
5.858300 -22.044900 0 -9.541430 11.906500 219.820000 190.163000 -13 2862 1 0 1.000000
-49.289600 9.804670 0 15.913200 20.498400 214.335000 190.535000 -13 2863 1 0 1.000000
-18.116800 31.571500 0 -0.934907 3.268200 218.501000 190.259000 -13 2864 1 0 1.000000
-40.027000 -37.178200 0 -0.355241 30.815800 211.058000 190.173000 -13 2865 1 0 1.000000
-17.182700 36.689200 0 -3.975760 -4.500720 216.451000 190.291000 -13 2866 1 0 1.000000
-15.500800 0.098075 0 0.359994 19.033500 214.536000 190.183000 -13 2867 1 0 1.000000
-10.602600 -49.170900 0 -29.788700 -1.830230 208.595000 190.109000 -13 2868 1 0 1.000000
-31.643700 -1.919930 0 -6.239780 6.757160 212.965000 190.362000 -13 2869 1 0 1.000000
-25.835200 -34.719600 0 6.056210 24.962100 212.184000 190.269000 -13 2870 1 0 1.000000
-0.343787 8.172900 0 1.448400 6.870340 210.915000 190.223000 -13 2871 1 0 1.000000
-11.148800 3.727270 0 8.773990 -29.781300 215.744000 190.168000 -13 2872 1 0 1.000000
-7.947030 11.805000 0 3.012150 -14.967600 229.719000 190.185000 -13 2873 1 0 1.000000
3.497170 -10.165500 0 8.991030 -16.944800 220.686000 190.111000 -13 2874 1 0 1.000000
-0.460819 -17.324700 0 7.477100 -8.451210 232.677000 190.282000 -13 2875 1 0 1.000000
6.252560 -24.627100 0 -2.231960 -5.876920 223.737000 190.176000 -13 2876 1 0 1.000000
-5.175670 -38.498100 0 12.441500 -8.911490 222.195000 190.092000 -13 2877 1 0 1.000000
5.514180 -26.293900 0 -20.882800 -5.310040 227.438000 190.196000 -13 2878 1 0 1.000000
-4.756030 -20.045300 0 26.889000 24.520800 211.344000 190.310000 -13 2879 1 0 1.000000
9.840380 26.390800 0 8.766800 1.244600 216.215000 190.177000 -13 2880 1 0 1.000000
-37.122000 16.386300 0 15.668100 -13.456600 219.528000 190.374000 -13 2881 1 0 1.000000
-34.297800 -1.580100 0 18.035000 0.725728 220.664000 190.146000 -13 2882 1 0 1.000000
-37.061500 39.060200 0 0.512109 2.965870 234.737000 190.058000 -13 2883 1 0 1.000000
-12.279200 32.230000 0 13.788700 1.868970 218.707000 190.226000 -13 2884 1 0 1.000000
-37.433800 2.478710 0 18.554100 2.118710 223.233000 190.188000 -13 2885 1 0 1.000000
-24.319300 22.346000 0 16.097900 -3.176330 221.832000 190.069000 -13 2886 1 0 1.000000
-0.235969 39.295300 0 3.756650 -10.715800 227.675000 190.393000 -13 2887 1 0 1.000000
-11.288100 31.867700 0 10.687000 3.572960 213.339000 190.122000 -13 2888 1 0 1.000000
10.573600 3.482430 0 3.294770 -4.247570 190.934000 189.951000 -13 2889 1 0 1.000000
6.450120 7.973830 0 -0.000840 -9.294400 188.773000 190.146000 -13 2890 1 0 1.000000
-17.035400 14.458300 0 -18.479200 -6.825580 216.299000 190.104000 -13 2891 1 0 1.000000
6.053160 27.523500 0 2.294080 -12.330800 211.458000 190.104000 -13 2892 1 0 1.000000
11.570600 -19.383400 0 -5.079150 -10.253600 203.714000 190.247000 -13 2893 1 0 1.000000
-9.826900 24.774400 0 2.617990 -5.019660 210.472000 190.012000 -13 2894 1 0 1.000000
-53.181900 1.539340 0 -7.222610 2.096570 206.671000 190.016000 -13 2895 1 0 1.000000
5.297360 19.704100 0 1.857080 -8.206450 212.377000 190.008000 -13 2896 1 0 1.000000
-8.556120 14.281300 0 -8.129780 -4.515230 206.251000 189.994000 -13 2897 1 0 1.000000
-9.027000 -29.122600 0 2.436920 -15.017600 208.558000 190.082000 -13 2898 1 0 1.000000
9.488800 -23.640500 0 6.302280 -10.300800 206.290000 190.121000 -13 2899 1 0 1.000000
4.691730 -21.344400 0 5.678740 -2.038520 201.660000 190.104000 -13 2900 1 0 1.000000
-17.315700 -39.799000 0 11.219900 -17.627600 209.264000 190.233000 -13 2901 1 0 1.000000
-1.183760 -27.003400 0 -9.699990 -12.145200 200.311000 189.983000 -13 2902 1 0 1.000000
-36.007800 -12.379300 0 2.837230 -1.489330 202.959000 190.205000 -13 2903 1 0 1.000000
-18.589500 -19.555100 0 -3.660630 -18.330400 203.943000 190.087000 -13 2904 1 0 1.000000
-13.818300 -45.526400 0 2.270620 3.342090 203.775000 190.002000 -13 2905 1 0 1.000000
-26.432800 -10.463300 0 5.383530 -3.752750 209.297000 190.128000 -13 2906 1 0 1.000000
4.831770 -10.707700 0 -0.633545 -17.882300 198.414000 190.069000 -13 2907 1 0 1.000000
9.857710 -1.247040 0 20.757100 -4.238270 193.341000 190.152000 -13 2908 1 0 1.000000
-17.586800 -12.347900 0 18.251700 10.729900 186.197000 190.214000 -13 2909 1 0 1.000000
-23.158400 -15.401000 0 -7.971130 0.799170 194.589000 190.161000 -13 2910 1 0 1.000000
-12.263000 -10.658400 0 19.533800 4.638600 190.364000 190.156000 -13 2911 1 0 1.000000
-3.045640 -3.985030 0 16.293800 10.126700 196.540000 190.326000 -13 2912 1 0 1.000000
-25.221800 -33.647700 0 1.171680 1.691650 187.778000 190.030000 -13 2913 1 0 1.000000
7.238430 6.978830 0 4.138890 -0.742621 189.628000 190.254000 -13 2914 1 0 1.000000
7.992820 -14.519900 0 -8.427520 12.633700 191.498000 190.282000 -13 2915 1 0 1.000000
-3.975130 -3.297430 0 4.191130 2.714160 191.037000 190.272000 -13 2916 1 0 1.000000
-0.675659 -14.521400 0 -3.148770 7.731630 181.292000 190.077000 -13 2917 1 0 1.000000
-25.702600 -27.619900 0 10.264900 6.535520 222.901000 190.057000 -13 2918 1 0 1.000000
-6.285360 -33.196600 0 -15.566600 1.539730 235.320000 190.070000 -13 2919 1 0 1.000000
22.190000 -15.737000 0 -18.673400 6.528100 231.055000 190.267000 -13 2920 1 0 1.000000
-1.610990 -38.852000 0 -7.594990 19.831100 224.949000 190.129000 -13 2921 1 0 1.000000
-11.633200 -33.038200 0 0.153525 18.123600 230.828000 190.055000 -13 2922 1 0 1.000000
12.371700 -8.543320 0 1.571870 13.969700 223.930000 190.136000 -13 2923 1 0 1.000000
-2.167010 6.045060 0 3.446940 11.377800 231.030000 190.285000 -13 2924 1 0 1.000000
6.089330 -28.789500 0 -2.297580 14.981800 225.725000 189.969000 -13 2925 1 0 1.000000
-12.991100 -32.061200 0 -3.340680 11.321300 226.521000 190.023000 -13 2926 1 0 1.000000
-23.196600 -17.427200 0 21.034800 11.433500 224.812000 190.292000 -13 2927 1 0 1.000000
-18.522900 -8.510780 0 -0.410986 -23.521900 224.510000 190.623000 -13 2928 1 0 1.000000
10.618700 -9.278000 0 -16.054600 12.380500 238.577000 190.256000 -13 2929 1 0 1.000000
-33.055600 4.139790 0 3.509740 -27.328200 222.171000 190.642000 -13 2930 1 0 1.000000
-28.281000 13.677900 0 -6.255820 -9.101470 238.811000 190.205000 -13 2931 1 0 1.000000
-18.978000 9.522950 0 -0.539371 -12.255800 236.201000 190.155000 -13 2932 1 0 1.000000
-62.896700 19.692000 0 5.812020 -4.760250 236.497000 190.295000 -13 2933 1 0 1.000000
-13.483400 9.543350 0 13.584400 -7.946100 235.488000 190.307000 -13 2934 1 0 1.000000
13.442300 -36.433400 0 -0.004869 -16.475300 190.766000 191.161000 -13 2935 1 0 1.000000
13.407800 -14.199800 0 -12.716900 -12.751300 189.546000 191.125000 -13 2936 1 0 1.000000
-37.054900 26.589600 0 2.132410 30.142600 226.215000 190.058000 -13 2937 1 0 1.000000
-5.398930 12.455900 0 15.873900 -8.955070 206.430000 190.002000 -13 2938 1 0 1.000000
-13.667700 28.008600 0 8.949850 -12.467800 213.377000 190.056000 -13 2939 1 0 1.000000
1.316990 60.224600 0 19.426100 3.407820 232.607000 190.212000 -13 2940 1 0 1.000000
-17.652900 14.172200 0 19.417500 -9.611550 206.771000 190.044000 -13 2941 1 0 1.000000
-12.389000 -4.701720 0 7.011710 -11.872000 213.237000 189.882000 -13 2942 1 0 1.000000
16.110300 10.583100 0 15.095100 6.571770 223.912000 190.101000 -13 2943 1 0 1.000000
8.149660 -6.838380 0 -4.150900 0.702089 205.518000 190.017000 -13 2944 1 0 1.000000
-35.127500 -8.844990 0 14.814000 9.197600 204.059000 189.890000 -13 2945 1 0 1.000000
-29.197600 11.771600 0 15.621100 13.025800 212.266000 189.905000 -13 2946 1 0 1.000000
-42.349400 -38.266900 0 -14.762700 -10.614400 223.184000 189.808000 -13 2947 1 0 1.000000
1.782350 -19.624300 0 -7.132810 -4.442210 215.131000 189.757000 -13 2948 1 0 1.000000
-3.393580 -19.436700 0 4.079970 -6.311250 201.899000 189.915000 -13 2949 1 0 1.000000
-45.274000 6.195970 0 11.978300 -4.979530 222.309000 189.779000 -13 2950 1 0 1.000000
-30.370300 -13.104400 0 -10.807500 -0.192965 222.208000 189.849000 -13 2951 1 0 1.000000
-5.582470 -22.270200 0 4.782030 -12.883700 201.037000 189.830000 -13 2952 1 0 1.000000
-2.532200 -29.582200 0 3.639330 -12.944700 215.779000 189.823000 -13 2953 1 0 1.000000
-25.255200 13.558000 0 13.255900 -13.788500 210.118000 189.915000 -13 2954 1 0 1.000000
1.858330 -36.674400 0 -2.269770 -3.357810 217.545000 189.835000 -13 2955 1 0 1.000000
-26.671800 -24.332400 0 8.149880 -6.085390 198.864000 189.945000 -13 2956 1 0 1.000000
-19.713300 12.327900 0 -0.863000 0.344672 173.199000 190.093000 -13 2957 1 0 1.000000
-0.772599 -22.541900 0 -0.381643 -13.085800 185.413000 189.603000 -13 2958 1 0 1.000000
-11.982600 -3.783270 0 -5.763640 -0.825109 170.475000 190.044000 -13 2959 1 0 1.000000
-24.223600 -44.969100 0 -4.752770 8.043720 191.727000 189.834000 -13 2960 1 0 1.000000
13.840500 -3.712210 0 1.169730 -13.599600 192.369000 190.486000 -13 2961 1 0 1.000000
9.020230 -4.911800 0 -13.361200 23.556500 172.856000 189.987000 -13 2962 1 0 1.000000
-25.986500 -31.695200 0 10.365000 4.149130 228.759000 189.644000 -13 2963 1 0 1.000000
-1.383200 -19.530000 0 1.292910 11.516900 176.222000 189.867000 -13 2964 1 0 1.000000
-8.479790 -44.088000 0 -2.227320 -4.225610 188.347000 189.604000 -13 2965 1 0 1.000000
10.502800 3.935210 0 -20.411500 15.941000 195.067000 190.360000 -13 2966 1 0 1.000000
26.899400 -6.004650 0 5.327070 6.476610 194.110000 190.430000 -13 2967 1 0 1.000000
21.238000 14.272900 0 -0.032784 -7.971440 200.057000 190.314000 -13 2968 1 0 1.000000
2.969060 13.133900 0 -8.122180 -9.439460 206.345000 190.347000 -13 2969 1 0 1.000000
9.702790 -5.945590 0 -3.020070 7.617400 198.614000 190.306000 -13 2970 1 0 1.000000
-23.498000 -34.318300 0 -16.942500 4.186720 204.280000 190.274000 -13 2971 1 0 1.000000
5.198830 25.059700 0 7.012040 7.781060 197.968000 190.219000 -13 2972 1 0 1.000000
40.212000 -5.832110 0 -6.581090 -9.282760 206.396000 190.318000 -13 2973 1 0 1.000000
13.662400 -6.441990 0 -8.583160 -3.268340 207.107000 190.285000 -13 2974 1 0 1.000000
-28.165600 12.673300 0 -12.314100 10.501000 208.916000 190.069000 -13 2975 1 0 1.000000
-17.461000 -11.283400 0 -3.099940 5.286430 206.485000 189.931000 -13 2976 1 0 1.000000
-10.271200 1.468080 0 -14.397500 -1.269400 213.507000 190.049000 -13 2977 1 0 1.000000
38.301200 -5.657740 0 -17.939300 2.414300 223.573000 190.029000 -13 2978 1 0 1.000000
-10.927600 1.498460 0 -4.311410 0.512763 204.861000 190.062000 -13 2979 1 0 1.000000
-25.445400 -10.373300 0 -8.371200 3.356030 202.553000 190.105000 -13 2980 1 0 1.000000
-24.544500 1.828250 0 -9.879470 5.789090 205.059000 190.125000 -13 2981 1 0 1.000000
1.106410 -2.376230 0 -14.297600 2.398730 207.152000 190.049000 -13 2982 1 0 1.000000
-13.056600 14.022100 0 -3.394480 13.399200 211.466000 190.244000 -13 2983 1 0 1.000000
30.786900 -30.366500 0 -17.045300 12.233900 206.961000 189.974000 -13 2984 1 0 1.000000
-37.608200 -28.498500 0 11.033800 9.647810 244.789000 190.404000 -13 2985 1 0 1.000000
5.475070 -16.591100 0 -4.037940 1.099160 211.456000 189.534000 -13 2986 1 0 1.000000
-17.948400 -30.583300 0 -12.103200 4.496980 222.621000 189.624000 -13 2987 1 0 1.000000
-14.595900 -17.538000 0 0.606134 7.618350 217.059000 189.560000 -13 2988 1 0 1.000000
37.808100 -54.461200 0 -10.283600 13.762500 223.306000 190.319000 -13 2989 1 0 1.000000
-23.120000 -21.633600 0 4.580310 16.194300 213.048000 190.278000 -13 2990 1 0 1.000000
-40.329300 -24.429000 0 -23.297400 -2.153720 223.663000 190.423000 -13 2991 1 0 1.000000
40.016900 -57.053700 0 -29.250300 -3.431150 221.982000 190.394000 -13 2992 1 0 1.000000
-26.762900 2.077090 0 2.233700 -2.273550 214.859000 190.445000 -13 2993 1 0 1.000000
-7.413070 -46.861900 0 -20.010600 20.142000 218.526000 190.348000 -13 2994 1 0 1.000000
-50.215300 -53.503400 0 -16.463300 -3.995830 213.205000 190.525000 -13 2995 1 0 1.000000
48.373600 -67.175700 0 -15.389300 -8.460660 226.238000 190.439000 -13 2996 1 0 1.000000
-35.956400 -17.047300 0 -13.527300 -6.534460 218.080000 190.154000 -13 2997 1 0 1.000000
-17.238600 13.364500 0 -1.622950 19.331400 194.743000 190.231000 -13 2998 1 0 1.000000
-1.343940 28.482400 0 -22.189200 -15.975900 189.906000 189.862000 -13 2999 1 0 1.000000
-33.445100 -51.406500 0 11.510700 -13.361800 202.605000 190.294000 -13 3000 1 0 1.000000
-29.715800 -8.475900 0 18.864300 -35.774700 193.759000 190.121000 -13 3001 1 0 1.000000
-15.302500 -28.406000 0 8.631230 -22.748700 192.861000 190.095000 -13 3002 1 0 1.000000
15.999100 -27.754200 0 9.854450 7.621850 196.166000 190.432000 -13 3003 1 0 1.000000
-1.736180 -37.050100 0 22.916700 -14.247100 196.504000 190.296000 -13 3004 1 0 1.000000
-27.412000 -47.949500 0 8.168420 -18.256900 198.728000 190.171000 -13 3005 1 0 1.000000
-23.200100 -66.636100 0 14.408300 -2.995910 203.719000 190.273000 -13 3006 1 0 1.000000
-8.403160 -37.648900 0 11.434700 -22.765000 207.712000 190.493000 -13 3007 1 0 1.000000
-10.733700 -12.910700 0 -14.264700 13.235600 211.678000 190.305000 -13 3008 1 0 1.000000
-6.653590 -24.380600 0 -16.740600 17.939400 219.451000 190.387000 -13 3009 1 0 1.000000
14.005500 -1.243650 0 -22.340200 15.192700 213.863000 190.449000 -13 3010 1 0 1.000000
15.656100 -9.442150 0 -30.243400 7.429120 202.719000 190.523000 -13 3011 1 0 1.000000
-3.534790 -6.142260 0 -6.932390 7.460410 214.591000 190.198000 -13 3012 1 0 1.000000
30.755600 -18.501700 0 -15.668600 8.474070 219.667000 190.299000 -13 3013 1 0 1.000000
-1.936750 5.277430 0 -10.352200 6.054630 220.422000 190.175000 -13 3014 1 0 1.000000
-10.889700 11.883400 0 7.159080 -5.048500 223.637000 190.338000 -13 3015 1 0 1.000000
6.387800 -8.219230 0 -10.478300 20.949600 215.247000 190.199000 -13 3016 1 0 1.000000
-4.735340 -24.994000 0 -23.367300 0.532389 222.042000 190.199000 -13 3017 1 0 1.000000
-5.302070 -23.106100 0 3.976170 -5.401010 213.455000 190.529000 -13 3018 1 0 1.000000
24.878700 -1.761170 0 2.775560 2.381270 201.511000 190.608000 -13 3019 1 0 1.000000
-7.303610 -6.995510 0 6.670120 -1.516200 213.029000 190.399000 -13 3020 1 0 1.000000
-1.742230 0.560412 0 20.473600 0.360099 201.526000 190.631000 -13 3021 1 0 1.000000
10.899800 -2.993190 0 1.573340 6.956160 218.439000 190.557000 -13 3022 1 0 1.000000
9.470890 -12.959300 0 19.009800 -14.648700 199.058000 190.618000 -13 3023 1 0 1.000000
-17.787000 -16.943300 0 22.407900 -3.700660 228.366000 190.403000 -13 3024 1 0 1.000000
-0.494493 -23.695100 0 3.356520 6.389740 215.964000 190.369000 -13 3025 1 0 1.000000
-18.929900 -21.495800 0 0.092638 14.746500 212.841000 190.559000 -13 3026 1 0 1.000000
15.870200 -17.615700 0 12.590900 5.802400 204.954000 190.580000 -13 3027 1 0 1.000000
-32.873300 12.600500 0 -1.360920 2.040350 198.527000 190.386000 -13 3028 1 0 1.000000
-32.320400 -1.350780 0 13.175000 2.437560 199.040000 190.390000 -13 3029 1 0 1.000000
-37.593900 -1.054450 0 -16.537300 -7.483600 202.888000 190.387000 -13 3030 1 0 1.000000
-42.142400 13.482500 0 -13.325900 2.985840 199.617000 190.262000 -13 3031 1 0 1.000000
-32.705300 10.012700 0 0.516018 -13.820300 186.645000 190.313000 -13 3032 1 0 1.000000
-18.485000 10.985000 0 6.316460 -18.789600 194.478000 190.455000 -13 3033 1 0 1.000000
-25.405300 2.173450 0 -5.054410 -6.449160 190.829000 190.329000 -13 3034 1 0 1.000000
-8.520050 -10.866100 0 5.300820 -16.515100 201.669000 190.387000 -13 3035 1 0 1.000000
-39.434700 -5.941590 0 0.609626 -3.050200 198.391000 190.334000 -13 3036 1 0 1.000000
-24.024100 -6.172710 0 0.432673 -17.176600 196.711000 190.507000 -13 3037 1 0 1.000000
76.156400 40.349100 0 -39.230900 -0.637297 222.034000 190.720000 -13 3038 1 0 1.000000
-40.108700 11.682300 0 25.063800 -47.387100 250.500000 189.901000 -13 3039 1 0 1.000000
-21.623500 18.269900 0 -0.714776 -14.116600 217.214000 190.503000 -13 3040 1 0 1.000000
-27.742000 -8.846690 0 26.331600 -81.066600 249.868000 190.204000 -13 3041 1 0 1.000000
30.835200 65.436700 0 -19.932000 -4.141910 227.766000 190.454000 -13 3042 1 0 1.000000
-14.834700 12.541600 0 -14.255900 -19.718900 228.610000 190.244000 -13 3043 1 0 1.000000
39.842900 30.329900 0 -18.282600 7.712010 209.974000 190.445000 -13 3044 1 0 1.000000
31.484400 58.193100 0 -15.664400 -16.971000 222.402000 190.572000 -13 3045 1 0 1.000000
-13.512900 19.717500 0 11.450200 -18.891900 227.506000 189.948000 -13 3046 1 0 1.000000
-17.163400 -16.398700 0 12.949000 1.053820 209.765000 189.989000 -13 3047 1 0 1.000000
-21.078400 -2.275460 0 7.775340 3.963580 209.542000 189.977000 -13 3048 1 0 1.000000
-10.118400 -6.123550 0 14.749100 0.104466 213.407000 189.945000 -13 3049 1 0 1.000000
-3.102980 -1.306400 0 3.899940 -1.854380 211.682000 189.927000 -13 3050 1 0 1.000000
-4.032310 -14.180500 0 -0.260120 1.406460 216.570000 189.939000 -13 3051 1 0 1.000000
-26.506100 10.441800 0 11.259900 -11.366800 220.262000 190.016000 -13 3052 1 0 1.000000
-42.494900 19.729800 0 5.758270 -14.577400 232.530000 190.017000 -13 3053 1 0 1.000000
-7.347930 10.265200 0 13.712700 -7.452520 218.943000 189.984000 -13 3054 1 0 1.000000
-59.160700 3.997990 0 2.498230 -14.960600 229.027000 190.061000 -13 3055 1 0 1.000000
4.954500 -8.830250 0 -3.070910 18.909000 212.970000 190.511000 -13 3056 1 0 1.000000
-29.468900 -18.653600 0 7.549340 12.094100 202.888000 190.650000 -13 3057 1 0 1.000000
-1.765920 -33.023000 0 0.911400 23.429500 215.274000 190.559000 -13 3058 1 0 1.000000
21.994800 -47.855500 0 0.194598 13.590800 194.914000 190.475000 -13 3059 1 0 1.000000
-31.102700 -26.190000 0 -3.410860 11.522000 204.762000 190.549000 -13 3060 1 0 1.000000
-19.009900 -28.294700 0 8.387240 11.182100 219.503000 190.374000 -13 3061 1 0 1.000000
-47.698600 -27.171000 0 7.361010 19.998800 220.388000 190.297000 -13 3062 1 0 1.000000
-47.679700 -16.236300 0 6.879380 9.591550 201.522000 190.823000 -13 3063 1 0 1.000000
-7.554420 -63.801900 0 6.424180 5.591410 202.289000 190.443000 -13 3064 1 0 1.000000
26.399000 -48.028100 0 11.927500 -9.037820 200.075000 190.368000 -13 3065 1 0 1.000000
-0.903167 -30.935700 0 -16.775500 56.596100 248.206000 189.845000 -13 3066 1 0 1.000000
19.162500 -14.003400 0 -15.013900 1.821300 196.441000 190.410000 -13 3067 1 0 1.000000
14.016800 -33.865500 0 3.273420 7.870970 191.446000 190.279000 -13 3068 1 0 1.000000
15.242700 -50.837300 0 12.538600 0.159775 199.627000 190.412000 -13 3069 1 0 1.000000
-7.035940 -47.743500 0 -9.220720 6.131300 195.044000 190.358000 -13 3070 1 0 1.000000
-6.553830 -6.289470 0 -11.044200 -4.126230 174.876000 189.705000 -13 3071 1 0 1.000000
-12.896800 -33.402000 0 -7.103600 4.830780 185.334000 190.426000 -13 3072 1 0 1.000000
20.660400 -36.310300 0 1.054750 -1.240460 187.204000 190.420000 -13 3073 1 0 1.000000
-41.120000 -12.941300 0 10.664200 4.915090 235.421000 190.232000 -13 3074 1 0 1.000000
-12.433600 -5.488370 0 -0.586174 15.428400 232.430000 190.461000 -13 3075 1 0 1.000000
-35.265100 -9.552510 0 4.260890 -7.812520 237.495000 190.088000 -13 3076 1 0 1.000000
-10.423100 10.947300 0 19.326800 9.028190 195.448000 190.971000 -13 3077 1 0 1.000000
-12.420500 16.171200 0 -3.084180 14.546400 235.101000 190.473000 -13 3078 1 0 1.000000
36.497500 -29.729400 0 -23.633500 -1.465060 176.770000 190.005000 -13 3079 1 0 1.000000
-21.604000 32.758500 0 3.080150 -21.081000 237.185000 190.367000 -13 3080 1 0 1.000000
-24.522500 4.028720 0 24.823200 -16.777400 214.770000 190.842000 -13 3081 1 0 1.000000
-1.070190 5.294430 0 16.128600 1.630540 202.135000 190.791000 -13 3082 1 0 1.000000
11.422600 -62.848700 0 -0.073429 -4.338100 209.743000 189.597000 -13 3083 1 0 1.000000
-19.562400 -7.073950 0 -5.770900 9.201550 208.187000 189.946000 -13 3084 1 0 1.000000
-12.331000 -20.129200 0 10.011400 -2.753630 211.587000 190.046000 -13 3085 1 0 1.000000
-29.001100 -9.238240 0 -19.679100 26.037200 227.415000 190.003000 -13 3086 1 0 1.000000
-35.064100 -14.361600 0 7.612720 3.382880 215.702000 189.929000 -13 3087 1 0 1.000000
-19.959100 -24.292800 0 20.186000 -4.615040 211.578000 190.005000 -13 3088 1 0 1.000000
5.911300 3.210700 0 10.336100 -9.277840 211.570000 189.934000 -13 3089 1 0 1.000000
-16.525300 3.872250 0 4.288030 -1.669390 221.807000 190.090000 -13 3090 1 0 1.000000
-44.613400 -18.831300 0 -13.539500 5.230190 221.656000 189.983000 -13 3091 1 0 1.000000
-44.683300 -7.054850 0 -2.404900 10.862400 226.354000 190.065000 -13 3092 1 0 1.000000
-45.069400 0.838666 0 -1.510880 3.723780 232.894000 190.051000 -13 3093 1 0 1.000000
-58.423200 -46.801000 0 -2.357210 -12.441300 198.829000 187.541000 -13 3094 1 0 1.000000
-75.786300 -16.054700 0 -6.200270 5.178220 213.325000 187.658000 -13 3095 1 0 1.000000
16.654100 -7.383360 0 -15.586000 -6.531060 200.093000 186.671000 -13 3096 1 0 1.000000
-5.815040 -36.291200 0 14.783500 31.267900 209.816000 187.823000 -13 3097 1 0 1.000000
31.611100 0.156365 0 -10.659000 -8.119110 193.128000 186.796000 -13 3098 1 0 1.000000
12.350900 37.075800 0 -21.165500 -41.087200 208.116000 187.223000 -13 3099 1 0 1.000000
-29.744200 -32.058800 0 22.861300 18.350200 210.305000 187.586000 -13 3100 1 0 1.000000
-46.344100 -44.142000 0 16.986200 17.309400 212.009000 187.579000 -13 3101 1 0 1.000000
36.804400 -44.906900 0 -87.466400 -23.858400 182.267000 187.971000 -13 3102 1 0 1.000000
6.030530 -39.203900 0 4.566520 -12.353600 176.596000 189.931000 -13 3103 1 0 1.000000
-38.681400 7.169830 0 11.589700 -2.519170 233.006000 189.819000 -13 3104 1 0 1.000000
14.332300 -27.037400 0 21.257300 8.156980 175.371000 190.084000 -13 3105 1 0 1.000000
2.893360 -25.271400 0 1.927380 -0.667632 173.692000 190.007000 -13 3106 1 0 1.000000
-32.248500 -5.763980 0 -7.606750 -12.805500 249.894000 190.077000 -13 3107 1 0 1.000000
-34.259900 -2.749420 0 12.832400 4.402700 196.456000 189.627000 -13 3108 1 0 1.000000
15.828800 -6.364640 0 -10.187200 3.476280 215.971000 189.884000 -13 3109 1 0 1.000000
-1.851040 -29.509600 0 7.226690 6.855310 215.361000 189.839000 -13 3110 1 0 1.000000
-24.617100 -32.303100 0 -8.265280 15.842300 239.436000 190.079000 -13 3111 1 0 1.000000
23.866700 -13.914600 0 0.713632 11.038900 233.107000 189.851000 -13 3112 1 0 1.000000
16.602500 -8.449070 0 0.619592 4.130880 206.056000 189.899000 -13 3113 1 0 1.000000
6.526090 -16.074100 0 -5.297960 -9.289500 234.948000 189.833000 -13 3114 1 0 1.000000
6.458960 -25.777000 0 -2.082000 17.251700 223.552000 189.905000 -13 3115 1 0 1.000000
25.019600 17.921800 0 -4.674300 17.125900 222.675000 189.835000 -13 3116 1 0 1.000000
4.154880 -23.970500 0 3.804920 -1.781460 212.434000 189.809000 -13 3117 1 0 1.000000
25.378300 -31.639700 0 -14.654900 -1.839050 231.917000 189.875000 -13 3118 1 0 1.000000
-31.212900 -35.082300 0 3.917290 -12.005500 221.330000 190.331000 -13 3119 1 0 1.000000
-73.163300 6.153610 0 9.259940 -8.230670 206.328000 190.491000 -13 3120 1 0 1.000000
-73.233200 -17.796000 0 -6.081440 -7.179130 220.976000 190.390000 -13 3121 1 0 1.000000
-24.636700 5.683370 0 18.154700 -5.938850 220.083000 190.421000 -13 3122 1 0 1.000000
-53.865500 6.378240 0 -3.534590 -5.958420 211.464000 190.394000 -13 3123 1 0 1.000000
-32.578400 -9.007320 0 2.251940 -12.771000 213.283000 190.369000 -13 3124 1 0 1.000000
-12.155800 -1.226110 0 -40.977100 20.523600 205.842000 190.278000 -13 3125 1 0 1.000000
-52.717800 2.436300 0 10.785300 -22.000300 224.229000 190.437000 -13 3126 1 0 1.000000
-53.858700 -2.853990 0 -10.533300 -7.664590 220.675000 190.327000 -13 3127 1 0 1.000000
-68.829600 22.710200 0 0.363233 -12.481500 220.816000 190.397000 -13 3128 1 0 1.000000
16.807100 3.709280 0 1.949640 12.478900 204.442000 189.993000 -13 3129 1 0 1.000000
13.396500 12.787600 0 7.289840 7.379060 208.982000 190.119000 -13 3130 1 0 1.000000
0.906572 2.049800 0 2.431420 7.643220 200.177000 190.011000 -13 3131 1 0 1.000000
12.190600 12.931600 0 1.170950 -2.964690 195.156000 189.989000 -13 3132 1 0 1.000000
-0.999698 2.270220 0 10.150500 6.834790 195.891000 189.978000 -13 3133 1 0 1.000000
15.664000 -5.892010 0 0.665018 3.348480 202.239000 189.966000 -13 3134 1 0 1.000000
-17.990100 -17.285800 0 7.583380 18.857400 205.604000 189.965000 -13 3135 1 0 1.000000
-25.463100 -11.594700 0 18.479900 10.531300 201.406000 190.081000 -13 3136 1 0 1.000000
-45.622600 9.338700 0 1.984760 16.516000 213.089000 189.980000 -13 3137 1 0 1.000000
-4.730500 -24.748000 0 -1.824290 -0.540830 177.176000 190.199000 -13 3138 1 0 1.000000
8.736220 -7.710670 0 -8.676250 -10.551300 214.646000 189.528000 -13 3139 1 0 1.000000
-39.152400 8.096760 0 7.474950 -11.882400 180.089000 190.107000 -13 3140 1 0 1.000000
-9.433860 -14.698100 0 -16.329900 -12.001600 230.631000 189.681000 -13 3141 1 0 1.000000
15.798600 -16.637500 0 -3.991730 13.389700 172.800000 190.087000 -13 3142 1 0 1.000000
2.252820 -12.025100 0 -33.117500 -25.027900 207.680000 189.687000 -13 3143 1 0 1.000000
-3.737520 -24.135100 0 -1.005870 1.896340 188.453000 190.402000 -13 3144 1 0 1.000000
10.687400 -16.764700 0 -10.015500 -6.669850 215.533000 189.922000 -13 3145 1 0 1.000000
-4.322190 -2.042170 0 -4.091770 -16.619000 225.779000 189.954000 -13 3146 1 0 1.000000
25.999800 6.469130 0 -10.103100 14.364300 217.966000 190.028000 -13 3147 1 0 1.000000
-11.161200 28.586700 0 -5.969810 -5.252790 226.196000 189.983000 -13 3148 1 0 1.000000
5.256010 34.346500 0 7.674130 -5.165420 220.211000 190.057000 -13 3149 1 0 1.000000
-2.228290 37.646900 0 -4.649870 15.367200 218.172000 190.070000 -13 3150 1 0 1.000000
0.648952 23.163600 0 1.442880 2.940600 219.288000 189.958000 -13 3151 1 0 1.000000
-0.184576 -6.132720 0 5.081730 -8.370800 212.614000 189.988000 -13 3152 1 0 1.000000
-3.231220 3.144640 0 -12.726500 -6.505530 230.718000 190.264000 -13 3153 1 0 1.000000
2.391430 11.645800 0 7.510980 -0.041281 216.805000 190.024000 -13 3154 1 0 1.000000
-5.431700 -18.987700 0 16.710200 -9.726620 201.738000 190.136000 -13 3155 1 0 1.000000
0.107193 -22.893400 0 17.103200 -20.888500 205.869000 190.246000 -13 3156 1 0 1.000000
-23.190900 10.549800 0 28.491900 -12.333800 200.398000 190.196000 -13 3157 1 0 1.000000
-8.954960 -19.208400 0 10.159100 -1.299820 204.179000 190.223000 -13 3158 1 0 1.000000
20.656000 -19.509400 0 -3.219330 9.934300 208.157000 190.216000 -13 3159 1 0 1.000000
-0.597528 -27.890000 0 23.319100 -13.491300 209.285000 190.129000 -13 3160 1 0 1.000000
-0.954428 0.263231 0 11.064300 -17.204100 205.815000 190.239000 -13 3161 1 0 1.000000
-6.272330 -8.175270 0 7.100230 1.091170 201.678000 190.136000 -13 3162 1 0 1.000000
24.431100 -13.675300 0 -3.172860 -11.911400 205.723000 190.204000 -13 3163 1 0 1.000000
-11.391300 21.431800 0 21.955000 -7.123030 223.384000 190.390000 -13 3164 1 0 1.000000
1.594290 16.247000 0 19.692000 -27.369400 213.973000 190.505000 -13 3165 1 0 1.000000
-37.697800 49.883900 0 7.341310 -9.978130 218.099000 190.482000 -13 3166 1 0 1.000000
-3.588090 -2.296520 0 -13.130300 -17.533600 217.279000 190.584000 -13 3167 1 0 1.000000
1.748610 25.472500 0 18.607700 -15.961200 205.835000 190.700000 -13 3168 1 0 1.000000
23.186000 17.027400 0 6.334560 -15.216700 228.486000 190.330000 -13 3169 1 0 1.000000
-2.653360 -4.202610 0 12.118800 -13.809700 219.741000 190.416000 -13 3170 1 0 1.000000
16.377400 1.346290 0 1.911300 -20.321000 223.444000 190.476000 -13 3171 1 0 1.000000
-16.259700 23.437400 0 20.677500 -19.156900 204.194000 190.475000 -13 3172 1 0 1.000000
6.647240 -58.337900 0 8.871350 -20.431700 212.477000 190.880000 -13 3173 1 0 1.000000
1.861620 -17.648100 0 -25.329000 -3.248370 229.099000 190.286000 -13 3174 1 0 1.000000
-17.833600 -12.757100 0 -9.147830 2.405860 228.118000 190.115000 -13 3175 1 0 1.000000
35.162600 -23.259200 0 -23.801800 0.096219 228.981000 190.146000 -13 3176 1 0 1.000000
35.665400 -4.689720 0 -2.542790 -12.068600 226.811000 190.189000 -13 3177 1 0 1.000000
40.781800 7.113670 0 0.640461 -16.775900 226.573000 189.928000 -13 3178 1 0 1.000000
12.520700 -6.001850 0 -17.551500 -15.138400 232.479000 190.133000 -13 3179 1 0 1.000000
-14.876000 -40.622300 0 -16.647200 3.507670 220.302000 190.047000 -13 3180 1 0 1.000000
14.662500 -14.342300 0 -14.250900 9.210320 229.416000 190.134000 -13 3181 1 0 1.000000
39.134000 -15.395500 0 -13.948000 -2.053150 227.731000 190.115000 -13 3182 1 0 1.000000
4.900320 -0.427557 0 -5.443870 -10.247900 222.304000 190.004000 -13 3183 1 0 1.000000
-33.607300 7.653580 0 -3.879710 5.339990 222.060000 190.328000 -13 3184 1 0 1.000000
-25.262900 9.222910 0 -10.359800 10.117500 200.095000 190.849000 -13 3185 1 0 1.000000
6.920580 -23.218400 0 -24.616100 13.201900 206.456000 190.507000 -13 3186 1 0 1.000000
10.959000 1.608030 0 -2.599110 2.828330 216.030000 190.448000 -13 3187 1 0 1.000000
-15.206900 -9.268220 0 -5.818670 24.532300 212.581000 190.327000 -13 3188 1 0 1.000000
-3.163370 16.865800 0 -19.728100 4.217260 205.097000 190.371000 -13 3189 1 0 1.000000
-9.892490 -20.060100 0 -6.477210 17.714700 208.626000 190.321000 -13 3190 1 0 1.000000
12.651200 3.868130 0 -2.588110 10.963700 211.158000 190.463000 -13 3191 1 0 1.000000
7.934870 -18.641200 0 -19.069200 13.354100 213.674000 190.327000 -13 3192 1 0 1.000000
-9.854330 -2.846430 0 -9.303650 6.147000 198.723000 190.059000 -13 3193 1 0 1.000000
33.083100 -47.968400 0 28.749000 27.687000 207.922000 189.948000 -13 3194 1 0 1.000000
14.693000 16.712400 0 -6.240100 9.149740 199.656000 190.060000 -13 3195 1 0 1.000000
-9.732280 -21.514900 0 -11.253300 0.726074 191.936000 190.003000 -13 3196 1 0 1.000000
18.180100 -22.743700 0 -16.879600 24.232000 208.641000 190.062000 -13 3197 1 0 1.000000
11.213200 18.670700 0 -15.206800 6.058050 201.081000 189.976000 -13 3198 1 0 1.000000
40.931500 -18.695000 0 24.919100 1.990430 201.348000 189.924000 -13 3199 1 0 1.000000
8.404010 4.006840 0 -0.231235 -6.380570 190.079000 190.030000 -13 3200 1 0 1.000000
15.688300 -3.041080 0 -31.318800 18.716200 191.349000 190.041000 -13 3201 1 0 1.000000
57.533100 8.481920 0 -20.926700 16.494600 205.767000 190.065000 -13 3202 1 0 1.000000
-20.693900 6.131520 0 10.235800 6.778890 220.441000 189.881000 -13 3203 1 0 1.000000
-10.491600 -2.285580 0 -1.265810 3.704980 216.893000 189.821000 -13 3204 1 0 1.000000
-2.694220 1.561180 0 -9.985930 -2.045780 212.318000 189.913000 -13 3205 1 0 1.000000
-23.571500 16.361600 0 -4.641310 9.669910 212.865000 189.809000 -13 3206 1 0 1.000000
-6.212580 -14.944900 0 -3.024120 0.269929 210.097000 189.780000 -13 3207 1 0 1.000000
-15.970000 13.333500 0 -2.769210 26.267300 227.942000 189.909000 -13 3208 1 0 1.000000
-21.510400 -9.253530 0 -2.613480 -2.458710 205.957000 189.840000 -13 3209 1 0 1.000000
-24.414100 6.600480 0 0.688378 6.040770 207.784000 189.835000 -13 3210 1 0 1.000000
-2.792580 7.880010 0 0.656374 -6.946300 238.251000 189.934000 -13 3211 1 0 1.000000
-25.227400 34.655300 0 -9.428010 2.227870 224.951000 189.929000 -13 3212 1 0 1.000000
-7.367000 7.491800 0 -8.170980 -11.053700 193.083000 190.533000 -13 3213 1 0 1.000000
3.612480 -14.683400 0 19.392900 -17.714200 182.534000 190.082000 -13 3214 1 0 1.000000
0.443493 9.034090 0 -10.300600 -6.050930 193.371000 190.406000 -13 3215 1 0 1.000000
-33.800600 -3.804600 0 -4.320480 9.516650 210.633000 190.494000 -13 3216 1 0 1.000000
18.972800 1.190070 0 -9.167710 6.257140 197.755000 190.426000 -13 3217 1 0 1.000000
5.427970 -7.977940 0 -0.476423 9.925640 199.591000 190.335000 -13 3218 1 0 1.000000
21.293600 -35.298700 0 6.923170 -4.818840 183.447000 190.331000 -13 3219 1 0 1.000000
33.262000 -27.695700 0 -18.311600 6.759820 187.483000 190.370000 -13 3220 1 0 1.000000
-14.952300 -28.505900 0 1.742670 5.155770 193.283000 190.486000 -13 3221 1 0 1.000000
-3.412040 -11.303800 0 -8.830740 6.706110 190.912000 190.475000 -13 3222 1 0 1.000000
12.762100 -37.457700 0 3.532490 -55.378400 232.410000 190.955000 -13 3223 1 0 1.000000
8.323130 -53.363100 0 -3.456660 -17.772000 203.937000 189.495000 -13 3224 1 0 1.000000
5.000570 -39.070700 0 3.354060 45.987800 207.388000 190.007000 -13 3225 1 0 1.000000
22.414700 24.556100 0 -10.851200 41.580100 199.535000 189.863000 -13 3226 1 0 1.000000
-1.343350 -51.536500 0 15.468600 -20.434600 206.088000 189.560000 -13 3227 1 0 1.000000
-8.962700 50.436200 0 -27.876000 -21.999200 191.539000 190.107000 -13 3228 1 0 1.000000
19.216100 -16.098300 0 7.604760 -19.575700 201.629000 190.117000 -13 3229 1 0 1.000000
-5.738810 -12.178200 0 7.313760 -22.319500 202.349000 190.108000 -13 3230 1 0 1.000000
2.445680 -2.984860 0 3.313510 -2.399170 209.162000 190.100000 -13 3231 1 0 1.000000
17.693800 -12.870600 0 0.020779 -5.334530 202.517000 190.136000 -13 3232 1 0 1.000000
-14.129400 -52.878200 0 5.912500 8.512030 206.518000 190.145000 -13 3233 1 0 1.000000
-0.274209 -23.699200 0 7.899220 -4.386910 211.096000 190.050000 -13 3234 1 0 1.000000
27.083100 -20.093700 0 -4.605880 -8.570720 210.178000 190.076000 -13 3235 1 0 1.000000
9.772440 38.342400 0 -4.696270 -19.334100 210.580000 190.115000 -13 3236 1 0 1.000000
-21.958000 -17.251800 0 -47.927500 11.828100 204.563000 190.053000 -13 3237 1 0 1.000000
-7.154900 -45.517300 0 -10.856900 -1.158580 224.071000 190.094000 -13 3238 1 0 1.000000
0.967021 -27.065400 0 0.953869 -8.658240 219.475000 189.977000 -13 3239 1 0 1.000000
1.093750 -36.772500 0 -3.908780 -7.127260 214.335000 190.055000 -13 3240 1 0 1.000000
7.793660 -21.482700 0 -22.173800 -10.314200 228.364000 190.121000 -13 3241 1 0 1.000000
-39.378500 -23.236700 0 -0.142290 -22.157000 213.500000 190.236000 -13 3242 1 0 1.000000
-22.172500 -43.413400 0 -14.951500 10.991000 216.975000 190.098000 -13 3243 1 0 1.000000
-9.573800 -27.384000 0 -8.203860 -7.528950 209.635000 190.021000 -13 3244 1 0 1.000000
-21.199200 -23.042400 0 12.281000 -25.589400 221.660000 190.413000 -13 3245 1 0 1.000000
6.528620 -47.622400 0 -12.632100 9.250720 215.658000 189.982000 -13 3246 1 0 1.000000
24.224400 -1.378230 0 -33.715600 -6.705950 179.882000 190.267000 -13 3247 1 0 1.000000
-19.960600 -28.556500 0 -12.813400 6.972830 196.099000 190.322000 -13 3248 1 0 1.000000
-25.784400 -20.241600 0 -8.131590 -13.344200 187.274000 190.494000 -13 3249 1 0 1.000000
-42.781800 -24.293800 0 -15.126200 -3.904110 192.749000 190.333000 -13 3250 1 0 1.000000
69.111500 -6.308930 0 -23.072100 2.486050 191.992000 190.104000 -13 3251 1 0 1.000000
3.073140 -11.819600 0 -21.739400 1.526340 179.599000 190.310000 -13 3252 1 0 1.000000
-9.390610 -27.630600 0 1.437530 -24.891800 256.389000 190.261000 -13 3253 1 0 1.000000
-14.413800 19.125600 0 24.303600 -14.155100 249.034000 189.802000 -13 3254 1 0 1.000000
-20.079000 -19.391300 0 -2.432380 -7.049600 192.978000 190.406000 -13 3255 1 0 1.000000
-19.577400 -59.080700 0 -12.672300 -5.571140 192.220000 190.419000 -13 3256 1 0 1.000000
15.723900 -32.524200 0 -20.678200 11.182300 236.004000 190.207000 -13 3257 1 0 1.000000
19.680400 -12.288500 0 -15.291300 5.197980 214.955000 190.002000 -13 3258 1 0 1.000000
22.687800 -40.701000 0 -14.795400 7.886040 232.211000 190.107000 -13 3259 1 0 1.000000
12.325100 -9.173960 0 -27.241300 10.622800 228.768000 190.180000 -13 3260 1 0 1.000000
-9.288820 -34.395600 0 -9.209500 9.727040 228.535000 190.288000 -13 3261 1 0 1.000000
20.077600 -25.016900 0 -9.393170 9.777830 225.386000 190.029000 -13 3262 1 0 1.000000
47.524800 -21.036300 0 -14.880400 -8.153580 235.178000 189.986000 -13 3263 1 0 1.000000
11.305100 -38.077000 0 -11.688800 2.476420 228.757000 190.003000 -13 3264 1 0 1.000000
19.683900 -42.651600 0 -4.867200 1.012460 234.740000 190.085000 -13 3265 1 0 1.000000
29.528100 -12.562100 0 -4.662030 -2.526580 211.022000 189.954000 -13 3266 1 0 1.000000
2.627720 -9.353840 0 -2.234780 25.453800 195.676000 190.204000 -13 3267 1 0 1.000000
31.616900 -67.573900 0 -12.207600 16.361000 201.548000 189.943000 -13 3268 1 0 1.000000
-6.150790 -41.671400 0 2.406300 -5.487560 187.783000 189.671000 -13 3269 1 0 1.000000
14.878200 -41.453200 0 11.959100 -5.282960 185.788000 189.725000 -13 3270 1 0 1.000000
-14.470300 -67.388700 0 11.917200 -2.286860 247.212000 190.493000 -13 3271 1 0 1.000000
11.685000 9.645370 0 -21.696700 13.760700 198.124000 190.341000 -13 3272 1 0 1.000000
-0.707305 8.629080 0 -11.554600 12.818300 191.629000 190.300000 -13 3273 1 0 1.000000
2.515270 12.667900 0 8.383450 2.083780 198.345000 190.369000 -13 3274 1 0 1.000000
-4.521570 -16.252200 0 -9.882230 -8.877380 180.336000 190.391000 -13 3275 1 0 1.000000
2.578700 -24.360200 0 4.022130 5.970880 210.946000 190.457000 -13 3276 1 0 1.000000
-24.378800 6.447080 0 -5.843920 -12.958200 203.536000 190.444000 -13 3277 1 0 1.000000
3.786800 -22.430600 0 -5.593540 -3.831710 192.219000 190.417000 -13 3278 1 0 1.000000
-4.141150 -52.760500 0 7.169090 0.674642 202.566000 190.357000 -13 3279 1 0 1.000000
-9.534450 3.305430 0 -4.781450 1.515380 196.596000 190.483000 -13 3280 1 0 1.000000
-10.365800 -29.925900 0 3.368200 13.778000 203.945000 190.473000 -13 3281 1 0 1.000000
11.297700 -0.480881 0 -9.736290 -5.225300 213.653000 190.363000 -13 3282 1 0 1.000000
2.675610 -11.891300 0 -8.705460 -20.236500 180.306000 190.486000 -13 3283 1 0 1.000000
-26.855900 -3.438880 0 17.174300 -23.774200 200.658000 190.595000 -13 3284 1 0 1.000000
28.060900 13.904100 0 -11.413900 -10.017400 215.531000 189.957000 -13 3285 1 0 1.000000
-28.968600 -12.302900 0 -23.201200 -9.424620 209.564000 190.008000 -13 3286 1 0 1.000000
-3.104550 -15.571000 0 -13.439600 -16.988100 213.581000 189.985000 -13 3287 1 0 1.000000
21.963700 33.033100 0 -20.871000 -4.038510 213.691000 190.045000 -13 3288 1 0 1.000000
-28.285300 -28.066500 0 -9.384980 -4.970890 209.820000 190.011000 -13 3289 1 0 1.000000
3.521960 -22.808600 0 -18.690500 -13.990100 212.147000 190.051000 -13 3290 1 0 1.000000
28.642500 24.496800 0 -15.277000 2.333720 212.942000 189.911000 -13 3291 1 0 1.000000
52.308000 2.922430 0 -7.467810 1.922350 215.076000 190.011000 -13 3292 1 0 1.000000
-35.196100 -7.451530 0 -21.344000 -21.725500 217.757000 190.001000 -13 3293 1 0 1.000000
47.298000 24.360400 0 -5.899280 -14.715000 231.006000 190.019000 -13 3294 1 0 1.000000
12.101200 -9.096510 0 8.073060 -27.466700 221.031000 190.137000 -13 3295 1 0 1.000000
10.767300 -2.931330 0 4.024520 -24.522200 219.312000 190.258000 -13 3296 1 0 1.000000
17.610800 -12.369000 0 -2.210030 -24.661500 213.374000 190.116000 -13 3297 1 0 1.000000
23.320500 -20.495300 0 16.116800 -5.797350 210.334000 190.087000 -13 3298 1 0 1.000000
22.461300 -20.349400 0 -6.695340 -20.617500 209.235000 190.134000 -13 3299 1 0 1.000000
1.383010 -15.526600 0 -3.310130 -23.835100 217.399000 190.076000 -13 3300 1 0 1.000000
24.887100 -38.350300 0 -15.729300 1.844600 218.559000 190.202000 -13 3301 1 0 1.000000
17.169000 -27.291700 0 -3.259020 -9.439400 209.199000 190.128000 -13 3302 1 0 1.000000
-10.529400 -27.978800 0 2.271090 -23.054000 207.303000 190.049000 -13 3303 1 0 1.000000
35.387600 -36.000200 0 -15.231100 7.908040 207.764000 190.176000 -13 3304 1 0 1.000000
-8.057960 -9.397620 0 -2.496080 -3.341400 200.233000 190.250000 -13 3305 1 0 1.000000
27.141500 -6.888140 0 3.297230 7.934000 216.283000 190.167000 -13 3306 1 0 1.000000
29.363200 -30.023800 0 10.207000 5.183470 218.604000 190.198000 -13 3307 1 0 1.000000
-30.401600 -4.041100 0 35.087300 -11.965100 216.405000 190.353000 -13 3308 1 0 1.000000
13.116500 -15.311700 0 1.649120 6.354050 210.820000 190.090000 -13 3309 1 0 1.000000
8.763400 -8.938360 0 29.049600 15.335700 207.347000 190.530000 -13 3310 1 0 1.000000
31.671800 -12.202200 0 -8.719810 4.663440 214.820000 190.259000 -13 3311 1 0 1.000000
27.753900 -13.475700 0 12.796200 3.182550 216.762000 190.201000 -13 3312 1 0 1.000000
27.157100 -19.250000 0 -4.784320 10.425600 209.449000 190.357000 -13 3313 1 0 1.000000
8.936840 -13.454800 0 -6.127110 1.793870 218.703000 190.082000 -13 3314 1 0 1.000000
31.220400 -30.834300 0 -11.345200 6.314540 191.886000 189.972000 -13 3315 1 0 1.000000
10.611200 3.971320 0 9.423460 -7.297210 196.231000 189.671000 -13 3316 1 0 1.000000
23.495100 -21.329200 0 -6.782130 -4.088980 192.965000 189.731000 -13 3317 1 0 1.000000
19.522400 -47.189000 0 7.544430 -8.838490 196.322000 189.791000 -13 3318 1 0 1.000000
14.039500 -18.777900 0 -13.856700 -1.002330 178.621000 189.776000 -13 3319 1 0 1.000000
6.366670 -42.925000 0 5.195730 -5.533090 189.807000 189.892000 -13 3320 1 0 1.000000
-6.199450 -23.548100 0 -3.833920 -1.240750 186.630000 189.984000 -13 3321 1 0 1.000000
22.998800 -12.816100 0 -1.467890 -24.553900 197.071000 189.784000 -13 3322 1 0 1.000000
24.625700 -12.383700 0 15.418800 -15.575800 215.652000 189.777000 -13 3323 1 0 1.000000
9.397640 6.319000 0 0.288974 -0.157218 189.592000 189.749000 -13 3324 1 0 1.000000
-14.499100 -22.755900 0 4.444190 -7.250480 245.825000 189.881000 -13 3325 1 0 1.000000
3.129890 8.739910 0 0.715541 -6.158150 235.984000 189.686000 -13 3326 1 0 1.000000
-18.528700 -9.200750 0 -13.271300 -10.675300 233.126000 190.524000 -13 3327 1 0 1.000000
-11.632300 -16.202600 0 -0.266170 6.514670 174.868000 191.394000 -13 3328 1 0 1.000000
15.587500 8.462950 0 -1.559900 -15.019800 218.481000 189.637000 -13 3329 1 0 1.000000
-4.254760 -4.566200 0 -2.052070 3.649580 242.717000 190.025000 -13 3330 1 0 1.000000
16.583100 28.938100 0 -9.090450 -3.292940 186.597000 189.793000 -13 3331 1 0 1.000000
25.258600 12.106900 0 3.513810 -0.723707 196.179000 189.688000 -13 3332 1 0 1.000000
-0.295341 -0.596908 0 -10.431900 35.978800 212.173000 189.687000 -13 3333 1 0 1.000000
-1.869170 -12.204200 0 -0.058749 -15.903600 219.637000 190.270000 -13 3334 1 0 1.000000
-8.998610 -14.859400 0 15.297200 -22.337200 223.836000 190.206000 -13 3335 1 0 1.000000
-14.087300 11.904900 0 14.079900 -21.406300 222.441000 190.167000 -13 3336 1 0 1.000000
-30.737900 -15.225000 0 6.509120 -17.824600 219.057000 190.197000 -13 3337 1 0 1.000000
-20.100000 -22.581800 0 13.615600 -4.622300 210.693000 190.182000 -13 3338 1 0 1.000000
-17.642000 -24.674400 0 -6.927150 -15.418300 215.275000 190.261000 -13 3339 1 0 1.000000
-11.623200 -24.565900 0 -5.415540 -21.094700 213.678000 190.164000 -13 3340 1 0 1.000000
-22.845500 -6.005250 0 11.504500 -29.493200 217.394000 190.311000 -13 3341 1 0 1.000000
20.216700 -28.508500 0 13.843500 -31.407100 217.982000 190.226000 -13 3342 1 0 1.000000
-43.228500 -0.060800 0 6.743110 -26.322900 224.185000 190.178000 -13 3343 1 0 1.000000
2.140020 -9.498960 0 14.412000 -0.708605 185.903000 189.737000 -13 3344 1 0 1.000000
13.024100 -7.130750 0 -2.195660 -10.848200 169.828000 190.043000 -13 3345 1 0 1.000000
8.389810 -23.942600 0 -0.670918 9.597690 172.170000 189.934000 -13 3346 1 0 1.000000
-0.941682 11.960300 0 -22.069100 9.159930 188.113000 189.616000 -13 3347 1 0 1.000000
-13.031000 -27.369300 0 -28.756200 -3.979240 183.202000 190.247000 -13 3348 1 0 1.000000
2.110530 -16.484600 0 -5.156690 -19.024100 178.269000 189.652000 -13 3349 1 0 1.000000
8.869140 -5.229490 0 -18.450900 -1.599050 170.716000 190.241000 -13 3350 1 0 1.000000
21.551300 -7.340900 0 -8.246290 2.788570 173.950000 190.324000 -13 3351 1 0 1.000000
9.473680 -9.012320 0 -0.081059 7.986800 175.767000 190.160000 -13 3352 1 0 1.000000
-51.911200 -11.380100 0 -2.471610 -13.110200 185.533000 190.258000 -13 3353 1 0 1.000000
-15.978900 -12.320500 0 15.165800 -17.599000 195.103000 190.281000 -13 3354 1 0 1.000000
-4.485060 -19.766500 0 17.274800 -8.737550 188.104000 190.322000 -13 3355 1 0 1.000000
2.767330 -22.633000 0 19.774700 -20.996800 204.214000 190.292000 -13 3356 1 0 1.000000
-29.253900 -4.477910 0 3.222360 -8.554350 180.306000 189.960000 -13 3357 1 0 1.000000
10.723800 -16.836100 0 -19.875500 29.380200 225.758000 189.778000 -13 3358 1 0 1.000000
-21.646100 7.071760 0 11.861800 -14.498600 176.220000 190.084000 -13 3359 1 0 1.000000
-36.947600 76.200000 0 18.677700 -33.383300 251.726000 189.951000 -13 3360 1 0 1.000000
3.917850 14.599300 0 -5.815100 -2.968040 193.210000 190.354000 -13 3361 1 0 1.000000
-13.985600 31.396100 0 29.436300 -52.084600 219.743000 189.768000 -13 3362 1 0 1.000000
24.458700 -69.996200 0 11.235200 0.403972 195.379000 189.893000 -13 3363 1 0 1.000000
6.588750 12.137100 0 -24.373000 8.450560 180.005000 190.025000 -13 3364 1 0 1.000000
36.916600 -88.297900 0 -14.409100 1.157050 209.536000 189.992000 -13 3365 1 0 1.000000
-4.274440 -12.568800 0 15.353300 -40.642100 220.697000 189.695000 -13 3366 1 0 1.000000
-17.722800 -29.394500 0 -3.201330 32.784400 185.668000 190.060000 -13 3367 1 0 1.000000
7.747320 -51.856500 0 7.265260 -18.961800 197.249000 189.681000 -13 3368 1 0 1.000000
10.942800 -42.977600 0 -2.836580 -15.166300 190.400000 190.136000 -13 3369 1 0 1.000000
-8.065610 -42.502600 0 -15.002400 -8.380760 191.694000 190.175000 -13 3370 1 0 1.000000
-11.735100 -2.438270 0 -7.039410 -1.615650 192.027000 190.465000 -13 3371 1 0 1.000000
-12.336600 -14.316800 0 -17.982300 5.576690 194.590000 190.291000 -13 3372 1 0 1.000000
9.750730 6.809880 0 -15.796400 11.006800 195.191000 190.315000 -13 3373 1 0 1.000000
6.943870 -31.112700 0 -12.470400 6.828530 190.841000 190.324000 -13 3374 1 0 1.000000
-13.447700 -30.348200 0 -2.344990 10.003900 192.527000 190.312000 -13 3375 1 0 1.000000
-7.773550 -19.404400 0 -1.385550 -36.199500 190.458000 190.232000 -13 3376 1 0 1.000000
-16.358700 -16.140000 0 -21.027200 -2.107280 187.594000 190.284000 -13 3377 1 0 1.000000
2.533810 7.896200 0 -33.328900 -15.417500 179.734000 190.182000 -13 3378 1 0 1.000000
-29.817200 -20.707100 0 -0.964291 -3.511580 187.023000 190.374000 -13 3379 1 0 1.000000
-19.100100 -6.569110 0 -16.313900 -23.245400 185.130000 190.209000 -13 3380 1 0 1.000000
2.033520 -2.946680 0 -31.165200 -4.043370 181.541000 190.201000 -13 3381 1 0 1.000000
-21.120900 -18.932800 0 -20.065100 -10.957200 184.287000 190.255000 -13 3382 1 0 1.000000
9.192070 -0.452094 0 -17.205300 -30.545000 187.358000 190.124000 -13 3383 1 0 1.000000
-27.315500 13.538000 0 -16.452700 -17.149600 185.134000 190.225000 -13 3384 1 0 1.000000
-0.035733 27.765100 0 -11.414900 -13.585300 198.124000 190.100000 -13 3385 1 0 1.000000
-4.806940 -9.515520 0 -3.072270 -4.650180 191.541000 190.366000 -13 3386 1 0 1.000000
19.363600 -6.852660 0 6.874690 3.357910 214.326000 190.033000 -13 3387 1 0 1.000000
4.244680 -26.656300 0 15.316800 1.038880 213.017000 190.099000 -13 3388 1 0 1.000000
22.003800 -5.991550 0 13.440500 3.788840 214.490000 190.015000 -13 3389 1 0 1.000000
-6.383490 -1.119580 0 17.591700 6.375260 214.135000 189.968000 -13 3390 1 0 1.000000
6.610490 -8.781310 0 6.164250 4.880370 203.129000 190.114000 -13 3391 1 0 1.000000
-1.303390 -22.224200 0 10.965100 -7.880620 218.812000 190.072000 -13 3392 1 0 1.000000
-10.950900 -23.361100 0 21.483500 6.031300 218.209000 190.045000 -13 3393 1 0 1.000000
-18.764100 -6.647060 0 15.560900 5.219410 214.492000 189.992000 -13 3394 1 0 1.000000
20.447400 -10.636100 0 8.772670 -19.120300 226.903000 190.187000 -13 3395 1 0 1.000000
-12.630900 10.130600 0 4.856200 5.753040 217.011000 190.017000 -13 3396 1 0 1.000000
-17.741700 7.889640 0 6.885800 -7.331790 210.680000 190.003000 -13 3397 1 0 1.000000
-4.196080 -2.494440 0 6.446540 -8.489930 206.216000 190.133000 -13 3398 1 0 1.000000
-31.143800 9.073080 0 1.600620 -1.512950 213.061000 190.119000 -13 3399 1 0 1.000000
-20.323300 5.085580 0 -14.170000 4.225690 210.240000 189.983000 -13 3400 1 0 1.000000
-4.504620 -16.097900 0 -7.597280 25.257000 213.349000 189.969000 -13 3401 1 0 1.000000
-26.975800 1.118560 0 -19.531000 17.020500 218.656000 189.985000 -13 3402 1 0 1.000000
-38.980800 -3.644690 0 -4.736880 2.818120 214.018000 189.937000 -13 3403 1 0 1.000000
-38.294800 -5.198240 0 -3.510600 -1.238590 196.790000 190.120000 -13 3404 1 0 1.000000
-34.268900 -13.349800 0 -10.000100 6.149090 209.979000 189.963000 -13 3405 1 0 1.000000
-25.155000 -10.908600 0 1.973890 -1.925830 200.988000 190.094000 -13 3406 1 0 1.000000
21.126800 -43.835600 0 -19.279100 -2.920260 200.239000 190.320000 -13 3407 1 0 1.000000
39.003300 -37.075600 0 -18.138800 -15.418900 193.931000 190.244000 -13 3408 1 0 1.000000
-29.303000 -17.274200 0 -11.818400 3.655440 198.228000 190.368000 -13 3409 1 0 1.000000
-52.771300 -0.893254 0 22.431200 -5.410960 216.946000 190.540000 -13 3410 1 0 1.000000
-4.193350 -3.160830 0 -11.183100 -0.411201 208.029000 190.357000 -13 3411 1 0 1.000000
10.331300 -56.958400 0 -24.423400 5.983430 206.290000 190.312000 -13 3412 1 0 1.000000
-30.525900 -42.076400 0 -12.688700 18.185200 213.368000 190.473000 -13 3413 1 0 1.000000
26.044700 5.342050 0 -5.972550 -38.420200 185.767000 190.339000 -13 3414 1 0 1.000000
10.858000 -16.359500 0 25.207800 -10.323600 189.741000 190.044000 -13 3415 1 0 1.000000
-14.819700 -26.388800 0 -10.993500 8.997980 208.727000 190.366000 -13 3416 1 0 1.000000
0.112981 -30.675200 0 7.387180 -2.383840 212.593000 190.060000 -13 3417 1 0 1.000000
-14.718700 -17.208100 0 4.854730 8.802110 204.539000 190.014000 -13 3418 1 0 1.000000
-24.532900 -12.736600 0 6.288610 -7.793260 210.985000 189.988000 -13 3419 1 0 1.000000
14.882000 -32.294800 0 5.980480 -13.851900 212.375000 189.999000 -13 3420 1 0 1.000000
-11.782000 -45.414500 0 10.219300 2.107590 222.126000 190.157000 -13 3421 1 0 1.000000
-7.784550 -14.431400 0 -13.355200 7.049400 215.996000 190.033000 -13 3422 1 0 1.000000
-40.340400 -36.878200 0 11.773100 -1.942720 223.300000 190.212000 -13 3423 1 0 1.000000
5.650340 -10.496100 0 6.557810 4.756910 219.814000 190.025000 -13 3424 1 0 1.000000
-18.087700 -40.120000 0 10.977900 -8.998060 219.611000 189.962000 -13 3425 1 0 1.000000
-0.947732 -17.672300 0 9.765820 1.094400 212.935000 190.104000 -13 3426 1 0 1.000000
4.380530 -15.801500 0 -51.873800 -38.627800 217.234000 189.655000 -13 3427 1 0 1.000000
-45.195000 -31.789200 0 14.319200 27.177900 202.041000 190.101000 -13 3428 1 0 1.000000
-22.994700 -24.935200 0 17.397400 15.317200 194.506000 190.085000 -13 3429 1 0 1.000000
-16.484700 -6.527370 0 42.729000 20.614000 200.987000 190.271000 -13 3430 1 0 1.000000
-4.188550 -10.361800 0 36.173300 10.006700 192.903000 190.248000 -13 3431 1 0 1.000000
35.635600 32.274000 0 -21.682100 -13.903000 213.103000 190.389000 -13 3432 1 0 1.000000
23.541200 29.638400 0 25.351900 7.388190 209.531000 190.381000 -13 3433 1 0 1.000000
-8.601120 -12.785100 0 -18.079800 -24.982200 223.232000 190.211000 -13 3434 1 0 1.000000
-8.157840 -16.292900 0 -6.607070 -11.207100 205.389000 190.094000 -13 3435 1 0 1.000000
-21.382100 -18.393500 0 -2.382950 3.791780 204.297000 189.957000 -13 3436 1 0 1.000000
28.400700 0.660073 0 -11.871300 -4.444460 208.226000 190.179000 -13 3437 1 0 1.000000
6.442650 -18.522900 0 -8.775610 -8.440430 201.753000 190.141000 -13 3438 1 0 1.000000
18.995600 0.597689 0 0.303964 -21.014200 201.649000 190.033000 -13 3439 1 0 1.000000
16.149600 -25.564200 0 -2.802570 -13.897200 199.035000 190.191000 -13 3440 1 0 1.000000
36.509600 -40.099800 0 -4.454880 -17.570000 200.684000 190.144000 -13 3441 1 0 1.000000
-39.646900 1.796390 0 8.386590 -25.919700 206.887000 190.192000 -13 3442 1 0 1.000000
-30.600600 19.662200 0 -16.374100 0.937886 203.679000 190.214000 -13 3443 1 0 1.000000
-30.147500 -0.854483 0 1.292310 -18.178100 203.603000 190.337000 -13 3444 1 0 1.000000
8.099170 15.917800 0 -27.478900 -1.692310 194.190000 190.120000 -13 3445 1 0 1.000000
-24.389200 -2.640820 0 -5.173630 -19.458900 195.718000 190.257000 -13 3446 1 0 1.000000
-29.709500 34.922900 0 -18.762800 -3.725600 196.862000 190.251000 -13 3447 1 0 1.000000
6.933170 10.056200 0 -28.587300 1.256460 189.484000 190.050000 -13 3448 1 0 1.000000
-13.654400 26.723300 0 5.940200 -5.368510 195.569000 190.325000 -13 3449 1 0 1.000000
-21.514600 -1.901040 0 -1.487980 -13.913400 191.854000 190.102000 -13 3450 1 0 1.000000
-53.466600 10.674300 0 -5.531480 -14.079000 205.359000 190.352000 -13 3451 1 0 1.000000
-31.142400 -25.930700 0 -25.923800 -14.793400 191.996000 190.193000 -13 3452 1 0 1.000000
-54.382900 18.246600 0 46.562600 -76.072800 252.216000 190.228000 -13 3453 1 0 1.000000
40.886100 9.068110 0 -15.231600 15.466700 215.862000 190.206000 -13 3454 1 0 1.000000
-51.431200 17.564700 0 -1.752990 -13.883500 219.914000 190.438000 -13 3455 1 0 1.000000
-15.831600 33.890700 0 -10.303000 -9.602560 221.386000 190.224000 -13 3456 1 0 1.000000
32.304700 4.035250 0 -26.385400 0.729278 212.531000 190.284000 -13 3457 1 0 1.000000
14.455600 31.672100 0 -19.799000 2.718460 220.178000 190.284000 -13 3458 1 0 1.000000
-1.606970 50.764400 0 -14.473500 -9.921890 211.579000 190.356000 -13 3459 1 0 1.000000
-38.798500 17.531800 0 -7.556400 -3.296060 218.303000 190.397000 -13 3460 1 0 1.000000
-10.100600 15.706000 0 -18.756900 -0.760570 207.272000 190.348000 -13 3461 1 0 1.000000
-18.356700 1.970690 0 -20.132600 -6.774600 215.732000 190.245000 -13 3462 1 0 1.000000
1.845630 -43.818600 0 0.672047 15.482800 200.936000 190.461000 -13 3463 1 0 1.000000
3.181170 -24.234100 0 -0.425357 6.519030 192.035000 190.458000 -13 3464 1 0 1.000000
15.527100 -6.909130 0 -4.757950 -27.048500 176.475000 190.014000 -13 3465 1 0 1.000000
4.709860 -43.001600 0 -12.540500 15.851700 202.727000 190.439000 -13 3466 1 0 1.000000
-0.673696 -40.135300 0 9.606240 -4.267520 201.122000 191.048000 -13 3467 1 0 1.000000
13.116600 -40.080400 0 7.558250 -15.899800 180.878000 190.210000 -13 3468 1 0 1.000000
4.298210 -34.184600 0 -0.236680 -0.179173 191.723000 190.449000 -13 3469 1 0 1.000000
-42.497800 -11.827500 0 -3.704620 1.025740 206.790000 190.433000 -13 3470 1 0 1.000000
19.740700 -19.070800 0 -15.485800 1.046910 202.538000 190.334000 -13 3471 1 0 1.000000
-9.500340 -8.336540 0 -5.103930 -6.769890 191.612000 190.288000 -13 3472 1 0 1.000000
-33.692600 -11.008800 0 -13.063000 -8.350590 195.381000 190.378000 -13 3473 1 0 1.000000
-15.507000 -12.455500 0 -1.262570 -20.106200 200.886000 190.340000 -13 3474 1 0 1.000000
-18.883600 -35.082300 0 -3.329920 0.001026 195.766000 190.390000 -13 3475 1 0 1.000000
-15.344600 -21.896600 0 -9.966490 -10.567400 213.087000 190.370000 -13 3476 1 0 1.000000
-3.023740 -47.890700 0 -1.646750 -9.735660 202.218000 190.331000 -13 3477 1 0 1.000000
-32.214500 -30.752700 0 1.451390 -17.252700 195.775000 190.343000 -13 3478 1 0 1.000000
-14.640700 -8.373270 0 3.958270 -10.517300 204.440000 190.429000 -13 3479 1 0 1.000000
-29.663900 -26.736700 0 -21.468200 4.584020 205.676000 190.298000 -13 3480 1 0 1.000000
30.233500 -33.216200 0 -8.036670 4.457390 238.629000 189.980000 -13 3481 1 0 1.000000
-22.013100 8.356540 0 9.505730 -6.030150 225.611000 189.848000 -13 3482 1 0 1.000000
9.825520 -0.141823 0 -11.863200 10.383200 221.977000 189.858000 -13 3483 1 0 1.000000
11.613100 -15.392400 0 0.108059 -7.584340 228.160000 189.876000 -13 3484 1 0 1.000000
-10.863000 12.068200 0 3.542210 -3.109940 228.387000 189.895000 -13 3485 1 0 1.000000
-5.278800 -11.176500 0 8.314900 10.477200 220.704000 189.823000 -13 3486 1 0 1.000000
8.429610 3.862340 0 0.507522 -3.681140 241.424000 190.010000 -13 3487 1 0 1.000000
-2.258100 -21.226200 0 -3.359260 12.127700 232.087000 189.951000 -13 3488 1 0 1.000000
-2.492140 1.023420 0 2.719110 -3.899880 223.639000 189.759000 -13 3489 1 0 1.000000
-11.960100 -5.650280 0 3.808980 -7.398460 230.758000 189.923000 -13 3490 1 0 1.000000
26.421900 -18.059500 0 -8.463490 26.358200 228.938000 189.705000 -13 3491 1 0 1.000000
-4.000760 -1.877340 0 -17.832800 -6.035440 178.338000 189.936000 -13 3492 1 0 1.000000
-28.529500 0.654669 0 -22.521900 4.160590 176.101000 189.943000 -13 3493 1 0 1.000000
-27.371100 -3.142390 0 2.806810 -2.262180 235.938000 189.650000 -13 3494 1 0 1.000000
-9.495660 27.529200 0 -16.815700 -1.801540 187.041000 189.894000 -13 3495 1 0 1.000000
-1.806240 -18.554800 0 -23.228500 18.198400 235.258000 190.630000 -13 3496 1 0 1.000000
0.756405 1.288730 0 -21.111200 -9.058230 183.033000 190.006000 -13 3497 1 0 1.000000
-4.910070 2.248210 0 -21.626500 -14.882500 175.197000 190.009000 -13 3498 1 0 1.000000
20.327400 -6.698820 0 -17.743200 20.570600 183.983000 189.933000 -13 3499 1 0 1.000000
2.909020 7.369290 0 -18.773200 14.323700 182.298000 189.839000 -13 3500 1 0 1.000000
-21.454500 10.459900 0 -9.945690 0.771801 229.170000 190.106000 -13 3501 1 0 1.000000
46.191200 9.686210 0 -6.361800 -12.214600 233.838000 190.281000 -13 3502 1 0 1.000000
-1.392800 6.256260 0 -16.626300 -22.709400 222.571000 190.290000 -13 3503 1 0 1.000000
-19.359100 -0.048810 0 -14.931300 -4.819280 224.674000 190.141000 -13 3504 1 0 1.000000
-18.663400 -11.428200 0 -16.746800 -10.446000 229.774000 190.375000 -13 3505 1 0 1.000000
-28.394700 26.162800 0 -9.547630 -10.839900 228.194000 190.231000 -13 3506 1 0 1.000000
1.183170 -14.878800 0 -21.112100 -10.775100 226.200000 190.581000 -13 3507 1 0 1.000000
-6.429100 14.936300 0 -19.396300 -8.712650 236.657000 190.296000 -13 3508 1 0 1.000000
-35.988600 10.363100 0 3.255260 -9.596060 228.503000 190.041000 -13 3509 1 0 1.000000
-15.024200 -0.667359 0 -25.775900 -16.036700 225.275000 190.254000 -13 3510 1 0 1.000000
2.689410 -17.002900 0 -7.058390 -7.738800 182.264000 190.426000 -13 3511 1 0 1.000000
16.648000 -6.806840 0 -8.419330 -7.355950 169.673000 189.929000 -13 3512 1 0 1.000000
24.631300 -5.888000 0 8.104360 -21.856400 188.751000 189.731000 -13 3513 1 0 1.000000
-18.286200 1.994200 0 -17.431100 -18.385500 176.288000 189.975000 -13 3514 1 0 1.000000
-21.583300 7.580040 0 -7.735600 9.204680 205.620000 189.933000 -13 3515 1 0 1.000000
-11.091000 34.620600 0 -6.026340 8.395060 216.123000 190.022000 -13 3516 1 0 1.000000
-50.010800 10.772300 0 -4.709170 11.646900 212.937000 190.179000 -13 3517 1 0 1.000000
-31.042500 -77.606400 0 -0.222345 73.150900 228.275000 190.835000 -13 3518 1 0 1.000000
-1.621340 -16.443300 0 -24.898900 11.481700 204.624000 190.008000 -13 3519 1 0 1.000000
-21.313300 -20.630600 0 -24.278300 20.296700 217.589000 190.014000 -13 3520 1 0 1.000000
-2.669420 20.281700 0 -15.394200 -18.426900 208.102000 190.309000 -13 3521 1 0 1.000000
2.607850 -45.043500 0 -21.822500 16.710200 216.404000 189.988000 -13 3522 1 0 1.000000
-54.042200 23.232600 0 -12.380800 -3.849240 212.033000 190.112000 -13 3523 1 0 1.000000
-17.036300 -27.754900 0 21.267200 -6.540710 204.994000 190.317000 -13 3524 1 0 1.000000
1.866930 -58.805500 0 6.154990 8.838810 213.785000 190.277000 -13 3525 1 0 1.000000
-25.077800 -61.869500 0 19.022300 6.877110 217.115000 190.330000 -13 3526 1 0 1.000000
11.315700 -44.215700 0 5.865240 2.869880 216.517000 190.362000 -13 3527 1 0 1.000000
13.815700 -48.640700 0 22.574500 12.053800 214.336000 190.372000 -13 3528 1 0 1.000000
-14.463500 -32.939800 0 1.309030 9.851700 217.667000 190.256000 -13 3529 1 0 1.000000
-17.977900 -65.328300 0 10.960500 -18.349600 199.810000 190.374000 -13 3530 1 0 1.000000
-5.631590 -33.134800 0 1.489950 9.428470 222.111000 190.241000 -13 3531 1 0 1.000000
12.810300 -34.922600 0 22.529500 -13.058600 207.116000 190.438000 -13 3532 1 0 1.000000
-1.764040 2.161320 0 -19.254900 2.125950 221.120000 190.168000 -13 3533 1 0 1.000000
-20.767800 -11.386400 0 -11.922400 -1.320320 214.995000 189.990000 -13 3534 1 0 1.000000
-18.998100 1.370080 0 -9.940080 8.875000 218.476000 190.054000 -13 3535 1 0 1.000000
-8.698120 -33.336200 0 -26.408800 -10.700700 222.945000 190.097000 -13 3536 1 0 1.000000
-21.849400 -19.667000 0 -15.042400 4.877090 209.690000 190.011000 -13 3537 1 0 1.000000
-54.511500 -1.117670 0 14.989900 -9.428290 219.343000 190.319000 -13 3538 1 0 1.000000
10.942600 17.960700 0 -24.673400 -8.529400 225.795000 190.092000 -13 3539 1 0 1.000000
-34.782500 -18.489600 0 5.873660 -0.368904 218.950000 190.159000 -13 3540 1 0 1.000000
-5.874970 -47.116000 0 -11.525300 20.150400 219.518000 190.460000 -13 3541 1 0 1.000000
-30.319200 -13.788300 0 9.784170 14.424900 221.432000 190.252000 -13 3542 1 0 1.000000
-32.177000 -42.631800 0 -3.769870 27.280100 219.111000 190.501000 -13 3543 1 0 1.000000
-20.627300 -13.489300 0 -6.364350 23.430100 215.557000 190.573000 -13 3544 1 0 1.000000
-22.213400 11.232000 0 -0.169488 2.061060 221.256000 190.375000 -13 3545 1 0 1.000000
-14.847400 -18.240600 0 -4.803240 12.872500 221.332000 190.199000 -13 3546 1 0 1.000000
-25.181600 18.563300 0 5.230600 5.420240 226.887000 190.318000 -13 3547 1 0 1.000000
-13.922500 -9.511180 0 3.271040 12.956600 228.043000 190.295000 -13 3548 1 0 1.000000
-5.560990 -17.723700 0 -11.593100 8.902110 220.226000 190.409000 -13 3549 1 0 1.000000
-15.784700 -55.697200 0 12.875900 24.288400 225.195000 190.387000 -13 3550 1 0 1.000000
10.272700 -51.678800 0 -1.440210 -6.135260 212.341000 189.812000 -13 3551 1 0 1.000000
19.096300 -27.980400 0 -0.813536 8.776250 205.373000 189.858000 -13 3552 1 0 1.000000
-17.039500 -3.237930 0 15.256500 -26.382800 241.014000 189.957000 -13 3553 1 0 1.000000
16.351900 2.621950 0 -7.408840 -30.269500 223.108000 189.843000 -13 3554 1 0 1.000000
22.682600 -16.325300 0 -6.185430 -20.567600 201.940000 189.999000 -13 3555 1 0 1.000000
26.100700 -21.030300 0 11.220000 -28.348400 213.247000 189.894000 -13 3556 1 0 1.000000
22.222100 -32.291700 0 1.859470 -1.864160 217.197000 189.852000 -13 3557 1 0 1.000000
3.037130 -19.345500 0 10.692000 -26.387700 208.400000 189.854000 -13 3558 1 0 1.000000
1.769360 -16.274400 0 19.743800 -28.667800 228.172000 190.101000 -13 3559 1 0 1.000000
11.217400 -46.965800 0 1.539070 -14.177000 206.808000 189.897000 -13 3560 1 0 1.000000
5.648910 -34.270700 0 0.035391 -25.600200 201.089000 190.354000 -13 3561 1 0 1.000000
36.421200 -22.163300 0 -20.567400 50.885600 254.032000 190.543000 -13 3562 1 0 1.000000
-11.811900 -4.119000 0 -5.446830 -22.139400 180.831000 190.243000 -13 3563 1 0 1.000000
-36.768700 -13.056100 0 3.417140 -16.306800 197.008000 190.230000 -13 3564 1 0 1.000000
-4.935880 14.451200 0 -24.990000 0.185450 208.997000 190.969000 -13 3565 1 0 1.000000
-19.505200 -20.213600 0 9.489650 0.262344 179.487000 190.214000 -13 3566 1 0 1.000000
-7.613720 30.894300 0 -11.157900 -3.670730 183.851000 189.833000 -13 3567 1 0 1.000000
15.985900 -37.855400 0 19.851000 5.698110 241.410000 189.947000 -13 3568 1 0 1.000000
-28.616500 11.041300 0 36.271100 10.024800 190.329000 189.993000 -13 3569 1 0 1.000000
-1.781670 -6.737030 0 5.910790 -5.079920 181.894000 190.112000 -13 3570 1 0 1.000000
11.774800 -14.326700 0 25.995700 -4.131760 194.817000 190.059000 -13 3571 1 0 1.000000
3.727810 -6.270780 0 16.445900 -5.546730 191.646000 190.205000 -13 3572 1 0 1.000000
0.475793 -4.456150 0 11.666100 -4.443980 188.915000 190.304000 -13 3573 1 0 1.000000
-32.443800 -2.607400 0 -10.099600 9.659490 192.269000 189.855000 -13 3574 1 0 1.000000
-3.036390 5.388890 0 15.052400 0.012418 184.273000 190.216000 -13 3575 1 0 1.000000
-22.360500 -21.348100 0 7.897430 -6.298880 186.667000 190.142000 -13 3576 1 0 1.000000
-12.209000 -12.008100 0 9.395320 -8.920870 177.227000 190.114000 -13 3577 1 0 1.000000
0.728102 -30.425200 0 12.308200 -47.413000 225.867000 189.961000 -13 3578 1 0 1.000000
-8.822830 -50.552000 0 -4.795970 15.908500 204.989000 189.929000 -13 3579 1 0 1.000000
22.150800 -52.399900 0 -5.124500 -15.148400 204.225000 189.999000 -13 3580 1 0 1.000000
3.012800 -10.988000 0 1.315560 8.621570 196.136000 190.034000 -13 3581 1 0 1.000000
0.215689 -17.838700 0 -3.201310 9.587960 201.730000 190.069000 -13 3582 1 0 1.000000
-0.346139 -64.372000 0 4.278440 -7.512190 203.492000 190.053000 -13 3583 1 0 1.000000
-8.545580 -62.974100 0 -11.271300 29.649100 213.073000 190.047000 -13 3584 1 0 1.000000
3.336090 -36.844400 0 -14.508900 -23.531800 192.799000 189.839000 -13 3585 1 0 1.000000
12.498000 -55.780700 0 12.646100 -11.002000 200.065000 189.994000 -13 3586 1 0 1.000000
0.353415 -35.794700 0 -5.219640 4.744490 194.555000 190.002000 -13 3587 1 0 1.000000
17.576600 49.158000 0 7.316840 21.163600 205.969000 189.949000 -13 3588 1 0 1.000000
-24.973700 23.872400 0 12.616000 -30.760400 196.513000 190.007000 -13 3589 1 0 1.000000
1.208040 -34.019900 0 6.558180 -26.639500 198.904000 190.385000 -13 3590 1 0 1.000000
-10.350900 37.528400 0 -9.428370 -40.496800 201.598000 190.169000 -13 3591 1 0 1.000000
-30.663700 40.024500 0 -12.099800 -34.542500 200.398000 190.190000 -13 3592 1 0 1.000000
-3.398860 29.082600 0 0.008981 43.555500 228.384000 189.905000 -13 3593 1 0 1.000000
-19.584700 -53.600000 0 -8.079350 -29.566800 211.217000 190.267000 -13 3594 1 0 1.000000
-69.008200 -43.056400 0 3.494610 -10.786200 209.286000 190.401000 -13 3595 1 0 1.000000
-23.014700 -50.002800 0 12.104700 23.718300 219.610000 190.307000 -13 3596 1 0 1.000000
-50.080200 -19.948700 0 -8.811800 1.280520 215.586000 190.880000 -13 3597 1 0 1.000000
-4.910480 -22.171000 0 3.290870 6.566630 195.595000 190.915000 -13 3598 1 0 1.000000
12.779800 -44.131300 0 -12.950100 -18.947100 194.546000 189.702000 -13 3599 1 0 1.000000
9.679860 -27.289800 0 0.794270 -10.555100 184.317000 190.075000 -13 3600 1 0 1.000000
6.520810 -8.565580 0 -16.158500 -6.680840 251.963000 189.924000 -13 3601 1 0 1.000000
-65.208700 20.917000 0 9.335890 -3.452750 225.348000 189.626000 -13 3602 1 0 1.000000
-11.324800 -33.587700 0 -21.439700 -6.803710 221.147000 189.650000 -13 3603 1 0 1.000000
3.198600 -22.365600 0 -3.865890 1.010200 181.620000 189.870000 -13 3604 1 0 1.000000
3.621420 -25.625900 0 -7.903750 1.158520 205.484000 189.622000 -13 3605 1 0 1.000000
19.858400 -30.590600 0 -0.880525 -4.001410 195.074000 189.709000 -13 3606 1 0 1.000000
-34.748100 -17.938600 0 2.345770 -9.674020 205.395000 189.690000 -13 3607 1 0 1.000000
-7.684000 -52.042800 0 -11.732500 6.211030 238.398000 190.165000 -13 3608 1 0 1.000000
-15.977400 -36.548500 0 -18.902200 -15.979500 227.765000 189.997000 -13 3609 1 0 1.000000
3.867260 -29.042800 0 -13.027900 -3.977420 238.125000 189.968000 -13 3610 1 0 1.000000
47.907700 1.562030 0 -6.120170 -2.531150 244.307000 190.043000 -13 3611 1 0 1.000000
16.036000 6.972180 0 -10.569300 -17.259600 229.729000 189.985000 -13 3612 1 0 1.000000
22.250100 -33.537200 0 -9.338550 -20.664500 230.624000 190.104000 -13 3613 1 0 1.000000
-0.443227 -25.361300 0 -18.527400 -9.853920 226.721000 189.860000 -13 3614 1 0 1.000000
-4.278490 39.439700 0 1.360930 -28.524400 241.333000 190.130000 -13 3615 1 0 1.000000
0.379267 -43.303800 0 -9.072420 -23.549000 197.113000 191.084000 -13 3616 1 0 1.000000
-28.968600 -50.211600 0 -16.244200 4.393370 230.749000 190.575000 -13 3617 1 0 1.000000
1.687580 10.604900 0 -10.951700 5.679730 218.153000 189.979000 -13 3618 1 0 1.000000
25.359000 -3.739290 0 -13.057100 18.798800 229.230000 189.970000 -13 3619 1 0 1.000000
14.748200 -18.486800 0 -7.548410 18.770900 224.362000 190.026000 -13 3620 1 0 1.000000
29.632300 -17.097000 0 -4.121520 26.073400 233.579000 190.145000 -13 3621 1 0 1.000000
20.835900 -6.181900 0 -18.729700 8.324730 221.959000 189.927000 -13 3622 1 0 1.000000
2.827120 12.274100 0 -13.576900 8.231710 226.871000 189.973000 -13 3623 1 0 1.000000
13.667200 -9.612030 0 -18.819800 7.086950 221.238000 189.977000 -13 3624 1 0 1.000000
-21.068300 -1.437480 0 -9.317720 3.828430 236.073000 190.011000 -13 3625 1 0 1.000000
-9.932360 4.063900 0 -23.977800 24.641900 232.862000 190.610000 -13 3626 1 0 1.000000
1.196930 -27.953200 0 -3.950120 -1.687170 190.082000 189.557000 -13 3627 1 0 1.000000
-11.687100 0.048134 0 -6.945780 0.809614 190.334000 190.214000 -13 3628 1 0 1.000000
13.259200 13.521000 0 -3.348290 -6.454700 184.521000 190.173000 -13 3629 1 0 1.000000
-32.146600 -25.192400 0 7.410770 -19.842100 218.885000 189.649000 -13 3630 1 0 1.000000
9.114410 -8.182520 0 -8.143050 -2.214690 196.747000 190.353000 -13 3631 1 0 1.000000
9.171510 -0.584295 0 -10.209300 13.903300 182.255000 190.171000 -13 3632 1 0 1.000000
6.823570 14.769800 0 14.362100 -5.040980 196.744000 190.418000 -13 3633 1 0 1.000000
6.682780 -69.148100 0 -1.228800 14.428800 190.046000 189.955000 -13 3634 1 0 1.000000
0.042705 16.751200 0 -11.837500 4.923280 186.052000 190.309000 -13 3635 1 0 1.000000
30.106800 24.559200 0 2.550650 6.274820 191.758000 190.011000 -13 3636 1 0 1.000000
-21.016800 2.960520 0 6.425300 -2.772480 220.559000 190.231000 -13 3637 1 0 1.000000
-17.302900 -22.576400 0 4.406880 -12.787400 222.421000 190.129000 -13 3638 1 0 1.000000
-30.487200 -10.092300 0 -1.722650 -4.368140 210.334000 190.172000 -13 3639 1 0 1.000000
-19.311400 20.378500 0 1.621950 -12.405800 223.345000 190.212000 -13 3640 1 0 1.000000
-49.164000 -21.097600 0 4.876580 -9.170450 218.192000 190.080000 -13 3641 1 0 1.000000
-35.607700 -2.230200 0 11.474300 -21.672500 222.963000 190.135000 -13 3642 1 0 1.000000
-18.424500 2.639360 0 -2.258010 -8.818170 219.894000 190.191000 -13 3643 1 0 1.000000
-43.867000 5.569780 0 15.887100 -16.583700 222.330000 190.338000 -13 3644 1 0 1.000000
-8.823210 -17.767600 0 -4.083010 -13.479500 216.565000 190.107000 -13 3645 1 0 1.000000
-22.625100 14.863500 0 -1.094700 -7.206820 215.651000 190.148000 -13 3646 1 0 1.000000
9.268320 -36.856300 0 -16.405900 32.923200 215.257000 190.630000 -13 3647 1 0 1.000000
8.935660 -30.650000 0 -7.767280 25.653700 207.735000 190.429000 -13 3648 1 0 1.000000
7.644990 12.855900 0 -10.859200 5.249230 208.439000 190.354000 -13 3649 1 0 1.000000
-30.464100 -4.100480 0 -0.850000 28.160700 216.342000 190.604000 -13 3650 1 0 1.000000
-31.592400 -53.633300 0 -16.400700 16.608300 203.457000 190.312000 -13 3651 1 0 1.000000
-20.873800 -43.806800 0 -10.117900 6.472170 189.524000 190.301000 -13 3652 1 0 1.000000
-15.099000 -13.268200 0 13.702400 26.771900 208.148000 190.481000 -13 3653 1 0 1.000000
-28.542000 2.081410 0 11.254800 18.527000 209.091000 190.499000 -13 3654 1 0 1.000000
-20.647600 -25.649600 0 3.341750 22.081100 198.562000 190.449000 -13 3655 1 0 1.000000
60.086100 -19.753500 0 10.652400 -3.372090 138.963000 192.262000 -13 3656 1 0 1.000000
-27.607800 5.417870 0 13.847500 0.379256 187.213000 189.858000 -13 3657 1 0 1.000000
17.781200 -23.568200 0 26.490500 -8.012830 192.180000 190.040000 -13 3658 1 0 1.000000
20.817900 -2.719310 0 24.599100 -20.949900 190.374000 190.105000 -13 3659 1 0 1.000000
4.978280 -22.625600 0 14.033900 -8.997590 178.373000 190.035000 -13 3660 1 0 1.000000
9.194240 -22.952300 0 5.144490 -6.657640 187.283000 190.097000 -13 3661 1 0 1.000000
15.808300 -24.708500 0 9.270000 -12.541900 182.701000 190.100000 -13 3662 1 0 1.000000
16.316900 -19.874300 0 -2.616750 4.363900 187.038000 190.247000 -13 3663 1 0 1.000000
-24.508500 5.021140 0 25.048400 -17.539100 194.622000 190.103000 -13 3664 1 0 1.000000
-44.541300 -6.299890 0 -29.863300 2.031120 230.584000 189.795000 -13 3665 1 0 1.000000
-45.428700 -2.552410 0 9.869030 -7.212990 226.462000 189.933000 -13 3666 1 0 1.000000
-30.586900 -23.614100 0 -4.403420 -13.116900 215.378000 189.749000 -13 3667 1 0 1.000000
-42.383400 -23.327500 0 -18.379700 -2.995120 235.066000 190.027000 -13 3668 1 0 1.000000
-24.812500 -14.596600 0 4.694220 2.912170 215.920000 189.813000 -13 3669 1 0 1.000000
-29.890000 -2.372500 0 6.838750 -0.502507 208.166000 189.880000 -13 3670 1 0 1.000000
-44.825300 -20.222400 0 9.026310 -0.672176 222.507000 189.855000 -13 3671 1 0 1.000000
-28.181200 -17.124500 0 -13.451700 -4.777840 231.016000 189.965000 -13 3672 1 0 1.000000
-49.901100 -3.445580 0 -0.282109 -8.248170 214.263000 189.885000 -13 3673 1 0 1.000000
-24.091800 -12.284500 0 -11.003000 0.721523 235.273000 189.873000 -13 3674 1 0 1.000000
-0.633904 -21.383500 0 1.140590 9.663800 202.216000 190.513000 -13 3675 1 0 1.000000
-7.673240 -42.059300 0 3.608610 1.904130 191.120000 190.313000 -13 3676 1 0 1.000000
-7.866670 5.010520 0 -11.251200 -0.378301 189.579000 190.419000 -13 3677 1 0 1.000000
9.390080 -6.944300 0 -0.473730 -3.022860 201.314000 190.535000 -13 3678 1 0 1.000000
-0.389166 -8.570330 0 -8.930340 13.329100 194.628000 190.489000 -13 3679 1 0 1.000000
3.028840 -24.110300 0 -7.316890 1.532410 205.026000 190.419000 -13 3680 1 0 1.000000
7.676400 -30.032100 0 -13.463200 -3.257460 194.355000 190.452000 -13 3681 1 0 1.000000
8.644120 -40.311400 0 11.345100 -5.555770 200.837000 190.210000 -13 3682 1 0 1.000000
-8.279610 -17.456400 0 -2.863560 6.265440 197.268000 190.407000 -13 3683 1 0 1.000000
4.154740 -58.502200 0 1.809690 3.009640 188.860000 190.411000 -13 3684 1 0 1.000000
-16.381800 19.206200 0 -2.852650 -10.474500 218.756000 189.935000 -13 3685 1 0 1.000000
-9.689270 -16.256300 0 -3.945560 -10.423200 225.910000 190.114000 -13 3686 1 0 1.000000
8.631360 -5.569510 0 1.665810 -10.117100 221.668000 189.939000 -13 3687 1 0 1.000000
-0.072255 25.514300 0 -2.602450 -8.121370 219.834000 189.935000 -13 3688 1 0 1.000000
12.187600 9.777430 0 3.832280 -9.442850 211.349000 189.899000 -13 3689 1 0 1.000000
-7.942530 -7.529910 0 4.201740 -9.010710 234.398000 190.003000 -13 3690 1 0 1.000000
17.986200 21.957500 0 4.946670 -5.545810 218.899000 189.902000 -13 3691 1 0 1.000000
4.987990 17.604900 0 11.242200 -18.126200 224.752000 190.032000 -13 3692 1 0 1.000000
-18.320800 7.216440 0 2.377260 -19.954800 221.157000 189.953000 -13 3693 1 0 1.000000
-6.962040 24.965900 0 -8.315000 -11.389600 193.046000 190.203000 -13 3694 1 0 1.000000
9.017710 -26.004000 0 -3.029250 9.939120 185.891000 189.771000 -13 3695 1 0 1.000000
-3.707280 4.625870 0 -0.444396 -22.424300 195.978000 190.175000 -13 3696 1 0 1.000000
-1.253690 -21.166900 0 -1.275060 8.066620 180.619000 190.126000 -13 3697 1 0 1.000000
-4.715840 4.651200 0 6.062210 -6.832260 179.687000 189.997000 -13 3698 1 0 1.000000
14.003400 -8.077620 0 -12.146600 0.482413 179.735000 190.170000 -13 3699 1 0 1.000000
6.796890 2.055690 0 -12.499600 -9.344970 181.809000 190.032000 -13 3700 1 0 1.000000
-20.432400 -5.873610 0 -9.345360 1.845280 185.167000 190.143000 -13 3701 1 0 1.000000
10.933200 6.916290 0 -1.863880 -8.256830 192.862000 189.989000 -13 3702 1 0 1.000000
7.579900 23.928000 0 -7.509280 -13.938200 197.023000 190.080000 -13 3703 1 0 1.000000
32.876900 -52.207800 0 -9.907490 40.728000 194.271000 190.244000 -13 3704 1 0 1.000000
-25.068700 -63.927500 0 -3.698910 -46.498000 225.206000 189.853000 -13 3705 1 0 1.000000
7.829810 29.473400 0 -2.905710 -10.368100 196.086000 190.411000 -13 3706 1 0 1.000000
-0.915772 23.578700 0 -7.051390 21.143600 197.636000 190.288000 -13 3707 1 0 1.000000
0.318248 0.982456 0 -14.033100 28.909600 175.648000 190.043000 -13 3708 1 0 1.000000
-6.469440 19.159100 0 7.402650 -11.422800 195.070000 190.382000 -13 3709 1 0 1.000000
-5.250500 14.760100 0 4.077280 -4.319660 198.941000 190.418000 -13 3710 1 0 1.000000
-61.773000 72.995000 0 -5.549730 11.549500 227.070000 190.255000 -13 3711 1 0 1.000000
-0.059889 37.779300 0 -8.866380 -13.513400 197.663000 190.239000 -13 3712 1 0 1.000000
-1.147450 -17.083700 0 -4.146970 -3.670370 188.710000 189.819000 -13 3713 1 0 1.000000
6.582790 -36.491400 0 -6.580000 -2.779580 189.303000 189.913000 -13 3714 1 0 1.000000
3.447580 -40.790600 0 -9.258290 8.150970 186.531000 189.954000 -13 3715 1 0 1.000000
4.099900 -40.274800 0 -13.645200 -5.981220 206.501000 190.084000 -13 3716 1 0 1.000000
-3.412650 -25.144300 0 0.637197 27.775600 196.273000 190.098000 -13 3717 1 0 1.000000
-10.939200 -33.140300 0 0.187082 2.246980 185.001000 190.052000 -13 3718 1 0 1.000000
13.479700 -15.833500 0 -15.761500 -11.577400 189.751000 189.944000 -13 3719 1 0 1.000000
24.594400 -26.846700 0 -13.785800 15.458400 194.847000 190.037000 -13 3720 1 0 1.000000
-0.585139 -31.633000 0 -9.407630 -16.641500 186.871000 189.942000 -13 3721 1 0 1.000000
17.267000 -34.936300 0 -1.081920 16.830900 194.748000 189.952000 -13 3722 1 0 1.000000
-43.902200 7.278220 0 1.692780 -10.095000 231.595000 190.044000 -13 3723 1 0 1.000000
6.126440 -17.363500 0 21.372000 -19.710700 215.042000 189.922000 -13 3724 1 0 1.000000
-30.316400 15.687800 0 15.844700 -2.554120 227.524000 189.919000 -13 3725 1 0 1.000000
-87.040600 22.336100 0 -2.308470 -6.025540 243.643000 190.409000 -13 3726 1 0 1.000000
-18.056800 -17.670100 0 -0.169039 -8.041200 214.691000 189.847000 -13 3727 1 0 1.000000
-18.918100 -21.676100 0 18.391300 2.314860 212.757000 189.896000 -13 3728 1 0 1.000000
-29.912800 -3.297660 0 16.591100 -2.091260 215.683000 189.917000 -13 3729 1 0 1.000000
-19.830700 8.854740 0 13.087000 -24.778200 226.927000 189.885000 -13 3730 1 0 1.000000
-30.340100 11.473300 0 22.563500 0.441889 223.333000 189.853000 -13 3731 1 0 1.000000
-43.167600 -2.990360 0 15.077200 5.723120 220.682000 189.833000 -13 3732 1 0 1.000000
6.274790 25.589600 0 8.325370 -5.618970 197.587000 189.893000 -13 3733 1 0 1.000000
16.791700 11.435700 0 4.690930 5.079270 199.267000 189.915000 -13 3734 1 0 1.000000
-20.880300 4.470380 0 14.619500 1.801020 248.216000 190.268000 -13 3735 1 0 1.000000
-69.539600 -24.297700 0 16.594600 -5.460470 248.904000 189.919000 -13 3736 1 0 1.000000
-8.325900 -14.236100 0 21.160600 10.185300 209.508000 189.744000 -13 3737 1 0 1.000000
8.112790 -17.689400 0 7.219420 20.686000 217.977000 189.734000 -13 3738 1 0 1.000000
22.209100 -9.022130 0 12.716800 -0.754417 197.635000 189.783000 -13 3739 1 0 1.000000
-13.933800 -7.060370 0 9.571950 7.862620 223.883000 189.729000 -13 3740 1 0 1.000000
3.595940 -3.331140 0 -2.687670 13.542700 200.708000 189.789000 -13 3741 1 0 1.000000
31.243400 2.170960 0 -5.481720 6.116680 204.095000 190.362000 -13 3742 1 0 1.000000
-36.256900 -8.142230 0 0.235411 0.370613 200.680000 190.391000 -13 3743 1 0 1.000000
-21.017500 -22.711600 0 0.052519 2.116790 202.694000 190.320000 -13 3744 1 0 1.000000
15.948100 -18.544200 0 -3.901340 9.319320 199.898000 190.315000 -13 3745 1 0 1.000000
32.418300 -22.673800 0 -9.006120 -11.620700 214.896000 190.333000 -13 3746 1 0 1.000000
10.025500 -24.215800 0 -9.844070 1.075900 187.617000 190.370000 -13 3747 1 0 1.000000
-2.860030 -12.401500 0 10.451400 -5.933860 196.630000 190.455000 -13 3748 1 0 1.000000
-9.278400 0.620843 0 3.491980 -10.819500 195.702000 190.246000 -13 3749 1 0 1.000000
1.321680 -3.139470 0 -4.209700 -0.211397 198.105000 190.338000 -13 3750 1 0 1.000000
4.390570 -15.563000 0 -12.652100 3.573750 192.778000 190.344000 -13 3751 1 0 1.000000
10.824300 -6.283810 0 11.058400 0.453958 200.787000 190.526000 -13 3752 1 0 1.000000
-20.843000 -12.789300 0 4.616700 8.603120 197.700000 190.396000 -13 3753 1 0 1.000000
-21.686800 -61.506900 0 16.119600 -7.924270 204.615000 190.350000 -13 3754 1 0 1.000000
-11.661500 -4.336380 0 -8.756610 4.129530 211.385000 190.301000 -13 3755 1 0 1.000000
-2.424750 7.454780 0 1.000940 18.366600 203.243000 190.397000 -13 3756 1 0 1.000000
-13.054200 5.693860 0 4.277720 6.851430 200.785000 190.307000 -13 3757 1 0 1.000000
4.713450 -27.052900 0 3.497840 19.471000 210.135000 190.425000 -13 3758 1 0 1.000000
10.321800 -19.954400 0 -9.346530 -9.361310 202.994000 190.309000 -13 3759 1 0 1.000000
-18.597900 -19.397700 0 -4.618650 4.173930 209.351000 190.182000 -13 3760 1 0 1.000000
-12.294500 -38.808400 0 2.272000 3.769920 203.074000 190.337000 -13 3761 1 0 1.000000
0.848504 -5.564630 0 8.528490 13.086500 216.232000 189.917000 -13 3762 1 0 1.000000
-3.236300 -10.755200 0 4.303240 3.246120 223.863000 189.938000 -13 3763 1 0 1.000000
12.650800 -31.535100 0 15.956800 7.468530 217.358000 190.005000 -13 3764 1 0 1.000000
7.259230 3.168690 0 14.590300 -8.812190 213.737000 189.985000 -13 3765 1 0 1.000000
1.542740 -5.777720 0 23.857800 23.140700 223.417000 190.085000 -13 3766 1 0 1.000000
18.889000 -22.152100 0 -0.282633 10.638400 222.074000 190.061000 -13 3767 1 0 1.000000
-54.394100 61.967300 0 23.634500 -15.893400 237.050000 190.165000 -13 3768 1 0 1.000000
-35.624800 -4.112580 0 28.182000 2.744060 222.091000 190.035000 -13 3769 1 0 1.000000
-39.364400 -27.912300 0 10.342600 6.200820 218.761000 189.985000 -13 3770 1 0 1.000000
-37.050800 39.988200 0 13.670400 -2.820510 210.378000 190.335000 -13 3771 1 0 1.000000
-19.347800 -21.823700 0 21.731200 -15.102600 204.567000 190.388000 -13 3772 1 0 1.000000
8.835180 -17.243400 0 5.701840 -5.594100 205.782000 190.322000 -13 3773 1 0 1.000000
-0.061030 -16.258000 0 2.169450 -1.882800 213.009000 190.220000 -13 3774 1 0 1.000000
0.650620 -30.767700 0 -2.240360 -13.392500 202.340000 190.249000 -13 3775 1 0 1.000000
-3.446980 9.237390 0 7.688300 -18.711200 207.733000 190.343000 -13 3776 1 0 1.000000
-19.984100 -1.731250 0 15.415200 -16.658000 209.134000 190.350000 -13 3777 1 0 1.000000
-5.111950 8.996260 0 6.826270 -14.109000 202.408000 190.388000 -13 3778 1 0 1.000000
-24.971200 -4.112140 0 26.087100 -1.697250 203.779000 190.409000 -13 3779 1 0 1.000000
5.974310 -32.668100 0 5.131310 3.668830 205.135000 190.392000 -13 3780 1 0 1.000000
3.359610 -26.867400 0 12.694700 5.763080 201.356000 190.451000 -13 3781 1 0 1.000000
14.259500 -31.557000 0 -6.465200 4.362030 203.915000 190.296000 -13 3782 1 0 1.000000
14.003000 -13.470500 0 -9.010370 4.158730 208.456000 190.247000 -13 3783 1 0 1.000000
16.362400 4.795850 0 -12.881400 -19.280100 200.119000 190.368000 -13 3784 1 0 1.000000
21.466400 -27.620600 0 0.348960 4.421830 209.022000 190.166000 -13 3785 1 0 1.000000
34.026000 -15.120800 0 10.980800 -7.829730 196.909000 190.417000 -13 3786 1 0 1.000000
15.181300 -17.911900 0 -16.215200 -2.851840 217.980000 190.305000 -13 3787 1 0 1.000000
-12.634700 -23.878800 0 -17.119400 -3.938980 213.258000 190.202000 -13 3788 1 0 1.000000
15.998000 -31.968100 0 -7.345250 -3.977780 210.889000 190.315000 -13 3789 1 0 1.000000
-21.702100 4.736770 0 10.880500 23.070300 216.986000 190.004000 -13 3790 1 0 1.000000
-7.241640 -23.128000 0 9.524100 24.767800 213.477000 189.849000 -13 3791 1 0 1.000000
15.689800 -41.378300 0 19.444300 18.760800 222.234000 190.050000 -13 3792 1 0 1.000000
-2.838800 -14.951700 0 -0.105088 10.902600 209.602000 189.962000 -13 3793 1 0 1.000000
-51.376200 -22.415600 0 13.648400 12.704200 220.674000 189.960000 -13 3794 1 0 1.000000
-25.544300 -75.519400 0 -14.708300 -10.940100 228.226000 190.016000 -13 3795 1 0 1.000000
10.490100 -30.373600 0 5.755710 12.620600 201.188000 189.951000 -13 3796 1 0 1.000000
7.114250 -33.945600 0 -5.830800 22.178100 223.146000 189.954000 -13 3797 1 0 1.000000
-24.705600 -31.171400 0 26.881400 21.234000 223.881000 190.227000 -13 3798 1 0 1.000000
-5.646890 -21.216300 0 22.704800 8.615120 207.480000 189.997000 -13 3799 1 0 1.000000
54.393100 -43.379300 0 -6.011380 -7.268000 199.588000 189.944000 -13 3800 1 0 1.000000
-12.230900 -4.167700 0 -21.104900 17.460200 184.826000 190.107000 -13 3801 1 0 1.000000
10.094000 -20.669800 0 -39.133100 21.757900 184.941000 190.233000 -13 3802 1 0 1.000000
28.765000 -33.356000 0 -20.450400 -14.294200 186.149000 189.826000 -13 3803 1 0 1.000000
44.846100 -34.667400 0 0.186093 -21.244700 187.889000 189.939000 -13 3804 1 0 1.000000
16.435300 -6.212300 0 17.579700 -14.569200 204.152000 189.597000 -13 3805 1 0 1.000000
-25.171600 4.543070 0 -3.645350 15.803100 199.737000 190.379000 -13 3806 1 0 1.000000
-77.338300 -16.696300 0 -25.135600 11.221300 244.034000 189.919000 -13 3807 1 0 1.000000
-41.392900 15.914900 0 7.848380 -7.362200 213.470000 189.964000 -13 3808 1 0 1.000000
-8.584340 20.783800 0 5.057210 -16.241700 206.358000 189.989000 -13 3809 1 0 1.000000
-28.649500 9.860400 0 7.478690 -22.350400 216.117000 189.935000 -13 3810 1 0 1.000000
-26.080900 -7.646620 0 3.017350 -11.491900 211.025000 189.909000 -13 3811 1 0 1.000000
-38.220500 14.515400 0 6.408260 -7.137170 215.867000 189.874000 -13 3812 1 0 1.000000
-8.051290 22.511700 0 5.495220 -18.263500 217.478000 189.967000 -13 3813 1 0 1.000000
-23.308600 -25.277100 0 9.302950 -13.819200 206.538000 190.097000 -13 3814 1 0 1.000000
-12.423100 -11.670100 0 0.712941 -12.632900 201.219000 190.048000 -13 3815 1 0 1.000000
-27.332800 30.368500 0 24.787500 2.416410 217.463000 189.992000 -13 3816 1 0 1.000000
5.853630 -9.895580 0 -2.053890 -12.887000 209.719000 190.026000 -13 3817 1 0 1.000000
-30.896900 -33.283900 0 4.087620 17.582200 197.977000 190.323000 -13 3818 1 0 1.000000
6.248080 -8.370940 0 -8.324870 -2.166340 192.770000 190.559000 -13 3819 1 0 1.000000
2.692350 -17.216900 0 -10.521900 -46.423300 207.291000 190.192000 -13 3820 1 0 1.000000
-19.101500 -14.174500 0 1.485020 14.387700 203.756000 190.348000 -13 3821 1 0 1.000000
-15.015100 -16.701800 0 -2.100450 10.906500 192.591000 190.517000 -13 3822 1 0 1.000000
-57.316600 -31.959900 0 -0.352830 0.532605 190.656000 190.354000 -13 3823 1 0 1.000000
-12.925200 -31.587800 0 3.917290 2.981250 191.342000 190.420000 -13 3824 1 0 1.000000
-14.603200 -25.786700 0 14.163900 0.303421 193.755000 190.447000 -13 3825 1 0 1.000000
14.315200 -24.631500 0 -32.198400 -1.385250 174.450000 190.082000 -13 3826 1 0 1.000000
37.351300 -9.960110 0 -9.990110 0.636059 201.101000 189.919000 -13 3827 1 0 1.000000
28.696100 -7.228320 0 13.216900 14.270000 201.121000 190.039000 -13 3828 1 0 1.000000
15.595100 -11.351900 0 8.220940 4.459050 195.301000 189.938000 -13 3829 1 0 1.000000
12.456100 -5.782550 0 27.002800 -3.670780 203.787000 190.027000 -13 3830 1 0 1.000000
19.304200 -13.082600 0 17.596600 -12.090500 207.025000 190.222000 -13 3831 1 0 1.000000
22.862900 7.076080 0 28.018200 -5.039070 215.968000 190.155000 -13 3832 1 0 1.000000
24.002100 -10.374500 0 16.039500 -5.293250 201.271000 190.096000 -13 3833 1 0 1.000000
31.995700 -34.256400 0 0.212113 -2.582770 203.640000 190.089000 -13 3834 1 0 1.000000
17.404200 -3.230160 0 2.833340 -4.513000 193.400000 190.116000 -13 3835 1 0 1.000000
9.903500 -32.226300 0 -3.008340 -8.333590 197.836000 190.085000 -13 3836 1 0 1.000000
12.221800 37.573700 0 -5.976040 -4.643970 227.027000 189.934000 -13 3837 1 0 1.000000
24.000100 3.628580 0 -12.656800 -4.906440 204.617000 189.907000 -13 3838 1 0 1.000000
9.187880 41.949800 0 -4.912150 18.374900 226.748000 189.955000 -13 3839 1 0 1.000000
3.634580 20.936700 0 -9.820160 -0.783947 219.837000 189.948000 -13 3840 1 0 1.000000
6.479820 4.419020 0 13.848800 -15.860500 201.097000 189.962000 -13 3841 1 0 1.000000
16.353800 31.385200 0 6.683680 11.426600 214.015000 189.899000 -13 3842 1 0 1.000000
-28.698600 -0.381474 0 9.467080 -11.408000 216.302000 189.785000 -13 3843 1 0 1.000000
-8.168460 14.736600 0 -0.766348 -17.477100 211.527000 190.044000 -13 3844 1 0 1.000000
-0.747174 19.790000 0 12.323400 -12.780900 211.658000 189.839000 -13 3845 1 0 1.000000
-22.386100 -24.761400 0 -21.203600 -15.670000 125.785000 192.197000 -13 3846 1 0 1.000000
-37.163000 -12.554000 0 -2.734980 13.489600 214.930000 189.631000 -13 3847 1 0 1.000000
8.816150 -16.154800 0 16.002300 -10.348100 239.460000 190.092000 -13 3848 1 0 1.000000
20.710600 -27.540700 0 -5.409910 5.767740 186.488000 190.204000 -13 3849 1 0 1.000000
-4.177060 -0.888727 0 1.453160 -3.153440 216.867000 189.695000 -13 3850 1 0 1.000000
0.145632 -17.339900 0 3.199210 -4.242900 232.934000 189.779000 -13 3851 1 0 1.000000
-2.302110 -17.508300 0 4.333250 1.006170 208.373000 189.671000 -13 3852 1 0 1.000000
12.976900 -17.403800 0 -5.158410 -10.827500 241.335000 190.471000 -13 3853 1 0 1.000000
-1.119900 -30.950500 0 -3.967640 -1.341980 242.855000 189.887000 -13 3854 1 0 1.000000
-20.789700 -20.021100 0 10.534800 14.884400 225.787000 189.730000 -13 3855 1 0 1.000000
-10.574200 -37.658100 0 6.912550 -0.015684 241.663000 190.383000 -13 3856 1 0 1.000000
-39.833200 7.792690 0 -0.456997 4.228220 232.466000 190.215000 -13 3857 1 0 1.000000
-18.231400 0.521199 0 -12.429800 -12.351500 215.973000 190.052000 -13 3858 1 0 1.000000
-36.433900 -27.557000 0 3.950170 3.307010 218.178000 189.971000 -13 3859 1 0 1.000000
-47.117600 -8.149690 0 -20.211900 -0.466134 234.263000 190.155000 -13 3860 1 0 1.000000
-11.957000 -22.519500 0 -20.535200 9.514560 221.292000 190.056000 -13 3861 1 0 1.000000
24.528800 -22.707400 0 -27.143900 -8.105370 226.149000 190.195000 -13 3862 1 0 1.000000
-14.666400 -17.352600 0 -8.490130 13.084900 224.209000 190.218000 -13 3863 1 0 1.000000
-29.492200 -22.677600 0 5.798380 -6.227310 224.656000 190.142000 -13 3864 1 0 1.000000
-42.386000 -13.078800 0 -0.615984 13.455500 229.807000 190.124000 -13 3865 1 0 1.000000
16.184300 -53.597500 0 5.768730 -3.821660 184.615000 189.890000 -13 3866 1 0 1.000000
9.012010 -21.083100 0 2.077380 7.722910 172.760000 190.042000 -13 3867 1 0 1.000000
17.051800 -26.382100 0 -6.018730 15.020200 185.475000 190.284000 -13 3868 1 0 1.000000
2.456260 -41.380000 0 -3.052560 5.980070 178.494000 189.968000 -13 3869 1 0 1.000000
11.814900 -18.956000 0 -16.564600 13.515400 173.996000 190.295000 -13 3870 1 0 1.000000
-8.814950 0.203685 0 1.407130 -20.664400 189.765000 190.394000 -13 3871 1 0 1.000000
-12.279000 -6.809840 0 -9.808890 11.591500 185.366000 190.307000 -13 3872 1 0 1.000000
17.617800 -48.626700 0 9.822200 -22.223600 192.219000 189.780000 -13 3873 1 0 1.000000
17.414000 -2.947860 0 -7.050790 22.126800 165.108000 191.529000 -13 3874 1 0 1.000000
24.614500 -1.441630 0 -39.475700 -28.253900 178.802000 190.375000 -13 3875 1 0 1.000000
26.368200 19.260000 0 17.126300 -22.126200 184.589000 189.941000 -13 3876 1 0 1.000000
16.178300 -11.189600 0 -31.883900 -19.860900 172.505000 190.241000 -13 3877 1 0 1.000000
37.201200 2.214430 0 24.212500 1.784940 192.161000 189.809000 -13 3878 1 0 1.000000
-8.375680 -23.655200 0 -13.827300 -11.692100 189.588000 190.370000 -13 3879 1 0 1.000000
25.338800 19.421600 0 -1.478700 -33.591700 189.380000 190.150000 -13 3880 1 0 1.000000
32.928500 5.484230 0 -4.693030 -14.763500 184.635000 189.772000 -13 3881 1 0 1.000000
-17.389800 -2.133590 0 4.414890 -9.625350 215.659000 190.014000 -13 3882 1 0 1.000000
-27.980900 6.922930 0 -1.861170 10.928200 235.735000 190.064000 -13 3883 1 0 1.000000
-21.407000 -8.084640 0 9.762290 -10.448900 217.863000 189.920000 -13 3884 1 0 1.000000
-17.474000 2.239140 0 7.933350 6.560650 215.577000 189.859000 -13 3885 1 0 1.000000
-23.051900 26.531900 0 4.304620 -3.548570 227.178000 190.024000 -13 3886 1 0 1.000000
-33.004900 13.689300 0 -4.354320 -15.889800 217.594000 189.991000 -13 3887 1 0 1.000000
-43.007500 6.854830 0 9.502320 -10.247700 207.317000 189.957000 -13 3888 1 0 1.000000
-18.928300 30.434200 0 9.367770 2.446180 227.891000 189.963000 -13 3889 1 0 1.000000
-21.803000 32.445000 0 12.821300 -27.802000 232.822000 190.507000 -13 3890 1 0 1.000000
-27.443500 20.027500 0 -4.816910 18.981900 210.094000 190.186000 -13 3891 1 0 1.000000
-8.725980 27.774300 0 16.670200 -13.376500 218.900000 190.349000 -13 3892 1 0 1.000000
-25.531800 -0.263064 0 -11.444400 -19.651300 218.327000 190.268000 -13 3893 1 0 1.000000
-6.040940 25.435500 0 -14.207500 3.662500 222.109000 190.274000 -13 3894 1 0 1.000000
-10.417800 44.917000 0 -5.363910 -0.316155 214.850000 190.469000 -13 3895 1 0 1.000000
-12.948900 26.113800 0 -13.070300 2.869950 199.565000 190.294000 -13 3896 1 0 1.000000
-28.326400 28.413800 0 6.335230 -16.321500 210.567000 190.495000 -13 3897 1 0 1.000000
-22.569900 27.769200 0 1.428810 -9.443150 217.212000 190.346000 -13 3898 1 0 1.000000
-6.338110 27.977100 0 -3.978590 17.214200 219.448000 190.296000 -13 3899 1 0 1.000000
11.875100 -22.868900 0 -24.809100 20.669000 181.604000 190.211000 -13 3900 1 0 1.000000
25.428100 16.265000 0 -27.143000 3.968780 199.551000 190.277000 -13 3901 1 0 1.000000
-0.916253 -0.098381 0 -13.608600 -8.447290 199.040000 190.298000 -13 3902 1 0 1.000000
18.794300 -6.236790 0 -20.669900 12.735600 195.795000 190.298000 -13 3903 1 0 1.000000
32.815400 -4.010200 0 -16.786600 17.091600 192.484000 190.260000 -13 3904 1 0 1.000000
-1.252460 21.885200 0 -15.460400 -11.065700 204.753000 190.379000 -13 3905 1 0 1.000000
-0.182290 17.400200 0 -21.103500 2.425450 205.938000 190.341000 -13 3906 1 0 1.000000
-67.351800 -54.452300 0 -16.920800 -10.146500 201.923000 189.782000 -13 3907 1 0 1.000000
47.534600 14.731700 0 -17.271000 4.462000 201.922000 190.326000 -13 3908 1 0 1.000000
-1.791610 11.727400 0 -10.492700 -3.438440 200.527000 190.262000 -13 3909 1 0 1.000000
-19.112900 10.908600 0 17.783600 -12.736600 214.877000 189.925000 -13 3910 1 0 1.000000
-30.374200 -1.014770 0 8.703980 -5.023480 216.474000 189.874000 -13 3911 1 0 1.000000
1.690300 -26.075200 0 9.007700 -8.351810 215.764000 189.934000 -13 3912 1 0 1.000000
-33.587600 -22.966900 0 20.139400 -7.880550 215.429000 189.871000 -13 3913 1 0 1.000000
-32.637700 25.924900 0 5.617660 -4.922890 220.146000 189.923000 -13 3914 1 0 1.000000
5.835540 -4.846340 0 0.548348 -15.284700 210.850000 189.904000 -13 3915 1 0 1.000000
-47.025300 8.407620 0 8.102680 -16.765800 220.495000 189.949000 -13 3916 1 0 1.000000
-15.425600 -16.810200 0 17.810700 -1.909110 208.758000 189.923000 -13 3917 1 0 1.000000
-0.607318 -3.939150 0 8.465780 -7.709160 219.089000 189.964000 -13 3918 1 0 1.000000
-29.177100 19.903300 0 7.696000 -3.928030 214.451000 189.985000 -13 3919 1 0 1.000000
-28.975900 29.044600 0 12.848600 17.248500 198.923000 191.084000 -13 3920 1 0 1.000000
-52.763500 -4.916560 0 1.972290 -10.780100 229.331000 190.050000 -13 3921 1 0 1.000000
-48.084800 3.187760 0 10.568400 -4.235180 216.293000 190.641000 -13 3922 1 0 1.000000
-29.073200 -6.477070 0 1.377650 28.413900 234.324000 190.385000 -13 3923 1 0 1.000000
-4.776300 24.009600 0 7.259960 3.838410 234.810000 190.307000 -13 3924 1 0 1.000000
-28.742200 9.473310 0 18.644500 3.395670 224.570000 190.662000 -13 3925 1 0 1.000000
-27.957200 13.926800 0 4.149480 6.938250 189.312000 191.058000 -13 3926 1 0 1.000000
-10.185600 13.378100 0 5.833770 -7.954090 234.945000 190.470000 -13 3927 1 0 1.000000
-44.543100 18.562400 0 3.860320 5.953540 236.916000 190.371000 -13 3928 1 0 1.000000
4.817520 -19.650800 0 -14.823200 5.492650 147.276000 191.691000 -13 3929 1 0 1.000000
-26.688000 -19.176100 0 2.615100 -1.687790 193.044000 190.378000 -13 3930 1 0 1.000000
-7.932920 -12.663700 0 -20.573300 -6.226530 190.863000 190.345000 -13 3931 1 0 1.000000
49.793800 -5.513320 0 -16.783900 -3.254560 185.063000 189.936000 -13 3932 1 0 1.000000
-29.190700 -2.375650 0 0.402521 0.500307 189.327000 190.258000 -13 3933 1 0 1.000000
-23.699500 -12.633100 0 -11.167100 -11.223700 183.573000 190.296000 -13 3934 1 0 1.000000
-23.844200 10.824700 0 -11.267100 -8.553390 189.183000 190.508000 -13 3935 1 0 1.000000
-7.423580 -2.304010 0 45.470400 2.921530 224.613000 189.769000 -13 3936 1 0 1.000000
-24.503300 -9.629480 0 4.487610 -6.348760 197.319000 190.444000 -13 3937 1 0 1.000000
27.931300 -10.199000 0 -36.163200 -6.170780 178.053000 190.110000 -13 3938 1 0 1.000000
7.150550 60.071400 0 21.056100 -23.909200 240.453000 189.771000 -13 3939 1 0 1.000000
-2.742410 -13.781600 0 3.440860 -13.664400 205.648000 189.936000 -13 3940 1 0 1.000000
-27.906500 -30.394400 0 -9.664800 -13.729100 227.994000 189.925000 -13 3941 1 0 1.000000
-22.569300 -9.379400 0 2.290700 -26.923300 213.639000 190.009000 -13 3942 1 0 1.000000
-2.455280 -41.233300 0 -13.060400 -6.805780 216.270000 189.922000 -13 3943 1 0 1.000000
-17.913400 -32.098000 0 -4.955720 3.195900 210.778000 189.885000 -13 3944 1 0 1.000000
-31.105100 -5.108800 0 -16.845700 -7.992990 226.345000 189.898000 -13 3945 1 0 1.000000
7.281030 -23.140600 0 -4.965870 -3.741880 209.638000 189.910000 -13 3946 1 0 1.000000
-14.219800 -35.346000 0 -3.772770 -6.811140 222.586000 189.990000 -13 3947 1 0 1.000000
13.351300 -34.300800 0 -13.086300 -8.095850 207.523000 189.891000 -13 3948 1 0 1.000000
-24.589200 -15.810600 0 -4.921090 -14.010300 225.113000 189.935000 -13 3949 1 0 1.000000
-33.849600 1.594810 0 -15.646200 2.345760 229.704000 190.078000 -13 3950 1 0 1.000000
-35.461700 4.837730 0 3.789400 -0.024565 216.227000 189.948000 -13 3951 1 0 1.000000
-13.113000 -4.982450 0 7.457220 -7.388310 216.039000 190.095000 -13 3952 1 0 1.000000
-9.187990 -10.176100 0 -3.026140 -0.315639 218.536000 190.137000 -13 3953 1 0 1.000000
-22.084600 -17.104300 0 -2.739800 -6.401580 224.711000 190.068000 -13 3954 1 0 1.000000
-21.343900 -15.708100 0 11.544700 -14.128100 227.706000 190.302000 -13 3955 1 0 1.000000
-24.692600 3.881080 0 9.090350 -3.241860 216.745000 190.069000 -13 3956 1 0 1.000000
3.508280 -14.154000 0 3.853090 16.079900 218.962000 190.144000 -13 3957 1 0 1.000000
-46.610400 5.465160 0 -12.568400 1.477480 222.034000 190.001000 -13 3958 1 0 1.000000
-3.858460 -5.389980 0 11.393600 -10.426200 228.170000 190.002000 -13 3959 1 0 1.000000
27.380200 -21.200900 0 -11.669900 -5.829040 203.986000 189.983000 -13 3960 1 0 1.000000
-17.817400 -9.722090 0 -15.420600 2.679690 209.485000 189.944000 -13 3961 1 0 1.000000
0.620251 -27.803300 0 -11.259900 7.708850 204.338000 190.014000 -13 3962 1 0 1.000000
-19.703400 -45.048900 0 0.245555 4.552330 211.609000 189.898000 -13 3963 1 0 1.000000
-8.176650 -28.410200 0 -1.980300 8.706860 201.251000 189.959000 -13 3964 1 0 1.000000
-0.177497 -12.967900 0 1.040580 4.051770 196.816000 189.991000 -13 3965 1 0 1.000000
12.593200 -17.318200 0 3.105250 0.232914 209.363000 190.028000 -13 3966 1 0 1.000000
-22.092400 16.679800 0 8.734230 0.801028 209.084000 189.992000 -13 3967 1 0 1.000000
-8.333310 -18.431200 0 -7.129240 -5.455570 198.877000 189.997000 -13 3968 1 0 1.000000
-9.661450 -1.132390 0 -1.955650 -7.730910 184.895000 190.036000 -13 3969 1 0 1.000000
4.648120 -18.356300 0 -6.201230 -5.840600 184.872000 189.877000 -13 3970 1 0 1.000000
-16.849900 -16.413900 0 -9.069770 2.593860 190.978000 189.980000 -13 3971 1 0 1.000000
-4.358580 8.613480 0 -3.484510 -4.746770 188.389000 189.950000 -13 3972 1 0 1.000000
5.202820 -21.952200 0 -14.092400 -2.312180 183.657000 190.114000 -13 3973 1 0 1.000000
-13.561900 4.946610 0 1.967920 -7.056280 191.940000 189.861000 -13 3974 1 0 1.000000
-1.452400 -13.451600 0 5.604450 -15.527300 190.295000 189.856000 -13 3975 1 0 1.000000
-15.555400 -2.495870 0 -1.091790 -10.881800 189.115000 189.866000 -13 3976 1 0 1.000000
20.105400 -24.895000 0 -10.382800 17.692800 183.899000 189.870000 -13 3977 1 0 1.000000
48.865600 -59.991900 0 3.109840 20.924700 202.023000 190.008000 -13 3978 1 0 1.000000
12.274500 -11.649000 0 -22.427400 13.953800 176.127000 190.126000 -13 3979 1 0 1.000000
-4.770760 -76.742800 0 14.813300 -12.257800 205.357000 189.770000 -13 3980 1 0 1.000000
22.498700 0.250538 0 -6.035230 13.482200 175.721000 190.030000 -13 3981 1 0 1.000000
0.418266 -13.050000 0 -4.850920 26.139900 182.714000 189.897000 -13 3982 1 0 1.000000
19.449100 -18.136000 0 -11.390200 13.015100 178.647000 189.893000 -13 3983 1 0 1.000000
2.625640 15.759300 0 1.542720 4.499710 191.180000 190.224000 -13 3984 1 0 1.000000
24.811800 -53.903800 0 -7.441890 14.264200 215.507000 190.125000 -13 3985 1 0 1.000000
-6.540380 -66.382400 0 -0.134597 12.061700 209.134000 190.108000 -13 3986 1 0 1.000000
-20.477400 -0.514885 0 -7.769550 23.391200 218.688000 190.229000 -13 3987 1 0 1.000000
-31.812500 -0.648017 0 -0.050120 33.889400 210.218000 190.523000 -13 3988 1 0 1.000000
3.401810 -66.575100 0 5.416280 22.549500 218.767000 190.268000 -13 3989 1 0 1.000000
-23.632700 -35.772500 0 3.996440 19.909800 222.494000 190.019000 -13 3990 1 0 1.000000
-29.734700 -71.070300 0 -0.387345 5.463700 228.205000 190.104000 -13 3991 1 0 1.000000
-8.674930 12.172800 0 10.701900 24.764400 219.917000 190.202000 -13 3992 1 0 1.000000
-25.015500 -8.378850 0 -0.657137 4.389510 208.828000 189.932000 -13 3993 1 0 1.000000
-18.994600 -7.734880 0 -2.132160 0.530489 208.588000 189.889000 -13 3994 1 0 1.000000
-12.745800 -12.943100 0 -10.842900 -2.997440 207.935000 190.013000 -13 3995 1 0 1.000000
-13.244800 -7.440390 0 0.306438 17.592400 211.294000 189.850000 -13 3996 1 0 1.000000
2.959240 -7.926500 0 9.428250 2.835380 209.311000 189.929000 -13 3997 1 0 1.000000
-44.855500 0.786344 0 -16.846300 -2.239950 216.209000 189.956000 -13 3998 1 0 1.000000
-14.517100 14.368200 0 -9.769380 8.329740 207.117000 189.884000 -13 3999 1 0 1.000000
3.239540 -4.001010 0 -5.825600 -0.314163 203.415000 189.946000 -13 4000 1 0 1.000000
-16.970400 2.845710 0 -19.055800 -4.523990 204.914000 189.942000 -13 4001 1 0 1.000000
-39.361800 19.423100 0 -4.052440 2.674550 212.600000 189.975000 -13 4002 1 0 1.000000
-24.234300 -6.518250 0 22.946700 -33.257100 189.499000 191.053000 -13 4003 1 0 1.000000
-22.886200 -28.522400 0 6.927500 -18.724400 190.090000 190.819000 -13 4004 1 0 1.000000
-10.175700 -34.138200 0 30.355600 -25.530000 212.739000 190.646000 -13 4005 1 0 1.000000
19.444300 -39.124300 0 -5.067380 0.730205 179.840000 190.718000 -13 4006 1 0 1.000000
-2.696800 -35.208000 0 9.669140 -3.112660 199.970000 190.703000 -13 4007 1 0 1.000000
-8.285590 -27.214700 0 2.505820 -21.047600 205.632000 190.688000 -13 4008 1 0 1.000000
-60.720700 30.348400 0 13.527200 -21.662600 206.747000 190.675000 -13 4009 1 0 1.000000
-19.200400 -13.675300 0 2.442140 -11.492700 230.318000 189.958000 -13 4010 1 0 1.000000
-4.136440 -3.825740 0 -15.560900 -8.935730 239.330000 190.153000 -13 4011 1 0 1.000000
-129.809000 -5.953740 0 -60.015800 -3.620410 104.660000 192.903000 -13 4012 1 0 1.000000
-5.776700 -3.853820 0 6.099900 -3.849570 218.648000 189.952000 -13 4013 1 0 1.000000
-13.367200 6.285790 0 10.991200 -16.419500 223.292000 190.057000 -13 4014 1 0 1.000000
-36.897200 1.360600 0 4.974070 -18.835200 239.966000 190.109000 -13 4015 1 0 1.000000
-28.069000 22.507400 0 2.946300 -20.861600 238.431000 190.048000 -13 4016 1 0 1.000000
-26.971800 33.335700 0 -0.817954 -2.965570 235.413000 190.004000 -13 4017 1 0 1.000000
-40.909500 38.681100 0 -11.902200 3.445060 236.613000 190.139000 -13 4018 1 0 1.000000
-14.599600 -32.463300 0 -3.766920 -3.249570 232.446000 189.988000 -13 4019 1 0 1.000000
4.051780 -28.862000 0 23.602000 -20.050700 199.348000 190.226000 -13 4020 1 0 1.000000
7.685590 -25.608800 0 6.909940 -7.708280 186.530000 190.008000 -13 4021 1 0 1.000000
1.630140 -22.508400 0 17.230100 -12.014500 184.006000 190.100000 -13 4022 1 0 1.000000
-16.112100 -31.390400 0 19.950700 -17.105100 196.723000 190.220000 -13 4023 1 0 1.000000
-27.639300 33.191900 0 -1.423390 -7.288970 185.219000 189.774000 -13 4024 1 0 1.000000
-20.852400 -40.777900 0 23.004800 -12.826200 200.059000 190.306000 -13 4025 1 0 1.000000
6.057550 -54.636400 0 6.365630 -6.352920 191.044000 190.365000 -13 4026 1 0 1.000000
1.156260 15.097600 0 3.398870 -23.431700 185.854000 189.841000 -13 4027 1 0 1.000000
1.664700 33.800400 0 -10.081600 6.042960 201.002000 189.666000 -13 4028 1 0 1.000000
-2.195950 -8.419790 0 -11.584100 -1.676450 224.095000 190.086000 -13 4029 1 0 1.000000
5.812450 -22.995700 0 3.942240 -15.719500 224.605000 190.015000 -13 4030 1 0 1.000000
5.433530 -11.701500 0 21.910300 -9.015700 221.652000 190.017000 -13 4031 1 0 1.000000
-8.935430 16.033100 0 -10.736100 -15.908000 204.040000 189.917000 -13 4032 1 0 1.000000
15.436100 11.996600 0 -11.753700 -25.059700 236.239000 190.187000 -13 4033 1 0 1.000000
6.388850 27.984900 0 20.928400 -3.528230 233.671000 190.146000 -13 4034 1 0 1.000000
3.452520 -2.637330 0 -16.465500 -15.452100 216.942000 189.908000 -13 4035 1 0 1.000000
28.968300 14.761400 0 -5.676620 -14.295200 230.674000 190.097000 -13 4036 1 0 1.000000
7.367050 24.748800 0 5.539030 -10.716700 230.390000 190.037000 -13 4037 1 0 1.000000
27.759500 4.881850 0 -7.734160 -10.332600 226.619000 190.015000 -13 4038 1 0 1.000000
11.639200 2.343340 0 -0.137174 -9.969940 176.903000 190.053000 -13 4039 1 0 1.000000
-16.663800 1.060120 0 -13.242000 -21.659600 180.483000 190.128000 -13 4040 1 0 1.000000
-4.437710 -9.210940 0 -10.337300 -7.586790 189.742000 190.193000 -13 4041 1 0 1.000000
-5.177950 -45.250600 0 -6.540280 3.443970 187.917000 190.243000 -13 4042 1 0 1.000000
12.082000 -13.692000 0 -15.567600 -1.088350 178.436000 190.310000 -13 4043 1 0 1.000000
-5.848100 -9.332490 0 17.831800 -0.390344 219.326000 189.610000 -13 4044 1 0 1.000000
15.157300 -0.678807 0 -23.835000 -20.123900 179.749000 190.204000 -13 4045 1 0 1.000000
14.628000 -19.694700 0 -2.835280 -19.739100 182.506000 190.264000 -13 4046 1 0 1.000000
-22.503200 7.748200 0 7.164190 16.248700 183.892000 190.087000 -13 4047 1 0 1.000000
-40.734900 -14.442000 0 8.190340 10.542600 191.180000 190.185000 -13 4048 1 0 1.000000
-14.147300 10.411700 0 2.412520 16.319700 196.928000 190.080000 -13 4049 1 0 1.000000
-14.312900 -13.375800 0 12.162100 -7.786850 194.082000 190.246000 -13 4050 1 0 1.000000
-50.784300 3.649280 0 1.558990 0.364411 189.291000 190.215000 -13 4051 1 0 1.000000
-4.126100 4.239880 0 -14.651700 15.364000 184.782000 190.067000 -13 4052 1 0 1.000000
-12.197400 -3.892870 0 7.308040 -0.872814 190.734000 190.176000 -13 4053 1 0 1.000000
5.949880 10.852600 0 4.655380 -8.624340 190.538000 190.257000 -13 4054 1 0 1.000000
-20.093800 -33.062300 0 -14.568400 30.941800 195.473000 190.106000 -13 4055 1 0 1.000000
5.600350 4.029730 0 -11.100500 -7.484460 205.087000 190.162000 -13 4056 1 0 1.000000
47.167400 3.800350 0 -1.164470 -2.721320 206.314000 190.419000 -13 4057 1 0 1.000000
9.489240 -14.911700 0 0.144350 0.425693 199.811000 190.173000 -13 4058 1 0 1.000000
26.175200 4.216320 0 -5.073890 -10.797700 204.770000 190.295000 -13 4059 1 0 1.000000
17.538800 -16.947100 0 1.360040 -7.679960 199.245000 190.272000 -13 4060 1 0 1.000000
33.420900 32.581800 0 -11.751000 1.363880 215.208000 190.339000 -13 4061 1 0 1.000000
27.531400 2.396680 0 -9.189220 -11.256000 203.401000 190.265000 -13 4062 1 0 1.000000
27.783800 -2.515370 0 -3.072030 -16.106200 208.123000 190.289000 -13 4063 1 0 1.000000
18.663500 9.314890 0 7.213580 -7.678800 202.620000 190.180000 -13 4064 1 0 1.000000
-14.675000 -17.869200 0 -11.503900 25.580400 210.038000 190.024000 -13 4065 1 0 1.000000
14.368100 28.257400 0 -6.074350 -8.891020 216.881000 190.115000 -13 4066 1 0 1.000000
-13.795000 25.291300 0 15.734300 10.631000 209.522000 190.019000 -13 4067 1 0 1.000000
0.375750 -13.387400 0 -0.413448 28.555200 202.597000 190.030000 -13 4068 1 0 1.000000
-9.521010 2.858020 0 2.800070 -3.909060 206.866000 190.072000 -13 4069 1 0 1.000000
-23.964700 26.084400 0 2.877600 14.737300 214.046000 190.041000 -13 4070 1 0 1.000000
-28.612100 19.233700 0 -1.976310 -10.919300 214.320000 190.056000 -13 4071 1 0 1.000000
3.788100 2.883500 0 17.349800 -10.436000 207.004000 190.224000 -13 4072 1 0 1.000000
-24.323400 -50.291000 0 -4.186390 32.299300 213.574000 190.109000 -13 4073 1 0 1.000000
5.305000 -4.368630 0 -3.846680 2.523880 211.686000 189.850000 -13 4074 1 0 1.000000
-11.020900 23.918900 0 -5.834130 -2.501460 222.872000 189.928000 -13 4075 1 0 1.000000
-28.208000 2.127500 0 -0.290597 0.382581 221.443000 189.848000 -13 4076 1 0 1.000000
24.003200 17.107300 0 -16.079300 11.581700 216.879000 189.852000 -13 4077 1 0 1.000000
-9.663400 7.574150 0 -8.847800 11.792900 216.344000 189.838000 -13 4078 1 0 1.000000
-17.200500 -9.822920 0 9.726870 4.891890 221.862000 189.856000 -13 4079 1 0 1.000000
-7.582100 17.399300 0 -7.645280 10.709500 221.674000 189.840000 -13 4080 1 0 1.000000
-6.586950 3.957540 0 -5.176200 16.082400 217.807000 189.854000 -13 4081 1 0 1.000000
-7.496720 1.400090 0 -7.231180 11.980900 210.226000 189.891000 -13 4082 1 0 1.000000
-0.632521 5.757310 0 -3.848060 -2.055410 200.464000 189.905000 -13 4083 1 0 1.000000
-39.852600 7.108340 0 -13.379200 46.048000 232.412000 189.837000 -13 4084 1 0 1.000000
-33.630900 35.835500 0 18.322100 -8.936110 199.186000 189.978000 -13 4085 1 0 1.000000
-40.246100 37.108000 0 -14.008000 50.292600 247.347000 189.837000 -13 4086 1 0 1.000000
0.151476 22.579400 0 2.137870 -18.135800 237.032000 189.717000 -13 4087 1 0 1.000000
0.453834 -26.154300 0 -15.418900 33.675700 243.966000 189.862000 -13 4088 1 0 1.000000
7.787660 4.725480 0 18.332400 -22.298200 187.109000 189.893000 -13 4089 1 0 1.000000
9.683580 -51.003900 0 -2.036960 2.177480 180.081000 190.026000 -13 4090 1 0 1.000000
-16.239700 28.901300 0 -2.017940 3.913740 212.919000 189.647000 -13 4091 1 0 1.000000
-20.043200 -24.064400 0 29.072400 -19.361400 186.338000 190.095000 -13 4092 1 0 1.000000
-16.843200 -9.261810 0 -2.544660 -6.400940 216.571000 190.145000 -13 4093 1 0 1.000000
-14.371000 -7.500200 0 15.648900 -17.239000 221.157000 190.136000 -13 4094 1 0 1.000000
-11.114600 -17.501400 0 -18.496800 5.450390 212.595000 189.966000 -13 4095 1 0 1.000000
-29.167200 -24.214700 0 -27.210200 -6.119010 218.696000 190.184000 -13 4096 1 0 1.000000
-0.756510 -12.190300 0 -7.609160 -11.973100 221.430000 190.242000 -13 4097 1 0 1.000000
-8.974860 -29.729400 0 -2.332810 -4.299580 223.359000 190.040000 -13 4098 1 0 1.000000
-8.308250 -37.248200 0 -4.639300 -8.920860 219.040000 190.153000 -13 4099 1 0 1.000000
17.657700 2.321580 0 -16.488000 26.323100 233.654000 189.903000 -13 4100 1 0 1.000000
-21.945800 -22.445300 0 0.357259 -15.822000 194.346000 190.402000 -13 4101 1 0 1.000000
-5.810020 12.628000 0 -2.971400 -16.628400 196.754000 190.209000 -13 4102 1 0 1.000000
3.151100 -11.551100 0 -6.621330 -12.162900 181.132000 190.287000 -13 4103 1 0 1.000000
-5.217200 -43.665000 0 6.114170 -17.351100 202.349000 190.314000 -13 4104 1 0 1.000000
-20.726600 -9.490220 0 -3.033750 -19.750000 197.050000 190.326000 -13 4105 1 0 1.000000
0.884737 -40.534800 0 -2.402740 -15.536300 189.551000 190.371000 -13 4106 1 0 1.000000
7.295680 11.026900 0 6.507740 -26.716300 187.204000 190.141000 -13 4107 1 0 1.000000
1.353210 -17.539000 0 3.648980 -27.982000 194.324000 190.306000 -13 4108 1 0 1.000000
-0.155444 -17.791900 0 8.956850 -18.245300 200.843000 190.392000 -13 4109 1 0 1.000000
8.653980 12.134400 0 10.859100 -28.569300 192.550000 190.428000 -13 4110 1 0 1.000000
27.978500 -45.994700 0 -0.826111 -2.389150 212.073000 190.322000 -13 4111 1 0 1.000000
33.791100 -43.810600 0 -4.043360 -5.694130 207.965000 190.335000 -13 4112 1 0 1.000000
36.480700 -20.078800 0 -10.807000 -4.569210 212.702000 190.335000 -13 4113 1 0 1.000000
20.126300 -15.337200 0 -0.899332 -5.882160 199.618000 190.243000 -13 4114 1 0 1.000000
32.031300 -5.111050 0 10.067200 -13.026900 201.802000 190.396000 -13 4115 1 0 1.000000
1.990730 -5.594710 0 -13.111100 -1.258760 200.259000 190.249000 -13 4116 1 0 1.000000
8.524530 -9.299650 0 27.358400 -6.533440 182.141000 190.122000 -13 4117 1 0 1.000000
29.804900 -19.117900 0 -18.677000 -11.850400 206.726000 190.263000 -13 4118 1 0 1.000000
14.078500 -24.467500 0 -1.648330 -12.762800 195.351000 190.440000 -13 4119 1 0 1.000000
-20.257900 -4.516410 0 2.820320 10.650800 196.905000 190.014000 -13 4120 1 0 1.000000
11.082900 2.745340 0 -7.318820 9.220490 204.255000 189.941000 -13 4121 1 0 1.000000
13.404600 19.998300 0 -17.094800 16.212700 215.455000 189.925000 -13 4122 1 0 1.000000
-12.367300 22.068400 0 -3.580030 22.902400 215.156000 190.010000 -13 4123 1 0 1.000000
-30.249000 2.226480 0 0.566811 3.992980 220.714000 189.871000 -13 4124 1 0 1.000000
2.295310 -27.849600 0 -18.407500 16.095500 215.861000 189.896000 -13 4125 1 0 1.000000
-12.959500 10.301300 0 -1.572390 8.382780 206.774000 189.829000 -13 4126 1 0 1.000000
-23.610700 -22.954400 0 -0.221014 16.211000 203.260000 189.862000 -13 4127 1 0 1.000000
-24.257000 -2.280220 0 -14.609000 -4.245600 215.530000 189.901000 -13 4128 1 0 1.000000
-18.122600 -5.342250 0 -15.336000 14.714900 215.157000 189.995000 -13 4129 1 0 1.000000
