#BLTrackFile solenoid_cooling_channel
#x y z Px Py Pz t PDGid EvNum TrkId Parent weight
-5.455090 -7.138310 0 0.000000 0.000000 203.000000 1037.230000 -13 1 1 0 1.000000
-1.651620 3.236620 0 -2.650980 -16.237400 215.790000 1037.110000 -13 2 1 0 1.000000
0.870221 -8.137470 0 1.738420 -17.647400 214.372000 1037.110000 -13 3 1 0 1.000000
-5.494630 -5.925160 0 15.529000 -13.329500 204.314000 1037.530000 -13 4 1 0 1.000000
-2.065070 7.785080 0 -17.016000 -17.508600 198.214000 1037.330000 -13 5 1 0 1.000000
-0.257534 -7.953400 0 13.824400 -7.019250 219.679000 1037.430000 -13 6 1 0 1.000000
8.771110 -15.015000 0 -7.676390 11.438500 220.364000 1037.370000 -13 7 1 0 1.000000
-28.372600 -10.802700 0 3.804570 -4.939920 217.111000 1037.380000 -13 8 1 0 1.000000
-12.630000 -4.540530 0 -14.357400 -25.768400 209.053000 1037.120000 -13 9 1 0 1.000000
-6.656640 -2.181670 0 -2.706050 -0.313200 199.590000 1037.150000 -13 10 1 0 1.000000
-8.752660 -6.203440 0 10.617700 13.114100 206.806000 1037.200000 -13 11 1 0 1.000000
-4.510680 -13.726400 0 12.025900 -6.736510 203.194000 1037.240000 -13 12 1 0 1.000000
6.250970 -8.399810 0 0.066652 7.367660 208.165000 1037.270000 -13 13 1 0 1.000000
-14.526100 -11.376800 0 0.978618 -1.584950 208.000000 1037.080000 -13 14 1 0 1.000000
8.156810 -1.722310 0 13.200300 11.178700 212.067000 1037.340000 -13 15 1 0 1.000000
-8.770950 -3.283990 0 -8.843430 -12.806000 199.947000 1037.440000 -13 16 1 0 1.000000
-1.445990 -7.604770 0 -2.455870 -1.282040 209.423000 1037.150000 -13 17 1 0 1.000000
-16.079400 -9.402730 0 10.923200 -5.699820 203.352000 1037.150000 -13 18 1 0 1.000000
4.443140 -10.176100 0 3.138830 0.787505 216.347000 1037.140000 -13 19 1 0 1.000000
-11.236800 -16.463400 0 7.200200 2.369750 211.984000 1037.140000 -13 20 1 0 1.000000
-15.687800 -8.343220 0 -7.172490 -8.681070 216.118000 1037.070000 -13 21 1 0 1.000000
1.340390 -10.977100 0 -22.422200 3.531560 223.438000 1037.250000 -13 22 1 0 1.000000
-7.244640 -13.032700 0 -5.983290 5.926590 197.557000 1037.300000 -13 23 1 0 1.000000
-5.534790 -10.893100 0 -9.273720 13.179300 211.301000 1037.330000 -13 24 1 0 1.000000
-0.008644 -23.773900 0 -14.234300 8.228050 219.119000 1037.260000 -13 25 1 0 1.000000
-22.407700 -10.966100 0 0.024357 15.912900 221.917000 1037.280000 -13 26 1 0 1.000000
2.534690 -7.983640 0 16.842100 5.709980 198.583000 1037.130000 -13 27 1 0 1.000000
-4.536810 -6.963010 0 -7.349240 -3.202870 199.701000 1037.320000 -13 28 1 0 1.000000
-9.897530 -10.531900 0 -3.185630 17.174700 226.503000 1037.190000 -13 29 1 0 1.000000
-28.763600 -3.825790 0 -11.661000 4.537450 222.411000 1037.320000 -13 30 1 0 1.000000
-4.257790 -6.738390 0 -1.858670 -0.885437 205.230000 1037.280000 -13 31 1 0 1.000000
-5.114310 1.818090 0 8.141810 -5.793300 200.760000 1037.490000 -13 32 1 0 1.000000
-1.421700 -17.395800 0 7.601180 -13.828800 198.415000 1037.270000 -13 33 1 0 1.000000
-14.468600 9.901530 0 -18.450800 -4.537370 221.829000 1037.180000 -13 34 1 0 1.000000
-10.054600 -12.233100 0 0.062096 2.458970 224.101000 1037.130000 -13 35 1 0 1.000000
-4.578750 -7.516100 0 -2.913170 25.665500 206.303000 1037.160000 -13 36 1 0 1.000000
-18.187200 -8.592530 0 7.033690 -3.341630 201.528000 1037.430000 -13 37 1 0 1.000000
14.196600 -8.421110 0 6.319190 -9.546440 201.870000 1037.190000 -13 38 1 0 1.000000
-11.285400 -8.880440 0 8.227700 17.940200 207.389000 1037.550000 -13 39 1 0 1.000000
-7.991010 -12.769100 0 4.742840 -4.921330 197.443000 1037.090000 -13 40 1 0 1.000000
-15.508000 -1.036040 0 -16.523600 -1.521790 214.038000 1037.100000 -13 41 1 0 1.000000
-9.406640 -12.990700 0 6.564750 -19.624700 212.230000 1037.110000 -13 42 1 0 1.000000
-4.947160 -2.532650 0 -12.914600 6.570900 207.992000 1037.210000 -13 43 1 0 1.000000
-17.140700 -8.458250 0 15.317000 -8.847290 206.961000 1037.220000 -13 44 1 0 1.000000
-8.101470 -17.009000 0 -16.717300 16.379700 199.990000 1037.290000 -13 45 1 0 1.000000
-9.515270 -16.546400 0 8.180770 10.510800 206.367000 1037.220000 -13 46 1 0 1.000000
-3.425840 -8.077250 0 -13.108000 5.099920 202.457000 1037.200000 -13 47 1 0 1.000000
-18.020900 -13.168400 0 4.361190 -4.030630 222.561000 1037.300000 -13 48 1 0 1.000000
-12.715700 9.249960 0 14.931600 -12.790500 202.340000 1037.040000 -13 49 1 0 1.000000
-11.260800 -5.154890 0 -3.056560 2.694150 216.838000 1037.040000 -13 50 1 0 1.000000
-7.108590 2.732580 0 3.751380 -8.020350 213.743000 1037.120000 -13 51 1 0 1.000000
1.192870 -12.023800 0 9.691440 -4.185370 191.551000 1037.220000 -13 52 1 0 1.000000
-15.803200 -10.025700 0 7.304430 20.090000 223.202000 1037.210000 -13 53 1 0 1.000000
-13.652300 -0.479133 0 7.619430 10.444900 190.556000 1037.220000 -13 54 1 0 1.000000
-8.763190 -11.321500 0 3.753800 -13.561700 211.356000 1037.210000 -13 55 1 0 1.000000
-10.246700 -4.704650 0 -16.999700 -2.526180 190.091000 1037.170000 -13 56 1 0 1.000000
-2.952820 -4.113560 0 11.464800 -2.190270 209.830000 1037.160000 -13 57 1 0 1.000000
4.521520 -7.449900 0 -2.994170 15.575900 211.909000 1037.240000 -13 58 1 0 1.000000
-6.819170 -9.020680 0 -10.105400 -1.649760 220.484000 1037.450000 -13 59 1 0 1.000000
1.406520 7.045160 0 -4.400830 -18.537100 218.060000 1037.180000 -13 60 1 0 1.000000
-13.856100 6.186970 0 18.515100 12.020800 199.151000 1037.510000 -13 61 1 0 1.000000
-16.312900 -4.181810 0 7.361680 1.511110 217.771000 1037.420000 -13 62 1 0 1.000000
-1.794000 -10.912800 0 -0.969719 7.934540 216.593000 1037.150000 -13 63 1 0 1.000000
2.669740 -11.536600 0 -7.293570 -14.149000 223.089000 1037.280000 -13 64 1 0 1.000000
-3.002490 -10.858100 0 25.545700 10.296400 201.501000 1037.370000 -13 65 1 0 1.000000
-0.310144 -7.849110 0 -5.825220 -7.371920 202.999000 1037.050000 -13 66 1 0 1.000000
-0.452084 -5.297090 0 10.168800 4.100730 208.086000 1037.110000 -13 67 1 0 1.000000
-22.935300 -4.877440 0 3.494250 -2.614250 206.839000 1037.320000 -13 68 1 0 1.000000
10.992100 -14.251800 0 -4.631350 -13.713000 207.755000 1037.260000 -13 69 1 0 1.000000
-7.167110 -4.520060 0 -3.168570 1.014570 213.242000 1037.100000 -13 70 1 0 1.000000
-14.686000 -2.687820 0 -0.071552 -0.074162 217.807000 1037.380000 -13 71 1 0 1.000000
-11.383200 -24.374000 0 -23.064600 3.242760 215.970000 1037.160000 -13 72 1 0 1.000000
-24.576700 10.282600 0 -1.508660 -3.188990 217.222000 1037.230000 -13 73 1 0 1.000000
-16.722400 -12.045400 0 5.029990 -14.655900 215.642000 1037.260000 -13 74 1 0 1.000000
-13.676400 -20.772600 0 -16.980500 16.359200 215.265000 1037.390000 -13 75 1 0 1.000000
-5.313870 2.831310 0 -1.286190 -10.514900 197.203000 1037.560000 -13 76 1 0 1.000000
-0.047700 2.365010 0 -3.411730 13.725100 204.262000 1037.000000 -13 77 1 0 1.000000
-6.068840 -10.193400 0 25.877200 -1.594570 224.390000 1037.080000 -13 78 1 0 1.000000
-17.856800 1.670430 0 21.961200 8.966280 222.257000 1037.070000 -13 79 1 0 1.000000
9.233990 -2.981520 0 10.309800 -5.120130 206.556000 1037.150000 -13 80 1 0 1.000000
10.396400 10.884900 0 13.855400 -6.652480 199.723000 1037.260000 -13 81 1 0 1.000000
-12.797400 0.264598 0 -3.466430 1.569760 209.478000 1037.440000 -13 82 1 0 1.000000
2.447110 -7.133490 0 -3.067840 7.499430 210.032000 1037.590000 -13 83 1 0 1.000000
-3.085210 -3.161950 0 -4.346810 -0.769678 208.939000 1037.130000 -13 84 1 0 1.000000
3.842450 -14.301000 0 -8.835750 -4.005030 201.899000 1037.230000 -13 85 1 0 1.000000
10.651300 11.047000 0 -7.787280 18.106600 200.473000 1037.130000 -13 86 1 0 1.000000
-21.141100 -15.032400 0 2.764910 18.327000 206.129000 1037.120000 -13 87 1 0 1.000000
1.918840 -0.319342 0 7.621770 -11.709700 208.342000 1037.330000 -13 88 1 0 1.000000
2.380910 -9.188200 0 -4.951580 -12.810900 193.183000 1037.160000 -13 89 1 0 1.000000
1.764990 -2.184450 0 6.597080 -25.183700 207.302000 1037.320000 -13 90 1 0 1.000000
-14.948400 -4.854520 0 1.124650 3.898140 202.424000 1037.140000 -13 91 1 0 1.000000
-4.650870 -7.025360 0 -14.258700 2.027740 201.961000 1037.060000 -13 92 1 0 1.000000
-13.604900 -10.809100 0 9.510590 0.580662 194.140000 1037.240000 -13 93 1 0 1.000000
-8.716670 12.303200 0 -4.048860 -21.670300 195.713000 1037.260000 -13 94 1 0 1.000000
-13.655000 -0.916568 0 -3.624490 1.377110 195.191000 1037.190000 -13 95 1 0 1.000000
-12.052700 -22.455300 0 0.021659 13.015500 218.301000 1037.150000 -13 96 1 0 1.000000
-7.743560 -6.642490 0 7.210310 -10.716100 211.286000 1037.170000 -13 97 1 0 1.000000
-0.913484 -5.117390 0 7.668750 6.038830 220.026000 1037.100000 -13 98 1 0 1.000000
-9.599350 -0.980903 0 -6.399100 -6.053520 208.011000 1037.210000 -13 99 1 0 1.000000
-2.464540 -7.170850 0 6.495910 -8.281660 209.211000 1037.330000 -13 100 1 0 1.000000
17.772300 -6.466240 0 10.707600 -9.053020 221.260000 1037.510000 -13 101 1 0 1.000000
-5.914290 3.306940 0 -21.602600 -28.391900 210.000000 1037.400000 -13 102 1 0 1.000000
-8.251230 -15.653800 0 5.964950 6.351990 202.727000 1037.270000 -13 103 1 0 1.000000
14.526000 -14.129000 0 3.150400 11.727700 207.472000 1037.290000 -13 104 1 0 1.000000
-5.739970 -5.764130 0 0.522552 13.586700 203.372000 1037.170000 -13 105 1 0 1.000000
-3.471040 -5.977910 0 11.576800 2.112290 211.152000 1037.210000 -13 106 1 0 1.000000
-12.587900 -9.397880 0 3.073570 -5.700670 218.213000 1037.440000 -13 107 1 0 1.000000
-6.618150 1.700110 0 -4.557520 -6.336740 215.957000 1037.470000 -13 108 1 0 1.000000
-13.227100 -1.566920 0 3.464100 10.260600 211.094000 1037.170000 -13 109 1 0 1.000000
-6.649160 -8.025010 0 -7.752970 2.310640 211.289000 1037.020000 -13 110 1 0 1.000000
-2.520940 -9.448380 0 -2.700590 -2.755890 201.032000 1037.220000 -13 111 1 0 1.000000
-1.565990 -19.653800 0 -9.503080 -26.837000 193.790000 1037.190000 -13 112 1 0 1.000000
-5.017240 -0.641303 0 6.791430 -16.742700 208.651000 1037.120000 -13 113 1 0 1.000000
-0.908545 -5.842090 0 8.933620 -3.561150 203.222000 1037.130000 -13 114 1 0 1.000000
2.585640 -1.557600 0 7.742590 -8.064590 192.369000 1037.370000 -13 115 1 0 1.000000
-4.249690 -25.186100 0 -16.388400 10.063300 203.251000 1037.040000 -13 116 1 0 1.000000
-6.070070 -2.219700 0 13.691200 -4.682340 195.126000 1037.280000 -13 117 1 0 1.000000
-7.105000 -8.720950 0 2.184040 -21.699000 211.748000 1037.440000 -13 118 1 0 1.000000
-6.021960 -17.840400 0 3.201390 -2.415990 202.126000 1037.060000 -13 119 1 0 1.000000
-15.597800 2.076890 0 -3.055540 -1.092920 210.426000 1037.320000 -13 120 1 0 1.000000
-3.029500 -6.088640 0 6.547360 -26.556600 219.463000 1037.240000 -13 121 1 0 1.000000
-5.502890 -24.392000 0 15.724600 -6.811880 199.787000 1037.290000 -13 122 1 0 1.000000
0.547676 -3.288920 0 0.450249 2.642280 211.764000 1037.250000 -13 123 1 0 1.000000
-6.504280 -18.505200 0 -4.031310 -11.562200 215.504000 1037.140000 -13 124 1 0 1.000000
-19.058700 4.519590 0 3.921110 -14.785800 222.278000 1037.440000 -13 125 1 0 1.000000
-3.809740 -17.342500 0 11.095300 2.370580 215.773000 1037.320000 -13 126 1 0 1.000000
-2.191430 -11.739600 0 -4.256490 19.455200 220.980000 1037.130000 -13 127 1 0 1.000000
-10.398900 5.733670 0 1.612450 -6.931070 211.780000 1037.020000 -13 128 1 0 1.000000
0.606165 -3.422630 0 2.073370 -3.499470 199.920000 1037.200000 -13 129 1 0 1.000000
-7.250080 0.842754 0 10.966100 -20.740100 197.377000 1037.190000 -13 130 1 0 1.000000
-1.304100 -8.670930 0 -11.285700 3.038760 215.673000 1037.200000 -13 131 1 0 1.000000
-10.849600 -2.471750 0 2.640300 -1.630150 204.711000 1037.230000 -13 132 1 0 1.000000
-1.573130 -14.912900 0 5.363830 22.963500 201.348000 1037.480000 -13 133 1 0 1.000000
-8.193420 -3.370100 0 1.932730 -14.269400 220.092000 1037.100000 -13 134 1 0 1.000000
-12.356300 -6.894800 0 2.800960 10.548600 215.108000 1037.190000 -13 135 1 0 1.000000
-9.075620 1.845900 0 10.845900 1.403740 210.733000 1037.570000 -13 136 1 0 1.000000
-0.398691 -13.764600 0 -17.027700 -9.700910 212.327000 1037.190000 -13 137 1 0 1.000000
-4.190850 -13.832400 0 4.580810 0.166946 209.957000 1037.180000 -13 138 1 0 1.000000
-2.213790 -10.181600 0 -0.957517 13.265300 204.377000 1037.170000 -13 139 1 0 1.000000
4.193730 -7.966440 0 -27.074100 12.383800 218.461000 1037.230000 -13 140 1 0 1.000000
-2.816500 -7.768520 0 5.185220 -1.586870 202.864000 1037.160000 -13 141 1 0 1.000000
-4.282840 4.353840 0 -16.846800 15.127800 214.856000 1037.280000 -13 142 1 0 1.000000
-11.383500 -9.872140 0 -16.671900 -0.223072 218.816000 1037.150000 -13 143 1 0 1.000000
-11.514000 -4.491720 0 -2.136930 8.506680 214.241000 1037.230000 -13 144 1 0 1.000000
-8.810150 -11.650900 0 3.959620 6.491380 220.932000 1037.330000 -13 145 1 0 1.000000
7.848650 -12.297700 0 -5.405680 -3.532420 194.525000 1037.530000 -13 146 1 0 1.000000
-4.272650 -2.837090 0 0.507687 -13.814400 221.554000 1037.150000 -13 147 1 0 1.000000
-11.511000 1.330860 0 -12.405400 3.976250 215.412000 1037.290000 -13 148 1 0 1.000000
-1.843270 -13.989900 0 9.006340 -2.859290 218.810000 1037.270000 -13 149 1 0 1.000000
-1.513500 -5.754770 0 4.680010 -10.842500 206.619000 1037.340000 -13 150 1 0 1.000000
5.619790 -7.271320 0 -2.043780 -6.073750 204.821000 1037.100000 -13 151 1 0 1.000000
-31.347000 -18.635400 0 -9.328080 -0.456709 214.464000 1037.080000 -13 152 1 0 1.000000
-0.698597 -13.201600 0 3.608960 -27.797600 207.917000 1037.330000 -13 153 1 0 1.000000
-7.043530 3.600320 0 14.512100 -4.254810 211.149000 1037.370000 -13 154 1 0 1.000000
-7.489980 -7.274190 0 -6.163080 -0.943100 186.934000 1037.160000 -13 155 1 0 1.000000
-9.117230 -3.050520 0 -8.964610 11.564400 195.908000 1037.290000 -13 156 1 0 1.000000
4.897350 -12.845800 0 -5.131260 -8.161810 224.019000 1037.200000 -13 157 1 0 1.000000
-11.830000 5.498340 0 -2.994220 10.404100 206.248000 1037.050000 -13 158 1 0 1.000000
11.230900 -12.734100 0 6.181130 -8.939890 184.975000 1037.200000 -13 159 1 0 1.000000
2.702530 -4.075030 0 -9.477760 -10.025500 204.290000 1037.070000 -13 160 1 0 1.000000
4.138280 4.052410 0 8.964490 -0.991158 194.026000 1037.310000 -13 161 1 0 1.000000
0.538459 -12.324200 0 4.174560 -14.766000 202.856000 1037.240000 -13 162 1 0 1.000000
-4.470140 -1.511250 0 17.501000 -2.380350 198.077000 1037.180000 -13 163 1 0 1.000000
2.466600 -13.980200 0 2.692850 -33.271700 221.578000 1037.090000 -13 164 1 0 1.000000
1.682080 -8.787100 0 5.596870 8.208030 194.689000 1037.220000 -13 165 1 0 1.000000
-9.279430 9.329660 0 9.074620 -41.826000 217.119000 1037.430000 -13 166 1 0 1.000000
-3.589820 -10.829100 0 7.472420 1.778730 202.271000 1037.150000 -13 167 1 0 1.000000
-17.503300 -10.799800 0 -5.994480 -2.248080 211.839000 1037.150000 -13 168 1 0 1.000000
-12.535700 -7.557280 0 -14.118100 -12.135300 206.679000 1037.410000 -13 169 1 0 1.000000
1.231190 -0.856463 0 2.249640 -4.169450 189.216000 1037.330000 -13 170 1 0 1.000000
-12.267800 -3.001260 0 10.985700 -4.825110 211.366000 1037.300000 -13 171 1 0 1.000000
-4.562850 5.883530 0 3.973700 -8.582890 209.000000 1037.160000 -13 172 1 0 1.000000
-0.062163 4.338530 0 11.942300 -10.793900 211.075000 1037.180000 -13 173 1 0 1.000000
-6.633020 -11.154300 0 -18.301300 3.346820 212.948000 1037.280000 -13 174 1 0 1.000000
3.467470 -3.918190 0 -25.031600 6.014190 197.414000 1037.300000 -13 175 1 0 1.000000
-1.287180 2.328170 0 -3.209330 3.377550 203.516000 1037.320000 -13 176 1 0 1.000000
-5.407260 -20.476600 0 -20.146200 6.583650 214.483000 1037.170000 -13 177 1 0 1.000000
-14.160500 -6.640400 0 6.945880 6.139270 200.487000 1037.320000 -13 178 1 0 1.000000
-0.802027 -11.793900 0 -10.018400 9.587450 195.825000 1037.300000 -13 179 1 0 1.000000
-13.693700 -14.483400 0 -7.929760 0.524689 226.079000 1037.170000 -13 180 1 0 1.000000
-5.452610 -3.860640 0 3.008370 -4.795720 217.548000 1037.120000 -13 181 1 0 1.000000
-16.739800 1.139160 0 20.387400 13.218500 209.500000 1037.280000 -13 182 1 0 1.000000
-16.612100 -2.950200 0 16.144600 -1.662100 203.275000 1037.330000 -13 183 1 0 1.000000
-3.527150 -10.570900 0 3.220180 -5.513050 204.400000 1037.140000 -13 184 1 0 1.000000
5.406420 -7.250490 0 -26.754400 -0.340604 217.185000 1037.290000 -13 185 1 0 1.000000
-3.692660 5.968720 0 -26.122400 12.111500 216.354000 1037.240000 -13 186 1 0 1.000000
-0.573206 -13.677400 0 -5.137560 40.447700 214.953000 1037.250000 -13 187 1 0 1.000000
-4.002330 0.842542 0 17.019300 -3.356920 207.608000 1037.350000 -13 188 1 0 1.000000
-7.393730 3.320890 0 14.394700 -0.506408 203.913000 1037.340000 -13 189 1 0 1.000000
-13.471300 -7.699740 0 1.233120 -18.445500 191.772000 1037.170000 -13 190 1 0 1.000000
-16.286700 1.902720 0 18.015800 -8.181570 200.685000 1037.190000 -13 191 1 0 1.000000
-11.648200 -1.103760 0 -20.911500 16.712900 220.518000 1037.480000 -13 192 1 0 1.000000
-0.260611 -2.071110 0 8.529050 5.953610 204.935000 1037.410000 -13 193 1 0 1.000000
-3.798400 -10.002000 0 -8.550500 -9.168010 195.105000 1037.180000 -13 194 1 0 1.000000
-1.894550 -16.154100 0 -2.796980 -12.922000 215.408000 1037.120000 -13 195 1 0 1.000000
-11.382800 -4.693470 0 34.030800 6.599620 200.258000 1037.100000 -13 196 1 0 1.000000
-19.723400 -9.752660 0 3.866530 3.736170 198.925000 1037.250000 -13 197 1 0 1.000000
-3.732420 -17.986100 0 3.280390 17.909100 196.249000 1037.530000 -13 198 1 0 1.000000
-8.151190 -10.240900 0 -0.205822 3.144610 205.023000 1037.240000 -13 199 1 0 1.000000
0.570063 -7.095120 0 12.982200 17.479400 213.665000 1037.330000 -13 200 1 0 1.000000
-11.997900 -8.954320 0 -2.573600 -2.221530 197.981000 1037.120000 -13 201 1 0 1.000000
-13.139700 -12.051400 0 7.208930 0.729990 203.820000 1037.110000 -13 202 1 0 1.000000
-4.856490 -12.936800 0 12.086400 -11.151200 194.226000 1037.240000 -13 203 1 0 1.000000
-0.162160 -3.950340 0 -8.411880 -7.568540 202.904000 1037.090000 -13 204 1 0 1.000000
-8.923860 1.212750 0 7.511690 15.187300 202.719000 1037.290000 -13 205 1 0 1.000000
-11.156200 -24.616500 0 -12.838500 9.341240 191.008000 1037.200000 -13 206 1 0 1.000000
-6.666670 -17.395700 0 0.001505 2.411200 205.579000 1037.240000 -13 207 1 0 1.000000
-1.289300 -0.803564 0 -12.915800 -3.058540 208.488000 1037.330000 -13 208 1 0 1.000000
-12.427100 -0.462106 0 0.789418 -17.048800 219.553000 1036.990000 -13 209 1 0 1.000000
5.943760 2.941760 0 7.898070 2.244420 195.160000 1037.140000 -13 210 1 0 1.000000
-2.193230 -5.926420 0 10.006100 -11.310400 208.345000 1037.210000 -13 211 1 0 1.000000
7.252200 -8.838670 0 -18.058100 -10.482900 201.528000 1037.160000 -13 212 1 0 1.000000
-20.582200 -20.310900 0 -11.255600 -18.129200 195.628000 1037.170000 -13 213 1 0 1.000000
-16.225900 -9.346700 0 -9.055240 9.357550 206.652000 1037.110000 -13 214 1 0 1.000000
-0.662235 -17.227200 0 13.452000 -3.532320 199.744000 1037.140000 -13 215 1 0 1.000000
-6.008370 -15.956700 0 -12.244100 -1.378880 212.704000 1037.320000 -13 216 1 0 1.000000
3.009040 4.712060 0 8.677580 6.051900 200.486000 1037.170000 -13 217 1 0 1.000000
8.598360 -13.850700 0 7.892310 -11.887700 211.336000 1037.130000 -13 218 1 0 1.000000
-14.184000 1.305140 0 0.092700 2.652210 204.597000 1037.340000 -13 219 1 0 1.000000
-2.343520 8.942090 0 -15.299600 -0.201642 201.148000 1037.360000 -13 220 1 0 1.000000
1.246500 -9.874040 0 -4.480990 -2.354680 206.889000 1037.180000 -13 221 1 0 1.000000
-12.471700 -7.357490 0 -2.876190 1.812720 185.100000 1037.290000 -13 222 1 0 1.000000
-4.393380 -28.167700 0 -9.833440 3.397700 202.648000 1037.350000 -13 223 1 0 1.000000
-5.098630 -5.401910 0 -1.222570 0.893466 209.211000 1037.140000 -13 224 1 0 1.000000
-12.738400 -15.432600 0 -18.608500 -2.552440 207.349000 1037.350000 -13 225 1 0 1.000000
-13.908900 -0.991794 0 0.831089 -5.438710 213.838000 1037.250000 -13 226 1 0 1.000000
-10.806900 -14.525200 0 -2.851560 0.703969 214.630000 1037.290000 -13 227 1 0 1.000000
-14.502800 -4.215660 0 7.146150 -9.473190 217.839000 1037.350000 -13 228 1 0 1.000000
2.689370 -7.939920 0 -19.445800 -6.308020 220.781000 1037.330000 -13 229 1 0 1.000000
-14.169500 -8.168190 0 -9.054060 -15.045000 210.449000 1037.200000 -13 230 1 0 1.000000
-4.838720 3.261440 0 -0.360579 -1.072260 207.921000 1037.220000 -13 231 1 0 1.000000
-18.766900 2.710010 0 2.976210 -16.566700 204.863000 1037.220000 -13 232 1 0 1.000000
-18.714000 3.024330 0 5.694350 8.702630 219.369000 1037.190000 -13 233 1 0 1.000000
6.111320 -14.819400 0 2.784350 -18.123300 190.842000 1037.270000 -13 234 1 0 1.000000
-12.803400 -9.050230 0 -6.540320 -11.825800 221.269000 1037.090000 -13 235 1 0 1.000000
-0.837397 -10.143900 0 -3.580080 7.215210 203.234000 1037.090000 -13 236 1 0 1.000000
3.269340 -15.441500 0 -24.078200 -1.273140 192.150000 1037.090000 -13 237 1 0 1.000000
-4.384500 -9.424820 0 6.604710 11.383100 204.217000 1037.120000 -13 238 1 0 1.000000
-5.423110 -9.735020 0 9.639530 -14.644900 210.780000 1037.190000 -13 239 1 0 1.000000
-8.423010 -7.144330 0 5.015220 11.521000 194.369000 1037.300000 -13 240 1 0 1.000000
10.072600 -19.560100 0 -33.126300 -34.136400 207.827000 1037.360000 -13 241 1 0 1.000000
-8.864800 -6.121700 0 -12.909300 2.711380 210.899000 1037.250000 -13 242 1 0 1.000000
-4.815470 -17.928400 0 -1.834510 20.592900 214.311000 1037.320000 -13 243 1 0 1.000000
-12.780700 -10.586400 0 22.332700 10.323600 196.902000 1037.360000 -13 244 1 0 1.000000
1.381060 3.673480 0 21.297700 -0.096368 201.369000 1037.220000 -13 245 1 0 1.000000
3.903950 5.653220 0 -7.055770 -20.726900 201.784000 1037.090000 -13 246 1 0 1.000000
-7.072740 -12.009000 0 17.052400 -10.474000 216.889000 1037.080000 -13 247 1 0 1.000000
-7.497560 -19.544700 0 -5.377030 -35.166200 202.750000 1037.340000 -13 248 1 0 1.000000
-1.175970 -18.397500 0 -8.085250 -1.149040 208.140000 1037.170000 -13 249 1 0 1.000000
0.202814 -13.767000 0 -7.557520 1.359710 195.467000 1037.250000 -13 250 1 0 1.000000
-2.634170 -9.944000 0 -7.370700 -7.882820 199.906000 1037.210000 -13 251 1 0 1.000000
-10.228200 3.256580 0 29.426700 8.371270 196.305000 1037.150000 -13 252 1 0 1.000000
15.338000 -12.632800 0 -14.627900 -6.206080 193.676000 1037.160000 -13 253 1 0 1.000000
-1.269720 -14.692400 0 16.041800 2.536580 214.660000 1037.320000 -13 254 1 0 1.000000
-5.173610 -6.797610 0 6.320610 2.816740 193.925000 1037.070000 -13 255 1 0 1.000000
-9.049790 -5.106740 0 6.553110 0.922778 207.267000 1037.290000 -13 256 1 0 1.000000
-5.371210 0.893005 0 5.253660 1.818030 207.229000 1037.510000 -13 257 1 0 1.000000
-14.910800 1.229640 0 -5.946260 -2.366330 195.099000 1037.460000 -13 258 1 0 1.000000
1.895410 -10.034600 0 7.199350 3.463410 191.650000 1037.450000 -13 259 1 0 1.000000
-7.819960 -8.804810 0 2.652990 -3.212590 209.038000 1037.240000 -13 260 1 0 1.000000
4.885090 -6.093790 0 -3.363360 22.134300 191.416000 1037.570000 -13 261 1 0 1.000000
-6.679820 -6.938130 0 -1.195810 -13.303500 201.762000 1037.110000 -13 262 1 0 1.000000
-11.141500 -7.282450 0 -5.662140 -12.584800 201.777000 1037.160000 -13 263 1 0 1.000000
-2.906970 -2.273540 0 6.307530 2.916900 202.371000 1037.300000 -13 264 1 0 1.000000
0.757539 -1.694510 0 -9.792050 -4.594020 192.896000 1037.230000 -13 265 1 0 1.000000
-8.036200 2.612980 0 3.188750 -18.106800 200.784000 1037.340000 -13 266 1 0 1.000000
-12.818000 -2.448270 0 -9.404070 -5.573130 198.490000 1037.030000 -13 267 1 0 1.000000
-1.047880 -4.105290 0 -1.809440 14.277900 196.339000 1037.130000 -13 268 1 0 1.000000
-18.095700 -16.261000 0 12.711900 5.097310 197.620000 1037.010000 -13 269 1 0 1.000000
-12.212800 -16.894800 0 -5.229860 15.001500 225.416000 1037.220000 -13 270 1 0 1.000000
-8.390310 -22.328700 0 -2.541060 12.452900 202.014000 1037.300000 -13 271 1 0 1.000000
15.279900 -12.710200 0 14.868600 -16.850500 196.989000 1037.350000 -13 272 1 0 1.000000
-8.999390 -5.472910 0 -7.593550 -1.362060 211.575000 1037.120000 -13 273 1 0 1.000000
0.374079 -17.901000 0 17.683400 4.957760 203.883000 1037.240000 -13 274 1 0 1.000000
4.238930 -1.092090 0 19.686100 -24.884200 202.121000 1037.300000 -13 275 1 0 1.000000
-15.457100 -12.496600 0 -4.067720 17.535300 209.466000 1037.210000 -13 276 1 0 1.000000
3.972220 -1.457670 0 4.563690 6.527840 193.537000 1037.260000 -13 277 1 0 1.000000
-18.020500 -7.208030 0 1.191940 -3.716620 212.803000 1037.290000 -13 278 1 0 1.000000
-10.374900 8.328620 0 -2.593020 -8.961560 208.197000 1037.510000 -13 279 1 0 1.000000
-15.275300 -2.647550 0 10.268100 -16.080300 207.864000 1037.190000 -13 280 1 0 1.000000
-2.782170 -8.311360 0 -9.460020 0.231446 186.172000 1037.400000 -13 281 1 0 1.000000
-8.893110 11.264900 0 24.252500 -7.224730 198.141000 1037.020000 -13 282 1 0 1.000000
-11.711400 2.130860 0 12.251400 12.294000 213.064000 1037.330000 -13 283 1 0 1.000000
-11.171800 -9.045840 0 1.594950 -24.971400 195.835000 1037.400000 -13 284 1 0 1.000000
-2.013380 -22.246600 0 -17.549100 -2.980330 215.252000 1037.280000 -13 285 1 0 1.000000
-9.165830 -5.585300 0 1.306420 6.526260 203.393000 1037.160000 -13 286 1 0 1.000000
-20.269600 2.581510 0 11.490000 20.298100 197.778000 1037.090000 -13 287 1 0 1.000000
-4.063390 -5.815740 0 -0.762061 -0.534020 204.238000 1037.210000 -13 288 1 0 1.000000
-7.094180 -8.941670 0 9.566670 4.367190 204.323000 1037.070000 -13 289 1 0 1.000000
-7.944170 -4.871660 0 -10.380500 8.531970 210.539000 1037.050000 -13 290 1 0 1.000000
-17.086200 -17.932100 0 -11.506800 20.184400 220.467000 1037.220000 -13 291 1 0 1.000000
-22.787600 -6.943140 0 -18.164000 -4.359800 207.690000 1037.170000 -13 292 1 0 1.000000
-9.519630 -2.980750 0 -1.443010 11.669800 205.263000 1037.190000 -13 293 1 0 1.000000
6.544500 -6.479970 0 -0.981045 4.291770 196.780000 1037.130000 -13 294 1 0 1.000000
2.840250 -9.201950 0 -14.873700 9.094010 189.452000 1037.260000 -13 295 1 0 1.000000
-6.995500 -6.269420 0 -2.705310 -9.214360 200.796000 1037.280000 -13 296 1 0 1.000000
-6.718770 7.280160 0 -5.723980 0.371513 196.471000 1037.210000 -13 297 1 0 1.000000
-10.003600 -16.247200 0 -13.487900 -8.788060 209.971000 1037.180000 -13 298 1 0 1.000000
-11.365800 -9.642930 0 -4.556620 1.876010 209.397000 1037.140000 -13 299 1 0 1.000000
-10.364000 -9.783200 0 -9.422400 -18.193000 208.436000 1037.270000 -13 300 1 0 1.000000
6.879830 -22.174200 0 -9.732700 -10.179200 228.787000 1037.320000 -13 301 1 0 1.000000
-12.011000 -8.896320 0 5.495220 10.814000 219.327000 1037.290000 -13 302 1 0 1.000000
-4.651370 -7.537410 0 -7.362790 0.845675 206.118000 1037.260000 -13 303 1 0 1.000000
-2.708390 -11.117000 0 -9.188300 -1.254470 210.689000 1037.270000 -13 304 1 0 1.000000
-20.070500 -9.504520 0 -14.070300 4.936790 214.318000 1037.060000 -13 305 1 0 1.000000
-16.979000 2.260850 0 -15.397000 8.697980 206.823000 1037.250000 -13 306 1 0 1.000000
-0.782181 -15.107000 0 7.727760 9.502250 206.281000 1037.190000 -13 307 1 0 1.000000
-10.673000 3.184270 0 -12.129600 -37.998300 221.365000 1037.110000 -13 308 1 0 1.000000
-4.994250 -4.721040 0 -6.304950 -14.832200 216.816000 1037.320000 -13 309 1 0 1.000000
-11.999600 -4.330420 0 -8.820050 4.647510 209.293000 1037.210000 -13 310 1 0 1.000000
-17.500400 -0.392311 0 -0.172961 -10.129400 196.158000 1037.120000 -13 311 1 0 1.000000
-8.460460 -2.567670 0 7.404340 -0.812050 197.711000 1037.320000 -13 312 1 0 1.000000
-1.029230 -11.325400 0 -16.878200 8.516570 198.345000 1037.150000 -13 313 1 0 1.000000
-13.104100 -4.479630 0 2.813190 -9.745290 188.066000 1037.080000 -13 314 1 0 1.000000
-12.185900 -2.574720 0 9.495090 -6.733850 215.702000 1037.650000 -13 315 1 0 1.000000
9.919450 -3.539470 0 -11.063000 1.112760 198.934000 1037.190000 -13 316 1 0 1.000000
-9.417310 -4.614850 0 12.586900 4.113140 198.878000 1037.180000 -13 317 1 0 1.000000
-7.772920 1.627380 0 6.959980 -0.570152 196.142000 1037.430000 -13 318 1 0 1.000000
2.045590 -14.458800 0 -9.555940 3.516840 205.130000 1037.090000 -13 319 1 0 1.000000
-3.808060 -16.423500 0 -23.417700 9.633560 195.408000 1037.090000 -13 320 1 0 1.000000
-0.478247 -13.449900 0 -47.085800 8.288850 230.422000 1037.110000 -13 321 1 0 1.000000
-23.512200 -0.343952 0 -24.282500 9.474920 203.883000 1037.150000 -13 322 1 0 1.000000
-5.063260 0.167573 0 -4.277090 25.622700 215.477000 1037.150000 -13 323 1 0 1.000000
-10.496800 -8.215820 0 6.373380 0.329616 209.273000 1037.140000 -13 324 1 0 1.000000
-26.604600 -0.378319 0 4.688660 8.580210 206.606000 1037.040000 -13 325 1 0 1.000000
-8.316110 7.595490 0 3.297900 15.538700 200.562000 1037.450000 -13 326 1 0 1.000000
16.841500 -8.062390 0 -12.544000 -5.616040 192.337000 1037.230000 -13 327 1 0 1.000000
-11.228800 -5.716430 0 -5.727680 17.822800 200.811000 1037.370000 -13 328 1 0 1.000000
-8.468130 -9.155280 0 -2.539000 15.731600 221.482000 1037.160000 -13 329 1 0 1.000000
-8.064120 -7.275130 0 -15.586200 -5.558040 206.474000 1037.150000 -13 330 1 0 1.000000
-16.253600 -2.634370 0 -5.533700 10.111500 211.650000 1037.360000 -13 331 1 0 1.000000
-20.201600 -9.893740 0 -20.928500 2.108560 199.321000 1037.260000 -13 332 1 0 1.000000
-7.314860 -3.528150 0 -4.853460 -1.184400 204.219000 1037.340000 -13 333 1 0 1.000000
14.973100 -3.512730 0 -6.682820 -11.717400 214.683000 1037.290000 -13 334 1 0 1.000000
-4.737160 -5.880170 0 18.205400 23.984600 206.093000 1037.390000 -13 335 1 0 1.000000
-8.101300 -1.112040 0 3.009280 -8.647810 210.126000 1037.130000 -13 336 1 0 1.000000
13.928000 -23.164700 0 -8.845160 -12.232700 195.725000 1037.260000 -13 337 1 0 1.000000
1.780730 -12.275000 0 -1.561550 -11.073300 205.268000 1037.180000 -13 338 1 0 1.000000
3.395100 -11.641000 0 5.461620 4.023410 209.586000 1037.080000 -13 339 1 0 1.000000
3.753290 4.993160 0 -11.775000 10.767700 221.393000 1037.220000 -13 340 1 0 1.000000
0.669909 -3.943220 0 -6.162280 0.021474 214.224000 1037.060000 -13 341 1 0 1.000000
8.986730 -7.939220 0 -0.520777 -3.263820 206.428000 1037.370000 -13 342 1 0 1.000000
-15.879800 -3.338830 0 5.663220 -3.012980 205.314000 1036.990000 -13 343 1 0 1.000000
-17.166700 -16.027300 0 3.745270 -8.930750 210.564000 1037.250000 -13 344 1 0 1.000000
-1.826890 -3.908130 0 -11.434800 -6.265330 217.676000 1037.150000 -13 345 1 0 1.000000
3.071350 -14.178600 0 3.206590 17.582200 216.809000 1037.150000 -13 346 1 0 1.000000
-7.382530 -6.429830 0 -5.631010 12.606900 198.466000 1037.280000 -13 347 1 0 1.000000
2.116920 -7.508760 0 11.823600 0.312572 199.750000 1037.240000 -13 348 1 0 1.000000
-13.217000 -3.442190 0 -12.265500 -6.928580 200.630000 1037.050000 -13 349 1 0 1.000000
2.949970 6.518340 0 13.264000 -11.348500 216.232000 1037.040000 -13 350 1 0 1.000000
-2.888800 0.123331 0 2.771700 6.404790 209.519000 1037.230000 -13 351 1 0 1.000000
-9.939100 1.189160 0 2.965900 -28.468200 205.451000 1037.480000 -13 352 1 0 1.000000
-6.112520 14.115600 0 14.034800 -7.242910 215.779000 1037.260000 -13 353 1 0 1.000000
-10.104500 -7.089860 0 8.491780 0.485312 213.428000 1037.280000 -13 354 1 0 1.000000
-6.818560 3.991790 0 -4.729620 -5.768740 205.825000 1037.140000 -13 355 1 0 1.000000
-18.669000 -4.156580 0 -3.415460 10.956900 213.005000 1037.310000 -13 356 1 0 1.000000
-11.964300 -9.784190 0 7.972180 19.142700 195.260000 1037.420000 -13 357 1 0 1.000000
-9.184380 -0.716814 0 -4.253990 -3.449390 198.719000 1037.250000 -13 358 1 0 1.000000
6.100750 -11.096300 0 14.080000 -15.322400 214.256000 1037.400000 -13 359 1 0 1.000000
-9.956920 -2.137010 0 -15.492500 -16.838500 208.220000 1037.170000 -13 360 1 0 1.000000
-17.677600 0.013744 0 -5.654610 3.663080 203.107000 1037.200000 -13 361 1 0 1.000000
-16.145000 -16.173000 0 -3.532540 -17.521700 219.010000 1037.400000 -13 362 1 0 1.000000
-14.588000 -13.658000 0 7.655580 -13.633100 215.627000 1037.090000 -13 363 1 0 1.000000
-1.919190 3.966810 0 6.261310 4.153030 202.287000 1037.170000 -13 364 1 0 1.000000
-24.368800 2.389750 0 10.817400 -5.279220 221.156000 1037.060000 -13 365 1 0 1.000000
-7.926510 -4.294850 0 -4.345190 -2.901980 197.852000 1037.060000 -13 366 1 0 1.000000
-2.823180 -11.935900 0 21.146000 -22.216200 219.051000 1037.220000 -13 367 1 0 1.000000
-8.701200 -10.931600 0 -0.689772 -1.761430 212.098000 1037.060000 -13 368 1 0 1.000000
0.901159 -6.912530 0 4.586330 5.948160 202.122000 1037.230000 -13 369 1 0 1.000000
-16.609600 -10.433400 0 -2.019550 5.794500 212.978000 1037.270000 -13 370 1 0 1.000000
-10.620600 -2.525050 0 -8.109980 0.126025 201.800000 1037.310000 -13 371 1 0 1.000000
-23.097300 -6.716850 0 -5.898650 0.522262 221.423000 1037.370000 -13 372 1 0 1.000000
-14.690800 -3.164610 0 12.181000 -1.037680 209.202000 1037.310000 -13 373 1 0 1.000000
-16.936100 -12.639000 0 18.633700 10.555900 210.848000 1037.210000 -13 374 1 0 1.000000
-5.535990 -7.170250 0 -2.009660 8.180350 200.960000 1037.140000 -13 375 1 0 1.000000
-11.194200 -11.366300 0 8.806960 12.708300 202.255000 1037.330000 -13 376 1 0 1.000000
-17.043400 -4.735940 0 6.555670 -5.711700 207.231000 1037.120000 -13 377 1 0 1.000000
-1.005680 -8.920990 0 8.863310 -10.553700 214.196000 1037.070000 -13 378 1 0 1.000000
-8.523180 -8.123730 0 -29.115800 12.709400 201.167000 1037.210000 -13 379 1 0 1.000000
-15.013100 -6.762940 0 7.912030 13.282800 215.953000 1037.130000 -13 380 1 0 1.000000
-5.053130 -3.316830 0 28.185000 -16.049400 212.157000 1037.300000 -13 381 1 0 1.000000
27.504500 8.728950 0 -30.252400 -11.553600 205.384000 1037.390000 -13 382 1 0 1.000000
-15.150900 -6.016610 0 0.316059 7.126080 194.897000 1037.300000 -13 383 1 0 1.000000
-12.055200 -7.230630 0 16.999400 0.756524 210.042000 1037.110000 -13 384 1 0 1.000000
-10.897600 -0.460258 0 9.479540 18.881700 199.927000 1037.260000 -13 385 1 0 1.000000
-12.911600 -4.774980 0 13.276500 20.514000 194.301000 1037.390000 -13 386 1 0 1.000000
-8.930350 -10.025200 0 -4.055970 -6.756070 214.114000 1036.980000 -13 387 1 0 1.000000
-8.774920 -5.659510 0 -22.836900 10.027800 191.544000 1037.060000 -13 388 1 0 1.000000
-12.770800 -16.599600 0 2.868000 7.108260 201.989000 1037.330000 -13 389 1 0 1.000000
-3.265790 -11.423200 0 5.592950 16.812600 212.596000 1037.110000 -13 390 1 0 1.000000
2.844710 -18.444500 0 1.707620 20.862600 192.026000 1037.250000 -13 391 1 0 1.000000
-6.160920 -6.953110 0 6.477280 -7.974130 213.991000 1037.300000 -13 392 1 0 1.000000
-7.657030 5.249100 0 0.828536 -9.314650 218.167000 1037.160000 -13 393 1 0 1.000000
-12.850100 -0.117535 0 -33.950400 5.782220 196.260000 1037.200000 -13 394 1 0 1.000000
-12.399200 -10.692300 0 1.557090 -0.987454 200.464000 1037.170000 -13 395 1 0 1.000000
-3.957660 -2.698740 0 6.033520 0.665725 193.721000 1037.130000 -13 396 1 0 1.000000
-4.128570 4.722160 0 5.565110 5.831000 200.083000 1037.220000 -13 397 1 0 1.000000
-6.542440 -5.109140 0 1.891970 1.815280 199.240000 1037.230000 -13 398 1 0 1.000000
-10.500500 -5.646930 0 -7.617540 -22.673300 205.604000 1037.200000 -13 399 1 0 1.000000
-6.672260 5.842300 0 15.328000 -13.584300 197.925000 1037.310000 -13 400 1 0 1.000000
-7.546150 -2.900690 0 4.901160 -1.246690 207.903000 1037.180000 -13 401 1 0 1.000000
-2.755820 -7.439810 0 1.800220 -3.006620 193.385000 1037.510000 -13 402 1 0 1.000000
-3.834760 -4.492950 0 8.294650 -15.378900 199.539000 1037.150000 -13 403 1 0 1.000000
5.986180 -14.515600 0 20.250700 -13.742300 217.573000 1037.210000 -13 404 1 0 1.000000
-8.134750 -9.899430 0 0.926474 -11.922600 202.018000 1037.190000 -13 405 1 0 1.000000
-19.418600 -6.813450 0 2.776680 -7.866360 221.209000 1037.290000 -13 406 1 0 1.000000
-1.372810 -10.315300 0 -5.153450 -4.848350 210.311000 1037.200000 -13 407 1 0 1.000000
-2.759810 -11.443200 0 22.390700 -26.013000 202.005000 1037.340000 -13 408 1 0 1.000000
3.149850 -13.086600 0 -22.005500 10.059900 218.061000 1037.270000 -13 409 1 0 1.000000
-11.393700 -7.982790 0 -2.564270 33.201200 220.161000 1037.310000 -13 410 1 0 1.000000
6.811380 2.424670 0 -10.230400 3.729040 202.511000 1037.410000 -13 411 1 0 1.000000
-12.249100 -5.867180 0 11.373400 -7.363480 201.838000 1037.440000 -13 412 1 0 1.000000
-14.356600 -8.343720 0 -18.404000 6.849630 205.156000 1037.110000 -13 413 1 0 1.000000
-8.670350 -10.090700 0 -9.110200 -21.481800 214.501000 1037.250000 -13 414 1 0 1.000000
3.806530 -5.010390 0 -11.355200 9.068830 200.605000 1037.190000 -13 415 1 0 1.000000
-8.783600 -17.932400 0 -0.596038 0.490069 218.842000 1037.450000 -13 416 1 0 1.000000
-20.107700 1.239000 0 10.166600 -10.208300 218.161000 1037.460000 -13 417 1 0 1.000000
-19.909600 -2.517530 0 19.945600 20.545200 216.860000 1037.350000 -13 418 1 0 1.000000
-13.061100 -4.712980 0 12.711200 -12.885900 197.343000 1037.390000 -13 419 1 0 1.000000
-17.344000 -7.756290 0 -19.926400 4.754800 242.106000 1037.220000 -13 420 1 0 1.000000
-7.306780 -6.510150 0 2.885580 -4.164220 198.822000 1037.350000 -13 421 1 0 1.000000
-13.591000 0.183605 0 -8.539540 9.892810 206.063000 1037.200000 -13 422 1 0 1.000000
-20.902000 -2.138260 0 6.378600 -7.165860 205.019000 1037.200000 -13 423 1 0 1.000000
-13.445000 -8.249340 0 7.155190 6.898850 211.768000 1037.360000 -13 424 1 0 1.000000
-8.668710 -11.880400 0 2.198070 4.631290 205.595000 1037.380000 -13 425 1 0 1.000000
-4.324100 0.486389 0 7.335300 12.286200 202.412000 1037.370000 -13 426 1 0 1.000000
-8.500550 -7.030900 0 4.536230 9.738510 225.874000 1037.330000 -13 427 1 0 1.000000
-2.335370 -7.458370 0 13.802700 -0.038799 207.656000 1037.220000 -13 428 1 0 1.000000
-3.630260 12.887300 0 10.039500 3.722540 208.768000 1037.430000 -13 429 1 0 1.000000
-10.101100 8.159210 0 24.233100 -12.108600 208.384000 1037.120000 -13 430 1 0 1.000000
4.793950 -4.704670 0 -4.451560 19.449800 204.595000 1037.340000 -13 431 1 0 1.000000
-5.017160 -5.182130 0 13.878900 -9.460210 207.077000 1037.250000 -13 432 1 0 1.000000
-12.037000 0.962914 0 -0.817024 8.506400 204.711000 1037.280000 -13 433 1 0 1.000000
0.501494 4.055550 0 1.868890 -1.066290 216.125000 1037.190000 -13 434 1 0 1.000000
-2.663760 -1.728040 0 8.380790 -2.325310 194.261000 1037.310000 -13 435 1 0 1.000000
-2.817290 -0.750287 0 1.435700 7.463340 199.855000 1037.240000 -13 436 1 0 1.000000
-4.070390 -7.988210 0 7.587050 4.266260 202.907000 1037.180000 -13 437 1 0 1.000000
1.318090 -12.233900 0 -16.435100 7.124850 213.069000 1037.280000 -13 438 1 0 1.000000
-9.343580 0.633136 0 -5.916410 -5.830410 207.338000 1037.270000 -13 439 1 0 1.000000
11.307900 10.070600 0 -16.484600 -17.210300 191.623000 1037.300000 -13 440 1 0 1.000000
-0.596519 -5.029990 0 -5.145460 11.235200 190.523000 1037.220000 -13 441 1 0 1.000000
3.923350 -12.013500 0 19.339700 7.440510 197.226000 1037.050000 -13 442 1 0 1.000000
-2.358110 -3.056900 0 -4.820220 3.074610 200.253000 1037.160000 -13 443 1 0 1.000000
-3.191760 0.482037 0 -11.474700 9.342800 204.700000 1037.210000 -13 444 1 0 1.000000
-4.375100 -3.857410 0 3.553140 14.275200 198.259000 1037.510000 -13 445 1 0 1.000000
-2.551400 -8.835130 0 0.140319 6.815050 205.055000 1037.190000 -13 446 1 0 1.000000
-3.656200 8.294010 0 -1.256300 23.336100 220.120000 1037.250000 -13 447 1 0 1.000000
-9.431070 -2.157080 0 3.923620 -1.275930 223.165000 1037.000000 -13 448 1 0 1.000000
6.291670 -5.731320 0 10.992700 3.141120 219.602000 1037.340000 -13 449 1 0 1.000000
8.772550 -10.498300 0 42.933000 -2.716330 223.627000 1037.480000 -13 450 1 0 1.000000
-17.022800 -7.464160 0 5.886490 12.558200 207.651000 1037.230000 -13 451 1 0 1.000000
-2.103210 -8.742310 0 0.087425 -13.455500 190.835000 1037.320000 -13 452 1 0 1.000000
-22.078400 -12.901600 0 16.212300 28.993600 215.065000 1037.110000 -13 453 1 0 1.000000
-14.669100 -2.538670 0 9.743740 -1.242720 199.379000 1037.060000 -13 454 1 0 1.000000
-2.872570 -17.636600 0 8.637900 -25.090600 202.840000 1037.150000 -13 455 1 0 1.000000
-1.398750 -3.161270 0 -12.890300 9.304050 198.223000 1037.040000 -13 456 1 0 1.000000
-1.690110 -15.109100 0 -12.408400 17.593700 214.971000 1037.110000 -13 457 1 0 1.000000
-7.685550 -0.544033 0 5.448460 -7.855950 207.343000 1037.220000 -13 458 1 0 1.000000
11.547200 -16.315700 0 17.389100 -20.062900 214.068000 1037.330000 -13 459 1 0 1.000000
-12.531800 -18.712400 0 -2.002620 0.359865 210.756000 1037.260000 -13 460 1 0 1.000000
-5.773080 -2.847660 0 1.992420 -5.821250 230.766000 1036.890000 -13 461 1 0 1.000000
-4.228830 11.844800 0 26.039500 -17.943700 217.702000 1037.220000 -13 462 1 0 1.000000
7.561580 8.677400 0 -5.237830 -0.873683 210.254000 1037.070000 -13 463 1 0 1.000000
-23.914800 -1.454330 0 4.446170 -6.244240 216.517000 1037.240000 -13 464 1 0 1.000000
0.200365 -19.365500 0 -23.713900 14.934800 222.672000 1037.120000 -13 465 1 0 1.000000
-1.147410 -18.861000 0 4.211640 -7.641230 185.588000 1037.440000 -13 466 1 0 1.000000
-11.108500 6.297350 0 7.662670 -1.483290 204.476000 1037.400000 -13 467 1 0 1.000000
-2.893770 -21.373600 0 0.787208 -6.168350 212.717000 1037.050000 -13 468 1 0 1.000000
-23.027600 -11.972500 0 -2.897410 0.953358 208.755000 1037.340000 -13 469 1 0 1.000000
-8.434720 -2.528040 0 -8.179940 -11.967700 197.501000 1037.270000 -13 470 1 0 1.000000
-6.878440 -10.363100 0 -1.449830 10.286700 198.686000 1037.240000 -13 471 1 0 1.000000
-7.152460 -13.625300 0 -0.338933 2.418960 221.765000 1037.080000 -13 472 1 0 1.000000
-17.241400 -6.885530 0 -3.217560 11.435400 219.123000 1037.230000 -13 473 1 0 1.000000
-15.051600 -11.144600 0 -5.689840 10.962100 210.805000 1037.310000 -13 474 1 0 1.000000
-21.656400 -2.546210 0 -3.937590 25.674900 226.225000 1037.340000 -13 475 1 0 1.000000
9.520630 -3.131180 0 8.395330 10.749400 194.481000 1037.350000 -13 476 1 0 1.000000
-1.656260 10.489800 0 20.135600 5.853400 211.958000 1037.350000 -13 477 1 0 1.000000
-12.365200 -3.280380 0 13.512300 -5.310620 199.090000 1037.390000 -13 478 1 0 1.000000
-0.150084 -0.633146 0 1.345610 0.109402 213.013000 1037.250000 -13 479 1 0 1.000000
-6.078670 -3.852920 0 -14.456100 10.524200 207.664000 1037.130000 -13 480 1 0 1.000000
-6.031980 -10.613800 0 -0.086804 -4.729690 212.474000 1037.040000 -13 481 1 0 1.000000
4.351130 1.493270 0 -8.232950 10.364000 212.739000 1037.180000 -13 482 1 0 1.000000
-22.597800 -6.519860 0 21.176300 -8.188510 217.070000 1037.250000 -13 483 1 0 1.000000
-14.699400 4.673990 0 13.309500 -25.272100 199.675000 1037.300000 -13 484 1 0 1.000000
4.785680 -1.773920 0 1.200340 -11.176900 209.815000 1037.230000 -13 485 1 0 1.000000
7.835780 -14.055400 0 18.242200 2.754180 199.459000 1037.300000 -13 486 1 0 1.000000
4.602570 1.540730 0 9.772550 6.287930 209.736000 1037.250000 -13 487 1 0 1.000000
-3.381130 -5.560650 0 -0.257836 6.175130 214.372000 1037.100000 -13 488 1 0 1.000000
-1.020430 -10.830900 0 -9.523770 -6.268870 198.363000 1037.380000 -13 489 1 0 1.000000
-11.141700 1.442290 0 -17.897900 2.557320 217.889000 1037.190000 -13 490 1 0 1.000000
4.326960 -8.128660 0 -22.928000 5.083020 189.020000 1037.100000 -13 491 1 0 1.000000
-1.960980 -9.235130 0 4.295130 8.988270 191.587000 1037.020000 -13 492 1 0 1.000000
-8.558640 -8.612430 0 11.619800 -10.641300 212.217000 1037.290000 -13 493 1 0 1.000000
-4.388440 -18.430200 0 10.219500 11.593000 207.878000 1037.290000 -13 494 1 0 1.000000
-3.893970 -19.213900 0 5.659240 -1.637850 181.270000 1037.330000 -13 495 1 0 1.000000
-5.423520 -20.209600 0 -4.520420 -22.005000 227.199000 1037.340000 -13 496 1 0 1.000000
-12.854700 -4.060640 0 -10.309400 7.727140 203.340000 1037.310000 -13 497 1 0 1.000000
-14.158700 -1.410460 0 13.977500 8.759360 214.350000 1037.070000 -13 498 1 0 1.000000
2.224320 7.150500 0 3.039650 -5.616600 207.778000 1037.070000 -13 499 1 0 1.000000
-9.280630 -9.414330 0 17.288300 -3.038880 191.198000 1037.320000 -13 500 1 0 1.000000
-9.387500 11.333000 0 -8.821550 -13.100400 204.046000 1037.320000 -13 501 1 0 1.000000
-0.873559 -8.311030 0 -1.337940 14.274100 195.969000 1037.420000 -13 502 1 0 1.000000
0.808757 -3.518810 0 -5.213430 -1.401320 197.635000 1037.120000 -13 503 1 0 1.000000
-3.814670 -12.800400 0 -1.783510 6.822470 188.889000 1037.260000 -13 504 1 0 1.000000
-2.649210 -0.032241 0 1.778470 9.233900 214.311000 1037.340000 -13 505 1 0 1.000000
-2.507210 -12.759000 0 -17.489300 4.754460 201.028000 1037.040000 -13 506 1 0 1.000000
-6.267320 -8.854600 0 -17.243500 11.705200 199.734000 1037.170000 -13 507 1 0 1.000000
4.700770 0.708693 0 -14.332600 -6.408350 206.031000 1037.080000 -13 508 1 0 1.000000
-15.325700 -21.525500 0 -10.837200 -7.109100 196.625000 1037.460000 -13 509 1 0 1.000000
-9.655100 4.828070 0 -8.684620 -1.966960 198.844000 1037.190000 -13 510 1 0 1.000000
-13.403700 0.430789 0 16.479500 9.624960 221.217000 1037.130000 -13 511 1 0 1.000000
-2.210740 -8.815690 0 14.407900 19.727000 200.983000 1037.410000 -13 512 1 0 1.000000
2.977980 -2.754060 0 11.310300 2.427750 201.864000 1037.340000 -13 513 1 0 1.000000
1.737040 -2.222090 0 -13.459200 -15.198100 195.813000 1037.280000 -13 514 1 0 1.000000
7.813110 -8.091680 0 -0.356145 -15.745200 216.814000 1037.110000 -13 515 1 0 1.000000
-1.465260 0.092899 0 16.499500 -14.462700 221.635000 1037.160000 -13 516 1 0 1.000000
-0.169960 -19.481300 0 -7.742100 -22.628300 215.047000 1037.210000 -13 517 1 0 1.000000
1.417440 -1.203730 0 -0.709287 -5.289670 196.055000 1037.050000 -13 518 1 0 1.000000
-19.199600 0.087901 0 3.910890 -18.188300 208.354000 1037.370000 -13 519 1 0 1.000000
-2.717130 -1.260510 0 1.202280 -5.232140 199.574000 1037.180000 -13 520 1 0 1.000000
-7.445170 -7.242650 0 11.056800 -19.627400 216.188000 1037.170000 -13 521 1 0 1.000000
-19.246100 5.077170 0 16.282500 2.540020 220.987000 1037.200000 -13 522 1 0 1.000000
-18.674300 -1.867960 0 1.953340 11.646000 203.658000 1037.280000 -13 523 1 0 1.000000
7.659200 -9.825330 0 -8.953260 -5.095660 203.493000 1037.410000 -13 524 1 0 1.000000
-2.731400 -1.238100 0 -7.967560 -10.009100 211.089000 1037.090000 -13 525 1 0 1.000000
-15.441300 1.148130 0 -1.129560 12.673600 199.154000 1037.370000 -13 526 1 0 1.000000
-12.433800 -11.029100 0 7.487630 9.544420 199.962000 1037.270000 -13 527 1 0 1.000000
-7.558410 -1.194350 0 -5.687880 1.019180 210.923000 1037.150000 -13 528 1 0 1.000000
9.262850 -6.186290 0 16.012500 -3.444090 208.342000 1037.110000 -13 529 1 0 1.000000
-3.464190 -9.253320 0 -7.827980 11.909100 199.680000 1037.230000 -13 530 1 0 1.000000
4.940240 -10.003900 0 -7.028420 0.930453 207.187000 1037.040000 -13 531 1 0 1.000000
-8.486060 -15.701600 0 -17.290900 -13.111400 200.889000 1037.380000 -13 532 1 0 1.000000
-7.724740 -7.988080 0 -6.639510 -2.526180 211.015000 1037.170000 -13 533 1 0 1.000000
-6.955180 -7.175620 0 -10.540000 -22.359600 207.806000 1037.290000 -13 534 1 0 1.000000
13.216000 -7.742050 0 -11.778000 -3.243620 215.606000 1037.110000 -13 535 1 0 1.000000
1.999410 -8.638360 0 -19.185200 15.398600 213.819000 1037.230000 -13 536 1 0 1.000000
-7.063600 -16.678500 0 6.680940 -11.046700 221.015000 1037.200000 -13 537 1 0 1.000000
-25.674300 -2.472270 0 -3.968050 -21.825500 223.236000 1037.110000 -13 538 1 0 1.000000
5.506220 -7.601770 0 6.502040 5.487640 205.195000 1037.130000 -13 539 1 0 1.000000
-6.439000 3.256160 0 -5.386010 -0.476419 215.192000 1037.040000 -13 540 1 0 1.000000
-9.371530 0.004526 0 34.107100 4.751380 221.817000 1037.170000 -13 541 1 0 1.000000
9.975040 -6.016820 0 3.438610 -8.686410 213.625000 1037.460000 -13 542 1 0 1.000000
0.299782 -18.856700 0 -7.588960 18.133200 214.327000 1037.390000 -13 543 1 0 1.000000
-0.809386 -6.856690 0 23.543700 -2.732950 228.775000 1037.240000 -13 544 1 0 1.000000
-18.601500 -17.056700 0 -3.061870 17.448100 213.703000 1037.280000 -13 545 1 0 1.000000
-20.266700 -4.882720 0 20.345700 11.555200 207.320000 1037.280000 -13 546 1 0 1.000000
-8.414300 -2.662000 0 -18.391400 1.378000 208.527000 1037.400000 -13 547 1 0 1.000000
-7.038530 -5.748690 0 -8.454550 -0.747699 184.450000 1037.210000 -13 548 1 0 1.000000
9.196850 -8.086140 0 -2.388160 -3.138540 205.705000 1037.360000 -13 549 1 0 1.000000
-16.718800 -11.081500 0 -3.186880 4.059130 195.824000 1037.290000 -13 550 1 0 1.000000
-10.762400 -6.510990 0 0.350284 -10.895300 195.119000 1037.330000 -13 551 1 0 1.000000
-3.615080 -3.703690 0 -4.926850 0.559111 198.213000 1037.290000 -13 552 1 0 1.000000
11.494500 0.563516 0 1.638370 20.181800 212.692000 1037.170000 -13 553 1 0 1.000000
1.035550 -2.608890 0 -0.522740 -12.771800 201.937000 1037.240000 -13 554 1 0 1.000000
-10.172800 -5.232630 0 9.110540 -9.459680 209.567000 1037.220000 -13 555 1 0 1.000000
-16.350000 -4.245160 0 7.804820 0.898329 204.613000 1037.230000 -13 556 1 0 1.000000
4.281030 -37.194100 0 -1.855370 -6.403510 225.215000 1037.460000 -13 557 1 0 1.000000
-5.686060 11.775000 0 3.512600 -16.852000 211.528000 1037.280000 -13 558 1 0 1.000000
-15.659200 4.143860 0 -1.650980 3.769150 217.420000 1037.130000 -13 559 1 0 1.000000
-15.857800 5.261610 0 59.283400 1.232190 224.697000 1037.110000 -13 560 1 0 1.000000
8.963520 -12.562400 0 -14.289900 -7.684100 200.574000 1037.390000 -13 561 1 0 1.000000
8.968880 -6.472030 0 -3.294940 -0.153919 197.556000 1037.160000 -13 562 1 0 1.000000
-8.132130 2.950050 0 -11.171000 -1.738170 218.288000 1037.230000 -13 563 1 0 1.000000
12.014800 -9.152140 0 -20.438900 14.246800 215.681000 1036.990000 -13 564 1 0 1.000000
1.742080 -13.162000 0 17.234400 -23.257200 205.289000 1037.260000 -13 565 1 0 1.000000
1.081800 -11.939800 0 -10.460300 -5.528490 209.268000 1037.190000 -13 566 1 0 1.000000
5.155550 -6.373960 0 5.630450 -1.721810 201.052000 1037.130000 -13 567 1 0 1.000000
-6.143570 -5.939030 0 9.984200 7.441910 202.576000 1037.120000 -13 568 1 0 1.000000
-9.903030 -24.156000 0 -20.871700 -7.200230 216.791000 1037.190000 -13 569 1 0 1.000000
-2.317460 -6.103180 0 3.089590 -19.618300 214.324000 1037.110000 -13 570 1 0 1.000000
-4.889580 -11.653700 0 -3.235780 15.918300 198.862000 1037.060000 -13 571 1 0 1.000000
1.131470 -3.003740 0 -2.157150 5.217380 201.261000 1037.360000 -13 572 1 0 1.000000
-7.296010 -24.021700 0 -14.298600 -10.068500 203.992000 1037.330000 -13 573 1 0 1.000000
-9.477610 -8.262320 0 -13.877000 -7.532940 197.499000 1037.100000 -13 574 1 0 1.000000
-12.474300 -10.106900 0 18.206500 -13.202300 196.161000 1037.470000 -13 575 1 0 1.000000
-4.347260 -0.806541 0 -17.021400 -17.867500 215.475000 1037.400000 -13 576 1 0 1.000000
-1.086350 -9.526260 0 -24.167500 3.840000 216.187000 1037.300000 -13 577 1 0 1.000000
-15.316900 -5.166150 0 7.819040 -12.634900 217.525000 1037.240000 -13 578 1 0 1.000000
-2.312360 15.794900 0 3.955890 13.581400 209.098000 1037.340000 -13 579 1 0 1.000000
-13.838600 -4.966430 0 -12.839000 -15.111500 213.542000 1037.150000 -13 580 1 0 1.000000
-6.900710 -6.191680 0 7.299130 -6.870360 195.463000 1037.120000 -13 581 1 0 1.000000
9.929030 -27.602800 0 -8.214570 -8.823540 211.486000 1037.540000 -13 582 1 0 1.000000
5.499210 2.019020 0 -8.449960 -9.568350 197.226000 1037.340000 -13 583 1 0 1.000000
-1.767210 -9.778400 0 9.850950 5.592170 212.545000 1037.210000 -13 584 1 0 1.000000
7.144280 -3.389710 0 -0.400612 -8.393370 202.429000 1037.450000 -13 585 1 0 1.000000
-11.621200 -16.520200 0 3.023680 -12.917800 203.808000 1037.470000 -13 586 1 0 1.000000
-22.065300 -4.982280 0 22.561300 -3.532060 205.204000 1037.290000 -13 587 1 0 1.000000
-19.667000 -18.147700 0 15.554600 11.934300 219.796000 1037.210000 -13 588 1 0 1.000000
-6.738890 -16.875300 0 3.746900 2.224360 213.502000 1037.100000 -13 589 1 0 1.000000
4.519840 -10.038900 0 0.055977 5.021940 211.668000 1037.180000 -13 590 1 0 1.000000
-0.478923 3.892000 0 -8.415310 -2.368640 208.574000 1037.180000 -13 591 1 0 1.000000
-7.169480 -4.881080 0 6.785050 -4.200180 213.714000 1037.280000 -13 592 1 0 1.000000
-4.040050 9.032710 0 8.258220 -6.682880 200.764000 1037.560000 -13 593 1 0 1.000000
0.394346 3.325770 0 8.398050 -8.399920 194.339000 1037.220000 -13 594 1 0 1.000000
7.159560 -11.917900 0 -6.669920 -14.063300 207.447000 1037.350000 -13 595 1 0 1.000000
-5.188350 1.051530 0 -10.226600 4.493710 203.631000 1037.080000 -13 596 1 0 1.000000
-11.312600 -2.838430 0 -4.365430 -14.369400 205.605000 1037.370000 -13 597 1 0 1.000000
-8.552600 -5.161740 0 -4.019530 13.577300 190.542000 1037.210000 -13 598 1 0 1.000000
-11.692200 -22.969400 0 6.031490 -10.523300 205.668000 1037.130000 -13 599 1 0 1.000000
-10.897700 -15.110300 0 -10.270800 -3.664880 212.455000 1037.150000 -13 600 1 0 1.000000
20.781400 -6.282710 0 10.219900 -17.398600 194.769000 1037.300000 -13 601 1 0 1.000000
-26.548200 -9.926260 0 14.894800 6.860950 209.653000 1037.140000 -13 602 1 0 1.000000
-6.099660 -9.414520 0 3.944880 -5.974270 200.294000 1037.250000 -13 603 1 0 1.000000
-8.020020 1.348540 0 1.714010 4.531860 216.017000 1037.310000 -13 604 1 0 1.000000
-11.725500 0.715047 0 -10.728300 8.232090 208.469000 1037.290000 -13 605 1 0 1.000000
-12.835400 -4.302240 0 -4.193340 -6.047470 194.623000 1037.190000 -13 606 1 0 1.000000
-13.800700 -12.169300 0 15.694800 -11.400700 206.740000 1037.330000 -13 607 1 0 1.000000
-3.907830 -3.595630 0 7.431150 7.363520 205.232000 1037.000000 -13 608 1 0 1.000000
-2.214430 7.680650 0 5.778210 -5.222300 195.631000 1036.970000 -13 609 1 0 1.000000
3.986880 -16.050100 0 -16.858900 4.453580 210.462000 1037.210000 -13 610 1 0 1.000000
-4.904000 -1.134130 0 -10.013500 -17.180600 207.647000 1037.250000 -13 611 1 0 1.000000
-4.376240 -8.872830 0 -16.632900 18.510200 206.436000 1037.210000 -13 612 1 0 1.000000
-2.165200 -17.898200 0 -4.790650 -6.076130 198.618000 1037.390000 -13 613 1 0 1.000000
-21.542300 -3.790010 0 -11.346800 15.195800 216.105000 1037.460000 -13 614 1 0 1.000000
-10.318900 -4.970590 0 -1.152410 -1.176320 208.757000 1037.250000 -13 615 1 0 1.000000
-17.444300 1.608670 0 -4.862860 -3.453090 222.348000 1037.470000 -13 616 1 0 1.000000
-11.587000 -5.709180 0 10.363700 9.777260 208.223000 1037.410000 -13 617 1 0 1.000000
-8.085820 -17.095600 0 -11.655100 -10.936000 203.350000 1037.330000 -13 618 1 0 1.000000
9.953990 -21.219200 0 -22.130900 11.852200 213.122000 1037.240000 -13 619 1 0 1.000000
-6.224430 -7.267300 0 14.199700 3.307330 202.644000 1037.310000 -13 620 1 0 1.000000
3.491680 -1.293700 0 -8.726540 -7.156910 204.069000 1037.270000 -13 621 1 0 1.000000
-5.779360 -11.070000 0 -2.396510 14.312000 210.072000 1037.410000 -13 622 1 0 1.000000
-26.400600 -6.039310 0 9.523220 6.903840 210.274000 1037.190000 -13 623 1 0 1.000000
-3.373160 -3.174610 0 6.320260 11.779200 202.029000 1037.150000 -13 624 1 0 1.000000
-10.392600 -21.717500 0 -8.719280 -2.098660 204.691000 1037.170000 -13 625 1 0 1.000000
-12.383600 14.106300 0 19.103500 -41.059200 227.222000 1037.450000 -13 626 1 0 1.000000
-9.015380 -0.927280 0 -0.033004 -17.182400 190.431000 1037.360000 -13 627 1 0 1.000000
19.335400 3.658320 0 -13.356400 -8.258410 191.301000 1037.390000 -13 628 1 0 1.000000
-2.067990 -7.104270 0 -18.190800 15.149400 222.727000 1037.100000 -13 629 1 0 1.000000
-5.424670 11.156300 0 -5.736430 -17.041800 204.022000 1037.250000 -13 630 1 0 1.000000
-13.218200 -3.782140 0 7.369790 11.100500 205.078000 1037.270000 -13 631 1 0 1.000000
-12.754200 4.029810 0 3.890200 -11.598900 213.776000 1037.370000 -13 632 1 0 1.000000
8.244740 -17.276200 0 0.585644 18.214000 197.094000 1037.230000 -13 633 1 0 1.000000
-0.137620 -10.784800 0 4.512670 1.327430 197.138000 1037.130000 -13 634 1 0 1.000000
6.448320 -12.490500 0 14.304900 -0.426783 200.800000 1037.290000 -13 635 1 0 1.000000
-2.713720 -4.577810 0 -10.293100 -0.565251 200.274000 1037.040000 -13 636 1 0 1.000000
-7.289290 -1.190490 0 9.644770 -2.086580 205.728000 1037.210000 -13 637 1 0 1.000000
-33.878300 -2.431820 0 10.096100 -3.868960 217.511000 1037.460000 -13 638 1 0 1.000000
-19.064500 -12.589000 0 11.649500 9.129930 205.541000 1037.310000 -13 639 1 0 1.000000
-25.543600 -0.000120 0 -6.080890 7.741390 212.120000 1037.280000 -13 640 1 0 1.000000
-6.626110 -0.268042 0 5.341080 -23.761200 216.822000 1037.360000 -13 641 1 0 1.000000
0.516924 -9.389190 0 -4.181710 4.035960 221.697000 1037.140000 -13 642 1 0 1.000000
-9.197410 -16.179900 0 -8.177380 6.613300 205.607000 1037.060000 -13 643 1 0 1.000000
-1.925150 -6.124470 0 32.644200 1.204540 220.547000 1037.200000 -13 644 1 0 1.000000
11.863000 -7.927850 0 12.521200 13.835200 205.043000 1037.370000 -13 645 1 0 1.000000
-10.554200 -5.800740 0 9.374800 28.484200 212.892000 1037.260000 -13 646 1 0 1.000000
-4.538560 0.435797 0 -3.659720 -12.739700 219.317000 1037.350000 -13 647 1 0 1.000000
-4.576850 7.800940 0 15.221300 6.463320 224.655000 1037.250000 -13 648 1 0 1.000000
-3.728660 1.148690 0 -4.354930 0.117093 204.367000 1037.210000 -13 649 1 0 1.000000
-2.287490 -17.304300 0 -11.886300 1.083760 210.750000 1037.380000 -13 650 1 0 1.000000
-15.031200 -3.954060 0 -7.845840 -18.857800 211.796000 1037.310000 -13 651 1 0 1.000000
7.903890 -11.850200 0 19.869700 -11.122200 214.742000 1037.330000 -13 652 1 0 1.000000
1.972950 -0.727326 0 -8.180330 10.822600 215.465000 1037.190000 -13 653 1 0 1.000000
2.178640 -10.108200 0 10.353900 -11.961700 216.443000 1037.320000 -13 654 1 0 1.000000
-14.038500 6.901070 0 -6.551260 4.538300 212.152000 1037.300000 -13 655 1 0 1.000000
-15.769900 -13.037800 0 4.169640 17.460300 218.818000 1037.300000 -13 656 1 0 1.000000
3.724440 -0.216319 0 2.836450 7.849010 203.935000 1037.090000 -13 657 1 0 1.000000
-4.580260 -15.926200 0 -8.178890 17.896000 212.194000 1037.280000 -13 658 1 0 1.000000
-5.689570 4.100810 0 5.118630 12.028700 209.729000 1037.130000 -13 659 1 0 1.000000
-7.020180 -6.300950 0 -13.054700 -1.625190 210.278000 1037.290000 -13 660 1 0 1.000000
-1.583580 -2.919210 0 -18.150200 -13.624000 214.555000 1037.240000 -13 661 1 0 1.000000
-5.483350 11.664700 0 -6.728170 -16.236400 196.520000 1037.330000 -13 662 1 0 1.000000
-16.522200 8.854580 0 2.436170 9.944380 191.639000 1037.550000 -13 663 1 0 1.000000
4.768970 3.299690 0 -16.996200 8.487840 199.050000 1037.300000 -13 664 1 0 1.000000
-1.426670 -7.621370 0 2.520680 4.542040 208.307000 1036.960000 -13 665 1 0 1.000000
2.150730 3.950350 0 -2.650980 8.116490 211.531000 1037.330000 -13 666 1 0 1.000000
-1.022150 -12.544000 0 -34.305200 7.682810 215.899000 1037.310000 -13 667 1 0 1.000000
-14.086800 -6.581610 0 -9.274540 -23.189300 215.753000 1037.200000 -13 668 1 0 1.000000
-8.579820 -31.860700 0 -19.317600 3.581300 200.658000 1037.120000 -13 669 1 0 1.000000
-13.267600 -2.481690 0 1.116990 2.550060 212.597000 1037.300000 -13 670 1 0 1.000000
1.568810 -12.218200 0 7.238260 11.712300 207.056000 1037.340000 -13 671 1 0 1.000000
5.977230 11.402900 0 -3.067150 -2.212780 217.281000 1037.270000 -13 672 1 0 1.000000
11.902200 7.092540 0 15.300500 1.123570 218.289000 1037.110000 -13 673 1 0 1.000000
-16.177600 5.364090 0 -3.712910 -6.107640 206.833000 1037.240000 -13 674 1 0 1.000000
-13.096100 -8.400860 0 -12.405800 12.231800 205.180000 1037.280000 -13 675 1 0 1.000000
9.531650 19.563300 0 8.084790 -5.395570 219.443000 1037.250000 -13 676 1 0 1.000000
2.339390 -25.673600 0 -15.513900 -5.216320 200.396000 1037.070000 -13 677 1 0 1.000000
8.528760 -5.058370 0 -5.787400 10.552200 219.924000 1037.310000 -13 678 1 0 1.000000
-18.284200 -13.588900 0 6.449110 8.609990 210.735000 1037.320000 -13 679 1 0 1.000000
-3.420370 -4.785450 0 25.078600 0.575424 200.431000 1037.250000 -13 680 1 0 1.000000
-8.282000 -10.231100 0 -5.105530 -5.077610 200.746000 1037.130000 -13 681 1 0 1.000000
-17.172800 -10.664800 0 9.805220 5.341380 215.479000 1037.210000 -13 682 1 0 1.000000
-4.320380 -21.630100 0 -21.959500 -9.543500 207.542000 1037.100000 -13 683 1 0 1.000000
-4.546800 9.747630 0 15.239700 -19.643500 228.061000 1037.260000 -13 684 1 0 1.000000
-6.002110 -7.409660 0 -6.073410 14.825700 213.171000 1037.090000 -13 685 1 0 1.000000
-2.929030 -11.475200 0 -3.049750 9.906560 205.334000 1037.130000 -13 686 1 0 1.000000
-17.558100 -13.141400 0 -10.749200 21.593400 214.827000 1037.090000 -13 687 1 0 1.000000
-2.394010 -18.867600 0 1.333720 11.310900 215.294000 1037.330000 -13 688 1 0 1.000000
-7.308970 1.341230 0 12.064000 -6.918470 205.506000 1037.550000 -13 689 1 0 1.000000
-3.952490 -13.813300 0 -11.922000 17.628900 201.557000 1037.420000 -13 690 1 0 1.000000
-5.863050 -7.227370 0 -7.733930 -0.650561 210.217000 1037.320000 -13 691 1 0 1.000000
4.911350 12.356500 0 -7.754530 -5.580880 207.626000 1036.950000 -13 692 1 0 1.000000
-8.065140 -10.492300 0 0.480772 20.706700 221.995000 1037.340000 -13 693 1 0 1.000000
-17.015200 -2.127490 0 3.288480 20.122300 205.983000 1037.310000 -13 694 1 0 1.000000
-5.320660 -7.286620 0 -12.280400 17.523000 211.048000 1037.420000 -13 695 1 0 1.000000
-2.136590 -21.174800 0 0.154677 10.868000 206.408000 1037.320000 -13 696 1 0 1.000000
8.705300 -13.432600 0 -4.034760 -19.757900 211.583000 1037.330000 -13 697 1 0 1.000000
-17.929200 -20.874400 0 -10.271600 4.259420 205.358000 1037.360000 -13 698 1 0 1.000000
-10.926000 -21.089200 0 -7.700910 -8.788200 218.188000 1037.180000 -13 699 1 0 1.000000
3.395270 -5.016590 0 -7.653080 -1.132960 204.529000 1037.200000 -13 700 1 0 1.000000
-6.787210 -10.176400 0 0.539722 1.170480 224.408000 1037.080000 -13 701 1 0 1.000000
-6.488890 -5.181060 0 0.726259 -19.953300 210.046000 1037.080000 -13 702 1 0 1.000000
6.307480 3.954400 0 -5.746390 1.410210 224.819000 1037.290000 -13 703 1 0 1.000000
-23.291800 5.653950 0 6.380880 -1.722360 223.937000 1037.210000 -13 704 1 0 1.000000
-5.786960 -1.980370 0 10.854800 -13.591100 209.847000 1037.180000 -13 705 1 0 1.000000
-14.822900 -2.283080 0 -0.192287 10.463800 226.530000 1037.430000 -13 706 1 0 1.000000
-7.678350 -3.390600 0 -6.835850 -9.536400 212.642000 1037.500000 -13 707 1 0 1.000000
2.513390 -3.582340 0 -0.649320 14.249700 209.068000 1037.100000 -13 708 1 0 1.000000
-11.434700 -14.142900 0 6.955400 18.955700 211.779000 1037.280000 -13 709 1 0 1.000000
6.646320 12.284600 0 22.862400 24.586200 223.730000 1037.110000 -13 710 1 0 1.000000
3.248720 11.260700 0 -3.410950 1.829180 208.388000 1037.180000 -13 711 1 0 1.000000
0.266319 -10.484000 0 3.501800 -8.354120 188.226000 1037.330000 -13 712 1 0 1.000000
-4.528720 4.019530 0 -7.800640 -14.052000 205.843000 1037.340000 -13 713 1 0 1.000000
-12.919400 -8.579070 0 8.466960 0.977197 214.943000 1037.060000 -13 714 1 0 1.000000
-11.911500 -8.499530 0 -15.376800 18.887600 202.828000 1037.130000 -13 715 1 0 1.000000
-9.438480 5.825520 0 -10.248100 4.477260 194.146000 1037.160000 -13 716 1 0 1.000000
-9.330290 -4.075760 0 -6.668060 14.342100 219.669000 1037.230000 -13 717 1 0 1.000000
4.785760 -5.466250 0 -25.167200 -15.747500 218.114000 1037.380000 -13 718 1 0 1.000000
0.199867 -7.575060 0 1.845340 -2.183250 190.970000 1037.230000 -13 719 1 0 1.000000
-7.849900 -14.467800 0 -14.285600 -15.887900 212.147000 1036.940000 -13 720 1 0 1.000000
1.105070 -9.464680 0 -5.848710 -7.441540 202.553000 1037.380000 -13 721 1 0 1.000000
7.032070 -8.505810 0 -6.467830 -14.623900 205.809000 1037.240000 -13 722 1 0 1.000000
-2.165380 -7.394120 0 -9.757090 11.468300 202.329000 1037.140000 -13 723 1 0 1.000000
-1.863420 -2.285990 0 0.584758 -6.350910 188.031000 1037.310000 -13 724 1 0 1.000000
4.644900 -5.897230 0 4.177100 -1.295730 201.146000 1037.360000 -13 725 1 0 1.000000
-5.665340 1.708480 0 -19.934700 13.312700 218.546000 1037.160000 -13 726 1 0 1.000000
-5.026950 -11.082900 0 -2.653120 15.073700 200.745000 1037.200000 -13 727 1 0 1.000000
4.972020 1.693840 0 -11.568100 -18.776300 195.945000 1037.070000 -13 728 1 0 1.000000
-12.900800 -2.804590 0 19.702600 -0.306519 206.456000 1037.160000 -13 729 1 0 1.000000
-0.025929 -6.909530 0 0.946161 -13.523500 216.996000 1037.160000 -13 730 1 0 1.000000
-9.990570 -13.696400 0 20.811100 10.014800 202.401000 1037.210000 -13 731 1 0 1.000000
-13.631000 -18.062900 0 -18.356600 3.423900 216.712000 1037.010000 -13 732 1 0 1.000000
-13.237500 -3.208240 0 -3.843170 -6.453350 217.131000 1037.390000 -13 733 1 0 1.000000
-16.349100 -3.739610 0 -4.217620 3.443550 210.666000 1037.570000 -13 734 1 0 1.000000
-0.140155 -13.482000 0 -23.630200 1.813860 217.589000 1037.290000 -13 735 1 0 1.000000
-11.048700 -9.703480 0 2.104310 5.460280 193.183000 1037.100000 -13 736 1 0 1.000000
-2.243400 -7.569980 0 -22.947900 16.451200 200.332000 1037.450000 -13 737 1 0 1.000000
-10.030000 -9.047210 0 1.826080 7.761290 193.261000 1037.330000 -13 738 1 0 1.000000
-5.684020 -8.485380 0 3.898520 -37.354700 223.656000 1037.350000 -13 739 1 0 1.000000
-11.626800 -9.638330 0 -14.877000 4.148330 196.484000 1037.230000 -13 740 1 0 1.000000
16.113600 -8.518980 0 -2.844650 9.067330 196.141000 1037.040000 -13 741 1 0 1.000000
-14.416300 -3.884780 0 -0.409711 -6.418380 198.376000 1037.140000 -13 742 1 0 1.000000
2.536400 -14.237500 0 23.268300 -14.848700 209.452000 1037.070000 -13 743 1 0 1.000000
-6.068980 -8.153270 0 -2.855880 -0.239317 199.045000 1037.350000 -13 744 1 0 1.000000
-12.268000 3.478980 0 9.337710 6.255880 215.821000 1037.450000 -13 745 1 0 1.000000
-12.060700 -9.099880 0 40.991700 -24.980100 212.430000 1037.000000 -13 746 1 0 1.000000
-5.799920 -7.045340 0 11.375900 -3.580220 216.685000 1037.240000 -13 747 1 0 1.000000
-8.182970 -6.507050 0 -10.866000 5.427530 207.375000 1037.090000 -13 748 1 0 1.000000
5.236540 -15.651900 0 -7.017190 -0.220614 223.008000 1037.210000 -13 749 1 0 1.000000
0.084290 -15.452700 0 -18.049900 0.046892 208.176000 1037.440000 -13 750 1 0 1.000000
-2.528940 0.644283 0 9.727980 -3.314540 201.660000 1037.220000 -13 751 1 0 1.000000
-19.830900 -13.952000 0 22.435100 2.586210 208.059000 1037.470000 -13 752 1 0 1.000000
-7.695450 -9.406540 0 9.285890 7.432340 198.174000 1037.270000 -13 753 1 0 1.000000
-8.961210 -2.866210 0 -8.578110 -1.426950 209.191000 1037.300000 -13 754 1 0 1.000000
-18.129200 -13.979100 0 4.996370 -7.494030 218.138000 1037.270000 -13 755 1 0 1.000000
-16.891300 0.235476 0 -0.261561 8.306830 200.907000 1037.190000 -13 756 1 0 1.000000
-6.274740 -6.522370 0 2.688380 16.731500 186.565000 1037.330000 -13 757 1 0 1.000000
-16.539500 -4.785230 0 8.493840 13.133200 205.454000 1037.280000 -13 758 1 0 1.000000
-13.300200 7.069050 0 24.226100 -1.670160 206.601000 1037.380000 -13 759 1 0 1.000000
-13.188700 -19.084200 0 16.208100 -18.998700 209.840000 1037.110000 -13 760 1 0 1.000000
-13.832200 -2.024110 0 1.232340 7.561420 205.282000 1037.250000 -13 761 1 0 1.000000
2.662490 -7.735890 0 2.098830 -3.863770 215.215000 1037.250000 -13 762 1 0 1.000000
-20.772400 1.602460 0 5.335280 5.785680 215.165000 1037.230000 -13 763 1 0 1.000000
5.921160 -21.169400 0 -13.912100 17.331500 212.275000 1037.320000 -13 764 1 0 1.000000
-3.939660 14.307100 0 9.407260 5.295630 207.309000 1037.130000 -13 765 1 0 1.000000
-0.689352 -13.800600 0 15.957200 -6.952000 198.448000 1037.390000 -13 766 1 0 1.000000
2.659150 -13.224900 0 6.533380 8.412270 209.677000 1037.300000 -13 767 1 0 1.000000
2.109900 -10.292200 0 -2.453500 13.800600 218.992000 1037.240000 -13 768 1 0 1.000000
-7.206890 5.516670 0 0.547183 -13.095000 212.582000 1037.350000 -13 769 1 0 1.000000
-21.840200 -4.200400 0 12.807600 10.939500 214.414000 1037.350000 -13 770 1 0 1.000000
-12.560700 -10.886500 0 14.992700 -16.989800 211.466000 1037.290000 -13 771 1 0 1.000000
-9.003500 1.256680 0 -4.635370 0.260193 204.236000 1037.200000 -13 772 1 0 1.000000
-0.714166 -5.000190 0 0.323275 -2.121890 214.141000 1037.240000 -13 773 1 0 1.000000
2.482730 -1.374750 0 0.306353 -0.156444 204.991000 1037.340000 -13 774 1 0 1.000000
9.242900 -4.042190 0 11.297600 -1.531180 212.148000 1037.370000 -13 775 1 0 1.000000
-20.932500 -7.400330 0 -3.375640 32.618600 220.984000 1037.300000 -13 776 1 0 1.000000
-12.783500 7.423690 0 3.600970 -5.984050 192.384000 1037.200000 -13 777 1 0 1.000000
13.612000 -8.412290 0 -21.800800 -23.154700 186.922000 1037.430000 -13 778 1 0 1.000000
-5.170620 -10.511300 0 -3.149460 7.848460 214.402000 1037.180000 -13 779 1 0 1.000000
-3.949670 -5.872880 0 -6.927770 -5.264980 216.430000 1037.300000 -13 780 1 0 1.000000
5.482830 -14.460900 0 -10.607800 -9.549260 211.968000 1037.230000 -13 781 1 0 1.000000
-12.358900 -3.654250 0 0.826787 10.304300 201.995000 1037.180000 -13 782 1 0 1.000000
-29.077000 -22.317500 0 -8.296650 2.316990 208.733000 1037.010000 -13 783 1 0 1.000000
11.961300 3.225460 0 25.586600 -8.713030 218.496000 1037.360000 -13 784 1 0 1.000000
-15.054200 -14.834400 0 -9.411290 0.654156 208.056000 1037.260000 -13 785 1 0 1.000000
-19.346100 -7.098010 0 20.653000 3.539420 225.328000 1037.330000 -13 786 1 0 1.000000
-5.586010 7.557720 0 10.286400 -2.572870 201.632000 1037.150000 -13 787 1 0 1.000000
-7.285270 -17.373300 0 -5.187140 2.989170 194.136000 1037.150000 -13 788 1 0 1.000000
-5.823750 -3.257620 0 11.030500 14.306500 208.824000 1037.440000 -13 789 1 0 1.000000
-5.282470 -12.579800 0 -1.657090 5.971770 192.475000 1037.310000 -13 790 1 0 1.000000
-12.241800 -7.832670 0 -6.342250 -3.006630 214.933000 1037.150000 -13 791 1 0 1.000000
-8.401320 -13.024400 0 11.197800 15.894500 205.897000 1037.070000 -13 792 1 0 1.000000
-11.815100 -7.610650 0 -11.798300 -2.657880 200.103000 1037.330000 -13 793 1 0 1.000000
-7.738230 -11.451000 0 7.454560 1.142040 214.571000 1037.160000 -13 794 1 0 1.000000
-13.944700 -16.540900 0 -9.354050 0.078650 194.815000 1037.450000 -13 795 1 0 1.000000
-5.450750 -10.382800 0 -20.951700 0.444896 195.823000 1037.150000 -13 796 1 0 1.000000
-34.190800 -17.456500 0 4.736130 -10.205900 220.688000 1037.190000 -13 797 1 0 1.000000
-10.775300 -11.338600 0 -6.215320 6.762660 207.871000 1037.360000 -13 798 1 0 1.000000
-0.399452 -22.305000 0 15.973100 -0.332072 211.618000 1037.410000 -13 799 1 0 1.000000
-12.346700 -6.970830 0 3.244840 14.625400 191.113000 1037.280000 -13 800 1 0 1.000000
4.467490 -8.166030 0 9.768570 20.401800 196.821000 1037.510000 -13 801 1 0 1.000000
-10.290200 -3.497000 0 2.963220 7.702570 215.937000 1037.200000 -13 802 1 0 1.000000
-2.047110 3.025260 0 21.938000 -6.055600 190.380000 1037.310000 -13 803 1 0 1.000000
-13.471700 -18.832000 0 -12.573600 -4.901090 216.335000 1037.330000 -13 804 1 0 1.000000
0.109386 -4.844220 0 14.462700 11.604700 206.050000 1037.350000 -13 805 1 0 1.000000
-3.353760 -4.440570 0 -10.875900 24.509000 217.331000 1037.040000 -13 806 1 0 1.000000
-8.275880 9.162600 0 4.756870 -10.408600 205.183000 1037.300000 -13 807 1 0 1.000000
-12.343800 -11.592200 0 -13.410800 6.760010 193.606000 1037.080000 -13 808 1 0 1.000000
-4.013830 -1.368740 0 -1.806690 -2.723120 190.781000 1037.400000 -13 809 1 0 1.000000
3.294350 -5.578220 0 8.761810 -1.685470 190.101000 1037.260000 -13 810 1 0 1.000000
-8.978500 -11.472000 0 -4.410460 -12.689600 199.449000 1037.120000 -13 811 1 0 1.000000
-6.746030 -17.778300 0 3.422750 6.389280 189.541000 1037.210000 -13 812 1 0 1.000000
-9.129210 -3.259630 0 -12.461900 -0.274397 197.180000 1037.200000 -13 813 1 0 1.000000
-12.160200 -12.859700 0 -7.871940 11.140100 204.972000 1037.200000 -13 814 1 0 1.000000
-0.178833 -10.022400 0 -4.765690 -3.617770 222.990000 1037.270000 -13 815 1 0 1.000000
-8.028430 -6.347500 0 14.002800 1.883580 211.527000 1037.350000 -13 816 1 0 1.000000
6.962750 1.623350 0 -1.595840 9.413680 187.482000 1037.220000 -13 817 1 0 1.000000
-10.654400 -13.085100 0 -13.035800 -3.323520 206.582000 1037.290000 -13 818 1 0 1.000000
-11.550500 -12.977500 0 -1.911450 -0.163038 217.019000 1037.230000 -13 819 1 0 1.000000
-4.945010 4.411540 0 -12.076000 -0.586353 203.212000 1037.040000 -13 820 1 0 1.000000
-16.100000 -14.660700 0 -20.115800 12.307300 196.526000 1037.050000 -13 821 1 0 1.000000
-1.842170 -8.619010 0 8.392830 -11.953900 196.029000 1037.330000 -13 822 1 0 1.000000
-11.804300 -6.605810 0 -0.256216 2.395550 210.519000 1037.230000 -13 823 1 0 1.000000
12.715800 -3.177490 0 14.340100 3.281190 210.123000 1037.130000 -13 824 1 0 1.000000
-24.461600 -17.766500 0 23.457600 -1.171890 207.349000 1037.310000 -13 825 1 0 1.000000
-15.864000 4.164350 0 -9.854050 16.755400 211.968000 1037.140000 -13 826 1 0 1.000000
-6.905300 5.238210 0 1.770290 -22.907400 214.164000 1037.380000 -13 827 1 0 1.000000
-18.893600 -25.923100 0 -0.093898 -10.793200 215.106000 1037.010000 -13 828 1 0 1.000000
12.370700 -22.448700 0 -16.304500 8.554240 202.639000 1037.320000 -13 829 1 0 1.000000
0.278523 -7.238300 0 5.781290 -2.439790 203.706000 1037.280000 -13 830 1 0 1.000000
11.320600 -14.448600 0 -13.039600 6.147030 210.398000 1037.490000 -13 831 1 0 1.000000
-22.962300 -9.955810 0 8.622480 23.098900 215.569000 1037.370000 -13 832 1 0 1.000000
-30.335600 -12.337400 0 -15.524500 12.003400 213.971000 1037.340000 -13 833 1 0 1.000000
-5.404860 -14.905900 0 -18.634900 13.380300 216.176000 1037.320000 -13 834 1 0 1.000000
-14.739500 2.578250 0 -15.054600 -17.760000 203.244000 1037.250000 -13 835 1 0 1.000000
-5.168290 -8.588840 0 -9.239190 -6.065130 224.675000 1037.430000 -13 836 1 0 1.000000
-4.160500 -12.222500 0 -14.830500 0.587629 189.320000 1037.330000 -13 837 1 0 1.000000
-9.722840 -8.910380 0 -10.520600 2.626270 198.168000 1037.290000 -13 838 1 0 1.000000
1.775710 -8.944470 0 18.796200 -4.898320 200.913000 1037.380000 -13 839 1 0 1.000000
9.793620 0.158727 0 -13.362100 9.448100 207.930000 1037.260000 -13 840 1 0 1.000000
-2.338070 -20.006700 0 -18.420100 -15.256900 207.910000 1037.380000 -13 841 1 0 1.000000
0.788977 8.548680 0 29.948500 -8.874940 215.658000 1037.130000 -13 842 1 0 1.000000
-18.225400 2.854620 0 18.550000 -10.075900 210.722000 1037.190000 -13 843 1 0 1.000000
-9.468590 -2.796370 0 -6.661730 -1.881670 194.538000 1037.340000 -13 844 1 0 1.000000
4.570240 -17.778300 0 7.842320 -8.107430 208.232000 1037.230000 -13 845 1 0 1.000000
25.845200 -4.095550 0 -15.625900 -12.759300 224.600000 1037.170000 -13 846 1 0 1.000000
-3.679690 -12.743300 0 -8.961780 0.918368 208.061000 1037.040000 -13 847 1 0 1.000000
-13.870600 -20.195100 0 1.173200 -1.357850 204.329000 1037.220000 -13 848 1 0 1.000000
-6.133850 3.291790 0 -3.768480 -9.630110 215.898000 1037.270000 -13 849 1 0 1.000000
-5.957340 -3.842610 0 -2.541170 -12.961900 212.460000 1037.170000 -13 850 1 0 1.000000
-16.528600 -20.689100 0 9.660110 4.091810 217.901000 1036.930000 -13 851 1 0 1.000000
-7.951720 4.555130 0 -5.630470 7.138710 202.578000 1037.420000 -13 852 1 0 1.000000
-1.079940 -15.580000 0 -0.344662 -3.405680 207.271000 1037.120000 -13 853 1 0 1.000000
1.099550 -1.636730 0 5.563650 -4.450080 210.308000 1037.090000 -13 854 1 0 1.000000
-11.323900 -12.495700 0 -7.311220 -11.432500 215.622000 1037.060000 -13 855 1 0 1.000000
1.781470 1.533680 0 -2.882290 -5.863770 209.781000 1037.240000 -13 856 1 0 1.000000
2.092390 -24.900000 0 -10.744000 -6.359800 208.795000 1037.170000 -13 857 1 0 1.000000
-7.092140 -13.839700 0 6.670730 -2.997490 201.800000 1037.100000 -13 858 1 0 1.000000
-19.240600 -3.284740 0 28.539300 10.886500 222.951000 1037.220000 -13 859 1 0 1.000000
16.280600 9.736580 0 0.170950 -8.992990 202.303000 1037.260000 -13 860 1 0 1.000000
-11.892600 -31.405200 0 25.438700 -18.907500 221.862000 1037.210000 -13 861 1 0 1.000000
-13.158700 0.230149 0 4.233320 2.459940 202.342000 1037.340000 -13 862 1 0 1.000000
-6.978890 -3.406100 0 9.465890 0.968144 198.000000 1037.350000 -13 863 1 0 1.000000
-4.558570 -6.653690 0 4.935650 -3.018300 185.078000 1037.180000 -13 864 1 0 1.000000
11.478300 -4.834570 0 7.148290 -0.455277 215.122000 1037.040000 -13 865 1 0 1.000000
0.850275 -2.923870 0 -1.952570 -12.181500 204.030000 1037.110000 -13 866 1 0 1.000000
-18.497200 -3.853160 0 -6.753480 -23.375300 192.633000 1037.120000 -13 867 1 0 1.000000
-14.199600 3.322480 0 -1.793600 -2.356300 217.737000 1037.350000 -13 868 1 0 1.000000
-5.751880 -2.149540 0 4.400190 10.762100 195.576000 1037.010000 -13 869 1 0 1.000000
-9.937810 14.916200 0 -0.017441 -12.812700 205.215000 1037.080000 -13 870 1 0 1.000000
-6.786070 -6.135160 0 14.367000 3.118060 200.421000 1037.270000 -13 871 1 0 1.000000
3.788830 -13.596000 0 -2.386930 -6.585630 202.487000 1037.380000 -13 872 1 0 1.000000
-15.378000 -12.227500 0 -4.382570 20.921800 213.273000 1037.200000 -13 873 1 0 1.000000
1.600520 5.569480 0 11.153400 -4.922990 201.217000 1037.050000 -13 874 1 0 1.000000
6.416030 -6.381260 0 5.486900 23.091500 220.018000 1037.330000 -13 875 1 0 1.000000
1.521820 -12.363400 0 0.854478 10.292300 186.537000 1037.260000 -13 876 1 0 1.000000
-14.368200 -15.539200 0 7.869830 1.298830 203.171000 1037.300000 -13 877 1 0 1.000000
-7.112890 15.625700 0 -16.070600 -9.949610 228.288000 1037.390000 -13 878 1 0 1.000000
-4.587790 -2.360020 0 9.346860 -8.957240 217.250000 1037.110000 -13 879 1 0 1.000000
-22.221700 -7.083600 0 -0.117359 14.213900 209.166000 1037.310000 -13 880 1 0 1.000000
-12.371200 -0.413434 0 11.852500 -1.616870 214.293000 1037.080000 -13 881 1 0 1.000000
-25.183500 -4.969460 0 -10.269700 7.796570 218.359000 1037.030000 -13 882 1 0 1.000000
-6.155720 -12.244900 0 -0.293392 27.324700 203.856000 1037.230000 -13 883 1 0 1.000000
-12.397000 6.230490 0 10.225100 2.426890 201.517000 1037.160000 -13 884 1 0 1.000000
-7.804180 -0.401434 0 3.483000 2.838960 199.612000 1037.600000 -13 885 1 0 1.000000
-4.007460 -6.679980 0 -7.956550 -2.061640 209.305000 1037.280000 -13 886 1 0 1.000000
16.188200 -4.784220 0 -24.106600 8.252090 194.856000 1037.380000 -13 887 1 0 1.000000
1.457360 -11.911000 0 -1.777320 15.025300 219.548000 1037.320000 -13 888 1 0 1.000000
-4.409500 1.965160 0 19.867400 -4.082000 212.747000 1037.240000 -13 889 1 0 1.000000
1.347260 -17.754700 0 -18.621300 -0.851307 198.544000 1037.300000 -13 890 1 0 1.000000
2.058890 -18.689600 0 -1.250990 -6.561050 200.145000 1037.460000 -13 891 1 0 1.000000
-13.609300 2.781090 0 4.939990 -8.510340 214.958000 1037.250000 -13 892 1 0 1.000000
-6.783380 15.755900 0 23.580800 -2.879680 223.137000 1037.270000 -13 893 1 0 1.000000
-8.106000 -16.232500 0 21.747200 -7.048950 205.094000 1037.280000 -13 894 1 0 1.000000
6.173470 -11.207300 0 5.722400 -1.193930 191.498000 1037.330000 -13 895 1 0 1.000000
-11.437100 -19.783700 0 -7.185610 -21.101400 206.917000 1037.200000 -13 896 1 0 1.000000
-26.105300 -9.962250 0 -1.247560 14.907600 213.264000 1037.190000 -13 897 1 0 1.000000
-5.312020 -17.697700 0 -7.378650 0.785110 224.078000 1037.150000 -13 898 1 0 1.000000
9.030060 -31.801400 0 2.104220 -17.128900 207.598000 1037.560000 -13 899 1 0 1.000000
-16.724300 -4.715150 0 1.847220 7.358930 219.658000 1037.320000 -13 900 1 0 1.000000
6.599400 -11.095500 0 -3.013490 -9.891060 208.863000 1037.100000 -13 901 1 0 1.000000
-7.710710 -6.335280 0 -14.873100 4.742710 206.851000 1037.230000 -13 902 1 0 1.000000
-0.090484 -3.302540 0 8.552080 -18.936800 190.608000 1037.520000 -13 903 1 0 1.000000
-6.917570 -18.621300 0 -0.855622 2.391230 208.386000 1037.200000 -13 904 1 0 1.000000
-15.482400 -0.589060 0 20.473100 21.742000 209.146000 1037.280000 -13 905 1 0 1.000000
-10.493000 -9.536850 0 11.319900 2.283960 205.941000 1037.430000 -13 906 1 0 1.000000
5.912130 -12.400300 0 3.711160 16.525300 202.835000 1037.380000 -13 907 1 0 1.000000
-4.398810 -2.220690 0 2.958980 4.626070 206.840000 1037.140000 -13 908 1 0 1.000000
-12.547400 -9.810560 0 -5.097290 -5.656490 215.725000 1037.070000 -13 909 1 0 1.000000
3.089250 3.581830 0 3.622430 -16.623700 197.931000 1037.180000 -13 910 1 0 1.000000
12.666700 -2.804070 0 -10.769500 -5.596110 201.451000 1037.320000 -13 911 1 0 1.000000
-5.098800 -13.087400 0 4.681870 13.768100 207.480000 1037.210000 -13 912 1 0 1.000000
-26.447100 -1.259430 0 4.748690 0.595075 209.662000 1037.310000 -13 913 1 0 1.000000
-21.881700 -12.993300 0 -6.724660 -8.193390 208.658000 1037.410000 -13 914 1 0 1.000000
-5.286440 -21.491800 0 13.683800 20.218300 198.791000 1037.100000 -13 915 1 0 1.000000
-5.290020 -6.438040 0 -19.076300 -15.962900 226.680000 1037.090000 -13 916 1 0 1.000000
-21.774300 -1.589610 0 -3.856740 8.939500 204.570000 1037.290000 -13 917 1 0 1.000000
-7.848070 -13.128300 0 10.952900 -10.717400 191.075000 1037.050000 -13 918 1 0 1.000000
-0.701154 -7.570340 0 5.325880 -0.213463 202.269000 1037.240000 -13 919 1 0 1.000000
-3.678940 -7.465310 0 -2.191020 21.698000 201.433000 1037.180000 -13 920 1 0 1.000000
-1.674410 -10.682800 0 -1.974970 -8.474270 200.305000 1037.210000 -13 921 1 0 1.000000
-11.207600 -0.970259 0 -15.057800 -5.260360 202.559000 1037.270000 -13 922 1 0 1.000000
-8.680210 -5.976980 0 10.512700 9.210220 219.652000 1037.080000 -13 923 1 0 1.000000
-3.383110 -0.770250 0 12.559900 0.591472 216.938000 1037.500000 -13 924 1 0 1.000000
-1.442200 -10.545800 0 -6.370260 -12.599600 218.948000 1037.470000 -13 925 1 0 1.000000
-25.917300 -11.105500 0 3.238610 -1.903670 186.754000 1037.360000 -13 926 1 0 1.000000
-10.545800 0.272123 0 -3.548970 0.412957 206.895000 1037.270000 -13 927 1 0 1.000000
-8.121880 -7.935630 0 0.284457 8.287920 213.392000 1037.230000 -13 928 1 0 1.000000
8.205880 -5.841750 0 -13.392800 2.481580 191.883000 1037.360000 -13 929 1 0 1.000000
-7.812530 -13.477700 0 -13.025900 -3.893670 206.913000 1037.160000 -13 930 1 0 1.000000
-13.440500 -15.028100 0 -14.519400 -1.671920 202.917000 1037.300000 -13 931 1 0 1.000000
-14.290300 -26.357900 0 -9.620720 25.652000 207.582000 1037.160000 -13 932 1 0 1.000000
3.016260 -15.021100 0 -15.245700 17.617200 210.281000 1037.070000 -13 933 1 0 1.000000
5.760660 -6.939900 0 5.102800 -4.491570 207.145000 1037.140000 -13 934 1 0 1.000000
-4.635940 -14.883500 0 -19.263300 -8.476770 205.761000 1037.110000 -13 935 1 0 1.000000
-12.351600 -13.570900 0 11.693200 -1.090350 215.776000 1037.230000 -13 936 1 0 1.000000
-7.937990 -7.282300 0 2.531690 5.020620 198.515000 1037.240000 -13 937 1 0 1.000000
8.657530 -2.256890 0 -10.191100 -9.753560 192.799000 1037.300000 -13 938 1 0 1.000000
-21.060500 -11.160900 0 -12.766700 5.707400 225.957000 1037.000000 -13 939 1 0 1.000000
-8.398670 -1.685560 0 16.701800 17.876600 198.100000 1037.240000 -13 940 1 0 1.000000
-5.732000 -8.559160 0 -34.622600 10.710500 218.384000 1037.030000 -13 941 1 0 1.000000
-15.302200 -13.846700 0 -17.074400 -4.753770 208.498000 1037.110000 -13 942 1 0 1.000000
-8.339400 0.910940 0 7.566370 -4.416460 195.659000 1036.950000 -13 943 1 0 1.000000
8.216130 -17.227800 0 3.360470 -12.104700 217.138000 1037.090000 -13 944 1 0 1.000000
-10.563900 -16.524000 0 1.198100 -12.014500 212.166000 1037.390000 -13 945 1 0 1.000000
5.345740 -5.485030 0 -7.325250 3.559760 199.909000 1037.110000 -13 946 1 0 1.000000
-12.655900 -16.339700 0 -11.844800 16.493900 212.832000 1037.280000 -13 947 1 0 1.000000
-20.204100 -9.201330 0 -6.006640 2.460120 220.426000 1037.300000 -13 948 1 0 1.000000
9.245740 4.438260 0 -3.271780 2.016570 209.122000 1037.400000 -13 949 1 0 1.000000
-6.557310 -4.349650 0 17.791000 11.394700 206.612000 1037.270000 -13 950 1 0 1.000000
13.958000 -15.733000 0 -10.699300 -11.169100 210.323000 1037.160000 -13 951 1 0 1.000000
-2.385610 2.209560 0 5.527170 -27.904100 204.617000 1037.270000 -13 952 1 0 1.000000
-3.717640 -0.817621 0 1.445880 -7.528270 227.058000 1037.120000 -13 953 1 0 1.000000
-16.947900 0.661601 0 -21.351200 7.904940 212.395000 1037.310000 -13 954 1 0 1.000000
-22.866700 1.365080 0 15.275200 -3.655730 209.845000 1037.430000 -13 955 1 0 1.000000
26.715800 -5.909520 0 -16.762900 1.052910 206.386000 1037.130000 -13 956 1 0 1.000000
-15.454300 -5.752250 0 22.755800 -18.289200 215.131000 1037.220000 -13 957 1 0 1.000000
-15.286200 0.466518 0 1.361520 6.181560 215.184000 1037.090000 -13 958 1 0 1.000000
-3.449310 3.375750 0 -5.190970 -7.248330 212.857000 1037.230000 -13 959 1 0 1.000000
-9.708900 -5.167670 0 -31.328200 1.191110 214.967000 1037.420000 -13 960 1 0 1.000000
-8.407390 -11.067500 0 -13.477400 12.025000 201.691000 1037.160000 -13 961 1 0 1.000000
-11.841500 -6.313050 0 -1.980170 5.316700 198.087000 1037.310000 -13 962 1 0 1.000000
-10.142400 3.398640 0 -8.990790 8.330310 206.040000 1037.100000 -13 963 1 0 1.000000
-5.111700 -12.479400 0 18.296800 -14.232100 208.420000 1037.230000 -13 964 1 0 1.000000
3.883850 -33.302700 0 -8.742280 -4.180840 210.676000 1037.110000 -13 965 1 0 1.000000
13.837400 6.862230 0 6.233380 -24.944100 199.625000 1037.260000 -13 966 1 0 1.000000
-2.988330 -4.245350 0 -16.241500 -4.285190 202.379000 1037.420000 -13 967 1 0 1.000000
2.971860 -3.442260 0 0.394512 -10.867900 206.029000 1037.510000 -13 968 1 0 1.000000
-16.514600 -1.137160 0 0.719703 18.229000 212.826000 1037.150000 -13 969 1 0 1.000000
-7.580780 -7.490130 0 16.690900 -12.819800 199.364000 1037.210000 -13 970 1 0 1.000000
-1.168280 0.533382 0 20.937800 11.355300 200.246000 1037.250000 -13 971 1 0 1.000000
-17.159200 -2.813070 0 -11.830300 -9.996890 215.481000 1037.230000 -13 972 1 0 1.000000
-3.944800 -7.714090 0 -2.658360 -7.203520 190.144000 1037.320000 -13 973 1 0 1.000000
-16.788300 -7.756880 0 -0.579580 4.983900 208.615000 1037.240000 -13 974 1 0 1.000000
-6.036320 -4.493210 0 -3.370870 -6.077530 191.091000 1037.280000 -13 975 1 0 1.000000
-16.014400 1.560900 0 -1.815680 4.795260 203.169000 1037.290000 -13 976 1 0 1.000000
-24.859600 -5.828640 0 -4.887380 -10.114500 206.496000 1037.270000 -13 977 1 0 1.000000
-10.669200 3.894980 0 3.459330 -2.430400 210.783000 1037.310000 -13 978 1 0 1.000000
-0.176187 -9.627340 0 4.057200 2.520270 214.874000 1037.300000 -13 979 1 0 1.000000
-1.529720 -5.553090 0 -13.049600 -4.935690 214.859000 1037.150000 -13 980 1 0 1.000000
7.147310 -15.649000 0 -4.191740 16.630000 194.413000 1037.230000 -13 981 1 0 1.000000
-9.835440 -3.840150 0 7.203410 -4.386140 195.209000 1037.290000 -13 982 1 0 1.000000
0.228853 -19.168700 0 -2.172050 -5.927830 205.519000 1037.240000 -13 983 1 0 1.000000
-23.428400 4.404850 0 15.741300 -3.561330 218.914000 1037.400000 -13 984 1 0 1.000000
-9.671770 -0.842767 0 9.548470 -13.324600 194.929000 1037.220000 -13 985 1 0 1.000000
-2.483040 -11.190300 0 -13.870700 -10.921900 210.560000 1037.350000 -13 986 1 0 1.000000
-10.067200 -14.321000 0 -12.115100 -1.777680 196.670000 1037.260000 -13 987 1 0 1.000000
9.515010 -5.854420 0 3.371490 12.512900 224.772000 1037.200000 -13 988 1 0 1.000000
3.065050 -15.491100 0 11.871400 11.066900 210.878000 1037.310000 -13 989 1 0 1.000000
-0.769748 -8.906380 0 -0.223577 18.523600 193.661000 1037.060000 -13 990 1 0 1.000000
3.165960 -11.107600 0 3.845990 4.896640 205.136000 1037.470000 -13 991 1 0 1.000000
-4.925210 -13.161200 0 -3.836320 -12.411300 210.863000 1037.240000 -13 992 1 0 1.000000
1.148060 -7.427620 0 -2.406180 2.644560 197.389000 1037.390000 -13 993 1 0 1.000000
-5.462290 -0.854474 0 -4.517440 3.476760 204.510000 1037.030000 -13 994 1 0 1.000000
5.110830 -12.514700 0 -14.529400 -6.458750 226.433000 1037.330000 -13 995 1 0 1.000000
-6.063870 2.265780 0 5.597360 -4.571390 211.629000 1037.080000 -13 996 1 0 1.000000
-22.700000 -19.485700 0 2.534760 11.490800 217.169000 1037.030000 -13 997 1 0 1.000000
-9.565030 -11.067400 0 6.035920 16.403900 199.888000 1037.290000 -13 998 1 0 1.000000
-10.898000 -2.972990 0 -5.509590 18.221500 207.008000 1037.070000 -13 999 1 0 1.000000
-20.579800 -8.358880 0 -13.744500 -6.314580 206.689000 1037.110000 -13 1000 1 0 1.000000
-12.811100 -12.570000 0 -10.012100 0.231687 232.263000 1037.150000 -13 1001 1 0 1.000000
-4.850640 -11.579300 0 -4.050400 17.055600 208.437000 1037.100000 -13 1002 1 0 1.000000
-2.891070 -21.456600 0 17.388300 0.135771 203.462000 1037.190000 -13 1003 1 0 1.000000
-13.853100 -0.908541 0 7.217690 -13.864200 218.627000 1037.260000 -13 1004 1 0 1.000000
16.840400 4.418610 0 -1.263530 -10.805900 211.378000 1037.570000 -13 1005 1 0 1.000000
-9.249250 -20.740100 0 0.826346 -6.689170 219.811000 1037.100000 -13 1006 1 0 1.000000
2.563340 -3.550150 0 -11.910600 5.450450 204.575000 1037.160000 -13 1007 1 0 1.000000
-1.319670 -10.238800 0 7.704340 -2.334100 199.476000 1037.250000 -13 1008 1 0 1.000000
-1.199480 -8.282240 0 -7.339140 -2.074820 214.017000 1037.160000 -13 1009 1 0 1.000000
3.437840 -24.373900 0 -13.857100 -8.877640 199.844000 1037.150000 -13 1010 1 0 1.000000
6.869100 -5.974590 0 6.481090 -6.337510 225.267000 1037.430000 -13 1011 1 0 1.000000
-7.899140 -22.294700 0 12.105300 -2.391590 207.070000 1037.290000 -13 1012 1 0 1.000000
-5.345870 0.059392 0 -18.089800 2.297650 191.609000 1037.280000 -13 1013 1 0 1.000000
2.442000 -14.555700 0 0.689672 -15.269500 211.735000 1037.210000 -13 1014 1 0 1.000000
-17.273300 -18.476300 0 -9.815220 -3.484590 210.530000 1037.290000 -13 1015 1 0 1.000000
-15.516600 -8.070280 0 -1.746880 -2.415510 200.468000 1037.270000 -13 1016 1 0 1.000000
-4.321410 -8.770510 0 17.606500 10.796700 195.316000 1037.180000 -13 1017 1 0 1.000000
-4.224960 -2.556440 0 21.414400 4.276420 208.257000 1037.140000 -13 1018 1 0 1.000000
-12.738700 -2.791920 0 13.628200 4.397760 215.381000 1037.170000 -13 1019 1 0 1.000000
-4.516310 -8.149970 0 -17.903500 -0.520006 218.705000 1037.250000 -13 1020 1 0 1.000000
3.358010 -7.436150 0 -29.319200 -1.567370 213.625000 1037.050000 -13 1021 1 0 1.000000
1.588720 -14.741600 0 8.357490 -14.540000 201.470000 1037.200000 -13 1022 1 0 1.000000
-6.888220 -0.493875 0 11.896500 -5.183400 188.219000 1037.210000 -13 1023 1 0 1.000000
-8.026380 0.285579 0 -14.992600 -10.647900 220.935000 1037.210000 -13 1024 1 0 1.000000
-9.134600 -8.357620 0 -16.066800 11.239400 200.085000 1037.140000 -13 1025 1 0 1.000000
-9.009140 4.204080 0 -0.404414 -12.194300 194.067000 1037.150000 -13 1026 1 0 1.000000
7.971460 -4.902970 0 0.634631 1.468250 199.153000 1037.260000 -13 1027 1 0 1.000000
-1.208560 -0.971475 0 18.639700 -17.945100 203.005000 1037.360000 -13 1028 1 0 1.000000
-9.392130 -4.477630 0 8.068940 3.003090 195.225000 1037.310000 -13 1029 1 0 1.000000
-5.817870 -4.553800 0 -23.952900 11.175700 207.317000 1037.350000 -13 1030 1 0 1.000000
-9.152150 -18.803000 0 -14.035600 5.938380 209.537000 1037.190000 -13 1031 1 0 1.000000
-13.111500 -2.365200 0 6.846940 -9.170400 201.665000 1037.500000 -13 1032 1 0 1.000000
-0.406438 -13.500600 0 -1.777430 13.382100 209.050000 1037.380000 -13 1033 1 0 1.000000
-21.654300 -15.304000 0 -31.822400 12.048600 221.802000 1037.070000 -13 1034 1 0 1.000000
-21.319000 -20.861300 0 2.259720 -1.757600 206.766000 1037.100000 -13 1035 1 0 1.000000
0.575309 -7.963970 0 11.631300 -16.976200 195.958000 1037.140000 -13 1036 1 0 1.000000
-2.032740 -3.351450 0 -1.816540 -1.261150 191.558000 1037.150000 -13 1037 1 0 1.000000
-14.251800 -6.618410 0 -6.343330 -21.146900 217.208000 1037.100000 -13 1038 1 0 1.000000
-0.110168 -9.240420 0 4.807260 3.325670 206.201000 1037.440000 -13 1039 1 0 1.000000
-11.342200 -14.126300 0 5.150270 21.672800 195.686000 1037.050000 -13 1040 1 0 1.000000
-0.625213 -4.494770 0 21.705300 -13.653800 213.894000 1037.320000 -13 1041 1 0 1.000000
5.945870 -8.031850 0 -10.326600 2.619110 183.786000 1037.310000 -13 1042 1 0 1.000000
8.835100 -11.611400 0 -9.937320 -2.871850 201.636000 1037.510000 -13 1043 1 0 1.000000
-15.159000 -7.031660 0 -22.420300 -0.222958 207.547000 1037.380000 -13 1044 1 0 1.000000
-14.223300 -6.355900 0 10.245700 -1.247890 197.601000 1037.410000 -13 1045 1 0 1.000000
-21.161300 12.040400 0 12.416800 13.239200 207.975000 1037.340000 -13 1046 1 0 1.000000
-13.360300 -14.716100 0 15.340200 -5.797940 218.758000 1037.170000 -13 1047 1 0 1.000000
-9.407950 -18.393000 0 12.154000 -0.418981 215.175000 1037.260000 -13 1048 1 0 1.000000
3.293310 -2.310770 0 5.693250 3.948960 217.762000 1037.170000 -13 1049 1 0 1.000000
-10.650600 -4.853190 0 -6.259180 -5.528130 199.386000 1037.120000 -13 1050 1 0 1.000000
-20.745300 -14.847500 0 19.408800 -22.415800 211.321000 1037.250000 -13 1051 1 0 1.000000
14.157600 4.037090 0 3.643170 4.266530 196.426000 1037.160000 -13 1052 1 0 1.000000
2.615410 -4.547640 0 3.411760 -15.150100 205.446000 1037.180000 -13 1053 1 0 1.000000
4.849310 -7.583900 0 2.807900 -7.100630 220.304000 1037.360000 -13 1054 1 0 1.000000
-17.374300 -2.833930 0 -21.155900 1.888490 203.614000 1037.300000 -13 1055 1 0 1.000000
-5.448800 -2.191440 0 23.504600 3.979500 206.029000 1037.190000 -13 1056 1 0 1.000000
1.590940 -13.635400 0 -7.657220 12.400300 221.385000 1037.290000 -13 1057 1 0 1.000000
-7.205020 -12.494700 0 5.857540 17.088800 210.622000 1036.960000 -13 1058 1 0 1.000000
-19.938100 -16.586500 0 2.348490 13.835900 209.909000 1037.150000 -13 1059 1 0 1.000000
-0.692227 -11.853800 0 -20.182100 -9.191700 200.528000 1037.120000 -13 1060 1 0 1.000000
-9.358600 -6.181030 0 -13.847000 -0.053518 230.659000 1037.170000 -13 1061 1 0 1.000000
-11.181700 7.038810 0 -11.066100 -5.627280 202.807000 1037.230000 -13 1062 1 0 1.000000
10.193200 -6.525100 0 9.372940 -13.904500 194.967000 1037.200000 -13 1063 1 0 1.000000
0.953934 -15.164300 0 -10.606400 23.260900 218.539000 1037.260000 -13 1064 1 0 1.000000
-15.263100 -3.670730 0 5.631520 -3.795240 206.744000 1037.100000 -13 1065 1 0 1.000000
-7.071850 -16.983000 0 10.621000 -5.499240 206.789000 1037.280000 -13 1066 1 0 1.000000
-4.130250 2.621120 0 0.116771 -14.652400 188.184000 1037.390000 -13 1067 1 0 1.000000
-4.659600 3.092160 0 19.602600 -13.464500 201.009000 1037.130000 -13 1068 1 0 1.000000
-10.294000 -9.029750 0 4.329470 9.246060 206.625000 1037.310000 -13 1069 1 0 1.000000
-10.234400 15.039900 0 6.146250 -23.580700 206.037000 1037.310000 -13 1070 1 0 1.000000
-14.198800 -7.013710 0 8.469610 -9.369620 215.667000 1037.430000 -13 1071 1 0 1.000000
12.050300 -8.312460 0 -2.545460 -5.139000 197.537000 1037.310000 -13 1072 1 0 1.000000
2.731540 -7.412580 0 -21.399500 -11.371200 183.847000 1037.410000 -13 1073 1 0 1.000000
-2.689530 -5.439720 0 -25.346300 1.817180 200.594000 1037.130000 -13 1074 1 0 1.000000
6.103110 -3.192630 0 -14.869000 -2.899970 199.254000 1037.440000 -13 1075 1 0 1.000000
2.575060 6.412420 0 -0.205157 12.691000 212.144000 1037.080000 -13 1076 1 0 1.000000
-10.442600 -14.558100 0 -11.285400 -5.649910 202.873000 1037.370000 -13 1077 1 0 1.000000
-6.105910 -26.197900 0 8.171460 -19.998200 199.330000 1037.480000 -13 1078 1 0 1.000000
-4.311710 -15.091300 0 2.693210 -3.308420 218.038000 1037.310000 -13 1079 1 0 1.000000
-4.534040 -5.462740 0 -16.849300 6.649450 213.012000 1037.270000 -13 1080 1 0 1.000000
-8.687020 9.681230 0 7.781200 -10.305500 197.322000 1037.040000 -13 1081 1 0 1.000000
-5.592920 -20.458200 0 34.044100 -8.951850 215.595000 1037.080000 -13 1082 1 0 1.000000
-17.132100 -2.872140 0 9.066170 1.670570 214.587000 1037.310000 -13 1083 1 0 1.000000
-13.551500 -6.198910 0 -14.580700 -2.653240 209.625000 1037.270000 -13 1084 1 0 1.000000
-21.832800 -12.090500 0 -6.768340 10.230800 205.616000 1037.330000 -13 1085 1 0 1.000000
-5.411420 -15.301400 0 -12.900900 -3.056940 201.995000 1037.460000 -13 1086 1 0 1.000000
-1.997230 -7.627290 0 1.480930 -3.164200 214.166000 1037.270000 -13 1087 1 0 1.000000
-10.512200 -19.377300 0 -22.253800 -0.958802 230.696000 1037.100000 -13 1088 1 0 1.000000
-12.669200 -8.312910 0 5.008110 -4.592750 202.751000 1037.170000 -13 1089 1 0 1.000000
-3.819780 -1.053650 0 -4.207410 3.769330 202.322000 1037.390000 -13 1090 1 0 1.000000
8.457780 -1.078780 0 9.457800 -31.349900 206.814000 1037.210000 -13 1091 1 0 1.000000
-13.339100 5.108280 0 3.875060 -3.257470 209.636000 1037.170000 -13 1092 1 0 1.000000
-13.722200 -14.660100 0 -30.993600 -3.861240 206.800000 1037.260000 -13 1093 1 0 1.000000
-13.518100 -15.226800 0 0.219208 21.804800 204.025000 1037.580000 -13 1094 1 0 1.000000
-10.393800 -2.448720 0 2.586920 -9.145320 201.575000 1037.030000 -13 1095 1 0 1.000000
-10.517000 -17.054300 0 4.778100 -4.987460 214.783000 1037.180000 -13 1096 1 0 1.000000
-0.684692 4.428910 0 -0.716206 -14.006800 184.113000 1037.240000 -13 1097 1 0 1.000000
3.377530 -4.060370 0 9.605240 -6.530330 209.730000 1037.250000 -13 1098 1 0 1.000000
2.596940 -3.990820 0 10.846900 15.675400 213.216000 1037.330000 -13 1099 1 0 1.000000
-10.430900 -3.235090 0 6.714580 -3.585240 206.525000 1037.230000 -13 1100 1 0 1.000000
2.779540 -13.105600 0 -2.869770 -8.172670 195.676000 1037.200000 -13 1101 1 0 1.000000
-14.462200 -9.888250 0 1.716050 3.335980 228.663000 1037.290000 -13 1102 1 0 1.000000
-9.684250 -7.654030 0 -17.019800 -8.467720 207.922000 1037.210000 -13 1103 1 0 1.000000
-11.582900 0.001273 0 -3.780530 9.595870 207.525000 1037.160000 -13 1104 1 0 1.000000
-5.001160 -16.373500 0 -3.342900 -2.358270 214.247000 1037.380000 -13 1105 1 0 1.000000
1.754230 -0.095414 0 13.723600 1.923100 196.986000 1037.220000 -13 1106 1 0 1.000000
-19.208700 -0.625090 0 -7.079760 10.897400 201.008000 1037.240000 -13 1107 1 0 1.000000
-13.971400 -5.276210 0 -4.870240 -4.383940 203.210000 1037.300000 -13 1108 1 0 1.000000
-0.482797 -24.945400 0 -10.977800 3.420630 214.436000 1037.160000 -13 1109 1 0 1.000000
-4.712770 -3.379150 0 4.108090 12.950600 208.146000 1037.340000 -13 1110 1 0 1.000000
-13.857000 -18.406800 0 -17.521600 -9.991040 201.490000 1037.260000 -13 1111 1 0 1.000000
2.141230 -9.571490 0 -12.008000 1.435310 196.113000 1037.210000 -13 1112 1 0 1.000000
-19.320400 2.587870 0 0.473846 15.071300 213.063000 1037.460000 -13 1113 1 0 1.000000
-15.760200 -9.384690 0 -5.557590 -13.468000 203.966000 1037.260000 -13 1114 1 0 1.000000
-12.459800 -13.941400 0 1.216420 -5.036690 197.243000 1037.270000 -13 1115 1 0 1.000000
-19.739900 -12.029300 0 -15.224700 43.952600 215.173000 1037.340000 -13 1116 1 0 1.000000
-19.349500 -3.054880 0 -7.362130 8.871360 215.512000 1037.180000 -13 1117 1 0 1.000000
-4.569210 -11.655400 0 8.507510 2.016740 212.192000 1037.280000 -13 1118 1 0 1.000000
0.416021 -25.718800 0 4.092080 19.654300 206.726000 1037.250000 -13 1119 1 0 1.000000
-8.034500 -3.547480 0 4.448800 -15.403400 199.714000 1037.310000 -13 1120 1 0 1.000000
-14.478400 -9.610530 0 5.148210 8.556050 200.697000 1037.300000 -13 1121 1 0 1.000000
-5.131130 0.895897 0 -1.521690 -10.769900 209.492000 1037.150000 -13 1122 1 0 1.000000
-0.449954 6.554660 0 4.308530 -5.166610 203.116000 1037.330000 -13 1123 1 0 1.000000
-16.503200 -14.375600 0 -20.943700 10.129600 203.648000 1037.230000 -13 1124 1 0 1.000000
-1.509630 -9.189090 0 -13.881800 -13.180500 194.004000 1037.270000 -13 1125 1 0 1.000000
-1.799870 0.941521 0 16.151400 -32.520400 218.349000 1037.350000 -13 1126 1 0 1.000000
3.696310 -9.142080 0 -10.655100 20.792800 203.204000 1037.580000 -13 1127 1 0 1.000000
-30.923400 -2.697070 0 19.387900 7.706130 230.055000 1037.240000 -13 1128 1 0 1.000000
1.690750 -14.166100 0 -9.812870 8.472050 192.089000 1037.180000 -13 1129 1 0 1.000000
-8.360840 1.838050 0 -1.280500 -1.687630 197.243000 1037.250000 -13 1130 1 0 1.000000
-24.650400 -8.348870 0 -5.855340 14.201700 225.140000 1037.360000 -13 1131 1 0 1.000000
-11.770800 -0.040807 0 -13.275000 -3.576700 220.559000 1037.420000 -13 1132 1 0 1.000000
-20.394300 12.757600 0 -5.990940 -1.893850 196.138000 1036.950000 -13 1133 1 0 1.000000
-3.163330 -8.933740 0 -16.701800 -14.473800 219.741000 1037.270000 -13 1134 1 0 1.000000
7.835770 -11.865600 0 -2.223830 11.885400 200.451000 1037.410000 -13 1135 1 0 1.000000
-8.908170 -3.830070 0 -16.535100 -6.081020 208.562000 1036.980000 -13 1136 1 0 1.000000
-27.539700 -6.939230 0 12.391900 -6.061580 202.735000 1037.250000 -13 1137 1 0 1.000000
-2.576820 5.902210 0 -7.160870 8.629650 205.777000 1037.360000 -13 1138 1 0 1.000000
5.337130 0.543604 0 -0.135369 3.845610 202.885000 1037.200000 -13 1139 1 0 1.000000
-6.039470 -4.032110 0 -9.611490 -0.482594 209.701000 1037.320000 -13 1140 1 0 1.000000
-6.615180 -7.597000 0 -6.265710 1.560790 200.164000 1037.160000 -13 1141 1 0 1.000000
-20.192200 -5.899260 0 -5.557660 -2.254860 219.440000 1037.240000 -13 1142 1 0 1.000000
-7.874930 -3.583370 0 -8.154120 20.946100 218.937000 1037.270000 -13 1143 1 0 1.000000
3.293010 -4.175540 0 18.404100 2.008300 198.047000 1037.470000 -13 1144 1 0 1.000000
-6.573250 9.504720 0 17.244700 -1.932300 214.796000 1037.410000 -13 1145 1 0 1.000000
-2.695330 1.648550 0 -10.445900 -4.666290 195.637000 1037.560000 -13 1146 1 0 1.000000
2.419880 -5.515210 0 12.369900 -12.891100 190.755000 1037.300000 -13 1147 1 0 1.000000
-21.601400 -10.660600 0 -8.197420 4.563870 216.943000 1037.340000 -13 1148 1 0 1.000000
-3.264750 -6.153760 0 -13.039100 7.808680 208.166000 1037.170000 -13 1149 1 0 1.000000
-10.046700 -2.820780 0 -0.209264 -5.163400 205.489000 1037.200000 -13 1150 1 0 1.000000
-3.845550 2.801710 0 4.417380 -4.491520 204.699000 1037.230000 -13 1151 1 0 1.000000
-8.350250 -11.475800 0 -6.112000 18.898700 201.208000 1037.460000 -13 1152 1 0 1.000000
-14.534200 -5.255550 0 -10.555300 -9.303330 203.512000 1037.410000 -13 1153 1 0 1.000000
-24.000400 -1.167790 0 8.708250 5.529810 216.904000 1037.160000 -13 1154 1 0 1.000000
-6.656050 -6.622520 0 -11.731200 -0.862435 211.024000 1037.260000 -13 1155 1 0 1.000000
-5.645150 -0.729609 0 -1.581110 15.329100 216.666000 1037.470000 -13 1156 1 0 1.000000
-9.180370 -8.684190 0 -5.095600 7.995790 202.587000 1037.280000 -13 1157 1 0 1.000000
-17.238400 1.503180 0 -1.939320 -9.642380 206.337000 1037.090000 -13 1158 1 0 1.000000
-15.832900 -1.619110 0 -5.390360 2.785540 218.429000 1037.440000 -13 1159 1 0 1.000000
2.010630 0.628143 0 6.855780 3.656100 198.134000 1036.920000 -13 1160 1 0 1.000000
-16.452300 -23.381300 0 -7.953130 4.614000 211.565000 1037.040000 -13 1161 1 0 1.000000
-10.334000 -7.037540 0 19.529600 10.602000 209.583000 1037.170000 -13 1162 1 0 1.000000
-0.341639 -3.659930 0 -9.167840 5.603730 201.462000 1037.150000 -13 1163 1 0 1.000000
-1.089190 -11.021400 0 1.836440 2.931730 223.476000 1037.210000 -13 1164 1 0 1.000000
-0.627724 -5.940130 0 -4.734700 8.703410 201.353000 1037.310000 -13 1165 1 0 1.000000
12.608800 -22.561500 0 -13.565800 15.661200 214.892000 1037.060000 -13 1166 1 0 1.000000
-1.463950 4.401470 0 1.217060 0.952627 218.518000 1037.120000 -13 1167 1 0 1.000000
-6.243310 4.907300 0 -14.408300 -18.545900 223.872000 1037.240000 -13 1168 1 0 1.000000
-10.493100 -0.942249 0 10.865500 -16.806400 208.509000 1037.190000 -13 1169 1 0 1.000000
-7.519350 -13.814800 0 4.976250 -13.725100 211.981000 1037.310000 -13 1170 1 0 1.000000
-6.472520 -11.302300 0 -3.446620 -0.573118 212.083000 1037.450000 -13 1171 1 0 1.000000
-23.039400 -0.159407 0 -0.277498 10.048500 195.193000 1037.210000 -13 1172 1 0 1.000000
-6.890080 -26.749100 0 10.285000 10.558200 209.336000 1037.110000 -13 1173 1 0 1.000000
-9.493390 -8.996980 0 -10.618800 7.398050 195.359000 1037.110000 -13 1174 1 0 1.000000
5.162140 -9.561480 0 -4.963130 -15.489100 210.096000 1037.210000 -13 1175 1 0 1.000000
-3.324990 8.579270 0 2.619660 9.453690 214.123000 1037.380000 -13 1176 1 0 1.000000
6.005170 -9.995660 0 -10.955400 -3.391240 204.359000 1037.170000 -13 1177 1 0 1.000000
-6.999640 -13.103300 0 -6.580390 7.572360 199.285000 1037.110000 -13 1178 1 0 1.000000
-8.804770 -6.084490 0 10.969900 4.433520 204.283000 1037.120000 -13 1179 1 0 1.000000
7.219360 -8.396140 0 -6.752240 -18.832900 202.384000 1037.120000 -13 1180 1 0 1.000000
2.289900 -16.032300 0 21.552100 -8.583790 219.984000 1037.420000 -13 1181 1 0 1.000000
-5.138140 -22.504300 0 -9.965140 -1.711990 204.471000 1037.230000 -13 1182 1 0 1.000000
5.966810 0.673998 0 -10.323800 14.934200 195.635000 1037.200000 -13 1183 1 0 1.000000
-6.625320 -14.406600 0 -3.108340 9.855060 223.513000 1037.170000 -13 1184 1 0 1.000000
-14.776400 -1.910480 0 15.681800 0.313605 209.959000 1037.200000 -13 1185 1 0 1.000000
-0.766944 4.300620 0 -0.212026 -10.081900 201.495000 1037.410000 -13 1186 1 0 1.000000
1.664490 -11.946900 0 -1.298420 16.415500 187.889000 1037.250000 -13 1187 1 0 1.000000
-7.972050 -5.426990 0 25.749900 -11.722000 189.401000 1037.090000 -13 1188 1 0 1.000000
11.365800 -12.801800 0 5.460940 -6.151150 196.180000 1037.410000 -13 1189 1 0 1.000000
-6.840450 -8.003120 0 -1.990650 -5.845340 203.311000 1037.050000 -13 1190 1 0 1.000000
2.003320 -13.758800 0 -10.077900 -13.940800 209.967000 1037.140000 -13 1191 1 0 1.000000
1.949750 -1.914990 0 -4.544130 -12.709300 199.456000 1037.250000 -13 1192 1 0 1.000000
8.165160 -16.908300 0 -11.986300 -8.685210 219.362000 1037.370000 -13 1193 1 0 1.000000
2.270450 -12.648400 0 9.108920 -13.980400 208.604000 1037.190000 -13 1194 1 0 1.000000
-7.405200 -0.098203 0 5.422780 0.873073 193.053000 1037.270000 -13 1195 1 0 1.000000
-13.366900 -6.153080 0 -5.707860 -18.478400 228.360000 1037.130000 -13 1196 1 0 1.000000
-28.637000 -6.742060 0 -10.034000 24.916800 214.456000 1037.040000 -13 1197 1 0 1.000000
-21.371600 5.275130 0 15.336500 -8.790230 223.254000 1037.180000 -13 1198 1 0 1.000000
-9.114330 -2.104970 0 14.104200 3.201610 204.008000 1037.240000 -13 1199 1 0 1.000000
-14.542500 -10.463400 0 -1.610890 8.907420 204.345000 1037.370000 -13 1200 1 0 1.000000
5.646960 -15.832900 0 9.708650 15.325500 212.946000 1037.450000 -13 1201 1 0 1.000000
-2.921350 -12.421100 0 5.282230 -16.794400 186.474000 1037.400000 -13 1202 1 0 1.000000
-1.675620 -13.355500 0 13.397200 -19.360100 194.790000 1037.230000 -13 1203 1 0 1.000000
-13.061400 -2.257080 0 -2.675590 23.049700 197.561000 1037.280000 -13 1204 1 0 1.000000
0.777502 4.271170 0 23.249300 6.648130 201.825000 1037.000000 -13 1205 1 0 1.000000
-11.267600 -13.876500 0 -10.212000 -15.231500 211.966000 1037.280000 -13 1206 1 0 1.000000
-18.462800 -17.807300 0 -27.586400 -4.273280 209.507000 1037.380000 -13 1207 1 0 1.000000
-4.518770 -8.950660 0 4.083300 3.550560 206.521000 1037.280000 -13 1208 1 0 1.000000
-8.582090 -7.463910 0 3.240650 20.147300 209.044000 1037.140000 -13 1209 1 0 1.000000
3.317550 -11.276500 0 -9.608420 -16.030500 202.139000 1037.170000 -13 1210 1 0 1.000000
-9.892670 -14.347700 0 9.075560 -25.324200 222.241000 1037.340000 -13 1211 1 0 1.000000
-20.130400 -14.158600 0 -1.717820 -10.843000 206.629000 1037.280000 -13 1212 1 0 1.000000
-10.585700 2.129220 0 10.317600 -0.433845 214.844000 1037.220000 -13 1213 1 0 1.000000
3.712750 -9.723630 0 7.877250 -3.484530 202.480000 1037.320000 -13 1214 1 0 1.000000
-10.291000 -5.758100 0 -11.480600 8.480070 200.291000 1037.030000 -13 1215 1 0 1.000000
-11.240000 -6.069040 0 8.963680 -1.170130 220.944000 1037.180000 -13 1216 1 0 1.000000
-7.432950 -28.625700 0 16.760900 10.829500 209.747000 1037.070000 -13 1217 1 0 1.000000
-3.919290 -2.884370 0 7.923410 -2.916060 216.423000 1037.150000 -13 1218 1 0 1.000000
-4.148300 -10.394600 0 -1.420300 -5.139190 207.816000 1037.310000 -13 1219 1 0 1.000000
-7.297290 -13.381800 0 -1.904020 3.024640 212.249000 1037.300000 -13 1220 1 0 1.000000
8.422450 -13.408400 0 7.824840 4.169690 201.228000 1037.130000 -13 1221 1 0 1.000000
-23.611800 -17.387800 0 4.967630 -4.527350 206.472000 1037.190000 -13 1222 1 0 1.000000
-1.854060 -3.127300 0 4.454170 -3.831780 205.398000 1037.120000 -13 1223 1 0 1.000000
-22.480500 -8.370580 0 2.293770 5.550250 220.588000 1037.160000 -13 1224 1 0 1.000000
10.427200 6.169620 0 9.355890 -9.753210 211.633000 1037.210000 -13 1225 1 0 1.000000
6.184870 -10.395300 0 -18.237000 -13.811400 234.256000 1037.160000 -13 1226 1 0 1.000000
0.819492 -5.042690 0 2.302260 -7.120950 199.456000 1037.250000 -13 1227 1 0 1.000000
-15.071900 -9.643380 0 -9.219420 -5.848210 204.176000 1037.460000 -13 1228 1 0 1.000000
1.968290 4.394510 0 11.742400 -3.107840 203.462000 1037.360000 -13 1229 1 0 1.000000
-10.657700 7.392630 0 2.703060 3.783250 202.302000 1037.300000 -13 1230 1 0 1.000000
-7.056580 -11.270500 0 -21.100800 3.510440 206.050000 1037.290000 -13 1231 1 0 1.000000
-9.641730 -6.780490 0 -12.720500 9.220180 206.496000 1037.340000 -13 1232 1 0 1.000000
-6.381790 -6.311330 0 15.455000 0.633207 198.953000 1037.400000 -13 1233 1 0 1.000000
-9.267130 -17.328400 0 6.720760 -7.362040 219.371000 1037.150000 -13 1234 1 0 1.000000
-12.402100 -5.971300 0 12.148000 -4.764020 198.095000 1037.460000 -13 1235 1 0 1.000000
-9.678960 -14.506300 0 -15.708500 -15.495200 209.674000 1037.220000 -13 1236 1 0 1.000000
-4.164450 -1.315770 0 11.277200 -21.502300 210.842000 1037.160000 -13 1237 1 0 1.000000
-1.740190 -13.105400 0 2.466290 0.018920 195.155000 1037.250000 -13 1238 1 0 1.000000
-16.758800 -4.288220 0 -1.489830 10.261800 215.962000 1037.230000 -13 1239 1 0 1.000000
-26.937600 -22.122500 0 6.565670 -15.478800 220.302000 1037.280000 -13 1240 1 0 1.000000
-16.470500 -6.276620 0 2.633150 -2.474220 200.096000 1037.290000 -13 1241 1 0 1.000000
21.095300 -14.201000 0 -0.280081 -3.859770 201.408000 1037.400000 -13 1242 1 0 1.000000
-14.518500 -6.724480 0 7.294200 -10.405500 194.851000 1037.260000 -13 1243 1 0 1.000000
-3.544710 -17.091700 0 18.378500 14.050100 201.591000 1037.460000 -13 1244 1 0 1.000000
-1.086240 -15.408300 0 -28.756200 -15.363400 220.580000 1037.150000 -13 1245 1 0 1.000000
-7.451290 -24.261300 0 12.738500 -3.472260 207.383000 1037.280000 -13 1246 1 0 1.000000
-5.036930 4.292150 0 -10.818400 -18.444900 193.826000 1037.160000 -13 1247 1 0 1.000000
-3.208910 -16.615300 0 7.393140 -2.363210 199.646000 1037.000000 -13 1248 1 0 1.000000
-2.172190 -23.690900 0 -7.367450 -10.966900 216.614000 1037.340000 -13 1249 1 0 1.000000
-0.080624 -18.300400 0 -7.851560 0.015726 214.584000 1037.390000 -13 1250 1 0 1.000000
-18.073700 -3.571490 0 15.066500 5.744910 208.591000 1037.440000 -13 1251 1 0 1.000000
-4.602450 1.790490 0 4.106000 -14.719500 205.048000 1037.300000 -13 1252 1 0 1.000000
-1.028880 -2.185520 0 19.052900 4.616070 201.796000 1037.510000 -13 1253 1 0 1.000000
-13.167100 2.251900 0 0.805557 13.409700 196.111000 1037.420000 -13 1254 1 0 1.000000
17.980100 7.255440 0 -9.097580 -1.382340 215.548000 1037.210000 -13 1255 1 0 1.000000
-8.397590 15.773000 0 17.250000 -8.334130 214.423000 1037.360000 -13 1256 1 0 1.000000
3.844000 -3.375240 0 1.622110 -4.339660 197.161000 1037.200000 -13 1257 1 0 1.000000
-3.101720 -20.059600 0 -22.650700 -17.731500 216.885000 1036.990000 -13 1258 1 0 1.000000
-5.467260 -11.429500 0 -9.661760 18.784100 210.227000 1037.270000 -13 1259 1 0 1.000000
15.867700 -11.833300 0 9.408760 -34.132200 212.313000 1037.380000 -13 1260 1 0 1.000000
-11.212500 3.188360 0 -2.039660 -9.005030 205.165000 1037.200000 -13 1261 1 0 1.000000
-10.430900 -9.212750 0 14.220000 -6.316750 192.003000 1037.310000 -13 1262 1 0 1.000000
-12.065000 -14.462600 0 -1.928510 5.267780 204.370000 1037.460000 -13 1263 1 0 1.000000
-2.124550 -8.983060 0 12.806400 -3.970940 201.584000 1037.090000 -13 1264 1 0 1.000000
-25.967500 -9.349520 0 -3.613520 -6.484800 208.193000 1037.150000 -13 1265 1 0 1.000000
-10.615500 -7.031030 0 3.404130 0.771232 210.084000 1037.050000 -13 1266 1 0 1.000000
-4.793530 -7.701240 0 6.578390 8.782500 194.283000 1037.220000 -13 1267 1 0 1.000000
-8.712130 -12.652900 0 -9.800480 18.748600 205.834000 1037.260000 -13 1268 1 0 1.000000
-3.749960 -0.101087 0 1.218780 -14.717300 202.351000 1037.260000 -13 1269 1 0 1.000000
-19.973100 -4.046630 0 -1.204310 13.555300 211.661000 1037.240000 -13 1270 1 0 1.000000
-5.687150 -8.763170 0 0.957919 -6.130140 213.965000 1037.330000 -13 1271 1 0 1.000000
-8.553230 -17.236400 0 6.970510 -0.283862 214.346000 1037.270000 -13 1272 1 0 1.000000
3.060540 -6.108570 0 -0.860682 -9.509470 224.017000 1037.090000 -13 1273 1 0 1.000000
3.327270 -1.623840 0 6.700110 15.643100 207.124000 1037.360000 -13 1274 1 0 1.000000
-3.578880 -2.842480 0 -13.123100 10.272800 210.542000 1037.290000 -13 1275 1 0 1.000000
-6.512460 -10.118400 0 -7.246360 21.461900 210.959000 1037.210000 -13 1276 1 0 1.000000
-18.769700 -18.646000 0 -4.400180 11.137200 219.005000 1037.220000 -13 1277 1 0 1.000000
-8.877280 -12.946300 0 -7.166180 -2.471220 204.827000 1037.080000 -13 1278 1 0 1.000000
-3.507530 3.358530 0 8.808440 13.516800 193.856000 1037.250000 -13 1279 1 0 1.000000
-9.527990 -4.639170 0 -2.124700 -17.434400 220.870000 1037.410000 -13 1280 1 0 1.000000
8.040560 -2.516700 0 -10.947800 -0.772197 216.016000 1037.110000 -13 1281 1 0 1.000000
5.338630 -0.616949 0 16.453300 17.365500 196.010000 1037.490000 -13 1282 1 0 1.000000
-2.861930 -7.528660 0 11.299700 14.990100 217.407000 1037.350000 -13 1283 1 0 1.000000
-15.755000 -6.573210 0 -2.423260 -7.441010 222.063000 1037.150000 -13 1284 1 0 1.000000
-1.164210 -6.401200 0 -8.298940 0.333459 208.150000 1037.150000 -13 1285 1 0 1.000000
4.403600 -16.985200 0 5.237320 1.687280 209.714000 1037.320000 -13 1286 1 0 1.000000
12.037500 -1.317630 0 2.091530 -6.225980 229.028000 1037.330000 -13 1287 1 0 1.000000
-23.311200 -3.914670 0 1.905810 -21.079000 212.537000 1037.240000 -13 1288 1 0 1.000000
-0.503711 1.890950 0 14.935100 -10.129600 204.317000 1037.330000 -13 1289 1 0 1.000000
-7.701040 0.241709 0 -13.457700 56.997600 221.917000 1037.650000 -13 1290 1 0 1.000000
-13.036500 -17.472800 0 3.127710 9.244390 217.248000 1037.300000 -13 1291 1 0 1.000000
5.937530 -23.795000 0 -12.251900 -0.901914 202.700000 1037.200000 -13 1292 1 0 1.000000
-4.795950 -5.965490 0 6.474750 11.234500 202.443000 1037.220000 -13 1293 1 0 1.000000
0.621670 -10.173700 0 1.505390 22.168200 199.205000 1037.380000 -13 1294 1 0 1.000000
-12.546200 -7.563840 0 -10.021300 21.382900 233.311000 1037.120000 -13 1295 1 0 1.000000
-2.113510 -17.698800 0 17.451500 6.990540 206.260000 1037.160000 -13 1296 1 0 1.000000
-12.239300 -14.128900 0 -1.430700 5.567710 196.194000 1037.320000 -13 1297 1 0 1.000000
3.013580 -16.311100 0 -4.019060 -8.882950 208.991000 1037.180000 -13 1298 1 0 1.000000
-17.864500 4.147100 0 16.089000 -0.436118 208.042000 1037.220000 -13 1299 1 0 1.000000
-18.437500 -1.607170 0 12.446000 10.607400 216.090000 1037.330000 -13 1300 1 0 1.000000
-15.553400 0.787266 0 8.535890 9.054590 218.544000 1037.160000 -13 1301 1 0 1.000000
-8.616280 -8.058380 0 12.624400 5.698000 198.403000 1037.220000 -13 1302 1 0 1.000000
-14.815200 -7.035190 0 2.680920 7.641670 217.121000 1037.360000 -13 1303 1 0 1.000000
-11.161700 -24.569400 0 -1.878960 -8.237150 212.225000 1037.170000 -13 1304 1 0 1.000000
-1.570200 -6.091000 0 11.447400 6.023920 220.653000 1037.130000 -13 1305 1 0 1.000000
-0.830336 -4.436170 0 -16.612200 -7.661500 204.217000 1037.320000 -13 1306 1 0 1.000000
4.368260 4.237920 0 16.189500 -14.674500 213.592000 1037.160000 -13 1307 1 0 1.000000
-2.147640 -18.743600 0 11.424300 0.171737 211.900000 1037.490000 -13 1308 1 0 1.000000
-7.558570 -21.273000 0 -10.549000 -3.706870 189.449000 1037.400000 -13 1309 1 0 1.000000
-20.455000 -9.456450 0 5.744340 -13.479000 196.871000 1037.450000 -13 1310 1 0 1.000000
4.159460 -6.682290 0 -2.096440 19.009500 197.478000 1037.030000 -13 1311 1 0 1.000000
-1.872130 -0.766250 0 14.857900 -3.765050 200.739000 1037.340000 -13 1312 1 0 1.000000
-25.405200 -4.288270 0 -8.495760 -7.045770 222.369000 1037.160000 -13 1313 1 0 1.000000
-5.680870 -3.649310 0 15.405600 1.600770 198.874000 1037.120000 -13 1314 1 0 1.000000
-16.073300 -4.727140 0 -1.625900 2.269250 205.156000 1037.330000 -13 1315 1 0 1.000000
-15.538700 -7.605040 0 13.146400 9.728510 209.117000 1036.990000 -13 1316 1 0 1.000000
-7.693030 7.797790 0 9.487080 16.346600 217.622000 1037.180000 -13 1317 1 0 1.000000
-24.837900 0.859903 0 1.467500 2.529040 200.730000 1037.300000 -13 1318 1 0 1.000000
-3.616900 -12.433000 0 13.299000 0.445917 206.823000 1037.170000 -13 1319 1 0 1.000000
4.106940 -1.777230 0 15.898100 -1.071940 219.792000 1037.000000 -13 1320 1 0 1.000000
-3.633590 -6.858040 0 -11.165900 -6.407430 209.945000 1037.300000 -13 1321 1 0 1.000000
-24.474300 -9.310460 0 -18.548600 -14.481400 216.657000 1037.250000 -13 1322 1 0 1.000000
-5.300280 -6.870230 0 -5.137120 -9.076580 212.834000 1037.280000 -13 1323 1 0 1.000000
-1.928260 -1.271330 0 3.578070 5.597420 202.372000 1037.150000 -13 1324 1 0 1.000000
-2.582240 -6.850520 0 4.394560 -2.590700 198.199000 1037.040000 -13 1325 1 0 1.000000
4.663450 -8.691060 0 -2.688810 24.336000 215.329000 1037.240000 -13 1326 1 0 1.000000
-4.786320 -20.674500 0 -12.584900 4.277270 209.681000 1037.370000 -13 1327 1 0 1.000000
-5.589570 -13.646500 0 0.328137 8.946210 197.901000 1037.350000 -13 1328 1 0 1.000000
1.072920 0.394834 0 -22.660500 -13.500000 219.223000 1037.390000 -13 1329 1 0 1.000000
-9.713960 -4.893950 0 -1.705430 -18.741400 224.983000 1037.090000 -13 1330 1 0 1.000000
-8.176250 32.238500 0 16.271300 -1.587800 213.981000 1037.080000 -13 1331 1 0 1.000000
-9.507420 1.764820 0 1.001260 -12.798600 205.016000 1037.060000 -13 1332 1 0 1.000000
-8.161290 -18.110300 0 -5.348830 -11.815400 207.319000 1037.360000 -13 1333 1 0 1.000000
-26.062200 -20.210800 0 2.939450 17.813000 211.244000 1037.540000 -13 1334 1 0 1.000000
-20.976800 -6.318130 0 -3.417310 4.180930 196.237000 1037.440000 -13 1335 1 0 1.000000
-9.048030 -2.393570 0 12.358700 1.868660 202.474000 1037.520000 -13 1336 1 0 1.000000
-2.455450 -1.555580 0 19.451800 1.459580 193.387000 1037.430000 -13 1337 1 0 1.000000
-5.343690 -7.160900 0 9.007930 -9.179090 202.975000 1037.320000 -13 1338 1 0 1.000000
-8.826480 -5.715180 0 1.924310 21.514400 207.408000 1037.480000 -13 1339 1 0 1.000000
-9.708110 -1.873700 0 31.651600 15.550400 202.543000 1037.510000 -13 1340 1 0 1.000000
-3.384860 -10.364500 0 -6.964860 13.709400 221.970000 1037.370000 -13 1341 1 0 1.000000
-0.929529 -6.594150 0 -5.675110 13.260300 185.531000 1037.000000 -13 1342 1 0 1.000000
3.529620 -3.129840 0 -7.212800 -10.301700 198.196000 1037.310000 -13 1343 1 0 1.000000
-13.982700 -9.992660 0 0.784116 8.710430 221.215000 1037.410000 -13 1344 1 0 1.000000
-12.801300 2.978100 0 2.717240 -3.972820 204.598000 1037.120000 -13 1345 1 0 1.000000
2.426260 -8.127120 0 -4.747660 12.214100 205.894000 1037.400000 -13 1346 1 0 1.000000
-9.697960 -13.353300 0 -8.209200 7.212550 211.086000 1037.110000 -13 1347 1 0 1.000000
-2.567630 -23.001000 0 13.253500 5.974050 209.711000 1037.320000 -13 1348 1 0 1.000000
-21.648800 1.661480 0 -26.387400 -11.391000 220.966000 1037.140000 -13 1349 1 0 1.000000
-2.888750 -13.000000 0 -12.212500 2.295010 197.963000 1037.290000 -13 1350 1 0 1.000000
-15.988700 -8.686570 0 -2.043110 13.422700 198.772000 1037.250000 -13 1351 1 0 1.000000
-4.289870 -7.732690 0 0.995212 18.107500 196.722000 1037.240000 -13 1352 1 0 1.000000
-21.690400 -2.848110 0 9.063420 11.644800 205.694000 1037.070000 -13 1353 1 0 1.000000
-4.762250 6.953890 0 8.830420 7.464610 216.512000 1037.060000 -13 1354 1 0 1.000000
2.780360 -10.904900 0 -4.378150 0.973249 208.067000 1037.030000 -13 1355 1 0 1.000000
0.014333 -1.797430 0 16.932000 -1.425470 209.563000 1037.020000 -13 1356 1 0 1.000000
-8.169950 -1.296650 0 10.340800 7.234130 209.907000 1037.290000 -13 1357 1 0 1.000000
-6.256690 -7.319850 0 0.125360 -19.189900 223.240000 1037.380000 -13 1358 1 0 1.000000
-24.251700 -4.694820 0 3.676970 -15.496700 214.159000 1037.190000 -13 1359 1 0 1.000000
-4.567070 -4.236150 0 7.200360 -8.077020 211.513000 1037.340000 -13 1360 1 0 1.000000
-6.359910 -4.663090 0 3.710530 12.594800 218.825000 1037.220000 -13 1361 1 0 1.000000
-6.135350 6.106210 0 16.981600 7.206610 226.268000 1037.440000 -13 1362 1 0 1.000000
-27.481000 -20.603700 0 -12.548300 16.168600 226.758000 1037.220000 -13 1363 1 0 1.000000
-17.548800 -7.799560 0 -10.511600 23.324900 231.862000 1037.280000 -13 1364 1 0 1.000000
-8.363440 -9.779050 0 18.031000 7.702840 205.621000 1037.350000 -13 1365 1 0 1.000000
-3.838560 -6.008500 0 -0.905044 -2.837900 213.931000 1037.310000 -13 1366 1 0 1.000000
0.968462 -3.303900 0 11.658200 -8.516950 213.150000 1037.250000 -13 1367 1 0 1.000000
-12.527100 -5.520910 0 -10.927300 8.776970 210.836000 1037.270000 -13 1368 1 0 1.000000
-7.507700 -12.728100 0 -13.030000 5.644760 214.111000 1037.260000 -13 1369 1 0 1.000000
-16.248400 -18.490600 0 -10.801400 -7.918270 217.100000 1037.110000 -13 1370 1 0 1.000000
5.396710 -1.460870 0 8.529950 -8.176840 201.695000 1037.250000 -13 1371 1 0 1.000000
-1.580700 4.334970 0 6.112550 -14.923900 195.421000 1037.470000 -13 1372 1 0 1.000000
-5.253990 7.765730 0 -2.306790 0.132120 203.352000 1037.180000 -13 1373 1 0 1.000000
-4.937950 -11.323600 0 -5.189680 11.048200 207.969000 1037.080000 -13 1374 1 0 1.000000
-3.136390 8.573060 0 12.595400 6.349710 208.424000 1037.360000 -13 1375 1 0 1.000000
-6.347030 -17.521300 0 -6.671770 -15.345100 209.463000 1037.120000 -13 1376 1 0 1.000000
0.458554 5.783790 0 4.581760 9.378720 197.272000 1037.400000 -13 1377 1 0 1.000000
-11.191400 -3.532310 0 -14.104100 0.179918 209.257000 1037.260000 -13 1378 1 0 1.000000
-7.618940 -15.742900 0 2.958800 -8.837850 202.981000 1037.070000 -13 1379 1 0 1.000000
-0.914311 -9.977760 0 2.583530 -8.989910 203.400000 1037.190000 -13 1380 1 0 1.000000
0.867911 -8.964280 0 8.865200 -10.373600 205.404000 1037.110000 -13 1381 1 0 1.000000
-7.601130 -0.866549 0 -3.648840 10.048000 209.416000 1037.150000 -13 1382 1 0 1.000000
-13.260900 -5.149910 0 0.060445 -1.656630 202.232000 1037.350000 -13 1383 1 0 1.000000
-20.376500 -6.195170 0 -12.749300 3.103220 210.088000 1037.090000 -13 1384 1 0 1.000000
-3.479730 -14.136800 0 -29.126400 16.139600 223.953000 1036.990000 -13 1385 1 0 1.000000
6.167480 -1.089930 0 3.980610 15.379000 200.683000 1037.130000 -13 1386 1 0 1.000000
-2.815750 -13.452600 0 7.233780 0.195650 214.536000 1037.430000 -13 1387 1 0 1.000000
-0.860415 -2.661580 0 0.635293 7.343340 202.311000 1037.000000 -13 1388 1 0 1.000000
11.989800 -1.637120 0 -7.248970 -5.355450 234.437000 1037.340000 -13 1389 1 0 1.000000
-7.307430 -15.937500 0 -7.799700 4.034140 213.282000 1037.350000 -13 1390 1 0 1.000000
2.725510 9.131780 0 -6.715060 -11.022500 226.662000 1037.090000 -13 1391 1 0 1.000000
-15.745100 0.195915 0 -13.240700 13.573000 198.711000 1037.260000 -13 1392 1 0 1.000000
-1.350730 0.731642 0 -8.815530 -20.123200 212.909000 1037.280000 -13 1393 1 0 1.000000
-7.688010 -7.606720 0 5.891460 3.236810 218.390000 1037.090000 -13 1394 1 0 1.000000
4.794070 -10.424500 0 14.625800 -2.724860 211.683000 1037.310000 -13 1395 1 0 1.000000
-1.721790 -5.952970 0 22.686800 -9.190870 213.584000 1037.400000 -13 1396 1 0 1.000000
-6.213990 -9.271970 0 -1.150980 5.423860 203.895000 1037.130000 -13 1397 1 0 1.000000
1.417970 -7.093480 0 8.637480 -6.147310 213.025000 1037.040000 -13 1398 1 0 1.000000
-15.692600 -1.967710 0 -6.891220 -12.567600 199.076000 1037.190000 -13 1399 1 0 1.000000
-15.746600 -6.899390 0 -7.320210 12.630800 227.576000 1037.110000 -13 1400 1 0 1.000000
-19.955700 -10.141200 0 11.836300 13.517200 204.766000 1037.270000 -13 1401 1 0 1.000000
-18.970600 -6.222660 0 -3.099380 5.862610 212.356000 1037.110000 -13 1402 1 0 1.000000
-6.704960 -20.351300 0 -4.076900 -16.927600 198.521000 1037.350000 -13 1403 1 0 1.000000
-14.644800 -11.417800 0 2.235170 4.365560 219.446000 1037.350000 -13 1404 1 0 1.000000
-11.290700 -10.337500 0 -9.544400 3.780410 215.893000 1037.000000 -13 1405 1 0 1.000000
-8.593180 5.963150 0 -0.597434 3.075860 201.687000 1037.290000 -13 1406 1 0 1.000000
9.786170 -6.049870 0 -2.088140 -9.161220 206.769000 1037.280000 -13 1407 1 0 1.000000
-2.171840 -19.287900 0 -0.259916 17.968100 206.003000 1037.100000 -13 1408 1 0 1.000000
-10.145100 -19.277700 0 18.985100 -3.374830 217.415000 1037.170000 -13 1409 1 0 1.000000
-3.453010 3.229410 0 12.918100 -0.309191 203.149000 1037.290000 -13 1410 1 0 1.000000
-3.218720 -0.636892 0 1.459310 -9.103970 204.149000 1037.230000 -13 1411 1 0 1.000000
-1.743450 -15.813900 0 -2.273320 -2.794860 187.795000 1037.150000 -13 1412 1 0 1.000000
-5.585380 -2.251800 0 23.549200 3.904600 219.922000 1037.210000 -13 1413 1 0 1.000000
-0.840248 -9.680740 0 -57.176200 -13.967200 220.844000 1037.160000 -13 1414 1 0 1.000000
-9.364550 3.574290 0 -5.696570 8.792320 212.564000 1037.200000 -13 1415 1 0 1.000000
-18.121200 -23.523600 0 -9.621230 15.810700 214.808000 1037.260000 -13 1416 1 0 1.000000
-2.530870 -14.375400 0 3.064540 7.409360 204.129000 1037.240000 -13 1417 1 0 1.000000
-21.264800 4.683460 0 11.508800 -10.024200 209.984000 1037.350000 -13 1418 1 0 1.000000
-1.530280 -11.380400 0 -15.455900 9.290360 197.845000 1037.350000 -13 1419 1 0 1.000000
-5.067890 -5.070030 0 9.089330 -0.001838 208.387000 1037.190000 -13 1420 1 0 1.000000
-8.774820 -4.473630 0 -6.815240 -1.401260 195.738000 1037.170000 -13 1421 1 0 1.000000
-13.470800 -0.766887 0 3.174030 -0.997868 200.086000 1037.250000 -13 1422 1 0 1.000000
-9.001040 11.993500 0 5.965880 -11.981100 217.131000 1037.270000 -13 1423 1 0 1.000000
-9.573340 -0.025377 0 -6.624290 5.047630 211.713000 1037.130000 -13 1424 1 0 1.000000
-23.222100 -1.547910 0 8.333930 7.294870 211.226000 1037.310000 -13 1425 1 0 1.000000
-1.600470 -14.382600 0 -7.744970 -17.906600 210.994000 1037.350000 -13 1426 1 0 1.000000
-20.858400 -3.273240 0 7.585630 -5.557060 214.515000 1037.290000 -13 1427 1 0 1.000000
-1.283880 -4.407660 0 0.059009 4.229660 203.498000 1037.230000 -13 1428 1 0 1.000000
-6.312490 -6.814580 0 -8.292460 -16.735900 211.882000 1037.080000 -13 1429 1 0 1.000000
-10.075400 2.327090 0 -3.785290 -4.165670 218.532000 1037.220000 -13 1430 1 0 1.000000
4.064200 -2.640700 0 3.703880 -2.713580 213.717000 1037.230000 -13 1431 1 0 1.000000
-13.217300 5.683700 0 3.992570 -9.714970 205.793000 1037.190000 -13 1432 1 0 1.000000
1.551910 -10.566000 0 -15.761800 11.760900 211.953000 1037.190000 -13 1433 1 0 1.000000
-3.554630 -9.336690 0 7.358130 1.696250 209.971000 1037.270000 -13 1434 1 0 1.000000
-7.046780 -18.457700 0 -6.992160 -4.694060 209.599000 1037.260000 -13 1435 1 0 1.000000
-12.534500 -2.100800 0 -0.954284 -16.491600 210.350000 1037.510000 -13 1436 1 0 1.000000
-6.260220 -16.046700 0 14.682700 -4.505800 207.950000 1037.130000 -13 1437 1 0 1.000000
-24.447200 -4.372210 0 -4.416060 22.653000 216.288000 1037.110000 -13 1438 1 0 1.000000
-2.299740 -14.312500 0 9.099410 6.202980 212.533000 1037.260000 -13 1439 1 0 1.000000
-6.595480 -11.950700 0 11.688000 -1.248620 213.534000 1037.160000 -13 1440 1 0 1.000000
-9.048690 -2.151600 0 19.644100 -7.145470 211.186000 1037.300000 -13 1441 1 0 1.000000
-1.206740 -6.694460 0 -1.410910 3.060690 201.514000 1037.210000 -13 1442 1 0 1.000000
-10.812200 -3.490480 0 7.705670 11.105100 221.710000 1037.030000 -13 1443 1 0 1.000000
2.461270 -18.578300 0 4.057100 -4.688060 204.957000 1037.050000 -13 1444 1 0 1.000000
-2.452510 -18.156100 0 9.598920 -2.024550 224.510000 1037.290000 -13 1445 1 0 1.000000
-5.101010 -5.005480 0 3.296400 9.758470 203.411000 1037.380000 -13 1446 1 0 1.000000
9.215100 13.952400 0 -5.922850 -8.228620 201.411000 1037.490000 -13 1447 1 0 1.000000
-1.566640 -14.847200 0 -23.341700 9.986720 221.976000 1037.070000 -13 1448 1 0 1.000000
-1.105330 -27.099600 0 -13.997800 -32.598000 206.487000 1037.440000 -13 1449 1 0 1.000000
4.636020 -11.563800 0 -7.681870 6.954020 201.987000 1037.260000 -13 1450 1 0 1.000000
-9.282040 4.095610 0 -5.746550 -1.580060 213.859000 1037.270000 -13 1451 1 0 1.000000
-14.757000 -12.004100 0 -23.902500 -4.162220 196.387000 1037.220000 -13 1452 1 0 1.000000
-18.569100 -26.730300 0 -4.300270 18.672900 214.309000 1037.210000 -13 1453 1 0 1.000000
-1.046530 2.027420 0 -2.921800 1.012630 213.030000 1037.230000 -13 1454 1 0 1.000000
4.348100 -27.602700 0 6.687400 -12.873400 198.577000 1037.350000 -13 1455 1 0 1.000000
7.308070 3.970230 0 4.704810 -6.253650 208.202000 1037.370000 -13 1456 1 0 1.000000
-7.452400 -12.004200 0 14.769000 13.860800 209.088000 1037.160000 -13 1457 1 0 1.000000
15.413100 -2.591350 0 -10.285500 -15.822500 189.952000 1037.400000 -13 1458 1 0 1.000000
10.585000 -6.036790 0 4.153740 -3.790390 207.701000 1037.400000 -13 1459 1 0 1.000000
-5.694470 -1.491070 0 -5.331310 12.505100 203.326000 1037.460000 -13 1460 1 0 1.000000
0.714891 -18.214100 0 26.593900 -26.185400 232.604000 1037.190000 -13 1461 1 0 1.000000
-11.788100 -6.740870 0 -3.629900 23.903200 199.930000 1037.150000 -13 1462 1 0 1.000000
-11.541400 -8.138440 0 -2.475860 2.095210 213.799000 1037.550000 -13 1463 1 0 1.000000
-25.424600 -12.833900 0 -27.156800 -3.220420 213.390000 1037.180000 -13 1464 1 0 1.000000
-6.124740 -10.801100 0 15.226600 -8.929560 198.894000 1037.370000 -13 1465 1 0 1.000000
-1.056680 8.392230 0 7.413890 32.825500 224.125000 1037.610000 -13 1466 1 0 1.000000
4.297700 -0.314370 0 -5.545360 6.210560 197.355000 1037.350000 -13 1467 1 0 1.000000
-2.258370 -8.286610 0 -5.162690 7.822430 198.484000 1037.060000 -13 1468 1 0 1.000000
15.082000 -4.086650 0 0.180102 8.989570 217.960000 1036.910000 -13 1469 1 0 1.000000
7.758490 6.576720 0 -10.316600 -3.102980 204.835000 1037.180000 -13 1470 1 0 1.000000
-16.309500 -6.497840 0 -13.762900 19.702700 209.623000 1037.180000 -13 1471 1 0 1.000000
0.676772 -1.481240 0 -17.504400 -10.576000 214.940000 1037.070000 -13 1472 1 0 1.000000
-4.807410 -14.367500 0 12.689700 10.824600 216.084000 1037.200000 -13 1473 1 0 1.000000
-10.347400 -1.161240 0 17.389300 1.415790 203.747000 1037.270000 -13 1474 1 0 1.000000
-7.761240 0.125045 0 -13.781000 -0.747889 211.478000 1037.180000 -13 1475 1 0 1.000000
-12.694600 -3.683680 0 -10.298300 5.019820 217.496000 1037.400000 -13 1476 1 0 1.000000
-4.608870 -8.695960 0 2.261080 -0.520629 212.916000 1037.250000 -13 1477 1 0 1.000000
-15.955700 -27.008300 0 1.871360 21.550700 216.655000 1037.270000 -13 1478 1 0 1.000000
-3.006940 -10.514200 0 5.229220 3.949780 224.051000 1037.150000 -13 1479 1 0 1.000000
0.376532 -19.668300 0 0.819526 -18.807200 194.938000 1037.310000 -13 1480 1 0 1.000000
3.898780 -11.818100 0 -27.342000 3.942060 212.806000 1037.290000 -13 1481 1 0 1.000000
-4.237240 -17.744600 0 12.268600 -43.056100 207.295000 1037.350000 -13 1482 1 0 1.000000
-0.772079 -11.126900 0 -5.401280 5.301010 198.163000 1037.300000 -13 1483 1 0 1.000000
-12.119900 -21.413100 0 7.847470 2.637350 209.431000 1037.360000 -13 1484 1 0 1.000000
-7.822470 -4.855870 0 2.626990 0.148719 204.526000 1037.430000 -13 1485 1 0 1.000000
-8.831170 -10.595400 0 0.521850 10.568000 199.204000 1037.100000 -13 1486 1 0 1.000000
-18.744400 -18.989800 0 16.250400 15.780800 199.566000 1037.040000 -13 1487 1 0 1.000000
5.429010 -17.314500 0 2.534680 -11.872800 202.375000 1037.270000 -13 1488 1 0 1.000000
-10.539300 -3.213830 0 25.196900 7.080380 195.945000 1037.240000 -13 1489 1 0 1.000000
-11.522400 -8.860540 0 23.525700 -0.494905 191.968000 1037.240000 -13 1490 1 0 1.000000
0.169075 4.811820 0 -10.131500 -3.131570 210.596000 1037.270000 -13 1491 1 0 1.000000
-11.153300 -4.411710 0 9.502120 6.469490 202.751000 1037.170000 -13 1492 1 0 1.000000
2.092110 -12.775900 0 26.918200 9.925040 213.807000 1037.370000 -13 1493 1 0 1.000000
-8.057740 -12.709800 0 -2.992880 4.903160 205.717000 1037.120000 -13 1494 1 0 1.000000
-15.251400 -6.803390 0 -16.287300 3.671170 202.861000 1037.180000 -13 1495 1 0 1.000000
-0.421699 0.798255 0 -3.014760 8.576810 202.545000 1037.170000 -13 1496 1 0 1.000000
2.016150 -9.559640 0 -6.256100 10.623500 209.470000 1037.140000 -13 1497 1 0 1.000000
-7.689760 -12.270500 0 -1.844460 -18.467900 192.505000 1037.200000 -13 1498 1 0 1.000000
0.544036 -5.212380 0 16.068200 3.268600 209.090000 1037.190000 -13 1499 1 0 1.000000
-7.534650 -5.095980 0 -9.684630 6.490770 216.060000 1037.340000 -13 1500 1 0 1.000000
-4.845300 11.558900 0 -1.075320 -9.421120 210.127000 1037.080000 -13 1501 1 0 1.000000
-23.274600 -8.816840 0 1.279470 11.441200 210.935000 1037.340000 -13 1502 1 0 1.000000
-3.642920 -16.055700 0 -15.564500 -16.697500 200.878000 1037.180000 -13 1503 1 0 1.000000
-6.244350 -8.091900 0 2.265160 -0.220618 200.634000 1037.340000 -13 1504 1 0 1.000000
-1.784040 -10.573400 0 -0.535615 -17.984600 207.398000 1037.250000 -13 1505 1 0 1.000000
-15.655400 -8.469960 0 0.313018 14.276600 212.251000 1037.010000 -13 1506 1 0 1.000000
-11.829000 -12.010500 0 -12.015900 21.146600 229.909000 1037.210000 -13 1507 1 0 1.000000
-17.905300 -18.182500 0 -3.026030 -4.341080 207.560000 1037.120000 -13 1508 1 0 1.000000
5.013330 -7.923210 0 4.366170 -5.642390 203.232000 1037.090000 -13 1509 1 0 1.000000
-10.019000 15.483100 0 22.449300 -4.013650 207.668000 1037.110000 -13 1510 1 0 1.000000
18.094800 -10.141300 0 -34.381300 5.902000 240.852000 1037.190000 -13 1511 1 0 1.000000
-5.035080 -9.491610 0 -2.614480 -21.711500 203.214000 1036.980000 -13 1512 1 0 1.000000
7.541750 6.671850 0 1.795410 7.694670 197.912000 1037.060000 -13 1513 1 0 1.000000
-3.944010 -12.367000 0 -0.187302 -3.214640 210.631000 1037.290000 -13 1514 1 0 1.000000
-8.775410 10.795300 0 1.030200 3.163050 219.600000 1037.300000 -13 1515 1 0 1.000000
-4.142780 3.416860 0 4.226060 -21.837100 199.251000 1037.540000 -13 1516 1 0 1.000000
21.979200 -15.466400 0 -13.558600 -6.074970 200.243000 1037.300000 -13 1517 1 0 1.000000
-11.826900 0.743888 0 4.886420 0.972066 212.778000 1037.290000 -13 1518 1 0 1.000000
-6.155760 10.700900 0 -3.876160 2.676240 211.997000 1037.240000 -13 1519 1 0 1.000000
-8.450220 -0.983193 0 -13.944400 11.860400 191.998000 1037.200000 -13 1520 1 0 1.000000
-5.069290 -19.123300 0 -15.068900 -12.186400 205.777000 1037.050000 -13 1521 1 0 1.000000
-3.193050 -7.287650 0 -6.694660 27.045300 201.519000 1037.380000 -13 1522 1 0 1.000000
-5.718380 -8.196620 0 6.429490 1.496090 196.972000 1037.340000 -13 1523 1 0 1.000000
-5.189370 5.274450 0 15.750300 5.008020 202.496000 1037.400000 -13 1524 1 0 1.000000
-8.229440 3.008460 0 -3.181560 -7.542140 212.854000 1037.110000 -13 1525 1 0 1.000000
-4.432550 -4.183260 0 -11.555800 -16.833800 204.014000 1037.050000 -13 1526 1 0 1.000000
-9.591720 -17.255500 0 18.492400 18.545500 204.126000 1036.970000 -13 1527 1 0 1.000000
4.486090 -3.999090 0 -2.524660 12.403600 184.556000 1037.300000 -13 1528 1 0 1.000000
-29.429000 0.079106 0 15.656500 -4.497610 199.770000 1037.010000 -13 1529 1 0 1.000000
-18.215000 -5.499370 0 -0.246287 -11.245500 216.594000 1037.150000 -13 1530 1 0 1.000000
-9.409900 -15.107800 0 -15.528500 -8.354120 202.306000 1037.130000 -13 1531 1 0 1.000000
-17.376600 3.148860 0 -23.016100 5.487140 209.727000 1037.230000 -13 1532 1 0 1.000000
7.013590 -5.021080 0 -15.150500 -0.418843 224.434000 1037.280000 -13 1533 1 0 1.000000
0.903457 -17.084100 0 -9.379530 17.772000 210.638000 1037.280000 -13 1534 1 0 1.000000
-7.466000 -4.725510 0 4.126940 -2.727350 215.142000 1037.240000 -13 1535 1 0 1.000000
-9.361120 -0.793544 0 -1.005660 -1.447730 220.667000 1037.360000 -13 1536 1 0 1.000000
-11.542300 -10.883400 0 -10.787000 7.741420 210.474000 1037.240000 -13 1537 1 0 1.000000
-4.719270 -1.582000 0 7.499020 -0.395077 192.499000 1037.000000 -13 1538 1 0 1.000000
-7.318410 -3.672820 0 -9.938370 6.212250 207.571000 1037.070000 -13 1539 1 0 1.000000
-19.187900 -12.112900 0 8.544920 -11.157100 214.029000 1037.550000 -13 1540 1 0 1.000000
-16.042500 -13.243700 0 -3.769090 -3.494440 204.038000 1037.140000 -13 1541 1 0 1.000000
-16.909800 1.812790 0 4.245580 7.410320 201.776000 1037.210000 -13 1542 1 0 1.000000
-13.944400 -5.392710 0 -8.631410 -1.242470 209.846000 1037.130000 -13 1543 1 0 1.000000
-8.556060 -13.099200 0 13.274800 12.759600 206.592000 1037.280000 -13 1544 1 0 1.000000
-20.082300 -23.080300 0 11.994800 0.308642 211.862000 1037.130000 -13 1545 1 0 1.000000
-2.546430 -12.204600 0 4.468430 6.813530 198.386000 1037.090000 -13 1546 1 0 1.000000
3.225150 2.021740 0 5.924190 -5.650240 207.050000 1037.250000 -13 1547 1 0 1.000000
-17.320100 -7.303550 0 22.573800 9.474150 210.940000 1037.260000 -13 1548 1 0 1.000000
1.615920 -7.079270 0 -9.022520 5.344120 207.388000 1037.120000 -13 1549 1 0 1.000000
3.845910 -13.478000 0 -2.621260 -4.119970 211.730000 1037.110000 -13 1550 1 0 1.000000
-2.862160 -0.234497 0 8.851200 11.894500 212.881000 1037.170000 -13 1551 1 0 1.000000
-14.017600 -0.982071 0 -13.620300 -8.652770 196.723000 1037.200000 -13 1552 1 0 1.000000
-2.894590 -16.572400 0 8.802410 -7.116850 213.703000 1037.100000 -13 1553 1 0 1.000000
-7.571850 -10.675800 0 3.088910 -6.054430 201.457000 1037.090000 -13 1554 1 0 1.000000
-5.776680 -6.333320 0 14.705300 -6.892260 199.996000 1037.430000 -13 1555 1 0 1.000000
-30.326300 -1.533110 0 -4.509440 10.579300 201.974000 1037.390000 -13 1556 1 0 1.000000
4.565190 -15.157400 0 2.361940 -4.139460 202.921000 1037.170000 -13 1557 1 0 1.000000
-14.855100 -7.155450 0 -6.956120 -8.763840 203.082000 1037.240000 -13 1558 1 0 1.000000
-19.407600 -15.148200 0 9.866980 -20.787500 220.284000 1037.190000 -13 1559 1 0 1.000000
-13.013400 -7.096980 0 2.697210 -3.274800 216.949000 1037.160000 -13 1560 1 0 1.000000
-6.506490 -8.834880 0 2.633170 10.947000 205.753000 1037.550000 -13 1561 1 0 1.000000
-13.002200 -6.695830 0 17.173800 0.405081 203.160000 1037.490000 -13 1562 1 0 1.000000
-21.103600 -10.222400 0 3.579470 10.531400 213.336000 1037.330000 -13 1563 1 0 1.000000
-3.306430 -0.312107 0 -6.462010 13.532100 217.713000 1037.330000 -13 1564 1 0 1.000000
-11.342400 2.204440 0 3.616430 -3.687360 212.744000 1037.380000 -13 1565 1 0 1.000000
-8.267090 -18.800100 0 -11.043500 -17.000200 217.809000 1037.230000 -13 1566 1 0 1.000000
-4.834060 -11.352400 0 15.774700 -13.415600 204.946000 1037.150000 -13 1567 1 0 1.000000
-7.597030 -15.864600 0 -9.412400 9.948130 216.917000 1037.440000 -13 1568 1 0 1.000000
-0.024590 -9.788250 0 -7.227880 7.444410 193.981000 1037.380000 -13 1569 1 0 1.000000
-7.297720 -3.463150 0 10.372300 10.790300 203.127000 1037.220000 -13 1570 1 0 1.000000
-0.803677 -13.293500 0 3.984620 13.350200 214.715000 1037.170000 -13 1571 1 0 1.000000
-15.693700 -8.445360 0 -2.678130 -13.275200 205.383000 1037.010000 -13 1572 1 0 1.000000
-3.053080 5.909520 0 -12.403400 0.055470 218.362000 1037.080000 -13 1573 1 0 1.000000
15.709000 -5.894290 0 -15.533200 -16.565600 204.002000 1037.110000 -13 1574 1 0 1.000000
3.277100 7.728710 0 1.017920 -15.257700 200.669000 1037.410000 -13 1575 1 0 1.000000
-10.410100 -20.988100 0 -8.326720 -6.014930 222.508000 1037.190000 -13 1576 1 0 1.000000
-23.631900 -7.202630 0 -0.528070 -6.560160 199.793000 1037.540000 -13 1577 1 0 1.000000
-6.775210 -12.312400 0 -9.978860 8.258090 216.775000 1037.160000 -13 1578 1 0 1.000000
-8.059320 9.505140 0 3.526710 -16.257700 213.748000 1037.270000 -13 1579 1 0 1.000000
-4.089850 -3.043120 0 8.034730 14.032200 213.475000 1037.310000 -13 1580 1 0 1.000000
0.367688 7.855780 0 -3.568090 0.211860 208.534000 1037.160000 -13 1581 1 0 1.000000
-1.788500 -25.734500 0 -7.307190 10.486100 224.910000 1037.450000 -13 1582 1 0 1.000000
-8.225850 -23.383000 0 20.326200 -11.770800 193.641000 1037.570000 -13 1583 1 0 1.000000
-18.084100 -5.083010 0 -7.066460 4.919920 219.349000 1036.970000 -13 1584 1 0 1.000000
-6.671270 2.812760 0 -6.900180 -0.513148 200.099000 1037.060000 -13 1585 1 0 1.000000
-17.055000 -8.072180 0 -1.323230 4.354290 203.680000 1037.140000 -13 1586 1 0 1.000000
5.510420 -6.532880 0 0.165042 -22.888100 202.314000 1037.250000 -13 1587 1 0 1.000000
-4.720760 1.259110 0 15.357500 -1.906740 196.243000 1037.150000 -13 1588 1 0 1.000000
-25.784800 -20.069700 0 13.935800 12.447300 221.368000 1037.220000 -13 1589 1 0 1.000000
-14.664100 -20.225400 0 -32.788000 -14.943100 213.844000 1037.610000 -13 1590 1 0 1.000000
3.525990 -3.924000 0 -14.988700 -1.992890 207.398000 1037.170000 -13 1591 1 0 1.000000
-1.167190 -3.481660 0 1.997080 1.037580 211.932000 1037.210000 -13 1592 1 0 1.000000
3.128810 0.264356 0 -8.871380 5.458250 202.721000 1037.050000 -13 1593 1 0 1.000000
-19.491500 -3.228620 0 -16.897800 7.868360 216.839000 1037.120000 -13 1594 1 0 1.000000
9.812910 -0.925556 0 -16.202000 7.196600 213.644000 1037.210000 -13 1595 1 0 1.000000
-12.726000 4.208100 0 -21.921000 12.620300 210.461000 1037.180000 -13 1596 1 0 1.000000
-26.582000 -6.141120 0 24.626100 0.291590 212.656000 1037.210000 -13 1597 1 0 1.000000
-4.457180 -11.911600 0 -7.356760 26.156700 208.395000 1037.340000 -13 1598 1 0 1.000000
-14.183100 -5.212010 0 -1.404430 -17.996500 197.223000 1037.460000 -13 1599 1 0 1.000000
7.487500 -14.450800 0 -10.116100 -2.723530 205.286000 1037.250000 -13 1600 1 0 1.000000
-11.901800 5.104010 0 -0.648801 4.883490 201.826000 1037.350000 -13 1601 1 0 1.000000
-9.869440 -12.887400 0 15.473400 -6.350910 197.847000 1037.090000 -13 1602 1 0 1.000000
-2.491230 -11.438100 0 7.357430 0.173088 203.767000 1037.350000 -13 1603 1 0 1.000000
-12.893200 -10.610200 0 -5.623910 6.671720 200.756000 1037.220000 -13 1604 1 0 1.000000
-17.513400 -7.294780 0 2.241340 -6.346320 218.489000 1037.130000 -13 1605 1 0 1.000000
-4.365460 -1.037800 0 -23.842500 -8.546900 187.430000 1037.320000 -13 1606 1 0 1.000000
-6.496890 -3.861220 0 12.047600 6.794190 210.007000 1037.020000 -13 1607 1 0 1.000000
-5.123560 -15.505200 0 -13.573400 -3.836100 211.093000 1037.230000 -13 1608 1 0 1.000000
-22.126000 -4.371810 0 6.709550 16.263900 209.850000 1037.270000 -13 1609 1 0 1.000000
-21.363900 -1.754670 0 -10.693200 -3.300240 207.465000 1037.240000 -13 1610 1 0 1.000000
-2.110340 -0.856128 0 5.423960 11.742100 206.051000 1037.040000 -13 1611 1 0 1.000000
-14.840200 -7.388030 0 -1.784580 7.004040 217.783000 1037.090000 -13 1612 1 0 1.000000
-9.340060 -12.619500 0 -3.140150 -7.814910 201.169000 1037.200000 -13 1613 1 0 1.000000
-6.750070 -5.921520 0 23.691800 -7.487100 216.294000 1037.150000 -13 1614 1 0 1.000000
-19.770700 -16.749100 0 11.578500 3.290050 201.062000 1037.560000 -13 1615 1 0 1.000000
4.860220 -6.919290 0 12.053200 -5.533550 198.372000 1037.330000 -13 1616 1 0 1.000000
-24.795300 -7.570000 0 18.730500 -1.715390 203.676000 1037.130000 -13 1617 1 0 1.000000
-10.784000 -7.665050 0 7.195910 -7.734620 192.095000 1037.450000 -13 1618 1 0 1.000000
-1.445120 -6.199240 0 9.790850 -1.431630 219.505000 1037.090000 -13 1619 1 0 1.000000
1.669360 4.097670 0 34.468800 -8.225070 200.181000 1037.440000 -13 1620 1 0 1.000000
-8.010760 -7.594490 0 -14.131400 -7.718710 197.942000 1037.170000 -13 1621 1 0 1.000000
-9.524890 -5.776710 0 0.868539 -2.992140 202.264000 1037.070000 -13 1622 1 0 1.000000
-9.065720 -12.417000 0 11.480200 15.574400 221.802000 1037.290000 -13 1623 1 0 1.000000
-12.353600 -3.444890 0 15.328900 4.786340 197.295000 1037.470000 -13 1624 1 0 1.000000
-17.913000 3.690760 0 1.321130 16.111700 210.428000 1037.240000 -13 1625 1 0 1.000000
-18.213400 -0.132312 0 6.896700 -5.556260 203.582000 1037.370000 -13 1626 1 0 1.000000
2.112500 -16.475900 0 -7.500850 -7.080160 203.613000 1037.170000 -13 1627 1 0 1.000000
7.433550 -9.917860 0 6.193030 2.775120 210.835000 1037.430000 -13 1628 1 0 1.000000
-9.053760 -6.372290 0 -14.214100 -1.680710 220.276000 1037.250000 -13 1629 1 0 1.000000
-10.035000 13.947500 0 17.876900 -36.586500 213.229000 1037.030000 -13 1630 1 0 1.000000
-3.203210 -8.023510 0 2.588880 7.130650 206.738000 1037.270000 -13 1631 1 0 1.000000
-11.608400 -11.263600 0 -12.023100 -2.904580 206.568000 1037.140000 -13 1632 1 0 1.000000
-11.195400 -5.799160 0 12.299400 14.104700 208.593000 1037.480000 -13 1633 1 0 1.000000
-16.038500 -5.623040 0 17.957200 -1.294950 216.205000 1037.510000 -13 1634 1 0 1.000000
-21.994000 -1.519020 0 4.729680 -17.714900 205.374000 1037.640000 -13 1635 1 0 1.000000
-22.254500 1.621640 0 1.257270 -1.535060 212.939000 1037.320000 -13 1636 1 0 1.000000
-10.281800 -9.254420 0 11.796600 -6.988120 205.686000 1037.460000 -13 1637 1 0 1.000000
-10.136500 -6.465800 0 8.148520 -2.400170 208.467000 1037.110000 -13 1638 1 0 1.000000
1.834140 -19.759000 0 -5.740960 -20.353200 193.376000 1037.090000 -13 1639 1 0 1.000000
-11.043500 2.980870 0 5.322920 2.520470 210.447000 1037.120000 -13 1640 1 0 1.000000
-10.617100 -9.312430 0 -18.620800 -1.117050 207.435000 1037.190000 -13 1641 1 0 1.000000
-9.046830 -7.936060 0 -11.495400 29.053800 229.663000 1037.230000 -13 1642 1 0 1.000000
-3.375380 2.824720 0 -4.573790 27.723700 210.562000 1037.090000 -13 1643 1 0 1.000000
-6.458430 0.874451 0 -14.500900 -4.649360 214.261000 1037.150000 -13 1644 1 0 1.000000
-9.478470 -8.687440 0 -15.195100 19.696400 220.950000 1037.240000 -13 1645 1 0 1.000000
-12.271900 -11.011100 0 -6.900780 -3.333770 218.960000 1037.250000 -13 1646 1 0 1.000000
-8.534070 -8.112050 0 -8.321390 9.127190 214.122000 1037.310000 -13 1647 1 0 1.000000
-5.828000 6.613290 0 11.155000 -2.585360 183.969000 1037.320000 -13 1648 1 0 1.000000
-6.752320 -5.971330 0 -11.412100 -8.585310 219.602000 1037.240000 -13 1649 1 0 1.000000
-24.328800 -0.871536 0 -35.493000 15.456000 212.485000 1037.000000 -13 1650 1 0 1.000000
-11.489700 -11.130300 0 10.584500 10.034400 194.500000 1037.230000 -13 1651 1 0 1.000000
-1.870600 -11.724000 0 17.244900 -0.689888 195.955000 1037.170000 -13 1652 1 0 1.000000
0.249830 -5.361270 0 -9.673330 -3.476370 195.825000 1037.260000 -13 1653 1 0 1.000000
3.847190 -13.239000 0 -4.084370 -7.845970 206.605000 1037.320000 -13 1654 1 0 1.000000
8.796620 -7.114230 0 -0.135775 -9.973430 197.722000 1037.230000 -13 1655 1 0 1.000000
-9.663840 -9.475190 0 -10.215100 -8.774900 201.847000 1037.200000 -13 1656 1 0 1.000000
-16.908600 -2.287060 0 9.248980 -31.040800 222.661000 1037.280000 -13 1657 1 0 1.000000
-0.949356 -4.398730 0 2.988910 -12.652200 193.733000 1037.250000 -13 1658 1 0 1.000000
-8.071130 -25.779900 0 0.530543 -3.222870 200.270000 1037.410000 -13 1659 1 0 1.000000
-9.022090 -14.253400 0 -3.567020 -4.026480 196.775000 1037.320000 -13 1660 1 0 1.000000
-6.929460 -2.205850 0 5.231380 9.622090 226.586000 1037.230000 -13 1661 1 0 1.000000
7.406060 -18.016300 0 -3.169190 1.500820 188.452000 1037.180000 -13 1662 1 0 1.000000
-13.896600 -7.548180 0 11.066800 18.309200 216.730000 1037.200000 -13 1663 1 0 1.000000
-3.239390 -21.730600 0 -3.647240 10.051500 204.751000 1037.260000 -13 1664 1 0 1.000000
6.349270 -7.992030 0 -27.820400 20.950400 209.094000 1037.120000 -13 1665 1 0 1.000000
-14.327400 8.352130 0 7.551330 7.988660 208.931000 1037.270000 -13 1666 1 0 1.000000
-7.504950 1.964570 0 15.191400 -19.962600 214.852000 1037.230000 -13 1667 1 0 1.000000
-18.543300 -3.909500 0 -1.207020 -9.339490 212.870000 1037.210000 -13 1668 1 0 1.000000
-5.940010 0.701985 0 16.561100 -10.382800 196.327000 1037.140000 -13 1669 1 0 1.000000
-7.063710 -3.666920 0 5.858370 -18.046300 210.858000 1037.360000 -13 1670 1 0 1.000000
-10.448800 2.729930 0 16.491700 5.252980 222.411000 1037.180000 -13 1671 1 0 1.000000
-13.083500 -13.479100 0 6.046740 1.748140 210.879000 1037.130000 -13 1672 1 0 1.000000
13.348200 0.790106 0 -18.867700 -31.389300 199.047000 1037.360000 -13 1673 1 0 1.000000
-8.333640 -7.911000 0 3.144350 16.011600 209.837000 1037.410000 -13 1674 1 0 1.000000
-3.527960 -23.388600 0 9.635790 -15.653100 216.023000 1037.290000 -13 1675 1 0 1.000000
-8.829360 4.571470 0 -7.384830 5.837450 206.293000 1037.390000 -13 1676 1 0 1.000000
-19.241700 -16.834300 0 -9.415330 -0.093407 217.001000 1037.280000 -13 1677 1 0 1.000000
-7.291370 -10.769300 0 -20.477400 3.393230 206.512000 1037.190000 -13 1678 1 0 1.000000
20.477000 -2.840420 0 12.903000 2.255760 209.034000 1037.110000 -13 1679 1 0 1.000000
-24.424700 -14.600100 0 26.017900 1.092610 225.702000 1037.240000 -13 1680 1 0 1.000000
-12.546400 -11.132000 0 7.814520 -5.898220 205.975000 1037.180000 -13 1681 1 0 1.000000
-14.875000 -7.092450 0 -31.434900 15.312800 229.963000 1037.350000 -13 1682 1 0 1.000000
-9.735120 -2.050930 0 -15.216700 -6.733900 194.461000 1037.180000 -13 1683 1 0 1.000000
-17.111100 1.841730 0 -8.757930 -3.396360 202.753000 1037.320000 -13 1684 1 0 1.000000
0.339614 -17.535800 0 -17.376500 -3.557110 207.106000 1037.120000 -13 1685 1 0 1.000000
17.677300 -10.567100 0 -19.303800 -21.984500 207.911000 1037.330000 -13 1686 1 0 1.000000
-13.000900 -10.516600 0 -11.794600 10.713300 220.972000 1037.070000 -13 1687 1 0 1.000000
-8.725510 -3.864740 0 -8.552150 16.738800 220.470000 1037.220000 -13 1688 1 0 1.000000
0.959889 -12.482500 0 -9.047020 3.433430 216.444000 1037.220000 -13 1689 1 0 1.000000
-8.499690 -0.548429 0 2.928030 -3.926530 207.685000 1037.460000 -13 1690 1 0 1.000000
-10.732200 3.327710 0 6.104620 -4.637010 201.548000 1037.510000 -13 1691 1 0 1.000000
-17.750600 0.676312 0 19.426700 17.971800 209.679000 1037.250000 -13 1692 1 0 1.000000
-0.392201 -1.216860 0 19.990700 -22.360400 216.124000 1037.340000 -13 1693 1 0 1.000000
-6.379880 -13.424100 0 -14.376800 6.192950 200.586000 1037.170000 -13 1694 1 0 1.000000
0.471851 -7.754710 0 -5.405390 7.283650 195.665000 1037.190000 -13 1695 1 0 1.000000
-14.292600 -9.342480 0 -0.414104 5.446500 207.176000 1037.300000 -13 1696 1 0 1.000000
-8.655300 4.835720 0 1.515560 12.494600 213.440000 1037.380000 -13 1697 1 0 1.000000
20.692200 -6.417930 0 -4.463000 -7.615010 224.728000 1037.290000 -13 1698 1 0 1.000000
-4.345670 -12.259400 0 -15.529500 -9.469240 200.819000 1037.290000 -13 1699 1 0 1.000000
6.951460 -19.532200 0 -16.063900 -4.048980 219.101000 1037.260000 -13 1700 1 0 1.000000
0.093893 -1.145560 0 -1.387850 11.261700 200.962000 1037.470000 -13 1701 1 0 1.000000
-3.548280 -9.330330 0 3.722490 -2.826670 204.670000 1037.310000 -13 1702 1 0 1.000000
-8.779860 -11.760400 0 4.472280 -3.464910 204.620000 1037.210000 -13 1703 1 0 1.000000
-2.439380 7.431220 0 -7.364560 2.288070 205.169000 1037.160000 -13 1704 1 0 1.000000
-7.226780 -2.521840 0 19.454100 12.778900 197.609000 1037.590000 -13 1705 1 0 1.000000
-14.703400 -16.282200 0 0.126459 4.709820 208.644000 1037.250000 -13 1706 1 0 1.000000
-1.321160 -4.372390 0 -12.608500 7.568690 195.708000 1037.300000 -13 1707 1 0 1.000000
-12.566300 -24.415000 0 -26.492100 -9.512520 219.881000 1037.200000 -13 1708 1 0 1.000000
-10.601100 -5.713590 0 12.342900 -18.306600 221.273000 1037.230000 -13 1709 1 0 1.000000
-11.519700 -13.669200 0 5.437240 -9.836640 208.196000 1037.230000 -13 1710 1 0 1.000000
-3.509030 0.139188 0 2.470950 6.396450 205.989000 1037.290000 -13 1711 1 0 1.000000
2.237170 0.907041 0 -6.071550 -1.056040 206.791000 1037.210000 -13 1712 1 0 1.000000
3.773490 -0.788906 0 4.563140 -9.556700 212.717000 1037.370000 -13 1713 1 0 1.000000
-1.356930 -14.989100 0 -7.908460 13.058300 200.551000 1037.270000 -13 1714 1 0 1.000000
-8.311410 -14.400900 0 -20.924400 4.331180 218.109000 1037.170000 -13 1715 1 0 1.000000
-2.188130 -8.305370 0 -4.095940 -16.052400 205.930000 1037.350000 -13 1716 1 0 1.000000
-20.322100 -18.558400 0 -0.146784 6.242240 220.715000 1037.240000 -13 1717 1 0 1.000000
1.062690 -14.423800 0 -7.375130 -6.539180 204.340000 1037.300000 -13 1718 1 0 1.000000
7.244030 7.436330 0 7.224610 7.432540 203.516000 1037.230000 -13 1719 1 0 1.000000
-10.732000 -0.823446 0 -3.856200 -2.873170 205.134000 1037.200000 -13 1720 1 0 1.000000
-33.187800 13.421200 0 19.033500 11.002500 221.549000 1037.560000 -13 1721 1 0 1.000000
-6.365510 -18.854800 0 -12.399400 -1.932450 215.579000 1037.250000 -13 1722 1 0 1.000000
-16.863400 -10.246500 0 8.450110 13.624300 216.779000 1037.110000 -13 1723 1 0 1.000000
-7.501780 -8.933500 0 -5.537040 19.435500 211.266000 1037.170000 -13 1724 1 0 1.000000
-7.055740 -11.590700 0 -26.822400 17.908800 223.002000 1037.040000 -13 1725 1 0 1.000000
-9.244710 -5.714900 0 16.112100 20.386300 204.831000 1037.470000 -13 1726 1 0 1.000000
-11.554100 -18.431300 0 -30.611900 0.179996 199.952000 1037.200000 -13 1727 1 0 1.000000
-23.760500 -3.520240 0 18.491900 9.175660 205.058000 1037.300000 -13 1728 1 0 1.000000
-12.368200 -11.291800 0 12.840400 16.097000 196.412000 1037.150000 -13 1729 1 0 1.000000
-9.798470 -5.199210 0 -1.184880 9.831660 199.082000 1037.390000 -13 1730 1 0 1.000000
-8.809150 0.982777 0 -21.578700 6.201430 208.408000 1037.500000 -13 1731 1 0 1.000000
-9.924130 -6.190990 0 12.537700 -12.891600 217.739000 1037.310000 -13 1732 1 0 1.000000
6.002220 -6.643730 0 19.597100 23.477600 192.409000 1037.360000 -13 1733 1 0 1.000000
-4.076880 -10.887500 0 12.224200 -4.870730 207.427000 1037.400000 -13 1734 1 0 1.000000
-2.384770 -9.559790 0 3.487030 -3.789130 206.933000 1037.290000 -13 1735 1 0 1.000000
-4.875170 0.038632 0 -3.655770 0.269506 204.965000 1037.330000 -13 1736 1 0 1.000000
20.145300 -6.597320 0 -31.455700 1.823400 214.101000 1037.340000 -13 1737 1 0 1.000000
-9.901970 -8.086380 0 -17.758500 11.292500 201.563000 1037.170000 -13 1738 1 0 1.000000
-13.527800 -9.772190 0 9.057870 -15.599400 207.752000 1037.130000 -13 1739 1 0 1.000000
-6.550840 -11.780900 0 -20.810700 -6.862420 211.874000 1037.250000 -13 1740 1 0 1.000000
-12.601700 -10.818900 0 -10.141100 2.310910 194.605000 1037.450000 -13 1741 1 0 1.000000
-7.957050 -3.440510 0 0.885557 31.212600 210.923000 1037.150000 -13 1742 1 0 1.000000
-1.347190 5.914450 0 -10.252300 -16.128100 199.371000 1037.460000 -13 1743 1 0 1.000000
-10.795500 -9.654590 0 14.562900 3.917650 221.617000 1037.180000 -13 1744 1 0 1.000000
1.058540 -7.215860 0 3.338700 -10.930800 210.969000 1037.550000 -13 1745 1 0 1.000000
9.648310 0.861541 0 -24.682300 -9.292130 187.812000 1037.450000 -13 1746 1 0 1.000000
-1.938280 -3.194430 0 37.321500 0.885705 209.766000 1037.150000 -13 1747 1 0 1.000000
-0.178008 -7.710200 0 14.935700 -0.103788 219.858000 1037.160000 -13 1748 1 0 1.000000
-19.050700 -13.293900 0 9.336670 7.496110 218.000000 1037.400000 -13 1749 1 0 1.000000
-10.621400 -6.827390 0 10.274600 -1.277900 188.690000 1037.370000 -13 1750 1 0 1.000000
-11.926800 -4.403740 0 -1.924820 3.854230 209.602000 1037.260000 -13 1751 1 0 1.000000
6.827270 -5.575000 0 -2.451530 -4.794770 207.219000 1037.330000 -13 1752 1 0 1.000000
-9.111070 -8.490270 0 2.170500 -12.895500 205.087000 1037.160000 -13 1753 1 0 1.000000
-20.732300 -9.058140 0 7.556550 4.683670 200.104000 1037.160000 -13 1754 1 0 1.000000
-2.102620 -11.598000 0 5.814520 10.790800 202.980000 1037.190000 -13 1755 1 0 1.000000
15.195500 -14.704400 0 -19.105000 -12.761800 201.438000 1037.300000 -13 1756 1 0 1.000000
1.011910 -25.513200 0 -7.845460 10.026300 211.089000 1037.150000 -13 1757 1 0 1.000000
-4.773050 -1.654690 0 -24.251900 -19.284200 221.709000 1037.180000 -13 1758 1 0 1.000000
2.630460 -9.455230 0 -2.877260 -19.478700 209.570000 1037.230000 -13 1759 1 0 1.000000
2.979850 -12.307400 0 -10.204900 11.416900 203.475000 1037.160000 -13 1760 1 0 1.000000
0.687527 -11.881500 0 -9.791730 -9.063810 206.162000 1037.160000 -13 1761 1 0 1.000000
2.683590 2.978210 0 0.598273 -5.267400 206.892000 1037.490000 -13 1762 1 0 1.000000
-7.609250 -11.133200 0 -5.164590 14.783400 202.578000 1037.100000 -13 1763 1 0 1.000000
2.490520 -11.461400 0 11.557500 7.256700 206.341000 1037.290000 -13 1764 1 0 1.000000
-18.883300 -12.066400 0 8.599480 -1.097710 219.577000 1037.220000 -13 1765 1 0 1.000000
0.557970 -12.540400 0 -18.239500 -20.499600 207.190000 1037.140000 -13 1766 1 0 1.000000
-9.265650 -9.963780 0 9.260640 0.647146 200.089000 1037.530000 -13 1767 1 0 1.000000
-9.568800 -8.327420 0 4.545480 -40.211300 207.663000 1037.190000 -13 1768 1 0 1.000000
4.527110 -3.390050 0 14.667000 4.369800 185.455000 1037.090000 -13 1769 1 0 1.000000
-2.169930 -18.854100 0 -1.659880 -17.338300 218.390000 1037.250000 -13 1770 1 0 1.000000
-9.685830 -11.115200 0 -38.045400 24.212600 223.176000 1037.100000 -13 1771 1 0 1.000000
5.260620 -8.374370 0 19.206400 12.773800 208.232000 1037.290000 -13 1772 1 0 1.000000
-14.831900 -6.017020 0 -18.902300 4.331520 203.587000 1037.130000 -13 1773 1 0 1.000000
15.358300 -0.581841 0 0.675030 -15.825900 214.425000 1037.190000 -13 1774 1 0 1.000000
-6.183530 -7.109320 0 -11.990000 13.983500 197.590000 1037.220000 -13 1775 1 0 1.000000
2.724060 -8.371210 0 -3.149310 -3.031130 211.387000 1037.290000 -13 1776 1 0 1.000000
-11.306700 -3.481290 0 -7.027320 5.336090 187.022000 1037.220000 -13 1777 1 0 1.000000
-2.969830 -7.012930 0 -9.587300 -12.776400 203.042000 1037.170000 -13 1778 1 0 1.000000
-18.275400 -1.319780 0 2.385180 0.461666 220.187000 1037.100000 -13 1779 1 0 1.000000
-9.709780 -17.515400 0 -6.274560 10.716900 218.204000 1037.280000 -13 1780 1 0 1.000000
-7.846520 -22.933800 0 -34.186500 16.332200 210.667000 1037.550000 -13 1781 1 0 1.000000
-5.620370 6.987580 0 -6.682610 -7.472960 203.600000 1037.240000 -13 1782 1 0 1.000000
5.436140 -8.040730 0 -3.929730 1.507790 192.541000 1037.180000 -13 1783 1 0 1.000000
-4.534390 -4.851370 0 8.210640 11.466300 214.310000 1037.250000 -13 1784 1 0 1.000000
-16.803400 -7.635180 0 0.787315 3.884950 214.610000 1037.140000 -13 1785 1 0 1.000000
-5.802450 -2.130470 0 1.685900 4.087710 213.562000 1037.380000 -13 1786 1 0 1.000000
2.206060 -16.343600 0 -25.618400 0.149793 217.764000 1037.290000 -13 1787 1 0 1.000000
-21.452200 -2.750060 0 -8.933520 17.905200 218.077000 1037.270000 -13 1788 1 0 1.000000
1.515760 -4.112840 0 -1.071660 1.238590 216.331000 1037.320000 -13 1789 1 0 1.000000
-3.389260 -12.808000 0 1.549500 9.183480 199.127000 1037.580000 -13 1790 1 0 1.000000
-3.396690 -11.695800 0 1.113530 -3.542830 220.213000 1037.250000 -13 1791 1 0 1.000000
-5.157520 -4.586190 0 -14.383500 11.678400 198.887000 1037.060000 -13 1792 1 0 1.000000
-3.667940 -2.254000 0 6.130070 -18.691000 213.093000 1037.370000 -13 1793 1 0 1.000000
-0.484364 9.883520 0 8.417890 -27.056100 204.924000 1037.390000 -13 1794 1 0 1.000000
-5.297660 4.958630 0 19.883900 3.339570 206.365000 1037.340000 -13 1795 1 0 1.000000
-9.685140 -3.904070 0 -0.846541 -1.095270 210.273000 1037.410000 -13 1796 1 0 1.000000
-8.497650 -3.996590 0 -4.241600 22.896600 207.888000 1037.260000 -13 1797 1 0 1.000000
9.697460 -6.293180 0 -14.739500 -11.868300 202.272000 1037.450000 -13 1798 1 0 1.000000
-5.302240 -1.266410 0 -16.328100 -7.635770 204.762000 1037.330000 -13 1799 1 0 1.000000
0.847155 -9.567570 0 1.313330 -2.393520 206.171000 1037.340000 -13 1800 1 0 1.000000
-0.829980 0.467130 0 14.464300 3.920230 198.160000 1037.230000 -13 1801 1 0 1.000000
-21.286900 -13.756500 0 21.556800 19.628900 221.387000 1037.200000 -13 1802 1 0 1.000000
-1.007480 -0.111050 0 -17.072100 -18.636200 206.882000 1037.330000 -13 1803 1 0 1.000000
-14.819300 -8.160880 0 -3.155220 -7.204090 208.631000 1037.120000 -13 1804 1 0 1.000000
1.862600 -0.062981 0 -15.744700 -15.378900 206.206000 1037.330000 -13 1805 1 0 1.000000
-17.061000 -19.662000 0 -14.058900 10.296900 219.885000 1037.170000 -13 1806 1 0 1.000000
-15.193800 -17.683900 0 -4.137870 -17.018200 213.677000 1037.570000 -13 1807 1 0 1.000000
-8.364080 -13.216200 0 -9.444130 2.160150 218.882000 1037.440000 -13 1808 1 0 1.000000
-25.886400 1.891080 0 -3.622960 2.399360 221.665000 1037.340000 -13 1809 1 0 1.000000
-13.817300 -17.714900 0 -16.749800 12.442100 211.161000 1037.170000 -13 1810 1 0 1.000000
-18.008300 1.688500 0 13.258800 0.787735 218.150000 1037.320000 -13 1811 1 0 1.000000
3.438100 -11.181100 0 5.065920 -16.911000 215.512000 1037.460000 -13 1812 1 0 1.000000
-13.569600 0.008582 0 4.772900 -20.435300 204.759000 1037.480000 -13 1813 1 0 1.000000
-13.799800 -15.285100 0 11.231100 -13.720000 193.238000 1037.360000 -13 1814 1 0 1.000000
4.677990 15.504700 0 20.048500 -10.903900 210.027000 1037.450000 -13 1815 1 0 1.000000
-9.224630 -9.822550 0 0.503514 -1.464660 191.511000 1037.380000 -13 1816 1 0 1.000000
1.378770 -14.732500 0 3.060370 12.887400 211.302000 1037.170000 -13 1817 1 0 1.000000
-6.268100 -12.619800 0 -12.456000 -5.546710 201.417000 1037.110000 -13 1818 1 0 1.000000
4.714310 -5.373060 0 -4.275500 9.957930 198.141000 1037.560000 -13 1819 1 0 1.000000
-6.613580 2.043290 0 -14.045500 -10.631600 215.982000 1037.360000 -13 1820 1 0 1.000000
-1.878120 -15.094700 0 -6.196880 -0.869937 212.565000 1037.140000 -13 1821 1 0 1.000000
-9.286070 0.045022 0 -10.281600 -4.522050 202.350000 1037.280000 -13 1822 1 0 1.000000
-30.444300 -4.963030 0 -9.128810 16.314000 219.101000 1037.320000 -13 1823 1 0 1.000000
-13.267800 2.412820 0 -6.406630 10.945700 225.168000 1037.290000 -13 1824 1 0 1.000000
-5.679660 -12.305000 0 12.821700 5.172080 205.189000 1037.250000 -13 1825 1 0 1.000000
7.261630 -9.280490 0 2.110950 3.770840 203.740000 1037.280000 -13 1826 1 0 1.000000
-10.885400 6.511050 0 7.072240 0.039224 207.550000 1037.180000 -13 1827 1 0 1.000000
-6.162660 -2.227600 0 -1.685710 -10.831900 199.752000 1037.330000 -13 1828 1 0 1.000000
-12.953900 -5.039290 0 16.554900 24.317900 213.089000 1037.250000 -13 1829 1 0 1.000000
6.701000 -0.818687 0 -12.367600 0.371550 193.180000 1037.110000 -13 1830 1 0 1.000000
0.128558 -3.307500 0 -14.084500 4.463940 202.115000 1037.100000 -13 1831 1 0 1.000000
-13.663400 0.245531 0 6.467220 -1.232180 200.324000 1037.290000 -13 1832 1 0 1.000000
-11.244900 -13.567300 0 -50.979800 -16.178800 215.070000 1036.970000 -13 1833 1 0 1.000000
-6.335720 -0.787159 0 3.194310 14.972400 203.015000 1037.260000 -13 1834 1 0 1.000000
-15.228800 -14.300200 0 -6.512340 5.705620 212.434000 1037.350000 -13 1835 1 0 1.000000
-6.937350 -6.607990 0 -5.783680 -1.427170 199.622000 1036.980000 -13 1836 1 0 1.000000
-9.398330 -14.319400 0 7.873790 4.188160 200.949000 1037.110000 -13 1837 1 0 1.000000
-9.814650 0.453462 0 9.093910 4.197850 208.007000 1037.060000 -13 1838 1 0 1.000000
-3.788050 -3.970360 0 1.174170 -13.384400 204.835000 1037.180000 -13 1839 1 0 1.000000
-10.079700 -7.741600 0 4.392230 0.304464 200.999000 1037.260000 -13 1840 1 0 1.000000
3.873550 2.878760 0 -6.854070 17.224200 199.974000 1037.160000 -13 1841 1 0 1.000000
5.519570 -23.375500 0 -1.299800 9.482960 194.569000 1037.140000 -13 1842 1 0 1.000000
-5.267390 3.669040 0 11.470800 -14.490900 205.768000 1037.290000 -13 1843 1 0 1.000000
-12.138800 -18.436700 0 -7.489990 7.212470 222.703000 1037.040000 -13 1844 1 0 1.000000
-1.889910 -11.359800 0 8.355010 -19.904900 214.533000 1037.160000 -13 1845 1 0 1.000000
-5.781660 -10.227000 0 -8.420250 10.845500 196.273000 1037.330000 -13 1846 1 0 1.000000
-0.244413 -16.070500 0 -3.582300 -3.307110 210.610000 1037.170000 -13 1847 1 0 1.000000
-7.918830 -6.636790 0 3.272000 3.274540 194.578000 1037.300000 -13 1848 1 0 1.000000
-12.626900 -0.945253 0 0.293333 11.299300 196.290000 1037.300000 -13 1849 1 0 1.000000
-14.038900 5.162170 0 3.891060 -6.471720 191.180000 1037.340000 -13 1850 1 0 1.000000
-19.598300 -11.176500 0 -1.073610 -4.097920 212.845000 1037.290000 -13 1851 1 0 1.000000
-16.813900 -13.179800 0 6.274330 5.652250 202.679000 1037.230000 -13 1852 1 0 1.000000
-4.692350 -9.749610 0 11.726500 -7.677890 215.644000 1037.160000 -13 1853 1 0 1.000000
10.594700 -12.130100 0 8.307090 -27.283500 203.879000 1037.180000 -13 1854 1 0 1.000000
-6.271210 -14.933400 0 32.389600 32.008700 191.917000 1037.240000 -13 1855 1 0 1.000000
-7.312730 13.729300 0 1.688950 -12.885400 219.489000 1037.380000 -13 1856 1 0 1.000000
-9.052100 -6.455660 0 9.105170 16.370700 199.588000 1037.560000 -13 1857 1 0 1.000000
-24.182700 -7.303260 0 -9.356100 15.966300 198.096000 1037.100000 -13 1858 1 0 1.000000
-26.497200 1.373650 0 17.671000 17.128700 212.853000 1037.380000 -13 1859 1 0 1.000000
-11.672600 -3.166580 0 15.628500 8.426580 201.184000 1037.120000 -13 1860 1 0 1.000000
2.810650 -13.359200 0 4.532790 -14.298500 214.755000 1037.120000 -13 1861 1 0 1.000000
-20.340000 2.110050 0 -8.559410 1.742570 210.223000 1037.140000 -13 1862 1 0 1.000000
-6.291350 -4.996460 0 -15.916600 -13.095300 221.909000 1037.090000 -13 1863 1 0 1.000000
5.770340 -0.505731 0 15.985200 -17.599000 228.282000 1037.240000 -13 1864 1 0 1.000000
8.424200 -7.642920 0 -2.692670 22.605500 205.937000 1037.180000 -13 1865 1 0 1.000000
-15.160700 -12.624500 0 3.838760 4.610290 216.083000 1037.250000 -13 1866 1 0 1.000000
-10.697700 -8.707150 0 -0.032443 6.525930 205.350000 1037.110000 -13 1867 1 0 1.000000
0.537882 -19.854800 0 -5.566220 3.154700 216.909000 1037.220000 -13 1868 1 0 1.000000
-12.476200 -1.809210 0 -22.824100 -8.490560 209.437000 1037.140000 -13 1869 1 0 1.000000
-7.600360 -7.561110 0 5.378000 -10.916000 213.270000 1037.400000 -13 1870 1 0 1.000000
-20.209600 -10.759600 0 -13.908600 -6.005350 211.265000 1037.170000 -13 1871 1 0 1.000000
8.744970 -2.718010 0 -12.081400 15.654500 190.834000 1037.360000 -13 1872 1 0 1.000000
3.090880 0.586550 0 -15.283800 -7.509760 209.010000 1037.110000 -13 1873 1 0 1.000000
-2.253020 -4.419030 0 3.194290 10.497300 199.634000 1037.340000 -13 1874 1 0 1.000000
-9.043470 -6.240470 0 3.508000 5.980970 201.862000 1037.370000 -13 1875 1 0 1.000000
-3.036970 -7.096140 0 3.725060 1.963640 195.003000 1037.310000 -13 1876 1 0 1.000000
9.284410 3.415900 0 5.641860 8.631470 214.276000 1037.190000 -13 1877 1 0 1.000000
-12.180100 -15.181600 0 -25.179600 24.743700 213.829000 1037.100000 -13 1878 1 0 1.000000
-9.789520 -3.199960 0 -14.462800 -7.010720 212.298000 1037.110000 -13 1879 1 0 1.000000
-3.477240 -13.320100 0 11.311200 18.066800 199.019000 1037.110000 -13 1880 1 0 1.000000
6.062360 2.135310 0 7.686190 -0.697829 211.350000 1037.350000 -13 1881 1 0 1.000000
-15.783000 -11.961200 0 2.225090 -20.730200 195.666000 1037.300000 -13 1882 1 0 1.000000
-10.060300 3.154750 0 -7.717880 1.766620 202.432000 1037.410000 -13 1883 1 0 1.000000
-10.294100 -10.313900 0 -9.423370 6.738460 208.156000 1037.020000 -13 1884 1 0 1.000000
-14.799300 -12.517000 0 3.257350 16.879800 214.012000 1037.100000 -13 1885 1 0 1.000000
-12.363400 -4.751210 0 -8.410030 -19.896700 210.524000 1037.310000 -13 1886 1 0 1.000000
-8.300950 -11.639800 0 5.688510 -10.347100 213.602000 1037.170000 -13 1887 1 0 1.000000
11.285500 -5.741240 0 -17.291300 -8.905210 203.128000 1037.310000 -13 1888 1 0 1.000000
-3.547270 8.748280 0 6.624870 -12.334000 212.086000 1037.250000 -13 1889 1 0 1.000000
-21.194600 -11.455300 0 -8.862230 -12.509700 201.614000 1037.190000 -13 1890 1 0 1.000000
-14.981000 -17.058500 0 -6.018790 -0.051684 206.128000 1036.980000 -13 1891 1 0 1.000000
10.583100 -14.359600 0 0.248489 -5.270180 192.133000 1037.190000 -13 1892 1 0 1.000000
-9.474020 -15.471200 0 10.652100 -22.146300 202.460000 1037.360000 -13 1893 1 0 1.000000
-7.437870 -2.521920 0 -18.881000 12.903000 201.561000 1037.150000 -13 1894 1 0 1.000000
-20.547700 -10.883300 0 -20.366700 10.774100 223.350000 1037.090000 -13 1895 1 0 1.000000
-4.402100 -1.059260 0 4.646380 -5.007870 197.922000 1037.220000 -13 1896 1 0 1.000000
-6.667430 -10.109100 0 23.817200 -7.493970 220.709000 1037.320000 -13 1897 1 0 1.000000
-1.005720 -16.119100 0 -14.797600 -3.557700 204.148000 1037.240000 -13 1898 1 0 1.000000
-9.936390 -4.741650 0 -0.746810 -13.843300 208.028000 1037.280000 -13 1899 1 0 1.000000
6.810850 -10.739400 0 -25.127400 -12.570600 184.143000 1037.090000 -13 1900 1 0 1.000000
1.194600 -11.997900 0 -22.102000 -4.730800 199.809000 1037.270000 -13 1901 1 0 1.000000
0.489467 0.761368 0 25.974300 -5.365940 204.812000 1037.280000 -13 1902 1 0 1.000000
-3.852520 14.985500 0 -0.100599 1.863200 203.391000 1037.290000 -13 1903 1 0 1.000000
-8.300580 -12.980500 0 5.397830 -1.796500 216.536000 1037.390000 -13 1904 1 0 1.000000
-20.660900 -16.621600 0 10.531300 20.087300 207.771000 1037.360000 -13 1905 1 0 1.000000
-14.963400 3.047060 0 3.675890 8.238270 214.658000 1037.530000 -13 1906 1 0 1.000000
-8.574660 -12.033700 0 -35.711200 -11.515200 214.537000 1037.460000 -13 1907 1 0 1.000000
-28.190800 -3.036990 0 34.663100 6.055060 214.547000 1037.520000 -13 1908 1 0 1.000000
5.028630 -15.459000 0 14.610900 -7.066980 215.895000 1037.220000 -13 1909 1 0 1.000000
-13.929500 -4.670890 0 13.951500 -22.084800 211.366000 1037.160000 -13 1910 1 0 1.000000
-17.602100 -2.638370 0 -23.433400 25.361300 212.787000 1037.400000 -13 1911 1 0 1.000000
6.700850 -6.212670 0 -3.409820 -1.022330 213.300000 1037.390000 -13 1912 1 0 1.000000
-3.105760 -11.906500 0 1.328680 -4.584780 204.995000 1037.100000 -13 1913 1 0 1.000000
0.933398 -5.774410 0 -2.496580 14.444600 202.684000 1037.280000 -13 1914 1 0 1.000000
-0.999115 -8.258040 0 19.952700 -28.262200 194.021000 1037.390000 -13 1915 1 0 1.000000
6.341530 -4.519640 0 -1.587270 0.513364 205.369000 1037.350000 -13 1916 1 0 1.000000
-20.399800 -2.138420 0 -4.326890 -1.140320 225.360000 1037.520000 -13 1917 1 0 1.000000
-8.138460 -0.751087 0 -1.729460 -8.495290 209.820000 1037.260000 -13 1918 1 0 1.000000
7.106950 -6.462980 0 -25.288400 -1.995950 202.528000 1037.270000 -13 1919 1 0 1.000000
1.796380 -0.454286 0 -1.418910 5.721660 199.376000 1037.360000 -13 1920 1 0 1.000000
-16.446600 -8.860990 0 2.236760 1.463470 203.277000 1037.530000 -13 1921 1 0 1.000000
-0.624081 -16.217800 0 7.407540 -9.879420 197.532000 1037.460000 -13 1922 1 0 1.000000
-12.139100 -14.445100 0 16.473800 -2.201750 209.059000 1037.300000 -13 1923 1 0 1.000000
-11.067400 -21.041300 0 -14.180900 -14.038200 197.746000 1037.110000 -13 1924 1 0 1.000000
-19.410400 4.854910 0 -3.079620 -4.836540 220.576000 1037.050000 -13 1925 1 0 1.000000
-5.118630 -9.386280 0 15.491600 -8.159240 214.416000 1037.170000 -13 1926 1 0 1.000000
-6.144910 -9.749870 0 9.926620 -7.081080 207.558000 1037.270000 -13 1927 1 0 1.000000
4.029360 0.997529 0 -7.376640 3.795820 203.903000 1037.250000 -13 1928 1 0 1.000000
-12.736000 17.589700 0 -4.977670 -13.332400 209.682000 1037.100000 -13 1929 1 0 1.000000
-3.054890 -11.873800 0 -3.364020 -18.709200 208.185000 1037.330000 -13 1930 1 0 1.000000
-2.965250 -11.460200 0 21.647300 -0.167545 196.104000 1037.200000 -13 1931 1 0 1.000000
9.556980 -0.124405 0 -13.941100 -8.016450 189.705000 1037.060000 -13 1932 1 0 1.000000
2.660010 0.363688 0 -11.337300 -9.534180 208.334000 1037.020000 -13 1933 1 0 1.000000
2.293120 -19.098500 0 8.789380 -1.336950 199.458000 1037.130000 -13 1934 1 0 1.000000
-11.321800 10.636400 0 7.499370 -9.399570 197.183000 1037.200000 -13 1935 1 0 1.000000
-14.901700 -22.042700 0 20.578100 10.216400 210.775000 1037.140000 -13 1936 1 0 1.000000
-12.641900 -6.469330 0 5.918470 2.877900 199.651000 1037.290000 -13 1937 1 0 1.000000
-15.518500 -1.260620 0 13.355900 -24.397600 215.610000 1037.430000 -13 1938 1 0 1.000000
-13.514900 -3.870900 0 24.486500 -11.713200 220.780000 1037.240000 -13 1939 1 0 1.000000
-19.565800 -4.475500 0 -1.594010 -6.200090 215.204000 1037.370000 -13 1940 1 0 1.000000
-17.665900 1.002340 0 21.853700 2.715050 214.848000 1037.220000 -13 1941 1 0 1.000000
-9.776360 -16.438100 0 4.485100 10.175400 206.109000 1037.500000 -13 1942 1 0 1.000000
2.045380 -13.297800 0 -1.888140 7.702340 209.850000 1037.190000 -13 1943 1 0 1.000000
-2.108550 -6.008270 0 -1.882920 -23.952900 216.646000 1037.350000 -13 1944 1 0 1.000000
-15.848600 4.473950 0 -13.551900 4.207200 210.747000 1037.150000 -13 1945 1 0 1.000000
-29.408800 4.171090 0 -20.527000 -21.128100 244.375000 1037.340000 -13 1946 1 0 1.000000
-4.534770 -9.481270 0 12.847800 1.027580 198.653000 1037.400000 -13 1947 1 0 1.000000
-2.176660 -9.246530 0 -12.802500 -5.553430 188.711000 1037.260000 -13 1948 1 0 1.000000
-1.023030 -4.689270 0 -14.135400 -13.775400 194.007000 1037.360000 -13 1949 1 0 1.000000
-12.424300 5.584330 0 24.392700 5.347230 211.606000 1037.190000 -13 1950 1 0 1.000000
1.671300 3.074240 0 -17.499300 2.764490 197.916000 1037.040000 -13 1951 1 0 1.000000
9.108220 -16.436400 0 -2.302400 -4.047920 221.942000 1037.150000 -13 1952 1 0 1.000000
-2.264870 -2.789820 0 -10.730400 4.481490 213.414000 1037.180000 -13 1953 1 0 1.000000
-13.104600 -5.018970 0 18.651900 1.277060 227.451000 1037.320000 -13 1954 1 0 1.000000
-9.150750 -22.091400 0 -4.190140 3.480930 211.342000 1037.200000 -13 1955 1 0 1.000000
-5.277430 -3.101310 0 -2.952740 -4.325630 188.207000 1037.450000 -13 1956 1 0 1.000000
-8.253220 -8.764820 0 -26.185300 17.146700 199.036000 1037.020000 -13 1957 1 0 1.000000
-18.749600 -1.009140 0 5.183890 -11.861000 197.844000 1037.550000 -13 1958 1 0 1.000000
-9.229240 -8.065050 0 5.506730 -4.248850 207.973000 1037.220000 -13 1959 1 0 1.000000
-7.813030 -6.242700 0 6.490100 8.430130 194.664000 1037.230000 -13 1960 1 0 1.000000
2.306110 -16.149300 0 -4.721970 -4.224150 193.523000 1037.100000 -13 1961 1 0 1.000000
-13.358100 -22.527200 0 -0.263499 18.733800 216.950000 1037.130000 -13 1962 1 0 1.000000
-1.272120 7.231430 0 4.970350 -8.401130 203.390000 1037.100000 -13 1963 1 0 1.000000
11.688900 -6.943580 0 -4.389280 -8.705400 220.846000 1037.250000 -13 1964 1 0 1.000000
-3.421900 -4.702810 0 -4.132030 14.064500 209.862000 1037.390000 -13 1965 1 0 1.000000
-2.848010 13.207200 0 3.089160 2.448380 202.661000 1037.230000 -13 1966 1 0 1.000000
-6.159740 -11.007400 0 -0.436314 -15.950100 199.023000 1037.070000 -13 1967 1 0 1.000000
13.422800 -6.173100 0 -9.966970 -12.590400 195.397000 1037.070000 -13 1968 1 0 1.000000
-3.455220 -5.404400 0 7.500970 -14.285300 204.367000 1037.000000 -13 1969 1 0 1.000000
-6.474350 -16.281900 0 -0.009611 3.049010 184.048000 1037.230000 -13 1970 1 0 1.000000
-12.952800 -6.245780 0 2.756150 5.913820 213.909000 1037.360000 -13 1971 1 0 1.000000
-14.566500 -2.090960 0 1.883290 -10.396800 204.362000 1037.280000 -13 1972 1 0 1.000000
-5.123500 -12.034000 0 -0.339361 -7.355420 194.270000 1037.210000 -13 1973 1 0 1.000000
6.158920 -11.804000 0 3.538210 1.093170 187.788000 1037.140000 -13 1974 1 0 1.000000
-12.115900 6.248780 0 0.368425 -10.352300 210.427000 1037.260000 -13 1975 1 0 1.000000
-8.152900 -6.328870 0 0.213671 -17.473000 203.646000 1037.250000 -13 1976 1 0 1.000000
-9.962110 -11.924400 0 -11.656900 -5.798890 198.463000 1037.300000 -13 1977 1 0 1.000000
2.362840 -14.621800 0 0.984888 -12.090100 211.002000 1037.580000 -13 1978 1 0 1.000000
4.262780 -9.804600 0 -0.464728 22.535800 203.370000 1037.530000 -13 1979 1 0 1.000000
-8.543090 -10.816600 0 -6.593150 -1.488700 196.672000 1037.290000 -13 1980 1 0 1.000000
-5.707570 -11.351800 0 7.486490 2.824400 223.730000 1037.360000 -13 1981 1 0 1.000000
3.715120 -8.445210 0 0.746672 14.037000 197.232000 1037.410000 -13 1982 1 0 1.000000
-1.128110 -13.731100 0 -5.730620 4.023680 195.361000 1037.510000 -13 1983 1 0 1.000000
2.328710 -2.133100 0 3.871650 -6.819590 190.568000 1037.270000 -13 1984 1 0 1.000000
-13.344700 -15.029600 0 -7.786080 13.092300 227.526000 1037.340000 -13 1985 1 0 1.000000
-9.979590 -16.285800 0 0.785727 10.060100 224.523000 1037.280000 -13 1986 1 0 1.000000
-20.088800 -9.563540 0 2.663430 13.099300 215.667000 1037.180000 -13 1987 1 0 1.000000
-8.620680 2.577670 0 -4.505270 -12.933500 202.209000 1037.110000 -13 1988 1 0 1.000000
-3.051470 -14.643600 0 -2.606280 4.467550 191.335000 1037.310000 -13 1989 1 0 1.000000
-11.270900 2.812680 0 10.383200 -1.154670 199.577000 1037.380000 -13 1990 1 0 1.000000
-4.621650 3.598510 0 2.718370 -12.950300 190.675000 1036.970000 -13 1991 1 0 1.000000
3.498520 -0.982410 0 -11.297100 9.733770 202.029000 1037.110000 -13 1992 1 0 1.000000
5.491140 -9.246050 0 -7.268380 9.268050 190.586000 1037.100000 -13 1993 1 0 1.000000
-11.001400 -11.472400 0 0.608364 6.686490 203.713000 1037.050000 -13 1994 1 0 1.000000
-1.762800 -13.152100 0 -22.598400 -1.379630 206.542000 1037.340000 -13 1995 1 0 1.000000
-11.436900 5.775230 0 -2.507070 16.276500 215.490000 1037.330000 -13 1996 1 0 1.000000
-9.410580 3.522920 0 -2.543540 11.993700 222.609000 1037.210000 -13 1997 1 0 1.000000
1.325300 -11.980700 0 5.159230 -6.498520 201.628000 1037.320000 -13 1998 1 0 1.000000
-16.950400 -7.562790 0 14.607300 13.343800 202.680000 1037.350000 -13 1999 1 0 1.000000
-10.856200 -9.366780 0 -1.975310 5.390330 214.650000 1037.290000 -13 2000 1 0 1.000000
-17.136700 -8.477770 0 -8.599060 -10.969700 208.658000 1037.160000 -13 2001 1 0 1.000000
-17.996800 -11.203500 0 -5.579950 10.525000 197.275000 1037.250000 -13 2002 1 0 1.000000
-10.624500 0.755844 0 -6.731700 3.100700 191.331000 1037.250000 -13 2003 1 0 1.000000
-3.864060 -11.174800 0 -7.013110 9.060170 196.168000 1037.350000 -13 2004 1 0 1.000000
-31.210000 -9.531620 0 -10.561400 18.486400 226.258000 1037.400000 -13 2005 1 0 1.000000
-7.487420 -24.185800 0 2.761730 -4.905220 201.458000 1037.360000 -13 2006 1 0 1.000000
-6.053150 -7.111670 0 -0.588973 9.692150 194.309000 1037.430000 -13 2007 1 0 1.000000
-13.197200 2.935770 0 3.804800 -11.860300 189.109000 1037.270000 -13 2008 1 0 1.000000
-13.181500 -1.264440 0 12.367100 -5.870610 206.963000 1037.130000 -13 2009 1 0 1.000000
-23.041800 -6.607540 0 11.718500 32.166600 223.917000 1037.390000 -13 2010 1 0 1.000000
-10.813300 3.231650 0 9.817500 1.657310 209.759000 1037.050000 -13 2011 1 0 1.000000
-16.013000 2.317720 0 6.338030 2.659330 235.092000 1037.060000 -13 2012 1 0 1.000000
-6.284690 -9.050910 0 -13.405100 1.536900 218.300000 1037.120000 -13 2013 1 0 1.000000
-11.676600 1.461860 0 -0.557733 3.130220 201.470000 1037.090000 -13 2014 1 0 1.000000
-6.651110 -12.618100 0 -7.124400 -6.279290 207.955000 1037.130000 -13 2015 1 0 1.000000
-8.562220 -2.428210 0 8.391940 -7.246740 196.378000 1037.220000 -13 2016 1 0 1.000000
-4.016530 -11.777100 0 -2.936760 3.986860 199.097000 1037.120000 -13 2017 1 0 1.000000
-9.465100 -4.362720 0 2.876390 -0.133050 202.902000 1037.190000 -13 2018 1 0 1.000000
-15.425900 2.259340 0 15.456300 0.163914 193.912000 1037.310000 -13 2019 1 0 1.000000
-5.319910 -3.098560 0 12.934600 2.265610 198.152000 1037.430000 -13 2020 1 0 1.000000
0.995503 -8.702330 0 -8.939710 -8.627900 215.369000 1037.310000 -13 2021 1 0 1.000000
-4.983180 3.382160 0 -8.344750 -24.901100 216.389000 1037.210000 -13 2022 1 0 1.000000
-14.782700 -15.344400 0 12.756800 3.462190 214.805000 1037.270000 -13 2023 1 0 1.000000
-19.644700 -7.633030 0 10.075100 19.082700 214.616000 1037.170000 -13 2024 1 0 1.000000
-13.370200 4.237470 0 -0.241781 5.661170 210.034000 1037.270000 -13 2025 1 0 1.000000
-32.667200 -19.462800 0 11.796300 7.537390 211.987000 1037.150000 -13 2026 1 0 1.000000
4.857930 -7.701470 0 -2.597040 1.291550 205.087000 1037.280000 -13 2027 1 0 1.000000
-7.850020 -3.889510 0 11.297800 2.715720 218.053000 1037.140000 -13 2028 1 0 1.000000
-2.847400 -10.252500 0 -3.366920 -2.422020 208.399000 1037.160000 -13 2029 1 0 1.000000
-1.808940 -6.057970 0 18.835500 16.890200 202.401000 1037.200000 -13 2030 1 0 1.000000
9.842280 -11.007800 0 -10.836300 7.296140 212.560000 1037.200000 -13 2031 1 0 1.000000
-1.260930 -12.769800 0 -13.391900 -9.705220 197.577000 1036.920000 -13 2032 1 0 1.000000
-9.107680 13.416500 0 -2.023390 -5.088370 198.462000 1037.340000 -13 2033 1 0 1.000000
1.842980 -1.162010 0 12.776000 -4.609130 187.650000 1037.340000 -13 2034 1 0 1.000000
-4.762610 -14.831300 0 -14.363200 0.385062 202.656000 1037.400000 -13 2035 1 0 1.000000
-12.732300 -0.630802 0 14.436800 20.388600 218.346000 1037.330000 -13 2036 1 0 1.000000
-8.136670 5.649710 0 18.950600 -21.684200 219.012000 1037.210000 -13 2037 1 0 1.000000
6.640820 -2.122700 0 -6.474350 11.637100 212.625000 1037.410000 -13 2038 1 0 1.000000
-16.551000 -5.669420 0 0.402368 8.646520 209.678000 1037.200000 -13 2039 1 0 1.000000
7.515540 -6.377180 0 -1.128460 -11.529600 212.858000 1037.290000 -13 2040 1 0 1.000000
-5.585780 -2.559620 0 -15.298300 -5.742630 212.372000 1037.230000 -13 2041 1 0 1.000000
5.248780 1.263630 0 -0.639656 -13.764600 204.309000 1037.120000 -13 2042 1 0 1.000000
-6.024780 2.546910 0 -3.329570 -17.780100 215.575000 1037.220000 -13 2043 1 0 1.000000
-8.322360 -17.189700 0 1.406220 -11.235100 211.740000 1037.250000 -13 2044 1 0 1.000000
5.203670 -7.629730 0 -8.332620 13.272800 211.639000 1037.180000 -13 2045 1 0 1.000000
-1.574100 2.747940 0 7.398570 -11.380300 214.678000 1037.430000 -13 2046 1 0 1.000000
-10.482600 -5.345760 0 -4.117010 6.837090 205.922000 1036.970000 -13 2047 1 0 1.000000
-4.924640 -6.538950 0 -11.400000 4.938820 212.068000 1037.130000 -13 2048 1 0 1.000000
5.704970 -13.446800 0 -17.752200 5.242760 206.738000 1037.300000 -13 2049 1 0 1.000000
-0.178337 -14.112400 0 -8.608580 -6.665030 225.370000 1037.180000 -13 2050 1 0 1.000000
0.263657 -8.656020 0 4.987130 12.154800 201.461000 1037.260000 -13 2051 1 0 1.000000
1.334370 -12.352800 0 -2.298890 -4.956550 209.961000 1037.230000 -13 2052 1 0 1.000000
4.253650 -13.755400 0 14.138000 -20.127700 201.839000 1037.300000 -13 2053 1 0 1.000000
-8.272890 7.833780 0 -10.946300 1.157360 220.302000 1037.080000 -13 2054 1 0 1.000000
-5.002660 1.635990 0 2.794230 0.654042 210.751000 1037.170000 -13 2055 1 0 1.000000
-10.184800 -5.446380 0 -4.482570 -7.332410 202.973000 1037.310000 -13 2056 1 0 1.000000
-4.808740 -13.234100 0 3.937080 -19.174100 194.889000 1037.140000 -13 2057 1 0 1.000000
-6.933370 0.210345 0 15.824800 15.064800 210.208000 1037.210000 -13 2058 1 0 1.000000
-20.969800 -5.194770 0 -15.291300 -6.313820 200.748000 1037.250000 -13 2059 1 0 1.000000
-8.462210 -3.574520 0 -0.954144 21.884700 221.502000 1037.180000 -13 2060 1 0 1.000000
-3.797560 -7.423180 0 -11.814200 3.461270 198.781000 1037.220000 -13 2061 1 0 1.000000
11.962400 -15.164400 0 -3.588640 -9.283400 206.435000 1037.250000 -13 2062 1 0 1.000000
0.517794 -10.548800 0 8.561770 -0.601582 208.130000 1037.150000 -13 2063 1 0 1.000000
1.940400 -11.027300 0 -16.318100 6.975770 203.166000 1037.190000 -13 2064 1 0 1.000000
-1.706180 2.746950 0 8.812200 13.390500 206.598000 1037.160000 -13 2065 1 0 1.000000
3.122100 -7.761860 0 2.644320 -3.540240 200.817000 1037.130000 -13 2066 1 0 1.000000
-4.481740 -13.590800 0 10.056500 -8.708910 201.609000 1037.330000 -13 2067 1 0 1.000000
-2.989820 0.808068 0 5.485570 -29.561300 196.782000 1037.260000 -13 2068 1 0 1.000000
-5.516170 -6.719200 0 -1.755070 10.869400 195.231000 1037.250000 -13 2069 1 0 1.000000
-1.800040 4.234780 0 12.395700 14.187800 195.112000 1037.260000 -13 2070 1 0 1.000000
-9.461500 4.245310 0 0.626242 8.580170 205.666000 1037.290000 -13 2071 1 0 1.000000
-0.381469 8.012540 0 -3.383760 1.586020 225.355000 1037.360000 -13 2072 1 0 1.000000
-3.262900 -19.277700 0 5.593550 2.841840 211.680000 1037.420000 -13 2073 1 0 1.000000
-2.913180 -20.045000 0 -29.423000 -7.280320 214.745000 1037.460000 -13 2074 1 0 1.000000
-38.492800 -16.949300 0 -21.118000 -6.749190 198.316000 1037.290000 -13 2075 1 0 1.000000
-14.264200 1.999970 0 -8.173820 6.862390 210.851000 1037.330000 -13 2076 1 0 1.000000
-2.420070 -11.428800 0 10.979900 6.410610 206.503000 1037.300000 -13 2077 1 0 1.000000
-10.321700 -5.106860 0 -0.610218 6.655170 199.802000 1037.370000 -13 2078 1 0 1.000000
0.386119 -6.896760 0 2.539270 6.185480 211.632000 1037.340000 -13 2079 1 0 1.000000
-19.287900 -13.603000 0 4.580850 -5.605770 205.163000 1037.360000 -13 2080 1 0 1.000000
-7.729510 -7.282280 0 1.279600 -12.417200 199.751000 1037.200000 -13 2081 1 0 1.000000
-14.800800 -3.453790 0 -6.247430 12.999800 208.061000 1037.030000 -13 2082 1 0 1.000000
-2.365280 -15.647200 0 -12.984600 0.466526 213.300000 1037.480000 -13 2083 1 0 1.000000
39.064900 -0.244912 0 -52.338700 -10.803500 216.595000 1037.440000 -13 2084 1 0 1.000000
4.250100 -6.949300 0 -6.352740 -9.033340 194.251000 1037.230000 -13 2085 1 0 1.000000
-5.180530 -8.260130 0 8.301830 -17.836400 209.015000 1037.210000 -13 2086 1 0 1.000000
-13.237300 1.356640 0 0.130597 9.534760 210.102000 1037.170000 -13 2087 1 0 1.000000
-32.918500 -1.862540 0 -7.919150 7.683100 229.165000 1037.230000 -13 2088 1 0 1.000000
-4.008250 -0.746068 0 5.801980 2.317960 200.236000 1037.190000 -13 2089 1 0 1.000000
1.839570 -5.405680 0 5.982690 -6.781720 205.798000 1037.170000 -13 2090 1 0 1.000000
-4.351260 -0.285006 0 -27.553700 2.966880 210.046000 1037.160000 -13 2091 1 0 1.000000
-4.438350 -21.343200 0 -0.136841 -15.920000 211.833000 1037.240000 -13 2092 1 0 1.000000
0.254065 -3.797360 0 -11.314300 -3.413640 222.641000 1037.190000 -13 2093 1 0 1.000000
-0.928744 -2.647580 0 0.861172 2.772550 209.804000 1037.190000 -13 2094 1 0 1.000000
-24.736500 -1.943250 0 11.226600 -0.632445 220.008000 1037.370000 -13 2095 1 0 1.000000
-20.080100 -19.147600 0 -23.167600 -7.842060 221.187000 1037.320000 -13 2096 1 0 1.000000
-15.615900 -19.892700 0 -15.932300 0.697017 213.284000 1037.110000 -13 2097 1 0 1.000000
-12.294000 -16.015700 0 -43.560200 15.602800 230.329000 1037.380000 -13 2098 1 0 1.000000
-6.499840 2.602260 0 1.682730 8.978000 221.622000 1037.230000 -13 2099 1 0 1.000000
-11.272500 -4.827490 0 -14.238300 12.602400 210.429000 1037.020000 -13 2100 1 0 1.000000
-10.772200 -16.392400 0 -14.567300 8.709180 210.940000 1037.000000 -13 2101 1 0 1.000000
7.620360 -4.300550 0 -4.973900 13.616200 206.659000 1037.430000 -13 2102 1 0 1.000000
-16.898800 -10.466300 0 -16.573400 29.175900 202.885000 1037.390000 -13 2103 1 0 1.000000
-10.188400 -0.333322 0 -19.868800 4.561780 202.662000 1037.010000 -13 2104 1 0 1.000000
-9.645500 1.397740 0 -17.570400 4.113710 207.974000 1037.210000 -13 2105 1 0 1.000000
-16.303200 -0.457213 0 5.515770 9.950400 196.577000 1037.420000 -13 2106 1 0 1.000000
-2.997920 -10.444700 0 -4.801080 -12.644400 199.731000 1037.340000 -13 2107 1 0 1.000000
-10.169900 3.838070 0 -6.338710 2.067620 217.053000 1037.300000 -13 2108 1 0 1.000000
-23.637400 -9.955760 0 -12.613200 -15.328200 209.034000 1037.430000 -13 2109 1 0 1.000000
-18.600900 0.011596 0 3.742190 14.178100 211.355000 1037.160000 -13 2110 1 0 1.000000
-6.879220 -14.291900 0 -11.037600 11.875100 198.133000 1037.250000 -13 2111 1 0 1.000000
-7.829790 -3.012530 0 7.154210 1.767710 224.230000 1037.340000 -13 2112 1 0 1.000000
12.859600 -11.844500 0 -8.138920 -20.885400 203.980000 1037.260000 -13 2113 1 0 1.000000
-9.479720 -9.794140 0 -1.674250 -1.121490 209.823000 1037.380000 -13 2114 1 0 1.000000
10.957300 5.285810 0 4.102460 -14.116800 197.550000 1037.280000 -13 2115 1 0 1.000000
-5.791610 0.309683 0 3.043400 -3.540130 206.344000 1037.180000 -13 2116 1 0 1.000000
5.895280 -0.419676 0 7.771570 6.002110 208.472000 1037.260000 -13 2117 1 0 1.000000
3.773590 -4.748100 0 -21.916200 -23.044900 218.104000 1037.390000 -13 2118 1 0 1.000000
-9.043770 -11.521600 0 -13.165300 17.101100 203.891000 1037.310000 -13 2119 1 0 1.000000
0.352722 1.602460 0 3.515670 -13.067100 204.306000 1037.100000 -13 2120 1 0 1.000000
-9.890300 -5.577520 0 6.563310 5.316550 217.758000 1037.280000 -13 2121 1 0 1.000000
-3.668760 -20.303700 0 -18.903000 7.991130 209.099000 1037.130000 -13 2122 1 0 1.000000
-2.260160 1.647430 0 2.944340 -8.298940 210.424000 1037.230000 -13 2123 1 0 1.000000
0.583928 -6.536850 0 2.303990 -15.113200 190.938000 1037.290000 -13 2124 1 0 1.000000
-27.363700 -15.215000 0 -15.528500 -5.821340 212.220000 1037.180000 -13 2125 1 0 1.000000
-2.904970 -1.517270 0 0.032955 -5.349290 207.920000 1037.170000 -13 2126 1 0 1.000000
-5.268600 -10.261700 0 -8.401010 -1.737670 204.963000 1037.220000 -13 2127 1 0 1.000000
-4.080870 -1.173280 0 -8.432450 -13.550900 207.199000 1036.980000 -13 2128 1 0 1.000000
-17.043800 5.125030 0 -1.099980 -24.146600 204.178000 1037.250000 -13 2129 1 0 1.000000
-12.698200 0.413505 0 13.784300 -11.368100 204.820000 1037.200000 -13 2130 1 0 1.000000
4.879360 -18.917300 0 -10.775700 -2.640300 200.442000 1037.390000 -13 2131 1 0 1.000000
0.955960 -13.081400 0 -18.719200 -3.728450 181.589000 1037.050000 -13 2132 1 0 1.000000
-5.599160 -19.320900 0 -18.444900 -3.396910 211.254000 1037.330000 -13 2133 1 0 1.000000
-5.149390 -5.535940 0 3.432080 -7.503040 197.699000 1037.220000 -13 2134 1 0 1.000000
-10.006500 -1.990170 0 -3.687840 -0.952417 199.806000 1037.390000 -13 2135 1 0 1.000000
-6.356430 -2.148670 0 3.119820 -12.378300 200.044000 1037.190000 -13 2136 1 0 1.000000
-11.634100 -10.451500 0 8.625240 9.016190 199.680000 1037.430000 -13 2137 1 0 1.000000
-12.021100 -4.286200 0 2.468380 -11.154100 216.226000 1037.410000 -13 2138 1 0 1.000000
-22.983200 -13.439900 0 -21.766500 -17.622500 242.756000 1037.310000 -13 2139 1 0 1.000000
-11.859400 1.914540 0 23.334600 1.929780 214.627000 1037.200000 -13 2140 1 0 1.000000
-1.021220 -11.245000 0 3.282950 8.035900 188.357000 1037.140000 -13 2141 1 0 1.000000
0.480551 -15.233100 0 8.432140 -9.821630 197.284000 1037.440000 -13 2142 1 0 1.000000
-2.026490 -6.834660 0 13.320700 -5.708710 211.635000 1037.180000 -13 2143 1 0 1.000000
20.157600 -12.777300 0 -10.214800 -8.827950 198.671000 1037.440000 -13 2144 1 0 1.000000
-9.918220 -14.780700 0 -11.285800 18.475900 200.911000 1037.300000 -13 2145 1 0 1.000000
-12.512800 -10.996300 0 4.742410 6.486210 203.207000 1037.320000 -13 2146 1 0 1.000000
-2.798580 -10.391700 0 -2.544290 -1.882040 198.722000 1037.330000 -13 2147 1 0 1.000000
-15.549200 -4.154610 0 -5.729680 1.092390 213.459000 1037.110000 -13 2148 1 0 1.000000
-7.848390 -14.826900 0 16.047200 13.882800 205.582000 1037.410000 -13 2149 1 0 1.000000
-13.659000 -20.875300 0 3.971800 3.251720 211.078000 1037.030000 -13 2150 1 0 1.000000
-14.425500 -9.240060 0 -22.322800 5.760960 203.540000 1037.380000 -13 2151 1 0 1.000000
-12.363000 -1.054520 0 3.030670 -26.365600 188.799000 1037.340000 -13 2152 1 0 1.000000
-10.265900 2.469110 0 5.914590 -17.238200 204.532000 1037.100000 -13 2153 1 0 1.000000
-15.553200 -13.711100 0 -8.862960 7.267290 206.595000 1037.210000 -13 2154 1 0 1.000000
-11.940300 -5.072410 0 -4.875970 12.351600 199.268000 1037.140000 -13 2155 1 0 1.000000
-3.966760 -9.459550 0 17.564000 1.783740 189.041000 1037.120000 -13 2156 1 0 1.000000
-2.867280 -13.403700 0 -8.044260 -11.179200 204.406000 1037.230000 -13 2157 1 0 1.000000
-7.448030 -0.700338 0 -0.235877 -12.094200 210.224000 1037.330000 -13 2158 1 0 1.000000
-3.728990 -10.908700 0 -10.653200 -3.434740 205.253000 1037.270000 -13 2159 1 0 1.000000
-24.001800 -0.538743 0 -15.258800 9.667870 222.874000 1037.330000 -13 2160 1 0 1.000000
-9.716300 -5.107740 0 1.834260 11.208500 203.995000 1037.130000 -13 2161 1 0 1.000000
-5.053210 -21.772700 0 4.505710 -7.383720 207.353000 1037.170000 -13 2162 1 0 1.000000
-11.624400 -4.658050 0 -16.872400 -13.349600 206.772000 1037.310000 -13 2163 1 0 1.000000
-4.391760 0.546767 0 -10.751200 8.877050 202.534000 1037.030000 -13 2164 1 0 1.000000
5.598190 1.249910 0 -8.511280 -3.773950 208.210000 1037.130000 -13 2165 1 0 1.000000
1.421110 -8.995190 0 8.016260 -7.505600 219.928000 1037.240000 -13 2166 1 0 1.000000
-8.924580 -13.016300 0 3.335030 -13.608600 222.672000 1037.200000 -13 2167 1 0 1.000000
-34.549400 -4.636050 0 50.162500 -12.512000 239.021000 1037.530000 -13 2168 1 0 1.000000
6.222230 5.688860 0 -13.520500 -13.231900 188.041000 1037.240000 -13 2169 1 0 1.000000
-4.533670 -12.620100 0 18.355600 -5.058870 208.380000 1037.300000 -13 2170 1 0 1.000000
-21.198800 -5.597660 0 8.956220 0.313334 200.547000 1037.530000 -13 2171 1 0 1.000000
-20.804700 -5.032340 0 11.385600 9.023160 202.695000 1037.130000 -13 2172 1 0 1.000000
-8.932970 0.372630 0 2.400310 12.945700 214.578000 1037.300000 -13 2173 1 0 1.000000
-7.339870 -16.688100 0 -17.142600 -16.396200 214.620000 1037.320000 -13 2174 1 0 1.000000
-5.620690 -16.889700 0 5.645680 -12.706700 202.037000 1036.960000 -13 2175 1 0 1.000000
-9.902180 -5.110590 0 4.675060 9.221590 208.864000 1037.350000 -13 2176 1 0 1.000000
-3.406790 -13.777100 0 -6.417000 2.785890 214.160000 1037.280000 -13 2177 1 0 1.000000
-10.076400 0.581335 0 -13.053800 -4.854310 211.840000 1037.270000 -13 2178 1 0 1.000000
-3.859470 0.719787 0 3.394850 -23.162700 184.940000 1037.520000 -13 2179 1 0 1.000000
-9.702460 -9.575210 0 -0.775213 8.058000 183.584000 1037.110000 -13 2180 1 0 1.000000
-12.210900 19.020400 0 23.826100 -14.870100 218.894000 1037.360000 -13 2181 1 0 1.000000
-7.859080 -8.117380 0 -8.937800 19.487800 199.873000 1037.020000 -13 2182 1 0 1.000000
-4.615850 -1.074760 0 5.667900 0.092790 195.388000 1037.170000 -13 2183 1 0 1.000000
-10.845100 -4.323480 0 12.109400 17.324100 207.493000 1037.140000 -13 2184 1 0 1.000000
1.844120 -13.539300 0 -13.523700 3.922440 210.415000 1037.120000 -13 2185 1 0 1.000000
5.379740 -7.477860 0 -1.097440 -2.761570 195.564000 1037.100000 -13 2186 1 0 1.000000
-18.157400 -10.026800 0 7.241340 12.292900 210.390000 1037.190000 -13 2187 1 0 1.000000
13.246600 -4.448730 0 -26.244600 -9.176300 214.301000 1037.170000 -13 2188 1 0 1.000000
-23.729700 -3.377760 0 -20.598700 13.922600 225.024000 1037.300000 -13 2189 1 0 1.000000
-6.997700 -15.500600 0 1.438410 7.373030 198.306000 1037.240000 -13 2190 1 0 1.000000
-7.704970 -16.487600 0 -10.959600 -17.072300 191.069000 1034.510000 -13 2191 1 0 1.000000
-4.157970 -2.906030 0 -17.961800 8.495940 201.832000 1034.210000 -13 2192 1 0 1.000000
-12.077600 -16.536500 0 -16.607700 -4.456470 200.435000 1034.390000 -13 2193 1 0 1.000000
16.418900 -9.270920 0 -15.026900 10.180500 202.555000 1034.430000 -13 2194 1 0 1.000000
-9.884930 -16.543900 0 12.715700 -6.047260 208.935000 1034.560000 -13 2195 1 0 1.000000
5.140350 -16.057700 0 -20.292700 -13.345500 195.825000 1037.240000 -13 2196 1 0 1.000000
-21.241900 -2.810700 0 5.152720 -6.669220 209.122000 1037.560000 -13 2197 1 0 1.000000
-11.435700 -9.038420 0 2.160500 -16.011600 211.684000 1037.250000 -13 2198 1 0 1.000000
-11.859200 24.620200 0 12.792800 2.367910 221.242000 1037.430000 -13 2199 1 0 1.000000
-10.182000 -10.514200 0 -0.470513 2.520280 216.757000 1037.310000 -13 2200 1 0 1.000000
2.304370 -26.931700 0 -35.519900 -7.640180 227.683000 1037.310000 -13 2201 1 0 1.000000
-5.470890 -5.450940 0 8.390960 -1.684370 209.047000 1037.240000 -13 2202 1 0 1.000000
-3.432900 -16.073300 0 -9.396160 6.933370 212.026000 1037.220000 -13 2203 1 0 1.000000
-16.579700 -23.001100 0 4.068780 27.507500 200.036000 1036.970000 -13 2204 1 0 1.000000
-0.177012 3.761490 0 3.169110 -12.967000 213.903000 1037.320000 -13 2205 1 0 1.000000
-0.917188 -12.999700 0 22.006000 -11.881100 195.775000 1037.310000 -13 2206 1 0 1.000000
-6.524150 -9.284370 0 9.414720 4.353900 202.412000 1037.290000 -13 2207 1 0 1.000000
0.493123 -12.891300 0 0.466482 -11.320900 199.111000 1037.260000 -13 2208 1 0 1.000000
-12.540100 -8.758860 0 22.838500 8.148000 206.397000 1037.300000 -13 2209 1 0 1.000000
-7.961970 -11.478700 0 -2.937170 6.665700 198.634000 1037.410000 -13 2210 1 0 1.000000
-6.005390 -3.573090 0 -16.787400 8.218510 200.425000 1037.140000 -13 2211 1 0 1.000000
-3.150080 -12.780900 0 -3.203010 3.647670 219.936000 1037.110000 -13 2212 1 0 1.000000
-14.479800 16.200700 0 10.398100 -18.639800 230.830000 1037.010000 -13 2213 1 0 1.000000
1.812770 -26.284300 0 5.551050 -8.736880 193.986000 1037.210000 -13 2214 1 0 1.000000
-14.914000 -8.975610 0 11.085100 -16.136700 210.860000 1037.270000 -13 2215 1 0 1.000000
-4.738660 -1.828370 0 0.583251 13.294300 203.718000 1037.290000 -13 2216 1 0 1.000000
-5.505090 -14.361900 0 13.485400 -25.058000 212.270000 1037.010000 -13 2217 1 0 1.000000
-2.231140 -10.814000 0 2.267990 -2.235230 216.916000 1037.280000 -13 2218 1 0 1.000000
-13.309300 -3.493120 0 -10.151100 15.821600 217.374000 1037.380000 -13 2219 1 0 1.000000
8.665550 7.307300 0 0.065670 -15.302500 205.762000 1037.060000 -13 2220 1 0 1.000000
-11.832100 -8.744440 0 -17.335600 11.544700 203.109000 1037.280000 -13 2221 1 0 1.000000
12.298000 2.756750 0 -22.665500 -11.054100 202.869000 1037.350000 -13 2222 1 0 1.000000
-3.045030 -10.525200 0 -6.973060 -17.647800 211.051000 1037.190000 -13 2223 1 0 1.000000
-2.929560 -1.357940 0 20.428300 -4.400880 218.459000 1037.110000 -13 2224 1 0 1.000000
-16.150600 -9.025400 0 -6.654410 1.163350 202.717000 1037.190000 -13 2225 1 0 1.000000
-13.695600 -12.322000 0 -26.491400 -4.869330 211.196000 1037.240000 -13 2226 1 0 1.000000
-10.241500 -2.625170 0 -6.388940 -5.108390 214.535000 1037.160000 -13 2227 1 0 1.000000
4.374300 -4.663750 0 1.750170 -24.224900 199.687000 1037.500000 -13 2228 1 0 1.000000
-18.392700 3.473320 0 -15.065900 18.160800 207.326000 1037.360000 -13 2229 1 0 1.000000
-12.412300 -11.982200 0 -15.625600 -6.821790 196.188000 1037.240000 -13 2230 1 0 1.000000
1.197950 2.067650 0 6.230650 -17.445900 197.911000 1037.440000 -13 2231 1 0 1.000000
-4.628210 -2.348570 0 -7.759210 -12.084200 191.360000 1037.300000 -13 2232 1 0 1.000000
-13.205300 -2.651800 0 11.270900 3.660360 207.215000 1037.290000 -13 2233 1 0 1.000000
-15.616200 -11.608100 0 1.558030 -11.834100 218.706000 1037.490000 -13 2234 1 0 1.000000
-11.508100 1.274610 0 -9.835710 -5.193160 229.228000 1037.170000 -13 2235 1 0 1.000000
-13.513400 -7.234800 0 -7.858980 -15.186800 207.276000 1037.170000 -13 2236 1 0 1.000000
-25.219800 -4.279630 0 11.834800 -10.646700 220.322000 1037.310000 -13 2237 1 0 1.000000
-3.703700 -6.684190 0 -8.317370 3.777840 195.262000 1037.110000 -13 2238 1 0 1.000000
-21.784400 -6.677850 0 -18.856100 -19.360800 210.920000 1037.250000 -13 2239 1 0 1.000000
-10.069800 -10.389800 0 -0.722540 6.395320 213.955000 1037.370000 -13 2240 1 0 1.000000
-18.303200 -24.022600 0 -10.251800 3.505990 206.228000 1037.160000 -13 2241 1 0 1.000000
-5.051900 -4.947740 0 3.397150 -3.482300 201.094000 1037.380000 -13 2242 1 0 1.000000
-1.576430 -11.073500 0 -4.438850 -10.916900 211.310000 1037.260000 -13 2243 1 0 1.000000
0.156181 3.385930 0 -0.282117 18.747300 193.543000 1037.090000 -13 2244 1 0 1.000000
5.945710 -4.913830 0 -10.498000 -3.836800 216.708000 1037.140000 -13 2245 1 0 1.000000
-7.738460 -2.864460 0 12.835700 -10.874700 216.764000 1037.100000 -13 2246 1 0 1.000000
-1.899480 -2.532980 0 -15.711200 14.073100 217.226000 1037.400000 -13 2247 1 0 1.000000
-7.895150 -14.614700 0 8.360590 9.017610 216.613000 1037.250000 -13 2248 1 0 1.000000
-17.286000 -0.278350 0 -3.910700 15.701200 216.158000 1037.150000 -13 2249 1 0 1.000000
-13.431500 -4.487970 0 1.756460 -2.548850 211.522000 1037.280000 -13 2250 1 0 1.000000
-3.162900 -9.402140 0 -8.724080 -15.446500 190.209000 1037.350000 -13 2251 1 0 1.000000
-2.559910 -9.189290 0 11.260700 -2.023160 197.542000 1037.320000 -13 2252 1 0 1.000000
-11.550600 -6.923350 0 17.333800 -2.106850 205.586000 1037.130000 -13 2253 1 0 1.000000
3.533350 -12.315800 0 -3.084780 6.822930 193.865000 1037.190000 -13 2254 1 0 1.000000
4.381250 -3.374050 0 7.463930 6.012010 218.456000 1037.160000 -13 2255 1 0 1.000000
0.173700 8.185860 0 4.997510 11.041200 204.722000 1037.220000 -13 2256 1 0 1.000000
-5.613800 -11.096100 0 -22.735700 -11.746500 226.881000 1037.260000 -13 2257 1 0 1.000000
-7.025900 -1.883730 0 -1.539570 -5.138760 201.871000 1037.220000 -13 2258 1 0 1.000000
-10.754600 -4.592470 0 -5.435750 -2.273860 206.571000 1037.100000 -13 2259 1 0 1.000000
-8.437070 -7.411090 0 0.719056 -8.850270 213.020000 1037.280000 -13 2260 1 0 1.000000
-7.761900 -5.140010 0 -2.212990 -4.393610 213.500000 1037.170000 -13 2261 1 0 1.000000
-2.228920 -5.029730 0 -2.209300 5.184620 198.154000 1037.050000 -13 2262 1 0 1.000000
-11.588800 -9.198550 0 -14.676500 10.402700 205.478000 1037.400000 -13 2263 1 0 1.000000
-0.235269 -18.693000 0 -13.041100 -3.366820 195.070000 1037.240000 -13 2264 1 0 1.000000
-16.040000 3.454380 0 -1.363700 5.910830 208.333000 1037.300000 -13 2265 1 0 1.000000
-4.996660 -1.872940 0 -3.247880 15.796800 217.934000 1037.100000 -13 2266 1 0 1.000000
-5.665260 -6.647950 0 1.317750 -43.410200 215.175000 1037.390000 -13 2267 1 0 1.000000
-2.534800 1.958170 0 -14.614800 3.811620 204.793000 1037.150000 -13 2268 1 0 1.000000
-11.579500 -9.021610 0 5.927670 -0.398497 201.434000 1037.500000 -13 2269 1 0 1.000000
-18.153700 -8.391070 0 6.733240 0.023096 221.743000 1037.070000 -13 2270 1 0 1.000000
-5.548440 2.339990 0 -1.668820 -29.283100 210.705000 1037.300000 -13 2271 1 0 1.000000
9.306230 0.819977 0 6.164030 -11.248200 217.290000 1037.300000 -13 2272 1 0 1.000000
8.138390 -5.990790 0 0.853605 -11.290300 209.612000 1037.450000 -13 2273 1 0 1.000000
-16.539400 -9.017360 0 4.196510 8.459970 215.989000 1037.450000 -13 2274 1 0 1.000000
2.048820 -5.275350 0 -4.681620 5.927300 190.564000 1037.330000 -13 2275 1 0 1.000000
-6.101180 -8.457090 0 6.774020 -7.056240 205.152000 1037.290000 -13 2276 1 0 1.000000
0.051024 -8.564720 0 3.482500 -18.540200 219.174000 1037.300000 -13 2277 1 0 1.000000
-1.620390 -28.825300 0 -5.648190 11.828300 206.081000 1037.240000 -13 2278 1 0 1.000000
-26.778700 -8.047500 0 -8.815250 -3.484220 210.821000 1037.090000 -13 2279 1 0 1.000000
6.179410 -0.205525 0 10.603200 -1.310020 194.255000 1037.110000 -13 2280 1 0 1.000000
-15.803500 -8.556910 0 1.427390 -4.666450 213.346000 1037.050000 -13 2281 1 0 1.000000
-11.104200 -5.519580 0 -2.453540 -7.429950 223.835000 1037.230000 -13 2282 1 0 1.000000
-0.476939 -23.715900 0 -6.362910 -17.928100 206.251000 1037.260000 -13 2283 1 0 1.000000
-22.303200 -12.077500 0 -1.210210 -7.260420 219.339000 1037.280000 -13 2284 1 0 1.000000
-8.985460 -1.332100 0 12.966600 -8.655050 210.548000 1037.340000 -13 2285 1 0 1.000000
1.903010 -10.379100 0 5.757880 1.284330 199.502000 1037.180000 -13 2286 1 0 1.000000
-8.599170 0.423656 0 1.982350 -16.893400 198.688000 1037.200000 -13 2287 1 0 1.000000
-12.901300 -2.936060 0 7.143670 2.134660 200.684000 1037.330000 -13 2288 1 0 1.000000
-1.708820 -8.120950 0 -8.054260 -3.075470 213.132000 1037.260000 -13 2289 1 0 1.000000
2.871600 -11.176000 0 29.122800 5.335090 202.862000 1037.210000 -13 2290 1 0 1.000000
-6.194000 -2.273080 0 6.298700 3.501070 203.754000 1037.210000 -13 2291 1 0 1.000000
-11.406000 -10.842200 0 -17.125200 3.682350 208.466000 1037.140000 -13 2292 1 0 1.000000
-17.173800 -1.602120 0 -2.088390 -3.456410 211.301000 1037.240000 -13 2293 1 0 1.000000
-5.667660 -1.291510 0 0.962554 -6.406070 210.673000 1037.270000 -13 2294 1 0 1.000000
0.182980 -9.428280 0 0.971148 -1.396150 213.446000 1037.250000 -13 2295 1 0 1.000000
-2.251450 -11.268000 0 4.580460 -12.827600 211.158000 1037.270000 -13 2296 1 0 1.000000
-0.440719 -12.919700 0 -6.977070 -1.451120 193.834000 1037.420000 -13 2297 1 0 1.000000
0.793058 -0.034277 0 2.392370 -24.080000 219.693000 1037.130000 -13 2298 1 0 1.000000
4.987090 -2.947090 0 -0.368548 -1.527960 203.312000 1037.100000 -13 2299 1 0 1.000000
-12.924200 4.320970 0 6.171000 -18.542300 208.555000 1037.220000 -13 2300 1 0 1.000000
-12.882200 -13.582300 0 -20.319900 -9.218410 205.954000 1037.190000 -13 2301 1 0 1.000000
-12.390900 -3.435950 0 7.439390 7.985190 203.244000 1037.360000 -13 2302 1 0 1.000000
-22.455800 22.360100 0 9.091410 9.854740 215.904000 1037.420000 -13 2303 1 0 1.000000
3.059610 8.181130 0 -6.843710 -3.656050 206.120000 1037.170000 -13 2304 1 0 1.000000
3.292730 -27.659600 0 -3.860080 4.629150 204.234000 1037.070000 -13 2305 1 0 1.000000
8.716380 -8.371390 0 8.779820 -9.616990 203.312000 1037.290000 -13 2306 1 0 1.000000
-23.222600 -17.762600 0 4.266090 -0.803437 222.819000 1037.410000 -13 2307 1 0 1.000000
-13.374300 -3.798230 0 -12.160100 -11.356900 203.091000 1037.190000 -13 2308 1 0 1.000000
0.214771 -5.354260 0 -6.057540 -24.568700 209.482000 1037.120000 -13 2309 1 0 1.000000
-21.812600 -1.507130 0 -23.148800 -0.727132 222.654000 1037.320000 -13 2310 1 0 1.000000
-1.598870 3.177660 0 -0.060063 19.497000 221.886000 1037.200000 -13 2311 1 0 1.000000
-2.124970 -8.780820 0 -8.054160 -7.534700 201.596000 1037.350000 -13 2312 1 0 1.000000
7.721480 -1.881940 0 4.999050 -13.637700 190.184000 1037.140000 -13 2313 1 0 1.000000
-13.046500 -8.585290 0 -5.320950 -3.057930 219.613000 1037.080000 -13 2314 1 0 1.000000
-14.404900 -23.774400 0 7.888370 4.012880 204.602000 1037.110000 -13 2315 1 0 1.000000
-5.254690 1.290380 0 -29.071700 2.653840 209.675000 1037.120000 -13 2316 1 0 1.000000
3.019930 -10.126600 0 6.943650 12.363900 193.048000 1037.210000 -13 2317 1 0 1.000000
-20.085600 2.712040 0 2.949090 -9.906520 201.778000 1037.260000 -13 2318 1 0 1.000000
-2.817970 -6.050310 0 -27.572300 -8.919290 206.259000 1037.260000 -13 2319 1 0 1.000000
-13.550800 -13.685500 0 -21.662900 7.085840 198.506000 1037.140000 -13 2320 1 0 1.000000
-4.337750 -1.909810 0 36.237200 -21.779300 239.038000 1037.420000 -13 2321 1 0 1.000000
-22.373400 0.034644 0 6.187300 0.450190 202.999000 1037.280000 -13 2322 1 0 1.000000
-14.672200 -5.501040 0 4.292180 6.081810 199.331000 1037.090000 -13 2323 1 0 1.000000
-4.289930 1.798790 0 -4.451870 -1.190120 204.483000 1037.130000 -13 2324 1 0 1.000000
-21.120500 -12.610500 0 -3.808370 -7.917450 203.565000 1037.240000 -13 2325 1 0 1.000000
-6.367150 -9.822840 0 0.638358 -8.586340 208.421000 1037.190000 -13 2326 1 0 1.000000
-2.930060 -0.622555 0 -10.231500 0.461602 190.978000 1037.130000 -13 2327 1 0 1.000000
-0.022041 -2.753780 0 -20.938700 4.954960 196.198000 1037.040000 -13 2328 1 0 1.000000
0.443690 -4.388850 0 -3.573180 -20.812300 200.729000 1037.060000 -13 2329 1 0 1.000000
-22.684900 -12.484800 0 5.203450 13.651000 210.460000 1037.170000 -13 2330 1 0 1.000000
-6.520560 -4.904570 0 5.523770 -3.741180 207.764000 1036.990000 -13 2331 1 0 1.000000
1.630760 -14.173700 0 -16.812800 1.974920 195.194000 1037.150000 -13 2332 1 0 1.000000
10.062900 -8.912680 0 9.622750 -27.313500 210.608000 1037.180000 -13 2333 1 0 1.000000
-13.325500 -5.721700 0 0.109916 -5.023820 197.122000 1037.210000 -13 2334 1 0 1.000000
-23.306600 -11.774100 0 12.012900 9.880190 211.709000 1037.400000 -13 2335 1 0 1.000000
-12.707000 -11.658300 0 0.464177 -4.772950 211.633000 1037.140000 -13 2336 1 0 1.000000
-9.797910 -9.896440 0 -8.173850 -5.695880 210.299000 1037.410000 -13 2337 1 0 1.000000
-11.995000 -10.457400 0 -5.534270 3.339040 197.812000 1037.150000 -13 2338 1 0 1.000000
8.042780 -13.845200 0 -18.088400 4.040880 209.244000 1037.230000 -13 2339 1 0 1.000000
-8.361260 -9.261400 0 -21.685600 9.851700 223.711000 1037.260000 -13 2340 1 0 1.000000
-5.224350 -18.076000 0 8.025520 -2.765390 213.755000 1037.240000 -13 2341 1 0 1.000000
-17.106900 -4.605090 0 12.594400 -2.712370 198.189000 1037.230000 -13 2342 1 0 1.000000
-7.695560 -6.638090 0 -12.632000 -7.489210 203.116000 1037.290000 -13 2343 1 0 1.000000
4.462320 -16.153100 0 -4.714430 16.418400 213.922000 1037.140000 -13 2344 1 0 1.000000
-3.260770 -15.350600 0 -5.325710 -3.391310 206.634000 1037.200000 -13 2345 1 0 1.000000
4.786660 -6.793680 0 24.772800 -10.876100 207.557000 1037.240000 -13 2346 1 0 1.000000
-18.443900 8.788270 0 8.725360 -8.008750 206.103000 1037.260000 -13 2347 1 0 1.000000
-7.415630 -13.915600 0 -17.301100 5.068910 190.876000 1037.140000 -13 2348 1 0 1.000000
-21.393500 -0.410620 0 14.273300 12.933500 224.719000 1037.250000 -13 2349 1 0 1.000000
-9.368940 5.217570 0 -13.599800 -2.827300 210.366000 1037.300000 -13 2350 1 0 1.000000
-4.333290 -2.006830 0 15.614200 -7.227950 200.979000 1037.190000 -13 2351 1 0 1.000000
18.425200 0.451375 0 -8.909660 -10.794200 213.165000 1037.250000 -13 2352 1 0 1.000000
-2.523290 -1.941320 0 -2.137330 -6.134300 212.347000 1037.410000 -13 2353 1 0 1.000000
7.310340 -24.149500 0 -4.979600 -15.898800 219.298000 1037.130000 -13 2354 1 0 1.000000
-11.314100 -13.608300 0 6.486930 -4.934860 204.829000 1037.440000 -13 2355 1 0 1.000000
0.786504 -3.802650 0 5.130680 1.436480 191.568000 1037.500000 -13 2356 1 0 1.000000
-18.617300 3.372550 0 8.880530 1.651190 227.405000 1037.250000 -13 2357 1 0 1.000000
-14.158300 -6.788550 0 9.942910 8.402000 212.242000 1037.080000 -13 2358 1 0 1.000000
-14.228800 -12.222000 0 -1.023100 -3.485220 224.261000 1037.380000 -13 2359 1 0 1.000000
-9.759840 -9.912790 0 -5.541640 11.949800 217.456000 1037.190000 -13 2360 1 0 1.000000
-10.173700 -12.474500 0 2.646850 15.799600 215.155000 1037.410000 -13 2361 1 0 1.000000
1.869310 -8.054790 0 -10.412100 0.941610 202.605000 1037.190000 -13 2362 1 0 1.000000
-8.085000 -11.804600 0 -7.588170 -5.625710 207.064000 1037.120000 -13 2363 1 0 1.000000
6.014230 0.293588 0 15.046700 -5.444320 200.029000 1037.370000 -13 2364 1 0 1.000000
-6.972660 -31.701400 0 7.620230 -27.724900 223.352000 1037.340000 -13 2365 1 0 1.000000
-9.280940 -3.200200 0 -9.623220 29.381900 201.191000 1037.340000 -13 2366 1 0 1.000000
-7.290760 -9.662110 0 -9.064770 -14.963200 210.002000 1037.320000 -13 2367 1 0 1.000000
1.148960 -6.874460 0 -12.150200 -13.817500 214.943000 1037.370000 -13 2368 1 0 1.000000
-11.207600 -10.889100 0 4.118380 -9.621210 214.956000 1037.430000 -13 2369 1 0 1.000000
-17.665200 -9.883600 0 -30.138700 1.888770 206.935000 1037.440000 -13 2370 1 0 1.000000
-9.061340 -12.330600 0 7.091370 -4.186210 205.335000 1037.360000 -13 2371 1 0 1.000000
7.974110 -14.992100 0 -1.809080 2.927180 199.913000 1037.300000 -13 2372 1 0 1.000000
7.075270 1.196100 0 -26.518500 -10.976700 190.902000 1037.320000 -13 2373 1 0 1.000000
-20.935900 7.728000 0 12.101500 -5.215550 215.701000 1037.350000 -13 2374 1 0 1.000000
-15.997100 -0.481012 0 17.137400 -2.499150 213.049000 1037.360000 -13 2375 1 0 1.000000
0.897665 0.046093 0 2.888900 16.753800 198.234000 1037.080000 -13 2376 1 0 1.000000
-4.002230 -8.066270 0 -1.680800 -1.344610 217.444000 1037.170000 -13 2377 1 0 1.000000
-23.750300 -17.061800 0 -13.181000 -10.307700 214.941000 1037.110000 -13 2378 1 0 1.000000
-6.418320 -9.554040 0 -5.054880 6.774880 203.885000 1037.000000 -13 2379 1 0 1.000000
-9.402560 -18.385900 0 18.492900 13.584900 194.232000 1037.240000 -13 2380 1 0 1.000000
-5.372130 -10.655400 0 -17.257900 6.273440 181.627000 1037.180000 -13 2381 1 0 1.000000
-10.151400 2.428860 0 7.824180 -17.328800 207.659000 1037.250000 -13 2382 1 0 1.000000
-11.862300 -8.737550 0 -9.334090 -2.389330 219.953000 1037.320000 -13 2383 1 0 1.000000
-10.855300 -4.082040 0 -2.975750 -3.190600 217.543000 1037.470000 -13 2384 1 0 1.000000
-6.236580 -2.686120 0 20.996300 -21.389700 192.559000 1037.330000 -13 2385 1 0 1.000000
0.597549 -7.172850 0 -10.146300 -9.367950 208.204000 1037.540000 -13 2386 1 0 1.000000
16.771400 -9.573240 0 -8.849560 -4.849360 191.578000 1037.180000 -13 2387 1 0 1.000000
1.688300 -1.509910 0 -14.256100 -6.923460 206.462000 1037.220000 -13 2388 1 0 1.000000
-2.689530 9.656670 0 16.974800 2.775720 201.881000 1037.090000 -13 2389 1 0 1.000000
-6.471310 10.622100 0 -14.961600 -6.502850 197.762000 1037.110000 -13 2390 1 0 1.000000
-14.022500 3.865200 0 1.091430 -7.134910 211.901000 1037.300000 -13 2391 1 0 1.000000
-5.221810 -5.309370 0 7.711030 -1.382740 225.495000 1037.130000 -13 2392 1 0 1.000000
17.496900 -11.634300 0 -21.911700 -4.271470 195.060000 1037.160000 -13 2393 1 0 1.000000
-3.723820 -14.867200 0 -11.357300 -5.392270 212.504000 1037.210000 -13 2394 1 0 1.000000
10.304300 -0.787684 0 5.563930 -26.905300 214.000000 1037.200000 -13 2395 1 0 1.000000
-5.864240 -7.399510 0 11.451600 12.203400 210.294000 1037.070000 -13 2396 1 0 1.000000
-3.429250 -0.859502 0 9.461520 -9.215670 197.677000 1037.350000 -13 2397 1 0 1.000000
-21.048500 -8.043760 0 34.803900 9.537270 206.224000 1037.540000 -13 2398 1 0 1.000000
-2.414310 -6.595290 0 7.566870 9.893980 197.844000 1037.070000 -13 2399 1 0 1.000000
-22.909400 -17.152000 0 6.156570 2.203070 216.662000 1037.180000 -13 2400 1 0 1.000000
5.613580 -20.479400 0 -0.495851 -3.700030 207.010000 1037.390000 -13 2401 1 0 1.000000
-2.895330 -7.569860 0 -0.000708 4.595510 195.689000 1037.130000 -13 2402 1 0 1.000000
-14.353000 -4.274840 0 -23.232600 -7.139870 202.631000 1037.400000 -13 2403 1 0 1.000000
-17.217600 -13.577800 0 -27.840100 11.112300 229.435000 1037.360000 -13 2404 1 0 1.000000
-2.660830 -1.803400 0 -3.814960 -14.871200 214.014000 1037.200000 -13 2405 1 0 1.000000
6.967350 -10.762200 0 16.285000 -1.634500 214.027000 1037.270000 -13 2406 1 0 1.000000
-14.965200 -9.430290 0 -22.812900 -10.419900 201.924000 1037.330000 -13 2407 1 0 1.000000
-6.427120 -10.658100 0 25.511400 -1.389240 204.836000 1037.340000 -13 2408 1 0 1.000000
-7.048670 -21.045100 0 -9.998170 1.233860 210.968000 1037.030000 -13 2409 1 0 1.000000
-3.766970 4.877470 0 -31.006500 6.868850 202.249000 1037.050000 -13 2410 1 0 1.000000
6.212530 -14.369200 0 -19.122500 -15.802500 202.195000 1037.240000 -13 2411 1 0 1.000000
-2.998090 -9.466940 0 -0.440232 -30.058100 220.859000 1037.080000 -13 2412 1 0 1.000000
-17.501400 -14.102700 0 5.101780 12.779600 205.190000 1037.290000 -13 2413 1 0 1.000000
6.632210 -17.824000 0 -1.269290 5.629270 195.712000 1037.290000 -13 2414 1 0 1.000000
-18.243700 7.699560 0 31.569500 1.425930 226.825000 1037.120000 -13 2415 1 0 1.000000
-0.399051 -9.223440 0 -17.225200 -5.011730 203.549000 1037.230000 -13 2416 1 0 1.000000
3.122740 -12.470400 0 6.086040 -5.769770 194.974000 1037.140000 -13 2417 1 0 1.000000
-7.090040 -6.314050 0 -2.732410 12.443800 218.517000 1037.200000 -13 2418 1 0 1.000000
-0.093484 -0.783244 0 -9.927080 1.291210 186.584000 1037.140000 -13 2419 1 0 1.000000
-17.933500 -1.370720 0 -3.526910 3.607490 220.484000 1037.260000 -13 2420 1 0 1.000000
-9.146100 -11.018800 0 4.963780 0.022845 195.341000 1037.030000 -13 2421 1 0 1.000000
-3.713440 -10.688300 0 -5.756810 -16.380600 224.295000 1037.290000 -13 2422 1 0 1.000000
-7.252350 -10.894500 0 -1.488240 9.571520 212.476000 1037.330000 -13 2423 1 0 1.000000
-9.922470 1.159690 0 10.405600 2.171120 204.994000 1037.280000 -13 2424 1 0 1.000000
-11.602600 6.571920 0 -10.463400 -15.000000 210.878000 1037.380000 -13 2425 1 0 1.000000
5.850610 -7.675570 0 13.972400 -5.505320 214.599000 1037.200000 -13 2426 1 0 1.000000
-12.833200 -4.791890 0 -19.294400 1.061050 212.692000 1037.380000 -13 2427 1 0 1.000000
-9.290190 -5.335480 0 -6.505450 -10.349300 213.883000 1037.280000 -13 2428 1 0 1.000000
-8.123720 -9.197150 0 3.734940 2.184340 216.976000 1037.320000 -13 2429 1 0 1.000000
-5.153200 -6.070970 0 -0.637312 -6.681900 210.423000 1037.120000 -13 2430 1 0 1.000000
-16.357700 -7.832820 0 10.047900 1.302950 211.347000 1037.160000 -13 2431 1 0 1.000000
-1.049720 -19.715800 0 -3.775090 -2.915500 213.610000 1037.150000 -13 2432 1 0 1.000000
-0.852598 -18.625300 0 -10.961000 -6.194730 182.644000 1037.140000 -13 2433 1 0 1.000000
-7.345850 -11.158500 0 -1.220900 0.651936 213.754000 1037.130000 -13 2434 1 0 1.000000
12.424800 1.362790 0 -4.129210 -8.831140 221.932000 1037.250000 -13 2435 1 0 1.000000
2.550230 17.616700 0 -3.590160 -10.571100 207.853000 1037.020000 -13 2436 1 0 1.000000
-10.559200 -10.676000 0 -4.709780 -9.496220 196.090000 1037.350000 -13 2437 1 0 1.000000
-5.563540 -17.048800 0 2.198960 -12.567800 204.421000 1037.220000 -13 2438 1 0 1.000000
-6.047640 0.641553 0 -1.338470 3.866550 214.000000 1037.290000 -13 2439 1 0 1.000000
-0.054172 1.964330 0 -11.210200 5.713100 207.932000 1037.150000 -13 2440 1 0 1.000000
-8.625380 -7.936070 0 -11.905600 -5.950940 192.181000 1037.280000 -13 2441 1 0 1.000000
-14.847400 -5.100120 0 -2.094150 7.941800 206.919000 1037.280000 -13 2442 1 0 1.000000
-28.984500 -2.813910 0 0.750681 -12.616000 203.232000 1037.250000 -13 2443 1 0 1.000000
-10.850600 -34.243800 0 -14.675200 -14.868700 205.506000 1037.210000 -13 2444 1 0 1.000000
-14.663300 3.914560 0 20.594500 -7.813940 203.145000 1037.500000 -13 2445 1 0 1.000000
-2.146720 10.224400 0 11.596100 -4.298420 207.747000 1037.100000 -13 2446 1 0 1.000000
-2.252380 -12.993400 0 1.247590 10.265200 191.521000 1037.080000 -13 2447 1 0 1.000000
0.722032 -4.969770 0 -9.093130 -6.448400 193.284000 1037.020000 -13 2448 1 0 1.000000
-22.175300 -11.932400 0 -21.975000 25.038000 198.546000 1037.030000 -13 2449 1 0 1.000000
-10.308800 -2.653030 0 17.445000 4.903900 216.040000 1037.110000 -13 2450 1 0 1.000000
13.085600 -8.893500 0 -4.417340 7.517100 203.940000 1037.260000 -13 2451 1 0 1.000000
-6.957260 -4.068010 0 -4.371700 12.938700 210.041000 1037.300000 -13 2452 1 0 1.000000
3.287630 -10.318800 0 22.040400 9.915660 195.872000 1037.160000 -13 2453 1 0 1.000000
-21.163000 11.134200 0 8.769730 1.168840 206.363000 1037.240000 -13 2454 1 0 1.000000
-6.519710 -5.539610 0 -11.072900 -11.468500 220.421000 1037.410000 -13 2455 1 0 1.000000
6.397260 -17.011400 0 -6.497720 0.470020 205.838000 1037.240000 -13 2456 1 0 1.000000
21.655000 -5.698240 0 2.187950 -6.651760 211.114000 1037.300000 -13 2457 1 0 1.000000
-8.398050 -18.437200 0 2.588550 -16.014900 196.935000 1037.150000 -13 2458 1 0 1.000000
1.760870 -3.131200 0 -16.324100 -0.574128 211.882000 1036.970000 -13 2459 1 0 1.000000
4.535700 2.709340 0 -4.908940 -8.272790 191.624000 1037.320000 -13 2460 1 0 1.000000
-11.869100 -5.510310 0 4.986550 6.745760 200.230000 1037.050000 -13 2461 1 0 1.000000
-21.744500 -2.241920 0 7.287770 3.094630 202.627000 1037.610000 -13 2462 1 0 1.000000
-5.776730 -2.265230 0 -6.521320 -9.541790 195.794000 1037.290000 -13 2463 1 0 1.000000
-3.138920 -1.311040 0 13.162400 -7.628960 208.250000 1037.340000 -13 2464 1 0 1.000000
-7.060980 -5.946870 0 31.028000 18.569000 205.274000 1037.580000 -13 2465 1 0 1.000000
-28.245600 -12.953500 0 -4.182170 -18.454900 218.560000 1037.210000 -13 2466 1 0 1.000000
-2.778260 -16.717700 0 -0.691022 5.808960 207.229000 1037.110000 -13 2467 1 0 1.000000
-0.923352 -23.028700 0 -17.581300 7.456610 209.881000 1037.410000 -13 2468 1 0 1.000000
-6.085660 -6.503850 0 10.849500 -12.776800 211.197000 1037.270000 -13 2469 1 0 1.000000
1.424950 -15.330600 0 -7.856480 -4.748330 210.868000 1037.230000 -13 2470 1 0 1.000000
-14.179000 -2.950050 0 -15.059000 3.357560 218.460000 1037.320000 -13 2471 1 0 1.000000
-14.470600 -5.116530 0 -1.743260 11.306200 213.124000 1037.310000 -13 2472 1 0 1.000000
-18.569100 -17.325900 0 -12.814400 15.739600 226.342000 1037.120000 -13 2473 1 0 1.000000
-3.473550 -11.538500 0 -2.756130 -10.002300 206.617000 1037.460000 -13 2474 1 0 1.000000
-12.653100 -6.454670 0 27.266000 -28.067500 206.523000 1037.320000 -13 2475 1 0 1.000000
9.918470 -12.458600 0 -16.077100 17.073500 207.990000 1037.510000 -13 2476 1 0 1.000000
-11.012000 -2.539520 0 10.483600 -6.825670 212.837000 1037.330000 -13 2477 1 0 1.000000
-2.034220 -7.222910 0 -0.389900 -7.057490 222.961000 1037.230000 -13 2478 1 0 1.000000
-21.281600 -22.220100 0 -5.052120 5.698220 219.381000 1037.460000 -13 2479 1 0 1.000000
-14.936500 -7.187700 0 3.768160 -0.824281 223.646000 1037.130000 -13 2480 1 0 1.000000
-24.287400 -12.610900 0 -19.580700 -7.785460 198.379000 1037.350000 -13 2481 1 0 1.000000
-4.881640 -1.436990 0 13.719800 -8.014580 201.027000 1037.300000 -13 2482 1 0 1.000000
-7.355750 -3.363060 0 -19.836800 -6.705320 208.808000 1037.410000 -13 2483 1 0 1.000000
-14.800900 -17.996500 0 7.828780 -10.268800 205.848000 1037.070000 -13 2484 1 0 1.000000
0.738520 -0.733430 0 -11.691000 -21.513600 220.179000 1037.320000 -13 2485 1 0 1.000000
-6.249560 -3.654770 0 -0.270107 2.716920 213.463000 1037.160000 -13 2486 1 0 1.000000
-14.429900 18.991100 0 18.207000 -11.173900 229.241000 1037.200000 -13 2487 1 0 1.000000
-3.134810 -21.263100 0 -13.485000 -0.637110 202.205000 1037.440000 -13 2488 1 0 1.000000
4.310400 -12.942600 0 -12.686700 -27.619200 211.830000 1037.170000 -13 2489 1 0 1.000000
-25.125500 -7.347920 0 -4.864720 3.826110 196.633000 1037.530000 -13 2490 1 0 1.000000
1.817910 -5.688050 0 -11.308600 7.254210 201.750000 1037.190000 -13 2491 1 0 1.000000
-1.109530 -4.036480 0 7.025800 10.262200 188.550000 1037.460000 -13 2492 1 0 1.000000
-17.712800 -15.238300 0 -5.495100 -14.000200 212.721000 1037.360000 -13 2493 1 0 1.000000
9.149550 -9.902720 0 15.073200 -6.696810 205.639000 1037.180000 -13 2494 1 0 1.000000
5.776280 -13.833200 0 -5.456470 -9.546020 204.666000 1037.290000 -13 2495 1 0 1.000000
-1.880450 -12.944100 0 8.238330 -5.659630 206.674000 1037.170000 -13 2496 1 0 1.000000
-10.083500 -13.060900 0 -4.773040 -4.412990 204.159000 1037.040000 -13 2497 1 0 1.000000
-5.523210 -14.105800 0 2.551780 -5.348180 198.979000 1037.170000 -13 2498 1 0 1.000000
-19.494000 -5.848850 0 -17.266300 1.875490 211.039000 1037.090000 -13 2499 1 0 1.000000
-11.922900 -14.238600 0 5.148380 -1.560100 197.721000 1037.000000 -13 2500 1 0 1.000000
-17.731200 -5.675660 0 14.826100 8.349860 195.502000 1037.290000 -13 2501 1 0 1.000000
-3.306040 -2.510770 0 2.859740 9.313010 210.235000 1037.360000 -13 2502 1 0 1.000000
4.025440 -10.849600 0 -26.299800 14.873600 216.729000 1037.250000 -13 2503 1 0 1.000000
-10.215500 -0.754306 0 8.087680 -6.325330 212.794000 1037.340000 -13 2504 1 0 1.000000
-15.788600 -0.100750 0 -6.204870 7.603790 200.342000 1037.250000 -13 2505 1 0 1.000000
-17.463000 11.039700 0 -3.306810 -5.190170 212.571000 1037.290000 -13 2506 1 0 1.000000
-5.755400 -9.025710 0 2.255950 6.493310 209.233000 1037.170000 -13 2507 1 0 1.000000
-5.143940 -2.696070 0 25.709800 -3.961820 207.997000 1037.270000 -13 2508 1 0 1.000000
-8.036590 -10.409000 0 -6.293370 8.174090 207.733000 1037.230000 -13 2509 1 0 1.000000
-15.656500 -5.985770 0 -8.119150 4.501930 206.445000 1037.280000 -13 2510 1 0 1.000000
-2.778170 2.028610 0 8.501590 -5.551330 206.392000 1037.130000 -13 2511 1 0 1.000000
-14.958200 -7.127330 0 1.428060 5.564150 220.023000 1037.200000 -13 2512 1 0 1.000000
-12.422700 -5.572300 0 3.138090 -10.084500 216.546000 1037.300000 -13 2513 1 0 1.000000
-15.893100 2.079130 0 2.054640 -10.439600 204.404000 1037.370000 -13 2514 1 0 1.000000
-10.295400 -20.754800 0 -0.661429 0.456279 209.281000 1037.430000 -13 2515 1 0 1.000000
1.406950 -4.946810 0 -8.180240 -7.404490 203.759000 1037.320000 -13 2516 1 0 1.000000
0.399378 -11.591100 0 -10.117300 -5.594820 189.696000 1037.200000 -13 2517 1 0 1.000000
-1.215780 -11.717800 0 0.499327 -18.356000 210.073000 1037.080000 -13 2518 1 0 1.000000
-0.241854 -17.868300 0 -0.204942 2.122420 212.303000 1037.140000 -13 2519 1 0 1.000000
-0.809967 -7.092240 0 -4.661190 8.940120 190.606000 1037.380000 -13 2520 1 0 1.000000
-20.051600 -10.860700 0 -3.136560 3.165600 208.705000 1037.120000 -13 2521 1 0 1.000000
-13.116200 5.777070 0 24.516600 -18.413200 211.773000 1037.480000 -13 2522 1 0 1.000000
-8.235500 10.016200 0 1.178700 14.662200 209.505000 1037.400000 -13 2523 1 0 1.000000
-14.719300 -3.123480 0 -34.451700 9.375930 201.911000 1037.410000 -13 2524 1 0 1.000000
-21.522000 -11.903000 0 -7.312000 3.045590 207.577000 1037.160000 -13 2525 1 0 1.000000
-20.814300 -12.997300 0 5.719500 -2.405760 212.831000 1037.240000 -13 2526 1 0 1.000000
7.007400 -15.442900 0 -4.228610 -16.983000 216.663000 1037.290000 -13 2527 1 0 1.000000
-7.956630 -8.923570 0 -16.002200 -17.322200 220.841000 1037.050000 -13 2528 1 0 1.000000
-16.821800 -12.330600 0 -2.193640 24.334900 211.783000 1037.470000 -13 2529 1 0 1.000000
-11.199700 -13.635000 0 -24.257400 33.939800 216.180000 1037.220000 -13 2530 1 0 1.000000
-7.453600 -1.008730 0 18.009000 8.260750 210.373000 1037.140000 -13 2531 1 0 1.000000
-16.514100 3.118230 0 -23.023600 1.464880 197.655000 1037.360000 -13 2532 1 0 1.000000
-8.133780 -17.804800 0 -12.283600 0.725998 186.733000 1037.190000 -13 2533 1 0 1.000000
-19.052900 -1.531010 0 -4.433470 27.483500 221.283000 1037.160000 -13 2534 1 0 1.000000
-15.347800 -16.704000 0 -5.248480 11.996500 219.071000 1037.270000 -13 2535 1 0 1.000000
-8.935860 -14.760900 0 0.006786 19.738600 208.471000 1037.190000 -13 2536 1 0 1.000000
-26.769700 -5.163170 0 0.768657 10.706900 212.794000 1037.280000 -13 2537 1 0 1.000000
-9.711400 -9.293080 0 -12.780200 26.541300 227.049000 1037.160000 -13 2538 1 0 1.000000
-13.943700 9.863240 0 -0.737895 3.127520 221.230000 1037.110000 -13 2539 1 0 1.000000
-6.986020 -15.569600 0 -5.614660 14.677400 190.799000 1037.120000 -13 2540 1 0 1.000000
-10.317300 -10.976300 0 -6.905190 -4.482780 197.007000 1037.270000 -13 2541 1 0 1.000000
-8.573220 2.178350 0 1.369570 9.732130 200.109000 1037.150000 -13 2542 1 0 1.000000
7.645540 -9.303230 0 7.864160 -10.828500 212.972000 1037.010000 -13 2543 1 0 1.000000
5.008150 -8.065100 0 6.436020 -4.658210 185.337000 1037.400000 -13 2544 1 0 1.000000
-19.221800 -32.157100 0 20.219900 22.082800 220.416000 1037.300000 -13 2545 1 0 1.000000
-0.661180 -7.751030 0 3.942210 -20.774400 204.881000 1037.250000 -13 2546 1 0 1.000000
-1.886330 -6.231590 0 -1.945650 -10.579200 221.368000 1037.410000 -13 2547 1 0 1.000000
-16.848800 -7.985560 0 -14.551800 -4.492790 199.883000 1037.150000 -13 2548 1 0 1.000000
1.899900 -8.817160 0 -5.150000 -6.021510 191.761000 1037.350000 -13 2549 1 0 1.000000
3.538400 -8.649400 0 5.436200 10.716500 224.416000 1037.290000 -13 2550 1 0 1.000000
9.070150 -21.972400 0 -5.026120 -3.599830 199.669000 1037.120000 -13 2551 1 0 1.000000
-9.138310 -0.788738 0 -8.986400 13.137200 213.012000 1037.110000 -13 2552 1 0 1.000000
-14.974200 5.475170 0 6.260470 -1.411070 221.133000 1037.180000 -13 2553 1 0 1.000000
-0.151642 -5.947120 0 0.864781 2.958440 201.865000 1037.340000 -13 2554 1 0 1.000000
-14.013400 0.508045 0 -10.097800 -11.890600 221.725000 1037.160000 -13 2555 1 0 1.000000
4.582780 -5.187210 0 9.586730 -8.771410 221.027000 1037.340000 -13 2556 1 0 1.000000
-1.069590 -9.004190 0 -7.723000 4.846490 193.722000 1037.190000 -13 2557 1 0 1.000000
-25.186900 3.051200 0 -5.833760 -4.151900 228.560000 1037.160000 -13 2558 1 0 1.000000
-8.873710 -17.320800 0 -6.218880 12.200900 206.512000 1037.350000 -13 2559 1 0 1.000000
-3.365840 -6.683570 0 0.978099 -4.962380 179.389000 1037.370000 -13 2560 1 0 1.000000
-4.849000 -8.968620 0 -5.869000 15.870600 198.710000 1037.200000 -13 2561 1 0 1.000000
-12.359900 -9.773850 0 6.201610 -6.068920 212.342000 1037.260000 -13 2562 1 0 1.000000
-4.568350 -4.805870 0 -8.782780 -14.340400 211.704000 1037.150000 -13 2563 1 0 1.000000
-10.339400 -5.880640 0 6.733490 5.017900 195.718000 1037.410000 -13 2564 1 0 1.000000
-2.390480 0.769520 0 5.731170 15.571000 214.897000 1036.960000 -13 2565 1 0 1.000000
-14.847100 -13.535100 0 -1.990200 -12.372300 193.882000 1037.190000 -13 2566 1 0 1.000000
-3.928060 -9.929690 0 -19.756100 10.073600 219.013000 1037.040000 -13 2567 1 0 1.000000
-8.517400 -14.078300 0 12.200100 25.535300 206.517000 1037.200000 -13 2568 1 0 1.000000
-10.024900 6.760030 0 -5.307620 -6.645800 209.209000 1037.490000 -13 2569 1 0 1.000000
-10.873900 -17.439200 0 5.672550 -2.699800 214.622000 1037.480000 -13 2570 1 0 1.000000
-11.463800 9.401800 0 -1.865020 18.321600 201.434000 1037.350000 -13 2571 1 0 1.000000
-20.696400 -9.736650 0 -6.666770 -12.575000 213.960000 1037.240000 -13 2572 1 0 1.000000
-3.562080 -3.848320 0 10.995800 -12.392700 202.820000 1037.470000 -13 2573 1 0 1.000000
-4.520040 -2.183730 0 7.731210 -10.735600 200.301000 1037.260000 -13 2574 1 0 1.000000
-10.500900 1.212910 0 8.053060 24.290100 212.476000 1037.120000 -13 2575 1 0 1.000000
10.112400 -14.754700 0 -31.691500 -2.708420 232.318000 1037.170000 -13 2576 1 0 1.000000
-6.558700 -2.146350 0 7.589730 -5.329880 215.041000 1037.360000 -13 2577 1 0 1.000000
4.115680 -31.043200 0 11.919000 7.612360 206.378000 1037.420000 -13 2578 1 0 1.000000
-6.462640 -2.258020 0 -11.805200 -20.190900 204.554000 1037.100000 -13 2579 1 0 1.000000
-0.596196 -18.326300 0 -8.106850 -9.663010 195.108000 1037.330000 -13 2580 1 0 1.000000
-11.300000 -9.479510 0 6.020630 20.714400 220.272000 1037.270000 -13 2581 1 0 1.000000
-5.916160 -24.092200 0 -30.868200 -31.197200 217.297000 1037.280000 -13 2582 1 0 1.000000
-5.542990 -3.252710 0 1.161120 -0.262653 197.281000 1037.410000 -13 2583 1 0 1.000000
2.226820 -7.583170 0 -4.531080 -2.856290 208.594000 1037.120000 -13 2584 1 0 1.000000
-0.328064 -7.827480 0 -5.567650 1.846210 211.045000 1037.310000 -13 2585 1 0 1.000000
-17.603000 3.334910 0 3.585430 20.928400 206.782000 1037.170000 -13 2586 1 0 1.000000
-12.331900 -13.568900 0 -1.155000 15.759700 221.357000 1037.220000 -13 2587 1 0 1.000000
-3.423360 -6.777940 0 -9.588850 -3.516810 205.957000 1037.380000 -13 2588 1 0 1.000000
-6.391740 -8.471010 0 10.810800 -2.156570 207.617000 1037.410000 -13 2589 1 0 1.000000
-25.056900 -9.111050 0 -21.068500 -17.141900 206.409000 1037.460000 -13 2590 1 0 1.000000
6.345790 -7.025190 0 -26.878200 5.141110 196.553000 1037.210000 -13 2591 1 0 1.000000
-6.749560 -3.869450 0 11.991500 9.194200 199.283000 1037.130000 -13 2592 1 0 1.000000
-3.601790 -9.870790 0 -23.458100 2.182240 192.401000 1037.300000 -13 2593 1 0 1.000000
2.189020 -10.579500 0 -9.435370 15.578100 190.112000 1037.260000 -13 2594 1 0 1.000000
4.251970 -17.876500 0 18.366400 -16.985800 195.414000 1037.130000 -13 2595 1 0 1.000000
-11.555000 -11.130200 0 -12.884900 17.798300 210.169000 1037.260000 -13 2596 1 0 1.000000
-20.211700 3.587540 0 18.160700 -5.836220 212.966000 1037.490000 -13 2597 1 0 1.000000
1.449370 -9.322960 0 -2.440010 -17.434700 208.304000 1037.170000 -13 2598 1 0 1.000000
-0.702178 -10.329000 0 14.971500 -40.375000 216.242000 1037.320000 -13 2599 1 0 1.000000
-6.948390 -13.488400 0 -2.312510 -18.695200 210.775000 1037.350000 -13 2600 1 0 1.000000
-4.692000 5.754140 0 -8.946330 -23.966600 199.224000 1037.590000 -13 2601 1 0 1.000000
-5.566070 -9.856470 0 -9.793170 -12.657600 202.124000 1037.200000 -13 2602 1 0 1.000000
-11.938700 -18.178100 0 10.843800 12.297700 214.545000 1037.450000 -13 2603 1 0 1.000000
2.042950 -1.642180 0 -12.074400 -3.622120 208.981000 1037.150000 -13 2604 1 0 1.000000
9.634500 -12.579000 0 7.528110 -3.313530 194.612000 1037.300000 -13 2605 1 0 1.000000
0.656562 -23.775500 0 16.242700 -2.802510 197.602000 1037.160000 -13 2606 1 0 1.000000
0.907704 -10.402300 0 4.368120 -1.405910 189.063000 1037.090000 -13 2607 1 0 1.000000
-8.786240 -3.718900 0 -16.168900 -1.593550 195.490000 1037.360000 -13 2608 1 0 1.000000
-4.991970 -0.322999 0 -8.574350 -1.563510 217.710000 1037.430000 -13 2609 1 0 1.000000
-16.474500 -4.920690 0 -19.015900 -20.042600 202.889000 1037.070000 -13 2610 1 0 1.000000
-18.756100 -0.584235 0 10.221700 8.349190 216.705000 1037.070000 -13 2611 1 0 1.000000
-10.110300 -4.197640 0 -0.361319 8.542830 207.337000 1037.120000 -13 2612 1 0 1.000000
19.324200 -4.877900 0 -0.454233 11.088300 224.596000 1037.350000 -13 2613 1 0 1.000000
-16.953400 -2.437510 0 2.528500 3.973080 218.845000 1037.150000 -13 2614 1 0 1.000000
-3.487850 -19.203500 0 11.483200 12.002100 206.242000 1037.420000 -13 2615 1 0 1.000000
-18.271600 -1.392250 0 -5.612450 -2.091470 200.688000 1037.360000 -13 2616 1 0 1.000000
-16.496100 -4.932650 0 1.529920 -4.709400 214.576000 1037.160000 -13 2617 1 0 1.000000
-9.682580 -11.723100 0 10.722600 -4.107190 211.909000 1037.220000 -13 2618 1 0 1.000000
10.587200 2.792770 0 7.994080 24.087600 219.676000 1037.250000 -13 2619 1 0 1.000000
1.254140 -3.222810 0 9.784560 -5.908020 207.692000 1037.250000 -13 2620 1 0 1.000000
-26.241200 -11.013100 0 28.708200 12.591100 213.028000 1037.350000 -13 2621 1 0 1.000000
3.176610 -23.365700 0 -6.831550 3.579240 212.935000 1037.080000 -13 2622 1 0 1.000000
-7.436110 2.834270 0 0.946716 -1.575090 199.102000 1037.140000 -13 2623 1 0 1.000000
1.443870 0.219114 0 -3.502710 -6.152070 226.816000 1037.150000 -13 2624 1 0 1.000000
-20.131500 -5.959650 0 18.365600 -21.225500 205.851000 1037.470000 -13 2625 1 0 1.000000
-10.088700 -4.131880 0 -12.870100 -4.209900 199.234000 1037.380000 -13 2626 1 0 1.000000
-13.276500 -9.340060 0 3.034780 20.340400 198.093000 1037.390000 -13 2627 1 0 1.000000
-4.343840 -4.980470 0 11.568700 -30.215700 192.825000 1037.370000 -13 2628 1 0 1.000000
-6.282970 -12.723900 0 -20.881500 -5.815320 213.395000 1037.350000 -13 2629 1 0 1.000000
-12.823200 -3.785800 0 39.158500 -31.172500 222.321000 1037.410000 -13 2630 1 0 1.000000
-23.235100 -4.553760 0 13.452100 -8.543200 202.999000 1037.110000 -13 2631 1 0 1.000000
-8.106590 -7.007240 0 -6.205370 14.119000 195.550000 1037.270000 -13 2632 1 0 1.000000
-18.024900 -6.262660 0 15.271500 9.757190 204.135000 1037.110000 -13 2633 1 0 1.000000
-13.890800 -8.526780 0 -11.038800 25.992600 218.599000 1037.300000 -13 2634 1 0 1.000000
-6.556930 -10.781300 0 -4.941090 16.166600 204.939000 1037.110000 -13 2635 1 0 1.000000
-1.552820 -7.212160 0 1.772960 6.470700 215.105000 1037.130000 -13 2636 1 0 1.000000
-7.856590 -5.031360 0 -23.288100 -18.592500 226.117000 1037.060000 -13 2637 1 0 1.000000
1.203390 -4.430820 0 -18.683400 -2.356320 216.090000 1037.230000 -13 2638 1 0 1.000000
-22.436700 10.419300 0 -14.331900 -10.297500 223.331000 1037.320000 -13 2639 1 0 1.000000
-7.559670 -10.900900 0 -0.105511 16.087600 214.495000 1037.390000 -13 2640 1 0 1.000000
1.615430 0.223752 0 3.521260 -9.452580 204.191000 1037.130000 -13 2641 1 0 1.000000
-6.696160 -8.536280 0 12.246500 -6.059850 218.434000 1037.060000 -13 2642 1 0 1.000000
-7.348910 -8.984730 0 -13.430400 -18.626700 218.505000 1037.210000 -13 2643 1 0 1.000000
-1.609040 -12.725900 0 -31.012000 9.441190 230.068000 1037.270000 -13 2644 1 0 1.000000
-11.419900 -8.637030 0 -6.241300 -7.028440 202.966000 1037.060000 -13 2645 1 0 1.000000
-6.297230 -20.245700 0 -11.756200 -10.421800 196.630000 1037.310000 -13 2646 1 0 1.000000
4.959560 -5.438880 0 -0.282788 1.001570 197.754000 1037.310000 -13 2647 1 0 1.000000
-5.097720 -11.013400 0 -1.851900 9.124880 211.173000 1037.130000 -13 2648 1 0 1.000000
-25.654200 -7.043800 0 -4.375110 2.327180 209.290000 1037.360000 -13 2649 1 0 1.000000
-17.545800 -9.252390 0 2.313900 5.128790 210.376000 1037.470000 -13 2650 1 0 1.000000
-6.303160 -16.551600 0 -3.285740 -5.122350 210.268000 1037.180000 -13 2651 1 0 1.000000
18.771500 -9.369670 0 -14.737900 -11.993600 209.395000 1037.370000 -13 2652 1 0 1.000000
-3.575340 -16.830900 0 7.738080 -6.907270 191.786000 1037.150000 -13 2653 1 0 1.000000
2.785270 -11.077000 0 -10.218400 -7.898700 216.776000 1037.380000 -13 2654 1 0 1.000000
-0.236614 -6.129980 0 7.140820 -12.303400 212.223000 1037.210000 -13 2655 1 0 1.000000
-7.416680 5.003650 0 5.689030 -12.765300 191.642000 1037.220000 -13 2656 1 0 1.000000
2.831020 -1.540430 0 -11.160000 -5.916650 193.098000 1037.170000 -13 2657 1 0 1.000000
-3.248280 -1.581200 0 -15.777800 -12.681100 202.651000 1037.250000 -13 2658 1 0 1.000000
-10.627700 -6.270010 0 10.296500 -2.960520 201.033000 1037.340000 -13 2659 1 0 1.000000
-7.432940 -15.179400 0 -19.265600 -7.297840 229.120000 1037.060000 -13 2660 1 0 1.000000
-10.751700 2.540150 0 18.681900 7.163870 207.157000 1037.130000 -13 2661 1 0 1.000000
-4.062590 -2.497470 0 -0.008144 8.727580 200.920000 1037.260000 -13 2662 1 0 1.000000
-3.241670 6.412670 0 6.975070 -9.459830 211.319000 1037.300000 -13 2663 1 0 1.000000
-2.835540 -8.471820 0 -1.054300 7.628660 191.415000 1037.360000 -13 2664 1 0 1.000000
-4.206680 4.623080 0 1.152750 -1.493250 198.716000 1037.330000 -13 2665 1 0 1.000000
-5.644300 -10.872700 0 -10.279700 -7.440540 221.799000 1037.110000 -13 2666 1 0 1.000000
-6.293760 -11.328700 0 4.654410 -10.922400 200.744000 1037.180000 -13 2667 1 0 1.000000
-8.069730 -9.557860 0 -4.695570 7.719670 196.370000 1037.230000 -13 2668 1 0 1.000000
-3.604490 -3.903610 0 -16.973100 18.990800 215.637000 1037.430000 -13 2669 1 0 1.000000
6.368180 -6.246990 0 11.556900 7.939260 206.360000 1037.200000 -13 2670 1 0 1.000000
3.960600 1.485010 0 7.045700 -1.790850 208.547000 1037.080000 -13 2671 1 0 1.000000
-2.790570 -4.159840 0 -5.679850 4.534200 214.278000 1037.160000 -13 2672 1 0 1.000000
-0.378284 -2.174250 0 2.518210 3.523470 195.406000 1037.150000 -13 2673 1 0 1.000000
-16.397300 -9.360320 0 -3.882980 6.270970 221.082000 1037.270000 -13 2674 1 0 1.000000
-8.197020 -3.354530 0 -5.618900 -12.789400 204.550000 1037.170000 -13 2675 1 0 1.000000
-3.537580 -10.731000 0 4.943830 -15.028300 197.739000 1037.080000 -13 2676 1 0 1.000000
-14.519400 -1.508370 0 -0.354680 8.065540 207.490000 1037.320000 -13 2677 1 0 1.000000
-6.911840 -4.774320 0 -2.561040 14.748100 208.407000 1037.340000 -13 2678 1 0 1.000000
-7.697090 -2.526430 0 14.694000 10.302700 201.635000 1037.480000 -13 2679 1 0 1.000000
-19.970700 2.928030 0 -10.144800 10.100000 210.517000 1037.450000 -13 2680 1 0 1.000000
-2.662360 -3.624990 0 11.062200 0.599029 195.714000 1037.330000 -13 2681 1 0 1.000000
-3.116730 -7.944690 0 4.676410 -8.845410 203.459000 1037.250000 -13 2682 1 0 1.000000
-12.651800 -7.966420 0 10.913500 -5.124880 200.924000 1037.130000 -13 2683 1 0 1.000000
-6.160400 -5.835030 0 -7.190420 -1.859710 202.641000 1037.060000 -13 2684 1 0 1.000000
-13.641600 -16.429700 0 9.203330 19.437700 213.308000 1037.460000 -13 2685 1 0 1.000000
-16.385500 -14.285800 0 -5.141430 -10.678800 200.583000 1037.250000 -13 2686 1 0 1.000000
-6.971330 18.128500 0 -2.497730 0.493261 210.112000 1037.290000 -13 2687 1 0 1.000000
-18.747900 -1.964390 0 9.026840 -13.719300 212.478000 1037.400000 -13 2688 1 0 1.000000
-9.338100 -3.327740 0 16.996800 -2.498950 219.461000 1037.270000 -13 2689 1 0 1.000000
-17.883300 6.459560 0 16.440500 -22.168500 213.452000 1037.190000 -13 2690 1 0 1.000000
-11.641900 -10.786600 0 -3.151570 -9.672080 208.205000 1037.160000 -13 2691 1 0 1.000000
-11.223900 -3.121910 0 -18.712500 2.645230 198.264000 1037.240000 -13 2692 1 0 1.000000
0.520563 -10.614800 0 -10.357800 -10.336300 210.805000 1037.130000 -13 2693 1 0 1.000000
-4.555460 15.303000 0 16.781000 -12.652800 206.248000 1037.440000 -13 2694 1 0 1.000000
-6.744590 -2.194800 0 -15.062300 -16.844900 224.255000 1037.140000 -13 2695 1 0 1.000000
-24.944900 -6.068990 0 14.342700 18.949500 226.567000 1037.230000 -13 2696 1 0 1.000000
-4.498360 -13.790800 0 20.567000 -0.683891 206.743000 1037.490000 -13 2697 1 0 1.000000
3.954840 -8.607360 0 -20.071400 -5.904400 212.070000 1037.140000 -13 2698 1 0 1.000000
-2.330780 -0.258748 0 8.244840 -1.385220 218.820000 1037.270000 -13 2699 1 0 1.000000
-6.537830 -2.898490 0 8.887750 7.309210 200.789000 1037.320000 -13 2700 1 0 1.000000
7.091080 5.563200 0 -9.368860 -22.858300 197.825000 1037.400000 -13 2701 1 0 1.000000
-0.358740 -9.224910 0 -2.668640 -14.756200 198.820000 1037.270000 -13 2702 1 0 1.000000
-22.011500 -4.943030 0 23.911700 21.131100 200.586000 1037.070000 -13 2703 1 0 1.000000
-5.254960 0.041981 0 8.537790 20.904300 215.166000 1037.110000 -13 2704 1 0 1.000000
13.133500 -13.283800 0 -9.627890 -3.165250 194.198000 1037.400000 -13 2705 1 0 1.000000
-5.170710 -7.792270 0 4.965770 14.670700 209.860000 1037.270000 -13 2706 1 0 1.000000
10.691000 -3.410410 0 -5.531210 13.145300 196.311000 1037.200000 -13 2707 1 0 1.000000
-7.194740 -2.868050 0 -15.664300 4.258010 201.182000 1037.190000 -13 2708 1 0 1.000000
-6.762380 -18.974900 0 -24.955700 3.369840 208.481000 1036.990000 -13 2709 1 0 1.000000
-2.602260 -1.061370 0 21.126800 -20.237300 228.622000 1037.100000 -13 2710 1 0 1.000000
10.403200 -18.126200 0 -5.022120 9.426980 209.290000 1037.450000 -13 2711 1 0 1.000000
10.310700 -3.262150 0 -16.634100 1.230620 207.145000 1037.290000 -13 2712 1 0 1.000000
3.939330 -9.731510 0 -9.613090 -1.039650 196.885000 1037.190000 -13 2713 1 0 1.000000
-2.330020 -8.252990 0 -4.180540 -7.557380 217.250000 1037.210000 -13 2714 1 0 1.000000
-2.618750 -10.015500 0 -8.427510 16.825400 200.148000 1037.130000 -13 2715 1 0 1.000000
-9.089190 -9.304150 0 7.875680 7.693210 199.287000 1037.160000 -13 2716 1 0 1.000000
4.961790 -10.569000 0 8.752300 -0.814916 204.490000 1037.170000 -13 2717 1 0 1.000000
-11.476700 -1.093430 0 -24.866200 1.576760 203.412000 1037.320000 -13 2718 1 0 1.000000
-8.663480 -10.277600 0 -4.257940 -22.338000 202.643000 1037.230000 -13 2719 1 0 1.000000
-3.950200 -1.452540 0 -3.093580 -2.033550 197.967000 1037.270000 -13 2720 1 0 1.000000
-3.049430 0.325174 0 -3.495480 1.865770 201.127000 1037.310000 -13 2721 1 0 1.000000
-5.245740 -21.833900 0 -1.166210 21.729500 213.976000 1037.150000 -13 2722 1 0 1.000000
-14.069500 2.456830 0 15.208900 3.168030 203.036000 1037.420000 -13 2723 1 0 1.000000
-19.964200 -2.017670 0 48.378700 -31.725600 219.137000 1036.960000 -13 2724 1 0 1.000000
-13.452100 -10.086900 0 16.201800 -2.732420 221.418000 1037.170000 -13 2725 1 0 1.000000
-22.615600 -29.577800 0 5.911950 -4.936910 193.109000 1037.340000 -13 2726 1 0 1.000000
-9.479400 -8.658570 0 -16.332600 -43.633100 229.322000 1037.430000 -13 2727 1 0 1.000000
-1.106920 -7.694370 0 -5.835140 9.959310 183.575000 1037.180000 -13 2728 1 0 1.000000
-2.775940 -9.442400 0 -7.590640 3.015800 215.560000 1037.270000 -13 2729 1 0 1.000000
-3.258130 14.091900 0 -6.352410 5.849530 192.897000 1037.440000 -13 2730 1 0 1.000000
-3.069570 12.983800 0 -5.653920 -1.587900 196.130000 1037.340000 -13 2731 1 0 1.000000
-5.911080 -2.109180 0 8.509010 -2.620650 193.663000 1037.330000 -13 2732 1 0 1.000000
-15.828900 -1.368260 0 -5.994730 -7.774770 204.844000 1037.220000 -13 2733 1 0 1.000000
3.300220 -19.835400 0 -0.588523 -0.644549 193.127000 1037.280000 -13 2734 1 0 1.000000
-20.624600 -10.626700 0 3.265280 13.685400 219.870000 1037.340000 -13 2735 1 0 1.000000
-9.068570 -4.866060 0 -10.265900 -9.873070 221.501000 1037.290000 -13 2736 1 0 1.000000
-15.329300 -6.832040 0 0.677245 3.839280 203.717000 1037.210000 -13 2737 1 0 1.000000
-8.712580 11.526900 0 4.286740 -19.775800 211.218000 1037.420000 -13 2738 1 0 1.000000
-5.725230 -5.234120 0 5.554560 18.627700 194.420000 1037.010000 -13 2739 1 0 1.000000
-1.903410 12.901600 0 25.824000 -9.359640 208.751000 1037.090000 -13 2740 1 0 1.000000
-1.973640 -1.336340 0 -11.887500 12.789400 197.841000 1037.150000 -13 2741 1 0 1.000000
-14.860200 -11.128700 0 10.442400 8.586360 204.297000 1037.190000 -13 2742 1 0 1.000000
14.812200 -23.026800 0 -13.930800 -6.913250 199.974000 1037.030000 -13 2743 1 0 1.000000
-17.540900 4.196840 0 7.804390 -4.775510 186.919000 1037.010000 -13 2744 1 0 1.000000
-2.887790 7.352230 0 -12.192900 -2.747190 217.232000 1037.260000 -13 2745 1 0 1.000000
3.495510 -24.584700 0 -11.411500 -3.710450 220.659000 1037.170000 -13 2746 1 0 1.000000
-12.397300 -6.926860 0 8.871840 8.287260 198.654000 1037.590000 -13 2747 1 0 1.000000
-8.880390 -9.384070 0 -7.757760 1.644730 201.277000 1037.480000 -13 2748 1 0 1.000000
-10.509000 -6.883960 0 -6.941010 13.609000 209.577000 1037.390000 -13 2749 1 0 1.000000
-1.557310 -13.800800 0 -3.791260 4.209760 208.523000 1037.180000 -13 2750 1 0 1.000000
-12.733800 -8.831330 0 4.131200 -12.913000 216.176000 1037.310000 -13 2751 1 0 1.000000
-5.485550 2.935800 0 2.244600 20.435500 208.587000 1037.200000 -13 2752 1 0 1.000000
-0.881328 -1.125630 0 -10.904700 -9.772550 219.435000 1037.280000 -13 2753 1 0 1.000000
-14.473800 -8.671940 0 14.892200 -8.464820 208.786000 1037.340000 -13 2754 1 0 1.000000
-6.681550 -8.927460 0 12.264400 2.017600 217.644000 1037.090000 -13 2755 1 0 1.000000
-5.653320 -3.158330 0 -4.510920 14.419700 203.697000 1037.170000 -13 2756 1 0 1.000000
2.878260 -4.142420 0 -1.679720 3.317160 204.710000 1037.370000 -13 2757 1 0 1.000000
-14.501300 -17.515600 0 -11.629800 6.419620 212.001000 1037.250000 -13 2758 1 0 1.000000
-3.028880 -8.554250 0 -21.981300 -8.677310 208.139000 1037.300000 -13 2759 1 0 1.000000
-7.308780 -19.036100 0 -10.210400 -2.902930 227.974000 1037.110000 -13 2760 1 0 1.000000
2.166710 -12.530800 0 2.865170 -4.465690 206.292000 1037.200000 -13 2761 1 0 1.000000
-13.036400 -8.880620 0 0.614612 -11.131400 212.638000 1037.180000 -13 2762 1 0 1.000000
-17.802200 -17.195100 0 14.058200 3.402900 203.751000 1037.110000 -13 2763 1 0 1.000000
3.337850 -5.857920 0 5.469940 -7.782970 200.467000 1037.440000 -13 2764 1 0 1.000000
-28.302900 5.014410 0 7.251780 16.412100 211.262000 1037.260000 -13 2765 1 0 1.000000
-0.458497 -3.188790 0 7.796100 1.357460 204.504000 1037.070000 -13 2766 1 0 1.000000
-2.381470 -9.593220 0 12.904400 -4.337860 220.859000 1037.380000 -13 2767 1 0 1.000000
17.809200 -1.986680 0 -36.994400 -21.617900 234.654000 1037.190000 -13 2768 1 0 1.000000
-4.073990 -9.570080 0 6.267320 -8.346270 221.554000 1037.480000 -13 2769 1 0 1.000000
7.578070 -8.601250 0 -17.561800 -12.252200 212.429000 1037.270000 -13 2770 1 0 1.000000
-6.083460 -15.264300 0 -4.330880 -6.530930 208.261000 1037.130000 -13 2771 1 0 1.000000
-26.264400 1.084330 0 -0.490018 4.513060 218.950000 1037.350000 -13 2772 1 0 1.000000
-14.202400 -17.208600 0 7.014850 -21.105000 210.494000 1037.240000 -13 2773 1 0 1.000000
-9.438200 -10.038200 0 0.975753 -5.947530 225.161000 1037.230000 -13 2774 1 0 1.000000
-1.341780 -5.960050 0 -12.791300 1.017540 217.507000 1037.230000 -13 2775 1 0 1.000000
-12.268200 -6.848650 0 12.872800 -6.824190 218.442000 1037.260000 -13 2776 1 0 1.000000
-28.725900 -5.121290 0 9.479070 38.218700 226.312000 1037.260000 -13 2777 1 0 1.000000
-17.044400 -13.273300 0 -3.823140 0.873514 200.108000 1037.450000 -13 2778 1 0 1.000000
-4.441670 -13.318600 0 5.653100 -0.651434 213.095000 1037.290000 -13 2779 1 0 1.000000
2.046240 -8.227000 0 -15.929900 10.262600 196.742000 1037.140000 -13 2780 1 0 1.000000
-15.394500 -1.209040 0 -21.315400 -8.196820 210.951000 1037.040000 -13 2781 1 0 1.000000
-16.682900 -22.097100 0 -12.015300 -18.027200 223.555000 1037.150000 -13 2782 1 0 1.000000
-6.809160 -0.892885 0 -5.044430 -20.716300 201.832000 1037.140000 -13 2783 1 0 1.000000
-25.108000 -6.220390 0 -24.677100 -0.760678 218.375000 1037.090000 -13 2784 1 0 1.000000
5.955410 -7.644790 0 -6.995690 -7.464560 211.552000 1037.260000 -13 2785 1 0 1.000000
-8.021580 -3.779010 0 -3.181400 4.192000 198.929000 1037.380000 -13 2786 1 0 1.000000
-1.308670 -13.965400 0 1.782300 5.783950 220.809000 1037.340000 -13 2787 1 0 1.000000
-15.980200 -2.502080 0 7.047620 12.872900 203.420000 1037.040000 -13 2788 1 0 1.000000
-13.493800 -11.250100 0 -12.432900 0.454642 235.905000 1037.190000 -13 2789 1 0 1.000000
-7.778450 1.186290 0 0.162109 -7.833950 206.407000 1037.210000 -13 2790 1 0 1.000000
-3.311750 -9.546420 0 -4.980510 -14.193200 199.509000 1037.200000 -13 2791 1 0 1.000000
-14.948600 5.595440 0 -6.877180 -1.445370 192.031000 1037.190000 -13 2792 1 0 1.000000
0.164395 3.329550 0 4.138740 -7.948110 205.664000 1037.160000 -13 2793 1 0 1.000000
3.780830 -7.072990 0 11.124100 13.744200 198.559000 1037.190000 -13 2794 1 0 1.000000
-13.083100 -1.662200 0 -14.748800 10.196400 218.281000 1037.430000 -13 2795 1 0 1.000000
-15.055300 -17.671700 0 -18.233500 16.202600 223.555000 1037.270000 -13 2796 1 0 1.000000
-11.117600 -12.215100 0 0.552416 -17.548600 208.890000 1037.170000 -13 2797 1 0 1.000000
-8.733500 -9.668290 0 -14.143900 -8.631030 207.835000 1037.230000 -13 2798 1 0 1.000000
1.849940 -9.749660 0 -7.777610 0.946585 187.407000 1037.470000 -13 2799 1 0 1.000000
-11.437400 -12.218600 0 19.938000 4.585100 205.614000 1037.340000 -13 2800 1 0 1.000000
-4.979500 11.391700 0 1.814860 -4.603280 221.060000 1037.150000 -13 2801 1 0 1.000000
-7.369610 -4.829210 0 3.968640 -3.602090 212.985000 1037.160000 -13 2802 1 0 1.000000
-10.620200 -3.865770 0 15.937200 -5.625570 193.372000 1037.440000 -13 2803 1 0 1.000000
-19.896500 3.298160 0 3.612480 4.582780 200.565000 1037.070000 -13 2804 1 0 1.000000
-2.984350 -15.439600 0 9.190270 -9.160200 205.131000 1037.180000 -13 2805 1 0 1.000000
-11.464800 -3.994190 0 -1.133590 10.745900 201.753000 1037.180000 -13 2806 1 0 1.000000
-2.020970 -1.574070 0 0.911843 23.449400 213.541000 1037.060000 -13 2807 1 0 1.000000
-2.184750 -0.371424 0 8.744140 10.301400 195.598000 1037.240000 -13 2808 1 0 1.000000
-1.253120 -7.489880 0 4.402960 13.515000 200.323000 1037.280000 -13 2809 1 0 1.000000
-14.241400 -10.542900 0 -3.926280 4.911840 198.987000 1037.290000 -13 2810 1 0 1.000000
-3.101840 2.370690 0 14.924500 -19.524700 209.452000 1037.250000 -13 2811 1 0 1.000000
-7.600150 2.310600 0 15.046300 6.243200 209.246000 1037.190000 -13 2812 1 0 1.000000
10.150400 -14.547700 0 1.541690 -6.065540 201.240000 1037.220000 -13 2813 1 0 1.000000
-15.941000 -5.591530 0 -7.006590 4.599080 217.784000 1037.290000 -13 2814 1 0 1.000000
-16.342400 -7.447080 0 -3.922930 12.255400 201.821000 1037.270000 -13 2815 1 0 1.000000
-0.147179 -10.058000 0 10.696600 -13.830100 186.781000 1037.210000 -13 2816 1 0 1.000000
-2.396220 -27.926800 0 1.450280 -4.932620 192.787000 1037.410000 -13 2817 1 0 1.000000
4.147620 -2.061510 0 -0.951182 17.309000 212.035000 1037.090000 -13 2818 1 0 1.000000
-4.001650 -5.768130 0 19.085100 -3.544390 210.792000 1037.130000 -13 2819 1 0 1.000000
-3.544160 -12.128300 0 -17.135200 10.082000 222.534000 1037.220000 -13 2820 1 0 1.000000
-2.930140 -15.705600 0 -5.184910 9.113950 206.577000 1037.070000 -13 2821 1 0 1.000000
8.051930 -11.068100 0 -1.572360 -4.831820 214.958000 1037.290000 -13 2822 1 0 1.000000
-13.397200 -19.855000 0 21.897300 -12.717500 210.163000 1037.020000 -13 2823 1 0 1.000000
-1.330470 -10.549400 0 -4.000650 16.372900 195.674000 1037.500000 -13 2824 1 0 1.000000
-8.409840 -16.234300 0 22.776000 14.603700 212.276000 1037.240000 -13 2825 1 0 1.000000
-1.793340 -10.386100 0 12.408500 -4.171930 208.558000 1037.070000 -13 2826 1 0 1.000000
-2.826810 -4.033890 0 4.224790 -3.842800 222.243000 1037.170000 -13 2827 1 0 1.000000
-0.413554 -12.660200 0 -2.877450 12.788600 189.437000 1037.310000 -13 2828 1 0 1.000000
-0.933762 0.505612 0 1.332070 -0.554779 211.669000 1037.410000 -13 2829 1 0 1.000000
-6.010680 -9.927810 0 -4.827020 -15.235300 192.076000 1037.490000 -13 2830 1 0 1.000000
-12.888300 -0.566993 0 4.863460 -4.996030 194.078000 1037.210000 -13 2831 1 0 1.000000
-7.392970 -11.566100 0 -10.179900 10.639100 213.851000 1037.150000 -13 2832 1 0 1.000000
-0.972718 -1.004780 0 5.118190 -1.786860 206.296000 1037.230000 -13 2833 1 0 1.000000
-8.463220 -20.846200 0 2.713670 -6.036200 213.123000 1037.230000 -13 2834 1 0 1.000000
-3.598890 -28.097800 0 -15.416100 4.114800 202.600000 1037.210000 -13 2835 1 0 1.000000
11.133700 -9.589100 0 4.147740 -3.196960 214.157000 1037.070000 -13 2836 1 0 1.000000
-1.549660 -14.979600 0 -5.716560 -2.640400 193.151000 1037.410000 -13 2837 1 0 1.000000
-13.639200 0.215638 0 1.291140 -2.139000 195.037000 1037.380000 -13 2838 1 0 1.000000
-9.530260 -10.590600 0 0.301002 -12.975700 202.888000 1037.530000 -13 2839 1 0 1.000000
21.079800 11.677700 0 -7.475470 5.274360 216.843000 1037.260000 -13 2840 1 0 1.000000
-17.953100 -12.500400 0 3.635340 1.229060 215.932000 1037.180000 -13 2841 1 0 1.000000
-2.814770 8.268930 0 3.745420 -2.863200 207.393000 1037.470000 -13 2842 1 0 1.000000
3.026310 3.488760 0 13.765700 12.617000 187.086000 1037.090000 -13 2843 1 0 1.000000
-10.533700 3.370500 0 18.257000 -0.237747 203.037000 1037.120000 -13 2844 1 0 1.000000
-13.040700 -10.139200 0 1.938540 1.849800 210.566000 1037.130000 -13 2845 1 0 1.000000
-9.230790 -0.911913 0 25.397100 -7.421300 204.516000 1037.280000 -13 2846 1 0 1.000000
-6.442350 -0.342859 0 11.989200 -40.056200 225.636000 1037.440000 -13 2847 1 0 1.000000
0.979689 -26.176600 0 -15.597000 4.501370 199.379000 1037.060000 -13 2848 1 0 1.000000
-16.162800 -4.326110 0 1.280450 -1.838360 200.044000 1037.090000 -13 2849 1 0 1.000000
4.381300 -6.532030 0 -2.821290 9.440980 213.669000 1037.120000 -13 2850 1 0 1.000000
-14.590200 8.154650 0 -2.441130 8.689090 208.573000 1037.110000 -13 2851 1 0 1.000000
-1.442530 -6.919130 0 -9.760370 -18.207300 215.894000 1037.230000 -13 2852 1 0 1.000000
-6.592290 -10.597200 0 -3.494060 16.611900 213.889000 1037.090000 -13 2853 1 0 1.000000
-5.871600 -4.348100 0 15.354000 -14.640800 218.836000 1037.130000 -13 2854 1 0 1.000000
-15.491600 -16.604100 0 3.626030 12.740900 206.867000 1037.240000 -13 2855 1 0 1.000000
5.558100 -9.083050 0 0.827767 2.023620 224.901000 1037.200000 -13 2856 1 0 1.000000
-14.702300 -3.760260 0 -13.463200 8.375020 215.917000 1037.190000 -13 2857 1 0 1.000000
-16.384000 -21.696900 0 4.633060 9.945670 208.035000 1037.230000 -13 2858 1 0 1.000000
5.031730 1.049250 0 -18.446100 -0.053835 196.711000 1037.240000 -13 2859 1 0 1.000000
-3.208420 15.044800 0 10.526400 6.451950 198.648000 1037.440000 -13 2860 1 0 1.000000
-14.954300 -14.027000 0 3.469390 25.185500 236.968000 1037.090000 -13 2861 1 0 1.000000
-4.598970 3.069950 0 18.587900 -13.064800 199.658000 1037.320000 -13 2862 1 0 1.000000
-9.079870 -6.506730 0 -6.552010 9.656020 196.138000 1037.170000 -13 2863 1 0 1.000000
5.755170 -10.229000 0 8.185150 -4.331280 200.630000 1037.250000 -13 2864 1 0 1.000000
-13.002000 7.239250 0 6.078100 2.867440 215.310000 1037.210000 -13 2865 1 0 1.000000
-17.116500 -15.665300 0 17.585500 6.601570 201.611000 1037.210000 -13 2866 1 0 1.000000
-21.821300 0.277176 0 -6.503430 -2.654840 203.483000 1037.220000 -13 2867 1 0 1.000000
-13.825900 -7.122880 0 0.284141 -0.380265 198.926000 1037.150000 -13 2868 1 0 1.000000
-5.545430 -10.260300 0 -3.253940 9.611480 194.163000 1037.240000 -13 2869 1 0 1.000000
-0.782139 -3.814230 0 -1.350010 -11.003200 193.096000 1037.290000 -13 2870 1 0 1.000000
-13.929600 -7.120300 0 -1.417510 6.395180 202.718000 1037.350000 -13 2871 1 0 1.000000
-2.543310 -13.100800 0 -12.283000 12.053200 192.979000 1037.160000 -13 2872 1 0 1.000000
6.237820 -13.849200 0 0.185336 7.485840 205.996000 1037.240000 -13 2873 1 0 1.000000
0.732812 -8.828550 0 31.861400 16.183200 198.130000 1037.190000 -13 2874 1 0 1.000000
-10.343300 -0.569556 0 19.366200 4.917060 210.918000 1037.270000 -13 2875 1 0 1.000000
-0.934080 3.861660 0 10.370300 -7.404380 196.118000 1037.260000 -13 2876 1 0 1.000000
5.673690 -13.122600 0 0.305625 -22.169400 204.753000 1037.360000 -13 2877 1 0 1.000000
8.160780 -18.156200 0 -11.031800 -10.301200 200.667000 1037.010000 -13 2878 1 0 1.000000
-0.325325 -17.839700 0 17.347500 -16.697300 210.237000 1037.260000 -13 2879 1 0 1.000000
-5.587290 -5.051430 0 14.791600 6.419410 222.487000 1036.980000 -13 2880 1 0 1.000000
-11.427300 -0.011762 0 -1.374100 -11.692800 206.313000 1037.300000 -13 2881 1 0 1.000000
-14.745800 -10.870900 0 -5.007210 -10.856300 215.398000 1036.950000 -13 2882 1 0 1.000000
-3.097300 -9.247740 0 -15.115100 20.072400 214.292000 1037.130000 -13 2883 1 0 1.000000
2.683740 -1.470020 0 -2.904580 -5.522970 224.408000 1037.510000 -13 2884 1 0 1.000000
-6.292190 -11.769700 0 4.713660 -3.959070 217.479000 1037.200000 -13 2885 1 0 1.000000
-3.401220 -19.798100 0 -4.821320 -16.607000 227.381000 1037.320000 -13 2886 1 0 1.000000
-14.228500 -17.821200 0 -1.425190 -16.937700 191.751000 1037.510000 -13 2887 1 0 1.000000
-9.578850 9.975680 0 -0.821502 -4.776820 196.182000 1037.120000 -13 2888 1 0 1.000000
7.350780 -9.003740 0 8.821110 -2.984580 213.435000 1037.130000 -13 2889 1 0 1.000000
-15.817500 -12.490000 0 -6.695770 0.636004 217.538000 1037.230000 -13 2890 1 0 1.000000
8.453220 -3.707970 0 5.883300 -17.719200 185.835000 1037.380000 -13 2891 1 0 1.000000
-8.022260 -26.471100 0 -24.850200 17.066200 229.956000 1037.190000 -13 2892 1 0 1.000000
-23.801600 -5.666710 0 0.903348 2.944750 215.514000 1037.440000 -13 2893 1 0 1.000000
1.242140 -8.884710 0 -12.194800 -9.731510 207.529000 1037.200000 -13 2894 1 0 1.000000
-15.153900 -13.079400 0 -19.315400 -3.568040 217.987000 1037.190000 -13 2895 1 0 1.000000
-5.326530 -12.782800 0 -3.984100 9.110040 206.718000 1037.160000 -13 2896 1 0 1.000000
-4.901740 -12.708300 0 11.914700 -6.233900 217.359000 1037.130000 -13 2897 1 0 1.000000
-6.129280 -10.120600 0 1.957730 -5.676740 211.467000 1037.370000 -13 2898 1 0 1.000000
-2.766960 -7.873840 0 -24.607400 6.525050 198.101000 1037.080000 -13 2899 1 0 1.000000
1.061460 -2.803570 0 4.770440 7.026360 197.082000 1037.300000 -13 2900 1 0 1.000000
7.786680 10.810400 0 -12.806400 -11.575700 199.149000 1037.310000 -13 2901 1 0 1.000000
4.268210 -6.346320 0 12.642100 9.051620 194.828000 1037.410000 -13 2902 1 0 1.000000
5.235400 2.420280 0 -1.999370 -10.273900 216.874000 1037.120000 -13 2903 1 0 1.000000
-11.964500 -4.494820 0 37.345700 39.747600 226.266000 1037.220000 -13 2904 1 0 1.000000
-11.138800 2.883700 0 0.951535 2.440320 200.879000 1037.150000 -13 2905 1 0 1.000000
-2.326240 -9.714200 0 13.917300 0.644118 190.353000 1037.190000 -13 2906 1 0 1.000000
-12.510400 -17.763400 0 -30.265200 -9.314190 185.590000 1037.110000 -13 2907 1 0 1.000000
-6.016440 -3.784140 0 8.221580 8.488840 187.167000 1037.390000 -13 2908 1 0 1.000000
-0.487956 5.881800 0 -3.756140 -3.054080 210.024000 1037.330000 -13 2909 1 0 1.000000
-11.496600 -10.247300 0 9.780890 0.826326 199.120000 1037.290000 -13 2910 1 0 1.000000
2.611440 -7.933790 0 -2.835900 7.345310 211.278000 1037.210000 -13 2911 1 0 1.000000
-6.077970 -10.207700 0 6.853660 1.739030 199.895000 1037.490000 -13 2912 1 0 1.000000
-9.423240 -0.705123 0 4.979330 -6.014120 194.400000 1037.340000 -13 2913 1 0 1.000000
-9.568010 -9.957330 0 7.886710 4.171700 210.004000 1037.410000 -13 2914 1 0 1.000000
-11.882800 -11.464300 0 6.257800 7.952860 205.920000 1037.260000 -13 2915 1 0 1.000000
-7.552750 -0.390928 0 -6.128950 -12.682100 210.449000 1037.050000 -13 2916 1 0 1.000000
-15.469000 -14.857300 0 -10.493800 -17.997900 223.072000 1037.080000 -13 2917 1 0 1.000000
-9.551470 -6.449610 0 -1.603550 7.339140 196.721000 1037.390000 -13 2918 1 0 1.000000
-4.912820 5.621710 0 -1.332130 -6.214970 205.468000 1037.190000 -13 2919 1 0 1.000000
-5.809490 -11.218400 0 8.676770 6.791380 203.424000 1037.290000 -13 2920 1 0 1.000000
5.662350 -4.170440 0 -8.319370 -18.893800 215.387000 1037.110000 -13 2921 1 0 1.000000
-15.593400 2.999600 0 -5.971690 -3.704330 220.617000 1037.340000 -13 2922 1 0 1.000000
-11.179500 -16.501500 0 -15.734000 -3.848480 211.012000 1037.040000 -13 2923 1 0 1.000000
-13.332600 2.225710 0 -5.343290 5.041840 208.014000 1037.250000 -13 2924 1 0 1.000000
