#BLTrackFile solenoid_cooling_channel
#x y z Px Py Pz t PDGid EvNum TrkId Parent weight
-1.023070 -1.542230 0 0.000000 0.000000 195.000000 1793.780000 -13 1 1 0 1.000000
-0.231936 -4.137260 0 -2.104920 -3.495240 201.610000 1793.820000 -13 2 1 0 1.000000
-2.545490 0.836801 0 -0.860010 -7.158140 195.796000 1793.900000 -13 3 1 0 1.000000
-4.485930 -1.168750 0 -12.284000 -7.459250 186.599000 1793.840000 -13 4 1 0 1.000000
-3.187510 -3.732200 0 2.935540 -14.848700 187.162000 1793.810000 -13 5 1 0 1.000000
1.990840 -3.468570 0 2.594890 11.996600 175.630000 1793.750000 -13 6 1 0 1.000000
-0.786005 -1.182730 0 3.145950 13.470100 205.710000 1793.800000 -13 7 1 0 1.000000
-1.321820 -1.856380 0 -12.625900 1.219780 195.960000 1793.850000 -13 8 1 0 1.000000
1.145080 0.016693 0 -4.892290 9.656750 183.080000 1793.780000 -13 9 1 0 1.000000
-4.357650 -1.172940 0 1.967990 -14.558300 188.178000 1793.850000 -13 10 1 0 1.000000
0.676876 1.912260 0 -9.118190 -10.384600 194.911000 1793.800000 -13 11 1 0 1.000000
-1.350230 -4.927050 0 9.654320 -1.368290 201.682000 1793.710000 -13 12 1 0 1.000000
-1.063240 -2.316100 0 7.432790 8.384160 180.898000 1793.850000 -13 13 1 0 1.000000
-1.287090 -3.681690 0 9.216550 -1.716720 197.855000 1793.830000 -13 14 1 0 1.000000
1.229090 -0.218371 0 1.062350 26.180100 190.003000 1793.760000 -13 15 1 0 1.000000
-2.078020 1.766990 0 -3.685220 -7.964940 210.035000 1793.790000 -13 16 1 0 1.000000
-0.410978 -1.490970 0 -16.358100 3.207990 197.136000 1793.700000 -13 17 1 0 1.000000
0.952067 -0.360112 0 -0.348098 -13.241300 183.061000 1793.640000 -13 18 1 0 1.000000
1.514380 2.691910 0 0.742855 -7.630940 195.393000 1793.830000 -13 19 1 0 1.000000
-2.699070 -2.794470 0 -5.044190 -11.046700 185.415000 1793.820000 -13 20 1 0 1.000000
-3.390220 0.324610 0 -14.804200 -5.712600 179.846000 1793.720000 -13 21 1 0 1.000000
-1.547790 -1.764540 0 5.475670 -19.053100 185.984000 1793.760000 -13 22 1 0 1.000000
-1.137340 -0.267044 0 6.004030 10.071200 190.776000 1793.910000 -13 23 1 0 1.000000
-2.010860 0.478064 0 -16.491900 1.419420 186.983000 1793.630000 -13 24 1 0 1.000000
-2.185160 0.905580 0 -1.032800 -8.119220 185.838000 1793.930000 -13 25 1 0 1.000000
-3.306900 0.057300 0 -12.810000 2.518810 188.495000 1793.890000 -13 26 1 0 1.000000
1.153730 -4.120720 0 11.519100 -2.853290 198.273000 1793.850000 -13 27 1 0 1.000000
-0.513508 -3.543120 0 0.430362 12.174500 184.998000 1793.860000 -13 28 1 0 1.000000
0.609453 -0.923339 0 -6.163190 10.853700 192.448000 1793.720000 -13 29 1 0 1.000000
-2.093160 -0.597083 0 -6.582900 -8.595470 182.808000 1793.900000 -13 30 1 0 1.000000
0.616153 -3.433790 0 -11.840000 7.124560 188.735000 1793.880000 -13 31 1 0 1.000000
2.612860 -1.439390 0 20.757700 23.036000 192.302000 1793.660000 -13 32 1 0 1.000000
-2.303740 -1.943900 0 -3.210480 5.790740 188.152000 1793.760000 -13 33 1 0 1.000000
-0.602430 -2.938430 0 14.849700 1.426970 191.821000 1793.740000 -13 34 1 0 1.000000
-1.453690 -2.298460 0 0.479607 -14.160400 186.591000 1793.780000 -13 35 1 0 1.000000
-1.379720 -5.489670 0 -14.852200 2.222010 198.557000 1793.670000 -13 36 1 0 1.000000
0.069769 -0.721901 0 -16.881100 6.092320 172.330000 1793.790000 -13 37 1 0 1.000000
-1.876780 -1.295730 0 -9.843240 -2.160970 184.843000 1793.960000 -13 38 1 0 1.000000
-1.661840 -2.059930 0 -4.668850 -13.514400 184.540000 1793.750000 -13 39 1 0 1.000000
0.446873 0.785059 0 8.828550 -1.188440 196.331000 1793.850000 -13 40 1 0 1.000000
-2.461140 -1.806800 0 -12.728000 -19.829800 185.628000 1793.780000 -13 41 1 0 1.000000
0.994302 -0.109464 0 -11.358000 -1.735640 190.874000 1793.820000 -13 42 1 0 1.000000
-3.456100 -1.125220 0 4.939910 -1.587570 201.428000 1793.850000 -13 43 1 0 1.000000
-1.021530 0.143656 0 -8.818380 -3.156320 197.739000 1793.690000 -13 44 1 0 1.000000
-0.777907 -1.391360 0 6.256840 4.666530 193.203000 1793.620000 -13 45 1 0 1.000000
-0.396891 -1.073330 0 -16.607300 -5.365670 200.977000 1793.670000 -13 46 1 0 1.000000
-2.000250 -2.211770 0 20.660300 -9.564100 179.071000 1793.730000 -13 47 1 0 1.000000
-2.123010 -2.664500 0 -2.564960 -3.631580 187.407000 1793.750000 -13 48 1 0 1.000000
0.285032 0.714310 0 -17.452600 -6.751430 185.682000 1793.720000 -13 49 1 0 1.000000
-3.030280 -0.883994 0 -4.692890 -6.139390 188.288000 1793.830000 -13 50 1 0 1.000000
-2.737000 -4.515730 0 11.479000 8.140020 199.898000 1793.840000 -13 51 1 0 1.000000
-1.192270 0.136715 0 12.483700 7.674720 199.101000 1793.670000 -13 52 1 0 1.000000
1.289960 -1.383020 0 -5.578400 16.517700 198.320000 1793.770000 -13 53 1 0 1.000000
-0.335859 -1.237660 0 4.694580 -3.789450 190.993000 1793.790000 -13 54 1 0 1.000000
-0.306220 -1.595070 0 -21.491600 -10.458000 185.692000 1793.830000 -13 55 1 0 1.000000
-1.722870 -2.426270 0 4.542180 -15.022100 178.660000 1793.670000 -13 56 1 0 1.000000
-2.997520 -1.018800 0 1.321470 -9.920020 185.852000 1793.730000 -13 57 1 0 1.000000
0.941997 -3.033550 0 7.824100 2.596580 178.587000 1793.710000 -13 58 1 0 1.000000
0.783933 -2.467980 0 -1.915290 25.418000 206.244000 1793.780000 -13 59 1 0 1.000000
-1.002250 -0.739534 0 -16.399000 19.252900 200.372000 1793.940000 -13 60 1 0 1.000000
-1.869750 1.983740 0 -8.383720 -0.522564 186.356000 1793.810000 -13 61 1 0 1.000000
-2.654700 0.849900 0 -12.139700 6.657010 181.462000 1793.700000 -13 62 1 0 1.000000
-0.033976 -0.607891 0 1.811310 6.094800 188.205000 1793.920000 -13 63 1 0 1.000000
-3.096090 -0.748728 0 -1.736230 16.313700 188.238000 1793.920000 -13 64 1 0 1.000000
-0.722027 -3.952850 0 6.675000 -19.585600 189.684000 1793.800000 -13 65 1 0 1.000000
-2.200050 -1.166750 0 0.766263 -6.005710 190.351000 1793.840000 -13 66 1 0 1.000000
-4.083090 -2.894840 0 3.650550 -15.636300 190.846000 1793.850000 -13 67 1 0 1.000000
-1.673120 -1.039370 0 8.717500 -6.899130 195.609000 1793.850000 -13 68 1 0 1.000000
-0.369479 -3.803190 0 3.847180 -26.912800 194.451000 1793.830000 -13 69 1 0 1.000000
-1.263550 -5.568490 0 15.586700 -29.922900 200.764000 1793.700000 -13 70 1 0 1.000000
-1.523670 -0.610895 0 -16.409400 -9.579420 188.832000 1793.850000 -13 71 1 0 1.000000
0.517222 -3.681060 0 -2.988690 -4.766780 177.909000 1793.850000 -13 72 1 0 1.000000
-1.349270 -3.837130 0 3.187390 -15.194200 183.974000 1793.660000 -13 73 1 0 1.000000
-1.860650 -1.024760 0 3.957720 -9.409520 188.767000 1793.930000 -13 74 1 0 1.000000
-1.786080 -0.868234 0 -1.165780 5.343980 201.529000 1793.840000 -13 75 1 0 1.000000
0.166821 -4.897640 0 -10.897300 17.339900 204.742000 1793.830000 -13 76 1 0 1.000000
0.936029 1.849050 0 -10.947700 -6.800440 193.755000 1793.850000 -13 77 1 0 1.000000
-1.033260 -2.821940 0 -0.365327 -18.221300 185.952000 1793.600000 -13 78 1 0 1.000000
0.510609 -3.145570 0 11.779000 -7.921630 208.446000 1793.730000 -13 79 1 0 1.000000
2.909660 -2.365390 0 17.087600 2.699520 185.825000 1793.960000 -13 80 1 0 1.000000
-0.604963 -0.541922 0 11.075600 4.928970 196.366000 1793.820000 -13 81 1 0 1.000000
-1.303050 -0.411893 0 -11.780300 1.835970 199.995000 1793.860000 -13 82 1 0 1.000000
3.019690 -0.582690 0 -4.681130 -10.472000 208.493000 1793.700000 -13 83 1 0 1.000000
-4.098700 0.850317 0 7.092940 13.535200 196.032000 1793.780000 -13 84 1 0 1.000000
0.427385 -0.961721 0 15.062700 -8.333500 178.679000 1793.720000 -13 85 1 0 1.000000
2.487980 -0.026846 0 9.932380 -4.374380 201.191000 1793.810000 -13 86 1 0 1.000000
-0.025688 -4.080100 0 10.091400 10.812200 187.127000 1793.800000 -13 87 1 0 1.000000
0.208711 -1.431620 0 7.922690 -15.890900 179.254000 1793.770000 -13 88 1 0 1.000000
1.202840 -1.833070 0 -11.697500 8.411160 208.233000 1793.840000 -13 89 1 0 1.000000
1.790050 -2.627920 0 7.467530 0.578062 199.490000 1793.850000 -13 90 1 0 1.000000
-0.944398 -1.484030 0 1.990350 0.627625 189.152000 1793.710000 -13 91 1 0 1.000000
0.120815 -1.513370 0 8.246840 -0.438743 192.506000 1793.810000 -13 92 1 0 1.000000
1.803640 -1.389690 0 11.930100 8.951400 185.120000 1793.880000 -13 93 1 0 1.000000
3.186610 -4.436040 0 10.111800 0.345567 184.687000 1793.880000 -13 94 1 0 1.000000
0.558762 -1.023790 0 -2.318690 4.502450 206.790000 1793.630000 -13 95 1 0 1.000000
-0.987531 -2.060530 0 -8.610920 15.574100 208.740000 1793.680000 -13 96 1 0 1.000000
-2.413550 -0.828971 0 6.629570 -26.647100 189.569000 1793.940000 -13 97 1 0 1.000000
-2.261130 -1.539610 0 17.042300 -3.479260 200.580000 1793.800000 -13 98 1 0 1.000000
-3.095130 -0.495426 0 -2.597120 31.106800 207.937000 1793.840000 -13 99 1 0 1.000000
1.630200 -0.007128 0 -5.526160 -10.020300 183.403000 1793.870000 -13 100 1 0 1.000000
5.011330 -2.272220 0 -6.269550 -12.626000 189.893000 1793.840000 -13 101 1 0 1.000000
-4.773400 -0.828716 0 12.725300 -12.062800 192.786000 1793.860000 -13 102 1 0 1.000000
-1.077000 -0.623314 0 5.668320 -13.409200 191.145000 1793.610000 -13 103 1 0 1.000000
0.081431 -0.099261 0 -6.162690 1.625130 207.806000 1793.830000 -13 104 1 0 1.000000
-0.999748 -0.661598 0 -17.970000 -9.880290 190.787000 1793.680000 -13 105 1 0 1.000000
-2.118320 -5.037670 0 10.622800 -4.875930 187.763000 1793.900000 -13 106 1 0 1.000000
-3.220900 -0.612413 0 -0.366485 -22.545100 209.620000 1793.900000 -13 107 1 0 1.000000
0.963350 -3.442470 0 -9.916810 -10.481200 205.803000 1793.840000 -13 108 1 0 1.000000
-0.417181 -4.685550 0 -17.118000 7.698650 184.181000 1793.780000 -13 109 1 0 1.000000
-0.974512 -2.618250 0 -3.763520 -7.655100 191.892000 1793.830000 -13 110 1 0 1.000000
-0.220376 -3.520610 0 10.044000 7.956320 183.839000 1793.830000 -13 111 1 0 1.000000
0.203069 -2.418780 0 -17.719500 -7.806770 207.664000 1793.730000 -13 112 1 0 1.000000
0.169244 -2.485590 0 -6.579640 -13.559600 197.382000 1793.810000 -13 113 1 0 1.000000
1.043510 -2.461580 0 -10.187000 -3.159490 180.536000 1793.880000 -13 114 1 0 1.000000
0.646210 -1.490700 0 1.835180 -9.782910 188.627000 1793.960000 -13 115 1 0 1.000000
-0.714665 -2.473010 0 -5.079260 -11.904500 193.569000 1793.780000 -13 116 1 0 1.000000
-1.265110 -2.093410 0 -2.627050 -1.830370 202.595000 1793.940000 -13 117 1 0 1.000000
-0.180836 -4.196120 0 17.079700 11.379800 194.311000 1793.840000 -13 118 1 0 1.000000
-3.876020 0.570888 0 2.338280 3.849090 197.406000 1793.530000 -13 119 1 0 1.000000
-4.654650 2.027860 0 0.398736 7.183860 195.584000 1793.810000 -13 120 1 0 1.000000
0.607314 -2.119260 0 -4.536410 24.523300 181.810000 1793.860000 -13 121 1 0 1.000000
-2.478760 -1.851020 0 16.043600 10.122300 179.579000 1793.800000 -13 122 1 0 1.000000
-4.737740 -0.210490 0 7.309070 -15.046100 193.184000 1793.730000 -13 123 1 0 1.000000
-0.366963 -0.781934 0 7.816880 14.944500 189.499000 1793.840000 -13 124 1 0 1.000000
-2.969740 -0.925083 0 -1.048610 -13.952300 191.943000 1793.750000 -13 125 1 0 1.000000
-2.217230 -3.387240 0 16.471200 -18.399000 211.989000 1793.800000 -13 126 1 0 1.000000
0.746778 1.775530 0 -13.845700 7.129690 193.681000 1793.850000 -13 127 1 0 1.000000
0.344223 -2.132960 0 -19.690600 12.157400 179.507000 1793.780000 -13 128 1 0 1.000000
-2.663190 -1.751160 0 -7.053540 3.451560 205.600000 1793.730000 -13 129 1 0 1.000000
1.396060 -3.296070 0 -17.590500 -3.878210 185.914000 1793.670000 -13 130 1 0 1.000000
-2.028810 -2.992660 0 -0.858349 24.022900 174.851000 1793.780000 -13 131 1 0 1.000000
-4.297540 -2.832060 0 4.722220 -19.256000 203.559000 1793.810000 -13 132 1 0 1.000000
-2.344390 -1.152340 0 -10.547200 4.857400 184.615000 1793.760000 -13 133 1 0 1.000000
-2.805500 0.303124 0 -9.001800 1.781730 186.409000 1793.780000 -13 134 1 0 1.000000
-0.577321 -1.148520 0 -3.376210 6.041210 192.190000 1793.790000 -13 135 1 0 1.000000
-0.704556 -2.293020 0 7.039340 14.818000 192.463000 1793.890000 -13 136 1 0 1.000000
-1.604230 -5.471590 0 1.172370 11.689300 201.963000 1793.890000 -13 137 1 0 1.000000
-0.213818 -1.709700 0 6.044490 12.730400 188.706000 1793.820000 -13 138 1 0 1.000000
-0.343371 -2.228460 0 -7.457700 -6.455540 176.973000 1793.790000 -13 139 1 0 1.000000
-1.048990 0.046014 0 -17.101100 3.496710 221.061000 1793.810000 -13 140 1 0 1.000000
-0.004047 0.734977 0 0.372947 11.823600 181.847000 1793.870000 -13 141 1 0 1.000000
-1.000420 0.610569 0 24.459900 16.987600 188.765000 1793.770000 -13 142 1 0 1.000000
0.406193 -0.496500 0 4.179810 -2.099980 194.659000 1793.910000 -13 143 1 0 1.000000
-0.235115 -0.650839 0 9.667170 9.499270 196.556000 1793.870000 -13 144 1 0 1.000000
-3.697650 -4.223370 0 -8.379830 -0.994059 199.576000 1793.800000 -13 145 1 0 1.000000
-0.438799 -1.706490 0 -0.863669 -8.071440 180.801000 1793.760000 -13 146 1 0 1.000000
-1.211190 2.704820 0 7.283560 0.007944 192.737000 1793.900000 -13 147 1 0 1.000000
-0.819579 -3.675940 0 21.722200 -4.628870 181.055000 1793.720000 -13 148 1 0 1.000000
1.225910 -1.254550 0 -12.441300 -6.866220 194.116000 1793.680000 -13 149 1 0 1.000000
1.581700 -2.708370 0 2.940400 -2.185840 191.714000 1793.850000 -13 150 1 0 1.000000
-1.155180 1.644670 0 -0.021899 6.629180 207.040000 1793.760000 -13 151 1 0 1.000000
1.297140 -0.358677 0 5.444990 4.854000 192.476000 1793.680000 -13 152 1 0 1.000000
1.235600 -3.143970 0 1.309990 6.489220 175.474000 1793.800000 -13 153 1 0 1.000000
-1.798770 -0.907609 0 2.302490 -2.380450 191.247000 1793.830000 -13 154 1 0 1.000000
-2.781490 -6.419390 0 6.688210 -2.675090 201.339000 1793.850000 -13 155 1 0 1.000000
1.600270 -3.957880 0 16.854400 -12.178600 194.224000 1793.780000 -13 156 1 0 1.000000
2.188330 -1.517590 0 5.888970 18.961600 184.410000 1793.730000 -13 157 1 0 1.000000
1.592520 -0.233483 0 -15.324800 20.610100 185.818000 1793.840000 -13 158 1 0 1.000000
-1.949180 -0.953136 0 6.576560 -3.561890 189.177000 1793.980000 -13 159 1 0 1.000000
0.253944 -2.809700 0 6.777240 0.535777 185.069000 1793.770000 -13 160 1 0 1.000000
-2.813910 -1.718150 0 -2.072630 14.335600 184.962000 1793.680000 -13 161 1 0 1.000000
-3.080160 -3.512000 0 -5.649740 16.689400 208.014000 1793.800000 -13 162 1 0 1.000000
-0.491219 -2.251530 0 19.585600 -20.677500 183.485000 1793.830000 -13 163 1 0 1.000000
-1.113320 -1.637660 0 -16.642400 -6.469560 199.540000 1793.780000 -13 164 1 0 1.000000
-0.120726 2.660780 0 -16.686900 14.786900 207.997000 1793.860000 -13 165 1 0 1.000000
-0.917450 0.843151 0 -14.416300 21.951300 182.572000 1793.780000 -13 166 1 0 1.000000
0.416932 -3.513410 0 -0.041807 9.765950 187.949000 1793.850000 -13 167 1 0 1.000000
-2.468200 -4.713930 0 1.945830 -28.416400 203.919000 1793.680000 -13 168 1 0 1.000000
-4.184750 0.632835 0 -13.541400 -8.294700 199.077000 1793.820000 -13 169 1 0 1.000000
-2.912520 -3.123030 0 -5.654710 -1.042430 197.500000 1793.810000 -13 170 1 0 1.000000
-3.456280 -2.375010 0 15.594200 -12.018200 201.403000 1793.730000 -13 171 1 0 1.000000
0.233841 -1.332950 0 -1.473190 -15.936200 184.710000 1793.860000 -13 172 1 0 1.000000
0.094893 -4.841110 0 -8.804740 -12.142800 185.630000 1793.740000 -13 173 1 0 1.000000
-1.615200 -2.073890 0 -13.828000 -13.999600 190.704000 1793.730000 -13 174 1 0 1.000000
-1.928850 -4.435810 0 -5.071650 -9.205580 196.256000 1793.740000 -13 175 1 0 1.000000
-2.930580 3.192140 0 -5.565770 -4.355350 192.165000 1793.940000 -13 176 1 0 1.000000
-3.383560 -1.965670 0 13.909500 9.590820 186.167000 1793.780000 -13 177 1 0 1.000000
-0.655133 -1.909120 0 1.941980 -6.065950 186.382000 1793.840000 -13 178 1 0 1.000000
0.164456 -1.853150 0 28.913300 7.074920 180.335000 1793.660000 -13 179 1 0 1.000000
0.814254 -4.014660 0 9.512970 6.265600 181.745000 1793.690000 -13 180 1 0 1.000000
-1.422700 -0.488906 0 -6.558790 10.049600 193.041000 1793.860000 -13 181 1 0 1.000000
-0.969110 1.449920 0 -33.763000 5.521470 177.465000 1793.810000 -13 182 1 0 1.000000
2.422140 0.666526 0 0.416568 2.844000 184.584000 1793.550000 -13 183 1 0 1.000000
-1.206690 -2.208710 0 8.988280 -9.162230 183.097000 1793.840000 -13 184 1 0 1.000000
-2.026650 -0.431066 0 5.819970 -7.604220 198.584000 1793.770000 -13 185 1 0 1.000000
1.897520 -1.899410 0 18.981400 8.570210 176.866000 1793.830000 -13 186 1 0 1.000000
-1.015050 -2.494350 0 2.126530 -12.041400 185.968000 1793.960000 -13 187 1 0 1.000000
-1.556220 1.606330 0 -6.576740 2.388780 190.788000 1793.940000 -13 188 1 0 1.000000
-2.012070 -1.856850 0 16.622900 -10.234600 193.676000 1793.620000 -13 189 1 0 1.000000
1.367030 -1.464440 0 -13.533800 8.735460 200.956000 1793.820000 -13 190 1 0 1.000000
-0.898716 1.109040 0 -11.158700 7.958330 205.560000 1793.830000 -13 191 1 0 1.000000
-0.649464 -0.304782 0 0.960052 -2.781500 200.149000 1793.840000 -13 192 1 0 1.000000
-1.345340 -2.348490 0 -14.652900 -3.435610 187.254000 1793.890000 -13 193 1 0 1.000000
0.531026 -0.373592 0 -2.770580 15.654800 195.820000 1793.780000 -13 194 1 0 1.000000
-3.623650 2.937350 0 -4.931110 -9.953140 188.389000 1793.770000 -13 195 1 0 1.000000
-2.365060 -4.333740 0 6.538240 -7.025020 193.438000 1793.770000 -13 196 1 0 1.000000
-0.569154 -1.092820 0 -16.850400 26.492900 174.272000 1793.730000 -13 197 1 0 1.000000
-1.510100 -4.950570 0 19.600500 -4.173480 200.151000 1793.870000 -13 198 1 0 1.000000
-4.329560 -0.016264 0 -6.994910 -5.821940 196.344000 1793.720000 -13 199 1 0 1.000000
-2.333080 2.177380 0 14.974900 4.922050 192.614000 1793.870000 -13 200 1 0 1.000000
-0.112073 -1.772610 0 -8.201780 -18.594600 186.342000 1793.750000 -13 201 1 0 1.000000
1.226990 -2.099280 0 -12.643600 -12.130400 176.835000 1793.730000 -13 202 1 0 1.000000
-2.220440 -3.178340 0 -15.185400 -8.982670 186.433000 1793.680000 -13 203 1 0 1.000000
0.826723 -0.469669 0 14.124100 22.615400 191.523000 1793.820000 -13 204 1 0 1.000000
-1.441970 -0.334685 0 7.597630 -11.369000 193.096000 1793.790000 -13 205 1 0 1.000000
-0.637884 -1.272240 0 -3.744530 16.055300 202.130000 1793.900000 -13 206 1 0 1.000000
-0.713244 -4.196450 0 -4.561760 -7.485180 189.894000 1793.740000 -13 207 1 0 1.000000
-0.135093 -2.895620 0 -0.402577 4.644380 183.361000 1793.770000 -13 208 1 0 1.000000
0.764042 -0.965473 0 -9.149980 -7.489230 184.887000 1793.670000 -13 209 1 0 1.000000
0.796748 -2.374050 0 -16.564500 -12.651500 181.768000 1793.840000 -13 210 1 0 1.000000
-2.396210 -3.653520 0 4.722710 7.918610 188.997000 1793.800000 -13 211 1 0 1.000000
-1.263970 -0.088051 0 -23.368500 -6.019640 177.362000 1793.830000 -13 212 1 0 1.000000
-3.338740 2.226400 0 -0.047185 -9.088740 193.296000 1793.770000 -13 213 1 0 1.000000
-0.171965 -1.322180 0 6.954190 1.566330 207.540000 1793.830000 -13 214 1 0 1.000000
-2.322750 -1.191320 0 -8.743930 18.803700 198.292000 1793.780000 -13 215 1 0 1.000000
-1.158480 -1.311220 0 1.761690 -1.223950 201.671000 1793.690000 -13 216 1 0 1.000000
-0.038804 -0.018790 0 6.752640 13.887700 189.385000 1793.880000 -13 217 1 0 1.000000
0.249727 -0.093906 0 -6.666630 11.716100 205.571000 1793.910000 -13 218 1 0 1.000000
-0.505879 -2.567290 0 9.433100 -3.288500 196.864000 1793.890000 -13 219 1 0 1.000000
3.184290 -3.607870 0 -2.263280 -14.439900 201.511000 1793.750000 -13 220 1 0 1.000000
-2.442770 -1.965180 0 14.777400 -14.512000 189.500000 1793.610000 -13 221 1 0 1.000000
0.623309 -1.829480 0 -2.981460 -3.623200 194.323000 1793.890000 -13 222 1 0 1.000000
0.089218 1.195420 0 -13.064300 2.606170 193.395000 1793.720000 -13 223 1 0 1.000000
-0.367036 -6.034090 0 -0.805282 -2.640590 191.176000 1793.800000 -13 224 1 0 1.000000
-0.758248 -1.192440 0 -4.596080 9.471120 177.260000 1793.660000 -13 225 1 0 1.000000
-0.720677 -1.970030 0 -2.288040 12.396800 190.324000 1793.900000 -13 226 1 0 1.000000
-3.587400 2.007210 0 10.960000 27.234100 184.657000 1793.790000 -13 227 1 0 1.000000
-0.387691 -0.054476 0 10.311600 3.495710 181.342000 1793.800000 -13 228 1 0 1.000000
0.925117 -1.097250 0 20.489600 14.745500 188.265000 1793.790000 -13 229 1 0 1.000000
-0.978452 -0.521697 0 4.764330 -2.604650 198.595000 1793.780000 -13 230 1 0 1.000000
-4.143180 -0.887566 0 -4.627900 1.941820 206.033000 1793.780000 -13 231 1 0 1.000000
-1.766010 -1.398780 0 -11.495100 9.613070 176.914000 1793.820000 -13 232 1 0 1.000000
-0.401311 -1.971800 0 -20.844900 -13.742900 200.572000 1793.810000 -13 233 1 0 1.000000
-0.766415 -4.476930 0 -10.744000 -19.526300 204.703000 1793.820000 -13 234 1 0 1.000000
-1.110390 -1.556060 0 2.844360 -1.164250 189.966000 1793.760000 -13 235 1 0 1.000000
-1.759630 -2.386900 0 -3.915680 -6.622920 187.503000 1793.810000 -13 236 1 0 1.000000
-0.591470 -1.501880 0 3.326680 -1.641180 186.584000 1793.680000 -13 237 1 0 1.000000
-2.162360 -0.050294 0 -11.357200 7.501880 184.319000 1793.820000 -13 238 1 0 1.000000
1.591500 -4.388840 0 -5.587330 10.535500 193.700000 1793.670000 -13 239 1 0 1.000000
-1.595490 -3.083500 0 0.133720 -0.250625 193.054000 1794.000000 -13 240 1 0 1.000000
-0.202759 -1.944430 0 1.075330 -2.642220 187.841000 1793.930000 -13 241 1 0 1.000000
1.649710 -2.247250 0 -3.106790 14.528300 187.057000 1793.720000 -13 242 1 0 1.000000
-1.123440 -6.401530 0 -1.700300 -8.852390 216.465000 1793.790000 -13 243 1 0 1.000000
-0.395768 -4.623170 0 -6.858750 2.194060 194.279000 1793.880000 -13 244 1 0 1.000000
0.482630 -2.438990 0 -1.862290 -15.079400 195.377000 1793.630000 -13 245 1 0 1.000000
-2.090020 -0.720755 0 -1.239940 -16.661200 180.496000 1793.750000 -13 246 1 0 1.000000
0.781764 0.646492 0 -2.093970 -8.212570 178.220000 1793.840000 -13 247 1 0 1.000000
-0.697974 -1.284160 0 23.297500 -16.198300 181.098000 1793.840000 -13 248 1 0 1.000000
-1.007420 -1.990310 0 0.766575 -3.969650 204.873000 1793.840000 -13 249 1 0 1.000000
-0.411192 1.655260 0 11.033300 -3.078320 188.373000 1793.790000 -13 250 1 0 1.000000
-2.450470 -1.246630 0 7.154070 -2.676800 196.856000 1793.930000 -13 251 1 0 1.000000
-0.506248 -0.955441 0 -4.682870 1.338130 198.297000 1793.780000 -13 252 1 0 1.000000
-2.031070 1.139110 0 -8.295660 -4.554250 191.212000 1793.730000 -13 253 1 0 1.000000
-0.637392 1.625140 0 -9.458910 17.880900 201.578000 1793.790000 -13 254 1 0 1.000000
1.170130 -2.318170 0 9.529740 10.201200 191.612000 1793.950000 -13 255 1 0 1.000000
-0.396367 -3.454320 0 3.142350 -2.178530 183.306000 1793.870000 -13 256 1 0 1.000000
-1.686670 -4.012610 0 17.452400 2.008550 190.954000 1793.920000 -13 257 1 0 1.000000
0.613039 -5.113470 0 -2.294110 8.196420 180.875000 1793.850000 -13 258 1 0 1.000000
1.966720 -1.380570 0 -13.449400 16.653900 189.764000 1793.710000 -13 259 1 0 1.000000
-3.348430 -1.046360 0 -14.715300 -14.939000 198.460000 1793.910000 -13 260 1 0 1.000000
-2.545690 -5.417720 0 9.353480 -0.984692 194.437000 1793.800000 -13 261 1 0 1.000000
-0.940175 -0.182152 0 7.684390 0.868860 191.236000 1793.820000 -13 262 1 0 1.000000
-0.079908 -3.385570 0 15.145200 -2.931380 192.298000 1793.680000 -13 263 1 0 1.000000
0.178921 0.758481 0 -5.629010 17.501300 195.464000 1793.710000 -13 264 1 0 1.000000
-3.373750 0.691719 0 0.993275 -5.472330 195.350000 1793.800000 -13 265 1 0 1.000000
-1.639700 0.439285 0 -0.998576 3.437440 188.250000 1793.850000 -13 266 1 0 1.000000
-2.462080 0.071129 0 0.385260 17.420600 182.220000 1793.760000 -13 267 1 0 1.000000
0.855867 -1.472600 0 -5.626500 19.305300 178.847000 1793.750000 -13 268 1 0 1.000000
-1.660550 -2.838970 0 8.997550 -12.061400 199.126000 1793.880000 -13 269 1 0 1.000000
-2.905900 -0.810927 0 -4.079260 -7.218380 192.454000 1793.770000 -13 270 1 0 1.000000
-0.202707 -0.887462 0 5.640540 9.136360 191.480000 1793.840000 -13 271 1 0 1.000000
-0.092841 1.620580 0 -14.878100 -5.495430 197.589000 1793.790000 -13 272 1 0 1.000000
-1.984000 -2.043730 0 1.810940 -11.398900 181.120000 1793.720000 -13 273 1 0 1.000000
1.658010 -1.718910 0 0.999229 9.068720 191.192000 1793.820000 -13 274 1 0 1.000000
-2.653030 0.148882 0 -9.146610 5.928010 184.048000 1793.880000 -13 275 1 0 1.000000
-3.389860 -1.294430 0 -4.340740 -7.466330 195.028000 1793.910000 -13 276 1 0 1.000000
-0.079521 -3.193510 0 -8.671030 5.986780 180.734000 1793.680000 -13 277 1 0 1.000000
-0.716834 -5.302820 0 12.269100 7.294270 197.388000 1793.770000 -13 278 1 0 1.000000
-1.332190 0.295198 0 15.697500 27.252100 204.849000 1793.630000 -13 279 1 0 1.000000
0.794301 0.288011 0 2.218430 5.908560 186.355000 1793.800000 -13 280 1 0 1.000000
-2.019610 -3.633320 0 9.124620 -6.947680 181.963000 1793.770000 -13 281 1 0 1.000000
3.280930 -1.572180 0 -5.908430 23.595700 192.028000 1793.870000 -13 282 1 0 1.000000
-0.934110 -0.833543 0 -7.147620 8.049880 194.341000 1793.880000 -13 283 1 0 1.000000
1.667430 -3.845820 0 -5.055960 -4.530880 183.475000 1793.660000 -13 284 1 0 1.000000
-0.910339 -0.771382 0 1.326780 7.265800 192.565000 1793.790000 -13 285 1 0 1.000000
-0.275904 -2.955250 0 10.865900 -5.643670 184.593000 1793.750000 -13 286 1 0 1.000000
-0.381073 0.688829 0 3.153470 0.372592 195.422000 1793.830000 -13 287 1 0 1.000000
-1.028830 -0.259752 0 -10.124700 -3.846740 179.707000 1793.840000 -13 288 1 0 1.000000
1.149720 0.093595 0 19.847900 5.788880 193.213000 1793.880000 -13 289 1 0 1.000000
-1.397780 -2.122510 0 6.674950 -1.609490 185.850000 1793.860000 -13 290 1 0 1.000000
2.007940 -0.791975 0 5.448650 -7.176460 184.764000 1793.770000 -13 291 1 0 1.000000
-0.463345 -0.804297 0 0.419769 2.253720 196.646000 1793.750000 -13 292 1 0 1.000000
-0.297310 1.356820 0 -9.028500 -0.038902 190.117000 1793.880000 -13 293 1 0 1.000000
-1.295950 0.683460 0 -4.639370 8.054410 206.722000 1793.890000 -13 294 1 0 1.000000
2.010020 -7.160230 0 5.865600 14.507400 197.643000 1793.740000 -13 295 1 0 1.000000
-1.911550 -2.300890 0 1.495640 -6.444900 178.454000 1793.850000 -13 296 1 0 1.000000
-2.624700 0.812381 0 -13.547100 14.102900 184.279000 1793.660000 -13 297 1 0 1.000000
0.556216 0.635742 0 -3.256920 0.132818 195.481000 1793.890000 -13 298 1 0 1.000000
-3.033320 -0.860766 0 24.060600 -4.498660 197.892000 1793.820000 -13 299 1 0 1.000000
-1.697860 -3.521730 0 -5.212950 6.628020 198.456000 1793.760000 -13 300 1 0 1.000000
-4.259150 -3.529230 0 1.729990 -16.676300 214.409000 1793.870000 -13 301 1 0 1.000000
0.058452 -1.887460 0 0.172462 -2.090330 180.096000 1793.640000 -13 302 1 0 1.000000
0.753006 -0.724319 0 7.407480 -1.108840 187.847000 1793.790000 -13 303 1 0 1.000000
-4.614090 -5.751330 0 -0.346728 17.306500 206.292000 1793.740000 -13 304 1 0 1.000000
-1.083600 -1.390200 0 8.279020 19.461900 183.944000 1793.820000 -13 305 1 0 1.000000
-4.333950 0.976125 0 -12.782600 -1.042980 199.230000 1793.810000 -13 306 1 0 1.000000
-1.910410 -1.255060 0 -9.453840 1.109930 190.335000 1793.900000 -13 307 1 0 1.000000
-0.134271 -0.833928 0 15.678300 23.671400 176.306000 1793.690000 -13 308 1 0 1.000000
-4.650090 -1.069060 0 5.335670 29.070200 187.558000 1793.760000 -13 309 1 0 1.000000
-2.420240 -3.608100 0 0.601120 -23.965500 196.577000 1793.810000 -13 310 1 0 1.000000
0.834972 -3.805930 0 -10.014800 6.301450 189.903000 1793.830000 -13 311 1 0 1.000000
-1.040900 -2.165880 0 -3.425900 -2.409210 192.953000 1793.730000 -13 312 1 0 1.000000
-2.668370 -0.305764 0 -5.259490 -6.106420 188.928000 1793.860000 -13 313 1 0 1.000000
-1.885120 -0.365527 0 -9.389470 -3.435130 205.669000 1793.840000 -13 314 1 0 1.000000
-0.670869 0.300973 0 1.153450 -23.279900 194.596000 1793.750000 -13 315 1 0 1.000000
0.330008 -5.895720 0 6.669210 -3.692960 200.055000 1793.930000 -13 316 1 0 1.000000
-3.131760 -1.237560 0 3.271170 1.064100 192.367000 1793.940000 -13 317 1 0 1.000000
-1.397320 -4.087360 0 -6.825700 3.911130 190.932000 1793.890000 -13 318 1 0 1.000000
0.235432 -2.608390 0 12.358600 6.748240 187.747000 1793.710000 -13 319 1 0 1.000000
0.321249 -1.735790 0 -26.810900 19.606500 193.924000 1793.840000 -13 320 1 0 1.000000
-0.451926 -4.257370 0 -12.130900 19.901800 186.163000 1793.640000 -13 321 1 0 1.000000
2.626080 -1.375610 0 8.205010 -12.850300 187.084000 1793.700000 -13 322 1 0 1.000000
-0.118090 -1.943850 0 2.768170 0.076812 185.861000 1793.870000 -13 323 1 0 1.000000
-2.401560 -5.900310 0 -8.068730 9.057140 198.489000 1793.920000 -13 324 1 0 1.000000
0.104098 -0.680247 0 4.437950 2.677600 198.813000 1793.860000 -13 325 1 0 1.000000
-3.249460 -3.564200 0 9.194150 -11.542400 187.155000 1793.820000 -13 326 1 0 1.000000
0.987592 -0.097039 0 -5.345370 7.683650 197.621000 1793.830000 -13 327 1 0 1.000000
-2.028300 2.965680 0 6.899980 -12.708500 189.505000 1793.720000 -13 328 1 0 1.000000
1.333760 1.123930 0 17.024600 2.538010 191.633000 1793.690000 -13 329 1 0 1.000000
-4.791270 -2.400630 0 -0.476516 15.063500 196.815000 1793.770000 -13 330 1 0 1.000000
-2.630720 -2.670430 0 8.243480 -3.125820 200.611000 1793.820000 -13 331 1 0 1.000000
0.677746 -1.432130 0 -19.394300 5.818190 194.744000 1793.740000 -13 332 1 0 1.000000
1.136250 1.914090 0 0.547728 -4.117760 191.958000 1793.810000 -13 333 1 0 1.000000
1.939260 1.624380 0 -19.091600 -14.916400 187.014000 1793.780000 -13 334 1 0 1.000000
-0.770556 -3.016720 0 0.152740 5.595600 183.356000 1793.800000 -13 335 1 0 1.000000
-1.001150 1.274370 0 3.502930 -7.627420 194.350000 1793.760000 -13 336 1 0 1.000000
0.320687 0.182668 0 4.290520 -7.023820 199.623000 1793.790000 -13 337 1 0 1.000000
-1.083860 3.634340 0 0.063607 6.504820 209.431000 1793.650000 -13 338 1 0 1.000000
2.027070 -0.434221 0 -8.054850 -0.299719 186.928000 1793.870000 -13 339 1 0 1.000000
-1.057470 -1.154670 0 4.866060 0.304604 186.929000 1793.700000 -13 340 1 0 1.000000
-2.193130 -3.579170 0 2.101740 12.925500 179.815000 1793.840000 -13 341 1 0 1.000000
-3.786280 -2.448750 0 -6.406290 -5.578900 196.768000 1793.840000 -13 342 1 0 1.000000
-0.922827 -7.038770 0 22.657700 6.504100 193.704000 1793.830000 -13 343 1 0 1.000000
-0.316274 -3.159670 0 15.650600 23.533800 202.609000 1793.640000 -13 344 1 0 1.000000
-1.940390 -4.354740 0 8.970480 -11.122800 185.030000 1793.900000 -13 345 1 0 1.000000
-1.221310 -1.897970 0 -2.894730 -10.107300 197.472000 1793.680000 -13 346 1 0 1.000000
-0.089712 -0.823089 0 6.648660 1.595670 186.382000 1793.900000 -13 347 1 0 1.000000
-2.923690 -4.195790 0 -0.931808 15.551800 178.147000 1793.800000 -13 348 1 0 1.000000
-3.606790 -0.637775 0 22.356200 -15.242700 189.745000 1793.780000 -13 349 1 0 1.000000
0.338461 -4.637400 0 -2.595310 -8.534430 192.382000 1793.910000 -13 350 1 0 1.000000
-3.619010 0.427206 0 -0.165657 3.875090 191.971000 1793.930000 -13 351 1 0 1.000000
-5.544660 0.240726 0 17.280700 6.445410 207.198000 1793.820000 -13 352 1 0 1.000000
0.008665 0.644010 0 0.382680 -8.501390 191.958000 1793.660000 -13 353 1 0 1.000000
-4.972640 -1.053180 0 8.409280 19.595100 188.333000 1793.780000 -13 354 1 0 1.000000
-0.000430 0.194469 0 -12.521400 2.530490 193.617000 1793.670000 -13 355 1 0 1.000000
-0.697778 0.349045 0 -4.551480 16.841300 195.155000 1793.670000 -13 356 1 0 1.000000
-0.647732 -1.758820 0 14.399600 -16.342100 191.600000 1793.820000 -13 357 1 0 1.000000
-4.319110 -0.833017 0 3.256280 -11.771300 206.436000 1793.740000 -13 358 1 0 1.000000
0.493363 -0.135600 0 -0.751493 19.877200 193.494000 1793.580000 -13 359 1 0 1.000000
3.078070 -0.608980 0 -15.891300 17.412000 194.009000 1793.740000 -13 360 1 0 1.000000
-0.292031 -1.368600 0 3.533210 1.573020 187.018000 1793.890000 -13 361 1 0 1.000000
-2.349070 -3.972060 0 0.486811 -1.009760 204.215000 1793.770000 -13 362 1 0 1.000000
-0.850317 -3.047190 0 3.066310 3.810570 188.654000 1793.870000 -13 363 1 0 1.000000
-0.397105 -0.242665 0 15.979400 -4.140170 187.682000 1793.680000 -13 364 1 0 1.000000
1.614270 0.717974 0 -6.891850 5.153540 190.186000 1793.980000 -13 365 1 0 1.000000
-0.653242 -2.334620 0 -8.199060 9.062110 182.425000 1793.810000 -13 366 1 0 1.000000
-1.991710 -2.205470 0 4.483680 -7.760200 197.890000 1793.870000 -13 367 1 0 1.000000
-0.986870 -1.653520 0 -6.742100 1.199250 179.688000 1793.890000 -13 368 1 0 1.000000
-0.217123 -0.502630 0 -28.667500 12.414800 190.055000 1793.670000 -13 369 1 0 1.000000
-4.497460 -3.327120 0 5.938420 2.575890 195.490000 1793.680000 -13 370 1 0 1.000000
0.140112 -1.008880 0 -6.954750 4.420870 189.631000 1793.780000 -13 371 1 0 1.000000
-3.060580 -1.893560 0 12.670300 -15.303200 194.085000 1793.880000 -13 372 1 0 1.000000
-2.066810 0.750052 0 -16.463400 12.301200 183.659000 1793.900000 -13 373 1 0 1.000000
0.239140 -2.521670 0 -1.346180 3.115330 186.093000 1793.730000 -13 374 1 0 1.000000
-3.919570 -2.259310 0 -6.914640 -21.126400 176.354000 1793.710000 -13 375 1 0 1.000000
-1.817320 1.506740 0 10.067600 -11.536700 198.458000 1793.800000 -13 376 1 0 1.000000
0.181334 -1.512870 0 -10.174100 -2.819290 189.972000 1793.810000 -13 377 1 0 1.000000
-0.487168 -0.632179 0 -5.249250 -5.706390 204.981000 1793.670000 -13 378 1 0 1.000000
-3.918190 -2.416660 0 13.669300 -18.586800 188.658000 1793.690000 -13 379 1 0 1.000000
2.807470 -3.169690 0 -5.941830 -14.050500 195.075000 1793.820000 -13 380 1 0 1.000000
-6.421680 -2.671220 0 17.388100 2.598600 202.106000 1793.900000 -13 381 1 0 1.000000
-2.047660 -3.320830 0 -0.758876 2.381230 194.545000 1793.780000 -13 382 1 0 1.000000
-1.977210 -1.288360 0 -22.169900 22.678800 218.615000 1793.760000 -13 383 1 0 1.000000
-1.440700 -2.171660 0 14.418600 -10.270000 194.475000 1793.920000 -13 384 1 0 1.000000
-2.173250 -0.405029 0 -9.618690 -5.995710 177.165000 1793.740000 -13 385 1 0 1.000000
-1.067830 0.167489 0 -11.906100 -11.739700 180.567000 1793.640000 -13 386 1 0 1.000000
1.075890 -2.308250 0 3.876670 2.622970 196.000000 1793.850000 -13 387 1 0 1.000000
-3.629620 0.170595 0 -19.041300 -13.698600 182.264000 1793.730000 -13 388 1 0 1.000000
-4.384030 0.093989 0 5.555890 -19.690800 190.971000 1793.880000 -13 389 1 0 1.000000
1.044050 -1.759910 0 8.538170 11.518800 179.329000 1793.830000 -13 390 1 0 1.000000
-0.690751 1.258060 0 -15.964600 -2.750200 175.749000 1793.760000 -13 391 1 0 1.000000
0.926256 -2.224800 0 16.170700 2.882620 183.067000 1793.820000 -13 392 1 0 1.000000
-0.635165 -3.322280 0 5.367270 -3.267470 178.018000 1793.850000 -13 393 1 0 1.000000
-0.128712 -4.162860 0 14.191200 -7.796880 202.045000 1793.800000 -13 394 1 0 1.000000
0.274111 -1.771630 0 3.626780 14.731700 180.433000 1793.730000 -13 395 1 0 1.000000
-0.479034 -0.137668 0 -20.343400 1.501780 183.358000 1793.720000 -13 396 1 0 1.000000
-2.920460 -3.451470 0 12.064500 -1.751460 192.878000 1793.920000 -13 397 1 0 1.000000
0.411028 -3.160170 0 -2.922490 -19.096600 187.303000 1793.760000 -13 398 1 0 1.000000
0.446923 -1.110820 0 -2.679770 -2.174000 187.276000 1793.800000 -13 399 1 0 1.000000
-0.837212 -3.623880 0 8.447880 -22.701900 178.420000 1793.760000 -13 400 1 0 1.000000
-2.401460 2.286410 0 -18.514600 -5.862670 185.249000 1793.850000 -13 401 1 0 1.000000
-0.565756 -1.417930 0 15.487900 1.365830 177.984000 1793.760000 -13 402 1 0 1.000000
-2.589070 -1.302910 0 14.712400 -17.709800 201.771000 1793.710000 -13 403 1 0 1.000000
-1.103520 -6.457750 0 21.510200 -15.865500 206.099000 1793.780000 -13 404 1 0 1.000000
-1.379950 -0.971766 0 2.620500 -6.637560 198.665000 1793.780000 -13 405 1 0 1.000000
-2.579750 0.141815 0 -7.295890 -4.051600 191.436000 1793.820000 -13 406 1 0 1.000000
-4.938070 2.255280 0 -16.116400 -6.168060 201.245000 1793.790000 -13 407 1 0 1.000000
-0.298233 -2.751530 0 10.119900 -5.136050 191.225000 1793.690000 -13 408 1 0 1.000000
-3.581420 1.393360 0 -2.956440 -24.345500 199.796000 1793.840000 -13 409 1 0 1.000000
-3.333050 -2.071870 0 5.392690 15.001000 194.700000 1793.810000 -13 410 1 0 1.000000
-4.326170 0.858172 0 -1.960300 -31.513500 190.245000 1793.810000 -13 411 1 0 1.000000
0.942587 -0.422331 0 -16.591600 14.604600 172.486000 1793.790000 -13 412 1 0 1.000000
0.038907 -0.994540 0 -2.999930 -3.245860 184.961000 1793.840000 -13 413 1 0 1.000000
1.657920 0.077978 0 -3.520650 18.750900 191.867000 1793.650000 -13 414 1 0 1.000000
-1.356150 -4.561010 0 1.141240 -5.021730 196.436000 1793.820000 -13 415 1 0 1.000000
1.417630 -0.881946 0 -12.236600 27.690700 192.755000 1793.770000 -13 416 1 0 1.000000
-0.034021 -3.543900 0 0.569636 5.348880 196.327000 1793.920000 -13 417 1 0 1.000000
-0.662661 -5.596440 0 9.778650 6.219530 195.121000 1793.700000 -13 418 1 0 1.000000
-0.837998 -2.050350 0 20.148600 -8.641450 184.478000 1793.810000 -13 419 1 0 1.000000
0.950068 -1.920670 0 -23.172400 0.792431 179.960000 1793.880000 -13 420 1 0 1.000000
0.526052 -2.021340 0 -8.896110 11.170900 196.837000 1793.860000 -13 421 1 0 1.000000
-1.033910 -2.045090 0 -1.110000 -2.626270 187.617000 1793.720000 -13 422 1 0 1.000000
-1.397750 0.230339 0 7.996880 -8.471430 196.704000 1793.850000 -13 423 1 0 1.000000
-2.358270 -3.582380 0 5.444240 8.379850 194.018000 1793.730000 -13 424 1 0 1.000000
1.173400 -1.059060 0 -10.231800 -3.600110 181.753000 1793.880000 -13 425 1 0 1.000000
-0.430071 0.178012 0 -7.472660 -2.122660 183.874000 1793.830000 -13 426 1 0 1.000000
0.350142 -1.648380 0 -7.964780 15.099900 187.402000 1793.860000 -13 427 1 0 1.000000
1.205740 -2.928820 0 -4.349280 9.239700 178.200000 1793.840000 -13 428 1 0 1.000000
0.938917 -2.697260 0 -5.590020 5.817430 186.360000 1793.700000 -13 429 1 0 1.000000
2.788660 -0.262607 0 5.085590 -5.839790 200.914000 1793.880000 -13 430 1 0 1.000000
-1.925770 -2.120930 0 -0.798776 -1.602930 190.701000 1793.860000 -13 431 1 0 1.000000
-0.103966 -1.349310 0 -2.222720 7.392790 179.765000 1793.670000 -13 432 1 0 1.000000
-3.498090 -0.638776 0 7.638330 -4.100430 181.922000 1793.900000 -13 433 1 0 1.000000
-2.789120 0.462396 0 14.467000 5.594570 204.097000 1793.790000 -13 434 1 0 1.000000
-3.769350 -3.554160 0 17.244100 -9.322330 198.011000 1793.890000 -13 435 1 0 1.000000
-1.171830 -2.358230 0 -17.873600 -1.181140 201.043000 1793.750000 -13 436 1 0 1.000000
-2.375750 -1.509740 0 -9.431130 8.770610 196.289000 1793.870000 -13 437 1 0 1.000000
-1.894870 0.319140 0 -13.588100 14.398600 186.684000 1793.820000 -13 438 1 0 1.000000
-4.880500 -3.812880 0 -0.290075 9.452670 201.448000 1793.840000 -13 439 1 0 1.000000
0.523229 -1.874510 0 -3.953950 -1.375300 188.320000 1793.880000 -13 440 1 0 1.000000
0.839631 0.905094 0 0.661368 -24.698000 196.956000 1793.810000 -13 441 1 0 1.000000
-2.354600 0.160098 0 -3.365050 -17.787800 186.460000 1793.700000 -13 442 1 0 1.000000
-1.032250 -3.857970 0 -0.359588 -8.405040 196.048000 1793.730000 -13 443 1 0 1.000000
1.631420 -1.682790 0 4.345670 -6.433190 189.399000 1793.890000 -13 444 1 0 1.000000
0.498864 -2.354900 0 6.184100 6.662080 195.027000 1793.690000 -13 445 1 0 1.000000
-2.961240 -0.168125 0 4.503900 4.814560 186.374000 1793.790000 -13 446 1 0 1.000000
2.537390 -3.529520 0 0.152207 -0.965745 191.340000 1793.720000 -13 447 1 0 1.000000
0.138363 -1.328170 0 -2.168820 5.392760 192.716000 1793.850000 -13 448 1 0 1.000000
-1.190470 0.561769 0 -4.260660 -14.182700 195.334000 1793.650000 -13 449 1 0 1.000000
-0.509367 -2.825080 0 -17.079800 14.062300 192.077000 1793.790000 -13 450 1 0 1.000000
-1.303360 -4.456700 0 21.602200 -1.194700 185.154000 1793.900000 -13 451 1 0 1.000000
-1.896600 -0.446378 0 4.619240 3.710130 191.396000 1793.930000 -13 452 1 0 1.000000
-3.380990 -2.255590 0 18.239700 -12.569700 185.337000 1793.770000 -13 453 1 0 1.000000
1.570200 -1.936880 0 -8.699760 -4.015480 178.861000 1793.710000 -13 454 1 0 1.000000
-1.228810 -3.500390 0 5.686930 -8.665300 192.066000 1793.760000 -13 455 1 0 1.000000
-2.058170 -2.272230 0 -4.577640 -6.400860 204.935000 1793.790000 -13 456 1 0 1.000000
-1.159730 -2.642340 0 -1.193060 4.425160 190.037000 1793.770000 -13 457 1 0 1.000000
-4.957450 -0.864862 0 -5.417800 -16.366500 205.851000 1793.890000 -13 458 1 0 1.000000
-0.695785 1.217670 0 19.380200 -4.615520 202.805000 1793.780000 -13 459 1 0 1.000000
-0.037860 -3.707200 0 6.056490 3.623190 180.600000 1793.910000 -13 460 1 0 1.000000
-3.248400 -1.558350 0 6.650580 -14.389500 191.987000 1793.680000 -13 461 1 0 1.000000
-0.014037 -2.480820 0 -16.124800 7.384070 204.472000 1793.740000 -13 462 1 0 1.000000
-1.432740 -3.386000 0 12.425100 -7.081840 187.949000 1793.880000 -13 463 1 0 1.000000
0.293204 -0.763081 0 1.450350 -8.550040 180.564000 1793.860000 -13 464 1 0 1.000000
4.133680 -2.468640 0 -3.677040 -4.691850 198.799000 1793.810000 -13 465 1 0 1.000000
-1.787000 -1.026790 0 20.542700 20.276800 197.500000 1793.860000 -13 466 1 0 1.000000
-2.638610 -1.364240 0 15.297600 21.228500 189.551000 1793.880000 -13 467 1 0 1.000000
0.729363 -7.233350 0 18.869000 -5.101050 198.488000 1793.740000 -13 468 1 0 1.000000
2.326040 0.582787 0 14.532800 -23.812900 197.738000 1793.860000 -13 469 1 0 1.000000
1.541300 -2.251730 0 -1.119660 6.757620 182.287000 1793.710000 -13 470 1 0 1.000000
-2.337450 -5.306900 0 1.618230 -12.459600 188.674000 1793.660000 -13 471 1 0 1.000000
-1.080870 -5.837090 0 -4.890390 -2.491640 201.680000 1793.850000 -13 472 1 0 1.000000
2.186350 0.572775 0 0.916066 17.968500 199.336000 1793.810000 -13 473 1 0 1.000000
-0.817878 -1.700960 0 12.872600 5.915490 190.333000 1793.920000 -13 474 1 0 1.000000
-1.910040 -3.101440 0 2.998420 -16.808500 200.901000 1793.790000 -13 475 1 0 1.000000
-3.151520 1.136810 0 -20.398100 -6.178750 197.304000 1793.660000 -13 476 1 0 1.000000
-2.679560 -0.770444 0 7.829490 -2.112630 194.410000 1793.870000 -13 477 1 0 1.000000
0.828105 -0.902178 0 -17.881100 -5.032790 175.874000 1793.900000 -13 478 1 0 1.000000
0.614287 -3.534360 0 4.860760 -3.610460 184.811000 1793.730000 -13 479 1 0 1.000000
-0.342671 -1.832240 0 17.199900 22.455500 191.975000 1793.790000 -13 480 1 0 1.000000
0.658980 -4.030010 0 2.152970 -0.809716 214.428000 1793.780000 -13 481 1 0 1.000000
-2.074830 -3.161570 0 0.260337 -4.230590 194.621000 1793.860000 -13 482 1 0 1.000000
-0.840744 -2.867830 0 4.045800 -30.269800 192.619000 1793.820000 -13 483 1 0 1.000000
-2.297750 -0.865309 0 10.402600 6.250310 203.851000 1793.690000 -13 484 1 0 1.000000
-1.627720 -2.072090 0 19.443800 -7.360030 188.194000 1793.640000 -13 485 1 0 1.000000
0.139636 -3.234960 0 5.150930 -2.181220 210.113000 1793.770000 -13 486 1 0 1.000000
0.250328 -1.773870 0 -4.502400 -7.112870 188.947000 1793.900000 -13 487 1 0 1.000000
-2.003200 -2.381920 0 8.534650 -5.214940 198.936000 1793.840000 -13 488 1 0 1.000000
-2.904990 -1.010540 0 -19.072300 14.999400 197.341000 1793.660000 -13 489 1 0 1.000000
-1.053300 1.958470 0 -5.066550 21.206700 198.329000 1793.790000 -13 490 1 0 1.000000
-1.059540 -1.822780 0 -4.529510 3.779930 179.708000 1793.850000 -13 491 1 0 1.000000
0.130132 -2.160650 0 -9.738580 4.949620 192.010000 1793.880000 -13 492 1 0 1.000000
-0.120987 -2.409160 0 6.661690 4.911620 193.262000 1793.860000 -13 493 1 0 1.000000
0.292300 -3.567510 0 1.748990 7.625460 199.620000 1793.750000 -13 494 1 0 1.000000
-2.628280 -1.842410 0 3.536100 -8.617640 186.076000 1793.860000 -13 495 1 0 1.000000
-1.143290 -0.370963 0 -9.845040 -3.363910 182.892000 1793.820000 -13 496 1 0 1.000000
0.147898 -2.063020 0 -7.642890 6.312240 204.610000 1793.820000 -13 497 1 0 1.000000
-0.022870 0.982975 0 -4.010430 0.872128 190.614000 1793.820000 -13 498 1 0 1.000000
1.185570 -3.488480 0 -5.667590 -5.182370 188.992000 1793.840000 -13 499 1 0 1.000000
-3.689950 -3.201300 0 17.255200 9.463020 209.249000 1793.690000 -13 500 1 0 1.000000
-3.700750 -1.122390 0 6.289490 -26.956900 186.753000 1793.830000 -13 501 1 0 1.000000
0.166131 0.106826 0 10.371600 -11.973700 203.130000 1793.860000 -13 502 1 0 1.000000
0.298064 1.875620 0 12.413700 -7.054580 190.261000 1793.880000 -13 503 1 0 1.000000
-2.005460 -2.594050 0 -10.019200 -18.109400 192.033000 1793.810000 -13 504 1 0 1.000000
-0.236433 1.186640 0 -20.005300 6.537520 192.584000 1793.810000 -13 505 1 0 1.000000
-3.793430 -2.511980 0 -19.210100 -6.372430 200.749000 1793.710000 -13 506 1 0 1.000000
-1.599010 1.773340 0 -4.134280 11.209300 186.422000 1793.810000 -13 507 1 0 1.000000
-2.131890 -1.107680 0 -4.880190 14.355200 190.972000 1793.790000 -13 508 1 0 1.000000
0.344963 -3.293320 0 -6.008610 -2.361550 183.216000 1793.880000 -13 509 1 0 1.000000
-1.438350 -4.650280 0 3.326700 -5.630210 184.791000 1793.920000 -13 510 1 0 1.000000
-1.021780 -3.392620 0 7.040810 -0.727896 188.065000 1793.800000 -13 511 1 0 1.000000
-0.624109 -1.572680 0 -1.241030 1.227370 195.913000 1793.830000 -13 512 1 0 1.000000
1.882670 -4.106150 0 -14.766100 4.910730 187.187000 1793.720000 -13 513 1 0 1.000000
-3.565720 0.870272 0 4.215750 3.894540 195.032000 1793.590000 -13 514 1 0 1.000000
-2.931350 0.186400 0 0.467419 -3.702260 183.274000 1793.780000 -13 515 1 0 1.000000
-0.269862 -2.575490 0 -6.376180 0.464394 187.255000 1793.900000 -13 516 1 0 1.000000
-1.493990 -1.871480 0 0.535151 -18.240300 182.127000 1793.810000 -13 517 1 0 1.000000
0.477564 -3.482620 0 -10.874200 9.373430 205.196000 1793.900000 -13 518 1 0 1.000000
-0.564906 -1.287140 0 1.783920 -19.483400 182.066000 1793.800000 -13 519 1 0 1.000000
-3.116440 -1.043630 0 10.263100 4.631240 203.034000 1793.780000 -13 520 1 0 1.000000
0.886056 -2.244140 0 -17.143700 -21.738200 198.352000 1793.700000 -13 521 1 0 1.000000
0.543379 -1.893500 0 -3.815100 -0.902992 195.672000 1793.840000 -13 522 1 0 1.000000
-4.385600 -3.008400 0 11.249700 -15.861500 205.577000 1793.800000 -13 523 1 0 1.000000
0.430602 -2.267510 0 -3.782940 16.410200 178.514000 1793.850000 -13 524 1 0 1.000000
-1.796580 -1.082210 0 16.626000 -2.557860 205.816000 1793.670000 -13 525 1 0 1.000000
-1.197370 1.666140 0 -8.402460 -4.557000 180.209000 1793.860000 -13 526 1 0 1.000000
-1.410340 -1.434350 0 -23.890900 8.379220 184.256000 1793.630000 -13 527 1 0 1.000000
-3.252670 -3.290860 0 14.389200 -15.718800 197.048000 1793.840000 -13 528 1 0 1.000000
-2.841270 0.753401 0 -6.387610 -23.199700 203.378000 1793.890000 -13 529 1 0 1.000000
1.315560 -3.462890 0 -2.482110 1.775680 190.344000 1793.750000 -13 530 1 0 1.000000
-0.867278 -2.721910 0 -7.203860 -1.334480 189.415000 1793.840000 -13 531 1 0 1.000000
0.886026 -0.295126 0 -2.588170 7.658240 201.554000 1793.860000 -13 532 1 0 1.000000
0.418477 0.526639 0 -5.688660 1.909090 184.688000 1793.900000 -13 533 1 0 1.000000
0.250890 -3.736830 0 20.554300 4.890750 204.119000 1793.640000 -13 534 1 0 1.000000
-1.524090 -3.866070 0 16.586800 -1.501000 202.268000 1793.770000 -13 535 1 0 1.000000
-2.781820 -1.113150 0 -0.363885 3.217960 195.769000 1793.780000 -13 536 1 0 1.000000
-2.227140 0.362009 0 -10.509300 -7.214640 199.642000 1793.920000 -13 537 1 0 1.000000
-1.014990 -3.913370 0 1.413950 7.955510 181.766000 1793.910000 -13 538 1 0 1.000000
0.630959 -2.950590 0 4.993950 9.680420 187.261000 1793.810000 -13 539 1 0 1.000000
-1.317850 1.203940 0 -16.828500 -0.803168 192.411000 1793.860000 -13 540 1 0 1.000000
-0.020623 -4.330230 0 -8.562190 -2.231400 191.835000 1793.830000 -13 541 1 0 1.000000
-1.072140 -2.365740 0 4.550620 -5.283970 184.631000 1793.740000 -13 542 1 0 1.000000
-0.940985 -3.687080 0 5.044080 -6.918000 199.378000 1793.890000 -13 543 1 0 1.000000
0.455475 -1.230040 0 -7.613950 -0.310127 201.201000 1793.780000 -13 544 1 0 1.000000
-2.633870 -0.172544 0 -22.741000 16.604100 207.595000 1793.810000 -13 545 1 0 1.000000
-0.532156 -1.985250 0 -5.827210 0.643042 178.589000 1793.670000 -13 546 1 0 1.000000
-0.033857 -1.471100 0 9.494140 -0.069852 182.410000 1793.810000 -13 547 1 0 1.000000
-1.934440 1.753360 0 12.453900 7.630550 203.848000 1793.990000 -13 548 1 0 1.000000
-1.049190 -3.591090 0 8.694060 2.395000 199.260000 1793.830000 -13 549 1 0 1.000000
-1.657430 -1.161150 0 -3.713420 0.292853 195.834000 1793.850000 -13 550 1 0 1.000000
0.153980 -0.865643 0 2.637150 3.615940 181.626000 1793.880000 -13 551 1 0 1.000000
2.314910 -0.326543 0 -23.072000 16.114800 200.028000 1793.880000 -13 552 1 0 1.000000
-0.881926 -2.284960 0 -3.858350 -21.749600 187.995000 1793.730000 -13 553 1 0 1.000000
-0.608277 2.088390 0 -20.293900 4.635330 189.918000 1793.890000 -13 554 1 0 1.000000
-0.254554 -4.651680 0 -6.937280 8.145030 194.022000 1793.860000 -13 555 1 0 1.000000
-3.447830 -5.412360 0 -9.930570 7.859740 189.970000 1793.610000 -13 556 1 0 1.000000
1.309300 2.205150 0 -4.871020 -22.022400 182.665000 1793.780000 -13 557 1 0 1.000000
-2.019580 -3.138520 0 7.567000 -2.282290 205.724000 1793.740000 -13 558 1 0 1.000000
-2.365520 -2.145250 0 14.211000 -8.751020 189.028000 1793.710000 -13 559 1 0 1.000000
0.103465 -3.827080 0 -2.026270 -12.251300 201.326000 1793.650000 -13 560 1 0 1.000000
-1.461750 1.859840 0 18.286800 -20.395800 204.553000 1793.960000 -13 561 1 0 1.000000
0.336412 0.281801 0 2.876720 0.065867 194.383000 1793.780000 -13 562 1 0 1.000000
2.601080 -0.415109 0 2.101980 -9.409230 188.210000 1793.750000 -13 563 1 0 1.000000
0.583194 1.463860 0 11.037400 -8.380330 197.181000 1793.780000 -13 564 1 0 1.000000
-1.457460 0.568233 0 0.350613 5.430820 197.241000 1793.530000 -13 565 1 0 1.000000
-1.290790 -5.008670 0 12.142000 5.825910 201.471000 1793.860000 -13 566 1 0 1.000000
0.858322 -0.095781 0 -2.872970 3.692190 187.087000 1793.720000 -13 567 1 0 1.000000
-1.343430 -0.866262 0 4.914690 -8.115480 194.335000 1793.890000 -13 568 1 0 1.000000
-1.187670 -2.094590 0 2.052170 -0.464613 186.399000 1793.820000 -13 569 1 0 1.000000
-1.996440 -1.077730 0 -8.711080 -18.211300 191.955000 1793.760000 -13 570 1 0 1.000000
-1.455020 -2.590960 0 9.870770 12.792100 194.623000 1793.830000 -13 571 1 0 1.000000
-0.059065 -2.108900 0 12.113500 -4.067640 187.186000 1793.670000 -13 572 1 0 1.000000
-0.755984 -3.601270 0 1.239150 4.387780 200.163000 1793.850000 -13 573 1 0 1.000000
-2.234760 -0.279002 0 -16.002600 -3.311530 184.434000 1793.910000 -13 574 1 0 1.000000
-0.380597 0.435367 0 10.650300 -13.838200 199.861000 1793.860000 -13 575 1 0 1.000000
-1.417320 1.980820 0 -4.624430 8.916450 192.253000 1793.880000 -13 576 1 0 1.000000
1.308690 -3.587000 0 -1.522940 -11.776700 201.387000 1793.900000 -13 577 1 0 1.000000
-4.716170 -2.421210 0 11.663400 -1.530230 190.746000 1793.830000 -13 578 1 0 1.000000
0.213929 -2.689280 0 -4.735130 1.438030 202.772000 1793.760000 -13 579 1 0 1.000000
-1.992130 -4.106000 0 -7.877360 -0.735794 182.988000 1793.820000 -13 580 1 0 1.000000
-2.841410 -0.622008 0 9.913010 1.612870 194.771000 1793.820000 -13 581 1 0 1.000000
0.342230 0.286895 0 -12.754800 -1.855670 187.522000 1793.670000 -13 582 1 0 1.000000
-2.479620 -2.387670 0 2.533450 -9.611330 208.589000 1793.600000 -13 583 1 0 1.000000
-0.526306 -2.230270 0 6.367460 -0.036972 181.041000 1793.750000 -13 584 1 0 1.000000
-0.526938 -2.331520 0 4.270990 10.896200 196.225000 1793.670000 -13 585 1 0 1.000000
-2.016450 -0.747396 0 12.226600 -8.136970 183.711000 1793.910000 -13 586 1 0 1.000000
0.660375 -4.010370 0 11.231200 -0.811332 184.297000 1793.760000 -13 587 1 0 1.000000
-2.264580 -3.498920 0 18.547700 19.652100 180.940000 1793.800000 -13 588 1 0 1.000000
-3.324860 -0.120771 0 4.831970 -12.547800 195.504000 1793.640000 -13 589 1 0 1.000000
-0.384154 -0.664576 0 6.793830 -5.547360 189.881000 1793.840000 -13 590 1 0 1.000000
-2.260110 0.336798 0 -20.736100 5.831590 195.082000 1793.690000 -13 591 1 0 1.000000
-2.319190 -0.372387 0 -24.849700 3.113680 195.583000 1793.660000 -13 592 1 0 1.000000
-1.018790 -2.520020 0 4.320240 -15.083900 181.531000 1793.850000 -13 593 1 0 1.000000
1.660600 -3.430780 0 13.586400 16.888500 195.899000 1793.790000 -13 594 1 0 1.000000
-3.191130 1.371500 0 -24.903800 -13.869900 193.866000 1793.770000 -13 595 1 0 1.000000
-2.787550 -2.328770 0 -4.613840 3.783690 185.139000 1793.790000 -13 596 1 0 1.000000
1.677010 -2.677110 0 2.705370 6.477640 203.922000 1793.810000 -13 597 1 0 1.000000
-2.427000 -3.726700 0 1.096920 -6.290290 179.775000 1793.730000 -13 598 1 0 1.000000
-1.380290 -2.072100 0 0.270505 6.707370 208.051000 1793.840000 -13 599 1 0 1.000000
-4.349590 -2.800590 0 10.541500 -4.012900 191.538000 1793.830000 -13 600 1 0 1.000000
-1.048790 -3.195580 0 2.729270 -23.994600 174.718000 1793.690000 -13 601 1 0 1.000000
-1.721080 -2.423380 0 5.182130 21.687800 212.149000 1793.870000 -13 602 1 0 1.000000
2.864690 -1.750460 0 0.942078 -1.771910 190.853000 1793.900000 -13 603 1 0 1.000000
3.486390 0.336349 0 1.042980 -19.291400 193.543000 1793.880000 -13 604 1 0 1.000000
-3.572600 -0.541686 0 9.160030 5.538840 207.176000 1793.960000 -13 605 1 0 1.000000
-2.204670 -0.511719 0 24.554100 5.903550 195.619000 1793.900000 -13 606 1 0 1.000000
-0.371304 -2.741830 0 8.438610 8.903930 185.392000 1793.770000 -13 607 1 0 1.000000
-2.427670 -2.010730 0 9.408590 -16.857500 182.499000 1793.780000 -13 608 1 0 1.000000
-0.481522 -3.546740 0 -6.147450 6.390790 191.654000 1793.700000 -13 609 1 0 1.000000
1.777870 -2.255940 0 -17.837500 19.491400 185.088000 1793.720000 -13 610 1 0 1.000000
-0.652637 -1.497840 0 4.704400 3.284400 178.400000 1793.760000 -13 611 1 0 1.000000
0.542180 -0.598548 0 -6.114760 5.501700 212.307000 1793.810000 -13 612 1 0 1.000000
-3.712460 -1.824690 0 -5.699200 -4.456660 184.641000 1793.710000 -13 613 1 0 1.000000
-0.928723 -5.646710 0 16.456000 -5.822120 183.872000 1793.870000 -13 614 1 0 1.000000
0.837210 -1.681390 0 10.246100 -7.417770 176.956000 1793.730000 -13 615 1 0 1.000000
-2.644490 -1.563770 0 11.604500 -4.019210 194.348000 1793.860000 -13 616 1 0 1.000000
-2.070630 -1.815090 0 -1.054780 3.616400 190.682000 1793.880000 -13 617 1 0 1.000000
0.408373 -2.130600 0 2.334120 -7.051300 185.225000 1793.710000 -13 618 1 0 1.000000
1.691410 -5.373310 0 -0.898042 4.669010 194.840000 1793.800000 -13 619 1 0 1.000000
1.143150 -2.054130 0 -2.452790 17.870500 184.402000 1793.710000 -13 620 1 0 1.000000
-3.321910 -0.181854 0 -5.359370 -15.404200 193.870000 1793.700000 -13 621 1 0 1.000000
-0.472298 -2.576980 0 -9.331440 -2.605610 195.224000 1793.680000 -13 622 1 0 1.000000
-0.304862 -2.872340 0 -19.018000 -30.701400 195.123000 1793.890000 -13 623 1 0 1.000000
-0.876317 -1.085970 0 -7.693150 -13.582500 182.628000 1793.840000 -13 624 1 0 1.000000
-2.210470 -1.992260 0 -17.497300 -7.705500 179.789000 1793.810000 -13 625 1 0 1.000000
-0.283988 1.190080 0 3.500630 7.180640 202.058000 1793.790000 -13 626 1 0 1.000000
-1.672850 0.601099 0 -0.181466 7.578430 201.976000 1793.660000 -13 627 1 0 1.000000
-1.407200 -5.169340 0 15.523400 10.378500 207.422000 1793.850000 -13 628 1 0 1.000000
1.223770 0.475759 0 -1.735620 1.346400 192.625000 1793.780000 -13 629 1 0 1.000000
-3.440320 2.850150 0 2.900120 -16.215600 189.963000 1793.920000 -13 630 1 0 1.000000
3.119230 2.541090 0 7.009990 1.592030 190.390000 1793.850000 -13 631 1 0 1.000000
-1.624890 -3.190840 0 6.424590 -0.050896 200.456000 1793.800000 -13 632 1 0 1.000000
0.149326 -0.000493 0 -3.816730 -14.333900 178.229000 1793.870000 -13 633 1 0 1.000000
-1.625950 -1.199820 0 -0.919252 0.054666 211.917000 1793.770000 -13 634 1 0 1.000000
0.112993 -1.998250 0 13.105400 11.919300 188.038000 1793.900000 -13 635 1 0 1.000000
-0.259864 -2.390420 0 10.978600 15.170400 181.725000 1793.730000 -13 636 1 0 1.000000
-1.992710 1.728630 0 -17.714200 2.483620 183.674000 1793.850000 -13 637 1 0 1.000000
-1.225790 -4.243010 0 18.335600 -14.841900 201.971000 1793.750000 -13 638 1 0 1.000000
-3.189170 -0.042541 0 -13.041100 -17.931500 192.817000 1793.650000 -13 639 1 0 1.000000
-2.847930 -2.017720 0 5.249990 -11.812400 198.419000 1793.870000 -13 640 1 0 1.000000
-3.005290 -3.338580 0 0.752308 -4.626010 185.868000 1793.870000 -13 641 1 0 1.000000
-0.826265 2.530730 0 -20.328400 -2.843920 197.285000 1793.640000 -13 642 1 0 1.000000
1.630670 -4.744910 0 -3.307370 7.684450 180.199000 1793.740000 -13 643 1 0 1.000000
0.339764 -1.114470 0 -7.268920 -2.641020 189.065000 1793.990000 -13 644 1 0 1.000000
-0.061414 -0.155861 0 9.497630 -3.777400 183.454000 1793.940000 -13 645 1 0 1.000000
-4.659190 -0.430297 0 -7.914150 7.783420 199.009000 1793.700000 -13 646 1 0 1.000000
-1.822110 -2.818050 0 16.344100 -10.456400 194.121000 1793.830000 -13 647 1 0 1.000000
-0.004844 -3.599160 0 -1.109670 9.919290 202.997000 1793.790000 -13 648 1 0 1.000000
-2.007200 -3.726220 0 -6.599030 4.280410 179.211000 1793.900000 -13 649 1 0 1.000000
-2.186000 -2.132920 0 6.671720 -11.119500 211.936000 1793.800000 -13 650 1 0 1.000000
-1.350030 -2.996350 0 4.964140 -15.879300 200.094000 1793.780000 -13 651 1 0 1.000000
-3.592650 -4.801990 0 -1.649200 5.978270 184.763000 1793.820000 -13 652 1 0 1.000000
-0.535022 -0.837458 0 12.640100 13.441300 200.741000 1793.860000 -13 653 1 0 1.000000
-2.436930 -1.207070 0 1.192400 3.716020 199.678000 1793.650000 -13 654 1 0 1.000000
-4.552640 1.217360 0 2.867670 -7.031540 184.454000 1793.890000 -13 655 1 0 1.000000
-3.429240 1.097690 0 -4.758340 -25.637600 194.617000 1793.760000 -13 656 1 0 1.000000
-0.714544 -1.949540 0 10.964100 -0.111421 171.722000 1793.730000 -13 657 1 0 1.000000
-0.563057 1.050460 0 16.240800 -21.435600 200.058000 1793.780000 -13 658 1 0 1.000000
-2.876790 0.699478 0 7.140410 -10.903800 197.337000 1793.680000 -13 659 1 0 1.000000
-3.603660 -5.155640 0 10.396400 -10.179400 196.279000 1793.880000 -13 660 1 0 1.000000
-1.980560 -0.121616 0 -4.270670 0.905503 186.297000 1793.890000 -13 661 1 0 1.000000
-1.284180 -3.001870 0 5.198720 -3.423520 192.800000 1793.790000 -13 662 1 0 1.000000
-1.621520 -1.422540 0 -19.666500 5.140840 203.337000 1793.650000 -13 663 1 0 1.000000
-0.467082 -2.058650 0 7.270060 -4.771120 191.618000 1793.800000 -13 664 1 0 1.000000
-3.821590 0.186277 0 -19.709400 -2.333270 193.075000 1793.710000 -13 665 1 0 1.000000
-0.868521 0.393936 0 -14.616300 19.392300 196.892000 1793.780000 -13 666 1 0 1.000000
-1.840880 -2.773980 0 -4.915120 17.978800 174.371000 1793.730000 -13 667 1 0 1.000000
-0.785767 -2.373170 0 -6.461530 9.641030 192.569000 1793.850000 -13 668 1 0 1.000000
-2.219570 -2.677340 0 -0.319373 6.061230 198.567000 1793.760000 -13 669 1 0 1.000000
-1.855520 -2.655170 0 2.163860 -1.949660 202.154000 1793.780000 -13 670 1 0 1.000000
-0.681203 -4.772980 0 -0.746071 7.086710 195.318000 1793.860000 -13 671 1 0 1.000000
-1.565330 -1.979450 0 0.818757 -4.847550 209.285000 1793.630000 -13 672 1 0 1.000000
-5.394860 -2.884790 0 12.814500 -12.920900 192.036000 1793.860000 -13 673 1 0 1.000000
2.404210 0.058777 0 -3.232430 -10.052300 188.251000 1793.900000 -13 674 1 0 1.000000
-1.035820 0.773061 0 7.283230 -7.469370 190.453000 1793.890000 -13 675 1 0 1.000000
-1.811090 -7.135580 0 14.069600 -9.393350 199.492000 1793.710000 -13 676 1 0 1.000000
-0.246196 -1.681110 0 11.395900 -30.544600 190.136000 1793.770000 -13 677 1 0 1.000000
0.704283 -2.431110 0 -9.965180 21.132900 203.800000 1793.830000 -13 678 1 0 1.000000
-0.041924 -0.581132 0 4.665490 -6.887160 196.951000 1793.660000 -13 679 1 0 1.000000
1.240510 -1.649270 0 12.555700 -1.482760 193.061000 1793.840000 -13 680 1 0 1.000000
-0.475673 -3.250980 0 1.155580 5.401370 188.921000 1793.760000 -13 681 1 0 1.000000
-0.156827 -2.696800 0 -5.985480 9.088660 201.799000 1793.590000 -13 682 1 0 1.000000
-2.294650 -1.317780 0 4.490000 -18.980000 185.299000 1793.730000 -13 683 1 0 1.000000
-0.529339 -2.320440 0 16.454100 -14.312700 183.439000 1793.810000 -13 684 1 0 1.000000
-1.430270 -0.810364 0 -9.179690 -1.720860 206.507000 1793.580000 -13 685 1 0 1.000000
-1.124440 1.517380 0 -8.612080 1.717120 183.509000 1793.750000 -13 686 1 0 1.000000
-2.168920 -0.953232 0 7.032460 1.020210 180.760000 1793.770000 -13 687 1 0 1.000000
-2.535790 -0.365115 0 8.677650 4.992850 197.293000 1793.860000 -13 688 1 0 1.000000
-2.243740 -2.763780 0 -2.856030 -7.546150 191.065000 1793.660000 -13 689 1 0 1.000000
-3.644160 -0.942884 0 2.193810 -2.507780 198.931000 1793.680000 -13 690 1 0 1.000000
1.281520 0.403478 0 0.471172 -6.299470 191.989000 1793.890000 -13 691 1 0 1.000000
-3.185550 3.399630 0 16.906100 5.279830 187.145000 1793.760000 -13 692 1 0 1.000000
0.331472 -1.301010 0 1.657960 11.040300 179.245000 1793.780000 -13 693 1 0 1.000000
-0.894802 -1.523960 0 20.591100 5.267960 174.027000 1793.700000 -13 694 1 0 1.000000
0.385490 -2.228770 0 6.973280 -13.322000 196.412000 1793.720000 -13 695 1 0 1.000000
-1.653630 1.517770 0 8.659290 2.598890 187.353000 1793.720000 -13 696 1 0 1.000000
-0.067608 -1.740970 0 -15.906200 8.491880 188.759000 1793.680000 -13 697 1 0 1.000000
-1.760180 0.676517 0 -1.360500 -8.601640 189.480000 1793.880000 -13 698 1 0 1.000000
-3.133510 -1.187040 0 0.005544 0.841954 184.688000 1793.770000 -13 699 1 0 1.000000
0.588467 -0.774764 0 2.109950 10.356200 192.015000 1793.780000 -13 700 1 0 1.000000
-0.352821 0.418951 0 -18.722900 7.892240 180.298000 1793.860000 -13 701 1 0 1.000000
0.699661 -1.493700 0 22.663700 -18.599000 176.027000 1793.750000 -13 702 1 0 1.000000
-2.099610 -1.027060 0 -11.928000 13.991800 181.924000 1793.760000 -13 703 1 0 1.000000
-2.853470 1.759000 0 -2.160840 -7.946860 186.590000 1793.700000 -13 704 1 0 1.000000
0.030881 -2.950280 0 -11.302000 22.445100 194.557000 1793.780000 -13 705 1 0 1.000000
-0.466980 2.234980 0 -21.502500 -0.642464 197.223000 1793.960000 -13 706 1 0 1.000000
0.751625 1.754190 0 10.500300 15.431500 210.313000 1793.640000 -13 707 1 0 1.000000
0.974823 -3.120960 0 14.678400 15.860400 207.171000 1793.740000 -13 708 1 0 1.000000
-0.100487 -3.165830 0 13.094000 -0.628430 197.428000 1793.870000 -13 709 1 0 1.000000
0.399332 -2.548870 0 -9.503350 10.790500 189.482000 1793.820000 -13 710 1 0 1.000000
0.158329 2.535280 0 -20.880300 27.109800 188.324000 1793.860000 -13 711 1 0 1.000000
0.442906 -7.167570 0 7.426060 -1.389290 193.856000 1793.690000 -13 712 1 0 1.000000
-1.204160 -5.539060 0 9.121360 0.213086 199.224000 1793.750000 -13 713 1 0 1.000000
-1.573980 -1.500260 0 12.280700 -6.727720 192.017000 1793.890000 -13 714 1 0 1.000000
0.864114 -2.182690 0 -8.276950 12.632400 188.632000 1793.770000 -13 715 1 0 1.000000
-2.379060 0.866215 0 -11.718500 -3.761170 181.019000 1793.820000 -13 716 1 0 1.000000
-1.807300 -5.775000 0 16.854500 -9.624120 195.196000 1793.850000 -13 717 1 0 1.000000
-3.408670 -1.953200 0 1.396170 -5.443910 200.936000 1793.720000 -13 718 1 0 1.000000
-2.838240 -2.419440 0 -3.923000 3.047810 201.951000 1793.870000 -13 719 1 0 1.000000
-4.477210 -1.321610 0 4.704320 -5.505820 199.562000 1793.840000 -13 720 1 0 1.000000
1.361430 -1.562050 0 -9.107450 0.988498 184.329000 1793.730000 -13 721 1 0 1.000000
-1.580640 -3.577600 0 4.921020 6.868520 188.768000 1793.820000 -13 722 1 0 1.000000
-1.579530 1.172080 0 17.932200 -1.329690 195.387000 1793.730000 -13 723 1 0 1.000000
0.442013 2.149310 0 -10.662300 13.099400 177.829000 1793.740000 -13 724 1 0 1.000000
-2.044200 -0.053384 0 -8.060260 7.158500 180.427000 1793.710000 -13 725 1 0 1.000000
-1.666190 -3.301270 0 8.780660 5.451140 191.073000 1793.720000 -13 726 1 0 1.000000
-1.645370 -2.352600 0 16.958500 -7.827780 199.760000 1793.700000 -13 727 1 0 1.000000
-0.076832 -1.415720 0 13.044300 7.443700 182.555000 1793.750000 -13 728 1 0 1.000000
1.356870 -0.391620 0 5.547020 -19.875100 181.787000 1793.810000 -13 729 1 0 1.000000
1.764240 -2.706280 0 -15.360600 -2.281050 188.672000 1793.920000 -13 730 1 0 1.000000
1.175920 0.422758 0 -5.840790 -15.804400 191.066000 1793.900000 -13 731 1 0 1.000000
-2.809020 -0.068509 0 -11.766400 -16.343600 185.915000 1793.860000 -13 732 1 0 1.000000
-3.099560 -1.221110 0 22.311200 -11.527100 183.572000 1793.810000 -13 733 1 0 1.000000
-3.282250 -1.476000 0 20.281600 -5.038800 198.421000 1793.710000 -13 734 1 0 1.000000
-1.449230 -1.266310 0 -30.114700 -5.065560 187.436000 1793.710000 -13 735 1 0 1.000000
-0.137784 -0.076715 0 7.934820 -10.542600 189.530000 1793.750000 -13 736 1 0 1.000000
-3.683560 0.239225 0 -3.062030 -3.996720 187.683000 1793.670000 -13 737 1 0 1.000000
-0.479359 -5.588150 0 -21.280000 11.865300 192.390000 1793.630000 -13 738 1 0 1.000000
-2.240600 -2.267170 0 10.797700 -5.242970 193.257000 1793.640000 -13 739 1 0 1.000000
0.554852 -2.310620 0 -6.671490 5.551870 197.126000 1793.780000 -13 740 1 0 1.000000
1.177280 -4.732600 0 -9.175890 4.336250 194.081000 1793.870000 -13 741 1 0 1.000000
0.434998 -2.621250 0 19.957000 -0.238912 201.404000 1793.930000 -13 742 1 0 1.000000
-1.861280 -0.739321 0 1.727590 -20.778500 183.349000 1793.830000 -13 743 1 0 1.000000
-2.696880 -1.426830 0 11.434700 0.649043 191.923000 1793.850000 -13 744 1 0 1.000000
-4.213570 1.124850 0 -8.130790 -9.380710 191.636000 1793.860000 -13 745 1 0 1.000000
2.577130 -3.277010 0 -7.626650 -17.727000 196.209000 1793.850000 -13 746 1 0 1.000000
-0.463440 -0.979404 0 -7.709010 7.145550 189.862000 1793.900000 -13 747 1 0 1.000000
-2.201830 -2.889290 0 21.195000 -12.220000 208.515000 1793.650000 -13 748 1 0 1.000000
0.430177 -0.748751 0 16.530300 9.392620 184.483000 1793.730000 -13 749 1 0 1.000000
-0.889712 -1.539090 0 9.348590 3.590000 181.014000 1793.900000 -13 750 1 0 1.000000
-3.227480 -0.872990 0 12.907000 3.005630 182.534000 1793.840000 -13 751 1 0 1.000000
-0.941302 -3.980330 0 -12.984800 -9.141370 204.452000 1793.820000 -13 752 1 0 1.000000
-1.618350 -2.214060 0 2.352780 -8.065390 211.446000 1793.740000 -13 753 1 0 1.000000
-2.112420 -2.773660 0 14.632400 2.621790 178.128000 1793.770000 -13 754 1 0 1.000000
-2.586110 0.398806 0 -4.028440 2.215920 195.088000 1793.870000 -13 755 1 0 1.000000
-1.607920 -2.352190 0 -13.421900 -5.908610 194.398000 1793.920000 -13 756 1 0 1.000000
-2.277760 -2.000740 0 12.659300 -21.558800 201.297000 1793.760000 -13 757 1 0 1.000000
-2.122160 -3.710320 0 11.538900 -3.279800 207.174000 1793.720000 -13 758 1 0 1.000000
-1.320740 -4.885350 0 -6.134810 3.544400 198.215000 1793.760000 -13 759 1 0 1.000000
0.189670 -1.424400 0 -6.989390 2.957170 193.135000 1793.700000 -13 760 1 0 1.000000
0.071680 0.289822 0 -10.565600 16.265300 193.433000 1793.810000 -13 761 1 0 1.000000
-0.156167 -1.971330 0 0.852475 0.307220 185.084000 1793.830000 -13 762 1 0 1.000000
-4.909760 -0.043122 0 11.297900 -24.125900 185.250000 1793.800000 -13 763 1 0 1.000000
-0.862357 0.963009 0 12.435100 -0.419070 186.553000 1793.870000 -13 764 1 0 1.000000
-2.095370 -2.777310 0 1.284740 -1.747790 186.850000 1793.700000 -13 765 1 0 1.000000
-1.762080 -1.313090 0 -6.444300 -8.609910 202.403000 1793.870000 -13 766 1 0 1.000000
-0.760326 -2.213990 0 -5.603410 12.667500 198.183000 1793.830000 -13 767 1 0 1.000000
1.568010 1.876690 0 -18.361200 8.342770 188.898000 1793.840000 -13 768 1 0 1.000000
-1.541980 -1.084790 0 3.603780 -4.599320 188.472000 1793.740000 -13 769 1 0 1.000000
-2.466600 -2.532890 0 4.291000 -2.898140 193.107000 1793.860000 -13 770 1 0 1.000000
-1.441810 -3.329370 0 19.652200 3.698290 186.839000 1793.870000 -13 771 1 0 1.000000
-2.548670 -5.780020 0 17.676100 -13.642000 195.929000 1793.840000 -13 772 1 0 1.000000
-1.186910 -0.310067 0 -0.273001 0.534833 193.865000 1793.640000 -13 773 1 0 1.000000
-1.122920 0.443445 0 0.312475 -1.446050 183.167000 1793.840000 -13 774 1 0 1.000000
0.462603 -1.774860 0 4.294920 -9.286170 178.873000 1793.710000 -13 775 1 0 1.000000
-0.555772 -1.326560 0 1.602310 -0.515518 194.769000 1793.840000 -13 776 1 0 1.000000
1.078490 -3.059500 0 11.766500 -8.412880 179.762000 1793.750000 -13 777 1 0 1.000000
-2.760060 -0.748721 0 -10.923600 -9.622670 204.065000 1793.620000 -13 778 1 0 1.000000
0.057347 -0.008415 0 -9.647990 8.642890 194.162000 1793.940000 -13 779 1 0 1.000000
0.367660 -0.514499 0 8.091320 -5.540300 197.307000 1793.750000 -13 780 1 0 1.000000
-1.067780 -5.253080 0 -8.323530 -8.802440 199.555000 1793.860000 -13 781 1 0 1.000000
0.539936 -5.558710 0 -2.105520 -0.982606 201.424000 1793.750000 -13 782 1 0 1.000000
-1.781900 0.997204 0 -1.453460 -20.474600 198.192000 1793.750000 -13 783 1 0 1.000000
1.446970 -1.319790 0 2.017870 11.333000 189.012000 1793.750000 -13 784 1 0 1.000000
0.818567 -2.069050 0 -5.099230 11.683700 194.125000 1793.840000 -13 785 1 0 1.000000
-1.463120 -2.655320 0 -10.538600 2.534350 196.441000 1793.870000 -13 786 1 0 1.000000
1.337930 0.836917 0 -5.945630 32.926600 192.678000 1793.820000 -13 787 1 0 1.000000
-2.492030 -4.771480 0 13.012000 10.948700 199.254000 1793.900000 -13 788 1 0 1.000000
1.550600 -1.443180 0 -4.204630 -0.228721 180.922000 1793.800000 -13 789 1 0 1.000000
-2.880310 2.789520 0 -10.835200 -13.010900 193.123000 1793.780000 -13 790 1 0 1.000000
0.784221 -3.009090 0 9.148040 5.656390 187.070000 1793.840000 -13 791 1 0 1.000000
-0.000800 0.072862 0 -0.801939 -5.473600 188.812000 1793.840000 -13 792 1 0 1.000000
-4.154180 3.928830 0 -13.445600 1.235330 196.418000 1793.740000 -13 793 1 0 1.000000
0.151051 -3.481660 0 -4.287280 5.268420 185.511000 1793.780000 -13 794 1 0 1.000000
-0.379507 -1.780590 0 -11.395000 -8.609770 205.310000 1793.880000 -13 795 1 0 1.000000
-2.864040 -1.907590 0 -3.368720 -13.580900 190.657000 1793.650000 -13 796 1 0 1.000000
-0.840171 -1.661550 0 2.925040 8.114090 189.221000 1793.860000 -13 797 1 0 1.000000
-1.474320 -0.659929 0 -17.776600 1.561090 205.417000 1793.730000 -13 798 1 0 1.000000
2.246230 -1.805930 0 8.340410 -11.867600 190.592000 1793.750000 -13 799 1 0 1.000000
-0.071398 -1.533970 0 5.969050 -10.435600 195.287000 1793.930000 -13 800 1 0 1.000000
-0.145816 -1.193680 0 8.073580 2.213140 182.672000 1793.890000 -13 801 1 0 1.000000
-0.278753 1.266140 0 -1.018370 -11.692000 198.656000 1793.870000 -13 802 1 0 1.000000
0.198904 0.765679 0 -8.283150 4.880590 195.406000 1793.890000 -13 803 1 0 1.000000
1.164280 -0.181097 0 -20.175100 -15.576400 188.004000 1793.830000 -13 804 1 0 1.000000
-0.731723 -0.979048 0 -8.703910 -3.940900 190.963000 1793.820000 -13 805 1 0 1.000000
-0.443908 -1.745690 0 -2.250440 -3.279760 188.486000 1793.780000 -13 806 1 0 1.000000
-2.101860 -2.845440 0 10.483300 -0.745052 183.991000 1793.710000 -13 807 1 0 1.000000
-3.192460 2.029450 0 -3.129350 -14.400600 198.679000 1793.790000 -13 808 1 0 1.000000
-0.255952 -1.945040 0 -10.946300 7.634170 197.850000 1793.820000 -13 809 1 0 1.000000
-0.480722 -2.113520 0 -2.440030 -15.485900 183.263000 1793.680000 -13 810 1 0 1.000000
-5.273600 -2.012190 0 4.375170 6.125520 190.212000 1793.780000 -13 811 1 0 1.000000
-0.189118 -1.081400 0 -19.006800 9.129460 196.020000 1793.860000 -13 812 1 0 1.000000
-0.506034 -0.053375 0 -17.172900 -19.359300 176.642000 1793.730000 -13 813 1 0 1.000000
0.341697 -6.400400 0 5.022940 -8.163450 184.905000 1793.760000 -13 814 1 0 1.000000
-1.328880 -2.475210 0 -2.346650 5.327980 201.947000 1793.650000 -13 815 1 0 1.000000
0.796646 -0.854304 0 6.492180 16.625100 207.545000 1793.660000 -13 816 1 0 1.000000
-0.882581 -1.731910 0 -2.122290 15.499300 203.587000 1793.790000 -13 817 1 0 1.000000
-2.216700 -1.655440 0 11.048200 16.813200 199.704000 1793.860000 -13 818 1 0 1.000000
0.061317 -2.360530 0 -6.681920 16.682100 197.787000 1793.740000 -13 819 1 0 1.000000
-0.373681 -0.025253 0 -19.524300 -9.611740 181.827000 1793.850000 -13 820 1 0 1.000000
-0.685587 -1.468720 0 -4.627220 -21.435900 185.084000 1793.710000 -13 821 1 0 1.000000
0.500335 1.299160 0 -2.578030 6.032110 185.182000 1793.750000 -13 822 1 0 1.000000
-3.061700 -2.056780 0 -3.483570 6.420260 200.915000 1793.880000 -13 823 1 0 1.000000
-2.816600 0.397023 0 -15.213400 8.708220 188.797000 1793.830000 -13 824 1 0 1.000000
-1.682440 -1.129860 0 -7.677000 10.108000 193.826000 1793.910000 -13 825 1 0 1.000000
-2.847320 -0.529327 0 -8.998980 -2.206410 191.452000 1793.840000 -13 826 1 0 1.000000
-0.618128 -4.019660 0 6.237080 -4.347550 188.070000 1793.860000 -13 827 1 0 1.000000
-0.558008 -1.173750 0 -10.678700 1.039140 201.306000 1793.730000 -13 828 1 0 1.000000
1.044950 -1.301820 0 4.585630 -0.070642 209.613000 1793.750000 -13 829 1 0 1.000000
-2.197210 -2.138450 0 6.852000 -12.598700 188.531000 1793.670000 -13 830 1 0 1.000000
1.086180 -2.849270 0 10.092700 -0.127272 192.111000 1793.790000 -13 831 1 0 1.000000
1.563190 -4.775960 0 -2.139400 5.081790 193.953000 1793.870000 -13 832 1 0 1.000000
-0.885597 -0.158019 0 -11.302500 3.995180 190.949000 1793.910000 -13 833 1 0 1.000000
0.456453 -1.682580 0 3.827980 4.744210 191.446000 1793.690000 -13 834 1 0 1.000000
-1.471630 -1.164550 0 7.458900 -24.478300 204.701000 1793.780000 -13 835 1 0 1.000000
1.261360 -0.311896 0 2.992060 4.562870 180.735000 1793.880000 -13 836 1 0 1.000000
0.529379 -0.699163 0 2.389430 -13.708900 194.267000 1793.630000 -13 837 1 0 1.000000
-1.045700 -1.127990 0 -15.493100 2.431230 180.350000 1793.690000 -13 838 1 0 1.000000
-3.364070 -3.923640 0 13.596300 2.126910 194.150000 1793.620000 -13 839 1 0 1.000000
0.090809 -2.322950 0 17.017200 -5.316290 181.445000 1793.790000 -13 840 1 0 1.000000
-4.606720 2.139230 0 -14.699100 -3.209890 193.687000 1793.770000 -13 841 1 0 1.000000
-2.393950 3.705870 0 -11.478500 -3.782040 191.176000 1793.760000 -13 842 1 0 1.000000
-3.586650 -3.615570 0 12.788000 -1.737920 200.505000 1793.840000 -13 843 1 0 1.000000
-0.779073 -2.907640 0 10.349400 1.697680 183.884000 1793.750000 -13 844 1 0 1.000000
-1.250310 -6.909440 0 21.620200 21.890900 192.800000 1793.880000 -13 845 1 0 1.000000
-0.637928 -4.181670 0 -8.890300 -1.943000 192.221000 1793.850000 -13 846 1 0 1.000000
-2.505550 -2.210300 0 9.442720 1.345300 189.160000 1793.770000 -13 847 1 0 1.000000
-0.174696 0.978033 0 3.025030 14.349800 196.181000 1793.650000 -13 848 1 0 1.000000
-2.474770 -1.550640 0 -4.593450 -7.402560 184.381000 1793.710000 -13 849 1 0 1.000000
-4.058530 -1.402770 0 8.638700 15.201300 199.231000 1793.740000 -13 850 1 0 1.000000
-2.348310 -0.249614 0 9.943750 10.247700 192.723000 1793.820000 -13 851 1 0 1.000000
-0.890328 -2.304510 0 -8.837480 8.847650 190.078000 1793.810000 -13 852 1 0 1.000000
2.658350 -1.805920 0 2.677610 14.749300 190.134000 1793.610000 -13 853 1 0 1.000000
0.905017 -2.836280 0 0.595787 27.395300 178.395000 1793.820000 -13 854 1 0 1.000000
0.442518 -2.691820 0 -5.677770 -27.283000 183.240000 1793.650000 -13 855 1 0 1.000000
0.446548 0.943637 0 -4.549220 16.674800 200.622000 1793.740000 -13 856 1 0 1.000000
-0.960868 -3.108090 0 14.346300 -27.097100 183.787000 1793.750000 -13 857 1 0 1.000000
-3.243870 -2.111880 0 1.122490 -2.594220 205.157000 1793.930000 -13 858 1 0 1.000000
-1.747810 -0.581922 0 -3.667130 -4.096030 192.378000 1793.890000 -13 859 1 0 1.000000
-2.420610 -4.634550 0 24.760000 0.378526 205.555000 1793.710000 -13 860 1 0 1.000000
-4.223650 0.531598 0 -9.334090 -6.503400 198.783000 1793.620000 -13 861 1 0 1.000000
-0.030307 -3.389980 0 -4.369170 -10.043800 200.371000 1793.780000 -13 862 1 0 1.000000
0.751999 2.515910 0 18.385900 10.707400 201.928000 1793.830000 -13 863 1 0 1.000000
-2.272400 -1.398250 0 12.851100 -8.637000 185.454000 1793.740000 -13 864 1 0 1.000000
0.579001 -1.958200 0 -4.204980 -24.933900 179.716000 1793.860000 -13 865 1 0 1.000000
-2.733790 -1.268020 0 -10.373200 9.442510 203.594000 1793.730000 -13 866 1 0 1.000000
-1.402260 0.400064 0 -10.470200 -13.927000 185.431000 1793.810000 -13 867 1 0 1.000000
0.774167 2.101630 0 -14.629900 10.395500 184.578000 1793.650000 -13 868 1 0 1.000000
-1.625090 1.111490 0 -10.220700 -0.295212 209.186000 1793.860000 -13 869 1 0 1.000000
-0.530617 -2.268160 0 0.755750 14.174800 199.417000 1793.850000 -13 870 1 0 1.000000
-1.175610 -2.451290 0 6.354140 0.715880 191.073000 1793.720000 -13 871 1 0 1.000000
-0.704156 -3.481220 0 -16.527200 -11.100200 196.531000 1793.790000 -13 872 1 0 1.000000
-1.785670 -1.868460 0 2.593770 1.549980 180.998000 1793.730000 -13 873 1 0 1.000000
-0.230366 -2.399730 0 -0.083987 22.656500 187.215000 1793.750000 -13 874 1 0 1.000000
-2.406440 -3.996460 0 -13.457400 2.232980 183.243000 1793.770000 -13 875 1 0 1.000000
-1.187430 0.391850 0 8.679300 16.702100 187.211000 1793.810000 -13 876 1 0 1.000000
-0.725528 -2.380060 0 -15.483400 5.525970 197.958000 1793.700000 -13 877 1 0 1.000000
1.688350 -3.061040 0 15.739700 -6.017610 201.318000 1793.810000 -13 878 1 0 1.000000
0.183145 -1.959840 0 -1.159830 9.658730 193.755000 1793.790000 -13 879 1 0 1.000000
1.050170 0.066658 0 -10.952300 11.370000 181.884000 1793.760000 -13 880 1 0 1.000000
-3.239910 0.528876 0 4.166370 5.997440 202.044000 1793.820000 -13 881 1 0 1.000000
-0.116863 -1.208030 0 11.282400 -33.358400 195.235000 1793.830000 -13 882 1 0 1.000000
1.152230 -3.322290 0 7.913700 -12.433900 193.755000 1793.750000 -13 883 1 0 1.000000
-0.169365 0.157540 0 3.594150 -5.435330 197.441000 1793.720000 -13 884 1 0 1.000000
-2.333380 -2.414480 0 -1.328190 -8.436950 201.894000 1793.570000 -13 885 1 0 1.000000
-0.226691 -1.501570 0 -10.780400 19.553500 187.322000 1793.760000 -13 886 1 0 1.000000
1.541790 -1.633420 0 -7.854000 3.509550 187.709000 1793.850000 -13 887 1 0 1.000000
-1.235400 -3.423380 0 3.801250 13.469700 192.280000 1793.830000 -13 888 1 0 1.000000
-3.229620 0.223309 0 -8.514830 -2.410000 203.485000 1793.780000 -13 889 1 0 1.000000
-2.129240 -2.461960 0 1.373310 7.765920 197.346000 1793.870000 -13 890 1 0 1.000000
0.881089 0.372454 0 -16.384400 11.845700 190.243000 1793.890000 -13 891 1 0 1.000000
-1.716490 -3.186070 0 15.127300 -21.493600 191.521000 1793.930000 -13 892 1 0 1.000000
1.040620 -2.364890 0 10.186600 13.364400 190.229000 1793.670000 -13 893 1 0 1.000000
-1.009040 0.518538 0 -13.081600 -4.433570 190.742000 1793.780000 -13 894 1 0 1.000000
1.858420 -0.597650 0 -13.436100 -8.119420 185.307000 1793.770000 -13 895 1 0 1.000000
1.066940 -3.795170 0 12.848600 3.860910 192.414000 1793.880000 -13 896 1 0 1.000000
0.659676 -1.794800 0 -5.010130 -8.778220 186.917000 1793.850000 -13 897 1 0 1.000000
-1.434760 -1.697510 0 1.505530 12.872600 184.866000 1793.720000 -13 898 1 0 1.000000
0.586630 -1.550880 0 17.325300 -10.029700 176.424000 1793.820000 -13 899 1 0 1.000000
-1.386790 -1.653580 0 4.280960 -8.793000 187.102000 1793.840000 -13 900 1 0 1.000000
0.134680 -3.013480 0 6.363550 5.943920 204.767000 1793.780000 -13 901 1 0 1.000000
-1.482610 -0.494621 0 9.154200 -4.090590 202.386000 1793.780000 -13 902 1 0 1.000000
-0.350191 -3.324100 0 -2.985090 2.294930 205.451000 1793.880000 -13 903 1 0 1.000000
2.839720 -1.759720 0 10.792700 -6.277490 196.232000 1793.810000 -13 904 1 0 1.000000
-0.965582 -3.987200 0 2.701910 8.943670 194.322000 1793.880000 -13 905 1 0 1.000000
0.835384 -1.957750 0 -7.993780 8.047990 183.054000 1793.820000 -13 906 1 0 1.000000
0.767960 -0.810597 0 -7.382560 3.304310 184.566000 1793.870000 -13 907 1 0 1.000000
0.653306 -1.774120 0 0.118707 14.548900 189.002000 1793.620000 -13 908 1 0 1.000000
0.781173 -1.681930 0 -20.985300 -18.945000 183.843000 1793.770000 -13 909 1 0 1.000000
-1.020570 -0.201858 0 -0.141216 -26.354600 187.549000 1793.620000 -13 910 1 0 1.000000
2.109060 -1.049830 0 -6.292320 13.460500 182.377000 1793.690000 -13 911 1 0 1.000000
-3.375920 -3.259670 0 -3.578220 6.362540 204.218000 1793.880000 -13 912 1 0 1.000000
-1.488880 -2.305300 0 -8.337420 2.507130 184.228000 1793.850000 -13 913 1 0 1.000000
-2.520740 -2.619000 0 16.724400 -7.081890 202.558000 1793.900000 -13 914 1 0 1.000000
1.455510 -2.882480 0 -4.215490 -4.372560 199.229000 1793.910000 -13 915 1 0 1.000000
-3.829520 -3.648270 0 0.502226 -15.897700 196.976000 1793.800000 -13 916 1 0 1.000000
-3.144160 -1.282960 0 2.453540 12.601300 196.266000 1793.750000 -13 917 1 0 1.000000
-2.596800 -1.455820 0 -26.953900 -2.170790 182.813000 1793.710000 -13 918 1 0 1.000000
-1.884090 -1.615100 0 4.261920 12.173400 188.678000 1793.820000 -13 919 1 0 1.000000
-2.374820 -0.844227 0 11.051700 16.362300 178.086000 1793.810000 -13 920 1 0 1.000000
0.543773 -2.116130 0 -2.297910 9.474170 195.018000 1793.790000 -13 921 1 0 1.000000
0.489362 1.027270 0 15.135000 -0.848584 188.137000 1793.810000 -13 922 1 0 1.000000
-1.415510 -2.387070 0 0.882110 -28.517100 185.921000 1793.860000 -13 923 1 0 1.000000
-2.820010 -0.373966 0 -13.640200 -19.583800 200.184000 1793.850000 -13 924 1 0 1.000000
0.147298 -0.014340 0 2.761430 5.209420 192.265000 1793.910000 -13 925 1 0 1.000000
1.166240 -2.663240 0 1.359170 3.650830 185.989000 1793.680000 -13 926 1 0 1.000000
0.198241 0.045054 0 7.956890 -10.271000 206.718000 1793.780000 -13 927 1 0 1.000000
-1.295960 -2.224200 0 26.120300 4.057000 196.464000 1793.830000 -13 928 1 0 1.000000
-1.792580 -3.716950 0 -8.048270 -12.484000 186.226000 1793.830000 -13 929 1 0 1.000000
-0.885481 0.706627 0 1.281690 4.871530 184.545000 1793.830000 -13 930 1 0 1.000000
0.996100 -2.557930 0 6.864160 11.692400 189.823000 1793.900000 -13 931 1 0 1.000000
-3.268520 1.402770 0 -0.909021 -11.653000 183.675000 1793.670000 -13 932 1 0 1.000000
-2.879090 -2.202040 0 -4.871190 -12.708300 188.137000 1793.830000 -13 933 1 0 1.000000
-3.001210 -2.202890 0 13.108600 3.121390 190.132000 1793.870000 -13 934 1 0 1.000000
-0.938803 -3.195900 0 2.447640 -8.782410 195.344000 1793.820000 -13 935 1 0 1.000000
-1.013180 -6.722910 0 11.411900 4.589160 190.051000 1793.700000 -13 936 1 0 1.000000
-1.314760 -4.177230 0 6.019820 -10.666100 198.874000 1793.910000 -13 937 1 0 1.000000
-4.581720 -0.804207 0 -2.870480 -2.576250 202.173000 1793.880000 -13 938 1 0 1.000000
-3.925970 -2.646540 0 21.351500 -17.906100 198.513000 1793.800000 -13 939 1 0 1.000000
0.662072 -1.582800 0 -5.198110 -9.217600 192.527000 1793.700000 -13 940 1 0 1.000000
-1.307730 -1.722220 0 10.053300 13.211600 211.501000 1793.830000 -13 941 1 0 1.000000
1.896110 -3.149220 0 -2.809020 14.325300 188.281000 1793.940000 -13 942 1 0 1.000000
-3.179660 -1.170390 0 14.152700 -21.303800 183.710000 1793.850000 -13 943 1 0 1.000000
0.081633 -0.304032 0 -2.597760 -17.974900 217.310000 1793.850000 -13 944 1 0 1.000000
2.273110 -2.099670 0 -11.834400 -9.292590 196.568000 1793.750000 -13 945 1 0 1.000000
-0.725150 2.330470 0 5.633060 5.499860 193.293000 1793.940000 -13 946 1 0 1.000000
-2.777310 -2.015480 0 -4.665270 7.481900 193.821000 1793.860000 -13 947 1 0 1.000000
-2.026180 0.478868 0 -8.197650 -2.745490 191.922000 1793.670000 -13 948 1 0 1.000000
-0.994876 -0.785151 0 9.097290 30.999300 199.237000 1793.620000 -13 949 1 0 1.000000
-2.083190 -3.229530 0 3.696520 -7.011760 199.132000 1793.680000 -13 950 1 0 1.000000
-1.406180 -2.312210 0 -16.985700 -5.273040 180.895000 1793.770000 -13 951 1 0 1.000000
0.428004 -4.168350 0 -17.989600 4.630680 193.257000 1793.650000 -13 952 1 0 1.000000
-2.540720 -1.128950 0 -4.254510 -0.494872 185.165000 1793.740000 -13 953 1 0 1.000000
1.545660 -1.291990 0 -2.298650 -9.697940 186.110000 1793.820000 -13 954 1 0 1.000000
0.580704 1.262790 0 0.189046 -2.923780 187.493000 1793.720000 -13 955 1 0 1.000000
-2.035840 -2.865880 0 -12.083700 -9.435830 198.423000 1793.880000 -13 956 1 0 1.000000
-2.103760 0.230701 0 3.050690 0.190883 193.468000 1793.710000 -13 957 1 0 1.000000
3.331220 -2.181110 0 6.733470 -12.187200 192.906000 1793.820000 -13 958 1 0 1.000000
-1.389640 -1.267550 0 6.177410 -4.150530 177.166000 1793.860000 -13 959 1 0 1.000000
-1.526500 -1.880550 0 11.327300 7.845820 179.455000 1793.790000 -13 960 1 0 1.000000
0.099083 -2.479930 0 -0.816586 0.348559 199.786000 1793.860000 -13 961 1 0 1.000000
-1.143680 -0.983543 0 12.108200 -2.156830 184.363000 1793.880000 -13 962 1 0 1.000000
-0.950566 -0.884725 0 -1.185840 27.907800 205.624000 1793.750000 -13 963 1 0 1.000000
2.367090 -5.001070 0 10.207600 4.692870 197.773000 1793.850000 -13 964 1 0 1.000000
1.319020 0.384960 0 4.135610 19.584800 192.919000 1793.620000 -13 965 1 0 1.000000
-3.771690 -6.205480 0 20.239800 -14.288400 200.879000 1793.860000 -13 966 1 0 1.000000
-1.756820 -3.569600 0 8.287570 -8.198240 182.662000 1793.840000 -13 967 1 0 1.000000
-3.269020 -2.748520 0 1.112930 4.393350 184.991000 1793.640000 -13 968 1 0 1.000000
2.346020 -2.947590 0 0.538846 -0.783758 187.353000 1793.770000 -13 969 1 0 1.000000
0.623098 -3.134310 0 8.979680 -1.781330 185.545000 1793.890000 -13 970 1 0 1.000000
-0.099293 -0.501127 0 -0.794553 -6.671200 181.925000 1793.660000 -13 971 1 0 1.000000
-4.130360 0.363973 0 10.215800 -18.932400 197.487000 1793.690000 -13 972 1 0 1.000000
-1.128120 1.032910 0 6.382770 16.468700 179.240000 1793.710000 -13 973 1 0 1.000000
1.905250 -5.006790 0 -17.575300 -0.696292 183.594000 1793.740000 -13 974 1 0 1.000000
0.704424 -1.820390 0 -3.738990 -1.782760 185.711000 1793.810000 -13 975 1 0 1.000000
0.839869 -1.962080 0 -0.262521 -4.544140 181.396000 1793.830000 -13 976 1 0 1.000000
2.773070 1.450770 0 5.787010 1.692630 197.262000 1793.820000 -13 977 1 0 1.000000
1.918310 -5.402190 0 17.618100 12.959100 195.931000 1793.830000 -13 978 1 0 1.000000
-1.570140 -5.398070 0 11.169700 17.080500 208.756000 1793.800000 -13 979 1 0 1.000000
0.763741 -2.392360 0 15.044500 -6.632060 174.465000 1793.820000 -13 980 1 0 1.000000
-3.622500 -2.202860 0 15.212900 -8.568360 198.598000 1793.810000 -13 981 1 0 1.000000
0.244929 2.085900 0 -8.459090 1.579440 187.292000 1793.900000 -13 982 1 0 1.000000
-0.099563 0.160944 0 -7.897320 7.016760 188.191000 1793.710000 -13 983 1 0 1.000000
-1.482840 -3.409220 0 4.922640 -4.670090 215.684000 1793.680000 -13 984 1 0 1.000000
-3.593610 -0.637819 0 14.310300 -21.449900 210.615000 1793.840000 -13 985 1 0 1.000000
-3.269740 -2.637370 0 -5.871470 -3.086170 185.495000 1793.860000 -13 986 1 0 1.000000
0.354090 0.699197 0 12.187700 1.546240 208.685000 1793.890000 -13 987 1 0 1.000000
-2.148550 -0.168792 0 14.466700 -2.573160 186.896000 1793.920000 -13 988 1 0 1.000000
-2.431350 -1.494110 0 -4.603990 -18.167200 188.780000 1793.670000 -13 989 1 0 1.000000
-0.622543 -1.873740 0 -3.671090 -18.052400 191.874000 1790.920000 -13 990 1 0 1.000000
-3.433440 0.228124 0 6.048550 -3.580600 205.905000 1790.800000 -13 991 1 0 1.000000
-2.592420 -4.428420 0 7.213080 8.994260 179.088000 1791.030000 -13 992 1 0 1.000000
-4.337100 1.192940 0 3.448520 -6.302690 189.292000 1793.830000 -13 993 1 0 1.000000
1.759470 -1.373400 0 -14.187800 0.597769 187.048000 1793.840000 -13 994 1 0 1.000000
-2.554850 -3.330380 0 -8.453040 -12.740800 191.131000 1793.760000 -13 995 1 0 1.000000
-0.601515 -1.331950 0 -7.034180 2.562860 178.926000 1793.810000 -13 996 1 0 1.000000
-2.305500 1.013440 0 -0.993380 -19.425600 199.744000 1793.880000 -13 997 1 0 1.000000
-3.232730 -2.325260 0 10.272300 -2.526050 197.840000 1793.850000 -13 998 1 0 1.000000
0.315653 -3.249610 0 -13.596000 -12.335100 198.701000 1793.690000 -13 999 1 0 1.000000
-0.687930 -5.185460 0 9.520040 0.203475 182.274000 1793.720000 -13 1000 1 0 1.000000
-2.198180 -0.803454 0 14.458800 24.103600 191.180000 1793.730000 -13 1001 1 0 1.000000
-1.214850 0.977452 0 -9.919710 -0.401090 196.307000 1793.840000 -13 1002 1 0 1.000000
-1.720580 0.914651 0 20.132400 9.252690 191.992000 1793.740000 -13 1003 1 0 1.000000
-2.011300 -3.407920 0 -3.593920 -17.166700 198.546000 1793.860000 -13 1004 1 0 1.000000
-0.849104 1.276710 0 1.616310 28.335300 177.121000 1793.750000 -13 1005 1 0 1.000000
0.681251 1.825350 0 -10.712100 -2.027440 199.186000 1793.830000 -13 1006 1 0 1.000000
-2.852120 -1.379410 0 13.043700 -19.907000 179.911000 1793.850000 -13 1007 1 0 1.000000
-2.267860 0.273374 0 -14.845800 -12.864300 191.175000 1793.860000 -13 1008 1 0 1.000000
-1.161950 -1.666150 0 -11.502800 -13.065400 203.785000 1793.660000 -13 1009 1 0 1.000000
-4.120060 -2.536030 0 -12.585300 -1.368630 211.539000 1793.870000 -13 1010 1 0 1.000000
-3.557440 -0.284784 0 7.395610 7.422710 202.022000 1793.960000 -13 1011 1 0 1.000000
-1.241020 -4.059350 0 -9.486000 -6.348260 185.294000 1793.920000 -13 1012 1 0 1.000000
-1.130500 -0.429164 0 18.312300 -5.211400 179.714000 1793.770000 -13 1013 1 0 1.000000
0.699946 0.811330 0 4.216910 -13.790400 185.650000 1793.880000 -13 1014 1 0 1.000000
1.127430 -2.123950 0 10.677400 6.474260 180.914000 1793.790000 -13 1015 1 0 1.000000
-1.617400 0.107040 0 -11.591600 -9.749310 192.207000 1793.890000 -13 1016 1 0 1.000000
0.417237 -1.006020 0 -13.582900 10.314800 177.021000 1793.790000 -13 1017 1 0 1.000000
-1.699120 -2.292480 0 -7.169080 0.833793 187.674000 1793.920000 -13 1018 1 0 1.000000
-0.748076 -2.676920 0 5.258950 -2.894580 188.777000 1793.850000 -13 1019 1 0 1.000000
-0.131932 -3.582950 0 23.291100 -4.015120 199.412000 1793.790000 -13 1020 1 0 1.000000
1.653250 0.501316 0 2.163880 1.290560 198.261000 1793.770000 -13 1021 1 0 1.000000
0.454564 -1.002480 0 21.541800 0.707847 185.894000 1793.830000 -13 1022 1 0 1.000000
-3.600490 -5.263780 0 13.695900 -8.674430 196.913000 1793.810000 -13 1023 1 0 1.000000
-4.333320 1.580730 0 0.302240 4.868270 188.976000 1793.770000 -13 1024 1 0 1.000000
-0.011510 -2.610730 0 -12.698900 -3.031810 178.706000 1793.820000 -13 1025 1 0 1.000000
-2.294240 -0.647682 0 -8.393590 5.996150 192.005000 1793.700000 -13 1026 1 0 1.000000
0.470277 -1.570020 0 -5.181420 1.363540 185.641000 1793.780000 -13 1027 1 0 1.000000
-1.597320 -2.576970 0 3.681380 3.348020 190.121000 1793.920000 -13 1028 1 0 1.000000
-2.457690 -1.790080 0 -0.025193 -3.455160 201.132000 1793.860000 -13 1029 1 0 1.000000
0.102401 1.370660 0 -26.118500 -7.665720 197.710000 1793.860000 -13 1030 1 0 1.000000
-2.083840 1.672030 0 19.987900 15.852400 199.637000 1793.820000 -13 1031 1 0 1.000000
-1.595360 -1.117510 0 -6.323860 -1.873190 201.886000 1793.800000 -13 1032 1 0 1.000000
-0.128901 -2.052140 0 -9.260130 26.831000 173.663000 1793.820000 -13 1033 1 0 1.000000
-2.038800 -3.575540 0 -4.502360 4.433570 185.028000 1793.890000 -13 1034 1 0 1.000000
1.054200 1.199100 0 -7.809500 13.439100 187.527000 1793.720000 -13 1035 1 0 1.000000
0.847670 0.786649 0 7.157690 -4.599330 205.065000 1793.890000 -13 1036 1 0 1.000000
-2.009490 -2.291270 0 15.307100 -19.289400 188.233000 1793.680000 -13 1037 1 0 1.000000
3.554410 -2.090470 0 -22.220100 -2.769970 182.281000 1793.780000 -13 1038 1 0 1.000000
-1.279660 1.151150 0 11.892700 -3.996470 179.505000 1793.730000 -13 1039 1 0 1.000000
1.613810 -1.744370 0 -21.075200 5.776700 187.485000 1793.910000 -13 1040 1 0 1.000000
-3.454890 1.363080 0 -19.898600 4.140410 195.618000 1793.600000 -13 1041 1 0 1.000000
-0.190768 -2.623760 0 -1.174250 -6.785430 212.961000 1793.750000 -13 1042 1 0 1.000000
-1.591860 1.776460 0 -3.213270 -22.810500 206.921000 1793.830000 -13 1043 1 0 1.000000
0.712177 2.148230 0 -1.004580 -8.853060 185.209000 1794.000000 -13 1044 1 0 1.000000
1.379380 -0.134078 0 -2.175620 9.688530 189.628000 1793.830000 -13 1045 1 0 1.000000
2.168820 -1.627030 0 0.183077 10.681500 194.205000 1793.720000 -13 1046 1 0 1.000000
-1.965480 -1.086110 0 -10.329200 0.426992 190.617000 1793.810000 -13 1047 1 0 1.000000
-1.232600 1.059290 0 -2.610520 -10.066300 184.432000 1793.720000 -13 1048 1 0 1.000000
-0.130134 -2.733210 0 8.962560 7.027430 180.250000 1793.720000 -13 1049 1 0 1.000000
-0.507207 -0.897951 0 -15.917400 19.946700 189.316000 1793.790000 -13 1050 1 0 1.000000
0.311765 -0.159291 0 0.396855 2.177990 185.145000 1793.780000 -13 1051 1 0 1.000000
-3.724300 0.769535 0 -14.038900 -2.592630 196.927000 1793.800000 -13 1052 1 0 1.000000
-1.792820 -1.539850 0 9.394460 -8.251420 181.216000 1793.730000 -13 1053 1 0 1.000000
-2.467160 -3.871060 0 2.965020 -21.742200 188.746000 1793.870000 -13 1054 1 0 1.000000
-3.679120 -1.037350 0 3.504750 -6.990510 195.290000 1793.920000 -13 1055 1 0 1.000000
-2.037980 -0.644867 0 -14.727300 -5.722840 199.861000 1793.800000 -13 1056 1 0 1.000000
1.443370 -1.801570 0 2.847380 11.204600 198.516000 1793.710000 -13 1057 1 0 1.000000
-4.005230 2.338760 0 5.854030 5.468720 194.870000 1793.810000 -13 1058 1 0 1.000000
-3.279910 -3.629980 0 4.017410 13.286700 189.859000 1793.720000 -13 1059 1 0 1.000000
0.583585 -1.889210 0 -2.437700 1.821230 182.143000 1793.890000 -13 1060 1 0 1.000000
0.860257 1.949950 0 -0.839965 10.580500 183.310000 1793.710000 -13 1061 1 0 1.000000
-0.099240 -1.349590 0 -27.110900 -2.728210 171.275000 1793.760000 -13 1062 1 0 1.000000
-2.469380 -1.946320 0 -2.056490 2.046860 194.803000 1793.830000 -13 1063 1 0 1.000000
-1.477760 -3.587980 0 -4.728950 -2.337030 187.695000 1793.860000 -13 1064 1 0 1.000000
1.402480 -2.337920 0 -10.726200 8.600520 192.231000 1793.760000 -13 1065 1 0 1.000000
-4.114210 -0.851350 0 -7.743610 9.695120 196.603000 1793.760000 -13 1066 1 0 1.000000
-0.012022 -5.357650 0 10.435800 -4.894410 199.757000 1793.880000 -13 1067 1 0 1.000000
-3.034080 -1.339260 0 -9.428500 7.724060 203.592000 1793.780000 -13 1068 1 0 1.000000
-0.853683 -2.233860 0 -3.118760 2.394460 183.821000 1793.840000 -13 1069 1 0 1.000000
-3.666870 -1.998600 0 10.423100 -9.450040 208.545000 1793.680000 -13 1070 1 0 1.000000
-1.398630 -0.820858 0 -4.793960 -17.870300 203.976000 1793.830000 -13 1071 1 0 1.000000
-0.098610 0.002203 0 -3.938100 -3.422850 199.618000 1794.020000 -13 1072 1 0 1.000000
-3.590100 -4.482100 0 16.085300 1.815450 207.135000 1793.880000 -13 1073 1 0 1.000000
0.322217 -3.414120 0 8.626000 -1.585270 196.846000 1793.670000 -13 1074 1 0 1.000000
-0.397824 0.156337 0 11.112900 13.291600 184.165000 1793.670000 -13 1075 1 0 1.000000
0.056194 -0.761012 0 7.215030 -6.528810 206.140000 1793.660000 -13 1076 1 0 1.000000
0.278713 -1.455330 0 -7.037410 19.413000 199.333000 1793.820000 -13 1077 1 0 1.000000
-1.987610 -2.233550 0 6.903430 -2.632660 186.931000 1793.780000 -13 1078 1 0 1.000000
-0.381386 -4.301890 0 10.049700 -6.935190 188.916000 1793.870000 -13 1079 1 0 1.000000
-6.386610 -0.978557 0 3.060500 17.384000 196.128000 1793.720000 -13 1080 1 0 1.000000
-1.136830 -6.086340 0 -26.607400 -4.503730 198.626000 1793.780000 -13 1081 1 0 1.000000
-0.666251 -0.853353 0 9.120960 11.817800 183.470000 1793.660000 -13 1082 1 0 1.000000
-0.238100 -1.610230 0 5.878010 -1.553290 182.393000 1793.840000 -13 1083 1 0 1.000000
-1.504680 -3.254400 0 -5.269460 8.229010 201.282000 1793.600000 -13 1084 1 0 1.000000
-1.458760 2.004030 0 7.449410 -9.795000 196.777000 1793.670000 -13 1085 1 0 1.000000
-0.781998 2.055670 0 -10.760300 20.094800 206.786000 1793.890000 -13 1086 1 0 1.000000
-2.353880 -1.984070 0 5.897820 -5.954160 189.209000 1793.930000 -13 1087 1 0 1.000000
-0.590779 0.205173 0 -2.415770 -6.986950 187.146000 1793.840000 -13 1088 1 0 1.000000
-0.474353 0.038952 0 -15.881500 -2.243650 204.303000 1793.760000 -13 1089 1 0 1.000000
-0.843563 -1.294490 0 -15.765900 12.117400 189.551000 1793.670000 -13 1090 1 0 1.000000
0.647567 -0.750381 0 -7.240310 8.492560 191.296000 1793.910000 -13 1091 1 0 1.000000
-3.511870 -3.453590 0 2.209400 -21.249400 196.784000 1793.870000 -13 1092 1 0 1.000000
1.969270 -3.540490 0 5.186990 -15.546400 189.546000 1793.910000 -13 1093 1 0 1.000000
-1.738180 -0.969593 0 6.746570 -4.406580 184.186000 1793.890000 -13 1094 1 0 1.000000
-1.098680 -0.294013 0 -4.680950 12.109300 207.257000 1793.750000 -13 1095 1 0 1.000000
0.547593 -2.138550 0 -9.946420 -8.621040 183.370000 1793.750000 -13 1096 1 0 1.000000
-0.401010 -0.667435 0 7.280760 18.628400 195.925000 1793.780000 -13 1097 1 0 1.000000
-1.834800 -5.051070 0 -4.264060 6.368610 189.941000 1793.860000 -13 1098 1 0 1.000000
0.816676 -2.125820 0 -8.525830 -21.749600 190.701000 1793.900000 -13 1099 1 0 1.000000
2.412690 -1.215290 0 -16.564400 3.133330 184.506000 1793.650000 -13 1100 1 0 1.000000
0.465411 0.878965 0 11.486400 2.292710 186.927000 1793.720000 -13 1101 1 0 1.000000
-1.853020 -2.011060 0 -4.333740 -3.651670 194.893000 1793.840000 -13 1102 1 0 1.000000
-0.698354 -2.324110 0 5.426670 9.769400 186.097000 1793.650000 -13 1103 1 0 1.000000
0.172109 -6.095530 0 -17.099200 -17.157200 190.795000 1793.720000 -13 1104 1 0 1.000000
-2.050190 -3.641180 0 2.142290 1.479970 182.223000 1793.910000 -13 1105 1 0 1.000000
-2.679600 -0.000143 0 -11.229300 -11.227900 188.355000 1793.910000 -13 1106 1 0 1.000000
1.429930 -1.030300 0 3.669140 3.455080 190.158000 1793.860000 -13 1107 1 0 1.000000
-3.245580 -2.439140 0 0.889132 -5.714710 192.909000 1793.870000 -13 1108 1 0 1.000000
-3.090060 -3.321990 0 2.221220 16.438500 201.830000 1793.740000 -13 1109 1 0 1.000000
-3.503340 -0.132891 0 -5.330180 -9.282060 206.749000 1793.720000 -13 1110 1 0 1.000000
-0.769748 -0.548126 0 -21.252600 26.593200 184.156000 1793.610000 -13 1111 1 0 1.000000
0.058135 -1.091440 0 1.722380 13.128100 177.656000 1793.730000 -13 1112 1 0 1.000000
-0.270539 -2.695010 0 3.414630 -4.961330 199.021000 1793.810000 -13 1113 1 0 1.000000
1.135040 0.426015 0 -9.740200 30.691200 175.056000 1793.860000 -13 1114 1 0 1.000000
0.867055 -1.203650 0 -29.540900 -3.479910 174.971000 1793.720000 -13 1115 1 0 1.000000
-0.851165 0.465117 0 10.432600 -2.872520 208.424000 1793.700000 -13 1116 1 0 1.000000
-2.806570 -0.943889 0 7.557150 1.217770 199.170000 1793.760000 -13 1117 1 0 1.000000
-0.015009 -4.318180 0 15.768400 12.443200 192.762000 1793.740000 -13 1118 1 0 1.000000
-2.193320 -2.839040 0 15.280900 -4.864200 182.929000 1793.820000 -13 1119 1 0 1.000000
-3.107220 -1.215150 0 -15.366500 -12.964000 190.556000 1793.910000 -13 1120 1 0 1.000000
-2.413110 -0.127605 0 -3.647770 -6.185990 183.565000 1793.880000 -13 1121 1 0 1.000000
-1.318710 -1.909090 0 6.549860 13.656000 177.871000 1793.760000 -13 1122 1 0 1.000000
-0.972946 0.935297 0 -14.912900 3.937840 211.696000 1793.750000 -13 1123 1 0 1.000000
1.466900 -0.166919 0 0.246480 -7.791040 193.847000 1793.950000 -13 1124 1 0 1.000000
0.508873 -3.193370 0 -3.015030 -3.065790 189.754000 1793.860000 -13 1125 1 0 1.000000
-0.364679 -5.080190 0 1.707990 2.500580 198.379000 1793.690000 -13 1126 1 0 1.000000
1.371970 -2.249370 0 1.314110 8.539770 178.427000 1793.810000 -13 1127 1 0 1.000000
-1.393540 -1.655850 0 -3.360540 -1.022910 196.633000 1793.900000 -13 1128 1 0 1.000000
-4.431020 -0.072113 0 -8.210680 9.658980 193.999000 1793.890000 -13 1129 1 0 1.000000
-0.190469 -5.096980 0 18.156400 3.081780 190.141000 1793.900000 -13 1130 1 0 1.000000
-1.336800 -3.440440 0 7.906430 1.614730 198.627000 1793.750000 -13 1131 1 0 1.000000
-1.572730 -2.363760 0 15.512200 -23.812500 200.811000 1793.590000 -13 1132 1 0 1.000000
-1.311950 -1.303580 0 -10.789000 -11.121100 183.775000 1793.760000 -13 1133 1 0 1.000000
-1.719920 -1.359120 0 1.469060 -11.287700 182.402000 1793.660000 -13 1134 1 0 1.000000
1.181190 -4.837510 0 -5.074220 -9.646840 188.628000 1793.710000 -13 1135 1 0 1.000000
-2.023770 -2.613960 0 12.061900 -0.742866 202.922000 1793.690000 -13 1136 1 0 1.000000
-3.360780 1.405730 0 -4.511750 -12.944100 195.252000 1793.710000 -13 1137 1 0 1.000000
-1.953890 0.027613 0 10.371000 9.700710 189.209000 1793.900000 -13 1138 1 0 1.000000
2.353620 -1.258610 0 7.210280 -9.380050 186.495000 1793.830000 -13 1139 1 0 1.000000
0.558150 -2.460630 0 -2.305930 11.211400 180.954000 1793.850000 -13 1140 1 0 1.000000
0.160891 1.467650 0 -3.434340 -4.646730 193.638000 1793.880000 -13 1141 1 0 1.000000
-2.006910 -0.209643 0 -5.291610 -6.912620 202.166000 1793.710000 -13 1142 1 0 1.000000
-4.482960 0.758236 0 4.386950 -6.439350 198.276000 1793.780000 -13 1143 1 0 1.000000
-1.272640 -3.473750 0 9.674140 -2.374900 184.441000 1793.860000 -13 1144 1 0 1.000000
0.487116 -1.643960 0 -20.754300 14.318400 182.845000 1793.800000 -13 1145 1 0 1.000000
-0.785814 -4.883900 0 1.609740 -8.814540 198.158000 1793.800000 -13 1146 1 0 1.000000
2.624850 -2.556840 0 -22.611200 -9.648070 201.135000 1793.820000 -13 1147 1 0 1.000000
-0.240778 -1.628510 0 -12.506800 -5.895290 210.960000 1793.630000 -13 1148 1 0 1.000000
1.777950 -3.289580 0 -13.547300 5.401350 189.680000 1793.930000 -13 1149 1 0 1.000000
-0.693594 -1.937830 0 18.600400 -11.614300 181.524000 1793.770000 -13 1150 1 0 1.000000
-0.592729 -2.806100 0 26.475200 11.956600 194.172000 1793.740000 -13 1151 1 0 1.000000
-1.732540 0.600883 0 -10.372400 9.474340 184.588000 1793.830000 -13 1152 1 0 1.000000
0.562629 -2.134230 0 0.279724 13.768500 184.217000 1793.750000 -13 1153 1 0 1.000000
-0.265498 -0.625763 0 6.261910 -8.483850 195.298000 1793.710000 -13 1154 1 0 1.000000
-2.168060 -0.574955 0 -0.879387 -6.209290 183.920000 1793.790000 -13 1155 1 0 1.000000
-2.211970 0.385292 0 -16.620600 10.067200 186.820000 1793.740000 -13 1156 1 0 1.000000
-2.307970 -2.089340 0 -12.101500 -5.057720 191.220000 1793.600000 -13 1157 1 0 1.000000
2.386450 -2.304530 0 -15.837400 0.173211 193.785000 1793.630000 -13 1158 1 0 1.000000
-2.657680 -3.928130 0 15.291600 -0.540969 209.440000 1793.800000 -13 1159 1 0 1.000000
-1.696250 -3.269980 0 -11.048100 -2.035290 188.823000 1793.830000 -13 1160 1 0 1.000000
-1.363070 2.385800 0 -4.565280 -13.998600 195.081000 1793.760000 -13 1161 1 0 1.000000
1.660840 -0.761498 0 -12.497700 -8.635440 183.079000 1793.770000 -13 1162 1 0 1.000000
-0.647769 -0.388329 0 -2.723070 16.217600 194.839000 1794.010000 -13 1163 1 0 1.000000
1.068930 1.301410 0 1.605950 -15.866000 192.442000 1793.880000 -13 1164 1 0 1.000000
0.222555 -2.966420 0 4.177690 9.159700 195.799000 1793.600000 -13 1165 1 0 1.000000
0.024395 -4.130290 0 -14.325800 8.724510 202.108000 1793.810000 -13 1166 1 0 1.000000
-4.268050 -0.262834 0 0.736006 -11.144000 189.230000 1793.880000 -13 1167 1 0 1.000000
-2.083330 -3.948930 0 17.359200 -9.921180 198.803000 1793.670000 -13 1168 1 0 1.000000
0.585609 -0.969375 0 8.546960 5.677160 188.929000 1793.870000 -13 1169 1 0 1.000000
-4.498870 -1.993740 0 18.479300 -17.050900 196.404000 1793.720000 -13 1170 1 0 1.000000
-4.214690 2.093370 0 -2.370850 -2.887980 198.621000 1793.770000 -13 1171 1 0 1.000000
1.962900 -2.158890 0 -8.190840 1.264220 183.912000 1793.900000 -13 1172 1 0 1.000000
-4.970240 -3.165880 0 -7.535570 6.353520 194.423000 1793.730000 -13 1173 1 0 1.000000
-2.250610 -4.101200 0 7.921020 -13.463900 204.815000 1793.810000 -13 1174 1 0 1.000000
-0.036182 -0.144996 0 -5.513580 -13.941200 196.911000 1793.820000 -13 1175 1 0 1.000000
-0.471644 -1.574700 0 -14.201300 -15.116500 192.137000 1793.670000 -13 1176 1 0 1.000000
1.825220 -0.755263 0 -8.829000 -7.535420 192.444000 1793.840000 -13 1177 1 0 1.000000
0.023032 0.631883 0 30.959500 4.293520 176.886000 1793.810000 -13 1178 1 0 1.000000
-3.720590 -1.357110 0 -9.019680 13.801300 188.243000 1793.910000 -13 1179 1 0 1.000000
0.130623 -1.025530 0 23.783000 -12.295200 185.911000 1793.810000 -13 1180 1 0 1.000000
2.427610 -1.737130 0 2.652090 -5.266210 190.560000 1793.680000 -13 1181 1 0 1.000000
-1.017700 0.852663 0 9.952060 -9.422280 183.445000 1793.760000 -13 1182 1 0 1.000000
-2.106770 -4.593920 0 -5.976990 -4.343530 194.047000 1793.720000 -13 1183 1 0 1.000000
-0.662779 -4.845260 0 15.010600 -1.869590 203.503000 1793.820000 -13 1184 1 0 1.000000
-0.845499 -0.198419 0 -15.332600 15.801200 182.390000 1793.820000 -13 1185 1 0 1.000000
2.080690 0.267664 0 10.876700 -9.926560 184.865000 1793.820000 -13 1186 1 0 1.000000
0.898346 0.434997 0 12.237100 -9.886990 179.755000 1793.780000 -13 1187 1 0 1.000000
0.721335 -5.481660 0 -3.376400 19.028600 198.908000 1793.800000 -13 1188 1 0 1.000000
-0.035429 0.693817 0 -10.819000 1.945910 185.337000 1793.900000 -13 1189 1 0 1.000000
-1.093870 -1.364840 0 9.809290 27.566400 185.651000 1793.750000 -13 1190 1 0 1.000000
-0.016859 -1.437580 0 -10.189400 -9.205940 177.320000 1793.860000 -13 1191 1 0 1.000000
1.051290 -2.567270 0 10.741700 9.334490 177.568000 1793.770000 -13 1192 1 0 1.000000
1.111870 -1.280240 0 17.472400 10.260000 181.548000 1793.880000 -13 1193 1 0 1.000000
1.320380 -1.637850 0 0.408317 1.431870 191.916000 1793.860000 -13 1194 1 0 1.000000
0.125557 -4.211180 0 -7.960980 -6.736220 181.568000 1793.640000 -13 1195 1 0 1.000000
0.362789 -2.955150 0 -16.039300 -6.360910 210.891000 1793.710000 -13 1196 1 0 1.000000
0.480774 -2.040350 0 4.930920 15.854100 188.674000 1793.910000 -13 1197 1 0 1.000000
-0.867254 -5.381670 0 9.349450 3.052250 192.371000 1793.780000 -13 1198 1 0 1.000000
-2.780600 -0.841427 0 -7.267300 7.281250 193.210000 1793.940000 -13 1199 1 0 1.000000
-1.710460 0.149080 0 -11.791200 5.662500 215.906000 1793.790000 -13 1200 1 0 1.000000
-1.478470 -0.522216 0 -14.484000 -4.693850 191.083000 1793.830000 -13 1201 1 0 1.000000
-1.824660 -1.538370 0 20.963700 -12.866600 190.594000 1793.910000 -13 1202 1 0 1.000000
-4.801250 -6.002760 0 1.673660 13.800800 191.786000 1793.780000 -13 1203 1 0 1.000000
-2.461400 0.911942 0 -9.484960 -3.003100 199.745000 1793.620000 -13 1204 1 0 1.000000
1.195030 -0.325830 0 17.558400 10.143000 195.824000 1793.750000 -13 1205 1 0 1.000000
-0.024299 -3.396310 0 -6.351220 -1.585370 177.810000 1793.730000 -13 1206 1 0 1.000000
0.191963 0.200408 0 -4.929500 0.701959 199.848000 1793.910000 -13 1207 1 0 1.000000
-1.593980 -2.466320 0 -4.543820 1.521970 209.382000 1793.730000 -13 1208 1 0 1.000000
-1.094470 -4.236160 0 3.677070 7.898930 186.617000 1793.760000 -13 1209 1 0 1.000000
-1.654800 -2.518360 0 7.428330 17.344500 197.010000 1793.740000 -13 1210 1 0 1.000000
-4.345800 -2.202830 0 4.870120 32.309500 207.508000 1793.660000 -13 1211 1 0 1.000000
1.293180 -0.863337 0 -7.595510 -7.504580 186.311000 1793.890000 -13 1212 1 0 1.000000
0.638085 -2.064010 0 13.803400 13.866700 182.284000 1793.870000 -13 1213 1 0 1.000000
-1.501370 -2.178130 0 4.362820 2.850470 206.730000 1793.730000 -13 1214 1 0 1.000000
0.710810 0.904142 0 -6.809290 -7.722250 197.253000 1793.750000 -13 1215 1 0 1.000000
0.551162 -1.147650 0 -12.535400 -0.054406 185.134000 1793.640000 -13 1216 1 0 1.000000
-2.766380 -0.575540 0 1.279030 -9.207340 192.404000 1793.830000 -13 1217 1 0 1.000000
0.486796 -3.183500 0 -7.877830 7.878940 187.325000 1793.670000 -13 1218 1 0 1.000000
2.755800 -2.936070 0 -0.322268 4.326940 191.015000 1793.910000 -13 1219 1 0 1.000000
-0.468715 -3.137200 0 6.866280 -4.423330 197.850000 1793.610000 -13 1220 1 0 1.000000
1.889250 -0.289583 0 5.679860 3.042910 188.828000 1793.880000 -13 1221 1 0 1.000000
0.639667 -6.173620 0 -22.193300 14.189300 182.853000 1793.780000 -13 1222 1 0 1.000000
-0.447558 -1.252390 0 -8.369080 20.076300 182.092000 1793.800000 -13 1223 1 0 1.000000
0.745989 -4.228440 0 5.878320 0.795474 193.075000 1793.680000 -13 1224 1 0 1.000000
-1.786860 0.234594 0 2.472830 -4.445150 187.578000 1793.650000 -13 1225 1 0 1.000000
-1.435550 -0.189477 0 -9.774070 -0.704235 203.269000 1793.840000 -13 1226 1 0 1.000000
-2.285180 0.422747 0 11.685300 -0.176019 188.385000 1793.830000 -13 1227 1 0 1.000000
-0.314555 0.857966 0 -29.696200 10.370600 189.618000 1793.770000 -13 1228 1 0 1.000000
-1.971240 0.810146 0 -22.253800 -3.858650 195.074000 1793.630000 -13 1229 1 0 1.000000
-0.981558 -4.527370 0 2.577430 19.571700 183.566000 1793.870000 -13 1230 1 0 1.000000
-2.423430 -4.011810 0 -4.852370 12.176100 185.862000 1793.870000 -13 1231 1 0 1.000000
2.524460 1.927590 0 5.049790 -0.962079 187.682000 1793.860000 -13 1232 1 0 1.000000
-3.394880 0.482414 0 -25.066400 9.800080 193.071000 1793.790000 -13 1233 1 0 1.000000
1.719300 -2.786150 0 -6.039810 5.308010 205.399000 1793.710000 -13 1234 1 0 1.000000
-3.076450 -3.505440 0 20.654900 -13.130900 210.001000 1793.690000 -13 1235 1 0 1.000000
-1.129020 -0.211351 0 8.532780 13.508700 196.907000 1793.770000 -13 1236 1 0 1.000000
-1.895860 1.391950 0 5.859460 -9.434990 200.543000 1793.880000 -13 1237 1 0 1.000000
-0.573414 -4.999650 0 5.725690 -17.252600 211.402000 1793.730000 -13 1238 1 0 1.000000
-3.528630 -0.003222 0 2.772800 9.214530 207.427000 1793.770000 -13 1239 1 0 1.000000
-1.468040 -0.301512 0 -10.135400 -5.643740 177.717000 1793.660000 -13 1240 1 0 1.000000
0.023423 -3.588570 0 -0.378061 -0.772199 200.080000 1793.820000 -13 1241 1 0 1.000000
-3.438300 -1.991650 0 18.045300 17.493500 215.530000 1793.910000 -13 1242 1 0 1.000000
-2.446310 -2.035660 0 8.319290 -18.597300 202.707000 1793.850000 -13 1243 1 0 1.000000
-1.799810 -1.560000 0 -12.336700 2.118470 195.856000 1793.740000 -13 1244 1 0 1.000000
-3.780880 -0.538736 0 11.419800 12.146700 198.824000 1793.660000 -13 1245 1 0 1.000000
-2.282460 -1.701050 0 0.041748 27.170400 188.922000 1793.670000 -13 1246 1 0 1.000000
-0.160313 -4.687650 0 8.120700 6.203230 200.846000 1793.840000 -13 1247 1 0 1.000000
-0.461936 -5.107660 0 15.299800 -4.855730 186.070000 1793.790000 -13 1248 1 0 1.000000
-2.848340 -0.292682 0 -1.990300 0.719809 198.596000 1793.960000 -13 1249 1 0 1.000000
-2.230080 -1.941730 0 10.143400 -7.484630 193.451000 1793.730000 -13 1250 1 0 1.000000
-0.957728 -2.084150 0 6.073130 -5.565640 175.624000 1793.790000 -13 1251 1 0 1.000000
-1.808080 -2.426970 0 -27.059600 10.393100 185.568000 1793.810000 -13 1252 1 0 1.000000
0.826525 -2.393510 0 -0.931551 -6.092820 195.861000 1793.930000 -13 1253 1 0 1.000000
0.295281 -2.285380 0 3.497610 16.038500 200.825000 1793.640000 -13 1254 1 0 1.000000
-2.438990 -1.707220 0 -12.357300 -2.421010 202.257000 1793.750000 -13 1255 1 0 1.000000
3.380420 -0.832742 0 -8.073440 -5.933310 196.065000 1793.870000 -13 1256 1 0 1.000000
-0.542202 0.068500 0 -4.406030 1.613420 195.082000 1793.820000 -13 1257 1 0 1.000000
-1.074830 0.622660 0 -5.401540 -6.098960 202.169000 1793.840000 -13 1258 1 0 1.000000
2.396460 -2.382650 0 -2.514330 -3.362670 185.441000 1793.730000 -13 1259 1 0 1.000000
0.527369 -4.390700 0 4.115820 3.361160 179.313000 1793.670000 -13 1260 1 0 1.000000
-3.166980 -1.000350 0 13.426500 4.848520 190.321000 1793.830000 -13 1261 1 0 1.000000
0.086905 2.018610 0 -4.052030 -6.761690 191.701000 1793.850000 -13 1262 1 0 1.000000
0.248843 -4.227690 0 21.622000 -2.979490 189.155000 1793.880000 -13 1263 1 0 1.000000
0.031648 -0.290734 0 -14.503700 0.220158 200.549000 1793.730000 -13 1264 1 0 1.000000
-2.209390 -2.030160 0 17.511500 -12.584300 195.088000 1793.860000 -13 1265 1 0 1.000000
-2.843680 0.771780 0 -0.532332 7.163230 194.351000 1793.800000 -13 1266 1 0 1.000000
-0.545368 -1.331350 0 -6.853960 12.897700 197.401000 1793.900000 -13 1267 1 0 1.000000
-1.834570 -0.157831 0 16.817800 -7.716180 184.622000 1793.820000 -13 1268 1 0 1.000000
0.141275 -2.566910 0 -10.813400 -9.766130 182.746000 1793.760000 -13 1269 1 0 1.000000
-1.107090 -0.963159 0 -8.782660 9.805040 197.299000 1793.830000 -13 1270 1 0 1.000000
-2.280160 -0.446494 0 9.777070 -5.688520 181.779000 1793.800000 -13 1271 1 0 1.000000
-3.208740 -2.085880 0 -7.048450 -0.133725 201.696000 1793.760000 -13 1272 1 0 1.000000
-1.533470 -4.688400 0 2.392150 3.051490 215.503000 1793.710000 -13 1273 1 0 1.000000
-3.265540 -1.584340 0 9.050840 7.905020 200.667000 1793.780000 -13 1274 1 0 1.000000
-2.149250 -2.347910 0 -6.460420 -21.024700 202.588000 1793.870000 -13 1275 1 0 1.000000
0.787505 -1.762520 0 -5.382350 5.003640 190.926000 1793.840000 -13 1276 1 0 1.000000
1.838910 -3.788540 0 17.267100 15.050600 178.858000 1793.880000 -13 1277 1 0 1.000000
-0.111426 0.652198 0 3.092270 -2.099160 188.112000 1793.690000 -13 1278 1 0 1.000000
-1.118810 1.380260 0 23.859000 4.484000 205.312000 1793.880000 -13 1279 1 0 1.000000
-0.579725 -2.815600 0 5.335610 -8.299930 187.464000 1793.850000 -13 1280 1 0 1.000000
-4.618860 -4.379250 0 -9.255680 2.433550 204.846000 1793.690000 -13 1281 1 0 1.000000
1.350020 -3.795190 0 8.481960 5.854940 187.925000 1793.820000 -13 1282 1 0 1.000000
0.405596 2.015000 0 -21.101900 11.888500 186.183000 1793.740000 -13 1283 1 0 1.000000
-2.085140 -2.725930 0 -2.418660 -5.562310 200.687000 1793.710000 -13 1284 1 0 1.000000
-2.442730 -3.342710 0 -4.532000 14.063400 186.018000 1793.760000 -13 1285 1 0 1.000000
0.565120 -1.581880 0 -1.901320 7.118930 180.656000 1793.790000 -13 1286 1 0 1.000000
-3.308500 -2.349320 0 2.181840 -12.211000 188.953000 1793.740000 -13 1287 1 0 1.000000
-2.200850 4.019660 0 17.347000 -3.959880 192.854000 1793.840000 -13 1288 1 0 1.000000
-2.252450 0.228575 0 -14.492600 -10.824200 199.576000 1793.730000 -13 1289 1 0 1.000000
-1.015510 0.101696 0 -1.250160 6.790550 194.090000 1793.870000 -13 1290 1 0 1.000000
-2.755170 2.518080 0 -0.399696 -7.034840 200.860000 1793.610000 -13 1291 1 0 1.000000
-1.511680 0.270543 0 -26.388000 -5.438060 201.870000 1793.980000 -13 1292 1 0 1.000000
-3.373820 -0.968806 0 -8.477440 13.706300 196.522000 1793.720000 -13 1293 1 0 1.000000
-0.299792 -4.000980 0 14.795700 18.082400 186.612000 1793.640000 -13 1294 1 0 1.000000
0.883510 -4.689940 0 -0.785259 3.787650 187.077000 1793.710000 -13 1295 1 0 1.000000
-1.471490 -1.651980 0 -1.291390 -16.229300 183.956000 1793.670000 -13 1296 1 0 1.000000
-2.710400 -4.130050 0 -8.785480 0.169343 200.605000 1793.870000 -13 1297 1 0 1.000000
-1.469080 -4.470360 0 -1.340700 -30.976000 189.625000 1793.800000 -13 1298 1 0 1.000000
-2.596920 -1.524180 0 -6.566070 5.340960 187.525000 1793.850000 -13 1299 1 0 1.000000
-1.011500 -3.531800 0 -11.400100 7.801620 179.520000 1793.690000 -13 1300 1 0 1.000000
0.624526 -1.260660 0 -18.353800 10.951500 198.650000 1793.850000 -13 1301 1 0 1.000000
1.806560 -2.768470 0 14.498300 14.922100 194.615000 1793.780000 -13 1302 1 0 1.000000
-1.655640 -3.877570 0 9.392300 -14.426500 208.617000 1793.780000 -13 1303 1 0 1.000000
0.062126 -1.447260 0 14.858700 6.647360 201.065000 1793.560000 -13 1304 1 0 1.000000
-3.447210 0.518477 0 -1.786530 -23.461300 217.295000 1793.670000 -13 1305 1 0 1.000000
0.341268 -0.664499 0 -2.983360 3.755370 182.317000 1793.870000 -13 1306 1 0 1.000000
-1.788820 -4.048770 0 -1.974480 -1.214680 194.419000 1793.740000 -13 1307 1 0 1.000000
0.873319 -1.914220 0 15.619000 -0.167420 189.002000 1793.790000 -13 1308 1 0 1.000000
-3.366490 1.885310 0 4.576260 -24.552300 203.242000 1793.820000 -13 1309 1 0 1.000000
-1.133520 -3.285010 0 -1.080000 5.544970 199.991000 1793.950000 -13 1310 1 0 1.000000
-1.471550 0.549087 0 -17.441000 15.089300 195.021000 1793.860000 -13 1311 1 0 1.000000
0.843222 -0.099185 0 -5.794710 -0.139931 179.645000 1793.850000 -13 1312 1 0 1.000000
2.266890 -2.781200 0 -15.910000 10.350800 185.962000 1793.790000 -13 1313 1 0 1.000000
0.463492 -2.627840 0 13.034200 7.146180 183.963000 1793.820000 -13 1314 1 0 1.000000
1.981330 -3.216020 0 -14.546800 7.852810 181.665000 1793.600000 -13 1315 1 0 1.000000
-0.285711 -0.515621 0 -4.854480 7.063200 189.239000 1793.970000 -13 1316 1 0 1.000000
1.092580 -2.848590 0 22.171800 13.499400 194.217000 1793.870000 -13 1317 1 0 1.000000
-1.986780 -1.195780 0 10.866400 -17.086100 186.805000 1793.780000 -13 1318 1 0 1.000000
2.695950 -3.765670 0 3.877200 -4.503300 202.955000 1793.660000 -13 1319 1 0 1.000000
-1.672250 -0.830155 0 -8.378450 -5.248160 193.888000 1793.790000 -13 1320 1 0 1.000000
-4.053420 -1.509810 0 -13.461000 -10.731200 194.652000 1793.820000 -13 1321 1 0 1.000000
-1.935560 -2.532680 0 -16.417300 22.607000 202.501000 1793.740000 -13 1322 1 0 1.000000
-0.986731 -2.671500 0 7.515660 8.644690 197.979000 1793.910000 -13 1323 1 0 1.000000
0.203240 -1.867910 0 -12.814800 15.599700 186.185000 1793.760000 -13 1324 1 0 1.000000
2.053270 -2.224490 0 -10.264700 7.603220 196.670000 1793.920000 -13 1325 1 0 1.000000
0.266883 2.283430 0 11.669500 13.607700 186.719000 1793.900000 -13 1326 1 0 1.000000
-1.248560 -2.065740 0 -2.514610 20.081800 207.224000 1793.790000 -13 1327 1 0 1.000000
-1.711010 -1.493640 0 -0.890859 -11.886100 198.141000 1793.790000 -13 1328 1 0 1.000000
0.788858 0.097764 0 2.519620 13.370600 190.175000 1793.580000 -13 1329 1 0 1.000000
