#BLTrackFile solenoid_cooling_channel
#x y z Px Py Pz t PDGid EvNum TrkId Parent weight
-1.796110 -2.351410 0 0.000000 0.000000 203.000000 1372.280000 -13 1 1 0 1.000000
0.387141 -5.626490 0 7.932900 -8.571700 202.762000 1372.280000 -13 2 1 0 1.000000
0.319150 -5.172700 0 -8.532050 7.155550 213.889000 1372.320000 -13 3 1 0 1.000000
-2.384910 -1.462370 0 -14.938300 4.396890 219.911000 1372.340000 -13 4 1 0 1.000000
-6.072210 0.203051 0 -0.099994 3.561680 209.044000 1372.290000 -13 5 1 0 1.000000
-4.279630 -0.716088 0 -33.082700 7.889930 212.987000 1372.310000 -13 6 1 0 1.000000
3.356790 -8.462460 0 20.561000 -9.158530 202.973000 1372.280000 -13 7 1 0 1.000000
-5.743500 -6.610220 0 2.670030 6.614830 203.191000 1372.320000 -13 8 1 0 1.000000
-9.242850 2.593710 0 -4.812760 2.882370 196.730000 1372.450000 -13 9 1 0 1.000000
-12.343100 2.341750 0 -10.298900 -10.214600 224.641000 1372.320000 -13 10 1 0 1.000000
2.345850 3.227000 0 -7.652490 1.839170 205.906000 1372.210000 -13 11 1 0 1.000000
-6.488380 0.688053 0 7.830120 5.709830 203.266000 1372.240000 -13 12 1 0 1.000000
1.196210 -5.374210 0 -6.179190 -13.709100 202.497000 1372.260000 -13 13 1 0 1.000000
-3.209950 -7.471420 0 29.739400 -18.662000 198.250000 1372.200000 -13 14 1 0 1.000000
-3.259750 -2.568450 0 -5.117030 -8.743520 202.064000 1372.290000 -13 15 1 0 1.000000
-4.109600 -6.869830 0 -15.567400 21.687000 199.557000 1372.270000 -13 16 1 0 1.000000
-2.041570 -3.445440 0 -11.622800 26.752000 214.752000 1372.120000 -13 17 1 0 1.000000
-0.017538 -0.155876 0 0.035809 -20.219100 197.639000 1372.220000 -13 18 1 0 1.000000
-3.559070 6.037180 0 -9.077530 22.368400 204.324000 1372.050000 -13 19 1 0 1.000000
-7.892860 1.075170 0 -7.156510 3.333860 215.500000 1372.120000 -13 20 1 0 1.000000
-11.653500 6.217330 0 -2.783250 -1.167100 200.791000 1372.430000 -13 21 1 0 1.000000
-3.802520 -1.054100 0 28.882900 9.662170 213.545000 1372.290000 -13 22 1 0 1.000000
5.585980 -2.422160 0 -16.903600 -1.684260 178.743000 1372.200000 -13 23 1 0 1.000000
1.153490 1.417960 0 -25.166300 -17.743500 194.005000 1372.340000 -13 24 1 0 1.000000
-3.661310 -8.713580 0 -18.681400 -19.425900 202.398000 1372.290000 -13 25 1 0 1.000000
-12.887100 -10.035600 0 5.380750 1.014280 208.842000 1372.140000 -13 26 1 0 1.000000
-2.817170 -2.301500 0 -10.267300 -26.458800 232.425000 1372.230000 -13 27 1 0 1.000000
-7.177520 0.391879 0 23.574600 -6.485910 207.151000 1372.370000 -13 28 1 0 1.000000
-9.563550 1.489020 0 -4.279430 -8.357680 190.533000 1372.250000 -13 29 1 0 1.000000
-1.333370 -3.108800 0 -28.556000 7.474380 186.131000 1372.090000 -13 30 1 0 1.000000
-3.598270 -0.931299 0 -4.093450 21.237800 204.555000 1372.230000 -13 31 1 0 1.000000
-7.520020 5.555500 0 -2.051720 -3.530010 208.637000 1372.340000 -13 32 1 0 1.000000
-2.610420 -8.505230 0 -1.086170 -2.728130 218.030000 1372.120000 -13 33 1 0 1.000000
0.879907 -4.846250 0 -14.682600 22.547400 215.373000 1372.280000 -13 34 1 0 1.000000
0.558234 -5.135490 0 17.812300 -25.003900 203.391000 1372.340000 -13 35 1 0 1.000000
-2.803990 0.728442 0 -8.540570 -3.567730 208.450000 1372.360000 -13 36 1 0 1.000000
-2.517080 -0.628381 0 -8.402480 34.940100 221.662000 1372.120000 -13 37 1 0 1.000000
-8.194590 2.498300 0 15.304000 4.712380 222.208000 1372.170000 -13 38 1 0 1.000000
-4.465370 -2.522010 0 -0.581526 6.744890 198.365000 1372.280000 -13 39 1 0 1.000000
-0.958443 -3.359330 0 4.044920 -4.757940 201.353000 1372.110000 -13 40 1 0 1.000000
-5.593280 1.836410 0 -7.576550 13.674400 197.443000 1372.410000 -13 41 1 0 1.000000
1.575300 -0.528264 0 5.149640 8.585010 190.684000 1372.400000 -13 42 1 0 1.000000
-1.737180 -4.219730 0 -1.892980 16.459800 212.053000 1372.300000 -13 43 1 0 1.000000
3.390300 -3.047850 0 21.637400 -0.641778 212.416000 1372.260000 -13 44 1 0 1.000000
6.154050 -8.000520 0 11.641300 -2.401940 204.306000 1372.230000 -13 45 1 0 1.000000
3.943020 4.974020 0 -11.378000 1.119380 212.399000 1372.360000 -13 46 1 0 1.000000
0.741204 -4.651000 0 -6.310800 -17.223300 197.997000 1372.280000 -13 47 1 0 1.000000
2.512520 -7.058300 0 1.183900 -2.842340 206.623000 1372.320000 -13 48 1 0 1.000000
-3.373010 -5.112070 0 0.030692 -15.780900 210.160000 1372.380000 -13 49 1 0 1.000000
-5.869320 -9.207990 0 29.366700 0.520810 203.926000 1372.360000 -13 50 1 0 1.000000
-3.972720 -4.372170 0 -4.954380 -16.656400 206.058000 1372.320000 -13 51 1 0 1.000000
-6.284100 4.299090 0 -10.316900 6.967550 215.065000 1372.170000 -13 52 1 0 1.000000
-5.378660 2.279860 0 10.696100 -2.667110 180.965000 1372.330000 -13 53 1 0 1.000000
-5.983450 -2.840270 0 12.349100 -2.764360 219.527000 1372.320000 -13 54 1 0 1.000000
-4.817370 -2.408020 0 20.298600 -5.647750 212.909000 1372.310000 -13 55 1 0 1.000000
-0.298529 1.272480 0 -15.834300 18.082400 209.168000 1372.210000 -13 56 1 0 1.000000
5.890340 0.724622 0 4.463880 -14.380700 217.224000 1372.330000 -13 57 1 0 1.000000
-4.407650 -7.113900 0 -4.088730 17.802100 202.512000 1372.410000 -13 58 1 0 1.000000
-2.033060 -0.725506 0 -16.555900 26.880000 219.242000 1372.200000 -13 59 1 0 1.000000
2.369250 -3.686300 0 -4.617390 17.939800 216.458000 1372.230000 -13 60 1 0 1.000000
5.448760 3.410500 0 -23.038100 20.230400 200.777000 1372.330000 -13 61 1 0 1.000000
-6.908010 -0.203858 0 -2.937130 -8.106940 198.563000 1372.270000 -13 62 1 0 1.000000
4.714400 -1.212220 0 7.011850 7.846690 208.613000 1372.260000 -13 63 1 0 1.000000
-2.158400 -2.539990 0 3.885070 -2.027570 201.469000 1372.270000 -13 64 1 0 1.000000
-10.224000 2.211880 0 -8.903180 -9.448560 206.138000 1372.220000 -13 65 1 0 1.000000
-3.003760 1.047910 0 6.150390 0.322920 215.041000 1372.290000 -13 66 1 0 1.000000
-3.255200 -4.778930 0 6.422560 -11.458500 197.065000 1372.230000 -13 67 1 0 1.000000
-0.580768 -5.535810 0 23.877500 15.201100 204.248000 1372.470000 -13 68 1 0 1.000000
-10.062600 0.072598 0 12.358000 -21.987900 216.490000 1372.320000 -13 69 1 0 1.000000
-4.875320 5.146520 0 4.734150 -15.465500 200.620000 1372.390000 -13 70 1 0 1.000000
0.695123 -1.394550 0 -11.822700 -11.059900 197.733000 1372.360000 -13 71 1 0 1.000000
-1.720290 -2.471260 0 -26.252800 7.925740 196.724000 1372.410000 -13 72 1 0 1.000000
-10.283700 -2.399400 0 -9.689700 -4.710210 205.083000 1372.370000 -13 73 1 0 1.000000
-5.674570 4.738370 0 -3.163290 15.820500 211.112000 1372.340000 -13 74 1 0 1.000000
0.400428 -5.546340 0 19.203900 15.017000 206.538000 1372.130000 -13 75 1 0 1.000000
-3.558640 -3.760840 0 38.800600 -22.593500 198.655000 1372.220000 -13 76 1 0 1.000000
4.994550 6.140170 0 -29.826700 -21.711100 210.702000 1372.160000 -13 77 1 0 1.000000
-6.911610 4.086010 0 -0.047928 -19.926500 221.311000 1372.360000 -13 78 1 0 1.000000
1.208530 -2.486900 0 2.195580 -4.984270 189.819000 1372.450000 -13 79 1 0 1.000000
-4.879130 -5.132160 0 13.316600 -3.250680 210.968000 1372.260000 -13 80 1 0 1.000000
-6.411920 -5.026090 0 -24.978600 -16.878600 214.767000 1372.200000 -13 81 1 0 1.000000
-2.513560 -5.020900 0 10.224400 -0.908892 201.741000 1372.190000 -13 82 1 0 1.000000
-4.450670 -4.907540 0 8.573750 -2.468430 206.460000 1372.250000 -13 83 1 0 1.000000
-3.758560 -4.675050 0 16.822900 -9.706460 218.630000 1372.210000 -13 84 1 0 1.000000
-9.910460 -0.543709 0 -11.458500 -4.659180 198.353000 1372.320000 -13 85 1 0 1.000000
-3.220420 4.667480 0 10.868200 -11.630900 206.566000 1372.410000 -13 86 1 0 1.000000
-0.827928 -0.355761 0 23.303600 32.368800 202.488000 1372.410000 -13 87 1 0 1.000000
-2.429810 6.821390 0 14.989500 11.605100 203.735000 1372.450000 -13 88 1 0 1.000000
-1.585760 2.447460 0 -12.642600 -11.141400 216.891000 1372.130000 -13 89 1 0 1.000000
-5.443280 -3.749860 0 23.096500 24.691400 228.318000 1372.170000 -13 90 1 0 1.000000
2.940800 -6.464250 0 12.547500 -18.167000 196.493000 1372.180000 -13 91 1 0 1.000000
1.016980 -4.442130 0 -6.799900 19.461700 205.416000 1372.330000 -13 92 1 0 1.000000
3.800220 -2.593600 0 3.528090 -17.571100 209.850000 1372.320000 -13 93 1 0 1.000000
-6.471660 1.553470 0 -20.386800 -6.747130 200.683000 1372.160000 -13 94 1 0 1.000000
2.118630 -3.901280 0 -2.592850 43.725400 225.225000 1372.330000 -13 95 1 0 1.000000
0.561049 -3.139180 0 -8.402640 -11.806500 202.946000 1372.360000 -13 96 1 0 1.000000
3.304780 -0.951426 0 -12.363000 -13.083600 196.142000 1372.460000 -13 97 1 0 1.000000
-7.412970 -1.593640 0 -5.158610 24.765300 196.772000 1372.190000 -13 98 1 0 1.000000
-0.439447 -2.631860 0 -13.135000 -19.164300 205.563000 1372.150000 -13 99 1 0 1.000000
-0.888461 -4.784450 0 23.867800 -5.290180 199.077000 1372.200000 -13 100 1 0 1.000000
-1.171010 -2.195700 0 -9.170810 -6.348190 195.000000 1372.290000 -13 101 1 0 1.000000
-0.209304 -1.140380 0 -2.420470 -5.161230 192.734000 1372.200000 -13 102 1 0 1.000000
-3.587640 -4.388020 0 0.396010 3.252190 221.249000 1372.340000 -13 103 1 0 1.000000
-0.572009 0.167898 0 -34.436700 -36.192300 220.397000 1372.370000 -13 104 1 0 1.000000
0.026292 -6.371720 0 6.899820 -13.301500 213.666000 1372.230000 -13 105 1 0 1.000000
-5.542890 2.244510 0 19.509900 -0.678350 222.701000 1372.280000 -13 106 1 0 1.000000
-9.700650 -1.355840 0 -6.306620 12.414300 201.488000 1372.200000 -13 107 1 0 1.000000
-11.688800 2.278380 0 -4.764950 -5.927890 209.493000 1372.170000 -13 108 1 0 1.000000
0.899623 -4.526220 0 3.420120 -8.059890 198.983000 1372.140000 -13 109 1 0 1.000000
0.026872 0.364582 0 -18.807500 17.457000 202.189000 1372.190000 -13 110 1 0 1.000000
-3.179680 4.935010 0 3.790500 22.590300 201.205000 1372.250000 -13 111 1 0 1.000000
-6.101130 -1.045300 0 -1.655660 -10.233100 199.077000 1372.260000 -13 112 1 0 1.000000
4.857320 -0.889849 0 -18.126100 8.144230 191.496000 1372.370000 -13 113 1 0 1.000000
8.761550 -2.703080 0 4.841890 -4.150960 213.212000 1372.360000 -13 114 1 0 1.000000
-3.078500 -9.862070 0 0.312773 10.488900 199.137000 1372.080000 -13 115 1 0 1.000000
-6.663080 2.968490 0 -4.362770 13.512800 210.421000 1372.370000 -13 116 1 0 1.000000
-5.763570 2.287560 0 -7.133710 -1.689100 220.361000 1372.300000 -13 117 1 0 1.000000
-6.318260 -3.389220 0 -5.271310 15.221300 206.794000 1372.450000 -13 118 1 0 1.000000
-1.229010 -3.557230 0 -14.329500 -2.417670 185.315000 1372.360000 -13 119 1 0 1.000000
-2.434130 -3.567180 0 20.503200 16.481400 227.703000 1372.280000 -13 120 1 0 1.000000
-5.558560 -3.773270 0 0.294518 14.610400 195.240000 1372.280000 -13 121 1 0 1.000000
-0.621567 -3.664320 0 0.286466 -4.865320 206.523000 1372.220000 -13 122 1 0 1.000000
-0.869719 2.247130 0 -43.633400 -8.449780 210.863000 1372.290000 -13 123 1 0 1.000000
-5.987000 1.183690 0 -6.820530 -14.607800 207.651000 1372.420000 -13 124 1 0 1.000000
-4.446740 -2.454410 0 -30.436600 -28.373700 227.570000 1372.310000 -13 125 1 0 1.000000
3.282810 -3.322040 0 2.588290 -22.608800 197.861000 1372.360000 -13 126 1 0 1.000000
-6.721180 4.762830 0 12.345300 -9.768020 215.935000 1372.320000 -13 127 1 0 1.000000
-2.942510 1.838340 0 10.892700 5.824200 206.023000 1372.330000 -13 128 1 0 1.000000
-3.453620 -1.637360 0 12.221600 -14.868900 209.735000 1372.350000 -13 129 1 0 1.000000
-6.252670 -4.835930 0 -5.037250 -11.641000 206.051000 1372.250000 -13 130 1 0 1.000000
-1.179020 -1.048600 0 8.213500 -16.948000 203.340000 1372.520000 -13 131 1 0 1.000000
-2.363540 -8.537740 0 -0.996211 17.454400 191.867000 1372.270000 -13 132 1 0 1.000000
-5.818850 -4.046780 0 -12.466300 -9.564850 198.880000 1372.390000 -13 133 1 0 1.000000
-6.605690 -2.528440 0 3.734790 7.026970 213.720000 1372.290000 -13 134 1 0 1.000000
-4.081790 -0.674517 0 37.503000 -0.830736 224.344000 1372.150000 -13 135 1 0 1.000000
-6.866860 -8.816420 0 -8.628480 -14.735300 226.157000 1372.280000 -13 136 1 0 1.000000
-0.519001 -1.766720 0 -3.727190 -2.225800 217.562000 1372.440000 -13 137 1 0 1.000000
-5.959210 4.181080 0 -6.703510 11.840600 218.175000 1372.210000 -13 138 1 0 1.000000
-10.111700 5.194950 0 -4.680970 14.817500 216.025000 1372.200000 -13 139 1 0 1.000000
-0.033068 -2.827830 0 -15.948900 17.508500 185.923000 1372.270000 -13 140 1 0 1.000000
-5.934320 -6.771950 0 0.002601 10.321700 204.112000 1372.270000 -13 141 1 0 1.000000
-3.777180 -2.803180 0 9.356220 3.612610 207.513000 1372.320000 -13 142 1 0 1.000000
-7.811230 -0.586189 0 8.168770 21.372600 202.945000 1372.320000 -13 143 1 0 1.000000
-1.885260 0.475575 0 -8.827860 4.855790 200.384000 1372.470000 -13 144 1 0 1.000000
2.722780 -5.914750 0 -5.761650 11.103700 209.268000 1372.260000 -13 145 1 0 1.000000
-7.065370 6.276060 0 -5.071790 0.648668 215.737000 1372.280000 -13 146 1 0 1.000000
-5.606800 1.092300 0 3.067860 -20.487900 216.697000 1372.310000 -13 147 1 0 1.000000
-0.081462 -5.997650 0 3.471780 -8.256160 194.804000 1372.250000 -13 148 1 0 1.000000
-5.394430 -1.823830 0 -10.972800 8.826090 217.243000 1372.250000 -13 149 1 0 1.000000
-0.663035 -2.622090 0 11.390200 16.297900 204.213000 1372.320000 -13 150 1 0 1.000000
-0.963034 -5.853200 0 5.611670 11.887100 191.939000 1372.310000 -13 151 1 0 1.000000
-2.203630 -1.574160 0 3.171840 31.660400 199.116000 1372.270000 -13 152 1 0 1.000000
-0.907596 -3.954490 0 7.029060 -9.260250 204.086000 1372.230000 -13 153 1 0 1.000000
5.034740 -2.311230 0 -25.785700 -16.723300 202.700000 1372.190000 -13 154 1 0 1.000000
-4.807680 0.327466 0 3.815570 -5.191950 197.216000 1372.190000 -13 155 1 0 1.000000
5.961280 -4.104120 0 -21.617800 2.525630 201.615000 1372.210000 -13 156 1 0 1.000000
-0.155628 -4.857800 0 -6.592120 8.271200 209.476000 1372.480000 -13 157 1 0 1.000000
-2.314080 0.321175 0 2.740370 8.828310 199.943000 1372.320000 -13 158 1 0 1.000000
2.373260 1.277160 0 -5.116850 -29.198900 210.879000 1372.260000 -13 159 1 0 1.000000
-6.382440 1.975630 0 -2.602410 -52.606700 233.844000 1372.310000 -13 160 1 0 1.000000
-2.475560 -1.271400 0 -6.636370 13.854500 209.491000 1372.230000 -13 161 1 0 1.000000
2.092510 -6.594370 0 -9.727210 53.223900 213.980000 1372.560000 -13 162 1 0 1.000000
-1.117070 -1.538770 0 14.423800 6.322670 181.392000 1372.280000 -13 163 1 0 1.000000
-8.930880 0.032718 0 13.512100 -5.955030 214.502000 1372.280000 -13 164 1 0 1.000000
-3.635830 0.660973 0 -8.614890 -3.269880 199.445000 1372.150000 -13 165 1 0 1.000000
-0.044126 -3.156060 0 12.442500 1.077450 196.774000 1372.400000 -13 166 1 0 1.000000
1.317610 -2.564130 0 1.767980 11.918200 198.137000 1372.360000 -13 167 1 0 1.000000
-2.043510 -3.765820 0 -17.663100 -2.871790 207.270000 1372.130000 -13 168 1 0 1.000000
-7.461680 -6.152210 0 -6.569470 26.956500 198.772000 1372.260000 -13 169 1 0 1.000000
1.746270 -1.693310 0 9.923890 -12.396600 201.558000 1372.250000 -13 170 1 0 1.000000
3.746830 0.544700 0 0.207034 1.621730 190.402000 1372.370000 -13 171 1 0 1.000000
-3.972720 -1.363400 0 0.163575 0.297908 193.522000 1372.480000 -13 172 1 0 1.000000
-6.735680 -5.031050 0 25.362400 10.898600 203.690000 1372.470000 -13 173 1 0 1.000000
-3.370610 -5.113880 0 5.464450 3.262350 206.847000 1372.140000 -13 174 1 0 1.000000
-2.004090 -0.800675 0 -11.787400 15.101900 208.919000 1372.490000 -13 175 1 0 1.000000
6.502650 4.884250 0 -0.758573 27.529000 202.402000 1372.200000 -13 176 1 0 1.000000
-4.511620 -6.125520 0 -10.909600 -5.389650 214.941000 1372.100000 -13 177 1 0 1.000000
-3.059770 -1.306530 0 -18.213200 7.677460 209.420000 1372.160000 -13 178 1 0 1.000000
-8.967030 -3.492480 0 -5.220430 -20.739600 191.243000 1372.270000 -13 179 1 0 1.000000
2.308730 -5.867070 0 1.898160 -22.182700 211.788000 1372.280000 -13 180 1 0 1.000000
0.192469 -3.139350 0 11.098600 -3.185190 208.527000 1372.310000 -13 181 1 0 1.000000
-2.685420 -3.253400 0 -8.638080 2.287580 183.337000 1372.320000 -13 182 1 0 1.000000
-4.517530 5.597580 0 4.950540 15.967700 198.452000 1372.170000 -13 183 1 0 1.000000
1.644050 4.126670 0 -9.788270 7.821520 202.739000 1372.380000 -13 184 1 0 1.000000
-5.935790 0.672360 0 -13.790800 -11.954500 193.650000 1372.400000 -13 185 1 0 1.000000
2.809500 -2.860140 0 -7.975530 -5.098920 201.149000 1372.240000 -13 186 1 0 1.000000
-2.297790 0.603789 0 -7.522450 6.760110 206.483000 1372.280000 -13 187 1 0 1.000000
0.831244 -2.395570 0 -19.327800 -10.754200 211.072000 1372.200000 -13 188 1 0 1.000000
1.052720 -3.211130 0 10.097800 -21.443200 199.715000 1372.390000 -13 189 1 0 1.000000
-0.199974 -4.294690 0 13.801700 19.511700 199.240000 1372.260000 -13 190 1 0 1.000000
-3.015210 -3.710690 0 -4.981430 -10.726200 202.356000 1372.230000 -13 191 1 0 1.000000
3.496560 -4.688220 0 12.138700 5.285330 207.329000 1372.280000 -13 192 1 0 1.000000
-6.768640 -0.905059 0 -16.057300 -6.593560 208.158000 1372.350000 -13 193 1 0 1.000000
1.787250 0.483192 0 -6.329160 -13.172100 199.489000 1372.250000 -13 194 1 0 1.000000
-1.934750 -0.900625 0 4.812400 11.841900 211.773000 1372.310000 -13 195 1 0 1.000000
-0.601375 -9.616680 0 11.434800 2.643430 202.310000 1372.250000 -13 196 1 0 1.000000
-0.184035 -1.900870 0 40.120500 1.409760 202.331000 1372.180000 -13 197 1 0 1.000000
3.164180 -0.651340 0 6.283140 -1.216400 204.474000 1372.310000 -13 198 1 0 1.000000
0.725590 -4.192710 0 16.183900 12.079100 217.042000 1372.150000 -13 199 1 0 1.000000
-6.816570 -4.070560 0 -28.647700 9.966230 192.645000 1372.280000 -13 200 1 0 1.000000
-0.906082 -5.248750 0 -20.980500 -7.429120 191.174000 1372.440000 -13 201 1 0 1.000000
0.789261 -5.697620 0 -20.290400 10.940900 194.667000 1372.280000 -13 202 1 0 1.000000
0.487688 0.274310 0 -5.801430 2.382640 189.757000 1372.400000 -13 203 1 0 1.000000
1.450360 3.270190 0 -4.685450 -1.494310 209.011000 1372.260000 -13 204 1 0 1.000000
-8.547490 0.788492 0 4.647430 -4.655780 219.483000 1372.190000 -13 205 1 0 1.000000
-2.857590 -4.263560 0 -7.294320 -12.722800 200.556000 1372.090000 -13 206 1 0 1.000000
-0.772568 1.063620 0 -16.123700 -3.909580 217.766000 1372.370000 -13 207 1 0 1.000000
-1.067190 1.309470 0 6.233430 -20.256200 205.109000 1372.390000 -13 208 1 0 1.000000
1.892170 3.696300 0 -30.305600 -11.044300 196.292000 1372.210000 -13 209 1 0 1.000000
2.285710 -1.560070 0 -3.395630 -14.649900 207.675000 1372.390000 -13 210 1 0 1.000000
4.716450 -8.757800 0 2.934080 -17.060300 204.123000 1372.230000 -13 211 1 0 1.000000
1.355580 -10.017200 0 14.441300 11.419900 186.315000 1372.250000 -13 212 1 0 1.000000
4.951670 -0.665469 0 -8.828040 17.560100 206.379000 1372.190000 -13 213 1 0 1.000000
-7.511950 1.246930 0 1.973130 3.065250 207.978000 1372.250000 -13 214 1 0 1.000000
-1.299150 -1.427340 0 -23.154500 -11.101600 214.066000 1372.260000 -13 215 1 0 1.000000
1.587150 -6.060830 0 13.565800 20.183300 193.627000 1372.420000 -13 216 1 0 1.000000
-6.422000 2.127740 0 -14.539500 22.445200 208.620000 1372.090000 -13 217 1 0 1.000000
1.522180 1.541300 0 -10.326000 13.172200 195.365000 1372.430000 -13 218 1 0 1.000000
-4.900230 0.408686 0 -2.079820 18.269400 210.879000 1372.310000 -13 219 1 0 1.000000
-3.132520 -2.800210 0 -5.441990 -9.877430 210.726000 1372.450000 -13 220 1 0 1.000000
-3.355150 -1.303440 0 0.011660 1.250880 203.926000 1372.220000 -13 221 1 0 1.000000
2.575460 -4.652860 0 15.598200 4.239300 197.696000 1372.220000 -13 222 1 0 1.000000
3.007810 -1.606360 0 24.483700 -13.304600 190.387000 1372.300000 -13 223 1 0 1.000000
-3.326490 4.535030 0 -12.060500 -32.804700 234.947000 1372.320000 -13 224 1 0 1.000000
-1.473710 -6.285710 0 2.936900 8.316780 205.936000 1372.160000 -13 225 1 0 1.000000
-6.099300 -0.182831 0 -21.264600 27.000300 218.403000 1372.190000 -13 226 1 0 1.000000
-1.179150 -5.537080 0 1.133300 3.562220 208.841000 1372.180000 -13 227 1 0 1.000000
-8.087950 -2.535840 0 39.809000 10.805700 217.467000 1372.370000 -13 228 1 0 1.000000
-8.401490 -4.700630 0 17.640000 -4.808700 195.555000 1372.400000 -13 229 1 0 1.000000
-3.166790 -6.263350 0 9.151390 1.685900 183.663000 1372.220000 -13 230 1 0 1.000000
0.686529 -3.578360 0 18.310200 -10.687400 219.669000 1372.170000 -13 231 1 0 1.000000
1.208620 -3.894530 0 -17.343100 2.759960 194.093000 1372.280000 -13 232 1 0 1.000000
-0.403955 1.255790 0 -2.592610 1.892570 189.612000 1372.280000 -13 233 1 0 1.000000
-1.208870 -5.888130 0 2.594570 1.050330 190.094000 1372.330000 -13 234 1 0 1.000000
7.407200 -8.089410 0 -19.793300 4.122410 219.272000 1372.400000 -13 235 1 0 1.000000
1.565160 0.166181 0 -44.423200 18.066500 227.431000 1372.320000 -13 236 1 0 1.000000
-7.139950 1.184690 0 18.054000 -15.224700 227.746000 1372.300000 -13 237 1 0 1.000000
-4.751520 5.796950 0 -9.067050 -15.486900 193.207000 1372.240000 -13 238 1 0 1.000000
3.412580 -2.134740 0 -31.075900 -17.058400 203.951000 1372.220000 -13 239 1 0 1.000000
-4.601350 -0.935623 0 -17.941900 -9.612490 197.479000 1372.430000 -13 240 1 0 1.000000
-2.381880 4.468490 0 -10.127100 9.585310 218.622000 1372.350000 -13 241 1 0 1.000000
-6.689140 -2.669050 0 1.220830 -11.520700 196.921000 1372.440000 -13 242 1 0 1.000000
-2.343570 -4.174530 0 -10.061500 -1.066520 211.925000 1372.150000 -13 243 1 0 1.000000
-6.906170 -6.719730 0 -7.560400 1.375210 191.681000 1372.170000 -13 244 1 0 1.000000
-8.026760 -2.235200 0 -19.000400 2.513880 212.109000 1372.360000 -13 245 1 0 1.000000
1.577030 -4.410110 0 -3.565870 -32.578100 198.810000 1372.240000 -13 246 1 0 1.000000
-7.149190 -4.335140 0 8.403440 -11.135900 208.140000 1372.170000 -13 247 1 0 1.000000
-3.405150 1.425680 0 -42.137400 -8.927030 222.808000 1372.240000 -13 248 1 0 1.000000
-6.583330 0.192092 0 -0.304601 -36.181400 217.496000 1372.120000 -13 249 1 0 1.000000
0.212191 -4.797010 0 -2.469210 -25.285500 203.541000 1372.110000 -13 250 1 0 1.000000
-2.546810 1.483870 0 2.431510 20.770000 194.588000 1372.360000 -13 251 1 0 1.000000
-7.755820 -3.822230 0 4.364380 14.685600 229.892000 1372.220000 -13 252 1 0 1.000000
-2.393210 -0.165699 0 14.529900 -9.043170 205.088000 1372.160000 -13 253 1 0 1.000000
-6.440550 -0.734965 0 18.057600 30.842300 200.109000 1372.330000 -13 254 1 0 1.000000
3.180990 -0.280275 0 -10.928400 9.927810 214.545000 1372.170000 -13 255 1 0 1.000000
-6.245990 -3.961910 0 11.343900 -19.370400 209.076000 1372.090000 -13 256 1 0 1.000000
-5.647240 -3.375170 0 18.344200 -11.803800 191.853000 1372.210000 -13 257 1 0 1.000000
-5.288240 -6.134090 0 17.390900 5.321370 204.253000 1372.300000 -13 258 1 0 1.000000
-6.410920 -6.175730 0 -6.726160 28.199000 204.449000 1372.340000 -13 259 1 0 1.000000
-0.003262 -5.652130 0 -14.150600 -26.554100 208.698000 1372.480000 -13 260 1 0 1.000000
1.274480 -6.243790 0 27.543400 23.355200 198.928000 1372.420000 -13 261 1 0 1.000000
-0.146221 -0.051628 0 -16.506900 3.752750 214.299000 1372.260000 -13 262 1 0 1.000000
1.924130 -2.390640 0 -6.828740 12.125800 204.142000 1372.470000 -13 263 1 0 1.000000
-1.472520 -5.960710 0 27.740200 5.827340 209.761000 1372.260000 -13 264 1 0 1.000000
-4.475060 0.656208 0 9.120220 1.278650 206.161000 1372.370000 -13 265 1 0 1.000000
3.421630 -2.993400 0 -5.987650 5.749650 188.555000 1372.190000 -13 266 1 0 1.000000
0.179533 7.250200 0 20.319900 -14.408900 208.619000 1372.230000 -13 267 1 0 1.000000
-7.369360 -0.286534 0 -0.296840 14.234600 196.745000 1372.400000 -13 268 1 0 1.000000
5.487370 3.651560 0 6.086000 10.597900 200.140000 1372.340000 -13 269 1 0 1.000000
1.346440 1.837120 0 -3.066040 -10.090200 202.780000 1372.350000 -13 270 1 0 1.000000
1.031740 -4.456410 0 21.885800 25.798100 205.628000 1372.390000 -13 271 1 0 1.000000
-0.056828 -9.056690 0 13.713800 -1.812770 206.788000 1372.380000 -13 272 1 0 1.000000
-4.520570 -4.290340 0 -16.805200 22.497100 195.373000 1372.280000 -13 273 1 0 1.000000
4.427200 -6.784350 0 -5.126340 19.790100 225.537000 1372.250000 -13 274 1 0 1.000000
4.245050 -0.507365 0 13.241100 -9.382040 204.784000 1372.190000 -13 275 1 0 1.000000
-3.469130 -7.836660 0 8.918880 -3.984990 189.375000 1372.290000 -13 276 1 0 1.000000
-8.058320 -4.477520 0 2.057930 -5.266250 208.374000 1372.230000 -13 277 1 0 1.000000
-2.143020 4.368440 0 21.471700 -22.138700 190.388000 1372.270000 -13 278 1 0 1.000000
-0.145740 -6.405280 0 -15.253000 4.068230 210.973000 1372.370000 -13 279 1 0 1.000000
4.211840 -2.811730 0 3.099620 -2.442010 207.866000 1372.210000 -13 280 1 0 1.000000
-2.361120 6.454560 0 -10.226500 25.464500 215.109000 1372.140000 -13 281 1 0 1.000000
-7.275900 -3.530980 0 -10.559400 16.604500 221.639000 1372.220000 -13 282 1 0 1.000000
-0.858163 1.322480 0 6.230320 -18.932200 213.780000 1372.480000 -13 283 1 0 1.000000
-1.161070 -4.840540 0 10.539700 10.333100 214.530000 1372.300000 -13 284 1 0 1.000000
-7.004700 7.489520 0 -25.355600 1.584850 220.225000 1372.330000 -13 285 1 0 1.000000
0.902343 -5.572960 0 -13.665000 -15.789400 206.003000 1372.300000 -13 286 1 0 1.000000
-7.291720 1.542280 0 -5.849480 -4.324600 204.888000 1372.430000 -13 287 1 0 1.000000
-6.134370 -2.120410 0 1.162880 -4.992090 191.109000 1372.170000 -13 288 1 0 1.000000
1.668940 -6.300880 0 -5.256650 -19.891200 212.303000 1372.220000 -13 289 1 0 1.000000
-4.557730 -5.475160 0 1.620650 1.881640 188.890000 1372.330000 -13 290 1 0 1.000000
2.445600 0.913132 0 6.172460 25.124100 198.675000 1372.410000 -13 291 1 0 1.000000
-3.663950 -3.922480 0 -8.232970 18.280400 213.485000 1372.310000 -13 292 1 0 1.000000
0.921279 0.427160 0 -8.424490 -15.581800 189.671000 1372.250000 -13 293 1 0 1.000000
-2.145590 -3.376070 0 9.273230 0.067568 215.435000 1372.240000 -13 294 1 0 1.000000
-6.691440 -0.336328 0 1.050150 18.703300 205.488000 1372.130000 -13 295 1 0 1.000000
-0.937750 -4.785420 0 6.873370 15.200000 194.252000 1372.360000 -13 296 1 0 1.000000
1.995840 -5.354230 0 24.109700 5.902690 211.662000 1372.150000 -13 297 1 0 1.000000
5.075410 8.335300 0 13.504700 -15.555400 211.077000 1372.200000 -13 298 1 0 1.000000
2.216050 -1.662330 0 -4.956970 -8.741180 218.835000 1372.340000 -13 299 1 0 1.000000
-2.822820 -5.443770 0 -0.488041 -2.509490 227.444000 1372.160000 -13 300 1 0 1.000000
0.077758 -6.344520 0 -5.962500 15.336100 194.450000 1372.170000 -13 301 1 0 1.000000
-7.425910 -3.757120 0 -0.130514 5.931260 193.867000 1372.280000 -13 302 1 0 1.000000
-1.638440 0.087611 0 -2.817780 -2.264590 194.027000 1372.220000 -13 303 1 0 1.000000
-5.699930 -4.513960 0 6.210750 9.661770 199.821000 1372.180000 -13 304 1 0 1.000000
6.918490 -8.065690 0 -8.843200 1.815330 214.570000 1372.250000 -13 305 1 0 1.000000
3.401260 -0.695219 0 -1.491240 -3.081450 206.897000 1372.260000 -13 306 1 0 1.000000
-2.913680 -1.671950 0 16.037100 -10.998900 203.891000 1372.140000 -13 307 1 0 1.000000
-0.248004 9.792000 0 10.331800 4.435530 209.198000 1372.280000 -13 308 1 0 1.000000
2.151840 1.092230 0 15.120500 6.138670 197.569000 1372.140000 -13 309 1 0 1.000000
-1.845570 -9.830420 0 2.003420 27.959000 220.810000 1372.170000 -13 310 1 0 1.000000
0.160150 -0.471994 0 -2.514320 24.902500 216.987000 1372.280000 -13 311 1 0 1.000000
-0.855303 -3.314420 0 2.880910 -8.651140 193.449000 1372.190000 -13 312 1 0 1.000000
-4.672280 -4.060040 0 -5.009530 12.521400 201.085000 1372.350000 -13 313 1 0 1.000000
-7.661250 -1.335200 0 -3.912750 2.154180 215.560000 1372.210000 -13 314 1 0 1.000000
0.752426 -6.190390 0 -4.978970 -1.895070 195.513000 1372.450000 -13 315 1 0 1.000000
-2.632970 -5.935890 0 15.104200 -7.003460 199.984000 1372.180000 -13 316 1 0 1.000000
-4.114320 2.126880 0 10.163200 -1.743190 196.727000 1372.160000 -13 317 1 0 1.000000
-0.598762 0.476035 0 1.797510 12.363800 180.843000 1372.200000 -13 318 1 0 1.000000
-3.875140 -3.987830 0 -10.230700 -2.573690 210.464000 1372.230000 -13 319 1 0 1.000000
-0.171277 -5.311730 0 12.225100 6.131090 200.396000 1372.330000 -13 320 1 0 1.000000
-0.603404 -8.048330 0 15.143300 -1.843040 221.586000 1372.210000 -13 321 1 0 1.000000
2.864920 -6.520520 0 9.177420 5.500910 198.632000 1372.220000 -13 322 1 0 1.000000
-0.034446 3.505700 0 -11.064900 -0.981715 212.552000 1372.370000 -13 323 1 0 1.000000
-7.639270 -9.712880 0 2.449900 3.605400 199.522000 1372.310000 -13 324 1 0 1.000000
2.057260 -7.073270 0 16.038100 -20.201500 206.617000 1372.420000 -13 325 1 0 1.000000
9.698580 -6.885500 0 1.440990 -10.431600 200.110000 1372.220000 -13 326 1 0 1.000000
-6.622150 1.344370 0 -9.473720 17.558100 208.960000 1372.110000 -13 327 1 0 1.000000
-0.107698 -1.904470 0 24.788700 -10.055300 218.241000 1372.120000 -13 328 1 0 1.000000
-1.837850 2.699870 0 -4.881710 -7.092050 201.096000 1372.450000 -13 329 1 0 1.000000
-1.447560 -9.132270 0 23.795600 20.228800 226.634000 1372.280000 -13 330 1 0 1.000000
0.514499 -4.485680 0 -15.086700 -2.579480 200.207000 1372.210000 -13 331 1 0 1.000000
0.976485 -1.988000 0 -21.548100 5.937260 189.509000 1372.250000 -13 332 1 0 1.000000
2.069850 0.078777 0 -5.026800 23.282900 197.560000 1372.360000 -13 333 1 0 1.000000
-3.089760 -6.265000 0 54.635100 13.040200 208.019000 1372.280000 -13 334 1 0 1.000000
9.412450 2.089300 0 -7.133500 -0.780899 213.102000 1372.140000 -13 335 1 0 1.000000
0.619772 -2.280210 0 13.304300 -18.191800 205.624000 1372.370000 -13 336 1 0 1.000000
-5.053150 -9.411470 0 6.012600 -9.640110 189.798000 1372.170000 -13 337 1 0 1.000000
-3.293220 -3.074070 0 21.877400 -18.396100 202.618000 1372.180000 -13 338 1 0 1.000000
2.285360 1.829710 0 14.019200 -5.368910 208.550000 1372.450000 -13 339 1 0 1.000000
-2.406070 -5.196370 0 6.594250 -14.330400 192.276000 1372.130000 -13 340 1 0 1.000000
-14.889800 3.347380 0 -13.607200 -7.350160 204.601000 1372.300000 -13 341 1 0 1.000000
2.762580 -6.485020 0 -4.851860 -24.486400 209.941000 1372.320000 -13 342 1 0 1.000000
-1.822570 -0.861623 0 6.275790 -2.967020 193.334000 1372.220000 -13 343 1 0 1.000000
-2.875090 1.220780 0 10.811200 7.444550 202.953000 1372.390000 -13 344 1 0 1.000000
3.514640 -3.399590 0 10.062000 7.433840 202.412000 1372.070000 -13 345 1 0 1.000000
-2.205600 -3.164870 0 22.593800 3.984830 202.463000 1372.280000 -13 346 1 0 1.000000
2.906540 -4.784470 0 12.816700 -16.809100 187.937000 1372.260000 -13 347 1 0 1.000000
-4.952530 8.881960 0 3.433010 4.054070 212.551000 1372.260000 -13 348 1 0 1.000000
-2.410850 -9.606770 0 -9.144790 11.144100 217.900000 1372.240000 -13 349 1 0 1.000000
-2.135560 -5.204920 0 2.880470 -8.464670 206.767000 1372.370000 -13 350 1 0 1.000000
-1.482850 2.559820 0 -4.919210 16.823000 219.425000 1372.190000 -13 351 1 0 1.000000
-3.388850 -9.016370 0 12.538700 -7.201800 204.506000 1372.450000 -13 352 1 0 1.000000
-4.485120 0.035085 0 22.424600 -33.439300 205.967000 1372.390000 -13 353 1 0 1.000000
-3.327380 -0.797649 0 0.276828 14.308300 199.016000 1372.340000 -13 354 1 0 1.000000
0.151675 -2.780870 0 14.976100 -1.358430 183.985000 1372.410000 -13 355 1 0 1.000000
7.212010 -6.335040 0 8.157370 -1.128730 192.785000 1372.210000 -13 356 1 0 1.000000
-3.480370 -1.212220 0 -3.134240 -9.467580 211.988000 1372.230000 -13 357 1 0 1.000000
0.651029 1.473010 0 -8.612600 -16.708100 185.901000 1372.350000 -13 358 1 0 1.000000
-5.317710 -2.911450 0 19.699500 -20.510200 203.572000 1372.350000 -13 359 1 0 1.000000
2.561000 3.834000 0 -4.740480 -28.449800 199.359000 1372.330000 -13 360 1 0 1.000000
2.834480 -7.860500 0 11.627900 18.827700 198.510000 1372.280000 -13 361 1 0 1.000000
-2.401510 1.629880 0 -17.353700 2.929880 218.483000 1372.340000 -13 362 1 0 1.000000
-1.056300 -0.915606 0 5.744120 11.657300 202.194000 1372.300000 -13 363 1 0 1.000000
-8.885390 2.863980 0 22.981600 -10.918700 211.955000 1372.360000 -13 364 1 0 1.000000
-9.445060 -10.508500 0 -6.590440 6.550670 200.798000 1372.350000 -13 365 1 0 1.000000
-5.268140 -8.656370 0 9.041160 -6.415980 207.907000 1372.340000 -13 366 1 0 1.000000
1.702750 -1.953420 0 6.092490 5.532700 209.229000 1372.460000 -13 367 1 0 1.000000
5.991790 5.368490 0 -3.874310 -11.118900 196.639000 1372.200000 -13 368 1 0 1.000000
1.065390 -3.607750 0 -12.032900 -13.368200 204.357000 1372.110000 -13 369 1 0 1.000000
-2.911080 3.556850 0 -2.889620 -4.579180 212.334000 1372.200000 -13 370 1 0 1.000000
-2.545250 -4.924930 0 6.207820 13.407200 188.564000 1372.280000 -13 371 1 0 1.000000
-4.549980 2.165850 0 1.698410 13.893300 214.398000 1372.260000 -13 372 1 0 1.000000
-0.170982 4.160570 0 2.622330 3.243730 193.010000 1372.310000 -13 373 1 0 1.000000
0.498834 -1.269350 0 -2.159010 -13.296600 186.965000 1372.280000 -13 374 1 0 1.000000
0.385297 -6.509900 0 -7.005950 9.237820 185.873000 1372.340000 -13 375 1 0 1.000000
4.756490 -9.738360 0 -20.013800 17.532100 200.917000 1372.220000 -13 376 1 0 1.000000
-7.877720 -2.406620 0 -15.075300 -14.343500 198.342000 1372.350000 -13 377 1 0 1.000000
-1.749480 -1.081790 0 -2.003170 -9.592580 192.199000 1372.310000 -13 378 1 0 1.000000
-5.968470 -0.349070 0 6.708920 -5.916600 211.850000 1372.320000 -13 379 1 0 1.000000
-4.213060 -1.007200 0 -2.525860 -6.742150 201.499000 1372.440000 -13 380 1 0 1.000000
-1.200530 -4.989080 0 38.964100 -29.336300 206.927000 1372.470000 -13 381 1 0 1.000000
-1.399830 -4.241890 0 1.589100 -10.599300 221.186000 1372.300000 -13 382 1 0 1.000000
4.804560 -8.419350 0 10.296200 18.398900 205.048000 1372.110000 -13 383 1 0 1.000000
-0.087382 -2.423660 0 7.840060 10.143700 216.234000 1372.390000 -13 384 1 0 1.000000
-2.575490 2.507040 0 -9.317170 14.865400 198.843000 1372.080000 -13 385 1 0 1.000000
-3.162550 -4.577460 0 14.800900 -9.005980 204.016000 1372.330000 -13 386 1 0 1.000000
-0.589221 -3.217260 0 -6.935450 20.739000 219.992000 1372.330000 -13 387 1 0 1.000000
4.349150 0.347405 0 12.652300 7.535020 187.665000 1372.280000 -13 388 1 0 1.000000
-5.844120 5.285180 0 -10.024800 -7.721990 197.777000 1372.280000 -13 389 1 0 1.000000
-0.547160 5.881850 0 -4.538600 15.479000 211.399000 1372.320000 -13 390 1 0 1.000000
-1.281630 -4.577050 0 -7.503990 10.252400 210.291000 1372.290000 -13 391 1 0 1.000000
-7.374370 4.528290 0 -4.695880 5.066320 211.815000 1372.440000 -13 392 1 0 1.000000
-5.994940 -0.929765 0 -5.514580 -11.340900 196.839000 1372.320000 -13 393 1 0 1.000000
-9.622660 -3.861980 0 -41.753300 -24.226300 222.892000 1372.250000 -13 394 1 0 1.000000
3.961300 -5.387750 0 -8.207940 5.093290 194.815000 1372.450000 -13 395 1 0 1.000000
-0.431685 0.760033 0 5.423030 -26.134800 201.661000 1372.280000 -13 396 1 0 1.000000
-2.829320 -4.498960 0 -34.948200 29.696900 218.492000 1372.150000 -13 397 1 0 1.000000
-0.975463 -0.862297 0 8.032460 3.310980 207.459000 1372.270000 -13 398 1 0 1.000000
1.647860 -1.753050 0 17.711400 -2.061850 200.634000 1372.380000 -13 399 1 0 1.000000
-1.055820 -0.457931 0 1.451980 -0.264601 200.615000 1372.450000 -13 400 1 0 1.000000
-1.385020 -0.521458 0 -5.562260 23.282400 208.097000 1372.280000 -13 401 1 0 1.000000
-0.316302 -0.409313 0 -21.776200 8.493770 205.347000 1372.230000 -13 402 1 0 1.000000
0.549739 -8.501110 0 -8.773580 2.219520 198.099000 1372.270000 -13 403 1 0 1.000000
1.522570 -3.472060 0 18.203100 -6.281350 206.411000 1372.290000 -13 404 1 0 1.000000
1.748520 3.279130 0 5.555000 1.809870 197.325000 1372.420000 -13 405 1 0 1.000000
-10.679900 -3.469650 0 8.988770 8.442050 215.211000 1372.260000 -13 406 1 0 1.000000
-4.544620 -1.669110 0 37.160800 -0.612660 226.304000 1372.120000 -13 407 1 0 1.000000
-0.464368 -7.473180 0 -12.014400 -1.957130 196.614000 1372.340000 -13 408 1 0 1.000000
-0.116790 -0.590175 0 1.301880 5.436630 200.993000 1372.280000 -13 409 1 0 1.000000
-6.295480 -0.988956 0 16.439200 -2.920480 188.631000 1372.340000 -13 410 1 0 1.000000
-5.637620 -1.703680 0 -1.166610 -25.508000 200.805000 1372.210000 -13 411 1 0 1.000000
1.799640 -2.661430 0 6.783280 13.536400 204.138000 1372.350000 -13 412 1 0 1.000000
0.596902 -0.010212 0 5.042800 12.778700 208.269000 1372.290000 -13 413 1 0 1.000000
5.483840 -2.703010 0 -3.290480 -9.383930 192.485000 1372.140000 -13 414 1 0 1.000000
-6.233660 0.585680 0 -8.139510 -11.552900 197.845000 1372.320000 -13 415 1 0 1.000000
2.330790 -1.684350 0 13.368300 22.534200 201.419000 1372.150000 -13 416 1 0 1.000000
1.581070 -3.106360 0 -14.011700 1.383080 213.388000 1372.250000 -13 417 1 0 1.000000
0.045291 -3.163250 0 -19.824300 -0.561014 224.152000 1372.330000 -13 418 1 0 1.000000
-2.939480 1.927300 0 7.833840 -7.937700 204.396000 1372.410000 -13 419 1 0 1.000000
-5.229310 -4.522230 0 -12.978300 2.840930 222.380000 1372.360000 -13 420 1 0 1.000000
-5.294520 3.803000 0 20.107500 -9.550080 200.944000 1372.300000 -13 421 1 0 1.000000
-13.186500 1.924380 0 11.881200 -0.555807 217.319000 1372.330000 -13 422 1 0 1.000000
-0.662367 -2.702110 0 -23.694200 -4.012470 193.400000 1372.260000 -13 423 1 0 1.000000
3.644210 -4.133900 0 -14.856500 -25.976500 193.494000 1372.260000 -13 424 1 0 1.000000
-14.084300 -2.715840 0 -7.698200 1.044760 204.251000 1372.280000 -13 425 1 0 1.000000
-2.192710 -6.569040 0 5.478620 2.151030 195.677000 1372.170000 -13 426 1 0 1.000000
1.406390 -2.424080 0 -2.865560 -3.039250 199.469000 1372.360000 -13 427 1 0 1.000000
0.827432 1.659860 0 -7.731790 4.971820 217.917000 1372.210000 -13 428 1 0 1.000000
-3.979320 -1.583480 0 -0.632927 13.430700 202.092000 1372.340000 -13 429 1 0 1.000000
0.548332 -4.418760 0 8.973250 -3.389110 178.552000 1372.280000 -13 430 1 0 1.000000
2.846280 -1.501400 0 9.441240 10.377500 193.280000 1372.160000 -13 431 1 0 1.000000
5.607980 -5.043910 0 -20.409500 -23.254400 211.582000 1372.310000 -13 432 1 0 1.000000
-7.568890 -0.145640 0 -44.011900 -0.558395 199.191000 1372.190000 -13 433 1 0 1.000000
-5.019920 -9.088310 0 -10.067300 -8.560630 209.012000 1372.320000 -13 434 1 0 1.000000
-0.549887 -5.665430 0 -8.830360 -9.258700 201.555000 1372.200000 -13 435 1 0 1.000000
-4.498230 -3.836310 0 -6.114120 -8.643270 215.431000 1372.240000 -13 436 1 0 1.000000
-11.801200 -11.727300 0 -1.302560 -17.682900 205.539000 1372.330000 -13 437 1 0 1.000000
-5.632050 1.026110 0 1.892500 14.429400 203.985000 1372.300000 -13 438 1 0 1.000000
0.161007 -3.703020 0 -19.214400 3.088270 217.960000 1372.270000 -13 439 1 0 1.000000
-11.068200 -1.585960 0 -23.682900 0.559680 213.303000 1372.460000 -13 440 1 0 1.000000
3.035700 3.051690 0 -3.825590 -3.688000 212.200000 1372.220000 -13 441 1 0 1.000000
-0.012425 1.375570 0 -2.474390 -4.221010 201.053000 1372.200000 -13 442 1 0 1.000000
6.054970 4.693800 0 1.962580 12.171900 215.645000 1372.140000 -13 443 1 0 1.000000
-4.621670 -2.825240 0 -7.879630 -4.053270 221.916000 1372.390000 -13 444 1 0 1.000000
-1.453540 -6.922730 0 -22.640300 -3.309510 198.275000 1372.410000 -13 445 1 0 1.000000
8.795220 -1.380980 0 -6.165150 -13.245900 202.097000 1372.140000 -13 446 1 0 1.000000
-8.786320 -4.011510 0 -11.841700 1.993750 210.824000 1372.120000 -13 447 1 0 1.000000
2.798770 1.282000 0 11.710600 -7.684030 209.408000 1372.360000 -13 448 1 0 1.000000
-3.589210 1.950030 0 -14.052400 8.760470 210.980000 1372.160000 -13 449 1 0 1.000000
7.794590 -2.621820 0 -14.872800 6.049370 203.774000 1372.310000 -13 450 1 0 1.000000
-5.357350 -5.045140 0 6.736090 -3.562220 197.897000 1372.340000 -13 451 1 0 1.000000
0.883404 3.366780 0 4.305960 -18.241700 220.528000 1372.370000 -13 452 1 0 1.000000
2.360120 -12.144700 0 -18.223400 5.375420 206.320000 1372.360000 -13 453 1 0 1.000000
-1.647820 1.658210 0 -4.909900 -12.174200 204.656000 1372.220000 -13 454 1 0 1.000000
-5.400520 -3.197390 0 -0.133296 -0.800939 206.790000 1372.340000 -13 455 1 0 1.000000
-0.176911 -0.693223 0 5.342250 9.638340 199.756000 1372.350000 -13 456 1 0 1.000000
3.845800 -1.275180 0 -7.896440 -9.920420 206.253000 1372.280000 -13 457 1 0 1.000000
2.536530 -6.458880 0 -13.076700 -1.901540 209.738000 1372.280000 -13 458 1 0 1.000000
0.260913 1.496460 0 2.938480 2.719520 214.983000 1372.330000 -13 459 1 0 1.000000
-0.239710 -3.659710 0 -4.946520 -2.008120 209.613000 1372.420000 -13 460 1 0 1.000000
-10.424000 -3.584150 0 -10.040000 14.346800 202.450000 1372.320000 -13 461 1 0 1.000000
-1.495110 -3.422710 0 4.440340 20.293500 186.152000 1372.280000 -13 462 1 0 1.000000
-4.402360 -0.492303 0 -16.153500 11.845800 208.956000 1372.270000 -13 463 1 0 1.000000
-6.811980 -3.487460 0 -18.580800 12.315800 196.266000 1372.450000 -13 464 1 0 1.000000
-5.602340 -0.959160 0 -13.994300 -22.313300 218.884000 1372.170000 -13 465 1 0 1.000000
-3.155470 -8.304890 0 26.085600 -12.566200 232.131000 1372.330000 -13 466 1 0 1.000000
-5.154030 1.087310 0 -4.071010 34.175900 214.108000 1372.050000 -13 467 1 0 1.000000
-1.373970 -7.954900 0 14.006400 9.742010 197.867000 1372.200000 -13 468 1 0 1.000000
-10.879000 -6.525920 0 -4.595950 -0.130193 205.303000 1372.390000 -13 469 1 0 1.000000
-6.050040 0.306512 0 9.366660 8.849280 203.900000 1372.390000 -13 470 1 0 1.000000
2.366250 6.002520 0 -5.400590 21.558800 205.084000 1372.320000 -13 471 1 0 1.000000
-4.627370 -3.997540 0 9.691850 -17.815200 190.899000 1372.320000 -13 472 1 0 1.000000
-2.234320 -3.393500 0 11.528600 21.043600 199.243000 1372.320000 -13 473 1 0 1.000000
-4.099510 -1.577840 0 -0.000223 0.774712 222.451000 1372.410000 -13 474 1 0 1.000000
-3.687410 -6.525180 0 2.271610 -22.958000 200.506000 1372.150000 -13 475 1 0 1.000000
-3.032910 2.014230 0 9.679790 -11.492600 192.680000 1372.280000 -13 476 1 0 1.000000
-5.292730 -6.904770 0 12.390500 21.067700 218.371000 1372.260000 -13 477 1 0 1.000000
4.925260 -6.474930 0 -20.827400 16.150000 197.550000 1372.240000 -13 478 1 0 1.000000
8.495510 -11.020400 0 11.199500 -18.912900 203.106000 1372.200000 -13 479 1 0 1.000000
-2.287530 1.208790 0 -4.287280 17.678900 219.487000 1372.310000 -13 480 1 0 1.000000
-10.769300 -2.058740 0 3.469250 -1.657190 196.520000 1372.370000 -13 481 1 0 1.000000
-0.818898 0.424961 0 13.717400 -12.810600 214.653000 1372.260000 -13 482 1 0 1.000000
0.848568 -3.293200 0 11.040000 16.187600 198.939000 1372.310000 -13 483 1 0 1.000000
-3.246950 -1.961430 0 6.781730 -1.548890 201.465000 1372.440000 -13 484 1 0 1.000000
-2.335950 -9.665080 0 11.703800 -5.562410 205.136000 1372.290000 -13 485 1 0 1.000000
-1.178920 -7.450980 0 -6.830500 -8.952660 193.373000 1372.250000 -13 486 1 0 1.000000
-0.554812 -0.354271 0 -15.523300 -21.175800 223.663000 1372.210000 -13 487 1 0 1.000000
1.973360 -5.448860 0 -1.549460 3.403410 187.790000 1372.330000 -13 488 1 0 1.000000
-5.439690 2.337530 0 19.301100 9.908520 219.269000 1372.230000 -13 489 1 0 1.000000
-2.334000 -6.902220 0 -9.888130 -5.021680 208.623000 1372.380000 -13 490 1 0 1.000000
-5.292780 2.067040 0 -17.292100 -8.441430 214.401000 1372.130000 -13 491 1 0 1.000000
4.198150 -3.641180 0 6.339380 2.485890 200.345000 1372.220000 -13 492 1 0 1.000000
-2.541070 -4.963510 0 -2.878620 2.959610 209.026000 1372.200000 -13 493 1 0 1.000000
-5.715320 0.478925 0 12.079000 -10.688800 199.999000 1372.280000 -13 494 1 0 1.000000
1.752000 -1.417680 0 5.640800 4.378980 184.775000 1372.400000 -13 495 1 0 1.000000
-4.259160 -8.657400 0 -2.059890 1.707630 207.954000 1372.130000 -13 496 1 0 1.000000
-6.885390 4.750630 0 6.550150 -34.513300 201.819000 1372.370000 -13 497 1 0 1.000000
-3.007310 -3.189970 0 -11.704800 5.936910 201.051000 1372.300000 -13 498 1 0 1.000000
3.473600 -4.756570 0 -7.510580 -6.340180 209.246000 1372.180000 -13 499 1 0 1.000000
-3.043040 -4.313900 0 6.356790 -2.493560 213.160000 1372.420000 -13 500 1 0 1.000000
-2.178720 -2.802160 0 -9.838810 -11.064500 216.888000 1372.130000 -13 501 1 0 1.000000
-3.245720 -0.479620 0 11.112000 -13.563400 174.942000 1372.300000 -13 502 1 0 1.000000
-8.181950 -3.778870 0 36.814500 -36.106300 234.671000 1372.220000 -13 503 1 0 1.000000
-1.369390 -3.010300 0 22.926600 -4.744570 205.937000 1372.420000 -13 504 1 0 1.000000
1.450540 -6.909150 0 7.359170 -13.240800 192.864000 1372.200000 -13 505 1 0 1.000000
3.228330 2.629110 0 -17.713900 17.795000 215.622000 1372.300000 -13 506 1 0 1.000000
-2.961800 5.313940 0 1.621730 4.565340 206.304000 1372.110000 -13 507 1 0 1.000000
1.939310 -6.017350 0 -1.100120 7.174900 204.657000 1372.450000 -13 508 1 0 1.000000
5.784000 -6.963770 0 1.763600 -0.176615 201.174000 1372.330000 -13 509 1 0 1.000000
-4.762500 -1.477270 0 -5.287950 -0.725989 192.378000 1372.240000 -13 510 1 0 1.000000
0.152946 1.529710 0 -2.538670 -15.870900 205.332000 1372.400000 -13 511 1 0 1.000000
-5.077480 -5.374180 0 4.070180 -16.975100 214.547000 1372.410000 -13 512 1 0 1.000000
-4.528420 4.518510 0 -24.599900 4.158110 229.279000 1372.260000 -13 513 1 0 1.000000
-0.164876 -3.314320 0 13.157500 14.884900 195.904000 1372.310000 -13 514 1 0 1.000000
-3.412470 -1.410770 0 -35.824300 -2.184470 193.754000 1372.310000 -13 515 1 0 1.000000
1.770610 -1.595270 0 -24.583200 -12.720100 206.106000 1372.400000 -13 516 1 0 1.000000
-1.031100 -11.191400 0 8.395950 26.693900 222.396000 1372.330000 -13 517 1 0 1.000000
-3.264540 -7.997640 0 8.244560 15.493000 212.981000 1372.280000 -13 518 1 0 1.000000
-6.102590 -2.033020 0 -15.909500 6.342340 207.277000 1372.310000 -13 519 1 0 1.000000
-10.462600 1.337520 0 33.857900 4.571050 192.303000 1372.300000 -13 520 1 0 1.000000
5.529660 -4.966260 0 14.202100 7.343260 202.686000 1372.350000 -13 521 1 0 1.000000
1.523450 -2.822120 0 8.429360 -5.053230 199.912000 1372.450000 -13 522 1 0 1.000000
-3.585310 -2.542390 0 5.713360 -4.197640 207.708000 1372.320000 -13 523 1 0 1.000000
-0.815874 -0.635924 0 7.267410 -3.697420 218.474000 1372.310000 -13 524 1 0 1.000000
-0.695192 -9.129320 0 11.930000 15.185800 213.325000 1372.130000 -13 525 1 0 1.000000
0.090187 -5.831510 0 22.844600 -0.932298 204.294000 1372.360000 -13 526 1 0 1.000000
-0.302344 -6.999650 0 5.050060 14.196900 196.366000 1372.330000 -13 527 1 0 1.000000
0.908804 4.217450 0 0.572511 14.158700 186.550000 1372.260000 -13 528 1 0 1.000000
-2.694430 2.309340 0 -9.206220 1.145800 187.068000 1372.290000 -13 529 1 0 1.000000
0.070009 -3.425090 0 18.485600 -5.040790 198.852000 1372.460000 -13 530 1 0 1.000000
3.622430 0.452810 0 1.380640 -5.125990 198.305000 1372.260000 -13 531 1 0 1.000000
-5.733380 -6.700270 0 0.270649 -10.342400 193.913000 1372.290000 -13 532 1 0 1.000000
-2.654150 -4.392760 0 -12.469200 -10.020400 223.648000 1372.160000 -13 533 1 0 1.000000
-1.520660 3.412660 0 -12.339900 11.928500 194.224000 1372.170000 -13 534 1 0 1.000000
2.047530 -3.383290 0 -10.506800 -1.011650 190.666000 1372.150000 -13 535 1 0 1.000000
-1.601840 -0.784998 0 15.241000 20.733600 201.755000 1372.310000 -13 536 1 0 1.000000
2.455210 -0.657894 0 -26.035400 -14.122200 190.850000 1372.410000 -13 537 1 0 1.000000
-0.578201 0.034091 0 4.734020 7.708660 196.138000 1372.230000 -13 538 1 0 1.000000
-5.536300 -1.174480 0 -6.686480 -16.725400 209.675000 1372.210000 -13 539 1 0 1.000000
-2.539300 -3.954910 0 -1.395390 -3.413990 191.079000 1372.340000 -13 540 1 0 1.000000
-2.215130 -0.432021 0 13.731300 16.197800 220.892000 1372.220000 -13 541 1 0 1.000000
-9.091950 0.267681 0 -19.600700 -15.489600 206.753000 1372.160000 -13 542 1 0 1.000000
-0.070274 1.701860 0 10.505600 8.765640 217.812000 1372.280000 -13 543 1 0 1.000000
-0.797483 2.084400 0 18.045600 9.551550 210.499000 1372.270000 -13 544 1 0 1.000000
-8.785000 0.926073 0 3.741580 -6.624170 199.968000 1372.320000 -13 545 1 0 1.000000
-5.673110 -5.286520 0 -42.067300 1.247990 223.592000 1372.280000 -13 546 1 0 1.000000
-4.226510 -1.981970 0 8.122290 -11.469000 207.807000 1372.200000 -13 547 1 0 1.000000
-5.517390 -12.205000 0 11.159800 -3.009830 188.058000 1372.240000 -13 548 1 0 1.000000
-2.729250 -2.530850 0 11.319100 16.178500 205.257000 1372.190000 -13 549 1 0 1.000000
3.663160 0.678513 0 -4.061820 15.657800 207.428000 1372.340000 -13 550 1 0 1.000000
-3.909480 5.591870 0 -21.203800 -26.756400 210.988000 1372.180000 -13 551 1 0 1.000000
-0.342628 -2.446220 0 -8.738890 -0.809529 208.956000 1372.130000 -13 552 1 0 1.000000
-1.181670 0.298942 0 -12.000400 -11.336200 207.252000 1372.400000 -13 553 1 0 1.000000
-4.579260 -2.035880 0 -9.332910 21.522700 196.483000 1372.200000 -13 554 1 0 1.000000
-1.115650 0.227101 0 -6.910340 -29.230600 196.485000 1372.120000 -13 555 1 0 1.000000
-4.323880 -4.957580 0 44.734600 -12.556600 221.388000 1372.190000 -13 556 1 0 1.000000
-7.658670 -2.327880 0 -8.892930 2.575960 197.810000 1372.190000 -13 557 1 0 1.000000
-5.601130 -2.586890 0 -5.341610 6.979460 198.506000 1372.280000 -13 558 1 0 1.000000
-9.765160 -2.666880 0 0.368901 -9.065920 200.616000 1372.280000 -13 559 1 0 1.000000
-2.280490 -5.355120 0 7.139230 6.305890 194.210000 1372.230000 -13 560 1 0 1.000000
-1.719370 -7.309370 0 14.347900 -4.669650 197.269000 1372.340000 -13 561 1 0 1.000000
0.592532 1.520310 0 0.144688 0.406311 196.102000 1372.240000 -13 562 1 0 1.000000
0.133422 2.865040 0 -6.862710 -17.038900 191.086000 1372.260000 -13 563 1 0 1.000000
-4.203810 2.307770 0 0.306135 -18.558100 205.163000 1372.250000 -13 564 1 0 1.000000
0.313357 1.530060 0 -13.558300 0.126594 202.784000 1372.310000 -13 565 1 0 1.000000
-10.911000 -4.938100 0 21.469900 -19.814300 211.927000 1372.270000 -13 566 1 0 1.000000
-1.748050 1.835020 0 -17.586200 32.167600 201.389000 1372.230000 -13 567 1 0 1.000000
-8.366630 -6.405890 0 36.147600 -20.992600 203.591000 1372.390000 -13 568 1 0 1.000000
2.065510 1.501270 0 -3.331830 5.693600 200.933000 1372.340000 -13 569 1 0 1.000000
0.362155 -8.929230 0 2.510520 3.687070 202.776000 1372.300000 -13 570 1 0 1.000000
-4.306980 2.429320 0 -10.997900 -1.126860 210.400000 1372.190000 -13 571 1 0 1.000000
-3.528080 -4.898570 0 9.600880 -14.291200 227.921000 1372.210000 -13 572 1 0 1.000000
-8.548380 -6.006100 0 -28.352200 -0.324773 226.909000 1372.240000 -13 573 1 0 1.000000
-3.502030 -6.144500 0 -5.093070 2.178610 193.858000 1372.290000 -13 574 1 0 1.000000
5.438960 12.805400 0 1.018410 0.232092 211.940000 1372.210000 -13 575 1 0 1.000000
0.786050 7.313930 0 -5.356140 14.050300 210.149000 1372.160000 -13 576 1 0 1.000000
-2.500360 -6.145550 0 20.952200 1.711650 213.635000 1372.360000 -13 577 1 0 1.000000
2.429990 -1.421070 0 -28.647200 37.548300 214.438000 1372.320000 -13 578 1 0 1.000000
-2.071180 1.389810 0 -10.904500 27.439000 192.981000 1372.290000 -13 579 1 0 1.000000
-3.071210 2.389140 0 -9.042930 -7.711200 194.538000 1372.190000 -13 580 1 0 1.000000
-7.954780 0.083089 0 6.596180 -7.695900 200.891000 1372.200000 -13 581 1 0 1.000000
-4.504710 -2.510800 0 16.456200 9.085730 197.941000 1372.350000 -13 582 1 0 1.000000
-0.554444 -2.810450 0 -0.184405 7.786390 209.731000 1372.360000 -13 583 1 0 1.000000
-3.812280 -3.053260 0 2.639090 1.792450 215.490000 1372.260000 -13 584 1 0 1.000000
-2.772630 -2.979100 0 -16.415400 15.573000 196.973000 1372.230000 -13 585 1 0 1.000000
-7.107020 -2.739320 0 22.341500 -7.500840 219.148000 1372.280000 -13 586 1 0 1.000000
1.190380 -4.098760 0 -9.329080 16.805300 214.674000 1372.260000 -13 587 1 0 1.000000
1.166520 -0.561691 0 0.370605 -5.338310 188.835000 1372.230000 -13 588 1 0 1.000000
-6.687910 -1.300240 0 -6.280460 -4.318350 188.318000 1372.310000 -13 589 1 0 1.000000
-4.442630 1.377070 0 -10.291300 -5.140200 202.050000 1372.330000 -13 590 1 0 1.000000
-2.008390 -6.380780 0 17.181800 7.996690 208.586000 1372.120000 -13 591 1 0 1.000000
-1.704210 -0.053782 0 9.365910 -39.187400 213.534000 1372.190000 -13 592 1 0 1.000000
1.896830 -6.140190 0 8.381460 29.021100 200.572000 1372.260000 -13 593 1 0 1.000000
0.261445 -7.040390 0 -10.848500 -18.419800 192.228000 1372.350000 -13 594 1 0 1.000000
-2.776790 -1.076000 0 11.778400 2.706150 191.208000 1372.360000 -13 595 1 0 1.000000
-0.642424 -0.686714 0 -8.196960 18.232100 201.133000 1372.200000 -13 596 1 0 1.000000
1.578240 -4.317960 0 -17.560400 -4.939980 210.646000 1372.250000 -13 597 1 0 1.000000
-6.224980 -3.088700 0 5.707630 8.098490 206.071000 1372.330000 -13 598 1 0 1.000000
-4.909610 1.171780 0 -18.209500 -3.829360 205.874000 1372.390000 -13 599 1 0 1.000000
-0.040293 -0.024602 0 -18.131600 -1.791540 213.346000 1372.300000 -13 600 1 0 1.000000
-3.201760 -2.742180 0 -1.030230 -4.451850 202.280000 1372.280000 -13 601 1 0 1.000000
-4.846610 -3.588990 0 -13.345100 0.326289 194.932000 1372.420000 -13 602 1 0 1.000000
-5.599720 0.395844 0 11.541900 5.672700 218.089000 1372.220000 -13 603 1 0 1.000000
-1.864690 -9.567000 0 -3.569050 -1.393950 211.223000 1372.100000 -13 604 1 0 1.000000
0.644420 -5.442500 0 3.793000 22.165700 207.487000 1372.330000 -13 605 1 0 1.000000
-1.000700 -2.745820 0 22.762300 12.631300 211.121000 1372.380000 -13 606 1 0 1.000000
-4.241120 3.787340 0 -15.974700 7.683150 199.697000 1372.330000 -13 607 1 0 1.000000
4.148560 -5.905270 0 3.455610 11.156700 212.013000 1372.310000 -13 608 1 0 1.000000
1.738240 -5.227610 0 9.323040 0.193479 201.389000 1372.230000 -13 609 1 0 1.000000
0.633192 -2.718760 0 -3.131580 -18.773300 214.594000 1372.350000 -13 610 1 0 1.000000
-7.254200 -0.696827 0 18.711600 -21.760700 212.209000 1372.480000 -13 611 1 0 1.000000
-1.505080 -2.356180 0 9.867620 2.038530 192.333000 1372.310000 -13 612 1 0 1.000000
-2.517800 -1.022110 0 25.308100 18.275300 205.944000 1372.350000 -13 613 1 0 1.000000
-7.663420 0.499658 0 5.248070 18.895900 216.952000 1372.300000 -13 614 1 0 1.000000
-7.609600 -8.291240 0 -12.961900 -5.145810 215.566000 1372.190000 -13 615 1 0 1.000000
-0.759413 -5.250800 0 -15.221300 6.138460 199.453000 1372.330000 -13 616 1 0 1.000000
-3.067130 -2.157330 0 -6.475670 10.488400 216.067000 1372.370000 -13 617 1 0 1.000000
-0.106732 -3.463250 0 6.131490 -9.149800 210.820000 1372.400000 -13 618 1 0 1.000000
-0.271958 0.307221 0 1.847010 -7.863900 208.426000 1372.180000 -13 619 1 0 1.000000
-1.394480 -0.502681 0 -0.601331 15.725900 206.448000 1372.340000 -13 620 1 0 1.000000
3.731400 -2.197450 0 3.357920 11.924100 203.537000 1372.320000 -13 621 1 0 1.000000
-8.231830 -3.804640 0 -5.761900 -19.194400 220.188000 1372.280000 -13 622 1 0 1.000000
0.823753 -4.425870 0 -9.956690 -10.383100 221.703000 1372.230000 -13 623 1 0 1.000000
-6.745710 -6.280310 0 -12.608400 18.003200 200.958000 1372.140000 -13 624 1 0 1.000000
-6.202080 -7.700760 0 9.991520 19.978400 203.186000 1372.270000 -13 625 1 0 1.000000
1.211020 -5.248600 0 19.719100 -6.078320 227.858000 1372.150000 -13 626 1 0 1.000000
-4.456730 -3.354310 0 0.676554 13.706000 224.746000 1372.210000 -13 627 1 0 1.000000
-2.459360 -0.772136 0 17.042000 24.481900 199.034000 1372.250000 -13 628 1 0 1.000000
-0.229899 -1.395530 0 -11.839400 6.053110 216.774000 1372.150000 -13 629 1 0 1.000000
2.274190 -1.362730 0 -12.294700 -0.453528 199.704000 1372.170000 -13 630 1 0 1.000000
2.212240 -5.526550 0 13.365400 -48.015500 230.103000 1372.270000 -13 631 1 0 1.000000
-3.444740 -1.982500 0 -3.362670 11.639700 223.089000 1372.160000 -13 632 1 0 1.000000
-3.922180 -5.346330 0 -3.120460 -13.505500 204.449000 1372.410000 -13 633 1 0 1.000000
-8.826690 3.001900 0 1.439340 -11.776800 202.575000 1372.260000 -13 634 1 0 1.000000
-5.784180 -6.604220 0 13.507500 27.703700 202.032000 1372.150000 -13 635 1 0 1.000000
2.085820 -5.237840 0 21.056400 3.232660 222.421000 1372.130000 -13 636 1 0 1.000000
-4.299980 -5.672540 0 -20.444400 -24.231400 218.039000 1372.230000 -13 637 1 0 1.000000
-4.006840 -4.318810 0 4.926300 -9.771240 213.777000 1372.160000 -13 638 1 0 1.000000
-2.887560 3.534230 0 -23.996000 -7.224520 209.033000 1372.410000 -13 639 1 0 1.000000
-3.341490 2.803350 0 1.714190 11.669500 200.276000 1372.380000 -13 640 1 0 1.000000
0.843431 -1.539570 0 -6.360980 -7.693480 201.038000 1372.460000 -13 641 1 0 1.000000
-1.443190 -1.809190 0 9.651170 6.867160 203.071000 1372.330000 -13 642 1 0 1.000000
-4.544210 -7.545030 0 -7.154310 3.101020 194.248000 1372.220000 -13 643 1 0 1.000000
-0.595133 0.964200 0 16.647600 2.736130 186.698000 1372.320000 -13 644 1 0 1.000000
0.396318 -7.017030 0 13.078800 3.717290 224.757000 1372.350000 -13 645 1 0 1.000000
-0.920801 -0.154051 0 14.745000 -1.046500 207.010000 1372.360000 -13 646 1 0 1.000000
-3.157770 -1.916560 0 11.190900 -3.115290 187.629000 1372.130000 -13 647 1 0 1.000000
-5.271270 6.781440 0 -8.440920 -0.914281 212.820000 1372.370000 -13 648 1 0 1.000000
-2.494940 3.594650 0 23.443600 -1.388260 221.205000 1372.310000 -13 649 1 0 1.000000
-1.134710 5.157660 0 2.529260 6.475280 215.646000 1372.330000 -13 650 1 0 1.000000
2.693400 -4.368030 0 22.278700 10.677600 213.497000 1372.070000 -13 651 1 0 1.000000
-2.589230 -7.543060 0 23.290600 -13.996800 212.657000 1372.320000 -13 652 1 0 1.000000
-3.889820 -4.459710 0 2.449890 -8.202590 206.414000 1372.220000 -13 653 1 0 1.000000
-7.912010 -3.459950 0 -7.773290 -11.412100 194.844000 1372.270000 -13 654 1 0 1.000000
-8.003710 -3.353650 0 -13.035200 21.151200 201.878000 1372.200000 -13 655 1 0 1.000000
-3.753900 1.413880 0 0.100488 -1.244840 219.965000 1372.260000 -13 656 1 0 1.000000
-0.735079 -5.411010 0 7.902110 -39.660100 195.469000 1372.320000 -13 657 1 0 1.000000
-0.388342 -10.408400 0 8.982110 -20.801800 200.926000 1372.200000 -13 658 1 0 1.000000
-1.130170 1.633040 0 8.957950 -14.278700 200.828000 1372.360000 -13 659 1 0 1.000000
-2.726280 -3.324770 0 -20.899800 26.632600 220.547000 1372.230000 -13 660 1 0 1.000000
3.050290 -8.534030 0 -0.491082 -4.015430 200.386000 1372.110000 -13 661 1 0 1.000000
-0.524713 3.439970 0 8.829740 -14.503400 208.033000 1372.380000 -13 662 1 0 1.000000
0.754285 -4.882040 0 -6.784560 18.241000 200.144000 1372.240000 -13 663 1 0 1.000000
1.357680 0.823308 0 2.681860 -19.258200 186.339000 1372.260000 -13 664 1 0 1.000000
-4.186760 -4.712080 0 -0.245649 -5.500130 213.761000 1372.380000 -13 665 1 0 1.000000
-3.783400 -0.772523 0 -7.635950 8.691080 192.305000 1372.420000 -13 666 1 0 1.000000
-0.528357 -7.243200 0 44.744700 12.542300 205.376000 1372.350000 -13 667 1 0 1.000000
-6.694390 -3.714980 0 -17.666000 25.021700 210.825000 1372.330000 -13 668 1 0 1.000000
-3.920130 -10.654500 0 11.913800 16.815800 222.705000 1372.230000 -13 669 1 0 1.000000
-0.636064 -3.557990 0 -7.429910 1.410120 203.658000 1372.070000 -13 670 1 0 1.000000
1.744470 -2.095960 0 2.510870 12.216300 203.208000 1372.360000 -13 671 1 0 1.000000
-11.043800 -5.031170 0 -25.309700 -18.086400 196.925000 1372.200000 -13 672 1 0 1.000000
-0.816217 -0.973265 0 -10.737200 -18.164100 215.521000 1372.360000 -13 673 1 0 1.000000
0.315687 -4.551500 0 17.229900 5.789340 200.049000 1372.230000 -13 674 1 0 1.000000
0.107422 -4.205630 0 -6.650000 -6.453810 201.933000 1372.410000 -13 675 1 0 1.000000
0.181983 -0.649380 0 -5.246900 -5.546200 197.452000 1372.230000 -13 676 1 0 1.000000
-4.093020 8.995990 0 -26.307000 2.784920 199.969000 1372.240000 -13 677 1 0 1.000000
-6.999140 -5.158220 0 -1.495490 5.128820 203.841000 1372.390000 -13 678 1 0 1.000000
-4.359090 -0.647984 0 -19.363800 -2.619990 211.334000 1372.160000 -13 679 1 0 1.000000
-6.884730 -5.437730 0 -8.373230 9.087610 200.525000 1372.180000 -13 680 1 0 1.000000
-1.587120 -2.315680 0 2.059110 -5.256610 192.568000 1372.320000 -13 681 1 0 1.000000
-5.867460 -3.605650 0 -1.205030 -6.276130 194.122000 1372.230000 -13 682 1 0 1.000000
-2.508100 -4.793610 0 13.807100 1.288110 192.857000 1372.110000 -13 683 1 0 1.000000
2.772580 -1.089430 0 7.104840 -4.134080 197.900000 1372.320000 -13 684 1 0 1.000000
-0.720337 -5.015990 0 5.936000 -28.039300 199.631000 1372.300000 -13 685 1 0 1.000000
-6.283620 -4.287780 0 4.204510 -17.042700 202.429000 1372.430000 -13 686 1 0 1.000000
-1.502900 0.834690 0 -7.672150 -35.696200 233.397000 1372.230000 -13 687 1 0 1.000000
-3.104750 -1.259360 0 -21.604000 -1.363510 209.958000 1372.370000 -13 688 1 0 1.000000
0.860569 0.777256 0 12.167400 14.891500 226.979000 1372.150000 -13 689 1 0 1.000000
0.180635 -0.129352 0 -4.244180 -12.595100 207.133000 1372.250000 -13 690 1 0 1.000000
1.530650 -0.696429 0 -4.170170 -12.313000 209.046000 1372.350000 -13 691 1 0 1.000000
-6.620630 3.039130 0 -1.645960 -3.921190 206.261000 1372.290000 -13 692 1 0 1.000000
-6.111430 -1.054210 0 -2.978560 -2.934050 187.543000 1372.240000 -13 693 1 0 1.000000
-3.872160 -2.840480 0 2.975470 -1.344520 213.338000 1372.260000 -13 694 1 0 1.000000
-2.118930 -6.590370 0 7.042370 1.974110 208.444000 1372.440000 -13 695 1 0 1.000000
-0.776664 -2.593960 0 13.055600 24.616900 204.590000 1372.420000 -13 696 1 0 1.000000
-2.751020 2.062450 0 6.714840 -16.216700 202.742000 1372.270000 -13 697 1 0 1.000000
-1.307450 -9.591450 0 8.034610 -5.873540 205.411000 1372.400000 -13 698 1 0 1.000000
3.655190 -0.553778 0 -21.030800 19.199800 191.927000 1372.280000 -13 699 1 0 1.000000
-3.608310 4.953150 0 -0.616020 -4.545880 195.674000 1372.370000 -13 700 1 0 1.000000
1.782940 -0.622434 0 -11.638300 -3.162110 191.325000 1372.350000 -13 701 1 0 1.000000
-7.418920 1.799140 0 -14.957100 -18.988900 212.080000 1372.330000 -13 702 1 0 1.000000
3.249430 -5.712820 0 0.786738 4.225890 194.165000 1372.330000 -13 703 1 0 1.000000
-4.016050 -7.080200 0 -7.159620 8.623080 205.569000 1372.400000 -13 704 1 0 1.000000
-4.154020 1.888680 0 8.345100 6.580520 201.503000 1372.360000 -13 705 1 0 1.000000
-1.378580 1.149430 0 11.088300 2.484230 200.934000 1372.350000 -13 706 1 0 1.000000
-1.182220 -3.196980 0 6.939870 -5.773150 203.656000 1372.300000 -13 707 1 0 1.000000
-0.239561 2.126170 0 0.664328 2.375090 210.322000 1372.310000 -13 708 1 0 1.000000
-2.935740 1.876520 0 2.458390 -13.070700 211.555000 1372.260000 -13 709 1 0 1.000000
3.175770 -2.869390 0 -2.710990 -9.793380 212.327000 1372.320000 -13 710 1 0 1.000000
-5.331080 -0.011125 0 2.087220 10.725700 207.107000 1372.300000 -13 711 1 0 1.000000
5.698110 -0.353779 0 -10.386300 5.703790 206.259000 1372.270000 -13 712 1 0 1.000000
9.015090 5.850170 0 -4.746170 0.049483 219.558000 1372.390000 -13 713 1 0 1.000000
5.467310 2.554830 0 9.571170 4.593650 203.295000 1372.280000 -13 714 1 0 1.000000
-3.166100 -0.577671 0 5.400810 -6.954090 211.042000 1372.250000 -13 715 1 0 1.000000
-4.604710 -2.811030 0 3.529820 -6.547500 200.671000 1372.160000 -13 716 1 0 1.000000
-2.976600 0.148754 0 -2.195480 -3.502550 193.387000 1372.160000 -13 717 1 0 1.000000
1.439560 -7.857620 0 0.876907 15.907500 213.081000 1372.150000 -13 718 1 0 1.000000
4.390370 -3.265170 0 -28.758000 -13.164700 195.168000 1372.330000 -13 719 1 0 1.000000
2.742120 -7.395290 0 -28.059000 -2.944470 197.164000 1372.100000 -13 720 1 0 1.000000
2.151940 -4.796990 0 0.473635 -1.052110 206.018000 1372.230000 -13 721 1 0 1.000000
-3.579790 1.720970 0 -6.893550 -3.491700 209.716000 1372.220000 -13 722 1 0 1.000000
-2.751810 -3.063950 0 -3.458050 2.703130 212.295000 1372.200000 -13 723 1 0 1.000000
3.950130 -5.026290 0 7.816980 -15.651900 209.696000 1372.190000 -13 724 1 0 1.000000
2.677440 -2.482190 0 12.101000 23.561400 185.107000 1372.180000 -13 725 1 0 1.000000
-5.378140 1.192110 0 3.697090 -3.361370 205.993000 1372.350000 -13 726 1 0 1.000000
-4.071840 -2.434260 0 49.544500 -24.530700 227.987000 1372.310000 -13 727 1 0 1.000000
5.350250 -4.564970 0 7.487400 2.456450 195.192000 1372.260000 -13 728 1 0 1.000000
0.835736 -1.245360 0 -21.488500 -0.820791 205.392000 1372.380000 -13 729 1 0 1.000000
-0.382176 -0.369459 0 9.820330 -23.177600 182.787000 1372.220000 -13 730 1 0 1.000000
-2.562670 -0.526903 0 -5.020100 -8.823380 235.094000 1372.230000 -13 731 1 0 1.000000
-3.444970 3.730510 0 -1.523920 8.833040 214.960000 1372.330000 -13 732 1 0 1.000000
-3.077950 -1.429030 0 -3.865820 -16.254400 200.308000 1372.440000 -13 733 1 0 1.000000
-6.793620 3.108400 0 -22.487400 9.735870 222.271000 1372.260000 -13 734 1 0 1.000000
-3.341940 -2.335680 0 -3.880910 -1.637410 215.952000 1372.220000 -13 735 1 0 1.000000
-1.266450 -6.383930 0 -12.136800 -20.159000 215.760000 1372.420000 -13 736 1 0 1.000000
-2.148340 -1.035600 0 -35.165000 6.516120 196.086000 1372.340000 -13 737 1 0 1.000000
-2.952390 -4.924920 0 0.718401 -14.667600 192.465000 1372.240000 -13 738 1 0 1.000000
4.288470 -12.505100 0 2.614570 13.360700 200.607000 1372.210000 -13 739 1 0 1.000000
-0.057997 -4.444640 0 -0.284077 -13.629300 223.520000 1372.310000 -13 740 1 0 1.000000
-9.078820 -10.056800 0 9.350480 8.959370 199.053000 1372.410000 -13 741 1 0 1.000000
-0.737444 0.815655 0 -3.534460 5.427690 208.715000 1372.190000 -13 742 1 0 1.000000
-3.759030 -2.771530 0 -4.511660 -7.686110 209.850000 1372.340000 -13 743 1 0 1.000000
3.038610 -7.444430 0 1.015270 13.147400 203.923000 1372.130000 -13 744 1 0 1.000000
0.295729 -4.658710 0 -17.268800 -2.946130 207.411000 1372.210000 -13 745 1 0 1.000000
1.871070 -2.433760 0 0.889915 -13.373200 200.000000 1372.250000 -13 746 1 0 1.000000
-0.577321 0.218039 0 9.771560 -1.762360 193.134000 1372.260000 -13 747 1 0 1.000000
5.425790 -2.096050 0 -22.744100 7.099220 224.729000 1372.200000 -13 748 1 0 1.000000
-5.101300 4.595750 0 19.217100 -32.138100 229.320000 1372.230000 -13 749 1 0 1.000000
-3.463290 4.556510 0 -11.629400 -12.699500 203.010000 1372.340000 -13 750 1 0 1.000000
3.149150 3.224520 0 -11.522800 12.695800 212.833000 1372.330000 -13 751 1 0 1.000000
2.481770 -2.685340 0 0.345596 6.411330 211.128000 1372.060000 -13 752 1 0 1.000000
-4.736580 -0.656850 0 -13.661600 -0.777015 212.136000 1372.190000 -13 753 1 0 1.000000
-1.007180 -1.151180 0 5.079550 1.545060 206.248000 1372.200000 -13 754 1 0 1.000000
-6.549620 2.141410 0 3.910620 2.544600 199.028000 1372.260000 -13 755 1 0 1.000000
-6.184750 0.684578 0 -13.414400 0.447089 212.411000 1372.380000 -13 756 1 0 1.000000
-3.427090 -7.620360 0 -3.055500 5.082630 201.816000 1372.300000 -13 757 1 0 1.000000
0.342413 -3.454070 0 15.428800 -21.002600 190.923000 1372.400000 -13 758 1 0 1.000000
-2.929350 -7.093120 0 -19.111100 -1.268890 194.607000 1372.270000 -13 759 1 0 1.000000
-11.561500 2.820150 0 -10.935500 32.003000 225.418000 1372.190000 -13 760 1 0 1.000000
-3.196270 -0.748555 0 5.184080 9.025730 219.848000 1372.300000 -13 761 1 0 1.000000
-4.119600 -3.327490 0 2.452430 11.668700 221.507000 1372.080000 -13 762 1 0 1.000000
-1.287060 -5.007390 0 0.356348 -41.507600 221.259000 1372.200000 -13 763 1 0 1.000000
-6.639890 0.788192 0 22.680700 7.485050 222.694000 1372.210000 -13 764 1 0 1.000000
2.238290 -1.256230 0 -9.007400 18.578400 188.440000 1372.140000 -13 765 1 0 1.000000
0.599446 -0.857938 0 22.761500 5.502310 214.393000 1372.100000 -13 766 1 0 1.000000
-3.417450 -0.937871 0 3.693040 -5.202770 215.811000 1372.360000 -13 767 1 0 1.000000
3.338630 -2.711220 0 12.902300 -16.668700 183.810000 1372.200000 -13 768 1 0 1.000000
-0.358572 3.281680 0 12.821500 -2.106570 203.521000 1372.310000 -13 769 1 0 1.000000
-4.591010 -6.177260 0 -6.522430 -16.380800 193.893000 1372.170000 -13 770 1 0 1.000000
-9.395540 -2.721350 0 0.126556 0.789019 230.164000 1372.360000 -13 771 1 0 1.000000
-2.370980 -0.197325 0 -22.983600 -7.575710 204.716000 1372.450000 -13 772 1 0 1.000000
-3.944180 -3.957430 0 -4.849590 -0.162377 207.311000 1372.420000 -13 773 1 0 1.000000
-0.686674 -7.116180 0 17.722600 19.498900 213.288000 1372.280000 -13 774 1 0 1.000000
-3.348230 2.760430 0 -0.288233 -5.706670 210.732000 1372.270000 -13 775 1 0 1.000000
-2.061800 3.286290 0 -12.746500 14.677400 195.985000 1372.260000 -13 776 1 0 1.000000
-5.735840 -3.516070 0 -18.695300 20.932900 203.019000 1372.240000 -13 777 1 0 1.000000
3.750180 -6.060530 0 -1.782920 -5.205000 203.617000 1372.220000 -13 778 1 0 1.000000
-0.752272 -7.244150 0 -4.771590 -9.389760 217.579000 1372.280000 -13 779 1 0 1.000000
-1.235170 -4.579070 0 -5.105920 16.606500 206.634000 1372.180000 -13 780 1 0 1.000000
-0.533195 -0.012935 0 0.034576 11.793900 184.905000 1372.230000 -13 781 1 0 1.000000
-4.403000 -2.719050 0 -8.071230 -4.131050 200.826000 1372.260000 -13 782 1 0 1.000000
0.140555 -2.630950 0 6.048390 0.467791 198.034000 1372.280000 -13 783 1 0 1.000000
-5.081080 0.452679 0 -3.145150 5.843900 205.611000 1372.270000 -13 784 1 0 1.000000
-2.433680 -1.049670 0 11.031100 4.068740 215.003000 1372.440000 -13 785 1 0 1.000000
-1.022590 1.446480 0 2.679610 -15.906600 204.485000 1372.200000 -13 786 1 0 1.000000
-5.911510 1.543340 0 1.364160 6.081500 213.228000 1372.300000 -13 787 1 0 1.000000
1.870600 1.613210 0 9.640690 26.906900 215.824000 1372.480000 -13 788 1 0 1.000000
-7.213610 -8.467820 0 15.238400 -23.903500 202.370000 1372.290000 -13 789 1 0 1.000000
-4.398010 -5.305820 0 7.159380 -8.747250 207.481000 1372.250000 -13 790 1 0 1.000000
2.550670 -1.272600 0 3.789280 -5.961160 198.739000 1372.370000 -13 791 1 0 1.000000
1.786130 -4.089730 0 35.198300 11.189200 189.419000 1372.250000 -13 792 1 0 1.000000
2.370830 2.005580 0 -19.474500 -23.914400 204.473000 1372.220000 -13 793 1 0 1.000000
-6.304880 -2.781750 0 -1.151410 -24.648300 216.238000 1372.160000 -13 794 1 0 1.000000
1.844720 -2.817370 0 -22.483000 -7.719210 195.493000 1372.230000 -13 795 1 0 1.000000
-6.803050 -1.804000 0 21.371200 -35.319400 216.621000 1372.070000 -13 796 1 0 1.000000
2.380350 -2.677840 0 -35.104400 11.911300 186.650000 1372.310000 -13 797 1 0 1.000000
4.909530 -2.611180 0 19.022800 1.805910 220.173000 1372.320000 -13 798 1 0 1.000000
1.425070 0.971432 0 12.647200 -1.564270 191.762000 1372.130000 -13 799 1 0 1.000000
2.310590 -3.859420 0 2.497960 -20.638300 209.385000 1372.240000 -13 800 1 0 1.000000
-7.665700 -0.046273 0 -34.244900 0.884808 209.679000 1372.240000 -13 801 1 0 1.000000
-0.152015 -2.451370 0 40.090200 -5.317070 210.835000 1372.190000 -13 802 1 0 1.000000
1.345360 -6.912250 0 -4.654950 -0.606959 198.292000 1372.140000 -13 803 1 0 1.000000
-3.556780 -3.544290 0 -7.326520 -6.492550 208.036000 1372.330000 -13 804 1 0 1.000000
-0.958102 -4.998340 0 -9.858790 12.662700 216.466000 1372.240000 -13 805 1 0 1.000000
-3.663370 9.706650 0 -29.022800 22.950900 221.934000 1372.180000 -13 806 1 0 1.000000
-1.904400 -5.040590 0 -0.621199 -27.997100 214.068000 1372.200000 -13 807 1 0 1.000000
-6.083320 -7.438760 0 -5.102590 7.689050 217.948000 1372.360000 -13 808 1 0 1.000000
1.462910 -2.994140 0 -4.273400 -5.616670 190.029000 1372.230000 -13 809 1 0 1.000000
-0.034034 -11.939700 0 1.795060 5.855440 194.400000 1372.310000 -13 810 1 0 1.000000
-1.034790 -0.147604 0 -11.895600 -13.212600 194.723000 1372.370000 -13 811 1 0 1.000000
-5.338230 -4.735660 0 12.242400 17.162100 195.377000 1372.420000 -13 812 1 0 1.000000
-0.452624 -3.901020 0 -4.388630 -10.648700 217.350000 1372.360000 -13 813 1 0 1.000000
-1.774270 -2.109580 0 -4.072730 2.656430 207.224000 1372.220000 -13 814 1 0 1.000000
-6.890410 0.579667 0 27.043300 -9.036140 224.174000 1372.230000 -13 815 1 0 1.000000
0.631974 -3.676080 0 25.694900 14.819200 192.274000 1372.300000 -13 816 1 0 1.000000
-1.109540 -7.001370 0 -6.993820 16.174500 204.565000 1372.360000 -13 817 1 0 1.000000
1.762150 -4.434310 0 -11.024100 7.077790 200.629000 1372.410000 -13 818 1 0 1.000000
-0.845919 -4.685250 0 -7.555700 -31.704300 219.586000 1372.200000 -13 819 1 0 1.000000
-4.547270 -0.459118 0 -23.803000 6.848890 192.968000 1372.440000 -13 820 1 0 1.000000
-0.501761 2.033760 0 7.354080 -17.028900 197.462000 1372.320000 -13 821 1 0 1.000000
0.241449 -0.217841 0 2.134670 3.945040 206.952000 1372.210000 -13 822 1 0 1.000000
-6.424570 2.275890 0 -1.341140 -15.821500 210.079000 1372.260000 -13 823 1 0 1.000000
-4.980190 -0.635730 0 4.311860 6.449740 205.418000 1372.050000 -13 824 1 0 1.000000
-2.123500 1.158350 0 -14.078600 -7.954170 212.682000 1372.240000 -13 825 1 0 1.000000
-0.819711 -4.504650 0 3.033200 -8.089130 191.444000 1372.290000 -13 826 1 0 1.000000
-4.510050 -8.908160 0 3.238010 -4.803730 191.811000 1372.270000 -13 827 1 0 1.000000
-9.811580 4.075210 0 9.805990 -14.684100 215.226000 1372.190000 -13 828 1 0 1.000000
-5.786390 -1.320570 0 8.619690 -21.957400 217.601000 1372.220000 -13 829 1 0 1.000000
-1.897690 3.946840 0 -11.112900 -10.007300 198.163000 1372.200000 -13 830 1 0 1.000000
3.414500 -0.559200 0 6.311430 7.562590 197.365000 1372.220000 -13 831 1 0 1.000000
-1.573370 -3.463240 0 1.352690 2.831240 191.403000 1372.380000 -13 832 1 0 1.000000
-15.598700 0.477754 0 17.887300 11.599400 214.375000 1372.310000 -13 833 1 0 1.000000
-1.154800 -4.497570 0 -0.839803 -3.981470 216.467000 1372.350000 -13 834 1 0 1.000000
-8.743530 -3.658120 0 -8.946670 8.523900 204.093000 1372.250000 -13 835 1 0 1.000000
-4.205710 0.719072 0 -0.699623 -10.942100 199.180000 1372.410000 -13 836 1 0 1.000000
2.826780 0.132932 0 23.651400 24.661800 186.967000 1372.310000 -13 837 1 0 1.000000
-5.673560 -1.356870 0 -10.827500 3.097970 216.328000 1372.300000 -13 838 1 0 1.000000
-4.799920 -1.847360 0 0.852920 -6.057630 209.375000 1372.360000 -13 839 1 0 1.000000
0.078764 -3.743710 0 10.707900 31.070300 197.346000 1372.120000 -13 840 1 0 1.000000
2.596720 -5.038010 0 -26.970300 -7.116360 197.077000 1372.370000 -13 841 1 0 1.000000
4.334440 -3.942970 0 5.465730 11.432300 209.460000 1372.230000 -13 842 1 0 1.000000
4.134190 -1.042790 0 3.170490 -3.411760 213.349000 1372.380000 -13 843 1 0 1.000000
-9.386180 2.637720 0 9.982930 -15.850400 210.592000 1372.340000 -13 844 1 0 1.000000
-3.499710 -3.844010 0 -12.971600 0.177406 201.670000 1372.360000 -13 845 1 0 1.000000
-3.177450 2.678590 0 12.869800 13.584100 188.325000 1372.180000 -13 846 1 0 1.000000
-3.368470 -9.203240 0 -2.823860 5.215720 199.297000 1372.140000 -13 847 1 0 1.000000
-4.102840 0.565482 0 8.237940 2.652940 200.003000 1372.340000 -13 848 1 0 1.000000
-7.212290 4.832000 0 -11.294100 8.195770 196.556000 1372.240000 -13 849 1 0 1.000000
-7.652300 7.650220 0 7.211460 -6.650510 211.263000 1372.500000 -13 850 1 0 1.000000
2.653520 0.814434 0 0.636069 3.449710 208.131000 1372.470000 -13 851 1 0 1.000000
-1.787850 -0.590629 0 -11.619500 10.699600 215.943000 1372.070000 -13 852 1 0 1.000000
-1.202280 -12.262300 0 29.725100 -6.640060 203.893000 1372.310000 -13 853 1 0 1.000000
-8.268030 -5.199300 0 4.088790 -8.202580 207.345000 1372.250000 -13 854 1 0 1.000000
-1.328750 -7.397100 0 4.757210 -15.062500 213.273000 1372.160000 -13 855 1 0 1.000000
-5.296290 -0.869736 0 1.434370 -7.693120 200.398000 1372.330000 -13 856 1 0 1.000000
1.701170 4.779680 0 11.583400 25.119800 205.672000 1372.170000 -13 857 1 0 1.000000
3.356300 -5.248310 0 16.343400 -25.262700 203.579000 1372.130000 -13 858 1 0 1.000000
-4.800310 -5.202800 0 -17.773500 -11.295700 194.419000 1372.130000 -13 859 1 0 1.000000
-7.883580 0.037097 0 17.375900 -7.480060 201.034000 1372.400000 -13 860 1 0 1.000000
4.413380 -3.389150 0 15.034900 -8.523920 205.865000 1372.100000 -13 861 1 0 1.000000
-0.597660 3.709460 0 -12.706700 2.570650 208.794000 1372.340000 -13 862 1 0 1.000000
4.805440 0.486768 0 -9.188350 -5.054120 197.898000 1372.230000 -13 863 1 0 1.000000
2.347100 -4.215760 0 -8.793690 -5.232750 208.874000 1372.350000 -13 864 1 0 1.000000
0.584582 2.904950 0 -4.927290 -4.544530 215.807000 1372.360000 -13 865 1 0 1.000000
0.547158 -6.206840 0 4.707240 19.275300 184.614000 1372.210000 -13 866 1 0 1.000000
7.985350 -3.096320 0 -16.278900 -2.995260 193.942000 1372.090000 -13 867 1 0 1.000000
-4.654010 -10.841700 0 0.769724 4.605510 195.496000 1372.100000 -13 868 1 0 1.000000
-3.242510 1.030050 0 -3.430280 -9.574130 191.347000 1372.400000 -13 869 1 0 1.000000
-2.751170 -6.590270 0 -3.226830 -6.641180 205.396000 1372.250000 -13 870 1 0 1.000000
2.294090 -4.902480 0 5.492050 14.806200 230.380000 1372.310000 -13 871 1 0 1.000000
-7.154100 2.131510 0 -15.914200 -18.017000 221.004000 1372.120000 -13 872 1 0 1.000000
2.913090 -4.256070 0 3.543650 21.508100 194.232000 1372.350000 -13 873 1 0 1.000000
-0.781778 5.733860 0 -4.380360 -0.560578 198.717000 1372.400000 -13 874 1 0 1.000000
1.066070 -7.482090 0 -5.670490 19.717500 216.841000 1372.280000 -13 875 1 0 1.000000
-0.474546 1.067270 0 -7.762540 -7.338960 206.936000 1372.260000 -13 876 1 0 1.000000
-2.131900 -1.653270 0 17.545200 12.775700 197.558000 1372.110000 -13 877 1 0 1.000000
-0.375450 -3.806000 0 12.276600 5.625350 194.756000 1372.230000 -13 878 1 0 1.000000
-7.489190 -1.038430 0 2.662050 11.068500 199.885000 1372.290000 -13 879 1 0 1.000000
0.256430 -1.111770 0 4.310150 4.721980 198.516000 1372.260000 -13 880 1 0 1.000000
-0.855924 4.888980 0 12.495900 -3.574620 205.333000 1372.270000 -13 881 1 0 1.000000
4.651470 -7.650120 0 6.167870 44.129200 229.827000 1372.210000 -13 882 1 0 1.000000
-0.291099 -1.256450 0 -14.551800 -4.317690 208.563000 1372.320000 -13 883 1 0 1.000000
-1.397060 2.280490 0 -11.193100 9.574630 206.017000 1372.250000 -13 884 1 0 1.000000
-1.477010 -1.097100 0 -19.842100 21.302400 216.921000 1372.210000 -13 885 1 0 1.000000
-5.574020 -0.019389 0 -7.734290 -9.104770 213.309000 1372.150000 -13 886 1 0 1.000000
-5.051400 0.863968 0 -7.455790 21.974300 187.190000 1372.330000 -13 887 1 0 1.000000
0.448836 -0.896045 0 -33.834500 -10.672000 190.906000 1372.350000 -13 888 1 0 1.000000
-7.358240 -1.678520 0 -6.582460 10.830100 201.563000 1372.290000 -13 889 1 0 1.000000
-1.608020 -6.861240 0 -0.566932 -6.027180 199.526000 1372.410000 -13 890 1 0 1.000000
-10.457500 3.116400 0 -22.447500 -8.405880 216.018000 1372.180000 -13 891 1 0 1.000000
0.343089 -2.664260 0 1.939080 2.527170 208.669000 1372.220000 -13 892 1 0 1.000000
-3.086010 2.880690 0 -3.840850 -2.409580 206.721000 1372.170000 -13 893 1 0 1.000000
-8.173780 -4.193620 0 -1.568510 2.122140 187.237000 1372.230000 -13 894 1 0 1.000000
4.699870 5.738970 0 -15.800200 -14.894300 207.362000 1372.420000 -13 895 1 0 1.000000
-0.452461 4.370350 0 -0.222193 0.208692 198.126000 1372.300000 -13 896 1 0 1.000000
-8.493180 -5.626450 0 22.804800 -19.965400 207.470000 1372.170000 -13 897 1 0 1.000000
-3.833860 -2.842360 0 16.670900 2.459960 200.283000 1372.410000 -13 898 1 0 1.000000
-1.671540 -5.039460 0 -1.418880 -7.407990 202.092000 1372.270000 -13 899 1 0 1.000000
-10.661600 -0.767027 0 -1.897520 -15.469000 204.312000 1372.340000 -13 900 1 0 1.000000
-2.852270 -2.845090 0 52.950600 24.418100 224.917000 1372.260000 -13 901 1 0 1.000000
0.715170 -0.443808 0 -3.171980 16.602800 196.825000 1372.150000 -13 902 1 0 1.000000
-6.987160 -3.748610 0 -12.283800 -6.132000 201.249000 1372.060000 -13 903 1 0 1.000000
-1.276180 -5.806540 0 3.518980 -11.177800 198.515000 1372.300000 -13 904 1 0 1.000000
-3.488440 -3.576840 0 -0.771693 -15.481500 207.993000 1372.360000 -13 905 1 0 1.000000
7.425640 -8.812470 0 -2.952060 -17.247700 204.846000 1372.260000 -13 906 1 0 1.000000
2.859870 -2.159640 0 13.525600 -7.790140 216.656000 1372.420000 -13 907 1 0 1.000000
6.350500 -8.419300 0 6.607130 7.463270 208.412000 1372.140000 -13 908 1 0 1.000000
-10.406500 0.842373 0 -33.129900 33.102300 227.501000 1372.370000 -13 909 1 0 1.000000
0.043255 -6.657260 0 4.478460 -7.682470 199.603000 1372.190000 -13 910 1 0 1.000000
5.815450 -6.279730 0 -8.112150 1.482780 194.780000 1372.280000 -13 911 1 0 1.000000
-4.687850 3.182510 0 7.708040 2.188500 207.882000 1372.240000 -13 912 1 0 1.000000
-3.331560 6.318130 0 -13.454400 2.874080 201.129000 1372.100000 -13 913 1 0 1.000000
-6.369570 4.432940 0 -8.245660 -14.564600 199.977000 1372.280000 -13 914 1 0 1.000000
-7.305140 -7.572130 0 8.209430 -9.519040 189.416000 1372.260000 -13 915 1 0 1.000000
-3.012900 -2.810980 0 -16.191200 9.034960 199.991000 1372.160000 -13 916 1 0 1.000000
-0.903177 -1.573600 0 -6.218880 2.112850 197.970000 1372.310000 -13 917 1 0 1.000000
0.337906 -3.895550 0 4.464990 -19.161000 213.583000 1372.340000 -13 918 1 0 1.000000
-1.474600 -0.103799 0 7.791270 -6.830130 192.902000 1372.090000 -13 919 1 0 1.000000
-6.236280 -4.654300 0 -17.482200 -15.791300 192.578000 1372.230000 -13 920 1 0 1.000000
-2.464710 -2.627420 0 0.050113 1.681420 219.396000 1372.260000 -13 921 1 0 1.000000
2.898380 -3.383050 0 -3.495600 5.145580 201.974000 1372.240000 -13 922 1 0 1.000000
0.668552 0.006487 0 -21.287100 -6.591500 200.940000 1372.140000 -13 923 1 0 1.000000
1.599740 -2.682630 0 -7.968970 0.635119 208.623000 1372.320000 -13 924 1 0 1.000000
-6.097490 -12.847200 0 23.278000 6.711570 216.206000 1372.380000 -13 925 1 0 1.000000
-1.883210 -1.855540 0 -1.445650 -6.582490 204.015000 1372.270000 -13 926 1 0 1.000000
4.875140 -2.279000 0 -16.527300 12.682800 203.010000 1372.270000 -13 927 1 0 1.000000
-2.410330 -16.253600 0 19.652200 0.780751 195.348000 1372.310000 -13 928 1 0 1.000000
0.238679 -2.588370 0 9.106750 1.091420 201.280000 1372.240000 -13 929 1 0 1.000000
-1.206870 -3.002220 0 -2.553030 -3.141250 209.318000 1372.230000 -13 930 1 0 1.000000
-5.377700 -0.910521 0 -15.007100 15.547300 187.285000 1372.300000 -13 931 1 0 1.000000
-0.668177 -6.727220 0 -14.861400 21.374000 203.376000 1372.340000 -13 932 1 0 1.000000
3.035000 2.250930 0 -0.256650 12.611100 208.595000 1372.290000 -13 933 1 0 1.000000
-9.506640 -5.928810 0 -0.255271 -4.379830 210.701000 1372.160000 -13 934 1 0 1.000000
1.105700 1.421280 0 -5.622980 -17.347300 203.286000 1372.160000 -13 935 1 0 1.000000
-1.014350 0.138276 0 -6.473380 2.101000 196.947000 1372.350000 -13 936 1 0 1.000000
0.609759 -1.607400 0 19.869100 8.249410 223.898000 1372.250000 -13 937 1 0 1.000000
-3.880020 -1.595520 0 -10.649700 3.999220 204.686000 1372.340000 -13 938 1 0 1.000000
1.835120 -5.597670 0 -17.556800 29.842700 218.388000 1372.150000 -13 939 1 0 1.000000
-1.306710 -6.245280 0 -21.759200 16.672600 212.224000 1372.250000 -13 940 1 0 1.000000
0.008041 4.797670 0 -8.704030 -4.430720 206.921000 1372.380000 -13 941 1 0 1.000000
-4.404810 -5.880710 0 -33.017400 -0.927367 220.824000 1372.330000 -13 942 1 0 1.000000
-0.626333 -4.050550 0 -1.140310 -0.858535 207.212000 1372.210000 -13 943 1 0 1.000000
-7.498180 1.343300 0 9.274840 -38.176500 225.123000 1372.280000 -13 944 1 0 1.000000
-0.092628 -1.806270 0 1.412410 3.935640 208.177000 1372.150000 -13 945 1 0 1.000000
-0.012286 -9.934760 0 -9.561990 34.179800 214.148000 1372.330000 -13 946 1 0 1.000000
-3.563770 -1.736420 0 -6.042360 3.080750 181.033000 1372.150000 -13 947 1 0 1.000000
-0.858116 -7.483210 0 27.364200 14.372900 221.930000 1372.310000 -13 948 1 0 1.000000
-6.115120 -3.125390 0 -1.189730 -10.099700 193.094000 1372.250000 -13 949 1 0 1.000000
-3.497010 -3.289670 0 1.128060 1.791100 216.127000 1372.340000 -13 950 1 0 1.000000
-1.623490 -0.579403 0 -16.531600 4.700440 210.498000 1372.360000 -13 951 1 0 1.000000
0.915641 -3.918290 0 -0.842063 1.389790 211.803000 1372.220000 -13 952 1 0 1.000000
-2.696350 -8.000120 0 -7.160390 22.938200 229.023000 1372.250000 -13 953 1 0 1.000000
4.199310 -0.513817 0 -18.864800 -13.971200 199.651000 1372.290000 -13 954 1 0 1.000000
1.235220 -1.746160 0 -23.935700 21.970100 206.457000 1372.270000 -13 955 1 0 1.000000
-15.028200 -7.274970 0 32.579200 -15.592500 222.888000 1372.330000 -13 956 1 0 1.000000
2.031150 -6.168930 0 1.862850 -5.075580 208.934000 1372.290000 -13 957 1 0 1.000000
0.340079 -1.166510 0 -18.730300 -13.768400 193.583000 1372.390000 -13 958 1 0 1.000000
-3.388040 3.114030 0 -2.295110 8.902310 196.638000 1372.180000 -13 959 1 0 1.000000
-1.825590 0.416810 0 3.871980 6.981150 197.260000 1372.130000 -13 960 1 0 1.000000
-1.855970 -3.064350 0 9.810990 -0.959670 212.042000 1372.220000 -13 961 1 0 1.000000
4.648610 -8.775490 0 21.006600 -10.040200 193.535000 1372.380000 -13 962 1 0 1.000000
-0.740580 2.020390 0 4.288600 -5.482450 210.186000 1372.480000 -13 963 1 0 1.000000
-10.994000 -3.966550 0 6.505440 19.343900 200.503000 1372.120000 -13 964 1 0 1.000000
-5.740330 -2.478810 0 16.941800 -13.878200 185.045000 1372.230000 -13 965 1 0 1.000000
4.839650 -2.099460 0 -20.729300 21.327400 196.247000 1372.440000 -13 966 1 0 1.000000
-4.948450 -0.576148 0 0.546489 13.242700 214.861000 1372.390000 -13 967 1 0 1.000000
-2.985570 4.955680 0 6.566180 -3.385780 195.878000 1372.400000 -13 968 1 0 1.000000
-1.490640 -11.432800 0 21.789500 -9.753190 210.815000 1372.370000 -13 969 1 0 1.000000
-6.886020 -1.678690 0 -30.927100 -4.395070 216.438000 1372.390000 -13 970 1 0 1.000000
-1.844090 -7.110700 0 7.240820 -6.171670 194.782000 1372.050000 -13 971 1 0 1.000000
-1.078360 -4.613810 0 3.432520 8.391720 203.538000 1372.240000 -13 972 1 0 1.000000
-7.526480 -8.281280 0 15.371000 31.977000 209.461000 1372.270000 -13 973 1 0 1.000000
2.043500 -6.315690 0 11.751600 -14.858400 189.789000 1372.200000 -13 974 1 0 1.000000
-5.265860 -1.207210 0 11.318300 -11.424200 195.370000 1372.070000 -13 975 1 0 1.000000
12.177800 -7.332900 0 -20.910600 4.788160 206.181000 1372.310000 -13 976 1 0 1.000000
-5.126360 1.702570 0 -0.363361 -11.590300 214.603000 1372.280000 -13 977 1 0 1.000000
3.922570 -0.160638 0 -4.357820 -3.634880 209.153000 1372.390000 -13 978 1 0 1.000000
-1.685130 -7.821260 0 -4.710420 12.252200 198.632000 1372.390000 -13 979 1 0 1.000000
2.628370 0.759746 0 -6.126370 4.603620 191.519000 1372.360000 -13 980 1 0 1.000000
-6.232590 0.502455 0 14.500900 -26.618900 233.068000 1372.310000 -13 981 1 0 1.000000
-0.150926 -2.465090 0 19.476900 -3.527150 185.829000 1372.390000 -13 982 1 0 1.000000
-4.059140 -3.904210 0 -12.812100 10.985200 216.612000 1372.120000 -13 983 1 0 1.000000
3.251240 -4.164280 0 5.367870 -20.165200 208.818000 1372.180000 -13 984 1 0 1.000000
-0.570426 3.424610 0 10.428100 -9.930820 210.656000 1372.220000 -13 985 1 0 1.000000
-0.139618 -7.571810 0 5.044130 -26.834100 199.319000 1372.250000 -13 986 1 0 1.000000
-3.788550 8.995000 0 -1.061860 -12.899800 213.912000 1372.420000 -13 987 1 0 1.000000
2.804480 -4.788990 0 11.887900 -13.537000 195.238000 1372.290000 -13 988 1 0 1.000000
-2.005710 -2.194480 0 -0.475017 2.149250 209.357000 1372.250000 -13 989 1 0 1.000000
-11.295700 -1.540450 0 12.338200 -1.607490 232.636000 1372.290000 -13 990 1 0 1.000000
0.349415 -9.229270 0 -4.432560 6.083070 203.766000 1372.250000 -13 991 1 0 1.000000
-1.466760 -4.724940 0 -17.905600 -16.171800 212.208000 1372.160000 -13 992 1 0 1.000000
-5.132660 -5.706740 0 13.181600 -8.958620 205.100000 1372.320000 -13 993 1 0 1.000000
-3.647780 -2.083020 0 -11.085500 -4.093160 207.675000 1372.410000 -13 994 1 0 1.000000
4.419770 3.269990 0 2.677050 -8.219930 193.912000 1372.180000 -13 995 1 0 1.000000
-4.702470 2.531300 0 -2.762120 -22.989200 212.772000 1372.210000 -13 996 1 0 1.000000
-4.387240 -1.122750 0 -2.432320 4.142720 215.337000 1372.320000 -13 997 1 0 1.000000
-2.380690 -5.524610 0 -30.104300 -5.768300 230.647000 1372.220000 -13 998 1 0 1.000000
-3.427080 1.559450 0 19.914900 0.127193 194.308000 1372.260000 -13 999 1 0 1.000000
0.781996 -2.169280 0 5.464060 -16.851300 188.331000 1372.360000 -13 1000 1 0 1.000000
-2.162760 3.286110 0 -9.545620 7.954930 204.532000 1372.410000 -13 1001 1 0 1.000000
-2.405400 -1.954620 0 -9.526200 -0.571532 192.320000 1372.160000 -13 1002 1 0 1.000000
-2.147910 -5.078210 0 -8.188290 -0.582672 200.092000 1372.330000 -13 1003 1 0 1.000000
-4.131030 1.824610 0 4.682150 4.572420 198.763000 1372.200000 -13 1004 1 0 1.000000
-1.766220 -9.871490 0 -5.796930 -8.333450 195.865000 1372.240000 -13 1005 1 0 1.000000
5.361000 -6.720580 0 0.417202 16.886100 196.019000 1372.380000 -13 1006 1 0 1.000000
0.022359 -5.259670 0 -1.168560 15.845900 211.003000 1372.430000 -13 1007 1 0 1.000000
-1.077950 0.183602 0 3.813810 6.917480 195.008000 1372.210000 -13 1008 1 0 1.000000
1.007890 -0.948756 0 -16.637900 -4.723610 213.928000 1372.300000 -13 1009 1 0 1.000000
6.122050 -3.462490 0 14.219900 -10.179600 218.375000 1372.330000 -13 1010 1 0 1.000000
2.527110 -1.915410 0 -0.954639 -7.222170 184.729000 1372.300000 -13 1011 1 0 1.000000
-11.207300 -6.809560 0 2.898170 -22.719500 207.711000 1372.190000 -13 1012 1 0 1.000000
-7.036890 0.228341 0 -11.710400 19.897800 208.015000 1372.320000 -13 1013 1 0 1.000000
0.301932 -4.575450 0 -8.665530 -19.561100 188.993000 1372.250000 -13 1014 1 0 1.000000
-0.934761 2.705570 0 -6.293590 -0.732947 183.315000 1372.330000 -13 1015 1 0 1.000000
-6.667260 -1.929560 0 13.331900 -28.117800 199.728000 1372.340000 -13 1016 1 0 1.000000
-3.106470 -5.861020 0 1.639360 6.676120 200.492000 1372.310000 -13 1017 1 0 1.000000
4.807350 -3.737330 0 34.189200 10.189300 214.577000 1372.200000 -13 1018 1 0 1.000000
-0.683284 -4.438510 0 -0.545373 -13.931700 209.799000 1372.210000 -13 1019 1 0 1.000000
-2.374460 -2.902980 0 4.360330 3.705250 210.706000 1372.240000 -13 1020 1 0 1.000000
-5.466730 -5.874530 0 11.690200 -3.866130 212.671000 1372.260000 -13 1021 1 0 1.000000
-3.476370 -5.316280 0 -23.286300 14.127600 209.478000 1372.180000 -13 1022 1 0 1.000000
0.238639 -7.162220 0 -6.291640 -10.887500 197.626000 1372.410000 -13 1023 1 0 1.000000
-1.524150 -0.212766 0 22.282600 -9.161200 217.446000 1372.160000 -13 1024 1 0 1.000000
-5.964550 -3.864130 0 1.676360 12.520400 208.604000 1372.360000 -13 1025 1 0 1.000000
2.189080 -0.592650 0 -7.580960 -4.333450 191.182000 1372.250000 -13 1026 1 0 1.000000
-1.727280 -0.170398 0 -17.657900 14.333000 195.780000 1372.160000 -13 1027 1 0 1.000000
-0.375833 -9.331980 0 1.019830 21.323000 205.941000 1372.360000 -13 1028 1 0 1.000000
-10.694800 0.734090 0 -15.437000 -6.243170 187.396000 1372.370000 -13 1029 1 0 1.000000
1.459480 -2.607490 0 5.490840 -10.615600 209.340000 1372.230000 -13 1030 1 0 1.000000
-9.311570 -2.468840 0 1.351650 1.675910 217.012000 1372.250000 -13 1031 1 0 1.000000
4.539910 3.713750 0 4.889540 -1.080700 217.822000 1372.370000 -13 1032 1 0 1.000000
-1.016200 2.103090 0 -7.907750 14.542000 219.764000 1372.220000 -13 1033 1 0 1.000000
-6.676050 -9.412100 0 19.514000 -12.807300 217.422000 1372.340000 -13 1034 1 0 1.000000
-0.196658 -0.963442 0 5.316880 -10.835800 206.009000 1372.300000 -13 1035 1 0 1.000000
2.663500 -8.288070 0 -12.477800 -2.695870 200.694000 1372.410000 -13 1036 1 0 1.000000
-2.769010 2.884810 0 -13.035300 5.226440 213.148000 1372.400000 -13 1037 1 0 1.000000
-2.051000 6.070750 0 -5.046000 -22.029800 197.550000 1372.360000 -13 1038 1 0 1.000000
-0.658591 -15.412600 0 3.784300 27.562200 217.872000 1372.280000 -13 1039 1 0 1.000000
-1.505750 -4.890400 0 -13.022400 5.488880 226.158000 1372.290000 -13 1040 1 0 1.000000
-2.150350 1.144410 0 -0.779679 -37.686600 197.547000 1372.260000 -13 1041 1 0 1.000000
3.619410 -2.882940 0 -3.171310 23.657200 217.687000 1372.300000 -13 1042 1 0 1.000000
-3.997010 4.729630 0 -2.237300 9.834170 205.433000 1372.050000 -13 1043 1 0 1.000000
-4.728780 -2.728340 0 33.323200 11.525200 231.275000 1372.200000 -13 1044 1 0 1.000000
-0.583457 -8.158460 0 -6.995700 -6.493010 206.132000 1372.330000 -13 1045 1 0 1.000000
-4.116750 3.537970 0 7.213840 7.807290 204.831000 1372.100000 -13 1046 1 0 1.000000
-4.629930 -3.065430 0 -1.826620 -19.292500 186.820000 1372.360000 -13 1047 1 0 1.000000
-2.502290 -4.897960 0 -4.884540 -14.096900 223.345000 1372.470000 -13 1048 1 0 1.000000
-1.881810 -6.805480 0 12.125000 2.500450 205.337000 1372.190000 -13 1049 1 0 1.000000
-2.534280 -1.371470 0 -1.644470 -12.720200 215.700000 1372.290000 -13 1050 1 0 1.000000
0.926433 5.602410 0 6.226270 7.484640 189.047000 1372.160000 -13 1051 1 0 1.000000
4.681170 -11.163800 0 0.449823 -4.299200 197.888000 1372.190000 -13 1052 1 0 1.000000
-2.786300 -9.514890 0 2.436230 -7.769580 202.405000 1372.130000 -13 1053 1 0 1.000000
-1.699330 -5.115340 0 6.240040 4.789530 211.369000 1372.390000 -13 1054 1 0 1.000000
-0.631842 -5.103250 0 -8.184000 -5.736970 201.907000 1372.190000 -13 1055 1 0 1.000000
0.679502 0.659105 0 0.449384 4.786190 213.010000 1372.330000 -13 1056 1 0 1.000000
-8.416950 1.744820 0 11.244200 -9.781350 202.341000 1372.380000 -13 1057 1 0 1.000000
2.776060 -0.998447 0 14.369000 -26.244700 194.486000 1372.190000 -13 1058 1 0 1.000000
13.643400 -2.108220 0 -4.426360 3.437910 201.270000 1372.250000 -13 1059 1 0 1.000000
-0.475649 -6.899610 0 -16.881800 0.385585 212.452000 1372.290000 -13 1060 1 0 1.000000
2.554300 0.820573 0 1.521740 10.853500 209.915000 1372.150000 -13 1061 1 0 1.000000
-7.460740 1.407170 0 -12.263600 0.520279 203.970000 1372.330000 -13 1062 1 0 1.000000
0.029201 -9.004760 0 30.875000 -4.972120 205.813000 1372.400000 -13 1063 1 0 1.000000
3.443440 -0.536967 0 18.188300 3.725040 208.987000 1372.050000 -13 1064 1 0 1.000000
-0.635125 0.220903 0 -0.187324 -12.906600 207.198000 1372.430000 -13 1065 1 0 1.000000
3.615180 -2.536770 0 -8.085020 -2.118190 208.688000 1372.240000 -13 1066 1 0 1.000000
-0.158750 -4.354130 0 22.157600 -0.042784 199.124000 1372.310000 -13 1067 1 0 1.000000
-2.136030 -1.879970 0 -17.032600 20.016000 187.985000 1372.240000 -13 1068 1 0 1.000000
-3.355070 -5.454180 0 9.045580 4.346620 191.973000 1372.220000 -13 1069 1 0 1.000000
-0.663227 -1.284310 0 -10.867300 -5.481180 199.332000 1372.460000 -13 1070 1 0 1.000000
-4.244650 -4.759330 0 -2.260220 0.094465 214.034000 1372.300000 -13 1071 1 0 1.000000
0.557543 -10.572200 0 -10.508500 -1.623270 217.768000 1372.310000 -13 1072 1 0 1.000000
-2.315840 -6.054940 0 4.027360 5.286270 200.231000 1372.260000 -13 1073 1 0 1.000000
-4.642900 -2.077620 0 -11.861700 -2.126370 196.750000 1372.390000 -13 1074 1 0 1.000000
6.077250 -6.007450 0 -3.033430 2.223040 192.950000 1372.410000 -13 1075 1 0 1.000000
0.240973 -4.081030 0 -1.227940 13.943100 208.770000 1372.340000 -13 1076 1 0 1.000000
-2.703980 -2.239580 0 0.932136 38.543200 227.019000 1372.240000 -13 1077 1 0 1.000000
0.519008 -4.243030 0 6.134550 -7.593760 185.283000 1372.330000 -13 1078 1 0 1.000000
10.176700 -1.032470 0 -2.823000 8.935710 193.151000 1372.380000 -13 1079 1 0 1.000000
-3.031420 5.324050 0 9.023390 24.739400 193.558000 1372.200000 -13 1080 1 0 1.000000
4.702430 0.401989 0 -10.541800 4.534130 186.910000 1372.320000 -13 1081 1 0 1.000000
3.757460 -7.988960 0 7.414770 18.367100 209.104000 1372.230000 -13 1082 1 0 1.000000
2.382150 -1.833650 0 4.859250 -4.733720 213.226000 1372.320000 -13 1083 1 0 1.000000
-8.655630 -4.433300 0 -10.614400 0.498197 213.452000 1372.300000 -13 1084 1 0 1.000000
-5.094340 -1.339120 0 -24.845100 14.191900 199.059000 1372.220000 -13 1085 1 0 1.000000
6.896650 0.900800 0 -6.923960 21.907500 204.752000 1372.210000 -13 1086 1 0 1.000000
8.454820 -3.285620 0 -28.703600 -2.246270 213.560000 1372.400000 -13 1087 1 0 1.000000
-4.174440 0.547574 0 0.448627 24.265700 216.631000 1372.250000 -13 1088 1 0 1.000000
3.901960 -0.412610 0 -9.856990 -15.524400 203.065000 1372.160000 -13 1089 1 0 1.000000
-4.407480 -6.527280 0 -1.298900 -22.175000 198.320000 1372.460000 -13 1090 1 0 1.000000
0.786222 1.225080 0 -8.349610 -2.315740 183.399000 1372.340000 -13 1091 1 0 1.000000
-4.575530 -8.564660 0 1.191980 -3.456750 191.924000 1372.200000 -13 1092 1 0 1.000000
-2.173360 0.245711 0 5.916980 24.754000 197.316000 1372.150000 -13 1093 1 0 1.000000
2.489090 -2.343700 0 6.246810 -0.860445 179.398000 1372.250000 -13 1094 1 0 1.000000
4.225820 1.174520 0 0.505725 17.501600 198.487000 1372.340000 -13 1095 1 0 1.000000
-0.054020 -1.761570 0 -18.530300 9.070050 214.776000 1372.340000 -13 1096 1 0 1.000000
3.982900 -2.105860 0 10.087300 -7.647610 193.564000 1372.430000 -13 1097 1 0 1.000000
-2.000500 -0.042819 0 10.430500 7.788250 186.108000 1372.420000 -13 1098 1 0 1.000000
3.545760 1.935690 0 10.033800 -4.680800 213.941000 1372.240000 -13 1099 1 0 1.000000
-2.136190 -6.078970 0 8.945500 -8.995640 211.861000 1372.340000 -13 1100 1 0 1.000000
-5.999960 -9.308050 0 10.235700 -7.994210 194.274000 1372.340000 -13 1101 1 0 1.000000
-8.345270 -2.990180 0 -25.090000 -24.552100 213.016000 1372.120000 -13 1102 1 0 1.000000
1.063130 -2.076470 0 -24.465800 8.278690 191.686000 1372.360000 -13 1103 1 0 1.000000
-8.821400 2.860620 0 -14.693500 -8.280630 212.597000 1372.190000 -13 1104 1 0 1.000000
-3.360560 2.325760 0 16.998000 0.052453 204.862000 1372.150000 -13 1105 1 0 1.000000
0.313047 9.845710 0 -2.866860 -8.211720 201.982000 1372.240000 -13 1106 1 0 1.000000
1.605370 -3.048770 0 9.517900 2.120400 205.683000 1372.450000 -13 1107 1 0 1.000000
2.789000 -0.894247 0 -8.571810 0.512390 205.370000 1372.410000 -13 1108 1 0 1.000000
-2.968720 1.789530 0 -0.612853 -10.846500 209.899000 1372.260000 -13 1109 1 0 1.000000
2.346280 -1.776040 0 -11.098100 -3.916110 204.579000 1372.250000 -13 1110 1 0 1.000000
-6.326670 -4.141460 0 4.473710 9.444620 213.967000 1372.380000 -13 1111 1 0 1.000000
1.781250 3.773590 0 -12.683500 -19.932400 199.099000 1372.410000 -13 1112 1 0 1.000000
2.701170 -2.566630 0 2.353710 15.553500 190.048000 1372.160000 -13 1113 1 0 1.000000
-1.994140 -3.695970 0 -17.704100 1.723570 223.281000 1372.260000 -13 1114 1 0 1.000000
4.892330 4.090270 0 0.003234 -7.195870 207.276000 1372.380000 -13 1115 1 0 1.000000
-0.108417 -1.110440 0 -9.835250 -17.237700 193.271000 1372.290000 -13 1116 1 0 1.000000
-8.494800 -4.568870 0 -7.953410 8.212680 207.375000 1372.400000 -13 1117 1 0 1.000000
-4.236800 0.418545 0 -19.066200 10.103000 207.248000 1372.410000 -13 1118 1 0 1.000000
0.256039 -2.539390 0 -13.097700 -1.663200 228.829000 1372.340000 -13 1119 1 0 1.000000
-2.052520 0.681879 0 8.407020 6.420630 192.335000 1372.450000 -13 1120 1 0 1.000000
-10.793000 -0.958977 0 13.331000 5.452600 218.295000 1372.150000 -13 1121 1 0 1.000000
0.085209 -0.207330 0 -4.803870 -9.899860 204.289000 1372.340000 -13 1122 1 0 1.000000
-0.903131 -9.051210 0 -4.084100 -10.657200 190.504000 1372.250000 -13 1123 1 0 1.000000
5.948860 -4.832800 0 -22.884400 20.484900 207.272000 1372.360000 -13 1124 1 0 1.000000
-0.548084 -2.662440 0 -2.612400 -12.121700 190.215000 1372.330000 -13 1125 1 0 1.000000
1.585850 -2.390780 0 -4.167650 -0.827693 217.885000 1372.280000 -13 1126 1 0 1.000000
0.152689 -0.157255 0 -1.387890 -3.766880 216.721000 1372.310000 -13 1127 1 0 1.000000
-4.741090 2.054030 0 -12.635000 2.270060 206.693000 1372.240000 -13 1128 1 0 1.000000
-0.027508 -0.471542 0 -1.568020 -7.461270 207.317000 1372.140000 -13 1129 1 0 1.000000
-3.406660 0.226286 0 12.854900 -3.117640 220.701000 1372.290000 -13 1130 1 0 1.000000
-3.090440 -0.852770 0 -21.123600 -0.100067 211.866000 1372.280000 -13 1131 1 0 1.000000
-3.739200 -7.178780 0 -1.704290 8.111800 202.495000 1372.400000 -13 1132 1 0 1.000000
1.412120 -5.124360 0 11.033100 13.606700 206.896000 1372.280000 -13 1133 1 0 1.000000
-6.262740 -2.277490 0 1.523290 -10.126500 228.767000 1372.330000 -13 1134 1 0 1.000000
-4.521210 3.844990 0 -3.741600 -11.895300 205.485000 1372.330000 -13 1135 1 0 1.000000
-4.862100 -3.112110 0 6.326530 -5.514660 206.968000 1372.300000 -13 1136 1 0 1.000000
-3.734870 0.647463 0 7.262370 1.452620 211.178000 1372.150000 -13 1137 1 0 1.000000
-2.638250 -3.898660 0 -13.818100 29.447600 221.050000 1372.380000 -13 1138 1 0 1.000000
0.369406 4.276820 0 8.872440 15.108300 199.896000 1372.410000 -13 1139 1 0 1.000000
0.955631 -4.961040 0 27.099500 -7.257170 205.459000 1372.270000 -13 1140 1 0 1.000000
-3.793470 -0.332357 0 0.760941 -4.574730 218.547000 1372.330000 -13 1141 1 0 1.000000
5.606520 -3.062690 0 20.878800 -16.100600 212.502000 1372.120000 -13 1142 1 0 1.000000
-7.897490 -3.943090 0 -15.140100 -3.745680 207.663000 1372.110000 -13 1143 1 0 1.000000
-4.736630 -5.675490 0 -0.811186 -4.848690 222.636000 1372.310000 -13 1144 1 0 1.000000
-0.529634 -4.864870 0 1.032400 -3.580940 205.414000 1372.280000 -13 1145 1 0 1.000000
1.574120 -5.842480 0 -7.758560 4.798510 205.461000 1372.220000 -13 1146 1 0 1.000000
5.725300 4.646130 0 -21.630300 6.724180 216.305000 1372.330000 -13 1147 1 0 1.000000
-1.133730 -5.154610 0 36.462000 -4.854300 186.363000 1372.350000 -13 1148 1 0 1.000000
-4.727070 -0.333620 0 7.599100 -28.901300 213.504000 1372.150000 -13 1149 1 0 1.000000
-2.171440 -1.444400 0 -1.453320 -3.430800 213.127000 1372.270000 -13 1150 1 0 1.000000
-0.775915 -3.318250 0 -17.211100 1.488260 206.841000 1372.390000 -13 1151 1 0 1.000000
-1.551580 -0.183062 0 -7.657010 9.166700 201.597000 1372.380000 -13 1152 1 0 1.000000
-2.019620 1.020330 0 7.360860 -10.557100 204.683000 1372.420000 -13 1153 1 0 1.000000
-3.958700 1.496230 0 -7.166250 -11.516900 181.399000 1372.270000 -13 1154 1 0 1.000000
5.525450 5.155460 0 7.194410 3.110280 202.859000 1372.440000 -13 1155 1 0 1.000000
4.097690 -3.617390 0 4.150510 16.609300 185.739000 1372.220000 -13 1156 1 0 1.000000
-9.401320 -8.018810 0 -20.959600 2.615340 222.245000 1372.150000 -13 1157 1 0 1.000000
0.664934 -9.011720 0 14.906700 -14.438200 206.607000 1372.180000 -13 1158 1 0 1.000000
-1.920870 -1.417720 0 -3.677900 6.448300 201.452000 1372.300000 -13 1159 1 0 1.000000
-0.838278 -1.587660 0 4.399190 4.221160 203.113000 1372.400000 -13 1160 1 0 1.000000
-0.029433 -3.342510 0 -18.383800 2.928170 186.886000 1372.390000 -13 1161 1 0 1.000000
-8.088860 -1.892040 0 -7.022380 6.258000 204.501000 1372.340000 -13 1162 1 0 1.000000
1.484320 1.765710 0 13.021000 -17.085100 215.272000 1372.280000 -13 1163 1 0 1.000000
1.613670 2.506400 0 -13.847600 2.054060 202.891000 1372.430000 -13 1164 1 0 1.000000
2.080860 -4.828840 0 -10.914000 -9.304790 191.760000 1372.210000 -13 1165 1 0 1.000000
-0.653325 2.976370 0 4.438460 4.009190 208.981000 1372.390000 -13 1166 1 0 1.000000
3.947400 -0.682288 0 -6.331470 2.512930 207.884000 1372.150000 -13 1167 1 0 1.000000
0.338061 2.930280 0 0.300205 5.350250 200.121000 1372.260000 -13 1168 1 0 1.000000
-0.361872 1.172920 0 -0.153637 11.265200 190.431000 1372.230000 -13 1169 1 0 1.000000
-4.969110 0.282588 0 8.988530 1.054120 197.357000 1372.180000 -13 1170 1 0 1.000000
7.096430 2.616990 0 -9.646170 4.790440 199.211000 1372.360000 -13 1171 1 0 1.000000
-5.818250 5.260040 0 -9.395660 1.239950 198.880000 1372.400000 -13 1172 1 0 1.000000
4.119740 -0.597477 0 -14.049800 14.302500 204.863000 1372.300000 -13 1173 1 0 1.000000
-2.713350 -7.854370 0 2.684510 0.348058 203.158000 1372.260000 -13 1174 1 0 1.000000
0.036262 -1.044980 0 -12.804000 -0.971091 185.629000 1372.320000 -13 1175 1 0 1.000000
1.376420 -4.028970 0 -3.577080 2.350290 194.917000 1372.080000 -13 1176 1 0 1.000000
-0.182149 5.343420 0 -9.374930 5.718470 219.602000 1372.250000 -13 1177 1 0 1.000000
4.897400 0.970458 0 -8.147260 19.242000 204.472000 1372.300000 -13 1178 1 0 1.000000
4.448050 -0.491850 0 2.490350 33.238700 215.092000 1372.140000 -13 1179 1 0 1.000000
-2.381470 -4.606950 0 1.341960 23.445100 206.395000 1372.200000 -13 1180 1 0 1.000000
-5.150090 -4.423060 0 -10.884400 9.254390 208.379000 1372.350000 -13 1181 1 0 1.000000
2.660540 1.817940 0 -2.602580 5.449220 201.981000 1372.270000 -13 1182 1 0 1.000000
-0.228981 -4.033230 0 4.862290 13.715100 199.615000 1372.260000 -13 1183 1 0 1.000000
3.059660 -2.828440 0 14.213800 2.282950 211.518000 1372.440000 -13 1184 1 0 1.000000
0.286666 -3.872680 0 -8.538530 -7.404890 197.659000 1372.310000 -13 1185 1 0 1.000000
-6.489830 -8.201570 0 3.049370 7.619350 228.291000 1372.280000 -13 1186 1 0 1.000000
-4.584110 2.255070 0 2.087630 -3.900900 208.855000 1372.300000 -13 1187 1 0 1.000000
-7.996040 -1.956550 0 7.440480 8.134560 217.639000 1372.230000 -13 1188 1 0 1.000000
-1.461520 -4.189820 0 -0.980195 18.720900 203.583000 1372.320000 -13 1189 1 0 1.000000
1.071200 -1.109630 0 -6.061230 15.305100 203.647000 1372.200000 -13 1190 1 0 1.000000
3.088460 -9.449740 0 -23.943100 8.901070 203.931000 1372.410000 -13 1191 1 0 1.000000
-5.326340 -6.538780 0 -1.113430 -10.709600 188.108000 1372.290000 -13 1192 1 0 1.000000
-1.192170 -1.614240 0 -11.370000 -6.978770 197.918000 1372.140000 -13 1193 1 0 1.000000
-9.535300 -5.200430 0 -28.550200 -2.205150 216.856000 1372.270000 -13 1194 1 0 1.000000
-3.271240 -1.767810 0 5.953030 -2.256760 188.517000 1372.400000 -13 1195 1 0 1.000000
-4.126120 -1.088200 0 -44.586400 0.192614 200.909000 1372.150000 -13 1196 1 0 1.000000
-2.718520 2.063280 0 -1.933110 15.330400 183.408000 1372.310000 -13 1197 1 0 1.000000
2.437920 -10.832900 0 -9.756420 5.185670 190.406000 1372.480000 -13 1198 1 0 1.000000
-6.949450 0.830351 0 -0.216120 -20.072400 207.943000 1372.190000 -13 1199 1 0 1.000000
3.450810 -1.227240 0 -6.628240 24.539500 201.714000 1372.410000 -13 1200 1 0 1.000000
0.843537 4.155100 0 3.868870 -7.174540 206.673000 1372.230000 -13 1201 1 0 1.000000
-7.018400 -2.442400 0 10.210700 26.142400 211.402000 1372.290000 -13 1202 1 0 1.000000
-3.112920 -2.258240 0 11.290700 -3.044390 200.807000 1372.280000 -13 1203 1 0 1.000000
-3.223170 1.555470 0 -0.303417 6.841230 205.432000 1372.290000 -13 1204 1 0 1.000000
5.067700 -4.088070 0 -11.471700 12.466800 193.921000 1372.330000 -13 1205 1 0 1.000000
-0.287829 -4.053570 0 -10.773900 4.725660 191.115000 1372.240000 -13 1206 1 0 1.000000
7.402430 5.508340 0 -8.336780 5.513740 210.924000 1372.270000 -13 1207 1 0 1.000000
-2.217120 -2.110070 0 -11.877700 -12.306200 207.902000 1372.390000 -13 1208 1 0 1.000000
-2.394970 -7.314160 0 14.839700 -6.836540 203.577000 1372.170000 -13 1209 1 0 1.000000
1.661540 -1.692390 0 0.477758 -5.884590 210.390000 1372.370000 -13 1210 1 0 1.000000
-5.066130 -0.065779 0 5.695250 -0.423494 208.046000 1372.360000 -13 1211 1 0 1.000000
-0.250991 -9.355040 0 -8.155900 10.760400 203.845000 1372.420000 -13 1212 1 0 1.000000
9.850630 -4.734930 0 -32.136200 -8.830060 211.993000 1372.410000 -13 1213 1 0 1.000000
-3.686630 -0.820937 0 -14.436800 6.941400 212.047000 1372.370000 -13 1214 1 0 1.000000
-0.636177 -9.781210 0 7.328760 1.320060 212.695000 1372.220000 -13 1215 1 0 1.000000
-2.106280 8.046830 0 -22.546900 18.184400 216.181000 1372.340000 -13 1216 1 0 1.000000
-4.605800 -0.906537 0 -6.302840 -10.709900 191.239000 1372.340000 -13 1217 1 0 1.000000
-2.070070 -2.690200 0 8.208950 -7.660410 211.046000 1372.430000 -13 1218 1 0 1.000000
-7.250470 5.465010 0 1.764400 5.797710 201.335000 1372.280000 -13 1219 1 0 1.000000
2.858940 -2.316510 0 4.475690 -22.257700 211.535000 1372.180000 -13 1220 1 0 1.000000
-4.774720 -1.296570 0 11.946800 -4.718350 222.881000 1372.190000 -13 1221 1 0 1.000000
-2.832030 0.482384 0 8.930560 -4.179190 217.255000 1372.310000 -13 1222 1 0 1.000000
-4.856220 -6.828370 0 6.659420 8.831530 194.613000 1372.170000 -13 1223 1 0 1.000000
3.393980 5.477230 0 -18.422500 -5.213620 214.920000 1372.140000 -13 1224 1 0 1.000000
8.139400 -5.961870 0 -3.120960 -0.249185 188.303000 1372.370000 -13 1225 1 0 1.000000
-4.680280 3.308490 0 -14.412300 33.566300 212.572000 1372.270000 -13 1226 1 0 1.000000
-8.025330 -5.394530 0 -5.648560 0.819114 225.189000 1372.320000 -13 1227 1 0 1.000000
-1.849480 -6.136180 0 -2.906870 9.040590 198.279000 1372.380000 -13 1228 1 0 1.000000
-7.324200 0.741067 0 19.971500 -30.094200 212.649000 1372.140000 -13 1229 1 0 1.000000
-6.096120 -5.151140 0 -3.305720 12.737900 194.560000 1372.120000 -13 1230 1 0 1.000000
-6.859090 -4.972070 0 7.535750 6.947340 208.245000 1372.240000 -13 1231 1 0 1.000000
-2.084960 -4.879130 0 -4.099400 -8.179510 210.930000 1372.200000 -13 1232 1 0 1.000000
-5.847960 0.016040 0 -0.732313 -7.560040 220.604000 1372.290000 -13 1233 1 0 1.000000
1.406160 -0.295949 0 3.590760 20.936700 197.521000 1372.400000 -13 1234 1 0 1.000000
2.692710 -1.399280 0 0.662725 -5.273240 192.353000 1372.230000 -13 1235 1 0 1.000000
-6.121670 -0.604486 0 39.255100 -23.314200 230.401000 1372.460000 -13 1236 1 0 1.000000
-0.693154 -5.980590 0 9.083840 -10.653100 214.215000 1372.270000 -13 1237 1 0 1.000000
-3.962110 4.177300 0 -19.579700 3.307920 205.145000 1372.190000 -13 1238 1 0 1.000000
-5.387750 -0.489536 0 -8.166480 6.639630 212.837000 1372.270000 -13 1239 1 0 1.000000
-3.032000 2.278190 0 -5.182150 7.598720 192.471000 1372.380000 -13 1240 1 0 1.000000
-3.985420 -2.082140 0 4.926400 20.979600 194.898000 1372.250000 -13 1241 1 0 1.000000
0.973169 -3.847720 0 1.398380 -20.107000 218.939000 1372.230000 -13 1242 1 0 1.000000
1.335200 1.912250 0 -7.692070 6.027110 216.886000 1372.340000 -13 1243 1 0 1.000000
-3.555230 3.257520 0 1.631440 4.882400 195.594000 1372.310000 -13 1244 1 0 1.000000
-5.762740 0.789269 0 -30.282800 20.215700 208.788000 1372.180000 -13 1245 1 0 1.000000
-2.723030 -5.475510 0 11.843400 -12.883400 206.330000 1372.460000 -13 1246 1 0 1.000000
-8.919170 1.703130 0 13.000700 -18.288800 225.833000 1372.270000 -13 1247 1 0 1.000000
-3.973870 -3.053200 0 -3.350890 -13.125400 194.855000 1372.290000 -13 1248 1 0 1.000000
-9.414460 -4.494150 0 26.022500 13.855800 211.573000 1372.240000 -13 1249 1 0 1.000000
0.764241 -0.805958 0 -12.404200 0.505705 208.480000 1372.380000 -13 1250 1 0 1.000000
-3.511410 -6.812290 0 41.364000 -17.426200 228.018000 1372.160000 -13 1251 1 0 1.000000
1.013540 -5.436220 0 28.351700 4.991440 219.346000 1372.230000 -13 1252 1 0 1.000000
0.860518 -3.123960 0 1.762720 2.413800 192.759000 1372.400000 -13 1253 1 0 1.000000
1.029530 3.303330 0 9.529580 19.287700 208.768000 1372.280000 -13 1254 1 0 1.000000
-6.777150 -0.293465 0 5.779180 6.434350 197.909000 1372.270000 -13 1255 1 0 1.000000
1.086610 -4.505520 0 -24.524000 6.255030 221.715000 1372.260000 -13 1256 1 0 1.000000
-2.072220 1.598660 0 26.150600 -28.102500 214.691000 1372.170000 -13 1257 1 0 1.000000
3.394570 -3.935730 0 -1.700030 12.888400 196.471000 1372.410000 -13 1258 1 0 1.000000
1.931580 -6.167930 0 -6.638030 -6.691490 211.241000 1372.350000 -13 1259 1 0 1.000000
-5.301410 -6.389230 0 7.459410 -12.808500 203.997000 1372.180000 -13 1260 1 0 1.000000
-4.517220 -12.640600 0 12.728500 21.132100 228.064000 1372.380000 -13 1261 1 0 1.000000
-4.120010 -5.461290 0 5.445940 -5.679970 217.314000 1372.290000 -13 1262 1 0 1.000000
10.567900 5.201640 0 -8.238280 5.922660 209.082000 1372.350000 -13 1263 1 0 1.000000
-13.088000 0.705848 0 -8.812900 -1.440390 200.539000 1372.140000 -13 1264 1 0 1.000000
-4.397650 0.457786 0 19.703200 -5.086680 198.853000 1372.360000 -13 1265 1 0 1.000000
3.709930 -5.521340 0 20.571600 9.522120 208.103000 1372.350000 -13 1266 1 0 1.000000
1.575580 -3.403300 0 -5.982280 9.197650 199.551000 1372.180000 -13 1267 1 0 1.000000
-5.583110 -6.171630 0 12.792800 -0.438818 198.162000 1372.290000 -13 1268 1 0 1.000000
0.348150 2.475560 0 -1.131020 -2.536970 192.600000 1372.390000 -13 1269 1 0 1.000000
-3.830290 -0.033739 0 8.109320 -23.326900 217.241000 1372.170000 -13 1270 1 0 1.000000
-8.292520 -3.825200 0 -18.317000 13.545000 200.368000 1372.230000 -13 1271 1 0 1.000000
-0.158848 -2.395100 0 -8.378220 -7.170450 191.927000 1372.370000 -13 1272 1 0 1.000000
-3.547790 -7.863020 0 4.594820 -1.981450 220.714000 1372.230000 -13 1273 1 0 1.000000
-3.995290 1.185460 0 7.680370 1.956410 211.790000 1372.360000 -13 1274 1 0 1.000000
-2.740150 -7.665530 0 6.310290 -3.186810 211.870000 1372.360000 -13 1275 1 0 1.000000
-1.047560 -2.091260 0 6.796820 11.542200 204.029000 1372.250000 -13 1276 1 0 1.000000
-7.052540 2.771400 0 -5.637640 5.758380 204.777000 1372.290000 -13 1277 1 0 1.000000
5.111580 -1.879950 0 -25.383200 3.089200 208.995000 1372.150000 -13 1278 1 0 1.000000
0.618049 -0.502350 0 -5.815890 -5.998000 207.743000 1372.200000 -13 1279 1 0 1.000000
-0.442110 -10.975300 0 19.650900 12.833700 200.196000 1372.200000 -13 1280 1 0 1.000000
-6.826410 -0.833376 0 8.617820 -5.071910 191.365000 1372.230000 -13 1281 1 0 1.000000
3.784080 -6.199620 0 13.376900 8.571570 190.241000 1372.370000 -13 1282 1 0 1.000000
-9.770690 1.697670 0 15.240800 -2.007730 212.600000 1372.330000 -13 1283 1 0 1.000000
3.900010 -10.008200 0 20.988300 12.879500 212.332000 1372.330000 -13 1284 1 0 1.000000
-6.884080 -1.873420 0 0.625669 -5.267240 194.639000 1372.400000 -13 1285 1 0 1.000000
5.855530 -2.993090 0 -37.023500 -5.460580 198.967000 1372.380000 -13 1286 1 0 1.000000
-1.508360 -0.537730 0 0.216949 -5.966700 203.937000 1372.330000 -13 1287 1 0 1.000000
0.273155 7.416650 0 2.988200 -23.573200 210.406000 1372.380000 -13 1288 1 0 1.000000
-0.578871 -5.004540 0 -9.527530 -3.461040 202.942000 1372.270000 -13 1289 1 0 1.000000
1.944960 -5.015880 0 29.730300 -28.231600 214.078000 1372.300000 -13 1290 1 0 1.000000
-3.821260 -3.061740 0 -11.842300 1.129700 203.782000 1372.410000 -13 1291 1 0 1.000000
0.261347 3.172270 0 -10.811100 -12.202900 190.040000 1372.310000 -13 1292 1 0 1.000000
-1.011030 -2.182550 0 -10.369900 -6.528650 192.848000 1372.230000 -13 1293 1 0 1.000000
1.793160 -6.021410 0 -8.029210 5.391920 206.830000 1372.220000 -13 1294 1 0 1.000000
1.891140 -2.744400 0 14.130700 -2.722360 197.063000 1372.310000 -13 1295 1 0 1.000000
5.069960 -4.227710 0 -10.246000 -12.546600 218.735000 1372.290000 -13 1296 1 0 1.000000
-5.040390 -0.295037 0 -8.900920 -14.450400 196.394000 1372.270000 -13 1297 1 0 1.000000
-7.298190 2.331890 0 -1.257130 2.194540 212.205000 1372.210000 -13 1298 1 0 1.000000
-8.892250 -5.880230 0 1.630040 9.302350 200.127000 1372.260000 -13 1299 1 0 1.000000
-2.031000 1.065350 0 -0.089392 2.094670 206.400000 1372.230000 -13 1300 1 0 1.000000
1.970770 -4.909630 0 -19.627500 -3.080180 184.085000 1372.240000 -13 1301 1 0 1.000000
-3.033500 -3.189780 0 -10.013600 -3.751680 213.388000 1372.270000 -13 1302 1 0 1.000000
1.918920 -1.148810 0 5.736520 -10.773200 192.510000 1372.400000 -13 1303 1 0 1.000000
-8.079180 -1.164490 0 -8.231020 3.372660 198.596000 1372.080000 -13 1304 1 0 1.000000
4.084690 0.191557 0 -0.194880 5.907710 205.008000 1372.040000 -13 1305 1 0 1.000000
3.491670 0.341265 0 -31.494800 -10.402100 190.296000 1372.310000 -13 1306 1 0 1.000000
-8.930930 -6.911090 0 -6.697330 -22.279400 213.611000 1372.380000 -13 1307 1 0 1.000000
-0.269435 -2.694940 0 18.345000 -21.578200 229.647000 1372.380000 -13 1308 1 0 1.000000
0.239614 -6.478370 0 -11.652100 6.103310 208.265000 1372.370000 -13 1309 1 0 1.000000
2.060960 -8.626000 0 29.526000 -2.580880 213.064000 1372.300000 -13 1310 1 0 1.000000
-1.833780 -6.486820 0 15.382800 -19.527800 210.779000 1372.550000 -13 1311 1 0 1.000000
-3.446220 -2.637970 0 -0.516761 6.270050 192.701000 1372.270000 -13 1312 1 0 1.000000
-3.133020 0.581689 0 -10.538900 1.736830 203.047000 1372.330000 -13 1313 1 0 1.000000
2.003480 -0.831848 0 3.375830 -10.765800 213.250000 1372.230000 -13 1314 1 0 1.000000
-3.770250 -2.746820 0 -2.069030 -15.802500 212.042000 1372.300000 -13 1315 1 0 1.000000
0.184617 -8.121970 0 4.890940 9.496960 201.559000 1372.170000 -13 1316 1 0 1.000000
-2.895880 -5.109290 0 -4.699370 -10.638100 197.194000 1372.400000 -13 1317 1 0 1.000000
-6.977120 2.162040 0 -1.231120 -8.965300 207.625000 1372.240000 -13 1318 1 0 1.000000
1.916680 1.579280 0 11.865600 -15.225100 190.612000 1372.360000 -13 1319 1 0 1.000000
-7.187370 -3.486450 0 -41.798900 37.587500 224.441000 1372.320000 -13 1320 1 0 1.000000
1.140080 -3.179820 0 20.997500 23.805900 196.475000 1372.210000 -13 1321 1 0 1.000000
-7.486260 4.979260 0 -22.191200 9.505760 203.947000 1372.200000 -13 1322 1 0 1.000000
-6.310860 -0.818452 0 -3.623740 -4.592840 194.847000 1372.300000 -13 1323 1 0 1.000000
-3.479010 1.640170 0 -2.470010 14.133600 206.539000 1372.230000 -13 1324 1 0 1.000000
2.257960 -0.291904 0 -0.601404 6.070950 202.499000 1372.380000 -13 1325 1 0 1.000000
8.271660 -2.826260 0 -15.134100 -11.487800 186.632000 1372.410000 -13 1326 1 0 1.000000
3.928700 -2.508230 0 -9.243970 -8.199180 190.847000 1372.240000 -13 1327 1 0 1.000000
1.277750 -8.051190 0 -21.696200 2.839940 203.428000 1372.080000 -13 1328 1 0 1.000000
0.057585 -0.510845 0 -26.895000 -22.437300 203.141000 1372.120000 -13 1329 1 0 1.000000
1.409620 -0.274638 0 4.389310 -14.976000 205.996000 1372.120000 -13 1330 1 0 1.000000
0.607659 -2.499180 0 13.319900 -6.427250 216.470000 1372.290000 -13 1331 1 0 1.000000
-0.832869 1.299160 0 3.127130 10.003000 201.080000 1372.300000 -13 1332 1 0 1.000000
-3.399910 -5.538850 0 2.661420 -15.489000 205.782000 1372.280000 -13 1333 1 0 1.000000
-1.630390 -1.873420 0 42.610000 -3.802790 219.834000 1372.190000 -13 1334 1 0 1.000000
0.029086 -7.824390 0 -12.965600 -12.233600 204.070000 1372.130000 -13 1335 1 0 1.000000
-6.187650 2.000110 0 -31.656400 8.470650 219.358000 1372.110000 -13 1336 1 0 1.000000
-4.278970 -4.231870 0 -5.411030 -29.499500 211.243000 1372.420000 -13 1337 1 0 1.000000
-0.111702 -1.384470 0 -9.310840 -10.011500 201.711000 1372.130000 -13 1338 1 0 1.000000
-1.885070 -3.330960 0 -2.345330 22.691000 212.172000 1372.360000 -13 1339 1 0 1.000000
3.222120 -1.403550 0 -33.697200 26.089500 219.662000 1372.370000 -13 1340 1 0 1.000000
4.082180 -7.439410 0 -0.020958 -0.522793 204.269000 1372.100000 -13 1341 1 0 1.000000
-0.534833 5.463440 0 0.788093 2.336440 201.264000 1372.300000 -13 1342 1 0 1.000000
3.160800 -5.516890 0 -14.085100 -11.913400 196.136000 1372.280000 -13 1343 1 0 1.000000
-7.356390 -2.336020 0 5.792640 -7.984660 200.805000 1372.230000 -13 1344 1 0 1.000000
0.387788 -3.239150 0 5.377720 -12.204100 198.356000 1372.210000 -13 1345 1 0 1.000000
-2.642510 -2.096660 0 -19.153000 15.843000 217.997000 1372.230000 -13 1346 1 0 1.000000
3.364480 0.353877 0 2.784920 -9.005620 209.156000 1372.330000 -13 1347 1 0 1.000000
0.237364 -1.258410 0 -27.611900 11.867000 199.634000 1372.310000 -13 1348 1 0 1.000000
5.538020 0.838132 0 9.212080 -6.306820 208.782000 1372.280000 -13 1349 1 0 1.000000
-0.329833 -0.109671 0 17.603000 -12.308300 208.195000 1372.250000 -13 1350 1 0 1.000000
1.658740 -0.808065 0 0.941995 20.549400 198.268000 1372.340000 -13 1351 1 0 1.000000
-4.338760 -4.397210 0 0.140399 -6.074880 200.376000 1372.040000 -13 1352 1 0 1.000000
-5.829320 -3.911980 0 12.998600 -15.199400 233.214000 1372.240000 -13 1353 1 0 1.000000
-3.414030 -5.745390 0 2.579840 -0.858660 197.567000 1372.120000 -13 1354 1 0 1.000000
-1.859910 0.303233 0 -0.009361 4.217450 215.942000 1372.160000 -13 1355 1 0 1.000000
-3.362770 4.205700 0 0.272291 -11.766800 200.066000 1372.430000 -13 1356 1 0 1.000000
-1.091840 -6.507190 0 -15.337200 9.492820 200.425000 1372.250000 -13 1357 1 0 1.000000
4.308830 -5.092270 0 6.648520 6.241310 217.968000 1372.070000 -13 1358 1 0 1.000000
2.203830 -1.832060 0 -4.840340 6.312240 199.474000 1372.430000 -13 1359 1 0 1.000000
-6.528700 4.863290 0 14.101800 0.292628 218.227000 1372.210000 -13 1360 1 0 1.000000
0.351841 -5.478230 0 0.031875 9.314580 205.257000 1372.190000 -13 1361 1 0 1.000000
-0.080831 5.201000 0 -10.274800 31.698900 200.561000 1372.200000 -13 1362 1 0 1.000000
-1.470220 -1.611090 0 -2.448620 -0.352375 205.974000 1372.280000 -13 1363 1 0 1.000000
-6.530440 -4.521270 0 -1.621510 2.706910 210.972000 1372.260000 -13 1364 1 0 1.000000
-0.521578 -5.435820 0 -9.587950 0.649591 217.203000 1372.260000 -13 1365 1 0 1.000000
-3.792270 -0.919172 0 10.636800 19.648400 211.627000 1372.070000 -13 1366 1 0 1.000000
1.152610 -8.400560 0 4.062180 -9.433290 217.009000 1372.310000 -13 1367 1 0 1.000000
1.611970 0.197957 0 -6.286590 -3.298040 193.872000 1372.160000 -13 1368 1 0 1.000000
-3.916950 1.168990 0 -13.014700 -24.763100 199.674000 1372.400000 -13 1369 1 0 1.000000
-3.043980 -5.066710 0 -11.422900 8.844360 201.486000 1372.250000 -13 1370 1 0 1.000000
-7.746730 0.053339 0 4.274240 0.350811 207.889000 1372.230000 -13 1371 1 0 1.000000
-1.099530 -6.435140 0 14.393100 -14.547300 201.968000 1372.280000 -13 1372 1 0 1.000000
-5.952930 -2.435660 0 18.524700 23.145100 217.787000 1372.380000 -13 1373 1 0 1.000000
-3.876330 -6.291560 0 8.296910 -21.402200 213.226000 1372.360000 -13 1374 1 0 1.000000
-2.983100 -3.043700 0 -39.481500 9.182650 221.231000 1372.190000 -13 1375 1 0 1.000000
-0.414740 -4.926030 0 -1.194210 7.266440 208.343000 1372.280000 -13 1376 1 0 1.000000
4.969830 -0.164994 0 14.435700 31.235200 216.166000 1372.140000 -13 1377 1 0 1.000000
3.232790 -1.097640 0 -2.562230 20.608300 217.339000 1372.340000 -13 1378 1 0 1.000000
7.016030 0.070461 0 -24.813400 1.606340 213.245000 1372.430000 -13 1379 1 0 1.000000
4.333580 -6.854410 0 -14.611000 19.542000 207.917000 1372.280000 -13 1380 1 0 1.000000
-4.816070 0.105309 0 -2.498970 -12.767500 184.863000 1372.230000 -13 1381 1 0 1.000000
-6.573600 -1.722180 0 10.359200 0.691218 212.756000 1372.230000 -13 1382 1 0 1.000000
-5.342250 -3.075700 0 -25.814800 12.133600 214.384000 1372.200000 -13 1383 1 0 1.000000
2.196340 -5.547820 0 3.824860 -16.590900 198.711000 1372.310000 -13 1384 1 0 1.000000
0.025832 -4.405450 0 -23.164800 9.306340 227.878000 1372.360000 -13 1385 1 0 1.000000
-2.919940 -3.286990 0 3.120540 0.698600 197.876000 1372.410000 -13 1386 1 0 1.000000
-4.659510 0.788933 0 43.918300 -13.971800 220.968000 1372.130000 -13 1387 1 0 1.000000
-9.573620 -3.232040 0 -6.441550 -15.869700 217.406000 1372.450000 -13 1388 1 0 1.000000
-3.658940 -4.025380 0 19.593400 11.159200 217.659000 1372.370000 -13 1389 1 0 1.000000
-3.145830 -4.850880 0 22.845500 -12.819600 223.390000 1372.240000 -13 1390 1 0 1.000000
-3.655100 -6.047690 0 12.429100 3.281830 199.159000 1372.290000 -13 1391 1 0 1.000000
5.204460 -3.174240 0 17.281700 -27.852700 219.007000 1372.180000 -13 1392 1 0 1.000000
1.729150 0.077159 0 -29.115400 5.007350 216.266000 1372.350000 -13 1393 1 0 1.000000
-5.739350 -8.629400 0 9.666290 -0.920230 193.705000 1372.350000 -13 1394 1 0 1.000000
-5.388910 -7.684680 0 34.703600 8.656840 204.512000 1372.260000 -13 1395 1 0 1.000000
-1.106850 2.108340 0 -12.473500 19.859200 216.575000 1372.150000 -13 1396 1 0 1.000000
4.456730 -3.895390 0 22.254600 2.273710 199.197000 1372.370000 -13 1397 1 0 1.000000
-2.653260 -1.835410 0 6.068020 0.256847 217.256000 1372.260000 -13 1398 1 0 1.000000
-5.796150 -1.543770 0 -0.681956 16.472800 204.229000 1372.440000 -13 1399 1 0 1.000000
12.895300 -3.150240 0 -6.299830 2.244230 218.890000 1372.410000 -13 1400 1 0 1.000000
-1.052150 0.495693 0 -4.051810 8.905630 207.316000 1372.310000 -13 1401 1 0 1.000000
-5.108500 -7.729070 0 25.324500 -4.953700 210.839000 1372.290000 -13 1402 1 0 1.000000
-10.577600 4.603650 0 11.856400 6.616080 192.104000 1372.340000 -13 1403 1 0 1.000000
-4.311250 -4.208240 0 -5.691020 -7.193920 186.583000 1372.120000 -13 1404 1 0 1.000000
-3.469220 -4.074510 0 13.282700 -41.760300 221.746000 1372.150000 -13 1405 1 0 1.000000
-2.438830 4.056330 0 -19.905800 1.168690 233.705000 1372.310000 -13 1406 1 0 1.000000
2.181130 2.990390 0 -8.392740 3.545180 190.115000 1372.320000 -13 1407 1 0 1.000000
-3.242740 -1.452410 0 -8.954740 -15.141000 199.116000 1372.430000 -13 1408 1 0 1.000000
0.010047 2.646380 0 3.952560 7.244640 190.119000 1372.420000 -13 1409 1 0 1.000000
-5.815000 -5.889770 0 -2.937040 -5.335630 206.204000 1372.360000 -13 1410 1 0 1.000000
-3.144850 -1.636140 0 -8.645630 8.984410 195.881000 1372.290000 -13 1411 1 0 1.000000
-10.022500 -2.453730 0 -9.209910 -7.428910 214.499000 1372.190000 -13 1412 1 0 1.000000
-6.000980 -3.836300 0 0.515996 -9.937740 199.106000 1372.310000 -13 1413 1 0 1.000000
1.594500 -3.050320 0 -11.536500 -2.238500 192.150000 1372.190000 -13 1414 1 0 1.000000
-0.263856 -7.834440 0 -15.478700 10.445000 204.296000 1372.360000 -13 1415 1 0 1.000000
-1.832320 1.222400 0 -0.547621 25.827500 190.423000 1372.300000 -13 1416 1 0 1.000000
-2.077240 -4.037840 0 10.833900 -11.352900 212.845000 1372.210000 -13 1417 1 0 1.000000
-3.075120 -0.692824 0 -3.106830 -2.843950 209.480000 1372.190000 -13 1418 1 0 1.000000
0.579693 0.253846 0 17.409400 -32.401800 216.790000 1372.190000 -13 1419 1 0 1.000000
-1.416480 1.516360 0 -0.646016 6.781920 208.979000 1372.360000 -13 1420 1 0 1.000000
3.385070 1.890530 0 14.971500 -1.081380 207.177000 1372.230000 -13 1421 1 0 1.000000
6.229430 1.105350 0 -10.723800 1.000240 201.072000 1372.260000 -13 1422 1 0 1.000000
0.431593 -2.211530 0 39.638600 9.023780 183.062000 1372.280000 -13 1423 1 0 1.000000
-0.330963 3.396540 0 -16.290100 17.091000 205.221000 1372.230000 -13 1424 1 0 1.000000
1.451280 0.979005 0 -1.018530 -5.341380 209.274000 1372.340000 -13 1425 1 0 1.000000
-1.768830 -0.234263 0 -1.765360 8.908290 210.146000 1372.430000 -13 1426 1 0 1.000000
-3.647520 -1.231060 0 -3.869340 2.799150 193.437000 1372.450000 -13 1427 1 0 1.000000
-6.955140 0.824960 0 51.208000 13.215300 223.177000 1372.290000 -13 1428 1 0 1.000000
-2.972510 -4.204510 0 -21.644200 -0.504895 198.352000 1372.110000 -13 1429 1 0 1.000000
-1.445210 -3.629880 0 -6.223550 6.413820 211.163000 1372.260000 -13 1430 1 0 1.000000
4.703590 -6.078210 0 -9.667150 11.578800 208.893000 1372.250000 -13 1431 1 0 1.000000
0.390919 -4.430160 0 -9.792290 5.810030 202.301000 1372.410000 -13 1432 1 0 1.000000
-5.503540 -2.792660 0 4.525650 -4.866840 211.708000 1372.260000 -13 1433 1 0 1.000000
-2.475690 0.338015 0 5.327170 -3.581710 223.117000 1372.360000 -13 1434 1 0 1.000000
-6.186000 -4.865360 0 12.139200 3.297140 196.835000 1372.410000 -13 1435 1 0 1.000000
-0.174114 1.847990 0 -3.075660 -16.655200 186.132000 1372.360000 -13 1436 1 0 1.000000
-7.434460 -4.479040 0 25.210700 19.416300 222.541000 1372.390000 -13 1437 1 0 1.000000
-1.215830 -7.104640 0 3.950220 -21.036800 203.300000 1372.380000 -13 1438 1 0 1.000000
0.270327 -2.828070 0 -8.901840 15.869300 206.716000 1372.130000 -13 1439 1 0 1.000000
-1.970520 -6.458980 0 9.938040 3.899930 211.513000 1372.340000 -13 1440 1 0 1.000000
-0.839510 -4.133260 0 6.278070 -0.255620 197.458000 1372.430000 -13 1441 1 0 1.000000
-0.591164 -1.732280 0 -0.502300 -14.771000 208.947000 1372.350000 -13 1442 1 0 1.000000
-1.134930 -8.304070 0 4.781790 -2.257110 191.836000 1372.130000 -13 1443 1 0 1.000000
0.972634 -3.068000 0 4.385180 -1.166530 184.923000 1372.170000 -13 1444 1 0 1.000000
-1.214070 -6.931100 0 -8.090060 12.853800 208.358000 1372.360000 -13 1445 1 0 1.000000
4.977660 -2.814800 0 21.480000 -0.450131 222.191000 1372.340000 -13 1446 1 0 1.000000
-8.502190 -0.796290 0 6.640300 5.412730 208.055000 1372.090000 -13 1447 1 0 1.000000
-11.213600 -1.700750 0 9.907860 12.797100 211.656000 1372.200000 -13 1448 1 0 1.000000
-4.949820 0.753081 0 7.056110 -12.933700 209.978000 1372.400000 -13 1449 1 0 1.000000
-8.857800 1.036370 0 -9.196470 3.952000 223.239000 1372.310000 -13 1450 1 0 1.000000
-3.740500 3.793360 0 6.465050 1.542500 228.464000 1372.310000 -13 1451 1 0 1.000000
-0.238778 1.189520 0 3.376060 -35.981900 216.768000 1372.300000 -13 1452 1 0 1.000000
-7.176070 -5.886180 0 -5.477610 5.989930 197.931000 1372.440000 -13 1453 1 0 1.000000
0.060328 -6.320870 0 -4.628100 2.101270 208.718000 1372.400000 -13 1454 1 0 1.000000
0.794825 -2.519130 0 -2.507430 16.928300 213.566000 1372.220000 -13 1455 1 0 1.000000
-2.402230 -10.514500 0 7.914310 -16.227900 208.341000 1372.380000 -13 1456 1 0 1.000000
0.165946 -1.000590 0 -11.822400 10.461000 188.552000 1372.330000 -13 1457 1 0 1.000000
1.199290 0.992409 0 10.176400 -18.998000 184.630000 1372.230000 -13 1458 1 0 1.000000
2.636000 0.483943 0 9.223450 -10.338500 199.918000 1372.140000 -13 1459 1 0 1.000000
4.764140 -5.534780 0 2.572940 37.473500 196.731000 1372.170000 -13 1460 1 0 1.000000
-2.478700 -0.538316 0 4.517060 -1.939140 198.513000 1372.170000 -13 1461 1 0 1.000000
-3.620660 -6.381930 0 22.559600 18.278700 226.804000 1372.270000 -13 1462 1 0 1.000000
4.986060 -0.961951 0 7.491370 -9.486850 204.728000 1372.150000 -13 1463 1 0 1.000000
-1.565100 -2.501130 0 1.994140 -23.833600 222.414000 1372.190000 -13 1464 1 0 1.000000
-0.183731 -2.684820 0 -2.077620 18.495800 203.067000 1372.310000 -13 1465 1 0 1.000000
-3.127610 -4.321600 0 5.233120 6.991810 200.636000 1372.350000 -13 1466 1 0 1.000000
-8.769360 -7.025170 0 27.196400 -23.218700 193.622000 1372.280000 -13 1467 1 0 1.000000
-0.068382 2.890130 0 -8.114180 -0.951332 197.190000 1372.180000 -13 1468 1 0 1.000000
1.119870 -9.830240 0 3.245220 1.018830 204.370000 1372.240000 -13 1469 1 0 1.000000
-5.426070 -3.183980 0 -3.635130 8.586000 206.761000 1372.410000 -13 1470 1 0 1.000000
-6.607830 -3.867790 0 3.368950 -23.218900 216.621000 1372.380000 -13 1471 1 0 1.000000
-4.594670 -9.459940 0 11.298000 4.973720 215.173000 1372.310000 -13 1472 1 0 1.000000
-2.918370 -0.260353 0 -10.131000 -1.853540 208.908000 1372.350000 -13 1473 1 0 1.000000
-0.030526 -3.024580 0 0.350622 -8.780640 192.155000 1372.280000 -13 1474 1 0 1.000000
2.513110 -4.639690 0 -2.233980 4.256340 198.125000 1372.310000 -13 1475 1 0 1.000000
-1.816980 -7.195000 0 -4.877680 15.140700 202.447000 1372.360000 -13 1476 1 0 1.000000
-8.161300 -2.233390 0 20.441600 15.789600 229.888000 1372.240000 -13 1477 1 0 1.000000
-4.188030 -0.880098 0 5.494410 -8.310460 199.604000 1372.330000 -13 1478 1 0 1.000000
-3.830080 -2.880370 0 -16.495000 -38.070500 221.035000 1372.180000 -13 1479 1 0 1.000000
-4.635660 -9.622810 0 10.313000 -14.139500 207.811000 1372.230000 -13 1480 1 0 1.000000
-4.169450 1.582710 0 16.944600 4.732000 191.370000 1372.380000 -13 1481 1 0 1.000000
-1.378930 -7.751890 0 -4.196600 22.196700 207.137000 1372.340000 -13 1482 1 0 1.000000
2.914660 0.318094 0 10.331900 9.130260 214.350000 1372.220000 -13 1483 1 0 1.000000
-3.348680 1.776610 0 -16.218500 10.211000 210.709000 1372.200000 -13 1484 1 0 1.000000
-2.198350 -7.872770 0 -16.008400 -0.420639 195.899000 1372.210000 -13 1485 1 0 1.000000
7.321830 0.099071 0 -8.507600 7.082320 206.054000 1372.210000 -13 1486 1 0 1.000000
-2.881570 -2.297470 0 -0.533225 -18.454100 202.295000 1372.210000 -13 1487 1 0 1.000000
-2.784960 -2.693640 0 -8.928370 -5.534550 214.075000 1372.310000 -13 1488 1 0 1.000000
-1.646070 -6.564880 0 0.007949 15.744300 216.521000 1372.350000 -13 1489 1 0 1.000000
-1.179730 -4.176580 0 6.760970 34.053200 204.743000 1372.280000 -13 1490 1 0 1.000000
0.896502 -5.378790 0 -12.410200 3.651560 183.004000 1372.380000 -13 1491 1 0 1.000000
-6.071380 -8.431580 0 -8.345360 -2.404380 201.494000 1372.220000 -13 1492 1 0 1.000000
-2.163390 -3.774590 0 -8.750130 3.237960 229.156000 1372.170000 -13 1493 1 0 1.000000
3.883670 0.688321 0 12.795300 -25.911800 208.284000 1372.300000 -13 1494 1 0 1.000000
4.303680 -6.584730 0 -11.243500 0.765583 190.763000 1372.410000 -13 1495 1 0 1.000000
-5.059780 -7.640500 0 -8.923830 -7.627070 203.464000 1372.250000 -13 1496 1 0 1.000000
-11.699800 -0.016270 0 29.837500 -6.550070 209.338000 1372.260000 -13 1497 1 0 1.000000
1.665030 -1.358180 0 15.631300 -1.553250 199.177000 1372.240000 -13 1498 1 0 1.000000
-9.772930 2.215600 0 6.007250 -10.745800 203.246000 1372.290000 -13 1499 1 0 1.000000
2.244620 3.340090 0 -9.836660 -25.863400 213.444000 1372.270000 -13 1500 1 0 1.000000
-6.884250 -4.140780 0 5.953030 -1.837860 192.503000 1372.140000 -13 1501 1 0 1.000000
7.940690 -2.855510 0 -18.923100 -3.593500 213.890000 1372.110000 -13 1502 1 0 1.000000
5.601650 -2.562570 0 9.613970 -9.804600 209.086000 1372.290000 -13 1503 1 0 1.000000
3.224770 -8.457430 0 23.319900 -0.166879 215.618000 1372.230000 -13 1504 1 0 1.000000
-4.303170 -9.943300 0 -3.056340 -7.266320 214.139000 1372.100000 -13 1505 1 0 1.000000
0.828490 -5.163720 0 3.600710 2.250390 199.830000 1372.430000 -13 1506 1 0 1.000000
-1.565030 -0.755535 0 0.122119 7.385520 206.337000 1372.440000 -13 1507 1 0 1.000000
-4.844540 -5.240950 0 6.856470 -16.269200 212.717000 1372.320000 -13 1508 1 0 1.000000
-2.417260 -1.865650 0 14.594700 -11.559200 184.303000 1372.250000 -13 1509 1 0 1.000000
-6.076200 -0.275525 0 -6.271950 -10.755400 191.022000 1372.240000 -13 1510 1 0 1.000000
-4.960740 -7.017270 0 -10.091500 2.886290 207.750000 1372.280000 -13 1511 1 0 1.000000
-0.313226 0.179096 0 -22.018300 -13.394800 201.896000 1372.300000 -13 1512 1 0 1.000000
7.180310 -4.164970 0 -8.459900 8.397450 191.253000 1372.360000 -13 1513 1 0 1.000000
-1.258330 0.128169 0 23.451000 7.822140 195.301000 1372.180000 -13 1514 1 0 1.000000
-6.912440 -1.670250 0 -1.878690 12.671900 202.330000 1372.290000 -13 1515 1 0 1.000000
-4.744730 -0.908445 0 -15.871900 3.351440 209.005000 1372.190000 -13 1516 1 0 1.000000
-4.257700 3.295550 0 -0.469540 -8.553620 194.726000 1372.390000 -13 1517 1 0 1.000000
-5.610240 -4.647610 0 12.633000 -2.813700 202.956000 1372.300000 -13 1518 1 0 1.000000
-12.564800 -2.560410 0 6.621990 -8.492040 191.309000 1372.340000 -13 1519 1 0 1.000000
-0.767883 0.934589 0 -18.897700 3.745560 199.088000 1372.190000 -13 1520 1 0 1.000000
0.082848 -3.154910 0 -5.484940 17.045700 217.826000 1372.410000 -13 1521 1 0 1.000000
-0.417948 -1.374880 0 -6.211480 1.568880 182.574000 1372.290000 -13 1522 1 0 1.000000
-1.639220 1.392950 0 -24.578700 -19.494800 196.628000 1372.380000 -13 1523 1 0 1.000000
-0.749067 0.516719 0 -7.877720 0.012992 194.277000 1372.090000 -13 1524 1 0 1.000000
2.686200 -8.176060 0 -10.566900 -7.243940 207.217000 1372.360000 -13 1525 1 0 1.000000
-2.439380 -2.534180 0 -7.117040 13.691400 211.370000 1372.320000 -13 1526 1 0 1.000000
2.743180 -4.749500 0 2.003090 -10.514400 224.502000 1372.130000 -13 1527 1 0 1.000000
-3.748700 2.176010 0 2.193950 -11.814800 187.385000 1372.360000 -13 1528 1 0 1.000000
-3.889420 -4.070460 0 19.333600 -12.895000 217.804000 1372.260000 -13 1529 1 0 1.000000
-3.006950 0.991776 0 25.052400 -6.414100 208.546000 1372.170000 -13 1530 1 0 1.000000
-7.886800 -4.208110 0 -9.174360 2.097040 202.543000 1372.520000 -13 1531 1 0 1.000000
4.362040 -5.851320 0 -15.224000 -17.692700 208.222000 1372.250000 -13 1532 1 0 1.000000
3.559020 -6.342660 0 19.609900 -6.825980 202.142000 1372.300000 -13 1533 1 0 1.000000
-3.595600 2.483220 0 -4.216800 2.589170 195.471000 1372.410000 -13 1534 1 0 1.000000
-3.384200 -3.304510 0 6.145960 8.576500 226.884000 1372.370000 -13 1535 1 0 1.000000
8.179770 -7.170840 0 10.707500 -2.334770 209.757000 1372.110000 -13 1536 1 0 1.000000
4.190220 -4.411370 0 17.851700 -10.223200 197.450000 1372.250000 -13 1537 1 0 1.000000
-0.261230 -7.120940 0 18.407400 -5.405520 191.009000 1372.230000 -13 1538 1 0 1.000000
-2.885430 1.207010 0 7.885220 -0.625642 201.004000 1372.280000 -13 1539 1 0 1.000000
9.113820 -8.117270 0 -11.197300 8.609790 207.224000 1372.400000 -13 1540 1 0 1.000000
-5.144050 0.739275 0 9.578500 -4.634060 210.784000 1372.370000 -13 1541 1 0 1.000000
-5.284550 -3.132580 0 5.617200 -22.003900 202.827000 1372.310000 -13 1542 1 0 1.000000
-3.325410 -6.947730 0 -17.146000 -9.099410 195.018000 1372.280000 -13 1543 1 0 1.000000
-0.666943 -5.310910 0 -10.492800 6.442970 188.378000 1372.240000 -13 1544 1 0 1.000000
1.142590 -4.222730 0 14.733300 3.180990 212.747000 1372.270000 -13 1545 1 0 1.000000
-2.636920 -0.087260 0 -17.925800 6.813010 184.268000 1372.260000 -13 1546 1 0 1.000000
3.480680 -0.425986 0 -0.370872 -13.099800 200.875000 1372.180000 -13 1547 1 0 1.000000
-8.003690 -0.688171 0 10.173100 -22.957200 205.328000 1372.220000 -13 1548 1 0 1.000000
0.446031 -5.258210 0 1.368700 6.797790 216.191000 1372.090000 -13 1549 1 0 1.000000
-10.833300 -5.522380 0 4.989740 -1.546520 216.870000 1372.270000 -13 1550 1 0 1.000000
0.158569 -5.161030 0 3.111880 -4.095460 201.946000 1372.100000 -13 1551 1 0 1.000000
-7.718760 -4.008440 0 1.738060 5.261700 212.422000 1372.250000 -13 1552 1 0 1.000000
-1.710280 -7.102590 0 -25.560100 -32.834300 222.472000 1372.280000 -13 1553 1 0 1.000000
4.723560 -0.897194 0 4.477930 11.617100 209.578000 1372.230000 -13 1554 1 0 1.000000
-3.057560 -1.803660 0 -9.764160 11.936500 211.782000 1372.100000 -13 1555 1 0 1.000000
-3.894760 -6.126060 0 26.545500 17.922000 222.582000 1372.170000 -13 1556 1 0 1.000000
-3.666380 1.178360 0 -21.235000 -9.813450 202.817000 1372.190000 -13 1557 1 0 1.000000
4.271800 -7.866040 0 0.031957 -8.803000 214.631000 1372.400000 -13 1558 1 0 1.000000
0.573101 -7.110240 0 -13.038700 10.965300 202.883000 1372.220000 -13 1559 1 0 1.000000
-0.030004 0.376174 0 -2.536580 -7.069590 208.569000 1372.410000 -13 1560 1 0 1.000000
-0.879200 -5.285880 0 4.924860 10.165100 208.912000 1372.320000 -13 1561 1 0 1.000000
-1.164460 -9.669840 0 8.623540 26.169300 236.503000 1372.280000 -13 1562 1 0 1.000000
0.841403 -5.774020 0 -3.350650 1.179510 198.216000 1372.130000 -13 1563 1 0 1.000000
9.391470 -4.323680 0 -17.210800 12.825600 206.651000 1372.370000 -13 1564 1 0 1.000000
-3.069230 -2.978870 0 19.935500 3.830740 196.495000 1372.540000 -13 1565 1 0 1.000000
1.216330 1.875210 0 -14.218000 -16.546700 215.575000 1372.360000 -13 1566 1 0 1.000000
-1.640810 -4.923290 0 15.310000 5.325900 210.599000 1372.320000 -13 1567 1 0 1.000000
0.057110 -2.086390 0 9.906820 7.999340 184.347000 1372.340000 -13 1568 1 0 1.000000
3.980890 -7.002610 0 -10.757500 9.508340 195.872000 1372.280000 -13 1569 1 0 1.000000
-0.536444 2.255110 0 -2.350140 -18.893500 200.829000 1372.400000 -13 1570 1 0 1.000000
-4.641630 -5.141710 0 8.776890 -4.248430 209.675000 1372.270000 -13 1571 1 0 1.000000
4.190140 1.223890 0 1.075550 -10.576900 204.040000 1372.240000 -13 1572 1 0 1.000000
-12.529500 1.280570 0 -14.322000 -1.179160 213.481000 1372.420000 -13 1573 1 0 1.000000
-0.518482 -2.159860 0 9.301920 -1.383840 210.335000 1372.340000 -13 1574 1 0 1.000000
1.070120 -2.551180 0 -14.874500 -0.799154 211.660000 1372.360000 -13 1575 1 0 1.000000
4.897520 0.832321 0 7.250130 -8.326600 212.666000 1372.290000 -13 1576 1 0 1.000000
-0.542029 -5.347540 0 23.887200 18.866100 197.192000 1372.160000 -13 1577 1 0 1.000000
-2.562120 0.459392 0 -2.127280 2.019750 214.343000 1372.120000 -13 1578 1 0 1.000000
-12.131600 0.091486 0 -0.902860 -1.614440 204.141000 1372.350000 -13 1579 1 0 1.000000
-7.417080 -10.759800 0 7.689530 0.786320 190.904000 1372.320000 -13 1580 1 0 1.000000
2.859590 -6.822680 0 15.986600 -17.167400 224.154000 1372.540000 -13 1581 1 0 1.000000
-0.642473 -0.381426 0 4.223770 -12.259100 201.568000 1372.220000 -13 1582 1 0 1.000000
5.612500 -10.929000 0 -10.878100 -1.427720 204.911000 1372.390000 -13 1583 1 0 1.000000
-3.359030 -4.411310 0 -5.185310 -18.252300 197.343000 1372.450000 -13 1584 1 0 1.000000
-2.892570 -4.037260 0 -4.681940 3.124290 186.225000 1372.450000 -13 1585 1 0 1.000000
-2.923120 -8.354240 0 -3.380480 -8.747790 203.230000 1372.410000 -13 1586 1 0 1.000000
1.854870 0.476555 0 -12.148400 -4.046470 191.513000 1372.420000 -13 1587 1 0 1.000000
3.493040 1.838720 0 -0.138310 -8.638520 203.626000 1372.400000 -13 1588 1 0 1.000000
-0.708251 -0.244268 0 -10.200100 -11.508200 203.655000 1372.310000 -13 1589 1 0 1.000000
-1.959470 8.936900 0 -6.445690 8.686990 210.414000 1372.340000 -13 1590 1 0 1.000000
-0.671044 -2.409390 0 13.161600 6.042790 205.243000 1372.420000 -13 1591 1 0 1.000000
-2.197040 -3.722890 0 -3.127890 -14.022100 213.750000 1372.300000 -13 1592 1 0 1.000000
-8.502950 -2.550670 0 -8.448020 11.725000 197.584000 1372.140000 -13 1593 1 0 1.000000
-6.934200 -4.575990 0 -15.974100 -7.525930 213.969000 1372.400000 -13 1594 1 0 1.000000
-8.354240 -1.451770 0 -12.486800 14.871000 187.945000 1372.340000 -13 1595 1 0 1.000000
-4.765940 -5.757470 0 -10.028900 -4.975520 191.098000 1372.370000 -13 1596 1 0 1.000000
-0.443512 -1.759900 0 18.133700 2.598420 208.078000 1372.290000 -13 1597 1 0 1.000000
-1.652970 -7.764660 0 -1.679180 5.617460 208.342000 1372.220000 -13 1598 1 0 1.000000
1.003520 -0.583503 0 20.764200 -6.742230 204.046000 1372.320000 -13 1599 1 0 1.000000
-4.499870 -4.253290 0 -5.449090 6.949390 201.749000 1372.260000 -13 1600 1 0 1.000000
-9.785470 5.502070 0 -1.125700 7.136820 210.866000 1372.150000 -13 1601 1 0 1.000000
2.727420 3.120420 0 -17.425000 -3.843710 205.588000 1372.220000 -13 1602 1 0 1.000000
4.363580 -7.554300 0 -3.967180 -6.453660 202.397000 1372.330000 -13 1603 1 0 1.000000
-4.564440 -1.256320 0 9.250680 -3.258850 198.918000 1372.360000 -13 1604 1 0 1.000000
-3.673980 0.864697 0 -22.627500 -9.231510 200.993000 1372.210000 -13 1605 1 0 1.000000
-7.042330 -6.552820 0 20.278900 -35.568100 220.933000 1372.150000 -13 1606 1 0 1.000000
-5.293290 -3.455280 0 4.352380 -43.505400 212.461000 1372.200000 -13 1607 1 0 1.000000
-0.329353 -4.265410 0 -0.149196 -7.615040 200.380000 1372.250000 -13 1608 1 0 1.000000
0.794598 3.326180 0 3.131200 25.132600 206.129000 1372.240000 -13 1609 1 0 1.000000
-5.234810 -3.378250 0 -16.609000 7.726270 195.498000 1372.370000 -13 1610 1 0 1.000000
-2.965450 4.202290 0 -0.226921 -11.863600 210.026000 1372.270000 -13 1611 1 0 1.000000
-0.099856 0.829918 0 -11.115400 2.787300 198.982000 1372.240000 -13 1612 1 0 1.000000
-2.334830 3.620480 0 9.795070 -7.598780 202.190000 1372.220000 -13 1613 1 0 1.000000
2.391370 -6.398790 0 -3.578520 26.733400 218.548000 1372.250000 -13 1614 1 0 1.000000
0.582746 3.854090 0 -0.479780 -1.179730 198.932000 1372.250000 -13 1615 1 0 1.000000
3.086240 -8.603970 0 1.397120 -0.400855 190.855000 1372.160000 -13 1616 1 0 1.000000
-3.675080 -8.023700 0 -44.362300 -13.634200 209.461000 1372.320000 -13 1617 1 0 1.000000
3.639570 -4.738680 0 -12.900200 20.885600 191.950000 1372.290000 -13 1618 1 0 1.000000
-1.538310 0.003291 0 -10.882800 24.849000 204.738000 1372.230000 -13 1619 1 0 1.000000
-4.094160 -3.606480 0 -0.627223 3.521350 206.171000 1372.240000 -13 1620 1 0 1.000000
-0.973745 1.145480 0 19.904900 -19.757500 200.872000 1372.090000 -13 1621 1 0 1.000000
-7.607220 -1.957130 0 24.496600 -27.292100 204.027000 1372.330000 -13 1622 1 0 1.000000
-6.617750 5.513760 0 12.259100 -3.742770 218.721000 1372.250000 -13 1623 1 0 1.000000
11.039000 -5.725470 0 -2.193750 -0.286811 196.583000 1372.230000 -13 1624 1 0 1.000000
-1.035510 -1.556090 0 19.375000 7.833400 200.087000 1372.400000 -13 1625 1 0 1.000000
-5.381450 -5.902860 0 4.466090 -4.746080 211.460000 1372.070000 -13 1626 1 0 1.000000
2.595010 -6.568540 0 6.540640 3.501550 191.695000 1372.200000 -13 1627 1 0 1.000000
-5.126430 -6.759520 0 6.821260 -6.298550 208.975000 1372.200000 -13 1628 1 0 1.000000
-6.299710 0.863519 0 -30.407200 9.273170 216.298000 1372.390000 -13 1629 1 0 1.000000
0.781778 2.655120 0 -11.120900 11.925500 202.964000 1372.260000 -13 1630 1 0 1.000000
-9.728560 8.676740 0 -4.734920 3.761570 218.114000 1372.440000 -13 1631 1 0 1.000000
-2.941450 -5.833030 0 -17.173500 -0.562864 217.854000 1372.350000 -13 1632 1 0 1.000000
-1.419480 -3.234840 0 -4.335790 1.529740 217.162000 1372.360000 -13 1633 1 0 1.000000
-4.800090 1.561270 0 22.970900 -4.016970 211.400000 1372.310000 -13 1634 1 0 1.000000
-4.997520 -0.532516 0 8.369060 4.454080 192.836000 1372.230000 -13 1635 1 0 1.000000
-8.838630 2.771120 0 -18.977000 14.277200 195.790000 1372.250000 -13 1636 1 0 1.000000
-0.869724 -10.067100 0 20.017500 -9.697490 209.914000 1372.350000 -13 1637 1 0 1.000000
-1.841800 -4.479790 0 0.216049 1.865390 190.188000 1372.240000 -13 1638 1 0 1.000000
-2.403140 -8.835910 0 9.352600 -6.185420 201.972000 1372.220000 -13 1639 1 0 1.000000
-1.736740 -3.298380 0 -3.089890 2.382170 193.943000 1372.140000 -13 1640 1 0 1.000000
0.835184 2.350730 0 -7.289000 4.486320 192.430000 1372.130000 -13 1641 1 0 1.000000
-10.560700 -6.180520 0 -25.968800 -13.636100 200.943000 1372.150000 -13 1642 1 0 1.000000
2.864740 -8.128290 0 -0.104761 0.966327 199.473000 1372.280000 -13 1643 1 0 1.000000
-5.148670 -6.018710 0 -18.588300 12.844500 202.430000 1372.350000 -13 1644 1 0 1.000000
3.249120 -8.868260 0 6.268790 26.325400 222.184000 1372.290000 -13 1645 1 0 1.000000
-0.112926 -13.683000 0 10.840200 19.419700 210.214000 1372.350000 -13 1646 1 0 1.000000
-3.628020 0.160827 0 21.114300 -26.559500 223.537000 1372.270000 -13 1647 1 0 1.000000
0.786582 1.826510 0 -13.540500 -9.890270 204.617000 1372.290000 -13 1648 1 0 1.000000
-8.168790 1.250070 0 -12.764400 -18.615600 210.513000 1372.190000 -13 1649 1 0 1.000000
4.208060 3.339080 0 5.180190 4.659520 215.432000 1372.330000 -13 1650 1 0 1.000000
-4.361140 0.561652 0 9.841390 -5.354770 209.258000 1372.190000 -13 1651 1 0 1.000000
-2.151180 -0.554473 0 -4.966050 4.722630 217.517000 1372.330000 -13 1652 1 0 1.000000
-1.636090 -0.499267 0 8.472680 -12.077500 217.981000 1372.260000 -13 1653 1 0 1.000000
-7.456830 -8.969800 0 19.066400 1.344230 194.965000 1372.100000 -13 1654 1 0 1.000000
-5.091450 -4.141600 0 -12.841800 -22.799900 213.149000 1372.420000 -13 1655 1 0 1.000000
4.437410 5.091110 0 6.792090 -6.972050 196.436000 1372.440000 -13 1656 1 0 1.000000
-6.595810 4.002040 0 -9.118220 1.383740 204.154000 1372.420000 -13 1657 1 0 1.000000
-1.480080 2.460810 0 -2.157160 10.721100 206.996000 1372.410000 -13 1658 1 0 1.000000
-7.107330 4.256780 0 -7.332600 -12.807900 203.464000 1372.240000 -13 1659 1 0 1.000000
-5.916040 -3.932420 0 4.032710 7.099090 197.559000 1372.490000 -13 1660 1 0 1.000000
-0.263939 -5.688270 0 -9.765850 3.750170 216.896000 1372.180000 -13 1661 1 0 1.000000
-6.052420 -9.099710 0 -13.518700 2.351320 227.911000 1372.390000 -13 1662 1 0 1.000000
-3.717400 -1.464420 0 -0.706845 -1.656000 228.271000 1372.100000 -13 1663 1 0 1.000000
-2.254460 -6.114050 0 -1.899750 5.654840 192.816000 1372.120000 -13 1664 1 0 1.000000
-4.736420 -11.251300 0 -10.211000 -27.037300 196.020000 1372.230000 -13 1665 1 0 1.000000
-5.530280 -2.602600 0 -15.311100 8.552610 207.261000 1372.070000 -13 1666 1 0 1.000000
-4.758560 -5.628030 0 5.062890 -30.911600 200.599000 1372.170000 -13 1667 1 0 1.000000
0.816586 -3.987120 0 -24.773100 20.332300 191.671000 1372.220000 -13 1668 1 0 1.000000
-0.430229 -1.750410 0 -4.349050 -3.730460 207.542000 1372.380000 -13 1669 1 0 1.000000
-3.915860 -3.550080 0 10.204000 6.140850 208.100000 1372.350000 -13 1670 1 0 1.000000
-9.018560 -1.846700 0 -11.019600 -8.796380 209.703000 1372.350000 -13 1671 1 0 1.000000
-0.696420 2.637580 0 -18.009600 -13.185200 228.627000 1372.280000 -13 1672 1 0 1.000000
-7.701500 0.380119 0 19.714000 4.328070 209.710000 1372.070000 -13 1673 1 0 1.000000
-5.862400 -1.807900 0 -7.936490 -19.883300 206.165000 1372.440000 -13 1674 1 0 1.000000
-4.369250 -8.647760 0 7.210130 -2.452840 204.539000 1372.340000 -13 1675 1 0 1.000000
-7.539530 -2.577680 0 -9.350340 -2.786120 198.683000 1372.300000 -13 1676 1 0 1.000000
-0.453847 -8.644720 0 -15.448700 6.841060 200.673000 1372.300000 -13 1677 1 0 1.000000
-1.773530 2.802310 0 -14.967500 -8.657340 198.262000 1372.170000 -13 1678 1 0 1.000000
0.515142 -0.677819 0 16.301200 -12.084000 200.940000 1372.240000 -13 1679 1 0 1.000000
2.035380 -4.062830 0 -2.484420 10.572900 219.246000 1372.250000 -13 1680 1 0 1.000000
-6.535660 -0.155762 0 -11.929700 -3.240360 202.621000 1372.470000 -13 1681 1 0 1.000000
-7.433400 -2.615820 0 13.503200 5.920150 228.716000 1372.200000 -13 1682 1 0 1.000000
-7.746770 -5.621140 0 -7.163660 -15.835200 236.237000 1372.250000 -13 1683 1 0 1.000000
0.516975 0.451189 0 7.948740 -20.559200 190.718000 1372.300000 -13 1684 1 0 1.000000
-0.127911 -3.522980 0 -5.418120 -1.002480 207.838000 1372.220000 -13 1685 1 0 1.000000
-1.505750 -1.748890 0 2.803650 -15.120100 211.996000 1372.300000 -13 1686 1 0 1.000000
1.835620 -4.624180 0 36.241600 -1.998940 197.491000 1372.180000 -13 1687 1 0 1.000000
0.763300 -1.973590 0 -28.782000 0.915654 209.016000 1372.130000 -13 1688 1 0 1.000000
-4.503800 -4.106560 0 -7.301570 3.910160 219.864000 1372.230000 -13 1689 1 0 1.000000
0.881077 1.397050 0 -11.420000 28.305200 197.929000 1372.270000 -13 1690 1 0 1.000000
-1.614560 -3.385550 0 28.134100 15.848100 214.806000 1372.180000 -13 1691 1 0 1.000000
-11.705500 -2.348030 0 31.190800 -23.154900 218.400000 1372.390000 -13 1692 1 0 1.000000
3.115870 -10.436800 0 -21.033800 -9.416750 208.541000 1372.080000 -13 1693 1 0 1.000000
-5.752810 -5.470960 0 3.461950 4.833050 199.091000 1372.320000 -13 1694 1 0 1.000000
-4.787840 -7.854800 0 5.179460 -26.968600 195.435000 1372.280000 -13 1695 1 0 1.000000
-1.404720 0.163302 0 -0.904486 12.210500 190.910000 1372.390000 -13 1696 1 0 1.000000
0.841845 -4.897580 0 1.140810 2.044460 187.709000 1372.200000 -13 1697 1 0 1.000000
-1.261480 -6.964850 0 12.494800 -3.088720 221.763000 1372.240000 -13 1698 1 0 1.000000
2.695830 -0.019854 0 8.877390 12.369900 192.187000 1372.270000 -13 1699 1 0 1.000000
-1.637700 -9.200950 0 15.180100 20.729100 208.767000 1372.340000 -13 1700 1 0 1.000000
-1.568710 -0.700300 0 14.668900 10.165900 198.623000 1372.270000 -13 1701 1 0 1.000000
-1.374960 -1.181800 0 24.058900 6.217460 199.253000 1372.370000 -13 1702 1 0 1.000000
3.013360 -2.535940 0 6.008630 14.893000 197.572000 1372.310000 -13 1703 1 0 1.000000
3.037880 -4.489220 0 -1.307400 -6.736950 195.896000 1372.250000 -13 1704 1 0 1.000000
-4.638580 0.212450 0 -3.129730 0.275772 212.395000 1372.320000 -13 1705 1 0 1.000000
0.688728 -3.699320 0 -6.703980 -1.835890 197.721000 1372.410000 -13 1706 1 0 1.000000
-8.602520 -4.954520 0 -8.369930 4.136830 187.359000 1369.530000 -13 1707 1 0 1.000000
0.425019 -0.930502 0 12.024700 -7.380820 184.851000 1372.200000 -13 1708 1 0 1.000000
-1.723360 -10.154900 0 15.193400 4.422500 198.869000 1372.280000 -13 1709 1 0 1.000000
-1.560490 -0.615663 0 28.979600 12.263700 198.123000 1372.190000 -13 1710 1 0 1.000000
-5.206350 -0.160143 0 4.380840 -10.016600 211.956000 1372.130000 -13 1711 1 0 1.000000
-2.102360 -2.921160 0 -13.661700 9.430070 221.306000 1372.300000 -13 1712 1 0 1.000000
-6.794960 -5.462500 0 -0.748120 -0.134499 213.667000 1372.180000 -13 1713 1 0 1.000000
-1.422960 2.714890 0 -4.201800 -1.059240 192.422000 1372.420000 -13 1714 1 0 1.000000
-5.898800 1.041680 0 10.453800 -11.680000 203.615000 1372.280000 -13 1715 1 0 1.000000
-2.200120 -4.451200 0 2.625840 8.558200 190.233000 1372.140000 -13 1716 1 0 1.000000
-4.204450 -4.957010 0 16.000200 -23.015400 218.793000 1372.420000 -13 1717 1 0 1.000000
-5.397550 2.480400 0 -1.715100 -2.379030 196.650000 1372.290000 -13 1718 1 0 1.000000
4.372780 -0.027084 0 13.827500 -1.377180 224.094000 1372.240000 -13 1719 1 0 1.000000
-0.791152 -6.274610 0 -14.441100 -14.274300 220.726000 1372.180000 -13 1720 1 0 1.000000
-8.338870 -3.204330 0 0.425881 -18.969100 202.734000 1372.270000 -13 1721 1 0 1.000000
-6.180150 -5.145090 0 -12.611300 1.690690 203.109000 1372.310000 -13 1722 1 0 1.000000
3.356620 -8.772380 0 -22.361800 -29.999200 225.444000 1372.250000 -13 1723 1 0 1.000000
-5.586910 -1.097800 0 -0.417837 -19.325400 207.390000 1372.370000 -13 1724 1 0 1.000000
-4.485740 -7.288800 0 9.731750 10.899000 202.811000 1372.150000 -13 1725 1 0 1.000000
-5.262860 8.815530 0 -2.739480 -3.160410 218.825000 1372.290000 -13 1726 1 0 1.000000
-3.543780 0.012123 0 -8.400040 1.006920 217.602000 1372.260000 -13 1727 1 0 1.000000
-5.956660 4.941370 0 -5.057020 17.872100 200.476000 1372.270000 -13 1728 1 0 1.000000
2.024710 -5.762000 0 -4.997900 -3.494200 215.496000 1372.230000 -13 1729 1 0 1.000000
0.553123 4.061310 0 -16.259400 36.700600 206.984000 1372.240000 -13 1730 1 0 1.000000
-1.669110 -5.186930 0 -4.590730 2.399740 211.482000 1372.260000 -13 1731 1 0 1.000000
-2.988760 -0.322559 0 4.987580 -12.551100 216.042000 1372.210000 -13 1732 1 0 1.000000
1.195290 -3.254210 0 -10.142300 -1.323090 195.926000 1372.150000 -13 1733 1 0 1.000000
-5.829340 -1.100690 0 3.297680 3.346340 200.750000 1372.270000 -13 1734 1 0 1.000000
4.216980 3.802010 0 -41.150900 -16.010500 215.233000 1372.320000 -13 1735 1 0 1.000000
-4.507650 1.166520 0 -6.104800 -16.295900 195.473000 1372.350000 -13 1736 1 0 1.000000
-2.130330 2.085940 0 -4.506220 6.941870 217.111000 1372.230000 -13 1737 1 0 1.000000
-0.932344 -0.549844 0 -3.328880 -2.102130 199.380000 1372.240000 -13 1738 1 0 1.000000
-5.530940 -10.708600 0 -8.779790 -10.845200 188.805000 1372.140000 -13 1739 1 0 1.000000
-0.809383 -5.488170 0 17.865100 8.692500 197.934000 1372.320000 -13 1740 1 0 1.000000
2.302500 1.183980 0 -12.438700 -11.883000 188.446000 1372.360000 -13 1741 1 0 1.000000
-0.485810 -7.049850 0 5.800850 -3.845050 185.074000 1372.200000 -13 1742 1 0 1.000000
5.193140 0.112001 0 -26.756600 -19.733900 231.667000 1372.260000 -13 1743 1 0 1.000000
-2.579430 0.176175 0 -5.763240 33.875900 194.797000 1372.300000 -13 1744 1 0 1.000000
6.200030 -7.119060 0 -19.325500 9.720020 203.729000 1372.440000 -13 1745 1 0 1.000000
4.249180 -10.913000 0 8.217730 2.542210 229.077000 1372.240000 -13 1746 1 0 1.000000
0.621970 -2.134600 0 -0.543573 6.359350 212.080000 1372.270000 -13 1747 1 0 1.000000
-1.205330 -5.031650 0 -23.211000 4.904120 209.773000 1372.320000 -13 1748 1 0 1.000000
-0.844101 -2.077950 0 11.408500 -10.685100 202.879000 1372.130000 -13 1749 1 0 1.000000
-1.260790 -2.888240 0 3.438160 3.741230 197.842000 1372.410000 -13 1750 1 0 1.000000
-8.204130 -7.330400 0 -6.617580 -29.709800 198.637000 1372.280000 -13 1751 1 0 1.000000
1.385720 2.167500 0 -10.727900 -3.489900 205.214000 1372.410000 -13 1752 1 0 1.000000
0.201971 -6.493340 0 -1.001520 -4.332900 213.174000 1372.330000 -13 1753 1 0 1.000000
-7.392180 -4.228740 0 21.648700 -7.822820 201.336000 1372.370000 -13 1754 1 0 1.000000
-1.310690 -0.316329 0 -6.203330 16.880300 191.545000 1372.350000 -13 1755 1 0 1.000000
-3.978900 1.571230 0 -4.519040 -3.117320 215.319000 1372.260000 -13 1756 1 0 1.000000
-3.498840 -0.740165 0 12.300000 10.103300 198.117000 1372.190000 -13 1757 1 0 1.000000
-0.220172 -6.389310 0 10.323200 -0.549367 211.849000 1372.230000 -13 1758 1 0 1.000000
3.302050 -1.804240 0 -10.936900 -2.820310 182.726000 1372.210000 -13 1759 1 0 1.000000
9.325970 -4.903520 0 11.321700 9.886600 195.045000 1372.380000 -13 1760 1 0 1.000000
-0.408338 -2.076540 0 7.170290 7.556650 196.129000 1372.310000 -13 1761 1 0 1.000000
-0.714143 -8.434260 0 22.598000 3.721610 211.770000 1372.410000 -13 1762 1 0 1.000000
-8.632440 -6.795710 0 10.570500 -20.884300 201.706000 1372.300000 -13 1763 1 0 1.000000
1.678560 -8.872090 0 1.446720 -13.358200 200.412000 1372.300000 -13 1764 1 0 1.000000
-1.133330 -2.894100 0 -17.006600 8.159900 213.136000 1372.400000 -13 1765 1 0 1.000000
-5.316510 4.997620 0 -8.567490 -19.721900 204.388000 1372.380000 -13 1766 1 0 1.000000
-4.312330 -1.261790 0 -9.278330 27.430000 191.773000 1372.310000 -13 1767 1 0 1.000000
-0.506519 -3.657330 0 -37.160500 36.458000 191.915000 1372.340000 -13 1768 1 0 1.000000
0.177816 2.387490 0 -0.403968 -2.123320 203.076000 1372.220000 -13 1769 1 0 1.000000
4.720160 -2.258540 0 -8.802630 36.498300 193.721000 1372.350000 -13 1770 1 0 1.000000
-2.105000 -6.876100 0 16.235500 -8.120360 215.890000 1372.290000 -13 1771 1 0 1.000000
-1.251890 -6.271540 0 -4.916210 27.439000 202.696000 1372.220000 -13 1772 1 0 1.000000
3.779990 -5.224050 0 -1.316620 5.653230 205.039000 1372.300000 -13 1773 1 0 1.000000
-3.893470 -2.462860 0 0.199160 -3.117070 201.252000 1372.200000 -13 1774 1 0 1.000000
-0.578237 0.677009 0 -5.713130 -6.946280 201.738000 1372.210000 -13 1775 1 0 1.000000
-5.301080 -3.644660 0 6.896080 43.666100 200.404000 1372.170000 -13 1776 1 0 1.000000
-0.490674 -2.854260 0 4.500510 -2.029450 212.158000 1372.320000 -13 1777 1 0 1.000000
-9.003970 -3.570140 0 15.344100 10.575400 200.897000 1372.300000 -13 1778 1 0 1.000000
0.812828 -0.216133 0 -16.551100 -5.967990 203.242000 1372.330000 -13 1779 1 0 1.000000
-3.464550 -1.266370 0 -0.004118 2.704680 204.106000 1372.060000 -13 1780 1 0 1.000000
0.725543 -11.157400 0 17.618100 -9.615360 201.800000 1372.370000 -13 1781 1 0 1.000000
0.610491 2.080930 0 4.056970 8.013500 202.637000 1372.190000 -13 1782 1 0 1.000000
-5.503830 2.799170 0 0.903467 -10.476500 204.394000 1372.400000 -13 1783 1 0 1.000000
-0.054695 -1.564700 0 18.141300 -3.667730 201.761000 1372.320000 -13 1784 1 0 1.000000
1.927860 -2.408290 0 -31.697600 1.221010 190.313000 1372.310000 -13 1785 1 0 1.000000
-10.336000 -1.770080 0 25.098400 23.110000 237.524000 1372.360000 -13 1786 1 0 1.000000
-6.789220 -2.819320 0 -15.676000 -8.132090 206.133000 1372.270000 -13 1787 1 0 1.000000
2.467570 2.871210 0 11.545300 21.307000 192.158000 1372.360000 -13 1788 1 0 1.000000
0.564868 -6.108310 0 -16.833000 -10.617700 212.186000 1372.410000 -13 1789 1 0 1.000000
0.532098 3.020370 0 6.917850 -15.732400 203.374000 1372.260000 -13 1790 1 0 1.000000
-6.999720 -4.602260 0 -3.177360 -10.875100 208.801000 1372.290000 -13 1791 1 0 1.000000
0.018782 1.650250 0 5.730270 6.675200 194.985000 1372.110000 -13 1792 1 0 1.000000
-11.031000 8.885150 0 -1.933440 -16.700900 222.790000 1372.220000 -13 1793 1 0 1.000000
1.176570 -4.168160 0 26.665500 -16.341800 195.242000 1372.360000 -13 1794 1 0 1.000000
-4.581890 -5.972780 0 6.088970 -9.844460 204.519000 1372.450000 -13 1795 1 0 1.000000
-1.424340 -1.728500 0 0.260788 -7.044290 199.317000 1372.290000 -13 1796 1 0 1.000000
0.309566 -0.058032 0 -4.983770 4.194500 194.920000 1372.210000 -13 1797 1 0 1.000000
-6.943630 4.708150 0 -5.453990 -9.670780 217.683000 1372.350000 -13 1798 1 0 1.000000
-8.429270 -7.766700 0 1.362070 10.669000 195.516000 1372.400000 -13 1799 1 0 1.000000
5.399630 -11.500000 0 30.564100 5.499810 224.077000 1372.210000 -13 1800 1 0 1.000000
-2.539260 -0.892641 0 -7.735210 5.226940 211.101000 1372.420000 -13 1801 1 0 1.000000
-1.978070 -8.729360 0 38.119700 -23.006600 209.603000 1372.490000 -13 1802 1 0 1.000000
-4.035170 -5.643070 0 -20.468400 3.814210 205.639000 1372.300000 -13 1803 1 0 1.000000
-1.078550 -4.212980 0 -11.717800 16.108300 215.326000 1372.150000 -13 1804 1 0 1.000000
-4.346420 -0.148725 0 -0.718467 1.083800 210.338000 1372.380000 -13 1805 1 0 1.000000
1.937770 -11.488800 0 -17.278900 15.610200 207.156000 1372.280000 -13 1806 1 0 1.000000
2.414620 8.770950 0 -4.749950 2.845390 209.907000 1372.250000 -13 1807 1 0 1.000000
0.308531 -3.870550 0 14.806900 -3.536780 195.581000 1372.250000 -13 1808 1 0 1.000000
0.229191 -5.919750 0 17.166700 31.286400 194.849000 1372.210000 -13 1809 1 0 1.000000
-2.089480 -1.259200 0 5.759640 2.468960 207.617000 1372.210000 -13 1810 1 0 1.000000
-4.425470 -5.897460 0 -14.201900 13.994200 192.093000 1372.160000 -13 1811 1 0 1.000000
2.666430 2.833690 0 13.556200 7.540490 204.966000 1372.250000 -13 1812 1 0 1.000000
3.135090 3.661130 0 -2.931770 4.058960 204.157000 1372.230000 -13 1813 1 0 1.000000
-1.383420 -6.712910 0 10.378500 7.930320 201.697000 1372.220000 -13 1814 1 0 1.000000
-0.913739 0.860357 0 23.309600 19.900700 214.314000 1372.250000 -13 1815 1 0 1.000000
-4.940100 -3.228440 0 5.592380 -1.517620 206.207000 1372.230000 -13 1816 1 0 1.000000
1.659320 -1.302620 0 -13.342900 36.706800 224.438000 1372.280000 -13 1817 1 0 1.000000
0.594264 -3.630370 0 7.459970 19.990100 199.551000 1372.240000 -13 1818 1 0 1.000000
-2.906940 -5.218440 0 12.412600 -12.005000 201.687000 1372.290000 -13 1819 1 0 1.000000
4.378630 -0.252584 0 1.524400 -5.242410 199.635000 1372.330000 -13 1820 1 0 1.000000
-3.680320 -0.492740 0 -6.020500 -13.030000 205.999000 1372.430000 -13 1821 1 0 1.000000
-0.050600 -0.742681 0 15.828400 -3.104060 217.278000 1372.330000 -13 1822 1 0 1.000000
1.481000 -9.885320 0 10.689400 0.510875 200.384000 1372.330000 -13 1823 1 0 1.000000
-11.215400 -4.489360 0 -3.185520 -13.482800 189.889000 1372.290000 -13 1824 1 0 1.000000
-7.899560 -2.754160 0 12.323900 -3.038040 207.463000 1372.210000 -13 1825 1 0 1.000000
-7.229740 -1.045980 0 8.043160 -15.534000 214.701000 1372.390000 -13 1826 1 0 1.000000
-2.069510 -3.966700 0 7.580600 9.341730 208.095000 1372.350000 -13 1827 1 0 1.000000
9.072400 -4.021630 0 -13.035300 -5.003030 192.591000 1372.420000 -13 1828 1 0 1.000000
0.138475 2.343850 0 0.030209 12.011300 207.504000 1372.360000 -13 1829 1 0 1.000000
-9.945020 -2.222560 0 -16.354700 0.096505 217.196000 1372.220000 -13 1830 1 0 1.000000
-2.473330 -5.857120 0 3.200910 1.192190 196.201000 1372.290000 -13 1831 1 0 1.000000
-5.595830 -1.941560 0 0.835090 10.209500 195.254000 1372.080000 -13 1832 1 0 1.000000
0.957762 -6.076370 0 -3.035380 0.748307 203.662000 1372.340000 -13 1833 1 0 1.000000
0.694646 -4.675710 0 -10.706400 -34.127700 215.347000 1372.060000 -13 1834 1 0 1.000000
3.705670 -8.759950 0 12.850600 5.495670 219.046000 1372.180000 -13 1835 1 0 1.000000
-4.601850 1.397570 0 -1.413020 -12.473100 215.143000 1372.160000 -13 1836 1 0 1.000000
0.095661 0.406386 0 -5.692660 -9.752750 211.095000 1372.350000 -13 1837 1 0 1.000000
-2.614900 -1.072480 0 1.005520 8.818340 209.852000 1372.230000 -13 1838 1 0 1.000000
-3.408270 3.062180 0 -5.236800 -11.511400 196.568000 1372.490000 -13 1839 1 0 1.000000
6.695900 -7.091350 0 -8.140000 -11.672500 200.232000 1372.400000 -13 1840 1 0 1.000000
-0.597949 -1.917510 0 19.303800 8.868340 194.734000 1372.340000 -13 1841 1 0 1.000000
0.337008 -3.371200 0 -7.264840 12.674000 204.998000 1372.350000 -13 1842 1 0 1.000000
-2.545010 0.598913 0 7.367480 18.622500 201.439000 1372.040000 -13 1843 1 0 1.000000
-1.976790 0.399986 0 4.656180 3.853500 195.464000 1372.210000 -13 1844 1 0 1.000000
-9.150420 -8.626030 0 1.235950 -10.133500 215.881000 1372.190000 -13 1845 1 0 1.000000
7.434300 -7.681360 0 14.769600 13.609900 207.619000 1372.240000 -13 1846 1 0 1.000000
-7.395930 3.793670 0 16.223400 24.936000 228.084000 1372.230000 -13 1847 1 0 1.000000
1.806910 -1.206210 0 25.297100 -8.838970 200.414000 1372.160000 -13 1848 1 0 1.000000
2.324900 -3.217310 0 -0.470459 -15.022300 206.109000 1372.260000 -13 1849 1 0 1.000000
-4.008670 -3.210070 0 -0.444729 -7.643650 211.262000 1372.340000 -13 1850 1 0 1.000000
-1.690680 -2.872680 0 -3.148660 13.828800 204.007000 1372.280000 -13 1851 1 0 1.000000
-5.838420 -5.872330 0 -25.514100 4.086140 212.281000 1372.260000 -13 1852 1 0 1.000000
-3.188760 -0.432288 0 -10.746000 -14.286000 195.315000 1372.110000 -13 1853 1 0 1.000000
-3.169320 -4.275140 0 -5.284190 12.291400 193.630000 1372.450000 -13 1854 1 0 1.000000
-3.043060 7.016370 0 23.219200 -7.858950 211.350000 1372.290000 -13 1855 1 0 1.000000
-7.529850 1.161360 0 -8.309670 3.968370 198.229000 1372.220000 -13 1856 1 0 1.000000
-5.701960 -4.050260 0 22.826400 10.796800 203.977000 1372.150000 -13 1857 1 0 1.000000
-4.415130 -3.499560 0 2.101260 2.612710 215.077000 1372.350000 -13 1858 1 0 1.000000
-4.279450 2.392180 0 17.494400 -22.793200 188.441000 1372.220000 -13 1859 1 0 1.000000
2.343590 -1.801600 0 4.323800 -0.830107 189.669000 1372.170000 -13 1860 1 0 1.000000
-6.700830 1.541790 0 -8.238850 7.127600 199.470000 1372.330000 -13 1861 1 0 1.000000
-5.053980 -4.993770 0 3.881670 6.776600 206.920000 1372.520000 -13 1862 1 0 1.000000
-1.887340 -4.340840 0 -11.272700 1.286440 218.213000 1372.400000 -13 1863 1 0 1.000000
5.300440 -4.640480 0 4.638650 12.263700 219.685000 1372.270000 -13 1864 1 0 1.000000
-7.506090 -5.694710 0 10.253800 -0.865442 197.308000 1372.210000 -13 1865 1 0 1.000000
6.113230 -9.508880 0 -14.126300 0.922105 217.061000 1372.360000 -13 1866 1 0 1.000000
1.042670 -10.146600 0 9.733540 11.191500 215.104000 1372.330000 -13 1867 1 0 1.000000
-2.183420 -1.360120 0 8.951540 6.824480 191.048000 1372.210000 -13 1868 1 0 1.000000
-0.790191 -3.387340 0 0.946378 -11.692000 204.531000 1372.210000 -13 1869 1 0 1.000000
-11.265300 -3.167480 0 -29.208000 -7.024460 207.047000 1372.200000 -13 1870 1 0 1.000000
-4.327540 -3.150090 0 -1.212910 -0.231688 217.658000 1372.240000 -13 1871 1 0 1.000000
1.766000 -8.822290 0 7.253500 12.534400 207.827000 1372.370000 -13 1872 1 0 1.000000
2.169890 -0.666357 0 39.443600 -11.042300 221.298000 1372.390000 -13 1873 1 0 1.000000
-3.974560 -3.566540 0 -0.847172 17.005800 215.409000 1372.240000 -13 1874 1 0 1.000000
10.018100 1.103670 0 -11.050800 -12.984200 210.603000 1372.290000 -13 1875 1 0 1.000000
-1.371410 0.152639 0 24.894100 21.829400 207.926000 1372.400000 -13 1876 1 0 1.000000
0.861575 -1.922000 0 -5.746770 -3.738170 221.668000 1372.150000 -13 1877 1 0 1.000000
-7.294740 3.572830 0 23.407000 -12.508500 193.658000 1372.170000 -13 1878 1 0 1.000000
-2.268620 0.458238 0 8.912880 6.602480 215.366000 1372.270000 -13 1879 1 0 1.000000
-5.027980 -0.407893 0 22.208400 2.614730 206.618000 1372.190000 -13 1880 1 0 1.000000
-0.880819 -4.695950 0 21.281300 0.144383 196.677000 1372.430000 -13 1881 1 0 1.000000
5.989850 -0.514592 0 -6.421040 6.653570 202.183000 1372.280000 -13 1882 1 0 1.000000
-5.459960 -5.169360 0 12.427500 16.557100 192.710000 1372.270000 -13 1883 1 0 1.000000
1.571550 0.305893 0 -3.718900 -0.983306 195.681000 1372.120000 -13 1884 1 0 1.000000
-0.106549 -7.087040 0 20.907100 -2.898500 199.576000 1372.310000 -13 1885 1 0 1.000000
-3.527220 -5.095530 0 -13.290800 -3.491550 199.441000 1372.220000 -13 1886 1 0 1.000000
3.653710 -5.273370 0 -12.537200 11.242100 203.460000 1372.330000 -13 1887 1 0 1.000000
-5.528820 -5.725940 0 3.649450 -20.864200 222.733000 1372.270000 -13 1888 1 0 1.000000
-0.470567 -0.728611 0 -46.990700 -10.751000 224.479000 1372.380000 -13 1889 1 0 1.000000
-3.149640 -3.424860 0 4.343340 -7.382590 196.597000 1372.350000 -13 1890 1 0 1.000000
5.059110 -5.912230 0 -10.185000 -1.386610 205.093000 1372.120000 -13 1891 1 0 1.000000
-5.191870 -5.267840 0 -0.318609 -8.531840 188.617000 1372.150000 -13 1892 1 0 1.000000
3.700850 -0.816258 0 5.642980 4.318970 206.973000 1372.420000 -13 1893 1 0 1.000000
8.120790 -1.582160 0 0.031433 -13.162300 200.618000 1372.160000 -13 1894 1 0 1.000000
3.266940 -5.169070 0 10.850000 10.759900 188.924000 1372.290000 -13 1895 1 0 1.000000
-1.627850 -5.232640 0 -13.303300 1.690710 208.658000 1372.330000 -13 1896 1 0 1.000000
3.546110 -4.848940 0 -12.959700 -10.828000 198.001000 1372.320000 -13 1897 1 0 1.000000
4.079260 -2.474310 0 4.772690 8.619140 203.428000 1372.360000 -13 1898 1 0 1.000000
-1.792800 -6.658570 0 21.094700 -15.032300 210.152000 1372.510000 -13 1899 1 0 1.000000
-3.402130 1.257630 0 0.281350 5.401810 201.606000 1372.500000 -13 1900 1 0 1.000000
-1.736070 4.125020 0 1.802860 1.412220 199.883000 1372.360000 -13 1901 1 0 1.000000
-1.719570 -0.560881 0 -1.359760 -3.736220 209.944000 1372.270000 -13 1902 1 0 1.000000
-2.370630 11.014200 0 -3.017740 -1.404650 202.353000 1372.220000 -13 1903 1 0 1.000000
0.258221 -0.271384 0 -7.672720 -5.902300 198.358000 1372.230000 -13 1904 1 0 1.000000
1.491820 -3.361880 0 -3.364020 -11.434000 194.609000 1372.250000 -13 1905 1 0 1.000000
-2.095950 -2.750690 0 -48.420800 -3.910710 222.106000 1372.430000 -13 1906 1 0 1.000000
-5.344820 -5.711080 0 -20.070700 16.173200 195.227000 1372.400000 -13 1907 1 0 1.000000
-3.412790 -1.975810 0 -15.476500 -6.970090 212.949000 1372.280000 -13 1908 1 0 1.000000
0.543021 -1.810340 0 -2.007330 -1.811450 189.579000 1372.330000 -13 1909 1 0 1.000000
-4.392290 -4.684220 0 -0.652268 -1.321450 205.925000 1372.340000 -13 1910 1 0 1.000000
3.922220 -3.425320 0 -5.502480 4.245060 196.288000 1372.390000 -13 1911 1 0 1.000000
-1.180010 -11.674000 0 -13.693100 -7.114440 210.120000 1372.100000 -13 1912 1 0 1.000000
2.585960 -4.228910 0 29.258400 5.857380 210.948000 1372.160000 -13 1913 1 0 1.000000
3.370270 -3.301940 0 -0.499503 -23.980500 193.798000 1372.360000 -13 1914 1 0 1.000000
-1.421060 -0.632235 0 -9.119850 -5.371100 209.343000 1372.300000 -13 1915 1 0 1.000000
-2.178660 -5.146850 0 3.858400 -3.168250 215.188000 1372.400000 -13 1916 1 0 1.000000
-1.983530 -2.460060 0 3.375550 -0.676003 207.111000 1372.430000 -13 1917 1 0 1.000000
-2.041110 -3.926170 0 -3.407610 -9.910070 205.468000 1372.310000 -13 1918 1 0 1.000000
7.509690 -0.246035 0 -20.522800 -9.500020 211.898000 1372.360000 -13 1919 1 0 1.000000
-2.565610 -3.514890 0 -7.506430 2.057480 204.413000 1372.360000 -13 1920 1 0 1.000000
-4.994350 -10.507700 0 -12.300900 -8.612540 201.821000 1372.260000 -13 1921 1 0 1.000000
-7.436590 -2.291910 0 -10.317100 8.431950 209.858000 1372.190000 -13 1922 1 0 1.000000
-7.733670 4.176250 0 -9.401890 -32.343400 216.455000 1372.200000 -13 1923 1 0 1.000000
-4.216480 -2.425390 0 -12.804100 -13.752500 216.405000 1372.030000 -13 1924 1 0 1.000000
2.382170 3.370150 0 -12.649700 -1.856810 197.505000 1372.240000 -13 1925 1 0 1.000000
-1.026330 2.562670 0 3.002070 -24.358300 217.204000 1372.160000 -13 1926 1 0 1.000000
0.660794 -6.845910 0 -5.326270 27.297900 212.209000 1372.490000 -13 1927 1 0 1.000000
-3.527330 -9.249740 0 3.588540 29.898900 207.163000 1372.320000 -13 1928 1 0 1.000000
-2.267330 -2.128800 0 45.078800 -12.392900 208.653000 1372.450000 -13 1929 1 0 1.000000
-4.522750 2.421320 0 -6.135290 11.576500 210.293000 1372.080000 -13 1930 1 0 1.000000
-1.768790 -1.154490 0 -8.736430 -5.157060 207.145000 1372.510000 -13 1931 1 0 1.000000
-3.776390 0.168315 0 -6.206690 -3.807510 213.390000 1372.450000 -13 1932 1 0 1.000000
-10.243500 -4.711710 0 10.115200 -17.630600 204.325000 1372.450000 -13 1933 1 0 1.000000
1.272610 -0.844142 0 -6.456820 10.203900 199.351000 1372.180000 -13 1934 1 0 1.000000
0.109889 -9.223660 0 10.645000 0.382440 195.509000 1372.350000 -13 1935 1 0 1.000000
-3.198950 2.642160 0 29.729800 -2.851980 223.515000 1372.370000 -13 1936 1 0 1.000000
3.733930 -2.435950 0 -11.601300 3.165690 200.197000 1372.360000 -13 1937 1 0 1.000000
-4.809430 -3.915500 0 2.010810 -27.423200 213.055000 1372.330000 -13 1938 1 0 1.000000
-7.123130 2.349970 0 -0.806558 12.748900 222.892000 1372.210000 -13 1939 1 0 1.000000
-5.033880 -7.572440 0 -7.832090 -7.229660 192.364000 1372.270000 -13 1940 1 0 1.000000
-6.102620 -1.375140 0 8.452160 -12.378800 195.655000 1372.310000 -13 1941 1 0 1.000000
-3.548450 -2.848780 0 14.546500 -6.315660 222.091000 1372.380000 -13 1942 1 0 1.000000
-4.317820 -1.680240 0 13.345300 -2.920830 194.014000 1372.280000 -13 1943 1 0 1.000000
2.763670 -5.015680 0 0.463864 -6.704150 202.717000 1372.290000 -13 1944 1 0 1.000000
-4.809480 1.640800 0 -2.841660 23.445400 201.121000 1372.320000 -13 1945 1 0 1.000000
-4.830230 -3.453200 0 7.276120 8.247420 208.834000 1372.410000 -13 1946 1 0 1.000000
-3.153660 -2.225580 0 -3.125120 0.908047 208.935000 1372.280000 -13 1947 1 0 1.000000
0.179692 0.530410 0 22.299100 2.257580 201.561000 1372.270000 -13 1948 1 0 1.000000
-2.048270 -6.207200 0 48.373800 -24.883700 217.804000 1372.200000 -13 1949 1 0 1.000000
-11.136800 -0.259460 0 -3.296050 -3.660580 214.223000 1372.180000 -13 1950 1 0 1.000000
-2.681330 -2.459930 0 -7.907340 -23.313500 222.556000 1372.410000 -13 1951 1 0 1.000000
5.903980 -13.157100 0 8.537660 -7.678990 223.351000 1372.640000 -13 1952 1 0 1.000000
7.253080 -3.564090 0 -19.956300 -4.047880 214.264000 1372.310000 -13 1953 1 0 1.000000
-3.907250 -4.195620 0 2.477030 -26.771600 191.722000 1372.120000 -13 1954 1 0 1.000000
-1.683120 -4.352120 0 1.829710 -21.377600 209.873000 1372.060000 -13 1955 1 0 1.000000
-1.876400 -6.061360 0 8.597460 -30.619600 213.682000 1372.060000 -13 1956 1 0 1.000000
0.416083 -1.449470 0 3.771200 8.991810 205.543000 1372.250000 -13 1957 1 0 1.000000
-2.311610 -0.592169 0 3.248120 0.618866 220.787000 1372.340000 -13 1958 1 0 1.000000
-3.179920 -6.578930 0 22.630000 2.277060 196.651000 1372.400000 -13 1959 1 0 1.000000
-2.527900 -8.020610 0 5.860230 -1.489780 203.506000 1372.290000 -13 1960 1 0 1.000000
-0.414911 -0.560400 0 -5.274910 -4.189440 208.861000 1372.390000 -13 1961 1 0 1.000000
-7.735800 -6.475130 0 3.556790 13.007500 192.563000 1372.380000 -13 1962 1 0 1.000000
-4.225840 -2.576880 0 -0.553393 16.936600 188.594000 1372.280000 -13 1963 1 0 1.000000
-3.245730 -6.277920 0 7.188640 1.999800 211.550000 1372.300000 -13 1964 1 0 1.000000
3.736220 -1.329760 0 -22.654900 -1.156880 231.394000 1372.160000 -13 1965 1 0 1.000000
-4.764880 -2.324130 0 -15.633300 23.016500 214.203000 1372.500000 -13 1966 1 0 1.000000
-6.246530 0.645647 0 -2.267980 -2.355940 204.808000 1372.240000 -13 1967 1 0 1.000000
0.044473 -8.929450 0 4.513560 -1.472620 201.158000 1372.280000 -13 1968 1 0 1.000000
-3.055290 -1.563870 0 8.543540 17.026900 199.601000 1372.310000 -13 1969 1 0 1.000000
-4.531100 -7.395260 0 -19.837900 23.615700 201.416000 1372.230000 -13 1970 1 0 1.000000
0.504235 -1.920330 0 4.696850 0.810938 185.511000 1372.320000 -13 1971 1 0 1.000000
-1.779620 -8.344800 0 -16.192600 1.761620 209.113000 1372.370000 -13 1972 1 0 1.000000
-6.377850 -4.262340 0 6.029450 2.197690 213.123000 1372.270000 -13 1973 1 0 1.000000
-1.913130 -2.427990 0 -7.729920 -3.469550 192.528000 1372.400000 -13 1974 1 0 1.000000
-3.111830 -2.783220 0 -1.889240 -3.946600 186.199000 1372.360000 -13 1975 1 0 1.000000
0.110959 -7.270300 0 1.930370 6.278510 196.413000 1372.310000 -13 1976 1 0 1.000000
-2.989950 0.678926 0 -8.893370 14.197800 205.395000 1372.310000 -13 1977 1 0 1.000000
-3.549920 -1.053060 0 0.752412 8.438570 198.304000 1372.250000 -13 1978 1 0 1.000000
-4.964530 0.125229 0 -3.344500 -4.159750 208.167000 1372.300000 -13 1979 1 0 1.000000
0.490005 2.760050 0 7.899980 -13.054700 194.552000 1372.250000 -13 1980 1 0 1.000000
0.706907 -1.630670 0 -28.846700 11.070700 187.041000 1372.330000 -13 1981 1 0 1.000000
-6.858670 -4.268840 0 -10.313500 -4.698530 222.225000 1372.230000 -13 1982 1 0 1.000000
-1.086030 -10.176300 0 -16.762000 -8.242640 204.239000 1372.190000 -13 1983 1 0 1.000000
-2.499860 -6.112010 0 -2.600220 -4.740230 210.413000 1372.390000 -13 1984 1 0 1.000000
-2.405320 2.900710 0 -19.166000 -2.866450 211.416000 1372.260000 -13 1985 1 0 1.000000
-2.847920 -3.329490 0 -7.796650 8.866040 222.824000 1372.160000 -13 1986 1 0 1.000000
1.505070 0.349845 0 16.933200 -3.695000 198.944000 1372.370000 -13 1987 1 0 1.000000
-5.959130 0.243582 0 16.631700 8.019170 209.779000 1372.210000 -13 1988 1 0 1.000000
-2.565330 -1.423150 0 8.426290 3.833020 203.786000 1372.200000 -13 1989 1 0 1.000000
-0.027384 -5.811820 0 1.727830 -7.617550 193.925000 1372.460000 -13 1990 1 0 1.000000
-4.799820 -0.307669 0 -13.458300 -6.654030 189.495000 1372.460000 -13 1991 1 0 1.000000
-5.069880 -0.854013 0 14.593400 -1.150730 204.905000 1372.360000 -13 1992 1 0 1.000000
-8.329580 -0.134828 0 6.223860 8.655410 190.684000 1372.370000 -13 1993 1 0 1.000000
-3.477900 -1.134030 0 12.152800 1.888920 213.023000 1372.390000 -13 1994 1 0 1.000000
-0.656092 0.593955 0 -2.120130 11.748200 207.551000 1372.200000 -13 1995 1 0 1.000000
-8.105580 -5.499430 0 6.843690 14.425600 226.862000 1372.310000 -13 1996 1 0 1.000000
3.716610 -4.800590 0 10.706600 2.903950 201.677000 1372.390000 -13 1997 1 0 1.000000
5.912540 0.623798 0 -21.446600 -15.748800 200.960000 1372.340000 -13 1998 1 0 1.000000
-2.172340 -2.688270 0 3.889790 11.603800 214.239000 1372.400000 -13 1999 1 0 1.000000
-7.063960 -0.178813 0 0.888671 1.797410 209.639000 1372.410000 -13 2000 1 0 1.000000
-5.270460 1.784170 0 -35.935500 14.797500 197.793000 1372.280000 -13 2001 1 0 1.000000
1.568670 -2.446130 0 10.623300 -8.624930 195.091000 1372.370000 -13 2002 1 0 1.000000
-6.923130 3.846260 0 19.530500 -8.975250 208.937000 1372.320000 -13 2003 1 0 1.000000
-3.767960 0.412087 0 10.889900 -16.344400 209.623000 1372.440000 -13 2004 1 0 1.000000
-0.713111 0.967287 0 -1.773820 5.052510 212.020000 1372.390000 -13 2005 1 0 1.000000
-5.237160 -2.282670 0 -3.984630 12.324800 211.470000 1372.330000 -13 2006 1 0 1.000000
-6.077170 -3.292520 0 -7.783350 18.794400 201.748000 1372.180000 -13 2007 1 0 1.000000
0.146761 1.922300 0 8.597720 11.174000 213.790000 1372.360000 -13 2008 1 0 1.000000
-2.429290 1.085250 0 10.844800 -8.258580 212.484000 1372.310000 -13 2009 1 0 1.000000
-0.700225 -0.781866 0 -7.678370 11.847900 214.335000 1372.310000 -13 2010 1 0 1.000000
2.501170 -5.764620 0 5.582660 1.432030 191.517000 1372.320000 -13 2011 1 0 1.000000
-11.511100 3.657890 0 -12.796700 -9.614780 194.149000 1372.240000 -13 2012 1 0 1.000000
1.215280 -4.181390 0 -9.950900 -4.884230 207.577000 1372.120000 -13 2013 1 0 1.000000
3.170670 -0.148464 0 -6.423570 -1.822990 193.395000 1372.340000 -13 2014 1 0 1.000000
1.623250 2.105750 0 -3.416950 1.789010 190.046000 1372.230000 -13 2015 1 0 1.000000
-1.406510 -2.665610 0 -17.430200 -5.437110 215.589000 1372.330000 -13 2016 1 0 1.000000
-3.913820 0.900426 0 -38.297800 -9.866000 233.426000 1372.220000 -13 2017 1 0 1.000000
-3.342610 1.206360 0 1.686760 -8.061340 211.936000 1372.310000 -13 2018 1 0 1.000000
2.448600 5.609970 0 -11.179500 9.717520 207.475000 1372.420000 -13 2019 1 0 1.000000
-0.900471 -1.120220 0 6.994400 10.888600 192.096000 1372.450000 -13 2020 1 0 1.000000
-5.493900 -1.548590 0 -16.204600 -1.248690 190.993000 1372.130000 -13 2021 1 0 1.000000
1.174820 -8.856500 0 17.509900 13.671700 210.873000 1372.270000 -13 2022 1 0 1.000000
-4.845910 6.969220 0 4.818200 8.653170 211.369000 1372.190000 -13 2023 1 0 1.000000
3.581820 -6.370110 0 4.687750 -21.806700 209.045000 1372.310000 -13 2024 1 0 1.000000
-3.497550 -5.884010 0 5.717760 -22.952400 221.237000 1372.230000 -13 2025 1 0 1.000000
-6.589380 -5.068380 0 9.822430 -1.439610 198.440000 1372.270000 -13 2026 1 0 1.000000
-0.584044 0.200294 0 -12.701000 -7.653500 197.273000 1372.540000 -13 2027 1 0 1.000000
1.852960 -8.417910 0 2.544990 42.292700 208.629000 1372.370000 -13 2028 1 0 1.000000
-4.193560 -3.708310 0 9.998930 30.179500 209.060000 1372.390000 -13 2029 1 0 1.000000
1.386170 -0.455527 0 -11.422000 -7.840140 193.062000 1372.280000 -13 2030 1 0 1.000000
-3.048940 0.302890 0 -2.548220 1.162930 187.052000 1372.430000 -13 2031 1 0 1.000000
-4.364860 -5.821160 0 10.050300 27.270300 224.937000 1372.260000 -13 2032 1 0 1.000000
-9.394090 1.447390 0 0.371740 45.210100 224.910000 1372.190000 -13 2033 1 0 1.000000
3.995310 4.595790 0 -3.871770 8.032260 214.461000 1372.380000 -13 2034 1 0 1.000000
3.127750 3.747140 0 -0.605535 3.609380 206.887000 1372.210000 -13 2035 1 0 1.000000
-1.914800 3.374110 0 1.834870 5.156800 191.966000 1372.290000 -13 2036 1 0 1.000000
-9.863610 -6.209130 0 -4.310810 7.134750 204.630000 1372.260000 -13 2037 1 0 1.000000
-4.887780 -0.561609 0 -4.508150 -13.203300 207.756000 1372.400000 -13 2038 1 0 1.000000
-5.612590 -1.632500 0 -17.570900 14.289800 207.628000 1372.040000 -13 2039 1 0 1.000000
-3.287520 -1.823800 0 -1.346090 -7.759630 211.100000 1372.150000 -13 2040 1 0 1.000000
1.030730 -7.172440 0 7.915510 -7.197560 204.568000 1372.180000 -13 2041 1 0 1.000000
-9.642290 -3.266630 0 28.464900 -1.253470 221.692000 1372.210000 -13 2042 1 0 1.000000
-4.491460 1.000590 0 5.065190 -10.081700 212.729000 1372.320000 -13 2043 1 0 1.000000
-2.687770 -4.400320 0 20.225500 -18.478500 189.497000 1372.400000 -13 2044 1 0 1.000000
1.214420 1.121600 0 -13.611200 -3.012220 207.706000 1372.390000 -13 2045 1 0 1.000000
-2.382930 -1.865260 0 -14.397500 3.773790 191.262000 1372.270000 -13 2046 1 0 1.000000
-3.848880 -2.028820 0 3.677690 9.578930 195.839000 1372.300000 -13 2047 1 0 1.000000
-7.865010 -0.018839 0 14.880300 -8.593680 203.783000 1372.150000 -13 2048 1 0 1.000000
-4.240160 -6.243800 0 8.506690 -4.000380 192.845000 1372.280000 -13 2049 1 0 1.000000
0.735238 -0.946699 0 -14.368700 1.635420 220.158000 1372.220000 -13 2050 1 0 1.000000
-2.795900 3.606000 0 -22.630900 -4.841300 202.777000 1372.310000 -13 2051 1 0 1.000000
-5.839390 -4.078980 0 -8.016190 -10.839600 187.141000 1372.230000 -13 2052 1 0 1.000000
7.419470 -7.847190 0 -31.014900 16.399500 196.005000 1372.220000 -13 2053 1 0 1.000000
-2.087920 -4.785140 0 14.865700 0.295827 187.597000 1372.320000 -13 2054 1 0 1.000000
1.508740 -10.491500 0 -16.477300 5.623020 204.156000 1372.120000 -13 2055 1 0 1.000000
-7.063830 -3.678390 0 30.280400 18.781900 218.757000 1372.230000 -13 2056 1 0 1.000000
0.359907 -1.677730 0 -6.189610 -11.738900 207.613000 1372.220000 -13 2057 1 0 1.000000
-3.308700 1.199860 0 14.429900 16.432300 198.578000 1372.310000 -13 2058 1 0 1.000000
0.156437 -1.607190 0 -11.466900 14.767300 213.494000 1372.320000 -13 2059 1 0 1.000000
1.153320 -5.041780 0 12.220600 4.846870 212.180000 1372.320000 -13 2060 1 0 1.000000
-13.825400 -1.379100 0 23.969200 4.502870 204.929000 1372.140000 -13 2061 1 0 1.000000
-4.934180 -2.108760 0 10.044300 14.484700 217.417000 1372.300000 -13 2062 1 0 1.000000
-3.603000 -3.139210 0 25.647200 -2.362660 196.502000 1372.210000 -13 2063 1 0 1.000000
-3.783080 -3.558840 0 0.967040 20.331200 194.292000 1372.190000 -13 2064 1 0 1.000000
-2.281000 -9.444370 0 -6.530460 -4.469040 195.333000 1372.350000 -13 2065 1 0 1.000000
-0.524508 -6.951460 0 -5.857190 4.595670 209.826000 1372.140000 -13 2066 1 0 1.000000
-0.328335 -6.466060 0 -8.376810 4.826580 195.483000 1372.300000 -13 2067 1 0 1.000000
0.127016 -5.862610 0 19.527900 1.543310 180.335000 1372.250000 -13 2068 1 0 1.000000
3.628570 5.620430 0 -9.375190 -23.233100 211.811000 1372.420000 -13 2069 1 0 1.000000
-3.975850 0.616347 0 2.785040 6.706770 189.090000 1372.190000 -13 2070 1 0 1.000000
-5.389680 -3.157240 0 -4.598450 24.782500 211.156000 1372.320000 -13 2071 1 0 1.000000
-8.842950 4.782580 0 -11.679600 -18.143300 206.063000 1372.390000 -13 2072 1 0 1.000000
0.714905 -3.011040 0 -10.038100 -2.107890 216.966000 1372.220000 -13 2073 1 0 1.000000
-4.185150 -0.556364 0 15.113500 -1.289800 201.556000 1372.280000 -13 2074 1 0 1.000000
-5.045540 -0.521790 0 -7.432390 7.051100 218.657000 1372.310000 -13 2075 1 0 1.000000
-4.259040 -2.935640 0 -9.417200 -10.068800 212.245000 1372.200000 -13 2076 1 0 1.000000
-0.430571 2.332550 0 -12.114600 -10.124900 211.694000 1372.290000 -13 2077 1 0 1.000000
2.127270 -0.702062 0 8.528820 -6.972530 210.904000 1372.300000 -13 2078 1 0 1.000000
-10.818100 -1.610770 0 9.267650 17.501200 224.028000 1372.280000 -13 2079 1 0 1.000000
1.976730 -10.454300 0 -3.767860 -2.507830 188.194000 1372.330000 -13 2080 1 0 1.000000
-5.105850 -8.187780 0 6.941270 2.771100 206.795000 1372.250000 -13 2081 1 0 1.000000
-0.993398 -3.473270 0 -2.685170 3.912080 223.890000 1372.170000 -13 2082 1 0 1.000000
-2.829390 -5.877560 0 11.625400 8.576040 218.490000 1372.380000 -13 2083 1 0 1.000000
-2.267810 -2.526330 0 -26.731700 9.825540 200.506000 1372.410000 -13 2084 1 0 1.000000
-10.122600 0.846034 0 -7.016900 -7.286480 207.494000 1372.370000 -13 2085 1 0 1.000000
-4.924630 -4.772700 0 1.813530 -8.045980 211.325000 1372.250000 -13 2086 1 0 1.000000
-2.922510 -6.023520 0 -21.245300 33.192300 202.474000 1372.130000 -13 2087 1 0 1.000000
2.450870 -3.166550 0 -11.883000 12.798100 212.758000 1372.370000 -13 2088 1 0 1.000000
-4.105480 -0.599010 0 27.045300 27.643600 199.109000 1372.320000 -13 2089 1 0 1.000000
0.471342 -2.965580 0 -8.032460 -4.790320 213.484000 1372.310000 -13 2090 1 0 1.000000
-0.198267 -6.124660 0 7.842340 -9.928510 208.610000 1372.430000 -13 2091 1 0 1.000000
-5.826820 -10.059400 0 6.030120 24.150600 193.095000 1372.410000 -13 2092 1 0 1.000000
3.253490 -1.068680 0 -15.408900 9.155990 218.223000 1372.340000 -13 2093 1 0 1.000000
0.129992 0.947783 0 -18.325200 19.120900 211.839000 1372.290000 -13 2094 1 0 1.000000
3.199160 -4.933410 0 -1.269380 -4.978110 209.183000 1372.320000 -13 2095 1 0 1.000000
-3.287320 -0.466936 0 1.880020 -1.591720 193.078000 1372.250000 -13 2096 1 0 1.000000
-2.368960 -0.400961 0 3.045280 6.623180 195.488000 1372.220000 -13 2097 1 0 1.000000
-3.707200 -1.475050 0 0.436323 15.178300 205.256000 1372.360000 -13 2098 1 0 1.000000
-3.212330 7.106860 0 -11.410200 -2.447760 191.550000 1372.160000 -13 2099 1 0 1.000000
-7.574690 -6.634620 0 36.700400 6.357100 208.145000 1372.350000 -13 2100 1 0 1.000000
-3.942190 -2.362010 0 -9.117200 28.332800 218.366000 1372.400000 -13 2101 1 0 1.000000
-2.193380 -4.949110 0 5.374370 0.914876 227.169000 1372.240000 -13 2102 1 0 1.000000
-9.338050 0.475557 0 -2.622820 -15.380300 205.649000 1372.360000 -13 2103 1 0 1.000000
-11.463100 -7.034430 0 1.826060 2.209030 203.618000 1372.320000 -13 2104 1 0 1.000000
1.962580 -6.621840 0 -11.222800 -5.619070 211.536000 1372.300000 -13 2105 1 0 1.000000
-8.519980 -2.596000 0 -3.814420 2.847410 194.096000 1372.330000 -13 2106 1 0 1.000000
-2.100760 2.492810 0 -3.297820 -9.335590 195.294000 1372.370000 -13 2107 1 0 1.000000
6.756220 -8.219390 0 11.844000 5.563650 209.809000 1372.220000 -13 2108 1 0 1.000000
-7.216280 -2.502280 0 -4.789790 -13.493200 198.714000 1372.380000 -13 2109 1 0 1.000000
-2.528230 0.405487 0 -16.086800 1.300260 200.147000 1372.150000 -13 2110 1 0 1.000000
1.191480 -2.411260 0 -12.967600 0.445183 179.281000 1372.090000 -13 2111 1 0 1.000000
0.434312 -5.987410 0 0.699632 -15.104300 202.213000 1372.440000 -13 2112 1 0 1.000000
-4.293730 -0.644740 0 -12.661400 -9.175720 200.127000 1372.350000 -13 2113 1 0 1.000000
7.398690 -6.864070 0 29.205200 -16.294400 196.005000 1372.400000 -13 2114 1 0 1.000000
-8.215100 -4.831070 0 6.529390 -1.135650 214.744000 1372.250000 -13 2115 1 0 1.000000
-3.395260 -0.310334 0 -11.753400 9.654580 205.837000 1372.340000 -13 2116 1 0 1.000000
9.239540 -6.229090 0 -4.019030 -11.531200 195.933000 1372.320000 -13 2117 1 0 1.000000
6.130110 -2.690490 0 10.318700 1.826360 185.724000 1372.330000 -13 2118 1 0 1.000000
-0.973072 2.036650 0 -2.235840 -0.669002 203.667000 1372.270000 -13 2119 1 0 1.000000
-0.248337 -3.882200 0 7.994710 6.458300 200.314000 1372.300000 -13 2120 1 0 1.000000
-0.554386 -3.591940 0 -3.710930 2.455670 211.758000 1372.190000 -13 2121 1 0 1.000000
-3.293400 -2.906610 0 15.178500 -14.179600 214.557000 1372.290000 -13 2122 1 0 1.000000
-0.847439 -6.047020 0 2.903230 -0.161417 215.008000 1372.390000 -13 2123 1 0 1.000000
9.743520 -0.124213 0 -29.234200 6.276700 227.354000 1372.360000 -13 2124 1 0 1.000000
-10.106200 -0.829932 0 20.008000 -37.452500 226.946000 1372.320000 -13 2125 1 0 1.000000
0.819427 -7.923800 0 14.573400 -1.449680 231.038000 1372.330000 -13 2126 1 0 1.000000
-1.685260 -3.849710 0 49.462100 10.688600 223.614000 1372.300000 -13 2127 1 0 1.000000
-7.082470 -7.196780 0 15.009500 -0.772160 205.249000 1372.090000 -13 2128 1 0 1.000000
-6.308320 1.074620 0 11.312200 9.322460 200.146000 1372.390000 -13 2129 1 0 1.000000
-1.076710 -0.128585 0 -13.623000 -6.937280 211.153000 1372.240000 -13 2130 1 0 1.000000
1.118220 -12.055500 0 24.493500 5.606660 223.119000 1372.420000 -13 2131 1 0 1.000000
-2.092800 -0.314640 0 -6.966920 9.496130 197.993000 1372.280000 -13 2132 1 0 1.000000
-0.445584 -3.316960 0 0.997755 42.790500 224.506000 1372.170000 -13 2133 1 0 1.000000
-3.912970 1.895400 0 8.118400 -13.181800 195.142000 1372.280000 -13 2134 1 0 1.000000
-3.370260 -11.524400 0 20.051200 29.431500 207.921000 1372.140000 -13 2135 1 0 1.000000
-2.294010 -8.027960 0 7.992190 14.951700 209.488000 1372.320000 -13 2136 1 0 1.000000
1.673340 -3.913860 0 -4.568660 -4.989060 215.491000 1372.110000 -13 2137 1 0 1.000000
-6.518520 0.788640 0 1.060370 0.734228 211.339000 1372.310000 -13 2138 1 0 1.000000
-2.570180 -3.475590 0 -11.388100 -13.045700 222.531000 1372.240000 -13 2139 1 0 1.000000
-5.595430 -3.789840 0 2.490040 7.675750 214.290000 1372.370000 -13 2140 1 0 1.000000
-1.505180 -4.370020 0 -26.866900 0.774687 203.582000 1372.400000 -13 2141 1 0 1.000000
-7.900420 -1.648570 0 17.533400 18.802400 206.484000 1372.160000 -13 2142 1 0 1.000000
-6.024290 -0.110227 0 -18.290100 -5.988090 200.421000 1372.290000 -13 2143 1 0 1.000000
-4.384010 -6.299630 0 11.401300 -9.799900 221.342000 1372.380000 -13 2144 1 0 1.000000
-1.067790 2.535510 0 28.058500 -21.613200 195.277000 1372.280000 -13 2145 1 0 1.000000
2.123840 -0.595246 0 13.684100 -1.300070 194.603000 1372.210000 -13 2146 1 0 1.000000
-6.344830 -1.337330 0 1.467600 1.355280 212.780000 1372.340000 -13 2147 1 0 1.000000
-0.096939 -9.053560 0 16.333100 22.855900 213.888000 1372.390000 -13 2148 1 0 1.000000
-0.808411 -1.547010 0 7.170220 6.975700 199.188000 1372.200000 -13 2149 1 0 1.000000
-1.535250 -1.772650 0 -19.141600 0.168820 209.371000 1372.390000 -13 2150 1 0 1.000000
-10.372800 -2.934650 0 -10.964100 3.484900 203.408000 1372.210000 -13 2151 1 0 1.000000
2.251080 0.931303 0 -12.182700 -14.608700 187.943000 1372.230000 -13 2152 1 0 1.000000
0.609053 4.712660 0 5.695910 1.563700 212.484000 1372.290000 -13 2153 1 0 1.000000
-6.004990 -4.655780 0 -10.737900 -17.142600 201.206000 1372.240000 -13 2154 1 0 1.000000
-4.344370 -4.208530 0 -25.243800 -13.703600 222.447000 1372.390000 -13 2155 1 0 1.000000
-3.883140 -1.820900 0 2.527140 -17.401300 200.964000 1372.150000 -13 2156 1 0 1.000000
4.061860 -0.949789 0 4.470660 -25.216000 204.155000 1372.130000 -13 2157 1 0 1.000000
-6.964120 0.887703 0 15.292900 5.248520 214.566000 1372.400000 -13 2158 1 0 1.000000
-3.093900 -0.165268 0 14.952100 -21.452100 205.036000 1372.230000 -13 2159 1 0 1.000000
-8.353820 -2.753110 0 6.191350 -13.450500 194.638000 1372.360000 -13 2160 1 0 1.000000
-3.520100 -0.737869 0 -6.499030 29.141400 188.157000 1372.240000 -13 2161 1 0 1.000000
2.067770 -5.694450 0 -0.484646 -1.835340 218.199000 1372.260000 -13 2162 1 0 1.000000
-4.414760 0.749048 0 4.331030 4.103270 201.448000 1372.260000 -13 2163 1 0 1.000000
-6.033520 -6.102210 0 9.605830 -2.371600 194.920000 1372.270000 -13 2164 1 0 1.000000
-3.050830 5.488630 0 -14.979600 -0.731931 205.660000 1372.150000 -13 2165 1 0 1.000000
-3.416400 -5.162640 0 -7.099080 -8.573160 216.267000 1372.280000 -13 2166 1 0 1.000000
2.506810 1.796230 0 6.604400 20.500300 186.116000 1372.340000 -13 2167 1 0 1.000000
-2.877340 -5.035690 0 -9.225560 4.321190 220.034000 1372.260000 -13 2168 1 0 1.000000
-6.143810 6.611030 0 -2.460480 -10.111600 198.354000 1372.210000 -13 2169 1 0 1.000000
-3.332710 0.884360 0 -7.071760 16.294800 192.324000 1372.410000 -13 2170 1 0 1.000000
0.545509 -3.132180 0 8.839340 1.115990 187.731000 1372.300000 -13 2171 1 0 1.000000
-3.477700 -3.044930 0 23.185600 -1.074200 206.429000 1372.040000 -13 2172 1 0 1.000000
-3.578030 0.573060 0 7.390830 2.212580 210.142000 1372.190000 -13 2173 1 0 1.000000
2.170170 -1.065790 0 -0.562655 12.367900 193.932000 1372.270000 -13 2174 1 0 1.000000
3.679390 -7.652440 0 -32.921800 1.405990 222.083000 1372.190000 -13 2175 1 0 1.000000
-7.165540 -6.519170 0 7.080560 -13.930800 212.795000 1372.300000 -13 2176 1 0 1.000000
0.212480 0.451595 0 29.260700 6.841200 201.971000 1372.330000 -13 2177 1 0 1.000000
-3.178700 -4.261330 0 3.147070 -13.857500 207.470000 1372.240000 -13 2178 1 0 1.000000
-1.965550 -1.153560 0 -16.235100 -24.151700 184.351000 1372.320000 -13 2179 1 0 1.000000
2.455510 0.795401 0 -10.629600 7.918140 205.755000 1372.250000 -13 2180 1 0 1.000000
-3.040540 -3.279760 0 9.246210 14.753900 201.994000 1372.190000 -13 2181 1 0 1.000000
2.244090 1.918040 0 -9.948710 -5.730590 189.186000 1372.320000 -13 2182 1 0 1.000000
-6.672210 -2.784710 0 25.856900 1.613670 218.154000 1372.370000 -13 2183 1 0 1.000000
-7.940500 0.913469 0 -11.274100 -5.031200 206.645000 1372.220000 -13 2184 1 0 1.000000
-4.119430 -4.943950 0 22.231900 -9.873290 212.452000 1372.420000 -13 2185 1 0 1.000000
-3.331920 5.989830 0 -22.858000 1.527840 227.221000 1372.160000 -13 2186 1 0 1.000000
1.595690 1.604740 0 -1.717820 0.394948 212.821000 1372.210000 -13 2187 1 0 1.000000
-2.324150 -2.665360 0 5.965550 -4.462580 196.887000 1372.200000 -13 2188 1 0 1.000000
-9.801560 -7.571570 0 30.870900 -5.251130 213.543000 1372.310000 -13 2189 1 0 1.000000
-3.593570 -4.213890 0 -10.354200 -22.547100 202.434000 1372.230000 -13 2190 1 0 1.000000
-2.239790 -2.079680 0 2.883080 3.485030 205.988000 1372.270000 -13 2191 1 0 1.000000
3.691910 -4.122290 0 -20.968600 14.950200 190.042000 1372.300000 -13 2192 1 0 1.000000
-1.358460 -2.313430 0 -8.902510 -3.923740 204.128000 1372.310000 -13 2193 1 0 1.000000
-2.288400 -4.817540 0 10.101300 -0.428043 209.657000 1372.140000 -13 2194 1 0 1.000000
-6.454380 -5.865750 0 32.527300 -26.387700 205.909000 1372.230000 -13 2195 1 0 1.000000
-13.448100 -4.258700 0 -2.064640 1.784340 212.666000 1372.140000 -13 2196 1 0 1.000000
-2.840230 1.429160 0 -11.894700 -8.361400 216.417000 1372.210000 -13 2197 1 0 1.000000
-0.062972 -8.596910 0 -10.961600 9.334140 200.517000 1372.170000 -13 2198 1 0 1.000000
-2.947330 -1.782470 0 -12.006500 -2.804420 203.448000 1372.340000 -13 2199 1 0 1.000000
-4.939470 6.361430 0 -2.788320 -5.751670 195.223000 1372.060000 -13 2200 1 0 1.000000
-5.132890 -3.194960 0 14.016900 -31.889400 220.509000 1372.220000 -13 2201 1 0 1.000000
-0.079576 0.840771 0 -14.240400 -1.631070 201.319000 1372.320000 -13 2202 1 0 1.000000
-8.995930 -2.080620 0 9.621760 -2.246950 198.339000 1372.230000 -13 2203 1 0 1.000000
-0.466585 -1.379830 0 8.960940 -0.644766 200.027000 1372.200000 -13 2204 1 0 1.000000
-2.055520 -3.705910 0 -13.764400 15.891800 205.544000 1372.250000 -13 2205 1 0 1.000000
1.183090 -9.368840 0 -2.663430 33.727500 206.614000 1372.280000 -13 2206 1 0 1.000000
-9.271240 0.933193 0 43.177200 4.325880 213.941000 1372.230000 -13 2207 1 0 1.000000
-10.344300 0.531742 0 -15.715700 -13.537100 193.124000 1372.330000 -13 2208 1 0 1.000000
6.263230 -2.282120 0 -13.703200 -18.043800 213.031000 1372.310000 -13 2209 1 0 1.000000
-9.638420 5.216800 0 -19.185500 11.485000 203.537000 1372.310000 -13 2210 1 0 1.000000
-3.164930 -10.962400 0 -8.941510 -10.665100 199.969000 1372.330000 -13 2211 1 0 1.000000
-3.200880 -0.952977 0 16.062300 -6.016980 205.121000 1372.410000 -13 2212 1 0 1.000000
-5.471860 -3.684730 0 9.899000 -17.206400 214.500000 1372.140000 -13 2213 1 0 1.000000
-3.799780 -2.900920 0 7.616510 3.971100 205.478000 1372.170000 -13 2214 1 0 1.000000
-0.349273 -3.755980 0 -10.496900 0.319371 230.212000 1372.350000 -13 2215 1 0 1.000000
-3.997120 -4.714860 0 -16.256100 22.979700 190.774000 1372.270000 -13 2216 1 0 1.000000
2.424070 -2.853770 0 0.422175 -4.390740 194.040000 1372.180000 -13 2217 1 0 1.000000
-2.698990 -4.162440 0 -10.294700 -15.614100 212.151000 1372.100000 -13 2218 1 0 1.000000
-2.972250 4.084230 0 27.251200 4.410950 202.789000 1372.410000 -13 2219 1 0 1.000000
-1.018620 -8.042120 0 18.062000 -14.387900 190.951000 1372.330000 -13 2220 1 0 1.000000
-7.748300 1.632450 0 7.506870 8.103070 207.525000 1372.360000 -13 2221 1 0 1.000000
1.788430 -1.301600 0 0.681424 15.125600 206.657000 1372.210000 -13 2222 1 0 1.000000
2.451740 5.385580 0 0.961861 23.698500 211.159000 1372.330000 -13 2223 1 0 1.000000
1.952960 -1.030550 0 10.521100 4.234370 205.030000 1372.270000 -13 2224 1 0 1.000000
-2.254260 -1.133500 0 -34.679100 24.269500 201.547000 1372.270000 -13 2225 1 0 1.000000
-4.389250 -2.198540 0 -19.539600 7.481800 201.754000 1372.140000 -13 2226 1 0 1.000000
-5.364960 -0.851553 0 -5.110560 -7.001700 196.582000 1372.230000 -13 2227 1 0 1.000000
-6.541930 -3.054260 0 7.202080 1.034290 199.595000 1372.090000 -13 2228 1 0 1.000000
-1.860110 -9.110710 0 -6.157010 -38.063500 201.389000 1372.280000 -13 2229 1 0 1.000000
-0.440276 -0.530845 0 -20.044100 -4.854700 221.776000 1372.200000 -13 2230 1 0 1.000000
-1.857850 -1.156870 0 -3.932760 0.099314 205.762000 1372.440000 -13 2231 1 0 1.000000
-1.034030 -8.395030 0 8.427570 -4.662840 193.771000 1372.270000 -13 2232 1 0 1.000000
3.183040 -9.522610 0 -13.189000 -11.071800 197.701000 1372.340000 -13 2233 1 0 1.000000
-3.841960 -4.949110 0 19.455600 2.186960 199.002000 1372.300000 -13 2234 1 0 1.000000
0.509869 -2.445240 0 19.647600 -20.261000 212.194000 1372.390000 -13 2235 1 0 1.000000
3.125040 0.297787 0 -8.140150 15.320000 215.970000 1372.440000 -13 2236 1 0 1.000000
-0.921125 -0.675357 0 -3.073100 8.342690 184.670000 1372.150000 -13 2237 1 0 1.000000
1.384820 -2.892380 0 -17.150600 5.421450 221.012000 1372.310000 -13 2238 1 0 1.000000
-0.462732 -6.054370 0 0.980181 7.683910 194.335000 1372.290000 -13 2239 1 0 1.000000
-0.043052 -5.780660 0 -20.702900 15.121300 183.078000 1372.240000 -13 2240 1 0 1.000000
-0.253401 0.398647 0 2.337220 9.944540 194.588000 1372.340000 -13 2241 1 0 1.000000
-2.068540 -0.727207 0 21.984200 -1.616420 211.203000 1372.320000 -13 2242 1 0 1.000000
1.802190 -2.219060 0 5.936300 -6.907330 207.965000 1372.180000 -13 2243 1 0 1.000000
-0.497390 -0.863407 0 -2.324940 7.352540 202.526000 1372.180000 -13 2244 1 0 1.000000
4.313210 -0.367692 0 0.659338 -6.518780 194.676000 1372.150000 -13 2245 1 0 1.000000
-3.433470 -3.111140 0 -12.666000 -6.644350 211.792000 1372.320000 -13 2246 1 0 1.000000
-5.872370 0.473130 0 -0.520405 3.982810 225.543000 1372.290000 -13 2247 1 0 1.000000
-3.319930 -9.827960 0 22.736200 21.169500 195.354000 1372.180000 -13 2248 1 0 1.000000
-6.092420 -3.629060 0 -15.626900 6.133090 209.936000 1372.300000 -13 2249 1 0 1.000000
-2.642410 -2.789920 0 8.438960 18.780600 197.071000 1372.120000 -13 2250 1 0 1.000000
0.586317 -5.023250 0 7.646390 11.974500 211.679000 1372.300000 -13 2251 1 0 1.000000
-12.092700 -2.031440 0 -6.006100 -21.375900 213.774000 1372.280000 -13 2252 1 0 1.000000
-1.458180 -5.230750 0 -1.579090 -27.968800 220.133000 1372.180000 -13 2253 1 0 1.000000
-3.610640 -2.983380 0 -3.009120 4.925010 209.695000 1372.250000 -13 2254 1 0 1.000000
-5.596630 -2.973810 0 -6.204170 -13.071900 203.871000 1372.150000 -13 2255 1 0 1.000000
-0.367339 5.722930 0 -7.866850 0.642388 209.989000 1372.230000 -13 2256 1 0 1.000000
1.191400 -3.388960 0 -4.301540 7.370530 204.251000 1372.370000 -13 2257 1 0 1.000000
-2.736100 -5.026360 0 -0.280850 -2.923030 207.064000 1372.360000 -13 2258 1 0 1.000000
-1.122750 -0.401516 0 -6.839070 15.404900 215.878000 1372.360000 -13 2259 1 0 1.000000
-3.604020 0.131108 0 3.749680 -7.326810 198.672000 1372.210000 -13 2260 1 0 1.000000
2.844740 -1.726270 0 -14.628000 29.543200 200.968000 1372.310000 -13 2261 1 0 1.000000
-0.987948 4.453780 0 -10.470500 12.340600 205.271000 1372.240000 -13 2262 1 0 1.000000
-6.197770 -4.185890 0 13.933000 7.373810 204.210000 1372.320000 -13 2263 1 0 1.000000
2.669530 -7.897390 0 14.000000 -34.795300 209.030000 1372.120000 -13 2264 1 0 1.000000
0.630974 -3.161940 0 -4.323840 1.225440 198.263000 1372.390000 -13 2265 1 0 1.000000
-3.186890 -1.655150 0 -1.242980 8.328590 181.410000 1372.180000 -13 2266 1 0 1.000000
-3.271230 -3.964570 0 -3.870290 -19.309800 194.213000 1372.340000 -13 2267 1 0 1.000000
3.057240 0.777807 0 5.996310 -2.905240 196.202000 1372.320000 -13 2268 1 0 1.000000
4.321950 -3.451490 0 3.432020 8.030060 199.201000 1372.120000 -13 2269 1 0 1.000000
0.445682 -0.459227 0 2.965610 -7.658930 193.886000 1372.180000 -13 2270 1 0 1.000000
2.212970 6.804550 0 13.917700 12.178900 208.922000 1372.280000 -13 2271 1 0 1.000000
-1.091770 -4.364860 0 -0.607407 1.903920 199.338000 1372.460000 -13 2272 1 0 1.000000
6.355250 -2.056900 0 9.604210 1.726590 195.991000 1372.370000 -13 2273 1 0 1.000000
-8.103510 3.665730 0 -17.199500 16.495800 206.928000 1372.100000 -13 2274 1 0 1.000000
2.394790 -1.911940 0 -0.567215 -4.859120 189.443000 1372.090000 -13 2275 1 0 1.000000
-2.704460 -6.583640 0 27.189100 -19.362100 211.883000 1372.460000 -13 2276 1 0 1.000000
-4.724990 1.036020 0 5.269090 9.615730 211.255000 1372.250000 -13 2277 1 0 1.000000
-0.297544 0.775942 0 -15.292800 4.311550 194.392000 1372.390000 -13 2278 1 0 1.000000
-4.461700 -2.946190 0 18.407000 14.315700 209.986000 1372.400000 -13 2279 1 0 1.000000
-7.692620 -8.142620 0 -9.856630 -15.484600 206.378000 1372.250000 -13 2280 1 0 1.000000
-5.405050 1.443480 0 -19.092900 26.158200 219.487000 1372.240000 -13 2281 1 0 1.000000
5.101430 -1.277800 0 -32.567700 -9.230510 220.860000 1372.290000 -13 2282 1 0 1.000000
2.024400 -8.843020 0 -2.413140 2.993810 206.914000 1372.340000 -13 2283 1 0 1.000000
