#BLTrackFile solenoid_cooling_channel
#x y z Px Py Pz t PDGid EvNum TrkId Parent weight
-6.416360 -11.353400 0 0.000000 0.000000 204.000000 440.261000 -13 1 1 0 1.000000
-5.141200 14.480700 0 6.409450 -1.428000 198.940000 440.317000 -13 2 1 0 1.000000
-30.222400 4.944880 0 -23.624100 5.115370 213.624000 439.906000 -13 3 1 0 1.000000
-31.062100 16.949400 0 21.656900 -30.621100 230.941000 440.584000 -13 4 1 0 1.000000
-9.679990 0.485424 0 -7.555900 8.269880 195.493000 440.081000 -13 5 1 0 1.000000
18.636900 -51.355200 0 -2.561000 48.025100 239.435000 440.332000 -13 6 1 0 1.000000
-3.100310 -16.232400 0 1.228020 -1.250340 214.056000 439.963000 -13 7 1 0 1.000000
-28.674200 -4.129630 0 -0.223012 3.013140 224.480000 440.495000 -13 8 1 0 1.000000
-24.575200 -11.739900 0 -14.410700 5.264360 202.717000 440.002000 -13 9 1 0 1.000000
6.215860 -5.000680 0 -12.665400 4.757330 183.999000 440.177000 -13 10 1 0 1.000000
42.349800 -0.976061 0 6.325470 9.342220 224.365000 440.255000 -13 11 1 0 1.000000
-21.228800 -23.325700 0 -17.979200 -0.527707 206.985000 440.179000 -13 12 1 0 1.000000
-81.431800 15.310100 0 24.652900 9.440220 233.954000 440.279000 -13 13 1 0 1.000000
2.970800 -8.203220 0 13.316300 -8.676570 211.043000 440.217000 -13 14 1 0 1.000000
24.456300 -29.577300 0 0.506591 13.926900 227.567000 440.417000 -13 15 1 0 1.000000
-18.702900 -11.807200 0 28.908200 -7.681660 209.150000 440.285000 -13 16 1 0 1.000000
-3.583760 -7.937120 0 3.519060 17.475800 206.425000 440.162000 -13 17 1 0 1.000000
-15.511400 7.802620 0 5.872810 -1.574310 204.618000 440.253000 -13 18 1 0 1.000000
-27.365900 -21.529400 0 -6.408870 2.656950 206.051000 440.425000 -13 19 1 0 1.000000
-38.387700 113.973000 0 10.154800 -16.008400 270.866000 440.309000 -13 20 1 0 1.000000
4.314240 5.597080 0 -5.043660 -14.102300 191.049000 440.334000 -13 21 1 0 1.000000
8.416140 -47.850600 0 -0.789805 -34.178800 201.055000 440.169000 -13 22 1 0 1.000000
-26.377500 -28.833400 0 -16.787700 4.985630 211.312000 440.484000 -13 23 1 0 1.000000
-3.173060 -41.513200 0 -26.472300 -6.047580 206.022000 440.364000 -13 24 1 0 1.000000
-2.710720 -2.910430 0 1.816750 7.419740 184.039000 440.217000 -13 25 1 0 1.000000
-5.735490 -14.790100 0 -17.200300 -10.502600 188.346000 440.389000 -13 26 1 0 1.000000
-2.188110 -8.108300 0 7.215160 10.226800 239.206000 440.259000 -13 27 1 0 1.000000
-8.901000 8.295840 0 10.604800 -4.210710 220.434000 440.037000 -13 28 1 0 1.000000
-34.780000 -13.764700 0 4.955590 13.438800 237.227000 440.110000 -13 29 1 0 1.000000
-23.236600 -15.860400 0 9.012560 -4.261080 214.103000 440.035000 -13 30 1 0 1.000000
9.747320 9.430670 0 -0.457011 -11.042700 205.843000 440.057000 -13 31 1 0 1.000000
1.439700 -13.834900 0 -3.590710 -11.756500 225.193000 440.109000 -13 32 1 0 1.000000
19.428500 -14.844700 0 10.454200 -7.289270 205.911000 440.096000 -13 33 1 0 1.000000
-17.090300 -13.388900 0 -1.612870 0.809118 212.147000 440.015000 -13 34 1 0 1.000000
-40.686600 -4.849610 0 18.257800 -1.131540 224.277000 440.070000 -13 35 1 0 1.000000
-26.582400 -9.958190 0 -1.360780 1.454660 214.245000 440.680000 -13 36 1 0 1.000000
29.807500 1.906640 0 -9.770440 9.821160 226.240000 439.834000 -13 37 1 0 1.000000
-28.297600 4.151750 0 -8.942380 19.030200 223.610000 439.888000 -13 38 1 0 1.000000
-47.258100 -14.052900 0 -11.447000 0.309443 208.316000 440.441000 -13 39 1 0 1.000000
-20.014600 -9.396100 0 16.280000 -17.634200 224.844000 440.505000 -13 40 1 0 1.000000
-50.374100 -40.012700 0 -15.924500 -11.015300 214.414000 440.474000 -13 41 1 0 1.000000
-5.663260 -3.545020 0 35.755800 -8.636560 200.805000 440.326000 -13 42 1 0 1.000000
7.620680 -19.597200 0 21.853600 1.558470 213.332000 440.546000 -13 43 1 0 1.000000
-33.474300 -2.442410 0 23.963800 -0.896326 227.665000 440.355000 -13 44 1 0 1.000000
-8.584110 12.894400 0 24.085500 -1.374960 215.374000 440.560000 -13 45 1 0 1.000000
12.154700 6.407770 0 -9.671000 10.990100 225.326000 440.549000 -13 46 1 0 1.000000
-2.517590 -9.153670 0 -13.654200 9.013420 205.011000 440.585000 -13 47 1 0 1.000000
-44.564500 -39.785400 0 -7.896400 50.942500 240.660000 440.202000 -13 48 1 0 1.000000
7.542100 -36.903100 0 2.154280 -9.450630 182.474000 439.964000 -13 49 1 0 1.000000
5.904890 -20.414100 0 -3.946300 19.250400 245.538000 440.197000 -13 50 1 0 1.000000
-11.187900 -13.234700 0 13.738800 0.666572 209.816000 440.411000 -13 51 1 0 1.000000
-28.558900 -21.253400 0 -2.047750 -7.398080 201.866000 440.326000 -13 52 1 0 1.000000
-12.789300 27.488300 0 4.119830 -18.458900 208.335000 440.451000 -13 53 1 0 1.000000
-26.317800 -16.173400 0 7.146710 22.003400 197.634000 440.346000 -13 54 1 0 1.000000
-13.278900 -21.256000 0 -20.013900 -4.594870 195.395000 440.361000 -13 55 1 0 1.000000
-19.838700 18.022100 0 2.433520 -0.839160 215.662000 440.427000 -13 56 1 0 1.000000
-10.964400 -30.526600 0 -15.752600 -7.769610 211.687000 440.416000 -13 57 1 0 1.000000
2.957490 -9.623950 0 7.367600 -0.335671 217.821000 440.414000 -13 58 1 0 1.000000
-13.786300 -5.784000 0 6.332710 3.537030 212.148000 440.411000 -13 59 1 0 1.000000
-5.220200 -6.185880 0 4.038530 0.567602 217.830000 440.177000 -13 60 1 0 1.000000
-23.869600 -11.364500 0 10.587700 17.334300 213.412000 440.504000 -13 61 1 0 1.000000
6.044120 -35.595500 0 8.142010 9.822980 224.675000 440.455000 -13 62 1 0 1.000000
9.497580 -9.863850 0 -9.424150 -2.110800 224.536000 440.271000 -13 63 1 0 1.000000
-14.550700 -8.799590 0 -4.911660 5.213420 227.147000 440.324000 -13 64 1 0 1.000000
3.725670 -4.079680 0 12.490600 -5.520270 220.697000 440.134000 -13 65 1 0 1.000000
54.013300 -16.113600 0 18.110800 3.050590 225.197000 440.513000 -13 66 1 0 1.000000
13.520300 -26.651200 0 -10.605400 0.531368 213.050000 440.508000 -13 67 1 0 1.000000
-23.930300 -20.576800 0 -8.911180 3.736780 209.073000 440.114000 -13 68 1 0 1.000000
-9.773710 -11.644900 0 -0.758706 -4.703690 200.259000 440.391000 -13 69 1 0 1.000000
-39.635000 -9.350720 0 7.334770 3.352280 195.802000 440.298000 -13 70 1 0 1.000000
14.074000 1.235530 0 6.917890 3.486830 198.250000 440.413000 -13 71 1 0 1.000000
-6.988490 -17.031300 0 10.095200 6.593930 246.907000 439.988000 -13 72 1 0 1.000000
-15.790600 7.675000 0 -8.865190 4.534920 195.851000 440.401000 -13 73 1 0 1.000000
20.883400 -23.749700 0 -23.079700 11.744500 208.481000 440.271000 -13 74 1 0 1.000000
9.139770 8.925680 0 18.561300 5.076750 196.775000 440.317000 -13 75 1 0 1.000000
-0.661010 -16.203300 0 -0.681017 -3.905420 180.944000 440.106000 -13 76 1 0 1.000000
-4.113080 -14.245500 0 6.582000 -7.247640 186.966000 440.233000 -13 77 1 0 1.000000
-5.785990 -9.036350 0 20.784000 12.319800 195.355000 440.381000 -13 78 1 0 1.000000
-16.850900 10.456100 0 1.356640 -10.980000 207.963000 440.370000 -13 79 1 0 1.000000
-7.500930 -37.371500 0 4.769900 -9.063380 211.779000 440.465000 -13 80 1 0 1.000000
2.117750 -4.221340 0 0.899023 -10.670200 182.016000 440.235000 -13 81 1 0 1.000000
-5.621720 -25.719900 0 1.361540 10.116500 207.198000 440.363000 -13 82 1 0 1.000000
-15.798700 -11.195400 0 -21.573200 17.497200 186.399000 440.361000 -13 83 1 0 1.000000
6.104660 -13.096900 0 6.062970 0.631217 203.556000 440.434000 -13 84 1 0 1.000000
8.862190 1.435670 0 2.978270 -12.654700 192.839000 440.434000 -13 85 1 0 1.000000
-20.870600 -30.316900 0 -0.356159 -11.226900 215.541000 440.440000 -13 86 1 0 1.000000
1.922790 1.389730 0 -32.204800 -1.118820 188.804000 440.237000 -13 87 1 0 1.000000
-8.653470 -21.498100 0 -3.849570 17.533200 195.387000 440.308000 -13 88 1 0 1.000000
-30.123500 15.283800 0 -6.709380 -19.049300 200.303000 440.225000 -13 89 1 0 1.000000
-22.390300 26.521700 0 11.774300 -4.632760 199.736000 440.136000 -13 90 1 0 1.000000
10.667700 -23.067100 0 -7.217750 -2.466850 197.031000 440.327000 -13 91 1 0 1.000000
-4.240850 13.395900 0 -5.276140 -6.561970 198.067000 440.270000 -13 92 1 0 1.000000
8.990680 -14.474000 0 35.455000 13.761100 194.787000 440.118000 -13 93 1 0 1.000000
-7.122630 -34.287300 0 9.670530 -5.430100 241.854000 439.975000 -13 94 1 0 1.000000
6.951280 -6.102740 0 25.675300 -4.870480 205.119000 440.234000 -13 95 1 0 1.000000
-11.350600 8.848790 0 -12.119000 -1.900090 225.926000 440.395000 -13 96 1 0 1.000000
-15.203400 4.480970 0 -17.825800 -4.849980 215.265000 440.150000 -13 97 1 0 1.000000
5.732520 -16.659500 0 -2.414920 15.206400 227.797000 440.377000 -13 98 1 0 1.000000
65.380900 16.639200 0 20.732800 -10.749300 241.253000 440.548000 -13 99 1 0 1.000000
5.157050 9.749400 0 -2.287300 -28.649200 226.234000 440.515000 -13 100 1 0 1.000000
7.015660 -17.720400 0 8.144510 10.176000 226.701000 440.383000 -13 101 1 0 1.000000
2.981170 5.611980 0 -2.337140 10.466900 229.001000 440.387000 -13 102 1 0 1.000000
-3.678210 -4.743930 0 0.971420 2.319350 211.844000 440.508000 -13 103 1 0 1.000000
-2.273300 -7.912450 0 -5.841870 8.880720 209.780000 440.629000 -13 104 1 0 1.000000
-15.571900 -43.302500 0 17.130300 -14.376800 206.814000 440.487000 -13 105 1 0 1.000000
17.377200 -27.586100 0 10.803000 -2.252170 229.597000 440.312000 -13 106 1 0 1.000000
-3.821040 -26.429200 0 24.302500 4.983030 213.699000 440.521000 -13 107 1 0 1.000000
-27.353200 -12.095100 0 -3.411990 -19.808400 205.947000 440.483000 -13 108 1 0 1.000000
20.001600 -30.023200 0 -1.132100 -1.392740 226.372000 440.393000 -13 109 1 0 1.000000
-11.236100 14.505800 0 -6.377090 -4.517740 219.829000 440.253000 -13 110 1 0 1.000000
-44.465600 7.897870 0 -7.458560 -18.421100 216.276000 440.275000 -13 111 1 0 1.000000
-28.699800 1.524860 0 -7.351810 7.449450 240.366000 440.451000 -13 112 1 0 1.000000
8.971380 -10.750800 0 8.152530 9.991540 215.287000 440.228000 -13 113 1 0 1.000000
7.065170 -17.195000 0 -2.296170 -12.755000 224.077000 440.342000 -13 114 1 0 1.000000
-7.322620 -13.431800 0 6.639120 -9.908320 221.758000 440.141000 -13 115 1 0 1.000000
-4.741050 5.601570 0 1.147030 -17.008500 204.187000 440.558000 -13 116 1 0 1.000000
-30.215600 -0.207242 0 8.779450 -2.731620 224.214000 440.254000 -13 117 1 0 1.000000
-14.505800 1.178430 0 8.966780 -6.204690 224.488000 440.175000 -13 118 1 0 1.000000
-12.653000 -8.567590 0 -2.799330 0.789201 217.351000 440.287000 -13 119 1 0 1.000000
8.905560 4.354480 0 3.606450 -8.635180 223.263000 440.343000 -13 120 1 0 1.000000
12.705000 -4.425400 0 -4.036740 -12.665400 226.111000 440.210000 -13 121 1 0 1.000000
-8.456190 -20.646400 0 -9.203800 -3.038480 221.042000 440.430000 -13 122 1 0 1.000000
2.609750 -2.709620 0 -10.608600 1.764960 220.531000 440.297000 -13 123 1 0 1.000000
-29.832600 -9.902360 0 1.633340 -9.745100 223.204000 440.176000 -13 124 1 0 1.000000
-14.077200 -12.117300 0 3.206350 -7.597560 202.687000 440.332000 -13 125 1 0 1.000000
5.035540 -10.459000 0 -11.319600 21.823300 196.417000 440.312000 -13 126 1 0 1.000000
15.603600 -7.706970 0 5.097530 5.922920 204.417000 440.266000 -13 127 1 0 1.000000
-10.942900 35.397500 0 -9.749560 0.491890 212.077000 440.142000 -13 128 1 0 1.000000
-13.459800 0.191146 0 -8.823190 -5.191870 202.561000 440.224000 -13 129 1 0 1.000000
-25.666800 -5.441200 0 17.484500 -16.641000 225.968000 440.521000 -13 130 1 0 1.000000
-6.078710 9.721400 0 -1.315830 -3.620030 201.543000 440.191000 -13 131 1 0 1.000000
1.641810 -28.824000 0 -8.723160 10.286000 206.095000 440.104000 -13 132 1 0 1.000000
23.394100 7.378220 0 -4.397360 -13.536500 197.894000 440.333000 -13 133 1 0 1.000000
-10.227100 -28.085400 0 -6.981410 6.696420 191.755000 440.279000 -13 134 1 0 1.000000
11.213600 -14.319100 0 1.331190 -10.175300 204.510000 440.241000 -13 135 1 0 1.000000
-8.650420 -14.698900 0 -9.089130 -3.136010 191.367000 440.219000 -13 136 1 0 1.000000
-11.756400 3.945880 0 -15.475500 10.930400 185.186000 440.227000 -13 137 1 0 1.000000
-3.800160 -9.288310 0 6.770640 -9.052610 190.877000 440.380000 -13 138 1 0 1.000000
-6.129700 -24.017900 0 -4.964990 11.029600 188.013000 440.127000 -13 139 1 0 1.000000
-0.988615 -9.249060 0 -0.814285 -0.999363 200.881000 440.306000 -13 140 1 0 1.000000
8.137460 -12.122200 0 -7.006260 4.893960 188.317000 440.284000 -13 141 1 0 1.000000
8.865650 -15.298400 0 16.333700 -8.531990 197.929000 440.237000 -13 142 1 0 1.000000
17.796600 -31.456200 0 2.910720 -9.434330 222.385000 440.395000 -13 143 1 0 1.000000
16.623800 -31.850700 0 13.305100 -18.785800 232.971000 440.389000 -13 144 1 0 1.000000
-28.259100 10.083500 0 9.651430 3.053850 207.496000 440.759000 -13 145 1 0 1.000000
-4.617380 -21.905900 0 3.933770 -3.425070 225.965000 440.226000 -13 146 1 0 1.000000
16.524700 -11.879200 0 -7.246910 -16.442700 221.116000 440.323000 -13 147 1 0 1.000000
17.579200 -11.505700 0 -5.228440 -16.126700 221.593000 440.227000 -13 148 1 0 1.000000
-11.588500 5.459770 0 1.808610 -16.117000 229.042000 440.280000 -13 149 1 0 1.000000
-9.689180 -17.792800 0 -4.989080 10.348200 219.503000 440.434000 -13 150 1 0 1.000000
-20.147700 -48.627200 0 9.952950 17.139400 194.064000 440.109000 -13 151 1 0 1.000000
19.843600 -11.454300 0 -11.341700 8.228760 205.743000 440.158000 -13 152 1 0 1.000000
3.932950 -15.751900 0 -3.174170 10.053400 212.969000 440.114000 -13 153 1 0 1.000000
-4.320960 -18.057800 0 0.513370 -9.097730 214.343000 439.994000 -13 154 1 0 1.000000
2.502480 -13.301800 0 11.138400 -16.756500 207.772000 440.141000 -13 155 1 0 1.000000
-2.751630 -23.031300 0 -4.316480 1.651210 198.597000 440.203000 -13 156 1 0 1.000000
0.810719 2.318920 0 -6.464600 -0.255965 199.338000 440.203000 -13 157 1 0 1.000000
-13.666800 -17.600000 0 25.116200 -16.204300 217.024000 440.095000 -13 158 1 0 1.000000
9.600890 -6.230680 0 7.024300 -13.932700 219.012000 440.030000 -13 159 1 0 1.000000
-24.229700 -0.588020 0 1.072910 -7.068700 196.292000 440.121000 -13 160 1 0 1.000000
12.414400 -16.683300 0 1.647010 0.712836 229.359000 440.176000 -13 161 1 0 1.000000
36.406200 -48.319700 0 -36.570500 8.089400 221.637000 441.015000 -13 162 1 0 1.000000
-4.057410 -28.329200 0 3.222130 14.127000 233.025000 440.296000 -13 163 1 0 1.000000
-0.315526 1.707160 0 3.957480 5.988060 236.000000 440.404000 -13 164 1 0 1.000000
-3.902240 -9.252990 0 -2.970960 -16.892600 200.513000 440.736000 -13 165 1 0 1.000000
-18.313600 -13.069700 0 1.608020 -15.896800 189.524000 440.469000 -13 166 1 0 1.000000
-20.080800 -12.832500 0 12.363100 -7.932280 200.371000 440.154000 -13 167 1 0 1.000000
-4.137200 -21.698200 0 14.976500 8.697570 212.869000 440.084000 -13 168 1 0 1.000000
-33.374900 -11.539700 0 11.613400 -21.017900 198.677000 440.155000 -13 169 1 0 1.000000
-9.969400 -11.761100 0 10.078100 0.895267 199.421000 440.158000 -13 170 1 0 1.000000
3.752210 -8.281380 0 4.618070 1.974890 193.475000 440.136000 -13 171 1 0 1.000000
19.746900 -8.920210 0 16.915700 6.075010 220.786000 440.084000 -13 172 1 0 1.000000
3.313930 -19.760000 0 0.489845 8.216340 192.661000 440.208000 -13 173 1 0 1.000000
2.242490 -7.528620 0 -0.495479 11.078000 206.549000 440.109000 -13 174 1 0 1.000000
-3.092480 -32.880800 0 -5.510720 -6.398890 217.077000 440.675000 -13 175 1 0 1.000000
-18.461400 -12.179900 0 6.865980 7.197930 233.890000 440.268000 -13 176 1 0 1.000000
29.844100 -9.983740 0 7.950340 -5.636440 222.964000 440.141000 -13 177 1 0 1.000000
-8.614660 -0.835312 0 -18.439300 15.808700 223.378000 440.194000 -13 178 1 0 1.000000
-5.369780 12.254600 0 1.076450 -5.014820 202.508000 440.208000 -13 179 1 0 1.000000
-4.644670 -9.548940 0 -3.453480 -3.390280 211.113000 440.059000 -13 180 1 0 1.000000
7.377190 -21.819400 0 5.803520 1.783600 198.439000 440.085000 -13 181 1 0 1.000000
-26.599700 -11.397300 0 -6.939150 11.527700 208.341000 440.078000 -13 182 1 0 1.000000
-13.389300 -7.920690 0 -0.660436 0.343521 202.896000 440.019000 -13 183 1 0 1.000000
-12.455700 -26.833600 0 13.183500 10.870800 212.045000 440.129000 -13 184 1 0 1.000000
-31.337100 -8.086170 0 0.743502 19.619700 197.090000 440.215000 -13 185 1 0 1.000000
-14.607700 -3.278280 0 -17.063000 19.242900 194.349000 440.102000 -13 186 1 0 1.000000
-7.709940 -9.946740 0 -12.233600 7.518270 200.654000 440.348000 -13 187 1 0 1.000000
4.009200 -13.423100 0 11.939700 0.484010 210.257000 440.165000 -13 188 1 0 1.000000
-38.191100 28.641700 0 16.456000 -20.360500 236.381000 439.911000 -13 189 1 0 1.000000
6.942110 -23.123600 0 -4.204010 -0.529465 202.214000 439.996000 -13 190 1 0 1.000000
-34.256400 9.311330 0 -5.139650 -2.006060 211.686000 440.168000 -13 191 1 0 1.000000
-20.432900 -14.351200 0 0.693521 0.455989 194.761000 440.183000 -13 192 1 0 1.000000
-25.850000 11.152000 0 -2.675430 -10.161000 210.671000 440.032000 -13 193 1 0 1.000000
-18.622100 47.924600 0 8.676870 3.019320 194.977000 439.988000 -13 194 1 0 1.000000
5.503560 3.752180 0 3.083710 -2.062700 224.161000 440.447000 -13 195 1 0 1.000000
-4.867240 -12.912200 0 9.965830 0.704090 214.849000 440.369000 -13 196 1 0 1.000000
2.604290 -31.314000 0 9.195570 -11.063700 180.576000 440.233000 -13 197 1 0 1.000000
2.057480 -18.449800 0 -10.867800 0.267621 228.614000 440.315000 -13 198 1 0 1.000000
-8.031300 -6.305330 0 6.979820 8.561400 210.906000 440.343000 -13 199 1 0 1.000000
6.036340 -13.538200 0 4.547750 -5.619880 183.568000 440.194000 -13 200 1 0 1.000000
25.065400 -27.160900 0 29.991300 -19.759000 189.990000 441.068000 -13 201 1 0 1.000000
31.723300 -18.314100 0 3.767810 -15.663900 225.314000 440.398000 -13 202 1 0 1.000000
-21.174500 -12.775600 0 -11.221500 -8.601950 215.433000 440.364000 -13 203 1 0 1.000000
2.807000 -9.282770 0 -5.335060 -2.727800 213.009000 440.128000 -13 204 1 0 1.000000
8.262160 -13.673200 0 -26.832500 13.272800 234.789000 440.350000 -13 205 1 0 1.000000
-2.988860 -33.615200 0 11.774200 1.051570 217.657000 440.468000 -13 206 1 0 1.000000
-14.019400 -47.498400 0 -5.987580 -8.257730 228.406000 440.294000 -13 207 1 0 1.000000
-18.989200 -5.782660 0 -14.881700 -1.185730 201.204000 440.256000 -13 208 1 0 1.000000
-36.756100 -0.168883 0 22.867800 18.542000 212.174000 440.114000 -13 209 1 0 1.000000
6.926070 -19.053000 0 1.532740 -5.431340 236.101000 440.175000 -13 210 1 0 1.000000
-21.372600 -23.850700 0 -8.998540 -14.317200 204.919000 440.298000 -13 211 1 0 1.000000
6.713580 -22.507000 0 -0.794601 0.541630 194.569000 440.064000 -13 212 1 0 1.000000
31.090600 17.514100 0 -17.260600 2.386920 209.714000 440.031000 -13 213 1 0 1.000000
-27.050300 -6.379250 0 9.201890 9.597200 209.693000 440.113000 -13 214 1 0 1.000000
-8.607100 0.306523 0 4.290070 14.565900 196.909000 440.196000 -13 215 1 0 1.000000
-18.795700 3.067770 0 -7.744950 1.677530 216.628000 439.934000 -13 216 1 0 1.000000
-19.200700 -10.890500 0 -8.377310 -11.498300 193.476000 440.284000 -13 217 1 0 1.000000
-12.995100 -4.881790 0 3.667510 4.993750 189.102000 440.191000 -13 218 1 0 1.000000
15.617700 -34.882000 0 -6.861360 13.745500 212.285000 440.015000 -13 219 1 0 1.000000
-23.230800 24.136000 0 -3.440010 9.029230 201.179000 440.268000 -13 220 1 0 1.000000
-23.636100 -10.678300 0 6.025690 -16.939100 191.666000 440.316000 -13 221 1 0 1.000000
-27.145800 6.518510 0 -27.924100 20.578300 212.642000 440.399000 -13 222 1 0 1.000000
8.982520 -31.225600 0 -21.764300 16.338500 200.048000 440.258000 -13 223 1 0 1.000000
8.222270 -11.648600 0 14.351400 -6.374950 212.407000 440.178000 -13 224 1 0 1.000000
-35.136700 -1.422950 0 12.461700 5.495520 209.748000 440.365000 -13 225 1 0 1.000000
26.736000 9.854200 0 2.761660 0.817286 215.625000 440.401000 -13 226 1 0 1.000000
-0.297755 -22.231400 0 17.587100 4.826990 193.144000 440.152000 -13 227 1 0 1.000000
-9.879600 -9.848420 0 3.555370 1.197620 186.212000 440.356000 -13 228 1 0 1.000000
-33.998600 -3.072780 0 24.951300 -8.503590 204.520000 440.314000 -13 229 1 0 1.000000
-6.024830 -29.873400 0 8.139240 24.709500 215.744000 440.447000 -13 230 1 0 1.000000
-0.930705 4.987720 0 -0.898227 27.719400 187.468000 440.073000 -13 231 1 0 1.000000
19.133400 -26.476300 0 12.595300 6.247350 213.178000 440.365000 -13 232 1 0 1.000000
1.436760 14.126000 0 1.271150 2.708140 214.978000 440.116000 -13 233 1 0 1.000000
-10.673700 -20.461300 0 13.646100 -11.668400 217.688000 440.090000 -13 234 1 0 1.000000
-67.655200 -52.538900 0 11.040400 1.936530 252.008000 440.454000 -13 235 1 0 1.000000
-9.540270 -7.944610 0 -20.828800 7.282210 240.760000 440.357000 -13 236 1 0 1.000000
-35.172800 -11.420000 0 -7.749870 8.102520 220.668000 440.132000 -13 237 1 0 1.000000
8.324640 -1.169870 0 -5.650520 0.582006 212.780000 440.216000 -13 238 1 0 1.000000
-16.364300 1.036240 0 -43.110700 -4.015890 237.477000 440.514000 -13 239 1 0 1.000000
10.613200 1.589470 0 -2.389510 5.519370 224.923000 440.342000 -13 240 1 0 1.000000
-0.726399 -4.461450 0 -12.677200 6.818530 223.841000 440.067000 -13 241 1 0 1.000000
-25.431700 -20.218300 0 -8.019650 5.783320 228.968000 440.109000 -13 242 1 0 1.000000
-14.253400 -1.974410 0 -6.436150 3.472350 229.115000 440.330000 -13 243 1 0 1.000000
-0.948091 -11.938400 0 -10.345300 17.057400 229.207000 440.285000 -13 244 1 0 1.000000
1.760610 -20.402200 0 -0.809113 6.787710 220.209000 440.500000 -13 245 1 0 1.000000
-5.482860 -25.033600 0 9.209670 -15.828500 221.116000 440.370000 -13 246 1 0 1.000000
-6.195800 -0.486789 0 2.258920 -14.025900 224.363000 439.814000 -13 247 1 0 1.000000
-5.539280 -3.898540 0 6.068560 3.132430 194.246000 440.593000 -13 248 1 0 1.000000
2.991540 -3.782570 0 -22.761500 -4.281200 226.217000 440.229000 -13 249 1 0 1.000000
-3.122080 -7.762810 0 -0.404734 4.753960 226.281000 440.384000 -13 250 1 0 1.000000
4.760950 -26.497100 0 -6.797850 11.211500 215.293000 440.538000 -13 251 1 0 1.000000
-19.306100 -36.180200 0 -13.618300 18.174300 238.313000 440.358000 -13 252 1 0 1.000000
-4.827950 -16.038100 0 -0.200771 8.436820 194.897000 440.266000 -13 253 1 0 1.000000
11.964100 -9.148800 0 10.186400 13.397700 203.784000 440.422000 -13 254 1 0 1.000000
18.264200 -12.016400 0 12.109300 1.840200 211.085000 440.122000 -13 255 1 0 1.000000
28.906000 -25.241700 0 1.232720 -6.093900 196.523000 440.062000 -13 256 1 0 1.000000
18.923300 -28.262600 0 3.157010 -13.095400 204.176000 440.306000 -13 257 1 0 1.000000
-28.288400 -5.344480 0 12.087900 -2.872410 191.299000 440.232000 -13 258 1 0 1.000000
-24.577900 9.226870 0 3.110310 -6.143840 201.752000 440.290000 -13 259 1 0 1.000000
5.517210 -16.161600 0 -8.999490 -9.841080 209.753000 440.115000 -13 260 1 0 1.000000
6.986590 -29.379800 0 -5.946570 12.396900 223.473000 440.428000 -13 261 1 0 1.000000
0.963893 -21.977100 0 13.884400 -19.490000 188.146000 440.617000 -13 262 1 0 1.000000
6.891250 4.906050 0 2.139200 -5.278300 222.795000 440.300000 -13 263 1 0 1.000000
-4.268560 -5.676930 0 2.268100 -5.297040 220.038000 440.226000 -13 264 1 0 1.000000
-15.123000 -11.175100 0 -7.430690 -3.985710 184.727000 440.360000 -13 265 1 0 1.000000
2.283200 -15.105500 0 8.198510 0.046554 219.660000 440.564000 -13 266 1 0 1.000000
-25.300200 -19.666900 0 17.120900 -9.423510 221.303000 440.486000 -13 267 1 0 1.000000
-21.090200 -33.351500 0 -11.095200 -8.351680 200.650000 440.354000 -13 268 1 0 1.000000
3.825970 7.719550 0 15.721600 11.588700 196.684000 440.052000 -13 269 1 0 1.000000
-5.307260 -18.769300 0 -15.480300 0.608973 191.797000 440.296000 -13 270 1 0 1.000000
5.241670 -20.004300 0 -5.668110 -17.732400 190.100000 440.227000 -13 271 1 0 1.000000
-4.177730 -20.328900 0 -9.207230 -1.871380 200.061000 440.265000 -13 272 1 0 1.000000
-28.442400 10.797800 0 -0.121031 -9.820620 201.584000 440.360000 -13 273 1 0 1.000000
-18.290300 6.184650 0 -20.684400 -26.715100 200.401000 440.198000 -13 274 1 0 1.000000
11.220300 1.929320 0 -22.983500 -5.516000 203.174000 440.185000 -13 275 1 0 1.000000
-11.077700 -2.162170 0 -11.307600 -11.267700 191.217000 440.197000 -13 276 1 0 1.000000
-9.038470 -2.420890 0 -0.128880 -0.628463 209.796000 440.335000 -13 277 1 0 1.000000
-14.027200 -0.775630 0 -22.129600 -20.089900 208.956000 440.340000 -13 278 1 0 1.000000
-2.616020 -24.163900 0 17.699700 29.315600 206.102000 440.477000 -13 279 1 0 1.000000
-8.981820 -20.182000 0 4.455450 -28.545300 197.743000 440.372000 -13 280 1 0 1.000000
11.805900 3.639840 0 9.186130 -3.105840 213.645000 440.282000 -13 281 1 0 1.000000
4.827920 1.266310 0 2.207250 -7.044850 201.100000 440.295000 -13 282 1 0 1.000000
16.035900 -13.518700 0 15.573400 -6.203840 205.684000 440.482000 -13 283 1 0 1.000000
1.821310 -0.393922 0 -12.542200 1.933260 212.093000 440.333000 -13 284 1 0 1.000000
10.401300 -33.757800 0 12.465800 -6.861630 185.620000 440.254000 -13 285 1 0 1.000000
-1.692950 11.643600 0 -11.749100 8.555180 189.284000 439.945000 -13 286 1 0 1.000000
-9.546780 -10.248200 0 6.119670 -2.214530 181.520000 440.137000 -13 287 1 0 1.000000
-3.205100 -13.407500 0 4.700530 -24.863500 221.751000 439.977000 -13 288 1 0 1.000000
-4.553900 -12.918300 0 13.602800 -13.466000 197.608000 440.493000 -13 289 1 0 1.000000
-0.882159 -6.634750 0 -17.499100 15.367400 192.600000 440.066000 -13 290 1 0 1.000000
-18.517700 -1.519020 0 -17.536100 0.794495 198.084000 439.956000 -13 291 1 0 1.000000
8.788420 -0.744547 0 22.526800 1.610170 192.285000 440.255000 -13 292 1 0 1.000000
0.493776 -10.816700 0 9.213340 0.024874 182.951000 440.346000 -13 293 1 0 1.000000
-34.926300 14.405500 0 -4.327870 -0.274398 217.489000 440.362000 -13 294 1 0 1.000000
-43.412000 20.196000 0 5.091550 -3.484570 217.363000 440.357000 -13 295 1 0 1.000000
-1.210270 -9.912440 0 -14.299900 10.729100 212.997000 440.310000 -13 296 1 0 1.000000
19.778900 -22.040700 0 12.922700 11.064700 227.850000 440.305000 -13 297 1 0 1.000000
-51.403800 12.689900 0 -2.805180 2.167620 221.334000 440.235000 -13 298 1 0 1.000000
0.283519 -11.038900 0 -8.491570 -5.569860 206.663000 440.312000 -13 299 1 0 1.000000
5.169960 -47.161700 0 23.516100 23.264900 216.715000 440.616000 -13 300 1 0 1.000000
-0.133359 -13.225800 0 7.133210 3.423340 197.753000 440.148000 -13 301 1 0 1.000000
-25.553200 1.597530 0 13.966700 -12.590200 205.507000 440.441000 -13 302 1 0 1.000000
-26.204400 -0.610650 0 3.047930 -4.492020 206.924000 440.338000 -13 303 1 0 1.000000
-3.700450 -33.503900 0 10.278900 -2.329530 186.211000 440.216000 -13 304 1 0 1.000000
3.435860 -5.576670 0 -2.074660 -6.242670 198.106000 440.223000 -13 305 1 0 1.000000
22.296800 -18.502000 0 -9.789030 -6.450660 212.271000 440.354000 -13 306 1 0 1.000000
-17.569200 -5.415380 0 -4.817840 1.964990 203.672000 440.255000 -13 307 1 0 1.000000
21.610200 -9.795220 0 13.693000 6.768730 202.678000 440.267000 -13 308 1 0 1.000000
-19.478100 2.233460 0 6.736830 0.495188 208.667000 440.320000 -13 309 1 0 1.000000
-0.519462 -27.940700 0 -15.514500 -12.198300 217.281000 440.142000 -13 310 1 0 1.000000
-44.597400 -69.283800 0 19.422200 6.319720 233.547000 440.281000 -13 311 1 0 1.000000
-43.487100 -18.583400 0 7.764530 9.427510 235.703000 439.958000 -13 312 1 0 1.000000
9.662080 7.521380 0 -17.144300 -13.755700 222.415000 440.002000 -13 313 1 0 1.000000
19.273100 -33.902700 0 -18.475200 -13.584300 249.099000 440.575000 -13 314 1 0 1.000000
9.946420 19.823900 0 13.073400 -19.174400 199.139000 440.757000 -13 315 1 0 1.000000
0.460417 -19.585900 0 -14.339400 -4.192510 193.319000 439.871000 -13 316 1 0 1.000000
-4.687570 7.897120 0 -1.923890 -7.846530 200.060000 440.666000 -13 317 1 0 1.000000
9.420680 -37.332300 0 -16.092000 21.401500 240.308000 440.330000 -13 318 1 0 1.000000
-9.160380 -4.839660 0 -15.843000 5.901060 230.500000 440.221000 -13 319 1 0 1.000000
-9.132420 -11.967700 0 -19.173000 12.531800 231.685000 440.405000 -13 320 1 0 1.000000
-19.757200 -17.405700 0 -34.914800 -40.996900 226.222000 440.530000 -13 321 1 0 1.000000
5.841160 -40.652900 0 -20.944000 13.203100 212.627000 440.643000 -13 322 1 0 1.000000
-3.366740 7.533740 0 -10.784800 -12.942500 216.736000 440.078000 -13 323 1 0 1.000000
11.626400 -12.411300 0 -3.458340 6.829060 230.115000 440.139000 -13 324 1 0 1.000000
-14.130100 -45.376000 0 11.462900 -6.480580 231.465000 440.308000 -13 325 1 0 1.000000
-5.392440 -23.170700 0 1.929290 9.626640 217.691000 440.452000 -13 326 1 0 1.000000
-8.013760 -15.989700 0 7.225750 4.881410 217.291000 440.145000 -13 327 1 0 1.000000
13.763800 5.396950 0 2.448420 -1.429560 229.951000 440.424000 -13 328 1 0 1.000000
-10.868300 20.326600 0 23.395500 -11.977000 200.166000 440.579000 -13 329 1 0 1.000000
-25.326600 7.364740 0 -9.351050 1.927780 222.616000 440.107000 -13 330 1 0 1.000000
-16.821600 4.456060 0 14.204800 18.721600 220.577000 440.247000 -13 331 1 0 1.000000
-17.397900 -9.728030 0 -11.505900 -6.360790 216.170000 440.572000 -13 332 1 0 1.000000
-26.663700 0.992170 0 -2.877160 6.400710 232.193000 440.343000 -13 333 1 0 1.000000
-30.459800 -13.572200 0 9.183980 -2.403690 192.611000 440.463000 -13 334 1 0 1.000000
-63.366500 11.315200 0 7.886520 -16.494200 210.649000 440.582000 -13 335 1 0 1.000000
6.665610 -30.104800 0 14.348100 9.972340 180.715000 440.584000 -13 336 1 0 1.000000
70.759800 -30.321300 0 -2.798800 2.011010 215.072000 440.091000 -13 337 1 0 1.000000
14.787100 -19.050900 0 -11.417000 1.668260 181.693000 440.729000 -13 338 1 0 1.000000
9.928480 -21.501300 0 2.661590 -1.649090 225.812000 440.559000 -13 339 1 0 1.000000
-0.622510 -11.449300 0 6.376020 -9.238410 235.252000 440.296000 -13 340 1 0 1.000000
-22.591200 -30.956600 0 13.234100 -2.039190 225.755000 440.530000 -13 341 1 0 1.000000
-18.968000 -27.209200 0 -13.948800 8.502140 230.984000 440.360000 -13 342 1 0 1.000000
-36.495700 -3.498450 0 2.277560 16.194400 233.182000 440.343000 -13 343 1 0 1.000000
-6.126560 -3.311230 0 20.568600 1.714100 231.074000 440.296000 -13 344 1 0 1.000000
-28.996100 4.553020 0 14.128900 -13.196400 232.294000 440.502000 -13 345 1 0 1.000000
-6.856390 -8.600410 0 -13.554000 -5.161370 177.915000 440.365000 -13 346 1 0 1.000000
-29.136400 -12.251100 0 -1.926240 12.999400 230.938000 440.297000 -13 347 1 0 1.000000
-7.071430 -28.294100 0 -0.753766 -2.182950 221.797000 440.234000 -13 348 1 0 1.000000
-0.413846 -20.149900 0 12.452800 7.586120 209.415000 440.255000 -13 349 1 0 1.000000
-3.189160 -4.349880 0 0.679514 7.251860 204.917000 440.220000 -13 350 1 0 1.000000
-12.886000 -15.234000 0 -7.537580 -18.747800 216.261000 440.425000 -13 351 1 0 1.000000
-10.708900 -25.807800 0 -7.885540 -18.263400 201.688000 440.250000 -13 352 1 0 1.000000
-6.753090 2.863300 0 4.411710 14.630000 214.561000 440.222000 -13 353 1 0 1.000000
5.264720 -1.214350 0 9.306360 8.521150 210.438000 440.207000 -13 354 1 0 1.000000
11.644600 -53.785700 0 4.504430 19.593100 221.428000 440.191000 -13 355 1 0 1.000000
-18.341300 -31.687200 0 12.662700 -6.269060 214.399000 440.289000 -13 356 1 0 1.000000
-0.819427 -9.989090 0 9.748100 7.204650 205.867000 440.202000 -13 357 1 0 1.000000
2.848270 -34.368000 0 -0.410825 34.664100 214.486000 440.357000 -13 358 1 0 1.000000
5.701040 -10.016100 0 -9.909400 -15.392100 194.440000 440.142000 -13 359 1 0 1.000000
11.423100 -5.741580 0 -2.660450 -4.607340 210.363000 440.142000 -13 360 1 0 1.000000
-5.087400 -21.303000 0 -10.825300 -12.781700 196.471000 440.076000 -13 361 1 0 1.000000
-19.313800 -6.877720 0 -14.583100 -10.843900 237.566000 440.375000 -13 362 1 0 1.000000
-14.562700 -35.082100 0 13.905800 3.532600 203.656000 440.093000 -13 363 1 0 1.000000
-11.095800 -10.903200 0 7.445010 6.225120 206.040000 440.023000 -13 364 1 0 1.000000
-7.102250 -1.310850 0 -13.893300 -10.780600 211.894000 440.194000 -13 365 1 0 1.000000
19.595600 -6.746560 0 2.646270 -27.885500 207.281000 440.124000 -13 366 1 0 1.000000
8.049740 -18.630400 0 -12.364100 1.496180 211.289000 440.128000 -13 367 1 0 1.000000
25.196600 4.011770 0 -2.882870 3.092460 213.808000 440.299000 -13 368 1 0 1.000000
-11.887400 -6.321670 0 -12.581600 -15.551200 218.005000 440.267000 -13 369 1 0 1.000000
-2.861180 20.988100 0 3.419610 -0.578018 212.183000 440.357000 -13 370 1 0 1.000000
11.298700 -14.787100 0 1.039390 4.605560 210.522000 440.318000 -13 371 1 0 1.000000
-24.617700 -19.287600 0 10.915000 -35.698500 226.961000 440.538000 -13 372 1 0 1.000000
-20.331400 4.704450 0 -6.381790 7.824050 206.780000 440.170000 -13 373 1 0 1.000000
16.392400 -45.509400 0 21.869100 -6.264400 212.871000 440.381000 -13 374 1 0 1.000000
7.612180 6.459400 0 -5.754900 3.021070 221.071000 440.219000 -13 375 1 0 1.000000
8.588750 -33.625100 0 4.719840 -1.630000 223.067000 440.289000 -13 376 1 0 1.000000
-18.763100 -37.523700 0 -10.469800 12.000900 222.571000 440.201000 -13 377 1 0 1.000000
3.213990 -16.931100 0 1.491920 18.904700 201.514000 440.318000 -13 378 1 0 1.000000
12.797000 5.933500 0 -3.744950 9.502400 200.472000 440.156000 -13 379 1 0 1.000000
3.650130 -31.055800 0 -7.639850 0.568052 199.467000 440.223000 -13 380 1 0 1.000000
2.008190 -9.086520 0 -20.776700 14.701800 200.870000 440.183000 -13 381 1 0 1.000000
1.500930 -42.989600 0 -9.115650 -6.405150 218.993000 440.011000 -13 382 1 0 1.000000
-44.191300 -15.104900 0 -19.794500 -6.418830 187.690000 440.047000 -13 383 1 0 1.000000
6.904180 -2.672190 0 -2.968450 -5.669470 209.791000 440.244000 -13 384 1 0 1.000000
-11.499400 -18.359000 0 -7.250520 2.756020 205.885000 440.248000 -13 385 1 0 1.000000
-3.556010 -9.885800 0 2.888680 -5.092120 189.119000 440.246000 -13 386 1 0 1.000000
-15.354300 -5.217450 0 9.044540 0.195509 205.573000 440.195000 -13 387 1 0 1.000000
-34.513300 13.438500 0 -1.919260 7.083340 207.590000 440.216000 -13 388 1 0 1.000000
-20.732300 -25.155100 0 0.086547 11.884300 219.381000 440.453000 -13 389 1 0 1.000000
-24.686300 -4.118620 0 -3.231040 3.585890 213.105000 440.114000 -13 390 1 0 1.000000
-6.105550 -4.568140 0 -13.260500 -0.819942 212.662000 440.180000 -13 391 1 0 1.000000
-14.628900 -14.115700 0 -23.268200 8.335620 223.310000 440.161000 -13 392 1 0 1.000000
-13.978300 1.117320 0 5.765440 -3.857950 208.000000 440.236000 -13 393 1 0 1.000000
-17.782000 -11.146200 0 -12.311300 -1.967410 201.541000 440.128000 -13 394 1 0 1.000000
24.405000 -44.953500 0 -10.248300 -7.227050 228.082000 440.203000 -13 395 1 0 1.000000
-4.183670 12.005800 0 11.426700 -10.374700 226.463000 440.513000 -13 396 1 0 1.000000
-0.559208 -33.513500 0 -21.448900 -17.222300 206.650000 440.363000 -13 397 1 0 1.000000
23.145900 -23.697000 0 -4.109940 -19.055200 177.149000 439.942000 -13 398 1 0 1.000000
-8.490000 18.668400 0 29.764800 7.223580 205.306000 440.851000 -13 399 1 0 1.000000
15.416500 -16.230500 0 -23.438100 23.780400 188.504000 440.471000 -13 400 1 0 1.000000
-10.544000 -9.564490 0 -0.808066 3.839860 216.065000 440.432000 -13 401 1 0 1.000000
-15.210100 -22.372000 0 2.538460 -5.170870 211.255000 440.484000 -13 402 1 0 1.000000
-21.894500 -8.057770 0 -14.259500 20.299900 209.410000 440.515000 -13 403 1 0 1.000000
34.579000 56.214700 0 -6.242760 -25.388700 216.651000 440.378000 -13 404 1 0 1.000000
-18.608700 -17.005400 0 -4.597830 1.621960 189.425000 440.424000 -13 405 1 0 1.000000
-8.643080 -18.850300 0 2.783280 -13.151700 213.689000 440.393000 -13 406 1 0 1.000000
-15.201600 -56.723000 0 -2.405920 -7.644300 219.582000 440.435000 -13 407 1 0 1.000000
8.135590 21.979200 0 -32.753100 8.700070 226.466000 440.300000 -13 408 1 0 1.000000
2.052810 -19.299800 0 19.234500 -0.399754 191.477000 440.333000 -13 409 1 0 1.000000
3.878160 4.067050 0 -17.311900 -0.049773 187.107000 440.129000 -13 410 1 0 1.000000
-4.636530 14.697400 0 -0.091088 -7.236120 190.821000 440.234000 -13 411 1 0 1.000000
25.002000 5.113060 0 -2.800290 -8.519160 189.807000 440.314000 -13 412 1 0 1.000000
2.926930 -24.324300 0 24.598600 6.830250 190.564000 440.283000 -13 413 1 0 1.000000
5.609600 6.551860 0 8.305350 14.029900 188.640000 440.073000 -13 414 1 0 1.000000
20.080500 -17.838800 0 13.508200 -17.515400 205.209000 440.268000 -13 415 1 0 1.000000
43.514000 -0.759724 0 7.190510 -2.743600 227.321000 440.151000 -13 416 1 0 1.000000
5.893550 -8.338490 0 -12.657900 3.743510 198.093000 440.400000 -13 417 1 0 1.000000
10.689400 -23.185000 0 -3.427130 -10.637600 189.223000 440.245000 -13 418 1 0 1.000000
9.527490 -16.632200 0 5.741970 14.602900 192.461000 440.122000 -13 419 1 0 1.000000
-19.162200 21.895900 0 17.320800 -12.700100 227.052000 440.096000 -13 420 1 0 1.000000
-35.057900 -16.600300 0 -0.904528 17.144800 208.739000 439.920000 -13 421 1 0 1.000000
-4.870760 -27.048400 0 15.632700 16.678100 205.614000 440.113000 -13 422 1 0 1.000000
-37.151800 -16.808000 0 0.019464 -0.717698 207.917000 440.177000 -13 423 1 0 1.000000
-38.903500 -4.936040 0 3.089640 -2.839360 212.127000 440.009000 -13 424 1 0 1.000000
-6.597620 -16.838300 0 -5.479670 -0.278633 200.146000 440.068000 -13 425 1 0 1.000000
-18.288800 -36.121100 0 2.054740 6.884740 219.581000 439.968000 -13 426 1 0 1.000000
16.890400 -4.733710 0 -9.629790 -4.590240 199.514000 440.216000 -13 427 1 0 1.000000
-33.065200 -38.633600 0 10.444100 -0.940985 214.751000 440.021000 -13 428 1 0 1.000000
-1.976170 -15.346100 0 9.033480 16.200800 189.384000 440.364000 -13 429 1 0 1.000000
7.383270 -26.065900 0 3.252140 11.479300 202.236000 440.305000 -13 430 1 0 1.000000
-18.602000 10.328100 0 5.271530 2.223160 215.902000 440.270000 -13 431 1 0 1.000000
17.249100 -1.817330 0 -40.626800 -26.469400 223.609000 440.185000 -13 432 1 0 1.000000
-16.591300 9.913540 0 4.527190 -5.961620 199.306000 440.371000 -13 433 1 0 1.000000
-18.385600 0.966420 0 7.303870 7.737380 208.610000 440.288000 -13 434 1 0 1.000000
-7.776860 8.974430 0 -3.222790 -12.471900 203.133000 440.298000 -13 435 1 0 1.000000
-13.826000 0.997310 0 8.566630 -1.807410 199.811000 440.355000 -13 436 1 0 1.000000
-53.151600 76.041000 0 -6.807130 11.617600 238.517000 440.243000 -13 437 1 0 1.000000
-29.692200 -2.918080 0 28.916700 13.347100 201.335000 440.339000 -13 438 1 0 1.000000
-40.482000 35.019600 0 21.321300 -0.049721 214.945000 440.657000 -13 439 1 0 1.000000
-18.713900 -6.314880 0 0.669876 11.610300 216.286000 440.392000 -13 440 1 0 1.000000
9.569830 -3.088770 0 48.635500 -10.176600 200.714000 439.881000 -13 441 1 0 1.000000
-18.016800 0.161348 0 19.800100 1.594570 216.481000 440.489000 -13 442 1 0 1.000000
-11.843400 -5.962100 0 -6.055720 12.200400 220.542000 440.345000 -13 443 1 0 1.000000
17.321700 -31.653900 0 -11.745300 -16.874400 224.465000 440.231000 -13 444 1 0 1.000000
-23.958400 -10.820500 0 -3.928530 17.521300 220.850000 440.310000 -13 445 1 0 1.000000
6.321090 -3.212380 0 -14.447300 -0.961477 212.699000 440.201000 -13 446 1 0 1.000000
-11.596400 -38.943700 0 -16.270000 12.772600 231.084000 440.172000 -13 447 1 0 1.000000
-26.367600 -41.404100 0 -2.067380 4.705740 225.372000 440.095000 -13 448 1 0 1.000000
-4.116090 -19.634000 0 13.640000 21.764200 209.502000 440.255000 -13 449 1 0 1.000000
29.251300 -39.071000 0 -29.350300 13.263100 246.672000 440.450000 -13 450 1 0 1.000000
-6.923570 -8.438130 0 6.319230 2.319430 220.941000 440.143000 -13 451 1 0 1.000000
-16.077200 9.595150 0 -11.758200 -7.952430 230.325000 440.131000 -13 452 1 0 1.000000
3.950540 12.777200 0 -2.351480 -2.070640 219.757000 440.144000 -13 453 1 0 1.000000
4.752670 2.038200 0 7.522600 13.102400 217.347000 440.209000 -13 454 1 0 1.000000
21.994700 18.509200 0 -16.585200 -16.445300 215.066000 440.543000 -13 455 1 0 1.000000
-10.517700 31.295100 0 -9.244920 7.401590 224.976000 440.431000 -13 456 1 0 1.000000
-12.006600 -0.712409 0 -18.682700 8.462420 225.957000 440.265000 -13 457 1 0 1.000000
24.095200 -35.468400 0 -1.426560 8.775800 183.729000 440.462000 -13 458 1 0 1.000000
24.890500 10.556900 0 -25.374700 -10.475500 208.825000 440.630000 -13 459 1 0 1.000000
-24.777000 4.837760 0 -13.332200 7.533810 220.341000 440.293000 -13 460 1 0 1.000000
-25.798300 -2.416190 0 -16.852800 -11.878700 219.240000 440.670000 -13 461 1 0 1.000000
-2.021450 -3.350230 0 -6.880020 -1.182110 224.064000 440.241000 -13 462 1 0 1.000000
12.945400 -9.767460 0 -3.458660 4.085960 203.164000 440.203000 -13 463 1 0 1.000000
-37.806800 -22.873000 0 -11.457100 0.187502 206.273000 440.065000 -13 464 1 0 1.000000
-8.943240 -4.032220 0 4.565200 -3.264810 225.216000 440.111000 -13 465 1 0 1.000000
-0.853525 1.043380 0 6.324200 -6.268280 235.445000 440.516000 -13 466 1 0 1.000000
-28.886900 -10.952100 0 -2.003640 6.343150 229.446000 440.044000 -13 467 1 0 1.000000
-28.792300 25.624200 0 -13.566900 4.197180 222.179000 440.153000 -13 468 1 0 1.000000
-23.522800 12.421300 0 5.620290 -5.611200 234.394000 440.152000 -13 469 1 0 1.000000
-13.044500 -9.318770 0 -1.131970 1.859380 207.033000 440.151000 -13 470 1 0 1.000000
-27.567200 -2.189620 0 21.276900 8.940790 216.093000 440.177000 -13 471 1 0 1.000000
33.143700 17.530800 0 1.043710 5.512880 214.209000 440.375000 -13 472 1 0 1.000000
2.141630 -67.320000 0 8.474050 -35.870300 212.648000 440.200000 -13 473 1 0 1.000000
-26.603300 10.785600 0 7.445690 8.446220 209.979000 440.341000 -13 474 1 0 1.000000
-18.183400 -0.018789 0 10.869000 9.185050 212.591000 440.310000 -13 475 1 0 1.000000
-16.219400 -13.312900 0 -8.248630 -11.108900 214.023000 440.341000 -13 476 1 0 1.000000
-32.097400 -4.013780 0 -7.940070 -6.749030 211.757000 440.471000 -13 477 1 0 1.000000
-7.477230 2.756230 0 -3.526780 -2.445880 211.491000 440.366000 -13 478 1 0 1.000000
7.432930 -16.907500 0 -26.584800 8.718270 208.227000 440.273000 -13 479 1 0 1.000000
-11.926900 -2.721890 0 -20.443200 7.356180 204.975000 440.343000 -13 480 1 0 1.000000
-12.230900 -8.886710 0 -2.796050 -3.147900 210.116000 440.600000 -13 481 1 0 1.000000
16.314000 -18.285700 0 -2.559340 -5.035330 217.105000 440.564000 -13 482 1 0 1.000000
-26.469500 32.795800 0 9.816240 -11.714100 238.623000 440.472000 -13 483 1 0 1.000000
-14.531200 -6.000680 0 8.573270 -0.076872 225.583000 440.497000 -13 484 1 0 1.000000
-4.793790 0.845346 0 11.487300 -12.837200 223.040000 440.197000 -13 485 1 0 1.000000
-3.542430 -13.793300 0 3.562700 -4.121500 223.126000 440.401000 -13 486 1 0 1.000000
-23.362800 -19.118000 0 11.079800 -1.637150 201.961000 440.636000 -13 487 1 0 1.000000
-19.389900 -7.228310 0 3.351250 -18.284400 224.319000 440.389000 -13 488 1 0 1.000000
-1.545750 6.985390 0 16.515200 -15.808800 230.685000 440.346000 -13 489 1 0 1.000000
-12.431400 -13.877000 0 6.398270 -16.219000 225.272000 440.174000 -13 490 1 0 1.000000
38.970600 -21.076800 0 -55.138500 -61.199600 165.388000 441.711000 -13 491 1 0 1.000000
-43.420700 -10.580300 0 0.412749 -13.373000 232.263000 440.278000 -13 492 1 0 1.000000
-16.119800 -4.376560 0 0.509542 7.365490 236.004000 440.338000 -13 493 1 0 1.000000
-0.227751 1.929550 0 -7.675760 5.586640 218.426000 439.905000 -13 494 1 0 1.000000
-17.801100 -21.499400 0 8.294730 -4.559620 226.954000 440.374000 -13 495 1 0 1.000000
-29.884700 -22.919800 0 -5.390340 0.157553 217.329000 440.151000 -13 496 1 0 1.000000
3.528130 -63.112800 0 5.777790 -4.048960 229.656000 440.318000 -13 497 1 0 1.000000
-22.267600 6.093640 0 -3.436280 -7.668650 220.715000 440.559000 -13 498 1 0 1.000000
-3.395370 -40.577700 0 -6.081200 -10.921200 228.742000 440.264000 -13 499 1 0 1.000000
-21.452200 -8.116180 0 25.165000 10.303000 225.553000 440.561000 -13 500 1 0 1.000000
-6.400220 19.497300 0 3.589680 12.736600 224.813000 440.379000 -13 501 1 0 1.000000
18.178800 -6.640080 0 -10.596000 -0.472632 230.094000 440.332000 -13 502 1 0 1.000000
-33.896700 -6.783740 0 -11.894700 9.491660 218.627000 440.320000 -13 503 1 0 1.000000
-11.014800 -1.581300 0 16.234900 -3.496750 207.690000 440.454000 -13 504 1 0 1.000000
0.308935 6.493230 0 0.229980 5.136590 221.182000 440.327000 -13 505 1 0 1.000000
-4.140700 -20.433700 0 3.887100 -14.038100 219.042000 440.240000 -13 506 1 0 1.000000
-12.287400 -5.661700 0 19.125900 9.725100 208.721000 440.583000 -13 507 1 0 1.000000
13.827800 -23.789200 0 8.917770 -22.818600 222.471000 440.297000 -13 508 1 0 1.000000
-50.472300 5.983730 0 19.829300 -5.267020 232.031000 440.397000 -13 509 1 0 1.000000
-1.724160 -21.638100 0 2.573340 -2.823950 227.141000 440.147000 -13 510 1 0 1.000000
-62.204200 -40.763100 0 -17.365000 5.410680 217.625000 440.636000 -13 511 1 0 1.000000
-25.277000 -18.651500 0 4.064020 7.243900 218.978000 440.672000 -13 512 1 0 1.000000
-48.958100 -27.298100 0 24.897100 5.423100 214.785000 440.898000 -13 513 1 0 1.000000
-6.567500 -8.742500 0 11.887500 6.321230 219.631000 440.168000 -13 514 1 0 1.000000
-12.135400 -1.517100 0 3.549120 -6.027340 234.598000 440.249000 -13 515 1 0 1.000000
-18.416900 -7.843300 0 13.572100 4.039540 223.375000 440.100000 -13 516 1 0 1.000000
-10.453500 -18.141000 0 16.268500 12.254800 213.406000 440.607000 -13 517 1 0 1.000000
4.781840 -26.124600 0 -1.825510 -11.008400 184.237000 440.320000 -13 518 1 0 1.000000
1.629890 -3.293830 0 -5.445070 -6.928790 202.025000 440.031000 -13 519 1 0 1.000000
-7.903930 -10.424800 0 -1.047970 10.002600 191.008000 439.867000 -13 520 1 0 1.000000
8.703090 1.377470 0 -4.706480 4.074610 195.113000 440.239000 -13 521 1 0 1.000000
52.505600 -23.817300 0 -14.133900 8.898520 218.233000 440.500000 -13 522 1 0 1.000000
-22.495200 4.299600 0 2.808420 -7.970150 201.158000 440.406000 -13 523 1 0 1.000000
-12.473700 15.830700 0 -19.874600 4.155160 209.370000 440.272000 -13 524 1 0 1.000000
-1.188140 2.136690 0 -8.276940 12.818800 194.512000 440.071000 -13 525 1 0 1.000000
-1.425300 -2.890850 0 -22.126900 28.239200 181.213000 440.312000 -13 526 1 0 1.000000
-12.205400 -17.756000 0 -9.284820 10.648700 219.434000 440.349000 -13 527 1 0 1.000000
-30.049900 -35.729000 0 -5.174040 11.624400 234.858000 440.467000 -13 528 1 0 1.000000
-6.412490 -26.927800 0 5.891900 -1.747960 199.337000 440.749000 -13 529 1 0 1.000000
-26.642100 -2.175340 0 7.158130 16.415700 215.242000 440.580000 -13 530 1 0 1.000000
45.570800 -21.986900 0 2.664170 -10.299600 233.310000 440.550000 -13 531 1 0 1.000000
-26.388000 4.420600 0 4.576790 12.573400 218.638000 440.167000 -13 532 1 0 1.000000
-26.603300 21.924400 0 1.287090 0.216220 244.157000 440.299000 -13 533 1 0 1.000000
-16.054000 -7.823930 0 -26.122400 -21.991000 232.240000 440.483000 -13 534 1 0 1.000000
-10.590600 -32.769300 0 5.043940 -14.125500 184.996000 439.964000 -13 535 1 0 1.000000
4.709410 -3.710380 0 7.022110 1.121840 195.189000 440.187000 -13 536 1 0 1.000000
-34.783300 7.082710 0 6.973570 -15.811100 204.892000 440.125000 -13 537 1 0 1.000000
34.436300 -4.523270 0 1.432450 4.308020 211.445000 440.266000 -13 538 1 0 1.000000
-13.536400 -20.089400 0 1.360040 4.573980 196.907000 440.190000 -13 539 1 0 1.000000
-8.067180 2.122680 0 4.434530 -0.217239 196.390000 440.159000 -13 540 1 0 1.000000
-12.124300 -22.741000 0 12.056500 -23.939600 204.852000 440.269000 -13 541 1 0 1.000000
-13.466400 -0.939539 0 -7.544730 -11.842000 209.968000 440.231000 -13 542 1 0 1.000000
-4.691250 2.279910 0 -3.392710 -6.592370 203.493000 440.313000 -13 543 1 0 1.000000
-23.650400 -22.545500 0 -23.002800 -8.684480 234.758000 440.431000 -13 544 1 0 1.000000
-0.772570 -14.705600 0 19.827400 -14.809700 215.354000 440.100000 -13 545 1 0 1.000000
-19.083400 -7.834470 0 -0.737070 -12.199900 226.870000 440.476000 -13 546 1 0 1.000000
-4.820770 -24.917100 0 13.302000 2.861870 220.477000 440.103000 -13 547 1 0 1.000000
-24.117600 3.261280 0 7.209580 -1.131560 228.680000 440.158000 -13 548 1 0 1.000000
-41.080500 -14.171500 0 -9.146370 -6.937840 224.603000 440.167000 -13 549 1 0 1.000000
11.094400 6.961680 0 5.628070 -3.554960 231.447000 440.659000 -13 550 1 0 1.000000
-47.586900 -12.421000 0 2.918720 10.468100 222.979000 440.217000 -13 551 1 0 1.000000
-9.423130 32.054200 0 16.514700 -1.517660 255.045000 440.259000 -13 552 1 0 1.000000
-34.311200 6.490640 0 -3.711150 2.299510 230.143000 440.456000 -13 553 1 0 1.000000
-0.948978 11.881900 0 4.034360 -23.692900 195.251000 440.481000 -13 554 1 0 1.000000
2.985590 -19.892600 0 -9.342310 -9.401810 214.336000 440.262000 -13 555 1 0 1.000000
-14.245400 -13.619800 0 -0.557121 21.225600 218.400000 440.362000 -13 556 1 0 1.000000
0.732189 -31.035400 0 9.041450 -4.747300 211.990000 440.296000 -13 557 1 0 1.000000
-0.892751 -7.717130 0 3.400800 -21.070900 211.352000 440.330000 -13 558 1 0 1.000000
0.510852 -48.439700 0 -14.893000 23.687200 229.135000 440.361000 -13 559 1 0 1.000000
-56.508200 6.518560 0 22.914100 -9.223950 223.171000 440.138000 -13 560 1 0 1.000000
6.011930 -13.741300 0 -28.082800 15.164700 210.088000 440.269000 -13 561 1 0 1.000000
2.083920 -54.602600 0 -6.665860 -18.094600 213.107000 440.420000 -13 562 1 0 1.000000
1.658380 -15.032300 0 6.849570 -16.093800 204.927000 440.365000 -13 563 1 0 1.000000
-11.810000 -7.918650 0 0.658650 -3.966920 224.768000 440.477000 -13 564 1 0 1.000000
3.750660 -31.459500 0 2.626370 16.050000 184.187000 439.975000 -13 565 1 0 1.000000
-52.693700 0.215916 0 -5.932340 -25.345900 234.601000 440.357000 -13 566 1 0 1.000000
-11.371000 -29.341300 0 -3.075990 7.424300 229.308000 440.432000 -13 567 1 0 1.000000
1.764350 4.315440 0 -6.112720 -18.392400 212.139000 440.518000 -13 568 1 0 1.000000
11.985000 -16.948300 0 8.911180 0.538556 192.279000 440.589000 -13 569 1 0 1.000000
-7.241230 -5.904120 0 -0.773111 1.933690 213.118000 440.080000 -13 570 1 0 1.000000
5.237110 15.035000 0 2.736370 18.679900 200.879000 440.579000 -13 571 1 0 1.000000
-9.440950 -24.760000 0 -0.320616 6.090920 218.326000 440.117000 -13 572 1 0 1.000000
-25.483900 15.343400 0 -1.700320 -13.869300 238.050000 440.449000 -13 573 1 0 1.000000
-30.864800 -3.534740 0 6.931380 23.394600 217.063000 440.690000 -13 574 1 0 1.000000
-2.867370 -27.162000 0 4.024220 18.568700 220.463000 440.580000 -13 575 1 0 1.000000
17.302300 -26.887700 0 -9.928160 0.250405 200.579000 440.706000 -13 576 1 0 1.000000
-6.009610 -13.934400 0 -6.443930 -4.275960 226.040000 440.238000 -13 577 1 0 1.000000
34.039600 4.251870 0 -17.871200 -23.428300 204.687000 440.636000 -13 578 1 0 1.000000
2.030040 -10.231100 0 -19.544400 13.457000 170.690000 440.209000 -13 579 1 0 1.000000
25.643500 -18.003400 0 9.800900 10.375300 214.760000 440.299000 -13 580 1 0 1.000000
-11.907800 18.025300 0 0.445382 -10.720000 210.004000 440.356000 -13 581 1 0 1.000000
-9.021900 -11.303100 0 17.117200 -11.368900 204.737000 440.328000 -13 582 1 0 1.000000
-32.674600 -24.102700 0 2.040960 4.509060 208.915000 440.375000 -13 583 1 0 1.000000
-5.962430 -2.476140 0 15.834200 8.648710 209.913000 440.445000 -13 584 1 0 1.000000
0.653152 0.111144 0 -6.160000 3.397390 199.963000 440.231000 -13 585 1 0 1.000000
-13.737500 -17.925700 0 -1.517990 14.994300 209.363000 440.317000 -13 586 1 0 1.000000
-55.020600 -28.438000 0 -10.259200 6.153270 209.795000 440.445000 -13 587 1 0 1.000000
-20.715200 -9.916350 0 -1.564150 -4.754630 208.221000 440.559000 -13 588 1 0 1.000000
-26.483300 -28.031100 0 -2.324310 -16.499600 200.526000 439.832000 -13 589 1 0 1.000000
-2.340950 -25.130500 0 -5.762800 0.233756 207.088000 440.580000 -13 590 1 0 1.000000
-23.744800 3.989880 0 -5.894350 2.979250 211.186000 440.789000 -13 591 1 0 1.000000
-14.222200 -15.578200 0 -5.237370 -13.459600 232.343000 439.909000 -13 592 1 0 1.000000
5.711970 -19.290200 0 -10.591800 -9.651430 221.960000 440.646000 -13 593 1 0 1.000000
2.229480 -4.720840 0 13.201700 15.889400 204.112000 440.736000 -13 594 1 0 1.000000
-7.548320 -16.403300 0 1.569430 8.281300 210.035000 440.211000 -13 595 1 0 1.000000
-22.674800 -2.646840 0 12.246500 -4.688330 208.136000 440.279000 -13 596 1 0 1.000000
-35.241100 11.417500 0 -8.108990 -13.026300 213.651000 440.228000 -13 597 1 0 1.000000
-3.605060 -14.192800 0 -7.767490 -15.835400 205.468000 440.181000 -13 598 1 0 1.000000
-6.379120 -11.616500 0 2.418210 -6.576220 205.005000 440.241000 -13 599 1 0 1.000000
-8.278690 -9.532280 0 -17.681000 -8.112640 209.627000 440.438000 -13 600 1 0 1.000000
3.455310 -36.025500 0 -24.541000 1.691210 217.442000 440.322000 -13 601 1 0 1.000000
-26.542700 -12.118500 0 -12.651900 -6.586650 206.236000 440.256000 -13 602 1 0 1.000000
-32.833200 -9.838810 0 5.028940 -1.325640 210.463000 440.303000 -13 603 1 0 1.000000
-19.399600 9.381190 0 0.925854 -2.831710 191.204000 440.216000 -13 604 1 0 1.000000
9.389160 -9.852580 0 -11.516500 -13.342200 202.563000 440.091000 -13 605 1 0 1.000000
-23.013600 -21.760100 0 2.263570 17.672300 201.856000 440.246000 -13 606 1 0 1.000000
-18.442600 -20.227300 0 -1.659540 0.112498 203.420000 440.241000 -13 607 1 0 1.000000
-6.772920 -1.592870 0 4.146500 -19.213400 217.874000 440.042000 -13 608 1 0 1.000000
-16.964400 0.382763 0 9.201110 -0.313449 200.205000 440.169000 -13 609 1 0 1.000000
24.852900 -56.117700 0 -15.743200 25.423200 210.746000 440.463000 -13 610 1 0 1.000000
-17.318800 3.430650 0 -0.739685 -4.804170 207.463000 440.070000 -13 611 1 0 1.000000
-12.514300 6.911340 0 11.251000 -15.542100 210.692000 440.255000 -13 612 1 0 1.000000
-24.900200 22.000900 0 6.915100 -5.713640 225.104000 440.280000 -13 613 1 0 1.000000
-33.981200 19.446600 0 0.246770 2.807870 221.370000 440.314000 -13 614 1 0 1.000000
6.220870 3.026810 0 -8.546720 -8.735390 219.447000 440.379000 -13 615 1 0 1.000000
-6.229130 -29.216900 0 -8.244040 5.729090 217.903000 440.208000 -13 616 1 0 1.000000
10.646300 -19.620300 0 9.679180 23.645500 209.224000 440.506000 -13 617 1 0 1.000000
-12.739900 -15.059100 0 2.517180 11.148600 205.831000 440.419000 -13 618 1 0 1.000000
-7.662670 8.933770 0 11.748000 -1.327300 217.409000 440.481000 -13 619 1 0 1.000000
-29.742100 14.617800 0 -6.614630 1.575290 215.077000 440.313000 -13 620 1 0 1.000000
0.782243 -12.989000 0 -2.680590 11.550700 214.577000 440.237000 -13 621 1 0 1.000000
-32.546500 -33.677400 0 14.449100 13.638900 218.082000 440.446000 -13 622 1 0 1.000000
4.301940 -41.454900 0 1.902530 -0.943893 223.028000 440.260000 -13 623 1 0 1.000000
-3.105440 -6.690920 0 1.918220 4.199670 219.924000 440.296000 -13 624 1 0 1.000000
0.885024 -10.522700 0 8.009820 -14.232800 204.544000 440.125000 -13 625 1 0 1.000000
-23.245200 15.200900 0 2.377520 -0.903139 212.282000 440.101000 -13 626 1 0 1.000000
5.119900 15.990500 0 5.696360 -18.616100 220.183000 440.273000 -13 627 1 0 1.000000
-13.499800 -16.235600 0 -9.951840 -1.320940 216.293000 440.159000 -13 628 1 0 1.000000
8.512270 -55.672000 0 15.311300 21.031200 221.773000 440.338000 -13 629 1 0 1.000000
-3.130010 -16.159100 0 15.571600 -32.127600 204.875000 440.421000 -13 630 1 0 1.000000
-4.225120 -23.979100 0 1.031700 -19.830400 231.682000 440.273000 -13 631 1 0 1.000000
-17.571300 -25.121700 0 -11.146400 7.254000 226.510000 440.181000 -13 632 1 0 1.000000
13.664600 -9.310170 0 0.715823 4.899500 220.299000 440.221000 -13 633 1 0 1.000000
-4.650890 -2.579340 0 12.443900 -12.335300 224.744000 440.323000 -13 634 1 0 1.000000
-16.625000 16.377000 0 -5.653220 -2.322610 222.971000 440.171000 -13 635 1 0 1.000000
-21.936900 -9.410030 0 -9.203100 -0.342175 226.929000 440.257000 -13 636 1 0 1.000000
-29.329200 25.492600 0 -4.317890 -17.106700 231.921000 440.398000 -13 637 1 0 1.000000
-13.315200 -23.796000 0 12.803700 -2.048920 220.964000 440.149000 -13 638 1 0 1.000000
-19.054300 -12.029300 0 -8.650880 -9.131800 226.246000 440.387000 -13 639 1 0 1.000000
-11.699000 -10.493300 0 13.571200 2.242750 223.010000 440.156000 -13 640 1 0 1.000000
6.051500 -9.503900 0 -5.090290 -8.176320 220.182000 440.559000 -13 641 1 0 1.000000
-22.216600 -10.269000 0 -4.526040 -3.214940 222.738000 440.249000 -13 642 1 0 1.000000
-2.133880 -3.617050 0 10.576100 -22.938100 220.968000 439.890000 -13 643 1 0 1.000000
-5.206060 -7.038800 0 -1.675080 3.978790 221.705000 440.156000 -13 644 1 0 1.000000
-28.518700 -22.312000 0 26.007000 -12.661100 226.208000 440.483000 -13 645 1 0 1.000000
-23.213400 -10.580400 0 10.261400 -18.879400 220.601000 440.432000 -13 646 1 0 1.000000
-18.059600 9.796280 0 2.233540 1.200080 219.315000 440.353000 -13 647 1 0 1.000000
-48.467600 0.288884 0 3.928240 -18.682200 226.692000 440.325000 -13 648 1 0 1.000000
0.370435 4.249280 0 1.595960 -10.025200 204.535000 440.197000 -13 649 1 0 1.000000
11.236600 -32.016000 0 -6.509500 8.024480 222.943000 440.338000 -13 650 1 0 1.000000
-24.326700 -11.699100 0 -8.616060 1.249460 201.054000 440.063000 -13 651 1 0 1.000000
-23.656800 -8.980810 0 5.447290 0.494732 203.583000 440.166000 -13 652 1 0 1.000000
-2.028670 -17.078100 0 18.326600 -8.266140 215.415000 440.289000 -13 653 1 0 1.000000
2.742400 -11.250600 0 -1.462070 -14.703400 200.120000 440.040000 -13 654 1 0 1.000000
16.105100 31.802500 0 4.024510 -25.648000 207.063000 440.391000 -13 655 1 0 1.000000
-9.581450 -2.962950 0 14.965200 -1.597600 197.582000 440.366000 -13 656 1 0 1.000000
-41.268800 -10.548300 0 18.157400 11.233700 210.824000 440.245000 -13 657 1 0 1.000000
-42.740600 -11.888300 0 10.284800 -14.244100 210.977000 440.382000 -13 658 1 0 1.000000
-11.914100 -2.745660 0 3.753180 -8.164710 205.601000 440.335000 -13 659 1 0 1.000000
-41.875600 -11.475600 0 -9.452860 26.303500 197.366000 440.033000 -13 660 1 0 1.000000
2.877830 -8.587750 0 4.905170 11.479700 206.447000 440.259000 -13 661 1 0 1.000000
-0.712064 -6.969820 0 -11.252500 -22.018400 197.883000 440.228000 -13 662 1 0 1.000000
-0.118776 -14.973400 0 -0.447033 27.905700 207.808000 440.259000 -13 663 1 0 1.000000
-16.632900 -38.146300 0 -13.201700 -34.269000 230.335000 440.242000 -13 664 1 0 1.000000
3.813830 7.869950 0 -10.876300 -8.263230 208.211000 440.403000 -13 665 1 0 1.000000
29.357800 -52.070200 0 0.072152 13.542600 207.771000 440.158000 -13 666 1 0 1.000000
-21.258000 2.155290 0 4.566280 9.893070 215.212000 440.284000 -13 667 1 0 1.000000
-2.117520 -7.623980 0 8.045750 -5.343190 206.343000 440.341000 -13 668 1 0 1.000000
52.885800 -13.546800 0 -18.805100 16.799300 214.996000 440.465000 -13 669 1 0 1.000000
-8.176090 -9.069940 0 9.561360 -8.576160 210.352000 440.401000 -13 670 1 0 1.000000
-52.946600 14.132800 0 -4.671430 -4.593330 207.626000 440.347000 -13 671 1 0 1.000000
-27.173100 -24.047900 0 -9.311090 -14.035300 207.527000 440.419000 -13 672 1 0 1.000000
-25.431600 -3.601460 0 1.977010 -6.666340 201.178000 440.432000 -13 673 1 0 1.000000
-51.577700 42.693400 0 -16.070000 -15.226300 225.959000 440.564000 -13 674 1 0 1.000000
-2.320430 -17.184000 0 11.163600 3.242040 215.403000 440.458000 -13 675 1 0 1.000000
-9.783390 -37.940500 0 30.460600 -16.276500 206.663000 440.524000 -13 676 1 0 1.000000
-11.756600 -27.868000 0 6.950990 28.424700 219.606000 440.458000 -13 677 1 0 1.000000
14.798500 -41.585000 0 9.662020 0.044323 219.948000 440.408000 -13 678 1 0 1.000000
21.412400 -50.682900 0 -15.206600 6.414570 207.846000 440.412000 -13 679 1 0 1.000000
21.291400 -38.087600 0 -3.166670 5.739300 231.804000 440.395000 -13 680 1 0 1.000000
-14.196100 -11.757200 0 -0.028183 0.667030 192.610000 440.291000 -13 681 1 0 1.000000
-17.009400 -11.481600 0 5.584920 -16.123000 202.055000 440.139000 -13 682 1 0 1.000000
-21.193700 4.747790 0 6.253680 1.346570 206.004000 440.285000 -13 683 1 0 1.000000
3.853850 -12.550900 0 -1.558080 14.138300 205.880000 440.078000 -13 684 1 0 1.000000
9.950470 -24.635700 0 4.536030 -4.621880 200.790000 440.086000 -13 685 1 0 1.000000
-10.914900 21.317700 0 3.176940 -10.906200 205.667000 440.259000 -13 686 1 0 1.000000
-28.106500 -2.939620 0 -3.233100 9.856970 202.959000 440.252000 -13 687 1 0 1.000000
-6.939620 -2.146070 0 8.132490 -3.736580 192.852000 440.302000 -13 688 1 0 1.000000
-3.086530 -12.485300 0 5.063230 -7.076560 199.106000 440.261000 -13 689 1 0 1.000000
-6.667130 5.777420 0 11.317200 4.660470 204.721000 440.252000 -13 690 1 0 1.000000
15.120100 3.887550 0 -11.445000 15.403600 199.767000 440.117000 -13 691 1 0 1.000000
-19.013400 3.390820 0 2.043690 0.190570 196.237000 440.136000 -13 692 1 0 1.000000
-2.600240 -11.003100 0 -14.916300 2.204600 193.096000 440.255000 -13 693 1 0 1.000000
-6.197940 0.635671 0 3.788370 27.578600 192.223000 440.188000 -13 694 1 0 1.000000
2.167020 -29.005400 0 -5.777520 -11.002000 204.971000 440.049000 -13 695 1 0 1.000000
-20.105300 -21.433900 0 -9.175040 2.962980 230.646000 440.070000 -13 696 1 0 1.000000
-33.181800 7.692090 0 -7.610150 -20.142000 224.252000 439.901000 -13 697 1 0 1.000000
-17.358300 -15.289800 0 -1.492060 -0.344571 221.037000 439.994000 -13 698 1 0 1.000000
-1.968320 1.596970 0 0.737540 -17.107200 200.272000 440.312000 -13 699 1 0 1.000000
-27.910100 -5.090410 0 5.307000 9.541940 198.237000 440.206000 -13 700 1 0 1.000000
8.100050 -3.379990 0 -24.861100 11.614000 228.863000 440.172000 -13 701 1 0 1.000000
-32.452000 -2.781400 0 19.899200 4.167960 219.590000 440.407000 -13 702 1 0 1.000000
-23.400400 -8.303180 0 12.929400 -18.460100 213.658000 440.477000 -13 703 1 0 1.000000
-0.925409 -17.183400 0 -1.629080 -7.125210 224.096000 440.387000 -13 704 1 0 1.000000
10.779700 -20.148600 0 -1.508360 11.458100 202.905000 440.589000 -13 705 1 0 1.000000
9.116790 4.326820 0 -18.898100 31.888400 204.329000 440.322000 -13 706 1 0 1.000000
-1.444800 -0.708154 0 10.562800 5.144550 179.818000 440.312000 -13 707 1 0 1.000000
-15.058800 -22.611000 0 4.439660 -15.880400 207.065000 440.580000 -13 708 1 0 1.000000
28.330000 -4.847120 0 -20.362300 -13.578700 210.957000 440.555000 -13 709 1 0 1.000000
-21.741300 -1.141930 0 -18.881900 -13.471400 227.380000 440.418000 -13 710 1 0 1.000000
-21.752700 -38.546500 0 -9.120700 -38.604100 230.076000 440.409000 -13 711 1 0 1.000000
2.772090 -2.538250 0 -0.123739 6.408390 220.953000 440.148000 -13 712 1 0 1.000000
12.827600 14.327900 0 -6.552280 15.099800 208.425000 440.140000 -13 713 1 0 1.000000
-10.809900 0.400768 0 7.737650 -5.734060 198.697000 440.179000 -13 714 1 0 1.000000
-12.626400 6.687070 0 19.706300 6.406750 214.746000 440.177000 -13 715 1 0 1.000000
-39.463300 -11.593600 0 11.084700 4.732210 232.324000 440.432000 -13 716 1 0 1.000000
35.384800 -1.934550 0 -11.935100 -6.033220 227.970000 440.529000 -13 717 1 0 1.000000
-26.730100 -21.142400 0 14.542100 -4.309540 216.028000 440.275000 -13 718 1 0 1.000000
-15.987100 32.530700 0 7.506880 -37.907600 239.975000 440.395000 -13 719 1 0 1.000000
6.421660 -19.505900 0 -6.714420 -1.176880 210.315000 440.214000 -13 720 1 0 1.000000
-8.897300 -14.288500 0 -0.938160 21.773900 215.516000 440.223000 -13 721 1 0 1.000000
-35.806600 8.967700 0 0.282493 -6.870950 217.794000 440.237000 -13 722 1 0 1.000000
-21.681100 10.944700 0 21.230700 -15.572900 216.538000 440.317000 -13 723 1 0 1.000000
0.904759 -28.242700 0 17.427100 -13.940900 209.814000 440.405000 -13 724 1 0 1.000000
-10.822000 -0.507636 0 8.623580 -10.077300 202.679000 440.266000 -13 725 1 0 1.000000
-13.274100 -30.615800 0 3.856610 -19.103800 206.314000 440.271000 -13 726 1 0 1.000000
-13.363500 -29.239700 0 3.517440 -15.891600 212.494000 440.348000 -13 727 1 0 1.000000
-23.525600 -3.490690 0 8.727240 -6.977460 202.312000 440.347000 -13 728 1 0 1.000000
-33.433400 -6.834250 0 -9.124440 6.166310 186.337000 440.198000 -13 729 1 0 1.000000
-10.131500 -16.324100 0 1.351960 -1.015430 219.396000 440.467000 -13 730 1 0 1.000000
1.563260 -10.078600 0 7.945670 -6.654130 181.005000 440.460000 -13 731 1 0 1.000000
-6.612290 -22.043400 0 3.338110 -3.905380 219.121000 440.497000 -13 732 1 0 1.000000
10.232200 -34.438100 0 -14.134200 14.486300 191.814000 440.518000 -13 733 1 0 1.000000
-7.453870 1.297010 0 4.080200 3.740190 223.424000 440.563000 -13 734 1 0 1.000000
-19.698700 -17.875800 0 -9.916620 4.091920 220.346000 440.557000 -13 735 1 0 1.000000
12.914200 -11.591900 0 11.712100 -1.859520 198.412000 440.635000 -13 736 1 0 1.000000
-9.807110 7.501820 0 -21.115900 8.747700 212.436000 440.166000 -13 737 1 0 1.000000
1.619750 7.895310 0 4.748600 -16.136700 233.452000 440.144000 -13 738 1 0 1.000000
14.581200 -2.034610 0 -0.307646 4.910760 222.532000 440.186000 -13 739 1 0 1.000000
7.277920 1.386440 0 -20.886800 16.312800 219.142000 440.100000 -13 740 1 0 1.000000
-10.658000 -12.598200 0 7.632800 1.632010 231.647000 440.309000 -13 741 1 0 1.000000
-16.637300 83.714800 0 11.819000 -11.964000 241.978000 440.516000 -13 742 1 0 1.000000
-16.246400 -31.439300 0 -9.826480 6.387050 208.253000 440.040000 -13 743 1 0 1.000000
4.932650 5.986610 0 -8.478540 10.784500 210.741000 440.013000 -13 744 1 0 1.000000
-23.459600 -18.992100 0 -0.171446 -27.682500 221.026000 440.085000 -13 745 1 0 1.000000
-1.057610 -4.299240 0 -7.685550 1.605890 226.774000 440.071000 -13 746 1 0 1.000000
-24.991000 -5.294140 0 0.405024 -13.908900 199.943000 440.174000 -13 747 1 0 1.000000
-16.163500 30.116900 0 11.553800 3.887310 216.264000 440.230000 -13 748 1 0 1.000000
-17.623800 -5.202140 0 9.008730 -0.540161 211.328000 440.281000 -13 749 1 0 1.000000
-0.082629 -11.906600 0 4.617720 6.600260 204.055000 440.268000 -13 750 1 0 1.000000
16.317200 -1.104490 0 -1.554000 9.773230 196.330000 440.162000 -13 751 1 0 1.000000
-12.425900 -12.511200 0 -5.290710 -4.842420 195.482000 440.083000 -13 752 1 0 1.000000
-10.011200 -5.261250 0 5.410290 8.765770 208.316000 440.162000 -13 753 1 0 1.000000
-12.611300 -7.367490 0 -20.027500 -10.873200 214.726000 440.313000 -13 754 1 0 1.000000
3.070420 9.880170 0 -9.811250 11.648000 210.901000 440.134000 -13 755 1 0 1.000000
9.539690 -8.933060 0 -11.439200 23.657600 191.758000 440.064000 -13 756 1 0 1.000000
4.289940 9.024100 0 -0.025150 -10.233100 235.681000 440.201000 -13 757 1 0 1.000000
-42.339000 4.985770 0 1.790120 -2.875420 225.883000 440.252000 -13 758 1 0 1.000000
-26.975100 -10.334000 0 4.742590 -4.870490 211.629000 440.166000 -13 759 1 0 1.000000
-23.000400 -11.991300 0 -8.419340 -12.244800 204.805000 440.122000 -13 760 1 0 1.000000
-18.601600 -17.315700 0 -14.509300 0.803949 201.391000 440.196000 -13 761 1 0 1.000000
-10.848100 -2.342360 0 -7.270080 -9.605290 231.526000 440.258000 -13 762 1 0 1.000000
-9.110360 -10.786500 0 -13.023000 7.882200 207.023000 440.238000 -13 763 1 0 1.000000
-19.919800 -19.538700 0 -3.063930 -1.770500 202.748000 440.174000 -13 764 1 0 1.000000
-15.343500 -23.824900 0 10.127100 -12.477800 201.685000 440.315000 -13 765 1 0 1.000000
10.658900 -32.250400 0 -5.960090 4.483610 201.533000 440.257000 -13 766 1 0 1.000000
-3.434400 9.091070 0 7.022130 -1.042040 207.875000 440.222000 -13 767 1 0 1.000000
-32.718700 -4.440620 0 -1.567880 -9.823590 202.518000 440.315000 -13 768 1 0 1.000000
-14.001100 -16.911600 0 7.521520 -6.344150 196.159000 440.186000 -13 769 1 0 1.000000
-3.994200 -1.245400 0 0.921514 9.676990 207.909000 440.316000 -13 770 1 0 1.000000
-8.341460 -19.781100 0 1.238990 -0.095145 206.142000 440.287000 -13 771 1 0 1.000000
-15.754700 -31.256200 0 -15.559500 28.564700 228.522000 440.016000 -13 772 1 0 1.000000
-8.067610 3.350280 0 -1.718600 14.595600 225.803000 440.293000 -13 773 1 0 1.000000
-21.827700 17.604200 0 2.316460 -3.375380 215.828000 440.227000 -13 774 1 0 1.000000
2.777730 -33.094800 0 -15.337000 -13.792000 212.733000 440.662000 -13 775 1 0 1.000000
5.132690 -17.116100 0 -9.991350 -25.532400 203.147000 440.596000 -13 776 1 0 1.000000
-26.311500 -30.550700 0 7.463430 23.044600 192.639000 440.366000 -13 777 1 0 1.000000
9.440710 -32.148100 0 7.004680 9.953890 185.780000 440.152000 -13 778 1 0 1.000000
-5.451010 -12.293400 0 -13.974700 7.982410 200.546000 440.070000 -13 779 1 0 1.000000
-28.125800 -30.119400 0 -2.105400 26.580600 229.092000 440.071000 -13 780 1 0 1.000000
-5.149480 -4.033170 0 -2.497590 -14.706200 218.299000 440.158000 -13 781 1 0 1.000000
6.254830 -21.344600 0 5.815530 -10.393700 197.613000 440.237000 -13 782 1 0 1.000000
-4.144510 -8.734750 0 -13.805500 -3.390830 192.228000 440.169000 -13 783 1 0 1.000000
0.767904 8.117250 0 5.240220 13.250300 209.649000 440.796000 -13 784 1 0 1.000000
-12.065500 -15.866600 0 4.384150 -9.978970 229.790000 440.040000 -13 785 1 0 1.000000
-14.270800 8.906150 0 3.326920 -17.659700 208.820000 439.957000 -13 786 1 0 1.000000
-12.777700 -34.011100 0 -5.286590 3.842590 215.362000 440.098000 -13 787 1 0 1.000000
-8.534730 -27.497600 0 -3.773810 -3.932700 214.924000 440.161000 -13 788 1 0 1.000000
14.168300 -32.724400 0 -9.655920 1.509250 195.892000 440.271000 -13 789 1 0 1.000000
-17.331500 -26.495800 0 -32.656000 -7.983720 195.295000 440.227000 -13 790 1 0 1.000000
-27.292300 -3.126390 0 21.245300 8.418340 209.688000 440.319000 -13 791 1 0 1.000000
-17.594600 -19.621000 0 -11.495000 -8.153060 214.036000 440.372000 -13 792 1 0 1.000000
11.808900 -8.811660 0 1.593960 9.379800 205.084000 440.317000 -13 793 1 0 1.000000
3.777990 -23.749200 0 -17.252800 -4.999460 192.406000 440.280000 -13 794 1 0 1.000000
-10.061700 -24.701400 0 4.775350 23.656200 206.459000 440.049000 -13 795 1 0 1.000000
-31.166500 38.752500 0 21.633100 -17.793300 212.695000 440.805000 -13 796 1 0 1.000000
-28.882700 24.060600 0 1.983850 -29.391400 236.465000 440.399000 -13 797 1 0 1.000000
-6.389240 -26.340300 0 11.058600 1.366850 221.632000 440.211000 -13 798 1 0 1.000000
5.172490 -4.409620 0 -6.428420 -29.869100 227.338000 440.174000 -13 799 1 0 1.000000
-15.238000 -4.596160 0 8.314620 -22.626200 214.783000 440.501000 -13 800 1 0 1.000000
-29.923300 -2.014080 0 5.334210 -14.794400 233.916000 440.345000 -13 801 1 0 1.000000
1.250800 -5.024390 0 7.861800 -6.934410 229.334000 440.232000 -13 802 1 0 1.000000
-24.979200 -7.088740 0 -5.725990 3.428490 229.481000 440.228000 -13 803 1 0 1.000000
-6.031050 -9.635000 0 4.283140 -7.938850 227.387000 440.526000 -13 804 1 0 1.000000
-28.330700 -40.457200 0 0.418647 2.412810 250.830000 440.048000 -13 805 1 0 1.000000
-20.357000 -7.762310 0 -4.650420 4.847950 217.534000 440.504000 -13 806 1 0 1.000000
-2.037670 -8.184130 0 -5.833100 -2.679560 213.962000 440.563000 -13 807 1 0 1.000000
-7.892320 20.459600 0 -8.632020 0.287279 194.263000 440.375000 -13 808 1 0 1.000000
-10.861900 -19.740600 0 13.729100 34.027200 209.796000 440.161000 -13 809 1 0 1.000000
-5.684300 27.105100 0 -10.607000 -17.689200 202.127000 440.603000 -13 810 1 0 1.000000
-18.443200 -2.171150 0 -6.648970 -6.907420 224.231000 440.465000 -13 811 1 0 1.000000
-4.475840 -10.461400 0 9.041450 0.801774 187.644000 440.472000 -13 812 1 0 1.000000
5.889340 -27.236000 0 6.361060 -22.032800 187.977000 440.194000 -13 813 1 0 1.000000
0.093325 -36.300400 0 9.331650 1.603430 197.724000 440.360000 -13 814 1 0 1.000000
0.467593 -39.814600 0 20.741200 -10.490200 197.540000 440.405000 -13 815 1 0 1.000000
-37.840000 -9.017440 0 -9.325370 -7.052480 199.957000 440.450000 -13 816 1 0 1.000000
-22.653300 -33.338600 0 14.727100 -6.543330 193.804000 440.241000 -13 817 1 0 1.000000
0.756090 -4.806270 0 12.073500 -2.357120 190.088000 440.329000 -13 818 1 0 1.000000
26.559800 -22.065400 0 -18.740700 -1.313510 198.553000 440.391000 -13 819 1 0 1.000000
1.725090 -21.592200 0 3.891390 -10.032500 201.565000 440.295000 -13 820 1 0 1.000000
-10.326600 -2.900850 0 -13.222900 4.537210 171.991000 440.351000 -13 821 1 0 1.000000
-13.584500 -30.189800 0 -15.571700 -7.493270 239.335000 440.040000 -13 822 1 0 1.000000
9.944390 -27.165100 0 1.098170 -26.171400 217.653000 439.984000 -13 823 1 0 1.000000
-16.441900 16.560500 0 -5.513180 29.156100 187.164000 440.343000 -13 824 1 0 1.000000
-9.472900 -7.275660 0 5.942220 24.997100 227.821000 440.136000 -13 825 1 0 1.000000
-20.595700 -10.897000 0 3.601190 0.513328 206.578000 440.111000 -13 826 1 0 1.000000
-20.190500 -5.224930 0 9.335550 2.341900 221.428000 440.103000 -13 827 1 0 1.000000
-0.523930 3.791490 0 7.341120 -23.213700 213.628000 440.078000 -13 828 1 0 1.000000
13.164800 -9.296580 0 -13.102400 -5.350330 210.412000 440.108000 -13 829 1 0 1.000000
8.458720 -3.840270 0 3.217560 -3.666530 195.558000 440.180000 -13 830 1 0 1.000000
-19.555200 9.326280 0 6.063830 1.802630 205.039000 440.232000 -13 831 1 0 1.000000
21.713000 2.663320 0 12.871200 14.088100 207.995000 440.256000 -13 832 1 0 1.000000
-22.719900 -28.279000 0 19.340600 -0.168360 207.241000 440.105000 -13 833 1 0 1.000000
-2.169480 -26.472700 0 -5.564960 11.151700 209.808000 440.142000 -13 834 1 0 1.000000
12.853100 -9.984580 0 4.881380 -15.096400 193.145000 440.248000 -13 835 1 0 1.000000
8.402170 5.951170 0 0.936379 -13.552300 190.303000 440.209000 -13 836 1 0 1.000000
-27.589400 -21.132500 0 16.431700 -12.353600 207.653000 440.222000 -13 837 1 0 1.000000
38.966800 -9.317010 0 -36.558300 2.936200 195.516000 440.197000 -13 838 1 0 1.000000
9.864730 28.375400 0 2.620730 11.412100 202.412000 440.183000 -13 839 1 0 1.000000
-8.755310 3.046280 0 4.683240 -14.411300 198.591000 440.201000 -13 840 1 0 1.000000
-11.182300 -20.651900 0 6.744210 -2.758400 196.529000 440.281000 -13 841 1 0 1.000000
5.151460 -16.750600 0 -2.787900 6.982130 204.658000 440.308000 -13 842 1 0 1.000000
-15.956600 11.771700 0 10.242600 -1.760610 195.142000 440.269000 -13 843 1 0 1.000000
3.287830 -33.170600 0 11.279100 -24.382700 206.138000 440.101000 -13 844 1 0 1.000000
42.216800 -15.348500 0 26.186800 -9.384020 229.208000 440.006000 -13 845 1 0 1.000000
20.180100 -39.853300 0 -22.993900 -0.938051 216.523000 440.132000 -13 846 1 0 1.000000
-39.622000 1.977440 0 12.290700 8.885950 224.617000 440.179000 -13 847 1 0 1.000000
-18.546900 14.521000 0 7.869430 -5.240670 235.828000 440.091000 -13 848 1 0 1.000000
-1.628030 -29.946900 0 -19.973300 4.320090 223.545000 440.337000 -13 849 1 0 1.000000
-24.129600 -11.672000 0 14.150500 0.785585 203.141000 440.133000 -13 850 1 0 1.000000
-8.147880 -22.277900 0 -13.555900 8.123950 225.901000 440.170000 -13 851 1 0 1.000000
-20.816500 -9.222570 0 -13.542000 8.416760 226.606000 440.077000 -13 852 1 0 1.000000
-16.821600 -14.492400 0 7.490820 7.079540 200.542000 440.059000 -13 853 1 0 1.000000
-33.085000 3.026510 0 -11.266500 12.527700 218.135000 440.077000 -13 854 1 0 1.000000
-18.897800 -9.273700 0 10.857500 5.529010 219.382000 440.094000 -13 855 1 0 1.000000
-13.480800 5.732640 0 12.435700 -21.619900 210.500000 440.556000 -13 856 1 0 1.000000
-32.394000 -24.060500 0 12.188200 0.321474 211.118000 440.351000 -13 857 1 0 1.000000
-6.494570 -4.360530 0 6.236520 -15.600300 217.485000 440.501000 -13 858 1 0 1.000000
-28.010200 -5.157630 0 -20.104900 3.809780 216.404000 440.328000 -13 859 1 0 1.000000
-18.314900 -2.554450 0 -0.601602 -14.274900 217.357000 440.412000 -13 860 1 0 1.000000
-54.718800 -37.501600 0 -12.799000 -9.272420 211.361000 440.533000 -13 861 1 0 1.000000
-25.671800 -5.675230 0 -18.903200 4.108910 195.247000 439.848000 -13 862 1 0 1.000000
-22.605800 -14.754900 0 -13.861000 -2.138920 207.762000 440.447000 -13 863 1 0 1.000000
4.540610 -24.596000 0 6.400640 -2.557260 207.572000 440.531000 -13 864 1 0 1.000000
-5.276690 -20.929700 0 -14.092700 -6.826120 220.783000 440.188000 -13 865 1 0 1.000000
-12.732200 -12.210900 0 -14.489200 0.875520 218.569000 440.228000 -13 866 1 0 1.000000
-21.370200 5.822270 0 -6.009410 -7.622160 217.418000 440.255000 -13 867 1 0 1.000000
-13.937800 0.234638 0 8.149440 4.702920 215.483000 440.153000 -13 868 1 0 1.000000
-0.744135 -11.569300 0 3.345000 7.976010 201.706000 440.251000 -13 869 1 0 1.000000
-22.027100 -2.300650 0 -1.088550 5.443130 221.917000 440.224000 -13 870 1 0 1.000000
-25.144200 -21.314400 0 21.029500 -19.708400 229.324000 440.297000 -13 871 1 0 1.000000
-4.095550 -17.471400 0 3.085560 -9.150640 227.879000 440.219000 -13 872 1 0 1.000000
-15.624700 -16.365700 0 11.506600 -4.593600 214.537000 440.231000 -13 873 1 0 1.000000
-15.300000 -13.080300 0 -4.349960 8.479820 190.355000 440.188000 -13 874 1 0 1.000000
-3.596590 -15.631400 0 -7.751950 -6.527360 201.681000 440.302000 -13 875 1 0 1.000000
-5.967960 1.653930 0 -11.688900 -40.243500 201.292000 440.244000 -13 876 1 0 1.000000
12.755200 2.843070 0 -6.044640 -10.616300 198.724000 440.285000 -13 877 1 0 1.000000
-15.046700 17.111400 0 49.234000 -2.800860 205.310000 440.598000 -13 878 1 0 1.000000
-3.447780 12.084100 0 -49.236900 -37.946500 227.415000 439.779000 -13 879 1 0 1.000000
-18.726700 16.009600 0 11.497100 -15.099700 181.683000 440.153000 -13 880 1 0 1.000000
-37.556400 -1.766550 0 8.215070 5.687300 193.673000 440.319000 -13 881 1 0 1.000000
-8.470450 -7.448190 0 3.829270 29.201100 189.330000 440.082000 -13 882 1 0 1.000000
-6.764450 -5.245770 0 -7.155500 1.017320 217.094000 440.230000 -13 883 1 0 1.000000
-9.331000 -12.790400 0 -8.761130 -12.769100 219.722000 440.220000 -13 884 1 0 1.000000
-11.575800 -28.357400 0 -25.893400 15.229000 225.088000 440.103000 -13 885 1 0 1.000000
-13.272900 -25.068900 0 23.221900 -1.114740 208.694000 440.782000 -13 886 1 0 1.000000
-5.560880 -11.401800 0 -9.220620 8.269060 207.552000 440.158000 -13 887 1 0 1.000000
-18.054400 -1.789420 0 -15.030200 -18.091100 207.028000 440.121000 -13 888 1 0 1.000000
-9.556200 -7.307920 0 14.217900 20.294100 229.453000 440.272000 -13 889 1 0 1.000000
-6.850880 2.019530 0 15.292000 14.701700 202.215000 440.148000 -13 890 1 0 1.000000
33.029500 12.171100 0 -2.738800 21.216800 221.045000 440.270000 -13 891 1 0 1.000000
23.604300 -11.466000 0 15.115400 -23.400800 229.305000 440.105000 -13 892 1 0 1.000000
-9.231080 0.775082 0 3.916680 -1.892930 216.897000 439.886000 -13 893 1 0 1.000000
4.209660 -15.318400 0 -16.977100 -0.867676 173.677000 440.285000 -13 894 1 0 1.000000
7.090170 -7.137390 0 -8.795850 -13.711800 185.416000 440.485000 -13 895 1 0 1.000000
-18.897400 -20.897400 0 -8.765500 -0.591134 190.256000 440.421000 -13 896 1 0 1.000000
-28.874700 -0.990014 0 -5.505000 6.070720 206.788000 440.704000 -13 897 1 0 1.000000
-20.474300 -37.229800 0 -2.279000 8.717050 209.934000 440.607000 -13 898 1 0 1.000000
-4.808500 -27.230700 0 -12.544700 10.855600 192.380000 440.540000 -13 899 1 0 1.000000
19.641900 23.905700 0 1.840400 -12.426400 194.240000 440.256000 -13 900 1 0 1.000000
-30.807600 -13.510400 0 2.535600 -5.779090 188.681000 440.604000 -13 901 1 0 1.000000
-13.758200 -4.442570 0 -11.539600 1.244820 180.592000 440.340000 -13 902 1 0 1.000000
-7.816140 -0.880903 0 10.264300 6.203990 190.600000 440.275000 -13 903 1 0 1.000000
8.529960 19.498000 0 3.639560 16.033900 225.780000 440.406000 -13 904 1 0 1.000000
-19.920300 18.848200 0 33.856300 0.609425 210.256000 440.249000 -13 905 1 0 1.000000
-18.048800 -61.753400 0 -10.135900 -5.844860 200.084000 440.156000 -13 906 1 0 1.000000
-13.786600 15.109900 0 17.157800 -12.165400 209.792000 440.338000 -13 907 1 0 1.000000
-8.634540 8.070750 0 12.652000 -0.536836 194.140000 440.212000 -13 908 1 0 1.000000
9.166130 1.106220 0 20.145900 15.796800 201.377000 440.059000 -13 909 1 0 1.000000
-7.540190 -42.784300 0 -6.574870 -0.336562 199.724000 440.053000 -13 910 1 0 1.000000
-19.191000 -2.888690 0 -11.189500 4.374130 196.431000 440.059000 -13 911 1 0 1.000000
8.189480 -22.137200 0 -13.773800 -8.477810 184.643000 440.539000 -13 912 1 0 1.000000
-7.990920 4.692390 0 24.341800 -15.226300 197.164000 440.208000 -13 913 1 0 1.000000
15.898400 -11.445500 0 1.460810 19.037100 204.003000 440.398000 -13 914 1 0 1.000000
-34.680800 28.109400 0 23.910300 -7.617230 247.502000 439.939000 -13 915 1 0 1.000000
-17.601000 -0.409998 0 -19.190000 -2.803010 227.988000 439.932000 -13 916 1 0 1.000000
-10.902800 -10.112600 0 -5.364570 -11.452600 247.594000 439.973000 -13 917 1 0 1.000000
6.601160 -20.679300 0 -13.966400 17.496100 193.605000 440.480000 -13 918 1 0 1.000000
4.366140 -17.838600 0 -12.711800 -15.590900 210.691000 440.306000 -13 919 1 0 1.000000
5.292430 5.018460 0 -16.541000 -6.016290 199.818000 440.531000 -13 920 1 0 1.000000
1.397950 12.083800 0 -4.900140 -6.724750 189.229000 439.955000 -13 921 1 0 1.000000
12.176000 -11.270300 0 -17.146900 -0.097197 214.206000 440.467000 -13 922 1 0 1.000000
-11.645200 -14.590200 0 33.219200 -15.378200 241.457000 440.421000 -13 923 1 0 1.000000
-8.088390 -13.962400 0 -4.975830 11.361900 194.534000 440.562000 -13 924 1 0 1.000000
12.047500 -24.262600 0 22.916100 -1.750790 201.506000 440.701000 -13 925 1 0 1.000000
20.235600 -18.346900 0 12.419400 -0.748650 191.922000 440.696000 -13 926 1 0 1.000000
-22.626400 -9.225990 0 19.314400 -6.795030 221.889000 440.395000 -13 927 1 0 1.000000
2.129620 -35.439800 0 11.003200 -9.693860 214.214000 440.531000 -13 928 1 0 1.000000
-3.193460 -5.022500 0 1.058540 -4.481010 197.346000 440.320000 -13 929 1 0 1.000000
-0.674446 -41.088100 0 12.960700 4.923120 189.309000 440.234000 -13 930 1 0 1.000000
-1.272150 -14.609200 0 -6.135280 -0.598111 202.396000 440.321000 -13 931 1 0 1.000000
5.785220 6.903870 0 13.218700 -26.152200 213.222000 439.905000 -13 932 1 0 1.000000
-17.174700 -9.147880 0 -7.450920 -17.905300 194.648000 440.300000 -13 933 1 0 1.000000
-1.342110 -27.661700 0 -4.466140 -8.569240 196.469000 440.271000 -13 934 1 0 1.000000
15.575200 -3.460020 0 6.937300 -13.768300 194.915000 440.233000 -13 935 1 0 1.000000
-7.650970 -30.830800 0 3.101150 -9.932460 199.770000 440.297000 -13 936 1 0 1.000000
-39.095300 17.979700 0 7.726950 -2.336840 206.305000 440.192000 -13 937 1 0 1.000000
1.553540 -6.706090 0 4.488580 -1.115360 229.939000 440.425000 -13 938 1 0 1.000000
18.975500 16.000800 0 -15.147200 0.563975 216.464000 440.184000 -13 939 1 0 1.000000
-31.519300 -37.869700 0 6.045440 -17.284300 211.632000 440.617000 -13 940 1 0 1.000000
-12.220800 -31.077800 0 12.764200 11.601800 199.563000 440.617000 -13 941 1 0 1.000000
-28.331900 -29.019200 0 12.769200 13.385900 231.845000 440.423000 -13 942 1 0 1.000000
-4.718790 -25.300500 0 -3.091710 -6.152120 196.346000 440.499000 -13 943 1 0 1.000000
-126.279000 -44.199000 0 25.452000 17.530400 291.200000 439.948000 -13 944 1 0 1.000000
-14.750000 12.861900 0 18.768600 -3.161650 230.437000 440.362000 -13 945 1 0 1.000000
1.737380 -12.364300 0 -6.727270 -4.388910 227.033000 440.258000 -13 946 1 0 1.000000
-53.679200 -51.504800 0 -5.974610 -11.889900 244.522000 440.025000 -13 947 1 0 1.000000
-27.835000 -20.930600 0 37.778700 16.733000 220.043000 439.934000 -13 948 1 0 1.000000
-9.466000 -29.580600 0 2.839430 0.044479 225.991000 440.263000 -13 949 1 0 1.000000
5.230940 2.409290 0 9.797440 -0.536597 217.306000 440.286000 -13 950 1 0 1.000000
-8.590700 6.150370 0 29.963800 0.932460 223.490000 439.813000 -13 951 1 0 1.000000
-46.484200 9.317250 0 -2.236430 -12.148500 215.913000 440.440000 -13 952 1 0 1.000000
2.145540 -10.659100 0 -19.180100 0.419348 205.397000 439.779000 -13 953 1 0 1.000000
-10.472200 -10.363100 0 5.632760 -2.361570 206.179000 440.546000 -13 954 1 0 1.000000
-9.230100 24.479600 0 2.801590 -1.789960 201.577000 440.561000 -13 955 1 0 1.000000
-3.359070 -16.229700 0 16.943800 -8.641920 224.128000 440.477000 -13 956 1 0 1.000000
3.528010 -12.219300 0 -3.132470 4.601280 198.710000 440.077000 -13 957 1 0 1.000000
10.687600 -22.059700 0 -3.826590 10.557900 197.896000 440.109000 -13 958 1 0 1.000000
-0.905681 -15.746800 0 0.191872 -4.561410 201.258000 440.124000 -13 959 1 0 1.000000
-4.830090 -12.291200 0 8.236780 -6.909290 234.375000 440.234000 -13 960 1 0 1.000000
-9.636470 -23.076500 0 5.173730 -0.337719 204.787000 440.218000 -13 961 1 0 1.000000
5.037770 -15.239400 0 -10.188400 9.750260 203.069000 440.114000 -13 962 1 0 1.000000
-17.706400 8.552580 0 47.278800 -16.905500 243.129000 440.217000 -13 963 1 0 1.000000
-20.240200 17.207200 0 2.106960 3.137820 206.846000 440.088000 -13 964 1 0 1.000000
1.816270 -8.781410 0 2.382160 4.130690 217.198000 440.106000 -13 965 1 0 1.000000
-53.767400 -7.199960 0 1.550690 -14.459800 233.538000 440.464000 -13 966 1 0 1.000000
-11.862500 -6.800150 0 10.046100 3.847140 218.408000 440.587000 -13 967 1 0 1.000000
-9.003560 -21.860700 0 -6.104940 -17.669200 228.083000 440.261000 -13 968 1 0 1.000000
-21.908500 -10.470300 0 -13.775100 1.797670 220.453000 440.137000 -13 969 1 0 1.000000
-18.482100 -34.812800 0 -42.661300 -2.722140 198.437000 439.797000 -13 970 1 0 1.000000
4.230000 -23.572400 0 -3.369000 16.922500 220.846000 440.302000 -13 971 1 0 1.000000
-28.358300 -33.651600 0 -9.820930 1.369510 223.621000 440.167000 -13 972 1 0 1.000000
-23.859900 14.299200 0 1.201400 -0.745296 218.598000 440.261000 -13 973 1 0 1.000000
-1.758920 -30.696100 0 -27.509000 -1.757930 217.230000 440.279000 -13 974 1 0 1.000000
-0.588213 6.301970 0 -3.203670 0.602539 211.063000 440.220000 -13 975 1 0 1.000000
-16.035900 -28.749800 0 -13.102900 19.557700 200.924000 440.103000 -13 976 1 0 1.000000
4.469640 -20.752200 0 -13.118800 7.396500 240.144000 440.213000 -13 977 1 0 1.000000
-10.257300 15.574800 0 3.982150 8.959500 235.598000 440.436000 -13 978 1 0 1.000000
-6.166490 -8.922650 0 -2.360100 -0.662684 207.761000 440.137000 -13 979 1 0 1.000000
-1.857510 -62.928700 0 -9.689740 34.483700 240.795000 440.290000 -13 980 1 0 1.000000
-13.197800 -8.910350 0 1.233020 -17.446000 216.759000 440.169000 -13 981 1 0 1.000000
-10.919100 -11.675100 0 14.173400 20.112500 217.270000 440.061000 -13 982 1 0 1.000000
-1.433480 -4.297260 0 7.138210 -6.898490 207.090000 440.107000 -13 983 1 0 1.000000
-0.573834 -22.511200 0 8.539240 8.442810 222.313000 440.090000 -13 984 1 0 1.000000
3.949060 -9.705830 0 15.398100 -16.279600 219.582000 440.180000 -13 985 1 0 1.000000
9.332780 -25.434200 0 2.032050 15.030200 230.606000 440.116000 -13 986 1 0 1.000000
16.701400 -9.708470 0 -2.542190 4.121500 204.878000 439.991000 -13 987 1 0 1.000000
-4.195890 14.069100 0 11.348800 8.180750 231.000000 440.304000 -13 988 1 0 1.000000
9.554530 -40.251300 0 1.965230 -10.843000 210.379000 440.209000 -13 989 1 0 1.000000
4.924320 23.788400 0 -3.527490 -7.986280 232.836000 440.605000 -13 990 1 0 1.000000
-4.181050 13.721900 0 -10.341400 -38.985100 216.694000 440.259000 -13 991 1 0 1.000000
-11.963900 -12.046700 0 -9.317340 -14.636300 230.793000 440.541000 -13 992 1 0 1.000000
5.206890 -31.661400 0 5.946290 2.692420 196.046000 440.344000 -13 993 1 0 1.000000
40.328900 -28.696100 0 -30.230600 0.227260 200.833000 439.896000 -13 994 1 0 1.000000
3.705280 7.296170 0 -0.952131 -5.626190 201.934000 440.342000 -13 995 1 0 1.000000
-42.830700 -2.360490 0 -17.515300 29.843900 230.757000 440.150000 -13 996 1 0 1.000000
-42.288000 5.454660 0 -3.829280 -3.915340 203.656000 440.377000 -13 997 1 0 1.000000
11.599600 -44.461500 0 18.490400 -24.803400 219.067000 440.399000 -13 998 1 0 1.000000
15.382700 -13.993500 0 20.524000 -23.104900 203.971000 440.371000 -13 999 1 0 1.000000
-8.615370 -12.089600 0 8.057740 -11.153700 191.045000 440.435000 -13 1000 1 0 1.000000
-19.750800 3.622820 0 6.559990 -7.522140 189.235000 440.375000 -13 1001 1 0 1.000000
24.416300 -44.029100 0 -13.914400 2.291470 189.943000 440.205000 -13 1002 1 0 1.000000
-0.838948 -25.289600 0 -12.511800 4.025410 218.267000 440.315000 -13 1003 1 0 1.000000
5.248940 -3.211870 0 -8.354740 -0.429636 224.693000 440.136000 -13 1004 1 0 1.000000
15.769300 -30.228800 0 2.737630 -8.940990 182.741000 440.549000 -13 1005 1 0 1.000000
-17.659700 -5.064950 0 -1.637630 15.219700 221.197000 440.185000 -13 1006 1 0 1.000000
4.794220 -12.559900 0 19.312400 1.538510 239.602000 440.440000 -13 1007 1 0 1.000000
-2.164270 2.500390 0 28.847100 30.362700 229.696000 440.105000 -13 1008 1 0 1.000000
-12.672000 -23.703700 0 -7.066220 0.445787 222.822000 440.189000 -13 1009 1 0 1.000000
1.711010 -3.157480 0 4.182390 -19.590300 237.809000 440.252000 -13 1010 1 0 1.000000
-32.197600 7.511850 0 33.778800 -12.900500 204.747000 440.917000 -13 1011 1 0 1.000000
31.312100 8.321920 0 -26.050300 -18.700700 237.508000 440.279000 -13 1012 1 0 1.000000
-32.577300 2.641960 0 -3.833740 1.253000 221.041000 440.111000 -13 1013 1 0 1.000000
-45.469500 2.632690 0 -2.250050 -6.565470 231.680000 440.381000 -13 1014 1 0 1.000000
-6.670380 -20.485900 0 12.511700 -20.762800 208.738000 440.085000 -13 1015 1 0 1.000000
3.563850 -18.849900 0 -0.315037 11.529600 220.566000 440.061000 -13 1016 1 0 1.000000
0.060651 -10.397900 0 -2.716390 -2.325810 234.511000 440.214000 -13 1017 1 0 1.000000
-22.181800 -27.380100 0 19.519900 42.353000 207.998000 440.481000 -13 1018 1 0 1.000000
-54.747600 -13.491400 0 4.521040 -3.921730 224.780000 440.204000 -13 1019 1 0 1.000000
6.226730 -11.820900 0 5.008720 2.387990 222.656000 440.421000 -13 1020 1 0 1.000000
12.079000 -2.235260 0 6.590650 -4.317450 211.867000 440.172000 -13 1021 1 0 1.000000
-11.301700 -18.956400 0 8.080540 -4.366320 216.051000 440.171000 -13 1022 1 0 1.000000
2.837080 -10.822100 0 14.465700 -2.153670 215.421000 440.149000 -13 1023 1 0 1.000000
-23.384100 -4.180060 0 16.331100 5.616700 218.627000 440.385000 -13 1024 1 0 1.000000
-17.015400 -2.318670 0 6.827760 21.135100 223.029000 440.213000 -13 1025 1 0 1.000000
-13.248800 2.293460 0 0.262440 -2.443460 210.669000 440.204000 -13 1026 1 0 1.000000
-17.351600 -9.272110 0 3.175180 17.315100 234.041000 440.302000 -13 1027 1 0 1.000000
-11.888900 -7.806730 0 -3.700110 9.775090 207.418000 440.077000 -13 1028 1 0 1.000000
-13.727100 3.086750 0 18.058100 -12.845600 225.541000 440.349000 -13 1029 1 0 1.000000
12.258400 -19.172300 0 19.414900 9.148260 217.975000 440.337000 -13 1030 1 0 1.000000
-37.395700 -15.216800 0 -18.527300 -15.430700 221.405000 440.549000 -13 1031 1 0 1.000000
-15.410300 7.486570 0 3.412180 -15.406800 222.497000 440.158000 -13 1032 1 0 1.000000
-45.759800 -50.716700 0 3.982050 0.891215 242.764000 440.407000 -13 1033 1 0 1.000000
5.456660 -11.808800 0 -1.526940 1.352400 229.416000 440.249000 -13 1034 1 0 1.000000
9.696060 -9.413590 0 -0.064587 -12.585000 210.831000 440.542000 -13 1035 1 0 1.000000
-3.663660 -58.908400 0 1.004670 6.020950 199.793000 440.653000 -13 1036 1 0 1.000000
3.244230 -4.064420 0 1.075700 -5.748760 221.917000 440.253000 -13 1037 1 0 1.000000
-39.264900 -38.047000 0 -11.205800 15.528000 224.520000 440.262000 -13 1038 1 0 1.000000
-17.918800 32.842300 0 3.177250 -0.888883 221.374000 440.304000 -13 1039 1 0 1.000000
1.653400 21.721300 0 -13.014700 5.415780 224.514000 440.381000 -13 1040 1 0 1.000000
1.623160 -29.062100 0 13.840100 -4.653000 225.760000 440.422000 -13 1041 1 0 1.000000
39.488700 -21.975500 0 -10.117900 7.024750 207.358000 440.363000 -13 1042 1 0 1.000000
7.736950 -36.989000 0 -14.582500 -5.372550 203.773000 440.607000 -13 1043 1 0 1.000000
-24.449800 0.179938 0 -18.361300 8.056930 215.057000 440.386000 -13 1044 1 0 1.000000
-26.534900 -17.458200 0 -13.353300 -14.340100 205.640000 440.569000 -13 1045 1 0 1.000000
24.331900 -38.182300 0 -15.811400 26.579200 225.244000 440.443000 -13 1046 1 0 1.000000
17.615000 -31.616500 0 -10.040900 -12.645500 217.671000 440.200000 -13 1047 1 0 1.000000
5.686370 -3.979890 0 7.842180 3.582420 209.987000 440.266000 -13 1048 1 0 1.000000
-6.223420 -32.465900 0 -10.040900 -2.165700 218.882000 440.077000 -13 1049 1 0 1.000000
-36.081000 -17.683200 0 -2.045150 -2.739360 206.567000 440.282000 -13 1050 1 0 1.000000
-23.485300 -24.301700 0 -11.990600 5.898120 209.991000 440.303000 -13 1051 1 0 1.000000
13.266300 -1.079330 0 -10.301100 -5.295340 211.257000 440.266000 -13 1052 1 0 1.000000
3.283760 -33.383000 0 -3.445610 -8.341970 210.045000 440.357000 -13 1053 1 0 1.000000
16.528600 -17.894600 0 9.089690 -2.149190 216.707000 440.254000 -13 1054 1 0 1.000000
3.839770 -5.093880 0 -5.540780 -3.169960 202.434000 439.960000 -13 1055 1 0 1.000000
-12.549800 -12.892500 0 -8.322650 -16.772300 184.517000 440.163000 -13 1056 1 0 1.000000
18.274100 15.514100 0 -22.279900 -8.716200 206.869000 440.121000 -13 1057 1 0 1.000000
-16.659100 30.155000 0 9.593530 -22.787000 218.113000 440.680000 -13 1058 1 0 1.000000
-26.840700 -4.598860 0 11.337400 -16.897100 194.486000 440.042000 -13 1059 1 0 1.000000
-18.468200 -4.614990 0 11.834500 41.395500 257.846000 440.288000 -13 1060 1 0 1.000000
5.549530 -0.528596 0 13.834300 -7.650500 195.035000 440.186000 -13 1061 1 0 1.000000
-14.386700 -0.646290 0 2.734680 -13.113700 235.227000 440.007000 -13 1062 1 0 1.000000
-10.174700 -19.817900 0 -3.102040 -3.128410 199.129000 440.070000 -13 1063 1 0 1.000000
5.110100 -7.703420 0 -8.627100 -5.138700 189.375000 440.069000 -13 1064 1 0 1.000000
-17.236700 9.017570 0 38.268100 -15.119100 203.555000 440.312000 -13 1065 1 0 1.000000
-25.989200 -15.975800 0 -12.673200 10.599700 209.650000 440.355000 -13 1066 1 0 1.000000
5.860720 -22.970900 0 -12.640200 18.758700 217.277000 439.937000 -13 1067 1 0 1.000000
-4.331340 -15.704800 0 2.236020 -15.145700 188.694000 440.403000 -13 1068 1 0 1.000000
-9.814340 -15.316500 0 3.856110 -0.170363 186.620000 440.253000 -13 1069 1 0 1.000000
-2.929980 9.795810 0 -17.429900 1.459730 202.353000 439.978000 -13 1070 1 0 1.000000
-12.602900 -25.852800 0 -7.983420 -19.869200 218.242000 439.826000 -13 1071 1 0 1.000000
-14.462200 -2.508190 0 11.010300 -4.081440 189.419000 440.353000 -13 1072 1 0 1.000000
-17.328200 -12.135000 0 6.826040 0.262693 196.198000 440.372000 -13 1073 1 0 1.000000
-3.961940 15.166000 0 -15.795500 1.898380 211.901000 440.127000 -13 1074 1 0 1.000000
16.820500 23.094900 0 -18.093600 -7.687310 199.265000 440.316000 -13 1075 1 0 1.000000
-33.696300 -27.040000 0 -1.066850 -15.024700 202.215000 440.333000 -13 1076 1 0 1.000000
-42.041800 -36.241400 0 14.804600 -3.695850 213.358000 440.162000 -13 1077 1 0 1.000000
18.057400 -8.595760 0 -10.999100 7.390460 187.864000 440.187000 -13 1078 1 0 1.000000
40.093100 -24.580400 0 -15.251600 10.069200 198.134000 440.276000 -13 1079 1 0 1.000000
-2.026690 -15.351700 0 -17.802900 -11.210600 199.942000 440.158000 -13 1080 1 0 1.000000
-24.071900 2.421740 0 6.757310 -11.037800 208.116000 440.388000 -13 1081 1 0 1.000000
26.646500 -11.759400 0 -15.853500 5.081940 184.883000 440.281000 -13 1082 1 0 1.000000
-4.896240 -24.297200 0 17.430100 -1.887330 208.070000 439.830000 -13 1083 1 0 1.000000
-14.905800 -0.137947 0 0.627490 -3.677780 186.909000 440.367000 -13 1084 1 0 1.000000
16.303900 -18.220400 0 16.904800 3.082830 212.103000 439.922000 -13 1085 1 0 1.000000
2.666990 22.382800 0 -4.963320 -1.825920 204.759000 440.273000 -13 1086 1 0 1.000000
-28.711000 -15.425500 0 2.384970 8.842410 191.300000 440.246000 -13 1087 1 0 1.000000
0.700372 -11.245900 0 4.064440 -2.515800 197.202000 440.350000 -13 1088 1 0 1.000000
-17.938800 4.350640 0 -2.999790 1.585020 200.965000 440.308000 -13 1089 1 0 1.000000
8.506280 -10.034400 0 6.332790 0.113372 203.480000 440.279000 -13 1090 1 0 1.000000
-2.807470 -14.367300 0 17.446300 -22.922700 210.196000 439.899000 -13 1091 1 0 1.000000
24.899300 -27.859900 0 -13.001900 -9.431630 211.863000 440.239000 -13 1092 1 0 1.000000
-11.931400 -69.976600 0 1.248790 3.657040 210.079000 440.212000 -13 1093 1 0 1.000000
-4.111410 -10.169600 0 -3.933200 -0.756281 198.336000 440.447000 -13 1094 1 0 1.000000
-1.955280 -11.902700 0 -3.300870 12.392900 190.336000 440.286000 -13 1095 1 0 1.000000
-15.556700 10.293400 0 -7.311620 -1.408710 237.464000 440.250000 -13 1096 1 0 1.000000
-22.080000 -18.978800 0 -9.983920 -5.302670 224.463000 440.253000 -13 1097 1 0 1.000000
-13.356600 -21.107000 0 -6.438040 8.574210 227.258000 440.154000 -13 1098 1 0 1.000000
8.762700 -18.219900 0 6.339090 -6.480840 223.889000 440.247000 -13 1099 1 0 1.000000
-6.227020 -5.311120 0 6.607330 9.297140 227.309000 440.327000 -13 1100 1 0 1.000000
2.656610 13.343900 0 -8.558880 -6.473000 222.130000 440.604000 -13 1101 1 0 1.000000
13.821700 -11.807000 0 -6.328060 -13.787400 225.089000 440.345000 -13 1102 1 0 1.000000
-25.200200 -1.416000 0 -10.055300 -17.559400 220.199000 440.235000 -13 1103 1 0 1.000000
-32.393600 22.955900 0 17.661800 4.905440 239.450000 440.585000 -13 1104 1 0 1.000000
32.387500 10.829700 0 18.182100 16.752000 247.096000 439.915000 -13 1105 1 0 1.000000
-3.155700 -11.480800 0 -12.847500 5.054280 212.436000 440.639000 -13 1106 1 0 1.000000
-11.336300 15.021700 0 7.943860 5.848390 187.745000 440.120000 -13 1107 1 0 1.000000
-11.619400 -5.931310 0 -18.043600 17.577900 189.329000 439.774000 -13 1108 1 0 1.000000
-0.600497 -23.145300 0 -10.641600 4.066830 226.961000 440.613000 -13 1109 1 0 1.000000
-4.820100 -13.626300 0 -11.212800 23.924200 236.562000 440.069000 -13 1110 1 0 1.000000
-28.450500 -6.874550 0 2.415080 -5.824910 228.214000 440.220000 -13 1111 1 0 1.000000
-8.540700 -29.575300 0 -7.560150 -5.099790 189.195000 440.443000 -13 1112 1 0 1.000000
-2.599140 -8.863380 0 -19.939900 -7.799570 176.842000 439.986000 -13 1113 1 0 1.000000
-2.199970 -0.224039 0 -9.737980 0.912683 224.611000 440.244000 -13 1114 1 0 1.000000
-7.395550 -15.916900 0 2.233180 -3.214560 185.582000 440.536000 -13 1115 1 0 1.000000
5.649660 -22.334700 0 -0.548892 3.685310 216.177000 440.521000 -13 1116 1 0 1.000000
-17.716200 -5.213470 0 -17.378900 12.344100 219.322000 440.397000 -13 1117 1 0 1.000000
21.867000 85.554600 0 -12.435500 -3.315130 302.952000 440.159000 -13 1118 1 0 1.000000
-13.069000 -35.639900 0 -17.389500 21.089500 196.983000 440.547000 -13 1119 1 0 1.000000
-0.406088 -12.228000 0 -13.255400 -3.466450 175.466000 440.344000 -13 1120 1 0 1.000000
24.973700 -6.362030 0 9.817380 2.416620 182.662000 440.310000 -13 1121 1 0 1.000000
-6.849390 2.375760 0 -9.719720 11.593500 212.063000 440.184000 -13 1122 1 0 1.000000
27.619900 -9.774380 0 8.134390 -0.259958 193.603000 440.684000 -13 1123 1 0 1.000000
-31.507100 -12.976500 0 14.683600 13.926800 205.790000 440.691000 -13 1124 1 0 1.000000
-16.729600 -12.724400 0 14.335800 18.115800 211.402000 440.418000 -13 1125 1 0 1.000000
15.757800 9.098800 0 -6.327160 -3.852410 212.789000 440.269000 -13 1126 1 0 1.000000
-7.481820 0.852924 0 2.215150 20.324300 180.001000 440.028000 -13 1127 1 0 1.000000
-20.932000 -0.280818 0 4.280710 5.351240 218.010000 439.805000 -13 1128 1 0 1.000000
-46.321000 -24.320000 0 -10.060400 -41.505900 232.434000 440.070000 -13 1129 1 0 1.000000
15.458400 -4.600090 0 -0.117711 -2.858100 205.216000 439.885000 -13 1130 1 0 1.000000
-17.453700 -10.330900 0 15.785000 -1.684470 201.370000 440.641000 -13 1131 1 0 1.000000
-21.326700 -79.171800 0 -3.951490 20.166000 233.956000 440.708000 -13 1132 1 0 1.000000
-1.844990 -3.665900 0 -37.417400 -0.938098 181.318000 439.923000 -13 1133 1 0 1.000000
4.499020 -17.691000 0 -6.025740 1.714730 197.870000 440.267000 -13 1134 1 0 1.000000
-14.730900 -4.547460 0 4.698920 0.665133 198.009000 440.199000 -13 1135 1 0 1.000000
-19.370900 -12.487800 0 -14.287600 16.066600 218.684000 440.187000 -13 1136 1 0 1.000000
-15.642500 -6.054730 0 11.119500 -18.887200 212.490000 440.211000 -13 1137 1 0 1.000000
16.028800 -21.349900 0 1.043740 -16.227000 193.151000 440.232000 -13 1138 1 0 1.000000
-4.542230 -20.282800 0 7.692980 7.778470 199.459000 440.305000 -13 1139 1 0 1.000000
-30.187300 -8.190790 0 -9.332710 -2.244790 196.041000 440.273000 -13 1140 1 0 1.000000
6.127590 -22.648100 0 5.380090 3.660450 178.438000 440.136000 -13 1141 1 0 1.000000
-14.204400 7.100310 0 -1.133200 -8.323380 205.138000 440.288000 -13 1142 1 0 1.000000
14.500800 -19.578900 0 -20.382900 2.434910 195.594000 440.312000 -13 1143 1 0 1.000000
6.778660 -2.483600 0 -1.348460 -2.366370 197.505000 440.324000 -13 1144 1 0 1.000000
-17.206700 9.929280 0 -13.331700 2.987010 191.876000 440.159000 -13 1145 1 0 1.000000
-21.690800 -10.104600 0 10.155700 -15.198600 193.794000 440.336000 -13 1146 1 0 1.000000
18.578700 -1.455460 0 -9.984960 -5.416780 192.408000 440.345000 -13 1147 1 0 1.000000
4.990370 -10.537300 0 -23.334800 23.839500 198.307000 440.205000 -13 1148 1 0 1.000000
-5.182200 -6.847010 0 5.957850 5.633970 204.081000 440.250000 -13 1149 1 0 1.000000
9.831120 -31.452300 0 9.138290 -11.888300 223.243000 440.116000 -13 1150 1 0 1.000000
3.393860 -17.448800 0 5.530100 -6.899610 203.618000 440.184000 -13 1151 1 0 1.000000
-5.206650 -4.339990 0 19.532900 6.097940 201.424000 440.279000 -13 1152 1 0 1.000000
2.308220 -1.739040 0 6.877680 -5.410880 191.686000 440.131000 -13 1153 1 0 1.000000
-3.594300 -15.711200 0 4.430800 -2.501230 204.873000 440.073000 -13 1154 1 0 1.000000
15.032200 -24.166100 0 2.227970 -13.433700 207.492000 440.242000 -13 1155 1 0 1.000000
-40.172000 -25.263100 0 5.718020 3.360610 232.288000 440.027000 -13 1156 1 0 1.000000
6.706430 -11.054100 0 6.459550 -3.320510 198.816000 440.219000 -13 1157 1 0 1.000000
22.252300 -12.602800 0 -11.998700 -1.390100 215.238000 440.072000 -13 1158 1 0 1.000000
-23.390300 1.570490 0 -19.619500 4.650540 202.192000 440.172000 -13 1159 1 0 1.000000
0.267757 -28.238000 0 5.737620 -10.876400 197.428000 440.225000 -13 1160 1 0 1.000000
-13.579200 -14.179700 0 -10.502800 -0.322689 223.785000 440.141000 -13 1161 1 0 1.000000
-20.505000 -23.432400 0 -23.236900 6.508510 222.580000 440.160000 -13 1162 1 0 1.000000
-28.216200 -13.426200 0 7.835510 9.079390 209.648000 440.179000 -13 1163 1 0 1.000000
5.876510 2.834260 0 10.232500 -8.403730 213.478000 440.143000 -13 1164 1 0 1.000000
18.978900 9.956650 0 12.240100 -4.045730 212.695000 440.274000 -13 1165 1 0 1.000000
-1.575820 -4.941240 0 -9.872610 0.918949 208.547000 440.366000 -13 1166 1 0 1.000000
-9.409270 2.722820 0 13.895500 -20.670700 220.396000 440.453000 -13 1167 1 0 1.000000
-6.650370 -28.369000 0 4.457390 10.140600 210.176000 440.396000 -13 1168 1 0 1.000000
-8.866110 -8.535070 0 -5.310510 4.513410 213.341000 440.390000 -13 1169 1 0 1.000000
-30.323900 20.519400 0 1.074440 -3.858420 211.081000 440.539000 -13 1170 1 0 1.000000
-30.509900 18.164400 0 -4.914340 -10.138100 209.530000 440.545000 -13 1171 1 0 1.000000
3.200900 10.826900 0 -5.201800 -9.701430 211.908000 440.400000 -13 1172 1 0 1.000000
4.329250 -21.217000 0 -5.700110 0.608591 207.905000 440.324000 -13 1173 1 0 1.000000
-16.724900 -23.693500 0 24.057700 7.704900 210.985000 440.350000 -13 1174 1 0 1.000000
-35.422100 -15.547800 0 -13.024000 4.605000 209.686000 440.307000 -13 1175 1 0 1.000000
-14.466400 3.305640 0 -1.866480 -16.687000 203.709000 440.359000 -13 1176 1 0 1.000000
-10.047000 3.047140 0 1.818480 -9.737900 208.901000 440.237000 -13 1177 1 0 1.000000
2.807280 -5.348450 0 -0.635496 -5.991020 200.952000 440.319000 -13 1178 1 0 1.000000
-23.503000 -1.312590 0 8.069450 9.352010 204.517000 440.403000 -13 1179 1 0 1.000000
5.788360 -13.228600 0 1.839200 24.046500 207.353000 440.278000 -13 1180 1 0 1.000000
-15.201800 -5.161960 0 -3.187470 6.482730 208.739000 440.258000 -13 1181 1 0 1.000000
-18.782000 -4.966880 0 15.667600 -0.326867 195.135000 440.406000 -13 1182 1 0 1.000000
8.268650 -0.588456 0 -4.446210 -9.914310 202.423000 440.240000 -13 1183 1 0 1.000000
-11.329700 -20.406600 0 -0.342856 -19.936700 215.435000 440.328000 -13 1184 1 0 1.000000
-29.264800 -25.011500 0 2.150870 -2.181250 203.070000 440.222000 -13 1185 1 0 1.000000
-41.988500 -10.380100 0 12.005200 -21.934200 247.451000 440.255000 -13 1186 1 0 1.000000
8.088910 -6.924910 0 -5.349210 1.632490 197.025000 440.197000 -13 1187 1 0 1.000000
-12.026600 -93.833400 0 16.669900 7.528360 233.495000 440.357000 -13 1188 1 0 1.000000
3.232880 -19.267300 0 10.323400 7.076150 209.447000 440.154000 -13 1189 1 0 1.000000
-37.840100 -5.073200 0 -12.228800 7.840200 217.263000 440.081000 -13 1190 1 0 1.000000
17.371000 -27.191900 0 -10.950900 2.996320 201.172000 440.302000 -13 1191 1 0 1.000000
7.722830 -2.392210 0 -7.991850 -13.823800 217.310000 440.452000 -13 1192 1 0 1.000000
-10.376500 -23.576800 0 -11.769200 -7.699710 203.918000 440.529000 -13 1193 1 0 1.000000
-14.385800 23.607400 0 -5.023050 4.120370 225.151000 440.364000 -13 1194 1 0 1.000000
8.363140 -19.130200 0 -13.276600 5.092830 227.961000 440.379000 -13 1195 1 0 1.000000
-12.939600 -28.846400 0 -4.710030 -8.409120 221.221000 440.484000 -13 1196 1 0 1.000000
-26.492600 -10.159500 0 -20.354800 16.041000 236.903000 440.463000 -13 1197 1 0 1.000000
-6.526090 -17.589300 0 1.935390 12.377700 209.830000 440.659000 -13 1198 1 0 1.000000
6.177390 -37.347900 0 -13.032800 -24.044100 235.865000 440.421000 -13 1199 1 0 1.000000
9.789700 -17.371100 0 -2.608220 -8.054150 191.984000 440.592000 -13 1200 1 0 1.000000
-25.398000 -12.837500 0 -3.311340 -8.007540 207.710000 440.084000 -13 1201 1 0 1.000000
5.312510 -13.934700 0 2.959410 2.305830 189.415000 440.202000 -13 1202 1 0 1.000000
-7.531280 -15.224400 0 -0.025115 10.799800 195.156000 440.145000 -13 1203 1 0 1.000000
-10.943700 4.742380 0 -5.320900 3.803440 200.425000 440.287000 -13 1204 1 0 1.000000
-13.681800 -30.095400 0 6.972900 -0.817899 205.025000 440.017000 -13 1205 1 0 1.000000
6.122870 -29.507500 0 17.295600 -14.538200 201.658000 440.349000 -13 1206 1 0 1.000000
3.570080 10.902100 0 -12.783300 13.505600 220.528000 440.141000 -13 1207 1 0 1.000000
-20.680400 1.327690 0 -16.066700 -14.550700 213.157000 440.024000 -13 1208 1 0 1.000000
-37.020100 10.830600 0 -5.692580 -8.547380 207.853000 440.108000 -13 1209 1 0 1.000000
-8.779550 -41.278600 0 -4.296880 -5.346440 207.441000 440.348000 -13 1210 1 0 1.000000
46.688800 -26.990300 0 -17.482800 -4.324100 202.882000 440.157000 -13 1211 1 0 1.000000
-0.939943 -8.283430 0 -20.662000 9.940770 196.554000 440.206000 -13 1212 1 0 1.000000
-16.527000 -0.743714 0 -6.145890 -7.590720 190.792000 440.153000 -13 1213 1 0 1.000000
-19.159500 2.131790 0 8.731950 2.562790 202.673000 440.284000 -13 1214 1 0 1.000000
-17.861200 -18.756000 0 2.305560 -0.131258 190.460000 440.199000 -13 1215 1 0 1.000000
3.327370 3.321560 0 17.410200 -2.994510 188.846000 440.226000 -13 1216 1 0 1.000000
-6.276500 12.674300 0 6.457090 12.438300 202.085000 440.192000 -13 1217 1 0 1.000000
24.831900 -33.305000 0 -0.781819 -13.849100 200.501000 440.269000 -13 1218 1 0 1.000000
-16.085800 19.865400 0 3.735210 -11.544600 206.308000 440.339000 -13 1219 1 0 1.000000
-46.446600 -12.937900 0 26.699100 9.562640 193.454000 440.252000 -13 1220 1 0 1.000000
-37.043700 -12.244800 0 6.372610 16.432900 226.738000 440.498000 -13 1221 1 0 1.000000
-3.799650 -1.914460 0 -10.701300 4.975510 224.928000 440.099000 -13 1222 1 0 1.000000
-23.275000 47.313200 0 -12.187800 23.164000 213.946000 440.328000 -13 1223 1 0 1.000000
-7.621730 46.795000 0 -3.355850 -22.243900 268.818000 440.312000 -13 1224 1 0 1.000000
-10.808700 18.380100 0 1.716280 -4.370620 213.410000 440.070000 -13 1225 1 0 1.000000
-12.005500 -39.569400 0 -12.571500 4.214820 226.769000 440.450000 -13 1226 1 0 1.000000
-15.060400 -21.396600 0 -2.658680 4.928410 228.457000 440.428000 -13 1227 1 0 1.000000
18.698400 41.765400 0 -1.074010 -21.751800 207.151000 440.431000 -13 1228 1 0 1.000000
-10.963300 -9.785180 0 -18.729900 7.801920 228.321000 440.329000 -13 1229 1 0 1.000000
1.599600 -11.153100 0 19.621000 -29.116900 227.228000 440.260000 -13 1230 1 0 1.000000
75.970900 -37.840600 0 -30.330400 0.105361 212.588000 440.240000 -13 1231 1 0 1.000000
-0.426445 -2.919640 0 8.573110 -14.740800 210.920000 440.210000 -13 1232 1 0 1.000000
-18.052400 3.573670 0 -2.429930 0.755687 214.258000 440.558000 -13 1233 1 0 1.000000
-18.360000 -31.415300 0 -15.262900 20.476500 222.717000 440.515000 -13 1234 1 0 1.000000
-5.536300 -2.936620 0 12.872000 0.570676 204.252000 440.222000 -13 1235 1 0 1.000000
-13.968600 -38.335100 0 -24.533600 1.331550 231.934000 440.359000 -13 1236 1 0 1.000000
-11.419200 -10.927000 0 23.992700 17.726700 222.825000 440.267000 -13 1237 1 0 1.000000
-28.816300 -8.459490 0 -1.439110 13.311800 229.016000 440.052000 -13 1238 1 0 1.000000
2.732420 -10.728100 0 -6.937370 0.437946 218.596000 440.161000 -13 1239 1 0 1.000000
6.390630 -4.684380 0 -16.780100 18.337700 211.754000 440.367000 -13 1240 1 0 1.000000
-4.691150 -19.630400 0 -2.765210 -11.696100 231.337000 440.253000 -13 1241 1 0 1.000000
-42.173700 11.498100 0 6.995680 -7.915840 216.601000 440.290000 -13 1242 1 0 1.000000
7.205380 -10.612300 0 -1.984640 18.532400 203.788000 440.367000 -13 1243 1 0 1.000000
21.182800 -31.339600 0 -11.475700 -7.957200 213.463000 440.217000 -13 1244 1 0 1.000000
0.474390 -36.488900 0 2.534270 -6.450030 204.930000 440.266000 -13 1245 1 0 1.000000
-30.309900 7.638010 0 31.177300 2.006020 212.089000 440.455000 -13 1246 1 0 1.000000
-1.030330 -20.286500 0 -7.253700 -0.163663 221.991000 440.359000 -13 1247 1 0 1.000000
-23.860600 -18.441800 0 4.602060 -15.820000 213.454000 440.418000 -13 1248 1 0 1.000000
-20.027300 -5.904840 0 -17.728100 0.212308 226.748000 440.349000 -13 1249 1 0 1.000000
-50.988500 -7.892820 0 -5.306770 4.657820 179.050000 440.088000 -13 1250 1 0 1.000000
12.860400 -38.975200 0 1.955850 5.678560 223.924000 440.417000 -13 1251 1 0 1.000000
-22.000600 -40.460400 0 -3.758310 -17.366800 217.234000 440.554000 -13 1252 1 0 1.000000
-6.799620 7.573410 0 3.258820 -5.779140 224.830000 440.203000 -13 1253 1 0 1.000000
-16.117500 -1.068910 0 -10.479600 -10.985600 228.088000 440.275000 -13 1254 1 0 1.000000
-13.648600 2.089640 0 0.803015 11.206200 211.942000 440.247000 -13 1255 1 0 1.000000
-27.992700 -28.376800 0 0.594596 -11.724000 225.875000 440.208000 -13 1256 1 0 1.000000
22.403200 -13.206600 0 -24.844100 4.480540 214.325000 439.783000 -13 1257 1 0 1.000000
-23.129900 3.742520 0 7.173420 -4.407130 214.694000 440.579000 -13 1258 1 0 1.000000
7.853260 -23.038100 0 -3.273930 -3.365240 228.212000 440.211000 -13 1259 1 0 1.000000
-36.970400 -9.286810 0 20.299200 1.006600 227.665000 440.422000 -13 1260 1 0 1.000000
38.443600 -0.417843 0 -4.509570 1.195370 200.809000 440.497000 -13 1261 1 0 1.000000
1.511440 -24.439200 0 2.785270 -6.732060 178.900000 440.346000 -13 1262 1 0 1.000000
-15.312600 -11.604200 0 -0.944387 -0.073907 222.875000 440.252000 -13 1263 1 0 1.000000
17.130800 6.638570 0 17.693000 9.853840 184.088000 440.209000 -13 1264 1 0 1.000000
-17.446100 -6.261600 0 -9.987640 -9.265640 234.206000 440.312000 -13 1265 1 0 1.000000
-3.208010 -31.137600 0 2.578530 -23.417900 221.371000 440.218000 -13 1266 1 0 1.000000
19.742400 -6.639720 0 -9.531140 -9.576540 230.527000 440.067000 -13 1267 1 0 1.000000
5.997840 13.979000 0 -8.625750 -7.894900 231.482000 440.128000 -13 1268 1 0 1.000000
16.657600 5.546690 0 5.415000 -2.970890 210.386000 440.177000 -13 1269 1 0 1.000000
-2.876280 -35.868500 0 -0.756081 -3.359700 205.314000 440.262000 -13 1270 1 0 1.000000
-26.765300 -8.508550 0 -7.173920 18.508600 228.241000 440.211000 -13 1271 1 0 1.000000
-40.599700 30.766700 0 -4.797290 7.892730 235.697000 440.326000 -13 1272 1 0 1.000000
6.741070 -9.088420 0 -1.956970 3.926750 171.662000 440.175000 -13 1273 1 0 1.000000
-7.167920 4.253460 0 -23.083700 -1.762350 221.934000 440.478000 -13 1274 1 0 1.000000
-9.141410 -4.014050 0 -9.451320 -4.921900 194.878000 440.356000 -13 1275 1 0 1.000000
-2.111360 -11.555400 0 -23.897800 8.418100 201.826000 440.324000 -13 1276 1 0 1.000000
-21.000100 -7.142580 0 -13.341600 13.436600 204.741000 440.261000 -13 1277 1 0 1.000000
-17.456300 -16.448900 0 2.793430 -10.584900 199.503000 440.330000 -13 1278 1 0 1.000000
23.406600 -6.157120 0 -23.592500 -4.131250 183.668000 440.293000 -13 1279 1 0 1.000000
10.474400 45.159500 0 24.217600 -3.740650 225.834000 440.075000 -13 1280 1 0 1.000000
-17.285700 -7.541430 0 9.838170 8.569510 198.148000 440.403000 -13 1281 1 0 1.000000
-18.469800 0.955223 0 12.167800 -1.883430 208.245000 440.472000 -13 1282 1 0 1.000000
-3.128820 -14.602600 0 -10.434800 -1.916250 202.297000 440.368000 -13 1283 1 0 1.000000
15.447400 -43.615700 0 13.319700 -25.473100 207.965000 439.909000 -13 1284 1 0 1.000000
-25.778500 -15.721400 0 -5.006080 -1.175180 202.931000 440.473000 -13 1285 1 0 1.000000
9.455310 -26.737900 0 5.329210 3.274110 200.111000 440.353000 -13 1286 1 0 1.000000
-49.870300 -17.383500 0 17.056300 -7.476800 215.282000 440.375000 -13 1287 1 0 1.000000
13.839100 17.257000 0 -6.960430 -23.301700 199.726000 440.364000 -13 1288 1 0 1.000000
4.559990 -21.313100 0 -1.164240 -4.996210 200.074000 440.482000 -13 1289 1 0 1.000000
-29.375400 10.148900 0 6.718690 14.189300 206.598000 440.319000 -13 1290 1 0 1.000000
-2.468240 -4.426820 0 9.745480 -5.063710 197.598000 440.403000 -13 1291 1 0 1.000000
-2.668500 -23.728300 0 -9.297310 -1.332720 195.790000 440.360000 -13 1292 1 0 1.000000
-6.868690 8.719630 0 4.511640 5.436050 213.210000 440.348000 -13 1293 1 0 1.000000
0.960970 -56.591900 0 1.650470 -15.022500 203.301000 440.348000 -13 1294 1 0 1.000000
3.727300 -1.142680 0 1.288780 10.141000 209.038000 440.414000 -13 1295 1 0 1.000000
6.675430 -23.312300 0 0.929724 -1.268540 214.468000 440.307000 -13 1296 1 0 1.000000
-16.604300 1.892600 0 11.503900 -1.901100 211.332000 440.293000 -13 1297 1 0 1.000000
-24.478600 -1.301280 0 -13.961400 -0.112370 208.308000 440.300000 -13 1298 1 0 1.000000
-17.115600 -9.505470 0 4.805340 1.213730 209.962000 440.341000 -13 1299 1 0 1.000000
-21.477500 -20.799300 0 -11.881100 -12.966900 206.964000 440.262000 -13 1300 1 0 1.000000
15.536600 20.728200 0 -10.833200 -4.572040 215.817000 440.411000 -13 1301 1 0 1.000000
6.489100 -6.195360 0 6.993760 18.578700 191.851000 440.462000 -13 1302 1 0 1.000000
-2.602530 -3.279780 0 0.035297 -7.366220 198.662000 440.369000 -13 1303 1 0 1.000000
-41.376500 -10.539400 0 2.181450 -14.262300 217.743000 440.461000 -13 1304 1 0 1.000000
3.273750 -31.020100 0 -10.492500 -2.512680 200.640000 440.460000 -13 1305 1 0 1.000000
-9.861970 -20.987600 0 -5.604130 -4.137850 200.648000 440.448000 -13 1306 1 0 1.000000
1.033540 3.729630 0 0.135646 -17.105400 190.020000 440.271000 -13 1307 1 0 1.000000
11.896000 -10.398000 0 -11.519900 -3.783030 207.813000 440.340000 -13 1308 1 0 1.000000
-23.366100 -18.297000 0 11.489900 -5.260570 202.037000 440.497000 -13 1309 1 0 1.000000
-5.539880 -12.285200 0 -9.531680 16.182500 212.970000 440.451000 -13 1310 1 0 1.000000
-16.278000 -27.660500 0 -7.887870 4.594740 207.331000 440.364000 -13 1311 1 0 1.000000
4.522700 -10.876300 0 14.834100 -9.565600 205.852000 440.376000 -13 1312 1 0 1.000000
-9.772440 -30.820500 0 -19.982100 1.020950 233.426000 440.317000 -13 1313 1 0 1.000000
13.014200 -13.789600 0 -6.004110 -18.664200 221.021000 440.252000 -13 1314 1 0 1.000000
6.883780 -3.208560 0 -18.952200 2.796980 223.211000 440.271000 -13 1315 1 0 1.000000
-19.800600 4.546500 0 10.542800 -26.364900 225.743000 440.249000 -13 1316 1 0 1.000000
-4.043010 -3.721280 0 -0.489448 -35.326000 235.061000 440.188000 -13 1317 1 0 1.000000
20.110600 -18.795600 0 -13.079200 -11.416900 235.788000 440.284000 -13 1318 1 0 1.000000
-20.279500 -5.692780 0 2.058690 -6.791190 233.391000 440.319000 -13 1319 1 0 1.000000
14.863700 -7.730090 0 4.565670 -11.906600 255.781000 440.282000 -13 1320 1 0 1.000000
-14.259800 -18.270100 0 -8.368900 1.616520 233.733000 440.302000 -13 1321 1 0 1.000000
4.451710 -8.064050 0 9.968360 -5.692860 216.498000 440.390000 -13 1322 1 0 1.000000
-30.807300 -14.286900 0 19.697300 -8.856890 219.808000 440.475000 -13 1323 1 0 1.000000
-6.577800 -1.846280 0 22.362200 -3.903700 208.484000 440.586000 -13 1324 1 0 1.000000
-18.241600 -3.084390 0 0.311890 -19.284900 226.861000 440.296000 -13 1325 1 0 1.000000
-8.285390 -6.325760 0 10.999000 3.308260 220.583000 440.448000 -13 1326 1 0 1.000000
-20.549300 -28.563000 0 6.333650 -12.527200 228.229000 440.216000 -13 1327 1 0 1.000000
5.598860 -5.274190 0 4.702840 -8.573960 224.469000 440.343000 -13 1328 1 0 1.000000
-5.150260 -19.781800 0 -35.848100 20.705500 191.862000 440.316000 -13 1329 1 0 1.000000
-17.245300 -35.790300 0 -3.487500 10.753800 230.850000 440.448000 -13 1330 1 0 1.000000
-21.871300 -6.588740 0 7.511540 0.897937 230.679000 440.344000 -13 1331 1 0 1.000000
-43.028500 -12.322900 0 8.922890 3.108960 205.233000 440.627000 -13 1332 1 0 1.000000
0.539469 -32.197400 0 -15.059300 -13.682400 203.535000 440.582000 -13 1333 1 0 1.000000
1.177770 -27.680700 0 11.479800 0.165159 224.728000 440.405000 -13 1334 1 0 1.000000
-4.834230 13.951600 0 -1.755400 -19.708400 231.566000 440.382000 -13 1335 1 0 1.000000
-14.851700 4.058630 0 12.596900 0.458528 224.483000 440.213000 -13 1336 1 0 1.000000
1.089140 -28.692100 0 -8.671250 11.999800 233.801000 440.402000 -13 1337 1 0 1.000000
29.327700 -15.676400 0 -10.167000 -10.059800 208.172000 440.185000 -13 1338 1 0 1.000000
-28.992600 -34.368100 0 -12.358700 -3.001640 205.832000 439.989000 -13 1339 1 0 1.000000
-23.170900 -15.620800 0 -0.811070 6.757360 206.853000 440.023000 -13 1340 1 0 1.000000
-3.147170 -18.218400 0 -5.144700 -25.833700 208.129000 440.293000 -13 1341 1 0 1.000000
0.131514 -2.237340 0 -6.697690 6.823350 210.593000 440.132000 -13 1342 1 0 1.000000
-48.094700 6.272520 0 -10.826600 4.546820 212.218000 440.231000 -13 1343 1 0 1.000000
18.491400 -28.521200 0 -3.551150 -1.456920 193.550000 440.147000 -13 1344 1 0 1.000000
6.668970 -18.762400 0 15.308400 -8.591030 197.652000 440.085000 -13 1345 1 0 1.000000
-8.126670 15.870100 0 12.852000 8.464730 195.868000 440.563000 -13 1346 1 0 1.000000
-31.185500 -51.857100 0 -9.173980 -6.176440 227.382000 439.981000 -13 1347 1 0 1.000000
-33.358300 26.533800 0 -26.564600 -7.745880 208.948000 440.537000 -13 1348 1 0 1.000000
15.842200 -14.737200 0 7.196660 2.834870 221.833000 440.526000 -13 1349 1 0 1.000000
-65.567300 -30.581000 0 7.336860 -10.883600 221.514000 440.320000 -13 1350 1 0 1.000000
28.447300 124.114000 0 -16.854200 -7.854240 237.098000 440.488000 -13 1351 1 0 1.000000
22.375000 -23.508700 0 -12.793600 -6.559870 221.216000 440.205000 -13 1352 1 0 1.000000
-32.119400 -21.081700 0 7.453610 15.624900 213.092000 440.409000 -13 1353 1 0 1.000000
10.480500 -11.059100 0 -6.089240 -24.035700 200.664000 440.561000 -13 1354 1 0 1.000000
-11.875700 -19.172800 0 7.537990 2.257170 214.489000 440.527000 -13 1355 1 0 1.000000
6.646530 -18.819500 0 4.385110 -2.998760 218.555000 440.584000 -13 1356 1 0 1.000000
-6.705940 -18.015700 0 -12.777900 0.911252 221.916000 440.415000 -13 1357 1 0 1.000000
22.008700 -8.765230 0 -11.154100 -8.966180 197.962000 440.723000 -13 1358 1 0 1.000000
5.833630 -19.023300 0 13.387900 -1.454450 185.856000 440.528000 -13 1359 1 0 1.000000
0.755388 -9.984690 0 -9.659080 9.128170 205.671000 440.557000 -13 1360 1 0 1.000000
7.771840 -42.704300 0 -14.768700 21.354300 210.550000 440.646000 -13 1361 1 0 1.000000
-36.555100 -39.827800 0 -19.305600 -11.088400 220.297000 440.552000 -13 1362 1 0 1.000000
-77.628400 44.671200 0 21.919000 -4.414200 244.042000 440.502000 -13 1363 1 0 1.000000
-9.864750 -1.620100 0 -2.351220 14.863000 198.563000 440.110000 -13 1364 1 0 1.000000
-10.974600 -2.151840 0 9.212520 14.817900 202.293000 440.225000 -13 1365 1 0 1.000000
-31.035500 -19.822600 0 -12.093300 -17.139300 201.437000 440.245000 -13 1366 1 0 1.000000
-3.526830 4.527080 0 13.939800 1.533080 196.713000 440.216000 -13 1367 1 0 1.000000
-7.360090 -17.418900 0 -0.649743 5.783460 199.839000 440.071000 -13 1368 1 0 1.000000
-28.618100 -36.575100 0 19.350000 -11.692700 213.016000 440.144000 -13 1369 1 0 1.000000
15.026000 -13.224400 0 4.387200 -4.125090 201.501000 440.201000 -13 1370 1 0 1.000000
-3.166360 -4.785020 0 1.811500 -3.783150 230.398000 440.366000 -13 1371 1 0 1.000000
-59.467800 -40.975600 0 5.444550 -2.185300 259.786000 440.200000 -13 1372 1 0 1.000000
16.807600 -21.177800 0 -6.962830 5.447060 188.816000 440.446000 -13 1373 1 0 1.000000
-13.057900 -12.481400 0 0.036023 -3.850380 229.246000 440.403000 -13 1374 1 0 1.000000
-24.228600 9.600990 0 -0.981305 -4.369790 222.877000 440.206000 -13 1375 1 0 1.000000
7.693680 -25.641500 0 -24.988300 7.765050 181.884000 440.064000 -13 1376 1 0 1.000000
-17.724100 -5.472140 0 -5.548740 -13.678500 207.960000 440.529000 -13 1377 1 0 1.000000
27.442900 -19.851500 0 -11.719800 12.897500 177.298000 440.298000 -13 1378 1 0 1.000000
-14.985400 -17.280200 0 6.313530 8.557080 219.014000 439.998000 -13 1379 1 0 1.000000
7.786800 24.980600 0 -6.315580 -2.040610 241.152000 440.340000 -13 1380 1 0 1.000000
-29.918000 -19.365800 0 -4.311020 9.071090 226.152000 440.070000 -13 1381 1 0 1.000000
-10.991400 -34.713900 0 -12.658300 20.485300 241.677000 440.312000 -13 1382 1 0 1.000000
19.376700 18.220000 0 5.940200 9.788930 235.367000 440.496000 -13 1383 1 0 1.000000
-30.864800 -13.377700 0 3.988210 0.093221 238.318000 440.573000 -13 1384 1 0 1.000000
-25.984600 -22.139400 0 6.698300 -6.270300 187.790000 440.569000 -13 1385 1 0 1.000000
8.885490 -21.321400 0 -46.387500 22.174200 246.793000 440.235000 -13 1386 1 0 1.000000
-25.655000 -17.455600 0 1.384320 -0.233120 201.456000 440.102000 -13 1387 1 0 1.000000
4.837890 21.815200 0 0.316054 -4.480880 232.496000 440.202000 -13 1388 1 0 1.000000
-1.356260 -20.063100 0 -14.356900 0.054039 203.587000 440.045000 -13 1389 1 0 1.000000
-10.577500 -9.794920 0 -5.791070 9.217050 203.517000 440.213000 -13 1390 1 0 1.000000
5.106880 -15.090800 0 -10.131300 -7.150930 206.518000 440.028000 -13 1391 1 0 1.000000
1.094250 -28.126700 0 9.176640 -4.257380 201.585000 440.250000 -13 1392 1 0 1.000000
11.044500 -0.733055 0 -2.691890 -4.114560 198.573000 440.119000 -13 1393 1 0 1.000000
-22.367600 7.304730 0 1.743180 29.127000 216.752000 439.990000 -13 1394 1 0 1.000000
-27.390600 -5.198010 0 13.358000 -7.941790 196.840000 440.151000 -13 1395 1 0 1.000000
-14.361400 -25.416200 0 14.138500 -24.240600 224.041000 440.399000 -13 1396 1 0 1.000000
3.889780 -6.368320 0 1.119220 16.691500 189.136000 440.338000 -13 1397 1 0 1.000000
-7.876220 6.921480 0 -10.886800 -4.545850 202.354000 440.324000 -13 1398 1 0 1.000000
4.642010 -15.689900 0 -4.625790 -20.547500 193.437000 440.256000 -13 1399 1 0 1.000000
23.984100 -9.728370 0 -14.628300 10.558700 180.619000 440.256000 -13 1400 1 0 1.000000
-2.487670 -22.849000 0 -14.299300 -15.806500 192.013000 440.261000 -13 1401 1 0 1.000000
2.234980 -14.966700 0 -3.522990 18.623700 190.485000 440.287000 -13 1402 1 0 1.000000
-27.231700 -42.898300 0 5.790610 -1.179320 211.619000 440.500000 -13 1403 1 0 1.000000
-4.689730 -4.095760 0 7.061950 -2.230150 185.856000 440.339000 -13 1404 1 0 1.000000
7.456590 3.133510 0 6.863460 0.625311 211.079000 440.293000 -13 1405 1 0 1.000000
-16.422900 -8.430480 0 -11.839500 -4.140250 210.482000 440.421000 -13 1406 1 0 1.000000
-4.947150 -15.827000 0 15.904300 -2.372580 213.725000 440.278000 -13 1407 1 0 1.000000
0.779297 -9.721790 0 3.991390 19.727600 191.122000 440.294000 -13 1408 1 0 1.000000
-7.466460 3.200500 0 6.668920 -5.885270 209.443000 440.352000 -13 1409 1 0 1.000000
-0.950898 -17.623000 0 12.844300 -9.871110 214.322000 440.382000 -13 1410 1 0 1.000000
3.369090 -5.069090 0 -4.106110 -1.999330 212.775000 440.268000 -13 1411 1 0 1.000000
-28.523300 -9.969710 0 -30.110000 18.209000 219.149000 440.713000 -13 1412 1 0 1.000000
16.620900 -19.944200 0 -13.819800 11.831100 203.684000 440.137000 -13 1413 1 0 1.000000
17.971200 -8.060440 0 -2.278380 3.075790 202.443000 440.133000 -13 1414 1 0 1.000000
13.843700 -15.600000 0 4.087160 -13.477100 216.836000 440.189000 -13 1415 1 0 1.000000
-15.859100 -14.016300 0 -1.349490 -13.808100 198.265000 440.268000 -13 1416 1 0 1.000000
-24.029300 -55.070300 0 22.096700 13.812400 227.756000 440.194000 -13 1417 1 0 1.000000
-8.832790 -7.469840 0 -8.471280 -7.025810 195.306000 440.161000 -13 1418 1 0 1.000000
-22.564600 -13.614200 0 -9.023630 -12.027300 207.838000 440.283000 -13 1419 1 0 1.000000
-21.390800 -25.239400 0 -13.139500 -8.171530 201.380000 440.240000 -13 1420 1 0 1.000000
-13.290500 -9.735370 0 -9.665980 6.900140 210.330000 440.040000 -13 1421 1 0 1.000000
-14.845700 -23.772300 0 22.660200 -7.521800 208.243000 440.263000 -13 1422 1 0 1.000000
-14.096900 -16.133900 0 -17.628000 -25.251100 217.205000 440.060000 -13 1423 1 0 1.000000
-17.576800 17.485500 0 8.961800 -9.653740 200.031000 440.143000 -13 1424 1 0 1.000000
-28.450600 -26.244300 0 -8.325900 -4.876460 217.122000 440.417000 -13 1425 1 0 1.000000
-20.021600 -15.417200 0 -11.915600 13.555000 218.668000 440.389000 -13 1426 1 0 1.000000
-7.695160 -37.568800 0 -0.997434 11.451500 200.129000 440.355000 -13 1427 1 0 1.000000
3.581860 -15.969900 0 -19.563000 6.684660 194.199000 440.225000 -13 1428 1 0 1.000000
-24.323800 -26.485100 0 -16.895400 -18.656900 216.934000 440.448000 -13 1429 1 0 1.000000
-29.355200 -11.991200 0 -4.276300 -2.633020 213.567000 440.308000 -13 1430 1 0 1.000000
-13.876200 -2.347560 0 6.253990 16.357700 200.904000 440.287000 -13 1431 1 0 1.000000
-30.081900 16.610400 0 -5.875310 -16.347100 228.213000 440.394000 -13 1432 1 0 1.000000
-23.784900 -2.063680 0 20.316600 -6.927150 213.704000 440.452000 -13 1433 1 0 1.000000
13.202700 -13.434400 0 10.810700 -0.414626 196.803000 440.417000 -13 1434 1 0 1.000000
1.108130 3.447150 0 16.504000 16.951000 206.629000 440.567000 -13 1435 1 0 1.000000
6.508530 -18.766800 0 6.515700 60.826100 206.594000 440.355000 -13 1436 1 0 1.000000
-11.033400 -3.082930 0 1.838900 -15.734000 205.280000 440.262000 -13 1437 1 0 1.000000
-15.257200 -2.159760 0 0.593188 -14.266200 204.775000 440.435000 -13 1438 1 0 1.000000
10.457600 -5.548180 0 1.481370 -9.503940 204.571000 440.324000 -13 1439 1 0 1.000000
-26.752800 -13.033900 0 -5.322200 4.983360 204.790000 440.314000 -13 1440 1 0 1.000000
7.661000 -17.141200 0 1.540050 -16.048300 211.840000 440.184000 -13 1441 1 0 1.000000
-40.689000 -3.787460 0 0.367181 16.188400 210.885000 440.306000 -13 1442 1 0 1.000000
-10.837000 -13.775200 0 0.817917 -4.065740 197.389000 440.371000 -13 1443 1 0 1.000000
2.204210 -18.380700 0 14.325300 -1.091120 210.227000 440.323000 -13 1444 1 0 1.000000
-4.061440 -5.971850 0 31.835300 10.027500 199.916000 440.238000 -13 1445 1 0 1.000000
0.035188 -5.644950 0 -5.314720 -10.211500 202.778000 440.369000 -13 1446 1 0 1.000000
-9.384400 -5.054870 0 -7.284900 -5.858350 198.303000 440.048000 -13 1447 1 0 1.000000
-34.952300 0.537103 0 9.898190 -3.859640 216.603000 440.238000 -13 1448 1 0 1.000000
-50.934400 -22.479800 0 3.097150 -1.559900 228.136000 440.245000 -13 1449 1 0 1.000000
3.523650 -10.822100 0 -22.804500 -8.520550 203.117000 440.112000 -13 1450 1 0 1.000000
-18.761800 -1.130210 0 -6.288670 -7.458880 208.395000 440.180000 -13 1451 1 0 1.000000
-11.132200 -16.993100 0 15.870000 -24.768500 203.756000 440.387000 -13 1452 1 0 1.000000
-32.780400 -11.569100 0 -13.984900 -2.759590 204.058000 440.381000 -13 1453 1 0 1.000000
0.399548 -28.894400 0 -8.138140 20.789800 209.622000 440.331000 -13 1454 1 0 1.000000
-28.546100 -32.650400 0 -19.156200 1.538040 216.996000 440.433000 -13 1455 1 0 1.000000
18.473900 -14.094500 0 -2.173780 3.853110 201.000000 440.315000 -13 1456 1 0 1.000000
-15.970500 -8.702180 0 -1.991020 6.691300 208.243000 440.217000 -13 1457 1 0 1.000000
-77.569100 -1.084530 0 -24.881000 -8.023970 210.682000 439.982000 -13 1458 1 0 1.000000
-10.624000 -28.335400 0 8.715600 16.148100 212.394000 440.023000 -13 1459 1 0 1.000000
-23.936100 -5.683070 0 13.968600 -19.151300 229.721000 440.144000 -13 1460 1 0 1.000000
-11.560200 -32.576500 0 25.026600 -6.291780 203.297000 440.232000 -13 1461 1 0 1.000000
22.913600 25.988800 0 9.858630 1.682990 238.136000 440.107000 -13 1462 1 0 1.000000
-17.195200 -18.066200 0 -4.584730 13.531200 207.162000 440.109000 -13 1463 1 0 1.000000
-23.441800 -13.912700 0 3.415150 2.990000 206.535000 440.278000 -13 1464 1 0 1.000000
-8.232380 -39.460900 0 9.818420 16.375900 214.723000 440.210000 -13 1465 1 0 1.000000
-3.705990 -4.589350 0 14.211600 -12.473900 215.647000 440.085000 -13 1466 1 0 1.000000
-7.805950 -7.740430 0 -6.735430 12.054800 193.284000 439.999000 -13 1467 1 0 1.000000
-3.550630 5.341850 0 6.929500 1.231370 207.437000 440.019000 -13 1468 1 0 1.000000
-16.986100 -16.693100 0 18.378400 10.748300 234.574000 440.117000 -13 1469 1 0 1.000000
-10.533700 1.359720 0 2.574080 -4.165200 208.710000 440.064000 -13 1470 1 0 1.000000
-20.108400 -43.867000 0 -13.017500 12.207100 183.022000 440.408000 -13 1471 1 0 1.000000
-0.647387 -31.745000 0 -2.274120 10.516100 225.523000 440.632000 -13 1472 1 0 1.000000
-21.894800 -10.827900 0 12.850800 18.710000 240.958000 440.407000 -13 1473 1 0 1.000000
12.236900 -30.863300 0 -7.429480 0.565890 206.743000 439.967000 -13 1474 1 0 1.000000
-5.519050 -11.176600 0 0.883872 -2.989220 212.273000 440.018000 -13 1475 1 0 1.000000
3.296040 0.201423 0 15.227600 9.466070 200.643000 440.199000 -13 1476 1 0 1.000000
17.542500 -15.940300 0 -16.893400 -6.342690 213.606000 440.346000 -13 1477 1 0 1.000000
-58.994100 -10.903200 0 -0.300997 -9.092210 223.355000 440.460000 -13 1478 1 0 1.000000
-58.036300 7.415470 0 7.349640 3.702160 236.415000 440.351000 -13 1479 1 0 1.000000
-22.248600 -22.371000 0 -29.757800 6.201230 217.395000 440.151000 -13 1480 1 0 1.000000
-46.210300 -38.547200 0 -10.171800 -25.359900 199.028000 440.170000 -13 1481 1 0 1.000000
-20.294000 -23.540600 0 7.873880 -10.793600 216.939000 440.212000 -13 1482 1 0 1.000000
-57.472200 -19.687400 0 -2.073630 2.668930 194.395000 440.063000 -13 1483 1 0 1.000000
-4.291700 9.409950 0 -12.651500 16.820400 182.959000 440.245000 -13 1484 1 0 1.000000
-18.174900 -4.912580 0 6.192790 -18.133900 209.567000 440.597000 -13 1485 1 0 1.000000
28.472000 17.416600 0 8.267990 -1.484240 187.031000 440.138000 -13 1486 1 0 1.000000
-10.151600 -24.534400 0 8.815970 51.605000 248.364000 440.165000 -13 1487 1 0 1.000000
51.955300 -47.367600 0 20.175600 -64.198600 208.805000 441.005000 -13 1488 1 0 1.000000
0.156189 -9.416300 0 16.368200 22.006700 205.642000 440.326000 -13 1489 1 0 1.000000
-49.797500 33.351400 0 37.487700 -10.679600 214.225000 440.175000 -13 1490 1 0 1.000000
-18.150800 -12.801800 0 -22.907100 8.154730 188.461000 440.352000 -13 1491 1 0 1.000000
13.323200 -3.847210 0 6.227010 -0.059892 220.638000 440.414000 -13 1492 1 0 1.000000
18.311100 -10.756700 0 -7.323560 0.936286 191.398000 440.061000 -13 1493 1 0 1.000000
-7.601470 -15.268500 0 -10.272300 12.565000 214.889000 440.271000 -13 1494 1 0 1.000000
-6.377510 -3.873210 0 -12.482600 -7.288560 194.029000 440.355000 -13 1495 1 0 1.000000
19.131200 -18.167700 0 -0.958145 16.085200 204.996000 440.059000 -13 1496 1 0 1.000000
23.742000 -23.301100 0 10.911000 -0.980768 194.941000 440.251000 -13 1497 1 0 1.000000
18.195300 1.853420 0 4.265050 14.754500 195.496000 440.271000 -13 1498 1 0 1.000000
-13.594700 11.473100 0 -0.092191 -11.033100 193.681000 440.086000 -13 1499 1 0 1.000000
-11.425100 -24.421900 0 -18.739100 11.669200 199.817000 439.983000 -13 1500 1 0 1.000000
-0.251881 -9.190590 0 -19.146500 16.386700 207.592000 440.346000 -13 1501 1 0 1.000000
2.755950 7.275070 0 -31.760600 7.184970 208.145000 440.176000 -13 1502 1 0 1.000000
-21.823500 10.180500 0 20.145100 -4.774710 236.504000 440.212000 -13 1503 1 0 1.000000
22.721300 -4.701000 0 3.216130 14.385300 232.205000 440.202000 -13 1504 1 0 1.000000
-19.142800 -14.292100 0 -12.218300 0.687266 203.987000 440.191000 -13 1505 1 0 1.000000
8.754460 54.024400 0 -3.133160 17.350400 237.426000 440.525000 -13 1506 1 0 1.000000
-34.784000 11.848500 0 -8.592870 1.093260 212.071000 440.110000 -13 1507 1 0 1.000000
-22.992100 -20.339700 0 0.186051 -18.878700 205.435000 440.185000 -13 1508 1 0 1.000000
5.791360 -3.428050 0 -2.727630 -7.199210 199.207000 440.217000 -13 1509 1 0 1.000000
-3.332020 -16.130300 0 5.522520 6.383860 213.329000 440.109000 -13 1510 1 0 1.000000
-7.376020 -36.496000 0 -0.853424 -6.899680 205.751000 440.252000 -13 1511 1 0 1.000000
-15.839300 -4.109250 0 6.381270 -14.594400 217.311000 440.319000 -13 1512 1 0 1.000000
-30.720600 -63.105900 0 14.894100 36.815300 221.118000 440.166000 -13 1513 1 0 1.000000
17.634100 -15.996000 0 -3.375380 -0.314450 192.345000 440.383000 -13 1514 1 0 1.000000
62.412700 -13.997300 0 1.987960 -20.672200 201.843000 440.966000 -13 1515 1 0 1.000000
14.380600 22.718000 0 -9.985370 -2.386060 216.948000 440.327000 -13 1516 1 0 1.000000
24.415900 -9.265510 0 -44.354800 21.387800 252.811000 440.152000 -13 1517 1 0 1.000000
7.463500 -25.385500 0 -4.873690 -6.697180 203.851000 440.379000 -13 1518 1 0 1.000000
14.353900 -10.398900 0 -3.270950 5.756450 182.727000 440.117000 -13 1519 1 0 1.000000
13.253200 -17.982800 0 14.624700 18.407400 202.309000 440.407000 -13 1520 1 0 1.000000
2.080860 -19.234600 0 6.478020 2.680140 194.169000 440.322000 -13 1521 1 0 1.000000
18.663400 14.074600 0 -3.718170 -11.085100 194.774000 440.163000 -13 1522 1 0 1.000000
-1.948430 -4.818430 0 15.022500 -13.196300 206.003000 440.288000 -13 1523 1 0 1.000000
-16.145500 2.015040 0 22.306700 -31.289600 216.121000 440.230000 -13 1524 1 0 1.000000
-11.480600 -34.407000 0 -11.283200 1.090320 199.863000 440.246000 -13 1525 1 0 1.000000
-13.220200 -30.152700 0 -3.190360 5.406360 199.771000 440.124000 -13 1526 1 0 1.000000
9.874520 -27.702700 0 -2.937800 15.245700 197.688000 440.323000 -13 1527 1 0 1.000000
18.383300 -23.468400 0 12.586100 10.311500 214.735000 440.320000 -13 1528 1 0 1.000000
7.520460 -15.741300 0 9.605830 -17.989500 216.969000 440.396000 -13 1529 1 0 1.000000
-26.170700 -5.958360 0 3.481630 -2.076290 205.053000 440.464000 -13 1530 1 0 1.000000
3.511860 -9.912230 0 -8.006720 11.853300 214.195000 440.443000 -13 1531 1 0 1.000000
-41.500100 -9.806150 0 -13.990200 4.391790 212.775000 440.335000 -13 1532 1 0 1.000000
-10.659300 33.802900 0 8.234260 -5.520580 211.534000 440.402000 -13 1533 1 0 1.000000
-27.908300 23.034200 0 -3.774830 -9.802740 200.991000 440.296000 -13 1534 1 0 1.000000
12.825600 -14.729700 0 -1.168110 0.018980 215.453000 440.327000 -13 1535 1 0 1.000000
-25.725700 0.764013 0 -17.979100 -6.223230 216.342000 440.616000 -13 1536 1 0 1.000000
-62.434100 -5.078430 0 24.480500 10.750200 240.758000 440.137000 -13 1537 1 0 1.000000
-8.754240 -5.823160 0 -2.999580 -3.738550 211.793000 440.532000 -13 1538 1 0 1.000000
-18.631700 -9.799650 0 4.749080 -1.843670 212.553000 440.570000 -13 1539 1 0 1.000000
-15.656600 -19.640900 0 -13.058900 16.720900 231.902000 440.497000 -13 1540 1 0 1.000000
0.065729 -6.617490 0 3.652880 -6.121120 222.391000 440.468000 -13 1541 1 0 1.000000
-10.054800 -22.252100 0 -20.113800 -2.475310 232.465000 440.414000 -13 1542 1 0 1.000000
-8.713450 -11.648700 0 -2.213260 -2.276680 231.488000 440.258000 -13 1543 1 0 1.000000
3.588020 -24.782400 0 5.645800 5.171770 183.623000 439.995000 -13 1544 1 0 1.000000
-28.981200 -23.573100 0 0.707951 6.017300 231.690000 440.308000 -13 1545 1 0 1.000000
-9.766810 13.522100 0 12.845000 4.119310 228.831000 440.287000 -13 1546 1 0 1.000000
1.738440 -16.610400 0 -5.829460 -6.461100 230.512000 440.203000 -13 1547 1 0 1.000000
3.532020 -27.948900 0 -0.382717 10.102300 224.171000 440.292000 -13 1548 1 0 1.000000
-29.611000 -39.688400 0 1.907660 10.270100 205.864000 440.573000 -13 1549 1 0 1.000000
-15.173700 1.882370 0 4.065510 -20.875600 223.062000 440.208000 -13 1550 1 0 1.000000
15.706800 -17.965600 0 5.492660 -5.555080 220.109000 440.244000 -13 1551 1 0 1.000000
9.761370 -8.271790 0 -5.723350 -6.067590 214.295000 440.136000 -13 1552 1 0 1.000000
-3.790090 -28.453300 0 10.854900 12.621000 231.137000 440.397000 -13 1553 1 0 1.000000
-19.241700 0.845513 0 2.751140 -13.327000 214.780000 440.242000 -13 1554 1 0 1.000000
-11.753900 4.577510 0 1.002610 0.262227 227.733000 440.245000 -13 1555 1 0 1.000000
-17.549500 -5.769950 0 -6.311790 -8.543880 204.562000 440.260000 -13 1556 1 0 1.000000
-15.777100 -21.690600 0 -2.191500 -5.743230 205.298000 440.242000 -13 1557 1 0 1.000000
-8.380620 3.705890 0 -15.609300 -15.045600 209.130000 440.375000 -13 1558 1 0 1.000000
-17.731200 -10.731000 0 -1.986910 -13.346400 225.533000 440.214000 -13 1559 1 0 1.000000
-14.467800 -16.979400 0 9.784020 -19.576400 209.270000 440.147000 -13 1560 1 0 1.000000
-4.584510 -14.260200 0 8.862870 13.404200 201.726000 440.178000 -13 1561 1 0 1.000000
0.630398 -12.369900 0 1.007000 23.140200 225.874000 440.197000 -13 1562 1 0 1.000000
-9.330370 -33.337800 0 7.464970 8.392680 205.189000 440.459000 -13 1563 1 0 1.000000
-13.904600 -26.411900 0 -5.076670 -20.482700 211.852000 440.301000 -13 1564 1 0 1.000000
34.753700 -4.758380 0 -7.555970 -14.169200 219.033000 440.351000 -13 1565 1 0 1.000000
-12.710400 4.429370 0 -13.948400 -22.050500 204.771000 440.269000 -13 1566 1 0 1.000000
4.937630 -14.437000 0 -7.934600 -9.356650 204.007000 440.266000 -13 1567 1 0 1.000000
-21.225500 3.444940 0 -2.693000 5.481130 203.771000 440.451000 -13 1568 1 0 1.000000
-23.496200 -22.926000 0 10.784600 5.580110 199.544000 440.226000 -13 1569 1 0 1.000000
-15.649300 -29.719700 0 -6.569360 -10.411400 213.777000 440.404000 -13 1570 1 0 1.000000
7.701790 -32.195800 0 -3.226990 -3.963050 206.183000 440.369000 -13 1571 1 0 1.000000
-56.593200 -26.380600 0 -3.351250 22.271500 227.484000 440.310000 -13 1572 1 0 1.000000
-22.789600 17.147800 0 7.492380 -6.129660 205.881000 440.415000 -13 1573 1 0 1.000000
-38.181600 -1.142130 0 -9.446250 16.987200 199.996000 440.282000 -13 1574 1 0 1.000000
42.012400 6.374930 0 2.371750 12.158100 212.379000 440.313000 -13 1575 1 0 1.000000
-8.795190 -3.624720 0 -1.860460 -14.469800 193.595000 440.276000 -13 1576 1 0 1.000000
-13.574300 -24.114100 0 -1.343380 -2.604800 215.277000 440.359000 -13 1577 1 0 1.000000
-1.166010 11.454800 0 -3.531460 -7.139400 191.651000 440.329000 -13 1578 1 0 1.000000
-17.959800 -4.005950 0 4.767550 -7.675800 194.436000 440.220000 -13 1579 1 0 1.000000
-15.634900 4.827850 0 6.367320 -12.078100 213.547000 440.282000 -13 1580 1 0 1.000000
-46.792200 34.573600 0 10.044400 -14.294900 258.886000 440.274000 -13 1581 1 0 1.000000
28.682400 -39.416000 0 -9.649500 -2.986170 237.107000 439.922000 -13 1582 1 0 1.000000
17.141000 -17.342400 0 17.890800 -32.419400 198.426000 440.375000 -13 1583 1 0 1.000000
-14.553200 -47.054300 0 -13.327600 36.560700 244.728000 440.393000 -13 1584 1 0 1.000000
-9.918420 7.670210 0 -0.860244 -12.273900 228.288000 440.140000 -13 1585 1 0 1.000000
11.579500 -13.506000 0 0.382516 2.460190 230.921000 440.156000 -13 1586 1 0 1.000000
-9.628000 -16.518300 0 1.965960 6.614680 209.200000 440.102000 -13 1587 1 0 1.000000
-18.166000 -3.296760 0 7.030950 22.121700 226.290000 440.194000 -13 1588 1 0 1.000000
-19.615000 -2.402230 0 -0.389814 -1.877170 208.264000 440.159000 -13 1589 1 0 1.000000
-0.331796 -4.231020 0 19.258600 -4.792990 206.550000 440.183000 -13 1590 1 0 1.000000
-3.809660 0.398119 0 19.871300 6.504260 204.232000 440.092000 -13 1591 1 0 1.000000
-16.105700 -9.127260 0 1.768600 11.474100 232.247000 440.220000 -13 1592 1 0 1.000000
11.167100 -4.262960 0 -7.564840 19.770900 222.830000 440.157000 -13 1593 1 0 1.000000
10.913100 -1.833530 0 -4.994880 -1.722550 211.707000 440.251000 -13 1594 1 0 1.000000
-31.448900 -9.853120 0 -0.283662 -0.028991 222.758000 440.211000 -13 1595 1 0 1.000000
-10.096400 -56.275000 0 0.326228 14.457000 227.410000 440.663000 -13 1596 1 0 1.000000
-23.324500 -9.178050 0 -11.738500 -2.212120 206.228000 440.501000 -13 1597 1 0 1.000000
-6.167510 -31.271300 0 14.938500 -22.078700 223.583000 440.381000 -13 1598 1 0 1.000000
-7.516330 -5.440820 0 12.211600 -0.373231 218.555000 440.324000 -13 1599 1 0 1.000000
-16.221300 -26.894700 0 -8.342810 -7.088880 220.839000 440.124000 -13 1600 1 0 1.000000
-22.246200 16.682500 0 3.926620 9.632190 224.480000 440.443000 -13 1601 1 0 1.000000
-21.408200 -46.063200 0 5.388370 9.163410 239.560000 440.341000 -13 1602 1 0 1.000000
19.363100 -6.784910 0 -17.352500 -5.373380 241.983000 440.262000 -13 1603 1 0 1.000000
32.516500 -36.060600 0 3.901840 8.927550 253.033000 440.197000 -13 1604 1 0 1.000000
-9.193050 11.084300 0 -7.159560 -2.997390 225.253000 440.045000 -13 1605 1 0 1.000000
-20.670300 3.203440 0 -7.782020 -3.303860 207.536000 440.017000 -13 1606 1 0 1.000000
-3.727220 -5.190790 0 -4.295230 -3.976570 187.768000 440.086000 -13 1607 1 0 1.000000
-19.258100 -7.779130 0 6.387590 2.968650 238.359000 440.337000 -13 1608 1 0 1.000000
-56.507900 -44.383600 0 -7.030470 -3.065160 207.618000 440.124000 -13 1609 1 0 1.000000
-1.630400 -23.617100 0 3.763700 -18.472400 226.823000 440.351000 -13 1610 1 0 1.000000
-7.261250 1.364390 0 31.752600 -10.745800 211.377000 439.981000 -13 1611 1 0 1.000000
3.345000 -17.881700 0 -31.281000 11.080700 171.695000 440.414000 -13 1612 1 0 1.000000
-3.235510 -25.155700 0 9.653110 -0.167937 189.836000 440.120000 -13 1613 1 0 1.000000
6.541400 -26.447200 0 -8.444870 -4.376710 198.475000 440.469000 -13 1614 1 0 1.000000
-0.790015 -15.512200 0 -4.730880 33.403500 206.782000 440.527000 -13 1615 1 0 1.000000
-18.858700 15.032600 0 8.424830 -7.603450 183.515000 440.000000 -13 1616 1 0 1.000000
-2.900090 -10.143800 0 11.272300 -10.175600 222.016000 440.333000 -13 1617 1 0 1.000000
-41.853400 35.303900 0 -2.478970 16.717800 220.028000 439.975000 -13 1618 1 0 1.000000
6.685100 19.488700 0 36.462500 -0.366119 238.406000 440.186000 -13 1619 1 0 1.000000
-22.465600 -11.360100 0 4.220940 5.940430 201.201000 440.241000 -13 1620 1 0 1.000000
-11.906800 -15.164600 0 29.579300 21.884500 203.970000 440.202000 -13 1621 1 0 1.000000
-5.061020 -18.070200 0 0.660175 -2.348580 198.509000 440.277000 -13 1622 1 0 1.000000
-29.829400 -24.414000 0 13.467600 -16.891600 200.062000 440.490000 -13 1623 1 0 1.000000
3.256500 -14.506200 0 -19.451500 9.880080 195.124000 440.195000 -13 1624 1 0 1.000000
3.013750 -11.620200 0 -2.319700 -1.663210 198.994000 440.153000 -13 1625 1 0 1.000000
11.021500 -14.073800 0 -4.472470 3.123600 197.692000 440.267000 -13 1626 1 0 1.000000
-16.533100 -27.210100 0 4.672860 -11.183600 206.506000 440.253000 -13 1627 1 0 1.000000
5.835610 -7.888260 0 8.767030 -28.350800 213.616000 440.197000 -13 1628 1 0 1.000000
-6.380070 -14.940900 0 15.856500 -26.255800 213.738000 440.089000 -13 1629 1 0 1.000000
-5.573010 -35.999800 0 -2.156760 -19.741400 205.581000 440.167000 -13 1630 1 0 1.000000
-37.271400 -38.256400 0 8.131860 -14.797400 218.956000 440.221000 -13 1631 1 0 1.000000
-6.395830 -18.101900 0 -1.305460 7.895140 208.798000 440.124000 -13 1632 1 0 1.000000
-17.065000 -18.859600 0 -7.080850 5.197500 221.914000 440.032000 -13 1633 1 0 1.000000
-10.949700 -15.232100 0 -18.821600 4.987280 197.479000 440.255000 -13 1634 1 0 1.000000
-7.269810 -20.526400 0 -6.118580 20.487000 198.452000 440.127000 -13 1635 1 0 1.000000
-15.028200 -23.632300 0 -27.502300 -3.137770 223.838000 440.272000 -13 1636 1 0 1.000000
-6.873220 14.969500 0 -6.398480 -10.962900 224.077000 440.421000 -13 1637 1 0 1.000000
-40.328500 -21.559000 0 -25.672800 1.649440 197.110000 440.350000 -13 1638 1 0 1.000000
-21.083200 -23.791600 0 -15.335700 -11.492000 205.866000 440.315000 -13 1639 1 0 1.000000
-9.617130 -0.282906 0 -19.386600 -3.199880 225.772000 440.256000 -13 1640 1 0 1.000000
19.093600 -20.836500 0 -1.580730 -14.524900 219.158000 440.157000 -13 1641 1 0 1.000000
-0.675251 -10.404500 0 -1.205640 12.677500 222.493000 440.214000 -13 1642 1 0 1.000000
32.717000 -33.214400 0 -1.621370 13.040100 229.290000 440.700000 -13 1643 1 0 1.000000
9.851580 -22.488600 0 -8.522760 -3.189490 186.005000 440.320000 -13 1644 1 0 1.000000
-11.554400 -20.041300 0 -16.781400 17.062900 241.476000 440.089000 -13 1645 1 0 1.000000
-18.521800 -5.954330 0 4.023470 -11.720200 193.862000 440.346000 -13 1646 1 0 1.000000
4.469340 -9.955890 0 -8.401360 -5.213740 190.635000 440.257000 -13 1647 1 0 1.000000
38.714500 -26.524300 0 -11.175100 3.654010 190.261000 440.315000 -13 1648 1 0 1.000000
-27.816800 -10.094800 0 -11.588300 21.542700 199.950000 439.865000 -13 1649 1 0 1.000000
-0.834359 -17.882400 0 -7.858160 27.490600 197.554000 440.283000 -13 1650 1 0 1.000000
1.509190 -23.682900 0 3.281200 -1.640320 206.857000 440.383000 -13 1651 1 0 1.000000
-17.334400 -21.750500 0 18.498800 6.263820 204.029000 440.332000 -13 1652 1 0 1.000000
0.701640 -37.400700 0 5.915260 7.097500 202.728000 440.242000 -13 1653 1 0 1.000000
-18.526700 -24.745500 0 -36.523400 22.888400 244.129000 440.201000 -13 1654 1 0 1.000000
-0.313128 11.774000 0 4.465570 -11.953500 204.407000 440.296000 -13 1655 1 0 1.000000
-7.496330 8.312070 0 -2.004240 5.316480 213.226000 440.145000 -13 1656 1 0 1.000000
1.408830 -17.142500 0 4.233030 1.018000 204.229000 440.360000 -13 1657 1 0 1.000000
-3.153620 -19.794700 0 10.766900 -12.401200 206.512000 440.303000 -13 1658 1 0 1.000000
23.981700 -23.771300 0 3.411740 -5.201010 204.096000 440.200000 -13 1659 1 0 1.000000
-47.055300 -14.768200 0 -4.036490 7.308070 210.944000 440.350000 -13 1660 1 0 1.000000
-18.120100 -17.095400 0 19.384700 4.773490 213.605000 440.159000 -13 1661 1 0 1.000000
-0.501354 -18.084600 0 0.952295 -3.588110 217.235000 440.223000 -13 1662 1 0 1.000000
-8.766300 3.742720 0 18.119300 -16.575700 215.517000 440.236000 -13 1663 1 0 1.000000
43.143400 -33.373000 0 2.798020 9.432210 223.889000 440.448000 -13 1664 1 0 1.000000
2.505340 -28.575700 0 -15.780900 -0.011775 220.231000 440.391000 -13 1665 1 0 1.000000
-15.969700 -29.876600 0 -2.425770 -15.856800 213.369000 440.362000 -13 1666 1 0 1.000000
-32.121200 -10.239900 0 13.637800 29.564600 225.018000 440.264000 -13 1667 1 0 1.000000
-2.820730 4.050500 0 19.354400 5.387920 206.018000 440.432000 -13 1668 1 0 1.000000
3.023890 -3.890630 0 13.824300 -31.545600 212.873000 440.070000 -13 1669 1 0 1.000000
-2.975810 -17.139600 0 -2.812650 0.801217 193.575000 440.416000 -13 1670 1 0 1.000000
-59.168600 -33.137800 0 18.610800 15.077100 230.150000 439.862000 -13 1671 1 0 1.000000
-33.658700 -21.333500 0 3.433640 -0.163791 220.480000 440.010000 -13 1672 1 0 1.000000
-44.450800 -24.263700 0 -21.851400 -12.987000 197.759000 440.122000 -13 1673 1 0 1.000000
25.304100 -21.781800 0 6.764610 -4.508150 201.246000 440.369000 -13 1674 1 0 1.000000
-18.282100 -1.876070 0 11.705100 16.043400 194.892000 440.068000 -13 1675 1 0 1.000000
-10.611700 17.395400 0 6.958300 17.102600 205.450000 440.032000 -13 1676 1 0 1.000000
10.987700 -10.018600 0 28.641700 -17.080700 214.024000 440.194000 -13 1677 1 0 1.000000
-7.495360 -1.408630 0 -13.200400 -10.593300 202.478000 440.148000 -13 1678 1 0 1.000000
7.805810 -22.450700 0 1.422970 -6.682350 223.489000 440.060000 -13 1679 1 0 1.000000
20.400400 -8.441270 0 -5.533910 -11.339300 224.991000 440.055000 -13 1680 1 0 1.000000
-19.995600 11.433600 0 -10.488600 1.215000 223.976000 440.125000 -13 1681 1 0 1.000000
-7.269750 28.782300 0 6.073440 -1.054470 206.126000 440.163000 -13 1682 1 0 1.000000
-14.692000 -14.116400 0 -12.981400 0.024520 220.591000 440.082000 -13 1683 1 0 1.000000
-45.553800 -31.829700 0 2.243240 2.369020 217.693000 440.209000 -13 1684 1 0 1.000000
-22.481600 -13.237500 0 4.009180 -3.231350 204.710000 440.108000 -13 1685 1 0 1.000000
-31.439700 -30.052500 0 10.573800 15.241100 217.342000 440.093000 -13 1686 1 0 1.000000
9.559020 2.211440 0 5.918880 -19.901400 183.705000 440.215000 -13 1687 1 0 1.000000
-23.478500 -0.925469 0 6.588420 27.572100 223.935000 439.938000 -13 1688 1 0 1.000000
-7.582130 -19.436900 0 -7.221200 4.458180 212.732000 440.425000 -13 1689 1 0 1.000000
-13.652100 -22.086900 0 -0.838671 -15.125400 185.702000 440.317000 -13 1690 1 0 1.000000
-10.903700 -49.204200 0 -9.519570 9.335120 198.986000 440.051000 -13 1691 1 0 1.000000
-6.898690 -8.420960 0 -1.734220 -12.681100 189.261000 440.200000 -13 1692 1 0 1.000000
17.239600 -28.693100 0 -18.464100 -7.954570 225.165000 440.366000 -13 1693 1 0 1.000000
-21.380200 -34.897300 0 -4.493250 15.099900 226.200000 440.264000 -13 1694 1 0 1.000000
-28.860800 -1.421510 0 -12.342900 36.847800 220.479000 440.202000 -13 1695 1 0 1.000000
-22.490000 1.747000 0 7.971970 -12.967700 208.051000 440.227000 -13 1696 1 0 1.000000
-0.840559 5.222710 0 -14.048600 -7.898560 207.504000 440.607000 -13 1697 1 0 1.000000
-1.851990 -30.820100 0 -11.802100 20.892100 228.403000 440.328000 -13 1698 1 0 1.000000
-15.274900 -33.434600 0 -15.116000 -8.466410 222.317000 440.201000 -13 1699 1 0 1.000000
-3.699050 -25.619800 0 -12.250500 22.905800 197.463000 440.412000 -13 1700 1 0 1.000000
13.458500 -21.798000 0 -6.870070 -1.158230 203.375000 440.242000 -13 1701 1 0 1.000000
-25.936000 -27.389500 0 -17.969100 -7.473480 213.347000 440.254000 -13 1702 1 0 1.000000
0.919596 -27.015400 0 1.366010 -3.557990 205.689000 440.194000 -13 1703 1 0 1.000000
-50.805400 20.695800 0 -0.005353 -8.077470 216.856000 440.247000 -13 1704 1 0 1.000000
-16.841400 -7.780910 0 -13.288700 5.614550 199.320000 440.193000 -13 1705 1 0 1.000000
-13.301300 3.940040 0 -8.634330 -6.559250 208.337000 440.263000 -13 1706 1 0 1.000000
-12.482800 11.530300 0 6.185710 -14.431400 202.994000 440.262000 -13 1707 1 0 1.000000
9.372330 15.498900 0 7.321180 0.777582 213.117000 440.155000 -13 1708 1 0 1.000000
-21.657100 -48.827600 0 -6.051590 -0.783887 211.210000 440.498000 -13 1709 1 0 1.000000
-15.626000 5.694660 0 17.580800 -7.766590 220.657000 440.357000 -13 1710 1 0 1.000000
-3.904560 -0.196732 0 25.279000 -23.521700 204.340000 440.024000 -13 1711 1 0 1.000000
0.986181 -14.188100 0 -8.566310 -17.644300 221.324000 440.325000 -13 1712 1 0 1.000000
6.764690 14.327200 0 7.334560 -5.551250 214.667000 440.299000 -13 1713 1 0 1.000000
-38.695700 -14.591900 0 -29.559000 5.664910 208.209000 440.027000 -13 1714 1 0 1.000000
-5.919520 -5.499780 0 -0.586027 -3.084970 235.353000 440.045000 -13 1715 1 0 1.000000
-7.338290 1.555740 0 22.716200 -47.368300 232.763000 440.236000 -13 1716 1 0 1.000000
-14.161600 -15.176200 0 -10.314700 7.957860 245.652000 440.051000 -13 1717 1 0 1.000000
-5.615670 -12.171000 0 9.806930 -4.761680 224.042000 439.929000 -13 1718 1 0 1.000000
-23.041600 -40.092300 0 18.220800 0.453461 218.306000 439.931000 -13 1719 1 0 1.000000
-23.072200 2.078410 0 -7.819260 3.441160 205.327000 439.876000 -13 1720 1 0 1.000000
5.228520 -4.292790 0 -4.610040 23.688500 250.070000 440.214000 -13 1721 1 0 1.000000
-7.705780 -16.809700 0 5.784790 1.882920 188.722000 440.174000 -13 1722 1 0 1.000000
-19.530900 -35.207300 0 26.664700 -20.298300 208.355000 440.495000 -13 1723 1 0 1.000000
13.793500 -6.844580 0 6.891150 6.791080 203.749000 440.383000 -13 1724 1 0 1.000000
-17.221100 -14.020700 0 5.802030 -3.846300 205.862000 440.357000 -13 1725 1 0 1.000000
-10.274500 -31.344400 0 16.528800 -11.690900 210.181000 440.338000 -13 1726 1 0 1.000000
-13.405700 -12.560600 0 -3.917700 6.934980 204.915000 440.248000 -13 1727 1 0 1.000000
-15.420200 13.139300 0 9.052600 1.069990 203.294000 440.290000 -13 1728 1 0 1.000000
-23.842100 12.474000 0 -7.904380 -11.979000 212.598000 440.349000 -13 1729 1 0 1.000000
-2.919730 0.184031 0 -3.015430 -0.390414 206.758000 440.409000 -13 1730 1 0 1.000000
-15.162300 -17.385800 0 -10.668900 -2.613200 184.284000 440.224000 -13 1731 1 0 1.000000
-22.321500 -25.637400 0 2.783850 0.945960 182.178000 440.389000 -13 1732 1 0 1.000000
-16.498500 -7.068180 0 9.554890 -11.601300 216.419000 439.893000 -13 1733 1 0 1.000000
20.157000 3.770820 0 -19.534900 -10.827700 179.386000 440.253000 -13 1734 1 0 1.000000
-11.087700 -6.671940 0 -21.512100 -33.119500 218.816000 440.131000 -13 1735 1 0 1.000000
-15.016800 -2.723170 0 11.538400 -23.607300 205.226000 440.490000 -13 1736 1 0 1.000000
5.471900 -13.019000 0 -4.749390 -2.397530 214.702000 440.543000 -13 1737 1 0 1.000000
-35.897500 7.946870 0 1.448680 -14.783600 207.338000 440.535000 -13 1738 1 0 1.000000
10.808100 -23.889300 0 3.472310 -5.045840 218.031000 440.538000 -13 1739 1 0 1.000000
-3.713060 -20.778700 0 9.060810 -7.892950 214.232000 440.458000 -13 1740 1 0 1.000000
10.084000 -3.573850 0 0.667542 6.072670 223.061000 440.417000 -13 1741 1 0 1.000000
10.144700 -21.306700 0 7.991520 -8.394660 218.082000 440.295000 -13 1742 1 0 1.000000
2.826120 -0.199671 0 6.490160 -3.742700 193.777000 440.680000 -13 1743 1 0 1.000000
-18.792600 -15.987300 0 -0.322042 -18.003600 201.511000 440.214000 -13 1744 1 0 1.000000
-40.350900 -7.312660 0 27.059200 16.672000 239.790000 440.178000 -13 1745 1 0 1.000000
1.112700 -2.336630 0 -10.007200 1.891040 208.271000 440.000000 -13 1746 1 0 1.000000
-3.107620 -15.009400 0 -16.510500 -13.548200 199.771000 440.145000 -13 1747 1 0 1.000000
24.437700 -4.867950 0 -10.834000 -12.500500 208.592000 440.118000 -13 1748 1 0 1.000000
8.862810 17.719600 0 -3.566260 4.230290 222.813000 440.121000 -13 1749 1 0 1.000000
-5.280670 13.084300 0 -0.200465 -2.153570 206.930000 440.099000 -13 1750 1 0 1.000000
-19.088000 15.186100 0 11.353200 17.824100 234.278000 440.184000 -13 1751 1 0 1.000000
11.939800 11.168300 0 17.289000 3.076540 213.551000 440.051000 -13 1752 1 0 1.000000
18.604800 -11.224000 0 -16.364900 -10.726200 204.064000 440.195000 -13 1753 1 0 1.000000
-27.205300 -15.634600 0 -9.714020 -5.070600 202.984000 440.110000 -13 1754 1 0 1.000000
-22.366600 8.349880 0 -0.354772 -3.103960 195.094000 440.229000 -13 1755 1 0 1.000000
33.405200 -43.981600 0 22.367400 -11.960500 211.759000 440.023000 -13 1756 1 0 1.000000
59.796000 36.845500 0 45.981400 69.828500 164.671000 441.329000 -13 1757 1 0 1.000000
-7.874080 4.419210 0 -9.033050 0.990240 188.781000 440.135000 -13 1758 1 0 1.000000
-45.624300 2.214450 0 -4.243330 -9.143460 201.511000 440.023000 -13 1759 1 0 1.000000
23.196400 -11.526500 0 0.810487 -5.039120 194.486000 440.365000 -13 1760 1 0 1.000000
-17.239800 -37.512700 0 0.175309 -8.686770 198.025000 439.996000 -13 1761 1 0 1.000000
2.834420 0.013231 0 5.366300 2.248710 190.830000 440.303000 -13 1762 1 0 1.000000
3.194490 -0.199121 0 -21.679000 20.218900 209.778000 439.998000 -13 1763 1 0 1.000000
-9.240790 -8.981200 0 13.008400 -6.937000 214.044000 440.196000 -13 1764 1 0 1.000000
-20.136600 -28.815800 0 2.367320 1.071000 222.504000 440.261000 -13 1765 1 0 1.000000
-2.296530 -17.239700 0 -0.015287 -6.683230 206.954000 440.291000 -13 1766 1 0 1.000000
-36.648900 -17.071000 0 2.679650 8.973890 215.571000 440.504000 -13 1767 1 0 1.000000
7.538650 -3.248970 0 3.860050 -10.382200 215.268000 440.317000 -13 1768 1 0 1.000000
-12.384300 -17.910700 0 -5.078300 4.080570 200.009000 440.366000 -13 1769 1 0 1.000000
-15.796600 -1.932140 0 -2.987470 -4.215430 210.983000 440.305000 -13 1770 1 0 1.000000
-9.472170 -2.990500 0 -1.775670 2.914160 210.400000 440.117000 -13 1771 1 0 1.000000
3.638850 -19.514600 0 5.922420 -17.606700 216.455000 440.274000 -13 1772 1 0 1.000000
-27.719800 -15.879800 0 -9.129840 -19.873800 214.252000 440.350000 -13 1773 1 0 1.000000
1.712200 -21.842100 0 -1.730950 7.967360 206.547000 440.636000 -13 1774 1 0 1.000000
2.834550 -17.325400 0 -3.238950 19.586000 235.489000 440.156000 -13 1775 1 0 1.000000
-5.892570 -34.441000 0 -0.979746 -20.402900 209.600000 440.091000 -13 1776 1 0 1.000000
-4.593130 -33.070800 0 -6.112100 13.992200 255.044000 440.167000 -13 1777 1 0 1.000000
-10.396600 -13.549500 0 9.077760 -13.152400 228.151000 439.968000 -13 1778 1 0 1.000000
-29.941500 -38.175300 0 -3.928200 7.505000 217.893000 440.694000 -13 1779 1 0 1.000000
2.497920 -10.964100 0 -26.091800 17.428700 219.028000 439.963000 -13 1780 1 0 1.000000
38.001700 -32.062800 0 -7.842160 -8.083330 246.212000 440.014000 -13 1781 1 0 1.000000
5.422980 5.978420 0 17.542800 6.775790 211.684000 440.179000 -13 1782 1 0 1.000000
1.218920 -10.792600 0 23.448400 3.260850 204.610000 440.437000 -13 1783 1 0 1.000000
-17.909700 -10.214600 0 30.850800 -3.833190 203.112000 440.374000 -13 1784 1 0 1.000000
12.015600 -2.168530 0 -12.327700 -11.431100 202.446000 440.254000 -13 1785 1 0 1.000000
-1.378920 -8.202540 0 -1.175030 -4.820080 192.769000 440.357000 -13 1786 1 0 1.000000
-15.316600 -19.340600 0 6.147980 24.078200 200.977000 440.287000 -13 1787 1 0 1.000000
-7.481870 -12.603900 0 5.396550 5.446500 202.246000 440.408000 -13 1788 1 0 1.000000
25.712300 -20.668500 0 3.576950 4.747770 214.370000 440.412000 -13 1789 1 0 1.000000
-25.434800 -13.603100 0 5.267310 -4.549150 223.289000 440.559000 -13 1790 1 0 1.000000
41.459000 -5.436890 0 12.960800 -8.465760 214.649000 439.936000 -13 1791 1 0 1.000000
-30.108500 -19.454200 0 -2.044090 8.178300 187.122000 440.042000 -13 1792 1 0 1.000000
15.214300 -11.009900 0 7.480920 7.773290 223.601000 440.423000 -13 1793 1 0 1.000000
-9.508180 -10.409900 0 -4.622290 -4.925870 218.987000 440.497000 -13 1794 1 0 1.000000
-14.903200 -2.077720 0 -11.171200 -9.423650 215.452000 440.540000 -13 1795 1 0 1.000000
-18.886800 -5.125680 0 -6.936640 2.031600 206.641000 440.631000 -13 1796 1 0 1.000000
-17.670000 -20.867800 0 1.262110 0.985802 220.707000 440.160000 -13 1797 1 0 1.000000
17.339300 -16.486900 0 -20.074400 -4.606200 179.653000 440.220000 -13 1798 1 0 1.000000
14.270300 2.888050 0 5.008280 -5.407360 204.626000 440.775000 -13 1799 1 0 1.000000
-5.214440 -10.096100 0 15.122100 -3.815990 210.770000 440.534000 -13 1800 1 0 1.000000
-30.725100 -5.845140 0 7.029560 10.792900 232.013000 440.385000 -13 1801 1 0 1.000000
-41.032500 -6.563430 0 5.767930 -2.448290 226.602000 440.286000 -13 1802 1 0 1.000000
-3.614790 10.283300 0 -17.045400 -19.574400 227.912000 440.422000 -13 1803 1 0 1.000000
12.859200 -4.710080 0 21.607300 -1.671880 181.427000 440.245000 -13 1804 1 0 1.000000
-12.487700 -29.947100 0 -17.133700 -4.576570 205.693000 440.069000 -13 1805 1 0 1.000000
-15.031500 -29.835400 0 -4.805460 1.593480 220.056000 440.136000 -13 1806 1 0 1.000000
4.043840 -2.107310 0 -1.250010 4.323830 197.925000 440.128000 -13 1807 1 0 1.000000
-25.655300 -40.296400 0 2.380470 2.818370 211.443000 440.287000 -13 1808 1 0 1.000000
5.709140 -1.300490 0 -16.875300 -19.954200 199.610000 440.179000 -13 1809 1 0 1.000000
-121.620000 -63.322100 0 6.935380 18.213700 298.298000 440.263000 -13 1810 1 0 1.000000
-2.045890 -14.997100 0 -16.843600 3.282620 205.777000 440.116000 -13 1811 1 0 1.000000
-28.162300 -9.516620 0 7.215670 1.383310 200.259000 440.199000 -13 1812 1 0 1.000000
9.399430 -21.251600 0 15.641900 -28.108800 214.729000 440.165000 -13 1813 1 0 1.000000
-29.250100 17.565900 0 -9.972060 0.869218 207.372000 440.150000 -13 1814 1 0 1.000000
-10.468600 18.671000 0 -6.633770 -12.281200 189.361000 440.213000 -13 1815 1 0 1.000000
-23.672500 9.410680 0 5.197760 8.181260 201.492000 440.172000 -13 1816 1 0 1.000000
-25.958600 -15.126700 0 9.073440 -5.951890 200.418000 440.322000 -13 1817 1 0 1.000000
12.832000 -18.209800 0 -4.481130 11.977800 198.618000 440.386000 -13 1818 1 0 1.000000
1.610820 -5.213790 0 6.342380 -4.181010 201.099000 440.344000 -13 1819 1 0 1.000000
2.095800 -25.292700 0 -1.239310 1.889960 195.386000 440.375000 -13 1820 1 0 1.000000
-1.145880 -21.113200 0 -14.527100 -2.027360 205.602000 440.214000 -13 1821 1 0 1.000000
-12.650100 -25.007000 0 4.108060 5.945910 203.283000 440.217000 -13 1822 1 0 1.000000
-14.379600 12.573600 0 -3.154570 -7.370380 201.409000 440.223000 -13 1823 1 0 1.000000
-13.260100 -3.551540 0 2.359440 3.903310 212.976000 439.924000 -13 1824 1 0 1.000000
-19.072300 44.232500 0 -15.195700 13.866900 216.846000 440.043000 -13 1825 1 0 1.000000
16.612400 -9.231570 0 -0.041791 -3.298090 196.382000 440.103000 -13 1826 1 0 1.000000
-26.515500 14.227800 0 -1.709530 4.083760 208.220000 439.947000 -13 1827 1 0 1.000000
9.383620 0.093602 0 1.141650 -5.599950 189.013000 440.180000 -13 1828 1 0 1.000000
3.650450 -20.633600 0 -20.370700 10.328100 215.592000 440.939000 -13 1829 1 0 1.000000
-13.090600 -16.748800 0 -6.769200 13.938800 199.456000 440.267000 -13 1830 1 0 1.000000
-15.878700 -48.068100 0 -8.694690 -10.544700 246.812000 440.386000 -13 1831 1 0 1.000000
12.554500 -7.743910 0 2.126460 -6.586250 196.915000 440.109000 -13 1832 1 0 1.000000
-10.876400 -34.181800 0 -15.691500 -14.321900 200.107000 440.169000 -13 1833 1 0 1.000000
-19.421300 -26.948200 0 -14.412200 -8.417030 199.267000 440.193000 -13 1834 1 0 1.000000
-10.716500 -1.707670 0 -8.134320 -2.259950 202.441000 440.014000 -13 1835 1 0 1.000000
-12.413200 -18.213500 0 -12.783800 -9.536240 204.525000 440.034000 -13 1836 1 0 1.000000
-2.035230 -14.598200 0 0.089367 -7.365790 223.759000 440.191000 -13 1837 1 0 1.000000
10.630900 -34.322100 0 -2.538880 -3.606600 201.770000 440.054000 -13 1838 1 0 1.000000
-36.661900 -9.095050 0 -19.254500 -8.848110 203.827000 440.136000 -13 1839 1 0 1.000000
7.265760 18.248100 0 5.942770 -12.491200 202.939000 440.326000 -13 1840 1 0 1.000000
15.045300 -33.296500 0 -15.609600 21.523900 194.366000 440.202000 -13 1841 1 0 1.000000
12.898000 -2.815690 0 14.877800 -15.258000 212.110000 440.067000 -13 1842 1 0 1.000000
-3.692120 -13.791300 0 -11.044000 3.716120 187.271000 440.139000 -13 1843 1 0 1.000000
-6.301770 3.677310 0 8.683080 0.530677 194.160000 440.256000 -13 1844 1 0 1.000000
0.967870 18.328300 0 4.719430 5.538320 201.448000 440.392000 -13 1845 1 0 1.000000
-17.722900 -8.395850 0 3.326320 8.496350 185.805000 440.187000 -13 1846 1 0 1.000000
-4.350400 9.641160 0 17.857700 -21.511300 223.903000 439.930000 -13 1847 1 0 1.000000
-7.793000 11.411500 0 2.064110 -18.851300 188.737000 440.333000 -13 1848 1 0 1.000000
30.762700 -19.139200 0 -35.388300 11.968400 187.853000 440.322000 -13 1849 1 0 1.000000
29.107400 -17.319100 0 20.279100 8.327990 174.903000 440.122000 -13 1850 1 0 1.000000
3.481100 -16.369700 0 24.043500 3.275860 183.713000 440.110000 -13 1851 1 0 1.000000
-19.427400 0.515094 0 22.604400 -14.657700 231.695000 440.316000 -13 1852 1 0 1.000000
-34.449200 -17.345400 0 -16.750500 28.871000 224.050000 440.458000 -13 1853 1 0 1.000000
-32.660700 -16.382300 0 14.192200 -10.341600 198.664000 440.396000 -13 1854 1 0 1.000000
-1.132950 -33.125300 0 -28.602400 8.777230 220.621000 440.504000 -13 1855 1 0 1.000000
15.312900 -9.852700 0 -43.834000 -7.695650 244.960000 440.074000 -13 1856 1 0 1.000000
-14.457400 -5.353940 0 -18.325100 12.327300 181.661000 440.186000 -13 1857 1 0 1.000000
6.771350 -11.704700 0 -0.458992 4.398730 207.753000 440.115000 -13 1858 1 0 1.000000
-13.917800 13.394000 0 -4.735730 4.077120 192.770000 440.155000 -13 1859 1 0 1.000000
2.556270 -26.303100 0 -9.914170 5.168890 192.522000 440.193000 -13 1860 1 0 1.000000
-27.381500 -8.972360 0 -10.019700 -3.122870 195.856000 440.178000 -13 1861 1 0 1.000000
10.527400 3.994790 0 -15.932400 3.756210 211.143000 439.952000 -13 1862 1 0 1.000000
-11.768200 -14.544200 0 10.065900 -4.828930 194.991000 440.144000 -13 1863 1 0 1.000000
7.617710 -15.145900 0 -4.002600 -8.501270 201.808000 440.025000 -13 1864 1 0 1.000000
-2.315470 -41.011100 0 -11.675700 7.369560 204.627000 440.242000 -13 1865 1 0 1.000000
-14.670000 -9.640430 0 -5.527120 -19.754300 197.550000 440.106000 -13 1866 1 0 1.000000
1.127460 3.601100 0 -1.894360 -0.815340 219.955000 440.497000 -13 1867 1 0 1.000000
10.402300 -15.025300 0 -13.115000 4.072100 212.097000 440.688000 -13 1868 1 0 1.000000
6.978170 -7.999600 0 -12.149800 8.987810 214.581000 440.686000 -13 1869 1 0 1.000000
11.928700 7.243560 0 0.416085 -9.690650 191.292000 440.487000 -13 1870 1 0 1.000000
-13.496600 -8.051470 0 1.207150 11.667500 208.449000 440.632000 -13 1871 1 0 1.000000
-3.664770 -11.389500 0 21.734100 -18.060800 211.853000 439.919000 -13 1872 1 0 1.000000
3.860280 -13.912300 0 18.015000 2.691580 215.871000 440.699000 -13 1873 1 0 1.000000
-1.691510 -13.965800 0 2.029330 -2.443640 219.404000 440.392000 -13 1874 1 0 1.000000
-12.954400 -12.432200 0 -2.938560 8.774810 219.533000 440.452000 -13 1875 1 0 1.000000
-23.549600 7.502350 0 -18.882400 -8.728210 222.888000 440.419000 -13 1876 1 0 1.000000
-31.195300 -17.368200 0 0.434065 6.483080 222.580000 440.419000 -13 1877 1 0 1.000000
18.448800 -9.983670 0 0.478136 -11.207200 197.008000 440.519000 -13 1878 1 0 1.000000
-8.779610 -12.196100 0 -15.510700 -0.698696 197.171000 440.531000 -13 1879 1 0 1.000000
-34.268200 -23.129000 0 -15.544200 10.145600 222.371000 440.418000 -13 1880 1 0 1.000000
-8.665390 -32.864900 0 8.175270 3.277150 208.630000 439.933000 -13 1881 1 0 1.000000
12.903600 7.561900 0 -2.671290 12.322800 196.972000 440.270000 -13 1882 1 0 1.000000
-15.065900 -19.388500 0 -7.370820 -1.695220 210.972000 440.307000 -13 1883 1 0 1.000000
16.383300 -8.011240 0 -24.515300 7.312160 198.205000 440.027000 -13 1884 1 0 1.000000
-8.303590 -4.637470 0 -5.650360 0.700358 194.079000 440.303000 -13 1885 1 0 1.000000
15.674800 -16.238600 0 4.062030 7.978600 209.114000 440.400000 -13 1886 1 0 1.000000
-16.056700 4.735940 0 -5.444300 -21.021800 195.207000 440.384000 -13 1887 1 0 1.000000
-15.834800 -8.214120 0 6.030670 5.945460 197.943000 440.453000 -13 1888 1 0 1.000000
12.737800 -20.780500 0 2.284980 -6.486690 189.690000 440.248000 -13 1889 1 0 1.000000
-6.154360 5.162930 0 0.075375 16.485500 190.982000 440.270000 -13 1890 1 0 1.000000
-11.757600 -39.890900 0 -17.413800 -3.915630 194.974000 440.286000 -13 1891 1 0 1.000000
11.285700 29.728200 0 9.255430 -17.494200 208.781000 440.053000 -13 1892 1 0 1.000000
8.301120 -10.477700 0 -30.390800 0.335497 204.817000 440.190000 -13 1893 1 0 1.000000
17.498600 -22.482200 0 -4.481010 -14.201000 203.434000 440.164000 -13 1894 1 0 1.000000
2.169360 -22.978200 0 -7.355250 -3.872000 202.633000 440.149000 -13 1895 1 0 1.000000
-38.686000 39.537900 0 -0.294233 -0.867065 212.573000 440.608000 -13 1896 1 0 1.000000
7.655630 -28.735500 0 -1.836350 17.719900 199.681000 440.321000 -13 1897 1 0 1.000000
-2.390400 38.447400 0 -5.231160 1.072220 213.188000 440.173000 -13 1898 1 0 1.000000
-26.472400 -27.797100 0 -21.742400 -6.903550 221.171000 440.399000 -13 1899 1 0 1.000000
-14.943100 -28.275600 0 11.849500 7.473110 219.268000 440.255000 -13 1900 1 0 1.000000
-5.369730 2.110650 0 11.281500 -9.064060 229.139000 440.212000 -13 1901 1 0 1.000000
-11.460800 1.299330 0 4.621280 -12.441200 218.435000 440.219000 -13 1902 1 0 1.000000
2.622100 -7.164740 0 8.559730 -12.713700 221.401000 440.260000 -13 1903 1 0 1.000000
-4.585090 -28.907600 0 -4.426130 14.438700 217.419000 440.089000 -13 1904 1 0 1.000000
-16.423700 -5.036740 0 3.463950 -14.108500 222.139000 440.346000 -13 1905 1 0 1.000000
-20.315600 -13.835200 0 6.503940 -11.739300 233.095000 440.206000 -13 1906 1 0 1.000000
1.319190 -0.750795 0 5.378830 -9.817340 221.570000 440.357000 -13 1907 1 0 1.000000
-4.518350 -0.399736 0 11.716500 -2.954350 201.083000 440.362000 -13 1908 1 0 1.000000
1.330260 -21.852700 0 18.311900 26.862400 204.097000 440.290000 -13 1909 1 0 1.000000
-3.540170 -3.474980 0 5.237690 1.243360 198.980000 440.298000 -13 1910 1 0 1.000000
-10.957500 5.942930 0 -5.142280 -12.625000 201.967000 440.282000 -13 1911 1 0 1.000000
-26.825800 -6.715400 0 -8.800230 -11.812600 203.233000 440.174000 -13 1912 1 0 1.000000
-1.784830 -24.143300 0 12.173900 -9.827770 198.427000 440.217000 -13 1913 1 0 1.000000
-20.465400 -21.771400 0 2.548060 -5.925210 212.018000 440.334000 -13 1914 1 0 1.000000
2.635740 -9.983170 0 4.347170 -0.371690 208.793000 440.248000 -13 1915 1 0 1.000000
5.032650 5.034940 0 -15.435200 -11.790600 199.087000 440.148000 -13 1916 1 0 1.000000
-18.113200 14.836700 0 -3.855880 19.963400 215.270000 440.178000 -13 1917 1 0 1.000000
-7.824820 -15.336000 0 3.078530 14.144200 201.591000 440.274000 -13 1918 1 0 1.000000
-8.534930 11.044500 0 -32.138800 23.313200 220.414000 440.484000 -13 1919 1 0 1.000000
-19.583100 14.603200 0 -15.027100 -3.404010 203.962000 440.290000 -13 1920 1 0 1.000000
-10.433300 4.511340 0 15.333400 6.222200 203.138000 440.268000 -13 1921 1 0 1.000000
-23.503700 2.959840 0 9.526880 -3.017000 191.875000 440.300000 -13 1922 1 0 1.000000
0.674593 -21.346800 0 -2.708790 23.678800 210.650000 440.316000 -13 1923 1 0 1.000000
-24.250300 4.106910 0 4.719230 17.354200 210.270000 440.367000 -13 1924 1 0 1.000000
-1.576960 -6.152750 0 7.320690 3.548790 206.298000 440.295000 -13 1925 1 0 1.000000
11.552400 -44.268600 0 -7.676660 28.972400 206.096000 440.428000 -13 1926 1 0 1.000000
0.129259 -20.809600 0 -1.371090 -6.941630 225.849000 440.425000 -13 1927 1 0 1.000000
3.362750 -8.628110 0 0.655765 3.460960 215.485000 440.530000 -13 1928 1 0 1.000000
4.514350 -24.911400 0 12.790200 -12.964100 197.643000 440.557000 -13 1929 1 0 1.000000
-2.162410 -7.867770 0 15.744300 0.309754 195.756000 440.661000 -13 1930 1 0 1.000000
-36.223000 12.182100 0 23.053100 -42.809300 249.681000 440.288000 -13 1931 1 0 1.000000
14.741500 -6.046570 0 -0.739562 -2.224340 221.644000 440.352000 -13 1932 1 0 1.000000
-21.116000 1.654900 0 8.101500 -4.046160 220.277000 440.448000 -13 1933 1 0 1.000000
-44.331300 0.513717 0 16.881900 -5.224800 224.068000 440.429000 -13 1934 1 0 1.000000
-17.779000 15.378800 0 0.711203 0.350120 223.345000 440.532000 -13 1935 1 0 1.000000
-26.607000 -5.901630 0 4.720560 -6.055390 230.694000 440.506000 -13 1936 1 0 1.000000
-12.466200 -7.449740 0 20.641100 -8.466440 240.796000 440.234000 -13 1937 1 0 1.000000
11.537400 -23.366100 0 -5.835130 12.975000 211.217000 440.097000 -13 1938 1 0 1.000000
-4.917290 -17.890900 0 17.751400 -16.145800 242.043000 440.250000 -13 1939 1 0 1.000000
-47.982500 -6.547360 0 -7.277080 9.195510 235.990000 440.022000 -13 1940 1 0 1.000000
-15.181900 -48.625600 0 12.649600 9.809840 188.322000 440.395000 -13 1941 1 0 1.000000
-2.676530 -10.248100 0 15.758500 -6.925250 219.422000 440.191000 -13 1942 1 0 1.000000
-1.540320 -23.411200 0 11.027400 22.431800 187.062000 440.438000 -13 1943 1 0 1.000000
16.650300 -49.308100 0 -3.242390 -1.149780 216.983000 440.263000 -13 1944 1 0 1.000000
-0.253612 -24.933600 0 4.631010 2.553840 227.687000 440.155000 -13 1945 1 0 1.000000
-13.289100 19.586300 0 1.890700 -13.587600 237.791000 440.159000 -13 1946 1 0 1.000000
-35.108000 -3.653930 0 -0.922143 6.889200 214.040000 440.162000 -13 1947 1 0 1.000000
-42.893900 -20.474000 0 11.165300 -12.218300 233.189000 440.285000 -13 1948 1 0 1.000000
-0.085139 -2.325300 0 -21.384400 -2.769750 226.003000 440.577000 -13 1949 1 0 1.000000
-7.808310 -6.195070 0 -1.530630 3.232380 234.389000 440.324000 -13 1950 1 0 1.000000
-24.515200 -12.161500 0 28.110300 -4.764700 229.867000 440.538000 -13 1951 1 0 1.000000
-7.375020 -13.701900 0 5.213910 -13.733700 223.276000 440.202000 -13 1952 1 0 1.000000
-6.806100 -16.063600 0 6.444800 -4.921190 226.690000 440.369000 -13 1953 1 0 1.000000
1.100160 -21.964900 0 3.917140 11.424100 196.858000 440.118000 -13 1954 1 0 1.000000
-29.258300 9.252020 0 1.175470 -0.648954 204.913000 440.270000 -13 1955 1 0 1.000000
-12.948200 -16.277000 0 10.828800 -8.304990 198.713000 440.229000 -13 1956 1 0 1.000000
0.916593 -0.226458 0 -13.533500 2.884410 195.990000 440.264000 -13 1957 1 0 1.000000
-16.869900 0.911389 0 18.387700 -2.450770 203.140000 440.101000 -13 1958 1 0 1.000000
-51.069100 -9.141900 0 -7.493280 12.247600 205.096000 440.071000 -13 1959 1 0 1.000000
14.608800 -7.041610 0 -18.423900 9.967840 216.234000 440.158000 -13 1960 1 0 1.000000
-17.434000 -7.939700 0 3.262790 0.826777 201.768000 440.091000 -13 1961 1 0 1.000000
-0.234640 0.336187 0 2.842060 0.017157 212.987000 440.136000 -13 1962 1 0 1.000000
-2.456410 -15.465700 0 -12.289900 -13.698400 202.230000 440.132000 -13 1963 1 0 1.000000
8.645040 -13.893000 0 -2.063900 -19.765400 203.708000 440.282000 -13 1964 1 0 1.000000
-6.438720 -5.937570 0 14.109000 -0.572681 193.540000 440.166000 -13 1965 1 0 1.000000
4.469070 -1.018740 0 -11.106300 -7.289090 201.576000 440.175000 -13 1966 1 0 1.000000
-11.337000 -22.437000 0 12.770300 3.553190 195.963000 440.405000 -13 1967 1 0 1.000000
1.365690 -27.993400 0 -10.617300 10.432700 194.207000 440.137000 -13 1968 1 0 1.000000
-6.720530 -16.588900 0 -12.901000 3.064550 208.117000 440.171000 -13 1969 1 0 1.000000
-13.678800 6.023090 0 17.630800 2.147770 214.794000 440.180000 -13 1970 1 0 1.000000
-6.696120 5.020390 0 -4.146020 0.263094 202.998000 440.386000 -13 1971 1 0 1.000000
11.269200 -3.494060 0 -5.014180 -1.628720 197.628000 440.256000 -13 1972 1 0 1.000000
-13.632700 1.671000 0 -9.305020 -2.069920 211.247000 440.239000 -13 1973 1 0 1.000000
-3.901410 2.906850 0 19.136900 -11.402200 213.455000 440.218000 -13 1974 1 0 1.000000
-17.153500 10.121600 0 -21.298800 -0.069663 221.688000 440.193000 -13 1975 1 0 1.000000
20.549700 -13.497800 0 18.723200 -0.216588 201.073000 440.268000 -13 1976 1 0 1.000000
-4.975650 -3.558220 0 3.741560 -9.208340 208.933000 440.255000 -13 1977 1 0 1.000000
-2.165500 -33.577400 0 -20.027700 8.308500 217.083000 440.341000 -13 1978 1 0 1.000000
-3.826490 -6.652160 0 19.632900 -8.558410 216.871000 440.167000 -13 1979 1 0 1.000000
-31.822400 -18.698600 0 18.240700 -9.961750 206.249000 440.128000 -13 1980 1 0 1.000000
18.036900 8.466270 0 -1.381930 -11.130300 206.848000 440.266000 -13 1981 1 0 1.000000
-14.116500 -31.328100 0 -7.091750 3.751460 219.635000 440.300000 -13 1982 1 0 1.000000
-24.016200 -0.411835 0 5.233090 -24.918600 202.880000 440.677000 -13 1983 1 0 1.000000
2.246270 -26.230900 0 -0.701987 12.701000 219.912000 440.431000 -13 1984 1 0 1.000000
-6.926030 9.537980 0 6.151320 -6.630070 180.374000 439.948000 -13 1985 1 0 1.000000
-16.906100 -18.086200 0 -12.390400 -12.313800 210.668000 440.532000 -13 1986 1 0 1.000000
32.246800 -47.851900 0 -25.527500 -1.417600 186.571000 440.754000 -13 1987 1 0 1.000000
-33.239800 1.702040 0 6.493340 20.779700 188.777000 440.174000 -13 1988 1 0 1.000000
-11.951800 -14.369000 0 -11.664000 -10.248600 222.527000 440.455000 -13 1989 1 0 1.000000
-1.107280 -4.888110 0 2.612100 12.017500 202.488000 440.270000 -13 1990 1 0 1.000000
-40.956100 8.431920 0 2.919620 -0.399811 217.037000 440.111000 -13 1991 1 0 1.000000
-19.563600 -20.558400 0 29.588400 -14.958800 219.276000 440.395000 -13 1992 1 0 1.000000
19.805000 -36.887000 0 -1.159460 -4.391050 234.120000 440.117000 -13 1993 1 0 1.000000
-20.531700 4.915990 0 -13.169800 11.321000 212.504000 440.137000 -13 1994 1 0 1.000000
-20.252100 -3.672340 0 13.985100 29.941600 208.899000 440.328000 -13 1995 1 0 1.000000
-4.985250 -3.378220 0 -7.088430 5.174010 208.473000 440.304000 -13 1996 1 0 1.000000
-3.329140 2.806690 0 0.752191 -2.370750 201.289000 440.305000 -13 1997 1 0 1.000000
-9.949920 -37.961500 0 20.436700 36.621800 213.178000 440.561000 -13 1998 1 0 1.000000
7.169660 -3.820920 0 -8.114800 -7.242950 211.834000 440.243000 -13 1999 1 0 1.000000
16.936200 -4.915830 0 -18.089200 16.409200 194.653000 440.566000 -13 2000 1 0 1.000000
34.785500 -25.960300 0 -13.764500 6.536720 203.471000 440.480000 -13 2001 1 0 1.000000
-3.956140 -34.083700 0 14.005900 -6.624840 185.676000 440.263000 -13 2002 1 0 1.000000
-22.498500 -9.083740 0 2.216820 10.674000 198.060000 440.531000 -13 2003 1 0 1.000000
-13.858800 -5.394010 0 1.993420 6.404420 198.201000 440.631000 -13 2004 1 0 1.000000
8.598770 -8.050290 0 -2.996530 -19.201000 212.971000 440.530000 -13 2005 1 0 1.000000
-2.445290 -32.399900 0 0.499862 1.439020 204.356000 440.444000 -13 2006 1 0 1.000000
26.673500 -30.395900 0 -5.949150 -0.951905 181.399000 440.251000 -13 2007 1 0 1.000000
-31.946400 9.364470 0 -15.017400 -12.422000 186.758000 439.992000 -13 2008 1 0 1.000000
-3.927710 -13.350300 0 -14.435100 1.836010 189.450000 440.207000 -13 2009 1 0 1.000000
9.032850 -23.261300 0 -17.721700 -0.615864 202.687000 440.074000 -13 2010 1 0 1.000000
-14.319400 -8.448090 0 -4.205430 -6.813590 204.243000 440.195000 -13 2011 1 0 1.000000
17.755800 -21.933300 0 -19.969700 8.184160 206.248000 440.199000 -13 2012 1 0 1.000000
14.194800 -11.471200 0 -6.421360 -14.216800 209.793000 440.075000 -13 2013 1 0 1.000000
-16.604600 -18.650200 0 -10.045900 -1.975630 205.049000 440.250000 -13 2014 1 0 1.000000
-20.589000 -7.437210 0 3.684470 -14.739100 189.899000 440.357000 -13 2015 1 0 1.000000
-41.089900 17.499800 0 -8.409780 3.272250 231.122000 440.230000 -13 2016 1 0 1.000000
2.760830 -9.136930 0 -13.608900 3.641320 197.988000 440.117000 -13 2017 1 0 1.000000
-40.048800 2.450050 0 -35.354800 1.700080 218.985000 439.963000 -13 2018 1 0 1.000000
-20.377900 -14.881600 0 -10.379500 8.315700 225.003000 440.141000 -13 2019 1 0 1.000000
-46.228800 22.792700 0 2.605760 -23.322100 209.770000 440.701000 -13 2020 1 0 1.000000
-7.340790 3.127860 0 -9.226520 -12.083800 225.695000 440.500000 -13 2021 1 0 1.000000
12.271700 -5.208720 0 -2.797220 -10.459900 220.751000 440.604000 -13 2022 1 0 1.000000
-14.645000 -12.550400 0 -14.610400 10.256800 219.366000 440.269000 -13 2023 1 0 1.000000
-3.732990 -9.869720 0 5.623190 -2.752740 225.979000 440.322000 -13 2024 1 0 1.000000
4.858290 -2.323080 0 -5.458640 15.007500 210.110000 440.354000 -13 2025 1 0 1.000000
-17.186400 7.362050 0 12.118800 3.070020 218.397000 440.261000 -13 2026 1 0 1.000000
-1.757720 -31.597600 0 4.277540 -14.626400 215.666000 440.544000 -13 2027 1 0 1.000000
-35.153600 17.984400 0 9.849680 11.090300 237.122000 440.796000 -13 2028 1 0 1.000000
-41.646000 -5.697790 0 14.351200 -47.996900 232.262000 440.588000 -13 2029 1 0 1.000000
-22.144400 -25.333200 0 17.947700 -15.637500 212.670000 440.560000 -13 2030 1 0 1.000000
-9.242440 11.117600 0 5.319770 -8.194120 222.028000 440.284000 -13 2031 1 0 1.000000
-25.783000 20.777900 0 9.754000 0.337908 221.292000 440.488000 -13 2032 1 0 1.000000
-21.450500 6.106090 0 7.211830 -21.944900 221.641000 440.247000 -13 2033 1 0 1.000000
5.763230 11.791100 0 7.821680 10.422800 199.704000 440.521000 -13 2034 1 0 1.000000
-18.162900 -28.915800 0 8.324910 8.374480 224.265000 440.484000 -13 2035 1 0 1.000000
-2.953770 -28.750200 0 3.002300 -9.876440 219.190000 440.172000 -13 2036 1 0 1.000000
-14.994000 -11.618100 0 -0.105462 -15.995600 214.692000 440.237000 -13 2037 1 0 1.000000
52.455600 -37.436000 0 -5.917330 18.348300 223.690000 440.190000 -13 2038 1 0 1.000000
-10.757600 -14.280500 0 3.824750 -10.959600 215.119000 440.282000 -13 2039 1 0 1.000000
2.234490 -9.461140 0 29.204800 7.055400 205.025000 440.540000 -13 2040 1 0 1.000000
5.224150 -24.548800 0 -18.880200 -17.074000 225.872000 440.248000 -13 2041 1 0 1.000000
-33.894700 8.702110 0 -2.269760 2.111370 214.783000 440.443000 -13 2042 1 0 1.000000
-17.513000 -17.420900 0 1.773140 -15.586400 205.157000 440.252000 -13 2043 1 0 1.000000
15.829000 -4.827570 0 6.776540 2.794540 206.411000 440.561000 -13 2044 1 0 1.000000
-4.995530 -5.019940 0 0.832980 -20.015600 212.104000 440.299000 -13 2045 1 0 1.000000
-14.141100 -16.409100 0 16.703600 -4.254930 178.367000 440.270000 -13 2046 1 0 1.000000
-17.453300 -18.545300 0 -10.110100 6.830490 195.085000 439.976000 -13 2047 1 0 1.000000
7.552790 -3.616730 0 -12.079100 -22.407800 193.856000 440.509000 -13 2048 1 0 1.000000
-5.470260 -17.016400 0 -1.282360 -11.367100 188.183000 440.496000 -13 2049 1 0 1.000000
15.148400 -20.545600 0 3.229660 -2.583110 181.516000 440.111000 -13 2050 1 0 1.000000
4.551090 19.892000 0 -8.860120 -2.014770 201.466000 440.088000 -13 2051 1 0 1.000000
-14.958200 9.838020 0 -8.981530 35.126800 203.354000 440.307000 -13 2052 1 0 1.000000
9.567180 0.669602 0 9.140330 5.351510 221.043000 440.123000 -13 2053 1 0 1.000000
-12.581500 -20.997500 0 -20.924400 6.519300 197.316000 440.134000 -13 2054 1 0 1.000000
9.424580 -15.084700 0 1.762550 -13.320300 196.939000 440.149000 -13 2055 1 0 1.000000
-18.457600 -6.875760 0 28.964000 -1.410970 203.890000 440.229000 -13 2056 1 0 1.000000
-15.594000 -27.753100 0 6.382790 -24.128900 205.721000 440.265000 -13 2057 1 0 1.000000
-7.972710 -35.367900 0 -0.505059 15.289900 233.175000 440.170000 -13 2058 1 0 1.000000
11.392200 -68.099100 0 -13.510100 25.355600 240.499000 440.368000 -13 2059 1 0 1.000000
-8.726980 15.676500 0 -20.792300 -10.383300 203.662000 440.154000 -13 2060 1 0 1.000000
-0.301817 -19.243400 0 -17.265600 10.575900 236.510000 440.430000 -13 2061 1 0 1.000000
-9.732400 3.860590 0 -15.450200 10.953200 179.886000 440.002000 -13 2062 1 0 1.000000
-6.449250 -18.547900 0 -1.173920 20.508600 212.436000 440.721000 -13 2063 1 0 1.000000
-40.743500 -15.090600 0 12.317400 15.456100 213.923000 440.518000 -13 2064 1 0 1.000000
-2.906170 10.882500 0 3.855880 -11.501400 230.089000 440.435000 -13 2065 1 0 1.000000
-14.963000 -15.267800 0 13.102900 6.760900 215.599000 440.594000 -13 2066 1 0 1.000000
29.323000 18.243700 0 29.300500 8.828480 200.766000 439.983000 -13 2067 1 0 1.000000
23.850100 -28.920300 0 25.652500 -2.852990 232.664000 440.522000 -13 2068 1 0 1.000000
-36.871000 10.712000 0 -15.554700 -2.480110 215.591000 440.397000 -13 2069 1 0 1.000000
2.404020 -14.568800 0 4.781260 -29.358700 228.437000 440.450000 -13 2070 1 0 1.000000
-28.504200 21.104200 0 3.287500 -11.536200 214.362000 440.594000 -13 2071 1 0 1.000000
-16.956400 -22.527400 0 12.976500 -15.987200 230.178000 440.136000 -13 2072 1 0 1.000000
-20.138700 -49.644400 0 8.763180 -15.178700 210.172000 440.106000 -13 2073 1 0 1.000000
-7.800810 -8.969130 0 18.611100 -7.047930 221.345000 440.478000 -13 2074 1 0 1.000000
36.648300 -34.959900 0 10.887900 10.068000 202.708000 440.373000 -13 2075 1 0 1.000000
2.667410 10.587800 0 -5.554330 -6.940070 209.018000 440.214000 -13 2076 1 0 1.000000
-11.341400 -32.921600 0 -7.580660 -4.509700 209.583000 440.379000 -13 2077 1 0 1.000000
-23.631900 -6.263770 0 -7.385430 0.988038 215.865000 440.203000 -13 2078 1 0 1.000000
12.923900 -0.774001 0 25.265600 31.433900 205.907000 440.252000 -13 2079 1 0 1.000000
-11.228000 -27.081300 0 10.081900 -7.731750 226.464000 440.114000 -13 2080 1 0 1.000000
-56.153100 -14.378200 0 4.870910 21.256800 212.752000 440.774000 -13 2081 1 0 1.000000
-48.618000 16.168900 0 8.905040 -5.113120 238.802000 440.622000 -13 2082 1 0 1.000000
10.823300 -18.023300 0 -6.344330 -13.684300 216.507000 440.540000 -13 2083 1 0 1.000000
-23.488000 -16.052400 0 -15.008000 4.036680 195.023000 440.571000 -13 2084 1 0 1.000000
-2.869100 -14.282100 0 -25.516500 14.560000 236.529000 440.386000 -13 2085 1 0 1.000000
-11.327700 36.500300 0 9.957760 1.648150 230.461000 440.454000 -13 2086 1 0 1.000000
-14.377600 -2.912450 0 17.888100 26.752200 195.043000 440.184000 -13 2087 1 0 1.000000
0.635209 -5.287190 0 -6.978260 15.013300 226.387000 440.159000 -13 2088 1 0 1.000000
-27.973500 -20.293000 0 2.132560 4.766290 214.390000 440.510000 -13 2089 1 0 1.000000
-24.747000 -50.752500 0 -14.107500 10.933700 249.326000 440.295000 -13 2090 1 0 1.000000
14.854500 -26.164500 0 -1.191740 -6.472010 194.610000 440.206000 -13 2091 1 0 1.000000
-44.883900 8.072040 0 19.301200 8.842930 233.433000 440.567000 -13 2092 1 0 1.000000
-52.432400 -53.441400 0 1.070130 6.304180 225.236000 440.217000 -13 2093 1 0 1.000000
-36.605400 -29.316300 0 9.812960 -17.039600 228.962000 440.203000 -13 2094 1 0 1.000000
30.506100 21.862400 0 2.207780 18.706700 229.120000 440.422000 -13 2095 1 0 1.000000
-5.429430 -24.993800 0 -24.624200 -2.995110 230.416000 440.473000 -13 2096 1 0 1.000000
-3.267880 13.658000 0 2.178350 3.268980 197.741000 440.127000 -13 2097 1 0 1.000000
-4.919770 -34.863400 0 -8.555020 -0.561903 195.954000 440.241000 -13 2098 1 0 1.000000
-37.967800 21.385400 0 3.669480 -4.150660 201.227000 440.310000 -13 2099 1 0 1.000000
-11.583800 -4.573340 0 -7.581310 -5.630820 207.846000 440.145000 -13 2100 1 0 1.000000
-2.783880 -30.142200 0 -18.790900 -2.217890 191.788000 440.248000 -13 2101 1 0 1.000000
14.771900 -4.062100 0 10.150500 -16.594700 199.051000 440.131000 -13 2102 1 0 1.000000
-13.681600 -10.796700 0 -9.711500 11.374800 195.276000 440.340000 -13 2103 1 0 1.000000
-5.701640 4.623200 0 -12.297800 -0.340661 201.490000 440.331000 -13 2104 1 0 1.000000
1.623090 -27.435000 0 -9.713010 -9.560450 214.293000 440.297000 -13 2105 1 0 1.000000
-5.552240 1.090030 0 -1.873490 -11.401800 197.879000 440.255000 -13 2106 1 0 1.000000
-12.363400 -5.537900 0 -18.753200 15.690200 209.855000 440.217000 -13 2107 1 0 1.000000
-21.985900 12.625900 0 -7.521630 2.429780 206.738000 440.184000 -13 2108 1 0 1.000000
-22.023400 -7.483860 0 -39.352600 -3.743780 221.837000 440.117000 -13 2109 1 0 1.000000
14.014500 8.003940 0 2.473640 -0.147163 210.506000 440.166000 -13 2110 1 0 1.000000
-22.055100 -13.477700 0 9.666280 -0.450844 217.222000 439.978000 -13 2111 1 0 1.000000
-19.742600 -1.697340 0 -13.346800 14.368500 195.116000 440.064000 -13 2112 1 0 1.000000
-21.598500 -21.943300 0 -9.002590 5.937210 211.152000 440.359000 -13 2113 1 0 1.000000
-7.504450 -11.775300 0 1.571590 -6.882480 209.439000 440.271000 -13 2114 1 0 1.000000
-33.431000 -33.726400 0 10.299000 -7.985240 219.426000 440.451000 -13 2115 1 0 1.000000
-21.328100 -7.999600 0 -4.639020 14.544900 210.987000 440.252000 -13 2116 1 0 1.000000
0.756034 -26.682200 0 -22.296000 -14.090700 198.126000 440.235000 -13 2117 1 0 1.000000
-4.823560 -9.707490 0 -2.327440 -18.963800 214.500000 440.258000 -13 2118 1 0 1.000000
-17.194700 17.363000 0 9.013390 -9.460540 211.119000 440.288000 -13 2119 1 0 1.000000
2.600060 -27.541600 0 13.405300 11.587900 211.964000 440.435000 -13 2120 1 0 1.000000
-10.091800 -17.062000 0 -11.471800 7.090620 208.687000 440.194000 -13 2121 1 0 1.000000
-14.367400 -6.014370 0 19.777700 -2.514000 209.381000 440.251000 -13 2122 1 0 1.000000
-31.545800 -7.293350 0 30.241000 -5.293250 242.420000 439.994000 -13 2123 1 0 1.000000
-18.049900 12.763500 0 -5.449530 8.005920 231.062000 440.342000 -13 2124 1 0 1.000000
-19.686200 -18.556100 0 -5.716480 0.333047 223.823000 440.293000 -13 2125 1 0 1.000000
-32.721300 -24.975600 0 -4.171130 4.026760 229.747000 440.233000 -13 2126 1 0 1.000000
-35.783500 -19.696600 0 12.775600 26.220000 229.877000 440.558000 -13 2127 1 0 1.000000
-16.548100 -8.013320 0 -12.186700 9.271820 209.102000 440.171000 -13 2128 1 0 1.000000
-41.542200 8.760040 0 14.164200 -12.563200 202.579000 440.839000 -13 2129 1 0 1.000000
20.036600 -35.396700 0 -15.259300 -8.506170 228.533000 440.371000 -13 2130 1 0 1.000000
11.161900 -40.521100 0 -17.990900 14.871900 216.724000 440.533000 -13 2131 1 0 1.000000
-19.823000 -15.662400 0 -8.878530 8.220310 225.283000 440.251000 -13 2132 1 0 1.000000
-3.674250 -12.603900 0 -0.024145 14.009200 196.672000 440.189000 -13 2133 1 0 1.000000
-12.953400 -21.037500 0 -3.625150 -1.751960 207.971000 440.265000 -13 2134 1 0 1.000000
15.738200 4.440870 0 9.673100 -5.635440 205.304000 440.140000 -13 2135 1 0 1.000000
-56.021600 -41.144900 0 -5.466380 -1.591240 214.147000 440.084000 -13 2136 1 0 1.000000
17.241800 1.254540 0 -19.663900 11.175200 184.344000 440.302000 -13 2137 1 0 1.000000
16.948600 -0.225782 0 -18.041800 8.846770 193.130000 440.214000 -13 2138 1 0 1.000000
25.670300 -39.392800 0 -2.825800 9.808820 213.298000 440.199000 -13 2139 1 0 1.000000
9.851840 18.810100 0 15.611600 5.930650 201.945000 440.079000 -13 2140 1 0 1.000000
-12.562100 -21.114700 0 -2.682110 -6.046810 196.096000 440.098000 -13 2141 1 0 1.000000
0.117502 -5.005500 0 -9.248930 32.352200 214.134000 440.079000 -13 2142 1 0 1.000000
-41.066200 -29.270600 0 -13.065500 -18.784800 220.907000 440.340000 -13 2143 1 0 1.000000
-23.784500 2.009310 0 -5.032770 2.450920 207.637000 440.109000 -13 2144 1 0 1.000000
-28.949200 4.902130 0 13.533500 -9.813080 204.760000 440.173000 -13 2145 1 0 1.000000
15.722400 -9.020640 0 10.175900 -6.826030 200.027000 440.215000 -13 2146 1 0 1.000000
1.773630 -23.227400 0 2.716530 5.105720 195.795000 440.252000 -13 2147 1 0 1.000000
-17.687400 -6.616220 0 7.571000 -17.197100 194.598000 440.283000 -13 2148 1 0 1.000000
-14.383100 -36.734900 0 -1.785040 -2.844120 204.357000 440.040000 -13 2149 1 0 1.000000
-9.304560 5.136840 0 -13.660300 -21.074900 215.727000 440.010000 -13 2150 1 0 1.000000
9.318660 -12.139000 0 -5.192780 16.840800 194.837000 440.196000 -13 2151 1 0 1.000000
16.576600 -41.588100 0 -11.560400 42.895700 242.243000 440.181000 -13 2152 1 0 1.000000
4.977270 -18.242500 0 -42.137700 31.371800 253.624000 440.207000 -13 2153 1 0 1.000000
-15.497500 -16.278400 0 7.006440 -14.749400 226.256000 440.079000 -13 2154 1 0 1.000000
-19.425100 -11.835900 0 10.280200 -8.381530 207.628000 439.953000 -13 2155 1 0 1.000000
-31.617800 1.443400 0 5.038780 -18.510600 205.738000 440.208000 -13 2156 1 0 1.000000
-43.311400 -42.123000 0 8.482450 -20.845900 231.960000 440.104000 -13 2157 1 0 1.000000
28.933900 3.960420 0 0.593661 -19.491500 194.630000 440.341000 -13 2158 1 0 1.000000
-4.283550 -37.300000 0 6.498760 -6.259590 190.664000 440.231000 -13 2159 1 0 1.000000
-2.133790 -16.236500 0 -6.190060 -19.859400 214.299000 440.073000 -13 2160 1 0 1.000000
-24.226100 -15.829200 0 -7.501710 16.466100 208.530000 440.112000 -13 2161 1 0 1.000000
-17.486800 -5.111650 0 17.997200 2.432660 203.074000 440.439000 -13 2162 1 0 1.000000
-13.157600 -12.002900 0 3.276920 -2.039060 197.745000 440.318000 -13 2163 1 0 1.000000
-6.747470 -2.525430 0 -4.460950 -6.544870 207.628000 440.118000 -13 2164 1 0 1.000000
-2.586100 -8.681820 0 14.984000 -12.046000 212.633000 440.280000 -13 2165 1 0 1.000000
-3.239430 -0.834801 0 -16.542500 14.621700 204.799000 440.119000 -13 2166 1 0 1.000000
-1.048330 10.992900 0 -5.982150 -3.498770 205.505000 440.228000 -13 2167 1 0 1.000000
17.455100 0.917423 0 -3.689490 -0.331925 208.411000 440.165000 -13 2168 1 0 1.000000
5.974330 -31.238600 0 -9.800740 1.864700 215.880000 440.305000 -13 2169 1 0 1.000000
-1.635030 14.533100 0 -18.231400 -19.079500 205.587000 440.048000 -13 2170 1 0 1.000000
26.300000 1.862820 0 -4.207860 -7.815720 208.568000 440.097000 -13 2171 1 0 1.000000
-6.366510 -35.431000 0 14.518200 -19.366200 206.577000 440.345000 -13 2172 1 0 1.000000
-17.609300 -2.726660 0 12.665300 12.305200 212.759000 440.223000 -13 2173 1 0 1.000000
-22.383100 -19.019200 0 -3.427070 9.186100 205.239000 440.178000 -13 2174 1 0 1.000000
10.431900 -1.638800 0 15.020500 12.129900 198.604000 440.175000 -13 2175 1 0 1.000000
11.198000 1.027890 0 12.049700 -22.464900 223.688000 440.281000 -13 2176 1 0 1.000000
6.835480 -11.087800 0 2.977890 -3.839950 205.187000 440.184000 -13 2177 1 0 1.000000
-21.196300 16.793800 0 12.936200 -7.030840 195.945000 440.233000 -13 2178 1 0 1.000000
-12.588200 8.295830 0 2.322080 5.196510 197.557000 440.102000 -13 2179 1 0 1.000000
-40.674500 -26.340300 0 5.991190 7.304490 206.167000 440.115000 -13 2180 1 0 1.000000
-10.564600 -12.132300 0 9.931420 -6.531010 211.427000 440.101000 -13 2181 1 0 1.000000
1.514230 -1.160410 0 -12.718700 -1.826950 194.215000 440.163000 -13 2182 1 0 1.000000
18.425600 -5.178340 0 -10.477600 6.815690 199.281000 440.218000 -13 2183 1 0 1.000000
-22.622700 -5.135250 0 11.662800 -3.688430 200.221000 440.057000 -13 2184 1 0 1.000000
0.058286 -11.118300 0 23.029300 9.288450 198.650000 440.322000 -13 2185 1 0 1.000000
-15.848100 -29.889500 0 -4.534460 3.035450 194.030000 440.084000 -13 2186 1 0 1.000000
-15.988500 11.197800 0 10.307000 14.305200 198.900000 440.166000 -13 2187 1 0 1.000000
0.222769 -8.606910 0 -11.366600 -24.250100 186.023000 440.230000 -13 2188 1 0 1.000000
-38.113000 -11.638800 0 16.159800 0.040000 243.864000 440.226000 -13 2189 1 0 1.000000
-14.810500 -11.757400 0 4.457620 4.741270 195.960000 440.002000 -13 2190 1 0 1.000000
-51.667000 -9.083820 0 32.717300 6.018650 231.687000 440.459000 -13 2191 1 0 1.000000
-17.075100 -13.901000 0 -2.426980 4.475810 194.340000 440.194000 -13 2192 1 0 1.000000
-5.007540 11.228400 0 -7.655970 2.558510 227.776000 440.053000 -13 2193 1 0 1.000000
7.894560 -30.927600 0 -33.165700 3.062750 203.835000 440.238000 -13 2194 1 0 1.000000
-21.264300 -12.224600 0 -1.001890 7.302370 194.571000 440.179000 -13 2195 1 0 1.000000
-6.682660 -24.447400 0 6.268610 -7.783110 192.750000 440.095000 -13 2196 1 0 1.000000
-33.587900 41.723100 0 30.496100 -60.545700 265.088000 440.539000 -13 2197 1 0 1.000000
-0.158421 -35.610200 0 -13.803900 -2.978490 208.676000 440.050000 -13 2198 1 0 1.000000
-30.062300 -46.599600 0 -21.979300 16.977400 237.306000 439.984000 -13 2199 1 0 1.000000
-0.735461 -12.684000 0 -33.461400 3.002740 205.948000 440.169000 -13 2200 1 0 1.000000
-9.242370 -11.279600 0 2.524000 -16.892600 224.980000 440.338000 -13 2201 1 0 1.000000
-20.884900 -7.643630 0 -6.268280 -4.610300 222.969000 440.138000 -13 2202 1 0 1.000000
-26.476800 -27.685600 0 20.558100 7.938010 226.038000 440.253000 -13 2203 1 0 1.000000
-30.361200 -21.924600 0 -18.663000 2.864160 225.984000 440.112000 -13 2204 1 0 1.000000
-9.796180 -24.201500 0 18.154700 -5.182080 224.100000 440.265000 -13 2205 1 0 1.000000
10.219800 4.005050 0 18.208000 -0.825863 229.724000 440.421000 -13 2206 1 0 1.000000
-4.853720 -28.974600 0 -3.512670 5.205680 226.122000 440.041000 -13 2207 1 0 1.000000
-18.924900 -30.214800 0 -5.620610 -11.872000 224.508000 440.125000 -13 2208 1 0 1.000000
-35.802800 -17.471200 0 5.512440 -4.834630 235.783000 440.271000 -13 2209 1 0 1.000000
-2.906540 -3.065720 0 13.712800 -1.885520 215.036000 440.322000 -13 2210 1 0 1.000000
19.403300 32.946400 0 4.169650 -2.443770 224.192000 439.881000 -13 2211 1 0 1.000000
-15.313500 -39.807800 0 -23.475100 12.203400 199.440000 439.943000 -13 2212 1 0 1.000000
6.386300 -4.745870 0 0.461762 -17.309200 193.027000 440.310000 -13 2213 1 0 1.000000
-22.838800 1.007250 0 16.146000 7.144570 200.015000 440.381000 -13 2214 1 0 1.000000
-27.742600 -21.811100 0 6.336110 -1.905300 195.478000 440.249000 -13 2215 1 0 1.000000
-60.209700 -35.388800 0 3.457120 10.827700 221.354000 440.161000 -13 2216 1 0 1.000000
-40.517600 -19.986400 0 -20.805200 -11.989500 199.757000 440.293000 -13 2217 1 0 1.000000
-9.201920 -10.438300 0 6.282400 -6.886260 196.045000 440.092000 -13 2218 1 0 1.000000
-33.159900 -2.175440 0 -9.652720 2.278190 215.700000 439.946000 -13 2219 1 0 1.000000
7.199990 -5.464660 0 -8.971600 0.650125 240.325000 440.129000 -13 2220 1 0 1.000000
-16.798200 1.935550 0 -0.059620 4.771380 211.321000 439.969000 -13 2221 1 0 1.000000
-7.853820 -26.100900 0 4.765970 -11.789100 227.551000 440.414000 -13 2222 1 0 1.000000
15.754600 -24.520300 0 -15.386900 -8.799500 231.045000 440.560000 -13 2223 1 0 1.000000
-8.329060 -10.450200 0 7.179430 7.721030 190.754000 440.093000 -13 2224 1 0 1.000000
1.180660 -16.840600 0 18.813800 -2.489680 197.883000 440.298000 -13 2225 1 0 1.000000
-14.455200 -26.982800 0 -1.443650 8.326730 236.525000 440.222000 -13 2226 1 0 1.000000
-55.692900 -13.151900 0 -1.603390 -9.363200 212.165000 440.644000 -13 2227 1 0 1.000000
-8.086550 -35.495600 0 8.186220 5.105930 209.171000 440.508000 -13 2228 1 0 1.000000
-2.479500 -10.463400 0 2.280730 4.693310 213.251000 440.471000 -13 2229 1 0 1.000000
-24.623500 -7.685450 0 11.889600 14.897100 214.159000 440.248000 -13 2230 1 0 1.000000
9.219290 -24.199100 0 -2.022570 -33.402500 203.722000 440.160000 -13 2231 1 0 1.000000
-4.851230 25.923900 0 15.290400 9.097240 200.079000 440.345000 -13 2232 1 0 1.000000
-12.106600 11.474000 0 -0.812564 23.600100 206.558000 440.291000 -13 2233 1 0 1.000000
-2.495080 -29.850200 0 -3.572340 16.962800 200.575000 440.050000 -13 2234 1 0 1.000000
-8.581700 -2.653750 0 -10.362900 4.581570 201.327000 440.099000 -13 2235 1 0 1.000000
1.109210 -7.444710 0 7.602490 -2.360600 194.734000 440.301000 -13 2236 1 0 1.000000
-9.878480 -19.162900 0 3.372410 12.041100 204.466000 439.995000 -13 2237 1 0 1.000000
-4.434530 -20.580700 0 13.264400 10.964900 190.655000 440.141000 -13 2238 1 0 1.000000
-42.307600 -16.528000 0 6.232680 5.833120 246.606000 440.460000 -13 2239 1 0 1.000000
18.855000 -28.870100 0 -11.719000 -16.270400 202.042000 440.057000 -13 2240 1 0 1.000000
-29.126900 -10.686000 0 -15.638600 9.446920 194.812000 440.037000 -13 2241 1 0 1.000000
0.643414 -5.933090 0 -9.410570 0.403794 235.495000 440.450000 -13 2242 1 0 1.000000
-14.596400 -0.895452 0 -18.979200 7.454120 215.190000 440.257000 -13 2243 1 0 1.000000
6.390770 -27.185500 0 -2.013900 16.183500 208.056000 440.122000 -13 2244 1 0 1.000000
21.714200 -14.515100 0 4.003480 9.055630 199.999000 440.340000 -13 2245 1 0 1.000000
16.581000 -23.550900 0 6.100630 -10.724100 205.302000 440.437000 -13 2246 1 0 1.000000
15.374900 -40.891700 0 2.556380 -5.411990 223.078000 440.439000 -13 2247 1 0 1.000000
-5.793040 -9.495630 0 -3.119070 11.567300 213.723000 439.951000 -13 2248 1 0 1.000000
-10.609500 1.743180 0 2.535790 -0.707588 199.360000 440.173000 -13 2249 1 0 1.000000
-8.942970 20.841300 0 -5.449560 -9.817590 204.358000 440.260000 -13 2250 1 0 1.000000
5.370610 -11.445500 0 1.715490 -14.967100 197.046000 440.214000 -13 2251 1 0 1.000000
-12.169200 -7.248550 0 -5.694060 -4.491530 193.788000 440.254000 -13 2252 1 0 1.000000
-0.126518 -8.874470 0 -2.563710 -27.912200 190.023000 440.183000 -13 2253 1 0 1.000000
-13.362800 -19.469100 0 3.654840 -6.385150 175.999000 440.127000 -13 2254 1 0 1.000000
-13.774000 -17.095500 0 9.375690 -6.623550 214.818000 440.014000 -13 2255 1 0 1.000000
27.102400 -18.673100 0 -18.589000 -4.070630 187.027000 440.215000 -13 2256 1 0 1.000000
17.698300 -8.885960 0 -3.001910 -1.805080 198.261000 440.393000 -13 2257 1 0 1.000000
-7.126320 -18.583800 0 -1.861800 -12.501900 202.406000 440.348000 -13 2258 1 0 1.000000
8.559810 -34.694900 0 0.456801 -7.918950 195.074000 440.144000 -13 2259 1 0 1.000000
-16.202800 2.995650 0 10.227600 -18.639800 199.674000 440.205000 -13 2260 1 0 1.000000
6.645980 -9.626980 0 6.235560 -7.107180 219.487000 440.559000 -13 2261 1 0 1.000000
-18.699000 6.796330 0 -3.831780 -6.536600 211.577000 440.654000 -13 2262 1 0 1.000000
-4.079660 18.234800 0 10.449700 -22.262500 218.890000 440.601000 -13 2263 1 0 1.000000
-3.274580 -6.165150 0 -5.525420 -21.476800 205.177000 440.572000 -13 2264 1 0 1.000000
-5.077960 -21.770300 0 0.068644 30.493400 211.906000 439.830000 -13 2265 1 0 1.000000
-11.218900 -13.937900 0 -8.065930 2.135970 222.551000 440.450000 -13 2266 1 0 1.000000
-16.685500 17.729000 0 -5.563500 -13.165700 197.690000 440.567000 -13 2267 1 0 1.000000
1.575580 -23.041100 0 2.279720 -10.947500 208.124000 440.324000 -13 2268 1 0 1.000000
-12.393700 -32.047800 0 8.582350 -10.015800 197.226000 440.445000 -13 2269 1 0 1.000000
-18.034900 -30.874700 0 0.697286 34.392400 219.697000 440.382000 -13 2270 1 0 1.000000
-18.856800 -18.280500 0 11.673800 2.972160 212.249000 440.298000 -13 2271 1 0 1.000000
-58.941900 12.978600 0 1.873770 -7.375440 207.732000 440.169000 -13 2272 1 0 1.000000
-14.698300 -27.514300 0 7.068680 -8.749490 209.348000 440.214000 -13 2273 1 0 1.000000
-47.735100 -16.301600 0 10.546600 19.832100 215.079000 440.186000 -13 2274 1 0 1.000000
19.156200 -20.140600 0 5.573510 6.558060 203.834000 440.359000 -13 2275 1 0 1.000000
-18.345500 -0.888871 0 12.747900 -4.725790 220.319000 440.139000 -13 2276 1 0 1.000000
0.725566 -4.307010 0 -3.128240 -13.258600 203.425000 440.198000 -13 2277 1 0 1.000000
-20.643000 -21.209600 0 13.827900 -8.236880 187.229000 440.223000 -13 2278 1 0 1.000000
-7.542210 17.354700 0 17.057900 -19.982000 190.530000 440.269000 -13 2279 1 0 1.000000
-17.629000 -33.939700 0 1.498680 3.415130 203.547000 440.428000 -13 2280 1 0 1.000000
-8.617190 -20.998900 0 2.592030 -5.911160 195.390000 440.462000 -13 2281 1 0 1.000000
-15.014900 -17.695600 0 -15.143200 0.407787 206.511000 440.346000 -13 2282 1 0 1.000000
-16.370200 -15.229300 0 19.896500 8.907560 209.177000 440.437000 -13 2283 1 0 1.000000
-4.827930 -32.943800 0 -8.284650 -4.682740 194.665000 440.272000 -13 2284 1 0 1.000000
-15.892900 9.065740 0 -2.643400 1.516460 189.138000 440.220000 -13 2285 1 0 1.000000
-19.402400 -21.396700 0 -10.040900 0.746347 205.066000 440.377000 -13 2286 1 0 1.000000
2.425470 8.299080 0 -5.695830 -10.481900 202.596000 440.038000 -13 2287 1 0 1.000000
-9.828110 5.165510 0 7.575190 10.106500 192.797000 440.086000 -13 2288 1 0 1.000000
6.919390 -15.438700 0 3.269950 0.252652 183.678000 440.300000 -13 2289 1 0 1.000000
-17.306000 14.290100 0 -5.627100 4.749890 201.284000 440.410000 -13 2290 1 0 1.000000
-49.502500 -6.639610 0 -27.487100 -2.750630 204.934000 440.023000 -13 2291 1 0 1.000000
-30.311100 -17.295500 0 -11.452600 3.168290 199.343000 439.954000 -13 2292 1 0 1.000000
-16.488300 -8.892400 0 -14.587100 -7.641440 233.850000 439.930000 -13 2293 1 0 1.000000
-35.738500 10.741500 0 7.639340 -4.132800 201.516000 440.185000 -13 2294 1 0 1.000000
-0.029503 -37.289400 0 12.226400 19.841100 199.196000 440.132000 -13 2295 1 0 1.000000
-20.596200 -22.535400 0 26.948200 -19.941800 238.232000 440.070000 -13 2296 1 0 1.000000
-27.434700 0.791709 0 -10.945400 -2.445610 215.009000 440.148000 -13 2297 1 0 1.000000
-9.514790 -2.141460 0 4.112130 -3.128160 204.013000 440.167000 -13 2298 1 0 1.000000
-5.707740 -5.712410 0 -1.828090 7.362100 207.783000 440.067000 -13 2299 1 0 1.000000
6.431570 4.404060 0 -1.022530 16.254200 216.998000 440.053000 -13 2300 1 0 1.000000
-25.420500 7.139710 0 7.781680 4.347950 205.500000 440.142000 -13 2301 1 0 1.000000
-10.770200 8.902390 0 2.257510 -10.763600 209.565000 440.062000 -13 2302 1 0 1.000000
-38.895200 18.860300 0 22.110200 11.566000 194.190000 440.319000 -13 2303 1 0 1.000000
17.840100 -12.304300 0 9.678340 -5.420520 233.349000 440.396000 -13 2304 1 0 1.000000
-10.500800 -13.315100 0 -12.084800 -8.120850 228.460000 440.453000 -13 2305 1 0 1.000000
-0.753715 -41.656900 0 15.724300 -14.952900 187.886000 440.933000 -13 2306 1 0 1.000000
-45.429300 22.666600 0 22.329000 13.968500 203.550000 440.306000 -13 2307 1 0 1.000000
6.404810 -18.174500 0 -22.630300 20.536600 204.996000 440.660000 -13 2308 1 0 1.000000
-11.403900 8.402770 0 -0.961618 13.900900 232.270000 440.366000 -13 2309 1 0 1.000000
-13.285100 -29.327300 0 -12.642800 -19.670600 221.421000 440.476000 -13 2310 1 0 1.000000
-2.778050 -13.570400 0 -13.954200 15.081000 222.888000 440.334000 -13 2311 1 0 1.000000
15.796300 -15.591900 0 4.146820 5.687310 230.436000 440.444000 -13 2312 1 0 1.000000
-6.545720 -29.960800 0 1.432260 -0.192315 233.118000 440.219000 -13 2313 1 0 1.000000
-22.320600 -18.579500 0 16.632700 10.620200 189.128000 440.054000 -13 2314 1 0 1.000000
-25.491700 -20.029400 0 15.775100 2.945070 231.226000 440.386000 -13 2315 1 0 1.000000
10.364700 3.248660 0 5.785760 -13.198100 190.972000 440.513000 -13 2316 1 0 1.000000
-10.149500 -14.896600 0 -3.735510 -3.142540 187.580000 440.362000 -13 2317 1 0 1.000000
8.063210 3.609080 0 -11.187800 -1.613470 195.231000 440.353000 -13 2318 1 0 1.000000
10.056800 -12.814800 0 2.202900 -1.946430 193.077000 440.328000 -13 2319 1 0 1.000000
-4.580120 -9.914300 0 -4.967240 -16.139800 201.985000 440.376000 -13 2320 1 0 1.000000
-11.253100 7.856430 0 -4.542940 -5.050300 196.631000 440.240000 -13 2321 1 0 1.000000
-14.487200 5.910760 0 28.272000 -3.845320 203.281000 440.042000 -13 2322 1 0 1.000000
0.419225 13.379700 0 2.864210 -10.528700 252.718000 440.441000 -13 2323 1 0 1.000000
-3.707970 -1.474060 0 -7.839550 0.678508 193.198000 440.379000 -13 2324 1 0 1.000000
5.763040 -30.235200 0 -10.126900 -15.015200 198.938000 440.180000 -13 2325 1 0 1.000000
-7.360850 -13.680100 0 -63.731800 -6.801490 243.497000 440.016000 -13 2326 1 0 1.000000
-12.663200 9.985850 0 -11.531800 -11.929700 200.531000 440.317000 -13 2327 1 0 1.000000
0.855662 -10.966200 0 -20.262700 2.007490 197.787000 440.065000 -13 2328 1 0 1.000000
5.164470 -14.968100 0 -3.028800 -19.312900 198.004000 440.239000 -13 2329 1 0 1.000000
-17.365200 6.405000 0 -9.553030 2.360030 209.745000 440.122000 -13 2330 1 0 1.000000
-23.189600 8.678680 0 -2.618750 8.709110 203.454000 439.912000 -13 2331 1 0 1.000000
-12.867900 -39.763200 0 18.673300 -11.770400 221.974000 440.215000 -13 2332 1 0 1.000000
-14.015900 -31.884200 0 -0.977771 3.302930 199.479000 440.357000 -13 2333 1 0 1.000000
-16.291900 -7.088690 0 -5.529900 -18.482800 205.705000 440.174000 -13 2334 1 0 1.000000
-12.433200 -64.604900 0 -3.177440 -0.262168 247.586000 440.454000 -13 2335 1 0 1.000000
-13.357700 -18.901100 0 4.278800 -2.339550 196.251000 440.093000 -13 2336 1 0 1.000000
4.748420 -15.044700 0 3.905850 6.231940 200.607000 440.322000 -13 2337 1 0 1.000000
1.421640 -22.925200 0 2.257390 -1.172160 204.817000 440.259000 -13 2338 1 0 1.000000
-0.359143 9.883850 0 12.227900 -25.033100 233.221000 440.270000 -13 2339 1 0 1.000000
1.321960 4.747380 0 7.829930 11.420900 204.345000 440.214000 -13 2340 1 0 1.000000
24.349700 -3.342410 0 -16.356600 -2.191260 196.350000 440.252000 -13 2341 1 0 1.000000
-7.967730 22.719000 0 -9.993300 -9.761040 204.168000 440.238000 -13 2342 1 0 1.000000
-14.957600 4.529590 0 5.309330 -8.555270 216.570000 440.132000 -13 2343 1 0 1.000000
-7.810010 10.534500 0 -6.070140 4.451500 221.308000 440.159000 -13 2344 1 0 1.000000
0.781034 -15.047900 0 18.547200 4.525300 215.982000 440.139000 -13 2345 1 0 1.000000
1.671760 -18.357400 0 4.345570 36.273600 216.120000 440.355000 -13 2346 1 0 1.000000
-20.525100 -27.290300 0 -4.184560 9.806520 211.828000 440.112000 -13 2347 1 0 1.000000
-16.265000 -7.366590 0 15.205800 0.250871 220.210000 440.336000 -13 2348 1 0 1.000000
0.702018 1.292350 0 2.378740 1.211460 212.873000 440.259000 -13 2349 1 0 1.000000
-7.958450 -10.623000 0 16.157900 11.568300 217.816000 440.216000 -13 2350 1 0 1.000000
-60.628500 9.618370 0 28.436500 -9.462410 236.821000 440.676000 -13 2351 1 0 1.000000
-14.582400 -28.749500 0 -11.361900 -3.957000 220.409000 440.395000 -13 2352 1 0 1.000000
4.867890 -36.896300 0 -16.494200 14.219800 237.319000 440.308000 -13 2353 1 0 1.000000
-28.456900 -14.650400 0 4.158540 4.940830 224.116000 440.273000 -13 2354 1 0 1.000000
34.242900 -18.891600 0 -27.444000 -5.214830 201.429000 440.638000 -13 2355 1 0 1.000000
-86.708000 -1.661870 0 31.072700 4.119690 248.439000 440.559000 -13 2356 1 0 1.000000
-3.372000 2.797250 0 2.202700 -4.707950 223.785000 440.450000 -13 2357 1 0 1.000000
-33.727200 -6.619770 0 -11.819600 -2.668830 220.606000 440.459000 -13 2358 1 0 1.000000
-20.356200 -16.515700 0 4.540920 4.887720 222.321000 440.399000 -13 2359 1 0 1.000000
-30.098700 10.033800 0 7.371030 -14.487200 225.772000 440.278000 -13 2360 1 0 1.000000
-27.852800 -10.435800 0 5.634000 6.379930 216.066000 440.222000 -13 2361 1 0 1.000000
17.367000 -19.200800 0 -0.732995 -5.158770 231.798000 440.278000 -13 2362 1 0 1.000000
-8.356500 -33.434200 0 -6.929170 -4.079730 226.688000 440.127000 -13 2363 1 0 1.000000
-27.791200 -15.041400 0 -4.265240 1.112460 232.142000 440.279000 -13 2364 1 0 1.000000
-10.439600 -17.193900 0 10.768900 -21.945000 215.706000 440.131000 -13 2365 1 0 1.000000
10.896300 33.237000 0 17.441800 -16.477700 235.648000 440.248000 -13 2366 1 0 1.000000
-11.121500 -24.878600 0 0.309798 2.085470 224.220000 440.200000 -13 2367 1 0 1.000000
-9.592110 -26.011500 0 8.683380 -24.965000 224.862000 440.164000 -13 2368 1 0 1.000000
-25.082300 2.612980 0 -8.857390 -7.174720 218.743000 440.230000 -13 2369 1 0 1.000000
-5.592840 -0.588548 0 5.165060 8.915440 214.949000 440.144000 -13 2370 1 0 1.000000
24.331500 -11.033000 0 -23.587500 11.151200 212.089000 440.638000 -13 2371 1 0 1.000000
31.594600 -11.010200 0 -13.018700 -13.094200 242.246000 440.040000 -13 2372 1 0 1.000000
-51.531600 62.560300 0 31.321300 -36.331300 260.186000 439.946000 -13 2373 1 0 1.000000
-26.552500 -15.430000 0 -3.931400 -2.758780 208.546000 440.669000 -13 2374 1 0 1.000000
24.305300 -13.305600 0 -18.563100 11.198900 216.157000 440.423000 -13 2375 1 0 1.000000
24.594000 -0.526439 0 7.532740 -14.618200 192.718000 440.558000 -13 2376 1 0 1.000000
-14.524200 -4.000490 0 -17.843100 -3.923600 215.667000 440.568000 -13 2377 1 0 1.000000
-10.000300 -12.202000 0 13.858500 -2.920700 221.567000 440.619000 -13 2378 1 0 1.000000
-3.235410 1.313040 0 -0.968300 3.320670 227.795000 440.411000 -13 2379 1 0 1.000000
-15.042300 1.877300 0 -2.567340 -7.757290 207.215000 440.518000 -13 2380 1 0 1.000000
1.744090 -14.137600 0 -3.907890 -1.486190 181.322000 440.323000 -13 2381 1 0 1.000000
-11.342100 -14.910000 0 -5.004370 1.404710 206.617000 440.617000 -13 2382 1 0 1.000000
-22.181400 -13.546600 0 8.277830 -16.089500 214.130000 440.412000 -13 2383 1 0 1.000000
-41.950600 15.523100 0 -4.721370 -9.927320 218.333000 440.433000 -13 2384 1 0 1.000000
15.336700 -49.689400 0 -1.060980 3.790210 184.075000 440.181000 -13 2385 1 0 1.000000
8.504790 -16.183700 0 -10.521200 -3.289090 197.113000 440.506000 -13 2386 1 0 1.000000
25.852300 5.282860 0 -25.429100 22.886100 183.160000 440.363000 -13 2387 1 0 1.000000
-12.575600 1.919640 0 -1.498920 -5.535170 221.301000 440.303000 -13 2388 1 0 1.000000
-20.243100 -17.824100 0 8.454540 0.972910 216.123000 440.479000 -13 2389 1 0 1.000000
-24.040500 -10.987300 0 -1.377030 16.371100 210.435000 440.280000 -13 2390 1 0 1.000000
-22.418900 -16.167000 0 0.339972 -16.472200 212.764000 440.297000 -13 2391 1 0 1.000000
-2.482830 -20.134300 0 -0.846280 -4.523740 191.995000 440.318000 -13 2392 1 0 1.000000
-6.701720 -6.095290 0 -0.489838 -21.576500 190.951000 440.444000 -13 2393 1 0 1.000000
3.097010 -17.271000 0 5.323860 -19.598200 213.070000 440.239000 -13 2394 1 0 1.000000
16.820100 -0.746776 0 -15.122200 0.261961 205.728000 440.297000 -13 2395 1 0 1.000000
29.042200 -35.120200 0 -24.205500 21.809100 216.603000 440.191000 -13 2396 1 0 1.000000
8.067230 -4.650950 0 -2.737320 -16.306000 186.013000 440.155000 -13 2397 1 0 1.000000
19.358000 -7.996440 0 -3.675610 -12.534500 211.460000 440.341000 -13 2398 1 0 1.000000
-18.365600 -39.878600 0 -1.675320 0.553104 193.548000 440.275000 -13 2399 1 0 1.000000
2.715390 -8.891720 0 -40.705500 -10.105900 227.848000 440.216000 -13 2400 1 0 1.000000
-21.331000 -7.644590 0 8.995370 -31.021500 222.617000 440.552000 -13 2401 1 0 1.000000
19.059700 -23.663300 0 -5.448880 -4.823950 218.304000 440.373000 -13 2402 1 0 1.000000
54.718400 -34.606600 0 -9.792730 2.908680 271.044000 440.365000 -13 2403 1 0 1.000000
-4.074380 -35.183100 0 -16.489200 -2.221960 220.991000 440.382000 -13 2404 1 0 1.000000
11.022100 -18.663200 0 -5.187450 -5.828080 229.785000 440.172000 -13 2405 1 0 1.000000
-24.840300 7.679700 0 3.302370 1.474270 218.057000 440.289000 -13 2406 1 0 1.000000
-64.909200 19.476900 0 12.064700 17.064800 237.564000 440.317000 -13 2407 1 0 1.000000
-31.772100 -1.244910 0 -1.136240 -4.153890 226.537000 440.073000 -13 2408 1 0 1.000000
8.840000 -42.865200 0 4.364780 -4.434710 203.870000 440.267000 -13 2409 1 0 1.000000
-1.977020 17.712800 0 -11.122900 0.086542 207.887000 440.211000 -13 2410 1 0 1.000000
-0.651767 -32.393200 0 -17.860400 12.888400 214.828000 440.321000 -13 2411 1 0 1.000000
14.752900 11.507900 0 -21.630400 11.370300 205.855000 440.203000 -13 2412 1 0 1.000000
-35.366900 1.001580 0 1.203320 -1.013580 216.246000 440.401000 -13 2413 1 0 1.000000
11.470800 -20.717700 0 8.895710 -13.078700 205.095000 440.557000 -13 2414 1 0 1.000000
-8.524990 -2.270260 0 -6.058450 -8.662620 206.441000 440.272000 -13 2415 1 0 1.000000
-3.148810 -22.992500 0 -2.061760 -9.853760 203.445000 440.282000 -13 2416 1 0 1.000000
-17.412500 -25.352800 0 -2.945640 3.693260 213.894000 440.354000 -13 2417 1 0 1.000000
0.561856 -4.358730 0 2.932220 -2.289260 210.155000 440.278000 -13 2418 1 0 1.000000
-10.176700 -18.974700 0 -12.643100 -3.917440 213.619000 440.383000 -13 2419 1 0 1.000000
-11.164800 -7.460280 0 5.546980 -18.580200 196.343000 440.513000 -13 2420 1 0 1.000000
-4.718610 -12.770000 0 5.969430 -9.934070 212.187000 440.472000 -13 2421 1 0 1.000000
-2.539800 -8.684840 0 -11.587300 -0.606709 215.279000 440.364000 -13 2422 1 0 1.000000
28.807100 -40.655900 0 -4.138210 -1.977660 230.968000 440.567000 -13 2423 1 0 1.000000
-14.336600 -25.242400 0 2.763130 15.760400 205.639000 440.416000 -13 2424 1 0 1.000000
-38.772900 -7.768510 0 -0.284423 0.323581 228.210000 440.408000 -13 2425 1 0 1.000000
-37.365100 7.116820 0 1.056360 1.999290 216.121000 440.315000 -13 2426 1 0 1.000000
-3.117380 -27.853800 0 31.022900 -10.357300 210.584000 440.638000 -13 2427 1 0 1.000000
-38.504600 12.288700 0 33.261900 -17.319500 237.554000 440.271000 -13 2428 1 0 1.000000
7.432520 0.096884 0 2.555160 -18.948500 225.869000 440.151000 -13 2429 1 0 1.000000
-12.273900 1.566870 0 5.369670 -5.446930 228.736000 440.336000 -13 2430 1 0 1.000000
-1.673870 -36.389100 0 15.793200 3.350060 204.519000 440.150000 -13 2431 1 0 1.000000
14.686400 -42.121200 0 -9.540930 -16.911300 241.634000 440.258000 -13 2432 1 0 1.000000
8.602860 3.440880 0 -0.583939 2.070700 226.229000 440.082000 -13 2433 1 0 1.000000
-16.500500 -6.360240 0 13.928600 -7.747700 236.621000 440.487000 -13 2434 1 0 1.000000
5.270080 -19.583500 0 -6.679190 -2.199600 213.180000 440.026000 -13 2435 1 0 1.000000
-15.890900 -9.887370 0 4.491590 -20.077800 218.858000 440.196000 -13 2436 1 0 1.000000
-28.854700 6.484290 0 2.221560 -21.517200 226.159000 440.408000 -13 2437 1 0 1.000000
-4.639080 -0.378720 0 -10.213400 -7.076870 190.036000 440.301000 -13 2438 1 0 1.000000
9.393610 -11.101600 0 -17.073000 -8.800030 185.283000 440.143000 -13 2439 1 0 1.000000
29.436800 -20.208400 0 9.457760 -18.107200 200.199000 440.304000 -13 2440 1 0 1.000000
18.519800 -2.188500 0 9.010520 12.273900 197.250000 440.188000 -13 2441 1 0 1.000000
9.521340 7.454850 0 -8.962110 8.870450 211.338000 440.297000 -13 2442 1 0 1.000000
-19.660200 -24.426200 0 1.269930 -6.332450 214.132000 440.240000 -13 2443 1 0 1.000000
6.026400 -7.719670 0 -8.815370 6.064320 192.487000 440.173000 -13 2444 1 0 1.000000
-8.725490 -14.307000 0 -23.697200 4.313340 195.718000 440.260000 -13 2445 1 0 1.000000
19.940300 -4.944870 0 1.587140 -3.548750 197.885000 440.409000 -13 2446 1 0 1.000000
0.228612 14.017800 0 -3.458710 -7.784080 218.038000 440.068000 -13 2447 1 0 1.000000
-17.901200 -21.199800 0 5.772460 -6.494700 205.383000 440.190000 -13 2448 1 0 1.000000
4.467290 -8.929220 0 1.754250 9.464210 194.930000 440.169000 -13 2449 1 0 1.000000
-13.619200 -16.815200 0 -1.322050 -15.731300 214.575000 440.217000 -13 2450 1 0 1.000000
-18.944800 7.583690 0 -1.027940 -5.640910 193.742000 440.217000 -13 2451 1 0 1.000000
-3.239530 -28.306500 0 -0.689686 -7.946590 203.268000 440.211000 -13 2452 1 0 1.000000
-18.690900 -21.447600 0 0.349995 -8.306710 202.868000 440.202000 -13 2453 1 0 1.000000
-9.200010 -28.631900 0 -7.362610 3.462830 204.197000 440.079000 -13 2454 1 0 1.000000
-3.570110 -4.592860 0 8.429520 5.596150 208.922000 440.131000 -13 2455 1 0 1.000000
-25.953300 -65.863900 0 4.409540 -2.519070 237.616000 440.381000 -13 2456 1 0 1.000000
-38.026900 26.088900 0 6.103200 8.578620 220.371000 440.112000 -13 2457 1 0 1.000000
4.054720 2.824910 0 -14.818500 -12.665500 212.312000 440.136000 -13 2458 1 0 1.000000
-30.243200 -9.137720 0 21.450000 -0.717145 223.350000 440.163000 -13 2459 1 0 1.000000
11.684500 -17.417500 0 10.945100 -8.093740 221.799000 440.102000 -13 2460 1 0 1.000000
-2.562240 -23.134900 0 -1.606710 -8.665030 213.545000 440.058000 -13 2461 1 0 1.000000
-5.233720 -1.344810 0 -0.020737 17.953200 216.648000 440.705000 -13 2462 1 0 1.000000
19.381000 -24.474200 0 7.083240 12.323600 202.747000 440.181000 -13 2463 1 0 1.000000
9.363240 -34.160900 0 1.237450 -10.851000 216.534000 440.045000 -13 2464 1 0 1.000000
20.088300 -46.816300 0 -0.315690 -1.424770 229.315000 440.693000 -13 2465 1 0 1.000000
7.736390 -28.285200 0 -22.487000 -8.177950 241.703000 440.279000 -13 2466 1 0 1.000000
-23.971500 -12.881500 0 1.313050 11.869200 197.278000 440.464000 -13 2467 1 0 1.000000
12.067200 -0.891102 0 26.787100 -20.432200 228.456000 440.242000 -13 2468 1 0 1.000000
5.898020 -10.702500 0 7.452370 -2.802670 213.072000 440.605000 -13 2469 1 0 1.000000
-6.457660 -27.277700 0 -14.341500 -12.141400 229.264000 440.324000 -13 2470 1 0 1.000000
-11.263200 -10.814500 0 -5.100170 9.593360 162.560000 440.213000 -13 2471 1 0 1.000000
-20.769700 -6.966000 0 -1.636770 1.290470 227.304000 440.242000 -13 2472 1 0 1.000000
-44.095500 -18.310000 0 -15.372700 -0.589289 219.529000 440.704000 -13 2473 1 0 1.000000
-27.909600 -2.935420 0 -12.422400 24.049800 203.731000 439.855000 -13 2474 1 0 1.000000
-24.222000 -3.051200 0 -13.030900 9.167960 216.569000 440.496000 -13 2475 1 0 1.000000
-9.248580 -8.407920 0 -17.086500 -9.700510 217.816000 440.253000 -13 2476 1 0 1.000000
-12.250400 -26.825000 0 4.690940 22.913900 210.976000 440.434000 -13 2477 1 0 1.000000
16.350900 -44.506000 0 -28.211800 8.375300 191.064000 440.173000 -13 2478 1 0 1.000000
-5.061140 -28.145400 0 -18.352400 -1.968290 203.296000 440.493000 -13 2479 1 0 1.000000
13.613100 -19.890200 0 1.351460 -25.906600 224.660000 440.364000 -13 2480 1 0 1.000000
-68.928600 4.167580 0 31.515500 -2.642190 234.490000 440.491000 -13 2481 1 0 1.000000
4.582480 -8.487340 0 -13.067100 2.978410 182.253000 440.600000 -13 2482 1 0 1.000000
15.972100 -18.557900 0 4.272440 6.242440 202.934000 440.272000 -13 2483 1 0 1.000000
6.162790 -5.376960 0 -0.133669 -9.024590 203.331000 440.230000 -13 2484 1 0 1.000000
-8.580310 -2.594830 0 3.096500 -3.192890 200.227000 439.940000 -13 2485 1 0 1.000000
-7.508980 -4.393420 0 -5.059960 -11.171700 190.785000 440.158000 -13 2486 1 0 1.000000
2.975510 -21.415900 0 -16.862600 -20.434500 201.517000 440.158000 -13 2487 1 0 1.000000
-0.594862 -1.419490 0 -0.424583 -5.132280 195.462000 440.137000 -13 2488 1 0 1.000000
8.111870 -32.705100 0 4.014380 -23.512900 200.521000 440.223000 -13 2489 1 0 1.000000
-31.111700 9.518390 0 20.247300 -7.088570 212.187000 440.389000 -13 2490 1 0 1.000000
-16.154400 -5.271540 0 -3.195950 0.583245 206.616000 440.492000 -13 2491 1 0 1.000000
37.201400 -21.188600 0 7.186570 -12.931600 239.756000 440.136000 -13 2492 1 0 1.000000
13.911900 -25.166800 0 2.582850 4.685690 224.837000 440.436000 -13 2493 1 0 1.000000
-11.175000 5.313990 0 -0.801124 -6.393730 223.605000 440.325000 -13 2494 1 0 1.000000
7.198050 -3.702200 0 3.355720 7.811860 200.862000 440.661000 -13 2495 1 0 1.000000
-9.241790 20.050900 0 -1.611270 10.070100 229.078000 440.476000 -13 2496 1 0 1.000000
-22.206800 -0.746533 0 19.980600 3.442110 210.188000 440.439000 -13 2497 1 0 1.000000
-12.038100 10.772700 0 9.008630 -9.036590 224.010000 440.373000 -13 2498 1 0 1.000000
-26.645300 1.824970 0 -9.704620 -8.207760 226.808000 440.009000 -13 2499 1 0 1.000000
-8.723640 -22.475400 0 4.237090 -9.094350 195.232000 440.241000 -13 2500 1 0 1.000000
-11.203200 -14.385200 0 2.541090 16.588200 196.489000 440.348000 -13 2501 1 0 1.000000
7.810940 -16.041100 0 2.305410 0.982588 189.956000 440.082000 -13 2502 1 0 1.000000
13.781400 -35.319300 0 5.512290 -1.593020 194.123000 440.317000 -13 2503 1 0 1.000000
22.629800 -18.162400 0 -10.064900 -1.743000 207.522000 440.249000 -13 2504 1 0 1.000000
-20.391800 -2.983000 0 -2.398240 6.933260 188.143000 440.217000 -13 2505 1 0 1.000000
-1.790960 -18.714500 0 -2.188760 -20.907700 197.213000 440.250000 -13 2506 1 0 1.000000
-23.225100 -10.311800 0 -4.199750 5.756520 192.488000 440.191000 -13 2507 1 0 1.000000
-18.093400 -41.742300 0 -16.278000 4.127930 219.786000 440.393000 -13 2508 1 0 1.000000
-6.123990 -18.949100 0 13.584800 1.945790 199.465000 440.050000 -13 2509 1 0 1.000000
-26.652500 1.685670 0 15.119700 9.304950 226.358000 440.334000 -13 2510 1 0 1.000000
2.184520 -0.148816 0 9.456270 -9.936900 228.102000 440.257000 -13 2511 1 0 1.000000
-31.472600 0.339171 0 -3.934270 -0.244960 204.938000 440.622000 -13 2512 1 0 1.000000
-7.907320 -11.199100 0 1.694970 -0.341874 226.176000 440.156000 -13 2513 1 0 1.000000
-10.567600 -23.035400 0 -2.496610 -32.544400 218.016000 440.514000 -13 2514 1 0 1.000000
1.210930 -15.398100 0 3.708360 -1.543660 224.665000 440.559000 -13 2515 1 0 1.000000
-4.805680 2.355130 0 20.282000 7.698060 235.434000 440.444000 -13 2516 1 0 1.000000
-6.993630 -61.592900 0 -22.957200 16.198700 223.589000 440.108000 -13 2517 1 0 1.000000
5.258940 26.589000 0 2.271030 -15.027200 215.575000 440.494000 -13 2518 1 0 1.000000
-18.199300 -22.233300 0 10.491900 2.218450 207.954000 440.371000 -13 2519 1 0 1.000000
-0.013854 -15.254200 0 -0.219030 0.071111 201.630000 440.432000 -13 2520 1 0 1.000000
-4.762650 8.467970 0 -13.503400 -0.122991 213.554000 440.415000 -13 2521 1 0 1.000000
-5.311000 -9.954390 0 -9.481790 -9.629640 205.594000 440.309000 -13 2522 1 0 1.000000
-18.764000 -7.359170 0 -0.051122 -5.503430 202.564000 440.402000 -13 2523 1 0 1.000000
23.461200 -10.109000 0 -9.197320 10.659500 198.589000 440.319000 -13 2524 1 0 1.000000
-18.269900 -2.620870 0 16.831000 11.706700 180.161000 440.188000 -13 2525 1 0 1.000000
-3.332930 5.038790 0 24.988800 17.699100 232.679000 440.353000 -13 2526 1 0 1.000000
6.582440 -28.494800 0 9.344250 4.276470 211.164000 440.063000 -13 2527 1 0 1.000000
-20.196800 -42.070300 0 -19.982100 26.844400 237.441000 440.506000 -13 2528 1 0 1.000000
5.361260 9.889230 0 -5.324670 0.016684 219.159000 440.035000 -13 2529 1 0 1.000000
-30.662900 23.706000 0 10.863700 24.254800 236.426000 440.441000 -13 2530 1 0 1.000000
-11.784600 9.180330 0 -9.320850 1.921250 223.306000 440.409000 -13 2531 1 0 1.000000
8.741240 -2.455920 0 -3.190890 -24.727400 233.487000 440.262000 -13 2532 1 0 1.000000
-15.243800 -10.152300 0 -3.667910 0.356015 229.832000 440.157000 -13 2533 1 0 1.000000
34.523700 -34.500300 0 0.434860 -12.570700 235.671000 440.487000 -13 2534 1 0 1.000000
-5.276500 -3.598090 0 33.906000 -21.798100 205.942000 440.614000 -13 2535 1 0 1.000000
7.401420 -4.413450 0 -6.267860 -11.127200 224.190000 440.419000 -13 2536 1 0 1.000000
-2.866260 -3.080690 0 3.713040 13.057600 226.673000 440.557000 -13 2537 1 0 1.000000
-35.176900 -25.398600 0 -10.487100 -10.795100 225.123000 440.656000 -13 2538 1 0 1.000000
40.728600 43.686400 0 -34.236300 -44.804900 275.216000 440.460000 -13 2539 1 0 1.000000
-11.599900 -21.865900 0 -11.011400 -0.562441 214.683000 440.531000 -13 2540 1 0 1.000000
6.847620 -0.936789 0 1.108030 6.787220 182.575000 439.951000 -13 2541 1 0 1.000000
-4.951130 -24.456700 0 -7.777420 -0.561042 210.164000 440.574000 -13 2542 1 0 1.000000
6.595420 -13.257300 0 -20.460100 -1.294160 239.836000 439.947000 -13 2543 1 0 1.000000
-39.578900 1.192180 0 -3.870640 5.522370 232.862000 440.257000 -13 2544 1 0 1.000000
-9.915290 0.411566 0 39.518400 -10.638900 213.435000 439.820000 -13 2545 1 0 1.000000
-55.756100 17.717300 0 24.198400 2.041770 245.179000 440.441000 -13 2546 1 0 1.000000
-5.195780 16.688700 0 14.082500 -3.946570 174.963000 439.989000 -13 2547 1 0 1.000000
24.812300 -17.548100 0 32.007600 -5.063130 201.619000 440.855000 -13 2548 1 0 1.000000
22.403400 -20.995300 0 5.521100 -7.108510 216.697000 439.879000 -13 2549 1 0 1.000000
-11.508900 -16.100400 0 6.804880 -13.973800 227.813000 440.537000 -13 2550 1 0 1.000000
28.544800 -6.100320 0 -25.800700 -1.310010 182.736000 440.046000 -13 2551 1 0 1.000000
66.148300 -79.351600 0 -1.458420 -14.247800 256.223000 440.096000 -13 2552 1 0 1.000000
-1.966800 23.248300 0 2.582430 17.312700 203.320000 440.355000 -13 2553 1 0 1.000000
22.901400 -53.226900 0 -17.686500 5.169410 234.246000 440.410000 -13 2554 1 0 1.000000
8.958220 -23.070800 0 5.826950 7.519610 219.444000 440.462000 -13 2555 1 0 1.000000
-45.945200 -5.021970 0 -4.422100 -3.004180 226.841000 440.328000 -13 2556 1 0 1.000000
-10.666000 9.286380 0 -9.137090 -23.384300 186.835000 440.448000 -13 2557 1 0 1.000000
-22.134300 -15.466200 0 18.474100 17.377000 226.616000 440.391000 -13 2558 1 0 1.000000
-13.647200 -8.346210 0 -3.344710 11.007100 226.205000 440.238000 -13 2559 1 0 1.000000
-14.635900 -10.227200 0 -8.706910 -5.979160 223.565000 440.273000 -13 2560 1 0 1.000000
-21.958500 6.317310 0 -4.256250 -5.477580 228.440000 440.327000 -13 2561 1 0 1.000000
-3.661870 -5.269740 0 -34.030000 -37.666400 232.047000 440.234000 -13 2562 1 0 1.000000
7.804770 3.804120 0 8.149230 4.654670 219.980000 440.475000 -13 2563 1 0 1.000000
-46.663100 0.712506 0 -4.137930 -0.471465 224.091000 440.159000 -13 2564 1 0 1.000000
-2.407080 -15.082000 0 -9.697660 14.515800 232.433000 440.193000 -13 2565 1 0 1.000000
-16.500100 -14.143200 0 -2.543200 -2.949570 212.398000 440.594000 -13 2566 1 0 1.000000
8.473710 7.183710 0 -13.214100 6.938460 223.063000 440.111000 -13 2567 1 0 1.000000
-34.002700 -19.193100 0 -3.688380 -4.667020 209.597000 440.377000 -13 2568 1 0 1.000000
7.557490 -18.223600 0 -10.432300 -16.264100 200.329000 440.052000 -13 2569 1 0 1.000000
27.930500 -0.394096 0 -0.839495 -3.213460 213.649000 440.220000 -13 2570 1 0 1.000000
-31.552100 18.976600 0 1.054340 15.225600 205.447000 440.196000 -13 2571 1 0 1.000000
-28.185100 -6.763870 0 -40.470100 -38.745900 251.267000 440.339000 -13 2572 1 0 1.000000
-28.279800 0.818033 0 3.439900 -22.356900 224.043000 440.546000 -13 2573 1 0 1.000000
-5.615680 -6.686750 0 12.789200 -24.223200 219.059000 440.498000 -13 2574 1 0 1.000000
-11.553400 -4.488120 0 22.739400 -17.291000 212.598000 440.486000 -13 2575 1 0 1.000000
20.881000 -1.962210 0 -3.667860 -5.955980 230.753000 440.457000 -13 2576 1 0 1.000000
-46.989000 40.117900 0 16.846500 -12.553800 239.740000 440.509000 -13 2577 1 0 1.000000
-22.689700 14.264100 0 11.824900 -19.864000 217.687000 440.506000 -13 2578 1 0 1.000000
-2.121800 -42.076100 0 -14.616400 -14.570300 220.557000 440.624000 -13 2579 1 0 1.000000
0.586232 -27.695000 0 0.145459 -4.610630 223.389000 440.364000 -13 2580 1 0 1.000000
-17.979900 -8.704690 0 6.373430 -17.412000 202.607000 440.535000 -13 2581 1 0 1.000000
0.106130 -32.031600 0 -14.324300 -9.745150 208.833000 440.481000 -13 2582 1 0 1.000000
-33.756200 -8.919150 0 -5.452740 23.191400 225.586000 440.362000 -13 2583 1 0 1.000000
-8.679260 -21.617100 0 -1.672870 -4.894730 215.828000 440.318000 -13 2584 1 0 1.000000
-9.881120 -13.846100 0 -6.104000 -6.779550 219.187000 440.449000 -13 2585 1 0 1.000000
3.033430 -5.855720 0 19.952500 -3.434680 225.286000 440.323000 -13 2586 1 0 1.000000
-10.188400 -34.160200 0 -12.081200 3.933260 204.743000 440.562000 -13 2587 1 0 1.000000
-17.820500 -20.527000 0 -7.421470 0.455169 214.290000 440.368000 -13 2588 1 0 1.000000
-14.815100 -0.652155 0 7.705520 -7.276320 222.115000 440.192000 -13 2589 1 0 1.000000
-28.644100 -8.552300 0 3.905030 -13.449100 215.607000 440.001000 -13 2590 1 0 1.000000
-14.101400 -8.115630 0 7.593320 -5.654980 206.022000 440.097000 -13 2591 1 0 1.000000
-19.858000 19.534200 0 21.776200 -0.441602 215.173000 440.141000 -13 2592 1 0 1.000000
5.928170 -33.851500 0 1.334110 -2.711240 205.890000 440.403000 -13 2593 1 0 1.000000
0.973310 -9.157640 0 -9.649870 -23.119600 222.112000 440.183000 -13 2594 1 0 1.000000
-18.697500 -26.896100 0 -1.215960 -10.332400 198.432000 440.058000 -13 2595 1 0 1.000000
-13.248500 31.343100 0 5.110600 -5.965940 226.198000 440.187000 -13 2596 1 0 1.000000
-19.227900 -6.547400 0 11.370700 -5.995960 222.679000 440.245000 -13 2597 1 0 1.000000
-17.594600 -17.757100 0 -6.135340 16.983600 200.978000 439.825000 -13 2598 1 0 1.000000
-0.760549 9.502040 0 15.415000 -5.885690 201.627000 440.027000 -13 2599 1 0 1.000000
-42.661500 31.947900 0 -8.566520 7.540780 220.147000 440.130000 -13 2600 1 0 1.000000
-7.970000 -39.021900 0 -1.603840 21.655600 229.238000 440.334000 -13 2601 1 0 1.000000
-5.634390 -14.379300 0 -11.450100 -6.782890 223.045000 440.181000 -13 2602 1 0 1.000000
10.968900 -32.381100 0 2.338660 -3.890110 204.981000 440.125000 -13 2603 1 0 1.000000
9.435000 -29.341800 0 2.872950 -4.572100 211.345000 440.247000 -13 2604 1 0 1.000000
68.335500 -37.908200 0 -35.577900 -18.729700 266.295000 440.492000 -13 2605 1 0 1.000000
4.780350 -14.774400 0 -12.496600 19.965200 210.618000 439.953000 -13 2606 1 0 1.000000
5.132950 1.653070 0 -0.961966 -19.883300 213.187000 440.034000 -13 2607 1 0 1.000000
-22.576500 -4.973320 0 -0.642499 21.229400 209.450000 440.203000 -13 2608 1 0 1.000000
-39.654400 27.297400 0 24.816200 -25.707600 234.417000 440.680000 -13 2609 1 0 1.000000
23.428600 -10.108400 0 11.529300 -16.385500 213.641000 440.090000 -13 2610 1 0 1.000000
1.126920 -4.943800 0 3.733900 2.903040 192.104000 440.047000 -13 2611 1 0 1.000000
12.226000 -26.681900 0 0.149578 -14.963000 217.749000 440.018000 -13 2612 1 0 1.000000
8.008120 -26.780500 0 -11.650800 -9.458520 203.940000 440.127000 -13 2613 1 0 1.000000
-21.194000 7.198110 0 -7.979940 -0.268887 208.583000 440.140000 -13 2614 1 0 1.000000
-37.835700 -13.276900 0 33.288600 0.594183 219.800000 440.142000 -13 2615 1 0 1.000000
8.331830 9.922130 0 0.280724 4.629510 202.106000 440.239000 -13 2616 1 0 1.000000
12.426200 -18.753600 0 -15.368200 -2.355690 200.046000 440.327000 -13 2617 1 0 1.000000
-15.178000 -16.880800 0 -2.251900 22.254300 206.300000 440.160000 -13 2618 1 0 1.000000
-24.332800 -12.746600 0 6.161790 8.036370 204.182000 440.297000 -13 2619 1 0 1.000000
16.042500 11.821600 0 2.852760 -14.542000 204.571000 440.184000 -13 2620 1 0 1.000000
-0.395206 7.829970 0 -0.561324 -5.964360 205.475000 440.323000 -13 2621 1 0 1.000000
-3.714090 -12.542100 0 -6.743360 14.128300 205.814000 440.422000 -13 2622 1 0 1.000000
-22.043500 -22.899200 0 -23.003000 1.233540 218.954000 440.328000 -13 2623 1 0 1.000000
-13.307100 -9.833660 0 25.467200 -6.468550 200.823000 440.423000 -13 2624 1 0 1.000000
-3.707610 -17.456700 0 -5.062770 9.123470 209.163000 440.291000 -13 2625 1 0 1.000000
0.567892 -23.485400 0 -2.820460 -4.465370 210.060000 440.279000 -13 2626 1 0 1.000000
10.972100 -0.661525 0 -22.374600 19.842800 212.124000 440.287000 -13 2627 1 0 1.000000
-7.785400 -4.719510 0 -5.177720 17.518900 218.179000 440.290000 -13 2628 1 0 1.000000
6.817660 -0.839033 0 -14.156800 7.438310 194.458000 440.419000 -13 2629 1 0 1.000000
-4.671060 -18.275600 0 -12.556400 9.242710 207.074000 440.328000 -13 2630 1 0 1.000000
-17.831500 -16.067200 0 -20.121400 -10.673300 208.746000 440.376000 -13 2631 1 0 1.000000
-18.863600 -10.013600 0 -11.377500 -3.976200 212.813000 440.422000 -13 2632 1 0 1.000000
10.162000 1.626830 0 -11.863900 4.353760 208.753000 440.396000 -13 2633 1 0 1.000000
-0.845576 19.461700 0 5.814860 -12.304900 222.018000 440.287000 -13 2634 1 0 1.000000
4.329300 6.691580 0 -7.454700 -1.691640 197.774000 440.348000 -13 2635 1 0 1.000000
-0.476310 -36.102100 0 -9.900810 -12.034500 224.783000 440.281000 -13 2636 1 0 1.000000
1.328650 -9.302670 0 -22.856900 18.963300 207.989000 440.403000 -13 2637 1 0 1.000000
-5.347750 -18.594500 0 -34.602600 11.654500 211.039000 440.252000 -13 2638 1 0 1.000000
-0.912566 -21.140000 0 3.014560 0.646165 212.466000 440.407000 -13 2639 1 0 1.000000
1.754480 -7.176460 0 -19.466300 -8.650620 225.481000 440.267000 -13 2640 1 0 1.000000
-25.600700 17.122600 0 -2.335930 8.235260 228.986000 440.445000 -13 2641 1 0 1.000000
-5.674670 -23.614400 0 -3.525970 13.523000 214.356000 440.559000 -13 2642 1 0 1.000000
10.136200 -8.292540 0 -10.842900 -8.589930 216.371000 440.238000 -13 2643 1 0 1.000000
-14.472800 -41.171100 0 -5.690730 19.435500 213.887000 440.548000 -13 2644 1 0 1.000000
-44.590300 -26.135700 0 43.499900 17.916600 186.846000 441.137000 -13 2645 1 0 1.000000
25.980600 -0.714397 0 -16.318800 -3.587150 217.868000 440.588000 -13 2646 1 0 1.000000
-2.895420 11.878500 0 -14.042700 21.211600 213.114000 440.426000 -13 2647 1 0 1.000000
-16.772400 -4.026100 0 -2.171320 -13.704500 222.431000 440.317000 -13 2648 1 0 1.000000
-17.349600 -17.158800 0 -19.392400 -8.566680 219.423000 440.423000 -13 2649 1 0 1.000000
-26.863000 2.260300 0 -4.139780 5.496160 206.960000 440.551000 -13 2650 1 0 1.000000
-13.699500 3.428370 0 -20.354200 -5.400960 205.312000 440.037000 -13 2651 1 0 1.000000
-18.029400 7.269990 0 7.810260 -10.229400 202.335000 440.143000 -13 2652 1 0 1.000000
12.116400 2.943670 0 -10.067000 -18.889400 195.563000 440.093000 -13 2653 1 0 1.000000
-13.271300 -0.899489 0 -8.049320 1.540690 189.484000 440.121000 -13 2654 1 0 1.000000
19.273300 0.960832 0 7.545870 -3.499170 199.853000 440.102000 -13 2655 1 0 1.000000
-9.508090 -0.711291 0 8.675120 3.667830 203.626000 439.957000 -13 2656 1 0 1.000000
4.357720 -30.250100 0 -3.288620 8.258690 189.213000 440.238000 -13 2657 1 0 1.000000
15.177900 5.137430 0 9.370010 3.363070 200.847000 440.032000 -13 2658 1 0 1.000000
-0.142165 -29.841100 0 2.729570 4.694840 193.366000 440.203000 -13 2659 1 0 1.000000
-19.189000 -6.730950 0 -12.841300 -4.825400 206.402000 439.945000 -13 2660 1 0 1.000000
-40.929300 22.569900 0 4.165100 1.611380 239.209000 440.515000 -13 2661 1 0 1.000000
9.675000 -28.659300 0 43.428900 -18.735100 197.582000 440.145000 -13 2662 1 0 1.000000
-24.796600 -6.802350 0 0.959281 4.282480 236.939000 440.267000 -13 2663 1 0 1.000000
-2.965590 -9.202580 0 -8.868830 1.494500 198.552000 440.046000 -13 2664 1 0 1.000000
8.845000 11.268900 0 -14.844800 -13.569700 239.368000 440.223000 -13 2665 1 0 1.000000
34.432200 3.084120 0 14.604300 28.089000 177.219000 440.162000 -13 2666 1 0 1.000000
-31.493900 -23.830200 0 14.611200 -3.964370 234.042000 440.329000 -13 2667 1 0 1.000000
-19.355900 1.217600 0 4.546860 -10.869800 231.090000 440.464000 -13 2668 1 0 1.000000
5.616710 -40.137700 0 -9.983430 -1.438870 207.220000 440.246000 -13 2669 1 0 1.000000
13.288600 -44.603400 0 2.217040 -3.996010 222.037000 440.253000 -13 2670 1 0 1.000000
30.602100 -23.984100 0 -1.051560 -2.038820 205.030000 440.269000 -13 2671 1 0 1.000000
17.814900 5.141440 0 -25.141200 27.830700 227.296000 440.407000 -13 2672 1 0 1.000000
26.518200 -0.586135 0 11.131700 -24.229000 187.656000 440.302000 -13 2673 1 0 1.000000
-35.647100 -19.683100 0 -14.291600 -7.266400 206.344000 440.260000 -13 2674 1 0 1.000000
-17.517900 -1.624090 0 -7.635690 -13.977100 213.322000 440.294000 -13 2675 1 0 1.000000
9.222490 -13.304300 0 -7.697750 -11.484600 198.758000 440.408000 -13 2676 1 0 1.000000
-21.912100 -12.790400 0 -13.698700 -19.517200 205.342000 440.201000 -13 2677 1 0 1.000000
4.756920 3.580710 0 -10.985200 -1.692210 195.087000 440.256000 -13 2678 1 0 1.000000
11.103600 -4.338950 0 12.296000 -7.100360 186.732000 440.262000 -13 2679 1 0 1.000000
-3.861100 29.883400 0 -4.075100 -17.593400 206.990000 439.990000 -13 2680 1 0 1.000000
6.920420 -34.863100 0 -21.862200 -3.164050 191.082000 440.358000 -13 2681 1 0 1.000000
-1.344410 0.190955 0 10.639000 -13.078300 213.692000 439.902000 -13 2682 1 0 1.000000
0.626750 2.492590 0 7.523910 2.417830 201.052000 440.495000 -13 2683 1 0 1.000000
10.679600 0.284490 0 -10.391300 5.016910 186.513000 440.150000 -13 2684 1 0 1.000000
-26.945400 -11.037600 0 -18.219100 15.130400 205.385000 440.255000 -13 2685 1 0 1.000000
-6.639790 -22.634000 0 -4.167860 -13.445600 189.080000 440.245000 -13 2686 1 0 1.000000
-1.489730 -12.705200 0 7.808290 -9.047270 191.380000 440.358000 -13 2687 1 0 1.000000
2.603910 -17.582900 0 -5.423170 -15.117500 216.111000 440.672000 -13 2688 1 0 1.000000
-6.480850 -23.967700 0 -1.791240 -5.144000 190.485000 440.500000 -13 2689 1 0 1.000000
-79.078100 5.324840 0 14.656000 1.347960 237.793000 440.988000 -13 2690 1 0 1.000000
-28.165200 3.909590 0 8.751600 -11.544100 208.468000 440.467000 -13 2691 1 0 1.000000
3.263830 -16.419500 0 -14.764300 -16.707500 213.511000 440.598000 -13 2692 1 0 1.000000
29.268100 -31.226000 0 30.882400 0.779977 197.811000 440.705000 -13 2693 1 0 1.000000
21.789500 -3.713070 0 -12.848000 -15.013400 254.717000 440.024000 -13 2694 1 0 1.000000
-26.008800 13.202100 0 -7.108660 -0.146311 183.333000 440.068000 -13 2695 1 0 1.000000
-40.027000 6.830970 0 10.682400 -22.217000 232.350000 440.425000 -13 2696 1 0 1.000000
-25.110900 -30.297000 0 0.685524 -5.133290 225.935000 440.309000 -13 2697 1 0 1.000000
0.358715 6.643600 0 -5.614610 -10.627600 226.413000 440.241000 -13 2698 1 0 1.000000
-14.333100 -28.509100 0 9.323900 -7.380020 219.698000 440.217000 -13 2699 1 0 1.000000
-6.643680 -19.051900 0 8.347150 -12.007100 225.527000 440.357000 -13 2700 1 0 1.000000
-68.738500 -8.057270 0 -4.684310 15.403000 234.707000 440.338000 -13 2701 1 0 1.000000
-22.205600 7.312940 0 0.554429 -21.631700 218.309000 440.255000 -13 2702 1 0 1.000000
-7.025110 6.620860 0 -7.667850 -16.200600 225.557000 440.170000 -13 2703 1 0 1.000000
-5.773480 -14.007700 0 -21.254900 -9.706770 218.110000 440.259000 -13 2704 1 0 1.000000
-1.752110 -12.634500 0 -8.625040 -0.725948 202.267000 440.135000 -13 2705 1 0 1.000000
-11.232700 16.239000 0 28.253600 7.490100 206.682000 440.317000 -13 2706 1 0 1.000000
7.595140 -29.099700 0 -11.562600 -9.789130 211.286000 440.288000 -13 2707 1 0 1.000000
-15.208400 4.522250 0 -32.026800 9.151020 215.432000 440.115000 -13 2708 1 0 1.000000
21.804400 -1.074550 0 -0.846237 -4.307480 218.420000 440.331000 -13 2709 1 0 1.000000
-37.588200 -17.576700 0 -8.793730 18.791800 209.275000 440.306000 -13 2710 1 0 1.000000
-0.304341 -3.363680 0 -0.069379 -4.169580 205.687000 440.265000 -13 2711 1 0 1.000000
1.111940 14.968900 0 11.758100 -6.285660 215.593000 440.329000 -13 2712 1 0 1.000000
-26.447700 2.162450 0 11.926800 8.715240 211.562000 440.220000 -13 2713 1 0 1.000000
7.101520 -9.853290 0 8.037190 -8.307170 189.138000 440.294000 -13 2714 1 0 1.000000
-24.688200 -0.258068 0 4.815370 8.632670 244.575000 440.010000 -13 2715 1 0 1.000000
-2.411050 1.567060 0 7.149220 -7.940470 206.147000 440.507000 -13 2716 1 0 1.000000
-17.182800 18.821500 0 11.301400 -11.912900 212.821000 440.273000 -13 2717 1 0 1.000000
-24.604800 -9.145020 0 -11.633300 8.319930 214.101000 440.174000 -13 2718 1 0 1.000000
11.636900 -4.527620 0 -4.310370 0.394607 225.941000 440.107000 -13 2719 1 0 1.000000
-16.561000 3.187490 0 -26.696800 -0.587422 222.836000 440.202000 -13 2720 1 0 1.000000
10.071000 4.948610 0 -11.579200 8.421620 206.329000 440.092000 -13 2721 1 0 1.000000
-5.324850 -25.535600 0 -0.156225 -13.658800 226.509000 440.132000 -13 2722 1 0 1.000000
-28.603100 -23.794400 0 -8.618630 4.655650 227.902000 440.250000 -13 2723 1 0 1.000000
-23.384500 -0.810939 0 5.403370 -1.559020 225.838000 440.214000 -13 2724 1 0 1.000000
-47.613500 -14.107300 0 -2.261510 7.041030 215.508000 440.179000 -13 2725 1 0 1.000000
22.952900 -23.241700 0 25.029000 4.845170 200.799000 440.506000 -13 2726 1 0 1.000000
-17.686800 8.684590 0 -2.342840 -7.303520 222.044000 440.538000 -13 2727 1 0 1.000000
2.530850 4.993550 0 -13.982800 15.164400 214.289000 440.580000 -13 2728 1 0 1.000000
-5.665030 -5.359730 0 2.811340 14.639800 215.988000 440.219000 -13 2729 1 0 1.000000
-3.465990 8.380370 0 -11.825100 7.978860 214.899000 440.162000 -13 2730 1 0 1.000000
-38.239900 -3.067190 0 -13.444500 -6.904930 220.295000 440.444000 -13 2731 1 0 1.000000
-16.375000 27.650800 0 -3.089240 28.431600 214.629000 440.686000 -13 2732 1 0 1.000000
11.179500 -44.927800 0 -2.493590 19.104800 221.977000 440.520000 -13 2733 1 0 1.000000
28.407000 -17.162400 0 -23.144400 15.684400 221.265000 440.582000 -13 2734 1 0 1.000000
-14.479200 -26.802600 0 11.536600 4.923910 207.708000 440.126000 -13 2735 1 0 1.000000
-23.018700 -12.519800 0 -1.924070 14.344200 236.527000 440.501000 -13 2736 1 0 1.000000
-7.130070 -7.406470 0 1.457300 7.564530 231.781000 440.168000 -13 2737 1 0 1.000000
16.486100 -17.918900 0 -13.790500 -12.928700 234.634000 440.134000 -13 2738 1 0 1.000000
-15.043900 -29.400100 0 -20.126000 -18.648500 219.494000 440.113000 -13 2739 1 0 1.000000
-41.826800 8.720510 0 7.000640 -19.652100 236.980000 440.178000 -13 2740 1 0 1.000000
3.760690 -12.507900 0 -12.155400 1.080460 210.132000 439.997000 -13 2741 1 0 1.000000
-6.415340 -44.804000 0 3.750080 8.944640 207.205000 440.151000 -13 2742 1 0 1.000000
8.289390 17.688000 0 -20.044800 -4.406460 234.267000 440.228000 -13 2743 1 0 1.000000
-11.071500 -10.554400 0 -5.762320 1.136060 225.873000 440.064000 -13 2744 1 0 1.000000
-13.656200 -5.339440 0 5.373580 2.141790 217.226000 440.098000 -13 2745 1 0 1.000000
-2.558870 -7.394250 0 -2.950290 20.396600 218.740000 440.555000 -13 2746 1 0 1.000000
-1.109730 -11.503800 0 -11.300600 -7.721390 240.197000 440.366000 -13 2747 1 0 1.000000
-5.538610 -8.907110 0 -9.476920 -4.102260 218.991000 440.540000 -13 2748 1 0 1.000000
16.857400 3.960710 0 1.239850 6.598080 201.843000 440.113000 -13 2749 1 0 1.000000
-12.142600 -46.375300 0 -23.622800 34.322300 233.490000 440.176000 -13 2750 1 0 1.000000
-5.779560 -36.776700 0 -17.283500 11.242700 232.578000 440.580000 -13 2751 1 0 1.000000
-26.929500 -14.135600 0 2.982330 -2.787410 246.134000 440.129000 -13 2752 1 0 1.000000
-34.595800 3.976330 0 -18.422600 -5.214120 196.069000 440.603000 -13 2753 1 0 1.000000
-11.054800 -15.908000 0 8.933740 4.109760 224.975000 440.218000 -13 2754 1 0 1.000000
-13.238300 -17.730000 0 -0.398428 2.836570 214.810000 440.233000 -13 2755 1 0 1.000000
-8.276790 -2.393070 0 0.992157 2.261730 229.225000 440.324000 -13 2756 1 0 1.000000
13.915600 -11.357600 0 -4.191790 -10.619300 218.168000 440.145000 -13 2757 1 0 1.000000
-17.205000 -20.981800 0 -5.369120 0.476992 216.953000 440.704000 -13 2758 1 0 1.000000
17.489200 -10.132900 0 -15.593500 17.902700 241.337000 440.297000 -13 2759 1 0 1.000000
-2.555240 -11.587200 0 9.069540 2.705290 208.471000 440.111000 -13 2760 1 0 1.000000
-12.518300 2.124710 0 -3.488390 0.598487 221.865000 440.323000 -13 2761 1 0 1.000000
-31.631900 -12.151400 0 -4.586690 9.247370 233.667000 440.374000 -13 2762 1 0 1.000000
26.670900 -0.608671 0 7.624000 26.401700 207.312000 440.314000 -13 2763 1 0 1.000000
31.784000 -44.366400 0 -11.113200 -15.900100 228.221000 440.515000 -13 2764 1 0 1.000000
-28.697200 27.400700 0 -9.469660 13.856400 232.037000 440.262000 -13 2765 1 0 1.000000
-20.375800 -18.623700 0 6.531570 -9.922890 221.613000 440.151000 -13 2766 1 0 1.000000
1.882300 13.321100 0 -5.391120 -26.747300 225.629000 440.113000 -13 2767 1 0 1.000000
-3.015110 -13.729000 0 -6.151480 -1.556760 193.846000 440.184000 -13 2768 1 0 1.000000
-1.893690 -27.303800 0 -17.242800 12.070700 195.779000 440.294000 -13 2769 1 0 1.000000
2.514310 10.249500 0 -2.700570 -8.097690 192.888000 440.385000 -13 2770 1 0 1.000000
3.266250 -0.379206 0 7.609950 2.756260 186.754000 440.257000 -13 2771 1 0 1.000000
8.585400 17.055100 0 -10.175600 -12.700800 207.631000 440.138000 -13 2772 1 0 1.000000
-32.628500 -14.318700 0 16.977000 -0.115375 235.438000 440.077000 -13 2773 1 0 1.000000
28.530700 -39.539700 0 -3.649810 -26.055200 218.113000 440.275000 -13 2774 1 0 1.000000
-17.704700 2.193630 0 -28.496100 -18.662900 230.310000 439.971000 -13 2775 1 0 1.000000
-13.345100 -14.355700 0 -2.263340 14.168400 227.009000 440.167000 -13 2776 1 0 1.000000
-9.008970 -2.972800 0 -0.712686 5.815890 233.890000 440.417000 -13 2777 1 0 1.000000
5.173860 -30.640400 0 -6.076710 -11.071800 225.869000 440.224000 -13 2778 1 0 1.000000
-8.266200 -10.338700 0 25.585400 -27.408600 226.885000 440.656000 -13 2779 1 0 1.000000
-14.929000 2.056860 0 -3.004700 0.085368 208.160000 440.029000 -13 2780 1 0 1.000000
-6.652890 -34.250200 0 3.216470 -3.622700 231.392000 440.506000 -13 2781 1 0 1.000000
-14.418500 0.276552 0 1.906250 -4.475970 188.415000 440.528000 -13 2782 1 0 1.000000
-20.689500 -14.009600 0 11.765600 -9.447400 214.722000 440.271000 -13 2783 1 0 1.000000
-40.371000 -14.665100 0 1.556100 2.274050 226.683000 440.431000 -13 2784 1 0 1.000000
-16.417900 -9.931720 0 -18.104900 -15.032500 227.405000 440.381000 -13 2785 1 0 1.000000
-4.104420 -24.337700 0 9.077300 8.815150 211.734000 440.563000 -13 2786 1 0 1.000000
6.428520 -10.998300 0 -20.373800 -3.897510 226.175000 440.194000 -13 2787 1 0 1.000000
-10.436300 -2.790290 0 -15.417500 4.183170 208.303000 440.510000 -13 2788 1 0 1.000000
-1.622190 10.332000 0 1.678010 0.728728 226.553000 440.322000 -13 2789 1 0 1.000000
-13.896500 -15.719100 0 -4.611060 9.566440 194.189000 439.768000 -13 2790 1 0 1.000000
-26.912100 -17.213800 0 -4.301050 28.094100 237.771000 440.150000 -13 2791 1 0 1.000000
-11.897300 -1.800520 0 11.741800 10.538800 229.270000 440.195000 -13 2792 1 0 1.000000
-14.954600 6.431300 0 -3.221900 1.884640 210.965000 440.119000 -13 2793 1 0 1.000000
-9.887260 -22.075500 0 -23.879200 12.485300 192.515000 440.396000 -13 2794 1 0 1.000000
-25.426300 -10.519700 0 11.356900 11.476700 236.515000 440.445000 -13 2795 1 0 1.000000
20.176200 -14.406700 0 -6.116120 0.731396 193.606000 440.203000 -13 2796 1 0 1.000000
2.838250 -5.010830 0 15.874400 -14.141300 227.143000 440.863000 -13 2797 1 0 1.000000
-41.175100 -6.851280 0 9.622420 -10.664500 233.766000 440.366000 -13 2798 1 0 1.000000
17.728500 -34.460200 0 -13.330500 -0.075278 206.886000 440.425000 -13 2799 1 0 1.000000
-14.194000 -7.410830 0 5.148210 -7.516740 194.629000 440.276000 -13 2800 1 0 1.000000
11.193200 -28.493000 0 -2.650200 -2.406480 209.622000 440.274000 -13 2801 1 0 1.000000
-1.447070 1.878920 0 3.036280 -11.943100 191.844000 440.274000 -13 2802 1 0 1.000000
13.423100 -17.458100 0 -9.360960 -3.021840 196.710000 440.306000 -13 2803 1 0 1.000000
-9.956770 6.028260 0 -1.636670 -15.244700 196.200000 440.222000 -13 2804 1 0 1.000000
20.360200 18.862400 0 5.929390 -12.506200 203.784000 440.288000 -13 2805 1 0 1.000000
-10.612700 -21.658900 0 3.955630 6.816700 197.677000 440.207000 -13 2806 1 0 1.000000
7.361060 -22.603400 0 1.314180 10.825700 191.078000 440.052000 -13 2807 1 0 1.000000
-29.341700 -19.244900 0 0.973649 26.936400 181.016000 437.412000 -13 2808 1 0 1.000000
25.684100 -30.585000 0 -20.743200 -9.567160 209.114000 437.683000 -13 2809 1 0 1.000000
2.788210 -32.723000 0 9.408160 -5.733210 229.251000 437.635000 -13 2810 1 0 1.000000
6.297770 5.818760 0 5.148290 24.025800 212.653000 438.057000 -13 2811 1 0 1.000000
-39.338800 -9.385990 0 -3.260820 -22.938600 229.664000 437.549000 -13 2812 1 0 1.000000
-13.279500 -15.976900 0 2.877350 15.958300 197.943000 437.798000 -13 2813 1 0 1.000000
-41.338100 15.633700 0 12.984700 6.504460 232.633000 440.724000 -13 2814 1 0 1.000000
14.433300 -44.851300 0 -4.229290 1.961910 192.640000 440.457000 -13 2815 1 0 1.000000
7.243040 -8.774740 0 8.199980 -5.361410 241.381000 440.378000 -13 2816 1 0 1.000000
5.822320 6.186750 0 -2.196680 -24.633400 194.239000 440.256000 -13 2817 1 0 1.000000
-12.832300 -7.712720 0 -9.229370 10.159500 189.362000 440.247000 -13 2818 1 0 1.000000
8.195040 -12.839600 0 -5.200790 -10.981600 193.588000 440.080000 -13 2819 1 0 1.000000
-5.648310 -21.389800 0 16.525600 6.361640 193.202000 440.129000 -13 2820 1 0 1.000000
10.953500 -20.931600 0 -2.194350 -5.354060 185.727000 440.234000 -13 2821 1 0 1.000000
14.968000 -21.008500 0 11.671200 0.779963 184.303000 440.224000 -13 2822 1 0 1.000000
-6.467160 -5.119350 0 -2.932830 -14.610400 199.103000 440.005000 -13 2823 1 0 1.000000
1.268940 -22.971800 0 1.395670 1.779020 185.411000 440.256000 -13 2824 1 0 1.000000
-4.209910 -2.972960 0 6.879560 -7.719670 187.077000 440.016000 -13 2825 1 0 1.000000
-41.583600 -7.635890 0 -5.902870 -6.583490 203.996000 440.106000 -13 2826 1 0 1.000000
-4.375360 -10.258100 0 -6.745700 14.656800 221.786000 440.113000 -13 2827 1 0 1.000000
-10.236100 -27.553900 0 9.929740 19.161300 227.545000 440.196000 -13 2828 1 0 1.000000
-26.982400 -20.888500 0 5.488810 19.009200 221.812000 440.030000 -13 2829 1 0 1.000000
-5.112590 -15.652600 0 4.130010 -19.871500 224.787000 440.541000 -13 2830 1 0 1.000000
-10.445400 -16.356300 0 -13.802000 9.864600 220.044000 440.116000 -13 2831 1 0 1.000000
-26.328400 -30.592300 0 11.210600 1.134770 211.396000 440.178000 -13 2832 1 0 1.000000
-4.259740 -74.235000 0 10.924500 23.074200 231.460000 440.345000 -13 2833 1 0 1.000000
-13.839800 -7.595940 0 21.620500 3.127090 230.221000 440.245000 -13 2834 1 0 1.000000
-24.370700 15.973400 0 16.419300 1.274820 217.378000 440.331000 -13 2835 1 0 1.000000
-16.147200 -9.967070 0 7.779450 -6.445170 203.186000 440.317000 -13 2836 1 0 1.000000
-1.714130 -20.704000 0 -17.224400 9.498280 206.596000 440.298000 -13 2837 1 0 1.000000
-13.383700 -20.296700 0 5.159930 4.251730 206.452000 440.452000 -13 2838 1 0 1.000000
28.361100 40.926100 0 -3.346950 -18.866100 199.667000 440.659000 -13 2839 1 0 1.000000
3.815660 -17.174200 0 -13.334800 3.518030 180.482000 440.362000 -13 2840 1 0 1.000000
6.970860 -32.727800 0 -3.035670 2.074050 214.877000 440.362000 -13 2841 1 0 1.000000
-14.347300 -18.773000 0 -7.587000 -6.553860 200.284000 440.416000 -13 2842 1 0 1.000000
4.119990 -50.795300 0 -9.906890 17.022400 183.948000 440.595000 -13 2843 1 0 1.000000
-4.138000 -3.550580 0 4.293530 -12.382700 184.205000 440.267000 -13 2844 1 0 1.000000
-17.324200 8.705610 0 13.707200 -18.834200 222.532000 440.476000 -13 2845 1 0 1.000000
-13.088300 -7.979660 0 -0.786182 -0.529303 200.518000 440.536000 -13 2846 1 0 1.000000
-18.084700 6.360860 0 72.723500 19.189400 220.126000 439.906000 -13 2847 1 0 1.000000
-2.212340 3.891940 0 -16.996800 12.768500 172.982000 440.268000 -13 2848 1 0 1.000000
-26.442300 -12.550600 0 3.396550 1.412650 210.775000 440.623000 -13 2849 1 0 1.000000
-21.880600 -35.666900 0 5.054350 0.815195 193.481000 440.093000 -13 2850 1 0 1.000000
16.067700 -6.348230 0 -7.366130 4.619860 198.701000 440.264000 -13 2851 1 0 1.000000
9.502770 -31.201000 0 -4.285730 -1.453810 196.670000 440.194000 -13 2852 1 0 1.000000
13.034500 -20.540600 0 2.553180 3.088200 190.829000 440.286000 -13 2853 1 0 1.000000
-4.473690 -25.045700 0 -8.035310 16.357200 197.283000 440.297000 -13 2854 1 0 1.000000
-60.174200 8.207370 0 -15.414600 6.547520 227.733000 440.011000 -13 2855 1 0 1.000000
-9.161320 -25.776500 0 -21.981200 -44.865000 221.104000 440.386000 -13 2856 1 0 1.000000
-15.798400 -2.505940 0 -2.492510 9.307020 208.112000 440.310000 -13 2857 1 0 1.000000
13.825900 -35.824700 0 3.199430 -6.119260 193.554000 440.128000 -13 2858 1 0 1.000000
-7.913510 -0.712489 0 -2.301070 -6.094990 202.829000 440.386000 -13 2859 1 0 1.000000
-11.596400 4.460360 0 -4.482090 13.523800 218.299000 440.211000 -13 2860 1 0 1.000000
-24.143200 -5.661160 0 -8.475770 -4.133430 212.754000 440.296000 -13 2861 1 0 1.000000
-26.152100 0.698599 0 10.559100 16.270600 212.510000 440.265000 -13 2862 1 0 1.000000
-10.653300 -27.532900 0 4.603310 20.253300 204.510000 440.337000 -13 2863 1 0 1.000000
-8.557710 -15.169900 0 8.083910 -0.867864 209.733000 440.279000 -13 2864 1 0 1.000000
-2.039180 -8.803270 0 -2.070790 -1.287150 213.289000 440.332000 -13 2865 1 0 1.000000
1.866110 -4.614860 0 -6.725970 11.247900 209.874000 440.323000 -13 2866 1 0 1.000000
-16.611700 -17.929200 0 -8.350360 12.297700 211.900000 440.313000 -13 2867 1 0 1.000000
-5.537710 11.092200 0 -7.722460 -4.863200 214.062000 440.294000 -13 2868 1 0 1.000000
-9.755290 -47.139500 0 -2.563050 -2.557440 217.291000 440.073000 -13 2869 1 0 1.000000
23.062000 -19.945300 0 11.617500 -7.271510 219.153000 440.125000 -13 2870 1 0 1.000000
-5.931130 -8.177280 0 12.951000 -4.431950 226.556000 440.238000 -13 2871 1 0 1.000000
-15.466700 -7.915990 0 -2.793740 -4.544730 208.146000 440.136000 -13 2872 1 0 1.000000
-68.335600 10.764000 0 32.045200 7.176080 242.820000 440.770000 -13 2873 1 0 1.000000
-18.429100 19.027200 0 21.734800 3.027450 224.858000 440.350000 -13 2874 1 0 1.000000
12.706100 5.906330 0 -1.862130 -7.018630 221.289000 440.213000 -13 2875 1 0 1.000000
25.293700 -10.850600 0 23.057500 -22.928700 233.842000 440.335000 -13 2876 1 0 1.000000
9.296730 -12.962300 0 -6.683450 -3.034500 206.880000 440.053000 -13 2877 1 0 1.000000
2.068420 -10.163900 0 -18.772700 0.859598 221.053000 440.134000 -13 2878 1 0 1.000000
1.569120 -15.425100 0 -10.367000 -7.146630 198.248000 440.069000 -13 2879 1 0 1.000000
-36.699500 -18.776600 0 -7.465400 -1.342330 210.622000 440.205000 -13 2880 1 0 1.000000
-13.118300 -40.555800 0 6.400940 4.623670 213.590000 440.166000 -13 2881 1 0 1.000000
-18.896800 -25.590500 0 0.352073 15.479700 197.390000 440.094000 -13 2882 1 0 1.000000
-24.643400 -25.917200 0 18.591100 -0.230297 195.975000 440.198000 -13 2883 1 0 1.000000
-15.655400 -47.856200 0 -13.097400 0.202555 221.162000 440.159000 -13 2884 1 0 1.000000
-14.644500 -17.690800 0 2.839140 17.297300 193.284000 440.279000 -13 2885 1 0 1.000000
116.755000 -43.492100 0 -33.201600 -0.612037 307.965000 440.006000 -13 2886 1 0 1.000000
1.227390 -17.583000 0 -1.441330 4.441390 201.739000 440.127000 -13 2887 1 0 1.000000
5.170680 -25.548600 0 10.641900 -26.116100 197.697000 440.236000 -13 2888 1 0 1.000000
1.216020 -13.040500 0 3.253860 1.340570 210.342000 440.058000 -13 2889 1 0 1.000000
-20.535100 -6.310230 0 10.860700 0.434628 229.934000 440.103000 -13 2890 1 0 1.000000
-26.878300 9.823960 0 2.116950 -10.953000 220.952000 440.196000 -13 2891 1 0 1.000000
-5.415010 1.084340 0 -4.561770 -4.066260 210.717000 440.073000 -13 2892 1 0 1.000000
-25.011000 -14.908200 0 16.941200 -8.372490 216.690000 440.142000 -13 2893 1 0 1.000000
-12.542500 2.058750 0 -15.814700 10.021500 218.510000 440.143000 -13 2894 1 0 1.000000
-9.232650 -1.997760 0 6.435260 -2.568490 226.170000 440.153000 -13 2895 1 0 1.000000
-22.069400 -17.622600 0 5.196980 -11.376900 202.880000 440.127000 -13 2896 1 0 1.000000
-23.086300 -12.125600 0 12.364700 -5.408650 211.929000 440.395000 -13 2897 1 0 1.000000
-6.781850 -15.729700 0 14.104400 -9.851410 205.818000 440.340000 -13 2898 1 0 1.000000
-52.313000 -13.295800 0 -30.893600 4.436640 211.511000 440.371000 -13 2899 1 0 1.000000
-31.561900 -7.902580 0 6.849060 -10.227900 213.572000 440.433000 -13 2900 1 0 1.000000
-6.002690 -18.967200 0 12.446400 -4.312790 208.586000 440.243000 -13 2901 1 0 1.000000
-6.947940 -9.675290 0 3.155900 12.399200 205.991000 440.434000 -13 2902 1 0 1.000000
2.276190 -0.001878 0 -5.965590 -14.417100 169.920000 440.330000 -13 2903 1 0 1.000000
-3.743160 1.268550 0 -16.918500 -18.035800 197.409000 440.257000 -13 2904 1 0 1.000000
14.833500 -17.197700 0 -6.675360 3.323760 204.942000 440.390000 -13 2905 1 0 1.000000
3.557260 -35.267900 0 -40.715500 -16.038600 197.630000 440.236000 -13 2906 1 0 1.000000
1.916600 -33.300500 0 -17.857400 3.327240 195.313000 440.068000 -13 2907 1 0 1.000000
6.243820 -21.624600 0 -9.640200 -5.832900 191.661000 440.198000 -13 2908 1 0 1.000000
-13.132900 14.806900 0 17.197200 4.033440 205.716000 440.384000 -13 2909 1 0 1.000000
3.766640 -7.855520 0 12.672700 3.501040 203.448000 439.964000 -13 2910 1 0 1.000000
10.117600 -2.960330 0 -5.011250 -5.407210 189.379000 440.308000 -13 2911 1 0 1.000000
32.814900 -37.163400 0 -14.924900 1.643620 212.154000 439.994000 -13 2912 1 0 1.000000
-0.996330 7.100530 0 12.816300 -12.582600 226.125000 439.911000 -13 2913 1 0 1.000000
-1.050030 0.229613 0 3.151450 -5.036800 186.226000 440.151000 -13 2914 1 0 1.000000
15.482400 -4.964770 0 -7.897560 -17.438900 191.936000 440.271000 -13 2915 1 0 1.000000
23.001900 -13.475300 0 1.933570 -3.800180 192.405000 440.268000 -13 2916 1 0 1.000000
-14.500200 -13.719800 0 3.999960 -4.089670 225.934000 440.403000 -13 2917 1 0 1.000000
-50.516100 -0.642740 0 16.545100 -19.262500 228.286000 439.874000 -13 2918 1 0 1.000000
-42.785300 3.560120 0 -11.257000 -6.912010 224.582000 440.089000 -13 2919 1 0 1.000000
-21.600100 -7.176380 0 -6.363810 -7.997160 222.452000 440.485000 -13 2920 1 0 1.000000
-29.730900 18.514500 0 -6.390710 -18.455500 223.577000 440.651000 -13 2921 1 0 1.000000
-12.594200 -11.937900 0 10.371000 -4.551360 219.975000 440.537000 -13 2922 1 0 1.000000
-8.285870 67.124900 0 13.536100 -33.356200 210.120000 440.237000 -13 2923 1 0 1.000000
-27.579200 -15.904500 0 -3.005620 2.423140 233.360000 440.249000 -13 2924 1 0 1.000000
-20.467600 -29.014000 0 -3.696410 -4.470430 223.827000 440.230000 -13 2925 1 0 1.000000
27.056200 -30.688600 0 -20.889200 -1.562870 197.822000 440.288000 -13 2926 1 0 1.000000
-36.149200 16.028800 0 -14.988500 -5.522030 198.532000 440.429000 -13 2927 1 0 1.000000
26.030300 -7.412140 0 -9.016990 -7.064780 218.529000 440.409000 -13 2928 1 0 1.000000
-22.109200 -5.740030 0 -17.195500 9.046550 205.007000 440.385000 -13 2929 1 0 1.000000
-12.716500 -7.297590 0 -6.867090 9.608460 222.095000 440.271000 -13 2930 1 0 1.000000
31.772300 -28.859900 0 -1.019470 1.465490 197.933000 439.987000 -13 2931 1 0 1.000000
-30.080600 -27.527200 0 -3.944550 -15.997800 207.768000 440.059000 -13 2932 1 0 1.000000
0.042764 -29.724300 0 -24.146600 -7.630600 206.694000 440.280000 -13 2933 1 0 1.000000
-11.572300 -18.093900 0 3.575390 -5.493790 211.014000 440.400000 -13 2934 1 0 1.000000
-14.552000 -14.798300 0 9.064640 12.359400 211.255000 440.437000 -13 2935 1 0 1.000000
-10.902800 -33.411900 0 -12.263700 2.658350 213.420000 440.244000 -13 2936 1 0 1.000000
-14.909100 -8.205610 0 -15.504700 4.879140 203.031000 440.298000 -13 2937 1 0 1.000000
-18.444900 15.161700 0 -1.606470 -10.183200 208.060000 440.225000 -13 2938 1 0 1.000000
-23.634100 -0.305111 0 -0.076936 -6.298500 225.534000 440.353000 -13 2939 1 0 1.000000
-25.726200 -7.496880 0 -1.356760 4.124880 208.594000 440.306000 -13 2940 1 0 1.000000
-30.423000 -2.291030 0 -3.797580 3.136370 217.606000 440.477000 -13 2941 1 0 1.000000
-26.478800 -15.313100 0 7.862270 12.230000 191.364000 440.041000 -13 2942 1 0 1.000000
-23.230500 -19.602300 0 2.053320 10.101200 207.275000 440.213000 -13 2943 1 0 1.000000
-19.611100 -1.994730 0 9.663370 5.311250 223.187000 440.206000 -13 2944 1 0 1.000000
-19.002100 1.999420 0 8.645760 6.603320 205.986000 440.214000 -13 2945 1 0 1.000000
-10.501600 -13.491300 0 -0.941373 -0.281106 202.628000 440.428000 -13 2946 1 0 1.000000
-16.083700 27.432100 0 11.476400 2.164850 212.419000 440.335000 -13 2947 1 0 1.000000
30.759700 3.920390 0 -10.797100 -21.242600 221.900000 440.245000 -13 2948 1 0 1.000000
17.330700 -4.511860 0 -6.155660 -6.034250 204.956000 440.321000 -13 2949 1 0 1.000000
5.405120 -18.082500 0 6.552890 -1.564510 190.000000 440.602000 -13 2950 1 0 1.000000
-18.490600 -8.145000 0 12.998800 1.821370 225.577000 440.404000 -13 2951 1 0 1.000000
-9.153810 -15.655700 0 13.694600 19.472700 213.454000 440.481000 -13 2952 1 0 1.000000
-18.905200 6.614020 0 -1.431510 11.341700 236.620000 440.392000 -13 2953 1 0 1.000000
-12.226000 -11.465600 0 15.607600 26.232000 213.453000 440.620000 -13 2954 1 0 1.000000
-6.998270 -49.384800 0 -0.493695 2.800580 201.332000 440.526000 -13 2955 1 0 1.000000
-39.836300 -15.288700 0 -22.292800 5.194700 215.542000 440.588000 -13 2956 1 0 1.000000
-24.429300 -2.943980 0 -8.824010 -1.385400 204.430000 440.552000 -13 2957 1 0 1.000000
-34.634400 -29.949600 0 38.741300 20.201000 221.098000 440.714000 -13 2958 1 0 1.000000
-9.139480 -28.773900 0 18.683600 10.481800 200.448000 440.190000 -13 2959 1 0 1.000000
11.828200 -3.002990 0 -2.714960 -8.789810 201.662000 440.259000 -13 2960 1 0 1.000000
-13.415800 -10.722600 0 3.911100 12.301600 200.883000 440.255000 -13 2961 1 0 1.000000
-29.128100 -23.637600 0 15.653200 4.897960 205.854000 440.205000 -13 2962 1 0 1.000000
-25.867100 -27.788400 0 -4.680760 -3.402660 202.014000 440.158000 -13 2963 1 0 1.000000
-24.437700 -7.726670 0 24.994600 1.852710 233.939000 440.135000 -13 2964 1 0 1.000000
-23.150600 5.460810 0 13.332500 -1.349460 201.904000 440.405000 -13 2965 1 0 1.000000
-9.571970 -31.706400 0 1.651120 2.433760 200.739000 440.165000 -13 2966 1 0 1.000000
-4.294490 -16.157900 0 15.418200 12.881000 199.194000 440.339000 -13 2967 1 0 1.000000
22.184400 -21.176400 0 -20.743100 -28.153100 210.869000 440.245000 -13 2968 1 0 1.000000
31.007300 7.089260 0 -11.038800 -8.055030 204.662000 440.561000 -13 2969 1 0 1.000000
11.760300 -6.099340 0 5.899580 -11.628400 192.482000 440.525000 -13 2970 1 0 1.000000
-36.074100 5.388480 0 -7.291990 -6.604270 191.622000 440.500000 -13 2971 1 0 1.000000
-59.288900 12.101400 0 -10.171400 18.589000 219.728000 440.726000 -13 2972 1 0 1.000000
-17.977700 12.472800 0 -2.629840 -0.997690 213.784000 440.422000 -13 2973 1 0 1.000000
0.472073 -9.643960 0 3.429320 -6.190310 212.585000 440.417000 -13 2974 1 0 1.000000
-28.075400 -0.173474 0 -3.037520 -14.663400 213.429000 440.409000 -13 2975 1 0 1.000000
-15.086200 -20.613900 0 25.980200 -12.797200 202.431000 440.246000 -13 2976 1 0 1.000000
-18.001300 16.170700 0 19.150900 -14.775700 224.028000 440.473000 -13 2977 1 0 1.000000
16.791400 -1.729630 0 -5.173530 -0.434215 222.042000 440.447000 -13 2978 1 0 1.000000
39.233200 -27.389900 0 -10.212000 1.571420 232.913000 440.670000 -13 2979 1 0 1.000000
-24.697700 -18.268600 0 31.673900 -14.992700 192.979000 440.552000 -13 2980 1 0 1.000000
-32.075700 1.098750 0 0.718898 10.435500 235.042000 440.231000 -13 2981 1 0 1.000000
-15.686000 -2.370540 0 0.190247 -1.838190 217.264000 440.230000 -13 2982 1 0 1.000000
-10.336900 -24.608900 0 4.900820 5.731990 214.995000 440.096000 -13 2983 1 0 1.000000
-3.017200 -44.702300 0 -16.413500 4.052480 223.406000 440.674000 -13 2984 1 0 1.000000
12.428900 0.464186 0 -0.279670 -5.687730 227.509000 440.327000 -13 2985 1 0 1.000000
19.430500 28.956700 0 6.503440 -19.338200 209.690000 440.185000 -13 2986 1 0 1.000000
24.205300 -13.078500 0 3.646180 12.556100 213.642000 440.369000 -13 2987 1 0 1.000000
3.542180 -5.000840 0 -7.472420 13.735100 197.317000 440.255000 -13 2988 1 0 1.000000
-1.644110 -20.314500 0 -12.243000 -12.807900 194.241000 440.346000 -13 2989 1 0 1.000000
-18.109200 -20.115300 0 -3.824790 11.726300 200.832000 440.316000 -13 2990 1 0 1.000000
-6.293870 4.115110 0 -2.687820 -17.104600 192.281000 440.198000 -13 2991 1 0 1.000000
-7.820610 -36.031800 0 -28.787600 4.720380 205.713000 440.265000 -13 2992 1 0 1.000000
11.579100 -4.444960 0 2.864770 21.645600 198.151000 440.309000 -13 2993 1 0 1.000000
18.970500 -23.594200 0 -21.408100 15.617800 194.008000 440.259000 -13 2994 1 0 1.000000
-28.165400 -20.636100 0 -17.139900 19.949900 208.540000 440.141000 -13 2995 1 0 1.000000
-9.494050 -4.393080 0 -11.377600 8.729120 215.335000 440.207000 -13 2996 1 0 1.000000
-3.520190 -37.982600 0 -8.522590 14.092000 216.915000 440.271000 -13 2997 1 0 1.000000
-26.204700 -8.552850 0 -2.685120 -18.549500 206.123000 440.209000 -13 2998 1 0 1.000000
-24.400800 -35.615200 0 -4.697350 2.288940 192.043000 440.176000 -13 2999 1 0 1.000000
-26.581400 -21.306200 0 -1.072600 19.738000 205.443000 440.344000 -13 3000 1 0 1.000000
4.074870 -14.420300 0 1.654400 0.271834 205.818000 440.346000 -13 3001 1 0 1.000000
-8.638240 -9.152580 0 -0.319612 -0.566904 207.812000 440.176000 -13 3002 1 0 1.000000
-5.964540 -4.489480 0 -9.331450 15.585900 203.059000 440.132000 -13 3003 1 0 1.000000
-24.226200 -26.631400 0 -16.890700 10.081900 220.050000 440.104000 -13 3004 1 0 1.000000
-0.277556 -26.452900 0 4.174690 2.217840 217.873000 440.344000 -13 3005 1 0 1.000000
-12.656700 13.260500 0 -20.750000 -3.418670 205.685000 440.151000 -13 3006 1 0 1.000000
-16.247700 -4.232350 0 -19.842600 0.937763 212.930000 440.072000 -13 3007 1 0 1.000000
-5.761630 -23.921100 0 -2.895010 10.145600 207.659000 440.273000 -13 3008 1 0 1.000000
-16.018300 -24.079400 0 -10.587900 -4.051850 211.888000 440.253000 -13 3009 1 0 1.000000
-7.634700 -30.790500 0 19.063200 -18.096200 221.712000 440.354000 -13 3010 1 0 1.000000
-0.124280 -17.205600 0 6.757950 5.762160 204.223000 440.144000 -13 3011 1 0 1.000000
-12.285400 -16.960800 0 -25.932700 -10.709100 215.245000 440.230000 -13 3012 1 0 1.000000
-33.981100 5.454250 0 -24.891000 10.307800 234.995000 440.154000 -13 3013 1 0 1.000000
7.089330 -22.619500 0 -9.744060 -12.651500 220.338000 439.928000 -13 3014 1 0 1.000000
-14.575200 -4.937220 0 30.936400 13.962400 197.233000 440.497000 -13 3015 1 0 1.000000
3.276300 -12.472400 0 2.146670 -7.129350 197.419000 440.487000 -13 3016 1 0 1.000000
-8.807810 4.012190 0 9.770980 -9.864310 196.021000 440.546000 -13 3017 1 0 1.000000
-26.472500 -11.932900 0 -15.648500 8.105500 197.731000 440.401000 -13 3018 1 0 1.000000
-2.973780 -4.883800 0 3.411040 -5.568780 198.466000 440.395000 -13 3019 1 0 1.000000
-4.475680 -41.352900 0 6.332490 -4.258680 186.472000 440.381000 -13 3020 1 0 1.000000
0.492015 -20.171500 0 25.342400 14.443400 215.859000 439.974000 -13 3021 1 0 1.000000
4.847300 -21.599600 0 -11.766200 12.131700 240.583000 440.428000 -13 3022 1 0 1.000000
-15.255700 -25.012800 0 -3.963670 -6.256950 191.924000 439.967000 -13 3023 1 0 1.000000
67.545900 -16.330100 0 -32.572500 -7.925300 209.851000 440.282000 -13 3024 1 0 1.000000
-0.967407 -31.897700 0 1.043850 -0.199336 212.256000 440.081000 -13 3025 1 0 1.000000
12.198700 8.210100 0 -17.374200 10.833300 206.340000 440.242000 -13 3026 1 0 1.000000
-11.231300 -19.496800 0 -6.127430 -5.736010 202.192000 440.144000 -13 3027 1 0 1.000000
-11.140400 22.175300 0 3.496410 3.262630 205.176000 440.252000 -13 3028 1 0 1.000000
27.486300 6.516840 0 -6.317710 8.198470 194.071000 440.168000 -13 3029 1 0 1.000000
0.447771 -36.323500 0 -14.913500 -1.871230 205.162000 440.144000 -13 3030 1 0 1.000000
-20.816600 -7.757500 0 -1.977650 3.314480 207.415000 440.128000 -13 3031 1 0 1.000000
34.960900 -20.580200 0 -10.266600 -2.600090 219.902000 440.093000 -13 3032 1 0 1.000000
-12.058100 10.330200 0 19.107900 18.183100 221.501000 440.276000 -13 3033 1 0 1.000000
16.527400 -28.787700 0 3.705220 -14.836400 214.939000 440.091000 -13 3034 1 0 1.000000
-24.430800 -48.133600 0 7.222410 13.773500 247.087000 440.065000 -13 3035 1 0 1.000000
-27.669200 2.288660 0 6.203380 -9.047340 193.007000 440.467000 -13 3036 1 0 1.000000
18.016400 -20.183500 0 -2.987510 -6.383120 189.882000 440.501000 -13 3037 1 0 1.000000
-3.594900 27.640300 0 0.386159 -29.055200 208.707000 440.721000 -13 3038 1 0 1.000000
0.797579 -19.639200 0 2.687250 13.911700 216.480000 440.462000 -13 3039 1 0 1.000000
-3.034910 -9.667830 0 18.755000 2.641580 205.536000 440.618000 -13 3040 1 0 1.000000
-61.408600 -24.583300 0 -0.074208 -10.553100 234.347000 440.270000 -13 3041 1 0 1.000000
1.766380 0.488705 0 -5.556300 8.386650 222.106000 440.326000 -13 3042 1 0 1.000000
-13.370800 -6.214890 0 -10.318900 -2.613920 223.270000 440.206000 -13 3043 1 0 1.000000
-5.115150 -13.162100 0 -1.609770 -4.774350 226.011000 440.299000 -13 3044 1 0 1.000000
36.422100 7.061710 0 -13.877700 2.745930 207.645000 440.310000 -13 3045 1 0 1.000000
11.569500 -20.115000 0 0.283950 -4.275920 220.358000 440.324000 -13 3046 1 0 1.000000
-20.671700 31.897500 0 17.352800 37.329700 198.021000 440.518000 -13 3047 1 0 1.000000
-3.357090 -1.698240 0 10.890800 -8.523340 188.460000 439.776000 -13 3048 1 0 1.000000
28.538600 -26.285700 0 9.379710 -11.480400 199.716000 440.272000 -13 3049 1 0 1.000000
-26.768200 -8.261120 0 5.752760 -0.711139 224.614000 440.280000 -13 3050 1 0 1.000000
-9.004710 -4.550700 0 0.115407 -11.345800 203.659000 440.657000 -13 3051 1 0 1.000000
2.963450 -0.391038 0 10.114600 -15.123600 212.764000 440.531000 -13 3052 1 0 1.000000
-2.685610 -9.696310 0 -20.022400 0.249417 222.412000 440.554000 -13 3053 1 0 1.000000
-23.762500 -6.244910 0 -15.644000 1.819410 186.250000 440.359000 -13 3054 1 0 1.000000
-2.567430 -18.260300 0 -2.171810 -11.049800 194.254000 440.492000 -13 3055 1 0 1.000000
-11.345000 2.556560 0 5.154970 -2.614540 186.440000 440.312000 -13 3056 1 0 1.000000
-2.445650 -35.599200 0 -1.977330 -32.715100 197.419000 439.826000 -13 3057 1 0 1.000000
-1.845950 -20.885400 0 -16.349100 -5.088220 215.378000 440.588000 -13 3058 1 0 1.000000
-23.353500 -10.836700 0 -6.789310 11.565600 223.922000 440.343000 -13 3059 1 0 1.000000
15.355500 -28.128900 0 -19.423200 -20.106700 210.395000 440.335000 -13 3060 1 0 1.000000
-17.775500 3.824690 0 7.223560 -15.439900 226.972000 440.504000 -13 3061 1 0 1.000000
-30.181200 38.169600 0 -2.369500 6.846710 230.087000 440.330000 -13 3062 1 0 1.000000
-10.975300 -11.353600 0 8.507860 1.799640 222.230000 440.179000 -13 3063 1 0 1.000000
-1.764710 -12.474200 0 19.461700 -7.180460 221.138000 440.344000 -13 3064 1 0 1.000000
-22.401500 0.419785 0 2.900640 16.784800 232.703000 440.330000 -13 3065 1 0 1.000000
10.310500 -18.975800 0 28.338300 -35.369400 198.239000 440.423000 -13 3066 1 0 1.000000
-1.117710 10.917600 0 -4.400320 8.292020 223.857000 440.416000 -13 3067 1 0 1.000000
12.935300 -29.484800 0 5.008640 -4.440730 223.430000 440.457000 -13 3068 1 0 1.000000
-10.914300 -12.228600 0 20.618800 7.092050 196.853000 440.683000 -13 3069 1 0 1.000000
1.988320 -3.053940 0 -6.413320 15.050600 201.389000 440.517000 -13 3070 1 0 1.000000
-0.971880 -43.345500 0 7.116280 24.613800 221.246000 440.522000 -13 3071 1 0 1.000000
6.281310 -22.876900 0 -33.776300 -21.562000 235.734000 440.221000 -13 3072 1 0 1.000000
5.696850 6.025990 0 -9.886530 -29.683500 182.460000 440.493000 -13 3073 1 0 1.000000
-14.730900 -13.539000 0 31.856200 16.488300 213.145000 440.580000 -13 3074 1 0 1.000000
9.352130 -5.551110 0 -22.080700 1.420860 226.340000 440.251000 -13 3075 1 0 1.000000
-15.860900 -25.281000 0 7.346780 -20.445300 197.054000 440.096000 -13 3076 1 0 1.000000
16.588200 5.906270 0 17.788100 -15.400600 208.916000 440.251000 -13 3077 1 0 1.000000
-16.237100 -23.056100 0 -4.988660 4.309760 201.827000 440.241000 -13 3078 1 0 1.000000
-22.097800 -20.322800 0 -13.009200 3.949790 200.659000 440.299000 -13 3079 1 0 1.000000
16.656100 -5.556620 0 1.065860 -15.734500 189.797000 440.313000 -13 3080 1 0 1.000000
-18.649200 -11.116000 0 0.925243 -12.093800 202.781000 440.339000 -13 3081 1 0 1.000000
-3.133680 -6.698090 0 1.128410 -15.017200 201.155000 440.244000 -13 3082 1 0 1.000000
-16.584200 -25.488600 0 -18.712600 -1.272640 208.664000 440.248000 -13 3083 1 0 1.000000
-15.403700 -31.404400 0 -3.234740 2.738100 213.723000 440.299000 -13 3084 1 0 1.000000
24.170200 7.960450 0 -3.782990 -2.907590 206.269000 440.249000 -13 3085 1 0 1.000000
16.109900 -12.118400 0 3.123780 -11.977300 209.586000 440.272000 -13 3086 1 0 1.000000
-15.930900 -8.482530 0 -22.545400 -20.318600 212.260000 440.305000 -13 3087 1 0 1.000000
1.672670 -9.020960 0 9.189690 -19.791200 214.689000 440.259000 -13 3088 1 0 1.000000
16.112400 -2.138130 0 -3.339320 -6.694690 207.189000 440.299000 -13 3089 1 0 1.000000
-11.968400 -17.655500 0 -20.585900 -20.342500 216.328000 440.321000 -13 3090 1 0 1.000000
-15.672000 -12.999900 0 3.666720 21.758200 216.275000 440.233000 -13 3091 1 0 1.000000
4.695600 -5.231090 0 -20.516000 3.772140 199.021000 440.246000 -13 3092 1 0 1.000000
30.761900 14.251100 0 -17.156400 8.535780 221.432000 440.632000 -13 3093 1 0 1.000000
-12.468800 -25.111900 0 -1.590340 -3.052710 205.095000 440.348000 -13 3094 1 0 1.000000
-19.938800 -26.399500 0 12.206600 5.827290 209.342000 440.364000 -13 3095 1 0 1.000000
8.101080 -25.769900 0 -40.539900 1.361210 235.194000 440.485000 -13 3096 1 0 1.000000
12.245000 -17.667800 0 -28.039600 4.190820 208.645000 440.468000 -13 3097 1 0 1.000000
-19.695000 -37.000800 0 9.826510 35.498400 214.340000 440.132000 -13 3098 1 0 1.000000
-28.436100 1.789020 0 -1.396030 14.651000 228.692000 440.137000 -13 3099 1 0 1.000000
-21.952500 -12.906300 0 6.158000 -1.547590 225.986000 440.212000 -13 3100 1 0 1.000000
10.034400 -12.653800 0 -4.978940 -30.249600 225.061000 440.635000 -13 3101 1 0 1.000000
-7.443550 -32.404700 0 -23.581400 -18.265900 198.344000 439.927000 -13 3102 1 0 1.000000
-10.409300 7.401500 0 8.083380 5.009820 228.448000 440.227000 -13 3103 1 0 1.000000
-19.842700 -25.943800 0 14.939600 -31.997700 212.653000 440.104000 -13 3104 1 0 1.000000
-30.412400 13.026000 0 -12.543800 -8.749400 197.942000 440.186000 -13 3105 1 0 1.000000
-9.060750 -13.330200 0 10.454400 2.465540 199.176000 440.134000 -13 3106 1 0 1.000000
-12.851300 -1.859270 0 -16.806500 -3.895330 205.122000 440.127000 -13 3107 1 0 1.000000
-20.005500 -0.272693 0 8.375860 -6.222370 196.850000 440.149000 -13 3108 1 0 1.000000
-3.297200 -15.363100 0 12.849300 12.625300 197.850000 440.132000 -13 3109 1 0 1.000000
0.163698 -21.857300 0 -9.517270 -11.276500 203.958000 440.216000 -13 3110 1 0 1.000000
-27.016300 13.229000 0 -0.867303 -8.310370 199.479000 440.384000 -13 3111 1 0 1.000000
-31.109000 -17.418500 0 -4.189840 -2.712100 205.398000 440.190000 -13 3112 1 0 1.000000
-32.429900 -45.649500 0 5.134180 1.779620 231.760000 440.288000 -13 3113 1 0 1.000000
-9.216040 -30.433200 0 -0.496935 16.667900 207.450000 440.460000 -13 3114 1 0 1.000000
-47.274700 10.032200 0 -3.514530 45.965800 227.640000 440.021000 -13 3115 1 0 1.000000
-29.323800 -14.048700 0 -13.838600 3.152030 219.703000 440.764000 -13 3116 1 0 1.000000
5.418680 -8.916040 0 6.870290 -7.862390 192.556000 440.563000 -13 3117 1 0 1.000000
-2.216450 -29.557700 0 -1.981650 -7.891500 222.848000 440.317000 -13 3118 1 0 1.000000
-12.076200 0.700181 0 8.132680 6.844820 201.504000 440.292000 -13 3119 1 0 1.000000
-2.168250 -21.021700 0 1.719570 3.858340 210.393000 440.292000 -13 3120 1 0 1.000000
-39.502400 1.160850 0 -19.360000 -17.715800 215.484000 440.209000 -13 3121 1 0 1.000000
-7.664750 -15.571800 0 5.501580 10.134100 211.020000 440.293000 -13 3122 1 0 1.000000
-17.547400 2.119850 0 13.495500 -5.943760 225.299000 440.210000 -13 3123 1 0 1.000000
-27.506800 1.581710 0 -1.455730 -4.177180 211.259000 440.241000 -13 3124 1 0 1.000000
-20.120700 -19.174800 0 2.017310 -14.621900 210.531000 440.349000 -13 3125 1 0 1.000000
19.590600 26.932400 0 19.021000 -8.133650 226.097000 440.452000 -13 3126 1 0 1.000000
-22.683100 5.691720 0 24.433900 -10.601700 226.875000 440.463000 -13 3127 1 0 1.000000
0.278857 -43.754100 0 -8.430920 14.294600 225.016000 440.235000 -13 3128 1 0 1.000000
12.586700 -11.317100 0 -12.566700 6.225220 222.453000 440.222000 -13 3129 1 0 1.000000
-0.400845 -46.295300 0 18.316700 -10.964900 220.543000 440.336000 -13 3130 1 0 1.000000
7.277960 -5.778530 0 -5.450900 17.928900 225.863000 440.394000 -13 3131 1 0 1.000000
-0.423022 -31.434400 0 -7.600240 -6.893960 235.158000 440.206000 -13 3132 1 0 1.000000
5.804940 -15.366100 0 5.994910 17.989100 218.612000 440.287000 -13 3133 1 0 1.000000
-8.373270 -0.917582 0 6.465610 5.214520 230.959000 440.363000 -13 3134 1 0 1.000000
-10.656200 23.616800 0 -6.714360 -2.094740 222.168000 440.356000 -13 3135 1 0 1.000000
-3.539910 18.205600 0 -19.159700 15.421800 222.859000 440.263000 -13 3136 1 0 1.000000
-9.646180 8.906940 0 18.338700 -0.792004 216.995000 440.310000 -13 3137 1 0 1.000000
-3.694080 6.956470 0 -24.113600 19.452700 219.011000 440.180000 -13 3138 1 0 1.000000
4.905730 -18.417200 0 17.523500 -22.556300 212.702000 440.597000 -13 3139 1 0 1.000000
-5.037390 -19.809600 0 5.393860 -15.940500 232.791000 440.305000 -13 3140 1 0 1.000000
-25.367800 42.610800 0 -12.832800 -2.635310 239.668000 440.302000 -13 3141 1 0 1.000000
-10.427500 -14.852100 0 13.967300 12.598200 204.524000 440.147000 -13 3142 1 0 1.000000
-33.831400 19.304500 0 5.303530 -18.824800 227.294000 440.457000 -13 3143 1 0 1.000000
-20.417900 -42.129800 0 4.544970 4.063310 219.849000 440.179000 -13 3144 1 0 1.000000
-30.960300 -12.468800 0 6.231650 3.167740 230.314000 440.275000 -13 3145 1 0 1.000000
-14.720200 -13.582900 0 6.866010 11.057300 217.604000 440.554000 -13 3146 1 0 1.000000
-0.293442 -13.795400 0 -12.944600 -8.366680 229.610000 440.295000 -13 3147 1 0 1.000000
-42.065300 -2.525980 0 11.452000 10.037500 204.120000 440.689000 -13 3148 1 0 1.000000
-19.492100 -6.453240 0 21.872800 24.285200 195.877000 439.954000 -13 3149 1 0 1.000000
-43.286900 28.306400 0 22.414900 5.440730 238.969000 440.735000 -13 3150 1 0 1.000000
-14.235400 -31.083000 0 -9.421240 -1.462600 228.311000 440.404000 -13 3151 1 0 1.000000
8.660450 -6.963940 0 1.327470 15.646800 226.876000 440.317000 -13 3152 1 0 1.000000
-19.157600 10.723500 0 10.981300 2.147190 229.708000 440.307000 -13 3153 1 0 1.000000
-3.069850 0.990153 0 4.015340 9.342920 228.347000 440.315000 -13 3154 1 0 1.000000
-37.377600 -6.632640 0 5.303120 5.294400 217.763000 440.094000 -13 3155 1 0 1.000000
-1.930020 -19.447200 0 13.836000 0.643673 210.986000 440.227000 -13 3156 1 0 1.000000
-24.063200 -14.146700 0 -1.652200 4.860180 227.698000 440.229000 -13 3157 1 0 1.000000
-21.767900 -6.373110 0 -11.700200 9.641310 227.819000 440.248000 -13 3158 1 0 1.000000
0.549197 -5.834510 0 -1.788260 23.226100 216.493000 440.058000 -13 3159 1 0 1.000000
7.897980 -21.901300 0 -2.794890 11.388200 210.750000 440.220000 -13 3160 1 0 1.000000
-8.554700 -8.913950 0 -7.562770 14.249200 188.333000 440.253000 -13 3161 1 0 1.000000
-12.339200 -30.453200 0 -5.878920 -6.052320 190.276000 440.002000 -13 3162 1 0 1.000000
-18.418000 -21.776100 0 -0.556502 -26.626800 212.649000 439.925000 -13 3163 1 0 1.000000
-21.563400 -1.142450 0 -12.139800 -0.981022 252.421000 440.160000 -13 3164 1 0 1.000000
-2.887710 -14.183500 0 9.680030 -5.156980 211.225000 439.927000 -13 3165 1 0 1.000000
-1.446080 -6.612060 0 -2.084140 -13.107500 189.592000 440.045000 -13 3166 1 0 1.000000
-25.946000 -9.609920 0 -0.071512 10.280200 223.786000 439.925000 -13 3167 1 0 1.000000
-37.765400 22.626400 0 -15.664300 11.578300 227.546000 439.940000 -13 3168 1 0 1.000000
6.245140 -11.670800 0 -8.646350 2.825910 194.478000 439.981000 -13 3169 1 0 1.000000
-8.656580 -23.290100 0 4.953260 -6.870280 204.486000 440.057000 -13 3170 1 0 1.000000
-23.386900 0.957724 0 1.526200 6.103280 217.623000 440.483000 -13 3171 1 0 1.000000
4.075900 -40.484900 0 -13.343300 5.072590 194.922000 440.393000 -13 3172 1 0 1.000000
-60.563900 17.172800 0 7.922320 1.564820 197.820000 440.096000 -13 3173 1 0 1.000000
-0.684023 1.736160 0 -10.773800 4.282730 197.205000 440.597000 -13 3174 1 0 1.000000
3.942770 -25.312100 0 2.044900 -14.324700 201.346000 440.471000 -13 3175 1 0 1.000000
9.967580 -17.189600 0 -4.870780 2.641180 216.057000 440.403000 -13 3176 1 0 1.000000
10.542400 -0.549704 0 6.708340 4.069880 184.101000 440.360000 -13 3177 1 0 1.000000
11.197700 -6.950100 0 2.888630 -16.561100 182.358000 440.300000 -13 3178 1 0 1.000000
-10.399900 7.044350 0 -0.437333 -22.800900 240.898000 440.283000 -13 3179 1 0 1.000000
17.644900 -24.513400 0 5.762590 8.435230 198.711000 440.187000 -13 3180 1 0 1.000000
11.516500 -17.957300 0 -12.901200 -2.827230 238.252000 440.295000 -13 3181 1 0 1.000000
8.503470 -23.556600 0 3.907530 9.181460 205.519000 440.313000 -13 3182 1 0 1.000000
-33.530700 -26.130400 0 -15.538000 44.662100 238.784000 440.084000 -13 3183 1 0 1.000000
-9.226580 -4.616490 0 4.456350 -12.825400 210.420000 440.158000 -13 3184 1 0 1.000000
-11.284100 -4.868630 0 21.343900 8.693580 205.094000 440.207000 -13 3185 1 0 1.000000
-7.618040 -6.198090 0 -5.047610 3.476370 191.877000 440.183000 -13 3186 1 0 1.000000
4.602750 -13.482600 0 0.185978 -5.661700 199.294000 440.276000 -13 3187 1 0 1.000000
8.381070 -13.180400 0 8.921930 0.249290 207.792000 440.157000 -13 3188 1 0 1.000000
23.645500 -15.547400 0 50.654900 -22.611800 301.057000 439.632000 -13 3189 1 0 1.000000
-21.400400 -21.664300 0 4.127310 11.116300 252.891000 440.378000 -13 3190 1 0 1.000000
-11.146500 -10.294500 0 -27.360400 -1.201270 190.011000 439.743000 -13 3191 1 0 1.000000
9.520590 -11.212700 0 4.506850 -16.077700 211.695000 440.212000 -13 3192 1 0 1.000000
-6.234320 -9.077870 0 32.979500 -11.032800 201.788000 440.300000 -13 3193 1 0 1.000000
-21.234300 3.583270 0 13.683700 8.910630 200.595000 440.338000 -13 3194 1 0 1.000000
20.696400 16.082000 0 10.116100 18.108800 223.571000 440.329000 -13 3195 1 0 1.000000
-5.514150 10.979600 0 13.914800 2.217650 202.377000 440.370000 -13 3196 1 0 1.000000
-55.177300 -8.016500 0 -32.274000 -5.981880 199.724000 440.117000 -13 3197 1 0 1.000000
-0.316691 -15.330800 0 14.432900 -6.012340 202.999000 440.115000 -13 3198 1 0 1.000000
22.213000 -12.677700 0 12.844300 -6.226260 201.310000 440.261000 -13 3199 1 0 1.000000
10.240400 -19.472800 0 12.211900 -13.557600 197.202000 440.423000 -13 3200 1 0 1.000000
29.549200 -6.196310 0 14.133800 12.719200 228.537000 440.367000 -13 3201 1 0 1.000000
20.103700 -30.609900 0 -19.238600 6.913740 217.363000 440.137000 -13 3202 1 0 1.000000
-37.664200 -13.844800 0 21.980400 -1.115450 222.609000 440.351000 -13 3203 1 0 1.000000
-11.134700 -18.255400 0 19.806300 3.333240 222.405000 440.282000 -13 3204 1 0 1.000000
-1.717430 -6.447470 0 -2.464770 -6.020040 210.782000 440.132000 -13 3205 1 0 1.000000
-16.831200 20.861600 0 -7.645640 5.918060 226.508000 440.047000 -13 3206 1 0 1.000000
9.183700 -29.549300 0 -16.044400 17.268300 217.843000 440.106000 -13 3207 1 0 1.000000
-9.878760 55.946800 0 7.814050 -8.710550 229.760000 439.989000 -13 3208 1 0 1.000000
11.327100 1.616270 0 -0.991504 3.757100 231.258000 440.183000 -13 3209 1 0 1.000000
-18.876300 -19.097300 0 -6.366060 27.190400 209.834000 440.335000 -13 3210 1 0 1.000000
-14.235000 58.139800 0 -9.107090 -1.907700 218.318000 440.132000 -13 3211 1 0 1.000000
0.491244 -14.595800 0 4.798640 4.018700 197.436000 440.375000 -13 3212 1 0 1.000000
4.319710 -7.117030 0 -10.918200 -1.401440 203.449000 440.303000 -13 3213 1 0 1.000000
11.216800 -12.013300 0 10.195900 -10.990900 199.684000 440.283000 -13 3214 1 0 1.000000
-8.131990 13.702400 0 14.703600 -20.268100 207.026000 440.189000 -13 3215 1 0 1.000000
4.473920 3.445600 0 16.671900 14.328100 216.925000 440.186000 -13 3216 1 0 1.000000
-9.635560 -14.266900 0 -16.810600 -3.758010 207.328000 440.171000 -13 3217 1 0 1.000000
-21.588900 -0.632789 0 -14.939000 4.098220 232.558000 440.194000 -13 3218 1 0 1.000000
-15.896400 -19.134100 0 -15.784600 7.596690 222.047000 440.023000 -13 3219 1 0 1.000000
-8.951220 -38.879000 0 -19.803900 26.950900 246.813000 440.143000 -13 3220 1 0 1.000000
5.729100 -18.971100 0 2.353890 3.740060 209.084000 440.012000 -13 3221 1 0 1.000000
-18.346000 -10.183600 0 7.076430 10.785900 218.170000 440.163000 -13 3222 1 0 1.000000
-14.963200 -24.540400 0 -3.617780 28.313600 208.907000 440.164000 -13 3223 1 0 1.000000
-20.414800 -16.859400 0 -18.088900 16.370300 240.674000 440.232000 -13 3224 1 0 1.000000
-4.532340 -0.351008 0 -7.312590 -3.221170 220.403000 440.062000 -13 3225 1 0 1.000000
-29.418500 -13.825600 0 -29.285000 25.128200 224.100000 440.462000 -13 3226 1 0 1.000000
8.606220 -26.353800 0 -1.352370 6.846140 237.558000 440.194000 -13 3227 1 0 1.000000
-20.312000 -38.152400 0 8.064440 -25.157500 200.288000 440.118000 -13 3228 1 0 1.000000
-17.476300 -15.886300 0 5.393340 -9.243610 195.615000 440.284000 -13 3229 1 0 1.000000
17.214400 14.287100 0 10.636000 2.344740 202.944000 440.140000 -13 3230 1 0 1.000000
20.502500 -41.575700 0 -23.504500 8.233140 188.061000 440.207000 -13 3231 1 0 1.000000
9.814390 -13.786700 0 0.920205 -8.166700 202.430000 440.313000 -13 3232 1 0 1.000000
-44.213900 10.263300 0 2.862790 -3.252210 204.200000 440.399000 -13 3233 1 0 1.000000
1.011390 11.927600 0 0.342790 12.464100 198.984000 439.958000 -13 3234 1 0 1.000000
-37.576400 -36.098200 0 17.773400 -4.620330 201.288000 439.953000 -13 3235 1 0 1.000000
-40.961100 20.539700 0 -6.930510 2.212010 216.783000 440.455000 -13 3236 1 0 1.000000
6.295730 -7.083580 0 -4.943580 14.954100 236.387000 440.354000 -13 3237 1 0 1.000000
-13.731700 -11.054500 0 -1.168300 1.293480 204.328000 439.763000 -13 3238 1 0 1.000000
-3.399480 3.133640 0 27.594900 -21.646700 186.380000 440.388000 -13 3239 1 0 1.000000
-3.615350 10.121300 0 3.147950 4.542560 223.733000 440.342000 -13 3240 1 0 1.000000
-31.065100 36.268300 0 1.373580 -7.779520 269.211000 440.257000 -13 3241 1 0 1.000000
-3.179320 -7.187750 0 -1.604640 -4.282370 211.253000 440.480000 -13 3242 1 0 1.000000
16.370500 -9.288220 0 -2.560240 -24.022100 184.856000 440.391000 -13 3243 1 0 1.000000
-11.854900 -7.935070 0 36.009900 4.715920 232.809000 439.935000 -13 3244 1 0 1.000000
2.538320 -15.784100 0 -6.919740 -6.546200 184.882000 440.451000 -13 3245 1 0 1.000000
11.223600 -6.071000 0 -3.548230 6.869230 205.233000 440.471000 -13 3246 1 0 1.000000
-15.921800 -11.790100 0 4.678000 -0.526506 209.925000 440.395000 -13 3247 1 0 1.000000
-0.097777 -0.897882 0 -8.159030 -0.859296 217.166000 440.262000 -13 3248 1 0 1.000000
-54.923200 -32.530700 0 35.278900 19.302200 228.220000 440.459000 -13 3249 1 0 1.000000
-26.488300 -32.220100 0 -14.906300 -17.877900 188.990000 440.242000 -13 3250 1 0 1.000000
-22.848800 -0.425358 0 -2.373840 0.182516 211.080000 440.527000 -13 3251 1 0 1.000000
-5.329500 1.138520 0 1.091990 -11.263800 218.149000 440.421000 -13 3252 1 0 1.000000
-5.558500 -6.865100 0 -3.273850 -21.231800 211.222000 440.502000 -13 3253 1 0 1.000000
-13.953000 -23.956200 0 -21.393200 5.259090 198.158000 440.355000 -13 3254 1 0 1.000000
-8.383420 17.531700 0 5.404590 4.344750 204.891000 440.364000 -13 3255 1 0 1.000000
-21.554100 10.706700 0 -2.773230 3.778240 211.341000 440.258000 -13 3256 1 0 1.000000
-11.979500 -3.746510 0 5.339780 -16.427100 191.946000 440.476000 -13 3257 1 0 1.000000
-6.713360 -6.920050 0 -0.706162 -22.551200 212.804000 440.276000 -13 3258 1 0 1.000000
-19.387200 -28.114900 0 -39.133500 8.427150 225.444000 440.474000 -13 3259 1 0 1.000000
-24.881700 6.114180 0 -13.178300 15.466700 212.268000 440.211000 -13 3260 1 0 1.000000
4.767730 -16.684100 0 -1.698480 2.985890 187.498000 440.296000 -13 3261 1 0 1.000000
-25.549500 -9.023390 0 -1.634120 -1.154860 213.384000 440.269000 -13 3262 1 0 1.000000
-2.808320 -23.180500 0 -23.534500 18.494500 206.486000 440.404000 -13 3263 1 0 1.000000
-10.830200 -7.619900 0 -5.366420 8.467120 209.242000 440.501000 -13 3264 1 0 1.000000
5.974940 -18.323100 0 14.110000 -18.612400 186.986000 440.352000 -13 3265 1 0 1.000000
7.897790 -12.365300 0 -6.106340 -29.261200 219.582000 440.379000 -13 3266 1 0 1.000000
-1.385120 -39.290300 0 -0.730181 -17.473400 218.359000 440.568000 -13 3267 1 0 1.000000
11.023100 -39.553100 0 18.162200 -4.216930 231.155000 440.341000 -13 3268 1 0 1.000000
21.512500 -37.246600 0 -4.670060 -3.733810 198.119000 439.935000 -13 3269 1 0 1.000000
1.570570 -13.272500 0 5.593820 -9.465760 200.220000 440.563000 -13 3270 1 0 1.000000
4.618770 14.732300 0 17.197600 -20.661800 247.560000 440.119000 -13 3271 1 0 1.000000
29.764300 -6.097580 0 -6.347950 -11.148800 188.842000 440.588000 -13 3272 1 0 1.000000
-5.905740 -19.349300 0 2.147320 11.949700 193.349000 439.874000 -13 3273 1 0 1.000000
10.197000 -9.758110 0 -2.799560 -6.364370 196.829000 440.541000 -13 3274 1 0 1.000000
2.306190 0.402505 0 19.559500 14.741600 205.716000 439.865000 -13 3275 1 0 1.000000
-9.835450 0.120633 0 -15.065000 3.672640 183.098000 440.285000 -13 3276 1 0 1.000000
-18.352500 -38.760500 0 -19.077200 7.448950 211.699000 440.858000 -13 3277 1 0 1.000000
-41.852500 0.445800 0 7.363460 6.133930 201.656000 440.103000 -13 3278 1 0 1.000000
-24.722800 20.786300 0 9.215450 18.288400 222.354000 439.906000 -13 3279 1 0 1.000000
-16.755200 -26.307600 0 -2.659130 13.064300 230.820000 439.993000 -13 3280 1 0 1.000000
-3.177180 -10.752900 0 -10.474800 0.275870 190.667000 439.949000 -13 3281 1 0 1.000000
-6.301930 -31.959900 0 -9.903100 6.522780 202.234000 440.094000 -13 3282 1 0 1.000000
-10.037000 -14.875200 0 7.782270 12.947900 197.739000 439.978000 -13 3283 1 0 1.000000
74.618300 -30.340500 0 0.482291 -7.887880 298.606000 440.269000 -13 3284 1 0 1.000000
1.143590 -7.885710 0 1.403250 -10.285300 218.687000 439.917000 -13 3285 1 0 1.000000
-0.329211 -16.743500 0 -6.360390 19.228000 208.444000 439.918000 -13 3286 1 0 1.000000
-15.515700 0.707554 0 -12.036600 17.838500 209.795000 440.116000 -13 3287 1 0 1.000000
19.871100 -10.109300 0 7.373980 -2.284540 199.589000 440.362000 -13 3288 1 0 1.000000
6.777330 -4.399100 0 -12.389500 -3.356180 211.551000 440.094000 -13 3289 1 0 1.000000
11.227200 13.350700 0 -10.159800 14.706400 211.280000 440.164000 -13 3290 1 0 1.000000
-0.408418 -34.080500 0 9.847120 -13.321200 194.748000 440.109000 -13 3291 1 0 1.000000
5.793370 15.319300 0 0.424000 13.786300 249.505000 440.202000 -13 3292 1 0 1.000000
-11.377500 -27.150100 0 -5.076710 -11.885800 189.639000 440.144000 -13 3293 1 0 1.000000
-5.524710 12.360000 0 2.787300 -0.000255 199.152000 439.946000 -13 3294 1 0 1.000000
-26.087600 -19.562000 0 4.884040 -13.102500 207.308000 439.975000 -13 3295 1 0 1.000000
-31.649500 -11.002900 0 -1.344640 2.357630 184.988000 440.387000 -13 3296 1 0 1.000000
14.467400 -16.837400 0 14.394800 -12.251900 227.082000 440.345000 -13 3297 1 0 1.000000
1.944500 -21.115700 0 1.810900 11.870500 225.454000 440.407000 -13 3298 1 0 1.000000
-10.078900 46.646000 0 11.638400 -32.604800 209.134000 440.203000 -13 3299 1 0 1.000000
-3.085400 -6.597070 0 -6.535980 -8.085770 222.920000 440.298000 -13 3300 1 0 1.000000
28.510300 -19.652300 0 3.149240 -0.428131 229.817000 440.459000 -13 3301 1 0 1.000000
22.260900 -10.456100 0 -3.420880 -9.844190 197.345000 440.771000 -13 3302 1 0 1.000000
-0.581431 3.279200 0 7.944990 -5.144940 198.960000 440.418000 -13 3303 1 0 1.000000
-3.013370 -23.239900 0 -1.505070 2.662880 203.399000 440.672000 -13 3304 1 0 1.000000
-18.148900 -48.407700 0 8.585610 25.967500 221.881000 440.498000 -13 3305 1 0 1.000000
-1.687220 13.036200 0 -19.578200 -11.104700 211.831000 440.252000 -13 3306 1 0 1.000000
7.574490 -25.819300 0 -16.592700 -4.454220 202.873000 440.185000 -13 3307 1 0 1.000000
24.149700 -4.857610 0 -15.312800 -11.734500 244.457000 440.377000 -13 3308 1 0 1.000000
-20.782300 -14.885800 0 -21.765300 6.777370 204.009000 440.213000 -13 3309 1 0 1.000000
4.511040 6.805700 0 -1.768870 -15.248700 202.346000 440.131000 -13 3310 1 0 1.000000
16.474300 -5.318000 0 -0.130836 10.195200 214.727000 440.199000 -13 3311 1 0 1.000000
-1.175000 -0.894407 0 -8.452760 3.768110 192.288000 440.279000 -13 3312 1 0 1.000000
22.907900 -36.089500 0 0.133622 6.058490 201.478000 440.220000 -13 3313 1 0 1.000000
-21.161000 9.612660 0 6.321220 23.599400 231.821000 440.144000 -13 3314 1 0 1.000000
-18.849900 17.598200 0 7.112900 -3.144550 218.556000 440.271000 -13 3315 1 0 1.000000
-24.009100 2.194780 0 -9.105980 31.098800 226.381000 440.161000 -13 3316 1 0 1.000000
-26.427000 -13.217700 0 -1.720390 -4.044960 235.591000 440.307000 -13 3317 1 0 1.000000
-31.298800 -3.306400 0 11.222500 3.872790 228.470000 440.237000 -13 3318 1 0 1.000000
-2.301920 -24.255500 0 3.548980 7.727860 234.262000 440.185000 -13 3319 1 0 1.000000
-4.261600 -26.853200 0 -10.635700 14.978500 225.631000 440.190000 -13 3320 1 0 1.000000
-39.955200 1.233030 0 25.200800 8.552690 233.302000 440.435000 -13 3321 1 0 1.000000
-23.231400 19.966500 0 2.304500 -2.604250 205.621000 440.867000 -13 3322 1 0 1.000000
-54.036100 -29.134300 0 -3.619620 -7.732940 197.973000 440.438000 -13 3323 1 0 1.000000
-16.161100 5.597140 0 9.610550 -15.985900 203.379000 440.514000 -13 3324 1 0 1.000000
-9.895180 16.016700 0 10.958500 -28.756500 205.493000 440.545000 -13 3325 1 0 1.000000
35.256600 -12.735400 0 -21.261200 -5.692600 211.766000 440.452000 -13 3326 1 0 1.000000
-15.977700 -15.736900 0 17.327100 -9.200660 198.389000 440.547000 -13 3327 1 0 1.000000
-29.826000 4.733890 0 -1.053730 -0.050368 225.966000 440.380000 -13 3328 1 0 1.000000
-22.080100 -25.690200 0 -23.137800 -1.769960 219.628000 440.443000 -13 3329 1 0 1.000000
41.532000 -10.440100 0 -0.782581 26.917900 204.276000 440.321000 -13 3330 1 0 1.000000
-9.139530 5.062410 0 -12.286400 10.104400 199.716000 440.239000 -13 3331 1 0 1.000000
-8.021590 -31.550300 0 5.439780 -11.596600 220.997000 439.771000 -13 3332 1 0 1.000000
7.662850 -0.601349 0 -4.408580 10.780300 183.631000 440.085000 -13 3333 1 0 1.000000
4.088140 -9.755280 0 3.381390 4.648190 187.850000 440.091000 -13 3334 1 0 1.000000
-9.608550 -20.995900 0 9.675090 -9.758590 196.209000 440.429000 -13 3335 1 0 1.000000
-5.926000 -2.134250 0 -1.482220 37.782900 194.409000 440.360000 -13 3336 1 0 1.000000
-3.085110 -24.272700 0 -8.886240 28.328000 194.799000 440.209000 -13 3337 1 0 1.000000
-7.152650 -1.314930 0 -0.916553 5.382310 194.064000 440.173000 -13 3338 1 0 1.000000
2.914170 12.357800 0 -8.616520 13.351500 195.822000 440.323000 -13 3339 1 0 1.000000
-17.975400 -0.830112 0 6.288500 13.059600 201.066000 439.992000 -13 3340 1 0 1.000000
-2.818140 -16.486300 0 -23.385500 6.973630 229.442000 440.398000 -13 3341 1 0 1.000000
-22.702800 1.040510 0 -2.493360 9.880340 228.493000 440.327000 -13 3342 1 0 1.000000
-28.783300 -7.601550 0 -5.870860 8.498190 234.319000 440.276000 -13 3343 1 0 1.000000
-10.016300 -12.221400 0 11.703400 -15.729700 222.938000 440.527000 -13 3344 1 0 1.000000
-10.316500 9.870530 0 15.551400 -13.012700 231.882000 440.114000 -13 3345 1 0 1.000000
-53.639500 -6.314550 0 19.739600 -2.194140 238.986000 440.351000 -13 3346 1 0 1.000000
-5.189550 -4.905940 0 1.793720 -5.690890 210.410000 440.145000 -13 3347 1 0 1.000000
-10.032200 -11.942800 0 -12.292000 12.671900 229.573000 440.277000 -13 3348 1 0 1.000000
-3.459870 14.996200 0 15.054600 -37.871500 196.587000 440.563000 -13 3349 1 0 1.000000
1.314940 -23.544300 0 -17.137300 4.884810 211.961000 440.174000 -13 3350 1 0 1.000000
18.196100 5.276200 0 1.372080 -8.959000 199.645000 440.149000 -13 3351 1 0 1.000000
-24.499800 -15.910800 0 -4.705390 -5.906860 192.579000 440.248000 -13 3352 1 0 1.000000
-19.348400 -30.683200 0 -2.675830 -5.116340 199.033000 440.357000 -13 3353 1 0 1.000000
8.264070 3.979420 0 -5.548200 -6.286440 188.541000 440.157000 -13 3354 1 0 1.000000
9.162840 -19.563800 0 -2.227700 3.375930 193.124000 440.258000 -13 3355 1 0 1.000000
-21.680400 -28.665100 0 -5.385290 7.819180 198.246000 440.330000 -13 3356 1 0 1.000000
0.995856 -37.402100 0 -8.725600 -6.292480 198.703000 440.299000 -13 3357 1 0 1.000000
3.748830 -19.515400 0 -0.104668 8.342940 210.475000 440.439000 -13 3358 1 0 1.000000
-2.460110 5.984980 0 0.111291 -1.625620 212.569000 440.413000 -13 3359 1 0 1.000000
-16.406300 -18.340100 0 -5.496630 -7.720490 220.002000 440.330000 -13 3360 1 0 1.000000
2.960760 -11.043800 0 -11.931700 11.898800 229.396000 440.274000 -13 3361 1 0 1.000000
-15.165700 -3.886990 0 -6.158820 8.516500 220.186000 440.486000 -13 3362 1 0 1.000000
11.660000 18.591200 0 -14.183800 -20.221200 185.636000 440.282000 -13 3363 1 0 1.000000
-16.880800 -4.426260 0 -6.020020 -3.180380 212.218000 440.519000 -13 3364 1 0 1.000000
-20.020100 -4.814590 0 -4.102920 7.555440 211.747000 440.450000 -13 3365 1 0 1.000000
5.352740 -21.127800 0 -5.508750 19.711000 214.578000 440.347000 -13 3366 1 0 1.000000
3.985080 5.818280 0 18.225000 2.972900 216.385000 440.355000 -13 3367 1 0 1.000000
16.822600 -9.551520 0 -11.213600 18.638100 184.623000 440.230000 -13 3368 1 0 1.000000
9.260740 -21.760000 0 -9.000880 -22.877200 215.181000 440.191000 -13 3369 1 0 1.000000
3.415080 -24.288200 0 3.222000 -12.465700 220.676000 440.417000 -13 3370 1 0 1.000000
5.087950 -21.059900 0 -3.358860 -10.225900 224.553000 440.401000 -13 3371 1 0 1.000000
-9.826070 -20.879600 0 12.227900 -17.983900 222.436000 440.358000 -13 3372 1 0 1.000000
3.433250 -10.725100 0 5.199490 -14.818900 221.592000 440.265000 -13 3373 1 0 1.000000
-7.895810 -5.227860 0 -0.144423 -1.127510 221.215000 440.362000 -13 3374 1 0 1.000000
-6.102610 9.479890 0 9.477140 -28.081500 192.800000 440.419000 -13 3375 1 0 1.000000
-40.412600 -1.164420 0 -15.879800 14.312300 194.538000 440.395000 -13 3376 1 0 1.000000
-2.940800 -12.189200 0 11.607000 -12.024100 189.341000 440.366000 -13 3377 1 0 1.000000
16.996900 -13.103200 0 -2.066890 -14.152500 209.664000 440.365000 -13 3378 1 0 1.000000
-13.001900 6.487060 0 6.760320 -3.264800 214.962000 440.352000 -13 3379 1 0 1.000000
-2.109800 8.775390 0 1.642540 -3.204090 209.655000 440.421000 -13 3380 1 0 1.000000
-4.168340 -23.299900 0 -6.643090 -15.642200 190.777000 440.186000 -13 3381 1 0 1.000000
-11.385800 -37.473900 0 -8.169850 -11.091900 208.992000 440.397000 -13 3382 1 0 1.000000
0.404059 -3.916110 0 -10.648300 13.880700 185.990000 440.035000 -13 3383 1 0 1.000000
-43.733900 -20.397200 0 -2.115410 3.275380 224.535000 439.917000 -13 3384 1 0 1.000000
-7.001060 -7.930790 0 1.778130 1.520900 194.064000 440.393000 -13 3385 1 0 1.000000
-13.485900 -17.416500 0 -4.315300 7.697130 196.313000 440.296000 -13 3386 1 0 1.000000
-6.385090 -32.092400 0 -38.532200 -12.565700 209.928000 439.876000 -13 3387 1 0 1.000000
27.232200 -8.137490 0 4.165010 9.925170 201.433000 440.186000 -13 3388 1 0 1.000000
19.420100 -32.302700 0 18.301800 -11.125600 200.480000 440.152000 -13 3389 1 0 1.000000
-11.603800 -19.410500 0 5.696380 -11.863300 199.655000 440.026000 -13 3390 1 0 1.000000
12.470600 -10.995200 0 -11.415300 -7.359090 204.042000 440.307000 -13 3391 1 0 1.000000
4.835060 12.918000 0 19.343800 6.911850 196.179000 440.265000 -13 3392 1 0 1.000000
-26.340200 18.563400 0 7.375190 0.194757 195.691000 440.240000 -13 3393 1 0 1.000000
-8.623220 -20.520500 0 7.595710 -9.499370 178.237000 440.198000 -13 3394 1 0 1.000000
-0.215095 2.789940 0 10.047200 6.969660 205.556000 439.907000 -13 3395 1 0 1.000000
-2.219460 -24.764700 0 -10.691600 0.793027 188.939000 439.974000 -13 3396 1 0 1.000000
-5.586650 -9.513310 0 -6.343890 -9.816920 187.038000 440.097000 -13 3397 1 0 1.000000
-0.785025 9.278100 0 13.751300 3.377760 198.148000 439.984000 -13 3398 1 0 1.000000
0.415266 -11.959900 0 1.435310 -3.099340 189.225000 440.447000 -13 3399 1 0 1.000000
-9.313040 -18.054600 0 -9.902970 15.497400 233.748000 440.346000 -13 3400 1 0 1.000000
3.171680 -3.555680 0 -4.520750 -9.630730 214.448000 440.150000 -13 3401 1 0 1.000000
-17.861400 -19.867200 0 8.852070 -5.473470 214.082000 440.214000 -13 3402 1 0 1.000000
-21.491300 -21.648500 0 -4.016120 19.258300 217.396000 440.139000 -13 3403 1 0 1.000000
-27.849300 -14.838200 0 8.212370 -7.536910 225.267000 440.343000 -13 3404 1 0 1.000000
-21.092000 -4.676680 0 8.513370 -11.425900 221.855000 440.362000 -13 3405 1 0 1.000000
-14.558900 6.812360 0 10.648400 -7.967700 227.540000 440.471000 -13 3406 1 0 1.000000
2.675750 -13.329700 0 -3.464270 -2.263710 224.540000 440.142000 -13 3407 1 0 1.000000
14.550400 -9.695800 0 -2.765090 -4.316530 217.980000 440.149000 -13 3408 1 0 1.000000
14.251300 -22.054600 0 5.545030 0.549457 223.029000 440.271000 -13 3409 1 0 1.000000
5.266840 -17.404900 0 -4.963210 -1.714360 222.407000 440.167000 -13 3410 1 0 1.000000
-6.695250 -31.505300 0 -1.652440 -7.026840 213.163000 440.140000 -13 3411 1 0 1.000000
-23.692700 -12.419700 0 -6.936090 -14.611800 220.430000 440.208000 -13 3412 1 0 1.000000
-2.719170 -1.389110 0 5.080690 -8.142780 222.831000 440.195000 -13 3413 1 0 1.000000
-43.498500 14.965200 0 2.967860 12.166400 229.104000 440.310000 -13 3414 1 0 1.000000
17.166100 -11.408300 0 -6.510380 -9.448150 216.867000 440.149000 -13 3415 1 0 1.000000
-5.060640 -0.185832 0 4.042880 3.689850 211.680000 440.136000 -13 3416 1 0 1.000000
-1.150110 -15.732700 0 6.578420 -1.303640 211.840000 440.164000 -13 3417 1 0 1.000000
-16.536100 -23.930900 0 -0.626713 -7.091250 213.938000 440.176000 -13 3418 1 0 1.000000
-1.681360 -41.354100 0 13.362900 -27.299700 204.285000 440.334000 -13 3419 1 0 1.000000
-35.419100 -1.069000 0 -4.757050 -3.163000 199.056000 440.441000 -13 3420 1 0 1.000000
20.664500 -22.110900 0 8.431000 -14.546900 204.012000 440.342000 -13 3421 1 0 1.000000
-23.781800 -21.819300 0 -5.241110 -6.066590 198.913000 440.273000 -13 3422 1 0 1.000000
-17.349700 -5.798210 0 -18.566000 -9.752480 195.268000 440.397000 -13 3423 1 0 1.000000
-16.367500 11.127600 0 -13.875200 -7.210950 193.168000 440.150000 -13 3424 1 0 1.000000
-3.109820 -37.182200 0 -3.993880 -1.469110 206.576000 440.305000 -13 3425 1 0 1.000000
13.378100 -29.549200 0 -7.978640 19.583600 201.552000 439.998000 -13 3426 1 0 1.000000
0.317814 -0.666207 0 -12.757200 2.082240 233.872000 440.238000 -13 3427 1 0 1.000000
-7.059870 -31.805900 0 -17.056700 15.455600 216.490000 440.078000 -13 3428 1 0 1.000000
31.062800 -19.565700 0 -11.069900 14.490200 220.460000 440.208000 -13 3429 1 0 1.000000
1.126770 -16.288200 0 -0.036589 -3.776160 217.362000 440.293000 -13 3430 1 0 1.000000
-29.430200 -3.226830 0 -0.408206 0.423271 215.011000 440.087000 -13 3431 1 0 1.000000
11.819500 -25.448000 0 -22.194300 2.005710 222.964000 440.195000 -13 3432 1 0 1.000000
4.119880 -13.907100 0 3.277560 -23.762200 226.802000 440.263000 -13 3433 1 0 1.000000
7.032560 -55.038800 0 -7.578930 -24.110200 200.235000 440.582000 -13 3434 1 0 1.000000
29.800400 -23.814900 0 7.307490 -12.044400 212.044000 440.159000 -13 3435 1 0 1.000000
-29.046400 -36.730700 0 -11.433800 -2.150670 225.810000 440.276000 -13 3436 1 0 1.000000
-13.971200 -7.026270 0 -6.352450 7.189420 214.651000 440.128000 -13 3437 1 0 1.000000
-20.479300 -3.095860 0 -3.581870 2.105250 228.578000 440.260000 -13 3438 1 0 1.000000
-17.255600 -10.746300 0 -27.373800 -8.424590 225.186000 440.066000 -13 3439 1 0 1.000000
-30.950900 -12.257400 0 -14.828900 -4.409030 214.916000 440.174000 -13 3440 1 0 1.000000
11.995300 -30.759500 0 29.981700 -4.999550 197.444000 440.666000 -13 3441 1 0 1.000000
-18.179500 -14.286100 0 -18.869200 3.751410 227.005000 440.350000 -13 3442 1 0 1.000000
-20.376200 -49.572100 0 -1.249850 9.851930 235.090000 440.317000 -13 3443 1 0 1.000000
0.239873 -1.657970 0 20.471200 -6.298240 207.902000 440.184000 -13 3444 1 0 1.000000
-15.098400 3.132610 0 9.052930 -7.089230 203.104000 440.108000 -13 3445 1 0 1.000000
24.960000 -1.459830 0 15.085900 -10.661500 192.507000 440.430000 -13 3446 1 0 1.000000
-24.063500 -22.983700 0 -5.539200 -10.719500 193.127000 440.282000 -13 3447 1 0 1.000000
7.886130 -2.950020 0 5.180750 -3.392560 201.923000 440.406000 -13 3448 1 0 1.000000
3.946210 12.733500 0 -9.928900 -7.841030 194.144000 440.320000 -13 3449 1 0 1.000000
8.132820 -32.654100 0 12.582000 9.970710 211.189000 440.308000 -13 3450 1 0 1.000000
1.562800 -2.808490 0 -16.664200 -5.067820 198.465000 440.303000 -13 3451 1 0 1.000000
-4.216920 -2.477600 0 4.652440 -15.402800 204.286000 440.273000 -13 3452 1 0 1.000000
-17.164300 6.692070 0 1.958090 -17.883500 194.357000 440.431000 -13 3453 1 0 1.000000
0.351723 -43.007100 0 11.112400 16.514700 226.178000 440.470000 -13 3454 1 0 1.000000
-53.727400 -45.954400 0 -0.293471 3.397100 210.525000 440.618000 -13 3455 1 0 1.000000
-44.248200 -50.241300 0 -7.354400 4.692210 212.502000 440.485000 -13 3456 1 0 1.000000
26.491800 3.831000 0 -5.288720 -13.886900 187.171000 439.981000 -13 3457 1 0 1.000000
-8.499440 9.627450 0 18.976700 -0.273489 221.157000 440.322000 -13 3458 1 0 1.000000
-3.662520 -2.457500 0 9.878580 -5.347750 206.606000 440.385000 -13 3459 1 0 1.000000
1.997800 -10.574900 0 -0.043616 11.476300 192.634000 440.096000 -13 3460 1 0 1.000000
-22.571700 -8.704060 0 -3.364700 -10.670600 206.820000 440.445000 -13 3461 1 0 1.000000
8.932660 -19.279700 0 -11.798500 12.130400 203.103000 440.377000 -13 3462 1 0 1.000000
20.594800 -3.881820 0 10.364800 -31.615600 212.115000 440.142000 -13 3463 1 0 1.000000
-31.233600 -2.814400 0 10.083400 -4.177200 195.360000 440.221000 -13 3464 1 0 1.000000
-8.138090 13.013400 0 -22.489500 15.273800 205.708000 440.260000 -13 3465 1 0 1.000000
-3.059460 -2.385290 0 -0.756094 -11.198700 196.886000 440.372000 -13 3466 1 0 1.000000
-12.234400 -13.384900 0 -16.871900 -6.965520 219.952000 440.324000 -13 3467 1 0 1.000000
-12.566800 -33.129400 0 -4.241190 7.364540 199.962000 440.205000 -13 3468 1 0 1.000000
-12.310000 -18.628700 0 -9.527490 -6.283330 220.501000 440.345000 -13 3469 1 0 1.000000
9.485490 -25.763600 0 20.491500 -7.561560 187.884000 439.992000 -13 3470 1 0 1.000000
-80.095900 -36.040700 0 -7.469900 5.345130 254.334000 440.479000 -13 3471 1 0 1.000000
-7.013660 4.199570 0 -10.550400 -1.129730 198.995000 440.721000 -13 3472 1 0 1.000000
17.365700 -19.068300 0 -50.526000 -24.972200 181.434000 440.489000 -13 3473 1 0 1.000000
-39.201500 -5.666960 0 7.856890 14.852800 227.457000 440.389000 -13 3474 1 0 1.000000
14.779900 -110.124000 0 -15.415000 37.947200 265.187000 440.172000 -13 3475 1 0 1.000000
-28.943300 5.019200 0 -12.900800 -10.540800 214.486000 440.335000 -13 3476 1 0 1.000000
-4.941600 10.761700 0 8.074480 7.414870 213.951000 440.360000 -13 3477 1 0 1.000000
0.658709 5.287180 0 7.454560 4.324080 214.151000 440.373000 -13 3478 1 0 1.000000
-51.767200 -8.016110 0 7.729080 -2.599830 215.064000 440.376000 -13 3479 1 0 1.000000
-14.033100 -10.304600 0 2.588130 -6.357070 213.451000 440.324000 -13 3480 1 0 1.000000
3.886790 -34.242700 0 -14.652700 1.932010 217.387000 440.491000 -13 3481 1 0 1.000000
1.763990 -8.705840 0 11.108200 0.977589 216.996000 440.240000 -13 3482 1 0 1.000000
9.670820 -5.298800 0 -1.762950 -2.897000 216.475000 440.331000 -13 3483 1 0 1.000000
-27.378700 -16.941900 0 0.866396 0.178037 207.655000 440.343000 -13 3484 1 0 1.000000
-1.383040 -17.416100 0 -0.945184 -25.312700 209.114000 439.981000 -13 3485 1 0 1.000000
-23.040600 -27.275600 0 14.492900 5.951030 198.574000 440.391000 -13 3486 1 0 1.000000
5.666980 -7.941210 0 21.528900 -14.193800 195.499000 440.228000 -13 3487 1 0 1.000000
-104.991000 0.118751 0 -50.845300 26.123800 292.683000 439.495000 -13 3488 1 0 1.000000
-24.697600 -13.720300 0 9.047620 0.859985 225.552000 439.930000 -13 3489 1 0 1.000000
9.847490 -11.589700 0 3.936710 -22.005200 198.770000 440.013000 -13 3490 1 0 1.000000
-14.493300 -30.495400 0 -4.252590 4.255610 193.581000 439.923000 -13 3491 1 0 1.000000
-36.749300 2.699370 0 -1.507580 3.132210 233.557000 439.945000 -13 3492 1 0 1.000000
-39.945200 -19.167500 0 -12.360400 -19.021800 216.027000 440.508000 -13 3493 1 0 1.000000
13.251600 -9.360030 0 -5.841780 -12.958500 189.160000 439.983000 -13 3494 1 0 1.000000
-23.887500 -10.823100 0 8.131910 -18.453400 233.441000 440.035000 -13 3495 1 0 1.000000
18.579300 -44.500500 0 31.280300 -24.427000 197.701000 440.468000 -13 3496 1 0 1.000000
-36.434600 -25.140700 0 -12.064700 10.864000 210.662000 439.920000 -13 3497 1 0 1.000000
-5.726370 7.899160 0 12.918600 -9.252350 199.727000 440.354000 -13 3498 1 0 1.000000
1.720410 11.202600 0 -1.916680 -2.005290 203.582000 440.330000 -13 3499 1 0 1.000000
-5.745550 -40.855400 0 -6.138300 -4.256440 199.817000 440.054000 -13 3500 1 0 1.000000
24.951300 -24.175400 0 -9.291770 -7.119560 203.555000 440.239000 -13 3501 1 0 1.000000
10.234500 -19.164100 0 2.390170 12.560400 193.682000 440.209000 -13 3502 1 0 1.000000
9.851360 -20.400800 0 -0.727192 10.832200 209.914000 440.066000 -13 3503 1 0 1.000000
-0.839176 2.502690 0 24.773900 -5.434350 222.877000 439.988000 -13 3504 1 0 1.000000
-6.337990 -14.607400 0 4.704840 6.536780 214.141000 440.427000 -13 3505 1 0 1.000000
-4.549580 -25.912800 0 -23.645300 27.340400 220.816000 439.867000 -13 3506 1 0 1.000000
37.428800 -22.188200 0 -17.950000 2.421440 217.136000 440.650000 -13 3507 1 0 1.000000
0.650988 -4.826560 0 2.702080 -15.265800 202.535000 439.889000 -13 3508 1 0 1.000000
1.472370 21.139400 0 -1.980190 -10.610600 213.201000 440.424000 -13 3509 1 0 1.000000
-45.114900 15.946700 0 10.625300 -8.311120 210.197000 440.598000 -13 3510 1 0 1.000000
-44.451300 9.237830 0 33.798300 -6.156330 232.376000 440.616000 -13 3511 1 0 1.000000
-12.017000 0.471301 0 5.947050 -10.577200 193.572000 440.570000 -13 3512 1 0 1.000000
-57.864300 12.552800 0 -7.558790 2.740890 213.010000 440.506000 -13 3513 1 0 1.000000
16.997000 -44.568400 0 -7.361360 -10.196800 233.995000 440.472000 -13 3514 1 0 1.000000
-7.629000 -5.081670 0 6.473510 -5.341530 211.159000 440.518000 -13 3515 1 0 1.000000
7.560700 16.345700 0 -19.482200 -18.357900 203.400000 440.552000 -13 3516 1 0 1.000000
4.177470 -30.442900 0 -2.245950 -31.448900 193.661000 440.321000 -13 3517 1 0 1.000000
13.380700 -50.258700 0 -16.460000 -8.018900 266.242000 440.180000 -13 3518 1 0 1.000000
-4.593240 -22.977500 0 23.135300 -8.526160 193.413000 440.487000 -13 3519 1 0 1.000000
-46.211200 -9.630300 0 -9.610360 21.874500 192.256000 439.906000 -13 3520 1 0 1.000000
13.665100 5.076660 0 6.124580 -8.338230 216.244000 440.408000 -13 3521 1 0 1.000000
33.113500 -14.210800 0 21.586300 16.475000 206.740000 440.022000 -13 3522 1 0 1.000000
-11.878900 -38.454800 0 25.989100 31.205000 208.054000 440.460000 -13 3523 1 0 1.000000
-27.790200 -44.399900 0 -7.583730 -11.768700 203.123000 440.369000 -13 3524 1 0 1.000000
-17.611000 -20.254700 0 17.714200 3.909460 195.546000 440.284000 -13 3525 1 0 1.000000
-12.446000 11.348900 0 1.789660 -25.984300 213.909000 440.150000 -13 3526 1 0 1.000000
-27.130900 -2.730620 0 -4.302980 -10.807600 199.879000 440.410000 -13 3527 1 0 1.000000
8.959060 -13.443700 0 7.941090 -14.944500 204.793000 440.336000 -13 3528 1 0 1.000000
-25.838000 -32.142000 0 -13.092700 0.312548 190.507000 439.997000 -13 3529 1 0 1.000000
-11.139300 9.018570 0 20.329600 0.594047 222.742000 440.096000 -13 3530 1 0 1.000000
-16.813200 -18.225100 0 5.738300 -1.426760 214.870000 440.154000 -13 3531 1 0 1.000000
2.392870 -5.574380 0 12.021700 -10.525000 219.004000 439.987000 -13 3532 1 0 1.000000
-10.978500 10.828200 0 1.022530 17.901100 228.294000 440.142000 -13 3533 1 0 1.000000
-48.926200 24.296700 0 32.950500 -16.967300 246.725000 440.225000 -13 3534 1 0 1.000000
-22.859100 -34.566400 0 9.148300 -5.744010 231.836000 440.406000 -13 3535 1 0 1.000000
18.008700 -19.593900 0 19.863300 28.115100 228.694000 440.346000 -13 3536 1 0 1.000000
-39.815500 -5.896610 0 -41.206800 4.577010 227.098000 440.520000 -13 3537 1 0 1.000000
-23.556200 3.068680 0 -4.112510 -9.073210 216.760000 440.389000 -13 3538 1 0 1.000000
-40.001800 -20.257700 0 20.940900 -24.360100 224.554000 440.189000 -13 3539 1 0 1.000000
-29.353900 13.810700 0 -4.639110 18.894100 212.586000 440.822000 -13 3540 1 0 1.000000
0.095115 -27.999800 0 12.707600 -8.729390 222.226000 440.329000 -13 3541 1 0 1.000000
-19.907400 -12.888200 0 -6.855730 -4.399580 220.633000 440.407000 -13 3542 1 0 1.000000
-16.521100 22.563500 0 -8.269200 1.323630 207.917000 440.294000 -13 3543 1 0 1.000000
-27.691000 -0.004649 0 -6.064110 -9.882570 216.963000 440.620000 -13 3544 1 0 1.000000
21.863900 -16.238200 0 -9.256050 14.372800 201.973000 440.477000 -13 3545 1 0 1.000000
-12.122900 20.610900 0 -14.095500 -16.576000 232.129000 440.249000 -13 3546 1 0 1.000000
-16.822900 -26.976100 0 -25.126400 -11.963600 228.521000 440.507000 -13 3547 1 0 1.000000
-0.008079 -10.541900 0 -16.418800 -0.552597 187.304000 440.359000 -13 3548 1 0 1.000000
-14.599100 9.629510 0 -10.931000 -11.307300 191.125000 440.182000 -13 3549 1 0 1.000000
10.727800 -16.721700 0 -2.790510 9.079490 206.869000 439.882000 -13 3550 1 0 1.000000
23.926200 -14.964000 0 -26.659300 12.239400 188.991000 440.243000 -13 3551 1 0 1.000000
1.857320 9.985570 0 -12.624700 6.586590 208.167000 440.338000 -13 3552 1 0 1.000000
-62.904400 -17.880100 0 -11.949700 -5.502460 205.073000 440.509000 -13 3553 1 0 1.000000
23.986100 -12.948400 0 6.642020 -0.967672 200.759000 440.288000 -13 3554 1 0 1.000000
0.434161 -7.943540 0 -1.687290 -6.501700 206.577000 440.403000 -13 3555 1 0 1.000000
7.598430 -23.967800 0 -25.767900 -5.904090 213.011000 440.039000 -13 3556 1 0 1.000000
20.431900 -22.282400 0 -2.624410 4.405090 185.344000 440.229000 -13 3557 1 0 1.000000
35.155700 -19.374800 0 9.421820 -19.491500 194.658000 439.960000 -13 3558 1 0 1.000000
-26.400000 -19.465600 0 -8.385180 2.473260 207.846000 440.556000 -13 3559 1 0 1.000000
-21.461200 -17.695700 0 -3.159010 -3.972330 224.405000 440.602000 -13 3560 1 0 1.000000
-11.484700 -1.059560 0 10.087000 -19.449300 214.082000 440.038000 -13 3561 1 0 1.000000
14.841600 -32.735500 0 23.270800 -9.371770 197.782000 440.098000 -13 3562 1 0 1.000000
-30.664000 6.271340 0 1.513910 10.979200 243.705000 440.104000 -13 3563 1 0 1.000000
-65.770800 8.769130 0 0.862223 1.216810 246.140000 440.027000 -13 3564 1 0 1.000000
-17.061700 2.549440 0 11.262800 4.550220 230.395000 440.095000 -13 3565 1 0 1.000000
-4.522730 -14.005700 0 -1.636520 -8.706230 229.603000 440.413000 -13 3566 1 0 1.000000
-2.306060 -22.824200 0 -1.785100 -9.449300 228.565000 440.518000 -13 3567 1 0 1.000000
-15.616000 -11.754600 0 4.333130 22.521700 207.926000 440.457000 -13 3568 1 0 1.000000
-39.701600 -12.477500 0 -4.756720 0.175940 256.355000 440.543000 -13 3569 1 0 1.000000
-2.018230 -26.548400 0 18.177500 1.593160 212.583000 440.678000 -13 3570 1 0 1.000000
-17.501900 -4.052560 0 -7.568730 -17.284400 227.052000 440.424000 -13 3571 1 0 1.000000
-5.720370 -13.286300 0 23.257100 1.805620 229.704000 440.511000 -13 3572 1 0 1.000000
-14.651900 -22.404800 0 9.191600 -14.153200 216.297000 440.509000 -13 3573 1 0 1.000000
-1.393510 11.607600 0 1.112010 -2.493400 209.307000 440.181000 -13 3574 1 0 1.000000
-8.184320 -32.487500 0 -20.117200 -1.165340 196.900000 440.127000 -13 3575 1 0 1.000000
-5.678340 -13.446500 0 -18.594200 -0.044554 190.474000 440.228000 -13 3576 1 0 1.000000
-1.924180 10.445200 0 3.499000 -9.276830 207.365000 440.383000 -13 3577 1 0 1.000000
-24.688600 -28.144300 0 -5.820630 1.985990 203.006000 440.211000 -13 3578 1 0 1.000000
-27.128700 -23.510100 0 -14.683500 11.293400 195.899000 440.202000 -13 3579 1 0 1.000000
-4.346650 9.949140 0 11.442800 -6.378970 201.827000 440.360000 -13 3580 1 0 1.000000
-10.284800 -30.547100 0 -26.410400 -25.951300 196.875000 439.909000 -13 3581 1 0 1.000000
-20.609900 3.748230 0 -2.081740 15.655700 198.425000 440.218000 -13 3582 1 0 1.000000
13.736700 8.618750 0 6.284780 -9.660290 206.093000 440.301000 -13 3583 1 0 1.000000
-7.809620 -15.575700 0 0.626004 -15.623700 229.806000 439.989000 -13 3584 1 0 1.000000
14.541500 -12.762100 0 -11.796700 -15.724100 196.310000 440.221000 -13 3585 1 0 1.000000
0.963305 13.938700 0 5.025260 -18.616200 202.967000 440.143000 -13 3586 1 0 1.000000
0.659578 10.336300 0 1.195310 -3.395730 195.815000 440.191000 -13 3587 1 0 1.000000
9.371030 3.185960 0 3.039660 12.277700 213.462000 440.113000 -13 3588 1 0 1.000000
-12.849800 6.282850 0 5.215610 5.800200 202.295000 440.047000 -13 3589 1 0 1.000000
11.874000 1.787060 0 -9.566170 -2.508190 188.886000 440.083000 -13 3590 1 0 1.000000
-0.744724 -18.213500 0 -9.413600 23.993500 199.332000 440.001000 -13 3591 1 0 1.000000
-1.429840 -7.068340 0 -6.126890 9.650920 214.129000 440.206000 -13 3592 1 0 1.000000
-27.836100 -5.850260 0 1.525340 -17.586100 212.297000 440.409000 -13 3593 1 0 1.000000
12.209200 -25.063700 0 -4.479850 -13.583600 215.396000 440.356000 -13 3594 1 0 1.000000
4.107890 -13.679400 0 2.755890 -5.237730 195.403000 440.385000 -13 3595 1 0 1.000000
22.489600 28.325000 0 -18.404400 -3.852620 210.258000 440.383000 -13 3596 1 0 1.000000
25.084700 -13.283400 0 -9.105970 -6.573960 207.306000 440.552000 -13 3597 1 0 1.000000
-4.299340 -12.148900 0 8.322920 9.698580 210.423000 440.335000 -13 3598 1 0 1.000000
25.562900 -3.187770 0 -15.696200 -4.418140 204.257000 440.402000 -13 3599 1 0 1.000000
7.296390 -7.890490 0 -5.896670 -0.911913 207.314000 440.295000 -13 3600 1 0 1.000000
-2.280620 -24.954800 0 -12.400700 1.294670 213.700000 440.314000 -13 3601 1 0 1.000000
-8.678520 -4.534930 0 13.869700 3.050730 201.197000 440.508000 -13 3602 1 0 1.000000
10.310600 -5.620330 0 7.442350 -19.026500 196.221000 440.537000 -13 3603 1 0 1.000000
-26.408600 7.113930 0 -9.324020 9.317810 212.326000 440.365000 -13 3604 1 0 1.000000
-12.664400 -11.921300 0 13.691900 -11.736100 216.786000 440.340000 -13 3605 1 0 1.000000
13.547200 -24.386000 0 -4.899140 4.815060 194.781000 440.259000 -13 3606 1 0 1.000000
5.436370 9.382720 0 -17.667200 1.575710 209.207000 440.446000 -13 3607 1 0 1.000000
-33.672000 14.636500 0 -7.484210 -12.101700 201.678000 440.385000 -13 3608 1 0 1.000000
-28.386300 -41.908600 0 -6.583310 2.750800 201.907000 439.853000 -13 3609 1 0 1.000000
-13.223800 -8.590070 0 9.772530 -2.740850 203.617000 440.501000 -13 3610 1 0 1.000000
-17.089200 -23.617800 0 15.146700 -10.010100 185.320000 440.550000 -13 3611 1 0 1.000000
30.745500 -32.661200 0 -2.467200 8.312740 209.370000 440.423000 -13 3612 1 0 1.000000
-12.821800 -6.298130 0 -1.891590 -12.855500 216.716000 440.406000 -13 3613 1 0 1.000000
-0.271114 -21.056100 0 -0.297828 -11.399100 215.268000 440.473000 -13 3614 1 0 1.000000
17.062700 -44.077300 0 41.178400 1.488270 182.325000 440.048000 -13 3615 1 0 1.000000
-2.317840 -9.773450 0 9.199010 11.930200 217.215000 440.475000 -13 3616 1 0 1.000000
0.246066 -12.482900 0 12.681300 -2.509850 206.236000 440.215000 -13 3617 1 0 1.000000
-20.933200 -19.185300 0 13.001800 -8.095720 222.465000 440.188000 -13 3618 1 0 1.000000
-33.353600 11.679100 0 -6.653250 -11.844700 223.821000 440.004000 -13 3619 1 0 1.000000
-36.771400 8.947630 0 -9.032200 8.648680 228.784000 440.237000 -13 3620 1 0 1.000000
-18.731400 24.844700 0 4.112760 -19.523400 213.708000 440.222000 -13 3621 1 0 1.000000
-38.377300 15.646800 0 -6.317970 5.811920 214.671000 440.297000 -13 3622 1 0 1.000000
-20.198000 0.858159 0 -17.360800 15.016500 215.102000 440.208000 -13 3623 1 0 1.000000
13.446300 -36.437900 0 -25.778100 8.774210 205.962000 440.173000 -13 3624 1 0 1.000000
-0.652588 -21.451500 0 -8.251600 -0.467796 203.466000 440.382000 -13 3625 1 0 1.000000
18.750000 -22.048800 0 7.942040 -8.663280 194.106000 440.451000 -13 3626 1 0 1.000000
-1.344720 -3.740520 0 -17.431100 4.445200 196.778000 440.189000 -13 3627 1 0 1.000000
11.861400 -19.834100 0 -7.486880 -1.036360 204.931000 440.394000 -13 3628 1 0 1.000000
18.568400 -0.633397 0 -1.298670 -1.743330 201.101000 440.376000 -13 3629 1 0 1.000000
25.684000 -16.819200 0 -1.899460 0.494834 211.115000 440.391000 -13 3630 1 0 1.000000
1.672430 -11.204200 0 5.860450 -20.847900 177.695000 440.019000 -13 3631 1 0 1.000000
3.797560 -11.110400 0 2.114680 0.175276 207.952000 440.406000 -13 3632 1 0 1.000000
4.585860 -15.029100 0 -9.672700 8.181040 204.840000 440.418000 -13 3633 1 0 1.000000
24.126600 -14.961700 0 4.381430 19.947700 214.197000 440.719000 -13 3634 1 0 1.000000
22.380800 -28.952200 0 -8.016730 -1.947050 230.592000 440.704000 -13 3635 1 0 1.000000
-14.909900 -14.242600 0 -1.636880 -8.757530 246.329000 440.471000 -13 3636 1 0 1.000000
-14.006500 -11.672900 0 6.674070 3.116660 203.806000 440.694000 -13 3637 1 0 1.000000
-2.229530 -28.319100 0 9.807530 2.822070 195.308000 440.586000 -13 3638 1 0 1.000000
-4.270300 7.691100 0 -6.253790 -0.056595 215.141000 440.613000 -13 3639 1 0 1.000000
-3.987860 0.724851 0 -1.219640 -24.399400 205.992000 439.980000 -13 3640 1 0 1.000000
-22.107400 -15.497600 0 -1.627610 10.428900 237.269000 440.323000 -13 3641 1 0 1.000000
-20.625800 -17.418900 0 -2.840630 -8.191200 208.409000 440.010000 -13 3642 1 0 1.000000
9.130020 2.007380 0 -4.987500 7.081580 193.664000 440.059000 -13 3643 1 0 1.000000
17.799300 -18.175800 0 -3.499450 -1.429810 207.784000 440.070000 -13 3644 1 0 1.000000
-9.984910 3.670080 0 -7.918560 2.650740 203.896000 439.960000 -13 3645 1 0 1.000000
-34.086700 -8.997970 0 -8.830500 -11.497900 209.080000 440.063000 -13 3646 1 0 1.000000
28.732600 -8.148290 0 -3.195170 2.515840 204.349000 440.115000 -13 3647 1 0 1.000000
9.325950 -10.432800 0 -4.911640 11.483500 198.612000 440.174000 -13 3648 1 0 1.000000
12.563700 -5.799660 0 6.099670 2.823990 188.955000 440.064000 -13 3649 1 0 1.000000
32.613100 -21.062200 0 -10.425600 18.138200 220.982000 440.442000 -13 3650 1 0 1.000000
-26.673100 -1.343090 0 0.268048 9.431400 218.217000 440.323000 -13 3651 1 0 1.000000
17.025000 1.955000 0 1.262470 14.932100 189.650000 440.517000 -13 3652 1 0 1.000000
8.574550 -13.063300 0 -4.902100 19.872200 209.799000 440.487000 -13 3653 1 0 1.000000
-3.886040 -11.487600 0 -9.616260 -0.575820 210.708000 440.468000 -13 3654 1 0 1.000000
-41.538700 3.026460 0 -33.659500 -9.736040 223.940000 440.558000 -13 3655 1 0 1.000000
-9.767370 -46.000400 0 7.986640 -11.389300 207.383000 440.403000 -13 3656 1 0 1.000000
-22.263500 -11.751900 0 -6.619680 8.098020 191.130000 440.418000 -13 3657 1 0 1.000000
24.771500 -25.477800 0 -20.690600 8.414530 201.815000 440.503000 -13 3658 1 0 1.000000
-2.223010 -24.333700 0 0.072069 -6.421570 193.796000 440.181000 -13 3659 1 0 1.000000
-7.946460 -14.351700 0 2.812630 11.779700 190.705000 440.238000 -13 3660 1 0 1.000000
-15.066300 -9.228510 0 -4.917210 10.497900 197.318000 440.382000 -13 3661 1 0 1.000000
-6.270940 -24.305700 0 -6.461690 4.354730 197.115000 440.105000 -13 3662 1 0 1.000000
9.219340 20.028400 0 2.133790 -29.412400 234.963000 439.927000 -13 3663 1 0 1.000000
2.256080 -11.569300 0 -13.103100 3.530190 199.294000 440.120000 -13 3664 1 0 1.000000
-12.361400 -28.945100 0 -19.399400 3.013190 202.421000 440.088000 -13 3665 1 0 1.000000
-37.710900 -7.298080 0 -8.493180 -6.070420 213.028000 440.292000 -13 3666 1 0 1.000000
-30.336600 -36.187400 0 4.438220 -4.498030 225.015000 440.374000 -13 3667 1 0 1.000000
-25.391000 -10.186600 0 19.443100 13.140500 209.339000 440.558000 -13 3668 1 0 1.000000
7.971580 -26.340100 0 -1.601470 5.087060 231.826000 440.401000 -13 3669 1 0 1.000000
-3.648020 0.492606 0 -2.334190 2.107860 216.685000 440.345000 -13 3670 1 0 1.000000
5.338120 -11.445000 0 7.078660 -3.397880 219.224000 440.447000 -13 3671 1 0 1.000000
29.065900 11.808200 0 -16.426300 -20.099200 207.331000 440.499000 -13 3672 1 0 1.000000
12.647700 -26.028800 0 -15.671800 -10.576500 217.600000 440.253000 -13 3673 1 0 1.000000
-15.140200 8.381480 0 6.779540 -7.925210 224.011000 440.505000 -13 3674 1 0 1.000000
-5.065310 -17.968300 0 -6.868340 -3.728050 224.140000 440.317000 -13 3675 1 0 1.000000
19.567600 -8.041690 0 1.974500 -8.358560 226.052000 440.474000 -13 3676 1 0 1.000000
-8.787240 -17.880900 0 2.185710 -33.560200 222.989000 440.252000 -13 3677 1 0 1.000000
10.403400 -18.309500 0 -0.054069 -6.168930 218.286000 440.376000 -13 3678 1 0 1.000000
-12.173800 -21.365500 0 0.983502 -20.966000 225.840000 440.248000 -13 3679 1 0 1.000000
17.997800 -36.333900 0 0.353384 -9.377530 229.627000 440.424000 -13 3680 1 0 1.000000
-2.745050 31.664600 0 11.245700 -12.690700 216.844000 440.303000 -13 3681 1 0 1.000000
-14.617800 -8.635660 0 -2.819840 -1.376920 214.741000 440.157000 -13 3682 1 0 1.000000
-9.048290 -16.790300 0 -8.590550 -27.565000 217.210000 440.171000 -13 3683 1 0 1.000000
-12.102600 -27.395900 0 -13.903700 7.892480 228.720000 440.278000 -13 3684 1 0 1.000000
-12.145200 -11.095800 0 -14.252500 -4.321410 211.723000 440.256000 -13 3685 1 0 1.000000
-28.200700 -5.850720 0 -12.546700 -4.606990 226.485000 440.399000 -13 3686 1 0 1.000000
14.350100 -18.200900 0 6.080040 -1.185860 225.447000 440.331000 -13 3687 1 0 1.000000
-2.724990 -22.481300 0 3.786770 2.440120 210.073000 440.275000 -13 3688 1 0 1.000000
3.288390 -9.319010 0 -17.228000 0.450071 228.364000 440.307000 -13 3689 1 0 1.000000
-14.004000 1.079560 0 -18.687400 -6.904870 212.081000 440.284000 -13 3690 1 0 1.000000
9.506310 -21.334000 0 0.900997 -19.913200 209.314000 440.170000 -13 3691 1 0 1.000000
21.457600 -15.058800 0 -8.395930 2.087900 192.588000 440.493000 -13 3692 1 0 1.000000
8.843260 -27.842100 0 13.948100 -7.355200 189.492000 440.422000 -13 3693 1 0 1.000000
1.858840 -9.504570 0 -3.120720 1.718350 195.352000 440.443000 -13 3694 1 0 1.000000
15.504600 -11.861200 0 -9.030090 -4.266250 207.969000 440.302000 -13 3695 1 0 1.000000
14.731400 -17.226000 0 -3.761630 -10.278100 208.568000 440.215000 -13 3696 1 0 1.000000
-2.466000 -6.316830 0 32.700500 -7.187820 199.645000 440.329000 -13 3697 1 0 1.000000
-14.210000 -22.486100 0 -2.468070 3.748590 186.363000 440.120000 -13 3698 1 0 1.000000
21.024100 2.919930 0 10.126100 -2.648540 197.107000 440.201000 -13 3699 1 0 1.000000
29.528800 -13.158200 0 2.627630 2.051400 197.457000 440.348000 -13 3700 1 0 1.000000
17.275500 -11.151200 0 14.274300 -2.818000 184.490000 440.264000 -13 3701 1 0 1.000000
-4.716660 -11.940100 0 -13.691000 5.179970 186.887000 440.111000 -13 3702 1 0 1.000000
-1.592200 -37.455100 0 -10.207900 -16.298300 193.789000 440.184000 -13 3703 1 0 1.000000
-1.157920 -9.067760 0 10.193700 -1.109520 190.474000 439.984000 -13 3704 1 0 1.000000
5.432570 -17.730300 0 -1.247400 0.565490 177.865000 440.220000 -13 3705 1 0 1.000000
19.237600 3.508040 0 21.868900 -6.892610 229.986000 440.706000 -13 3706 1 0 1.000000
-27.238000 4.108780 0 -3.181350 -7.747020 197.618000 439.972000 -13 3707 1 0 1.000000
10.796900 -21.729000 0 0.170939 -20.753900 203.296000 440.462000 -13 3708 1 0 1.000000
-32.331000 -11.884400 0 -6.026680 1.607700 201.301000 440.174000 -13 3709 1 0 1.000000
37.785900 -3.175510 0 -54.158800 -17.895300 238.505000 439.788000 -13 3710 1 0 1.000000
12.181200 3.310440 0 -17.698700 15.217500 212.447000 440.358000 -13 3711 1 0 1.000000
19.674500 13.198900 0 7.694450 0.046397 252.389000 440.584000 -13 3712 1 0 1.000000
-1.836520 -17.198700 0 7.723100 6.520330 214.998000 440.395000 -13 3713 1 0 1.000000
-37.766900 -26.876400 0 4.151530 10.276100 211.565000 440.226000 -13 3714 1 0 1.000000
15.892600 -25.971700 0 16.076400 3.899980 206.373000 440.245000 -13 3715 1 0 1.000000
35.286200 -31.829300 0 -32.367500 6.498680 202.312000 440.404000 -13 3716 1 0 1.000000
-4.839720 -29.995600 0 -12.629000 6.345030 211.505000 440.064000 -13 3717 1 0 1.000000
9.015240 -15.768000 0 -4.455610 -11.836200 195.771000 440.129000 -13 3718 1 0 1.000000
-2.296630 -20.920900 0 2.389870 -9.440530 197.048000 440.292000 -13 3719 1 0 1.000000
-12.367900 2.086660 0 15.326900 -2.643870 196.456000 440.279000 -13 3720 1 0 1.000000
13.099400 -29.121500 0 -11.267000 17.846000 226.842000 440.456000 -13 3721 1 0 1.000000
-34.572600 -20.371300 0 -24.642300 2.418880 225.324000 440.172000 -13 3722 1 0 1.000000
-6.564190 -15.335800 0 1.382530 -1.021610 215.428000 440.541000 -13 3723 1 0 1.000000
2.384370 -12.251800 0 10.122100 1.370540 236.475000 440.214000 -13 3724 1 0 1.000000
-0.701798 -19.833800 0 -11.602700 3.853430 227.949000 440.187000 -13 3725 1 0 1.000000
-13.513900 12.846500 0 0.920117 -6.671350 220.850000 440.173000 -13 3726 1 0 1.000000
0.722069 -11.577400 0 22.463500 -30.296400 230.087000 440.306000 -13 3727 1 0 1.000000
-4.405330 0.359374 0 -8.402210 -0.962690 215.370000 440.203000 -13 3728 1 0 1.000000
-19.483100 -23.231000 0 -4.979050 12.983500 217.238000 440.443000 -13 3729 1 0 1.000000
2.068790 -46.397900 0 -5.983330 18.647900 222.786000 440.410000 -13 3730 1 0 1.000000
17.890400 15.555800 0 -8.987750 -20.487600 238.215000 440.235000 -13 3731 1 0 1.000000
3.401100 12.500200 0 -6.398140 7.627970 219.515000 440.108000 -13 3732 1 0 1.000000
-0.686090 -9.707960 0 -8.417770 2.231170 217.997000 440.129000 -13 3733 1 0 1.000000
-11.841700 2.978200 0 -11.564300 6.520310 208.589000 440.194000 -13 3734 1 0 1.000000
-32.595400 -5.678510 0 15.740000 2.371490 217.665000 440.322000 -13 3735 1 0 1.000000
-7.498500 -7.328700 0 -16.216500 20.650400 206.561000 440.145000 -13 3736 1 0 1.000000
-36.771900 -9.865350 0 -2.400480 -9.181530 227.043000 440.276000 -13 3737 1 0 1.000000
-19.400000 -2.015740 0 -12.762700 -16.535300 216.351000 440.332000 -13 3738 1 0 1.000000
-8.905800 -17.151300 0 -8.281940 -2.383870 229.414000 440.162000 -13 3739 1 0 1.000000
-17.366700 1.595940 0 -16.156300 -2.504210 188.739000 440.244000 -13 3740 1 0 1.000000
-12.021100 -10.535100 0 -7.484800 13.680000 197.784000 440.429000 -13 3741 1 0 1.000000
13.744600 -20.685500 0 7.872700 -12.412400 190.699000 440.328000 -13 3742 1 0 1.000000
1.779310 -21.208200 0 -3.870530 -3.994120 188.185000 440.366000 -13 3743 1 0 1.000000
-7.451880 -1.271790 0 6.501460 -5.187120 195.281000 440.325000 -13 3744 1 0 1.000000
-15.172600 -6.558560 0 7.110420 -9.143930 185.249000 440.084000 -13 3745 1 0 1.000000
1.970420 -25.528200 0 -10.974200 -7.302150 195.875000 440.336000 -13 3746 1 0 1.000000
-8.038850 -3.328230 0 -8.754760 18.386800 200.213000 440.232000 -13 3747 1 0 1.000000
17.898500 -9.051270 0 -0.365749 -7.475280 200.279000 440.437000 -13 3748 1 0 1.000000
-29.485100 1.510400 0 34.231500 13.396000 216.066000 439.933000 -13 3749 1 0 1.000000
14.281200 -6.433760 0 -0.490759 -22.953100 180.026000 440.365000 -13 3750 1 0 1.000000
-17.332500 -11.032500 0 -12.238600 -1.557380 226.133000 440.256000 -13 3751 1 0 1.000000
-14.419300 8.680670 0 1.050940 2.385000 226.510000 440.540000 -13 3752 1 0 1.000000
8.921140 -18.476900 0 -3.243720 11.169500 233.080000 440.155000 -13 3753 1 0 1.000000
-5.174940 -29.686300 0 6.158820 -3.786110 230.676000 440.121000 -13 3754 1 0 1.000000
-5.771930 -10.356800 0 12.023600 -3.250870 222.011000 440.303000 -13 3755 1 0 1.000000
2.683230 -17.503500 0 -8.894350 1.629110 192.169000 440.015000 -13 3756 1 0 1.000000
27.399900 -6.287460 0 10.078100 31.448100 208.496000 440.396000 -13 3757 1 0 1.000000
12.776500 -36.450900 0 6.992810 9.623570 229.086000 440.468000 -13 3758 1 0 1.000000
-36.535700 0.687339 0 3.522650 2.020170 223.131000 440.708000 -13 3759 1 0 1.000000
2.596290 2.605980 0 14.207600 -12.835900 194.811000 440.307000 -13 3760 1 0 1.000000
3.400830 -37.338800 0 -10.452900 -5.161340 205.244000 440.400000 -13 3761 1 0 1.000000
-24.257400 -11.944900 0 12.536200 3.875880 197.228000 440.303000 -13 3762 1 0 1.000000
-0.289397 -10.385000 0 0.086721 -1.871110 190.359000 440.278000 -13 3763 1 0 1.000000
14.326700 -5.643470 0 -14.903200 -3.170860 204.712000 440.398000 -13 3764 1 0 1.000000
-1.648090 -13.953300 0 3.195290 2.037820 192.840000 440.339000 -13 3765 1 0 1.000000
-17.522400 -27.655000 0 -0.666090 -1.649960 202.277000 440.426000 -13 3766 1 0 1.000000
23.182200 -7.586540 0 1.075570 7.809090 195.403000 440.395000 -13 3767 1 0 1.000000
4.323560 -5.023180 0 -8.808060 -6.670930 211.350000 440.333000 -13 3768 1 0 1.000000
-0.248209 -28.739900 0 0.801115 -16.400100 214.110000 440.079000 -13 3769 1 0 1.000000
-6.908200 -3.918470 0 9.745730 -4.799780 204.312000 440.154000 -13 3770 1 0 1.000000
0.224133 -13.482900 0 -21.598200 3.121890 196.982000 440.120000 -13 3771 1 0 1.000000
-7.390340 2.231100 0 5.682640 13.563800 211.576000 439.988000 -13 3772 1 0 1.000000
0.784788 -34.768100 0 4.901250 -0.402920 208.242000 440.083000 -13 3773 1 0 1.000000
-21.485600 -21.446300 0 37.085900 8.083400 211.363000 440.349000 -13 3774 1 0 1.000000
16.505100 -19.835400 0 0.535407 -8.054540 220.517000 440.096000 -13 3775 1 0 1.000000
-16.000200 5.069070 0 4.349450 -2.368410 204.907000 440.242000 -13 3776 1 0 1.000000
-4.335090 1.115570 0 15.747200 -15.627400 211.746000 440.153000 -13 3777 1 0 1.000000
-11.278400 -18.262900 0 -4.762830 -5.181940 199.308000 440.161000 -13 3778 1 0 1.000000
-18.780500 -10.796300 0 9.012010 24.086200 202.420000 440.409000 -13 3779 1 0 1.000000
-14.176100 -29.517000 0 -5.374280 -10.095400 202.730000 440.505000 -13 3780 1 0 1.000000
20.303200 7.628640 0 -2.435630 -15.305400 226.302000 440.029000 -13 3781 1 0 1.000000
-16.837600 -23.846600 0 -15.143600 -7.429380 197.814000 440.200000 -13 3782 1 0 1.000000
4.148860 -27.878700 0 6.974990 0.634902 195.839000 440.126000 -13 3783 1 0 1.000000
-18.016800 -10.366200 0 11.973800 -9.239060 199.806000 440.022000 -13 3784 1 0 1.000000
-5.667430 -20.770100 0 -2.021950 3.446530 195.479000 439.983000 -13 3785 1 0 1.000000
-4.134120 -17.367100 0 22.408300 -11.935100 190.756000 440.094000 -13 3786 1 0 1.000000
-7.529480 9.872140 0 3.034880 -24.092600 223.042000 439.887000 -13 3787 1 0 1.000000
-9.471340 -4.991540 0 -17.177900 2.821510 207.521000 440.045000 -13 3788 1 0 1.000000
-89.619100 60.850400 0 17.071600 -9.031310 276.759000 440.144000 -13 3789 1 0 1.000000
-9.409510 -15.384400 0 -21.125700 -8.183480 193.621000 440.149000 -13 3790 1 0 1.000000
5.957000 -36.619200 0 -15.225400 -4.085400 202.110000 439.961000 -13 3791 1 0 1.000000
-19.646600 -11.263700 0 -8.674710 6.189840 212.864000 439.961000 -13 3792 1 0 1.000000
-15.085600 4.742080 0 6.957370 11.977100 199.924000 440.152000 -13 3793 1 0 1.000000
14.776900 -32.740800 0 -8.628690 11.478500 189.825000 440.128000 -13 3794 1 0 1.000000
13.906000 2.831060 0 -16.882300 22.073600 195.247000 440.251000 -13 3795 1 0 1.000000
2.218060 -12.445600 0 -1.037470 11.161100 206.392000 440.014000 -13 3796 1 0 1.000000
-10.458700 12.033400 0 -6.135330 6.803650 191.632000 440.204000 -13 3797 1 0 1.000000
-21.148300 0.215485 0 6.687160 -0.226685 195.451000 440.220000 -13 3798 1 0 1.000000
8.876560 -23.946700 0 5.026120 0.196742 196.964000 440.224000 -13 3799 1 0 1.000000
17.289900 -16.440400 0 6.371750 -16.479900 203.286000 440.224000 -13 3800 1 0 1.000000
21.085100 -14.774600 0 -9.850340 -5.900340 191.460000 440.255000 -13 3801 1 0 1.000000
7.457120 -26.805900 0 -3.420210 7.071390 191.213000 440.422000 -13 3802 1 0 1.000000
4.675490 2.423360 0 -15.315200 -5.983470 197.227000 439.991000 -13 3803 1 0 1.000000
-6.227400 -29.190900 0 14.901400 -10.203100 193.405000 440.254000 -13 3804 1 0 1.000000
-3.634910 -3.173410 0 -19.395000 18.195500 187.416000 440.115000 -13 3805 1 0 1.000000
-1.470070 2.025640 0 17.624800 14.237100 194.529000 440.359000 -13 3806 1 0 1.000000
12.890200 5.644290 0 1.549660 -10.596900 198.141000 440.149000 -13 3807 1 0 1.000000
-11.249400 4.209680 0 2.018410 5.516040 204.786000 440.332000 -13 3808 1 0 1.000000
-15.208700 -13.499900 0 -2.062760 -1.861390 206.716000 440.302000 -13 3809 1 0 1.000000
6.040670 -23.852600 0 -11.675000 1.666730 215.135000 440.486000 -13 3810 1 0 1.000000
-2.115530 -31.112200 0 14.358000 -15.387000 210.056000 440.355000 -13 3811 1 0 1.000000
13.740200 20.954000 0 -3.644960 -27.203800 216.779000 440.502000 -13 3812 1 0 1.000000
-1.246830 -21.458300 0 0.634286 1.962750 221.076000 440.351000 -13 3813 1 0 1.000000
-17.647200 -34.062800 0 -10.962600 -6.165900 224.777000 440.292000 -13 3814 1 0 1.000000
-10.981000 11.200800 0 -4.383310 -12.774600 206.106000 440.513000 -13 3815 1 0 1.000000
-11.977000 -12.392700 0 -1.096630 -13.156000 217.294000 440.347000 -13 3816 1 0 1.000000
-8.980790 -28.322600 0 16.299300 -8.275520 206.667000 440.469000 -13 3817 1 0 1.000000
14.050700 -11.911400 0 5.585430 6.114950 193.756000 440.290000 -13 3818 1 0 1.000000
2.998370 5.654680 0 18.905400 -0.166907 206.226000 440.114000 -13 3819 1 0 1.000000
-23.305200 3.962270 0 5.518770 -1.914350 202.596000 440.199000 -13 3820 1 0 1.000000
-19.795500 -25.469400 0 4.720110 0.299370 200.176000 440.060000 -13 3821 1 0 1.000000
4.143220 -86.309700 0 8.411640 5.219400 267.626000 440.032000 -13 3822 1 0 1.000000
7.062140 -37.321500 0 3.354010 -4.013170 229.723000 440.670000 -13 3823 1 0 1.000000
9.489840 -1.815910 0 9.335660 -3.039740 211.026000 440.162000 -13 3824 1 0 1.000000
-12.714900 4.642980 0 9.549770 -12.005300 215.970000 440.198000 -13 3825 1 0 1.000000
12.129500 -61.499900 0 -18.640400 18.893200 241.285000 440.034000 -13 3826 1 0 1.000000
-20.634100 -29.394900 0 0.296961 -9.063140 206.838000 440.165000 -13 3827 1 0 1.000000
4.674140 -26.120500 0 20.539000 1.666480 228.080000 440.321000 -13 3828 1 0 1.000000
6.589720 2.114450 0 8.867970 -21.211800 235.930000 440.242000 -13 3829 1 0 1.000000
9.140300 -1.775930 0 0.289023 -19.774500 226.227000 440.109000 -13 3830 1 0 1.000000
-10.957700 33.241000 0 24.904900 -30.708500 249.677000 440.375000 -13 3831 1 0 1.000000
-6.990850 -16.958000 0 -14.625600 0.033405 210.026000 440.055000 -13 3832 1 0 1.000000
-22.024800 -9.143180 0 -15.432900 1.907290 207.887000 440.008000 -13 3833 1 0 1.000000
0.102641 -21.604900 0 6.609260 0.956391 211.289000 440.078000 -13 3834 1 0 1.000000
2.611990 -28.832900 0 -14.511900 -22.021500 210.536000 440.092000 -13 3835 1 0 1.000000
-28.326400 7.462620 0 -2.800970 4.866040 212.856000 440.709000 -13 3836 1 0 1.000000
16.515000 -28.053800 0 -17.719500 9.434480 201.417000 440.526000 -13 3837 1 0 1.000000
-29.120900 18.123300 0 6.164270 -0.614360 202.438000 440.583000 -13 3838 1 0 1.000000
-10.847000 -49.572800 0 15.354800 -4.590930 180.843000 440.084000 -13 3839 1 0 1.000000
9.076360 -22.904900 0 3.255760 4.195470 211.453000 439.842000 -13 3840 1 0 1.000000
-16.786800 11.932900 0 11.890100 -29.331500 221.076000 439.761000 -13 3841 1 0 1.000000
-8.236900 -20.667000 0 -13.677100 -11.914400 192.030000 439.841000 -13 3842 1 0 1.000000
0.817010 -22.510800 0 -7.495810 -1.812610 191.336000 440.471000 -13 3843 1 0 1.000000
8.830430 2.393190 0 -21.417300 12.903500 173.740000 440.244000 -13 3844 1 0 1.000000
-7.412280 1.893870 0 -9.977220 -8.451340 217.283000 440.433000 -13 3845 1 0 1.000000
-5.634240 8.554500 0 12.768300 -11.268400 193.709000 440.250000 -13 3846 1 0 1.000000
-24.042100 -8.762060 0 8.488640 -10.100800 221.356000 440.355000 -13 3847 1 0 1.000000
18.331400 -4.398030 0 -10.127600 9.084400 183.801000 440.568000 -13 3848 1 0 1.000000
-15.763900 -2.598010 0 6.008510 -17.482900 192.468000 440.317000 -13 3849 1 0 1.000000
11.224900 0.479584 0 7.992250 9.057790 193.244000 440.418000 -13 3850 1 0 1.000000
1.109710 -6.148190 0 -6.935210 4.500000 206.851000 440.493000 -13 3851 1 0 1.000000
1.567450 -5.929020 0 0.953789 -8.760160 214.001000 440.395000 -13 3852 1 0 1.000000
-28.442700 -33.694800 0 -9.204000 -7.803700 193.642000 440.060000 -13 3853 1 0 1.000000
-21.992700 -7.911640 0 11.839900 23.293900 197.783000 440.430000 -13 3854 1 0 1.000000
-4.276780 -12.541700 0 17.780800 -25.872100 197.405000 440.534000 -13 3855 1 0 1.000000
-8.592530 -7.257790 0 14.727900 10.506900 203.822000 440.450000 -13 3856 1 0 1.000000
10.598800 -14.258900 0 -0.288879 2.668650 196.350000 440.355000 -13 3857 1 0 1.000000
-13.638900 -8.012140 0 6.637590 -6.644950 207.911000 440.275000 -13 3858 1 0 1.000000
-3.295190 -29.326800 0 2.554630 -13.809300 203.457000 440.368000 -13 3859 1 0 1.000000
0.760306 -21.125000 0 -8.814590 3.116910 209.489000 440.334000 -13 3860 1 0 1.000000
3.361670 -40.575200 0 -5.495200 -1.730680 208.247000 440.202000 -13 3861 1 0 1.000000
-33.995300 -8.931510 0 -40.463800 5.591490 195.038000 440.218000 -13 3862 1 0 1.000000
-25.615000 -5.726420 0 -9.023930 9.650640 204.586000 440.299000 -13 3863 1 0 1.000000
1.758740 -33.264600 0 4.374720 -3.788520 206.281000 440.297000 -13 3864 1 0 1.000000
-35.498000 9.223950 0 -14.892100 5.448310 217.255000 440.301000 -13 3865 1 0 1.000000
-5.397950 -13.084100 0 4.643970 13.731800 207.138000 440.248000 -13 3866 1 0 1.000000
11.233700 -21.329700 0 -19.343400 8.068420 206.062000 440.386000 -13 3867 1 0 1.000000
-12.595600 -15.874000 0 4.279140 3.139580 214.590000 440.300000 -13 3868 1 0 1.000000
-15.737200 -0.737154 0 -6.411870 23.867200 206.365000 440.334000 -13 3869 1 0 1.000000
-27.311600 22.162800 0 1.095570 15.111500 228.717000 440.260000 -13 3870 1 0 1.000000
-32.107000 0.284877 0 -0.698954 -12.256100 210.105000 440.353000 -13 3871 1 0 1.000000
12.389200 -13.744800 0 6.560820 -13.897300 200.310000 440.260000 -13 3872 1 0 1.000000
-12.120900 -0.021951 0 -3.046600 -7.425230 195.324000 440.161000 -13 3873 1 0 1.000000
-3.536670 -3.317390 0 -13.821000 8.598390 200.196000 440.267000 -13 3874 1 0 1.000000
24.940300 15.976800 0 17.069700 -20.189400 209.854000 440.174000 -13 3875 1 0 1.000000
-20.238600 -1.464800 0 -3.141210 -0.553045 196.682000 440.109000 -13 3876 1 0 1.000000
4.619600 -9.132000 0 19.881900 -15.783900 200.606000 440.148000 -13 3877 1 0 1.000000
7.814390 -13.237500 0 -19.566300 6.031030 219.307000 439.963000 -13 3878 1 0 1.000000
6.721400 -17.137000 0 -5.365850 -6.865570 190.819000 440.281000 -13 3879 1 0 1.000000
12.644500 -9.421430 0 -12.443500 -3.564770 199.788000 440.138000 -13 3880 1 0 1.000000
-7.630030 1.112700 0 -7.127390 -1.911810 197.630000 440.253000 -13 3881 1 0 1.000000
-6.548180 -12.989500 0 3.219130 16.882100 215.952000 439.894000 -13 3882 1 0 1.000000
2.872660 -0.287651 0 -4.675050 -15.310800 233.115000 440.128000 -13 3883 1 0 1.000000
19.344500 3.551450 0 -3.239180 -10.315800 235.218000 440.207000 -13 3884 1 0 1.000000
-14.865900 1.395360 0 2.714330 12.125100 203.789000 440.111000 -13 3885 1 0 1.000000
27.295200 -13.062400 0 -1.592160 -0.488320 226.192000 440.098000 -13 3886 1 0 1.000000
-19.122400 -8.355680 0 -6.476130 2.742980 207.798000 440.154000 -13 3887 1 0 1.000000
-30.403200 10.035600 0 4.167690 20.779200 226.729000 440.114000 -13 3888 1 0 1.000000
11.041900 -11.623800 0 4.541590 -6.354800 232.965000 440.216000 -13 3889 1 0 1.000000
-2.056330 -6.313490 0 -1.117640 -24.292700 204.806000 440.163000 -13 3890 1 0 1.000000
-18.501100 -19.691600 0 -19.668300 2.718400 228.058000 440.160000 -13 3891 1 0 1.000000
2.145160 -19.106600 0 7.761980 -0.694693 233.497000 440.426000 -13 3892 1 0 1.000000
-42.921500 -16.675200 0 11.855600 -4.968400 237.187000 440.504000 -13 3893 1 0 1.000000
-12.861500 -14.217400 0 6.702060 -3.586430 229.566000 440.574000 -13 3894 1 0 1.000000
-33.002100 13.406600 0 -3.212390 -7.965500 219.927000 440.623000 -13 3895 1 0 1.000000
-4.525230 -3.481960 0 -16.676300 -6.721170 212.307000 440.131000 -13 3896 1 0 1.000000
-17.389300 0.213753 0 -5.657310 27.264500 234.417000 440.256000 -13 3897 1 0 1.000000
-10.999300 -14.652700 0 -12.991200 25.052000 215.797000 440.469000 -13 3898 1 0 1.000000
-23.844800 17.964800 0 -1.760240 -2.369170 204.253000 440.382000 -13 3899 1 0 1.000000
-0.842889 16.960400 0 9.977120 -27.424400 192.990000 440.264000 -13 3900 1 0 1.000000
13.575900 -9.211570 0 -2.413490 -1.662760 212.599000 440.398000 -13 3901 1 0 1.000000
-10.297200 7.225030 0 -6.620180 -0.019616 199.418000 440.303000 -13 3902 1 0 1.000000
-5.764600 -20.968300 0 37.143700 -9.550980 215.786000 440.523000 -13 3903 1 0 1.000000
-17.733000 -7.192830 0 22.991100 -4.411090 203.677000 440.314000 -13 3904 1 0 1.000000
23.799300 -17.442000 0 19.530100 0.504045 193.699000 440.143000 -13 3905 1 0 1.000000
38.075900 -38.088200 0 -18.856100 4.109020 209.392000 440.406000 -13 3906 1 0 1.000000
6.095040 -32.945700 0 12.029200 -12.453400 203.275000 440.192000 -13 3907 1 0 1.000000
-17.819900 -5.690990 0 -5.786880 -5.422630 201.090000 440.230000 -13 3908 1 0 1.000000
29.463800 -17.111000 0 3.969130 10.387300 214.130000 440.049000 -13 3909 1 0 1.000000
-23.749900 -24.997200 0 -13.788000 -16.327900 225.491000 440.010000 -13 3910 1 0 1.000000
-32.953800 -15.919000 0 -6.531730 -14.933400 221.561000 440.112000 -13 3911 1 0 1.000000
-27.934500 -17.110400 0 -11.864400 -18.248100 233.402000 440.154000 -13 3912 1 0 1.000000
-48.088400 -20.909000 0 8.892460 8.858030 217.279000 440.028000 -13 3913 1 0 1.000000
-9.334930 -13.963500 0 12.744200 0.558902 219.352000 440.029000 -13 3914 1 0 1.000000
-35.031900 -5.668800 0 21.858100 -5.963820 196.087000 440.076000 -13 3915 1 0 1.000000
1.039650 -34.421000 0 20.989900 15.242500 194.260000 440.475000 -13 3916 1 0 1.000000
11.027900 -8.524040 0 7.285200 -23.869800 200.657000 440.589000 -13 3917 1 0 1.000000
1.301340 -16.744600 0 -1.307220 16.101100 211.931000 440.383000 -13 3918 1 0 1.000000
24.499000 -31.331100 0 2.599900 13.321600 204.164000 440.010000 -13 3919 1 0 1.000000
-2.863500 -16.647000 0 -10.661600 -0.218245 225.384000 440.440000 -13 3920 1 0 1.000000
-30.856900 -14.170700 0 -4.167260 13.918800 221.729000 440.328000 -13 3921 1 0 1.000000
-7.840390 -1.963230 0 3.638850 0.326978 212.554000 440.351000 -13 3922 1 0 1.000000
-7.396250 -1.710580 0 -5.632050 6.759220 220.228000 440.216000 -13 3923 1 0 1.000000
20.106300 -9.417370 0 13.142100 -5.899860 199.599000 440.099000 -13 3924 1 0 1.000000
0.302506 -21.009300 0 -1.666070 -12.684800 198.780000 440.183000 -13 3925 1 0 1.000000
25.632100 -8.131960 0 -6.136830 6.763840 207.903000 440.231000 -13 3926 1 0 1.000000
-8.594710 -33.551400 0 -14.101100 6.489820 197.249000 440.257000 -13 3927 1 0 1.000000
-3.776500 -21.576600 0 -16.957700 -3.859370 188.490000 440.167000 -13 3928 1 0 1.000000
11.692000 5.469410 0 1.182640 -4.378520 198.044000 440.266000 -13 3929 1 0 1.000000
16.199300 -13.417800 0 -7.978860 -9.593310 206.540000 440.244000 -13 3930 1 0 1.000000
-4.720330 -21.961000 0 2.761890 -14.758600 197.237000 440.192000 -13 3931 1 0 1.000000
-19.510200 -11.912200 0 -1.066060 -13.213100 222.933000 440.253000 -13 3932 1 0 1.000000
-34.546600 -11.255300 0 -0.309989 0.648456 225.216000 440.341000 -13 3933 1 0 1.000000
-7.538700 -19.438300 0 12.682500 -29.111600 210.485000 440.485000 -13 3934 1 0 1.000000
6.791940 -0.580153 0 -5.053550 -15.650300 219.605000 440.522000 -13 3935 1 0 1.000000
-5.951520 -23.070200 0 -10.679300 0.519308 226.852000 440.234000 -13 3936 1 0 1.000000
-1.079960 -20.759100 0 -15.129700 17.951500 215.641000 440.306000 -13 3937 1 0 1.000000
-45.002200 6.035010 0 -7.128840 5.803880 224.473000 440.196000 -13 3938 1 0 1.000000
24.555700 -37.487900 0 -6.991430 -13.972900 225.411000 440.316000 -13 3939 1 0 1.000000
-17.618900 -15.155500 0 0.342460 3.441580 226.891000 440.299000 -13 3940 1 0 1.000000
-5.900350 -14.975300 0 20.123100 -14.990800 201.297000 439.962000 -13 3941 1 0 1.000000
15.244000 6.373560 0 0.439279 -14.835000 206.960000 440.558000 -13 3942 1 0 1.000000
6.955640 16.157400 0 -2.222760 -2.034510 227.425000 440.425000 -13 3943 1 0 1.000000
4.330120 27.589200 0 -19.336300 -10.309900 220.890000 440.464000 -13 3944 1 0 1.000000
2.798770 -20.052000 0 0.544637 8.394870 189.806000 440.550000 -13 3945 1 0 1.000000
-4.625930 -3.041900 0 -17.035200 21.256400 183.781000 440.335000 -13 3946 1 0 1.000000
-16.152300 -12.259200 0 5.574060 16.886400 206.671000 440.628000 -13 3947 1 0 1.000000
6.921120 -11.105300 0 -4.310210 -5.211060 197.876000 440.282000 -13 3948 1 0 1.000000
12.933600 -41.638800 0 14.742500 12.157500 202.510000 440.058000 -13 3949 1 0 1.000000
-1.898420 1.451480 0 15.360700 -2.335070 197.040000 440.447000 -13 3950 1 0 1.000000
-15.053800 -23.765300 0 4.048130 -3.187310 206.197000 440.299000 -13 3951 1 0 1.000000
-16.880900 5.854320 0 -4.652530 8.817540 209.207000 440.496000 -13 3952 1 0 1.000000
-24.224500 -11.259700 0 -3.421160 -11.668700 210.181000 440.355000 -13 3953 1 0 1.000000
-28.665700 -24.813100 0 -5.220330 -6.514330 209.615000 440.445000 -13 3954 1 0 1.000000
0.578857 -6.105570 0 4.388440 -15.778800 190.713000 440.417000 -13 3955 1 0 1.000000
-19.492000 -6.409270 0 -12.290500 0.180634 196.481000 440.321000 -13 3956 1 0 1.000000
3.933340 -25.934200 0 -13.309500 -8.324270 196.072000 440.153000 -13 3957 1 0 1.000000
32.271200 -21.742500 0 2.522620 -15.397800 209.276000 440.382000 -13 3958 1 0 1.000000
-2.134510 -2.971290 0 15.196800 4.332230 206.162000 440.039000 -13 3959 1 0 1.000000
-22.144900 -21.269900 0 -1.923390 12.073000 204.705000 440.161000 -13 3960 1 0 1.000000
-11.451700 -36.383700 0 1.482610 0.462046 210.303000 440.237000 -13 3961 1 0 1.000000
-16.328900 14.602200 0 16.124800 -11.243700 201.310000 440.219000 -13 3962 1 0 1.000000
-2.784590 -0.261405 0 15.607100 8.751570 203.467000 440.167000 -13 3963 1 0 1.000000
-20.731000 20.257900 0 -10.536900 7.650380 208.437000 440.408000 -13 3964 1 0 1.000000
47.479300 -7.993830 0 -38.672500 -28.712100 210.427000 440.313000 -13 3965 1 0 1.000000
-1.525290 6.500040 0 4.022100 -3.905300 212.595000 440.502000 -13 3966 1 0 1.000000
-34.886600 -36.541100 0 -19.481600 4.585290 208.450000 440.409000 -13 3967 1 0 1.000000
-9.477400 20.549000 0 -14.051000 8.785820 221.896000 440.495000 -13 3968 1 0 1.000000
-15.739000 11.155200 0 3.897880 -6.735020 221.281000 440.304000 -13 3969 1 0 1.000000
-18.816600 -22.257000 0 -23.000700 16.597700 216.684000 440.381000 -13 3970 1 0 1.000000
-12.652300 -19.339200 0 -9.503820 19.803600 211.582000 440.584000 -13 3971 1 0 1.000000
-14.664900 -3.907340 0 -17.571200 14.405800 211.437000 440.576000 -13 3972 1 0 1.000000
-3.375800 -12.162600 0 6.443460 -10.814800 219.524000 440.328000 -13 3973 1 0 1.000000
16.976600 -28.007600 0 -1.086910 -5.417190 225.929000 440.253000 -13 3974 1 0 1.000000
17.046100 -2.294160 0 -3.178380 -18.564200 176.189000 440.282000 -13 3975 1 0 1.000000
-38.658200 -10.927700 0 39.373400 -2.127700 238.990000 440.356000 -13 3976 1 0 1.000000
-17.703800 -13.206700 0 -15.130600 -8.154290 227.690000 440.342000 -13 3977 1 0 1.000000
13.736200 -21.056500 0 14.936100 12.201300 185.391000 440.336000 -13 3978 1 0 1.000000
6.653470 9.550440 0 -5.997250 -1.967220 212.540000 440.402000 -13 3979 1 0 1.000000
-24.829200 -19.739500 0 7.929900 -7.668410 220.415000 440.435000 -13 3980 1 0 1.000000
-2.344810 -9.454270 0 16.632400 -6.807440 213.348000 440.546000 -13 3981 1 0 1.000000
3.516030 -38.788300 0 -10.142100 12.314200 216.764000 440.532000 -13 3982 1 0 1.000000
-4.620060 -4.641730 0 -1.740160 -23.549900 227.047000 440.404000 -13 3983 1 0 1.000000
-24.505200 -12.422000 0 22.320600 -18.212900 201.264000 439.934000 -13 3984 1 0 1.000000
1.400860 -18.629500 0 7.469150 -10.499900 202.011000 440.555000 -13 3985 1 0 1.000000
-33.006000 -30.363200 0 20.680500 -1.005650 240.601000 440.459000 -13 3986 1 0 1.000000
-6.640640 -19.345700 0 -8.364340 20.192100 211.097000 440.617000 -13 3987 1 0 1.000000
-25.786100 -18.120400 0 -39.921600 9.347370 241.849000 440.144000 -13 3988 1 0 1.000000
5.854840 -4.689250 0 -16.640900 11.146000 192.763000 439.896000 -13 3989 1 0 1.000000
20.036000 -25.574200 0 8.502220 3.611910 222.098000 439.834000 -13 3990 1 0 1.000000
-24.361400 7.794900 0 -5.235620 -3.575130 205.817000 440.329000 -13 3991 1 0 1.000000
-3.655860 -16.447900 0 18.036700 17.288900 198.461000 440.483000 -13 3992 1 0 1.000000
-10.240000 -1.940090 0 0.905794 0.840299 205.635000 440.372000 -13 3993 1 0 1.000000
15.045600 -14.652500 0 14.998000 -16.474500 196.909000 439.995000 -13 3994 1 0 1.000000
-5.536920 -13.075200 0 -5.353480 -16.642200 200.547000 440.265000 -13 3995 1 0 1.000000
9.642370 13.256600 0 1.040370 -6.121490 200.645000 440.212000 -13 3996 1 0 1.000000
-16.882100 -16.642700 0 0.460852 1.051380 206.825000 440.470000 -13 3997 1 0 1.000000
-21.174400 -3.743950 0 -11.977800 5.008620 193.657000 440.264000 -13 3998 1 0 1.000000
-6.036510 0.482892 0 -9.553130 -10.078800 235.542000 440.322000 -13 3999 1 0 1.000000
-25.652100 -18.726100 0 8.496810 -12.418500 217.061000 440.092000 -13 4000 1 0 1.000000
11.892100 -16.283300 0 -10.108600 -20.290100 227.550000 440.133000 -13 4001 1 0 1.000000
-4.583190 -17.804600 0 5.814220 2.678770 208.962000 440.041000 -13 4002 1 0 1.000000
-46.118300 -0.127545 0 -0.292965 -2.334430 213.329000 440.114000 -13 4003 1 0 1.000000
28.679600 1.211390 0 -6.974790 18.608600 222.736000 440.134000 -13 4004 1 0 1.000000
-9.415500 -28.349000 0 1.272960 11.588100 216.808000 440.640000 -13 4005 1 0 1.000000
-12.197000 -16.042700 0 -7.548570 2.537550 234.438000 440.229000 -13 4006 1 0 1.000000
-7.142960 3.443140 0 -2.667210 5.550300 199.749000 440.172000 -13 4007 1 0 1.000000
-14.210700 -27.909400 0 1.772540 10.318900 195.766000 440.294000 -13 4008 1 0 1.000000
-4.108070 -23.992100 0 -15.667100 -5.501350 221.091000 440.190000 -13 4009 1 0 1.000000
-15.383200 -20.173500 0 -18.009400 -27.440800 202.135000 440.230000 -13 4010 1 0 1.000000
-4.242080 -26.433400 0 6.972310 -18.043100 193.562000 440.240000 -13 4011 1 0 1.000000
-3.121220 -27.704700 0 -25.194800 -13.074300 188.623000 440.089000 -13 4012 1 0 1.000000
-2.898810 -24.026000 0 5.788850 -0.744677 202.596000 440.350000 -13 4013 1 0 1.000000
13.049600 -18.170400 0 0.915745 -21.306600 189.424000 440.176000 -13 4014 1 0 1.000000
-6.607160 20.473400 0 16.841100 -10.145000 205.643000 440.044000 -13 4015 1 0 1.000000
-19.429800 -31.051700 0 -2.305660 -0.235529 200.943000 440.281000 -13 4016 1 0 1.000000
-2.396510 -6.063930 0 -11.384900 -9.133970 199.117000 439.955000 -13 4017 1 0 1.000000
17.519000 -29.421700 0 -3.773400 -1.219540 201.843000 440.094000 -13 4018 1 0 1.000000
-15.398300 -24.294300 0 8.556320 -18.696000 223.674000 439.957000 -13 4019 1 0 1.000000
-32.846800 6.758260 0 13.977900 -7.030710 228.701000 439.996000 -13 4020 1 0 1.000000
-8.850540 -7.560970 0 -7.382710 -11.273500 184.425000 440.106000 -13 4021 1 0 1.000000
-11.990300 -2.950070 0 26.137300 3.539260 225.359000 439.927000 -13 4022 1 0 1.000000
-12.389500 -12.608000 0 -5.909540 10.807200 225.697000 440.064000 -13 4023 1 0 1.000000
16.753600 -1.505140 0 0.852753 -11.690400 201.814000 440.135000 -13 4024 1 0 1.000000
-15.303800 2.127040 0 2.948920 21.357700 207.502000 439.932000 -13 4025 1 0 1.000000
-25.132800 -19.505300 0 -8.139360 0.879035 200.311000 440.226000 -13 4026 1 0 1.000000
-11.828100 -2.665770 0 -4.724160 -8.424160 198.716000 440.695000 -13 4027 1 0 1.000000
-26.861900 -35.179800 0 3.834600 13.459600 232.878000 440.329000 -13 4028 1 0 1.000000
-4.152700 4.095460 0 3.173210 7.258090 221.824000 440.545000 -13 4029 1 0 1.000000
-23.556200 -29.920000 0 -1.683400 2.618430 226.381000 440.234000 -13 4030 1 0 1.000000
-11.866300 -17.823900 0 -5.466110 -0.735333 199.419000 440.638000 -13 4031 1 0 1.000000
-10.342300 1.353740 0 0.443539 -2.775010 225.012000 440.274000 -13 4032 1 0 1.000000
-33.262700 21.666400 0 -1.970230 -6.739160 194.703000 440.364000 -13 4033 1 0 1.000000
-12.440000 -13.249600 0 4.670360 -8.867090 187.379000 440.301000 -13 4034 1 0 1.000000
3.390440 -27.674700 0 -5.783150 -9.998910 193.292000 440.392000 -13 4035 1 0 1.000000
5.137880 0.567531 0 12.028300 15.969800 194.335000 440.218000 -13 4036 1 0 1.000000
-4.121950 -14.061100 0 -3.331200 -8.558010 180.774000 440.242000 -13 4037 1 0 1.000000
-26.990900 -10.148700 0 -2.551700 -2.224560 206.333000 440.447000 -13 4038 1 0 1.000000
2.476050 -26.832700 0 8.527110 -8.020880 205.686000 440.471000 -13 4039 1 0 1.000000
-12.115300 8.684310 0 2.783970 -0.521112 203.195000 440.365000 -13 4040 1 0 1.000000
8.851100 -3.054520 0 -1.234560 3.653420 200.606000 440.478000 -13 4041 1 0 1.000000
5.752060 -10.736900 0 4.258270 0.798492 223.075000 440.335000 -13 4042 1 0 1.000000
0.498818 -48.923300 0 12.238600 26.556800 223.593000 440.557000 -13 4043 1 0 1.000000
-25.668700 -22.874500 0 -16.251400 13.547800 223.482000 440.479000 -13 4044 1 0 1.000000
-19.987800 -28.692700 0 -8.969850 1.464250 201.678000 440.497000 -13 4045 1 0 1.000000
-18.511100 -2.906260 0 1.526550 4.780190 223.796000 440.187000 -13 4046 1 0 1.000000
-13.283900 -13.714500 0 -0.428998 1.302580 223.077000 440.529000 -13 4047 1 0 1.000000
-15.826500 -19.864700 0 -29.295300 7.078350 222.251000 440.396000 -13 4048 1 0 1.000000
6.066040 29.110900 0 14.669700 -0.013136 204.575000 440.637000 -13 4049 1 0 1.000000
-3.850360 -14.989700 0 -2.297220 -1.535300 220.367000 440.459000 -13 4050 1 0 1.000000
-6.761900 9.019080 0 -7.863770 -14.742200 183.411000 440.305000 -13 4051 1 0 1.000000
-29.253600 -38.857700 0 37.125000 -23.737400 242.855000 440.179000 -13 4052 1 0 1.000000
-54.923400 17.388400 0 27.887200 -0.599380 230.674000 440.515000 -13 4053 1 0 1.000000
-32.703900 17.078000 0 18.505900 -12.043200 229.337000 440.995000 -13 4054 1 0 1.000000
24.618500 -50.016200 0 7.990640 22.789300 203.604000 440.856000 -13 4055 1 0 1.000000
-17.344700 -32.470800 0 -4.178910 11.690700 207.376000 440.264000 -13 4056 1 0 1.000000
0.263241 -40.390200 0 0.114623 -2.205490 213.794000 440.462000 -13 4057 1 0 1.000000
-10.366100 -10.541000 0 -12.008100 15.552100 208.351000 440.286000 -13 4058 1 0 1.000000
-8.477840 -9.546310 0 8.242010 -10.986700 217.508000 440.298000 -13 4059 1 0 1.000000
-0.666194 -48.659100 0 1.777840 6.756390 215.888000 440.326000 -13 4060 1 0 1.000000
-17.899400 -12.476400 0 3.770970 3.685430 207.435000 440.277000 -13 4061 1 0 1.000000
-3.753770 -48.752800 0 1.572010 3.704290 215.976000 440.317000 -13 4062 1 0 1.000000
-23.550000 -4.604490 0 -11.534100 -5.867880 203.749000 440.302000 -13 4063 1 0 1.000000
12.744200 -17.513700 0 -8.418850 11.133600 206.560000 440.264000 -13 4064 1 0 1.000000
-22.129800 3.851670 0 -2.366980 -1.684190 203.083000 440.217000 -13 4065 1 0 1.000000
-38.599300 6.222520 0 26.107200 4.157750 214.310000 439.914000 -13 4066 1 0 1.000000
-16.860700 1.538020 0 11.443200 2.768330 200.630000 440.348000 -13 4067 1 0 1.000000
-41.570000 -25.777200 0 -37.773000 -15.668100 196.794000 439.957000 -13 4068 1 0 1.000000
-9.866910 11.432900 0 2.452350 -2.485670 214.192000 440.378000 -13 4069 1 0 1.000000
-6.767250 -46.274600 0 -7.132640 -11.364700 198.824000 440.360000 -13 4070 1 0 1.000000
-4.786020 -24.288600 0 7.860370 -8.037650 198.874000 440.404000 -13 4071 1 0 1.000000
-19.995700 -10.383100 0 4.617790 12.076200 198.513000 440.318000 -13 4072 1 0 1.000000
1.636630 -4.269570 0 -7.953930 4.099680 211.510000 440.397000 -13 4073 1 0 1.000000
-3.851580 23.507900 0 -10.322500 -5.979770 220.022000 440.169000 -13 4074 1 0 1.000000
-21.973200 -6.600820 0 -10.925200 10.961400 215.337000 440.589000 -13 4075 1 0 1.000000
-34.296200 -0.545225 0 -6.982790 -2.265830 225.457000 440.424000 -13 4076 1 0 1.000000
41.775300 -41.498300 0 -14.125900 -14.301600 221.384000 440.527000 -13 4077 1 0 1.000000
-10.986800 5.216510 0 -13.483000 2.667840 221.450000 440.415000 -13 4078 1 0 1.000000
31.599200 -27.871300 0 -30.929700 19.421000 240.677000 440.343000 -13 4079 1 0 1.000000
-3.965690 14.854800 0 -23.251100 6.055840 218.655000 440.231000 -13 4080 1 0 1.000000
-21.745600 -13.326800 0 3.280230 -6.817150 212.761000 440.233000 -13 4081 1 0 1.000000
-8.324600 -29.353100 0 -7.941090 10.530700 234.880000 440.382000 -13 4082 1 0 1.000000
-30.301100 -7.627170 0 -27.830600 7.845810 196.176000 440.585000 -13 4083 1 0 1.000000
54.563700 -25.295000 0 4.570270 -24.867100 229.870000 440.652000 -13 4084 1 0 1.000000
-7.107080 17.832100 0 -7.310720 12.269400 186.808000 439.899000 -13 4085 1 0 1.000000
-7.084740 -5.707520 0 -6.688630 -24.356000 231.885000 440.395000 -13 4086 1 0 1.000000
-3.937550 -34.238000 0 -14.072100 6.672210 225.216000 440.247000 -13 4087 1 0 1.000000
1.996650 -20.614300 0 -1.917960 -6.821500 226.303000 440.481000 -13 4088 1 0 1.000000
59.370700 -7.455980 0 -8.243780 -6.162540 214.155000 440.501000 -13 4089 1 0 1.000000
36.660600 -41.040200 0 -3.088360 6.275650 197.202000 440.123000 -13 4090 1 0 1.000000
-7.806670 -13.126200 0 5.255730 11.175800 216.218000 440.450000 -13 4091 1 0 1.000000
-13.235000 6.672850 0 0.075001 6.077030 206.620000 440.170000 -13 4092 1 0 1.000000
-6.839120 -12.641600 0 -5.169060 6.877240 207.839000 440.138000 -13 4093 1 0 1.000000
-15.592200 -23.009100 0 -10.509500 -3.837400 228.412000 440.233000 -13 4094 1 0 1.000000
-10.342800 -12.761000 0 7.756420 -0.916267 212.057000 440.168000 -13 4095 1 0 1.000000
39.773400 5.305010 0 9.024750 1.091290 231.838000 440.503000 -13 4096 1 0 1.000000
-9.698320 -13.539700 0 -4.131750 -3.017410 231.114000 440.310000 -13 4097 1 0 1.000000
-18.583200 0.216927 0 -5.665040 -15.376100 221.781000 440.378000 -13 4098 1 0 1.000000
-9.760820 -15.627300 0 -6.268390 6.775960 220.687000 440.119000 -13 4099 1 0 1.000000
0.048031 2.096680 0 1.431240 -13.961500 203.948000 440.589000 -13 4100 1 0 1.000000
17.306100 -5.159560 0 19.779200 1.705350 202.942000 440.478000 -13 4101 1 0 1.000000
-18.542200 -33.433400 0 11.684600 -0.605147 204.245000 440.251000 -13 4102 1 0 1.000000
-12.973600 -6.885180 0 -9.207920 2.132540 181.477000 440.034000 -13 4103 1 0 1.000000
-1.774700 5.306270 0 -12.266000 27.619900 193.790000 440.087000 -13 4104 1 0 1.000000
-9.616940 10.717400 0 10.592500 -5.799080 194.061000 440.022000 -13 4105 1 0 1.000000
-10.051400 3.090550 0 2.455370 -8.821270 191.945000 440.240000 -13 4106 1 0 1.000000
-11.915000 -10.158900 0 5.175390 -25.397400 203.936000 440.252000 -13 4107 1 0 1.000000
-19.896500 -26.020600 0 3.691280 -10.059900 209.287000 439.961000 -13 4108 1 0 1.000000
-12.116800 -6.469600 0 3.815010 -19.718600 189.464000 440.216000 -13 4109 1 0 1.000000
-4.509150 32.926100 0 -0.670470 -50.242900 232.481000 440.022000 -13 4110 1 0 1.000000
-4.410260 1.171620 0 -7.109550 -0.702984 184.257000 440.328000 -13 4111 1 0 1.000000
-1.453050 -9.696740 0 -5.517840 -1.734560 244.883000 440.161000 -13 4112 1 0 1.000000
7.216460 -0.337270 0 -1.870190 0.905653 217.643000 440.610000 -13 4113 1 0 1.000000
-2.219930 21.630200 0 -18.031900 10.015700 205.139000 441.284000 -13 4114 1 0 1.000000
-20.052500 -20.051500 0 7.536620 -9.104490 221.480000 439.879000 -13 4115 1 0 1.000000
-25.705200 -8.697960 0 1.988050 -3.130910 195.237000 440.317000 -13 4116 1 0 1.000000
9.010760 -2.657760 0 -8.481470 2.902490 188.707000 440.255000 -13 4117 1 0 1.000000
-4.822470 -13.504100 0 1.298440 -1.798910 193.582000 440.290000 -13 4118 1 0 1.000000
-11.402100 -17.138400 0 -15.205200 -2.260240 197.580000 440.172000 -13 4119 1 0 1.000000
11.176000 6.569660 0 1.456020 -10.661900 194.225000 440.223000 -13 4120 1 0 1.000000
-7.095200 5.406950 0 -6.715840 5.483550 189.122000 440.240000 -13 4121 1 0 1.000000
3.705960 -5.307800 0 -10.794900 -10.362300 191.103000 440.222000 -13 4122 1 0 1.000000
2.692910 -20.617100 0 1.177360 10.654000 203.730000 440.206000 -13 4123 1 0 1.000000
-12.016600 -27.380700 0 -3.803970 -1.992090 222.350000 440.243000 -13 4124 1 0 1.000000
-11.220100 5.845710 0 25.876400 -33.226300 211.990000 440.215000 -13 4125 1 0 1.000000
-6.820170 -21.990400 0 8.732500 -5.379250 195.929000 440.203000 -13 4126 1 0 1.000000
-22.605200 -13.260900 0 -15.828300 -17.068100 197.794000 440.113000 -13 4127 1 0 1.000000
-1.065940 -9.699870 0 -9.700780 -13.545500 226.150000 440.113000 -13 4128 1 0 1.000000
57.629100 14.242200 0 -29.624200 6.247030 218.847000 440.502000 -13 4129 1 0 1.000000
-5.612580 -47.919900 0 -21.882000 18.513600 236.405000 440.226000 -13 4130 1 0 1.000000
-19.304800 -31.132500 0 -18.005500 -6.030550 204.952000 440.134000 -13 4131 1 0 1.000000
-5.673080 18.529900 0 -6.434310 15.156100 223.437000 440.093000 -13 4132 1 0 1.000000
-36.991500 0.337121 0 -14.721200 2.584110 224.461000 440.506000 -13 4133 1 0 1.000000
-19.146600 4.108170 0 11.355100 2.593920 251.133000 440.299000 -13 4134 1 0 1.000000
-12.219900 3.177960 0 3.820970 -23.686300 224.579000 439.932000 -13 4135 1 0 1.000000
-29.665900 -6.008010 0 -14.884100 -2.443640 212.588000 440.554000 -13 4136 1 0 1.000000
-3.888360 -26.143100 0 -6.778080 -5.075460 184.783000 439.938000 -13 4137 1 0 1.000000
9.639210 2.522450 0 -3.205150 -5.685710 207.672000 440.558000 -13 4138 1 0 1.000000
-10.901400 -12.315600 0 2.570890 18.548300 198.468000 440.631000 -13 4139 1 0 1.000000
3.663970 3.023120 0 1.591150 -20.962800 188.457000 440.562000 -13 4140 1 0 1.000000
3.541740 -9.465500 0 -31.522300 7.611860 176.745000 440.255000 -13 4141 1 0 1.000000
8.244820 -2.366010 0 7.210720 -17.806400 224.589000 440.267000 -13 4142 1 0 1.000000
-19.240700 -31.364500 0 -15.629200 7.797030 216.211000 440.372000 -13 4143 1 0 1.000000
15.566700 -23.112900 0 -21.842500 1.131930 180.500000 440.277000 -13 4144 1 0 1.000000
47.237200 -12.079000 0 -13.683600 40.229900 243.323000 440.618000 -13 4145 1 0 1.000000
-4.629030 4.734700 0 5.616850 -23.256300 220.125000 440.277000 -13 4146 1 0 1.000000
-6.045090 -1.619460 0 -3.742750 -2.219980 224.850000 440.167000 -13 4147 1 0 1.000000
-20.302100 -12.569800 0 -2.488560 12.149200 206.148000 440.587000 -13 4148 1 0 1.000000
-13.232100 -14.758600 0 -13.981000 8.570380 219.658000 440.400000 -13 4149 1 0 1.000000
-15.834200 -15.831900 0 5.350870 1.927380 218.855000 440.202000 -13 4150 1 0 1.000000
-8.337650 -15.128700 0 -0.687730 1.710650 219.069000 440.559000 -13 4151 1 0 1.000000
-19.056600 -13.726100 0 -12.391200 -9.502410 189.827000 440.449000 -13 4152 1 0 1.000000
-25.478800 9.950240 0 -14.129500 -0.739835 232.445000 440.343000 -13 4153 1 0 1.000000
-52.503700 10.506400 0 -2.759010 -0.287644 219.941000 440.735000 -13 4154 1 0 1.000000
8.690250 -19.664800 0 2.249080 8.458580 207.464000 440.093000 -13 4155 1 0 1.000000
-14.803900 -5.762260 0 -3.262180 -12.556700 204.095000 440.138000 -13 4156 1 0 1.000000
7.337930 -21.950600 0 3.543440 -5.425590 209.801000 440.099000 -13 4157 1 0 1.000000
-19.584900 -23.153400 0 -0.058435 -0.756762 197.192000 440.141000 -13 4158 1 0 1.000000
-65.032800 -5.399480 0 0.517686 19.092100 232.625000 440.055000 -13 4159 1 0 1.000000
2.494100 -5.551980 0 -21.293700 -5.670910 192.059000 440.350000 -13 4160 1 0 1.000000
-4.592020 -23.528100 0 -1.821790 -3.900440 211.188000 439.999000 -13 4161 1 0 1.000000
-11.150100 -8.487990 0 31.005100 -7.765530 220.131000 440.109000 -13 4162 1 0 1.000000
0.887608 -12.608500 0 10.327000 -18.877600 200.830000 440.080000 -13 4163 1 0 1.000000
-11.141600 -28.747600 0 0.264455 13.937000 198.441000 439.964000 -13 4164 1 0 1.000000
13.862600 19.067700 0 -7.277600 -8.505930 254.760000 440.253000 -13 4165 1 0 1.000000
-20.950500 -21.395100 0 2.956440 -0.190891 178.857000 440.232000 -13 4166 1 0 1.000000
-30.953900 -25.326200 0 17.258700 1.212950 191.922000 440.382000 -13 4167 1 0 1.000000
-2.334900 -15.748000 0 -0.258334 -8.082320 195.330000 439.951000 -13 4168 1 0 1.000000
38.304500 4.678530 0 -9.182820 -15.458100 194.627000 440.075000 -13 4169 1 0 1.000000
-13.603200 2.567190 0 24.024800 5.869110 209.482000 440.747000 -13 4170 1 0 1.000000
16.032900 -27.742000 0 -19.826500 -8.451650 220.739000 439.849000 -13 4171 1 0 1.000000
-29.015600 -12.630600 0 -1.806190 9.318320 215.988000 439.856000 -13 4172 1 0 1.000000
-12.698800 -30.601700 0 -4.362070 -11.858400 187.974000 440.166000 -13 4173 1 0 1.000000
-5.947200 -15.623400 0 -10.928000 -3.895570 209.769000 440.379000 -13 4174 1 0 1.000000
-23.929700 15.836800 0 15.443300 -14.460300 207.834000 440.376000 -13 4175 1 0 1.000000
48.633500 -1.393650 0 -20.157600 -10.628200 202.101000 440.349000 -13 4176 1 0 1.000000
6.820770 -0.550672 0 -11.259600 14.077500 197.585000 440.146000 -13 4177 1 0 1.000000
-13.892800 2.470320 0 2.484970 -7.467150 204.890000 440.316000 -13 4178 1 0 1.000000
3.477760 -26.172700 0 -6.297690 14.749800 207.945000 440.272000 -13 4179 1 0 1.000000
-7.530810 25.499500 0 12.777300 -4.689770 222.463000 440.344000 -13 4180 1 0 1.000000
-10.881900 10.128400 0 -3.200270 -8.623480 207.435000 440.647000 -13 4181 1 0 1.000000
-0.473926 -6.058040 0 13.050000 0.788930 215.295000 440.295000 -13 4182 1 0 1.000000
7.158190 -22.143000 0 -21.729800 -4.557790 216.506000 440.413000 -13 4183 1 0 1.000000
-16.930400 -2.608620 0 -5.689350 -3.515800 222.257000 440.267000 -13 4184 1 0 1.000000
-13.340200 5.310060 0 13.206100 7.386540 210.938000 440.618000 -13 4185 1 0 1.000000
-24.846000 32.132400 0 -9.231320 -16.607000 211.134000 440.640000 -13 4186 1 0 1.000000
-30.790500 -22.569400 0 -21.962000 -13.527300 223.018000 440.433000 -13 4187 1 0 1.000000
-26.807700 2.085320 0 -2.659250 5.873760 214.172000 440.177000 -13 4188 1 0 1.000000
29.500300 -23.114700 0 -31.780200 -7.656970 182.721000 440.402000 -13 4189 1 0 1.000000
-25.770000 -29.548300 0 -5.123560 5.140420 197.581000 440.525000 -13 4190 1 0 1.000000
10.186600 -10.048000 0 -5.291730 2.449910 181.754000 440.487000 -13 4191 1 0 1.000000
23.753300 -12.181100 0 -3.425700 -10.500700 209.929000 440.450000 -13 4192 1 0 1.000000
-12.102700 -21.171800 0 -18.752900 10.150100 190.353000 440.258000 -13 4193 1 0 1.000000
-2.531240 -28.495500 0 -14.544000 2.189800 192.963000 440.574000 -13 4194 1 0 1.000000
-37.398200 4.414050 0 19.973700 -18.003200 229.999000 440.506000 -13 4195 1 0 1.000000
17.098700 13.467700 0 -26.772100 -45.237400 222.708000 441.265000 -13 4196 1 0 1.000000
-36.307700 -10.223200 0 -19.258100 -9.164560 193.639000 440.123000 -13 4197 1 0 1.000000
7.545020 -22.093800 0 11.492500 -21.243900 236.400000 440.172000 -13 4198 1 0 1.000000
10.957500 -13.082800 0 29.319300 -33.515600 190.155000 441.195000 -13 4199 1 0 1.000000
1.592950 -15.623000 0 -17.013100 -8.294640 183.480000 439.997000 -13 4200 1 0 1.000000
-35.273900 -9.483980 0 -19.152600 4.738260 213.992000 440.034000 -13 4201 1 0 1.000000
-50.338600 0.762861 0 24.349200 -10.930000 203.475000 440.097000 -13 4202 1 0 1.000000
-11.374300 19.603000 0 7.040550 -4.258160 239.076000 440.198000 -13 4203 1 0 1.000000
-19.261600 28.157800 0 -4.679160 12.927900 210.537000 439.972000 -13 4204 1 0 1.000000
-53.604300 -4.403630 0 12.131500 -2.176950 239.300000 440.301000 -13 4205 1 0 1.000000
-2.021190 -23.622900 0 7.733810 -5.604740 201.077000 440.183000 -13 4206 1 0 1.000000
-19.579100 -15.224400 0 17.794200 2.209550 226.964000 440.202000 -13 4207 1 0 1.000000
-10.475800 -16.443100 0 2.006480 -4.408930 208.829000 440.020000 -13 4208 1 0 1.000000
-10.264300 5.535300 0 6.387010 -2.247950 208.565000 440.180000 -13 4209 1 0 1.000000
0.510535 -3.500250 0 -0.284270 -2.523460 208.152000 440.246000 -13 4210 1 0 1.000000
6.438630 -8.127620 0 -19.195900 1.859570 208.616000 440.237000 -13 4211 1 0 1.000000
-10.517000 5.032400 0 2.254570 -0.221976 194.103000 440.197000 -13 4212 1 0 1.000000
-31.587800 -10.513900 0 13.738300 -2.566530 218.568000 440.276000 -13 4213 1 0 1.000000
-14.744400 24.791700 0 -10.132500 -1.176280 207.916000 440.105000 -13 4214 1 0 1.000000
18.276500 -12.867200 0 11.146300 -1.528440 191.053000 440.310000 -13 4215 1 0 1.000000
24.878700 2.271220 0 -10.163200 0.293510 218.094000 440.275000 -13 4216 1 0 1.000000
16.758600 -20.028700 0 -12.970600 9.720340 205.288000 440.209000 -13 4217 1 0 1.000000
-7.280300 10.875300 0 -1.384360 -13.723000 203.277000 440.330000 -13 4218 1 0 1.000000
4.051180 -12.841400 0 -4.579870 16.291200 211.978000 440.376000 -13 4219 1 0 1.000000
-30.064100 -52.435200 0 -4.290530 -10.983000 221.196000 440.100000 -13 4220 1 0 1.000000
-10.967700 -35.490100 0 -9.420480 20.487300 217.178000 440.131000 -13 4221 1 0 1.000000
-21.855800 -20.470100 0 -13.074400 14.359700 201.711000 440.271000 -13 4222 1 0 1.000000
-21.900400 13.071300 0 2.358340 2.594900 212.180000 440.237000 -13 4223 1 0 1.000000
-0.539899 5.946740 0 -22.442700 14.538700 173.151000 440.280000 -13 4224 1 0 1.000000
-23.058400 -23.242600 0 8.378460 -15.816300 211.402000 440.712000 -13 4225 1 0 1.000000
-39.563400 0.741955 0 -0.971862 -3.395860 242.706000 440.420000 -13 4226 1 0 1.000000
-25.878400 -27.167900 0 1.615010 -1.088230 209.206000 439.882000 -13 4227 1 0 1.000000
4.607300 -3.783950 0 6.745150 3.475420 182.654000 440.193000 -13 4228 1 0 1.000000
-0.374020 -21.058900 0 -6.249930 -12.258100 217.807000 440.208000 -13 4229 1 0 1.000000
11.135100 9.926310 0 -6.257410 -13.109400 223.297000 440.020000 -13 4230 1 0 1.000000
-19.828300 -21.005300 0 9.671840 -1.440150 195.029000 440.200000 -13 4231 1 0 1.000000
-19.992200 -7.698980 0 6.502180 -11.499100 197.012000 440.120000 -13 4232 1 0 1.000000
-20.713300 -13.723100 0 26.834900 -39.166500 232.237000 440.243000 -13 4233 1 0 1.000000
11.162400 3.294050 0 -0.238899 17.506000 230.598000 440.119000 -13 4234 1 0 1.000000
14.989900 -4.845120 0 4.978000 -5.505500 236.176000 440.285000 -13 4235 1 0 1.000000
-4.606720 14.065400 0 3.179590 -4.353030 200.500000 440.185000 -13 4236 1 0 1.000000
-30.288000 -5.481310 0 14.386200 3.213220 208.791000 440.188000 -13 4237 1 0 1.000000
-28.417600 5.888320 0 11.130600 5.111750 207.125000 440.136000 -13 4238 1 0 1.000000
3.168770 -11.161000 0 1.557570 -0.123418 195.684000 440.275000 -13 4239 1 0 1.000000
1.991650 -17.045800 0 2.738950 -5.078910 205.911000 440.200000 -13 4240 1 0 1.000000
-19.494700 -2.634900 0 3.094810 16.167100 204.882000 440.222000 -13 4241 1 0 1.000000
-26.850500 7.657340 0 19.699600 -16.400100 206.677000 440.214000 -13 4242 1 0 1.000000
-18.882900 -0.172506 0 -14.734700 0.905576 213.180000 440.054000 -13 4243 1 0 1.000000
6.821470 -9.692520 0 -3.984420 2.644960 196.904000 440.123000 -13 4244 1 0 1.000000
-0.482929 -3.723710 0 20.922700 -8.209550 177.822000 437.542000 -13 4245 1 0 1.000000
-28.523300 -37.187100 0 5.642900 -20.016700 214.365000 440.667000 -13 4246 1 0 1.000000
-31.747600 -14.060100 0 -9.489220 -3.785410 222.767000 440.233000 -13 4247 1 0 1.000000
-26.531800 7.640610 0 21.060500 21.514400 210.791000 440.561000 -13 4248 1 0 1.000000
-45.778300 36.423900 0 13.080100 -4.286430 232.387000 440.368000 -13 4249 1 0 1.000000
20.012700 3.009190 0 -16.583300 -2.300640 216.572000 440.409000 -13 4250 1 0 1.000000
-43.366900 -0.384604 0 5.964430 -4.414510 218.566000 440.191000 -13 4251 1 0 1.000000
-25.003200 -4.764550 0 6.945650 -2.519400 211.880000 440.331000 -13 4252 1 0 1.000000
-13.552600 -24.570000 0 -11.615100 18.069600 209.795000 440.198000 -13 4253 1 0 1.000000
3.340670 -24.126700 0 -11.402800 23.791300 218.382000 440.256000 -13 4254 1 0 1.000000
-9.747330 8.198670 0 -5.090100 -9.407590 196.279000 440.300000 -13 4255 1 0 1.000000
-33.339900 -1.849200 0 11.057000 -6.459450 216.042000 440.230000 -13 4256 1 0 1.000000
-3.036700 -4.506290 0 4.475770 -7.057720 186.992000 440.208000 -13 4257 1 0 1.000000
-31.989200 -26.858500 0 -48.878900 13.206100 215.530000 439.918000 -13 4258 1 0 1.000000
-3.128850 -11.380200 0 15.746200 -7.747300 207.223000 440.327000 -13 4259 1 0 1.000000
5.104060 -2.213540 0 -5.483820 0.605679 192.648000 440.148000 -13 4260 1 0 1.000000
-20.447500 -39.398900 0 -31.271000 -1.167970 244.559000 440.024000 -13 4261 1 0 1.000000
5.735430 -8.502320 0 -3.012930 -9.853480 193.985000 440.346000 -13 4262 1 0 1.000000
-29.309300 -2.956810 0 4.322550 7.892840 210.450000 440.111000 -13 4263 1 0 1.000000
8.105390 4.478660 0 3.692890 4.573720 201.790000 440.114000 -13 4264 1 0 1.000000
-10.588300 0.057861 0 -23.352800 -9.336400 196.318000 440.167000 -13 4265 1 0 1.000000
-3.928270 -27.430400 0 7.305440 3.887650 197.383000 440.185000 -13 4266 1 0 1.000000
-14.341700 5.819460 0 4.258730 -10.292700 207.804000 440.079000 -13 4267 1 0 1.000000
-15.453000 6.504870 0 -1.500070 14.947800 206.850000 440.122000 -13 4268 1 0 1.000000
-26.995300 8.268000 0 -23.533400 -5.660650 201.163000 440.198000 -13 4269 1 0 1.000000
-10.130800 -38.094600 0 2.707830 0.450171 196.664000 440.175000 -13 4270 1 0 1.000000
-25.550100 -24.477000 0 3.237630 34.101300 236.201000 440.170000 -13 4271 1 0 1.000000
-6.148460 -11.520300 0 -16.788300 -2.954730 222.012000 439.981000 -13 4272 1 0 1.000000
-7.444820 -21.536000 0 -14.607500 -10.378700 196.894000 440.203000 -13 4273 1 0 1.000000
1.454380 0.096090 0 1.790770 -2.598140 195.851000 440.037000 -13 4274 1 0 1.000000
-9.194780 -8.123730 0 2.040290 -8.506760 193.700000 440.262000 -13 4275 1 0 1.000000
8.810660 -21.205500 0 1.861890 -1.979130 196.123000 440.271000 -13 4276 1 0 1.000000
17.076800 -24.545800 0 5.069560 -8.373670 209.201000 440.087000 -13 4277 1 0 1.000000
6.146700 -19.400900 0 1.313770 -4.934980 196.932000 440.243000 -13 4278 1 0 1.000000
-24.227600 -13.019300 0 0.142658 16.095300 224.466000 439.968000 -13 4279 1 0 1.000000
-3.301950 -21.687600 0 -5.109970 5.425670 200.486000 440.112000 -13 4280 1 0 1.000000
9.201320 -9.495400 0 17.141900 -12.616600 209.605000 439.962000 -13 4281 1 0 1.000000
-8.278870 -25.998800 0 10.989500 -9.556870 229.191000 440.322000 -13 4282 1 0 1.000000
-14.347600 -19.530700 0 9.267380 -12.303600 233.186000 440.309000 -13 4283 1 0 1.000000
-22.542200 -39.922000 0 11.556700 -8.581300 222.770000 440.115000 -13 4284 1 0 1.000000
-12.291700 0.264082 0 7.564910 9.404500 228.639000 440.123000 -13 4285 1 0 1.000000
-13.265300 0.239454 0 3.167470 -2.873830 229.454000 440.155000 -13 4286 1 0 1.000000
9.663220 -6.549820 0 25.838100 17.555500 194.877000 440.452000 -13 4287 1 0 1.000000
21.818300 -19.835800 0 -14.952300 14.313300 210.830000 440.348000 -13 4288 1 0 1.000000
14.629000 10.604600 0 14.667200 -3.095600 208.313000 439.997000 -13 4289 1 0 1.000000
-0.982894 -29.163900 0 11.862900 -4.389240 232.853000 440.118000 -13 4290 1 0 1.000000
10.527200 -1.169570 0 8.042420 -3.904950 199.336000 439.965000 -13 4291 1 0 1.000000
12.788400 -20.236800 0 -8.329940 6.826040 204.874000 440.595000 -13 4292 1 0 1.000000
-94.408200 16.847700 0 -3.724160 12.353400 246.211000 439.556000 -13 4293 1 0 1.000000
-1.384450 -24.273400 0 -8.508390 22.708400 206.382000 440.662000 -13 4294 1 0 1.000000
-24.302600 12.121700 0 -18.265800 -31.102300 225.271000 439.879000 -13 4295 1 0 1.000000
-10.735300 0.032907 0 -2.244420 3.022130 218.111000 440.484000 -13 4296 1 0 1.000000
-52.193900 -15.487700 0 -24.270400 -14.220500 204.354000 440.219000 -13 4297 1 0 1.000000
12.548600 -51.647900 0 -13.614800 -16.048500 224.967000 440.615000 -13 4298 1 0 1.000000
11.916700 -40.884800 0 12.220900 2.744850 186.018000 440.488000 -13 4299 1 0 1.000000
-10.312700 -48.975700 0 -1.803710 1.802860 198.425000 440.516000 -13 4300 1 0 1.000000
-37.658000 -37.023800 0 2.959100 28.435500 216.070000 440.449000 -13 4301 1 0 1.000000
3.861060 30.644400 0 -6.292970 11.093600 185.812000 440.465000 -13 4302 1 0 1.000000
-62.928700 -8.188570 0 18.591100 -6.681740 233.371000 440.134000 -13 4303 1 0 1.000000
-29.945300 -10.632000 0 -3.709570 8.601890 211.590000 440.226000 -13 4304 1 0 1.000000
-42.510900 -13.011000 0 -5.809700 3.517520 225.436000 440.295000 -13 4305 1 0 1.000000
-25.470200 -16.993300 0 -45.283400 -3.773000 229.810000 440.595000 -13 4306 1 0 1.000000
-29.247600 -0.109653 0 8.159880 9.210980 219.137000 440.402000 -13 4307 1 0 1.000000
-32.789500 -7.273090 0 -10.471800 -6.231810 218.293000 440.250000 -13 4308 1 0 1.000000
-4.010130 -32.629500 0 -2.612110 -2.609240 210.466000 440.254000 -13 4309 1 0 1.000000
18.772100 -0.507900 0 -13.973200 6.149580 219.406000 440.237000 -13 4310 1 0 1.000000
0.776351 10.700800 0 -9.158190 -11.851900 190.543000 440.496000 -13 4311 1 0 1.000000
12.256000 -11.523900 0 -4.741720 -4.730050 207.083000 440.221000 -13 4312 1 0 1.000000
23.126600 -16.174100 0 -4.363160 -4.507880 233.956000 440.444000 -13 4313 1 0 1.000000
-32.786700 -8.954350 0 -6.314670 11.573000 227.559000 440.423000 -13 4314 1 0 1.000000
-2.524140 -9.541090 0 3.066100 6.854510 219.262000 440.124000 -13 4315 1 0 1.000000
11.854600 -5.565490 0 -12.868900 13.474600 203.709000 440.114000 -13 4316 1 0 1.000000
-8.150150 -32.874300 0 -8.100110 19.653600 212.481000 440.136000 -13 4317 1 0 1.000000
-0.250248 -25.919300 0 -10.344500 9.367570 215.186000 440.034000 -13 4318 1 0 1.000000
6.176490 -1.001160 0 13.843900 -1.918210 212.731000 440.220000 -13 4319 1 0 1.000000
-15.821700 2.051580 0 10.297000 -21.417300 252.107000 440.351000 -13 4320 1 0 1.000000
6.240260 -13.287700 0 -8.612910 -0.638860 200.744000 440.212000 -13 4321 1 0 1.000000
7.262870 -10.301100 0 -2.422560 1.866570 207.967000 440.134000 -13 4322 1 0 1.000000
-27.615700 -39.143200 0 -1.440410 10.025900 224.083000 440.013000 -13 4323 1 0 1.000000
-9.122570 -1.186550 0 -4.376240 -3.481750 237.736000 440.382000 -13 4324 1 0 1.000000
4.309960 -25.161300 0 -0.285946 21.695100 203.680000 440.232000 -13 4325 1 0 1.000000
30.171000 -7.117800 0 -15.819200 2.085080 212.637000 440.177000 -13 4326 1 0 1.000000
0.441158 -14.620000 0 19.926100 -1.299170 211.328000 440.128000 -13 4327 1 0 1.000000
-14.509700 -18.667700 0 2.898790 -11.272300 206.904000 440.177000 -13 4328 1 0 1.000000
9.315830 -28.758900 0 -12.650300 15.503200 208.485000 440.194000 -13 4329 1 0 1.000000
7.452330 -17.617400 0 7.258700 -3.610220 213.577000 440.297000 -13 4330 1 0 1.000000
15.590900 -18.298400 0 -8.034560 5.110900 209.609000 440.221000 -13 4331 1 0 1.000000
-6.240110 24.422100 0 -15.400700 9.581210 215.314000 440.267000 -13 4332 1 0 1.000000
-8.830920 -9.124910 0 7.848030 -15.415100 201.382000 440.062000 -13 4333 1 0 1.000000
-31.270200 -12.743700 0 -6.691690 2.893350 202.467000 440.305000 -13 4334 1 0 1.000000
3.105880 -17.713400 0 -17.776000 6.299110 201.335000 439.976000 -13 4335 1 0 1.000000
-3.081790 -3.893070 0 -17.420900 1.165940 197.850000 440.139000 -13 4336 1 0 1.000000
-31.245500 -7.405460 0 19.675400 16.046200 221.881000 440.037000 -13 4337 1 0 1.000000
-30.178300 10.244900 0 -7.328730 9.470680 228.216000 440.028000 -13 4338 1 0 1.000000
-11.772600 41.898600 0 21.969400 -16.360200 237.428000 440.133000 -13 4339 1 0 1.000000
-16.508000 -3.984460 0 -8.938700 16.175500 202.866000 440.330000 -13 4340 1 0 1.000000
-2.574260 -6.644120 0 -8.363770 2.219430 200.703000 440.261000 -13 4341 1 0 1.000000
5.066530 -17.778700 0 -6.978000 -16.568000 211.700000 440.455000 -13 4342 1 0 1.000000
-19.578700 -15.868900 0 -9.993430 -8.053930 222.345000 440.562000 -13 4343 1 0 1.000000
-45.017400 40.065400 0 3.522380 10.691100 219.830000 440.105000 -13 4344 1 0 1.000000
-25.970800 -40.715900 0 10.470400 -6.630560 229.888000 440.222000 -13 4345 1 0 1.000000
-31.239400 21.685700 0 -10.498100 0.871723 221.608000 440.668000 -13 4346 1 0 1.000000
1.182150 -2.371820 0 -13.226100 -16.413800 175.758000 440.411000 -13 4347 1 0 1.000000
15.823400 -19.915400 0 -6.178230 37.243400 181.457000 440.320000 -13 4348 1 0 1.000000
32.309900 -20.255000 0 -13.792900 0.171999 215.362000 440.254000 -13 4349 1 0 1.000000
8.709850 -21.841200 0 -14.822000 -10.598400 199.389000 440.186000 -13 4350 1 0 1.000000
-15.070300 -7.534870 0 6.988900 4.578670 197.127000 440.147000 -13 4351 1 0 1.000000
-51.728200 -12.493900 0 2.823270 0.536074 217.489000 440.033000 -13 4352 1 0 1.000000
16.097400 -23.468800 0 -3.866820 -22.408300 219.491000 440.177000 -13 4353 1 0 1.000000
-2.296010 18.997200 0 2.487700 -19.499000 239.823000 440.157000 -13 4354 1 0 1.000000
-24.421000 -28.174300 0 -5.667420 -1.128070 231.986000 440.238000 -13 4355 1 0 1.000000
21.890600 -23.854400 0 -17.221200 -4.390880 244.744000 440.219000 -13 4356 1 0 1.000000
-32.846900 2.974100 0 -13.958800 15.317500 192.563000 440.008000 -13 4357 1 0 1.000000
21.279500 -35.225700 0 13.742200 -15.143200 207.250000 439.900000 -13 4358 1 0 1.000000
-3.842600 -25.676300 0 7.175700 -14.493300 185.439000 440.394000 -13 4359 1 0 1.000000
-13.762400 -25.399700 0 7.375050 0.281475 202.596000 440.653000 -13 4360 1 0 1.000000
10.572900 -18.739700 0 -3.194980 6.569470 192.565000 440.561000 -13 4361 1 0 1.000000
-50.963300 5.625990 0 -17.068800 15.307900 200.840000 440.386000 -13 4362 1 0 1.000000
-26.217900 -5.289320 0 -16.179900 -6.766160 201.416000 440.111000 -13 4363 1 0 1.000000
-18.591400 -26.035900 0 7.870060 10.094400 191.309000 440.181000 -13 4364 1 0 1.000000
6.994000 2.184650 0 -16.217600 -5.748310 198.785000 439.992000 -13 4365 1 0 1.000000
4.379140 -8.233460 0 -28.411700 -12.449000 186.028000 440.469000 -13 4366 1 0 1.000000
-8.672770 1.824150 0 -7.909180 6.978390 200.444000 440.058000 -13 4367 1 0 1.000000
0.983702 -7.100570 0 0.601617 -1.632680 189.114000 440.089000 -13 4368 1 0 1.000000
-25.511400 -7.913080 0 42.828100 0.740955 214.628000 439.946000 -13 4369 1 0 1.000000
-8.915210 3.487320 0 14.745500 3.303720 205.196000 439.903000 -13 4370 1 0 1.000000
-11.887100 -44.439800 0 0.170230 -17.093700 196.597000 440.220000 -13 4371 1 0 1.000000
10.853200 2.255120 0 -5.512610 5.931590 200.462000 440.128000 -13 4372 1 0 1.000000
21.202600 -7.024900 0 -23.792300 -9.892870 179.376000 440.550000 -13 4373 1 0 1.000000
-8.633440 -23.771500 0 -15.540400 13.239400 176.205000 440.485000 -13 4374 1 0 1.000000
5.351580 -10.940000 0 -34.352700 3.940680 231.238000 440.025000 -13 4375 1 0 1.000000
-2.328960 -7.601650 0 -6.511900 -2.082170 222.864000 440.436000 -13 4376 1 0 1.000000
-8.371670 -27.789800 0 27.017500 -8.479710 188.196000 440.059000 -13 4377 1 0 1.000000
-17.588000 -9.973730 0 3.889930 0.320465 188.854000 440.404000 -13 4378 1 0 1.000000
-8.951690 -7.128290 0 7.805440 -9.972350 194.668000 440.575000 -13 4379 1 0 1.000000
7.829200 -43.519900 0 -16.558700 -7.568960 184.299000 440.501000 -13 4380 1 0 1.000000
-14.027100 1.543450 0 -1.525370 -26.724900 221.298000 440.237000 -13 4381 1 0 1.000000
3.103600 -13.164900 0 -25.567900 -6.929920 199.161000 440.280000 -13 4382 1 0 1.000000
-19.577700 -12.859700 0 0.378388 9.456360 207.514000 440.250000 -13 4383 1 0 1.000000
-26.152300 -18.083100 0 -6.364770 6.703950 203.560000 440.208000 -13 4384 1 0 1.000000
-18.263700 -3.442920 0 6.331080 -2.220870 215.168000 440.260000 -13 4385 1 0 1.000000
-23.629400 -17.756000 0 18.082300 -4.325060 214.021000 440.292000 -13 4386 1 0 1.000000
-8.162580 -21.992800 0 8.626430 -6.586260 206.936000 440.373000 -13 4387 1 0 1.000000
-33.213200 -10.824100 0 -0.679233 5.455490 210.320000 440.369000 -13 4388 1 0 1.000000
-8.552410 -51.238000 0 -13.543500 4.870500 202.101000 440.232000 -13 4389 1 0 1.000000
-0.638663 -0.542759 0 10.120200 6.532090 215.234000 440.222000 -13 4390 1 0 1.000000
-6.862210 -28.009700 0 -36.759700 -39.996100 209.415000 440.216000 -13 4391 1 0 1.000000
22.429700 -2.014330 0 0.546915 6.962920 210.805000 440.000000 -13 4392 1 0 1.000000
18.129500 -39.054000 0 -8.719240 2.234730 254.209000 440.489000 -13 4393 1 0 1.000000
-5.212110 -28.485300 0 -15.403100 -3.028190 201.448000 439.949000 -13 4394 1 0 1.000000
-58.503700 6.486450 0 12.870700 13.194600 216.124000 440.337000 -13 4395 1 0 1.000000
-26.922100 -17.732600 0 -16.067400 8.852960 232.727000 440.452000 -13 4396 1 0 1.000000
11.821600 1.131600 0 -2.920850 9.385950 205.470000 440.028000 -13 4397 1 0 1.000000
-5.876980 3.561290 0 13.952000 5.131870 249.265000 440.330000 -13 4398 1 0 1.000000
-6.378390 -19.858400 0 -21.104300 -4.815780 174.394000 440.342000 -13 4399 1 0 1.000000
-10.291600 -2.162170 0 14.073300 -6.418840 222.409000 440.119000 -13 4400 1 0 1.000000
-7.812730 -9.786800 0 -0.925586 -14.945500 222.734000 440.549000 -13 4401 1 0 1.000000
-22.832100 -18.733200 0 15.472200 6.440230 222.763000 440.253000 -13 4402 1 0 1.000000
-18.548700 -28.380700 0 8.675310 -27.812500 195.277000 440.375000 -13 4403 1 0 1.000000
-1.955010 -17.165500 0 -0.151328 -5.603810 233.576000 440.145000 -13 4404 1 0 1.000000
-5.057580 -15.587500 0 7.741050 0.775495 226.607000 440.200000 -13 4405 1 0 1.000000
-7.884050 -11.826400 0 -1.584050 -5.694880 218.966000 440.335000 -13 4406 1 0 1.000000
22.912500 -40.740900 0 -31.002600 -7.203960 181.792000 440.520000 -13 4407 1 0 1.000000
2.904860 -18.863800 0 2.999430 -2.535060 222.658000 440.168000 -13 4408 1 0 1.000000
15.458700 -28.691200 0 1.273340 -4.401510 197.732000 440.278000 -13 4409 1 0 1.000000
-2.090020 -24.313800 0 4.146110 -5.349250 206.615000 440.327000 -13 4410 1 0 1.000000
-5.388910 1.936190 0 -2.094400 -9.458820 219.663000 440.181000 -13 4411 1 0 1.000000
41.269100 -27.965200 0 -20.727600 1.661210 208.641000 440.046000 -13 4412 1 0 1.000000
4.976540 -17.098400 0 4.936590 -8.394160 204.979000 440.007000 -13 4413 1 0 1.000000
12.688000 -20.517600 0 1.517910 -23.037400 217.545000 440.176000 -13 4414 1 0 1.000000
-23.239300 -28.585600 0 11.396900 -13.903400 203.303000 440.426000 -13 4415 1 0 1.000000
-16.462300 -3.264890 0 12.916500 9.429630 215.331000 440.315000 -13 4416 1 0 1.000000
0.537261 11.232400 0 -17.834200 -7.190900 207.200000 440.179000 -13 4417 1 0 1.000000
-35.929800 -37.912800 0 2.118720 -3.589720 229.105000 440.201000 -13 4418 1 0 1.000000
9.468140 -6.756500 0 -6.000740 -9.259390 211.414000 440.187000 -13 4419 1 0 1.000000
23.307200 7.756940 0 11.416300 11.036900 204.146000 440.127000 -13 4420 1 0 1.000000
-14.661700 -6.267420 0 19.762600 -1.135830 223.280000 440.207000 -13 4421 1 0 1.000000
-23.183000 -47.606700 0 0.442992 -3.109140 213.468000 440.209000 -13 4422 1 0 1.000000
-5.623270 -20.957300 0 -10.543800 6.611020 224.112000 440.399000 -13 4423 1 0 1.000000
-29.126500 8.963790 0 -8.292000 -8.393240 226.621000 440.217000 -13 4424 1 0 1.000000
-14.351100 -0.421221 0 -0.607994 5.312280 223.746000 440.272000 -13 4425 1 0 1.000000
-21.794900 -7.426740 0 16.461200 -11.676900 223.357000 440.317000 -13 4426 1 0 1.000000
6.016950 -6.297890 0 -4.723810 11.268300 208.308000 440.303000 -13 4427 1 0 1.000000
-14.746800 -21.171700 0 -10.283100 1.342740 226.317000 440.192000 -13 4428 1 0 1.000000
-21.199600 4.276800 0 -1.862610 -15.831000 221.875000 440.274000 -13 4429 1 0 1.000000
-3.099000 4.576590 0 -9.353150 2.490370 224.261000 440.289000 -13 4430 1 0 1.000000
15.242000 12.070900 0 1.959960 0.090111 218.755000 440.330000 -13 4431 1 0 1.000000
-15.195900 -17.014900 0 9.817840 -7.346360 219.401000 440.343000 -13 4432 1 0 1.000000
-14.382900 -7.314730 0 -2.993600 -6.577920 204.900000 440.289000 -13 4433 1 0 1.000000
-43.666100 -14.428600 0 -6.178380 1.368280 213.582000 440.186000 -13 4434 1 0 1.000000
-12.981900 8.725280 0 -17.048100 10.116600 203.869000 440.135000 -13 4435 1 0 1.000000
30.401800 -50.801800 0 9.416820 -7.092180 236.292000 440.183000 -13 4436 1 0 1.000000
-17.486200 -13.239700 0 1.604040 6.883050 209.409000 440.110000 -13 4437 1 0 1.000000
-18.514900 -17.407000 0 0.990450 10.860300 214.627000 440.177000 -13 4438 1 0 1.000000
-6.060770 2.252940 0 -22.948300 -13.231800 196.389000 440.300000 -13 4439 1 0 1.000000
3.494810 -14.883200 0 27.354700 -16.604300 204.380000 440.534000 -13 4440 1 0 1.000000
-2.458620 -26.243700 0 3.540610 6.893200 224.765000 440.433000 -13 4441 1 0 1.000000
30.886100 -7.504000 0 -3.758880 -3.877640 224.228000 440.310000 -13 4442 1 0 1.000000
8.199110 -50.055800 0 22.276300 8.864660 218.737000 440.539000 -13 4443 1 0 1.000000
17.873800 -40.967500 0 0.939598 23.574600 216.982000 440.616000 -13 4444 1 0 1.000000
10.178000 -61.380400 0 -32.745300 54.849800 242.775000 440.121000 -13 4445 1 0 1.000000
-14.536100 36.999400 0 4.484740 -3.357270 228.180000 440.398000 -13 4446 1 0 1.000000
-19.087700 -31.644700 0 3.407960 5.775340 194.803000 440.498000 -13 4447 1 0 1.000000
0.432349 -6.849930 0 5.078250 -14.569500 245.680000 440.310000 -13 4448 1 0 1.000000
12.723800 -3.259310 0 11.995300 -3.282050 209.190000 440.232000 -13 4449 1 0 1.000000
-35.834700 -6.548690 0 9.916120 -9.353060 220.216000 440.112000 -13 4450 1 0 1.000000
0.296740 -30.616900 0 -10.377300 2.444030 215.665000 440.265000 -13 4451 1 0 1.000000
-10.958400 -23.799600 0 -15.750400 -4.873820 204.676000 440.073000 -13 4452 1 0 1.000000
11.237300 -1.009300 0 -11.213900 -8.979170 215.590000 440.335000 -13 4453 1 0 1.000000
-5.729280 17.170400 0 15.324800 -6.647090 213.556000 440.312000 -13 4454 1 0 1.000000
-27.164300 -7.317930 0 -1.367710 15.415600 200.777000 440.236000 -13 4455 1 0 1.000000
18.344400 -33.810900 0 -13.676000 8.396120 217.108000 440.309000 -13 4456 1 0 1.000000
-3.471110 -16.375000 0 -7.108700 5.233710 205.884000 440.176000 -13 4457 1 0 1.000000
9.149720 -8.543120 0 14.191900 -13.644400 204.942000 440.691000 -13 4458 1 0 1.000000
1.709200 -18.147000 0 -13.731800 -1.454060 229.651000 440.214000 -13 4459 1 0 1.000000
-9.455840 -7.248490 0 8.890690 -7.680700 217.191000 440.124000 -13 4460 1 0 1.000000
-16.482500 -14.046800 0 -1.415950 18.074200 227.578000 440.202000 -13 4461 1 0 1.000000
-18.178800 10.028400 0 7.240700 -5.934630 238.833000 440.181000 -13 4462 1 0 1.000000
-8.104690 -14.883800 0 -14.950300 -8.046850 226.030000 440.288000 -13 4463 1 0 1.000000
-6.842950 -22.685100 0 -9.057040 10.099400 175.361000 440.233000 -13 4464 1 0 1.000000
-7.446200 -10.148500 0 -8.471070 4.230340 225.877000 440.252000 -13 4465 1 0 1.000000
-12.645100 -3.653150 0 3.688890 -18.117200 232.344000 440.191000 -13 4466 1 0 1.000000
-9.935290 10.778000 0 6.939720 -24.603400 214.873000 440.556000 -13 4467 1 0 1.000000
-15.670800 -5.462850 0 7.882490 26.254500 185.188000 440.376000 -13 4468 1 0 1.000000
2.944970 21.202100 0 6.735490 -21.327100 188.482000 440.488000 -13 4469 1 0 1.000000
-41.362100 -23.761700 0 8.373720 -11.049100 214.728000 440.615000 -13 4470 1 0 1.000000
13.674500 -18.427700 0 8.033770 -11.130200 194.282000 440.463000 -13 4471 1 0 1.000000
-20.519300 -16.385200 0 -8.994960 19.533600 241.855000 440.395000 -13 4472 1 0 1.000000
-20.390600 -18.614200 0 3.961340 -10.718400 211.745000 440.292000 -13 4473 1 0 1.000000
-10.831600 119.646000 0 4.251900 -30.771700 299.943000 440.026000 -13 4474 1 0 1.000000
-24.220000 -18.536500 0 -14.381900 5.921340 220.987000 440.519000 -13 4475 1 0 1.000000
-27.231500 16.971800 0 12.629900 -9.863400 218.364000 440.285000 -13 4476 1 0 1.000000
10.851200 -15.482200 0 4.282360 -10.626900 211.986000 440.521000 -13 4477 1 0 1.000000
-15.695000 -8.272750 0 1.352370 -6.301430 201.349000 440.658000 -13 4478 1 0 1.000000
-24.296500 4.543960 0 -13.749200 -4.727760 223.677000 440.413000 -13 4479 1 0 1.000000
-2.208610 -17.310100 0 -13.231400 9.966020 205.307000 440.501000 -13 4480 1 0 1.000000
24.668300 -26.835900 0 -18.119000 -1.728260 224.005000 440.538000 -13 4481 1 0 1.000000
-1.980100 -1.933240 0 16.888000 7.306570 183.992000 440.112000 -13 4482 1 0 1.000000
2.795340 3.444190 0 17.268100 -26.944500 235.177000 439.960000 -13 4483 1 0 1.000000
21.864700 -8.136660 0 -19.255500 19.170100 199.198000 440.223000 -13 4484 1 0 1.000000
11.831600 -8.245660 0 29.669300 -13.471800 208.596000 440.056000 -13 4485 1 0 1.000000
-16.849400 27.414500 0 8.641140 -19.259700 219.870000 440.657000 -13 4486 1 0 1.000000
-11.682100 -16.100200 0 -5.133010 2.626340 222.021000 439.922000 -13 4487 1 0 1.000000
-2.522700 -1.136760 0 17.532100 -6.078110 194.293000 440.297000 -13 4488 1 0 1.000000
-24.081200 38.207400 0 17.841700 1.876540 223.791000 440.980000 -13 4489 1 0 1.000000
22.313700 -23.698500 0 -9.802470 -6.368720 235.710000 440.005000 -13 4490 1 0 1.000000
-12.131800 -3.222660 0 -7.354030 5.629350 186.812000 440.222000 -13 4491 1 0 1.000000
-4.122340 -10.777500 0 20.897400 -4.288220 233.447000 440.420000 -13 4492 1 0 1.000000
22.749600 -32.224900 0 -13.432900 -12.373200 228.899000 440.654000 -13 4493 1 0 1.000000
9.206160 -72.088600 0 -31.385300 2.534910 236.492000 440.503000 -13 4494 1 0 1.000000
6.826660 -7.960900 0 -1.879710 -7.237790 218.324000 440.373000 -13 4495 1 0 1.000000
0.436890 -3.625710 0 -3.506500 -9.159480 225.141000 440.218000 -13 4496 1 0 1.000000
12.527600 -16.521800 0 7.459130 13.094400 226.493000 440.338000 -13 4497 1 0 1.000000
-25.942100 -13.814100 0 13.866600 -11.342000 212.787000 440.518000 -13 4498 1 0 1.000000
-48.360400 -10.723900 0 -2.563180 14.514800 232.520000 440.397000 -13 4499 1 0 1.000000
9.266720 -2.255700 0 -23.132100 13.808000 195.735000 440.288000 -13 4500 1 0 1.000000
6.097840 -10.042400 0 22.981000 -5.866710 197.597000 440.301000 -13 4501 1 0 1.000000
30.372100 38.824300 0 -2.024630 -2.698350 210.199000 440.087000 -13 4502 1 0 1.000000
12.373700 -23.669400 0 11.695700 -5.576590 191.718000 440.418000 -13 4503 1 0 1.000000
-12.373500 11.534500 0 4.822360 5.769800 193.345000 440.411000 -13 4504 1 0 1.000000
27.232000 8.043410 0 8.242420 -4.079940 199.775000 440.236000 -13 4505 1 0 1.000000
0.809592 -13.714700 0 -9.844890 -1.992880 194.481000 440.319000 -13 4506 1 0 1.000000
-23.252000 -6.563950 0 1.950530 -9.128470 195.368000 440.374000 -13 4507 1 0 1.000000
-18.072900 -6.263730 0 -2.031300 -3.096080 203.393000 440.368000 -13 4508 1 0 1.000000
7.115260 1.179730 0 4.126720 -3.378590 190.356000 440.111000 -13 4509 1 0 1.000000
-11.968400 5.363760 0 0.355473 0.944406 216.118000 440.291000 -13 4510 1 0 1.000000
-24.715000 13.828900 0 9.276270 -15.256100 217.940000 440.406000 -13 4511 1 0 1.000000
-1.976120 -52.636400 0 31.670300 -15.678600 207.417000 440.338000 -13 4512 1 0 1.000000
-22.668200 19.683100 0 0.280420 14.339400 210.454000 440.457000 -13 4513 1 0 1.000000
-25.762200 -5.256550 0 5.118040 -0.763123 215.316000 440.234000 -13 4514 1 0 1.000000
2.400550 -42.298500 0 -6.486050 6.009930 194.456000 440.471000 -13 4515 1 0 1.000000
-20.357200 25.604200 0 2.823050 0.343606 219.618000 440.315000 -13 4516 1 0 1.000000
-24.323700 -17.229100 0 5.144110 14.769900 199.382000 440.574000 -13 4517 1 0 1.000000
48.108800 13.668500 0 49.187800 -1.438040 179.008000 439.880000 -13 4518 1 0 1.000000
-13.548900 -11.211300 0 5.631430 -4.155900 215.349000 440.302000 -13 4519 1 0 1.000000
17.036100 -5.256550 0 -23.221600 19.696100 225.663000 440.290000 -13 4520 1 0 1.000000
-7.145300 -22.478200 0 4.878960 -12.482800 224.221000 440.415000 -13 4521 1 0 1.000000
-24.619000 3.947240 0 25.843400 4.729850 205.916000 440.306000 -13 4522 1 0 1.000000
3.920890 -28.871200 0 -4.325660 -16.500100 222.079000 440.489000 -13 4523 1 0 1.000000
16.790700 -6.380990 0 -7.117560 -20.564000 220.363000 440.218000 -13 4524 1 0 1.000000
-13.774500 11.635400 0 -0.872262 -21.384600 218.046000 440.426000 -13 4525 1 0 1.000000
-17.845900 -4.749440 0 -13.154200 -7.268560 226.781000 440.263000 -13 4526 1 0 1.000000
-14.438300 -3.852300 0 18.058300 3.506560 200.526000 440.426000 -13 4527 1 0 1.000000
-26.359100 -38.833000 0 -4.593490 16.159900 242.053000 440.376000 -13 4528 1 0 1.000000
28.200800 -29.999100 0 -9.859100 -3.801220 193.745000 440.093000 -13 4529 1 0 1.000000
7.688420 1.350900 0 4.066130 -4.030630 192.575000 440.075000 -13 4530 1 0 1.000000
4.132330 -12.956700 0 -6.531320 0.247340 189.627000 440.225000 -13 4531 1 0 1.000000
-20.225400 13.671900 0 6.775570 8.468040 232.213000 440.112000 -13 4532 1 0 1.000000
-25.583200 -28.386800 0 -8.697750 14.846200 216.397000 439.989000 -13 4533 1 0 1.000000
-2.268500 -2.032920 0 4.350730 -28.349100 228.948000 439.957000 -13 4534 1 0 1.000000
49.198100 -35.971500 0 -12.578500 14.816500 199.277000 440.277000 -13 4535 1 0 1.000000
-18.852300 -12.193000 0 -9.772090 -13.011100 211.391000 440.513000 -13 4536 1 0 1.000000
31.575400 -47.113900 0 -0.612380 -6.267590 195.251000 440.086000 -13 4537 1 0 1.000000
-17.222600 4.825340 0 9.792790 -16.853200 192.702000 440.500000 -13 4538 1 0 1.000000
18.984100 -40.259700 0 11.495900 9.734530 209.537000 440.178000 -13 4539 1 0 1.000000
-33.143100 -0.453831 0 -22.863400 -1.798220 212.088000 440.250000 -13 4540 1 0 1.000000
-4.898500 -2.515260 0 17.517200 -10.800700 192.632000 440.443000 -13 4541 1 0 1.000000
49.917400 -16.953200 0 -1.691840 1.226240 273.882000 439.958000 -13 4542 1 0 1.000000
-27.885400 18.144500 0 -0.704571 10.665900 209.672000 440.680000 -13 4543 1 0 1.000000
-28.643500 10.461000 0 0.424406 -4.091710 214.091000 440.368000 -13 4544 1 0 1.000000
32.116100 -4.360670 0 -20.793000 -28.435300 195.609000 440.534000 -13 4545 1 0 1.000000
37.496400 -22.855400 0 -71.586300 16.569300 249.544000 439.974000 -13 4546 1 0 1.000000
3.468960 5.172490 0 -1.704510 -11.461600 220.029000 440.162000 -13 4547 1 0 1.000000
19.914000 4.179920 0 8.406650 -12.613200 228.435000 440.469000 -13 4548 1 0 1.000000
9.863510 -10.107600 0 -0.934245 -8.026950 227.128000 440.395000 -13 4549 1 0 1.000000
-4.635540 -6.401900 0 -1.133590 -16.152900 220.069000 440.637000 -13 4550 1 0 1.000000
-28.344700 14.993400 0 -15.349800 -3.251870 203.116000 440.637000 -13 4551 1 0 1.000000
9.374190 4.013710 0 -15.368400 4.079800 194.085000 440.486000 -13 4552 1 0 1.000000
-3.637270 -11.862200 0 2.499370 2.204020 180.625000 440.274000 -13 4553 1 0 1.000000
-15.725100 -4.063040 0 -34.504100 11.548900 217.593000 440.443000 -13 4554 1 0 1.000000
-19.861300 -16.432700 0 -8.382030 -4.870870 203.583000 440.453000 -13 4555 1 0 1.000000
-7.201700 -8.441690 0 -4.009330 -3.278290 201.030000 440.516000 -13 4556 1 0 1.000000
11.093700 17.766500 0 -17.787300 7.664560 189.282000 440.463000 -13 4557 1 0 1.000000
1.070110 -15.018200 0 -10.572700 1.268260 194.067000 440.215000 -13 4558 1 0 1.000000
-6.266310 -38.028100 0 -10.751700 4.685790 191.119000 440.047000 -13 4559 1 0 1.000000
20.918000 -17.775700 0 -0.607181 -18.118700 223.518000 440.038000 -13 4560 1 0 1.000000
17.022300 -6.585330 0 -6.781690 -16.619600 222.975000 440.074000 -13 4561 1 0 1.000000
5.408750 -26.263600 0 -1.890680 13.017600 212.837000 440.021000 -13 4562 1 0 1.000000
6.877120 -12.713900 0 29.158800 -7.398680 208.437000 440.192000 -13 4563 1 0 1.000000
7.712900 -48.434400 0 -3.454110 -17.834000 224.774000 440.006000 -13 4564 1 0 1.000000
-14.113200 -29.848500 0 -3.753610 -0.022421 205.549000 440.497000 -13 4565 1 0 1.000000
-4.253150 -26.384300 0 2.198790 -19.335500 182.135000 440.263000 -13 4566 1 0 1.000000
33.402900 14.296800 0 -20.897800 3.632040 187.897000 440.155000 -13 4567 1 0 1.000000
8.062490 -38.391200 0 6.556920 -1.087430 194.829000 440.398000 -13 4568 1 0 1.000000
5.715340 -18.926300 0 -2.503340 -0.642410 181.532000 440.352000 -13 4569 1 0 1.000000
-10.850700 8.732340 0 17.782700 -20.041400 211.169000 440.464000 -13 4570 1 0 1.000000
-12.460500 -6.752430 0 -22.603900 -1.410380 193.483000 440.201000 -13 4571 1 0 1.000000
-17.938000 -4.622170 0 -1.013240 -0.713204 181.769000 440.276000 -13 4572 1 0 1.000000
-17.458500 -36.389900 0 17.081600 -1.888820 222.778000 440.315000 -13 4573 1 0 1.000000
-21.375000 17.357500 0 -1.875150 7.115490 218.946000 440.644000 -13 4574 1 0 1.000000
-43.675700 -21.204700 0 0.058207 5.420760 204.941000 440.476000 -13 4575 1 0 1.000000
2.096710 -12.612300 0 2.922410 10.688700 221.970000 440.294000 -13 4576 1 0 1.000000
0.917096 -5.115800 0 1.408250 3.704740 222.604000 440.319000 -13 4577 1 0 1.000000
13.055100 18.037600 0 6.872200 -29.903700 239.987000 440.257000 -13 4578 1 0 1.000000
-9.701540 5.066930 0 14.912100 5.665100 215.407000 440.341000 -13 4579 1 0 1.000000
-36.796700 -7.550980 0 -4.161290 -48.702400 211.947000 440.315000 -13 4580 1 0 1.000000
15.308600 -14.790500 0 3.696920 3.841490 229.308000 440.302000 -13 4581 1 0 1.000000
1.654280 -11.911400 0 12.333800 -12.839100 219.116000 440.333000 -13 4582 1 0 1.000000
10.227900 -23.183200 0 0.338747 0.682382 212.323000 440.291000 -13 4583 1 0 1.000000
-1.713540 4.199850 0 9.998200 -5.471510 202.347000 440.141000 -13 4584 1 0 1.000000
-20.470000 -0.961184 0 9.187810 1.669090 199.573000 440.202000 -13 4585 1 0 1.000000
-9.124300 -11.439900 0 3.058820 -10.851300 205.677000 440.276000 -13 4586 1 0 1.000000
7.747670 -1.161150 0 -12.017000 0.777087 205.850000 440.195000 -13 4587 1 0 1.000000
-4.738950 -5.374790 0 2.067540 0.489929 190.049000 440.174000 -13 4588 1 0 1.000000
12.700800 -8.101850 0 -31.568400 6.452160 222.981000 439.977000 -13 4589 1 0 1.000000
-1.810620 -26.455000 0 1.271520 6.213670 202.864000 440.115000 -13 4590 1 0 1.000000
1.830160 -6.013050 0 2.210190 4.423080 212.578000 440.221000 -13 4591 1 0 1.000000
-10.511600 -5.118100 0 -11.884700 5.737430 206.939000 440.172000 -13 4592 1 0 1.000000
-7.090020 2.246060 0 -22.502400 7.885190 213.063000 440.629000 -13 4593 1 0 1.000000
-28.934500 -14.183200 0 7.292720 3.631050 209.093000 440.509000 -13 4594 1 0 1.000000
4.543220 -6.228730 0 -1.819590 11.402600 213.020000 440.519000 -13 4595 1 0 1.000000
-3.165530 -28.395900 0 -21.816500 14.004000 220.033000 440.682000 -13 4596 1 0 1.000000
16.319400 -3.840010 0 -19.311800 -28.143100 188.941000 440.104000 -13 4597 1 0 1.000000
-42.650400 38.876300 0 -1.492660 2.348160 209.828000 440.416000 -13 4598 1 0 1.000000
-25.397400 -0.920779 0 -0.377915 16.149800 230.941000 440.456000 -13 4599 1 0 1.000000
-18.111400 19.633600 0 -11.111400 5.192880 227.560000 440.141000 -13 4600 1 0 1.000000
2.204720 -19.271300 0 -0.458304 2.043370 228.251000 440.432000 -13 4601 1 0 1.000000
8.575430 8.370900 0 -7.602910 -10.465100 226.576000 440.166000 -13 4602 1 0 1.000000
-39.465400 -11.894200 0 -7.008150 13.847500 240.058000 440.436000 -13 4603 1 0 1.000000
64.821600 -17.121700 0 8.963850 -11.441300 245.424000 440.691000 -13 4604 1 0 1.000000
-10.070400 -26.903600 0 -0.889459 14.426700 224.478000 440.267000 -13 4605 1 0 1.000000
-19.062500 -17.740600 0 -3.694110 10.483300 225.865000 440.161000 -13 4606 1 0 1.000000
-6.647680 4.740970 0 1.939910 17.031800 219.193000 440.388000 -13 4607 1 0 1.000000
-22.403200 -16.102900 0 -25.067300 -4.156320 195.291000 439.859000 -13 4608 1 0 1.000000
-11.100500 -2.661300 0 12.910300 10.849900 198.899000 440.436000 -13 4609 1 0 1.000000
-6.226050 20.191600 0 9.433510 -12.755500 204.888000 440.515000 -13 4610 1 0 1.000000
-1.405150 -12.207600 0 10.120600 -6.737520 189.639000 440.520000 -13 4611 1 0 1.000000
-34.812100 -7.380410 0 -10.850400 -11.700200 187.947000 440.143000 -13 4612 1 0 1.000000
40.117500 -3.789330 0 -33.360200 -13.450100 217.719000 440.125000 -13 4613 1 0 1.000000
32.577600 -25.394100 0 -1.317640 3.497880 188.827000 439.939000 -13 4614 1 0 1.000000
-10.197000 -9.861290 0 7.663730 7.366340 191.799000 439.898000 -13 4615 1 0 1.000000
14.144900 -0.756521 0 -0.284532 -11.132400 203.800000 440.092000 -13 4616 1 0 1.000000
-13.150800 -4.136830 0 6.868840 14.357000 191.222000 440.237000 -13 4617 1 0 1.000000
-14.693800 6.083220 0 -16.406800 -8.993730 214.297000 439.972000 -13 4618 1 0 1.000000
-8.039520 -6.856110 0 -14.496000 0.363602 193.145000 440.137000 -13 4619 1 0 1.000000
10.754700 -23.730000 0 20.111600 -5.144320 199.906000 440.028000 -13 4620 1 0 1.000000
-38.972000 -27.164800 0 -8.241550 -0.536362 200.936000 440.143000 -13 4621 1 0 1.000000
-3.946690 -50.967100 0 -2.816190 -18.990200 227.983000 439.958000 -13 4622 1 0 1.000000
9.830250 -3.831490 0 -13.954300 -18.451400 190.621000 440.087000 -13 4623 1 0 1.000000
-18.226900 4.372920 0 17.888000 -35.394900 226.787000 440.533000 -13 4624 1 0 1.000000
5.951700 -34.956600 0 -10.767900 42.188200 243.203000 440.655000 -13 4625 1 0 1.000000
-9.474350 -8.147490 0 16.484400 -14.704900 186.045000 440.962000 -13 4626 1 0 1.000000
10.239400 -31.138400 0 -37.572700 -13.065200 203.503000 440.243000 -13 4627 1 0 1.000000
-1.018980 -12.602300 0 -2.795210 3.435840 216.300000 440.054000 -13 4628 1 0 1.000000
-4.607490 -39.322400 0 -18.051700 -23.277900 191.859000 440.084000 -13 4629 1 0 1.000000
2.028280 -40.812000 0 -22.481200 16.408100 224.353000 440.846000 -13 4630 1 0 1.000000
0.962777 -24.672800 0 -21.146300 6.074620 212.452000 440.136000 -13 4631 1 0 1.000000
30.448400 -32.142000 0 0.937179 -5.226290 206.682000 439.956000 -13 4632 1 0 1.000000
-18.538700 -8.062410 0 -0.529912 -0.715785 196.061000 439.987000 -13 4633 1 0 1.000000
-39.047500 19.142300 0 -23.470300 17.346500 203.841000 440.018000 -13 4634 1 0 1.000000
11.496400 -36.027700 0 1.705880 5.411190 190.101000 440.142000 -13 4635 1 0 1.000000
-18.754800 -11.351600 0 -9.522080 15.900400 190.217000 440.069000 -13 4636 1 0 1.000000
-9.840150 -9.366660 0 -0.780778 2.294800 197.801000 440.163000 -13 4637 1 0 1.000000
-15.304300 -18.617300 0 -6.268540 7.878790 192.353000 440.087000 -13 4638 1 0 1.000000
6.899540 -7.751990 0 -14.248000 -8.647280 184.107000 440.197000 -13 4639 1 0 1.000000
19.489900 -24.144500 0 -4.390100 12.840500 195.601000 440.057000 -13 4640 1 0 1.000000
21.938000 -13.821000 0 3.648050 -15.145300 206.129000 440.211000 -13 4641 1 0 1.000000
6.768140 -18.140700 0 10.237100 -2.544870 205.455000 440.230000 -13 4642 1 0 1.000000
-32.407600 18.765400 0 -4.841330 1.361350 217.703000 440.385000 -13 4643 1 0 1.000000
-32.698400 -5.041330 0 2.904910 -2.391410 204.677000 440.385000 -13 4644 1 0 1.000000
6.647610 -34.586700 0 13.591800 -5.464980 213.461000 440.176000 -13 4645 1 0 1.000000
-2.993240 -16.450100 0 -4.516860 3.791470 193.326000 440.289000 -13 4646 1 0 1.000000
-16.489600 -13.922000 0 6.850310 23.695700 208.099000 440.419000 -13 4647 1 0 1.000000
18.584900 -22.187000 0 10.443500 -10.440000 211.884000 440.268000 -13 4648 1 0 1.000000
-22.130700 -16.545600 0 0.433580 -5.522440 206.511000 440.342000 -13 4649 1 0 1.000000
11.245100 -35.201500 0 -9.608140 -0.878726 209.244000 440.291000 -13 4650 1 0 1.000000
-14.714000 -0.343463 0 -7.286970 -0.779268 201.504000 440.005000 -13 4651 1 0 1.000000
16.339400 22.151900 0 -0.431033 15.115200 238.098000 440.522000 -13 4652 1 0 1.000000
-11.481200 -26.706000 0 0.737870 -6.302270 207.265000 440.093000 -13 4653 1 0 1.000000
-12.661900 -8.060390 0 -6.315170 1.868770 202.436000 440.077000 -13 4654 1 0 1.000000
4.793440 4.776390 0 4.237170 -10.194300 207.908000 440.029000 -13 4655 1 0 1.000000
-18.922300 8.084920 0 3.013360 -13.981500 217.826000 440.123000 -13 4656 1 0 1.000000
17.900600 -4.133790 0 -12.559600 -3.022060 211.086000 440.112000 -13 4657 1 0 1.000000
-26.449200 -20.089900 0 1.014730 -3.394260 212.014000 440.154000 -13 4658 1 0 1.000000
-13.134000 -9.905840 0 3.064140 -0.786193 211.051000 440.197000 -13 4659 1 0 1.000000
-2.730100 -20.081200 0 -9.982370 5.841350 208.884000 440.074000 -13 4660 1 0 1.000000
13.297200 1.481710 0 0.113874 1.868500 194.992000 440.224000 -13 4661 1 0 1.000000
-25.663600 -6.639250 0 4.530870 18.008700 224.071000 440.032000 -13 4662 1 0 1.000000
-31.540900 14.985200 0 2.592750 8.626330 212.407000 440.193000 -13 4663 1 0 1.000000
-9.770000 -8.275690 0 -4.416140 17.322700 204.519000 440.325000 -13 4664 1 0 1.000000
-10.621000 -9.188460 0 -9.911880 23.498200 206.191000 440.212000 -13 4665 1 0 1.000000
-1.860920 -14.904800 0 13.576900 10.727900 203.125000 440.284000 -13 4666 1 0 1.000000
2.127830 -11.643600 0 6.128820 14.374300 208.445000 440.239000 -13 4667 1 0 1.000000
26.199600 -22.507000 0 -23.462800 -1.554960 217.067000 440.190000 -13 4668 1 0 1.000000
21.980700 -8.662170 0 5.060930 6.557770 202.153000 440.270000 -13 4669 1 0 1.000000
1.940190 12.862000 0 18.550000 -35.737500 249.211000 440.270000 -13 4670 1 0 1.000000
-5.980800 -6.728290 0 -20.619000 10.846800 206.699000 440.007000 -13 4671 1 0 1.000000
10.485900 -24.212900 0 20.393900 -0.686006 193.854000 440.337000 -13 4672 1 0 1.000000
-12.955300 9.828880 0 -2.634240 -12.129000 196.348000 440.067000 -13 4673 1 0 1.000000
12.889300 -13.599700 0 13.338100 -15.154600 199.855000 440.231000 -13 4674 1 0 1.000000
3.078030 17.467500 0 6.725840 10.327700 196.990000 440.280000 -13 4675 1 0 1.000000
1.995820 21.295900 0 -20.523500 -4.476490 205.635000 439.940000 -13 4676 1 0 1.000000
-5.375430 -2.547450 0 -8.249330 -14.244000 194.507000 440.168000 -13 4677 1 0 1.000000
-10.149700 8.718030 0 8.060880 -8.984140 200.363000 440.560000 -13 4678 1 0 1.000000
3.608780 -3.850360 0 6.484310 -5.021980 196.495000 440.340000 -13 4679 1 0 1.000000
-19.256900 2.639180 0 -11.537600 -0.166422 210.136000 440.377000 -13 4680 1 0 1.000000
-44.181900 17.686200 0 0.121027 0.038611 215.771000 440.290000 -13 4681 1 0 1.000000
-25.468900 -2.546760 0 -0.295339 1.781750 204.927000 440.309000 -13 4682 1 0 1.000000
-28.621000 6.135740 0 -9.179430 3.552510 214.865000 440.277000 -13 4683 1 0 1.000000
31.535900 -18.389100 0 29.211000 1.447250 209.741000 440.354000 -13 4684 1 0 1.000000
19.864000 -16.982000 0 -17.758400 16.886400 214.434000 440.452000 -13 4685 1 0 1.000000
-6.996650 7.940900 0 -2.236990 -6.979050 209.154000 440.389000 -13 4686 1 0 1.000000
-1.810520 -24.577600 0 -2.708410 9.513920 219.887000 440.446000 -13 4687 1 0 1.000000
-32.626000 -29.297000 0 12.721000 1.369690 205.185000 440.685000 -13 4688 1 0 1.000000
-23.863700 -47.838000 0 3.814560 -17.323700 223.691000 440.024000 -13 4689 1 0 1.000000
1.523480 36.958500 0 0.745055 -21.963800 205.921000 440.491000 -13 4690 1 0 1.000000
6.366740 -23.620200 0 31.165400 12.057400 210.211000 440.318000 -13 4691 1 0 1.000000
-41.286500 -13.686100 0 -10.669200 -0.484719 214.408000 440.908000 -13 4692 1 0 1.000000
2.136900 -23.875900 0 13.901400 -1.667640 204.623000 440.475000 -13 4693 1 0 1.000000
-25.961200 -24.102800 0 17.467600 3.267370 215.710000 440.410000 -13 4694 1 0 1.000000
-13.441300 -18.195000 0 17.023700 -7.052120 206.915000 440.473000 -13 4695 1 0 1.000000
-33.811400 18.819900 0 -23.812400 -2.604860 201.384000 440.375000 -13 4696 1 0 1.000000
3.466440 0.725611 0 9.156000 -1.789880 195.412000 440.307000 -13 4697 1 0 1.000000
-11.953400 -6.800200 0 -6.323690 21.739000 196.536000 440.269000 -13 4698 1 0 1.000000
17.550200 -23.920000 0 4.844890 8.245830 199.121000 440.155000 -13 4699 1 0 1.000000
3.337380 -29.686900 0 5.194960 25.158400 206.165000 440.141000 -13 4700 1 0 1.000000
-5.900620 -31.415900 0 -0.731205 -11.076900 184.027000 440.208000 -13 4701 1 0 1.000000
-2.202600 -26.222500 0 -18.189100 1.498620 192.330000 440.142000 -13 4702 1 0 1.000000
-8.818460 -8.546090 0 4.027200 -22.446600 198.087000 440.401000 -13 4703 1 0 1.000000
1.694320 -48.769100 0 20.587000 -2.003810 201.446000 440.298000 -13 4704 1 0 1.000000
18.033800 0.820050 0 -14.520900 -11.651000 230.015000 440.181000 -13 4705 1 0 1.000000
-36.790900 9.162640 0 14.923500 12.955900 235.829000 440.299000 -13 4706 1 0 1.000000
9.581800 1.556380 0 9.628670 0.574571 225.482000 440.261000 -13 4707 1 0 1.000000
19.604100 -23.009400 0 1.322670 -27.787000 184.708000 440.272000 -13 4708 1 0 1.000000
-3.017750 -14.114200 0 6.932730 2.454560 184.941000 440.591000 -13 4709 1 0 1.000000
-19.315100 -0.501211 0 -5.081790 5.448320 226.215000 440.261000 -13 4710 1 0 1.000000
-8.907770 -5.682930 0 -6.001740 11.844800 229.909000 440.194000 -13 4711 1 0 1.000000
-13.806100 -11.307700 0 0.078258 5.270470 204.861000 440.123000 -13 4712 1 0 1.000000
-25.417900 -1.387610 0 -3.754880 -13.026300 193.807000 440.561000 -13 4713 1 0 1.000000
5.124670 -32.703400 0 20.762800 -17.700800 238.437000 440.434000 -13 4714 1 0 1.000000
-14.043500 9.321480 0 11.195900 4.112140 217.835000 440.221000 -13 4715 1 0 1.000000
-2.617420 -0.909724 0 40.200500 -34.963400 202.985000 440.490000 -13 4716 1 0 1.000000
30.871500 -21.880600 0 7.695080 -9.790270 210.635000 439.885000 -13 4717 1 0 1.000000
-8.703040 0.886000 0 4.485550 1.801670 232.485000 440.444000 -13 4718 1 0 1.000000
-15.117000 -38.522200 0 -6.997340 6.640490 233.690000 440.326000 -13 4719 1 0 1.000000
-5.491340 -12.977400 0 0.661600 -3.374090 204.784000 439.912000 -13 4720 1 0 1.000000
-26.079700 42.345800 0 3.501090 -7.080940 225.702000 440.240000 -13 4721 1 0 1.000000
-9.166320 13.710100 0 -8.145410 14.701900 220.575000 439.995000 -13 4722 1 0 1.000000
-24.077700 3.812140 0 3.256740 9.206290 243.694000 440.092000 -13 4723 1 0 1.000000
6.632990 -14.370800 0 18.995600 -7.975340 188.721000 440.122000 -13 4724 1 0 1.000000
9.312030 -65.870300 0 1.283180 -29.024200 218.240000 440.543000 -13 4725 1 0 1.000000
-31.101700 1.311130 0 18.758600 -9.027700 228.097000 440.107000 -13 4726 1 0 1.000000
-27.957700 -30.864400 0 10.148000 9.787320 236.440000 440.148000 -13 4727 1 0 1.000000
-20.285000 -6.040100 0 -25.302100 7.669160 204.905000 440.029000 -13 4728 1 0 1.000000
9.154530 0.247501 0 -2.552400 7.232400 196.649000 440.110000 -13 4729 1 0 1.000000
10.318800 -11.306600 0 4.647410 5.501880 202.820000 440.138000 -13 4730 1 0 1.000000
-17.514000 -20.449300 0 -13.100400 7.148160 195.536000 440.064000 -13 4731 1 0 1.000000
-10.759000 -4.039710 0 4.858630 -6.460890 190.247000 440.082000 -13 4732 1 0 1.000000
-7.838910 -7.933020 0 7.722720 -9.675110 201.798000 440.109000 -13 4733 1 0 1.000000
-0.534076 -24.924900 0 23.524600 25.244000 201.465000 440.240000 -13 4734 1 0 1.000000
9.871980 -17.116800 0 -6.976470 -8.441440 197.590000 440.206000 -13 4735 1 0 1.000000
25.030000 -7.344150 0 -15.591300 12.880800 209.932000 440.216000 -13 4736 1 0 1.000000
-17.409000 7.208130 0 0.035643 -0.461044 213.443000 440.117000 -13 4737 1 0 1.000000
22.639600 -1.082420 0 -19.146000 -2.192110 204.817000 440.504000 -13 4738 1 0 1.000000
-45.023100 -5.698800 0 -5.380500 -9.386590 217.437000 440.492000 -13 4739 1 0 1.000000
-10.654900 4.157390 0 -9.901810 10.717700 206.134000 440.572000 -13 4740 1 0 1.000000
20.946100 -24.674400 0 6.875500 -5.916240 192.440000 440.646000 -13 4741 1 0 1.000000
-30.818000 -1.467890 0 -0.913291 10.417400 189.989000 440.442000 -13 4742 1 0 1.000000
12.476600 -8.236330 0 12.797500 -8.038470 220.422000 440.367000 -13 4743 1 0 1.000000
-7.464130 -22.710400 0 21.421900 30.553900 213.504000 440.632000 -13 4744 1 0 1.000000
28.121600 -26.280800 0 14.857000 0.695925 175.527000 440.143000 -13 4745 1 0 1.000000
3.137460 -9.133830 0 -0.832403 -17.868300 220.057000 440.081000 -13 4746 1 0 1.000000
-9.213180 -17.097400 0 9.527100 -11.332200 216.142000 440.533000 -13 4747 1 0 1.000000
-8.293390 -18.497200 0 -5.880710 -13.785700 222.608000 440.378000 -13 4748 1 0 1.000000
-0.097648 -31.412300 0 -13.967800 6.967610 222.347000 440.362000 -13 4749 1 0 1.000000
-28.176500 -17.803300 0 5.442740 -4.526510 220.020000 440.303000 -13 4750 1 0 1.000000
-59.346800 7.516900 0 -2.524370 -1.421190 221.422000 440.305000 -13 4751 1 0 1.000000
-35.613700 8.443720 0 23.689600 -8.207950 221.994000 440.513000 -13 4752 1 0 1.000000
10.213700 -24.039400 0 5.904630 -18.318000 199.938000 440.169000 -13 4753 1 0 1.000000
-26.163400 -20.657900 0 -3.201950 -9.350930 227.731000 440.302000 -13 4754 1 0 1.000000
-17.399000 -14.823500 0 -35.071700 -21.890000 210.453000 439.908000 -13 4755 1 0 1.000000
-26.510200 -9.696490 0 -5.041400 -6.656750 204.567000 440.403000 -13 4756 1 0 1.000000
-26.381100 -20.191200 0 -22.504800 -10.497800 221.556000 440.476000 -13 4757 1 0 1.000000
12.355000 11.901700 0 7.297600 -27.393000 219.635000 440.605000 -13 4758 1 0 1.000000
0.401122 2.700080 0 8.170000 4.023220 225.743000 440.250000 -13 4759 1 0 1.000000
-13.448400 -20.333500 0 -3.568790 -8.190920 184.977000 440.475000 -13 4760 1 0 1.000000
-4.706290 -3.002510 0 -10.428700 6.134900 230.960000 440.349000 -13 4761 1 0 1.000000
8.330770 4.131400 0 -28.962600 8.079660 190.770000 440.527000 -13 4762 1 0 1.000000
-8.608190 -11.092300 0 -16.805500 13.467500 207.314000 440.451000 -13 4763 1 0 1.000000
3.329190 -9.707020 0 6.484280 1.418690 184.371000 440.114000 -13 4764 1 0 1.000000
20.053100 -2.692760 0 -6.398800 17.840300 186.590000 440.302000 -13 4765 1 0 1.000000
-13.807000 -9.020160 0 -5.886140 -22.584200 187.270000 440.192000 -13 4766 1 0 1.000000
-3.390180 -13.964300 0 -4.927650 19.609100 206.026000 440.438000 -13 4767 1 0 1.000000
-9.248030 -7.049020 0 -0.364750 12.388700 211.643000 440.368000 -13 4768 1 0 1.000000
-0.254554 -25.040100 0 13.579200 5.922800 210.980000 440.405000 -13 4769 1 0 1.000000
5.700670 -6.606670 0 21.154700 -2.935970 203.549000 440.533000 -13 4770 1 0 1.000000
8.900310 -10.826400 0 4.852130 5.681630 228.592000 440.167000 -13 4771 1 0 1.000000
-40.196600 -26.653500 0 -7.321470 29.648700 236.004000 440.206000 -13 4772 1 0 1.000000
-13.075400 -23.237300 0 -4.564220 -25.731100 229.391000 440.076000 -13 4773 1 0 1.000000
-21.673500 -7.878980 0 8.057120 -0.049913 228.390000 440.076000 -13 4774 1 0 1.000000
-44.256600 22.705700 0 23.870500 -24.654100 246.714000 440.211000 -13 4775 1 0 1.000000
-14.872400 -37.065300 0 -8.412060 3.585450 205.553000 440.011000 -13 4776 1 0 1.000000
2.588830 -29.900000 0 -4.702320 18.234400 213.296000 439.921000 -13 4777 1 0 1.000000
13.086300 -6.876980 0 0.188515 2.067640 190.988000 440.101000 -13 4778 1 0 1.000000
8.298680 -6.723050 0 -15.292300 10.238900 192.803000 440.130000 -13 4779 1 0 1.000000
-0.409673 -17.888000 0 3.063110 4.077570 192.377000 440.276000 -13 4780 1 0 1.000000
-3.575780 6.433240 0 12.521500 -10.420400 199.554000 440.075000 -13 4781 1 0 1.000000
-1.334430 4.172700 0 5.714920 -3.315970 192.827000 440.266000 -13 4782 1 0 1.000000
-5.235790 4.363340 0 -14.038000 4.379820 201.406000 440.176000 -13 4783 1 0 1.000000
1.941930 -1.230610 0 -3.500370 -7.119600 201.491000 439.984000 -13 4784 1 0 1.000000
-4.487970 -41.329800 0 -6.016470 24.643700 226.447000 440.163000 -13 4785 1 0 1.000000
9.923890 -14.154800 0 1.174300 3.362890 195.501000 440.060000 -13 4786 1 0 1.000000
-12.200600 4.165110 0 20.588700 11.555600 195.465000 440.242000 -13 4787 1 0 1.000000
-3.447750 -3.086450 0 26.354500 -12.457100 213.495000 440.536000 -13 4788 1 0 1.000000
-35.642000 -4.432210 0 18.426900 6.079700 204.148000 440.115000 -13 4789 1 0 1.000000
-10.722600 -25.293200 0 13.491400 -13.865600 209.990000 440.204000 -13 4790 1 0 1.000000
-10.211700 8.577630 0 -4.327880 12.992300 202.849000 440.111000 -13 4791 1 0 1.000000
-7.998560 -15.528300 0 -0.158988 6.493370 200.098000 440.064000 -13 4792 1 0 1.000000
-4.223590 6.202440 0 -2.008800 6.295950 197.685000 440.006000 -13 4793 1 0 1.000000
-18.948700 -9.723210 0 -16.931200 7.399140 208.040000 440.103000 -13 4794 1 0 1.000000
-2.600610 2.865810 0 -19.819600 11.081900 216.133000 440.023000 -13 4795 1 0 1.000000
-5.742010 -19.328300 0 17.409800 1.249490 229.175000 440.392000 -13 4796 1 0 1.000000
0.844539 -2.005690 0 -10.173100 -13.140300 233.503000 440.233000 -13 4797 1 0 1.000000
-5.420950 -5.208400 0 1.806350 -9.508630 204.577000 440.174000 -13 4798 1 0 1.000000
-13.735800 -7.419980 0 3.700300 -7.166380 205.875000 440.063000 -13 4799 1 0 1.000000
-5.043950 4.873460 0 7.320860 32.413300 221.697000 440.322000 -13 4800 1 0 1.000000
-28.857600 -15.421000 0 9.434370 -2.933290 207.407000 440.142000 -13 4801 1 0 1.000000
-11.583000 -27.797600 0 -8.755510 -12.783900 231.502000 440.137000 -13 4802 1 0 1.000000
-21.639000 -18.762200 0 -7.082360 30.216100 235.388000 440.156000 -13 4803 1 0 1.000000
-36.186400 4.910060 0 -31.060100 2.779530 240.665000 440.274000 -13 4804 1 0 1.000000
9.248040 -14.259200 0 -9.990620 -0.988335 207.366000 440.090000 -13 4805 1 0 1.000000
1.936690 0.949452 0 -21.022400 9.554250 227.520000 440.042000 -13 4806 1 0 1.000000
-8.129160 -10.548100 0 10.025600 3.136140 198.556000 440.445000 -13 4807 1 0 1.000000
-18.610400 2.782460 0 -4.210140 18.073900 183.953000 440.163000 -13 4808 1 0 1.000000
31.997700 38.583000 0 -1.176400 -17.627500 204.136000 440.183000 -13 4809 1 0 1.000000
6.551800 -44.687700 0 -7.895900 -21.096200 213.433000 440.005000 -13 4810 1 0 1.000000
26.126700 -22.800900 0 -6.532430 -31.064700 207.768000 440.038000 -13 4811 1 0 1.000000
-17.947200 -15.216900 0 -14.075900 -19.294700 203.715000 440.256000 -13 4812 1 0 1.000000
-13.948500 2.459320 0 -0.504729 12.063400 197.104000 440.372000 -13 4813 1 0 1.000000
-4.823660 -13.415100 0 8.805130 -1.911050 186.569000 440.120000 -13 4814 1 0 1.000000
3.437970 -28.278600 0 -5.919530 -13.219300 224.219000 439.989000 -13 4815 1 0 1.000000
-21.140000 -17.700800 0 6.582130 -2.169500 224.540000 440.326000 -13 4816 1 0 1.000000
-7.002650 -23.268300 0 4.097370 12.377600 220.793000 440.575000 -13 4817 1 0 1.000000
-8.351490 -18.526300 0 -0.625382 24.395000 228.686000 440.262000 -13 4818 1 0 1.000000
0.910145 -7.052040 0 -2.556780 4.514850 230.300000 440.259000 -13 4819 1 0 1.000000
3.220720 -23.281400 0 -13.433100 16.222900 222.400000 440.243000 -13 4820 1 0 1.000000
-33.272200 -9.041120 0 33.540200 -33.479800 216.410000 440.764000 -13 4821 1 0 1.000000
-22.825100 -13.308500 0 -3.579050 -3.647420 228.867000 440.297000 -13 4822 1 0 1.000000
-21.920400 -24.130700 0 -18.489500 12.264200 224.670000 440.271000 -13 4823 1 0 1.000000
3.373740 -30.639300 0 -19.478300 0.457068 215.014000 440.455000 -13 4824 1 0 1.000000
-13.960800 -14.100300 0 -12.291100 -1.101770 225.468000 440.231000 -13 4825 1 0 1.000000
-13.330700 13.468600 0 -20.261700 14.233800 213.697000 440.354000 -13 4826 1 0 1.000000
-18.352400 -13.987300 0 12.372100 -2.806280 221.768000 440.472000 -13 4827 1 0 1.000000
-1.911470 23.132200 0 12.253300 -30.167800 216.095000 440.464000 -13 4828 1 0 1.000000
12.818200 -1.467910 0 -4.276720 3.205540 183.125000 440.442000 -13 4829 1 0 1.000000
-16.061900 -11.909800 0 -9.208300 -13.360600 221.038000 440.498000 -13 4830 1 0 1.000000
-2.421250 12.826600 0 -2.550140 -7.289410 204.785000 440.267000 -13 4831 1 0 1.000000
-13.754800 8.086620 0 -2.142300 4.479130 196.998000 440.259000 -13 4832 1 0 1.000000
-18.136100 15.025200 0 11.943300 -0.069381 202.884000 440.204000 -13 4833 1 0 1.000000
-1.595930 -20.700900 0 6.471020 1.249700 194.382000 440.122000 -13 4834 1 0 1.000000
11.944300 -22.043700 0 -16.358500 -28.239900 209.141000 440.089000 -13 4835 1 0 1.000000
-11.732800 19.118400 0 7.431800 -19.640600 220.881000 439.991000 -13 4836 1 0 1.000000
-9.744100 13.858300 0 13.224400 11.396200 208.379000 440.151000 -13 4837 1 0 1.000000
2.936980 0.597337 0 13.107900 -0.152754 194.782000 440.313000 -13 4838 1 0 1.000000
-42.837100 -7.963710 0 4.106130 3.564850 205.037000 440.128000 -13 4839 1 0 1.000000
1.979400 -9.926240 0 -3.747570 4.472550 234.628000 440.116000 -13 4840 1 0 1.000000
-24.240100 -15.791900 0 15.105000 11.864700 206.049000 440.194000 -13 4841 1 0 1.000000
-30.267000 5.105950 0 -7.777500 0.334212 217.770000 440.118000 -13 4842 1 0 1.000000
0.499706 -61.676900 0 -19.094200 -15.392600 236.743000 440.176000 -13 4843 1 0 1.000000
-23.138000 -2.192570 0 -8.288440 -7.222840 207.861000 440.044000 -13 4844 1 0 1.000000
-15.248500 -32.252100 0 -1.620760 16.552700 224.727000 440.113000 -13 4845 1 0 1.000000
-1.563320 -34.220000 0 2.721020 -6.417630 234.018000 440.164000 -13 4846 1 0 1.000000
-2.287310 0.344818 0 18.340300 5.435090 217.416000 440.087000 -13 4847 1 0 1.000000
-47.797200 0.642095 0 -14.436100 -2.982480 239.622000 440.191000 -13 4848 1 0 1.000000
11.028600 -0.250824 0 -2.297530 4.267720 213.817000 440.115000 -13 4849 1 0 1.000000
-3.431850 7.784160 0 4.085150 3.786540 229.731000 440.111000 -13 4850 1 0 1.000000
-8.223570 -9.179370 0 -1.476960 -15.503100 201.247000 440.187000 -13 4851 1 0 1.000000
-17.505900 9.519940 0 -39.623400 44.989200 220.875000 440.086000 -13 4852 1 0 1.000000
-24.895500 2.785240 0 -6.206730 19.746700 204.934000 440.244000 -13 4853 1 0 1.000000
-1.417910 -11.260300 0 9.748310 -1.137690 198.399000 439.952000 -13 4854 1 0 1.000000
-17.890300 2.178600 0 -12.281000 -14.324600 190.423000 440.265000 -13 4855 1 0 1.000000
-27.757100 -5.292250 0 12.944500 -5.646940 213.018000 440.414000 -13 4856 1 0 1.000000
-24.660800 2.258510 0 -7.611700 -8.141110 200.165000 440.379000 -13 4857 1 0 1.000000
-11.170300 -22.784100 0 -21.604100 24.470400 232.454000 439.946000 -13 4858 1 0 1.000000
-13.834200 -9.793750 0 -9.578200 -6.408940 212.198000 440.482000 -13 4859 1 0 1.000000
17.192600 -21.112200 0 -8.119650 10.705000 208.334000 440.403000 -13 4860 1 0 1.000000
-13.888100 -7.049530 0 6.084030 7.963710 193.656000 440.416000 -13 4861 1 0 1.000000
-7.869890 -7.479100 0 12.128500 -2.395840 210.178000 440.420000 -13 4862 1 0 1.000000
-0.694155 -23.133000 0 -7.653310 6.505650 205.822000 440.364000 -13 4863 1 0 1.000000
-3.486880 1.728300 0 6.333730 -4.413760 199.679000 440.417000 -13 4864 1 0 1.000000
-39.309700 -6.814640 0 1.504330 -16.852500 213.639000 440.434000 -13 4865 1 0 1.000000
21.981300 -12.440700 0 -3.009810 -11.608500 197.422000 440.202000 -13 4866 1 0 1.000000
15.799900 -30.657800 0 -7.919110 -4.239500 185.087000 440.246000 -13 4867 1 0 1.000000
-17.063300 -10.479700 0 -15.842600 5.707300 203.748000 440.267000 -13 4868 1 0 1.000000
3.818370 -15.149600 0 0.223100 19.049000 191.096000 440.235000 -13 4869 1 0 1.000000
-36.756800 8.635700 0 -13.462900 -5.753360 205.395000 440.358000 -13 4870 1 0 1.000000
6.601150 -23.700000 0 9.917470 4.720100 198.029000 440.042000 -13 4871 1 0 1.000000
8.926860 -28.736600 0 -7.653140 -4.789820 195.971000 440.210000 -13 4872 1 0 1.000000
3.182360 -13.184900 0 -2.124640 -25.570400 208.505000 440.277000 -13 4873 1 0 1.000000
-20.044600 -28.137600 0 -14.606500 3.933860 199.016000 440.253000 -13 4874 1 0 1.000000
-14.451000 -0.103809 0 13.120800 -9.183040 200.858000 440.193000 -13 4875 1 0 1.000000
-3.976380 -12.456100 0 15.699300 0.863952 196.245000 440.379000 -13 4876 1 0 1.000000
8.002610 -27.274800 0 -14.073100 -12.856600 210.753000 440.396000 -13 4877 1 0 1.000000
-11.316900 -12.300600 0 -8.356550 1.979180 201.629000 440.334000 -13 4878 1 0 1.000000
-5.749440 -30.638100 0 0.255393 -3.354440 189.527000 440.331000 -13 4879 1 0 1.000000
-16.719200 -6.032520 0 -5.860210 2.859830 198.225000 440.310000 -13 4880 1 0 1.000000
-8.194570 -26.413900 0 -8.041760 -3.800790 187.787000 440.214000 -13 4881 1 0 1.000000
-16.351300 2.931360 0 23.162000 -6.147750 198.409000 440.380000 -13 4882 1 0 1.000000
-27.340000 -22.949900 0 -9.315680 -1.152970 198.319000 440.214000 -13 4883 1 0 1.000000
35.807500 -15.749400 0 -17.930900 -11.424700 184.762000 440.480000 -13 4884 1 0 1.000000
-27.399400 -5.080630 0 10.422700 -5.567440 209.390000 440.597000 -13 4885 1 0 1.000000
-10.742400 -25.425400 0 -23.817200 13.264000 197.466000 439.858000 -13 4886 1 0 1.000000
16.722600 -7.188700 0 17.006400 3.217430 202.120000 440.636000 -13 4887 1 0 1.000000
2.779030 -7.591640 0 2.432160 0.515580 230.485000 440.411000 -13 4888 1 0 1.000000
5.078510 11.021900 0 9.935600 -8.851600 224.157000 440.257000 -13 4889 1 0 1.000000
36.636500 -23.095900 0 -15.527400 -1.742690 187.291000 440.432000 -13 4890 1 0 1.000000
21.066200 13.949800 0 -14.727500 -24.252000 200.298000 440.517000 -13 4891 1 0 1.000000
17.884000 -26.410900 0 -23.661800 -5.767030 224.839000 440.149000 -13 4892 1 0 1.000000
-28.438600 -3.429430 0 -2.887640 2.444170 200.096000 440.001000 -13 4893 1 0 1.000000
-24.840300 -23.343700 0 -9.847130 -0.843296 224.707000 440.088000 -13 4894 1 0 1.000000
-12.528800 -12.744600 0 0.818603 -26.106300 206.524000 440.068000 -13 4895 1 0 1.000000
8.174770 -20.813300 0 4.623790 4.640410 203.515000 440.017000 -13 4896 1 0 1.000000
-3.519690 -15.223700 0 -19.666900 5.399230 206.614000 440.055000 -13 4897 1 0 1.000000
-14.081500 -23.293800 0 -5.871350 -0.248259 204.643000 440.190000 -13 4898 1 0 1.000000
-34.664900 -24.548100 0 5.063830 -12.584000 237.443000 440.343000 -13 4899 1 0 1.000000
-30.777300 -29.192000 0 7.040630 12.335200 205.080000 440.169000 -13 4900 1 0 1.000000
3.812730 -5.256070 0 -5.825690 -0.878722 209.296000 440.230000 -13 4901 1 0 1.000000
-18.209800 -24.534300 0 10.369100 -6.928790 188.606000 440.412000 -13 4902 1 0 1.000000
15.899500 -9.582120 0 10.593400 -23.042700 184.136000 440.553000 -13 4903 1 0 1.000000
-10.559400 -16.967700 0 -8.182520 2.497900 175.691000 440.242000 -13 4904 1 0 1.000000
-23.988500 -15.108500 0 0.579118 12.756900 177.975000 439.988000 -13 4905 1 0 1.000000
2.423600 -23.958100 0 -28.034300 21.616500 164.945000 440.405000 -13 4906 1 0 1.000000
-19.826300 -23.041500 0 3.830460 -2.513720 195.954000 439.907000 -13 4907 1 0 1.000000
8.313870 -33.710900 0 -2.830450 -3.393200 185.402000 440.040000 -13 4908 1 0 1.000000
4.084390 -17.634600 0 18.568800 -18.046100 188.275000 440.342000 -13 4909 1 0 1.000000
-6.837020 -2.836240 0 -3.967450 -1.993200 188.952000 440.431000 -13 4910 1 0 1.000000
-8.536950 4.232170 0 14.204400 -4.878620 207.592000 439.838000 -13 4911 1 0 1.000000
-24.578200 7.094420 0 -4.471360 -13.288400 230.987000 440.191000 -13 4912 1 0 1.000000
-13.737500 21.938700 0 8.950350 11.166100 236.367000 440.485000 -13 4913 1 0 1.000000
0.307529 -22.683400 0 6.769250 -3.026660 232.914000 440.390000 -13 4914 1 0 1.000000
-13.896200 -1.303030 0 12.852400 -0.136437 231.944000 440.379000 -13 4915 1 0 1.000000
-11.827600 -17.011200 0 2.346900 -3.039320 239.075000 440.311000 -13 4916 1 0 1.000000
-9.263320 6.286550 0 0.778626 11.801800 222.148000 440.411000 -13 4917 1 0 1.000000
-30.307300 17.687100 0 -7.038630 5.908480 220.119000 440.206000 -13 4918 1 0 1.000000
-13.353900 1.053840 0 2.631490 12.595900 213.903000 440.544000 -13 4919 1 0 1.000000
27.948800 -16.464600 0 8.646680 -4.833460 229.709000 440.371000 -13 4920 1 0 1.000000
-18.343600 17.470700 0 -8.355840 -3.251100 226.614000 440.242000 -13 4921 1 0 1.000000
-37.656800 -17.724700 0 4.785760 -0.590987 221.362000 440.106000 -13 4922 1 0 1.000000
-12.146500 4.387730 0 2.568140 -16.389000 219.803000 440.213000 -13 4923 1 0 1.000000
-28.653800 15.936900 0 -9.011650 -12.684800 236.233000 440.273000 -13 4924 1 0 1.000000
-16.202300 -11.544800 0 2.679800 23.633600 220.696000 440.135000 -13 4925 1 0 1.000000
-15.014600 -7.541610 0 3.870060 12.833000 218.142000 440.187000 -13 4926 1 0 1.000000
-16.535200 -20.073900 0 -4.995300 2.238310 228.174000 440.196000 -13 4927 1 0 1.000000
-18.263000 9.640950 0 12.302800 24.061800 234.863000 440.325000 -13 4928 1 0 1.000000
-18.677500 -5.151790 0 15.165200 7.414700 213.470000 440.232000 -13 4929 1 0 1.000000
20.215500 -5.702320 0 -5.360440 -5.641660 205.445000 440.113000 -13 4930 1 0 1.000000
23.823600 -7.210540 0 -3.470900 4.015190 232.407000 440.283000 -13 4931 1 0 1.000000
-35.321900 -0.864429 0 -5.803620 -2.700920 214.032000 440.125000 -13 4932 1 0 1.000000
-9.764490 -17.713400 0 -4.820360 4.083790 213.494000 440.105000 -13 4933 1 0 1.000000
8.546570 11.541900 0 -6.706840 -10.955700 226.199000 440.157000 -13 4934 1 0 1.000000
-38.715800 -11.994400 0 -3.596270 -40.773300 273.714000 440.495000 -13 4935 1 0 1.000000
-35.499000 -7.928510 0 -4.441550 5.569440 212.405000 440.304000 -13 4936 1 0 1.000000
-6.641210 -9.974330 0 -0.232372 10.815300 210.262000 440.282000 -13 4937 1 0 1.000000
-21.293000 1.805350 0 -14.323900 13.610200 214.830000 440.125000 -13 4938 1 0 1.000000
-3.460780 -2.206750 0 -12.852400 -5.030300 189.632000 440.007000 -13 4939 1 0 1.000000
-17.713700 -8.569030 0 7.589050 -3.844660 194.582000 440.145000 -13 4940 1 0 1.000000
-20.212000 -3.354990 0 -3.679770 -10.635400 201.497000 440.331000 -13 4941 1 0 1.000000
-24.634400 -15.141600 0 -2.442730 1.884200 197.560000 440.314000 -13 4942 1 0 1.000000
1.513930 -22.370000 0 -10.628800 2.365010 193.384000 440.183000 -13 4943 1 0 1.000000
-17.484000 -12.073400 0 8.065770 -4.479090 199.348000 440.246000 -13 4944 1 0 1.000000
-11.807600 -13.162200 0 -2.757730 -5.398000 190.395000 440.149000 -13 4945 1 0 1.000000
2.129110 -10.106700 0 -19.504700 -12.129100 196.503000 440.098000 -13 4946 1 0 1.000000
-14.002400 21.384800 0 -5.719770 -4.632180 214.605000 439.998000 -13 4947 1 0 1.000000
6.211260 5.076530 0 -9.402940 -13.245400 237.765000 439.971000 -13 4948 1 0 1.000000
-39.876900 -26.062300 0 12.184000 7.830970 208.008000 439.993000 -13 4949 1 0 1.000000
-39.678800 14.995300 0 -22.380600 5.942520 197.812000 440.089000 -13 4950 1 0 1.000000
-9.280330 -14.701500 0 22.785900 -12.407300 248.487000 440.154000 -13 4951 1 0 1.000000
-30.613300 -1.677630 0 17.726000 10.744300 195.267000 440.171000 -13 4952 1 0 1.000000
-18.734800 -15.203200 0 4.459110 5.173600 228.826000 440.113000 -13 4953 1 0 1.000000
2.572780 -13.332200 0 -17.432100 -8.806620 218.977000 439.996000 -13 4954 1 0 1.000000
-4.916040 9.003470 0 -11.111300 -2.959760 185.779000 440.342000 -13 4955 1 0 1.000000
38.737300 -54.930400 0 5.008780 -30.777400 228.275000 440.071000 -13 4956 1 0 1.000000
-11.099800 1.248730 0 2.240990 -4.854970 210.977000 440.207000 -13 4957 1 0 1.000000
-24.138900 -22.658100 0 5.560210 3.300980 212.930000 440.238000 -13 4958 1 0 1.000000
5.085680 -4.811260 0 3.126170 -12.743800 198.684000 440.309000 -13 4959 1 0 1.000000
-8.248050 -12.155200 0 -5.171380 3.259960 216.774000 440.317000 -13 4960 1 0 1.000000
-5.946020 -11.546700 0 -6.803870 -2.088700 210.195000 440.224000 -13 4961 1 0 1.000000
-15.955200 -14.115400 0 3.183910 13.160400 206.500000 440.133000 -13 4962 1 0 1.000000
12.030300 -13.084100 0 -5.798680 11.278400 215.520000 440.339000 -13 4963 1 0 1.000000
-16.414900 -9.997620 0 -12.182700 -10.436700 217.137000 440.444000 -13 4964 1 0 1.000000
-31.221400 -20.374600 0 -10.230600 6.208470 231.925000 440.414000 -13 4965 1 0 1.000000
-0.478203 -16.755500 0 7.440840 -10.698500 227.793000 440.295000 -13 4966 1 0 1.000000
-3.076560 11.590800 0 -14.291000 -15.555200 183.445000 440.337000 -13 4967 1 0 1.000000
-14.461100 27.471500 0 6.746800 -34.355200 211.100000 440.440000 -13 4968 1 0 1.000000
22.142800 2.356670 0 -39.190800 -1.942960 240.300000 440.342000 -13 4969 1 0 1.000000
3.075960 -12.889600 0 -17.398600 -2.050880 211.266000 440.564000 -13 4970 1 0 1.000000
-0.049693 -9.698950 0 -6.239200 1.529500 211.446000 440.437000 -13 4971 1 0 1.000000
-26.102600 -1.958080 0 -14.865600 3.927230 224.550000 440.090000 -13 4972 1 0 1.000000
-6.289550 -12.384000 0 -9.695860 9.958920 208.760000 440.003000 -13 4973 1 0 1.000000
-0.955283 -23.853600 0 -5.079370 -9.284580 204.939000 440.064000 -13 4974 1 0 1.000000
-17.820800 3.526190 0 2.394470 -7.439350 213.125000 440.019000 -13 4975 1 0 1.000000
22.628200 30.256800 0 -0.952829 10.101300 221.990000 440.116000 -13 4976 1 0 1.000000
-19.272700 0.555055 0 2.353310 15.502500 232.527000 440.190000 -13 4977 1 0 1.000000
-15.139700 -23.222900 0 -0.967069 -16.080500 199.351000 440.139000 -13 4978 1 0 1.000000
2.345880 25.394900 0 6.821140 -13.632300 237.390000 440.208000 -13 4979 1 0 1.000000
7.436320 6.911860 0 -1.577220 18.896700 231.677000 440.087000 -13 4980 1 0 1.000000
-29.403800 -14.560600 0 2.590870 -4.790520 223.272000 440.108000 -13 4981 1 0 1.000000
-27.783800 11.712100 0 5.796540 14.591900 242.704000 439.948000 -13 4982 1 0 1.000000
31.211300 -19.210400 0 -31.796300 -2.490570 197.950000 440.319000 -13 4983 1 0 1.000000
1.787480 -17.104300 0 -16.017000 -21.661900 182.834000 440.386000 -13 4984 1 0 1.000000
-26.762900 6.921350 0 -18.934400 12.056800 197.586000 440.241000 -13 4985 1 0 1.000000
8.807600 -0.477453 0 -22.105800 -12.452100 187.435000 440.307000 -13 4986 1 0 1.000000
-19.797000 -4.811780 0 5.789700 -0.111253 207.187000 440.580000 -13 4987 1 0 1.000000
-1.741870 -14.331800 0 2.914940 8.569760 208.318000 440.609000 -13 4988 1 0 1.000000
-1.815590 7.843570 0 -8.329750 -10.441800 208.846000 440.536000 -13 4989 1 0 1.000000
11.760200 -5.290030 0 11.294800 12.866200 202.406000 440.598000 -13 4990 1 0 1.000000
-7.106720 -27.774800 0 10.455600 -7.126920 216.814000 439.983000 -13 4991 1 0 1.000000
18.275700 -7.567910 0 4.631510 15.608800 214.845000 440.296000 -13 4992 1 0 1.000000
-22.441000 5.048720 0 -11.841100 15.733100 229.196000 440.043000 -13 4993 1 0 1.000000
-47.271800 20.820100 0 -10.360200 11.373100 222.815000 439.979000 -13 4994 1 0 1.000000
5.975540 12.674300 0 -3.365490 1.318740 200.009000 440.333000 -13 4995 1 0 1.000000
10.591000 6.299160 0 3.204070 1.437210 204.349000 440.251000 -13 4996 1 0 1.000000
-6.140860 4.122600 0 0.660631 2.573140 188.696000 440.267000 -13 4997 1 0 1.000000
-13.426800 -13.060100 0 -5.578740 2.892450 203.691000 440.198000 -13 4998 1 0 1.000000
-16.413400 -71.894500 0 -16.417600 -24.533800 206.610000 440.183000 -13 4999 1 0 1.000000
9.302030 -4.737630 0 -20.145200 -16.819900 178.130000 440.226000 -13 5000 1 0 1.000000
12.962100 -4.937340 0 -3.261590 -0.412783 189.846000 440.416000 -13 5001 1 0 1.000000
-16.477700 -15.144100 0 -5.713400 -9.413010 240.560000 439.994000 -13 5002 1 0 1.000000
-7.640500 -23.652600 0 6.386150 10.862300 180.138000 440.273000 -13 5003 1 0 1.000000
2.045080 2.863510 0 -7.991770 9.662530 182.129000 440.118000 -13 5004 1 0 1.000000
-9.081670 2.613270 0 12.328600 5.570870 196.246000 440.451000 -13 5005 1 0 1.000000
-0.790762 -53.153200 0 -3.869960 3.620590 206.006000 440.113000 -13 5006 1 0 1.000000
14.447800 -2.434990 0 -15.833700 -6.757540 196.654000 440.403000 -13 5007 1 0 1.000000
-23.886100 -12.960700 0 14.638400 -16.866600 213.294000 440.581000 -13 5008 1 0 1.000000
-3.192090 -11.931200 0 23.631200 -11.847500 198.328000 440.538000 -13 5009 1 0 1.000000
-35.832600 0.373187 0 8.298460 -7.091910 225.103000 440.569000 -13 5010 1 0 1.000000
-37.402700 -1.582550 0 -4.471450 12.457600 226.227000 440.311000 -13 5011 1 0 1.000000
-0.729818 -23.753200 0 -4.578080 10.053200 218.132000 440.461000 -13 5012 1 0 1.000000
-4.218830 -25.137500 0 -0.057266 19.126800 200.766000 440.731000 -13 5013 1 0 1.000000
-19.047300 -1.992970 0 -8.528710 -6.393650 216.993000 440.554000 -13 5014 1 0 1.000000
-32.322600 -12.887900 0 -2.029280 7.513230 225.084000 440.324000 -13 5015 1 0 1.000000
5.717350 -5.885320 0 3.126930 -15.675700 206.635000 440.204000 -13 5016 1 0 1.000000
-24.547100 8.156050 0 -3.195370 -8.649240 200.277000 440.193000 -13 5017 1 0 1.000000
-3.942740 -28.685300 0 5.406670 -0.475506 201.275000 440.282000 -13 5018 1 0 1.000000
-4.365350 -21.138100 0 -7.742150 -4.309280 209.360000 440.030000 -13 5019 1 0 1.000000
11.569000 -14.491700 0 -4.614510 6.159050 208.995000 440.264000 -13 5020 1 0 1.000000
3.080630 -24.187200 0 -13.300300 -23.900000 217.913000 440.179000 -13 5021 1 0 1.000000
-8.825800 -11.082600 0 1.386090 -12.951200 202.019000 440.177000 -13 5022 1 0 1.000000
-15.619900 -10.037500 0 10.851400 -14.971000 203.506000 440.166000 -13 5023 1 0 1.000000
-23.973800 -17.216100 0 24.368100 -2.463330 202.549000 440.258000 -13 5024 1 0 1.000000
-37.832500 15.367700 0 -1.233480 17.258200 224.302000 440.070000 -13 5025 1 0 1.000000
17.041200 -8.986260 0 -1.983030 -0.830228 201.633000 440.152000 -13 5026 1 0 1.000000
-24.204100 26.477700 0 -10.405100 0.772238 223.372000 440.146000 -13 5027 1 0 1.000000
-7.612880 -9.750790 0 5.376530 9.677110 203.767000 440.138000 -13 5028 1 0 1.000000
29.622300 -46.743200 0 -23.282800 17.465000 247.195000 440.458000 -13 5029 1 0 1.000000
-14.707400 -22.311600 0 13.768400 2.219910 204.656000 440.159000 -13 5030 1 0 1.000000
2.480890 -33.592200 0 10.991400 -0.269945 194.619000 440.284000 -13 5031 1 0 1.000000
13.943400 -10.333200 0 -7.826460 5.284190 203.754000 440.132000 -13 5032 1 0 1.000000
-1.066920 -23.713200 0 0.799308 -12.204500 202.110000 440.218000 -13 5033 1 0 1.000000
-4.656380 -10.097900 0 0.022950 -11.328000 191.954000 440.293000 -13 5034 1 0 1.000000
0.961062 -14.427700 0 3.222850 -14.282800 200.050000 439.882000 -13 5035 1 0 1.000000
-0.841543 -4.404750 0 1.344450 1.380390 191.926000 440.345000 -13 5036 1 0 1.000000
-0.590633 -39.980100 0 12.575900 -8.514970 199.715000 440.352000 -13 5037 1 0 1.000000
-0.001602 -6.470540 0 5.834540 8.371430 194.910000 440.115000 -13 5038 1 0 1.000000
3.781990 6.741540 0 -8.805160 19.092600 201.030000 440.307000 -13 5039 1 0 1.000000
-22.619500 8.731790 0 18.852900 7.186710 204.336000 439.997000 -13 5040 1 0 1.000000
8.822850 -21.794600 0 4.778810 3.428890 197.394000 440.184000 -13 5041 1 0 1.000000
-5.297010 -39.603400 0 2.119420 15.393200 215.142000 440.344000 -13 5042 1 0 1.000000
21.665000 -12.983900 0 -10.609100 -7.856770 256.551000 440.111000 -13 5043 1 0 1.000000
19.304900 -78.027800 0 -2.536610 -6.555690 220.213000 440.134000 -13 5044 1 0 1.000000
-10.898800 -2.409140 0 -4.873600 -0.335683 208.298000 440.424000 -13 5045 1 0 1.000000
-22.165600 -30.296900 0 -5.046170 14.287900 200.468000 440.413000 -13 5046 1 0 1.000000
-16.754600 -2.514110 0 -26.073700 17.080500 197.915000 440.119000 -13 5047 1 0 1.000000
-2.141920 -34.416300 0 -10.580900 19.538200 200.675000 440.106000 -13 5048 1 0 1.000000
-34.302900 5.316440 0 -0.617546 9.640950 204.828000 440.116000 -13 5049 1 0 1.000000
40.463100 -42.135300 0 -2.066580 -14.934300 219.190000 439.998000 -13 5050 1 0 1.000000
-57.509600 -26.967800 0 -7.968930 19.245100 231.174000 440.292000 -13 5051 1 0 1.000000
-35.383200 2.474290 0 -8.798920 2.033730 207.723000 440.360000 -13 5052 1 0 1.000000
-21.077500 -15.964700 0 -5.250240 19.069400 212.543000 440.178000 -13 5053 1 0 1.000000
-8.924110 -19.744000 0 10.828700 -17.108800 202.938000 440.309000 -13 5054 1 0 1.000000
8.242070 -20.339300 0 -15.728300 17.978900 239.175000 440.287000 -13 5055 1 0 1.000000
0.496411 13.736200 0 -6.987760 -14.083900 208.033000 440.407000 -13 5056 1 0 1.000000
-15.423500 -27.060300 0 4.300330 -9.542370 213.506000 440.286000 -13 5057 1 0 1.000000
-23.162700 21.744100 0 -0.033878 17.907000 209.491000 440.345000 -13 5058 1 0 1.000000
-17.174000 -2.662540 0 3.771520 12.258800 205.833000 440.191000 -13 5059 1 0 1.000000
-14.806500 -8.456990 0 -7.807090 -21.088400 212.424000 440.284000 -13 5060 1 0 1.000000
18.844400 8.214020 0 -8.928760 -1.733470 210.122000 440.309000 -13 5061 1 0 1.000000
-17.513000 -24.815400 0 13.396700 -7.295120 211.287000 440.401000 -13 5062 1 0 1.000000
-8.659590 -2.829400 0 0.386298 -4.181720 197.823000 440.420000 -13 5063 1 0 1.000000
-18.281200 -17.248600 0 -20.989800 -15.602200 214.111000 440.362000 -13 5064 1 0 1.000000
-3.791250 -12.030100 0 3.957830 -18.633700 204.899000 440.121000 -13 5065 1 0 1.000000
-14.646800 -22.774600 0 13.821300 5.542590 203.927000 440.069000 -13 5066 1 0 1.000000
1.285620 6.686180 0 -3.522150 1.868170 210.745000 440.252000 -13 5067 1 0 1.000000
-8.762300 -11.724800 0 -20.141200 0.073685 202.965000 440.117000 -13 5068 1 0 1.000000
1.620040 4.555930 0 -2.389600 -1.457490 233.376000 440.449000 -13 5069 1 0 1.000000
5.982800 -14.909200 0 -2.550160 11.842500 213.411000 440.067000 -13 5070 1 0 1.000000
-15.936300 -8.900790 0 3.507330 -11.353800 206.083000 440.262000 -13 5071 1 0 1.000000
18.152800 -1.841240 0 -11.014600 -11.938200 221.843000 440.050000 -13 5072 1 0 1.000000
-14.323400 5.966400 0 -14.122100 -14.797200 200.319000 440.175000 -13 5073 1 0 1.000000
-10.555100 -12.183900 0 -18.552300 1.401250 210.417000 440.004000 -13 5074 1 0 1.000000
4.140860 5.963790 0 8.097850 9.071130 202.108000 440.184000 -13 5075 1 0 1.000000
9.576560 -23.182700 0 7.452430 -3.723200 209.851000 440.089000 -13 5076 1 0 1.000000
-4.306770 15.822300 0 -3.157670 11.895000 224.038000 440.100000 -13 5077 1 0 1.000000
9.568380 -30.397500 0 -24.766400 9.385990 205.636000 439.984000 -13 5078 1 0 1.000000
-19.656700 -4.002290 0 14.035900 19.116600 215.198000 440.166000 -13 5079 1 0 1.000000
-11.199100 -4.630630 0 -20.194200 -15.771800 222.753000 439.984000 -13 5080 1 0 1.000000
-10.289600 3.856340 0 -7.656750 -6.779540 229.496000 440.042000 -13 5081 1 0 1.000000
4.080760 -41.745400 0 -3.125790 11.860100 226.170000 440.165000 -13 5082 1 0 1.000000
5.069960 19.048300 0 42.394400 15.243800 218.800000 440.321000 -13 5083 1 0 1.000000
-18.585400 -14.808000 0 7.976730 -3.431650 208.495000 440.056000 -13 5084 1 0 1.000000
-5.801320 -19.314100 0 5.268150 16.423400 236.122000 440.232000 -13 5085 1 0 1.000000
-36.702800 -28.311400 0 -6.869350 6.349120 216.539000 440.558000 -13 5086 1 0 1.000000
2.898140 -8.558490 0 3.712010 5.197570 212.370000 440.152000 -13 5087 1 0 1.000000
-0.263285 -27.356100 0 -6.969850 2.701950 217.451000 440.085000 -13 5088 1 0 1.000000
-29.344900 -9.701280 0 21.030600 -3.289450 234.062000 440.582000 -13 5089 1 0 1.000000
-15.114100 -18.310000 0 10.399800 -10.204200 222.935000 440.119000 -13 5090 1 0 1.000000
-8.466880 -8.827540 0 -3.848870 7.832190 229.591000 440.398000 -13 5091 1 0 1.000000
1.985840 -3.703260 0 5.912390 -23.105500 225.671000 440.227000 -13 5092 1 0 1.000000
9.635130 -12.074300 0 -10.583600 5.841270 223.099000 440.311000 -13 5093 1 0 1.000000
-6.580680 1.023670 0 4.216390 -13.909600 190.125000 440.150000 -13 5094 1 0 1.000000
3.267850 -19.466200 0 -16.919500 -6.458040 212.095000 440.338000 -13 5095 1 0 1.000000
-6.741990 -21.450900 0 -18.356400 -2.695720 194.625000 440.170000 -13 5096 1 0 1.000000
-28.512600 -20.021800 0 -2.170280 -5.943700 197.344000 440.290000 -13 5097 1 0 1.000000
2.525550 -6.167530 0 5.730430 -14.450000 195.081000 440.482000 -13 5098 1 0 1.000000
-14.755000 -10.070700 0 1.724880 28.562900 184.281000 440.244000 -13 5099 1 0 1.000000
-22.445900 -7.690000 0 10.714100 -11.546800 205.470000 440.332000 -13 5100 1 0 1.000000
-28.523500 26.055000 0 0.003075 -5.638710 207.819000 440.341000 -13 5101 1 0 1.000000
17.055400 -28.630200 0 -8.656760 25.401300 205.197000 440.036000 -13 5102 1 0 1.000000
-2.332030 -0.517407 0 8.154110 5.912560 186.116000 440.094000 -13 5103 1 0 1.000000
15.811800 -8.038090 0 4.000640 -8.057250 194.608000 440.180000 -13 5104 1 0 1.000000
23.900500 -21.700300 0 28.491300 -13.580000 230.667000 440.231000 -13 5105 1 0 1.000000
10.983900 -41.870900 0 12.556200 1.760850 203.263000 440.225000 -13 5106 1 0 1.000000
-13.823500 -36.291800 0 3.916360 19.199000 228.870000 440.370000 -13 5107 1 0 1.000000
-26.458000 -7.592980 0 1.354910 -9.285880 199.839000 440.189000 -13 5108 1 0 1.000000
-13.345500 -21.847400 0 -2.116750 -2.470840 199.533000 440.077000 -13 5109 1 0 1.000000
14.639200 -5.901620 0 -9.589790 -7.811760 195.732000 440.291000 -13 5110 1 0 1.000000
50.015200 -12.801500 0 -0.574099 3.519370 254.533000 440.251000 -13 5111 1 0 1.000000
-5.598690 10.465400 0 9.119140 -12.063700 224.381000 440.381000 -13 5112 1 0 1.000000
-14.584300 -8.616290 0 0.908157 -9.810870 218.292000 440.333000 -13 5113 1 0 1.000000
-30.017200 -4.598150 0 4.839770 13.677100 223.201000 440.491000 -13 5114 1 0 1.000000
6.336950 -4.083850 0 9.341600 0.047434 227.562000 440.393000 -13 5115 1 0 1.000000
-6.681400 3.564790 0 2.789260 -21.850200 225.914000 440.233000 -13 5116 1 0 1.000000
-19.189100 1.676360 0 -1.099690 -2.196570 205.381000 440.210000 -13 5117 1 0 1.000000
-7.694310 -8.088240 0 -2.102670 8.077950 225.602000 440.204000 -13 5118 1 0 1.000000
2.510960 -9.301100 0 -10.671800 0.434985 221.086000 440.238000 -13 5119 1 0 1.000000
8.233980 -22.438000 0 11.479300 -6.950630 221.782000 440.194000 -13 5120 1 0 1.000000
28.555900 -48.516700 0 -29.731800 -0.675675 236.019000 440.399000 -13 5121 1 0 1.000000
