G4BL_DIR=/home/incik/G4beamline-3.08
G4LEDATA=/home/incik/Geant4Data/G4EMLOW8.0
G4ENSDFSTATEDATA=/home/incik/Geant4Data/G4ENSDFSTATE2.3
G4PARTICLEXSDATA=/home/incik/Geant4Data/G4PARTICLEXS4.0
G4LEVELGAMMADATA=/home/incik/Geant4Data/PhotonEvaporation5.7
G4RADIOACTIVEDATA=/home/incik/Geant4Data/RadioactiveDecay5.6
G4beamline Process ID 32099

*************************************************************
 g4beamline version: 3.08                        (Aug 11 2022)
                      Copyright : Tom Roberts, Muons, Inc.
                        License : Gnu Public License
                            WWW : http://g4beamline.muonsinc.com

          ################################
          !!! G4Backtrace is activated !!!
          ################################


**************************************************************
 Geant4 version Name: geant4-11-00-patch-02 [MT]   (25-May-2022)
                       Copyright : Geant4 Collaboration
                      References : NIM A 506 (2003), 250-303
                                 : IEEE-TNS 53 (2006), 270-278
                                 : NIM A 835 (2016), 186-225
                             WWW : http://geant4.org/
**************************************************************

geometry                   nPoints=100 printGeometry=0 visual=0
                           tolerance=0.002
param        filename      for009
param        last          2000
param        final_output  beam_stage1_out
G4PhysListFactory::GetReferencePhysList <QGSP_BERT_EMX>  EMoption= 2
<<< Geant4 Physics List simulation engine: QGSP_BERT

G4VModularPhysicsList::ReplacePhysics: G4EmStandard with type : 2 is replaced with G4EmStandard_opt2

physics      QGSP_BERT_EMX disable= inactivate= deactivate= doStochastics=1
                           fluct=1 minRangeCut=1 list=0 gammaToMuPair=0
                           spinTracking=0 synchrotronRadiation=0
                           synchrotronRadiationMuon=0 maxTime=1e+06
param        pi            3.1415926
param        ncells        30
param        cell_length   2200
param        coilname      coil
param        coil_length   596.9838479171975
param        coil_radius   450
param        coil_width    225
param        solpos        0.21428071133122087
param        bendpos       0.1
param        current       32.14509719624864
param        angle         1.5
param        dipole        0.058
param        dipole_length 100
param        pres          35
param        rf_grad       22.508192486472524
param        rf_length     220
param        rf_fre        0.352
param        rf_ph         32.84244060974717
param        rf_window_length 0.1
param        wallthick     0.1
material H2     Z=1.00 A=1.01
                density=0.003 temperature=273 pressure=35.0
param        cavity_gas    Vacuum
param        pipe_radius   230
param        pipe_diameter 460
param        fringe_length 920
param        pipe_length   439.4
param        wedge_window_length 0.3
param        half_wedge_length 370
param        wedge_apex    110
param        end_z         68210
param        x_last        2.600925646
param        y_last        -5.9071353
param        x_off         -6.3210911
param        y_off         -11.071213
param        first         1
param        ref_momentum  204
reference                  particle=mu+ beamX=-6.321 beamY=-11.07 beamZ=0
                           beamT=0 rotation= referenceMomentum=204 beamXp=0
                           beamYp=0 meanMomentum=204 meanXp=0 meanYp=0
                           tuneZ=-3.7e+21 tuneMomentum=-3.7e+21
                           tolerance=0.001 noEfield=1 noBfield=1 noEloss=1
                           P=204
beam    ASCII   nEvents=2000 firstEvent=1 lastEvent=2000 beamZ=-3700000000000000000000.0 maxR=1000000.0 renumber=0 weight=1.000000 
		filename=beam_stage1_352MHz.beam format=BLTrackFile 
		
trackcuts                  kill= keep= killSecondaries=1 kineticEnergyCut=0
                           kineticEnergyMax=1.798e+308 maxTime=1e+06
                           keepPrimaries=0 steppingVerbose=0
trace                      nTrace=1 format=Trace oneNTuple=0 primaryOnly=0
                           traceTune=1 filename=Ev%dTrk%d file=Ev%dTrk%d
                           require= coordinates=Centerline
virtualdetector beamDet    radius=800 innerRadius=0 height=1600 width=1600
                           length=0.001 maxStep=100 material= color=1,1,1
                           noSingles=0 format=bltrackfile
                           filename=beam_stage1_out file=beam_stage1_out
                           require= referenceParticle=0 coordinates=Centerline
                           kill=0
genericbend  solbend       fieldWidth=1000 fieldHeight=1000 fieldLength=100
                           ironWidth=-1 ironHeight=-1 ironLength=-1 By=0.058
                           maxStep=100 fieldMaterial=Vacuum fieldColor=
                           ironMaterial=Fe ironColor=1,1,1 kill=1 fringe=0
                           fringeFactor=1 openAperture=1
fieldexpr fringe_left: Map 30000 points  Max Relative Error = 0.0012
fieldexpr fringe_left: Map 178503 points  Max Relative Error = 0.0003
fieldexpr    fringe_left   factorB=1 factorE=1 timeOffset=0 Bx=
                           By=0.058*((1+exp(5*-z/460)*cos(5*y/460))/(1+2*exp(5*-z/460)*cos(5*y/460)+exp(2*5*-z/460)))
                           Bz=-0.058*exp(5*-z/460)*sin(5*y/460)/(1+2*exp(5*-z/460)*cos(5*y/460)+exp(2*5*-z/460))
                           Br= Bphi= Ex= Ey= Ez= Er= time= nX=3 nY=199 nZ=299
                           nR=11 nT=11 tolerance=0.001 length=920 width=460
                           height=460 radius=-1 tmin=0 tmax=0
fieldexpr fringe_right: Map 30000 points  Max Relative Error = 0.0012
fieldexpr fringe_right: Map 178503 points  Max Relative Error = 0.0003
fieldexpr    fringe_right  factorB=1 factorE=1 timeOffset=0 Bx=
                           By=0.058*((1+exp(5*z/460)*cos(5*y/460))/(1+2*exp(5*z/460)*cos(5*y/460)+exp(2*5*z/460)))
                           Bz=-0.058*exp(5*z/460)*sin(5*y/460)/(1+2*exp(5*z/460)*cos(5*y/460)+exp(2*5*z/460))
                           Br= Bphi= Ex= Ey= Ez= Er= time= nX=3 nY=199 nZ=299
                           nR=11 nT=11 tolerance=0.001 length=920 width=460
                           height=460 radius=-1 tmin=0 tmax=0
coil    coil    innerRadius=450.0 outerRadius=675.0 length=597.0 material=Cu 
		tolerance=0.002 nSheets=0 
		maxR=1350.0 maxZ=2200.0 dR=0.0 dZ=0.0 filename=coil.dat 
coilmap coil    tolerance=0.00200 [fraction of Bz(r=0,z=0)]
coilmap coil    read file 'coil.dat'  dR=16.9 dZ=16.9
solenoid     sol1          coilName=coil current=32.15 color=1,1,1 alternate=0
                           kill=1 coil=coil
solenoid     sol2          coilName=coil current=-32.15 color=1,1,1
                           alternate=0 kill=1 coil=coil
tubs         pipe          innerRadius=230 outerRadius=231 initialPhi=0
                           finalPhi=360 length=439.4 maxStep=100 material=
                           color=1,1,1 kill=1 radius=231
pillbox      cav00         maxGradient=22.74 color=1.0,0.0,0.0 frequency=0.352
                           innerLength=220 innerRadius=326 pipeThick=3
                           wallThick=0.1 irisRadius=230 collarRadialThick=5
                           collarThick=0 win1Thick=0.1 win1OuterRadius=50
                           win2Thick=0.1 winMat=Be phaseAcc=14.79
                           skinDepth=0.002 timingTolerance=0.001 maxStep=100
                           cavityMaterial=Vacuum timeOffset=-4.7e+21
                           timeIncrement=0 fieldMapFile= kill=1
pillbox      cav01         maxGradient=22.13 color=1.0,0.0,0.0 frequency=0.352
                           innerLength=220 innerRadius=326 pipeThick=3
                           wallThick=0.1 irisRadius=230 collarRadialThick=5
                           collarThick=0 win1Thick=0.1 win1OuterRadius=50
                           win2Thick=0.1 winMat=Be phaseAcc=15.68
                           skinDepth=0.002 timingTolerance=0.001 maxStep=100
                           cavityMaterial=Vacuum timeOffset=-4.7e+21
                           timeIncrement=0 fieldMapFile= kill=1
pillbox      cav02         maxGradient=22.13 color=1.0,0.0,0.0 frequency=0.352
                           innerLength=220 innerRadius=326 pipeThick=3
                           wallThick=0.1 irisRadius=230 collarRadialThick=5
                           collarThick=0 win1Thick=0.1 win1OuterRadius=50
                           win2Thick=0.1 winMat=Be phaseAcc=36.56
                           skinDepth=0.002 timingTolerance=0.001 maxStep=100
                           cavityMaterial=Vacuum timeOffset=-4.7e+21
                           timeIncrement=0 fieldMapFile= kill=1
pillbox      cav03         maxGradient=21.76 color=1.0,0.0,0.0 frequency=0.352
                           innerLength=220 innerRadius=326 pipeThick=3
                           wallThick=0.1 irisRadius=230 collarRadialThick=5
                           collarThick=0 win1Thick=0.1 win1OuterRadius=50
                           win2Thick=0.1 winMat=Be phaseAcc=37.55
                           skinDepth=0.002 timingTolerance=0.001 maxStep=100
                           cavityMaterial=Vacuum timeOffset=-4.7e+21
                           timeIncrement=0 fieldMapFile= kill=1
pillbox      cav04         maxGradient=22.16 color=1.0,0.0,0.0 frequency=0.352
                           innerLength=220 innerRadius=326 pipeThick=3
                           wallThick=0.1 irisRadius=230 collarRadialThick=5
                           collarThick=0 win1Thick=0.1 win1OuterRadius=50
                           win2Thick=0.1 winMat=Be phaseAcc=24.14
                           skinDepth=0.002 timingTolerance=0.001 maxStep=100
                           cavityMaterial=Vacuum timeOffset=-4.7e+21
                           timeIncrement=0 fieldMapFile= kill=1
pillbox      cav05         maxGradient=24.54 color=1.0,0.0,0.0 frequency=0.352
                           innerLength=220 innerRadius=326 pipeThick=3
                           wallThick=0.1 irisRadius=230 collarRadialThick=5
                           collarThick=0 win1Thick=0.1 win1OuterRadius=50
                           win2Thick=0.1 winMat=Be phaseAcc=23.98
                           skinDepth=0.002 timingTolerance=0.001 maxStep=100
                           cavityMaterial=Vacuum timeOffset=-4.7e+21
                           timeIncrement=0 fieldMapFile= kill=1
pillbox      cav10         maxGradient=23.42 color=1.0,0.0,0.0 frequency=0.352
                           innerLength=220 innerRadius=326 pipeThick=3
                           wallThick=0.1 irisRadius=230 collarRadialThick=5
                           collarThick=0 win1Thick=0.1 win1OuterRadius=50
                           win2Thick=0.1 winMat=Be phaseAcc=29.06
                           skinDepth=0.002 timingTolerance=0.001 maxStep=100
                           cavityMaterial=Vacuum timeOffset=-4.7e+21
                           timeIncrement=0 fieldMapFile= kill=1
pillbox      cav11         maxGradient=23.36 color=1.0,0.0,0.0 frequency=0.352
                           innerLength=220 innerRadius=326 pipeThick=3
                           wallThick=0.1 irisRadius=230 collarRadialThick=5
                           collarThick=0 win1Thick=0.1 win1OuterRadius=50
                           win2Thick=0.1 winMat=Be phaseAcc=19.64
                           skinDepth=0.002 timingTolerance=0.001 maxStep=100
                           cavityMaterial=Vacuum timeOffset=-4.7e+21
                           timeIncrement=0 fieldMapFile= kill=1
pillbox      cav12         maxGradient=22.92 color=1.0,0.0,0.0 frequency=0.352
                           innerLength=220 innerRadius=326 pipeThick=3
                           wallThick=0.1 irisRadius=230 collarRadialThick=5
                           collarThick=0 win1Thick=0.1 win1OuterRadius=50
                           win2Thick=0.1 winMat=Be phaseAcc=30.58
                           skinDepth=0.002 timingTolerance=0.001 maxStep=100
                           cavityMaterial=Vacuum timeOffset=-4.7e+21
                           timeIncrement=0 fieldMapFile= kill=1
pillbox      cav13         maxGradient=21.34 color=1.0,0.0,0.0 frequency=0.352
                           innerLength=220 innerRadius=326 pipeThick=3
                           wallThick=0.1 irisRadius=230 collarRadialThick=5
                           collarThick=0 win1Thick=0.1 win1OuterRadius=50
                           win2Thick=0.1 winMat=Be phaseAcc=27.01
                           skinDepth=0.002 timingTolerance=0.001 maxStep=100
                           cavityMaterial=Vacuum timeOffset=-4.7e+21
                           timeIncrement=0 fieldMapFile= kill=1
pillbox      cav14         maxGradient=22.63 color=1.0,0.0,0.0 frequency=0.352
                           innerLength=220 innerRadius=326 pipeThick=3
                           wallThick=0.1 irisRadius=230 collarRadialThick=5
                           collarThick=0 win1Thick=0.1 win1OuterRadius=50
                           win2Thick=0.1 winMat=Be phaseAcc=21.38
                           skinDepth=0.002 timingTolerance=0.001 maxStep=100
                           cavityMaterial=Vacuum timeOffset=-4.7e+21
                           timeIncrement=0 fieldMapFile= kill=1
pillbox      cav15         maxGradient=23.67 color=1.0,0.0,0.0 frequency=0.352
                           innerLength=220 innerRadius=326 pipeThick=3
                           wallThick=0.1 irisRadius=230 collarRadialThick=5
                           collarThick=0 win1Thick=0.1 win1OuterRadius=50
                           win2Thick=0.1 winMat=Be phaseAcc=12.72
                           skinDepth=0.002 timingTolerance=0.001 maxStep=100
                           cavityMaterial=Vacuum timeOffset=-4.7e+21
                           timeIncrement=0 fieldMapFile= kill=1
pillbox      cav20         maxGradient=21.05 color=1.0,0.0,0.0 frequency=0.352
                           innerLength=220 innerRadius=326 pipeThick=3
                           wallThick=0.1 irisRadius=230 collarRadialThick=5
                           collarThick=0 win1Thick=0.1 win1OuterRadius=50
                           win2Thick=0.1 winMat=Be phaseAcc=35.56
                           skinDepth=0.002 timingTolerance=0.001 maxStep=100
                           cavityMaterial=Vacuum timeOffset=-4.7e+21
                           timeIncrement=0 fieldMapFile= kill=1
pillbox      cav21         maxGradient=20.92 color=1.0,0.0,0.0 frequency=0.352
                           innerLength=220 innerRadius=326 pipeThick=3
                           wallThick=0.1 irisRadius=230 collarRadialThick=5
                           collarThick=0 win1Thick=0.1 win1OuterRadius=50
                           win2Thick=0.1 winMat=Be phaseAcc=9.335
                           skinDepth=0.002 timingTolerance=0.001 maxStep=100
                           cavityMaterial=Vacuum timeOffset=-4.7e+21
                           timeIncrement=0 fieldMapFile= kill=1
pillbox      cav22         maxGradient=21.64 color=1.0,0.0,0.0 frequency=0.352
                           innerLength=220 innerRadius=326 pipeThick=3
                           wallThick=0.1 irisRadius=230 collarRadialThick=5
                           collarThick=0 win1Thick=0.1 win1OuterRadius=50
                           win2Thick=0.1 winMat=Be phaseAcc=38.94
                           skinDepth=0.002 timingTolerance=0.001 maxStep=100
                           cavityMaterial=Vacuum timeOffset=-4.7e+21
                           timeIncrement=0 fieldMapFile= kill=1
pillbox      cav23         maxGradient=21.92 color=1.0,0.0,0.0 frequency=0.352
                           innerLength=220 innerRadius=326 pipeThick=3
                           wallThick=0.1 irisRadius=230 collarRadialThick=5
                           collarThick=0 win1Thick=0.1 win1OuterRadius=50
                           win2Thick=0.1 winMat=Be phaseAcc=14.63
                           skinDepth=0.002 timingTolerance=0.001 maxStep=100
                           cavityMaterial=Vacuum timeOffset=-4.7e+21
                           timeIncrement=0 fieldMapFile= kill=1
pillbox      cav24         maxGradient=22.59 color=1.0,0.0,0.0 frequency=0.352
                           innerLength=220 innerRadius=326 pipeThick=3
                           wallThick=0.1 irisRadius=230 collarRadialThick=5
                           collarThick=0 win1Thick=0.1 win1OuterRadius=50
                           win2Thick=0.1 winMat=Be phaseAcc=47.91
                           skinDepth=0.002 timingTolerance=0.001 maxStep=100
                           cavityMaterial=Vacuum timeOffset=-4.7e+21
                           timeIncrement=0 fieldMapFile= kill=1
pillbox      cav25         maxGradient=23.01 color=1.0,0.0,0.0 frequency=0.352
                           innerLength=220 innerRadius=326 pipeThick=3
                           wallThick=0.1 irisRadius=230 collarRadialThick=5
                           collarThick=0 win1Thick=0.1 win1OuterRadius=50
                           win2Thick=0.1 winMat=Be phaseAcc=28.52
                           skinDepth=0.002 timingTolerance=0.001 maxStep=100
                           cavityMaterial=Vacuum timeOffset=-4.7e+21
                           timeIncrement=0 fieldMapFile= kill=1
pillbox      cav30         maxGradient=22.38 color=1.0,0.0,0.0 frequency=0.352
                           innerLength=220 innerRadius=326 pipeThick=3
                           wallThick=0.1 irisRadius=230 collarRadialThick=5
                           collarThick=0 win1Thick=0.1 win1OuterRadius=50
                           win2Thick=0.1 winMat=Be phaseAcc=27.69
                           skinDepth=0.002 timingTolerance=0.001 maxStep=100
                           cavityMaterial=Vacuum timeOffset=-4.7e+21
                           timeIncrement=0 fieldMapFile= kill=1
pillbox      cav31         maxGradient=21.65 color=1.0,0.0,0.0 frequency=0.352
                           innerLength=220 innerRadius=326 pipeThick=3
                           wallThick=0.1 irisRadius=230 collarRadialThick=5
                           collarThick=0 win1Thick=0.1 win1OuterRadius=50
                           win2Thick=0.1 winMat=Be phaseAcc=24 skinDepth=0.002
                           timingTolerance=0.001 maxStep=100
                           cavityMaterial=Vacuum timeOffset=-4.7e+21
                           timeIncrement=0 fieldMapFile= kill=1
pillbox      cav32         maxGradient=23.81 color=1.0,0.0,0.0 frequency=0.352
                           innerLength=220 innerRadius=326 pipeThick=3
                           wallThick=0.1 irisRadius=230 collarRadialThick=5
                           collarThick=0 win1Thick=0.1 win1OuterRadius=50
                           win2Thick=0.1 winMat=Be phaseAcc=24.83
                           skinDepth=0.002 timingTolerance=0.001 maxStep=100
                           cavityMaterial=Vacuum timeOffset=-4.7e+21
                           timeIncrement=0 fieldMapFile= kill=1
pillbox      cav33         maxGradient=23.03 color=1.0,0.0,0.0 frequency=0.352
                           innerLength=220 innerRadius=326 pipeThick=3
                           wallThick=0.1 irisRadius=230 collarRadialThick=5
                           collarThick=0 win1Thick=0.1 win1OuterRadius=50
                           win2Thick=0.1 winMat=Be phaseAcc=19.42
                           skinDepth=0.002 timingTolerance=0.001 maxStep=100
                           cavityMaterial=Vacuum timeOffset=-4.7e+21
                           timeIncrement=0 fieldMapFile= kill=1
pillbox      cav34         maxGradient=22.85 color=1.0,0.0,0.0 frequency=0.352
                           innerLength=220 innerRadius=326 pipeThick=3
                           wallThick=0.1 irisRadius=230 collarRadialThick=5
                           collarThick=0 win1Thick=0.1 win1OuterRadius=50
                           win2Thick=0.1 winMat=Be phaseAcc=38.54
                           skinDepth=0.002 timingTolerance=0.001 maxStep=100
                           cavityMaterial=Vacuum timeOffset=-4.7e+21
                           timeIncrement=0 fieldMapFile= kill=1
pillbox      cav35         maxGradient=21.3 color=1.0,0.0,0.0 frequency=0.352
                           innerLength=220 innerRadius=326 pipeThick=3
                           wallThick=0.1 irisRadius=230 collarRadialThick=5
                           collarThick=0 win1Thick=0.1 win1OuterRadius=50
                           win2Thick=0.1 winMat=Be phaseAcc=30.43
                           skinDepth=0.002 timingTolerance=0.001 maxStep=100
                           cavityMaterial=Vacuum timeOffset=-4.7e+21
                           timeIncrement=0 fieldMapFile= kill=1
pillbox      cav40         maxGradient=21.55 color=1.0,0.0,0.0 frequency=0.352
                           innerLength=220 innerRadius=326 pipeThick=3
                           wallThick=0.1 irisRadius=230 collarRadialThick=5
                           collarThick=0 win1Thick=0.1 win1OuterRadius=50
                           win2Thick=0.1 winMat=Be phaseAcc=42.05
                           skinDepth=0.002 timingTolerance=0.001 maxStep=100
                           cavityMaterial=Vacuum timeOffset=-4.7e+21
                           timeIncrement=0 fieldMapFile= kill=1
pillbox      cav41         maxGradient=21.45 color=1.0,0.0,0.0 frequency=0.352
                           innerLength=220 innerRadius=326 pipeThick=3
                           wallThick=0.1 irisRadius=230 collarRadialThick=5
                           collarThick=0 win1Thick=0.1 win1OuterRadius=50
                           win2Thick=0.1 winMat=Be phaseAcc=39.87
                           skinDepth=0.002 timingTolerance=0.001 maxStep=100
                           cavityMaterial=Vacuum timeOffset=-4.7e+21
                           timeIncrement=0 fieldMapFile= kill=1
pillbox      cav42         maxGradient=24.64 color=1.0,0.0,0.0 frequency=0.352
                           innerLength=220 innerRadius=326 pipeThick=3
                           wallThick=0.1 irisRadius=230 collarRadialThick=5
                           collarThick=0 win1Thick=0.1 win1OuterRadius=50
                           win2Thick=0.1 winMat=Be phaseAcc=48.33
                           skinDepth=0.002 timingTolerance=0.001 maxStep=100
                           cavityMaterial=Vacuum timeOffset=-4.7e+21
                           timeIncrement=0 fieldMapFile= kill=1
pillbox      cav43         maxGradient=22.39 color=1.0,0.0,0.0 frequency=0.352
                           innerLength=220 innerRadius=326 pipeThick=3
                           wallThick=0.1 irisRadius=230 collarRadialThick=5
                           collarThick=0 win1Thick=0.1 win1OuterRadius=50
                           win2Thick=0.1 winMat=Be phaseAcc=39.06
                           skinDepth=0.002 timingTolerance=0.001 maxStep=100
                           cavityMaterial=Vacuum timeOffset=-4.7e+21
                           timeIncrement=0 fieldMapFile= kill=1
pillbox      cav44         maxGradient=23.29 color=1.0,0.0,0.0 frequency=0.352
                           innerLength=220 innerRadius=326 pipeThick=3
                           wallThick=0.1 irisRadius=230 collarRadialThick=5
                           collarThick=0 win1Thick=0.1 win1OuterRadius=50
                           win2Thick=0.1 winMat=Be phaseAcc=17.37
                           skinDepth=0.002 timingTolerance=0.001 maxStep=100
                           cavityMaterial=Vacuum timeOffset=-4.7e+21
                           timeIncrement=0 fieldMapFile= kill=1
pillbox      cav45         maxGradient=22.88 color=1.0,0.0,0.0 frequency=0.352
                           innerLength=220 innerRadius=326 pipeThick=3
                           wallThick=0.1 irisRadius=230 collarRadialThick=5
                           collarThick=0 win1Thick=0.1 win1OuterRadius=50
                           win2Thick=0.1 winMat=Be phaseAcc=30.26
                           skinDepth=0.002 timingTolerance=0.001 maxStep=100
                           cavityMaterial=Vacuum timeOffset=-4.7e+21
                           timeIncrement=0 fieldMapFile= kill=1
pillbox      cav50         maxGradient=23.76 color=1.0,0.0,0.0 frequency=0.352
                           innerLength=220 innerRadius=326 pipeThick=3
                           wallThick=0.1 irisRadius=230 collarRadialThick=5
                           collarThick=0 win1Thick=0.1 win1OuterRadius=50
                           win2Thick=0.1 winMat=Be phaseAcc=26.36
                           skinDepth=0.002 timingTolerance=0.001 maxStep=100
                           cavityMaterial=Vacuum timeOffset=-4.7e+21
                           timeIncrement=0 fieldMapFile= kill=1
pillbox      cav51         maxGradient=21.02 color=1.0,0.0,0.0 frequency=0.352
                           innerLength=220 innerRadius=326 pipeThick=3
                           wallThick=0.1 irisRadius=230 collarRadialThick=5
                           collarThick=0 win1Thick=0.1 win1OuterRadius=50
                           win2Thick=0.1 winMat=Be phaseAcc=24.06
                           skinDepth=0.002 timingTolerance=0.001 maxStep=100
                           cavityMaterial=Vacuum timeOffset=-4.7e+21
                           timeIncrement=0 fieldMapFile= kill=1
pillbox      cav52         maxGradient=23.07 color=1.0,0.0,0.0 frequency=0.352
                           innerLength=220 innerRadius=326 pipeThick=3
                           wallThick=0.1 irisRadius=230 collarRadialThick=5
                           collarThick=0 win1Thick=0.1 win1OuterRadius=50
                           win2Thick=0.1 winMat=Be phaseAcc=21.23
                           skinDepth=0.002 timingTolerance=0.001 maxStep=100
                           cavityMaterial=Vacuum timeOffset=-4.7e+21
                           timeIncrement=0 fieldMapFile= kill=1
pillbox      cav53         maxGradient=21.92 color=1.0,0.0,0.0 frequency=0.352
                           innerLength=220 innerRadius=326 pipeThick=3
                           wallThick=0.1 irisRadius=230 collarRadialThick=5
                           collarThick=0 win1Thick=0.1 win1OuterRadius=50
                           win2Thick=0.1 winMat=Be phaseAcc=47.76
                           skinDepth=0.002 timingTolerance=0.001 maxStep=100
                           cavityMaterial=Vacuum timeOffset=-4.7e+21
                           timeIncrement=0 fieldMapFile= kill=1
pillbox      cav54         maxGradient=22.5 color=1.0,0.0,0.0 frequency=0.352
                           innerLength=220 innerRadius=326 pipeThick=3
                           wallThick=0.1 irisRadius=230 collarRadialThick=5
                           collarThick=0 win1Thick=0.1 win1OuterRadius=50
                           win2Thick=0.1 winMat=Be phaseAcc=18.17
                           skinDepth=0.002 timingTolerance=0.001 maxStep=100
                           cavityMaterial=Vacuum timeOffset=-4.7e+21
                           timeIncrement=0 fieldMapFile= kill=1
pillbox      cav55         maxGradient=24.45 color=1.0,0.0,0.0 frequency=0.352
                           innerLength=220 innerRadius=326 pipeThick=3
                           wallThick=0.1 irisRadius=230 collarRadialThick=5
                           collarThick=0 win1Thick=0.1 win1OuterRadius=50
                           win2Thick=0.1 winMat=Be phaseAcc=36.9
                           skinDepth=0.002 timingTolerance=0.001 maxStep=100
                           cavityMaterial=Vacuum timeOffset=-4.7e+21
                           timeIncrement=0 fieldMapFile= kill=1
pillbox      cav60         maxGradient=21.08 color=1.0,0.0,0.0 frequency=0.352
                           innerLength=220 innerRadius=326 pipeThick=3
                           wallThick=0.1 irisRadius=230 collarRadialThick=5
                           collarThick=0 win1Thick=0.1 win1OuterRadius=50
                           win2Thick=0.1 winMat=Be phaseAcc=40.45
                           skinDepth=0.002 timingTolerance=0.001 maxStep=100
                           cavityMaterial=Vacuum timeOffset=-4.7e+21
                           timeIncrement=0 fieldMapFile= kill=1
pillbox      cav61         maxGradient=23.1 color=1.0,0.0,0.0 frequency=0.352
                           innerLength=220 innerRadius=326 pipeThick=3
                           wallThick=0.1 irisRadius=230 collarRadialThick=5
                           collarThick=0 win1Thick=0.1 win1OuterRadius=50
                           win2Thick=0.1 winMat=Be phaseAcc=38.08
                           skinDepth=0.002 timingTolerance=0.001 maxStep=100
                           cavityMaterial=Vacuum timeOffset=-4.7e+21
                           timeIncrement=0 fieldMapFile= kill=1
pillbox      cav62         maxGradient=23.8 color=1.0,0.0,0.0 frequency=0.352
                           innerLength=220 innerRadius=326 pipeThick=3
                           wallThick=0.1 irisRadius=230 collarRadialThick=5
                           collarThick=0 win1Thick=0.1 win1OuterRadius=50
                           win2Thick=0.1 winMat=Be phaseAcc=17.07
                           skinDepth=0.002 timingTolerance=0.001 maxStep=100
                           cavityMaterial=Vacuum timeOffset=-4.7e+21
                           timeIncrement=0 fieldMapFile= kill=1
pillbox      cav63         maxGradient=23.15 color=1.0,0.0,0.0 frequency=0.352
                           innerLength=220 innerRadius=326 pipeThick=3
                           wallThick=0.1 irisRadius=230 collarRadialThick=5
                           collarThick=0 win1Thick=0.1 win1OuterRadius=50
                           win2Thick=0.1 winMat=Be phaseAcc=37.88
                           skinDepth=0.002 timingTolerance=0.001 maxStep=100
                           cavityMaterial=Vacuum timeOffset=-4.7e+21
                           timeIncrement=0 fieldMapFile= kill=1
pillbox      cav64         maxGradient=21.9 color=1.0,0.0,0.0 frequency=0.352
                           innerLength=220 innerRadius=326 pipeThick=3
                           wallThick=0.1 irisRadius=230 collarRadialThick=5
                           collarThick=0 win1Thick=0.1 win1OuterRadius=50
                           win2Thick=0.1 winMat=Be phaseAcc=45.11
                           skinDepth=0.002 timingTolerance=0.001 maxStep=100
                           cavityMaterial=Vacuum timeOffset=-4.7e+21
                           timeIncrement=0 fieldMapFile= kill=1
pillbox      cav65         maxGradient=22.08 color=1.0,0.0,0.0 frequency=0.352
                           innerLength=220 innerRadius=326 pipeThick=3
                           wallThick=0.1 irisRadius=230 collarRadialThick=5
                           collarThick=0 win1Thick=0.1 win1OuterRadius=50
                           win2Thick=0.1 winMat=Be phaseAcc=17.93
                           skinDepth=0.002 timingTolerance=0.001 maxStep=100
                           cavityMaterial=Vacuum timeOffset=-4.7e+21
                           timeIncrement=0 fieldMapFile= kill=1
pillbox      cav70         maxGradient=22.89 color=1.0,0.0,0.0 frequency=0.352
                           innerLength=220 innerRadius=326 pipeThick=3
                           wallThick=0.1 irisRadius=230 collarRadialThick=5
                           collarThick=0 win1Thick=0.1 win1OuterRadius=50
                           win2Thick=0.1 winMat=Be phaseAcc=41.7
                           skinDepth=0.002 timingTolerance=0.001 maxStep=100
                           cavityMaterial=Vacuum timeOffset=-4.7e+21
                           timeIncrement=0 fieldMapFile= kill=1
pillbox      cav71         maxGradient=25.13 color=1.0,0.0,0.0 frequency=0.352
                           innerLength=220 innerRadius=326 pipeThick=3
                           wallThick=0.1 irisRadius=230 collarRadialThick=5
                           collarThick=0 win1Thick=0.1 win1OuterRadius=50
                           win2Thick=0.1 winMat=Be phaseAcc=40.24
                           skinDepth=0.002 timingTolerance=0.001 maxStep=100
                           cavityMaterial=Vacuum timeOffset=-4.7e+21
                           timeIncrement=0 fieldMapFile= kill=1
pillbox      cav72         maxGradient=21.81 color=1.0,0.0,0.0 frequency=0.352
                           innerLength=220 innerRadius=326 pipeThick=3
                           wallThick=0.1 irisRadius=230 collarRadialThick=5
                           collarThick=0 win1Thick=0.1 win1OuterRadius=50
                           win2Thick=0.1 winMat=Be phaseAcc=22.03
                           skinDepth=0.002 timingTolerance=0.001 maxStep=100
                           cavityMaterial=Vacuum timeOffset=-4.7e+21
                           timeIncrement=0 fieldMapFile= kill=1
pillbox      cav73         maxGradient=22.89 color=1.0,0.0,0.0 frequency=0.352
                           innerLength=220 innerRadius=326 pipeThick=3
                           wallThick=0.1 irisRadius=230 collarRadialThick=5
                           collarThick=0 win1Thick=0.1 win1OuterRadius=50
                           win2Thick=0.1 winMat=Be phaseAcc=36.79
                           skinDepth=0.002 timingTolerance=0.001 maxStep=100
                           cavityMaterial=Vacuum timeOffset=-4.7e+21
                           timeIncrement=0 fieldMapFile= kill=1
pillbox      cav74         maxGradient=22.37 color=1.0,0.0,0.0 frequency=0.352
                           innerLength=220 innerRadius=326 pipeThick=3
                           wallThick=0.1 irisRadius=230 collarRadialThick=5
                           collarThick=0 win1Thick=0.1 win1OuterRadius=50
                           win2Thick=0.1 winMat=Be phaseAcc=16.27
                           skinDepth=0.002 timingTolerance=0.001 maxStep=100
                           cavityMaterial=Vacuum timeOffset=-4.7e+21
                           timeIncrement=0 fieldMapFile= kill=1
pillbox      cav75         maxGradient=22.96 color=1.0,0.0,0.0 frequency=0.352
                           innerLength=220 innerRadius=326 pipeThick=3
                           wallThick=0.1 irisRadius=230 collarRadialThick=5
                           collarThick=0 win1Thick=0.1 win1OuterRadius=50
                           win2Thick=0.1 winMat=Be phaseAcc=20 skinDepth=0.002
                           timingTolerance=0.001 maxStep=100
                           cavityMaterial=Vacuum timeOffset=-4.7e+21
                           timeIncrement=0 fieldMapFile= kill=1
pillbox      cav80         maxGradient=23.41 color=1.0,0.0,0.0 frequency=0.352
                           innerLength=220 innerRadius=326 pipeThick=3
                           wallThick=0.1 irisRadius=230 collarRadialThick=5
                           collarThick=0 win1Thick=0.1 win1OuterRadius=50
                           win2Thick=0.1 winMat=Be phaseAcc=40.59
                           skinDepth=0.002 timingTolerance=0.001 maxStep=100
                           cavityMaterial=Vacuum timeOffset=-4.7e+21
                           timeIncrement=0 fieldMapFile= kill=1
pillbox      cav81         maxGradient=21.88 color=1.0,0.0,0.0 frequency=0.352
                           innerLength=220 innerRadius=326 pipeThick=3
                           wallThick=0.1 irisRadius=230 collarRadialThick=5
                           collarThick=0 win1Thick=0.1 win1OuterRadius=50
                           win2Thick=0.1 winMat=Be phaseAcc=50.02
                           skinDepth=0.002 timingTolerance=0.001 maxStep=100
                           cavityMaterial=Vacuum timeOffset=-4.7e+21
                           timeIncrement=0 fieldMapFile= kill=1
pillbox      cav82         maxGradient=22.99 color=1.0,0.0,0.0 frequency=0.352
                           innerLength=220 innerRadius=326 pipeThick=3
                           wallThick=0.1 irisRadius=230 collarRadialThick=5
                           collarThick=0 win1Thick=0.1 win1OuterRadius=50
                           win2Thick=0.1 winMat=Be phaseAcc=33.17
                           skinDepth=0.002 timingTolerance=0.001 maxStep=100
                           cavityMaterial=Vacuum timeOffset=-4.7e+21
                           timeIncrement=0 fieldMapFile= kill=1
pillbox      cav83         maxGradient=24.39 color=1.0,0.0,0.0 frequency=0.352
                           innerLength=220 innerRadius=326 pipeThick=3
                           wallThick=0.1 irisRadius=230 collarRadialThick=5
                           collarThick=0 win1Thick=0.1 win1OuterRadius=50
                           win2Thick=0.1 winMat=Be phaseAcc=29.88
                           skinDepth=0.002 timingTolerance=0.001 maxStep=100
                           cavityMaterial=Vacuum timeOffset=-4.7e+21
                           timeIncrement=0 fieldMapFile= kill=1
pillbox      cav84         maxGradient=21.47 color=1.0,0.0,0.0 frequency=0.352
                           innerLength=220 innerRadius=326 pipeThick=3
                           wallThick=0.1 irisRadius=230 collarRadialThick=5
                           collarThick=0 win1Thick=0.1 win1OuterRadius=50
                           win2Thick=0.1 winMat=Be phaseAcc=47.38
                           skinDepth=0.002 timingTolerance=0.001 maxStep=100
                           cavityMaterial=Vacuum timeOffset=-4.7e+21
                           timeIncrement=0 fieldMapFile= kill=1
pillbox      cav85         maxGradient=20 color=1.0,0.0,0.0 frequency=0.352
                           innerLength=220 innerRadius=326 pipeThick=3
                           wallThick=0.1 irisRadius=230 collarRadialThick=5
                           collarThick=0 win1Thick=0.1 win1OuterRadius=50
                           win2Thick=0.1 winMat=Be phaseAcc=35.52
                           skinDepth=0.002 timingTolerance=0.001 maxStep=100
                           cavityMaterial=Vacuum timeOffset=-4.7e+21
                           timeIncrement=0 fieldMapFile= kill=1
pillbox      cav90         maxGradient=21.3 color=1.0,0.0,0.0 frequency=0.352
                           innerLength=220 innerRadius=326 pipeThick=3
                           wallThick=0.1 irisRadius=230 collarRadialThick=5
                           collarThick=0 win1Thick=0.1 win1OuterRadius=50
                           win2Thick=0.1 winMat=Be phaseAcc=10.23
                           skinDepth=0.002 timingTolerance=0.001 maxStep=100
                           cavityMaterial=Vacuum timeOffset=-4.7e+21
                           timeIncrement=0 fieldMapFile= kill=1
pillbox      cav91         maxGradient=22.6 color=1.0,0.0,0.0 frequency=0.352
                           innerLength=220 innerRadius=326 pipeThick=3
                           wallThick=0.1 irisRadius=230 collarRadialThick=5
                           collarThick=0 win1Thick=0.1 win1OuterRadius=50
                           win2Thick=0.1 winMat=Be phaseAcc=41.2
                           skinDepth=0.002 timingTolerance=0.001 maxStep=100
                           cavityMaterial=Vacuum timeOffset=-4.7e+21
                           timeIncrement=0 fieldMapFile= kill=1
pillbox      cav92         maxGradient=22.14 color=1.0,0.0,0.0 frequency=0.352
                           innerLength=220 innerRadius=326 pipeThick=3
                           wallThick=0.1 irisRadius=230 collarRadialThick=5
                           collarThick=0 win1Thick=0.1 win1OuterRadius=50
                           win2Thick=0.1 winMat=Be phaseAcc=44.13
                           skinDepth=0.002 timingTolerance=0.001 maxStep=100
                           cavityMaterial=Vacuum timeOffset=-4.7e+21
                           timeIncrement=0 fieldMapFile= kill=1
pillbox      cav93         maxGradient=23.42 color=1.0,0.0,0.0 frequency=0.352
                           innerLength=220 innerRadius=326 pipeThick=3
                           wallThick=0.1 irisRadius=230 collarRadialThick=5
                           collarThick=0 win1Thick=0.1 win1OuterRadius=50
                           win2Thick=0.1 winMat=Be phaseAcc=18.57
                           skinDepth=0.002 timingTolerance=0.001 maxStep=100
                           cavityMaterial=Vacuum timeOffset=-4.7e+21
                           timeIncrement=0 fieldMapFile= kill=1
pillbox      cav94         maxGradient=22.23 color=1.0,0.0,0.0 frequency=0.352
                           innerLength=220 innerRadius=326 pipeThick=3
                           wallThick=0.1 irisRadius=230 collarRadialThick=5
                           collarThick=0 win1Thick=0.1 win1OuterRadius=50
                           win2Thick=0.1 winMat=Be phaseAcc=36.17
                           skinDepth=0.002 timingTolerance=0.001 maxStep=100
                           cavityMaterial=Vacuum timeOffset=-4.7e+21
                           timeIncrement=0 fieldMapFile= kill=1
pillbox      cav95         maxGradient=23.31 color=1.0,0.0,0.0 frequency=0.352
                           innerLength=220 innerRadius=326 pipeThick=3
                           wallThick=0.1 irisRadius=230 collarRadialThick=5
                           collarThick=0 win1Thick=0.1 win1OuterRadius=50
                           win2Thick=0.1 winMat=Be phaseAcc=40.71
                           skinDepth=0.002 timingTolerance=0.001 maxStep=100
                           cavityMaterial=Vacuum timeOffset=-4.7e+21
                           timeIncrement=0 fieldMapFile= kill=1
pillbox      cav100        maxGradient=21.61 color=1.0,0.0,0.0 frequency=0.352
                           innerLength=220 innerRadius=326 pipeThick=3
                           wallThick=0.1 irisRadius=230 collarRadialThick=5
                           collarThick=0 win1Thick=0.1 win1OuterRadius=50
                           win2Thick=0.1 winMat=Be phaseAcc=41.9
                           skinDepth=0.002 timingTolerance=0.001 maxStep=100
                           cavityMaterial=Vacuum timeOffset=-4.7e+21
                           timeIncrement=0 fieldMapFile= kill=1
pillbox      cav101        maxGradient=23.99 color=1.0,0.0,0.0 frequency=0.352
                           innerLength=220 innerRadius=326 pipeThick=3
                           wallThick=0.1 irisRadius=230 collarRadialThick=5
                           collarThick=0 win1Thick=0.1 win1OuterRadius=50
                           win2Thick=0.1 winMat=Be phaseAcc=35.2
                           skinDepth=0.002 timingTolerance=0.001 maxStep=100
                           cavityMaterial=Vacuum timeOffset=-4.7e+21
                           timeIncrement=0 fieldMapFile= kill=1
pillbox      cav102        maxGradient=21.97 color=1.0,0.0,0.0 frequency=0.352
                           innerLength=220 innerRadius=326 pipeThick=3
                           wallThick=0.1 irisRadius=230 collarRadialThick=5
                           collarThick=0 win1Thick=0.1 win1OuterRadius=50
                           win2Thick=0.1 winMat=Be phaseAcc=20.51
                           skinDepth=0.002 timingTolerance=0.001 maxStep=100
                           cavityMaterial=Vacuum timeOffset=-4.7e+21
                           timeIncrement=0 fieldMapFile= kill=1
pillbox      cav103        maxGradient=22.83 color=1.0,0.0,0.0 frequency=0.352
                           innerLength=220 innerRadius=326 pipeThick=3
                           wallThick=0.1 irisRadius=230 collarRadialThick=5
                           collarThick=0 win1Thick=0.1 win1OuterRadius=50
                           win2Thick=0.1 winMat=Be phaseAcc=39.28
                           skinDepth=0.002 timingTolerance=0.001 maxStep=100
                           cavityMaterial=Vacuum timeOffset=-4.7e+21
                           timeIncrement=0 fieldMapFile= kill=1
pillbox      cav104        maxGradient=21.53 color=1.0,0.0,0.0 frequency=0.352
                           innerLength=220 innerRadius=326 pipeThick=3
                           wallThick=0.1 irisRadius=230 collarRadialThick=5
                           collarThick=0 win1Thick=0.1 win1OuterRadius=50
                           win2Thick=0.1 winMat=Be phaseAcc=45.5
                           skinDepth=0.002 timingTolerance=0.001 maxStep=100
                           cavityMaterial=Vacuum timeOffset=-4.7e+21
                           timeIncrement=0 fieldMapFile= kill=1
pillbox      cav105        maxGradient=23.23 color=1.0,0.0,0.0 frequency=0.352
                           innerLength=220 innerRadius=326 pipeThick=3
                           wallThick=0.1 irisRadius=230 collarRadialThick=5
                           collarThick=0 win1Thick=0.1 win1OuterRadius=50
                           win2Thick=0.1 winMat=Be phaseAcc=46.9
                           skinDepth=0.002 timingTolerance=0.001 maxStep=100
                           cavityMaterial=Vacuum timeOffset=-4.7e+21
                           timeIncrement=0 fieldMapFile= kill=1
pillbox      cav110        maxGradient=22.58 color=1.0,0.0,0.0 frequency=0.352
                           innerLength=220 innerRadius=326 pipeThick=3
                           wallThick=0.1 irisRadius=230 collarRadialThick=5
                           collarThick=0 win1Thick=0.1 win1OuterRadius=50
                           win2Thick=0.1 winMat=Be phaseAcc=26.87
                           skinDepth=0.002 timingTolerance=0.001 maxStep=100
                           cavityMaterial=Vacuum timeOffset=-4.7e+21
                           timeIncrement=0 fieldMapFile= kill=1
pillbox      cav111        maxGradient=22.5 color=1.0,0.0,0.0 frequency=0.352
                           innerLength=220 innerRadius=326 pipeThick=3
                           wallThick=0.1 irisRadius=230 collarRadialThick=5
                           collarThick=0 win1Thick=0.1 win1OuterRadius=50
                           win2Thick=0.1 winMat=Be phaseAcc=41.14
                           skinDepth=0.002 timingTolerance=0.001 maxStep=100
                           cavityMaterial=Vacuum timeOffset=-4.7e+21
                           timeIncrement=0 fieldMapFile= kill=1
pillbox      cav112        maxGradient=22.93 color=1.0,0.0,0.0 frequency=0.352
                           innerLength=220 innerRadius=326 pipeThick=3
                           wallThick=0.1 irisRadius=230 collarRadialThick=5
                           collarThick=0 win1Thick=0.1 win1OuterRadius=50
                           win2Thick=0.1 winMat=Be phaseAcc=35.65
                           skinDepth=0.002 timingTolerance=0.001 maxStep=100
                           cavityMaterial=Vacuum timeOffset=-4.7e+21
                           timeIncrement=0 fieldMapFile= kill=1
pillbox      cav113        maxGradient=21.31 color=1.0,0.0,0.0 frequency=0.352
                           innerLength=220 innerRadius=326 pipeThick=3
                           wallThick=0.1 irisRadius=230 collarRadialThick=5
                           collarThick=0 win1Thick=0.1 win1OuterRadius=50
                           win2Thick=0.1 winMat=Be phaseAcc=36.88
                           skinDepth=0.002 timingTolerance=0.001 maxStep=100
                           cavityMaterial=Vacuum timeOffset=-4.7e+21
                           timeIncrement=0 fieldMapFile= kill=1
pillbox      cav114        maxGradient=24.09 color=1.0,0.0,0.0 frequency=0.352
                           innerLength=220 innerRadius=326 pipeThick=3
                           wallThick=0.1 irisRadius=230 collarRadialThick=5
                           collarThick=0 win1Thick=0.1 win1OuterRadius=50
                           win2Thick=0.1 winMat=Be phaseAcc=29.99
                           skinDepth=0.002 timingTolerance=0.001 maxStep=100
                           cavityMaterial=Vacuum timeOffset=-4.7e+21
                           timeIncrement=0 fieldMapFile= kill=1
pillbox      cav115        maxGradient=23.2 color=1.0,0.0,0.0 frequency=0.352
                           innerLength=220 innerRadius=326 pipeThick=3
                           wallThick=0.1 irisRadius=230 collarRadialThick=5
                           collarThick=0 win1Thick=0.1 win1OuterRadius=50
                           win2Thick=0.1 winMat=Be phaseAcc=39.58
                           skinDepth=0.002 timingTolerance=0.001 maxStep=100
                           cavityMaterial=Vacuum timeOffset=-4.7e+21
                           timeIncrement=0 fieldMapFile= kill=1
pillbox      cav120        maxGradient=21.63 color=1.0,0.0,0.0 frequency=0.352
                           innerLength=220 innerRadius=326 pipeThick=3
                           wallThick=0.1 irisRadius=230 collarRadialThick=5
                           collarThick=0 win1Thick=0.1 win1OuterRadius=50
                           win2Thick=0.1 winMat=Be phaseAcc=16.18
                           skinDepth=0.002 timingTolerance=0.001 maxStep=100
                           cavityMaterial=Vacuum timeOffset=-4.7e+21
                           timeIncrement=0 fieldMapFile= kill=1
pillbox      cav121        maxGradient=22.83 color=1.0,0.0,0.0 frequency=0.352
                           innerLength=220 innerRadius=326 pipeThick=3
                           wallThick=0.1 irisRadius=230 collarRadialThick=5
                           collarThick=0 win1Thick=0.1 win1OuterRadius=50
                           win2Thick=0.1 winMat=Be phaseAcc=35.65
                           skinDepth=0.002 timingTolerance=0.001 maxStep=100
                           cavityMaterial=Vacuum timeOffset=-4.7e+21
                           timeIncrement=0 fieldMapFile= kill=1
pillbox      cav122        maxGradient=22.91 color=1.0,0.0,0.0 frequency=0.352
                           innerLength=220 innerRadius=326 pipeThick=3
                           wallThick=0.1 irisRadius=230 collarRadialThick=5
                           collarThick=0 win1Thick=0.1 win1OuterRadius=50
                           win2Thick=0.1 winMat=Be phaseAcc=8.519
                           skinDepth=0.002 timingTolerance=0.001 maxStep=100
                           cavityMaterial=Vacuum timeOffset=-4.7e+21
                           timeIncrement=0 fieldMapFile= kill=1
pillbox      cav123        maxGradient=21.58 color=1.0,0.0,0.0 frequency=0.352
                           innerLength=220 innerRadius=326 pipeThick=3
                           wallThick=0.1 irisRadius=230 collarRadialThick=5
                           collarThick=0 win1Thick=0.1 win1OuterRadius=50
                           win2Thick=0.1 winMat=Be phaseAcc=30.64
                           skinDepth=0.002 timingTolerance=0.001 maxStep=100
                           cavityMaterial=Vacuum timeOffset=-4.7e+21
                           timeIncrement=0 fieldMapFile= kill=1
pillbox      cav124        maxGradient=23.63 color=1.0,0.0,0.0 frequency=0.352
                           innerLength=220 innerRadius=326 pipeThick=3
                           wallThick=0.1 irisRadius=230 collarRadialThick=5
                           collarThick=0 win1Thick=0.1 win1OuterRadius=50
                           win2Thick=0.1 winMat=Be phaseAcc=29.62
                           skinDepth=0.002 timingTolerance=0.001 maxStep=100
                           cavityMaterial=Vacuum timeOffset=-4.7e+21
                           timeIncrement=0 fieldMapFile= kill=1
pillbox      cav125        maxGradient=20.1 color=1.0,0.0,0.0 frequency=0.352
                           innerLength=220 innerRadius=326 pipeThick=3
                           wallThick=0.1 irisRadius=230 collarRadialThick=5
                           collarThick=0 win1Thick=0.1 win1OuterRadius=50
                           win2Thick=0.1 winMat=Be phaseAcc=44.46
                           skinDepth=0.002 timingTolerance=0.001 maxStep=100
                           cavityMaterial=Vacuum timeOffset=-4.7e+21
                           timeIncrement=0 fieldMapFile= kill=1
pillbox      cav130        maxGradient=20.82 color=1.0,0.0,0.0 frequency=0.352
                           innerLength=220 innerRadius=326 pipeThick=3
                           wallThick=0.1 irisRadius=230 collarRadialThick=5
                           collarThick=0 win1Thick=0.1 win1OuterRadius=50
                           win2Thick=0.1 winMat=Be phaseAcc=33.25
                           skinDepth=0.002 timingTolerance=0.001 maxStep=100
                           cavityMaterial=Vacuum timeOffset=-4.7e+21
                           timeIncrement=0 fieldMapFile= kill=1
pillbox      cav131        maxGradient=23.09 color=1.0,0.0,0.0 frequency=0.352
                           innerLength=220 innerRadius=326 pipeThick=3
                           wallThick=0.1 irisRadius=230 collarRadialThick=5
                           collarThick=0 win1Thick=0.1 win1OuterRadius=50
                           win2Thick=0.1 winMat=Be phaseAcc=28.42
                           skinDepth=0.002 timingTolerance=0.001 maxStep=100
                           cavityMaterial=Vacuum timeOffset=-4.7e+21
                           timeIncrement=0 fieldMapFile= kill=1
pillbox      cav132        maxGradient=23.49 color=1.0,0.0,0.0 frequency=0.352
                           innerLength=220 innerRadius=326 pipeThick=3
                           wallThick=0.1 irisRadius=230 collarRadialThick=5
                           collarThick=0 win1Thick=0.1 win1OuterRadius=50
                           win2Thick=0.1 winMat=Be phaseAcc=38.8
                           skinDepth=0.002 timingTolerance=0.001 maxStep=100
                           cavityMaterial=Vacuum timeOffset=-4.7e+21
                           timeIncrement=0 fieldMapFile= kill=1
pillbox      cav133        maxGradient=22.4 color=1.0,0.0,0.0 frequency=0.352
                           innerLength=220 innerRadius=326 pipeThick=3
                           wallThick=0.1 irisRadius=230 collarRadialThick=5
                           collarThick=0 win1Thick=0.1 win1OuterRadius=50
                           win2Thick=0.1 winMat=Be phaseAcc=30.11
                           skinDepth=0.002 timingTolerance=0.001 maxStep=100
                           cavityMaterial=Vacuum timeOffset=-4.7e+21
                           timeIncrement=0 fieldMapFile= kill=1
pillbox      cav134        maxGradient=20.08 color=1.0,0.0,0.0 frequency=0.352
                           innerLength=220 innerRadius=326 pipeThick=3
                           wallThick=0.1 irisRadius=230 collarRadialThick=5
                           collarThick=0 win1Thick=0.1 win1OuterRadius=50
                           win2Thick=0.1 winMat=Be phaseAcc=32.93
                           skinDepth=0.002 timingTolerance=0.001 maxStep=100
                           cavityMaterial=Vacuum timeOffset=-4.7e+21
                           timeIncrement=0 fieldMapFile= kill=1
pillbox      cav135        maxGradient=22.97 color=1.0,0.0,0.0 frequency=0.352
                           innerLength=220 innerRadius=326 pipeThick=3
                           wallThick=0.1 irisRadius=230 collarRadialThick=5
                           collarThick=0 win1Thick=0.1 win1OuterRadius=50
                           win2Thick=0.1 winMat=Be phaseAcc=44.3
                           skinDepth=0.002 timingTolerance=0.001 maxStep=100
                           cavityMaterial=Vacuum timeOffset=-4.7e+21
                           timeIncrement=0 fieldMapFile= kill=1
pillbox      cav140        maxGradient=23.73 color=1.0,0.0,0.0 frequency=0.352
                           innerLength=220 innerRadius=326 pipeThick=3
                           wallThick=0.1 irisRadius=230 collarRadialThick=5
                           collarThick=0 win1Thick=0.1 win1OuterRadius=50
                           win2Thick=0.1 winMat=Be phaseAcc=42.64
                           skinDepth=0.002 timingTolerance=0.001 maxStep=100
                           cavityMaterial=Vacuum timeOffset=-4.7e+21
                           timeIncrement=0 fieldMapFile= kill=1
pillbox      cav141        maxGradient=21.16 color=1.0,0.0,0.0 frequency=0.352
                           innerLength=220 innerRadius=326 pipeThick=3
                           wallThick=0.1 irisRadius=230 collarRadialThick=5
                           collarThick=0 win1Thick=0.1 win1OuterRadius=50
                           win2Thick=0.1 winMat=Be phaseAcc=50.51
                           skinDepth=0.002 timingTolerance=0.001 maxStep=100
                           cavityMaterial=Vacuum timeOffset=-4.7e+21
                           timeIncrement=0 fieldMapFile= kill=1
pillbox      cav142        maxGradient=21.2 color=1.0,0.0,0.0 frequency=0.352
                           innerLength=220 innerRadius=326 pipeThick=3
                           wallThick=0.1 irisRadius=230 collarRadialThick=5
                           collarThick=0 win1Thick=0.1 win1OuterRadius=50
                           win2Thick=0.1 winMat=Be phaseAcc=24.69
                           skinDepth=0.002 timingTolerance=0.001 maxStep=100
                           cavityMaterial=Vacuum timeOffset=-4.7e+21
                           timeIncrement=0 fieldMapFile= kill=1
pillbox      cav143        maxGradient=23.4 color=1.0,0.0,0.0 frequency=0.352
                           innerLength=220 innerRadius=326 pipeThick=3
                           wallThick=0.1 irisRadius=230 collarRadialThick=5
                           collarThick=0 win1Thick=0.1 win1OuterRadius=50
                           win2Thick=0.1 winMat=Be phaseAcc=22.24
                           skinDepth=0.002 timingTolerance=0.001 maxStep=100
                           cavityMaterial=Vacuum timeOffset=-4.7e+21
                           timeIncrement=0 fieldMapFile= kill=1
pillbox      cav144        maxGradient=24.07 color=1.0,0.0,0.0 frequency=0.352
                           innerLength=220 innerRadius=326 pipeThick=3
                           wallThick=0.1 irisRadius=230 collarRadialThick=5
                           collarThick=0 win1Thick=0.1 win1OuterRadius=50
                           win2Thick=0.1 winMat=Be phaseAcc=21.08
                           skinDepth=0.002 timingTolerance=0.001 maxStep=100
                           cavityMaterial=Vacuum timeOffset=-4.7e+21
                           timeIncrement=0 fieldMapFile= kill=1
pillbox      cav145        maxGradient=21.99 color=1.0,0.0,0.0 frequency=0.352
                           innerLength=220 innerRadius=326 pipeThick=3
                           wallThick=0.1 irisRadius=230 collarRadialThick=5
                           collarThick=0 win1Thick=0.1 win1OuterRadius=50
                           win2Thick=0.1 winMat=Be phaseAcc=50.59
                           skinDepth=0.002 timingTolerance=0.001 maxStep=100
                           cavityMaterial=Vacuum timeOffset=-4.7e+21
                           timeIncrement=0 fieldMapFile= kill=1
pillbox      cav150        maxGradient=20.68 color=1.0,0.0,0.0 frequency=0.352
                           innerLength=220 innerRadius=326 pipeThick=3
                           wallThick=0.1 irisRadius=230 collarRadialThick=5
                           collarThick=0 win1Thick=0.1 win1OuterRadius=50
                           win2Thick=0.1 winMat=Be phaseAcc=50.61
                           skinDepth=0.002 timingTolerance=0.001 maxStep=100
                           cavityMaterial=Vacuum timeOffset=-4.7e+21
                           timeIncrement=0 fieldMapFile= kill=1
pillbox      cav151        maxGradient=22.28 color=1.0,0.0,0.0 frequency=0.352
                           innerLength=220 innerRadius=326 pipeThick=3
                           wallThick=0.1 irisRadius=230 collarRadialThick=5
                           collarThick=0 win1Thick=0.1 win1OuterRadius=50
                           win2Thick=0.1 winMat=Be phaseAcc=28.22
                           skinDepth=0.002 timingTolerance=0.001 maxStep=100
                           cavityMaterial=Vacuum timeOffset=-4.7e+21
                           timeIncrement=0 fieldMapFile= kill=1
pillbox      cav152        maxGradient=22.63 color=1.0,0.0,0.0 frequency=0.352
                           innerLength=220 innerRadius=326 pipeThick=3
                           wallThick=0.1 irisRadius=230 collarRadialThick=5
                           collarThick=0 win1Thick=0.1 win1OuterRadius=50
                           win2Thick=0.1 winMat=Be phaseAcc=16.66
                           skinDepth=0.002 timingTolerance=0.001 maxStep=100
                           cavityMaterial=Vacuum timeOffset=-4.7e+21
                           timeIncrement=0 fieldMapFile= kill=1
pillbox      cav153        maxGradient=22.47 color=1.0,0.0,0.0 frequency=0.352
                           innerLength=220 innerRadius=326 pipeThick=3
                           wallThick=0.1 irisRadius=230 collarRadialThick=5
                           collarThick=0 win1Thick=0.1 win1OuterRadius=50
                           win2Thick=0.1 winMat=Be phaseAcc=32.76
                           skinDepth=0.002 timingTolerance=0.001 maxStep=100
                           cavityMaterial=Vacuum timeOffset=-4.7e+21
                           timeIncrement=0 fieldMapFile= kill=1
pillbox      cav154        maxGradient=21.05 color=1.0,0.0,0.0 frequency=0.352
                           innerLength=220 innerRadius=326 pipeThick=3
                           wallThick=0.1 irisRadius=230 collarRadialThick=5
                           collarThick=0 win1Thick=0.1 win1OuterRadius=50
                           win2Thick=0.1 winMat=Be phaseAcc=27.54
                           skinDepth=0.002 timingTolerance=0.001 maxStep=100
                           cavityMaterial=Vacuum timeOffset=-4.7e+21
                           timeIncrement=0 fieldMapFile= kill=1
pillbox      cav155        maxGradient=22.16 color=1.0,0.0,0.0 frequency=0.352
                           innerLength=220 innerRadius=326 pipeThick=3
                           wallThick=0.1 irisRadius=230 collarRadialThick=5
                           collarThick=0 win1Thick=0.1 win1OuterRadius=50
                           win2Thick=0.1 winMat=Be phaseAcc=31.07
                           skinDepth=0.002 timingTolerance=0.001 maxStep=100
                           cavityMaterial=Vacuum timeOffset=-4.7e+21
                           timeIncrement=0 fieldMapFile= kill=1
pillbox      cav160        maxGradient=22.63 color=1.0,0.0,0.0 frequency=0.352
                           innerLength=220 innerRadius=326 pipeThick=3
                           wallThick=0.1 irisRadius=230 collarRadialThick=5
                           collarThick=0 win1Thick=0.1 win1OuterRadius=50
                           win2Thick=0.1 winMat=Be phaseAcc=44.3
                           skinDepth=0.002 timingTolerance=0.001 maxStep=100
                           cavityMaterial=Vacuum timeOffset=-4.7e+21
                           timeIncrement=0 fieldMapFile= kill=1
pillbox      cav161        maxGradient=21.63 color=1.0,0.0,0.0 frequency=0.352
                           innerLength=220 innerRadius=326 pipeThick=3
                           wallThick=0.1 irisRadius=230 collarRadialThick=5
                           collarThick=0 win1Thick=0.1 win1OuterRadius=50
                           win2Thick=0.1 winMat=Be phaseAcc=16.3
                           skinDepth=0.002 timingTolerance=0.001 maxStep=100
                           cavityMaterial=Vacuum timeOffset=-4.7e+21
                           timeIncrement=0 fieldMapFile= kill=1
pillbox      cav162        maxGradient=24.52 color=1.0,0.0,0.0 frequency=0.352
                           innerLength=220 innerRadius=326 pipeThick=3
                           wallThick=0.1 irisRadius=230 collarRadialThick=5
                           collarThick=0 win1Thick=0.1 win1OuterRadius=50
                           win2Thick=0.1 winMat=Be phaseAcc=27.04
                           skinDepth=0.002 timingTolerance=0.001 maxStep=100
                           cavityMaterial=Vacuum timeOffset=-4.7e+21
                           timeIncrement=0 fieldMapFile= kill=1
pillbox      cav163        maxGradient=24.08 color=1.0,0.0,0.0 frequency=0.352
                           innerLength=220 innerRadius=326 pipeThick=3
                           wallThick=0.1 irisRadius=230 collarRadialThick=5
                           collarThick=0 win1Thick=0.1 win1OuterRadius=50
                           win2Thick=0.1 winMat=Be phaseAcc=49.96
                           skinDepth=0.002 timingTolerance=0.001 maxStep=100
                           cavityMaterial=Vacuum timeOffset=-4.7e+21
                           timeIncrement=0 fieldMapFile= kill=1
pillbox      cav164        maxGradient=24.62 color=1.0,0.0,0.0 frequency=0.352
                           innerLength=220 innerRadius=326 pipeThick=3
                           wallThick=0.1 irisRadius=230 collarRadialThick=5
                           collarThick=0 win1Thick=0.1 win1OuterRadius=50
                           win2Thick=0.1 winMat=Be phaseAcc=26.79
                           skinDepth=0.002 timingTolerance=0.001 maxStep=100
                           cavityMaterial=Vacuum timeOffset=-4.7e+21
                           timeIncrement=0 fieldMapFile= kill=1
pillbox      cav165        maxGradient=22.37 color=1.0,0.0,0.0 frequency=0.352
                           innerLength=220 innerRadius=326 pipeThick=3
                           wallThick=0.1 irisRadius=230 collarRadialThick=5
                           collarThick=0 win1Thick=0.1 win1OuterRadius=50
                           win2Thick=0.1 winMat=Be phaseAcc=34.28
                           skinDepth=0.002 timingTolerance=0.001 maxStep=100
                           cavityMaterial=Vacuum timeOffset=-4.7e+21
                           timeIncrement=0 fieldMapFile= kill=1
pillbox      cav170        maxGradient=22.4 color=1.0,0.0,0.0 frequency=0.352
                           innerLength=220 innerRadius=326 pipeThick=3
                           wallThick=0.1 irisRadius=230 collarRadialThick=5
                           collarThick=0 win1Thick=0.1 win1OuterRadius=50
                           win2Thick=0.1 winMat=Be phaseAcc=32.37
                           skinDepth=0.002 timingTolerance=0.001 maxStep=100
                           cavityMaterial=Vacuum timeOffset=-4.7e+21
                           timeIncrement=0 fieldMapFile= kill=1
pillbox      cav171        maxGradient=23.37 color=1.0,0.0,0.0 frequency=0.352
                           innerLength=220 innerRadius=326 pipeThick=3
                           wallThick=0.1 irisRadius=230 collarRadialThick=5
                           collarThick=0 win1Thick=0.1 win1OuterRadius=50
                           win2Thick=0.1 winMat=Be phaseAcc=14.5
                           skinDepth=0.002 timingTolerance=0.001 maxStep=100
                           cavityMaterial=Vacuum timeOffset=-4.7e+21
                           timeIncrement=0 fieldMapFile= kill=1
pillbox      cav172        maxGradient=21.92 color=1.0,0.0,0.0 frequency=0.352
                           innerLength=220 innerRadius=326 pipeThick=3
                           wallThick=0.1 irisRadius=230 collarRadialThick=5
                           collarThick=0 win1Thick=0.1 win1OuterRadius=50
                           win2Thick=0.1 winMat=Be phaseAcc=52.25
                           skinDepth=0.002 timingTolerance=0.001 maxStep=100
                           cavityMaterial=Vacuum timeOffset=-4.7e+21
                           timeIncrement=0 fieldMapFile= kill=1
pillbox      cav173        maxGradient=19.87 color=1.0,0.0,0.0 frequency=0.352
                           innerLength=220 innerRadius=326 pipeThick=3
                           wallThick=0.1 irisRadius=230 collarRadialThick=5
                           collarThick=0 win1Thick=0.1 win1OuterRadius=50
                           win2Thick=0.1 winMat=Be phaseAcc=30.45
                           skinDepth=0.002 timingTolerance=0.001 maxStep=100
                           cavityMaterial=Vacuum timeOffset=-4.7e+21
                           timeIncrement=0 fieldMapFile= kill=1
pillbox      cav174        maxGradient=21.55 color=1.0,0.0,0.0 frequency=0.352
                           innerLength=220 innerRadius=326 pipeThick=3
                           wallThick=0.1 irisRadius=230 collarRadialThick=5
                           collarThick=0 win1Thick=0.1 win1OuterRadius=50
                           win2Thick=0.1 winMat=Be phaseAcc=29.05
                           skinDepth=0.002 timingTolerance=0.001 maxStep=100
                           cavityMaterial=Vacuum timeOffset=-4.7e+21
                           timeIncrement=0 fieldMapFile= kill=1
pillbox      cav175        maxGradient=22.32 color=1.0,0.0,0.0 frequency=0.352
                           innerLength=220 innerRadius=326 pipeThick=3
                           wallThick=0.1 irisRadius=230 collarRadialThick=5
                           collarThick=0 win1Thick=0.1 win1OuterRadius=50
                           win2Thick=0.1 winMat=Be phaseAcc=37.68
                           skinDepth=0.002 timingTolerance=0.001 maxStep=100
                           cavityMaterial=Vacuum timeOffset=-4.7e+21
                           timeIncrement=0 fieldMapFile= kill=1
pillbox      cav180        maxGradient=22.54 color=1.0,0.0,0.0 frequency=0.352
                           innerLength=220 innerRadius=326 pipeThick=3
                           wallThick=0.1 irisRadius=230 collarRadialThick=5
                           collarThick=0 win1Thick=0.1 win1OuterRadius=50
                           win2Thick=0.1 winMat=Be phaseAcc=31.9
                           skinDepth=0.002 timingTolerance=0.001 maxStep=100
                           cavityMaterial=Vacuum timeOffset=-4.7e+21
                           timeIncrement=0 fieldMapFile= kill=1
pillbox      cav181        maxGradient=24.65 color=1.0,0.0,0.0 frequency=0.352
                           innerLength=220 innerRadius=326 pipeThick=3
                           wallThick=0.1 irisRadius=230 collarRadialThick=5
                           collarThick=0 win1Thick=0.1 win1OuterRadius=50
                           win2Thick=0.1 winMat=Be phaseAcc=26.87
                           skinDepth=0.002 timingTolerance=0.001 maxStep=100
                           cavityMaterial=Vacuum timeOffset=-4.7e+21
                           timeIncrement=0 fieldMapFile= kill=1
pillbox      cav182        maxGradient=20.54 color=1.0,0.0,0.0 frequency=0.352
                           innerLength=220 innerRadius=326 pipeThick=3
                           wallThick=0.1 irisRadius=230 collarRadialThick=5
                           collarThick=0 win1Thick=0.1 win1OuterRadius=50
                           win2Thick=0.1 winMat=Be phaseAcc=36.64
                           skinDepth=0.002 timingTolerance=0.001 maxStep=100
                           cavityMaterial=Vacuum timeOffset=-4.7e+21
                           timeIncrement=0 fieldMapFile= kill=1
pillbox      cav183        maxGradient=22.22 color=1.0,0.0,0.0 frequency=0.352
                           innerLength=220 innerRadius=326 pipeThick=3
                           wallThick=0.1 irisRadius=230 collarRadialThick=5
                           collarThick=0 win1Thick=0.1 win1OuterRadius=50
                           win2Thick=0.1 winMat=Be phaseAcc=43.05
                           skinDepth=0.002 timingTolerance=0.001 maxStep=100
                           cavityMaterial=Vacuum timeOffset=-4.7e+21
                           timeIncrement=0 fieldMapFile= kill=1
pillbox      cav184        maxGradient=23.14 color=1.0,0.0,0.0 frequency=0.352
                           innerLength=220 innerRadius=326 pipeThick=3
                           wallThick=0.1 irisRadius=230 collarRadialThick=5
                           collarThick=0 win1Thick=0.1 win1OuterRadius=50
                           win2Thick=0.1 winMat=Be phaseAcc=22.89
                           skinDepth=0.002 timingTolerance=0.001 maxStep=100
                           cavityMaterial=Vacuum timeOffset=-4.7e+21
                           timeIncrement=0 fieldMapFile= kill=1
pillbox      cav185        maxGradient=21.59 color=1.0,0.0,0.0 frequency=0.352
                           innerLength=220 innerRadius=326 pipeThick=3
                           wallThick=0.1 irisRadius=230 collarRadialThick=5
                           collarThick=0 win1Thick=0.1 win1OuterRadius=50
                           win2Thick=0.1 winMat=Be phaseAcc=33.42
                           skinDepth=0.002 timingTolerance=0.001 maxStep=100
                           cavityMaterial=Vacuum timeOffset=-4.7e+21
                           timeIncrement=0 fieldMapFile= kill=1
pillbox      cav190        maxGradient=23.43 color=1.0,0.0,0.0 frequency=0.352
                           innerLength=220 innerRadius=326 pipeThick=3
                           wallThick=0.1 irisRadius=230 collarRadialThick=5
                           collarThick=0 win1Thick=0.1 win1OuterRadius=50
                           win2Thick=0.1 winMat=Be phaseAcc=43.71
                           skinDepth=0.002 timingTolerance=0.001 maxStep=100
                           cavityMaterial=Vacuum timeOffset=-4.7e+21
                           timeIncrement=0 fieldMapFile= kill=1
pillbox      cav191        maxGradient=23.46 color=1.0,0.0,0.0 frequency=0.352
                           innerLength=220 innerRadius=326 pipeThick=3
                           wallThick=0.1 irisRadius=230 collarRadialThick=5
                           collarThick=0 win1Thick=0.1 win1OuterRadius=50
                           win2Thick=0.1 winMat=Be phaseAcc=40.89
                           skinDepth=0.002 timingTolerance=0.001 maxStep=100
                           cavityMaterial=Vacuum timeOffset=-4.7e+21
                           timeIncrement=0 fieldMapFile= kill=1
pillbox      cav192        maxGradient=21.41 color=1.0,0.0,0.0 frequency=0.352
                           innerLength=220 innerRadius=326 pipeThick=3
                           wallThick=0.1 irisRadius=230 collarRadialThick=5
                           collarThick=0 win1Thick=0.1 win1OuterRadius=50
                           win2Thick=0.1 winMat=Be phaseAcc=35.63
                           skinDepth=0.002 timingTolerance=0.001 maxStep=100
                           cavityMaterial=Vacuum timeOffset=-4.7e+21
                           timeIncrement=0 fieldMapFile= kill=1
pillbox      cav193        maxGradient=22.97 color=1.0,0.0,0.0 frequency=0.352
                           innerLength=220 innerRadius=326 pipeThick=3
                           wallThick=0.1 irisRadius=230 collarRadialThick=5
                           collarThick=0 win1Thick=0.1 win1OuterRadius=50
                           win2Thick=0.1 winMat=Be phaseAcc=31.09
                           skinDepth=0.002 timingTolerance=0.001 maxStep=100
                           cavityMaterial=Vacuum timeOffset=-4.7e+21
                           timeIncrement=0 fieldMapFile= kill=1
pillbox      cav194        maxGradient=23.45 color=1.0,0.0,0.0 frequency=0.352
                           innerLength=220 innerRadius=326 pipeThick=3
                           wallThick=0.1 irisRadius=230 collarRadialThick=5
                           collarThick=0 win1Thick=0.1 win1OuterRadius=50
                           win2Thick=0.1 winMat=Be phaseAcc=32.48
                           skinDepth=0.002 timingTolerance=0.001 maxStep=100
                           cavityMaterial=Vacuum timeOffset=-4.7e+21
                           timeIncrement=0 fieldMapFile= kill=1
pillbox      cav195        maxGradient=22.69 color=1.0,0.0,0.0 frequency=0.352
                           innerLength=220 innerRadius=326 pipeThick=3
                           wallThick=0.1 irisRadius=230 collarRadialThick=5
                           collarThick=0 win1Thick=0.1 win1OuterRadius=50
                           win2Thick=0.1 winMat=Be phaseAcc=27.51
                           skinDepth=0.002 timingTolerance=0.001 maxStep=100
                           cavityMaterial=Vacuum timeOffset=-4.7e+21
                           timeIncrement=0 fieldMapFile= kill=1
pillbox      cav200        maxGradient=23.44 color=1.0,0.0,0.0 frequency=0.352
                           innerLength=220 innerRadius=326 pipeThick=3
                           wallThick=0.1 irisRadius=230 collarRadialThick=5
                           collarThick=0 win1Thick=0.1 win1OuterRadius=50
                           win2Thick=0.1 winMat=Be phaseAcc=33.85
                           skinDepth=0.002 timingTolerance=0.001 maxStep=100
                           cavityMaterial=Vacuum timeOffset=-4.7e+21
                           timeIncrement=0 fieldMapFile= kill=1
pillbox      cav201        maxGradient=23.21 color=1.0,0.0,0.0 frequency=0.352
                           innerLength=220 innerRadius=326 pipeThick=3
                           wallThick=0.1 irisRadius=230 collarRadialThick=5
                           collarThick=0 win1Thick=0.1 win1OuterRadius=50
                           win2Thick=0.1 winMat=Be phaseAcc=25.84
                           skinDepth=0.002 timingTolerance=0.001 maxStep=100
                           cavityMaterial=Vacuum timeOffset=-4.7e+21
                           timeIncrement=0 fieldMapFile= kill=1
pillbox      cav202        maxGradient=21.71 color=1.0,0.0,0.0 frequency=0.352
                           innerLength=220 innerRadius=326 pipeThick=3
                           wallThick=0.1 irisRadius=230 collarRadialThick=5
                           collarThick=0 win1Thick=0.1 win1OuterRadius=50
                           win2Thick=0.1 winMat=Be phaseAcc=35.66
                           skinDepth=0.002 timingTolerance=0.001 maxStep=100
                           cavityMaterial=Vacuum timeOffset=-4.7e+21
                           timeIncrement=0 fieldMapFile= kill=1
pillbox      cav203        maxGradient=20.03 color=1.0,0.0,0.0 frequency=0.352
                           innerLength=220 innerRadius=326 pipeThick=3
                           wallThick=0.1 irisRadius=230 collarRadialThick=5
                           collarThick=0 win1Thick=0.1 win1OuterRadius=50
                           win2Thick=0.1 winMat=Be phaseAcc=42.13
                           skinDepth=0.002 timingTolerance=0.001 maxStep=100
                           cavityMaterial=Vacuum timeOffset=-4.7e+21
                           timeIncrement=0 fieldMapFile= kill=1
pillbox      cav204        maxGradient=21.87 color=1.0,0.0,0.0 frequency=0.352
                           innerLength=220 innerRadius=326 pipeThick=3
                           wallThick=0.1 irisRadius=230 collarRadialThick=5
                           collarThick=0 win1Thick=0.1 win1OuterRadius=50
                           win2Thick=0.1 winMat=Be phaseAcc=36.41
                           skinDepth=0.002 timingTolerance=0.001 maxStep=100
                           cavityMaterial=Vacuum timeOffset=-4.7e+21
                           timeIncrement=0 fieldMapFile= kill=1
pillbox      cav205        maxGradient=21.66 color=1.0,0.0,0.0 frequency=0.352
                           innerLength=220 innerRadius=326 pipeThick=3
                           wallThick=0.1 irisRadius=230 collarRadialThick=5
                           collarThick=0 win1Thick=0.1 win1OuterRadius=50
                           win2Thick=0.1 winMat=Be phaseAcc=38.32
                           skinDepth=0.002 timingTolerance=0.001 maxStep=100
                           cavityMaterial=Vacuum timeOffset=-4.7e+21
                           timeIncrement=0 fieldMapFile= kill=1
pillbox      cav210        maxGradient=21.19 color=1.0,0.0,0.0 frequency=0.352
                           innerLength=220 innerRadius=326 pipeThick=3
                           wallThick=0.1 irisRadius=230 collarRadialThick=5
                           collarThick=0 win1Thick=0.1 win1OuterRadius=50
                           win2Thick=0.1 winMat=Be phaseAcc=34.06
                           skinDepth=0.002 timingTolerance=0.001 maxStep=100
                           cavityMaterial=Vacuum timeOffset=-4.7e+21
                           timeIncrement=0 fieldMapFile= kill=1
pillbox      cav211        maxGradient=23.16 color=1.0,0.0,0.0 frequency=0.352
                           innerLength=220 innerRadius=326 pipeThick=3
                           wallThick=0.1 irisRadius=230 collarRadialThick=5
                           collarThick=0 win1Thick=0.1 win1OuterRadius=50
                           win2Thick=0.1 winMat=Be phaseAcc=17.72
                           skinDepth=0.002 timingTolerance=0.001 maxStep=100
                           cavityMaterial=Vacuum timeOffset=-4.7e+21
                           timeIncrement=0 fieldMapFile= kill=1
pillbox      cav212        maxGradient=20.73 color=1.0,0.0,0.0 frequency=0.352
                           innerLength=220 innerRadius=326 pipeThick=3
                           wallThick=0.1 irisRadius=230 collarRadialThick=5
                           collarThick=0 win1Thick=0.1 win1OuterRadius=50
                           win2Thick=0.1 winMat=Be phaseAcc=32.93
                           skinDepth=0.002 timingTolerance=0.001 maxStep=100
                           cavityMaterial=Vacuum timeOffset=-4.7e+21
                           timeIncrement=0 fieldMapFile= kill=1
pillbox      cav213        maxGradient=21.05 color=1.0,0.0,0.0 frequency=0.352
                           innerLength=220 innerRadius=326 pipeThick=3
                           wallThick=0.1 irisRadius=230 collarRadialThick=5
                           collarThick=0 win1Thick=0.1 win1OuterRadius=50
                           win2Thick=0.1 winMat=Be phaseAcc=32.91
                           skinDepth=0.002 timingTolerance=0.001 maxStep=100
                           cavityMaterial=Vacuum timeOffset=-4.7e+21
                           timeIncrement=0 fieldMapFile= kill=1
pillbox      cav214        maxGradient=22.32 color=1.0,0.0,0.0 frequency=0.352
                           innerLength=220 innerRadius=326 pipeThick=3
                           wallThick=0.1 irisRadius=230 collarRadialThick=5
                           collarThick=0 win1Thick=0.1 win1OuterRadius=50
                           win2Thick=0.1 winMat=Be phaseAcc=24.8
                           skinDepth=0.002 timingTolerance=0.001 maxStep=100
                           cavityMaterial=Vacuum timeOffset=-4.7e+21
                           timeIncrement=0 fieldMapFile= kill=1
pillbox      cav215        maxGradient=21.74 color=1.0,0.0,0.0 frequency=0.352
                           innerLength=220 innerRadius=326 pipeThick=3
                           wallThick=0.1 irisRadius=230 collarRadialThick=5
                           collarThick=0 win1Thick=0.1 win1OuterRadius=50
                           win2Thick=0.1 winMat=Be phaseAcc=31.03
                           skinDepth=0.002 timingTolerance=0.001 maxStep=100
                           cavityMaterial=Vacuum timeOffset=-4.7e+21
                           timeIncrement=0 fieldMapFile= kill=1
pillbox      cav220        maxGradient=22.24 color=1.0,0.0,0.0 frequency=0.352
                           innerLength=220 innerRadius=326 pipeThick=3
                           wallThick=0.1 irisRadius=230 collarRadialThick=5
                           collarThick=0 win1Thick=0.1 win1OuterRadius=50
                           win2Thick=0.1 winMat=Be phaseAcc=13.27
                           skinDepth=0.002 timingTolerance=0.001 maxStep=100
                           cavityMaterial=Vacuum timeOffset=-4.7e+21
                           timeIncrement=0 fieldMapFile= kill=1
pillbox      cav221        maxGradient=20.32 color=1.0,0.0,0.0 frequency=0.352
                           innerLength=220 innerRadius=326 pipeThick=3
                           wallThick=0.1 irisRadius=230 collarRadialThick=5
                           collarThick=0 win1Thick=0.1 win1OuterRadius=50
                           win2Thick=0.1 winMat=Be phaseAcc=40.07
                           skinDepth=0.002 timingTolerance=0.001 maxStep=100
                           cavityMaterial=Vacuum timeOffset=-4.7e+21
                           timeIncrement=0 fieldMapFile= kill=1
pillbox      cav222        maxGradient=22.32 color=1.0,0.0,0.0 frequency=0.352
                           innerLength=220 innerRadius=326 pipeThick=3
                           wallThick=0.1 irisRadius=230 collarRadialThick=5
                           collarThick=0 win1Thick=0.1 win1OuterRadius=50
                           win2Thick=0.1 winMat=Be phaseAcc=37.84
                           skinDepth=0.002 timingTolerance=0.001 maxStep=100
                           cavityMaterial=Vacuum timeOffset=-4.7e+21
                           timeIncrement=0 fieldMapFile= kill=1
pillbox      cav223        maxGradient=23.32 color=1.0,0.0,0.0 frequency=0.352
                           innerLength=220 innerRadius=326 pipeThick=3
                           wallThick=0.1 irisRadius=230 collarRadialThick=5
                           collarThick=0 win1Thick=0.1 win1OuterRadius=50
                           win2Thick=0.1 winMat=Be phaseAcc=23.86
                           skinDepth=0.002 timingTolerance=0.001 maxStep=100
                           cavityMaterial=Vacuum timeOffset=-4.7e+21
                           timeIncrement=0 fieldMapFile= kill=1
pillbox      cav224        maxGradient=22.35 color=1.0,0.0,0.0 frequency=0.352
                           innerLength=220 innerRadius=326 pipeThick=3
                           wallThick=0.1 irisRadius=230 collarRadialThick=5
                           collarThick=0 win1Thick=0.1 win1OuterRadius=50
                           win2Thick=0.1 winMat=Be phaseAcc=37.83
                           skinDepth=0.002 timingTolerance=0.001 maxStep=100
                           cavityMaterial=Vacuum timeOffset=-4.7e+21
                           timeIncrement=0 fieldMapFile= kill=1
pillbox      cav225        maxGradient=23.41 color=1.0,0.0,0.0 frequency=0.352
                           innerLength=220 innerRadius=326 pipeThick=3
                           wallThick=0.1 irisRadius=230 collarRadialThick=5
                           collarThick=0 win1Thick=0.1 win1OuterRadius=50
                           win2Thick=0.1 winMat=Be phaseAcc=32.31
                           skinDepth=0.002 timingTolerance=0.001 maxStep=100
                           cavityMaterial=Vacuum timeOffset=-4.7e+21
                           timeIncrement=0 fieldMapFile= kill=1
pillbox      cav230        maxGradient=20.18 color=1.0,0.0,0.0 frequency=0.352
                           innerLength=220 innerRadius=326 pipeThick=3
                           wallThick=0.1 irisRadius=230 collarRadialThick=5
                           collarThick=0 win1Thick=0.1 win1OuterRadius=50
                           win2Thick=0.1 winMat=Be phaseAcc=40.14
                           skinDepth=0.002 timingTolerance=0.001 maxStep=100
                           cavityMaterial=Vacuum timeOffset=-4.7e+21
                           timeIncrement=0 fieldMapFile= kill=1
pillbox      cav231        maxGradient=22.43 color=1.0,0.0,0.0 frequency=0.352
                           innerLength=220 innerRadius=326 pipeThick=3
                           wallThick=0.1 irisRadius=230 collarRadialThick=5
                           collarThick=0 win1Thick=0.1 win1OuterRadius=50
                           win2Thick=0.1 winMat=Be phaseAcc=41.01
                           skinDepth=0.002 timingTolerance=0.001 maxStep=100
                           cavityMaterial=Vacuum timeOffset=-4.7e+21
                           timeIncrement=0 fieldMapFile= kill=1
pillbox      cav232        maxGradient=22.67 color=1.0,0.0,0.0 frequency=0.352
                           innerLength=220 innerRadius=326 pipeThick=3
                           wallThick=0.1 irisRadius=230 collarRadialThick=5
                           collarThick=0 win1Thick=0.1 win1OuterRadius=50
                           win2Thick=0.1 winMat=Be phaseAcc=23.56
                           skinDepth=0.002 timingTolerance=0.001 maxStep=100
                           cavityMaterial=Vacuum timeOffset=-4.7e+21
                           timeIncrement=0 fieldMapFile= kill=1
pillbox      cav233        maxGradient=24.28 color=1.0,0.0,0.0 frequency=0.352
                           innerLength=220 innerRadius=326 pipeThick=3
                           wallThick=0.1 irisRadius=230 collarRadialThick=5
                           collarThick=0 win1Thick=0.1 win1OuterRadius=50
                           win2Thick=0.1 winMat=Be phaseAcc=47.96
                           skinDepth=0.002 timingTolerance=0.001 maxStep=100
                           cavityMaterial=Vacuum timeOffset=-4.7e+21
                           timeIncrement=0 fieldMapFile= kill=1
pillbox      cav234        maxGradient=22.8 color=1.0,0.0,0.0 frequency=0.352
                           innerLength=220 innerRadius=326 pipeThick=3
                           wallThick=0.1 irisRadius=230 collarRadialThick=5
                           collarThick=0 win1Thick=0.1 win1OuterRadius=50
                           win2Thick=0.1 winMat=Be phaseAcc=16.27
                           skinDepth=0.002 timingTolerance=0.001 maxStep=100
                           cavityMaterial=Vacuum timeOffset=-4.7e+21
                           timeIncrement=0 fieldMapFile= kill=1
pillbox      cav235        maxGradient=21.01 color=1.0,0.0,0.0 frequency=0.352
                           innerLength=220 innerRadius=326 pipeThick=3
                           wallThick=0.1 irisRadius=230 collarRadialThick=5
                           collarThick=0 win1Thick=0.1 win1OuterRadius=50
                           win2Thick=0.1 winMat=Be phaseAcc=11.35
                           skinDepth=0.002 timingTolerance=0.001 maxStep=100
                           cavityMaterial=Vacuum timeOffset=-4.7e+21
                           timeIncrement=0 fieldMapFile= kill=1
pillbox      cav240        maxGradient=24.5 color=1.0,0.0,0.0 frequency=0.352
                           innerLength=220 innerRadius=326 pipeThick=3
                           wallThick=0.1 irisRadius=230 collarRadialThick=5
                           collarThick=0 win1Thick=0.1 win1OuterRadius=50
                           win2Thick=0.1 winMat=Be phaseAcc=41.76
                           skinDepth=0.002 timingTolerance=0.001 maxStep=100
                           cavityMaterial=Vacuum timeOffset=-4.7e+21
                           timeIncrement=0 fieldMapFile= kill=1
pillbox      cav241        maxGradient=23.61 color=1.0,0.0,0.0 frequency=0.352
                           innerLength=220 innerRadius=326 pipeThick=3
                           wallThick=0.1 irisRadius=230 collarRadialThick=5
                           collarThick=0 win1Thick=0.1 win1OuterRadius=50
                           win2Thick=0.1 winMat=Be phaseAcc=29.55
                           skinDepth=0.002 timingTolerance=0.001 maxStep=100
                           cavityMaterial=Vacuum timeOffset=-4.7e+21
                           timeIncrement=0 fieldMapFile= kill=1
pillbox      cav242        maxGradient=21.33 color=1.0,0.0,0.0 frequency=0.352
                           innerLength=220 innerRadius=326 pipeThick=3
                           wallThick=0.1 irisRadius=230 collarRadialThick=5
                           collarThick=0 win1Thick=0.1 win1OuterRadius=50
                           win2Thick=0.1 winMat=Be phaseAcc=35.22
                           skinDepth=0.002 timingTolerance=0.001 maxStep=100
                           cavityMaterial=Vacuum timeOffset=-4.7e+21
                           timeIncrement=0 fieldMapFile= kill=1
pillbox      cav243        maxGradient=22.43 color=1.0,0.0,0.0 frequency=0.352
                           innerLength=220 innerRadius=326 pipeThick=3
                           wallThick=0.1 irisRadius=230 collarRadialThick=5
                           collarThick=0 win1Thick=0.1 win1OuterRadius=50
                           win2Thick=0.1 winMat=Be phaseAcc=32.99
                           skinDepth=0.002 timingTolerance=0.001 maxStep=100
                           cavityMaterial=Vacuum timeOffset=-4.7e+21
                           timeIncrement=0 fieldMapFile= kill=1
pillbox      cav244        maxGradient=23.39 color=1.0,0.0,0.0 frequency=0.352
                           innerLength=220 innerRadius=326 pipeThick=3
                           wallThick=0.1 irisRadius=230 collarRadialThick=5
                           collarThick=0 win1Thick=0.1 win1OuterRadius=50
                           win2Thick=0.1 winMat=Be phaseAcc=18.81
                           skinDepth=0.002 timingTolerance=0.001 maxStep=100
                           cavityMaterial=Vacuum timeOffset=-4.7e+21
                           timeIncrement=0 fieldMapFile= kill=1
pillbox      cav245        maxGradient=24.46 color=1.0,0.0,0.0 frequency=0.352
                           innerLength=220 innerRadius=326 pipeThick=3
                           wallThick=0.1 irisRadius=230 collarRadialThick=5
                           collarThick=0 win1Thick=0.1 win1OuterRadius=50
                           win2Thick=0.1 winMat=Be phaseAcc=40.31
                           skinDepth=0.002 timingTolerance=0.001 maxStep=100
                           cavityMaterial=Vacuum timeOffset=-4.7e+21
                           timeIncrement=0 fieldMapFile= kill=1
pillbox      cav250        maxGradient=21.16 color=1.0,0.0,0.0 frequency=0.352
                           innerLength=220 innerRadius=326 pipeThick=3
                           wallThick=0.1 irisRadius=230 collarRadialThick=5
                           collarThick=0 win1Thick=0.1 win1OuterRadius=50
                           win2Thick=0.1 winMat=Be phaseAcc=28.33
                           skinDepth=0.002 timingTolerance=0.001 maxStep=100
                           cavityMaterial=Vacuum timeOffset=-4.7e+21
                           timeIncrement=0 fieldMapFile= kill=1
pillbox      cav251        maxGradient=23.79 color=1.0,0.0,0.0 frequency=0.352
                           innerLength=220 innerRadius=326 pipeThick=3
                           wallThick=0.1 irisRadius=230 collarRadialThick=5
                           collarThick=0 win1Thick=0.1 win1OuterRadius=50
                           win2Thick=0.1 winMat=Be phaseAcc=31.92
                           skinDepth=0.002 timingTolerance=0.001 maxStep=100
                           cavityMaterial=Vacuum timeOffset=-4.7e+21
                           timeIncrement=0 fieldMapFile= kill=1
pillbox      cav252        maxGradient=21.99 color=1.0,0.0,0.0 frequency=0.352
                           innerLength=220 innerRadius=326 pipeThick=3
                           wallThick=0.1 irisRadius=230 collarRadialThick=5
                           collarThick=0 win1Thick=0.1 win1OuterRadius=50
                           win2Thick=0.1 winMat=Be phaseAcc=32.22
                           skinDepth=0.002 timingTolerance=0.001 maxStep=100
                           cavityMaterial=Vacuum timeOffset=-4.7e+21
                           timeIncrement=0 fieldMapFile= kill=1
pillbox      cav253        maxGradient=21.8 color=1.0,0.0,0.0 frequency=0.352
                           innerLength=220 innerRadius=326 pipeThick=3
                           wallThick=0.1 irisRadius=230 collarRadialThick=5
                           collarThick=0 win1Thick=0.1 win1OuterRadius=50
                           win2Thick=0.1 winMat=Be phaseAcc=24.37
                           skinDepth=0.002 timingTolerance=0.001 maxStep=100
                           cavityMaterial=Vacuum timeOffset=-4.7e+21
                           timeIncrement=0 fieldMapFile= kill=1
pillbox      cav254        maxGradient=22.39 color=1.0,0.0,0.0 frequency=0.352
                           innerLength=220 innerRadius=326 pipeThick=3
                           wallThick=0.1 irisRadius=230 collarRadialThick=5
                           collarThick=0 win1Thick=0.1 win1OuterRadius=50
                           win2Thick=0.1 winMat=Be phaseAcc=32.15
                           skinDepth=0.002 timingTolerance=0.001 maxStep=100
                           cavityMaterial=Vacuum timeOffset=-4.7e+21
                           timeIncrement=0 fieldMapFile= kill=1
pillbox      cav255        maxGradient=20.34 color=1.0,0.0,0.0 frequency=0.352
                           innerLength=220 innerRadius=326 pipeThick=3
                           wallThick=0.1 irisRadius=230 collarRadialThick=5
                           collarThick=0 win1Thick=0.1 win1OuterRadius=50
                           win2Thick=0.1 winMat=Be phaseAcc=37.14
                           skinDepth=0.002 timingTolerance=0.001 maxStep=100
                           cavityMaterial=Vacuum timeOffset=-4.7e+21
                           timeIncrement=0 fieldMapFile= kill=1
pillbox      cav260        maxGradient=23.38 color=1.0,0.0,0.0 frequency=0.352
                           innerLength=220 innerRadius=326 pipeThick=3
                           wallThick=0.1 irisRadius=230 collarRadialThick=5
                           collarThick=0 win1Thick=0.1 win1OuterRadius=50
                           win2Thick=0.1 winMat=Be phaseAcc=35.26
                           skinDepth=0.002 timingTolerance=0.001 maxStep=100
                           cavityMaterial=Vacuum timeOffset=-4.7e+21
                           timeIncrement=0 fieldMapFile= kill=1
pillbox      cav261        maxGradient=21.67 color=1.0,0.0,0.0 frequency=0.352
                           innerLength=220 innerRadius=326 pipeThick=3
                           wallThick=0.1 irisRadius=230 collarRadialThick=5
                           collarThick=0 win1Thick=0.1 win1OuterRadius=50
                           win2Thick=0.1 winMat=Be phaseAcc=31.97
                           skinDepth=0.002 timingTolerance=0.001 maxStep=100
                           cavityMaterial=Vacuum timeOffset=-4.7e+21
                           timeIncrement=0 fieldMapFile= kill=1
pillbox      cav262        maxGradient=22.99 color=1.0,0.0,0.0 frequency=0.352
                           innerLength=220 innerRadius=326 pipeThick=3
                           wallThick=0.1 irisRadius=230 collarRadialThick=5
                           collarThick=0 win1Thick=0.1 win1OuterRadius=50
                           win2Thick=0.1 winMat=Be phaseAcc=28.47
                           skinDepth=0.002 timingTolerance=0.001 maxStep=100
                           cavityMaterial=Vacuum timeOffset=-4.7e+21
                           timeIncrement=0 fieldMapFile= kill=1
pillbox      cav263        maxGradient=22.09 color=1.0,0.0,0.0 frequency=0.352
                           innerLength=220 innerRadius=326 pipeThick=3
                           wallThick=0.1 irisRadius=230 collarRadialThick=5
                           collarThick=0 win1Thick=0.1 win1OuterRadius=50
                           win2Thick=0.1 winMat=Be phaseAcc=24.11
                           skinDepth=0.002 timingTolerance=0.001 maxStep=100
                           cavityMaterial=Vacuum timeOffset=-4.7e+21
                           timeIncrement=0 fieldMapFile= kill=1
pillbox      cav264        maxGradient=23.26 color=1.0,0.0,0.0 frequency=0.352
                           innerLength=220 innerRadius=326 pipeThick=3
                           wallThick=0.1 irisRadius=230 collarRadialThick=5
                           collarThick=0 win1Thick=0.1 win1OuterRadius=50
                           win2Thick=0.1 winMat=Be phaseAcc=31.33
                           skinDepth=0.002 timingTolerance=0.001 maxStep=100
                           cavityMaterial=Vacuum timeOffset=-4.7e+21
                           timeIncrement=0 fieldMapFile= kill=1
pillbox      cav265        maxGradient=22.4 color=1.0,0.0,0.0 frequency=0.352
                           innerLength=220 innerRadius=326 pipeThick=3
                           wallThick=0.1 irisRadius=230 collarRadialThick=5
                           collarThick=0 win1Thick=0.1 win1OuterRadius=50
                           win2Thick=0.1 winMat=Be phaseAcc=35.63
                           skinDepth=0.002 timingTolerance=0.001 maxStep=100
                           cavityMaterial=Vacuum timeOffset=-4.7e+21
                           timeIncrement=0 fieldMapFile= kill=1
pillbox      cav270        maxGradient=22.23 color=1.0,0.0,0.0 frequency=0.352
                           innerLength=220 innerRadius=326 pipeThick=3
                           wallThick=0.1 irisRadius=230 collarRadialThick=5
                           collarThick=0 win1Thick=0.1 win1OuterRadius=50
                           win2Thick=0.1 winMat=Be phaseAcc=50.11
                           skinDepth=0.002 timingTolerance=0.001 maxStep=100
                           cavityMaterial=Vacuum timeOffset=-4.7e+21
                           timeIncrement=0 fieldMapFile= kill=1
pillbox      cav271        maxGradient=21.5 color=1.0,0.0,0.0 frequency=0.352
                           innerLength=220 innerRadius=326 pipeThick=3
                           wallThick=0.1 irisRadius=230 collarRadialThick=5
                           collarThick=0 win1Thick=0.1 win1OuterRadius=50
                           win2Thick=0.1 winMat=Be phaseAcc=29.02
                           skinDepth=0.002 timingTolerance=0.001 maxStep=100
                           cavityMaterial=Vacuum timeOffset=-4.7e+21
                           timeIncrement=0 fieldMapFile= kill=1
pillbox      cav272        maxGradient=22.71 color=1.0,0.0,0.0 frequency=0.352
                           innerLength=220 innerRadius=326 pipeThick=3
                           wallThick=0.1 irisRadius=230 collarRadialThick=5
                           collarThick=0 win1Thick=0.1 win1OuterRadius=50
                           win2Thick=0.1 winMat=Be phaseAcc=44.17
                           skinDepth=0.002 timingTolerance=0.001 maxStep=100
                           cavityMaterial=Vacuum timeOffset=-4.7e+21
                           timeIncrement=0 fieldMapFile= kill=1
pillbox      cav273        maxGradient=20.84 color=1.0,0.0,0.0 frequency=0.352
                           innerLength=220 innerRadius=326 pipeThick=3
                           wallThick=0.1 irisRadius=230 collarRadialThick=5
                           collarThick=0 win1Thick=0.1 win1OuterRadius=50
                           win2Thick=0.1 winMat=Be phaseAcc=21.4
                           skinDepth=0.002 timingTolerance=0.001 maxStep=100
                           cavityMaterial=Vacuum timeOffset=-4.7e+21
                           timeIncrement=0 fieldMapFile= kill=1
pillbox      cav274        maxGradient=22.88 color=1.0,0.0,0.0 frequency=0.352
                           innerLength=220 innerRadius=326 pipeThick=3
                           wallThick=0.1 irisRadius=230 collarRadialThick=5
                           collarThick=0 win1Thick=0.1 win1OuterRadius=50
                           win2Thick=0.1 winMat=Be phaseAcc=23.01
                           skinDepth=0.002 timingTolerance=0.001 maxStep=100
                           cavityMaterial=Vacuum timeOffset=-4.7e+21
                           timeIncrement=0 fieldMapFile= kill=1
pillbox      cav275        maxGradient=21.68 color=1.0,0.0,0.0 frequency=0.352
                           innerLength=220 innerRadius=326 pipeThick=3
                           wallThick=0.1 irisRadius=230 collarRadialThick=5
                           collarThick=0 win1Thick=0.1 win1OuterRadius=50
                           win2Thick=0.1 winMat=Be phaseAcc=29.25
                           skinDepth=0.002 timingTolerance=0.001 maxStep=100
                           cavityMaterial=Vacuum timeOffset=-4.7e+21
                           timeIncrement=0 fieldMapFile= kill=1
pillbox      cav280        maxGradient=23.73 color=1.0,0.0,0.0 frequency=0.352
                           innerLength=220 innerRadius=326 pipeThick=3
                           wallThick=0.1 irisRadius=230 collarRadialThick=5
                           collarThick=0 win1Thick=0.1 win1OuterRadius=50
                           win2Thick=0.1 winMat=Be phaseAcc=37.65
                           skinDepth=0.002 timingTolerance=0.001 maxStep=100
                           cavityMaterial=Vacuum timeOffset=-4.7e+21
                           timeIncrement=0 fieldMapFile= kill=1
pillbox      cav281        maxGradient=21.45 color=1.0,0.0,0.0 frequency=0.352
                           innerLength=220 innerRadius=326 pipeThick=3
                           wallThick=0.1 irisRadius=230 collarRadialThick=5
                           collarThick=0 win1Thick=0.1 win1OuterRadius=50
                           win2Thick=0.1 winMat=Be phaseAcc=47.29
                           skinDepth=0.002 timingTolerance=0.001 maxStep=100
                           cavityMaterial=Vacuum timeOffset=-4.7e+21
                           timeIncrement=0 fieldMapFile= kill=1
pillbox      cav282        maxGradient=22.59 color=1.0,0.0,0.0 frequency=0.352
                           innerLength=220 innerRadius=326 pipeThick=3
                           wallThick=0.1 irisRadius=230 collarRadialThick=5
                           collarThick=0 win1Thick=0.1 win1OuterRadius=50
                           win2Thick=0.1 winMat=Be phaseAcc=41.14
                           skinDepth=0.002 timingTolerance=0.001 maxStep=100
                           cavityMaterial=Vacuum timeOffset=-4.7e+21
                           timeIncrement=0 fieldMapFile= kill=1
pillbox      cav283        maxGradient=22.05 color=1.0,0.0,0.0 frequency=0.352
                           innerLength=220 innerRadius=326 pipeThick=3
                           wallThick=0.1 irisRadius=230 collarRadialThick=5
                           collarThick=0 win1Thick=0.1 win1OuterRadius=50
                           win2Thick=0.1 winMat=Be phaseAcc=35.36
                           skinDepth=0.002 timingTolerance=0.001 maxStep=100
                           cavityMaterial=Vacuum timeOffset=-4.7e+21
                           timeIncrement=0 fieldMapFile= kill=1
pillbox      cav284        maxGradient=23.33 color=1.0,0.0,0.0 frequency=0.352
                           innerLength=220 innerRadius=326 pipeThick=3
                           wallThick=0.1 irisRadius=230 collarRadialThick=5
                           collarThick=0 win1Thick=0.1 win1OuterRadius=50
                           win2Thick=0.1 winMat=Be phaseAcc=31.68
                           skinDepth=0.002 timingTolerance=0.001 maxStep=100
                           cavityMaterial=Vacuum timeOffset=-4.7e+21
                           timeIncrement=0 fieldMapFile= kill=1
pillbox      cav285        maxGradient=24.4 color=1.0,0.0,0.0 frequency=0.352
                           innerLength=220 innerRadius=326 pipeThick=3
                           wallThick=0.1 irisRadius=230 collarRadialThick=5
                           collarThick=0 win1Thick=0.1 win1OuterRadius=50
                           win2Thick=0.1 winMat=Be phaseAcc=38.14
                           skinDepth=0.002 timingTolerance=0.001 maxStep=100
                           cavityMaterial=Vacuum timeOffset=-4.7e+21
                           timeIncrement=0 fieldMapFile= kill=1
pillbox      cav290        maxGradient=22.82 color=1.0,0.0,0.0 frequency=0.352
                           innerLength=220 innerRadius=326 pipeThick=3
                           wallThick=0.1 irisRadius=230 collarRadialThick=5
                           collarThick=0 win1Thick=0.1 win1OuterRadius=50
                           win2Thick=0.1 winMat=Be phaseAcc=41.7
                           skinDepth=0.002 timingTolerance=0.001 maxStep=100
                           cavityMaterial=Vacuum timeOffset=-4.7e+21
                           timeIncrement=0 fieldMapFile= kill=1
pillbox      cav291        maxGradient=22.94 color=1.0,0.0,0.0 frequency=0.352
                           innerLength=220 innerRadius=326 pipeThick=3
                           wallThick=0.1 irisRadius=230 collarRadialThick=5
                           collarThick=0 win1Thick=0.1 win1OuterRadius=50
                           win2Thick=0.1 winMat=Be phaseAcc=26.7
                           skinDepth=0.002 timingTolerance=0.001 maxStep=100
                           cavityMaterial=Vacuum timeOffset=-4.7e+21
                           timeIncrement=0 fieldMapFile= kill=1
pillbox      cav292        maxGradient=22.11 color=1.0,0.0,0.0 frequency=0.352
                           innerLength=220 innerRadius=326 pipeThick=3
                           wallThick=0.1 irisRadius=230 collarRadialThick=5
                           collarThick=0 win1Thick=0.1 win1OuterRadius=50
                           win2Thick=0.1 winMat=Be phaseAcc=16.54
                           skinDepth=0.002 timingTolerance=0.001 maxStep=100
                           cavityMaterial=Vacuum timeOffset=-4.7e+21
                           timeIncrement=0 fieldMapFile= kill=1
pillbox      cav293        maxGradient=21.59 color=1.0,0.0,0.0 frequency=0.352
                           innerLength=220 innerRadius=326 pipeThick=3
                           wallThick=0.1 irisRadius=230 collarRadialThick=5
                           collarThick=0 win1Thick=0.1 win1OuterRadius=50
                           win2Thick=0.1 winMat=Be phaseAcc=33.68
                           skinDepth=0.002 timingTolerance=0.001 maxStep=100
                           cavityMaterial=Vacuum timeOffset=-4.7e+21
                           timeIncrement=0 fieldMapFile= kill=1
pillbox      cav294        maxGradient=19.37 color=1.0,0.0,0.0 frequency=0.352
                           innerLength=220 innerRadius=326 pipeThick=3
                           wallThick=0.1 irisRadius=230 collarRadialThick=5
                           collarThick=0 win1Thick=0.1 win1OuterRadius=50
                           win2Thick=0.1 winMat=Be phaseAcc=35.29
                           skinDepth=0.002 timingTolerance=0.001 maxStep=100
                           cavityMaterial=Vacuum timeOffset=-4.7e+21
                           timeIncrement=0 fieldMapFile= kill=1
pillbox      cav295        maxGradient=22.36 color=1.0,0.0,0.0 frequency=0.352
                           innerLength=220 innerRadius=326 pipeThick=3
                           wallThick=0.1 irisRadius=230 collarRadialThick=5
                           collarThick=0 win1Thick=0.1 win1OuterRadius=50
                           win2Thick=0.1 winMat=Be phaseAcc=30.13
                           skinDepth=0.002 timingTolerance=0.001 maxStep=100
                           cavityMaterial=Vacuum timeOffset=-4.7e+21
                           timeIncrement=0 fieldMapFile= kill=1
pillbox      cav300        maxGradient=22.78 color=1.0,0.0,0.0 frequency=0.352
                           innerLength=220 innerRadius=326 pipeThick=3
                           wallThick=0.1 irisRadius=230 collarRadialThick=5
                           collarThick=0 win1Thick=0.1 win1OuterRadius=50
                           win2Thick=0.1 winMat=Be phaseAcc=41.52
                           skinDepth=0.002 timingTolerance=0.001 maxStep=100
                           cavityMaterial=Vacuum timeOffset=-4.7e+21
                           timeIncrement=0 fieldMapFile= kill=1
pillbox      cav301        maxGradient=22.59 color=1.0,0.0,0.0 frequency=0.352
                           innerLength=220 innerRadius=326 pipeThick=3
                           wallThick=0.1 irisRadius=230 collarRadialThick=5
                           collarThick=0 win1Thick=0.1 win1OuterRadius=50
                           win2Thick=0.1 winMat=Be phaseAcc=34.98
                           skinDepth=0.002 timingTolerance=0.001 maxStep=100
                           cavityMaterial=Vacuum timeOffset=-4.7e+21
                           timeIncrement=0 fieldMapFile= kill=1
pillbox      cav302        maxGradient=22.77 color=1.0,0.0,0.0 frequency=0.352
                           innerLength=220 innerRadius=326 pipeThick=3
                           wallThick=0.1 irisRadius=230 collarRadialThick=5
                           collarThick=0 win1Thick=0.1 win1OuterRadius=50
                           win2Thick=0.1 winMat=Be phaseAcc=27.22
                           skinDepth=0.002 timingTolerance=0.001 maxStep=100
                           cavityMaterial=Vacuum timeOffset=-4.7e+21
                           timeIncrement=0 fieldMapFile= kill=1
pillbox      cav303        maxGradient=22.28 color=1.0,0.0,0.0 frequency=0.352
                           innerLength=220 innerRadius=326 pipeThick=3
                           wallThick=0.1 irisRadius=230 collarRadialThick=5
                           collarThick=0 win1Thick=0.1 win1OuterRadius=50
                           win2Thick=0.1 winMat=Be phaseAcc=34.58
                           skinDepth=0.002 timingTolerance=0.001 maxStep=100
                           cavityMaterial=Vacuum timeOffset=-4.7e+21
                           timeIncrement=0 fieldMapFile= kill=1
pillbox      cav304        maxGradient=23.24 color=1.0,0.0,0.0 frequency=0.352
                           innerLength=220 innerRadius=326 pipeThick=3
                           wallThick=0.1 irisRadius=230 collarRadialThick=5
                           collarThick=0 win1Thick=0.1 win1OuterRadius=50
                           win2Thick=0.1 winMat=Be phaseAcc=54.16
                           skinDepth=0.002 timingTolerance=0.001 maxStep=100
                           cavityMaterial=Vacuum timeOffset=-4.7e+21
                           timeIncrement=0 fieldMapFile= kill=1
pillbox      cav305        maxGradient=22.41 color=1.0,0.0,0.0 frequency=0.352
                           innerLength=220 innerRadius=326 pipeThick=3
                           wallThick=0.1 irisRadius=230 collarRadialThick=5
                           collarThick=0 win1Thick=0.1 win1OuterRadius=50
                           win2Thick=0.1 winMat=Be phaseAcc=29.8
                           skinDepth=0.002 timingTolerance=0.001 maxStep=100
                           cavityMaterial=Vacuum timeOffset=-4.7e+21
                           timeIncrement=0 fieldMapFile= kill=1
box          wedge_window  height=259.1 width=451.7 length=0.3 maxStep=100
                           material=Be color=1,1,1 kill=0
trap         all_wedge     height=259.1 upperWidth=0.001 lowerWidth=740 Xul=0
                           Xur=0 Xll=0 Xlr=0 length=259.1 maxStep=100
                           material=LH2 color=1,1,1 kill=0
do i=-2,30,1
(do i=-2)
place   sol1    copies=1 x=0.0 y=0.0 z=-3928.6 rename='sol_a_-2'
place   sol2    copies=1 x=0.0 y=0.0 z=-2671.4 rename='sol_b_-2'
(do i=-1)
place   sol1    copies=1 x=0.0 y=0.0 z=-1728.6 rename='sol_a_-1'
place   sol2    copies=1 x=0.0 y=0.0 z=-471.4 rename='sol_b_-1'
(do i=0)
place   sol1    copies=1 x=0.0 y=0.0 z=471.4 rename='sol_a_0'
place   sol2    copies=1 x=0.0 y=0.0 z=1728.6 rename='sol_b_0'
(do i=1)
place   sol1    copies=1 x=0.0 y=0.0 z=2671.4 rename='sol_a_1'
place   sol2    copies=1 x=0.0 y=0.0 z=3928.6 rename='sol_b_1'
(do i=2)
place   sol1    copies=1 x=0.0 y=0.0 z=4871.4 rename='sol_a_2'
place   sol2    copies=1 x=0.0 y=0.0 z=6128.6 rename='sol_b_2'
(do i=3)
place   sol1    copies=1 x=0.0 y=0.0 z=7071.4 rename='sol_a_3'
place   sol2    copies=1 x=0.0 y=0.0 z=8328.6 rename='sol_b_3'
(do i=4)
place   sol1    copies=1 x=0.0 y=0.0 z=9271.4 rename='sol_a_4'
place   sol2    copies=1 x=0.0 y=0.0 z=10528.6 rename='sol_b_4'
(do i=5)
place   sol1    copies=1 x=0.0 y=0.0 z=11471.4 rename='sol_a_5'
place   sol2    copies=1 x=0.0 y=0.0 z=12728.6 rename='sol_b_5'
(do i=6)
place   sol1    copies=1 x=0.0 y=0.0 z=13671.4 rename='sol_a_6'
place   sol2    copies=1 x=0.0 y=0.0 z=14928.6 rename='sol_b_6'
(do i=7)
place   sol1    copies=1 x=0.0 y=0.0 z=15871.4 rename='sol_a_7'
place   sol2    copies=1 x=0.0 y=0.0 z=17128.6 rename='sol_b_7'
(do i=8)
place   sol1    copies=1 x=0.0 y=0.0 z=18071.4 rename='sol_a_8'
place   sol2    copies=1 x=0.0 y=0.0 z=19328.6 rename='sol_b_8'
(do i=9)
place   sol1    copies=1 x=0.0 y=0.0 z=20271.4 rename='sol_a_9'
place   sol2    copies=1 x=0.0 y=0.0 z=21528.6 rename='sol_b_9'
(do i=10)
place   sol1    copies=1 x=0.0 y=0.0 z=22471.4 rename='sol_a_10'
place   sol2    copies=1 x=0.0 y=0.0 z=23728.6 rename='sol_b_10'
(do i=11)
place   sol1    copies=1 x=0.0 y=0.0 z=24671.4 rename='sol_a_11'
place   sol2    copies=1 x=0.0 y=0.0 z=25928.6 rename='sol_b_11'
(do i=12)
place   sol1    copies=1 x=0.0 y=0.0 z=26871.4 rename='sol_a_12'
place   sol2    copies=1 x=0.0 y=0.0 z=28128.6 rename='sol_b_12'
(do i=13)
place   sol1    copies=1 x=0.0 y=0.0 z=29071.4 rename='sol_a_13'
place   sol2    copies=1 x=0.0 y=0.0 z=30328.6 rename='sol_b_13'
(do i=14)
place   sol1    copies=1 x=0.0 y=0.0 z=31271.4 rename='sol_a_14'
place   sol2    copies=1 x=0.0 y=0.0 z=32528.6 rename='sol_b_14'
(do i=15)
place   sol1    copies=1 x=0.0 y=0.0 z=33471.4 rename='sol_a_15'
place   sol2    copies=1 x=0.0 y=0.0 z=34728.6 rename='sol_b_15'
(do i=16)
place   sol1    copies=1 x=0.0 y=0.0 z=35671.4 rename='sol_a_16'
place   sol2    copies=1 x=0.0 y=0.0 z=36928.6 rename='sol_b_16'
(do i=17)
place   sol1    copies=1 x=0.0 y=0.0 z=37871.4 rename='sol_a_17'
place   sol2    copies=1 x=0.0 y=0.0 z=39128.6 rename='sol_b_17'
(do i=18)
place   sol1    copies=1 x=0.0 y=0.0 z=40071.4 rename='sol_a_18'
place   sol2    copies=1 x=0.0 y=0.0 z=41328.6 rename='sol_b_18'
(do i=19)
place   sol1    copies=1 x=0.0 y=0.0 z=42271.4 rename='sol_a_19'
place   sol2    copies=1 x=0.0 y=0.0 z=43528.6 rename='sol_b_19'
(do i=20)
place   sol1    copies=1 x=0.0 y=0.0 z=44471.4 rename='sol_a_20'
place   sol2    copies=1 x=0.0 y=0.0 z=45728.6 rename='sol_b_20'
(do i=21)
place   sol1    copies=1 x=0.0 y=0.0 z=46671.4 rename='sol_a_21'
place   sol2    copies=1 x=0.0 y=0.0 z=47928.6 rename='sol_b_21'
(do i=22)
place   sol1    copies=1 x=0.0 y=0.0 z=48871.4 rename='sol_a_22'
place   sol2    copies=1 x=0.0 y=0.0 z=50128.6 rename='sol_b_22'
(do i=23)
place   sol1    copies=1 x=0.0 y=0.0 z=51071.4 rename='sol_a_23'
place   sol2    copies=1 x=0.0 y=0.0 z=52328.6 rename='sol_b_23'
(do i=24)
place   sol1    copies=1 x=0.0 y=0.0 z=53271.4 rename='sol_a_24'
place   sol2    copies=1 x=0.0 y=0.0 z=54528.6 rename='sol_b_24'
(do i=25)
place   sol1    copies=1 x=0.0 y=0.0 z=55471.4 rename='sol_a_25'
place   sol2    copies=1 x=0.0 y=0.0 z=56728.6 rename='sol_b_25'
(do i=26)
place   sol1    copies=1 x=0.0 y=0.0 z=57671.4 rename='sol_a_26'
place   sol2    copies=1 x=0.0 y=0.0 z=58928.6 rename='sol_b_26'
(do i=27)
place   sol1    copies=1 x=0.0 y=0.0 z=59871.4 rename='sol_a_27'
place   sol2    copies=1 x=0.0 y=0.0 z=61128.6 rename='sol_b_27'
(do i=28)
place   sol1    copies=1 x=0.0 y=0.0 z=62071.4 rename='sol_a_28'
place   sol2    copies=1 x=0.0 y=0.0 z=63328.6 rename='sol_b_28'
(do i=29)
place   sol1    copies=1 x=0.0 y=0.0 z=64271.4 rename='sol_a_29'
place   sol2    copies=1 x=0.0 y=0.0 z=65528.6 rename='sol_b_29'
(do i=30)
place   sol1    copies=1 x=0.0 y=0.0 z=66471.4 rename='sol_a_30'
place   sol2    copies=1 x=0.0 y=0.0 z=67728.6 rename='sol_b_30'
enddo
do i=-2,30,1
(do i=-2)
place   solbend copies=1 x=0.0 y=0.0 z=-4180.0 rename='solbend_a_-2'
place   solbend copies=1 x=0.0 y=0.0 z=-2420.0 rename='solbend_b_-2'
(do i=-1)
place   solbend copies=1 x=0.0 y=0.0 z=-1980.0 rename='solbend_a_-1'
place   solbend copies=1 x=0.0 y=0.0 z=-220.0 rename='solbend_b_-1'
(do i=0)
place   solbend copies=1 x=0.0 y=0.0 z=220.0 rename='solbend_a_0'
place   solbend copies=1 x=0.0 y=0.0 z=1980.0 rename='solbend_b_0'
(do i=1)
place   solbend copies=1 x=0.0 y=0.0 z=2420.0 rename='solbend_a_1'
place   solbend copies=1 x=0.0 y=0.0 z=4180.0 rename='solbend_b_1'
(do i=2)
place   solbend copies=1 x=0.0 y=0.0 z=4620.0 rename='solbend_a_2'
place   solbend copies=1 x=0.0 y=0.0 z=6380.0 rename='solbend_b_2'
(do i=3)
place   solbend copies=1 x=0.0 y=0.0 z=6820.0 rename='solbend_a_3'
place   solbend copies=1 x=0.0 y=0.0 z=8580.0 rename='solbend_b_3'
(do i=4)
place   solbend copies=1 x=0.0 y=0.0 z=9020.0 rename='solbend_a_4'
place   solbend copies=1 x=0.0 y=0.0 z=10780.0 rename='solbend_b_4'
(do i=5)
place   solbend copies=1 x=0.0 y=0.0 z=11220.0 rename='solbend_a_5'
place   solbend copies=1 x=0.0 y=0.0 z=12980.0 rename='solbend_b_5'
(do i=6)
place   solbend copies=1 x=0.0 y=0.0 z=13420.0 rename='solbend_a_6'
place   solbend copies=1 x=0.0 y=0.0 z=15180.0 rename='solbend_b_6'
(do i=7)
place   solbend copies=1 x=0.0 y=0.0 z=15620.0 rename='solbend_a_7'
place   solbend copies=1 x=0.0 y=0.0 z=17380.0 rename='solbend_b_7'
(do i=8)
place   solbend copies=1 x=0.0 y=0.0 z=17820.0 rename='solbend_a_8'
place   solbend copies=1 x=0.0 y=0.0 z=19580.0 rename='solbend_b_8'
(do i=9)
place   solbend copies=1 x=0.0 y=0.0 z=20020.0 rename='solbend_a_9'
place   solbend copies=1 x=0.0 y=0.0 z=21780.0 rename='solbend_b_9'
(do i=10)
place   solbend copies=1 x=0.0 y=0.0 z=22220.0 rename='solbend_a_10'
place   solbend copies=1 x=0.0 y=0.0 z=23980.0 rename='solbend_b_10'
(do i=11)
place   solbend copies=1 x=0.0 y=0.0 z=24420.0 rename='solbend_a_11'
place   solbend copies=1 x=0.0 y=0.0 z=26180.0 rename='solbend_b_11'
(do i=12)
place   solbend copies=1 x=0.0 y=0.0 z=26620.0 rename='solbend_a_12'
place   solbend copies=1 x=0.0 y=0.0 z=28380.0 rename='solbend_b_12'
(do i=13)
place   solbend copies=1 x=0.0 y=0.0 z=28820.0 rename='solbend_a_13'
place   solbend copies=1 x=0.0 y=0.0 z=30580.0 rename='solbend_b_13'
(do i=14)
place   solbend copies=1 x=0.0 y=0.0 z=31020.0 rename='solbend_a_14'
place   solbend copies=1 x=0.0 y=0.0 z=32780.0 rename='solbend_b_14'
(do i=15)
place   solbend copies=1 x=0.0 y=0.0 z=33220.0 rename='solbend_a_15'
place   solbend copies=1 x=0.0 y=0.0 z=34980.0 rename='solbend_b_15'
(do i=16)
place   solbend copies=1 x=0.0 y=0.0 z=35420.0 rename='solbend_a_16'
place   solbend copies=1 x=0.0 y=0.0 z=37180.0 rename='solbend_b_16'
(do i=17)
place   solbend copies=1 x=0.0 y=0.0 z=37620.0 rename='solbend_a_17'
place   solbend copies=1 x=0.0 y=0.0 z=39380.0 rename='solbend_b_17'
(do i=18)
place   solbend copies=1 x=0.0 y=0.0 z=39820.0 rename='solbend_a_18'
place   solbend copies=1 x=0.0 y=0.0 z=41580.0 rename='solbend_b_18'
(do i=19)
place   solbend copies=1 x=0.0 y=0.0 z=42020.0 rename='solbend_a_19'
place   solbend copies=1 x=0.0 y=0.0 z=43780.0 rename='solbend_b_19'
(do i=20)
place   solbend copies=1 x=0.0 y=0.0 z=44220.0 rename='solbend_a_20'
place   solbend copies=1 x=0.0 y=0.0 z=45980.0 rename='solbend_b_20'
(do i=21)
place   solbend copies=1 x=0.0 y=0.0 z=46420.0 rename='solbend_a_21'
place   solbend copies=1 x=0.0 y=0.0 z=48180.0 rename='solbend_b_21'
(do i=22)
place   solbend copies=1 x=0.0 y=0.0 z=48620.0 rename='solbend_a_22'
place   solbend copies=1 x=0.0 y=0.0 z=50380.0 rename='solbend_b_22'
(do i=23)
place   solbend copies=1 x=0.0 y=0.0 z=50820.0 rename='solbend_a_23'
place   solbend copies=1 x=0.0 y=0.0 z=52580.0 rename='solbend_b_23'
(do i=24)
place   solbend copies=1 x=0.0 y=0.0 z=53020.0 rename='solbend_a_24'
place   solbend copies=1 x=0.0 y=0.0 z=54780.0 rename='solbend_b_24'
(do i=25)
place   solbend copies=1 x=0.0 y=0.0 z=55220.0 rename='solbend_a_25'
place   solbend copies=1 x=0.0 y=0.0 z=56980.0 rename='solbend_b_25'
(do i=26)
place   solbend copies=1 x=0.0 y=0.0 z=57420.0 rename='solbend_a_26'
place   solbend copies=1 x=0.0 y=0.0 z=59180.0 rename='solbend_b_26'
(do i=27)
place   solbend copies=1 x=0.0 y=0.0 z=59620.0 rename='solbend_a_27'
place   solbend copies=1 x=0.0 y=0.0 z=61380.0 rename='solbend_b_27'
(do i=28)
place   solbend copies=1 x=0.0 y=0.0 z=61820.0 rename='solbend_a_28'
place   solbend copies=1 x=0.0 y=0.0 z=63580.0 rename='solbend_b_28'
(do i=29)
place   solbend copies=1 x=0.0 y=0.0 z=64020.0 rename='solbend_a_29'
place   solbend copies=1 x=0.0 y=0.0 z=65780.0 rename='solbend_b_29'
(do i=30)
place   solbend copies=1 x=0.0 y=0.0 z=66220.0 rename='solbend_a_30'
place   solbend copies=1 x=0.0 y=0.0 z=67980.0 rename='solbend_b_30'
enddo
do i=-2,30,1
(do i=-2)
place   fringe_left copies=1 x=0.0 y=0.0 z=-4690.0 
place   fringe_right copies=1 x=0.0 y=0.0 z=-3670.0 
place   fringe_left copies=1 x=0.0 y=0.0 z=-2930.0 
place   fringe_right copies=1 x=0.0 y=0.0 z=-1910.0 
(do i=-1)
place   fringe_left copies=1 x=0.0 y=0.0 z=-2490.0 
place   fringe_right copies=1 x=0.0 y=0.0 z=-1470.0 
place   fringe_left copies=1 x=0.0 y=0.0 z=-730.0 
place   fringe_right copies=1 x=0.0 y=0.0 z=290.0 
(do i=0)
place   fringe_left copies=1 x=0.0 y=0.0 z=-290.0 
place   fringe_right copies=1 x=0.0 y=0.0 z=730.0 
place   fringe_left copies=1 x=0.0 y=0.0 z=1470.0 
place   fringe_right copies=1 x=0.0 y=0.0 z=2490.0 
(do i=1)
place   fringe_left copies=1 x=0.0 y=0.0 z=1910.0 
place   fringe_right copies=1 x=0.0 y=0.0 z=2930.0 
place   fringe_left copies=1 x=0.0 y=0.0 z=3670.0 
place   fringe_right copies=1 x=0.0 y=0.0 z=4690.0 
(do i=2)
place   fringe_left copies=1 x=0.0 y=0.0 z=4110.0 
place   fringe_right copies=1 x=0.0 y=0.0 z=5130.0 
place   fringe_left copies=1 x=0.0 y=0.0 z=5870.0 
place   fringe_right copies=1 x=0.0 y=0.0 z=6890.0 
(do i=3)
place   fringe_left copies=1 x=0.0 y=0.0 z=6310.0 
place   fringe_right copies=1 x=0.0 y=0.0 z=7330.0 
place   fringe_left copies=1 x=0.0 y=0.0 z=8070.0 
place   fringe_right copies=1 x=0.0 y=0.0 z=9090.0 
(do i=4)
place   fringe_left copies=1 x=0.0 y=0.0 z=8510.0 
place   fringe_right copies=1 x=0.0 y=0.0 z=9530.0 
place   fringe_left copies=1 x=0.0 y=0.0 z=10270.0 
place   fringe_right copies=1 x=0.0 y=0.0 z=11290.0 
(do i=5)
place   fringe_left copies=1 x=0.0 y=0.0 z=10710.0 
place   fringe_right copies=1 x=0.0 y=0.0 z=11730.0 
place   fringe_left copies=1 x=0.0 y=0.0 z=12470.0 
place   fringe_right copies=1 x=0.0 y=0.0 z=13490.0 
(do i=6)
place   fringe_left copies=1 x=0.0 y=0.0 z=12910.0 
place   fringe_right copies=1 x=0.0 y=0.0 z=13930.0 
place   fringe_left copies=1 x=0.0 y=0.0 z=14670.0 
place   fringe_right copies=1 x=0.0 y=0.0 z=15690.0 
(do i=7)
place   fringe_left copies=1 x=0.0 y=0.0 z=15110.0 
place   fringe_right copies=1 x=0.0 y=0.0 z=16130.0 
place   fringe_left copies=1 x=0.0 y=0.0 z=16870.0 
place   fringe_right copies=1 x=0.0 y=0.0 z=17890.0 
(do i=8)
place   fringe_left copies=1 x=0.0 y=0.0 z=17310.0 
place   fringe_right copies=1 x=0.0 y=0.0 z=18330.0 
place   fringe_left copies=1 x=0.0 y=0.0 z=19070.0 
place   fringe_right copies=1 x=0.0 y=0.0 z=20090.0 
(do i=9)
place   fringe_left copies=1 x=0.0 y=0.0 z=19510.0 
place   fringe_right copies=1 x=0.0 y=0.0 z=20530.0 
place   fringe_left copies=1 x=0.0 y=0.0 z=21270.0 
place   fringe_right copies=1 x=0.0 y=0.0 z=22290.0 
(do i=10)
place   fringe_left copies=1 x=0.0 y=0.0 z=21710.0 
place   fringe_right copies=1 x=0.0 y=0.0 z=22730.0 
place   fringe_left copies=1 x=0.0 y=0.0 z=23470.0 
place   fringe_right copies=1 x=0.0 y=0.0 z=24490.0 
(do i=11)
place   fringe_left copies=1 x=0.0 y=0.0 z=23910.0 
place   fringe_right copies=1 x=0.0 y=0.0 z=24930.0 
place   fringe_left copies=1 x=0.0 y=0.0 z=25670.0 
place   fringe_right copies=1 x=0.0 y=0.0 z=26690.0 
(do i=12)
place   fringe_left copies=1 x=0.0 y=0.0 z=26110.0 
place   fringe_right copies=1 x=0.0 y=0.0 z=27130.0 
place   fringe_left copies=1 x=0.0 y=0.0 z=27870.0 
place   fringe_right copies=1 x=0.0 y=0.0 z=28890.0 
(do i=13)
place   fringe_left copies=1 x=0.0 y=0.0 z=28310.0 
place   fringe_right copies=1 x=0.0 y=0.0 z=29330.0 
place   fringe_left copies=1 x=0.0 y=0.0 z=30070.0 
place   fringe_right copies=1 x=0.0 y=0.0 z=31090.0 
(do i=14)
place   fringe_left copies=1 x=0.0 y=0.0 z=30510.0 
place   fringe_right copies=1 x=0.0 y=0.0 z=31530.0 
place   fringe_left copies=1 x=0.0 y=0.0 z=32270.0 
place   fringe_right copies=1 x=0.0 y=0.0 z=33290.0 
(do i=15)
place   fringe_left copies=1 x=0.0 y=0.0 z=32710.0 
place   fringe_right copies=1 x=0.0 y=0.0 z=33730.0 
place   fringe_left copies=1 x=0.0 y=0.0 z=34470.0 
place   fringe_right copies=1 x=0.0 y=0.0 z=35490.0 
(do i=16)
place   fringe_left copies=1 x=0.0 y=0.0 z=34910.0 
place   fringe_right copies=1 x=0.0 y=0.0 z=35930.0 
place   fringe_left copies=1 x=0.0 y=0.0 z=36670.0 
place   fringe_right copies=1 x=0.0 y=0.0 z=37690.0 
(do i=17)
place   fringe_left copies=1 x=0.0 y=0.0 z=37110.0 
place   fringe_right copies=1 x=0.0 y=0.0 z=38130.0 
place   fringe_left copies=1 x=0.0 y=0.0 z=38870.0 
place   fringe_right copies=1 x=0.0 y=0.0 z=39890.0 
(do i=18)
place   fringe_left copies=1 x=0.0 y=0.0 z=39310.0 
place   fringe_right copies=1 x=0.0 y=0.0 z=40330.0 
place   fringe_left copies=1 x=0.0 y=0.0 z=41070.0 
place   fringe_right copies=1 x=0.0 y=0.0 z=42090.0 
(do i=19)
place   fringe_left copies=1 x=0.0 y=0.0 z=41510.0 
place   fringe_right copies=1 x=0.0 y=0.0 z=42530.0 
place   fringe_left copies=1 x=0.0 y=0.0 z=43270.0 
place   fringe_right copies=1 x=0.0 y=0.0 z=44290.0 
(do i=20)
place   fringe_left copies=1 x=0.0 y=0.0 z=43710.0 
place   fringe_right copies=1 x=0.0 y=0.0 z=44730.0 
place   fringe_left copies=1 x=0.0 y=0.0 z=45470.0 
place   fringe_right copies=1 x=0.0 y=0.0 z=46490.0 
(do i=21)
place   fringe_left copies=1 x=0.0 y=0.0 z=45910.0 
place   fringe_right copies=1 x=0.0 y=0.0 z=46930.0 
place   fringe_left copies=1 x=0.0 y=0.0 z=47670.0 
place   fringe_right copies=1 x=0.0 y=0.0 z=48690.0 
(do i=22)
place   fringe_left copies=1 x=0.0 y=0.0 z=48110.0 
place   fringe_right copies=1 x=0.0 y=0.0 z=49130.0 
place   fringe_left copies=1 x=0.0 y=0.0 z=49870.0 
place   fringe_right copies=1 x=0.0 y=0.0 z=50890.0 
(do i=23)
place   fringe_left copies=1 x=0.0 y=0.0 z=50310.0 
place   fringe_right copies=1 x=0.0 y=0.0 z=51330.0 
place   fringe_left copies=1 x=0.0 y=0.0 z=52070.0 
place   fringe_right copies=1 x=0.0 y=0.0 z=53090.0 
(do i=24)
place   fringe_left copies=1 x=0.0 y=0.0 z=52510.0 
place   fringe_right copies=1 x=0.0 y=0.0 z=53530.0 
place   fringe_left copies=1 x=0.0 y=0.0 z=54270.0 
place   fringe_right copies=1 x=0.0 y=0.0 z=55290.0 
(do i=25)
place   fringe_left copies=1 x=0.0 y=0.0 z=54710.0 
place   fringe_right copies=1 x=0.0 y=0.0 z=55730.0 
place   fringe_left copies=1 x=0.0 y=0.0 z=56470.0 
place   fringe_right copies=1 x=0.0 y=0.0 z=57490.0 
(do i=26)
place   fringe_left copies=1 x=0.0 y=0.0 z=56910.0 
place   fringe_right copies=1 x=0.0 y=0.0 z=57930.0 
place   fringe_left copies=1 x=0.0 y=0.0 z=58670.0 
place   fringe_right copies=1 x=0.0 y=0.0 z=59690.0 
(do i=27)
place   fringe_left copies=1 x=0.0 y=0.0 z=59110.0 
place   fringe_right copies=1 x=0.0 y=0.0 z=60130.0 
place   fringe_left copies=1 x=0.0 y=0.0 z=60870.0 
place   fringe_right copies=1 x=0.0 y=0.0 z=61890.0 
(do i=28)
place   fringe_left copies=1 x=0.0 y=0.0 z=61310.0 
place   fringe_right copies=1 x=0.0 y=0.0 z=62330.0 
place   fringe_left copies=1 x=0.0 y=0.0 z=63070.0 
place   fringe_right copies=1 x=0.0 y=0.0 z=64090.0 
(do i=29)
place   fringe_left copies=1 x=0.0 y=0.0 z=63510.0 
place   fringe_right copies=1 x=0.0 y=0.0 z=64530.0 
place   fringe_left copies=1 x=0.0 y=0.0 z=65270.0 
place   fringe_right copies=1 x=0.0 y=0.0 z=66290.0 
(do i=30)
place   fringe_left copies=1 x=0.0 y=0.0 z=65710.0 
place   fringe_right copies=1 x=0.0 y=0.0 z=66730.0 
place   fringe_left copies=1 x=0.0 y=0.0 z=67470.0 
place   fringe_right copies=1 x=0.0 y=0.0 z=68490.0 
enddo
do i=0,30,1
(do i=0)
place   pipe    copies=1 x=0.0 y=0.0 z=219.7 
place   pipe    copies=1 x=0.0 y=0.0 z=1980.3 
(do i=1)
place   pipe    copies=1 x=0.0 y=0.0 z=2419.7 
place   pipe    copies=1 x=0.0 y=0.0 z=4180.3 
(do i=2)
place   pipe    copies=1 x=0.0 y=0.0 z=4619.7 
place   pipe    copies=1 x=0.0 y=0.0 z=6380.3 
(do i=3)
place   pipe    copies=1 x=0.0 y=0.0 z=6819.7 
place   pipe    copies=1 x=0.0 y=0.0 z=8580.3 
(do i=4)
place   pipe    copies=1 x=0.0 y=0.0 z=9019.7 
place   pipe    copies=1 x=0.0 y=0.0 z=10780.3 
(do i=5)
place   pipe    copies=1 x=0.0 y=0.0 z=11219.7 
place   pipe    copies=1 x=0.0 y=0.0 z=12980.3 
(do i=6)
place   pipe    copies=1 x=0.0 y=0.0 z=13419.7 
place   pipe    copies=1 x=0.0 y=0.0 z=15180.3 
(do i=7)
place   pipe    copies=1 x=0.0 y=0.0 z=15619.7 
place   pipe    copies=1 x=0.0 y=0.0 z=17380.3 
(do i=8)
place   pipe    copies=1 x=0.0 y=0.0 z=17819.7 
place   pipe    copies=1 x=0.0 y=0.0 z=19580.3 
(do i=9)
place   pipe    copies=1 x=0.0 y=0.0 z=20019.7 
place   pipe    copies=1 x=0.0 y=0.0 z=21780.3 
(do i=10)
place   pipe    copies=1 x=0.0 y=0.0 z=22219.7 
place   pipe    copies=1 x=0.0 y=0.0 z=23980.3 
(do i=11)
place   pipe    copies=1 x=0.0 y=0.0 z=24419.7 
place   pipe    copies=1 x=0.0 y=0.0 z=26180.3 
(do i=12)
place   pipe    copies=1 x=0.0 y=0.0 z=26619.7 
place   pipe    copies=1 x=0.0 y=0.0 z=28380.3 
(do i=13)
place   pipe    copies=1 x=0.0 y=0.0 z=28819.7 
place   pipe    copies=1 x=0.0 y=0.0 z=30580.3 
(do i=14)
place   pipe    copies=1 x=0.0 y=0.0 z=31019.7 
place   pipe    copies=1 x=0.0 y=0.0 z=32780.3 
(do i=15)
place   pipe    copies=1 x=0.0 y=0.0 z=33219.7 
place   pipe    copies=1 x=0.0 y=0.0 z=34980.3 
(do i=16)
place   pipe    copies=1 x=0.0 y=0.0 z=35419.7 
place   pipe    copies=1 x=0.0 y=0.0 z=37180.3 
(do i=17)
place   pipe    copies=1 x=0.0 y=0.0 z=37619.7 
place   pipe    copies=1 x=0.0 y=0.0 z=39380.3 
(do i=18)
place   pipe    copies=1 x=0.0 y=0.0 z=39819.7 
place   pipe    copies=1 x=0.0 y=0.0 z=41580.3 
(do i=19)
place   pipe    copies=1 x=0.0 y=0.0 z=42019.7 
place   pipe    copies=1 x=0.0 y=0.0 z=43780.3 
(do i=20)
place   pipe    copies=1 x=0.0 y=0.0 z=44219.7 
place   pipe    copies=1 x=0.0 y=0.0 z=45980.3 
(do i=21)
place   pipe    copies=1 x=0.0 y=0.0 z=46419.7 
place   pipe    copies=1 x=0.0 y=0.0 z=48180.3 
(do i=22)
place   pipe    copies=1 x=0.0 y=0.0 z=48619.7 
place   pipe    copies=1 x=0.0 y=0.0 z=50380.3 
(do i=23)
place   pipe    copies=1 x=0.0 y=0.0 z=50819.7 
place   pipe    copies=1 x=0.0 y=0.0 z=52580.3 
(do i=24)
place   pipe    copies=1 x=0.0 y=0.0 z=53019.7 
place   pipe    copies=1 x=0.0 y=0.0 z=54780.3 
(do i=25)
place   pipe    copies=1 x=0.0 y=0.0 z=55219.7 
place   pipe    copies=1 x=0.0 y=0.0 z=56980.3 
(do i=26)
place   pipe    copies=1 x=0.0 y=0.0 z=57419.7 
place   pipe    copies=1 x=0.0 y=0.0 z=59180.3 
(do i=27)
place   pipe    copies=1 x=0.0 y=0.0 z=59619.7 
place   pipe    copies=1 x=0.0 y=0.0 z=61380.3 
(do i=28)
place   pipe    copies=1 x=0.0 y=0.0 z=61819.7 
place   pipe    copies=1 x=0.0 y=0.0 z=63580.3 
(do i=29)
place   pipe    copies=1 x=0.0 y=0.0 z=64019.7 
place   pipe    copies=1 x=0.0 y=0.0 z=65780.3 
(do i=30)
place   pipe    copies=1 x=0.0 y=0.0 z=66219.7 
place   pipe    copies=1 x=0.0 y=0.0 z=67980.3 
enddo
place   cav00   copies=1 x=0.0 y=0.0 z=549.5 
place   cav01   copies=1 x=0.0 y=0.0 z=769.7 
place   cav02   copies=1 x=0.0 y=0.0 z=989.9 
place   cav03   copies=1 x=0.0 y=0.0 z=1210.1 
place   cav04   copies=1 x=0.0 y=0.0 z=1430.3 
place   cav05   copies=1 x=0.0 y=0.0 z=1650.5 
place   cav10   copies=1 x=0.0 y=0.0 z=2749.5 
place   cav11   copies=1 x=0.0 y=0.0 z=2969.7 
place   cav12   copies=1 x=0.0 y=0.0 z=3189.9 
place   cav13   copies=1 x=0.0 y=0.0 z=3410.1 
place   cav14   copies=1 x=0.0 y=0.0 z=3630.3 
place   cav15   copies=1 x=0.0 y=0.0 z=3850.5 
place   cav20   copies=1 x=0.0 y=0.0 z=4949.5 
place   cav21   copies=1 x=0.0 y=0.0 z=5169.7 
place   cav22   copies=1 x=0.0 y=0.0 z=5389.9 
place   cav23   copies=1 x=0.0 y=0.0 z=5610.1 
place   cav24   copies=1 x=0.0 y=0.0 z=5830.3 
place   cav25   copies=1 x=0.0 y=0.0 z=6050.5 
place   cav30   copies=1 x=0.0 y=0.0 z=7149.5 
place   cav31   copies=1 x=0.0 y=0.0 z=7369.7 
place   cav32   copies=1 x=0.0 y=0.0 z=7589.9 
place   cav33   copies=1 x=0.0 y=0.0 z=7810.1 
place   cav34   copies=1 x=0.0 y=0.0 z=8030.3 
place   cav35   copies=1 x=0.0 y=0.0 z=8250.5 
place   cav40   copies=1 x=0.0 y=0.0 z=9349.5 
place   cav41   copies=1 x=0.0 y=0.0 z=9569.7 
place   cav42   copies=1 x=0.0 y=0.0 z=9789.9 
place   cav43   copies=1 x=0.0 y=0.0 z=10010.1 
place   cav44   copies=1 x=0.0 y=0.0 z=10230.3 
place   cav45   copies=1 x=0.0 y=0.0 z=10450.5 
place   cav50   copies=1 x=0.0 y=0.0 z=11549.5 
place   cav51   copies=1 x=0.0 y=0.0 z=11769.7 
place   cav52   copies=1 x=0.0 y=0.0 z=11989.9 
place   cav53   copies=1 x=0.0 y=0.0 z=12210.1 
place   cav54   copies=1 x=0.0 y=0.0 z=12430.3 
place   cav55   copies=1 x=0.0 y=0.0 z=12650.5 
place   cav60   copies=1 x=0.0 y=0.0 z=13749.5 
place   cav61   copies=1 x=0.0 y=0.0 z=13969.7 
place   cav62   copies=1 x=0.0 y=0.0 z=14189.9 
place   cav63   copies=1 x=0.0 y=0.0 z=14410.1 
place   cav64   copies=1 x=0.0 y=0.0 z=14630.3 
place   cav65   copies=1 x=0.0 y=0.0 z=14850.5 
place   cav70   copies=1 x=0.0 y=0.0 z=15949.5 
place   cav71   copies=1 x=0.0 y=0.0 z=16169.7 
place   cav72   copies=1 x=0.0 y=0.0 z=16389.9 
place   cav73   copies=1 x=0.0 y=0.0 z=16610.1 
place   cav74   copies=1 x=0.0 y=0.0 z=16830.3 
place   cav75   copies=1 x=0.0 y=0.0 z=17050.5 
place   cav80   copies=1 x=0.0 y=0.0 z=18149.5 
place   cav81   copies=1 x=0.0 y=0.0 z=18369.7 
place   cav82   copies=1 x=0.0 y=0.0 z=18589.9 
place   cav83   copies=1 x=0.0 y=0.0 z=18810.1 
place   cav84   copies=1 x=0.0 y=0.0 z=19030.3 
place   cav85   copies=1 x=0.0 y=0.0 z=19250.5 
place   cav90   copies=1 x=0.0 y=0.0 z=20349.5 
place   cav91   copies=1 x=0.0 y=0.0 z=20569.7 
place   cav92   copies=1 x=0.0 y=0.0 z=20789.9 
place   cav93   copies=1 x=0.0 y=0.0 z=21010.1 
place   cav94   copies=1 x=0.0 y=0.0 z=21230.3 
place   cav95   copies=1 x=0.0 y=0.0 z=21450.5 
place   cav100  copies=1 x=0.0 y=0.0 z=22549.5 
place   cav101  copies=1 x=0.0 y=0.0 z=22769.7 
place   cav102  copies=1 x=0.0 y=0.0 z=22989.9 
place   cav103  copies=1 x=0.0 y=0.0 z=23210.1 
place   cav104  copies=1 x=0.0 y=0.0 z=23430.3 
place   cav105  copies=1 x=0.0 y=0.0 z=23650.5 
place   cav110  copies=1 x=0.0 y=0.0 z=24749.5 
place   cav111  copies=1 x=0.0 y=0.0 z=24969.7 
place   cav112  copies=1 x=0.0 y=0.0 z=25189.9 
place   cav113  copies=1 x=0.0 y=0.0 z=25410.1 
place   cav114  copies=1 x=0.0 y=0.0 z=25630.3 
place   cav115  copies=1 x=0.0 y=0.0 z=25850.5 
place   cav120  copies=1 x=0.0 y=0.0 z=26949.5 
place   cav121  copies=1 x=0.0 y=0.0 z=27169.7 
place   cav122  copies=1 x=0.0 y=0.0 z=27389.9 
place   cav123  copies=1 x=0.0 y=0.0 z=27610.1 
place   cav124  copies=1 x=0.0 y=0.0 z=27830.3 
place   cav125  copies=1 x=0.0 y=0.0 z=28050.5 
place   cav130  copies=1 x=0.0 y=0.0 z=29149.5 
place   cav131  copies=1 x=0.0 y=0.0 z=29369.7 
place   cav132  copies=1 x=0.0 y=0.0 z=29589.9 
place   cav133  copies=1 x=0.0 y=0.0 z=29810.1 
place   cav134  copies=1 x=0.0 y=0.0 z=30030.3 
place   cav135  copies=1 x=0.0 y=0.0 z=30250.5 
place   cav140  copies=1 x=0.0 y=0.0 z=31349.5 
place   cav141  copies=1 x=0.0 y=0.0 z=31569.7 
place   cav142  copies=1 x=0.0 y=0.0 z=31789.9 
place   cav143  copies=1 x=0.0 y=0.0 z=32010.1 
place   cav144  copies=1 x=0.0 y=0.0 z=32230.3 
place   cav145  copies=1 x=0.0 y=0.0 z=32450.5 
place   cav150  copies=1 x=0.0 y=0.0 z=33549.5 
place   cav151  copies=1 x=0.0 y=0.0 z=33769.7 
place   cav152  copies=1 x=0.0 y=0.0 z=33989.9 
place   cav153  copies=1 x=0.0 y=0.0 z=34210.1 
place   cav154  copies=1 x=0.0 y=0.0 z=34430.3 
place   cav155  copies=1 x=0.0 y=0.0 z=34650.5 
place   cav160  copies=1 x=0.0 y=0.0 z=35749.5 
place   cav161  copies=1 x=0.0 y=0.0 z=35969.7 
place   cav162  copies=1 x=0.0 y=0.0 z=36189.9 
place   cav163  copies=1 x=0.0 y=0.0 z=36410.1 
place   cav164  copies=1 x=0.0 y=0.0 z=36630.3 
place   cav165  copies=1 x=0.0 y=0.0 z=36850.5 
place   cav170  copies=1 x=0.0 y=0.0 z=37949.5 
place   cav171  copies=1 x=0.0 y=0.0 z=38169.7 
place   cav172  copies=1 x=0.0 y=0.0 z=38389.9 
place   cav173  copies=1 x=0.0 y=0.0 z=38610.1 
place   cav174  copies=1 x=0.0 y=0.0 z=38830.3 
place   cav175  copies=1 x=0.0 y=0.0 z=39050.5 
place   cav180  copies=1 x=0.0 y=0.0 z=40149.5 
place   cav181  copies=1 x=0.0 y=0.0 z=40369.7 
place   cav182  copies=1 x=0.0 y=0.0 z=40589.9 
place   cav183  copies=1 x=0.0 y=0.0 z=40810.1 
place   cav184  copies=1 x=0.0 y=0.0 z=41030.3 
place   cav185  copies=1 x=0.0 y=0.0 z=41250.5 
place   cav190  copies=1 x=0.0 y=0.0 z=42349.5 
place   cav191  copies=1 x=0.0 y=0.0 z=42569.7 
place   cav192  copies=1 x=0.0 y=0.0 z=42789.9 
place   cav193  copies=1 x=0.0 y=0.0 z=43010.1 
place   cav194  copies=1 x=0.0 y=0.0 z=43230.3 
place   cav195  copies=1 x=0.0 y=0.0 z=43450.5 
place   cav200  copies=1 x=0.0 y=0.0 z=44549.5 
place   cav201  copies=1 x=0.0 y=0.0 z=44769.7 
place   cav202  copies=1 x=0.0 y=0.0 z=44989.9 
place   cav203  copies=1 x=0.0 y=0.0 z=45210.1 
place   cav204  copies=1 x=0.0 y=0.0 z=45430.3 
place   cav205  copies=1 x=0.0 y=0.0 z=45650.5 
place   cav210  copies=1 x=0.0 y=0.0 z=46749.5 
place   cav211  copies=1 x=0.0 y=0.0 z=46969.7 
place   cav212  copies=1 x=0.0 y=0.0 z=47189.9 
place   cav213  copies=1 x=0.0 y=0.0 z=47410.1 
place   cav214  copies=1 x=0.0 y=0.0 z=47630.3 
place   cav215  copies=1 x=0.0 y=0.0 z=47850.5 
place   cav220  copies=1 x=0.0 y=0.0 z=48949.5 
place   cav221  copies=1 x=0.0 y=0.0 z=49169.7 
place   cav222  copies=1 x=0.0 y=0.0 z=49389.9 
place   cav223  copies=1 x=0.0 y=0.0 z=49610.1 
place   cav224  copies=1 x=0.0 y=0.0 z=49830.3 
place   cav225  copies=1 x=0.0 y=0.0 z=50050.5 
place   cav230  copies=1 x=0.0 y=0.0 z=51149.5 
place   cav231  copies=1 x=0.0 y=0.0 z=51369.7 
place   cav232  copies=1 x=0.0 y=0.0 z=51589.9 
place   cav233  copies=1 x=0.0 y=0.0 z=51810.1 
place   cav234  copies=1 x=0.0 y=0.0 z=52030.3 
place   cav235  copies=1 x=0.0 y=0.0 z=52250.5 
place   cav240  copies=1 x=0.0 y=0.0 z=53349.5 
place   cav241  copies=1 x=0.0 y=0.0 z=53569.7 
place   cav242  copies=1 x=0.0 y=0.0 z=53789.9 
place   cav243  copies=1 x=0.0 y=0.0 z=54010.1 
place   cav244  copies=1 x=0.0 y=0.0 z=54230.3 
place   cav245  copies=1 x=0.0 y=0.0 z=54450.5 
place   cav250  copies=1 x=0.0 y=0.0 z=55549.5 
place   cav251  copies=1 x=0.0 y=0.0 z=55769.7 
place   cav252  copies=1 x=0.0 y=0.0 z=55989.9 
place   cav253  copies=1 x=0.0 y=0.0 z=56210.1 
place   cav254  copies=1 x=0.0 y=0.0 z=56430.3 
place   cav255  copies=1 x=0.0 y=0.0 z=56650.5 
place   cav260  copies=1 x=0.0 y=0.0 z=57749.5 
place   cav261  copies=1 x=0.0 y=0.0 z=57969.7 
place   cav262  copies=1 x=0.0 y=0.0 z=58189.9 
place   cav263  copies=1 x=0.0 y=0.0 z=58410.1 
place   cav264  copies=1 x=0.0 y=0.0 z=58630.3 
place   cav265  copies=1 x=0.0 y=0.0 z=58850.5 
place   cav270  copies=1 x=0.0 y=0.0 z=59949.5 
place   cav271  copies=1 x=0.0 y=0.0 z=60169.7 
place   cav272  copies=1 x=0.0 y=0.0 z=60389.9 
place   cav273  copies=1 x=0.0 y=0.0 z=60610.1 
place   cav274  copies=1 x=0.0 y=0.0 z=60830.3 
place   cav275  copies=1 x=0.0 y=0.0 z=61050.5 
place   cav280  copies=1 x=0.0 y=0.0 z=62149.5 
place   cav281  copies=1 x=0.0 y=0.0 z=62369.7 
place   cav282  copies=1 x=0.0 y=0.0 z=62589.9 
place   cav283  copies=1 x=0.0 y=0.0 z=62810.1 
place   cav284  copies=1 x=0.0 y=0.0 z=63030.3 
place   cav285  copies=1 x=0.0 y=0.0 z=63250.5 
place   cav290  copies=1 x=0.0 y=0.0 z=64349.5 
place   cav291  copies=1 x=0.0 y=0.0 z=64569.7 
place   cav292  copies=1 x=0.0 y=0.0 z=64789.9 
place   cav293  copies=1 x=0.0 y=0.0 z=65010.1 
place   cav294  copies=1 x=0.0 y=0.0 z=65230.3 
place   cav295  copies=1 x=0.0 y=0.0 z=65450.5 
place   cav300  copies=1 x=0.0 y=0.0 z=66549.5 
place   cav301  copies=1 x=0.0 y=0.0 z=66769.7 
place   cav302  copies=1 x=0.0 y=0.0 z=66989.9 
place   cav303  copies=1 x=0.0 y=0.0 z=67210.1 
place   cav304  copies=1 x=0.0 y=0.0 z=67430.3 
place   cav305  copies=1 x=0.0 y=0.0 z=67650.5 
do i=0,30,1
(do i=0)
place   all_wedge copies=1 x=-6.3 y=0.0 z=0.0 rename='wedge_0'rotation='X90,Y90'
(do i=1)
place   all_wedge copies=1 x=-6.3 y=0.0 z=2200.0 rename='wedge_1'rotation='X90,Y90'
(do i=2)
place   all_wedge copies=1 x=-6.3 y=0.0 z=4400.0 rename='wedge_2'rotation='X90,Y90'
(do i=3)
place   all_wedge copies=1 x=-6.3 y=0.0 z=6600.0 rename='wedge_3'rotation='X90,Y90'
(do i=4)
place   all_wedge copies=1 x=-6.3 y=0.0 z=8800.0 rename='wedge_4'rotation='X90,Y90'
(do i=5)
place   all_wedge copies=1 x=-6.3 y=0.0 z=11000.0 rename='wedge_5'rotation='X90,Y90'
(do i=6)
place   all_wedge copies=1 x=-6.3 y=0.0 z=13200.0 rename='wedge_6'rotation='X90,Y90'
(do i=7)
place   all_wedge copies=1 x=-6.3 y=0.0 z=15400.0 rename='wedge_7'rotation='X90,Y90'
(do i=8)
place   all_wedge copies=1 x=-6.3 y=0.0 z=17600.0 rename='wedge_8'rotation='X90,Y90'
(do i=9)
place   all_wedge copies=1 x=-6.3 y=0.0 z=19800.0 rename='wedge_9'rotation='X90,Y90'
(do i=10)
place   all_wedge copies=1 x=-6.3 y=0.0 z=22000.0 rename='wedge_10'rotation='X90,Y90'
(do i=11)
place   all_wedge copies=1 x=-6.3 y=0.0 z=24200.0 rename='wedge_11'rotation='X90,Y90'
(do i=12)
place   all_wedge copies=1 x=-6.3 y=0.0 z=26400.0 rename='wedge_12'rotation='X90,Y90'
(do i=13)
place   all_wedge copies=1 x=-6.3 y=0.0 z=28600.0 rename='wedge_13'rotation='X90,Y90'
(do i=14)
place   all_wedge copies=1 x=-6.3 y=0.0 z=30800.0 rename='wedge_14'rotation='X90,Y90'
(do i=15)
place   all_wedge copies=1 x=-6.3 y=0.0 z=33000.0 rename='wedge_15'rotation='X90,Y90'
(do i=16)
place   all_wedge copies=1 x=-6.3 y=0.0 z=35200.0 rename='wedge_16'rotation='X90,Y90'
(do i=17)
place   all_wedge copies=1 x=-6.3 y=0.0 z=37400.0 rename='wedge_17'rotation='X90,Y90'
(do i=18)
place   all_wedge copies=1 x=-6.3 y=0.0 z=39600.0 rename='wedge_18'rotation='X90,Y90'
(do i=19)
place   all_wedge copies=1 x=-6.3 y=0.0 z=41800.0 rename='wedge_19'rotation='X90,Y90'
(do i=20)
place   all_wedge copies=1 x=-6.3 y=0.0 z=44000.0 rename='wedge_20'rotation='X90,Y90'
(do i=21)
place   all_wedge copies=1 x=-6.3 y=0.0 z=46200.0 rename='wedge_21'rotation='X90,Y90'
(do i=22)
place   all_wedge copies=1 x=-6.3 y=0.0 z=48400.0 rename='wedge_22'rotation='X90,Y90'
(do i=23)
place   all_wedge copies=1 x=-6.3 y=0.0 z=50600.0 rename='wedge_23'rotation='X90,Y90'
(do i=24)
place   all_wedge copies=1 x=-6.3 y=0.0 z=52800.0 rename='wedge_24'rotation='X90,Y90'
(do i=25)
place   all_wedge copies=1 x=-6.3 y=0.0 z=55000.0 rename='wedge_25'rotation='X90,Y90'
(do i=26)
place   all_wedge copies=1 x=-6.3 y=0.0 z=57200.0 rename='wedge_26'rotation='X90,Y90'
(do i=27)
place   all_wedge copies=1 x=-6.3 y=0.0 z=59400.0 rename='wedge_27'rotation='X90,Y90'
(do i=28)
place   all_wedge copies=1 x=-6.3 y=0.0 z=61600.0 rename='wedge_28'rotation='X90,Y90'
(do i=29)
place   all_wedge copies=1 x=-6.3 y=0.0 z=63800.0 rename='wedge_29'rotation='X90,Y90'
(do i=30)
place   all_wedge copies=1 x=-6.3 y=0.0 z=66000.0 rename='wedge_30'rotation='X90,Y90'
enddo
do i=0,30,1
(do i=0)
place   wedge_window copies=1 x=-6.3 y=0.0 z=-185.5 rotation='Y-110/2'
                color=1,0,1
place   wedge_window copies=1 x=-6.3 y=0.0 z=185.5 rotation='Y110/2'
                color=1,0,1
(do i=1)
place   wedge_window copies=1 x=-6.3 y=0.0 z=2014.5 rotation='Y-110/2'
                color=1,0,1
place   wedge_window copies=1 x=-6.3 y=0.0 z=2385.5 rotation='Y110/2'
                color=1,0,1
(do i=2)
place   wedge_window copies=1 x=-6.3 y=0.0 z=4214.5 rotation='Y-110/2'
                color=1,0,1
place   wedge_window copies=1 x=-6.3 y=0.0 z=4585.5 rotation='Y110/2'
                color=1,0,1
(do i=3)
place   wedge_window copies=1 x=-6.3 y=0.0 z=6414.5 rotation='Y-110/2'
                color=1,0,1
place   wedge_window copies=1 x=-6.3 y=0.0 z=6785.5 rotation='Y110/2'
                color=1,0,1
(do i=4)
place   wedge_window copies=1 x=-6.3 y=0.0 z=8614.5 rotation='Y-110/2'
                color=1,0,1
place   wedge_window copies=1 x=-6.3 y=0.0 z=8985.5 rotation='Y110/2'
                color=1,0,1
(do i=5)
place   wedge_window copies=1 x=-6.3 y=0.0 z=10814.5 rotation='Y-110/2'
                color=1,0,1
place   wedge_window copies=1 x=-6.3 y=0.0 z=11185.5 rotation='Y110/2'
                color=1,0,1
(do i=6)
place   wedge_window copies=1 x=-6.3 y=0.0 z=13014.5 rotation='Y-110/2'
                color=1,0,1
place   wedge_window copies=1 x=-6.3 y=0.0 z=13385.5 rotation='Y110/2'
                color=1,0,1
(do i=7)
place   wedge_window copies=1 x=-6.3 y=0.0 z=15214.5 rotation='Y-110/2'
                color=1,0,1
place   wedge_window copies=1 x=-6.3 y=0.0 z=15585.5 rotation='Y110/2'
                color=1,0,1
(do i=8)
place   wedge_window copies=1 x=-6.3 y=0.0 z=17414.5 rotation='Y-110/2'
                color=1,0,1
place   wedge_window copies=1 x=-6.3 y=0.0 z=17785.5 rotation='Y110/2'
                color=1,0,1
(do i=9)
place   wedge_window copies=1 x=-6.3 y=0.0 z=19614.5 rotation='Y-110/2'
                color=1,0,1
place   wedge_window copies=1 x=-6.3 y=0.0 z=19985.5 rotation='Y110/2'
                color=1,0,1
(do i=10)
place   wedge_window copies=1 x=-6.3 y=0.0 z=21814.5 rotation='Y-110/2'
                color=1,0,1
place   wedge_window copies=1 x=-6.3 y=0.0 z=22185.5 rotation='Y110/2'
                color=1,0,1
(do i=11)
place   wedge_window copies=1 x=-6.3 y=0.0 z=24014.5 rotation='Y-110/2'
                color=1,0,1
place   wedge_window copies=1 x=-6.3 y=0.0 z=24385.5 rotation='Y110/2'
                color=1,0,1
(do i=12)
place   wedge_window copies=1 x=-6.3 y=0.0 z=26214.5 rotation='Y-110/2'
                color=1,0,1
place   wedge_window copies=1 x=-6.3 y=0.0 z=26585.5 rotation='Y110/2'
                color=1,0,1
(do i=13)
place   wedge_window copies=1 x=-6.3 y=0.0 z=28414.5 rotation='Y-110/2'
                color=1,0,1
place   wedge_window copies=1 x=-6.3 y=0.0 z=28785.5 rotation='Y110/2'
                color=1,0,1
(do i=14)
place   wedge_window copies=1 x=-6.3 y=0.0 z=30614.5 rotation='Y-110/2'
                color=1,0,1
place   wedge_window copies=1 x=-6.3 y=0.0 z=30985.5 rotation='Y110/2'
                color=1,0,1
(do i=15)
place   wedge_window copies=1 x=-6.3 y=0.0 z=32814.5 rotation='Y-110/2'
                color=1,0,1
place   wedge_window copies=1 x=-6.3 y=0.0 z=33185.5 rotation='Y110/2'
                color=1,0,1
(do i=16)
place   wedge_window copies=1 x=-6.3 y=0.0 z=35014.5 rotation='Y-110/2'
                color=1,0,1
place   wedge_window copies=1 x=-6.3 y=0.0 z=35385.5 rotation='Y110/2'
                color=1,0,1
(do i=17)
place   wedge_window copies=1 x=-6.3 y=0.0 z=37214.5 rotation='Y-110/2'
                color=1,0,1
place   wedge_window copies=1 x=-6.3 y=0.0 z=37585.5 rotation='Y110/2'
                color=1,0,1
(do i=18)
place   wedge_window copies=1 x=-6.3 y=0.0 z=39414.5 rotation='Y-110/2'
                color=1,0,1
place   wedge_window copies=1 x=-6.3 y=0.0 z=39785.5 rotation='Y110/2'
                color=1,0,1
(do i=19)
place   wedge_window copies=1 x=-6.3 y=0.0 z=41614.5 rotation='Y-110/2'
                color=1,0,1
place   wedge_window copies=1 x=-6.3 y=0.0 z=41985.5 rotation='Y110/2'
                color=1,0,1
(do i=20)
place   wedge_window copies=1 x=-6.3 y=0.0 z=43814.5 rotation='Y-110/2'
                color=1,0,1
place   wedge_window copies=1 x=-6.3 y=0.0 z=44185.5 rotation='Y110/2'
                color=1,0,1
(do i=21)
place   wedge_window copies=1 x=-6.3 y=0.0 z=46014.5 rotation='Y-110/2'
                color=1,0,1
place   wedge_window copies=1 x=-6.3 y=0.0 z=46385.5 rotation='Y110/2'
                color=1,0,1
(do i=22)
place   wedge_window copies=1 x=-6.3 y=0.0 z=48214.5 rotation='Y-110/2'
                color=1,0,1
place   wedge_window copies=1 x=-6.3 y=0.0 z=48585.5 rotation='Y110/2'
                color=1,0,1
(do i=23)
place   wedge_window copies=1 x=-6.3 y=0.0 z=50414.5 rotation='Y-110/2'
                color=1,0,1
place   wedge_window copies=1 x=-6.3 y=0.0 z=50785.5 rotation='Y110/2'
                color=1,0,1
(do i=24)
place   wedge_window copies=1 x=-6.3 y=0.0 z=52614.5 rotation='Y-110/2'
                color=1,0,1
place   wedge_window copies=1 x=-6.3 y=0.0 z=52985.5 rotation='Y110/2'
                color=1,0,1
(do i=25)
place   wedge_window copies=1 x=-6.3 y=0.0 z=54814.5 rotation='Y-110/2'
                color=1,0,1
place   wedge_window copies=1 x=-6.3 y=0.0 z=55185.5 rotation='Y110/2'
                color=1,0,1
(do i=26)
place   wedge_window copies=1 x=-6.3 y=0.0 z=57014.5 rotation='Y-110/2'
                color=1,0,1
place   wedge_window copies=1 x=-6.3 y=0.0 z=57385.5 rotation='Y110/2'
                color=1,0,1
(do i=27)
place   wedge_window copies=1 x=-6.3 y=0.0 z=59214.5 rotation='Y-110/2'
                color=1,0,1
place   wedge_window copies=1 x=-6.3 y=0.0 z=59585.5 rotation='Y110/2'
                color=1,0,1
(do i=28)
place   wedge_window copies=1 x=-6.3 y=0.0 z=61414.5 rotation='Y-110/2'
                color=1,0,1
place   wedge_window copies=1 x=-6.3 y=0.0 z=61785.5 rotation='Y110/2'
                color=1,0,1
(do i=29)
place   wedge_window copies=1 x=-6.3 y=0.0 z=63614.5 rotation='Y-110/2'
                color=1,0,1
place   wedge_window copies=1 x=-6.3 y=0.0 z=63985.5 rotation='Y110/2'
                color=1,0,1
(do i=30)
place   wedge_window copies=1 x=-6.3 y=0.0 z=65814.5 rotation='Y-110/2'
                color=1,0,1
place   wedge_window copies=1 x=-6.3 y=0.0 z=66185.5 rotation='Y110/2'
                color=1,0,1
enddo
place   beamDet copies=1 x=0.0 y=0.0 z=68210.0 
zntuple                    z= zloop=0:30*2200:2200 noSingles=0 format=for009
                           file=for009 filename=for009 require=PDGid==-13
                           referenceParticle=1 coordinates=Centerline

World size (before incrementing by 201.357 mm): 1600.0 H  1600.0 W  137900.0 L

PARAMETERS:
            Zcl=68210
          angle=1.5
        bendpos=0.1
     cavity_gas=Vacuum
    cell_length=2200
    coil_length=596.9838479171975
    coil_radius=450
     coil_width=225
       coilname=coil
        current=32.14509719624864
     deltaChord=3.0
deltaIntersection=0.1
   deltaOneStep=0.01
         dipole=0.058
  dipole_length=100
          end_z=68210
         epsMax=0.05
         epsMin=2.5e-7
 eventTimeLimit=30
    fieldVoxels=200,200,200
       filename=for009
   final_output=beam_stage1_out
          first=1
  fringe_length=920
half_wedge_length=370
      histoFile=g4beamline
    histoUpdate=0
              i=30
           last=2000
        maxStep=100.0
        minStep=0.01
         ncells=30
             pi=3.1415926
  pipe_diameter=460
    pipe_length=439.4
    pipe_radius=230
           pres=35
   ref_momentum=204
         rf_fre=0.352
        rf_grad=22.508192486472524
      rf_length=220
          rf_ph=32.84244060974717
rf_window_length=0.1
         solpos=0.21428071133122087
 steppingFormat=N GLOBAL CL KE STEP VOL PROCESS
steppingVerbose=0
         viewer=none
 wallClockLimit=-1
      wallthick=0.1
     wedge_apex=110
wedge_window_length=0.3
  worldMaterial=Vacuum
         x_last=2.600925646
          x_off=-6.3210911
         y_last=-5.9071353
          y_off=-11.071213
     zTolerance=2.0
Checking overlaps for volume sol_a_-2:0 (G4Tubs) ... OK! 
BLCMDsolenoid::Construct sol_a_-2 parent= relZ=-3928.6 globZ=-3928.6
	global pos=0.0,0.0,-3928.6  Checking overlaps for volume sol_b_-2:0 (G4Tubs) ... OK! 
BLCMDsolenoid::Construct sol_b_-2 parent= relZ=-2671.4 globZ=-2671.4
	global pos=0.0,0.0,-2671.4  Checking overlaps for volume sol_a_-1:0 (G4Tubs) ... OK! 
BLCMDsolenoid::Construct sol_a_-1 parent= relZ=-1728.6 globZ=-1728.6
	global pos=0.0,0.0,-1728.6  Checking overlaps for volume sol_b_-1:0 (G4Tubs) ... OK! 
BLCMDsolenoid::Construct sol_b_-1 parent= relZ=-471.4 globZ=-471.4
	global pos=0.0,0.0,-471.4  Checking overlaps for volume sol_a_0:0 (G4Tubs) ... OK! 
BLCMDsolenoid::Construct sol_a_0 parent= relZ=471.4 globZ=471.4
	global pos=0.0,0.0,471.4  Checking overlaps for volume sol_b_0:0 (G4Tubs) ... OK! 
BLCMDsolenoid::Construct sol_b_0 parent= relZ=1728.6 globZ=1728.6
	global pos=0.0,0.0,1728.6  Checking overlaps for volume sol_a_1:0 (G4Tubs) ... OK! 
BLCMDsolenoid::Construct sol_a_1 parent= relZ=2671.4 globZ=2671.4
	global pos=0.0,0.0,2671.4  Checking overlaps for volume sol_b_1:0 (G4Tubs) ... OK! 
BLCMDsolenoid::Construct sol_b_1 parent= relZ=3928.6 globZ=3928.6
	global pos=0.0,0.0,3928.6  Checking overlaps for volume sol_a_2:0 (G4Tubs) ... OK! 
BLCMDsolenoid::Construct sol_a_2 parent= relZ=4871.4 globZ=4871.4
	global pos=0.0,0.0,4871.4  Checking overlaps for volume sol_b_2:0 (G4Tubs) ... OK! 
BLCMDsolenoid::Construct sol_b_2 parent= relZ=6128.6 globZ=6128.6
	global pos=0.0,0.0,6128.6  Checking overlaps for volume sol_a_3:0 (G4Tubs) ... OK! 
BLCMDsolenoid::Construct sol_a_3 parent= relZ=7071.4 globZ=7071.4
	global pos=0.0,0.0,7071.4  Checking overlaps for volume sol_b_3:0 (G4Tubs) ... OK! 
BLCMDsolenoid::Construct sol_b_3 parent= relZ=8328.6 globZ=8328.6
	global pos=0.0,0.0,8328.6  Checking overlaps for volume sol_a_4:0 (G4Tubs) ... OK! 
BLCMDsolenoid::Construct sol_a_4 parent= relZ=9271.4 globZ=9271.4
	global pos=0.0,0.0,9271.4  Checking overlaps for volume sol_b_4:0 (G4Tubs) ... OK! 
BLCMDsolenoid::Construct sol_b_4 parent= relZ=10528.6 globZ=10528.6
	global pos=0.0,0.0,10528.6  Checking overlaps for volume sol_a_5:0 (G4Tubs) ... OK! 
BLCMDsolenoid::Construct sol_a_5 parent= relZ=11471.4 globZ=11471.4
	global pos=0.0,0.0,11471.4  Checking overlaps for volume sol_b_5:0 (G4Tubs) ... OK! 
BLCMDsolenoid::Construct sol_b_5 parent= relZ=12728.6 globZ=12728.6
	global pos=0.0,0.0,12728.6  Checking overlaps for volume sol_a_6:0 (G4Tubs) ... OK! 
BLCMDsolenoid::Construct sol_a_6 parent= relZ=13671.4 globZ=13671.4
	global pos=0.0,0.0,13671.4  Checking overlaps for volume sol_b_6:0 (G4Tubs) ... OK! 
BLCMDsolenoid::Construct sol_b_6 parent= relZ=14928.6 globZ=14928.6
	global pos=0.0,0.0,14928.6  Checking overlaps for volume sol_a_7:0 (G4Tubs) ... OK! 
BLCMDsolenoid::Construct sol_a_7 parent= relZ=15871.4 globZ=15871.4
	global pos=0.0,0.0,15871.4  Checking overlaps for volume sol_b_7:0 (G4Tubs) ... OK! 
BLCMDsolenoid::Construct sol_b_7 parent= relZ=17128.6 globZ=17128.6
	global pos=0.0,0.0,17128.6  Checking overlaps for volume sol_a_8:0 (G4Tubs) ... OK! 
BLCMDsolenoid::Construct sol_a_8 parent= relZ=18071.4 globZ=18071.4
	global pos=0.0,0.0,18071.4  Checking overlaps for volume sol_b_8:0 (G4Tubs) ... OK! 
BLCMDsolenoid::Construct sol_b_8 parent= relZ=19328.6 globZ=19328.6
	global pos=0.0,0.0,19328.6  Checking overlaps for volume sol_a_9:0 (G4Tubs) ... OK! 
BLCMDsolenoid::Construct sol_a_9 parent= relZ=20271.4 globZ=20271.4
	global pos=0.0,0.0,20271.4  Checking overlaps for volume sol_b_9:0 (G4Tubs) ... OK! 
BLCMDsolenoid::Construct sol_b_9 parent= relZ=21528.6 globZ=21528.6
	global pos=0.0,0.0,21528.6  Checking overlaps for volume sol_a_10:0 (G4Tubs) ... OK! 
BLCMDsolenoid::Construct sol_a_10 parent= relZ=22471.4 globZ=22471.4
	global pos=0.0,0.0,22471.4  Checking overlaps for volume sol_b_10:0 (G4Tubs) ... OK! 
BLCMDsolenoid::Construct sol_b_10 parent= relZ=23728.6 globZ=23728.6
	global pos=0.0,0.0,23728.6  Checking overlaps for volume sol_a_11:0 (G4Tubs) ... OK! 
BLCMDsolenoid::Construct sol_a_11 parent= relZ=24671.4 globZ=24671.4
	global pos=0.0,0.0,24671.4  Checking overlaps for volume sol_b_11:0 (G4Tubs) ... OK! 
BLCMDsolenoid::Construct sol_b_11 parent= relZ=25928.6 globZ=25928.6
	global pos=0.0,0.0,25928.6  Checking overlaps for volume sol_a_12:0 (G4Tubs) ... OK! 
BLCMDsolenoid::Construct sol_a_12 parent= relZ=26871.4 globZ=26871.4
	global pos=0.0,0.0,26871.4  Checking overlaps for volume sol_b_12:0 (G4Tubs) ... OK! 
BLCMDsolenoid::Construct sol_b_12 parent= relZ=28128.6 globZ=28128.6
	global pos=0.0,0.0,28128.6  Checking overlaps for volume sol_a_13:0 (G4Tubs) ... OK! 
BLCMDsolenoid::Construct sol_a_13 parent= relZ=29071.4 globZ=29071.4
	global pos=0.0,0.0,29071.4  Checking overlaps for volume sol_b_13:0 (G4Tubs) ... OK! 
BLCMDsolenoid::Construct sol_b_13 parent= relZ=30328.6 globZ=30328.6
	global pos=0.0,0.0,30328.6  Checking overlaps for volume sol_a_14:0 (G4Tubs) ... OK! 
BLCMDsolenoid::Construct sol_a_14 parent= relZ=31271.4 globZ=31271.4
	global pos=0.0,0.0,31271.4  Checking overlaps for volume sol_b_14:0 (G4Tubs) ... OK! 
BLCMDsolenoid::Construct sol_b_14 parent= relZ=32528.6 globZ=32528.6
	global pos=0.0,0.0,32528.6  Checking overlaps for volume sol_a_15:0 (G4Tubs) ... OK! 
BLCMDsolenoid::Construct sol_a_15 parent= relZ=33471.4 globZ=33471.4
	global pos=0.0,0.0,33471.4  Checking overlaps for volume sol_b_15:0 (G4Tubs) ... OK! 
BLCMDsolenoid::Construct sol_b_15 parent= relZ=34728.6 globZ=34728.6
	global pos=0.0,0.0,34728.6  Checking overlaps for volume sol_a_16:0 (G4Tubs) ... OK! 
BLCMDsolenoid::Construct sol_a_16 parent= relZ=35671.4 globZ=35671.4
	global pos=0.0,0.0,35671.4  Checking overlaps for volume sol_b_16:0 (G4Tubs) ... OK! 
BLCMDsolenoid::Construct sol_b_16 parent= relZ=36928.6 globZ=36928.6
	global pos=0.0,0.0,36928.6  Checking overlaps for volume sol_a_17:0 (G4Tubs) ... OK! 
BLCMDsolenoid::Construct sol_a_17 parent= relZ=37871.4 globZ=37871.4
	global pos=0.0,0.0,37871.4  Checking overlaps for volume sol_b_17:0 (G4Tubs) ... OK! 
BLCMDsolenoid::Construct sol_b_17 parent= relZ=39128.6 globZ=39128.6
	global pos=0.0,0.0,39128.6  Checking overlaps for volume sol_a_18:0 (G4Tubs) ... OK! 
BLCMDsolenoid::Construct sol_a_18 parent= relZ=40071.4 globZ=40071.4
	global pos=0.0,0.0,40071.4  Checking overlaps for volume sol_b_18:0 (G4Tubs) ... OK! 
BLCMDsolenoid::Construct sol_b_18 parent= relZ=41328.6 globZ=41328.6
	global pos=0.0,0.0,41328.6  Checking overlaps for volume sol_a_19:0 (G4Tubs) ... OK! 
BLCMDsolenoid::Construct sol_a_19 parent= relZ=42271.4 globZ=42271.4
	global pos=0.0,0.0,42271.4  Checking overlaps for volume sol_b_19:0 (G4Tubs) ... OK! 
BLCMDsolenoid::Construct sol_b_19 parent= relZ=43528.6 globZ=43528.6
	global pos=0.0,0.0,43528.6  Checking overlaps for volume sol_a_20:0 (G4Tubs) ... OK! 
BLCMDsolenoid::Construct sol_a_20 parent= relZ=44471.4 globZ=44471.4
	global pos=0.0,0.0,44471.4  Checking overlaps for volume sol_b_20:0 (G4Tubs) ... OK! 
BLCMDsolenoid::Construct sol_b_20 parent= relZ=45728.6 globZ=45728.6
	global pos=0.0,0.0,45728.6  Checking overlaps for volume sol_a_21:0 (G4Tubs) ... OK! 
BLCMDsolenoid::Construct sol_a_21 parent= relZ=46671.4 globZ=46671.4
	global pos=0.0,0.0,46671.4  Checking overlaps for volume sol_b_21:0 (G4Tubs) ... OK! 
BLCMDsolenoid::Construct sol_b_21 parent= relZ=47928.6 globZ=47928.6
	global pos=0.0,0.0,47928.6  Checking overlaps for volume sol_a_22:0 (G4Tubs) ... OK! 
BLCMDsolenoid::Construct sol_a_22 parent= relZ=48871.4 globZ=48871.4
	global pos=0.0,0.0,48871.4  Checking overlaps for volume sol_b_22:0 (G4Tubs) ... OK! 
BLCMDsolenoid::Construct sol_b_22 parent= relZ=50128.6 globZ=50128.6
	global pos=0.0,0.0,50128.6  Checking overlaps for volume sol_a_23:0 (G4Tubs) ... OK! 
BLCMDsolenoid::Construct sol_a_23 parent= relZ=51071.4 globZ=51071.4
	global pos=0.0,0.0,51071.4  Checking overlaps for volume sol_b_23:0 (G4Tubs) ... OK! 
BLCMDsolenoid::Construct sol_b_23 parent= relZ=52328.6 globZ=52328.6
	global pos=0.0,0.0,52328.6  Checking overlaps for volume sol_a_24:0 (G4Tubs) ... OK! 
BLCMDsolenoid::Construct sol_a_24 parent= relZ=53271.4 globZ=53271.4
	global pos=0.0,0.0,53271.4  Checking overlaps for volume sol_b_24:0 (G4Tubs) ... OK! 
BLCMDsolenoid::Construct sol_b_24 parent= relZ=54528.6 globZ=54528.6
	global pos=0.0,0.0,54528.6  Checking overlaps for volume sol_a_25:0 (G4Tubs) ... OK! 
BLCMDsolenoid::Construct sol_a_25 parent= relZ=55471.4 globZ=55471.4
	global pos=0.0,0.0,55471.4  Checking overlaps for volume sol_b_25:0 (G4Tubs) ... OK! 
BLCMDsolenoid::Construct sol_b_25 parent= relZ=56728.6 globZ=56728.6
	global pos=0.0,0.0,56728.6  Checking overlaps for volume sol_a_26:0 (G4Tubs) ... OK! 
BLCMDsolenoid::Construct sol_a_26 parent= relZ=57671.4 globZ=57671.4
	global pos=0.0,0.0,57671.4  Checking overlaps for volume sol_b_26:0 (G4Tubs) ... OK! 
BLCMDsolenoid::Construct sol_b_26 parent= relZ=58928.6 globZ=58928.6
	global pos=0.0,0.0,58928.6  Checking overlaps for volume sol_a_27:0 (G4Tubs) ... OK! 
BLCMDsolenoid::Construct sol_a_27 parent= relZ=59871.4 globZ=59871.4
	global pos=0.0,0.0,59871.4  Checking overlaps for volume sol_b_27:0 (G4Tubs) ... OK! 
BLCMDsolenoid::Construct sol_b_27 parent= relZ=61128.6 globZ=61128.6
	global pos=0.0,0.0,61128.6  Checking overlaps for volume sol_a_28:0 (G4Tubs) ... OK! 
BLCMDsolenoid::Construct sol_a_28 parent= relZ=62071.4 globZ=62071.4
	global pos=0.0,0.0,62071.4  Checking overlaps for volume sol_b_28:0 (G4Tubs) ... OK! 
BLCMDsolenoid::Construct sol_b_28 parent= relZ=63328.6 globZ=63328.6
	global pos=0.0,0.0,63328.6  Checking overlaps for volume sol_a_29:0 (G4Tubs) ... OK! 
BLCMDsolenoid::Construct sol_a_29 parent= relZ=64271.4 globZ=64271.4
	global pos=0.0,0.0,64271.4  Checking overlaps for volume sol_b_29:0 (G4Tubs) ... OK! 
BLCMDsolenoid::Construct sol_b_29 parent= relZ=65528.6 globZ=65528.6
	global pos=0.0,0.0,65528.6  Checking overlaps for volume sol_a_30:0 (G4Tubs) ... OK! 
BLCMDsolenoid::Construct sol_a_30 parent= relZ=66471.4 globZ=66471.4
	global pos=0.0,0.0,66471.4  Checking overlaps for volume sol_b_30:0 (G4Tubs) ... OK! 
BLCMDsolenoid::Construct sol_b_30 parent= relZ=67728.6 globZ=67728.6
	global pos=0.0,0.0,67728.6  BLCMDgenericbend::Construct solbend_a_-2 parent= relZ=-4180.0 globZ=-4180.0
	zmin=-4230.0 zmax=-4130.0
BLCMDgenericbend::Construct solbend_b_-2 parent= relZ=-2420.0 globZ=-2420.0
	zmin=-2470.0 zmax=-2370.0
BLCMDgenericbend::Construct solbend_a_-1 parent= relZ=-1980.0 globZ=-1980.0
	zmin=-2030.0 zmax=-1930.0
BLCMDgenericbend::Construct solbend_b_-1 parent= relZ=-220.0 globZ=-220.0
	zmin=-270.0 zmax=-170.0
BLCMDgenericbend::Construct solbend_a_0 parent= relZ=220.0 globZ=220.0
	zmin=170.0 zmax=270.0
BLCMDgenericbend::Construct solbend_b_0 parent= relZ=1980.0 globZ=1980.0
	zmin=1930.0 zmax=2030.0
BLCMDgenericbend::Construct solbend_a_1 parent= relZ=2420.0 globZ=2420.0
	zmin=2370.0 zmax=2470.0
BLCMDgenericbend::Construct solbend_b_1 parent= relZ=4180.0 globZ=4180.0
	zmin=4130.0 zmax=4230.0
BLCMDgenericbend::Construct solbend_a_2 parent= relZ=4620.0 globZ=4620.0
	zmin=4570.0 zmax=4670.0
BLCMDgenericbend::Construct solbend_b_2 parent= relZ=6380.0 globZ=6380.0
	zmin=6330.0 zmax=6430.0
BLCMDgenericbend::Construct solbend_a_3 parent= relZ=6820.0 globZ=6820.0
	zmin=6770.0 zmax=6870.0
BLCMDgenericbend::Construct solbend_b_3 parent= relZ=8580.0 globZ=8580.0
	zmin=8530.0 zmax=8630.0
BLCMDgenericbend::Construct solbend_a_4 parent= relZ=9020.0 globZ=9020.0
	zmin=8970.0 zmax=9070.0
BLCMDgenericbend::Construct solbend_b_4 parent= relZ=10780.0 globZ=10780.0
	zmin=10730.0 zmax=10830.0
BLCMDgenericbend::Construct solbend_a_5 parent= relZ=11220.0 globZ=11220.0
	zmin=11170.0 zmax=11270.0
BLCMDgenericbend::Construct solbend_b_5 parent= relZ=12980.0 globZ=12980.0
	zmin=12930.0 zmax=13030.0
BLCMDgenericbend::Construct solbend_a_6 parent= relZ=13420.0 globZ=13420.0
	zmin=13370.0 zmax=13470.0
BLCMDgenericbend::Construct solbend_b_6 parent= relZ=15180.0 globZ=15180.0
	zmin=15130.0 zmax=15230.0
BLCMDgenericbend::Construct solbend_a_7 parent= relZ=15620.0 globZ=15620.0
	zmin=15570.0 zmax=15670.0
BLCMDgenericbend::Construct solbend_b_7 parent= relZ=17380.0 globZ=17380.0
	zmin=17330.0 zmax=17430.0
BLCMDgenericbend::Construct solbend_a_8 parent= relZ=17820.0 globZ=17820.0
	zmin=17770.0 zmax=17870.0
BLCMDgenericbend::Construct solbend_b_8 parent= relZ=19580.0 globZ=19580.0
	zmin=19530.0 zmax=19630.0
BLCMDgenericbend::Construct solbend_a_9 parent= relZ=20020.0 globZ=20020.0
	zmin=19970.0 zmax=20070.0
BLCMDgenericbend::Construct solbend_b_9 parent= relZ=21780.0 globZ=21780.0
	zmin=21730.0 zmax=21830.0
BLCMDgenericbend::Construct solbend_a_10 parent= relZ=22220.0 globZ=22220.0
	zmin=22170.0 zmax=22270.0
BLCMDgenericbend::Construct solbend_b_10 parent= relZ=23980.0 globZ=23980.0
	zmin=23930.0 zmax=24030.0
BLCMDgenericbend::Construct solbend_a_11 parent= relZ=24420.0 globZ=24420.0
	zmin=24370.0 zmax=24470.0
BLCMDgenericbend::Construct solbend_b_11 parent= relZ=26180.0 globZ=26180.0
	zmin=26130.0 zmax=26230.0
BLCMDgenericbend::Construct solbend_a_12 parent= relZ=26620.0 globZ=26620.0
	zmin=26570.0 zmax=26670.0
BLCMDgenericbend::Construct solbend_b_12 parent= relZ=28380.0 globZ=28380.0
	zmin=28330.0 zmax=28430.0
BLCMDgenericbend::Construct solbend_a_13 parent= relZ=28820.0 globZ=28820.0
	zmin=28770.0 zmax=28870.0
BLCMDgenericbend::Construct solbend_b_13 parent= relZ=30580.0 globZ=30580.0
	zmin=30530.0 zmax=30630.0
BLCMDgenericbend::Construct solbend_a_14 parent= relZ=31020.0 globZ=31020.0
	zmin=30970.0 zmax=31070.0
BLCMDgenericbend::Construct solbend_b_14 parent= relZ=32780.0 globZ=32780.0
	zmin=32730.0 zmax=32830.0
BLCMDgenericbend::Construct solbend_a_15 parent= relZ=33220.0 globZ=33220.0
	zmin=33170.0 zmax=33270.0
BLCMDgenericbend::Construct solbend_b_15 parent= relZ=34980.0 globZ=34980.0
	zmin=34930.0 zmax=35030.0
BLCMDgenericbend::Construct solbend_a_16 parent= relZ=35420.0 globZ=35420.0
	zmin=35370.0 zmax=35470.0
BLCMDgenericbend::Construct solbend_b_16 parent= relZ=37180.0 globZ=37180.0
	zmin=37130.0 zmax=37230.0
BLCMDgenericbend::Construct solbend_a_17 parent= relZ=37620.0 globZ=37620.0
	zmin=37570.0 zmax=37670.0
BLCMDgenericbend::Construct solbend_b_17 parent= relZ=39380.0 globZ=39380.0
	zmin=39330.0 zmax=39430.0
BLCMDgenericbend::Construct solbend_a_18 parent= relZ=39820.0 globZ=39820.0
	zmin=39770.0 zmax=39870.0
BLCMDgenericbend::Construct solbend_b_18 parent= relZ=41580.0 globZ=41580.0
	zmin=41530.0 zmax=41630.0
BLCMDgenericbend::Construct solbend_a_19 parent= relZ=42020.0 globZ=42020.0
	zmin=41970.0 zmax=42070.0
BLCMDgenericbend::Construct solbend_b_19 parent= relZ=43780.0 globZ=43780.0
	zmin=43730.0 zmax=43830.0
BLCMDgenericbend::Construct solbend_a_20 parent= relZ=44220.0 globZ=44220.0
	zmin=44170.0 zmax=44270.0
BLCMDgenericbend::Construct solbend_b_20 parent= relZ=45980.0 globZ=45980.0
	zmin=45930.0 zmax=46030.0
BLCMDgenericbend::Construct solbend_a_21 parent= relZ=46420.0 globZ=46420.0
	zmin=46370.0 zmax=46470.0
BLCMDgenericbend::Construct solbend_b_21 parent= relZ=48180.0 globZ=48180.0
	zmin=48130.0 zmax=48230.0
BLCMDgenericbend::Construct solbend_a_22 parent= relZ=48620.0 globZ=48620.0
	zmin=48570.0 zmax=48670.0
BLCMDgenericbend::Construct solbend_b_22 parent= relZ=50380.0 globZ=50380.0
	zmin=50330.0 zmax=50430.0
BLCMDgenericbend::Construct solbend_a_23 parent= relZ=50820.0 globZ=50820.0
	zmin=50770.0 zmax=50870.0
BLCMDgenericbend::Construct solbend_b_23 parent= relZ=52580.0 globZ=52580.0
	zmin=52530.0 zmax=52630.0
BLCMDgenericbend::Construct solbend_a_24 parent= relZ=53020.0 globZ=53020.0
	zmin=52970.0 zmax=53070.0
BLCMDgenericbend::Construct solbend_b_24 parent= relZ=54780.0 globZ=54780.0
	zmin=54730.0 zmax=54830.0
BLCMDgenericbend::Construct solbend_a_25 parent= relZ=55220.0 globZ=55220.0
	zmin=55170.0 zmax=55270.0
BLCMDgenericbend::Construct solbend_b_25 parent= relZ=56980.0 globZ=56980.0
	zmin=56930.0 zmax=57030.0
BLCMDgenericbend::Construct solbend_a_26 parent= relZ=57420.0 globZ=57420.0
	zmin=57370.0 zmax=57470.0
BLCMDgenericbend::Construct solbend_b_26 parent= relZ=59180.0 globZ=59180.0
	zmin=59130.0 zmax=59230.0
BLCMDgenericbend::Construct solbend_a_27 parent= relZ=59620.0 globZ=59620.0
	zmin=59570.0 zmax=59670.0
BLCMDgenericbend::Construct solbend_b_27 parent= relZ=61380.0 globZ=61380.0
	zmin=61330.0 zmax=61430.0
BLCMDgenericbend::Construct solbend_a_28 parent= relZ=61820.0 globZ=61820.0
	zmin=61770.0 zmax=61870.0
BLCMDgenericbend::Construct solbend_b_28 parent= relZ=63580.0 globZ=63580.0
	zmin=63530.0 zmax=63630.0
BLCMDgenericbend::Construct solbend_a_29 parent= relZ=64020.0 globZ=64020.0
	zmin=63970.0 zmax=64070.0
BLCMDgenericbend::Construct solbend_b_29 parent= relZ=65780.0 globZ=65780.0
	zmin=65730.0 zmax=65830.0
BLCMDgenericbend::Construct solbend_a_30 parent= relZ=66220.0 globZ=66220.0
	zmin=66170.0 zmax=66270.0
BLCMDgenericbend::Construct solbend_b_30 parent= relZ=67980.0 globZ=67980.0
	zmin=67930.0 zmax=68030.0
BLMappedMagnet::Construct fringe_left parent= relZ=-4690.0
BLMappedMagnet::Construct fringe_right parent= relZ=-3670.0
BLMappedMagnet::Construct fringe_left parent= relZ=-2930.0
BLMappedMagnet::Construct fringe_right parent= relZ=-1910.0
BLMappedMagnet::Construct fringe_left parent= relZ=-2490.0
BLMappedMagnet::Construct fringe_right parent= relZ=-1470.0
BLMappedMagnet::Construct fringe_left parent= relZ=-730.0
BLMappedMagnet::Construct fringe_right parent= relZ=290.0
BLMappedMagnet::Construct fringe_left parent= relZ=-290.0
BLMappedMagnet::Construct fringe_right parent= relZ=730.0
BLMappedMagnet::Construct fringe_left parent= relZ=1470.0
BLMappedMagnet::Construct fringe_right parent= relZ=2490.0
BLMappedMagnet::Construct fringe_left parent= relZ=1910.0
BLMappedMagnet::Construct fringe_right parent= relZ=2930.0
BLMappedMagnet::Construct fringe_left parent= relZ=3670.0
BLMappedMagnet::Construct fringe_right parent= relZ=4690.0
BLMappedMagnet::Construct fringe_left parent= relZ=4110.0
BLMappedMagnet::Construct fringe_right parent= relZ=5130.0
BLMappedMagnet::Construct fringe_left parent= relZ=5870.0
BLMappedMagnet::Construct fringe_right parent= relZ=6890.0
BLMappedMagnet::Construct fringe_left parent= relZ=6310.0
BLMappedMagnet::Construct fringe_right parent= relZ=7330.0
BLMappedMagnet::Construct fringe_left parent= relZ=8070.0
BLMappedMagnet::Construct fringe_right parent= relZ=9090.0
BLMappedMagnet::Construct fringe_left parent= relZ=8510.0
BLMappedMagnet::Construct fringe_right parent= relZ=9530.0
BLMappedMagnet::Construct fringe_left parent= relZ=10270.0
BLMappedMagnet::Construct fringe_right parent= relZ=11290.0
BLMappedMagnet::Construct fringe_left parent= relZ=10710.0
BLMappedMagnet::Construct fringe_right parent= relZ=11730.0
BLMappedMagnet::Construct fringe_left parent= relZ=12470.0
BLMappedMagnet::Construct fringe_right parent= relZ=13490.0
BLMappedMagnet::Construct fringe_left parent= relZ=12910.0
BLMappedMagnet::Construct fringe_right parent= relZ=13930.0
BLMappedMagnet::Construct fringe_left parent= relZ=14670.0
BLMappedMagnet::Construct fringe_right parent= relZ=15690.0
BLMappedMagnet::Construct fringe_left parent= relZ=15110.0
BLMappedMagnet::Construct fringe_right parent= relZ=16130.0
BLMappedMagnet::Construct fringe_left parent= relZ=16870.0
BLMappedMagnet::Construct fringe_right parent= relZ=17890.0
BLMappedMagnet::Construct fringe_left parent= relZ=17310.0
BLMappedMagnet::Construct fringe_right parent= relZ=18330.0
BLMappedMagnet::Construct fringe_left parent= relZ=19070.0
BLMappedMagnet::Construct fringe_right parent= relZ=20090.0
BLMappedMagnet::Construct fringe_left parent= relZ=19510.0
BLMappedMagnet::Construct fringe_right parent= relZ=20530.0
BLMappedMagnet::Construct fringe_left parent= relZ=21270.0
BLMappedMagnet::Construct fringe_right parent= relZ=22290.0
BLMappedMagnet::Construct fringe_left parent= relZ=21710.0
BLMappedMagnet::Construct fringe_right parent= relZ=22730.0
BLMappedMagnet::Construct fringe_left parent= relZ=23470.0
BLMappedMagnet::Construct fringe_right parent= relZ=24490.0
BLMappedMagnet::Construct fringe_left parent= relZ=23910.0
BLMappedMagnet::Construct fringe_right parent= relZ=24930.0
BLMappedMagnet::Construct fringe_left parent= relZ=25670.0
BLMappedMagnet::Construct fringe_right parent= relZ=26690.0
BLMappedMagnet::Construct fringe_left parent= relZ=26110.0
BLMappedMagnet::Construct fringe_right parent= relZ=27130.0
BLMappedMagnet::Construct fringe_left parent= relZ=27870.0
BLMappedMagnet::Construct fringe_right parent= relZ=28890.0
BLMappedMagnet::Construct fringe_left parent= relZ=28310.0
BLMappedMagnet::Construct fringe_right parent= relZ=29330.0
BLMappedMagnet::Construct fringe_left parent= relZ=30070.0
BLMappedMagnet::Construct fringe_right parent= relZ=31090.0
BLMappedMagnet::Construct fringe_left parent= relZ=30510.0
BLMappedMagnet::Construct fringe_right parent= relZ=31530.0
BLMappedMagnet::Construct fringe_left parent= relZ=32270.0
BLMappedMagnet::Construct fringe_right parent= relZ=33290.0
BLMappedMagnet::Construct fringe_left parent= relZ=32710.0
BLMappedMagnet::Construct fringe_right parent= relZ=33730.0
BLMappedMagnet::Construct fringe_left parent= relZ=34470.0
BLMappedMagnet::Construct fringe_right parent= relZ=35490.0
BLMappedMagnet::Construct fringe_left parent= relZ=34910.0
BLMappedMagnet::Construct fringe_right parent= relZ=35930.0
BLMappedMagnet::Construct fringe_left parent= relZ=36670.0
BLMappedMagnet::Construct fringe_right parent= relZ=37690.0
BLMappedMagnet::Construct fringe_left parent= relZ=37110.0
BLMappedMagnet::Construct fringe_right parent= relZ=38130.0
BLMappedMagnet::Construct fringe_left parent= relZ=38870.0
BLMappedMagnet::Construct fringe_right parent= relZ=39890.0
BLMappedMagnet::Construct fringe_left parent= relZ=39310.0
BLMappedMagnet::Construct fringe_right parent= relZ=40330.0
BLMappedMagnet::Construct fringe_left parent= relZ=41070.0
BLMappedMagnet::Construct fringe_right parent= relZ=42090.0
BLMappedMagnet::Construct fringe_left parent= relZ=41510.0
BLMappedMagnet::Construct fringe_right parent= relZ=42530.0
BLMappedMagnet::Construct fringe_left parent= relZ=43270.0
BLMappedMagnet::Construct fringe_right parent= relZ=44290.0
BLMappedMagnet::Construct fringe_left parent= relZ=43710.0
BLMappedMagnet::Construct fringe_right parent= relZ=44730.0
BLMappedMagnet::Construct fringe_left parent= relZ=45470.0
BLMappedMagnet::Construct fringe_right parent= relZ=46490.0
BLMappedMagnet::Construct fringe_left parent= relZ=45910.0
BLMappedMagnet::Construct fringe_right parent= relZ=46930.0
BLMappedMagnet::Construct fringe_left parent= relZ=47670.0
BLMappedMagnet::Construct fringe_right parent= relZ=48690.0
BLMappedMagnet::Construct fringe_left parent= relZ=48110.0
BLMappedMagnet::Construct fringe_right parent= relZ=49130.0
BLMappedMagnet::Construct fringe_left parent= relZ=49870.0
BLMappedMagnet::Construct fringe_right parent= relZ=50890.0
BLMappedMagnet::Construct fringe_left parent= relZ=50310.0
BLMappedMagnet::Construct fringe_right parent= relZ=51330.0
BLMappedMagnet::Construct fringe_left parent= relZ=52070.0
BLMappedMagnet::Construct fringe_right parent= relZ=53090.0
BLMappedMagnet::Construct fringe_left parent= relZ=52510.0
BLMappedMagnet::Construct fringe_right parent= relZ=53530.0
BLMappedMagnet::Construct fringe_left parent= relZ=54270.0
BLMappedMagnet::Construct fringe_right parent= relZ=55290.0
BLMappedMagnet::Construct fringe_left parent= relZ=54710.0
BLMappedMagnet::Construct fringe_right parent= relZ=55730.0
BLMappedMagnet::Construct fringe_left parent= relZ=56470.0
BLMappedMagnet::Construct fringe_right parent= relZ=57490.0
BLMappedMagnet::Construct fringe_left parent= relZ=56910.0
BLMappedMagnet::Construct fringe_right parent= relZ=57930.0
BLMappedMagnet::Construct fringe_left parent= relZ=58670.0
BLMappedMagnet::Construct fringe_right parent= relZ=59690.0
BLMappedMagnet::Construct fringe_left parent= relZ=59110.0
BLMappedMagnet::Construct fringe_right parent= relZ=60130.0
BLMappedMagnet::Construct fringe_left parent= relZ=60870.0
BLMappedMagnet::Construct fringe_right parent= relZ=61890.0
BLMappedMagnet::Construct fringe_left parent= relZ=61310.0
BLMappedMagnet::Construct fringe_right parent= relZ=62330.0
BLMappedMagnet::Construct fringe_left parent= relZ=63070.0
BLMappedMagnet::Construct fringe_right parent= relZ=64090.0
BLMappedMagnet::Construct fringe_left parent= relZ=63510.0
BLMappedMagnet::Construct fringe_right parent= relZ=64530.0
BLMappedMagnet::Construct fringe_left parent= relZ=65270.0
BLMappedMagnet::Construct fringe_right parent= relZ=66290.0
BLMappedMagnet::Construct fringe_left parent= relZ=65710.0
BLMappedMagnet::Construct fringe_right parent= relZ=66730.0
BLMappedMagnet::Construct fringe_left parent= relZ=67470.0
BLMappedMagnet::Construct fringe_right parent= relZ=68490.0
Checking overlaps for volume pipe:0 (G4Tubs) ... OK! 
BLCMDtubs::Construct pipe parent= relZ=219.7 globZ=219.7
	zmin=0.0 zmax=439.4 kill=1
Checking overlaps for volume pipe:0 (G4Tubs) ... OK! 
BLCMDtubs::Construct pipe parent= relZ=1980.3 globZ=1980.3
	zmin=1760.6 zmax=2200.0 kill=1
Checking overlaps for volume pipe:0 (G4Tubs) ... OK! 
BLCMDtubs::Construct pipe parent= relZ=2419.7 globZ=2419.7
	zmin=2200.0 zmax=2639.4 kill=1
Checking overlaps for volume pipe:0 (G4Tubs) ... OK! 
BLCMDtubs::Construct pipe parent= relZ=4180.3 globZ=4180.3
	zmin=3960.6 zmax=4400.0 kill=1
Checking overlaps for volume pipe:0 (G4Tubs) ... OK! 
BLCMDtubs::Construct pipe parent= relZ=4619.7 globZ=4619.7
	zmin=4400.0 zmax=4839.4 kill=1
Checking overlaps for volume pipe:0 (G4Tubs) ... OK! 
BLCMDtubs::Construct pipe parent= relZ=6380.3 globZ=6380.3
	zmin=6160.6 zmax=6600.0 kill=1
Checking overlaps for volume pipe:0 (G4Tubs) ... OK! 
BLCMDtubs::Construct pipe parent= relZ=6819.7 globZ=6819.7
	zmin=6600.0 zmax=7039.4 kill=1
Checking overlaps for volume pipe:0 (G4Tubs) ... OK! 
BLCMDtubs::Construct pipe parent= relZ=8580.3 globZ=8580.3
	zmin=8360.6 zmax=8800.0 kill=1
Checking overlaps for volume pipe:0 (G4Tubs) ... OK! 
BLCMDtubs::Construct pipe parent= relZ=9019.7 globZ=9019.7
	zmin=8800.0 zmax=9239.4 kill=1
Checking overlaps for volume pipe:0 (G4Tubs) ... OK! 
BLCMDtubs::Construct pipe parent= relZ=10780.3 globZ=10780.3
	zmin=10560.6 zmax=11000.0 kill=1
Checking overlaps for volume pipe:0 (G4Tubs) ... OK! 
BLCMDtubs::Construct pipe parent= relZ=11219.7 globZ=11219.7
	zmin=11000.0 zmax=11439.4 kill=1
Checking overlaps for volume pipe:0 (G4Tubs) ... OK! 
BLCMDtubs::Construct pipe parent= relZ=12980.3 globZ=12980.3
	zmin=12760.6 zmax=13200.0 kill=1
Checking overlaps for volume pipe:0 (G4Tubs) ... OK! 
BLCMDtubs::Construct pipe parent= relZ=13419.7 globZ=13419.7
	zmin=13200.0 zmax=13639.4 kill=1
Checking overlaps for volume pipe:0 (G4Tubs) ... OK! 
BLCMDtubs::Construct pipe parent= relZ=15180.3 globZ=15180.3
	zmin=14960.6 zmax=15400.0 kill=1
Checking overlaps for volume pipe:0 (G4Tubs) ... OK! 
BLCMDtubs::Construct pipe parent= relZ=15619.7 globZ=15619.7
	zmin=15400.0 zmax=15839.4 kill=1
Checking overlaps for volume pipe:0 (G4Tubs) ... OK! 
BLCMDtubs::Construct pipe parent= relZ=17380.3 globZ=17380.3
	zmin=17160.6 zmax=17600.0 kill=1
Checking overlaps for volume pipe:0 (G4Tubs) ... OK! 
BLCMDtubs::Construct pipe parent= relZ=17819.7 globZ=17819.7
	zmin=17600.0 zmax=18039.4 kill=1
Checking overlaps for volume pipe:0 (G4Tubs) ... OK! 
BLCMDtubs::Construct pipe parent= relZ=19580.3 globZ=19580.3
	zmin=19360.6 zmax=19800.0 kill=1
Checking overlaps for volume pipe:0 (G4Tubs) ... OK! 
BLCMDtubs::Construct pipe parent= relZ=20019.7 globZ=20019.7
	zmin=19800.0 zmax=20239.4 kill=1
Checking overlaps for volume pipe:0 (G4Tubs) ... OK! 
BLCMDtubs::Construct pipe parent= relZ=21780.3 globZ=21780.3
	zmin=21560.6 zmax=22000.0 kill=1
Checking overlaps for volume pipe:0 (G4Tubs) ... OK! 
BLCMDtubs::Construct pipe parent= relZ=22219.7 globZ=22219.7
	zmin=22000.0 zmax=22439.4 kill=1
Checking overlaps for volume pipe:0 (G4Tubs) ... OK! 
BLCMDtubs::Construct pipe parent= relZ=23980.3 globZ=23980.3
	zmin=23760.6 zmax=24200.0 kill=1
Checking overlaps for volume pipe:0 (G4Tubs) ... OK! 
BLCMDtubs::Construct pipe parent= relZ=24419.7 globZ=24419.7
	zmin=24200.0 zmax=24639.4 kill=1
Checking overlaps for volume pipe:0 (G4Tubs) ... OK! 
BLCMDtubs::Construct pipe parent= relZ=26180.3 globZ=26180.3
	zmin=25960.6 zmax=26400.0 kill=1
Checking overlaps for volume pipe:0 (G4Tubs) ... OK! 
BLCMDtubs::Construct pipe parent= relZ=26619.7 globZ=26619.7
	zmin=26400.0 zmax=26839.4 kill=1
Checking overlaps for volume pipe:0 (G4Tubs) ... OK! 
BLCMDtubs::Construct pipe parent= relZ=28380.3 globZ=28380.3
	zmin=28160.6 zmax=28600.0 kill=1
Checking overlaps for volume pipe:0 (G4Tubs) ... OK! 
BLCMDtubs::Construct pipe parent= relZ=28819.7 globZ=28819.7
	zmin=28600.0 zmax=29039.4 kill=1
Checking overlaps for volume pipe:0 (G4Tubs) ... OK! 
BLCMDtubs::Construct pipe parent= relZ=30580.3 globZ=30580.3
	zmin=30360.6 zmax=30800.0 kill=1
Checking overlaps for volume pipe:0 (G4Tubs) ... OK! 
BLCMDtubs::Construct pipe parent= relZ=31019.7 globZ=31019.7
	zmin=30800.0 zmax=31239.4 kill=1
Checking overlaps for volume pipe:0 (G4Tubs) ... OK! 
BLCMDtubs::Construct pipe parent= relZ=32780.3 globZ=32780.3
	zmin=32560.6 zmax=33000.0 kill=1
Checking overlaps for volume pipe:0 (G4Tubs) ... OK! 
BLCMDtubs::Construct pipe parent= relZ=33219.7 globZ=33219.7
	zmin=33000.0 zmax=33439.4 kill=1
Checking overlaps for volume pipe:0 (G4Tubs) ... OK! 
BLCMDtubs::Construct pipe parent= relZ=34980.3 globZ=34980.3
	zmin=34760.6 zmax=35200.0 kill=1
Checking overlaps for volume pipe:0 (G4Tubs) ... OK! 
BLCMDtubs::Construct pipe parent= relZ=35419.7 globZ=35419.7
	zmin=35200.0 zmax=35639.4 kill=1
Checking overlaps for volume pipe:0 (G4Tubs) ... OK! 
BLCMDtubs::Construct pipe parent= relZ=37180.3 globZ=37180.3
	zmin=36960.6 zmax=37400.0 kill=1
Checking overlaps for volume pipe:0 (G4Tubs) ... OK! 
BLCMDtubs::Construct pipe parent= relZ=37619.7 globZ=37619.7
	zmin=37400.0 zmax=37839.4 kill=1
Checking overlaps for volume pipe:0 (G4Tubs) ... OK! 
BLCMDtubs::Construct pipe parent= relZ=39380.3 globZ=39380.3
	zmin=39160.6 zmax=39600.0 kill=1
Checking overlaps for volume pipe:0 (G4Tubs) ... OK! 
BLCMDtubs::Construct pipe parent= relZ=39819.7 globZ=39819.7
	zmin=39600.0 zmax=40039.4 kill=1
Checking overlaps for volume pipe:0 (G4Tubs) ... OK! 
BLCMDtubs::Construct pipe parent= relZ=41580.3 globZ=41580.3
	zmin=41360.6 zmax=41800.0 kill=1
Checking overlaps for volume pipe:0 (G4Tubs) ... OK! 
BLCMDtubs::Construct pipe parent= relZ=42019.7 globZ=42019.7
	zmin=41800.0 zmax=42239.4 kill=1
Checking overlaps for volume pipe:0 (G4Tubs) ... OK! 
BLCMDtubs::Construct pipe parent= relZ=43780.3 globZ=43780.3
	zmin=43560.6 zmax=44000.0 kill=1
Checking overlaps for volume pipe:0 (G4Tubs) ... OK! 
BLCMDtubs::Construct pipe parent= relZ=44219.7 globZ=44219.7
	zmin=44000.0 zmax=44439.4 kill=1
Checking overlaps for volume pipe:0 (G4Tubs) ... OK! 
BLCMDtubs::Construct pipe parent= relZ=45980.3 globZ=45980.3
	zmin=45760.6 zmax=46200.0 kill=1
Checking overlaps for volume pipe:0 (G4Tubs) ... OK! 
BLCMDtubs::Construct pipe parent= relZ=46419.7 globZ=46419.7
	zmin=46200.0 zmax=46639.4 kill=1
Checking overlaps for volume pipe:0 (G4Tubs) ... OK! 
BLCMDtubs::Construct pipe parent= relZ=48180.3 globZ=48180.3
	zmin=47960.6 zmax=48400.0 kill=1
Checking overlaps for volume pipe:0 (G4Tubs) ... OK! 
BLCMDtubs::Construct pipe parent= relZ=48619.7 globZ=48619.7
	zmin=48400.0 zmax=48839.4 kill=1
Checking overlaps for volume pipe:0 (G4Tubs) ... OK! 
BLCMDtubs::Construct pipe parent= relZ=50380.3 globZ=50380.3
	zmin=50160.6 zmax=50600.0 kill=1
Checking overlaps for volume pipe:0 (G4Tubs) ... OK! 
BLCMDtubs::Construct pipe parent= relZ=50819.7 globZ=50819.7
	zmin=50600.0 zmax=51039.4 kill=1
Checking overlaps for volume pipe:0 (G4Tubs) ... OK! 
BLCMDtubs::Construct pipe parent= relZ=52580.3 globZ=52580.3
	zmin=52360.6 zmax=52800.0 kill=1
Checking overlaps for volume pipe:0 (G4Tubs) ... OK! 
BLCMDtubs::Construct pipe parent= relZ=53019.7 globZ=53019.7
	zmin=52800.0 zmax=53239.4 kill=1
Checking overlaps for volume pipe:0 (G4Tubs) ... OK! 
BLCMDtubs::Construct pipe parent= relZ=54780.3 globZ=54780.3
	zmin=54560.6 zmax=55000.0 kill=1
Checking overlaps for volume pipe:0 (G4Tubs) ... OK! 
BLCMDtubs::Construct pipe parent= relZ=55219.7 globZ=55219.7
	zmin=55000.0 zmax=55439.4 kill=1
Checking overlaps for volume pipe:0 (G4Tubs) ... OK! 
BLCMDtubs::Construct pipe parent= relZ=56980.3 globZ=56980.3
	zmin=56760.6 zmax=57200.0 kill=1
Checking overlaps for volume pipe:0 (G4Tubs) ... OK! 
BLCMDtubs::Construct pipe parent= relZ=57419.7 globZ=57419.7
	zmin=57200.0 zmax=57639.4 kill=1
Checking overlaps for volume pipe:0 (G4Tubs) ... OK! 
BLCMDtubs::Construct pipe parent= relZ=59180.3 globZ=59180.3
	zmin=58960.6 zmax=59400.0 kill=1
Checking overlaps for volume pipe:0 (G4Tubs) ... OK! 
BLCMDtubs::Construct pipe parent= relZ=59619.7 globZ=59619.7
	zmin=59400.0 zmax=59839.4 kill=1
Checking overlaps for volume pipe:0 (G4Tubs) ... OK! 
BLCMDtubs::Construct pipe parent= relZ=61380.3 globZ=61380.3
	zmin=61160.6 zmax=61600.0 kill=1
Checking overlaps for volume pipe:0 (G4Tubs) ... OK! 
BLCMDtubs::Construct pipe parent= relZ=61819.7 globZ=61819.7
	zmin=61600.0 zmax=62039.4 kill=1
Checking overlaps for volume pipe:0 (G4Tubs) ... OK! 
BLCMDtubs::Construct pipe parent= relZ=63580.3 globZ=63580.3
	zmin=63360.6 zmax=63800.0 kill=1
Checking overlaps for volume pipe:0 (G4Tubs) ... OK! 
BLCMDtubs::Construct pipe parent= relZ=64019.7 globZ=64019.7
	zmin=63800.0 zmax=64239.4 kill=1
Checking overlaps for volume pipe:0 (G4Tubs) ... OK! 
BLCMDtubs::Construct pipe parent= relZ=65780.3 globZ=65780.3
	zmin=65560.6 zmax=66000.0 kill=1
Checking overlaps for volume pipe:0 (G4Tubs) ... OK! 
BLCMDtubs::Construct pipe parent= relZ=66219.7 globZ=66219.7
	zmin=66000.0 zmax=66439.4 kill=1
Checking overlaps for volume pipe:0 (G4Tubs) ... OK! 
BLCMDtubs::Construct pipe parent= relZ=67980.3 globZ=67980.3
	zmin=67760.6 zmax=68200.0 kill=1
Checking overlaps for volume cav00Pipe:0 (G4Tubs) ... OK! 
Checking overlaps for volume cav00UsWall:0 (G4Tubs) ... OK! 
Checking overlaps for volume cav00DsWall:0 (G4Tubs) ... OK! 
Checking overlaps for volume cav00UsWin1:0 (G4Tubs) ... OK! 
Checking overlaps for volume cav00DsWin1:0 (G4Tubs) ... OK! 
Checking overlaps for volume cav00UsWin2:0 (G4Tubs) ... OK! 
Checking overlaps for volume cav00DsWin2:0 (G4Tubs) ... OK! 
Checking overlaps for volume cav00DsHalf:0 (G4Tubs) ... OK! 
Checking overlaps for volume cav00TimingVol:0 (G4Tubs) ... OK! 
Checking overlaps for volume cav00:0 (G4Tubs) ... OK! 
BLCMDpillbox::construct cav00 parent= relZ=549.5 globZ=549.5
	zmin=439.4 zmax=659.6
Checking overlaps for volume cav01Pipe:0 (G4Tubs) ... OK! 
Checking overlaps for volume cav01UsWall:0 (G4Tubs) ... OK! 
Checking overlaps for volume cav01DsWall:0 (G4Tubs) ... OK! 
Checking overlaps for volume cav01UsWin1:0 (G4Tubs) ... OK! 
Checking overlaps for volume cav01DsWin1:0 (G4Tubs) ... OK! 
Checking overlaps for volume cav01UsWin2:0 (G4Tubs) ... OK! 
Checking overlaps for volume cav01DsWin2:0 (G4Tubs) ... OK! 
Checking overlaps for volume cav01DsHalf:0 (G4Tubs) ... OK! 
Checking overlaps for volume cav01TimingVol:0 (G4Tubs) ... OK! 
Checking overlaps for volume cav01:0 (G4Tubs) ... OK! 
BLCMDpillbox::construct cav01 parent= relZ=769.7 globZ=769.7
	zmin=659.6 zmax=879.8
Checking overlaps for volume cav02Pipe:0 (G4Tubs) ... OK! 
Checking overlaps for volume cav02UsWall:0 (G4Tubs) ... OK! 
Checking overlaps for volume cav02DsWall:0 (G4Tubs) ... OK! 
Checking overlaps for volume cav02UsWin1:0 (G4Tubs) ... OK! 
Checking overlaps for volume cav02DsWin1:0 (G4Tubs) ... OK! 
Checking overlaps for volume cav02UsWin2:0 (G4Tubs) ... OK! 
Checking overlaps for volume cav02DsWin2:0 (G4Tubs) ... OK! 
Checking overlaps for volume cav02DsHalf:0 (G4Tubs) ... OK! 
Checking overlaps for volume cav02TimingVol:0 (G4Tubs) ... OK! 
Checking overlaps for volume cav02:0 (G4Tubs) ... OK! 
BLCMDpillbox::construct cav02 parent= relZ=989.9 globZ=989.9
	zmin=879.8 zmax=1100.0
Checking overlaps for volume cav03Pipe:0 (G4Tubs) ... OK! 
Checking overlaps for volume cav03UsWall:0 (G4Tubs) ... OK! 
Checking overlaps for volume cav03DsWall:0 (G4Tubs) ... OK! 
Checking overlaps for volume cav03UsWin1:0 (G4Tubs) ... OK! 
Checking overlaps for volume cav03DsWin1:0 (G4Tubs) ... OK! 
Checking overlaps for volume cav03UsWin2:0 (G4Tubs) ... OK! 
Checking overlaps for volume cav03DsWin2:0 (G4Tubs) ... OK! 
Checking overlaps for volume cav03DsHalf:0 (G4Tubs) ... OK! 
Checking overlaps for volume cav03TimingVol:0 (G4Tubs) ... OK! 
Checking overlaps for volume cav03:0 (G4Tubs) ... OK! 
BLCMDpillbox::construct cav03 parent= relZ=1210.1 globZ=1210.1
	zmin=1100.0 zmax=1320.2
Checking overlaps for volume cav04Pipe:0 (G4Tubs) ... OK! 
Checking overlaps for volume cav04UsWall:0 (G4Tubs) ... OK! 
Checking overlaps for volume cav04DsWall:0 (G4Tubs) ... OK! 
Checking overlaps for volume cav04UsWin1:0 (G4Tubs) ... OK! 
Checking overlaps for volume cav04DsWin1:0 (G4Tubs) ... OK! 
Checking overlaps for volume cav04UsWin2:0 (G4Tubs) ... OK! 
Checking overlaps for volume cav04DsWin2:0 (G4Tubs) ... OK! 
Checking overlaps for volume cav04DsHalf:0 (G4Tubs) ... OK! 
Checking overlaps for volume cav04TimingVol:0 (G4Tubs) ... OK! 
Checking overlaps for volume cav04:0 (G4Tubs) ... OK! 
BLCMDpillbox::construct cav04 parent= relZ=1430.3 globZ=1430.3
	zmin=1320.2 zmax=1540.4
Checking overlaps for volume cav05Pipe:0 (G4Tubs) ... OK! 
Checking overlaps for volume cav05UsWall:0 (G4Tubs) ... OK! 
Checking overlaps for volume cav05DsWall:0 (G4Tubs) ... OK! 
Checking overlaps for volume cav05UsWin1:0 (G4Tubs) ... OK! 
Checking overlaps for volume cav05DsWin1:0 (G4Tubs) ... OK! 
Checking overlaps for volume cav05UsWin2:0 (G4Tubs) ... OK! 
Checking overlaps for volume cav05DsWin2:0 (G4Tubs) ... OK! 
Checking overlaps for volume cav05DsHalf:0 (G4Tubs) ... OK! 
Checking overlaps for volume cav05TimingVol:0 (G4Tubs) ... OK! 
Checking overlaps for volume cav05:0 (G4Tubs) ... OK! 
BLCMDpillbox::construct cav05 parent= relZ=1650.5 globZ=1650.5
	zmin=1540.4 zmax=1760.6
Checking overlaps for volume cav10Pipe:0 (G4Tubs) ... OK! 
Checking overlaps for volume cav10UsWall:0 (G4Tubs) ... OK! 
Checking overlaps for volume cav10DsWall:0 (G4Tubs) ... OK! 
Checking overlaps for volume cav10UsWin1:0 (G4Tubs) ... OK! 
Checking overlaps for volume cav10DsWin1:0 (G4Tubs) ... OK! 
Checking overlaps for volume cav10UsWin2:0 (G4Tubs) ... OK! 
Checking overlaps for volume cav10DsWin2:0 (G4Tubs) ... OK! 
Checking overlaps for volume cav10DsHalf:0 (G4Tubs) ... OK! 
Checking overlaps for volume cav10TimingVol:0 (G4Tubs) ... OK! 
Checking overlaps for volume cav10:0 (G4Tubs) ... OK! 
BLCMDpillbox::construct cav10 parent= relZ=2749.5 globZ=2749.5
	zmin=2639.4 zmax=2859.6
Checking overlaps for volume cav11Pipe:0 (G4Tubs) ... OK! 
Checking overlaps for volume cav11UsWall:0 (G4Tubs) ... OK! 
Checking overlaps for volume cav11DsWall:0 (G4Tubs) ... OK! 
Checking overlaps for volume cav11UsWin1:0 (G4Tubs) ... OK! 
Checking overlaps for volume cav11DsWin1:0 (G4Tubs) ... OK! 
Checking overlaps for volume cav11UsWin2:0 (G4Tubs) ... OK! 
Checking overlaps for volume cav11DsWin2:0 (G4Tubs) ... OK! 
Checking overlaps for volume cav11DsHalf:0 (G4Tubs) ... OK! 
Checking overlaps for volume cav11TimingVol:0 (G4Tubs) ... OK! 
Checking overlaps for volume cav11:0 (G4Tubs) ... OK! 
BLCMDpillbox::construct cav11 parent= relZ=2969.7 globZ=2969.7
	zmin=2859.6 zmax=3079.8
Checking overlaps for volume cav12Pipe:0 (G4Tubs) ... OK! 
Checking overlaps for volume cav12UsWall:0 (G4Tubs) ... OK! 
Checking overlaps for volume cav12DsWall:0 (G4Tubs) ... OK! 
Checking overlaps for volume cav12UsWin1:0 (G4Tubs) ... OK! 
Checking overlaps for volume cav12DsWin1:0 (G4Tubs) ... OK! 
Checking overlaps for volume cav12UsWin2:0 (G4Tubs) ... OK! 
Checking overlaps for volume cav12DsWin2:0 (G4Tubs) ... OK! 
Checking overlaps for volume cav12DsHalf:0 (G4Tubs) ... OK! 
Checking overlaps for volume cav12TimingVol:0 (G4Tubs) ... OK! 
Checking overlaps for volume cav12:0 (G4Tubs) ... OK! 
BLCMDpillbox::construct cav12 parent= relZ=3189.9 globZ=3189.9
	zmin=3079.8 zmax=3300.0
Checking overlaps for volume cav13Pipe:0 (G4Tubs) ... OK! 
Checking overlaps for volume cav13UsWall:0 (G4Tubs) ... OK! 
Checking overlaps for volume cav13DsWall:0 (G4Tubs) ... OK! 
Checking overlaps for volume cav13UsWin1:0 (G4Tubs) ... OK! 
Checking overlaps for volume cav13DsWin1:0 (G4Tubs) ... OK! 
Checking overlaps for volume cav13UsWin2:0 (G4Tubs) ... OK! 
Checking overlaps for volume cav13DsWin2:0 (G4Tubs) ... OK! 
Checking overlaps for volume cav13DsHalf:0 (G4Tubs) ... OK! 
Checking overlaps for volume cav13TimingVol:0 (G4Tubs) ... OK! 
Checking overlaps for volume cav13:0 (G4Tubs) ... OK! 
BLCMDpillbox::construct cav13 parent= relZ=3410.1 globZ=3410.1
	zmin=3300.0 zmax=3520.2
Checking overlaps for volume cav14Pipe:0 (G4Tubs) ... OK! 
Checking overlaps for volume cav14UsWall:0 (G4Tubs) ... OK! 
Checking overlaps for volume cav14DsWall:0 (G4Tubs) ... OK! 
Checking overlaps for volume cav14UsWin1:0 (G4Tubs) ... OK! 
Checking overlaps for volume cav14DsWin1:0 (G4Tubs) ... OK! 
Checking overlaps for volume cav14UsWin2:0 (G4Tubs) ... OK! 
Checking overlaps for volume cav14DsWin2:0 (G4Tubs) ... OK! 
Checking overlaps for volume cav14DsHalf:0 (G4Tubs) ... OK! 
Checking overlaps for volume cav14TimingVol:0 (G4Tubs) ... OK! 
Checking overlaps for volume cav14:0 (G4Tubs) ... OK! 
BLCMDpillbox::construct cav14 parent= relZ=3630.3 globZ=3630.3
	zmin=3520.2 zmax=3740.4
Checking overlaps for volume cav15Pipe:0 (G4Tubs) ... OK! 
Checking overlaps for volume cav15UsWall:0 (G4Tubs) ... OK! 
Checking overlaps for volume cav15DsWall:0 (G4Tubs) ... OK! 
Checking overlaps for volume cav15UsWin1:0 (G4Tubs) ... OK! 
Checking overlaps for volume cav15DsWin1:0 (G4Tubs) ... OK! 
Checking overlaps for volume cav15UsWin2:0 (G4Tubs) ... OK! 
Checking overlaps for volume cav15DsWin2:0 (G4Tubs) ... OK! 
Checking overlaps for volume cav15DsHalf:0 (G4Tubs) ... OK! 
Checking overlaps for volume cav15TimingVol:0 (G4Tubs) ... OK! 
Checking overlaps for volume cav15:0 (G4Tubs) ... OK! 
BLCMDpillbox::construct cav15 parent= relZ=3850.5 globZ=3850.5
	zmin=3740.4 zmax=3960.6
Checking overlaps for volume cav20Pipe:0 (G4Tubs) ... OK! 
Checking overlaps for volume cav20UsWall:0 (G4Tubs) ... OK! 
Checking overlaps for volume cav20DsWall:0 (G4Tubs) ... OK! 
Checking overlaps for volume cav20UsWin1:0 (G4Tubs) ... OK! 
Checking overlaps for volume cav20DsWin1:0 (G4Tubs) ... OK! 
Checking overlaps for volume cav20UsWin2:0 (G4Tubs) ... OK! 
Checking overlaps for volume cav20DsWin2:0 (G4Tubs) ... OK! 
Checking overlaps for volume cav20DsHalf:0 (G4Tubs) ... OK! 
Checking overlaps for volume cav20TimingVol:0 (G4Tubs) ... OK! 
Checking overlaps for volume cav20:0 (G4Tubs) ... OK! 
BLCMDpillbox::construct cav20 parent= relZ=4949.5 globZ=4949.5
	zmin=4839.4 zmax=5059.6
Checking overlaps for volume cav21Pipe:0 (G4Tubs) ... OK! 
Checking overlaps for volume cav21UsWall:0 (G4Tubs) ... OK! 
Checking overlaps for volume cav21DsWall:0 (G4Tubs) ... OK! 
Checking overlaps for volume cav21UsWin1:0 (G4Tubs) ... OK! 
Checking overlaps for volume cav21DsWin1:0 (G4Tubs) ... OK! 
Checking overlaps for volume cav21UsWin2:0 (G4Tubs) ... OK! 
Checking overlaps for volume cav21DsWin2:0 (G4Tubs) ... OK! 
Checking overlaps for volume cav21DsHalf:0 (G4Tubs) ... OK! 
Checking overlaps for volume cav21TimingVol:0 (G4Tubs) ... OK! 
Checking overlaps for volume cav21:0 (G4Tubs) ... OK! 
BLCMDpillbox::construct cav21 parent= relZ=5169.7 globZ=5169.7
	zmin=5059.6 zmax=5279.8
Checking overlaps for volume cav22Pipe:0 (G4Tubs) ... OK! 
Checking overlaps for volume cav22UsWall:0 (G4Tubs) ... OK! 
Checking overlaps for volume cav22DsWall:0 (G4Tubs) ... OK! 
Checking overlaps for volume cav22UsWin1:0 (G4Tubs) ... OK! 
Checking overlaps for volume cav22DsWin1:0 (G4Tubs) ... OK! 
Checking overlaps for volume cav22UsWin2:0 (G4Tubs) ... OK! 
Checking overlaps for volume cav22DsWin2:0 (G4Tubs) ... OK! 
Checking overlaps for volume cav22DsHalf:0 (G4Tubs) ... OK! 
Checking overlaps for volume cav22TimingVol:0 (G4Tubs) ... OK! 
Checking overlaps for volume cav22:0 (G4Tubs) ... OK! 
BLCMDpillbox::construct cav22 parent= relZ=5389.9 globZ=5389.9
	zmin=5279.8 zmax=5500.0
Checking overlaps for volume cav23Pipe:0 (G4Tubs) ... OK! 
Checking overlaps for volume cav23UsWall:0 (G4Tubs) ... OK! 
Checking overlaps for volume cav23DsWall:0 (G4Tubs) ... OK! 
Checking overlaps for volume cav23UsWin1:0 (G4Tubs) ... OK! 
Checking overlaps for volume cav23DsWin1:0 (G4Tubs) ... OK! 
Checking overlaps for volume cav23UsWin2:0 (G4Tubs) ... OK! 
Checking overlaps for volume cav23DsWin2:0 (G4Tubs) ... OK! 
Checking overlaps for volume cav23DsHalf:0 (G4Tubs) ... OK! 
Checking overlaps for volume cav23TimingVol:0 (G4Tubs) ... OK! 
Checking overlaps for volume cav23:0 (G4Tubs) ... OK! 
BLCMDpillbox::construct cav23 parent= relZ=5610.1 globZ=5610.1
	zmin=5500.0 zmax=5720.2
Checking overlaps for volume cav24Pipe:0 (G4Tubs) ... OK! 
Checking overlaps for volume cav24UsWall:0 (G4Tubs) ... OK! 
Checking overlaps for volume cav24DsWall:0 (G4Tubs) ... OK! 
Checking overlaps for volume cav24UsWin1:0 (G4Tubs) ... OK! 
Checking overlaps for volume cav24DsWin1:0 (G4Tubs) ... OK! 
Checking overlaps for volume cav24UsWin2:0 (G4Tubs) ... OK! 
Checking overlaps for volume cav24DsWin2:0 (G4Tubs) ... OK! 
Checking overlaps for volume cav24DsHalf:0 (G4Tubs) ... OK! 
Checking overlaps for volume cav24TimingVol:0 (G4Tubs) ... OK! 
Checking overlaps for volume cav24:0 (G4Tubs) ... OK! 
BLCMDpillbox::construct cav24 parent= relZ=5830.3 globZ=5830.3
	zmin=5720.2 zmax=5940.4
Checking overlaps for volume cav25Pipe:0 (G4Tubs) ... OK! 
Checking overlaps for volume cav25UsWall:0 (G4Tubs) ... OK! 
Checking overlaps for volume cav25DsWall:0 (G4Tubs) ... OK! 
Checking overlaps for volume cav25UsWin1:0 (G4Tubs) ... OK! 
Checking overlaps for volume cav25DsWin1:0 (G4Tubs) ... OK! 
Checking overlaps for volume cav25UsWin2:0 (G4Tubs) ... OK! 
Checking overlaps for volume cav25DsWin2:0 (G4Tubs) ... OK! 
Checking overlaps for volume cav25DsHalf:0 (G4Tubs) ... OK! 
Checking overlaps for volume cav25TimingVol:0 (G4Tubs) ... OK! 
Checking overlaps for volume cav25:0 (G4Tubs) ... OK! 
BLCMDpillbox::construct cav25 parent= relZ=6050.5 globZ=6050.5
	zmin=5940.4 zmax=6160.6
Checking overlaps for volume cav30Pipe:0 (G4Tubs) ... OK! 
Checking overlaps for volume cav30UsWall:0 (G4Tubs) ... OK! 
Checking overlaps for volume cav30DsWall:0 (G4Tubs) ... OK! 
Checking overlaps for volume cav30UsWin1:0 (G4Tubs) ... OK! 
Checking overlaps for volume cav30DsWin1:0 (G4Tubs) ... OK! 
Checking overlaps for volume cav30UsWin2:0 (G4Tubs) ... OK! 
Checking overlaps for volume cav30DsWin2:0 (G4Tubs) ... OK! 
Checking overlaps for volume cav30DsHalf:0 (G4Tubs) ... OK! 
Checking overlaps for volume cav30TimingVol:0 (G4Tubs) ... OK! 
Checking overlaps for volume cav30:0 (G4Tubs) ... OK! 
BLCMDpillbox::construct cav30 parent= relZ=7149.5 globZ=7149.5
	zmin=7039.4 zmax=7259.6
Checking overlaps for volume cav31Pipe:0 (G4Tubs) ... OK! 
Checking overlaps for volume cav31UsWall:0 (G4Tubs) ... OK! 
Checking overlaps for volume cav31DsWall:0 (G4Tubs) ... OK! 
Checking overlaps for volume cav31UsWin1:0 (G4Tubs) ... OK! 
Checking overlaps for volume cav31DsWin1:0 (G4Tubs) ... OK! 
Checking overlaps for volume cav31UsWin2:0 (G4Tubs) ... OK! 
Checking overlaps for volume cav31DsWin2:0 (G4Tubs) ... OK! 
Checking overlaps for volume cav31DsHalf:0 (G4Tubs) ... OK! 
Checking overlaps for volume cav31TimingVol:0 (G4Tubs) ... OK! 
Checking overlaps for volume cav31:0 (G4Tubs) ... OK! 
BLCMDpillbox::construct cav31 parent= relZ=7369.7 globZ=7369.7
	zmin=7259.6 zmax=7479.8
Checking overlaps for volume cav32Pipe:0 (G4Tubs) ... OK! 
Checking overlaps for volume cav32UsWall:0 (G4Tubs) ... OK! 
Checking overlaps for volume cav32DsWall:0 (G4Tubs) ... OK! 
Checking overlaps for volume cav32UsWin1:0 (G4Tubs) ... OK! 
Checking overlaps for volume cav32DsWin1:0 (G4Tubs) ... OK! 
Checking overlaps for volume cav32UsWin2:0 (G4Tubs) ... OK! 
Checking overlaps for volume cav32DsWin2:0 (G4Tubs) ... OK! 
Checking overlaps for volume cav32DsHalf:0 (G4Tubs) ... OK! 
Checking overlaps for volume cav32TimingVol:0 (G4Tubs) ... OK! 
Checking overlaps for volume cav32:0 (G4Tubs) ... OK! 
BLCMDpillbox::construct cav32 parent= relZ=7589.9 globZ=7589.9
	zmin=7479.8 zmax=7700.0
Checking overlaps for volume cav33Pipe:0 (G4Tubs) ... OK! 
Checking overlaps for volume cav33UsWall:0 (G4Tubs) ... OK! 
Checking overlaps for volume cav33DsWall:0 (G4Tubs) ... OK! 
Checking overlaps for volume cav33UsWin1:0 (G4Tubs) ... OK! 
Checking overlaps for volume cav33DsWin1:0 (G4Tubs) ... OK! 
Checking overlaps for volume cav33UsWin2:0 (G4Tubs) ... OK! 
Checking overlaps for volume cav33DsWin2:0 (G4Tubs) ... OK! 
Checking overlaps for volume cav33DsHalf:0 (G4Tubs) ... OK! 
Checking overlaps for volume cav33TimingVol:0 (G4Tubs) ... OK! 
Checking overlaps for volume cav33:0 (G4Tubs) ... OK! 
BLCMDpillbox::construct cav33 parent= relZ=7810.1 globZ=7810.1
	zmin=7700.0 zmax=7920.2
Checking overlaps for volume cav34Pipe:0 (G4Tubs) ... OK! 
Checking overlaps for volume cav34UsWall:0 (G4Tubs) ... OK! 
Checking overlaps for volume cav34DsWall:0 (G4Tubs) ... OK! 
Checking overlaps for volume cav34UsWin1:0 (G4Tubs) ... OK! 
Checking overlaps for volume cav34DsWin1:0 (G4Tubs) ... OK! 
Checking overlaps for volume cav34UsWin2:0 (G4Tubs) ... OK! 
Checking overlaps for volume cav34DsWin2:0 (G4Tubs) ... OK! 
Checking overlaps for volume cav34DsHalf:0 (G4Tubs) ... OK! 
Checking overlaps for volume cav34TimingVol:0 (G4Tubs) ... OK! 
Checking overlaps for volume cav34:0 (G4Tubs) ... OK! 
BLCMDpillbox::construct cav34 parent= relZ=8030.3 globZ=8030.3
	zmin=7920.2 zmax=8140.4
Checking overlaps for volume cav35Pipe:0 (G4Tubs) ... OK! 
Checking overlaps for volume cav35UsWall:0 (G4Tubs) ... OK! 
Checking overlaps for volume cav35DsWall:0 (G4Tubs) ... OK! 
Checking overlaps for volume cav35UsWin1:0 (G4Tubs) ... OK! 
Checking overlaps for volume cav35DsWin1:0 (G4Tubs) ... OK! 
Checking overlaps for volume cav35UsWin2:0 (G4Tubs) ... OK! 
Checking overlaps for volume cav35DsWin2:0 (G4Tubs) ... OK! 
Checking overlaps for volume cav35DsHalf:0 (G4Tubs) ... OK! 
Checking overlaps for volume cav35TimingVol:0 (G4Tubs) ... OK! 
Checking overlaps for volume cav35:0 (G4Tubs) ... OK! 
BLCMDpillbox::construct cav35 parent= relZ=8250.5 globZ=8250.5
	zmin=8140.4 zmax=8360.6
Checking overlaps for volume cav40Pipe:0 (G4Tubs) ... OK! 
Checking overlaps for volume cav40UsWall:0 (G4Tubs) ... OK! 
Checking overlaps for volume cav40DsWall:0 (G4Tubs) ... OK! 
Checking overlaps for volume cav40UsWin1:0 (G4Tubs) ... OK! 
Checking overlaps for volume cav40DsWin1:0 (G4Tubs) ... OK! 
Checking overlaps for volume cav40UsWin2:0 (G4Tubs) ... OK! 
Checking overlaps for volume cav40DsWin2:0 (G4Tubs) ... OK! 
Checking overlaps for volume cav40DsHalf:0 (G4Tubs) ... OK! 
Checking overlaps for volume cav40TimingVol:0 (G4Tubs) ... OK! 
Checking overlaps for volume cav40:0 (G4Tubs) ... OK! 
BLCMDpillbox::construct cav40 parent= relZ=9349.5 globZ=9349.5
	zmin=9239.4 zmax=9459.6
Checking overlaps for volume cav41Pipe:0 (G4Tubs) ... OK! 
Checking overlaps for volume cav41UsWall:0 (G4Tubs) ... OK! 
Checking overlaps for volume cav41DsWall:0 (G4Tubs) ... OK! 
Checking overlaps for volume cav41UsWin1:0 (G4Tubs) ... OK! 
Checking overlaps for volume cav41DsWin1:0 (G4Tubs) ... OK! 
Checking overlaps for volume cav41UsWin2:0 (G4Tubs) ... OK! 
Checking overlaps for volume cav41DsWin2:0 (G4Tubs) ... OK! 
Checking overlaps for volume cav41DsHalf:0 (G4Tubs) ... OK! 
Checking overlaps for volume cav41TimingVol:0 (G4Tubs) ... OK! 
Checking overlaps for volume cav41:0 (G4Tubs) ... OK! 
BLCMDpillbox::construct cav41 parent= relZ=9569.7 globZ=9569.7
	zmin=9459.6 zmax=9679.8
Checking overlaps for volume cav42Pipe:0 (G4Tubs) ... OK! 
Checking overlaps for volume cav42UsWall:0 (G4Tubs) ... OK! 
Checking overlaps for volume cav42DsWall:0 (G4Tubs) ... OK! 
Checking overlaps for volume cav42UsWin1:0 (G4Tubs) ... OK! 
Checking overlaps for volume cav42DsWin1:0 (G4Tubs) ... OK! 
Checking overlaps for volume cav42UsWin2:0 (G4Tubs) ... OK! 
Checking overlaps for volume cav42DsWin2:0 (G4Tubs) ... OK! 
Checking overlaps for volume cav42DsHalf:0 (G4Tubs) ... OK! 
Checking overlaps for volume cav42TimingVol:0 (G4Tubs) ... OK! 
Checking overlaps for volume cav42:0 (G4Tubs) ... OK! 
BLCMDpillbox::construct cav42 parent= relZ=9789.9 globZ=9789.9
	zmin=9679.8 zmax=9900.0
Checking overlaps for volume cav43Pipe:0 (G4Tubs) ... OK! 
Checking overlaps for volume cav43UsWall:0 (G4Tubs) ... OK! 
Checking overlaps for volume cav43DsWall:0 (G4Tubs) ... OK! 
Checking overlaps for volume cav43UsWin1:0 (G4Tubs) ... OK! 
Checking overlaps for volume cav43DsWin1:0 (G4Tubs) ... OK! 
Checking overlaps for volume cav43UsWin2:0 (G4Tubs) ... OK! 
Checking overlaps for volume cav43DsWin2:0 (G4Tubs) ... OK! 
Checking overlaps for volume cav43DsHalf:0 (G4Tubs) ... OK! 
Checking overlaps for volume cav43TimingVol:0 (G4Tubs) ... OK! 
Checking overlaps for volume cav43:0 (G4Tubs) ... OK! 
BLCMDpillbox::construct cav43 parent= relZ=10010.1 globZ=10010.1
	zmin=9900.0 zmax=10120.2
Checking overlaps for volume cav44Pipe:0 (G4Tubs) ... OK! 
Checking overlaps for volume cav44UsWall:0 (G4Tubs) ... OK! 
Checking overlaps for volume cav44DsWall:0 (G4Tubs) ... OK! 
Checking overlaps for volume cav44UsWin1:0 (G4Tubs) ... OK! 
Checking overlaps for volume cav44DsWin1:0 (G4Tubs) ... OK! 
Checking overlaps for volume cav44UsWin2:0 (G4Tubs) ... OK! 
Checking overlaps for volume cav44DsWin2:0 (G4Tubs) ... OK! 
Checking overlaps for volume cav44DsHalf:0 (G4Tubs) ... OK! 
Checking overlaps for volume cav44TimingVol:0 (G4Tubs) ... OK! 
Checking overlaps for volume cav44:0 (G4Tubs) ... OK! 
BLCMDpillbox::construct cav44 parent= relZ=10230.3 globZ=10230.3
	zmin=10120.2 zmax=10340.4
Checking overlaps for volume cav45Pipe:0 (G4Tubs) ... OK! 
Checking overlaps for volume cav45UsWall:0 (G4Tubs) ... OK! 
Checking overlaps for volume cav45DsWall:0 (G4Tubs) ... OK! 
Checking overlaps for volume cav45UsWin1:0 (G4Tubs) ... OK! 
Checking overlaps for volume cav45DsWin1:0 (G4Tubs) ... OK! 
Checking overlaps for volume cav45UsWin2:0 (G4Tubs) ... OK! 
Checking overlaps for volume cav45DsWin2:0 (G4Tubs) ... OK! 
Checking overlaps for volume cav45DsHalf:0 (G4Tubs) ... OK! 
Checking overlaps for volume cav45TimingVol:0 (G4Tubs) ... OK! 
Checking overlaps for volume cav45:0 (G4Tubs) ... OK! 
BLCMDpillbox::construct cav45 parent= relZ=10450.5 globZ=10450.5
	zmin=10340.4 zmax=10560.6
Checking overlaps for volume cav50Pipe:0 (G4Tubs) ... OK! 
Checking overlaps for volume cav50UsWall:0 (G4Tubs) ... OK! 
Checking overlaps for volume cav50DsWall:0 (G4Tubs) ... OK! 
Checking overlaps for volume cav50UsWin1:0 (G4Tubs) ... OK! 
Checking overlaps for volume cav50DsWin1:0 (G4Tubs) ... OK! 
Checking overlaps for volume cav50UsWin2:0 (G4Tubs) ... OK! 
Checking overlaps for volume cav50DsWin2:0 (G4Tubs) ... OK! 
Checking overlaps for volume cav50DsHalf:0 (G4Tubs) ... OK! 
Checking overlaps for volume cav50TimingVol:0 (G4Tubs) ... OK! 
Checking overlaps for volume cav50:0 (G4Tubs) ... OK! 
BLCMDpillbox::construct cav50 parent= relZ=11549.5 globZ=11549.5
	zmin=11439.4 zmax=11659.6
Checking overlaps for volume cav51Pipe:0 (G4Tubs) ... OK! 
Checking overlaps for volume cav51UsWall:0 (G4Tubs) ... OK! 
Checking overlaps for volume cav51DsWall:0 (G4Tubs) ... OK! 
Checking overlaps for volume cav51UsWin1:0 (G4Tubs) ... OK! 
Checking overlaps for volume cav51DsWin1:0 (G4Tubs) ... OK! 
Checking overlaps for volume cav51UsWin2:0 (G4Tubs) ... OK! 
Checking overlaps for volume cav51DsWin2:0 (G4Tubs) ... OK! 
Checking overlaps for volume cav51DsHalf:0 (G4Tubs) ... OK! 
Checking overlaps for volume cav51TimingVol:0 (G4Tubs) ... OK! 
Checking overlaps for volume cav51:0 (G4Tubs) ... OK! 
BLCMDpillbox::construct cav51 parent= relZ=11769.7 globZ=11769.7
	zmin=11659.6 zmax=11879.8
Checking overlaps for volume cav52Pipe:0 (G4Tubs) ... OK! 
Checking overlaps for volume cav52UsWall:0 (G4Tubs) ... OK! 
Checking overlaps for volume cav52DsWall:0 (G4Tubs) ... OK! 
Checking overlaps for volume cav52UsWin1:0 (G4Tubs) ... OK! 
Checking overlaps for volume cav52DsWin1:0 (G4Tubs) ... OK! 
Checking overlaps for volume cav52UsWin2:0 (G4Tubs) ... OK! 
Checking overlaps for volume cav52DsWin2:0 (G4Tubs) ... OK! 
Checking overlaps for volume cav52DsHalf:0 (G4Tubs) ... OK! 
Checking overlaps for volume cav52TimingVol:0 (G4Tubs) ... OK! 
Checking overlaps for volume cav52:0 (G4Tubs) ... OK! 
BLCMDpillbox::construct cav52 parent= relZ=11989.9 globZ=11989.9
	zmin=11879.8 zmax=12100.0
Checking overlaps for volume cav53Pipe:0 (G4Tubs) ... OK! 
Checking overlaps for volume cav53UsWall:0 (G4Tubs) ... OK! 
Checking overlaps for volume cav53DsWall:0 (G4Tubs) ... OK! 
Checking overlaps for volume cav53UsWin1:0 (G4Tubs) ... OK! 
Checking overlaps for volume cav53DsWin1:0 (G4Tubs) ... OK! 
Checking overlaps for volume cav53UsWin2:0 (G4Tubs) ... OK! 
Checking overlaps for volume cav53DsWin2:0 (G4Tubs) ... OK! 
Checking overlaps for volume cav53DsHalf:0 (G4Tubs) ... OK! 
Checking overlaps for volume cav53TimingVol:0 (G4Tubs) ... OK! 
Checking overlaps for volume cav53:0 (G4Tubs) ... OK! 
BLCMDpillbox::construct cav53 parent= relZ=12210.1 globZ=12210.1
	zmin=12100.0 zmax=12320.2
Checking overlaps for volume cav54Pipe:0 (G4Tubs) ... OK! 
Checking overlaps for volume cav54UsWall:0 (G4Tubs) ... OK! 
Checking overlaps for volume cav54DsWall:0 (G4Tubs) ... OK! 
Checking overlaps for volume cav54UsWin1:0 (G4Tubs) ... OK! 
Checking overlaps for volume cav54DsWin1:0 (G4Tubs) ... OK! 
Checking overlaps for volume cav54UsWin2:0 (G4Tubs) ... OK! 
Checking overlaps for volume cav54DsWin2:0 (G4Tubs) ... OK! 
Checking overlaps for volume cav54DsHalf:0 (G4Tubs) ... OK! 
Checking overlaps for volume cav54TimingVol:0 (G4Tubs) ... OK! 
Checking overlaps for volume cav54:0 (G4Tubs) ... OK! 
BLCMDpillbox::construct cav54 parent= relZ=12430.3 globZ=12430.3
	zmin=12320.2 zmax=12540.4
Checking overlaps for volume cav55Pipe:0 (G4Tubs) ... OK! 
Checking overlaps for volume cav55UsWall:0 (G4Tubs) ... OK! 
Checking overlaps for volume cav55DsWall:0 (G4Tubs) ... OK! 
Checking overlaps for volume cav55UsWin1:0 (G4Tubs) ... OK! 
Checking overlaps for volume cav55DsWin1:0 (G4Tubs) ... OK! 
Checking overlaps for volume cav55UsWin2:0 (G4Tubs) ... OK! 
Checking overlaps for volume cav55DsWin2:0 (G4Tubs) ... OK! 
Checking overlaps for volume cav55DsHalf:0 (G4Tubs) ... OK! 
Checking overlaps for volume cav55TimingVol:0 (G4Tubs) ... OK! 
Checking overlaps for volume cav55:0 (G4Tubs) ... OK! 
BLCMDpillbox::construct cav55 parent= relZ=12650.5 globZ=12650.5
	zmin=12540.4 zmax=12760.6
Checking overlaps for volume cav60Pipe:0 (G4Tubs) ... OK! 
Checking overlaps for volume cav60UsWall:0 (G4Tubs) ... OK! 
Checking overlaps for volume cav60DsWall:0 (G4Tubs) ... OK! 
Checking overlaps for volume cav60UsWin1:0 (G4Tubs) ... OK! 
Checking overlaps for volume cav60DsWin1:0 (G4Tubs) ... OK! 
Checking overlaps for volume cav60UsWin2:0 (G4Tubs) ... OK! 
Checking overlaps for volume cav60DsWin2:0 (G4Tubs) ... OK! 
Checking overlaps for volume cav60DsHalf:0 (G4Tubs) ... OK! 
Checking overlaps for volume cav60TimingVol:0 (G4Tubs) ... OK! 
Checking overlaps for volume cav60:0 (G4Tubs) ... OK! 
BLCMDpillbox::construct cav60 parent= relZ=13749.5 globZ=13749.5
	zmin=13639.4 zmax=13859.6
Checking overlaps for volume cav61Pipe:0 (G4Tubs) ... OK! 
Checking overlaps for volume cav61UsWall:0 (G4Tubs) ... OK! 
Checking overlaps for volume cav61DsWall:0 (G4Tubs) ... OK! 
Checking overlaps for volume cav61UsWin1:0 (G4Tubs) ... OK! 
Checking overlaps for volume cav61DsWin1:0 (G4Tubs) ... OK! 
Checking overlaps for volume cav61UsWin2:0 (G4Tubs) ... OK! 
Checking overlaps for volume cav61DsWin2:0 (G4Tubs) ... OK! 
Checking overlaps for volume cav61DsHalf:0 (G4Tubs) ... OK! 
Checking overlaps for volume cav61TimingVol:0 (G4Tubs) ... OK! 
Checking overlaps for volume cav61:0 (G4Tubs) ... OK! 
BLCMDpillbox::construct cav61 parent= relZ=13969.7 globZ=13969.7
	zmin=13859.6 zmax=14079.8
Checking overlaps for volume cav62Pipe:0 (G4Tubs) ... OK! 
Checking overlaps for volume cav62UsWall:0 (G4Tubs) ... OK! 
Checking overlaps for volume cav62DsWall:0 (G4Tubs) ... OK! 
Checking overlaps for volume cav62UsWin1:0 (G4Tubs) ... OK! 
Checking overlaps for volume cav62DsWin1:0 (G4Tubs) ... OK! 
Checking overlaps for volume cav62UsWin2:0 (G4Tubs) ... OK! 
Checking overlaps for volume cav62DsWin2:0 (G4Tubs) ... OK! 
Checking overlaps for volume cav62DsHalf:0 (G4Tubs) ... OK! 
Checking overlaps for volume cav62TimingVol:0 (G4Tubs) ... OK! 
Checking overlaps for volume cav62:0 (G4Tubs) ... OK! 
BLCMDpillbox::construct cav62 parent= relZ=14189.9 globZ=14189.9
	zmin=14079.8 zmax=14300.0
Checking overlaps for volume cav63Pipe:0 (G4Tubs) ... OK! 
Checking overlaps for volume cav63UsWall:0 (G4Tubs) ... OK! 
Checking overlaps for volume cav63DsWall:0 (G4Tubs) ... OK! 
Checking overlaps for volume cav63UsWin1:0 (G4Tubs) ... OK! 
Checking overlaps for volume cav63DsWin1:0 (G4Tubs) ... OK! 
Checking overlaps for volume cav63UsWin2:0 (G4Tubs) ... OK! 
Checking overlaps for volume cav63DsWin2:0 (G4Tubs) ... OK! 
Checking overlaps for volume cav63DsHalf:0 (G4Tubs) ... OK! 
Checking overlaps for volume cav63TimingVol:0 (G4Tubs) ... OK! 
Checking overlaps for volume cav63:0 (G4Tubs) ... OK! 
BLCMDpillbox::construct cav63 parent= relZ=14410.1 globZ=14410.1
	zmin=14300.0 zmax=14520.2
Checking overlaps for volume cav64Pipe:0 (G4Tubs) ... OK! 
Checking overlaps for volume cav64UsWall:0 (G4Tubs) ... OK! 
Checking overlaps for volume cav64DsWall:0 (G4Tubs) ... OK! 
Checking overlaps for volume cav64UsWin1:0 (G4Tubs) ... OK! 
Checking overlaps for volume cav64DsWin1:0 (G4Tubs) ... OK! 
Checking overlaps for volume cav64UsWin2:0 (G4Tubs) ... OK! 
Checking overlaps for volume cav64DsWin2:0 (G4Tubs) ... OK! 
Checking overlaps for volume cav64DsHalf:0 (G4Tubs) ... OK! 
Checking overlaps for volume cav64TimingVol:0 (G4Tubs) ... OK! 
Checking overlaps for volume cav64:0 (G4Tubs) ... OK! 
BLCMDpillbox::construct cav64 parent= relZ=14630.3 globZ=14630.3
	zmin=14520.2 zmax=14740.4
Checking overlaps for volume cav65Pipe:0 (G4Tubs) ... OK! 
Checking overlaps for volume cav65UsWall:0 (G4Tubs) ... OK! 
Checking overlaps for volume cav65DsWall:0 (G4Tubs) ... OK! 
Checking overlaps for volume cav65UsWin1:0 (G4Tubs) ... OK! 
Checking overlaps for volume cav65DsWin1:0 (G4Tubs) ... OK! 
Checking overlaps for volume cav65UsWin2:0 (G4Tubs) ... OK! 
Checking overlaps for volume cav65DsWin2:0 (G4Tubs) ... OK! 
Checking overlaps for volume cav65DsHalf:0 (G4Tubs) ... OK! 
Checking overlaps for volume cav65TimingVol:0 (G4Tubs) ... OK! 
Checking overlaps for volume cav65:0 (G4Tubs) ... OK! 
BLCMDpillbox::construct cav65 parent= relZ=14850.5 globZ=14850.5
	zmin=14740.4 zmax=14960.6
Checking overlaps for volume cav70Pipe:0 (G4Tubs) ... OK! 
Checking overlaps for volume cav70UsWall:0 (G4Tubs) ... OK! 
Checking overlaps for volume cav70DsWall:0 (G4Tubs) ... OK! 
Checking overlaps for volume cav70UsWin1:0 (G4Tubs) ... OK! 
Checking overlaps for volume cav70DsWin1:0 (G4Tubs) ... OK! 
Checking overlaps for volume cav70UsWin2:0 (G4Tubs) ... OK! 
Checking overlaps for volume cav70DsWin2:0 (G4Tubs) ... OK! 
Checking overlaps for volume cav70DsHalf:0 (G4Tubs) ... OK! 
Checking overlaps for volume cav70TimingVol:0 (G4Tubs) ... OK! 
Checking overlaps for volume cav70:0 (G4Tubs) ... OK! 
BLCMDpillbox::construct cav70 parent= relZ=15949.5 globZ=15949.5
	zmin=15839.4 zmax=16059.6
Checking overlaps for volume cav71Pipe:0 (G4Tubs) ... OK! 
Checking overlaps for volume cav71UsWall:0 (G4Tubs) ... OK! 
Checking overlaps for volume cav71DsWall:0 (G4Tubs) ... OK! 
Checking overlaps for volume cav71UsWin1:0 (G4Tubs) ... OK! 
Checking overlaps for volume cav71DsWin1:0 (G4Tubs) ... OK! 
Checking overlaps for volume cav71UsWin2:0 (G4Tubs) ... OK! 
Checking overlaps for volume cav71DsWin2:0 (G4Tubs) ... OK! 
Checking overlaps for volume cav71DsHalf:0 (G4Tubs) ... OK! 
Checking overlaps for volume cav71TimingVol:0 (G4Tubs) ... OK! 
Checking overlaps for volume cav71:0 (G4Tubs) ... OK! 
BLCMDpillbox::construct cav71 parent= relZ=16169.7 globZ=16169.7
	zmin=16059.6 zmax=16279.8
Checking overlaps for volume cav72Pipe:0 (G4Tubs) ... OK! 
Checking overlaps for volume cav72UsWall:0 (G4Tubs) ... OK! 
Checking overlaps for volume cav72DsWall:0 (G4Tubs) ... OK! 
Checking overlaps for volume cav72UsWin1:0 (G4Tubs) ... OK! 
Checking overlaps for volume cav72DsWin1:0 (G4Tubs) ... OK! 
Checking overlaps for volume cav72UsWin2:0 (G4Tubs) ... OK! 
Checking overlaps for volume cav72DsWin2:0 (G4Tubs) ... OK! 
Checking overlaps for volume cav72DsHalf:0 (G4Tubs) ... OK! 
Checking overlaps for volume cav72TimingVol:0 (G4Tubs) ... OK! 
Checking overlaps for volume cav72:0 (G4Tubs) ... OK! 
BLCMDpillbox::construct cav72 parent= relZ=16389.9 globZ=16389.9
	zmin=16279.8 zmax=16500.0
Checking overlaps for volume cav73Pipe:0 (G4Tubs) ... OK! 
Checking overlaps for volume cav73UsWall:0 (G4Tubs) ... OK! 
Checking overlaps for volume cav73DsWall:0 (G4Tubs) ... OK! 
Checking overlaps for volume cav73UsWin1:0 (G4Tubs) ... OK! 
Checking overlaps for volume cav73DsWin1:0 (G4Tubs) ... OK! 
Checking overlaps for volume cav73UsWin2:0 (G4Tubs) ... OK! 
Checking overlaps for volume cav73DsWin2:0 (G4Tubs) ... OK! 
Checking overlaps for volume cav73DsHalf:0 (G4Tubs) ... OK! 
Checking overlaps for volume cav73TimingVol:0 (G4Tubs) ... OK! 
Checking overlaps for volume cav73:0 (G4Tubs) ... OK! 
BLCMDpillbox::construct cav73 parent= relZ=16610.1 globZ=16610.1
	zmin=16500.0 zmax=16720.2
Checking overlaps for volume cav74Pipe:0 (G4Tubs) ... OK! 
Checking overlaps for volume cav74UsWall:0 (G4Tubs) ... OK! 
Checking overlaps for volume cav74DsWall:0 (G4Tubs) ... OK! 
Checking overlaps for volume cav74UsWin1:0 (G4Tubs) ... OK! 
Checking overlaps for volume cav74DsWin1:0 (G4Tubs) ... OK! 
Checking overlaps for volume cav74UsWin2:0 (G4Tubs) ... OK! 
Checking overlaps for volume cav74DsWin2:0 (G4Tubs) ... OK! 
Checking overlaps for volume cav74DsHalf:0 (G4Tubs) ... OK! 
Checking overlaps for volume cav74TimingVol:0 (G4Tubs) ... OK! 
Checking overlaps for volume cav74:0 (G4Tubs) ... OK! 
BLCMDpillbox::construct cav74 parent= relZ=16830.3 globZ=16830.3
	zmin=16720.2 zmax=16940.4
Checking overlaps for volume cav75Pipe:0 (G4Tubs) ... OK! 
Checking overlaps for volume cav75UsWall:0 (G4Tubs) ... OK! 
Checking overlaps for volume cav75DsWall:0 (G4Tubs) ... OK! 
Checking overlaps for volume cav75UsWin1:0 (G4Tubs) ... OK! 
Checking overlaps for volume cav75DsWin1:0 (G4Tubs) ... OK! 
Checking overlaps for volume cav75UsWin2:0 (G4Tubs) ... OK! 
Checking overlaps for volume cav75DsWin2:0 (G4Tubs) ... OK! 
Checking overlaps for volume cav75DsHalf:0 (G4Tubs) ... OK! 
Checking overlaps for volume cav75TimingVol:0 (G4Tubs) ... OK! 
Checking overlaps for volume cav75:0 (G4Tubs) ... OK! 
BLCMDpillbox::construct cav75 parent= relZ=17050.5 globZ=17050.5
	zmin=16940.4 zmax=17160.6
Checking overlaps for volume cav80Pipe:0 (G4Tubs) ... OK! 
Checking overlaps for volume cav80UsWall:0 (G4Tubs) ... OK! 
Checking overlaps for volume cav80DsWall:0 (G4Tubs) ... OK! 
Checking overlaps for volume cav80UsWin1:0 (G4Tubs) ... OK! 
Checking overlaps for volume cav80DsWin1:0 (G4Tubs) ... OK! 
Checking overlaps for volume cav80UsWin2:0 (G4Tubs) ... OK! 
Checking overlaps for volume cav80DsWin2:0 (G4Tubs) ... OK! 
Checking overlaps for volume cav80DsHalf:0 (G4Tubs) ... OK! 
Checking overlaps for volume cav80TimingVol:0 (G4Tubs) ... OK! 
Checking overlaps for volume cav80:0 (G4Tubs) ... OK! 
BLCMDpillbox::construct cav80 parent= relZ=18149.5 globZ=18149.5
	zmin=18039.4 zmax=18259.6
Checking overlaps for volume cav81Pipe:0 (G4Tubs) ... OK! 
Checking overlaps for volume cav81UsWall:0 (G4Tubs) ... OK! 
Checking overlaps for volume cav81DsWall:0 (G4Tubs) ... OK! 
Checking overlaps for volume cav81UsWin1:0 (G4Tubs) ... OK! 
Checking overlaps for volume cav81DsWin1:0 (G4Tubs) ... OK! 
Checking overlaps for volume cav81UsWin2:0 (G4Tubs) ... OK! 
Checking overlaps for volume cav81DsWin2:0 (G4Tubs) ... OK! 
Checking overlaps for volume cav81DsHalf:0 (G4Tubs) ... OK! 
Checking overlaps for volume cav81TimingVol:0 (G4Tubs) ... OK! 
Checking overlaps for volume cav81:0 (G4Tubs) ... OK! 
BLCMDpillbox::construct cav81 parent= relZ=18369.7 globZ=18369.7
	zmin=18259.6 zmax=18479.8
Checking overlaps for volume cav82Pipe:0 (G4Tubs) ... OK! 
Checking overlaps for volume cav82UsWall:0 (G4Tubs) ... OK! 
Checking overlaps for volume cav82DsWall:0 (G4Tubs) ... OK! 
Checking overlaps for volume cav82UsWin1:0 (G4Tubs) ... OK! 
Checking overlaps for volume cav82DsWin1:0 (G4Tubs) ... OK! 
Checking overlaps for volume cav82UsWin2:0 (G4Tubs) ... OK! 
Checking overlaps for volume cav82DsWin2:0 (G4Tubs) ... OK! 
Checking overlaps for volume cav82DsHalf:0 (G4Tubs) ... OK! 
Checking overlaps for volume cav82TimingVol:0 (G4Tubs) ... OK! 
Checking overlaps for volume cav82:0 (G4Tubs) ... OK! 
BLCMDpillbox::construct cav82 parent= relZ=18589.9 globZ=18589.9
	zmin=18479.8 zmax=18700.0
Checking overlaps for volume cav83Pipe:0 (G4Tubs) ... OK! 
Checking overlaps for volume cav83UsWall:0 (G4Tubs) ... OK! 
Checking overlaps for volume cav83DsWall:0 (G4Tubs) ... OK! 
Checking overlaps for volume cav83UsWin1:0 (G4Tubs) ... OK! 
Checking overlaps for volume cav83DsWin1:0 (G4Tubs) ... OK! 
Checking overlaps for volume cav83UsWin2:0 (G4Tubs) ... OK! 
Checking overlaps for volume cav83DsWin2:0 (G4Tubs) ... OK! 
Checking overlaps for volume cav83DsHalf:0 (G4Tubs) ... OK! 
Checking overlaps for volume cav83TimingVol:0 (G4Tubs) ... OK! 
Checking overlaps for volume cav83:0 (G4Tubs) ... OK! 
BLCMDpillbox::construct cav83 parent= relZ=18810.1 globZ=18810.1
	zmin=18700.0 zmax=18920.2
Checking overlaps for volume cav84Pipe:0 (G4Tubs) ... OK! 
Checking overlaps for volume cav84UsWall:0 (G4Tubs) ... OK! 
Checking overlaps for volume cav84DsWall:0 (G4Tubs) ... OK! 
Checking overlaps for volume cav84UsWin1:0 (G4Tubs) ... OK! 
Checking overlaps for volume cav84DsWin1:0 (G4Tubs) ... OK! 
Checking overlaps for volume cav84UsWin2:0 (G4Tubs) ... OK! 
Checking overlaps for volume cav84DsWin2:0 (G4Tubs) ... OK! 
Checking overlaps for volume cav84DsHalf:0 (G4Tubs) ... OK! 
Checking overlaps for volume cav84TimingVol:0 (G4Tubs) ... OK! 
Checking overlaps for volume cav84:0 (G4Tubs) ... OK! 
BLCMDpillbox::construct cav84 parent= relZ=19030.3 globZ=19030.3
	zmin=18920.2 zmax=19140.4
Checking overlaps for volume cav85Pipe:0 (G4Tubs) ... OK! 
Checking overlaps for volume cav85UsWall:0 (G4Tubs) ... OK! 
Checking overlaps for volume cav85DsWall:0 (G4Tubs) ... OK! 
Checking overlaps for volume cav85UsWin1:0 (G4Tubs) ... OK! 
Checking overlaps for volume cav85DsWin1:0 (G4Tubs) ... OK! 
Checking overlaps for volume cav85UsWin2:0 (G4Tubs) ... OK! 
Checking overlaps for volume cav85DsWin2:0 (G4Tubs) ... OK! 
Checking overlaps for volume cav85DsHalf:0 (G4Tubs) ... OK! 
Checking overlaps for volume cav85TimingVol:0 (G4Tubs) ... OK! 
Checking overlaps for volume cav85:0 (G4Tubs) ... OK! 
BLCMDpillbox::construct cav85 parent= relZ=19250.5 globZ=19250.5
	zmin=19140.4 zmax=19360.6
Checking overlaps for volume cav90Pipe:0 (G4Tubs) ... OK! 
Checking overlaps for volume cav90UsWall:0 (G4Tubs) ... OK! 
Checking overlaps for volume cav90DsWall:0 (G4Tubs) ... OK! 
Checking overlaps for volume cav90UsWin1:0 (G4Tubs) ... OK! 
Checking overlaps for volume cav90DsWin1:0 (G4Tubs) ... OK! 
Checking overlaps for volume cav90UsWin2:0 (G4Tubs) ... OK! 
Checking overlaps for volume cav90DsWin2:0 (G4Tubs) ... OK! 
Checking overlaps for volume cav90DsHalf:0 (G4Tubs) ... OK! 
Checking overlaps for volume cav90TimingVol:0 (G4Tubs) ... OK! 
Checking overlaps for volume cav90:0 (G4Tubs) ... OK! 
BLCMDpillbox::construct cav90 parent= relZ=20349.5 globZ=20349.5
	zmin=20239.4 zmax=20459.6
Checking overlaps for volume cav91Pipe:0 (G4Tubs) ... OK! 
Checking overlaps for volume cav91UsWall:0 (G4Tubs) ... OK! 
Checking overlaps for volume cav91DsWall:0 (G4Tubs) ... OK! 
Checking overlaps for volume cav91UsWin1:0 (G4Tubs) ... OK! 
Checking overlaps for volume cav91DsWin1:0 (G4Tubs) ... OK! 
Checking overlaps for volume cav91UsWin2:0 (G4Tubs) ... OK! 
Checking overlaps for volume cav91DsWin2:0 (G4Tubs) ... OK! 
Checking overlaps for volume cav91DsHalf:0 (G4Tubs) ... OK! 
Checking overlaps for volume cav91TimingVol:0 (G4Tubs) ... OK! 
Checking overlaps for volume cav91:0 (G4Tubs) ... OK! 
BLCMDpillbox::construct cav91 parent= relZ=20569.7 globZ=20569.7
	zmin=20459.6 zmax=20679.8
Checking overlaps for volume cav92Pipe:0 (G4Tubs) ... OK! 
Checking overlaps for volume cav92UsWall:0 (G4Tubs) ... OK! 
Checking overlaps for volume cav92DsWall:0 (G4Tubs) ... OK! 
Checking overlaps for volume cav92UsWin1:0 (G4Tubs) ... OK! 
Checking overlaps for volume cav92DsWin1:0 (G4Tubs) ... OK! 
Checking overlaps for volume cav92UsWin2:0 (G4Tubs) ... OK! 
Checking overlaps for volume cav92DsWin2:0 (G4Tubs) ... OK! 
Checking overlaps for volume cav92DsHalf:0 (G4Tubs) ... OK! 
Checking overlaps for volume cav92TimingVol:0 (G4Tubs) ... OK! 
Checking overlaps for volume cav92:0 (G4Tubs) ... OK! 
BLCMDpillbox::construct cav92 parent= relZ=20789.9 globZ=20789.9
	zmin=20679.8 zmax=20900.0
Checking overlaps for volume cav93Pipe:0 (G4Tubs) ... OK! 
Checking overlaps for volume cav93UsWall:0 (G4Tubs) ... OK! 
Checking overlaps for volume cav93DsWall:0 (G4Tubs) ... OK! 
Checking overlaps for volume cav93UsWin1:0 (G4Tubs) ... OK! 
Checking overlaps for volume cav93DsWin1:0 (G4Tubs) ... OK! 
Checking overlaps for volume cav93UsWin2:0 (G4Tubs) ... OK! 
Checking overlaps for volume cav93DsWin2:0 (G4Tubs) ... OK! 
Checking overlaps for volume cav93DsHalf:0 (G4Tubs) ... OK! 
Checking overlaps for volume cav93TimingVol:0 (G4Tubs) ... OK! 
Checking overlaps for volume cav93:0 (G4Tubs) ... OK! 
BLCMDpillbox::construct cav93 parent= relZ=21010.1 globZ=21010.1
	zmin=20900.0 zmax=21120.2
Checking overlaps for volume cav94Pipe:0 (G4Tubs) ... OK! 
Checking overlaps for volume cav94UsWall:0 (G4Tubs) ... OK! 
Checking overlaps for volume cav94DsWall:0 (G4Tubs) ... OK! 
Checking overlaps for volume cav94UsWin1:0 (G4Tubs) ... OK! 
Checking overlaps for volume cav94DsWin1:0 (G4Tubs) ... OK! 
Checking overlaps for volume cav94UsWin2:0 (G4Tubs) ... OK! 
Checking overlaps for volume cav94DsWin2:0 (G4Tubs) ... OK! 
Checking overlaps for volume cav94DsHalf:0 (G4Tubs) ... OK! 
Checking overlaps for volume cav94TimingVol:0 (G4Tubs) ... OK! 
Checking overlaps for volume cav94:0 (G4Tubs) ... OK! 
BLCMDpillbox::construct cav94 parent= relZ=21230.3 globZ=21230.3
	zmin=21120.2 zmax=21340.4
Checking overlaps for volume cav95Pipe:0 (G4Tubs) ... OK! 
Checking overlaps for volume cav95UsWall:0 (G4Tubs) ... OK! 
Checking overlaps for volume cav95DsWall:0 (G4Tubs) ... OK! 
Checking overlaps for volume cav95UsWin1:0 (G4Tubs) ... OK! 
Checking overlaps for volume cav95DsWin1:0 (G4Tubs) ... OK! 
Checking overlaps for volume cav95UsWin2:0 (G4Tubs) ... OK! 
Checking overlaps for volume cav95DsWin2:0 (G4Tubs) ... OK! 
Checking overlaps for volume cav95DsHalf:0 (G4Tubs) ... OK! 
Checking overlaps for volume cav95TimingVol:0 (G4Tubs) ... OK! 
Checking overlaps for volume cav95:0 (G4Tubs) ... OK! 
BLCMDpillbox::construct cav95 parent= relZ=21450.5 globZ=21450.5
	zmin=21340.4 zmax=21560.6
Checking overlaps for volume cav100Pipe:0 (G4Tubs) ... OK! 
Checking overlaps for volume cav100UsWall:0 (G4Tubs) ... OK! 
Checking overlaps for volume cav100DsWall:0 (G4Tubs) ... OK! 
Checking overlaps for volume cav100UsWin1:0 (G4Tubs) ... OK! 
Checking overlaps for volume cav100DsWin1:0 (G4Tubs) ... OK! 
Checking overlaps for volume cav100UsWin2:0 (G4Tubs) ... OK! 
Checking overlaps for volume cav100DsWin2:0 (G4Tubs) ... OK! 
Checking overlaps for volume cav100DsHalf:0 (G4Tubs) ... OK! 
Checking overlaps for volume cav100TimingVol:0 (G4Tubs) ... OK! 
Checking overlaps for volume cav100:0 (G4Tubs) ... OK! 
BLCMDpillbox::construct cav100 parent= relZ=22549.5 globZ=22549.5
	zmin=22439.4 zmax=22659.6
Checking overlaps for volume cav101Pipe:0 (G4Tubs) ... OK! 
Checking overlaps for volume cav101UsWall:0 (G4Tubs) ... OK! 
Checking overlaps for volume cav101DsWall:0 (G4Tubs) ... OK! 
Checking overlaps for volume cav101UsWin1:0 (G4Tubs) ... OK! 
Checking overlaps for volume cav101DsWin1:0 (G4Tubs) ... OK! 
Checking overlaps for volume cav101UsWin2:0 (G4Tubs) ... OK! 
Checking overlaps for volume cav101DsWin2:0 (G4Tubs) ... OK! 
Checking overlaps for volume cav101DsHalf:0 (G4Tubs) ... OK! 
Checking overlaps for volume cav101TimingVol:0 (G4Tubs) ... OK! 
Checking overlaps for volume cav101:0 (G4Tubs) ... OK! 
BLCMDpillbox::construct cav101 parent= relZ=22769.7 globZ=22769.7
	zmin=22659.6 zmax=22879.8
Checking overlaps for volume cav102Pipe:0 (G4Tubs) ... OK! 
Checking overlaps for volume cav102UsWall:0 (G4Tubs) ... OK! 
Checking overlaps for volume cav102DsWall:0 (G4Tubs) ... OK! 
Checking overlaps for volume cav102UsWin1:0 (G4Tubs) ... OK! 
Checking overlaps for volume cav102DsWin1:0 (G4Tubs) ... OK! 
Checking overlaps for volume cav102UsWin2:0 (G4Tubs) ... OK! 
Checking overlaps for volume cav102DsWin2:0 (G4Tubs) ... OK! 
Checking overlaps for volume cav102DsHalf:0 (G4Tubs) ... OK! 
Checking overlaps for volume cav102TimingVol:0 (G4Tubs) ... OK! 
Checking overlaps for volume cav102:0 (G4Tubs) ... OK! 
BLCMDpillbox::construct cav102 parent= relZ=22989.9 globZ=22989.9
	zmin=22879.8 zmax=23100.0
Checking overlaps for volume cav103Pipe:0 (G4Tubs) ... OK! 
Checking overlaps for volume cav103UsWall:0 (G4Tubs) ... OK! 
Checking overlaps for volume cav103DsWall:0 (G4Tubs) ... OK! 
Checking overlaps for volume cav103UsWin1:0 (G4Tubs) ... OK! 
Checking overlaps for volume cav103DsWin1:0 (G4Tubs) ... OK! 
Checking overlaps for volume cav103UsWin2:0 (G4Tubs) ... OK! 
Checking overlaps for volume cav103DsWin2:0 (G4Tubs) ... OK! 
Checking overlaps for volume cav103DsHalf:0 (G4Tubs) ... OK! 
Checking overlaps for volume cav103TimingVol:0 (G4Tubs) ... OK! 
Checking overlaps for volume cav103:0 (G4Tubs) ... OK! 
BLCMDpillbox::construct cav103 parent= relZ=23210.1 globZ=23210.1
	zmin=23100.0 zmax=23320.2
Checking overlaps for volume cav104Pipe:0 (G4Tubs) ... OK! 
Checking overlaps for volume cav104UsWall:0 (G4Tubs) ... OK! 
Checking overlaps for volume cav104DsWall:0 (G4Tubs) ... OK! 
Checking overlaps for volume cav104UsWin1:0 (G4Tubs) ... OK! 
Checking overlaps for volume cav104DsWin1:0 (G4Tubs) ... OK! 
Checking overlaps for volume cav104UsWin2:0 (G4Tubs) ... OK! 
Checking overlaps for volume cav104DsWin2:0 (G4Tubs) ... OK! 
Checking overlaps for volume cav104DsHalf:0 (G4Tubs) ... OK! 
Checking overlaps for volume cav104TimingVol:0 (G4Tubs) ... OK! 
Checking overlaps for volume cav104:0 (G4Tubs) ... OK! 
BLCMDpillbox::construct cav104 parent= relZ=23430.3 globZ=23430.3
	zmin=23320.2 zmax=23540.4
Checking overlaps for volume cav105Pipe:0 (G4Tubs) ... OK! 
Checking overlaps for volume cav105UsWall:0 (G4Tubs) ... OK! 
Checking overlaps for volume cav105DsWall:0 (G4Tubs) ... OK! 
Checking overlaps for volume cav105UsWin1:0 (G4Tubs) ... OK! 
Checking overlaps for volume cav105DsWin1:0 (G4Tubs) ... OK! 
Checking overlaps for volume cav105UsWin2:0 (G4Tubs) ... OK! 
Checking overlaps for volume cav105DsWin2:0 (G4Tubs) ... OK! 
Checking overlaps for volume cav105DsHalf:0 (G4Tubs) ... OK! 
Checking overlaps for volume cav105TimingVol:0 (G4Tubs) ... OK! 
Checking overlaps for volume cav105:0 (G4Tubs) ... OK! 
BLCMDpillbox::construct cav105 parent= relZ=23650.5 globZ=23650.5
	zmin=23540.4 zmax=23760.6
Checking overlaps for volume cav110Pipe:0 (G4Tubs) ... OK! 
Checking overlaps for volume cav110UsWall:0 (G4Tubs) ... OK! 
Checking overlaps for volume cav110DsWall:0 (G4Tubs) ... OK! 
Checking overlaps for volume cav110UsWin1:0 (G4Tubs) ... OK! 
Checking overlaps for volume cav110DsWin1:0 (G4Tubs) ... OK! 
Checking overlaps for volume cav110UsWin2:0 (G4Tubs) ... OK! 
Checking overlaps for volume cav110DsWin2:0 (G4Tubs) ... OK! 
Checking overlaps for volume cav110DsHalf:0 (G4Tubs) ... OK! 
Checking overlaps for volume cav110TimingVol:0 (G4Tubs) ... OK! 
Checking overlaps for volume cav110:0 (G4Tubs) ... OK! 
BLCMDpillbox::construct cav110 parent= relZ=24749.5 globZ=24749.5
	zmin=24639.4 zmax=24859.6
Checking overlaps for volume cav111Pipe:0 (G4Tubs) ... OK! 
Checking overlaps for volume cav111UsWall:0 (G4Tubs) ... OK! 
Checking overlaps for volume cav111DsWall:0 (G4Tubs) ... OK! 
Checking overlaps for volume cav111UsWin1:0 (G4Tubs) ... OK! 
Checking overlaps for volume cav111DsWin1:0 (G4Tubs) ... OK! 
Checking overlaps for volume cav111UsWin2:0 (G4Tubs) ... OK! 
Checking overlaps for volume cav111DsWin2:0 (G4Tubs) ... OK! 
Checking overlaps for volume cav111DsHalf:0 (G4Tubs) ... OK! 
Checking overlaps for volume cav111TimingVol:0 (G4Tubs) ... OK! 
Checking overlaps for volume cav111:0 (G4Tubs) ... OK! 
BLCMDpillbox::construct cav111 parent= relZ=24969.7 globZ=24969.7
	zmin=24859.6 zmax=25079.8
Checking overlaps for volume cav112Pipe:0 (G4Tubs) ... OK! 
Checking overlaps for volume cav112UsWall:0 (G4Tubs) ... OK! 
Checking overlaps for volume cav112DsWall:0 (G4Tubs) ... OK! 
Checking overlaps for volume cav112UsWin1:0 (G4Tubs) ... OK! 
Checking overlaps for volume cav112DsWin1:0 (G4Tubs) ... OK! 
Checking overlaps for volume cav112UsWin2:0 (G4Tubs) ... OK! 
Checking overlaps for volume cav112DsWin2:0 (G4Tubs) ... OK! 
Checking overlaps for volume cav112DsHalf:0 (G4Tubs) ... OK! 
Checking overlaps for volume cav112TimingVol:0 (G4Tubs) ... OK! 
Checking overlaps for volume cav112:0 (G4Tubs) ... OK! 
BLCMDpillbox::construct cav112 parent= relZ=25189.9 globZ=25189.9
	zmin=25079.8 zmax=25300.0
Checking overlaps for volume cav113Pipe:0 (G4Tubs) ... OK! 
Checking overlaps for volume cav113UsWall:0 (G4Tubs) ... OK! 
Checking overlaps for volume cav113DsWall:0 (G4Tubs) ... OK! 
Checking overlaps for volume cav113UsWin1:0 (G4Tubs) ... OK! 
Checking overlaps for volume cav113DsWin1:0 (G4Tubs) ... OK! 
Checking overlaps for volume cav113UsWin2:0 (G4Tubs) ... OK! 
Checking overlaps for volume cav113DsWin2:0 (G4Tubs) ... OK! 
Checking overlaps for volume cav113DsHalf:0 (G4Tubs) ... OK! 
Checking overlaps for volume cav113TimingVol:0 (G4Tubs) ... OK! 
Checking overlaps for volume cav113:0 (G4Tubs) ... OK! 
BLCMDpillbox::construct cav113 parent= relZ=25410.1 globZ=25410.1
	zmin=25300.0 zmax=25520.2
Checking overlaps for volume cav114Pipe:0 (G4Tubs) ... OK! 
Checking overlaps for volume cav114UsWall:0 (G4Tubs) ... OK! 
Checking overlaps for volume cav114DsWall:0 (G4Tubs) ... OK! 
Checking overlaps for volume cav114UsWin1:0 (G4Tubs) ... OK! 
Checking overlaps for volume cav114DsWin1:0 (G4Tubs) ... OK! 
Checking overlaps for volume cav114UsWin2:0 (G4Tubs) ... OK! 
Checking overlaps for volume cav114DsWin2:0 (G4Tubs) ... OK! 
Checking overlaps for volume cav114DsHalf:0 (G4Tubs) ... OK! 
Checking overlaps for volume cav114TimingVol:0 (G4Tubs) ... OK! 
Checking overlaps for volume cav114:0 (G4Tubs) ... OK! 
BLCMDpillbox::construct cav114 parent= relZ=25630.3 globZ=25630.3
	zmin=25520.2 zmax=25740.4
Checking overlaps for volume cav115Pipe:0 (G4Tubs) ... OK! 
Checking overlaps for volume cav115UsWall:0 (G4Tubs) ... OK! 
Checking overlaps for volume cav115DsWall:0 (G4Tubs) ... OK! 
Checking overlaps for volume cav115UsWin1:0 (G4Tubs) ... OK! 
Checking overlaps for volume cav115DsWin1:0 (G4Tubs) ... OK! 
Checking overlaps for volume cav115UsWin2:0 (G4Tubs) ... OK! 
Checking overlaps for volume cav115DsWin2:0 (G4Tubs) ... OK! 
Checking overlaps for volume cav115DsHalf:0 (G4Tubs) ... OK! 
Checking overlaps for volume cav115TimingVol:0 (G4Tubs) ... OK! 
Checking overlaps for volume cav115:0 (G4Tubs) ... OK! 
BLCMDpillbox::construct cav115 parent= relZ=25850.5 globZ=25850.5
	zmin=25740.4 zmax=25960.6
Checking overlaps for volume cav120Pipe:0 (G4Tubs) ... OK! 
Checking overlaps for volume cav120UsWall:0 (G4Tubs) ... OK! 
Checking overlaps for volume cav120DsWall:0 (G4Tubs) ... OK! 
Checking overlaps for volume cav120UsWin1:0 (G4Tubs) ... OK! 
Checking overlaps for volume cav120DsWin1:0 (G4Tubs) ... OK! 
Checking overlaps for volume cav120UsWin2:0 (G4Tubs) ... OK! 
Checking overlaps for volume cav120DsWin2:0 (G4Tubs) ... OK! 
Checking overlaps for volume cav120DsHalf:0 (G4Tubs) ... OK! 
Checking overlaps for volume cav120TimingVol:0 (G4Tubs) ... OK! 
Checking overlaps for volume cav120:0 (G4Tubs) ... OK! 
BLCMDpillbox::construct cav120 parent= relZ=26949.5 globZ=26949.5
	zmin=26839.4 zmax=27059.6
Checking overlaps for volume cav121Pipe:0 (G4Tubs) ... OK! 
Checking overlaps for volume cav121UsWall:0 (G4Tubs) ... OK! 
Checking overlaps for volume cav121DsWall:0 (G4Tubs) ... OK! 
Checking overlaps for volume cav121UsWin1:0 (G4Tubs) ... OK! 
Checking overlaps for volume cav121DsWin1:0 (G4Tubs) ... OK! 
Checking overlaps for volume cav121UsWin2:0 (G4Tubs) ... OK! 
Checking overlaps for volume cav121DsWin2:0 (G4Tubs) ... OK! 
Checking overlaps for volume cav121DsHalf:0 (G4Tubs) ... OK! 
Checking overlaps for volume cav121TimingVol:0 (G4Tubs) ... OK! 
Checking overlaps for volume cav121:0 (G4Tubs) ... OK! 
BLCMDpillbox::construct cav121 parent= relZ=27169.7 globZ=27169.7
	zmin=27059.6 zmax=27279.8
Checking overlaps for volume cav122Pipe:0 (G4Tubs) ... OK! 
Checking overlaps for volume cav122UsWall:0 (G4Tubs) ... OK! 
Checking overlaps for volume cav122DsWall:0 (G4Tubs) ... OK! 
Checking overlaps for volume cav122UsWin1:0 (G4Tubs) ... OK! 
Checking overlaps for volume cav122DsWin1:0 (G4Tubs) ... OK! 
Checking overlaps for volume cav122UsWin2:0 (G4Tubs) ... OK! 
Checking overlaps for volume cav122DsWin2:0 (G4Tubs) ... OK! 
Checking overlaps for volume cav122DsHalf:0 (G4Tubs) ... OK! 
Checking overlaps for volume cav122TimingVol:0 (G4Tubs) ... OK! 
Checking overlaps for volume cav122:0 (G4Tubs) ... OK! 
BLCMDpillbox::construct cav122 parent= relZ=27389.9 globZ=27389.9
	zmin=27279.8 zmax=27500.0
Checking overlaps for volume cav123Pipe:0 (G4Tubs) ... OK! 
Checking overlaps for volume cav123UsWall:0 (G4Tubs) ... OK! 
Checking overlaps for volume cav123DsWall:0 (G4Tubs) ... OK! 
Checking overlaps for volume cav123UsWin1:0 (G4Tubs) ... OK! 
Checking overlaps for volume cav123DsWin1:0 (G4Tubs) ... OK! 
Checking overlaps for volume cav123UsWin2:0 (G4Tubs) ... OK! 
Checking overlaps for volume cav123DsWin2:0 (G4Tubs) ... OK! 
Checking overlaps for volume cav123DsHalf:0 (G4Tubs) ... OK! 
Checking overlaps for volume cav123TimingVol:0 (G4Tubs) ... OK! 
Checking overlaps for volume cav123:0 (G4Tubs) ... OK! 
BLCMDpillbox::construct cav123 parent= relZ=27610.1 globZ=27610.1
	zmin=27500.0 zmax=27720.2
Checking overlaps for volume cav124Pipe:0 (G4Tubs) ... OK! 
Checking overlaps for volume cav124UsWall:0 (G4Tubs) ... OK! 
Checking overlaps for volume cav124DsWall:0 (G4Tubs) ... OK! 
Checking overlaps for volume cav124UsWin1:0 (G4Tubs) ... OK! 
Checking overlaps for volume cav124DsWin1:0 (G4Tubs) ... OK! 
Checking overlaps for volume cav124UsWin2:0 (G4Tubs) ... OK! 
Checking overlaps for volume cav124DsWin2:0 (G4Tubs) ... OK! 
Checking overlaps for volume cav124DsHalf:0 (G4Tubs) ... OK! 
Checking overlaps for volume cav124TimingVol:0 (G4Tubs) ... OK! 
Checking overlaps for volume cav124:0 (G4Tubs) ... OK! 
BLCMDpillbox::construct cav124 parent= relZ=27830.3 globZ=27830.3
	zmin=27720.2 zmax=27940.4
Checking overlaps for volume cav125Pipe:0 (G4Tubs) ... OK! 
Checking overlaps for volume cav125UsWall:0 (G4Tubs) ... OK! 
Checking overlaps for volume cav125DsWall:0 (G4Tubs) ... OK! 
Checking overlaps for volume cav125UsWin1:0 (G4Tubs) ... OK! 
Checking overlaps for volume cav125DsWin1:0 (G4Tubs) ... OK! 
Checking overlaps for volume cav125UsWin2:0 (G4Tubs) ... OK! 
Checking overlaps for volume cav125DsWin2:0 (G4Tubs) ... OK! 
Checking overlaps for volume cav125DsHalf:0 (G4Tubs) ... OK! 
Checking overlaps for volume cav125TimingVol:0 (G4Tubs) ... OK! 
Checking overlaps for volume cav125:0 (G4Tubs) ... OK! 
BLCMDpillbox::construct cav125 parent= relZ=28050.5 globZ=28050.5
	zmin=27940.4 zmax=28160.6
Checking overlaps for volume cav130Pipe:0 (G4Tubs) ... OK! 
Checking overlaps for volume cav130UsWall:0 (G4Tubs) ... OK! 
Checking overlaps for volume cav130DsWall:0 (G4Tubs) ... OK! 
Checking overlaps for volume cav130UsWin1:0 (G4Tubs) ... OK! 
Checking overlaps for volume cav130DsWin1:0 (G4Tubs) ... OK! 
Checking overlaps for volume cav130UsWin2:0 (G4Tubs) ... OK! 
Checking overlaps for volume cav130DsWin2:0 (G4Tubs) ... OK! 
Checking overlaps for volume cav130DsHalf:0 (G4Tubs) ... OK! 
Checking overlaps for volume cav130TimingVol:0 (G4Tubs) ... OK! 
Checking overlaps for volume cav130:0 (G4Tubs) ... OK! 
BLCMDpillbox::construct cav130 parent= relZ=29149.5 globZ=29149.5
	zmin=29039.4 zmax=29259.6
Checking overlaps for volume cav131Pipe:0 (G4Tubs) ... OK! 
Checking overlaps for volume cav131UsWall:0 (G4Tubs) ... OK! 
Checking overlaps for volume cav131DsWall:0 (G4Tubs) ... OK! 
Checking overlaps for volume cav131UsWin1:0 (G4Tubs) ... OK! 
Checking overlaps for volume cav131DsWin1:0 (G4Tubs) ... OK! 
Checking overlaps for volume cav131UsWin2:0 (G4Tubs) ... OK! 
Checking overlaps for volume cav131DsWin2:0 (G4Tubs) ... OK! 
Checking overlaps for volume cav131DsHalf:0 (G4Tubs) ... OK! 
Checking overlaps for volume cav131TimingVol:0 (G4Tubs) ... OK! 
Checking overlaps for volume cav131:0 (G4Tubs) ... OK! 
BLCMDpillbox::construct cav131 parent= relZ=29369.7 globZ=29369.7
	zmin=29259.6 zmax=29479.8
Checking overlaps for volume cav132Pipe:0 (G4Tubs) ... OK! 
Checking overlaps for volume cav132UsWall:0 (G4Tubs) ... OK! 
Checking overlaps for volume cav132DsWall:0 (G4Tubs) ... OK! 
Checking overlaps for volume cav132UsWin1:0 (G4Tubs) ... OK! 
Checking overlaps for volume cav132DsWin1:0 (G4Tubs) ... OK! 
Checking overlaps for volume cav132UsWin2:0 (G4Tubs) ... OK! 
Checking overlaps for volume cav132DsWin2:0 (G4Tubs) ... OK! 
Checking overlaps for volume cav132DsHalf:0 (G4Tubs) ... OK! 
Checking overlaps for volume cav132TimingVol:0 (G4Tubs) ... OK! 
Checking overlaps for volume cav132:0 (G4Tubs) ... OK! 
BLCMDpillbox::construct cav132 parent= relZ=29589.9 globZ=29589.9
	zmin=29479.8 zmax=29700.0
Checking overlaps for volume cav133Pipe:0 (G4Tubs) ... OK! 
Checking overlaps for volume cav133UsWall:0 (G4Tubs) ... OK! 
Checking overlaps for volume cav133DsWall:0 (G4Tubs) ... OK! 
Checking overlaps for volume cav133UsWin1:0 (G4Tubs) ... OK! 
Checking overlaps for volume cav133DsWin1:0 (G4Tubs) ... OK! 
Checking overlaps for volume cav133UsWin2:0 (G4Tubs) ... OK! 
Checking overlaps for volume cav133DsWin2:0 (G4Tubs) ... OK! 
Checking overlaps for volume cav133DsHalf:0 (G4Tubs) ... OK! 
Checking overlaps for volume cav133TimingVol:0 (G4Tubs) ... OK! 
Checking overlaps for volume cav133:0 (G4Tubs) ... OK! 
BLCMDpillbox::construct cav133 parent= relZ=29810.1 globZ=29810.1
	zmin=29700.0 zmax=29920.2
Checking overlaps for volume cav134Pipe:0 (G4Tubs) ... OK! 
Checking overlaps for volume cav134UsWall:0 (G4Tubs) ... OK! 
Checking overlaps for volume cav134DsWall:0 (G4Tubs) ... OK! 
Checking overlaps for volume cav134UsWin1:0 (G4Tubs) ... OK! 
Checking overlaps for volume cav134DsWin1:0 (G4Tubs) ... OK! 
Checking overlaps for volume cav134UsWin2:0 (G4Tubs) ... OK! 
Checking overlaps for volume cav134DsWin2:0 (G4Tubs) ... OK! 
Checking overlaps for volume cav134DsHalf:0 (G4Tubs) ... OK! 
Checking overlaps for volume cav134TimingVol:0 (G4Tubs) ... OK! 
Checking overlaps for volume cav134:0 (G4Tubs) ... OK! 
BLCMDpillbox::construct cav134 parent= relZ=30030.3 globZ=30030.3
	zmin=29920.2 zmax=30140.4
Checking overlaps for volume cav135Pipe:0 (G4Tubs) ... OK! 
Checking overlaps for volume cav135UsWall:0 (G4Tubs) ... OK! 
Checking overlaps for volume cav135DsWall:0 (G4Tubs) ... OK! 
Checking overlaps for volume cav135UsWin1:0 (G4Tubs) ... OK! 
Checking overlaps for volume cav135DsWin1:0 (G4Tubs) ... OK! 
Checking overlaps for volume cav135UsWin2:0 (G4Tubs) ... OK! 
Checking overlaps for volume cav135DsWin2:0 (G4Tubs) ... OK! 
Checking overlaps for volume cav135DsHalf:0 (G4Tubs) ... OK! 
Checking overlaps for volume cav135TimingVol:0 (G4Tubs) ... OK! 
Checking overlaps for volume cav135:0 (G4Tubs) ... OK! 
BLCMDpillbox::construct cav135 parent= relZ=30250.5 globZ=30250.5
	zmin=30140.4 zmax=30360.6
Checking overlaps for volume cav140Pipe:0 (G4Tubs) ... OK! 
Checking overlaps for volume cav140UsWall:0 (G4Tubs) ... OK! 
Checking overlaps for volume cav140DsWall:0 (G4Tubs) ... OK! 
Checking overlaps for volume cav140UsWin1:0 (G4Tubs) ... OK! 
Checking overlaps for volume cav140DsWin1:0 (G4Tubs) ... OK! 
Checking overlaps for volume cav140UsWin2:0 (G4Tubs) ... OK! 
Checking overlaps for volume cav140DsWin2:0 (G4Tubs) ... OK! 
Checking overlaps for volume cav140DsHalf:0 (G4Tubs) ... OK! 
Checking overlaps for volume cav140TimingVol:0 (G4Tubs) ... OK! 
Checking overlaps for volume cav140:0 (G4Tubs) ... OK! 
BLCMDpillbox::construct cav140 parent= relZ=31349.5 globZ=31349.5
	zmin=31239.4 zmax=31459.6
Checking overlaps for volume cav141Pipe:0 (G4Tubs) ... OK! 
Checking overlaps for volume cav141UsWall:0 (G4Tubs) ... OK! 
Checking overlaps for volume cav141DsWall:0 (G4Tubs) ... OK! 
Checking overlaps for volume cav141UsWin1:0 (G4Tubs) ... OK! 
Checking overlaps for volume cav141DsWin1:0 (G4Tubs) ... OK! 
Checking overlaps for volume cav141UsWin2:0 (G4Tubs) ... OK! 
Checking overlaps for volume cav141DsWin2:0 (G4Tubs) ... OK! 
Checking overlaps for volume cav141DsHalf:0 (G4Tubs) ... OK! 
Checking overlaps for volume cav141TimingVol:0 (G4Tubs) ... OK! 
Checking overlaps for volume cav141:0 (G4Tubs) ... OK! 
BLCMDpillbox::construct cav141 parent= relZ=31569.7 globZ=31569.7
	zmin=31459.6 zmax=31679.8
Checking overlaps for volume cav142Pipe:0 (G4Tubs) ... OK! 
Checking overlaps for volume cav142UsWall:0 (G4Tubs) ... OK! 
Checking overlaps for volume cav142DsWall:0 (G4Tubs) ... OK! 
Checking overlaps for volume cav142UsWin1:0 (G4Tubs) ... OK! 
Checking overlaps for volume cav142DsWin1:0 (G4Tubs) ... OK! 
Checking overlaps for volume cav142UsWin2:0 (G4Tubs) ... OK! 
Checking overlaps for volume cav142DsWin2:0 (G4Tubs) ... OK! 
Checking overlaps for volume cav142DsHalf:0 (G4Tubs) ... OK! 
Checking overlaps for volume cav142TimingVol:0 (G4Tubs) ... OK! 
Checking overlaps for volume cav142:0 (G4Tubs) ... OK! 
BLCMDpillbox::construct cav142 parent= relZ=31789.9 globZ=31789.9
	zmin=31679.8 zmax=31900.0
Checking overlaps for volume cav143Pipe:0 (G4Tubs) ... OK! 
Checking overlaps for volume cav143UsWall:0 (G4Tubs) ... OK! 
Checking overlaps for volume cav143DsWall:0 (G4Tubs) ... OK! 
Checking overlaps for volume cav143UsWin1:0 (G4Tubs) ... OK! 
Checking overlaps for volume cav143DsWin1:0 (G4Tubs) ... OK! 
Checking overlaps for volume cav143UsWin2:0 (G4Tubs) ... OK! 
Checking overlaps for volume cav143DsWin2:0 (G4Tubs) ... OK! 
Checking overlaps for volume cav143DsHalf:0 (G4Tubs) ... OK! 
Checking overlaps for volume cav143TimingVol:0 (G4Tubs) ... OK! 
Checking overlaps for volume cav143:0 (G4Tubs) ... OK! 
BLCMDpillbox::construct cav143 parent= relZ=32010.1 globZ=32010.1
	zmin=31900.0 zmax=32120.2
Checking overlaps for volume cav144Pipe:0 (G4Tubs) ... OK! 
Checking overlaps for volume cav144UsWall:0 (G4Tubs) ... OK! 
Checking overlaps for volume cav144DsWall:0 (G4Tubs) ... OK! 
Checking overlaps for volume cav144UsWin1:0 (G4Tubs) ... OK! 
Checking overlaps for volume cav144DsWin1:0 (G4Tubs) ... OK! 
Checking overlaps for volume cav144UsWin2:0 (G4Tubs) ... OK! 
Checking overlaps for volume cav144DsWin2:0 (G4Tubs) ... OK! 
Checking overlaps for volume cav144DsHalf:0 (G4Tubs) ... OK! 
Checking overlaps for volume cav144TimingVol:0 (G4Tubs) ... OK! 
Checking overlaps for volume cav144:0 (G4Tubs) ... OK! 
BLCMDpillbox::construct cav144 parent= relZ=32230.3 globZ=32230.3
	zmin=32120.2 zmax=32340.4
Checking overlaps for volume cav145Pipe:0 (G4Tubs) ... OK! 
Checking overlaps for volume cav145UsWall:0 (G4Tubs) ... OK! 
Checking overlaps for volume cav145DsWall:0 (G4Tubs) ... OK! 
Checking overlaps for volume cav145UsWin1:0 (G4Tubs) ... OK! 
Checking overlaps for volume cav145DsWin1:0 (G4Tubs) ... OK! 
Checking overlaps for volume cav145UsWin2:0 (G4Tubs) ... OK! 
Checking overlaps for volume cav145DsWin2:0 (G4Tubs) ... OK! 
Checking overlaps for volume cav145DsHalf:0 (G4Tubs) ... OK! 
Checking overlaps for volume cav145TimingVol:0 (G4Tubs) ... OK! 
Checking overlaps for volume cav145:0 (G4Tubs) ... OK! 
BLCMDpillbox::construct cav145 parent= relZ=32450.5 globZ=32450.5
	zmin=32340.4 zmax=32560.6
Checking overlaps for volume cav150Pipe:0 (G4Tubs) ... OK! 
Checking overlaps for volume cav150UsWall:0 (G4Tubs) ... OK! 
Checking overlaps for volume cav150DsWall:0 (G4Tubs) ... OK! 
Checking overlaps for volume cav150UsWin1:0 (G4Tubs) ... OK! 
Checking overlaps for volume cav150DsWin1:0 (G4Tubs) ... OK! 
Checking overlaps for volume cav150UsWin2:0 (G4Tubs) ... OK! 
Checking overlaps for volume cav150DsWin2:0 (G4Tubs) ... OK! 
Checking overlaps for volume cav150DsHalf:0 (G4Tubs) ... OK! 
Checking overlaps for volume cav150TimingVol:0 (G4Tubs) ... OK! 
Checking overlaps for volume cav150:0 (G4Tubs) ... OK! 
BLCMDpillbox::construct cav150 parent= relZ=33549.5 globZ=33549.5
	zmin=33439.4 zmax=33659.6
Checking overlaps for volume cav151Pipe:0 (G4Tubs) ... OK! 
Checking overlaps for volume cav151UsWall:0 (G4Tubs) ... OK! 
Checking overlaps for volume cav151DsWall:0 (G4Tubs) ... OK! 
Checking overlaps for volume cav151UsWin1:0 (G4Tubs) ... OK! 
Checking overlaps for volume cav151DsWin1:0 (G4Tubs) ... OK! 
Checking overlaps for volume cav151UsWin2:0 (G4Tubs) ... OK! 
Checking overlaps for volume cav151DsWin2:0 (G4Tubs) ... OK! 
Checking overlaps for volume cav151DsHalf:0 (G4Tubs) ... OK! 
Checking overlaps for volume cav151TimingVol:0 (G4Tubs) ... OK! 
Checking overlaps for volume cav151:0 (G4Tubs) ... OK! 
BLCMDpillbox::construct cav151 parent= relZ=33769.7 globZ=33769.7
	zmin=33659.6 zmax=33879.8
Checking overlaps for volume cav152Pipe:0 (G4Tubs) ... OK! 
Checking overlaps for volume cav152UsWall:0 (G4Tubs) ... OK! 
Checking overlaps for volume cav152DsWall:0 (G4Tubs) ... OK! 
Checking overlaps for volume cav152UsWin1:0 (G4Tubs) ... OK! 
Checking overlaps for volume cav152DsWin1:0 (G4Tubs) ... OK! 
Checking overlaps for volume cav152UsWin2:0 (G4Tubs) ... OK! 
Checking overlaps for volume cav152DsWin2:0 (G4Tubs) ... OK! 
Checking overlaps for volume cav152DsHalf:0 (G4Tubs) ... OK! 
Checking overlaps for volume cav152TimingVol:0 (G4Tubs) ... OK! 
Checking overlaps for volume cav152:0 (G4Tubs) ... OK! 
BLCMDpillbox::construct cav152 parent= relZ=33989.9 globZ=33989.9
	zmin=33879.8 zmax=34100.0
Checking overlaps for volume cav153Pipe:0 (G4Tubs) ... OK! 
Checking overlaps for volume cav153UsWall:0 (G4Tubs) ... OK! 
Checking overlaps for volume cav153DsWall:0 (G4Tubs) ... OK! 
Checking overlaps for volume cav153UsWin1:0 (G4Tubs) ... OK! 
Checking overlaps for volume cav153DsWin1:0 (G4Tubs) ... OK! 
Checking overlaps for volume cav153UsWin2:0 (G4Tubs) ... OK! 
Checking overlaps for volume cav153DsWin2:0 (G4Tubs) ... OK! 
Checking overlaps for volume cav153DsHalf:0 (G4Tubs) ... OK! 
Checking overlaps for volume cav153TimingVol:0 (G4Tubs) ... OK! 
Checking overlaps for volume cav153:0 (G4Tubs) ... OK! 
BLCMDpillbox::construct cav153 parent= relZ=34210.1 globZ=34210.1
	zmin=34100.0 zmax=34320.2
Checking overlaps for volume cav154Pipe:0 (G4Tubs) ... OK! 
Checking overlaps for volume cav154UsWall:0 (G4Tubs) ... OK! 
Checking overlaps for volume cav154DsWall:0 (G4Tubs) ... OK! 
Checking overlaps for volume cav154UsWin1:0 (G4Tubs) ... OK! 
Checking overlaps for volume cav154DsWin1:0 (G4Tubs) ... OK! 
Checking overlaps for volume cav154UsWin2:0 (G4Tubs) ... OK! 
Checking overlaps for volume cav154DsWin2:0 (G4Tubs) ... OK! 
Checking overlaps for volume cav154DsHalf:0 (G4Tubs) ... OK! 
Checking overlaps for volume cav154TimingVol:0 (G4Tubs) ... OK! 
Checking overlaps for volume cav154:0 (G4Tubs) ... OK! 
BLCMDpillbox::construct cav154 parent= relZ=34430.3 globZ=34430.3
	zmin=34320.2 zmax=34540.4
Checking overlaps for volume cav155Pipe:0 (G4Tubs) ... OK! 
Checking overlaps for volume cav155UsWall:0 (G4Tubs) ... OK! 
Checking overlaps for volume cav155DsWall:0 (G4Tubs) ... OK! 
Checking overlaps for volume cav155UsWin1:0 (G4Tubs) ... OK! 
Checking overlaps for volume cav155DsWin1:0 (G4Tubs) ... OK! 
Checking overlaps for volume cav155UsWin2:0 (G4Tubs) ... OK! 
Checking overlaps for volume cav155DsWin2:0 (G4Tubs) ... OK! 
Checking overlaps for volume cav155DsHalf:0 (G4Tubs) ... OK! 
Checking overlaps for volume cav155TimingVol:0 (G4Tubs) ... OK! 
Checking overlaps for volume cav155:0 (G4Tubs) ... OK! 
BLCMDpillbox::construct cav155 parent= relZ=34650.5 globZ=34650.5
	zmin=34540.4 zmax=34760.6
Checking overlaps for volume cav160Pipe:0 (G4Tubs) ... OK! 
Checking overlaps for volume cav160UsWall:0 (G4Tubs) ... OK! 
Checking overlaps for volume cav160DsWall:0 (G4Tubs) ... OK! 
Checking overlaps for volume cav160UsWin1:0 (G4Tubs) ... OK! 
Checking overlaps for volume cav160DsWin1:0 (G4Tubs) ... OK! 
Checking overlaps for volume cav160UsWin2:0 (G4Tubs) ... OK! 
Checking overlaps for volume cav160DsWin2:0 (G4Tubs) ... OK! 
Checking overlaps for volume cav160DsHalf:0 (G4Tubs) ... OK! 
Checking overlaps for volume cav160TimingVol:0 (G4Tubs) ... OK! 
Checking overlaps for volume cav160:0 (G4Tubs) ... OK! 
BLCMDpillbox::construct cav160 parent= relZ=35749.5 globZ=35749.5
	zmin=35639.4 zmax=35859.6
Checking overlaps for volume cav161Pipe:0 (G4Tubs) ... OK! 
Checking overlaps for volume cav161UsWall:0 (G4Tubs) ... OK! 
Checking overlaps for volume cav161DsWall:0 (G4Tubs) ... OK! 
Checking overlaps for volume cav161UsWin1:0 (G4Tubs) ... OK! 
Checking overlaps for volume cav161DsWin1:0 (G4Tubs) ... OK! 
Checking overlaps for volume cav161UsWin2:0 (G4Tubs) ... OK! 
Checking overlaps for volume cav161DsWin2:0 (G4Tubs) ... OK! 
Checking overlaps for volume cav161DsHalf:0 (G4Tubs) ... OK! 
Checking overlaps for volume cav161TimingVol:0 (G4Tubs) ... OK! 
Checking overlaps for volume cav161:0 (G4Tubs) ... OK! 
BLCMDpillbox::construct cav161 parent= relZ=35969.7 globZ=35969.7
	zmin=35859.6 zmax=36079.8
Checking overlaps for volume cav162Pipe:0 (G4Tubs) ... OK! 
Checking overlaps for volume cav162UsWall:0 (G4Tubs) ... OK! 
Checking overlaps for volume cav162DsWall:0 (G4Tubs) ... OK! 
Checking overlaps for volume cav162UsWin1:0 (G4Tubs) ... OK! 
Checking overlaps for volume cav162DsWin1:0 (G4Tubs) ... OK! 
Checking overlaps for volume cav162UsWin2:0 (G4Tubs) ... OK! 
Checking overlaps for volume cav162DsWin2:0 (G4Tubs) ... OK! 
Checking overlaps for volume cav162DsHalf:0 (G4Tubs) ... OK! 
Checking overlaps for volume cav162TimingVol:0 (G4Tubs) ... OK! 
Checking overlaps for volume cav162:0 (G4Tubs) ... OK! 
BLCMDpillbox::construct cav162 parent= relZ=36189.9 globZ=36189.9
	zmin=36079.8 zmax=36300.0
Checking overlaps for volume cav163Pipe:0 (G4Tubs) ... OK! 
Checking overlaps for volume cav163UsWall:0 (G4Tubs) ... OK! 
Checking overlaps for volume cav163DsWall:0 (G4Tubs) ... OK! 
Checking overlaps for volume cav163UsWin1:0 (G4Tubs) ... OK! 
Checking overlaps for volume cav163DsWin1:0 (G4Tubs) ... OK! 
Checking overlaps for volume cav163UsWin2:0 (G4Tubs) ... OK! 
Checking overlaps for volume cav163DsWin2:0 (G4Tubs) ... OK! 
Checking overlaps for volume cav163DsHalf:0 (G4Tubs) ... OK! 
Checking overlaps for volume cav163TimingVol:0 (G4Tubs) ... OK! 
Checking overlaps for volume cav163:0 (G4Tubs) ... OK! 
BLCMDpillbox::construct cav163 parent= relZ=36410.1 globZ=36410.1
	zmin=36300.0 zmax=36520.2
Checking overlaps for volume cav164Pipe:0 (G4Tubs) ... OK! 
Checking overlaps for volume cav164UsWall:0 (G4Tubs) ... OK! 
Checking overlaps for volume cav164DsWall:0 (G4Tubs) ... OK! 
Checking overlaps for volume cav164UsWin1:0 (G4Tubs) ... OK! 
Checking overlaps for volume cav164DsWin1:0 (G4Tubs) ... OK! 
Checking overlaps for volume cav164UsWin2:0 (G4Tubs) ... OK! 
Checking overlaps for volume cav164DsWin2:0 (G4Tubs) ... OK! 
Checking overlaps for volume cav164DsHalf:0 (G4Tubs) ... OK! 
Checking overlaps for volume cav164TimingVol:0 (G4Tubs) ... OK! 
Checking overlaps for volume cav164:0 (G4Tubs) ... OK! 
BLCMDpillbox::construct cav164 parent= relZ=36630.3 globZ=36630.3
	zmin=36520.2 zmax=36740.4
Checking overlaps for volume cav165Pipe:0 (G4Tubs) ... OK! 
Checking overlaps for volume cav165UsWall:0 (G4Tubs) ... OK! 
Checking overlaps for volume cav165DsWall:0 (G4Tubs) ... OK! 
Checking overlaps for volume cav165UsWin1:0 (G4Tubs) ... OK! 
Checking overlaps for volume cav165DsWin1:0 (G4Tubs) ... OK! 
Checking overlaps for volume cav165UsWin2:0 (G4Tubs) ... OK! 
Checking overlaps for volume cav165DsWin2:0 (G4Tubs) ... OK! 
Checking overlaps for volume cav165DsHalf:0 (G4Tubs) ... OK! 
Checking overlaps for volume cav165TimingVol:0 (G4Tubs) ... OK! 
Checking overlaps for volume cav165:0 (G4Tubs) ... OK! 
BLCMDpillbox::construct cav165 parent= relZ=36850.5 globZ=36850.5
	zmin=36740.4 zmax=36960.6
Checking overlaps for volume cav170Pipe:0 (G4Tubs) ... OK! 
Checking overlaps for volume cav170UsWall:0 (G4Tubs) ... OK! 
Checking overlaps for volume cav170DsWall:0 (G4Tubs) ... OK! 
Checking overlaps for volume cav170UsWin1:0 (G4Tubs) ... OK! 
Checking overlaps for volume cav170DsWin1:0 (G4Tubs) ... OK! 
Checking overlaps for volume cav170UsWin2:0 (G4Tubs) ... OK! 
Checking overlaps for volume cav170DsWin2:0 (G4Tubs) ... OK! 
Checking overlaps for volume cav170DsHalf:0 (G4Tubs) ... OK! 
Checking overlaps for volume cav170TimingVol:0 (G4Tubs) ... OK! 
Checking overlaps for volume cav170:0 (G4Tubs) ... OK! 
BLCMDpillbox::construct cav170 parent= relZ=37949.5 globZ=37949.5
	zmin=37839.4 zmax=38059.6
Checking overlaps for volume cav171Pipe:0 (G4Tubs) ... OK! 
Checking overlaps for volume cav171UsWall:0 (G4Tubs) ... OK! 
Checking overlaps for volume cav171DsWall:0 (G4Tubs) ... OK! 
Checking overlaps for volume cav171UsWin1:0 (G4Tubs) ... OK! 
Checking overlaps for volume cav171DsWin1:0 (G4Tubs) ... OK! 
Checking overlaps for volume cav171UsWin2:0 (G4Tubs) ... OK! 
Checking overlaps for volume cav171DsWin2:0 (G4Tubs) ... OK! 
Checking overlaps for volume cav171DsHalf:0 (G4Tubs) ... OK! 
Checking overlaps for volume cav171TimingVol:0 (G4Tubs) ... OK! 
Checking overlaps for volume cav171:0 (G4Tubs) ... OK! 
BLCMDpillbox::construct cav171 parent= relZ=38169.7 globZ=38169.7
	zmin=38059.6 zmax=38279.8
Checking overlaps for volume cav172Pipe:0 (G4Tubs) ... OK! 
Checking overlaps for volume cav172UsWall:0 (G4Tubs) ... OK! 
Checking overlaps for volume cav172DsWall:0 (G4Tubs) ... OK! 
Checking overlaps for volume cav172UsWin1:0 (G4Tubs) ... OK! 
Checking overlaps for volume cav172DsWin1:0 (G4Tubs) ... OK! 
Checking overlaps for volume cav172UsWin2:0 (G4Tubs) ... OK! 
Checking overlaps for volume cav172DsWin2:0 (G4Tubs) ... OK! 
Checking overlaps for volume cav172DsHalf:0 (G4Tubs) ... OK! 
Checking overlaps for volume cav172TimingVol:0 (G4Tubs) ... OK! 
Checking overlaps for volume cav172:0 (G4Tubs) ... OK! 
BLCMDpillbox::construct cav172 parent= relZ=38389.9 globZ=38389.9
	zmin=38279.8 zmax=38500.0
Checking overlaps for volume cav173Pipe:0 (G4Tubs) ... OK! 
Checking overlaps for volume cav173UsWall:0 (G4Tubs) ... OK! 
Checking overlaps for volume cav173DsWall:0 (G4Tubs) ... OK! 
Checking overlaps for volume cav173UsWin1:0 (G4Tubs) ... OK! 
Checking overlaps for volume cav173DsWin1:0 (G4Tubs) ... OK! 
Checking overlaps for volume cav173UsWin2:0 (G4Tubs) ... OK! 
Checking overlaps for volume cav173DsWin2:0 (G4Tubs) ... OK! 
Checking overlaps for volume cav173DsHalf:0 (G4Tubs) ... OK! 
Checking overlaps for volume cav173TimingVol:0 (G4Tubs) ... OK! 
Checking overlaps for volume cav173:0 (G4Tubs) ... OK! 
BLCMDpillbox::construct cav173 parent= relZ=38610.1 globZ=38610.1
	zmin=38500.0 zmax=38720.2
Checking overlaps for volume cav174Pipe:0 (G4Tubs) ... OK! 
Checking overlaps for volume cav174UsWall:0 (G4Tubs) ... OK! 
Checking overlaps for volume cav174DsWall:0 (G4Tubs) ... OK! 
Checking overlaps for volume cav174UsWin1:0 (G4Tubs) ... OK! 
Checking overlaps for volume cav174DsWin1:0 (G4Tubs) ... OK! 
Checking overlaps for volume cav174UsWin2:0 (G4Tubs) ... OK! 
Checking overlaps for volume cav174DsWin2:0 (G4Tubs) ... OK! 
Checking overlaps for volume cav174DsHalf:0 (G4Tubs) ... OK! 
Checking overlaps for volume cav174TimingVol:0 (G4Tubs) ... OK! 
Checking overlaps for volume cav174:0 (G4Tubs) ... OK! 
BLCMDpillbox::construct cav174 parent= relZ=38830.3 globZ=38830.3
	zmin=38720.2 zmax=38940.4
Checking overlaps for volume cav175Pipe:0 (G4Tubs) ... OK! 
Checking overlaps for volume cav175UsWall:0 (G4Tubs) ... OK! 
Checking overlaps for volume cav175DsWall:0 (G4Tubs) ... OK! 
Checking overlaps for volume cav175UsWin1:0 (G4Tubs) ... OK! 
Checking overlaps for volume cav175DsWin1:0 (G4Tubs) ... OK! 
Checking overlaps for volume cav175UsWin2:0 (G4Tubs) ... OK! 
Checking overlaps for volume cav175DsWin2:0 (G4Tubs) ... OK! 
Checking overlaps for volume cav175DsHalf:0 (G4Tubs) ... OK! 
Checking overlaps for volume cav175TimingVol:0 (G4Tubs) ... OK! 
Checking overlaps for volume cav175:0 (G4Tubs) ... OK! 
BLCMDpillbox::construct cav175 parent= relZ=39050.5 globZ=39050.5
	zmin=38940.4 zmax=39160.6
Checking overlaps for volume cav180Pipe:0 (G4Tubs) ... OK! 
Checking overlaps for volume cav180UsWall:0 (G4Tubs) ... OK! 
Checking overlaps for volume cav180DsWall:0 (G4Tubs) ... OK! 
Checking overlaps for volume cav180UsWin1:0 (G4Tubs) ... OK! 
Checking overlaps for volume cav180DsWin1:0 (G4Tubs) ... OK! 
Checking overlaps for volume cav180UsWin2:0 (G4Tubs) ... OK! 
Checking overlaps for volume cav180DsWin2:0 (G4Tubs) ... OK! 
Checking overlaps for volume cav180DsHalf:0 (G4Tubs) ... OK! 
Checking overlaps for volume cav180TimingVol:0 (G4Tubs) ... OK! 
Checking overlaps for volume cav180:0 (G4Tubs) ... OK! 
BLCMDpillbox::construct cav180 parent= relZ=40149.5 globZ=40149.5
	zmin=40039.4 zmax=40259.6
Checking overlaps for volume cav181Pipe:0 (G4Tubs) ... OK! 
Checking overlaps for volume cav181UsWall:0 (G4Tubs) ... OK! 
Checking overlaps for volume cav181DsWall:0 (G4Tubs) ... OK! 
Checking overlaps for volume cav181UsWin1:0 (G4Tubs) ... OK! 
Checking overlaps for volume cav181DsWin1:0 (G4Tubs) ... OK! 
Checking overlaps for volume cav181UsWin2:0 (G4Tubs) ... OK! 
Checking overlaps for volume cav181DsWin2:0 (G4Tubs) ... OK! 
Checking overlaps for volume cav181DsHalf:0 (G4Tubs) ... OK! 
Checking overlaps for volume cav181TimingVol:0 (G4Tubs) ... OK! 
Checking overlaps for volume cav181:0 (G4Tubs) ... OK! 
BLCMDpillbox::construct cav181 parent= relZ=40369.7 globZ=40369.7
	zmin=40259.6 zmax=40479.8
Checking overlaps for volume cav182Pipe:0 (G4Tubs) ... OK! 
Checking overlaps for volume cav182UsWall:0 (G4Tubs) ... OK! 
Checking overlaps for volume cav182DsWall:0 (G4Tubs) ... OK! 
Checking overlaps for volume cav182UsWin1:0 (G4Tubs) ... OK! 
Checking overlaps for volume cav182DsWin1:0 (G4Tubs) ... OK! 
Checking overlaps for volume cav182UsWin2:0 (G4Tubs) ... OK! 
Checking overlaps for volume cav182DsWin2:0 (G4Tubs) ... OK! 
Checking overlaps for volume cav182DsHalf:0 (G4Tubs) ... OK! 
Checking overlaps for volume cav182TimingVol:0 (G4Tubs) ... OK! 
Checking overlaps for volume cav182:0 (G4Tubs) ... OK! 
BLCMDpillbox::construct cav182 parent= relZ=40589.9 globZ=40589.9
	zmin=40479.8 zmax=40700.0
Checking overlaps for volume cav183Pipe:0 (G4Tubs) ... OK! 
Checking overlaps for volume cav183UsWall:0 (G4Tubs) ... OK! 
Checking overlaps for volume cav183DsWall:0 (G4Tubs) ... OK! 
Checking overlaps for volume cav183UsWin1:0 (G4Tubs) ... OK! 
Checking overlaps for volume cav183DsWin1:0 (G4Tubs) ... OK! 
Checking overlaps for volume cav183UsWin2:0 (G4Tubs) ... OK! 
Checking overlaps for volume cav183DsWin2:0 (G4Tubs) ... OK! 
Checking overlaps for volume cav183DsHalf:0 (G4Tubs) ... OK! 
Checking overlaps for volume cav183TimingVol:0 (G4Tubs) ... OK! 
Checking overlaps for volume cav183:0 (G4Tubs) ... OK! 
BLCMDpillbox::construct cav183 parent= relZ=40810.1 globZ=40810.1
	zmin=40700.0 zmax=40920.2
Checking overlaps for volume cav184Pipe:0 (G4Tubs) ... OK! 
Checking overlaps for volume cav184UsWall:0 (G4Tubs) ... OK! 
Checking overlaps for volume cav184DsWall:0 (G4Tubs) ... OK! 
Checking overlaps for volume cav184UsWin1:0 (G4Tubs) ... OK! 
Checking overlaps for volume cav184DsWin1:0 (G4Tubs) ... OK! 
Checking overlaps for volume cav184UsWin2:0 (G4Tubs) ... OK! 
Checking overlaps for volume cav184DsWin2:0 (G4Tubs) ... OK! 
Checking overlaps for volume cav184DsHalf:0 (G4Tubs) ... OK! 
Checking overlaps for volume cav184TimingVol:0 (G4Tubs) ... OK! 
Checking overlaps for volume cav184:0 (G4Tubs) ... OK! 
BLCMDpillbox::construct cav184 parent= relZ=41030.3 globZ=41030.3
	zmin=40920.2 zmax=41140.4
Checking overlaps for volume cav185Pipe:0 (G4Tubs) ... OK! 
Checking overlaps for volume cav185UsWall:0 (G4Tubs) ... OK! 
Checking overlaps for volume cav185DsWall:0 (G4Tubs) ... OK! 
Checking overlaps for volume cav185UsWin1:0 (G4Tubs) ... OK! 
Checking overlaps for volume cav185DsWin1:0 (G4Tubs) ... OK! 
Checking overlaps for volume cav185UsWin2:0 (G4Tubs) ... OK! 
Checking overlaps for volume cav185DsWin2:0 (G4Tubs) ... OK! 
Checking overlaps for volume cav185DsHalf:0 (G4Tubs) ... OK! 
Checking overlaps for volume cav185TimingVol:0 (G4Tubs) ... OK! 
Checking overlaps for volume cav185:0 (G4Tubs) ... OK! 
BLCMDpillbox::construct cav185 parent= relZ=41250.5 globZ=41250.5
	zmin=41140.4 zmax=41360.6
Checking overlaps for volume cav190Pipe:0 (G4Tubs) ... OK! 
Checking overlaps for volume cav190UsWall:0 (G4Tubs) ... OK! 
Checking overlaps for volume cav190DsWall:0 (G4Tubs) ... OK! 
Checking overlaps for volume cav190UsWin1:0 (G4Tubs) ... OK! 
Checking overlaps for volume cav190DsWin1:0 (G4Tubs) ... OK! 
Checking overlaps for volume cav190UsWin2:0 (G4Tubs) ... OK! 
Checking overlaps for volume cav190DsWin2:0 (G4Tubs) ... OK! 
Checking overlaps for volume cav190DsHalf:0 (G4Tubs) ... OK! 
Checking overlaps for volume cav190TimingVol:0 (G4Tubs) ... OK! 
Checking overlaps for volume cav190:0 (G4Tubs) ... OK! 
BLCMDpillbox::construct cav190 parent= relZ=42349.5 globZ=42349.5
	zmin=42239.4 zmax=42459.6
Checking overlaps for volume cav191Pipe:0 (G4Tubs) ... OK! 
Checking overlaps for volume cav191UsWall:0 (G4Tubs) ... OK! 
Checking overlaps for volume cav191DsWall:0 (G4Tubs) ... OK! 
Checking overlaps for volume cav191UsWin1:0 (G4Tubs) ... OK! 
Checking overlaps for volume cav191DsWin1:0 (G4Tubs) ... OK! 
Checking overlaps for volume cav191UsWin2:0 (G4Tubs) ... OK! 
Checking overlaps for volume cav191DsWin2:0 (G4Tubs) ... OK! 
Checking overlaps for volume cav191DsHalf:0 (G4Tubs) ... OK! 
Checking overlaps for volume cav191TimingVol:0 (G4Tubs) ... OK! 
Checking overlaps for volume cav191:0 (G4Tubs) ... OK! 
BLCMDpillbox::construct cav191 parent= relZ=42569.7 globZ=42569.7
	zmin=42459.6 zmax=42679.8
Checking overlaps for volume cav192Pipe:0 (G4Tubs) ... OK! 
Checking overlaps for volume cav192UsWall:0 (G4Tubs) ... OK! 
Checking overlaps for volume cav192DsWall:0 (G4Tubs) ... OK! 
Checking overlaps for volume cav192UsWin1:0 (G4Tubs) ... OK! 
Checking overlaps for volume cav192DsWin1:0 (G4Tubs) ... OK! 
Checking overlaps for volume cav192UsWin2:0 (G4Tubs) ... OK! 
Checking overlaps for volume cav192DsWin2:0 (G4Tubs) ... OK! 
Checking overlaps for volume cav192DsHalf:0 (G4Tubs) ... OK! 
Checking overlaps for volume cav192TimingVol:0 (G4Tubs) ... OK! 
Checking overlaps for volume cav192:0 (G4Tubs) ... OK! 
BLCMDpillbox::construct cav192 parent= relZ=42789.9 globZ=42789.9
	zmin=42679.8 zmax=42900.0
Checking overlaps for volume cav193Pipe:0 (G4Tubs) ... OK! 
Checking overlaps for volume cav193UsWall:0 (G4Tubs) ... OK! 
Checking overlaps for volume cav193DsWall:0 (G4Tubs) ... OK! 
Checking overlaps for volume cav193UsWin1:0 (G4Tubs) ... OK! 
Checking overlaps for volume cav193DsWin1:0 (G4Tubs) ... OK! 
Checking overlaps for volume cav193UsWin2:0 (G4Tubs) ... OK! 
Checking overlaps for volume cav193DsWin2:0 (G4Tubs) ... OK! 
Checking overlaps for volume cav193DsHalf:0 (G4Tubs) ... OK! 
Checking overlaps for volume cav193TimingVol:0 (G4Tubs) ... OK! 
Checking overlaps for volume cav193:0 (G4Tubs) ... OK! 
BLCMDpillbox::construct cav193 parent= relZ=43010.1 globZ=43010.1
	zmin=42900.0 zmax=43120.2
Checking overlaps for volume cav194Pipe:0 (G4Tubs) ... OK! 
Checking overlaps for volume cav194UsWall:0 (G4Tubs) ... OK! 
Checking overlaps for volume cav194DsWall:0 (G4Tubs) ... OK! 
Checking overlaps for volume cav194UsWin1:0 (G4Tubs) ... OK! 
Checking overlaps for volume cav194DsWin1:0 (G4Tubs) ... OK! 
Checking overlaps for volume cav194UsWin2:0 (G4Tubs) ... OK! 
Checking overlaps for volume cav194DsWin2:0 (G4Tubs) ... OK! 
Checking overlaps for volume cav194DsHalf:0 (G4Tubs) ... OK! 
Checking overlaps for volume cav194TimingVol:0 (G4Tubs) ... OK! 
Checking overlaps for volume cav194:0 (G4Tubs) ... OK! 
BLCMDpillbox::construct cav194 parent= relZ=43230.3 globZ=43230.3
	zmin=43120.2 zmax=43340.4
Checking overlaps for volume cav195Pipe:0 (G4Tubs) ... OK! 
Checking overlaps for volume cav195UsWall:0 (G4Tubs) ... OK! 
Checking overlaps for volume cav195DsWall:0 (G4Tubs) ... OK! 
Checking overlaps for volume cav195UsWin1:0 (G4Tubs) ... OK! 
Checking overlaps for volume cav195DsWin1:0 (G4Tubs) ... OK! 
Checking overlaps for volume cav195UsWin2:0 (G4Tubs) ... OK! 
Checking overlaps for volume cav195DsWin2:0 (G4Tubs) ... OK! 
Checking overlaps for volume cav195DsHalf:0 (G4Tubs) ... OK! 
Checking overlaps for volume cav195TimingVol:0 (G4Tubs) ... OK! 
Checking overlaps for volume cav195:0 (G4Tubs) ... OK! 
BLCMDpillbox::construct cav195 parent= relZ=43450.5 globZ=43450.5
	zmin=43340.4 zmax=43560.6
Checking overlaps for volume cav200Pipe:0 (G4Tubs) ... OK! 
Checking overlaps for volume cav200UsWall:0 (G4Tubs) ... OK! 
Checking overlaps for volume cav200DsWall:0 (G4Tubs) ... OK! 
Checking overlaps for volume cav200UsWin1:0 (G4Tubs) ... OK! 
Checking overlaps for volume cav200DsWin1:0 (G4Tubs) ... OK! 
Checking overlaps for volume cav200UsWin2:0 (G4Tubs) ... OK! 
Checking overlaps for volume cav200DsWin2:0 (G4Tubs) ... OK! 
Checking overlaps for volume cav200DsHalf:0 (G4Tubs) ... OK! 
Checking overlaps for volume cav200TimingVol:0 (G4Tubs) ... OK! 
Checking overlaps for volume cav200:0 (G4Tubs) ... OK! 
BLCMDpillbox::construct cav200 parent= relZ=44549.5 globZ=44549.5
	zmin=44439.4 zmax=44659.6
Checking overlaps for volume cav201Pipe:0 (G4Tubs) ... OK! 
Checking overlaps for volume cav201UsWall:0 (G4Tubs) ... OK! 
Checking overlaps for volume cav201DsWall:0 (G4Tubs) ... OK! 
Checking overlaps for volume cav201UsWin1:0 (G4Tubs) ... OK! 
Checking overlaps for volume cav201DsWin1:0 (G4Tubs) ... OK! 
Checking overlaps for volume cav201UsWin2:0 (G4Tubs) ... OK! 
Checking overlaps for volume cav201DsWin2:0 (G4Tubs) ... OK! 
Checking overlaps for volume cav201DsHalf:0 (G4Tubs) ... OK! 
Checking overlaps for volume cav201TimingVol:0 (G4Tubs) ... OK! 
Checking overlaps for volume cav201:0 (G4Tubs) ... OK! 
BLCMDpillbox::construct cav201 parent= relZ=44769.7 globZ=44769.7
	zmin=44659.6 zmax=44879.8
Checking overlaps for volume cav202Pipe:0 (G4Tubs) ... OK! 
Checking overlaps for volume cav202UsWall:0 (G4Tubs) ... OK! 
Checking overlaps for volume cav202DsWall:0 (G4Tubs) ... OK! 
Checking overlaps for volume cav202UsWin1:0 (G4Tubs) ... OK! 
Checking overlaps for volume cav202DsWin1:0 (G4Tubs) ... OK! 
Checking overlaps for volume cav202UsWin2:0 (G4Tubs) ... OK! 
Checking overlaps for volume cav202DsWin2:0 (G4Tubs) ... OK! 
Checking overlaps for volume cav202DsHalf:0 (G4Tubs) ... OK! 
Checking overlaps for volume cav202TimingVol:0 (G4Tubs) ... OK! 
Checking overlaps for volume cav202:0 (G4Tubs) ... OK! 
BLCMDpillbox::construct cav202 parent= relZ=44989.9 globZ=44989.9
	zmin=44879.8 zmax=45100.0
Checking overlaps for volume cav203Pipe:0 (G4Tubs) ... OK! 
Checking overlaps for volume cav203UsWall:0 (G4Tubs) ... OK! 
Checking overlaps for volume cav203DsWall:0 (G4Tubs) ... OK! 
Checking overlaps for volume cav203UsWin1:0 (G4Tubs) ... OK! 
Checking overlaps for volume cav203DsWin1:0 (G4Tubs) ... OK! 
Checking overlaps for volume cav203UsWin2:0 (G4Tubs) ... OK! 
Checking overlaps for volume cav203DsWin2:0 (G4Tubs) ... OK! 
Checking overlaps for volume cav203DsHalf:0 (G4Tubs) ... OK! 
Checking overlaps for volume cav203TimingVol:0 (G4Tubs) ... OK! 
Checking overlaps for volume cav203:0 (G4Tubs) ... OK! 
BLCMDpillbox::construct cav203 parent= relZ=45210.1 globZ=45210.1
	zmin=45100.0 zmax=45320.2
Checking overlaps for volume cav204Pipe:0 (G4Tubs) ... OK! 
Checking overlaps for volume cav204UsWall:0 (G4Tubs) ... OK! 
Checking overlaps for volume cav204DsWall:0 (G4Tubs) ... OK! 
Checking overlaps for volume cav204UsWin1:0 (G4Tubs) ... OK! 
Checking overlaps for volume cav204DsWin1:0 (G4Tubs) ... OK! 
Checking overlaps for volume cav204UsWin2:0 (G4Tubs) ... OK! 
Checking overlaps for volume cav204DsWin2:0 (G4Tubs) ... OK! 
Checking overlaps for volume cav204DsHalf:0 (G4Tubs) ... OK! 
Checking overlaps for volume cav204TimingVol:0 (G4Tubs) ... OK! 
Checking overlaps for volume cav204:0 (G4Tubs) ... OK! 
BLCMDpillbox::construct cav204 parent= relZ=45430.3 globZ=45430.3
	zmin=45320.2 zmax=45540.4
Checking overlaps for volume cav205Pipe:0 (G4Tubs) ... OK! 
Checking overlaps for volume cav205UsWall:0 (G4Tubs) ... OK! 
Checking overlaps for volume cav205DsWall:0 (G4Tubs) ... OK! 
Checking overlaps for volume cav205UsWin1:0 (G4Tubs) ... OK! 
Checking overlaps for volume cav205DsWin1:0 (G4Tubs) ... OK! 
Checking overlaps for volume cav205UsWin2:0 (G4Tubs) ... OK! 
Checking overlaps for volume cav205DsWin2:0 (G4Tubs) ... OK! 
Checking overlaps for volume cav205DsHalf:0 (G4Tubs) ... OK! 
Checking overlaps for volume cav205TimingVol:0 (G4Tubs) ... OK! 
Checking overlaps for volume cav205:0 (G4Tubs) ... OK! 
BLCMDpillbox::construct cav205 parent= relZ=45650.5 globZ=45650.5
	zmin=45540.4 zmax=45760.6
Checking overlaps for volume cav210Pipe:0 (G4Tubs) ... OK! 
Checking overlaps for volume cav210UsWall:0 (G4Tubs) ... OK! 
Checking overlaps for volume cav210DsWall:0 (G4Tubs) ... OK! 
Checking overlaps for volume cav210UsWin1:0 (G4Tubs) ... OK! 
Checking overlaps for volume cav210DsWin1:0 (G4Tubs) ... OK! 
Checking overlaps for volume cav210UsWin2:0 (G4Tubs) ... OK! 
Checking overlaps for volume cav210DsWin2:0 (G4Tubs) ... OK! 
Checking overlaps for volume cav210DsHalf:0 (G4Tubs) ... OK! 
Checking overlaps for volume cav210TimingVol:0 (G4Tubs) ... OK! 
Checking overlaps for volume cav210:0 (G4Tubs) ... OK! 
BLCMDpillbox::construct cav210 parent= relZ=46749.5 globZ=46749.5
	zmin=46639.4 zmax=46859.6
Checking overlaps for volume cav211Pipe:0 (G4Tubs) ... OK! 
Checking overlaps for volume cav211UsWall:0 (G4Tubs) ... OK! 
Checking overlaps for volume cav211DsWall:0 (G4Tubs) ... OK! 
Checking overlaps for volume cav211UsWin1:0 (G4Tubs) ... OK! 
Checking overlaps for volume cav211DsWin1:0 (G4Tubs) ... OK! 
Checking overlaps for volume cav211UsWin2:0 (G4Tubs) ... OK! 
Checking overlaps for volume cav211DsWin2:0 (G4Tubs) ... OK! 
Checking overlaps for volume cav211DsHalf:0 (G4Tubs) ... OK! 
Checking overlaps for volume cav211TimingVol:0 (G4Tubs) ... OK! 
Checking overlaps for volume cav211:0 (G4Tubs) ... OK! 
BLCMDpillbox::construct cav211 parent= relZ=46969.7 globZ=46969.7
	zmin=46859.6 zmax=47079.8
Checking overlaps for volume cav212Pipe:0 (G4Tubs) ... OK! 
Checking overlaps for volume cav212UsWall:0 (G4Tubs) ... OK! 
Checking overlaps for volume cav212DsWall:0 (G4Tubs) ... OK! 
Checking overlaps for volume cav212UsWin1:0 (G4Tubs) ... OK! 
Checking overlaps for volume cav212DsWin1:0 (G4Tubs) ... OK! 
Checking overlaps for volume cav212UsWin2:0 (G4Tubs) ... OK! 
Checking overlaps for volume cav212DsWin2:0 (G4Tubs) ... OK! 
Checking overlaps for volume cav212DsHalf:0 (G4Tubs) ... OK! 
Checking overlaps for volume cav212TimingVol:0 (G4Tubs) ... OK! 
Checking overlaps for volume cav212:0 (G4Tubs) ... OK! 
BLCMDpillbox::construct cav212 parent= relZ=47189.9 globZ=47189.9
	zmin=47079.8 zmax=47300.0
Checking overlaps for volume cav213Pipe:0 (G4Tubs) ... OK! 
Checking overlaps for volume cav213UsWall:0 (G4Tubs) ... OK! 
Checking overlaps for volume cav213DsWall:0 (G4Tubs) ... OK! 
Checking overlaps for volume cav213UsWin1:0 (G4Tubs) ... OK! 
Checking overlaps for volume cav213DsWin1:0 (G4Tubs) ... OK! 
Checking overlaps for volume cav213UsWin2:0 (G4Tubs) ... OK! 
Checking overlaps for volume cav213DsWin2:0 (G4Tubs) ... OK! 
Checking overlaps for volume cav213DsHalf:0 (G4Tubs) ... OK! 
Checking overlaps for volume cav213TimingVol:0 (G4Tubs) ... OK! 
Checking overlaps for volume cav213:0 (G4Tubs) ... OK! 
BLCMDpillbox::construct cav213 parent= relZ=47410.1 globZ=47410.1
	zmin=47300.0 zmax=47520.2
Checking overlaps for volume cav214Pipe:0 (G4Tubs) ... OK! 
Checking overlaps for volume cav214UsWall:0 (G4Tubs) ... OK! 
Checking overlaps for volume cav214DsWall:0 (G4Tubs) ... OK! 
Checking overlaps for volume cav214UsWin1:0 (G4Tubs) ... OK! 
Checking overlaps for volume cav214DsWin1:0 (G4Tubs) ... OK! 
Checking overlaps for volume cav214UsWin2:0 (G4Tubs) ... OK! 
Checking overlaps for volume cav214DsWin2:0 (G4Tubs) ... OK! 
Checking overlaps for volume cav214DsHalf:0 (G4Tubs) ... OK! 
Checking overlaps for volume cav214TimingVol:0 (G4Tubs) ... OK! 
Checking overlaps for volume cav214:0 (G4Tubs) ... OK! 
BLCMDpillbox::construct cav214 parent= relZ=47630.3 globZ=47630.3
	zmin=47520.2 zmax=47740.4
Checking overlaps for volume cav215Pipe:0 (G4Tubs) ... OK! 
Checking overlaps for volume cav215UsWall:0 (G4Tubs) ... OK! 
Checking overlaps for volume cav215DsWall:0 (G4Tubs) ... OK! 
Checking overlaps for volume cav215UsWin1:0 (G4Tubs) ... OK! 
Checking overlaps for volume cav215DsWin1:0 (G4Tubs) ... OK! 
Checking overlaps for volume cav215UsWin2:0 (G4Tubs) ... OK! 
Checking overlaps for volume cav215DsWin2:0 (G4Tubs) ... OK! 
Checking overlaps for volume cav215DsHalf:0 (G4Tubs) ... OK! 
Checking overlaps for volume cav215TimingVol:0 (G4Tubs) ... OK! 
Checking overlaps for volume cav215:0 (G4Tubs) ... OK! 
BLCMDpillbox::construct cav215 parent= relZ=47850.5 globZ=47850.5
	zmin=47740.4 zmax=47960.6
Checking overlaps for volume cav220Pipe:0 (G4Tubs) ... OK! 
Checking overlaps for volume cav220UsWall:0 (G4Tubs) ... OK! 
Checking overlaps for volume cav220DsWall:0 (G4Tubs) ... OK! 
Checking overlaps for volume cav220UsWin1:0 (G4Tubs) ... OK! 
Checking overlaps for volume cav220DsWin1:0 (G4Tubs) ... OK! 
Checking overlaps for volume cav220UsWin2:0 (G4Tubs) ... OK! 
Checking overlaps for volume cav220DsWin2:0 (G4Tubs) ... OK! 
Checking overlaps for volume cav220DsHalf:0 (G4Tubs) ... OK! 
Checking overlaps for volume cav220TimingVol:0 (G4Tubs) ... OK! 
Checking overlaps for volume cav220:0 (G4Tubs) ... OK! 
BLCMDpillbox::construct cav220 parent= relZ=48949.5 globZ=48949.5
	zmin=48839.4 zmax=49059.6
Checking overlaps for volume cav221Pipe:0 (G4Tubs) ... OK! 
Checking overlaps for volume cav221UsWall:0 (G4Tubs) ... OK! 
Checking overlaps for volume cav221DsWall:0 (G4Tubs) ... OK! 
Checking overlaps for volume cav221UsWin1:0 (G4Tubs) ... OK! 
Checking overlaps for volume cav221DsWin1:0 (G4Tubs) ... OK! 
Checking overlaps for volume cav221UsWin2:0 (G4Tubs) ... OK! 
Checking overlaps for volume cav221DsWin2:0 (G4Tubs) ... OK! 
Checking overlaps for volume cav221DsHalf:0 (G4Tubs) ... OK! 
Checking overlaps for volume cav221TimingVol:0 (G4Tubs) ... OK! 
Checking overlaps for volume cav221:0 (G4Tubs) ... OK! 
BLCMDpillbox::construct cav221 parent= relZ=49169.7 globZ=49169.7
	zmin=49059.6 zmax=49279.8
Checking overlaps for volume cav222Pipe:0 (G4Tubs) ... OK! 
Checking overlaps for volume cav222UsWall:0 (G4Tubs) ... OK! 
Checking overlaps for volume cav222DsWall:0 (G4Tubs) ... OK! 
Checking overlaps for volume cav222UsWin1:0 (G4Tubs) ... OK! 
Checking overlaps for volume cav222DsWin1:0 (G4Tubs) ... OK! 
Checking overlaps for volume cav222UsWin2:0 (G4Tubs) ... OK! 
Checking overlaps for volume cav222DsWin2:0 (G4Tubs) ... OK! 
Checking overlaps for volume cav222DsHalf:0 (G4Tubs) ... OK! 
Checking overlaps for volume cav222TimingVol:0 (G4Tubs) ... OK! 
Checking overlaps for volume cav222:0 (G4Tubs) ... OK! 
BLCMDpillbox::construct cav222 parent= relZ=49389.9 globZ=49389.9
	zmin=49279.8 zmax=49500.0
Checking overlaps for volume cav223Pipe:0 (G4Tubs) ... OK! 
Checking overlaps for volume cav223UsWall:0 (G4Tubs) ... OK! 
Checking overlaps for volume cav223DsWall:0 (G4Tubs) ... OK! 
Checking overlaps for volume cav223UsWin1:0 (G4Tubs) ... OK! 
Checking overlaps for volume cav223DsWin1:0 (G4Tubs) ... OK! 
Checking overlaps for volume cav223UsWin2:0 (G4Tubs) ... OK! 
Checking overlaps for volume cav223DsWin2:0 (G4Tubs) ... OK! 
Checking overlaps for volume cav223DsHalf:0 (G4Tubs) ... OK! 
Checking overlaps for volume cav223TimingVol:0 (G4Tubs) ... OK! 
Checking overlaps for volume cav223:0 (G4Tubs) ... OK! 
BLCMDpillbox::construct cav223 parent= relZ=49610.1 globZ=49610.1
	zmin=49500.0 zmax=49720.2
Checking overlaps for volume cav224Pipe:0 (G4Tubs) ... OK! 
Checking overlaps for volume cav224UsWall:0 (G4Tubs) ... OK! 
Checking overlaps for volume cav224DsWall:0 (G4Tubs) ... OK! 
Checking overlaps for volume cav224UsWin1:0 (G4Tubs) ... OK! 
Checking overlaps for volume cav224DsWin1:0 (G4Tubs) ... OK! 
Checking overlaps for volume cav224UsWin2:0 (G4Tubs) ... OK! 
Checking overlaps for volume cav224DsWin2:0 (G4Tubs) ... OK! 
Checking overlaps for volume cav224DsHalf:0 (G4Tubs) ... OK! 
Checking overlaps for volume cav224TimingVol:0 (G4Tubs) ... OK! 
Checking overlaps for volume cav224:0 (G4Tubs) ... OK! 
BLCMDpillbox::construct cav224 parent= relZ=49830.3 globZ=49830.3
	zmin=49720.2 zmax=49940.4
Checking overlaps for volume cav225Pipe:0 (G4Tubs) ... OK! 
Checking overlaps for volume cav225UsWall:0 (G4Tubs) ... OK! 
Checking overlaps for volume cav225DsWall:0 (G4Tubs) ... OK! 
Checking overlaps for volume cav225UsWin1:0 (G4Tubs) ... OK! 
Checking overlaps for volume cav225DsWin1:0 (G4Tubs) ... OK! 
Checking overlaps for volume cav225UsWin2:0 (G4Tubs) ... OK! 
Checking overlaps for volume cav225DsWin2:0 (G4Tubs) ... OK! 
Checking overlaps for volume cav225DsHalf:0 (G4Tubs) ... OK! 
Checking overlaps for volume cav225TimingVol:0 (G4Tubs) ... OK! 
Checking overlaps for volume cav225:0 (G4Tubs) ... OK! 
BLCMDpillbox::construct cav225 parent= relZ=50050.5 globZ=50050.5
	zmin=49940.4 zmax=50160.6
Checking overlaps for volume cav230Pipe:0 (G4Tubs) ... OK! 
Checking overlaps for volume cav230UsWall:0 (G4Tubs) ... OK! 
Checking overlaps for volume cav230DsWall:0 (G4Tubs) ... OK! 
Checking overlaps for volume cav230UsWin1:0 (G4Tubs) ... OK! 
Checking overlaps for volume cav230DsWin1:0 (G4Tubs) ... OK! 
Checking overlaps for volume cav230UsWin2:0 (G4Tubs) ... OK! 
Checking overlaps for volume cav230DsWin2:0 (G4Tubs) ... OK! 
Checking overlaps for volume cav230DsHalf:0 (G4Tubs) ... OK! 
Checking overlaps for volume cav230TimingVol:0 (G4Tubs) ... OK! 
Checking overlaps for volume cav230:0 (G4Tubs) ... OK! 
BLCMDpillbox::construct cav230 parent= relZ=51149.5 globZ=51149.5
	zmin=51039.4 zmax=51259.6
Checking overlaps for volume cav231Pipe:0 (G4Tubs) ... OK! 
Checking overlaps for volume cav231UsWall:0 (G4Tubs) ... OK! 
Checking overlaps for volume cav231DsWall:0 (G4Tubs) ... OK! 
Checking overlaps for volume cav231UsWin1:0 (G4Tubs) ... OK! 
Checking overlaps for volume cav231DsWin1:0 (G4Tubs) ... OK! 
Checking overlaps for volume cav231UsWin2:0 (G4Tubs) ... OK! 
Checking overlaps for volume cav231DsWin2:0 (G4Tubs) ... OK! 
Checking overlaps for volume cav231DsHalf:0 (G4Tubs) ... OK! 
Checking overlaps for volume cav231TimingVol:0 (G4Tubs) ... OK! 
Checking overlaps for volume cav231:0 (G4Tubs) ... OK! 
BLCMDpillbox::construct cav231 parent= relZ=51369.7 globZ=51369.7
	zmin=51259.6 zmax=51479.8
Checking overlaps for volume cav232Pipe:0 (G4Tubs) ... OK! 
Checking overlaps for volume cav232UsWall:0 (G4Tubs) ... OK! 
Checking overlaps for volume cav232DsWall:0 (G4Tubs) ... OK! 
Checking overlaps for volume cav232UsWin1:0 (G4Tubs) ... OK! 
Checking overlaps for volume cav232DsWin1:0 (G4Tubs) ... OK! 
Checking overlaps for volume cav232UsWin2:0 (G4Tubs) ... OK! 
Checking overlaps for volume cav232DsWin2:0 (G4Tubs) ... OK! 
Checking overlaps for volume cav232DsHalf:0 (G4Tubs) ... OK! 
Checking overlaps for volume cav232TimingVol:0 (G4Tubs) ... OK! 
Checking overlaps for volume cav232:0 (G4Tubs) ... OK! 
BLCMDpillbox::construct cav232 parent= relZ=51589.9 globZ=51589.9
	zmin=51479.8 zmax=51700.0
Checking overlaps for volume cav233Pipe:0 (G4Tubs) ... OK! 
Checking overlaps for volume cav233UsWall:0 (G4Tubs) ... OK! 
Checking overlaps for volume cav233DsWall:0 (G4Tubs) ... OK! 
Checking overlaps for volume cav233UsWin1:0 (G4Tubs) ... OK! 
Checking overlaps for volume cav233DsWin1:0 (G4Tubs) ... OK! 
Checking overlaps for volume cav233UsWin2:0 (G4Tubs) ... OK! 
Checking overlaps for volume cav233DsWin2:0 (G4Tubs) ... OK! 
Checking overlaps for volume cav233DsHalf:0 (G4Tubs) ... OK! 
Checking overlaps for volume cav233TimingVol:0 (G4Tubs) ... OK! 
Checking overlaps for volume cav233:0 (G4Tubs) ... OK! 
BLCMDpillbox::construct cav233 parent= relZ=51810.1 globZ=51810.1
	zmin=51700.0 zmax=51920.2
Checking overlaps for volume cav234Pipe:0 (G4Tubs) ... OK! 
Checking overlaps for volume cav234UsWall:0 (G4Tubs) ... OK! 
Checking overlaps for volume cav234DsWall:0 (G4Tubs) ... OK! 
Checking overlaps for volume cav234UsWin1:0 (G4Tubs) ... OK! 
Checking overlaps for volume cav234DsWin1:0 (G4Tubs) ... OK! 
Checking overlaps for volume cav234UsWin2:0 (G4Tubs) ... OK! 
Checking overlaps for volume cav234DsWin2:0 (G4Tubs) ... OK! 
Checking overlaps for volume cav234DsHalf:0 (G4Tubs) ... OK! 
Checking overlaps for volume cav234TimingVol:0 (G4Tubs) ... OK! 
Checking overlaps for volume cav234:0 (G4Tubs) ... OK! 
BLCMDpillbox::construct cav234 parent= relZ=52030.3 globZ=52030.3
	zmin=51920.2 zmax=52140.4
Checking overlaps for volume cav235Pipe:0 (G4Tubs) ... OK! 
Checking overlaps for volume cav235UsWall:0 (G4Tubs) ... OK! 
Checking overlaps for volume cav235DsWall:0 (G4Tubs) ... OK! 
Checking overlaps for volume cav235UsWin1:0 (G4Tubs) ... OK! 
Checking overlaps for volume cav235DsWin1:0 (G4Tubs) ... OK! 
Checking overlaps for volume cav235UsWin2:0 (G4Tubs) ... OK! 
Checking overlaps for volume cav235DsWin2:0 (G4Tubs) ... OK! 
Checking overlaps for volume cav235DsHalf:0 (G4Tubs) ... OK! 
Checking overlaps for volume cav235TimingVol:0 (G4Tubs) ... OK! 
Checking overlaps for volume cav235:0 (G4Tubs) ... OK! 
BLCMDpillbox::construct cav235 parent= relZ=52250.5 globZ=52250.5
	zmin=52140.4 zmax=52360.6
Checking overlaps for volume cav240Pipe:0 (G4Tubs) ... OK! 
Checking overlaps for volume cav240UsWall:0 (G4Tubs) ... OK! 
Checking overlaps for volume cav240DsWall:0 (G4Tubs) ... OK! 
Checking overlaps for volume cav240UsWin1:0 (G4Tubs) ... OK! 
Checking overlaps for volume cav240DsWin1:0 (G4Tubs) ... OK! 
Checking overlaps for volume cav240UsWin2:0 (G4Tubs) ... OK! 
Checking overlaps for volume cav240DsWin2:0 (G4Tubs) ... OK! 
Checking overlaps for volume cav240DsHalf:0 (G4Tubs) ... OK! 
Checking overlaps for volume cav240TimingVol:0 (G4Tubs) ... OK! 
Checking overlaps for volume cav240:0 (G4Tubs) ... OK! 
BLCMDpillbox::construct cav240 parent= relZ=53349.5 globZ=53349.5
	zmin=53239.4 zmax=53459.6
Checking overlaps for volume cav241Pipe:0 (G4Tubs) ... OK! 
Checking overlaps for volume cav241UsWall:0 (G4Tubs) ... OK! 
Checking overlaps for volume cav241DsWall:0 (G4Tubs) ... OK! 
Checking overlaps for volume cav241UsWin1:0 (G4Tubs) ... OK! 
Checking overlaps for volume cav241DsWin1:0 (G4Tubs) ... OK! 
Checking overlaps for volume cav241UsWin2:0 (G4Tubs) ... OK! 
Checking overlaps for volume cav241DsWin2:0 (G4Tubs) ... OK! 
Checking overlaps for volume cav241DsHalf:0 (G4Tubs) ... OK! 
Checking overlaps for volume cav241TimingVol:0 (G4Tubs) ... OK! 
Checking overlaps for volume cav241:0 (G4Tubs) ... OK! 
BLCMDpillbox::construct cav241 parent= relZ=53569.7 globZ=53569.7
	zmin=53459.6 zmax=53679.8
Checking overlaps for volume cav242Pipe:0 (G4Tubs) ... OK! 
Checking overlaps for volume cav242UsWall:0 (G4Tubs) ... OK! 
Checking overlaps for volume cav242DsWall:0 (G4Tubs) ... OK! 
Checking overlaps for volume cav242UsWin1:0 (G4Tubs) ... OK! 
Checking overlaps for volume cav242DsWin1:0 (G4Tubs) ... OK! 
Checking overlaps for volume cav242UsWin2:0 (G4Tubs) ... OK! 
Checking overlaps for volume cav242DsWin2:0 (G4Tubs) ... OK! 
Checking overlaps for volume cav242DsHalf:0 (G4Tubs) ... OK! 
Checking overlaps for volume cav242TimingVol:0 (G4Tubs) ... OK! 
Checking overlaps for volume cav242:0 (G4Tubs) ... OK! 
BLCMDpillbox::construct cav242 parent= relZ=53789.9 globZ=53789.9
	zmin=53679.8 zmax=53900.0
Checking overlaps for volume cav243Pipe:0 (G4Tubs) ... OK! 
Checking overlaps for volume cav243UsWall:0 (G4Tubs) ... OK! 
Checking overlaps for volume cav243DsWall:0 (G4Tubs) ... OK! 
Checking overlaps for volume cav243UsWin1:0 (G4Tubs) ... OK! 
Checking overlaps for volume cav243DsWin1:0 (G4Tubs) ... OK! 
Checking overlaps for volume cav243UsWin2:0 (G4Tubs) ... OK! 
Checking overlaps for volume cav243DsWin2:0 (G4Tubs) ... OK! 
Checking overlaps for volume cav243DsHalf:0 (G4Tubs) ... OK! 
Checking overlaps for volume cav243TimingVol:0 (G4Tubs) ... OK! 
Checking overlaps for volume cav243:0 (G4Tubs) ... OK! 
BLCMDpillbox::construct cav243 parent= relZ=54010.1 globZ=54010.1
	zmin=53900.0 zmax=54120.2
Checking overlaps for volume cav244Pipe:0 (G4Tubs) ... OK! 
Checking overlaps for volume cav244UsWall:0 (G4Tubs) ... OK! 
Checking overlaps for volume cav244DsWall:0 (G4Tubs) ... OK! 
Checking overlaps for volume cav244UsWin1:0 (G4Tubs) ... OK! 
Checking overlaps for volume cav244DsWin1:0 (G4Tubs) ... OK! 
Checking overlaps for volume cav244UsWin2:0 (G4Tubs) ... OK! 
Checking overlaps for volume cav244DsWin2:0 (G4Tubs) ... OK! 
Checking overlaps for volume cav244DsHalf:0 (G4Tubs) ... OK! 
Checking overlaps for volume cav244TimingVol:0 (G4Tubs) ... OK! 
Checking overlaps for volume cav244:0 (G4Tubs) ... OK! 
BLCMDpillbox::construct cav244 parent= relZ=54230.3 globZ=54230.3
	zmin=54120.2 zmax=54340.4
Checking overlaps for volume cav245Pipe:0 (G4Tubs) ... OK! 
Checking overlaps for volume cav245UsWall:0 (G4Tubs) ... OK! 
Checking overlaps for volume cav245DsWall:0 (G4Tubs) ... OK! 
Checking overlaps for volume cav245UsWin1:0 (G4Tubs) ... OK! 
Checking overlaps for volume cav245DsWin1:0 (G4Tubs) ... OK! 
Checking overlaps for volume cav245UsWin2:0 (G4Tubs) ... OK! 
Checking overlaps for volume cav245DsWin2:0 (G4Tubs) ... OK! 
Checking overlaps for volume cav245DsHalf:0 (G4Tubs) ... OK! 
Checking overlaps for volume cav245TimingVol:0 (G4Tubs) ... OK! 
Checking overlaps for volume cav245:0 (G4Tubs) ... OK! 
BLCMDpillbox::construct cav245 parent= relZ=54450.5 globZ=54450.5
	zmin=54340.4 zmax=54560.6
Checking overlaps for volume cav250Pipe:0 (G4Tubs) ... OK! 
Checking overlaps for volume cav250UsWall:0 (G4Tubs) ... OK! 
Checking overlaps for volume cav250DsWall:0 (G4Tubs) ... OK! 
Checking overlaps for volume cav250UsWin1:0 (G4Tubs) ... OK! 
Checking overlaps for volume cav250DsWin1:0 (G4Tubs) ... OK! 
Checking overlaps for volume cav250UsWin2:0 (G4Tubs) ... OK! 
Checking overlaps for volume cav250DsWin2:0 (G4Tubs) ... OK! 
Checking overlaps for volume cav250DsHalf:0 (G4Tubs) ... OK! 
Checking overlaps for volume cav250TimingVol:0 (G4Tubs) ... OK! 
Checking overlaps for volume cav250:0 (G4Tubs) ... OK! 
BLCMDpillbox::construct cav250 parent= relZ=55549.5 globZ=55549.5
	zmin=55439.4 zmax=55659.6
Checking overlaps for volume cav251Pipe:0 (G4Tubs) ... OK! 
Checking overlaps for volume cav251UsWall:0 (G4Tubs) ... OK! 
Checking overlaps for volume cav251DsWall:0 (G4Tubs) ... OK! 
Checking overlaps for volume cav251UsWin1:0 (G4Tubs) ... OK! 
Checking overlaps for volume cav251DsWin1:0 (G4Tubs) ... OK! 
Checking overlaps for volume cav251UsWin2:0 (G4Tubs) ... OK! 
Checking overlaps for volume cav251DsWin2:0 (G4Tubs) ... OK! 
Checking overlaps for volume cav251DsHalf:0 (G4Tubs) ... OK! 
Checking overlaps for volume cav251TimingVol:0 (G4Tubs) ... OK! 
Checking overlaps for volume cav251:0 (G4Tubs) ... OK! 
BLCMDpillbox::construct cav251 parent= relZ=55769.7 globZ=55769.7
	zmin=55659.6 zmax=55879.8
Checking overlaps for volume cav252Pipe:0 (G4Tubs) ... OK! 
Checking overlaps for volume cav252UsWall:0 (G4Tubs) ... OK! 
Checking overlaps for volume cav252DsWall:0 (G4Tubs) ... OK! 
Checking overlaps for volume cav252UsWin1:0 (G4Tubs) ... OK! 
Checking overlaps for volume cav252DsWin1:0 (G4Tubs) ... OK! 
Checking overlaps for volume cav252UsWin2:0 (G4Tubs) ... OK! 
Checking overlaps for volume cav252DsWin2:0 (G4Tubs) ... OK! 
Checking overlaps for volume cav252DsHalf:0 (G4Tubs) ... OK! 
Checking overlaps for volume cav252TimingVol:0 (G4Tubs) ... OK! 
Checking overlaps for volume cav252:0 (G4Tubs) ... OK! 
BLCMDpillbox::construct cav252 parent= relZ=55989.9 globZ=55989.9
	zmin=55879.8 zmax=56100.0
Checking overlaps for volume cav253Pipe:0 (G4Tubs) ... OK! 
Checking overlaps for volume cav253UsWall:0 (G4Tubs) ... OK! 
Checking overlaps for volume cav253DsWall:0 (G4Tubs) ... OK! 
Checking overlaps for volume cav253UsWin1:0 (G4Tubs) ... OK! 
Checking overlaps for volume cav253DsWin1:0 (G4Tubs) ... OK! 
Checking overlaps for volume cav253UsWin2:0 (G4Tubs) ... OK! 
Checking overlaps for volume cav253DsWin2:0 (G4Tubs) ... OK! 
Checking overlaps for volume cav253DsHalf:0 (G4Tubs) ... OK! 
Checking overlaps for volume cav253TimingVol:0 (G4Tubs) ... OK! 
Checking overlaps for volume cav253:0 (G4Tubs) ... OK! 
BLCMDpillbox::construct cav253 parent= relZ=56210.1 globZ=56210.1
	zmin=56100.0 zmax=56320.2
Checking overlaps for volume cav254Pipe:0 (G4Tubs) ... OK! 
Checking overlaps for volume cav254UsWall:0 (G4Tubs) ... OK! 
Checking overlaps for volume cav254DsWall:0 (G4Tubs) ... OK! 
Checking overlaps for volume cav254UsWin1:0 (G4Tubs) ... OK! 
Checking overlaps for volume cav254DsWin1:0 (G4Tubs) ... OK! 
Checking overlaps for volume cav254UsWin2:0 (G4Tubs) ... OK! 
Checking overlaps for volume cav254DsWin2:0 (G4Tubs) ... OK! 
Checking overlaps for volume cav254DsHalf:0 (G4Tubs) ... OK! 
Checking overlaps for volume cav254TimingVol:0 (G4Tubs) ... OK! 
Checking overlaps for volume cav254:0 (G4Tubs) ... OK! 
BLCMDpillbox::construct cav254 parent= relZ=56430.3 globZ=56430.3
	zmin=56320.2 zmax=56540.4
Checking overlaps for volume cav255Pipe:0 (G4Tubs) ... OK! 
Checking overlaps for volume cav255UsWall:0 (G4Tubs) ... OK! 
Checking overlaps for volume cav255DsWall:0 (G4Tubs) ... OK! 
Checking overlaps for volume cav255UsWin1:0 (G4Tubs) ... OK! 
Checking overlaps for volume cav255DsWin1:0 (G4Tubs) ... OK! 
Checking overlaps for volume cav255UsWin2:0 (G4Tubs) ... OK! 
Checking overlaps for volume cav255DsWin2:0 (G4Tubs) ... OK! 
Checking overlaps for volume cav255DsHalf:0 (G4Tubs) ... OK! 
Checking overlaps for volume cav255TimingVol:0 (G4Tubs) ... OK! 
Checking overlaps for volume cav255:0 (G4Tubs) ... OK! 
BLCMDpillbox::construct cav255 parent= relZ=56650.5 globZ=56650.5
	zmin=56540.4 zmax=56760.6
Checking overlaps for volume cav260Pipe:0 (G4Tubs) ... OK! 
Checking overlaps for volume cav260UsWall:0 (G4Tubs) ... OK! 
Checking overlaps for volume cav260DsWall:0 (G4Tubs) ... OK! 
Checking overlaps for volume cav260UsWin1:0 (G4Tubs) ... OK! 
Checking overlaps for volume cav260DsWin1:0 (G4Tubs) ... OK! 
Checking overlaps for volume cav260UsWin2:0 (G4Tubs) ... OK! 
Checking overlaps for volume cav260DsWin2:0 (G4Tubs) ... OK! 
Checking overlaps for volume cav260DsHalf:0 (G4Tubs) ... OK! 
Checking overlaps for volume cav260TimingVol:0 (G4Tubs) ... OK! 
Checking overlaps for volume cav260:0 (G4Tubs) ... OK! 
BLCMDpillbox::construct cav260 parent= relZ=57749.5 globZ=57749.5
	zmin=57639.4 zmax=57859.6
Checking overlaps for volume cav261Pipe:0 (G4Tubs) ... OK! 
Checking overlaps for volume cav261UsWall:0 (G4Tubs) ... OK! 
Checking overlaps for volume cav261DsWall:0 (G4Tubs) ... OK! 
Checking overlaps for volume cav261UsWin1:0 (G4Tubs) ... OK! 
Checking overlaps for volume cav261DsWin1:0 (G4Tubs) ... OK! 
Checking overlaps for volume cav261UsWin2:0 (G4Tubs) ... OK! 
Checking overlaps for volume cav261DsWin2:0 (G4Tubs) ... OK! 
Checking overlaps for volume cav261DsHalf:0 (G4Tubs) ... OK! 
Checking overlaps for volume cav261TimingVol:0 (G4Tubs) ... OK! 
Checking overlaps for volume cav261:0 (G4Tubs) ... OK! 
BLCMDpillbox::construct cav261 parent= relZ=57969.7 globZ=57969.7
	zmin=57859.6 zmax=58079.8
Checking overlaps for volume cav262Pipe:0 (G4Tubs) ... OK! 
Checking overlaps for volume cav262UsWall:0 (G4Tubs) ... OK! 
Checking overlaps for volume cav262DsWall:0 (G4Tubs) ... OK! 
Checking overlaps for volume cav262UsWin1:0 (G4Tubs) ... OK! 
Checking overlaps for volume cav262DsWin1:0 (G4Tubs) ... OK! 
Checking overlaps for volume cav262UsWin2:0 (G4Tubs) ... OK! 
Checking overlaps for volume cav262DsWin2:0 (G4Tubs) ... OK! 
Checking overlaps for volume cav262DsHalf:0 (G4Tubs) ... OK! 
Checking overlaps for volume cav262TimingVol:0 (G4Tubs) ... OK! 
Checking overlaps for volume cav262:0 (G4Tubs) ... OK! 
BLCMDpillbox::construct cav262 parent= relZ=58189.9 globZ=58189.9
	zmin=58079.8 zmax=58300.0
Checking overlaps for volume cav263Pipe:0 (G4Tubs) ... OK! 
Checking overlaps for volume cav263UsWall:0 (G4Tubs) ... OK! 
Checking overlaps for volume cav263DsWall:0 (G4Tubs) ... OK! 
Checking overlaps for volume cav263UsWin1:0 (G4Tubs) ... OK! 
Checking overlaps for volume cav263DsWin1:0 (G4Tubs) ... OK! 
Checking overlaps for volume cav263UsWin2:0 (G4Tubs) ... OK! 
Checking overlaps for volume cav263DsWin2:0 (G4Tubs) ... OK! 
Checking overlaps for volume cav263DsHalf:0 (G4Tubs) ... OK! 
Checking overlaps for volume cav263TimingVol:0 (G4Tubs) ... OK! 
Checking overlaps for volume cav263:0 (G4Tubs) ... OK! 
BLCMDpillbox::construct cav263 parent= relZ=58410.1 globZ=58410.1
	zmin=58300.0 zmax=58520.2
Checking overlaps for volume cav264Pipe:0 (G4Tubs) ... OK! 
Checking overlaps for volume cav264UsWall:0 (G4Tubs) ... OK! 
Checking overlaps for volume cav264DsWall:0 (G4Tubs) ... OK! 
Checking overlaps for volume cav264UsWin1:0 (G4Tubs) ... OK! 
Checking overlaps for volume cav264DsWin1:0 (G4Tubs) ... OK! 
Checking overlaps for volume cav264UsWin2:0 (G4Tubs) ... OK! 
Checking overlaps for volume cav264DsWin2:0 (G4Tubs) ... OK! 
Checking overlaps for volume cav264DsHalf:0 (G4Tubs) ... OK! 
Checking overlaps for volume cav264TimingVol:0 (G4Tubs) ... OK! 
Checking overlaps for volume cav264:0 (G4Tubs) ... OK! 
BLCMDpillbox::construct cav264 parent= relZ=58630.3 globZ=58630.3
	zmin=58520.2 zmax=58740.4
Checking overlaps for volume cav265Pipe:0 (G4Tubs) ... OK! 
Checking overlaps for volume cav265UsWall:0 (G4Tubs) ... OK! 
Checking overlaps for volume cav265DsWall:0 (G4Tubs) ... OK! 
Checking overlaps for volume cav265UsWin1:0 (G4Tubs) ... OK! 
Checking overlaps for volume cav265DsWin1:0 (G4Tubs) ... OK! 
Checking overlaps for volume cav265UsWin2:0 (G4Tubs) ... OK! 
Checking overlaps for volume cav265DsWin2:0 (G4Tubs) ... OK! 
Checking overlaps for volume cav265DsHalf:0 (G4Tubs) ... OK! 
Checking overlaps for volume cav265TimingVol:0 (G4Tubs) ... OK! 
Checking overlaps for volume cav265:0 (G4Tubs) ... OK! 
BLCMDpillbox::construct cav265 parent= relZ=58850.5 globZ=58850.5
	zmin=58740.4 zmax=58960.6
Checking overlaps for volume cav270Pipe:0 (G4Tubs) ... OK! 
Checking overlaps for volume cav270UsWall:0 (G4Tubs) ... OK! 
Checking overlaps for volume cav270DsWall:0 (G4Tubs) ... OK! 
Checking overlaps for volume cav270UsWin1:0 (G4Tubs) ... OK! 
Checking overlaps for volume cav270DsWin1:0 (G4Tubs) ... OK! 
Checking overlaps for volume cav270UsWin2:0 (G4Tubs) ... OK! 
Checking overlaps for volume cav270DsWin2:0 (G4Tubs) ... OK! 
Checking overlaps for volume cav270DsHalf:0 (G4Tubs) ... OK! 
Checking overlaps for volume cav270TimingVol:0 (G4Tubs) ... OK! 
Checking overlaps for volume cav270:0 (G4Tubs) ... OK! 
BLCMDpillbox::construct cav270 parent= relZ=59949.5 globZ=59949.5
	zmin=59839.4 zmax=60059.6
Checking overlaps for volume cav271Pipe:0 (G4Tubs) ... OK! 
Checking overlaps for volume cav271UsWall:0 (G4Tubs) ... OK! 
Checking overlaps for volume cav271DsWall:0 (G4Tubs) ... OK! 
Checking overlaps for volume cav271UsWin1:0 (G4Tubs) ... OK! 
Checking overlaps for volume cav271DsWin1:0 (G4Tubs) ... OK! 
Checking overlaps for volume cav271UsWin2:0 (G4Tubs) ... OK! 
Checking overlaps for volume cav271DsWin2:0 (G4Tubs) ... OK! 
Checking overlaps for volume cav271DsHalf:0 (G4Tubs) ... OK! 
Checking overlaps for volume cav271TimingVol:0 (G4Tubs) ... OK! 
Checking overlaps for volume cav271:0 (G4Tubs) ... OK! 
BLCMDpillbox::construct cav271 parent= relZ=60169.7 globZ=60169.7
	zmin=60059.6 zmax=60279.8
Checking overlaps for volume cav272Pipe:0 (G4Tubs) ... OK! 
Checking overlaps for volume cav272UsWall:0 (G4Tubs) ... OK! 
Checking overlaps for volume cav272DsWall:0 (G4Tubs) ... OK! 
Checking overlaps for volume cav272UsWin1:0 (G4Tubs) ... OK! 
Checking overlaps for volume cav272DsWin1:0 (G4Tubs) ... OK! 
Checking overlaps for volume cav272UsWin2:0 (G4Tubs) ... OK! 
Checking overlaps for volume cav272DsWin2:0 (G4Tubs) ... OK! 
Checking overlaps for volume cav272DsHalf:0 (G4Tubs) ... OK! 
Checking overlaps for volume cav272TimingVol:0 (G4Tubs) ... OK! 
Checking overlaps for volume cav272:0 (G4Tubs) ... OK! 
BLCMDpillbox::construct cav272 parent= relZ=60389.9 globZ=60389.9
	zmin=60279.8 zmax=60500.0
Checking overlaps for volume cav273Pipe:0 (G4Tubs) ... OK! 
Checking overlaps for volume cav273UsWall:0 (G4Tubs) ... OK! 
Checking overlaps for volume cav273DsWall:0 (G4Tubs) ... OK! 
Checking overlaps for volume cav273UsWin1:0 (G4Tubs) ... OK! 
Checking overlaps for volume cav273DsWin1:0 (G4Tubs) ... OK! 
Checking overlaps for volume cav273UsWin2:0 (G4Tubs) ... OK! 
Checking overlaps for volume cav273DsWin2:0 (G4Tubs) ... OK! 
Checking overlaps for volume cav273DsHalf:0 (G4Tubs) ... OK! 
Checking overlaps for volume cav273TimingVol:0 (G4Tubs) ... OK! 
Checking overlaps for volume cav273:0 (G4Tubs) ... OK! 
BLCMDpillbox::construct cav273 parent= relZ=60610.1 globZ=60610.1
	zmin=60500.0 zmax=60720.2
Checking overlaps for volume cav274Pipe:0 (G4Tubs) ... OK! 
Checking overlaps for volume cav274UsWall:0 (G4Tubs) ... OK! 
Checking overlaps for volume cav274DsWall:0 (G4Tubs) ... OK! 
Checking overlaps for volume cav274UsWin1:0 (G4Tubs) ... OK! 
Checking overlaps for volume cav274DsWin1:0 (G4Tubs) ... OK! 
Checking overlaps for volume cav274UsWin2:0 (G4Tubs) ... OK! 
Checking overlaps for volume cav274DsWin2:0 (G4Tubs) ... OK! 
Checking overlaps for volume cav274DsHalf:0 (G4Tubs) ... OK! 
Checking overlaps for volume cav274TimingVol:0 (G4Tubs) ... OK! 
Checking overlaps for volume cav274:0 (G4Tubs) ... OK! 
BLCMDpillbox::construct cav274 parent= relZ=60830.3 globZ=60830.3
	zmin=60720.2 zmax=60940.4
Checking overlaps for volume cav275Pipe:0 (G4Tubs) ... OK! 
Checking overlaps for volume cav275UsWall:0 (G4Tubs) ... OK! 
Checking overlaps for volume cav275DsWall:0 (G4Tubs) ... OK! 
Checking overlaps for volume cav275UsWin1:0 (G4Tubs) ... OK! 
Checking overlaps for volume cav275DsWin1:0 (G4Tubs) ... OK! 
Checking overlaps for volume cav275UsWin2:0 (G4Tubs) ... OK! 
Checking overlaps for volume cav275DsWin2:0 (G4Tubs) ... OK! 
Checking overlaps for volume cav275DsHalf:0 (G4Tubs) ... OK! 
Checking overlaps for volume cav275TimingVol:0 (G4Tubs) ... OK! 
Checking overlaps for volume cav275:0 (G4Tubs) ... OK! 
BLCMDpillbox::construct cav275 parent= relZ=61050.5 globZ=61050.5
	zmin=60940.4 zmax=61160.6
Checking overlaps for volume cav280Pipe:0 (G4Tubs) ... OK! 
Checking overlaps for volume cav280UsWall:0 (G4Tubs) ... OK! 
Checking overlaps for volume cav280DsWall:0 (G4Tubs) ... OK! 
Checking overlaps for volume cav280UsWin1:0 (G4Tubs) ... OK! 
Checking overlaps for volume cav280DsWin1:0 (G4Tubs) ... OK! 
Checking overlaps for volume cav280UsWin2:0 (G4Tubs) ... OK! 
Checking overlaps for volume cav280DsWin2:0 (G4Tubs) ... OK! 
Checking overlaps for volume cav280DsHalf:0 (G4Tubs) ... OK! 
Checking overlaps for volume cav280TimingVol:0 (G4Tubs) ... OK! 
Checking overlaps for volume cav280:0 (G4Tubs) ... OK! 
BLCMDpillbox::construct cav280 parent= relZ=62149.5 globZ=62149.5
	zmin=62039.4 zmax=62259.6
Checking overlaps for volume cav281Pipe:0 (G4Tubs) ... OK! 
Checking overlaps for volume cav281UsWall:0 (G4Tubs) ... OK! 
Checking overlaps for volume cav281DsWall:0 (G4Tubs) ... OK! 
Checking overlaps for volume cav281UsWin1:0 (G4Tubs) ... OK! 
Checking overlaps for volume cav281DsWin1:0 (G4Tubs) ... OK! 
Checking overlaps for volume cav281UsWin2:0 (G4Tubs) ... OK! 
Checking overlaps for volume cav281DsWin2:0 (G4Tubs) ... OK! 
Checking overlaps for volume cav281DsHalf:0 (G4Tubs) ... OK! 
Checking overlaps for volume cav281TimingVol:0 (G4Tubs) ... OK! 
Checking overlaps for volume cav281:0 (G4Tubs) ... OK! 
BLCMDpillbox::construct cav281 parent= relZ=62369.7 globZ=62369.7
	zmin=62259.6 zmax=62479.8
Checking overlaps for volume cav282Pipe:0 (G4Tubs) ... OK! 
Checking overlaps for volume cav282UsWall:0 (G4Tubs) ... OK! 
Checking overlaps for volume cav282DsWall:0 (G4Tubs) ... OK! 
Checking overlaps for volume cav282UsWin1:0 (G4Tubs) ... OK! 
Checking overlaps for volume cav282DsWin1:0 (G4Tubs) ... OK! 
Checking overlaps for volume cav282UsWin2:0 (G4Tubs) ... OK! 
Checking overlaps for volume cav282DsWin2:0 (G4Tubs) ... OK! 
Checking overlaps for volume cav282DsHalf:0 (G4Tubs) ... OK! 
Checking overlaps for volume cav282TimingVol:0 (G4Tubs) ... OK! 
Checking overlaps for volume cav282:0 (G4Tubs) ... OK! 
BLCMDpillbox::construct cav282 parent= relZ=62589.9 globZ=62589.9
	zmin=62479.8 zmax=62700.0
Checking overlaps for volume cav283Pipe:0 (G4Tubs) ... OK! 
Checking overlaps for volume cav283UsWall:0 (G4Tubs) ... OK! 
Checking overlaps for volume cav283DsWall:0 (G4Tubs) ... OK! 
Checking overlaps for volume cav283UsWin1:0 (G4Tubs) ... OK! 
Checking overlaps for volume cav283DsWin1:0 (G4Tubs) ... OK! 
Checking overlaps for volume cav283UsWin2:0 (G4Tubs) ... OK! 
Checking overlaps for volume cav283DsWin2:0 (G4Tubs) ... OK! 
Checking overlaps for volume cav283DsHalf:0 (G4Tubs) ... OK! 
Checking overlaps for volume cav283TimingVol:0 (G4Tubs) ... OK! 
Checking overlaps for volume cav283:0 (G4Tubs) ... OK! 
BLCMDpillbox::construct cav283 parent= relZ=62810.1 globZ=62810.1
	zmin=62700.0 zmax=62920.2
Checking overlaps for volume cav284Pipe:0 (G4Tubs) ... OK! 
Checking overlaps for volume cav284UsWall:0 (G4Tubs) ... OK! 
Checking overlaps for volume cav284DsWall:0 (G4Tubs) ... OK! 
Checking overlaps for volume cav284UsWin1:0 (G4Tubs) ... OK! 
Checking overlaps for volume cav284DsWin1:0 (G4Tubs) ... OK! 
Checking overlaps for volume cav284UsWin2:0 (G4Tubs) ... OK! 
Checking overlaps for volume cav284DsWin2:0 (G4Tubs) ... OK! 
Checking overlaps for volume cav284DsHalf:0 (G4Tubs) ... OK! 
Checking overlaps for volume cav284TimingVol:0 (G4Tubs) ... OK! 
Checking overlaps for volume cav284:0 (G4Tubs) ... OK! 
BLCMDpillbox::construct cav284 parent= relZ=63030.3 globZ=63030.3
	zmin=62920.2 zmax=63140.4
Checking overlaps for volume cav285Pipe:0 (G4Tubs) ... OK! 
Checking overlaps for volume cav285UsWall:0 (G4Tubs) ... OK! 
Checking overlaps for volume cav285DsWall:0 (G4Tubs) ... OK! 
Checking overlaps for volume cav285UsWin1:0 (G4Tubs) ... OK! 
Checking overlaps for volume cav285DsWin1:0 (G4Tubs) ... OK! 
Checking overlaps for volume cav285UsWin2:0 (G4Tubs) ... OK! 
Checking overlaps for volume cav285DsWin2:0 (G4Tubs) ... OK! 
Checking overlaps for volume cav285DsHalf:0 (G4Tubs) ... OK! 
Checking overlaps for volume cav285TimingVol:0 (G4Tubs) ... OK! 
Checking overlaps for volume cav285:0 (G4Tubs) ... OK! 
BLCMDpillbox::construct cav285 parent= relZ=63250.5 globZ=63250.5
	zmin=63140.4 zmax=63360.6
Checking overlaps for volume cav290Pipe:0 (G4Tubs) ... OK! 
Checking overlaps for volume cav290UsWall:0 (G4Tubs) ... OK! 
Checking overlaps for volume cav290DsWall:0 (G4Tubs) ... OK! 
Checking overlaps for volume cav290UsWin1:0 (G4Tubs) ... OK! 
Checking overlaps for volume cav290DsWin1:0 (G4Tubs) ... OK! 
Checking overlaps for volume cav290UsWin2:0 (G4Tubs) ... OK! 
Checking overlaps for volume cav290DsWin2:0 (G4Tubs) ... OK! 
Checking overlaps for volume cav290DsHalf:0 (G4Tubs) ... OK! 
Checking overlaps for volume cav290TimingVol:0 (G4Tubs) ... OK! 
Checking overlaps for volume cav290:0 (G4Tubs) ... OK! 
BLCMDpillbox::construct cav290 parent= relZ=64349.5 globZ=64349.5
	zmin=64239.4 zmax=64459.6
Checking overlaps for volume cav291Pipe:0 (G4Tubs) ... OK! 
Checking overlaps for volume cav291UsWall:0 (G4Tubs) ... OK! 
Checking overlaps for volume cav291DsWall:0 (G4Tubs) ... OK! 
Checking overlaps for volume cav291UsWin1:0 (G4Tubs) ... OK! 
Checking overlaps for volume cav291DsWin1:0 (G4Tubs) ... OK! 
Checking overlaps for volume cav291UsWin2:0 (G4Tubs) ... OK! 
Checking overlaps for volume cav291DsWin2:0 (G4Tubs) ... OK! 
Checking overlaps for volume cav291DsHalf:0 (G4Tubs) ... OK! 
Checking overlaps for volume cav291TimingVol:0 (G4Tubs) ... OK! 
Checking overlaps for volume cav291:0 (G4Tubs) ... OK! 
BLCMDpillbox::construct cav291 parent= relZ=64569.7 globZ=64569.7
	zmin=64459.6 zmax=64679.8
Checking overlaps for volume cav292Pipe:0 (G4Tubs) ... OK! 
Checking overlaps for volume cav292UsWall:0 (G4Tubs) ... OK! 
Checking overlaps for volume cav292DsWall:0 (G4Tubs) ... OK! 
Checking overlaps for volume cav292UsWin1:0 (G4Tubs) ... OK! 
Checking overlaps for volume cav292DsWin1:0 (G4Tubs) ... OK! 
Checking overlaps for volume cav292UsWin2:0 (G4Tubs) ... OK! 
Checking overlaps for volume cav292DsWin2:0 (G4Tubs) ... OK! 
Checking overlaps for volume cav292DsHalf:0 (G4Tubs) ... OK! 
Checking overlaps for volume cav292TimingVol:0 (G4Tubs) ... OK! 
Checking overlaps for volume cav292:0 (G4Tubs) ... OK! 
BLCMDpillbox::construct cav292 parent= relZ=64789.9 globZ=64789.9
	zmin=64679.8 zmax=64900.0
Checking overlaps for volume cav293Pipe:0 (G4Tubs) ... OK! 
Checking overlaps for volume cav293UsWall:0 (G4Tubs) ... OK! 
Checking overlaps for volume cav293DsWall:0 (G4Tubs) ... OK! 
Checking overlaps for volume cav293UsWin1:0 (G4Tubs) ... OK! 
Checking overlaps for volume cav293DsWin1:0 (G4Tubs) ... OK! 
Checking overlaps for volume cav293UsWin2:0 (G4Tubs) ... OK! 
Checking overlaps for volume cav293DsWin2:0 (G4Tubs) ... OK! 
Checking overlaps for volume cav293DsHalf:0 (G4Tubs) ... OK! 
Checking overlaps for volume cav293TimingVol:0 (G4Tubs) ... OK! 
Checking overlaps for volume cav293:0 (G4Tubs) ... OK! 
BLCMDpillbox::construct cav293 parent= relZ=65010.1 globZ=65010.1
	zmin=64900.0 zmax=65120.2
Checking overlaps for volume cav294Pipe:0 (G4Tubs) ... OK! 
Checking overlaps for volume cav294UsWall:0 (G4Tubs) ... OK! 
Checking overlaps for volume cav294DsWall:0 (G4Tubs) ... OK! 
Checking overlaps for volume cav294UsWin1:0 (G4Tubs) ... OK! 
Checking overlaps for volume cav294DsWin1:0 (G4Tubs) ... OK! 
Checking overlaps for volume cav294UsWin2:0 (G4Tubs) ... OK! 
Checking overlaps for volume cav294DsWin2:0 (G4Tubs) ... OK! 
Checking overlaps for volume cav294DsHalf:0 (G4Tubs) ... OK! 
Checking overlaps for volume cav294TimingVol:0 (G4Tubs) ... OK! 
Checking overlaps for volume cav294:0 (G4Tubs) ... OK! 
BLCMDpillbox::construct cav294 parent= relZ=65230.3 globZ=65230.3
	zmin=65120.2 zmax=65340.4
Checking overlaps for volume cav295Pipe:0 (G4Tubs) ... OK! 
Checking overlaps for volume cav295UsWall:0 (G4Tubs) ... OK! 
Checking overlaps for volume cav295DsWall:0 (G4Tubs) ... OK! 
Checking overlaps for volume cav295UsWin1:0 (G4Tubs) ... OK! 
Checking overlaps for volume cav295DsWin1:0 (G4Tubs) ... OK! 
Checking overlaps for volume cav295UsWin2:0 (G4Tubs) ... OK! 
Checking overlaps for volume cav295DsWin2:0 (G4Tubs) ... OK! 
Checking overlaps for volume cav295DsHalf:0 (G4Tubs) ... OK! 
Checking overlaps for volume cav295TimingVol:0 (G4Tubs) ... OK! 
Checking overlaps for volume cav295:0 (G4Tubs) ... OK! 
BLCMDpillbox::construct cav295 parent= relZ=65450.5 globZ=65450.5
	zmin=65340.4 zmax=65560.6
Checking overlaps for volume cav300Pipe:0 (G4Tubs) ... OK! 
Checking overlaps for volume cav300UsWall:0 (G4Tubs) ... OK! 
Checking overlaps for volume cav300DsWall:0 (G4Tubs) ... OK! 
Checking overlaps for volume cav300UsWin1:0 (G4Tubs) ... OK! 
Checking overlaps for volume cav300DsWin1:0 (G4Tubs) ... OK! 
Checking overlaps for volume cav300UsWin2:0 (G4Tubs) ... OK! 
Checking overlaps for volume cav300DsWin2:0 (G4Tubs) ... OK! 
Checking overlaps for volume cav300DsHalf:0 (G4Tubs) ... OK! 
Checking overlaps for volume cav300TimingVol:0 (G4Tubs) ... OK! 
Checking overlaps for volume cav300:0 (G4Tubs) ... OK! 
BLCMDpillbox::construct cav300 parent= relZ=66549.5 globZ=66549.5
	zmin=66439.4 zmax=66659.6
Checking overlaps for volume cav301Pipe:0 (G4Tubs) ... OK! 
Checking overlaps for volume cav301UsWall:0 (G4Tubs) ... OK! 
Checking overlaps for volume cav301DsWall:0 (G4Tubs) ... OK! 
Checking overlaps for volume cav301UsWin1:0 (G4Tubs) ... OK! 
Checking overlaps for volume cav301DsWin1:0 (G4Tubs) ... OK! 
Checking overlaps for volume cav301UsWin2:0 (G4Tubs) ... OK! 
Checking overlaps for volume cav301DsWin2:0 (G4Tubs) ... OK! 
Checking overlaps for volume cav301DsHalf:0 (G4Tubs) ... OK! 
Checking overlaps for volume cav301TimingVol:0 (G4Tubs) ... OK! 
Checking overlaps for volume cav301:0 (G4Tubs) ... OK! 
BLCMDpillbox::construct cav301 parent= relZ=66769.7 globZ=66769.7
	zmin=66659.6 zmax=66879.8
Checking overlaps for volume cav302Pipe:0 (G4Tubs) ... OK! 
Checking overlaps for volume cav302UsWall:0 (G4Tubs) ... OK! 
Checking overlaps for volume cav302DsWall:0 (G4Tubs) ... OK! 
Checking overlaps for volume cav302UsWin1:0 (G4Tubs) ... OK! 
Checking overlaps for volume cav302DsWin1:0 (G4Tubs) ... OK! 
Checking overlaps for volume cav302UsWin2:0 (G4Tubs) ... OK! 
Checking overlaps for volume cav302DsWin2:0 (G4Tubs) ... OK! 
Checking overlaps for volume cav302DsHalf:0 (G4Tubs) ... OK! 
Checking overlaps for volume cav302TimingVol:0 (G4Tubs) ... OK! 
Checking overlaps for volume cav302:0 (G4Tubs) ... OK! 
BLCMDpillbox::construct cav302 parent= relZ=66989.9 globZ=66989.9
	zmin=66879.8 zmax=67100.0
Checking overlaps for volume cav303Pipe:0 (G4Tubs) ... OK! 
Checking overlaps for volume cav303UsWall:0 (G4Tubs) ... OK! 
Checking overlaps for volume cav303DsWall:0 (G4Tubs) ... OK! 
Checking overlaps for volume cav303UsWin1:0 (G4Tubs) ... OK! 
Checking overlaps for volume cav303DsWin1:0 (G4Tubs) ... OK! 
Checking overlaps for volume cav303UsWin2:0 (G4Tubs) ... OK! 
Checking overlaps for volume cav303DsWin2:0 (G4Tubs) ... OK! 
Checking overlaps for volume cav303DsHalf:0 (G4Tubs) ... OK! 
Checking overlaps for volume cav303TimingVol:0 (G4Tubs) ... OK! 
Checking overlaps for volume cav303:0 (G4Tubs) ... OK! 
BLCMDpillbox::construct cav303 parent= relZ=67210.1 globZ=67210.1
	zmin=67100.0 zmax=67320.2
Checking overlaps for volume cav304Pipe:0 (G4Tubs) ... OK! 
Checking overlaps for volume cav304UsWall:0 (G4Tubs) ... OK! 
Checking overlaps for volume cav304DsWall:0 (G4Tubs) ... OK! 
Checking overlaps for volume cav304UsWin1:0 (G4Tubs) ... OK! 
Checking overlaps for volume cav304DsWin1:0 (G4Tubs) ... OK! 
Checking overlaps for volume cav304UsWin2:0 (G4Tubs) ... OK! 
Checking overlaps for volume cav304DsWin2:0 (G4Tubs) ... OK! 
Checking overlaps for volume cav304DsHalf:0 (G4Tubs) ... OK! 
Checking overlaps for volume cav304TimingVol:0 (G4Tubs) ... OK! 
Checking overlaps for volume cav304:0 (G4Tubs) ... OK! 
BLCMDpillbox::construct cav304 parent= relZ=67430.3 globZ=67430.3
	zmin=67320.2 zmax=67540.4
Checking overlaps for volume cav305Pipe:0 (G4Tubs) ... OK! 
Checking overlaps for volume cav305UsWall:0 (G4Tubs) ... OK! 
Checking overlaps for volume cav305DsWall:0 (G4Tubs) ... OK! 
Checking overlaps for volume cav305UsWin1:0 (G4Tubs) ... OK! 
Checking overlaps for volume cav305DsWin1:0 (G4Tubs) ... OK! 
Checking overlaps for volume cav305UsWin2:0 (G4Tubs) ... OK! 
Checking overlaps for volume cav305DsWin2:0 (G4Tubs) ... OK! 
Checking overlaps for volume cav305DsHalf:0 (G4Tubs) ... OK! 
Checking overlaps for volume cav305TimingVol:0 (G4Tubs) ... OK! 
Checking overlaps for volume cav305:0 (G4Tubs) ... OK! 
BLCMDpillbox::construct cav305 parent= relZ=67650.5 globZ=67650.5
	zmin=67540.4 zmax=67760.6
Checking overlaps for volume wedge_0:0 (G4Trap) ... OK! 
BLCMDtrap::Construct wedge_0 parent= relZ=0.0 globZ=0.0
	zmin=-129.5 zmax=129.5 kill=0
Checking overlaps for volume wedge_1:0 (G4Trap) ... OK! 
BLCMDtrap::Construct wedge_1 parent= relZ=2200.0 globZ=2200.0
	zmin=2070.5 zmax=2329.5 kill=0
Checking overlaps for volume wedge_2:0 (G4Trap) ... OK! 
BLCMDtrap::Construct wedge_2 parent= relZ=4400.0 globZ=4400.0
	zmin=4270.5 zmax=4529.5 kill=0
Checking overlaps for volume wedge_3:0 (G4Trap) ... OK! 
BLCMDtrap::Construct wedge_3 parent= relZ=6600.0 globZ=6600.0
	zmin=6470.5 zmax=6729.5 kill=0
Checking overlaps for volume wedge_4:0 (G4Trap) ... OK! 
BLCMDtrap::Construct wedge_4 parent= relZ=8800.0 globZ=8800.0
	zmin=8670.5 zmax=8929.5 kill=0
Checking overlaps for volume wedge_5:0 (G4Trap) ... OK! 
BLCMDtrap::Construct wedge_5 parent= relZ=11000.0 globZ=11000.0
	zmin=10870.5 zmax=11129.5 kill=0
Checking overlaps for volume wedge_6:0 (G4Trap) ... OK! 
BLCMDtrap::Construct wedge_6 parent= relZ=13200.0 globZ=13200.0
	zmin=13070.5 zmax=13329.5 kill=0
Checking overlaps for volume wedge_7:0 (G4Trap) ... OK! 
BLCMDtrap::Construct wedge_7 parent= relZ=15400.0 globZ=15400.0
	zmin=15270.5 zmax=15529.5 kill=0
Checking overlaps for volume wedge_8:0 (G4Trap) ... OK! 
BLCMDtrap::Construct wedge_8 parent= relZ=17600.0 globZ=17600.0
	zmin=17470.5 zmax=17729.5 kill=0
Checking overlaps for volume wedge_9:0 (G4Trap) ... OK! 
BLCMDtrap::Construct wedge_9 parent= relZ=19800.0 globZ=19800.0
	zmin=19670.5 zmax=19929.5 kill=0
Checking overlaps for volume wedge_10:0 (G4Trap) ... OK! 
BLCMDtrap::Construct wedge_10 parent= relZ=22000.0 globZ=22000.0
	zmin=21870.5 zmax=22129.5 kill=0
Checking overlaps for volume wedge_11:0 (G4Trap) ... OK! 
BLCMDtrap::Construct wedge_11 parent= relZ=24200.0 globZ=24200.0
	zmin=24070.5 zmax=24329.5 kill=0
Checking overlaps for volume wedge_12:0 (G4Trap) ... OK! 
BLCMDtrap::Construct wedge_12 parent= relZ=26400.0 globZ=26400.0
	zmin=26270.5 zmax=26529.5 kill=0
Checking overlaps for volume wedge_13:0 (G4Trap) ... OK! 
BLCMDtrap::Construct wedge_13 parent= relZ=28600.0 globZ=28600.0
	zmin=28470.5 zmax=28729.5 kill=0
Checking overlaps for volume wedge_14:0 (G4Trap) ... OK! 
BLCMDtrap::Construct wedge_14 parent= relZ=30800.0 globZ=30800.0
	zmin=30670.5 zmax=30929.5 kill=0
Checking overlaps for volume wedge_15:0 (G4Trap) ... OK! 
BLCMDtrap::Construct wedge_15 parent= relZ=33000.0 globZ=33000.0
	zmin=32870.5 zmax=33129.5 kill=0
Checking overlaps for volume wedge_16:0 (G4Trap) ... OK! 
BLCMDtrap::Construct wedge_16 parent= relZ=35200.0 globZ=35200.0
	zmin=35070.5 zmax=35329.5 kill=0
Checking overlaps for volume wedge_17:0 (G4Trap) ... OK! 
BLCMDtrap::Construct wedge_17 parent= relZ=37400.0 globZ=37400.0
	zmin=37270.5 zmax=37529.5 kill=0
Checking overlaps for volume wedge_18:0 (G4Trap) ... OK! 
BLCMDtrap::Construct wedge_18 parent= relZ=39600.0 globZ=39600.0
	zmin=39470.5 zmax=39729.5 kill=0
Checking overlaps for volume wedge_19:0 (G4Trap) ... OK! 
BLCMDtrap::Construct wedge_19 parent= relZ=41800.0 globZ=41800.0
	zmin=41670.5 zmax=41929.5 kill=0
Checking overlaps for volume wedge_20:0 (G4Trap) ... OK! 
BLCMDtrap::Construct wedge_20 parent= relZ=44000.0 globZ=44000.0
	zmin=43870.5 zmax=44129.5 kill=0
Checking overlaps for volume wedge_21:0 (G4Trap) ... OK! 
BLCMDtrap::Construct wedge_21 parent= relZ=46200.0 globZ=46200.0
	zmin=46070.5 zmax=46329.5 kill=0
Checking overlaps for volume wedge_22:0 (G4Trap) ... OK! 
BLCMDtrap::Construct wedge_22 parent= relZ=48400.0 globZ=48400.0
	zmin=48270.5 zmax=48529.5 kill=0
Checking overlaps for volume wedge_23:0 (G4Trap) ... OK! 
BLCMDtrap::Construct wedge_23 parent= relZ=50600.0 globZ=50600.0
	zmin=50470.5 zmax=50729.5 kill=0
Checking overlaps for volume wedge_24:0 (G4Trap) ... OK! 
BLCMDtrap::Construct wedge_24 parent= relZ=52800.0 globZ=52800.0
	zmin=52670.5 zmax=52929.5 kill=0
Checking overlaps for volume wedge_25:0 (G4Trap) ... OK! 
BLCMDtrap::Construct wedge_25 parent= relZ=55000.0 globZ=55000.0
	zmin=54870.5 zmax=55129.5 kill=0
Checking overlaps for volume wedge_26:0 (G4Trap) ... OK! 
BLCMDtrap::Construct wedge_26 parent= relZ=57200.0 globZ=57200.0
	zmin=57070.5 zmax=57329.5 kill=0
Checking overlaps for volume wedge_27:0 (G4Trap) ... OK! 
BLCMDtrap::Construct wedge_27 parent= relZ=59400.0 globZ=59400.0
	zmin=59270.5 zmax=59529.5 kill=0
Checking overlaps for volume wedge_28:0 (G4Trap) ... OK! 
BLCMDtrap::Construct wedge_28 parent= relZ=61600.0 globZ=61600.0
	zmin=61470.5 zmax=61729.5 kill=0
Checking overlaps for volume wedge_29:0 (G4Trap) ... OK! 
BLCMDtrap::Construct wedge_29 parent= relZ=63800.0 globZ=63800.0
	zmin=63670.5 zmax=63929.5 kill=0
Checking overlaps for volume wedge_30:0 (G4Trap) ... OK! 
BLCMDtrap::Construct wedge_30 parent= relZ=66000.0 globZ=66000.0
	zmin=65870.5 zmax=66129.5 kill=0
Checking overlaps for volume wedge_window:0 (G4Box) ... OK! 
BLCMDbox::Construct wedge_window parent= relZ=-185.5 globZ=-185.5
	zmin=-185.7 zmax=-185.4
Checking overlaps for volume wedge_window:0 (G4Box) ... OK! 
BLCMDbox::Construct wedge_window parent= relZ=185.5 globZ=185.5
	zmin=185.4 zmax=185.7
Checking overlaps for volume wedge_window:0 (G4Box) ... OK! 
BLCMDbox::Construct wedge_window parent= relZ=2014.5 globZ=2014.5
	zmin=2014.3 zmax=2014.6
Checking overlaps for volume wedge_window:0 (G4Box) ... OK! 
BLCMDbox::Construct wedge_window parent= relZ=2385.5 globZ=2385.5
	zmin=2385.4 zmax=2385.7
Checking overlaps for volume wedge_window:0 (G4Box) ... OK! 
BLCMDbox::Construct wedge_window parent= relZ=4214.5 globZ=4214.5
	zmin=4214.3 zmax=4214.6
Checking overlaps for volume wedge_window:0 (G4Box) ... OK! 
BLCMDbox::Construct wedge_window parent= relZ=4585.5 globZ=4585.5
	zmin=4585.4 zmax=4585.7
Checking overlaps for volume wedge_window:0 (G4Box) ... OK! 
BLCMDbox::Construct wedge_window parent= relZ=6414.5 globZ=6414.5
	zmin=6414.3 zmax=6414.6
Checking overlaps for volume wedge_window:0 (G4Box) ... OK! 
BLCMDbox::Construct wedge_window parent= relZ=6785.5 globZ=6785.5
	zmin=6785.4 zmax=6785.7
Checking overlaps for volume wedge_window:0 (G4Box) ... OK! 
BLCMDbox::Construct wedge_window parent= relZ=8614.5 globZ=8614.5
	zmin=8614.3 zmax=8614.6
Checking overlaps for volume wedge_window:0 (G4Box) ... OK! 
BLCMDbox::Construct wedge_window parent= relZ=8985.5 globZ=8985.5
	zmin=8985.4 zmax=8985.7
Checking overlaps for volume wedge_window:0 (G4Box) ... OK! 
BLCMDbox::Construct wedge_window parent= relZ=10814.5 globZ=10814.5
	zmin=10814.3 zmax=10814.6
Checking overlaps for volume wedge_window:0 (G4Box) ... OK! 
BLCMDbox::Construct wedge_window parent= relZ=11185.5 globZ=11185.5
	zmin=11185.4 zmax=11185.7
Checking overlaps for volume wedge_window:0 (G4Box) ... OK! 
BLCMDbox::Construct wedge_window parent= relZ=13014.5 globZ=13014.5
	zmin=13014.3 zmax=13014.6
Checking overlaps for volume wedge_window:0 (G4Box) ... OK! 
BLCMDbox::Construct wedge_window parent= relZ=13385.5 globZ=13385.5
	zmin=13385.4 zmax=13385.7
Checking overlaps for volume wedge_window:0 (G4Box) ... OK! 
BLCMDbox::Construct wedge_window parent= relZ=15214.5 globZ=15214.5
	zmin=15214.3 zmax=15214.6
Checking overlaps for volume wedge_window:0 (G4Box) ... OK! 
BLCMDbox::Construct wedge_window parent= relZ=15585.5 globZ=15585.5
	zmin=15585.4 zmax=15585.7
Checking overlaps for volume wedge_window:0 (G4Box) ... OK! 
BLCMDbox::Construct wedge_window parent= relZ=17414.5 globZ=17414.5
	zmin=17414.3 zmax=17414.6
Checking overlaps for volume wedge_window:0 (G4Box) ... OK! 
BLCMDbox::Construct wedge_window parent= relZ=17785.5 globZ=17785.5
	zmin=17785.4 zmax=17785.7
Checking overlaps for volume wedge_window:0 (G4Box) ... OK! 
BLCMDbox::Construct wedge_window parent= relZ=19614.5 globZ=19614.5
	zmin=19614.3 zmax=19614.6
Checking overlaps for volume wedge_window:0 (G4Box) ... OK! 
BLCMDbox::Construct wedge_window parent= relZ=19985.5 globZ=19985.5
	zmin=19985.4 zmax=19985.7
Checking overlaps for volume wedge_window:0 (G4Box) ... OK! 
BLCMDbox::Construct wedge_window parent= relZ=21814.5 globZ=21814.5
	zmin=21814.3 zmax=21814.6
Checking overlaps for volume wedge_window:0 (G4Box) ... OK! 
BLCMDbox::Construct wedge_window parent= relZ=22185.5 globZ=22185.5
	zmin=22185.4 zmax=22185.7
Checking overlaps for volume wedge_window:0 (G4Box) ... OK! 
BLCMDbox::Construct wedge_window parent= relZ=24014.5 globZ=24014.5
	zmin=24014.3 zmax=24014.6
Checking overlaps for volume wedge_window:0 (G4Box) ... OK! 
BLCMDbox::Construct wedge_window parent= relZ=24385.5 globZ=24385.5
	zmin=24385.4 zmax=24385.7
Checking overlaps for volume wedge_window:0 (G4Box) ... OK! 
BLCMDbox::Construct wedge_window parent= relZ=26214.5 globZ=26214.5
	zmin=26214.3 zmax=26214.6
Checking overlaps for volume wedge_window:0 (G4Box) ... OK! 
BLCMDbox::Construct wedge_window parent= relZ=26585.5 globZ=26585.5
	zmin=26585.4 zmax=26585.7
Checking overlaps for volume wedge_window:0 (G4Box) ... OK! 
BLCMDbox::Construct wedge_window parent= relZ=28414.5 globZ=28414.5
	zmin=28414.3 zmax=28414.6
Checking overlaps for volume wedge_window:0 (G4Box) ... OK! 
BLCMDbox::Construct wedge_window parent= relZ=28785.5 globZ=28785.5
	zmin=28785.4 zmax=28785.7
Checking overlaps for volume wedge_window:0 (G4Box) ... OK! 
BLCMDbox::Construct wedge_window parent= relZ=30614.5 globZ=30614.5
	zmin=30614.3 zmax=30614.6
Checking overlaps for volume wedge_window:0 (G4Box) ... OK! 
BLCMDbox::Construct wedge_window parent= relZ=30985.5 globZ=30985.5
	zmin=30985.4 zmax=30985.7
Checking overlaps for volume wedge_window:0 (G4Box) ... OK! 
BLCMDbox::Construct wedge_window parent= relZ=32814.5 globZ=32814.5
	zmin=32814.3 zmax=32814.6
Checking overlaps for volume wedge_window:0 (G4Box) ... OK! 
BLCMDbox::Construct wedge_window parent= relZ=33185.5 globZ=33185.5
	zmin=33185.4 zmax=33185.7
Checking overlaps for volume wedge_window:0 (G4Box) ... OK! 
BLCMDbox::Construct wedge_window parent= relZ=35014.5 globZ=35014.5
	zmin=35014.3 zmax=35014.6
Checking overlaps for volume wedge_window:0 (G4Box) ... OK! 
BLCMDbox::Construct wedge_window parent= relZ=35385.5 globZ=35385.5
	zmin=35385.4 zmax=35385.7
Checking overlaps for volume wedge_window:0 (G4Box) ... OK! 
BLCMDbox::Construct wedge_window parent= relZ=37214.5 globZ=37214.5
	zmin=37214.3 zmax=37214.6
Checking overlaps for volume wedge_window:0 (G4Box) ... OK! 
BLCMDbox::Construct wedge_window parent= relZ=37585.5 globZ=37585.5
	zmin=37585.4 zmax=37585.7
Checking overlaps for volume wedge_window:0 (G4Box) ... OK! 
BLCMDbox::Construct wedge_window parent= relZ=39414.5 globZ=39414.5
	zmin=39414.3 zmax=39414.6
Checking overlaps for volume wedge_window:0 (G4Box) ... OK! 
BLCMDbox::Construct wedge_window parent= relZ=39785.5 globZ=39785.5
	zmin=39785.4 zmax=39785.7
Checking overlaps for volume wedge_window:0 (G4Box) ... OK! 
BLCMDbox::Construct wedge_window parent= relZ=41614.5 globZ=41614.5
	zmin=41614.3 zmax=41614.6
Checking overlaps for volume wedge_window:0 (G4Box) ... OK! 
BLCMDbox::Construct wedge_window parent= relZ=41985.5 globZ=41985.5
	zmin=41985.4 zmax=41985.7
Checking overlaps for volume wedge_window:0 (G4Box) ... OK! 
BLCMDbox::Construct wedge_window parent= relZ=43814.5 globZ=43814.5
	zmin=43814.3 zmax=43814.6
Checking overlaps for volume wedge_window:0 (G4Box) ... OK! 
BLCMDbox::Construct wedge_window parent= relZ=44185.5 globZ=44185.5
	zmin=44185.4 zmax=44185.7
Checking overlaps for volume wedge_window:0 (G4Box) ... OK! 
BLCMDbox::Construct wedge_window parent= relZ=46014.5 globZ=46014.5
	zmin=46014.3 zmax=46014.6
Checking overlaps for volume wedge_window:0 (G4Box) ... OK! 
BLCMDbox::Construct wedge_window parent= relZ=46385.5 globZ=46385.5
	zmin=46385.4 zmax=46385.7
Checking overlaps for volume wedge_window:0 (G4Box) ... OK! 
BLCMDbox::Construct wedge_window parent= relZ=48214.5 globZ=48214.5
	zmin=48214.3 zmax=48214.6
Checking overlaps for volume wedge_window:0 (G4Box) ... OK! 
BLCMDbox::Construct wedge_window parent= relZ=48585.5 globZ=48585.5
	zmin=48585.4 zmax=48585.7
Checking overlaps for volume wedge_window:0 (G4Box) ... OK! 
BLCMDbox::Construct wedge_window parent= relZ=50414.5 globZ=50414.5
	zmin=50414.3 zmax=50414.6
Checking overlaps for volume wedge_window:0 (G4Box) ... OK! 
BLCMDbox::Construct wedge_window parent= relZ=50785.5 globZ=50785.5
	zmin=50785.4 zmax=50785.7
Checking overlaps for volume wedge_window:0 (G4Box) ... OK! 
BLCMDbox::Construct wedge_window parent= relZ=52614.5 globZ=52614.5
	zmin=52614.3 zmax=52614.6
Checking overlaps for volume wedge_window:0 (G4Box) ... OK! 
BLCMDbox::Construct wedge_window parent= relZ=52985.5 globZ=52985.5
	zmin=52985.4 zmax=52985.7
Checking overlaps for volume wedge_window:0 (G4Box) ... OK! 
BLCMDbox::Construct wedge_window parent= relZ=54814.5 globZ=54814.5
	zmin=54814.3 zmax=54814.6
Checking overlaps for volume wedge_window:0 (G4Box) ... OK! 
BLCMDbox::Construct wedge_window parent= relZ=55185.5 globZ=55185.5
	zmin=55185.4 zmax=55185.7
Checking overlaps for volume wedge_window:0 (G4Box) ... OK! 
BLCMDbox::Construct wedge_window parent= relZ=57014.5 globZ=57014.5
	zmin=57014.3 zmax=57014.6
Checking overlaps for volume wedge_window:0 (G4Box) ... OK! 
BLCMDbox::Construct wedge_window parent= relZ=57385.5 globZ=57385.5
	zmin=57385.4 zmax=57385.7
Checking overlaps for volume wedge_window:0 (G4Box) ... OK! 
BLCMDbox::Construct wedge_window parent= relZ=59214.5 globZ=59214.5
	zmin=59214.3 zmax=59214.6
Checking overlaps for volume wedge_window:0 (G4Box) ... OK! 
BLCMDbox::Construct wedge_window parent= relZ=59585.5 globZ=59585.5
	zmin=59585.4 zmax=59585.7
Checking overlaps for volume wedge_window:0 (G4Box) ... OK! 
BLCMDbox::Construct wedge_window parent= relZ=61414.5 globZ=61414.5
	zmin=61414.3 zmax=61414.6
Checking overlaps for volume wedge_window:0 (G4Box) ... OK! 
BLCMDbox::Construct wedge_window parent= relZ=61785.5 globZ=61785.5
	zmin=61785.4 zmax=61785.7
Checking overlaps for volume wedge_window:0 (G4Box) ... OK! 
BLCMDbox::Construct wedge_window parent= relZ=63614.5 globZ=63614.5
	zmin=63614.3 zmax=63614.6
Checking overlaps for volume wedge_window:0 (G4Box) ... OK! 
BLCMDbox::Construct wedge_window parent= relZ=63985.5 globZ=63985.5
	zmin=63985.4 zmax=63985.7
Checking overlaps for volume wedge_window:0 (G4Box) ... OK! 
BLCMDbox::Construct wedge_window parent= relZ=65814.5 globZ=65814.5
	zmin=65814.3 zmax=65814.6
Checking overlaps for volume wedge_window:0 (G4Box) ... OK! 
BLCMDbox::Construct wedge_window parent= relZ=66185.5 globZ=66185.5
	zmin=66185.4 zmax=66185.7
Checking overlaps for volume beamDet:0 (G4Tubs) ... OK! 
BLCMDvirtualdetector::Construct beamDet parent= relZ=68210.0 globZ=68210.0
### Adding tracking cuts for neutron  TimeCut(ns)= 10000  KinEnergyCut(MeV)= 0

Geometry test nPoints=100 tolerance=0.002 mm:
Testing geometry for children of group 'World':
Total geometry errors = 0  0 seconds

================= Prepare Tune Particle(s) ===========
================= Begin Tune Particle(s) =============
***  Tune and Reference Particles ignore E fields.
***  Tune and Reference Particles ignore B fields.
***  Tune and Reference Particles ignore Energy loss.
**************************************************************************
*** G4Exception: EM Field Extends Outside World
***    severity: Warning
***   issued by: BLGlobalField
*** description: May give inaccurate tracking near world boundary.
***     EventID: -2     TrackID: 1   mu+  KE=124.1 MeV
**************************************************************************
fieldVoxels: nx=12 ny=12 nz=377, 54288 voxels, 450 fields
fieldVoxels: max field count is 9 fields, # voxels >5: 5632, >10: 0, >20: 0
**************************************************************************
*** G4Exception: Check number of field voxels
***    severity: Warning
***   issued by: BLGlobalField
*** description: nVoxels = 54288, max fields/voxel = 9
***     EventID: -2     TrackID: 1   mu+  KE=124.1 MeV
**************************************************************************
pillbox cav00: Time OK  timeOffset=2.6577 ns, incremented to 2.6577 ns
pillbox cav01: Time OK  timeOffset=3.4778 ns, incremented to 3.4778 ns
pillbox cav02: Time OK  timeOffset=4.1403 ns, incremented to 4.1403 ns
pillbox cav03: Time OK  timeOffset=4.9596 ns, incremented to 4.9596 ns
pillbox cav04: Time OK  timeOffset=5.8926 ns, incremented to 5.8926 ns
pillbox cav05: Time OK  timeOffset=6.7210 ns, incremented to 6.7210 ns
pillbox cav10: Time OK  timeOffset=10.8094 ns, incremented to 10.8094 ns
pillbox cav11: Time OK  timeOffset=11.7109 ns, incremented to 11.7109 ns
pillbox cav12: Time OK  timeOffset=12.4517 ns, incremented to 12.4517 ns
pillbox cav13: Time OK  timeOffset=13.3071 ns, incremented to 13.3071 ns
pillbox cav14: Time OK  timeOffset=14.1787 ns, incremented to 14.1787 ns
pillbox cav15: Time OK  timeOffset=15.0743 ns, incremented to 15.0743 ns
pillbox cav20: Time OK  timeOffset=19.0223 ns, incremented to 19.0223 ns
pillbox cav21: Time OK  timeOffset=20.0565 ns, incremented to 20.0565 ns
pillbox cav22: Time OK  timeOffset=20.6500 ns, incremented to 20.6500 ns
pillbox cav23: Time OK  timeOffset=21.6691 ns, incremented to 21.6691 ns
pillbox cav24: Time OK  timeOffset=22.2336 ns, incremented to 22.2336 ns
pillbox cav25: Time OK  timeOffset=23.2138 ns, incremented to 23.2138 ns
pillbox cav30: Time OK  timeOffset=27.3488 ns, incremented to 27.3488 ns
pillbox cav31: Time OK  timeOffset=28.2050 ns, incremented to 28.2050 ns
pillbox cav32: Time OK  timeOffset=29.0257 ns, incremented to 29.0257 ns
pillbox cav33: Time OK  timeOffset=29.8955 ns, incremented to 29.8955 ns
pillbox cav34: Time OK  timeOffset=30.5719 ns, incremented to 30.5719 ns
pillbox cav35: Time OK  timeOffset=31.4631 ns, incremented to 31.4631 ns
pillbox cav40: Time OK  timeOffset=35.4997 ns, incremented to 35.4997 ns
pillbox cav41: Time OK  timeOffset=36.3441 ns, incremented to 36.3441 ns
pillbox cav42: Time OK  timeOffset=37.1046 ns, incremented to 37.1046 ns
pillbox cav43: Time OK  timeOffset=38.0049 ns, incremented to 38.0049 ns
pillbox cav44: Time OK  timeOffset=39.0032 ns, incremented to 39.0032 ns
pillbox cav45: Time OK  timeOffset=39.7286 ns, incremented to 39.7286 ns
pillbox cav50: Time OK  timeOffset=43.8878 ns, incremented to 43.8878 ns
pillbox cav51: Time OK  timeOffset=44.7332 ns, incremented to 44.7332 ns
pillbox cav52: Time OK  timeOffset=45.5827 ns, incremented to 45.5827 ns
pillbox cav53: Time OK  timeOffset=46.2005 ns, incremented to 46.2005 ns
pillbox cav54: Time OK  timeOffset=47.2611 ns, incremented to 47.2611 ns
pillbox cav55: Time OK  timeOffset=47.9405 ns, incremented to 47.9405 ns
pillbox cav60: Time OK  timeOffset=52.0409 ns, incremented to 52.0409 ns
pillbox cav61: Time OK  timeOffset=52.8868 ns, incremented to 52.8868 ns
pillbox cav62: Time OK  timeOffset=53.8798 ns, incremented to 53.8798 ns
pillbox cav63: Time OK  timeOffset=54.5427 ns, incremented to 54.5427 ns
pillbox cav64: Time OK  timeOffset=55.3129 ns, incremented to 55.3129 ns
pillbox cav65: Time OK  timeOffset=56.3545 ns, incremented to 56.3545 ns
pillbox cav70: Time OK  timeOffset=60.2953 ns, incremented to 60.2953 ns
pillbox cav71: Time OK  timeOffset=61.1341 ns, incremented to 61.1341 ns
pillbox cav72: Time OK  timeOffset=62.1049 ns, incremented to 62.1049 ns
pillbox cav73: Time OK  timeOffset=62.8156 ns, incremented to 62.8156 ns
pillbox cav74: Time OK  timeOffset=63.8047 ns, incremented to 63.8047 ns
pillbox cav75: Time OK  timeOffset=64.6025 ns, incremented to 64.6025 ns
pillbox cav80: Time OK  timeOffset=68.5684 ns, incremented to 68.5684 ns
pillbox cav81: Time OK  timeOffset=69.3212 ns, incremented to 69.3212 ns
pillbox cav82: Time OK  timeOffset=70.2813 ns, incremented to 70.2813 ns
pillbox cav83: Time OK  timeOffset=71.1345 ns, incremented to 71.1345 ns
pillbox cav84: Time OK  timeOffset=71.8236 ns, incremented to 71.8236 ns
pillbox cav85: Time OK  timeOffset=72.7443 ns, incremented to 72.7443 ns
pillbox cav90: Time OK  timeOffset=77.0723 ns, incremented to 77.0723 ns
pillbox cav91: Time OK  timeOffset=77.6551 ns, incremented to 77.6551 ns
pillbox cav92: Time OK  timeOffset=78.4591 ns, incremented to 78.4591 ns
pillbox cav93: Time OK  timeOffset=79.4880 ns, incremented to 79.4880 ns
pillbox cav94: Time OK  timeOffset=80.1763 ns, incremented to 80.1763 ns
pillbox cav95: Time OK  timeOffset=80.9676 ns, incremented to 80.9676 ns
pillbox cav100: Time OK  timeOffset=85.0866 ns, incremented to 85.0866 ns
pillbox cav101: Time OK  timeOffset=85.9667 ns, incremented to 85.9667 ns
pillbox cav102: Time OK  timeOffset=86.9098 ns, incremented to 86.9098 ns
pillbox cav103: Time OK  timeOffset=87.5888 ns, incremented to 87.5888 ns
pillbox cav104: Time OK  timeOffset=88.3669 ns, incremented to 88.3669 ns
pillbox cav105: Time OK  timeOffset=89.1830 ns, incremented to 89.1830 ns
pillbox cav110: Time OK  timeOffset=93.4695 ns, incremented to 93.4695 ns
pillbox cav111: Time OK  timeOffset=94.1840 ns, incremented to 94.1840 ns
pillbox cav112: Time OK  timeOffset=95.0546 ns, incremented to 95.0546 ns
pillbox cav113: Time OK  timeOffset=95.8721 ns, incremented to 95.8721 ns
pillbox cav114: Time OK  timeOffset=96.7536 ns, incremented to 96.7536 ns
pillbox cav115: Time OK  timeOffset=97.5051 ns, incremented to 97.5051 ns
pillbox cav120: Time OK  timeOffset=101.8181 ns, incremented to 101.8181 ns
pillbox cav121: Time OK  timeOffset=102.4916 ns, incremented to 102.4916 ns
pillbox cav122: Time OK  timeOffset=103.5330 ns, incremented to 103.5330 ns
pillbox cav123: Time OK  timeOffset=104.1856 ns, incremented to 104.1856 ns
pillbox cav124: Time OK  timeOffset=105.0208 ns, incremented to 105.0208 ns
pillbox cav125: Time OK  timeOffset=105.7309 ns, incremented to 105.7309 ns
pillbox cav130: Time OK  timeOffset=109.9477 ns, incremented to 109.9477 ns
pillbox cav131: Time OK  timeOffset=110.8130 ns, incremented to 110.8130 ns
pillbox cav132: Time OK  timeOffset=111.5583 ns, incremented to 111.5583 ns
pillbox cav133: Time OK  timeOffset=112.4541 ns, incremented to 112.4541 ns
pillbox cav134: Time OK  timeOffset=113.2590 ns, incremented to 113.2590 ns
pillbox cav135: Time OK  timeOffset=113.9964 ns, incremented to 113.9964 ns
pillbox cav140: Time OK  timeOffset=118.1379 ns, incremented to 118.1379 ns
pillbox cav141: Time OK  timeOffset=118.9030 ns, incremented to 118.9030 ns
pillbox cav142: Time OK  timeOffset=119.9339 ns, incremented to 119.9339 ns
pillbox cav143: Time OK  timeOffset=120.7804 ns, incremented to 120.7804 ns
pillbox cav144: Time OK  timeOffset=121.6167 ns, incremented to 121.6167 ns
pillbox cav145: Time OK  timeOffset=122.2110 ns, incremented to 122.2110 ns
pillbox cav150: Time OK  timeOffset=126.3393 ns, incremented to 126.3393 ns
pillbox cav151: Time OK  timeOffset=127.3431 ns, incremented to 127.3431 ns
pillbox cav152: Time OK  timeOffset=128.2616 ns, incremented to 128.2616 ns
pillbox cav153: Time OK  timeOffset=128.9617 ns, incremented to 128.9617 ns
pillbox cav154: Time OK  timeOffset=129.8300 ns, incremented to 129.8300 ns
pillbox cav155: Time OK  timeOffset=130.6294 ns, incremented to 130.6294 ns
pillbox cav160: Time OK  timeOffset=134.6534 ns, incremented to 134.6534 ns
pillbox cav161: Time OK  timeOffset=135.7015 ns, incremented to 135.7015 ns
pillbox cav162: Time OK  timeOffset=136.4439 ns, incremented to 136.4439 ns
pillbox cav163: Time OK  timeOffset=137.0903 ns, incremented to 137.0903 ns
pillbox cav164: Time OK  timeOffset=138.1003 ns, incremented to 138.1003 ns
pillbox cav165: Time OK  timeOffset=138.8683 ns, incremented to 138.8683 ns
pillbox cav170: Time OK  timeOffset=143.0118 ns, incremented to 143.0118 ns
pillbox cav171: Time OK  timeOffset=143.9800 ns, incremented to 143.9800 ns
pillbox cav172: Time OK  timeOffset=144.5093 ns, incremented to 144.5093 ns
pillbox cav173: Time OK  timeOffset=145.5085 ns, incremented to 145.5085 ns
pillbox cav174: Time OK  timeOffset=146.3467 ns, incremented to 146.3467 ns
pillbox cav175: Time OK  timeOffset=147.1058 ns, incremented to 147.1058 ns
pillbox cav180: Time OK  timeOffset=151.2798 ns, incremented to 151.2798 ns
pillbox cav181: Time OK  timeOffset=152.1466 ns, incremented to 152.1466 ns
pillbox cav182: Time OK  timeOffset=152.8968 ns, incremented to 152.8968 ns
pillbox cav183: Time OK  timeOffset=153.6734 ns, incremented to 153.6734 ns
pillbox cav184: Time OK  timeOffset=154.6596 ns, incremented to 154.6596 ns
pillbox cav185: Time OK  timeOffset=155.4037 ns, incremented to 155.4037 ns
pillbox cav190: Time OK  timeOffset=159.4509 ns, incremented to 159.4509 ns
pillbox cav191: Time OK  timeOffset=160.3003 ns, incremented to 160.3003 ns
pillbox cav192: Time OK  timeOffset=161.1690 ns, incremented to 161.1690 ns
pillbox cav193: Time OK  timeOffset=162.0320 ns, incremented to 162.0320 ns
pillbox cav194: Time OK  timeOffset=162.8482 ns, incremented to 162.8482 ns
pillbox cav195: Time OK  timeOffset=163.7146 ns, incremented to 163.7146 ns
pillbox cav200: Time OK  timeOffset=167.7930 ns, incremented to 167.7930 ns
pillbox cav201: Time OK  timeOffset=168.6833 ns, incremented to 168.6833 ns
pillbox cav202: Time OK  timeOffset=169.4331 ns, incremented to 169.4331 ns
pillbox cav203: Time OK  timeOffset=170.2092 ns, incremented to 170.2092 ns
pillbox cav204: Time OK  timeOffset=171.0815 ns, incremented to 171.0815 ns
pillbox cav205: Time OK  timeOffset=171.8936 ns, incremented to 171.8936 ns
pillbox cav210: Time OK  timeOffset=176.0556 ns, incremented to 176.0556 ns
pillbox cav211: Time OK  timeOffset=177.0117 ns, incremented to 177.0117 ns
pillbox cav212: Time OK  timeOffset=177.7189 ns, incremented to 177.7189 ns
pillbox cav213: Time OK  timeOffset=178.5462 ns, incremented to 178.5462 ns
pillbox cav214: Time OK  timeOffset=179.4374 ns, incremented to 179.4374 ns
pillbox cav215: Time OK  timeOffset=180.2154 ns, incremented to 180.2154 ns
pillbox cav220: Time OK  timeOffset=184.4839 ns, incremented to 184.4839 ns
pillbox cav221: Time OK  timeOffset=185.0996 ns, incremented to 185.0996 ns
pillbox cav222: Time OK  timeOffset=185.9444 ns, incremented to 185.9444 ns
pillbox cav223: Time OK  timeOffset=186.8819 ns, incremented to 186.8819 ns
pillbox cav224: Time OK  timeOffset=187.5988 ns, incremented to 187.5988 ns
pillbox cav225: Time OK  timeOffset=188.4696 ns, incremented to 188.4696 ns
pillbox cav230: Time OK  timeOffset=192.5362 ns, incremented to 192.5362 ns
pillbox cav231: Time OK  timeOffset=193.3565 ns, incremented to 193.3565 ns
pillbox cav232: Time OK  timeOffset=194.3214 ns, incremented to 194.3214 ns
pillbox cav233: Time OK  timeOffset=194.9560 ns, incremented to 194.9560 ns
pillbox cav234: Time OK  timeOffset=196.0333 ns, incremented to 196.0333 ns
pillbox cav235: Time OK  timeOffset=196.8993 ns, incremented to 196.8993 ns
pillbox cav240: Time OK  timeOffset=200.7877 ns, incremented to 200.7877 ns
pillbox cav241: Time OK  timeOffset=201.7112 ns, incremented to 201.7112 ns
pillbox cav242: Time OK  timeOffset=202.4937 ns, incremented to 202.4937 ns
pillbox cav243: Time OK  timeOffset=203.3384 ns, incremented to 203.3384 ns
pillbox cav244: Time OK  timeOffset=204.2775 ns, incremented to 204.2775 ns
pillbox cav245: Time OK  timeOffset=204.9350 ns, incremented to 204.9350 ns
pillbox cav250: Time OK  timeOffset=209.1580 ns, incremented to 209.1580 ns
pillbox cav251: Time OK  timeOffset=209.9568 ns, incremented to 209.9568 ns
pillbox cav252: Time OK  timeOffset=210.7816 ns, incremented to 210.7816 ns
pillbox cav253: Time OK  timeOffset=211.6707 ns, incremented to 211.6707 ns
pillbox cav254: Time OK  timeOffset=212.4365 ns, incremented to 212.4365 ns
pillbox cav255: Time OK  timeOffset=213.2243 ns, incremented to 213.2243 ns
pillbox cav260: Time OK  timeOffset=217.3676 ns, incremented to 217.3676 ns
pillbox cav261: Time OK  timeOffset=218.2207 ns, incremented to 218.2207 ns
pillbox cav262: Time OK  timeOffset=219.0755 ns, incremented to 219.0755 ns
pillbox cav263: Time OK  timeOffset=219.9371 ns, incremented to 219.9371 ns
pillbox cav264: Time OK  timeOffset=220.7073 ns, incremented to 220.7073 ns
pillbox cav265: Time OK  timeOffset=221.5005 ns, incremented to 221.5005 ns
pillbox cav270: Time OK  timeOffset=225.5147 ns, incremented to 225.5147 ns
pillbox cav271: Time OK  timeOffset=226.5082 ns, incremented to 226.5082 ns
pillbox cav272: Time OK  timeOffset=227.2159 ns, incremented to 227.2159 ns
pillbox cav273: Time OK  timeOffset=228.2228 ns, incremented to 228.2228 ns
pillbox cav274: Time OK  timeOffset=229.0372 ns, incremented to 229.0372 ns
pillbox cav275: Time OK  timeOffset=229.8151 ns, incremented to 229.8151 ns
pillbox cav280: Time OK  timeOffset=233.8773 ns, incremented to 233.8773 ns
pillbox cav281: Time OK  timeOffset=234.6284 ns, incremented to 234.6284 ns
pillbox cav282: Time OK  timeOffset=235.5040 ns, incremented to 235.5040 ns
pillbox cav283: Time OK  timeOffset=236.3769 ns, incremented to 236.3769 ns
pillbox cav284: Time OK  timeOffset=237.2331 ns, incremented to 237.2331 ns
pillbox cav285: Time OK  timeOffset=238.0093 ns, incremented to 238.0093 ns
pillbox cav290: Time OK  timeOffset=242.1096 ns, incremented to 242.1096 ns
pillbox cav291: Time OK  timeOffset=243.0552 ns, incremented to 243.0552 ns
pillbox cav292: Time OK  timeOffset=243.9625 ns, incremented to 243.9625 ns
pillbox cav293: Time OK  timeOffset=244.6544 ns, incremented to 244.6544 ns
pillbox cav294: Time OK  timeOffset=245.4689 ns, incremented to 245.4689 ns
pillbox cav295: Time OK  timeOffset=246.3368 ns, incremented to 246.3368 ns
pillbox cav300: Time OK  timeOffset=250.3753 ns, incremented to 250.3753 ns
pillbox cav301: Time OK  timeOffset=251.2541 ns, incremented to 251.2541 ns
pillbox cav302: Time OK  timeOffset=252.1425 ns, incremented to 252.1425 ns
pillbox cav303: Time OK  timeOffset=252.9116 ns, incremented to 252.9116 ns
pillbox cav304: Time OK  timeOffset=253.5842 ns, incremented to 253.5842 ns
pillbox cav305: Time OK  timeOffset=254.6036 ns, incremented to 254.6036 ns
Run complete  1 Events  0 seconds
================== Begin Reference Particle(s) ===============
***  Tune and Reference Particles ignore E fields.
***  Tune and Reference Particles ignore B fields.
***  Tune and Reference Particles ignore Energy loss.
Run complete  1 Events  0 seconds
================== Prepare Tracking Beam ==================
Stochastic processes are enabled.
================== Begin Tracking Beam ===============
Event 1 Completed  1 events  realTime=1 sec  1.0 ev/sec
Event 2 Completed  2 events  realTime=1 sec  2.0 ev/sec
Event 3 Completed  3 events  realTime=1 sec  3.0 ev/sec
Event 4 Completed  4 events  realTime=1 sec  4.0 ev/sec
Event 5 Completed  5 events  realTime=1 sec  5.0 ev/sec
Event 6 Completed  6 events  realTime=1 sec  6.0 ev/sec
Event 7 Completed  7 events  realTime=1 sec  7.0 ev/sec
Event 8 Completed  8 events  realTime=1 sec  8.0 ev/sec
Event 9 Completed  9 events  realTime=1 sec  9.0 ev/sec
Event 10 Completed  10 events  realTime=1 sec  10.0 ev/sec
Event 20 Completed  20 events  realTime=1 sec  20.0 ev/sec
Event 30 Completed  30 events  realTime=1 sec  30.0 ev/sec
Event 40 Completed  40 events  realTime=1 sec  40.0 ev/sec
Event 50 Completed  50 events  realTime=1 sec  50.0 ev/sec
Event 60 Completed  60 events  realTime=1 sec  60.0 ev/sec
Event 70 Completed  70 events  realTime=1 sec  70.0 ev/sec
Event 80 Completed  80 events  realTime=1 sec  80.0 ev/sec
Event 90 Completed  90 events  realTime=2 sec  45.0 ev/sec
Event 100 Completed  100 events  realTime=2 sec  50.0 ev/sec
Event 200 Completed  200 events  realTime=3 sec  66.7 ev/sec
Event 300 Completed  300 events  realTime=5 sec  60.0 ev/sec
Event 400 Completed  400 events  realTime=6 sec  66.7 ev/sec
Event 500 Completed  500 events  realTime=7 sec  71.4 ev/sec
Event 600 Completed  600 events  realTime=9 sec  66.7 ev/sec
Event 700 Completed  700 events  realTime=10 sec  70.0 ev/sec
Event 800 Completed  800 events  realTime=12 sec  66.7 ev/sec
Event 900 Completed  900 events  realTime=13 sec  69.2 ev/sec
Event 1000 Completed  1000 events  realTime=15 sec  66.7 ev/sec
Event 2000 Completed  2000 events  realTime=30 sec  66.7 ev/sec
Run complete  2000 Events  30 seconds
NTuple beamDet              344 entries
NTuple TuneParticle        1561 entries
NTuple ReferenceParticle     1592 entries
NTuple Ev1Trk1              252 entries
FOR009.DAT Region 1 z=0.0  2052 tracks,  0 unsupported particles ignored
FOR009.DAT Region 2 z=2200.0  1660 tracks,  0 unsupported particles ignored
FOR009.DAT Region 3 z=4400.0  1481 tracks,  0 unsupported particles ignored
FOR009.DAT Region 4 z=6600.0  1380 tracks,  0 unsupported particles ignored
FOR009.DAT Region 5 z=8800.0  1304 tracks,  0 unsupported particles ignored
FOR009.DAT Region 6 z=11000.0  1237 tracks,  0 unsupported particles ignored
FOR009.DAT Region 7 z=13200.0  1131 tracks,  0 unsupported particles ignored
FOR009.DAT Region 8 z=15400.0  1017 tracks,  0 unsupported particles ignored
FOR009.DAT Region 9 z=17600.0  933 tracks,  0 unsupported particles ignored
FOR009.DAT Region 10 z=19800.0  840 tracks,  0 unsupported particles ignored
FOR009.DAT Region 11 z=22000.0  755 tracks,  0 unsupported particles ignored
FOR009.DAT Region 12 z=24200.0  692 tracks,  0 unsupported particles ignored
FOR009.DAT Region 13 z=26400.0  643 tracks,  0 unsupported particles ignored
FOR009.DAT Region 14 z=28600.0  617 tracks,  0 unsupported particles ignored
FOR009.DAT Region 15 z=30800.0  587 tracks,  0 unsupported particles ignored
FOR009.DAT Region 16 z=33000.0  560 tracks,  0 unsupported particles ignored
FOR009.DAT Region 17 z=35200.0  541 tracks,  0 unsupported particles ignored
FOR009.DAT Region 18 z=37400.0  518 tracks,  0 unsupported particles ignored
FOR009.DAT Region 19 z=39600.0  501 tracks,  0 unsupported particles ignored
FOR009.DAT Region 20 z=41800.0  488 tracks,  0 unsupported particles ignored
FOR009.DAT Region 21 z=44000.0  475 tracks,  0 unsupported particles ignored
FOR009.DAT Region 22 z=46200.0  462 tracks,  0 unsupported particles ignored
FOR009.DAT Region 23 z=48400.0  449 tracks,  0 unsupported particles ignored
FOR009.DAT Region 24 z=50600.0  441 tracks,  0 unsupported particles ignored
FOR009.DAT Region 25 z=52800.0  428 tracks,  0 unsupported particles ignored
FOR009.DAT Region 26 z=55000.0  416 tracks,  0 unsupported particles ignored
FOR009.DAT Region 27 z=57200.0  400 tracks,  0 unsupported particles ignored
FOR009.DAT Region 28 z=59400.0  386 tracks,  0 unsupported particles ignored
FOR009.DAT Region 29 z=61600.0  376 tracks,  0 unsupported particles ignored
FOR009.DAT Region 30 z=63800.0  368 tracks,  0 unsupported particles ignored
FOR009.DAT Region 31 z=66000.0  356 tracks,  0 unsupported particles ignored
NTuple wrote Root File 'g4beamline.root'

Exceptions: 0 Fatal, 0 Events Aborted, 0 Stuck Tracks (stopped), 2 Warnings
      1 times: Check number of field voxels
      1 times: EM Field Extends Outside World
g4beamline: simulation complete
