G4BL_DIR=/home/incik/G4beamline-3.08
G4LEDATA=/home/incik/Geant4Data/G4EMLOW8.0
G4ENSDFSTATEDATA=/home/incik/Geant4Data/G4ENSDFSTATE2.3
G4PARTICLEXSDATA=/home/incik/Geant4Data/G4PARTICLEXS4.0
G4LEVELGAMMADATA=/home/incik/Geant4Data/PhotonEvaporation5.7
G4RADIOACTIVEDATA=/home/incik/Geant4Data/RadioactiveDecay5.6
G4beamline Process ID 3628

*************************************************************
 g4beamline version: 3.08                        (Aug 11 2022)
                      Copyright : Tom Roberts, Muons, Inc.
                        License : Gnu Public License
                            WWW : http://g4beamline.muonsinc.com

          ################################
          !!! G4Backtrace is activated !!!
          ################################


**************************************************************
 Geant4 version Name: geant4-11-00-patch-02 [MT]   (25-May-2022)
                       Copyright : Geant4 Collaboration
                      References : NIM A 506 (2003), 250-303
                                 : IEEE-TNS 53 (2006), 270-278
                                 : NIM A 835 (2016), 186-225
                             WWW : http://geant4.org/
**************************************************************

geometry                   nPoints=100 printGeometry=0 visual=0
                           tolerance=0.002
param        filename      for009
param        final_output  beam_stage3_out
G4PhysListFactory::GetReferencePhysList <QGSP_BERT_EMX>  EMoption= 2
<<< Geant4 Physics List simulation engine: QGSP_BERT

G4VModularPhysicsList::ReplacePhysics: G4EmStandard with type : 2 is replaced with G4EmStandard_opt2

physics      QGSP_BERT_EMX disable= inactivate= deactivate= doStochastics=1
                           fluct=1 minRangeCut=1 list=0 gammaToMuPair=0
                           spinTracking=0 synchrotronRadiation=0
                           synchrotronRadiationMuon=0 maxTime=1e+06
param        pi            3.1415926
param        ncells        65
param        cell_length   1500
param        coilname1     coil1
param        coilname2     coil2
param        coil_length1  118.46964522286608
param        coil_radius1  250
param        coil_width1   125
param        current1      84.58579501857774
param        solpos1       0.08808222745578946
param        bendpos       0.1
param        angle         1.5
param        coil_length2  433.24692175022835
param        coil_radius2  450
param        coil_width2   225
param        current2      67.3050092621987
param        solpos2       0.2025930484741105
param        angle         1.5
param        bendpos       0.1
param        dipole        0.12
param        dipole_length 100
param        pres          35
param        rf_length     220
param        rf_fre        0.352
param        rf_grad       23.226115048725177
param        rf_ph         25.519517206533873
param        rf_window_length 0.05
param        wallthick     0.05
material H2     Z=1.00 A=1.01
                density=0.003 temperature=273 pressure=35.0
param        cavity_gas    Vacuum
param        pipe_radius   125
param        pipe_diameter 250
param        fringe_length 500
param        pipe_length   419.85
param        wedge_window_length 0.19
param        half_wedge_length 240
param        wedge_apex    115
param        end_z         99010
param        x_last        -7.11
param        y_last        -10.4
param        x_off         -5.8447445
param        y_off         -8.4742753
param        first         1
param        ref_momentum  203
reference                  particle=mu+ beamX=-5.845 beamY=-8.474 beamZ=0
                           beamT=440.3 rotation= referenceMomentum=203
                           beamXp=0 beamYp=0 meanMomentum=203 meanXp=0
                           meanYp=0 tuneZ=-3.7e+21 tuneMomentum=-3.7e+21
                           tolerance=0.001 noEfield=1 noBfield=1 noEloss=1
                           P=203
beam    ASCII   nEvents=2147483647 firstEvent=1 lastEvent=2147483647 beamZ=-3700000000000000000000.0 maxR=1000000.0 renumber=0 weight=1.000000 
		filename=beam_stage2_upt.txt format=BLTrackFile 
		
trackcuts                  kill= keep= killSecondaries=1 kineticEnergyCut=0
                           kineticEnergyMax=1.798e+308 maxTime=1e+06
                           keepPrimaries=0 steppingVerbose=0
trace                      nTrace=1 format=Trace oneNTuple=0 primaryOnly=0
                           traceTune=1 filename=Ev%dTrk%d file=Ev%dTrk%d
                           require= coordinates=Centerline
virtualdetector beamDet    radius=800 innerRadius=0 height=1600 width=1600
                           length=0.001 maxStep=100 material= color=1,1,1
                           noSingles=0 format=bltrackfile
                           filename=beam_stage3_out file=beam_stage3_out
                           require= referenceParticle=0 coordinates=Centerline
                           kill=0
genericbend  solbend       fieldWidth=1000 fieldHeight=1000 fieldLength=100
                           ironWidth=-1 ironHeight=-1 ironLength=-1 By=0.12
                           maxStep=100 fieldMaterial=Vacuum fieldColor=
                           ironMaterial=Fe ironColor=1,1,1 kill=1 fringe=0
                           fringeFactor=1 openAperture=1
fieldexpr fringe_left: Map 30000 points  Max Relative Error = 0.0012
fieldexpr fringe_left: Map 178503 points  Max Relative Error = 0.0003
fieldexpr    fringe_left   factorB=1 factorE=1 timeOffset=0 Bx=
                           By=0.12*((1+exp(5*-z/250)*cos(5*y/250))/(1+2*exp(5*-z/250)*cos(5*y/250)+exp(2*5*-z/250)))
                           Bz=-0.12*exp(5*-z/250)*sin(5*y/250)/(1+2*exp(5*-z/250)*cos(5*y/250)+exp(2*5*-z/250))
                           Br= Bphi= Ex= Ey= Ez= Er= time= nX=3 nY=199 nZ=299
                           nR=11 nT=11 tolerance=0.001 length=500 width=250
                           height=250 radius=-1 tmin=0 tmax=0
fieldexpr fringe_right: Map 30000 points  Max Relative Error = 0.0012
fieldexpr fringe_right: Map 178503 points  Max Relative Error = 0.0003
fieldexpr    fringe_right  factorB=1 factorE=1 timeOffset=0 Bx=
                           By=0.12*((1+exp(5*z/250)*cos(5*y/250))/(1+2*exp(5*z/250)*cos(5*y/250)+exp(2*5*z/250)))
                           Bz=-0.12*exp(5*z/250)*sin(5*y/250)/(1+2*exp(5*z/250)*cos(5*y/250)+exp(2*5*z/250))
                           Br= Bphi= Ex= Ey= Ez= Er= time= nX=3 nY=199 nZ=299
                           nR=11 nT=11 tolerance=0.001 length=500 width=250
                           height=250 radius=-1 tmin=0 tmax=0
coil    coil1   innerRadius=250.0 outerRadius=375.0 length=118.5 material=Cu 
		tolerance=0.002 nSheets=0 
		maxR=750.0 maxZ=1500.0 dR=0.0 dZ=0.0 filename=coil1.dat 
coilmap coil1   tolerance=0.00200 [fraction of Bz(r=0,z=0)]
BLCoil::generateFieldMap wrong innerRadius
BLCoil::generateFieldMap wrong outerRadius
BLCoil::generateFieldMap wrong length
BLCoil::generateFieldMap wrong maxR or maxZ
BLCoil::determineNsheets 'coil1'  nSheets=18 err=0.000474
coilmap coil1   nR=162 nZ=322 dR=4.7 dZ=4.7 error=0.000841
coilmap coil1    DONE 3 seconds
coilmap coil1   wrote file 'coil1.dat'   417392 bytes
solenoid     sol1          coilName=coil1 current=84.59 color=1,1,1
                           alternate=0 kill=1 coil=coil1
solenoid     sol2          coilName=coil1 current=-84.59 color=1,1,1
                           alternate=0 kill=1 coil=coil1
coil    coil2   innerRadius=450.0 outerRadius=675.0 length=433.2 material=Cu 
		tolerance=0.002 nSheets=0 
		maxR=1350.0 maxZ=1500.0 dR=0.0 dZ=0.0 filename=coil2.dat 
coilmap coil2   tolerance=0.00200 [fraction of Bz(r=0,z=0)]
BLCoil::generateFieldMap wrong innerRadius
BLCoil::generateFieldMap wrong outerRadius
BLCoil::generateFieldMap wrong length
BLCoil::generateFieldMap wrong maxR or maxZ
BLCoil::determineNsheets 'coil2'  nSheets=14 err=0.000440
coilmap coil2   nR=82 nZ=90 dR=16.9 dZ=16.9 error=0.001168
coilmap coil2    DONE 0 seconds
coilmap coil2   wrote file 'coil2.dat'   59120 bytes
solenoid     sol3          coilName=coil2 current=67.31 color=1,1,1
                           alternate=0 kill=1 coil=coil2
solenoid     sol4          coilName=coil2 current=-67.31 color=1,1,1
                           alternate=0 kill=1 coil=coil2
tubs         pipe          innerRadius=125 outerRadius=126 initialPhi=0
                           finalPhi=360 length=419.9 maxStep=100 material=
                           color=1,1,1 kill=1 radius=126
pillbox      cav00         maxGradient=24.49 color=1.0,0.0,0.0 frequency=0.352
                           innerLength=220 innerRadius=326 pipeThick=3
                           wallThick=0.05 irisRadius=125 collarRadialThick=5
                           collarThick=0 win1Thick=0.05 win1OuterRadius=50
                           win2Thick=0.05 winMat=Be phaseAcc=24.78
                           skinDepth=0.002 timingTolerance=0.001 maxStep=100
                           cavityMaterial=Vacuum timeOffset=-4.7e+21
                           timeIncrement=0 fieldMapFile= kill=1
pillbox      cav01         maxGradient=24.21 color=1.0,0.0,0.0 frequency=0.352
                           innerLength=220 innerRadius=326 pipeThick=3
                           wallThick=0.05 irisRadius=125 collarRadialThick=5
                           collarThick=0 win1Thick=0.05 win1OuterRadius=50
                           win2Thick=0.05 winMat=Be phaseAcc=17.31
                           skinDepth=0.002 timingTolerance=0.001 maxStep=100
                           cavityMaterial=Vacuum timeOffset=-4.7e+21
                           timeIncrement=0 fieldMapFile= kill=1
pillbox      cav02         maxGradient=22.59 color=1.0,0.0,0.0 frequency=0.352
                           innerLength=220 innerRadius=326 pipeThick=3
                           wallThick=0.05 irisRadius=125 collarRadialThick=5
                           collarThick=0 win1Thick=0.05 win1OuterRadius=50
                           win2Thick=0.05 winMat=Be phaseAcc=31.96
                           skinDepth=0.002 timingTolerance=0.001 maxStep=100
                           cavityMaterial=Vacuum timeOffset=-4.7e+21
                           timeIncrement=0 fieldMapFile= kill=1
pillbox      cav03         maxGradient=23.21 color=1.0,0.0,0.0 frequency=0.352
                           innerLength=220 innerRadius=326 pipeThick=3
                           wallThick=0.05 irisRadius=125 collarRadialThick=5
                           collarThick=0 win1Thick=0.05 win1OuterRadius=50
                           win2Thick=0.05 winMat=Be phaseAcc=31.25
                           skinDepth=0.002 timingTolerance=0.001 maxStep=100
                           cavityMaterial=Vacuum timeOffset=-4.7e+21
                           timeIncrement=0 fieldMapFile= kill=1
pillbox      cav10         maxGradient=22.32 color=1.0,0.0,0.0 frequency=0.352
                           innerLength=220 innerRadius=326 pipeThick=3
                           wallThick=0.05 irisRadius=125 collarRadialThick=5
                           collarThick=0 win1Thick=0.05 win1OuterRadius=50
                           win2Thick=0.05 winMat=Be phaseAcc=24.71
                           skinDepth=0.002 timingTolerance=0.001 maxStep=100
                           cavityMaterial=Vacuum timeOffset=-4.7e+21
                           timeIncrement=0 fieldMapFile= kill=1
pillbox      cav11         maxGradient=22.93 color=1.0,0.0,0.0 frequency=0.352
                           innerLength=220 innerRadius=326 pipeThick=3
                           wallThick=0.05 irisRadius=125 collarRadialThick=5
                           collarThick=0 win1Thick=0.05 win1OuterRadius=50
                           win2Thick=0.05 winMat=Be phaseAcc=17.27
                           skinDepth=0.002 timingTolerance=0.001 maxStep=100
                           cavityMaterial=Vacuum timeOffset=-4.7e+21
                           timeIncrement=0 fieldMapFile= kill=1
pillbox      cav12         maxGradient=24.26 color=1.0,0.0,0.0 frequency=0.352
                           innerLength=220 innerRadius=326 pipeThick=3
                           wallThick=0.05 irisRadius=125 collarRadialThick=5
                           collarThick=0 win1Thick=0.05 win1OuterRadius=50
                           win2Thick=0.05 winMat=Be phaseAcc=41.26
                           skinDepth=0.002 timingTolerance=0.001 maxStep=100
                           cavityMaterial=Vacuum timeOffset=-4.7e+21
                           timeIncrement=0 fieldMapFile= kill=1
pillbox      cav13         maxGradient=23.9 color=1.0,0.0,0.0 frequency=0.352
                           innerLength=220 innerRadius=326 pipeThick=3
                           wallThick=0.05 irisRadius=125 collarRadialThick=5
                           collarThick=0 win1Thick=0.05 win1OuterRadius=50
                           win2Thick=0.05 winMat=Be phaseAcc=19.15
                           skinDepth=0.002 timingTolerance=0.001 maxStep=100
                           cavityMaterial=Vacuum timeOffset=-4.7e+21
                           timeIncrement=0 fieldMapFile= kill=1
pillbox      cav20         maxGradient=22.03 color=1.0,0.0,0.0 frequency=0.352
                           innerLength=220 innerRadius=326 pipeThick=3
                           wallThick=0.05 irisRadius=125 collarRadialThick=5
                           collarThick=0 win1Thick=0.05 win1OuterRadius=50
                           win2Thick=0.05 winMat=Be phaseAcc=16.38
                           skinDepth=0.002 timingTolerance=0.001 maxStep=100
                           cavityMaterial=Vacuum timeOffset=-4.7e+21
                           timeIncrement=0 fieldMapFile= kill=1
pillbox      cav21         maxGradient=23.27 color=1.0,0.0,0.0 frequency=0.352
                           innerLength=220 innerRadius=326 pipeThick=3
                           wallThick=0.05 irisRadius=125 collarRadialThick=5
                           collarThick=0 win1Thick=0.05 win1OuterRadius=50
                           win2Thick=0.05 winMat=Be phaseAcc=28.01
                           skinDepth=0.002 timingTolerance=0.001 maxStep=100
                           cavityMaterial=Vacuum timeOffset=-4.7e+21
                           timeIncrement=0 fieldMapFile= kill=1
pillbox      cav22         maxGradient=21.6 color=1.0,0.0,0.0 frequency=0.352
                           innerLength=220 innerRadius=326 pipeThick=3
                           wallThick=0.05 irisRadius=125 collarRadialThick=5
                           collarThick=0 win1Thick=0.05 win1OuterRadius=50
                           win2Thick=0.05 winMat=Be phaseAcc=22.72
                           skinDepth=0.002 timingTolerance=0.001 maxStep=100
                           cavityMaterial=Vacuum timeOffset=-4.7e+21
                           timeIncrement=0 fieldMapFile= kill=1
pillbox      cav23         maxGradient=23.28 color=1.0,0.0,0.0 frequency=0.352
                           innerLength=220 innerRadius=326 pipeThick=3
                           wallThick=0.05 irisRadius=125 collarRadialThick=5
                           collarThick=0 win1Thick=0.05 win1OuterRadius=50
                           win2Thick=0.05 winMat=Be phaseAcc=6.239
                           skinDepth=0.002 timingTolerance=0.001 maxStep=100
                           cavityMaterial=Vacuum timeOffset=-4.7e+21
                           timeIncrement=0 fieldMapFile= kill=1
pillbox      cav30         maxGradient=23.47 color=1.0,0.0,0.0 frequency=0.352
                           innerLength=220 innerRadius=326 pipeThick=3
                           wallThick=0.05 irisRadius=125 collarRadialThick=5
                           collarThick=0 win1Thick=0.05 win1OuterRadius=50
                           win2Thick=0.05 winMat=Be phaseAcc=29.32
                           skinDepth=0.002 timingTolerance=0.001 maxStep=100
                           cavityMaterial=Vacuum timeOffset=-4.7e+21
                           timeIncrement=0 fieldMapFile= kill=1
pillbox      cav31         maxGradient=23.03 color=1.0,0.0,0.0 frequency=0.352
                           innerLength=220 innerRadius=326 pipeThick=3
                           wallThick=0.05 irisRadius=125 collarRadialThick=5
                           collarThick=0 win1Thick=0.05 win1OuterRadius=50
                           win2Thick=0.05 winMat=Be phaseAcc=15.2
                           skinDepth=0.002 timingTolerance=0.001 maxStep=100
                           cavityMaterial=Vacuum timeOffset=-4.7e+21
                           timeIncrement=0 fieldMapFile= kill=1
pillbox      cav32         maxGradient=22.46 color=1.0,0.0,0.0 frequency=0.352
                           innerLength=220 innerRadius=326 pipeThick=3
                           wallThick=0.05 irisRadius=125 collarRadialThick=5
                           collarThick=0 win1Thick=0.05 win1OuterRadius=50
                           win2Thick=0.05 winMat=Be phaseAcc=15.96
                           skinDepth=0.002 timingTolerance=0.001 maxStep=100
                           cavityMaterial=Vacuum timeOffset=-4.7e+21
                           timeIncrement=0 fieldMapFile= kill=1
pillbox      cav33         maxGradient=23.05 color=1.0,0.0,0.0 frequency=0.352
                           innerLength=220 innerRadius=326 pipeThick=3
                           wallThick=0.05 irisRadius=125 collarRadialThick=5
                           collarThick=0 win1Thick=0.05 win1OuterRadius=50
                           win2Thick=0.05 winMat=Be phaseAcc=20.07
                           skinDepth=0.002 timingTolerance=0.001 maxStep=100
                           cavityMaterial=Vacuum timeOffset=-4.7e+21
                           timeIncrement=0 fieldMapFile= kill=1
pillbox      cav40         maxGradient=24.68 color=1.0,0.0,0.0 frequency=0.352
                           innerLength=220 innerRadius=326 pipeThick=3
                           wallThick=0.05 irisRadius=125 collarRadialThick=5
                           collarThick=0 win1Thick=0.05 win1OuterRadius=50
                           win2Thick=0.05 winMat=Be phaseAcc=33.52
                           skinDepth=0.002 timingTolerance=0.001 maxStep=100
                           cavityMaterial=Vacuum timeOffset=-4.7e+21
                           timeIncrement=0 fieldMapFile= kill=1
pillbox      cav41         maxGradient=24.44 color=1.0,0.0,0.0 frequency=0.352
                           innerLength=220 innerRadius=326 pipeThick=3
                           wallThick=0.05 irisRadius=125 collarRadialThick=5
                           collarThick=0 win1Thick=0.05 win1OuterRadius=50
                           win2Thick=0.05 winMat=Be phaseAcc=28.17
                           skinDepth=0.002 timingTolerance=0.001 maxStep=100
                           cavityMaterial=Vacuum timeOffset=-4.7e+21
                           timeIncrement=0 fieldMapFile= kill=1
pillbox      cav42         maxGradient=21.64 color=1.0,0.0,0.0 frequency=0.352
                           innerLength=220 innerRadius=326 pipeThick=3
                           wallThick=0.05 irisRadius=125 collarRadialThick=5
                           collarThick=0 win1Thick=0.05 win1OuterRadius=50
                           win2Thick=0.05 winMat=Be phaseAcc=25
                           skinDepth=0.002 timingTolerance=0.001 maxStep=100
                           cavityMaterial=Vacuum timeOffset=-4.7e+21
                           timeIncrement=0 fieldMapFile= kill=1
pillbox      cav43         maxGradient=23.35 color=1.0,0.0,0.0 frequency=0.352
                           innerLength=220 innerRadius=326 pipeThick=3
                           wallThick=0.05 irisRadius=125 collarRadialThick=5
                           collarThick=0 win1Thick=0.05 win1OuterRadius=50
                           win2Thick=0.05 winMat=Be phaseAcc=28.34
                           skinDepth=0.002 timingTolerance=0.001 maxStep=100
                           cavityMaterial=Vacuum timeOffset=-4.7e+21
                           timeIncrement=0 fieldMapFile= kill=1
pillbox      cav50         maxGradient=21.62 color=1.0,0.0,0.0 frequency=0.352
                           innerLength=220 innerRadius=326 pipeThick=3
                           wallThick=0.05 irisRadius=125 collarRadialThick=5
                           collarThick=0 win1Thick=0.05 win1OuterRadius=50
                           win2Thick=0.05 winMat=Be phaseAcc=24.93
                           skinDepth=0.002 timingTolerance=0.001 maxStep=100
                           cavityMaterial=Vacuum timeOffset=-4.7e+21
                           timeIncrement=0 fieldMapFile= kill=1
pillbox      cav51         maxGradient=23.86 color=1.0,0.0,0.0 frequency=0.352
                           innerLength=220 innerRadius=326 pipeThick=3
                           wallThick=0.05 irisRadius=125 collarRadialThick=5
                           collarThick=0 win1Thick=0.05 win1OuterRadius=50
                           win2Thick=0.05 winMat=Be phaseAcc=13.99
                           skinDepth=0.002 timingTolerance=0.001 maxStep=100
                           cavityMaterial=Vacuum timeOffset=-4.7e+21
                           timeIncrement=0 fieldMapFile= kill=1
pillbox      cav52         maxGradient=21.46 color=1.0,0.0,0.0 frequency=0.352
                           innerLength=220 innerRadius=326 pipeThick=3
                           wallThick=0.05 irisRadius=125 collarRadialThick=5
                           collarThick=0 win1Thick=0.05 win1OuterRadius=50
                           win2Thick=0.05 winMat=Be phaseAcc=30.88
                           skinDepth=0.002 timingTolerance=0.001 maxStep=100
                           cavityMaterial=Vacuum timeOffset=-4.7e+21
                           timeIncrement=0 fieldMapFile= kill=1
pillbox      cav53         maxGradient=21.7 color=1.0,0.0,0.0 frequency=0.352
                           innerLength=220 innerRadius=326 pipeThick=3
                           wallThick=0.05 irisRadius=125 collarRadialThick=5
                           collarThick=0 win1Thick=0.05 win1OuterRadius=50
                           win2Thick=0.05 winMat=Be phaseAcc=23.29
                           skinDepth=0.002 timingTolerance=0.001 maxStep=100
                           cavityMaterial=Vacuum timeOffset=-4.7e+21
                           timeIncrement=0 fieldMapFile= kill=1
pillbox      cav60         maxGradient=24.11 color=1.0,0.0,0.0 frequency=0.352
                           innerLength=220 innerRadius=326 pipeThick=3
                           wallThick=0.05 irisRadius=125 collarRadialThick=5
                           collarThick=0 win1Thick=0.05 win1OuterRadius=50
                           win2Thick=0.05 winMat=Be phaseAcc=21.37
                           skinDepth=0.002 timingTolerance=0.001 maxStep=100
                           cavityMaterial=Vacuum timeOffset=-4.7e+21
                           timeIncrement=0 fieldMapFile= kill=1
pillbox      cav61         maxGradient=21.82 color=1.0,0.0,0.0 frequency=0.352
                           innerLength=220 innerRadius=326 pipeThick=3
                           wallThick=0.05 irisRadius=125 collarRadialThick=5
                           collarThick=0 win1Thick=0.05 win1OuterRadius=50
                           win2Thick=0.05 winMat=Be phaseAcc=49.14
                           skinDepth=0.002 timingTolerance=0.001 maxStep=100
                           cavityMaterial=Vacuum timeOffset=-4.7e+21
                           timeIncrement=0 fieldMapFile= kill=1
pillbox      cav62         maxGradient=23.98 color=1.0,0.0,0.0 frequency=0.352
                           innerLength=220 innerRadius=326 pipeThick=3
                           wallThick=0.05 irisRadius=125 collarRadialThick=5
                           collarThick=0 win1Thick=0.05 win1OuterRadius=50
                           win2Thick=0.05 winMat=Be phaseAcc=28.52
                           skinDepth=0.002 timingTolerance=0.001 maxStep=100
                           cavityMaterial=Vacuum timeOffset=-4.7e+21
                           timeIncrement=0 fieldMapFile= kill=1
pillbox      cav63         maxGradient=23.44 color=1.0,0.0,0.0 frequency=0.352
                           innerLength=220 innerRadius=326 pipeThick=3
                           wallThick=0.05 irisRadius=125 collarRadialThick=5
                           collarThick=0 win1Thick=0.05 win1OuterRadius=50
                           win2Thick=0.05 winMat=Be phaseAcc=11.81
                           skinDepth=0.002 timingTolerance=0.001 maxStep=100
                           cavityMaterial=Vacuum timeOffset=-4.7e+21
                           timeIncrement=0 fieldMapFile= kill=1
pillbox      cav70         maxGradient=24.12 color=1.0,0.0,0.0 frequency=0.352
                           innerLength=220 innerRadius=326 pipeThick=3
                           wallThick=0.05 irisRadius=125 collarRadialThick=5
                           collarThick=0 win1Thick=0.05 win1OuterRadius=50
                           win2Thick=0.05 winMat=Be phaseAcc=39.6
                           skinDepth=0.002 timingTolerance=0.001 maxStep=100
                           cavityMaterial=Vacuum timeOffset=-4.7e+21
                           timeIncrement=0 fieldMapFile= kill=1
pillbox      cav71         maxGradient=22.85 color=1.0,0.0,0.0 frequency=0.352
                           innerLength=220 innerRadius=326 pipeThick=3
                           wallThick=0.05 irisRadius=125 collarRadialThick=5
                           collarThick=0 win1Thick=0.05 win1OuterRadius=50
                           win2Thick=0.05 winMat=Be phaseAcc=25.45
                           skinDepth=0.002 timingTolerance=0.001 maxStep=100
                           cavityMaterial=Vacuum timeOffset=-4.7e+21
                           timeIncrement=0 fieldMapFile= kill=1
pillbox      cav72         maxGradient=23.95 color=1.0,0.0,0.0 frequency=0.352
                           innerLength=220 innerRadius=326 pipeThick=3
                           wallThick=0.05 irisRadius=125 collarRadialThick=5
                           collarThick=0 win1Thick=0.05 win1OuterRadius=50
                           win2Thick=0.05 winMat=Be phaseAcc=19.52
                           skinDepth=0.002 timingTolerance=0.001 maxStep=100
                           cavityMaterial=Vacuum timeOffset=-4.7e+21
                           timeIncrement=0 fieldMapFile= kill=1
pillbox      cav73         maxGradient=23.16 color=1.0,0.0,0.0 frequency=0.352
                           innerLength=220 innerRadius=326 pipeThick=3
                           wallThick=0.05 irisRadius=125 collarRadialThick=5
                           collarThick=0 win1Thick=0.05 win1OuterRadius=50
                           win2Thick=0.05 winMat=Be phaseAcc=13.06
                           skinDepth=0.002 timingTolerance=0.001 maxStep=100
                           cavityMaterial=Vacuum timeOffset=-4.7e+21
                           timeIncrement=0 fieldMapFile= kill=1
pillbox      cav80         maxGradient=23.72 color=1.0,0.0,0.0 frequency=0.352
                           innerLength=220 innerRadius=326 pipeThick=3
                           wallThick=0.05 irisRadius=125 collarRadialThick=5
                           collarThick=0 win1Thick=0.05 win1OuterRadius=50
                           win2Thick=0.05 winMat=Be phaseAcc=48.73
                           skinDepth=0.002 timingTolerance=0.001 maxStep=100
                           cavityMaterial=Vacuum timeOffset=-4.7e+21
                           timeIncrement=0 fieldMapFile= kill=1
pillbox      cav81         maxGradient=24.58 color=1.0,0.0,0.0 frequency=0.352
                           innerLength=220 innerRadius=326 pipeThick=3
                           wallThick=0.05 irisRadius=125 collarRadialThick=5
                           collarThick=0 win1Thick=0.05 win1OuterRadius=50
                           win2Thick=0.05 winMat=Be phaseAcc=22.24
                           skinDepth=0.002 timingTolerance=0.001 maxStep=100
                           cavityMaterial=Vacuum timeOffset=-4.7e+21
                           timeIncrement=0 fieldMapFile= kill=1
pillbox      cav82         maxGradient=22.34 color=1.0,0.0,0.0 frequency=0.352
                           innerLength=220 innerRadius=326 pipeThick=3
                           wallThick=0.05 irisRadius=125 collarRadialThick=5
                           collarThick=0 win1Thick=0.05 win1OuterRadius=50
                           win2Thick=0.05 winMat=Be phaseAcc=36.89
                           skinDepth=0.002 timingTolerance=0.001 maxStep=100
                           cavityMaterial=Vacuum timeOffset=-4.7e+21
                           timeIncrement=0 fieldMapFile= kill=1
pillbox      cav83         maxGradient=25.54 color=1.0,0.0,0.0 frequency=0.352
                           innerLength=220 innerRadius=326 pipeThick=3
                           wallThick=0.05 irisRadius=125 collarRadialThick=5
                           collarThick=0 win1Thick=0.05 win1OuterRadius=50
                           win2Thick=0.05 winMat=Be phaseAcc=34.8
                           skinDepth=0.002 timingTolerance=0.001 maxStep=100
                           cavityMaterial=Vacuum timeOffset=-4.7e+21
                           timeIncrement=0 fieldMapFile= kill=1
pillbox      cav90         maxGradient=24.2 color=1.0,0.0,0.0 frequency=0.352
                           innerLength=220 innerRadius=326 pipeThick=3
                           wallThick=0.05 irisRadius=125 collarRadialThick=5
                           collarThick=0 win1Thick=0.05 win1OuterRadius=50
                           win2Thick=0.05 winMat=Be phaseAcc=29.97
                           skinDepth=0.002 timingTolerance=0.001 maxStep=100
                           cavityMaterial=Vacuum timeOffset=-4.7e+21
                           timeIncrement=0 fieldMapFile= kill=1
pillbox      cav91         maxGradient=23.3 color=1.0,0.0,0.0 frequency=0.352
                           innerLength=220 innerRadius=326 pipeThick=3
                           wallThick=0.05 irisRadius=125 collarRadialThick=5
                           collarThick=0 win1Thick=0.05 win1OuterRadius=50
                           win2Thick=0.05 winMat=Be phaseAcc=20.97
                           skinDepth=0.002 timingTolerance=0.001 maxStep=100
                           cavityMaterial=Vacuum timeOffset=-4.7e+21
                           timeIncrement=0 fieldMapFile= kill=1
pillbox      cav92         maxGradient=21.9 color=1.0,0.0,0.0 frequency=0.352
                           innerLength=220 innerRadius=326 pipeThick=3
                           wallThick=0.05 irisRadius=125 collarRadialThick=5
                           collarThick=0 win1Thick=0.05 win1OuterRadius=50
                           win2Thick=0.05 winMat=Be phaseAcc=20.12
                           skinDepth=0.002 timingTolerance=0.001 maxStep=100
                           cavityMaterial=Vacuum timeOffset=-4.7e+21
                           timeIncrement=0 fieldMapFile= kill=1
pillbox      cav93         maxGradient=22.05 color=1.0,0.0,0.0 frequency=0.352
                           innerLength=220 innerRadius=326 pipeThick=3
                           wallThick=0.05 irisRadius=125 collarRadialThick=5
                           collarThick=0 win1Thick=0.05 win1OuterRadius=50
                           win2Thick=0.05 winMat=Be phaseAcc=16.18
                           skinDepth=0.002 timingTolerance=0.001 maxStep=100
                           cavityMaterial=Vacuum timeOffset=-4.7e+21
                           timeIncrement=0 fieldMapFile= kill=1
pillbox      cav100        maxGradient=24.24 color=1.0,0.0,0.0 frequency=0.352
                           innerLength=220 innerRadius=326 pipeThick=3
                           wallThick=0.05 irisRadius=125 collarRadialThick=5
                           collarThick=0 win1Thick=0.05 win1OuterRadius=50
                           win2Thick=0.05 winMat=Be phaseAcc=15.86
                           skinDepth=0.002 timingTolerance=0.001 maxStep=100
                           cavityMaterial=Vacuum timeOffset=-4.7e+21
                           timeIncrement=0 fieldMapFile= kill=1
pillbox      cav101        maxGradient=23.49 color=1.0,0.0,0.0 frequency=0.352
                           innerLength=220 innerRadius=326 pipeThick=3
                           wallThick=0.05 irisRadius=125 collarRadialThick=5
                           collarThick=0 win1Thick=0.05 win1OuterRadius=50
                           win2Thick=0.05 winMat=Be phaseAcc=28.99
                           skinDepth=0.002 timingTolerance=0.001 maxStep=100
                           cavityMaterial=Vacuum timeOffset=-4.7e+21
                           timeIncrement=0 fieldMapFile= kill=1
pillbox      cav102        maxGradient=23.97 color=1.0,0.0,0.0 frequency=0.352
                           innerLength=220 innerRadius=326 pipeThick=3
                           wallThick=0.05 irisRadius=125 collarRadialThick=5
                           collarThick=0 win1Thick=0.05 win1OuterRadius=50
                           win2Thick=0.05 winMat=Be phaseAcc=23.59
                           skinDepth=0.002 timingTolerance=0.001 maxStep=100
                           cavityMaterial=Vacuum timeOffset=-4.7e+21
                           timeIncrement=0 fieldMapFile= kill=1
pillbox      cav103        maxGradient=22.53 color=1.0,0.0,0.0 frequency=0.352
                           innerLength=220 innerRadius=326 pipeThick=3
                           wallThick=0.05 irisRadius=125 collarRadialThick=5
                           collarThick=0 win1Thick=0.05 win1OuterRadius=50
                           win2Thick=0.05 winMat=Be phaseAcc=23.13
                           skinDepth=0.002 timingTolerance=0.001 maxStep=100
                           cavityMaterial=Vacuum timeOffset=-4.7e+21
                           timeIncrement=0 fieldMapFile= kill=1
pillbox      cav110        maxGradient=23.91 color=1.0,0.0,0.0 frequency=0.352
                           innerLength=220 innerRadius=326 pipeThick=3
                           wallThick=0.05 irisRadius=125 collarRadialThick=5
                           collarThick=0 win1Thick=0.05 win1OuterRadius=50
                           win2Thick=0.05 winMat=Be phaseAcc=31.41
                           skinDepth=0.002 timingTolerance=0.001 maxStep=100
                           cavityMaterial=Vacuum timeOffset=-4.7e+21
                           timeIncrement=0 fieldMapFile= kill=1
pillbox      cav111        maxGradient=23.12 color=1.0,0.0,0.0 frequency=0.352
                           innerLength=220 innerRadius=326 pipeThick=3
                           wallThick=0.05 irisRadius=125 collarRadialThick=5
                           collarThick=0 win1Thick=0.05 win1OuterRadius=50
                           win2Thick=0.05 winMat=Be phaseAcc=19.82
                           skinDepth=0.002 timingTolerance=0.001 maxStep=100
                           cavityMaterial=Vacuum timeOffset=-4.7e+21
                           timeIncrement=0 fieldMapFile= kill=1
pillbox      cav112        maxGradient=22.5 color=1.0,0.0,0.0 frequency=0.352
                           innerLength=220 innerRadius=326 pipeThick=3
                           wallThick=0.05 irisRadius=125 collarRadialThick=5
                           collarThick=0 win1Thick=0.05 win1OuterRadius=50
                           win2Thick=0.05 winMat=Be phaseAcc=32.96
                           skinDepth=0.002 timingTolerance=0.001 maxStep=100
                           cavityMaterial=Vacuum timeOffset=-4.7e+21
                           timeIncrement=0 fieldMapFile= kill=1
pillbox      cav113        maxGradient=23.08 color=1.0,0.0,0.0 frequency=0.352
                           innerLength=220 innerRadius=326 pipeThick=3
                           wallThick=0.05 irisRadius=125 collarRadialThick=5
                           collarThick=0 win1Thick=0.05 win1OuterRadius=50
                           win2Thick=0.05 winMat=Be phaseAcc=19.93
                           skinDepth=0.002 timingTolerance=0.001 maxStep=100
                           cavityMaterial=Vacuum timeOffset=-4.7e+21
                           timeIncrement=0 fieldMapFile= kill=1
pillbox      cav120        maxGradient=24.07 color=1.0,0.0,0.0 frequency=0.352
                           innerLength=220 innerRadius=326 pipeThick=3
                           wallThick=0.05 irisRadius=125 collarRadialThick=5
                           collarThick=0 win1Thick=0.05 win1OuterRadius=50
                           win2Thick=0.05 winMat=Be phaseAcc=24.01
                           skinDepth=0.002 timingTolerance=0.001 maxStep=100
                           cavityMaterial=Vacuum timeOffset=-4.7e+21
                           timeIncrement=0 fieldMapFile= kill=1
pillbox      cav121        maxGradient=21.56 color=1.0,0.0,0.0 frequency=0.352
                           innerLength=220 innerRadius=326 pipeThick=3
                           wallThick=0.05 irisRadius=125 collarRadialThick=5
                           collarThick=0 win1Thick=0.05 win1OuterRadius=50
                           win2Thick=0.05 winMat=Be phaseAcc=10.7
                           skinDepth=0.002 timingTolerance=0.001 maxStep=100
                           cavityMaterial=Vacuum timeOffset=-4.7e+21
                           timeIncrement=0 fieldMapFile= kill=1
pillbox      cav122        maxGradient=21.92 color=1.0,0.0,0.0 frequency=0.352
                           innerLength=220 innerRadius=326 pipeThick=3
                           wallThick=0.05 irisRadius=125 collarRadialThick=5
                           collarThick=0 win1Thick=0.05 win1OuterRadius=50
                           win2Thick=0.05 winMat=Be phaseAcc=36.38
                           skinDepth=0.002 timingTolerance=0.001 maxStep=100
                           cavityMaterial=Vacuum timeOffset=-4.7e+21
                           timeIncrement=0 fieldMapFile= kill=1
pillbox      cav123        maxGradient=24.14 color=1.0,0.0,0.0 frequency=0.352
                           innerLength=220 innerRadius=326 pipeThick=3
                           wallThick=0.05 irisRadius=125 collarRadialThick=5
                           collarThick=0 win1Thick=0.05 win1OuterRadius=50
                           win2Thick=0.05 winMat=Be phaseAcc=45.13
                           skinDepth=0.002 timingTolerance=0.001 maxStep=100
                           cavityMaterial=Vacuum timeOffset=-4.7e+21
                           timeIncrement=0 fieldMapFile= kill=1
pillbox      cav130        maxGradient=22.15 color=1.0,0.0,0.0 frequency=0.352
                           innerLength=220 innerRadius=326 pipeThick=3
                           wallThick=0.05 irisRadius=125 collarRadialThick=5
                           collarThick=0 win1Thick=0.05 win1OuterRadius=50
                           win2Thick=0.05 winMat=Be phaseAcc=40.83
                           skinDepth=0.002 timingTolerance=0.001 maxStep=100
                           cavityMaterial=Vacuum timeOffset=-4.7e+21
                           timeIncrement=0 fieldMapFile= kill=1
pillbox      cav131        maxGradient=22.16 color=1.0,0.0,0.0 frequency=0.352
                           innerLength=220 innerRadius=326 pipeThick=3
                           wallThick=0.05 irisRadius=125 collarRadialThick=5
                           collarThick=0 win1Thick=0.05 win1OuterRadius=50
                           win2Thick=0.05 winMat=Be phaseAcc=30.82
                           skinDepth=0.002 timingTolerance=0.001 maxStep=100
                           cavityMaterial=Vacuum timeOffset=-4.7e+21
                           timeIncrement=0 fieldMapFile= kill=1
pillbox      cav132        maxGradient=22.7 color=1.0,0.0,0.0 frequency=0.352
                           innerLength=220 innerRadius=326 pipeThick=3
                           wallThick=0.05 irisRadius=125 collarRadialThick=5
                           collarThick=0 win1Thick=0.05 win1OuterRadius=50
                           win2Thick=0.05 winMat=Be phaseAcc=41.51
                           skinDepth=0.002 timingTolerance=0.001 maxStep=100
                           cavityMaterial=Vacuum timeOffset=-4.7e+21
                           timeIncrement=0 fieldMapFile= kill=1
pillbox      cav133        maxGradient=24.25 color=1.0,0.0,0.0 frequency=0.352
                           innerLength=220 innerRadius=326 pipeThick=3
                           wallThick=0.05 irisRadius=125 collarRadialThick=5
                           collarThick=0 win1Thick=0.05 win1OuterRadius=50
                           win2Thick=0.05 winMat=Be phaseAcc=33.87
                           skinDepth=0.002 timingTolerance=0.001 maxStep=100
                           cavityMaterial=Vacuum timeOffset=-4.7e+21
                           timeIncrement=0 fieldMapFile= kill=1
pillbox      cav140        maxGradient=22.8 color=1.0,0.0,0.0 frequency=0.352
                           innerLength=220 innerRadius=326 pipeThick=3
                           wallThick=0.05 irisRadius=125 collarRadialThick=5
                           collarThick=0 win1Thick=0.05 win1OuterRadius=50
                           win2Thick=0.05 winMat=Be phaseAcc=21.8
                           skinDepth=0.002 timingTolerance=0.001 maxStep=100
                           cavityMaterial=Vacuum timeOffset=-4.7e+21
                           timeIncrement=0 fieldMapFile= kill=1
pillbox      cav141        maxGradient=24.78 color=1.0,0.0,0.0 frequency=0.352
                           innerLength=220 innerRadius=326 pipeThick=3
                           wallThick=0.05 irisRadius=125 collarRadialThick=5
                           collarThick=0 win1Thick=0.05 win1OuterRadius=50
                           win2Thick=0.05 winMat=Be phaseAcc=19.79
                           skinDepth=0.002 timingTolerance=0.001 maxStep=100
                           cavityMaterial=Vacuum timeOffset=-4.7e+21
                           timeIncrement=0 fieldMapFile= kill=1
pillbox      cav142        maxGradient=23.2 color=1.0,0.0,0.0 frequency=0.352
                           innerLength=220 innerRadius=326 pipeThick=3
                           wallThick=0.05 irisRadius=125 collarRadialThick=5
                           collarThick=0 win1Thick=0.05 win1OuterRadius=50
                           win2Thick=0.05 winMat=Be phaseAcc=5.618
                           skinDepth=0.002 timingTolerance=0.001 maxStep=100
                           cavityMaterial=Vacuum timeOffset=-4.7e+21
                           timeIncrement=0 fieldMapFile= kill=1
pillbox      cav143        maxGradient=22.62 color=1.0,0.0,0.0 frequency=0.352
                           innerLength=220 innerRadius=326 pipeThick=3
                           wallThick=0.05 irisRadius=125 collarRadialThick=5
                           collarThick=0 win1Thick=0.05 win1OuterRadius=50
                           win2Thick=0.05 winMat=Be phaseAcc=29.44
                           skinDepth=0.002 timingTolerance=0.001 maxStep=100
                           cavityMaterial=Vacuum timeOffset=-4.7e+21
                           timeIncrement=0 fieldMapFile= kill=1
pillbox      cav150        maxGradient=24.12 color=1.0,0.0,0.0 frequency=0.352
                           innerLength=220 innerRadius=326 pipeThick=3
                           wallThick=0.05 irisRadius=125 collarRadialThick=5
                           collarThick=0 win1Thick=0.05 win1OuterRadius=50
                           win2Thick=0.05 winMat=Be phaseAcc=41.96
                           skinDepth=0.002 timingTolerance=0.001 maxStep=100
                           cavityMaterial=Vacuum timeOffset=-4.7e+21
                           timeIncrement=0 fieldMapFile= kill=1
pillbox      cav151        maxGradient=24.41 color=1.0,0.0,0.0 frequency=0.352
                           innerLength=220 innerRadius=326 pipeThick=3
                           wallThick=0.05 irisRadius=125 collarRadialThick=5
                           collarThick=0 win1Thick=0.05 win1OuterRadius=50
                           win2Thick=0.05 winMat=Be phaseAcc=36.41
                           skinDepth=0.002 timingTolerance=0.001 maxStep=100
                           cavityMaterial=Vacuum timeOffset=-4.7e+21
                           timeIncrement=0 fieldMapFile= kill=1
pillbox      cav152        maxGradient=22.86 color=1.0,0.0,0.0 frequency=0.352
                           innerLength=220 innerRadius=326 pipeThick=3
                           wallThick=0.05 irisRadius=125 collarRadialThick=5
                           collarThick=0 win1Thick=0.05 win1OuterRadius=50
                           win2Thick=0.05 winMat=Be phaseAcc=25.28
                           skinDepth=0.002 timingTolerance=0.001 maxStep=100
                           cavityMaterial=Vacuum timeOffset=-4.7e+21
                           timeIncrement=0 fieldMapFile= kill=1
pillbox      cav153        maxGradient=23.17 color=1.0,0.0,0.0 frequency=0.352
                           innerLength=220 innerRadius=326 pipeThick=3
                           wallThick=0.05 irisRadius=125 collarRadialThick=5
                           collarThick=0 win1Thick=0.05 win1OuterRadius=50
                           win2Thick=0.05 winMat=Be phaseAcc=23.08
                           skinDepth=0.002 timingTolerance=0.001 maxStep=100
                           cavityMaterial=Vacuum timeOffset=-4.7e+21
                           timeIncrement=0 fieldMapFile= kill=1
pillbox      cav160        maxGradient=22.21 color=1.0,0.0,0.0 frequency=0.352
                           innerLength=220 innerRadius=326 pipeThick=3
                           wallThick=0.05 irisRadius=125 collarRadialThick=5
                           collarThick=0 win1Thick=0.05 win1OuterRadius=50
                           win2Thick=0.05 winMat=Be phaseAcc=25.11
                           skinDepth=0.002 timingTolerance=0.001 maxStep=100
                           cavityMaterial=Vacuum timeOffset=-4.7e+21
                           timeIncrement=0 fieldMapFile= kill=1
pillbox      cav161        maxGradient=22.02 color=1.0,0.0,0.0 frequency=0.352
                           innerLength=220 innerRadius=326 pipeThick=3
                           wallThick=0.05 irisRadius=125 collarRadialThick=5
                           collarThick=0 win1Thick=0.05 win1OuterRadius=50
                           win2Thick=0.05 winMat=Be phaseAcc=29.72
                           skinDepth=0.002 timingTolerance=0.001 maxStep=100
                           cavityMaterial=Vacuum timeOffset=-4.7e+21
                           timeIncrement=0 fieldMapFile= kill=1
pillbox      cav162        maxGradient=24.73 color=1.0,0.0,0.0 frequency=0.352
                           innerLength=220 innerRadius=326 pipeThick=3
                           wallThick=0.05 irisRadius=125 collarRadialThick=5
                           collarThick=0 win1Thick=0.05 win1OuterRadius=50
                           win2Thick=0.05 winMat=Be phaseAcc=30.81
                           skinDepth=0.002 timingTolerance=0.001 maxStep=100
                           cavityMaterial=Vacuum timeOffset=-4.7e+21
                           timeIncrement=0 fieldMapFile= kill=1
pillbox      cav163        maxGradient=24.05 color=1.0,0.0,0.0 frequency=0.352
                           innerLength=220 innerRadius=326 pipeThick=3
                           wallThick=0.05 irisRadius=125 collarRadialThick=5
                           collarThick=0 win1Thick=0.05 win1OuterRadius=50
                           win2Thick=0.05 winMat=Be phaseAcc=15
                           skinDepth=0.002 timingTolerance=0.001 maxStep=100
                           cavityMaterial=Vacuum timeOffset=-4.7e+21
                           timeIncrement=0 fieldMapFile= kill=1
pillbox      cav170        maxGradient=21.96 color=1.0,0.0,0.0 frequency=0.352
                           innerLength=220 innerRadius=326 pipeThick=3
                           wallThick=0.05 irisRadius=125 collarRadialThick=5
                           collarThick=0 win1Thick=0.05 win1OuterRadius=50
                           win2Thick=0.05 winMat=Be phaseAcc=8.498
                           skinDepth=0.002 timingTolerance=0.001 maxStep=100
                           cavityMaterial=Vacuum timeOffset=-4.7e+21
                           timeIncrement=0 fieldMapFile= kill=1
pillbox      cav171        maxGradient=23.24 color=1.0,0.0,0.0 frequency=0.352
                           innerLength=220 innerRadius=326 pipeThick=3
                           wallThick=0.05 irisRadius=125 collarRadialThick=5
                           collarThick=0 win1Thick=0.05 win1OuterRadius=50
                           win2Thick=0.05 winMat=Be phaseAcc=12.03
                           skinDepth=0.002 timingTolerance=0.001 maxStep=100
                           cavityMaterial=Vacuum timeOffset=-4.7e+21
                           timeIncrement=0 fieldMapFile= kill=1
pillbox      cav172        maxGradient=22.22 color=1.0,0.0,0.0 frequency=0.352
                           innerLength=220 innerRadius=326 pipeThick=3
                           wallThick=0.05 irisRadius=125 collarRadialThick=5
                           collarThick=0 win1Thick=0.05 win1OuterRadius=50
                           win2Thick=0.05 winMat=Be phaseAcc=12.07
                           skinDepth=0.002 timingTolerance=0.001 maxStep=100
                           cavityMaterial=Vacuum timeOffset=-4.7e+21
                           timeIncrement=0 fieldMapFile= kill=1
pillbox      cav173        maxGradient=23.43 color=1.0,0.0,0.0 frequency=0.352
                           innerLength=220 innerRadius=326 pipeThick=3
                           wallThick=0.05 irisRadius=125 collarRadialThick=5
                           collarThick=0 win1Thick=0.05 win1OuterRadius=50
                           win2Thick=0.05 winMat=Be phaseAcc=16.96
                           skinDepth=0.002 timingTolerance=0.001 maxStep=100
                           cavityMaterial=Vacuum timeOffset=-4.7e+21
                           timeIncrement=0 fieldMapFile= kill=1
pillbox      cav180        maxGradient=23.68 color=1.0,0.0,0.0 frequency=0.352
                           innerLength=220 innerRadius=326 pipeThick=3
                           wallThick=0.05 irisRadius=125 collarRadialThick=5
                           collarThick=0 win1Thick=0.05 win1OuterRadius=50
                           win2Thick=0.05 winMat=Be phaseAcc=40.4
                           skinDepth=0.002 timingTolerance=0.001 maxStep=100
                           cavityMaterial=Vacuum timeOffset=-4.7e+21
                           timeIncrement=0 fieldMapFile= kill=1
pillbox      cav181        maxGradient=24.85 color=1.0,0.0,0.0 frequency=0.352
                           innerLength=220 innerRadius=326 pipeThick=3
                           wallThick=0.05 irisRadius=125 collarRadialThick=5
                           collarThick=0 win1Thick=0.05 win1OuterRadius=50
                           win2Thick=0.05 winMat=Be phaseAcc=19.37
                           skinDepth=0.002 timingTolerance=0.001 maxStep=100
                           cavityMaterial=Vacuum timeOffset=-4.7e+21
                           timeIncrement=0 fieldMapFile= kill=1
pillbox      cav182        maxGradient=22.53 color=1.0,0.0,0.0 frequency=0.352
                           innerLength=220 innerRadius=326 pipeThick=3
                           wallThick=0.05 irisRadius=125 collarRadialThick=5
                           collarThick=0 win1Thick=0.05 win1OuterRadius=50
                           win2Thick=0.05 winMat=Be phaseAcc=32.36
                           skinDepth=0.002 timingTolerance=0.001 maxStep=100
                           cavityMaterial=Vacuum timeOffset=-4.7e+21
                           timeIncrement=0 fieldMapFile= kill=1
pillbox      cav183        maxGradient=24.8 color=1.0,0.0,0.0 frequency=0.352
                           innerLength=220 innerRadius=326 pipeThick=3
                           wallThick=0.05 irisRadius=125 collarRadialThick=5
                           collarThick=0 win1Thick=0.05 win1OuterRadius=50
                           win2Thick=0.05 winMat=Be phaseAcc=37.59
                           skinDepth=0.002 timingTolerance=0.001 maxStep=100
                           cavityMaterial=Vacuum timeOffset=-4.7e+21
                           timeIncrement=0 fieldMapFile= kill=1
pillbox      cav190        maxGradient=23.9 color=1.0,0.0,0.0 frequency=0.352
                           innerLength=220 innerRadius=326 pipeThick=3
                           wallThick=0.05 irisRadius=125 collarRadialThick=5
                           collarThick=0 win1Thick=0.05 win1OuterRadius=50
                           win2Thick=0.05 winMat=Be phaseAcc=17.1
                           skinDepth=0.002 timingTolerance=0.001 maxStep=100
                           cavityMaterial=Vacuum timeOffset=-4.7e+21
                           timeIncrement=0 fieldMapFile= kill=1
pillbox      cav191        maxGradient=24.15 color=1.0,0.0,0.0 frequency=0.352
                           innerLength=220 innerRadius=326 pipeThick=3
                           wallThick=0.05 irisRadius=125 collarRadialThick=5
                           collarThick=0 win1Thick=0.05 win1OuterRadius=50
                           win2Thick=0.05 winMat=Be phaseAcc=40.81
                           skinDepth=0.002 timingTolerance=0.001 maxStep=100
                           cavityMaterial=Vacuum timeOffset=-4.7e+21
                           timeIncrement=0 fieldMapFile= kill=1
pillbox      cav192        maxGradient=24.33 color=1.0,0.0,0.0 frequency=0.352
                           innerLength=220 innerRadius=326 pipeThick=3
                           wallThick=0.05 irisRadius=125 collarRadialThick=5
                           collarThick=0 win1Thick=0.05 win1OuterRadius=50
                           win2Thick=0.05 winMat=Be phaseAcc=21.93
                           skinDepth=0.002 timingTolerance=0.001 maxStep=100
                           cavityMaterial=Vacuum timeOffset=-4.7e+21
                           timeIncrement=0 fieldMapFile= kill=1
pillbox      cav193        maxGradient=23.9 color=1.0,0.0,0.0 frequency=0.352
                           innerLength=220 innerRadius=326 pipeThick=3
                           wallThick=0.05 irisRadius=125 collarRadialThick=5
                           collarThick=0 win1Thick=0.05 win1OuterRadius=50
                           win2Thick=0.05 winMat=Be phaseAcc=26.24
                           skinDepth=0.002 timingTolerance=0.001 maxStep=100
                           cavityMaterial=Vacuum timeOffset=-4.7e+21
                           timeIncrement=0 fieldMapFile= kill=1
pillbox      cav200        maxGradient=24.89 color=1.0,0.0,0.0 frequency=0.352
                           innerLength=220 innerRadius=326 pipeThick=3
                           wallThick=0.05 irisRadius=125 collarRadialThick=5
                           collarThick=0 win1Thick=0.05 win1OuterRadius=50
                           win2Thick=0.05 winMat=Be phaseAcc=40.88
                           skinDepth=0.002 timingTolerance=0.001 maxStep=100
                           cavityMaterial=Vacuum timeOffset=-4.7e+21
                           timeIncrement=0 fieldMapFile= kill=1
pillbox      cav201        maxGradient=23.75 color=1.0,0.0,0.0 frequency=0.352
                           innerLength=220 innerRadius=326 pipeThick=3
                           wallThick=0.05 irisRadius=125 collarRadialThick=5
                           collarThick=0 win1Thick=0.05 win1OuterRadius=50
                           win2Thick=0.05 winMat=Be phaseAcc=20.16
                           skinDepth=0.002 timingTolerance=0.001 maxStep=100
                           cavityMaterial=Vacuum timeOffset=-4.7e+21
                           timeIncrement=0 fieldMapFile= kill=1
pillbox      cav202        maxGradient=22.69 color=1.0,0.0,0.0 frequency=0.352
                           innerLength=220 innerRadius=326 pipeThick=3
                           wallThick=0.05 irisRadius=125 collarRadialThick=5
                           collarThick=0 win1Thick=0.05 win1OuterRadius=50
                           win2Thick=0.05 winMat=Be phaseAcc=25.76
                           skinDepth=0.002 timingTolerance=0.001 maxStep=100
                           cavityMaterial=Vacuum timeOffset=-4.7e+21
                           timeIncrement=0 fieldMapFile= kill=1
pillbox      cav203        maxGradient=23.29 color=1.0,0.0,0.0 frequency=0.352
                           innerLength=220 innerRadius=326 pipeThick=3
                           wallThick=0.05 irisRadius=125 collarRadialThick=5
                           collarThick=0 win1Thick=0.05 win1OuterRadius=50
                           win2Thick=0.05 winMat=Be phaseAcc=34.84
                           skinDepth=0.002 timingTolerance=0.001 maxStep=100
                           cavityMaterial=Vacuum timeOffset=-4.7e+21
                           timeIncrement=0 fieldMapFile= kill=1
pillbox      cav210        maxGradient=21.83 color=1.0,0.0,0.0 frequency=0.352
                           innerLength=220 innerRadius=326 pipeThick=3
                           wallThick=0.05 irisRadius=125 collarRadialThick=5
                           collarThick=0 win1Thick=0.05 win1OuterRadius=50
                           win2Thick=0.05 winMat=Be phaseAcc=21.24
                           skinDepth=0.002 timingTolerance=0.001 maxStep=100
                           cavityMaterial=Vacuum timeOffset=-4.7e+21
                           timeIncrement=0 fieldMapFile= kill=1
pillbox      cav211        maxGradient=22.58 color=1.0,0.0,0.0 frequency=0.352
                           innerLength=220 innerRadius=326 pipeThick=3
                           wallThick=0.05 irisRadius=125 collarRadialThick=5
                           collarThick=0 win1Thick=0.05 win1OuterRadius=50
                           win2Thick=0.05 winMat=Be phaseAcc=4.644
                           skinDepth=0.002 timingTolerance=0.001 maxStep=100
                           cavityMaterial=Vacuum timeOffset=-4.7e+21
                           timeIncrement=0 fieldMapFile= kill=1
pillbox      cav212        maxGradient=22.6 color=1.0,0.0,0.0 frequency=0.352
                           innerLength=220 innerRadius=326 pipeThick=3
                           wallThick=0.05 irisRadius=125 collarRadialThick=5
                           collarThick=0 win1Thick=0.05 win1OuterRadius=50
                           win2Thick=0.05 winMat=Be phaseAcc=11.32
                           skinDepth=0.002 timingTolerance=0.001 maxStep=100
                           cavityMaterial=Vacuum timeOffset=-4.7e+21
                           timeIncrement=0 fieldMapFile= kill=1
pillbox      cav213        maxGradient=23.17 color=1.0,0.0,0.0 frequency=0.352
                           innerLength=220 innerRadius=326 pipeThick=3
                           wallThick=0.05 irisRadius=125 collarRadialThick=5
                           collarThick=0 win1Thick=0.05 win1OuterRadius=50
                           win2Thick=0.05 winMat=Be phaseAcc=39.44
                           skinDepth=0.002 timingTolerance=0.001 maxStep=100
                           cavityMaterial=Vacuum timeOffset=-4.7e+21
                           timeIncrement=0 fieldMapFile= kill=1
pillbox      cav220        maxGradient=22.66 color=1.0,0.0,0.0 frequency=0.352
                           innerLength=220 innerRadius=326 pipeThick=3
                           wallThick=0.05 irisRadius=125 collarRadialThick=5
                           collarThick=0 win1Thick=0.05 win1OuterRadius=50
                           win2Thick=0.05 winMat=Be phaseAcc=23.1
                           skinDepth=0.002 timingTolerance=0.001 maxStep=100
                           cavityMaterial=Vacuum timeOffset=-4.7e+21
                           timeIncrement=0 fieldMapFile= kill=1
pillbox      cav221        maxGradient=23.38 color=1.0,0.0,0.0 frequency=0.352
                           innerLength=220 innerRadius=326 pipeThick=3
                           wallThick=0.05 irisRadius=125 collarRadialThick=5
                           collarThick=0 win1Thick=0.05 win1OuterRadius=50
                           win2Thick=0.05 winMat=Be phaseAcc=17.7
                           skinDepth=0.002 timingTolerance=0.001 maxStep=100
                           cavityMaterial=Vacuum timeOffset=-4.7e+21
                           timeIncrement=0 fieldMapFile= kill=1
pillbox      cav222        maxGradient=22.84 color=1.0,0.0,0.0 frequency=0.352
                           innerLength=220 innerRadius=326 pipeThick=3
                           wallThick=0.05 irisRadius=125 collarRadialThick=5
                           collarThick=0 win1Thick=0.05 win1OuterRadius=50
                           win2Thick=0.05 winMat=Be phaseAcc=17.94
                           skinDepth=0.002 timingTolerance=0.001 maxStep=100
                           cavityMaterial=Vacuum timeOffset=-4.7e+21
                           timeIncrement=0 fieldMapFile= kill=1
pillbox      cav223        maxGradient=24.7 color=1.0,0.0,0.0 frequency=0.352
                           innerLength=220 innerRadius=326 pipeThick=3
                           wallThick=0.05 irisRadius=125 collarRadialThick=5
                           collarThick=0 win1Thick=0.05 win1OuterRadius=50
                           win2Thick=0.05 winMat=Be phaseAcc=42.5
                           skinDepth=0.002 timingTolerance=0.001 maxStep=100
                           cavityMaterial=Vacuum timeOffset=-4.7e+21
                           timeIncrement=0 fieldMapFile= kill=1
pillbox      cav230        maxGradient=25.07 color=1.0,0.0,0.0 frequency=0.352
                           innerLength=220 innerRadius=326 pipeThick=3
                           wallThick=0.05 irisRadius=125 collarRadialThick=5
                           collarThick=0 win1Thick=0.05 win1OuterRadius=50
                           win2Thick=0.05 winMat=Be phaseAcc=4.689
                           skinDepth=0.002 timingTolerance=0.001 maxStep=100
                           cavityMaterial=Vacuum timeOffset=-4.7e+21
                           timeIncrement=0 fieldMapFile= kill=1
pillbox      cav231        maxGradient=21.94 color=1.0,0.0,0.0 frequency=0.352
                           innerLength=220 innerRadius=326 pipeThick=3
                           wallThick=0.05 irisRadius=125 collarRadialThick=5
                           collarThick=0 win1Thick=0.05 win1OuterRadius=50
                           win2Thick=0.05 winMat=Be phaseAcc=29.87
                           skinDepth=0.002 timingTolerance=0.001 maxStep=100
                           cavityMaterial=Vacuum timeOffset=-4.7e+21
                           timeIncrement=0 fieldMapFile= kill=1
pillbox      cav232        maxGradient=21.22 color=1.0,0.0,0.0 frequency=0.352
                           innerLength=220 innerRadius=326 pipeThick=3
                           wallThick=0.05 irisRadius=125 collarRadialThick=5
                           collarThick=0 win1Thick=0.05 win1OuterRadius=50
                           win2Thick=0.05 winMat=Be phaseAcc=36.48
                           skinDepth=0.002 timingTolerance=0.001 maxStep=100
                           cavityMaterial=Vacuum timeOffset=-4.7e+21
                           timeIncrement=0 fieldMapFile= kill=1
pillbox      cav233        maxGradient=24.58 color=1.0,0.0,0.0 frequency=0.352
                           innerLength=220 innerRadius=326 pipeThick=3
                           wallThick=0.05 irisRadius=125 collarRadialThick=5
                           collarThick=0 win1Thick=0.05 win1OuterRadius=50
                           win2Thick=0.05 winMat=Be phaseAcc=30.43
                           skinDepth=0.002 timingTolerance=0.001 maxStep=100
                           cavityMaterial=Vacuum timeOffset=-4.7e+21
                           timeIncrement=0 fieldMapFile= kill=1
pillbox      cav240        maxGradient=22.97 color=1.0,0.0,0.0 frequency=0.352
                           innerLength=220 innerRadius=326 pipeThick=3
                           wallThick=0.05 irisRadius=125 collarRadialThick=5
                           collarThick=0 win1Thick=0.05 win1OuterRadius=50
                           win2Thick=0.05 winMat=Be phaseAcc=19.53
                           skinDepth=0.002 timingTolerance=0.001 maxStep=100
                           cavityMaterial=Vacuum timeOffset=-4.7e+21
                           timeIncrement=0 fieldMapFile= kill=1
pillbox      cav241        maxGradient=21.85 color=1.0,0.0,0.0 frequency=0.352
                           innerLength=220 innerRadius=326 pipeThick=3
                           wallThick=0.05 irisRadius=125 collarRadialThick=5
                           collarThick=0 win1Thick=0.05 win1OuterRadius=50
                           win2Thick=0.05 winMat=Be phaseAcc=32.63
                           skinDepth=0.002 timingTolerance=0.001 maxStep=100
                           cavityMaterial=Vacuum timeOffset=-4.7e+21
                           timeIncrement=0 fieldMapFile= kill=1
pillbox      cav242        maxGradient=23.58 color=1.0,0.0,0.0 frequency=0.352
                           innerLength=220 innerRadius=326 pipeThick=3
                           wallThick=0.05 irisRadius=125 collarRadialThick=5
                           collarThick=0 win1Thick=0.05 win1OuterRadius=50
                           win2Thick=0.05 winMat=Be phaseAcc=29.48
                           skinDepth=0.002 timingTolerance=0.001 maxStep=100
                           cavityMaterial=Vacuum timeOffset=-4.7e+21
                           timeIncrement=0 fieldMapFile= kill=1
pillbox      cav243        maxGradient=22.97 color=1.0,0.0,0.0 frequency=0.352
                           innerLength=220 innerRadius=326 pipeThick=3
                           wallThick=0.05 irisRadius=125 collarRadialThick=5
                           collarThick=0 win1Thick=0.05 win1OuterRadius=50
                           win2Thick=0.05 winMat=Be phaseAcc=17.59
                           skinDepth=0.002 timingTolerance=0.001 maxStep=100
                           cavityMaterial=Vacuum timeOffset=-4.7e+21
                           timeIncrement=0 fieldMapFile= kill=1
pillbox      cav250        maxGradient=23.96 color=1.0,0.0,0.0 frequency=0.352
                           innerLength=220 innerRadius=326 pipeThick=3
                           wallThick=0.05 irisRadius=125 collarRadialThick=5
                           collarThick=0 win1Thick=0.05 win1OuterRadius=50
                           win2Thick=0.05 winMat=Be phaseAcc=30.43
                           skinDepth=0.002 timingTolerance=0.001 maxStep=100
                           cavityMaterial=Vacuum timeOffset=-4.7e+21
                           timeIncrement=0 fieldMapFile= kill=1
pillbox      cav251        maxGradient=21.75 color=1.0,0.0,0.0 frequency=0.352
                           innerLength=220 innerRadius=326 pipeThick=3
                           wallThick=0.05 irisRadius=125 collarRadialThick=5
                           collarThick=0 win1Thick=0.05 win1OuterRadius=50
                           win2Thick=0.05 winMat=Be phaseAcc=23.9
                           skinDepth=0.002 timingTolerance=0.001 maxStep=100
                           cavityMaterial=Vacuum timeOffset=-4.7e+21
                           timeIncrement=0 fieldMapFile= kill=1
pillbox      cav252        maxGradient=24.08 color=1.0,0.0,0.0 frequency=0.352
                           innerLength=220 innerRadius=326 pipeThick=3
                           wallThick=0.05 irisRadius=125 collarRadialThick=5
                           collarThick=0 win1Thick=0.05 win1OuterRadius=50
                           win2Thick=0.05 winMat=Be phaseAcc=21.01
                           skinDepth=0.002 timingTolerance=0.001 maxStep=100
                           cavityMaterial=Vacuum timeOffset=-4.7e+21
                           timeIncrement=0 fieldMapFile= kill=1
pillbox      cav253        maxGradient=24.62 color=1.0,0.0,0.0 frequency=0.352
                           innerLength=220 innerRadius=326 pipeThick=3
                           wallThick=0.05 irisRadius=125 collarRadialThick=5
                           collarThick=0 win1Thick=0.05 win1OuterRadius=50
                           win2Thick=0.05 winMat=Be phaseAcc=37.79
                           skinDepth=0.002 timingTolerance=0.001 maxStep=100
                           cavityMaterial=Vacuum timeOffset=-4.7e+21
                           timeIncrement=0 fieldMapFile= kill=1
pillbox      cav260        maxGradient=25.23 color=1.0,0.0,0.0 frequency=0.352
                           innerLength=220 innerRadius=326 pipeThick=3
                           wallThick=0.05 irisRadius=125 collarRadialThick=5
                           collarThick=0 win1Thick=0.05 win1OuterRadius=50
                           win2Thick=0.05 winMat=Be phaseAcc=28.68
                           skinDepth=0.002 timingTolerance=0.001 maxStep=100
                           cavityMaterial=Vacuum timeOffset=-4.7e+21
                           timeIncrement=0 fieldMapFile= kill=1
pillbox      cav261        maxGradient=23.77 color=1.0,0.0,0.0 frequency=0.352
                           innerLength=220 innerRadius=326 pipeThick=3
                           wallThick=0.05 irisRadius=125 collarRadialThick=5
                           collarThick=0 win1Thick=0.05 win1OuterRadius=50
                           win2Thick=0.05 winMat=Be phaseAcc=15.84
                           skinDepth=0.002 timingTolerance=0.001 maxStep=100
                           cavityMaterial=Vacuum timeOffset=-4.7e+21
                           timeIncrement=0 fieldMapFile= kill=1
pillbox      cav262        maxGradient=22.32 color=1.0,0.0,0.0 frequency=0.352
                           innerLength=220 innerRadius=326 pipeThick=3
                           wallThick=0.05 irisRadius=125 collarRadialThick=5
                           collarThick=0 win1Thick=0.05 win1OuterRadius=50
                           win2Thick=0.05 winMat=Be phaseAcc=36.75
                           skinDepth=0.002 timingTolerance=0.001 maxStep=100
                           cavityMaterial=Vacuum timeOffset=-4.7e+21
                           timeIncrement=0 fieldMapFile= kill=1
pillbox      cav263        maxGradient=21.98 color=1.0,0.0,0.0 frequency=0.352
                           innerLength=220 innerRadius=326 pipeThick=3
                           wallThick=0.05 irisRadius=125 collarRadialThick=5
                           collarThick=0 win1Thick=0.05 win1OuterRadius=50
                           win2Thick=0.05 winMat=Be phaseAcc=12.83
                           skinDepth=0.002 timingTolerance=0.001 maxStep=100
                           cavityMaterial=Vacuum timeOffset=-4.7e+21
                           timeIncrement=0 fieldMapFile= kill=1
pillbox      cav270        maxGradient=24.3 color=1.0,0.0,0.0 frequency=0.352
                           innerLength=220 innerRadius=326 pipeThick=3
                           wallThick=0.05 irisRadius=125 collarRadialThick=5
                           collarThick=0 win1Thick=0.05 win1OuterRadius=50
                           win2Thick=0.05 winMat=Be phaseAcc=33.58
                           skinDepth=0.002 timingTolerance=0.001 maxStep=100
                           cavityMaterial=Vacuum timeOffset=-4.7e+21
                           timeIncrement=0 fieldMapFile= kill=1
pillbox      cav271        maxGradient=21.58 color=1.0,0.0,0.0 frequency=0.352
                           innerLength=220 innerRadius=326 pipeThick=3
                           wallThick=0.05 irisRadius=125 collarRadialThick=5
                           collarThick=0 win1Thick=0.05 win1OuterRadius=50
                           win2Thick=0.05 winMat=Be phaseAcc=26.67
                           skinDepth=0.002 timingTolerance=0.001 maxStep=100
                           cavityMaterial=Vacuum timeOffset=-4.7e+21
                           timeIncrement=0 fieldMapFile= kill=1
pillbox      cav272        maxGradient=24.83 color=1.0,0.0,0.0 frequency=0.352
                           innerLength=220 innerRadius=326 pipeThick=3
                           wallThick=0.05 irisRadius=125 collarRadialThick=5
                           collarThick=0 win1Thick=0.05 win1OuterRadius=50
                           win2Thick=0.05 winMat=Be phaseAcc=24.62
                           skinDepth=0.002 timingTolerance=0.001 maxStep=100
                           cavityMaterial=Vacuum timeOffset=-4.7e+21
                           timeIncrement=0 fieldMapFile= kill=1
pillbox      cav273        maxGradient=24.21 color=1.0,0.0,0.0 frequency=0.352
                           innerLength=220 innerRadius=326 pipeThick=3
                           wallThick=0.05 irisRadius=125 collarRadialThick=5
                           collarThick=0 win1Thick=0.05 win1OuterRadius=50
                           win2Thick=0.05 winMat=Be phaseAcc=18.42
                           skinDepth=0.002 timingTolerance=0.001 maxStep=100
                           cavityMaterial=Vacuum timeOffset=-4.7e+21
                           timeIncrement=0 fieldMapFile= kill=1
pillbox      cav280        maxGradient=23.89 color=1.0,0.0,0.0 frequency=0.352
                           innerLength=220 innerRadius=326 pipeThick=3
                           wallThick=0.05 irisRadius=125 collarRadialThick=5
                           collarThick=0 win1Thick=0.05 win1OuterRadius=50
                           win2Thick=0.05 winMat=Be phaseAcc=34.85
                           skinDepth=0.002 timingTolerance=0.001 maxStep=100
                           cavityMaterial=Vacuum timeOffset=-4.7e+21
                           timeIncrement=0 fieldMapFile= kill=1
pillbox      cav281        maxGradient=23.69 color=1.0,0.0,0.0 frequency=0.352
                           innerLength=220 innerRadius=326 pipeThick=3
                           wallThick=0.05 irisRadius=125 collarRadialThick=5
                           collarThick=0 win1Thick=0.05 win1OuterRadius=50
                           win2Thick=0.05 winMat=Be phaseAcc=11.77
                           skinDepth=0.002 timingTolerance=0.001 maxStep=100
                           cavityMaterial=Vacuum timeOffset=-4.7e+21
                           timeIncrement=0 fieldMapFile= kill=1
pillbox      cav282        maxGradient=22.58 color=1.0,0.0,0.0 frequency=0.352
                           innerLength=220 innerRadius=326 pipeThick=3
                           wallThick=0.05 irisRadius=125 collarRadialThick=5
                           collarThick=0 win1Thick=0.05 win1OuterRadius=50
                           win2Thick=0.05 winMat=Be phaseAcc=26.47
                           skinDepth=0.002 timingTolerance=0.001 maxStep=100
                           cavityMaterial=Vacuum timeOffset=-4.7e+21
                           timeIncrement=0 fieldMapFile= kill=1
pillbox      cav283        maxGradient=22.91 color=1.0,0.0,0.0 frequency=0.352
                           innerLength=220 innerRadius=326 pipeThick=3
                           wallThick=0.05 irisRadius=125 collarRadialThick=5
                           collarThick=0 win1Thick=0.05 win1OuterRadius=50
                           win2Thick=0.05 winMat=Be phaseAcc=33.93
                           skinDepth=0.002 timingTolerance=0.001 maxStep=100
                           cavityMaterial=Vacuum timeOffset=-4.7e+21
                           timeIncrement=0 fieldMapFile= kill=1
pillbox      cav290        maxGradient=23.87 color=1.0,0.0,0.0 frequency=0.352
                           innerLength=220 innerRadius=326 pipeThick=3
                           wallThick=0.05 irisRadius=125 collarRadialThick=5
                           collarThick=0 win1Thick=0.05 win1OuterRadius=50
                           win2Thick=0.05 winMat=Be phaseAcc=21.08
                           skinDepth=0.002 timingTolerance=0.001 maxStep=100
                           cavityMaterial=Vacuum timeOffset=-4.7e+21
                           timeIncrement=0 fieldMapFile= kill=1
pillbox      cav291        maxGradient=23.38 color=1.0,0.0,0.0 frequency=0.352
                           innerLength=220 innerRadius=326 pipeThick=3
                           wallThick=0.05 irisRadius=125 collarRadialThick=5
                           collarThick=0 win1Thick=0.05 win1OuterRadius=50
                           win2Thick=0.05 winMat=Be phaseAcc=18.98
                           skinDepth=0.002 timingTolerance=0.001 maxStep=100
                           cavityMaterial=Vacuum timeOffset=-4.7e+21
                           timeIncrement=0 fieldMapFile= kill=1
pillbox      cav292        maxGradient=24.47 color=1.0,0.0,0.0 frequency=0.352
                           innerLength=220 innerRadius=326 pipeThick=3
                           wallThick=0.05 irisRadius=125 collarRadialThick=5
                           collarThick=0 win1Thick=0.05 win1OuterRadius=50
                           win2Thick=0.05 winMat=Be phaseAcc=21.16
                           skinDepth=0.002 timingTolerance=0.001 maxStep=100
                           cavityMaterial=Vacuum timeOffset=-4.7e+21
                           timeIncrement=0 fieldMapFile= kill=1
pillbox      cav293        maxGradient=25.83 color=1.0,0.0,0.0 frequency=0.352
                           innerLength=220 innerRadius=326 pipeThick=3
                           wallThick=0.05 irisRadius=125 collarRadialThick=5
                           collarThick=0 win1Thick=0.05 win1OuterRadius=50
                           win2Thick=0.05 winMat=Be phaseAcc=18.73
                           skinDepth=0.002 timingTolerance=0.001 maxStep=100
                           cavityMaterial=Vacuum timeOffset=-4.7e+21
                           timeIncrement=0 fieldMapFile= kill=1
pillbox      cav300        maxGradient=22.63 color=1.0,0.0,0.0 frequency=0.352
                           innerLength=220 innerRadius=326 pipeThick=3
                           wallThick=0.05 irisRadius=125 collarRadialThick=5
                           collarThick=0 win1Thick=0.05 win1OuterRadius=50
                           win2Thick=0.05 winMat=Be phaseAcc=39.36
                           skinDepth=0.002 timingTolerance=0.001 maxStep=100
                           cavityMaterial=Vacuum timeOffset=-4.7e+21
                           timeIncrement=0 fieldMapFile= kill=1
pillbox      cav301        maxGradient=25.4 color=1.0,0.0,0.0 frequency=0.352
                           innerLength=220 innerRadius=326 pipeThick=3
                           wallThick=0.05 irisRadius=125 collarRadialThick=5
                           collarThick=0 win1Thick=0.05 win1OuterRadius=50
                           win2Thick=0.05 winMat=Be phaseAcc=33
                           skinDepth=0.002 timingTolerance=0.001 maxStep=100
                           cavityMaterial=Vacuum timeOffset=-4.7e+21
                           timeIncrement=0 fieldMapFile= kill=1
pillbox      cav302        maxGradient=22.44 color=1.0,0.0,0.0 frequency=0.352
                           innerLength=220 innerRadius=326 pipeThick=3
                           wallThick=0.05 irisRadius=125 collarRadialThick=5
                           collarThick=0 win1Thick=0.05 win1OuterRadius=50
                           win2Thick=0.05 winMat=Be phaseAcc=31.91
                           skinDepth=0.002 timingTolerance=0.001 maxStep=100
                           cavityMaterial=Vacuum timeOffset=-4.7e+21
                           timeIncrement=0 fieldMapFile= kill=1
pillbox      cav303        maxGradient=22.76 color=1.0,0.0,0.0 frequency=0.352
                           innerLength=220 innerRadius=326 pipeThick=3
                           wallThick=0.05 irisRadius=125 collarRadialThick=5
                           collarThick=0 win1Thick=0.05 win1OuterRadius=50
                           win2Thick=0.05 winMat=Be phaseAcc=22.16
                           skinDepth=0.002 timingTolerance=0.001 maxStep=100
                           cavityMaterial=Vacuum timeOffset=-4.7e+21
                           timeIncrement=0 fieldMapFile= kill=1
pillbox      cav310        maxGradient=24.67 color=1.0,0.0,0.0 frequency=0.352
                           innerLength=220 innerRadius=326 pipeThick=3
                           wallThick=0.05 irisRadius=125 collarRadialThick=5
                           collarThick=0 win1Thick=0.05 win1OuterRadius=50
                           win2Thick=0.05 winMat=Be phaseAcc=18.16
                           skinDepth=0.002 timingTolerance=0.001 maxStep=100
                           cavityMaterial=Vacuum timeOffset=-4.7e+21
                           timeIncrement=0 fieldMapFile= kill=1
pillbox      cav311        maxGradient=24.54 color=1.0,0.0,0.0 frequency=0.352
                           innerLength=220 innerRadius=326 pipeThick=3
                           wallThick=0.05 irisRadius=125 collarRadialThick=5
                           collarThick=0 win1Thick=0.05 win1OuterRadius=50
                           win2Thick=0.05 winMat=Be phaseAcc=8.318
                           skinDepth=0.002 timingTolerance=0.001 maxStep=100
                           cavityMaterial=Vacuum timeOffset=-4.7e+21
                           timeIncrement=0 fieldMapFile= kill=1
pillbox      cav312        maxGradient=23.19 color=1.0,0.0,0.0 frequency=0.352
                           innerLength=220 innerRadius=326 pipeThick=3
                           wallThick=0.05 irisRadius=125 collarRadialThick=5
                           collarThick=0 win1Thick=0.05 win1OuterRadius=50
                           win2Thick=0.05 winMat=Be phaseAcc=31.51
                           skinDepth=0.002 timingTolerance=0.001 maxStep=100
                           cavityMaterial=Vacuum timeOffset=-4.7e+21
                           timeIncrement=0 fieldMapFile= kill=1
pillbox      cav313        maxGradient=24.46 color=1.0,0.0,0.0 frequency=0.352
                           innerLength=220 innerRadius=326 pipeThick=3
                           wallThick=0.05 irisRadius=125 collarRadialThick=5
                           collarThick=0 win1Thick=0.05 win1OuterRadius=50
                           win2Thick=0.05 winMat=Be phaseAcc=19.37
                           skinDepth=0.002 timingTolerance=0.001 maxStep=100
                           cavityMaterial=Vacuum timeOffset=-4.7e+21
                           timeIncrement=0 fieldMapFile= kill=1
pillbox      cav320        maxGradient=22.02 color=1.0,0.0,0.0 frequency=0.352
                           innerLength=220 innerRadius=326 pipeThick=3
                           wallThick=0.05 irisRadius=125 collarRadialThick=5
                           collarThick=0 win1Thick=0.05 win1OuterRadius=50
                           win2Thick=0.05 winMat=Be phaseAcc=26.61
                           skinDepth=0.002 timingTolerance=0.001 maxStep=100
                           cavityMaterial=Vacuum timeOffset=-4.7e+21
                           timeIncrement=0 fieldMapFile= kill=1
pillbox      cav321        maxGradient=23.42 color=1.0,0.0,0.0 frequency=0.352
                           innerLength=220 innerRadius=326 pipeThick=3
                           wallThick=0.05 irisRadius=125 collarRadialThick=5
                           collarThick=0 win1Thick=0.05 win1OuterRadius=50
                           win2Thick=0.05 winMat=Be phaseAcc=16.59
                           skinDepth=0.002 timingTolerance=0.001 maxStep=100
                           cavityMaterial=Vacuum timeOffset=-4.7e+21
                           timeIncrement=0 fieldMapFile= kill=1
pillbox      cav322        maxGradient=23.87 color=1.0,0.0,0.0 frequency=0.352
                           innerLength=220 innerRadius=326 pipeThick=3
                           wallThick=0.05 irisRadius=125 collarRadialThick=5
                           collarThick=0 win1Thick=0.05 win1OuterRadius=50
                           win2Thick=0.05 winMat=Be phaseAcc=33.01
                           skinDepth=0.002 timingTolerance=0.001 maxStep=100
                           cavityMaterial=Vacuum timeOffset=-4.7e+21
                           timeIncrement=0 fieldMapFile= kill=1
pillbox      cav323        maxGradient=21.66 color=1.0,0.0,0.0 frequency=0.352
                           innerLength=220 innerRadius=326 pipeThick=3
                           wallThick=0.05 irisRadius=125 collarRadialThick=5
                           collarThick=0 win1Thick=0.05 win1OuterRadius=50
                           win2Thick=0.05 winMat=Be phaseAcc=31.43
                           skinDepth=0.002 timingTolerance=0.001 maxStep=100
                           cavityMaterial=Vacuum timeOffset=-4.7e+21
                           timeIncrement=0 fieldMapFile= kill=1
pillbox      cav330        maxGradient=21.87 color=1.0,0.0,0.0 frequency=0.352
                           innerLength=220 innerRadius=326 pipeThick=3
                           wallThick=0.05 irisRadius=125 collarRadialThick=5
                           collarThick=0 win1Thick=0.05 win1OuterRadius=50
                           win2Thick=0.05 winMat=Be phaseAcc=27.95
                           skinDepth=0.002 timingTolerance=0.001 maxStep=100
                           cavityMaterial=Vacuum timeOffset=-4.7e+21
                           timeIncrement=0 fieldMapFile= kill=1
pillbox      cav331        maxGradient=24.22 color=1.0,0.0,0.0 frequency=0.352
                           innerLength=220 innerRadius=326 pipeThick=3
                           wallThick=0.05 irisRadius=125 collarRadialThick=5
                           collarThick=0 win1Thick=0.05 win1OuterRadius=50
                           win2Thick=0.05 winMat=Be phaseAcc=21.88
                           skinDepth=0.002 timingTolerance=0.001 maxStep=100
                           cavityMaterial=Vacuum timeOffset=-4.7e+21
                           timeIncrement=0 fieldMapFile= kill=1
pillbox      cav332        maxGradient=23.53 color=1.0,0.0,0.0 frequency=0.352
                           innerLength=220 innerRadius=326 pipeThick=3
                           wallThick=0.05 irisRadius=125 collarRadialThick=5
                           collarThick=0 win1Thick=0.05 win1OuterRadius=50
                           win2Thick=0.05 winMat=Be phaseAcc=28.4
                           skinDepth=0.002 timingTolerance=0.001 maxStep=100
                           cavityMaterial=Vacuum timeOffset=-4.7e+21
                           timeIncrement=0 fieldMapFile= kill=1
pillbox      cav333        maxGradient=22.89 color=1.0,0.0,0.0 frequency=0.352
                           innerLength=220 innerRadius=326 pipeThick=3
                           wallThick=0.05 irisRadius=125 collarRadialThick=5
                           collarThick=0 win1Thick=0.05 win1OuterRadius=50
                           win2Thick=0.05 winMat=Be phaseAcc=7.8
                           skinDepth=0.002 timingTolerance=0.001 maxStep=100
                           cavityMaterial=Vacuum timeOffset=-4.7e+21
                           timeIncrement=0 fieldMapFile= kill=1
pillbox      cav340        maxGradient=23.9 color=1.0,0.0,0.0 frequency=0.352
                           innerLength=220 innerRadius=326 pipeThick=3
                           wallThick=0.05 irisRadius=125 collarRadialThick=5
                           collarThick=0 win1Thick=0.05 win1OuterRadius=50
                           win2Thick=0.05 winMat=Be phaseAcc=32.24
                           skinDepth=0.002 timingTolerance=0.001 maxStep=100
                           cavityMaterial=Vacuum timeOffset=-4.7e+21
                           timeIncrement=0 fieldMapFile= kill=1
pillbox      cav341        maxGradient=24.95 color=1.0,0.0,0.0 frequency=0.352
                           innerLength=220 innerRadius=326 pipeThick=3
                           wallThick=0.05 irisRadius=125 collarRadialThick=5
                           collarThick=0 win1Thick=0.05 win1OuterRadius=50
                           win2Thick=0.05 winMat=Be phaseAcc=45.15
                           skinDepth=0.002 timingTolerance=0.001 maxStep=100
                           cavityMaterial=Vacuum timeOffset=-4.7e+21
                           timeIncrement=0 fieldMapFile= kill=1
pillbox      cav342        maxGradient=22.7 color=1.0,0.0,0.0 frequency=0.352
                           innerLength=220 innerRadius=326 pipeThick=3
                           wallThick=0.05 irisRadius=125 collarRadialThick=5
                           collarThick=0 win1Thick=0.05 win1OuterRadius=50
                           win2Thick=0.05 winMat=Be phaseAcc=23.63
                           skinDepth=0.002 timingTolerance=0.001 maxStep=100
                           cavityMaterial=Vacuum timeOffset=-4.7e+21
                           timeIncrement=0 fieldMapFile= kill=1
pillbox      cav343        maxGradient=22.08 color=1.0,0.0,0.0 frequency=0.352
                           innerLength=220 innerRadius=326 pipeThick=3
                           wallThick=0.05 irisRadius=125 collarRadialThick=5
                           collarThick=0 win1Thick=0.05 win1OuterRadius=50
                           win2Thick=0.05 winMat=Be phaseAcc=5.527
                           skinDepth=0.002 timingTolerance=0.001 maxStep=100
                           cavityMaterial=Vacuum timeOffset=-4.7e+21
                           timeIncrement=0 fieldMapFile= kill=1
pillbox      cav350        maxGradient=23.19 color=1.0,0.0,0.0 frequency=0.352
                           innerLength=220 innerRadius=326 pipeThick=3
                           wallThick=0.05 irisRadius=125 collarRadialThick=5
                           collarThick=0 win1Thick=0.05 win1OuterRadius=50
                           win2Thick=0.05 winMat=Be phaseAcc=35.28
                           skinDepth=0.002 timingTolerance=0.001 maxStep=100
                           cavityMaterial=Vacuum timeOffset=-4.7e+21
                           timeIncrement=0 fieldMapFile= kill=1
pillbox      cav351        maxGradient=24.35 color=1.0,0.0,0.0 frequency=0.352
                           innerLength=220 innerRadius=326 pipeThick=3
                           wallThick=0.05 irisRadius=125 collarRadialThick=5
                           collarThick=0 win1Thick=0.05 win1OuterRadius=50
                           win2Thick=0.05 winMat=Be phaseAcc=26.52
                           skinDepth=0.002 timingTolerance=0.001 maxStep=100
                           cavityMaterial=Vacuum timeOffset=-4.7e+21
                           timeIncrement=0 fieldMapFile= kill=1
pillbox      cav352        maxGradient=21.81 color=1.0,0.0,0.0 frequency=0.352
                           innerLength=220 innerRadius=326 pipeThick=3
                           wallThick=0.05 irisRadius=125 collarRadialThick=5
                           collarThick=0 win1Thick=0.05 win1OuterRadius=50
                           win2Thick=0.05 winMat=Be phaseAcc=32.33
                           skinDepth=0.002 timingTolerance=0.001 maxStep=100
                           cavityMaterial=Vacuum timeOffset=-4.7e+21
                           timeIncrement=0 fieldMapFile= kill=1
pillbox      cav353        maxGradient=23.99 color=1.0,0.0,0.0 frequency=0.352
                           innerLength=220 innerRadius=326 pipeThick=3
                           wallThick=0.05 irisRadius=125 collarRadialThick=5
                           collarThick=0 win1Thick=0.05 win1OuterRadius=50
                           win2Thick=0.05 winMat=Be phaseAcc=38.51
                           skinDepth=0.002 timingTolerance=0.001 maxStep=100
                           cavityMaterial=Vacuum timeOffset=-4.7e+21
                           timeIncrement=0 fieldMapFile= kill=1
pillbox      cav360        maxGradient=26.05 color=1.0,0.0,0.0 frequency=0.352
                           innerLength=220 innerRadius=326 pipeThick=3
                           wallThick=0.05 irisRadius=125 collarRadialThick=5
                           collarThick=0 win1Thick=0.05 win1OuterRadius=50
                           win2Thick=0.05 winMat=Be phaseAcc=29.99
                           skinDepth=0.002 timingTolerance=0.001 maxStep=100
                           cavityMaterial=Vacuum timeOffset=-4.7e+21
                           timeIncrement=0 fieldMapFile= kill=1
pillbox      cav361        maxGradient=24.39 color=1.0,0.0,0.0 frequency=0.352
                           innerLength=220 innerRadius=326 pipeThick=3
                           wallThick=0.05 irisRadius=125 collarRadialThick=5
                           collarThick=0 win1Thick=0.05 win1OuterRadius=50
                           win2Thick=0.05 winMat=Be phaseAcc=19.75
                           skinDepth=0.002 timingTolerance=0.001 maxStep=100
                           cavityMaterial=Vacuum timeOffset=-4.7e+21
                           timeIncrement=0 fieldMapFile= kill=1
pillbox      cav362        maxGradient=25.09 color=1.0,0.0,0.0 frequency=0.352
                           innerLength=220 innerRadius=326 pipeThick=3
                           wallThick=0.05 irisRadius=125 collarRadialThick=5
                           collarThick=0 win1Thick=0.05 win1OuterRadius=50
                           win2Thick=0.05 winMat=Be phaseAcc=41.75
                           skinDepth=0.002 timingTolerance=0.001 maxStep=100
                           cavityMaterial=Vacuum timeOffset=-4.7e+21
                           timeIncrement=0 fieldMapFile= kill=1
pillbox      cav363        maxGradient=25.28 color=1.0,0.0,0.0 frequency=0.352
                           innerLength=220 innerRadius=326 pipeThick=3
                           wallThick=0.05 irisRadius=125 collarRadialThick=5
                           collarThick=0 win1Thick=0.05 win1OuterRadius=50
                           win2Thick=0.05 winMat=Be phaseAcc=11.04
                           skinDepth=0.002 timingTolerance=0.001 maxStep=100
                           cavityMaterial=Vacuum timeOffset=-4.7e+21
                           timeIncrement=0 fieldMapFile= kill=1
pillbox      cav370        maxGradient=21.63 color=1.0,0.0,0.0 frequency=0.352
                           innerLength=220 innerRadius=326 pipeThick=3
                           wallThick=0.05 irisRadius=125 collarRadialThick=5
                           collarThick=0 win1Thick=0.05 win1OuterRadius=50
                           win2Thick=0.05 winMat=Be phaseAcc=28.88
                           skinDepth=0.002 timingTolerance=0.001 maxStep=100
                           cavityMaterial=Vacuum timeOffset=-4.7e+21
                           timeIncrement=0 fieldMapFile= kill=1
pillbox      cav371        maxGradient=23.27 color=1.0,0.0,0.0 frequency=0.352
                           innerLength=220 innerRadius=326 pipeThick=3
                           wallThick=0.05 irisRadius=125 collarRadialThick=5
                           collarThick=0 win1Thick=0.05 win1OuterRadius=50
                           win2Thick=0.05 winMat=Be phaseAcc=31.84
                           skinDepth=0.002 timingTolerance=0.001 maxStep=100
                           cavityMaterial=Vacuum timeOffset=-4.7e+21
                           timeIncrement=0 fieldMapFile= kill=1
pillbox      cav372        maxGradient=22.75 color=1.0,0.0,0.0 frequency=0.352
                           innerLength=220 innerRadius=326 pipeThick=3
                           wallThick=0.05 irisRadius=125 collarRadialThick=5
                           collarThick=0 win1Thick=0.05 win1OuterRadius=50
                           win2Thick=0.05 winMat=Be phaseAcc=19.37
                           skinDepth=0.002 timingTolerance=0.001 maxStep=100
                           cavityMaterial=Vacuum timeOffset=-4.7e+21
                           timeIncrement=0 fieldMapFile= kill=1
pillbox      cav373        maxGradient=22.85 color=1.0,0.0,0.0 frequency=0.352
                           innerLength=220 innerRadius=326 pipeThick=3
                           wallThick=0.05 irisRadius=125 collarRadialThick=5
                           collarThick=0 win1Thick=0.05 win1OuterRadius=50
                           win2Thick=0.05 winMat=Be phaseAcc=40.67
                           skinDepth=0.002 timingTolerance=0.001 maxStep=100
                           cavityMaterial=Vacuum timeOffset=-4.7e+21
                           timeIncrement=0 fieldMapFile= kill=1
pillbox      cav380        maxGradient=22.59 color=1.0,0.0,0.0 frequency=0.352
                           innerLength=220 innerRadius=326 pipeThick=3
                           wallThick=0.05 irisRadius=125 collarRadialThick=5
                           collarThick=0 win1Thick=0.05 win1OuterRadius=50
                           win2Thick=0.05 winMat=Be phaseAcc=36.93
                           skinDepth=0.002 timingTolerance=0.001 maxStep=100
                           cavityMaterial=Vacuum timeOffset=-4.7e+21
                           timeIncrement=0 fieldMapFile= kill=1
pillbox      cav381        maxGradient=21.86 color=1.0,0.0,0.0 frequency=0.352
                           innerLength=220 innerRadius=326 pipeThick=3
                           wallThick=0.05 irisRadius=125 collarRadialThick=5
                           collarThick=0 win1Thick=0.05 win1OuterRadius=50
                           win2Thick=0.05 winMat=Be phaseAcc=40.07
                           skinDepth=0.002 timingTolerance=0.001 maxStep=100
                           cavityMaterial=Vacuum timeOffset=-4.7e+21
                           timeIncrement=0 fieldMapFile= kill=1
pillbox      cav382        maxGradient=23.66 color=1.0,0.0,0.0 frequency=0.352
                           innerLength=220 innerRadius=326 pipeThick=3
                           wallThick=0.05 irisRadius=125 collarRadialThick=5
                           collarThick=0 win1Thick=0.05 win1OuterRadius=50
                           win2Thick=0.05 winMat=Be phaseAcc=38.44
                           skinDepth=0.002 timingTolerance=0.001 maxStep=100
                           cavityMaterial=Vacuum timeOffset=-4.7e+21
                           timeIncrement=0 fieldMapFile= kill=1
pillbox      cav383        maxGradient=23.28 color=1.0,0.0,0.0 frequency=0.352
                           innerLength=220 innerRadius=326 pipeThick=3
                           wallThick=0.05 irisRadius=125 collarRadialThick=5
                           collarThick=0 win1Thick=0.05 win1OuterRadius=50
                           win2Thick=0.05 winMat=Be phaseAcc=34.06
                           skinDepth=0.002 timingTolerance=0.001 maxStep=100
                           cavityMaterial=Vacuum timeOffset=-4.7e+21
                           timeIncrement=0 fieldMapFile= kill=1
pillbox      cav390        maxGradient=23.44 color=1.0,0.0,0.0 frequency=0.352
                           innerLength=220 innerRadius=326 pipeThick=3
                           wallThick=0.05 irisRadius=125 collarRadialThick=5
                           collarThick=0 win1Thick=0.05 win1OuterRadius=50
                           win2Thick=0.05 winMat=Be phaseAcc=9.212
                           skinDepth=0.002 timingTolerance=0.001 maxStep=100
                           cavityMaterial=Vacuum timeOffset=-4.7e+21
                           timeIncrement=0 fieldMapFile= kill=1
pillbox      cav391        maxGradient=23.42 color=1.0,0.0,0.0 frequency=0.352
                           innerLength=220 innerRadius=326 pipeThick=3
                           wallThick=0.05 irisRadius=125 collarRadialThick=5
                           collarThick=0 win1Thick=0.05 win1OuterRadius=50
                           win2Thick=0.05 winMat=Be phaseAcc=40.2
                           skinDepth=0.002 timingTolerance=0.001 maxStep=100
                           cavityMaterial=Vacuum timeOffset=-4.7e+21
                           timeIncrement=0 fieldMapFile= kill=1
pillbox      cav392        maxGradient=23.45 color=1.0,0.0,0.0 frequency=0.352
                           innerLength=220 innerRadius=326 pipeThick=3
                           wallThick=0.05 irisRadius=125 collarRadialThick=5
                           collarThick=0 win1Thick=0.05 win1OuterRadius=50
                           win2Thick=0.05 winMat=Be phaseAcc=18.3
                           skinDepth=0.002 timingTolerance=0.001 maxStep=100
                           cavityMaterial=Vacuum timeOffset=-4.7e+21
                           timeIncrement=0 fieldMapFile= kill=1
pillbox      cav393        maxGradient=24.8 color=1.0,0.0,0.0 frequency=0.352
                           innerLength=220 innerRadius=326 pipeThick=3
                           wallThick=0.05 irisRadius=125 collarRadialThick=5
                           collarThick=0 win1Thick=0.05 win1OuterRadius=50
                           win2Thick=0.05 winMat=Be phaseAcc=20.51
                           skinDepth=0.002 timingTolerance=0.001 maxStep=100
                           cavityMaterial=Vacuum timeOffset=-4.7e+21
                           timeIncrement=0 fieldMapFile= kill=1
pillbox      cav400        maxGradient=23.54 color=1.0,0.0,0.0 frequency=0.352
                           innerLength=220 innerRadius=326 pipeThick=3
                           wallThick=0.05 irisRadius=125 collarRadialThick=5
                           collarThick=0 win1Thick=0.05 win1OuterRadius=50
                           win2Thick=0.05 winMat=Be phaseAcc=44.4
                           skinDepth=0.002 timingTolerance=0.001 maxStep=100
                           cavityMaterial=Vacuum timeOffset=-4.7e+21
                           timeIncrement=0 fieldMapFile= kill=1
pillbox      cav401        maxGradient=22.36 color=1.0,0.0,0.0 frequency=0.352
                           innerLength=220 innerRadius=326 pipeThick=3
                           wallThick=0.05 irisRadius=125 collarRadialThick=5
                           collarThick=0 win1Thick=0.05 win1OuterRadius=50
                           win2Thick=0.05 winMat=Be phaseAcc=21.51
                           skinDepth=0.002 timingTolerance=0.001 maxStep=100
                           cavityMaterial=Vacuum timeOffset=-4.7e+21
                           timeIncrement=0 fieldMapFile= kill=1
pillbox      cav402        maxGradient=24.37 color=1.0,0.0,0.0 frequency=0.352
                           innerLength=220 innerRadius=326 pipeThick=3
                           wallThick=0.05 irisRadius=125 collarRadialThick=5
                           collarThick=0 win1Thick=0.05 win1OuterRadius=50
                           win2Thick=0.05 winMat=Be phaseAcc=14.32
                           skinDepth=0.002 timingTolerance=0.001 maxStep=100
                           cavityMaterial=Vacuum timeOffset=-4.7e+21
                           timeIncrement=0 fieldMapFile= kill=1
pillbox      cav403        maxGradient=22.27 color=1.0,0.0,0.0 frequency=0.352
                           innerLength=220 innerRadius=326 pipeThick=3
                           wallThick=0.05 irisRadius=125 collarRadialThick=5
                           collarThick=0 win1Thick=0.05 win1OuterRadius=50
                           win2Thick=0.05 winMat=Be phaseAcc=31.06
                           skinDepth=0.002 timingTolerance=0.001 maxStep=100
                           cavityMaterial=Vacuum timeOffset=-4.7e+21
                           timeIncrement=0 fieldMapFile= kill=1
pillbox      cav410        maxGradient=24.07 color=1.0,0.0,0.0 frequency=0.352
                           innerLength=220 innerRadius=326 pipeThick=3
                           wallThick=0.05 irisRadius=125 collarRadialThick=5
                           collarThick=0 win1Thick=0.05 win1OuterRadius=50
                           win2Thick=0.05 winMat=Be phaseAcc=21.28
                           skinDepth=0.002 timingTolerance=0.001 maxStep=100
                           cavityMaterial=Vacuum timeOffset=-4.7e+21
                           timeIncrement=0 fieldMapFile= kill=1
pillbox      cav411        maxGradient=23.35 color=1.0,0.0,0.0 frequency=0.352
                           innerLength=220 innerRadius=326 pipeThick=3
                           wallThick=0.05 irisRadius=125 collarRadialThick=5
                           collarThick=0 win1Thick=0.05 win1OuterRadius=50
                           win2Thick=0.05 winMat=Be phaseAcc=16.64
                           skinDepth=0.002 timingTolerance=0.001 maxStep=100
                           cavityMaterial=Vacuum timeOffset=-4.7e+21
                           timeIncrement=0 fieldMapFile= kill=1
pillbox      cav412        maxGradient=22.67 color=1.0,0.0,0.0 frequency=0.352
                           innerLength=220 innerRadius=326 pipeThick=3
                           wallThick=0.05 irisRadius=125 collarRadialThick=5
                           collarThick=0 win1Thick=0.05 win1OuterRadius=50
                           win2Thick=0.05 winMat=Be phaseAcc=-5.534
                           skinDepth=0.002 timingTolerance=0.001 maxStep=100
                           cavityMaterial=Vacuum timeOffset=-4.7e+21
                           timeIncrement=0 fieldMapFile= kill=1
pillbox      cav413        maxGradient=22.45 color=1.0,0.0,0.0 frequency=0.352
                           innerLength=220 innerRadius=326 pipeThick=3
                           wallThick=0.05 irisRadius=125 collarRadialThick=5
                           collarThick=0 win1Thick=0.05 win1OuterRadius=50
                           win2Thick=0.05 winMat=Be phaseAcc=23.53
                           skinDepth=0.002 timingTolerance=0.001 maxStep=100
                           cavityMaterial=Vacuum timeOffset=-4.7e+21
                           timeIncrement=0 fieldMapFile= kill=1
pillbox      cav420        maxGradient=24.27 color=1.0,0.0,0.0 frequency=0.352
                           innerLength=220 innerRadius=326 pipeThick=3
                           wallThick=0.05 irisRadius=125 collarRadialThick=5
                           collarThick=0 win1Thick=0.05 win1OuterRadius=50
                           win2Thick=0.05 winMat=Be phaseAcc=19.93
                           skinDepth=0.002 timingTolerance=0.001 maxStep=100
                           cavityMaterial=Vacuum timeOffset=-4.7e+21
                           timeIncrement=0 fieldMapFile= kill=1
pillbox      cav421        maxGradient=22.78 color=1.0,0.0,0.0 frequency=0.352
                           innerLength=220 innerRadius=326 pipeThick=3
                           wallThick=0.05 irisRadius=125 collarRadialThick=5
                           collarThick=0 win1Thick=0.05 win1OuterRadius=50
                           win2Thick=0.05 winMat=Be phaseAcc=39.14
                           skinDepth=0.002 timingTolerance=0.001 maxStep=100
                           cavityMaterial=Vacuum timeOffset=-4.7e+21
                           timeIncrement=0 fieldMapFile= kill=1
pillbox      cav422        maxGradient=21.87 color=1.0,0.0,0.0 frequency=0.352
                           innerLength=220 innerRadius=326 pipeThick=3
                           wallThick=0.05 irisRadius=125 collarRadialThick=5
                           collarThick=0 win1Thick=0.05 win1OuterRadius=50
                           win2Thick=0.05 winMat=Be phaseAcc=36.6
                           skinDepth=0.002 timingTolerance=0.001 maxStep=100
                           cavityMaterial=Vacuum timeOffset=-4.7e+21
                           timeIncrement=0 fieldMapFile= kill=1
pillbox      cav423        maxGradient=24.34 color=1.0,0.0,0.0 frequency=0.352
                           innerLength=220 innerRadius=326 pipeThick=3
                           wallThick=0.05 irisRadius=125 collarRadialThick=5
                           collarThick=0 win1Thick=0.05 win1OuterRadius=50
                           win2Thick=0.05 winMat=Be phaseAcc=16.68
                           skinDepth=0.002 timingTolerance=0.001 maxStep=100
                           cavityMaterial=Vacuum timeOffset=-4.7e+21
                           timeIncrement=0 fieldMapFile= kill=1
pillbox      cav430        maxGradient=22.71 color=1.0,0.0,0.0 frequency=0.352
                           innerLength=220 innerRadius=326 pipeThick=3
                           wallThick=0.05 irisRadius=125 collarRadialThick=5
                           collarThick=0 win1Thick=0.05 win1OuterRadius=50
                           win2Thick=0.05 winMat=Be phaseAcc=24.04
                           skinDepth=0.002 timingTolerance=0.001 maxStep=100
                           cavityMaterial=Vacuum timeOffset=-4.7e+21
                           timeIncrement=0 fieldMapFile= kill=1
pillbox      cav431        maxGradient=24.23 color=1.0,0.0,0.0 frequency=0.352
                           innerLength=220 innerRadius=326 pipeThick=3
                           wallThick=0.05 irisRadius=125 collarRadialThick=5
                           collarThick=0 win1Thick=0.05 win1OuterRadius=50
                           win2Thick=0.05 winMat=Be phaseAcc=36.16
                           skinDepth=0.002 timingTolerance=0.001 maxStep=100
                           cavityMaterial=Vacuum timeOffset=-4.7e+21
                           timeIncrement=0 fieldMapFile= kill=1
pillbox      cav432        maxGradient=21.79 color=1.0,0.0,0.0 frequency=0.352
                           innerLength=220 innerRadius=326 pipeThick=3
                           wallThick=0.05 irisRadius=125 collarRadialThick=5
                           collarThick=0 win1Thick=0.05 win1OuterRadius=50
                           win2Thick=0.05 winMat=Be phaseAcc=23.53
                           skinDepth=0.002 timingTolerance=0.001 maxStep=100
                           cavityMaterial=Vacuum timeOffset=-4.7e+21
                           timeIncrement=0 fieldMapFile= kill=1
pillbox      cav433        maxGradient=24.46 color=1.0,0.0,0.0 frequency=0.352
                           innerLength=220 innerRadius=326 pipeThick=3
                           wallThick=0.05 irisRadius=125 collarRadialThick=5
                           collarThick=0 win1Thick=0.05 win1OuterRadius=50
                           win2Thick=0.05 winMat=Be phaseAcc=29.92
                           skinDepth=0.002 timingTolerance=0.001 maxStep=100
                           cavityMaterial=Vacuum timeOffset=-4.7e+21
                           timeIncrement=0 fieldMapFile= kill=1
pillbox      cav440        maxGradient=24.57 color=1.0,0.0,0.0 frequency=0.352
                           innerLength=220 innerRadius=326 pipeThick=3
                           wallThick=0.05 irisRadius=125 collarRadialThick=5
                           collarThick=0 win1Thick=0.05 win1OuterRadius=50
                           win2Thick=0.05 winMat=Be phaseAcc=30.39
                           skinDepth=0.002 timingTolerance=0.001 maxStep=100
                           cavityMaterial=Vacuum timeOffset=-4.7e+21
                           timeIncrement=0 fieldMapFile= kill=1
pillbox      cav441        maxGradient=22.24 color=1.0,0.0,0.0 frequency=0.352
                           innerLength=220 innerRadius=326 pipeThick=3
                           wallThick=0.05 irisRadius=125 collarRadialThick=5
                           collarThick=0 win1Thick=0.05 win1OuterRadius=50
                           win2Thick=0.05 winMat=Be phaseAcc=29.36
                           skinDepth=0.002 timingTolerance=0.001 maxStep=100
                           cavityMaterial=Vacuum timeOffset=-4.7e+21
                           timeIncrement=0 fieldMapFile= kill=1
pillbox      cav442        maxGradient=23.48 color=1.0,0.0,0.0 frequency=0.352
                           innerLength=220 innerRadius=326 pipeThick=3
                           wallThick=0.05 irisRadius=125 collarRadialThick=5
                           collarThick=0 win1Thick=0.05 win1OuterRadius=50
                           win2Thick=0.05 winMat=Be phaseAcc=22.07
                           skinDepth=0.002 timingTolerance=0.001 maxStep=100
                           cavityMaterial=Vacuum timeOffset=-4.7e+21
                           timeIncrement=0 fieldMapFile= kill=1
pillbox      cav443        maxGradient=24.52 color=1.0,0.0,0.0 frequency=0.352
                           innerLength=220 innerRadius=326 pipeThick=3
                           wallThick=0.05 irisRadius=125 collarRadialThick=5
                           collarThick=0 win1Thick=0.05 win1OuterRadius=50
                           win2Thick=0.05 winMat=Be phaseAcc=32.61
                           skinDepth=0.002 timingTolerance=0.001 maxStep=100
                           cavityMaterial=Vacuum timeOffset=-4.7e+21
                           timeIncrement=0 fieldMapFile= kill=1
pillbox      cav450        maxGradient=22.6 color=1.0,0.0,0.0 frequency=0.352
                           innerLength=220 innerRadius=326 pipeThick=3
                           wallThick=0.05 irisRadius=125 collarRadialThick=5
                           collarThick=0 win1Thick=0.05 win1OuterRadius=50
                           win2Thick=0.05 winMat=Be phaseAcc=20.06
                           skinDepth=0.002 timingTolerance=0.001 maxStep=100
                           cavityMaterial=Vacuum timeOffset=-4.7e+21
                           timeIncrement=0 fieldMapFile= kill=1
pillbox      cav451        maxGradient=24.46 color=1.0,0.0,0.0 frequency=0.352
                           innerLength=220 innerRadius=326 pipeThick=3
                           wallThick=0.05 irisRadius=125 collarRadialThick=5
                           collarThick=0 win1Thick=0.05 win1OuterRadius=50
                           win2Thick=0.05 winMat=Be phaseAcc=33.87
                           skinDepth=0.002 timingTolerance=0.001 maxStep=100
                           cavityMaterial=Vacuum timeOffset=-4.7e+21
                           timeIncrement=0 fieldMapFile= kill=1
pillbox      cav452        maxGradient=23.71 color=1.0,0.0,0.0 frequency=0.352
                           innerLength=220 innerRadius=326 pipeThick=3
                           wallThick=0.05 irisRadius=125 collarRadialThick=5
                           collarThick=0 win1Thick=0.05 win1OuterRadius=50
                           win2Thick=0.05 winMat=Be phaseAcc=31.74
                           skinDepth=0.002 timingTolerance=0.001 maxStep=100
                           cavityMaterial=Vacuum timeOffset=-4.7e+21
                           timeIncrement=0 fieldMapFile= kill=1
pillbox      cav453        maxGradient=24.32 color=1.0,0.0,0.0 frequency=0.352
                           innerLength=220 innerRadius=326 pipeThick=3
                           wallThick=0.05 irisRadius=125 collarRadialThick=5
                           collarThick=0 win1Thick=0.05 win1OuterRadius=50
                           win2Thick=0.05 winMat=Be phaseAcc=47.69
                           skinDepth=0.002 timingTolerance=0.001 maxStep=100
                           cavityMaterial=Vacuum timeOffset=-4.7e+21
                           timeIncrement=0 fieldMapFile= kill=1
pillbox      cav460        maxGradient=22.45 color=1.0,0.0,0.0 frequency=0.352
                           innerLength=220 innerRadius=326 pipeThick=3
                           wallThick=0.05 irisRadius=125 collarRadialThick=5
                           collarThick=0 win1Thick=0.05 win1OuterRadius=50
                           win2Thick=0.05 winMat=Be phaseAcc=23.88
                           skinDepth=0.002 timingTolerance=0.001 maxStep=100
                           cavityMaterial=Vacuum timeOffset=-4.7e+21
                           timeIncrement=0 fieldMapFile= kill=1
pillbox      cav461        maxGradient=25.03 color=1.0,0.0,0.0 frequency=0.352
                           innerLength=220 innerRadius=326 pipeThick=3
                           wallThick=0.05 irisRadius=125 collarRadialThick=5
                           collarThick=0 win1Thick=0.05 win1OuterRadius=50
                           win2Thick=0.05 winMat=Be phaseAcc=23.94
                           skinDepth=0.002 timingTolerance=0.001 maxStep=100
                           cavityMaterial=Vacuum timeOffset=-4.7e+21
                           timeIncrement=0 fieldMapFile= kill=1
pillbox      cav462        maxGradient=24.38 color=1.0,0.0,0.0 frequency=0.352
                           innerLength=220 innerRadius=326 pipeThick=3
                           wallThick=0.05 irisRadius=125 collarRadialThick=5
                           collarThick=0 win1Thick=0.05 win1OuterRadius=50
                           win2Thick=0.05 winMat=Be phaseAcc=17.81
                           skinDepth=0.002 timingTolerance=0.001 maxStep=100
                           cavityMaterial=Vacuum timeOffset=-4.7e+21
                           timeIncrement=0 fieldMapFile= kill=1
pillbox      cav463        maxGradient=23.35 color=1.0,0.0,0.0 frequency=0.352
                           innerLength=220 innerRadius=326 pipeThick=3
                           wallThick=0.05 irisRadius=125 collarRadialThick=5
                           collarThick=0 win1Thick=0.05 win1OuterRadius=50
                           win2Thick=0.05 winMat=Be phaseAcc=26.97
                           skinDepth=0.002 timingTolerance=0.001 maxStep=100
                           cavityMaterial=Vacuum timeOffset=-4.7e+21
                           timeIncrement=0 fieldMapFile= kill=1
pillbox      cav470        maxGradient=23.1 color=1.0,0.0,0.0 frequency=0.352
                           innerLength=220 innerRadius=326 pipeThick=3
                           wallThick=0.05 irisRadius=125 collarRadialThick=5
                           collarThick=0 win1Thick=0.05 win1OuterRadius=50
                           win2Thick=0.05 winMat=Be phaseAcc=26.93
                           skinDepth=0.002 timingTolerance=0.001 maxStep=100
                           cavityMaterial=Vacuum timeOffset=-4.7e+21
                           timeIncrement=0 fieldMapFile= kill=1
pillbox      cav471        maxGradient=23.79 color=1.0,0.0,0.0 frequency=0.352
                           innerLength=220 innerRadius=326 pipeThick=3
                           wallThick=0.05 irisRadius=125 collarRadialThick=5
                           collarThick=0 win1Thick=0.05 win1OuterRadius=50
                           win2Thick=0.05 winMat=Be phaseAcc=36.98
                           skinDepth=0.002 timingTolerance=0.001 maxStep=100
                           cavityMaterial=Vacuum timeOffset=-4.7e+21
                           timeIncrement=0 fieldMapFile= kill=1
pillbox      cav472        maxGradient=21.04 color=1.0,0.0,0.0 frequency=0.352
                           innerLength=220 innerRadius=326 pipeThick=3
                           wallThick=0.05 irisRadius=125 collarRadialThick=5
                           collarThick=0 win1Thick=0.05 win1OuterRadius=50
                           win2Thick=0.05 winMat=Be phaseAcc=22.14
                           skinDepth=0.002 timingTolerance=0.001 maxStep=100
                           cavityMaterial=Vacuum timeOffset=-4.7e+21
                           timeIncrement=0 fieldMapFile= kill=1
pillbox      cav473        maxGradient=21.24 color=1.0,0.0,0.0 frequency=0.352
                           innerLength=220 innerRadius=326 pipeThick=3
                           wallThick=0.05 irisRadius=125 collarRadialThick=5
                           collarThick=0 win1Thick=0.05 win1OuterRadius=50
                           win2Thick=0.05 winMat=Be phaseAcc=34.33
                           skinDepth=0.002 timingTolerance=0.001 maxStep=100
                           cavityMaterial=Vacuum timeOffset=-4.7e+21
                           timeIncrement=0 fieldMapFile= kill=1
pillbox      cav480        maxGradient=23.09 color=1.0,0.0,0.0 frequency=0.352
                           innerLength=220 innerRadius=326 pipeThick=3
                           wallThick=0.05 irisRadius=125 collarRadialThick=5
                           collarThick=0 win1Thick=0.05 win1OuterRadius=50
                           win2Thick=0.05 winMat=Be phaseAcc=19.44
                           skinDepth=0.002 timingTolerance=0.001 maxStep=100
                           cavityMaterial=Vacuum timeOffset=-4.7e+21
                           timeIncrement=0 fieldMapFile= kill=1
pillbox      cav481        maxGradient=22.72 color=1.0,0.0,0.0 frequency=0.352
                           innerLength=220 innerRadius=326 pipeThick=3
                           wallThick=0.05 irisRadius=125 collarRadialThick=5
                           collarThick=0 win1Thick=0.05 win1OuterRadius=50
                           win2Thick=0.05 winMat=Be phaseAcc=46.31
                           skinDepth=0.002 timingTolerance=0.001 maxStep=100
                           cavityMaterial=Vacuum timeOffset=-4.7e+21
                           timeIncrement=0 fieldMapFile= kill=1
pillbox      cav482        maxGradient=23.75 color=1.0,0.0,0.0 frequency=0.352
                           innerLength=220 innerRadius=326 pipeThick=3
                           wallThick=0.05 irisRadius=125 collarRadialThick=5
                           collarThick=0 win1Thick=0.05 win1OuterRadius=50
                           win2Thick=0.05 winMat=Be phaseAcc=24.96
                           skinDepth=0.002 timingTolerance=0.001 maxStep=100
                           cavityMaterial=Vacuum timeOffset=-4.7e+21
                           timeIncrement=0 fieldMapFile= kill=1
pillbox      cav483        maxGradient=24.39 color=1.0,0.0,0.0 frequency=0.352
                           innerLength=220 innerRadius=326 pipeThick=3
                           wallThick=0.05 irisRadius=125 collarRadialThick=5
                           collarThick=0 win1Thick=0.05 win1OuterRadius=50
                           win2Thick=0.05 winMat=Be phaseAcc=41.38
                           skinDepth=0.002 timingTolerance=0.001 maxStep=100
                           cavityMaterial=Vacuum timeOffset=-4.7e+21
                           timeIncrement=0 fieldMapFile= kill=1
pillbox      cav490        maxGradient=24.31 color=1.0,0.0,0.0 frequency=0.352
                           innerLength=220 innerRadius=326 pipeThick=3
                           wallThick=0.05 irisRadius=125 collarRadialThick=5
                           collarThick=0 win1Thick=0.05 win1OuterRadius=50
                           win2Thick=0.05 winMat=Be phaseAcc=22.43
                           skinDepth=0.002 timingTolerance=0.001 maxStep=100
                           cavityMaterial=Vacuum timeOffset=-4.7e+21
                           timeIncrement=0 fieldMapFile= kill=1
pillbox      cav491        maxGradient=23.93 color=1.0,0.0,0.0 frequency=0.352
                           innerLength=220 innerRadius=326 pipeThick=3
                           wallThick=0.05 irisRadius=125 collarRadialThick=5
                           collarThick=0 win1Thick=0.05 win1OuterRadius=50
                           win2Thick=0.05 winMat=Be phaseAcc=27.89
                           skinDepth=0.002 timingTolerance=0.001 maxStep=100
                           cavityMaterial=Vacuum timeOffset=-4.7e+21
                           timeIncrement=0 fieldMapFile= kill=1
pillbox      cav492        maxGradient=24.06 color=1.0,0.0,0.0 frequency=0.352
                           innerLength=220 innerRadius=326 pipeThick=3
                           wallThick=0.05 irisRadius=125 collarRadialThick=5
                           collarThick=0 win1Thick=0.05 win1OuterRadius=50
                           win2Thick=0.05 winMat=Be phaseAcc=25.21
                           skinDepth=0.002 timingTolerance=0.001 maxStep=100
                           cavityMaterial=Vacuum timeOffset=-4.7e+21
                           timeIncrement=0 fieldMapFile= kill=1
pillbox      cav493        maxGradient=24.1 color=1.0,0.0,0.0 frequency=0.352
                           innerLength=220 innerRadius=326 pipeThick=3
                           wallThick=0.05 irisRadius=125 collarRadialThick=5
                           collarThick=0 win1Thick=0.05 win1OuterRadius=50
                           win2Thick=0.05 winMat=Be phaseAcc=33.79
                           skinDepth=0.002 timingTolerance=0.001 maxStep=100
                           cavityMaterial=Vacuum timeOffset=-4.7e+21
                           timeIncrement=0 fieldMapFile= kill=1
pillbox      cav500        maxGradient=22.86 color=1.0,0.0,0.0 frequency=0.352
                           innerLength=220 innerRadius=326 pipeThick=3
                           wallThick=0.05 irisRadius=125 collarRadialThick=5
                           collarThick=0 win1Thick=0.05 win1OuterRadius=50
                           win2Thick=0.05 winMat=Be phaseAcc=19.82
                           skinDepth=0.002 timingTolerance=0.001 maxStep=100
                           cavityMaterial=Vacuum timeOffset=-4.7e+21
                           timeIncrement=0 fieldMapFile= kill=1
pillbox      cav501        maxGradient=24.27 color=1.0,0.0,0.0 frequency=0.352
                           innerLength=220 innerRadius=326 pipeThick=3
                           wallThick=0.05 irisRadius=125 collarRadialThick=5
                           collarThick=0 win1Thick=0.05 win1OuterRadius=50
                           win2Thick=0.05 winMat=Be phaseAcc=28.64
                           skinDepth=0.002 timingTolerance=0.001 maxStep=100
                           cavityMaterial=Vacuum timeOffset=-4.7e+21
                           timeIncrement=0 fieldMapFile= kill=1
pillbox      cav502        maxGradient=22.85 color=1.0,0.0,0.0 frequency=0.352
                           innerLength=220 innerRadius=326 pipeThick=3
                           wallThick=0.05 irisRadius=125 collarRadialThick=5
                           collarThick=0 win1Thick=0.05 win1OuterRadius=50
                           win2Thick=0.05 winMat=Be phaseAcc=12.68
                           skinDepth=0.002 timingTolerance=0.001 maxStep=100
                           cavityMaterial=Vacuum timeOffset=-4.7e+21
                           timeIncrement=0 fieldMapFile= kill=1
pillbox      cav503        maxGradient=23.97 color=1.0,0.0,0.0 frequency=0.352
                           innerLength=220 innerRadius=326 pipeThick=3
                           wallThick=0.05 irisRadius=125 collarRadialThick=5
                           collarThick=0 win1Thick=0.05 win1OuterRadius=50
                           win2Thick=0.05 winMat=Be phaseAcc=26.77
                           skinDepth=0.002 timingTolerance=0.001 maxStep=100
                           cavityMaterial=Vacuum timeOffset=-4.7e+21
                           timeIncrement=0 fieldMapFile= kill=1
pillbox      cav510        maxGradient=22.73 color=1.0,0.0,0.0 frequency=0.352
                           innerLength=220 innerRadius=326 pipeThick=3
                           wallThick=0.05 irisRadius=125 collarRadialThick=5
                           collarThick=0 win1Thick=0.05 win1OuterRadius=50
                           win2Thick=0.05 winMat=Be phaseAcc=32.49
                           skinDepth=0.002 timingTolerance=0.001 maxStep=100
                           cavityMaterial=Vacuum timeOffset=-4.7e+21
                           timeIncrement=0 fieldMapFile= kill=1
pillbox      cav511        maxGradient=23.52 color=1.0,0.0,0.0 frequency=0.352
                           innerLength=220 innerRadius=326 pipeThick=3
                           wallThick=0.05 irisRadius=125 collarRadialThick=5
                           collarThick=0 win1Thick=0.05 win1OuterRadius=50
                           win2Thick=0.05 winMat=Be phaseAcc=17.15
                           skinDepth=0.002 timingTolerance=0.001 maxStep=100
                           cavityMaterial=Vacuum timeOffset=-4.7e+21
                           timeIncrement=0 fieldMapFile= kill=1
pillbox      cav512        maxGradient=24.46 color=1.0,0.0,0.0 frequency=0.352
                           innerLength=220 innerRadius=326 pipeThick=3
                           wallThick=0.05 irisRadius=125 collarRadialThick=5
                           collarThick=0 win1Thick=0.05 win1OuterRadius=50
                           win2Thick=0.05 winMat=Be phaseAcc=37.71
                           skinDepth=0.002 timingTolerance=0.001 maxStep=100
                           cavityMaterial=Vacuum timeOffset=-4.7e+21
                           timeIncrement=0 fieldMapFile= kill=1
pillbox      cav513        maxGradient=23.46 color=1.0,0.0,0.0 frequency=0.352
                           innerLength=220 innerRadius=326 pipeThick=3
                           wallThick=0.05 irisRadius=125 collarRadialThick=5
                           collarThick=0 win1Thick=0.05 win1OuterRadius=50
                           win2Thick=0.05 winMat=Be phaseAcc=9.161
                           skinDepth=0.002 timingTolerance=0.001 maxStep=100
                           cavityMaterial=Vacuum timeOffset=-4.7e+21
                           timeIncrement=0 fieldMapFile= kill=1
pillbox      cav520        maxGradient=22.1 color=1.0,0.0,0.0 frequency=0.352
                           innerLength=220 innerRadius=326 pipeThick=3
                           wallThick=0.05 irisRadius=125 collarRadialThick=5
                           collarThick=0 win1Thick=0.05 win1OuterRadius=50
                           win2Thick=0.05 winMat=Be phaseAcc=13.72
                           skinDepth=0.002 timingTolerance=0.001 maxStep=100
                           cavityMaterial=Vacuum timeOffset=-4.7e+21
                           timeIncrement=0 fieldMapFile= kill=1
pillbox      cav521        maxGradient=22.21 color=1.0,0.0,0.0 frequency=0.352
                           innerLength=220 innerRadius=326 pipeThick=3
                           wallThick=0.05 irisRadius=125 collarRadialThick=5
                           collarThick=0 win1Thick=0.05 win1OuterRadius=50
                           win2Thick=0.05 winMat=Be phaseAcc=31.95
                           skinDepth=0.002 timingTolerance=0.001 maxStep=100
                           cavityMaterial=Vacuum timeOffset=-4.7e+21
                           timeIncrement=0 fieldMapFile= kill=1
pillbox      cav522        maxGradient=23.18 color=1.0,0.0,0.0 frequency=0.352
                           innerLength=220 innerRadius=326 pipeThick=3
                           wallThick=0.05 irisRadius=125 collarRadialThick=5
                           collarThick=0 win1Thick=0.05 win1OuterRadius=50
                           win2Thick=0.05 winMat=Be phaseAcc=25.56
                           skinDepth=0.002 timingTolerance=0.001 maxStep=100
                           cavityMaterial=Vacuum timeOffset=-4.7e+21
                           timeIncrement=0 fieldMapFile= kill=1
pillbox      cav523        maxGradient=22.07 color=1.0,0.0,0.0 frequency=0.352
                           innerLength=220 innerRadius=326 pipeThick=3
                           wallThick=0.05 irisRadius=125 collarRadialThick=5
                           collarThick=0 win1Thick=0.05 win1OuterRadius=50
                           win2Thick=0.05 winMat=Be phaseAcc=5.736
                           skinDepth=0.002 timingTolerance=0.001 maxStep=100
                           cavityMaterial=Vacuum timeOffset=-4.7e+21
                           timeIncrement=0 fieldMapFile= kill=1
pillbox      cav530        maxGradient=23.12 color=1.0,0.0,0.0 frequency=0.352
                           innerLength=220 innerRadius=326 pipeThick=3
                           wallThick=0.05 irisRadius=125 collarRadialThick=5
                           collarThick=0 win1Thick=0.05 win1OuterRadius=50
                           win2Thick=0.05 winMat=Be phaseAcc=41.95
                           skinDepth=0.002 timingTolerance=0.001 maxStep=100
                           cavityMaterial=Vacuum timeOffset=-4.7e+21
                           timeIncrement=0 fieldMapFile= kill=1
pillbox      cav531        maxGradient=22.4 color=1.0,0.0,0.0 frequency=0.352
                           innerLength=220 innerRadius=326 pipeThick=3
                           wallThick=0.05 irisRadius=125 collarRadialThick=5
                           collarThick=0 win1Thick=0.05 win1OuterRadius=50
                           win2Thick=0.05 winMat=Be phaseAcc=16.8
                           skinDepth=0.002 timingTolerance=0.001 maxStep=100
                           cavityMaterial=Vacuum timeOffset=-4.7e+21
                           timeIncrement=0 fieldMapFile= kill=1
pillbox      cav532        maxGradient=22.49 color=1.0,0.0,0.0 frequency=0.352
                           innerLength=220 innerRadius=326 pipeThick=3
                           wallThick=0.05 irisRadius=125 collarRadialThick=5
                           collarThick=0 win1Thick=0.05 win1OuterRadius=50
                           win2Thick=0.05 winMat=Be phaseAcc=43.47
                           skinDepth=0.002 timingTolerance=0.001 maxStep=100
                           cavityMaterial=Vacuum timeOffset=-4.7e+21
                           timeIncrement=0 fieldMapFile= kill=1
pillbox      cav533        maxGradient=25.54 color=1.0,0.0,0.0 frequency=0.352
                           innerLength=220 innerRadius=326 pipeThick=3
                           wallThick=0.05 irisRadius=125 collarRadialThick=5
                           collarThick=0 win1Thick=0.05 win1OuterRadius=50
                           win2Thick=0.05 winMat=Be phaseAcc=29.95
                           skinDepth=0.002 timingTolerance=0.001 maxStep=100
                           cavityMaterial=Vacuum timeOffset=-4.7e+21
                           timeIncrement=0 fieldMapFile= kill=1
pillbox      cav540        maxGradient=23.16 color=1.0,0.0,0.0 frequency=0.352
                           innerLength=220 innerRadius=326 pipeThick=3
                           wallThick=0.05 irisRadius=125 collarRadialThick=5
                           collarThick=0 win1Thick=0.05 win1OuterRadius=50
                           win2Thick=0.05 winMat=Be phaseAcc=16.53
                           skinDepth=0.002 timingTolerance=0.001 maxStep=100
                           cavityMaterial=Vacuum timeOffset=-4.7e+21
                           timeIncrement=0 fieldMapFile= kill=1
pillbox      cav541        maxGradient=22.71 color=1.0,0.0,0.0 frequency=0.352
                           innerLength=220 innerRadius=326 pipeThick=3
                           wallThick=0.05 irisRadius=125 collarRadialThick=5
                           collarThick=0 win1Thick=0.05 win1OuterRadius=50
                           win2Thick=0.05 winMat=Be phaseAcc=36.48
                           skinDepth=0.002 timingTolerance=0.001 maxStep=100
                           cavityMaterial=Vacuum timeOffset=-4.7e+21
                           timeIncrement=0 fieldMapFile= kill=1
pillbox      cav542        maxGradient=22.7 color=1.0,0.0,0.0 frequency=0.352
                           innerLength=220 innerRadius=326 pipeThick=3
                           wallThick=0.05 irisRadius=125 collarRadialThick=5
                           collarThick=0 win1Thick=0.05 win1OuterRadius=50
                           win2Thick=0.05 winMat=Be phaseAcc=16.21
                           skinDepth=0.002 timingTolerance=0.001 maxStep=100
                           cavityMaterial=Vacuum timeOffset=-4.7e+21
                           timeIncrement=0 fieldMapFile= kill=1
pillbox      cav543        maxGradient=22.61 color=1.0,0.0,0.0 frequency=0.352
                           innerLength=220 innerRadius=326 pipeThick=3
                           wallThick=0.05 irisRadius=125 collarRadialThick=5
                           collarThick=0 win1Thick=0.05 win1OuterRadius=50
                           win2Thick=0.05 winMat=Be phaseAcc=16.37
                           skinDepth=0.002 timingTolerance=0.001 maxStep=100
                           cavityMaterial=Vacuum timeOffset=-4.7e+21
                           timeIncrement=0 fieldMapFile= kill=1
pillbox      cav550        maxGradient=23.69 color=1.0,0.0,0.0 frequency=0.352
                           innerLength=220 innerRadius=326 pipeThick=3
                           wallThick=0.05 irisRadius=125 collarRadialThick=5
                           collarThick=0 win1Thick=0.05 win1OuterRadius=50
                           win2Thick=0.05 winMat=Be phaseAcc=29.06
                           skinDepth=0.002 timingTolerance=0.001 maxStep=100
                           cavityMaterial=Vacuum timeOffset=-4.7e+21
                           timeIncrement=0 fieldMapFile= kill=1
pillbox      cav551        maxGradient=22.51 color=1.0,0.0,0.0 frequency=0.352
                           innerLength=220 innerRadius=326 pipeThick=3
                           wallThick=0.05 irisRadius=125 collarRadialThick=5
                           collarThick=0 win1Thick=0.05 win1OuterRadius=50
                           win2Thick=0.05 winMat=Be phaseAcc=34.34
                           skinDepth=0.002 timingTolerance=0.001 maxStep=100
                           cavityMaterial=Vacuum timeOffset=-4.7e+21
                           timeIncrement=0 fieldMapFile= kill=1
pillbox      cav552        maxGradient=22.67 color=1.0,0.0,0.0 frequency=0.352
                           innerLength=220 innerRadius=326 pipeThick=3
                           wallThick=0.05 irisRadius=125 collarRadialThick=5
                           collarThick=0 win1Thick=0.05 win1OuterRadius=50
                           win2Thick=0.05 winMat=Be phaseAcc=21.67
                           skinDepth=0.002 timingTolerance=0.001 maxStep=100
                           cavityMaterial=Vacuum timeOffset=-4.7e+21
                           timeIncrement=0 fieldMapFile= kill=1
pillbox      cav553        maxGradient=22.92 color=1.0,0.0,0.0 frequency=0.352
                           innerLength=220 innerRadius=326 pipeThick=3
                           wallThick=0.05 irisRadius=125 collarRadialThick=5
                           collarThick=0 win1Thick=0.05 win1OuterRadius=50
                           win2Thick=0.05 winMat=Be phaseAcc=24.09
                           skinDepth=0.002 timingTolerance=0.001 maxStep=100
                           cavityMaterial=Vacuum timeOffset=-4.7e+21
                           timeIncrement=0 fieldMapFile= kill=1
pillbox      cav560        maxGradient=23.82 color=1.0,0.0,0.0 frequency=0.352
                           innerLength=220 innerRadius=326 pipeThick=3
                           wallThick=0.05 irisRadius=125 collarRadialThick=5
                           collarThick=0 win1Thick=0.05 win1OuterRadius=50
                           win2Thick=0.05 winMat=Be phaseAcc=25.56
                           skinDepth=0.002 timingTolerance=0.001 maxStep=100
                           cavityMaterial=Vacuum timeOffset=-4.7e+21
                           timeIncrement=0 fieldMapFile= kill=1
pillbox      cav561        maxGradient=24.77 color=1.0,0.0,0.0 frequency=0.352
                           innerLength=220 innerRadius=326 pipeThick=3
                           wallThick=0.05 irisRadius=125 collarRadialThick=5
                           collarThick=0 win1Thick=0.05 win1OuterRadius=50
                           win2Thick=0.05 winMat=Be phaseAcc=16.18
                           skinDepth=0.002 timingTolerance=0.001 maxStep=100
                           cavityMaterial=Vacuum timeOffset=-4.7e+21
                           timeIncrement=0 fieldMapFile= kill=1
pillbox      cav562        maxGradient=22.68 color=1.0,0.0,0.0 frequency=0.352
                           innerLength=220 innerRadius=326 pipeThick=3
                           wallThick=0.05 irisRadius=125 collarRadialThick=5
                           collarThick=0 win1Thick=0.05 win1OuterRadius=50
                           win2Thick=0.05 winMat=Be phaseAcc=25.36
                           skinDepth=0.002 timingTolerance=0.001 maxStep=100
                           cavityMaterial=Vacuum timeOffset=-4.7e+21
                           timeIncrement=0 fieldMapFile= kill=1
pillbox      cav563        maxGradient=23.57 color=1.0,0.0,0.0 frequency=0.352
                           innerLength=220 innerRadius=326 pipeThick=3
                           wallThick=0.05 irisRadius=125 collarRadialThick=5
                           collarThick=0 win1Thick=0.05 win1OuterRadius=50
                           win2Thick=0.05 winMat=Be phaseAcc=26.97
                           skinDepth=0.002 timingTolerance=0.001 maxStep=100
                           cavityMaterial=Vacuum timeOffset=-4.7e+21
                           timeIncrement=0 fieldMapFile= kill=1
pillbox      cav570        maxGradient=24.01 color=1.0,0.0,0.0 frequency=0.352
                           innerLength=220 innerRadius=326 pipeThick=3
                           wallThick=0.05 irisRadius=125 collarRadialThick=5
                           collarThick=0 win1Thick=0.05 win1OuterRadius=50
                           win2Thick=0.05 winMat=Be phaseAcc=30.26
                           skinDepth=0.002 timingTolerance=0.001 maxStep=100
                           cavityMaterial=Vacuum timeOffset=-4.7e+21
                           timeIncrement=0 fieldMapFile= kill=1
pillbox      cav571        maxGradient=23.16 color=1.0,0.0,0.0 frequency=0.352
                           innerLength=220 innerRadius=326 pipeThick=3
                           wallThick=0.05 irisRadius=125 collarRadialThick=5
                           collarThick=0 win1Thick=0.05 win1OuterRadius=50
                           win2Thick=0.05 winMat=Be phaseAcc=26.54
                           skinDepth=0.002 timingTolerance=0.001 maxStep=100
                           cavityMaterial=Vacuum timeOffset=-4.7e+21
                           timeIncrement=0 fieldMapFile= kill=1
pillbox      cav572        maxGradient=23.26 color=1.0,0.0,0.0 frequency=0.352
                           innerLength=220 innerRadius=326 pipeThick=3
                           wallThick=0.05 irisRadius=125 collarRadialThick=5
                           collarThick=0 win1Thick=0.05 win1OuterRadius=50
                           win2Thick=0.05 winMat=Be phaseAcc=32.32
                           skinDepth=0.002 timingTolerance=0.001 maxStep=100
                           cavityMaterial=Vacuum timeOffset=-4.7e+21
                           timeIncrement=0 fieldMapFile= kill=1
pillbox      cav573        maxGradient=22.78 color=1.0,0.0,0.0 frequency=0.352
                           innerLength=220 innerRadius=326 pipeThick=3
                           wallThick=0.05 irisRadius=125 collarRadialThick=5
                           collarThick=0 win1Thick=0.05 win1OuterRadius=50
                           win2Thick=0.05 winMat=Be phaseAcc=34.11
                           skinDepth=0.002 timingTolerance=0.001 maxStep=100
                           cavityMaterial=Vacuum timeOffset=-4.7e+21
                           timeIncrement=0 fieldMapFile= kill=1
pillbox      cav580        maxGradient=22.46 color=1.0,0.0,0.0 frequency=0.352
                           innerLength=220 innerRadius=326 pipeThick=3
                           wallThick=0.05 irisRadius=125 collarRadialThick=5
                           collarThick=0 win1Thick=0.05 win1OuterRadius=50
                           win2Thick=0.05 winMat=Be phaseAcc=34.55
                           skinDepth=0.002 timingTolerance=0.001 maxStep=100
                           cavityMaterial=Vacuum timeOffset=-4.7e+21
                           timeIncrement=0 fieldMapFile= kill=1
pillbox      cav581        maxGradient=24.84 color=1.0,0.0,0.0 frequency=0.352
                           innerLength=220 innerRadius=326 pipeThick=3
                           wallThick=0.05 irisRadius=125 collarRadialThick=5
                           collarThick=0 win1Thick=0.05 win1OuterRadius=50
                           win2Thick=0.05 winMat=Be phaseAcc=17.38
                           skinDepth=0.002 timingTolerance=0.001 maxStep=100
                           cavityMaterial=Vacuum timeOffset=-4.7e+21
                           timeIncrement=0 fieldMapFile= kill=1
pillbox      cav582        maxGradient=22.19 color=1.0,0.0,0.0 frequency=0.352
                           innerLength=220 innerRadius=326 pipeThick=3
                           wallThick=0.05 irisRadius=125 collarRadialThick=5
                           collarThick=0 win1Thick=0.05 win1OuterRadius=50
                           win2Thick=0.05 winMat=Be phaseAcc=22.55
                           skinDepth=0.002 timingTolerance=0.001 maxStep=100
                           cavityMaterial=Vacuum timeOffset=-4.7e+21
                           timeIncrement=0 fieldMapFile= kill=1
pillbox      cav583        maxGradient=23.01 color=1.0,0.0,0.0 frequency=0.352
                           innerLength=220 innerRadius=326 pipeThick=3
                           wallThick=0.05 irisRadius=125 collarRadialThick=5
                           collarThick=0 win1Thick=0.05 win1OuterRadius=50
                           win2Thick=0.05 winMat=Be phaseAcc=15.37
                           skinDepth=0.002 timingTolerance=0.001 maxStep=100
                           cavityMaterial=Vacuum timeOffset=-4.7e+21
                           timeIncrement=0 fieldMapFile= kill=1
pillbox      cav590        maxGradient=21.78 color=1.0,0.0,0.0 frequency=0.352
                           innerLength=220 innerRadius=326 pipeThick=3
                           wallThick=0.05 irisRadius=125 collarRadialThick=5
                           collarThick=0 win1Thick=0.05 win1OuterRadius=50
                           win2Thick=0.05 winMat=Be phaseAcc=31.66
                           skinDepth=0.002 timingTolerance=0.001 maxStep=100
                           cavityMaterial=Vacuum timeOffset=-4.7e+21
                           timeIncrement=0 fieldMapFile= kill=1
pillbox      cav591        maxGradient=22.57 color=1.0,0.0,0.0 frequency=0.352
                           innerLength=220 innerRadius=326 pipeThick=3
                           wallThick=0.05 irisRadius=125 collarRadialThick=5
                           collarThick=0 win1Thick=0.05 win1OuterRadius=50
                           win2Thick=0.05 winMat=Be phaseAcc=24.9
                           skinDepth=0.002 timingTolerance=0.001 maxStep=100
                           cavityMaterial=Vacuum timeOffset=-4.7e+21
                           timeIncrement=0 fieldMapFile= kill=1
pillbox      cav592        maxGradient=22.86 color=1.0,0.0,0.0 frequency=0.352
                           innerLength=220 innerRadius=326 pipeThick=3
                           wallThick=0.05 irisRadius=125 collarRadialThick=5
                           collarThick=0 win1Thick=0.05 win1OuterRadius=50
                           win2Thick=0.05 winMat=Be phaseAcc=35.2
                           skinDepth=0.002 timingTolerance=0.001 maxStep=100
                           cavityMaterial=Vacuum timeOffset=-4.7e+21
                           timeIncrement=0 fieldMapFile= kill=1
pillbox      cav593        maxGradient=21.77 color=1.0,0.0,0.0 frequency=0.352
                           innerLength=220 innerRadius=326 pipeThick=3
                           wallThick=0.05 irisRadius=125 collarRadialThick=5
                           collarThick=0 win1Thick=0.05 win1OuterRadius=50
                           win2Thick=0.05 winMat=Be phaseAcc=34.6
                           skinDepth=0.002 timingTolerance=0.001 maxStep=100
                           cavityMaterial=Vacuum timeOffset=-4.7e+21
                           timeIncrement=0 fieldMapFile= kill=1
pillbox      cav600        maxGradient=23.35 color=1.0,0.0,0.0 frequency=0.352
                           innerLength=220 innerRadius=326 pipeThick=3
                           wallThick=0.05 irisRadius=125 collarRadialThick=5
                           collarThick=0 win1Thick=0.05 win1OuterRadius=50
                           win2Thick=0.05 winMat=Be phaseAcc=14.72
                           skinDepth=0.002 timingTolerance=0.001 maxStep=100
                           cavityMaterial=Vacuum timeOffset=-4.7e+21
                           timeIncrement=0 fieldMapFile= kill=1
pillbox      cav601        maxGradient=22.66 color=1.0,0.0,0.0 frequency=0.352
                           innerLength=220 innerRadius=326 pipeThick=3
                           wallThick=0.05 irisRadius=125 collarRadialThick=5
                           collarThick=0 win1Thick=0.05 win1OuterRadius=50
                           win2Thick=0.05 winMat=Be phaseAcc=24.93
                           skinDepth=0.002 timingTolerance=0.001 maxStep=100
                           cavityMaterial=Vacuum timeOffset=-4.7e+21
                           timeIncrement=0 fieldMapFile= kill=1
pillbox      cav602        maxGradient=24.79 color=1.0,0.0,0.0 frequency=0.352
                           innerLength=220 innerRadius=326 pipeThick=3
                           wallThick=0.05 irisRadius=125 collarRadialThick=5
                           collarThick=0 win1Thick=0.05 win1OuterRadius=50
                           win2Thick=0.05 winMat=Be phaseAcc=12.38
                           skinDepth=0.002 timingTolerance=0.001 maxStep=100
                           cavityMaterial=Vacuum timeOffset=-4.7e+21
                           timeIncrement=0 fieldMapFile= kill=1
pillbox      cav603        maxGradient=23.28 color=1.0,0.0,0.0 frequency=0.352
                           innerLength=220 innerRadius=326 pipeThick=3
                           wallThick=0.05 irisRadius=125 collarRadialThick=5
                           collarThick=0 win1Thick=0.05 win1OuterRadius=50
                           win2Thick=0.05 winMat=Be phaseAcc=30.29
                           skinDepth=0.002 timingTolerance=0.001 maxStep=100
                           cavityMaterial=Vacuum timeOffset=-4.7e+21
                           timeIncrement=0 fieldMapFile= kill=1
pillbox      cav610        maxGradient=24.38 color=1.0,0.0,0.0 frequency=0.352
                           innerLength=220 innerRadius=326 pipeThick=3
                           wallThick=0.05 irisRadius=125 collarRadialThick=5
                           collarThick=0 win1Thick=0.05 win1OuterRadius=50
                           win2Thick=0.05 winMat=Be phaseAcc=2.672
                           skinDepth=0.002 timingTolerance=0.001 maxStep=100
                           cavityMaterial=Vacuum timeOffset=-4.7e+21
                           timeIncrement=0 fieldMapFile= kill=1
pillbox      cav611        maxGradient=24.08 color=1.0,0.0,0.0 frequency=0.352
                           innerLength=220 innerRadius=326 pipeThick=3
                           wallThick=0.05 irisRadius=125 collarRadialThick=5
                           collarThick=0 win1Thick=0.05 win1OuterRadius=50
                           win2Thick=0.05 winMat=Be phaseAcc=37.45
                           skinDepth=0.002 timingTolerance=0.001 maxStep=100
                           cavityMaterial=Vacuum timeOffset=-4.7e+21
                           timeIncrement=0 fieldMapFile= kill=1
pillbox      cav612        maxGradient=24.21 color=1.0,0.0,0.0 frequency=0.352
                           innerLength=220 innerRadius=326 pipeThick=3
                           wallThick=0.05 irisRadius=125 collarRadialThick=5
                           collarThick=0 win1Thick=0.05 win1OuterRadius=50
                           win2Thick=0.05 winMat=Be phaseAcc=27.38
                           skinDepth=0.002 timingTolerance=0.001 maxStep=100
                           cavityMaterial=Vacuum timeOffset=-4.7e+21
                           timeIncrement=0 fieldMapFile= kill=1
pillbox      cav613        maxGradient=24.91 color=1.0,0.0,0.0 frequency=0.352
                           innerLength=220 innerRadius=326 pipeThick=3
                           wallThick=0.05 irisRadius=125 collarRadialThick=5
                           collarThick=0 win1Thick=0.05 win1OuterRadius=50
                           win2Thick=0.05 winMat=Be phaseAcc=17.18
                           skinDepth=0.002 timingTolerance=0.001 maxStep=100
                           cavityMaterial=Vacuum timeOffset=-4.7e+21
                           timeIncrement=0 fieldMapFile= kill=1
pillbox      cav620        maxGradient=23.82 color=1.0,0.0,0.0 frequency=0.352
                           innerLength=220 innerRadius=326 pipeThick=3
                           wallThick=0.05 irisRadius=125 collarRadialThick=5
                           collarThick=0 win1Thick=0.05 win1OuterRadius=50
                           win2Thick=0.05 winMat=Be phaseAcc=32.75
                           skinDepth=0.002 timingTolerance=0.001 maxStep=100
                           cavityMaterial=Vacuum timeOffset=-4.7e+21
                           timeIncrement=0 fieldMapFile= kill=1
pillbox      cav621        maxGradient=24.86 color=1.0,0.0,0.0 frequency=0.352
                           innerLength=220 innerRadius=326 pipeThick=3
                           wallThick=0.05 irisRadius=125 collarRadialThick=5
                           collarThick=0 win1Thick=0.05 win1OuterRadius=50
                           win2Thick=0.05 winMat=Be phaseAcc=19.34
                           skinDepth=0.002 timingTolerance=0.001 maxStep=100
                           cavityMaterial=Vacuum timeOffset=-4.7e+21
                           timeIncrement=0 fieldMapFile= kill=1
pillbox      cav622        maxGradient=24.57 color=1.0,0.0,0.0 frequency=0.352
                           innerLength=220 innerRadius=326 pipeThick=3
                           wallThick=0.05 irisRadius=125 collarRadialThick=5
                           collarThick=0 win1Thick=0.05 win1OuterRadius=50
                           win2Thick=0.05 winMat=Be phaseAcc=32.98
                           skinDepth=0.002 timingTolerance=0.001 maxStep=100
                           cavityMaterial=Vacuum timeOffset=-4.7e+21
                           timeIncrement=0 fieldMapFile= kill=1
pillbox      cav623        maxGradient=21.59 color=1.0,0.0,0.0 frequency=0.352
                           innerLength=220 innerRadius=326 pipeThick=3
                           wallThick=0.05 irisRadius=125 collarRadialThick=5
                           collarThick=0 win1Thick=0.05 win1OuterRadius=50
                           win2Thick=0.05 winMat=Be phaseAcc=30.77
                           skinDepth=0.002 timingTolerance=0.001 maxStep=100
                           cavityMaterial=Vacuum timeOffset=-4.7e+21
                           timeIncrement=0 fieldMapFile= kill=1
pillbox      cav630        maxGradient=22.69 color=1.0,0.0,0.0 frequency=0.352
                           innerLength=220 innerRadius=326 pipeThick=3
                           wallThick=0.05 irisRadius=125 collarRadialThick=5
                           collarThick=0 win1Thick=0.05 win1OuterRadius=50
                           win2Thick=0.05 winMat=Be phaseAcc=12.05
                           skinDepth=0.002 timingTolerance=0.001 maxStep=100
                           cavityMaterial=Vacuum timeOffset=-4.7e+21
                           timeIncrement=0 fieldMapFile= kill=1
pillbox      cav631        maxGradient=22.99 color=1.0,0.0,0.0 frequency=0.352
                           innerLength=220 innerRadius=326 pipeThick=3
                           wallThick=0.05 irisRadius=125 collarRadialThick=5
                           collarThick=0 win1Thick=0.05 win1OuterRadius=50
                           win2Thick=0.05 winMat=Be phaseAcc=34.64
                           skinDepth=0.002 timingTolerance=0.001 maxStep=100
                           cavityMaterial=Vacuum timeOffset=-4.7e+21
                           timeIncrement=0 fieldMapFile= kill=1
pillbox      cav632        maxGradient=23.85 color=1.0,0.0,0.0 frequency=0.352
                           innerLength=220 innerRadius=326 pipeThick=3
                           wallThick=0.05 irisRadius=125 collarRadialThick=5
                           collarThick=0 win1Thick=0.05 win1OuterRadius=50
                           win2Thick=0.05 winMat=Be phaseAcc=24.66
                           skinDepth=0.002 timingTolerance=0.001 maxStep=100
                           cavityMaterial=Vacuum timeOffset=-4.7e+21
                           timeIncrement=0 fieldMapFile= kill=1
pillbox      cav633        maxGradient=22.32 color=1.0,0.0,0.0 frequency=0.352
                           innerLength=220 innerRadius=326 pipeThick=3
                           wallThick=0.05 irisRadius=125 collarRadialThick=5
                           collarThick=0 win1Thick=0.05 win1OuterRadius=50
                           win2Thick=0.05 winMat=Be phaseAcc=27.71
                           skinDepth=0.002 timingTolerance=0.001 maxStep=100
                           cavityMaterial=Vacuum timeOffset=-4.7e+21
                           timeIncrement=0 fieldMapFile= kill=1
pillbox      cav640        maxGradient=23.23 color=1.0,0.0,0.0 frequency=0.352
                           innerLength=220 innerRadius=326 pipeThick=3
                           wallThick=0.05 irisRadius=125 collarRadialThick=5
                           collarThick=0 win1Thick=0.05 win1OuterRadius=50
                           win2Thick=0.05 winMat=Be phaseAcc=30.89
                           skinDepth=0.002 timingTolerance=0.001 maxStep=100
                           cavityMaterial=Vacuum timeOffset=-4.7e+21
                           timeIncrement=0 fieldMapFile= kill=1
pillbox      cav641        maxGradient=21.77 color=1.0,0.0,0.0 frequency=0.352
                           innerLength=220 innerRadius=326 pipeThick=3
                           wallThick=0.05 irisRadius=125 collarRadialThick=5
                           collarThick=0 win1Thick=0.05 win1OuterRadius=50
                           win2Thick=0.05 winMat=Be phaseAcc=29.9
                           skinDepth=0.002 timingTolerance=0.001 maxStep=100
                           cavityMaterial=Vacuum timeOffset=-4.7e+21
                           timeIncrement=0 fieldMapFile= kill=1
pillbox      cav642        maxGradient=22.82 color=1.0,0.0,0.0 frequency=0.352
                           innerLength=220 innerRadius=326 pipeThick=3
                           wallThick=0.05 irisRadius=125 collarRadialThick=5
                           collarThick=0 win1Thick=0.05 win1OuterRadius=50
                           win2Thick=0.05 winMat=Be phaseAcc=17.44
                           skinDepth=0.002 timingTolerance=0.001 maxStep=100
                           cavityMaterial=Vacuum timeOffset=-4.7e+21
                           timeIncrement=0 fieldMapFile= kill=1
pillbox      cav643        maxGradient=21.7 color=1.0,0.0,0.0 frequency=0.352
                           innerLength=220 innerRadius=326 pipeThick=3
                           wallThick=0.05 irisRadius=125 collarRadialThick=5
                           collarThick=0 win1Thick=0.05 win1OuterRadius=50
                           win2Thick=0.05 winMat=Be phaseAcc=8.628
                           skinDepth=0.002 timingTolerance=0.001 maxStep=100
                           cavityMaterial=Vacuum timeOffset=-4.7e+21
                           timeIncrement=0 fieldMapFile= kill=1
pillbox      cav650        maxGradient=22.72 color=1.0,0.0,0.0 frequency=0.352
                           innerLength=220 innerRadius=326 pipeThick=3
                           wallThick=0.05 irisRadius=125 collarRadialThick=5
                           collarThick=0 win1Thick=0.05 win1OuterRadius=50
                           win2Thick=0.05 winMat=Be phaseAcc=38.77
                           skinDepth=0.002 timingTolerance=0.001 maxStep=100
                           cavityMaterial=Vacuum timeOffset=-4.7e+21
                           timeIncrement=0 fieldMapFile= kill=1
pillbox      cav651        maxGradient=23.84 color=1.0,0.0,0.0 frequency=0.352
                           innerLength=220 innerRadius=326 pipeThick=3
                           wallThick=0.05 irisRadius=125 collarRadialThick=5
                           collarThick=0 win1Thick=0.05 win1OuterRadius=50
                           win2Thick=0.05 winMat=Be phaseAcc=46.5
                           skinDepth=0.002 timingTolerance=0.001 maxStep=100
                           cavityMaterial=Vacuum timeOffset=-4.7e+21
                           timeIncrement=0 fieldMapFile= kill=1
pillbox      cav652        maxGradient=23.86 color=1.0,0.0,0.0 frequency=0.352
                           innerLength=220 innerRadius=326 pipeThick=3
                           wallThick=0.05 irisRadius=125 collarRadialThick=5
                           collarThick=0 win1Thick=0.05 win1OuterRadius=50
                           win2Thick=0.05 winMat=Be phaseAcc=22.58
                           skinDepth=0.002 timingTolerance=0.001 maxStep=100
                           cavityMaterial=Vacuum timeOffset=-4.7e+21
                           timeIncrement=0 fieldMapFile= kill=1
pillbox      cav653        maxGradient=23.6 color=1.0,0.0,0.0 frequency=0.352
                           innerLength=220 innerRadius=326 pipeThick=3
                           wallThick=0.05 irisRadius=125 collarRadialThick=5
                           collarThick=0 win1Thick=0.05 win1OuterRadius=50
                           win2Thick=0.05 winMat=Be phaseAcc=17.09
                           skinDepth=0.002 timingTolerance=0.001 maxStep=100
                           cavityMaterial=Vacuum timeOffset=-4.7e+21
                           timeIncrement=0 fieldMapFile= kill=1
box          wedge_window  height=152.9 width=284.6 length=0.19 maxStep=100
                           material=Be color=1,1,1 kill=0
trap         all_wedge     height=152.9 upperWidth=0.001 lowerWidth=480 Xul=0
                           Xur=0 Xll=0 Xlr=0 length=152.9 maxStep=100
                           material=LH2 color=1,1,1 kill=0
do i=-2,65,1
(do i=-2)
place   sol1    copies=1 x=0.0 y=0.0 z=-2867.9 
place   sol3    copies=1 x=0.0 y=0.0 z=-2696.1 
place   sol4    copies=1 x=0.0 y=0.0 z=-1803.9 
place   sol2    copies=1 x=0.0 y=0.0 z=-1632.1 
(do i=-1)
place   sol1    copies=1 x=0.0 y=0.0 z=-1367.9 
place   sol3    copies=1 x=0.0 y=0.0 z=-1196.1 
place   sol4    copies=1 x=0.0 y=0.0 z=-303.9 
place   sol2    copies=1 x=0.0 y=0.0 z=-132.1 
(do i=0)
place   sol1    copies=1 x=0.0 y=0.0 z=132.1 
place   sol3    copies=1 x=0.0 y=0.0 z=303.9 
place   sol4    copies=1 x=0.0 y=0.0 z=1196.1 
place   sol2    copies=1 x=0.0 y=0.0 z=1367.9 
(do i=1)
place   sol1    copies=1 x=0.0 y=0.0 z=1632.1 
place   sol3    copies=1 x=0.0 y=0.0 z=1803.9 
place   sol4    copies=1 x=0.0 y=0.0 z=2696.1 
place   sol2    copies=1 x=0.0 y=0.0 z=2867.9 
(do i=2)
place   sol1    copies=1 x=0.0 y=0.0 z=3132.1 
place   sol3    copies=1 x=0.0 y=0.0 z=3303.9 
place   sol4    copies=1 x=0.0 y=0.0 z=4196.1 
place   sol2    copies=1 x=0.0 y=0.0 z=4367.9 
(do i=3)
place   sol1    copies=1 x=0.0 y=0.0 z=4632.1 
place   sol3    copies=1 x=0.0 y=0.0 z=4803.9 
place   sol4    copies=1 x=0.0 y=0.0 z=5696.1 
place   sol2    copies=1 x=0.0 y=0.0 z=5867.9 
(do i=4)
place   sol1    copies=1 x=0.0 y=0.0 z=6132.1 
place   sol3    copies=1 x=0.0 y=0.0 z=6303.9 
place   sol4    copies=1 x=0.0 y=0.0 z=7196.1 
place   sol2    copies=1 x=0.0 y=0.0 z=7367.9 
(do i=5)
place   sol1    copies=1 x=0.0 y=0.0 z=7632.1 
place   sol3    copies=1 x=0.0 y=0.0 z=7803.9 
place   sol4    copies=1 x=0.0 y=0.0 z=8696.1 
place   sol2    copies=1 x=0.0 y=0.0 z=8867.9 
(do i=6)
place   sol1    copies=1 x=0.0 y=0.0 z=9132.1 
place   sol3    copies=1 x=0.0 y=0.0 z=9303.9 
place   sol4    copies=1 x=0.0 y=0.0 z=10196.1 
place   sol2    copies=1 x=0.0 y=0.0 z=10367.9 
(do i=7)
place   sol1    copies=1 x=0.0 y=0.0 z=10632.1 
place   sol3    copies=1 x=0.0 y=0.0 z=10803.9 
place   sol4    copies=1 x=0.0 y=0.0 z=11696.1 
place   sol2    copies=1 x=0.0 y=0.0 z=11867.9 
(do i=8)
place   sol1    copies=1 x=0.0 y=0.0 z=12132.1 
place   sol3    copies=1 x=0.0 y=0.0 z=12303.9 
place   sol4    copies=1 x=0.0 y=0.0 z=13196.1 
place   sol2    copies=1 x=0.0 y=0.0 z=13367.9 
(do i=9)
place   sol1    copies=1 x=0.0 y=0.0 z=13632.1 
place   sol3    copies=1 x=0.0 y=0.0 z=13803.9 
place   sol4    copies=1 x=0.0 y=0.0 z=14696.1 
place   sol2    copies=1 x=0.0 y=0.0 z=14867.9 
(do i=10)
place   sol1    copies=1 x=0.0 y=0.0 z=15132.1 
place   sol3    copies=1 x=0.0 y=0.0 z=15303.9 
place   sol4    copies=1 x=0.0 y=0.0 z=16196.1 
place   sol2    copies=1 x=0.0 y=0.0 z=16367.9 
(do i=11)
place   sol1    copies=1 x=0.0 y=0.0 z=16632.1 
place   sol3    copies=1 x=0.0 y=0.0 z=16803.9 
place   sol4    copies=1 x=0.0 y=0.0 z=17696.1 
place   sol2    copies=1 x=0.0 y=0.0 z=17867.9 
(do i=12)
place   sol1    copies=1 x=0.0 y=0.0 z=18132.1 
place   sol3    copies=1 x=0.0 y=0.0 z=18303.9 
place   sol4    copies=1 x=0.0 y=0.0 z=19196.1 
place   sol2    copies=1 x=0.0 y=0.0 z=19367.9 
(do i=13)
place   sol1    copies=1 x=0.0 y=0.0 z=19632.1 
place   sol3    copies=1 x=0.0 y=0.0 z=19803.9 
place   sol4    copies=1 x=0.0 y=0.0 z=20696.1 
place   sol2    copies=1 x=0.0 y=0.0 z=20867.9 
(do i=14)
place   sol1    copies=1 x=0.0 y=0.0 z=21132.1 
place   sol3    copies=1 x=0.0 y=0.0 z=21303.9 
place   sol4    copies=1 x=0.0 y=0.0 z=22196.1 
place   sol2    copies=1 x=0.0 y=0.0 z=22367.9 
(do i=15)
place   sol1    copies=1 x=0.0 y=0.0 z=22632.1 
place   sol3    copies=1 x=0.0 y=0.0 z=22803.9 
place   sol4    copies=1 x=0.0 y=0.0 z=23696.1 
place   sol2    copies=1 x=0.0 y=0.0 z=23867.9 
(do i=16)
place   sol1    copies=1 x=0.0 y=0.0 z=24132.1 
place   sol3    copies=1 x=0.0 y=0.0 z=24303.9 
place   sol4    copies=1 x=0.0 y=0.0 z=25196.1 
place   sol2    copies=1 x=0.0 y=0.0 z=25367.9 
(do i=17)
place   sol1    copies=1 x=0.0 y=0.0 z=25632.1 
place   sol3    copies=1 x=0.0 y=0.0 z=25803.9 
place   sol4    copies=1 x=0.0 y=0.0 z=26696.1 
place   sol2    copies=1 x=0.0 y=0.0 z=26867.9 
(do i=18)
place   sol1    copies=1 x=0.0 y=0.0 z=27132.1 
place   sol3    copies=1 x=0.0 y=0.0 z=27303.9 
place   sol4    copies=1 x=0.0 y=0.0 z=28196.1 
place   sol2    copies=1 x=0.0 y=0.0 z=28367.9 
(do i=19)
place   sol1    copies=1 x=0.0 y=0.0 z=28632.1 
place   sol3    copies=1 x=0.0 y=0.0 z=28803.9 
place   sol4    copies=1 x=0.0 y=0.0 z=29696.1 
place   sol2    copies=1 x=0.0 y=0.0 z=29867.9 
(do i=20)
place   sol1    copies=1 x=0.0 y=0.0 z=30132.1 
place   sol3    copies=1 x=0.0 y=0.0 z=30303.9 
place   sol4    copies=1 x=0.0 y=0.0 z=31196.1 
place   sol2    copies=1 x=0.0 y=0.0 z=31367.9 
(do i=21)
place   sol1    copies=1 x=0.0 y=0.0 z=31632.1 
place   sol3    copies=1 x=0.0 y=0.0 z=31803.9 
place   sol4    copies=1 x=0.0 y=0.0 z=32696.1 
place   sol2    copies=1 x=0.0 y=0.0 z=32867.9 
(do i=22)
place   sol1    copies=1 x=0.0 y=0.0 z=33132.1 
place   sol3    copies=1 x=0.0 y=0.0 z=33303.9 
place   sol4    copies=1 x=0.0 y=0.0 z=34196.1 
place   sol2    copies=1 x=0.0 y=0.0 z=34367.9 
(do i=23)
place   sol1    copies=1 x=0.0 y=0.0 z=34632.1 
place   sol3    copies=1 x=0.0 y=0.0 z=34803.9 
place   sol4    copies=1 x=0.0 y=0.0 z=35696.1 
place   sol2    copies=1 x=0.0 y=0.0 z=35867.9 
(do i=24)
place   sol1    copies=1 x=0.0 y=0.0 z=36132.1 
place   sol3    copies=1 x=0.0 y=0.0 z=36303.9 
place   sol4    copies=1 x=0.0 y=0.0 z=37196.1 
place   sol2    copies=1 x=0.0 y=0.0 z=37367.9 
(do i=25)
place   sol1    copies=1 x=0.0 y=0.0 z=37632.1 
place   sol3    copies=1 x=0.0 y=0.0 z=37803.9 
place   sol4    copies=1 x=0.0 y=0.0 z=38696.1 
place   sol2    copies=1 x=0.0 y=0.0 z=38867.9 
(do i=26)
place   sol1    copies=1 x=0.0 y=0.0 z=39132.1 
place   sol3    copies=1 x=0.0 y=0.0 z=39303.9 
place   sol4    copies=1 x=0.0 y=0.0 z=40196.1 
place   sol2    copies=1 x=0.0 y=0.0 z=40367.9 
(do i=27)
place   sol1    copies=1 x=0.0 y=0.0 z=40632.1 
place   sol3    copies=1 x=0.0 y=0.0 z=40803.9 
place   sol4    copies=1 x=0.0 y=0.0 z=41696.1 
place   sol2    copies=1 x=0.0 y=0.0 z=41867.9 
(do i=28)
place   sol1    copies=1 x=0.0 y=0.0 z=42132.1 
place   sol3    copies=1 x=0.0 y=0.0 z=42303.9 
place   sol4    copies=1 x=0.0 y=0.0 z=43196.1 
place   sol2    copies=1 x=0.0 y=0.0 z=43367.9 
(do i=29)
place   sol1    copies=1 x=0.0 y=0.0 z=43632.1 
place   sol3    copies=1 x=0.0 y=0.0 z=43803.9 
place   sol4    copies=1 x=0.0 y=0.0 z=44696.1 
place   sol2    copies=1 x=0.0 y=0.0 z=44867.9 
(do i=30)
place   sol1    copies=1 x=0.0 y=0.0 z=45132.1 
place   sol3    copies=1 x=0.0 y=0.0 z=45303.9 
place   sol4    copies=1 x=0.0 y=0.0 z=46196.1 
place   sol2    copies=1 x=0.0 y=0.0 z=46367.9 
(do i=31)
place   sol1    copies=1 x=0.0 y=0.0 z=46632.1 
place   sol3    copies=1 x=0.0 y=0.0 z=46803.9 
place   sol4    copies=1 x=0.0 y=0.0 z=47696.1 
place   sol2    copies=1 x=0.0 y=0.0 z=47867.9 
(do i=32)
place   sol1    copies=1 x=0.0 y=0.0 z=48132.1 
place   sol3    copies=1 x=0.0 y=0.0 z=48303.9 
place   sol4    copies=1 x=0.0 y=0.0 z=49196.1 
place   sol2    copies=1 x=0.0 y=0.0 z=49367.9 
(do i=33)
place   sol1    copies=1 x=0.0 y=0.0 z=49632.1 
place   sol3    copies=1 x=0.0 y=0.0 z=49803.9 
place   sol4    copies=1 x=0.0 y=0.0 z=50696.1 
place   sol2    copies=1 x=0.0 y=0.0 z=50867.9 
(do i=34)
place   sol1    copies=1 x=0.0 y=0.0 z=51132.1 
place   sol3    copies=1 x=0.0 y=0.0 z=51303.9 
place   sol4    copies=1 x=0.0 y=0.0 z=52196.1 
place   sol2    copies=1 x=0.0 y=0.0 z=52367.9 
(do i=35)
place   sol1    copies=1 x=0.0 y=0.0 z=52632.1 
place   sol3    copies=1 x=0.0 y=0.0 z=52803.9 
place   sol4    copies=1 x=0.0 y=0.0 z=53696.1 
place   sol2    copies=1 x=0.0 y=0.0 z=53867.9 
(do i=36)
place   sol1    copies=1 x=0.0 y=0.0 z=54132.1 
place   sol3    copies=1 x=0.0 y=0.0 z=54303.9 
place   sol4    copies=1 x=0.0 y=0.0 z=55196.1 
place   sol2    copies=1 x=0.0 y=0.0 z=55367.9 
(do i=37)
place   sol1    copies=1 x=0.0 y=0.0 z=55632.1 
place   sol3    copies=1 x=0.0 y=0.0 z=55803.9 
place   sol4    copies=1 x=0.0 y=0.0 z=56696.1 
place   sol2    copies=1 x=0.0 y=0.0 z=56867.9 
(do i=38)
place   sol1    copies=1 x=0.0 y=0.0 z=57132.1 
place   sol3    copies=1 x=0.0 y=0.0 z=57303.9 
place   sol4    copies=1 x=0.0 y=0.0 z=58196.1 
place   sol2    copies=1 x=0.0 y=0.0 z=58367.9 
(do i=39)
place   sol1    copies=1 x=0.0 y=0.0 z=58632.1 
place   sol3    copies=1 x=0.0 y=0.0 z=58803.9 
place   sol4    copies=1 x=0.0 y=0.0 z=59696.1 
place   sol2    copies=1 x=0.0 y=0.0 z=59867.9 
(do i=40)
place   sol1    copies=1 x=0.0 y=0.0 z=60132.1 
place   sol3    copies=1 x=0.0 y=0.0 z=60303.9 
place   sol4    copies=1 x=0.0 y=0.0 z=61196.1 
place   sol2    copies=1 x=0.0 y=0.0 z=61367.9 
(do i=41)
place   sol1    copies=1 x=0.0 y=0.0 z=61632.1 
place   sol3    copies=1 x=0.0 y=0.0 z=61803.9 
place   sol4    copies=1 x=0.0 y=0.0 z=62696.1 
place   sol2    copies=1 x=0.0 y=0.0 z=62867.9 
(do i=42)
place   sol1    copies=1 x=0.0 y=0.0 z=63132.1 
place   sol3    copies=1 x=0.0 y=0.0 z=63303.9 
place   sol4    copies=1 x=0.0 y=0.0 z=64196.1 
place   sol2    copies=1 x=0.0 y=0.0 z=64367.9 
(do i=43)
place   sol1    copies=1 x=0.0 y=0.0 z=64632.1 
place   sol3    copies=1 x=0.0 y=0.0 z=64803.9 
place   sol4    copies=1 x=0.0 y=0.0 z=65696.1 
place   sol2    copies=1 x=0.0 y=0.0 z=65867.9 
(do i=44)
place   sol1    copies=1 x=0.0 y=0.0 z=66132.1 
place   sol3    copies=1 x=0.0 y=0.0 z=66303.9 
place   sol4    copies=1 x=0.0 y=0.0 z=67196.1 
place   sol2    copies=1 x=0.0 y=0.0 z=67367.9 
(do i=45)
place   sol1    copies=1 x=0.0 y=0.0 z=67632.1 
place   sol3    copies=1 x=0.0 y=0.0 z=67803.9 
place   sol4    copies=1 x=0.0 y=0.0 z=68696.1 
place   sol2    copies=1 x=0.0 y=0.0 z=68867.9 
(do i=46)
place   sol1    copies=1 x=0.0 y=0.0 z=69132.1 
place   sol3    copies=1 x=0.0 y=0.0 z=69303.9 
place   sol4    copies=1 x=0.0 y=0.0 z=70196.1 
place   sol2    copies=1 x=0.0 y=0.0 z=70367.9 
(do i=47)
place   sol1    copies=1 x=0.0 y=0.0 z=70632.1 
place   sol3    copies=1 x=0.0 y=0.0 z=70803.9 
place   sol4    copies=1 x=0.0 y=0.0 z=71696.1 
place   sol2    copies=1 x=0.0 y=0.0 z=71867.9 
(do i=48)
place   sol1    copies=1 x=0.0 y=0.0 z=72132.1 
place   sol3    copies=1 x=0.0 y=0.0 z=72303.9 
place   sol4    copies=1 x=0.0 y=0.0 z=73196.1 
place   sol2    copies=1 x=0.0 y=0.0 z=73367.9 
(do i=49)
place   sol1    copies=1 x=0.0 y=0.0 z=73632.1 
place   sol3    copies=1 x=0.0 y=0.0 z=73803.9 
place   sol4    copies=1 x=0.0 y=0.0 z=74696.1 
place   sol2    copies=1 x=0.0 y=0.0 z=74867.9 
(do i=50)
place   sol1    copies=1 x=0.0 y=0.0 z=75132.1 
place   sol3    copies=1 x=0.0 y=0.0 z=75303.9 
place   sol4    copies=1 x=0.0 y=0.0 z=76196.1 
place   sol2    copies=1 x=0.0 y=0.0 z=76367.9 
(do i=51)
place   sol1    copies=1 x=0.0 y=0.0 z=76632.1 
place   sol3    copies=1 x=0.0 y=0.0 z=76803.9 
place   sol4    copies=1 x=0.0 y=0.0 z=77696.1 
place   sol2    copies=1 x=0.0 y=0.0 z=77867.9 
(do i=52)
place   sol1    copies=1 x=0.0 y=0.0 z=78132.1 
place   sol3    copies=1 x=0.0 y=0.0 z=78303.9 
place   sol4    copies=1 x=0.0 y=0.0 z=79196.1 
place   sol2    copies=1 x=0.0 y=0.0 z=79367.9 
(do i=53)
place   sol1    copies=1 x=0.0 y=0.0 z=79632.1 
place   sol3    copies=1 x=0.0 y=0.0 z=79803.9 
place   sol4    copies=1 x=0.0 y=0.0 z=80696.1 
place   sol2    copies=1 x=0.0 y=0.0 z=80867.9 
(do i=54)
place   sol1    copies=1 x=0.0 y=0.0 z=81132.1 
place   sol3    copies=1 x=0.0 y=0.0 z=81303.9 
place   sol4    copies=1 x=0.0 y=0.0 z=82196.1 
place   sol2    copies=1 x=0.0 y=0.0 z=82367.9 
(do i=55)
place   sol1    copies=1 x=0.0 y=0.0 z=82632.1 
place   sol3    copies=1 x=0.0 y=0.0 z=82803.9 
place   sol4    copies=1 x=0.0 y=0.0 z=83696.1 
place   sol2    copies=1 x=0.0 y=0.0 z=83867.9 
(do i=56)
place   sol1    copies=1 x=0.0 y=0.0 z=84132.1 
place   sol3    copies=1 x=0.0 y=0.0 z=84303.9 
place   sol4    copies=1 x=0.0 y=0.0 z=85196.1 
place   sol2    copies=1 x=0.0 y=0.0 z=85367.9 
(do i=57)
place   sol1    copies=1 x=0.0 y=0.0 z=85632.1 
place   sol3    copies=1 x=0.0 y=0.0 z=85803.9 
place   sol4    copies=1 x=0.0 y=0.0 z=86696.1 
place   sol2    copies=1 x=0.0 y=0.0 z=86867.9 
(do i=58)
place   sol1    copies=1 x=0.0 y=0.0 z=87132.1 
place   sol3    copies=1 x=0.0 y=0.0 z=87303.9 
place   sol4    copies=1 x=0.0 y=0.0 z=88196.1 
place   sol2    copies=1 x=0.0 y=0.0 z=88367.9 
(do i=59)
place   sol1    copies=1 x=0.0 y=0.0 z=88632.1 
place   sol3    copies=1 x=0.0 y=0.0 z=88803.9 
place   sol4    copies=1 x=0.0 y=0.0 z=89696.1 
place   sol2    copies=1 x=0.0 y=0.0 z=89867.9 
(do i=60)
place   sol1    copies=1 x=0.0 y=0.0 z=90132.1 
place   sol3    copies=1 x=0.0 y=0.0 z=90303.9 
place   sol4    copies=1 x=0.0 y=0.0 z=91196.1 
place   sol2    copies=1 x=0.0 y=0.0 z=91367.9 
(do i=61)
place   sol1    copies=1 x=0.0 y=0.0 z=91632.1 
place   sol3    copies=1 x=0.0 y=0.0 z=91803.9 
place   sol4    copies=1 x=0.0 y=0.0 z=92696.1 
place   sol2    copies=1 x=0.0 y=0.0 z=92867.9 
(do i=62)
place   sol1    copies=1 x=0.0 y=0.0 z=93132.1 
place   sol3    copies=1 x=0.0 y=0.0 z=93303.9 
place   sol4    copies=1 x=0.0 y=0.0 z=94196.1 
place   sol2    copies=1 x=0.0 y=0.0 z=94367.9 
(do i=63)
place   sol1    copies=1 x=0.0 y=0.0 z=94632.1 
place   sol3    copies=1 x=0.0 y=0.0 z=94803.9 
place   sol4    copies=1 x=0.0 y=0.0 z=95696.1 
place   sol2    copies=1 x=0.0 y=0.0 z=95867.9 
(do i=64)
place   sol1    copies=1 x=0.0 y=0.0 z=96132.1 
place   sol3    copies=1 x=0.0 y=0.0 z=96303.9 
place   sol4    copies=1 x=0.0 y=0.0 z=97196.1 
place   sol2    copies=1 x=0.0 y=0.0 z=97367.9 
(do i=65)
place   sol1    copies=1 x=0.0 y=0.0 z=97632.1 
place   sol3    copies=1 x=0.0 y=0.0 z=97803.9 
place   sol4    copies=1 x=0.0 y=0.0 z=98696.1 
place   sol2    copies=1 x=0.0 y=0.0 z=98867.9 
enddo
do i=-2,65,1
(do i=-2)
place   solbend copies=1 x=0.0 y=0.0 z=-2850.0 rename='solbend_a_-2'
place   solbend copies=1 x=0.0 y=0.0 z=-1650.0 rename='solbend_b_-2'
(do i=-1)
place   solbend copies=1 x=0.0 y=0.0 z=-1350.0 rename='solbend_a_-1'
place   solbend copies=1 x=0.0 y=0.0 z=-150.0 rename='solbend_b_-1'
(do i=0)
place   solbend copies=1 x=0.0 y=0.0 z=150.0 rename='solbend_a_0'
place   solbend copies=1 x=0.0 y=0.0 z=1350.0 rename='solbend_b_0'
(do i=1)
place   solbend copies=1 x=0.0 y=0.0 z=1650.0 rename='solbend_a_1'
place   solbend copies=1 x=0.0 y=0.0 z=2850.0 rename='solbend_b_1'
(do i=2)
place   solbend copies=1 x=0.0 y=0.0 z=3150.0 rename='solbend_a_2'
place   solbend copies=1 x=0.0 y=0.0 z=4350.0 rename='solbend_b_2'
(do i=3)
place   solbend copies=1 x=0.0 y=0.0 z=4650.0 rename='solbend_a_3'
place   solbend copies=1 x=0.0 y=0.0 z=5850.0 rename='solbend_b_3'
(do i=4)
place   solbend copies=1 x=0.0 y=0.0 z=6150.0 rename='solbend_a_4'
place   solbend copies=1 x=0.0 y=0.0 z=7350.0 rename='solbend_b_4'
(do i=5)
place   solbend copies=1 x=0.0 y=0.0 z=7650.0 rename='solbend_a_5'
place   solbend copies=1 x=0.0 y=0.0 z=8850.0 rename='solbend_b_5'
(do i=6)
place   solbend copies=1 x=0.0 y=0.0 z=9150.0 rename='solbend_a_6'
place   solbend copies=1 x=0.0 y=0.0 z=10350.0 rename='solbend_b_6'
(do i=7)
place   solbend copies=1 x=0.0 y=0.0 z=10650.0 rename='solbend_a_7'
place   solbend copies=1 x=0.0 y=0.0 z=11850.0 rename='solbend_b_7'
(do i=8)
place   solbend copies=1 x=0.0 y=0.0 z=12150.0 rename='solbend_a_8'
place   solbend copies=1 x=0.0 y=0.0 z=13350.0 rename='solbend_b_8'
(do i=9)
place   solbend copies=1 x=0.0 y=0.0 z=13650.0 rename='solbend_a_9'
place   solbend copies=1 x=0.0 y=0.0 z=14850.0 rename='solbend_b_9'
(do i=10)
place   solbend copies=1 x=0.0 y=0.0 z=15150.0 rename='solbend_a_10'
place   solbend copies=1 x=0.0 y=0.0 z=16350.0 rename='solbend_b_10'
(do i=11)
place   solbend copies=1 x=0.0 y=0.0 z=16650.0 rename='solbend_a_11'
place   solbend copies=1 x=0.0 y=0.0 z=17850.0 rename='solbend_b_11'
(do i=12)
place   solbend copies=1 x=0.0 y=0.0 z=18150.0 rename='solbend_a_12'
place   solbend copies=1 x=0.0 y=0.0 z=19350.0 rename='solbend_b_12'
(do i=13)
place   solbend copies=1 x=0.0 y=0.0 z=19650.0 rename='solbend_a_13'
place   solbend copies=1 x=0.0 y=0.0 z=20850.0 rename='solbend_b_13'
(do i=14)
place   solbend copies=1 x=0.0 y=0.0 z=21150.0 rename='solbend_a_14'
place   solbend copies=1 x=0.0 y=0.0 z=22350.0 rename='solbend_b_14'
(do i=15)
place   solbend copies=1 x=0.0 y=0.0 z=22650.0 rename='solbend_a_15'
place   solbend copies=1 x=0.0 y=0.0 z=23850.0 rename='solbend_b_15'
(do i=16)
place   solbend copies=1 x=0.0 y=0.0 z=24150.0 rename='solbend_a_16'
place   solbend copies=1 x=0.0 y=0.0 z=25350.0 rename='solbend_b_16'
(do i=17)
place   solbend copies=1 x=0.0 y=0.0 z=25650.0 rename='solbend_a_17'
place   solbend copies=1 x=0.0 y=0.0 z=26850.0 rename='solbend_b_17'
(do i=18)
place   solbend copies=1 x=0.0 y=0.0 z=27150.0 rename='solbend_a_18'
place   solbend copies=1 x=0.0 y=0.0 z=28350.0 rename='solbend_b_18'
(do i=19)
place   solbend copies=1 x=0.0 y=0.0 z=28650.0 rename='solbend_a_19'
place   solbend copies=1 x=0.0 y=0.0 z=29850.0 rename='solbend_b_19'
(do i=20)
place   solbend copies=1 x=0.0 y=0.0 z=30150.0 rename='solbend_a_20'
place   solbend copies=1 x=0.0 y=0.0 z=31350.0 rename='solbend_b_20'
(do i=21)
place   solbend copies=1 x=0.0 y=0.0 z=31650.0 rename='solbend_a_21'
place   solbend copies=1 x=0.0 y=0.0 z=32850.0 rename='solbend_b_21'
(do i=22)
place   solbend copies=1 x=0.0 y=0.0 z=33150.0 rename='solbend_a_22'
place   solbend copies=1 x=0.0 y=0.0 z=34350.0 rename='solbend_b_22'
(do i=23)
place   solbend copies=1 x=0.0 y=0.0 z=34650.0 rename='solbend_a_23'
place   solbend copies=1 x=0.0 y=0.0 z=35850.0 rename='solbend_b_23'
(do i=24)
place   solbend copies=1 x=0.0 y=0.0 z=36150.0 rename='solbend_a_24'
place   solbend copies=1 x=0.0 y=0.0 z=37350.0 rename='solbend_b_24'
(do i=25)
place   solbend copies=1 x=0.0 y=0.0 z=37650.0 rename='solbend_a_25'
place   solbend copies=1 x=0.0 y=0.0 z=38850.0 rename='solbend_b_25'
(do i=26)
place   solbend copies=1 x=0.0 y=0.0 z=39150.0 rename='solbend_a_26'
place   solbend copies=1 x=0.0 y=0.0 z=40350.0 rename='solbend_b_26'
(do i=27)
place   solbend copies=1 x=0.0 y=0.0 z=40650.0 rename='solbend_a_27'
place   solbend copies=1 x=0.0 y=0.0 z=41850.0 rename='solbend_b_27'
(do i=28)
place   solbend copies=1 x=0.0 y=0.0 z=42150.0 rename='solbend_a_28'
place   solbend copies=1 x=0.0 y=0.0 z=43350.0 rename='solbend_b_28'
(do i=29)
place   solbend copies=1 x=0.0 y=0.0 z=43650.0 rename='solbend_a_29'
place   solbend copies=1 x=0.0 y=0.0 z=44850.0 rename='solbend_b_29'
(do i=30)
place   solbend copies=1 x=0.0 y=0.0 z=45150.0 rename='solbend_a_30'
place   solbend copies=1 x=0.0 y=0.0 z=46350.0 rename='solbend_b_30'
(do i=31)
place   solbend copies=1 x=0.0 y=0.0 z=46650.0 rename='solbend_a_31'
place   solbend copies=1 x=0.0 y=0.0 z=47850.0 rename='solbend_b_31'
(do i=32)
place   solbend copies=1 x=0.0 y=0.0 z=48150.0 rename='solbend_a_32'
place   solbend copies=1 x=0.0 y=0.0 z=49350.0 rename='solbend_b_32'
(do i=33)
place   solbend copies=1 x=0.0 y=0.0 z=49650.0 rename='solbend_a_33'
place   solbend copies=1 x=0.0 y=0.0 z=50850.0 rename='solbend_b_33'
(do i=34)
place   solbend copies=1 x=0.0 y=0.0 z=51150.0 rename='solbend_a_34'
place   solbend copies=1 x=0.0 y=0.0 z=52350.0 rename='solbend_b_34'
(do i=35)
place   solbend copies=1 x=0.0 y=0.0 z=52650.0 rename='solbend_a_35'
place   solbend copies=1 x=0.0 y=0.0 z=53850.0 rename='solbend_b_35'
(do i=36)
place   solbend copies=1 x=0.0 y=0.0 z=54150.0 rename='solbend_a_36'
place   solbend copies=1 x=0.0 y=0.0 z=55350.0 rename='solbend_b_36'
(do i=37)
place   solbend copies=1 x=0.0 y=0.0 z=55650.0 rename='solbend_a_37'
place   solbend copies=1 x=0.0 y=0.0 z=56850.0 rename='solbend_b_37'
(do i=38)
place   solbend copies=1 x=0.0 y=0.0 z=57150.0 rename='solbend_a_38'
place   solbend copies=1 x=0.0 y=0.0 z=58350.0 rename='solbend_b_38'
(do i=39)
place   solbend copies=1 x=0.0 y=0.0 z=58650.0 rename='solbend_a_39'
place   solbend copies=1 x=0.0 y=0.0 z=59850.0 rename='solbend_b_39'
(do i=40)
place   solbend copies=1 x=0.0 y=0.0 z=60150.0 rename='solbend_a_40'
place   solbend copies=1 x=0.0 y=0.0 z=61350.0 rename='solbend_b_40'
(do i=41)
place   solbend copies=1 x=0.0 y=0.0 z=61650.0 rename='solbend_a_41'
place   solbend copies=1 x=0.0 y=0.0 z=62850.0 rename='solbend_b_41'
(do i=42)
place   solbend copies=1 x=0.0 y=0.0 z=63150.0 rename='solbend_a_42'
place   solbend copies=1 x=0.0 y=0.0 z=64350.0 rename='solbend_b_42'
(do i=43)
place   solbend copies=1 x=0.0 y=0.0 z=64650.0 rename='solbend_a_43'
place   solbend copies=1 x=0.0 y=0.0 z=65850.0 rename='solbend_b_43'
(do i=44)
place   solbend copies=1 x=0.0 y=0.0 z=66150.0 rename='solbend_a_44'
place   solbend copies=1 x=0.0 y=0.0 z=67350.0 rename='solbend_b_44'
(do i=45)
place   solbend copies=1 x=0.0 y=0.0 z=67650.0 rename='solbend_a_45'
place   solbend copies=1 x=0.0 y=0.0 z=68850.0 rename='solbend_b_45'
(do i=46)
place   solbend copies=1 x=0.0 y=0.0 z=69150.0 rename='solbend_a_46'
place   solbend copies=1 x=0.0 y=0.0 z=70350.0 rename='solbend_b_46'
(do i=47)
place   solbend copies=1 x=0.0 y=0.0 z=70650.0 rename='solbend_a_47'
place   solbend copies=1 x=0.0 y=0.0 z=71850.0 rename='solbend_b_47'
(do i=48)
place   solbend copies=1 x=0.0 y=0.0 z=72150.0 rename='solbend_a_48'
place   solbend copies=1 x=0.0 y=0.0 z=73350.0 rename='solbend_b_48'
(do i=49)
place   solbend copies=1 x=0.0 y=0.0 z=73650.0 rename='solbend_a_49'
place   solbend copies=1 x=0.0 y=0.0 z=74850.0 rename='solbend_b_49'
(do i=50)
place   solbend copies=1 x=0.0 y=0.0 z=75150.0 rename='solbend_a_50'
place   solbend copies=1 x=0.0 y=0.0 z=76350.0 rename='solbend_b_50'
(do i=51)
place   solbend copies=1 x=0.0 y=0.0 z=76650.0 rename='solbend_a_51'
place   solbend copies=1 x=0.0 y=0.0 z=77850.0 rename='solbend_b_51'
(do i=52)
place   solbend copies=1 x=0.0 y=0.0 z=78150.0 rename='solbend_a_52'
place   solbend copies=1 x=0.0 y=0.0 z=79350.0 rename='solbend_b_52'
(do i=53)
place   solbend copies=1 x=0.0 y=0.0 z=79650.0 rename='solbend_a_53'
place   solbend copies=1 x=0.0 y=0.0 z=80850.0 rename='solbend_b_53'
(do i=54)
place   solbend copies=1 x=0.0 y=0.0 z=81150.0 rename='solbend_a_54'
place   solbend copies=1 x=0.0 y=0.0 z=82350.0 rename='solbend_b_54'
(do i=55)
place   solbend copies=1 x=0.0 y=0.0 z=82650.0 rename='solbend_a_55'
place   solbend copies=1 x=0.0 y=0.0 z=83850.0 rename='solbend_b_55'
(do i=56)
place   solbend copies=1 x=0.0 y=0.0 z=84150.0 rename='solbend_a_56'
place   solbend copies=1 x=0.0 y=0.0 z=85350.0 rename='solbend_b_56'
(do i=57)
place   solbend copies=1 x=0.0 y=0.0 z=85650.0 rename='solbend_a_57'
place   solbend copies=1 x=0.0 y=0.0 z=86850.0 rename='solbend_b_57'
(do i=58)
place   solbend copies=1 x=0.0 y=0.0 z=87150.0 rename='solbend_a_58'
place   solbend copies=1 x=0.0 y=0.0 z=88350.0 rename='solbend_b_58'
(do i=59)
place   solbend copies=1 x=0.0 y=0.0 z=88650.0 rename='solbend_a_59'
place   solbend copies=1 x=0.0 y=0.0 z=89850.0 rename='solbend_b_59'
(do i=60)
place   solbend copies=1 x=0.0 y=0.0 z=90150.0 rename='solbend_a_60'
place   solbend copies=1 x=0.0 y=0.0 z=91350.0 rename='solbend_b_60'
(do i=61)
place   solbend copies=1 x=0.0 y=0.0 z=91650.0 rename='solbend_a_61'
place   solbend copies=1 x=0.0 y=0.0 z=92850.0 rename='solbend_b_61'
(do i=62)
place   solbend copies=1 x=0.0 y=0.0 z=93150.0 rename='solbend_a_62'
place   solbend copies=1 x=0.0 y=0.0 z=94350.0 rename='solbend_b_62'
(do i=63)
place   solbend copies=1 x=0.0 y=0.0 z=94650.0 rename='solbend_a_63'
place   solbend copies=1 x=0.0 y=0.0 z=95850.0 rename='solbend_b_63'
(do i=64)
place   solbend copies=1 x=0.0 y=0.0 z=96150.0 rename='solbend_a_64'
place   solbend copies=1 x=0.0 y=0.0 z=97350.0 rename='solbend_b_64'
(do i=65)
place   solbend copies=1 x=0.0 y=0.0 z=97650.0 rename='solbend_a_65'
place   solbend copies=1 x=0.0 y=0.0 z=98850.0 rename='solbend_b_65'
enddo
do i=-2,65,1
(do i=-2)
place   fringe_left copies=1 x=0.0 y=0.0 z=-3150.0 
place   fringe_right copies=1 x=0.0 y=0.0 z=-2550.0 
place   fringe_left copies=1 x=0.0 y=0.0 z=-1950.0 
place   fringe_right copies=1 x=0.0 y=0.0 z=-1350.0 
(do i=-1)
place   fringe_left copies=1 x=0.0 y=0.0 z=-1650.0 
place   fringe_right copies=1 x=0.0 y=0.0 z=-1050.0 
place   fringe_left copies=1 x=0.0 y=0.0 z=-450.0 
place   fringe_right copies=1 x=0.0 y=0.0 z=150.0 
(do i=0)
place   fringe_left copies=1 x=0.0 y=0.0 z=-150.0 
place   fringe_right copies=1 x=0.0 y=0.0 z=450.0 
place   fringe_left copies=1 x=0.0 y=0.0 z=1050.0 
place   fringe_right copies=1 x=0.0 y=0.0 z=1650.0 
(do i=1)
place   fringe_left copies=1 x=0.0 y=0.0 z=1350.0 
place   fringe_right copies=1 x=0.0 y=0.0 z=1950.0 
place   fringe_left copies=1 x=0.0 y=0.0 z=2550.0 
place   fringe_right copies=1 x=0.0 y=0.0 z=3150.0 
(do i=2)
place   fringe_left copies=1 x=0.0 y=0.0 z=2850.0 
place   fringe_right copies=1 x=0.0 y=0.0 z=3450.0 
place   fringe_left copies=1 x=0.0 y=0.0 z=4050.0 
place   fringe_right copies=1 x=0.0 y=0.0 z=4650.0 
(do i=3)
place   fringe_left copies=1 x=0.0 y=0.0 z=4350.0 
place   fringe_right copies=1 x=0.0 y=0.0 z=4950.0 
place   fringe_left copies=1 x=0.0 y=0.0 z=5550.0 
place   fringe_right copies=1 x=0.0 y=0.0 z=6150.0 
(do i=4)
place   fringe_left copies=1 x=0.0 y=0.0 z=5850.0 
place   fringe_right copies=1 x=0.0 y=0.0 z=6450.0 
place   fringe_left copies=1 x=0.0 y=0.0 z=7050.0 
place   fringe_right copies=1 x=0.0 y=0.0 z=7650.0 
(do i=5)
place   fringe_left copies=1 x=0.0 y=0.0 z=7350.0 
place   fringe_right copies=1 x=0.0 y=0.0 z=7950.0 
place   fringe_left copies=1 x=0.0 y=0.0 z=8550.0 
place   fringe_right copies=1 x=0.0 y=0.0 z=9150.0 
(do i=6)
place   fringe_left copies=1 x=0.0 y=0.0 z=8850.0 
place   fringe_right copies=1 x=0.0 y=0.0 z=9450.0 
place   fringe_left copies=1 x=0.0 y=0.0 z=10050.0 
place   fringe_right copies=1 x=0.0 y=0.0 z=10650.0 
(do i=7)
place   fringe_left copies=1 x=0.0 y=0.0 z=10350.0 
place   fringe_right copies=1 x=0.0 y=0.0 z=10950.0 
place   fringe_left copies=1 x=0.0 y=0.0 z=11550.0 
place   fringe_right copies=1 x=0.0 y=0.0 z=12150.0 
(do i=8)
place   fringe_left copies=1 x=0.0 y=0.0 z=11850.0 
place   fringe_right copies=1 x=0.0 y=0.0 z=12450.0 
place   fringe_left copies=1 x=0.0 y=0.0 z=13050.0 
place   fringe_right copies=1 x=0.0 y=0.0 z=13650.0 
(do i=9)
place   fringe_left copies=1 x=0.0 y=0.0 z=13350.0 
place   fringe_right copies=1 x=0.0 y=0.0 z=13950.0 
place   fringe_left copies=1 x=0.0 y=0.0 z=14550.0 
place   fringe_right copies=1 x=0.0 y=0.0 z=15150.0 
(do i=10)
place   fringe_left copies=1 x=0.0 y=0.0 z=14850.0 
place   fringe_right copies=1 x=0.0 y=0.0 z=15450.0 
place   fringe_left copies=1 x=0.0 y=0.0 z=16050.0 
place   fringe_right copies=1 x=0.0 y=0.0 z=16650.0 
(do i=11)
place   fringe_left copies=1 x=0.0 y=0.0 z=16350.0 
place   fringe_right copies=1 x=0.0 y=0.0 z=16950.0 
place   fringe_left copies=1 x=0.0 y=0.0 z=17550.0 
place   fringe_right copies=1 x=0.0 y=0.0 z=18150.0 
(do i=12)
place   fringe_left copies=1 x=0.0 y=0.0 z=17850.0 
place   fringe_right copies=1 x=0.0 y=0.0 z=18450.0 
place   fringe_left copies=1 x=0.0 y=0.0 z=19050.0 
place   fringe_right copies=1 x=0.0 y=0.0 z=19650.0 
(do i=13)
place   fringe_left copies=1 x=0.0 y=0.0 z=19350.0 
place   fringe_right copies=1 x=0.0 y=0.0 z=19950.0 
place   fringe_left copies=1 x=0.0 y=0.0 z=20550.0 
place   fringe_right copies=1 x=0.0 y=0.0 z=21150.0 
(do i=14)
place   fringe_left copies=1 x=0.0 y=0.0 z=20850.0 
place   fringe_right copies=1 x=0.0 y=0.0 z=21450.0 
place   fringe_left copies=1 x=0.0 y=0.0 z=22050.0 
place   fringe_right copies=1 x=0.0 y=0.0 z=22650.0 
(do i=15)
place   fringe_left copies=1 x=0.0 y=0.0 z=22350.0 
place   fringe_right copies=1 x=0.0 y=0.0 z=22950.0 
place   fringe_left copies=1 x=0.0 y=0.0 z=23550.0 
place   fringe_right copies=1 x=0.0 y=0.0 z=24150.0 
(do i=16)
place   fringe_left copies=1 x=0.0 y=0.0 z=23850.0 
place   fringe_right copies=1 x=0.0 y=0.0 z=24450.0 
place   fringe_left copies=1 x=0.0 y=0.0 z=25050.0 
place   fringe_right copies=1 x=0.0 y=0.0 z=25650.0 
(do i=17)
place   fringe_left copies=1 x=0.0 y=0.0 z=25350.0 
place   fringe_right copies=1 x=0.0 y=0.0 z=25950.0 
place   fringe_left copies=1 x=0.0 y=0.0 z=26550.0 
place   fringe_right copies=1 x=0.0 y=0.0 z=27150.0 
(do i=18)
place   fringe_left copies=1 x=0.0 y=0.0 z=26850.0 
place   fringe_right copies=1 x=0.0 y=0.0 z=27450.0 
place   fringe_left copies=1 x=0.0 y=0.0 z=28050.0 
place   fringe_right copies=1 x=0.0 y=0.0 z=28650.0 
(do i=19)
place   fringe_left copies=1 x=0.0 y=0.0 z=28350.0 
place   fringe_right copies=1 x=0.0 y=0.0 z=28950.0 
place   fringe_left copies=1 x=0.0 y=0.0 z=29550.0 
place   fringe_right copies=1 x=0.0 y=0.0 z=30150.0 
(do i=20)
place   fringe_left copies=1 x=0.0 y=0.0 z=29850.0 
place   fringe_right copies=1 x=0.0 y=0.0 z=30450.0 
place   fringe_left copies=1 x=0.0 y=0.0 z=31050.0 
place   fringe_right copies=1 x=0.0 y=0.0 z=31650.0 
(do i=21)
place   fringe_left copies=1 x=0.0 y=0.0 z=31350.0 
place   fringe_right copies=1 x=0.0 y=0.0 z=31950.0 
place   fringe_left copies=1 x=0.0 y=0.0 z=32550.0 
place   fringe_right copies=1 x=0.0 y=0.0 z=33150.0 
(do i=22)
place   fringe_left copies=1 x=0.0 y=0.0 z=32850.0 
place   fringe_right copies=1 x=0.0 y=0.0 z=33450.0 
place   fringe_left copies=1 x=0.0 y=0.0 z=34050.0 
place   fringe_right copies=1 x=0.0 y=0.0 z=34650.0 
(do i=23)
place   fringe_left copies=1 x=0.0 y=0.0 z=34350.0 
place   fringe_right copies=1 x=0.0 y=0.0 z=34950.0 
place   fringe_left copies=1 x=0.0 y=0.0 z=35550.0 
place   fringe_right copies=1 x=0.0 y=0.0 z=36150.0 
(do i=24)
place   fringe_left copies=1 x=0.0 y=0.0 z=35850.0 
place   fringe_right copies=1 x=0.0 y=0.0 z=36450.0 
place   fringe_left copies=1 x=0.0 y=0.0 z=37050.0 
place   fringe_right copies=1 x=0.0 y=0.0 z=37650.0 
(do i=25)
place   fringe_left copies=1 x=0.0 y=0.0 z=37350.0 
place   fringe_right copies=1 x=0.0 y=0.0 z=37950.0 
place   fringe_left copies=1 x=0.0 y=0.0 z=38550.0 
place   fringe_right copies=1 x=0.0 y=0.0 z=39150.0 
(do i=26)
place   fringe_left copies=1 x=0.0 y=0.0 z=38850.0 
place   fringe_right copies=1 x=0.0 y=0.0 z=39450.0 
place   fringe_left copies=1 x=0.0 y=0.0 z=40050.0 
place   fringe_right copies=1 x=0.0 y=0.0 z=40650.0 
(do i=27)
place   fringe_left copies=1 x=0.0 y=0.0 z=40350.0 
place   fringe_right copies=1 x=0.0 y=0.0 z=40950.0 
place   fringe_left copies=1 x=0.0 y=0.0 z=41550.0 
place   fringe_right copies=1 x=0.0 y=0.0 z=42150.0 
(do i=28)
place   fringe_left copies=1 x=0.0 y=0.0 z=41850.0 
place   fringe_right copies=1 x=0.0 y=0.0 z=42450.0 
place   fringe_left copies=1 x=0.0 y=0.0 z=43050.0 
place   fringe_right copies=1 x=0.0 y=0.0 z=43650.0 
(do i=29)
place   fringe_left copies=1 x=0.0 y=0.0 z=43350.0 
place   fringe_right copies=1 x=0.0 y=0.0 z=43950.0 
place   fringe_left copies=1 x=0.0 y=0.0 z=44550.0 
place   fringe_right copies=1 x=0.0 y=0.0 z=45150.0 
(do i=30)
place   fringe_left copies=1 x=0.0 y=0.0 z=44850.0 
place   fringe_right copies=1 x=0.0 y=0.0 z=45450.0 
place   fringe_left copies=1 x=0.0 y=0.0 z=46050.0 
place   fringe_right copies=1 x=0.0 y=0.0 z=46650.0 
(do i=31)
place   fringe_left copies=1 x=0.0 y=0.0 z=46350.0 
place   fringe_right copies=1 x=0.0 y=0.0 z=46950.0 
place   fringe_left copies=1 x=0.0 y=0.0 z=47550.0 
place   fringe_right copies=1 x=0.0 y=0.0 z=48150.0 
(do i=32)
place   fringe_left copies=1 x=0.0 y=0.0 z=47850.0 
place   fringe_right copies=1 x=0.0 y=0.0 z=48450.0 
place   fringe_left copies=1 x=0.0 y=0.0 z=49050.0 
place   fringe_right copies=1 x=0.0 y=0.0 z=49650.0 
(do i=33)
place   fringe_left copies=1 x=0.0 y=0.0 z=49350.0 
place   fringe_right copies=1 x=0.0 y=0.0 z=49950.0 
place   fringe_left copies=1 x=0.0 y=0.0 z=50550.0 
place   fringe_right copies=1 x=0.0 y=0.0 z=51150.0 
(do i=34)
place   fringe_left copies=1 x=0.0 y=0.0 z=50850.0 
place   fringe_right copies=1 x=0.0 y=0.0 z=51450.0 
place   fringe_left copies=1 x=0.0 y=0.0 z=52050.0 
place   fringe_right copies=1 x=0.0 y=0.0 z=52650.0 
(do i=35)
place   fringe_left copies=1 x=0.0 y=0.0 z=52350.0 
place   fringe_right copies=1 x=0.0 y=0.0 z=52950.0 
place   fringe_left copies=1 x=0.0 y=0.0 z=53550.0 
place   fringe_right copies=1 x=0.0 y=0.0 z=54150.0 
(do i=36)
place   fringe_left copies=1 x=0.0 y=0.0 z=53850.0 
place   fringe_right copies=1 x=0.0 y=0.0 z=54450.0 
place   fringe_left copies=1 x=0.0 y=0.0 z=55050.0 
place   fringe_right copies=1 x=0.0 y=0.0 z=55650.0 
(do i=37)
place   fringe_left copies=1 x=0.0 y=0.0 z=55350.0 
place   fringe_right copies=1 x=0.0 y=0.0 z=55950.0 
place   fringe_left copies=1 x=0.0 y=0.0 z=56550.0 
place   fringe_right copies=1 x=0.0 y=0.0 z=57150.0 
(do i=38)
place   fringe_left copies=1 x=0.0 y=0.0 z=56850.0 
place   fringe_right copies=1 x=0.0 y=0.0 z=57450.0 
place   fringe_left copies=1 x=0.0 y=0.0 z=58050.0 
place   fringe_right copies=1 x=0.0 y=0.0 z=58650.0 
(do i=39)
place   fringe_left copies=1 x=0.0 y=0.0 z=58350.0 
place   fringe_right copies=1 x=0.0 y=0.0 z=58950.0 
place   fringe_left copies=1 x=0.0 y=0.0 z=59550.0 
place   fringe_right copies=1 x=0.0 y=0.0 z=60150.0 
(do i=40)
place   fringe_left copies=1 x=0.0 y=0.0 z=59850.0 
place   fringe_right copies=1 x=0.0 y=0.0 z=60450.0 
place   fringe_left copies=1 x=0.0 y=0.0 z=61050.0 
place   fringe_right copies=1 x=0.0 y=0.0 z=61650.0 
(do i=41)
place   fringe_left copies=1 x=0.0 y=0.0 z=61350.0 
place   fringe_right copies=1 x=0.0 y=0.0 z=61950.0 
place   fringe_left copies=1 x=0.0 y=0.0 z=62550.0 
place   fringe_right copies=1 x=0.0 y=0.0 z=63150.0 
(do i=42)
place   fringe_left copies=1 x=0.0 y=0.0 z=62850.0 
place   fringe_right copies=1 x=0.0 y=0.0 z=63450.0 
place   fringe_left copies=1 x=0.0 y=0.0 z=64050.0 
place   fringe_right copies=1 x=0.0 y=0.0 z=64650.0 
(do i=43)
place   fringe_left copies=1 x=0.0 y=0.0 z=64350.0 
place   fringe_right copies=1 x=0.0 y=0.0 z=64950.0 
place   fringe_left copies=1 x=0.0 y=0.0 z=65550.0 
place   fringe_right copies=1 x=0.0 y=0.0 z=66150.0 
(do i=44)
place   fringe_left copies=1 x=0.0 y=0.0 z=65850.0 
place   fringe_right copies=1 x=0.0 y=0.0 z=66450.0 
place   fringe_left copies=1 x=0.0 y=0.0 z=67050.0 
place   fringe_right copies=1 x=0.0 y=0.0 z=67650.0 
(do i=45)
place   fringe_left copies=1 x=0.0 y=0.0 z=67350.0 
place   fringe_right copies=1 x=0.0 y=0.0 z=67950.0 
place   fringe_left copies=1 x=0.0 y=0.0 z=68550.0 
place   fringe_right copies=1 x=0.0 y=0.0 z=69150.0 
(do i=46)
place   fringe_left copies=1 x=0.0 y=0.0 z=68850.0 
place   fringe_right copies=1 x=0.0 y=0.0 z=69450.0 
place   fringe_left copies=1 x=0.0 y=0.0 z=70050.0 
place   fringe_right copies=1 x=0.0 y=0.0 z=70650.0 
(do i=47)
place   fringe_left copies=1 x=0.0 y=0.0 z=70350.0 
place   fringe_right copies=1 x=0.0 y=0.0 z=70950.0 
place   fringe_left copies=1 x=0.0 y=0.0 z=71550.0 
place   fringe_right copies=1 x=0.0 y=0.0 z=72150.0 
(do i=48)
place   fringe_left copies=1 x=0.0 y=0.0 z=71850.0 
place   fringe_right copies=1 x=0.0 y=0.0 z=72450.0 
place   fringe_left copies=1 x=0.0 y=0.0 z=73050.0 
place   fringe_right copies=1 x=0.0 y=0.0 z=73650.0 
(do i=49)
place   fringe_left copies=1 x=0.0 y=0.0 z=73350.0 
place   fringe_right copies=1 x=0.0 y=0.0 z=73950.0 
place   fringe_left copies=1 x=0.0 y=0.0 z=74550.0 
place   fringe_right copies=1 x=0.0 y=0.0 z=75150.0 
(do i=50)
place   fringe_left copies=1 x=0.0 y=0.0 z=74850.0 
place   fringe_right copies=1 x=0.0 y=0.0 z=75450.0 
place   fringe_left copies=1 x=0.0 y=0.0 z=76050.0 
place   fringe_right copies=1 x=0.0 y=0.0 z=76650.0 
(do i=51)
place   fringe_left copies=1 x=0.0 y=0.0 z=76350.0 
place   fringe_right copies=1 x=0.0 y=0.0 z=76950.0 
place   fringe_left copies=1 x=0.0 y=0.0 z=77550.0 
place   fringe_right copies=1 x=0.0 y=0.0 z=78150.0 
(do i=52)
place   fringe_left copies=1 x=0.0 y=0.0 z=77850.0 
place   fringe_right copies=1 x=0.0 y=0.0 z=78450.0 
place   fringe_left copies=1 x=0.0 y=0.0 z=79050.0 
place   fringe_right copies=1 x=0.0 y=0.0 z=79650.0 
(do i=53)
place   fringe_left copies=1 x=0.0 y=0.0 z=79350.0 
place   fringe_right copies=1 x=0.0 y=0.0 z=79950.0 
place   fringe_left copies=1 x=0.0 y=0.0 z=80550.0 
place   fringe_right copies=1 x=0.0 y=0.0 z=81150.0 
(do i=54)
place   fringe_left copies=1 x=0.0 y=0.0 z=80850.0 
place   fringe_right copies=1 x=0.0 y=0.0 z=81450.0 
place   fringe_left copies=1 x=0.0 y=0.0 z=82050.0 
place   fringe_right copies=1 x=0.0 y=0.0 z=82650.0 
(do i=55)
place   fringe_left copies=1 x=0.0 y=0.0 z=82350.0 
place   fringe_right copies=1 x=0.0 y=0.0 z=82950.0 
place   fringe_left copies=1 x=0.0 y=0.0 z=83550.0 
place   fringe_right copies=1 x=0.0 y=0.0 z=84150.0 
(do i=56)
place   fringe_left copies=1 x=0.0 y=0.0 z=83850.0 
place   fringe_right copies=1 x=0.0 y=0.0 z=84450.0 
place   fringe_left copies=1 x=0.0 y=0.0 z=85050.0 
place   fringe_right copies=1 x=0.0 y=0.0 z=85650.0 
(do i=57)
place   fringe_left copies=1 x=0.0 y=0.0 z=85350.0 
place   fringe_right copies=1 x=0.0 y=0.0 z=85950.0 
place   fringe_left copies=1 x=0.0 y=0.0 z=86550.0 
place   fringe_right copies=1 x=0.0 y=0.0 z=87150.0 
(do i=58)
place   fringe_left copies=1 x=0.0 y=0.0 z=86850.0 
place   fringe_right copies=1 x=0.0 y=0.0 z=87450.0 
place   fringe_left copies=1 x=0.0 y=0.0 z=88050.0 
place   fringe_right copies=1 x=0.0 y=0.0 z=88650.0 
(do i=59)
place   fringe_left copies=1 x=0.0 y=0.0 z=88350.0 
place   fringe_right copies=1 x=0.0 y=0.0 z=88950.0 
place   fringe_left copies=1 x=0.0 y=0.0 z=89550.0 
place   fringe_right copies=1 x=0.0 y=0.0 z=90150.0 
(do i=60)
place   fringe_left copies=1 x=0.0 y=0.0 z=89850.0 
place   fringe_right copies=1 x=0.0 y=0.0 z=90450.0 
place   fringe_left copies=1 x=0.0 y=0.0 z=91050.0 
place   fringe_right copies=1 x=0.0 y=0.0 z=91650.0 
(do i=61)
place   fringe_left copies=1 x=0.0 y=0.0 z=91350.0 
place   fringe_right copies=1 x=0.0 y=0.0 z=91950.0 
place   fringe_left copies=1 x=0.0 y=0.0 z=92550.0 
place   fringe_right copies=1 x=0.0 y=0.0 z=93150.0 
(do i=62)
place   fringe_left copies=1 x=0.0 y=0.0 z=92850.0 
place   fringe_right copies=1 x=0.0 y=0.0 z=93450.0 
place   fringe_left copies=1 x=0.0 y=0.0 z=94050.0 
place   fringe_right copies=1 x=0.0 y=0.0 z=94650.0 
(do i=63)
place   fringe_left copies=1 x=0.0 y=0.0 z=94350.0 
place   fringe_right copies=1 x=0.0 y=0.0 z=94950.0 
place   fringe_left copies=1 x=0.0 y=0.0 z=95550.0 
place   fringe_right copies=1 x=0.0 y=0.0 z=96150.0 
(do i=64)
place   fringe_left copies=1 x=0.0 y=0.0 z=95850.0 
place   fringe_right copies=1 x=0.0 y=0.0 z=96450.0 
place   fringe_left copies=1 x=0.0 y=0.0 z=97050.0 
place   fringe_right copies=1 x=0.0 y=0.0 z=97650.0 
(do i=65)
place   fringe_left copies=1 x=0.0 y=0.0 z=97350.0 
place   fringe_right copies=1 x=0.0 y=0.0 z=97950.0 
place   fringe_left copies=1 x=0.0 y=0.0 z=98550.0 
place   fringe_right copies=1 x=0.0 y=0.0 z=99150.0 
enddo
do i=0,65,1
(do i=0)
place   pipe    copies=1 x=0.0 y=0.0 z=209.9 
place   pipe    copies=1 x=0.0 y=0.0 z=1290.1 
(do i=1)
place   pipe    copies=1 x=0.0 y=0.0 z=1709.9 
place   pipe    copies=1 x=0.0 y=0.0 z=2790.1 
(do i=2)
place   pipe    copies=1 x=0.0 y=0.0 z=3209.9 
place   pipe    copies=1 x=0.0 y=0.0 z=4290.1 
(do i=3)
place   pipe    copies=1 x=0.0 y=0.0 z=4709.9 
place   pipe    copies=1 x=0.0 y=0.0 z=5790.1 
(do i=4)
place   pipe    copies=1 x=0.0 y=0.0 z=6209.9 
place   pipe    copies=1 x=0.0 y=0.0 z=7290.1 
(do i=5)
place   pipe    copies=1 x=0.0 y=0.0 z=7709.9 
place   pipe    copies=1 x=0.0 y=0.0 z=8790.1 
(do i=6)
place   pipe    copies=1 x=0.0 y=0.0 z=9209.9 
place   pipe    copies=1 x=0.0 y=0.0 z=10290.1 
(do i=7)
place   pipe    copies=1 x=0.0 y=0.0 z=10709.9 
place   pipe    copies=1 x=0.0 y=0.0 z=11790.1 
(do i=8)
place   pipe    copies=1 x=0.0 y=0.0 z=12209.9 
place   pipe    copies=1 x=0.0 y=0.0 z=13290.1 
(do i=9)
place   pipe    copies=1 x=0.0 y=0.0 z=13709.9 
place   pipe    copies=1 x=0.0 y=0.0 z=14790.1 
(do i=10)
place   pipe    copies=1 x=0.0 y=0.0 z=15209.9 
place   pipe    copies=1 x=0.0 y=0.0 z=16290.1 
(do i=11)
place   pipe    copies=1 x=0.0 y=0.0 z=16709.9 
place   pipe    copies=1 x=0.0 y=0.0 z=17790.1 
(do i=12)
place   pipe    copies=1 x=0.0 y=0.0 z=18209.9 
place   pipe    copies=1 x=0.0 y=0.0 z=19290.1 
(do i=13)
place   pipe    copies=1 x=0.0 y=0.0 z=19709.9 
place   pipe    copies=1 x=0.0 y=0.0 z=20790.1 
(do i=14)
place   pipe    copies=1 x=0.0 y=0.0 z=21209.9 
place   pipe    copies=1 x=0.0 y=0.0 z=22290.1 
(do i=15)
place   pipe    copies=1 x=0.0 y=0.0 z=22709.9 
place   pipe    copies=1 x=0.0 y=0.0 z=23790.1 
(do i=16)
place   pipe    copies=1 x=0.0 y=0.0 z=24209.9 
place   pipe    copies=1 x=0.0 y=0.0 z=25290.1 
(do i=17)
place   pipe    copies=1 x=0.0 y=0.0 z=25709.9 
place   pipe    copies=1 x=0.0 y=0.0 z=26790.1 
(do i=18)
place   pipe    copies=1 x=0.0 y=0.0 z=27209.9 
place   pipe    copies=1 x=0.0 y=0.0 z=28290.1 
(do i=19)
place   pipe    copies=1 x=0.0 y=0.0 z=28709.9 
place   pipe    copies=1 x=0.0 y=0.0 z=29790.1 
(do i=20)
place   pipe    copies=1 x=0.0 y=0.0 z=30209.9 
place   pipe    copies=1 x=0.0 y=0.0 z=31290.1 
(do i=21)
place   pipe    copies=1 x=0.0 y=0.0 z=31709.9 
place   pipe    copies=1 x=0.0 y=0.0 z=32790.1 
(do i=22)
place   pipe    copies=1 x=0.0 y=0.0 z=33209.9 
place   pipe    copies=1 x=0.0 y=0.0 z=34290.1 
(do i=23)
place   pipe    copies=1 x=0.0 y=0.0 z=34709.9 
place   pipe    copies=1 x=0.0 y=0.0 z=35790.1 
(do i=24)
place   pipe    copies=1 x=0.0 y=0.0 z=36209.9 
place   pipe    copies=1 x=0.0 y=0.0 z=37290.1 
(do i=25)
place   pipe    copies=1 x=0.0 y=0.0 z=37709.9 
place   pipe    copies=1 x=0.0 y=0.0 z=38790.1 
(do i=26)
place   pipe    copies=1 x=0.0 y=0.0 z=39209.9 
place   pipe    copies=1 x=0.0 y=0.0 z=40290.1 
(do i=27)
place   pipe    copies=1 x=0.0 y=0.0 z=40709.9 
place   pipe    copies=1 x=0.0 y=0.0 z=41790.1 
(do i=28)
place   pipe    copies=1 x=0.0 y=0.0 z=42209.9 
place   pipe    copies=1 x=0.0 y=0.0 z=43290.1 
(do i=29)
place   pipe    copies=1 x=0.0 y=0.0 z=43709.9 
place   pipe    copies=1 x=0.0 y=0.0 z=44790.1 
(do i=30)
place   pipe    copies=1 x=0.0 y=0.0 z=45209.9 
place   pipe    copies=1 x=0.0 y=0.0 z=46290.1 
(do i=31)
place   pipe    copies=1 x=0.0 y=0.0 z=46709.9 
place   pipe    copies=1 x=0.0 y=0.0 z=47790.1 
(do i=32)
place   pipe    copies=1 x=0.0 y=0.0 z=48209.9 
place   pipe    copies=1 x=0.0 y=0.0 z=49290.1 
(do i=33)
place   pipe    copies=1 x=0.0 y=0.0 z=49709.9 
place   pipe    copies=1 x=0.0 y=0.0 z=50790.1 
(do i=34)
place   pipe    copies=1 x=0.0 y=0.0 z=51209.9 
place   pipe    copies=1 x=0.0 y=0.0 z=52290.1 
(do i=35)
place   pipe    copies=1 x=0.0 y=0.0 z=52709.9 
place   pipe    copies=1 x=0.0 y=0.0 z=53790.1 
(do i=36)
place   pipe    copies=1 x=0.0 y=0.0 z=54209.9 
place   pipe    copies=1 x=0.0 y=0.0 z=55290.1 
(do i=37)
place   pipe    copies=1 x=0.0 y=0.0 z=55709.9 
place   pipe    copies=1 x=0.0 y=0.0 z=56790.1 
(do i=38)
place   pipe    copies=1 x=0.0 y=0.0 z=57209.9 
place   pipe    copies=1 x=0.0 y=0.0 z=58290.1 
(do i=39)
place   pipe    copies=1 x=0.0 y=0.0 z=58709.9 
place   pipe    copies=1 x=0.0 y=0.0 z=59790.1 
(do i=40)
place   pipe    copies=1 x=0.0 y=0.0 z=60209.9 
place   pipe    copies=1 x=0.0 y=0.0 z=61290.1 
(do i=41)
place   pipe    copies=1 x=0.0 y=0.0 z=61709.9 
place   pipe    copies=1 x=0.0 y=0.0 z=62790.1 
(do i=42)
place   pipe    copies=1 x=0.0 y=0.0 z=63209.9 
place   pipe    copies=1 x=0.0 y=0.0 z=64290.1 
(do i=43)
place   pipe    copies=1 x=0.0 y=0.0 z=64709.9 
place   pipe    copies=1 x=0.0 y=0.0 z=65790.1 
(do i=44)
place   pipe    copies=1 x=0.0 y=0.0 z=66209.9 
place   pipe    copies=1 x=0.0 y=0.0 z=67290.1 
(do i=45)
place   pipe    copies=1 x=0.0 y=0.0 z=67709.9 
place   pipe    copies=1 x=0.0 y=0.0 z=68790.1 
(do i=46)
place   pipe    copies=1 x=0.0 y=0.0 z=69209.9 
place   pipe    copies=1 x=0.0 y=0.0 z=70290.1 
(do i=47)
place   pipe    copies=1 x=0.0 y=0.0 z=70709.9 
place   pipe    copies=1 x=0.0 y=0.0 z=71790.1 
(do i=48)
place   pipe    copies=1 x=0.0 y=0.0 z=72209.9 
place   pipe    copies=1 x=0.0 y=0.0 z=73290.1 
(do i=49)
place   pipe    copies=1 x=0.0 y=0.0 z=73709.9 
place   pipe    copies=1 x=0.0 y=0.0 z=74790.1 
(do i=50)
place   pipe    copies=1 x=0.0 y=0.0 z=75209.9 
place   pipe    copies=1 x=0.0 y=0.0 z=76290.1 
(do i=51)
place   pipe    copies=1 x=0.0 y=0.0 z=76709.9 
place   pipe    copies=1 x=0.0 y=0.0 z=77790.1 
(do i=52)
place   pipe    copies=1 x=0.0 y=0.0 z=78209.9 
place   pipe    copies=1 x=0.0 y=0.0 z=79290.1 
(do i=53)
place   pipe    copies=1 x=0.0 y=0.0 z=79709.9 
place   pipe    copies=1 x=0.0 y=0.0 z=80790.1 
(do i=54)
place   pipe    copies=1 x=0.0 y=0.0 z=81209.9 
place   pipe    copies=1 x=0.0 y=0.0 z=82290.1 
(do i=55)
place   pipe    copies=1 x=0.0 y=0.0 z=82709.9 
place   pipe    copies=1 x=0.0 y=0.0 z=83790.1 
(do i=56)
place   pipe    copies=1 x=0.0 y=0.0 z=84209.9 
place   pipe    copies=1 x=0.0 y=0.0 z=85290.1 
(do i=57)
place   pipe    copies=1 x=0.0 y=0.0 z=85709.9 
place   pipe    copies=1 x=0.0 y=0.0 z=86790.1 
(do i=58)
place   pipe    copies=1 x=0.0 y=0.0 z=87209.9 
place   pipe    copies=1 x=0.0 y=0.0 z=88290.1 
(do i=59)
place   pipe    copies=1 x=0.0 y=0.0 z=88709.9 
place   pipe    copies=1 x=0.0 y=0.0 z=89790.1 
(do i=60)
place   pipe    copies=1 x=0.0 y=0.0 z=90209.9 
place   pipe    copies=1 x=0.0 y=0.0 z=91290.1 
(do i=61)
place   pipe    copies=1 x=0.0 y=0.0 z=91709.9 
place   pipe    copies=1 x=0.0 y=0.0 z=92790.1 
(do i=62)
place   pipe    copies=1 x=0.0 y=0.0 z=93209.9 
place   pipe    copies=1 x=0.0 y=0.0 z=94290.1 
(do i=63)
place   pipe    copies=1 x=0.0 y=0.0 z=94709.9 
place   pipe    copies=1 x=0.0 y=0.0 z=95790.1 
(do i=64)
place   pipe    copies=1 x=0.0 y=0.0 z=96209.9 
place   pipe    copies=1 x=0.0 y=0.0 z=97290.1 
(do i=65)
place   pipe    copies=1 x=0.0 y=0.0 z=97709.9 
place   pipe    copies=1 x=0.0 y=0.0 z=98790.1 
enddo
place   cav00   copies=1 x=0.0 y=0.0 z=419.9 rename='rf_b_00'
place   cav01   copies=1 x=0.0 y=0.0 z=640.0 rename='rf_c_01'
place   cav02   copies=1 x=0.0 y=0.0 z=860.0 rename='rf_d_02'
place   cav03   copies=1 x=0.0 y=0.0 z=1080.2 rename='rf_e_03'
place   cav10   copies=1 x=0.0 y=0.0 z=1919.8 rename='rf_b_10'
place   cav11   copies=1 x=0.0 y=0.0 z=2139.9 rename='rf_c_11'
place   cav12   copies=1 x=0.0 y=0.0 z=2360.1 rename='rf_d_12'
place   cav13   copies=1 x=0.0 y=0.0 z=2580.2 rename='rf_e_13'
place   cav20   copies=1 x=0.0 y=0.0 z=3419.8 rename='rf_b_20'
place   cav21   copies=1 x=0.0 y=0.0 z=3639.9 rename='rf_c_21'
place   cav22   copies=1 x=0.0 y=0.0 z=3860.1 rename='rf_d_22'
place   cav23   copies=1 x=0.0 y=0.0 z=4080.2 rename='rf_e_23'
place   cav30   copies=1 x=0.0 y=0.0 z=4919.9 rename='rf_b_30'
place   cav31   copies=1 x=0.0 y=0.0 z=5139.9 rename='rf_c_31'
place   cav32   copies=1 x=0.0 y=0.0 z=5360.1 rename='rf_d_32'
place   cav33   copies=1 x=0.0 y=0.0 z=5580.1 rename='rf_e_33'
place   cav40   copies=1 x=0.0 y=0.0 z=6419.9 rename='rf_b_40'
place   cav41   copies=1 x=0.0 y=0.0 z=6639.9 rename='rf_c_41'
place   cav42   copies=1 x=0.0 y=0.0 z=6860.1 rename='rf_d_42'
place   cav43   copies=1 x=0.0 y=0.0 z=7080.1 rename='rf_e_43'
place   cav50   copies=1 x=0.0 y=0.0 z=7919.9 rename='rf_b_50'
place   cav51   copies=1 x=0.0 y=0.0 z=8139.9 rename='rf_c_51'
place   cav52   copies=1 x=0.0 y=0.0 z=8360.0 rename='rf_d_52'
place   cav53   copies=1 x=0.0 y=0.0 z=8580.1 rename='rf_e_53'
place   cav60   copies=1 x=0.0 y=0.0 z=9419.9 rename='rf_b_60'
place   cav61   copies=1 x=0.0 y=0.0 z=9640.0 rename='rf_c_61'
place   cav62   copies=1 x=0.0 y=0.0 z=9860.0 rename='rf_d_62'
place   cav63   copies=1 x=0.0 y=0.0 z=10080.1 rename='rf_e_63'
place   cav70   copies=1 x=0.0 y=0.0 z=10919.9 rename='rf_b_70'
place   cav71   copies=1 x=0.0 y=0.0 z=11140.0 rename='rf_c_71'
place   cav72   copies=1 x=0.0 y=0.0 z=11360.0 rename='rf_d_72'
place   cav73   copies=1 x=0.0 y=0.0 z=11580.1 rename='rf_e_73'
place   cav80   copies=1 x=0.0 y=0.0 z=12419.9 rename='rf_b_80'
place   cav81   copies=1 x=0.0 y=0.0 z=12640.0 rename='rf_c_81'
place   cav82   copies=1 x=0.0 y=0.0 z=12860.0 rename='rf_d_82'
place   cav83   copies=1 x=0.0 y=0.0 z=13080.1 rename='rf_e_83'
place   cav90   copies=1 x=0.0 y=0.0 z=13919.9 rename='rf_b_90'
place   cav91   copies=1 x=0.0 y=0.0 z=14140.0 rename='rf_c_91'
place   cav92   copies=1 x=0.0 y=0.0 z=14360.0 rename='rf_d_92'
place   cav93   copies=1 x=0.0 y=0.0 z=14580.1 rename='rf_e_93'
place   cav100  copies=1 x=0.0 y=0.0 z=15419.9 rename='rf_b_100'
place   cav101  copies=1 x=0.0 y=0.0 z=15640.0 rename='rf_c_101'
place   cav102  copies=1 x=0.0 y=0.0 z=15860.0 rename='rf_d_102'
place   cav103  copies=1 x=0.0 y=0.0 z=16080.1 rename='rf_e_103'
place   cav110  copies=1 x=0.0 y=0.0 z=16919.8 rename='rf_b_110'
place   cav111  copies=1 x=0.0 y=0.0 z=17140.0 rename='rf_c_111'
place   cav112  copies=1 x=0.0 y=0.0 z=17360.0 rename='rf_d_112'
place   cav113  copies=1 x=0.0 y=0.0 z=17580.2 rename='rf_e_113'
place   cav120  copies=1 x=0.0 y=0.0 z=18419.8 rename='rf_b_120'
place   cav121  copies=1 x=0.0 y=0.0 z=18640.0 rename='rf_c_121'
place   cav122  copies=1 x=0.0 y=0.0 z=18860.0 rename='rf_d_122'
place   cav123  copies=1 x=0.0 y=0.0 z=19080.2 rename='rf_e_123'
place   cav130  copies=1 x=0.0 y=0.0 z=19919.8 rename='rf_b_130'
place   cav131  copies=1 x=0.0 y=0.0 z=20140.0 rename='rf_c_131'
place   cav132  copies=1 x=0.0 y=0.0 z=20360.0 rename='rf_d_132'
place   cav133  copies=1 x=0.0 y=0.0 z=20580.2 rename='rf_e_133'
place   cav140  copies=1 x=0.0 y=0.0 z=21419.8 rename='rf_b_140'
place   cav141  copies=1 x=0.0 y=0.0 z=21640.0 rename='rf_c_141'
place   cav142  copies=1 x=0.0 y=0.0 z=21860.0 rename='rf_d_142'
place   cav143  copies=1 x=0.0 y=0.0 z=22080.2 rename='rf_e_143'
place   cav150  copies=1 x=0.0 y=0.0 z=22919.8 rename='rf_b_150'
place   cav151  copies=1 x=0.0 y=0.0 z=23140.0 rename='rf_c_151'
place   cav152  copies=1 x=0.0 y=0.0 z=23360.0 rename='rf_d_152'
place   cav153  copies=1 x=0.0 y=0.0 z=23580.2 rename='rf_e_153'
place   cav160  copies=1 x=0.0 y=0.0 z=24419.8 rename='rf_b_160'
place   cav161  copies=1 x=0.0 y=0.0 z=24640.0 rename='rf_c_161'
place   cav162  copies=1 x=0.0 y=0.0 z=24860.0 rename='rf_d_162'
place   cav163  copies=1 x=0.0 y=0.0 z=25080.2 rename='rf_e_163'
place   cav170  copies=1 x=0.0 y=0.0 z=25919.8 rename='rf_b_170'
place   cav171  copies=1 x=0.0 y=0.0 z=26140.0 rename='rf_c_171'
place   cav172  copies=1 x=0.0 y=0.0 z=26360.0 rename='rf_d_172'
place   cav173  copies=1 x=0.0 y=0.0 z=26580.2 rename='rf_e_173'
place   cav180  copies=1 x=0.0 y=0.0 z=27419.8 rename='rf_b_180'
place   cav181  copies=1 x=0.0 y=0.0 z=27640.0 rename='rf_c_181'
place   cav182  copies=1 x=0.0 y=0.0 z=27860.0 rename='rf_d_182'
place   cav183  copies=1 x=0.0 y=0.0 z=28080.2 rename='rf_e_183'
place   cav190  copies=1 x=0.0 y=0.0 z=28919.8 rename='rf_b_190'
place   cav191  copies=1 x=0.0 y=0.0 z=29140.0 rename='rf_c_191'
place   cav192  copies=1 x=0.0 y=0.0 z=29360.0 rename='rf_d_192'
place   cav193  copies=1 x=0.0 y=0.0 z=29580.2 rename='rf_e_193'
place   cav200  copies=1 x=0.0 y=0.0 z=30419.8 rename='rf_b_200'
place   cav201  copies=1 x=0.0 y=0.0 z=30640.0 rename='rf_c_201'
place   cav202  copies=1 x=0.0 y=0.0 z=30860.0 rename='rf_d_202'
place   cav203  copies=1 x=0.0 y=0.0 z=31080.2 rename='rf_e_203'
place   cav210  copies=1 x=0.0 y=0.0 z=31919.8 rename='rf_b_210'
place   cav211  copies=1 x=0.0 y=0.0 z=32140.0 rename='rf_c_211'
place   cav212  copies=1 x=0.0 y=0.0 z=32360.0 rename='rf_d_212'
place   cav213  copies=1 x=0.0 y=0.0 z=32580.2 rename='rf_e_213'
place   cav220  copies=1 x=0.0 y=0.0 z=33419.8 rename='rf_b_220'
place   cav221  copies=1 x=0.0 y=0.0 z=33639.9 rename='rf_c_221'
place   cav222  copies=1 x=0.0 y=0.0 z=33860.1 rename='rf_d_222'
place   cav223  copies=1 x=0.0 y=0.0 z=34080.2 rename='rf_e_223'
place   cav230  copies=1 x=0.0 y=0.0 z=34919.8 rename='rf_b_230'
place   cav231  copies=1 x=0.0 y=0.0 z=35139.9 rename='rf_c_231'
place   cav232  copies=1 x=0.0 y=0.0 z=35360.1 rename='rf_d_232'
place   cav233  copies=1 x=0.0 y=0.0 z=35580.2 rename='rf_e_233'
place   cav240  copies=1 x=0.0 y=0.0 z=36419.8 rename='rf_b_240'
place   cav241  copies=1 x=0.0 y=0.0 z=36639.9 rename='rf_c_241'
place   cav242  copies=1 x=0.0 y=0.0 z=36860.1 rename='rf_d_242'
place   cav243  copies=1 x=0.0 y=0.0 z=37080.2 rename='rf_e_243'
place   cav250  copies=1 x=0.0 y=0.0 z=37919.8 rename='rf_b_250'
place   cav251  copies=1 x=0.0 y=0.0 z=38139.9 rename='rf_c_251'
place   cav252  copies=1 x=0.0 y=0.0 z=38360.1 rename='rf_d_252'
place   cav253  copies=1 x=0.0 y=0.0 z=38580.2 rename='rf_e_253'
place   cav260  copies=1 x=0.0 y=0.0 z=39419.8 rename='rf_b_260'
place   cav261  copies=1 x=0.0 y=0.0 z=39639.9 rename='rf_c_261'
place   cav262  copies=1 x=0.0 y=0.0 z=39860.1 rename='rf_d_262'
place   cav263  copies=1 x=0.0 y=0.0 z=40080.2 rename='rf_e_263'
place   cav270  copies=1 x=0.0 y=0.0 z=40919.8 rename='rf_b_270'
place   cav271  copies=1 x=0.0 y=0.0 z=41139.9 rename='rf_c_271'
place   cav272  copies=1 x=0.0 y=0.0 z=41360.1 rename='rf_d_272'
place   cav273  copies=1 x=0.0 y=0.0 z=41580.2 rename='rf_e_273'
place   cav280  copies=1 x=0.0 y=0.0 z=42419.8 rename='rf_b_280'
place   cav281  copies=1 x=0.0 y=0.0 z=42639.9 rename='rf_c_281'
place   cav282  copies=1 x=0.0 y=0.0 z=42860.1 rename='rf_d_282'
place   cav283  copies=1 x=0.0 y=0.0 z=43080.2 rename='rf_e_283'
place   cav290  copies=1 x=0.0 y=0.0 z=43919.8 rename='rf_b_290'
place   cav291  copies=1 x=0.0 y=0.0 z=44139.9 rename='rf_c_291'
place   cav292  copies=1 x=0.0 y=0.0 z=44360.1 rename='rf_d_292'
place   cav293  copies=1 x=0.0 y=0.0 z=44580.2 rename='rf_e_293'
place   cav300  copies=1 x=0.0 y=0.0 z=45419.8 rename='rf_b_300'
place   cav301  copies=1 x=0.0 y=0.0 z=45639.9 rename='rf_c_301'
place   cav302  copies=1 x=0.0 y=0.0 z=45860.1 rename='rf_d_302'
place   cav303  copies=1 x=0.0 y=0.0 z=46080.2 rename='rf_e_303'
place   cav310  copies=1 x=0.0 y=0.0 z=46919.8 rename='rf_b_310'
place   cav311  copies=1 x=0.0 y=0.0 z=47139.9 rename='rf_c_311'
place   cav312  copies=1 x=0.0 y=0.0 z=47360.1 rename='rf_d_312'
place   cav313  copies=1 x=0.0 y=0.0 z=47580.2 rename='rf_e_313'
place   cav320  copies=1 x=0.0 y=0.0 z=48419.8 rename='rf_b_320'
place   cav321  copies=1 x=0.0 y=0.0 z=48639.9 rename='rf_c_321'
place   cav322  copies=1 x=0.0 y=0.0 z=48860.1 rename='rf_d_322'
place   cav323  copies=1 x=0.0 y=0.0 z=49080.2 rename='rf_e_323'
place   cav330  copies=1 x=0.0 y=0.0 z=49919.8 rename='rf_b_330'
place   cav331  copies=1 x=0.0 y=0.0 z=50139.9 rename='rf_c_331'
place   cav332  copies=1 x=0.0 y=0.0 z=50360.1 rename='rf_d_332'
place   cav333  copies=1 x=0.0 y=0.0 z=50580.2 rename='rf_e_333'
place   cav340  copies=1 x=0.0 y=0.0 z=51419.8 rename='rf_b_340'
place   cav341  copies=1 x=0.0 y=0.0 z=51639.9 rename='rf_c_341'
place   cav342  copies=1 x=0.0 y=0.0 z=51860.1 rename='rf_d_342'
place   cav343  copies=1 x=0.0 y=0.0 z=52080.2 rename='rf_e_343'
place   cav350  copies=1 x=0.0 y=0.0 z=52919.8 rename='rf_b_350'
place   cav351  copies=1 x=0.0 y=0.0 z=53139.9 rename='rf_c_351'
place   cav352  copies=1 x=0.0 y=0.0 z=53360.1 rename='rf_d_352'
place   cav353  copies=1 x=0.0 y=0.0 z=53580.2 rename='rf_e_353'
place   cav360  copies=1 x=0.0 y=0.0 z=54419.8 rename='rf_b_360'
place   cav361  copies=1 x=0.0 y=0.0 z=54639.9 rename='rf_c_361'
place   cav362  copies=1 x=0.0 y=0.0 z=54860.1 rename='rf_d_362'
place   cav363  copies=1 x=0.0 y=0.0 z=55080.2 rename='rf_e_363'
place   cav370  copies=1 x=0.0 y=0.0 z=55919.8 rename='rf_b_370'
place   cav371  copies=1 x=0.0 y=0.0 z=56139.9 rename='rf_c_371'
place   cav372  copies=1 x=0.0 y=0.0 z=56360.1 rename='rf_d_372'
place   cav373  copies=1 x=0.0 y=0.0 z=56580.2 rename='rf_e_373'
place   cav380  copies=1 x=0.0 y=0.0 z=57419.8 rename='rf_b_380'
place   cav381  copies=1 x=0.0 y=0.0 z=57639.9 rename='rf_c_381'
place   cav382  copies=1 x=0.0 y=0.0 z=57860.1 rename='rf_d_382'
place   cav383  copies=1 x=0.0 y=0.0 z=58080.2 rename='rf_e_383'
place   cav390  copies=1 x=0.0 y=0.0 z=58919.8 rename='rf_b_390'
place   cav391  copies=1 x=0.0 y=0.0 z=59139.9 rename='rf_c_391'
place   cav392  copies=1 x=0.0 y=0.0 z=59360.1 rename='rf_d_392'
place   cav393  copies=1 x=0.0 y=0.0 z=59580.2 rename='rf_e_393'
place   cav400  copies=1 x=0.0 y=0.0 z=60419.8 rename='rf_b_400'
place   cav401  copies=1 x=0.0 y=0.0 z=60639.9 rename='rf_c_401'
place   cav402  copies=1 x=0.0 y=0.0 z=60860.1 rename='rf_d_402'
place   cav403  copies=1 x=0.0 y=0.0 z=61080.2 rename='rf_e_403'
place   cav410  copies=1 x=0.0 y=0.0 z=61919.8 rename='rf_b_410'
place   cav411  copies=1 x=0.0 y=0.0 z=62139.9 rename='rf_c_411'
place   cav412  copies=1 x=0.0 y=0.0 z=62360.1 rename='rf_d_412'
place   cav413  copies=1 x=0.0 y=0.0 z=62580.2 rename='rf_e_413'
place   cav420  copies=1 x=0.0 y=0.0 z=63419.8 rename='rf_b_420'
place   cav421  copies=1 x=0.0 y=0.0 z=63639.9 rename='rf_c_421'
place   cav422  copies=1 x=0.0 y=0.0 z=63860.1 rename='rf_d_422'
place   cav423  copies=1 x=0.0 y=0.0 z=64080.2 rename='rf_e_423'
place   cav430  copies=1 x=0.0 y=0.0 z=64919.8 rename='rf_b_430'
place   cav431  copies=1 x=0.0 y=0.0 z=65139.9 rename='rf_c_431'
place   cav432  copies=1 x=0.0 y=0.0 z=65360.1 rename='rf_d_432'
place   cav433  copies=1 x=0.0 y=0.0 z=65580.1 rename='rf_e_433'
place   cav440  copies=1 x=0.0 y=0.0 z=66419.9 rename='rf_b_440'
place   cav441  copies=1 x=0.0 y=0.0 z=66639.9 rename='rf_c_441'
place   cav442  copies=1 x=0.0 y=0.0 z=66860.1 rename='rf_d_442'
place   cav443  copies=1 x=0.0 y=0.0 z=67080.1 rename='rf_e_443'
place   cav450  copies=1 x=0.0 y=0.0 z=67919.9 rename='rf_b_450'
place   cav451  copies=1 x=0.0 y=0.0 z=68139.9 rename='rf_c_451'
place   cav452  copies=1 x=0.0 y=0.0 z=68360.1 rename='rf_d_452'
place   cav453  copies=1 x=0.0 y=0.0 z=68580.1 rename='rf_e_453'
place   cav460  copies=1 x=0.0 y=0.0 z=69419.9 rename='rf_b_460'
place   cav461  copies=1 x=0.0 y=0.0 z=69639.9 rename='rf_c_461'
place   cav462  copies=1 x=0.0 y=0.0 z=69860.1 rename='rf_d_462'
place   cav463  copies=1 x=0.0 y=0.0 z=70080.1 rename='rf_e_463'
place   cav470  copies=1 x=0.0 y=0.0 z=70919.9 rename='rf_b_470'
place   cav471  copies=1 x=0.0 y=0.0 z=71139.9 rename='rf_c_471'
place   cav472  copies=1 x=0.0 y=0.0 z=71360.1 rename='rf_d_472'
place   cav473  copies=1 x=0.0 y=0.0 z=71580.1 rename='rf_e_473'
place   cav480  copies=1 x=0.0 y=0.0 z=72419.9 rename='rf_b_480'
place   cav481  copies=1 x=0.0 y=0.0 z=72639.9 rename='rf_c_481'
place   cav482  copies=1 x=0.0 y=0.0 z=72860.1 rename='rf_d_482'
place   cav483  copies=1 x=0.0 y=0.0 z=73080.1 rename='rf_e_483'
place   cav490  copies=1 x=0.0 y=0.0 z=73919.9 rename='rf_b_490'
place   cav491  copies=1 x=0.0 y=0.0 z=74139.9 rename='rf_c_491'
place   cav492  copies=1 x=0.0 y=0.0 z=74360.1 rename='rf_d_492'
place   cav493  copies=1 x=0.0 y=0.0 z=74580.1 rename='rf_e_493'
place   cav500  copies=1 x=0.0 y=0.0 z=75419.9 rename='rf_b_500'
place   cav501  copies=1 x=0.0 y=0.0 z=75639.9 rename='rf_c_501'
place   cav502  copies=1 x=0.0 y=0.0 z=75860.1 rename='rf_d_502'
place   cav503  copies=1 x=0.0 y=0.0 z=76080.1 rename='rf_e_503'
place   cav510  copies=1 x=0.0 y=0.0 z=76919.9 rename='rf_b_510'
place   cav511  copies=1 x=0.0 y=0.0 z=77139.9 rename='rf_c_511'
place   cav512  copies=1 x=0.0 y=0.0 z=77360.1 rename='rf_d_512'
place   cav513  copies=1 x=0.0 y=0.0 z=77580.1 rename='rf_e_513'
place   cav520  copies=1 x=0.0 y=0.0 z=78419.9 rename='rf_b_520'
place   cav521  copies=1 x=0.0 y=0.0 z=78639.9 rename='rf_c_521'
place   cav522  copies=1 x=0.0 y=0.0 z=78860.1 rename='rf_d_522'
place   cav523  copies=1 x=0.0 y=0.0 z=79080.1 rename='rf_e_523'
place   cav530  copies=1 x=0.0 y=0.0 z=79919.9 rename='rf_b_530'
place   cav531  copies=1 x=0.0 y=0.0 z=80139.9 rename='rf_c_531'
place   cav532  copies=1 x=0.0 y=0.0 z=80360.1 rename='rf_d_532'
place   cav533  copies=1 x=0.0 y=0.0 z=80580.1 rename='rf_e_533'
place   cav540  copies=1 x=0.0 y=0.0 z=81419.9 rename='rf_b_540'
place   cav541  copies=1 x=0.0 y=0.0 z=81639.9 rename='rf_c_541'
place   cav542  copies=1 x=0.0 y=0.0 z=81860.1 rename='rf_d_542'
place   cav543  copies=1 x=0.0 y=0.0 z=82080.1 rename='rf_e_543'
place   cav550  copies=1 x=0.0 y=0.0 z=82919.9 rename='rf_b_550'
place   cav551  copies=1 x=0.0 y=0.0 z=83139.9 rename='rf_c_551'
place   cav552  copies=1 x=0.0 y=0.0 z=83360.1 rename='rf_d_552'
place   cav553  copies=1 x=0.0 y=0.0 z=83580.1 rename='rf_e_553'
place   cav560  copies=1 x=0.0 y=0.0 z=84419.9 rename='rf_b_560'
place   cav561  copies=1 x=0.0 y=0.0 z=84639.9 rename='rf_c_561'
place   cav562  copies=1 x=0.0 y=0.0 z=84860.1 rename='rf_d_562'
place   cav563  copies=1 x=0.0 y=0.0 z=85080.1 rename='rf_e_563'
place   cav570  copies=1 x=0.0 y=0.0 z=85919.9 rename='rf_b_570'
place   cav571  copies=1 x=0.0 y=0.0 z=86139.9 rename='rf_c_571'
place   cav572  copies=1 x=0.0 y=0.0 z=86360.1 rename='rf_d_572'
place   cav573  copies=1 x=0.0 y=0.0 z=86580.1 rename='rf_e_573'
place   cav580  copies=1 x=0.0 y=0.0 z=87419.9 rename='rf_b_580'
place   cav581  copies=1 x=0.0 y=0.0 z=87639.9 rename='rf_c_581'
place   cav582  copies=1 x=0.0 y=0.0 z=87860.1 rename='rf_d_582'
place   cav583  copies=1 x=0.0 y=0.0 z=88080.1 rename='rf_e_583'
place   cav590  copies=1 x=0.0 y=0.0 z=88919.9 rename='rf_b_590'
place   cav591  copies=1 x=0.0 y=0.0 z=89139.9 rename='rf_c_591'
place   cav592  copies=1 x=0.0 y=0.0 z=89360.1 rename='rf_d_592'
place   cav593  copies=1 x=0.0 y=0.0 z=89580.1 rename='rf_e_593'
place   cav600  copies=1 x=0.0 y=0.0 z=90419.9 rename='rf_b_600'
place   cav601  copies=1 x=0.0 y=0.0 z=90639.9 rename='rf_c_601'
place   cav602  copies=1 x=0.0 y=0.0 z=90860.1 rename='rf_d_602'
place   cav603  copies=1 x=0.0 y=0.0 z=91080.1 rename='rf_e_603'
place   cav610  copies=1 x=0.0 y=0.0 z=91919.9 rename='rf_b_610'
place   cav611  copies=1 x=0.0 y=0.0 z=92139.9 rename='rf_c_611'
place   cav612  copies=1 x=0.0 y=0.0 z=92360.1 rename='rf_d_612'
place   cav613  copies=1 x=0.0 y=0.0 z=92580.1 rename='rf_e_613'
place   cav620  copies=1 x=0.0 y=0.0 z=93419.9 rename='rf_b_620'
place   cav621  copies=1 x=0.0 y=0.0 z=93639.9 rename='rf_c_621'
place   cav622  copies=1 x=0.0 y=0.0 z=93860.1 rename='rf_d_622'
place   cav623  copies=1 x=0.0 y=0.0 z=94080.1 rename='rf_e_623'
place   cav630  copies=1 x=0.0 y=0.0 z=94919.9 rename='rf_b_630'
place   cav631  copies=1 x=0.0 y=0.0 z=95139.9 rename='rf_c_631'
place   cav632  copies=1 x=0.0 y=0.0 z=95360.1 rename='rf_d_632'
place   cav633  copies=1 x=0.0 y=0.0 z=95580.1 rename='rf_e_633'
place   cav640  copies=1 x=0.0 y=0.0 z=96419.9 rename='rf_b_640'
place   cav641  copies=1 x=0.0 y=0.0 z=96639.9 rename='rf_c_641'
place   cav642  copies=1 x=0.0 y=0.0 z=96860.1 rename='rf_d_642'
place   cav643  copies=1 x=0.0 y=0.0 z=97080.1 rename='rf_e_643'
place   cav650  copies=1 x=0.0 y=0.0 z=97919.9 rename='rf_b_650'
place   cav651  copies=1 x=0.0 y=0.0 z=98139.9 rename='rf_c_651'
place   cav652  copies=1 x=0.0 y=0.0 z=98360.1 rename='rf_d_652'
place   cav653  copies=1 x=0.0 y=0.0 z=98580.1 rename='rf_e_653'
do i=0,65,1
(do i=0)
place   all_wedge copies=1 x=-5.8 y=0.0 z=0.0 rename='wedge_0'rotation='X90,Y90'
(do i=1)
place   all_wedge copies=1 x=-5.8 y=0.0 z=1500.0 rename='wedge_1'rotation='X90,Y90'
(do i=2)
place   all_wedge copies=1 x=-5.8 y=0.0 z=3000.0 rename='wedge_2'rotation='X90,Y90'
(do i=3)
place   all_wedge copies=1 x=-5.8 y=0.0 z=4500.0 rename='wedge_3'rotation='X90,Y90'
(do i=4)
place   all_wedge copies=1 x=-5.8 y=0.0 z=6000.0 rename='wedge_4'rotation='X90,Y90'
(do i=5)
place   all_wedge copies=1 x=-5.8 y=0.0 z=7500.0 rename='wedge_5'rotation='X90,Y90'
(do i=6)
place   all_wedge copies=1 x=-5.8 y=0.0 z=9000.0 rename='wedge_6'rotation='X90,Y90'
(do i=7)
place   all_wedge copies=1 x=-5.8 y=0.0 z=10500.0 rename='wedge_7'rotation='X90,Y90'
(do i=8)
place   all_wedge copies=1 x=-5.8 y=0.0 z=12000.0 rename='wedge_8'rotation='X90,Y90'
(do i=9)
place   all_wedge copies=1 x=-5.8 y=0.0 z=13500.0 rename='wedge_9'rotation='X90,Y90'
(do i=10)
place   all_wedge copies=1 x=-5.8 y=0.0 z=15000.0 rename='wedge_10'rotation='X90,Y90'
(do i=11)
place   all_wedge copies=1 x=-5.8 y=0.0 z=16500.0 rename='wedge_11'rotation='X90,Y90'
(do i=12)
place   all_wedge copies=1 x=-5.8 y=0.0 z=18000.0 rename='wedge_12'rotation='X90,Y90'
(do i=13)
place   all_wedge copies=1 x=-5.8 y=0.0 z=19500.0 rename='wedge_13'rotation='X90,Y90'
(do i=14)
place   all_wedge copies=1 x=-5.8 y=0.0 z=21000.0 rename='wedge_14'rotation='X90,Y90'
(do i=15)
place   all_wedge copies=1 x=-5.8 y=0.0 z=22500.0 rename='wedge_15'rotation='X90,Y90'
(do i=16)
place   all_wedge copies=1 x=-5.8 y=0.0 z=24000.0 rename='wedge_16'rotation='X90,Y90'
(do i=17)
place   all_wedge copies=1 x=-5.8 y=0.0 z=25500.0 rename='wedge_17'rotation='X90,Y90'
(do i=18)
place   all_wedge copies=1 x=-5.8 y=0.0 z=27000.0 rename='wedge_18'rotation='X90,Y90'
(do i=19)
place   all_wedge copies=1 x=-5.8 y=0.0 z=28500.0 rename='wedge_19'rotation='X90,Y90'
(do i=20)
place   all_wedge copies=1 x=-5.8 y=0.0 z=30000.0 rename='wedge_20'rotation='X90,Y90'
(do i=21)
place   all_wedge copies=1 x=-5.8 y=0.0 z=31500.0 rename='wedge_21'rotation='X90,Y90'
(do i=22)
place   all_wedge copies=1 x=-5.8 y=0.0 z=33000.0 rename='wedge_22'rotation='X90,Y90'
(do i=23)
place   all_wedge copies=1 x=-5.8 y=0.0 z=34500.0 rename='wedge_23'rotation='X90,Y90'
(do i=24)
place   all_wedge copies=1 x=-5.8 y=0.0 z=36000.0 rename='wedge_24'rotation='X90,Y90'
(do i=25)
place   all_wedge copies=1 x=-5.8 y=0.0 z=37500.0 rename='wedge_25'rotation='X90,Y90'
(do i=26)
place   all_wedge copies=1 x=-5.8 y=0.0 z=39000.0 rename='wedge_26'rotation='X90,Y90'
(do i=27)
place   all_wedge copies=1 x=-5.8 y=0.0 z=40500.0 rename='wedge_27'rotation='X90,Y90'
(do i=28)
place   all_wedge copies=1 x=-5.8 y=0.0 z=42000.0 rename='wedge_28'rotation='X90,Y90'
(do i=29)
place   all_wedge copies=1 x=-5.8 y=0.0 z=43500.0 rename='wedge_29'rotation='X90,Y90'
(do i=30)
place   all_wedge copies=1 x=-5.8 y=0.0 z=45000.0 rename='wedge_30'rotation='X90,Y90'
(do i=31)
place   all_wedge copies=1 x=-5.8 y=0.0 z=46500.0 rename='wedge_31'rotation='X90,Y90'
(do i=32)
place   all_wedge copies=1 x=-5.8 y=0.0 z=48000.0 rename='wedge_32'rotation='X90,Y90'
(do i=33)
place   all_wedge copies=1 x=-5.8 y=0.0 z=49500.0 rename='wedge_33'rotation='X90,Y90'
(do i=34)
place   all_wedge copies=1 x=-5.8 y=0.0 z=51000.0 rename='wedge_34'rotation='X90,Y90'
(do i=35)
place   all_wedge copies=1 x=-5.8 y=0.0 z=52500.0 rename='wedge_35'rotation='X90,Y90'
(do i=36)
place   all_wedge copies=1 x=-5.8 y=0.0 z=54000.0 rename='wedge_36'rotation='X90,Y90'
(do i=37)
place   all_wedge copies=1 x=-5.8 y=0.0 z=55500.0 rename='wedge_37'rotation='X90,Y90'
(do i=38)
place   all_wedge copies=1 x=-5.8 y=0.0 z=57000.0 rename='wedge_38'rotation='X90,Y90'
(do i=39)
place   all_wedge copies=1 x=-5.8 y=0.0 z=58500.0 rename='wedge_39'rotation='X90,Y90'
(do i=40)
place   all_wedge copies=1 x=-5.8 y=0.0 z=60000.0 rename='wedge_40'rotation='X90,Y90'
(do i=41)
place   all_wedge copies=1 x=-5.8 y=0.0 z=61500.0 rename='wedge_41'rotation='X90,Y90'
(do i=42)
place   all_wedge copies=1 x=-5.8 y=0.0 z=63000.0 rename='wedge_42'rotation='X90,Y90'
(do i=43)
place   all_wedge copies=1 x=-5.8 y=0.0 z=64500.0 rename='wedge_43'rotation='X90,Y90'
(do i=44)
place   all_wedge copies=1 x=-5.8 y=0.0 z=66000.0 rename='wedge_44'rotation='X90,Y90'
(do i=45)
place   all_wedge copies=1 x=-5.8 y=0.0 z=67500.0 rename='wedge_45'rotation='X90,Y90'
(do i=46)
place   all_wedge copies=1 x=-5.8 y=0.0 z=69000.0 rename='wedge_46'rotation='X90,Y90'
(do i=47)
place   all_wedge copies=1 x=-5.8 y=0.0 z=70500.0 rename='wedge_47'rotation='X90,Y90'
(do i=48)
place   all_wedge copies=1 x=-5.8 y=0.0 z=72000.0 rename='wedge_48'rotation='X90,Y90'
(do i=49)
place   all_wedge copies=1 x=-5.8 y=0.0 z=73500.0 rename='wedge_49'rotation='X90,Y90'
(do i=50)
place   all_wedge copies=1 x=-5.8 y=0.0 z=75000.0 rename='wedge_50'rotation='X90,Y90'
(do i=51)
place   all_wedge copies=1 x=-5.8 y=0.0 z=76500.0 rename='wedge_51'rotation='X90,Y90'
(do i=52)
place   all_wedge copies=1 x=-5.8 y=0.0 z=78000.0 rename='wedge_52'rotation='X90,Y90'
(do i=53)
place   all_wedge copies=1 x=-5.8 y=0.0 z=79500.0 rename='wedge_53'rotation='X90,Y90'
(do i=54)
place   all_wedge copies=1 x=-5.8 y=0.0 z=81000.0 rename='wedge_54'rotation='X90,Y90'
(do i=55)
place   all_wedge copies=1 x=-5.8 y=0.0 z=82500.0 rename='wedge_55'rotation='X90,Y90'
(do i=56)
place   all_wedge copies=1 x=-5.8 y=0.0 z=84000.0 rename='wedge_56'rotation='X90,Y90'
(do i=57)
place   all_wedge copies=1 x=-5.8 y=0.0 z=85500.0 rename='wedge_57'rotation='X90,Y90'
(do i=58)
place   all_wedge copies=1 x=-5.8 y=0.0 z=87000.0 rename='wedge_58'rotation='X90,Y90'
(do i=59)
place   all_wedge copies=1 x=-5.8 y=0.0 z=88500.0 rename='wedge_59'rotation='X90,Y90'
(do i=60)
place   all_wedge copies=1 x=-5.8 y=0.0 z=90000.0 rename='wedge_60'rotation='X90,Y90'
(do i=61)
place   all_wedge copies=1 x=-5.8 y=0.0 z=91500.0 rename='wedge_61'rotation='X90,Y90'
(do i=62)
place   all_wedge copies=1 x=-5.8 y=0.0 z=93000.0 rename='wedge_62'rotation='X90,Y90'
(do i=63)
place   all_wedge copies=1 x=-5.8 y=0.0 z=94500.0 rename='wedge_63'rotation='X90,Y90'
(do i=64)
place   all_wedge copies=1 x=-5.8 y=0.0 z=96000.0 rename='wedge_64'rotation='X90,Y90'
(do i=65)
place   all_wedge copies=1 x=-5.8 y=0.0 z=97500.0 rename='wedge_65'rotation='X90,Y90'
enddo
do i=0,65,1
(do i=0)
place   wedge_window copies=1 x=-5.8 y=0.0 z=-120.4 rotation='Y-115/2'
                color=1,0,1
place   wedge_window copies=1 x=-5.8 y=0.0 z=120.4 rotation='Y115/2'
                color=1,0,1
(do i=1)
place   wedge_window copies=1 x=-5.8 y=0.0 z=1379.6 rotation='Y-115/2'
                color=1,0,1
place   wedge_window copies=1 x=-5.8 y=0.0 z=1620.4 rotation='Y115/2'
                color=1,0,1
(do i=2)
place   wedge_window copies=1 x=-5.8 y=0.0 z=2879.6 rotation='Y-115/2'
                color=1,0,1
place   wedge_window copies=1 x=-5.8 y=0.0 z=3120.4 rotation='Y115/2'
                color=1,0,1
(do i=3)
place   wedge_window copies=1 x=-5.8 y=0.0 z=4379.6 rotation='Y-115/2'
                color=1,0,1
place   wedge_window copies=1 x=-5.8 y=0.0 z=4620.4 rotation='Y115/2'
                color=1,0,1
(do i=4)
place   wedge_window copies=1 x=-5.8 y=0.0 z=5879.6 rotation='Y-115/2'
                color=1,0,1
place   wedge_window copies=1 x=-5.8 y=0.0 z=6120.4 rotation='Y115/2'
                color=1,0,1
(do i=5)
place   wedge_window copies=1 x=-5.8 y=0.0 z=7379.6 rotation='Y-115/2'
                color=1,0,1
place   wedge_window copies=1 x=-5.8 y=0.0 z=7620.4 rotation='Y115/2'
                color=1,0,1
(do i=6)
place   wedge_window copies=1 x=-5.8 y=0.0 z=8879.6 rotation='Y-115/2'
                color=1,0,1
place   wedge_window copies=1 x=-5.8 y=0.0 z=9120.4 rotation='Y115/2'
                color=1,0,1
(do i=7)
place   wedge_window copies=1 x=-5.8 y=0.0 z=10379.6 rotation='Y-115/2'
                color=1,0,1
place   wedge_window copies=1 x=-5.8 y=0.0 z=10620.4 rotation='Y115/2'
                color=1,0,1
(do i=8)
place   wedge_window copies=1 x=-5.8 y=0.0 z=11879.6 rotation='Y-115/2'
                color=1,0,1
place   wedge_window copies=1 x=-5.8 y=0.0 z=12120.4 rotation='Y115/2'
                color=1,0,1
(do i=9)
place   wedge_window copies=1 x=-5.8 y=0.0 z=13379.6 rotation='Y-115/2'
                color=1,0,1
place   wedge_window copies=1 x=-5.8 y=0.0 z=13620.4 rotation='Y115/2'
                color=1,0,1
(do i=10)
place   wedge_window copies=1 x=-5.8 y=0.0 z=14879.6 rotation='Y-115/2'
                color=1,0,1
place   wedge_window copies=1 x=-5.8 y=0.0 z=15120.4 rotation='Y115/2'
                color=1,0,1
(do i=11)
place   wedge_window copies=1 x=-5.8 y=0.0 z=16379.6 rotation='Y-115/2'
                color=1,0,1
place   wedge_window copies=1 x=-5.8 y=0.0 z=16620.4 rotation='Y115/2'
                color=1,0,1
(do i=12)
place   wedge_window copies=1 x=-5.8 y=0.0 z=17879.6 rotation='Y-115/2'
                color=1,0,1
place   wedge_window copies=1 x=-5.8 y=0.0 z=18120.4 rotation='Y115/2'
                color=1,0,1
(do i=13)
place   wedge_window copies=1 x=-5.8 y=0.0 z=19379.6 rotation='Y-115/2'
                color=1,0,1
place   wedge_window copies=1 x=-5.8 y=0.0 z=19620.4 rotation='Y115/2'
                color=1,0,1
(do i=14)
place   wedge_window copies=1 x=-5.8 y=0.0 z=20879.6 rotation='Y-115/2'
                color=1,0,1
place   wedge_window copies=1 x=-5.8 y=0.0 z=21120.4 rotation='Y115/2'
                color=1,0,1
(do i=15)
place   wedge_window copies=1 x=-5.8 y=0.0 z=22379.6 rotation='Y-115/2'
                color=1,0,1
place   wedge_window copies=1 x=-5.8 y=0.0 z=22620.4 rotation='Y115/2'
                color=1,0,1
(do i=16)
place   wedge_window copies=1 x=-5.8 y=0.0 z=23879.6 rotation='Y-115/2'
                color=1,0,1
place   wedge_window copies=1 x=-5.8 y=0.0 z=24120.4 rotation='Y115/2'
                color=1,0,1
(do i=17)
place   wedge_window copies=1 x=-5.8 y=0.0 z=25379.6 rotation='Y-115/2'
                color=1,0,1
place   wedge_window copies=1 x=-5.8 y=0.0 z=25620.4 rotation='Y115/2'
                color=1,0,1
(do i=18)
place   wedge_window copies=1 x=-5.8 y=0.0 z=26879.6 rotation='Y-115/2'
                color=1,0,1
place   wedge_window copies=1 x=-5.8 y=0.0 z=27120.4 rotation='Y115/2'
                color=1,0,1
(do i=19)
place   wedge_window copies=1 x=-5.8 y=0.0 z=28379.6 rotation='Y-115/2'
                color=1,0,1
place   wedge_window copies=1 x=-5.8 y=0.0 z=28620.4 rotation='Y115/2'
                color=1,0,1
(do i=20)
place   wedge_window copies=1 x=-5.8 y=0.0 z=29879.6 rotation='Y-115/2'
                color=1,0,1
place   wedge_window copies=1 x=-5.8 y=0.0 z=30120.4 rotation='Y115/2'
                color=1,0,1
(do i=21)
place   wedge_window copies=1 x=-5.8 y=0.0 z=31379.6 rotation='Y-115/2'
                color=1,0,1
place   wedge_window copies=1 x=-5.8 y=0.0 z=31620.4 rotation='Y115/2'
                color=1,0,1
(do i=22)
place   wedge_window copies=1 x=-5.8 y=0.0 z=32879.6 rotation='Y-115/2'
                color=1,0,1
place   wedge_window copies=1 x=-5.8 y=0.0 z=33120.4 rotation='Y115/2'
                color=1,0,1
(do i=23)
place   wedge_window copies=1 x=-5.8 y=0.0 z=34379.6 rotation='Y-115/2'
                color=1,0,1
place   wedge_window copies=1 x=-5.8 y=0.0 z=34620.4 rotation='Y115/2'
                color=1,0,1
(do i=24)
place   wedge_window copies=1 x=-5.8 y=0.0 z=35879.6 rotation='Y-115/2'
                color=1,0,1
place   wedge_window copies=1 x=-5.8 y=0.0 z=36120.4 rotation='Y115/2'
                color=1,0,1
(do i=25)
place   wedge_window copies=1 x=-5.8 y=0.0 z=37379.6 rotation='Y-115/2'
                color=1,0,1
place   wedge_window copies=1 x=-5.8 y=0.0 z=37620.4 rotation='Y115/2'
                color=1,0,1
(do i=26)
place   wedge_window copies=1 x=-5.8 y=0.0 z=38879.6 rotation='Y-115/2'
                color=1,0,1
place   wedge_window copies=1 x=-5.8 y=0.0 z=39120.4 rotation='Y115/2'
                color=1,0,1
(do i=27)
place   wedge_window copies=1 x=-5.8 y=0.0 z=40379.6 rotation='Y-115/2'
                color=1,0,1
place   wedge_window copies=1 x=-5.8 y=0.0 z=40620.4 rotation='Y115/2'
                color=1,0,1
(do i=28)
place   wedge_window copies=1 x=-5.8 y=0.0 z=41879.6 rotation='Y-115/2'
                color=1,0,1
place   wedge_window copies=1 x=-5.8 y=0.0 z=42120.4 rotation='Y115/2'
                color=1,0,1
(do i=29)
place   wedge_window copies=1 x=-5.8 y=0.0 z=43379.6 rotation='Y-115/2'
                color=1,0,1
place   wedge_window copies=1 x=-5.8 y=0.0 z=43620.4 rotation='Y115/2'
                color=1,0,1
(do i=30)
place   wedge_window copies=1 x=-5.8 y=0.0 z=44879.6 rotation='Y-115/2'
                color=1,0,1
place   wedge_window copies=1 x=-5.8 y=0.0 z=45120.4 rotation='Y115/2'
                color=1,0,1
(do i=31)
place   wedge_window copies=1 x=-5.8 y=0.0 z=46379.6 rotation='Y-115/2'
                color=1,0,1
place   wedge_window copies=1 x=-5.8 y=0.0 z=46620.4 rotation='Y115/2'
                color=1,0,1
(do i=32)
place   wedge_window copies=1 x=-5.8 y=0.0 z=47879.6 rotation='Y-115/2'
                color=1,0,1
place   wedge_window copies=1 x=-5.8 y=0.0 z=48120.4 rotation='Y115/2'
                color=1,0,1
(do i=33)
place   wedge_window copies=1 x=-5.8 y=0.0 z=49379.6 rotation='Y-115/2'
                color=1,0,1
place   wedge_window copies=1 x=-5.8 y=0.0 z=49620.4 rotation='Y115/2'
                color=1,0,1
(do i=34)
place   wedge_window copies=1 x=-5.8 y=0.0 z=50879.6 rotation='Y-115/2'
                color=1,0,1
place   wedge_window copies=1 x=-5.8 y=0.0 z=51120.4 rotation='Y115/2'
                color=1,0,1
(do i=35)
place   wedge_window copies=1 x=-5.8 y=0.0 z=52379.6 rotation='Y-115/2'
                color=1,0,1
place   wedge_window copies=1 x=-5.8 y=0.0 z=52620.4 rotation='Y115/2'
                color=1,0,1
(do i=36)
place   wedge_window copies=1 x=-5.8 y=0.0 z=53879.6 rotation='Y-115/2'
                color=1,0,1
place   wedge_window copies=1 x=-5.8 y=0.0 z=54120.4 rotation='Y115/2'
                color=1,0,1
(do i=37)
place   wedge_window copies=1 x=-5.8 y=0.0 z=55379.6 rotation='Y-115/2'
                color=1,0,1
place   wedge_window copies=1 x=-5.8 y=0.0 z=55620.4 rotation='Y115/2'
                color=1,0,1
(do i=38)
place   wedge_window copies=1 x=-5.8 y=0.0 z=56879.6 rotation='Y-115/2'
                color=1,0,1
place   wedge_window copies=1 x=-5.8 y=0.0 z=57120.4 rotation='Y115/2'
                color=1,0,1
(do i=39)
place   wedge_window copies=1 x=-5.8 y=0.0 z=58379.6 rotation='Y-115/2'
                color=1,0,1
place   wedge_window copies=1 x=-5.8 y=0.0 z=58620.4 rotation='Y115/2'
                color=1,0,1
(do i=40)
place   wedge_window copies=1 x=-5.8 y=0.0 z=59879.6 rotation='Y-115/2'
                color=1,0,1
place   wedge_window copies=1 x=-5.8 y=0.0 z=60120.4 rotation='Y115/2'
                color=1,0,1
(do i=41)
place   wedge_window copies=1 x=-5.8 y=0.0 z=61379.6 rotation='Y-115/2'
                color=1,0,1
place   wedge_window copies=1 x=-5.8 y=0.0 z=61620.4 rotation='Y115/2'
                color=1,0,1
(do i=42)
place   wedge_window copies=1 x=-5.8 y=0.0 z=62879.6 rotation='Y-115/2'
                color=1,0,1
place   wedge_window copies=1 x=-5.8 y=0.0 z=63120.4 rotation='Y115/2'
                color=1,0,1
(do i=43)
place   wedge_window copies=1 x=-5.8 y=0.0 z=64379.6 rotation='Y-115/2'
                color=1,0,1
place   wedge_window copies=1 x=-5.8 y=0.0 z=64620.4 rotation='Y115/2'
                color=1,0,1
(do i=44)
place   wedge_window copies=1 x=-5.8 y=0.0 z=65879.6 rotation='Y-115/2'
                color=1,0,1
place   wedge_window copies=1 x=-5.8 y=0.0 z=66120.4 rotation='Y115/2'
                color=1,0,1
(do i=45)
place   wedge_window copies=1 x=-5.8 y=0.0 z=67379.6 rotation='Y-115/2'
                color=1,0,1
place   wedge_window copies=1 x=-5.8 y=0.0 z=67620.4 rotation='Y115/2'
                color=1,0,1
(do i=46)
place   wedge_window copies=1 x=-5.8 y=0.0 z=68879.6 rotation='Y-115/2'
                color=1,0,1
place   wedge_window copies=1 x=-5.8 y=0.0 z=69120.4 rotation='Y115/2'
                color=1,0,1
(do i=47)
place   wedge_window copies=1 x=-5.8 y=0.0 z=70379.6 rotation='Y-115/2'
                color=1,0,1
place   wedge_window copies=1 x=-5.8 y=0.0 z=70620.4 rotation='Y115/2'
                color=1,0,1
(do i=48)
place   wedge_window copies=1 x=-5.8 y=0.0 z=71879.6 rotation='Y-115/2'
                color=1,0,1
place   wedge_window copies=1 x=-5.8 y=0.0 z=72120.4 rotation='Y115/2'
                color=1,0,1
(do i=49)
place   wedge_window copies=1 x=-5.8 y=0.0 z=73379.6 rotation='Y-115/2'
                color=1,0,1
place   wedge_window copies=1 x=-5.8 y=0.0 z=73620.4 rotation='Y115/2'
                color=1,0,1
(do i=50)
place   wedge_window copies=1 x=-5.8 y=0.0 z=74879.6 rotation='Y-115/2'
                color=1,0,1
place   wedge_window copies=1 x=-5.8 y=0.0 z=75120.4 rotation='Y115/2'
                color=1,0,1
(do i=51)
place   wedge_window copies=1 x=-5.8 y=0.0 z=76379.6 rotation='Y-115/2'
                color=1,0,1
place   wedge_window copies=1 x=-5.8 y=0.0 z=76620.4 rotation='Y115/2'
                color=1,0,1
(do i=52)
place   wedge_window copies=1 x=-5.8 y=0.0 z=77879.6 rotation='Y-115/2'
                color=1,0,1
place   wedge_window copies=1 x=-5.8 y=0.0 z=78120.4 rotation='Y115/2'
                color=1,0,1
(do i=53)
place   wedge_window copies=1 x=-5.8 y=0.0 z=79379.6 rotation='Y-115/2'
                color=1,0,1
place   wedge_window copies=1 x=-5.8 y=0.0 z=79620.4 rotation='Y115/2'
                color=1,0,1
(do i=54)
place   wedge_window copies=1 x=-5.8 y=0.0 z=80879.6 rotation='Y-115/2'
                color=1,0,1
place   wedge_window copies=1 x=-5.8 y=0.0 z=81120.4 rotation='Y115/2'
                color=1,0,1
(do i=55)
place   wedge_window copies=1 x=-5.8 y=0.0 z=82379.6 rotation='Y-115/2'
                color=1,0,1
place   wedge_window copies=1 x=-5.8 y=0.0 z=82620.4 rotation='Y115/2'
                color=1,0,1
(do i=56)
place   wedge_window copies=1 x=-5.8 y=0.0 z=83879.6 rotation='Y-115/2'
                color=1,0,1
place   wedge_window copies=1 x=-5.8 y=0.0 z=84120.4 rotation='Y115/2'
                color=1,0,1
(do i=57)
place   wedge_window copies=1 x=-5.8 y=0.0 z=85379.6 rotation='Y-115/2'
                color=1,0,1
place   wedge_window copies=1 x=-5.8 y=0.0 z=85620.4 rotation='Y115/2'
                color=1,0,1
(do i=58)
place   wedge_window copies=1 x=-5.8 y=0.0 z=86879.6 rotation='Y-115/2'
                color=1,0,1
place   wedge_window copies=1 x=-5.8 y=0.0 z=87120.4 rotation='Y115/2'
                color=1,0,1
(do i=59)
place   wedge_window copies=1 x=-5.8 y=0.0 z=88379.6 rotation='Y-115/2'
                color=1,0,1
place   wedge_window copies=1 x=-5.8 y=0.0 z=88620.4 rotation='Y115/2'
                color=1,0,1
(do i=60)
place   wedge_window copies=1 x=-5.8 y=0.0 z=89879.6 rotation='Y-115/2'
                color=1,0,1
place   wedge_window copies=1 x=-5.8 y=0.0 z=90120.4 rotation='Y115/2'
                color=1,0,1
(do i=61)
place   wedge_window copies=1 x=-5.8 y=0.0 z=91379.6 rotation='Y-115/2'
                color=1,0,1
place   wedge_window copies=1 x=-5.8 y=0.0 z=91620.4 rotation='Y115/2'
                color=1,0,1
(do i=62)
place   wedge_window copies=1 x=-5.8 y=0.0 z=92879.6 rotation='Y-115/2'
                color=1,0,1
place   wedge_window copies=1 x=-5.8 y=0.0 z=93120.4 rotation='Y115/2'
                color=1,0,1
(do i=63)
place   wedge_window copies=1 x=-5.8 y=0.0 z=94379.6 rotation='Y-115/2'
                color=1,0,1
place   wedge_window copies=1 x=-5.8 y=0.0 z=94620.4 rotation='Y115/2'
                color=1,0,1
(do i=64)
place   wedge_window copies=1 x=-5.8 y=0.0 z=95879.6 rotation='Y-115/2'
                color=1,0,1
place   wedge_window copies=1 x=-5.8 y=0.0 z=96120.4 rotation='Y115/2'
                color=1,0,1
(do i=65)
place   wedge_window copies=1 x=-5.8 y=0.0 z=97379.6 rotation='Y-115/2'
                color=1,0,1
place   wedge_window copies=1 x=-5.8 y=0.0 z=97620.4 rotation='Y115/2'
                color=1,0,1
enddo
place   beamDet copies=1 x=0.0 y=0.0 z=99010.0 
zntuple                    z= zloop=0:65*1500:1500 noSingles=0 format=for009
                           file=for009 filename=for009 require=PDGid==-13
                           referenceParticle=1 coordinates=Centerline

World size (before incrementing by 201.357 mm): 1600.0 H  1600.0 W  198800.0 L

PARAMETERS:
            Zcl=99010
          angle=1.5
        bendpos=0.1
     cavity_gas=Vacuum
    cell_length=1500
   coil_length1=118.46964522286608
   coil_length2=433.24692175022835
   coil_radius1=250
   coil_radius2=450
    coil_width1=125
    coil_width2=225
      coilname1=coil1
      coilname2=coil2
       current1=84.58579501857774
       current2=67.3050092621987
     deltaChord=3.0
deltaIntersection=0.1
   deltaOneStep=0.01
         dipole=0.12
  dipole_length=100
          end_z=99010
         epsMax=0.05
         epsMin=2.5e-7
 eventTimeLimit=30
    fieldVoxels=200,200,200
       filename=for009
   final_output=beam_stage3_out
          first=1
  fringe_length=500
half_wedge_length=240
      histoFile=g4beamline
    histoUpdate=0
              i=65
        maxStep=100.0
        minStep=0.01
         ncells=65
             pi=3.1415926
  pipe_diameter=250
    pipe_length=419.85
    pipe_radius=125
           pres=35
   ref_momentum=203
         rf_fre=0.352
        rf_grad=23.226115048725177
      rf_length=220
          rf_ph=25.519517206533873
rf_window_length=0.05
        solpos1=0.08808222745578946
        solpos2=0.2025930484741105
 steppingFormat=N GLOBAL CL KE STEP VOL PROCESS
steppingVerbose=0
         viewer=none
 wallClockLimit=-1
      wallthick=0.05
     wedge_apex=115
wedge_window_length=0.19
  worldMaterial=Vacuum
         x_last=-7.11
          x_off=-5.8447445
         y_last=-10.4
          y_off=-8.4742753
     zTolerance=2.0
Checking overlaps for volume sol1:0 (G4Tubs) ... OK! 
BLCMDsolenoid::Construct sol1 parent= relZ=-2867.9 globZ=-2867.9
	global pos=0.0,0.0,-2867.9  Checking overlaps for volume sol3:0 (G4Tubs) ... OK! 
BLCMDsolenoid::Construct sol3 parent= relZ=-2696.1 globZ=-2696.1
	global pos=0.0,0.0,-2696.1  Checking overlaps for volume sol4:0 (G4Tubs) ... OK! 
BLCMDsolenoid::Construct sol4 parent= relZ=-1803.9 globZ=-1803.9
	global pos=0.0,0.0,-1803.9  Checking overlaps for volume sol2:0 (G4Tubs) ... OK! 
BLCMDsolenoid::Construct sol2 parent= relZ=-1632.1 globZ=-1632.1
	global pos=0.0,0.0,-1632.1  Checking overlaps for volume sol1:0 (G4Tubs) ... OK! 
BLCMDsolenoid::Construct sol1 parent= relZ=-1367.9 globZ=-1367.9
	global pos=0.0,0.0,-1367.9  Checking overlaps for volume sol3:0 (G4Tubs) ... OK! 
BLCMDsolenoid::Construct sol3 parent= relZ=-1196.1 globZ=-1196.1
	global pos=0.0,0.0,-1196.1  Checking overlaps for volume sol4:0 (G4Tubs) ... OK! 
BLCMDsolenoid::Construct sol4 parent= relZ=-303.9 globZ=-303.9
	global pos=0.0,0.0,-303.9  Checking overlaps for volume sol2:0 (G4Tubs) ... OK! 
BLCMDsolenoid::Construct sol2 parent= relZ=-132.1 globZ=-132.1
	global pos=0.0,0.0,-132.1  Checking overlaps for volume sol1:0 (G4Tubs) ... OK! 
BLCMDsolenoid::Construct sol1 parent= relZ=132.1 globZ=132.1
	global pos=0.0,0.0,132.1  Checking overlaps for volume sol3:0 (G4Tubs) ... OK! 
BLCMDsolenoid::Construct sol3 parent= relZ=303.9 globZ=303.9
	global pos=0.0,0.0,303.9  Checking overlaps for volume sol4:0 (G4Tubs) ... OK! 
BLCMDsolenoid::Construct sol4 parent= relZ=1196.1 globZ=1196.1
	global pos=0.0,0.0,1196.1  Checking overlaps for volume sol2:0 (G4Tubs) ... OK! 
BLCMDsolenoid::Construct sol2 parent= relZ=1367.9 globZ=1367.9
	global pos=0.0,0.0,1367.9  Checking overlaps for volume sol1:0 (G4Tubs) ... OK! 
BLCMDsolenoid::Construct sol1 parent= relZ=1632.1 globZ=1632.1
	global pos=0.0,0.0,1632.1  Checking overlaps for volume sol3:0 (G4Tubs) ... OK! 
BLCMDsolenoid::Construct sol3 parent= relZ=1803.9 globZ=1803.9
	global pos=0.0,0.0,1803.9  Checking overlaps for volume sol4:0 (G4Tubs) ... OK! 
BLCMDsolenoid::Construct sol4 parent= relZ=2696.1 globZ=2696.1
	global pos=0.0,0.0,2696.1  Checking overlaps for volume sol2:0 (G4Tubs) ... OK! 
BLCMDsolenoid::Construct sol2 parent= relZ=2867.9 globZ=2867.9
	global pos=0.0,0.0,2867.9  Checking overlaps for volume sol1:0 (G4Tubs) ... OK! 
BLCMDsolenoid::Construct sol1 parent= relZ=3132.1 globZ=3132.1
	global pos=0.0,0.0,3132.1  Checking overlaps for volume sol3:0 (G4Tubs) ... OK! 
BLCMDsolenoid::Construct sol3 parent= relZ=3303.9 globZ=3303.9
	global pos=0.0,0.0,3303.9  Checking overlaps for volume sol4:0 (G4Tubs) ... OK! 
BLCMDsolenoid::Construct sol4 parent= relZ=4196.1 globZ=4196.1
	global pos=0.0,0.0,4196.1  Checking overlaps for volume sol2:0 (G4Tubs) ... OK! 
BLCMDsolenoid::Construct sol2 parent= relZ=4367.9 globZ=4367.9
	global pos=0.0,0.0,4367.9  Checking overlaps for volume sol1:0 (G4Tubs) ... OK! 
BLCMDsolenoid::Construct sol1 parent= relZ=4632.1 globZ=4632.1
	global pos=0.0,0.0,4632.1  Checking overlaps for volume sol3:0 (G4Tubs) ... OK! 
BLCMDsolenoid::Construct sol3 parent= relZ=4803.9 globZ=4803.9
	global pos=0.0,0.0,4803.9  Checking overlaps for volume sol4:0 (G4Tubs) ... OK! 
BLCMDsolenoid::Construct sol4 parent= relZ=5696.1 globZ=5696.1
	global pos=0.0,0.0,5696.1  Checking overlaps for volume sol2:0 (G4Tubs) ... OK! 
BLCMDsolenoid::Construct sol2 parent= relZ=5867.9 globZ=5867.9
	global pos=0.0,0.0,5867.9  Checking overlaps for volume sol1:0 (G4Tubs) ... OK! 
BLCMDsolenoid::Construct sol1 parent= relZ=6132.1 globZ=6132.1
	global pos=0.0,0.0,6132.1  Checking overlaps for volume sol3:0 (G4Tubs) ... OK! 
BLCMDsolenoid::Construct sol3 parent= relZ=6303.9 globZ=6303.9
	global pos=0.0,0.0,6303.9  Checking overlaps for volume sol4:0 (G4Tubs) ... OK! 
BLCMDsolenoid::Construct sol4 parent= relZ=7196.1 globZ=7196.1
	global pos=0.0,0.0,7196.1  Checking overlaps for volume sol2:0 (G4Tubs) ... OK! 
BLCMDsolenoid::Construct sol2 parent= relZ=7367.9 globZ=7367.9
	global pos=0.0,0.0,7367.9  Checking overlaps for volume sol1:0 (G4Tubs) ... OK! 
BLCMDsolenoid::Construct sol1 parent= relZ=7632.1 globZ=7632.1
	global pos=0.0,0.0,7632.1  Checking overlaps for volume sol3:0 (G4Tubs) ... OK! 
BLCMDsolenoid::Construct sol3 parent= relZ=7803.9 globZ=7803.9
	global pos=0.0,0.0,7803.9  Checking overlaps for volume sol4:0 (G4Tubs) ... OK! 
BLCMDsolenoid::Construct sol4 parent= relZ=8696.1 globZ=8696.1
	global pos=0.0,0.0,8696.1  Checking overlaps for volume sol2:0 (G4Tubs) ... OK! 
BLCMDsolenoid::Construct sol2 parent= relZ=8867.9 globZ=8867.9
	global pos=0.0,0.0,8867.9  Checking overlaps for volume sol1:0 (G4Tubs) ... OK! 
BLCMDsolenoid::Construct sol1 parent= relZ=9132.1 globZ=9132.1
	global pos=0.0,0.0,9132.1  Checking overlaps for volume sol3:0 (G4Tubs) ... OK! 
BLCMDsolenoid::Construct sol3 parent= relZ=9303.9 globZ=9303.9
	global pos=0.0,0.0,9303.9  Checking overlaps for volume sol4:0 (G4Tubs) ... OK! 
BLCMDsolenoid::Construct sol4 parent= relZ=10196.1 globZ=10196.1
	global pos=0.0,0.0,10196.1  Checking overlaps for volume sol2:0 (G4Tubs) ... OK! 
BLCMDsolenoid::Construct sol2 parent= relZ=10367.9 globZ=10367.9
	global pos=0.0,0.0,10367.9  Checking overlaps for volume sol1:0 (G4Tubs) ... OK! 
BLCMDsolenoid::Construct sol1 parent= relZ=10632.1 globZ=10632.1
	global pos=0.0,0.0,10632.1  Checking overlaps for volume sol3:0 (G4Tubs) ... OK! 
BLCMDsolenoid::Construct sol3 parent= relZ=10803.9 globZ=10803.9
	global pos=0.0,0.0,10803.9  Checking overlaps for volume sol4:0 (G4Tubs) ... OK! 
BLCMDsolenoid::Construct sol4 parent= relZ=11696.1 globZ=11696.1
	global pos=0.0,0.0,11696.1  Checking overlaps for volume sol2:0 (G4Tubs) ... OK! 
BLCMDsolenoid::Construct sol2 parent= relZ=11867.9 globZ=11867.9
	global pos=0.0,0.0,11867.9  Checking overlaps for volume sol1:0 (G4Tubs) ... OK! 
BLCMDsolenoid::Construct sol1 parent= relZ=12132.1 globZ=12132.1
	global pos=0.0,0.0,12132.1  Checking overlaps for volume sol3:0 (G4Tubs) ... OK! 
BLCMDsolenoid::Construct sol3 parent= relZ=12303.9 globZ=12303.9
	global pos=0.0,0.0,12303.9  Checking overlaps for volume sol4:0 (G4Tubs) ... OK! 
BLCMDsolenoid::Construct sol4 parent= relZ=13196.1 globZ=13196.1
	global pos=0.0,0.0,13196.1  Checking overlaps for volume sol2:0 (G4Tubs) ... OK! 
BLCMDsolenoid::Construct sol2 parent= relZ=13367.9 globZ=13367.9
	global pos=0.0,0.0,13367.9  Checking overlaps for volume sol1:0 (G4Tubs) ... OK! 
BLCMDsolenoid::Construct sol1 parent= relZ=13632.1 globZ=13632.1
	global pos=0.0,0.0,13632.1  Checking overlaps for volume sol3:0 (G4Tubs) ... OK! 
BLCMDsolenoid::Construct sol3 parent= relZ=13803.9 globZ=13803.9
	global pos=0.0,0.0,13803.9  Checking overlaps for volume sol4:0 (G4Tubs) ... OK! 
BLCMDsolenoid::Construct sol4 parent= relZ=14696.1 globZ=14696.1
	global pos=0.0,0.0,14696.1  Checking overlaps for volume sol2:0 (G4Tubs) ... OK! 
BLCMDsolenoid::Construct sol2 parent= relZ=14867.9 globZ=14867.9
	global pos=0.0,0.0,14867.9  Checking overlaps for volume sol1:0 (G4Tubs) ... OK! 
BLCMDsolenoid::Construct sol1 parent= relZ=15132.1 globZ=15132.1
	global pos=0.0,0.0,15132.1  Checking overlaps for volume sol3:0 (G4Tubs) ... OK! 
BLCMDsolenoid::Construct sol3 parent= relZ=15303.9 globZ=15303.9
	global pos=0.0,0.0,15303.9  Checking overlaps for volume sol4:0 (G4Tubs) ... OK! 
BLCMDsolenoid::Construct sol4 parent= relZ=16196.1 globZ=16196.1
	global pos=0.0,0.0,16196.1  Checking overlaps for volume sol2:0 (G4Tubs) ... OK! 
BLCMDsolenoid::Construct sol2 parent= relZ=16367.9 globZ=16367.9
	global pos=0.0,0.0,16367.9  Checking overlaps for volume sol1:0 (G4Tubs) ... OK! 
BLCMDsolenoid::Construct sol1 parent= relZ=16632.1 globZ=16632.1
	global pos=0.0,0.0,16632.1  Checking overlaps for volume sol3:0 (G4Tubs) ... OK! 
BLCMDsolenoid::Construct sol3 parent= relZ=16803.9 globZ=16803.9
	global pos=0.0,0.0,16803.9  Checking overlaps for volume sol4:0 (G4Tubs) ... OK! 
BLCMDsolenoid::Construct sol4 parent= relZ=17696.1 globZ=17696.1
	global pos=0.0,0.0,17696.1  Checking overlaps for volume sol2:0 (G4Tubs) ... OK! 
BLCMDsolenoid::Construct sol2 parent= relZ=17867.9 globZ=17867.9
	global pos=0.0,0.0,17867.9  Checking overlaps for volume sol1:0 (G4Tubs) ... OK! 
BLCMDsolenoid::Construct sol1 parent= relZ=18132.1 globZ=18132.1
	global pos=0.0,0.0,18132.1  Checking overlaps for volume sol3:0 (G4Tubs) ... OK! 
BLCMDsolenoid::Construct sol3 parent= relZ=18303.9 globZ=18303.9
	global pos=0.0,0.0,18303.9  Checking overlaps for volume sol4:0 (G4Tubs) ... OK! 
BLCMDsolenoid::Construct sol4 parent= relZ=19196.1 globZ=19196.1
	global pos=0.0,0.0,19196.1  Checking overlaps for volume sol2:0 (G4Tubs) ... OK! 
BLCMDsolenoid::Construct sol2 parent= relZ=19367.9 globZ=19367.9
	global pos=0.0,0.0,19367.9  Checking overlaps for volume sol1:0 (G4Tubs) ... OK! 
BLCMDsolenoid::Construct sol1 parent= relZ=19632.1 globZ=19632.1
	global pos=0.0,0.0,19632.1  Checking overlaps for volume sol3:0 (G4Tubs) ... OK! 
BLCMDsolenoid::Construct sol3 parent= relZ=19803.9 globZ=19803.9
	global pos=0.0,0.0,19803.9  Checking overlaps for volume sol4:0 (G4Tubs) ... OK! 
BLCMDsolenoid::Construct sol4 parent= relZ=20696.1 globZ=20696.1
	global pos=0.0,0.0,20696.1  Checking overlaps for volume sol2:0 (G4Tubs) ... OK! 
BLCMDsolenoid::Construct sol2 parent= relZ=20867.9 globZ=20867.9
	global pos=0.0,0.0,20867.9  Checking overlaps for volume sol1:0 (G4Tubs) ... OK! 
BLCMDsolenoid::Construct sol1 parent= relZ=21132.1 globZ=21132.1
	global pos=0.0,0.0,21132.1  Checking overlaps for volume sol3:0 (G4Tubs) ... OK! 
BLCMDsolenoid::Construct sol3 parent= relZ=21303.9 globZ=21303.9
	global pos=0.0,0.0,21303.9  Checking overlaps for volume sol4:0 (G4Tubs) ... OK! 
BLCMDsolenoid::Construct sol4 parent= relZ=22196.1 globZ=22196.1
	global pos=0.0,0.0,22196.1  Checking overlaps for volume sol2:0 (G4Tubs) ... OK! 
BLCMDsolenoid::Construct sol2 parent= relZ=22367.9 globZ=22367.9
	global pos=0.0,0.0,22367.9  Checking overlaps for volume sol1:0 (G4Tubs) ... OK! 
BLCMDsolenoid::Construct sol1 parent= relZ=22632.1 globZ=22632.1
	global pos=0.0,0.0,22632.1  Checking overlaps for volume sol3:0 (G4Tubs) ... OK! 
BLCMDsolenoid::Construct sol3 parent= relZ=22803.9 globZ=22803.9
	global pos=0.0,0.0,22803.9  Checking overlaps for volume sol4:0 (G4Tubs) ... OK! 
BLCMDsolenoid::Construct sol4 parent= relZ=23696.1 globZ=23696.1
	global pos=0.0,0.0,23696.1  Checking overlaps for volume sol2:0 (G4Tubs) ... OK! 
BLCMDsolenoid::Construct sol2 parent= relZ=23867.9 globZ=23867.9
	global pos=0.0,0.0,23867.9  Checking overlaps for volume sol1:0 (G4Tubs) ... OK! 
BLCMDsolenoid::Construct sol1 parent= relZ=24132.1 globZ=24132.1
	global pos=0.0,0.0,24132.1  Checking overlaps for volume sol3:0 (G4Tubs) ... OK! 
BLCMDsolenoid::Construct sol3 parent= relZ=24303.9 globZ=24303.9
	global pos=0.0,0.0,24303.9  Checking overlaps for volume sol4:0 (G4Tubs) ... OK! 
BLCMDsolenoid::Construct sol4 parent= relZ=25196.1 globZ=25196.1
	global pos=0.0,0.0,25196.1  Checking overlaps for volume sol2:0 (G4Tubs) ... OK! 
BLCMDsolenoid::Construct sol2 parent= relZ=25367.9 globZ=25367.9
	global pos=0.0,0.0,25367.9  Checking overlaps for volume sol1:0 (G4Tubs) ... OK! 
BLCMDsolenoid::Construct sol1 parent= relZ=25632.1 globZ=25632.1
	global pos=0.0,0.0,25632.1  Checking overlaps for volume sol3:0 (G4Tubs) ... OK! 
BLCMDsolenoid::Construct sol3 parent= relZ=25803.9 globZ=25803.9
	global pos=0.0,0.0,25803.9  Checking overlaps for volume sol4:0 (G4Tubs) ... OK! 
BLCMDsolenoid::Construct sol4 parent= relZ=26696.1 globZ=26696.1
	global pos=0.0,0.0,26696.1  Checking overlaps for volume sol2:0 (G4Tubs) ... OK! 
BLCMDsolenoid::Construct sol2 parent= relZ=26867.9 globZ=26867.9
	global pos=0.0,0.0,26867.9  Checking overlaps for volume sol1:0 (G4Tubs) ... OK! 
BLCMDsolenoid::Construct sol1 parent= relZ=27132.1 globZ=27132.1
	global pos=0.0,0.0,27132.1  Checking overlaps for volume sol3:0 (G4Tubs) ... OK! 
BLCMDsolenoid::Construct sol3 parent= relZ=27303.9 globZ=27303.9
	global pos=0.0,0.0,27303.9  Checking overlaps for volume sol4:0 (G4Tubs) ... OK! 
BLCMDsolenoid::Construct sol4 parent= relZ=28196.1 globZ=28196.1
	global pos=0.0,0.0,28196.1  Checking overlaps for volume sol2:0 (G4Tubs) ... OK! 
BLCMDsolenoid::Construct sol2 parent= relZ=28367.9 globZ=28367.9
	global pos=0.0,0.0,28367.9  Checking overlaps for volume sol1:0 (G4Tubs) ... OK! 
BLCMDsolenoid::Construct sol1 parent= relZ=28632.1 globZ=28632.1
	global pos=0.0,0.0,28632.1  Checking overlaps for volume sol3:0 (G4Tubs) ... OK! 
BLCMDsolenoid::Construct sol3 parent= relZ=28803.9 globZ=28803.9
	global pos=0.0,0.0,28803.9  Checking overlaps for volume sol4:0 (G4Tubs) ... OK! 
BLCMDsolenoid::Construct sol4 parent= relZ=29696.1 globZ=29696.1
	global pos=0.0,0.0,29696.1  Checking overlaps for volume sol2:0 (G4Tubs) ... OK! 
BLCMDsolenoid::Construct sol2 parent= relZ=29867.9 globZ=29867.9
	global pos=0.0,0.0,29867.9  Checking overlaps for volume sol1:0 (G4Tubs) ... OK! 
BLCMDsolenoid::Construct sol1 parent= relZ=30132.1 globZ=30132.1
	global pos=0.0,0.0,30132.1  Checking overlaps for volume sol3:0 (G4Tubs) ... OK! 
BLCMDsolenoid::Construct sol3 parent= relZ=30303.9 globZ=30303.9
	global pos=0.0,0.0,30303.9  Checking overlaps for volume sol4:0 (G4Tubs) ... OK! 
BLCMDsolenoid::Construct sol4 parent= relZ=31196.1 globZ=31196.1
	global pos=0.0,0.0,31196.1  Checking overlaps for volume sol2:0 (G4Tubs) ... OK! 
BLCMDsolenoid::Construct sol2 parent= relZ=31367.9 globZ=31367.9
	global pos=0.0,0.0,31367.9  Checking overlaps for volume sol1:0 (G4Tubs) ... OK! 
BLCMDsolenoid::Construct sol1 parent= relZ=31632.1 globZ=31632.1
	global pos=0.0,0.0,31632.1  Checking overlaps for volume sol3:0 (G4Tubs) ... OK! 
BLCMDsolenoid::Construct sol3 parent= relZ=31803.9 globZ=31803.9
	global pos=0.0,0.0,31803.9  Checking overlaps for volume sol4:0 (G4Tubs) ... OK! 
BLCMDsolenoid::Construct sol4 parent= relZ=32696.1 globZ=32696.1
	global pos=0.0,0.0,32696.1  Checking overlaps for volume sol2:0 (G4Tubs) ... OK! 
BLCMDsolenoid::Construct sol2 parent= relZ=32867.9 globZ=32867.9
	global pos=0.0,0.0,32867.9  Checking overlaps for volume sol1:0 (G4Tubs) ... OK! 
BLCMDsolenoid::Construct sol1 parent= relZ=33132.1 globZ=33132.1
	global pos=0.0,0.0,33132.1  Checking overlaps for volume sol3:0 (G4Tubs) ... OK! 
BLCMDsolenoid::Construct sol3 parent= relZ=33303.9 globZ=33303.9
	global pos=0.0,0.0,33303.9  Checking overlaps for volume sol4:0 (G4Tubs) ... OK! 
BLCMDsolenoid::Construct sol4 parent= relZ=34196.1 globZ=34196.1
	global pos=0.0,0.0,34196.1  Checking overlaps for volume sol2:0 (G4Tubs) ... OK! 
BLCMDsolenoid::Construct sol2 parent= relZ=34367.9 globZ=34367.9
	global pos=0.0,0.0,34367.9  Checking overlaps for volume sol1:0 (G4Tubs) ... OK! 
BLCMDsolenoid::Construct sol1 parent= relZ=34632.1 globZ=34632.1
	global pos=0.0,0.0,34632.1  Checking overlaps for volume sol3:0 (G4Tubs) ... OK! 
BLCMDsolenoid::Construct sol3 parent= relZ=34803.9 globZ=34803.9
	global pos=0.0,0.0,34803.9  Checking overlaps for volume sol4:0 (G4Tubs) ... OK! 
BLCMDsolenoid::Construct sol4 parent= relZ=35696.1 globZ=35696.1
	global pos=0.0,0.0,35696.1  Checking overlaps for volume sol2:0 (G4Tubs) ... OK! 
BLCMDsolenoid::Construct sol2 parent= relZ=35867.9 globZ=35867.9
	global pos=0.0,0.0,35867.9  Checking overlaps for volume sol1:0 (G4Tubs) ... OK! 
BLCMDsolenoid::Construct sol1 parent= relZ=36132.1 globZ=36132.1
	global pos=0.0,0.0,36132.1  Checking overlaps for volume sol3:0 (G4Tubs) ... OK! 
BLCMDsolenoid::Construct sol3 parent= relZ=36303.9 globZ=36303.9
	global pos=0.0,0.0,36303.9  Checking overlaps for volume sol4:0 (G4Tubs) ... OK! 
BLCMDsolenoid::Construct sol4 parent= relZ=37196.1 globZ=37196.1
	global pos=0.0,0.0,37196.1  Checking overlaps for volume sol2:0 (G4Tubs) ... OK! 
BLCMDsolenoid::Construct sol2 parent= relZ=37367.9 globZ=37367.9
	global pos=0.0,0.0,37367.9  Checking overlaps for volume sol1:0 (G4Tubs) ... OK! 
BLCMDsolenoid::Construct sol1 parent= relZ=37632.1 globZ=37632.1
	global pos=0.0,0.0,37632.1  Checking overlaps for volume sol3:0 (G4Tubs) ... OK! 
BLCMDsolenoid::Construct sol3 parent= relZ=37803.9 globZ=37803.9
	global pos=0.0,0.0,37803.9  Checking overlaps for volume sol4:0 (G4Tubs) ... OK! 
BLCMDsolenoid::Construct sol4 parent= relZ=38696.1 globZ=38696.1
	global pos=0.0,0.0,38696.1  Checking overlaps for volume sol2:0 (G4Tubs) ... OK! 
BLCMDsolenoid::Construct sol2 parent= relZ=38867.9 globZ=38867.9
	global pos=0.0,0.0,38867.9  Checking overlaps for volume sol1:0 (G4Tubs) ... OK! 
BLCMDsolenoid::Construct sol1 parent= relZ=39132.1 globZ=39132.1
	global pos=0.0,0.0,39132.1  Checking overlaps for volume sol3:0 (G4Tubs) ... OK! 
BLCMDsolenoid::Construct sol3 parent= relZ=39303.9 globZ=39303.9
	global pos=0.0,0.0,39303.9  Checking overlaps for volume sol4:0 (G4Tubs) ... OK! 
BLCMDsolenoid::Construct sol4 parent= relZ=40196.1 globZ=40196.1
	global pos=0.0,0.0,40196.1  Checking overlaps for volume sol2:0 (G4Tubs) ... OK! 
BLCMDsolenoid::Construct sol2 parent= relZ=40367.9 globZ=40367.9
	global pos=0.0,0.0,40367.9  Checking overlaps for volume sol1:0 (G4Tubs) ... OK! 
BLCMDsolenoid::Construct sol1 parent= relZ=40632.1 globZ=40632.1
	global pos=0.0,0.0,40632.1  Checking overlaps for volume sol3:0 (G4Tubs) ... OK! 
BLCMDsolenoid::Construct sol3 parent= relZ=40803.9 globZ=40803.9
	global pos=0.0,0.0,40803.9  Checking overlaps for volume sol4:0 (G4Tubs) ... OK! 
BLCMDsolenoid::Construct sol4 parent= relZ=41696.1 globZ=41696.1
	global pos=0.0,0.0,41696.1  Checking overlaps for volume sol2:0 (G4Tubs) ... OK! 
BLCMDsolenoid::Construct sol2 parent= relZ=41867.9 globZ=41867.9
	global pos=0.0,0.0,41867.9  Checking overlaps for volume sol1:0 (G4Tubs) ... OK! 
BLCMDsolenoid::Construct sol1 parent= relZ=42132.1 globZ=42132.1
	global pos=0.0,0.0,42132.1  Checking overlaps for volume sol3:0 (G4Tubs) ... OK! 
BLCMDsolenoid::Construct sol3 parent= relZ=42303.9 globZ=42303.9
	global pos=0.0,0.0,42303.9  Checking overlaps for volume sol4:0 (G4Tubs) ... OK! 
BLCMDsolenoid::Construct sol4 parent= relZ=43196.1 globZ=43196.1
	global pos=0.0,0.0,43196.1  Checking overlaps for volume sol2:0 (G4Tubs) ... OK! 
BLCMDsolenoid::Construct sol2 parent= relZ=43367.9 globZ=43367.9
	global pos=0.0,0.0,43367.9  Checking overlaps for volume sol1:0 (G4Tubs) ... OK! 
BLCMDsolenoid::Construct sol1 parent= relZ=43632.1 globZ=43632.1
	global pos=0.0,0.0,43632.1  Checking overlaps for volume sol3:0 (G4Tubs) ... OK! 
BLCMDsolenoid::Construct sol3 parent= relZ=43803.9 globZ=43803.9
	global pos=0.0,0.0,43803.9  Checking overlaps for volume sol4:0 (G4Tubs) ... OK! 
BLCMDsolenoid::Construct sol4 parent= relZ=44696.1 globZ=44696.1
	global pos=0.0,0.0,44696.1  Checking overlaps for volume sol2:0 (G4Tubs) ... OK! 
BLCMDsolenoid::Construct sol2 parent= relZ=44867.9 globZ=44867.9
	global pos=0.0,0.0,44867.9  Checking overlaps for volume sol1:0 (G4Tubs) ... OK! 
BLCMDsolenoid::Construct sol1 parent= relZ=45132.1 globZ=45132.1
	global pos=0.0,0.0,45132.1  Checking overlaps for volume sol3:0 (G4Tubs) ... OK! 
BLCMDsolenoid::Construct sol3 parent= relZ=45303.9 globZ=45303.9
	global pos=0.0,0.0,45303.9  Checking overlaps for volume sol4:0 (G4Tubs) ... OK! 
BLCMDsolenoid::Construct sol4 parent= relZ=46196.1 globZ=46196.1
	global pos=0.0,0.0,46196.1  Checking overlaps for volume sol2:0 (G4Tubs) ... OK! 
BLCMDsolenoid::Construct sol2 parent= relZ=46367.9 globZ=46367.9
	global pos=0.0,0.0,46367.9  Checking overlaps for volume sol1:0 (G4Tubs) ... OK! 
BLCMDsolenoid::Construct sol1 parent= relZ=46632.1 globZ=46632.1
	global pos=0.0,0.0,46632.1  Checking overlaps for volume sol3:0 (G4Tubs) ... OK! 
BLCMDsolenoid::Construct sol3 parent= relZ=46803.9 globZ=46803.9
	global pos=0.0,0.0,46803.9  Checking overlaps for volume sol4:0 (G4Tubs) ... OK! 
BLCMDsolenoid::Construct sol4 parent= relZ=47696.1 globZ=47696.1
	global pos=0.0,0.0,47696.1  Checking overlaps for volume sol2:0 (G4Tubs) ... OK! 
BLCMDsolenoid::Construct sol2 parent= relZ=47867.9 globZ=47867.9
	global pos=0.0,0.0,47867.9  Checking overlaps for volume sol1:0 (G4Tubs) ... OK! 
BLCMDsolenoid::Construct sol1 parent= relZ=48132.1 globZ=48132.1
	global pos=0.0,0.0,48132.1  Checking overlaps for volume sol3:0 (G4Tubs) ... OK! 
BLCMDsolenoid::Construct sol3 parent= relZ=48303.9 globZ=48303.9
	global pos=0.0,0.0,48303.9  Checking overlaps for volume sol4:0 (G4Tubs) ... OK! 
BLCMDsolenoid::Construct sol4 parent= relZ=49196.1 globZ=49196.1
	global pos=0.0,0.0,49196.1  Checking overlaps for volume sol2:0 (G4Tubs) ... OK! 
BLCMDsolenoid::Construct sol2 parent= relZ=49367.9 globZ=49367.9
	global pos=0.0,0.0,49367.9  Checking overlaps for volume sol1:0 (G4Tubs) ... OK! 
BLCMDsolenoid::Construct sol1 parent= relZ=49632.1 globZ=49632.1
	global pos=0.0,0.0,49632.1  Checking overlaps for volume sol3:0 (G4Tubs) ... OK! 
BLCMDsolenoid::Construct sol3 parent= relZ=49803.9 globZ=49803.9
	global pos=0.0,0.0,49803.9  Checking overlaps for volume sol4:0 (G4Tubs) ... OK! 
BLCMDsolenoid::Construct sol4 parent= relZ=50696.1 globZ=50696.1
	global pos=0.0,0.0,50696.1  Checking overlaps for volume sol2:0 (G4Tubs) ... OK! 
BLCMDsolenoid::Construct sol2 parent= relZ=50867.9 globZ=50867.9
	global pos=0.0,0.0,50867.9  Checking overlaps for volume sol1:0 (G4Tubs) ... OK! 
BLCMDsolenoid::Construct sol1 parent= relZ=51132.1 globZ=51132.1
	global pos=0.0,0.0,51132.1  Checking overlaps for volume sol3:0 (G4Tubs) ... OK! 
BLCMDsolenoid::Construct sol3 parent= relZ=51303.9 globZ=51303.9
	global pos=0.0,0.0,51303.9  Checking overlaps for volume sol4:0 (G4Tubs) ... OK! 
BLCMDsolenoid::Construct sol4 parent= relZ=52196.1 globZ=52196.1
	global pos=0.0,0.0,52196.1  Checking overlaps for volume sol2:0 (G4Tubs) ... OK! 
BLCMDsolenoid::Construct sol2 parent= relZ=52367.9 globZ=52367.9
	global pos=0.0,0.0,52367.9  Checking overlaps for volume sol1:0 (G4Tubs) ... OK! 
BLCMDsolenoid::Construct sol1 parent= relZ=52632.1 globZ=52632.1
	global pos=0.0,0.0,52632.1  Checking overlaps for volume sol3:0 (G4Tubs) ... OK! 
BLCMDsolenoid::Construct sol3 parent= relZ=52803.9 globZ=52803.9
	global pos=0.0,0.0,52803.9  Checking overlaps for volume sol4:0 (G4Tubs) ... OK! 
BLCMDsolenoid::Construct sol4 parent= relZ=53696.1 globZ=53696.1
	global pos=0.0,0.0,53696.1  Checking overlaps for volume sol2:0 (G4Tubs) ... OK! 
BLCMDsolenoid::Construct sol2 parent= relZ=53867.9 globZ=53867.9
	global pos=0.0,0.0,53867.9  Checking overlaps for volume sol1:0 (G4Tubs) ... OK! 
BLCMDsolenoid::Construct sol1 parent= relZ=54132.1 globZ=54132.1
	global pos=0.0,0.0,54132.1  Checking overlaps for volume sol3:0 (G4Tubs) ... OK! 
BLCMDsolenoid::Construct sol3 parent= relZ=54303.9 globZ=54303.9
	global pos=0.0,0.0,54303.9  Checking overlaps for volume sol4:0 (G4Tubs) ... OK! 
BLCMDsolenoid::Construct sol4 parent= relZ=55196.1 globZ=55196.1
	global pos=0.0,0.0,55196.1  Checking overlaps for volume sol2:0 (G4Tubs) ... OK! 
BLCMDsolenoid::Construct sol2 parent= relZ=55367.9 globZ=55367.9
	global pos=0.0,0.0,55367.9  Checking overlaps for volume sol1:0 (G4Tubs) ... OK! 
BLCMDsolenoid::Construct sol1 parent= relZ=55632.1 globZ=55632.1
	global pos=0.0,0.0,55632.1  Checking overlaps for volume sol3:0 (G4Tubs) ... OK! 
BLCMDsolenoid::Construct sol3 parent= relZ=55803.9 globZ=55803.9
	global pos=0.0,0.0,55803.9  Checking overlaps for volume sol4:0 (G4Tubs) ... OK! 
BLCMDsolenoid::Construct sol4 parent= relZ=56696.1 globZ=56696.1
	global pos=0.0,0.0,56696.1  Checking overlaps for volume sol2:0 (G4Tubs) ... OK! 
BLCMDsolenoid::Construct sol2 parent= relZ=56867.9 globZ=56867.9
	global pos=0.0,0.0,56867.9  Checking overlaps for volume sol1:0 (G4Tubs) ... OK! 
BLCMDsolenoid::Construct sol1 parent= relZ=57132.1 globZ=57132.1
	global pos=0.0,0.0,57132.1  Checking overlaps for volume sol3:0 (G4Tubs) ... OK! 
BLCMDsolenoid::Construct sol3 parent= relZ=57303.9 globZ=57303.9
	global pos=0.0,0.0,57303.9  Checking overlaps for volume sol4:0 (G4Tubs) ... OK! 
BLCMDsolenoid::Construct sol4 parent= relZ=58196.1 globZ=58196.1
	global pos=0.0,0.0,58196.1  Checking overlaps for volume sol2:0 (G4Tubs) ... OK! 
BLCMDsolenoid::Construct sol2 parent= relZ=58367.9 globZ=58367.9
	global pos=0.0,0.0,58367.9  Checking overlaps for volume sol1:0 (G4Tubs) ... OK! 
BLCMDsolenoid::Construct sol1 parent= relZ=58632.1 globZ=58632.1
	global pos=0.0,0.0,58632.1  Checking overlaps for volume sol3:0 (G4Tubs) ... OK! 
BLCMDsolenoid::Construct sol3 parent= relZ=58803.9 globZ=58803.9
	global pos=0.0,0.0,58803.9  Checking overlaps for volume sol4:0 (G4Tubs) ... OK! 
BLCMDsolenoid::Construct sol4 parent= relZ=59696.1 globZ=59696.1
	global pos=0.0,0.0,59696.1  Checking overlaps for volume sol2:0 (G4Tubs) ... OK! 
BLCMDsolenoid::Construct sol2 parent= relZ=59867.9 globZ=59867.9
	global pos=0.0,0.0,59867.9  Checking overlaps for volume sol1:0 (G4Tubs) ... OK! 
BLCMDsolenoid::Construct sol1 parent= relZ=60132.1 globZ=60132.1
	global pos=0.0,0.0,60132.1  Checking overlaps for volume sol3:0 (G4Tubs) ... OK! 
BLCMDsolenoid::Construct sol3 parent= relZ=60303.9 globZ=60303.9
	global pos=0.0,0.0,60303.9  Checking overlaps for volume sol4:0 (G4Tubs) ... OK! 
BLCMDsolenoid::Construct sol4 parent= relZ=61196.1 globZ=61196.1
	global pos=0.0,0.0,61196.1  Checking overlaps for volume sol2:0 (G4Tubs) ... OK! 
BLCMDsolenoid::Construct sol2 parent= relZ=61367.9 globZ=61367.9
	global pos=0.0,0.0,61367.9  Checking overlaps for volume sol1:0 (G4Tubs) ... OK! 
BLCMDsolenoid::Construct sol1 parent= relZ=61632.1 globZ=61632.1
	global pos=0.0,0.0,61632.1  Checking overlaps for volume sol3:0 (G4Tubs) ... OK! 
BLCMDsolenoid::Construct sol3 parent= relZ=61803.9 globZ=61803.9
	global pos=0.0,0.0,61803.9  Checking overlaps for volume sol4:0 (G4Tubs) ... OK! 
BLCMDsolenoid::Construct sol4 parent= relZ=62696.1 globZ=62696.1
	global pos=0.0,0.0,62696.1  Checking overlaps for volume sol2:0 (G4Tubs) ... OK! 
BLCMDsolenoid::Construct sol2 parent= relZ=62867.9 globZ=62867.9
	global pos=0.0,0.0,62867.9  Checking overlaps for volume sol1:0 (G4Tubs) ... OK! 
BLCMDsolenoid::Construct sol1 parent= relZ=63132.1 globZ=63132.1
	global pos=0.0,0.0,63132.1  Checking overlaps for volume sol3:0 (G4Tubs) ... OK! 
BLCMDsolenoid::Construct sol3 parent= relZ=63303.9 globZ=63303.9
	global pos=0.0,0.0,63303.9  Checking overlaps for volume sol4:0 (G4Tubs) ... OK! 
BLCMDsolenoid::Construct sol4 parent= relZ=64196.1 globZ=64196.1
	global pos=0.0,0.0,64196.1  Checking overlaps for volume sol2:0 (G4Tubs) ... OK! 
BLCMDsolenoid::Construct sol2 parent= relZ=64367.9 globZ=64367.9
	global pos=0.0,0.0,64367.9  Checking overlaps for volume sol1:0 (G4Tubs) ... OK! 
BLCMDsolenoid::Construct sol1 parent= relZ=64632.1 globZ=64632.1
	global pos=0.0,0.0,64632.1  Checking overlaps for volume sol3:0 (G4Tubs) ... OK! 
BLCMDsolenoid::Construct sol3 parent= relZ=64803.9 globZ=64803.9
	global pos=0.0,0.0,64803.9  Checking overlaps for volume sol4:0 (G4Tubs) ... OK! 
BLCMDsolenoid::Construct sol4 parent= relZ=65696.1 globZ=65696.1
	global pos=0.0,0.0,65696.1  Checking overlaps for volume sol2:0 (G4Tubs) ... OK! 
BLCMDsolenoid::Construct sol2 parent= relZ=65867.9 globZ=65867.9
	global pos=0.0,0.0,65867.9  Checking overlaps for volume sol1:0 (G4Tubs) ... OK! 
BLCMDsolenoid::Construct sol1 parent= relZ=66132.1 globZ=66132.1
	global pos=0.0,0.0,66132.1  Checking overlaps for volume sol3:0 (G4Tubs) ... OK! 
BLCMDsolenoid::Construct sol3 parent= relZ=66303.9 globZ=66303.9
	global pos=0.0,0.0,66303.9  Checking overlaps for volume sol4:0 (G4Tubs) ... OK! 
BLCMDsolenoid::Construct sol4 parent= relZ=67196.1 globZ=67196.1
	global pos=0.0,0.0,67196.1  Checking overlaps for volume sol2:0 (G4Tubs) ... OK! 
BLCMDsolenoid::Construct sol2 parent= relZ=67367.9 globZ=67367.9
	global pos=0.0,0.0,67367.9  Checking overlaps for volume sol1:0 (G4Tubs) ... OK! 
BLCMDsolenoid::Construct sol1 parent= relZ=67632.1 globZ=67632.1
	global pos=0.0,0.0,67632.1  Checking overlaps for volume sol3:0 (G4Tubs) ... OK! 
BLCMDsolenoid::Construct sol3 parent= relZ=67803.9 globZ=67803.9
	global pos=0.0,0.0,67803.9  Checking overlaps for volume sol4:0 (G4Tubs) ... OK! 
BLCMDsolenoid::Construct sol4 parent= relZ=68696.1 globZ=68696.1
	global pos=0.0,0.0,68696.1  Checking overlaps for volume sol2:0 (G4Tubs) ... OK! 
BLCMDsolenoid::Construct sol2 parent= relZ=68867.9 globZ=68867.9
	global pos=0.0,0.0,68867.9  Checking overlaps for volume sol1:0 (G4Tubs) ... OK! 
BLCMDsolenoid::Construct sol1 parent= relZ=69132.1 globZ=69132.1
	global pos=0.0,0.0,69132.1  Checking overlaps for volume sol3:0 (G4Tubs) ... OK! 
BLCMDsolenoid::Construct sol3 parent= relZ=69303.9 globZ=69303.9
	global pos=0.0,0.0,69303.9  Checking overlaps for volume sol4:0 (G4Tubs) ... OK! 
BLCMDsolenoid::Construct sol4 parent= relZ=70196.1 globZ=70196.1
	global pos=0.0,0.0,70196.1  Checking overlaps for volume sol2:0 (G4Tubs) ... OK! 
BLCMDsolenoid::Construct sol2 parent= relZ=70367.9 globZ=70367.9
	global pos=0.0,0.0,70367.9  Checking overlaps for volume sol1:0 (G4Tubs) ... OK! 
BLCMDsolenoid::Construct sol1 parent= relZ=70632.1 globZ=70632.1
	global pos=0.0,0.0,70632.1  Checking overlaps for volume sol3:0 (G4Tubs) ... OK! 
BLCMDsolenoid::Construct sol3 parent= relZ=70803.9 globZ=70803.9
	global pos=0.0,0.0,70803.9  Checking overlaps for volume sol4:0 (G4Tubs) ... OK! 
BLCMDsolenoid::Construct sol4 parent= relZ=71696.1 globZ=71696.1
	global pos=0.0,0.0,71696.1  Checking overlaps for volume sol2:0 (G4Tubs) ... OK! 
BLCMDsolenoid::Construct sol2 parent= relZ=71867.9 globZ=71867.9
	global pos=0.0,0.0,71867.9  Checking overlaps for volume sol1:0 (G4Tubs) ... OK! 
BLCMDsolenoid::Construct sol1 parent= relZ=72132.1 globZ=72132.1
	global pos=0.0,0.0,72132.1  Checking overlaps for volume sol3:0 (G4Tubs) ... OK! 
BLCMDsolenoid::Construct sol3 parent= relZ=72303.9 globZ=72303.9
	global pos=0.0,0.0,72303.9  Checking overlaps for volume sol4:0 (G4Tubs) ... OK! 
BLCMDsolenoid::Construct sol4 parent= relZ=73196.1 globZ=73196.1
	global pos=0.0,0.0,73196.1  Checking overlaps for volume sol2:0 (G4Tubs) ... OK! 
BLCMDsolenoid::Construct sol2 parent= relZ=73367.9 globZ=73367.9
	global pos=0.0,0.0,73367.9  Checking overlaps for volume sol1:0 (G4Tubs) ... OK! 
BLCMDsolenoid::Construct sol1 parent= relZ=73632.1 globZ=73632.1
	global pos=0.0,0.0,73632.1  Checking overlaps for volume sol3:0 (G4Tubs) ... OK! 
BLCMDsolenoid::Construct sol3 parent= relZ=73803.9 globZ=73803.9
	global pos=0.0,0.0,73803.9  Checking overlaps for volume sol4:0 (G4Tubs) ... OK! 
BLCMDsolenoid::Construct sol4 parent= relZ=74696.1 globZ=74696.1
	global pos=0.0,0.0,74696.1  Checking overlaps for volume sol2:0 (G4Tubs) ... OK! 
BLCMDsolenoid::Construct sol2 parent= relZ=74867.9 globZ=74867.9
	global pos=0.0,0.0,74867.9  Checking overlaps for volume sol1:0 (G4Tubs) ... OK! 
BLCMDsolenoid::Construct sol1 parent= relZ=75132.1 globZ=75132.1
	global pos=0.0,0.0,75132.1  Checking overlaps for volume sol3:0 (G4Tubs) ... OK! 
BLCMDsolenoid::Construct sol3 parent= relZ=75303.9 globZ=75303.9
	global pos=0.0,0.0,75303.9  Checking overlaps for volume sol4:0 (G4Tubs) ... OK! 
BLCMDsolenoid::Construct sol4 parent= relZ=76196.1 globZ=76196.1
	global pos=0.0,0.0,76196.1  Checking overlaps for volume sol2:0 (G4Tubs) ... OK! 
BLCMDsolenoid::Construct sol2 parent= relZ=76367.9 globZ=76367.9
	global pos=0.0,0.0,76367.9  Checking overlaps for volume sol1:0 (G4Tubs) ... OK! 
BLCMDsolenoid::Construct sol1 parent= relZ=76632.1 globZ=76632.1
	global pos=0.0,0.0,76632.1  Checking overlaps for volume sol3:0 (G4Tubs) ... OK! 
BLCMDsolenoid::Construct sol3 parent= relZ=76803.9 globZ=76803.9
	global pos=0.0,0.0,76803.9  Checking overlaps for volume sol4:0 (G4Tubs) ... OK! 
BLCMDsolenoid::Construct sol4 parent= relZ=77696.1 globZ=77696.1
	global pos=0.0,0.0,77696.1  Checking overlaps for volume sol2:0 (G4Tubs) ... OK! 
BLCMDsolenoid::Construct sol2 parent= relZ=77867.9 globZ=77867.9
	global pos=0.0,0.0,77867.9  Checking overlaps for volume sol1:0 (G4Tubs) ... OK! 
BLCMDsolenoid::Construct sol1 parent= relZ=78132.1 globZ=78132.1
	global pos=0.0,0.0,78132.1  Checking overlaps for volume sol3:0 (G4Tubs) ... OK! 
BLCMDsolenoid::Construct sol3 parent= relZ=78303.9 globZ=78303.9
	global pos=0.0,0.0,78303.9  Checking overlaps for volume sol4:0 (G4Tubs) ... OK! 
BLCMDsolenoid::Construct sol4 parent= relZ=79196.1 globZ=79196.1
	global pos=0.0,0.0,79196.1  Checking overlaps for volume sol2:0 (G4Tubs) ... OK! 
BLCMDsolenoid::Construct sol2 parent= relZ=79367.9 globZ=79367.9
	global pos=0.0,0.0,79367.9  Checking overlaps for volume sol1:0 (G4Tubs) ... OK! 
BLCMDsolenoid::Construct sol1 parent= relZ=79632.1 globZ=79632.1
	global pos=0.0,0.0,79632.1  Checking overlaps for volume sol3:0 (G4Tubs) ... OK! 
BLCMDsolenoid::Construct sol3 parent= relZ=79803.9 globZ=79803.9
	global pos=0.0,0.0,79803.9  Checking overlaps for volume sol4:0 (G4Tubs) ... OK! 
BLCMDsolenoid::Construct sol4 parent= relZ=80696.1 globZ=80696.1
	global pos=0.0,0.0,80696.1  Checking overlaps for volume sol2:0 (G4Tubs) ... OK! 
BLCMDsolenoid::Construct sol2 parent= relZ=80867.9 globZ=80867.9
	global pos=0.0,0.0,80867.9  Checking overlaps for volume sol1:0 (G4Tubs) ... OK! 
BLCMDsolenoid::Construct sol1 parent= relZ=81132.1 globZ=81132.1
	global pos=0.0,0.0,81132.1  Checking overlaps for volume sol3:0 (G4Tubs) ... OK! 
BLCMDsolenoid::Construct sol3 parent= relZ=81303.9 globZ=81303.9
	global pos=0.0,0.0,81303.9  Checking overlaps for volume sol4:0 (G4Tubs) ... OK! 
BLCMDsolenoid::Construct sol4 parent= relZ=82196.1 globZ=82196.1
	global pos=0.0,0.0,82196.1  Checking overlaps for volume sol2:0 (G4Tubs) ... OK! 
BLCMDsolenoid::Construct sol2 parent= relZ=82367.9 globZ=82367.9
	global pos=0.0,0.0,82367.9  Checking overlaps for volume sol1:0 (G4Tubs) ... OK! 
BLCMDsolenoid::Construct sol1 parent= relZ=82632.1 globZ=82632.1
	global pos=0.0,0.0,82632.1  Checking overlaps for volume sol3:0 (G4Tubs) ... OK! 
BLCMDsolenoid::Construct sol3 parent= relZ=82803.9 globZ=82803.9
	global pos=0.0,0.0,82803.9  Checking overlaps for volume sol4:0 (G4Tubs) ... OK! 
BLCMDsolenoid::Construct sol4 parent= relZ=83696.1 globZ=83696.1
	global pos=0.0,0.0,83696.1  Checking overlaps for volume sol2:0 (G4Tubs) ... OK! 
BLCMDsolenoid::Construct sol2 parent= relZ=83867.9 globZ=83867.9
	global pos=0.0,0.0,83867.9  Checking overlaps for volume sol1:0 (G4Tubs) ... OK! 
BLCMDsolenoid::Construct sol1 parent= relZ=84132.1 globZ=84132.1
	global pos=0.0,0.0,84132.1  Checking overlaps for volume sol3:0 (G4Tubs) ... OK! 
BLCMDsolenoid::Construct sol3 parent= relZ=84303.9 globZ=84303.9
	global pos=0.0,0.0,84303.9  Checking overlaps for volume sol4:0 (G4Tubs) ... OK! 
BLCMDsolenoid::Construct sol4 parent= relZ=85196.1 globZ=85196.1
	global pos=0.0,0.0,85196.1  Checking overlaps for volume sol2:0 (G4Tubs) ... OK! 
BLCMDsolenoid::Construct sol2 parent= relZ=85367.9 globZ=85367.9
	global pos=0.0,0.0,85367.9  Checking overlaps for volume sol1:0 (G4Tubs) ... OK! 
BLCMDsolenoid::Construct sol1 parent= relZ=85632.1 globZ=85632.1
	global pos=0.0,0.0,85632.1  Checking overlaps for volume sol3:0 (G4Tubs) ... OK! 
BLCMDsolenoid::Construct sol3 parent= relZ=85803.9 globZ=85803.9
	global pos=0.0,0.0,85803.9  Checking overlaps for volume sol4:0 (G4Tubs) ... OK! 
BLCMDsolenoid::Construct sol4 parent= relZ=86696.1 globZ=86696.1
	global pos=0.0,0.0,86696.1  Checking overlaps for volume sol2:0 (G4Tubs) ... OK! 
BLCMDsolenoid::Construct sol2 parent= relZ=86867.9 globZ=86867.9
	global pos=0.0,0.0,86867.9  Checking overlaps for volume sol1:0 (G4Tubs) ... OK! 
BLCMDsolenoid::Construct sol1 parent= relZ=87132.1 globZ=87132.1
	global pos=0.0,0.0,87132.1  Checking overlaps for volume sol3:0 (G4Tubs) ... OK! 
BLCMDsolenoid::Construct sol3 parent= relZ=87303.9 globZ=87303.9
	global pos=0.0,0.0,87303.9  Checking overlaps for volume sol4:0 (G4Tubs) ... OK! 
BLCMDsolenoid::Construct sol4 parent= relZ=88196.1 globZ=88196.1
	global pos=0.0,0.0,88196.1  Checking overlaps for volume sol2:0 (G4Tubs) ... OK! 
BLCMDsolenoid::Construct sol2 parent= relZ=88367.9 globZ=88367.9
	global pos=0.0,0.0,88367.9  Checking overlaps for volume sol1:0 (G4Tubs) ... OK! 
BLCMDsolenoid::Construct sol1 parent= relZ=88632.1 globZ=88632.1
	global pos=0.0,0.0,88632.1  Checking overlaps for volume sol3:0 (G4Tubs) ... OK! 
BLCMDsolenoid::Construct sol3 parent= relZ=88803.9 globZ=88803.9
	global pos=0.0,0.0,88803.9  Checking overlaps for volume sol4:0 (G4Tubs) ... OK! 
BLCMDsolenoid::Construct sol4 parent= relZ=89696.1 globZ=89696.1
	global pos=0.0,0.0,89696.1  Checking overlaps for volume sol2:0 (G4Tubs) ... OK! 
BLCMDsolenoid::Construct sol2 parent= relZ=89867.9 globZ=89867.9
	global pos=0.0,0.0,89867.9  Checking overlaps for volume sol1:0 (G4Tubs) ... OK! 
BLCMDsolenoid::Construct sol1 parent= relZ=90132.1 globZ=90132.1
	global pos=0.0,0.0,90132.1  Checking overlaps for volume sol3:0 (G4Tubs) ... OK! 
BLCMDsolenoid::Construct sol3 parent= relZ=90303.9 globZ=90303.9
	global pos=0.0,0.0,90303.9  Checking overlaps for volume sol4:0 (G4Tubs) ... OK! 
BLCMDsolenoid::Construct sol4 parent= relZ=91196.1 globZ=91196.1
	global pos=0.0,0.0,91196.1  Checking overlaps for volume sol2:0 (G4Tubs) ... OK! 
BLCMDsolenoid::Construct sol2 parent= relZ=91367.9 globZ=91367.9
	global pos=0.0,0.0,91367.9  Checking overlaps for volume sol1:0 (G4Tubs) ... OK! 
BLCMDsolenoid::Construct sol1 parent= relZ=91632.1 globZ=91632.1
	global pos=0.0,0.0,91632.1  Checking overlaps for volume sol3:0 (G4Tubs) ... OK! 
BLCMDsolenoid::Construct sol3 parent= relZ=91803.9 globZ=91803.9
	global pos=0.0,0.0,91803.9  Checking overlaps for volume sol4:0 (G4Tubs) ... OK! 
BLCMDsolenoid::Construct sol4 parent= relZ=92696.1 globZ=92696.1
	global pos=0.0,0.0,92696.1  Checking overlaps for volume sol2:0 (G4Tubs) ... OK! 
BLCMDsolenoid::Construct sol2 parent= relZ=92867.9 globZ=92867.9
	global pos=0.0,0.0,92867.9  Checking overlaps for volume sol1:0 (G4Tubs) ... OK! 
BLCMDsolenoid::Construct sol1 parent= relZ=93132.1 globZ=93132.1
	global pos=0.0,0.0,93132.1  Checking overlaps for volume sol3:0 (G4Tubs) ... OK! 
BLCMDsolenoid::Construct sol3 parent= relZ=93303.9 globZ=93303.9
	global pos=0.0,0.0,93303.9  Checking overlaps for volume sol4:0 (G4Tubs) ... OK! 
BLCMDsolenoid::Construct sol4 parent= relZ=94196.1 globZ=94196.1
	global pos=0.0,0.0,94196.1  Checking overlaps for volume sol2:0 (G4Tubs) ... OK! 
BLCMDsolenoid::Construct sol2 parent= relZ=94367.9 globZ=94367.9
	global pos=0.0,0.0,94367.9  Checking overlaps for volume sol1:0 (G4Tubs) ... OK! 
BLCMDsolenoid::Construct sol1 parent= relZ=94632.1 globZ=94632.1
	global pos=0.0,0.0,94632.1  Checking overlaps for volume sol3:0 (G4Tubs) ... OK! 
BLCMDsolenoid::Construct sol3 parent= relZ=94803.9 globZ=94803.9
	global pos=0.0,0.0,94803.9  Checking overlaps for volume sol4:0 (G4Tubs) ... OK! 
BLCMDsolenoid::Construct sol4 parent= relZ=95696.1 globZ=95696.1
	global pos=0.0,0.0,95696.1  Checking overlaps for volume sol2:0 (G4Tubs) ... OK! 
BLCMDsolenoid::Construct sol2 parent= relZ=95867.9 globZ=95867.9
	global pos=0.0,0.0,95867.9  Checking overlaps for volume sol1:0 (G4Tubs) ... OK! 
BLCMDsolenoid::Construct sol1 parent= relZ=96132.1 globZ=96132.1
	global pos=0.0,0.0,96132.1  Checking overlaps for volume sol3:0 (G4Tubs) ... OK! 
BLCMDsolenoid::Construct sol3 parent= relZ=96303.9 globZ=96303.9
	global pos=0.0,0.0,96303.9  Checking overlaps for volume sol4:0 (G4Tubs) ... OK! 
BLCMDsolenoid::Construct sol4 parent= relZ=97196.1 globZ=97196.1
	global pos=0.0,0.0,97196.1  Checking overlaps for volume sol2:0 (G4Tubs) ... OK! 
BLCMDsolenoid::Construct sol2 parent= relZ=97367.9 globZ=97367.9
	global pos=0.0,0.0,97367.9  Checking overlaps for volume sol1:0 (G4Tubs) ... OK! 
BLCMDsolenoid::Construct sol1 parent= relZ=97632.1 globZ=97632.1
	global pos=0.0,0.0,97632.1  Checking overlaps for volume sol3:0 (G4Tubs) ... OK! 
BLCMDsolenoid::Construct sol3 parent= relZ=97803.9 globZ=97803.9
	global pos=0.0,0.0,97803.9  Checking overlaps for volume sol4:0 (G4Tubs) ... OK! 
BLCMDsolenoid::Construct sol4 parent= relZ=98696.1 globZ=98696.1
	global pos=0.0,0.0,98696.1  Checking overlaps for volume sol2:0 (G4Tubs) ... OK! 
BLCMDsolenoid::Construct sol2 parent= relZ=98867.9 globZ=98867.9
	global pos=0.0,0.0,98867.9  BLCMDgenericbend::Construct solbend_a_-2 parent= relZ=-2850.0 globZ=-2850.0
	zmin=-2900.0 zmax=-2800.0
BLCMDgenericbend::Construct solbend_b_-2 parent= relZ=-1650.0 globZ=-1650.0
	zmin=-1700.0 zmax=-1600.0
BLCMDgenericbend::Construct solbend_a_-1 parent= relZ=-1350.0 globZ=-1350.0
	zmin=-1400.0 zmax=-1300.0
BLCMDgenericbend::Construct solbend_b_-1 parent= relZ=-150.0 globZ=-150.0
	zmin=-200.0 zmax=-100.0
BLCMDgenericbend::Construct solbend_a_0 parent= relZ=150.0 globZ=150.0
	zmin=100.0 zmax=200.0
BLCMDgenericbend::Construct solbend_b_0 parent= relZ=1350.0 globZ=1350.0
	zmin=1300.0 zmax=1400.0
BLCMDgenericbend::Construct solbend_a_1 parent= relZ=1650.0 globZ=1650.0
	zmin=1600.0 zmax=1700.0
BLCMDgenericbend::Construct solbend_b_1 parent= relZ=2850.0 globZ=2850.0
	zmin=2800.0 zmax=2900.0
BLCMDgenericbend::Construct solbend_a_2 parent= relZ=3150.0 globZ=3150.0
	zmin=3100.0 zmax=3200.0
BLCMDgenericbend::Construct solbend_b_2 parent= relZ=4350.0 globZ=4350.0
	zmin=4300.0 zmax=4400.0
BLCMDgenericbend::Construct solbend_a_3 parent= relZ=4650.0 globZ=4650.0
	zmin=4600.0 zmax=4700.0
BLCMDgenericbend::Construct solbend_b_3 parent= relZ=5850.0 globZ=5850.0
	zmin=5800.0 zmax=5900.0
BLCMDgenericbend::Construct solbend_a_4 parent= relZ=6150.0 globZ=6150.0
	zmin=6100.0 zmax=6200.0
BLCMDgenericbend::Construct solbend_b_4 parent= relZ=7350.0 globZ=7350.0
	zmin=7300.0 zmax=7400.0
BLCMDgenericbend::Construct solbend_a_5 parent= relZ=7650.0 globZ=7650.0
	zmin=7600.0 zmax=7700.0
BLCMDgenericbend::Construct solbend_b_5 parent= relZ=8850.0 globZ=8850.0
	zmin=8800.0 zmax=8900.0
BLCMDgenericbend::Construct solbend_a_6 parent= relZ=9150.0 globZ=9150.0
	zmin=9100.0 zmax=9200.0
BLCMDgenericbend::Construct solbend_b_6 parent= relZ=10350.0 globZ=10350.0
	zmin=10300.0 zmax=10400.0
BLCMDgenericbend::Construct solbend_a_7 parent= relZ=10650.0 globZ=10650.0
	zmin=10600.0 zmax=10700.0
BLCMDgenericbend::Construct solbend_b_7 parent= relZ=11850.0 globZ=11850.0
	zmin=11800.0 zmax=11900.0
BLCMDgenericbend::Construct solbend_a_8 parent= relZ=12150.0 globZ=12150.0
	zmin=12100.0 zmax=12200.0
BLCMDgenericbend::Construct solbend_b_8 parent= relZ=13350.0 globZ=13350.0
	zmin=13300.0 zmax=13400.0
BLCMDgenericbend::Construct solbend_a_9 parent= relZ=13650.0 globZ=13650.0
	zmin=13600.0 zmax=13700.0
BLCMDgenericbend::Construct solbend_b_9 parent= relZ=14850.0 globZ=14850.0
	zmin=14800.0 zmax=14900.0
BLCMDgenericbend::Construct solbend_a_10 parent= relZ=15150.0 globZ=15150.0
	zmin=15100.0 zmax=15200.0
BLCMDgenericbend::Construct solbend_b_10 parent= relZ=16350.0 globZ=16350.0
	zmin=16300.0 zmax=16400.0
BLCMDgenericbend::Construct solbend_a_11 parent= relZ=16650.0 globZ=16650.0
	zmin=16600.0 zmax=16700.0
BLCMDgenericbend::Construct solbend_b_11 parent= relZ=17850.0 globZ=17850.0
	zmin=17800.0 zmax=17900.0
BLCMDgenericbend::Construct solbend_a_12 parent= relZ=18150.0 globZ=18150.0
	zmin=18100.0 zmax=18200.0
BLCMDgenericbend::Construct solbend_b_12 parent= relZ=19350.0 globZ=19350.0
	zmin=19300.0 zmax=19400.0
BLCMDgenericbend::Construct solbend_a_13 parent= relZ=19650.0 globZ=19650.0
	zmin=19600.0 zmax=19700.0
BLCMDgenericbend::Construct solbend_b_13 parent= relZ=20850.0 globZ=20850.0
	zmin=20800.0 zmax=20900.0
BLCMDgenericbend::Construct solbend_a_14 parent= relZ=21150.0 globZ=21150.0
	zmin=21100.0 zmax=21200.0
BLCMDgenericbend::Construct solbend_b_14 parent= relZ=22350.0 globZ=22350.0
	zmin=22300.0 zmax=22400.0
BLCMDgenericbend::Construct solbend_a_15 parent= relZ=22650.0 globZ=22650.0
	zmin=22600.0 zmax=22700.0
BLCMDgenericbend::Construct solbend_b_15 parent= relZ=23850.0 globZ=23850.0
	zmin=23800.0 zmax=23900.0
BLCMDgenericbend::Construct solbend_a_16 parent= relZ=24150.0 globZ=24150.0
	zmin=24100.0 zmax=24200.0
BLCMDgenericbend::Construct solbend_b_16 parent= relZ=25350.0 globZ=25350.0
	zmin=25300.0 zmax=25400.0
BLCMDgenericbend::Construct solbend_a_17 parent= relZ=25650.0 globZ=25650.0
	zmin=25600.0 zmax=25700.0
BLCMDgenericbend::Construct solbend_b_17 parent= relZ=26850.0 globZ=26850.0
	zmin=26800.0 zmax=26900.0
BLCMDgenericbend::Construct solbend_a_18 parent= relZ=27150.0 globZ=27150.0
	zmin=27100.0 zmax=27200.0
BLCMDgenericbend::Construct solbend_b_18 parent= relZ=28350.0 globZ=28350.0
	zmin=28300.0 zmax=28400.0
BLCMDgenericbend::Construct solbend_a_19 parent= relZ=28650.0 globZ=28650.0
	zmin=28600.0 zmax=28700.0
BLCMDgenericbend::Construct solbend_b_19 parent= relZ=29850.0 globZ=29850.0
	zmin=29800.0 zmax=29900.0
BLCMDgenericbend::Construct solbend_a_20 parent= relZ=30150.0 globZ=30150.0
	zmin=30100.0 zmax=30200.0
BLCMDgenericbend::Construct solbend_b_20 parent= relZ=31350.0 globZ=31350.0
	zmin=31300.0 zmax=31400.0
BLCMDgenericbend::Construct solbend_a_21 parent= relZ=31650.0 globZ=31650.0
	zmin=31600.0 zmax=31700.0
BLCMDgenericbend::Construct solbend_b_21 parent= relZ=32850.0 globZ=32850.0
	zmin=32800.0 zmax=32900.0
BLCMDgenericbend::Construct solbend_a_22 parent= relZ=33150.0 globZ=33150.0
	zmin=33100.0 zmax=33200.0
BLCMDgenericbend::Construct solbend_b_22 parent= relZ=34350.0 globZ=34350.0
	zmin=34300.0 zmax=34400.0
BLCMDgenericbend::Construct solbend_a_23 parent= relZ=34650.0 globZ=34650.0
	zmin=34600.0 zmax=34700.0
BLCMDgenericbend::Construct solbend_b_23 parent= relZ=35850.0 globZ=35850.0
	zmin=35800.0 zmax=35900.0
BLCMDgenericbend::Construct solbend_a_24 parent= relZ=36150.0 globZ=36150.0
	zmin=36100.0 zmax=36200.0
BLCMDgenericbend::Construct solbend_b_24 parent= relZ=37350.0 globZ=37350.0
	zmin=37300.0 zmax=37400.0
BLCMDgenericbend::Construct solbend_a_25 parent= relZ=37650.0 globZ=37650.0
	zmin=37600.0 zmax=37700.0
BLCMDgenericbend::Construct solbend_b_25 parent= relZ=38850.0 globZ=38850.0
	zmin=38800.0 zmax=38900.0
BLCMDgenericbend::Construct solbend_a_26 parent= relZ=39150.0 globZ=39150.0
	zmin=39100.0 zmax=39200.0
BLCMDgenericbend::Construct solbend_b_26 parent= relZ=40350.0 globZ=40350.0
	zmin=40300.0 zmax=40400.0
BLCMDgenericbend::Construct solbend_a_27 parent= relZ=40650.0 globZ=40650.0
	zmin=40600.0 zmax=40700.0
BLCMDgenericbend::Construct solbend_b_27 parent= relZ=41850.0 globZ=41850.0
	zmin=41800.0 zmax=41900.0
BLCMDgenericbend::Construct solbend_a_28 parent= relZ=42150.0 globZ=42150.0
	zmin=42100.0 zmax=42200.0
BLCMDgenericbend::Construct solbend_b_28 parent= relZ=43350.0 globZ=43350.0
	zmin=43300.0 zmax=43400.0
BLCMDgenericbend::Construct solbend_a_29 parent= relZ=43650.0 globZ=43650.0
	zmin=43600.0 zmax=43700.0
BLCMDgenericbend::Construct solbend_b_29 parent= relZ=44850.0 globZ=44850.0
	zmin=44800.0 zmax=44900.0
BLCMDgenericbend::Construct solbend_a_30 parent= relZ=45150.0 globZ=45150.0
	zmin=45100.0 zmax=45200.0
BLCMDgenericbend::Construct solbend_b_30 parent= relZ=46350.0 globZ=46350.0
	zmin=46300.0 zmax=46400.0
BLCMDgenericbend::Construct solbend_a_31 parent= relZ=46650.0 globZ=46650.0
	zmin=46600.0 zmax=46700.0
BLCMDgenericbend::Construct solbend_b_31 parent= relZ=47850.0 globZ=47850.0
	zmin=47800.0 zmax=47900.0
BLCMDgenericbend::Construct solbend_a_32 parent= relZ=48150.0 globZ=48150.0
	zmin=48100.0 zmax=48200.0
BLCMDgenericbend::Construct solbend_b_32 parent= relZ=49350.0 globZ=49350.0
	zmin=49300.0 zmax=49400.0
BLCMDgenericbend::Construct solbend_a_33 parent= relZ=49650.0 globZ=49650.0
	zmin=49600.0 zmax=49700.0
BLCMDgenericbend::Construct solbend_b_33 parent= relZ=50850.0 globZ=50850.0
	zmin=50800.0 zmax=50900.0
BLCMDgenericbend::Construct solbend_a_34 parent= relZ=51150.0 globZ=51150.0
	zmin=51100.0 zmax=51200.0
BLCMDgenericbend::Construct solbend_b_34 parent= relZ=52350.0 globZ=52350.0
	zmin=52300.0 zmax=52400.0
BLCMDgenericbend::Construct solbend_a_35 parent= relZ=52650.0 globZ=52650.0
	zmin=52600.0 zmax=52700.0
BLCMDgenericbend::Construct solbend_b_35 parent= relZ=53850.0 globZ=53850.0
	zmin=53800.0 zmax=53900.0
BLCMDgenericbend::Construct solbend_a_36 parent= relZ=54150.0 globZ=54150.0
	zmin=54100.0 zmax=54200.0
BLCMDgenericbend::Construct solbend_b_36 parent= relZ=55350.0 globZ=55350.0
	zmin=55300.0 zmax=55400.0
BLCMDgenericbend::Construct solbend_a_37 parent= relZ=55650.0 globZ=55650.0
	zmin=55600.0 zmax=55700.0
BLCMDgenericbend::Construct solbend_b_37 parent= relZ=56850.0 globZ=56850.0
	zmin=56800.0 zmax=56900.0
BLCMDgenericbend::Construct solbend_a_38 parent= relZ=57150.0 globZ=57150.0
	zmin=57100.0 zmax=57200.0
BLCMDgenericbend::Construct solbend_b_38 parent= relZ=58350.0 globZ=58350.0
	zmin=58300.0 zmax=58400.0
BLCMDgenericbend::Construct solbend_a_39 parent= relZ=58650.0 globZ=58650.0
	zmin=58600.0 zmax=58700.0
BLCMDgenericbend::Construct solbend_b_39 parent= relZ=59850.0 globZ=59850.0
	zmin=59800.0 zmax=59900.0
BLCMDgenericbend::Construct solbend_a_40 parent= relZ=60150.0 globZ=60150.0
	zmin=60100.0 zmax=60200.0
BLCMDgenericbend::Construct solbend_b_40 parent= relZ=61350.0 globZ=61350.0
	zmin=61300.0 zmax=61400.0
BLCMDgenericbend::Construct solbend_a_41 parent= relZ=61650.0 globZ=61650.0
	zmin=61600.0 zmax=61700.0
BLCMDgenericbend::Construct solbend_b_41 parent= relZ=62850.0 globZ=62850.0
	zmin=62800.0 zmax=62900.0
BLCMDgenericbend::Construct solbend_a_42 parent= relZ=63150.0 globZ=63150.0
	zmin=63100.0 zmax=63200.0
BLCMDgenericbend::Construct solbend_b_42 parent= relZ=64350.0 globZ=64350.0
	zmin=64300.0 zmax=64400.0
BLCMDgenericbend::Construct solbend_a_43 parent= relZ=64650.0 globZ=64650.0
	zmin=64600.0 zmax=64700.0
BLCMDgenericbend::Construct solbend_b_43 parent= relZ=65850.0 globZ=65850.0
	zmin=65800.0 zmax=65900.0
BLCMDgenericbend::Construct solbend_a_44 parent= relZ=66150.0 globZ=66150.0
	zmin=66100.0 zmax=66200.0
BLCMDgenericbend::Construct solbend_b_44 parent= relZ=67350.0 globZ=67350.0
	zmin=67300.0 zmax=67400.0
BLCMDgenericbend::Construct solbend_a_45 parent= relZ=67650.0 globZ=67650.0
	zmin=67600.0 zmax=67700.0
BLCMDgenericbend::Construct solbend_b_45 parent= relZ=68850.0 globZ=68850.0
	zmin=68800.0 zmax=68900.0
BLCMDgenericbend::Construct solbend_a_46 parent= relZ=69150.0 globZ=69150.0
	zmin=69100.0 zmax=69200.0
BLCMDgenericbend::Construct solbend_b_46 parent= relZ=70350.0 globZ=70350.0
	zmin=70300.0 zmax=70400.0
BLCMDgenericbend::Construct solbend_a_47 parent= relZ=70650.0 globZ=70650.0
	zmin=70600.0 zmax=70700.0
BLCMDgenericbend::Construct solbend_b_47 parent= relZ=71850.0 globZ=71850.0
	zmin=71800.0 zmax=71900.0
BLCMDgenericbend::Construct solbend_a_48 parent= relZ=72150.0 globZ=72150.0
	zmin=72100.0 zmax=72200.0
BLCMDgenericbend::Construct solbend_b_48 parent= relZ=73350.0 globZ=73350.0
	zmin=73300.0 zmax=73400.0
BLCMDgenericbend::Construct solbend_a_49 parent= relZ=73650.0 globZ=73650.0
	zmin=73600.0 zmax=73700.0
BLCMDgenericbend::Construct solbend_b_49 parent= relZ=74850.0 globZ=74850.0
	zmin=74800.0 zmax=74900.0
BLCMDgenericbend::Construct solbend_a_50 parent= relZ=75150.0 globZ=75150.0
	zmin=75100.0 zmax=75200.0
BLCMDgenericbend::Construct solbend_b_50 parent= relZ=76350.0 globZ=76350.0
	zmin=76300.0 zmax=76400.0
BLCMDgenericbend::Construct solbend_a_51 parent= relZ=76650.0 globZ=76650.0
	zmin=76600.0 zmax=76700.0
BLCMDgenericbend::Construct solbend_b_51 parent= relZ=77850.0 globZ=77850.0
	zmin=77800.0 zmax=77900.0
BLCMDgenericbend::Construct solbend_a_52 parent= relZ=78150.0 globZ=78150.0
	zmin=78100.0 zmax=78200.0
BLCMDgenericbend::Construct solbend_b_52 parent= relZ=79350.0 globZ=79350.0
	zmin=79300.0 zmax=79400.0
BLCMDgenericbend::Construct solbend_a_53 parent= relZ=79650.0 globZ=79650.0
	zmin=79600.0 zmax=79700.0
BLCMDgenericbend::Construct solbend_b_53 parent= relZ=80850.0 globZ=80850.0
	zmin=80800.0 zmax=80900.0
BLCMDgenericbend::Construct solbend_a_54 parent= relZ=81150.0 globZ=81150.0
	zmin=81100.0 zmax=81200.0
BLCMDgenericbend::Construct solbend_b_54 parent= relZ=82350.0 globZ=82350.0
	zmin=82300.0 zmax=82400.0
BLCMDgenericbend::Construct solbend_a_55 parent= relZ=82650.0 globZ=82650.0
	zmin=82600.0 zmax=82700.0
BLCMDgenericbend::Construct solbend_b_55 parent= relZ=83850.0 globZ=83850.0
	zmin=83800.0 zmax=83900.0
BLCMDgenericbend::Construct solbend_a_56 parent= relZ=84150.0 globZ=84150.0
	zmin=84100.0 zmax=84200.0
BLCMDgenericbend::Construct solbend_b_56 parent= relZ=85350.0 globZ=85350.0
	zmin=85300.0 zmax=85400.0
BLCMDgenericbend::Construct solbend_a_57 parent= relZ=85650.0 globZ=85650.0
	zmin=85600.0 zmax=85700.0
BLCMDgenericbend::Construct solbend_b_57 parent= relZ=86850.0 globZ=86850.0
	zmin=86800.0 zmax=86900.0
BLCMDgenericbend::Construct solbend_a_58 parent= relZ=87150.0 globZ=87150.0
	zmin=87100.0 zmax=87200.0
BLCMDgenericbend::Construct solbend_b_58 parent= relZ=88350.0 globZ=88350.0
	zmin=88300.0 zmax=88400.0
BLCMDgenericbend::Construct solbend_a_59 parent= relZ=88650.0 globZ=88650.0
	zmin=88600.0 zmax=88700.0
BLCMDgenericbend::Construct solbend_b_59 parent= relZ=89850.0 globZ=89850.0
	zmin=89800.0 zmax=89900.0
BLCMDgenericbend::Construct solbend_a_60 parent= relZ=90150.0 globZ=90150.0
	zmin=90100.0 zmax=90200.0
BLCMDgenericbend::Construct solbend_b_60 parent= relZ=91350.0 globZ=91350.0
	zmin=91300.0 zmax=91400.0
BLCMDgenericbend::Construct solbend_a_61 parent= relZ=91650.0 globZ=91650.0
	zmin=91600.0 zmax=91700.0
BLCMDgenericbend::Construct solbend_b_61 parent= relZ=92850.0 globZ=92850.0
	zmin=92800.0 zmax=92900.0
BLCMDgenericbend::Construct solbend_a_62 parent= relZ=93150.0 globZ=93150.0
	zmin=93100.0 zmax=93200.0
BLCMDgenericbend::Construct solbend_b_62 parent= relZ=94350.0 globZ=94350.0
	zmin=94300.0 zmax=94400.0
BLCMDgenericbend::Construct solbend_a_63 parent= relZ=94650.0 globZ=94650.0
	zmin=94600.0 zmax=94700.0
BLCMDgenericbend::Construct solbend_b_63 parent= relZ=95850.0 globZ=95850.0
	zmin=95800.0 zmax=95900.0
BLCMDgenericbend::Construct solbend_a_64 parent= relZ=96150.0 globZ=96150.0
	zmin=96100.0 zmax=96200.0
BLCMDgenericbend::Construct solbend_b_64 parent= relZ=97350.0 globZ=97350.0
	zmin=97300.0 zmax=97400.0
BLCMDgenericbend::Construct solbend_a_65 parent= relZ=97650.0 globZ=97650.0
	zmin=97600.0 zmax=97700.0
BLCMDgenericbend::Construct solbend_b_65 parent= relZ=98850.0 globZ=98850.0
	zmin=98800.0 zmax=98900.0
BLMappedMagnet::Construct fringe_left parent= relZ=-3150.0
BLMappedMagnet::Construct fringe_right parent= relZ=-2550.0
BLMappedMagnet::Construct fringe_left parent= relZ=-1950.0
BLMappedMagnet::Construct fringe_right parent= relZ=-1350.0
BLMappedMagnet::Construct fringe_left parent= relZ=-1650.0
BLMappedMagnet::Construct fringe_right parent= relZ=-1050.0
BLMappedMagnet::Construct fringe_left parent= relZ=-450.0
BLMappedMagnet::Construct fringe_right parent= relZ=150.0
BLMappedMagnet::Construct fringe_left parent= relZ=-150.0
BLMappedMagnet::Construct fringe_right parent= relZ=450.0
BLMappedMagnet::Construct fringe_left parent= relZ=1050.0
BLMappedMagnet::Construct fringe_right parent= relZ=1650.0
BLMappedMagnet::Construct fringe_left parent= relZ=1350.0
BLMappedMagnet::Construct fringe_right parent= relZ=1950.0
BLMappedMagnet::Construct fringe_left parent= relZ=2550.0
BLMappedMagnet::Construct fringe_right parent= relZ=3150.0
BLMappedMagnet::Construct fringe_left parent= relZ=2850.0
BLMappedMagnet::Construct fringe_right parent= relZ=3450.0
BLMappedMagnet::Construct fringe_left parent= relZ=4050.0
BLMappedMagnet::Construct fringe_right parent= relZ=4650.0
BLMappedMagnet::Construct fringe_left parent= relZ=4350.0
BLMappedMagnet::Construct fringe_right parent= relZ=4950.0
BLMappedMagnet::Construct fringe_left parent= relZ=5550.0
BLMappedMagnet::Construct fringe_right parent= relZ=6150.0
BLMappedMagnet::Construct fringe_left parent= relZ=5850.0
BLMappedMagnet::Construct fringe_right parent= relZ=6450.0
BLMappedMagnet::Construct fringe_left parent= relZ=7050.0
BLMappedMagnet::Construct fringe_right parent= relZ=7650.0
BLMappedMagnet::Construct fringe_left parent= relZ=7350.0
BLMappedMagnet::Construct fringe_right parent= relZ=7950.0
BLMappedMagnet::Construct fringe_left parent= relZ=8550.0
BLMappedMagnet::Construct fringe_right parent= relZ=9150.0
BLMappedMagnet::Construct fringe_left parent= relZ=8850.0
BLMappedMagnet::Construct fringe_right parent= relZ=9450.0
BLMappedMagnet::Construct fringe_left parent= relZ=10050.0
BLMappedMagnet::Construct fringe_right parent= relZ=10650.0
BLMappedMagnet::Construct fringe_left parent= relZ=10350.0
BLMappedMagnet::Construct fringe_right parent= relZ=10950.0
BLMappedMagnet::Construct fringe_left parent= relZ=11550.0
BLMappedMagnet::Construct fringe_right parent= relZ=12150.0
BLMappedMagnet::Construct fringe_left parent= relZ=11850.0
BLMappedMagnet::Construct fringe_right parent= relZ=12450.0
BLMappedMagnet::Construct fringe_left parent= relZ=13050.0
BLMappedMagnet::Construct fringe_right parent= relZ=13650.0
BLMappedMagnet::Construct fringe_left parent= relZ=13350.0
BLMappedMagnet::Construct fringe_right parent= relZ=13950.0
BLMappedMagnet::Construct fringe_left parent= relZ=14550.0
BLMappedMagnet::Construct fringe_right parent= relZ=15150.0
BLMappedMagnet::Construct fringe_left parent= relZ=14850.0
BLMappedMagnet::Construct fringe_right parent= relZ=15450.0
BLMappedMagnet::Construct fringe_left parent= relZ=16050.0
BLMappedMagnet::Construct fringe_right parent= relZ=16650.0
BLMappedMagnet::Construct fringe_left parent= relZ=16350.0
BLMappedMagnet::Construct fringe_right parent= relZ=16950.0
BLMappedMagnet::Construct fringe_left parent= relZ=17550.0
BLMappedMagnet::Construct fringe_right parent= relZ=18150.0
BLMappedMagnet::Construct fringe_left parent= relZ=17850.0
BLMappedMagnet::Construct fringe_right parent= relZ=18450.0
BLMappedMagnet::Construct fringe_left parent= relZ=19050.0
BLMappedMagnet::Construct fringe_right parent= relZ=19650.0
BLMappedMagnet::Construct fringe_left parent= relZ=19350.0
BLMappedMagnet::Construct fringe_right parent= relZ=19950.0
BLMappedMagnet::Construct fringe_left parent= relZ=20550.0
BLMappedMagnet::Construct fringe_right parent= relZ=21150.0
BLMappedMagnet::Construct fringe_left parent= relZ=20850.0
BLMappedMagnet::Construct fringe_right parent= relZ=21450.0
BLMappedMagnet::Construct fringe_left parent= relZ=22050.0
BLMappedMagnet::Construct fringe_right parent= relZ=22650.0
BLMappedMagnet::Construct fringe_left parent= relZ=22350.0
BLMappedMagnet::Construct fringe_right parent= relZ=22950.0
BLMappedMagnet::Construct fringe_left parent= relZ=23550.0
BLMappedMagnet::Construct fringe_right parent= relZ=24150.0
BLMappedMagnet::Construct fringe_left parent= relZ=23850.0
BLMappedMagnet::Construct fringe_right parent= relZ=24450.0
BLMappedMagnet::Construct fringe_left parent= relZ=25050.0
BLMappedMagnet::Construct fringe_right parent= relZ=25650.0
BLMappedMagnet::Construct fringe_left parent= relZ=25350.0
BLMappedMagnet::Construct fringe_right parent= relZ=25950.0
BLMappedMagnet::Construct fringe_left parent= relZ=26550.0
BLMappedMagnet::Construct fringe_right parent= relZ=27150.0
BLMappedMagnet::Construct fringe_left parent= relZ=26850.0
BLMappedMagnet::Construct fringe_right parent= relZ=27450.0
BLMappedMagnet::Construct fringe_left parent= relZ=28050.0
BLMappedMagnet::Construct fringe_right parent= relZ=28650.0
BLMappedMagnet::Construct fringe_left parent= relZ=28350.0
BLMappedMagnet::Construct fringe_right parent= relZ=28950.0
BLMappedMagnet::Construct fringe_left parent= relZ=29550.0
BLMappedMagnet::Construct fringe_right parent= relZ=30150.0
BLMappedMagnet::Construct fringe_left parent= relZ=29850.0
BLMappedMagnet::Construct fringe_right parent= relZ=30450.0
BLMappedMagnet::Construct fringe_left parent= relZ=31050.0
BLMappedMagnet::Construct fringe_right parent= relZ=31650.0
BLMappedMagnet::Construct fringe_left parent= relZ=31350.0
BLMappedMagnet::Construct fringe_right parent= relZ=31950.0
BLMappedMagnet::Construct fringe_left parent= relZ=32550.0
BLMappedMagnet::Construct fringe_right parent= relZ=33150.0
BLMappedMagnet::Construct fringe_left parent= relZ=32850.0
BLMappedMagnet::Construct fringe_right parent= relZ=33450.0
BLMappedMagnet::Construct fringe_left parent= relZ=34050.0
BLMappedMagnet::Construct fringe_right parent= relZ=34650.0
BLMappedMagnet::Construct fringe_left parent= relZ=34350.0
BLMappedMagnet::Construct fringe_right parent= relZ=34950.0
BLMappedMagnet::Construct fringe_left parent= relZ=35550.0
BLMappedMagnet::Construct fringe_right parent= relZ=36150.0
BLMappedMagnet::Construct fringe_left parent= relZ=35850.0
BLMappedMagnet::Construct fringe_right parent= relZ=36450.0
BLMappedMagnet::Construct fringe_left parent= relZ=37050.0
BLMappedMagnet::Construct fringe_right parent= relZ=37650.0
BLMappedMagnet::Construct fringe_left parent= relZ=37350.0
BLMappedMagnet::Construct fringe_right parent= relZ=37950.0
BLMappedMagnet::Construct fringe_left parent= relZ=38550.0
BLMappedMagnet::Construct fringe_right parent= relZ=39150.0
BLMappedMagnet::Construct fringe_left parent= relZ=38850.0
BLMappedMagnet::Construct fringe_right parent= relZ=39450.0
BLMappedMagnet::Construct fringe_left parent= relZ=40050.0
BLMappedMagnet::Construct fringe_right parent= relZ=40650.0
BLMappedMagnet::Construct fringe_left parent= relZ=40350.0
BLMappedMagnet::Construct fringe_right parent= relZ=40950.0
BLMappedMagnet::Construct fringe_left parent= relZ=41550.0
BLMappedMagnet::Construct fringe_right parent= relZ=42150.0
BLMappedMagnet::Construct fringe_left parent= relZ=41850.0
BLMappedMagnet::Construct fringe_right parent= relZ=42450.0
BLMappedMagnet::Construct fringe_left parent= relZ=43050.0
BLMappedMagnet::Construct fringe_right parent= relZ=43650.0
BLMappedMagnet::Construct fringe_left parent= relZ=43350.0
BLMappedMagnet::Construct fringe_right parent= relZ=43950.0
BLMappedMagnet::Construct fringe_left parent= relZ=44550.0
BLMappedMagnet::Construct fringe_right parent= relZ=45150.0
BLMappedMagnet::Construct fringe_left parent= relZ=44850.0
BLMappedMagnet::Construct fringe_right parent= relZ=45450.0
BLMappedMagnet::Construct fringe_left parent= relZ=46050.0
BLMappedMagnet::Construct fringe_right parent= relZ=46650.0
BLMappedMagnet::Construct fringe_left parent= relZ=46350.0
BLMappedMagnet::Construct fringe_right parent= relZ=46950.0
BLMappedMagnet::Construct fringe_left parent= relZ=47550.0
BLMappedMagnet::Construct fringe_right parent= relZ=48150.0
BLMappedMagnet::Construct fringe_left parent= relZ=47850.0
BLMappedMagnet::Construct fringe_right parent= relZ=48450.0
BLMappedMagnet::Construct fringe_left parent= relZ=49050.0
BLMappedMagnet::Construct fringe_right parent= relZ=49650.0
BLMappedMagnet::Construct fringe_left parent= relZ=49350.0
BLMappedMagnet::Construct fringe_right parent= relZ=49950.0
BLMappedMagnet::Construct fringe_left parent= relZ=50550.0
BLMappedMagnet::Construct fringe_right parent= relZ=51150.0
BLMappedMagnet::Construct fringe_left parent= relZ=50850.0
BLMappedMagnet::Construct fringe_right parent= relZ=51450.0
BLMappedMagnet::Construct fringe_left parent= relZ=52050.0
BLMappedMagnet::Construct fringe_right parent= relZ=52650.0
BLMappedMagnet::Construct fringe_left parent= relZ=52350.0
BLMappedMagnet::Construct fringe_right parent= relZ=52950.0
BLMappedMagnet::Construct fringe_left parent= relZ=53550.0
BLMappedMagnet::Construct fringe_right parent= relZ=54150.0
BLMappedMagnet::Construct fringe_left parent= relZ=53850.0
BLMappedMagnet::Construct fringe_right parent= relZ=54450.0
BLMappedMagnet::Construct fringe_left parent= relZ=55050.0
BLMappedMagnet::Construct fringe_right parent= relZ=55650.0
BLMappedMagnet::Construct fringe_left parent= relZ=55350.0
BLMappedMagnet::Construct fringe_right parent= relZ=55950.0
BLMappedMagnet::Construct fringe_left parent= relZ=56550.0
BLMappedMagnet::Construct fringe_right parent= relZ=57150.0
BLMappedMagnet::Construct fringe_left parent= relZ=56850.0
BLMappedMagnet::Construct fringe_right parent= relZ=57450.0
BLMappedMagnet::Construct fringe_left parent= relZ=58050.0
BLMappedMagnet::Construct fringe_right parent= relZ=58650.0
BLMappedMagnet::Construct fringe_left parent= relZ=58350.0
BLMappedMagnet::Construct fringe_right parent= relZ=58950.0
BLMappedMagnet::Construct fringe_left parent= relZ=59550.0
BLMappedMagnet::Construct fringe_right parent= relZ=60150.0
BLMappedMagnet::Construct fringe_left parent= relZ=59850.0
BLMappedMagnet::Construct fringe_right parent= relZ=60450.0
BLMappedMagnet::Construct fringe_left parent= relZ=61050.0
BLMappedMagnet::Construct fringe_right parent= relZ=61650.0
BLMappedMagnet::Construct fringe_left parent= relZ=61350.0
BLMappedMagnet::Construct fringe_right parent= relZ=61950.0
BLMappedMagnet::Construct fringe_left parent= relZ=62550.0
BLMappedMagnet::Construct fringe_right parent= relZ=63150.0
BLMappedMagnet::Construct fringe_left parent= relZ=62850.0
BLMappedMagnet::Construct fringe_right parent= relZ=63450.0
BLMappedMagnet::Construct fringe_left parent= relZ=64050.0
BLMappedMagnet::Construct fringe_right parent= relZ=64650.0
BLMappedMagnet::Construct fringe_left parent= relZ=64350.0
BLMappedMagnet::Construct fringe_right parent= relZ=64950.0
BLMappedMagnet::Construct fringe_left parent= relZ=65550.0
BLMappedMagnet::Construct fringe_right parent= relZ=66150.0
BLMappedMagnet::Construct fringe_left parent= relZ=65850.0
BLMappedMagnet::Construct fringe_right parent= relZ=66450.0
BLMappedMagnet::Construct fringe_left parent= relZ=67050.0
BLMappedMagnet::Construct fringe_right parent= relZ=67650.0
BLMappedMagnet::Construct fringe_left parent= relZ=67350.0
BLMappedMagnet::Construct fringe_right parent= relZ=67950.0
BLMappedMagnet::Construct fringe_left parent= relZ=68550.0
BLMappedMagnet::Construct fringe_right parent= relZ=69150.0
BLMappedMagnet::Construct fringe_left parent= relZ=68850.0
BLMappedMagnet::Construct fringe_right parent= relZ=69450.0
BLMappedMagnet::Construct fringe_left parent= relZ=70050.0
BLMappedMagnet::Construct fringe_right parent= relZ=70650.0
BLMappedMagnet::Construct fringe_left parent= relZ=70350.0
BLMappedMagnet::Construct fringe_right parent= relZ=70950.0
BLMappedMagnet::Construct fringe_left parent= relZ=71550.0
BLMappedMagnet::Construct fringe_right parent= relZ=72150.0
BLMappedMagnet::Construct fringe_left parent= relZ=71850.0
BLMappedMagnet::Construct fringe_right parent= relZ=72450.0
BLMappedMagnet::Construct fringe_left parent= relZ=73050.0
BLMappedMagnet::Construct fringe_right parent= relZ=73650.0
BLMappedMagnet::Construct fringe_left parent= relZ=73350.0
BLMappedMagnet::Construct fringe_right parent= relZ=73950.0
BLMappedMagnet::Construct fringe_left parent= relZ=74550.0
BLMappedMagnet::Construct fringe_right parent= relZ=75150.0
BLMappedMagnet::Construct fringe_left parent= relZ=74850.0
BLMappedMagnet::Construct fringe_right parent= relZ=75450.0
BLMappedMagnet::Construct fringe_left parent= relZ=76050.0
BLMappedMagnet::Construct fringe_right parent= relZ=76650.0
BLMappedMagnet::Construct fringe_left parent= relZ=76350.0
BLMappedMagnet::Construct fringe_right parent= relZ=76950.0
BLMappedMagnet::Construct fringe_left parent= relZ=77550.0
BLMappedMagnet::Construct fringe_right parent= relZ=78150.0
BLMappedMagnet::Construct fringe_left parent= relZ=77850.0
BLMappedMagnet::Construct fringe_right parent= relZ=78450.0
BLMappedMagnet::Construct fringe_left parent= relZ=79050.0
BLMappedMagnet::Construct fringe_right parent= relZ=79650.0
BLMappedMagnet::Construct fringe_left parent= relZ=79350.0
BLMappedMagnet::Construct fringe_right parent= relZ=79950.0
BLMappedMagnet::Construct fringe_left parent= relZ=80550.0
BLMappedMagnet::Construct fringe_right parent= relZ=81150.0
BLMappedMagnet::Construct fringe_left parent= relZ=80850.0
BLMappedMagnet::Construct fringe_right parent= relZ=81450.0
BLMappedMagnet::Construct fringe_left parent= relZ=82050.0
BLMappedMagnet::Construct fringe_right parent= relZ=82650.0
BLMappedMagnet::Construct fringe_left parent= relZ=82350.0
BLMappedMagnet::Construct fringe_right parent= relZ=82950.0
BLMappedMagnet::Construct fringe_left parent= relZ=83550.0
BLMappedMagnet::Construct fringe_right parent= relZ=84150.0
BLMappedMagnet::Construct fringe_left parent= relZ=83850.0
BLMappedMagnet::Construct fringe_right parent= relZ=84450.0
BLMappedMagnet::Construct fringe_left parent= relZ=85050.0
BLMappedMagnet::Construct fringe_right parent= relZ=85650.0
BLMappedMagnet::Construct fringe_left parent= relZ=85350.0
BLMappedMagnet::Construct fringe_right parent= relZ=85950.0
BLMappedMagnet::Construct fringe_left parent= relZ=86550.0
BLMappedMagnet::Construct fringe_right parent= relZ=87150.0
BLMappedMagnet::Construct fringe_left parent= relZ=86850.0
BLMappedMagnet::Construct fringe_right parent= relZ=87450.0
BLMappedMagnet::Construct fringe_left parent= relZ=88050.0
BLMappedMagnet::Construct fringe_right parent= relZ=88650.0
BLMappedMagnet::Construct fringe_left parent= relZ=88350.0
BLMappedMagnet::Construct fringe_right parent= relZ=88950.0
BLMappedMagnet::Construct fringe_left parent= relZ=89550.0
BLMappedMagnet::Construct fringe_right parent= relZ=90150.0
BLMappedMagnet::Construct fringe_left parent= relZ=89850.0
BLMappedMagnet::Construct fringe_right parent= relZ=90450.0
BLMappedMagnet::Construct fringe_left parent= relZ=91050.0
BLMappedMagnet::Construct fringe_right parent= relZ=91650.0
BLMappedMagnet::Construct fringe_left parent= relZ=91350.0
BLMappedMagnet::Construct fringe_right parent= relZ=91950.0
BLMappedMagnet::Construct fringe_left parent= relZ=92550.0
BLMappedMagnet::Construct fringe_right parent= relZ=93150.0
BLMappedMagnet::Construct fringe_left parent= relZ=92850.0
BLMappedMagnet::Construct fringe_right parent= relZ=93450.0
BLMappedMagnet::Construct fringe_left parent= relZ=94050.0
BLMappedMagnet::Construct fringe_right parent= relZ=94650.0
BLMappedMagnet::Construct fringe_left parent= relZ=94350.0
BLMappedMagnet::Construct fringe_right parent= relZ=94950.0
BLMappedMagnet::Construct fringe_left parent= relZ=95550.0
BLMappedMagnet::Construct fringe_right parent= relZ=96150.0
BLMappedMagnet::Construct fringe_left parent= relZ=95850.0
BLMappedMagnet::Construct fringe_right parent= relZ=96450.0
BLMappedMagnet::Construct fringe_left parent= relZ=97050.0
BLMappedMagnet::Construct fringe_right parent= relZ=97650.0
BLMappedMagnet::Construct fringe_left parent= relZ=97350.0
BLMappedMagnet::Construct fringe_right parent= relZ=97950.0
BLMappedMagnet::Construct fringe_left parent= relZ=98550.0
BLMappedMagnet::Construct fringe_right parent= relZ=99150.0
Checking overlaps for volume pipe:0 (G4Tubs) ... OK! 
BLCMDtubs::Construct pipe parent= relZ=209.9 globZ=209.9
	zmin=0.0 zmax=419.9 kill=1
Checking overlaps for volume pipe:0 (G4Tubs) ... OK! 
BLCMDtubs::Construct pipe parent= relZ=1290.1 globZ=1290.1
	zmin=1080.2 zmax=1500.0 kill=1
Checking overlaps for volume pipe:0 (G4Tubs) ... OK! 
BLCMDtubs::Construct pipe parent= relZ=1709.9 globZ=1709.9
	zmin=1500.0 zmax=1919.8 kill=1
Checking overlaps for volume pipe:0 (G4Tubs) ... OK! 
BLCMDtubs::Construct pipe parent= relZ=2790.1 globZ=2790.1
	zmin=2580.1 zmax=3000.0 kill=1
Checking overlaps for volume pipe:0 (G4Tubs) ... OK! 
BLCMDtubs::Construct pipe parent= relZ=3209.9 globZ=3209.9
	zmin=3000.0 zmax=3419.9 kill=1
Checking overlaps for volume pipe:0 (G4Tubs) ... OK! 
BLCMDtubs::Construct pipe parent= relZ=4290.1 globZ=4290.1
	zmin=4080.1 zmax=4500.0 kill=1
Checking overlaps for volume pipe:0 (G4Tubs) ... OK! 
BLCMDtubs::Construct pipe parent= relZ=4709.9 globZ=4709.9
	zmin=4500.0 zmax=4919.9 kill=1
Checking overlaps for volume pipe:0 (G4Tubs) ... OK! 
BLCMDtubs::Construct pipe parent= relZ=5790.1 globZ=5790.1
	zmin=5580.1 zmax=6000.0 kill=1
Checking overlaps for volume pipe:0 (G4Tubs) ... OK! 
BLCMDtubs::Construct pipe parent= relZ=6209.9 globZ=6209.9
	zmin=6000.0 zmax=6419.9 kill=1
Checking overlaps for volume pipe:0 (G4Tubs) ... OK! 
BLCMDtubs::Construct pipe parent= relZ=7290.1 globZ=7290.1
	zmin=7080.1 zmax=7500.0 kill=1
Checking overlaps for volume pipe:0 (G4Tubs) ... OK! 
BLCMDtubs::Construct pipe parent= relZ=7709.9 globZ=7709.9
	zmin=7500.0 zmax=7919.9 kill=1
Checking overlaps for volume pipe:0 (G4Tubs) ... OK! 
BLCMDtubs::Construct pipe parent= relZ=8790.1 globZ=8790.1
	zmin=8580.2 zmax=9000.0 kill=1
Checking overlaps for volume pipe:0 (G4Tubs) ... OK! 
BLCMDtubs::Construct pipe parent= relZ=9209.9 globZ=9209.9
	zmin=9000.0 zmax=9419.8 kill=1
Checking overlaps for volume pipe:0 (G4Tubs) ... OK! 
BLCMDtubs::Construct pipe parent= relZ=10290.1 globZ=10290.1
	zmin=10080.2 zmax=10500.0 kill=1
Checking overlaps for volume pipe:0 (G4Tubs) ... OK! 
BLCMDtubs::Construct pipe parent= relZ=10709.9 globZ=10709.9
	zmin=10500.0 zmax=10919.8 kill=1
Checking overlaps for volume pipe:0 (G4Tubs) ... OK! 
BLCMDtubs::Construct pipe parent= relZ=11790.1 globZ=11790.1
	zmin=11580.2 zmax=12000.0 kill=1
Checking overlaps for volume pipe:0 (G4Tubs) ... OK! 
BLCMDtubs::Construct pipe parent= relZ=12209.9 globZ=12209.9
	zmin=12000.0 zmax=12419.8 kill=1
Checking overlaps for volume pipe:0 (G4Tubs) ... OK! 
BLCMDtubs::Construct pipe parent= relZ=13290.1 globZ=13290.1
	zmin=13080.2 zmax=13500.0 kill=1
Checking overlaps for volume pipe:0 (G4Tubs) ... OK! 
BLCMDtubs::Construct pipe parent= relZ=13709.9 globZ=13709.9
	zmin=13500.0 zmax=13919.8 kill=1
Checking overlaps for volume pipe:0 (G4Tubs) ... OK! 
BLCMDtubs::Construct pipe parent= relZ=14790.1 globZ=14790.1
	zmin=14580.2 zmax=15000.0 kill=1
Checking overlaps for volume pipe:0 (G4Tubs) ... OK! 
BLCMDtubs::Construct pipe parent= relZ=15209.9 globZ=15209.9
	zmin=15000.0 zmax=15419.8 kill=1
Checking overlaps for volume pipe:0 (G4Tubs) ... OK! 
BLCMDtubs::Construct pipe parent= relZ=16290.1 globZ=16290.1
	zmin=16080.2 zmax=16500.0 kill=1
Checking overlaps for volume pipe:0 (G4Tubs) ... OK! 
BLCMDtubs::Construct pipe parent= relZ=16709.9 globZ=16709.9
	zmin=16500.0 zmax=16919.8 kill=1
Checking overlaps for volume pipe:0 (G4Tubs) ... OK! 
BLCMDtubs::Construct pipe parent= relZ=17790.1 globZ=17790.1
	zmin=17580.2 zmax=18000.0 kill=1
Checking overlaps for volume pipe:0 (G4Tubs) ... OK! 
BLCMDtubs::Construct pipe parent= relZ=18209.9 globZ=18209.9
	zmin=18000.0 zmax=18419.8 kill=1
Checking overlaps for volume pipe:0 (G4Tubs) ... OK! 
BLCMDtubs::Construct pipe parent= relZ=19290.1 globZ=19290.1
	zmin=19080.2 zmax=19500.0 kill=1
Checking overlaps for volume pipe:0 (G4Tubs) ... OK! 
BLCMDtubs::Construct pipe parent= relZ=19709.9 globZ=19709.9
	zmin=19500.0 zmax=19919.8 kill=1
Checking overlaps for volume pipe:0 (G4Tubs) ... OK! 
BLCMDtubs::Construct pipe parent= relZ=20790.1 globZ=20790.1
	zmin=20580.2 zmax=21000.0 kill=1
Checking overlaps for volume pipe:0 (G4Tubs) ... OK! 
BLCMDtubs::Construct pipe parent= relZ=21209.9 globZ=21209.9
	zmin=21000.0 zmax=21419.8 kill=1
Checking overlaps for volume pipe:0 (G4Tubs) ... OK! 
BLCMDtubs::Construct pipe parent= relZ=22290.1 globZ=22290.1
	zmin=22080.2 zmax=22500.0 kill=1
Checking overlaps for volume pipe:0 (G4Tubs) ... OK! 
BLCMDtubs::Construct pipe parent= relZ=22709.9 globZ=22709.9
	zmin=22500.0 zmax=22919.8 kill=1
Checking overlaps for volume pipe:0 (G4Tubs) ... OK! 
BLCMDtubs::Construct pipe parent= relZ=23790.1 globZ=23790.1
	zmin=23580.2 zmax=24000.0 kill=1
Checking overlaps for volume pipe:0 (G4Tubs) ... OK! 
BLCMDtubs::Construct pipe parent= relZ=24209.9 globZ=24209.9
	zmin=24000.0 zmax=24419.8 kill=1
Checking overlaps for volume pipe:0 (G4Tubs) ... OK! 
BLCMDtubs::Construct pipe parent= relZ=25290.1 globZ=25290.1
	zmin=25080.2 zmax=25500.0 kill=1
Checking overlaps for volume pipe:0 (G4Tubs) ... OK! 
BLCMDtubs::Construct pipe parent= relZ=25709.9 globZ=25709.9
	zmin=25500.0 zmax=25919.8 kill=1
Checking overlaps for volume pipe:0 (G4Tubs) ... OK! 
BLCMDtubs::Construct pipe parent= relZ=26790.1 globZ=26790.1
	zmin=26580.2 zmax=27000.0 kill=1
Checking overlaps for volume pipe:0 (G4Tubs) ... OK! 
BLCMDtubs::Construct pipe parent= relZ=27209.9 globZ=27209.9
	zmin=27000.0 zmax=27419.8 kill=1
Checking overlaps for volume pipe:0 (G4Tubs) ... OK! 
BLCMDtubs::Construct pipe parent= relZ=28290.1 globZ=28290.1
	zmin=28080.2 zmax=28500.0 kill=1
Checking overlaps for volume pipe:0 (G4Tubs) ... OK! 
BLCMDtubs::Construct pipe parent= relZ=28709.9 globZ=28709.9
	zmin=28500.0 zmax=28919.8 kill=1
Checking overlaps for volume pipe:0 (G4Tubs) ... OK! 
BLCMDtubs::Construct pipe parent= relZ=29790.1 globZ=29790.1
	zmin=29580.2 zmax=30000.0 kill=1
Checking overlaps for volume pipe:0 (G4Tubs) ... OK! 
BLCMDtubs::Construct pipe parent= relZ=30209.9 globZ=30209.9
	zmin=30000.0 zmax=30419.8 kill=1
Checking overlaps for volume pipe:0 (G4Tubs) ... OK! 
BLCMDtubs::Construct pipe parent= relZ=31290.1 globZ=31290.1
	zmin=31080.2 zmax=31500.0 kill=1
Checking overlaps for volume pipe:0 (G4Tubs) ... OK! 
BLCMDtubs::Construct pipe parent= relZ=31709.9 globZ=31709.9
	zmin=31500.0 zmax=31919.8 kill=1
Checking overlaps for volume pipe:0 (G4Tubs) ... OK! 
BLCMDtubs::Construct pipe parent= relZ=32790.1 globZ=32790.1
	zmin=32580.1 zmax=33000.0 kill=1
Checking overlaps for volume pipe:0 (G4Tubs) ... OK! 
BLCMDtubs::Construct pipe parent= relZ=33209.9 globZ=33209.9
	zmin=33000.0 zmax=33419.9 kill=1
Checking overlaps for volume pipe:0 (G4Tubs) ... OK! 
BLCMDtubs::Construct pipe parent= relZ=34290.1 globZ=34290.1
	zmin=34080.1 zmax=34500.0 kill=1
Checking overlaps for volume pipe:0 (G4Tubs) ... OK! 
BLCMDtubs::Construct pipe parent= relZ=34709.9 globZ=34709.9
	zmin=34500.0 zmax=34919.9 kill=1
Checking overlaps for volume pipe:0 (G4Tubs) ... OK! 
BLCMDtubs::Construct pipe parent= relZ=35790.1 globZ=35790.1
	zmin=35580.1 zmax=36000.0 kill=1
Checking overlaps for volume pipe:0 (G4Tubs) ... OK! 
BLCMDtubs::Construct pipe parent= relZ=36209.9 globZ=36209.9
	zmin=36000.0 zmax=36419.9 kill=1
Checking overlaps for volume pipe:0 (G4Tubs) ... OK! 
BLCMDtubs::Construct pipe parent= relZ=37290.1 globZ=37290.1
	zmin=37080.1 zmax=37500.0 kill=1
Checking overlaps for volume pipe:0 (G4Tubs) ... OK! 
BLCMDtubs::Construct pipe parent= relZ=37709.9 globZ=37709.9
	zmin=37500.0 zmax=37919.9 kill=1
Checking overlaps for volume pipe:0 (G4Tubs) ... OK! 
BLCMDtubs::Construct pipe parent= relZ=38790.1 globZ=38790.1
	zmin=38580.1 zmax=39000.0 kill=1
Checking overlaps for volume pipe:0 (G4Tubs) ... OK! 
BLCMDtubs::Construct pipe parent= relZ=39209.9 globZ=39209.9
	zmin=39000.0 zmax=39419.9 kill=1
Checking overlaps for volume pipe:0 (G4Tubs) ... OK! 
BLCMDtubs::Construct pipe parent= relZ=40290.1 globZ=40290.1
	zmin=40080.1 zmax=40500.0 kill=1
Checking overlaps for volume pipe:0 (G4Tubs) ... OK! 
BLCMDtubs::Construct pipe parent= relZ=40709.9 globZ=40709.9
	zmin=40500.0 zmax=40919.9 kill=1
Checking overlaps for volume pipe:0 (G4Tubs) ... OK! 
BLCMDtubs::Construct pipe parent= relZ=41790.1 globZ=41790.1
	zmin=41580.1 zmax=42000.0 kill=1
Checking overlaps for volume pipe:0 (G4Tubs) ... OK! 
BLCMDtubs::Construct pipe parent= relZ=42209.9 globZ=42209.9
	zmin=42000.0 zmax=42419.9 kill=1
Checking overlaps for volume pipe:0 (G4Tubs) ... OK! 
BLCMDtubs::Construct pipe parent= relZ=43290.1 globZ=43290.1
	zmin=43080.1 zmax=43500.0 kill=1
Checking overlaps for volume pipe:0 (G4Tubs) ... OK! 
BLCMDtubs::Construct pipe parent= relZ=43709.9 globZ=43709.9
	zmin=43500.0 zmax=43919.9 kill=1
Checking overlaps for volume pipe:0 (G4Tubs) ... OK! 
BLCMDtubs::Construct pipe parent= relZ=44790.1 globZ=44790.1
	zmin=44580.1 zmax=45000.0 kill=1
Checking overlaps for volume pipe:0 (G4Tubs) ... OK! 
BLCMDtubs::Construct pipe parent= relZ=45209.9 globZ=45209.9
	zmin=45000.0 zmax=45419.9 kill=1
Checking overlaps for volume pipe:0 (G4Tubs) ... OK! 
BLCMDtubs::Construct pipe parent= relZ=46290.1 globZ=46290.1
	zmin=46080.1 zmax=46500.0 kill=1
Checking overlaps for volume pipe:0 (G4Tubs) ... OK! 
BLCMDtubs::Construct pipe parent= relZ=46709.9 globZ=46709.9
	zmin=46500.0 zmax=46919.9 kill=1
Checking overlaps for volume pipe:0 (G4Tubs) ... OK! 
BLCMDtubs::Construct pipe parent= relZ=47790.1 globZ=47790.1
	zmin=47580.1 zmax=48000.0 kill=1
Checking overlaps for volume pipe:0 (G4Tubs) ... OK! 
BLCMDtubs::Construct pipe parent= relZ=48209.9 globZ=48209.9
	zmin=48000.0 zmax=48419.9 kill=1
Checking overlaps for volume pipe:0 (G4Tubs) ... OK! 
BLCMDtubs::Construct pipe parent= relZ=49290.1 globZ=49290.1
	zmin=49080.1 zmax=49500.0 kill=1
Checking overlaps for volume pipe:0 (G4Tubs) ... OK! 
BLCMDtubs::Construct pipe parent= relZ=49709.9 globZ=49709.9
	zmin=49500.0 zmax=49919.9 kill=1
Checking overlaps for volume pipe:0 (G4Tubs) ... OK! 
BLCMDtubs::Construct pipe parent= relZ=50790.1 globZ=50790.1
	zmin=50580.1 zmax=51000.0 kill=1
Checking overlaps for volume pipe:0 (G4Tubs) ... OK! 
BLCMDtubs::Construct pipe parent= relZ=51209.9 globZ=51209.9
	zmin=51000.0 zmax=51419.9 kill=1
Checking overlaps for volume pipe:0 (G4Tubs) ... OK! 
BLCMDtubs::Construct pipe parent= relZ=52290.1 globZ=52290.1
	zmin=52080.1 zmax=52500.0 kill=1
Checking overlaps for volume pipe:0 (G4Tubs) ... OK! 
BLCMDtubs::Construct pipe parent= relZ=52709.9 globZ=52709.9
	zmin=52500.0 zmax=52919.9 kill=1
Checking overlaps for volume pipe:0 (G4Tubs) ... OK! 
BLCMDtubs::Construct pipe parent= relZ=53790.1 globZ=53790.1
	zmin=53580.1 zmax=54000.0 kill=1
Checking overlaps for volume pipe:0 (G4Tubs) ... OK! 
BLCMDtubs::Construct pipe parent= relZ=54209.9 globZ=54209.9
	zmin=54000.0 zmax=54419.9 kill=1
Checking overlaps for volume pipe:0 (G4Tubs) ... OK! 
BLCMDtubs::Construct pipe parent= relZ=55290.1 globZ=55290.1
	zmin=55080.1 zmax=55500.0 kill=1
Checking overlaps for volume pipe:0 (G4Tubs) ... OK! 
BLCMDtubs::Construct pipe parent= relZ=55709.9 globZ=55709.9
	zmin=55500.0 zmax=55919.9 kill=1
Checking overlaps for volume pipe:0 (G4Tubs) ... OK! 
BLCMDtubs::Construct pipe parent= relZ=56790.1 globZ=56790.1
	zmin=56580.1 zmax=57000.0 kill=1
Checking overlaps for volume pipe:0 (G4Tubs) ... OK! 
BLCMDtubs::Construct pipe parent= relZ=57209.9 globZ=57209.9
	zmin=57000.0 zmax=57419.9 kill=1
Checking overlaps for volume pipe:0 (G4Tubs) ... OK! 
BLCMDtubs::Construct pipe parent= relZ=58290.1 globZ=58290.1
	zmin=58080.1 zmax=58500.0 kill=1
Checking overlaps for volume pipe:0 (G4Tubs) ... OK! 
BLCMDtubs::Construct pipe parent= relZ=58709.9 globZ=58709.9
	zmin=58500.0 zmax=58919.9 kill=1
Checking overlaps for volume pipe:0 (G4Tubs) ... OK! 
BLCMDtubs::Construct pipe parent= relZ=59790.1 globZ=59790.1
	zmin=59580.1 zmax=60000.0 kill=1
Checking overlaps for volume pipe:0 (G4Tubs) ... OK! 
BLCMDtubs::Construct pipe parent= relZ=60209.9 globZ=60209.9
	zmin=60000.0 zmax=60419.9 kill=1
Checking overlaps for volume pipe:0 (G4Tubs) ... OK! 
BLCMDtubs::Construct pipe parent= relZ=61290.1 globZ=61290.1
	zmin=61080.1 zmax=61500.0 kill=1
Checking overlaps for volume pipe:0 (G4Tubs) ... OK! 
BLCMDtubs::Construct pipe parent= relZ=61709.9 globZ=61709.9
	zmin=61500.0 zmax=61919.9 kill=1
Checking overlaps for volume pipe:0 (G4Tubs) ... OK! 
BLCMDtubs::Construct pipe parent= relZ=62790.1 globZ=62790.1
	zmin=62580.1 zmax=63000.0 kill=1
Checking overlaps for volume pipe:0 (G4Tubs) ... OK! 
BLCMDtubs::Construct pipe parent= relZ=63209.9 globZ=63209.9
	zmin=63000.0 zmax=63419.9 kill=1
Checking overlaps for volume pipe:0 (G4Tubs) ... OK! 
BLCMDtubs::Construct pipe parent= relZ=64290.1 globZ=64290.1
	zmin=64080.1 zmax=64500.0 kill=1
Checking overlaps for volume pipe:0 (G4Tubs) ... OK! 
BLCMDtubs::Construct pipe parent= relZ=64709.9 globZ=64709.9
	zmin=64500.0 zmax=64919.9 kill=1
Checking overlaps for volume pipe:0 (G4Tubs) ... OK! 
BLCMDtubs::Construct pipe parent= relZ=65790.1 globZ=65790.1
	zmin=65580.1 zmax=66000.0 kill=1
Checking overlaps for volume pipe:0 (G4Tubs) ... OK! 
BLCMDtubs::Construct pipe parent= relZ=66209.9 globZ=66209.9
	zmin=66000.0 zmax=66419.9 kill=1
Checking overlaps for volume pipe:0 (G4Tubs) ... OK! 
BLCMDtubs::Construct pipe parent= relZ=67290.1 globZ=67290.1
	zmin=67080.1 zmax=67500.0 kill=1
Checking overlaps for volume pipe:0 (G4Tubs) ... OK! 
BLCMDtubs::Construct pipe parent= relZ=67709.9 globZ=67709.9
	zmin=67500.0 zmax=67919.9 kill=1
Checking overlaps for volume pipe:0 (G4Tubs) ... OK! 
BLCMDtubs::Construct pipe parent= relZ=68790.1 globZ=68790.1
	zmin=68580.1 zmax=69000.0 kill=1
Checking overlaps for volume pipe:0 (G4Tubs) ... OK! 
BLCMDtubs::Construct pipe parent= relZ=69209.9 globZ=69209.9
	zmin=69000.0 zmax=69419.9 kill=1
Checking overlaps for volume pipe:0 (G4Tubs) ... OK! 
BLCMDtubs::Construct pipe parent= relZ=70290.1 globZ=70290.1
	zmin=70080.1 zmax=70500.0 kill=1
Checking overlaps for volume pipe:0 (G4Tubs) ... OK! 
BLCMDtubs::Construct pipe parent= relZ=70709.9 globZ=70709.9
	zmin=70500.0 zmax=70919.9 kill=1
Checking overlaps for volume pipe:0 (G4Tubs) ... OK! 
BLCMDtubs::Construct pipe parent= relZ=71790.1 globZ=71790.1
	zmin=71580.1 zmax=72000.0 kill=1
Checking overlaps for volume pipe:0 (G4Tubs) ... OK! 
BLCMDtubs::Construct pipe parent= relZ=72209.9 globZ=72209.9
	zmin=72000.0 zmax=72419.9 kill=1
Checking overlaps for volume pipe:0 (G4Tubs) ... OK! 
BLCMDtubs::Construct pipe parent= relZ=73290.1 globZ=73290.1
	zmin=73080.1 zmax=73500.0 kill=1
Checking overlaps for volume pipe:0 (G4Tubs) ... OK! 
BLCMDtubs::Construct pipe parent= relZ=73709.9 globZ=73709.9
	zmin=73500.0 zmax=73919.9 kill=1
Checking overlaps for volume pipe:0 (G4Tubs) ... OK! 
BLCMDtubs::Construct pipe parent= relZ=74790.1 globZ=74790.1
	zmin=74580.1 zmax=75000.0 kill=1
Checking overlaps for volume pipe:0 (G4Tubs) ... OK! 
BLCMDtubs::Construct pipe parent= relZ=75209.9 globZ=75209.9
	zmin=75000.0 zmax=75419.9 kill=1
Checking overlaps for volume pipe:0 (G4Tubs) ... OK! 
BLCMDtubs::Construct pipe parent= relZ=76290.1 globZ=76290.1
	zmin=76080.1 zmax=76500.0 kill=1
Checking overlaps for volume pipe:0 (G4Tubs) ... OK! 
BLCMDtubs::Construct pipe parent= relZ=76709.9 globZ=76709.9
	zmin=76500.0 zmax=76919.9 kill=1
Checking overlaps for volume pipe:0 (G4Tubs) ... OK! 
BLCMDtubs::Construct pipe parent= relZ=77790.1 globZ=77790.1
	zmin=77580.1 zmax=78000.0 kill=1
Checking overlaps for volume pipe:0 (G4Tubs) ... OK! 
BLCMDtubs::Construct pipe parent= relZ=78209.9 globZ=78209.9
	zmin=78000.0 zmax=78419.9 kill=1
Checking overlaps for volume pipe:0 (G4Tubs) ... OK! 
BLCMDtubs::Construct pipe parent= relZ=79290.1 globZ=79290.1
	zmin=79080.1 zmax=79500.0 kill=1
Checking overlaps for volume pipe:0 (G4Tubs) ... OK! 
BLCMDtubs::Construct pipe parent= relZ=79709.9 globZ=79709.9
	zmin=79500.0 zmax=79919.9 kill=1
Checking overlaps for volume pipe:0 (G4Tubs) ... OK! 
BLCMDtubs::Construct pipe parent= relZ=80790.1 globZ=80790.1
	zmin=80580.1 zmax=81000.0 kill=1
Checking overlaps for volume pipe:0 (G4Tubs) ... OK! 
BLCMDtubs::Construct pipe parent= relZ=81209.9 globZ=81209.9
	zmin=81000.0 zmax=81419.9 kill=1
Checking overlaps for volume pipe:0 (G4Tubs) ... OK! 
BLCMDtubs::Construct pipe parent= relZ=82290.1 globZ=82290.1
	zmin=82080.1 zmax=82500.0 kill=1
Checking overlaps for volume pipe:0 (G4Tubs) ... OK! 
BLCMDtubs::Construct pipe parent= relZ=82709.9 globZ=82709.9
	zmin=82500.0 zmax=82919.9 kill=1
Checking overlaps for volume pipe:0 (G4Tubs) ... OK! 
BLCMDtubs::Construct pipe parent= relZ=83790.1 globZ=83790.1
	zmin=83580.1 zmax=84000.0 kill=1
Checking overlaps for volume pipe:0 (G4Tubs) ... OK! 
BLCMDtubs::Construct pipe parent= relZ=84209.9 globZ=84209.9
	zmin=84000.0 zmax=84419.9 kill=1
Checking overlaps for volume pipe:0 (G4Tubs) ... OK! 
BLCMDtubs::Construct pipe parent= relZ=85290.1 globZ=85290.1
	zmin=85080.1 zmax=85500.0 kill=1
Checking overlaps for volume pipe:0 (G4Tubs) ... OK! 
BLCMDtubs::Construct pipe parent= relZ=85709.9 globZ=85709.9
	zmin=85500.0 zmax=85919.9 kill=1
Checking overlaps for volume pipe:0 (G4Tubs) ... OK! 
BLCMDtubs::Construct pipe parent= relZ=86790.1 globZ=86790.1
	zmin=86580.1 zmax=87000.0 kill=1
Checking overlaps for volume pipe:0 (G4Tubs) ... OK! 
BLCMDtubs::Construct pipe parent= relZ=87209.9 globZ=87209.9
	zmin=87000.0 zmax=87419.9 kill=1
Checking overlaps for volume pipe:0 (G4Tubs) ... OK! 
BLCMDtubs::Construct pipe parent= relZ=88290.1 globZ=88290.1
	zmin=88080.1 zmax=88500.0 kill=1
Checking overlaps for volume pipe:0 (G4Tubs) ... OK! 
BLCMDtubs::Construct pipe parent= relZ=88709.9 globZ=88709.9
	zmin=88500.0 zmax=88919.9 kill=1
Checking overlaps for volume pipe:0 (G4Tubs) ... OK! 
BLCMDtubs::Construct pipe parent= relZ=89790.1 globZ=89790.1
	zmin=89580.1 zmax=90000.0 kill=1
Checking overlaps for volume pipe:0 (G4Tubs) ... OK! 
BLCMDtubs::Construct pipe parent= relZ=90209.9 globZ=90209.9
	zmin=90000.0 zmax=90419.9 kill=1
Checking overlaps for volume pipe:0 (G4Tubs) ... OK! 
BLCMDtubs::Construct pipe parent= relZ=91290.1 globZ=91290.1
	zmin=91080.1 zmax=91500.0 kill=1
Checking overlaps for volume pipe:0 (G4Tubs) ... OK! 
BLCMDtubs::Construct pipe parent= relZ=91709.9 globZ=91709.9
	zmin=91500.0 zmax=91919.9 kill=1
Checking overlaps for volume pipe:0 (G4Tubs) ... OK! 
BLCMDtubs::Construct pipe parent= relZ=92790.1 globZ=92790.1
	zmin=92580.1 zmax=93000.0 kill=1
Checking overlaps for volume pipe:0 (G4Tubs) ... OK! 
BLCMDtubs::Construct pipe parent= relZ=93209.9 globZ=93209.9
	zmin=93000.0 zmax=93419.9 kill=1
Checking overlaps for volume pipe:0 (G4Tubs) ... OK! 
BLCMDtubs::Construct pipe parent= relZ=94290.1 globZ=94290.1
	zmin=94080.1 zmax=94500.0 kill=1
Checking overlaps for volume pipe:0 (G4Tubs) ... OK! 
BLCMDtubs::Construct pipe parent= relZ=94709.9 globZ=94709.9
	zmin=94500.0 zmax=94919.9 kill=1
Checking overlaps for volume pipe:0 (G4Tubs) ... OK! 
BLCMDtubs::Construct pipe parent= relZ=95790.1 globZ=95790.1
	zmin=95580.1 zmax=96000.0 kill=1
Checking overlaps for volume pipe:0 (G4Tubs) ... OK! 
BLCMDtubs::Construct pipe parent= relZ=96209.9 globZ=96209.9
	zmin=96000.0 zmax=96419.9 kill=1
Checking overlaps for volume pipe:0 (G4Tubs) ... OK! 
BLCMDtubs::Construct pipe parent= relZ=97290.1 globZ=97290.1
	zmin=97080.1 zmax=97500.0 kill=1
Checking overlaps for volume pipe:0 (G4Tubs) ... OK! 
BLCMDtubs::Construct pipe parent= relZ=97709.9 globZ=97709.9
	zmin=97500.0 zmax=97919.9 kill=1
Checking overlaps for volume pipe:0 (G4Tubs) ... OK! 
BLCMDtubs::Construct pipe parent= relZ=98790.1 globZ=98790.1
	zmin=98580.1 zmax=99000.0 kill=1
Checking overlaps for volume rf_b_00Pipe:0 (G4Tubs) ... OK! 
Checking overlaps for volume rf_b_00UsWall:0 (G4Tubs) ... OK! 
Checking overlaps for volume rf_b_00DsWall:0 (G4Tubs) ... OK! 
Checking overlaps for volume rf_b_00UsWin1:0 (G4Tubs) ... OK! 
Checking overlaps for volume rf_b_00DsWin1:0 (G4Tubs) ... OK! 
Checking overlaps for volume rf_b_00UsWin2:0 (G4Tubs) ... OK! 
Checking overlaps for volume rf_b_00DsWin2:0 (G4Tubs) ... OK! 
Checking overlaps for volume rf_b_00DsHalf:0 (G4Tubs) ... OK! 
Checking overlaps for volume rf_b_00TimingVol:0 (G4Tubs) ... OK! 
**************************************************************************
*** G4Exception: GeomVol1002
***    severity: Warning
***   issued by: G4PVPlacement::CheckOverlaps()
*** description: Overlap with volume already placed !
          Overlap is detected for volume rf_b_00:0 (G4Tubs)
          apparently fully encapsulating volume pipe:0 (G4Tubs) at the same level!
NOTE: Reached maximum fixed number -1- of overlaps reports for this volume !
**************************************************************************
BLCMDpillbox::construct rf_b_00 parent= relZ=419.9 globZ=419.9
	zmin=309.8 zmax=529.9
Checking overlaps for volume rf_b_00:0 (G4Tubs) ... Checking overlaps for volume rf_c_01Pipe:0 (G4Tubs) ... OK! 
Checking overlaps for volume rf_c_01UsWall:0 (G4Tubs) ... OK! 
Checking overlaps for volume rf_c_01DsWall:0 (G4Tubs) ... OK! 
Checking overlaps for volume rf_c_01UsWin1:0 (G4Tubs) ... OK! 
Checking overlaps for volume rf_c_01DsWin1:0 (G4Tubs) ... OK! 
Checking overlaps for volume rf_c_01UsWin2:0 (G4Tubs) ... OK! 
Checking overlaps for volume rf_c_01DsWin2:0 (G4Tubs) ... OK! 
Checking overlaps for volume rf_c_01DsHalf:0 (G4Tubs) ... OK! 
Checking overlaps for volume rf_c_01TimingVol:0 (G4Tubs) ... OK! 
Checking overlaps for volume rf_c_01:0 (G4Tubs) ... OK! 
BLCMDpillbox::construct rf_c_01 parent= relZ=640.0 globZ=640.0
	zmin=529.9 zmax=750.0
Checking overlaps for volume rf_d_02Pipe:0 (G4Tubs) ... OK! 
Checking overlaps for volume rf_d_02UsWall:0 (G4Tubs) ... OK! 
Checking overlaps for volume rf_d_02DsWall:0 (G4Tubs) ... OK! 
Checking overlaps for volume rf_d_02UsWin1:0 (G4Tubs) ... OK! 
Checking overlaps for volume rf_d_02DsWin1:0 (G4Tubs) ... OK! 
Checking overlaps for volume rf_d_02UsWin2:0 (G4Tubs) ... OK! 
Checking overlaps for volume rf_d_02DsWin2:0 (G4Tubs) ... OK! 
Checking overlaps for volume rf_d_02DsHalf:0 (G4Tubs) ... OK! 
Checking overlaps for volume rf_d_02TimingVol:0 (G4Tubs) ... OK! 
Checking overlaps for volume rf_d_02:0 (G4Tubs) ... OK! 
BLCMDpillbox::construct rf_d_02 parent= relZ=860.0 globZ=860.0
	zmin=750.0 zmax=970.1
Checking overlaps for volume rf_e_03Pipe:0 (G4Tubs) ... OK! 
Checking overlaps for volume rf_e_03UsWall:0 (G4Tubs) ... OK! 
Checking overlaps for volume rf_e_03DsWall:0 (G4Tubs) ... OK! 
Checking overlaps for volume rf_e_03UsWin1:0 (G4Tubs) ... OK! 
Checking overlaps for volume rf_e_03DsWin1:0 (G4Tubs) ... OK! 
Checking overlaps for volume rf_e_03UsWin2:0 (G4Tubs) ... OK! 
Checking overlaps for volume rf_e_03DsWin2:0 (G4Tubs) ... OK! 
Checking overlaps for volume rf_e_03DsHalf:0 (G4Tubs) ... OK! 
Checking overlaps for volume rf_e_03TimingVol:0 (G4Tubs) ... OK! 
**************************************************************************
*** G4Exception: GeomVol1002
***    severity: Warning
***   issued by: G4PVPlacement::CheckOverlaps()
*** description: Overlap with volume already placed !
          Overlap is detected for volume rf_e_03:0 (G4Tubs) with pipe:0 (G4Tubs)
          overlap at local point (-123.682,21.6492,-99.875) by 437.152 um  (max of 1 cases)
NOTE: Reached maximum fixed number -1- of overlaps reports for this volume !
**************************************************************************
BLCMDpillbox::construct rf_e_03 parent= relZ=1080.2 globZ=1080.2
	zmin=970.1 zmax=1190.2
Checking overlaps for volume rf_e_03:0 (G4Tubs) ... Checking overlaps for volume rf_b_10Pipe:0 (G4Tubs) ... OK! 
Checking overlaps for volume rf_b_10UsWall:0 (G4Tubs) ... OK! 
Checking overlaps for volume rf_b_10DsWall:0 (G4Tubs) ... OK! 
Checking overlaps for volume rf_b_10UsWin1:0 (G4Tubs) ... OK! 
Checking overlaps for volume rf_b_10DsWin1:0 (G4Tubs) ... OK! 
Checking overlaps for volume rf_b_10UsWin2:0 (G4Tubs) ... OK! 
Checking overlaps for volume rf_b_10DsWin2:0 (G4Tubs) ... OK! 
Checking overlaps for volume rf_b_10DsHalf:0 (G4Tubs) ... OK! 
Checking overlaps for volume rf_b_10TimingVol:0 (G4Tubs) ... OK! 
Checking overlaps for volume rf_b_10:0 (G4Tubs) ... OK! 
BLCMDpillbox::construct rf_b_10 parent= relZ=1919.8 globZ=1919.8
	zmin=1809.8 zmax=2029.9
Checking overlaps for volume rf_c_11Pipe:0 (G4Tubs) ... OK! 
Checking overlaps for volume rf_c_11UsWall:0 (G4Tubs) ... OK! 
Checking overlaps for volume rf_c_11DsWall:0 (G4Tubs) ... OK! 
Checking overlaps for volume rf_c_11UsWin1:0 (G4Tubs) ... OK! 
Checking overlaps for volume rf_c_11DsWin1:0 (G4Tubs) ... OK! 
Checking overlaps for volume rf_c_11UsWin2:0 (G4Tubs) ... OK! 
Checking overlaps for volume rf_c_11DsWin2:0 (G4Tubs) ... OK! 
Checking overlaps for volume rf_c_11DsHalf:0 (G4Tubs) ... OK! 
Checking overlaps for volume rf_c_11TimingVol:0 (G4Tubs) ... OK! 
Checking overlaps for volume rf_c_11:0 (G4Tubs) ... OK! 
BLCMDpillbox::construct rf_c_11 parent= relZ=2139.9 globZ=2139.9
	zmin=2029.9 zmax=2250.0
Checking overlaps for volume rf_d_12Pipe:0 (G4Tubs) ... OK! 
Checking overlaps for volume rf_d_12UsWall:0 (G4Tubs) ... OK! 
Checking overlaps for volume rf_d_12DsWall:0 (G4Tubs) ... OK! 
Checking overlaps for volume rf_d_12UsWin1:0 (G4Tubs) ... OK! 
Checking overlaps for volume rf_d_12DsWin1:0 (G4Tubs) ... OK! 
Checking overlaps for volume rf_d_12UsWin2:0 (G4Tubs) ... OK! 
Checking overlaps for volume rf_d_12DsWin2:0 (G4Tubs) ... OK! 
Checking overlaps for volume rf_d_12DsHalf:0 (G4Tubs) ... OK! 
Checking overlaps for volume rf_d_12TimingVol:0 (G4Tubs) ... OK! 
Checking overlaps for volume rf_d_12:0 (G4Tubs) ... OK! 
BLCMDpillbox::construct rf_d_12 parent= relZ=2360.1 globZ=2360.1
	zmin=2250.0 zmax=2470.1
Checking overlaps for volume rf_e_13Pipe:0 (G4Tubs) ... OK! 
Checking overlaps for volume rf_e_13UsWall:0 (G4Tubs) ... OK! 
Checking overlaps for volume rf_e_13DsWall:0 (G4Tubs) ... OK! 
Checking overlaps for volume rf_e_13UsWin1:0 (G4Tubs) ... OK! 
Checking overlaps for volume rf_e_13DsWin1:0 (G4Tubs) ... OK! 
Checking overlaps for volume rf_e_13UsWin2:0 (G4Tubs) ... OK! 
Checking overlaps for volume rf_e_13DsWin2:0 (G4Tubs) ... OK! 
Checking overlaps for volume rf_e_13DsHalf:0 (G4Tubs) ... OK! 
Checking overlaps for volume rf_e_13TimingVol:0 (G4Tubs) ... OK! 
**************************************************************************
*** G4Exception: GeomVol1002
***    severity: Warning
***   issued by: G4PVPlacement::CheckOverlaps()
*** description: Overlap with volume already placed !
          Overlap is detected for volume rf_e_13:0 (G4Tubs) with pipe:0 (G4Tubs)
          overlap at local point (-66.6701,-106.091,-99.875) by 300.533 um  (max of 1 cases)
NOTE: Reached maximum fixed number -1- of overlaps reports for this volume !
**************************************************************************
BLCMDpillbox::construct rf_e_13 parent= relZ=2580.2 globZ=2580.2
	zmin=2470.1 zmax=2690.2
Checking overlaps for volume rf_e_13:0 (G4Tubs) ... Checking overlaps for volume rf_b_20Pipe:0 (G4Tubs) ... OK! 
Checking overlaps for volume rf_b_20UsWall:0 (G4Tubs) ... OK! 
Checking overlaps for volume rf_b_20DsWall:0 (G4Tubs) ... OK! 
Checking overlaps for volume rf_b_20UsWin1:0 (G4Tubs) ... OK! 
Checking overlaps for volume rf_b_20DsWin1:0 (G4Tubs) ... OK! 
Checking overlaps for volume rf_b_20UsWin2:0 (G4Tubs) ... OK! 
Checking overlaps for volume rf_b_20DsWin2:0 (G4Tubs) ... OK! 
Checking overlaps for volume rf_b_20DsHalf:0 (G4Tubs) ... OK! 
Checking overlaps for volume rf_b_20TimingVol:0 (G4Tubs) ... OK! 
**************************************************************************
*** G4Exception: GeomVol1002
***    severity: Warning
***   issued by: G4PVPlacement::CheckOverlaps()
*** description: Overlap with volume already placed !
          Overlap is detected for volume rf_b_20:0 (G4Tubs) with pipe:0 (G4Tubs)
          overlap at local point (-52.8267,-114.161,99.875) by 208.968 um  (max of 1 cases)
NOTE: Reached maximum fixed number -1- of overlaps reports for this volume !
**************************************************************************
BLCMDpillbox::construct rf_b_20 parent= relZ=3419.8 globZ=3419.8
	zmin=3309.8 zmax=3529.9
Checking overlaps for volume rf_b_20:0 (G4Tubs) ... Checking overlaps for volume rf_c_21Pipe:0 (G4Tubs) ... OK! 
Checking overlaps for volume rf_c_21UsWall:0 (G4Tubs) ... OK! 
Checking overlaps for volume rf_c_21DsWall:0 (G4Tubs) ... OK! 
Checking overlaps for volume rf_c_21UsWin1:0 (G4Tubs) ... OK! 
Checking overlaps for volume rf_c_21DsWin1:0 (G4Tubs) ... OK! 
Checking overlaps for volume rf_c_21UsWin2:0 (G4Tubs) ... OK! 
Checking overlaps for volume rf_c_21DsWin2:0 (G4Tubs) ... OK! 
Checking overlaps for volume rf_c_21DsHalf:0 (G4Tubs) ... OK! 
Checking overlaps for volume rf_c_21TimingVol:0 (G4Tubs) ... OK! 
Checking overlaps for volume rf_c_21:0 (G4Tubs) ... OK! 
BLCMDpillbox::construct rf_c_21 parent= relZ=3639.9 globZ=3639.9
	zmin=3529.9 zmax=3750.0
Checking overlaps for volume rf_d_22Pipe:0 (G4Tubs) ... OK! 
Checking overlaps for volume rf_d_22UsWall:0 (G4Tubs) ... OK! 
Checking overlaps for volume rf_d_22DsWall:0 (G4Tubs) ... OK! 
Checking overlaps for volume rf_d_22UsWin1:0 (G4Tubs) ... OK! 
Checking overlaps for volume rf_d_22DsWin1:0 (G4Tubs) ... OK! 
Checking overlaps for volume rf_d_22UsWin2:0 (G4Tubs) ... OK! 
Checking overlaps for volume rf_d_22DsWin2:0 (G4Tubs) ... OK! 
Checking overlaps for volume rf_d_22DsHalf:0 (G4Tubs) ... OK! 
Checking overlaps for volume rf_d_22TimingVol:0 (G4Tubs) ... OK! 
Checking overlaps for volume rf_d_22:0 (G4Tubs) ... OK! 
BLCMDpillbox::construct rf_d_22 parent= relZ=3860.1 globZ=3860.1
	zmin=3750.0 zmax=3970.1
Checking overlaps for volume rf_e_23Pipe:0 (G4Tubs) ... OK! 
Checking overlaps for volume rf_e_23UsWall:0 (G4Tubs) ... OK! 
Checking overlaps for volume rf_e_23DsWall:0 (G4Tubs) ... OK! 
Checking overlaps for volume rf_e_23UsWin1:0 (G4Tubs) ... OK! 
Checking overlaps for volume rf_e_23DsWin1:0 (G4Tubs) ... OK! 
Checking overlaps for volume rf_e_23UsWin2:0 (G4Tubs) ... OK! 
Checking overlaps for volume rf_e_23DsWin2:0 (G4Tubs) ... OK! 
Checking overlaps for volume rf_e_23DsHalf:0 (G4Tubs) ... OK! 
Checking overlaps for volume rf_e_23TimingVol:0 (G4Tubs) ... OK! 
**************************************************************************
*** G4Exception: GeomVol1002
***    severity: Warning
***   issued by: G4PVPlacement::CheckOverlaps()
*** description: Overlap with volume already placed !
          Overlap is detected for volume rf_e_23:0 (G4Tubs) with pipe:0 (G4Tubs)
          overlap at local point (-117.278,-44.6892,-99.875) by 495.793 um  (max of 1 cases)
NOTE: Reached maximum fixed number -1- of overlaps reports for this volume !
**************************************************************************
BLCMDpillbox::construct rf_e_23 parent= relZ=4080.2 globZ=4080.2
	zmin=3970.1 zmax=4190.2
Checking overlaps for volume rf_e_23:0 (G4Tubs) ... Checking overlaps for volume rf_b_30Pipe:0 (G4Tubs) ... OK! 
Checking overlaps for volume rf_b_30UsWall:0 (G4Tubs) ... OK! 
Checking overlaps for volume rf_b_30DsWall:0 (G4Tubs) ... OK! 
Checking overlaps for volume rf_b_30UsWin1:0 (G4Tubs) ... OK! 
Checking overlaps for volume rf_b_30DsWin1:0 (G4Tubs) ... OK! 
Checking overlaps for volume rf_b_30UsWin2:0 (G4Tubs) ... OK! 
Checking overlaps for volume rf_b_30DsWin2:0 (G4Tubs) ... OK! 
Checking overlaps for volume rf_b_30DsHalf:0 (G4Tubs) ... OK! 
Checking overlaps for volume rf_b_30TimingVol:0 (G4Tubs) ... OK! 
**************************************************************************
*** G4Exception: GeomVol1002
***    severity: Warning
***   issued by: G4PVPlacement::CheckOverlaps()
*** description: Overlap with volume already placed !
          Overlap is detected for volume rf_b_30:0 (G4Tubs) with pipe:0 (G4Tubs)
          overlap at local point (43.2715,-118.159,99.875) by 167.219 um  (max of 1 cases)
NOTE: Reached maximum fixed number -1- of overlaps reports for this volume !
**************************************************************************
BLCMDpillbox::construct rf_b_30 parent= relZ=4919.9 globZ=4919.9
	zmin=4809.8 zmax=5029.9
Checking overlaps for volume rf_b_30:0 (G4Tubs) ... Checking overlaps for volume rf_c_31Pipe:0 (G4Tubs) ... OK! 
Checking overlaps for volume rf_c_31UsWall:0 (G4Tubs) ... OK! 
Checking overlaps for volume rf_c_31DsWall:0 (G4Tubs) ... OK! 
Checking overlaps for volume rf_c_31UsWin1:0 (G4Tubs) ... OK! 
Checking overlaps for volume rf_c_31DsWin1:0 (G4Tubs) ... OK! 
Checking overlaps for volume rf_c_31UsWin2:0 (G4Tubs) ... OK! 
Checking overlaps for volume rf_c_31DsWin2:0 (G4Tubs) ... OK! 
Checking overlaps for volume rf_c_31DsHalf:0 (G4Tubs) ... OK! 
Checking overlaps for volume rf_c_31TimingVol:0 (G4Tubs) ... OK! 
Checking overlaps for volume rf_c_31:0 (G4Tubs) ... OK! 
BLCMDpillbox::construct rf_c_31 parent= relZ=5139.9 globZ=5139.9
	zmin=5029.9 zmax=5250.0
Checking overlaps for volume rf_d_32Pipe:0 (G4Tubs) ... OK! 
Checking overlaps for volume rf_d_32UsWall:0 (G4Tubs) ... OK! 
Checking overlaps for volume rf_d_32DsWall:0 (G4Tubs) ... OK! 
Checking overlaps for volume rf_d_32UsWin1:0 (G4Tubs) ... OK! 
Checking overlaps for volume rf_d_32DsWin1:0 (G4Tubs) ... OK! 
Checking overlaps for volume rf_d_32UsWin2:0 (G4Tubs) ... OK! 
Checking overlaps for volume rf_d_32DsWin2:0 (G4Tubs) ... OK! 
Checking overlaps for volume rf_d_32DsHalf:0 (G4Tubs) ... OK! 
Checking overlaps for volume rf_d_32TimingVol:0 (G4Tubs) ... OK! 
Checking overlaps for volume rf_d_32:0 (G4Tubs) ... OK! 
BLCMDpillbox::construct rf_d_32 parent= relZ=5360.1 globZ=5360.1
	zmin=5250.0 zmax=5470.1
Checking overlaps for volume rf_e_33Pipe:0 (G4Tubs) ... OK! 
Checking overlaps for volume rf_e_33UsWall:0 (G4Tubs) ... OK! 
Checking overlaps for volume rf_e_33DsWall:0 (G4Tubs) ... OK! 
Checking overlaps for volume rf_e_33UsWin1:0 (G4Tubs) ... OK! 
Checking overlaps for volume rf_e_33DsWin1:0 (G4Tubs) ... OK! 
Checking overlaps for volume rf_e_33UsWin2:0 (G4Tubs) ... OK! 
Checking overlaps for volume rf_e_33DsWin2:0 (G4Tubs) ... OK! 
Checking overlaps for volume rf_e_33DsHalf:0 (G4Tubs) ... OK! 
Checking overlaps for volume rf_e_33TimingVol:0 (G4Tubs) ... OK! 
**************************************************************************
*** G4Exception: GeomVol1002
***    severity: Warning
***   issued by: G4PVPlacement::CheckOverlaps()
*** description: Overlap with volume already placed !
          Overlap is detected for volume rf_e_33:0 (G4Tubs) with pipe:0 (G4Tubs)
          overlap at local point (56.102,111.96,-99.875) by 229.393 um  (max of 1 cases)
NOTE: Reached maximum fixed number -1- of overlaps reports for this volume !
**************************************************************************
BLCMDpillbox::construct rf_e_33 parent= relZ=5580.1 globZ=5580.1
	zmin=5470.1 zmax=5690.2
Checking overlaps for volume rf_e_33:0 (G4Tubs) ... Checking overlaps for volume rf_b_40Pipe:0 (G4Tubs) ... OK! 
Checking overlaps for volume rf_b_40UsWall:0 (G4Tubs) ... OK! 
Checking overlaps for volume rf_b_40DsWall:0 (G4Tubs) ... OK! 
Checking overlaps for volume rf_b_40UsWin1:0 (G4Tubs) ... OK! 
Checking overlaps for volume rf_b_40DsWin1:0 (G4Tubs) ... OK! 
Checking overlaps for volume rf_b_40UsWin2:0 (G4Tubs) ... OK! 
Checking overlaps for volume rf_b_40DsWin2:0 (G4Tubs) ... OK! 
Checking overlaps for volume rf_b_40DsHalf:0 (G4Tubs) ... OK! 
Checking overlaps for volume rf_b_40TimingVol:0 (G4Tubs) ... OK! 
**************************************************************************
*** G4Exception: GeomVol1002
***    severity: Warning
***   issued by: G4PVPlacement::CheckOverlaps()
*** description: Overlap with volume already placed !
          Overlap is detected for volume rf_b_40:0 (G4Tubs) with pipe:0 (G4Tubs)
          overlap at local point (119.314,-38.7022,99.875) by 434.448 um  (max of 1 cases)
NOTE: Reached maximum fixed number -1- of overlaps reports for this volume !
**************************************************************************
BLCMDpillbox::construct rf_b_40 parent= relZ=6419.9 globZ=6419.9
	zmin=6309.8 zmax=6529.9
Checking overlaps for volume rf_b_40:0 (G4Tubs) ... Checking overlaps for volume rf_c_41Pipe:0 (G4Tubs) ... OK! 
Checking overlaps for volume rf_c_41UsWall:0 (G4Tubs) ... OK! 
Checking overlaps for volume rf_c_41DsWall:0 (G4Tubs) ... OK! 
Checking overlaps for volume rf_c_41UsWin1:0 (G4Tubs) ... OK! 
Checking overlaps for volume rf_c_41DsWin1:0 (G4Tubs) ... OK! 
Checking overlaps for volume rf_c_41UsWin2:0 (G4Tubs) ... OK! 
Checking overlaps for volume rf_c_41DsWin2:0 (G4Tubs) ... OK! 
Checking overlaps for volume rf_c_41DsHalf:0 (G4Tubs) ... OK! 
Checking overlaps for volume rf_c_41TimingVol:0 (G4Tubs) ... OK! 
Checking overlaps for volume rf_c_41:0 (G4Tubs) ... OK! 
BLCMDpillbox::construct rf_c_41 parent= relZ=6639.9 globZ=6639.9
	zmin=6529.9 zmax=6750.0
Checking overlaps for volume rf_d_42Pipe:0 (G4Tubs) ... OK! 
Checking overlaps for volume rf_d_42UsWall:0 (G4Tubs) ... OK! 
Checking overlaps for volume rf_d_42DsWall:0 (G4Tubs) ... OK! 
Checking overlaps for volume rf_d_42UsWin1:0 (G4Tubs) ... OK! 
Checking overlaps for volume rf_d_42DsWin1:0 (G4Tubs) ... OK! 
Checking overlaps for volume rf_d_42UsWin2:0 (G4Tubs) ... OK! 
Checking overlaps for volume rf_d_42DsWin2:0 (G4Tubs) ... OK! 
Checking overlaps for volume rf_d_42DsHalf:0 (G4Tubs) ... OK! 
Checking overlaps for volume rf_d_42TimingVol:0 (G4Tubs) ... OK! 
Checking overlaps for volume rf_d_42:0 (G4Tubs) ... OK! 
BLCMDpillbox::construct rf_d_42 parent= relZ=6860.1 globZ=6860.1
	zmin=6750.0 zmax=6970.1
Checking overlaps for volume rf_e_43Pipe:0 (G4Tubs) ... OK! 
Checking overlaps for volume rf_e_43UsWall:0 (G4Tubs) ... OK! 
Checking overlaps for volume rf_e_43DsWall:0 (G4Tubs) ... OK! 
Checking overlaps for volume rf_e_43UsWin1:0 (G4Tubs) ... OK! 
Checking overlaps for volume rf_e_43DsWin1:0 (G4Tubs) ... OK! 
Checking overlaps for volume rf_e_43UsWin2:0 (G4Tubs) ... OK! 
Checking overlaps for volume rf_e_43DsWin2:0 (G4Tubs) ... OK! 
Checking overlaps for volume rf_e_43DsHalf:0 (G4Tubs) ... OK! 
Checking overlaps for volume rf_e_43TimingVol:0 (G4Tubs) ... OK! 
Checking overlaps for volume rf_e_43:0 (G4Tubs) ... OK! 
BLCMDpillbox::construct rf_e_43 parent= relZ=7080.1 globZ=7080.1
	zmin=6970.1 zmax=7190.2
Checking overlaps for volume rf_b_50Pipe:0 (G4Tubs) ... OK! 
Checking overlaps for volume rf_b_50UsWall:0 (G4Tubs) ... OK! 
Checking overlaps for volume rf_b_50DsWall:0 (G4Tubs) ... OK! 
Checking overlaps for volume rf_b_50UsWin1:0 (G4Tubs) ... OK! 
Checking overlaps for volume rf_b_50DsWin1:0 (G4Tubs) ... OK! 
Checking overlaps for volume rf_b_50UsWin2:0 (G4Tubs) ... OK! 
Checking overlaps for volume rf_b_50DsWin2:0 (G4Tubs) ... OK! 
Checking overlaps for volume rf_b_50DsHalf:0 (G4Tubs) ... OK! 
Checking overlaps for volume rf_b_50TimingVol:0 (G4Tubs) ... OK! 
**************************************************************************
*** G4Exception: GeomVol1002
***    severity: Warning
***   issued by: G4PVPlacement::CheckOverlaps()
*** description: Overlap with volume already placed !
          Overlap is detected for volume rf_b_50:0 (G4Tubs)
          apparently fully encapsulating volume pipe:0 (G4Tubs) at the same level!
NOTE: Reached maximum fixed number -1- of overlaps reports for this volume !
**************************************************************************
BLCMDpillbox::construct rf_b_50 parent= relZ=7919.9 globZ=7919.9
	zmin=7809.8 zmax=8029.9
Checking overlaps for volume rf_b_50:0 (G4Tubs) ... Checking overlaps for volume rf_c_51Pipe:0 (G4Tubs) ... OK! 
Checking overlaps for volume rf_c_51UsWall:0 (G4Tubs) ... OK! 
Checking overlaps for volume rf_c_51DsWall:0 (G4Tubs) ... OK! 
Checking overlaps for volume rf_c_51UsWin1:0 (G4Tubs) ... OK! 
Checking overlaps for volume rf_c_51DsWin1:0 (G4Tubs) ... OK! 
Checking overlaps for volume rf_c_51UsWin2:0 (G4Tubs) ... OK! 
Checking overlaps for volume rf_c_51DsWin2:0 (G4Tubs) ... OK! 
Checking overlaps for volume rf_c_51DsHalf:0 (G4Tubs) ... OK! 
Checking overlaps for volume rf_c_51TimingVol:0 (G4Tubs) ... OK! 
Checking overlaps for volume rf_c_51:0 (G4Tubs) ... OK! 
BLCMDpillbox::construct rf_c_51 parent= relZ=8139.9 globZ=8139.9
	zmin=8029.9 zmax=8250.0
Checking overlaps for volume rf_d_52Pipe:0 (G4Tubs) ... OK! 
Checking overlaps for volume rf_d_52UsWall:0 (G4Tubs) ... OK! 
Checking overlaps for volume rf_d_52DsWall:0 (G4Tubs) ... OK! 
Checking overlaps for volume rf_d_52UsWin1:0 (G4Tubs) ... OK! 
Checking overlaps for volume rf_d_52DsWin1:0 (G4Tubs) ... OK! 
Checking overlaps for volume rf_d_52UsWin2:0 (G4Tubs) ... OK! 
Checking overlaps for volume rf_d_52DsWin2:0 (G4Tubs) ... OK! 
Checking overlaps for volume rf_d_52DsHalf:0 (G4Tubs) ... OK! 
Checking overlaps for volume rf_d_52TimingVol:0 (G4Tubs) ... OK! 
Checking overlaps for volume rf_d_52:0 (G4Tubs) ... OK! 
BLCMDpillbox::construct rf_d_52 parent= relZ=8360.0 globZ=8360.0
	zmin=8250.0 zmax=8470.1
Checking overlaps for volume rf_e_53Pipe:0 (G4Tubs) ... OK! 
Checking overlaps for volume rf_e_53UsWall:0 (G4Tubs) ... OK! 
Checking overlaps for volume rf_e_53DsWall:0 (G4Tubs) ... OK! 
Checking overlaps for volume rf_e_53UsWin1:0 (G4Tubs) ... OK! 
Checking overlaps for volume rf_e_53DsWin1:0 (G4Tubs) ... OK! 
Checking overlaps for volume rf_e_53UsWin2:0 (G4Tubs) ... OK! 
Checking overlaps for volume rf_e_53DsWin2:0 (G4Tubs) ... OK! 
Checking overlaps for volume rf_e_53DsHalf:0 (G4Tubs) ... OK! 
Checking overlaps for volume rf_e_53TimingVol:0 (G4Tubs) ... OK! 
**************************************************************************
*** G4Exception: GeomVol1002
***    severity: Warning
***   issued by: G4PVPlacement::CheckOverlaps()
*** description: Overlap with volume already placed !
          Overlap is detected for volume rf_e_53:0 (G4Tubs) with pipe:0 (G4Tubs)
          overlap at local point (-44.2899,117.77,-99.875) by 177.434 um  (max of 1 cases)
NOTE: Reached maximum fixed number -1- of overlaps reports for this volume !
***    printing: every 10-th occurrence
**************************************************************************
BLCMDpillbox::construct rf_e_53 parent= relZ=8580.1 globZ=8580.1
	zmin=8470.1 zmax=8690.2
Checking overlaps for volume rf_e_53:0 (G4Tubs) ... Checking overlaps for volume rf_b_60Pipe:0 (G4Tubs) ... OK! 
Checking overlaps for volume rf_b_60UsWall:0 (G4Tubs) ... OK! 
Checking overlaps for volume rf_b_60DsWall:0 (G4Tubs) ... OK! 
Checking overlaps for volume rf_b_60UsWin1:0 (G4Tubs) ... OK! 
Checking overlaps for volume rf_b_60DsWin1:0 (G4Tubs) ... OK! 
Checking overlaps for volume rf_b_60UsWin2:0 (G4Tubs) ... OK! 
Checking overlaps for volume rf_b_60DsWin2:0 (G4Tubs) ... OK! 
Checking overlaps for volume rf_b_60DsHalf:0 (G4Tubs) ... OK! 
Checking overlaps for volume rf_b_60TimingVol:0 (G4Tubs) ... OK! 
BLCMDpillbox::construct rf_b_60 parent= relZ=9419.9 globZ=9419.9
	zmin=9309.8 zmax=9529.9
Checking overlaps for volume rf_b_60:0 (G4Tubs) ... Checking overlaps for volume rf_c_61Pipe:0 (G4Tubs) ... OK! 
Checking overlaps for volume rf_c_61UsWall:0 (G4Tubs) ... OK! 
Checking overlaps for volume rf_c_61DsWall:0 (G4Tubs) ... OK! 
Checking overlaps for volume rf_c_61UsWin1:0 (G4Tubs) ... OK! 
Checking overlaps for volume rf_c_61DsWin1:0 (G4Tubs) ... OK! 
Checking overlaps for volume rf_c_61UsWin2:0 (G4Tubs) ... OK! 
Checking overlaps for volume rf_c_61DsWin2:0 (G4Tubs) ... OK! 
Checking overlaps for volume rf_c_61DsHalf:0 (G4Tubs) ... OK! 
Checking overlaps for volume rf_c_61TimingVol:0 (G4Tubs) ... OK! 
Checking overlaps for volume rf_c_61:0 (G4Tubs) ... OK! 
BLCMDpillbox::construct rf_c_61 parent= relZ=9640.0 globZ=9640.0
	zmin=9529.9 zmax=9750.0
Checking overlaps for volume rf_d_62Pipe:0 (G4Tubs) ... OK! 
Checking overlaps for volume rf_d_62UsWall:0 (G4Tubs) ... OK! 
Checking overlaps for volume rf_d_62DsWall:0 (G4Tubs) ... OK! 
Checking overlaps for volume rf_d_62UsWin1:0 (G4Tubs) ... OK! 
Checking overlaps for volume rf_d_62DsWin1:0 (G4Tubs) ... OK! 
Checking overlaps for volume rf_d_62UsWin2:0 (G4Tubs) ... OK! 
Checking overlaps for volume rf_d_62DsWin2:0 (G4Tubs) ... OK! 
Checking overlaps for volume rf_d_62DsHalf:0 (G4Tubs) ... OK! 
Checking overlaps for volume rf_d_62TimingVol:0 (G4Tubs) ... OK! 
Checking overlaps for volume rf_d_62:0 (G4Tubs) ... OK! 
BLCMDpillbox::construct rf_d_62 parent= relZ=9860.0 globZ=9860.0
	zmin=9750.0 zmax=9970.1
Checking overlaps for volume rf_e_63Pipe:0 (G4Tubs) ... OK! 
Checking overlaps for volume rf_e_63UsWall:0 (G4Tubs) ... OK! 
Checking overlaps for volume rf_e_63DsWall:0 (G4Tubs) ... OK! 
Checking overlaps for volume rf_e_63UsWin1:0 (G4Tubs) ... OK! 
Checking overlaps for volume rf_e_63DsWin1:0 (G4Tubs) ... OK! 
Checking overlaps for volume rf_e_63UsWin2:0 (G4Tubs) ... OK! 
Checking overlaps for volume rf_e_63DsWin2:0 (G4Tubs) ... OK! 
Checking overlaps for volume rf_e_63DsHalf:0 (G4Tubs) ... OK! 
Checking overlaps for volume rf_e_63TimingVol:0 (G4Tubs) ... OK! 
BLCMDpillbox::construct rf_e_63 parent= relZ=10080.1 globZ=10080.1
	zmin=9970.1 zmax=10190.2
Checking overlaps for volume rf_e_63:0 (G4Tubs) ... Checking overlaps for volume rf_b_70Pipe:0 (G4Tubs) ... OK! 
Checking overlaps for volume rf_b_70UsWall:0 (G4Tubs) ... OK! 
Checking overlaps for volume rf_b_70DsWall:0 (G4Tubs) ... OK! 
Checking overlaps for volume rf_b_70UsWin1:0 (G4Tubs) ... OK! 
Checking overlaps for volume rf_b_70DsWin1:0 (G4Tubs) ... OK! 
Checking overlaps for volume rf_b_70UsWin2:0 (G4Tubs) ... OK! 
Checking overlaps for volume rf_b_70DsWin2:0 (G4Tubs) ... OK! 
Checking overlaps for volume rf_b_70DsHalf:0 (G4Tubs) ... OK! 
Checking overlaps for volume rf_b_70TimingVol:0 (G4Tubs) ... OK! 
BLCMDpillbox::construct rf_b_70 parent= relZ=10919.9 globZ=10919.9
	zmin=10809.8 zmax=11029.9
Checking overlaps for volume rf_b_70:0 (G4Tubs) ... Checking overlaps for volume rf_c_71Pipe:0 (G4Tubs) ... OK! 
Checking overlaps for volume rf_c_71UsWall:0 (G4Tubs) ... OK! 
Checking overlaps for volume rf_c_71DsWall:0 (G4Tubs) ... OK! 
Checking overlaps for volume rf_c_71UsWin1:0 (G4Tubs) ... OK! 
Checking overlaps for volume rf_c_71DsWin1:0 (G4Tubs) ... OK! 
Checking overlaps for volume rf_c_71UsWin2:0 (G4Tubs) ... OK! 
Checking overlaps for volume rf_c_71DsWin2:0 (G4Tubs) ... OK! 
Checking overlaps for volume rf_c_71DsHalf:0 (G4Tubs) ... OK! 
Checking overlaps for volume rf_c_71TimingVol:0 (G4Tubs) ... OK! 
Checking overlaps for volume rf_c_71:0 (G4Tubs) ... OK! 
BLCMDpillbox::construct rf_c_71 parent= relZ=11140.0 globZ=11140.0
	zmin=11029.9 zmax=11250.0
Checking overlaps for volume rf_d_72Pipe:0 (G4Tubs) ... OK! 
Checking overlaps for volume rf_d_72UsWall:0 (G4Tubs) ... OK! 
Checking overlaps for volume rf_d_72DsWall:0 (G4Tubs) ... OK! 
Checking overlaps for volume rf_d_72UsWin1:0 (G4Tubs) ... OK! 
Checking overlaps for volume rf_d_72DsWin1:0 (G4Tubs) ... OK! 
Checking overlaps for volume rf_d_72UsWin2:0 (G4Tubs) ... OK! 
Checking overlaps for volume rf_d_72DsWin2:0 (G4Tubs) ... OK! 
Checking overlaps for volume rf_d_72DsHalf:0 (G4Tubs) ... OK! 
Checking overlaps for volume rf_d_72TimingVol:0 (G4Tubs) ... OK! 
Checking overlaps for volume rf_d_72:0 (G4Tubs) ... OK! 
BLCMDpillbox::construct rf_d_72 parent= relZ=11360.0 globZ=11360.0
	zmin=11250.0 zmax=11470.1
Checking overlaps for volume rf_e_73Pipe:0 (G4Tubs) ... OK! 
Checking overlaps for volume rf_e_73UsWall:0 (G4Tubs) ... OK! 
Checking overlaps for volume rf_e_73DsWall:0 (G4Tubs) ... OK! 
Checking overlaps for volume rf_e_73UsWin1:0 (G4Tubs) ... OK! 
Checking overlaps for volume rf_e_73DsWin1:0 (G4Tubs) ... OK! 
Checking overlaps for volume rf_e_73UsWin2:0 (G4Tubs) ... OK! 
Checking overlaps for volume rf_e_73DsWin2:0 (G4Tubs) ... OK! 
Checking overlaps for volume rf_e_73DsHalf:0 (G4Tubs) ... OK! 
Checking overlaps for volume rf_e_73TimingVol:0 (G4Tubs) ... OK! 
BLCMDpillbox::construct rf_e_73 parent= relZ=11580.1 globZ=11580.1
	zmin=11470.1 zmax=11690.2
Checking overlaps for volume rf_e_73:0 (G4Tubs) ... Checking overlaps for volume rf_b_80Pipe:0 (G4Tubs) ... OK! 
Checking overlaps for volume rf_b_80UsWall:0 (G4Tubs) ... OK! 
Checking overlaps for volume rf_b_80DsWall:0 (G4Tubs) ... OK! 
Checking overlaps for volume rf_b_80UsWin1:0 (G4Tubs) ... OK! 
Checking overlaps for volume rf_b_80DsWin1:0 (G4Tubs) ... OK! 
Checking overlaps for volume rf_b_80UsWin2:0 (G4Tubs) ... OK! 
Checking overlaps for volume rf_b_80DsWin2:0 (G4Tubs) ... OK! 
Checking overlaps for volume rf_b_80DsHalf:0 (G4Tubs) ... OK! 
Checking overlaps for volume rf_b_80TimingVol:0 (G4Tubs) ... OK! 
Checking overlaps for volume rf_b_80:0 (G4Tubs) ... OK! 
BLCMDpillbox::construct rf_b_80 parent= relZ=12419.9 globZ=12419.9
	zmin=12309.8 zmax=12529.9
Checking overlaps for volume rf_c_81Pipe:0 (G4Tubs) ... OK! 
Checking overlaps for volume rf_c_81UsWall:0 (G4Tubs) ... OK! 
Checking overlaps for volume rf_c_81DsWall:0 (G4Tubs) ... OK! 
Checking overlaps for volume rf_c_81UsWin1:0 (G4Tubs) ... OK! 
Checking overlaps for volume rf_c_81DsWin1:0 (G4Tubs) ... OK! 
Checking overlaps for volume rf_c_81UsWin2:0 (G4Tubs) ... OK! 
Checking overlaps for volume rf_c_81DsWin2:0 (G4Tubs) ... OK! 
Checking overlaps for volume rf_c_81DsHalf:0 (G4Tubs) ... OK! 
Checking overlaps for volume rf_c_81TimingVol:0 (G4Tubs) ... OK! 
Checking overlaps for volume rf_c_81:0 (G4Tubs) ... OK! 
BLCMDpillbox::construct rf_c_81 parent= relZ=12640.0 globZ=12640.0
	zmin=12529.9 zmax=12750.0
Checking overlaps for volume rf_d_82Pipe:0 (G4Tubs) ... OK! 
Checking overlaps for volume rf_d_82UsWall:0 (G4Tubs) ... OK! 
Checking overlaps for volume rf_d_82DsWall:0 (G4Tubs) ... OK! 
Checking overlaps for volume rf_d_82UsWin1:0 (G4Tubs) ... OK! 
Checking overlaps for volume rf_d_82DsWin1:0 (G4Tubs) ... OK! 
Checking overlaps for volume rf_d_82UsWin2:0 (G4Tubs) ... OK! 
Checking overlaps for volume rf_d_82DsWin2:0 (G4Tubs) ... OK! 
Checking overlaps for volume rf_d_82DsHalf:0 (G4Tubs) ... OK! 
Checking overlaps for volume rf_d_82TimingVol:0 (G4Tubs) ... OK! 
Checking overlaps for volume rf_d_82:0 (G4Tubs) ... OK! 
BLCMDpillbox::construct rf_d_82 parent= relZ=12860.0 globZ=12860.0
	zmin=12750.0 zmax=12970.1
Checking overlaps for volume rf_e_83Pipe:0 (G4Tubs) ... OK! 
Checking overlaps for volume rf_e_83UsWall:0 (G4Tubs) ... OK! 
Checking overlaps for volume rf_e_83DsWall:0 (G4Tubs) ... OK! 
Checking overlaps for volume rf_e_83UsWin1:0 (G4Tubs) ... OK! 
Checking overlaps for volume rf_e_83DsWin1:0 (G4Tubs) ... OK! 
Checking overlaps for volume rf_e_83UsWin2:0 (G4Tubs) ... OK! 
Checking overlaps for volume rf_e_83DsWin2:0 (G4Tubs) ... OK! 
Checking overlaps for volume rf_e_83DsHalf:0 (G4Tubs) ... OK! 
Checking overlaps for volume rf_e_83TimingVol:0 (G4Tubs) ... OK! 
BLCMDpillbox::construct rf_e_83 parent= relZ=13080.1 globZ=13080.1
	zmin=12970.1 zmax=13190.2
Checking overlaps for volume rf_e_83:0 (G4Tubs) ... Checking overlaps for volume rf_b_90Pipe:0 (G4Tubs) ... OK! 
Checking overlaps for volume rf_b_90UsWall:0 (G4Tubs) ... OK! 
Checking overlaps for volume rf_b_90DsWall:0 (G4Tubs) ... OK! 
Checking overlaps for volume rf_b_90UsWin1:0 (G4Tubs) ... OK! 
Checking overlaps for volume rf_b_90DsWin1:0 (G4Tubs) ... OK! 
Checking overlaps for volume rf_b_90UsWin2:0 (G4Tubs) ... OK! 
Checking overlaps for volume rf_b_90DsWin2:0 (G4Tubs) ... OK! 
Checking overlaps for volume rf_b_90DsHalf:0 (G4Tubs) ... OK! 
Checking overlaps for volume rf_b_90TimingVol:0 (G4Tubs) ... OK! 
BLCMDpillbox::construct rf_b_90 parent= relZ=13919.9 globZ=13919.9
	zmin=13809.8 zmax=14029.9
Checking overlaps for volume rf_b_90:0 (G4Tubs) ... Checking overlaps for volume rf_c_91Pipe:0 (G4Tubs) ... OK! 
Checking overlaps for volume rf_c_91UsWall:0 (G4Tubs) ... OK! 
Checking overlaps for volume rf_c_91DsWall:0 (G4Tubs) ... OK! 
Checking overlaps for volume rf_c_91UsWin1:0 (G4Tubs) ... OK! 
Checking overlaps for volume rf_c_91DsWin1:0 (G4Tubs) ... OK! 
Checking overlaps for volume rf_c_91UsWin2:0 (G4Tubs) ... OK! 
Checking overlaps for volume rf_c_91DsWin2:0 (G4Tubs) ... OK! 
Checking overlaps for volume rf_c_91DsHalf:0 (G4Tubs) ... OK! 
Checking overlaps for volume rf_c_91TimingVol:0 (G4Tubs) ... OK! 
Checking overlaps for volume rf_c_91:0 (G4Tubs) ... OK! 
BLCMDpillbox::construct rf_c_91 parent= relZ=14140.0 globZ=14140.0
	zmin=14029.9 zmax=14250.0
Checking overlaps for volume rf_d_92Pipe:0 (G4Tubs) ... OK! 
Checking overlaps for volume rf_d_92UsWall:0 (G4Tubs) ... OK! 
Checking overlaps for volume rf_d_92DsWall:0 (G4Tubs) ... OK! 
Checking overlaps for volume rf_d_92UsWin1:0 (G4Tubs) ... OK! 
Checking overlaps for volume rf_d_92DsWin1:0 (G4Tubs) ... OK! 
Checking overlaps for volume rf_d_92UsWin2:0 (G4Tubs) ... OK! 
Checking overlaps for volume rf_d_92DsWin2:0 (G4Tubs) ... OK! 
Checking overlaps for volume rf_d_92DsHalf:0 (G4Tubs) ... OK! 
Checking overlaps for volume rf_d_92TimingVol:0 (G4Tubs) ... OK! 
Checking overlaps for volume rf_d_92:0 (G4Tubs) ... OK! 
BLCMDpillbox::construct rf_d_92 parent= relZ=14360.0 globZ=14360.0
	zmin=14250.0 zmax=14470.1
Checking overlaps for volume rf_e_93Pipe:0 (G4Tubs) ... OK! 
Checking overlaps for volume rf_e_93UsWall:0 (G4Tubs) ... OK! 
Checking overlaps for volume rf_e_93DsWall:0 (G4Tubs) ... OK! 
Checking overlaps for volume rf_e_93UsWin1:0 (G4Tubs) ... OK! 
Checking overlaps for volume rf_e_93DsWin1:0 (G4Tubs) ... OK! 
Checking overlaps for volume rf_e_93UsWin2:0 (G4Tubs) ... OK! 
Checking overlaps for volume rf_e_93DsWin2:0 (G4Tubs) ... OK! 
Checking overlaps for volume rf_e_93DsHalf:0 (G4Tubs) ... OK! 
Checking overlaps for volume rf_e_93TimingVol:0 (G4Tubs) ... OK! 
Checking overlaps for volume rf_e_93:0 (G4Tubs) ... OK! 
BLCMDpillbox::construct rf_e_93 parent= relZ=14580.1 globZ=14580.1
	zmin=14470.1 zmax=14690.2
Checking overlaps for volume rf_b_100Pipe:0 (G4Tubs) ... OK! 
Checking overlaps for volume rf_b_100UsWall:0 (G4Tubs) ... OK! 
Checking overlaps for volume rf_b_100DsWall:0 (G4Tubs) ... OK! 
Checking overlaps for volume rf_b_100UsWin1:0 (G4Tubs) ... OK! 
Checking overlaps for volume rf_b_100DsWin1:0 (G4Tubs) ... OK! 
Checking overlaps for volume rf_b_100UsWin2:0 (G4Tubs) ... OK! 
Checking overlaps for volume rf_b_100DsWin2:0 (G4Tubs) ... OK! 
Checking overlaps for volume rf_b_100DsHalf:0 (G4Tubs) ... OK! 
Checking overlaps for volume rf_b_100TimingVol:0 (G4Tubs) ... OK! 
Checking overlaps for volume rf_b_100:0 (G4Tubs) ... OK! 
BLCMDpillbox::construct rf_b_100 parent= relZ=15419.9 globZ=15419.9
	zmin=15309.8 zmax=15529.9
Checking overlaps for volume rf_c_101Pipe:0 (G4Tubs) ... OK! 
Checking overlaps for volume rf_c_101UsWall:0 (G4Tubs) ... OK! 
Checking overlaps for volume rf_c_101DsWall:0 (G4Tubs) ... OK! 
Checking overlaps for volume rf_c_101UsWin1:0 (G4Tubs) ... OK! 
Checking overlaps for volume rf_c_101DsWin1:0 (G4Tubs) ... OK! 
Checking overlaps for volume rf_c_101UsWin2:0 (G4Tubs) ... OK! 
Checking overlaps for volume rf_c_101DsWin2:0 (G4Tubs) ... OK! 
Checking overlaps for volume rf_c_101DsHalf:0 (G4Tubs) ... OK! 
Checking overlaps for volume rf_c_101TimingVol:0 (G4Tubs) ... OK! 
Checking overlaps for volume rf_c_101:0 (G4Tubs) ... OK! 
BLCMDpillbox::construct rf_c_101 parent= relZ=15640.0 globZ=15640.0
	zmin=15529.9 zmax=15750.0
Checking overlaps for volume rf_d_102Pipe:0 (G4Tubs) ... OK! 
Checking overlaps for volume rf_d_102UsWall:0 (G4Tubs) ... OK! 
Checking overlaps for volume rf_d_102DsWall:0 (G4Tubs) ... OK! 
Checking overlaps for volume rf_d_102UsWin1:0 (G4Tubs) ... OK! 
Checking overlaps for volume rf_d_102DsWin1:0 (G4Tubs) ... OK! 
Checking overlaps for volume rf_d_102UsWin2:0 (G4Tubs) ... OK! 
Checking overlaps for volume rf_d_102DsWin2:0 (G4Tubs) ... OK! 
Checking overlaps for volume rf_d_102DsHalf:0 (G4Tubs) ... OK! 
Checking overlaps for volume rf_d_102TimingVol:0 (G4Tubs) ... OK! 
Checking overlaps for volume rf_d_102:0 (G4Tubs) ... OK! 
BLCMDpillbox::construct rf_d_102 parent= relZ=15860.0 globZ=15860.0
	zmin=15750.0 zmax=15970.1
Checking overlaps for volume rf_e_103Pipe:0 (G4Tubs) ... OK! 
Checking overlaps for volume rf_e_103UsWall:0 (G4Tubs) ... OK! 
Checking overlaps for volume rf_e_103DsWall:0 (G4Tubs) ... OK! 
Checking overlaps for volume rf_e_103UsWin1:0 (G4Tubs) ... OK! 
Checking overlaps for volume rf_e_103DsWin1:0 (G4Tubs) ... OK! 
Checking overlaps for volume rf_e_103UsWin2:0 (G4Tubs) ... OK! 
Checking overlaps for volume rf_e_103DsWin2:0 (G4Tubs) ... OK! 
Checking overlaps for volume rf_e_103DsHalf:0 (G4Tubs) ... OK! 
Checking overlaps for volume rf_e_103TimingVol:0 (G4Tubs) ... OK! 
BLCMDpillbox::construct rf_e_103 parent= relZ=16080.1 globZ=16080.1
	zmin=15970.1 zmax=16190.2
Checking overlaps for volume rf_e_103:0 (G4Tubs) ... Checking overlaps for volume rf_b_110Pipe:0 (G4Tubs) ... OK! 
Checking overlaps for volume rf_b_110UsWall:0 (G4Tubs) ... OK! 
Checking overlaps for volume rf_b_110DsWall:0 (G4Tubs) ... OK! 
Checking overlaps for volume rf_b_110UsWin1:0 (G4Tubs) ... OK! 
Checking overlaps for volume rf_b_110DsWin1:0 (G4Tubs) ... OK! 
Checking overlaps for volume rf_b_110UsWin2:0 (G4Tubs) ... OK! 
Checking overlaps for volume rf_b_110DsWin2:0 (G4Tubs) ... OK! 
Checking overlaps for volume rf_b_110DsHalf:0 (G4Tubs) ... OK! 
Checking overlaps for volume rf_b_110TimingVol:0 (G4Tubs) ... OK! 
BLCMDpillbox::construct rf_b_110 parent= relZ=16919.8 globZ=16919.8
	zmin=16809.8 zmax=17029.9
Checking overlaps for volume rf_b_110:0 (G4Tubs) ... Checking overlaps for volume rf_c_111Pipe:0 (G4Tubs) ... OK! 
Checking overlaps for volume rf_c_111UsWall:0 (G4Tubs) ... OK! 
Checking overlaps for volume rf_c_111DsWall:0 (G4Tubs) ... OK! 
Checking overlaps for volume rf_c_111UsWin1:0 (G4Tubs) ... OK! 
Checking overlaps for volume rf_c_111DsWin1:0 (G4Tubs) ... OK! 
Checking overlaps for volume rf_c_111UsWin2:0 (G4Tubs) ... OK! 
Checking overlaps for volume rf_c_111DsWin2:0 (G4Tubs) ... OK! 
Checking overlaps for volume rf_c_111DsHalf:0 (G4Tubs) ... OK! 
Checking overlaps for volume rf_c_111TimingVol:0 (G4Tubs) ... OK! 
Checking overlaps for volume rf_c_111:0 (G4Tubs) ... OK! 
BLCMDpillbox::construct rf_c_111 parent= relZ=17140.0 globZ=17140.0
	zmin=17029.9 zmax=17250.0
Checking overlaps for volume rf_d_112Pipe:0 (G4Tubs) ... OK! 
Checking overlaps for volume rf_d_112UsWall:0 (G4Tubs) ... OK! 
Checking overlaps for volume rf_d_112DsWall:0 (G4Tubs) ... OK! 
Checking overlaps for volume rf_d_112UsWin1:0 (G4Tubs) ... OK! 
Checking overlaps for volume rf_d_112DsWin1:0 (G4Tubs) ... OK! 
Checking overlaps for volume rf_d_112UsWin2:0 (G4Tubs) ... OK! 
Checking overlaps for volume rf_d_112DsWin2:0 (G4Tubs) ... OK! 
Checking overlaps for volume rf_d_112DsHalf:0 (G4Tubs) ... OK! 
Checking overlaps for volume rf_d_112TimingVol:0 (G4Tubs) ... OK! 
Checking overlaps for volume rf_d_112:0 (G4Tubs) ... OK! 
BLCMDpillbox::construct rf_d_112 parent= relZ=17360.0 globZ=17360.0
	zmin=17250.0 zmax=17470.1
Checking overlaps for volume rf_e_113Pipe:0 (G4Tubs) ... OK! 
Checking overlaps for volume rf_e_113UsWall:0 (G4Tubs) ... OK! 
Checking overlaps for volume rf_e_113DsWall:0 (G4Tubs) ... OK! 
Checking overlaps for volume rf_e_113UsWin1:0 (G4Tubs) ... OK! 
Checking overlaps for volume rf_e_113DsWin1:0 (G4Tubs) ... OK! 
Checking overlaps for volume rf_e_113UsWin2:0 (G4Tubs) ... OK! 
Checking overlaps for volume rf_e_113DsWin2:0 (G4Tubs) ... OK! 
Checking overlaps for volume rf_e_113DsHalf:0 (G4Tubs) ... OK! 
Checking overlaps for volume rf_e_113TimingVol:0 (G4Tubs) ... OK! 
Checking overlaps for volume rf_e_113:0 (G4Tubs) ... OK! 
BLCMDpillbox::construct rf_e_113 parent= relZ=17580.2 globZ=17580.2
	zmin=17470.1 zmax=17690.2
Checking overlaps for volume rf_b_120Pipe:0 (G4Tubs) ... OK! 
Checking overlaps for volume rf_b_120UsWall:0 (G4Tubs) ... OK! 
Checking overlaps for volume rf_b_120DsWall:0 (G4Tubs) ... OK! 
Checking overlaps for volume rf_b_120UsWin1:0 (G4Tubs) ... OK! 
Checking overlaps for volume rf_b_120DsWin1:0 (G4Tubs) ... OK! 
Checking overlaps for volume rf_b_120UsWin2:0 (G4Tubs) ... OK! 
Checking overlaps for volume rf_b_120DsWin2:0 (G4Tubs) ... OK! 
Checking overlaps for volume rf_b_120DsHalf:0 (G4Tubs) ... OK! 
Checking overlaps for volume rf_b_120TimingVol:0 (G4Tubs) ... OK! 
BLCMDpillbox::construct rf_b_120 parent= relZ=18419.8 globZ=18419.8
	zmin=18309.8 zmax=18529.9
Checking overlaps for volume rf_b_120:0 (G4Tubs) ... Checking overlaps for volume rf_c_121Pipe:0 (G4Tubs) ... OK! 
Checking overlaps for volume rf_c_121UsWall:0 (G4Tubs) ... OK! 
Checking overlaps for volume rf_c_121DsWall:0 (G4Tubs) ... OK! 
Checking overlaps for volume rf_c_121UsWin1:0 (G4Tubs) ... OK! 
Checking overlaps for volume rf_c_121DsWin1:0 (G4Tubs) ... OK! 
Checking overlaps for volume rf_c_121UsWin2:0 (G4Tubs) ... OK! 
Checking overlaps for volume rf_c_121DsWin2:0 (G4Tubs) ... OK! 
Checking overlaps for volume rf_c_121DsHalf:0 (G4Tubs) ... OK! 
Checking overlaps for volume rf_c_121TimingVol:0 (G4Tubs) ... OK! 
Checking overlaps for volume rf_c_121:0 (G4Tubs) ... OK! 
BLCMDpillbox::construct rf_c_121 parent= relZ=18640.0 globZ=18640.0
	zmin=18529.9 zmax=18750.0
Checking overlaps for volume rf_d_122Pipe:0 (G4Tubs) ... OK! 
Checking overlaps for volume rf_d_122UsWall:0 (G4Tubs) ... OK! 
Checking overlaps for volume rf_d_122DsWall:0 (G4Tubs) ... OK! 
Checking overlaps for volume rf_d_122UsWin1:0 (G4Tubs) ... OK! 
Checking overlaps for volume rf_d_122DsWin1:0 (G4Tubs) ... OK! 
Checking overlaps for volume rf_d_122UsWin2:0 (G4Tubs) ... OK! 
Checking overlaps for volume rf_d_122DsWin2:0 (G4Tubs) ... OK! 
Checking overlaps for volume rf_d_122DsHalf:0 (G4Tubs) ... OK! 
Checking overlaps for volume rf_d_122TimingVol:0 (G4Tubs) ... OK! 
Checking overlaps for volume rf_d_122:0 (G4Tubs) ... OK! 
BLCMDpillbox::construct rf_d_122 parent= relZ=18860.0 globZ=18860.0
	zmin=18750.0 zmax=18970.1
Checking overlaps for volume rf_e_123Pipe:0 (G4Tubs) ... OK! 
Checking overlaps for volume rf_e_123UsWall:0 (G4Tubs) ... OK! 
Checking overlaps for volume rf_e_123DsWall:0 (G4Tubs) ... OK! 
Checking overlaps for volume rf_e_123UsWin1:0 (G4Tubs) ... OK! 
Checking overlaps for volume rf_e_123DsWin1:0 (G4Tubs) ... OK! 
Checking overlaps for volume rf_e_123UsWin2:0 (G4Tubs) ... OK! 
Checking overlaps for volume rf_e_123DsWin2:0 (G4Tubs) ... OK! 
Checking overlaps for volume rf_e_123DsHalf:0 (G4Tubs) ... OK! 
Checking overlaps for volume rf_e_123TimingVol:0 (G4Tubs) ... OK! 
Checking overlaps for volume rf_e_123:0 (G4Tubs) ... OK! 
BLCMDpillbox::construct rf_e_123 parent= relZ=19080.2 globZ=19080.2
	zmin=18970.1 zmax=19190.2
Checking overlaps for volume rf_b_130Pipe:0 (G4Tubs) ... OK! 
Checking overlaps for volume rf_b_130UsWall:0 (G4Tubs) ... OK! 
Checking overlaps for volume rf_b_130DsWall:0 (G4Tubs) ... OK! 
Checking overlaps for volume rf_b_130UsWin1:0 (G4Tubs) ... OK! 
Checking overlaps for volume rf_b_130DsWin1:0 (G4Tubs) ... OK! 
Checking overlaps for volume rf_b_130UsWin2:0 (G4Tubs) ... OK! 
Checking overlaps for volume rf_b_130DsWin2:0 (G4Tubs) ... OK! 
Checking overlaps for volume rf_b_130DsHalf:0 (G4Tubs) ... OK! 
Checking overlaps for volume rf_b_130TimingVol:0 (G4Tubs) ... OK! 
**************************************************************************
*** G4Exception: GeomVol1002
***    severity: Warning
***   issued by: G4PVPlacement::CheckOverlaps()
*** description: Overlap with volume already placed !
          Overlap is detected for volume rf_b_130:0 (G4Tubs) with pipe:0 (G4Tubs)
          overlap at local point (3.36237,125.028,99.875) by 73.0254 um  (max of 1 cases)
NOTE: Reached maximum fixed number -1- of overlaps reports for this volume !
***    printing: every 10-th occurrence
**************************************************************************
BLCMDpillbox::construct rf_b_130 parent= relZ=19919.8 globZ=19919.8
	zmin=19809.8 zmax=20029.9
Checking overlaps for volume rf_b_130:0 (G4Tubs) ... Checking overlaps for volume rf_c_131Pipe:0 (G4Tubs) ... OK! 
Checking overlaps for volume rf_c_131UsWall:0 (G4Tubs) ... OK! 
Checking overlaps for volume rf_c_131DsWall:0 (G4Tubs) ... OK! 
Checking overlaps for volume rf_c_131UsWin1:0 (G4Tubs) ... OK! 
Checking overlaps for volume rf_c_131DsWin1:0 (G4Tubs) ... OK! 
Checking overlaps for volume rf_c_131UsWin2:0 (G4Tubs) ... OK! 
Checking overlaps for volume rf_c_131DsWin2:0 (G4Tubs) ... OK! 
Checking overlaps for volume rf_c_131DsHalf:0 (G4Tubs) ... OK! 
Checking overlaps for volume rf_c_131TimingVol:0 (G4Tubs) ... OK! 
Checking overlaps for volume rf_c_131:0 (G4Tubs) ... OK! 
BLCMDpillbox::construct rf_c_131 parent= relZ=20140.0 globZ=20140.0
	zmin=20029.9 zmax=20250.0
Checking overlaps for volume rf_d_132Pipe:0 (G4Tubs) ... OK! 
Checking overlaps for volume rf_d_132UsWall:0 (G4Tubs) ... OK! 
Checking overlaps for volume rf_d_132DsWall:0 (G4Tubs) ... OK! 
Checking overlaps for volume rf_d_132UsWin1:0 (G4Tubs) ... OK! 
Checking overlaps for volume rf_d_132DsWin1:0 (G4Tubs) ... OK! 
Checking overlaps for volume rf_d_132UsWin2:0 (G4Tubs) ... OK! 
Checking overlaps for volume rf_d_132DsWin2:0 (G4Tubs) ... OK! 
Checking overlaps for volume rf_d_132DsHalf:0 (G4Tubs) ... OK! 
Checking overlaps for volume rf_d_132TimingVol:0 (G4Tubs) ... OK! 
Checking overlaps for volume rf_d_132:0 (G4Tubs) ... OK! 
BLCMDpillbox::construct rf_d_132 parent= relZ=20360.0 globZ=20360.0
	zmin=20250.0 zmax=20470.1
Checking overlaps for volume rf_e_133Pipe:0 (G4Tubs) ... OK! 
Checking overlaps for volume rf_e_133UsWall:0 (G4Tubs) ... OK! 
Checking overlaps for volume rf_e_133DsWall:0 (G4Tubs) ... OK! 
Checking overlaps for volume rf_e_133UsWin1:0 (G4Tubs) ... OK! 
Checking overlaps for volume rf_e_133DsWin1:0 (G4Tubs) ... OK! 
Checking overlaps for volume rf_e_133UsWin2:0 (G4Tubs) ... OK! 
Checking overlaps for volume rf_e_133DsWin2:0 (G4Tubs) ... OK! 
Checking overlaps for volume rf_e_133DsHalf:0 (G4Tubs) ... OK! 
Checking overlaps for volume rf_e_133TimingVol:0 (G4Tubs) ... OK! 
BLCMDpillbox::construct rf_e_133 parent= relZ=20580.2 globZ=20580.2
	zmin=20470.1 zmax=20690.2
Checking overlaps for volume rf_e_133:0 (G4Tubs) ... Checking overlaps for volume rf_b_140Pipe:0 (G4Tubs) ... OK! 
Checking overlaps for volume rf_b_140UsWall:0 (G4Tubs) ... OK! 
Checking overlaps for volume rf_b_140DsWall:0 (G4Tubs) ... OK! 
Checking overlaps for volume rf_b_140UsWin1:0 (G4Tubs) ... OK! 
Checking overlaps for volume rf_b_140DsWin1:0 (G4Tubs) ... OK! 
Checking overlaps for volume rf_b_140UsWin2:0 (G4Tubs) ... OK! 
Checking overlaps for volume rf_b_140DsWin2:0 (G4Tubs) ... OK! 
Checking overlaps for volume rf_b_140DsHalf:0 (G4Tubs) ... OK! 
Checking overlaps for volume rf_b_140TimingVol:0 (G4Tubs) ... OK! 
BLCMDpillbox::construct rf_b_140 parent= relZ=21419.8 globZ=21419.8
	zmin=21309.8 zmax=21529.9
Checking overlaps for volume rf_b_140:0 (G4Tubs) ... Checking overlaps for volume rf_c_141Pipe:0 (G4Tubs) ... OK! 
Checking overlaps for volume rf_c_141UsWall:0 (G4Tubs) ... OK! 
Checking overlaps for volume rf_c_141DsWall:0 (G4Tubs) ... OK! 
Checking overlaps for volume rf_c_141UsWin1:0 (G4Tubs) ... OK! 
Checking overlaps for volume rf_c_141DsWin1:0 (G4Tubs) ... OK! 
Checking overlaps for volume rf_c_141UsWin2:0 (G4Tubs) ... OK! 
Checking overlaps for volume rf_c_141DsWin2:0 (G4Tubs) ... OK! 
Checking overlaps for volume rf_c_141DsHalf:0 (G4Tubs) ... OK! 
Checking overlaps for volume rf_c_141TimingVol:0 (G4Tubs) ... OK! 
Checking overlaps for volume rf_c_141:0 (G4Tubs) ... OK! 
BLCMDpillbox::construct rf_c_141 parent= relZ=21640.0 globZ=21640.0
	zmin=21529.9 zmax=21750.0
Checking overlaps for volume rf_d_142Pipe:0 (G4Tubs) ... OK! 
Checking overlaps for volume rf_d_142UsWall:0 (G4Tubs) ... OK! 
Checking overlaps for volume rf_d_142DsWall:0 (G4Tubs) ... OK! 
Checking overlaps for volume rf_d_142UsWin1:0 (G4Tubs) ... OK! 
Checking overlaps for volume rf_d_142DsWin1:0 (G4Tubs) ... OK! 
Checking overlaps for volume rf_d_142UsWin2:0 (G4Tubs) ... OK! 
Checking overlaps for volume rf_d_142DsWin2:0 (G4Tubs) ... OK! 
Checking overlaps for volume rf_d_142DsHalf:0 (G4Tubs) ... OK! 
Checking overlaps for volume rf_d_142TimingVol:0 (G4Tubs) ... OK! 
Checking overlaps for volume rf_d_142:0 (G4Tubs) ... OK! 
BLCMDpillbox::construct rf_d_142 parent= relZ=21860.0 globZ=21860.0
	zmin=21750.0 zmax=21970.1
Checking overlaps for volume rf_e_143Pipe:0 (G4Tubs) ... OK! 
Checking overlaps for volume rf_e_143UsWall:0 (G4Tubs) ... OK! 
Checking overlaps for volume rf_e_143DsWall:0 (G4Tubs) ... OK! 
Checking overlaps for volume rf_e_143UsWin1:0 (G4Tubs) ... OK! 
Checking overlaps for volume rf_e_143DsWin1:0 (G4Tubs) ... OK! 
Checking overlaps for volume rf_e_143UsWin2:0 (G4Tubs) ... OK! 
Checking overlaps for volume rf_e_143DsWin2:0 (G4Tubs) ... OK! 
Checking overlaps for volume rf_e_143DsHalf:0 (G4Tubs) ... OK! 
Checking overlaps for volume rf_e_143TimingVol:0 (G4Tubs) ... OK! 
BLCMDpillbox::construct rf_e_143 parent= relZ=22080.2 globZ=22080.2
	zmin=21970.1 zmax=22190.2
Checking overlaps for volume rf_e_143:0 (G4Tubs) ... Checking overlaps for volume rf_b_150Pipe:0 (G4Tubs) ... OK! 
Checking overlaps for volume rf_b_150UsWall:0 (G4Tubs) ... OK! 
Checking overlaps for volume rf_b_150DsWall:0 (G4Tubs) ... OK! 
Checking overlaps for volume rf_b_150UsWin1:0 (G4Tubs) ... OK! 
Checking overlaps for volume rf_b_150DsWin1:0 (G4Tubs) ... OK! 
Checking overlaps for volume rf_b_150UsWin2:0 (G4Tubs) ... OK! 
Checking overlaps for volume rf_b_150DsWin2:0 (G4Tubs) ... OK! 
Checking overlaps for volume rf_b_150DsHalf:0 (G4Tubs) ... OK! 
Checking overlaps for volume rf_b_150TimingVol:0 (G4Tubs) ... OK! 
BLCMDpillbox::construct rf_b_150 parent= relZ=22919.8 globZ=22919.8
	zmin=22809.8 zmax=23029.9
Checking overlaps for volume rf_b_150:0 (G4Tubs) ... Checking overlaps for volume rf_c_151Pipe:0 (G4Tubs) ... OK! 
Checking overlaps for volume rf_c_151UsWall:0 (G4Tubs) ... OK! 
Checking overlaps for volume rf_c_151DsWall:0 (G4Tubs) ... OK! 
Checking overlaps for volume rf_c_151UsWin1:0 (G4Tubs) ... OK! 
Checking overlaps for volume rf_c_151DsWin1:0 (G4Tubs) ... OK! 
Checking overlaps for volume rf_c_151UsWin2:0 (G4Tubs) ... OK! 
Checking overlaps for volume rf_c_151DsWin2:0 (G4Tubs) ... OK! 
Checking overlaps for volume rf_c_151DsHalf:0 (G4Tubs) ... OK! 
Checking overlaps for volume rf_c_151TimingVol:0 (G4Tubs) ... OK! 
Checking overlaps for volume rf_c_151:0 (G4Tubs) ... OK! 
BLCMDpillbox::construct rf_c_151 parent= relZ=23140.0 globZ=23140.0
	zmin=23029.9 zmax=23250.0
Checking overlaps for volume rf_d_152Pipe:0 (G4Tubs) ... OK! 
Checking overlaps for volume rf_d_152UsWall:0 (G4Tubs) ... OK! 
Checking overlaps for volume rf_d_152DsWall:0 (G4Tubs) ... OK! 
Checking overlaps for volume rf_d_152UsWin1:0 (G4Tubs) ... OK! 
Checking overlaps for volume rf_d_152DsWin1:0 (G4Tubs) ... OK! 
Checking overlaps for volume rf_d_152UsWin2:0 (G4Tubs) ... OK! 
Checking overlaps for volume rf_d_152DsWin2:0 (G4Tubs) ... OK! 
Checking overlaps for volume rf_d_152DsHalf:0 (G4Tubs) ... OK! 
Checking overlaps for volume rf_d_152TimingVol:0 (G4Tubs) ... OK! 
Checking overlaps for volume rf_d_152:0 (G4Tubs) ... OK! 
BLCMDpillbox::construct rf_d_152 parent= relZ=23360.0 globZ=23360.0
	zmin=23250.0 zmax=23470.1
Checking overlaps for volume rf_e_153Pipe:0 (G4Tubs) ... OK! 
Checking overlaps for volume rf_e_153UsWall:0 (G4Tubs) ... OK! 
Checking overlaps for volume rf_e_153DsWall:0 (G4Tubs) ... OK! 
Checking overlaps for volume rf_e_153UsWin1:0 (G4Tubs) ... OK! 
Checking overlaps for volume rf_e_153DsWin1:0 (G4Tubs) ... OK! 
Checking overlaps for volume rf_e_153UsWin2:0 (G4Tubs) ... OK! 
Checking overlaps for volume rf_e_153DsWin2:0 (G4Tubs) ... OK! 
Checking overlaps for volume rf_e_153DsHalf:0 (G4Tubs) ... OK! 
Checking overlaps for volume rf_e_153TimingVol:0 (G4Tubs) ... OK! 
BLCMDpillbox::construct rf_e_153 parent= relZ=23580.2 globZ=23580.2
	zmin=23470.1 zmax=23690.2
Checking overlaps for volume rf_e_153:0 (G4Tubs) ... Checking overlaps for volume rf_b_160Pipe:0 (G4Tubs) ... OK! 
Checking overlaps for volume rf_b_160UsWall:0 (G4Tubs) ... OK! 
Checking overlaps for volume rf_b_160DsWall:0 (G4Tubs) ... OK! 
Checking overlaps for volume rf_b_160UsWin1:0 (G4Tubs) ... OK! 
Checking overlaps for volume rf_b_160DsWin1:0 (G4Tubs) ... OK! 
Checking overlaps for volume rf_b_160UsWin2:0 (G4Tubs) ... OK! 
Checking overlaps for volume rf_b_160DsWin2:0 (G4Tubs) ... OK! 
Checking overlaps for volume rf_b_160DsHalf:0 (G4Tubs) ... OK! 
Checking overlaps for volume rf_b_160TimingVol:0 (G4Tubs) ... OK! 
Checking overlaps for volume rf_b_160:0 (G4Tubs) ... OK! 
BLCMDpillbox::construct rf_b_160 parent= relZ=24419.8 globZ=24419.8
	zmin=24309.8 zmax=24529.9
Checking overlaps for volume rf_c_161Pipe:0 (G4Tubs) ... OK! 
Checking overlaps for volume rf_c_161UsWall:0 (G4Tubs) ... OK! 
Checking overlaps for volume rf_c_161DsWall:0 (G4Tubs) ... OK! 
Checking overlaps for volume rf_c_161UsWin1:0 (G4Tubs) ... OK! 
Checking overlaps for volume rf_c_161DsWin1:0 (G4Tubs) ... OK! 
Checking overlaps for volume rf_c_161UsWin2:0 (G4Tubs) ... OK! 
Checking overlaps for volume rf_c_161DsWin2:0 (G4Tubs) ... OK! 
Checking overlaps for volume rf_c_161DsHalf:0 (G4Tubs) ... OK! 
Checking overlaps for volume rf_c_161TimingVol:0 (G4Tubs) ... OK! 
Checking overlaps for volume rf_c_161:0 (G4Tubs) ... OK! 
BLCMDpillbox::construct rf_c_161 parent= relZ=24640.0 globZ=24640.0
	zmin=24529.9 zmax=24750.0
Checking overlaps for volume rf_d_162Pipe:0 (G4Tubs) ... OK! 
Checking overlaps for volume rf_d_162UsWall:0 (G4Tubs) ... OK! 
Checking overlaps for volume rf_d_162DsWall:0 (G4Tubs) ... OK! 
Checking overlaps for volume rf_d_162UsWin1:0 (G4Tubs) ... OK! 
Checking overlaps for volume rf_d_162DsWin1:0 (G4Tubs) ... OK! 
Checking overlaps for volume rf_d_162UsWin2:0 (G4Tubs) ... OK! 
Checking overlaps for volume rf_d_162DsWin2:0 (G4Tubs) ... OK! 
Checking overlaps for volume rf_d_162DsHalf:0 (G4Tubs) ... OK! 
Checking overlaps for volume rf_d_162TimingVol:0 (G4Tubs) ... OK! 
Checking overlaps for volume rf_d_162:0 (G4Tubs) ... OK! 
BLCMDpillbox::construct rf_d_162 parent= relZ=24860.0 globZ=24860.0
	zmin=24750.0 zmax=24970.1
Checking overlaps for volume rf_e_163Pipe:0 (G4Tubs) ... OK! 
Checking overlaps for volume rf_e_163UsWall:0 (G4Tubs) ... OK! 
Checking overlaps for volume rf_e_163DsWall:0 (G4Tubs) ... OK! 
Checking overlaps for volume rf_e_163UsWin1:0 (G4Tubs) ... OK! 
Checking overlaps for volume rf_e_163DsWin1:0 (G4Tubs) ... OK! 
Checking overlaps for volume rf_e_163UsWin2:0 (G4Tubs) ... OK! 
Checking overlaps for volume rf_e_163DsWin2:0 (G4Tubs) ... OK! 
Checking overlaps for volume rf_e_163DsHalf:0 (G4Tubs) ... OK! 
Checking overlaps for volume rf_e_163TimingVol:0 (G4Tubs) ... OK! 
BLCMDpillbox::construct rf_e_163 parent= relZ=25080.2 globZ=25080.2
	zmin=24970.1 zmax=25190.2
Checking overlaps for volume rf_e_163:0 (G4Tubs) ... Checking overlaps for volume rf_b_170Pipe:0 (G4Tubs) ... OK! 
Checking overlaps for volume rf_b_170UsWall:0 (G4Tubs) ... OK! 
Checking overlaps for volume rf_b_170DsWall:0 (G4Tubs) ... OK! 
Checking overlaps for volume rf_b_170UsWin1:0 (G4Tubs) ... OK! 
Checking overlaps for volume rf_b_170DsWin1:0 (G4Tubs) ... OK! 
Checking overlaps for volume rf_b_170UsWin2:0 (G4Tubs) ... OK! 
Checking overlaps for volume rf_b_170DsWin2:0 (G4Tubs) ... OK! 
Checking overlaps for volume rf_b_170DsHalf:0 (G4Tubs) ... OK! 
Checking overlaps for volume rf_b_170TimingVol:0 (G4Tubs) ... OK! 
BLCMDpillbox::construct rf_b_170 parent= relZ=25919.8 globZ=25919.8
	zmin=25809.8 zmax=26029.9
Checking overlaps for volume rf_b_170:0 (G4Tubs) ... Checking overlaps for volume rf_c_171Pipe:0 (G4Tubs) ... OK! 
Checking overlaps for volume rf_c_171UsWall:0 (G4Tubs) ... OK! 
Checking overlaps for volume rf_c_171DsWall:0 (G4Tubs) ... OK! 
Checking overlaps for volume rf_c_171UsWin1:0 (G4Tubs) ... OK! 
Checking overlaps for volume rf_c_171DsWin1:0 (G4Tubs) ... OK! 
Checking overlaps for volume rf_c_171UsWin2:0 (G4Tubs) ... OK! 
Checking overlaps for volume rf_c_171DsWin2:0 (G4Tubs) ... OK! 
Checking overlaps for volume rf_c_171DsHalf:0 (G4Tubs) ... OK! 
Checking overlaps for volume rf_c_171TimingVol:0 (G4Tubs) ... OK! 
Checking overlaps for volume rf_c_171:0 (G4Tubs) ... OK! 
BLCMDpillbox::construct rf_c_171 parent= relZ=26140.0 globZ=26140.0
	zmin=26029.9 zmax=26250.0
Checking overlaps for volume rf_d_172Pipe:0 (G4Tubs) ... OK! 
Checking overlaps for volume rf_d_172UsWall:0 (G4Tubs) ... OK! 
Checking overlaps for volume rf_d_172DsWall:0 (G4Tubs) ... OK! 
Checking overlaps for volume rf_d_172UsWin1:0 (G4Tubs) ... OK! 
Checking overlaps for volume rf_d_172DsWin1:0 (G4Tubs) ... OK! 
Checking overlaps for volume rf_d_172UsWin2:0 (G4Tubs) ... OK! 
Checking overlaps for volume rf_d_172DsWin2:0 (G4Tubs) ... OK! 
Checking overlaps for volume rf_d_172DsHalf:0 (G4Tubs) ... OK! 
Checking overlaps for volume rf_d_172TimingVol:0 (G4Tubs) ... OK! 
Checking overlaps for volume rf_d_172:0 (G4Tubs) ... OK! 
BLCMDpillbox::construct rf_d_172 parent= relZ=26360.0 globZ=26360.0
	zmin=26250.0 zmax=26470.1
Checking overlaps for volume rf_e_173Pipe:0 (G4Tubs) ... OK! 
Checking overlaps for volume rf_e_173UsWall:0 (G4Tubs) ... OK! 
Checking overlaps for volume rf_e_173DsWall:0 (G4Tubs) ... OK! 
Checking overlaps for volume rf_e_173UsWin1:0 (G4Tubs) ... OK! 
Checking overlaps for volume rf_e_173DsWin1:0 (G4Tubs) ... OK! 
Checking overlaps for volume rf_e_173UsWin2:0 (G4Tubs) ... OK! 
Checking overlaps for volume rf_e_173DsWin2:0 (G4Tubs) ... OK! 
Checking overlaps for volume rf_e_173DsHalf:0 (G4Tubs) ... OK! 
Checking overlaps for volume rf_e_173TimingVol:0 (G4Tubs) ... OK! 
BLCMDpillbox::construct rf_e_173 parent= relZ=26580.2 globZ=26580.2
	zmin=26470.1 zmax=26690.2
Checking overlaps for volume rf_e_173:0 (G4Tubs) ... Checking overlaps for volume rf_b_180Pipe:0 (G4Tubs) ... OK! 
Checking overlaps for volume rf_b_180UsWall:0 (G4Tubs) ... OK! 
Checking overlaps for volume rf_b_180DsWall:0 (G4Tubs) ... OK! 
Checking overlaps for volume rf_b_180UsWin1:0 (G4Tubs) ... OK! 
Checking overlaps for volume rf_b_180DsWin1:0 (G4Tubs) ... OK! 
Checking overlaps for volume rf_b_180UsWin2:0 (G4Tubs) ... OK! 
Checking overlaps for volume rf_b_180DsWin2:0 (G4Tubs) ... OK! 
Checking overlaps for volume rf_b_180DsHalf:0 (G4Tubs) ... OK! 
Checking overlaps for volume rf_b_180TimingVol:0 (G4Tubs) ... OK! 
BLCMDpillbox::construct rf_b_180 parent= relZ=27419.8 globZ=27419.8
	zmin=27309.8 zmax=27529.9
Checking overlaps for volume rf_b_180:0 (G4Tubs) ... Checking overlaps for volume rf_c_181Pipe:0 (G4Tubs) ... OK! 
Checking overlaps for volume rf_c_181UsWall:0 (G4Tubs) ... OK! 
Checking overlaps for volume rf_c_181DsWall:0 (G4Tubs) ... OK! 
Checking overlaps for volume rf_c_181UsWin1:0 (G4Tubs) ... OK! 
Checking overlaps for volume rf_c_181DsWin1:0 (G4Tubs) ... OK! 
Checking overlaps for volume rf_c_181UsWin2:0 (G4Tubs) ... OK! 
Checking overlaps for volume rf_c_181DsWin2:0 (G4Tubs) ... OK! 
Checking overlaps for volume rf_c_181DsHalf:0 (G4Tubs) ... OK! 
Checking overlaps for volume rf_c_181TimingVol:0 (G4Tubs) ... OK! 
Checking overlaps for volume rf_c_181:0 (G4Tubs) ... OK! 
BLCMDpillbox::construct rf_c_181 parent= relZ=27640.0 globZ=27640.0
	zmin=27529.9 zmax=27750.0
Checking overlaps for volume rf_d_182Pipe:0 (G4Tubs) ... OK! 
Checking overlaps for volume rf_d_182UsWall:0 (G4Tubs) ... OK! 
Checking overlaps for volume rf_d_182DsWall:0 (G4Tubs) ... OK! 
Checking overlaps for volume rf_d_182UsWin1:0 (G4Tubs) ... OK! 
Checking overlaps for volume rf_d_182DsWin1:0 (G4Tubs) ... OK! 
Checking overlaps for volume rf_d_182UsWin2:0 (G4Tubs) ... OK! 
Checking overlaps for volume rf_d_182DsWin2:0 (G4Tubs) ... OK! 
Checking overlaps for volume rf_d_182DsHalf:0 (G4Tubs) ... OK! 
Checking overlaps for volume rf_d_182TimingVol:0 (G4Tubs) ... OK! 
Checking overlaps for volume rf_d_182:0 (G4Tubs) ... OK! 
BLCMDpillbox::construct rf_d_182 parent= relZ=27860.0 globZ=27860.0
	zmin=27750.0 zmax=27970.1
Checking overlaps for volume rf_e_183Pipe:0 (G4Tubs) ... OK! 
Checking overlaps for volume rf_e_183UsWall:0 (G4Tubs) ... OK! 
Checking overlaps for volume rf_e_183DsWall:0 (G4Tubs) ... OK! 
Checking overlaps for volume rf_e_183UsWin1:0 (G4Tubs) ... OK! 
Checking overlaps for volume rf_e_183DsWin1:0 (G4Tubs) ... OK! 
Checking overlaps for volume rf_e_183UsWin2:0 (G4Tubs) ... OK! 
Checking overlaps for volume rf_e_183DsWin2:0 (G4Tubs) ... OK! 
Checking overlaps for volume rf_e_183DsHalf:0 (G4Tubs) ... OK! 
Checking overlaps for volume rf_e_183TimingVol:0 (G4Tubs) ... OK! 
**************************************************************************
*** G4Exception: GeomVol1002
***    severity: Warning
***   issued by: G4PVPlacement::CheckOverlaps()
*** description: Overlap with volume already placed !
          Overlap is detected for volume rf_e_183:0 (G4Tubs) with pipe:0 (G4Tubs)
          overlap at local point (-110.713,-58.6276,-99.875) by 278.03 um  (max of 2 cases)
NOTE: Reached maximum fixed number -1- of overlaps reports for this volume !
***    printing: every 10-th occurrence
**************************************************************************
BLCMDpillbox::construct rf_e_183 parent= relZ=28080.2 globZ=28080.2
	zmin=27970.1 zmax=28190.2
Checking overlaps for volume rf_e_183:0 (G4Tubs) ... Checking overlaps for volume rf_b_190Pipe:0 (G4Tubs) ... OK! 
Checking overlaps for volume rf_b_190UsWall:0 (G4Tubs) ... OK! 
Checking overlaps for volume rf_b_190DsWall:0 (G4Tubs) ... OK! 
Checking overlaps for volume rf_b_190UsWin1:0 (G4Tubs) ... OK! 
Checking overlaps for volume rf_b_190DsWin1:0 (G4Tubs) ... OK! 
Checking overlaps for volume rf_b_190UsWin2:0 (G4Tubs) ... OK! 
Checking overlaps for volume rf_b_190DsWin2:0 (G4Tubs) ... OK! 
Checking overlaps for volume rf_b_190DsHalf:0 (G4Tubs) ... OK! 
Checking overlaps for volume rf_b_190TimingVol:0 (G4Tubs) ... OK! 
BLCMDpillbox::construct rf_b_190 parent= relZ=28919.8 globZ=28919.8
	zmin=28809.8 zmax=29029.9
Checking overlaps for volume rf_b_190:0 (G4Tubs) ... Checking overlaps for volume rf_c_191Pipe:0 (G4Tubs) ... OK! 
Checking overlaps for volume rf_c_191UsWall:0 (G4Tubs) ... OK! 
Checking overlaps for volume rf_c_191DsWall:0 (G4Tubs) ... OK! 
Checking overlaps for volume rf_c_191UsWin1:0 (G4Tubs) ... OK! 
Checking overlaps for volume rf_c_191DsWin1:0 (G4Tubs) ... OK! 
Checking overlaps for volume rf_c_191UsWin2:0 (G4Tubs) ... OK! 
Checking overlaps for volume rf_c_191DsWin2:0 (G4Tubs) ... OK! 
Checking overlaps for volume rf_c_191DsHalf:0 (G4Tubs) ... OK! 
Checking overlaps for volume rf_c_191TimingVol:0 (G4Tubs) ... OK! 
Checking overlaps for volume rf_c_191:0 (G4Tubs) ... OK! 
BLCMDpillbox::construct rf_c_191 parent= relZ=29140.0 globZ=29140.0
	zmin=29029.9 zmax=29250.0
Checking overlaps for volume rf_d_192Pipe:0 (G4Tubs) ... OK! 
Checking overlaps for volume rf_d_192UsWall:0 (G4Tubs) ... OK! 
Checking overlaps for volume rf_d_192DsWall:0 (G4Tubs) ... OK! 
Checking overlaps for volume rf_d_192UsWin1:0 (G4Tubs) ... OK! 
Checking overlaps for volume rf_d_192DsWin1:0 (G4Tubs) ... OK! 
Checking overlaps for volume rf_d_192UsWin2:0 (G4Tubs) ... OK! 
Checking overlaps for volume rf_d_192DsWin2:0 (G4Tubs) ... OK! 
Checking overlaps for volume rf_d_192DsHalf:0 (G4Tubs) ... OK! 
Checking overlaps for volume rf_d_192TimingVol:0 (G4Tubs) ... OK! 
Checking overlaps for volume rf_d_192:0 (G4Tubs) ... OK! 
BLCMDpillbox::construct rf_d_192 parent= relZ=29360.0 globZ=29360.0
	zmin=29250.0 zmax=29470.1
Checking overlaps for volume rf_e_193Pipe:0 (G4Tubs) ... OK! 
Checking overlaps for volume rf_e_193UsWall:0 (G4Tubs) ... OK! 
Checking overlaps for volume rf_e_193DsWall:0 (G4Tubs) ... OK! 
Checking overlaps for volume rf_e_193UsWin1:0 (G4Tubs) ... OK! 
Checking overlaps for volume rf_e_193DsWin1:0 (G4Tubs) ... OK! 
Checking overlaps for volume rf_e_193UsWin2:0 (G4Tubs) ... OK! 
Checking overlaps for volume rf_e_193DsWin2:0 (G4Tubs) ... OK! 
Checking overlaps for volume rf_e_193DsHalf:0 (G4Tubs) ... OK! 
Checking overlaps for volume rf_e_193TimingVol:0 (G4Tubs) ... OK! 
Checking overlaps for volume rf_e_193:0 (G4Tubs) ... OK! 
BLCMDpillbox::construct rf_e_193 parent= relZ=29580.2 globZ=29580.2
	zmin=29470.1 zmax=29690.2
Checking overlaps for volume rf_b_200Pipe:0 (G4Tubs) ... OK! 
Checking overlaps for volume rf_b_200UsWall:0 (G4Tubs) ... OK! 
Checking overlaps for volume rf_b_200DsWall:0 (G4Tubs) ... OK! 
Checking overlaps for volume rf_b_200UsWin1:0 (G4Tubs) ... OK! 
Checking overlaps for volume rf_b_200DsWin1:0 (G4Tubs) ... OK! 
Checking overlaps for volume rf_b_200UsWin2:0 (G4Tubs) ... OK! 
Checking overlaps for volume rf_b_200DsWin2:0 (G4Tubs) ... OK! 
Checking overlaps for volume rf_b_200DsHalf:0 (G4Tubs) ... OK! 
Checking overlaps for volume rf_b_200TimingVol:0 (G4Tubs) ... OK! 
BLCMDpillbox::construct rf_b_200 parent= relZ=30419.8 globZ=30419.8
	zmin=30309.8 zmax=30529.9
Checking overlaps for volume rf_b_200:0 (G4Tubs) ... Checking overlaps for volume rf_c_201Pipe:0 (G4Tubs) ... OK! 
Checking overlaps for volume rf_c_201UsWall:0 (G4Tubs) ... OK! 
Checking overlaps for volume rf_c_201DsWall:0 (G4Tubs) ... OK! 
Checking overlaps for volume rf_c_201UsWin1:0 (G4Tubs) ... OK! 
Checking overlaps for volume rf_c_201DsWin1:0 (G4Tubs) ... OK! 
Checking overlaps for volume rf_c_201UsWin2:0 (G4Tubs) ... OK! 
Checking overlaps for volume rf_c_201DsWin2:0 (G4Tubs) ... OK! 
Checking overlaps for volume rf_c_201DsHalf:0 (G4Tubs) ... OK! 
Checking overlaps for volume rf_c_201TimingVol:0 (G4Tubs) ... OK! 
Checking overlaps for volume rf_c_201:0 (G4Tubs) ... OK! 
BLCMDpillbox::construct rf_c_201 parent= relZ=30640.0 globZ=30640.0
	zmin=30529.9 zmax=30750.0
Checking overlaps for volume rf_d_202Pipe:0 (G4Tubs) ... OK! 
Checking overlaps for volume rf_d_202UsWall:0 (G4Tubs) ... OK! 
Checking overlaps for volume rf_d_202DsWall:0 (G4Tubs) ... OK! 
Checking overlaps for volume rf_d_202UsWin1:0 (G4Tubs) ... OK! 
Checking overlaps for volume rf_d_202DsWin1:0 (G4Tubs) ... OK! 
Checking overlaps for volume rf_d_202UsWin2:0 (G4Tubs) ... OK! 
Checking overlaps for volume rf_d_202DsWin2:0 (G4Tubs) ... OK! 
Checking overlaps for volume rf_d_202DsHalf:0 (G4Tubs) ... OK! 
Checking overlaps for volume rf_d_202TimingVol:0 (G4Tubs) ... OK! 
Checking overlaps for volume rf_d_202:0 (G4Tubs) ... OK! 
BLCMDpillbox::construct rf_d_202 parent= relZ=30860.0 globZ=30860.0
	zmin=30750.0 zmax=30970.1
Checking overlaps for volume rf_e_203Pipe:0 (G4Tubs) ... OK! 
Checking overlaps for volume rf_e_203UsWall:0 (G4Tubs) ... OK! 
Checking overlaps for volume rf_e_203DsWall:0 (G4Tubs) ... OK! 
Checking overlaps for volume rf_e_203UsWin1:0 (G4Tubs) ... OK! 
Checking overlaps for volume rf_e_203DsWin1:0 (G4Tubs) ... OK! 
Checking overlaps for volume rf_e_203UsWin2:0 (G4Tubs) ... OK! 
Checking overlaps for volume rf_e_203DsWin2:0 (G4Tubs) ... OK! 
Checking overlaps for volume rf_e_203DsHalf:0 (G4Tubs) ... OK! 
Checking overlaps for volume rf_e_203TimingVol:0 (G4Tubs) ... OK! 
BLCMDpillbox::construct rf_e_203 parent= relZ=31080.2 globZ=31080.2
	zmin=30970.1 zmax=31190.2
Checking overlaps for volume rf_e_203:0 (G4Tubs) ... Checking overlaps for volume rf_b_210Pipe:0 (G4Tubs) ... OK! 
Checking overlaps for volume rf_b_210UsWall:0 (G4Tubs) ... OK! 
Checking overlaps for volume rf_b_210DsWall:0 (G4Tubs) ... OK! 
Checking overlaps for volume rf_b_210UsWin1:0 (G4Tubs) ... OK! 
Checking overlaps for volume rf_b_210DsWin1:0 (G4Tubs) ... OK! 
Checking overlaps for volume rf_b_210UsWin2:0 (G4Tubs) ... OK! 
Checking overlaps for volume rf_b_210DsWin2:0 (G4Tubs) ... OK! 
Checking overlaps for volume rf_b_210DsHalf:0 (G4Tubs) ... OK! 
Checking overlaps for volume rf_b_210TimingVol:0 (G4Tubs) ... OK! 
BLCMDpillbox::construct rf_b_210 parent= relZ=31919.8 globZ=31919.8
	zmin=31809.8 zmax=32029.9
Checking overlaps for volume rf_b_210:0 (G4Tubs) ... Checking overlaps for volume rf_c_211Pipe:0 (G4Tubs) ... OK! 
Checking overlaps for volume rf_c_211UsWall:0 (G4Tubs) ... OK! 
Checking overlaps for volume rf_c_211DsWall:0 (G4Tubs) ... OK! 
Checking overlaps for volume rf_c_211UsWin1:0 (G4Tubs) ... OK! 
Checking overlaps for volume rf_c_211DsWin1:0 (G4Tubs) ... OK! 
Checking overlaps for volume rf_c_211UsWin2:0 (G4Tubs) ... OK! 
Checking overlaps for volume rf_c_211DsWin2:0 (G4Tubs) ... OK! 
Checking overlaps for volume rf_c_211DsHalf:0 (G4Tubs) ... OK! 
Checking overlaps for volume rf_c_211TimingVol:0 (G4Tubs) ... OK! 
Checking overlaps for volume rf_c_211:0 (G4Tubs) ... OK! 
BLCMDpillbox::construct rf_c_211 parent= relZ=32140.0 globZ=32140.0
	zmin=32029.9 zmax=32250.0
Checking overlaps for volume rf_d_212Pipe:0 (G4Tubs) ... OK! 
Checking overlaps for volume rf_d_212UsWall:0 (G4Tubs) ... OK! 
Checking overlaps for volume rf_d_212DsWall:0 (G4Tubs) ... OK! 
Checking overlaps for volume rf_d_212UsWin1:0 (G4Tubs) ... OK! 
Checking overlaps for volume rf_d_212DsWin1:0 (G4Tubs) ... OK! 
Checking overlaps for volume rf_d_212UsWin2:0 (G4Tubs) ... OK! 
Checking overlaps for volume rf_d_212DsWin2:0 (G4Tubs) ... OK! 
Checking overlaps for volume rf_d_212DsHalf:0 (G4Tubs) ... OK! 
Checking overlaps for volume rf_d_212TimingVol:0 (G4Tubs) ... OK! 
Checking overlaps for volume rf_d_212:0 (G4Tubs) ... OK! 
BLCMDpillbox::construct rf_d_212 parent= relZ=32360.0 globZ=32360.0
	zmin=32250.0 zmax=32470.1
Checking overlaps for volume rf_e_213Pipe:0 (G4Tubs) ... OK! 
Checking overlaps for volume rf_e_213UsWall:0 (G4Tubs) ... OK! 
Checking overlaps for volume rf_e_213DsWall:0 (G4Tubs) ... OK! 
Checking overlaps for volume rf_e_213UsWin1:0 (G4Tubs) ... OK! 
Checking overlaps for volume rf_e_213DsWin1:0 (G4Tubs) ... OK! 
Checking overlaps for volume rf_e_213UsWin2:0 (G4Tubs) ... OK! 
Checking overlaps for volume rf_e_213DsWin2:0 (G4Tubs) ... OK! 
Checking overlaps for volume rf_e_213DsHalf:0 (G4Tubs) ... OK! 
Checking overlaps for volume rf_e_213TimingVol:0 (G4Tubs) ... OK! 
Checking overlaps for volume rf_e_213:0 (G4Tubs) ... OK! 
BLCMDpillbox::construct rf_e_213 parent= relZ=32580.2 globZ=32580.2
	zmin=32470.1 zmax=32690.2
Checking overlaps for volume rf_b_220Pipe:0 (G4Tubs) ... OK! 
Checking overlaps for volume rf_b_220UsWall:0 (G4Tubs) ... OK! 
Checking overlaps for volume rf_b_220DsWall:0 (G4Tubs) ... OK! 
Checking overlaps for volume rf_b_220UsWin1:0 (G4Tubs) ... OK! 
Checking overlaps for volume rf_b_220DsWin1:0 (G4Tubs) ... OK! 
Checking overlaps for volume rf_b_220UsWin2:0 (G4Tubs) ... OK! 
Checking overlaps for volume rf_b_220DsWin2:0 (G4Tubs) ... OK! 
Checking overlaps for volume rf_b_220DsHalf:0 (G4Tubs) ... OK! 
Checking overlaps for volume rf_b_220TimingVol:0 (G4Tubs) ... OK! 
Checking overlaps for volume rf_b_220:0 (G4Tubs) ... OK! 
BLCMDpillbox::construct rf_b_220 parent= relZ=33419.8 globZ=33419.8
	zmin=33309.8 zmax=33529.9
Checking overlaps for volume rf_c_221Pipe:0 (G4Tubs) ... OK! 
Checking overlaps for volume rf_c_221UsWall:0 (G4Tubs) ... OK! 
Checking overlaps for volume rf_c_221DsWall:0 (G4Tubs) ... OK! 
Checking overlaps for volume rf_c_221UsWin1:0 (G4Tubs) ... OK! 
Checking overlaps for volume rf_c_221DsWin1:0 (G4Tubs) ... OK! 
Checking overlaps for volume rf_c_221UsWin2:0 (G4Tubs) ... OK! 
Checking overlaps for volume rf_c_221DsWin2:0 (G4Tubs) ... OK! 
Checking overlaps for volume rf_c_221DsHalf:0 (G4Tubs) ... OK! 
Checking overlaps for volume rf_c_221TimingVol:0 (G4Tubs) ... OK! 
Checking overlaps for volume rf_c_221:0 (G4Tubs) ... OK! 
BLCMDpillbox::construct rf_c_221 parent= relZ=33639.9 globZ=33639.9
	zmin=33529.9 zmax=33750.0
Checking overlaps for volume rf_d_222Pipe:0 (G4Tubs) ... OK! 
Checking overlaps for volume rf_d_222UsWall:0 (G4Tubs) ... OK! 
Checking overlaps for volume rf_d_222DsWall:0 (G4Tubs) ... OK! 
Checking overlaps for volume rf_d_222UsWin1:0 (G4Tubs) ... OK! 
Checking overlaps for volume rf_d_222DsWin1:0 (G4Tubs) ... OK! 
Checking overlaps for volume rf_d_222UsWin2:0 (G4Tubs) ... OK! 
Checking overlaps for volume rf_d_222DsWin2:0 (G4Tubs) ... OK! 
Checking overlaps for volume rf_d_222DsHalf:0 (G4Tubs) ... OK! 
Checking overlaps for volume rf_d_222TimingVol:0 (G4Tubs) ... OK! 
Checking overlaps for volume rf_d_222:0 (G4Tubs) ... OK! 
BLCMDpillbox::construct rf_d_222 parent= relZ=33860.1 globZ=33860.1
	zmin=33750.0 zmax=33970.1
Checking overlaps for volume rf_e_223Pipe:0 (G4Tubs) ... OK! 
Checking overlaps for volume rf_e_223UsWall:0 (G4Tubs) ... OK! 
Checking overlaps for volume rf_e_223DsWall:0 (G4Tubs) ... OK! 
Checking overlaps for volume rf_e_223UsWin1:0 (G4Tubs) ... OK! 
Checking overlaps for volume rf_e_223DsWin1:0 (G4Tubs) ... OK! 
Checking overlaps for volume rf_e_223UsWin2:0 (G4Tubs) ... OK! 
Checking overlaps for volume rf_e_223DsWin2:0 (G4Tubs) ... OK! 
Checking overlaps for volume rf_e_223DsHalf:0 (G4Tubs) ... OK! 
Checking overlaps for volume rf_e_223TimingVol:0 (G4Tubs) ... OK! 
Checking overlaps for volume rf_e_223:0 (G4Tubs) ... OK! 
BLCMDpillbox::construct rf_e_223 parent= relZ=34080.2 globZ=34080.2
	zmin=33970.1 zmax=34190.2
Checking overlaps for volume rf_b_230Pipe:0 (G4Tubs) ... OK! 
Checking overlaps for volume rf_b_230UsWall:0 (G4Tubs) ... OK! 
Checking overlaps for volume rf_b_230DsWall:0 (G4Tubs) ... OK! 
Checking overlaps for volume rf_b_230UsWin1:0 (G4Tubs) ... OK! 
Checking overlaps for volume rf_b_230DsWin1:0 (G4Tubs) ... OK! 
Checking overlaps for volume rf_b_230UsWin2:0 (G4Tubs) ... OK! 
Checking overlaps for volume rf_b_230DsWin2:0 (G4Tubs) ... OK! 
Checking overlaps for volume rf_b_230DsHalf:0 (G4Tubs) ... OK! 
Checking overlaps for volume rf_b_230TimingVol:0 (G4Tubs) ... OK! 
Checking overlaps for volume rf_b_230:0 (G4Tubs) ... OK! 
BLCMDpillbox::construct rf_b_230 parent= relZ=34919.8 globZ=34919.8
	zmin=34809.8 zmax=35029.9
Checking overlaps for volume rf_c_231Pipe:0 (G4Tubs) ... OK! 
Checking overlaps for volume rf_c_231UsWall:0 (G4Tubs) ... OK! 
Checking overlaps for volume rf_c_231DsWall:0 (G4Tubs) ... OK! 
Checking overlaps for volume rf_c_231UsWin1:0 (G4Tubs) ... OK! 
Checking overlaps for volume rf_c_231DsWin1:0 (G4Tubs) ... OK! 
Checking overlaps for volume rf_c_231UsWin2:0 (G4Tubs) ... OK! 
Checking overlaps for volume rf_c_231DsWin2:0 (G4Tubs) ... OK! 
Checking overlaps for volume rf_c_231DsHalf:0 (G4Tubs) ... OK! 
Checking overlaps for volume rf_c_231TimingVol:0 (G4Tubs) ... OK! 
Checking overlaps for volume rf_c_231:0 (G4Tubs) ... OK! 
BLCMDpillbox::construct rf_c_231 parent= relZ=35139.9 globZ=35139.9
	zmin=35029.9 zmax=35250.0
Checking overlaps for volume rf_d_232Pipe:0 (G4Tubs) ... OK! 
Checking overlaps for volume rf_d_232UsWall:0 (G4Tubs) ... OK! 
Checking overlaps for volume rf_d_232DsWall:0 (G4Tubs) ... OK! 
Checking overlaps for volume rf_d_232UsWin1:0 (G4Tubs) ... OK! 
Checking overlaps for volume rf_d_232DsWin1:0 (G4Tubs) ... OK! 
Checking overlaps for volume rf_d_232UsWin2:0 (G4Tubs) ... OK! 
Checking overlaps for volume rf_d_232DsWin2:0 (G4Tubs) ... OK! 
Checking overlaps for volume rf_d_232DsHalf:0 (G4Tubs) ... OK! 
Checking overlaps for volume rf_d_232TimingVol:0 (G4Tubs) ... OK! 
Checking overlaps for volume rf_d_232:0 (G4Tubs) ... OK! 
BLCMDpillbox::construct rf_d_232 parent= relZ=35360.1 globZ=35360.1
	zmin=35250.0 zmax=35470.1
Checking overlaps for volume rf_e_233Pipe:0 (G4Tubs) ... OK! 
Checking overlaps for volume rf_e_233UsWall:0 (G4Tubs) ... OK! 
Checking overlaps for volume rf_e_233DsWall:0 (G4Tubs) ... OK! 
Checking overlaps for volume rf_e_233UsWin1:0 (G4Tubs) ... OK! 
Checking overlaps for volume rf_e_233DsWin1:0 (G4Tubs) ... OK! 
Checking overlaps for volume rf_e_233UsWin2:0 (G4Tubs) ... OK! 
Checking overlaps for volume rf_e_233DsWin2:0 (G4Tubs) ... OK! 
Checking overlaps for volume rf_e_233DsHalf:0 (G4Tubs) ... OK! 
Checking overlaps for volume rf_e_233TimingVol:0 (G4Tubs) ... OK! 
BLCMDpillbox::construct rf_e_233 parent= relZ=35580.2 globZ=35580.2
	zmin=35470.1 zmax=35690.2
Checking overlaps for volume rf_e_233:0 (G4Tubs) ... Checking overlaps for volume rf_b_240Pipe:0 (G4Tubs) ... OK! 
Checking overlaps for volume rf_b_240UsWall:0 (G4Tubs) ... OK! 
Checking overlaps for volume rf_b_240DsWall:0 (G4Tubs) ... OK! 
Checking overlaps for volume rf_b_240UsWin1:0 (G4Tubs) ... OK! 
Checking overlaps for volume rf_b_240DsWin1:0 (G4Tubs) ... OK! 
Checking overlaps for volume rf_b_240UsWin2:0 (G4Tubs) ... OK! 
Checking overlaps for volume rf_b_240DsWin2:0 (G4Tubs) ... OK! 
Checking overlaps for volume rf_b_240DsHalf:0 (G4Tubs) ... OK! 
Checking overlaps for volume rf_b_240TimingVol:0 (G4Tubs) ... OK! 
BLCMDpillbox::construct rf_b_240 parent= relZ=36419.8 globZ=36419.8
	zmin=36309.8 zmax=36529.9
Checking overlaps for volume rf_b_240:0 (G4Tubs) ... Checking overlaps for volume rf_c_241Pipe:0 (G4Tubs) ... OK! 
Checking overlaps for volume rf_c_241UsWall:0 (G4Tubs) ... OK! 
Checking overlaps for volume rf_c_241DsWall:0 (G4Tubs) ... OK! 
Checking overlaps for volume rf_c_241UsWin1:0 (G4Tubs) ... OK! 
Checking overlaps for volume rf_c_241DsWin1:0 (G4Tubs) ... OK! 
Checking overlaps for volume rf_c_241UsWin2:0 (G4Tubs) ... OK! 
Checking overlaps for volume rf_c_241DsWin2:0 (G4Tubs) ... OK! 
Checking overlaps for volume rf_c_241DsHalf:0 (G4Tubs) ... OK! 
Checking overlaps for volume rf_c_241TimingVol:0 (G4Tubs) ... OK! 
Checking overlaps for volume rf_c_241:0 (G4Tubs) ... OK! 
BLCMDpillbox::construct rf_c_241 parent= relZ=36639.9 globZ=36639.9
	zmin=36529.9 zmax=36750.0
Checking overlaps for volume rf_d_242Pipe:0 (G4Tubs) ... OK! 
Checking overlaps for volume rf_d_242UsWall:0 (G4Tubs) ... OK! 
Checking overlaps for volume rf_d_242DsWall:0 (G4Tubs) ... OK! 
Checking overlaps for volume rf_d_242UsWin1:0 (G4Tubs) ... OK! 
Checking overlaps for volume rf_d_242DsWin1:0 (G4Tubs) ... OK! 
Checking overlaps for volume rf_d_242UsWin2:0 (G4Tubs) ... OK! 
Checking overlaps for volume rf_d_242DsWin2:0 (G4Tubs) ... OK! 
Checking overlaps for volume rf_d_242DsHalf:0 (G4Tubs) ... OK! 
Checking overlaps for volume rf_d_242TimingVol:0 (G4Tubs) ... OK! 
Checking overlaps for volume rf_d_242:0 (G4Tubs) ... OK! 
BLCMDpillbox::construct rf_d_242 parent= relZ=36860.1 globZ=36860.1
	zmin=36750.0 zmax=36970.1
Checking overlaps for volume rf_e_243Pipe:0 (G4Tubs) ... OK! 
Checking overlaps for volume rf_e_243UsWall:0 (G4Tubs) ... OK! 
Checking overlaps for volume rf_e_243DsWall:0 (G4Tubs) ... OK! 
Checking overlaps for volume rf_e_243UsWin1:0 (G4Tubs) ... OK! 
Checking overlaps for volume rf_e_243DsWin1:0 (G4Tubs) ... OK! 
Checking overlaps for volume rf_e_243UsWin2:0 (G4Tubs) ... OK! 
Checking overlaps for volume rf_e_243DsWin2:0 (G4Tubs) ... OK! 
Checking overlaps for volume rf_e_243DsHalf:0 (G4Tubs) ... OK! 
Checking overlaps for volume rf_e_243TimingVol:0 (G4Tubs) ... OK! 
Checking overlaps for volume rf_e_243:0 (G4Tubs) ... OK! 
BLCMDpillbox::construct rf_e_243 parent= relZ=37080.2 globZ=37080.2
	zmin=36970.1 zmax=37190.2
Checking overlaps for volume rf_b_250Pipe:0 (G4Tubs) ... OK! 
Checking overlaps for volume rf_b_250UsWall:0 (G4Tubs) ... OK! 
Checking overlaps for volume rf_b_250DsWall:0 (G4Tubs) ... OK! 
Checking overlaps for volume rf_b_250UsWin1:0 (G4Tubs) ... OK! 
Checking overlaps for volume rf_b_250DsWin1:0 (G4Tubs) ... OK! 
Checking overlaps for volume rf_b_250UsWin2:0 (G4Tubs) ... OK! 
Checking overlaps for volume rf_b_250DsWin2:0 (G4Tubs) ... OK! 
Checking overlaps for volume rf_b_250DsHalf:0 (G4Tubs) ... OK! 
Checking overlaps for volume rf_b_250TimingVol:0 (G4Tubs) ... OK! 
BLCMDpillbox::construct rf_b_250 parent= relZ=37919.8 globZ=37919.8
	zmin=37809.8 zmax=38029.9
Checking overlaps for volume rf_b_250:0 (G4Tubs) ... Checking overlaps for volume rf_c_251Pipe:0 (G4Tubs) ... OK! 
Checking overlaps for volume rf_c_251UsWall:0 (G4Tubs) ... OK! 
Checking overlaps for volume rf_c_251DsWall:0 (G4Tubs) ... OK! 
Checking overlaps for volume rf_c_251UsWin1:0 (G4Tubs) ... OK! 
Checking overlaps for volume rf_c_251DsWin1:0 (G4Tubs) ... OK! 
Checking overlaps for volume rf_c_251UsWin2:0 (G4Tubs) ... OK! 
Checking overlaps for volume rf_c_251DsWin2:0 (G4Tubs) ... OK! 
Checking overlaps for volume rf_c_251DsHalf:0 (G4Tubs) ... OK! 
Checking overlaps for volume rf_c_251TimingVol:0 (G4Tubs) ... OK! 
Checking overlaps for volume rf_c_251:0 (G4Tubs) ... OK! 
BLCMDpillbox::construct rf_c_251 parent= relZ=38139.9 globZ=38139.9
	zmin=38029.9 zmax=38250.0
Checking overlaps for volume rf_d_252Pipe:0 (G4Tubs) ... OK! 
Checking overlaps for volume rf_d_252UsWall:0 (G4Tubs) ... OK! 
Checking overlaps for volume rf_d_252DsWall:0 (G4Tubs) ... OK! 
Checking overlaps for volume rf_d_252UsWin1:0 (G4Tubs) ... OK! 
Checking overlaps for volume rf_d_252DsWin1:0 (G4Tubs) ... OK! 
Checking overlaps for volume rf_d_252UsWin2:0 (G4Tubs) ... OK! 
Checking overlaps for volume rf_d_252DsWin2:0 (G4Tubs) ... OK! 
Checking overlaps for volume rf_d_252DsHalf:0 (G4Tubs) ... OK! 
Checking overlaps for volume rf_d_252TimingVol:0 (G4Tubs) ... OK! 
Checking overlaps for volume rf_d_252:0 (G4Tubs) ... OK! 
BLCMDpillbox::construct rf_d_252 parent= relZ=38360.1 globZ=38360.1
	zmin=38250.0 zmax=38470.1
Checking overlaps for volume rf_e_253Pipe:0 (G4Tubs) ... OK! 
Checking overlaps for volume rf_e_253UsWall:0 (G4Tubs) ... OK! 
Checking overlaps for volume rf_e_253DsWall:0 (G4Tubs) ... OK! 
Checking overlaps for volume rf_e_253UsWin1:0 (G4Tubs) ... OK! 
Checking overlaps for volume rf_e_253DsWin1:0 (G4Tubs) ... OK! 
Checking overlaps for volume rf_e_253UsWin2:0 (G4Tubs) ... OK! 
Checking overlaps for volume rf_e_253DsWin2:0 (G4Tubs) ... OK! 
Checking overlaps for volume rf_e_253DsHalf:0 (G4Tubs) ... OK! 
Checking overlaps for volume rf_e_253TimingVol:0 (G4Tubs) ... OK! 
BLCMDpillbox::construct rf_e_253 parent= relZ=38580.2 globZ=38580.2
	zmin=38470.1 zmax=38690.2
Checking overlaps for volume rf_e_253:0 (G4Tubs) ... Checking overlaps for volume rf_b_260Pipe:0 (G4Tubs) ... OK! 
Checking overlaps for volume rf_b_260UsWall:0 (G4Tubs) ... OK! 
Checking overlaps for volume rf_b_260DsWall:0 (G4Tubs) ... OK! 
Checking overlaps for volume rf_b_260UsWin1:0 (G4Tubs) ... OK! 
Checking overlaps for volume rf_b_260DsWin1:0 (G4Tubs) ... OK! 
Checking overlaps for volume rf_b_260UsWin2:0 (G4Tubs) ... OK! 
Checking overlaps for volume rf_b_260DsWin2:0 (G4Tubs) ... OK! 
Checking overlaps for volume rf_b_260DsHalf:0 (G4Tubs) ... OK! 
Checking overlaps for volume rf_b_260TimingVol:0 (G4Tubs) ... OK! 
Checking overlaps for volume rf_b_260:0 (G4Tubs) ... OK! 
BLCMDpillbox::construct rf_b_260 parent= relZ=39419.8 globZ=39419.8
	zmin=39309.8 zmax=39529.9
Checking overlaps for volume rf_c_261Pipe:0 (G4Tubs) ... OK! 
Checking overlaps for volume rf_c_261UsWall:0 (G4Tubs) ... OK! 
Checking overlaps for volume rf_c_261DsWall:0 (G4Tubs) ... OK! 
Checking overlaps for volume rf_c_261UsWin1:0 (G4Tubs) ... OK! 
Checking overlaps for volume rf_c_261DsWin1:0 (G4Tubs) ... OK! 
Checking overlaps for volume rf_c_261UsWin2:0 (G4Tubs) ... OK! 
Checking overlaps for volume rf_c_261DsWin2:0 (G4Tubs) ... OK! 
Checking overlaps for volume rf_c_261DsHalf:0 (G4Tubs) ... OK! 
Checking overlaps for volume rf_c_261TimingVol:0 (G4Tubs) ... OK! 
Checking overlaps for volume rf_c_261:0 (G4Tubs) ... OK! 
BLCMDpillbox::construct rf_c_261 parent= relZ=39639.9 globZ=39639.9
	zmin=39529.9 zmax=39750.0
Checking overlaps for volume rf_d_262Pipe:0 (G4Tubs) ... OK! 
Checking overlaps for volume rf_d_262UsWall:0 (G4Tubs) ... OK! 
Checking overlaps for volume rf_d_262DsWall:0 (G4Tubs) ... OK! 
Checking overlaps for volume rf_d_262UsWin1:0 (G4Tubs) ... OK! 
Checking overlaps for volume rf_d_262DsWin1:0 (G4Tubs) ... OK! 
Checking overlaps for volume rf_d_262UsWin2:0 (G4Tubs) ... OK! 
Checking overlaps for volume rf_d_262DsWin2:0 (G4Tubs) ... OK! 
Checking overlaps for volume rf_d_262DsHalf:0 (G4Tubs) ... OK! 
Checking overlaps for volume rf_d_262TimingVol:0 (G4Tubs) ... OK! 
Checking overlaps for volume rf_d_262:0 (G4Tubs) ... OK! 
BLCMDpillbox::construct rf_d_262 parent= relZ=39860.1 globZ=39860.1
	zmin=39750.0 zmax=39970.1
Checking overlaps for volume rf_e_263Pipe:0 (G4Tubs) ... OK! 
Checking overlaps for volume rf_e_263UsWall:0 (G4Tubs) ... OK! 
Checking overlaps for volume rf_e_263DsWall:0 (G4Tubs) ... OK! 
Checking overlaps for volume rf_e_263UsWin1:0 (G4Tubs) ... OK! 
Checking overlaps for volume rf_e_263DsWin1:0 (G4Tubs) ... OK! 
Checking overlaps for volume rf_e_263UsWin2:0 (G4Tubs) ... OK! 
Checking overlaps for volume rf_e_263DsWin2:0 (G4Tubs) ... OK! 
Checking overlaps for volume rf_e_263DsHalf:0 (G4Tubs) ... OK! 
Checking overlaps for volume rf_e_263TimingVol:0 (G4Tubs) ... OK! 
BLCMDpillbox::construct rf_e_263 parent= relZ=40080.2 globZ=40080.2
	zmin=39970.1 zmax=40190.2
Checking overlaps for volume rf_e_263:0 (G4Tubs) ... Checking overlaps for volume rf_b_270Pipe:0 (G4Tubs) ... OK! 
Checking overlaps for volume rf_b_270UsWall:0 (G4Tubs) ... OK! 
Checking overlaps for volume rf_b_270DsWall:0 (G4Tubs) ... OK! 
Checking overlaps for volume rf_b_270UsWin1:0 (G4Tubs) ... OK! 
Checking overlaps for volume rf_b_270DsWin1:0 (G4Tubs) ... OK! 
Checking overlaps for volume rf_b_270UsWin2:0 (G4Tubs) ... OK! 
Checking overlaps for volume rf_b_270DsWin2:0 (G4Tubs) ... OK! 
Checking overlaps for volume rf_b_270DsHalf:0 (G4Tubs) ... OK! 
Checking overlaps for volume rf_b_270TimingVol:0 (G4Tubs) ... OK! 
**************************************************************************
*** G4Exception: GeomVol1002
***    severity: Warning
***   issued by: G4PVPlacement::CheckOverlaps()
*** description: Overlap with volume already placed !
          Overlap is detected for volume rf_b_270:0 (G4Tubs) with pipe:0 (G4Tubs)
          overlap at local point (-32.8958,121.373,99.875) by 247.694 um  (max of 1 cases)
NOTE: Reached maximum fixed number -1- of overlaps reports for this volume !
***    printing: every 10-th occurrence
**************************************************************************
BLCMDpillbox::construct rf_b_270 parent= relZ=40919.8 globZ=40919.8
	zmin=40809.8 zmax=41029.9
Checking overlaps for volume rf_b_270:0 (G4Tubs) ... Checking overlaps for volume rf_c_271Pipe:0 (G4Tubs) ... OK! 
Checking overlaps for volume rf_c_271UsWall:0 (G4Tubs) ... OK! 
Checking overlaps for volume rf_c_271DsWall:0 (G4Tubs) ... OK! 
Checking overlaps for volume rf_c_271UsWin1:0 (G4Tubs) ... OK! 
Checking overlaps for volume rf_c_271DsWin1:0 (G4Tubs) ... OK! 
Checking overlaps for volume rf_c_271UsWin2:0 (G4Tubs) ... OK! 
Checking overlaps for volume rf_c_271DsWin2:0 (G4Tubs) ... OK! 
Checking overlaps for volume rf_c_271DsHalf:0 (G4Tubs) ... OK! 
Checking overlaps for volume rf_c_271TimingVol:0 (G4Tubs) ... OK! 
Checking overlaps for volume rf_c_271:0 (G4Tubs) ... OK! 
BLCMDpillbox::construct rf_c_271 parent= relZ=41139.9 globZ=41139.9
	zmin=41029.9 zmax=41250.0
Checking overlaps for volume rf_d_272Pipe:0 (G4Tubs) ... OK! 
Checking overlaps for volume rf_d_272UsWall:0 (G4Tubs) ... OK! 
Checking overlaps for volume rf_d_272DsWall:0 (G4Tubs) ... OK! 
Checking overlaps for volume rf_d_272UsWin1:0 (G4Tubs) ... OK! 
Checking overlaps for volume rf_d_272DsWin1:0 (G4Tubs) ... OK! 
Checking overlaps for volume rf_d_272UsWin2:0 (G4Tubs) ... OK! 
Checking overlaps for volume rf_d_272DsWin2:0 (G4Tubs) ... OK! 
Checking overlaps for volume rf_d_272DsHalf:0 (G4Tubs) ... OK! 
Checking overlaps for volume rf_d_272TimingVol:0 (G4Tubs) ... OK! 
Checking overlaps for volume rf_d_272:0 (G4Tubs) ... OK! 
BLCMDpillbox::construct rf_d_272 parent= relZ=41360.1 globZ=41360.1
	zmin=41250.0 zmax=41470.1
Checking overlaps for volume rf_e_273Pipe:0 (G4Tubs) ... OK! 
Checking overlaps for volume rf_e_273UsWall:0 (G4Tubs) ... OK! 
Checking overlaps for volume rf_e_273DsWall:0 (G4Tubs) ... OK! 
Checking overlaps for volume rf_e_273UsWin1:0 (G4Tubs) ... OK! 
Checking overlaps for volume rf_e_273DsWin1:0 (G4Tubs) ... OK! 
Checking overlaps for volume rf_e_273UsWin2:0 (G4Tubs) ... OK! 
Checking overlaps for volume rf_e_273DsWin2:0 (G4Tubs) ... OK! 
Checking overlaps for volume rf_e_273DsHalf:0 (G4Tubs) ... OK! 
Checking overlaps for volume rf_e_273TimingVol:0 (G4Tubs) ... OK! 
Checking overlaps for volume rf_e_273:0 (G4Tubs) ... OK! 
BLCMDpillbox::construct rf_e_273 parent= relZ=41580.2 globZ=41580.2
	zmin=41470.1 zmax=41690.2
Checking overlaps for volume rf_b_280Pipe:0 (G4Tubs) ... OK! 
Checking overlaps for volume rf_b_280UsWall:0 (G4Tubs) ... OK! 
Checking overlaps for volume rf_b_280DsWall:0 (G4Tubs) ... OK! 
Checking overlaps for volume rf_b_280UsWin1:0 (G4Tubs) ... OK! 
Checking overlaps for volume rf_b_280DsWin1:0 (G4Tubs) ... OK! 
Checking overlaps for volume rf_b_280UsWin2:0 (G4Tubs) ... OK! 
Checking overlaps for volume rf_b_280DsWin2:0 (G4Tubs) ... OK! 
Checking overlaps for volume rf_b_280DsHalf:0 (G4Tubs) ... OK! 
Checking overlaps for volume rf_b_280TimingVol:0 (G4Tubs) ... OK! 
Checking overlaps for volume rf_b_280:0 (G4Tubs) ... OK! 
BLCMDpillbox::construct rf_b_280 parent= relZ=42419.8 globZ=42419.8
	zmin=42309.8 zmax=42529.9
Checking overlaps for volume rf_c_281Pipe:0 (G4Tubs) ... OK! 
Checking overlaps for volume rf_c_281UsWall:0 (G4Tubs) ... OK! 
Checking overlaps for volume rf_c_281DsWall:0 (G4Tubs) ... OK! 
Checking overlaps for volume rf_c_281UsWin1:0 (G4Tubs) ... OK! 
Checking overlaps for volume rf_c_281DsWin1:0 (G4Tubs) ... OK! 
Checking overlaps for volume rf_c_281UsWin2:0 (G4Tubs) ... OK! 
Checking overlaps for volume rf_c_281DsWin2:0 (G4Tubs) ... OK! 
Checking overlaps for volume rf_c_281DsHalf:0 (G4Tubs) ... OK! 
Checking overlaps for volume rf_c_281TimingVol:0 (G4Tubs) ... OK! 
Checking overlaps for volume rf_c_281:0 (G4Tubs) ... OK! 
BLCMDpillbox::construct rf_c_281 parent= relZ=42639.9 globZ=42639.9
	zmin=42529.9 zmax=42750.0
Checking overlaps for volume rf_d_282Pipe:0 (G4Tubs) ... OK! 
Checking overlaps for volume rf_d_282UsWall:0 (G4Tubs) ... OK! 
Checking overlaps for volume rf_d_282DsWall:0 (G4Tubs) ... OK! 
Checking overlaps for volume rf_d_282UsWin1:0 (G4Tubs) ... OK! 
Checking overlaps for volume rf_d_282DsWin1:0 (G4Tubs) ... OK! 
Checking overlaps for volume rf_d_282UsWin2:0 (G4Tubs) ... OK! 
Checking overlaps for volume rf_d_282DsWin2:0 (G4Tubs) ... OK! 
Checking overlaps for volume rf_d_282DsHalf:0 (G4Tubs) ... OK! 
Checking overlaps for volume rf_d_282TimingVol:0 (G4Tubs) ... OK! 
Checking overlaps for volume rf_d_282:0 (G4Tubs) ... OK! 
BLCMDpillbox::construct rf_d_282 parent= relZ=42860.1 globZ=42860.1
	zmin=42750.0 zmax=42970.1
Checking overlaps for volume rf_e_283Pipe:0 (G4Tubs) ... OK! 
Checking overlaps for volume rf_e_283UsWall:0 (G4Tubs) ... OK! 
Checking overlaps for volume rf_e_283DsWall:0 (G4Tubs) ... OK! 
Checking overlaps for volume rf_e_283UsWin1:0 (G4Tubs) ... OK! 
Checking overlaps for volume rf_e_283DsWin1:0 (G4Tubs) ... OK! 
Checking overlaps for volume rf_e_283UsWin2:0 (G4Tubs) ... OK! 
Checking overlaps for volume rf_e_283DsWin2:0 (G4Tubs) ... OK! 
Checking overlaps for volume rf_e_283DsHalf:0 (G4Tubs) ... OK! 
Checking overlaps for volume rf_e_283TimingVol:0 (G4Tubs) ... OK! 
BLCMDpillbox::construct rf_e_283 parent= relZ=43080.2 globZ=43080.2
	zmin=42970.1 zmax=43190.2
Checking overlaps for volume rf_e_283:0 (G4Tubs) ... Checking overlaps for volume rf_b_290Pipe:0 (G4Tubs) ... OK! 
Checking overlaps for volume rf_b_290UsWall:0 (G4Tubs) ... OK! 
Checking overlaps for volume rf_b_290DsWall:0 (G4Tubs) ... OK! 
Checking overlaps for volume rf_b_290UsWin1:0 (G4Tubs) ... OK! 
Checking overlaps for volume rf_b_290DsWin1:0 (G4Tubs) ... OK! 
Checking overlaps for volume rf_b_290UsWin2:0 (G4Tubs) ... OK! 
Checking overlaps for volume rf_b_290DsWin2:0 (G4Tubs) ... OK! 
Checking overlaps for volume rf_b_290DsHalf:0 (G4Tubs) ... OK! 
Checking overlaps for volume rf_b_290TimingVol:0 (G4Tubs) ... OK! 
BLCMDpillbox::construct rf_b_290 parent= relZ=43919.8 globZ=43919.8
	zmin=43809.8 zmax=44029.9
Checking overlaps for volume rf_b_290:0 (G4Tubs) ... Checking overlaps for volume rf_c_291Pipe:0 (G4Tubs) ... OK! 
Checking overlaps for volume rf_c_291UsWall:0 (G4Tubs) ... OK! 
Checking overlaps for volume rf_c_291DsWall:0 (G4Tubs) ... OK! 
Checking overlaps for volume rf_c_291UsWin1:0 (G4Tubs) ... OK! 
Checking overlaps for volume rf_c_291DsWin1:0 (G4Tubs) ... OK! 
Checking overlaps for volume rf_c_291UsWin2:0 (G4Tubs) ... OK! 
Checking overlaps for volume rf_c_291DsWin2:0 (G4Tubs) ... OK! 
Checking overlaps for volume rf_c_291DsHalf:0 (G4Tubs) ... OK! 
Checking overlaps for volume rf_c_291TimingVol:0 (G4Tubs) ... OK! 
Checking overlaps for volume rf_c_291:0 (G4Tubs) ... OK! 
BLCMDpillbox::construct rf_c_291 parent= relZ=44139.9 globZ=44139.9
	zmin=44029.9 zmax=44250.0
Checking overlaps for volume rf_d_292Pipe:0 (G4Tubs) ... OK! 
Checking overlaps for volume rf_d_292UsWall:0 (G4Tubs) ... OK! 
Checking overlaps for volume rf_d_292DsWall:0 (G4Tubs) ... OK! 
Checking overlaps for volume rf_d_292UsWin1:0 (G4Tubs) ... OK! 
Checking overlaps for volume rf_d_292DsWin1:0 (G4Tubs) ... OK! 
Checking overlaps for volume rf_d_292UsWin2:0 (G4Tubs) ... OK! 
Checking overlaps for volume rf_d_292DsWin2:0 (G4Tubs) ... OK! 
Checking overlaps for volume rf_d_292DsHalf:0 (G4Tubs) ... OK! 
Checking overlaps for volume rf_d_292TimingVol:0 (G4Tubs) ... OK! 
Checking overlaps for volume rf_d_292:0 (G4Tubs) ... OK! 
BLCMDpillbox::construct rf_d_292 parent= relZ=44360.1 globZ=44360.1
	zmin=44250.0 zmax=44470.1
Checking overlaps for volume rf_e_293Pipe:0 (G4Tubs) ... OK! 
Checking overlaps for volume rf_e_293UsWall:0 (G4Tubs) ... OK! 
Checking overlaps for volume rf_e_293DsWall:0 (G4Tubs) ... OK! 
Checking overlaps for volume rf_e_293UsWin1:0 (G4Tubs) ... OK! 
Checking overlaps for volume rf_e_293DsWin1:0 (G4Tubs) ... OK! 
Checking overlaps for volume rf_e_293UsWin2:0 (G4Tubs) ... OK! 
Checking overlaps for volume rf_e_293DsWin2:0 (G4Tubs) ... OK! 
Checking overlaps for volume rf_e_293DsHalf:0 (G4Tubs) ... OK! 
Checking overlaps for volume rf_e_293TimingVol:0 (G4Tubs) ... OK! 
BLCMDpillbox::construct rf_e_293 parent= relZ=44580.2 globZ=44580.2
	zmin=44470.1 zmax=44690.2
Checking overlaps for volume rf_e_293:0 (G4Tubs) ... Checking overlaps for volume rf_b_300Pipe:0 (G4Tubs) ... OK! 
Checking overlaps for volume rf_b_300UsWall:0 (G4Tubs) ... OK! 
Checking overlaps for volume rf_b_300DsWall:0 (G4Tubs) ... OK! 
Checking overlaps for volume rf_b_300UsWin1:0 (G4Tubs) ... OK! 
Checking overlaps for volume rf_b_300DsWin1:0 (G4Tubs) ... OK! 
Checking overlaps for volume rf_b_300UsWin2:0 (G4Tubs) ... OK! 
Checking overlaps for volume rf_b_300DsWin2:0 (G4Tubs) ... OK! 
Checking overlaps for volume rf_b_300DsHalf:0 (G4Tubs) ... OK! 
Checking overlaps for volume rf_b_300TimingVol:0 (G4Tubs) ... OK! 
BLCMDpillbox::construct rf_b_300 parent= relZ=45419.8 globZ=45419.8
	zmin=45309.8 zmax=45529.9
Checking overlaps for volume rf_b_300:0 (G4Tubs) ... Checking overlaps for volume rf_c_301Pipe:0 (G4Tubs) ... OK! 
Checking overlaps for volume rf_c_301UsWall:0 (G4Tubs) ... OK! 
Checking overlaps for volume rf_c_301DsWall:0 (G4Tubs) ... OK! 
Checking overlaps for volume rf_c_301UsWin1:0 (G4Tubs) ... OK! 
Checking overlaps for volume rf_c_301DsWin1:0 (G4Tubs) ... OK! 
Checking overlaps for volume rf_c_301UsWin2:0 (G4Tubs) ... OK! 
Checking overlaps for volume rf_c_301DsWin2:0 (G4Tubs) ... OK! 
Checking overlaps for volume rf_c_301DsHalf:0 (G4Tubs) ... OK! 
Checking overlaps for volume rf_c_301TimingVol:0 (G4Tubs) ... OK! 
Checking overlaps for volume rf_c_301:0 (G4Tubs) ... OK! 
BLCMDpillbox::construct rf_c_301 parent= relZ=45639.9 globZ=45639.9
	zmin=45529.9 zmax=45750.0
Checking overlaps for volume rf_d_302Pipe:0 (G4Tubs) ... OK! 
Checking overlaps for volume rf_d_302UsWall:0 (G4Tubs) ... OK! 
Checking overlaps for volume rf_d_302DsWall:0 (G4Tubs) ... OK! 
Checking overlaps for volume rf_d_302UsWin1:0 (G4Tubs) ... OK! 
Checking overlaps for volume rf_d_302DsWin1:0 (G4Tubs) ... OK! 
Checking overlaps for volume rf_d_302UsWin2:0 (G4Tubs) ... OK! 
Checking overlaps for volume rf_d_302DsWin2:0 (G4Tubs) ... OK! 
Checking overlaps for volume rf_d_302DsHalf:0 (G4Tubs) ... OK! 
Checking overlaps for volume rf_d_302TimingVol:0 (G4Tubs) ... OK! 
Checking overlaps for volume rf_d_302:0 (G4Tubs) ... OK! 
BLCMDpillbox::construct rf_d_302 parent= relZ=45860.1 globZ=45860.1
	zmin=45750.0 zmax=45970.1
Checking overlaps for volume rf_e_303Pipe:0 (G4Tubs) ... OK! 
Checking overlaps for volume rf_e_303UsWall:0 (G4Tubs) ... OK! 
Checking overlaps for volume rf_e_303DsWall:0 (G4Tubs) ... OK! 
Checking overlaps for volume rf_e_303UsWin1:0 (G4Tubs) ... OK! 
Checking overlaps for volume rf_e_303DsWin1:0 (G4Tubs) ... OK! 
Checking overlaps for volume rf_e_303UsWin2:0 (G4Tubs) ... OK! 
Checking overlaps for volume rf_e_303DsWin2:0 (G4Tubs) ... OK! 
Checking overlaps for volume rf_e_303DsHalf:0 (G4Tubs) ... OK! 
Checking overlaps for volume rf_e_303TimingVol:0 (G4Tubs) ... OK! 
BLCMDpillbox::construct rf_e_303 parent= relZ=46080.2 globZ=46080.2
	zmin=45970.1 zmax=46190.2
Checking overlaps for volume rf_e_303:0 (G4Tubs) ... Checking overlaps for volume rf_b_310Pipe:0 (G4Tubs) ... OK! 
Checking overlaps for volume rf_b_310UsWall:0 (G4Tubs) ... OK! 
Checking overlaps for volume rf_b_310DsWall:0 (G4Tubs) ... OK! 
Checking overlaps for volume rf_b_310UsWin1:0 (G4Tubs) ... OK! 
Checking overlaps for volume rf_b_310DsWin1:0 (G4Tubs) ... OK! 
Checking overlaps for volume rf_b_310UsWin2:0 (G4Tubs) ... OK! 
Checking overlaps for volume rf_b_310DsWin2:0 (G4Tubs) ... OK! 
Checking overlaps for volume rf_b_310DsHalf:0 (G4Tubs) ... OK! 
Checking overlaps for volume rf_b_310TimingVol:0 (G4Tubs) ... OK! 
Checking overlaps for volume rf_b_310:0 (G4Tubs) ... OK! 
BLCMDpillbox::construct rf_b_310 parent= relZ=46919.8 globZ=46919.8
	zmin=46809.8 zmax=47029.9
Checking overlaps for volume rf_c_311Pipe:0 (G4Tubs) ... OK! 
Checking overlaps for volume rf_c_311UsWall:0 (G4Tubs) ... OK! 
Checking overlaps for volume rf_c_311DsWall:0 (G4Tubs) ... OK! 
Checking overlaps for volume rf_c_311UsWin1:0 (G4Tubs) ... OK! 
Checking overlaps for volume rf_c_311DsWin1:0 (G4Tubs) ... OK! 
Checking overlaps for volume rf_c_311UsWin2:0 (G4Tubs) ... OK! 
Checking overlaps for volume rf_c_311DsWin2:0 (G4Tubs) ... OK! 
Checking overlaps for volume rf_c_311DsHalf:0 (G4Tubs) ... OK! 
Checking overlaps for volume rf_c_311TimingVol:0 (G4Tubs) ... OK! 
Checking overlaps for volume rf_c_311:0 (G4Tubs) ... OK! 
BLCMDpillbox::construct rf_c_311 parent= relZ=47139.9 globZ=47139.9
	zmin=47029.9 zmax=47250.0
Checking overlaps for volume rf_d_312Pipe:0 (G4Tubs) ... OK! 
Checking overlaps for volume rf_d_312UsWall:0 (G4Tubs) ... OK! 
Checking overlaps for volume rf_d_312DsWall:0 (G4Tubs) ... OK! 
Checking overlaps for volume rf_d_312UsWin1:0 (G4Tubs) ... OK! 
Checking overlaps for volume rf_d_312DsWin1:0 (G4Tubs) ... OK! 
Checking overlaps for volume rf_d_312UsWin2:0 (G4Tubs) ... OK! 
Checking overlaps for volume rf_d_312DsWin2:0 (G4Tubs) ... OK! 
Checking overlaps for volume rf_d_312DsHalf:0 (G4Tubs) ... OK! 
Checking overlaps for volume rf_d_312TimingVol:0 (G4Tubs) ... OK! 
Checking overlaps for volume rf_d_312:0 (G4Tubs) ... OK! 
BLCMDpillbox::construct rf_d_312 parent= relZ=47360.1 globZ=47360.1
	zmin=47250.0 zmax=47470.1
Checking overlaps for volume rf_e_313Pipe:0 (G4Tubs) ... OK! 
Checking overlaps for volume rf_e_313UsWall:0 (G4Tubs) ... OK! 
Checking overlaps for volume rf_e_313DsWall:0 (G4Tubs) ... OK! 
Checking overlaps for volume rf_e_313UsWin1:0 (G4Tubs) ... OK! 
Checking overlaps for volume rf_e_313DsWin1:0 (G4Tubs) ... OK! 
Checking overlaps for volume rf_e_313UsWin2:0 (G4Tubs) ... OK! 
Checking overlaps for volume rf_e_313DsWin2:0 (G4Tubs) ... OK! 
Checking overlaps for volume rf_e_313DsHalf:0 (G4Tubs) ... OK! 
Checking overlaps for volume rf_e_313TimingVol:0 (G4Tubs) ... OK! 
BLCMDpillbox::construct rf_e_313 parent= relZ=47580.2 globZ=47580.2
	zmin=47470.1 zmax=47690.2
Checking overlaps for volume rf_e_313:0 (G4Tubs) ... Checking overlaps for volume rf_b_320Pipe:0 (G4Tubs) ... OK! 
Checking overlaps for volume rf_b_320UsWall:0 (G4Tubs) ... OK! 
Checking overlaps for volume rf_b_320DsWall:0 (G4Tubs) ... OK! 
Checking overlaps for volume rf_b_320UsWin1:0 (G4Tubs) ... OK! 
Checking overlaps for volume rf_b_320DsWin1:0 (G4Tubs) ... OK! 
Checking overlaps for volume rf_b_320UsWin2:0 (G4Tubs) ... OK! 
Checking overlaps for volume rf_b_320DsWin2:0 (G4Tubs) ... OK! 
Checking overlaps for volume rf_b_320DsHalf:0 (G4Tubs) ... OK! 
Checking overlaps for volume rf_b_320TimingVol:0 (G4Tubs) ... OK! 
Checking overlaps for volume rf_b_320:0 (G4Tubs) ... OK! 
BLCMDpillbox::construct rf_b_320 parent= relZ=48419.8 globZ=48419.8
	zmin=48309.8 zmax=48529.9
Checking overlaps for volume rf_c_321Pipe:0 (G4Tubs) ... OK! 
Checking overlaps for volume rf_c_321UsWall:0 (G4Tubs) ... OK! 
Checking overlaps for volume rf_c_321DsWall:0 (G4Tubs) ... OK! 
Checking overlaps for volume rf_c_321UsWin1:0 (G4Tubs) ... OK! 
Checking overlaps for volume rf_c_321DsWin1:0 (G4Tubs) ... OK! 
Checking overlaps for volume rf_c_321UsWin2:0 (G4Tubs) ... OK! 
Checking overlaps for volume rf_c_321DsWin2:0 (G4Tubs) ... OK! 
Checking overlaps for volume rf_c_321DsHalf:0 (G4Tubs) ... OK! 
Checking overlaps for volume rf_c_321TimingVol:0 (G4Tubs) ... OK! 
Checking overlaps for volume rf_c_321:0 (G4Tubs) ... OK! 
BLCMDpillbox::construct rf_c_321 parent= relZ=48639.9 globZ=48639.9
	zmin=48529.9 zmax=48750.0
Checking overlaps for volume rf_d_322Pipe:0 (G4Tubs) ... OK! 
Checking overlaps for volume rf_d_322UsWall:0 (G4Tubs) ... OK! 
Checking overlaps for volume rf_d_322DsWall:0 (G4Tubs) ... OK! 
Checking overlaps for volume rf_d_322UsWin1:0 (G4Tubs) ... OK! 
Checking overlaps for volume rf_d_322DsWin1:0 (G4Tubs) ... OK! 
Checking overlaps for volume rf_d_322UsWin2:0 (G4Tubs) ... OK! 
Checking overlaps for volume rf_d_322DsWin2:0 (G4Tubs) ... OK! 
Checking overlaps for volume rf_d_322DsHalf:0 (G4Tubs) ... OK! 
Checking overlaps for volume rf_d_322TimingVol:0 (G4Tubs) ... OK! 
Checking overlaps for volume rf_d_322:0 (G4Tubs) ... OK! 
BLCMDpillbox::construct rf_d_322 parent= relZ=48860.1 globZ=48860.1
	zmin=48750.0 zmax=48970.1
Checking overlaps for volume rf_e_323Pipe:0 (G4Tubs) ... OK! 
Checking overlaps for volume rf_e_323UsWall:0 (G4Tubs) ... OK! 
Checking overlaps for volume rf_e_323DsWall:0 (G4Tubs) ... OK! 
Checking overlaps for volume rf_e_323UsWin1:0 (G4Tubs) ... OK! 
Checking overlaps for volume rf_e_323DsWin1:0 (G4Tubs) ... OK! 
Checking overlaps for volume rf_e_323UsWin2:0 (G4Tubs) ... OK! 
Checking overlaps for volume rf_e_323DsWin2:0 (G4Tubs) ... OK! 
Checking overlaps for volume rf_e_323DsHalf:0 (G4Tubs) ... OK! 
Checking overlaps for volume rf_e_323TimingVol:0 (G4Tubs) ... OK! 
BLCMDpillbox::construct rf_e_323 parent= relZ=49080.2 globZ=49080.2
	zmin=48970.1 zmax=49190.2
Checking overlaps for volume rf_e_323:0 (G4Tubs) ... Checking overlaps for volume rf_b_330Pipe:0 (G4Tubs) ... OK! 
Checking overlaps for volume rf_b_330UsWall:0 (G4Tubs) ... OK! 
Checking overlaps for volume rf_b_330DsWall:0 (G4Tubs) ... OK! 
Checking overlaps for volume rf_b_330UsWin1:0 (G4Tubs) ... OK! 
Checking overlaps for volume rf_b_330DsWin1:0 (G4Tubs) ... OK! 
Checking overlaps for volume rf_b_330UsWin2:0 (G4Tubs) ... OK! 
Checking overlaps for volume rf_b_330DsWin2:0 (G4Tubs) ... OK! 
Checking overlaps for volume rf_b_330DsHalf:0 (G4Tubs) ... OK! 
Checking overlaps for volume rf_b_330TimingVol:0 (G4Tubs) ... OK! 
BLCMDpillbox::construct rf_b_330 parent= relZ=49919.8 globZ=49919.8
	zmin=49809.8 zmax=50029.9
Checking overlaps for volume rf_b_330:0 (G4Tubs) ... Checking overlaps for volume rf_c_331Pipe:0 (G4Tubs) ... OK! 
Checking overlaps for volume rf_c_331UsWall:0 (G4Tubs) ... OK! 
Checking overlaps for volume rf_c_331DsWall:0 (G4Tubs) ... OK! 
Checking overlaps for volume rf_c_331UsWin1:0 (G4Tubs) ... OK! 
Checking overlaps for volume rf_c_331DsWin1:0 (G4Tubs) ... OK! 
Checking overlaps for volume rf_c_331UsWin2:0 (G4Tubs) ... OK! 
Checking overlaps for volume rf_c_331DsWin2:0 (G4Tubs) ... OK! 
Checking overlaps for volume rf_c_331DsHalf:0 (G4Tubs) ... OK! 
Checking overlaps for volume rf_c_331TimingVol:0 (G4Tubs) ... OK! 
Checking overlaps for volume rf_c_331:0 (G4Tubs) ... OK! 
BLCMDpillbox::construct rf_c_331 parent= relZ=50139.9 globZ=50139.9
	zmin=50029.9 zmax=50250.0
Checking overlaps for volume rf_d_332Pipe:0 (G4Tubs) ... OK! 
Checking overlaps for volume rf_d_332UsWall:0 (G4Tubs) ... OK! 
Checking overlaps for volume rf_d_332DsWall:0 (G4Tubs) ... OK! 
Checking overlaps for volume rf_d_332UsWin1:0 (G4Tubs) ... OK! 
Checking overlaps for volume rf_d_332DsWin1:0 (G4Tubs) ... OK! 
Checking overlaps for volume rf_d_332UsWin2:0 (G4Tubs) ... OK! 
Checking overlaps for volume rf_d_332DsWin2:0 (G4Tubs) ... OK! 
Checking overlaps for volume rf_d_332DsHalf:0 (G4Tubs) ... OK! 
Checking overlaps for volume rf_d_332TimingVol:0 (G4Tubs) ... OK! 
Checking overlaps for volume rf_d_332:0 (G4Tubs) ... OK! 
BLCMDpillbox::construct rf_d_332 parent= relZ=50360.1 globZ=50360.1
	zmin=50250.0 zmax=50470.1
Checking overlaps for volume rf_e_333Pipe:0 (G4Tubs) ... OK! 
Checking overlaps for volume rf_e_333UsWall:0 (G4Tubs) ... OK! 
Checking overlaps for volume rf_e_333DsWall:0 (G4Tubs) ... OK! 
Checking overlaps for volume rf_e_333UsWin1:0 (G4Tubs) ... OK! 
Checking overlaps for volume rf_e_333DsWin1:0 (G4Tubs) ... OK! 
Checking overlaps for volume rf_e_333UsWin2:0 (G4Tubs) ... OK! 
Checking overlaps for volume rf_e_333DsWin2:0 (G4Tubs) ... OK! 
Checking overlaps for volume rf_e_333DsHalf:0 (G4Tubs) ... OK! 
Checking overlaps for volume rf_e_333TimingVol:0 (G4Tubs) ... OK! 
Checking overlaps for volume rf_e_333:0 (G4Tubs) ... OK! 
BLCMDpillbox::construct rf_e_333 parent= relZ=50580.2 globZ=50580.2
	zmin=50470.1 zmax=50690.2
Checking overlaps for volume rf_b_340Pipe:0 (G4Tubs) ... OK! 
Checking overlaps for volume rf_b_340UsWall:0 (G4Tubs) ... OK! 
Checking overlaps for volume rf_b_340DsWall:0 (G4Tubs) ... OK! 
Checking overlaps for volume rf_b_340UsWin1:0 (G4Tubs) ... OK! 
Checking overlaps for volume rf_b_340DsWin1:0 (G4Tubs) ... OK! 
Checking overlaps for volume rf_b_340UsWin2:0 (G4Tubs) ... OK! 
Checking overlaps for volume rf_b_340DsWin2:0 (G4Tubs) ... OK! 
Checking overlaps for volume rf_b_340DsHalf:0 (G4Tubs) ... OK! 
Checking overlaps for volume rf_b_340TimingVol:0 (G4Tubs) ... OK! 
BLCMDpillbox::construct rf_b_340 parent= relZ=51419.8 globZ=51419.8
	zmin=51309.8 zmax=51529.9
Checking overlaps for volume rf_b_340:0 (G4Tubs) ... Checking overlaps for volume rf_c_341Pipe:0 (G4Tubs) ... OK! 
Checking overlaps for volume rf_c_341UsWall:0 (G4Tubs) ... OK! 
Checking overlaps for volume rf_c_341DsWall:0 (G4Tubs) ... OK! 
Checking overlaps for volume rf_c_341UsWin1:0 (G4Tubs) ... OK! 
Checking overlaps for volume rf_c_341DsWin1:0 (G4Tubs) ... OK! 
Checking overlaps for volume rf_c_341UsWin2:0 (G4Tubs) ... OK! 
Checking overlaps for volume rf_c_341DsWin2:0 (G4Tubs) ... OK! 
Checking overlaps for volume rf_c_341DsHalf:0 (G4Tubs) ... OK! 
Checking overlaps for volume rf_c_341TimingVol:0 (G4Tubs) ... OK! 
Checking overlaps for volume rf_c_341:0 (G4Tubs) ... OK! 
BLCMDpillbox::construct rf_c_341 parent= relZ=51639.9 globZ=51639.9
	zmin=51529.9 zmax=51750.0
Checking overlaps for volume rf_d_342Pipe:0 (G4Tubs) ... OK! 
Checking overlaps for volume rf_d_342UsWall:0 (G4Tubs) ... OK! 
Checking overlaps for volume rf_d_342DsWall:0 (G4Tubs) ... OK! 
Checking overlaps for volume rf_d_342UsWin1:0 (G4Tubs) ... OK! 
Checking overlaps for volume rf_d_342DsWin1:0 (G4Tubs) ... OK! 
Checking overlaps for volume rf_d_342UsWin2:0 (G4Tubs) ... OK! 
Checking overlaps for volume rf_d_342DsWin2:0 (G4Tubs) ... OK! 
Checking overlaps for volume rf_d_342DsHalf:0 (G4Tubs) ... OK! 
Checking overlaps for volume rf_d_342TimingVol:0 (G4Tubs) ... OK! 
Checking overlaps for volume rf_d_342:0 (G4Tubs) ... OK! 
BLCMDpillbox::construct rf_d_342 parent= relZ=51860.1 globZ=51860.1
	zmin=51750.0 zmax=51970.1
Checking overlaps for volume rf_e_343Pipe:0 (G4Tubs) ... OK! 
Checking overlaps for volume rf_e_343UsWall:0 (G4Tubs) ... OK! 
Checking overlaps for volume rf_e_343DsWall:0 (G4Tubs) ... OK! 
Checking overlaps for volume rf_e_343UsWin1:0 (G4Tubs) ... OK! 
Checking overlaps for volume rf_e_343DsWin1:0 (G4Tubs) ... OK! 
Checking overlaps for volume rf_e_343UsWin2:0 (G4Tubs) ... OK! 
Checking overlaps for volume rf_e_343DsWin2:0 (G4Tubs) ... OK! 
Checking overlaps for volume rf_e_343DsHalf:0 (G4Tubs) ... OK! 
Checking overlaps for volume rf_e_343TimingVol:0 (G4Tubs) ... OK! 
Checking overlaps for volume rf_e_343:0 (G4Tubs) ... OK! 
BLCMDpillbox::construct rf_e_343 parent= relZ=52080.2 globZ=52080.2
	zmin=51970.1 zmax=52190.2
Checking overlaps for volume rf_b_350Pipe:0 (G4Tubs) ... OK! 
Checking overlaps for volume rf_b_350UsWall:0 (G4Tubs) ... OK! 
Checking overlaps for volume rf_b_350DsWall:0 (G4Tubs) ... OK! 
Checking overlaps for volume rf_b_350UsWin1:0 (G4Tubs) ... OK! 
Checking overlaps for volume rf_b_350DsWin1:0 (G4Tubs) ... OK! 
Checking overlaps for volume rf_b_350UsWin2:0 (G4Tubs) ... OK! 
Checking overlaps for volume rf_b_350DsWin2:0 (G4Tubs) ... OK! 
Checking overlaps for volume rf_b_350DsHalf:0 (G4Tubs) ... OK! 
Checking overlaps for volume rf_b_350TimingVol:0 (G4Tubs) ... OK! 
**************************************************************************
*** G4Exception: GeomVol1002
***    severity: Warning
***   issued by: G4PVPlacement::CheckOverlaps()
*** description: Overlap with volume already placed !
          Overlap is detected for volume rf_b_350:0 (G4Tubs) with pipe:0 (G4Tubs)
          overlap at local point (5.82194,125.537,99.875) by 328.341 um  (max of 1 cases)
NOTE: Reached maximum fixed number -1- of overlaps reports for this volume !
***    printing: every 10-th occurrence
**************************************************************************
BLCMDpillbox::construct rf_b_350 parent= relZ=52919.8 globZ=52919.8
	zmin=52809.8 zmax=53029.9
Checking overlaps for volume rf_b_350:0 (G4Tubs) ... Checking overlaps for volume rf_c_351Pipe:0 (G4Tubs) ... OK! 
Checking overlaps for volume rf_c_351UsWall:0 (G4Tubs) ... OK! 
Checking overlaps for volume rf_c_351DsWall:0 (G4Tubs) ... OK! 
Checking overlaps for volume rf_c_351UsWin1:0 (G4Tubs) ... OK! 
Checking overlaps for volume rf_c_351DsWin1:0 (G4Tubs) ... OK! 
Checking overlaps for volume rf_c_351UsWin2:0 (G4Tubs) ... OK! 
Checking overlaps for volume rf_c_351DsWin2:0 (G4Tubs) ... OK! 
Checking overlaps for volume rf_c_351DsHalf:0 (G4Tubs) ... OK! 
Checking overlaps for volume rf_c_351TimingVol:0 (G4Tubs) ... OK! 
Checking overlaps for volume rf_c_351:0 (G4Tubs) ... OK! 
BLCMDpillbox::construct rf_c_351 parent= relZ=53139.9 globZ=53139.9
	zmin=53029.9 zmax=53250.0
Checking overlaps for volume rf_d_352Pipe:0 (G4Tubs) ... OK! 
Checking overlaps for volume rf_d_352UsWall:0 (G4Tubs) ... OK! 
Checking overlaps for volume rf_d_352DsWall:0 (G4Tubs) ... OK! 
Checking overlaps for volume rf_d_352UsWin1:0 (G4Tubs) ... OK! 
Checking overlaps for volume rf_d_352DsWin1:0 (G4Tubs) ... OK! 
Checking overlaps for volume rf_d_352UsWin2:0 (G4Tubs) ... OK! 
Checking overlaps for volume rf_d_352DsWin2:0 (G4Tubs) ... OK! 
Checking overlaps for volume rf_d_352DsHalf:0 (G4Tubs) ... OK! 
Checking overlaps for volume rf_d_352TimingVol:0 (G4Tubs) ... OK! 
Checking overlaps for volume rf_d_352:0 (G4Tubs) ... OK! 
BLCMDpillbox::construct rf_d_352 parent= relZ=53360.1 globZ=53360.1
	zmin=53250.0 zmax=53470.1
Checking overlaps for volume rf_e_353Pipe:0 (G4Tubs) ... OK! 
Checking overlaps for volume rf_e_353UsWall:0 (G4Tubs) ... OK! 
Checking overlaps for volume rf_e_353DsWall:0 (G4Tubs) ... OK! 
Checking overlaps for volume rf_e_353UsWin1:0 (G4Tubs) ... OK! 
Checking overlaps for volume rf_e_353DsWin1:0 (G4Tubs) ... OK! 
Checking overlaps for volume rf_e_353UsWin2:0 (G4Tubs) ... OK! 
Checking overlaps for volume rf_e_353DsWin2:0 (G4Tubs) ... OK! 
Checking overlaps for volume rf_e_353DsHalf:0 (G4Tubs) ... OK! 
Checking overlaps for volume rf_e_353TimingVol:0 (G4Tubs) ... OK! 
Checking overlaps for volume rf_e_353:0 (G4Tubs) ... OK! 
BLCMDpillbox::construct rf_e_353 parent= relZ=53580.2 globZ=53580.2
	zmin=53470.1 zmax=53690.2
Checking overlaps for volume rf_b_360Pipe:0 (G4Tubs) ... OK! 
Checking overlaps for volume rf_b_360UsWall:0 (G4Tubs) ... OK! 
Checking overlaps for volume rf_b_360DsWall:0 (G4Tubs) ... OK! 
Checking overlaps for volume rf_b_360UsWin1:0 (G4Tubs) ... OK! 
Checking overlaps for volume rf_b_360DsWin1:0 (G4Tubs) ... OK! 
Checking overlaps for volume rf_b_360UsWin2:0 (G4Tubs) ... OK! 
Checking overlaps for volume rf_b_360DsWin2:0 (G4Tubs) ... OK! 
Checking overlaps for volume rf_b_360DsHalf:0 (G4Tubs) ... OK! 
Checking overlaps for volume rf_b_360TimingVol:0 (G4Tubs) ... OK! 
BLCMDpillbox::construct rf_b_360 parent= relZ=54419.8 globZ=54419.8
	zmin=54309.8 zmax=54529.9
Checking overlaps for volume rf_b_360:0 (G4Tubs) ... Checking overlaps for volume rf_c_361Pipe:0 (G4Tubs) ... OK! 
Checking overlaps for volume rf_c_361UsWall:0 (G4Tubs) ... OK! 
Checking overlaps for volume rf_c_361DsWall:0 (G4Tubs) ... OK! 
Checking overlaps for volume rf_c_361UsWin1:0 (G4Tubs) ... OK! 
Checking overlaps for volume rf_c_361DsWin1:0 (G4Tubs) ... OK! 
Checking overlaps for volume rf_c_361UsWin2:0 (G4Tubs) ... OK! 
Checking overlaps for volume rf_c_361DsWin2:0 (G4Tubs) ... OK! 
Checking overlaps for volume rf_c_361DsHalf:0 (G4Tubs) ... OK! 
Checking overlaps for volume rf_c_361TimingVol:0 (G4Tubs) ... OK! 
Checking overlaps for volume rf_c_361:0 (G4Tubs) ... OK! 
BLCMDpillbox::construct rf_c_361 parent= relZ=54639.9 globZ=54639.9
	zmin=54529.9 zmax=54750.0
Checking overlaps for volume rf_d_362Pipe:0 (G4Tubs) ... OK! 
Checking overlaps for volume rf_d_362UsWall:0 (G4Tubs) ... OK! 
Checking overlaps for volume rf_d_362DsWall:0 (G4Tubs) ... OK! 
Checking overlaps for volume rf_d_362UsWin1:0 (G4Tubs) ... OK! 
Checking overlaps for volume rf_d_362DsWin1:0 (G4Tubs) ... OK! 
Checking overlaps for volume rf_d_362UsWin2:0 (G4Tubs) ... OK! 
Checking overlaps for volume rf_d_362DsWin2:0 (G4Tubs) ... OK! 
Checking overlaps for volume rf_d_362DsHalf:0 (G4Tubs) ... OK! 
Checking overlaps for volume rf_d_362TimingVol:0 (G4Tubs) ... OK! 
Checking overlaps for volume rf_d_362:0 (G4Tubs) ... OK! 
BLCMDpillbox::construct rf_d_362 parent= relZ=54860.1 globZ=54860.1
	zmin=54750.0 zmax=54970.1
Checking overlaps for volume rf_e_363Pipe:0 (G4Tubs) ... OK! 
Checking overlaps for volume rf_e_363UsWall:0 (G4Tubs) ... OK! 
Checking overlaps for volume rf_e_363DsWall:0 (G4Tubs) ... OK! 
Checking overlaps for volume rf_e_363UsWin1:0 (G4Tubs) ... OK! 
Checking overlaps for volume rf_e_363DsWin1:0 (G4Tubs) ... OK! 
Checking overlaps for volume rf_e_363UsWin2:0 (G4Tubs) ... OK! 
Checking overlaps for volume rf_e_363DsWin2:0 (G4Tubs) ... OK! 
Checking overlaps for volume rf_e_363DsHalf:0 (G4Tubs) ... OK! 
Checking overlaps for volume rf_e_363TimingVol:0 (G4Tubs) ... OK! 
BLCMDpillbox::construct rf_e_363 parent= relZ=55080.2 globZ=55080.2
	zmin=54970.1 zmax=55190.2
Checking overlaps for volume rf_e_363:0 (G4Tubs) ... Checking overlaps for volume rf_b_370Pipe:0 (G4Tubs) ... OK! 
Checking overlaps for volume rf_b_370UsWall:0 (G4Tubs) ... OK! 
Checking overlaps for volume rf_b_370DsWall:0 (G4Tubs) ... OK! 
Checking overlaps for volume rf_b_370UsWin1:0 (G4Tubs) ... OK! 
Checking overlaps for volume rf_b_370DsWin1:0 (G4Tubs) ... OK! 
Checking overlaps for volume rf_b_370UsWin2:0 (G4Tubs) ... OK! 
Checking overlaps for volume rf_b_370DsWin2:0 (G4Tubs) ... OK! 
Checking overlaps for volume rf_b_370DsHalf:0 (G4Tubs) ... OK! 
Checking overlaps for volume rf_b_370TimingVol:0 (G4Tubs) ... OK! 
BLCMDpillbox::construct rf_b_370 parent= relZ=55919.8 globZ=55919.8
	zmin=55809.8 zmax=56029.9
Checking overlaps for volume rf_b_370:0 (G4Tubs) ... Checking overlaps for volume rf_c_371Pipe:0 (G4Tubs) ... OK! 
Checking overlaps for volume rf_c_371UsWall:0 (G4Tubs) ... OK! 
Checking overlaps for volume rf_c_371DsWall:0 (G4Tubs) ... OK! 
Checking overlaps for volume rf_c_371UsWin1:0 (G4Tubs) ... OK! 
Checking overlaps for volume rf_c_371DsWin1:0 (G4Tubs) ... OK! 
Checking overlaps for volume rf_c_371UsWin2:0 (G4Tubs) ... OK! 
Checking overlaps for volume rf_c_371DsWin2:0 (G4Tubs) ... OK! 
Checking overlaps for volume rf_c_371DsHalf:0 (G4Tubs) ... OK! 
Checking overlaps for volume rf_c_371TimingVol:0 (G4Tubs) ... OK! 
Checking overlaps for volume rf_c_371:0 (G4Tubs) ... OK! 
BLCMDpillbox::construct rf_c_371 parent= relZ=56139.9 globZ=56139.9
	zmin=56029.9 zmax=56250.0
Checking overlaps for volume rf_d_372Pipe:0 (G4Tubs) ... OK! 
Checking overlaps for volume rf_d_372UsWall:0 (G4Tubs) ... OK! 
Checking overlaps for volume rf_d_372DsWall:0 (G4Tubs) ... OK! 
Checking overlaps for volume rf_d_372UsWin1:0 (G4Tubs) ... OK! 
Checking overlaps for volume rf_d_372DsWin1:0 (G4Tubs) ... OK! 
Checking overlaps for volume rf_d_372UsWin2:0 (G4Tubs) ... OK! 
Checking overlaps for volume rf_d_372DsWin2:0 (G4Tubs) ... OK! 
Checking overlaps for volume rf_d_372DsHalf:0 (G4Tubs) ... OK! 
Checking overlaps for volume rf_d_372TimingVol:0 (G4Tubs) ... OK! 
Checking overlaps for volume rf_d_372:0 (G4Tubs) ... OK! 
BLCMDpillbox::construct rf_d_372 parent= relZ=56360.1 globZ=56360.1
	zmin=56250.0 zmax=56470.1
Checking overlaps for volume rf_e_373Pipe:0 (G4Tubs) ... OK! 
Checking overlaps for volume rf_e_373UsWall:0 (G4Tubs) ... OK! 
Checking overlaps for volume rf_e_373DsWall:0 (G4Tubs) ... OK! 
Checking overlaps for volume rf_e_373UsWin1:0 (G4Tubs) ... OK! 
Checking overlaps for volume rf_e_373DsWin1:0 (G4Tubs) ... OK! 
Checking overlaps for volume rf_e_373UsWin2:0 (G4Tubs) ... OK! 
Checking overlaps for volume rf_e_373DsWin2:0 (G4Tubs) ... OK! 
Checking overlaps for volume rf_e_373DsHalf:0 (G4Tubs) ... OK! 
Checking overlaps for volume rf_e_373TimingVol:0 (G4Tubs) ... OK! 
BLCMDpillbox::construct rf_e_373 parent= relZ=56580.2 globZ=56580.2
	zmin=56470.1 zmax=56690.2
Checking overlaps for volume rf_e_373:0 (G4Tubs) ... Checking overlaps for volume rf_b_380Pipe:0 (G4Tubs) ... OK! 
Checking overlaps for volume rf_b_380UsWall:0 (G4Tubs) ... OK! 
Checking overlaps for volume rf_b_380DsWall:0 (G4Tubs) ... OK! 
Checking overlaps for volume rf_b_380UsWin1:0 (G4Tubs) ... OK! 
Checking overlaps for volume rf_b_380DsWin1:0 (G4Tubs) ... OK! 
Checking overlaps for volume rf_b_380UsWin2:0 (G4Tubs) ... OK! 
Checking overlaps for volume rf_b_380DsWin2:0 (G4Tubs) ... OK! 
Checking overlaps for volume rf_b_380DsHalf:0 (G4Tubs) ... OK! 
Checking overlaps for volume rf_b_380TimingVol:0 (G4Tubs) ... OK! 
BLCMDpillbox::construct rf_b_380 parent= relZ=57419.8 globZ=57419.8
	zmin=57309.8 zmax=57529.9
Checking overlaps for volume rf_b_380:0 (G4Tubs) ... Checking overlaps for volume rf_c_381Pipe:0 (G4Tubs) ... OK! 
Checking overlaps for volume rf_c_381UsWall:0 (G4Tubs) ... OK! 
Checking overlaps for volume rf_c_381DsWall:0 (G4Tubs) ... OK! 
Checking overlaps for volume rf_c_381UsWin1:0 (G4Tubs) ... OK! 
Checking overlaps for volume rf_c_381DsWin1:0 (G4Tubs) ... OK! 
Checking overlaps for volume rf_c_381UsWin2:0 (G4Tubs) ... OK! 
Checking overlaps for volume rf_c_381DsWin2:0 (G4Tubs) ... OK! 
Checking overlaps for volume rf_c_381DsHalf:0 (G4Tubs) ... OK! 
Checking overlaps for volume rf_c_381TimingVol:0 (G4Tubs) ... OK! 
Checking overlaps for volume rf_c_381:0 (G4Tubs) ... OK! 
BLCMDpillbox::construct rf_c_381 parent= relZ=57639.9 globZ=57639.9
	zmin=57529.9 zmax=57750.0
Checking overlaps for volume rf_d_382Pipe:0 (G4Tubs) ... OK! 
Checking overlaps for volume rf_d_382UsWall:0 (G4Tubs) ... OK! 
Checking overlaps for volume rf_d_382DsWall:0 (G4Tubs) ... OK! 
Checking overlaps for volume rf_d_382UsWin1:0 (G4Tubs) ... OK! 
Checking overlaps for volume rf_d_382DsWin1:0 (G4Tubs) ... OK! 
Checking overlaps for volume rf_d_382UsWin2:0 (G4Tubs) ... OK! 
Checking overlaps for volume rf_d_382DsWin2:0 (G4Tubs) ... OK! 
Checking overlaps for volume rf_d_382DsHalf:0 (G4Tubs) ... OK! 
Checking overlaps for volume rf_d_382TimingVol:0 (G4Tubs) ... OK! 
Checking overlaps for volume rf_d_382:0 (G4Tubs) ... OK! 
BLCMDpillbox::construct rf_d_382 parent= relZ=57860.1 globZ=57860.1
	zmin=57750.0 zmax=57970.1
Checking overlaps for volume rf_e_383Pipe:0 (G4Tubs) ... OK! 
Checking overlaps for volume rf_e_383UsWall:0 (G4Tubs) ... OK! 
Checking overlaps for volume rf_e_383DsWall:0 (G4Tubs) ... OK! 
Checking overlaps for volume rf_e_383UsWin1:0 (G4Tubs) ... OK! 
Checking overlaps for volume rf_e_383DsWin1:0 (G4Tubs) ... OK! 
Checking overlaps for volume rf_e_383UsWin2:0 (G4Tubs) ... OK! 
Checking overlaps for volume rf_e_383DsWin2:0 (G4Tubs) ... OK! 
Checking overlaps for volume rf_e_383DsHalf:0 (G4Tubs) ... OK! 
Checking overlaps for volume rf_e_383TimingVol:0 (G4Tubs) ... OK! 
BLCMDpillbox::construct rf_e_383 parent= relZ=58080.2 globZ=58080.2
	zmin=57970.1 zmax=58190.2
Checking overlaps for volume rf_e_383:0 (G4Tubs) ... Checking overlaps for volume rf_b_390Pipe:0 (G4Tubs) ... OK! 
Checking overlaps for volume rf_b_390UsWall:0 (G4Tubs) ... OK! 
Checking overlaps for volume rf_b_390DsWall:0 (G4Tubs) ... OK! 
Checking overlaps for volume rf_b_390UsWin1:0 (G4Tubs) ... OK! 
Checking overlaps for volume rf_b_390DsWin1:0 (G4Tubs) ... OK! 
Checking overlaps for volume rf_b_390UsWin2:0 (G4Tubs) ... OK! 
Checking overlaps for volume rf_b_390DsWin2:0 (G4Tubs) ... OK! 
Checking overlaps for volume rf_b_390DsHalf:0 (G4Tubs) ... OK! 
Checking overlaps for volume rf_b_390TimingVol:0 (G4Tubs) ... OK! 
Checking overlaps for volume rf_b_390:0 (G4Tubs) ... OK! 
BLCMDpillbox::construct rf_b_390 parent= relZ=58919.8 globZ=58919.8
	zmin=58809.8 zmax=59029.9
Checking overlaps for volume rf_c_391Pipe:0 (G4Tubs) ... OK! 
Checking overlaps for volume rf_c_391UsWall:0 (G4Tubs) ... OK! 
Checking overlaps for volume rf_c_391DsWall:0 (G4Tubs) ... OK! 
Checking overlaps for volume rf_c_391UsWin1:0 (G4Tubs) ... OK! 
Checking overlaps for volume rf_c_391DsWin1:0 (G4Tubs) ... OK! 
Checking overlaps for volume rf_c_391UsWin2:0 (G4Tubs) ... OK! 
Checking overlaps for volume rf_c_391DsWin2:0 (G4Tubs) ... OK! 
Checking overlaps for volume rf_c_391DsHalf:0 (G4Tubs) ... OK! 
Checking overlaps for volume rf_c_391TimingVol:0 (G4Tubs) ... OK! 
Checking overlaps for volume rf_c_391:0 (G4Tubs) ... OK! 
BLCMDpillbox::construct rf_c_391 parent= relZ=59139.9 globZ=59139.9
	zmin=59029.9 zmax=59250.0
Checking overlaps for volume rf_d_392Pipe:0 (G4Tubs) ... OK! 
Checking overlaps for volume rf_d_392UsWall:0 (G4Tubs) ... OK! 
Checking overlaps for volume rf_d_392DsWall:0 (G4Tubs) ... OK! 
Checking overlaps for volume rf_d_392UsWin1:0 (G4Tubs) ... OK! 
Checking overlaps for volume rf_d_392DsWin1:0 (G4Tubs) ... OK! 
Checking overlaps for volume rf_d_392UsWin2:0 (G4Tubs) ... OK! 
Checking overlaps for volume rf_d_392DsWin2:0 (G4Tubs) ... OK! 
Checking overlaps for volume rf_d_392DsHalf:0 (G4Tubs) ... OK! 
Checking overlaps for volume rf_d_392TimingVol:0 (G4Tubs) ... OK! 
Checking overlaps for volume rf_d_392:0 (G4Tubs) ... OK! 
BLCMDpillbox::construct rf_d_392 parent= relZ=59360.1 globZ=59360.1
	zmin=59250.0 zmax=59470.1
Checking overlaps for volume rf_e_393Pipe:0 (G4Tubs) ... OK! 
Checking overlaps for volume rf_e_393UsWall:0 (G4Tubs) ... OK! 
Checking overlaps for volume rf_e_393DsWall:0 (G4Tubs) ... OK! 
Checking overlaps for volume rf_e_393UsWin1:0 (G4Tubs) ... OK! 
Checking overlaps for volume rf_e_393DsWin1:0 (G4Tubs) ... OK! 
Checking overlaps for volume rf_e_393UsWin2:0 (G4Tubs) ... OK! 
Checking overlaps for volume rf_e_393DsWin2:0 (G4Tubs) ... OK! 
Checking overlaps for volume rf_e_393DsHalf:0 (G4Tubs) ... OK! 
Checking overlaps for volume rf_e_393TimingVol:0 (G4Tubs) ... OK! 
Checking overlaps for volume rf_e_393:0 (G4Tubs) ... OK! 
BLCMDpillbox::construct rf_e_393 parent= relZ=59580.2 globZ=59580.2
	zmin=59470.1 zmax=59690.2
Checking overlaps for volume rf_b_400Pipe:0 (G4Tubs) ... OK! 
Checking overlaps for volume rf_b_400UsWall:0 (G4Tubs) ... OK! 
Checking overlaps for volume rf_b_400DsWall:0 (G4Tubs) ... OK! 
Checking overlaps for volume rf_b_400UsWin1:0 (G4Tubs) ... OK! 
Checking overlaps for volume rf_b_400DsWin1:0 (G4Tubs) ... OK! 
Checking overlaps for volume rf_b_400UsWin2:0 (G4Tubs) ... OK! 
Checking overlaps for volume rf_b_400DsWin2:0 (G4Tubs) ... OK! 
Checking overlaps for volume rf_b_400DsHalf:0 (G4Tubs) ... OK! 
Checking overlaps for volume rf_b_400TimingVol:0 (G4Tubs) ... OK! 
Checking overlaps for volume rf_b_400:0 (G4Tubs) ... OK! 
BLCMDpillbox::construct rf_b_400 parent= relZ=60419.8 globZ=60419.8
	zmin=60309.8 zmax=60529.9
Checking overlaps for volume rf_c_401Pipe:0 (G4Tubs) ... OK! 
Checking overlaps for volume rf_c_401UsWall:0 (G4Tubs) ... OK! 
Checking overlaps for volume rf_c_401DsWall:0 (G4Tubs) ... OK! 
Checking overlaps for volume rf_c_401UsWin1:0 (G4Tubs) ... OK! 
Checking overlaps for volume rf_c_401DsWin1:0 (G4Tubs) ... OK! 
Checking overlaps for volume rf_c_401UsWin2:0 (G4Tubs) ... OK! 
Checking overlaps for volume rf_c_401DsWin2:0 (G4Tubs) ... OK! 
Checking overlaps for volume rf_c_401DsHalf:0 (G4Tubs) ... OK! 
Checking overlaps for volume rf_c_401TimingVol:0 (G4Tubs) ... OK! 
Checking overlaps for volume rf_c_401:0 (G4Tubs) ... OK! 
BLCMDpillbox::construct rf_c_401 parent= relZ=60639.9 globZ=60639.9
	zmin=60529.9 zmax=60750.0
Checking overlaps for volume rf_d_402Pipe:0 (G4Tubs) ... OK! 
Checking overlaps for volume rf_d_402UsWall:0 (G4Tubs) ... OK! 
Checking overlaps for volume rf_d_402DsWall:0 (G4Tubs) ... OK! 
Checking overlaps for volume rf_d_402UsWin1:0 (G4Tubs) ... OK! 
Checking overlaps for volume rf_d_402DsWin1:0 (G4Tubs) ... OK! 
Checking overlaps for volume rf_d_402UsWin2:0 (G4Tubs) ... OK! 
Checking overlaps for volume rf_d_402DsWin2:0 (G4Tubs) ... OK! 
Checking overlaps for volume rf_d_402DsHalf:0 (G4Tubs) ... OK! 
Checking overlaps for volume rf_d_402TimingVol:0 (G4Tubs) ... OK! 
Checking overlaps for volume rf_d_402:0 (G4Tubs) ... OK! 
BLCMDpillbox::construct rf_d_402 parent= relZ=60860.1 globZ=60860.1
	zmin=60750.0 zmax=60970.1
Checking overlaps for volume rf_e_403Pipe:0 (G4Tubs) ... OK! 
Checking overlaps for volume rf_e_403UsWall:0 (G4Tubs) ... OK! 
Checking overlaps for volume rf_e_403DsWall:0 (G4Tubs) ... OK! 
Checking overlaps for volume rf_e_403UsWin1:0 (G4Tubs) ... OK! 
Checking overlaps for volume rf_e_403DsWin1:0 (G4Tubs) ... OK! 
Checking overlaps for volume rf_e_403UsWin2:0 (G4Tubs) ... OK! 
Checking overlaps for volume rf_e_403DsWin2:0 (G4Tubs) ... OK! 
Checking overlaps for volume rf_e_403DsHalf:0 (G4Tubs) ... OK! 
Checking overlaps for volume rf_e_403TimingVol:0 (G4Tubs) ... OK! 
BLCMDpillbox::construct rf_e_403 parent= relZ=61080.2 globZ=61080.2
	zmin=60970.1 zmax=61190.2
Checking overlaps for volume rf_e_403:0 (G4Tubs) ... Checking overlaps for volume rf_b_410Pipe:0 (G4Tubs) ... OK! 
Checking overlaps for volume rf_b_410UsWall:0 (G4Tubs) ... OK! 
Checking overlaps for volume rf_b_410DsWall:0 (G4Tubs) ... OK! 
Checking overlaps for volume rf_b_410UsWin1:0 (G4Tubs) ... OK! 
Checking overlaps for volume rf_b_410DsWin1:0 (G4Tubs) ... OK! 
Checking overlaps for volume rf_b_410UsWin2:0 (G4Tubs) ... OK! 
Checking overlaps for volume rf_b_410DsWin2:0 (G4Tubs) ... OK! 
Checking overlaps for volume rf_b_410DsHalf:0 (G4Tubs) ... OK! 
Checking overlaps for volume rf_b_410TimingVol:0 (G4Tubs) ... OK! 
Checking overlaps for volume rf_b_410:0 (G4Tubs) ... OK! 
BLCMDpillbox::construct rf_b_410 parent= relZ=61919.8 globZ=61919.8
	zmin=61809.8 zmax=62029.9
Checking overlaps for volume rf_c_411Pipe:0 (G4Tubs) ... OK! 
Checking overlaps for volume rf_c_411UsWall:0 (G4Tubs) ... OK! 
Checking overlaps for volume rf_c_411DsWall:0 (G4Tubs) ... OK! 
Checking overlaps for volume rf_c_411UsWin1:0 (G4Tubs) ... OK! 
Checking overlaps for volume rf_c_411DsWin1:0 (G4Tubs) ... OK! 
Checking overlaps for volume rf_c_411UsWin2:0 (G4Tubs) ... OK! 
Checking overlaps for volume rf_c_411DsWin2:0 (G4Tubs) ... OK! 
Checking overlaps for volume rf_c_411DsHalf:0 (G4Tubs) ... OK! 
Checking overlaps for volume rf_c_411TimingVol:0 (G4Tubs) ... OK! 
Checking overlaps for volume rf_c_411:0 (G4Tubs) ... OK! 
BLCMDpillbox::construct rf_c_411 parent= relZ=62139.9 globZ=62139.9
	zmin=62029.9 zmax=62250.0
Checking overlaps for volume rf_d_412Pipe:0 (G4Tubs) ... OK! 
Checking overlaps for volume rf_d_412UsWall:0 (G4Tubs) ... OK! 
Checking overlaps for volume rf_d_412DsWall:0 (G4Tubs) ... OK! 
Checking overlaps for volume rf_d_412UsWin1:0 (G4Tubs) ... OK! 
Checking overlaps for volume rf_d_412DsWin1:0 (G4Tubs) ... OK! 
Checking overlaps for volume rf_d_412UsWin2:0 (G4Tubs) ... OK! 
Checking overlaps for volume rf_d_412DsWin2:0 (G4Tubs) ... OK! 
Checking overlaps for volume rf_d_412DsHalf:0 (G4Tubs) ... OK! 
Checking overlaps for volume rf_d_412TimingVol:0 (G4Tubs) ... OK! 
Checking overlaps for volume rf_d_412:0 (G4Tubs) ... OK! 
BLCMDpillbox::construct rf_d_412 parent= relZ=62360.1 globZ=62360.1
	zmin=62250.0 zmax=62470.1
Checking overlaps for volume rf_e_413Pipe:0 (G4Tubs) ... OK! 
Checking overlaps for volume rf_e_413UsWall:0 (G4Tubs) ... OK! 
Checking overlaps for volume rf_e_413DsWall:0 (G4Tubs) ... OK! 
Checking overlaps for volume rf_e_413UsWin1:0 (G4Tubs) ... OK! 
Checking overlaps for volume rf_e_413DsWin1:0 (G4Tubs) ... OK! 
Checking overlaps for volume rf_e_413UsWin2:0 (G4Tubs) ... OK! 
Checking overlaps for volume rf_e_413DsWin2:0 (G4Tubs) ... OK! 
Checking overlaps for volume rf_e_413DsHalf:0 (G4Tubs) ... OK! 
Checking overlaps for volume rf_e_413TimingVol:0 (G4Tubs) ... OK! 
Checking overlaps for volume rf_e_413:0 (G4Tubs) ... OK! 
BLCMDpillbox::construct rf_e_413 parent= relZ=62580.2 globZ=62580.2
	zmin=62470.1 zmax=62690.2
Checking overlaps for volume rf_b_420Pipe:0 (G4Tubs) ... OK! 
Checking overlaps for volume rf_b_420UsWall:0 (G4Tubs) ... OK! 
Checking overlaps for volume rf_b_420DsWall:0 (G4Tubs) ... OK! 
Checking overlaps for volume rf_b_420UsWin1:0 (G4Tubs) ... OK! 
Checking overlaps for volume rf_b_420DsWin1:0 (G4Tubs) ... OK! 
Checking overlaps for volume rf_b_420UsWin2:0 (G4Tubs) ... OK! 
Checking overlaps for volume rf_b_420DsWin2:0 (G4Tubs) ... OK! 
Checking overlaps for volume rf_b_420DsHalf:0 (G4Tubs) ... OK! 
Checking overlaps for volume rf_b_420TimingVol:0 (G4Tubs) ... OK! 
BLCMDpillbox::construct rf_b_420 parent= relZ=63419.8 globZ=63419.8
	zmin=63309.8 zmax=63529.9
Checking overlaps for volume rf_b_420:0 (G4Tubs) ... Checking overlaps for volume rf_c_421Pipe:0 (G4Tubs) ... OK! 
Checking overlaps for volume rf_c_421UsWall:0 (G4Tubs) ... OK! 
Checking overlaps for volume rf_c_421DsWall:0 (G4Tubs) ... OK! 
Checking overlaps for volume rf_c_421UsWin1:0 (G4Tubs) ... OK! 
Checking overlaps for volume rf_c_421DsWin1:0 (G4Tubs) ... OK! 
Checking overlaps for volume rf_c_421UsWin2:0 (G4Tubs) ... OK! 
Checking overlaps for volume rf_c_421DsWin2:0 (G4Tubs) ... OK! 
Checking overlaps for volume rf_c_421DsHalf:0 (G4Tubs) ... OK! 
Checking overlaps for volume rf_c_421TimingVol:0 (G4Tubs) ... OK! 
Checking overlaps for volume rf_c_421:0 (G4Tubs) ... OK! 
BLCMDpillbox::construct rf_c_421 parent= relZ=63639.9 globZ=63639.9
	zmin=63529.9 zmax=63750.0
Checking overlaps for volume rf_d_422Pipe:0 (G4Tubs) ... OK! 
Checking overlaps for volume rf_d_422UsWall:0 (G4Tubs) ... OK! 
Checking overlaps for volume rf_d_422DsWall:0 (G4Tubs) ... OK! 
Checking overlaps for volume rf_d_422UsWin1:0 (G4Tubs) ... OK! 
Checking overlaps for volume rf_d_422DsWin1:0 (G4Tubs) ... OK! 
Checking overlaps for volume rf_d_422UsWin2:0 (G4Tubs) ... OK! 
Checking overlaps for volume rf_d_422DsWin2:0 (G4Tubs) ... OK! 
Checking overlaps for volume rf_d_422DsHalf:0 (G4Tubs) ... OK! 
Checking overlaps for volume rf_d_422TimingVol:0 (G4Tubs) ... OK! 
Checking overlaps for volume rf_d_422:0 (G4Tubs) ... OK! 
BLCMDpillbox::construct rf_d_422 parent= relZ=63860.1 globZ=63860.1
	zmin=63750.0 zmax=63970.1
Checking overlaps for volume rf_e_423Pipe:0 (G4Tubs) ... OK! 
Checking overlaps for volume rf_e_423UsWall:0 (G4Tubs) ... OK! 
Checking overlaps for volume rf_e_423DsWall:0 (G4Tubs) ... OK! 
Checking overlaps for volume rf_e_423UsWin1:0 (G4Tubs) ... OK! 
Checking overlaps for volume rf_e_423DsWin1:0 (G4Tubs) ... OK! 
Checking overlaps for volume rf_e_423UsWin2:0 (G4Tubs) ... OK! 
Checking overlaps for volume rf_e_423DsWin2:0 (G4Tubs) ... OK! 
Checking overlaps for volume rf_e_423DsHalf:0 (G4Tubs) ... OK! 
Checking overlaps for volume rf_e_423TimingVol:0 (G4Tubs) ... OK! 
BLCMDpillbox::construct rf_e_423 parent= relZ=64080.2 globZ=64080.2
	zmin=63970.1 zmax=64190.2
Checking overlaps for volume rf_e_423:0 (G4Tubs) ... Checking overlaps for volume rf_b_430Pipe:0 (G4Tubs) ... OK! 
Checking overlaps for volume rf_b_430UsWall:0 (G4Tubs) ... OK! 
Checking overlaps for volume rf_b_430DsWall:0 (G4Tubs) ... OK! 
Checking overlaps for volume rf_b_430UsWin1:0 (G4Tubs) ... OK! 
Checking overlaps for volume rf_b_430DsWin1:0 (G4Tubs) ... OK! 
Checking overlaps for volume rf_b_430UsWin2:0 (G4Tubs) ... OK! 
Checking overlaps for volume rf_b_430DsWin2:0 (G4Tubs) ... OK! 
Checking overlaps for volume rf_b_430DsHalf:0 (G4Tubs) ... OK! 
Checking overlaps for volume rf_b_430TimingVol:0 (G4Tubs) ... OK! 
**************************************************************************
*** G4Exception: GeomVol1002
***    severity: Warning
***   issued by: G4PVPlacement::CheckOverlaps()
*** description: Overlap with volume already placed !
          Overlap is detected for volume rf_b_430:0 (G4Tubs) with pipe:0 (G4Tubs)
          overlap at local point (-113.817,-51.9969,99.875) by 131.705 um  (max of 3 cases)
NOTE: Reached maximum fixed number -1- of overlaps reports for this volume !
***    printing: every 10-th occurrence
**************************************************************************
BLCMDpillbox::construct rf_b_430 parent= relZ=64919.8 globZ=64919.8
	zmin=64809.8 zmax=65029.9
Checking overlaps for volume rf_b_430:0 (G4Tubs) ... Checking overlaps for volume rf_c_431Pipe:0 (G4Tubs) ... OK! 
Checking overlaps for volume rf_c_431UsWall:0 (G4Tubs) ... OK! 
Checking overlaps for volume rf_c_431DsWall:0 (G4Tubs) ... OK! 
Checking overlaps for volume rf_c_431UsWin1:0 (G4Tubs) ... OK! 
Checking overlaps for volume rf_c_431DsWin1:0 (G4Tubs) ... OK! 
Checking overlaps for volume rf_c_431UsWin2:0 (G4Tubs) ... OK! 
Checking overlaps for volume rf_c_431DsWin2:0 (G4Tubs) ... OK! 
Checking overlaps for volume rf_c_431DsHalf:0 (G4Tubs) ... OK! 
Checking overlaps for volume rf_c_431TimingVol:0 (G4Tubs) ... OK! 
Checking overlaps for volume rf_c_431:0 (G4Tubs) ... OK! 
BLCMDpillbox::construct rf_c_431 parent= relZ=65139.9 globZ=65139.9
	zmin=65029.9 zmax=65250.0
Checking overlaps for volume rf_d_432Pipe:0 (G4Tubs) ... OK! 
Checking overlaps for volume rf_d_432UsWall:0 (G4Tubs) ... OK! 
Checking overlaps for volume rf_d_432DsWall:0 (G4Tubs) ... OK! 
Checking overlaps for volume rf_d_432UsWin1:0 (G4Tubs) ... OK! 
Checking overlaps for volume rf_d_432DsWin1:0 (G4Tubs) ... OK! 
Checking overlaps for volume rf_d_432UsWin2:0 (G4Tubs) ... OK! 
Checking overlaps for volume rf_d_432DsWin2:0 (G4Tubs) ... OK! 
Checking overlaps for volume rf_d_432DsHalf:0 (G4Tubs) ... OK! 
Checking overlaps for volume rf_d_432TimingVol:0 (G4Tubs) ... OK! 
Checking overlaps for volume rf_d_432:0 (G4Tubs) ... OK! 
BLCMDpillbox::construct rf_d_432 parent= relZ=65360.1 globZ=65360.1
	zmin=65250.0 zmax=65470.1
Checking overlaps for volume rf_e_433Pipe:0 (G4Tubs) ... OK! 
Checking overlaps for volume rf_e_433UsWall:0 (G4Tubs) ... OK! 
Checking overlaps for volume rf_e_433DsWall:0 (G4Tubs) ... OK! 
Checking overlaps for volume rf_e_433UsWin1:0 (G4Tubs) ... OK! 
Checking overlaps for volume rf_e_433DsWin1:0 (G4Tubs) ... OK! 
Checking overlaps for volume rf_e_433UsWin2:0 (G4Tubs) ... OK! 
Checking overlaps for volume rf_e_433DsWin2:0 (G4Tubs) ... OK! 
Checking overlaps for volume rf_e_433DsHalf:0 (G4Tubs) ... OK! 
Checking overlaps for volume rf_e_433TimingVol:0 (G4Tubs) ... OK! 
BLCMDpillbox::construct rf_e_433 parent= relZ=65580.1 globZ=65580.1
	zmin=65470.1 zmax=65690.2
Checking overlaps for volume rf_e_433:0 (G4Tubs) ... Checking overlaps for volume rf_b_440Pipe:0 (G4Tubs) ... OK! 
Checking overlaps for volume rf_b_440UsWall:0 (G4Tubs) ... OK! 
Checking overlaps for volume rf_b_440DsWall:0 (G4Tubs) ... OK! 
Checking overlaps for volume rf_b_440UsWin1:0 (G4Tubs) ... OK! 
Checking overlaps for volume rf_b_440DsWin1:0 (G4Tubs) ... OK! 
Checking overlaps for volume rf_b_440UsWin2:0 (G4Tubs) ... OK! 
Checking overlaps for volume rf_b_440DsWin2:0 (G4Tubs) ... OK! 
Checking overlaps for volume rf_b_440DsHalf:0 (G4Tubs) ... OK! 
Checking overlaps for volume rf_b_440TimingVol:0 (G4Tubs) ... OK! 
Checking overlaps for volume rf_b_440:0 (G4Tubs) ... OK! 
BLCMDpillbox::construct rf_b_440 parent= relZ=66419.9 globZ=66419.9
	zmin=66309.8 zmax=66529.9
Checking overlaps for volume rf_c_441Pipe:0 (G4Tubs) ... OK! 
Checking overlaps for volume rf_c_441UsWall:0 (G4Tubs) ... OK! 
Checking overlaps for volume rf_c_441DsWall:0 (G4Tubs) ... OK! 
Checking overlaps for volume rf_c_441UsWin1:0 (G4Tubs) ... OK! 
Checking overlaps for volume rf_c_441DsWin1:0 (G4Tubs) ... OK! 
Checking overlaps for volume rf_c_441UsWin2:0 (G4Tubs) ... OK! 
Checking overlaps for volume rf_c_441DsWin2:0 (G4Tubs) ... OK! 
Checking overlaps for volume rf_c_441DsHalf:0 (G4Tubs) ... OK! 
Checking overlaps for volume rf_c_441TimingVol:0 (G4Tubs) ... OK! 
Checking overlaps for volume rf_c_441:0 (G4Tubs) ... OK! 
BLCMDpillbox::construct rf_c_441 parent= relZ=66639.9 globZ=66639.9
	zmin=66529.9 zmax=66750.0
Checking overlaps for volume rf_d_442Pipe:0 (G4Tubs) ... OK! 
Checking overlaps for volume rf_d_442UsWall:0 (G4Tubs) ... OK! 
Checking overlaps for volume rf_d_442DsWall:0 (G4Tubs) ... OK! 
Checking overlaps for volume rf_d_442UsWin1:0 (G4Tubs) ... OK! 
Checking overlaps for volume rf_d_442DsWin1:0 (G4Tubs) ... OK! 
Checking overlaps for volume rf_d_442UsWin2:0 (G4Tubs) ... OK! 
Checking overlaps for volume rf_d_442DsWin2:0 (G4Tubs) ... OK! 
Checking overlaps for volume rf_d_442DsHalf:0 (G4Tubs) ... OK! 
Checking overlaps for volume rf_d_442TimingVol:0 (G4Tubs) ... OK! 
Checking overlaps for volume rf_d_442:0 (G4Tubs) ... OK! 
BLCMDpillbox::construct rf_d_442 parent= relZ=66860.1 globZ=66860.1
	zmin=66750.0 zmax=66970.1
Checking overlaps for volume rf_e_443Pipe:0 (G4Tubs) ... OK! 
Checking overlaps for volume rf_e_443UsWall:0 (G4Tubs) ... OK! 
Checking overlaps for volume rf_e_443DsWall:0 (G4Tubs) ... OK! 
Checking overlaps for volume rf_e_443UsWin1:0 (G4Tubs) ... OK! 
Checking overlaps for volume rf_e_443DsWin1:0 (G4Tubs) ... OK! 
Checking overlaps for volume rf_e_443UsWin2:0 (G4Tubs) ... OK! 
Checking overlaps for volume rf_e_443DsWin2:0 (G4Tubs) ... OK! 
Checking overlaps for volume rf_e_443DsHalf:0 (G4Tubs) ... OK! 
Checking overlaps for volume rf_e_443TimingVol:0 (G4Tubs) ... OK! 
BLCMDpillbox::construct rf_e_443 parent= relZ=67080.1 globZ=67080.1
	zmin=66970.1 zmax=67190.2
Checking overlaps for volume rf_e_443:0 (G4Tubs) ... Checking overlaps for volume rf_b_450Pipe:0 (G4Tubs) ... OK! 
Checking overlaps for volume rf_b_450UsWall:0 (G4Tubs) ... OK! 
Checking overlaps for volume rf_b_450DsWall:0 (G4Tubs) ... OK! 
Checking overlaps for volume rf_b_450UsWin1:0 (G4Tubs) ... OK! 
Checking overlaps for volume rf_b_450DsWin1:0 (G4Tubs) ... OK! 
Checking overlaps for volume rf_b_450UsWin2:0 (G4Tubs) ... OK! 
Checking overlaps for volume rf_b_450DsWin2:0 (G4Tubs) ... OK! 
Checking overlaps for volume rf_b_450DsHalf:0 (G4Tubs) ... OK! 
Checking overlaps for volume rf_b_450TimingVol:0 (G4Tubs) ... OK! 
Checking overlaps for volume rf_b_450:0 (G4Tubs) ... OK! 
BLCMDpillbox::construct rf_b_450 parent= relZ=67919.9 globZ=67919.9
	zmin=67809.8 zmax=68029.9
Checking overlaps for volume rf_c_451Pipe:0 (G4Tubs) ... OK! 
Checking overlaps for volume rf_c_451UsWall:0 (G4Tubs) ... OK! 
Checking overlaps for volume rf_c_451DsWall:0 (G4Tubs) ... OK! 
Checking overlaps for volume rf_c_451UsWin1:0 (G4Tubs) ... OK! 
Checking overlaps for volume rf_c_451DsWin1:0 (G4Tubs) ... OK! 
Checking overlaps for volume rf_c_451UsWin2:0 (G4Tubs) ... OK! 
Checking overlaps for volume rf_c_451DsWin2:0 (G4Tubs) ... OK! 
Checking overlaps for volume rf_c_451DsHalf:0 (G4Tubs) ... OK! 
Checking overlaps for volume rf_c_451TimingVol:0 (G4Tubs) ... OK! 
Checking overlaps for volume rf_c_451:0 (G4Tubs) ... OK! 
BLCMDpillbox::construct rf_c_451 parent= relZ=68139.9 globZ=68139.9
	zmin=68029.9 zmax=68250.0
Checking overlaps for volume rf_d_452Pipe:0 (G4Tubs) ... OK! 
Checking overlaps for volume rf_d_452UsWall:0 (G4Tubs) ... OK! 
Checking overlaps for volume rf_d_452DsWall:0 (G4Tubs) ... OK! 
Checking overlaps for volume rf_d_452UsWin1:0 (G4Tubs) ... OK! 
Checking overlaps for volume rf_d_452DsWin1:0 (G4Tubs) ... OK! 
Checking overlaps for volume rf_d_452UsWin2:0 (G4Tubs) ... OK! 
Checking overlaps for volume rf_d_452DsWin2:0 (G4Tubs) ... OK! 
Checking overlaps for volume rf_d_452DsHalf:0 (G4Tubs) ... OK! 
Checking overlaps for volume rf_d_452TimingVol:0 (G4Tubs) ... OK! 
Checking overlaps for volume rf_d_452:0 (G4Tubs) ... OK! 
BLCMDpillbox::construct rf_d_452 parent= relZ=68360.1 globZ=68360.1
	zmin=68250.0 zmax=68470.1
Checking overlaps for volume rf_e_453Pipe:0 (G4Tubs) ... OK! 
Checking overlaps for volume rf_e_453UsWall:0 (G4Tubs) ... OK! 
Checking overlaps for volume rf_e_453DsWall:0 (G4Tubs) ... OK! 
Checking overlaps for volume rf_e_453UsWin1:0 (G4Tubs) ... OK! 
Checking overlaps for volume rf_e_453DsWin1:0 (G4Tubs) ... OK! 
Checking overlaps for volume rf_e_453UsWin2:0 (G4Tubs) ... OK! 
Checking overlaps for volume rf_e_453DsWin2:0 (G4Tubs) ... OK! 
Checking overlaps for volume rf_e_453DsHalf:0 (G4Tubs) ... OK! 
Checking overlaps for volume rf_e_453TimingVol:0 (G4Tubs) ... OK! 
Checking overlaps for volume rf_e_453:0 (G4Tubs) ... OK! 
BLCMDpillbox::construct rf_e_453 parent= relZ=68580.1 globZ=68580.1
	zmin=68470.1 zmax=68690.2
Checking overlaps for volume rf_b_460Pipe:0 (G4Tubs) ... OK! 
Checking overlaps for volume rf_b_460UsWall:0 (G4Tubs) ... OK! 
Checking overlaps for volume rf_b_460DsWall:0 (G4Tubs) ... OK! 
Checking overlaps for volume rf_b_460UsWin1:0 (G4Tubs) ... OK! 
Checking overlaps for volume rf_b_460DsWin1:0 (G4Tubs) ... OK! 
Checking overlaps for volume rf_b_460UsWin2:0 (G4Tubs) ... OK! 
Checking overlaps for volume rf_b_460DsWin2:0 (G4Tubs) ... OK! 
Checking overlaps for volume rf_b_460DsHalf:0 (G4Tubs) ... OK! 
Checking overlaps for volume rf_b_460TimingVol:0 (G4Tubs) ... OK! 
BLCMDpillbox::construct rf_b_460 parent= relZ=69419.9 globZ=69419.9
	zmin=69309.8 zmax=69529.9
Checking overlaps for volume rf_b_460:0 (G4Tubs) ... Checking overlaps for volume rf_c_461Pipe:0 (G4Tubs) ... OK! 
Checking overlaps for volume rf_c_461UsWall:0 (G4Tubs) ... OK! 
Checking overlaps for volume rf_c_461DsWall:0 (G4Tubs) ... OK! 
Checking overlaps for volume rf_c_461UsWin1:0 (G4Tubs) ... OK! 
Checking overlaps for volume rf_c_461DsWin1:0 (G4Tubs) ... OK! 
Checking overlaps for volume rf_c_461UsWin2:0 (G4Tubs) ... OK! 
Checking overlaps for volume rf_c_461DsWin2:0 (G4Tubs) ... OK! 
Checking overlaps for volume rf_c_461DsHalf:0 (G4Tubs) ... OK! 
Checking overlaps for volume rf_c_461TimingVol:0 (G4Tubs) ... OK! 
Checking overlaps for volume rf_c_461:0 (G4Tubs) ... OK! 
BLCMDpillbox::construct rf_c_461 parent= relZ=69639.9 globZ=69639.9
	zmin=69529.9 zmax=69750.0
Checking overlaps for volume rf_d_462Pipe:0 (G4Tubs) ... OK! 
Checking overlaps for volume rf_d_462UsWall:0 (G4Tubs) ... OK! 
Checking overlaps for volume rf_d_462DsWall:0 (G4Tubs) ... OK! 
Checking overlaps for volume rf_d_462UsWin1:0 (G4Tubs) ... OK! 
Checking overlaps for volume rf_d_462DsWin1:0 (G4Tubs) ... OK! 
Checking overlaps for volume rf_d_462UsWin2:0 (G4Tubs) ... OK! 
Checking overlaps for volume rf_d_462DsWin2:0 (G4Tubs) ... OK! 
Checking overlaps for volume rf_d_462DsHalf:0 (G4Tubs) ... OK! 
Checking overlaps for volume rf_d_462TimingVol:0 (G4Tubs) ... OK! 
Checking overlaps for volume rf_d_462:0 (G4Tubs) ... OK! 
BLCMDpillbox::construct rf_d_462 parent= relZ=69860.1 globZ=69860.1
	zmin=69750.0 zmax=69970.1
Checking overlaps for volume rf_e_463Pipe:0 (G4Tubs) ... OK! 
Checking overlaps for volume rf_e_463UsWall:0 (G4Tubs) ... OK! 
Checking overlaps for volume rf_e_463DsWall:0 (G4Tubs) ... OK! 
Checking overlaps for volume rf_e_463UsWin1:0 (G4Tubs) ... OK! 
Checking overlaps for volume rf_e_463DsWin1:0 (G4Tubs) ... OK! 
Checking overlaps for volume rf_e_463UsWin2:0 (G4Tubs) ... OK! 
Checking overlaps for volume rf_e_463DsWin2:0 (G4Tubs) ... OK! 
Checking overlaps for volume rf_e_463DsHalf:0 (G4Tubs) ... OK! 
Checking overlaps for volume rf_e_463TimingVol:0 (G4Tubs) ... OK! 
Checking overlaps for volume rf_e_463:0 (G4Tubs) ... OK! 
BLCMDpillbox::construct rf_e_463 parent= relZ=70080.1 globZ=70080.1
	zmin=69970.1 zmax=70190.2
Checking overlaps for volume rf_b_470Pipe:0 (G4Tubs) ... OK! 
Checking overlaps for volume rf_b_470UsWall:0 (G4Tubs) ... OK! 
Checking overlaps for volume rf_b_470DsWall:0 (G4Tubs) ... OK! 
Checking overlaps for volume rf_b_470UsWin1:0 (G4Tubs) ... OK! 
Checking overlaps for volume rf_b_470DsWin1:0 (G4Tubs) ... OK! 
Checking overlaps for volume rf_b_470UsWin2:0 (G4Tubs) ... OK! 
Checking overlaps for volume rf_b_470DsWin2:0 (G4Tubs) ... OK! 
Checking overlaps for volume rf_b_470DsHalf:0 (G4Tubs) ... OK! 
Checking overlaps for volume rf_b_470TimingVol:0 (G4Tubs) ... OK! 
BLCMDpillbox::construct rf_b_470 parent= relZ=70919.9 globZ=70919.9
	zmin=70809.8 zmax=71029.9
Checking overlaps for volume rf_b_470:0 (G4Tubs) ... Checking overlaps for volume rf_c_471Pipe:0 (G4Tubs) ... OK! 
Checking overlaps for volume rf_c_471UsWall:0 (G4Tubs) ... OK! 
Checking overlaps for volume rf_c_471DsWall:0 (G4Tubs) ... OK! 
Checking overlaps for volume rf_c_471UsWin1:0 (G4Tubs) ... OK! 
Checking overlaps for volume rf_c_471DsWin1:0 (G4Tubs) ... OK! 
Checking overlaps for volume rf_c_471UsWin2:0 (G4Tubs) ... OK! 
Checking overlaps for volume rf_c_471DsWin2:0 (G4Tubs) ... OK! 
Checking overlaps for volume rf_c_471DsHalf:0 (G4Tubs) ... OK! 
Checking overlaps for volume rf_c_471TimingVol:0 (G4Tubs) ... OK! 
Checking overlaps for volume rf_c_471:0 (G4Tubs) ... OK! 
BLCMDpillbox::construct rf_c_471 parent= relZ=71139.9 globZ=71139.9
	zmin=71029.9 zmax=71250.0
Checking overlaps for volume rf_d_472Pipe:0 (G4Tubs) ... OK! 
Checking overlaps for volume rf_d_472UsWall:0 (G4Tubs) ... OK! 
Checking overlaps for volume rf_d_472DsWall:0 (G4Tubs) ... OK! 
Checking overlaps for volume rf_d_472UsWin1:0 (G4Tubs) ... OK! 
Checking overlaps for volume rf_d_472DsWin1:0 (G4Tubs) ... OK! 
Checking overlaps for volume rf_d_472UsWin2:0 (G4Tubs) ... OK! 
Checking overlaps for volume rf_d_472DsWin2:0 (G4Tubs) ... OK! 
Checking overlaps for volume rf_d_472DsHalf:0 (G4Tubs) ... OK! 
Checking overlaps for volume rf_d_472TimingVol:0 (G4Tubs) ... OK! 
Checking overlaps for volume rf_d_472:0 (G4Tubs) ... OK! 
BLCMDpillbox::construct rf_d_472 parent= relZ=71360.1 globZ=71360.1
	zmin=71250.0 zmax=71470.1
Checking overlaps for volume rf_e_473Pipe:0 (G4Tubs) ... OK! 
Checking overlaps for volume rf_e_473UsWall:0 (G4Tubs) ... OK! 
Checking overlaps for volume rf_e_473DsWall:0 (G4Tubs) ... OK! 
Checking overlaps for volume rf_e_473UsWin1:0 (G4Tubs) ... OK! 
Checking overlaps for volume rf_e_473DsWin1:0 (G4Tubs) ... OK! 
Checking overlaps for volume rf_e_473UsWin2:0 (G4Tubs) ... OK! 
Checking overlaps for volume rf_e_473DsWin2:0 (G4Tubs) ... OK! 
Checking overlaps for volume rf_e_473DsHalf:0 (G4Tubs) ... OK! 
Checking overlaps for volume rf_e_473TimingVol:0 (G4Tubs) ... OK! 
BLCMDpillbox::construct rf_e_473 parent= relZ=71580.1 globZ=71580.1
	zmin=71470.1 zmax=71690.2
Checking overlaps for volume rf_e_473:0 (G4Tubs) ... Checking overlaps for volume rf_b_480Pipe:0 (G4Tubs) ... OK! 
Checking overlaps for volume rf_b_480UsWall:0 (G4Tubs) ... OK! 
Checking overlaps for volume rf_b_480DsWall:0 (G4Tubs) ... OK! 
Checking overlaps for volume rf_b_480UsWin1:0 (G4Tubs) ... OK! 
Checking overlaps for volume rf_b_480DsWin1:0 (G4Tubs) ... OK! 
Checking overlaps for volume rf_b_480UsWin2:0 (G4Tubs) ... OK! 
Checking overlaps for volume rf_b_480DsWin2:0 (G4Tubs) ... OK! 
Checking overlaps for volume rf_b_480DsHalf:0 (G4Tubs) ... OK! 
Checking overlaps for volume rf_b_480TimingVol:0 (G4Tubs) ... OK! 
Checking overlaps for volume rf_b_480:0 (G4Tubs) ... OK! 
BLCMDpillbox::construct rf_b_480 parent= relZ=72419.9 globZ=72419.9
	zmin=72309.8 zmax=72529.9
Checking overlaps for volume rf_c_481Pipe:0 (G4Tubs) ... OK! 
Checking overlaps for volume rf_c_481UsWall:0 (G4Tubs) ... OK! 
Checking overlaps for volume rf_c_481DsWall:0 (G4Tubs) ... OK! 
Checking overlaps for volume rf_c_481UsWin1:0 (G4Tubs) ... OK! 
Checking overlaps for volume rf_c_481DsWin1:0 (G4Tubs) ... OK! 
Checking overlaps for volume rf_c_481UsWin2:0 (G4Tubs) ... OK! 
Checking overlaps for volume rf_c_481DsWin2:0 (G4Tubs) ... OK! 
Checking overlaps for volume rf_c_481DsHalf:0 (G4Tubs) ... OK! 
Checking overlaps for volume rf_c_481TimingVol:0 (G4Tubs) ... OK! 
Checking overlaps for volume rf_c_481:0 (G4Tubs) ... OK! 
BLCMDpillbox::construct rf_c_481 parent= relZ=72639.9 globZ=72639.9
	zmin=72529.9 zmax=72750.0
Checking overlaps for volume rf_d_482Pipe:0 (G4Tubs) ... OK! 
Checking overlaps for volume rf_d_482UsWall:0 (G4Tubs) ... OK! 
Checking overlaps for volume rf_d_482DsWall:0 (G4Tubs) ... OK! 
Checking overlaps for volume rf_d_482UsWin1:0 (G4Tubs) ... OK! 
Checking overlaps for volume rf_d_482DsWin1:0 (G4Tubs) ... OK! 
Checking overlaps for volume rf_d_482UsWin2:0 (G4Tubs) ... OK! 
Checking overlaps for volume rf_d_482DsWin2:0 (G4Tubs) ... OK! 
Checking overlaps for volume rf_d_482DsHalf:0 (G4Tubs) ... OK! 
Checking overlaps for volume rf_d_482TimingVol:0 (G4Tubs) ... OK! 
Checking overlaps for volume rf_d_482:0 (G4Tubs) ... OK! 
BLCMDpillbox::construct rf_d_482 parent= relZ=72860.1 globZ=72860.1
	zmin=72750.0 zmax=72970.1
Checking overlaps for volume rf_e_483Pipe:0 (G4Tubs) ... OK! 
Checking overlaps for volume rf_e_483UsWall:0 (G4Tubs) ... OK! 
Checking overlaps for volume rf_e_483DsWall:0 (G4Tubs) ... OK! 
Checking overlaps for volume rf_e_483UsWin1:0 (G4Tubs) ... OK! 
Checking overlaps for volume rf_e_483DsWin1:0 (G4Tubs) ... OK! 
Checking overlaps for volume rf_e_483UsWin2:0 (G4Tubs) ... OK! 
Checking overlaps for volume rf_e_483DsWin2:0 (G4Tubs) ... OK! 
Checking overlaps for volume rf_e_483DsHalf:0 (G4Tubs) ... OK! 
Checking overlaps for volume rf_e_483TimingVol:0 (G4Tubs) ... OK! 
BLCMDpillbox::construct rf_e_483 parent= relZ=73080.1 globZ=73080.1
	zmin=72970.1 zmax=73190.2
Checking overlaps for volume rf_e_483:0 (G4Tubs) ... Checking overlaps for volume rf_b_490Pipe:0 (G4Tubs) ... OK! 
Checking overlaps for volume rf_b_490UsWall:0 (G4Tubs) ... OK! 
Checking overlaps for volume rf_b_490DsWall:0 (G4Tubs) ... OK! 
Checking overlaps for volume rf_b_490UsWin1:0 (G4Tubs) ... OK! 
Checking overlaps for volume rf_b_490DsWin1:0 (G4Tubs) ... OK! 
Checking overlaps for volume rf_b_490UsWin2:0 (G4Tubs) ... OK! 
Checking overlaps for volume rf_b_490DsWin2:0 (G4Tubs) ... OK! 
Checking overlaps for volume rf_b_490DsHalf:0 (G4Tubs) ... OK! 
Checking overlaps for volume rf_b_490TimingVol:0 (G4Tubs) ... OK! 
BLCMDpillbox::construct rf_b_490 parent= relZ=73919.9 globZ=73919.9
	zmin=73809.8 zmax=74029.9
Checking overlaps for volume rf_b_490:0 (G4Tubs) ... Checking overlaps for volume rf_c_491Pipe:0 (G4Tubs) ... OK! 
Checking overlaps for volume rf_c_491UsWall:0 (G4Tubs) ... OK! 
Checking overlaps for volume rf_c_491DsWall:0 (G4Tubs) ... OK! 
Checking overlaps for volume rf_c_491UsWin1:0 (G4Tubs) ... OK! 
Checking overlaps for volume rf_c_491DsWin1:0 (G4Tubs) ... OK! 
Checking overlaps for volume rf_c_491UsWin2:0 (G4Tubs) ... OK! 
Checking overlaps for volume rf_c_491DsWin2:0 (G4Tubs) ... OK! 
Checking overlaps for volume rf_c_491DsHalf:0 (G4Tubs) ... OK! 
Checking overlaps for volume rf_c_491TimingVol:0 (G4Tubs) ... OK! 
Checking overlaps for volume rf_c_491:0 (G4Tubs) ... OK! 
BLCMDpillbox::construct rf_c_491 parent= relZ=74139.9 globZ=74139.9
	zmin=74029.9 zmax=74250.0
Checking overlaps for volume rf_d_492Pipe:0 (G4Tubs) ... OK! 
Checking overlaps for volume rf_d_492UsWall:0 (G4Tubs) ... OK! 
Checking overlaps for volume rf_d_492DsWall:0 (G4Tubs) ... OK! 
Checking overlaps for volume rf_d_492UsWin1:0 (G4Tubs) ... OK! 
Checking overlaps for volume rf_d_492DsWin1:0 (G4Tubs) ... OK! 
Checking overlaps for volume rf_d_492UsWin2:0 (G4Tubs) ... OK! 
Checking overlaps for volume rf_d_492DsWin2:0 (G4Tubs) ... OK! 
Checking overlaps for volume rf_d_492DsHalf:0 (G4Tubs) ... OK! 
Checking overlaps for volume rf_d_492TimingVol:0 (G4Tubs) ... OK! 
Checking overlaps for volume rf_d_492:0 (G4Tubs) ... OK! 
BLCMDpillbox::construct rf_d_492 parent= relZ=74360.1 globZ=74360.1
	zmin=74250.0 zmax=74470.1
Checking overlaps for volume rf_e_493Pipe:0 (G4Tubs) ... OK! 
Checking overlaps for volume rf_e_493UsWall:0 (G4Tubs) ... OK! 
Checking overlaps for volume rf_e_493DsWall:0 (G4Tubs) ... OK! 
Checking overlaps for volume rf_e_493UsWin1:0 (G4Tubs) ... OK! 
Checking overlaps for volume rf_e_493DsWin1:0 (G4Tubs) ... OK! 
Checking overlaps for volume rf_e_493UsWin2:0 (G4Tubs) ... OK! 
Checking overlaps for volume rf_e_493DsWin2:0 (G4Tubs) ... OK! 
Checking overlaps for volume rf_e_493DsHalf:0 (G4Tubs) ... OK! 
Checking overlaps for volume rf_e_493TimingVol:0 (G4Tubs) ... OK! 
Checking overlaps for volume rf_e_493:0 (G4Tubs) ... OK! 
BLCMDpillbox::construct rf_e_493 parent= relZ=74580.1 globZ=74580.1
	zmin=74470.1 zmax=74690.2
Checking overlaps for volume rf_b_500Pipe:0 (G4Tubs) ... OK! 
Checking overlaps for volume rf_b_500UsWall:0 (G4Tubs) ... OK! 
Checking overlaps for volume rf_b_500DsWall:0 (G4Tubs) ... OK! 
Checking overlaps for volume rf_b_500UsWin1:0 (G4Tubs) ... OK! 
Checking overlaps for volume rf_b_500DsWin1:0 (G4Tubs) ... OK! 
Checking overlaps for volume rf_b_500UsWin2:0 (G4Tubs) ... OK! 
Checking overlaps for volume rf_b_500DsWin2:0 (G4Tubs) ... OK! 
Checking overlaps for volume rf_b_500DsHalf:0 (G4Tubs) ... OK! 
Checking overlaps for volume rf_b_500TimingVol:0 (G4Tubs) ... OK! 
Checking overlaps for volume rf_b_500:0 (G4Tubs) ... OK! 
BLCMDpillbox::construct rf_b_500 parent= relZ=75419.9 globZ=75419.9
	zmin=75309.8 zmax=75529.9
Checking overlaps for volume rf_c_501Pipe:0 (G4Tubs) ... OK! 
Checking overlaps for volume rf_c_501UsWall:0 (G4Tubs) ... OK! 
Checking overlaps for volume rf_c_501DsWall:0 (G4Tubs) ... OK! 
Checking overlaps for volume rf_c_501UsWin1:0 (G4Tubs) ... OK! 
Checking overlaps for volume rf_c_501DsWin1:0 (G4Tubs) ... OK! 
Checking overlaps for volume rf_c_501UsWin2:0 (G4Tubs) ... OK! 
Checking overlaps for volume rf_c_501DsWin2:0 (G4Tubs) ... OK! 
Checking overlaps for volume rf_c_501DsHalf:0 (G4Tubs) ... OK! 
Checking overlaps for volume rf_c_501TimingVol:0 (G4Tubs) ... OK! 
Checking overlaps for volume rf_c_501:0 (G4Tubs) ... OK! 
BLCMDpillbox::construct rf_c_501 parent= relZ=75639.9 globZ=75639.9
	zmin=75529.9 zmax=75750.0
Checking overlaps for volume rf_d_502Pipe:0 (G4Tubs) ... OK! 
Checking overlaps for volume rf_d_502UsWall:0 (G4Tubs) ... OK! 
Checking overlaps for volume rf_d_502DsWall:0 (G4Tubs) ... OK! 
Checking overlaps for volume rf_d_502UsWin1:0 (G4Tubs) ... OK! 
Checking overlaps for volume rf_d_502DsWin1:0 (G4Tubs) ... OK! 
Checking overlaps for volume rf_d_502UsWin2:0 (G4Tubs) ... OK! 
Checking overlaps for volume rf_d_502DsWin2:0 (G4Tubs) ... OK! 
Checking overlaps for volume rf_d_502DsHalf:0 (G4Tubs) ... OK! 
Checking overlaps for volume rf_d_502TimingVol:0 (G4Tubs) ... OK! 
Checking overlaps for volume rf_d_502:0 (G4Tubs) ... OK! 
BLCMDpillbox::construct rf_d_502 parent= relZ=75860.1 globZ=75860.1
	zmin=75750.0 zmax=75970.1
Checking overlaps for volume rf_e_503Pipe:0 (G4Tubs) ... OK! 
Checking overlaps for volume rf_e_503UsWall:0 (G4Tubs) ... OK! 
Checking overlaps for volume rf_e_503DsWall:0 (G4Tubs) ... OK! 
Checking overlaps for volume rf_e_503UsWin1:0 (G4Tubs) ... OK! 
Checking overlaps for volume rf_e_503DsWin1:0 (G4Tubs) ... OK! 
Checking overlaps for volume rf_e_503UsWin2:0 (G4Tubs) ... OK! 
Checking overlaps for volume rf_e_503DsWin2:0 (G4Tubs) ... OK! 
Checking overlaps for volume rf_e_503DsHalf:0 (G4Tubs) ... OK! 
Checking overlaps for volume rf_e_503TimingVol:0 (G4Tubs) ... OK! 
Checking overlaps for volume rf_e_503:0 (G4Tubs) ... OK! 
BLCMDpillbox::construct rf_e_503 parent= relZ=76080.1 globZ=76080.1
	zmin=75970.1 zmax=76190.2
Checking overlaps for volume rf_b_510Pipe:0 (G4Tubs) ... OK! 
Checking overlaps for volume rf_b_510UsWall:0 (G4Tubs) ... OK! 
Checking overlaps for volume rf_b_510DsWall:0 (G4Tubs) ... OK! 
Checking overlaps for volume rf_b_510UsWin1:0 (G4Tubs) ... OK! 
Checking overlaps for volume rf_b_510DsWin1:0 (G4Tubs) ... OK! 
Checking overlaps for volume rf_b_510UsWin2:0 (G4Tubs) ... OK! 
Checking overlaps for volume rf_b_510DsWin2:0 (G4Tubs) ... OK! 
Checking overlaps for volume rf_b_510DsHalf:0 (G4Tubs) ... OK! 
Checking overlaps for volume rf_b_510TimingVol:0 (G4Tubs) ... OK! 
BLCMDpillbox::construct rf_b_510 parent= relZ=76919.9 globZ=76919.9
	zmin=76809.8 zmax=77029.9
Checking overlaps for volume rf_b_510:0 (G4Tubs) ... Checking overlaps for volume rf_c_511Pipe:0 (G4Tubs) ... OK! 
Checking overlaps for volume rf_c_511UsWall:0 (G4Tubs) ... OK! 
Checking overlaps for volume rf_c_511DsWall:0 (G4Tubs) ... OK! 
Checking overlaps for volume rf_c_511UsWin1:0 (G4Tubs) ... OK! 
Checking overlaps for volume rf_c_511DsWin1:0 (G4Tubs) ... OK! 
Checking overlaps for volume rf_c_511UsWin2:0 (G4Tubs) ... OK! 
Checking overlaps for volume rf_c_511DsWin2:0 (G4Tubs) ... OK! 
Checking overlaps for volume rf_c_511DsHalf:0 (G4Tubs) ... OK! 
Checking overlaps for volume rf_c_511TimingVol:0 (G4Tubs) ... OK! 
Checking overlaps for volume rf_c_511:0 (G4Tubs) ... OK! 
BLCMDpillbox::construct rf_c_511 parent= relZ=77139.9 globZ=77139.9
	zmin=77029.9 zmax=77250.0
Checking overlaps for volume rf_d_512Pipe:0 (G4Tubs) ... OK! 
Checking overlaps for volume rf_d_512UsWall:0 (G4Tubs) ... OK! 
Checking overlaps for volume rf_d_512DsWall:0 (G4Tubs) ... OK! 
Checking overlaps for volume rf_d_512UsWin1:0 (G4Tubs) ... OK! 
Checking overlaps for volume rf_d_512DsWin1:0 (G4Tubs) ... OK! 
Checking overlaps for volume rf_d_512UsWin2:0 (G4Tubs) ... OK! 
Checking overlaps for volume rf_d_512DsWin2:0 (G4Tubs) ... OK! 
Checking overlaps for volume rf_d_512DsHalf:0 (G4Tubs) ... OK! 
Checking overlaps for volume rf_d_512TimingVol:0 (G4Tubs) ... OK! 
Checking overlaps for volume rf_d_512:0 (G4Tubs) ... OK! 
BLCMDpillbox::construct rf_d_512 parent= relZ=77360.1 globZ=77360.1
	zmin=77250.0 zmax=77470.1
Checking overlaps for volume rf_e_513Pipe:0 (G4Tubs) ... OK! 
Checking overlaps for volume rf_e_513UsWall:0 (G4Tubs) ... OK! 
Checking overlaps for volume rf_e_513DsWall:0 (G4Tubs) ... OK! 
Checking overlaps for volume rf_e_513UsWin1:0 (G4Tubs) ... OK! 
Checking overlaps for volume rf_e_513DsWin1:0 (G4Tubs) ... OK! 
Checking overlaps for volume rf_e_513UsWin2:0 (G4Tubs) ... OK! 
Checking overlaps for volume rf_e_513DsWin2:0 (G4Tubs) ... OK! 
Checking overlaps for volume rf_e_513DsHalf:0 (G4Tubs) ... OK! 
Checking overlaps for volume rf_e_513TimingVol:0 (G4Tubs) ... OK! 
BLCMDpillbox::construct rf_e_513 parent= relZ=77580.1 globZ=77580.1
	zmin=77470.1 zmax=77690.2
Checking overlaps for volume rf_e_513:0 (G4Tubs) ... Checking overlaps for volume rf_b_520Pipe:0 (G4Tubs) ... OK! 
Checking overlaps for volume rf_b_520UsWall:0 (G4Tubs) ... OK! 
Checking overlaps for volume rf_b_520DsWall:0 (G4Tubs) ... OK! 
Checking overlaps for volume rf_b_520UsWin1:0 (G4Tubs) ... OK! 
Checking overlaps for volume rf_b_520DsWin1:0 (G4Tubs) ... OK! 
Checking overlaps for volume rf_b_520UsWin2:0 (G4Tubs) ... OK! 
Checking overlaps for volume rf_b_520DsWin2:0 (G4Tubs) ... OK! 
Checking overlaps for volume rf_b_520DsHalf:0 (G4Tubs) ... OK! 
Checking overlaps for volume rf_b_520TimingVol:0 (G4Tubs) ... OK! 
**************************************************************************
*** G4Exception: GeomVol1002
***    severity: Warning
***   issued by: G4PVPlacement::CheckOverlaps()
*** description: Overlap with volume already placed !
          Overlap is detected for volume rf_b_520:0 (G4Tubs) with pipe:0 (G4Tubs)
          overlap at local point (119.326,-38.6098,99.875) by 416.824 um  (max of 2 cases)
NOTE: Reached maximum fixed number -1- of overlaps reports for this volume !
***    printing: every 10-th occurrence
**************************************************************************
BLCMDpillbox::construct rf_b_520 parent= relZ=78419.9 globZ=78419.9
	zmin=78309.8 zmax=78529.9
Checking overlaps for volume rf_b_520:0 (G4Tubs) ... Checking overlaps for volume rf_c_521Pipe:0 (G4Tubs) ... OK! 
Checking overlaps for volume rf_c_521UsWall:0 (G4Tubs) ... OK! 
Checking overlaps for volume rf_c_521DsWall:0 (G4Tubs) ... OK! 
Checking overlaps for volume rf_c_521UsWin1:0 (G4Tubs) ... OK! 
Checking overlaps for volume rf_c_521DsWin1:0 (G4Tubs) ... OK! 
Checking overlaps for volume rf_c_521UsWin2:0 (G4Tubs) ... OK! 
Checking overlaps for volume rf_c_521DsWin2:0 (G4Tubs) ... OK! 
Checking overlaps for volume rf_c_521DsHalf:0 (G4Tubs) ... OK! 
Checking overlaps for volume rf_c_521TimingVol:0 (G4Tubs) ... OK! 
Checking overlaps for volume rf_c_521:0 (G4Tubs) ... OK! 
BLCMDpillbox::construct rf_c_521 parent= relZ=78639.9 globZ=78639.9
	zmin=78529.9 zmax=78750.0
Checking overlaps for volume rf_d_522Pipe:0 (G4Tubs) ... OK! 
Checking overlaps for volume rf_d_522UsWall:0 (G4Tubs) ... OK! 
Checking overlaps for volume rf_d_522DsWall:0 (G4Tubs) ... OK! 
Checking overlaps for volume rf_d_522UsWin1:0 (G4Tubs) ... OK! 
Checking overlaps for volume rf_d_522DsWin1:0 (G4Tubs) ... OK! 
Checking overlaps for volume rf_d_522UsWin2:0 (G4Tubs) ... OK! 
Checking overlaps for volume rf_d_522DsWin2:0 (G4Tubs) ... OK! 
Checking overlaps for volume rf_d_522DsHalf:0 (G4Tubs) ... OK! 
Checking overlaps for volume rf_d_522TimingVol:0 (G4Tubs) ... OK! 
Checking overlaps for volume rf_d_522:0 (G4Tubs) ... OK! 
BLCMDpillbox::construct rf_d_522 parent= relZ=78860.1 globZ=78860.1
	zmin=78750.0 zmax=78970.1
Checking overlaps for volume rf_e_523Pipe:0 (G4Tubs) ... OK! 
Checking overlaps for volume rf_e_523UsWall:0 (G4Tubs) ... OK! 
Checking overlaps for volume rf_e_523DsWall:0 (G4Tubs) ... OK! 
Checking overlaps for volume rf_e_523UsWin1:0 (G4Tubs) ... OK! 
Checking overlaps for volume rf_e_523DsWin1:0 (G4Tubs) ... OK! 
Checking overlaps for volume rf_e_523UsWin2:0 (G4Tubs) ... OK! 
Checking overlaps for volume rf_e_523DsWin2:0 (G4Tubs) ... OK! 
Checking overlaps for volume rf_e_523DsHalf:0 (G4Tubs) ... OK! 
Checking overlaps for volume rf_e_523TimingVol:0 (G4Tubs) ... OK! 
Checking overlaps for volume rf_e_523:0 (G4Tubs) ... OK! 
BLCMDpillbox::construct rf_e_523 parent= relZ=79080.1 globZ=79080.1
	zmin=78970.1 zmax=79190.2
Checking overlaps for volume rf_b_530Pipe:0 (G4Tubs) ... OK! 
Checking overlaps for volume rf_b_530UsWall:0 (G4Tubs) ... OK! 
Checking overlaps for volume rf_b_530DsWall:0 (G4Tubs) ... OK! 
Checking overlaps for volume rf_b_530UsWin1:0 (G4Tubs) ... OK! 
Checking overlaps for volume rf_b_530DsWin1:0 (G4Tubs) ... OK! 
Checking overlaps for volume rf_b_530UsWin2:0 (G4Tubs) ... OK! 
Checking overlaps for volume rf_b_530DsWin2:0 (G4Tubs) ... OK! 
Checking overlaps for volume rf_b_530DsHalf:0 (G4Tubs) ... OK! 
Checking overlaps for volume rf_b_530TimingVol:0 (G4Tubs) ... OK! 
BLCMDpillbox::construct rf_b_530 parent= relZ=79919.9 globZ=79919.9
	zmin=79809.8 zmax=80029.9
Checking overlaps for volume rf_b_530:0 (G4Tubs) ... Checking overlaps for volume rf_c_531Pipe:0 (G4Tubs) ... OK! 
Checking overlaps for volume rf_c_531UsWall:0 (G4Tubs) ... OK! 
Checking overlaps for volume rf_c_531DsWall:0 (G4Tubs) ... OK! 
Checking overlaps for volume rf_c_531UsWin1:0 (G4Tubs) ... OK! 
Checking overlaps for volume rf_c_531DsWin1:0 (G4Tubs) ... OK! 
Checking overlaps for volume rf_c_531UsWin2:0 (G4Tubs) ... OK! 
Checking overlaps for volume rf_c_531DsWin2:0 (G4Tubs) ... OK! 
Checking overlaps for volume rf_c_531DsHalf:0 (G4Tubs) ... OK! 
Checking overlaps for volume rf_c_531TimingVol:0 (G4Tubs) ... OK! 
Checking overlaps for volume rf_c_531:0 (G4Tubs) ... OK! 
BLCMDpillbox::construct rf_c_531 parent= relZ=80139.9 globZ=80139.9
	zmin=80029.9 zmax=80250.0
Checking overlaps for volume rf_d_532Pipe:0 (G4Tubs) ... OK! 
Checking overlaps for volume rf_d_532UsWall:0 (G4Tubs) ... OK! 
Checking overlaps for volume rf_d_532DsWall:0 (G4Tubs) ... OK! 
Checking overlaps for volume rf_d_532UsWin1:0 (G4Tubs) ... OK! 
Checking overlaps for volume rf_d_532DsWin1:0 (G4Tubs) ... OK! 
Checking overlaps for volume rf_d_532UsWin2:0 (G4Tubs) ... OK! 
Checking overlaps for volume rf_d_532DsWin2:0 (G4Tubs) ... OK! 
Checking overlaps for volume rf_d_532DsHalf:0 (G4Tubs) ... OK! 
Checking overlaps for volume rf_d_532TimingVol:0 (G4Tubs) ... OK! 
Checking overlaps for volume rf_d_532:0 (G4Tubs) ... OK! 
BLCMDpillbox::construct rf_d_532 parent= relZ=80360.1 globZ=80360.1
	zmin=80250.0 zmax=80470.1
Checking overlaps for volume rf_e_533Pipe:0 (G4Tubs) ... OK! 
Checking overlaps for volume rf_e_533UsWall:0 (G4Tubs) ... OK! 
Checking overlaps for volume rf_e_533DsWall:0 (G4Tubs) ... OK! 
Checking overlaps for volume rf_e_533UsWin1:0 (G4Tubs) ... OK! 
Checking overlaps for volume rf_e_533DsWin1:0 (G4Tubs) ... OK! 
Checking overlaps for volume rf_e_533UsWin2:0 (G4Tubs) ... OK! 
Checking overlaps for volume rf_e_533DsWin2:0 (G4Tubs) ... OK! 
Checking overlaps for volume rf_e_533DsHalf:0 (G4Tubs) ... OK! 
Checking overlaps for volume rf_e_533TimingVol:0 (G4Tubs) ... OK! 
BLCMDpillbox::construct rf_e_533 parent= relZ=80580.1 globZ=80580.1
	zmin=80470.1 zmax=80690.2
Checking overlaps for volume rf_e_533:0 (G4Tubs) ... Checking overlaps for volume rf_b_540Pipe:0 (G4Tubs) ... OK! 
Checking overlaps for volume rf_b_540UsWall:0 (G4Tubs) ... OK! 
Checking overlaps for volume rf_b_540DsWall:0 (G4Tubs) ... OK! 
Checking overlaps for volume rf_b_540UsWin1:0 (G4Tubs) ... OK! 
Checking overlaps for volume rf_b_540DsWin1:0 (G4Tubs) ... OK! 
Checking overlaps for volume rf_b_540UsWin2:0 (G4Tubs) ... OK! 
Checking overlaps for volume rf_b_540DsWin2:0 (G4Tubs) ... OK! 
Checking overlaps for volume rf_b_540DsHalf:0 (G4Tubs) ... OK! 
Checking overlaps for volume rf_b_540TimingVol:0 (G4Tubs) ... OK! 
BLCMDpillbox::construct rf_b_540 parent= relZ=81419.9 globZ=81419.9
	zmin=81309.8 zmax=81529.9
Checking overlaps for volume rf_b_540:0 (G4Tubs) ... Checking overlaps for volume rf_c_541Pipe:0 (G4Tubs) ... OK! 
Checking overlaps for volume rf_c_541UsWall:0 (G4Tubs) ... OK! 
Checking overlaps for volume rf_c_541DsWall:0 (G4Tubs) ... OK! 
Checking overlaps for volume rf_c_541UsWin1:0 (G4Tubs) ... OK! 
Checking overlaps for volume rf_c_541DsWin1:0 (G4Tubs) ... OK! 
Checking overlaps for volume rf_c_541UsWin2:0 (G4Tubs) ... OK! 
Checking overlaps for volume rf_c_541DsWin2:0 (G4Tubs) ... OK! 
Checking overlaps for volume rf_c_541DsHalf:0 (G4Tubs) ... OK! 
Checking overlaps for volume rf_c_541TimingVol:0 (G4Tubs) ... OK! 
Checking overlaps for volume rf_c_541:0 (G4Tubs) ... OK! 
BLCMDpillbox::construct rf_c_541 parent= relZ=81639.9 globZ=81639.9
	zmin=81529.9 zmax=81750.0
Checking overlaps for volume rf_d_542Pipe:0 (G4Tubs) ... OK! 
Checking overlaps for volume rf_d_542UsWall:0 (G4Tubs) ... OK! 
Checking overlaps for volume rf_d_542DsWall:0 (G4Tubs) ... OK! 
Checking overlaps for volume rf_d_542UsWin1:0 (G4Tubs) ... OK! 
Checking overlaps for volume rf_d_542DsWin1:0 (G4Tubs) ... OK! 
Checking overlaps for volume rf_d_542UsWin2:0 (G4Tubs) ... OK! 
Checking overlaps for volume rf_d_542DsWin2:0 (G4Tubs) ... OK! 
Checking overlaps for volume rf_d_542DsHalf:0 (G4Tubs) ... OK! 
Checking overlaps for volume rf_d_542TimingVol:0 (G4Tubs) ... OK! 
Checking overlaps for volume rf_d_542:0 (G4Tubs) ... OK! 
BLCMDpillbox::construct rf_d_542 parent= relZ=81860.1 globZ=81860.1
	zmin=81750.0 zmax=81970.1
Checking overlaps for volume rf_e_543Pipe:0 (G4Tubs) ... OK! 
Checking overlaps for volume rf_e_543UsWall:0 (G4Tubs) ... OK! 
Checking overlaps for volume rf_e_543DsWall:0 (G4Tubs) ... OK! 
Checking overlaps for volume rf_e_543UsWin1:0 (G4Tubs) ... OK! 
Checking overlaps for volume rf_e_543DsWin1:0 (G4Tubs) ... OK! 
Checking overlaps for volume rf_e_543UsWin2:0 (G4Tubs) ... OK! 
Checking overlaps for volume rf_e_543DsWin2:0 (G4Tubs) ... OK! 
Checking overlaps for volume rf_e_543DsHalf:0 (G4Tubs) ... OK! 
Checking overlaps for volume rf_e_543TimingVol:0 (G4Tubs) ... OK! 
Checking overlaps for volume rf_e_543:0 (G4Tubs) ... OK! 
BLCMDpillbox::construct rf_e_543 parent= relZ=82080.1 globZ=82080.1
	zmin=81970.1 zmax=82190.2
Checking overlaps for volume rf_b_550Pipe:0 (G4Tubs) ... OK! 
Checking overlaps for volume rf_b_550UsWall:0 (G4Tubs) ... OK! 
Checking overlaps for volume rf_b_550DsWall:0 (G4Tubs) ... OK! 
Checking overlaps for volume rf_b_550UsWin1:0 (G4Tubs) ... OK! 
Checking overlaps for volume rf_b_550DsWin1:0 (G4Tubs) ... OK! 
Checking overlaps for volume rf_b_550UsWin2:0 (G4Tubs) ... OK! 
Checking overlaps for volume rf_b_550DsWin2:0 (G4Tubs) ... OK! 
Checking overlaps for volume rf_b_550DsHalf:0 (G4Tubs) ... OK! 
Checking overlaps for volume rf_b_550TimingVol:0 (G4Tubs) ... OK! 
BLCMDpillbox::construct rf_b_550 parent= relZ=82919.9 globZ=82919.9
	zmin=82809.8 zmax=83029.9
Checking overlaps for volume rf_b_550:0 (G4Tubs) ... Checking overlaps for volume rf_c_551Pipe:0 (G4Tubs) ... OK! 
Checking overlaps for volume rf_c_551UsWall:0 (G4Tubs) ... OK! 
Checking overlaps for volume rf_c_551DsWall:0 (G4Tubs) ... OK! 
Checking overlaps for volume rf_c_551UsWin1:0 (G4Tubs) ... OK! 
Checking overlaps for volume rf_c_551DsWin1:0 (G4Tubs) ... OK! 
Checking overlaps for volume rf_c_551UsWin2:0 (G4Tubs) ... OK! 
Checking overlaps for volume rf_c_551DsWin2:0 (G4Tubs) ... OK! 
Checking overlaps for volume rf_c_551DsHalf:0 (G4Tubs) ... OK! 
Checking overlaps for volume rf_c_551TimingVol:0 (G4Tubs) ... OK! 
Checking overlaps for volume rf_c_551:0 (G4Tubs) ... OK! 
BLCMDpillbox::construct rf_c_551 parent= relZ=83139.9 globZ=83139.9
	zmin=83029.9 zmax=83250.0
Checking overlaps for volume rf_d_552Pipe:0 (G4Tubs) ... OK! 
Checking overlaps for volume rf_d_552UsWall:0 (G4Tubs) ... OK! 
Checking overlaps for volume rf_d_552DsWall:0 (G4Tubs) ... OK! 
Checking overlaps for volume rf_d_552UsWin1:0 (G4Tubs) ... OK! 
Checking overlaps for volume rf_d_552DsWin1:0 (G4Tubs) ... OK! 
Checking overlaps for volume rf_d_552UsWin2:0 (G4Tubs) ... OK! 
Checking overlaps for volume rf_d_552DsWin2:0 (G4Tubs) ... OK! 
Checking overlaps for volume rf_d_552DsHalf:0 (G4Tubs) ... OK! 
Checking overlaps for volume rf_d_552TimingVol:0 (G4Tubs) ... OK! 
Checking overlaps for volume rf_d_552:0 (G4Tubs) ... OK! 
BLCMDpillbox::construct rf_d_552 parent= relZ=83360.1 globZ=83360.1
	zmin=83250.0 zmax=83470.1
Checking overlaps for volume rf_e_553Pipe:0 (G4Tubs) ... OK! 
Checking overlaps for volume rf_e_553UsWall:0 (G4Tubs) ... OK! 
Checking overlaps for volume rf_e_553DsWall:0 (G4Tubs) ... OK! 
Checking overlaps for volume rf_e_553UsWin1:0 (G4Tubs) ... OK! 
Checking overlaps for volume rf_e_553DsWin1:0 (G4Tubs) ... OK! 
Checking overlaps for volume rf_e_553UsWin2:0 (G4Tubs) ... OK! 
Checking overlaps for volume rf_e_553DsWin2:0 (G4Tubs) ... OK! 
Checking overlaps for volume rf_e_553DsHalf:0 (G4Tubs) ... OK! 
Checking overlaps for volume rf_e_553TimingVol:0 (G4Tubs) ... OK! 
Checking overlaps for volume rf_e_553:0 (G4Tubs) ... OK! 
BLCMDpillbox::construct rf_e_553 parent= relZ=83580.1 globZ=83580.1
	zmin=83470.1 zmax=83690.2
Checking overlaps for volume rf_b_560Pipe:0 (G4Tubs) ... OK! 
Checking overlaps for volume rf_b_560UsWall:0 (G4Tubs) ... OK! 
Checking overlaps for volume rf_b_560DsWall:0 (G4Tubs) ... OK! 
Checking overlaps for volume rf_b_560UsWin1:0 (G4Tubs) ... OK! 
Checking overlaps for volume rf_b_560DsWin1:0 (G4Tubs) ... OK! 
Checking overlaps for volume rf_b_560UsWin2:0 (G4Tubs) ... OK! 
Checking overlaps for volume rf_b_560DsWin2:0 (G4Tubs) ... OK! 
Checking overlaps for volume rf_b_560DsHalf:0 (G4Tubs) ... OK! 
Checking overlaps for volume rf_b_560TimingVol:0 (G4Tubs) ... OK! 
BLCMDpillbox::construct rf_b_560 parent= relZ=84419.9 globZ=84419.9
	zmin=84309.8 zmax=84529.9
Checking overlaps for volume rf_b_560:0 (G4Tubs) ... Checking overlaps for volume rf_c_561Pipe:0 (G4Tubs) ... OK! 
Checking overlaps for volume rf_c_561UsWall:0 (G4Tubs) ... OK! 
Checking overlaps for volume rf_c_561DsWall:0 (G4Tubs) ... OK! 
Checking overlaps for volume rf_c_561UsWin1:0 (G4Tubs) ... OK! 
Checking overlaps for volume rf_c_561DsWin1:0 (G4Tubs) ... OK! 
Checking overlaps for volume rf_c_561UsWin2:0 (G4Tubs) ... OK! 
Checking overlaps for volume rf_c_561DsWin2:0 (G4Tubs) ... OK! 
Checking overlaps for volume rf_c_561DsHalf:0 (G4Tubs) ... OK! 
Checking overlaps for volume rf_c_561TimingVol:0 (G4Tubs) ... OK! 
Checking overlaps for volume rf_c_561:0 (G4Tubs) ... OK! 
BLCMDpillbox::construct rf_c_561 parent= relZ=84639.9 globZ=84639.9
	zmin=84529.9 zmax=84750.0
Checking overlaps for volume rf_d_562Pipe:0 (G4Tubs) ... OK! 
Checking overlaps for volume rf_d_562UsWall:0 (G4Tubs) ... OK! 
Checking overlaps for volume rf_d_562DsWall:0 (G4Tubs) ... OK! 
Checking overlaps for volume rf_d_562UsWin1:0 (G4Tubs) ... OK! 
Checking overlaps for volume rf_d_562DsWin1:0 (G4Tubs) ... OK! 
Checking overlaps for volume rf_d_562UsWin2:0 (G4Tubs) ... OK! 
Checking overlaps for volume rf_d_562DsWin2:0 (G4Tubs) ... OK! 
Checking overlaps for volume rf_d_562DsHalf:0 (G4Tubs) ... OK! 
Checking overlaps for volume rf_d_562TimingVol:0 (G4Tubs) ... OK! 
Checking overlaps for volume rf_d_562:0 (G4Tubs) ... OK! 
BLCMDpillbox::construct rf_d_562 parent= relZ=84860.1 globZ=84860.1
	zmin=84750.0 zmax=84970.1
Checking overlaps for volume rf_e_563Pipe:0 (G4Tubs) ... OK! 
Checking overlaps for volume rf_e_563UsWall:0 (G4Tubs) ... OK! 
Checking overlaps for volume rf_e_563DsWall:0 (G4Tubs) ... OK! 
Checking overlaps for volume rf_e_563UsWin1:0 (G4Tubs) ... OK! 
Checking overlaps for volume rf_e_563DsWin1:0 (G4Tubs) ... OK! 
Checking overlaps for volume rf_e_563UsWin2:0 (G4Tubs) ... OK! 
Checking overlaps for volume rf_e_563DsWin2:0 (G4Tubs) ... OK! 
Checking overlaps for volume rf_e_563DsHalf:0 (G4Tubs) ... OK! 
Checking overlaps for volume rf_e_563TimingVol:0 (G4Tubs) ... OK! 
Checking overlaps for volume rf_e_563:0 (G4Tubs) ... OK! 
BLCMDpillbox::construct rf_e_563 parent= relZ=85080.1 globZ=85080.1
	zmin=84970.1 zmax=85190.2
Checking overlaps for volume rf_b_570Pipe:0 (G4Tubs) ... OK! 
Checking overlaps for volume rf_b_570UsWall:0 (G4Tubs) ... OK! 
Checking overlaps for volume rf_b_570DsWall:0 (G4Tubs) ... OK! 
Checking overlaps for volume rf_b_570UsWin1:0 (G4Tubs) ... OK! 
Checking overlaps for volume rf_b_570DsWin1:0 (G4Tubs) ... OK! 
Checking overlaps for volume rf_b_570UsWin2:0 (G4Tubs) ... OK! 
Checking overlaps for volume rf_b_570DsWin2:0 (G4Tubs) ... OK! 
Checking overlaps for volume rf_b_570DsHalf:0 (G4Tubs) ... OK! 
Checking overlaps for volume rf_b_570TimingVol:0 (G4Tubs) ... OK! 
Checking overlaps for volume rf_b_570:0 (G4Tubs) ... OK! 
BLCMDpillbox::construct rf_b_570 parent= relZ=85919.9 globZ=85919.9
	zmin=85809.8 zmax=86029.9
Checking overlaps for volume rf_c_571Pipe:0 (G4Tubs) ... OK! 
Checking overlaps for volume rf_c_571UsWall:0 (G4Tubs) ... OK! 
Checking overlaps for volume rf_c_571DsWall:0 (G4Tubs) ... OK! 
Checking overlaps for volume rf_c_571UsWin1:0 (G4Tubs) ... OK! 
Checking overlaps for volume rf_c_571DsWin1:0 (G4Tubs) ... OK! 
Checking overlaps for volume rf_c_571UsWin2:0 (G4Tubs) ... OK! 
Checking overlaps for volume rf_c_571DsWin2:0 (G4Tubs) ... OK! 
Checking overlaps for volume rf_c_571DsHalf:0 (G4Tubs) ... OK! 
Checking overlaps for volume rf_c_571TimingVol:0 (G4Tubs) ... OK! 
Checking overlaps for volume rf_c_571:0 (G4Tubs) ... OK! 
BLCMDpillbox::construct rf_c_571 parent= relZ=86139.9 globZ=86139.9
	zmin=86029.9 zmax=86250.0
Checking overlaps for volume rf_d_572Pipe:0 (G4Tubs) ... OK! 
Checking overlaps for volume rf_d_572UsWall:0 (G4Tubs) ... OK! 
Checking overlaps for volume rf_d_572DsWall:0 (G4Tubs) ... OK! 
Checking overlaps for volume rf_d_572UsWin1:0 (G4Tubs) ... OK! 
Checking overlaps for volume rf_d_572DsWin1:0 (G4Tubs) ... OK! 
Checking overlaps for volume rf_d_572UsWin2:0 (G4Tubs) ... OK! 
Checking overlaps for volume rf_d_572DsWin2:0 (G4Tubs) ... OK! 
Checking overlaps for volume rf_d_572DsHalf:0 (G4Tubs) ... OK! 
Checking overlaps for volume rf_d_572TimingVol:0 (G4Tubs) ... OK! 
Checking overlaps for volume rf_d_572:0 (G4Tubs) ... OK! 
BLCMDpillbox::construct rf_d_572 parent= relZ=86360.1 globZ=86360.1
	zmin=86250.0 zmax=86470.1
Checking overlaps for volume rf_e_573Pipe:0 (G4Tubs) ... OK! 
Checking overlaps for volume rf_e_573UsWall:0 (G4Tubs) ... OK! 
Checking overlaps for volume rf_e_573DsWall:0 (G4Tubs) ... OK! 
Checking overlaps for volume rf_e_573UsWin1:0 (G4Tubs) ... OK! 
Checking overlaps for volume rf_e_573DsWin1:0 (G4Tubs) ... OK! 
Checking overlaps for volume rf_e_573UsWin2:0 (G4Tubs) ... OK! 
Checking overlaps for volume rf_e_573DsWin2:0 (G4Tubs) ... OK! 
Checking overlaps for volume rf_e_573DsHalf:0 (G4Tubs) ... OK! 
Checking overlaps for volume rf_e_573TimingVol:0 (G4Tubs) ... OK! 
BLCMDpillbox::construct rf_e_573 parent= relZ=86580.1 globZ=86580.1
	zmin=86470.1 zmax=86690.2
Checking overlaps for volume rf_e_573:0 (G4Tubs) ... Checking overlaps for volume rf_b_580Pipe:0 (G4Tubs) ... OK! 
Checking overlaps for volume rf_b_580UsWall:0 (G4Tubs) ... OK! 
Checking overlaps for volume rf_b_580DsWall:0 (G4Tubs) ... OK! 
Checking overlaps for volume rf_b_580UsWin1:0 (G4Tubs) ... OK! 
Checking overlaps for volume rf_b_580DsWin1:0 (G4Tubs) ... OK! 
Checking overlaps for volume rf_b_580UsWin2:0 (G4Tubs) ... OK! 
Checking overlaps for volume rf_b_580DsWin2:0 (G4Tubs) ... OK! 
Checking overlaps for volume rf_b_580DsHalf:0 (G4Tubs) ... OK! 
Checking overlaps for volume rf_b_580TimingVol:0 (G4Tubs) ... OK! 
BLCMDpillbox::construct rf_b_580 parent= relZ=87419.9 globZ=87419.9
	zmin=87309.8 zmax=87529.9
Checking overlaps for volume rf_b_580:0 (G4Tubs) ... Checking overlaps for volume rf_c_581Pipe:0 (G4Tubs) ... OK! 
Checking overlaps for volume rf_c_581UsWall:0 (G4Tubs) ... OK! 
Checking overlaps for volume rf_c_581DsWall:0 (G4Tubs) ... OK! 
Checking overlaps for volume rf_c_581UsWin1:0 (G4Tubs) ... OK! 
Checking overlaps for volume rf_c_581DsWin1:0 (G4Tubs) ... OK! 
Checking overlaps for volume rf_c_581UsWin2:0 (G4Tubs) ... OK! 
Checking overlaps for volume rf_c_581DsWin2:0 (G4Tubs) ... OK! 
Checking overlaps for volume rf_c_581DsHalf:0 (G4Tubs) ... OK! 
Checking overlaps for volume rf_c_581TimingVol:0 (G4Tubs) ... OK! 
Checking overlaps for volume rf_c_581:0 (G4Tubs) ... OK! 
BLCMDpillbox::construct rf_c_581 parent= relZ=87639.9 globZ=87639.9
	zmin=87529.9 zmax=87750.0
Checking overlaps for volume rf_d_582Pipe:0 (G4Tubs) ... OK! 
Checking overlaps for volume rf_d_582UsWall:0 (G4Tubs) ... OK! 
Checking overlaps for volume rf_d_582DsWall:0 (G4Tubs) ... OK! 
Checking overlaps for volume rf_d_582UsWin1:0 (G4Tubs) ... OK! 
Checking overlaps for volume rf_d_582DsWin1:0 (G4Tubs) ... OK! 
Checking overlaps for volume rf_d_582UsWin2:0 (G4Tubs) ... OK! 
Checking overlaps for volume rf_d_582DsWin2:0 (G4Tubs) ... OK! 
Checking overlaps for volume rf_d_582DsHalf:0 (G4Tubs) ... OK! 
Checking overlaps for volume rf_d_582TimingVol:0 (G4Tubs) ... OK! 
Checking overlaps for volume rf_d_582:0 (G4Tubs) ... OK! 
BLCMDpillbox::construct rf_d_582 parent= relZ=87860.1 globZ=87860.1
	zmin=87750.0 zmax=87970.1
Checking overlaps for volume rf_e_583Pipe:0 (G4Tubs) ... OK! 
Checking overlaps for volume rf_e_583UsWall:0 (G4Tubs) ... OK! 
Checking overlaps for volume rf_e_583DsWall:0 (G4Tubs) ... OK! 
Checking overlaps for volume rf_e_583UsWin1:0 (G4Tubs) ... OK! 
Checking overlaps for volume rf_e_583DsWin1:0 (G4Tubs) ... OK! 
Checking overlaps for volume rf_e_583UsWin2:0 (G4Tubs) ... OK! 
Checking overlaps for volume rf_e_583DsWin2:0 (G4Tubs) ... OK! 
Checking overlaps for volume rf_e_583DsHalf:0 (G4Tubs) ... OK! 
Checking overlaps for volume rf_e_583TimingVol:0 (G4Tubs) ... OK! 
BLCMDpillbox::construct rf_e_583 parent= relZ=88080.1 globZ=88080.1
	zmin=87970.1 zmax=88190.2
Checking overlaps for volume rf_e_583:0 (G4Tubs) ... Checking overlaps for volume rf_b_590Pipe:0 (G4Tubs) ... OK! 
Checking overlaps for volume rf_b_590UsWall:0 (G4Tubs) ... OK! 
Checking overlaps for volume rf_b_590DsWall:0 (G4Tubs) ... OK! 
Checking overlaps for volume rf_b_590UsWin1:0 (G4Tubs) ... OK! 
Checking overlaps for volume rf_b_590DsWin1:0 (G4Tubs) ... OK! 
Checking overlaps for volume rf_b_590UsWin2:0 (G4Tubs) ... OK! 
Checking overlaps for volume rf_b_590DsWin2:0 (G4Tubs) ... OK! 
Checking overlaps for volume rf_b_590DsHalf:0 (G4Tubs) ... OK! 
Checking overlaps for volume rf_b_590TimingVol:0 (G4Tubs) ... OK! 
BLCMDpillbox::construct rf_b_590 parent= relZ=88919.9 globZ=88919.9
	zmin=88809.8 zmax=89029.9
Checking overlaps for volume rf_b_590:0 (G4Tubs) ... Checking overlaps for volume rf_c_591Pipe:0 (G4Tubs) ... OK! 
Checking overlaps for volume rf_c_591UsWall:0 (G4Tubs) ... OK! 
Checking overlaps for volume rf_c_591DsWall:0 (G4Tubs) ... OK! 
Checking overlaps for volume rf_c_591UsWin1:0 (G4Tubs) ... OK! 
Checking overlaps for volume rf_c_591DsWin1:0 (G4Tubs) ... OK! 
Checking overlaps for volume rf_c_591UsWin2:0 (G4Tubs) ... OK! 
Checking overlaps for volume rf_c_591DsWin2:0 (G4Tubs) ... OK! 
Checking overlaps for volume rf_c_591DsHalf:0 (G4Tubs) ... OK! 
Checking overlaps for volume rf_c_591TimingVol:0 (G4Tubs) ... OK! 
Checking overlaps for volume rf_c_591:0 (G4Tubs) ... OK! 
BLCMDpillbox::construct rf_c_591 parent= relZ=89139.9 globZ=89139.9
	zmin=89029.9 zmax=89250.0
Checking overlaps for volume rf_d_592Pipe:0 (G4Tubs) ... OK! 
Checking overlaps for volume rf_d_592UsWall:0 (G4Tubs) ... OK! 
Checking overlaps for volume rf_d_592DsWall:0 (G4Tubs) ... OK! 
Checking overlaps for volume rf_d_592UsWin1:0 (G4Tubs) ... OK! 
Checking overlaps for volume rf_d_592DsWin1:0 (G4Tubs) ... OK! 
Checking overlaps for volume rf_d_592UsWin2:0 (G4Tubs) ... OK! 
Checking overlaps for volume rf_d_592DsWin2:0 (G4Tubs) ... OK! 
Checking overlaps for volume rf_d_592DsHalf:0 (G4Tubs) ... OK! 
Checking overlaps for volume rf_d_592TimingVol:0 (G4Tubs) ... OK! 
Checking overlaps for volume rf_d_592:0 (G4Tubs) ... OK! 
BLCMDpillbox::construct rf_d_592 parent= relZ=89360.1 globZ=89360.1
	zmin=89250.0 zmax=89470.1
Checking overlaps for volume rf_e_593Pipe:0 (G4Tubs) ... OK! 
Checking overlaps for volume rf_e_593UsWall:0 (G4Tubs) ... OK! 
Checking overlaps for volume rf_e_593DsWall:0 (G4Tubs) ... OK! 
Checking overlaps for volume rf_e_593UsWin1:0 (G4Tubs) ... OK! 
Checking overlaps for volume rf_e_593DsWin1:0 (G4Tubs) ... OK! 
Checking overlaps for volume rf_e_593UsWin2:0 (G4Tubs) ... OK! 
Checking overlaps for volume rf_e_593DsWin2:0 (G4Tubs) ... OK! 
Checking overlaps for volume rf_e_593DsHalf:0 (G4Tubs) ... OK! 
Checking overlaps for volume rf_e_593TimingVol:0 (G4Tubs) ... OK! 
**************************************************************************
*** G4Exception: GeomVol1002
***    severity: Warning
***   issued by: G4PVPlacement::CheckOverlaps()
*** description: Overlap with volume already placed !
          Overlap is detected for volume rf_e_593:0 (G4Tubs) with pipe:0 (G4Tubs)
          overlap at local point (-40.3921,119.045,-99.875) by 289.265 um  (max of 3 cases)
NOTE: Reached maximum fixed number -1- of overlaps reports for this volume !
***    printing: every 10-th occurrence
**************************************************************************
BLCMDpillbox::construct rf_e_593 parent= relZ=89580.1 globZ=89580.1
	zmin=89470.1 zmax=89690.2
Checking overlaps for volume rf_e_593:0 (G4Tubs) ... Checking overlaps for volume rf_b_600Pipe:0 (G4Tubs) ... OK! 
Checking overlaps for volume rf_b_600UsWall:0 (G4Tubs) ... OK! 
Checking overlaps for volume rf_b_600DsWall:0 (G4Tubs) ... OK! 
Checking overlaps for volume rf_b_600UsWin1:0 (G4Tubs) ... OK! 
Checking overlaps for volume rf_b_600DsWin1:0 (G4Tubs) ... OK! 
Checking overlaps for volume rf_b_600UsWin2:0 (G4Tubs) ... OK! 
Checking overlaps for volume rf_b_600DsWin2:0 (G4Tubs) ... OK! 
Checking overlaps for volume rf_b_600DsHalf:0 (G4Tubs) ... OK! 
Checking overlaps for volume rf_b_600TimingVol:0 (G4Tubs) ... OK! 
BLCMDpillbox::construct rf_b_600 parent= relZ=90419.9 globZ=90419.9
	zmin=90309.8 zmax=90529.9
Checking overlaps for volume rf_b_600:0 (G4Tubs) ... Checking overlaps for volume rf_c_601Pipe:0 (G4Tubs) ... OK! 
Checking overlaps for volume rf_c_601UsWall:0 (G4Tubs) ... OK! 
Checking overlaps for volume rf_c_601DsWall:0 (G4Tubs) ... OK! 
Checking overlaps for volume rf_c_601UsWin1:0 (G4Tubs) ... OK! 
Checking overlaps for volume rf_c_601DsWin1:0 (G4Tubs) ... OK! 
Checking overlaps for volume rf_c_601UsWin2:0 (G4Tubs) ... OK! 
Checking overlaps for volume rf_c_601DsWin2:0 (G4Tubs) ... OK! 
Checking overlaps for volume rf_c_601DsHalf:0 (G4Tubs) ... OK! 
Checking overlaps for volume rf_c_601TimingVol:0 (G4Tubs) ... OK! 
Checking overlaps for volume rf_c_601:0 (G4Tubs) ... OK! 
BLCMDpillbox::construct rf_c_601 parent= relZ=90639.9 globZ=90639.9
	zmin=90529.9 zmax=90750.0
Checking overlaps for volume rf_d_602Pipe:0 (G4Tubs) ... OK! 
Checking overlaps for volume rf_d_602UsWall:0 (G4Tubs) ... OK! 
Checking overlaps for volume rf_d_602DsWall:0 (G4Tubs) ... OK! 
Checking overlaps for volume rf_d_602UsWin1:0 (G4Tubs) ... OK! 
Checking overlaps for volume rf_d_602DsWin1:0 (G4Tubs) ... OK! 
Checking overlaps for volume rf_d_602UsWin2:0 (G4Tubs) ... OK! 
Checking overlaps for volume rf_d_602DsWin2:0 (G4Tubs) ... OK! 
Checking overlaps for volume rf_d_602DsHalf:0 (G4Tubs) ... OK! 
Checking overlaps for volume rf_d_602TimingVol:0 (G4Tubs) ... OK! 
Checking overlaps for volume rf_d_602:0 (G4Tubs) ... OK! 
BLCMDpillbox::construct rf_d_602 parent= relZ=90860.1 globZ=90860.1
	zmin=90750.0 zmax=90970.1
Checking overlaps for volume rf_e_603Pipe:0 (G4Tubs) ... OK! 
Checking overlaps for volume rf_e_603UsWall:0 (G4Tubs) ... OK! 
Checking overlaps for volume rf_e_603DsWall:0 (G4Tubs) ... OK! 
Checking overlaps for volume rf_e_603UsWin1:0 (G4Tubs) ... OK! 
Checking overlaps for volume rf_e_603DsWin1:0 (G4Tubs) ... OK! 
Checking overlaps for volume rf_e_603UsWin2:0 (G4Tubs) ... OK! 
Checking overlaps for volume rf_e_603DsWin2:0 (G4Tubs) ... OK! 
Checking overlaps for volume rf_e_603DsHalf:0 (G4Tubs) ... OK! 
Checking overlaps for volume rf_e_603TimingVol:0 (G4Tubs) ... OK! 
BLCMDpillbox::construct rf_e_603 parent= relZ=91080.1 globZ=91080.1
	zmin=90970.1 zmax=91190.2
Checking overlaps for volume rf_e_603:0 (G4Tubs) ... Checking overlaps for volume rf_b_610Pipe:0 (G4Tubs) ... OK! 
Checking overlaps for volume rf_b_610UsWall:0 (G4Tubs) ... OK! 
Checking overlaps for volume rf_b_610DsWall:0 (G4Tubs) ... OK! 
Checking overlaps for volume rf_b_610UsWin1:0 (G4Tubs) ... OK! 
Checking overlaps for volume rf_b_610DsWin1:0 (G4Tubs) ... OK! 
Checking overlaps for volume rf_b_610UsWin2:0 (G4Tubs) ... OK! 
Checking overlaps for volume rf_b_610DsWin2:0 (G4Tubs) ... OK! 
Checking overlaps for volume rf_b_610DsHalf:0 (G4Tubs) ... OK! 
Checking overlaps for volume rf_b_610TimingVol:0 (G4Tubs) ... OK! 
Checking overlaps for volume rf_b_610:0 (G4Tubs) ... OK! 
BLCMDpillbox::construct rf_b_610 parent= relZ=91919.9 globZ=91919.9
	zmin=91809.8 zmax=92029.9
Checking overlaps for volume rf_c_611Pipe:0 (G4Tubs) ... OK! 
Checking overlaps for volume rf_c_611UsWall:0 (G4Tubs) ... OK! 
Checking overlaps for volume rf_c_611DsWall:0 (G4Tubs) ... OK! 
Checking overlaps for volume rf_c_611UsWin1:0 (G4Tubs) ... OK! 
Checking overlaps for volume rf_c_611DsWin1:0 (G4Tubs) ... OK! 
Checking overlaps for volume rf_c_611UsWin2:0 (G4Tubs) ... OK! 
Checking overlaps for volume rf_c_611DsWin2:0 (G4Tubs) ... OK! 
Checking overlaps for volume rf_c_611DsHalf:0 (G4Tubs) ... OK! 
Checking overlaps for volume rf_c_611TimingVol:0 (G4Tubs) ... OK! 
Checking overlaps for volume rf_c_611:0 (G4Tubs) ... OK! 
BLCMDpillbox::construct rf_c_611 parent= relZ=92139.9 globZ=92139.9
	zmin=92029.9 zmax=92250.0
Checking overlaps for volume rf_d_612Pipe:0 (G4Tubs) ... OK! 
Checking overlaps for volume rf_d_612UsWall:0 (G4Tubs) ... OK! 
Checking overlaps for volume rf_d_612DsWall:0 (G4Tubs) ... OK! 
Checking overlaps for volume rf_d_612UsWin1:0 (G4Tubs) ... OK! 
Checking overlaps for volume rf_d_612DsWin1:0 (G4Tubs) ... OK! 
Checking overlaps for volume rf_d_612UsWin2:0 (G4Tubs) ... OK! 
Checking overlaps for volume rf_d_612DsWin2:0 (G4Tubs) ... OK! 
Checking overlaps for volume rf_d_612DsHalf:0 (G4Tubs) ... OK! 
Checking overlaps for volume rf_d_612TimingVol:0 (G4Tubs) ... OK! 
Checking overlaps for volume rf_d_612:0 (G4Tubs) ... OK! 
BLCMDpillbox::construct rf_d_612 parent= relZ=92360.1 globZ=92360.1
	zmin=92250.0 zmax=92470.1
Checking overlaps for volume rf_e_613Pipe:0 (G4Tubs) ... OK! 
Checking overlaps for volume rf_e_613UsWall:0 (G4Tubs) ... OK! 
Checking overlaps for volume rf_e_613DsWall:0 (G4Tubs) ... OK! 
Checking overlaps for volume rf_e_613UsWin1:0 (G4Tubs) ... OK! 
Checking overlaps for volume rf_e_613DsWin1:0 (G4Tubs) ... OK! 
Checking overlaps for volume rf_e_613UsWin2:0 (G4Tubs) ... OK! 
Checking overlaps for volume rf_e_613DsWin2:0 (G4Tubs) ... OK! 
Checking overlaps for volume rf_e_613DsHalf:0 (G4Tubs) ... OK! 
Checking overlaps for volume rf_e_613TimingVol:0 (G4Tubs) ... OK! 
BLCMDpillbox::construct rf_e_613 parent= relZ=92580.1 globZ=92580.1
	zmin=92470.1 zmax=92690.2
Checking overlaps for volume rf_e_613:0 (G4Tubs) ... Checking overlaps for volume rf_b_620Pipe:0 (G4Tubs) ... OK! 
Checking overlaps for volume rf_b_620UsWall:0 (G4Tubs) ... OK! 
Checking overlaps for volume rf_b_620DsWall:0 (G4Tubs) ... OK! 
Checking overlaps for volume rf_b_620UsWin1:0 (G4Tubs) ... OK! 
Checking overlaps for volume rf_b_620DsWin1:0 (G4Tubs) ... OK! 
Checking overlaps for volume rf_b_620UsWin2:0 (G4Tubs) ... OK! 
Checking overlaps for volume rf_b_620DsWin2:0 (G4Tubs) ... OK! 
Checking overlaps for volume rf_b_620DsHalf:0 (G4Tubs) ... OK! 
Checking overlaps for volume rf_b_620TimingVol:0 (G4Tubs) ... OK! 
BLCMDpillbox::construct rf_b_620 parent= relZ=93419.9 globZ=93419.9
	zmin=93309.8 zmax=93529.9
Checking overlaps for volume rf_b_620:0 (G4Tubs) ... Checking overlaps for volume rf_c_621Pipe:0 (G4Tubs) ... OK! 
Checking overlaps for volume rf_c_621UsWall:0 (G4Tubs) ... OK! 
Checking overlaps for volume rf_c_621DsWall:0 (G4Tubs) ... OK! 
Checking overlaps for volume rf_c_621UsWin1:0 (G4Tubs) ... OK! 
Checking overlaps for volume rf_c_621DsWin1:0 (G4Tubs) ... OK! 
Checking overlaps for volume rf_c_621UsWin2:0 (G4Tubs) ... OK! 
Checking overlaps for volume rf_c_621DsWin2:0 (G4Tubs) ... OK! 
Checking overlaps for volume rf_c_621DsHalf:0 (G4Tubs) ... OK! 
Checking overlaps for volume rf_c_621TimingVol:0 (G4Tubs) ... OK! 
Checking overlaps for volume rf_c_621:0 (G4Tubs) ... OK! 
BLCMDpillbox::construct rf_c_621 parent= relZ=93639.9 globZ=93639.9
	zmin=93529.9 zmax=93750.0
Checking overlaps for volume rf_d_622Pipe:0 (G4Tubs) ... OK! 
Checking overlaps for volume rf_d_622UsWall:0 (G4Tubs) ... OK! 
Checking overlaps for volume rf_d_622DsWall:0 (G4Tubs) ... OK! 
Checking overlaps for volume rf_d_622UsWin1:0 (G4Tubs) ... OK! 
Checking overlaps for volume rf_d_622DsWin1:0 (G4Tubs) ... OK! 
Checking overlaps for volume rf_d_622UsWin2:0 (G4Tubs) ... OK! 
Checking overlaps for volume rf_d_622DsWin2:0 (G4Tubs) ... OK! 
Checking overlaps for volume rf_d_622DsHalf:0 (G4Tubs) ... OK! 
Checking overlaps for volume rf_d_622TimingVol:0 (G4Tubs) ... OK! 
Checking overlaps for volume rf_d_622:0 (G4Tubs) ... OK! 
BLCMDpillbox::construct rf_d_622 parent= relZ=93860.1 globZ=93860.1
	zmin=93750.0 zmax=93970.1
Checking overlaps for volume rf_e_623Pipe:0 (G4Tubs) ... OK! 
Checking overlaps for volume rf_e_623UsWall:0 (G4Tubs) ... OK! 
Checking overlaps for volume rf_e_623DsWall:0 (G4Tubs) ... OK! 
Checking overlaps for volume rf_e_623UsWin1:0 (G4Tubs) ... OK! 
Checking overlaps for volume rf_e_623DsWin1:0 (G4Tubs) ... OK! 
Checking overlaps for volume rf_e_623UsWin2:0 (G4Tubs) ... OK! 
Checking overlaps for volume rf_e_623DsWin2:0 (G4Tubs) ... OK! 
Checking overlaps for volume rf_e_623DsHalf:0 (G4Tubs) ... OK! 
Checking overlaps for volume rf_e_623TimingVol:0 (G4Tubs) ... OK! 
BLCMDpillbox::construct rf_e_623 parent= relZ=94080.1 globZ=94080.1
	zmin=93970.1 zmax=94190.2
Checking overlaps for volume rf_e_623:0 (G4Tubs) ... Checking overlaps for volume rf_b_630Pipe:0 (G4Tubs) ... OK! 
Checking overlaps for volume rf_b_630UsWall:0 (G4Tubs) ... OK! 
Checking overlaps for volume rf_b_630DsWall:0 (G4Tubs) ... OK! 
Checking overlaps for volume rf_b_630UsWin1:0 (G4Tubs) ... OK! 
Checking overlaps for volume rf_b_630DsWin1:0 (G4Tubs) ... OK! 
Checking overlaps for volume rf_b_630UsWin2:0 (G4Tubs) ... OK! 
Checking overlaps for volume rf_b_630DsWin2:0 (G4Tubs) ... OK! 
Checking overlaps for volume rf_b_630DsHalf:0 (G4Tubs) ... OK! 
Checking overlaps for volume rf_b_630TimingVol:0 (G4Tubs) ... OK! 
BLCMDpillbox::construct rf_b_630 parent= relZ=94919.9 globZ=94919.9
	zmin=94809.8 zmax=95029.9
Checking overlaps for volume rf_b_630:0 (G4Tubs) ... Checking overlaps for volume rf_c_631Pipe:0 (G4Tubs) ... OK! 
Checking overlaps for volume rf_c_631UsWall:0 (G4Tubs) ... OK! 
Checking overlaps for volume rf_c_631DsWall:0 (G4Tubs) ... OK! 
Checking overlaps for volume rf_c_631UsWin1:0 (G4Tubs) ... OK! 
Checking overlaps for volume rf_c_631DsWin1:0 (G4Tubs) ... OK! 
Checking overlaps for volume rf_c_631UsWin2:0 (G4Tubs) ... OK! 
Checking overlaps for volume rf_c_631DsWin2:0 (G4Tubs) ... OK! 
Checking overlaps for volume rf_c_631DsHalf:0 (G4Tubs) ... OK! 
Checking overlaps for volume rf_c_631TimingVol:0 (G4Tubs) ... OK! 
Checking overlaps for volume rf_c_631:0 (G4Tubs) ... OK! 
BLCMDpillbox::construct rf_c_631 parent= relZ=95139.9 globZ=95139.9
	zmin=95029.9 zmax=95250.0
Checking overlaps for volume rf_d_632Pipe:0 (G4Tubs) ... OK! 
Checking overlaps for volume rf_d_632UsWall:0 (G4Tubs) ... OK! 
Checking overlaps for volume rf_d_632DsWall:0 (G4Tubs) ... OK! 
Checking overlaps for volume rf_d_632UsWin1:0 (G4Tubs) ... OK! 
Checking overlaps for volume rf_d_632DsWin1:0 (G4Tubs) ... OK! 
Checking overlaps for volume rf_d_632UsWin2:0 (G4Tubs) ... OK! 
Checking overlaps for volume rf_d_632DsWin2:0 (G4Tubs) ... OK! 
Checking overlaps for volume rf_d_632DsHalf:0 (G4Tubs) ... OK! 
Checking overlaps for volume rf_d_632TimingVol:0 (G4Tubs) ... OK! 
Checking overlaps for volume rf_d_632:0 (G4Tubs) ... OK! 
BLCMDpillbox::construct rf_d_632 parent= relZ=95360.1 globZ=95360.1
	zmin=95250.0 zmax=95470.1
Checking overlaps for volume rf_e_633Pipe:0 (G4Tubs) ... OK! 
Checking overlaps for volume rf_e_633UsWall:0 (G4Tubs) ... OK! 
Checking overlaps for volume rf_e_633DsWall:0 (G4Tubs) ... OK! 
Checking overlaps for volume rf_e_633UsWin1:0 (G4Tubs) ... OK! 
Checking overlaps for volume rf_e_633DsWin1:0 (G4Tubs) ... OK! 
Checking overlaps for volume rf_e_633UsWin2:0 (G4Tubs) ... OK! 
Checking overlaps for volume rf_e_633DsWin2:0 (G4Tubs) ... OK! 
Checking overlaps for volume rf_e_633DsHalf:0 (G4Tubs) ... OK! 
Checking overlaps for volume rf_e_633TimingVol:0 (G4Tubs) ... OK! 
BLCMDpillbox::construct rf_e_633 parent= relZ=95580.1 globZ=95580.1
	zmin=95470.1 zmax=95690.2
Checking overlaps for volume rf_e_633:0 (G4Tubs) ... Checking overlaps for volume rf_b_640Pipe:0 (G4Tubs) ... OK! 
Checking overlaps for volume rf_b_640UsWall:0 (G4Tubs) ... OK! 
Checking overlaps for volume rf_b_640DsWall:0 (G4Tubs) ... OK! 
Checking overlaps for volume rf_b_640UsWin1:0 (G4Tubs) ... OK! 
Checking overlaps for volume rf_b_640DsWin1:0 (G4Tubs) ... OK! 
Checking overlaps for volume rf_b_640UsWin2:0 (G4Tubs) ... OK! 
Checking overlaps for volume rf_b_640DsWin2:0 (G4Tubs) ... OK! 
Checking overlaps for volume rf_b_640DsHalf:0 (G4Tubs) ... OK! 
Checking overlaps for volume rf_b_640TimingVol:0 (G4Tubs) ... OK! 
Checking overlaps for volume rf_b_640:0 (G4Tubs) ... OK! 
BLCMDpillbox::construct rf_b_640 parent= relZ=96419.9 globZ=96419.9
	zmin=96309.8 zmax=96529.9
Checking overlaps for volume rf_c_641Pipe:0 (G4Tubs) ... OK! 
Checking overlaps for volume rf_c_641UsWall:0 (G4Tubs) ... OK! 
Checking overlaps for volume rf_c_641DsWall:0 (G4Tubs) ... OK! 
Checking overlaps for volume rf_c_641UsWin1:0 (G4Tubs) ... OK! 
Checking overlaps for volume rf_c_641DsWin1:0 (G4Tubs) ... OK! 
Checking overlaps for volume rf_c_641UsWin2:0 (G4Tubs) ... OK! 
Checking overlaps for volume rf_c_641DsWin2:0 (G4Tubs) ... OK! 
Checking overlaps for volume rf_c_641DsHalf:0 (G4Tubs) ... OK! 
Checking overlaps for volume rf_c_641TimingVol:0 (G4Tubs) ... OK! 
Checking overlaps for volume rf_c_641:0 (G4Tubs) ... OK! 
BLCMDpillbox::construct rf_c_641 parent= relZ=96639.9 globZ=96639.9
	zmin=96529.9 zmax=96750.0
Checking overlaps for volume rf_d_642Pipe:0 (G4Tubs) ... OK! 
Checking overlaps for volume rf_d_642UsWall:0 (G4Tubs) ... OK! 
Checking overlaps for volume rf_d_642DsWall:0 (G4Tubs) ... OK! 
Checking overlaps for volume rf_d_642UsWin1:0 (G4Tubs) ... OK! 
Checking overlaps for volume rf_d_642DsWin1:0 (G4Tubs) ... OK! 
Checking overlaps for volume rf_d_642UsWin2:0 (G4Tubs) ... OK! 
Checking overlaps for volume rf_d_642DsWin2:0 (G4Tubs) ... OK! 
Checking overlaps for volume rf_d_642DsHalf:0 (G4Tubs) ... OK! 
Checking overlaps for volume rf_d_642TimingVol:0 (G4Tubs) ... OK! 
Checking overlaps for volume rf_d_642:0 (G4Tubs) ... OK! 
BLCMDpillbox::construct rf_d_642 parent= relZ=96860.1 globZ=96860.1
	zmin=96750.0 zmax=96970.1
Checking overlaps for volume rf_e_643Pipe:0 (G4Tubs) ... OK! 
Checking overlaps for volume rf_e_643UsWall:0 (G4Tubs) ... OK! 
Checking overlaps for volume rf_e_643DsWall:0 (G4Tubs) ... OK! 
Checking overlaps for volume rf_e_643UsWin1:0 (G4Tubs) ... OK! 
Checking overlaps for volume rf_e_643DsWin1:0 (G4Tubs) ... OK! 
Checking overlaps for volume rf_e_643UsWin2:0 (G4Tubs) ... OK! 
Checking overlaps for volume rf_e_643DsWin2:0 (G4Tubs) ... OK! 
Checking overlaps for volume rf_e_643DsHalf:0 (G4Tubs) ... OK! 
Checking overlaps for volume rf_e_643TimingVol:0 (G4Tubs) ... OK! 
BLCMDpillbox::construct rf_e_643 parent= relZ=97080.1 globZ=97080.1
	zmin=96970.1 zmax=97190.2
Checking overlaps for volume rf_e_643:0 (G4Tubs) ... Checking overlaps for volume rf_b_650Pipe:0 (G4Tubs) ... OK! 
Checking overlaps for volume rf_b_650UsWall:0 (G4Tubs) ... OK! 
Checking overlaps for volume rf_b_650DsWall:0 (G4Tubs) ... OK! 
Checking overlaps for volume rf_b_650UsWin1:0 (G4Tubs) ... OK! 
Checking overlaps for volume rf_b_650DsWin1:0 (G4Tubs) ... OK! 
Checking overlaps for volume rf_b_650UsWin2:0 (G4Tubs) ... OK! 
Checking overlaps for volume rf_b_650DsWin2:0 (G4Tubs) ... OK! 
Checking overlaps for volume rf_b_650DsHalf:0 (G4Tubs) ... OK! 
Checking overlaps for volume rf_b_650TimingVol:0 (G4Tubs) ... OK! 
BLCMDpillbox::construct rf_b_650 parent= relZ=97919.9 globZ=97919.9
	zmin=97809.8 zmax=98029.9
Checking overlaps for volume rf_b_650:0 (G4Tubs) ... Checking overlaps for volume rf_c_651Pipe:0 (G4Tubs) ... OK! 
Checking overlaps for volume rf_c_651UsWall:0 (G4Tubs) ... OK! 
Checking overlaps for volume rf_c_651DsWall:0 (G4Tubs) ... OK! 
Checking overlaps for volume rf_c_651UsWin1:0 (G4Tubs) ... OK! 
Checking overlaps for volume rf_c_651DsWin1:0 (G4Tubs) ... OK! 
Checking overlaps for volume rf_c_651UsWin2:0 (G4Tubs) ... OK! 
Checking overlaps for volume rf_c_651DsWin2:0 (G4Tubs) ... OK! 
Checking overlaps for volume rf_c_651DsHalf:0 (G4Tubs) ... OK! 
Checking overlaps for volume rf_c_651TimingVol:0 (G4Tubs) ... OK! 
Checking overlaps for volume rf_c_651:0 (G4Tubs) ... OK! 
BLCMDpillbox::construct rf_c_651 parent= relZ=98139.9 globZ=98139.9
	zmin=98029.9 zmax=98250.0
Checking overlaps for volume rf_d_652Pipe:0 (G4Tubs) ... OK! 
Checking overlaps for volume rf_d_652UsWall:0 (G4Tubs) ... OK! 
Checking overlaps for volume rf_d_652DsWall:0 (G4Tubs) ... OK! 
Checking overlaps for volume rf_d_652UsWin1:0 (G4Tubs) ... OK! 
Checking overlaps for volume rf_d_652DsWin1:0 (G4Tubs) ... OK! 
Checking overlaps for volume rf_d_652UsWin2:0 (G4Tubs) ... OK! 
Checking overlaps for volume rf_d_652DsWin2:0 (G4Tubs) ... OK! 
Checking overlaps for volume rf_d_652DsHalf:0 (G4Tubs) ... OK! 
Checking overlaps for volume rf_d_652TimingVol:0 (G4Tubs) ... OK! 
Checking overlaps for volume rf_d_652:0 (G4Tubs) ... OK! 
BLCMDpillbox::construct rf_d_652 parent= relZ=98360.1 globZ=98360.1
	zmin=98250.0 zmax=98470.1
Checking overlaps for volume rf_e_653Pipe:0 (G4Tubs) ... OK! 
Checking overlaps for volume rf_e_653UsWall:0 (G4Tubs) ... OK! 
Checking overlaps for volume rf_e_653DsWall:0 (G4Tubs) ... OK! 
Checking overlaps for volume rf_e_653UsWin1:0 (G4Tubs) ... OK! 
Checking overlaps for volume rf_e_653DsWin1:0 (G4Tubs) ... OK! 
Checking overlaps for volume rf_e_653UsWin2:0 (G4Tubs) ... OK! 
Checking overlaps for volume rf_e_653DsWin2:0 (G4Tubs) ... OK! 
Checking overlaps for volume rf_e_653DsHalf:0 (G4Tubs) ... OK! 
Checking overlaps for volume rf_e_653TimingVol:0 (G4Tubs) ... OK! 
Checking overlaps for volume rf_e_653:0 (G4Tubs) ... OK! 
BLCMDpillbox::construct rf_e_653 parent= relZ=98580.1 globZ=98580.1
	zmin=98470.1 zmax=98690.2
Checking overlaps for volume wedge_0:0 (G4Trap) ... OK! 
BLCMDtrap::Construct wedge_0 parent= relZ=0.0 globZ=0.0
	zmin=-76.4 zmax=76.4 kill=0
Checking overlaps for volume wedge_1:0 (G4Trap) ... OK! 
BLCMDtrap::Construct wedge_1 parent= relZ=1500.0 globZ=1500.0
	zmin=1423.6 zmax=1576.4 kill=0
Checking overlaps for volume wedge_2:0 (G4Trap) ... OK! 
BLCMDtrap::Construct wedge_2 parent= relZ=3000.0 globZ=3000.0
	zmin=2923.6 zmax=3076.4 kill=0
Checking overlaps for volume wedge_3:0 (G4Trap) ... OK! 
BLCMDtrap::Construct wedge_3 parent= relZ=4500.0 globZ=4500.0
	zmin=4423.6 zmax=4576.4 kill=0
Checking overlaps for volume wedge_4:0 (G4Trap) ... OK! 
BLCMDtrap::Construct wedge_4 parent= relZ=6000.0 globZ=6000.0
	zmin=5923.6 zmax=6076.4 kill=0
Checking overlaps for volume wedge_5:0 (G4Trap) ... OK! 
BLCMDtrap::Construct wedge_5 parent= relZ=7500.0 globZ=7500.0
	zmin=7423.6 zmax=7576.4 kill=0
Checking overlaps for volume wedge_6:0 (G4Trap) ... OK! 
BLCMDtrap::Construct wedge_6 parent= relZ=9000.0 globZ=9000.0
	zmin=8923.6 zmax=9076.4 kill=0
Checking overlaps for volume wedge_7:0 (G4Trap) ... OK! 
BLCMDtrap::Construct wedge_7 parent= relZ=10500.0 globZ=10500.0
	zmin=10423.6 zmax=10576.4 kill=0
Checking overlaps for volume wedge_8:0 (G4Trap) ... OK! 
BLCMDtrap::Construct wedge_8 parent= relZ=12000.0 globZ=12000.0
	zmin=11923.6 zmax=12076.4 kill=0
Checking overlaps for volume wedge_9:0 (G4Trap) ... OK! 
BLCMDtrap::Construct wedge_9 parent= relZ=13500.0 globZ=13500.0
	zmin=13423.6 zmax=13576.4 kill=0
Checking overlaps for volume wedge_10:0 (G4Trap) ... OK! 
BLCMDtrap::Construct wedge_10 parent= relZ=15000.0 globZ=15000.0
	zmin=14923.6 zmax=15076.4 kill=0
Checking overlaps for volume wedge_11:0 (G4Trap) ... OK! 
BLCMDtrap::Construct wedge_11 parent= relZ=16500.0 globZ=16500.0
	zmin=16423.6 zmax=16576.4 kill=0
Checking overlaps for volume wedge_12:0 (G4Trap) ... OK! 
BLCMDtrap::Construct wedge_12 parent= relZ=18000.0 globZ=18000.0
	zmin=17923.6 zmax=18076.4 kill=0
Checking overlaps for volume wedge_13:0 (G4Trap) ... OK! 
BLCMDtrap::Construct wedge_13 parent= relZ=19500.0 globZ=19500.0
	zmin=19423.6 zmax=19576.4 kill=0
Checking overlaps for volume wedge_14:0 (G4Trap) ... OK! 
BLCMDtrap::Construct wedge_14 parent= relZ=21000.0 globZ=21000.0
	zmin=20923.6 zmax=21076.4 kill=0
Checking overlaps for volume wedge_15:0 (G4Trap) ... OK! 
BLCMDtrap::Construct wedge_15 parent= relZ=22500.0 globZ=22500.0
	zmin=22423.6 zmax=22576.4 kill=0
Checking overlaps for volume wedge_16:0 (G4Trap) ... OK! 
BLCMDtrap::Construct wedge_16 parent= relZ=24000.0 globZ=24000.0
	zmin=23923.6 zmax=24076.4 kill=0
Checking overlaps for volume wedge_17:0 (G4Trap) ... OK! 
BLCMDtrap::Construct wedge_17 parent= relZ=25500.0 globZ=25500.0
	zmin=25423.6 zmax=25576.4 kill=0
Checking overlaps for volume wedge_18:0 (G4Trap) ... OK! 
BLCMDtrap::Construct wedge_18 parent= relZ=27000.0 globZ=27000.0
	zmin=26923.6 zmax=27076.4 kill=0
Checking overlaps for volume wedge_19:0 (G4Trap) ... OK! 
BLCMDtrap::Construct wedge_19 parent= relZ=28500.0 globZ=28500.0
	zmin=28423.6 zmax=28576.4 kill=0
Checking overlaps for volume wedge_20:0 (G4Trap) ... OK! 
BLCMDtrap::Construct wedge_20 parent= relZ=30000.0 globZ=30000.0
	zmin=29923.6 zmax=30076.4 kill=0
Checking overlaps for volume wedge_21:0 (G4Trap) ... OK! 
BLCMDtrap::Construct wedge_21 parent= relZ=31500.0 globZ=31500.0
	zmin=31423.6 zmax=31576.4 kill=0
Checking overlaps for volume wedge_22:0 (G4Trap) ... OK! 
BLCMDtrap::Construct wedge_22 parent= relZ=33000.0 globZ=33000.0
	zmin=32923.6 zmax=33076.4 kill=0
Checking overlaps for volume wedge_23:0 (G4Trap) ... OK! 
BLCMDtrap::Construct wedge_23 parent= relZ=34500.0 globZ=34500.0
	zmin=34423.6 zmax=34576.4 kill=0
Checking overlaps for volume wedge_24:0 (G4Trap) ... OK! 
BLCMDtrap::Construct wedge_24 parent= relZ=36000.0 globZ=36000.0
	zmin=35923.6 zmax=36076.4 kill=0
Checking overlaps for volume wedge_25:0 (G4Trap) ... OK! 
BLCMDtrap::Construct wedge_25 parent= relZ=37500.0 globZ=37500.0
	zmin=37423.6 zmax=37576.4 kill=0
Checking overlaps for volume wedge_26:0 (G4Trap) ... OK! 
BLCMDtrap::Construct wedge_26 parent= relZ=39000.0 globZ=39000.0
	zmin=38923.6 zmax=39076.4 kill=0
Checking overlaps for volume wedge_27:0 (G4Trap) ... OK! 
BLCMDtrap::Construct wedge_27 parent= relZ=40500.0 globZ=40500.0
	zmin=40423.6 zmax=40576.4 kill=0
Checking overlaps for volume wedge_28:0 (G4Trap) ... OK! 
BLCMDtrap::Construct wedge_28 parent= relZ=42000.0 globZ=42000.0
	zmin=41923.6 zmax=42076.4 kill=0
Checking overlaps for volume wedge_29:0 (G4Trap) ... OK! 
BLCMDtrap::Construct wedge_29 parent= relZ=43500.0 globZ=43500.0
	zmin=43423.6 zmax=43576.4 kill=0
Checking overlaps for volume wedge_30:0 (G4Trap) ... OK! 
BLCMDtrap::Construct wedge_30 parent= relZ=45000.0 globZ=45000.0
	zmin=44923.6 zmax=45076.4 kill=0
Checking overlaps for volume wedge_31:0 (G4Trap) ... OK! 
BLCMDtrap::Construct wedge_31 parent= relZ=46500.0 globZ=46500.0
	zmin=46423.6 zmax=46576.4 kill=0
Checking overlaps for volume wedge_32:0 (G4Trap) ... OK! 
BLCMDtrap::Construct wedge_32 parent= relZ=48000.0 globZ=48000.0
	zmin=47923.6 zmax=48076.4 kill=0
Checking overlaps for volume wedge_33:0 (G4Trap) ... OK! 
BLCMDtrap::Construct wedge_33 parent= relZ=49500.0 globZ=49500.0
	zmin=49423.6 zmax=49576.4 kill=0
Checking overlaps for volume wedge_34:0 (G4Trap) ... OK! 
BLCMDtrap::Construct wedge_34 parent= relZ=51000.0 globZ=51000.0
	zmin=50923.6 zmax=51076.4 kill=0
Checking overlaps for volume wedge_35:0 (G4Trap) ... OK! 
BLCMDtrap::Construct wedge_35 parent= relZ=52500.0 globZ=52500.0
	zmin=52423.6 zmax=52576.4 kill=0
Checking overlaps for volume wedge_36:0 (G4Trap) ... OK! 
BLCMDtrap::Construct wedge_36 parent= relZ=54000.0 globZ=54000.0
	zmin=53923.6 zmax=54076.4 kill=0
Checking overlaps for volume wedge_37:0 (G4Trap) ... OK! 
BLCMDtrap::Construct wedge_37 parent= relZ=55500.0 globZ=55500.0
	zmin=55423.6 zmax=55576.4 kill=0
Checking overlaps for volume wedge_38:0 (G4Trap) ... OK! 
BLCMDtrap::Construct wedge_38 parent= relZ=57000.0 globZ=57000.0
	zmin=56923.6 zmax=57076.4 kill=0
Checking overlaps for volume wedge_39:0 (G4Trap) ... OK! 
BLCMDtrap::Construct wedge_39 parent= relZ=58500.0 globZ=58500.0
	zmin=58423.6 zmax=58576.4 kill=0
Checking overlaps for volume wedge_40:0 (G4Trap) ... OK! 
BLCMDtrap::Construct wedge_40 parent= relZ=60000.0 globZ=60000.0
	zmin=59923.6 zmax=60076.4 kill=0
Checking overlaps for volume wedge_41:0 (G4Trap) ... OK! 
BLCMDtrap::Construct wedge_41 parent= relZ=61500.0 globZ=61500.0
	zmin=61423.6 zmax=61576.4 kill=0
Checking overlaps for volume wedge_42:0 (G4Trap) ... OK! 
BLCMDtrap::Construct wedge_42 parent= relZ=63000.0 globZ=63000.0
	zmin=62923.6 zmax=63076.4 kill=0
Checking overlaps for volume wedge_43:0 (G4Trap) ... OK! 
BLCMDtrap::Construct wedge_43 parent= relZ=64500.0 globZ=64500.0
	zmin=64423.6 zmax=64576.4 kill=0
Checking overlaps for volume wedge_44:0 (G4Trap) ... OK! 
BLCMDtrap::Construct wedge_44 parent= relZ=66000.0 globZ=66000.0
	zmin=65923.6 zmax=66076.4 kill=0
Checking overlaps for volume wedge_45:0 (G4Trap) ... OK! 
BLCMDtrap::Construct wedge_45 parent= relZ=67500.0 globZ=67500.0
	zmin=67423.6 zmax=67576.4 kill=0
Checking overlaps for volume wedge_46:0 (G4Trap) ... OK! 
BLCMDtrap::Construct wedge_46 parent= relZ=69000.0 globZ=69000.0
	zmin=68923.6 zmax=69076.4 kill=0
Checking overlaps for volume wedge_47:0 (G4Trap) ... OK! 
BLCMDtrap::Construct wedge_47 parent= relZ=70500.0 globZ=70500.0
	zmin=70423.6 zmax=70576.4 kill=0
Checking overlaps for volume wedge_48:0 (G4Trap) ... OK! 
BLCMDtrap::Construct wedge_48 parent= relZ=72000.0 globZ=72000.0
	zmin=71923.6 zmax=72076.4 kill=0
Checking overlaps for volume wedge_49:0 (G4Trap) ... OK! 
BLCMDtrap::Construct wedge_49 parent= relZ=73500.0 globZ=73500.0
	zmin=73423.6 zmax=73576.4 kill=0
Checking overlaps for volume wedge_50:0 (G4Trap) ... OK! 
BLCMDtrap::Construct wedge_50 parent= relZ=75000.0 globZ=75000.0
	zmin=74923.6 zmax=75076.4 kill=0
Checking overlaps for volume wedge_51:0 (G4Trap) ... OK! 
BLCMDtrap::Construct wedge_51 parent= relZ=76500.0 globZ=76500.0
	zmin=76423.6 zmax=76576.4 kill=0
Checking overlaps for volume wedge_52:0 (G4Trap) ... OK! 
BLCMDtrap::Construct wedge_52 parent= relZ=78000.0 globZ=78000.0
	zmin=77923.6 zmax=78076.4 kill=0
Checking overlaps for volume wedge_53:0 (G4Trap) ... OK! 
BLCMDtrap::Construct wedge_53 parent= relZ=79500.0 globZ=79500.0
	zmin=79423.6 zmax=79576.4 kill=0
Checking overlaps for volume wedge_54:0 (G4Trap) ... OK! 
BLCMDtrap::Construct wedge_54 parent= relZ=81000.0 globZ=81000.0
	zmin=80923.6 zmax=81076.4 kill=0
Checking overlaps for volume wedge_55:0 (G4Trap) ... OK! 
BLCMDtrap::Construct wedge_55 parent= relZ=82500.0 globZ=82500.0
	zmin=82423.6 zmax=82576.4 kill=0
Checking overlaps for volume wedge_56:0 (G4Trap) ... OK! 
BLCMDtrap::Construct wedge_56 parent= relZ=84000.0 globZ=84000.0
	zmin=83923.6 zmax=84076.4 kill=0
Checking overlaps for volume wedge_57:0 (G4Trap) ... OK! 
BLCMDtrap::Construct wedge_57 parent= relZ=85500.0 globZ=85500.0
	zmin=85423.6 zmax=85576.4 kill=0
Checking overlaps for volume wedge_58:0 (G4Trap) ... OK! 
BLCMDtrap::Construct wedge_58 parent= relZ=87000.0 globZ=87000.0
	zmin=86923.6 zmax=87076.4 kill=0
Checking overlaps for volume wedge_59:0 (G4Trap) ... OK! 
BLCMDtrap::Construct wedge_59 parent= relZ=88500.0 globZ=88500.0
	zmin=88423.6 zmax=88576.4 kill=0
Checking overlaps for volume wedge_60:0 (G4Trap) ... OK! 
BLCMDtrap::Construct wedge_60 parent= relZ=90000.0 globZ=90000.0
	zmin=89923.6 zmax=90076.4 kill=0
Checking overlaps for volume wedge_61:0 (G4Trap) ... OK! 
BLCMDtrap::Construct wedge_61 parent= relZ=91500.0 globZ=91500.0
	zmin=91423.6 zmax=91576.4 kill=0
Checking overlaps for volume wedge_62:0 (G4Trap) ... OK! 
BLCMDtrap::Construct wedge_62 parent= relZ=93000.0 globZ=93000.0
	zmin=92923.6 zmax=93076.4 kill=0
Checking overlaps for volume wedge_63:0 (G4Trap) ... OK! 
BLCMDtrap::Construct wedge_63 parent= relZ=94500.0 globZ=94500.0
	zmin=94423.6 zmax=94576.4 kill=0
Checking overlaps for volume wedge_64:0 (G4Trap) ... OK! 
BLCMDtrap::Construct wedge_64 parent= relZ=96000.0 globZ=96000.0
	zmin=95923.6 zmax=96076.4 kill=0
Checking overlaps for volume wedge_65:0 (G4Trap) ... OK! 
BLCMDtrap::Construct wedge_65 parent= relZ=97500.0 globZ=97500.0
	zmin=97423.6 zmax=97576.4 kill=0
Checking overlaps for volume wedge_window:0 (G4Box) ... OK! 
BLCMDbox::Construct wedge_window parent= relZ=-120.4 globZ=-120.4
	zmin=-120.4 zmax=-120.3
Checking overlaps for volume wedge_window:0 (G4Box) ... OK! 
BLCMDbox::Construct wedge_window parent= relZ=120.4 globZ=120.4
	zmin=120.3 zmax=120.4
Checking overlaps for volume wedge_window:0 (G4Box) ... OK! 
BLCMDbox::Construct wedge_window parent= relZ=1379.6 globZ=1379.6
	zmin=1379.6 zmax=1379.7
Checking overlaps for volume wedge_window:0 (G4Box) ... OK! 
BLCMDbox::Construct wedge_window parent= relZ=1620.4 globZ=1620.4
	zmin=1620.3 zmax=1620.4
Checking overlaps for volume wedge_window:0 (G4Box) ... OK! 
BLCMDbox::Construct wedge_window parent= relZ=2879.6 globZ=2879.6
	zmin=2879.6 zmax=2879.7
Checking overlaps for volume wedge_window:0 (G4Box) ... OK! 
BLCMDbox::Construct wedge_window parent= relZ=3120.4 globZ=3120.4
	zmin=3120.3 zmax=3120.4
Checking overlaps for volume wedge_window:0 (G4Box) ... OK! 
BLCMDbox::Construct wedge_window parent= relZ=4379.6 globZ=4379.6
	zmin=4379.6 zmax=4379.7
Checking overlaps for volume wedge_window:0 (G4Box) ... OK! 
BLCMDbox::Construct wedge_window parent= relZ=4620.4 globZ=4620.4
	zmin=4620.3 zmax=4620.4
Checking overlaps for volume wedge_window:0 (G4Box) ... OK! 
BLCMDbox::Construct wedge_window parent= relZ=5879.6 globZ=5879.6
	zmin=5879.6 zmax=5879.7
Checking overlaps for volume wedge_window:0 (G4Box) ... OK! 
BLCMDbox::Construct wedge_window parent= relZ=6120.4 globZ=6120.4
	zmin=6120.3 zmax=6120.4
Checking overlaps for volume wedge_window:0 (G4Box) ... OK! 
BLCMDbox::Construct wedge_window parent= relZ=7379.6 globZ=7379.6
	zmin=7379.6 zmax=7379.7
Checking overlaps for volume wedge_window:0 (G4Box) ... OK! 
BLCMDbox::Construct wedge_window parent= relZ=7620.4 globZ=7620.4
	zmin=7620.3 zmax=7620.4
Checking overlaps for volume wedge_window:0 (G4Box) ... OK! 
BLCMDbox::Construct wedge_window parent= relZ=8879.6 globZ=8879.6
	zmin=8879.6 zmax=8879.7
Checking overlaps for volume wedge_window:0 (G4Box) ... OK! 
BLCMDbox::Construct wedge_window parent= relZ=9120.4 globZ=9120.4
	zmin=9120.3 zmax=9120.4
Checking overlaps for volume wedge_window:0 (G4Box) ... OK! 
BLCMDbox::Construct wedge_window parent= relZ=10379.6 globZ=10379.6
	zmin=10379.6 zmax=10379.7
Checking overlaps for volume wedge_window:0 (G4Box) ... OK! 
BLCMDbox::Construct wedge_window parent= relZ=10620.4 globZ=10620.4
	zmin=10620.3 zmax=10620.4
Checking overlaps for volume wedge_window:0 (G4Box) ... OK! 
BLCMDbox::Construct wedge_window parent= relZ=11879.6 globZ=11879.6
	zmin=11879.6 zmax=11879.7
Checking overlaps for volume wedge_window:0 (G4Box) ... OK! 
BLCMDbox::Construct wedge_window parent= relZ=12120.4 globZ=12120.4
	zmin=12120.3 zmax=12120.4
Checking overlaps for volume wedge_window:0 (G4Box) ... OK! 
BLCMDbox::Construct wedge_window parent= relZ=13379.6 globZ=13379.6
	zmin=13379.6 zmax=13379.7
Checking overlaps for volume wedge_window:0 (G4Box) ... OK! 
BLCMDbox::Construct wedge_window parent= relZ=13620.4 globZ=13620.4
	zmin=13620.3 zmax=13620.4
Checking overlaps for volume wedge_window:0 (G4Box) ... OK! 
BLCMDbox::Construct wedge_window parent= relZ=14879.6 globZ=14879.6
	zmin=14879.6 zmax=14879.7
Checking overlaps for volume wedge_window:0 (G4Box) ... OK! 
BLCMDbox::Construct wedge_window parent= relZ=15120.4 globZ=15120.4
	zmin=15120.3 zmax=15120.4
Checking overlaps for volume wedge_window:0 (G4Box) ... OK! 
BLCMDbox::Construct wedge_window parent= relZ=16379.6 globZ=16379.6
	zmin=16379.6 zmax=16379.7
Checking overlaps for volume wedge_window:0 (G4Box) ... OK! 
BLCMDbox::Construct wedge_window parent= relZ=16620.4 globZ=16620.4
	zmin=16620.3 zmax=16620.4
Checking overlaps for volume wedge_window:0 (G4Box) ... OK! 
BLCMDbox::Construct wedge_window parent= relZ=17879.6 globZ=17879.6
	zmin=17879.6 zmax=17879.7
Checking overlaps for volume wedge_window:0 (G4Box) ... OK! 
BLCMDbox::Construct wedge_window parent= relZ=18120.4 globZ=18120.4
	zmin=18120.3 zmax=18120.4
Checking overlaps for volume wedge_window:0 (G4Box) ... OK! 
BLCMDbox::Construct wedge_window parent= relZ=19379.6 globZ=19379.6
	zmin=19379.6 zmax=19379.7
Checking overlaps for volume wedge_window:0 (G4Box) ... OK! 
BLCMDbox::Construct wedge_window parent= relZ=19620.4 globZ=19620.4
	zmin=19620.3 zmax=19620.4
Checking overlaps for volume wedge_window:0 (G4Box) ... OK! 
BLCMDbox::Construct wedge_window parent= relZ=20879.6 globZ=20879.6
	zmin=20879.6 zmax=20879.7
Checking overlaps for volume wedge_window:0 (G4Box) ... OK! 
BLCMDbox::Construct wedge_window parent= relZ=21120.4 globZ=21120.4
	zmin=21120.3 zmax=21120.4
Checking overlaps for volume wedge_window:0 (G4Box) ... OK! 
BLCMDbox::Construct wedge_window parent= relZ=22379.6 globZ=22379.6
	zmin=22379.6 zmax=22379.7
Checking overlaps for volume wedge_window:0 (G4Box) ... OK! 
BLCMDbox::Construct wedge_window parent= relZ=22620.4 globZ=22620.4
	zmin=22620.3 zmax=22620.4
Checking overlaps for volume wedge_window:0 (G4Box) ... OK! 
BLCMDbox::Construct wedge_window parent= relZ=23879.6 globZ=23879.6
	zmin=23879.6 zmax=23879.7
Checking overlaps for volume wedge_window:0 (G4Box) ... OK! 
BLCMDbox::Construct wedge_window parent= relZ=24120.4 globZ=24120.4
	zmin=24120.3 zmax=24120.4
Checking overlaps for volume wedge_window:0 (G4Box) ... OK! 
BLCMDbox::Construct wedge_window parent= relZ=25379.6 globZ=25379.6
	zmin=25379.6 zmax=25379.7
Checking overlaps for volume wedge_window:0 (G4Box) ... OK! 
BLCMDbox::Construct wedge_window parent= relZ=25620.4 globZ=25620.4
	zmin=25620.3 zmax=25620.4
Checking overlaps for volume wedge_window:0 (G4Box) ... OK! 
BLCMDbox::Construct wedge_window parent= relZ=26879.6 globZ=26879.6
	zmin=26879.6 zmax=26879.7
Checking overlaps for volume wedge_window:0 (G4Box) ... OK! 
BLCMDbox::Construct wedge_window parent= relZ=27120.4 globZ=27120.4
	zmin=27120.3 zmax=27120.4
Checking overlaps for volume wedge_window:0 (G4Box) ... OK! 
BLCMDbox::Construct wedge_window parent= relZ=28379.6 globZ=28379.6
	zmin=28379.6 zmax=28379.7
Checking overlaps for volume wedge_window:0 (G4Box) ... OK! 
BLCMDbox::Construct wedge_window parent= relZ=28620.4 globZ=28620.4
	zmin=28620.3 zmax=28620.4
Checking overlaps for volume wedge_window:0 (G4Box) ... OK! 
BLCMDbox::Construct wedge_window parent= relZ=29879.6 globZ=29879.6
	zmin=29879.6 zmax=29879.7
Checking overlaps for volume wedge_window:0 (G4Box) ... OK! 
BLCMDbox::Construct wedge_window parent= relZ=30120.4 globZ=30120.4
	zmin=30120.3 zmax=30120.4
Checking overlaps for volume wedge_window:0 (G4Box) ... OK! 
BLCMDbox::Construct wedge_window parent= relZ=31379.6 globZ=31379.6
	zmin=31379.6 zmax=31379.7
Checking overlaps for volume wedge_window:0 (G4Box) ... OK! 
BLCMDbox::Construct wedge_window parent= relZ=31620.4 globZ=31620.4
	zmin=31620.3 zmax=31620.4
Checking overlaps for volume wedge_window:0 (G4Box) ... OK! 
BLCMDbox::Construct wedge_window parent= relZ=32879.6 globZ=32879.6
	zmin=32879.6 zmax=32879.7
Checking overlaps for volume wedge_window:0 (G4Box) ... OK! 
BLCMDbox::Construct wedge_window parent= relZ=33120.4 globZ=33120.4
	zmin=33120.3 zmax=33120.4
Checking overlaps for volume wedge_window:0 (G4Box) ... OK! 
BLCMDbox::Construct wedge_window parent= relZ=34379.6 globZ=34379.6
	zmin=34379.6 zmax=34379.7
Checking overlaps for volume wedge_window:0 (G4Box) ... OK! 
BLCMDbox::Construct wedge_window parent= relZ=34620.4 globZ=34620.4
	zmin=34620.3 zmax=34620.4
Checking overlaps for volume wedge_window:0 (G4Box) ... OK! 
BLCMDbox::Construct wedge_window parent= relZ=35879.6 globZ=35879.6
	zmin=35879.6 zmax=35879.7
Checking overlaps for volume wedge_window:0 (G4Box) ... OK! 
BLCMDbox::Construct wedge_window parent= relZ=36120.4 globZ=36120.4
	zmin=36120.3 zmax=36120.4
Checking overlaps for volume wedge_window:0 (G4Box) ... OK! 
BLCMDbox::Construct wedge_window parent= relZ=37379.6 globZ=37379.6
	zmin=37379.6 zmax=37379.7
Checking overlaps for volume wedge_window:0 (G4Box) ... OK! 
BLCMDbox::Construct wedge_window parent= relZ=37620.4 globZ=37620.4
	zmin=37620.3 zmax=37620.4
Checking overlaps for volume wedge_window:0 (G4Box) ... OK! 
BLCMDbox::Construct wedge_window parent= relZ=38879.6 globZ=38879.6
	zmin=38879.6 zmax=38879.7
Checking overlaps for volume wedge_window:0 (G4Box) ... OK! 
BLCMDbox::Construct wedge_window parent= relZ=39120.4 globZ=39120.4
	zmin=39120.3 zmax=39120.4
Checking overlaps for volume wedge_window:0 (G4Box) ... OK! 
BLCMDbox::Construct wedge_window parent= relZ=40379.6 globZ=40379.6
	zmin=40379.6 zmax=40379.7
Checking overlaps for volume wedge_window:0 (G4Box) ... OK! 
BLCMDbox::Construct wedge_window parent= relZ=40620.4 globZ=40620.4
	zmin=40620.3 zmax=40620.4
Checking overlaps for volume wedge_window:0 (G4Box) ... OK! 
BLCMDbox::Construct wedge_window parent= relZ=41879.6 globZ=41879.6
	zmin=41879.6 zmax=41879.7
Checking overlaps for volume wedge_window:0 (G4Box) ... OK! 
BLCMDbox::Construct wedge_window parent= relZ=42120.4 globZ=42120.4
	zmin=42120.3 zmax=42120.4
Checking overlaps for volume wedge_window:0 (G4Box) ... OK! 
BLCMDbox::Construct wedge_window parent= relZ=43379.6 globZ=43379.6
	zmin=43379.6 zmax=43379.7
Checking overlaps for volume wedge_window:0 (G4Box) ... OK! 
BLCMDbox::Construct wedge_window parent= relZ=43620.4 globZ=43620.4
	zmin=43620.3 zmax=43620.4
Checking overlaps for volume wedge_window:0 (G4Box) ... OK! 
BLCMDbox::Construct wedge_window parent= relZ=44879.6 globZ=44879.6
	zmin=44879.6 zmax=44879.7
Checking overlaps for volume wedge_window:0 (G4Box) ... OK! 
BLCMDbox::Construct wedge_window parent= relZ=45120.4 globZ=45120.4
	zmin=45120.3 zmax=45120.4
Checking overlaps for volume wedge_window:0 (G4Box) ... OK! 
BLCMDbox::Construct wedge_window parent= relZ=46379.6 globZ=46379.6
	zmin=46379.6 zmax=46379.7
Checking overlaps for volume wedge_window:0 (G4Box) ... OK! 
BLCMDbox::Construct wedge_window parent= relZ=46620.4 globZ=46620.4
	zmin=46620.3 zmax=46620.4
Checking overlaps for volume wedge_window:0 (G4Box) ... OK! 
BLCMDbox::Construct wedge_window parent= relZ=47879.6 globZ=47879.6
	zmin=47879.6 zmax=47879.7
Checking overlaps for volume wedge_window:0 (G4Box) ... OK! 
BLCMDbox::Construct wedge_window parent= relZ=48120.4 globZ=48120.4
	zmin=48120.3 zmax=48120.4
Checking overlaps for volume wedge_window:0 (G4Box) ... OK! 
BLCMDbox::Construct wedge_window parent= relZ=49379.6 globZ=49379.6
	zmin=49379.6 zmax=49379.7
Checking overlaps for volume wedge_window:0 (G4Box) ... OK! 
BLCMDbox::Construct wedge_window parent= relZ=49620.4 globZ=49620.4
	zmin=49620.3 zmax=49620.4
Checking overlaps for volume wedge_window:0 (G4Box) ... OK! 
BLCMDbox::Construct wedge_window parent= relZ=50879.6 globZ=50879.6
	zmin=50879.6 zmax=50879.7
Checking overlaps for volume wedge_window:0 (G4Box) ... OK! 
BLCMDbox::Construct wedge_window parent= relZ=51120.4 globZ=51120.4
	zmin=51120.3 zmax=51120.4
Checking overlaps for volume wedge_window:0 (G4Box) ... OK! 
BLCMDbox::Construct wedge_window parent= relZ=52379.6 globZ=52379.6
	zmin=52379.6 zmax=52379.7
Checking overlaps for volume wedge_window:0 (G4Box) ... OK! 
BLCMDbox::Construct wedge_window parent= relZ=52620.4 globZ=52620.4
	zmin=52620.3 zmax=52620.4
Checking overlaps for volume wedge_window:0 (G4Box) ... OK! 
BLCMDbox::Construct wedge_window parent= relZ=53879.6 globZ=53879.6
	zmin=53879.6 zmax=53879.7
Checking overlaps for volume wedge_window:0 (G4Box) ... OK! 
BLCMDbox::Construct wedge_window parent= relZ=54120.4 globZ=54120.4
	zmin=54120.3 zmax=54120.4
Checking overlaps for volume wedge_window:0 (G4Box) ... OK! 
BLCMDbox::Construct wedge_window parent= relZ=55379.6 globZ=55379.6
	zmin=55379.6 zmax=55379.7
Checking overlaps for volume wedge_window:0 (G4Box) ... OK! 
BLCMDbox::Construct wedge_window parent= relZ=55620.4 globZ=55620.4
	zmin=55620.3 zmax=55620.4
Checking overlaps for volume wedge_window:0 (G4Box) ... OK! 
BLCMDbox::Construct wedge_window parent= relZ=56879.6 globZ=56879.6
	zmin=56879.6 zmax=56879.7
Checking overlaps for volume wedge_window:0 (G4Box) ... OK! 
BLCMDbox::Construct wedge_window parent= relZ=57120.4 globZ=57120.4
	zmin=57120.3 zmax=57120.4
Checking overlaps for volume wedge_window:0 (G4Box) ... OK! 
BLCMDbox::Construct wedge_window parent= relZ=58379.6 globZ=58379.6
	zmin=58379.6 zmax=58379.7
Checking overlaps for volume wedge_window:0 (G4Box) ... OK! 
BLCMDbox::Construct wedge_window parent= relZ=58620.4 globZ=58620.4
	zmin=58620.3 zmax=58620.4
Checking overlaps for volume wedge_window:0 (G4Box) ... OK! 
BLCMDbox::Construct wedge_window parent= relZ=59879.6 globZ=59879.6
	zmin=59879.6 zmax=59879.7
Checking overlaps for volume wedge_window:0 (G4Box) ... OK! 
BLCMDbox::Construct wedge_window parent= relZ=60120.4 globZ=60120.4
	zmin=60120.3 zmax=60120.4
Checking overlaps for volume wedge_window:0 (G4Box) ... OK! 
BLCMDbox::Construct wedge_window parent= relZ=61379.6 globZ=61379.6
	zmin=61379.6 zmax=61379.7
Checking overlaps for volume wedge_window:0 (G4Box) ... OK! 
BLCMDbox::Construct wedge_window parent= relZ=61620.4 globZ=61620.4
	zmin=61620.3 zmax=61620.4
Checking overlaps for volume wedge_window:0 (G4Box) ... OK! 
BLCMDbox::Construct wedge_window parent= relZ=62879.6 globZ=62879.6
	zmin=62879.6 zmax=62879.7
Checking overlaps for volume wedge_window:0 (G4Box) ... OK! 
BLCMDbox::Construct wedge_window parent= relZ=63120.4 globZ=63120.4
	zmin=63120.3 zmax=63120.4
Checking overlaps for volume wedge_window:0 (G4Box) ... OK! 
BLCMDbox::Construct wedge_window parent= relZ=64379.6 globZ=64379.6
	zmin=64379.6 zmax=64379.7
Checking overlaps for volume wedge_window:0 (G4Box) ... OK! 
BLCMDbox::Construct wedge_window parent= relZ=64620.4 globZ=64620.4
	zmin=64620.3 zmax=64620.4
Checking overlaps for volume wedge_window:0 (G4Box) ... OK! 
BLCMDbox::Construct wedge_window parent= relZ=65879.6 globZ=65879.6
	zmin=65879.6 zmax=65879.7
Checking overlaps for volume wedge_window:0 (G4Box) ... OK! 
BLCMDbox::Construct wedge_window parent= relZ=66120.4 globZ=66120.4
	zmin=66120.3 zmax=66120.4
Checking overlaps for volume wedge_window:0 (G4Box) ... OK! 
BLCMDbox::Construct wedge_window parent= relZ=67379.6 globZ=67379.6
	zmin=67379.6 zmax=67379.7
Checking overlaps for volume wedge_window:0 (G4Box) ... OK! 
BLCMDbox::Construct wedge_window parent= relZ=67620.4 globZ=67620.4
	zmin=67620.3 zmax=67620.4
Checking overlaps for volume wedge_window:0 (G4Box) ... OK! 
BLCMDbox::Construct wedge_window parent= relZ=68879.6 globZ=68879.6
	zmin=68879.6 zmax=68879.7
Checking overlaps for volume wedge_window:0 (G4Box) ... OK! 
BLCMDbox::Construct wedge_window parent= relZ=69120.4 globZ=69120.4
	zmin=69120.3 zmax=69120.4
Checking overlaps for volume wedge_window:0 (G4Box) ... OK! 
BLCMDbox::Construct wedge_window parent= relZ=70379.6 globZ=70379.6
	zmin=70379.6 zmax=70379.7
Checking overlaps for volume wedge_window:0 (G4Box) ... OK! 
BLCMDbox::Construct wedge_window parent= relZ=70620.4 globZ=70620.4
	zmin=70620.3 zmax=70620.4
Checking overlaps for volume wedge_window:0 (G4Box) ... OK! 
BLCMDbox::Construct wedge_window parent= relZ=71879.6 globZ=71879.6
	zmin=71879.6 zmax=71879.7
Checking overlaps for volume wedge_window:0 (G4Box) ... OK! 
BLCMDbox::Construct wedge_window parent= relZ=72120.4 globZ=72120.4
	zmin=72120.3 zmax=72120.4
Checking overlaps for volume wedge_window:0 (G4Box) ... OK! 
BLCMDbox::Construct wedge_window parent= relZ=73379.6 globZ=73379.6
	zmin=73379.6 zmax=73379.7
Checking overlaps for volume wedge_window:0 (G4Box) ... OK! 
BLCMDbox::Construct wedge_window parent= relZ=73620.4 globZ=73620.4
	zmin=73620.3 zmax=73620.4
Checking overlaps for volume wedge_window:0 (G4Box) ... OK! 
BLCMDbox::Construct wedge_window parent= relZ=74879.6 globZ=74879.6
	zmin=74879.6 zmax=74879.7
Checking overlaps for volume wedge_window:0 (G4Box) ... OK! 
BLCMDbox::Construct wedge_window parent= relZ=75120.4 globZ=75120.4
	zmin=75120.3 zmax=75120.4
Checking overlaps for volume wedge_window:0 (G4Box) ... OK! 
BLCMDbox::Construct wedge_window parent= relZ=76379.6 globZ=76379.6
	zmin=76379.6 zmax=76379.7
Checking overlaps for volume wedge_window:0 (G4Box) ... OK! 
BLCMDbox::Construct wedge_window parent= relZ=76620.4 globZ=76620.4
	zmin=76620.3 zmax=76620.4
Checking overlaps for volume wedge_window:0 (G4Box) ... OK! 
BLCMDbox::Construct wedge_window parent= relZ=77879.6 globZ=77879.6
	zmin=77879.6 zmax=77879.7
Checking overlaps for volume wedge_window:0 (G4Box) ... OK! 
BLCMDbox::Construct wedge_window parent= relZ=78120.4 globZ=78120.4
	zmin=78120.3 zmax=78120.4
Checking overlaps for volume wedge_window:0 (G4Box) ... OK! 
BLCMDbox::Construct wedge_window parent= relZ=79379.6 globZ=79379.6
	zmin=79379.6 zmax=79379.7
Checking overlaps for volume wedge_window:0 (G4Box) ... OK! 
BLCMDbox::Construct wedge_window parent= relZ=79620.4 globZ=79620.4
	zmin=79620.3 zmax=79620.4
Checking overlaps for volume wedge_window:0 (G4Box) ... OK! 
BLCMDbox::Construct wedge_window parent= relZ=80879.6 globZ=80879.6
	zmin=80879.6 zmax=80879.7
Checking overlaps for volume wedge_window:0 (G4Box) ... OK! 
BLCMDbox::Construct wedge_window parent= relZ=81120.4 globZ=81120.4
	zmin=81120.3 zmax=81120.4
Checking overlaps for volume wedge_window:0 (G4Box) ... OK! 
BLCMDbox::Construct wedge_window parent= relZ=82379.6 globZ=82379.6
	zmin=82379.6 zmax=82379.7
Checking overlaps for volume wedge_window:0 (G4Box) ... OK! 
BLCMDbox::Construct wedge_window parent= relZ=82620.4 globZ=82620.4
	zmin=82620.3 zmax=82620.4
Checking overlaps for volume wedge_window:0 (G4Box) ... OK! 
BLCMDbox::Construct wedge_window parent= relZ=83879.6 globZ=83879.6
	zmin=83879.6 zmax=83879.7
Checking overlaps for volume wedge_window:0 (G4Box) ... OK! 
BLCMDbox::Construct wedge_window parent= relZ=84120.4 globZ=84120.4
	zmin=84120.3 zmax=84120.4
Checking overlaps for volume wedge_window:0 (G4Box) ... OK! 
BLCMDbox::Construct wedge_window parent= relZ=85379.6 globZ=85379.6
	zmin=85379.6 zmax=85379.7
Checking overlaps for volume wedge_window:0 (G4Box) ... OK! 
BLCMDbox::Construct wedge_window parent= relZ=85620.4 globZ=85620.4
	zmin=85620.3 zmax=85620.4
Checking overlaps for volume wedge_window:0 (G4Box) ... OK! 
BLCMDbox::Construct wedge_window parent= relZ=86879.6 globZ=86879.6
	zmin=86879.6 zmax=86879.7
Checking overlaps for volume wedge_window:0 (G4Box) ... OK! 
BLCMDbox::Construct wedge_window parent= relZ=87120.4 globZ=87120.4
	zmin=87120.3 zmax=87120.4
Checking overlaps for volume wedge_window:0 (G4Box) ... OK! 
BLCMDbox::Construct wedge_window parent= relZ=88379.6 globZ=88379.6
	zmin=88379.6 zmax=88379.7
Checking overlaps for volume wedge_window:0 (G4Box) ... OK! 
BLCMDbox::Construct wedge_window parent= relZ=88620.4 globZ=88620.4
	zmin=88620.3 zmax=88620.4
Checking overlaps for volume wedge_window:0 (G4Box) ... OK! 
BLCMDbox::Construct wedge_window parent= relZ=89879.6 globZ=89879.6
	zmin=89879.6 zmax=89879.7
Checking overlaps for volume wedge_window:0 (G4Box) ... OK! 
BLCMDbox::Construct wedge_window parent= relZ=90120.4 globZ=90120.4
	zmin=90120.3 zmax=90120.4
Checking overlaps for volume wedge_window:0 (G4Box) ... OK! 
BLCMDbox::Construct wedge_window parent= relZ=91379.6 globZ=91379.6
	zmin=91379.6 zmax=91379.7
Checking overlaps for volume wedge_window:0 (G4Box) ... OK! 
BLCMDbox::Construct wedge_window parent= relZ=91620.4 globZ=91620.4
	zmin=91620.3 zmax=91620.4
Checking overlaps for volume wedge_window:0 (G4Box) ... OK! 
BLCMDbox::Construct wedge_window parent= relZ=92879.6 globZ=92879.6
	zmin=92879.6 zmax=92879.7
Checking overlaps for volume wedge_window:0 (G4Box) ... OK! 
BLCMDbox::Construct wedge_window parent= relZ=93120.4 globZ=93120.4
	zmin=93120.3 zmax=93120.4
Checking overlaps for volume wedge_window:0 (G4Box) ... OK! 
BLCMDbox::Construct wedge_window parent= relZ=94379.6 globZ=94379.6
	zmin=94379.6 zmax=94379.7
Checking overlaps for volume wedge_window:0 (G4Box) ... OK! 
BLCMDbox::Construct wedge_window parent= relZ=94620.4 globZ=94620.4
	zmin=94620.3 zmax=94620.4
Checking overlaps for volume wedge_window:0 (G4Box) ... OK! 
BLCMDbox::Construct wedge_window parent= relZ=95879.6 globZ=95879.6
	zmin=95879.6 zmax=95879.7
Checking overlaps for volume wedge_window:0 (G4Box) ... OK! 
BLCMDbox::Construct wedge_window parent= relZ=96120.4 globZ=96120.4
	zmin=96120.3 zmax=96120.4
Checking overlaps for volume wedge_window:0 (G4Box) ... OK! 
BLCMDbox::Construct wedge_window parent= relZ=97379.6 globZ=97379.6
	zmin=97379.6 zmax=97379.7
Checking overlaps for volume wedge_window:0 (G4Box) ... OK! 
BLCMDbox::Construct wedge_window parent= relZ=97620.4 globZ=97620.4
	zmin=97620.3 zmax=97620.4
Checking overlaps for volume beamDet:0 (G4Tubs) ... OK! 
BLCMDvirtualdetector::Construct beamDet parent= relZ=99010.0 globZ=99010.0
### Adding tracking cuts for neutron  TimeCut(ns)= 10000  KinEnergyCut(MeV)= 0

Geometry test nPoints=100 tolerance=0.002 mm:
Testing geometry for children of group 'World':
**************************************************************************
*** G4Exception: Geometry Error
***    severity: Warning
***   issued by: geometry
*** description: tubs 'pipe' intersects pillbox 'rf_b_00'
**************************************************************************
**************************************************************************
*** G4Exception: Geometry Error
***    severity: Warning
***   issued by: geometry
*** description: tubs 'pipe' intersects pillbox 'rf_e_03'
**************************************************************************
**************************************************************************
*** G4Exception: Geometry Error
***    severity: Warning
***   issued by: geometry
*** description: tubs 'pipe' intersects pillbox 'rf_b_10'
**************************************************************************
**************************************************************************
*** G4Exception: Geometry Error
***    severity: Warning
***   issued by: geometry
*** description: tubs 'pipe' intersects pillbox 'rf_e_13'
**************************************************************************
**************************************************************************
*** G4Exception: Geometry Error
***    severity: Warning
***   issued by: geometry
*** description: tubs 'pipe' intersects pillbox 'rf_b_20'
**************************************************************************
**************************************************************************
*** G4Exception: Geometry Error
***    severity: Warning
***   issued by: geometry
*** description: tubs 'pipe' intersects pillbox 'rf_e_23'
**************************************************************************
**************************************************************************
*** G4Exception: Geometry Error
***    severity: Warning
***   issued by: geometry
*** description: tubs 'pipe' intersects pillbox 'rf_b_30'
**************************************************************************
**************************************************************************
*** G4Exception: Geometry Error
***    severity: Warning
***   issued by: geometry
*** description: tubs 'pipe' intersects pillbox 'rf_e_33'
**************************************************************************
**************************************************************************
*** G4Exception: Geometry Error
***    severity: Warning
***   issued by: geometry
*** description: tubs 'pipe' intersects pillbox 'rf_b_40'
**************************************************************************
**************************************************************************
*** G4Exception: Geometry Error
***    severity: Warning
***   issued by: geometry
*** description: tubs 'pipe' intersects pillbox 'rf_e_43'
***    printing: every 10-th occurrence
**************************************************************************
**************************************************************************
*** G4Exception: Geometry Error
***    severity: Warning
***   issued by: geometry
*** description: tubs 'pipe' intersects pillbox 'rf_e_93'
***    printing: every 10-th occurrence
**************************************************************************
**************************************************************************
*** G4Exception: Geometry Error
***    severity: Warning
***   issued by: geometry
*** description: tubs 'pipe' intersects pillbox 'rf_e_143'
***    printing: every 10-th occurrence
**************************************************************************
**************************************************************************
*** G4Exception: Geometry Error
***    severity: Warning
***   issued by: geometry
*** description: tubs 'pipe' intersects pillbox 'rf_e_193'
***    printing: every 10-th occurrence
**************************************************************************
**************************************************************************
*** G4Exception: Geometry Error
***    severity: Warning
***   issued by: geometry
*** description: tubs 'pipe' intersects pillbox 'rf_e_243'
***    printing: every 10-th occurrence
**************************************************************************
**************************************************************************
*** G4Exception: Geometry Error
***    severity: Warning
***   issued by: geometry
*** description: tubs 'pipe' intersects pillbox 'rf_e_293'
***    printing: every 10-th occurrence
**************************************************************************
**************************************************************************
*** G4Exception: Geometry Error
***    severity: Warning
***   issued by: geometry
*** description: tubs 'pipe' intersects pillbox 'rf_e_343'
***    printing: every 10-th occurrence
**************************************************************************
**************************************************************************
*** G4Exception: Geometry Error
***    severity: Warning
***   issued by: geometry
*** description: tubs 'pipe' intersects pillbox 'rf_e_393'
***    printing: every 10-th occurrence
**************************************************************************
**************************************************************************
*** G4Exception: Geometry Error
***    severity: Warning
***   issued by: geometry
*** description: tubs 'pipe' intersects pillbox 'rf_e_443'
***    printing: every 10-th occurrence
**************************************************************************
**************************************************************************
*** G4Exception: Geometry Error
***    severity: Warning
***   issued by: geometry
*** description: tubs 'pipe' intersects pillbox 'rf_e_493'
***    printing: every 100-th occurrence
**************************************************************************
Total geometry errors = 139  1 seconds

================= Prepare Tune Particle(s) ===========
================= Begin Tune Particle(s) =============
***  Tune and Reference Particles ignore E fields.
***  Tune and Reference Particles ignore B fields.
***  Tune and Reference Particles ignore Energy loss.
**************************************************************************
*** G4Exception: EM Field Extends Outside World
***    severity: Warning
***   issued by: BLGlobalField
*** description: May give inaccurate tracking near world boundary.
***     EventID: -2     TrackID: 1   mu+  KE=123.2 MeV
**************************************************************************
fieldVoxels: nx=12 ny=12 nz=521, 75024 voxels, 944 fields
fieldVoxels: max field count is 14 fields, # voxels >5: 50872, >10: 3172, >20: 0
**************************************************************************
*** G4Exception: Check number of field voxels
***    severity: Warning
***   issued by: BLGlobalField
*** description: nVoxels = 75024, max fields/voxel = 14
***     EventID: -2     TrackID: 1   mu+  KE=123.2 MeV
**************************************************************************
pillbox rf_b_00: Time OK  timeOffset=442.3545 ns, incremented to 442.3545 ns
pillbox rf_c_01: Time OK  timeOffset=443.2411 ns, incremented to 443.2411 ns
pillbox rf_d_02: Time OK  timeOffset=443.9532 ns, incremented to 443.9532 ns
pillbox rf_e_03: Time OK  timeOffset=444.7864 ns, incremented to 444.7864 ns
pillbox rf_b_10: Time OK  timeOffset=447.9957 ns, incremented to 447.9957 ns
pillbox rf_c_11: Time OK  timeOffset=448.8821 ns, incremented to 448.8821 ns
pillbox rf_d_12: Time OK  timeOffset=449.5204 ns, incremented to 449.5204 ns
pillbox rf_e_13: Time OK  timeOffset=450.5226 ns, incremented to 450.5226 ns
pillbox rf_b_20: Time OK  timeOffset=453.7020 ns, incremented to 453.7020 ns
pillbox rf_c_21: Time OK  timeOffset=454.4379 ns, incremented to 454.4379 ns
pillbox rf_d_22: Time OK  timeOffset=455.3073 ns, incremented to 455.3073 ns
pillbox rf_e_23: Time OK  timeOffset=456.2650 ns, incremented to 456.2650 ns
pillbox rf_b_30: Time OK  timeOffset=459.2406 ns, incremented to 459.2406 ns
pillbox rf_c_31: Time OK  timeOffset=460.1796 ns, incremented to 460.1796 ns
pillbox rf_d_32: Time OK  timeOffset=461.0013 ns, incremented to 461.0013 ns
pillbox rf_e_33: Time OK  timeOffset=461.7965 ns, incremented to 461.7965 ns
pillbox rf_b_40: Time OK  timeOffset=464.8480 ns, incremented to 464.8480 ns
pillbox rf_c_41: Time OK  timeOffset=465.7179 ns, incremented to 465.7179 ns
pillbox rf_d_42: Time OK  timeOffset=466.5706 ns, incremented to 466.5706 ns
pillbox rf_e_43: Time OK  timeOffset=467.3719 ns, incremented to 467.3719 ns
pillbox rf_b_50: Time OK  timeOffset=470.5564 ns, incremented to 470.5564 ns
pillbox rf_c_51: Time OK  timeOffset=471.4704 ns, incremented to 471.4704 ns
pillbox rf_d_52: Time OK  timeOffset=472.1648 ns, incremented to 472.1648 ns
pillbox rf_e_53: Time OK  timeOffset=473.0523 ns, incremented to 473.0523 ns
pillbox rf_b_60: Time OK  timeOffset=476.2251 ns, incremented to 476.2251 ns
pillbox rf_c_61: Time OK  timeOffset=476.8336 ns, incremented to 476.8336 ns
pillbox rf_d_62: Time OK  timeOffset=477.8241 ns, incremented to 477.8241 ns
pillbox rf_e_63: Time OK  timeOffset=478.7835 ns, incremented to 478.7835 ns
pillbox rf_b_70: Time OK  timeOffset=481.7219 ns, incremented to 481.7219 ns
pillbox rf_c_71: Time OK  timeOffset=482.6612 ns, incremented to 482.6612 ns
pillbox rf_d_72: Time OK  timeOffset=483.5357 ns, incremented to 483.5357 ns
pillbox rf_e_73: Time OK  timeOffset=484.4143 ns, incremented to 484.4143 ns
pillbox rf_b_80: Time OK  timeOffset=487.2905 ns, incremented to 487.2905 ns
pillbox rf_c_81: Time OK  timeOffset=488.3272 ns, incremented to 488.3272 ns
pillbox rf_d_82: Time OK  timeOffset=489.0393 ns, incremented to 489.0393 ns
pillbox rf_e_83: Time OK  timeOffset=489.8834 ns, incremented to 489.8834 ns
pillbox rf_b_90: Time OK  timeOffset=493.0791 ns, incremented to 493.0791 ns
pillbox rf_c_91: Time OK  timeOffset=493.9778 ns, incremented to 493.9778 ns
pillbox rf_d_92: Time OK  timeOffset=494.8122 ns, incremented to 494.8122 ns
pillbox rf_e_93: Time OK  timeOffset=495.6710 ns, incremented to 495.6710 ns
pillbox rf_b_100: Time OK  timeOffset=498.8311 ns, incremented to 498.8311 ns
pillbox rf_c_101: Time OK  timeOffset=499.5552 ns, incremented to 499.5552 ns
pillbox rf_d_102: Time OK  timeOffset=500.4254 ns, incremented to 500.4254 ns
pillbox rf_e_103: Time OK  timeOffset=501.2567 ns, incremented to 501.2567 ns
pillbox rf_b_110: Time OK  timeOffset=504.3490 ns, incremented to 504.3490 ns
pillbox rf_c_111: Time OK  timeOffset=505.2682 ns, incremented to 505.2682 ns
pillbox rf_d_112: Time OK  timeOffset=505.9921 ns, incremented to 505.9921 ns
pillbox rf_e_113: Time OK  timeOffset=506.9226 ns, incremented to 506.9226 ns
pillbox rf_b_120: Time OK  timeOffset=510.0480 ns, incremented to 510.0480 ns
pillbox rf_c_121: Time OK  timeOffset=510.9807 ns, incremented to 510.9807 ns
pillbox rf_d_122: Time OK  timeOffset=511.6057 ns, incremented to 511.6057 ns
pillbox rf_e_123: Time OK  timeOffset=512.3644 ns, incremented to 512.3644 ns
pillbox rf_b_130: Time OK  timeOffset=515.5559 ns, incremented to 515.5559 ns
pillbox rf_c_131: Time OK  timeOffset=516.4626 ns, incremented to 516.4626 ns
pillbox rf_d_132: Time OK  timeOffset=517.2058 ns, incremented to 517.2058 ns
pillbox rf_e_133: Time OK  timeOffset=518.0938 ns, incremented to 518.0938 ns
pillbox rf_b_140: Time OK  timeOffset=521.3467 ns, incremented to 521.3467 ns
pillbox rf_c_141: Time OK  timeOffset=522.1903 ns, incremented to 522.1903 ns
pillbox rf_d_142: Time OK  timeOffset=523.1297 ns, incremented to 523.1297 ns
pillbox rf_e_143: Time OK  timeOffset=523.7694 ns, incremented to 523.7694 ns
pillbox rf_b_150: Time OK  timeOffset=526.8282 ns, incremented to 526.8282 ns
pillbox rf_c_151: Time OK  timeOffset=527.6997 ns, incremented to 527.6997 ns
pillbox rf_d_152: Time OK  timeOffset=528.6152 ns, incremented to 528.6152 ns
pillbox rf_e_153: Time OK  timeOffset=529.4602 ns, incremented to 529.4602 ns
pillbox rf_b_160: Time OK  timeOffset=532.6018 ns, incremented to 532.6018 ns
pillbox rf_c_161: Time OK  timeOffset=533.3931 ns, incremented to 533.3931 ns
pillbox rf_d_162: Time OK  timeOffset=534.2122 ns, incremented to 534.2122 ns
pillbox rf_e_163: Time OK  timeOffset=535.1646 ns, incremented to 535.1646 ns
pillbox rf_b_170: Time OK  timeOffset=538.3735 ns, incremented to 538.3735 ns
pillbox rf_c_171: Time OK  timeOffset=539.1733 ns, incremented to 539.1733 ns
pillbox rf_d_172: Time OK  timeOffset=540.0007 ns, incremented to 540.0007 ns
pillbox rf_e_173: Time OK  timeOffset=540.7898 ns, incremented to 540.7898 ns
pillbox rf_b_180: Time OK  timeOffset=543.7624 ns, incremented to 543.7624 ns
pillbox rf_c_181: Time OK  timeOffset=544.7561 ns, incremented to 544.7561 ns
pillbox rf_d_182: Time OK  timeOffset=545.4812 ns, incremented to 545.4812 ns
pillbox rf_e_183: Time OK  timeOffset=546.2676 ns, incremented to 546.2676 ns
pillbox rf_b_190: Time OK  timeOffset=549.5869 ns, incremented to 549.5869 ns
pillbox rf_c_191: Time OK  timeOffset=550.2274 ns, incremented to 550.2274 ns
pillbox rf_d_192: Time OK  timeOffset=551.2041 ns, incremented to 551.2041 ns
pillbox rf_e_193: Time OK  timeOffset=551.9978 ns, incremented to 551.9978 ns
pillbox rf_b_200: Time OK  timeOffset=555.0398 ns, incremented to 555.0398 ns
pillbox rf_c_201: Time OK  timeOffset=556.0311 ns, incremented to 556.0311 ns
pillbox rf_d_202: Time OK  timeOffset=556.8145 ns, incremented to 556.8145 ns
pillbox rf_e_203: Time OK  timeOffset=557.5706 ns, incremented to 557.5706 ns
pillbox rf_b_210: Time OK  timeOffset=560.8355 ns, incremented to 560.8355 ns
pillbox rf_c_211: Time OK  timeOffset=561.7941 ns, incremented to 561.7941 ns
pillbox rf_d_212: Time OK  timeOffset=562.5691 ns, incremented to 562.5691 ns
pillbox rf_e_213: Time OK  timeOffset=563.1748 ns, incremented to 563.1748 ns
pillbox rf_b_220: Time OK  timeOffset=566.4614 ns, incremented to 566.4614 ns
pillbox rf_c_221: Time OK  timeOffset=567.3317 ns, incremented to 567.3317 ns
pillbox rf_d_222: Time OK  timeOffset=568.1575 ns, incremented to 568.1575 ns
pillbox rf_e_223: Time OK  timeOffset=568.7914 ns, incremented to 568.7914 ns
pillbox rf_b_230: Time OK  timeOffset=572.2473 ns, incremented to 572.2473 ns
pillbox rf_c_231: Time OK  timeOffset=572.8763 ns, incremented to 572.8763 ns
pillbox rf_d_232: Time OK  timeOffset=573.6518 ns, incremented to 573.6518 ns
pillbox rf_e_233: Time OK  timeOffset=574.5272 ns, incremented to 574.5272 ns
pillbox rf_b_240: Time OK  timeOffset=577.7709 ns, incremented to 577.7709 ns
pillbox rf_c_241: Time OK  timeOffset=578.4952 ns, incremented to 578.4952 ns
pillbox rf_d_242: Time OK  timeOffset=579.3477 ns, incremented to 579.3477 ns
pillbox rf_e_243: Time OK  timeOffset=580.2691 ns, incremented to 580.2691 ns
pillbox rf_b_250: Time OK  timeOffset=583.3255 ns, incremented to 583.3255 ns
pillbox rf_c_251: Time OK  timeOffset=584.2046 ns, incremented to 584.2046 ns
pillbox rf_d_252: Time OK  timeOffset=585.0551 ns, incremented to 585.0551 ns
pillbox rf_e_253: Time OK  timeOffset=585.7504 ns, incremented to 585.7504 ns
pillbox rf_b_260: Time OK  timeOffset=588.9799 ns, incremented to 588.9799 ns
pillbox rf_c_261: Time OK  timeOffset=589.9089 ns, incremented to 589.9089 ns
pillbox rf_d_262: Time OK  timeOffset=590.5715 ns, incremented to 590.5715 ns
pillbox rf_e_263: Time OK  timeOffset=591.5880 ns, incremented to 591.5880 ns
pillbox rf_b_270: Time OK  timeOffset=594.5818 ns, incremented to 594.5818 ns
pillbox rf_c_271: Time OK  timeOffset=595.4640 ns, incremented to 595.4640 ns
pillbox rf_d_272: Time OK  timeOffset=596.3079 ns, incremented to 596.3079 ns
pillbox rf_e_273: Time OK  timeOffset=597.1844 ns, incremented to 597.1844 ns
pillbox rf_b_280: Time OK  timeOffset=600.2125 ns, incremented to 600.2125 ns
pillbox rf_c_281: Time OK  timeOffset=601.2223 ns, incremented to 601.2223 ns
pillbox rf_d_282: Time OK  timeOffset=601.9339 ns, incremented to 601.9339 ns
pillbox rf_e_283: Time OK  timeOffset=602.7027 ns, incremented to 602.7027 ns
pillbox rf_b_290: Time OK  timeOffset=605.9617 ns, incremented to 605.9617 ns
pillbox rf_c_291: Time OK  timeOffset=606.8060 ns, incremented to 606.8060 ns
pillbox rf_d_292: Time OK  timeOffset=607.6164 ns, incremented to 607.6164 ns
pillbox rf_e_293: Time OK  timeOffset=608.4633 ns, incremented to 608.4633 ns
pillbox rf_b_300: Time OK  timeOffset=611.4581 ns, incremented to 611.4581 ns
pillbox rf_c_301: Time OK  timeOffset=612.3360 ns, incremented to 612.3360 ns
pillbox rf_d_302: Time OK  timeOffset=613.1722 ns, incremented to 613.1722 ns
pillbox rf_e_303: Time OK  timeOffset=614.0769 ns, incremented to 614.0769 ns
pillbox rf_b_310: Time OK  timeOffset=617.2660 ns, incremented to 617.2660 ns
pillbox rf_c_311: Time OK  timeOffset=618.1713 ns, incremented to 618.1713 ns
pillbox rf_d_312: Time OK  timeOffset=618.8160 ns, incremented to 618.8160 ns
pillbox rf_e_313: Time OK  timeOffset=619.7394 ns, incremented to 619.7394 ns
pillbox rf_b_320: Time OK  timeOffset=622.8399 ns, incremented to 622.8399 ns
pillbox rf_c_321: Time OK  timeOffset=623.7466 ns, incremented to 623.7466 ns
pillbox rf_d_322: Time OK  timeOffset=624.4448 ns, incremented to 624.4448 ns
pillbox rf_e_323: Time OK  timeOffset=625.2849 ns, incremented to 625.2849 ns
pillbox rf_b_330: Time OK  timeOffset=628.4700 ns, incremented to 628.4700 ns
pillbox rf_c_331: Time OK  timeOffset=629.3456 ns, incremented to 629.3456 ns
pillbox rf_d_332: Time OK  timeOffset=630.1217 ns, incremented to 630.1217 ns
pillbox rf_e_333: Time OK  timeOffset=631.1120 ns, incremented to 631.1120 ns
pillbox rf_b_340: Time OK  timeOffset=634.0768 ns, incremented to 634.0768 ns
pillbox rf_c_341: Time OK  timeOffset=634.8025 ns, incremented to 634.8025 ns
pillbox rf_d_342: Time OK  timeOffset=635.8001 ns, incremented to 635.8001 ns
pillbox rf_e_343: Time OK  timeOffset=636.7706 ns, incremented to 636.7706 ns
pillbox rf_b_350: Time OK  timeOffset=639.6934 ns, incremented to 639.6934 ns
pillbox rf_c_351: Time OK  timeOffset=640.5902 ns, incremented to 640.5902 ns
pillbox rf_d_352: Time OK  timeOffset=641.3720 ns, incremented to 641.3720 ns
pillbox rf_e_353: Time OK  timeOffset=642.1509 ns, incremented to 642.1509 ns
pillbox rf_b_360: Time OK  timeOffset=645.3757 ns, incremented to 645.3757 ns
pillbox rf_c_361: Time OK  timeOffset=646.2843 ns, incremented to 646.2843 ns
pillbox rf_d_362: Time OK  timeOffset=646.9383 ns, incremented to 646.9383 ns
pillbox rf_e_363: Time OK  timeOffset=648.0083 ns, incremented to 648.0083 ns
pillbox rf_b_370: Time OK  timeOffset=651.0251 ns, incremented to 651.0251 ns
pillbox rf_c_371: Time OK  timeOffset=651.8294 ns, incremented to 651.8294 ns
pillbox rf_d_372: Time OK  timeOffset=652.7555 ns, incremented to 652.7555 ns
pillbox rf_e_373: Time OK  timeOffset=653.4151 ns, incremented to 653.4151 ns
pillbox rf_b_380: Time OK  timeOffset=656.6023 ns, incremented to 656.6023 ns
pillbox rf_c_381: Time OK  timeOffset=657.4051 ns, incremented to 657.4051 ns
pillbox rf_d_382: Time OK  timeOffset=658.2456 ns, incremented to 658.2456 ns
pillbox rf_e_383: Time OK  timeOffset=659.1079 ns, incremented to 659.1079 ns
pillbox rf_b_390: Time OK  timeOffset=662.4616 ns, incremented to 662.4616 ns
pillbox rf_c_391: Time OK  timeOffset=663.0447 ns, incremented to 663.0447 ns
pillbox rf_d_392: Time OK  timeOffset=664.0452 ns, incremented to 664.0452 ns
pillbox rf_e_393: Time OK  timeOffset=664.8554 ns, incremented to 664.8554 ns
pillbox rf_b_400: Time OK  timeOffset=667.8245 ns, incremented to 667.8245 ns
pillbox rf_c_401: Time OK  timeOffset=668.8328 ns, incremented to 668.8328 ns
pillbox rf_d_402: Time OK  timeOffset=669.7172 ns, incremented to 669.7172 ns
pillbox rf_e_403: Time OK  timeOffset=670.4128 ns, incremented to 670.4128 ns
pillbox rf_b_410: Time OK  timeOffset=673.6476 ns, incremented to 673.6476 ns
pillbox rf_c_411: Time OK  timeOffset=674.5119 ns, incremented to 674.5119 ns
pillbox rf_d_412: Time OK  timeOffset=675.5145 ns, incremented to 675.5145 ns
pillbox rf_e_413: Time OK  timeOffset=676.1129 ns, incremented to 676.1129 ns
pillbox rf_b_420: Time OK  timeOffset=679.2989 ns, incremented to 679.2989 ns
pillbox rf_c_421: Time OK  timeOffset=679.9749 ns, incremented to 679.9749 ns
pillbox rf_d_422: Time OK  timeOffset=680.8226 ns, incremented to 680.8226 ns
pillbox rf_e_423: Time OK  timeOffset=681.8075 ns, incremented to 681.8075 ns
pillbox rf_b_430: Time OK  timeOffset=684.9071 ns, incremented to 684.9071 ns
pillbox rf_c_431: Time OK  timeOffset=685.6391 ns, incremented to 685.6391 ns
pillbox rf_d_432: Time OK  timeOffset=686.5664 ns, incremented to 686.5664 ns
pillbox rf_e_433: Time OK  timeOffset=687.3437 ns, incremented to 687.3437 ns
pillbox rf_b_440: Time OK  timeOffset=690.4976 ns, incremented to 690.4976 ns
pillbox rf_c_441: Time OK  timeOffset=691.3334 ns, incremented to 691.3334 ns
pillbox rf_d_442: Time OK  timeOffset=692.2186 ns, incremented to 692.2186 ns
pillbox rf_e_443: Time OK  timeOffset=692.9630 ns, incremented to 692.9630 ns
pillbox rf_b_450: Time OK  timeOffset=696.2197 ns, incremented to 696.2197 ns
pillbox rf_c_451: Time OK  timeOffset=696.9384 ns, incremented to 696.9384 ns
pillbox rf_d_452: Time OK  timeOffset=697.7829 ns, incremented to 697.7829 ns
pillbox rf_e_453: Time OK  timeOffset=698.4847 ns, incremented to 698.4847 ns
pillbox rf_b_460: Time OK  timeOffset=701.8302 ns, incremented to 701.8302 ns
pillbox rf_c_461: Time OK  timeOffset=702.6574 ns, incremented to 702.6574 ns
pillbox rf_d_462: Time OK  timeOffset=703.5334 ns, incremented to 703.5334 ns
pillbox rf_e_463: Time OK  timeOffset=704.2888 ns, incremented to 704.2888 ns
pillbox rf_b_470: Time OK  timeOffset=707.4467 ns, incremented to 707.4467 ns
pillbox rf_c_471: Time OK  timeOffset=708.1951 ns, incremented to 708.1951 ns
pillbox rf_d_472: Time OK  timeOffset=709.1399 ns, incremented to 709.1399 ns
pillbox rf_e_473: Time OK  timeOffset=709.8713 ns, incremented to 709.8713 ns
pillbox rf_b_480: Time OK  timeOffset=713.1465 ns, incremented to 713.1465 ns
pillbox rf_c_481: Time OK  timeOffset=713.7621 ns, incremented to 713.7621 ns
pillbox rf_d_482: Time OK  timeOffset=714.7582 ns, incremented to 714.7582 ns
pillbox rf_e_483: Time OK  timeOffset=715.4563 ns, incremented to 715.4563 ns
pillbox rf_b_490: Time OK  timeOffset=718.7635 ns, incremented to 718.7635 ns
pillbox rf_c_491: Time OK  timeOffset=719.5480 ns, incremented to 719.5480 ns
pillbox rf_d_492: Time OK  timeOffset=720.3969 ns, incremented to 720.3969 ns
pillbox rf_e_493: Time OK  timeOffset=721.1569 ns, incremented to 721.1569 ns
pillbox rf_b_500: Time OK  timeOffset=724.4247 ns, incremented to 724.4247 ns
pillbox rf_c_501: Time OK  timeOffset=725.1827 ns, incremented to 725.1827 ns
pillbox rf_d_502: Time OK  timeOffset=726.1364 ns, incremented to 726.1364 ns
pillbox rf_e_503: Time OK  timeOffset=726.8529 ns, incremented to 726.8529 ns
pillbox rf_b_510: Time OK  timeOffset=729.9653 ns, incremented to 729.9653 ns
pillbox rf_c_511: Time OK  timeOffset=730.9141 ns, incremented to 730.9141 ns
pillbox rf_d_512: Time OK  timeOffset=731.5795 ns, incremented to 731.5795 ns
pillbox rf_e_513: Time OK  timeOffset=732.6324 ns, incremented to 732.6324 ns
pillbox rf_b_520: Time OK  timeOffset=735.7541 ns, incremented to 735.7541 ns
pillbox rf_c_521: Time OK  timeOffset=736.4379 ns, incremented to 736.4379 ns
pillbox rf_d_522: Time OK  timeOffset=737.3160 ns, incremented to 737.3160 ns
pillbox rf_e_523: Time OK  timeOffset=738.3001 ns, incremented to 738.3001 ns
pillbox rf_b_530: Time OK  timeOffset=741.1719 ns, incremented to 741.1719 ns
pillbox rf_c_531: Time OK  timeOffset=742.1981 ns, incremented to 742.1981 ns
pillbox rf_d_532: Time OK  timeOffset=742.8153 ns, incremented to 742.8153 ns
pillbox rf_e_533: Time OK  timeOffset=743.7496 ns, incremented to 743.7496 ns
pillbox rf_b_540: Time OK  timeOffset=747.0131 ns, incremented to 747.0131 ns
pillbox rf_c_541: Time OK  timeOffset=747.6834 ns, incremented to 747.6834 ns
pillbox rf_d_542: Time OK  timeOffset=748.6711 ns, incremented to 748.6711 ns
pillbox rf_e_543: Time OK  timeOffset=749.4974 ns, incremented to 749.4974 ns
pillbox rf_b_550: Time OK  timeOffset=752.5549 ns, incremented to 752.5549 ns
pillbox rf_c_551: Time OK  timeOffset=753.3409 ns, incremented to 753.3409 ns
pillbox rf_d_552: Time OK  timeOffset=754.2685 ns, incremented to 754.2685 ns
pillbox rf_e_553: Time OK  timeOffset=755.0771 ns, incremented to 755.0771 ns
pillbox rf_b_560: Time OK  timeOffset=758.2232 ns, incremented to 758.2232 ns
pillbox rf_c_561: Time OK  timeOffset=759.1249 ns, incremented to 759.1249 ns
pillbox rf_d_562: Time OK  timeOffset=759.8801 ns, incremented to 759.8801 ns
pillbox rf_e_563: Time OK  timeOffset=760.6951 ns, incremented to 760.6951 ns
pillbox rf_b_570: Time OK  timeOffset=763.8267 ns, incremented to 763.8267 ns
pillbox rf_c_571: Time OK  timeOffset=764.6837 ns, incremented to 764.6837 ns
pillbox rf_d_572: Time OK  timeOffset=765.4658 ns, incremented to 765.4658 ns
pillbox rf_e_573: Time OK  timeOffset=766.2793 ns, incremented to 766.2793 ns
pillbox rf_b_580: Time OK  timeOffset=769.4334 ns, incremented to 769.4334 ns
pillbox rf_c_581: Time OK  timeOffset=770.3966 ns, incremented to 770.3966 ns
pillbox rf_d_582: Time OK  timeOffset=771.1835 ns, incremented to 771.1835 ns
pillbox rf_e_583: Time OK  timeOffset=772.0678 ns, incremented to 772.0678 ns
pillbox rf_b_590: Time OK  timeOffset=775.0969 ns, incremented to 775.0969 ns
pillbox rf_c_591: Time OK  timeOffset=775.9779 ns, incremented to 775.9779 ns
pillbox rf_d_592: Time OK  timeOffset=776.7243 ns, incremented to 776.7243 ns
pillbox rf_e_593: Time OK  timeOffset=777.5566 ns, incremented to 777.5566 ns
pillbox rf_b_600: Time OK  timeOffset=780.8712 ns, incremented to 780.8712 ns
pillbox rf_c_601: Time OK  timeOffset=781.6182 ns, incremented to 781.6182 ns
pillbox rf_d_602: Time OK  timeOffset=782.5449 ns, incremented to 782.5449 ns
pillbox rf_e_603: Time OK  timeOffset=783.2313 ns, incremented to 783.2313 ns
pillbox rf_b_610: Time OK  timeOffset=786.6069 ns, incremented to 786.6069 ns
pillbox rf_c_611: Time OK  timeOffset=787.1601 ns, incremented to 787.1601 ns
pillbox rf_d_612: Time OK  timeOffset=788.0672 ns, incremented to 788.0672 ns
pillbox rf_e_613: Time OK  timeOffset=788.9754 ns, incremented to 788.9754 ns
pillbox rf_b_620: Time OK  timeOffset=792.0101 ns, incremented to 792.0101 ns
pillbox rf_c_621: Time OK  timeOffset=792.9436 ns, incremented to 792.9436 ns
pillbox rf_d_622: Time OK  timeOffset=793.6636 ns, incremented to 793.6636 ns
pillbox rf_e_623: Time OK  timeOffset=794.5088 ns, incremented to 794.5088 ns
pillbox rf_b_630: Time OK  timeOffset=797.8141 ns, incremented to 797.8141 ns
pillbox rf_c_631: Time OK  timeOffset=798.4635 ns, incremented to 798.4635 ns
pillbox rf_d_632: Time OK  timeOffset=799.3699 ns, incremented to 799.3699 ns
pillbox rf_e_633: Time OK  timeOffset=800.1735 ns, incremented to 800.1735 ns
pillbox rf_b_640: Time OK  timeOffset=803.3060 ns, incremented to 803.3060 ns
pillbox rf_c_641: Time OK  timeOffset=804.1416 ns, incremented to 804.1416 ns
pillbox rf_d_642: Time OK  timeOffset=805.0675 ns, incremented to 805.0675 ns
pillbox rf_e_643: Time OK  timeOffset=805.9647 ns, incremented to 805.9647 ns
pillbox rf_b_650: Time OK  timeOffset=808.8845 ns, incremented to 808.8845 ns
pillbox rf_c_651: Time OK  timeOffset=809.6511 ns, incremented to 809.6511 ns
pillbox rf_d_652: Time OK  timeOffset=810.6676 ns, incremented to 810.6676 ns
pillbox rf_e_653: Time OK  timeOffset=811.5386 ns, incremented to 811.5386 ns
Run complete  1 Events  1 seconds
================== Begin Reference Particle(s) ===============
***  Tune and Reference Particles ignore E fields.
***  Tune and Reference Particles ignore B fields.
***  Tune and Reference Particles ignore Energy loss.
Run complete  1 Events  0 seconds
================== Prepare Tracking Beam ==================
Stochastic processes are enabled.
================== Begin Tracking Beam ===============
Event 5 Completed  1 events  realTime=1 sec  1.0 ev/sec
Event 7 Completed  2 events  realTime=1 sec  2.0 ev/sec
Event 8 Completed  3 events  realTime=1 sec  3.0 ev/sec
Event 10 Completed  4 events  realTime=1 sec  4.0 ev/sec
Event 12 Completed  5 events  realTime=1 sec  5.0 ev/sec
Event 20 Completed  6 events  realTime=1 sec  6.0 ev/sec
Event 26 Completed  7 events  realTime=1 sec  7.0 ev/sec
Event 29 Completed  8 events  realTime=1 sec  8.0 ev/sec
Event 33 Completed  9 events  realTime=1 sec  9.0 ev/sec
Event 40 Completed  10 events  realTime=1 sec  10.0 ev/sec
Event 86 Completed  20 events  realTime=1 sec  20.0 ev/sec
Event 121 Completed  30 events  realTime=1 sec  30.0 ev/sec
Event 141 Completed  40 events  realTime=1 sec  40.0 ev/sec
Event 172 Completed  50 events  realTime=1 sec  50.0 ev/sec
Event 190 Completed  60 events  realTime=1 sec  60.0 ev/sec
Event 229 Completed  70 events  realTime=1 sec  70.0 ev/sec
Event 272 Completed  80 events  realTime=1 sec  80.0 ev/sec
Event 288 Completed  90 events  realTime=1 sec  90.0 ev/sec
Event 337 Completed  100 events  realTime=1 sec  100.0 ev/sec
**************************************************************************
*** G4Exception: Signal 15 received
***    severity: Fatal Exception
***   issued by: BLManager
***     EventID: 519     TrackID: 1   mu+  KE=115.4 MeV
**************************************************************************
g4beamline: attempting to close up after fatal G4Exception...
NTuple beamDet                3 entries
NTuple TuneParticle        2318 entries
NTuple ReferenceParticle     2449 entries
NTuple Ev5Trk1              163 entries
FOR009.DAT Region 1 z=0.0  160 tracks,  0 unsupported particles ignored
FOR009.DAT Region 2 z=1500.0  143 tracks,  0 unsupported particles ignored
FOR009.DAT Region 3 z=3000.0  137 tracks,  0 unsupported particles ignored
FOR009.DAT Region 4 z=4500.0  104 tracks,  0 unsupported particles ignored
FOR009.DAT Region 5 z=6000.0  65 tracks,  0 unsupported particles ignored
FOR009.DAT Region 6 z=7500.0  43 tracks,  0 unsupported particles ignored
FOR009.DAT Region 7 z=9000.0  23 tracks,  0 unsupported particles ignored
FOR009.DAT Region 8 z=10500.0  18 tracks,  0 unsupported particles ignored
FOR009.DAT Region 9 z=12000.0  13 tracks,  0 unsupported particles ignored
FOR009.DAT Region 10 z=13500.0  10 tracks,  0 unsupported particles ignored
FOR009.DAT Region 11 z=15000.0  8 tracks,  0 unsupported particles ignored
FOR009.DAT Region 12 z=16500.0  4 tracks,  0 unsupported particles ignored
FOR009.DAT Region 13 z=18000.0  4 tracks,  0 unsupported particles ignored
FOR009.DAT Region 14 z=19500.0  4 tracks,  0 unsupported particles ignored
FOR009.DAT Region 15 z=21000.0  4 tracks,  0 unsupported particles ignored
FOR009.DAT Region 16 z=22500.0  4 tracks,  0 unsupported particles ignored
FOR009.DAT Region 17 z=24000.0  4 tracks,  0 unsupported particles ignored
FOR009.DAT Region 18 z=25500.0  4 tracks,  0 unsupported particles ignored
FOR009.DAT Region 19 z=27000.0  4 tracks,  0 unsupported particles ignored
FOR009.DAT Region 20 z=28500.0  4 tracks,  0 unsupported particles ignored
FOR009.DAT Region 21 z=30000.0  4 tracks,  0 unsupported particles ignored
FOR009.DAT Region 22 z=31500.0  4 tracks,  0 unsupported particles ignored
FOR009.DAT Region 23 z=33000.0  4 tracks,  0 unsupported particles ignored
FOR009.DAT Region 24 z=34500.0  4 tracks,  0 unsupported particles ignored
FOR009.DAT Region 25 z=36000.0  4 tracks,  0 unsupported particles ignored
FOR009.DAT Region 26 z=37500.0  4 tracks,  0 unsupported particles ignored
FOR009.DAT Region 27 z=39000.0  4 tracks,  0 unsupported particles ignored
FOR009.DAT Region 28 z=40500.0  4 tracks,  0 unsupported particles ignored
FOR009.DAT Region 29 z=42000.0  4 tracks,  0 unsupported particles ignored
FOR009.DAT Region 30 z=43500.0  4 tracks,  0 unsupported particles ignored
FOR009.DAT Region 31 z=45000.0  4 tracks,  0 unsupported particles ignored
FOR009.DAT Region 32 z=46500.0  4 tracks,  0 unsupported particles ignored
FOR009.DAT Region 33 z=48000.0  4 tracks,  0 unsupported particles ignored
FOR009.DAT Region 34 z=49500.0  4 tracks,  0 unsupported particles ignored
FOR009.DAT Region 35 z=51000.0  4 tracks,  0 unsupported particles ignored
FOR009.DAT Region 36 z=52500.0  4 tracks,  0 unsupported particles ignored
FOR009.DAT Region 37 z=54000.0  4 tracks,  0 unsupported particles ignored
FOR009.DAT Region 38 z=55500.0  4 tracks,  0 unsupported particles ignored
FOR009.DAT Region 39 z=57000.0  4 tracks,  0 unsupported particles ignored
FOR009.DAT Region 40 z=58500.0  4 tracks,  0 unsupported particles ignored
FOR009.DAT Region 41 z=60000.0  4 tracks,  0 unsupported particles ignored
FOR009.DAT Region 42 z=61500.0  4 tracks,  0 unsupported particles ignored
FOR009.DAT Region 43 z=63000.0  4 tracks,  0 unsupported particles ignored
FOR009.DAT Region 44 z=64500.0  4 tracks,  0 unsupported particles ignored
FOR009.DAT Region 45 z=66000.0  4 tracks,  0 unsupported particles ignored
FOR009.DAT Region 46 z=67500.0  4 tracks,  0 unsupported particles ignored
FOR009.DAT Region 47 z=69000.0  4 tracks,  0 unsupported particles ignored
FOR009.DAT Region 48 z=70500.0  4 tracks,  0 unsupported particles ignored
FOR009.DAT Region 49 z=72000.0  4 tracks,  0 unsupported particles ignored
FOR009.DAT Region 50 z=73500.0  4 tracks,  0 unsupported particles ignored
FOR009.DAT Region 51 z=75000.0  4 tracks,  0 unsupported particles ignored
FOR009.DAT Region 52 z=76500.0  4 tracks,  0 unsupported particles ignored
FOR009.DAT Region 53 z=78000.0  4 tracks,  0 unsupported particles ignored
FOR009.DAT Region 54 z=79500.0  4 tracks,  0 unsupported particles ignored
FOR009.DAT Region 55 z=81000.0  4 tracks,  0 unsupported particles ignored
FOR009.DAT Region 56 z=82500.0  4 tracks,  0 unsupported particles ignored
FOR009.DAT Region 57 z=84000.0  4 tracks,  0 unsupported particles ignored
FOR009.DAT Region 58 z=85500.0  4 tracks,  0 unsupported particles ignored
FOR009.DAT Region 59 z=87000.0  4 tracks,  0 unsupported particles ignored
FOR009.DAT Region 60 z=88500.0  4 tracks,  0 unsupported particles ignored
FOR009.DAT Region 61 z=90000.0  4 tracks,  0 unsupported particles ignored
FOR009.DAT Region 62 z=91500.0  4 tracks,  0 unsupported particles ignored
FOR009.DAT Region 63 z=93000.0  4 tracks,  0 unsupported particles ignored
FOR009.DAT Region 64 z=94500.0  4 tracks,  0 unsupported particles ignored
FOR009.DAT Region 65 z=96000.0  4 tracks,  0 unsupported particles ignored
FOR009.DAT Region 66 z=97500.0  4 tracks,  0 unsupported particles ignored
NTuple wrote Root File 'g4beamline.root'

Exceptions: 1 Fatal, 0 Events Aborted, 0 Stuck Tracks (stopped), 230 Warnings
      1 times: Check number of field voxels
      1 times: EM Field Extends Outside World
     89 times: GeomVol1002
    139 times: Geometry Error
      1 times: Signal 15 received
g4beamline: simulation aborted

Stack Trace for signal 15:
0       0x5be2d9e48502  g4bl  (null) + 101029876368642
1       0x7d04b3a42520  libc.so.6  (null) + 137459147220256
2       0x7d04b576b78a  libm.so.6  (null) + 137459177797514
3       0x7d04b5703c55  libm.so.6  atan2f32x + 69
4       0x5be2d9dfb3ad  g4bl  (null) + 101029876052909
5       0x5be2d9da694f  g4bl  (null) + 101029875706191
6       0x5be2d9e21268  g4bl  (null) + 101029876208232
7       0x5be2d9e212ff  g4bl  (null) + 101029876208383
8       0x5be2dabb48dd  g4bl  (null) + 101029890443485
9       0x5be2dabbbab7  g4bl  (null) + 101029890472631
10      0x5be2dabbff7a  g4bl  (null) + 101029890490234
11      0x5be2dabc09c6  g4bl  (null) + 101029890492870
12      0x5be2dabc28d0  g4bl  (null) + 101029890500816
13      0x5be2dabebf03  g4bl  (null) + 101029890670339
14      0x5be2da5bb0d6  g4bl  (null) + 101029884178646
15      0x5be2da1b2535  g4bl  (null) + 101029879948597
16      0x5be2da1b0a08  g4bl  (null) + 101029879941640
17      0x5be2da1a7a33  g4bl  (null) + 101029879904819
18      0x5be2da131d7b  g4bl  (null) + 101029879422331
19      0x5be2d9e45871  g4bl  (null) + 101029876357233
20      0x5be2da0ec932  g4bl  (null) + 101029879138610
21      0x5be2d9e2b687  g4bl  (null) + 101029876250247
22      0x5be2d9c3fd60  g4bl  (null) + 101029874236768
23      0x7d04b3a29d90  libc.so.6  (null) + 137459147120016
24      0x7d04b3a29e40  libc.so.6  __libc_start_main + 128
25      0x5be2d9caf8d5  g4bl  (null) + 101029874694357

